site_id,name,region,osm,status_new,jp_levels,new_levels,jp_busbars,jp_busbars_inferred,new_busbar_nodes,new_busbar_sections,jp_switches_inferred,new_switches_observed,jp_transformers_ladder,new_transformers_observed,new_transformers_with_winding_kv,jp_ladder_pairs,new_observed_pairs,pairs,jp_terminals_vertex_shared,jp_terminals_polygon,jp_terminals_leadin,new_terminals_wired,new_terminals_footprint_only,new_terminals_line_joint,new_terminals_pass_through
chubu_site_0030e61e9e24,三屋変電所_2,chubu,w733856047,none,2,0,0,0,0,0,0,0,1,0,0,154/66,,no_observed,0,0,15,0,0,0,0
chubu_site_003fdec3e643,浦山発電所変電設備,chubu,w1131091371,lines_only,2,1,4,0,0,0,19,0,1,0,0,154/66,,no_observed,10,1,1,0,1,0,0
chubu_site_005a9600db66,小海町変電所,chubu,w133337470,none,1,0,0,0,0,0,0,0,0,0,0,,,no_observed,0,0,2,0,0,0,0
chubu_site_0110debde5c2,小舟変電所,chubu,w781540803,none,0,0,0,0,0,0,0,0,0,0,0,,,no_observed,0,0,0,0,0,0,0
chubu_site_013a2ea2724b,奥裾花地下発電所,chubu,n12777355201,none,0,0,0,0,0,0,0,0,0,0,0,,,no_observed,0,0,0,0,0,0,0
chubu_site_01509dfeb5e8,三ケ変電所,chubu,w980553729,lines_only,1,1,0,0,0,0,0,0,0,0,0,,,no_observed,0,1,0,0,1,0,0
chubu_site_0183a1fcef51,白川村変電所,chubu,w440218169,conductors_only,2,1,0,1,0,0,0,0,1,0,0,275/77,,no_observed,0,10,9,1,5,0,4
chubu_site_024f3ecddd5d,天竜区変電所_2,chubu,w884068126,none,1,0,0,1,0,0,3,0,0,0,0,,,no_observed,3,0,12,0,0,0,0
chubu_site_027c2182b746,金丸変電所,chubu,w316207193,partial,2,3,0,1,0,0,1,0,1,3,3,66/6,66/6,same,4,0,8,4,0,0,0
chubu_site_028a30155bc3,蒲原一丁目変電所_2,chubu,w619153670,lines_only,2,1,0,0,0,0,0,0,1,0,0,154/77,,no_observed,0,0,25,0,0,3,0
chubu_site_028d00fe3b6e,並榎町変電所,chubu,w967153243,none,0,0,0,0,0,0,0,0,0,0,0,,,no_observed,0,0,0,0,0,0,0
chubu_site_02cbec872f68,名古屋市交通局 浄心変電所,chubu,n13454936858,none,0,0,0,0,0,0,0,0,0,0,0,,,no_observed,0,0,0,0,0,0,0
chubu_site_0304c2d7afac,津市変電所_3,chubu,w734022469,lines_only,1,1,0,0,0,0,0,0,0,0,0,,,no_observed,0,1,6,0,1,0,0
chubu_site_035221f677cf,栄新町三丁目変電所,chubu,w595711203,none,0,0,0,0,0,0,0,0,0,0,0,,,no_observed,0,0,0,0,0,0,0
chubu_site_035be2b06fa3,若林町変電所,chubu,w768786458,none,0,0,0,0,0,0,0,0,0,0,0,,,no_observed,0,0,1,0,0,0,0
chubu_site_0376855d7303,国分変電所,chubu,w625182064,conductors_only,0,1,0,0,0,0,0,0,0,0,0,,,no_observed,0,1,1,0,0,0,2
chubu_site_038ae2f296e0,広畑変電所,chubu,w1410063914,lines_only,2,2,0,0,0,0,0,0,1,0,0,77/6,,no_observed,0,1,0,0,1,0,0
chubu_site_03bac2480927,山科変電所,chubu,w426749888,lines_only,0,1,0,0,0,0,0,0,0,0,0,,,no_observed,0,0,0,0,0,0,4
chubu_site_03cc16d1b490,中部電力パワーグリッド 日進変電所,chubu,w179417729,partial,3,4,2,1,2,2,2,2,2,0,0,275/154;154/77,,no_observed,3,4,4,0,7,0,6
chubu_site_03cefbe3645c,暁町変電所,chubu,w876390220,none,0,0,0,0,0,0,0,0,0,0,0,,,no_observed,0,0,0,0,0,0,0
chubu_site_04bca9d82ce9,糸魚川市変電所,chubu,w1088664712,lines_only,0,0,0,1,0,0,0,0,0,0,0,,,no_observed,0,2,3,0,0,0,0
chubu_site_065c77528dfa,蓑輪町変電所,chubu,w704115552,none,0,0,0,0,0,0,0,0,0,0,0,,,no_observed,0,0,0,0,0,0,0
chubu_site_06a2fed9ea8c,富田変電所,chubu,w253859737,lines_only,1,1,0,1,0,0,0,0,0,0,0,,,no_observed,0,3,0,0,3,0,2
chubu_site_0707dc9d9ddd,三国町三国東四丁目変電所,chubu,w316256344,lines_only,2,2,0,0,0,0,0,0,1,0,0,77/66,,no_observed,0,1,0,0,1,0,0
chubu_site_070bbd41c92d,地蔵山変電所,chubu,w1196865055,lines_only,1,0,0,0,0,0,0,0,0,0,0,,,no_observed,0,1,4,0,0,0,0
chubu_site_07306f9ef6eb,八尾町滅鬼変電所,chubu,w1025730743,lines_only,1,1,0,1,0,0,0,0,0,0,0,,,no_observed,0,2,4,0,2,0,0
chubu_site_07469668e65f,旭町変電所_2,chubu,w1463461952,lines_only,0,1,0,0,0,0,0,0,0,0,0,,,no_observed,0,0,0,0,0,0,2
chubu_site_075e3c1237c5,奥野々変電所,chubu,w618344841,layout_only,2,3,0,1,0,0,0,0,1,2,2,275/154,275/154,same,0,4,7,0,4,0,0
chubu_site_078e02d8b708,寛政変電所,chubu,w177422735,conductors_only,2,4,0,3,0,0,0,0,1,0,0,154/77,,no_observed,0,14,11,2,1,0,2
chubu_site_07c3255057d7,岩内町変電所,chubu,w1028271007,lines_only,0,1,0,0,0,0,0,0,0,0,0,,,no_observed,0,0,0,0,0,0,2
chubu_site_07ca1c3bf612,起変電所,chubu,w79092267,lines_only,0,0,0,0,0,0,0,0,0,0,0,,,no_observed,0,1,2,0,0,0,0
chubu_site_080a4e6fe2fe,上油井変電所,chubu,w371419032,layout_only,0,0,0,0,0,0,0,0,0,2,0,,,no_observed,0,0,0,0,0,0,0
chubu_site_081f8b3758cb,松尾変電所,chubu,w680564202,none,0,0,0,0,0,0,0,0,0,0,0,,,no_observed,0,0,2,0,0,0,0
chubu_site_0913bd5e20f5,袋井変電所,chubu,w1193930381,lines_only,0,0,0,0,0,0,0,0,0,0,0,,,no_observed,0,1,0,0,0,0,0
chubu_site_09343f41e2a0,菰原変電所,chubu,w1256747146,partial,2,3,0,1,0,0,1,0,1,3,3,66/6,66/6,same,3,0,0,1,0,0,0
chubu_site_0983dae12594,旭ケ丘町変電所,chubu,w370376301,none,0,0,0,0,0,0,0,0,0,0,0,,,no_observed,0,0,0,0,0,0,0
chubu_site_09a8f85bc7c8,天川変電所,chubu,w323935789,lines_only,1,1,0,1,0,0,0,0,0,0,0,,,no_observed,0,2,6,0,2,0,0
chubu_site_09ba2e6aba4a,JR東海身延変電所,chubu,w1372648934,conductors_only,0,0,0,1,0,0,0,0,0,0,0,,,no_observed,0,2,3,0,0,0,0
chubu_site_0a175b9cc8b0,北岐阜変電所 (Kita Gifu Hendensho),chubu,w190748953,partial,2,3,0,0,0,0,0,0,1,1,1,154/77,154/77,same,0,2,0,2,0,0,0
chubu_site_0ac9ec83f9ed,新池変電所,chubu,w1196865077,lines_only,0,0,0,0,0,0,0,0,0,0,0,,,no_observed,0,1,0,0,0,0,0
chubu_site_0b196b1052d4,函南町変電所,chubu,w202034646,lines_only,0,1,0,0,0,0,0,0,0,0,0,,,no_observed,0,0,0,0,0,0,2
chubu_site_0b3c06658d48,黒部市変電所,chubu,w592280144,none,0,0,0,0,0,0,0,0,0,0,0,,,no_observed,0,0,0,0,0,0,0
chubu_site_0b674258a4e2,花沢変電所,chubu,w831736161,none,1,0,0,0,0,0,0,0,0,0,0,,,no_observed,0,0,1,0,0,0,0
chubu_site_0bb01c8e2e01,西名古屋変電所,chubu,w170793702,lines_only,3,2,0,1,0,0,0,0,2,0,0,275/154;154/77,,no_observed,0,4,4,0,4,0,0
chubu_site_0c1488447ba9,日陰変電所,chubu,w679348726,none,0,0,0,0,0,0,0,0,0,0,0,,,no_observed,0,0,1,0,0,0,0
chubu_site_0cacc5c02ef8,東近江開閉所,chubu,w170589736,conductors_only,1,2,1,0,1,7,0,0,0,0,0,,,no_observed,8,0,12,8,0,0,0
chubu_site_0cad5b5ae5ab,城東変電所,chubu,w58622306,lines_only,1,1,0,0,0,0,0,0,0,0,0,,,no_observed,0,2,1,0,1,0,0
chubu_site_0ce46f2fe44f,鯉ヶ平変電所,chubu,w1429460522,lines_only,2,2,0,0,0,0,0,0,1,0,0,77/6,,no_observed,0,0,2,0,0,2,0
chubu_site_0ced89e3740c,三橋一丁目変電所,chubu,w580510652,none,1,0,0,0,0,0,0,0,0,0,0,,,no_observed,0,0,2,0,0,0,0
chubu_site_0d49ade19607,東春近変電所,chubu,w807988226,lines_only,0,0,0,0,0,0,0,0,0,0,0,,,no_observed,0,1,1,0,0,0,0
chubu_site_0d52b640f4c7,北橘町分郷八崎変電所,chubu,w721534182,conductors_only,2,2,0,1,0,0,0,0,1,0,0,154/66,,no_observed,0,5,2,0,1,0,0
chubu_site_0d7aa9bf5d4e,長坂変電所,chubu,w1197746164,conductors_only,1,1,0,1,0,0,0,0,0,0,0,,,no_observed,0,2,8,2,0,0,0
chubu_site_0d9d9765ab94,名栗変電所,chubu,w882009006,lines_only,1,1,0,0,0,0,0,0,0,0,0,,,no_observed,0,1,1,0,1,0,0
chubu_site_0da893c9ea39,東部変電所,chubu,w169122898,mapped,2,3,7,0,2,7,17,0,1,4,4,500/275,500/275,same,16,8,21,15,1,0,4
chubu_site_0e7526eddc6e,灰雨変電所,chubu,w659266311,lines_only,0,0,0,0,0,0,0,0,0,0,0,,,no_observed,0,1,0,0,0,0,0
chubu_site_0e8c0f818db3,日下部東町二丁目変電所,chubu,w1263428446,lines_only,0,0,0,0,0,0,0,0,0,0,0,,,no_observed,0,0,0,0,0,0,0
chubu_site_0ed1c6abceb4,平沢変電所,chubu,w738559322,lines_only,1,1,0,0,0,0,0,0,0,0,0,,,no_observed,0,1,3,0,1,0,0
chubu_site_0ee90f10af44,中之条変電所,chubu,w1084983567,lines_only,1,1,0,1,0,0,0,0,0,0,0,,,no_observed,0,2,9,0,2,0,0
chubu_site_0ef2a0339fa6,甲賀変電所,chubu,w190734269,partial,2,3,1,1,1,1,0,0,1,3,0,275/77,,no_observed,2,12,17,0,2,0,0
chubu_site_0f4a463a3c37,北方開閉所 (Kitakata Kaiheisho),chubu,w192508457,conductors_only,1,1,2,0,1,2,6,0,0,0,0,,,no_observed,8,0,15,6,0,0,0
chubu_site_0f670f9ba741,奥秩父変電所,chubu,w73851272,mapped,3,3,4,0,2,4,19,0,2,4,4,154/66;66/33,154/66,partial,10,0,26,6,1,0,2
chubu_site_0fbd0d44428b,二塚変電所,chubu,w980531089,lines_only,1,1,2,0,0,0,6,0,0,0,0,,,no_observed,4,1,3,0,1,0,0
chubu_site_0feba8f6b19e,JR東海 新高塚変電所,chubu,w192380155,none,3,0,0,0,0,0,0,0,2,0,0,154/77;77/25,,no_observed,0,0,10,0,0,0,0
chubu_site_1006ba403f09,安曇野市変電所_3,chubu,w317287910,lines_only,1,1,0,0,0,0,0,0,0,0,0,,,no_observed,0,0,1,0,0,0,2
chubu_site_11076c4a6377,酒折変電所,chubu,w443376052,lines_only,2,1,0,0,0,0,0,0,1,0,0,66/1,,no_observed,0,2,1,0,1,0,0
chubu_site_1120a9d6beb0,駿遠変電所,chubu,w210090094,partial,4,2,9,0,11,21,37,12,3,4,4,500/275;275/154;154/77,500/275,partial,30,12,42,6,0,0,2
chubu_site_112200b3bab2,八代田変電所,chubu,w409626465,lines_only,2,1,0,0,0,0,0,0,1,0,0,66/6,,no_observed,0,1,3,0,1,0,0
chubu_site_112e61455f43,山県市変電所_2,chubu,w587609997,none,0,0,0,0,0,0,0,0,0,0,0,,,no_observed,0,0,0,0,0,0,0
chubu_site_113fbc2dc8bc,豊明変電所,chubu,w498039675,lines_only,2,1,0,0,0,0,0,0,1,0,0,154/77,,no_observed,0,1,4,0,1,0,0
chubu_site_114eef48c18b,大岩町変電所,chubu,w423049710,lines_only,1,1,0,0,0,0,0,0,0,0,0,,,no_observed,0,1,0,0,1,0,0
chubu_site_1172338ab5f4,新前橋町変電所,chubu,w126785564,none,0,0,0,0,0,0,0,0,0,0,0,,,no_observed,0,0,0,0,0,0,0
chubu_site_11dcd1a60c30,稲荷町三丁目変電所,chubu,w538740759,none,1,0,0,0,0,0,0,0,0,0,0,,,no_observed,0,0,0,0,0,0,0
chubu_site_12054f1aeddf,賀茂町変電所,chubu,w968760683,lines_only,0,0,0,0,0,0,0,0,0,0,0,,,no_observed,0,1,0,0,0,0,0
chubu_site_1238fbab6dbd,中須変電所,chubu,w708386348,none,0,0,0,0,0,0,0,0,0,0,0,,,no_observed,0,0,0,0,0,0,0
chubu_site_125c26fe1eea,中野台二丁目変電所,chubu,w618344799,lines_only,0,0,0,0,0,0,0,0,0,0,0,,,no_observed,0,1,0,0,0,0,0
chubu_site_12843bf7fe58,薄根変電所,chubu,w519055292,lines_only,1,1,0,1,0,0,0,0,0,0,0,,,no_observed,0,2,4,0,2,0,0
chubu_site_13218c5d61d7,楠町変電所,chubu,w211926655,conductors_only,1,2,0,1,0,0,0,0,0,0,0,,,no_observed,0,4,12,2,0,0,2
chubu_site_137e21346da3,新三河変電所,chubu,w170247312,conductors_only,2,3,0,2,0,0,0,0,1,0,0,500/275,,no_observed,0,6,5,0,3,0,4
chubu_site_1474cac61671,駿河区変電所_2,chubu,w146631662,none,0,0,0,0,0,0,0,0,0,0,0,,,no_observed,0,0,0,0,0,0,0
chubu_site_14902c3aefe3,新鈴鹿変電所,chubu,w256765107,partial,2,2,3,0,5,7,3,21,1,3,1,275/77,275/77,same,6,0,0,0,0,0,0
chubu_site_149666d476ac,池田変電所,chubu,w495154380,lines_only,0,0,0,0,0,0,0,0,0,0,0,,,no_observed,0,1,0,0,0,0,0
chubu_site_15b5e8af20ad,下屋二丁目変電所,chubu,w1332617450,none,0,0,0,0,0,0,0,0,0,0,0,,,no_observed,0,0,0,0,0,0,0
chubu_site_15bb0bc82742,飛驒市変電所,chubu,w1239633365,conductors_only,1,1,2,0,1,2,6,0,0,0,0,,,no_observed,4,0,6,3,0,0,0
chubu_site_15eaedc97146,夏秋変電所,chubu,w434862947,lines_only,1,1,0,1,0,0,0,0,0,0,0,,,no_observed,0,2,3,0,0,2,0
chubu_site_1603bc8ae4d2,東小俣変電所,chubu,w1025730659,lines_only,1,1,0,1,0,0,0,0,0,0,0,,,no_observed,0,2,9,0,2,0,0
chubu_site_1612aa9eb642,,chubu,w1534241807,none,1,0,0,0,0,0,0,0,0,0,0,,,no_observed,0,0,5,0,0,0,0
chubu_site_1627746a51c5,羽栗変電所,chubu,w1216411701,lines_only,2,2,0,0,0,0,0,0,1,0,0,77/6,,no_observed,0,2,1,0,1,0,0
chubu_site_1680885461a0,大町市変電所_3,chubu,w492079867,lines_only,0,0,0,1,0,0,0,0,0,0,0,,,no_observed,0,2,0,0,0,0,0
chubu_site_16aa66ef65d9,新榛名,chubu,w169963227,mapped,2,2,2,1,1,2,8,6,1,2,2,500/275,500/275,same,6,0,9,6,0,0,0
chubu_site_16c5da0b929f,太田変電所_4,chubu,w980918085,lines_only,0,0,0,0,0,0,0,0,0,0,0,,,no_observed,0,1,0,0,0,0,0
chubu_site_16d85a06597c,JR東海 高塚変電所浜松電力区,chubu,w772152982,lines_only,2,0,0,0,0,0,0,0,1,0,0,154/77,,no_observed,0,1,6,0,0,0,0
chubu_site_1726727ccdf7,福岡変電所,chubu,w980565642,lines_only,1,1,0,0,0,0,0,0,0,0,0,,,no_observed,0,1,0,0,1,0,0
chubu_site_175539fe3dee,名古屋市交通局 前津電気事務所,chubu,w1221684068,none,0,0,0,0,0,0,0,0,0,0,0,,,no_observed,0,0,0,0,0,0,0
chubu_site_17579962b339,長深変電所,chubu,w639434722,lines_only,0,0,0,0,0,0,0,0,0,0,0,,,no_observed,0,0,7,0,0,0,0
chubu_site_17649ea731e7,原子変電所,chubu,w455072602,conductors_only,1,1,0,1,0,0,0,0,0,0,0,,,no_observed,0,2,5,0,0,0,2
chubu_site_17a60dabc424,久屋変電所,chubu,w231785269,none,0,0,0,0,0,0,0,0,0,0,0,,,no_observed,0,0,0,0,0,0,0
chubu_site_17e2b2c67c26,最勝講変電所,chubu,w315608216,mapped,2,2,4,0,2,4,22,0,1,4,4,154/66,154/66,same,14,9,15,11,0,0,0
chubu_site_1835dd585c37,庄内変電所,chubu,w192392077,lines_only,0,0,0,0,0,0,0,0,0,0,0,,,no_observed,0,1,0,0,0,0,0
chubu_site_18de3e4b8521,窪田変電所,chubu,w661362128,none,0,0,0,0,0,0,0,0,0,0,0,,,no_observed,0,0,0,0,0,0,0
chubu_site_18dfdf405cd9,中滝変電所_2,chubu,w967026872,lines_only,1,2,0,0,0,0,0,0,0,0,0,,,no_observed,0,1,18,0,1,0,0
chubu_site_18edef0fddb1,中部電力 三ケ日変電所,chubu,w417813154,layout_only,0,0,0,0,0,0,0,0,0,1,0,,,no_observed,0,1,0,0,0,0,0
chubu_site_1919ba285401,長浜変電所,chubu,w42342787,lines_only,1,1,0,0,0,0,0,0,0,0,0,,,no_observed,0,1,1,0,1,0,0
chubu_site_194ca0370c5d,依佐美変電所,chubu,w210090098,conductors_only,1,3,0,1,0,0,0,0,0,0,0,,,no_observed,0,11,17,0,3,0,0
chubu_site_196f1bb04bb1,新富山変電所,chubu,w524393243,conductors_only,2,2,2,1,2,2,0,0,1,0,0,275/154,,no_observed,0,20,16,3,8,0,0
chubu_site_197a245ec363,500 kV switching station,chubu,w643172775,partial,3,2,2,1,2,2,1,0,2,1,0,500/275;275/77,,no_observed,15,20,57,2,0,0,0
chubu_site_19a3892cb543,加賀変電所,chubu,w256682313,partial,3,4,3,1,2,6,18,0,2,5,5,500/275;275/154,500/275;275/154,same,16,0,19,6,0,0,0
chubu_site_19f6989c39c1,中部電力パワーグリッド株式会社 高塚変電所,chubu,w771316104,lines_only,2,2,0,0,0,0,0,0,1,0,0,154/77,,no_observed,0,3,7,0,3,0,0
chubu_site_1ad790ab9833,南郷変電所,chubu,w409537771,none,1,0,0,0,0,0,0,0,0,0,0,,,no_observed,0,0,4,0,0,0,0
chubu_site_1ae8097d7547,花沢町二丁目変電所,chubu,w1222001891,lines_only,0,0,0,0,0,0,0,0,0,0,0,,,no_observed,0,0,5,0,0,0,0
chubu_site_1ae8cd65d7fa,森本変電所,chubu,w1410063909,lines_only,2,2,0,1,0,0,0,0,1,0,0,77/6,,no_observed,0,2,0,0,0,2,0
chubu_site_1aeb3604b4c4,小松変電所,chubu,w316250983,conductors_only,2,3,0,1,0,0,0,0,1,0,0,77/6,,no_observed,0,4,6,0,3,0,0
chubu_site_1af9219faa6f,春江町為国幸変電所,chubu,w315810780,partial,2,3,1,0,1,1,3,2,1,3,3,77/6,77/6,same,2,0,3,2,0,0,0
chubu_site_1b9536a55619,十六町変電所,chubu,w1180366829,lines_only,0,0,0,0,0,0,0,0,0,0,0,,,no_observed,0,1,0,0,0,0,0
chubu_site_1b9d6299af80,呉羽変電所,chubu,w538372202,lines_only,3,3,3,0,0,0,21,0,2,0,0,154/66;66/1,,no_observed,17,2,4,0,2,0,0
chubu_site_1ba9aa09c79f,下津具変電所,chubu,w518915642,lines_only,0,0,0,0,0,0,0,0,0,0,0,,,no_observed,0,1,0,0,0,0,0
chubu_site_1bd0092e3ca8,上野原変電所,chubu,w1220983790,none,1,0,0,0,0,0,0,0,0,0,0,,,no_observed,0,0,6,0,0,0,0
chubu_site_1be0604da17e,富山変電所,chubu,w320536918,partial,2,5,3,0,2,6,21,0,1,4,4,154/66,154/66;66/6,contradicts,17,0,26,5,8,0,2
chubu_site_1bef9f9dc1ea,北町変電所,chubu,w583735863,conductors_only,0,0,0,1,0,0,0,0,0,0,0,,,no_observed,0,7,3,0,0,0,0
chubu_site_1c9d8d640dd9,中部電力八帖変電所,chubu,w479972224,lines_only,1,1,0,0,0,0,0,0,0,0,0,,,no_observed,0,2,3,0,1,0,0
chubu_site_1cbf115f720e,野田変電所,chubu,w428433801,lines_only,0,0,0,0,0,0,0,0,0,0,0,,,no_observed,0,1,0,0,0,0,0
chubu_site_1d3e180ff8ab,河田,chubu,w212423982,lines_only,1,1,0,0,0,0,0,0,0,0,0,,,no_observed,0,1,0,0,1,0,0
chubu_site_1d57f5ede31f,新所原変電所,chubu,w424229221,lines_only,1,1,0,0,0,0,0,0,0,0,0,,,no_observed,0,1,1,0,1,3,0
chubu_site_1d758aa1f0d4,大口町変電所_2,chubu,w185782057,lines_only,1,0,0,0,0,0,0,0,0,0,0,,,no_observed,0,1,4,0,0,0,0
chubu_site_1d7799a7578f,サイドタウン三丁目変電所,chubu,n7166214886,none,0,0,0,0,0,0,0,0,0,0,0,,,no_observed,0,0,0,0,0,0,0
chubu_site_1dabfcffc7c1,野洲市変電所,chubu,n7166214889,none,0,0,0,0,0,0,0,0,0,0,0,,,no_observed,0,0,0,0,0,0,0
chubu_site_1df068ed7edd,小海町変電所_3,chubu,w1086422157,lines_only,1,1,0,0,0,0,0,0,0,0,0,,,no_observed,0,1,0,0,1,0,0
chubu_site_1dff6e1e464d,丹生変電所,chubu,w1226195063,lines_only,2,2,0,2,0,0,0,0,1,0,0,154/77,,no_observed,0,8,14,0,8,0,0
chubu_site_1e12439ed788,伊香保変電所,chubu,w771569167,lines_only,1,1,0,1,0,0,0,0,0,0,0,,,no_observed,0,2,3,0,2,0,0
chubu_site_1e76a8c81d7b,吉原釜屋町変電所,chubu,w704229571,none,0,0,0,0,0,0,0,0,0,0,0,,,no_observed,0,0,0,0,0,0,0
chubu_site_1f1341cf5a88,米島変電所,chubu,w1256060802,lines_only,3,2,0,0,0,0,0,0,2,0,0,154/66;66/6,,no_observed,0,1,8,0,1,0,0
chubu_site_1f4dd3b972f3,色浜変電所_2,chubu,w1029010255,lines_only,2,2,0,1,0,0,0,0,1,0,0,500/275,,no_observed,0,2,9,0,2,0,0
chubu_site_1f790f9490dd,みなかみ町変電所_2,chubu,w518992995,none,1,0,0,0,0,0,1,0,0,0,0,,,no_observed,1,0,0,0,0,0,0
chubu_site_1fa40df366b4,浜町変電所_2,chubu,w1303839892,none,0,0,0,0,0,0,0,0,0,0,0,,,no_observed,0,0,1,0,0,0,0
chubu_site_1faa76330d34,大字御代田変電所,chubu,w677519698,none,1,0,0,0,0,0,0,0,0,0,0,,,no_observed,0,0,1,0,0,0,0
chubu_site_1fd817066167,中堀変電所,chubu,w1220176407,lines_only,2,2,0,0,0,0,0,0,1,0,0,66/6,,no_observed,0,1,0,0,1,0,0
chubu_site_2016da4fb378,庄中変電所,chubu,w980529794,lines_only,0,0,0,0,0,0,0,0,0,0,0,,,no_observed,0,1,0,0,0,0,0
chubu_site_20238a4cc30b,中部電力パワーグリッド（株）大須賀変電所,chubu,w434854920,layout_only,1,1,0,0,0,0,0,0,0,3,0,,,no_observed,0,2,3,0,1,0,2
chubu_site_203d67b0bacd,瀬古口変電所,chubu,w435256481,lines_only,1,1,0,0,0,0,0,0,0,0,0,,,no_observed,0,1,0,0,1,0,2
chubu_site_206b4c30ccc3,新町変電所,chubu,w610242325,conductors_only,1,2,0,0,0,0,0,0,0,0,0,,,no_observed,0,0,0,0,0,0,2
chubu_site_208260821734,愛知変電所,chubu,w170850727,mapped,2,3,1,1,1,1,0,0,1,3,3,500/275,500/275,same,6,16,12,8,0,0,16
chubu_site_20a37f5e5057,稲田四丁目変電所,chubu,w133676901,conductors_only,1,1,0,1,0,0,0,0,0,0,0,,,no_observed,0,15,13,3,5,0,0
chubu_site_20f56008d6ee,婦中町蛍川変電所,chubu,w1025730713,lines_only,1,1,0,0,0,0,0,0,0,0,0,,,no_observed,0,1,1,0,1,0,0
chubu_site_20f65a459dc9,山王町変電所,chubu,w256682332,partial,2,3,2,0,1,2,6,0,1,3,3,66/6,66/6,same,4,0,6,4,0,0,0
chubu_site_210935151df9,二川町変電所,chubu,w643181926,none,1,0,0,0,0,0,0,0,0,0,0,,,no_observed,0,0,3,0,0,0,0
chubu_site_211bd93e0d71,稲島東一丁目変電所,chubu,w1323446069,lines_only,0,0,0,0,0,0,0,0,0,0,0,,,no_observed,0,1,0,0,0,0,0
chubu_site_212c5d13e009,三重開閉所,chubu,w170568495,conductors_only,1,1,0,1,0,0,1,0,0,0,0,,,no_observed,6,0,9,6,0,0,0
chubu_site_213d2ef07c2d,山県市変電所,chubu,w190769051,conductors_only,1,1,0,1,0,0,1,0,0,0,0,,,no_observed,4,0,6,4,0,0,0
chubu_site_215ccf1f312e,沼津変電所,chubu,w378908422,conductors_only,1,2,1,0,1,1,0,0,0,0,0,,,no_observed,4,5,0,1,0,0,0
chubu_site_218091fadf27,飯田市変電所,chubu,w818424241,none,1,0,0,0,0,0,0,0,0,0,0,,,no_observed,0,0,2,0,0,0,0
chubu_site_21a582a37899,川根本町変電所_3,chubu,w550124980,none,1,0,0,0,0,0,0,0,0,0,0,,,no_observed,0,0,2,0,0,0,0
chubu_site_222dcf8bf985,堀田変電所,chubu,w146011891,none,0,0,0,0,0,0,0,0,0,0,0,,,no_observed,0,0,0,0,0,0,0
chubu_site_227f9dcd6d79,磯部二丁目変電所,chubu,w619162151,lines_only,1,1,0,1,0,0,0,0,0,0,0,,,no_observed,0,2,22,0,2,0,0
chubu_site_2299a33537d8,東北電力ネットワーク,chubu,w1418222235,none,0,0,0,0,0,0,0,0,0,0,0,,,no_observed,0,0,0,0,0,0,0
chubu_site_22f052054c5b,大字湖南変電所,chubu,w288222766,none,1,0,0,0,0,0,0,0,0,0,0,,,no_observed,0,0,2,0,0,0,0
chubu_site_236bc96ed17e,滝沢発電所変電設備,chubu,w1131080677,lines_only,2,1,0,0,0,0,0,0,1,0,0,66/33,,no_observed,0,1,3,0,1,0,0
chubu_site_2392633f91ee,下吉江変電所,chubu,w1028287118,lines_only,1,1,0,0,0,0,0,0,0,0,0,,,no_observed,0,1,0,0,0,3,6
chubu_site_23bfa4b1a3c4,加茂野町鷹之巣変電所,chubu,w374631951,layout_only,0,0,0,0,0,0,0,0,0,2,0,,,no_observed,0,1,0,0,0,0,0
chubu_site_24e8d07c971c,中原変電所,chubu,w911441130,lines_only,1,0,0,0,0,0,0,0,0,0,0,,,no_observed,0,0,3,0,0,0,0
chubu_site_24f00edfe773,大松町二丁目変電所,chubu,w1116458723,lines_only,0,0,0,0,0,0,0,0,0,0,0,,,no_observed,0,1,2,0,0,0,0
chubu_site_2517150a5652,伊東市変電所,chubu,w409553031,none,1,0,0,0,0,0,0,0,0,0,0,,,no_observed,0,0,1,0,0,0,0
chubu_site_254f6dcdf815,瑞穂変電所,chubu,w546828329,lines_only,0,0,0,0,0,0,0,0,0,0,0,,,no_observed,0,1,1,0,0,0,0
chubu_site_2550c8e3f5ce,小坂町小坂町変電所,chubu,w210658643,lines_only,1,1,0,0,0,0,0,0,0,0,0,,,no_observed,0,2,1,0,1,0,0
chubu_site_25cb6e2cba88,稲永五丁目変電所,chubu,w1274899209,none,0,0,0,0,0,0,0,0,0,0,0,,,no_observed,0,0,0,0,0,0,0
chubu_site_25d5e9148252,牟呂変電所,chubu,w428382562,lines_only,0,0,0,0,0,0,0,0,0,0,0,,,no_observed,0,1,0,0,0,0,0
chubu_site_25dfddeca66d,東日本旅客鉄道新箕郷変電所,chubu,w848771201,lines_only,3,2,0,1,0,0,0,0,2,0,0,500/275;275/25,,no_observed,0,2,6,0,2,0,0
chubu_site_25e92039cb02,古井町変電所,chubu,w501250796,none,2,0,0,0,0,0,0,0,1,0,0,154/25,,no_observed,0,0,5,0,0,0,0
chubu_site_2605f77247e0,中部電力パワーグリッド 川中島変電所,chubu,w134174459,layout_only,1,1,0,0,0,0,0,0,0,2,0,,,no_observed,0,2,0,0,1,0,0
chubu_site_2626fb0212c7,鉢形変電所,chubu,w1131365106,conductors_only,1,1,0,1,0,0,0,0,0,0,0,,,no_observed,0,5,1,1,0,0,0
chubu_site_26361f420e1b,福江変電所,chubu,w422875114,lines_only,0,0,0,1,0,0,0,0,0,0,0,,,no_observed,0,2,0,0,0,0,0
chubu_site_266ba5a9f47b,信楽変電所,chubu,w1088315180,none,1,0,0,0,0,0,0,0,0,0,0,,,no_observed,0,0,1,0,0,0,0
chubu_site_26a52fd4415d,駒ヶ根変電所,chubu,w288222748,partial,2,3,0,1,0,0,2,0,1,4,0,154/77,,no_observed,2,1,9,2,1,0,2
chubu_site_27b9588856f2,平戸橋町変電所,chubu,w1347960549,lines_only,0,0,0,1,0,0,0,0,0,0,0,,,no_observed,0,3,0,0,0,0,0
chubu_site_282818d46831,植田変電所,chubu,w416863796,conductors_only,2,2,0,2,0,0,0,0,1,0,0,154/77,,no_observed,0,6,9,1,3,0,6
chubu_site_2896de959b6e,中越一丁目変電所,chubu,n3627668205,none,0,0,0,0,0,0,0,0,0,0,0,,,no_observed,0,0,0,0,0,0,0
chubu_site_28a5470e447f,南魚沼変電所,chubu,w319175832,lines_only,1,1,0,0,0,0,0,0,0,0,0,,,no_observed,0,1,0,0,1,0,0
chubu_site_28d3413ce904,木曽町変電所_3,chubu,w1084131630,none,0,0,0,0,0,0,0,0,0,0,0,,,no_observed,0,0,3,0,0,0,0
chubu_site_28f859254d3c,沼津変電所,chubu,w1411808319,none,1,0,1,0,0,0,0,0,0,0,0,,,no_observed,4,0,5,0,0,0,0
chubu_site_293fb3dac45f,揖斐川町変電所,chubu,w643358910,none,0,0,0,0,0,0,0,0,0,0,0,,,no_observed,0,0,1,0,0,0,0
chubu_site_29da9c287ccf,大東町変電所,chubu,w432980827,none,0,0,0,0,0,0,0,0,0,0,0,,,no_observed,0,0,2,0,0,0,0
chubu_site_2a11c4d2f67b,野中変電所,chubu,w323213678,conductors_only,1,1,0,1,0,0,1,0,0,0,0,,,no_observed,1,15,5,4,0,0,2
chubu_site_2a17faf18dc2,今津変電所,chubu,w775847778,conductors_only,1,2,0,1,0,0,0,0,0,0,0,,,no_observed,0,4,3,0,0,2,2
chubu_site_2a1ca5d8e568,安曇野市変電所_5,chubu,w496248182,lines_only,1,0,0,0,0,0,0,0,0,0,0,,,no_observed,0,1,5,0,0,0,0
chubu_site_2a5aee999677,西金沢変電所,chubu,w316250979,lines_only,2,2,0,1,0,0,0,0,1,0,0,77/6,,no_observed,0,4,6,0,4,0,0
chubu_site_2a74904fab8e,松島変電所,chubu,w211037499,lines_only,2,3,0,1,0,0,1,0,1,0,0,154/77,,no_observed,1,5,3,0,5,0,0
chubu_site_2a78c8a80b63,伊豆山変電所,chubu,w409626462,lines_only,1,1,0,0,0,0,0,0,0,0,0,,,no_observed,0,1,0,0,1,0,0
chubu_site_2aa71178f642,牛ケ増変電所,chubu,w369433298,lines_only,1,1,0,1,0,0,0,0,0,0,0,,,no_observed,0,2,3,0,2,0,0
chubu_site_2ad6c4d151d9,鵜沼各務原町五丁目変電所,chubu,w371544285,none,0,0,0,0,0,0,0,0,0,0,0,,,no_observed,0,0,1,0,0,0,0
chubu_site_2ada105c2703,中央二丁目変電所,chubu,w212039847,lines_only,0,0,0,0,0,0,0,0,0,0,0,,,no_observed,0,1,1,0,0,0,0
chubu_site_2afc9f873e61,一丁目変電所,chubu,n1867629265,none,1,0,0,0,0,0,0,0,0,0,0,,,no_observed,0,1,3,0,0,0,0
chubu_site_2b0d3ad905dc,越前変電所,chubu,w315618377,lines_only,2,4,0,2,0,0,0,0,1,0,0,500/275,,no_observed,0,4,0,0,4,0,0
chubu_site_2b2687447bec,福岡町小伊勢領変電所,chubu,w642335992,mapped,2,2,5,0,2,4,23,0,1,4,4,154/66,154/66,same,14,20,5,4,0,0,0
chubu_site_2b31eecbffa6,南柴田町変電所,chubu,w869785344,none,1,0,0,0,0,0,0,0,0,0,0,,,no_observed,0,0,3,0,0,0,0
chubu_site_2b36ad296c69,二ツ橋変電所,chubu,n5695603366,none,0,0,0,0,0,0,0,0,0,0,0,,,no_observed,0,0,0,0,0,0,0
chubu_site_2b4c104f480e,鎌倉町変電所_2,chubu,w265614288,none,0,0,0,0,0,0,0,0,0,0,0,,,no_observed,0,0,0,0,0,0,0
chubu_site_2b59c0bfd345,西尾市変電所,chubu,w512833770,lines_only,0,0,0,0,0,0,0,0,0,0,0,,,no_observed,0,1,0,0,0,0,0
chubu_site_2b9d7a1d6cee,須川変電所,chubu,w319180448,lines_only,1,1,0,1,0,0,0,0,0,0,0,,,no_observed,0,2,1,0,2,0,0
chubu_site_2c0b4630b298,小山町変電所,chubu,w733856035,lines_only,3,1,4,0,0,0,4,0,2,0,0,500/275;275/154,,no_observed,5,1,6,0,1,0,0
chubu_site_2c1944373eb2,八乙女変電所,chubu,w991943565,none,0,0,0,0,0,0,0,0,0,0,0,,,no_observed,0,0,7,0,0,0,0
chubu_site_2c553e6fce7c,向山変電所,chubu,w422974406,partial,1,1,0,1,0,0,0,0,0,3,0,,,no_observed,0,7,0,0,1,0,2
chubu_site_2c6f932733cc,木曽町変電所_2,chubu,w738566971,lines_only,1,1,0,1,0,0,0,0,0,0,0,,,no_observed,0,3,0,0,3,0,0
chubu_site_2c93b3fa06b6,美旗町中一番変電所,chubu,w435209012,none,0,0,0,0,0,0,0,0,0,0,0,,,no_observed,0,0,0,0,0,0,0
chubu_site_2ce584c6a78d,祖父江町大牧変電所,chubu,w1313771682,lines_only,0,0,0,1,0,0,0,0,0,0,0,,,no_observed,0,2,0,0,0,0,0
chubu_site_2d843c7ec3f2,西築港変電所,chubu,w409555128,lines_only,2,2,0,0,0,0,0,0,1,0,0,77/6,,no_observed,0,1,0,0,1,0,0
chubu_site_2d87003de9e6,豊川変電所,chubu,w425465655,conductors_only,3,3,0,1,0,0,0,0,2,0,0,77/33;33/6,,no_observed,0,9,1,1,0,0,0
chubu_site_2e062b83a790,岸岡町変電所,chubu,w184582887,none,0,0,0,0,0,0,0,0,0,0,0,,,no_observed,0,0,0,0,0,0,0
chubu_site_2e11a3456051,国府変電所,chubu,w258901533,none,0,0,0,0,0,0,0,0,0,0,0,,,no_observed,0,0,1,0,0,0,0
chubu_site_2e255b921de7,松岡,chubu,w188498180,partial,3,3,6,1,2,6,21,8,2,2,2,154/77;77/66,154/77,partial,18,10,18,13,3,0,0
chubu_site_2eb0dbcbc6e6,西大室町変電所,chubu,w1080221004,lines_only,1,1,0,0,0,0,0,0,0,0,0,,,no_observed,0,0,3,0,0,0,2
chubu_site_2eb3a3130e92,昭電秩父変電所,chubu,w887953433,lines_only,1,1,0,1,0,0,0,0,0,0,0,,,no_observed,0,3,4,0,3,0,0
chubu_site_2f55548a3cd7,更埴八幡変電所,chubu,w679348607,none,0,0,0,0,0,0,0,0,0,0,0,,,no_observed,0,0,1,0,0,0,0
chubu_site_3007b5e5960e,朝日町変電所,chubu,w598792840,conductors_only,1,1,2,0,1,2,6,0,0,0,0,,,no_observed,6,0,4,3,0,0,0
chubu_site_301712928202,亀山変電所,chubu,w618344838,lines_only,1,1,0,1,0,0,0,0,0,0,0,,,no_observed,0,2,0,0,2,0,0
chubu_site_30316ace5ec0,高浜変電所,chubu,w520113427,lines_only,1,1,0,0,0,0,0,0,0,0,0,,,no_observed,0,1,3,0,1,0,0
chubu_site_305627b98ca9,吉良町富好新田変電所,chubu,w568633089,none,0,0,0,0,0,0,0,0,0,0,0,,,no_observed,0,0,0,0,0,0,0
chubu_site_30cbb1445b75,新磐田変電所,chubu,w427119069,lines_only,0,0,0,0,0,0,0,0,0,0,0,,,no_observed,0,1,1,0,0,0,0
chubu_site_30f7915c9b1f,熱海変電所,chubu,w200692300,lines_only,1,1,0,0,0,0,0,0,0,0,0,,,no_observed,0,1,0,0,1,0,0
chubu_site_31507bbfca2a,海部開閉所,chubu,w262597734,lines_only,2,3,0,1,0,0,0,0,1,0,0,275/154,,no_observed,0,3,0,0,1,5,8
chubu_site_31684a3e9acf,湊変電所,chubu,w409537791,lines_only,1,1,0,0,0,0,0,0,0,0,0,,,no_observed,0,1,0,0,1,0,0
chubu_site_31d11e24b24f,群馬変電所,chubu,w126635652,conductors_only,2,2,0,2,0,0,0,0,1,0,0,154/66,,no_observed,0,25,16,2,5,0,0
chubu_site_3223eb40cb00,神田町変電所,chubu,w697063605,none,0,0,0,0,0,0,0,0,0,0,0,,,no_observed,0,0,0,0,0,0,0
chubu_site_324968d43eee,駒門一丁目変電所_2,chubu,w726559378,conductors_only,0,0,0,0,0,0,0,0,0,0,0,,,no_observed,0,1,3,0,0,0,0
chubu_site_324dcb8118dd,保渡田変電所,chubu,w971872998,conductors_only,1,1,0,1,0,0,0,0,0,0,0,,,no_observed,0,2,3,1,0,0,0
chubu_site_32790d568185,三福寺町変電所,chubu,w1256864660,lines_only,1,1,0,0,0,0,0,0,0,0,0,,,no_observed,0,0,8,0,0,0,0
chubu_site_32ab11ae74a4,春日西須ケ畑変電所,chubu,w1323901996,lines_only,0,0,0,0,0,0,0,0,0,0,0,,,no_observed,0,1,1,0,0,0,0
chubu_site_32bd9cc15d54,長坂変電所,chubu,w442984718,conductors_only,1,1,0,0,0,0,0,0,0,0,0,,,no_observed,0,1,8,2,0,0,0
chubu_site_32c47a8c240f,河内町きりの里変電所,chubu,w678800725,lines_only,1,1,0,0,0,0,0,0,0,0,0,,,no_observed,0,1,0,0,1,0,0
chubu_site_32f258779232,婦中町東本郷変電所,chubu,w1025730708,conductors_only,1,1,0,1,0,0,0,0,0,0,0,,,no_observed,0,5,22,1,0,0,0
chubu_site_3357746307d0,安茂里変電所,chubu,w134075121,none,0,0,0,0,0,0,0,0,0,0,0,,,no_observed,0,0,0,0,0,0,0
chubu_site_33976f35d947,子持変電所,chubu,w518992982,conductors_only,1,1,0,1,0,0,0,0,0,0,0,,,no_observed,0,2,4,2,0,0,0
chubu_site_33c5c2b6f885,三岳変電所,chubu,w210658651,lines_only,1,1,0,0,0,0,0,0,0,0,0,,,no_observed,0,1,0,0,0,0,0
chubu_site_33f3f61d3d16,中部電力 都筑変電所,chubu,w418165039,lines_only,0,0,0,0,0,0,0,0,0,0,0,,,no_observed,0,1,0,0,0,0,0
chubu_site_33f405733900,天野変電所,chubu,w1317812820,none,1,0,0,0,0,0,0,0,0,0,0,,,no_observed,0,0,1,0,0,0,0
chubu_site_345f9613b780,門島変電所,chubu,w680570705,lines_only,1,1,0,1,0,0,0,0,0,0,0,,,no_observed,0,2,4,0,2,0,0
chubu_site_34b862c0f6c4,能褒野町変電所,chubu,w618353111,none,0,0,0,0,0,0,0,0,0,0,0,,,no_observed,0,0,1,0,0,0,0
chubu_site_35173d922fc7,豊川変電所,chubu,w425495761,conductors_only,0,0,0,1,0,0,0,0,0,0,0,,,no_observed,0,2,2,0,0,0,0
chubu_site_354322d0cb8a,神野町変電所,chubu,w1483420521,none,0,0,0,0,0,0,0,0,0,0,0,,,no_observed,0,0,0,0,0,0,0
chubu_site_3546dfa0ea21,沼田変電所,chubu,w1083457088,conductors_only,1,1,0,1,0,0,0,0,0,0,0,,,no_observed,0,5,0,1,0,0,0
chubu_site_35999ce5616b,柳原変電所,chubu,w980933472,lines_only,0,0,0,0,0,0,0,0,0,0,0,,,no_observed,0,1,1,0,0,0,0
chubu_site_362a3df5d503,南起変電所,chubu,w1303830152,lines_only,0,0,0,1,0,0,0,0,0,0,0,,,no_observed,0,2,0,0,0,0,0
chubu_site_365cad16655c,伊賀市変電所,chubu,w435300359,lines_only,1,0,0,0,0,0,0,0,0,0,0,,,no_observed,0,1,2,0,0,0,0
chubu_site_3667d8faf1ee,春野町領家変電所,chubu,w618344805,lines_only,1,1,0,0,0,0,0,0,0,0,0,,,no_observed,0,1,0,0,1,0,0
chubu_site_367c1f7d719d,中信変電所,chubu,w315662816,partial,3,3,5,0,3,6,3,4,2,5,5,275/154;154/77,275/154,partial,10,9,23,0,2,0,2
chubu_site_367db76b093d,新羽変電所,chubu,w738020212,none,0,0,0,0,0,0,0,0,0,0,0,,,no_observed,0,0,0,0,0,0,0
chubu_site_36a552cc7ae5,豊橋市変電所,chubu,w642365318,lines_only,0,0,0,0,0,0,0,0,0,0,0,,,no_observed,0,1,0,0,0,0,0
chubu_site_36b148460a09,廻間町変電所,chubu,w547399965,lines_only,0,0,0,0,0,0,0,0,0,0,0,,,no_observed,0,1,0,0,0,0,0
chubu_site_36bb654c87b1,苗ヶ島町変電所,chubu,w1083130586,lines_only,1,1,0,0,0,0,0,0,0,0,0,,,no_observed,0,1,0,0,1,0,2
chubu_site_36bf5792d871,大屋変電所,chubu,w614327630,lines_only,1,1,0,2,0,0,0,0,0,0,0,,,no_observed,0,5,0,0,3,0,0
chubu_site_36daeee9ee0e,南富山変電所,chubu,w1280953629,conductors_only,2,2,0,1,0,0,0,0,1,0,0,66/6,,no_observed,0,2,3,1,0,0,0
chubu_site_36fe56e3e7ed,梅木変電所,chubu,w409554834,lines_only,2,1,0,0,0,0,0,0,1,0,0,66/6,,no_observed,0,1,0,0,1,0,0
chubu_site_37044f6bbed2,佐久穂町変電所,chubu,w1086422162,lines_only,1,1,0,0,0,0,0,0,0,0,0,,,no_observed,0,1,1,0,1,0,0
chubu_site_371cd8cca3f9,松川村変電所,chubu,w492962556,lines_only,0,1,0,1,0,0,0,0,0,0,0,,,no_observed,0,2,1,0,0,0,2
chubu_site_37255462c412,西濃変電所,chubu,w161948515,partial,3,6,4,0,4,14,0,0,2,6,4,275/154;154/77,275/154;275/77,contradicts,6,1,0,2,3,0,4
chubu_site_376375c6ebb8,岩滑西町三丁目変電所,chubu,w242872953,lines_only,2,2,0,2,0,0,0,0,1,0,0,154/77,,no_observed,0,5,9,0,4,0,2
chubu_site_379de3a7710d,大協町二丁目変電所_2,chubu,w619265282,none,1,0,0,0,0,0,0,0,0,0,0,,,no_observed,0,0,1,0,0,0,0
chubu_site_380d67f63aaa,大野市変電所,chubu,w1136534572,none,0,0,0,1,0,0,0,0,0,0,0,,,no_observed,0,2,0,0,0,0,0
chubu_site_38fea29ebe06,秩父変電所,chubu,w315385219,conductors_only,1,1,0,1,0,0,0,0,0,0,0,,,no_observed,0,3,4,1,0,0,0
chubu_site_39621bd5656f,浜町変電所,chubu,w824637969,lines_only,0,0,0,0,0,0,0,0,0,0,0,,,no_observed,0,0,1,0,0,0,0
chubu_site_39878ecd0af3,大高変電所,chubu,w179417725,conductors_only,2,2,0,3,0,0,0,0,1,0,0,154/77,,no_observed,0,13,6,2,5,0,0
chubu_site_39df0ba7eec5,吉原町変電所,chubu,w622453244,none,1,0,0,0,0,0,0,0,0,0,0,,,no_observed,0,0,3,0,0,0,0
chubu_site_3a2a80982525,上ノ原変電所,chubu,w677532710,lines_only,2,1,2,0,0,0,1,0,1,0,0,275/77,,no_observed,15,1,66,0,1,0,0
chubu_site_3a4632912578,白州変電所,chubu,w1197746158,lines_only,1,1,0,0,0,0,0,0,0,0,0,,,no_observed,0,1,2,0,1,0,0
chubu_site_3a613b8ccbe7,荒土町松ヶ崎変電所,chubu,w1364020582,lines_only,0,0,0,0,0,0,0,0,0,0,0,,,no_observed,0,1,0,0,0,0,0
chubu_site_3a679ce54338,大町市変電所_8,chubu,w685201439,conductors_only,0,0,0,1,0,0,0,0,0,0,0,,,no_observed,0,2,0,0,0,0,0
chubu_site_3a78568f1adf,平岡変電所,chubu,w211148421,lines_only,1,2,0,1,0,0,0,0,0,0,0,,,no_observed,0,3,1,0,0,3,2
chubu_site_3a892d03b454,城端変電所,chubu,w256682325,lines_only,0,0,0,0,0,0,0,0,0,0,0,,,no_observed,0,1,0,0,0,0,0
chubu_site_3aa89b2f1ed3,土樽変電所,chubu,w1192727533,lines_only,2,2,0,0,0,0,0,0,1,0,0,66/1,,no_observed,0,1,0,0,1,0,0
chubu_site_3abd7787c32a,駒ヶ根市変電所,chubu,w807988239,none,0,0,0,0,0,0,0,0,0,0,0,,,no_observed,0,0,0,0,0,0,0
chubu_site_3adadabb7e93,石井町変電所,chubu,w824672658,none,0,0,0,0,0,0,0,0,0,0,0,,,no_observed,0,0,1,0,0,0,0
chubu_site_3ae156f138d8,新小松変電所,chubu,w316250984,conductors_only,3,5,0,3,0,0,0,0,2,0,0,154/77;77/66,,no_observed,0,10,8,0,6,0,2
chubu_site_3af660608d95,秩父変電所,chubu,w1131424808,lines_only,1,1,0,1,0,0,0,0,0,0,0,,,no_observed,0,2,3,0,2,0,0
chubu_site_3b241021008e,甲西変電所,chubu,w495570580,lines_only,1,1,0,0,0,0,0,0,0,0,0,,,no_observed,0,2,0,0,1,0,0
chubu_site_3bf7fd617fc6,小島変電所,chubu,w600378379,lines_only,0,0,0,1,0,0,0,0,0,0,0,,,no_observed,0,2,0,0,0,0,0
chubu_site_3c05bebb4a7e,長野市変電所,chubu,w134117848,conductors_only,1,1,0,1,0,0,0,0,0,0,0,,,no_observed,0,7,7,0,1,0,0
chubu_site_3c22985cee34,雨降野変電所,chubu,w1284143081,lines_only,1,0,0,0,0,0,0,0,0,0,0,,,no_observed,0,1,4,0,0,0,0
chubu_site_3c310a9bf1b0,浄心変電所,chubu,n13451872583,none,0,0,0,0,0,0,0,0,0,0,0,,,no_observed,0,0,0,0,0,0,0
chubu_site_3c338cddd72d,下和田変電所,chubu,w1085746421,lines_only,1,1,0,0,0,0,0,0,0,0,0,,,no_observed,0,1,5,0,1,0,0
chubu_site_3c81e74eb367,都田変電所,chubu,w192549648,conductors_only,2,1,0,0,0,0,0,0,1,0,0,275/154,,no_observed,0,1,24,0,0,0,2
chubu_site_3cae26f9f894,中部電力パワーグリッド 母呂後変電所,chubu,w1229628498,none,1,0,0,0,0,0,0,0,0,0,0,,,no_observed,0,0,0,0,0,0,0
chubu_site_3ce02e9f7fc9,見付変電所,chubu,w427093641,layout_only,1,1,0,0,0,0,0,0,0,4,0,,,no_observed,0,1,1,0,1,0,0
chubu_site_3d8b92abe537,浅間上町変電所,chubu,w640602696,lines_only,1,1,0,0,0,0,0,0,0,0,0,,,no_observed,0,1,0,0,1,0,0
chubu_site_3da3f2b24a30,上末変電所 (Kamizue Hendensho),chubu,w212469184,lines_only,1,2,0,0,0,0,0,0,0,0,0,,,no_observed,0,2,0,0,1,0,0
chubu_site_3e1c08a6dbe6,JR袋井変電所,chubu,w425494220,none,0,0,0,0,0,0,0,0,0,0,0,,,no_observed,0,0,3,0,0,0,0
chubu_site_3e6726ec6a0b,足近町一丁目変電所,chubu,w160458864,lines_only,0,0,0,0,0,0,0,0,0,0,0,,,no_observed,0,1,1,0,0,0,0
chubu_site_3e85ff9add35,,chubu,w1532313769,none,0,0,0,0,0,0,0,0,0,0,0,,,no_observed,0,0,0,0,0,0,0
chubu_site_3e8ed7e3be8d,枇杷島変電所,chubu,w179417731,conductors_only,1,2,0,1,0,0,0,0,0,0,0,,,no_observed,0,14,0,1,0,0,0
chubu_site_3e8fb98a2b72,小泉変電所,chubu,w1255607378,none,0,0,0,0,0,0,0,0,0,0,0,,,no_observed,0,0,0,0,0,0,0
chubu_site_3e979596f09f,高宮変電所,chubu,w641965676,none,1,0,0,0,0,0,0,0,0,0,0,,,no_observed,0,0,4,0,0,0,0
chubu_site_3edfcad1be37,渋川市変電所,chubu,w520126274,none,1,0,0,0,0,0,0,0,0,0,0,,,no_observed,0,0,1,0,0,0,0
chubu_site_3efe97cbbcf0,西億田町変電所,chubu,w619396322,none,0,0,0,0,0,0,0,0,0,0,0,,,no_observed,0,0,2,0,0,0,0
chubu_site_3f1405e61a51,浅山一丁目変電所,chubu,w869785334,lines_only,1,1,0,1,0,0,0,0,0,0,0,,,no_observed,0,3,7,0,2,0,0
chubu_site_3f4526992f8c,佐久平駅東変電所,chubu,w133355965,lines_only,1,1,0,1,0,0,0,0,0,0,0,,,no_observed,0,2,0,0,2,0,0
chubu_site_3f5665d29498,中部電力パワーグリッド株式会社 浜松電力センター,chubu,w192225671,conductors_only,1,1,0,1,0,0,0,0,0,0,0,,,no_observed,0,15,2,3,0,0,0
chubu_site_3f589af327a4,万葉線株式会社 米島変電所,chubu,w537848205,none,2,0,0,0,0,0,0,0,1,0,0,154/66,,no_observed,0,0,8,0,0,0,0
chubu_site_3fb2a0607cee,堀之内町変電所,chubu,w544115543,lines_only,0,0,0,0,0,0,0,0,0,0,0,,,no_observed,0,1,0,0,0,0,0
chubu_site_4002066d42b1,沖電気本庄変電所,chubu,w886921058,conductors_only,1,1,0,1,0,0,0,0,0,0,0,,,no_observed,0,2,4,2,0,0,0
chubu_site_403c44580177,田口変電所,chubu,n1431546622,none,0,0,0,0,0,0,0,0,0,0,0,,,no_observed,0,1,1,0,0,0,0
chubu_site_406c4693b5cf,みなかみ町変電所_3,chubu,w519055295,none,1,0,0,0,0,0,0,0,0,0,0,,,no_observed,0,1,1,0,0,0,0
chubu_site_40812415fe9c,玉川変電所,chubu,w409627040,none,1,0,0,0,0,0,0,0,0,0,0,,,no_observed,0,0,1,0,0,0,0
chubu_site_40a4f7cc34a8,福島変電所,chubu,w1086368221,conductors_only,1,1,0,1,0,0,0,0,0,0,0,,,no_observed,0,2,7,1,0,0,0
chubu_site_40c649489161,川根本町変電所_2,chubu,w546966885,lines_only,3,1,0,0,0,0,0,0,2,0,0,275/154;154/77,,no_observed,0,1,11,0,1,0,0
chubu_site_40eb2c7855fb,小田急電鉄 松田変電所,chubu,w1475104356,none,1,0,0,0,0,0,0,0,0,0,0,,,no_observed,0,0,1,0,0,0,0
chubu_site_4238339ece6b,中部電力パワーグリッド(株) 屋代変電所,chubu,w1229249449,lines_only,0,0,0,0,0,0,0,0,0,0,0,,,no_observed,0,1,0,0,0,0,0
chubu_site_429e2386a586,北刈谷変電所 (Kita Kariya Hendensho),chubu,w210090091,lines_only,2,2,0,0,0,0,0,0,1,0,0,154/77,,no_observed,0,3,0,0,2,3,4
chubu_site_435043deafe8,川根変電所,chubu,w210217246,lines_only,3,1,0,0,0,0,0,0,2,0,0,275/154;154/77,,no_observed,0,1,11,0,1,0,0
chubu_site_436323892cd6,,chubu,w1546746991,lines_only,0,0,0,1,0,0,0,0,0,0,0,,,no_observed,0,2,0,0,0,0,0
chubu_site_4373a91e3069,石薬師町変電所,chubu,w1458284094,lines_only,1,1,0,0,0,0,0,0,0,0,0,,,no_observed,0,0,2,0,0,0,2
chubu_site_43dabb3deb9a,大字小口変電所,chubu,n7166214887,none,0,0,0,0,0,0,0,0,0,0,0,,,no_observed,0,0,0,0,0,0,0
chubu_site_4418fd07e9e4,箱根変電所,chubu,w560339174,conductors_only,1,1,0,1,0,0,0,0,0,0,0,,,no_observed,0,5,0,1,0,0,0
chubu_site_4450d4376426,春日変電所_3,chubu,w1025730669,lines_only,2,1,0,0,0,0,0,0,1,0,0,154/66,,no_observed,0,2,15,0,1,0,0
chubu_site_447af821d323,松本市変電所_5,chubu,w787215728,none,1,0,0,0,0,0,0,0,0,0,0,,,no_observed,0,0,0,0,0,0,0
chubu_site_44884f1b521a,佐久変電所,chubu,w254306216,lines_only,2,3,0,1,0,0,0,0,1,0,0,275/77,,no_observed,0,3,0,0,3,0,0
chubu_site_44c07bcdf87e,瑞浪変電所 (Mizunami Hendensho),chubu,w209269384,conductors_only,1,1,0,2,0,0,0,0,0,0,0,,,no_observed,0,7,3,0,2,0,4
chubu_site_450a821dd193,神明変電所,chubu,w1226209880,lines_only,2,2,0,1,0,0,0,0,1,0,0,77/6,,no_observed,0,2,3,0,2,0,0
chubu_site_4513d9d96d53,宇奈月町栃屋変電所,chubu,w591381880,none,1,0,0,1,0,0,0,0,0,0,0,,,no_observed,0,2,2,0,0,0,0
chubu_site_456bcd86991d,野間変電所,chubu,w801962511,none,0,0,0,0,0,0,0,0,0,0,0,,,no_observed,0,0,1,0,0,0,0
chubu_site_45a9fd7d0717,豊根村変電所,chubu,w618344828,none,1,0,0,0,0,0,0,0,0,0,0,,,no_observed,0,0,5,0,0,0,0
chubu_site_45d4a60df0a7,寺田一丁目変電所,chubu,w374102023,lines_only,0,0,0,0,0,0,0,0,0,0,0,,,no_observed,0,0,1,0,0,0,0
chubu_site_45fe50465f19,木曽町変電所,chubu,w210658648,none,0,0,0,0,0,0,0,0,0,0,0,,,no_observed,0,0,0,0,0,0,0
chubu_site_4671750e342a,新高崎き電区分所,chubu,w307661144,none,0,0,0,0,0,0,0,0,0,0,0,,,no_observed,0,0,0,0,0,0,0
chubu_site_46dd8414a31f,中部電力南山変電所,chubu,n6227556325,none,0,0,0,0,0,0,0,0,0,0,0,,,no_observed,0,0,0,0,0,0,0
chubu_site_46e6918cbbe7,加納変電所 (Kanō Hendensho),chubu,w161768996,lines_only,1,2,0,2,0,0,0,0,0,0,0,,,no_observed,0,4,2,0,2,0,2
chubu_site_46ea6c5f5c44,北豊田変電所 (Kita Toyota Hendensho),chubu,w169121281,conductors_only,2,2,0,2,0,0,0,0,1,0,0,275/154,,no_observed,0,14,14,1,6,3,4
chubu_site_4765cf33decc,下川手変電所,chubu,w638598041,lines_only,1,1,0,0,0,0,0,0,0,0,0,,,no_observed,0,0,2,0,0,2,0
chubu_site_47a45d15dfa3,まきの木台二丁目変電所,chubu,w1456666709,lines_only,0,0,0,0,0,0,0,0,0,0,0,,,no_observed,0,1,0,0,0,0,0
chubu_site_47a78948873d,小玉変電所,chubu,w316421004,none,1,0,0,0,0,0,0,0,0,0,0,,,no_observed,0,0,1,0,0,0,0
chubu_site_47dda7069d6f,上里見変電所,chubu,w1084983550,conductors_only,1,1,0,1,0,0,0,0,0,0,0,,,no_observed,0,2,3,1,0,0,0
chubu_site_47fe8c8bfaee,井野川変電所,chubu,w177452437,conductors_only,1,1,0,1,0,0,0,0,0,0,0,,,no_observed,0,5,1,1,0,0,0
chubu_site_484f6203b6de,赤城変電所,chubu,w1083445983,lines_only,1,1,0,1,0,0,0,0,0,0,0,,,no_observed,0,2,2,0,2,0,0
chubu_site_48844680ecc0,新前橋変電所,chubu,w322670412,lines_only,1,1,0,0,0,0,0,0,0,0,0,,,no_observed,0,1,11,0,1,0,0
chubu_site_48894ecc6da5,敦賀変電所,chubu,w129594044,lines_only,1,1,0,1,0,0,0,0,0,0,0,,,no_observed,0,3,0,0,1,0,0
chubu_site_48ae054085b0,柚木町変電所,chubu,w212424012,conductors_only,1,1,0,1,0,0,0,0,0,0,0,,,no_observed,0,2,0,2,0,0,0
chubu_site_48da9a71e9e5,市場変電所,chubu,n5291088354,none,0,0,0,0,0,0,0,0,0,0,0,,,no_observed,0,0,0,0,0,0,0
chubu_site_4952b75122b3,笠島変電所,chubu,w1256591905,conductors_only,1,1,0,1,0,0,0,0,0,0,0,,,no_observed,0,2,6,1,0,0,0
chubu_site_49534c48ad50,鈴鹿開閉所,chubu,w618344836,lines_only,1,2,0,1,0,0,0,0,0,0,0,,,no_observed,0,2,0,0,2,0,0
chubu_site_4978846b1701,小瀬長池町変電所,chubu,w212039838,lines_only,0,0,0,0,0,0,0,0,0,0,0,,,no_observed,0,0,1,0,0,0,0
chubu_site_49862e0e0de2,信濃変電所,chubu,w209726348,conductors_only,2,3,3,0,2,3,4,0,1,0,0,500/275,,no_observed,4,0,0,0,1,0,0
chubu_site_49acf3b3a447,豊田市変電所,chubu,w210661976,lines_only,1,1,0,0,0,0,0,0,0,0,0,,,no_observed,0,1,1,0,1,0,0
chubu_site_49e9aa0b2fc4,箕輪町変電所,chubu,w211148426,lines_only,0,1,0,0,0,0,0,0,0,0,0,,,no_observed,0,0,0,0,0,0,2
chubu_site_4a02e2b58add,鶴来変電所,chubu,w316207198,partial,2,3,2,0,1,2,6,0,1,2,2,77/6,77/6,same,6,0,15,3,0,0,0
chubu_site_4a7f2894a496,篠田変電所,chubu,w735380791,lines_only,0,0,0,0,0,0,0,0,0,0,0,,,no_observed,0,0,0,0,0,0,0
chubu_site_4abe326c2616,津市変電所_2,chubu,w612079018,lines_only,1,1,0,0,0,0,0,0,0,0,0,,,no_observed,0,1,0,0,1,0,0
chubu_site_4ad015cd799b,湯沢変電所,chubu,w396217021,none,0,0,0,0,0,0,0,0,0,0,0,,,no_observed,0,0,5,0,0,0,0
chubu_site_4c2be1d4b56e,古里変電所,chubu,w236177753,none,1,0,0,0,0,0,0,0,0,0,0,,,no_observed,0,0,4,0,0,0,0
chubu_site_4c42884c003f,南渋川変電所,chubu,w519135228,lines_only,1,1,0,1,0,0,0,0,0,0,0,,,no_observed,0,6,14,0,6,0,0
chubu_site_4c681f2c709c,三好変電所,chubu,w253586132,conductors_only,2,2,0,1,0,0,0,0,1,0,0,275/77,,no_observed,0,7,27,3,3,0,0
chubu_site_4c86445c009b,西栃井変電所,chubu,w680210367,lines_only,2,2,0,0,0,0,0,0,1,0,0,154/77,,no_observed,0,2,3,0,2,0,2
chubu_site_4c9d7566bbfa,えちごトキめき鉄道(株)二本木変電所,chubu,w1289247003,none,0,0,0,0,0,0,0,0,0,0,0,,,no_observed,0,0,1,0,0,0,0
chubu_site_4cf26a21285f,上山田変電所,chubu,w1239588875,layout_only,0,0,0,0,0,0,0,0,0,1,0,,,no_observed,0,1,0,0,0,0,0
chubu_site_4d11de891bff,伊豆市変電所_2,chubu,w409537783,lines_only,1,1,0,0,0,0,0,0,0,0,0,,,no_observed,0,1,0,0,1,0,0
chubu_site_4dce2f19b539,福岡町一歩二歩変電所,chubu,w642336641,none,2,0,4,0,0,0,20,0,1,0,0,154/66,,no_observed,12,0,0,0,0,0,0
chubu_site_4de2faf98125,清水変電所,chubu,w192656409,lines_only,2,4,0,2,0,0,0,0,1,0,0,154/77,,no_observed,0,4,6,0,4,0,2
chubu_site_4e4ac16c3319,中部電力麻生田変電所,chubu,w425499684,conductors_only,0,0,0,1,0,0,0,0,0,0,0,,,no_observed,0,5,1,0,0,0,0
chubu_site_4e59ac592e71,友江変電所,chubu,w1017748053,none,0,0,0,0,0,0,0,0,0,0,0,,,no_observed,0,0,3,0,0,0,0
chubu_site_4f0a4ce537c6,岩作色金変電所,chubu,w256418511,lines_only,1,1,0,0,0,0,0,0,0,0,0,,,no_observed,0,1,0,0,1,0,0
chubu_site_4f80a483fca0,東川原町変電所,chubu,w1238881105,partial,2,3,2,0,1,2,3,0,1,3,3,66/6,66/6,same,2,0,3,2,0,0,0
chubu_site_4f84043253e3,フタバ産業,chubu,w276781191,none,0,0,0,0,0,0,0,0,0,0,0,,,no_observed,0,0,0,0,0,0,0
chubu_site_4f9d7e771bc1,保渡田町変電所,chubu,w971873000,none,1,0,0,0,0,0,0,0,0,0,0,,,no_observed,0,0,5,0,0,0,0
chubu_site_501939f725c3,新坂城変電所,chubu,w760776309,lines_only,1,0,0,0,0,0,0,0,0,0,0,,,no_observed,0,1,3,0,0,0,0
chubu_site_506417ced253,北勢変電所 (Hokusei Hendensho),chubu,w209629965,layout_only,1,1,0,1,0,0,2,5,0,0,0,,,no_observed,2,2,1,1,0,0,0
chubu_site_506f7b086299,相津変電所,chubu,w192220071,lines_only,1,2,0,1,0,0,0,0,0,0,0,,,no_observed,0,4,1,0,4,0,0
chubu_site_50fa939bc138,西尾変電所,chubu,w911441125,conductors_only,1,1,0,2,0,0,0,0,0,0,0,,,no_observed,0,6,10,1,1,0,0
chubu_site_511e454b3416,大町市変電所_7,chubu,w492451842,lines_only,0,0,0,0,0,0,0,0,0,0,0,,,no_observed,0,1,0,0,0,0,0
chubu_site_518dd977aa77,豊橋電力センター,chubu,w176265156,lines_only,2,2,0,1,0,0,0,0,1,0,0,154/77,,no_observed,0,4,5,0,2,0,0
chubu_site_518fd70684bb,中村変電所_2,chubu,w708050155,lines_only,1,1,0,0,0,0,0,0,0,0,0,,,no_observed,0,1,4,0,1,0,0
chubu_site_51d845a9fd63,板倉町三丁目変電所,chubu,w1303913194,lines_only,2,2,0,0,0,0,0,0,1,0,0,154/77,,no_observed,0,0,5,0,0,0,4
chubu_site_51ee424ae500,岩塚変電所,chubu,w243138764,lines_only,2,3,0,1,0,0,0,0,1,0,0,154/77,,no_observed,0,3,3,0,1,2,2
chubu_site_521ab08c3739,座光寺変電所,chubu,r19739279,lines_only,0,1,0,0,0,0,0,0,0,0,0,,,no_observed,0,0,0,0,0,0,4
chubu_site_52229f70996d,JR 磐田変電所,chubu,w262416066,conductors_only,1,1,0,1,0,0,0,0,0,0,0,,,no_observed,0,3,0,0,1,0,2
chubu_site_522372fe02ed,三方原変電所,chubu,w192168975,conductors_only,1,1,0,0,0,0,0,0,0,0,0,,,no_observed,0,1,4,0,0,0,4
chubu_site_5256ce18f734,西大沢変電所,chubu,w628041817,lines_only,2,1,0,1,0,0,0,0,1,0,0,154/66,,no_observed,0,2,30,0,2,0,0
chubu_site_5283d0281e62,伏木変電所,chubu,w537843404,mapped,2,4,2,0,2,13,10,0,1,3,3,154/66,154/66,same,12,17,9,3,4,0,4
chubu_site_5285512c221a,大桑村変電所_5,chubu,w1481077489,none,0,0,0,0,0,0,0,0,0,0,0,,,no_observed,0,0,1,0,0,0,0
chubu_site_52b569ac38aa,新富士変電所,chubu,w150065045,partial,5,5,4,2,10,14,4,16,4,5,4,500/275;275/154;154/66;66/6,500/275,partial,5,20,16,5,5,0,4
chubu_site_5367b9ea1a02,新湯沢変電所,chubu,w1227550931,lines_only,1,1,0,1,0,0,0,0,0,0,0,,,no_observed,0,2,3,0,2,0,0
chubu_site_53dc5a8c2ba0,小垣江町変電所,chubu,w734013558,lines_only,0,0,0,0,0,0,0,0,0,0,0,,,no_observed,0,1,1,0,0,0,0
chubu_site_53e6e13e90a6,東邦亜鉛藤岡事業所 変電所,chubu,w519907816,lines_only,1,1,0,0,0,0,0,0,0,0,0,,,no_observed,0,1,2,0,1,0,0
chubu_site_5437ddba96f0,安茂里小市一丁目変電所,chubu,w134117847,none,0,0,0,0,0,0,0,0,0,0,0,,,no_observed,0,0,0,0,0,0,0
chubu_site_5445b1230035,新長浜変電所,chubu,r11701140,conductors_only,2,2,1,0,1,1,2,0,1,0,0,77/22,,no_observed,3,0,9,1,1,0,0
chubu_site_545cdefeae76,駒橋変電所,chubu,w1081201241,conductors_only,1,1,0,1,0,0,0,0,0,0,0,,,no_observed,0,4,7,0,2,0,0
chubu_site_546a507448e6,牛ノ谷変電所,chubu,w702984049,none,0,0,0,0,0,0,0,0,0,0,0,,,no_observed,0,0,0,0,0,0,0
chubu_site_54820a200923,富士川第一変電所,chubu,w619153668,lines_only,0,0,0,1,0,0,0,0,0,0,0,,,no_observed,0,2,1,0,0,0,0
chubu_site_54b449064878,津市変電所,chubu,w436314156,lines_only,1,1,0,0,0,0,0,0,0,0,0,,,no_observed,0,1,0,0,1,0,0
chubu_site_54dffaea6694,北櫻変電所,chubu,n7169139755,none,0,0,0,0,0,0,0,0,0,0,0,,,no_observed,0,0,0,0,0,0,0
chubu_site_550b945b88dd,日枝町変電所,chubu,w693631583,lines_only,1,1,0,0,0,0,0,0,0,0,0,,,no_observed,0,1,0,0,1,0,0
chubu_site_55465646ea40,河芸町上野変電所,chubu,w256765110,lines_only,1,1,0,0,0,0,0,0,0,0,0,,,no_observed,0,1,1,0,1,0,0
chubu_site_5633440d5256,鎌倉町変電所,chubu,w181378940,none,0,0,0,0,0,0,0,0,0,0,0,,,no_observed,0,0,0,0,0,0,0
chubu_site_565ea3786263,下黒田変電所,chubu,w1376124295,lines_only,0,0,0,0,0,0,0,0,0,0,0,,,no_observed,0,1,0,0,0,0,0
chubu_site_566d9fe4c3cc,鴨宮変電所,chubu,w190013208,conductors_only,3,2,0,1,0,0,0,0,2,0,0,77/66;66/25,,no_observed,0,2,6,1,1,0,0
chubu_site_568657cbc779,婦中町新屋変電所,chubu,w1025730738,conductors_only,2,1,0,1,0,0,0,0,1,0,0,275/66,,no_observed,0,6,12,3,0,0,0
chubu_site_569c2822e145,鳳来変電所,chubu,w425244470,lines_only,1,1,0,0,0,0,0,0,0,0,0,,,no_observed,0,2,0,0,1,0,2
chubu_site_56be5ef179f2,高松町変電所,chubu,w497425676,conductors_only,1,0,1,1,0,0,0,0,0,0,0,,,no_observed,2,4,29,0,0,0,0
chubu_site_57233cec0370,湖南市変電所,chubu,n7166214888,none,0,0,0,0,0,0,0,0,0,0,0,,,no_observed,0,0,0,0,0,0,0
chubu_site_5726d77a3d87,松本市変電所_3,chubu,w464144580,lines_only,1,1,0,0,0,0,0,0,0,0,0,,,no_observed,0,2,7,0,1,0,2
chubu_site_576a8e6f1b76,関市変電所_2,chubu,w210663595,lines_only,1,1,0,0,0,0,0,0,0,0,0,,,no_observed,0,1,0,0,1,0,0
chubu_site_576ab70749f5,中部電力(株)豊根開閉所,chubu,w142662111,lines_only,1,1,0,1,0,0,0,0,0,0,0,,,no_observed,0,4,0,0,4,0,0
chubu_site_576c9e4afb77,児玉町蛭川変電所,chubu,w707559460,lines_only,1,0,0,0,0,0,0,0,0,0,0,,,no_observed,0,1,2,0,0,0,0
chubu_site_579e6efa93c3,金津変電所,chubu,w316250953,lines_only,1,1,0,1,0,0,0,0,0,0,0,,,no_observed,0,3,7,0,3,0,2
chubu_site_57a3785fa8dc,上矢田町変電所,chubu,w1303913209,lines_only,0,0,0,0,0,0,0,0,0,0,0,,,no_observed,0,1,3,0,0,0,0
chubu_site_57b8158610a4,高口変電所 (Takaguchi Hendensho),chubu,w253586133,lines_only,1,1,0,1,0,0,0,0,0,0,0,,,no_observed,0,2,0,0,2,0,0
chubu_site_582c2b4f2552,北笹津変電所,chubu,w549124637,conductors_only,2,4,0,2,0,0,0,0,1,0,0,154/66,,no_observed,0,35,15,4,2,0,2
chubu_site_58604787d3ea,小田原変電所,chubu,w373755471,conductors_only,1,1,1,0,1,2,0,0,0,0,0,,,no_observed,1,0,0,1,0,0,0
chubu_site_58aee27a13ac,川西変電所,chubu,w1221353582,lines_only,0,0,0,0,0,0,0,0,0,0,0,,,no_observed,0,1,4,0,0,0,0
chubu_site_58c9a1f70cfd,梁川変電所,chubu,w1078949390,lines_only,1,1,0,0,0,0,0,0,0,0,0,,,no_observed,0,1,0,0,1,0,0
chubu_site_58ff4ad9e08d,吉津二丁目変電所,chubu,w289526463,lines_only,0,0,0,0,0,0,0,0,0,0,0,,,no_observed,0,0,0,0,0,0,0
chubu_site_59045b46b21d,玉淀発電所 変電設備,chubu,w1131311539,conductors_only,1,1,0,1,0,0,0,0,0,0,0,,,no_observed,0,2,3,1,0,0,0
chubu_site_595086673803,東中変電所,chubu,w1218073658,lines_only,0,0,0,0,0,0,0,0,0,0,0,,,no_observed,0,0,0,0,0,0,0
chubu_site_5973e60c2e7b,安良里変電所,chubu,w409537787,lines_only,1,1,0,0,0,0,0,0,0,0,0,,,no_observed,0,1,0,0,1,0,0
chubu_site_59fe196bdce8,名古屋市営地下鉄 一社変電所,chubu,n11330468277,none,0,0,0,0,0,0,0,0,0,0,0,,,no_observed,0,0,0,0,0,0,0
chubu_site_59fe77d18692,北巨摩変電所,chubu,w209324330,mapped,2,2,2,0,2,2,2,0,1,2,2,154/66,154/66,same,6,2,7,3,1,0,4
chubu_site_5a1faa424bab,城変電所,chubu,w1028287111,conductors_only,2,1,2,0,1,1,1,0,1,0,0,275/154,,no_observed,3,0,3,1,0,0,0
chubu_site_5a3a525ec4f2,勝沼変電所,chubu,w72234654,lines_only,1,1,0,0,0,0,0,0,0,0,0,,,no_observed,0,1,3,0,1,0,0
chubu_site_5a8e726d09a7,倉賀野変電所,chubu,w639390634,conductors_only,1,1,0,1,0,0,0,0,0,0,0,,,no_observed,0,2,7,1,0,0,0
chubu_site_5b16f397394d,小牧変電所,chubu,w212400121,lines_only,1,2,0,0,0,0,0,0,0,0,0,,,no_observed,0,2,1,0,1,0,0
chubu_site_5b8b60d15259,土肥六丁目変電所,chubu,w376389911,lines_only,1,1,0,0,0,0,0,0,0,0,0,,,no_observed,0,1,7,0,1,0,0
chubu_site_5bb258d7fa98,東豊田変電所,chubu,w170366036,layout_only,2,3,0,1,0,0,0,0,1,3,3,275/77,275/77,same,0,4,0,0,4,0,0
chubu_site_5c0f2e467d9e,泉町変電所,chubu,w876390219,lines_only,0,0,0,0,0,0,0,0,0,0,0,,,no_observed,0,1,1,0,0,0,0
chubu_site_5c2b523a18a5,浅野町変電所,chubu,w208275983,partial,1,2,1,0,1,5,4,0,0,3,3,,77/6,contradicts,4,3,0,1,0,0,0
chubu_site_5c64cee3003c,変電所,chubu,w428916269,conductors_only,0,0,0,1,0,0,0,0,0,0,0,,,no_observed,0,2,1,0,0,0,0
chubu_site_5cf2a1d57a2b,増泉一丁目変電所,chubu,w316207191,lines_only,1,1,0,0,0,0,0,0,0,0,0,,,no_observed,0,1,0,0,1,0,0
chubu_site_5d312a9b5bca,佐那具町変電所,chubu,w824955100,lines_only,1,1,0,0,0,0,0,0,0,0,0,,,no_observed,0,1,1,0,1,0,0
chubu_site_5d54bde35f02,片山津町変電所,chubu,w316256348,conductors_only,1,3,0,0,0,0,1,0,0,0,0,,,no_observed,1,0,0,0,1,0,0
chubu_site_5d88b0666e87,麦生変電所,chubu,w1243188388,partial,3,4,2,0,2,2,5,0,2,3,3,77/66;66/6,77/66;66/6,same,4,3,3,2,0,0,0
chubu_site_5d9f0887e983,金井変電所,chubu,w192765659,lines_only,2,2,0,2,0,0,0,0,1,0,0,154/66,,no_observed,0,13,15,0,13,0,0
chubu_site_5dde4b6131b3,馬伏町変電所,chubu,w422877059,conductors_only,0,0,0,1,0,0,0,0,0,0,0,,,no_observed,0,8,0,0,0,0,0
chubu_site_5e652a62d678,多加木二丁目変電所,chubu,w104669177,lines_only,1,2,0,0,0,0,0,0,0,0,0,,,no_observed,0,1,0,0,1,0,2
chubu_site_5ee715e2e686,関開閉所,chubu,w161946848,lines_only,1,2,0,1,0,0,0,0,0,0,0,,,no_observed,0,4,1,0,3,0,2
chubu_site_5f1221d89bc6,奈良本変電所,chubu,w409553032,none,1,0,0,0,0,0,0,0,0,0,0,,,no_observed,0,0,4,0,0,0,0
chubu_site_5f25859ba62f,磐田変電所 (Iwata Hendensho),chubu,w210126731,partial,2,3,0,1,0,0,2,0,1,3,0,154/77,,no_observed,2,1,5,1,1,2,0
chubu_site_5f428db66f40,垂坂町変電所,chubu,w876142329,none,0,0,0,0,0,0,0,0,0,0,0,,,no_observed,0,0,0,0,0,0,0
chubu_site_5f5b25326bba,六地蔵変電所,chubu,w1419881477,none,0,0,0,0,0,0,0,0,0,0,0,,,no_observed,0,0,0,0,0,0,0
chubu_site_5f894032ab59,郷原変電所,chubu,w192436953,lines_only,1,1,0,0,0,0,0,0,0,0,0,,,no_observed,0,1,1,0,1,0,0
chubu_site_60169bb6cd81,色浜変電所,chubu,w944029864,lines_only,2,1,0,1,0,0,0,0,1,0,0,500/275,,no_observed,0,2,9,0,2,0,0
chubu_site_611bba969b2d,根上変電所,chubu,w679348613,lines_only,0,0,0,0,0,0,0,0,0,0,0,,,no_observed,0,1,2,0,0,0,0
chubu_site_618c0cdc6c6c,中部電力新居変電所,chubu,w416822151,lines_only,1,1,0,0,0,0,0,0,0,0,0,,,no_observed,0,1,0,0,1,0,0
chubu_site_61c2af143e26,名北変電所,chubu,w211926647,lines_only,2,3,0,2,0,0,0,0,1,0,0,154/77,,no_observed,0,4,3,0,4,0,6
chubu_site_622c9d2544df,長野原町変電所,chubu,w604059015,none,1,0,0,0,0,0,0,0,0,0,0,,,no_observed,0,0,2,0,0,0,0
chubu_site_6262539c2f70,今市場町秋津変電所,chubu,w209430908,lines_only,1,2,0,0,0,0,0,0,0,0,0,,,no_observed,0,1,0,0,1,0,0
chubu_site_62a93cb8a52b,石原変電所,chubu,w581633640,none,0,0,0,0,0,0,0,0,0,0,0,,,no_observed,0,0,0,0,0,0,0
chubu_site_638e9ad7b77b,牛田通四丁目変電所,chubu,w181229301,none,0,0,0,0,0,0,0,0,0,0,0,,,no_observed,0,0,0,0,0,0,0
chubu_site_63967ae3fb0f,大門変電所,chubu,w1389986607,lines_only,2,1,0,0,0,0,0,0,1,0,0,154/66,,no_observed,0,1,11,0,1,0,0
chubu_site_63a5454b01c5,坂本変電所,chubu,w1413386698,lines_only,2,2,0,0,0,0,0,0,1,0,0,77/6,,no_observed,0,1,7,0,0,0,0
chubu_site_6408afd3bfe4,曲輪町変電所,chubu,w1083364836,lines_only,1,1,0,0,0,0,0,0,0,0,0,,,no_observed,0,1,0,0,1,0,0
chubu_site_6416b057aa46,花乃杜四丁目変電所_2,chubu,w1254271277,none,0,0,0,0,0,0,0,0,0,0,0,,,no_observed,0,0,1,0,0,0,0
chubu_site_642c41c2fe6e,平和町上三宅変電所,chubu,w209429392,lines_only,0,0,0,0,0,0,0,0,0,0,0,,,no_observed,0,1,0,0,0,0,0
chubu_site_6438eeb8c062,中部電力湖西変電所,chubu,w170260165,lines_only,2,2,0,2,0,0,0,0,1,0,0,275/77,,no_observed,0,4,1,0,4,0,0
chubu_site_64d90e410bee,大浦変電所,chubu,w324055349,none,0,0,0,0,0,0,0,0,0,0,0,,,no_observed,0,0,1,0,0,0,0
chubu_site_64fa6cb2d3af,葛野川発電所屋外開閉設備,chubu,w341208725,lines_only,3,1,0,1,0,0,0,0,2,0,0,500/66;66/6,,no_observed,0,2,6,0,2,0,0
chubu_site_653cd1deee1a,久野部変電所,chubu,w1360892745,conductors_only,0,0,0,1,0,0,0,0,0,0,0,,,no_observed,0,5,14,0,0,0,0
chubu_site_6555bf5cfb31,新平山変電所,chubu,w426514160,lines_only,1,1,0,0,0,0,0,0,0,0,0,,,no_observed,0,1,0,0,1,0,0
chubu_site_655b63b936f7,新渋川変電所,chubu,w266349347,lines_only,2,2,0,0,0,0,0,0,1,0,0,275/25,,no_observed,0,1,0,0,1,0,0
chubu_site_657a141b35b2,北新変電所,chubu,w526011012,none,1,0,0,0,0,0,0,0,0,0,0,,,no_observed,0,0,0,0,0,0,0
chubu_site_65b4b1052bc0,清水区変電所_2,chubu,w618344864,none,0,0,0,0,0,0,0,0,0,0,0,,,no_observed,0,0,0,0,0,0,0
chubu_site_65e519b85089,白山町垣内変電所,chubu,w612075386,lines_only,0,0,0,0,0,0,0,0,0,0,0,,,no_observed,0,1,0,0,0,0,0
chubu_site_65f6fe7ca8a0,矢場町三丁目変電所,chubu,w1303913189,lines_only,0,0,0,0,0,0,0,0,0,0,0,,,no_observed,0,1,0,0,0,0,0
chubu_site_664f68d1e0eb,ちの変電所,chubu,w253577695,none,0,0,0,0,0,0,0,0,0,0,0,,,no_observed,0,0,0,0,0,0,0
chubu_site_665e9974caad,寿町変電所,chubu,w890965762,none,0,0,0,0,0,0,0,0,0,0,0,,,no_observed,0,0,0,0,0,0,0
chubu_site_667086717435,高部変電所,chubu,w544116520,none,0,0,0,0,0,0,0,0,0,0,0,,,no_observed,0,0,0,0,0,0,0
chubu_site_667212512914,朝日町変電所_2,chubu,w598792843,conductors_only,1,1,2,0,0,0,6,0,0,0,0,,,no_observed,6,0,4,3,0,0,0
chubu_site_66c4edf62670,宇佐美変電所,chubu,w409754435,lines_only,1,1,0,0,0,0,0,0,0,0,0,,,no_observed,0,1,0,0,1,0,0
chubu_site_66d648334709,前田町三丁目変電所,chubu,w253511927,lines_only,1,1,0,0,0,0,0,0,0,0,0,,,no_observed,0,1,8,0,1,3,0
chubu_site_66ecdf9a7d97,峰変電所,chubu,w409551364,lines_only,1,1,0,0,0,0,0,0,0,0,0,,,no_observed,0,1,0,0,1,0,0
chubu_site_66f297f19f64,大口町変電所,chubu,w194060046,conductors_only,1,1,0,1,0,0,0,0,0,0,0,,,no_observed,0,11,7,2,0,0,2
chubu_site_6704efc4afca,富浜変電所,chubu,w1081195850,lines_only,1,1,0,0,0,0,0,0,0,0,0,,,no_observed,0,1,1,0,1,0,0
chubu_site_6737faddd43a,寺津変電所,chubu,w1239633369,conductors_only,1,1,0,1,0,0,1,0,0,0,0,,,no_observed,3,0,4,2,0,0,0
chubu_site_676de42efd02,西横手町変電所,chubu,w643144300,conductors_only,1,1,0,1,0,0,0,0,0,0,0,,,no_observed,0,2,7,1,0,0,0
chubu_site_678205a1de7e,西尾張変電所,chubu,w170793703,lines_only,2,3,0,1,0,0,0,0,1,0,0,275/154,,no_observed,0,4,0,0,5,0,10
chubu_site_67941999715e,西枇杷島町二見変電所,chubu,w496686166,none,0,0,0,0,0,0,0,0,0,0,0,,,no_observed,0,0,0,0,0,0,0
chubu_site_679c889ceb51,花堂変電所,chubu,n11413621117,none,0,0,0,0,0,0,0,0,0,0,0,,,no_observed,0,0,0,0,0,0,0
chubu_site_679d14b2ab55,南郷町変電所,chubu,w316250977,lines_only,2,2,0,1,0,0,0,0,1,0,0,77/66,,no_observed,0,4,0,0,4,0,0
chubu_site_67e53dfbb86a,高月町変電所,chubu,w472037177,conductors_only,0,0,0,1,0,0,0,0,0,0,0,,,no_observed,0,4,11,0,0,0,0
chubu_site_687c5faeb51e,中部電力東境変電所,chubu,w505628764,lines_only,0,1,0,0,0,0,0,0,0,0,0,,,no_observed,0,0,0,0,0,0,2
chubu_site_688aff529415,水口町二丁目変電所,chubu,w640531388,conductors_only,1,1,0,0,0,0,1,0,0,0,0,,,no_observed,1,0,5,1,0,0,0
chubu_site_68a10f1058ad,長江変電所,chubu,w1025730626,lines_only,1,1,0,1,0,0,0,0,0,0,0,,,no_observed,0,6,11,0,6,0,0
chubu_site_68a28f8be0ac,沼津市変電所,chubu,w208107894,lines_only,1,1,0,1,0,0,0,0,0,0,0,,,no_observed,0,2,0,0,2,0,0
chubu_site_68cd7dea866f,中部電力パワーグリッド 鳴海変電所,chubu,w253528810,conductors_only,1,1,0,1,0,0,0,0,0,0,0,,,no_observed,0,9,4,1,0,0,0
chubu_site_68d21f86a76b,新屋代補助き電区分所,chubu,w559156289,lines_only,0,0,0,0,0,0,0,0,0,0,0,,,no_observed,0,1,1,0,0,0,0
chubu_site_690e7f746766,北櫻変電所_2,chubu,n7169142328,none,0,0,0,0,0,0,0,0,0,0,0,,,no_observed,0,0,0,0,0,0,0
chubu_site_693271398490,知多町一丁目変電所,chubu,w339967682,conductors_only,1,1,0,1,0,0,0,0,0,0,0,,,no_observed,0,4,9,0,1,0,2
chubu_site_69446d7a457c,可児市変電所,chubu,w193977311,lines_only,1,1,0,0,0,0,0,0,0,0,0,,,no_observed,0,0,3,0,0,2,0
chubu_site_6945f1b51e5c,Abe,chubu,w155375873,lines_only,2,3,0,0,0,0,0,0,1,0,0,275/100,,no_observed,0,2,2,0,2,0,0
chubu_site_69505e71d1dc,老津変電所,chubu,w422887989,lines_only,0,1,0,0,0,0,0,0,0,0,0,,,no_observed,0,0,0,0,0,0,2
chubu_site_69fc83834f11,宝二丁目変電所,chubu,w923032420,lines_only,1,0,0,0,0,0,0,0,0,0,0,,,no_observed,0,1,5,0,0,0,0
chubu_site_6a1541f14d90,楠三丁目変電所,chubu,w704078186,lines_only,1,1,0,0,0,0,0,0,0,0,0,,,no_observed,0,1,0,0,1,0,0
chubu_site_6a4f01dc92a2,楠町北一色変電所,chubu,w181577818,lines_only,0,0,0,0,0,0,0,0,0,0,0,,,no_observed,0,1,2,0,0,0,0
chubu_site_6a4f77632693,新秩父開閉所,chubu,w195615141,mapped,1,1,4,0,2,4,11,2,0,0,0,,,no_observed,8,0,15,8,0,0,0
chubu_site_6ad798c84dca,立花二丁目変電所,chubu,w1317812828,lines_only,1,0,0,0,0,0,0,0,0,0,0,,,no_observed,0,1,2,0,0,0,0
chubu_site_6ae3dd161ca6,二上新変電所,chubu,w980547569,lines_only,1,1,0,0,0,0,0,0,0,0,0,,,no_observed,0,2,4,0,1,0,2
chubu_site_6b0976a927cc,南条変電所,chubu,w761351772,lines_only,1,1,0,0,0,0,0,0,0,0,0,,,no_observed,0,0,3,0,0,0,2
chubu_site_6b2cdf0662c7,橡久保変電所,chubu,w520126264,none,2,0,0,0,0,0,0,0,1,0,0,154/66,,no_observed,0,0,2,0,0,0,0
chubu_site_6b2f1fbacc3b,三穂変電所,chubu,w680564167,lines_only,0,0,0,1,0,0,0,0,0,0,0,,,no_observed,0,2,2,0,0,0,0
chubu_site_6b460a5a4214,品沢変電所,chubu,w1131420214,lines_only,1,1,0,1,0,0,0,0,0,0,0,,,no_observed,0,2,3,0,2,0,0
chubu_site_6b6fc98adf74,白昭変電所,chubu,w259915157,conductors_only,1,1,0,1,0,0,0,0,0,0,0,,,no_observed,0,3,1,0,1,0,2
chubu_site_6b8feb22d6e1,穂積変電所,chubu,w161958477,none,0,0,0,0,0,0,0,0,0,0,0,,,no_observed,0,0,0,0,0,0,0
chubu_site_6b8ff5f6e317,高内変電所_2,chubu,w628041821,conductors_only,1,2,0,0,0,0,0,0,0,0,0,,,no_observed,0,1,19,0,0,2,0
chubu_site_6b95e5ce5356,貝津町変電所,chubu,w1447717590,lines_only,0,1,0,0,0,0,0,0,0,0,0,,,no_observed,0,0,0,0,0,0,2
chubu_site_6bcf1de0d0e4,新愛本変電所,chubu,w320536909,mapped,2,2,2,2,1,2,8,0,1,1,1,275/154,275/154,same,9,8,12,6,0,0,2
chubu_site_6c1148dd641c,今津町桜町二丁目変電所,chubu,w775847777,lines_only,1,1,0,0,0,0,0,0,0,0,0,,,no_observed,0,1,3,0,1,0,0
chubu_site_6d0c45c72425,松本市変電所_3,chubu,w738559324,lines_only,1,1,0,1,0,0,0,0,0,0,0,,,no_observed,0,3,6,0,2,0,0
chubu_site_6d48a52d8bb1,八尾町福島七丁目変電所,chubu,w369346489,conductors_only,1,1,0,1,0,0,0,0,0,0,0,,,no_observed,0,2,3,1,0,0,0
chubu_site_6d566e8e7a44,大成町変電所,chubu,w316207192,none,1,0,0,0,0,0,0,0,0,0,0,,,no_observed,0,0,1,0,0,0,0
chubu_site_6d605788104e,駿河変電所,chubu,w170436908,lines_only,3,4,0,1,0,0,0,0,2,0,0,275/154;154/100,,no_observed,0,5,1,0,4,0,2
chubu_site_6da14bf3bb24,富士市変電所_2,chubu,w618344857,conductors_only,1,2,0,1,0,0,0,0,0,0,0,,,no_observed,0,7,8,0,2,0,0
chubu_site_6db64bdadc4b,五料変電所,chubu,w868675177,lines_only,1,1,0,0,0,0,0,0,0,0,0,,,no_observed,0,1,0,0,1,0,0
chubu_site_6dbb90144c13,駿河区変電所,chubu,w129611877,lines_only,1,0,0,0,0,0,0,0,0,0,0,,,no_observed,0,1,2,0,0,0,0
chubu_site_6dd0b7b8439f,高山市変電所,chubu,w1040082960,mapped,1,1,1,0,1,1,2,0,0,2,2,,,no_observed,2,0,3,1,0,0,0
chubu_site_6df71370f81b,西浅井町塩津浜変電所,chubu,w834429509,lines_only,1,0,0,0,0,0,0,0,0,0,0,,,no_observed,0,1,4,0,0,0,0
chubu_site_6e47acce353e,東山梨変電所,chubu,w150035494,conductors_only,2,2,0,2,0,0,0,0,1,0,0,500/154,,no_observed,0,21,15,3,4,0,0
chubu_site_6e51b298626c,飯村変電所,chubu,w422981166,lines_only,0,1,0,0,0,0,0,0,0,0,0,,,no_observed,0,0,0,0,0,0,2
chubu_site_6ecbab8d4893,大桑村変電所_2,chubu,w738566980,lines_only,1,1,0,0,0,0,0,0,0,0,0,,,no_observed,0,2,16,0,1,0,0
chubu_site_6ecfdeefc227,大協町二丁目変電所,chubu,w619265281,none,1,0,0,0,0,0,0,0,0,0,0,,,no_observed,0,0,1,0,0,0,0
chubu_site_6ed4c7022cae,上野原変電所,chubu,w1220970113,lines_only,1,1,0,0,0,0,0,0,0,0,0,,,no_observed,0,1,0,0,1,0,0
chubu_site_6f46e522ed60,蒲郡市変電所,chubu,w512833774,lines_only,0,0,0,0,0,0,0,0,0,0,0,,,no_observed,0,1,0,0,0,0,0
chubu_site_6f5b5b5fc22e,勝野変電所,chubu,w775847773,lines_only,1,0,0,0,0,0,0,0,0,0,0,,,no_observed,0,1,3,0,0,0,0
chubu_site_6f650f3fcfed,鶴舞一丁目変電所,chubu,n4524546412,none,0,0,0,0,0,0,0,0,0,0,0,,,no_observed,0,0,0,0,0,0,0
chubu_site_6faedcc0c8c9,高木町変電所,chubu,w316466739,mapped,2,4,4,0,3,4,17,0,1,2,2,154/77,154/77,same,14,3,21,13,0,0,0
chubu_site_6fafa013225c,北松本変電所,chubu,w159191758,lines_only,2,4,0,1,0,0,0,0,1,0,0,275/77,,no_observed,0,7,6,0,7,0,0
chubu_site_6fe134b593ab,軽井沢東変電所,chubu,w677519694,none,0,0,0,0,0,0,0,0,0,0,0,,,no_observed,0,0,0,0,0,0,0
chubu_site_702f31dd42e4,遠江変電所,chubu,w170366039,lines_only,2,3,0,3,0,0,0,0,1,0,0,275/154,,no_observed,0,13,12,0,4,0,0
chubu_site_703f254d4bfc,谷津変電所,chubu,w409551363,none,1,0,0,0,0,0,0,0,0,0,0,,,no_observed,0,0,4,0,0,0,0
chubu_site_7041ff3663c7,中部電力(株) 戸倉変電所,chubu,w1131908672,layout_only,0,0,0,0,0,0,0,0,0,1,0,,,no_observed,0,1,0,0,0,0,0
chubu_site_70c62dbe186d,菅野変電所,chubu,w1322062975,none,1,0,0,0,0,0,0,0,0,0,0,,,no_observed,0,0,6,0,0,0,0
chubu_site_718b4f653d36,大桑村変電所,chubu,w738566973,lines_only,1,1,0,0,0,0,0,0,0,0,0,,,no_observed,0,0,2,0,0,0,2
chubu_site_71ca6b2fae78,サイドタウン三丁目変電所_2,chubu,n7169139756,none,0,0,0,0,0,0,0,0,0,0,0,,,no_observed,0,0,0,0,0,0,0
chubu_site_71eec487c0c6,明海変電所,chubu,w422945725,lines_only,0,0,0,0,0,0,0,0,0,0,0,,,no_observed,0,1,3,0,0,0,0
chubu_site_72571e61f095,井之口沖ノ田町変電所,chubu,w1323189763,lines_only,0,0,0,0,0,0,0,0,0,0,0,,,no_observed,0,1,2,0,0,0,0
chubu_site_72647bb72243,安曇野市変電所_4,chubu,w317287913,lines_only,0,1,0,0,0,0,0,0,0,0,0,,,no_observed,0,0,0,0,0,0,2
chubu_site_7280918b0c7b,中能登変電所,chubu,r17013811,partial,3,4,6,1,2,6,20,14,2,6,6,500/275;275/154,500/275;275/154,same,14,0,21,13,0,0,0
chubu_site_7293db4c3e2c,蒲原一丁目変電所,chubu,w618344870,conductors_only,2,2,0,2,0,0,0,0,1,0,0,154/77,,no_observed,0,6,16,1,4,0,0
chubu_site_72c49a82abbb,湖東変電所,chubu,w190631098,mapped,3,3,4,0,2,4,28,0,2,7,7,275/154;154/77,,no_observed,20,12,18,2,1,0,0
chubu_site_72c4fdc6eb6a,豊橋変電所,chubu,w404965842,lines_only,1,1,0,2,0,0,0,0,0,0,0,,,no_observed,0,5,1,0,2,0,0
chubu_site_72c926e85b79,射水変電所,chubu,w976025533,partial,2,3,2,0,1,2,9,0,1,2,2,66/6,66/6,same,7,10,7,3,0,0,0
chubu_site_72d585e143c4,大野変電所,chubu,w538098960,partial,2,3,2,0,1,2,7,0,1,3,3,66/6,66/6,same,4,2,4,6,0,0,2
chubu_site_72fba162f4dd,新菊川変電所,chubu,w70609649,lines_only,1,2,0,0,0,0,0,0,0,0,0,,,no_observed,0,1,0,0,1,0,2
chubu_site_73286d8de05b,日産化学工場変電所,chubu,w886921055,conductors_only,1,1,0,1,0,0,0,0,0,0,0,,,no_observed,0,2,3,1,0,0,0
chubu_site_737a87b8db53,佐野川変電所,chubu,w1377211575,lines_only,0,0,0,0,0,0,0,0,0,0,0,,,no_observed,0,1,0,0,0,0,0
chubu_site_73e03fb7a76a,丹陽変電所,chubu,w194267687,lines_only,1,1,0,0,0,0,0,0,0,0,0,,,no_observed,0,1,3,0,1,0,2
chubu_site_73eb693e75ff,読書水力発電所,chubu,w209429356,lines_only,1,2,0,0,0,0,0,0,0,0,0,,,no_observed,0,1,4,0,1,0,0
chubu_site_74228c069be4,北甘変電所,chubu,w519907777,conductors_only,1,1,0,1,0,0,0,0,0,0,0,,,no_observed,0,2,4,2,0,0,0
chubu_site_744897955086,JR東日本 姨捨変電所,chubu,w1267324358,lines_only,0,0,0,0,0,0,0,0,0,0,0,,,no_observed,0,1,0,0,0,0,0
chubu_site_74970a2d209d,市川大門,chubu,w639813553,lines_only,1,1,0,0,0,0,0,0,0,0,0,,,no_observed,0,1,3,0,1,0,0
chubu_site_74be1e404e0c,下山変電所,chubu,w583912522,none,1,0,2,0,0,0,8,0,0,0,0,,,no_observed,6,8,3,0,0,0,0
chubu_site_74ec47233f32,玉村変電所,chubu,w604170814,conductors_only,1,1,0,1,0,0,0,0,0,0,0,,,no_observed,0,6,0,2,0,0,0
chubu_site_7524689bd18a,飯土井変電所,chubu,w949947712,conductors_only,1,1,0,1,0,0,0,0,0,0,0,,,no_observed,0,5,6,1,0,0,0
chubu_site_75621d646eb2,須雲川変電所,chubu,w409754434,lines_only,1,1,0,0,0,0,0,0,0,0,0,,,no_observed,0,1,3,0,1,0,0
chubu_site_75b0d346ed25,葵区変電所_2,chubu,w618344850,lines_only,1,1,0,0,0,0,0,0,0,0,0,,,no_observed,0,0,2,0,0,0,4
chubu_site_75b53e862b3e,成出変電所,chubu,w1028287101,mapped,1,1,0,1,0,0,1,0,0,1,1,,,no_observed,4,0,9,4,0,0,0
chubu_site_762884e60ef7,上野変電所,chubu,w315614783,mapped,2,2,4,0,2,4,8,0,1,2,2,275/77,275/77,same,5,0,0,0,0,0,0
chubu_site_76999bfbf76b,竜島変電所,chubu,w460113282,lines_only,1,1,0,1,0,0,0,0,0,0,0,,,no_observed,0,3,6,0,2,0,0
chubu_site_7704befe2fa7,鈴鹿変電所,chubu,w500032513,none,0,0,0,0,0,0,0,0,0,0,0,,,no_observed,0,0,3,0,0,0,0
chubu_site_771f14e887cb,刈谷市変電所,chubu,w734013556,lines_only,0,0,0,1,0,0,0,0,0,0,0,,,no_observed,0,3,0,0,0,0,0
chubu_site_7737a92f1fcd,田畑変電所,chubu,w211037497,none,2,0,0,0,0,0,0,0,1,0,0,154/77,,no_observed,0,0,7,0,0,0,0
chubu_site_7785a3f241a5,Yasukiyocho変電所,chubu,w1219903111,lines_only,1,1,0,0,0,0,0,0,0,0,0,,,no_observed,0,1,0,0,1,0,0
chubu_site_77c0b557ccb4,下大榑新田変電所,chubu,w192599334,lines_only,1,1,0,1,0,0,0,0,0,0,0,,,no_observed,0,3,3,0,1,0,0
chubu_site_780b29042985,七宝変電所,chubu,w205345027,lines_only,2,3,0,1,0,0,0,0,1,0,0,154/77,,no_observed,0,3,3,0,1,2,4
chubu_site_7815ba9379b9,手原一丁目変電所,chubu,w1386514692,none,0,0,0,0,0,0,0,0,0,0,0,,,no_observed,0,0,0,0,0,0,0
chubu_site_7826ca2189dd,掛川電力所,chubu,w210090218,lines_only,0,0,0,1,0,0,0,0,0,0,0,,,no_observed,0,3,0,0,0,0,0
chubu_site_782b2f443372,中沖変電所,chubu,w545657802,lines_only,0,1,0,0,0,0,0,0,0,0,0,,,no_observed,0,0,1,0,0,0,2
chubu_site_7853452c5be0,乙黒変電所,chubu,w544323083,lines_only,0,0,0,0,0,0,0,0,0,0,0,,,no_observed,0,1,1,0,0,0,0
chubu_site_78bd0c641adc,島川原変電所,chubu,w252476732,conductors_only,3,3,0,1,0,0,0,0,2,0,0,154/77;77/66,,no_observed,0,5,3,1,2,0,0
chubu_site_78ccf1ff066f,大字須坂変電所,chubu,w133484887,lines_only,1,1,0,0,0,0,0,0,0,0,0,,,no_observed,0,1,0,0,1,0,0
chubu_site_7930af28608f,北野変電所,chubu,w570571541,none,0,0,0,0,0,0,0,0,0,0,0,,,no_observed,0,0,0,0,0,0,0
chubu_site_7940c67c437a,尾崎町変電所,chubu,w1215515076,lines_only,1,1,0,0,0,0,0,0,0,0,0,,,no_observed,0,1,0,0,1,0,0
chubu_site_79477737f7c6,高島市変電所,chubu,w990468670,lines_only,0,0,0,0,0,0,0,0,0,0,0,,,no_observed,0,1,1,0,0,0,0
chubu_site_79bbd7aec6a0,若宮一丁目変電所,chubu,w203378848,lines_only,1,1,0,0,0,0,0,0,0,0,0,,,no_observed,0,1,1,0,1,0,0
chubu_site_79d166abdc56,八床町変電所,chubu,w876390216,lines_only,0,0,0,0,0,0,0,0,0,0,0,,,no_observed,0,1,3,0,0,0,0
chubu_site_7a2db7d778cd,日置江八丁目変電所,chubu,w162060302,lines_only,1,1,0,0,0,0,0,0,0,0,0,,,no_observed,0,1,0,0,1,0,0
chubu_site_7a5252c09363,岩内町変電所_2,chubu,w1028271009,lines_only,0,1,0,0,0,0,0,0,0,0,0,,,no_observed,0,0,0,0,0,0,2
chubu_site_7a82109fefe0,駒形変電所,chubu,w861258711,conductors_only,1,1,0,1,0,0,0,0,0,0,0,,,no_observed,0,2,4,2,0,0,0
chubu_site_7ae89b3e0cf2,田戸町四丁目変電所,chubu,w209980104,lines_only,0,0,0,0,0,0,0,0,0,0,0,,,no_observed,0,1,0,0,0,0,0
chubu_site_7b3f348ce0ef,額田開閉所,chubu,w170247359,conductors_only,1,2,0,1,0,0,0,0,0,0,0,,,no_observed,0,5,0,2,1,0,0
chubu_site_7b477e2ad238,大字縄生変電所,chubu,w184886009,conductors_only,2,1,0,1,0,0,0,0,1,0,0,275/77,,no_observed,0,8,19,0,1,0,0
chubu_site_7b639a54548f,中電猪高変電所,chubu,w153020056,partial,1,1,1,0,1,4,2,5,0,0,0,,,no_observed,2,0,0,2,0,0,2
chubu_site_7b7e4f915d77,新道一丁目変電所,chubu,w587475429,none,0,0,0,0,0,0,0,0,0,0,0,,,no_observed,0,0,0,0,0,0,0
chubu_site_7bc2c865507d,築港変電所,chubu,w177422734,lines_only,2,4,0,2,0,0,0,0,1,0,0,154/77,,no_observed,0,5,3,0,3,2,0
chubu_site_7c11d0d082c9,神谷新町変電所,chubu,w1389547161,none,1,0,0,0,0,0,0,0,0,0,0,,,no_observed,0,0,1,0,0,0,0
chubu_site_7ca729b6240a,川崎町変電所,chubu,w501295513,none,1,0,0,0,0,0,0,0,0,0,0,,,no_observed,0,0,1,0,0,0,0
chubu_site_7cce23914bf6,上吉田七丁目変電所,chubu,w1422819089,lines_only,1,1,0,0,0,0,0,0,0,0,0,,,no_observed,0,1,0,0,1,0,0
chubu_site_7ceb982da81b,新諏訪一丁目変電所,chubu,w679348177,lines_only,0,0,0,0,0,0,0,0,0,0,0,,,no_observed,0,1,2,0,0,0,0
chubu_site_7e6a5cd66c37,神成町二丁目変電所,chubu,w1292416260,conductors_only,1,1,0,1,0,0,0,0,0,0,0,,,no_observed,0,7,3,0,1,0,0
chubu_site_7f9f8ddd1849,北一宮変電所,chubu,w161767713,conductors_only,2,2,0,2,0,0,0,0,1,0,0,154/77,,no_observed,0,10,4,1,1,2,2
chubu_site_7fb28d39f781,,chubu,w1546746990,conductors_only,0,0,0,1,0,0,0,0,0,0,0,,,no_observed,0,3,0,0,0,0,0
chubu_site_7fb38eb57f5d,宮窪変電所,chubu,w865044566,lines_only,0,1,0,0,0,0,0,0,0,0,0,,,no_observed,0,0,1,0,0,0,2
chubu_site_803a34d6635e,鯖江変電所,chubu,w316466741,lines_only,2,2,0,0,0,0,0,0,1,0,0,77/66,,no_observed,0,1,3,0,1,0,0
chubu_site_80467ae8f034,吉岡変電所,chubu,w1083445980,conductors_only,1,1,0,1,0,0,0,0,0,0,0,,,no_observed,0,2,2,2,0,0,0
chubu_site_805d6dc0e6c0,軽井沢変電所,chubu,w1086566676,lines_only,1,1,0,0,0,0,0,0,0,0,0,,,no_observed,0,1,2,0,1,0,0
chubu_site_81a9613eb392,北部変電所,chubu,w161946849,partial,2,2,2,0,3,12,0,0,1,3,0,500/275,,no_observed,6,0,0,3,0,0,0
chubu_site_81e8002c5790,今井四丁目変電所,chubu,w640895147,lines_only,1,1,0,0,0,0,0,0,0,0,0,,,no_observed,0,1,7,0,1,0,0
chubu_site_82331be19481,釜無白根変電所,chubu,w209324329,lines_only,2,2,0,1,0,0,0,0,1,0,0,154/66,,no_observed,0,3,4,0,3,0,2
chubu_site_8240e41c9265,南大垣変電所 (Ogaki Hendensho),chubu,w211946839,lines_only,1,1,0,0,0,0,0,0,0,0,0,,,no_observed,0,1,0,0,0,0,4
chubu_site_82533468dced,四日市変電所,chubu,w973892232,lines_only,0,1,0,0,0,0,0,0,0,0,0,,,no_observed,0,0,0,0,0,0,2
chubu_site_827f23984c27,牛山変電所,chubu,w186511825,lines_only,1,2,0,0,0,0,0,0,0,0,0,,,no_observed,0,2,3,0,1,0,0
chubu_site_82970dacea97,大字東金井変電所,chubu,w184899090,none,2,0,0,0,0,0,0,0,1,0,0,275/77,,no_observed,0,0,28,0,0,0,0
chubu_site_8297fe40e775,笹子変電所,chubu,w1221004896,lines_only,1,1,0,0,0,0,0,0,0,0,0,,,no_observed,0,1,1,0,1,0,0
chubu_site_8314a2209998,塩尻送電所,chubu,w618344826,lines_only,3,1,5,0,0,0,3,0,2,0,0,275/154;154/77,,no_observed,10,2,28,0,1,0,0
chubu_site_833ba0d29817,諏訪変電所,chubu,w141148747,lines_only,2,1,3,0,0,0,1,0,1,0,0,154/77,,no_observed,3,0,1,0,1,0,0
chubu_site_835ddbc02a3f,軽井沢町変電所,chubu,w1462731825,none,1,0,0,0,0,0,0,0,0,0,0,,,no_observed,0,0,1,0,0,0,0
chubu_site_8393cd8dcb07,城東二丁目変電所,chubu,w538113473,none,1,0,2,0,0,0,7,0,0,0,0,,,no_observed,4,0,13,0,0,0,0
chubu_site_83a33a92c760,小松変電所,chubu,w519055296,conductors_only,2,2,0,2,0,0,0,0,1,0,0,154/66,,no_observed,0,5,5,3,1,2,0
chubu_site_840f95fe49a2,御殿場変電所,chubu,w315350048,lines_only,2,2,0,0,0,0,0,0,1,0,0,66/6,,no_observed,0,1,0,0,1,0,0
chubu_site_84775b3fa7d7,富士見町二丁目変電所,chubu,w427086101,lines_only,0,1,0,1,0,0,0,0,0,0,0,,,no_observed,0,2,0,0,0,0,2
chubu_site_84c0a53225da,元島名変電所,chubu,w172578964,conductors_only,1,1,0,1,0,0,0,0,0,0,0,,,no_observed,0,6,0,2,0,0,0
chubu_site_84c6ae1f90a4,須脇町変電所,chubu,w1303913216,none,0,0,0,0,0,0,0,0,0,0,0,,,no_observed,0,0,1,0,0,0,0
chubu_site_84cf482a57ae,羽黒変電所,chubu,w194060044,conductors_only,2,2,0,1,0,0,0,0,1,0,0,154/77,,no_observed,0,5,14,2,1,2,0
chubu_site_850cedde0b17,天菅生町変電所,chubu,w315639820,mapped,2,2,0,2,0,0,2,0,1,3,3,154/77,154/77,same,12,3,23,10,0,0,0
chubu_site_852f25f91cf2,伏屋九丁目変電所,chubu,w161767717,lines_only,1,2,0,1,0,0,0,0,0,0,0,,,no_observed,0,2,0,0,2,0,0
chubu_site_8539d5fc4384,昭和町変電所,chubu,w188317052,conductors_only,2,4,0,3,0,0,0,0,1,0,0,154/77,,no_observed,0,12,5,1,5,0,10
chubu_site_85b34cd9f8b1,波木井変電所,chubu,w1307229262,none,0,0,0,0,0,0,0,0,0,0,0,,,no_observed,0,0,2,0,0,0,0
chubu_site_85c6f304622f,吉良町中野変電所,chubu,w566534529,lines_only,0,0,0,1,0,0,0,0,0,0,0,,,no_observed,0,2,0,0,0,0,0
chubu_site_860a35c19645,初狩変電所,chubu,w202013055,lines_only,1,1,0,0,0,0,0,0,0,0,0,,,no_observed,0,1,1,0,1,0,0
chubu_site_865f5c36b892,伊勢崎変電所,chubu,w1083914929,lines_only,1,1,0,0,0,0,0,0,0,0,0,,,no_observed,0,1,3,0,1,0,0
chubu_site_8689cf412905,浅間温泉一丁目変電所,chubu,w316421001,none,1,0,0,0,0,0,0,0,0,0,0,,,no_observed,0,0,0,0,0,0,0
chubu_site_869096917c0d,加福町三丁目変電所,chubu,w869785326,none,0,0,0,0,0,0,0,0,0,0,0,,,no_observed,0,0,0,0,0,0,0
chubu_site_86b8f75f9d69,諏訪一丁目変電所,chubu,w254306213,lines_only,1,1,0,0,0,0,0,0,0,0,0,,,no_observed,0,1,1,0,1,0,0
chubu_site_86bc3c4ccc63,守護町一丁目変電所,chubu,w980922991,lines_only,0,0,0,0,0,0,0,0,0,0,0,,,no_observed,0,1,1,0,0,0,0
chubu_site_86e6ac0d92f3,松任変電所,chubu,w316207194,conductors_only,3,4,1,0,1,1,0,0,2,0,0,77/66;66/6,,no_observed,0,3,3,1,1,0,2
chubu_site_8719e291e1da,名古屋鉄道株式会社 知立変電所,chubu,w798028139,lines_only,1,0,0,0,0,0,0,0,0,0,0,,,no_observed,0,1,5,0,0,0,0
chubu_site_871b7793457c,荒木田町変電所,chubu,w316250980,none,1,0,0,0,0,0,0,0,0,0,0,,,no_observed,0,0,1,0,0,0,0
chubu_site_872d56f3712e,舟橋変電所 (Funahashi Hendensho),chubu,w324181121,none,2,0,0,1,0,0,2,0,1,0,0,154/66,,no_observed,2,0,1,0,0,0,0
chubu_site_87a41652bbb7,大字音羽変電所,chubu,w209443607,lines_only,0,0,0,0,0,0,0,0,0,0,0,,,no_observed,0,1,0,0,0,0,0
chubu_site_87e830d44fa0,河芸町東千里変電所,chubu,w184553236,lines_only,0,0,0,0,0,0,0,0,0,0,0,,,no_observed,0,1,2,0,0,0,0
chubu_site_87e986ffa4ea,飛騨変換所,chubu,w975217734,lines_only,2,1,0,2,0,0,0,0,1,0,0,500/200,,no_observed,0,4,5,0,2,0,0
chubu_site_8805d87688aa,城変電所_2,chubu,w1028287115,conductors_only,2,1,2,0,1,1,1,0,1,0,0,275/154,,no_observed,3,0,3,2,0,0,0
chubu_site_8841ba2d5ad1,高根町上ケ洞変電所,chubu,w210658603,lines_only,1,1,0,1,0,0,0,0,0,0,0,,,no_observed,0,2,1,0,2,0,0
chubu_site_8878f964d9d9,小沢変電所,chubu,w42745332,lines_only,0,0,0,0,0,0,0,0,0,0,0,,,no_observed,0,1,0,0,0,0,0
chubu_site_88c389866350,静岡変電所,chubu,w459476442,lines_only,2,2,0,2,0,0,0,0,1,0,0,500/275,,no_observed,0,10,15,0,10,0,0
chubu_site_88fc267c977f,深城変電所,chubu,w1078951378,lines_only,3,1,0,0,0,0,0,0,2,0,0,500/66;66/6,,no_observed,0,2,6,0,1,0,0
chubu_site_89f39cea6188,松本市変電所_2,chubu,w324508008,lines_only,1,2,0,0,0,0,0,0,0,0,0,,,no_observed,0,1,0,0,1,0,0
chubu_site_8a02c00766ec,王ケ崎変電所,chubu,w428368309,layout_only,0,1,0,0,0,0,0,0,0,2,0,,,no_observed,0,0,0,0,0,0,2
chubu_site_8a0a4dba115a,河口湖変電所,chubu,w72370159,lines_only,1,1,0,0,0,0,0,0,0,0,0,,,no_observed,0,1,0,0,1,0,0
chubu_site_8a11d780641e,額変電所,chubu,w1028271000,lines_only,2,2,0,1,0,0,0,0,1,0,0,77/6,,no_observed,0,2,0,0,0,2,0
chubu_site_8a1463368328,東塩田変電所,chubu,w1385594185,none,2,0,0,0,0,0,0,0,1,0,0,154/77,,no_observed,0,0,7,0,0,0,0
chubu_site_8a551d965436,成町変電所,chubu,w697270857,none,2,0,1,0,0,0,0,0,1,0,0,77/66,,no_observed,0,0,6,0,0,0,0
chubu_site_8abaa8ac845b,長屋変電所,chubu,w525902195,none,1,0,0,0,0,0,0,0,0,0,0,,,no_observed,0,0,0,0,0,0,0
chubu_site_8b3fcc149513,リニア中央新幹線 名城変電所（建設中）,chubu,w228778757,none,1,0,0,0,0,0,0,0,0,0,0,,,no_observed,0,0,0,0,0,0,0
chubu_site_8b490535e0a2,伊豆市変電所,chubu,w409537773,none,1,0,0,0,0,0,0,0,0,0,0,,,no_observed,0,0,4,0,0,0,0
chubu_site_8b788e7c5b77,浜町変電所_3,chubu,w1303918622,none,0,0,0,0,0,0,0,0,0,0,0,,,no_observed,0,0,0,0,0,0,0
chubu_site_8b79bd1b425a,駒門一丁目変電所,chubu,w726559376,lines_only,0,0,0,0,0,0,0,0,0,0,0,,,no_observed,0,1,3,0,0,0,0
chubu_site_8bac86ef9b9d,新八幡変電所,chubu,w192288085,mapped,3,4,4,0,2,4,8,0,2,2,2,154/77;77/33,154/77,partial,6,4,3,6,0,0,0
chubu_site_8bb71b6d8dd0,衣ケ原三丁目変電所,chubu,w253511922,lines_only,1,1,0,0,0,0,0,0,0,0,0,,,no_observed,0,1,0,0,1,0,0
chubu_site_8bd4e3a63316,久々湊変電所,chubu,w1200664608,lines_only,1,1,2,0,0,0,9,0,0,0,0,,,no_observed,7,1,16,0,1,0,0
chubu_site_8beedd0fd8eb,関ケ原町変電所,chubu,w192264747,lines_only,0,0,0,0,0,0,0,0,0,0,0,,,no_observed,0,1,6,0,0,0,0
chubu_site_8c2e79d4ba4c,武芸川変電所,chubu,w641061999,none,0,0,0,0,0,0,0,0,0,0,0,,,no_observed,0,0,0,0,0,0,0
chubu_site_8c632de023a5,瀬戸変電所,chubu,w169121284,partial,2,1,1,0,1,1,0,0,1,2,0,275/77,,no_observed,8,2,10,4,0,0,4
chubu_site_8cda78f90c66,南福光連系所,chubu,w169249243,mapped,1,2,0,1,0,0,2,0,0,1,1,,,no_observed,6,0,9,2,0,0,0
chubu_site_8d3d495cd7d9,大月変電所,chubu,w72241064,conductors_only,1,1,1,0,1,1,0,0,0,0,0,,,no_observed,5,0,10,3,0,0,0
chubu_site_8d3d91fee7f8,中部電力南山変電所,chubu,w959121449,none,0,0,0,0,0,0,0,0,0,0,0,,,no_observed,0,0,0,0,0,0,0
chubu_site_8d824dfb9eec,中郷一丁目変電所,chubu,w211258354,lines_only,1,1,0,0,0,0,0,0,0,0,0,,,no_observed,0,0,0,0,0,0,2
chubu_site_8d85c4c9ddbb,丸山変電所 (Maruyama Hendensho),chubu,w192745005,lines_only,2,3,0,0,0,0,0,0,1,0,0,275/154,,no_observed,0,2,4,0,1,0,0
chubu_site_8db76f6decbf,波岡変電所,chubu,w973892227,partial,2,3,0,1,0,0,1,0,1,3,3,66/6,66/6,same,3,0,7,1,0,0,0
chubu_site_8ddadc65e4ff,田口発電所変電設備,chubu,w484344792,lines_only,1,1,0,1,0,0,0,0,0,0,0,,,no_observed,0,3,4,0,2,0,0
chubu_site_8e0732476f42,矢作町変電所,chubu,w615802038,none,0,0,0,0,0,0,0,0,0,0,0,,,no_observed,0,0,1,0,0,0,0
chubu_site_8e84706dfc26,秋常町変電所,chubu,w316207196,none,1,0,0,0,0,0,0,0,0,0,0,,,no_observed,0,0,3,0,0,0,0
chubu_site_90d458227ffa,勝堂変電所,chubu,w190725701,none,1,0,0,0,0,0,0,0,0,0,0,,,no_observed,0,0,1,0,0,0,0
chubu_site_91a68e6e0a05,剣崎変電所,chubu,w252763278,conductors_only,1,1,0,1,0,0,0,0,0,0,0,,,no_observed,0,6,0,2,0,0,0
chubu_site_91b6446a72e8,射水市変電所,chubu,w642334416,lines_only,2,1,0,1,0,0,0,0,1,0,0,275/154,,no_observed,0,4,10,0,4,0,0
chubu_site_91bcbdccb669,大桑村変電所,chubu,w1346994983,none,1,0,0,0,0,0,0,0,0,0,0,,,no_observed,0,0,2,0,0,0,0
chubu_site_91f26115d615,鷺の宮変電所,chubu,w192223937,none,1,0,0,0,0,0,0,0,0,0,0,,,no_observed,0,0,0,0,0,0,0
chubu_site_9290817d0b46,前渡変電所,chubu,w82784051,none,0,0,0,0,0,0,0,0,0,0,0,,,no_observed,0,0,0,0,0,0,0
chubu_site_9303903b357d,奥多摩変電所,chubu,w903583921,lines_only,1,1,0,1,0,0,0,0,0,0,0,,,no_observed,0,3,0,0,2,0,0
chubu_site_9339d491e9ad,松井田変電所,chubu,w519907765,conductors_only,2,1,0,1,0,0,0,0,1,0,0,66/1,,no_observed,0,2,3,1,0,0,0
chubu_site_9348981b87ed,上東郷町変電所,chubu,w778736046,lines_only,1,1,0,1,0,0,0,0,0,0,0,,,no_observed,0,3,0,0,1,0,0
chubu_site_93ac58bcdf6f,中宿変電所,chubu,w519125412,conductors_only,1,1,0,1,0,0,0,0,0,0,0,,,no_observed,0,5,1,1,0,0,0
chubu_site_93fed41b3750,小中山町変電所,chubu,w170260161,none,1,0,0,0,0,0,1,0,0,0,0,,,no_observed,1,0,0,0,0,0,0
chubu_site_94f3a8814b59,新町変電所_2,chubu,w733846152,lines_only,1,1,0,0,0,0,0,0,0,0,0,,,no_observed,0,1,7,0,1,0,0
chubu_site_94fa39cf3e90,半田町変電所,chubu,w192170722,none,0,0,0,0,0,0,0,0,0,0,0,,,no_observed,0,0,0,0,0,0,0
chubu_site_94fe6ee3b92c,宮東町一丁目変電所,chubu,w619265279,lines_only,0,0,0,1,0,0,0,0,0,0,0,,,no_observed,0,2,2,0,0,0,0
chubu_site_950c40a32db9,上久屋開閉所,chubu,w1083451868,layout_only,1,1,0,0,0,0,0,1,0,0,0,,,no_observed,0,1,2,1,0,0,0
chubu_site_9515e7336e1b,篠原町変電所,chubu,w1246047888,layout_only,0,0,0,0,0,0,0,0,0,1,0,,,no_observed,0,1,1,0,0,0,0
chubu_site_95260c3d5544,武佐変電所,chubu,w253595105,lines_only,2,1,0,0,0,0,0,0,1,0,0,77/33,,no_observed,0,0,5,0,0,0,2
chubu_site_953fc2897007,中川変電所,chubu,w196678365,lines_only,1,1,0,0,0,0,0,0,0,0,0,,,no_observed,0,1,3,0,1,0,0
chubu_site_9542db118f0f,上ノ原変電所_2,chubu,w1252603150,lines_only,2,0,2,0,0,0,1,0,1,0,0,275/77,,no_observed,15,2,9,0,0,0,0
chubu_site_95511dd2cd98,桜田町変電所,chubu,w241916073,lines_only,1,1,0,1,0,0,0,0,0,0,0,,,no_observed,0,2,5,0,2,7,0
chubu_site_95578b3506c2,土山町変電所,chubu,w241802019,lines_only,0,1,0,0,0,0,0,0,0,0,0,,,no_observed,0,1,0,0,1,0,0
chubu_site_95755daf77fc,韮崎市変電所,chubu,w690205356,lines_only,0,1,0,0,0,0,0,0,0,0,0,,,no_observed,0,0,0,0,0,0,2
chubu_site_958ad455428b,新居町五丁目変電所,chubu,w1054963475,none,0,0,0,0,0,0,0,0,0,0,0,,,no_observed,0,0,0,0,0,0,0
chubu_site_95a6fa0ac558,山田変電所,chubu,w519643063,lines_only,1,1,0,1,0,0,0,0,0,0,0,,,no_observed,0,2,0,0,0,2,0
chubu_site_96321eeec51d,青部変電所,chubu,w546966886,lines_only,3,2,0,0,0,0,0,0,2,0,0,275/154;154/77,,no_observed,0,3,9,0,2,0,2
chubu_site_96fc469a784a,西貝塚変電所,chubu,w427103831,conductors_only,1,1,0,1,0,0,0,0,0,0,0,,,no_observed,0,6,0,0,1,0,2
chubu_site_970b72f28b2a,小田原市変電所,chubu,w190031849,none,1,0,1,0,0,0,0,0,0,0,0,,,no_observed,1,0,0,0,0,0,0
chubu_site_9718965b3c3d,大柳南変電所,chubu,w1324279353,lines_only,0,0,0,0,0,0,0,0,0,0,0,,,no_observed,0,0,3,0,0,0,0
chubu_site_97b2a82bcac7,五個荘町変電所,chubu,w1284143088,none,1,0,0,0,0,0,0,0,0,0,0,,,no_observed,0,0,3,0,0,0,0
chubu_site_97b2d3366191,大町市変電所_4,chubu,w492285450,lines_only,0,0,0,1,0,0,0,0,0,0,0,,,no_observed,0,3,6,0,0,0,0
chubu_site_97c00fc34110,弥次ヱ町四丁目変電所,chubu,w177660150,lines_only,1,1,0,0,0,0,0,0,0,0,0,,,no_observed,0,1,3,0,1,0,0
chubu_site_98261c899a98,鳥取町変電所,chubu,w702578661,conductors_only,1,1,0,1,0,0,0,0,0,0,0,,,no_observed,0,9,0,1,0,0,0
chubu_site_983fd580fb5e,名南変電所,chubu,w169523646,conductors_only,2,3,0,3,0,0,0,0,1,0,0,154/77,,no_observed,0,31,0,2,3,0,2
chubu_site_985f210701d1,飯田町変電所_2,chubu,w504531749,lines_only,0,0,0,0,0,0,0,0,0,0,0,,,no_observed,0,1,1,0,0,0,0
chubu_site_98cc7455216e,白樫変電所,chubu,w485668116,lines_only,1,1,0,1,0,0,0,0,0,0,0,,,no_observed,0,2,2,0,1,3,2
chubu_site_98fd14d469d2,南福光変電所,chubu,w1028271141,mapped,1,2,0,1,0,0,2,0,0,1,1,,,no_observed,6,0,9,4,0,0,0
chubu_site_98ff5247e8ed,奥の谷変電所,chubu,w793576729,lines_only,0,0,0,1,0,0,0,0,0,0,0,,,no_observed,0,2,0,0,0,0,0
chubu_site_99119f748ba8,犬島四丁目変電所,chubu,w538464206,conductors_only,1,2,4,0,1,4,11,0,0,0,0,,,no_observed,15,16,5,8,1,0,2
chubu_site_9920b0dbca8a,電源名古屋,chubu,w169121278,partial,2,3,2,1,1,2,0,0,1,5,0,275/154,,no_observed,1,20,25,32,6,0,16
chubu_site_992396689a68,樋ノ水町変電所,chubu,w1306682302,none,0,0,0,0,0,0,0,0,0,0,0,,,no_observed,0,0,3,0,0,0,0
chubu_site_993edfceda5d,東京電力パワーグリッド株式会社武田変電所,chubu,w802457870,lines_only,1,1,0,0,0,0,0,0,0,0,0,,,no_observed,0,1,0,0,1,0,0
chubu_site_994a71f23fd5,東長野変電所 (Higashi-Nagano Hendensho),chubu,w133676902,lines_only,1,1,0,0,0,0,0,0,0,0,0,,,no_observed,0,1,0,0,1,0,0
chubu_site_9970876f722a,原里変電所,chubu,w191725217,lines_only,2,3,0,0,0,0,0,0,1,0,0,66/6,,no_observed,0,1,4,0,1,3,2
chubu_site_9993602c9d3c,浅田変電所,chubu,w192435825,lines_only,0,0,0,0,0,0,0,0,0,0,0,,,no_observed,0,1,1,0,0,0,0
chubu_site_99d589120773,水橋開発変電所,chubu,w642356986,none,0,0,0,0,0,0,0,0,0,0,0,,,no_observed,0,0,0,0,0,0,0
chubu_site_99ff2217c827,貴布祢変電所,chubu,w170366037,lines_only,1,0,0,1,0,0,0,0,0,0,0,,,no_observed,0,2,3,0,0,0,0
chubu_site_9a0bd9edae6e,草島変電所,chubu,w642334417,conductors_only,1,1,2,0,1,2,10,0,0,0,0,,,no_observed,5,1,10,5,1,0,0
chubu_site_9a2777483e04,浅羽変電所,chubu,w677532709,lines_only,1,1,0,0,0,0,0,0,0,0,0,,,no_observed,0,1,0,0,1,0,2
chubu_site_9a49ca425f11,新福寺町二丁目変電所,chubu,w210204798,lines_only,1,2,0,0,0,0,0,0,0,0,0,,,no_observed,0,1,1,0,1,0,0
chubu_site_9a569a29d41c,清水区変電所,chubu,w618344845,none,1,0,0,0,0,0,0,0,0,0,0,,,no_observed,0,0,3,0,0,0,0
chubu_site_9a676657852b,穂高変電所,chubu,w316421006,lines_only,1,2,0,0,0,0,0,0,0,0,0,,,no_observed,0,1,8,0,1,0,0
chubu_site_9a90961e886b,蓮台寺町変電所,chubu,w964476945,none,0,0,0,0,0,0,0,0,0,0,0,,,no_observed,0,0,1,0,0,0,0
chubu_site_9a933ce3635f,安濃町内多変電所,chubu,w1435924982,lines_only,1,0,0,0,0,0,0,0,0,0,0,,,no_observed,0,1,3,0,0,0,0
chubu_site_9aac1b2c4147,有松変電所,chubu,w1478555386,none,2,0,0,0,0,0,0,0,1,0,0,154/77,,no_observed,0,0,3,0,0,0,0
chubu_site_9ae4d1b98d60,宮島変電所,chubu,w1202388035,lines_only,2,2,0,0,0,0,0,0,1,0,0,66/6,,no_observed,0,1,0,0,1,0,0
chubu_site_9b2b85264ae8,鶴見町変電所,chubu,w1323877876,none,0,0,0,0,0,0,0,0,0,0,0,,,no_observed,0,0,2,0,0,0,0
chubu_site_9b2ec924b742,三穂変電所_2,chubu,w918067194,none,0,0,0,0,0,0,0,0,0,0,0,,,no_observed,0,0,4,0,0,0,0
chubu_site_9b84f6d5b344,岳南変電所,chubu,w640895151,conductors_only,2,2,0,1,0,0,0,0,1,0,0,154/66,,no_observed,0,4,8,1,1,0,0
chubu_site_9b96777c2b33,東清水変電所,chubu,w168247133,partial,3,4,0,2,0,0,3,4,2,8,6,275/154;154/77,275/77,contradicts,3,2,8,1,2,0,0
chubu_site_9ba20bcc50da,森変電所,chubu,w708293549,lines_only,1,1,0,0,0,0,0,0,0,0,0,,,no_observed,0,2,5,0,1,0,0
chubu_site_9bf31b131613,中村変電所,chubu,w344466411,none,0,0,0,0,0,0,0,0,0,0,0,,,no_observed,0,0,0,0,0,0,0
chubu_site_9c0030814e12,倉渕変電所,chubu,w1084983554,lines_only,1,1,0,0,0,0,0,0,0,0,0,,,no_observed,0,1,3,0,1,0,0
chubu_site_9cbacec30725,緑区変電所,chubu,w211258356,conductors_only,1,1,0,1,0,0,0,0,0,0,0,,,no_observed,0,5,0,3,0,0,0
chubu_site_9d5f643eeed0,中瀬変電所,chubu,w426514385,lines_only,0,0,0,0,0,0,0,0,0,0,0,,,no_observed,0,1,0,0,0,0,0
chubu_site_9d62f21d4b04,小諏訪変電所,chubu,w409159602,lines_only,1,1,0,0,0,0,0,0,0,0,0,,,no_observed,0,1,0,0,1,0,0
chubu_site_9d78d0daea12,舟橋変電所,chubu,w316250976,mapped,1,1,0,1,0,0,2,0,0,2,2,,,no_observed,2,3,3,1,0,0,0
chubu_site_9da7645073fe,春日寺二丁目変電所,chubu,w186511836,none,0,0,0,0,0,0,0,0,0,0,0,,,no_observed,0,0,5,0,0,0,0
chubu_site_9ddf20018a08,吉野町変電所,chubu,w245414521,lines_only,1,1,0,0,0,0,0,0,0,0,0,,,no_observed,0,1,3,0,1,0,0
chubu_site_9de282cb219b,打越変電所,chubu,w1527738870,lines_only,0,1,0,0,0,0,0,0,0,0,0,,,no_observed,0,0,0,0,0,0,2
chubu_site_9e003ec1df93,宮元町変電所,chubu,w383615355,none,1,0,0,0,0,0,0,0,0,0,0,,,no_observed,0,0,0,0,0,0,0
chubu_site_9e536995ad60,向宿一丁目変電所,chubu,w192549647,lines_only,0,0,0,0,0,0,0,0,0,0,0,,,no_observed,0,1,0,0,0,0,0
chubu_site_9f06d57db731,港区変電所,chubu,w1328436120,lines_only,2,0,0,0,0,0,0,0,1,0,0,154/77,,no_observed,0,1,7,0,0,0,0
chubu_site_9f14fafe790a,飯田町変電所,chubu,w544110408,lines_only,1,1,0,1,0,0,0,0,0,0,0,,,no_observed,0,2,1,0,2,0,0
chubu_site_9f8eb25696c9,三ツ渕変電所,chubu,w209518490,lines_only,1,2,0,1,0,0,0,0,0,0,0,,,no_observed,0,4,0,0,2,2,2
chubu_site_9f9376834fb0,祖父江町祖父江変電所,chubu,w1329171243,lines_only,0,0,0,0,0,0,0,0,0,0,0,,,no_observed,0,1,1,0,0,0,0
chubu_site_9f9950e51c54,北駿変電所,chubu,w202490125,lines_only,2,2,0,1,0,0,0,0,1,0,0,154/66,,no_observed,0,2,1,0,0,2,2
chubu_site_9fabc9bafc1f,坂城変電所,chubu,w638317389,lines_only,1,1,0,0,0,0,0,0,0,0,0,,,no_observed,0,1,0,0,1,0,0
chubu_site_9fb06e7cd2b1,石和町松本変電所,chubu,w209324335,lines_only,0,1,0,0,0,0,0,0,0,0,0,,,no_observed,0,0,0,0,0,0,2
chubu_site_9fc5aa6040e6,掛川市変電所,chubu,w793459682,lines_only,0,0,0,0,0,0,0,0,0,0,0,,,no_observed,0,1,2,0,0,0,0
chubu_site_9ff7034e0624,平出発電所,chubu,n4868935278,none,0,0,0,0,0,0,0,0,0,0,0,,,no_observed,0,0,0,0,0,0,0
chubu_site_a0048cdbe460,戸出変電所,chubu,w976019671,partial,2,3,2,0,1,2,6,0,1,2,2,66/6,66/6,same,6,5,9,7,0,0,0
chubu_site_a054309d85df,名古屋市交通局 大久手変電所,chubu,n11330498338,none,0,0,0,0,0,0,0,0,0,0,0,,,no_observed,0,0,0,0,0,0,0
chubu_site_a07f40ff718f,平米町変電所,chubu,w976028426,partial,2,3,0,1,0,0,1,0,1,2,2,66/6,66/6,same,2,3,0,1,0,0,0
chubu_site_a0c96d77c12f,東長江町変電所_2,chubu,w1427956039,none,2,0,0,2,0,0,2,0,1,0,0,154/77,,no_observed,8,0,11,0,0,0,0
chubu_site_a0eb524d6b41,県一丁目変電所,chubu,w686808175,lines_only,0,0,0,0,0,0,0,0,0,0,0,,,no_observed,0,1,1,0,0,0,0
chubu_site_a16674c68243,塩浜町変電所,chubu,w1459064281,lines_only,0,0,0,0,0,0,0,0,0,0,0,,,no_observed,0,1,0,0,0,0,0
chubu_site_a18a63048c1c,八重原変電所,chubu,w738015268,lines_only,1,1,0,1,0,0,0,0,0,0,0,,,no_observed,0,3,0,0,3,0,0
chubu_site_a19a0bd90dc9,神戸六丁目変電所,chubu,w436831739,none,1,0,0,0,0,0,0,0,0,0,0,,,no_observed,0,0,4,0,0,0,0
chubu_site_a1af090c5b4f,寿町三丁目変電所,chubu,w324868979,lines_only,1,1,1,0,0,0,0,0,0,0,0,,,no_observed,1,1,1,0,0,0,0
chubu_site_a1b6279863b0,旭町変電所,chubu,w512833753,lines_only,0,0,0,0,0,0,0,0,0,0,0,,,no_observed,0,1,0,0,0,0,0
chubu_site_a1f62ffb9200,中部電力パワーグリッド株式会社 舞阪変電所,chubu,w656871572,lines_only,1,1,0,0,0,0,0,0,0,0,0,,,no_observed,0,2,1,0,1,0,0
chubu_site_a23e633d4080,中変電所,chubu,w409537769,lines_only,1,1,0,0,0,0,0,0,0,0,0,,,no_observed,0,1,3,0,1,0,0
chubu_site_a25486ec2740,高蔵寺変電所,chubu,n11953860395,none,2,0,0,0,0,0,0,0,1,0,0,77/6,,no_observed,0,1,1,0,0,0,0
chubu_site_a37152682534,清水町二丁目変電所,chubu,w980531587,partial,2,3,2,0,1,2,5,0,1,2,2,66/6,66/6,same,4,0,8,4,0,0,0
chubu_site_a393060b98d2,苗木変電所,chubu,w1429460526,conductors_only,2,2,0,1,0,0,0,0,1,0,0,77/6,,no_observed,0,5,0,1,0,0,0
chubu_site_a3ac79e315fc,裾野変電所,chubu,w1205918193,lines_only,2,2,0,0,0,0,0,0,1,0,0,66/6,,no_observed,0,0,0,0,0,0,2
chubu_site_a3fe88cf7c7a,来宮変電所,chubu,w377819034,conductors_only,1,1,0,1,1,1,1,0,0,0,0,,,no_observed,1,5,0,1,0,0,0
chubu_site_a408789ad7bf,本巣市変電所,chubu,w832823487,conductors_only,1,1,0,1,0,0,1,0,0,0,0,,,no_observed,2,0,3,2,0,0,0
chubu_site_a411f6fad151,大府変電所,chubu,w275867620,lines_only,1,1,0,1,0,0,0,0,0,0,0,,,no_observed,0,2,1,0,2,0,2
chubu_site_a458fb5cab50,米原変電所,chubu,w316459363,lines_only,1,2,0,0,0,0,0,0,0,0,0,,,no_observed,0,1,6,0,1,0,0
chubu_site_a47e92a7c1e2,中部電力(株) 赤坂変電所,chubu,w382133487,lines_only,0,0,0,0,0,0,0,0,0,0,0,,,no_observed,0,1,1,0,0,0,0
chubu_site_a498134d18a0,小諸市変電所,chubu,w677523411,none,0,0,0,0,0,0,0,0,0,0,0,,,no_observed,0,0,0,0,0,0,0
chubu_site_a4dd145e909b,土樽変電所_2,chubu,w760531676,none,0,0,0,0,0,0,0,0,0,0,0,,,no_observed,0,0,3,0,0,0,0
chubu_site_a56e3d900159,宝二丁目変電所,chubu,w923032421,lines_only,1,0,0,0,0,0,0,0,0,0,0,,,no_observed,0,1,5,0,0,0,0
chubu_site_a59bd452a873,鞍掛変電所,chubu,w614327627,lines_only,1,1,0,0,0,0,0,0,0,0,0,,,no_observed,0,1,0,0,0,3,0
chubu_site_a5c3a2af1785,大津変電所,chubu,w520108664,none,1,0,0,0,0,0,0,0,0,0,0,,,no_observed,0,0,3,0,0,0,0
chubu_site_a5e26df0f313,北野変電所_2,chubu,w662057594,none,0,0,0,0,0,0,0,0,0,0,0,,,no_observed,0,0,0,0,0,0,0
chubu_site_a62f6f51ae2e,大畑町変電所,chubu,w1107241398,none,0,0,0,0,0,0,0,0,0,0,0,,,no_observed,0,0,0,0,0,0,0
chubu_site_a62fbee63008,中央新幹線 都留変電所,chubu,w341224663,partial,1,1,0,1,0,0,0,0,0,2,2,,,no_observed,0,2,3,2,0,0,4
chubu_site_a63f5bf1aec7,大胡変電所,chubu,w951591979,partial,1,1,0,0,0,0,0,1,0,1,0,,,no_observed,0,1,11,0,1,0,0
chubu_site_a648ca54a2e1,沼田変電所,chubu,w1046064523,conductors_only,1,1,0,1,0,0,0,0,0,0,0,,,no_observed,0,2,3,1,0,0,0
chubu_site_a6e4fa4711df,東射水変電所,chubu,w1200664613,lines_only,0,0,0,0,0,0,0,0,0,0,0,,,no_observed,0,1,1,0,0,0,0
chubu_site_a6fef7619010,八ツ沢変電所,chubu,w1081219739,lines_only,2,2,0,1,0,0,0,0,1,0,0,77/66,,no_observed,0,3,0,0,3,0,0
chubu_site_a70283d637d3,安城市変電所_2,chubu,w1303913199,lines_only,1,0,0,0,0,0,0,0,0,0,0,,,no_observed,0,1,4,0,0,0,0
chubu_site_a70df342b1c1,新富町変電所,chubu,w553960206,none,1,0,0,0,0,0,0,0,0,0,0,,,no_observed,0,0,1,0,0,0,0
chubu_site_a7160ef5bbe5,緑が浜変電所,chubu,w422886913,lines_only,0,0,0,0,0,0,0,0,0,0,0,,,no_observed,0,1,2,0,0,0,0
chubu_site_a75d0c82e43e,,chubu,w1503500569,lines_only,0,0,0,0,0,0,0,0,0,0,0,,,no_observed,0,1,2,0,0,0,0
chubu_site_a80412682b43,中宿一丁目変電所,chubu,w1025139276,none,1,0,0,0,0,0,0,0,0,0,0,,,no_observed,0,0,6,0,0,0,0
chubu_site_a849990fc96a,沼津変電所,chubu,w1411808320,none,1,0,1,0,0,0,0,0,0,0,0,,,no_observed,4,0,5,0,0,0,0
chubu_site_a89f4abfc805,岩水寺変電所,chubu,w428916267,conductors_only,0,0,0,1,0,0,0,0,0,0,0,,,no_observed,0,2,3,0,0,0,0
chubu_site_a8aab0130ca4,小海町変電所_2,chubu,w738027103,lines_only,1,1,0,0,0,0,0,0,0,0,0,,,no_observed,0,1,3,0,1,0,0
chubu_site_a8e64293c629,山代温泉変電所,chubu,w1323865877,lines_only,1,1,0,0,0,0,0,0,0,0,0,,,no_observed,0,1,0,0,1,0,0
chubu_site_a8fde4a8a6dd,扇町五丁目変電所,chubu,w567187888,none,3,0,0,0,0,0,0,0,2,0,0,77/66;66/22,,no_observed,0,0,14,0,0,0,0
chubu_site_a926c935bc75,大字椋岡変電所,chubu,w1303830156,none,0,0,0,0,0,0,0,0,0,0,0,,,no_observed,0,0,1,0,0,0,0
chubu_site_a959aff5f09c,北陸電力送配電,chubu,w1256747262,none,1,0,2,0,0,0,7,0,0,0,0,,,no_observed,4,0,6,0,0,0,0
chubu_site_a96d813df241,揖斐変電所,chubu,w1221353543,lines_only,0,0,0,1,0,0,0,0,0,0,0,,,no_observed,0,3,2,0,0,0,0
chubu_site_a9c7b61b0868,南信変電所,chubu,w209429410,partial,2,2,0,1,0,0,0,0,1,2,1,500/154,500/154,same,0,3,0,2,1,0,6
chubu_site_a9e32f52de76,城端開閉所,chubu,w315757225,conductors_only,1,1,2,0,1,2,11,0,0,0,0,,,no_observed,11,0,20,11,0,0,0
chubu_site_aa19d228d1dc,宮川町野首変電所,chubu,w1281327977,lines_only,0,0,0,0,0,0,0,0,0,0,0,,,no_observed,0,1,1,0,0,0,0
chubu_site_aa373064bbac,原二丁目変電所,chubu,w242872950,conductors_only,2,2,0,0,0,0,0,0,1,0,0,154/77,,no_observed,0,0,7,3,0,2,0
chubu_site_ac409d3959db,鵜沼川崎町変電所,chubu,w704200864,none,0,0,0,0,0,0,0,0,0,0,0,,,no_observed,0,0,0,0,0,0,0
chubu_site_ac497648c76a,西崎町三丁目変電所,chubu,w643351043,none,0,0,0,0,0,0,0,0,0,0,0,,,no_observed,0,0,2,0,0,0,0
chubu_site_ac9b86890fe5,長柄町変電所,chubu,w1256591915,partial,2,3,0,1,0,0,1,0,1,2,2,77/6,77/6,same,4,0,6,4,0,0,0
chubu_site_acba9f644f41,東日本旅客鉄道(株)神保原変電所,chubu,w646863233,none,1,0,0,0,0,0,0,0,0,0,0,,,no_observed,0,0,5,0,0,0,0
chubu_site_ad8dd830c6ca,日野変電所,chubu,w893890606,lines_only,0,0,0,1,0,0,0,0,0,0,0,,,no_observed,0,2,1,0,0,0,0
chubu_site_aded7395a25a,横瀬変電所,chubu,w1131420216,lines_only,1,1,0,1,0,0,0,0,0,0,0,,,no_observed,0,2,0,0,0,2,0
chubu_site_ae07cbc32764,,chubu,w1536375890,lines_only,0,0,0,0,0,0,0,0,0,0,0,,,no_observed,0,1,1,0,0,0,0
chubu_site_ae15baf120f1,下青野変電所,chubu,n4456592589,none,1,0,0,0,0,0,0,0,0,0,0,,,no_observed,0,0,2,0,0,0,0
chubu_site_ae1f28381c8f,西毛変電所,chubu,w170767190,mapped,2,2,2,0,2,6,8,0,1,2,2,275/66,275/66,same,12,3,9,5,0,0,0
chubu_site_af475d035d48,長野市変電所_2,chubu,w525070129,none,1,0,0,0,0,0,0,0,0,0,0,,,no_observed,0,0,0,0,0,0,0
chubu_site_af7f78cc31a0,葵区変電所,chubu,w618344847,lines_only,1,1,0,2,0,0,0,0,0,0,0,,,no_observed,0,4,1,0,2,0,0
chubu_site_af8cb46e2e6a,中野変電所,chubu,w320536926,partial,2,3,0,1,0,0,1,0,1,3,3,66/6,66/6,same,7,0,5,4,0,0,0
chubu_site_afa4beb8edeb,上ノ原変電所_3,chubu,w1252603234,partial,2,0,2,0,0,0,1,0,1,1,0,275/77,,no_observed,15,0,68,0,0,0,0
chubu_site_afa4df134c8a,中部電力パワーグリッド(株)古宿変電所,chubu,w217066654,none,0,0,0,0,0,0,0,0,0,0,0,,,no_observed,0,0,0,0,0,0,0
chubu_site_afabe9c03728,韮山変電所,chubu,w1317812817,lines_only,0,1,0,0,0,0,0,0,0,0,0,,,no_observed,0,0,0,0,0,0,2
chubu_site_afd63fa1d34b,,chubu,w422875113,lines_only,0,0,0,0,0,0,0,0,0,0,0,,,no_observed,0,1,0,0,0,0,0
chubu_site_aff4b0f34cc3,郡上市変電所,chubu,w1040082964,lines_only,1,1,0,0,0,0,0,0,0,0,0,,,no_observed,0,1,0,0,1,0,0
chubu_site_b004b33dc8d0,下八ケ変電所,chubu,w976023694,lines_only,1,1,0,0,0,0,0,0,0,0,0,,,no_observed,0,0,4,0,0,3,2
chubu_site_b023032f5780,安曇野市変電所,chubu,n12091390840,none,0,0,0,0,0,0,0,0,0,0,0,,,no_observed,0,0,0,0,0,0,0
chubu_site_b0516b6307e5,黒部市変電所_2,chubu,w608911203,conductors_only,1,1,0,1,0,0,2,0,0,0,0,,,no_observed,4,2,9,2,2,0,0
chubu_site_b071b5e54b6e,中央新幹線 新中津川変電所計画地,chubu,n12513291441,none,0,0,0,0,0,0,0,0,0,0,0,,,no_observed,0,0,0,0,0,0,0
chubu_site_b0e289a6eab9,園原変電所,chubu,w1038994051,lines_only,0,0,0,0,0,0,0,0,0,0,0,,,no_observed,0,1,0,0,0,0,0
chubu_site_b0f6138a5e89,赤坂大門三丁目変電所,chubu,w211946855,lines_only,2,1,0,0,0,0,0,0,1,0,0,275/77,,no_observed,0,1,4,0,0,3,0
chubu_site_b0f681729793,笹岡開閉所,chubu,w428920593,conductors_only,0,0,0,1,0,0,0,0,0,0,0,,,no_observed,0,9,2,0,0,0,0
chubu_site_b10e13987983,東日本旅客鉄道 海ノ口変電所,chubu,w182855518,none,0,0,0,0,0,0,0,0,0,0,0,,,no_observed,0,0,0,0,0,0,0
chubu_site_b148541ba011,鮎川変電所,chubu,w962494351,conductors_only,2,1,2,0,0,0,8,0,1,0,0,275/66,,no_observed,12,2,4,1,0,0,0
chubu_site_b1eeab514b0c,田野倉変電所,chubu,w341217005,lines_only,1,1,0,1,0,0,0,0,0,0,0,,,no_observed,0,2,12,0,2,0,0
chubu_site_b21fcab6634a,浦田変電所,chubu,w538851257,none,0,0,0,0,0,0,0,0,0,0,0,,,no_observed,0,0,5,0,0,0,0
chubu_site_b2403521f5bc,諏訪三丁目変電所,chubu,w287886967,none,0,0,0,0,0,0,0,0,0,0,0,,,no_observed,0,0,2,0,0,0,0
chubu_site_b283c29e9ac8,海岸通変電所,chubu,w708293554,lines_only,0,0,0,0,0,0,0,0,0,0,0,,,no_observed,0,1,0,0,0,0,0
chubu_site_b2cb5386c1f9,学戸六丁目変電所,chubu,w181370874,none,0,0,0,1,0,0,1,0,0,0,0,,,no_observed,2,0,0,0,0,0,0
chubu_site_b3cc2f3ce7cc,西部変電所,chubu,w170537514,partial,2,4,2,0,3,16,0,6,1,3,2,500/275,500/275,same,12,3,15,5,3,0,0
chubu_site_b3e5e8b479fa,幸田町変電所,chubu,w824637957,none,0,0,0,0,0,0,0,0,0,0,0,,,no_observed,0,0,0,0,0,0,0
chubu_site_b3f1581a2e4d,武州中川変電所,chubu,w73816638,conductors_only,3,1,4,0,0,0,19,0,2,0,0,154/66;66/33,,no_observed,10,5,21,1,0,0,0
chubu_site_b40ce040e796,倉平変電所,chubu,w679348174,none,0,0,0,0,0,0,0,0,0,0,0,,,no_observed,0,0,0,0,0,0,0
chubu_site_b4300d007461,中勢変電所,chubu,w242532736,lines_only,2,3,0,2,0,0,0,0,1,0,0,275/77,,no_observed,0,6,3,0,5,0,0
chubu_site_b4d843edc7d5,松本市変電所,chubu,w324508003,lines_only,1,2,0,0,0,0,0,0,0,0,0,,,no_observed,0,1,0,0,1,0,0
chubu_site_b4f1f2319249,三日曽根変電所,chubu,w537533302,none,0,0,0,0,0,0,0,0,0,0,0,,,no_observed,0,0,0,0,0,0,0
chubu_site_b55e8d068825,川北変電所,chubu,w316207197,conductors_only,1,1,0,1,0,0,0,0,0,0,0,,,no_observed,0,5,0,1,0,0,0
chubu_site_b58b1afe95de,川根本町変電所,chubu,w546942022,lines_only,3,1,0,0,0,0,0,0,2,0,0,275/154;154/77,,no_observed,0,1,11,0,1,0,0
chubu_site_b5b8fd7bdb8f,塚原変電所,chubu,w559673635,mapped,2,4,5,0,2,7,21,0,1,3,3,154/66,154/66,same,17,12,15,13,0,0,2
chubu_site_b6181d79a2a9,川口町五丁目変電所,chubu,w170247393,lines_only,2,1,0,1,0,0,0,0,1,0,0,275/154,,no_observed,0,4,5,0,1,0,2
chubu_site_b6243d4e0256,一本木町一丁目変電所,chubu,w209980105,lines_only,0,0,0,0,0,0,0,0,0,0,0,,,no_observed,0,1,1,0,0,0,0
chubu_site_b6a70334ae04,菊川変電所,chubu,w70724147,lines_only,1,2,0,0,0,0,0,0,0,0,0,,,no_observed,0,1,3,0,1,0,0
chubu_site_b6aab2a5bcda,金子変電所,chubu,w733856042,lines_only,1,1,0,0,0,0,0,0,0,0,0,,,no_observed,0,1,2,0,1,0,0
chubu_site_b6f078101b0d,前沢新町変電所,chubu,w1025730630,conductors_only,1,1,0,1,0,0,0,0,0,0,0,,,no_observed,0,5,0,1,0,0,0
chubu_site_b7089cd17874,金谷天王町変電所,chubu,w599510141,lines_only,0,0,0,0,0,0,0,0,0,0,0,,,no_observed,0,1,0,0,0,0,0
chubu_site_b76b52f439e3,田町一丁目変電所,chubu,w618344866,none,1,0,0,0,0,0,0,0,0,0,0,,,no_observed,0,0,1,0,0,0,0
chubu_site_b77c35d5d588,中部電力パワーグリッド株式会社 神田町変電所,chubu,w1104964590,none,0,0,0,0,0,0,0,0,0,0,0,,,no_observed,0,0,0,0,0,0,0
chubu_site_b78a555f51ec,道下変電所,chubu,w569344056,partial,2,3,0,1,0,0,1,0,1,2,2,66/6,66/6,same,2,0,7,2,0,0,0
chubu_site_b7c5ec970491,横落変電所,chubu,w512833767,lines_only,1,1,0,1,0,0,0,0,0,0,0,,,no_observed,0,3,0,0,1,0,0
chubu_site_b932bf51a532,馬場変電所,chubu,w425493968,lines_only,0,0,0,1,0,0,0,0,0,0,0,,,no_observed,0,2,1,0,0,0,0
chubu_site_b99c646df65e,大村一丁目変電所,chubu,w1324279349,lines_only,0,0,0,0,0,0,0,0,0,0,0,,,no_observed,0,1,4,0,0,0,0
chubu_site_b9c6f82922cf,中部電力八草変電所,chubu,w237095030,lines_only,1,0,0,0,0,0,0,0,0,0,0,,,no_observed,0,1,3,0,0,0,0
chubu_site_ba06bde5f1f9,吉井変電所,chubu,w997601135,lines_only,1,1,0,1,0,0,0,0,0,0,0,,,no_observed,0,2,2,0,2,0,0
chubu_site_ba549babadc2,本動堂変電所,chubu,w870639373,lines_only,1,1,0,0,0,0,0,0,0,0,0,,,no_observed,0,0,0,0,0,0,2
chubu_site_ba6746d54688,松江変電所,chubu,w537855244,none,0,0,0,0,0,0,0,0,0,0,0,,,no_observed,0,0,0,0,0,0,0
chubu_site_bb52594f3225,上里変電所,chubu,w728013143,lines_only,1,1,0,1,0,0,0,0,0,0,0,,,no_observed,0,2,2,0,2,0,0
chubu_site_bbe68fe6b6a1,生坂村変電所,chubu,w1197268740,lines_only,0,0,0,0,0,0,0,0,0,0,0,,,no_observed,0,1,0,0,0,0,0
chubu_site_bbf1cc5d5525,北福井変電所,chubu,w1226223245,lines_only,2,2,0,0,0,0,0,0,1,0,0,77/6,,no_observed,0,1,0,0,1,0,0
chubu_site_bc24b0aff3b6,正法寺変電所,chubu,w190631090,lines_only,2,2,0,2,0,0,0,0,1,0,0,154/77,,no_observed,0,13,8,0,0,6,0
chubu_site_bc377a596021,住吉町五丁目変電所,chubu,w695887652,lines_only,0,0,0,1,0,0,0,0,0,0,0,,,no_observed,0,2,1,0,0,0,0
chubu_site_bc61635acf3a,新旭変電所,chubu,w1069451871,conductors_only,1,1,0,0,0,0,0,0,0,0,0,,,no_observed,0,0,1,2,0,0,0
chubu_site_bc9956f30738,仏又変電所,chubu,w526581446,none,1,0,0,0,0,0,0,0,0,0,0,,,no_observed,0,0,0,0,0,0,0
chubu_site_bc9ba1202156,下市場町一丁目変電所,chubu,w1216904992,none,0,0,0,0,0,0,0,0,0,0,0,,,no_observed,0,0,0,0,0,0,0
chubu_site_bca02473ba30,大塚変電所,chubu,w425551327,conductors_only,0,0,0,1,0,0,0,0,0,0,0,,,no_observed,0,2,1,0,0,0,0
chubu_site_bcafc79a618a,別堀変電所,chubu,w1365678848,lines_only,1,1,0,0,0,0,0,0,0,0,0,,,no_observed,0,1,0,0,1,0,0
chubu_site_bcd7bdebf94c,岡谷変電所,chubu,w253577693,conductors_only,1,1,0,1,0,0,0,0,0,0,0,,,no_observed,0,7,12,2,1,0,0
chubu_site_bd066b9b0c21,新信濃変電所,chubu,w315662839,mapped,3,3,1,1,1,4,3,6,2,3,3,500/275;275/200,500/275,partial,5,2,3,9,1,0,4
chubu_site_bd0d33dffb93,東名古屋変電所,chubu,w179417733,partial,3,4,0,3,0,0,0,0,2,4,0,275/154;154/77,,no_observed,0,30,38,6,8,0,24
chubu_site_bd2ed445d13a,白鳥町大島変電所,chubu,w210658636,lines_only,1,1,0,0,0,0,0,0,0,0,0,,,no_observed,0,0,2,0,0,2,0
chubu_site_bd3816a7faa1,宮本町四丁目変電所,chubu,w704148324,lines_only,0,0,0,0,0,0,0,0,0,0,0,,,no_observed,0,0,0,0,0,0,0
chubu_site_bdb98b2480da,渋沢二丁目変電所,chubu,w568432810,lines_only,1,1,0,0,0,0,0,0,0,0,0,,,no_observed,0,1,6,0,1,0,0
chubu_site_bdd2740cd38e,中部電力 高森変電所,chubu,w683044999,lines_only,0,0,0,0,0,0,0,0,0,0,0,,,no_observed,0,1,0,0,0,0,0
chubu_site_be05b2a693f4,樋口変電所,chubu,w315385216,lines_only,1,1,0,0,0,0,0,0,0,0,0,,,no_observed,0,1,0,0,1,0,0
chubu_site_be3da42c5f4a,桜木通三丁目変電所,chubu,n3882371033,none,0,0,0,0,0,0,0,0,0,0,0,,,no_observed,0,0,4,0,0,0,0
chubu_site_be98bd9f0ff0,羽場町五丁目変電所,chubu,w963545369,lines_only,0,0,0,1,0,0,0,0,0,0,0,,,no_observed,0,2,6,0,0,0,0
chubu_site_bea85363f0a0,西相模変電所,chubu,w205505035,conductors_only,3,2,2,2,0,0,6,0,2,0,0,154/77;77/66,,no_observed,13,6,6,3,4,0,16
chubu_site_befc30ca2602,予野変電所,chubu,w485620924,lines_only,1,1,0,0,0,0,0,0,0,0,0,,,no_observed,0,1,2,0,1,0,2
chubu_site_bf105b7f9d6a,東京電力海瀬発電所,chubu,w697822761,lines_only,1,1,0,0,0,0,0,0,0,0,0,,,no_observed,0,1,1,0,1,0,0
chubu_site_bf24cfcf765f,駿東変電所,chubu,w191725218,conductors_only,2,2,0,1,0,0,0,0,1,0,0,154/66,,no_observed,0,4,5,2,4,0,0
chubu_site_bf266c5836ba,大字石浜変電所,chubu,w678803013,lines_only,1,1,0,1,0,0,0,0,0,0,0,,,no_observed,0,2,2,0,2,0,0
chubu_site_bf27acec8375,六供変電所,chubu,w324151448,none,1,0,0,0,0,0,0,0,0,0,0,,,no_observed,0,0,0,0,0,0,0
chubu_site_bf5f2a14f07e,大町市変電所_6,chubu,w492451838,lines_only,0,0,0,0,0,0,0,0,0,0,0,,,no_observed,0,1,1,0,0,0,0
chubu_site_bf62cfa72627,荒尾町変電所,chubu,w1446708990,none,0,0,0,0,0,0,0,0,0,0,0,,,no_observed,0,0,0,0,0,0,0
chubu_site_bf68e8633b03,岩滑西町二丁目変電所,chubu,w704148326,conductors_only,2,0,0,1,0,0,0,0,1,0,0,154/77,,no_observed,0,2,12,0,0,0,0
chubu_site_bf8400727ea9,揖斐川町変電所_2,chubu,w643358911,none,0,0,0,0,0,0,0,0,0,0,0,,,no_observed,0,0,1,0,0,0,0
chubu_site_bfcdaba377ae,寺田変電所,chubu,w999843013,conductors_only,1,1,0,1,0,0,0,0,0,0,0,,,no_observed,0,18,6,3,2,0,0
chubu_site_c08bf4e2d257,綿貫町変電所,chubu,w172576704,lines_only,0,0,0,0,0,0,0,0,0,0,0,,,no_observed,0,1,0,0,0,0,0
chubu_site_c0a37193b974,福岡町下蓑新変電所,chubu,w976019672,partial,2,2,3,0,1,1,15,0,1,3,3,154/66,66/6,contradicts,6,0,3,1,0,0,0
chubu_site_c0f6c732caa7,下仁田変電所,chubu,w519907775,lines_only,1,1,0,0,0,0,0,0,0,0,0,,,no_observed,0,1,0,0,1,0,0
chubu_site_c176888bde21,大芝変電所,chubu,w807999573,lines_only,0,0,0,0,0,0,0,0,0,0,0,,,no_observed,0,0,1,0,0,0,0
chubu_site_c1792e48b146,鶴ヶ丘町変電所,chubu,w555618447,lines_only,1,1,0,0,0,0,0,0,0,0,0,,,no_observed,0,1,0,0,1,0,2
chubu_site_c18e856e1930,大町市変電所_2,chubu,w320560155,lines_only,1,1,0,1,0,0,0,0,0,0,0,,,no_observed,0,5,6,0,1,0,0
chubu_site_c1b1745baace,飯島変電所,chubu,w1028287061,lines_only,1,1,0,1,0,0,0,0,0,0,0,,,no_observed,0,3,3,0,3,0,0
chubu_site_c22d8a552e91,竜王変電所,chubu,w1284131140,none,0,0,0,0,0,0,0,0,0,0,0,,,no_observed,0,0,1,0,0,0,0
chubu_site_c261cff4f0ed,氷取変電所,chubu,w706260430,none,0,0,0,0,0,0,0,0,0,0,0,,,no_observed,0,0,4,0,0,0,0
chubu_site_c34fcd93ecfc,栄変電所,chubu,w1411744126,none,2,0,0,0,0,0,0,0,1,0,0,77/1,,no_observed,0,0,3,0,0,0,0
chubu_site_c3551c771754,岡崎変電所 (Okazaki Hendensho),chubu,w209980106,lines_only,2,3,0,0,0,0,0,0,1,0,0,154/77,,no_observed,0,3,3,0,2,0,2
chubu_site_c3557f1f865a,堤変電所,chubu,w845552524,none,0,0,0,0,0,0,0,0,0,0,0,,,no_observed,0,0,0,0,0,0,0
chubu_site_c3619ce53084,藤岡変電所,chubu,w585637707,lines_only,1,1,0,1,0,0,0,0,0,0,0,,,no_observed,0,2,3,0,2,0,0
chubu_site_c3a5abd4c885,大桑村変電所_4,chubu,w1424556076,lines_only,0,0,0,0,0,0,0,0,0,0,0,,,no_observed,0,1,0,0,0,0,0
chubu_site_c3d259283d48,谷村変電所,chubu,w341222391,partial,2,2,1,2,1,1,0,0,1,3,0,154/66,,no_observed,6,19,4,4,1,0,2
chubu_site_c3d25933c1a2,多古変電所,chubu,w639813482,lines_only,3,3,0,0,0,0,0,0,2,0,0,66/22;22/6,,no_observed,0,1,9,0,1,0,0
chubu_site_c403a5294124,緑が丘西変電所,chubu,w642985003,lines_only,1,1,0,0,0,0,0,0,0,0,0,,,no_observed,0,1,4,0,1,0,0
chubu_site_c4121ee15c3d,芝塚町変電所,chubu,w126624009,lines_only,1,1,0,0,0,0,0,0,0,0,0,,,no_observed,0,1,0,0,1,0,0
chubu_site_c42c1641a731,岩倉変電所,chubu,w83096973,conductors_only,2,4,0,3,0,0,0,0,1,0,0,154/77,,no_observed,0,27,10,2,4,0,2
chubu_site_c43849603dde,箱根町変電所,chubu,w409754436,lines_only,1,1,0,0,0,0,0,0,0,0,0,,,no_observed,0,1,6,0,1,3,2
chubu_site_c4afdc4c10db,新北信変電所,chubu,w199544541,lines_only,2,2,0,2,0,0,0,0,1,0,0,275/77,,no_observed,0,6,6,0,6,0,2
chubu_site_c4e6dae6ad62,白馬村変電所,chubu,n12753775814,none,0,0,0,0,0,0,0,0,0,0,0,,,no_observed,0,0,0,0,0,0,0
chubu_site_c504cb0a9fd9,小八木町変電所,chubu,w659944102,none,1,0,0,0,0,0,0,0,0,0,0,,,no_observed,0,0,6,0,0,0,0
chubu_site_c519d5325948,小海町変電所_4,chubu,w1086422158,lines_only,0,1,0,0,0,0,0,0,0,0,0,,,no_observed,0,0,0,0,0,0,2
chubu_site_c533e501b955,上野町変電所,chubu,w1216398734,none,0,0,0,0,0,0,0,0,0,0,0,,,no_observed,0,0,1,0,0,0,0
chubu_site_c54917889dce,越後湯沢変電所,chubu,w1192727532,lines_only,1,1,0,0,0,0,0,0,0,0,0,,,no_observed,0,1,1,0,1,0,0
chubu_site_c54f9739ce89,本荘中ノ町一丁目変電所,chubu,w1411744123,none,2,0,0,0,0,0,0,0,1,0,0,154/1,,no_observed,0,0,4,0,0,0,0
chubu_site_c58a6cacda79,田町変電所,chubu,w257759396,none,0,0,0,0,0,0,0,0,0,0,0,,,no_observed,0,0,0,0,0,0,0
chubu_site_c5f0c8b0b2ad,亀崎大洞町七丁目変電所,chubu,w1257832343,none,0,0,0,0,0,0,0,0,0,0,0,,,no_observed,0,0,0,0,0,0,0
chubu_site_c60cb5955d87,JR東海 舞阪変電所,chubu,w262395215,lines_only,1,0,0,0,0,0,0,0,0,0,0,,,no_observed,0,1,2,0,0,0,0
chubu_site_c610e8874391,上保変電所,chubu,w581610479,lines_only,0,1,0,0,0,0,0,0,0,0,0,,,no_observed,0,0,0,0,0,0,2
chubu_site_c64a74f9e5c1,加美町変電所,chubu,w133451798,none,0,0,0,0,0,0,0,0,0,0,0,,,no_observed,0,0,0,0,0,0,0
chubu_site_c67621dff88b,吉良町中野変電所,chubu,n1735916072,none,0,0,0,0,0,0,0,0,0,0,0,,,no_observed,0,0,2,0,0,0,0
chubu_site_c6cc66a1cbee,山中湖村変電所,chubu,w202426842,none,0,0,0,0,0,0,0,0,0,0,0,,,no_observed,0,0,0,0,0,0,0
chubu_site_c6e36b8f597f,大町市変電所,chubu,w320560152,lines_only,1,1,0,0,0,0,0,0,0,0,0,,,no_observed,0,1,0,0,1,0,0
chubu_site_c70959fd9202,中部電力芳川変電所,chubu,w192381779,lines_only,1,2,0,0,0,0,0,0,0,0,0,,,no_observed,0,1,2,0,1,0,0
chubu_site_c77eccbd2f19,中部電力株式会社　日吉変電所,chubu,w219174843,none,0,0,0,0,0,0,0,0,0,0,0,,,no_observed,0,0,0,0,0,0,0
chubu_site_c8399e8eedaf,鹿留変電所,chubu,w341228770,partial,2,1,1,0,1,1,0,0,1,2,0,66/11,,no_observed,0,4,10,4,4,0,8
chubu_site_c86e2a726f6c,田中変電所,chubu,w133437501,none,0,0,0,0,0,0,0,0,0,0,0,,,no_observed,0,0,2,0,0,0,0
chubu_site_c8b98e101295,疋田変電所,chubu,w895423101,none,0,0,0,0,0,0,0,0,0,0,0,,,no_observed,0,0,0,0,0,0,0
chubu_site_c8e574e2b9f4,上土方工業団地変電所,chubu,w437136963,conductors_only,0,0,0,1,0,0,0,0,0,0,0,,,no_observed,0,2,1,0,0,0,0
chubu_site_c8ead01be896,長坂町変電所,chubu,w1028270974,lines_only,1,1,0,0,0,0,0,0,0,0,0,,,no_observed,0,1,0,0,1,0,0
chubu_site_c912616cfab0,中部電力パワーグリッド 鳴海変電所,chubu,w1391745181,none,0,0,0,0,0,0,0,0,0,0,0,,,no_observed,0,0,0,0,0,0,0
chubu_site_c985d85d6ba3,真桑変電所,chubu,w1243718900,conductors_only,2,2,0,1,0,0,0,0,1,0,0,77/6,,no_observed,0,5,0,1,0,0,0
chubu_site_c9bc31e2e654,字渡島変電所,chubu,w1335052317,none,1,0,0,0,0,0,0,0,0,0,0,,,no_observed,0,0,4,0,0,0,0
chubu_site_ca25f259c251,名古屋市交通局 唐山変電所,chubu,w1221681110,none,0,0,0,0,0,0,0,0,0,0,0,,,no_observed,0,0,0,0,0,0,0
chubu_site_ca3ad138b60b,美九里変電所,chubu,w737024467,conductors_only,1,1,0,1,0,0,0,0,0,0,0,,,no_observed,0,5,8,1,0,0,0
chubu_site_ca6551c6e7f7,新池変電所_2,chubu,w793554395,lines_only,0,0,0,0,0,0,0,0,0,0,0,,,no_observed,0,1,0,0,0,0,0
chubu_site_ca829926c826,東大室町変電所,chubu,w945347138,lines_only,1,1,0,0,0,0,0,0,0,0,0,,,no_observed,0,0,11,0,0,4,0
chubu_site_cb09ab98b707,小泉変電所,chubu,w1255607377,lines_only,0,1,0,0,0,0,0,0,0,0,0,,,no_observed,0,0,0,0,0,0,2
chubu_site_cb0fe9835995,,chubu,w1531910440,none,0,0,0,0,0,0,0,0,0,0,0,,,no_observed,0,0,0,0,0,0,0
chubu_site_cb2a4b236ba0,新大八木き電区分所,chubu,w395985728,none,2,0,0,0,0,0,0,0,1,0,0,66/25,,no_observed,0,0,3,0,0,0,0
chubu_site_cb308717beba,住吉五丁目変電所,chubu,w1391800131,conductors_only,0,0,0,1,0,0,0,0,0,0,0,,,no_observed,0,2,2,0,0,0,0
chubu_site_cb460d15c49c,南安城変電所,chubu,w911441126,lines_only,2,2,0,1,0,0,0,0,1,0,0,154/77,,no_observed,0,5,0,0,2,6,4
chubu_site_cb6e2d763e46,祇王変電所,chubu,w957253301,conductors_only,0,0,0,1,0,0,0,0,0,0,0,,,no_observed,0,8,11,0,0,0,0
chubu_site_cb853be44508,土肥一丁目変電所,chubu,w191185961,lines_only,1,1,0,1,0,0,0,0,0,0,0,,,no_observed,0,2,0,0,2,0,0
chubu_site_cbc8937419d0,大字福村変電所,chubu,w437023549,none,0,0,0,0,0,0,0,0,0,0,0,,,no_observed,0,0,0,0,0,0,0
chubu_site_cbc97f416084,北金沢変電所,chubu,w316216918,partial,3,5,5,0,2,5,23,0,2,6,6,154/77;77/6,154/77;77/6,same,13,12,8,7,0,0,0
chubu_site_cc0671cb0bcf,浅貝変電所,chubu,w1549166567,lines_only,0,0,0,0,0,0,0,0,0,0,0,,,no_observed,0,1,1,0,0,0,0
chubu_site_ccbc5c91fe53,総社変電所,chubu,w1040433673,conductors_only,2,2,0,1,0,0,0,0,1,0,0,154/66,,no_observed,0,2,11,2,0,2,0
chubu_site_cd650d730bbf,Gifu Substation,chubu,w170366035,conductors_only,1,1,0,1,0,0,1,0,0,0,0,,,no_observed,8,6,6,6,0,0,0
chubu_site_cd738436e973,大谷四丁目変電所,chubu,w256974504,lines_only,0,1,0,0,0,0,0,0,0,0,0,,,no_observed,0,0,2,0,0,0,2
chubu_site_cd83a099c719,中部電力パワーグリッド株式会社 雄踏変電所,chubu,w192388347,lines_only,0,0,0,0,0,0,0,0,0,0,0,,,no_observed,0,1,0,0,0,0,0
chubu_site_ce269e3e6e3e,南武平町変電所,chubu,n12293613523,none,0,0,0,0,0,0,0,0,0,0,0,,,no_observed,0,0,0,0,0,0,0
chubu_site_ce6884829a3b,茅野市変電所_2,chubu,w442974782,none,0,0,0,0,0,0,0,0,0,0,0,,,no_observed,0,0,0,0,0,0,0
chubu_site_ce960dee797d,内山変電所,chubu,w525297155,none,3,0,2,1,0,0,8,0,2,0,0,275/154;154/1,,no_observed,9,0,0,0,0,0,0
chubu_site_cf0fa66198bb,嬉野中川新町二丁目変電所,chubu,w435451800,lines_only,1,1,0,0,0,0,0,0,0,0,0,,,no_observed,0,1,0,0,1,0,0
chubu_site_cf621825c2f1,柏木変電所,chubu,w241802014,conductors_only,1,1,0,0,0,0,0,0,0,0,0,,,no_observed,0,2,2,2,0,0,0
chubu_site_cf83bc6342dc,森新田変電所,chubu,w849100103,none,0,0,0,0,0,0,0,0,0,0,0,,,no_observed,0,0,0,0,0,0,0
chubu_site_cf9f4c9bba81,北陸電力送配電(株)美川変電所,chubu,w1209364010,none,0,0,0,0,0,0,0,0,0,0,0,,,no_observed,0,0,0,0,0,0,0
chubu_site_d0016e7d838d,東京電力駿河変電所,chubu,w154140776,conductors_only,2,2,2,0,2,2,2,0,1,0,0,154/66,,no_observed,5,2,0,4,3,0,2
chubu_site_d00f473f631e,諏訪変電所,chubu,w618344821,conductors_only,2,1,3,0,0,0,1,0,1,0,0,154/77,,no_observed,3,1,0,2,1,0,0
chubu_site_d08aa31f8a72,今井変電所,chubu,w639919798,conductors_only,2,2,0,2,0,0,0,0,1,0,0,154/66,,no_observed,0,6,2,1,0,2,0
chubu_site_d0ceed89fdf3,大井変電所,chubu,w1193539323,conductors_only,2,2,0,0,0,0,0,0,1,0,0,77/6,,no_observed,0,1,3,0,1,0,0
chubu_site_d0f2680ce0f9,安城市変電所,chubu,w734013554,lines_only,0,0,0,0,0,0,0,0,0,0,0,,,no_observed,0,1,3,0,0,0,0
chubu_site_d10b7048e8cd,川合北三丁目変電所,chubu,w1214456654,none,0,0,0,0,0,0,0,0,0,0,0,,,no_observed,0,1,1,0,0,0,0
chubu_site_d12ba00ad15d,花乃杜四丁目変電所,chubu,w702244622,lines_only,0,0,0,0,0,0,0,0,0,0,0,,,no_observed,0,1,0,0,0,0,0
chubu_site_d164a902d1a4,君島変電所,chubu,w584606266,conductors_only,1,1,0,1,0,0,0,0,0,0,0,,,no_observed,0,5,0,1,0,0,0
chubu_site_d17099f30dc0,宮田変電所,chubu,w211037495,lines_only,1,2,0,0,0,0,0,0,0,0,0,,,no_observed,0,1,0,0,1,0,0
chubu_site_d1c0b56ff904,富山市変電所_2,chubu,w772754171,lines_only,0,0,0,0,0,0,0,0,0,0,0,,,no_observed,0,1,0,0,0,0,0
chubu_site_d1c20b26e075,下黒川変電所,chubu,n1551659855,none,1,0,0,0,0,0,0,0,0,0,0,,,no_observed,0,0,4,0,0,0,0
chubu_site_d1d46bf07496,日野町変電所,chubu,w708333967,lines_only,0,1,0,1,0,0,0,0,0,0,0,,,no_observed,0,2,1,0,1,0,2
chubu_site_d24b842e4a47,天竜区変電所,chubu,w618344827,lines_only,1,2,0,1,0,0,3,0,0,0,0,,,no_observed,3,4,8,0,4,0,0
chubu_site_d26b1ad7311c,加賀変電所,chubu,w169249247,conductors_only,3,1,3,1,0,0,18,0,2,0,0,500/275;275/154,,no_observed,16,0,12,7,0,0,0
chubu_site_d27a4585ab71,富士岡南変電所,chubu,w695605193,none,0,0,0,0,0,0,0,0,0,0,0,,,no_observed,0,0,2,0,0,0,0
chubu_site_d28a1c5fda54,田野倉変電所_2,chubu,w341217008,conductors_only,1,1,0,1,0,0,0,0,0,0,0,,,no_observed,0,6,8,2,0,0,0
chubu_site_d308288910e2,福井開閉所,chubu,w1222510972,conductors_only,1,2,0,1,0,0,0,0,0,0,0,,,no_observed,0,6,13,2,2,0,0
chubu_site_d33539ed210c,長須賀変電所,chubu,w1323877874,lines_only,1,1,0,0,0,0,0,0,0,0,0,,,no_observed,0,1,1,0,1,0,0
chubu_site_d3523af28e29,古城変電所,chubu,w1032753356,none,0,0,0,0,0,0,0,0,0,0,0,,,no_observed,0,0,0,0,0,0,0
chubu_site_d46b5748f9e4,東信変電所,chubu,w211258348,layout_only,2,1,2,0,0,0,0,0,1,1,0,275/77,,no_observed,2,0,6,0,0,0,0
chubu_site_d47a99b79a20,六ッ美変電所,chubu,w623536353,layout_only,1,1,0,0,0,0,0,0,0,1,0,,,no_observed,0,1,3,0,1,0,2
chubu_site_d48db0e2ea5d,富士市変電所_3,chubu,w1389459120,lines_only,1,0,0,0,0,0,0,0,0,0,0,,,no_observed,0,0,9,0,0,0,0
chubu_site_d4947bd0de84,太美変電所,chubu,w980878813,conductors_only,0,0,0,0,0,0,0,0,0,0,0,,,no_observed,0,1,1,0,0,0,0
chubu_site_d4b9b6c53e6d,中央一丁目変電所,chubu,w991943570,lines_only,1,1,0,0,0,0,0,0,0,0,0,,,no_observed,0,2,0,0,1,0,0
chubu_site_d4be571b0951,立石変電所,chubu,w320536910,conductors_only,2,2,0,2,0,0,0,0,1,0,0,154/66,,no_observed,0,12,10,0,4,0,0
chubu_site_d4c100fbe44c,キヤノン美里変電所,chubu,w887614684,conductors_only,2,1,0,1,0,0,0,0,1,0,0,275/66,,no_observed,0,2,6,1,0,0,0
chubu_site_d510dc4325ef,上郷変電所,chubu,w680570710,lines_only,1,0,0,0,0,0,0,0,0,0,0,,,no_observed,0,1,4,0,0,0,0
chubu_site_d54d8df56237,南金沢変電所,chubu,w256682330,mapped,2,2,3,0,2,6,24,0,1,4,4,154/77,154/77,same,16,6,27,9,0,0,2
chubu_site_d58ad664a088,渋川市変電所_2,chubu,w1359264253,none,0,0,0,0,0,0,0,0,0,0,0,,,no_observed,0,0,0,0,0,0,0
chubu_site_d5b54179f76e,石部南八丁目変電所,chubu,w643554732,none,0,0,0,0,0,0,0,0,0,0,0,,,no_observed,0,0,1,0,0,0,0
chubu_site_d5c81014fab4,川中島町今井原変電所,chubu,n6292653052,none,0,0,0,0,0,0,0,0,0,0,0,,,no_observed,0,0,1,0,0,0,0
chubu_site_d5f45f1307bb,松尾寺所変電所,chubu,w680570711,lines_only,1,1,0,0,0,0,0,0,0,0,0,,,no_observed,0,1,3,0,1,0,0
chubu_site_d6261fa95009,中部電力坊瀬変電所,chubu,w416843410,lines_only,0,0,0,0,0,0,0,0,0,0,0,,,no_observed,0,1,0,0,0,0,0
chubu_site_d710b869e731,三島変電所,chubu,w1411808314,conductors_only,1,0,0,0,0,0,0,0,0,0,0,,,no_observed,0,0,1,0,0,0,0
chubu_site_d73ac60dcbe3,西別院変電所,chubu,n12297863973,none,1,0,0,0,0,0,0,0,0,0,0,,,no_observed,0,0,1,0,0,0,0
chubu_site_d76115c180e9,和合町二丁目変電所,chubu,w798375592,lines_only,0,0,0,0,0,0,0,0,0,0,0,,,no_observed,0,1,4,0,0,0,0
chubu_site_d77f6720a70e,名古屋市交通局 第二那古野変電所,chubu,n11330498337,none,0,0,0,0,0,0,0,0,0,0,0,,,no_observed,0,0,0,0,0,0,0
chubu_site_d79e4e78b3c9,十島変電所,chubu,w1377228833,lines_only,0,0,0,0,0,0,0,0,0,0,0,,,no_observed,0,1,2,0,0,0,0
chubu_site_d7ecaeeb8876,南大類町変電所,chubu,w734716270,none,0,0,0,0,0,0,0,0,0,0,0,,,no_observed,0,0,0,0,0,0,0
chubu_site_d81fe2fc3cd8,春日井変電所,chubu,n11964083200,none,0,0,0,0,0,0,0,0,0,0,0,,,no_observed,0,1,1,0,0,0,0
chubu_site_d8230f51730c,鼎変電所,chubu,w680564200,conductors_only,0,0,0,1,0,0,0,0,0,0,0,,,no_observed,0,2,6,0,0,0,0
chubu_site_d825eb201f54,新橋変電所,chubu,w317287903,lines_only,1,1,0,0,0,0,0,0,0,0,0,,,no_observed,0,0,7,0,0,0,4
chubu_site_d83a77582b97,南福井変電所,chubu,w315810773,lines_only,3,4,0,1,0,0,0,0,2,0,0,77/66;66/6,,no_observed,0,5,3,0,4,0,0
chubu_site_d849a8a1f508,三河変電所,chubu,w170247308,conductors_only,3,5,0,4,0,0,0,0,2,0,0,275/154;154/77,,no_observed,0,11,21,0,8,3,6
chubu_site_d85be5e5add9,堀町変電所,chubu,w853568840,lines_only,1,0,0,0,0,0,0,0,0,0,0,,,no_observed,0,1,0,0,0,0,0
chubu_site_d8783f13df8d,長沢変電所,chubu,w938853643,partial,2,3,1,0,1,1,2,0,1,2,2,66/6,66/6,same,2,0,3,1,0,0,0
chubu_site_d8a98381adc4,西群馬開閉所,chubu,w66098469,partial,1,1,1,0,1,3,0,8,0,0,0,,,no_observed,6,13,24,8,2,0,0
chubu_site_d940dae81f67,宮郷変電所,chubu,w1033376905,none,1,0,0,0,0,0,0,0,0,0,0,,,no_observed,0,0,6,0,0,0,0
chubu_site_d94b4c88a380,小野上変電所,chubu,w192574106,lines_only,2,1,0,0,0,0,0,0,1,0,0,66/1,,no_observed,0,1,0,0,1,0,0
chubu_site_d9db205e444f,楢平変電所,chubu,w1131080679,lines_only,2,1,0,1,0,0,0,0,1,0,0,66/33,,no_observed,0,2,8,0,0,0,0
chubu_site_d9ff71f0d6be,みなかみ町変電所,chubu,w272933439,none,0,0,0,0,0,0,0,0,0,0,0,,,no_observed,0,0,0,0,0,0,0
chubu_site_da10b248981d,関町会下変電所,chubu,w618353121,none,1,0,0,1,0,0,1,0,0,0,0,,,no_observed,2,0,0,0,0,0,0
chubu_site_da1211d6887c,日ノ宮町三丁目変電所,chubu,w250283910,none,0,0,0,0,0,0,0,0,0,0,0,,,no_observed,0,0,0,0,0,0,0
chubu_site_da1b8deab222,木場町変電所,chubu,w642334418,lines_only,1,1,0,0,0,0,0,0,0,0,0,,,no_observed,0,1,0,0,1,0,0
chubu_site_da40a35ce1f2,島田電力所,chubu,w253511864,none,1,0,0,0,0,0,0,0,0,0,0,,,no_observed,0,0,6,0,0,0,0
chubu_site_da720f9acfcb,犬山変電所,chubu,w201279955,lines_only,1,0,0,0,0,0,0,0,0,0,0,,,no_observed,0,1,2,0,0,0,0
chubu_site_da818893058e,御所変電所,chubu,w638360285,none,1,0,0,0,0,0,0,0,0,0,0,,,no_observed,0,0,1,0,0,0,0
chubu_site_daa0b92d16e0,定光寺変電所,chubu,w1297288342,none,0,0,0,0,0,0,0,0,0,0,0,,,no_observed,0,0,2,0,0,0,0
chubu_site_db55e5cc471e,和田町変電所,chubu,w288325025,none,0,0,0,0,0,0,0,0,0,0,0,,,no_observed,0,0,1,0,0,0,0
chubu_site_db66ba5ba459,弁天町三丁目変電所,chubu,w1253122120,none,0,0,0,0,0,0,0,0,0,0,0,,,no_observed,0,0,0,0,0,0,0
chubu_site_db6c2928652f,富士市変電所,chubu,w618344803,lines_only,2,3,0,2,0,0,0,0,1,0,0,154/77,,no_observed,0,5,4,0,5,0,0
chubu_site_db83c29ff1b8,飯坂一丁目変電所,chubu,w680567339,none,1,0,0,0,0,0,0,0,0,0,0,,,no_observed,0,0,3,0,0,0,0
chubu_site_dbafd905fe46,六条大溝二丁目変電所,chubu,w162693754,none,0,0,0,0,0,0,0,0,0,0,0,,,no_observed,0,0,2,0,0,0,0
chubu_site_dbcc43413e6d,新城変電所,chubu,w425716194,lines_only,1,1,0,0,0,0,0,0,0,0,0,,,no_observed,0,1,1,0,1,0,2
chubu_site_dc1216eeb03c,千貫沼変電所,chubu,w849071695,conductors_only,1,1,0,1,0,0,0,0,0,0,0,,,no_observed,0,2,10,1,0,0,0
chubu_site_dc1a501c2ac6,中滝変電所,chubu,w967026862,conductors_only,1,1,0,1,0,0,0,0,0,0,0,,,no_observed,0,7,12,3,2,0,0
chubu_site_dc226916e02d,安宅変電所,chubu,w316250975,conductors_only,3,4,0,1,0,0,0,0,2,0,0,77/22;22/6,,no_observed,0,2,3,1,0,0,0
chubu_site_dc31db1d233d,平野町四丁目変電所,chubu,w1311994414,lines_only,0,0,0,0,0,0,0,0,0,0,0,,,no_observed,0,1,1,0,0,0,0
chubu_site_dc3d2ba296c4,常永変電所,chubu,w544157885,none,1,0,0,0,0,0,0,0,0,0,0,,,no_observed,0,0,4,0,0,0,0
chubu_site_dc6e992ca168,草津変電所,chubu,w1002543872,lines_only,1,1,0,1,0,0,0,0,0,0,0,,,no_observed,0,2,3,0,2,0,0
chubu_site_dc7a2f3e598e,高崎変電所,chubu,w404273081,lines_only,1,1,0,1,0,0,0,0,0,0,0,,,no_observed,0,2,2,0,0,6,0
chubu_site_dd1fa8ef8d81,田原,chubu,w170260169,lines_only,1,1,0,1,0,0,0,0,0,0,0,,,no_observed,0,3,0,0,2,0,0
chubu_site_dd49e9500aa0,長谷三丁目変電所,chubu,w475607557,none,0,0,0,0,0,0,0,0,0,0,0,,,no_observed,0,0,0,0,0,0,0
chubu_site_dd58f7c4bbe9,開発変電所,chubu,w315810770,partial,2,3,2,0,1,2,7,0,1,3,3,77/6,77/6,same,4,6,0,2,0,0,0
chubu_site_dd62dd128986,下土居二丁目変電所,chubu,w578159693,lines_only,0,0,0,0,0,0,0,0,0,0,0,,,no_observed,0,0,0,0,0,0,0
chubu_site_dd6a4b652a1e,中部電力パワーグリッド 菊川変電所,chubu,w1194666732,lines_only,1,1,0,0,0,0,0,0,0,0,0,,,no_observed,0,1,2,0,1,0,0
chubu_site_dda8b22a2936,駒新町変電所,chubu,w253933409,lines_only,0,0,0,0,0,0,0,0,0,0,0,,,no_observed,0,1,1,0,0,0,0
chubu_site_ddfef4d0a23b,南豊田変電所,chubu,w180368219,conductors_only,2,2,1,1,1,1,0,0,1,0,0,154/77,,no_observed,4,11,13,5,0,0,0
chubu_site_de383a9b1345,田方変電所,chubu,w201643422,conductors_only,2,2,0,1,1,1,0,0,1,0,0,154/66,,no_observed,0,4,3,3,1,0,0
chubu_site_de59ac75a50f,大井水力発電所,chubu,w170845388,lines_only,1,2,0,1,0,0,0,0,0,0,0,,,no_observed,0,2,1,0,2,0,0
chubu_site_de684dea53e8,甲賀町鳥居野変電所,chubu,w994913789,lines_only,0,1,0,1,0,0,0,0,0,0,0,,,no_observed,0,4,5,0,0,0,0
chubu_site_de6fd604a9df,佐久間周波数変換所,chubu,w168248707,none,1,0,0,1,0,0,3,0,0,0,0,,,no_observed,3,0,0,0,0,0,0
chubu_site_deaa8e8b56f0,中沢田変電所,chubu,w777698210,lines_only,2,1,1,0,0,0,0,0,1,0,0,77/25,,no_observed,4,0,5,0,1,0,0
chubu_site_deb27ae24e75,勝間変電所,chubu,w738018804,lines_only,1,1,0,1,0,0,0,0,0,0,0,,,no_observed,0,2,0,0,2,0,0
chubu_site_deb5a026cf9a,立込町三丁目変電所,chubu,w212424018,lines_only,0,0,0,0,0,0,0,0,0,0,0,,,no_observed,0,1,0,0,0,0,0
chubu_site_dede7ab8f322,土肥六丁目変電所,chubu,n937462470,none,1,0,0,0,0,0,0,0,0,0,0,,,no_observed,0,0,8,0,0,0,0
chubu_site_df195198576a,五郎八変電所,chubu,w1239288559,conductors_only,2,1,0,1,0,0,0,0,1,0,0,154/66,,no_observed,0,2,4,1,0,0,0
chubu_site_df3bc517c67b,西相模変電所,chubu,w1205842747,none,3,0,2,2,0,0,6,0,2,0,0,154/77;77/66,,no_observed,13,0,12,0,0,0,0
chubu_site_df4a94e5fe83,広上変電所,chubu,w980539414,partial,2,3,2,0,1,2,6,0,1,2,2,66/6,66/6,same,4,5,3,1,0,0,0
chubu_site_dfcf611bc98b,深川変電所,chubu,w824955072,none,2,0,0,0,0,0,0,0,1,0,0,77/6,,no_observed,0,0,1,0,0,0,0
chubu_site_e0ed814ade9a,美合町変電所,chubu,w1216411699,lines_only,0,0,0,1,0,0,0,0,0,0,0,,,no_observed,0,2,3,0,0,0,0
chubu_site_e0f5105663a2,真田変電所,chubu,w1355673608,lines_only,0,0,0,0,0,0,0,0,0,0,0,,,no_observed,0,1,1,0,0,0,0
chubu_site_e105b459d3df,中郷区坂本変電所,chubu,w643561818,none,0,0,0,0,0,0,0,0,0,0,0,,,no_observed,0,0,1,0,0,0,0
chubu_site_e1216ee3e54e,境変電所,chubu,w598792835,lines_only,1,1,2,0,0,0,6,0,0,0,0,,,no_observed,6,1,3,0,1,0,0
chubu_site_e18669381ac7,桜堤一丁目変電所,chubu,w621868222,none,0,0,0,0,0,0,0,0,0,0,0,,,no_observed,0,0,0,0,0,0,0
chubu_site_e1bc2f66f809,須山変電所,chubu,w1205952761,lines_only,2,2,0,0,0,0,0,0,1,0,0,66/6,,no_observed,0,1,2,0,1,0,0
chubu_site_e2683d628524,婦中変電所,chubu,w369206255,conductors_only,2,3,0,1,0,0,0,0,1,0,0,66/6,,no_observed,0,16,11,1,3,0,0
chubu_site_e283af3721be,一色町対米変電所,chubu,w727740298,none,0,0,0,0,0,0,0,0,0,0,0,,,no_observed,0,0,0,0,0,0,0
chubu_site_e28d49342714,稲沢変電所,chubu,w192617450,conductors_only,1,1,0,2,0,0,0,0,0,0,0,,,no_observed,0,5,1,0,0,2,0
chubu_site_e33471d1503a,川上村変電所,chubu,w738027101,lines_only,1,1,0,0,0,0,0,0,0,0,0,,,no_observed,0,1,0,0,1,0,0
chubu_site_e3412969587b,犬山開閉所,chubu,w192745009,conductors_only,2,2,0,1,0,0,0,0,1,0,0,154/77,,no_observed,0,2,17,0,2,0,0
chubu_site_e34a4f11f73d,曲路東一丁目変電所,chubu,w1411123585,lines_only,1,0,2,1,0,0,6,0,0,0,0,,,no_observed,8,2,13,0,0,0,0
chubu_site_e354a55ea453,舞木町変電所,chubu,w1216411703,none,0,0,0,0,0,0,0,0,0,0,0,,,no_observed,0,0,2,0,0,0,0
chubu_site_e3590a32cb43,中丸子変電所,chubu,w737999985,lines_only,0,0,0,0,0,0,0,0,0,0,0,,,no_observed,0,1,0,0,0,0,0
chubu_site_e3af01156a31,嬬恋変電所,chubu,w1085004987,lines_only,1,1,0,1,0,0,0,0,0,0,0,,,no_observed,0,2,10,0,2,0,0
chubu_site_e3f0991cbaaf,春日変電所_2,chubu,w680570709,lines_only,0,0,0,0,0,0,0,0,0,0,0,,,no_observed,0,1,0,0,0,0,0
chubu_site_e51e4a96704c,袋変電所,chubu,w785364108,conductors_only,0,2,0,0,0,0,0,0,0,0,0,,,no_observed,0,0,0,2,1,0,2
chubu_site_e566c2909884,西島変電所,chubu,w704154089,none,0,0,0,0,0,0,0,0,0,0,0,,,no_observed,0,0,0,0,0,0,0
chubu_site_e59292533418,赤坂新町一丁目変電所,chubu,w825380691,none,0,0,0,0,0,0,0,0,0,0,0,,,no_observed,0,0,0,0,0,0,0
chubu_site_e5a61b0448fc,天王三丁目変電所,chubu,w1412979485,none,1,0,0,0,0,0,0,0,0,0,0,,,no_observed,0,0,0,0,0,0,0
chubu_site_e5e5297fb992,宇野気変電所,chubu,w1241362889,partial,2,3,0,1,0,0,1,0,1,3,3,77/6,77/6,same,2,0,3,2,0,0,0
chubu_site_e63ecbfb23b6,中部電力パワーグリッド株式会社 神久呂変電所,chubu,w192587632,lines_only,0,1,0,0,0,0,0,0,0,0,0,,,no_observed,0,0,0,0,0,0,2
chubu_site_e6e500302c7b,木場変電所,chubu,w177941524,lines_only,0,0,0,0,0,0,0,0,0,0,0,,,no_observed,0,1,0,0,0,0,0
chubu_site_e71548d729bd,井野河内変電所,chubu,w1246218567,none,0,0,0,0,0,0,0,0,0,0,0,,,no_observed,0,0,0,0,0,0,0
chubu_site_e73bb5edd8b6,東桂変電所,chubu,w277478246,lines_only,2,1,1,0,0,0,0,0,1,0,0,66/11,,no_observed,0,1,12,0,1,0,0
chubu_site_e747d0fe27d1,辰野町変電所,chubu,w638598037,lines_only,1,1,0,0,0,0,0,0,0,0,0,,,no_observed,0,1,0,0,1,0,0
chubu_site_e7a72d495eb0,城北三丁目変電所,chubu,w381750484,none,0,0,0,0,0,0,0,0,0,0,0,,,no_observed,0,0,0,0,0,0,0
chubu_site_e87a34494aed,善左衛門三丁目変電所,chubu,w588353729,lines_only,0,0,0,1,0,0,0,0,0,0,0,,,no_observed,0,5,1,0,0,0,0
chubu_site_e8c794da751b,安曇変電所,chubu,w775847772,lines_only,0,0,0,1,0,0,0,0,0,0,0,,,no_observed,0,3,1,0,0,0,0
chubu_site_e94c9d6eb2ca,白鳥町変電所,chubu,w703019996,none,0,0,0,0,0,0,0,0,0,0,0,,,no_observed,0,0,0,0,0,0,0
chubu_site_e94ca4b308fa,野村変電所,chubu,w1200664612,lines_only,1,1,0,1,0,0,0,0,0,0,0,,,no_observed,0,2,1,0,0,2,0
chubu_site_e95ca589ad0b,甲賀町大原市場変電所,chubu,w1159851600,none,0,0,0,0,0,0,0,0,0,0,0,,,no_observed,0,0,0,0,0,0,0
chubu_site_e97a7711e51b,亀山変電所,chubu,w797575924,none,0,0,0,0,0,0,0,0,0,0,0,,,no_observed,0,0,0,0,0,0,0
chubu_site_e9c3663aec87,高内変電所,chubu,w628041820,conductors_only,1,2,0,1,0,0,0,0,0,0,0,,,no_observed,0,13,7,1,0,0,0
chubu_site_e9e8ca4924d5,中部電力豊島変電所,chubu,w422887348,lines_only,1,1,0,0,0,0,0,0,0,0,0,,,no_observed,0,2,2,0,1,0,2
chubu_site_ea166d63b3f7,門前変電所,chubu,w116559939,partial,2,3,2,0,4,6,0,6,1,1,0,500/275,,no_observed,3,1,0,0,3,0,0
chubu_site_ea3bd25385d7,,chubu,w1503018961,lines_only,0,0,0,0,0,0,0,0,0,0,0,,,no_observed,0,0,3,0,0,0,0
chubu_site_ea445e7c7750,群馬三原変電所,chubu,w1085004981,conductors_only,1,1,0,1,0,0,0,0,0,0,0,,,no_observed,0,2,8,1,0,0,0
chubu_site_ea52a70b2f2e,安曇野市変電所_2,chubu,w316421000,lines_only,1,2,0,0,0,0,0,0,0,0,0,,,no_observed,0,0,2,0,0,2,0
chubu_site_ea7ea9a3c265,宮沢変電所,chubu,w591417568,lines_only,0,1,0,0,0,0,0,0,0,0,0,,,no_observed,0,1,0,0,2,0,4
chubu_site_eaba96607e20,南箕輪村変電所,chubu,w807999572,lines_only,0,0,0,0,0,0,0,0,0,0,0,,,no_observed,0,1,0,0,0,0,0
chubu_site_eb361d1c2bf9,葵区変電所_3,chubu,w1085931753,lines_only,1,0,0,0,0,0,0,0,0,0,0,,,no_observed,0,1,3,0,0,0,0
chubu_site_eba4ee9b60e5,上小波田変電所,chubu,w447125660,conductors_only,1,1,0,1,0,0,0,0,0,0,0,,,no_observed,0,3,0,0,1,0,0
chubu_site_ebfde85156f8,富南変電所,chubu,w324055341,conductors_only,4,4,0,2,0,0,0,0,3,0,0,275/154;154/66;66/6,,no_observed,0,11,11,1,1,3,0
chubu_site_ec520a4cd18c,堤変電所,chubu,w1525690638,none,0,0,0,0,0,0,0,0,0,0,0,,,no_observed,0,0,0,0,0,0,0
chubu_site_ec662b2b40fd,安永変電所,chubu,w1323781298,lines_only,0,0,0,0,0,0,0,0,0,0,0,,,no_observed,0,1,1,0,0,0,0
chubu_site_ec930c15c311,JR東海鷲津変電所,chubu,w416822816,lines_only,2,1,0,0,0,0,0,0,1,0,0,77/44,,no_observed,0,1,3,0,1,0,0
chubu_site_ecbe74383068,大町市変電所_5,chubu,w492451836,lines_only,0,0,0,0,0,0,0,0,0,0,0,,,no_observed,0,0,1,0,0,0,0
chubu_site_ecc7ac289320,三屋変電所,chubu,w733856037,lines_only,2,0,0,0,0,0,0,0,1,0,0,154/66,,no_observed,0,1,4,0,0,0,0
chubu_site_ed1b52869358,浜松変電所,chubu,w192167370,lines_only,2,3,0,1,0,0,0,0,1,0,0,154/77,,no_observed,0,4,2,0,4,0,0
chubu_site_ed4b11ffdc88,総社町四丁目変電所,chubu,w126775672,none,1,0,0,0,0,0,0,0,0,0,0,,,no_observed,0,0,5,0,0,0,0
chubu_site_ed58f54c4c92,三国町新保変電所,chubu,w315639853,none,1,0,0,1,0,0,2,0,0,0,0,,,no_observed,2,0,3,0,0,0,0
chubu_site_ed957ab30998,大聖寺敷地変電所,chubu,w703104252,none,0,0,0,0,0,0,0,0,0,0,0,,,no_observed,0,0,0,0,0,0,0
chubu_site_eda995a56c43,南橘変電所,chubu,w519012878,none,1,0,0,0,0,0,1,0,0,0,0,,,no_observed,1,0,0,0,0,0,0
chubu_site_ee2464fa2766,石引一丁目変電所,chubu,w1256591798,partial,1,2,2,0,1,2,6,0,0,4,4,,77/6,contradicts,4,0,6,2,0,0,0
chubu_site_eec9c6a590dd,増山変電所,chubu,n5332448422,none,0,0,0,0,0,0,0,0,0,0,0,,,no_observed,0,0,2,0,0,0,0
chubu_site_eed4a3ce4c54,変電室,chubu,n13437862240,none,0,0,0,0,0,0,0,0,0,0,0,,,no_observed,0,0,0,0,0,0,0
chubu_site_eef943be02af,磯部変電所,chubu,w519907761,lines_only,1,1,0,1,0,0,0,0,0,0,0,,,no_observed,0,4,20,0,4,0,0
chubu_site_ef06e13d2389,四ツ屋変電所,chubu,w761351770,lines_only,1,1,0,0,0,0,0,0,0,0,0,,,no_observed,0,1,0,0,1,0,0
chubu_site_ef0d778966b1,石垣変電所,chubu,w756192867,lines_only,0,1,0,0,0,0,0,0,0,0,0,,,no_observed,0,1,1,0,1,0,0
chubu_site_ef55e96b119a,杉山変電所,chubu,w1306103393,none,0,0,0,0,0,0,0,0,0,0,0,,,no_observed,0,0,0,0,0,0,0
chubu_site_ef696e856abd,駒場変電所,chubu,w1046033288,none,0,0,0,0,0,0,0,0,0,0,0,,,no_observed,0,0,0,0,0,0,0
chubu_site_efa4adcbb574,赤水町変電所,chubu,w973537263,lines_only,0,0,0,0,0,0,0,0,0,0,0,,,no_observed,0,0,2,0,0,0,0
chubu_site_efe0f8810fe6,横和変電所,chubu,w738018800,lines_only,0,1,0,0,0,0,0,0,0,0,0,,,no_observed,0,0,0,0,0,0,2
chubu_site_f0581e61f315,大針町変電所,chubu,w1427723803,conductors_only,0,0,0,1,0,0,0,0,0,0,0,,,no_observed,0,2,1,0,0,0,0
chubu_site_f06ff3ea6d22,白子変電所,chubu,w869952192,lines_only,0,0,0,0,0,0,0,0,0,0,0,,,no_observed,0,1,0,0,0,0,0
chubu_site_f07b955bacfd,駿遠変電所,chubu,w170503689,partial,4,4,9,0,4,6,37,0,3,9,9,500/275;275/154;154/77,275/154;275/77,contradicts,30,0,54,7,0,0,0
chubu_site_f0c3f182f13e,Kasugai Substation,chubu,w253528800,lines_only,1,1,0,0,0,0,0,0,0,0,0,,,no_observed,0,2,0,0,1,0,0
chubu_site_f0ed6182cf0a,神立変電所,chubu,w760531677,lines_only,0,0,0,0,0,0,0,0,0,0,0,,,no_observed,0,1,3,0,0,0,0
chubu_site_f10a89a2a42d,名古屋鉄道,chubu,w419392864,none,0,0,0,0,0,0,0,0,0,0,0,,,no_observed,0,0,0,0,0,0,0
chubu_site_f134161eb6d8,野白新田変電所,chubu,w1389869564,lines_only,1,0,0,0,0,0,0,0,0,0,0,,,no_observed,0,1,3,0,0,0,0
chubu_site_f13bd4c97bbf,鯖江変電所,chubu,n2288824633,none,1,0,0,0,0,0,0,0,0,0,0,,,no_observed,0,0,4,0,0,0,0
chubu_site_f14f07e29021,大脇変電所,chubu,w499574552,none,3,0,0,0,0,0,0,0,2,0,0,275/154;154/77,,no_observed,0,0,66,0,0,0,0
chubu_site_f154bf87b918,茅野市変電所,chubu,w203378850,lines_only,0,1,0,0,0,0,0,0,0,0,0,,,no_observed,0,0,0,0,0,0,4
chubu_site_f15e3ed538d3,下諏訪変電所,chubu,w203378849,lines_only,1,1,0,0,0,0,0,0,0,0,0,,,no_observed,0,0,5,0,0,2,0
chubu_site_f16adee86c63,福寿町平方九丁目変電所,chubu,w165019834,lines_only,0,0,0,0,0,0,0,0,0,0,0,,,no_observed,0,1,0,0,0,0,0
chubu_site_f1814af4facd,黒部市変電所_3,chubu,w1239288511,mapped,1,1,1,0,1,1,2,0,0,2,2,,,no_observed,2,0,3,1,0,0,0
chubu_site_f182b294dcf9,角間町変電所,chubu,w837554903,none,0,0,0,0,0,0,0,0,0,0,0,,,no_observed,0,0,0,0,0,0,0
chubu_site_f18d69489992,野向町薬師神谷変電所,chubu,w1427723799,none,0,0,0,0,0,0,0,0,0,0,0,,,no_observed,0,0,1,0,0,0,0
chubu_site_f1991aa73eec,横割四丁目変電所,chubu,w640602683,lines_only,1,1,0,0,0,0,0,0,0,0,0,,,no_observed,0,1,1,0,1,0,0
chubu_site_f2142b5127b7,松代変電所,chubu,w1238854993,layout_only,0,0,0,0,0,0,0,0,0,1,0,,,no_observed,0,1,0,0,0,0,0
chubu_site_f26e87db375b,沢井変電所,chubu,w902746277,none,1,0,0,0,0,0,0,0,0,0,0,,,no_observed,0,0,3,0,0,0,0
chubu_site_f276a5717c88,東浜三丁目変電所,chubu,w217128112,conductors_only,1,2,2,0,2,2,0,0,0,0,0,,,no_observed,0,3,9,0,3,0,0
chubu_site_f303672fb558,水口変電所,chubu,w1093510081,none,0,0,0,0,0,0,0,0,0,0,0,,,no_observed,0,0,0,0,0,0,0
chubu_site_f33222c4babd,気賀変電所,chubu,w419166628,lines_only,0,0,0,0,0,0,0,0,0,0,0,,,no_observed,0,1,0,0,0,0,0
chubu_site_f3f79f93e033,水須変電所,chubu,w618344817,lines_only,1,1,0,0,0,0,0,0,0,0,0,,,no_observed,0,2,2,0,1,0,0
chubu_site_f44c12c8f663,中信変電所,chubu,w315662802,conductors_only,3,5,5,1,2,2,3,0,2,0,0,275/154;154/77,,no_observed,10,14,21,1,5,2,4
chubu_site_f44e283390db,太平寺二丁目変電所,chubu,w605145385,none,0,0,0,0,0,0,0,0,0,0,0,,,no_observed,0,0,0,0,0,0,0
chubu_site_f480f8057860,中部電力パワーグリッド 白土変電所,chubu,w1165601291,lines_only,0,3,0,0,0,0,0,0,0,0,0,,,no_observed,0,0,0,0,0,8,8
chubu_site_f4d9029f3f54,三福変電所,chubu,w409537789,lines_only,1,1,0,0,0,0,0,0,0,0,0,,,no_observed,0,1,0,0,1,0,0
chubu_site_f4f072b1cfb0,中島町変電所,chubu,w129306970,none,1,0,0,0,0,0,0,0,0,0,0,,,no_observed,0,0,2,0,0,0,0
chubu_site_f50d8eacfe45,中土狩変電所,chubu,w1205918198,lines_only,2,2,0,0,0,0,0,0,1,0,0,66/6,,no_observed,0,0,0,0,0,0,2
chubu_site_f51dc866b409,掛尾変電所,chubu,w1280953632,lines_only,2,2,0,1,0,0,0,0,1,0,0,66/6,,no_observed,0,2,3,0,0,2,0
chubu_site_f52be3a4e78b,箱宮町変電所,chubu,w316250973,conductors_only,1,3,0,1,0,0,0,0,0,0,0,,,no_observed,0,5,0,0,1,0,0
chubu_site_f5365cd49b14,新前橋開閉所,chubu,w126838060,conductors_only,1,1,0,1,0,0,0,0,0,0,0,,,no_observed,0,2,10,2,0,0,0
chubu_site_f56191b87834,御望変電所,chubu,w162059741,conductors_only,0,0,0,1,0,0,0,0,0,0,0,,,no_observed,0,5,0,0,0,0,0
chubu_site_f652c913b3f4,昭和町変電所_2,chubu,w129619548,conductors_only,1,1,0,0,0,0,0,0,0,0,0,,,no_observed,0,1,1,0,0,0,2
chubu_site_f659d02f8171,天神前二丁目変電所,chubu,w1063701089,none,0,0,0,0,0,0,0,0,0,0,0,,,no_observed,0,0,1,0,0,0,0
chubu_site_f66c3c399b2d,太田変電所_2,chubu,w316250981,partial,2,3,1,0,1,4,6,0,1,3,3,77/6,77/6,same,4,0,6,4,0,0,0
chubu_site_f67a5dcc66b3,出川二丁目変電所,chubu,w1051458876,lines_only,0,0,0,1,0,0,0,0,0,0,0,,,no_observed,0,2,0,0,0,0,0
chubu_site_f6a2136b3feb,東長江町変電所,chubu,w1256591813,mapped,2,2,0,2,0,0,2,0,1,2,2,154/77,154/77,same,8,11,0,4,0,0,0
chubu_site_f6b428049e6b,米原変電所_2,chubu,w663607583,lines_only,2,1,0,0,0,0,0,0,1,0,0,77/25,,no_observed,0,0,7,0,1,0,0
chubu_site_f6c782a5154a,山梨変電所,chubu,w202426838,lines_only,2,2,0,1,0,0,0,0,1,0,0,154/66,,no_observed,0,4,4,0,2,2,4
chubu_site_f6ff0ec3ba70,東八日市変電所,chubu,w585842809,none,0,0,0,0,0,0,0,0,0,0,0,,,no_observed,0,0,0,0,0,0,0
chubu_site_f714889aa105,西掛川変電所,chubu,w425533699,lines_only,0,0,0,1,0,0,0,0,0,0,0,,,no_observed,0,3,0,0,0,0,0
chubu_site_f766c10b4924,,chubu,w1504268951,none,1,0,0,0,0,0,0,0,0,0,0,,,no_observed,0,0,1,0,0,0,0
chubu_site_f7cd3d7c2363,青野町変電所,chubu,w192264746,lines_only,0,0,0,1,0,0,0,0,0,0,0,,,no_observed,0,3,2,0,0,0,0
chubu_site_f7d7ceb29cf0,中部電力鷲津変電所,chubu,w416822355,lines_only,2,2,0,0,0,0,0,0,1,0,0,77/44,,no_observed,0,2,7,0,3,0,4
chubu_site_f80e72e1b40f,神洞変電所,chubu,w192508460,none,1,0,0,0,0,0,0,0,0,0,0,,,no_observed,0,0,4,0,0,0,0
chubu_site_f82ddcaa316c,伊東変電所,chubu,w409626464,lines_only,1,1,0,0,0,0,0,0,0,0,0,,,no_observed,0,1,0,0,1,0,0
chubu_site_f842ddb91a8d,三島変電所,chubu,w208107884,lines_only,1,1,0,0,0,0,0,0,0,0,0,,,no_observed,0,1,0,0,1,0,0
chubu_site_f87302dd6a8f,関町小野変電所,chubu,w518848928,conductors_only,1,1,0,1,0,0,1,0,0,0,0,,,no_observed,2,0,0,2,0,0,0
chubu_site_f8f7dd969a3d,須原開閉所,chubu,w209429357,lines_only,1,2,0,2,0,0,0,0,0,0,0,,,no_observed,0,5,14,0,2,0,0
chubu_site_f9707852cd5e,落合川,chubu,w209269391,lines_only,1,2,0,1,0,0,0,0,0,0,0,,,no_observed,0,3,7,0,1,3,0
chubu_site_f9a53fd35ff4,千原町変電所,chubu,w1226752396,lines_only,1,1,0,0,0,0,0,0,0,0,0,,,no_observed,0,1,0,0,1,0,0
chubu_site_f9c00c43827e,南磐田変電所,chubu,w427119067,conductors_only,0,0,0,1,0,0,0,0,0,0,0,,,no_observed,0,4,0,0,0,0,0
chubu_site_fa20b5166339,関市変電所,chubu,w170366038,lines_only,1,2,0,2,0,0,0,0,0,0,0,,,no_observed,0,4,2,0,2,0,0
chubu_site_fa52d24b8290,名鉄岩倉変電所,chubu,w315385221,none,0,0,0,0,0,0,0,0,0,0,0,,,no_observed,0,0,0,0,0,0,0
chubu_site_fa58e838ad43,名張変電所,chubu,w475818414,lines_only,1,1,0,0,0,0,0,0,0,0,0,,,no_observed,0,1,3,0,1,0,0
chubu_site_fa5f2847bf1e,中部電力パワーグリッド株式会社 蜆塚変電所,chubu,w192370904,lines_only,1,0,0,0,0,0,0,0,0,0,0,,,no_observed,0,1,2,0,0,0,0
chubu_site_fa6acac519af,大垣変電所 (Ogaki Hendensho),chubu,w161958478,lines_only,1,2,0,1,0,0,0,0,0,0,0,,,no_observed,0,2,0,0,2,0,2
chubu_site_fa9339c92b6b,太田変電所,chubu,w1214456661,lines_only,2,3,0,0,0,0,0,0,1,0,0,77/6,,no_observed,0,1,0,0,1,0,0
chubu_site_fa9973500f92,富山市変電所,chubu,w708293550,lines_only,1,0,0,0,0,0,0,0,0,0,0,,,no_observed,0,1,6,0,0,0,0
chubu_site_fb1191d98952,上久屋町変電所,chubu,w520126260,lines_only,1,1,0,1,0,0,0,0,0,0,0,,,no_observed,0,2,0,0,0,2,0
chubu_site_fb64f395c94a,身延変電所,chubu,w1307229265,partial,0,0,0,0,0,0,0,0,0,1,0,,,no_observed,0,1,4,0,0,0,0
chubu_site_fc3c0b6b5880,田上変電所,chubu,w1028270975,partial,2,3,2,0,1,2,6,0,1,2,2,77/6,77/6,same,4,5,2,1,0,0,0
chubu_site_fc4e51cdb696,水主町変電所,chubu,w187748270,lines_only,1,2,0,0,0,0,0,0,0,0,0,,,no_observed,0,1,0,0,1,0,0
chubu_site_fc7eafaae45c,田中変電所,chubu,n12757386917,none,0,0,0,0,0,0,0,0,0,0,0,,,no_observed,0,0,2,0,0,0,0
chubu_site_fc81975945e8,犬山変電所,chubu,w209429355,lines_only,3,1,0,2,0,0,0,0,2,0,0,275/154;154/77,,no_observed,0,9,13,0,0,2,2
chubu_site_fc947bfd31f7,中ノ江変電所,chubu,w256682324,lines_only,0,0,0,0,0,0,0,0,0,0,0,,,no_observed,0,0,0,0,0,0,0
chubu_site_fca8bb7161cc,新城変電所,chubu,w425716195,lines_only,1,0,0,0,0,0,0,0,0,0,0,,,no_observed,0,1,1,0,0,0,0
chubu_site_fcc6c6dec2c8,東海町六丁目変電所,chubu,w253528801,lines_only,1,1,0,0,0,0,0,0,0,0,0,,,no_observed,0,1,9,0,1,0,0
chubu_site_fd0f7f043f53,中部電力引佐変電所,chubu,w192549645,lines_only,0,0,0,0,0,0,0,0,0,0,0,,,no_observed,0,1,0,0,0,0,0
chubu_site_fd50073fe29e,前橋変電所,chubu,w1083364837,lines_only,1,1,0,0,0,0,0,0,0,0,0,,,no_observed,0,1,3,0,1,0,0
chubu_site_fe230ca39b93,幸田変電所,chubu,r7444441,layout_only,2,2,0,0,0,0,0,0,1,4,0,275/77,,no_observed,0,0,12,0,3,5,2
chubu_site_ff3f634363c0,春日変電所,chubu,w324057656,conductors_only,2,2,0,1,0,0,0,0,1,0,0,154/66,,no_observed,0,12,7,2,2,0,0
chubu_site_ff71d52a8fe6,鳥居本変電所,chubu,w1465098322,lines_only,1,1,0,0,0,0,0,0,0,0,0,,,no_observed,0,1,0,0,1,0,0
chubu_site_ff9138430488,毛受変電所(Menjo-Hendensho),chubu,w49201215,lines_only,1,2,0,0,0,0,0,0,0,0,0,,,no_observed,0,1,3,0,1,0,0
chubu_site_ff970d7d6a47,神野変電所,chubu,w428369368,none,0,0,0,0,0,0,0,0,0,0,0,,,no_observed,0,0,1,0,0,0,0
chubu_site_ff9bf2d44e2e,丸岡町舛田変電所,chubu,w315614776,mapped,3,2,4,0,2,4,14,0,2,3,3,275/154;154/77,275/154,partial,8,0,14,8,0,0,0
chubu_site_ffa88bf4e29a,堀口町変電所,chubu,w1251024135,lines_only,0,0,0,0,0,0,0,0,0,0,0,,,no_observed,0,1,2,0,0,0,0
chubu_site_ffa8c6ce3079,手原一丁目変電所,chubu,w1386514693,none,0,0,0,0,0,0,0,0,0,0,0,,,no_observed,0,0,0,0,0,0,0
chugoku_site_0072b43959bf,平井二丁目変電所,chugoku,w1299948916,conductors_only,1,1,0,1,0,0,0,0,0,0,0,,,no_observed,0,5,6,1,2,0,0
chugoku_site_0076f0760162,沼隈町大字草深変電所,chugoku,w317641604,none,1,0,0,0,0,0,0,0,0,0,0,,,no_observed,0,0,1,0,0,0,0
chugoku_site_00ae4f3ec499,藤生町三丁目変電所,chugoku,w641622947,lines_only,2,3,0,1,0,0,0,0,1,0,0,220/110,,no_observed,0,4,1,0,3,0,0
chugoku_site_00bd18d266a1,変電所,chugoku,w165642093,conductors_only,1,2,0,0,0,0,0,0,0,0,0,,,no_observed,0,1,1,0,0,0,2
chugoku_site_01ac11cf20ca,尾道変電所,chugoku,w317641613,lines_only,1,1,0,1,0,0,0,0,0,0,0,,,no_observed,0,4,0,0,1,2,0
chugoku_site_01b9e07f7324,老松町二丁目変電所,chugoku,w1210759105,lines_only,1,1,0,0,0,0,0,0,0,0,0,,,no_observed,0,2,3,0,1,0,0
chugoku_site_02267f755de8,江田島変電所,chugoku,w1334462846,lines_only,1,1,0,0,0,0,0,0,0,0,0,,,no_observed,0,1,0,0,1,0,0
chugoku_site_02e26cd6794f,大井町変電所,chugoku,w659874777,lines_only,3,2,3,0,0,0,2,0,2,0,0,500/220;220/110,,no_observed,15,2,24,0,0,2,0
chugoku_site_02f4fcdeb433,新香登補助き電区分所,chugoku,w1348652417,lines_only,1,1,0,0,0,0,0,0,0,0,0,,,no_observed,0,0,1,0,1,0,0
chugoku_site_0314803b17e7,新岡山変電所,chugoku,w241828221,mapped,2,2,2,0,2,15,6,0,1,3,3,500/220,500/220,same,6,0,0,0,0,0,0
chugoku_site_032bba22ed70,中国電力,chugoku,w317852635,lines_only,1,1,0,1,0,0,0,0,0,0,0,,,no_observed,0,3,4,0,1,2,0
chugoku_site_035e186a7ed0,新徳山変電所,chugoku,w243471278,partial,2,1,0,1,0,0,3,0,1,2,0,220/110,,no_observed,3,12,3,8,4,0,8
chugoku_site_03e7ae6cc3b0,東益田変電所,chugoku,w320724309,conductors_only,2,2,1,1,1,1,0,0,1,0,0,110/66,,no_observed,2,2,0,2,2,0,0
chugoku_site_043d089a50e2,北条変電所,chugoku,w1352329375,lines_only,1,1,0,1,0,0,0,0,0,0,0,,,no_observed,0,2,0,0,2,0,0
chugoku_site_044e33847341,段原変電所,chugoku,w1396240332,layout_only,0,0,0,0,0,0,0,0,0,1,0,,,no_observed,0,0,0,0,0,0,0
chugoku_site_04e131272aa4,詫間町詫間変電所,chugoku,w670866756,lines_only,0,0,0,0,0,0,0,0,0,0,0,,,no_observed,0,1,0,0,0,0,0
chugoku_site_052caa8bf5f4,門司変電所,chugoku,w1511443021,lines_only,1,1,1,0,0,0,0,0,0,0,0,,,no_observed,0,1,1,0,1,0,2
chugoku_site_055c927f663d,徳山変電所,chugoku,w318564837,conductors_only,2,2,0,1,0,0,1,0,1,0,0,110/66,,no_observed,1,7,8,3,3,0,0
chugoku_site_06fcf9ce751b,中津町三丁目変電所,chugoku,w1395249471,none,0,0,0,0,0,0,0,0,0,0,0,,,no_observed,0,0,1,0,0,0,0
chugoku_site_077ed0b88976,東深川変電所,chugoku,w318438192,lines_only,1,1,0,0,0,0,0,0,0,0,0,,,no_observed,0,1,1,0,1,0,0
chugoku_site_07cd1f100b45,東広島変電所,chugoku,w179935434,none,1,0,0,1,0,0,4,0,0,0,0,,,no_observed,4,0,2,0,0,0,0
chugoku_site_085859b6af51,新居浜変電所,chugoku,w620975083,conductors_only,1,1,2,0,1,2,8,0,0,0,0,,,no_observed,8,0,10,5,0,0,0
chugoku_site_090eac0f02c9,脇町新町変電所,chugoku,w1023830386,lines_only,1,1,0,1,0,0,0,0,0,0,0,,,no_observed,0,2,3,0,2,0,0
chugoku_site_093180be3f7c,ひうち変電所_4,chugoku,w1037121667,conductors_only,2,1,3,0,0,0,16,0,1,0,0,187/66,,no_observed,14,5,3,1,0,0,0
chugoku_site_0b0058e3f7ce,新西広島変電所,chugoku,w193544791,partial,3,3,2,0,2,3,8,0,2,2,1,500/220;220/110,500/220,partial,6,0,3,0,0,0,0
chugoku_site_0c0f1bbf1c35,松並町一丁目変電所,chugoku,w425057143,partial,1,1,0,1,0,0,2,4,0,2,0,,,no_observed,2,0,1,2,0,0,0
chugoku_site_0cc011e8243b,木見変電所,chugoku,w869737205,none,0,0,0,0,0,0,0,0,0,0,0,,,no_observed,0,0,0,0,0,0,0
chugoku_site_0d42d2c5ee70,新赤穂き電区分所,chugoku,w1346990883,lines_only,2,2,0,0,0,0,0,0,1,0,0,25/6,,no_observed,0,1,1,0,2,0,0
chugoku_site_0d709d40bd15,横代変電所,chugoku,w1509663291,lines_only,2,2,0,0,0,0,0,0,1,0,0,66/6,,no_observed,0,1,3,0,1,0,0
chugoku_site_0e574783ba8e,玉川町玉変電所,chugoku,w691633735,none,0,0,0,0,0,0,0,0,0,0,0,,,no_observed,0,0,1,0,0,0,0
chugoku_site_0ec3796ab5e6,端岡変電所,chugoku,w88478978,lines_only,1,1,0,1,0,0,0,0,0,0,0,,,no_observed,0,2,4,0,2,0,0
chugoku_site_0fe0a72b906c,野田二丁目変電所,chugoku,w1352808527,none,0,0,0,0,0,0,0,0,0,0,0,,,no_observed,0,0,0,0,0,0,0
chugoku_site_107ac767ac1c,山口市変電所_3,chugoku,w1395524982,lines_only,1,0,0,1,0,0,0,0,0,0,0,,,no_observed,0,2,9,0,0,0,0
chugoku_site_1095039935db,南原変電所,chugoku,w240806572,lines_only,3,2,0,1,0,0,0,0,2,0,0,220/66;66/6,,no_observed,0,2,12,0,0,2,2
chugoku_site_109ed104354e,JR西日本早島変電所,chugoku,w606772811,lines_only,0,0,0,0,0,0,0,0,0,0,0,,,no_observed,0,1,0,0,0,0,0
chugoku_site_10ddf357233c,安瀬変電所,chugoku,w764464484,partial,3,6,3,0,3,3,9,12,2,4,4,66/22;22/6,66/22;66/6,contradicts,7,3,2,2,1,3,2
chugoku_site_1113f2078ac4,宇多津町変電所,chugoku,w1415132215,none,0,0,0,0,0,0,0,0,0,0,0,,,no_observed,0,0,1,0,0,0,0
chugoku_site_1163c8723e8f,綾部変電所,chugoku,w562124933,lines_only,0,0,0,1,0,0,0,0,0,0,0,,,no_observed,0,2,4,0,0,0,0
chugoku_site_11b7aa3f79d8,大字浜変電所,chugoku,w619437960,none,1,0,0,0,0,0,0,0,0,0,0,,,no_observed,0,0,1,0,0,0,0
chugoku_site_13ff6c9f66df,水分町変電所,chugoku,w642576052,lines_only,1,2,0,1,0,0,0,0,0,0,0,,,no_observed,0,3,2,0,1,2,0
chugoku_site_142b1a4e499d,山口大学医学部 特高受変電棟,chugoku,w1276266179,none,0,0,0,0,0,0,0,0,0,0,0,,,no_observed,0,0,0,0,0,0,0
chugoku_site_14794409f069,新高山三丁目変電所,chugoku,w317641574,lines_only,1,1,0,1,0,0,0,0,0,0,0,,,no_observed,0,2,6,0,0,2,2
chugoku_site_149ad9260996,槌ケ原変電所,chugoku,w317829067,none,1,0,0,0,0,0,0,0,0,0,0,,,no_observed,0,0,1,0,0,0,0
chugoku_site_14b80c31ed1d,金光変電所 (Konkō Hendensho),chugoku,w317734485,lines_only,1,1,0,0,0,0,0,0,0,0,0,,,no_observed,0,1,0,0,1,0,0
chugoku_site_1532f2787913,江府町変電所,chugoku,w1417209902,none,1,0,0,1,0,0,2,0,0,0,0,,,no_observed,2,0,0,0,0,0,0
chugoku_site_1620a57bab70,山口大学医学部 エネルギーセンター,chugoku,w378567945,none,0,0,0,0,0,0,0,0,0,0,0,,,no_observed,0,0,0,0,0,0,0
chugoku_site_1640472591f8,山川町建石変電所,chugoku,w933807961,none,1,0,0,0,0,0,0,0,0,0,0,,,no_observed,0,0,10,0,0,0,0
chugoku_site_1694fac23e1f,大和町二丁目変電所,chugoku,w370263242,conductors_only,2,1,0,1,0,0,0,0,1,0,0,110/66,,no_observed,0,5,1,1,0,0,0
chugoku_site_1729fd11cf85,多喜浜一丁目変電所,chugoku,w844286149,conductors_only,1,1,0,1,0,0,0,0,0,0,0,,,no_observed,0,5,0,1,0,0,0
chugoku_site_174bfb11f0e6,三隅町岡見変電所,chugoku,w320724312,lines_only,1,1,0,1,0,0,0,0,0,0,0,,,no_observed,0,2,3,0,2,0,0
chugoku_site_1762a25f2c9a,北区変電所,chugoku,w316459356,lines_only,1,1,0,0,0,0,0,0,0,0,0,,,no_observed,0,2,0,0,1,0,0
chugoku_site_1767d147cae4,国府市場変電所,chugoku,w317852641,lines_only,1,1,0,0,0,0,0,0,0,0,0,,,no_observed,0,1,0,0,1,0,0
chugoku_site_17a7a3eb11d1,井堀変電所,chugoku,w304391483,lines_only,3,2,0,0,0,0,0,0,2,0,0,220/66;66/6,,no_observed,0,1,3,0,1,0,2
chugoku_site_17cec554fe05,喜多川変電所_2,chugoku,w620976976,conductors_only,2,2,3,0,2,3,16,0,1,0,0,187/66,,no_observed,14,0,30,10,0,0,0
chugoku_site_1896cb1c6f0f,府中変電所,chugoku,w159606727,lines_only,1,1,0,0,0,0,0,0,0,0,0,,,no_observed,0,1,1,0,1,0,0
chugoku_site_18bd877967c6,水島変電所,chugoku,w317557313,layout_only,1,1,0,1,0,0,0,0,0,3,0,,,no_observed,0,3,3,0,3,0,2
chugoku_site_18c9b257ef28,丹那町変電所_2,chugoku,w1431445559,none,1,0,0,0,0,0,0,0,0,0,0,,,no_observed,0,0,6,0,0,0,0
chugoku_site_1975cabb5ec6,加茂町大字下加茂変電所,chugoku,w397947115,lines_only,0,0,0,0,0,0,0,0,0,0,0,,,no_observed,0,1,2,0,0,0,0
chugoku_site_19920bef7f27,西栄三丁目変電所,chugoku,w708329980,lines_only,0,0,0,0,0,0,0,0,0,0,0,,,no_observed,0,1,0,0,0,0,0
chugoku_site_1a26ab4db4cd,富岡変電所,chugoku,w441150077,lines_only,3,4,0,0,0,0,0,0,2,0,0,110/22;22/6,,no_observed,0,1,1,0,1,0,0
chugoku_site_1a424a5a2131,御来屋変電所,chugoku,w593043804,lines_only,1,1,0,0,0,0,0,0,0,0,0,,,no_observed,0,1,3,0,1,0,0
chugoku_site_1ae713368e3c,朽網変電所,chugoku,w1509721696,lines_only,1,1,0,0,0,0,0,0,0,0,0,,,no_observed,0,1,0,0,1,0,0
chugoku_site_1b16228c5e64,光変電所,chugoku,w319463515,conductors_only,1,1,0,1,0,0,0,0,0,0,0,,,no_observed,0,10,17,5,4,0,8
chugoku_site_1b2909305ea5,流岡町変電所,chugoku,w653975396,none,0,0,0,0,0,0,0,0,0,0,0,,,no_observed,0,0,2,0,0,0,0
chugoku_site_1be7beb7d7c1,上郡変電所,chugoku,w963959539,lines_only,1,1,0,0,0,0,0,0,0,0,0,,,no_observed,0,1,1,0,1,0,0
chugoku_site_1c23790d4ccb,奥玉一丁目変電所,chugoku,w646137770,lines_only,0,0,0,1,0,0,0,0,0,0,0,,,no_observed,0,2,1,0,0,0,0
chugoku_site_1cef04c4e694,磯浦町変電所,chugoku,w620975078,conductors_only,2,1,6,0,1,4,18,0,1,0,0,187/110,,no_observed,18,0,21,4,0,0,0
chugoku_site_1d7ab6773fb6,吉和変電所,chugoku,w320853780,lines_only,1,1,0,1,0,0,0,0,0,0,0,,,no_observed,0,3,0,0,0,3,0
chugoku_site_1d7fae07c29e,藤山変電所,chugoku,w318438204,lines_only,2,2,0,1,0,0,0,0,1,0,0,66/6,,no_observed,0,2,3,0,2,0,0
chugoku_site_1db580beff30,池田町ハヤシ変電所,chugoku,w789773370,lines_only,0,0,0,0,0,0,0,0,0,0,0,,,no_observed,0,1,0,0,0,0,0
chugoku_site_1e47f5287102,菊本町一丁目変電所_2,chugoku,w1024863251,conductors_only,2,1,0,1,0,0,0,0,1,0,0,187/110,,no_observed,0,6,28,1,4,0,0
chugoku_site_1e9e7ef9b879,三丁地変電所,chugoku,w479834596,lines_only,0,0,0,0,0,0,0,0,0,0,0,,,no_observed,0,0,0,0,0,0,0
chugoku_site_1ff312bde0b6,杉戸町変電所,chugoku,w657464549,lines_only,1,0,0,1,0,0,0,0,0,0,0,,,no_observed,0,2,2,0,0,0,0
chugoku_site_207d100c5b1f,若松区変電所,chugoku,w764464483,lines_only,1,1,3,0,0,0,7,0,0,0,0,,,no_observed,7,1,3,0,1,0,2
chugoku_site_21c07d1f6112,今津変電所,chugoku,w296962849,none,2,0,0,0,0,0,0,0,1,0,0,66/6,,no_observed,0,0,3,0,0,0,0
chugoku_site_222ee0be86c2,大内変電所,chugoku,w309044199,conductors_only,2,2,0,1,0,0,0,0,1,0,0,66/6,,no_observed,0,3,7,1,0,0,0
chugoku_site_228b8ab1f201,浦富変電所,chugoku,w590296148,partial,1,1,1,0,1,1,2,2,0,2,0,,,no_observed,2,0,1,2,0,0,0
chugoku_site_22c8a8ff77f7,中国電力（株）本庄変電所,chugoku,w307552824,lines_only,1,1,0,0,0,0,0,0,0,0,0,,,no_observed,0,1,0,0,1,0,0
chugoku_site_22d21b412c69,松山変電所,chugoku,w171063439,conductors_only,2,4,0,2,0,0,0,0,1,0,0,187/66,,no_observed,0,7,7,0,5,0,0
chugoku_site_22f64ed027ef,藤生町一丁目変電所,chugoku,w641638470,lines_only,1,1,0,0,0,0,0,0,0,0,0,,,no_observed,0,1,1,0,0,0,0
chugoku_site_2328e2732352,三郎丸変電所,chugoku,w1511572316,partial,2,4,0,0,0,0,0,0,1,2,2,66/6,66/6,same,0,1,3,2,0,0,0
chugoku_site_23cbb56249cb,丹那町変電所,chugoku,w195089139,lines_only,1,0,0,1,0,0,0,0,0,0,0,,,no_observed,0,2,4,0,0,0,0
chugoku_site_23e653af0c8c,太平台変電所,chugoku,w641376610,none,0,0,0,0,0,0,0,0,0,0,0,,,no_observed,0,0,0,0,0,0,0
chugoku_site_249ddf9a1351,1丁目変電所,chugoku,w1115851588,none,0,0,0,0,0,0,0,0,0,0,0,,,no_observed,0,0,1,0,0,0,0
chugoku_site_25673eda6115,原方変電所,chugoku,w317796050,lines_only,2,2,0,2,0,0,0,0,1,0,0,110/66,,no_observed,0,5,0,0,5,0,0
chugoku_site_25750bfcada1,下阿知変電所,chugoku,w317852634,partial,1,1,0,1,0,0,0,2,0,1,0,,,no_observed,0,2,0,0,2,0,0
chugoku_site_2607f79cc91d,佐野変電所,chugoku,w319371123,lines_only,1,1,0,1,0,0,0,0,0,0,0,,,no_observed,0,3,0,0,2,0,2
chugoku_site_2632635b3ab2,山陽小野田市変電所,chugoku,w660503413,none,1,0,0,0,0,0,0,0,0,0,0,,,no_observed,0,0,3,0,0,0,0
chugoku_site_26ab27e5fb57,広島変電所,chugoku,w170974372,partial,2,4,5,0,4,5,9,0,1,3,3,220/110,220/110,same,8,3,11,13,3,0,8
chugoku_site_26bc11f43852,箕島町変電所,chugoku,w317641598,lines_only,1,1,0,1,0,0,0,0,0,0,0,,,no_observed,0,2,3,0,2,0,0
chugoku_site_26fd15db1992,国府変電所,chugoku,w309044203,conductors_only,2,2,0,2,0,0,0,0,1,0,0,187/66,,no_observed,0,17,24,3,7,0,0
chugoku_site_2702da1366d4,草壁変電所,chugoku,w317852644,lines_only,1,1,0,0,0,0,0,0,0,0,0,,,no_observed,0,1,0,0,1,0,0
chugoku_site_2741661493c0,朽網東五丁目変電所,chugoku,w298013798,lines_only,2,2,0,0,0,0,0,0,1,0,0,66/6,,no_observed,0,1,3,0,1,0,0
chugoku_site_27b226ee4d82,錦見三丁目変電所,chugoku,w318581311,conductors_only,3,3,1,2,1,1,1,0,2,0,0,220/110;110/66,,no_observed,1,4,3,0,2,0,0
chugoku_site_27d7614631bf,春の町二丁目変電所,chugoku,w296786436,lines_only,2,2,0,2,0,0,0,0,1,0,0,220/66,,no_observed,0,6,3,0,6,0,8
chugoku_site_284628a01dc1,二宮町神主変電所,chugoku,w320724314,none,1,0,0,0,0,0,0,0,0,0,0,,,no_observed,0,0,1,0,0,0,0
chugoku_site_28618bdf1af8,中国電力和気変電所,chugoku,w429989837,lines_only,0,0,0,0,0,0,0,0,0,0,0,,,no_observed,0,1,1,0,0,0,0
chugoku_site_28cab988cfb9,徳島市変電所,chugoku,w1023600799,lines_only,1,1,0,0,0,0,0,0,0,0,0,,,no_observed,0,1,0,0,1,0,2
chugoku_site_28ecae203291,岩国市変電所,chugoku,w1000533783,none,0,0,0,0,0,0,0,0,0,0,0,,,no_observed,0,0,0,0,0,0,0
chugoku_site_298fea57bcd5,本山町変電所,chugoku,w1037463609,lines_only,1,1,0,1,0,0,0,0,0,0,0,,,no_observed,0,2,3,0,2,0,0
chugoku_site_2996a2014053,神島変電所,chugoku,w441164689,lines_only,0,0,0,0,0,0,0,0,0,0,0,,,no_observed,0,1,0,0,0,0,0
chugoku_site_29fef4583a07,山口市変電所_5,chugoku,w1395524984,none,0,0,0,0,0,0,0,0,0,0,0,,,no_observed,0,0,5,0,0,0,0
chugoku_site_2b1728f16a66,大字栗屋変電所,chugoku,w620179647,conductors_only,1,1,0,1,0,0,0,0,0,0,0,,,no_observed,0,2,3,1,0,0,0
chugoku_site_2b480a1bd507,荘変電所,chugoku,w1417209901,partial,1,1,0,1,0,0,0,0,0,1,0,,,no_observed,0,11,3,3,0,0,0
chugoku_site_2c35f75c81b0,蒜山変電所 (Hiruzen Hendensho),chugoku,w317796058,lines_only,1,1,0,0,0,0,0,0,0,0,0,,,no_observed,0,1,0,0,1,0,0
chugoku_site_2c75e702f086,安芸高田市変電所,chugoku,w1427454285,lines_only,1,2,0,0,0,0,0,0,0,0,0,,,no_observed,0,0,7,0,0,0,4
chugoku_site_2c9a093b2fc1,土居町中村変電所,chugoku,w1024881478,lines_only,1,1,0,1,0,0,0,0,0,0,0,,,no_observed,0,2,3,0,2,0,0
chugoku_site_2cfe402e6e71,東出雲町錦新町六丁目変電所,chugoku,w1241295502,none,1,0,0,0,0,0,0,0,0,0,0,,,no_observed,0,0,1,0,0,0,0
chugoku_site_2dc6ebf5ee24,山本町財田西変電所,chugoku,w655044916,lines_only,0,0,0,0,0,0,0,0,0,0,0,,,no_observed,0,1,0,0,0,0,0
chugoku_site_2deae4ab251b,北長瀬本町変電所,chugoku,n13072686093,none,1,0,0,0,0,0,0,0,0,0,0,,,no_observed,0,0,3,0,0,0,0
chugoku_site_2e3a7d9033ea,八木八丁目変電所,chugoku,w641494663,lines_only,1,0,0,1,0,0,0,0,0,0,0,,,no_observed,0,2,5,0,0,0,0
chugoku_site_2ee46353ab79,伯耆大山変電所,chugoku,w1107887015,lines_only,1,1,0,0,0,0,0,0,0,0,0,,,no_observed,0,0,4,0,0,2,0
chugoku_site_2f35f179bc21,備前変電所,chugoku,w317800072,lines_only,2,2,0,1,0,0,2,0,1,0,0,110/66,,no_observed,2,2,2,0,1,0,0
chugoku_site_305538f51cb8,水島西通二丁目変電所,chugoku,w869737219,none,0,0,0,0,0,0,0,0,0,0,0,,,no_observed,0,0,2,0,0,0,0
chugoku_site_30cc1b57a9b6,門司変電所,chugoku,w189776902,partial,2,4,4,0,4,4,18,20,1,2,2,220/66,220/66,same,16,7,14,8,2,3,0
chugoku_site_31a96f21b0e9,変電所,chugoku,w411189256,lines_only,2,1,0,0,0,0,0,0,1,0,0,110/66,,no_observed,0,1,1,0,1,0,0
chugoku_site_3224d8d4d27f,四国電力　川之江変電所,chugoku,w790428098,conductors_only,1,2,0,1,0,0,0,0,0,0,0,,,no_observed,0,15,11,1,2,0,0
chugoku_site_32963c117a3d,浦安変電所,chugoku,w641710785,lines_only,1,2,0,0,0,0,0,0,0,0,0,,,no_observed,0,0,2,0,2,0,0
chugoku_site_32966117a38d,井倉変電所,chugoku,w1417215968,lines_only,0,0,0,0,0,0,0,0,0,0,0,,,no_observed,0,1,0,0,0,0,0
chugoku_site_32d92947fd3f,北広島町変電所,chugoku,w422770769,lines_only,0,0,0,0,0,0,0,0,0,0,0,,,no_observed,0,1,1,0,0,0,0
chugoku_site_32e75ba7e2bd,4丁目変電所,chugoku,w1115857119,none,0,0,0,0,0,0,0,0,0,0,0,,,no_observed,0,0,1,0,0,0,0
chugoku_site_330a1625839a,吉田浜変電所,chugoku,w1352319028,lines_only,1,1,0,0,0,0,0,0,0,0,0,,,no_observed,0,2,1,0,1,0,0
chugoku_site_343c3db48c10,三石変電所,chugoku,w317852639,conductors_only,1,1,0,1,0,0,0,0,0,0,0,,,no_observed,0,2,3,2,1,0,0
chugoku_site_344c19f7e36d,防府市変電所,chugoku,w319463508,none,1,0,0,0,0,0,0,0,0,0,0,,,no_observed,0,0,4,0,0,0,0
chugoku_site_3466d4587746,谷川変電所,chugoku,w1119630214,layout_only,1,2,0,0,0,0,0,0,0,1,0,,,no_observed,0,1,4,0,1,0,2
chugoku_site_3655de205589,ひうち変電所_3,chugoku,w1037121662,lines_only,1,1,0,0,0,0,0,0,0,0,0,,,no_observed,0,1,8,0,1,0,0
chugoku_site_36b565e4a083,,chugoku,w307014126,lines_only,1,1,0,0,0,0,0,0,0,0,0,,,no_observed,0,1,3,0,1,0,0
chugoku_site_3731f1d4f837,新鴨方変電所,chugoku,w1347039243,lines_only,2,2,0,0,0,0,0,0,1,0,0,110/25,,no_observed,0,1,0,0,2,0,0
chugoku_site_37770c6d2207,湖陵町差海変電所,chugoku,w642540586,lines_only,1,2,0,0,0,0,0,0,0,0,0,,,no_observed,0,1,0,0,1,0,0
chugoku_site_383b8ada1c2a,小倉北区変電所,chugoku,w269556645,none,2,0,2,0,0,0,7,0,1,0,0,66/20,,no_observed,6,0,4,0,0,0,0
chugoku_site_383dcb3e32f2,昭和町二丁目変電所,chugoku,w102958802,lines_only,0,0,0,0,0,0,0,0,0,0,0,,,no_observed,0,1,2,0,0,0,0
chugoku_site_3965db8dc6f4,笠岡変電所,chugoku,w317734481,conductors_only,2,1,0,2,0,0,0,0,1,0,0,220/110,,no_observed,0,10,13,0,8,0,2
chugoku_site_39b9860c5314,大州四丁目変電所,chugoku,w1395144954,lines_only,0,0,0,0,0,0,0,0,0,0,0,,,no_observed,0,0,2,0,0,0,0
chugoku_site_39c01b599687,香川変電所,chugoku,w87491654,lines_only,3,5,0,2,0,0,0,0,2,0,0,187/66;66/6,,no_observed,0,6,3,0,6,0,0
chugoku_site_3a4189387be9,辻堂一丁目変電所,chugoku,w879303355,none,0,0,0,0,0,0,0,0,0,0,0,,,no_observed,0,0,0,0,0,0,0
chugoku_site_3a4f64dd13b7,古市四丁目変電所,chugoku,w494505001,lines_only,0,0,0,0,0,0,0,0,0,0,0,,,no_observed,0,1,0,0,0,0,0
chugoku_site_3a86519a0a92,宇部変電所,chugoku,w318438215,conductors_only,2,2,2,1,0,0,0,0,1,0,0,110/66,,no_observed,0,17,19,4,3,0,0
chugoku_site_3aa89c7a3c90,忠海長浜一丁目変電所,chugoku,w1336316988,lines_only,2,2,0,2,0,0,0,0,1,0,0,220/110,,no_observed,0,4,7,0,4,0,0
chugoku_site_3b01882dda7d,郷東町変電所,chugoku,w307645905,lines_only,1,1,0,0,0,0,0,0,0,0,0,,,no_observed,0,1,0,0,0,0,0
chugoku_site_3bbebba607c6,八幡変電所,chugoku,w219146070,lines_only,1,1,0,0,0,0,0,0,0,0,0,,,no_observed,0,0,0,0,0,0,2
chugoku_site_3c27fd9af753,住友共同電力端出場変電所,chugoku,w410004545,conductors_only,1,2,0,1,0,0,0,0,0,0,0,,,no_observed,0,2,3,0,1,0,0
chugoku_site_3c29447cf1af,牟礼町牟礼変電所,chugoku,w189449938,lines_only,1,1,0,0,0,0,0,0,0,0,0,,,no_observed,0,1,0,0,1,0,0
chugoku_site_3c6e281a4f84,綾南変電所,chugoku,w88161448,lines_only,2,2,0,0,0,0,0,0,1,0,0,66/6,,no_observed,0,1,3,0,1,0,0
chugoku_site_3d800b8d6761,沖塩屋一丁目変電所,chugoku,w494954144,none,1,0,0,0,0,0,0,0,0,0,0,,,no_observed,0,0,2,0,0,0,0
chugoku_site_3d9999b84378,六日市変電所,chugoku,w320853779,lines_only,1,1,0,0,0,0,0,0,0,0,0,,,no_observed,0,1,0,0,1,0,0
chugoku_site_3e1481cc3a4e,三野町吉津変電所,chugoku,w670866759,lines_only,0,0,0,1,0,0,0,0,0,0,0,,,no_observed,0,2,0,0,0,0,0
chugoku_site_3e248cce7c62,金山変電所,chugoku,w317734460,conductors_only,2,1,0,1,0,0,1,0,1,0,0,110/66,,no_observed,1,3,3,1,0,0,0
chugoku_site_3eea9dc40e07,八幡変電所_3,chugoku,w704401397,lines_only,0,0,0,0,0,0,0,0,0,0,0,,,no_observed,0,1,0,0,0,0,0
chugoku_site_3f39c872e796,余子変電所,chugoku,w591311216,conductors_only,1,2,0,1,0,0,0,0,0,0,0,,,no_observed,0,10,4,3,1,0,2
chugoku_site_4019eda50ac3,川崎変電所,chugoku,w318564836,lines_only,1,1,0,1,0,0,0,0,0,0,0,,,no_observed,0,2,0,0,0,2,0
chugoku_site_40361c397109,中国電力 西下関開閉所,chugoku,w370263802,lines_only,1,0,0,1,0,0,0,0,0,0,0,,,no_observed,0,2,13,0,0,0,0
chugoku_site_40b0685b8118,喜多台変電所,chugoku,w1037121581,conductors_only,1,1,0,1,0,0,0,0,0,0,0,,,no_observed,0,2,4,2,0,0,0
chugoku_site_40b62be34893,小河内町二丁目変電所,chugoku,w196291845,lines_only,1,1,0,0,0,0,0,0,0,0,0,,,no_observed,0,1,0,0,1,0,0
chugoku_site_410137c6ede6,山野井変電所,chugoku,w1169684245,lines_only,3,4,0,0,0,0,0,0,2,0,0,66/22;22/6,,no_observed,0,1,2,0,1,0,0
chugoku_site_4131a34a0e8a,高森,chugoku,w641622937,none,1,0,0,0,0,0,0,0,0,0,0,,,no_observed,0,0,1,0,0,0,0
chugoku_site_41a200be0795,白島変電所,chugoku,w1164440894,none,0,0,0,0,0,0,0,0,0,0,0,,,no_observed,0,0,0,0,0,0,0
chugoku_site_41c355b49920,能美変電所,chugoku,w1334462844,lines_only,1,1,0,0,0,0,0,0,0,0,0,,,no_observed,0,1,0,0,1,0,0
chugoku_site_42d34f3b57fa,ひうち変電所,chugoku,w1037121657,conductors_only,1,1,0,1,0,0,0,0,0,0,0,,,no_observed,0,7,3,3,0,0,0
chugoku_site_432c2a349ab6,水原変電所,chugoku,w659874765,lines_only,1,1,0,1,0,0,0,0,0,0,0,,,no_observed,0,2,0,0,2,0,0
chugoku_site_4371ba011933,中国電力,chugoku,w606561084,lines_only,0,0,0,1,0,0,0,0,0,0,0,,,no_observed,0,2,5,0,0,0,0
chugoku_site_43c0d44126e9,宍道町変電所,chugoku,w826325448,lines_only,0,0,0,0,0,0,0,0,0,0,0,,,no_observed,0,1,0,0,0,0,0
chugoku_site_446fcd64fad1,久賀変電所,chugoku,w1497961807,none,0,0,0,0,0,0,0,0,0,0,0,,,no_observed,0,0,0,0,0,0,0
chugoku_site_448792179f42,変電所,chugoku,n10285498920,none,1,0,0,0,0,0,0,0,0,0,0,,,no_observed,0,0,2,0,0,0,0
chugoku_site_44b2f4815ce9,九州電力 曽根変電所,chugoku,w307010299,conductors_only,1,2,3,0,3,3,0,0,0,0,0,,,no_observed,0,2,0,0,0,2,2
chugoku_site_44e8bc13c612,水島川崎通一丁目変電所,chugoku,w869729451,none,0,0,0,0,0,0,0,0,0,0,0,,,no_observed,0,0,1,0,0,0,0
chugoku_site_455d47e884ea,今治市変電所,chugoku,w701018021,lines_only,0,0,0,0,0,0,0,0,0,0,0,,,no_observed,0,1,0,0,0,0,0
chugoku_site_45db1457c3be,三島変電所,chugoku,w620976970,conductors_only,2,2,0,2,0,0,0,0,1,0,0,187/66,,no_observed,0,18,16,2,7,0,0
chugoku_site_463d4fbf11d0,由宇町北一丁目変電所,chugoku,w1395265677,lines_only,0,0,0,0,0,0,0,0,0,0,0,,,no_observed,0,1,0,0,0,0,0
chugoku_site_46b414969056,宮野変電所,chugoku,w319463516,lines_only,1,1,0,0,0,0,0,0,0,0,0,,,no_observed,0,1,0,0,1,0,0
chugoku_site_46f4a1c3ae70,林田町変電所,chugoku,w102958832,lines_only,0,0,0,0,0,0,0,0,0,0,0,,,no_observed,0,1,0,0,0,0,0
chugoku_site_4801ac0d7d14,井川変電所,chugoku,w492707500,conductors_only,2,3,0,1,0,0,0,0,1,0,0,187/66,,no_observed,0,14,19,1,4,0,0
chugoku_site_4897497de7fe,西島根変電所,chugoku,w317416612,mapped,3,3,0,2,0,0,4,0,2,1,1,500/275;275/110,500/275,partial,4,4,0,2,0,0,0
chugoku_site_48e2b3f052fd,権現変電所,chugoku,n3804910769,none,0,0,0,0,0,0,0,0,0,0,0,,,no_observed,0,0,0,0,0,0,0
chugoku_site_490ff46c358c,倉橋変電所,chugoku,w318404639,lines_only,1,1,0,0,0,0,0,0,0,0,0,,,no_observed,0,1,1,0,1,0,0
chugoku_site_49fb6a6031fb,潮通三丁目変電所,chugoku,w869737213,none,0,0,0,0,0,0,0,0,0,0,0,,,no_observed,0,0,0,0,0,0,0
chugoku_site_4a9aa3f0da9e,装束町四丁目変電所,chugoku,w708329972,none,1,0,0,0,0,0,0,0,0,0,0,,,no_observed,0,0,6,0,0,0,0
chugoku_site_4b4bb3126ac1,四国電力送配電 丸亀変電所,chugoku,w975569139,conductors_only,0,0,0,1,0,0,0,0,0,0,0,,,no_observed,0,4,3,0,0,0,0
chugoku_site_4c0150f3c35c,新須賀変電所,chugoku,w173327089,partial,2,2,0,2,0,0,0,0,1,2,2,187/110,187/110,same,0,6,23,2,2,0,0
chugoku_site_4cd584c21f79,1丁目変電所_2,chugoku,w1334453966,lines_only,1,1,0,0,0,0,0,0,0,0,0,,,no_observed,0,1,0,0,1,0,0
chugoku_site_4dbab0f70b70,福田町南畝変電所,chugoku,w317829031,lines_only,2,1,0,0,0,0,0,0,1,0,0,110/66,,no_observed,0,2,8,0,1,0,0
chugoku_site_4dd9eef2174a,,chugoku,w1512966024,conductors_only,2,1,9,0,0,0,11,0,1,0,0,220/66,,no_observed,9,1,12,2,0,0,0
chugoku_site_4ef610931129,西大寺変電所 (Saidaiji Hendensho),chugoku,w242159094,partial,2,3,0,3,0,0,2,2,1,0,0,110/66,,no_observed,3,13,6,2,3,0,0
chugoku_site_4fa8540d00c5,四国電力麻変電所,chugoku,w170877533,lines_only,1,2,0,2,0,0,0,0,0,0,0,,,no_observed,0,5,7,0,3,0,0
chugoku_site_5008235cd5b5,呉変電所,chugoku,w317416617,lines_only,2,2,0,2,0,0,2,0,1,0,0,110/66,,no_observed,2,6,5,0,4,0,0
chugoku_site_5075e86fd591,三刀屋町上熊谷変電所,chugoku,w642515549,lines_only,1,1,0,0,0,0,0,0,0,0,0,,,no_observed,0,0,4,0,0,3,0
chugoku_site_510fdd0949b0,流通町変電所,chugoku,w677542338,lines_only,1,1,0,0,0,0,0,0,0,0,0,,,no_observed,0,0,4,0,0,0,2
chugoku_site_515c120c06b3,戸畑変電所,chugoku,w1511764249,lines_only,2,2,0,0,0,0,0,0,1,0,0,66/6,,no_observed,0,1,4,0,1,0,0
chugoku_site_516cdd595ee9,東富井変電所,chugoku,w1189299706,lines_only,0,0,0,0,0,0,0,0,0,0,0,,,no_observed,0,1,0,0,0,0,0
chugoku_site_5172b802e816,大門町四丁目変電所,chugoku,w1417215965,lines_only,1,1,0,1,0,0,0,0,0,0,0,,,no_observed,0,2,3,0,2,0,0
chugoku_site_518e106e7a30,,chugoku,w1512966045,lines_only,1,1,0,0,0,0,0,0,0,0,0,,,no_observed,0,1,0,0,1,0,0
chugoku_site_52472b668f12,観音寺変電所,chugoku,w307783577,none,0,0,0,0,0,0,0,0,0,0,0,,,no_observed,0,0,1,0,0,0,0
chugoku_site_527f08ec3465,光都一丁目変電所,chugoku,w968701344,lines_only,0,0,0,0,0,0,0,0,0,0,0,,,no_observed,0,1,0,0,0,0,0
chugoku_site_52dec2da2214,古川変電所,chugoku,w1117609705,lines_only,1,1,0,0,0,0,0,0,0,0,0,,,no_observed,0,1,3,0,1,0,2
chugoku_site_530eea1338a2,田布施町変電所,chugoku,w1395514589,none,0,0,0,0,0,0,0,0,0,0,0,,,no_observed,0,0,1,0,0,0,0
chugoku_site_53a17fddc5b6,平田変電所,chugoku,w1101646449,conductors_only,1,1,0,1,0,0,0,0,0,0,0,,,no_observed,0,4,0,0,1,0,0
chugoku_site_53c143410231,富吉変電所,chugoku,w317557309,lines_only,1,1,0,0,0,0,0,0,0,0,0,,,no_observed,0,0,0,0,0,0,2
chugoku_site_555f03ef8690,仁尾町仁尾変電所,chugoku,w670866758,lines_only,0,0,0,0,0,0,0,0,0,0,0,,,no_observed,0,1,0,0,0,0,0
chugoku_site_55ed626b312b,,chugoku,w1517264406,lines_only,0,0,0,1,0,0,0,0,0,0,0,,,no_observed,0,2,2,0,0,0,0
chugoku_site_55f9e4daf338,長府変電所,chugoku,w1203505651,lines_only,3,3,0,0,0,0,0,0,2,0,0,110/66;66/6,,no_observed,0,1,3,0,2,0,0
chugoku_site_561042202349,JR九州下関変電所,chugoku,w370256276,none,2,0,0,0,0,0,0,0,1,0,0,110/66,,no_observed,0,0,17,0,0,0,0
chugoku_site_56b00129e44f,阿波変電所,chugoku,w307942220,mapped,2,2,2,0,2,3,5,0,1,2,2,500/187,500/187,same,3,2,6,3,2,0,0
chugoku_site_56b3fb4d3cb5,恩田町五丁目変電所,chugoku,w318438208,none,1,0,0,0,0,0,0,0,0,0,0,,,no_observed,0,0,1,0,0,0,0
chugoku_site_56dce5dc0fce,鴨方変電所,chugoku,w1211807797,lines_only,2,1,0,0,0,0,0,0,1,0,0,66/1,,no_observed,0,2,4,0,1,0,0
chugoku_site_56e48bba0ede,大字西沖の山変電所,chugoku,w318438210,conductors_only,1,1,0,1,0,0,0,0,0,0,0,,,no_observed,0,7,9,2,3,0,4
chugoku_site_57d1a7ed4f54,胸上変電所,chugoku,w317829077,lines_only,1,1,0,0,0,0,0,0,0,0,0,,,no_observed,0,1,2,0,1,0,0
chugoku_site_5812cdbb795f,高梁市変電所,chugoku,w1417213784,lines_only,0,0,0,0,0,0,0,0,0,0,0,,,no_observed,0,1,0,0,0,0,0
chugoku_site_583bd20fc6a1,八雲町変電所,chugoku,w317951887,mapped,3,5,3,0,3,11,1,0,2,2,2,500/220;220/110,220/110,partial,4,1,4,0,2,0,10
chugoku_site_58510d32fe72,山野井変電所_2,chugoku,w660503422,conductors_only,1,2,0,0,0,0,0,0,0,0,0,,,no_observed,0,1,1,0,0,0,2
chugoku_site_58817177e071,井原開閉所,chugoku,w242159178,conductors_only,1,2,2,0,2,2,4,0,0,0,0,,,no_observed,5,0,0,0,0,0,0
chugoku_site_593273a07150,福河変電所,chugoku,w317852633,lines_only,1,1,0,0,0,0,0,0,0,0,0,,,no_observed,0,1,0,0,1,0,0
chugoku_site_5ae2e00904b7,四軒屋変電所,chugoku,w710380189,lines_only,0,0,0,0,0,0,0,0,0,0,0,,,no_observed,0,1,1,0,0,0,0
chugoku_site_5c09c89dff67,倉敷市変電所_2,chugoku,w317557307,lines_only,1,2,1,1,0,0,0,0,0,0,0,,,no_observed,0,8,8,0,3,0,0
chugoku_site_5c1aa59f6c35,用土町変電所,chugoku,w1237539358,none,0,0,0,0,0,0,0,0,0,0,0,,,no_observed,0,0,0,0,0,0,0
chugoku_site_5c4fcac70302,武庫変電所,chugoku,w1427454449,none,1,0,0,0,0,0,0,0,0,0,0,,,no_observed,0,0,1,0,0,0,0
chugoku_site_5d4efe307928,里庄変電所,chugoku,w1211827670,lines_only,3,3,0,0,0,0,0,0,2,0,0,110/22;22/6,,no_observed,0,1,1,0,1,0,0
chugoku_site_5da6c4fe8c38,喜多川変電所,chugoku,w620976974,conductors_only,2,3,3,0,0,0,16,0,1,0,0,187/66,,no_observed,14,10,20,4,1,0,0
chugoku_site_5e12d92e5388,昭和町二丁目変電所_2,chugoku,w1394066346,lines_only,0,0,0,0,0,0,0,0,0,0,0,,,no_observed,0,1,2,0,0,0,0
chugoku_site_5e67eac06ebb,相代変電所,chugoku,w612075387,none,0,0,0,0,0,0,0,0,0,0,0,,,no_observed,0,0,0,0,0,0,0
chugoku_site_5ef0fd169e3b,新倉一丁目変電所,chugoku,w860296912,lines_only,0,0,0,1,0,0,0,0,0,0,0,,,no_observed,0,2,0,0,0,0,0
chugoku_site_5f941b7ead57,今変電所,chugoku,n9913524759,none,1,0,0,0,0,0,0,0,0,0,0,,,no_observed,0,0,1,0,0,0,0
chugoku_site_5fab524af79c,大川変電所,chugoku,w1235469190,lines_only,2,2,0,1,0,0,0,0,1,0,0,187/66,,no_observed,0,5,8,0,4,0,0
chugoku_site_5fc54421c4c9,西倉吉変電所,chugoku,w453632904,none,0,0,0,0,0,0,0,0,0,0,0,,,no_observed,0,0,0,0,0,0,0
chugoku_site_6025ed5d950e,大門変電所,chugoku,w1511657829,layout_only,2,5,2,0,0,0,7,1,1,4,4,66/6,66/22;66/6,contradicts,6,0,4,0,0,0,0
chugoku_site_60693ba1a784,倉敷市変電所_3,chugoku,w619577573,lines_only,1,1,1,0,0,0,0,0,0,0,0,,,no_observed,0,1,15,0,1,0,0
chugoku_site_60f3bd33cfd7,市場町八幡変電所,chugoku,w1023830406,conductors_only,1,1,0,1,0,0,0,0,0,0,0,,,no_observed,0,7,3,1,2,0,0
chugoku_site_61ff3c4890be,打吹発電所,chugoku,w317796052,lines_only,2,2,0,0,0,0,0,0,1,0,0,110/66,,no_observed,0,2,3,0,2,0,0
chugoku_site_620306e438e1,多度津変電所,chugoku,w755349290,lines_only,0,0,0,1,0,0,0,0,0,0,0,,,no_observed,0,2,1,0,0,0,0
chugoku_site_63fc9c3b214f,北区変電所_4,chugoku,w1313129748,lines_only,0,0,0,0,0,0,0,0,0,0,0,,,no_observed,0,1,0,0,0,0,0
chugoku_site_64d1c2097d05,北吉津町五丁目変電所,chugoku,w317734476,lines_only,2,2,0,1,0,0,0,0,1,0,0,110/66,,no_observed,0,4,3,0,4,0,0
chugoku_site_653470ff9a1b,笠山変電所,chugoku,w102958835,lines_only,1,2,0,0,0,0,0,0,0,0,0,,,no_observed,0,1,0,0,1,0,2
chugoku_site_65a12c6ef535,小月変電所,chugoku,w620418393,lines_only,4,6,0,1,0,0,0,0,3,0,0,110/66;66/22;22/6,,no_observed,0,4,4,0,4,0,0
chugoku_site_65c86d27befa,砂津変電所,chugoku,w1511634350,layout_only,2,4,0,1,0,0,0,1,1,3,3,66/6,66/6,same,0,2,0,0,0,6,0
chugoku_site_6650724c7a57,三次変電所 (Miyoshi Hendensho),chugoku,w317991390,conductors_only,1,1,0,1,0,0,0,0,0,0,0,,,no_observed,0,7,7,1,0,0,0
chugoku_site_6685ea8be136,東区変電所,chugoku,w317852629,layout_only,1,1,0,0,0,0,1,0,0,2,0,,,no_observed,1,0,0,0,0,0,0
chugoku_site_66aadc673587,北条変電所_2,chugoku,w704208237,conductors_only,2,1,4,0,1,2,20,0,1,0,0,187/66,,no_observed,12,0,20,2,0,0,0
chugoku_site_66e4e79f0d63,昼間変電所,chugoku,w1023830360,lines_only,2,1,0,1,0,0,0,0,1,0,0,187/66,,no_observed,0,5,28,0,5,0,0
chugoku_site_66e6665cec69,7丁目変電所,chugoku,w1457043740,none,0,0,0,0,0,0,0,0,0,0,0,,,no_observed,0,0,1,0,0,0,0
chugoku_site_6759f190bdfb,倉敷市変電所_4,chugoku,w704396102,none,0,0,0,0,0,0,0,0,0,0,0,,,no_observed,0,0,0,0,0,0,0
chugoku_site_678afd76695d,西広島変電所,chugoku,w1229058011,none,1,0,0,0,0,0,0,0,0,0,0,,,no_observed,0,0,9,0,0,0,0
chugoku_site_6825d71b2900,別子配電センター,chugoku,w620964349,mapped,2,3,6,0,2,8,18,0,1,2,2,187/110,187/110,same,18,0,24,8,1,0,0
chugoku_site_68666bca1306,宍道変電所 (Shinji),chugoku,w317520869,none,1,0,0,0,0,0,0,0,0,0,0,,,no_observed,0,0,1,0,0,0,0
chugoku_site_68f453265aa3,,chugoku,w1525016221,none,0,0,0,0,0,0,0,0,0,0,0,,,no_observed,0,0,0,0,0,0,0
chugoku_site_68fa83e3d93a,南岡山変電所,chugoku,w317852640,conductors_only,1,1,0,1,0,0,0,0,0,0,0,,,no_observed,0,2,1,2,0,0,2
chugoku_site_68ffbf6c1265,神領変電所,chugoku,w722645845,conductors_only,1,1,0,1,0,0,0,0,0,0,0,,,no_observed,0,5,0,1,0,0,0
chugoku_site_693104672ced,ひうち変電所_2,chugoku,w1037121658,lines_only,1,1,0,0,0,0,0,0,0,0,0,,,no_observed,0,1,8,0,1,0,0
chugoku_site_69549088b3b3,浜村変電所,chugoku,w622932673,partial,0,0,1,0,1,1,1,2,0,2,0,,,no_observed,1,0,0,0,0,0,0
chugoku_site_6a29cceed5bf,栗原西一丁目変電所,chugoku,w317641603,lines_only,1,1,0,0,0,0,0,0,0,0,0,,,no_observed,0,1,0,0,1,0,0
chugoku_site_6a4f17fc9de3,到津変電所,chugoku,w304390660,lines_only,2,2,0,2,0,0,0,0,1,0,0,220/66,,no_observed,0,6,7,0,6,0,2
chugoku_site_6c2ec5b36501,斐川町神氷変電所,chugoku,w171037112,lines_only,2,2,0,1,0,0,2,0,1,0,0,110/66,,no_observed,2,1,4,0,2,0,2
chugoku_site_6d29fbd0ed08,比津が丘五丁目変電所,chugoku,w641699578,lines_only,1,1,0,0,0,0,0,0,0,0,0,,,no_observed,0,1,0,0,1,0,0
chugoku_site_6d72d826f802,新伊里補助き電区分所,chugoku,w1421272536,lines_only,2,2,0,0,0,0,0,0,1,0,0,66/25,,no_observed,0,0,1,0,1,0,0
chugoku_site_6deb9ecefe97,津田変電所,chugoku,w192389235,conductors_only,2,2,0,1,0,0,0,0,1,0,0,66/6,,no_observed,0,5,0,1,0,0,0
chugoku_site_6e6a314fde25,北区変電所_2,chugoku,w317734437,lines_only,1,1,0,1,0,0,0,0,0,0,0,,,no_observed,0,2,10,0,2,0,2
chugoku_site_6ea2884afe08,河原変電所,chugoku,w431893903,partial,1,1,2,0,2,2,3,4,0,2,0,,,no_observed,2,0,0,2,0,0,0
chugoku_site_6eac2145da9a,新見変電所,chugoku,w1421973508,none,0,0,0,0,0,0,0,0,0,0,0,,,no_observed,0,0,0,0,0,0,0
chugoku_site_6ff6e2a7e8ae,友和変電所,chugoku,w132782175,lines_only,1,1,0,0,0,0,0,0,0,0,0,,,no_observed,0,1,0,0,0,0,0
chugoku_site_701f28a1172d,立川変電所,chugoku,w431481341,partial,1,1,0,1,0,0,2,2,0,2,0,,,no_observed,2,1,5,3,0,0,0
chugoku_site_70de74cfbd02,北湊変電所,chugoku,w764468558,none,1,0,0,0,0,0,0,0,0,0,0,,,no_observed,0,0,0,0,0,0,0
chugoku_site_70f89839ee44,大殿変電所,chugoku,w1037463543,mapped,2,2,2,0,2,4,2,0,1,1,1,187/66,187/66,same,2,0,3,2,0,0,0
chugoku_site_7119869dd0d8,小倉南区変電所,chugoku,w295764612,lines_only,1,1,0,0,0,0,0,0,0,0,0,,,no_observed,0,1,1,0,1,0,0
chugoku_site_718f75cc4be9,中原東四丁目変電所,chugoku,w187970422,conductors_only,2,3,0,2,0,0,0,0,1,0,0,220/66,,no_observed,0,8,10,2,1,0,0
chugoku_site_71ac8b90c471,木頭変電所,chugoku,w1037463536,lines_only,2,1,2,0,0,0,2,0,1,0,0,187/66,,no_observed,2,1,0,0,1,0,0
chugoku_site_720b8c757b2f,三木変電所,chugoku,w1235473547,conductors_only,2,3,0,0,0,0,0,0,1,0,0,66/6,,no_observed,0,1,3,2,0,0,0
chugoku_site_72589f5bee61,新鳥取変電所,chugoku,w641527416,partial,2,3,1,1,1,1,5,4,1,3,3,220/110,220/110,same,3,0,0,0,0,0,0
chugoku_site_72f82d1be807,西条変電所,chugoku,w173327088,mapped,2,4,4,0,2,9,20,0,1,2,2,187/66,187/66,same,14,3,15,3,9,0,2
chugoku_site_7324b5a10714,府中町変電所,chugoku,w1417220146,lines_only,1,1,0,0,0,0,0,0,0,0,0,,,no_observed,0,1,0,0,1,0,0
chugoku_site_73eb961b0120,若山二丁目変電所,chugoku,w620155920,lines_only,1,1,0,1,0,0,0,0,0,0,0,,,no_observed,0,2,3,0,2,0,0
chugoku_site_74a4cdb73533,めかり変電所,chugoku,w1511706666,partial,2,4,0,1,0,0,0,0,1,2,2,66/6,66/6,same,0,4,3,3,1,0,0
chugoku_site_74cec49be7ca,小野田変電所,chugoku,w318438206,lines_only,2,1,0,0,0,0,0,0,1,0,0,220/110,,no_observed,0,1,1,0,1,0,0
chugoku_site_74eea8b39287,三萩野変電所,chugoku,w1517874902,lines_only,2,2,0,0,0,0,0,0,1,0,0,66/6,,no_observed,0,1,0,0,1,0,0
chugoku_site_74fbc05eea94,因島変電所,chugoku,n3398001502,none,1,0,0,0,0,0,0,0,0,0,0,,,no_observed,0,0,4,0,0,0,0
chugoku_site_751d1a334f2c,片原変電所,chugoku,w367515995,none,0,0,0,0,0,0,0,0,0,0,0,,,no_observed,0,0,0,0,0,0,0
chugoku_site_752378c37158,三津変電所,chugoku,w1352319030,lines_only,1,1,0,0,0,0,0,0,0,0,0,,,no_observed,0,1,1,0,1,0,0
chugoku_site_75340221a320,菊本町一丁目変電所,chugoku,w173327093,conductors_only,1,1,0,1,0,0,0,0,0,0,0,,,no_observed,0,5,14,1,0,0,0
chugoku_site_76714cfd7249,根妻変電所,chugoku,w1427454424,partial,1,2,0,1,0,0,0,0,0,2,0,,,no_observed,0,13,6,1,2,0,6
chugoku_site_76d06ebb37ea,,chugoku,w1512966030,lines_only,1,1,1,0,0,0,4,0,0,0,0,,,no_observed,5,1,4,0,1,0,0
chugoku_site_76e487315b1c,西松原四丁目変電所,chugoku,w1395521627,none,1,0,0,0,0,0,0,0,0,0,0,,,no_observed,0,0,1,0,0,0,0
chugoku_site_776e0a38cb4b,大柿変電所,chugoku,w1334462850,lines_only,1,1,0,0,0,0,0,0,0,0,0,,,no_observed,0,1,2,0,1,0,0
chugoku_site_77ac848d9db4,広島中央変電所,chugoku,w129765828,none,0,0,0,0,0,0,0,0,0,0,0,,,no_observed,0,0,0,0,0,0,0
chugoku_site_77d3e923d2a3,東広島市変電所,chugoku,w1117362484,lines_only,1,1,0,1,0,0,0,0,0,0,0,,,no_observed,0,4,0,0,1,0,0
chugoku_site_78f4900c91cb,新見変電所,chugoku,w317796057,lines_only,1,1,0,1,0,0,0,0,0,0,0,,,no_observed,0,3,3,0,1,0,0
chugoku_site_794e85971d4d,山口変電所,chugoku,w318438125,partial,5,7,4,0,4,4,6,0,4,3,0,220/110;110/66;66/11;11/6,,no_observed,5,2,3,2,1,0,0
chugoku_site_795dfe0db400,小郡変電所,chugoku,w318438133,lines_only,2,2,0,1,0,0,0,0,1,0,0,110/66,,no_observed,0,2,6,0,2,0,0
chugoku_site_7a01dac86bd9,桃山開閉所,chugoku,w1227016300,none,2,0,2,0,0,0,0,0,1,0,0,110/66,,no_observed,0,0,36,0,0,0,0
chugoku_site_7a516dd7882f,南苅田系統開閉所,chugoku,w1511295703,mapped,2,2,9,0,1,1,11,5,1,0,0,220/66,,no_observed,9,0,13,0,2,0,0
chugoku_site_7a80d2bf948f,古池本町変電所,chugoku,w963521917,lines_only,0,0,0,1,0,0,0,0,0,0,0,,,no_observed,0,2,3,0,0,0,0
chugoku_site_7ad09b5ccb85,金岡東町三丁目変電所,chugoku,w1303379888,lines_only,1,1,0,1,0,0,0,0,0,0,0,,,no_observed,0,2,1,0,0,2,2
chugoku_site_7b7cde84ffb5,東田変電所,chugoku,w1511471925,lines_only,1,1,0,1,0,0,0,0,0,0,0,,,no_observed,0,2,0,0,0,6,0
chugoku_site_7da24bdfa46e,古開作変電所,chugoku,w1395747282,lines_only,1,1,0,0,0,0,0,0,0,0,0,,,no_observed,0,2,2,0,1,0,0
chugoku_site_7dc9fb1ffc51,広江変電所,chugoku,w704208233,mapped,2,2,4,0,2,2,20,0,1,3,3,187/66,187/66,same,12,6,14,8,0,0,0
chugoku_site_7de22e2941ea,黒瀬変電所,chugoku,w317416619,mapped,2,2,4,0,3,5,10,6,1,3,3,220/110,220/110,same,8,1,12,8,1,0,0
chugoku_site_7de8a7aff9c2,池田町ハヤシ変電所,chugoku,w789773371,none,0,0,0,0,0,0,0,0,0,0,0,,,no_observed,0,0,1,0,0,0,0
chugoku_site_7dece76a8553,葛原四丁目変電所,chugoku,w296789326,lines_only,2,1,0,1,0,0,0,0,1,0,0,500/220,,no_observed,0,2,13,0,0,2,0
chugoku_site_7dff0547d6b3,山口市変電所_4,chugoku,w1395524983,none,0,0,0,0,0,0,0,0,0,0,0,,,no_observed,0,0,5,0,0,0,0
chugoku_site_7e526b77a4c1,三蟠変電所,chugoku,w1298339093,lines_only,1,1,0,1,0,0,0,0,0,0,0,,,no_observed,0,3,2,0,2,0,0
chugoku_site_7e9010e1aed0,四国電力送配電 松山変電センター,chugoku,w1526305386,none,0,0,0,0,0,0,0,0,0,0,0,,,no_observed,0,0,0,0,0,0,0
chugoku_site_7eea75a5257b,福江町三丁目変電所,chugoku,w102958903,lines_only,1,2,0,1,0,0,0,0,0,0,0,,,no_observed,0,2,0,0,0,2,0
chugoku_site_7f2d10eb576b,日野変電所,chugoku,w242103481,mapped,5,5,2,1,2,19,5,0,4,4,4,500/220;220/110;110/22;22/11,500/220;220/110,partial,7,17,0,1,0,0,0
chugoku_site_7f5085731b83,東岡山変電所,chugoku,w241822623,partial,4,5,6,0,5,12,8,3,3,3,3,500/220;220/110;110/66,500/220;500/110,contradicts,6,0,4,0,0,0,0
chugoku_site_8074fa45d1c0,三入南一丁目変電所,chugoku,w318404642,lines_only,1,1,0,0,0,0,0,0,0,0,0,,,no_observed,0,1,0,0,1,0,0
chugoku_site_807ac4b76672,因島変電所,chugoku,w317641611,lines_only,1,1,0,1,0,0,0,0,0,0,0,,,no_observed,0,3,2,0,1,0,0
chugoku_site_80c8fd3921e5,昭和変電所,chugoku,w1150113707,lines_only,0,0,0,1,0,0,0,0,0,0,0,,,no_observed,0,2,0,0,0,0,0
chugoku_site_812826ac1025,吉浦変電所,chugoku,w1334462855,lines_only,1,1,0,0,0,0,0,0,0,0,0,,,no_observed,0,0,3,0,1,0,0
chugoku_site_812d2797e692,阿月変電所,chugoku,w1395747285,none,0,0,0,0,0,0,0,0,0,0,0,,,no_observed,0,0,1,0,0,0,0
chugoku_site_820f4e144314,小倉変電所,chugoku,w239024541,partial,2,4,0,1,0,0,4,6,1,2,2,66/6,66/6,same,4,1,7,3,2,0,4
chugoku_site_821d7402a169,大字台道変電所,chugoku,w319371114,lines_only,1,1,0,0,0,0,0,0,0,0,0,,,no_observed,0,1,0,0,1,0,0
chugoku_site_82a7b050c542,下小鯖変電所,chugoku,w319463472,lines_only,1,1,0,0,0,0,0,0,0,0,0,,,no_observed,0,0,0,0,0,0,2
chugoku_site_83059da88d8f,中区変電所,chugoku,w317852636,lines_only,1,1,0,1,0,0,0,0,0,0,0,,,no_observed,0,2,0,0,0,2,0
chugoku_site_8381b66d226b,槻田系統開閉所,chugoku,w297939963,conductors_only,2,2,0,1,0,0,0,0,1,0,0,220/66,,no_observed,0,6,3,1,2,2,2
chugoku_site_83911679b267,開閉所,chugoku,w242253537,lines_only,2,2,0,1,0,0,0,0,1,0,0,500/220,,no_observed,0,3,0,0,3,0,0
chugoku_site_840c2668242b,長船変電所,chugoku,w1302875273,conductors_only,1,1,0,0,0,0,0,0,0,0,0,,,no_observed,0,1,1,2,0,0,0
chugoku_site_85443495e351,,chugoku,w1512966025,lines_only,2,1,9,0,0,0,11,0,1,0,0,220/66,,no_observed,9,1,12,0,1,0,0
chugoku_site_8568179e12cd,,chugoku,w1512966046,none,1,0,0,0,0,0,0,0,0,0,0,,,no_observed,0,0,3,0,0,0,0
chugoku_site_86fbbabb0e29,三次市変電所_2,chugoku,w1427612442,none,1,0,0,0,0,0,0,0,0,0,0,,,no_observed,0,0,1,0,0,0,0
chugoku_site_879759604009,小月変電所,chugoku,w1226981129,lines_only,0,0,0,0,0,0,0,0,0,0,0,,,no_observed,0,1,4,0,0,0,0
chugoku_site_87be80035491,三野町清水変電所,chugoku,w1023830372,conductors_only,1,1,0,1,0,0,0,0,0,0,0,,,no_observed,0,5,0,1,0,0,0
chugoku_site_87fd55cb2388,下出部町変電所,chugoku,w678132149,lines_only,0,0,0,0,0,0,0,0,0,0,0,,,no_observed,0,1,0,0,0,0,0
chugoku_site_8806c9551836,北尾道変電所,chugoku,w317641612,partial,1,1,1,0,1,1,4,10,0,0,0,,,no_observed,5,1,3,2,0,0,0
chugoku_site_8837e6a033bf,白石一丁目変電所,chugoku,w708329976,lines_only,1,1,0,1,0,0,0,0,0,0,0,,,no_observed,0,2,0,0,2,0,0
chugoku_site_8857cef6b200,北区変電所_3,chugoku,w1210690379,lines_only,0,0,0,0,0,0,0,0,0,0,0,,,no_observed,0,1,3,0,0,0,0
chugoku_site_8880f9f6c5c9,北広島変電所,chugoku,w170974393,lines_only,1,1,0,2,0,0,0,0,0,0,0,,,no_observed,0,12,5,0,8,0,0
chugoku_site_894ff37ba3e3,,chugoku,w1517853219,lines_only,2,1,1,0,0,0,0,0,1,0,0,220/66,,no_observed,0,1,0,0,1,0,2
chugoku_site_896943e0d5bb,共和台変電所,chugoku,w620412151,lines_only,1,1,0,0,0,0,0,0,0,0,0,,,no_observed,0,1,3,0,1,0,2
chugoku_site_89830346b1ee,安佐北区変電所,chugoku,w317980479,conductors_only,1,1,0,1,0,0,0,0,0,0,0,,,no_observed,0,16,6,4,0,0,0
chugoku_site_8a46a79a035a,南区変電所,chugoku,w887008526,lines_only,0,0,0,0,0,0,0,0,0,0,0,,,no_observed,0,1,0,0,0,0,0
chugoku_site_8ae484fc99e0,谷口変電所,chugoku,n9314966113,none,0,0,0,0,0,0,0,0,0,0,0,,,no_observed,0,1,0,0,0,0,0
chugoku_site_8c7541d82b7e,釜島変電所,chugoku,w1348728217,lines_only,0,0,0,1,0,0,0,0,0,0,0,,,no_observed,0,2,0,0,0,0,0
chugoku_site_8d19f0984d9a,浦伊部変電所,chugoku,w307783576,lines_only,1,1,0,1,0,0,0,0,0,0,0,,,no_observed,0,2,0,0,2,0,0
chugoku_site_8e08cb7ef914,土庄変電所,chugoku,w317829033,lines_only,1,1,0,0,0,0,0,0,0,0,0,,,no_observed,0,0,0,0,0,0,4
chugoku_site_8e10922b997a,,chugoku,w1512966033,lines_only,1,1,0,0,0,0,0,0,0,0,0,,,no_observed,0,1,0,0,1,0,0
chugoku_site_8e27b459bba6,舟場変電所,chugoku,w1117144035,lines_only,0,0,0,0,0,0,0,0,0,0,0,,,no_observed,0,1,0,0,0,0,0
chugoku_site_8f5d04fd1269,上福原三丁目変電所,chugoku,w1117966177,conductors_only,1,2,0,1,0,0,0,0,0,0,0,,,no_observed,0,22,0,5,1,0,4
chugoku_site_905c95faa888,金田町金川変電所,chugoku,w1023900360,conductors_only,1,1,0,1,0,0,0,0,0,0,0,,,no_observed,0,2,4,2,0,0,0
chugoku_site_90b1be1778ad,坂出変電所,chugoku,w102958811,lines_only,2,3,0,1,0,0,0,0,1,0,0,66/6,,no_observed,0,6,6,0,6,0,4
chugoku_site_9110cd92bb09,三隅変電所 (Misumi Hendensho),chugoku,w320734295,lines_only,1,1,0,0,0,0,0,0,0,0,0,,,no_observed,0,0,0,0,0,0,2
chugoku_site_9118a3fa7bc5,垂水町変電所,chugoku,w1414034157,lines_only,0,0,0,1,0,0,0,0,0,0,0,,,no_observed,0,2,1,0,0,0,0
chugoku_site_915455622635,川之江町変電所,chugoku,w1023885461,conductors_only,1,2,0,1,0,0,0,0,0,0,0,,,no_observed,0,8,1,1,1,0,0
chugoku_site_926d9fc7a9cf,磯浦変電所,chugoku,w844286146,lines_only,2,1,6,0,0,0,18,0,1,0,0,187/110,,no_observed,18,3,22,0,3,0,0
chugoku_site_92c20edb3935,清水変電所,chugoku,w320734292,lines_only,1,1,0,0,0,0,0,0,0,0,0,,,no_observed,0,1,0,0,1,0,0
chugoku_site_934de705cbdf,長沢変電所,chugoku,w1463453537,none,0,0,0,0,0,0,0,0,0,0,0,,,no_observed,0,0,0,0,0,0,0
chugoku_site_941911455fc7,受電所,chugoku,w446326972,none,0,0,0,0,0,0,0,0,0,0,0,,,no_observed,0,0,3,0,0,0,0
chugoku_site_94a74a6c70d9,長尾変電所_2,chugoku,w659874769,none,0,0,0,0,0,0,0,0,0,0,0,,,no_observed,0,0,2,0,0,0,0
chugoku_site_961d3e1e7af8,南津山変電所,chugoku,w317829086,partial,2,2,0,0,0,0,0,0,1,1,0,110/66,,no_observed,0,3,2,0,2,0,4
chugoku_site_9664fc12d23f,原町変電所,chugoku,w1509659258,lines_only,2,2,0,0,0,0,0,0,1,0,0,66/6,,no_observed,0,1,1,0,1,0,0
chugoku_site_96c3f1d3d19a,旭が丘変電所,chugoku,w642515592,lines_only,2,2,0,0,0,0,0,0,1,0,0,66/33,,no_observed,0,1,0,0,1,0,0
chugoku_site_976267427ab8,中央南変電所,chugoku,w1395747290,none,1,0,0,0,0,0,0,0,0,0,0,,,no_observed,0,0,2,0,0,0,0
chugoku_site_979bbbfab8ab,北松山変電所,chugoku,w620989307,lines_only,2,2,0,2,0,0,0,0,1,0,0,187/66,,no_observed,0,12,20,0,12,0,0
chugoku_site_992cc9db433f,西津田二丁目変電所,chugoku,w317511895,lines_only,2,2,0,0,0,0,0,0,1,0,0,110/66,,no_observed,0,2,0,0,2,0,0
chugoku_site_99527c1aaba2,四国旅客鉄道 多度津変電所,chugoku,w1119180087,lines_only,0,0,0,0,0,0,0,0,0,0,0,,,no_observed,0,1,2,0,0,0,0
chugoku_site_996a58d6a48f,松ヶ江変電所,chugoku,w296962737,partial,2,4,1,0,1,1,1,0,1,2,2,66/6,66/6,same,2,0,1,1,0,0,0
chugoku_site_99935e736b2f,若久変電所,chugoku,w1510200986,partial,2,5,3,0,1,1,9,5,1,3,3,66/6,66/22;66/6,contradicts,10,0,3,0,2,0,0
chugoku_site_99aeef370a6b,志度変電所,chugoku,w1193391912,conductors_only,1,1,0,1,0,0,0,0,0,0,0,,,no_observed,0,2,3,1,0,0,0
chugoku_site_9a2de07d6468,大田市変電所,chugoku,w317991388,lines_only,2,2,0,0,0,0,0,0,1,0,0,110/66,,no_observed,0,2,1,0,2,0,0
chugoku_site_9a3011750473,兎之山甲変電所,chugoku,w1024863217,lines_only,1,2,0,0,0,0,0,0,0,0,0,,,no_observed,0,1,0,0,1,0,0
chugoku_site_9ac7fe606562,瀬戸田町鹿田原変電所,chugoku,w878620908,lines_only,0,0,0,0,0,0,0,0,0,0,0,,,no_observed,0,1,1,0,0,0,0
chugoku_site_9ad71d324b17,,chugoku,w1485981528,lines_only,0,0,0,0,0,0,0,0,0,0,0,,,no_observed,0,1,0,0,0,0,0
chugoku_site_9b108055edf1,用土町変電所,chugoku,n11494553094,none,0,0,0,0,0,0,0,0,0,0,0,,,no_observed,0,0,0,0,0,0,0
chugoku_site_9b46c2181c96,沼田一丁目変電所,chugoku,w860296910,lines_only,1,1,0,0,0,0,0,0,0,0,0,,,no_observed,0,1,6,0,1,0,0
chugoku_site_9b4a10e0d907,綾川町変電所_2,chugoku,w307645906,conductors_only,1,1,0,1,0,0,0,0,0,0,0,,,no_observed,0,5,3,3,0,2,4
chugoku_site_9bf3e0fa3881,川面町変電所,chugoku,w837309362,lines_only,0,0,0,0,0,0,0,0,0,0,0,,,no_observed,0,1,0,0,0,0,0
chugoku_site_9bf77b73f92b,新門司変電所,chugoku,w296958054,mapped,2,4,1,1,2,2,10,4,1,2,2,220/60,220/60,same,2,1,2,1,1,0,0
chugoku_site_9c11da07a376,北松江変電所,chugoku,w317511904,partial,3,5,3,1,4,17,2,0,2,4,2,500/220;220/110,500/220,partial,15,14,12,9,0,0,2
chugoku_site_9c6be5b4bf4e,,chugoku,w1512966031,lines_only,1,1,1,0,0,0,4,0,0,0,0,,,no_observed,5,1,4,0,1,0,0
chugoku_site_9ce616f588a7,水江変電所,chugoku,w607893570,lines_only,0,0,0,0,0,0,0,0,0,0,0,,,no_observed,0,1,0,0,0,0,0
chugoku_site_9d7bf5bb6dc8,,chugoku,w1512966026,lines_only,2,1,9,0,0,0,11,0,1,0,0,220/66,,no_observed,9,1,12,0,1,0,2
chugoku_site_9e1c268861a1,南大橋五丁目変電所,chugoku,w860350400,none,1,0,1,0,0,0,4,0,0,0,0,,,no_observed,5,0,0,0,0,0,0
chugoku_site_9e8258afc668,苅田変電所,chugoku,w1511234043,mapped,2,4,9,0,14,14,11,6,1,2,2,220/66,220/66,same,9,1,12,1,5,4,2
chugoku_site_9fcd4982c71e,広島補助き電区分所,chugoku,w58888980,none,0,0,0,0,0,0,0,0,0,0,0,,,no_observed,0,0,2,0,0,0,0
chugoku_site_a06b97b97954,駅前変電所,chugoku,w1381570768,none,1,0,0,0,0,0,0,0,0,0,0,,,no_observed,0,0,1,0,0,0,0
chugoku_site_a0cadd3c7cd4,南西条変電所,chugoku,w181574384,none,1,0,0,1,0,0,2,0,0,0,0,,,no_observed,4,0,0,0,0,0,0
chugoku_site_a0d954aeef58,西条市変電所,chugoku,w1037121654,lines_only,1,1,0,0,0,0,0,0,0,0,0,,,no_observed,0,1,1,0,1,0,0
chugoku_site_a0fad9647759,倉敷市変電所,chugoku,w242389846,layout_only,2,1,0,1,0,0,1,0,1,1,0,220/110,,no_observed,1,3,0,0,3,0,0
chugoku_site_a18caebf00fb,芝谷変電所,chugoku,w1120709688,lines_only,0,1,0,0,0,0,0,0,0,0,0,,,no_observed,0,0,1,0,0,0,2
chugoku_site_a1a6572ee5b8,栗林変電所,chugoku,w87482913,lines_only,1,2,0,0,0,0,0,0,0,0,0,,,no_observed,0,1,0,0,1,0,2
chugoku_site_a2b9426a6457,柿原変電所_2,chugoku,w530936540,lines_only,0,0,0,0,0,0,0,0,0,0,0,,,no_observed,0,0,0,0,0,0,0
chugoku_site_a31d6aef431e,四国電力上天神変電所,chugoku,w165642094,lines_only,1,1,0,0,0,0,0,0,0,0,0,,,no_observed,0,0,1,0,0,0,2
chugoku_site_a3b53155b870,志津川南三丁目変電所,chugoku,w171065256,lines_only,1,1,0,0,0,0,0,0,0,0,0,,,no_observed,0,1,0,0,1,0,0
chugoku_site_a3ce2188e51f,上平原変電所,chugoku,w317416610,lines_only,2,2,0,0,0,0,0,0,1,0,0,110/22,,no_observed,0,2,0,0,2,0,0
chugoku_site_a408d0e0f72f,緑ケ丘四丁目変電所,chugoku,w1421272533,lines_only,1,1,0,0,0,0,0,0,0,0,0,,,no_observed,0,0,0,0,1,0,0
chugoku_site_a4147bb13f25,鴨島町飯尾変電所,chugoku,w722534636,conductors_only,1,1,0,1,0,0,0,0,0,0,0,,,no_observed,0,14,5,2,4,0,0
chugoku_site_a4a9ee3850ea,三島朝日一丁目変電所,chugoku,w1023885480,conductors_only,1,2,0,1,0,0,0,0,0,0,0,,,no_observed,0,13,7,0,5,0,0
chugoku_site_a67092f76bdd,下松発電所,chugoku,w319463514,partial,2,2,1,1,1,1,2,0,1,1,0,220/110,,no_observed,6,3,9,3,2,0,6
chugoku_site_a72b0f6d433d,西谷変電所,chugoku,w239024744,partial,3,6,4,1,4,4,14,15,2,2,2,220/110;110/66,220/110;220/66,contradicts,18,3,11,4,13,0,0
chugoku_site_a787f830e1b4,牟礼変電所,chugoku,w455428914,none,0,0,0,0,0,0,0,0,0,0,0,,,no_observed,0,0,0,0,0,0,0
chugoku_site_a82e7175c99b,尾道市変電所,chugoku,w541009058,lines_only,1,0,0,1,0,0,0,0,0,0,0,,,no_observed,0,3,4,0,0,0,0
chugoku_site_a87f54bf3ab6,西播変電所,chugoku,w241822631,mapped,3,5,8,0,5,10,20,0,2,5,5,500/275;275/77,500/275;275/77,same,16,1,28,16,0,0,0
chugoku_site_a8f1eea484fa,上葛原一丁目変電所,chugoku,w189777972,lines_only,2,1,0,1,0,0,0,0,1,0,0,500/220,,no_observed,0,3,9,0,3,0,0
chugoku_site_a9ea5dcd975f,赤松変電所,chugoku,w641527427,lines_only,1,2,0,0,0,0,0,0,0,0,0,,,no_observed,0,1,0,0,1,0,0
chugoku_site_a9eca6c804e3,新居浜市変電所,chugoku,w620964347,conductors_only,1,1,2,0,1,2,4,0,0,0,0,,,no_observed,4,0,6,3,0,0,0
chugoku_site_aa0c3dac697a,山川町建石変電所,chugoku,w1023830394,conductors_only,1,1,0,1,0,0,0,0,0,0,0,,,no_observed,0,4,6,2,0,0,0
chugoku_site_aadaa6fd0b64,三成変電所,chugoku,w480328874,lines_only,1,1,0,1,0,0,0,0,0,0,0,,,no_observed,0,2,2,0,0,2,0
chugoku_site_ab7bbb5c4dc9,堺町変電所,chugoku,w1511634351,lines_only,2,2,0,0,0,0,0,0,1,0,0,66/6,,no_observed,0,1,0,0,1,0,0
chugoku_site_abc858896106,玉島道越変電所,chugoku,w1413230135,lines_only,1,0,0,1,0,0,0,0,0,0,0,,,no_observed,0,2,1,0,0,0,0
chugoku_site_ac4055b872bb,木次町新市変電所,chugoku,w317520867,lines_only,1,1,0,0,0,0,0,0,0,0,0,,,no_observed,0,1,0,0,1,0,0
chugoku_site_ac7f675d4d41,中西新開変電所,chugoku,w1037121701,conductors_only,1,1,1,0,1,1,2,0,0,0,0,,,no_observed,2,0,3,2,0,0,0
chugoku_site_acbd51508862,北長瀬本町変電所,chugoku,w723003663,layout_only,1,1,0,0,0,0,0,0,0,1,0,,,no_observed,0,2,1,0,1,0,0
chugoku_site_adca00f69503,豊浜町姫浜変電所,chugoku,w629156443,lines_only,0,0,0,0,0,0,0,0,0,0,0,,,no_observed,0,1,0,0,0,0,0
chugoku_site_af2302ffab6c,,chugoku,w1517285568,lines_only,1,1,0,0,0,0,0,0,0,0,0,,,no_observed,0,1,0,0,1,0,0
chugoku_site_af37dd5cfa3a,讃岐変電所,chugoku,w87538349,mapped,2,4,4,0,4,4,22,0,1,2,2,500/187,500/187,same,18,0,25,6,11,0,0
chugoku_site_afd35a9f3cdb,行橋変電所,chugoku,w405806523,partial,2,4,1,0,1,3,5,7,1,2,2,66/6,66/6,same,5,0,2,4,1,0,0
chugoku_site_b02d49219313,生名変電所,chugoku,w732560794,none,0,0,0,0,0,0,0,0,0,0,0,,,no_observed,0,0,0,0,0,0,0
chugoku_site_b074efaeddfc,水島川崎通一丁目変電所_2,chugoku,w1436132322,lines_only,0,0,0,0,0,0,0,0,0,0,0,,,no_observed,0,1,0,0,0,0,0
chugoku_site_b23ca6ea048d,,chugoku,w1512966029,lines_only,1,1,1,0,0,0,3,0,0,0,0,,,no_observed,5,1,0,0,1,0,0
chugoku_site_b2737b92ec58,玉造変電所 (Tamatsukuri Hendensho),chugoku,w317520870,none,1,0,0,0,0,0,0,0,0,0,0,,,no_observed,0,0,2,0,0,0,0
chugoku_site_b3000fc3ca06,西新町三丁目変電所_2,chugoku,w535860514,none,2,0,1,0,0,0,2,0,1,0,0,110/66,,no_observed,4,0,8,0,0,0,0
chugoku_site_b3014177259f,由佐変電所,chugoku,w89689557,conductors_only,1,2,0,0,0,0,0,0,0,0,0,,,no_observed,0,1,1,0,0,0,2
chugoku_site_b530891d4b49,押込町変電所,chugoku,w1255064672,none,0,0,0,0,0,0,0,0,0,0,0,,,no_observed,0,0,0,0,0,0,0
chugoku_site_b61464af8d04,,chugoku,w1534196665,lines_only,1,1,0,0,0,0,0,0,0,0,0,,,no_observed,0,1,0,0,1,0,0
chugoku_site_b6738cd98a11,中国電力彦島変電所,chugoku,w370256277,lines_only,2,1,0,1,0,0,0,0,1,0,0,110/66,,no_observed,0,2,10,0,1,0,0
chugoku_site_b7ca6725a5d8,妻鳥町変電所,chugoku,w1023885464,conductors_only,1,1,0,1,0,0,0,0,0,0,0,,,no_observed,0,6,20,1,1,0,0
chugoku_site_b84416400e27,厚狭変電所,chugoku,w620416467,conductors_only,3,5,0,2,0,0,0,0,2,0,0,110/66;66/6,,no_observed,0,6,9,1,4,0,0
chugoku_site_b8e34b507a6b,吉成三丁目変電所,chugoku,w641527441,mapped,2,4,3,0,3,3,7,4,1,0,0,110/66,,no_observed,4,0,5,0,1,0,0
chugoku_site_b8f7c4c04511,徳力変電所,chugoku,w297941491,partial,1,3,1,0,1,1,2,4,0,3,3,,66/6,contradicts,2,4,0,2,0,0,0
chugoku_site_b94d4acea656,瀬戸田町沢変電所,chugoku,w877448722,none,0,0,0,0,0,0,0,0,0,0,0,,,no_observed,0,0,3,0,0,0,0
chugoku_site_b9be1014ba7b,才川変電所,chugoku,w1203505646,lines_only,3,3,0,0,0,0,0,0,2,0,0,66/22;22/6,,no_observed,0,1,0,0,1,0,0
chugoku_site_b9dd76b2bacc,長尾変電所,chugoku,w1235469183,lines_only,2,3,0,0,0,0,0,0,1,0,0,66/6,,no_observed,0,1,3,0,1,0,0
chugoku_site_baa6cb6ffbb9,玉四丁目変電所,chugoku,w646137767,lines_only,0,0,0,1,0,0,0,0,0,0,0,,,no_observed,0,2,1,0,0,0,0
chugoku_site_bb31b7feccf5,竹市発電所,chugoku,w402260723,lines_only,1,2,0,0,0,0,0,0,0,0,0,,,no_observed,0,1,3,0,1,0,0
chugoku_site_bba2d10e10d6,松永変電所,chugoku,w317641614,none,1,0,0,0,0,0,0,0,0,0,0,,,no_observed,0,0,0,0,0,0,0
chugoku_site_bbd2925c62ab,日比六丁目変電所,chugoku,w675395038,none,1,0,0,0,0,0,0,0,0,0,0,,,no_observed,0,0,1,0,0,0,0
chugoku_site_bc451c801614,本町四丁目変電所,chugoku,w317444450,lines_only,1,1,0,0,0,0,0,0,0,0,0,,,no_observed,0,2,4,0,1,0,0
chugoku_site_bc5d5f3c7e39,中市場変電所,chugoku,w318599717,none,1,0,0,0,0,0,0,0,0,0,0,,,no_observed,0,0,10,0,0,0,0
chugoku_site_bea1db6b216c,高千帆変電所,chugoku,w620412149,lines_only,3,4,0,1,0,0,0,0,2,0,0,66/22;22/6,,no_observed,0,6,11,0,6,0,0
chugoku_site_becbbf134650,矢原変電所,chugoku,w688573927,lines_only,0,0,0,1,0,0,0,0,0,0,0,,,no_observed,0,2,0,0,0,0,0
chugoku_site_beefc1feedc9,倉敷市変電所_5,chugoku,w869244885,none,0,0,1,0,0,0,0,0,0,0,0,,,no_observed,0,0,0,0,0,0,0
chugoku_site_befaf32c234f,片浜町変電所,chugoku,w704069204,lines_only,1,0,0,0,0,0,0,0,0,0,0,,,no_observed,0,1,5,0,0,0,0
chugoku_site_bfab47ca8ba2,北九州変電所,chugoku,w187988970,partial,2,4,8,1,21,21,16,34,1,1,1,500/220,500/220,same,20,3,13,8,10,0,0
chugoku_site_bfb27d2e9840,厚南北三丁目変電所,chugoku,w318438186,none,1,0,0,0,0,0,0,0,0,0,0,,,no_observed,0,0,0,0,0,0,0
chugoku_site_c00a7487eb79,,chugoku,w1512966022,lines_only,1,1,0,0,0,0,0,0,0,0,0,,,no_observed,0,1,6,0,1,0,0
chugoku_site_c07738f98043,新見市変電所,chugoku,w1417215966,lines_only,0,0,0,0,0,0,0,0,0,0,0,,,no_observed,0,1,0,0,0,0,0
chugoku_site_c11e3e5ccd04,中須賀変電所,chugoku,w659874766,lines_only,2,2,0,1,0,0,0,0,1,0,0,110/66,,no_observed,0,3,1,0,3,0,0
chugoku_site_c12f81fbe5ae,南陽変電所,chugoku,w337592473,lines_only,1,1,0,1,0,0,0,0,0,0,0,,,no_observed,0,2,0,0,0,2,0
chugoku_site_c19c61ad0239,西新町三丁目変電所,chugoku,w317511894,partial,2,3,1,0,1,1,2,0,1,2,0,110/66,,no_observed,4,0,11,1,1,2,4
chugoku_site_c2edd2661fa0,JR四国 鬼無変電所,chugoku,w307783575,none,0,0,0,0,0,0,0,0,0,0,0,,,no_observed,0,0,0,0,0,0,0
chugoku_site_c30f903d77ff,津倉町二丁目変電所,chugoku,w317922273,lines_only,1,1,0,0,0,0,0,0,0,0,0,,,no_observed,0,1,2,0,1,0,0
chugoku_site_c4b2b3043f0d,建部変電所,chugoku,w316459348,lines_only,1,1,0,0,0,0,0,0,0,0,0,,,no_observed,0,1,1,0,1,0,0
chugoku_site_c533161af129,新広島変電所,chugoku,w170974371,partial,2,4,5,0,5,5,14,0,1,6,5,500/220,500/220,same,6,0,1,1,1,0,4
chugoku_site_c608dbc9bd34,米子変電所,chugoku,w317525048,partial,3,5,0,3,0,0,2,0,2,4,2,115/110;110/66,115/66;110/66,contradicts,6,41,13,2,5,0,0
chugoku_site_c6afb896efcf,水島中通三丁目変電所,chugoku,w869120515,lines_only,1,1,0,0,0,0,0,0,0,0,0,,,no_observed,0,1,0,0,1,0,0
chugoku_site_c7065eddf590,奥田西町変電所,chugoku,w317557289,lines_only,1,1,0,0,0,0,0,0,0,0,0,,,no_observed,0,0,0,0,0,0,2
chugoku_site_c73093c93f3f,新山口変電所,chugoku,w204258596,mapped,3,5,5,0,2,5,8,0,2,2,2,500/220;220/110,500/220,partial,7,3,9,5,3,0,0
chugoku_site_c860ecea7551,磯浦町変電所_2,chugoku,w620975080,conductors_only,2,1,6,0,0,0,18,0,1,0,0,187/110,,no_observed,18,0,22,2,0,0,0
chugoku_site_c87d496e49db,伯方変電所,chugoku,w714741292,conductors_only,0,0,0,1,0,0,0,0,0,0,0,,,no_observed,0,2,4,0,0,0,0
chugoku_site_c894a6907c1e,片山四丁目変電所,chugoku,w704209678,lines_only,1,1,0,1,0,0,0,0,0,0,0,,,no_observed,0,3,0,0,3,0,0
chugoku_site_c913dee03c23,平井変電所,chugoku,w317852642,lines_only,1,1,0,0,0,0,0,0,0,0,0,,,no_observed,0,0,3,0,0,0,2
chugoku_site_ca5d90299dea,川本変電所,chugoku,w1290694241,lines_only,0,0,0,0,0,0,0,0,0,0,0,,,no_observed,0,1,0,0,0,0,0
chugoku_site_ca84977e53c5,中野五丁目変電所,chugoku,w179743820,lines_only,1,1,0,1,0,0,0,0,0,0,0,,,no_observed,0,2,0,0,2,0,0
chugoku_site_cae5eb43c140,亀田変電所,chugoku,w1149432973,conductors_only,2,2,0,1,0,0,0,0,1,0,0,66/6,,no_observed,0,9,0,3,0,0,0
chugoku_site_cc7ae63fde0e,,chugoku,w1512966044,lines_only,1,1,0,0,0,0,0,0,0,0,0,,,no_observed,0,1,2,0,1,0,0
chugoku_site_ccbb8a11cad6,安来変電所,chugoku,w317951897,lines_only,3,3,0,1,0,0,0,0,2,0,0,110/22;22/6,,no_observed,0,4,6,0,4,0,0
chugoku_site_ccf30f13807b,4丁目変電所_2,chugoku,w1115857121,none,0,0,0,0,0,0,0,0,0,0,0,,,no_observed,0,0,1,0,0,0,0
chugoku_site_cd08112c15e5,広瀬変電所,chugoku,n12452939135,none,0,0,0,0,0,0,0,0,0,0,0,,,no_observed,0,0,0,0,0,0,0
chugoku_site_cd13d86659fc,吉備変電所,chugoku,w317557240,lines_only,2,2,0,0,0,0,0,0,1,0,0,110/6,,no_observed,0,1,0,0,1,0,0
chugoku_site_ce8f15542d3f,中国電力船倉変電所,chugoku,w633230834,none,0,0,0,0,0,0,0,0,0,0,0,,,no_observed,0,0,0,0,0,0,0
chugoku_site_cf18e63718ef,旦過変電所,chugoku,w1511565322,lines_only,2,2,0,0,0,0,0,0,1,0,0,66/6,,no_observed,0,1,4,0,1,0,0
chugoku_site_cf1d90d00200,廿日市変電所,chugoku,w122679036,lines_only,1,2,0,1,0,0,0,0,0,0,0,,,no_observed,0,3,0,0,3,0,0
chugoku_site_cf764c59e343,Okayamaken Kigyokyokuniimi Power Station,chugoku,w1417215967,lines_only,0,0,0,0,0,0,0,0,0,0,0,,,no_observed,0,1,0,0,0,0,0
chugoku_site_d04357958ff1,淀江町富繁変電所,chugoku,w1085664669,none,0,0,0,0,0,0,0,0,0,0,0,,,no_observed,0,0,2,0,0,0,0
chugoku_site_d0afb6aa6e2a,潮通一丁目変電所,chugoku,w621323885,lines_only,2,1,0,1,0,0,0,0,1,0,0,110/66,,no_observed,0,3,7,0,1,0,0
chugoku_site_d1d5cfd316b3,池田町ハヤシ変電所,chugoku,w789773372,none,0,0,0,0,0,0,0,0,0,0,0,,,no_observed,0,0,1,0,0,0,0
chugoku_site_d1fd50e2c681,仁保四丁目変電所,chugoku,w1431455165,none,0,0,0,0,0,0,0,0,0,0,0,,,no_observed,0,0,4,0,0,0,0
chugoku_site_d24989fd75c6,広町変電所,chugoku,w1457038054,none,0,0,0,0,0,0,0,0,0,0,0,,,no_observed,0,0,1,0,0,0,0
chugoku_site_d2eb9257a809,岡山変電所,chugoku,w242159098,partial,2,3,2,0,2,13,14,0,1,4,4,220/110,220/110,same,9,0,1,1,0,0,0
chugoku_site_d3403999d8ea,田頭変電所,chugoku,w317734465,lines_only,4,5,0,0,0,0,0,0,3,0,0,110/66;66/22;22/6,,no_observed,0,2,4,0,3,0,0
chugoku_site_d462702bbc63,荻杼町変電所,chugoku,w411218196,lines_only,1,1,0,1,0,0,0,0,0,0,0,,,no_observed,0,3,1,0,3,0,0
chugoku_site_d4aac96874cd,金鶏町変電所,chugoku,w1511766785,lines_only,3,3,0,1,0,0,0,0,2,0,0,220/66;66/6,,no_observed,0,2,8,0,0,2,2
chugoku_site_d509c02df726,中田井町変電所,chugoku,w654880145,lines_only,0,0,0,1,0,0,0,0,0,0,0,,,no_observed,0,2,1,0,0,0,0
chugoku_site_d57647ac936d,宇多津変電所,chugoku,w102958810,lines_only,1,1,0,0,0,0,0,0,0,0,0,,,no_observed,0,1,1,0,1,0,0
chugoku_site_d587ddc46421,君田町櫃田変電所,chugoku,w1417211833,lines_only,0,0,0,1,0,0,0,0,0,0,0,,,no_observed,0,2,0,0,0,0,0
chugoku_site_d5a46d41de9c,阿波町善地変電所,chugoku,w1023830403,conductors_only,1,1,0,1,0,0,0,0,0,0,0,,,no_observed,0,5,0,1,0,0,0
chugoku_site_d5dc838f40a8,御舟入町変電所,chugoku,w317557174,lines_only,1,1,0,1,0,0,0,0,0,0,0,,,no_observed,0,3,1,0,1,2,0
chugoku_site_d5fd540f6550,綾川町変電所,chugoku,w223194638,conductors_only,1,1,0,1,0,0,0,0,0,0,0,,,no_observed,0,5,1,2,0,0,0
chugoku_site_d66760a24020,公園通変電所,chugoku,w1334453965,lines_only,1,2,0,0,0,0,0,0,0,0,0,,,no_observed,0,1,0,0,1,0,0
chugoku_site_d69795975e88,久崎変電所,chugoku,w963959532,lines_only,0,0,0,0,0,0,0,0,0,0,0,,,no_observed,0,1,0,0,0,0,0
chugoku_site_d7750a11bac3,,chugoku,w1512966023,lines_only,1,1,1,0,0,0,2,0,0,0,0,,,no_observed,2,1,2,0,1,0,0
chugoku_site_d8084721aac7,高松変電所,chugoku,w87491658,mapped,2,2,3,0,2,3,14,0,1,3,3,187/66,187/66,same,12,0,5,12,0,0,0
chugoku_site_d92e5a1f7988,安来市変電所,chugoku,w318599719,none,1,0,0,0,0,0,0,0,0,0,0,,,no_observed,0,0,4,0,0,0,0
chugoku_site_d99af1f80d0f,作木変電所,chugoku,w317980483,partial,2,2,0,2,0,0,0,0,1,3,0,220/110,,no_observed,0,37,9,9,1,0,2
chugoku_site_dad629c11407,山口市変電所_2,chugoku,w319371122,lines_only,2,2,0,2,0,0,0,0,1,0,0,220/110,,no_observed,0,5,6,0,5,0,0
chugoku_site_dad819a12988,美馬市変電所,chugoku,w1023830393,conductors_only,1,1,0,1,0,0,0,0,0,0,0,,,no_observed,0,4,0,2,0,0,0
chugoku_site_dbc1de2f2c28,塩屋変電所,chugoku,w1113380665,lines_only,0,0,0,0,0,0,0,0,0,0,0,,,no_observed,0,1,1,0,0,0,0
chugoku_site_dd16be2ad0ed,三井二丁目変電所,chugoku,w319463510,none,1,0,0,0,0,0,0,0,0,0,0,,,no_observed,0,0,1,0,0,0,0
chugoku_site_dd30effa132d,宮島変電所,chugoku,w120783492,none,0,0,0,0,0,0,0,0,0,0,0,,,no_observed,0,0,0,0,0,0,0
chugoku_site_dd5de328e8c1,石原町変電所,chugoku,w295764901,layout_only,2,2,0,1,0,0,0,0,1,1,0,66/6,,no_observed,0,2,0,0,2,0,0
chugoku_site_ddd980d9ad52,東上原変電所,chugoku,w1448225891,conductors_only,1,1,0,1,0,0,0,0,0,0,0,,,no_observed,0,2,2,1,0,0,0
chugoku_site_de5031feba6f,八東発電所,chugoku,w431887383,lines_only,1,1,0,1,0,0,0,0,0,0,0,,,no_observed,0,3,0,0,3,0,0
chugoku_site_de86c94c483e,JR伊予三島変電所,chugoku,w415758654,none,0,0,0,0,0,0,0,0,0,0,0,,,no_observed,0,0,0,0,0,0,0
chugoku_site_debf30519aca,久米中央三丁目変電所,chugoku,w319463469,conductors_only,1,1,0,1,0,0,0,0,0,0,0,,,no_observed,0,5,3,4,1,0,2
chugoku_site_ded894ff89eb,,chugoku,w1024863226,lines_only,1,2,0,0,0,0,0,0,0,0,0,,,no_observed,0,1,0,0,1,0,0
chugoku_site_dee73be79ece,菰池二丁目変電所,chugoku,w242103532,lines_only,1,2,0,0,0,0,0,0,0,0,0,,,no_observed,0,1,2,0,1,0,0
chugoku_site_df95f988509e,富士見変電所,chugoku,w102958804,lines_only,1,1,0,0,0,0,0,0,0,0,0,,,no_observed,0,1,0,0,1,0,0
chugoku_site_e02a4535eb75,四国電力　新宮変電所,chugoku,w789737085,lines_only,1,1,0,0,0,0,0,0,0,0,0,,,no_observed,0,1,0,0,1,0,0
chugoku_site_e078f74f2393,茅町変電所,chugoku,w642985880,lines_only,0,0,0,1,0,0,0,0,0,0,0,,,no_observed,0,2,1,0,0,0,0
chugoku_site_e0ea0317b710,笠岡変電所,chugoku,w1224763489,lines_only,2,2,0,0,0,0,0,0,1,0,0,66/1,,no_observed,0,1,0,0,1,0,0
chugoku_site_e0f1ec997e70,豊中町本山甲変電所,chugoku,w653975398,lines_only,0,0,0,0,0,0,0,0,0,0,0,,,no_observed,0,1,1,0,0,0,0
chugoku_site_e12bb873714b,新上道変電所,chugoku,w242159107,layout_only,2,2,0,0,0,0,0,0,1,1,0,220/25,,no_observed,0,2,1,0,2,0,0
chugoku_site_e137fc9b0f4e,大字中山変電所,chugoku,w577952100,lines_only,0,1,0,0,0,0,0,0,0,0,0,,,no_observed,0,0,1,0,0,0,4
chugoku_site_e25fe31d6db8,東山口変電所 (Higashi Yamaguchi Hendensho),chugoku,w242253500,lines_only,2,3,0,2,0,0,1,0,1,0,0,500/220,,no_observed,1,4,3,0,4,0,0
chugoku_site_e2890e4dd59f,松江四丁目変電所,chugoku,w641263493,lines_only,1,1,0,0,0,0,0,0,0,0,0,,,no_observed,0,1,1,0,1,0,0
chugoku_site_e3871c854455,郷五丁目変電所,chugoku,w844286148,lines_only,1,1,0,0,0,0,0,0,0,0,0,,,no_observed,0,1,0,0,1,0,0
chugoku_site_e3b4b62f1b60,川内発電所,chugoku,w172907196,conductors_only,2,3,2,1,1,2,9,0,1,0,0,500/187,,no_observed,12,0,21,6,6,0,0
chugoku_site_e3ff1492efcb,船穂町船穂変電所,chugoku,w1413230132,lines_only,0,1,0,0,0,0,0,0,0,0,0,,,no_observed,0,0,0,0,0,0,4
chugoku_site_e48e50844823,迫間変電所,chugoku,w242103474,partial,2,2,1,0,1,1,0,2,1,0,0,110/66,,no_observed,7,3,10,9,2,0,14
chugoku_site_e4eeaf2b6d47,下松変電所,chugoku,w433220776,none,0,0,0,0,0,0,0,0,0,0,0,,,no_observed,0,0,4,0,0,0,0
chugoku_site_e520abc25c9d,由宇町南沖三丁目変電所,chugoku,w1395265666,none,0,0,0,0,0,0,0,0,0,0,0,,,no_observed,0,0,1,0,0,0,0
chugoku_site_e55f3cd91298,三好市変電所,chugoku,w1023830294,conductors_only,1,1,0,1,0,0,0,0,0,0,0,,,no_observed,0,9,6,1,4,0,0
chugoku_site_e584428285a4,五日市六丁目変電所,chugoku,w1460422670,lines_only,0,0,0,0,0,0,0,0,0,0,0,,,no_observed,0,1,10,0,0,0,0
chugoku_site_e5e17c0c180c,寒川町変電所,chugoku,w1023900366,conductors_only,1,1,0,1,0,0,0,0,0,0,0,,,no_observed,0,5,0,1,0,0,0
chugoku_site_e62d8c03240a,泉変電所,chugoku,w405806507,partial,2,4,1,0,1,1,6,8,1,3,3,66/6,66/6,same,5,1,4,1,3,0,0
chugoku_site_e69f125cda57,赤穂市変電所,chugoku,w621200283,lines_only,1,1,0,0,0,0,0,0,0,0,0,,,no_observed,0,1,0,0,1,0,0
chugoku_site_e74a2f5e7800,錦町変電所,chugoku,w1509655366,partial,2,4,1,0,1,1,3,4,1,2,2,66/6,66/6,same,2,0,2,1,0,0,0
chugoku_site_e7b2ce88cf36,四国電力 天山変電所,chugoku,w171063438,lines_only,1,1,0,0,0,0,0,0,0,0,0,,,no_observed,0,1,2,0,1,0,0
chugoku_site_e7e2e21fa798,大崎上島町変電所,chugoku,w317416609,lines_only,1,1,0,1,0,0,0,0,0,0,0,,,no_observed,0,2,3,0,2,0,0
chugoku_site_e8395435a8dc,向島変電所,chugoku,w1336353619,lines_only,2,2,0,0,0,0,0,0,1,0,0,110/22,,no_observed,0,2,3,0,1,0,0
chugoku_site_e8411d2bd7c3,本川変電所,chugoku,w1037463614,lines_only,1,1,0,1,0,0,0,0,0,0,0,,,no_observed,0,4,5,0,4,0,0
chugoku_site_e85c6f94ff64,下関変電所,chugoku,w217681488,conductors_only,2,2,0,2,0,0,0,0,1,0,0,110/6,,no_observed,0,10,11,2,2,0,2
chugoku_site_e8c58c5dc4bc,南十神町変電所,chugoku,w1203941146,lines_only,1,1,0,0,0,0,0,0,0,0,0,,,no_observed,0,2,7,0,1,0,0
chugoku_site_e93504c99e7e,長船変電所,chugoku,w1346987466,none,2,0,0,0,0,0,0,0,1,0,0,66/1,,no_observed,0,0,2,0,0,0,0
chugoku_site_ea26344c8a78,坂変電所,chugoku,w1334453967,none,1,0,0,0,0,0,0,0,0,0,0,,,no_observed,0,0,4,0,0,0,0
chugoku_site_ea5a0af4bb06,大里変電所,chugoku,w1509657186,partial,2,4,1,0,3,3,3,14,1,3,3,66/6,66/6,same,2,1,1,1,0,0,0
chugoku_site_eb2f5114b4b3,総社変電所,chugoku,w242389833,lines_only,1,2,0,0,0,0,0,0,0,0,0,,,no_observed,0,2,0,0,1,0,0
chugoku_site_ec356ede060f,切越変電所,chugoku,w1023830376,lines_only,1,1,0,0,0,0,0,0,0,0,0,,,no_observed,0,1,2,0,1,0,0
chugoku_site_ec52983aa5eb,鉢変電所,chugoku,w1472848090,lines_only,0,0,0,0,0,0,0,0,0,0,0,,,no_observed,0,1,2,0,0,0,0
chugoku_site_ec54f08bc19e,山手町二丁目変電所,chugoku,w641622940,lines_only,1,1,0,0,0,0,0,0,0,0,0,,,no_observed,0,1,0,0,0,0,0
chugoku_site_eca405e3f47a,浅利町変電所,chugoku,w1417211835,lines_only,0,0,0,0,0,0,0,0,0,0,0,,,no_observed,0,1,0,0,0,0,0
chugoku_site_eccb1126d032,樽原変電所,chugoku,w1427454413,lines_only,1,1,0,0,0,0,0,0,0,0,0,,,no_observed,0,1,0,0,1,0,0
chugoku_site_edddbbf97c0d,貫変電所,chugoku,w1509721697,lines_only,2,2,0,0,0,0,0,0,1,0,0,66/6,,no_observed,0,2,0,0,1,0,0
chugoku_site_ee699b263cc8,栄町変電所,chugoku,w642576049,none,1,0,0,0,0,0,0,0,0,0,0,,,no_observed,0,0,1,0,0,0,0
chugoku_site_ef5b8faa1e40,高松町変電所,chugoku,w642515557,lines_only,1,1,0,0,0,0,0,0,0,0,0,,,no_observed,0,1,0,0,1,0,0
chugoku_site_f04a156e8ea5,長府港町変電所,chugoku,w1226718926,lines_only,1,1,0,1,0,0,0,0,0,0,0,,,no_observed,0,4,9,0,4,0,0
chugoku_site_f139ac485cca,大野変電所,chugoku,w121195213,layout_only,1,2,0,1,0,0,0,0,0,2,0,,,no_observed,0,2,5,0,2,0,4
chugoku_site_f1ff9904b5a9,雨窪系統開閉所,chugoku,w405811259,mapped,1,2,3,0,2,2,8,8,0,0,0,,,no_observed,10,0,7,4,0,0,0
chugoku_site_f218aff5fce4,くし山二丁目変電所,chugoku,w620412161,lines_only,1,1,0,0,0,0,0,0,0,0,0,,,no_observed,0,1,0,0,1,0,0
chugoku_site_f2a5336ceade,邑南町変電所,chugoku,w1203519323,lines_only,0,0,0,0,0,0,0,0,0,0,0,,,no_observed,0,1,0,0,0,0,0
chugoku_site_f310c99a19a7,山陽変電所,chugoku,w317800070,lines_only,1,1,0,0,0,0,0,0,0,0,0,,,no_observed,0,1,0,0,1,0,0
chugoku_site_f313c0d47b41,美和町西畑変電所,chugoku,w319463507,none,1,0,0,0,0,0,0,0,0,0,0,,,no_observed,0,0,2,0,0,0,0
chugoku_site_f36471d9b462,倉敷変電所,chugoku,w242389825,conductors_only,1,1,0,1,0,0,4,0,0,0,0,,,no_observed,4,2,0,2,1,0,0
chugoku_site_f3bab2195e9f,宮原変電所,chugoku,w318404596,lines_only,2,1,0,0,0,0,0,0,1,0,0,110/66,,no_observed,0,0,7,0,0,2,0
chugoku_site_f4599fc5ae88,下町変電所,chugoku,w1197584584,lines_only,0,0,0,0,0,0,0,0,0,0,0,,,no_observed,0,1,0,0,0,0,0
chugoku_site_f4b70c2dee9c,谷川変電所,chugoku,w1119630215,layout_only,1,2,0,0,0,0,0,0,0,1,0,,,no_observed,0,1,4,0,1,0,0
chugoku_site_f4cc46fce0e3,仙崎変電所,chugoku,w318438214,lines_only,1,1,0,0,0,0,0,0,0,0,0,,,no_observed,0,1,2,0,1,0,2
chugoku_site_f4e409b0fb5f,吉野下変電所,chugoku,w1414182163,lines_only,1,0,0,1,0,0,0,0,0,0,0,,,no_observed,0,3,4,0,0,0,0
chugoku_site_f56dde64fae4,中須賀町二丁目変電所,chugoku,w1024863257,lines_only,1,1,0,1,0,0,0,0,0,0,0,,,no_observed,0,2,4,0,2,0,0
chugoku_site_f5cf0a8f9c60,琴浦変電所,chugoku,w1318815842,lines_only,0,0,0,0,0,0,0,0,0,0,0,,,no_observed,0,1,1,0,0,0,0
chugoku_site_f65a795d7356,伊里変電所,chugoku,w317852637,none,1,0,0,0,0,0,0,0,0,0,0,,,no_observed,0,0,2,0,0,0,0
chugoku_site_f65c2eea63ad,柳井市変電所,chugoku,w1395747284,none,0,0,0,0,0,0,0,0,0,0,0,,,no_observed,0,0,1,0,0,0,0
chugoku_site_f66a7b5911d6,東予変電所,chugoku,w171066843,mapped,2,3,4,0,2,4,10,0,1,1,1,500/187,500/187,same,8,0,8,6,1,0,0
chugoku_site_f6ba7f9cedfa,西広島変電所,chugoku,w109350267,conductors_only,1,2,0,1,0,0,0,0,0,0,0,,,no_observed,0,4,6,0,2,0,0
chugoku_site_f7bd38ed3f57,緑井六丁目変電所,chugoku,w183390090,lines_only,0,1,0,0,0,0,0,0,0,0,0,,,no_observed,0,0,0,0,0,0,2
chugoku_site_f8019da10c8a,山口市変電所,chugoku,w319371121,lines_only,1,1,0,0,0,0,0,0,0,0,0,,,no_observed,0,1,0,0,1,0,0
chugoku_site_f819798608a3,中国電力 鳥取電力センター,chugoku,w429526604,partial,2,3,2,0,2,2,9,7,1,3,1,110/66,110/66,same,8,0,7,6,1,0,0
chugoku_site_f8511a0ed650,昭和町変電所,chugoku,w641699577,conductors_only,1,2,0,1,0,0,0,0,0,0,0,,,no_observed,0,22,0,2,0,0,2
chugoku_site_f8e7667102c9,三次市変電所,chugoku,w1417212402,conductors_only,1,2,0,1,0,0,0,0,0,0,0,,,no_observed,0,17,3,1,2,0,0
chugoku_site_f99230567689,貞光江ノ脇変電所,chugoku,w1023830379,conductors_only,1,1,0,1,0,0,0,0,0,0,0,,,no_observed,0,7,6,1,4,0,0
chugoku_site_f9ca05b2a7fc,新倉敷補助き電区分所,chugoku,w1413230133,lines_only,1,1,0,0,0,0,0,0,0,0,0,,,no_observed,0,0,3,0,1,0,0
chugoku_site_fa037704a21f,玉島変電所,chugoku,w1211827668,lines_only,3,3,0,0,0,0,0,0,2,0,0,110/66;66/6,,no_observed,0,3,0,0,2,0,0
chugoku_site_fa0770aab0a2,日明系統開閉所,chugoku,w304395195,partial,1,2,2,0,2,2,4,6,0,0,0,,,no_observed,6,4,3,3,1,0,0
chugoku_site_fae39bb058fe,桜江町市山変電所,chugoku,w1417211834,conductors_only,0,0,0,0,0,0,0,0,0,0,0,,,no_observed,0,1,2,0,0,0,0
chugoku_site_fb4bc6c8c96b,金城変電所,chugoku,w320724295,lines_only,2,2,0,1,0,0,0,0,1,0,0,110/66,,no_observed,0,5,6,0,5,0,0
chugoku_site_fb88db913597,吉谷変電所,chugoku,w317525043,partial,1,1,0,1,0,0,0,0,0,1,0,,,no_observed,0,7,0,4,1,0,0
chugoku_site_fc60425535fc,菅田変電所,chugoku,w557651017,lines_only,1,2,0,1,0,0,0,0,0,0,0,,,no_observed,0,2,3,0,2,0,0
chugoku_site_fcabb4deac16,大柿町大君変電所,chugoku,w318404646,lines_only,1,1,0,0,0,0,0,0,0,0,0,,,no_observed,0,1,3,0,1,0,0
chugoku_site_fd1f3ce953ff,本町変電所,chugoku,w1417211836,lines_only,0,0,0,1,0,0,0,0,0,0,0,,,no_observed,0,3,1,0,0,0,0
chugoku_site_fd4f7c405887,,chugoku,w1491740159,lines_only,0,0,0,0,0,0,0,0,0,0,0,,,no_observed,0,1,2,0,0,0,0
chugoku_site_ffb468d390c8,周南市変電所,chugoku,w1395524991,none,0,0,0,0,0,0,0,0,0,0,0,,,no_observed,0,0,1,0,0,0,0
hokkaido_site_00019920664b,函館市企業局東雲町変電所,hokkaido,w274405243,none,1,0,0,0,0,0,0,0,0,0,0,,,no_observed,0,0,3,0,0,0,0
hokkaido_site_00185495b313,濃昼変電塔,hokkaido,w830595193,partial,1,1,0,1,0,0,1,0,0,1,0,,,no_observed,2,0,0,2,0,0,0
hokkaido_site_00515caa9b98,千歳市変電所_6,hokkaido,w1478918333,partial,1,1,1,0,1,1,1,0,0,5,0,,,no_observed,1,0,12,1,0,0,0
hokkaido_site_017515f23e93,常呂変電所 (Tokoro Hendensho),hokkaido,w181633262,partial,1,1,1,0,1,1,2,0,0,2,0,,,no_observed,2,0,0,2,0,0,2
hokkaido_site_0263a9c2aff3,中藻変電所,hokkaido,w1469970793,lines_only,1,1,0,1,0,0,0,0,0,0,0,,,no_observed,0,3,0,0,0,3,0
hokkaido_site_02b50ad27a3e,西春別変電所,hokkaido,w618406695,mapped,2,2,4,0,2,4,10,0,1,2,2,187/66,187/66,same,6,6,3,4,0,0,0
hokkaido_site_02d90b538e51,士幌変電所,hokkaido,w195069615,partial,1,1,1,0,1,1,2,0,0,2,0,,,no_observed,2,0,6,1,0,0,0
hokkaido_site_04207f2d279b,JR北海道 銭函変電所,hokkaido,w182562067,partial,2,2,2,0,2,3,9,0,1,2,1,66/25,66/25,same,1,0,0,1,0,0,0
hokkaido_site_04c932b213ac,北斗市変電所,hokkaido,w582542153,partial,1,1,0,1,0,0,0,0,0,2,0,,,no_observed,0,2,3,0,1,0,0
hokkaido_site_050013dfdedb,秋月変電所,hokkaido,w1480777118,lines_only,1,1,0,0,0,0,0,0,0,0,0,,,no_observed,0,0,0,0,0,0,4
hokkaido_site_0505adefa382,尻苗変電所,hokkaido,w1473262033,partial,1,1,0,0,0,0,0,0,0,1,0,,,no_observed,0,1,1,2,0,0,0
hokkaido_site_0522f887191b,西十四条北八丁目変電所,hokkaido,w255960133,partial,1,1,1,0,1,1,4,0,0,4,0,,,no_observed,4,0,3,4,0,0,2
hokkaido_site_0602f83d4108,荷負変電所,hokkaido,w1372255423,partial,1,1,1,0,1,1,2,0,0,1,0,,,no_observed,2,0,0,2,0,0,2
hokkaido_site_06693d4b70d1,鹿追北三線変電所,hokkaido,w189443207,conductors_only,1,1,0,1,0,0,1,0,0,0,0,,,no_observed,3,0,0,5,0,0,0
hokkaido_site_06a84bdaba26,発寒9条10丁目変電所,hokkaido,w196912752,none,0,0,0,0,0,0,0,0,0,0,0,,,no_observed,0,0,0,0,0,0,0
hokkaido_site_06c52e5ce635,田端町変電所,hokkaido,w479290872,partial,1,1,0,1,0,0,0,0,0,3,0,,,no_observed,0,3,2,0,1,0,0
hokkaido_site_06fdfc3d4f6d,新得変電所,hokkaido,w550159497,partial,1,1,1,0,1,1,1,0,0,1,0,,,no_observed,1,0,0,1,0,0,0
hokkaido_site_073343e0cfbd,西名寄変電所,hokkaido,w1531803771,partial,2,2,12,0,2,12,37,51,1,5,5,187/100,187/100,same,24,0,30,13,0,0,0
hokkaido_site_07f86776629b,釧路変電所,hokkaido,w186044161,partial,2,2,2,0,1,2,16,0,1,3,0,66/6,,no_observed,6,0,11,6,0,0,0
hokkaido_site_08b5f1315bad,白滝変電所,hokkaido,w471632404,none,0,0,0,0,0,0,0,0,0,0,0,,,no_observed,0,0,0,0,0,0,0
hokkaido_site_090dba076e55,鬼鹿田代変電所,hokkaido,w186153200,partial,1,1,1,0,1,1,2,0,0,1,0,,,no_observed,2,0,2,2,0,0,0
hokkaido_site_091b5ae1a644,峰延変電所,hokkaido,w200234668,partial,1,1,2,0,1,2,9,0,0,1,0,,,no_observed,8,0,11,3,0,0,0
hokkaido_site_09451525033f,札幌市交通局　高速電車大谷地変電所,hokkaido,w453334929,none,0,0,0,0,0,0,0,0,0,0,0,,,no_observed,0,0,0,0,0,0,0
hokkaido_site_09649cbca92f,御影東八条五丁目変電所,hokkaido,w550159539,partial,1,1,1,0,1,1,2,0,0,1,0,,,no_observed,2,0,2,2,0,0,0
hokkaido_site_0a2933a56502,士別市変電所_3,hokkaido,w620640939,layout_only,0,0,0,0,0,0,0,0,0,1,0,,,no_observed,0,1,0,0,0,0,0
hokkaido_site_0ae74e6b6fad,竹浦変電所,hokkaido,w951907313,partial,1,1,2,0,1,1,4,0,0,2,0,,,no_observed,4,0,3,1,0,0,0
hokkaido_site_0c10ba7967a9,芽室変電所 (Memuro Hendensho),hokkaido,w256363866,partial,2,1,5,0,1,1,23,0,1,3,0,187/66,,no_observed,9,0,8,2,0,0,0
hokkaido_site_0c75c6ee0b8b,恵南変電所,hokkaido,w224163589,partial,1,1,1,0,1,3,4,0,0,4,0,,,no_observed,4,0,6,4,0,0,0
hokkaido_site_0d35057f9aad,豊沼変電所,hokkaido,w943507720,lines_only,2,2,0,0,0,0,0,0,1,0,0,66/20,,no_observed,0,1,3,0,0,0,0
hokkaido_site_0ef0ae3fd4a8,島松変電所,hokkaido,w182532644,partial,1,1,2,0,1,2,6,0,0,4,0,,,no_observed,3,0,2,1,0,0,0
hokkaido_site_0fcc3ab434ae,北海道電力 大通変電所,hokkaido,n2057913015,none,1,0,0,0,0,0,0,0,0,0,0,,,no_observed,0,0,0,0,0,0,0
hokkaido_site_0feadae4e06a,明野元町一丁目変電所_2,hokkaido,w999944870,partial,1,1,3,0,0,0,12,0,0,1,0,,,no_observed,8,0,13,1,0,0,0
hokkaido_site_104a8a714dbc,昆布変電所,hokkaido,w318054544,partial,1,1,1,0,1,1,4,0,0,1,0,,,no_observed,4,0,0,4,0,0,0
hokkaido_site_11c37dc4ac6e,国富変電所,hokkaido,w624716261,conductors_only,1,1,2,0,1,2,7,0,0,0,0,,,no_observed,6,0,9,4,0,0,0
hokkaido_site_11ec410dbc9d,明野元町一丁目変電所_3,hokkaido,w1477837515,partial,1,1,3,0,1,1,12,0,0,1,0,,,no_observed,8,0,13,1,0,4,0
hokkaido_site_129ffe0c2178,幌別変電所 (Horobetsu Hendensho),hokkaido,w256482768,partial,1,1,2,0,1,2,6,0,0,2,0,,,no_observed,4,0,6,3,0,0,0
hokkaido_site_13c895138b7d,琴似変電所,hokkaido,w182554879,conductors_only,2,2,0,1,0,0,0,0,1,0,0,66/6,,no_observed,0,3,3,1,1,0,0
hokkaido_site_13f0ffc30011,真砂町変電所,hokkaido,w1000296987,lines_only,2,1,0,1,0,0,1,0,1,0,0,187/66,,no_observed,1,2,6,0,2,0,0
hokkaido_site_15209482d546,足寄町変電所,hokkaido,w172210559,partial,1,1,1,0,1,1,2,0,0,1,0,,,no_observed,2,0,3,2,0,0,0
hokkaido_site_168a312ec536,東町変電所,hokkaido,w410116438,none,0,0,0,0,0,0,0,0,0,0,0,,,no_observed,0,0,0,0,0,0,0
hokkaido_site_171cac8958f8,士別市変電所_2,hokkaido,w620640937,layout_only,0,0,0,0,0,0,0,0,0,1,0,,,no_observed,0,1,0,0,0,0,0
hokkaido_site_17ed74a5a5f9,女満別変電所,hokkaido,r19925192,partial,2,2,4,0,2,4,19,0,1,4,2,187/66,187/66,same,10,0,17,10,0,0,0
hokkaido_site_19bc1d0686a5,Benten Substation,hokkaido,w1456862506,mapped,1,1,1,0,1,1,2,2,0,0,0,,,no_observed,2,0,6,2,0,0,0
hokkaido_site_19c3bb211b3b,富岡変電所,hokkaido,w595338502,lines_only,1,1,0,0,0,0,0,0,0,0,0,,,no_observed,0,1,0,0,1,0,0
hokkaido_site_1a60eef2d981,苫小牧市変電所_5,hokkaido,w1456862501,lines_only,1,1,0,0,0,0,0,0,0,0,0,,,no_observed,0,1,0,0,1,0,2
hokkaido_site_1a95a0f139aa,岩清水開閉所,hokkaido,w414978996,partial,1,1,2,0,2,4,4,4,0,0,0,,,no_observed,4,0,3,4,0,0,0
hokkaido_site_1af999fc8ae9,北栄町変電所,hokkaido,w424481948,partial,1,2,1,0,1,3,2,12,0,2,2,,66/6,contradicts,2,0,0,2,0,0,0
hokkaido_site_1b06d0fa18ad,中の橋変電所,hokkaido,w1524228999,lines_only,2,2,0,1,0,0,0,0,1,0,0,66/6,,no_observed,0,2,0,0,2,4,0
hokkaido_site_1c24179ecf68,明野元町一丁目変電所,hokkaido,w224085043,lines_only,1,1,3,0,0,0,12,0,0,0,0,,,no_observed,8,1,8,0,1,0,0
hokkaido_site_1c3a71b5c047,遠軽町変電所,hokkaido,w625056423,lines_only,0,0,0,0,0,0,0,0,0,0,0,,,no_observed,0,1,1,0,0,0,0
hokkaido_site_1cc04654129d,三川変電所,hokkaido,w625063979,partial,1,1,1,0,1,1,2,0,0,2,0,,,no_observed,2,0,0,2,0,0,2
hokkaido_site_1cf1f04968bc,西当別変電所,hokkaido,w179863079,mapped,2,2,4,0,2,4,17,0,1,3,3,275/187,275/187,same,14,11,14,11,0,0,12
hokkaido_site_1d33dac86772,ときわ町六丁目変電所,hokkaido,w1477775902,partial,1,1,1,0,1,1,2,0,0,2,0,,,no_observed,3,0,0,1,0,0,0
hokkaido_site_1d50b8ceb188,平取変電所,hokkaido,w675289794,partial,2,2,0,0,0,0,2,0,1,2,1,66/33,66/33,same,2,0,0,2,0,0,2
hokkaido_site_1e5956845937,幌向変電所,hokkaido,w179882283,partial,1,1,1,0,1,1,2,0,0,3,0,,,no_observed,2,0,2,2,0,0,0
hokkaido_site_1ed14b03760b,大町二丁目変電所,hokkaido,w223202807,none,0,0,0,0,0,0,0,0,0,0,0,,,no_observed,0,0,0,0,0,0,0
hokkaido_site_1f4e00cca9f2,勇払変電所,hokkaido,w171940159,partial,1,1,3,0,1,2,12,0,0,4,0,,,no_observed,8,1,13,5,1,0,0
hokkaido_site_1f8abbe4adf6,新ひだか町変電所_4,hokkaido,w710716281,partial,1,1,1,0,1,1,3,0,0,1,0,,,no_observed,3,0,6,3,0,0,0
hokkaido_site_20c5623eb4a5,音別町あけぼの一丁目変電所,hokkaido,w177303847,partial,1,1,2,0,1,2,7,0,0,1,0,,,no_observed,5,0,7,5,0,0,0
hokkaido_site_20ef7ddfedb9,札内変電所,hokkaido,w558914583,partial,1,1,1,0,1,1,2,0,0,2,0,,,no_observed,2,3,0,1,0,0,0
hokkaido_site_21641930d322,千歳市変電所_3,hokkaido,w1478508743,partial,1,2,0,0,0,0,1,0,0,1,0,,,no_observed,1,0,1,0,1,0,0
hokkaido_site_227b8b296a21,福島変電所,hokkaido,w316552306,partial,1,1,1,0,1,1,2,0,0,1,0,,,no_observed,2,0,4,2,0,0,0
hokkaido_site_22badae57136,遠別開閉所,hokkaido,w1528711215,lines_only,1,1,0,0,0,0,0,0,0,0,0,,,no_observed,0,1,2,0,0,5,0
hokkaido_site_2332d2356395,東雲変電所,hokkaido,w1305405619,lines_only,2,2,0,1,0,0,0,0,1,0,0,66/6,,no_observed,0,3,0,0,3,0,0
hokkaido_site_241a186faf62,新ひだか町変電所_3,hokkaido,w414979012,partial,1,1,1,0,1,1,2,0,0,1,0,,,no_observed,3,0,6,2,0,0,0
hokkaido_site_24deb1b2bc41,萩原変電所,hokkaido,w1042688550,partial,1,1,1,0,1,1,2,0,0,1,0,,,no_observed,2,0,0,2,0,4,0
hokkaido_site_251e74b9f7ae,熊石変電所,hokkaido,w433056557,partial,1,1,1,0,1,3,0,0,0,1,0,,,no_observed,2,0,0,2,0,0,0
hokkaido_site_251f0cddb9bb,豊頃変電所,hokkaido,w559481116,partial,1,1,1,0,1,1,2,0,0,1,0,,,no_observed,2,3,4,1,0,0,0
hokkaido_site_2558731f2e53,前田変電所,hokkaido,w1473233469,lines_only,2,3,0,1,0,0,0,0,1,0,0,66/6,,no_observed,0,2,2,0,2,0,2
hokkaido_site_25a1a6930efa,苫前町変電所,hokkaido,r20106961,partial,1,1,0,0,0,0,0,1,0,1,0,,,no_observed,0,0,8,3,0,5,0
hokkaido_site_25a90df769eb,,hokkaido,w1352274339,none,0,0,0,0,0,0,0,0,0,0,0,,,no_observed,0,0,0,0,0,0,0
hokkaido_site_263acb74b5e3,中札内変電所 (Nakasatsunai Hendensho),hokkaido,w178998065,partial,1,1,1,0,1,1,4,0,0,4,0,,,no_observed,4,0,6,2,0,0,0
hokkaido_site_270f5ec22e97,北光変電所_2,hokkaido,w178066292,partial,1,1,1,0,1,1,4,0,0,2,0,,,no_observed,4,6,0,2,0,0,0
hokkaido_site_27d4edb797eb,別海寿町変電所,hokkaido,w619437351,partial,1,1,1,0,1,1,2,0,0,2,0,,,no_observed,2,0,6,1,0,0,0
hokkaido_site_27e1e5721424,足寄町変電所_2,hokkaido,w428717503,partial,1,1,1,0,1,1,2,0,0,1,0,,,no_observed,2,0,6,2,0,0,0
hokkaido_site_2849ef7968e2,長橋変電所,hokkaido,w190025443,lines_only,1,1,0,1,0,0,0,0,0,0,0,,,no_observed,0,4,5,0,4,0,0
hokkaido_site_2a386c8372e8,円山変電所,hokkaido,w166967538,none,1,0,0,0,0,0,0,0,0,0,0,,,no_observed,0,0,0,0,0,0,0
hokkaido_site_2ad589074910,富良野変電所,hokkaido,w529655057,partial,1,1,1,0,1,1,4,0,0,3,0,,,no_observed,5,0,3,1,1,0,0
hokkaido_site_2b05381102e8,深川市変電所_3,hokkaido,w917897357,partial,1,1,1,0,1,1,2,0,0,1,0,,,no_observed,2,0,3,1,0,0,0
hokkaido_site_2b97368641aa,桑園変電所,hokkaido,w766496067,none,0,0,0,0,0,0,0,0,0,0,0,,,no_observed,0,0,0,0,0,0,0
hokkaido_site_2bc7d95472ef,下北変電所,hokkaido,w318193036,mapped,2,2,4,0,2,4,11,0,1,2,2,154/66,154/66,same,9,0,16,7,0,0,2
hokkaido_site_2c668ab9954c,円山西町5変電所,hokkaido,w179971423,conductors_only,1,1,0,1,0,0,0,0,0,0,0,,,no_observed,0,9,4,3,0,0,0
hokkaido_site_2c8e4fdb6d7d,晩翠変電所,hokkaido,w1482877410,partial,1,1,1,0,1,1,2,0,0,2,0,,,no_observed,2,4,0,2,0,0,0
hokkaido_site_2ccffebbf899,港南変電所,hokkaido,w1393192235,conductors_only,2,1,0,2,0,0,5,0,1,0,0,187/66,,no_observed,5,5,16,3,0,0,0
hokkaido_site_2d60a94b63d5,幌加内町変電所_2,hokkaido,w1467914299,lines_only,2,2,0,0,0,0,0,0,1,0,0,66/33,,no_observed,0,1,6,0,1,0,0
hokkaido_site_2d711759295d,吉岡ケーブルヘッド,hokkaido,w801833268,none,3,0,2,1,0,0,8,0,2,0,0,250/187;187/66,,no_observed,4,4,6,0,0,0,0
hokkaido_site_2e1acc732979,大間町変電所,hokkaido,w262597733,none,2,0,0,1,0,0,2,0,1,0,0,250/66,,no_observed,3,0,0,0,0,0,0
hokkaido_site_2eecbb852f26,苗穂変電所,hokkaido,w182551911,partial,2,2,4,0,2,4,7,0,1,10,3,187/66,187/66,same,1,9,0,2,0,0,0
hokkaido_site_3173569d77c8,相沼内変電所,hokkaido,w429232141,partial,1,1,1,0,1,1,2,0,0,1,0,,,no_observed,3,0,0,3,0,0,2
hokkaido_site_31938cbeaf33,北新得変電所,hokkaido,w640591807,mapped,2,2,4,0,2,2,9,0,1,2,2,275/187,275/187,same,21,18,16,4,0,0,0
hokkaido_site_321fde20f0a1,宇登呂変電所,hokkaido,r19947416,partial,1,1,0,0,0,0,1,0,0,1,0,,,no_observed,1,0,0,1,0,0,0
hokkaido_site_32b69958a9cd,黒石平変電所,hokkaido,w617636491,conductors_only,1,1,2,0,1,2,7,0,0,0,0,,,no_observed,7,0,6,7,0,0,0
hokkaido_site_3321241844b2,南区変電所_2,hokkaido,w439278581,layout_only,0,1,0,0,0,0,0,0,0,1,0,,,no_observed,0,0,0,0,0,0,2
hokkaido_site_3345e4b9c5aa,安平町変電所,hokkaido,w171940160,conductors_only,1,1,2,0,1,2,0,0,0,0,0,,,no_observed,6,3,6,8,0,0,4
hokkaido_site_3437de405da4,伊達市変電所,hokkaido,r19927236,conductors_only,2,2,1,0,1,1,2,0,1,0,0,187/66,,no_observed,2,0,8,2,2,0,0
hokkaido_site_34595859ed1e,苫小牧市変電所_3,hokkaido,w640518253,conductors_only,1,1,0,1,0,0,4,0,0,0,0,,,no_observed,8,0,8,4,0,0,0
hokkaido_site_35c420482c87,大曲緑ヶ丘一丁目変電所,hokkaido,w182538867,partial,1,1,2,0,1,2,8,0,0,4,0,,,no_observed,4,8,0,2,0,0,0
hokkaido_site_36fea510b901,石狩変電所,hokkaido,w203869092,lines_only,1,1,0,0,0,0,0,0,0,0,0,,,no_observed,0,1,0,0,1,0,0
hokkaido_site_378b55db449b,濁川変電所,hokkaido,w1470405866,conductors_only,1,1,1,0,1,1,2,0,0,0,0,,,no_observed,2,0,4,2,0,0,0
hokkaido_site_3981a8db16f3,当麻変電所,hokkaido,w1180376868,partial,2,2,1,0,1,1,3,0,1,2,0,110/6,,no_observed,2,0,6,2,0,0,0
hokkaido_site_39f64bad2a1c,北二条西三丁目変電所,hokkaido,w719971972,partial,1,1,1,0,1,1,1,0,0,2,0,,,no_observed,1,0,0,1,0,0,0
hokkaido_site_3a238a8ad595,元町一条西二丁目変電所,hokkaido,w611131547,none,0,0,0,0,0,0,0,0,0,0,0,,,no_observed,0,0,0,0,0,0,0
hokkaido_site_3a828cd0055c,幾春別炭鉱錦立坑編d年初,hokkaido,w1540922557,none,0,0,0,0,0,0,0,0,0,0,0,,,no_observed,0,0,0,0,0,0,0
hokkaido_site_3b0c3e83de8d,駒場南八丁目変電所,hokkaido,w1189808895,lines_only,1,1,0,0,0,0,0,0,0,0,0,,,no_observed,0,1,0,0,1,0,0
hokkaido_site_3b16b74efaf7,橋北変電所,hokkaido,w532307213,lines_only,2,2,0,0,0,0,0,0,1,0,0,66/6,,no_observed,0,1,0,0,1,0,0
hokkaido_site_3b2f975f2ab0,石川変電所,hokkaido,w1524541424,lines_only,2,2,0,0,0,0,0,0,1,0,0,66/6,,no_observed,0,1,6,0,1,0,2
hokkaido_site_3bbdb0dc52dc,中川変電所,hokkaido,w1531318986,partial,2,2,6,0,2,12,19,27,1,1,1,100/6,100/6,same,18,0,21,8,0,0,0
hokkaido_site_3bc32357b0ca,生田原変電所,hokkaido,w465245173,partial,1,1,1,0,1,1,2,0,0,2,0,,,no_observed,2,0,4,1,0,0,0
hokkaido_site_3bc8bfeb0ae5,南区変電所,hokkaido,w433216625,none,0,0,0,0,0,0,0,0,0,0,0,,,no_observed,0,0,7,0,0,0,0
hokkaido_site_3c3b65ca7478,本町変電所,hokkaido,w1457098980,partial,1,1,1,0,1,1,2,0,0,2,0,,,no_observed,2,0,3,1,0,0,0
hokkaido_site_3cf26cb6e47f,遠別変電所,hokkaido,w1469958211,partial,2,2,1,0,1,1,2,3,1,2,2,33/6,33/6,same,1,0,0,1,0,0,0
hokkaido_site_3e4175a4af9c,銭函変電所,hokkaido,w190888043,none,1,0,0,0,0,0,0,0,0,0,0,,,no_observed,0,0,2,0,0,0,0
hokkaido_site_3e534b33996b,音別町馬主来原野変電所,hokkaido,w1006943371,partial,1,1,0,0,0,0,0,0,0,1,0,,,no_observed,0,2,1,2,0,0,0
hokkaido_site_3f5d9035247a,小清水変電所,hokkaido,w488688622,partial,1,1,1,0,1,1,2,0,0,2,0,,,no_observed,4,3,3,2,0,0,0
hokkaido_site_3fea604ec94b,旭川嵐山開閉所,hokkaido,w1457228741,conductors_only,1,1,2,0,1,2,9,0,0,0,0,,,no_observed,8,0,4,8,0,0,0
hokkaido_site_401057351b74,中湧別変電所,hokkaido,w467600443,conductors_only,1,1,1,0,1,1,2,0,0,0,0,,,no_observed,2,0,3,1,0,0,0
hokkaido_site_40728ace4748,栗山変電所,hokkaido,w544744964,partial,1,1,1,0,1,1,3,0,0,2,0,,,no_observed,3,0,3,2,0,0,0
hokkaido_site_4133a3392e6a,鳥取変電所,hokkaido,w541025981,partial,1,1,2,0,1,2,6,0,0,3,0,,,no_observed,2,0,5,2,0,0,0
hokkaido_site_41390365ab9a,南区変電所_3,hokkaido,w625058530,lines_only,0,0,0,0,0,0,0,0,0,0,0,,,no_observed,0,1,0,0,0,0,0
hokkaido_site_417547592859,北七条西四丁目変電所,hokkaido,w849093448,conductors_only,1,1,1,0,1,1,2,0,0,0,0,,,no_observed,2,0,2,2,0,0,0
hokkaido_site_42a2b6487814,江差変電所,hokkaido,w330517156,partial,2,2,1,0,1,1,4,0,1,2,1,66/33,66/33,same,4,3,11,3,0,0,4
hokkaido_site_432c9ce76176,洞爺変電所,hokkaido,w1456407717,partial,1,1,0,1,0,0,0,0,0,2,0,,,no_observed,0,10,0,2,0,0,0
hokkaido_site_441843bf18b9,軍川変電所,hokkaido,w1472856781,partial,3,2,1,0,1,1,4,0,2,2,0,66/33;33/22,,no_observed,3,0,4,2,0,0,0
hokkaido_site_4492e266682a,中村変電所,hokkaido,w521142574,partial,1,1,1,0,1,1,2,0,0,1,0,,,no_observed,2,0,3,1,0,0,0
hokkaido_site_452ff2afd873,JR変電所,hokkaido,w307931394,partial,2,2,1,0,1,1,2,0,1,2,0,66/25,,no_observed,1,0,3,1,0,0,0
hokkaido_site_4589246bcf1c,福山変電所,hokkaido,n1924575539,none,1,0,0,0,0,0,0,0,0,0,0,,,no_observed,0,1,2,0,0,0,0
hokkaido_site_45ea7bc4efca,上川町変電所,hokkaido,w256131728,lines_only,1,1,0,0,0,0,0,0,0,0,0,,,no_observed,0,1,0,0,1,0,0
hokkaido_site_46645aba0fb5,東光変電所,hokkaido,w1215866563,partial,2,2,1,0,1,1,5,0,1,3,0,110/6,,no_observed,2,4,0,2,0,0,0
hokkaido_site_4720fa889ae1,厚田変電所,hokkaido,w830595196,conductors_only,1,1,0,1,0,0,0,0,0,0,0,,,no_observed,0,2,6,1,0,0,0
hokkaido_site_47ba0626b44a,奈井江変電所,hokkaido,w255467841,conductors_only,2,2,0,1,0,0,0,0,1,0,0,66/6,,no_observed,0,5,0,1,0,0,0
hokkaido_site_48709bc9328a,厚床変電所,hokkaido,w619437346,partial,1,1,2,0,1,2,6,0,0,2,0,,,no_observed,7,4,10,5,0,0,0
hokkaido_site_48ec8a1c2a50,平岸3条18変電所,hokkaido,w182529451,conductors_only,1,1,0,1,0,0,0,0,0,0,0,,,no_observed,0,4,11,2,0,0,0
hokkaido_site_49027a7b2087,木野変電所,hokkaido,w177717604,partial,1,1,2,0,2,2,8,0,0,4,0,,,no_observed,8,12,3,2,0,0,0
hokkaido_site_4a08c9d94239,北光変電所,hokkaido,w179127026,layout_only,1,2,0,0,0,0,0,0,0,1,0,,,no_observed,0,0,0,0,0,0,4
hokkaido_site_4a8af6e32807,広尾変電所,hokkaido,w1479854631,partial,1,1,1,0,1,1,2,0,0,2,0,,,no_observed,2,13,0,1,0,0,0
hokkaido_site_4cc56d614684,庶路変電所 (Shoro Hendensho),hokkaido,w183588389,partial,1,1,1,0,1,1,2,0,0,1,0,,,no_observed,2,3,3,1,0,0,0
hokkaido_site_4df2aca26e90,西旭川変電所,hokkaido,w104736425,partial,2,2,4,0,4,4,20,23,1,8,3,187/66,187/66,same,10,0,8,7,0,0,0
hokkaido_site_4e5f9247a404,鵡川変電所,hokkaido,w623698772,partial,1,1,1,0,1,1,2,0,0,2,0,,,no_observed,2,0,3,2,0,0,0
hokkaido_site_4ea2f73a6ff6,清里変電所,hokkaido,w474409070,partial,1,1,1,0,1,1,2,0,0,2,0,,,no_observed,2,0,3,2,0,0,0
hokkaido_site_4f188968f1a7,矢代町三丁目変電所,hokkaido,w555328997,none,1,0,0,0,0,0,0,0,0,0,0,,,no_observed,0,0,11,0,0,0,0
hokkaido_site_509ac13fdd25,新十津川町変電所,hokkaido,w889472463,lines_only,0,1,0,0,0,0,0,0,0,0,0,,,no_observed,0,0,0,0,0,0,2
hokkaido_site_5118153199e5,名寄変電所,hokkaido,w1531830511,partial,3,3,6,1,1,6,32,42,2,8,8,100/22;22/6,100/22;100/6,contradicts,21,4,25,9,0,0,0
hokkaido_site_51a06037c6d0,Chatsu Substation,hokkaido,w310752504,none,1,0,2,0,0,0,0,0,0,0,0,,,no_observed,6,0,1,0,0,0,0
hokkaido_site_51c5d18062cc,阿寒町阿寒湖温泉四丁目変電所,hokkaido,w172210562,lines_only,1,1,0,1,0,0,0,0,0,0,0,,,no_observed,0,2,0,0,2,0,0
hokkaido_site_52351ac9a015,輪厚工業団地一丁目変電所,hokkaido,w1456879389,lines_only,1,1,0,1,0,0,0,0,0,0,0,,,no_observed,0,2,3,0,2,0,0
hokkaido_site_5265638a1b45,神居一条二十一丁目変電所,hokkaido,w178658897,partial,1,1,1,0,1,1,2,0,0,2,0,,,no_observed,2,0,3,2,0,0,0
hokkaido_site_532ee9b99954,新冠町変電所,hokkaido,w414978990,partial,1,1,0,0,0,0,1,0,0,1,0,,,no_observed,1,0,0,1,0,0,0
hokkaido_site_53cb631fee53,稚内西変電所,hokkaido,w182401459,partial,3,3,2,0,2,2,4,4,2,2,2,100/33;33/6,100/33;100/6,contradicts,3,0,4,3,0,0,0
hokkaido_site_54a77fa315ca,函館変電所,hokkaido,w603068174,lines_only,2,2,0,1,0,0,0,0,1,0,0,66/6,,no_observed,0,2,3,0,2,0,0
hokkaido_site_54facc028690,小平町変電所,hokkaido,r20106962,partial,1,1,1,0,1,1,0,0,0,1,0,,,no_observed,2,0,0,2,0,0,0
hokkaido_site_5541a0c6e4a0,手稲変電所,hokkaido,w169214806,partial,1,1,2,0,1,2,8,0,0,2,0,,,no_observed,3,1,1,3,1,0,2
hokkaido_site_55b7c8af8d4d,ニセコ変電所,hokkaido,w318054541,partial,1,1,1,0,1,1,2,0,0,3,0,,,no_observed,2,0,0,2,0,0,4
hokkaido_site_55f1956efd0c,南四条六丁目変電所,hokkaido,w485515022,partial,1,1,0,1,0,0,0,0,0,2,0,,,no_observed,0,5,0,1,0,0,0
hokkaido_site_56091d7beb5f,文光町変電所,hokkaido,w914441644,partial,1,1,1,0,1,1,3,0,0,3,0,,,no_observed,3,0,7,2,0,0,0
hokkaido_site_560b310e4088,猿払変電所,hokkaido,w582947817,partial,2,2,0,0,0,0,1,1,1,1,1,33/6,33/6,same,1,0,0,1,0,0,2
hokkaido_site_56876a4c8beb,星が浦変電所,hokkaido,w542279192,partial,1,1,2,0,1,2,2,0,0,2,0,,,no_observed,4,0,14,18,0,0,0
hokkaido_site_56a6c5bc615c,樽川変電所,hokkaido,w1058237877,lines_only,2,2,0,0,0,0,0,0,1,0,0,66/6,,no_observed,0,1,3,0,1,0,0
hokkaido_site_57a9fbc8fdcc,西野変電所,hokkaido,w168524732,partial,2,2,4,0,3,6,23,16,1,5,3,275/187,275/187,same,15,4,6,9,0,0,0
hokkaido_site_583dd5563017,安足間変電所,hokkaido,w625051880,partial,3,3,3,0,2,3,9,0,2,4,2,110/66;66/6,110/66,partial,5,0,6,5,0,0,0
hokkaido_site_58c6d1445558,恵み野里美一丁目変電所,hokkaido,w1072662513,none,1,0,2,0,0,0,6,0,0,0,0,,,no_observed,3,0,1,0,0,0,0
hokkaido_site_58ce3d99c882,砂川変電所,hokkaido,w675558356,partial,2,2,2,0,2,4,15,2,1,2,0,66/6,,no_observed,8,0,12,6,0,0,0
hokkaido_site_59becc0d88c6,大樹変電所 (Taiki Hendensho),hokkaido,w178998049,partial,1,1,1,0,1,1,5,0,0,3,0,,,no_observed,5,3,6,3,0,0,0
hokkaido_site_5c050e3b6807,送毛変電塔,hokkaido,w1473262032,lines_only,1,1,0,0,0,0,0,0,0,0,0,,,no_observed,0,1,1,0,1,0,2
hokkaido_site_5c7c5aed799c,小平変電所 (Obira Hendensho),hokkaido,w186153208,partial,1,1,1,0,1,2,2,0,0,1,0,,,no_observed,2,0,0,2,0,0,0
hokkaido_site_5c9412f11472,苫前変電所 (Tomamae Hendensho),hokkaido,r20106960,partial,1,1,1,0,1,1,2,0,0,1,0,,,no_observed,2,0,6,1,0,0,0
hokkaido_site_5cda6d462847,中頓別変電所,hokkaido,w1531299473,partial,2,2,3,0,1,3,6,9,1,3,3,66/6,66/6,same,6,0,8,4,0,0,0
hokkaido_site_5d8d4b2f60eb,,hokkaido,w1487158923,partial,1,1,0,0,0,0,1,0,0,1,0,,,no_observed,1,0,1,1,0,0,0
hokkaido_site_5de347967b21,開源開閉所,hokkaido,w1457423292,conductors_only,2,2,1,0,1,1,2,0,1,0,0,100/66,,no_observed,2,0,1,2,0,0,0
hokkaido_site_5dfb243d7dac,古平町変電所,hokkaido,w730436135,partial,1,1,1,0,1,1,1,0,0,2,0,,,no_observed,1,0,0,1,0,0,0
hokkaido_site_5e68faafe375,美深変電所,hokkaido,w531136678,layout_only,1,1,0,0,0,0,0,0,0,1,0,,,no_observed,0,1,0,0,1,0,0
hokkaido_site_604ed7d260d0,稲美変電所,hokkaido,w188657610,partial,1,1,1,0,1,1,2,0,0,3,0,,,no_observed,2,0,0,2,0,4,0
hokkaido_site_607ac223ea5d,女満別西一条六丁目変電所,hokkaido,w172689233,layout_only,1,1,0,1,0,0,0,0,0,1,0,,,no_observed,0,2,0,0,0,2,2
hokkaido_site_60ae5ab1027a,茅沼変電所,hokkaido,w624716264,partial,1,1,0,1,0,0,1,0,0,2,0,,,no_observed,2,0,3,2,0,0,0
hokkaido_site_61d4097821a6,あけぼの町五丁目変電所,hokkaido,w1477837527,partial,1,1,0,1,0,0,1,0,0,1,0,,,no_observed,2,0,4,2,0,0,0
hokkaido_site_61f166c4b561,奈井江町変電所,hokkaido,w200232946,conductors_only,1,1,2,0,1,2,9,0,0,0,0,,,no_observed,4,0,6,4,0,0,0
hokkaido_site_622e7cf3121e,泉町二丁目変電所,hokkaido,w675557803,mapped,2,2,4,0,2,4,17,0,1,2,2,187/66,187/66,same,10,0,19,7,0,0,0
hokkaido_site_625a31407fc2,美幌変電所,hokkaido,w189427242,partial,1,1,1,0,1,1,0,0,0,2,0,,,no_observed,2,0,0,2,0,0,2
hokkaido_site_6303b33f380b,天塩変電所,hokkaido,w1469958204,partial,2,2,1,0,1,1,2,3,1,1,1,33/6,33/6,same,2,0,0,2,0,0,0
hokkaido_site_634c2c7a9fca,室蘭市変電所,hokkaido,w446812067,lines_only,1,1,0,1,0,0,0,0,0,0,0,,,no_observed,0,2,3,0,2,0,0
hokkaido_site_635c97dc7640,上磯変電所,hokkaido,w255117654,partial,3,3,2,0,1,2,16,0,2,1,0,66/33;33/6,,no_observed,9,3,9,4,1,0,2
hokkaido_site_636aeadf0126,東雲町変電所,hokkaido,w308295206,partial,1,1,1,0,1,1,3,0,0,1,0,,,no_observed,3,0,1,3,0,0,0
hokkaido_site_6476a6304589,浜益変電所,hokkaido,w1473262030,layout_only,1,1,0,0,0,0,0,0,0,1,0,,,no_observed,0,1,0,0,1,0,2
hokkaido_site_66325bdbdcd9,池田変電所,hokkaido,w559436877,partial,2,2,0,1,0,0,2,0,1,3,0,66/22,,no_observed,3,0,3,2,0,0,2
hokkaido_site_66b85486891c,白金町一丁目変電所,hokkaido,w555595447,lines_only,1,2,0,1,0,0,0,0,0,0,0,,,no_observed,0,5,6,0,5,0,0
hokkaido_site_66c03c2bac64,JR北海道木古内機電区分所,hokkaido,w740904953,none,0,0,0,0,0,0,0,0,0,0,0,,,no_observed,0,0,0,0,0,0,0
hokkaido_site_67ff32d6ad44,東幸町変電所,hokkaido,w482631882,layout_only,1,1,0,0,0,0,0,0,0,1,0,,,no_observed,0,1,0,0,1,0,2
hokkaido_site_68549559bce3,様似変電所,hokkaido,w464964701,partial,1,1,0,0,0,0,1,0,0,1,0,,,no_observed,1,0,0,1,0,0,0
hokkaido_site_692c608c118b,声問変電所,hokkaido,w1527378102,conductors_only,2,2,0,1,0,0,0,0,1,0,0,100/6,,no_observed,0,2,1,1,0,0,0
hokkaido_site_692c78b70636,音更変電所,hokkaido,w549767381,partial,1,1,1,0,1,1,1,0,0,2,0,,,no_observed,1,0,0,1,0,0,0
hokkaido_site_699b7be700a3,白老町変電所,hokkaido,w1478537308,conductors_only,1,1,2,0,1,1,4,0,0,0,0,,,no_observed,4,0,4,2,0,0,0
hokkaido_site_6ac7eb01c88d,大間町変電所_5,hokkaido,w1313835223,layout_only,1,0,0,0,0,0,1,0,0,1,0,,,no_observed,1,0,13,0,0,0,0
hokkaido_site_6ad26c15d976,内郷変電所,hokkaido,w328313504,none,2,0,1,0,0,0,1,0,1,0,0,66/33,,no_observed,1,0,0,0,0,0,0
hokkaido_site_6bfd0a580d1f,太平洋興発変電所,hokkaido,w186044162,partial,3,3,3,0,3,3,16,4,2,11,6,66/33;33/22,66/22,contradicts,2,2,9,2,2,0,0
hokkaido_site_6c1187dc8717,留辺蘂変電所,hokkaido,w178064476,partial,3,3,4,0,3,11,29,0,2,10,4,187/66;66/22,187/66,partial,9,0,15,6,0,0,2
hokkaido_site_6ce5bc67450f,厚真変電所,hokkaido,w623698773,partial,1,1,1,0,1,1,2,0,0,1,0,,,no_observed,2,0,6,1,0,0,0
hokkaido_site_6d53aa97b233,沼牛変電所,hokkaido,w531176250,layout_only,0,0,0,0,0,0,0,0,0,1,0,,,no_observed,0,1,1,0,0,0,0
hokkaido_site_6dee91d3f507,上渚滑変電所,hokkaido,w462583616,partial,1,1,1,0,1,1,1,0,0,1,0,,,no_observed,1,0,0,1,0,0,0
hokkaido_site_6e15b51e6f47,南早来変電所,hokkaido,w256894928,mapped,3,3,6,0,3,7,23,0,2,4,4,275/187;187/66,275/187;187/66,same,30,51,6,11,0,0,6
hokkaido_site_6e903085bd6c,稚内メガソーラー特高変電所,hokkaido,w1528790641,none,1,0,0,0,0,0,0,0,0,0,0,,,no_observed,0,1,0,0,0,0,0
hokkaido_site_6ec2c1d0b235,北新得変電所,hokkaido,w255511621,conductors_only,2,1,4,0,1,2,9,0,1,0,0,275/187,,no_observed,21,13,21,6,0,0,4
hokkaido_site_6ee3635e78c2,留産変電所,hokkaido,w318054545,partial,1,1,1,0,1,1,2,0,0,2,0,,,no_observed,2,0,0,2,0,0,2
hokkaido_site_701a691960f7,新冠開閉所,hokkaido,w414978970,conductors_only,1,1,2,0,1,2,6,0,0,0,0,,,no_observed,8,0,9,5,0,0,0
hokkaido_site_709f713d0828,中町二丁目変電所,hokkaido,w528402435,partial,1,1,0,1,0,0,2,0,0,2,0,,,no_observed,2,0,3,2,0,0,0
hokkaido_site_70f467070dca,鰔川変電所,hokkaido,w330517155,partial,2,2,1,0,1,1,4,0,1,3,1,66/33,66/33,same,2,0,0,2,0,0,2
hokkaido_site_720fe3ac00b3,深川市変電所,hokkaido,w256262093,conductors_only,1,1,2,0,1,2,6,0,0,0,0,,,no_observed,6,9,0,3,0,0,0
hokkaido_site_7277ba0e085f,北炭幌内炭鉱変電所,hokkaido,w838083701,none,0,0,0,0,0,0,0,0,0,0,0,,,no_observed,0,0,0,0,0,0,0
hokkaido_site_74bfde7d5342,占冠変電所,hokkaido,w563473842,partial,1,1,1,0,1,1,1,0,0,2,0,,,no_observed,1,0,0,1,0,0,0
hokkaido_site_7595dc6c9bf0,札幌市交通局高速電車 すすきの変電所,hokkaido,w271908645,none,0,0,0,0,0,0,0,0,0,0,0,,,no_observed,0,0,0,0,0,0,0
hokkaido_site_765423177fba,三石変電所,hokkaido,w626063806,partial,1,1,0,1,0,0,1,0,0,1,0,,,no_observed,2,0,0,2,0,0,0
hokkaido_site_777ba2ff1fd9,流通二丁目変電所,hokkaido,w1456862540,partial,1,1,1,0,1,1,2,0,0,1,0,,,no_observed,2,0,3,1,0,0,0
hokkaido_site_779feb959eaa,白糠変電所 (Shiranuka Hendensho),hokkaido,w183588387,partial,1,1,1,0,1,1,2,0,0,1,0,,,no_observed,2,3,1,1,0,0,0
hokkaido_site_77a9f5509e9d,千歳市変電所_2,hokkaido,w1478508751,partial,1,1,0,0,0,0,1,0,0,1,0,,,no_observed,1,0,0,1,0,0,0
hokkaido_site_78f538c96539,二十四軒変電所,hokkaido,w374823429,lines_only,2,2,0,0,0,0,0,0,1,0,0,66/6,,no_observed,0,1,0,0,1,0,0
hokkaido_site_790f1034c8ed,雄武変電所,hokkaido,w1469970811,partial,1,1,1,0,1,1,1,0,0,1,0,,,no_observed,1,0,0,1,0,0,0
hokkaido_site_7915b6f3ae3a,ユーラス浜頓別ウインドファーム特高変電所,hokkaido,w1467901497,lines_only,1,1,0,0,0,0,0,0,0,0,0,,,no_observed,0,1,0,0,1,0,0
hokkaido_site_79efb6c60d99,西帯広変電所 (Nishi-Obihiro Hendensho),hokkaido,w256363872,lines_only,1,1,0,1,0,0,0,0,0,0,0,,,no_observed,0,2,0,0,2,0,0
hokkaido_site_7a4b793ae3f5,昭和四丁目変電所,hokkaido,w224939724,mapped,2,2,1,1,1,1,7,0,1,2,2,66/20,66/20,same,2,0,3,2,0,0,0
hokkaido_site_7a6de18bc01d,羅臼町変電所,hokkaido,w458674437,partial,1,1,0,1,0,0,0,0,0,1,0,,,no_observed,0,8,0,2,0,0,0
hokkaido_site_7a6ed8176b45,本町八丁目変電所,hokkaido,w574957422,layout_only,2,2,0,0,0,0,0,0,1,1,0,66/33,,no_observed,0,1,1,0,2,0,2
hokkaido_site_7c32b0e79be4,緑町変電所,hokkaido,w647881451,lines_only,1,1,0,0,0,0,0,0,0,0,0,,,no_observed,0,2,4,0,1,0,0
hokkaido_site_7d011d7a2ac4,泉町一丁目変電所_2,hokkaido,w543196681,partial,1,1,1,0,1,1,4,0,0,4,0,,,no_observed,4,0,5,4,0,0,0
hokkaido_site_7d37880c39f5,鹿追町変電所,hokkaido,w189443206,conductors_only,1,1,1,0,1,1,1,0,0,0,0,,,no_observed,1,0,0,3,0,0,0
hokkaido_site_7d5cdc506c70,作開変電所,hokkaido,w625066700,partial,1,1,1,0,1,1,1,0,0,4,0,,,no_observed,1,0,0,1,0,0,0
hokkaido_site_7e90e8c49186,標茶町変電所,hokkaido,w753056309,layout_only,0,0,0,0,0,0,0,0,0,1,0,,,no_observed,0,1,0,0,0,0,0
hokkaido_site_7ea38d0c4d50,南七条東一丁目変電所,hokkaido,w172689232,lines_only,1,1,0,0,0,0,0,0,0,0,0,,,no_observed,0,1,0,0,1,0,0
hokkaido_site_7fc9a225b9e2,八雲変電所,hokkaido,w144671189,partial,2,2,1,1,1,1,7,0,1,3,2,66/33,66/33,same,6,0,8,5,3,0,0
hokkaido_site_7fcda1742eba,佐呂間変電所 (Saroma Hendensho),hokkaido,w186527790,partial,1,1,1,0,1,1,2,2,0,1,0,,,no_observed,4,2,0,2,0,0,0
hokkaido_site_7ff1c820219e,阿寒町変電所,hokkaido,w171860242,layout_only,1,1,0,1,0,0,0,0,0,1,0,,,no_observed,0,2,0,0,0,2,0
hokkaido_site_800d48fa1c87,千歳町二丁目変電所,hokkaido,w1075740274,none,1,0,2,0,0,0,6,0,0,0,0,,,no_observed,4,0,0,0,0,0,0
hokkaido_site_803215033209,西町変電所,hokkaido,w531136681,partial,2,4,1,0,1,3,3,15,1,3,3,100/22,100/66,contradicts,3,0,7,8,1,0,0
hokkaido_site_808ff16cc353,北芽室変電所 (Kita-Memuro Hendensho),hokkaido,w256363863,partial,2,2,5,0,2,4,23,0,1,6,4,187/66,187/66,same,9,0,9,4,0,0,2
hokkaido_site_80a8be24fbfb,南清水沢四丁目変電所,hokkaido,w625063982,partial,1,1,0,1,0,0,1,0,0,1,0,,,no_observed,2,3,3,1,0,0,0
hokkaido_site_80d09c160bfa,市渡変電所,hokkaido,w224938109,none,0,0,0,0,0,0,0,0,0,0,0,,,no_observed,0,0,0,0,0,0,0
hokkaido_site_80f111f5ba82,苫小牧市変電所_8,hokkaido,w1477837539,lines_only,1,1,0,0,0,0,0,0,0,0,0,,,no_observed,0,1,0,0,1,0,0
hokkaido_site_8209560835f0,東通村変電所,hokkaido,n6766010140,none,1,0,0,0,0,0,1,0,0,0,0,,,no_observed,1,0,0,0,0,0,0
hokkaido_site_821b6ad8b3b8,斜里町変電所,hokkaido,w1469983361,partial,1,1,0,0,0,0,1,0,0,1,0,,,no_observed,1,0,0,1,0,0,0
hokkaido_site_822b862c3c95,登別変電所,hokkaido,w1064541618,partial,1,1,1,0,1,1,2,0,0,2,0,,,no_observed,2,0,3,1,0,0,0
hokkaido_site_82de65d4bc3c,糠平発電所,hokkaido,w1482877404,layout_only,1,1,2,0,0,0,7,0,0,2,0,,,no_observed,7,0,6,0,0,0,0
hokkaido_site_834baaaea467,上江別変電所,hokkaido,w255467853,lines_only,1,1,0,0,0,0,0,0,0,0,0,,,no_observed,0,1,0,0,1,0,0
hokkaido_site_8418c7355104,南三条東三丁目変電所,hokkaido,w624213636,partial,1,1,1,0,1,1,2,0,0,2,0,,,no_observed,2,0,3,2,0,0,0
hokkaido_site_847f082c0162,白石変電所,hokkaido,w182674676,conductors_only,1,1,0,1,0,0,0,0,0,0,0,,,no_observed,0,2,12,1,1,0,0
hokkaido_site_852b3f22fe35,新岩松変電所,hokkaido,w256363875,partial,2,1,2,0,1,2,8,0,1,3,0,187/66,,no_observed,5,0,7,5,0,0,0
hokkaido_site_866b079c1874,北の峰変電所,hokkaido,w529655054,partial,1,1,1,0,1,1,2,0,0,2,0,,,no_observed,2,0,6,0,0,0,0
hokkaido_site_869aa63f72f4,津別変電所,hokkaido,w172689230,partial,2,2,1,0,1,1,2,0,1,2,0,66/22,,no_observed,2,1,3,2,1,0,6
hokkaido_site_86c78999e0eb,恵山変電所,hokkaido,w260754217,partial,1,1,0,0,0,0,1,0,0,1,0,,,no_observed,1,0,0,1,0,0,0
hokkaido_site_86cfc54eb872,顧客変電所,hokkaido,w1479902184,partial,1,1,0,0,0,0,1,0,0,1,0,,,no_observed,1,0,1,1,0,0,0
hokkaido_site_872f9249dfad,山田変電所,hokkaido,w1472871170,partial,1,1,1,0,1,1,1,0,0,1,0,,,no_observed,1,0,0,1,0,0,0
hokkaido_site_87c072ef7a00,大通変電所,hokkaido,w486792820,layout_only,1,1,0,0,0,0,0,0,0,1,0,,,no_observed,0,1,0,0,1,0,0
hokkaido_site_8956d39f00ca,大岸変電所 (Ōkishi Hendensho),hokkaido,w308295209,partial,1,1,1,0,1,1,0,0,0,1,0,,,no_observed,3,5,0,2,0,0,4
hokkaido_site_8a54fada73e0,深川市変電所_2,hokkaido,w531176248,layout_only,1,1,0,0,0,0,0,0,0,1,0,,,no_observed,0,1,0,0,1,0,0
hokkaido_site_8c17c2ca2a64,豊富変電所,hokkaido,w619757273,partial,2,2,1,0,1,1,2,3,1,1,1,33/6,33/6,same,2,0,0,2,0,0,0
hokkaido_site_8d56aae2aa8a,平取変電所,hokkaido,w852756894,partial,1,1,1,0,1,1,0,0,0,1,0,,,no_observed,2,0,0,2,0,0,2
hokkaido_site_8d6e7d833b16,定山渓温泉西1変電所,hokkaido,w439189858,conductors_only,1,1,0,1,0,0,0,0,0,0,0,,,no_observed,0,2,3,1,0,0,0
hokkaido_site_8dbb93c39bdc,御崎変電所,hokkaido,w219113049,partial,1,1,2,0,1,2,0,0,0,2,0,,,no_observed,6,10,11,3,0,0,0
hokkaido_site_8f0767c4580a,JR北海道吉岡変電所,hokkaido,w316552309,partial,3,2,2,0,2,2,8,0,2,3,2,250/187;187/66,187/66,partial,4,0,10,4,0,0,0
hokkaido_site_8f2f1cc1dbf0,佐井変電所,hokkaido,w715765321,none,3,0,0,1,0,0,2,0,2,0,0,250/66;66/6,,no_observed,3,0,0,0,0,0,0
hokkaido_site_8f3a196852c1,大間町変電所_2,hokkaido,w1313835061,none,2,0,0,0,0,0,1,0,1,0,0,500/66,,no_observed,1,0,13,0,0,0,0
hokkaido_site_8f61d4f514ec,幌延変電所,hokkaido,w1531581957,partial,3,3,7,0,3,13,20,36,2,5,5,100/33;33/6,100/33;100/6,contradicts,18,1,24,18,1,0,0
hokkaido_site_8f6204cc08e0,北七飯変電所,hokkaido,w262597731,conductors_only,2,1,6,1,0,0,22,0,1,0,0,187/66,,no_observed,13,9,41,1,6,0,0
hokkaido_site_8ffb49d5b380,小頓別変電所,hokkaido,w1531258836,partial,3,3,6,0,2,6,10,24,2,3,3,100/66;66/6,100/66;66/6,same,12,0,14,12,0,0,0
hokkaido_site_907466ab6b3e,釧白変電所,hokkaido,w183588390,partial,1,1,1,0,1,1,2,0,0,2,0,,,no_observed,2,0,3,2,0,0,0
hokkaido_site_908c2db31d8f,由仁変電所,hokkaido,w1489693952,partial,1,1,1,0,1,1,2,0,0,2,0,,,no_observed,2,0,0,2,0,0,0
hokkaido_site_911eaaefa8c0,月寒変電所,hokkaido,w182529428,lines_only,2,1,4,0,0,0,11,0,1,0,0,187/66,,no_observed,4,2,3,0,2,0,0
hokkaido_site_916d436b0cb1,岩屋変電所_2,hokkaido,w1025405604,lines_only,2,1,0,0,0,0,0,0,1,0,0,154/66,,no_observed,0,1,3,0,1,0,0
hokkaido_site_923649f91af2,東区変電所,hokkaido,w182554880,lines_only,2,1,0,0,0,0,0,0,1,0,0,187/66,,no_observed,0,1,3,0,1,0,0
hokkaido_site_925714ab13be,鹿部変電所,hokkaido,w625064206,partial,1,1,0,1,0,0,1,0,0,1,0,,,no_observed,2,0,0,2,0,0,0
hokkaido_site_92c8ee0b5109,上ノ国変電所,hokkaido,w1470207145,partial,1,1,1,0,1,1,1,0,0,1,0,,,no_observed,1,0,0,1,0,0,2
hokkaido_site_93418248f0e5,宮下通十七丁目変電所,hokkaido,w141931518,none,0,0,0,0,0,0,0,0,0,0,0,,,no_observed,0,0,0,0,0,0,0
hokkaido_site_93d16b0c6055,夕張市変電所,hokkaido,w855229078,partial,1,1,1,0,1,1,2,0,0,1,0,,,no_observed,2,0,0,2,0,0,0
hokkaido_site_95a9b4633089,浜頓別変電所,hokkaido,w1417209903,partial,2,3,3,0,1,3,4,9,1,3,3,66/33,66/33;66/6,contradicts,7,7,0,2,0,0,2
hokkaido_site_95e18250c467,沢木変電所,hokkaido,w459599854,partial,1,1,0,0,0,0,1,0,0,1,0,,,no_observed,1,0,3,2,0,0,0
hokkaido_site_96f8ccb01e5c,岩見沢変電所 (Iwamizawa Hendensho),hokkaido,w200234663,partial,1,1,1,0,1,1,3,0,0,3,0,,,no_observed,5,0,7,4,0,0,0
hokkaido_site_97b433e13100,古川ケーブルヘッド,hokkaido,w243603551,conductors_only,1,0,0,2,0,0,0,0,0,0,0,,,no_observed,0,8,3,0,0,0,0
hokkaido_site_9810be2c338a,中島町二丁目変電所,hokkaido,w518996922,none,0,0,0,0,0,0,0,0,0,0,0,,,no_observed,0,0,0,0,0,0,0
hokkaido_site_98602a1fb381,浜松変電所,hokkaido,w186531657,lines_only,1,1,0,1,0,0,0,0,0,0,0,,,no_observed,0,2,0,0,2,0,0
hokkaido_site_9874c67847e8,元町変電所_2,hokkaido,w531176259,layout_only,0,0,0,0,0,0,0,0,0,1,0,,,no_observed,0,1,0,0,0,0,0
hokkaido_site_98f979cba1f6,西室蘭開閉所,hokkaido,w209817373,conductors_only,2,2,4,0,3,4,13,0,1,0,0,187/66,,no_observed,12,0,24,12,0,0,0
hokkaido_site_99262e9151c5,仙美里変電所,hokkaido,w184013416,lines_only,1,1,0,0,0,0,0,0,0,0,0,,,no_observed,0,0,0,0,0,0,2
hokkaido_site_9949d21e5afa,富川町変電所,hokkaido,w619972057,none,0,0,0,0,0,0,0,0,0,0,0,,,no_observed,0,0,0,0,0,0,0
hokkaido_site_999803bdf781,計根別本通西五丁目変電所,hokkaido,w186044171,lines_only,1,1,0,1,0,0,0,0,0,0,0,,,no_observed,0,2,1,0,2,0,0
hokkaido_site_9a06ce79d524,千歳市変電所,hokkaido,w1477837560,partial,1,2,1,0,1,1,4,0,0,2,0,,,no_observed,5,0,0,3,0,0,0
hokkaido_site_9a343421f339,更喜苫内風力連系変電所,hokkaido,w1527395792,none,0,0,0,0,0,0,0,0,0,0,0,,,no_observed,0,0,0,0,0,0,0
hokkaido_site_9a5ec537a9a2,鹿追変電所,hokkaido,w189443209,partial,1,1,0,0,0,0,1,0,0,1,0,,,no_observed,1,0,0,1,0,0,0
hokkaido_site_9a8f3c67629c,岩屋変電所,hokkaido,w1025405602,conductors_only,2,2,0,1,0,0,0,0,1,0,0,154/66,,no_observed,0,2,2,2,0,0,2
hokkaido_site_9aed9a3d6921,ピリカ発電所,hokkaido,w625066205,partial,1,1,1,0,1,1,1,0,0,2,0,,,no_observed,1,0,0,1,0,0,0
hokkaido_site_9bedab729eb4,近文変電所,hokkaido,w513526405,partial,2,2,1,0,1,1,3,5,1,3,3,66/6,66/6,same,2,0,5,1,0,0,0
hokkaido_site_9c2b3e814c6e,苫小牧市変電所_6,hokkaido,w1456862505,conductors_only,1,1,1,0,0,0,2,0,0,0,0,,,no_observed,2,1,5,2,0,0,0
hokkaido_site_9d1128041f11,宮の沢変電所,hokkaido,w200915482,lines_only,2,2,0,0,0,0,0,0,1,0,0,66/6,,no_observed,0,1,4,0,1,0,0
hokkaido_site_9e5fdc91ff3a,伊達変電所,hokkaido,w256899955,partial,1,1,2,0,1,2,5,0,0,2,0,,,no_observed,7,1,5,6,0,0,0
hokkaido_site_9e86a95e459c,千歳市変電所_5,hokkaido,w1478918332,conductors_only,1,1,1,0,0,0,1,0,0,0,0,,,no_observed,1,7,5,2,0,0,0
hokkaido_site_9efba4049db1,岩知志変電所,hokkaido,w625060327,conductors_only,1,1,1,0,1,1,4,0,0,0,0,,,no_observed,4,0,0,3,0,0,0
hokkaido_site_9f5ccd0b4d31,望来変電所,hokkaido,w1473262006,partial,1,1,0,1,0,0,0,0,0,1,0,,,no_observed,0,2,6,1,0,0,0
hokkaido_site_9f5db1260f1d,新ひだか町変電所,hokkaido,w414978998,conductors_only,2,1,2,0,1,1,4,0,1,0,0,187/66,,no_observed,5,3,2,3,0,0,0
hokkaido_site_9f6f592cbba0,東札幌1条1変電所,hokkaido,w389077713,none,0,0,0,0,0,0,0,0,0,0,0,,,no_observed,0,0,0,0,0,0,0
hokkaido_site_a1c3e96015b9,伊茶仁変電所,hokkaido,w1457599539,conductors_only,1,1,0,1,0,0,0,0,0,0,0,,,no_observed,0,9,0,3,0,0,0
hokkaido_site_a1fa9e5efaa8,新光変電所,hokkaido,w1131958364,none,1,0,0,0,0,0,0,0,0,0,0,,,no_observed,0,0,0,0,0,0,0
hokkaido_site_a26fdb549c76,泉沢変電所,hokkaido,w255384211,partial,1,1,1,0,1,1,4,0,0,2,0,,,no_observed,6,5,3,2,0,0,0
hokkaido_site_a2985bb32c04,石狩湾新港発電所,hokkaido,w1473254439,conductors_only,1,1,0,2,0,0,0,0,0,0,0,,,no_observed,0,6,3,0,2,0,0
hokkaido_site_a345d2906076,余市 (Yoichi Hendensho),hokkaido,w187662430,partial,2,2,1,0,1,1,5,0,1,4,0,66/33,,no_observed,3,0,3,1,1,0,0
hokkaido_site_a346ef3f226e,新旭川変電所,hokkaido,w178758288,partial,1,1,2,0,1,4,7,0,0,8,0,,,no_observed,6,0,10,3,0,0,0
hokkaido_site_a3a63547706b,西一条十二丁目変電所,hokkaido,w531176245,layout_only,0,0,0,0,0,0,0,0,0,2,0,,,no_observed,0,1,0,0,0,0,0
hokkaido_site_a3cbb1459c78,上川町変電所_2,hokkaido,w660343440,none,1,0,1,0,0,0,2,0,0,0,0,,,no_observed,2,0,6,0,0,0,0
hokkaido_site_a3fd82e37a5f,沼ノ端変電所,hokkaido,w1393581466,lines_only,1,1,0,0,0,0,0,0,0,0,0,,,no_observed,0,1,1,0,1,0,0
hokkaido_site_a42321eeffa9,明野変電所,hokkaido,w1394924968,none,0,0,0,0,0,0,0,0,0,0,0,,,no_observed,0,0,0,0,0,0,0
hokkaido_site_a4b1ce341b9a,西浜町一丁目変電所,hokkaido,r19947393,partial,1,1,1,0,1,1,4,0,0,2,0,,,no_observed,4,0,6,2,0,0,0
hokkaido_site_a53eea9c4482,山部変電所,hokkaido,w529730851,partial,1,1,1,0,1,1,2,0,0,1,0,,,no_observed,2,0,0,2,0,4,0
hokkaido_site_a59c51e86e7b,古川町変電所,hokkaido,w565881201,layout_only,2,0,0,0,0,0,0,0,1,1,0,250/33,,no_observed,0,1,15,0,0,0,0
hokkaido_site_a76ec54b2fcd,南富良野町変電所,hokkaido,w625054526,partial,1,1,1,0,1,1,1,0,0,2,0,,,no_observed,1,0,0,1,0,0,0
hokkaido_site_a7d289e964f0,弟子屈変電所,hokkaido,w186044116,layout_only,1,1,0,1,0,0,0,0,0,1,0,,,no_observed,0,2,0,0,0,2,0
hokkaido_site_a864052312b0,別保変電所,hokkaido,w186044118,partial,2,2,2,0,1,2,8,0,1,2,0,66/6,,no_observed,6,0,9,3,0,0,0
hokkaido_site_a96603220e1a,銭亀沢変電所,hokkaido,w243681236,partial,2,2,0,0,0,0,0,0,1,1,0,66/33,,no_observed,0,2,7,1,1,0,0
hokkaido_site_a9cd321548cc,浜頓別開閉所,hokkaido,w1528873951,partial,1,1,0,1,0,0,0,1,0,0,0,,,no_observed,0,2,0,2,0,3,2
hokkaido_site_a9d6bfa2a9d0,日東変電所,hokkaido,w256131727,lines_only,1,1,0,0,0,0,0,0,0,0,0,,,no_observed,0,1,2,0,1,0,0
hokkaido_site_aa9ca5070387,えりも変電所,hokkaido,w464306938,partial,1,1,0,0,0,0,1,0,0,1,0,,,no_observed,1,0,0,1,0,0,0
hokkaido_site_aac7e2a86854,西小樽変電所,hokkaido,w190025438,partial,2,2,0,2,0,0,0,0,1,4,3,187/66,187/66,same,0,56,19,7,0,0,0
hokkaido_site_ab102096d071,苫小牧市変電所_9,hokkaido,w1477837542,conductors_only,1,1,0,2,0,0,4,0,0,0,0,,,no_observed,4,5,2,1,0,0,0
hokkaido_site_ab67822b9f79,篠路町拓北変電所,hokkaido,w179863093,none,0,0,0,0,0,0,0,0,0,0,0,,,no_observed,0,0,0,0,0,0,0
hokkaido_site_abedee9bedc8,北豊富変電所,hokkaido,w1457423291,partial,2,3,4,0,4,4,14,0,1,5,5,187/66,187/66;187/12,contradicts,6,0,3,4,0,0,0
hokkaido_site_ad2ff8aa377c,千歳市変電所_4,hokkaido,w1478508745,partial,1,1,0,1,0,0,0,0,0,1,0,,,no_observed,0,4,1,2,0,0,0
hokkaido_site_ad3f30c07bac,美唄市変電所,hokkaido,w200234666,lines_only,1,1,0,0,0,0,0,0,0,0,0,,,no_observed,0,1,0,0,1,0,0
hokkaido_site_add3072dcae1,上ノ国町変電所,hokkaido,w1470221040,partial,0,1,1,0,1,1,1,0,0,1,0,,,no_observed,1,0,0,1,0,0,0
hokkaido_site_ae4686f38f8e,愛別変電所,hokkaido,w625052917,lines_only,2,2,0,1,0,0,0,0,1,0,0,110/6,,no_observed,0,2,4,0,2,0,0
hokkaido_site_aeb745376e90,五稜郭開閉所,hokkaido,w435639256,conductors_only,2,1,1,1,0,0,7,0,1,0,0,66/20,,no_observed,2,11,0,2,1,0,0
hokkaido_site_af6ac40674ae,曲渕変電所,hokkaido,w1467909518,partial,2,2,0,0,0,0,1,1,1,1,1,33/6,33/6,same,1,0,0,1,0,0,0
hokkaido_site_afd058817610,幌満変電所,hokkaido,w1390221368,partial,2,2,0,1,0,0,2,0,1,1,0,66/33,,no_observed,2,2,7,3,2,0,0
hokkaido_site_b11fa3259fe4,宇円別変電所,hokkaido,w183582761,partial,2,2,4,0,2,4,26,10,1,4,3,187/66,187/66,same,15,12,16,10,0,0,2
hokkaido_site_b12cddfc9345,大通三丁目変電所,hokkaido,w464544245,layout_only,1,0,0,0,0,0,0,0,0,1,0,,,no_observed,0,1,5,0,0,0,0
hokkaido_site_b26555c0cec0,知内町変電所,hokkaido,w1470207107,lines_only,1,1,1,0,0,0,2,0,0,0,0,,,no_observed,2,1,1,0,1,0,0
hokkaido_site_b356cf5f27c3,音羽町一丁目変電所,hokkaido,w557156024,none,0,0,0,0,0,0,0,0,0,0,0,,,no_observed,0,0,0,0,0,0,0
hokkaido_site_b5474c08a321,旭町四丁目変電所,hokkaido,w256262092,partial,2,2,1,0,1,1,6,0,1,3,1,66/22,66/22,same,5,3,4,4,0,0,0
hokkaido_site_b55963473853,苫小牧市変電所,hokkaido,w255384194,lines_only,2,1,0,1,0,0,1,0,1,0,0,187/66,,no_observed,1,2,5,0,2,0,0
hokkaido_site_b68a7c0f5f59,咲来変電所,hokkaido,w1531328049,partial,2,2,1,0,2,6,6,3,1,1,1,100/6,100/6,same,12,0,14,2,0,0,0
hokkaido_site_b6e036337755,滝の上変電所,hokkaido,w1469970798,partial,1,1,0,0,0,0,1,0,0,1,0,,,no_observed,1,0,0,1,0,0,0
hokkaido_site_b7c5a7e86688,熊石泉岱町変電所,hokkaido,w625061011,partial,1,1,1,0,1,1,1,0,0,1,0,,,no_observed,2,0,0,2,0,0,0
hokkaido_site_b8a17a6a9bad,学田変電所,hokkaido,w904431902,partial,1,1,1,0,1,1,2,0,0,1,0,,,no_observed,2,0,3,1,0,0,0
hokkaido_site_b8f49703052d,松前変電所,hokkaido,w801833262,partial,1,1,1,0,1,1,2,0,0,1,0,,,no_observed,2,0,3,2,0,0,0
hokkaido_site_b8f8b3e32944,北桧山変電所,hokkaido,w625062765,partial,1,1,1,0,1,1,2,0,0,2,0,,,no_observed,2,0,0,2,0,4,0
hokkaido_site_b9842b121962,北江別変電所,hokkaido,w618767841,partial,2,2,10,0,5,8,35,0,1,8,0,187/66,,no_observed,10,9,33,7,0,0,0
hokkaido_site_b9cc84c7fdfb,白老変電所,hokkaido,w947109464,partial,1,1,1,0,1,1,2,0,0,2,0,,,no_observed,2,0,3,2,0,0,0
hokkaido_site_ba16a6a74c22,本別町変電所,hokkaido,w184013414,partial,1,2,0,1,0,0,1,0,0,1,0,,,no_observed,2,0,2,1,1,0,2
hokkaido_site_bb3449e0cce0,中の島1条1変電所,hokkaido,w385253920,none,0,0,0,0,0,0,0,0,0,0,0,,,no_observed,0,0,0,0,0,0,0
hokkaido_site_bb543a7cb819,天塩開閉所,hokkaido,w1528711216,lines_only,1,1,0,0,0,0,0,0,0,0,0,,,no_observed,0,1,2,0,0,3,0
hokkaido_site_bb58bcd5a5ab,南18条西11丁目変電所,hokkaido,w383471009,none,0,0,0,0,0,0,0,0,0,0,0,,,no_observed,0,0,0,0,0,0,0
hokkaido_site_bc479c8401a5,平岸3条18変電所_2,hokkaido,w408497737,lines_only,1,1,0,1,0,0,0,0,0,0,0,,,no_observed,0,2,13,0,2,0,0
hokkaido_site_bce5ccdca9dc,夕張変電所,hokkaido,w853576272,partial,1,1,1,0,1,1,2,0,0,2,0,,,no_observed,2,0,0,2,0,0,0
hokkaido_site_bd0a8f0b5d34,東釧路変電所 (Higashi-Kushiro Hendensho),hokkaido,w186044120,partial,2,2,4,0,2,4,19,0,1,4,3,187/66,187/66,same,10,3,11,5,0,0,0
hokkaido_site_bdf78b7bbd4c,中士幌変電所,hokkaido,w549767382,partial,1,1,1,0,1,1,2,0,0,1,0,,,no_observed,2,0,4,1,0,0,0
hokkaido_site_be4b4d011f4c,電源開発株式会社北地域制御所,hokkaido,w262597732,conductors_only,3,1,6,1,2,5,22,0,2,0,0,250/187;187/66,,no_observed,13,2,25,2,0,0,0
hokkaido_site_bfee77e64be0,本桐変電所,hokkaido,w626063808,partial,1,1,0,1,0,0,1,0,0,1,0,,,no_observed,2,0,0,2,0,0,0
hokkaido_site_c089cda1cbfe,色内変電所,hokkaido,w561932717,none,0,0,0,0,0,0,0,0,0,0,0,,,no_observed,0,0,0,0,0,0,0
hokkaido_site_c0947a27a9f8,弥生藤枝町変電所,hokkaido,w256482773,none,1,0,0,0,0,0,0,0,0,0,0,,,no_observed,0,0,1,0,0,0,0
hokkaido_site_c09d58d97d7f,大平変電所,hokkaido,w1235618823,none,0,0,0,0,0,0,0,0,0,0,0,,,no_observed,0,0,0,0,0,0,0
hokkaido_site_c0e59e7cdfa3,興部変電所,hokkaido,w459850703,mapped,2,2,2,0,2,2,5,0,1,1,1,66/22,66/22,same,4,0,3,3,0,0,0
hokkaido_site_c0eddac0fcea,登別青葉変電所,hokkaido,w1077473299,partial,1,1,1,0,1,1,2,0,0,1,0,,,no_observed,2,0,3,2,0,0,0
hokkaido_site_c1a7fbcfcae0,柏木変電所,hokkaido,w1524839198,lines_only,2,2,0,0,0,0,0,0,1,0,0,66/6,,no_observed,0,1,0,0,1,0,0
hokkaido_site_c2128e1b90da,東十二号南変電所,hokkaido,w618492952,mapped,2,2,3,0,1,5,5,0,1,1,1,66/33,66/33,same,5,0,8,5,0,0,2
hokkaido_site_c22b555b4d2c,釧路市変電所_2,hokkaido,w1480625869,partial,1,1,0,0,0,0,1,0,0,1,0,,,no_observed,1,0,0,1,0,0,0
hokkaido_site_c259107ae94f,足寄変電所 (Ashoro Hendensho),hokkaido,w178131358,mapped,3,3,2,2,1,2,7,0,2,3,3,187/66;66/33,187/66;66/33,same,8,17,11,8,0,0,0
hokkaido_site_c31f7ca7fffb,泊変電所,hokkaido,w640607782,mapped,2,1,2,0,1,2,5,0,1,1,1,275/66,,no_observed,12,0,19,12,0,0,0
hokkaido_site_c39b51bac996,茨戸変電所,hokkaido,w179863071,partial,1,1,0,1,0,0,0,0,0,2,0,,,no_observed,0,2,4,1,0,0,0
hokkaido_site_c44b1c87bbd9,苫小牧市変電所_2,hokkaido,w257221202,partial,1,1,2,0,1,2,2,0,0,1,0,,,no_observed,2,0,3,2,0,0,0
hokkaido_site_c4d499ad1f79,北海道電力　湯の里変電所,hokkaido,w738417897,partial,1,1,1,0,1,1,2,0,0,1,0,,,no_observed,2,0,2,2,0,0,0
hokkaido_site_c4d79be6f681,末広変電所,hokkaido,w435417359,lines_only,2,2,0,0,0,0,0,0,1,0,0,66/6,,no_observed,0,1,3,0,1,0,0
hokkaido_site_c6b397a0d926,苫小牧市変電所_7,hokkaido,w1477837534,partial,1,1,0,1,0,0,3,0,0,2,0,,,no_observed,3,0,5,1,0,0,0
hokkaido_site_c728e96a31d3,大畑変電所,hokkaido,w715798237,mapped,1,1,1,0,1,1,2,0,0,2,2,,,no_observed,2,0,3,2,0,0,0
hokkaido_site_c7593aa86d11,泉町一丁目変電所,hokkaido,w528416086,partial,1,1,1,0,1,1,2,0,0,2,0,,,no_observed,2,0,6,2,0,0,0
hokkaido_site_c969ec010332,静内変電所,hokkaido,w624384626,partial,2,2,1,1,1,1,3,0,1,3,0,66/33,,no_observed,2,6,0,0,1,2,2
hokkaido_site_ca59d8986ddd,上興部変電所,hokkaido,w1469970789,partial,1,1,0,1,0,0,1,0,0,1,0,,,no_observed,2,0,0,2,0,0,0
hokkaido_site_ca9f88e7a02b,長万部変電所,hokkaido,w625066201,conductors_only,1,1,0,1,0,0,1,0,0,0,0,,,no_observed,2,0,4,3,0,0,0
hokkaido_site_cad44e295046,光洋町一丁目変電所,hokkaido,w185162309,partial,1,1,1,0,1,1,2,0,0,3,0,,,no_observed,2,0,3,2,0,0,0
hokkaido_site_caf0c6d94af3,文光町変電所_2,hokkaido,w914731283,lines_only,1,1,1,0,0,0,3,0,0,0,0,,,no_observed,3,1,6,0,1,0,0
hokkaido_site_cb7dd6d6704b,弁天町五丁目変電所,hokkaido,w543122558,layout_only,0,0,0,0,0,0,0,0,0,1,0,,,no_observed,0,1,0,0,0,0,0
hokkaido_site_cbde84162eec,北斗変換所,hokkaido,w801582512,conductors_only,2,2,0,1,0,0,2,0,1,0,0,275/250,,no_observed,5,0,8,4,0,0,0
hokkaido_site_cc17f2e96af0,今金変電所,hokkaido,w625062763,partial,1,1,1,0,1,1,2,0,0,1,0,,,no_observed,3,0,5,1,0,0,0
hokkaido_site_ccc1808f34d8,久保内変電所,hokkaido,w1473274677,partial,1,1,1,0,1,1,1,0,0,1,0,,,no_observed,1,0,0,1,0,0,0
hokkaido_site_cd7b8f9bc184,以久科北変電所,hokkaido,w474409076,partial,2,2,1,1,1,1,6,0,1,4,0,66/33,,no_observed,4,0,4,3,0,2,0
hokkaido_site_ce76854ae86a,恵庭変電所,hokkaido,w179882298,mapped,2,2,4,0,3,4,9,0,1,2,2,187/66,187/66,same,6,0,10,8,0,0,2
hokkaido_site_cefd8d528c6d,清水変電所,hokkaido,w550159502,partial,2,2,2,0,2,2,6,0,1,6,0,66/22,,no_observed,3,0,8,2,0,0,0
hokkaido_site_cf4cab72cded,桜ヶ岡変電所,hokkaido,w1480625864,conductors_only,1,1,0,1,0,0,0,0,0,0,0,,,no_observed,0,5,0,1,0,0,0
hokkaido_site_cf8d65e7c6e6,東静内変電所,hokkaido,w626063804,partial,1,1,0,1,0,0,1,0,0,1,0,,,no_observed,2,0,0,2,0,0,0
hokkaido_site_d02e84c740a6,Ōno Substation,hokkaido,w254271516,mapped,3,3,4,1,2,8,24,0,2,5,5,275/187;187/66,275/187;187/66,same,12,12,6,7,0,0,0
hokkaido_site_d0d0f677abc9,羽幌変電所,hokkaido,w186153190,partial,1,1,1,0,1,1,2,0,0,2,0,,,no_observed,2,0,0,2,0,0,2
hokkaido_site_d13d113d2cc6,小樽変電所,hokkaido,w632017803,partial,1,1,2,0,1,2,4,0,0,4,0,,,no_observed,4,0,6,2,0,0,0
hokkaido_site_d193650a80ff,当別五丁目変電所,hokkaido,w617982091,layout_only,1,1,0,0,0,0,0,0,0,1,0,,,no_observed,0,1,0,0,1,0,2
hokkaido_site_d1aba0436d43,厚賀変電所,hokkaido,w675288693,partial,1,1,1,0,1,1,2,0,0,1,0,,,no_observed,2,0,0,2,0,0,0
hokkaido_site_d1b226c1b31a,清水川変電所,hokkaido,w633397597,partial,1,1,1,0,1,1,2,0,0,2,0,,,no_observed,2,3,0,1,0,0,0
hokkaido_site_d1d882c4ce03,阿寒町ワツカタンネナイ変電所,hokkaido,w172210560,lines_only,1,1,0,0,0,0,0,0,0,0,0,,,no_observed,0,1,1,0,1,3,0
hokkaido_site_d1ec46dc13be,下津別発電所,hokkaido,w595875228,layout_only,1,1,0,0,0,0,0,0,0,1,0,,,no_observed,0,1,3,0,1,0,0
hokkaido_site_d1f1e3d7119d,美流渡変電所,hokkaido,w1489693950,partial,1,1,0,0,0,0,1,0,0,1,0,,,no_observed,1,0,0,1,0,0,2
hokkaido_site_d21a5dd01cfa,壮瞥変電所,hokkaido,w725751897,partial,1,1,0,1,0,0,0,0,0,2,0,,,no_observed,0,7,2,1,0,0,0
hokkaido_site_d22625316811,東川変電所,hokkaido,w448514005,partial,1,1,1,0,1,1,2,0,0,2,0,,,no_observed,2,0,3,2,0,0,0
hokkaido_site_d2ac5895f659,南町八条二丁目変電所,hokkaido,w1117871000,none,0,0,0,0,0,0,0,0,0,0,0,,,no_observed,0,0,0,0,0,0,0
hokkaido_site_d2f0ae7fc2ce,函館どつく　中央変電所,hokkaido,w1450655603,none,1,0,0,0,0,0,0,0,0,0,0,,,no_observed,0,0,1,0,0,0,0
hokkaido_site_d417609d8e94,厚沢部変電所,hokkaido,w253331883,partial,1,1,1,0,1,1,2,0,0,1,0,,,no_observed,2,4,0,2,0,0,0
hokkaido_site_d425a34e4b21,岩内変電所,hokkaido,w624716262,partial,1,1,1,0,1,1,2,0,0,3,0,,,no_observed,2,0,3,1,0,0,0
hokkaido_site_d4b72f129430,顧客接続変電所,hokkaido,w1479836285,conductors_only,1,1,0,1,0,0,0,0,0,0,0,,,no_observed,0,5,0,1,0,0,0
hokkaido_site_d50bf34ffe58,倶知安変電所,hokkaido,w640644104,partial,1,1,1,0,1,1,2,0,0,3,0,,,no_observed,2,0,3,2,0,0,0
hokkaido_site_d549d3fcd727,戸井変電所,hokkaido,w565881207,partial,1,1,1,0,1,1,1,0,0,1,0,,,no_observed,2,0,0,2,0,0,0
hokkaido_site_d656616c306b,阿寒町上徹別四十三線変電所,hokkaido,w171860239,lines_only,1,1,0,1,0,0,0,0,0,0,0,,,no_observed,0,2,0,0,2,0,0
hokkaido_site_d68dce472db1,北広島変電所,hokkaido,w256412760,conductors_only,1,1,0,0,0,0,0,0,0,0,0,,,no_observed,0,1,2,1,0,0,0
hokkaido_site_d767bb571923,阿寒町飽別五十三線変電所,hokkaido,w171860241,lines_only,1,1,0,1,0,0,0,0,0,0,0,,,no_observed,0,2,0,0,2,0,0
hokkaido_site_d87a841b8635,南札幌変電所,hokkaido,r12927262,partial,2,2,6,0,4,6,23,0,1,12,3,187/66,187/66,same,8,0,6,6,0,0,0
hokkaido_site_d9d610c7f696,伊達北黄金 変電所,hokkaido,w1473272765,lines_only,1,1,0,0,0,0,0,0,0,0,0,,,no_observed,0,1,1,0,1,0,0
hokkaido_site_da0c39ec59aa,南郷変電所,hokkaido,w179096172,partial,1,1,1,0,1,1,3,0,0,3,0,,,no_observed,3,0,3,2,0,0,2
hokkaido_site_db0e6942ccdc,新琴似変電所,hokkaido,w429046271,lines_only,2,2,0,0,0,0,0,0,1,0,0,66/6,,no_observed,0,1,0,0,1,0,0
hokkaido_site_db563ea9560f,七飯発電所,hokkaido,w222851764,mapped,2,2,6,1,1,2,22,0,1,3,3,187/66,187/66,same,13,8,42,7,0,0,0
hokkaido_site_db7c4f42324d,歌登変電所,hokkaido,w1531298639,partial,2,2,3,0,1,3,4,9,1,1,1,66/6,66/6,same,6,1,7,2,0,0,0
hokkaido_site_dba0f37866cf,幌延深地層研究センター特高変電所,hokkaido,w1528038842,lines_only,1,1,0,0,0,0,0,0,0,0,0,,,no_observed,0,1,0,0,1,0,0
hokkaido_site_dc619829e6f8,日高町変電所,hokkaido,w414979001,partial,1,1,0,0,0,0,1,0,0,1,0,,,no_observed,1,0,0,1,0,0,0
hokkaido_site_dc6c3cef48c1,羊蹄変電所,hokkaido,w318054542,partial,1,1,1,0,1,1,2,0,0,2,0,,,no_observed,2,0,6,2,0,0,0
hokkaido_site_dcb1462b28b6,東開町三丁目変電所,hokkaido,w1477837530,lines_only,1,1,0,0,0,0,0,0,0,0,0,,,no_observed,0,1,2,0,1,0,2
hokkaido_site_dd247145bbe1,室蘭変電所,hokkaido,w209817378,mapped,2,2,4,0,2,4,10,11,1,3,3,187/66,187/66,same,17,0,22,27,0,0,8
hokkaido_site_dd6e10f72143,釧路市変電所,hokkaido,w1006943369,layout_only,0,0,0,0,0,0,0,0,0,1,0,,,no_observed,0,1,0,0,0,0,0
hokkaido_site_dd9ebfa29135,永山変電所 (Nagayama Hendensho),hokkaido,w178758293,partial,1,1,1,0,1,1,2,0,0,2,0,,,no_observed,2,0,3,1,0,0,0
hokkaido_site_de4da77f6404,東山変電所,hokkaido,w1524845258,lines_only,2,2,0,0,0,0,0,0,1,0,0,66/6,,no_observed,0,1,0,0,1,0,0
hokkaido_site_df6f54a7090b,美園町六丁目変電所,hokkaido,w641356748,lines_only,2,1,4,0,0,0,10,0,1,0,0,187/66,,no_observed,17,3,13,0,3,0,0
hokkaido_site_df8a3911fe12,岩清水変電所,hokkaido,w414978992,layout_only,1,1,0,0,0,0,0,0,0,1,0,,,no_observed,0,1,0,0,1,0,0
hokkaido_site_e009f15eef36,本別町 (Honbetsu),hokkaido,w184013413,lines_only,1,1,0,0,0,0,0,0,0,0,0,,,no_observed,0,1,3,0,1,0,0
hokkaido_site_e0154e5fa446,幌加内町変電所,hokkaido,w1467914296,layout_only,2,2,0,1,0,0,0,0,1,2,0,66/33,,no_observed,0,3,4,0,2,0,4
hokkaido_site_e03e21a67318,東藻琴西倉変電所,hokkaido,w488490421,layout_only,0,0,0,0,0,0,0,0,0,1,0,,,no_observed,0,1,0,0,0,0,0
hokkaido_site_e08a70f82d94,蘭越変電所,hokkaido,w1472866507,partial,1,1,1,0,1,1,1,0,0,2,0,,,no_observed,1,0,0,1,0,0,0
hokkaido_site_e0d1d178b501,JR北海道 新函館変電所,hokkaido,w617661624,mapped,2,2,0,1,0,0,3,0,1,2,2,187/25,187/25,same,2,0,3,1,0,0,0
hokkaido_site_e102d5c8146f,新ひだか町変電所_2,hokkaido,w414979003,mapped,2,2,2,0,1,1,4,0,1,2,2,187/66,,no_observed,5,2,3,1,2,0,0
hokkaido_site_e1dc54387e14,鹿越変電所,hokkaido,w625055645,partial,1,1,0,0,0,0,1,0,0,1,0,,,no_observed,1,0,0,1,0,0,0
hokkaido_site_e23c35d928ca,富川変電所,hokkaido,w623913635,partial,2,2,1,0,1,1,4,0,1,3,1,66/33,66/33,same,2,2,10,2,0,0,0
hokkaido_site_e2d30ef8c5ee,旭川変電所 (Asahikawa Hendensho),hokkaido,r20107547,partial,2,2,2,0,2,2,6,0,1,8,1,110/66,110/66,same,4,0,17,3,2,0,0
hokkaido_site_e2de5ad7af3e,西音更変電所 (Nishi-Otofuke Hendensho),hokkaido,w177717603,partial,2,2,4,0,2,4,15,0,1,5,3,187/66,187/66,same,7,0,14,3,0,2,0
hokkaido_site_e3545d35c63b,幕別変電所,hokkaido,w559436876,partial,1,1,1,0,1,1,1,0,0,2,0,,,no_observed,1,0,0,1,0,0,0
hokkaido_site_e38c54a00fca,苫小牧市変電所_4,hokkaido,w1000297293,lines_only,1,1,0,1,0,0,2,0,0,0,0,,,no_observed,2,1,3,0,1,0,0
hokkaido_site_e4374b31edeb,当別変電所 (Tobetsu Hendensho),hokkaido,w255467846,partial,2,2,1,0,1,2,7,0,1,3,1,66/22,66/22,same,3,0,3,2,0,0,2
hokkaido_site_e4d78117aea1,声問開閉所,hokkaido,w1469958169,conductors_only,1,1,0,1,0,0,0,0,0,0,0,,,no_observed,0,2,2,2,0,0,0
hokkaido_site_e5d3dceb6682,南富良野町変電所_2,hokkaido,w625055299,lines_only,1,1,0,1,0,0,0,0,0,0,0,,,no_observed,0,3,0,0,0,5,4
hokkaido_site_e5d9ec54d977,茂尻変電所,hokkaido,w624215699,partial,1,1,1,0,1,2,2,0,0,3,0,,,no_observed,4,3,3,2,0,0,0
hokkaido_site_e65e4b73f027,相内町変電所,hokkaido,w480371624,layout_only,0,0,0,0,0,0,0,0,0,1,0,,,no_observed,0,1,1,0,0,0,0
hokkaido_site_e72f0db447a8,双葉開閉所,hokkaido,w254548831,mapped,2,1,12,0,1,6,60,27,1,0,0,275/187,,no_observed,48,0,35,24,0,0,0
hokkaido_site_e7bc333bb9c5,北野3条5丁目変電所,hokkaido,w1456879409,lines_only,1,1,0,0,0,0,0,0,0,0,0,,,no_observed,0,0,0,0,0,0,2
hokkaido_site_e97adcc04d41,遠軽変電所,hokkaido,w255825228,partial,1,1,2,0,1,2,9,0,0,2,0,,,no_observed,7,0,10,6,0,0,0
hokkaido_site_e9afcab2e789,長都駅前三丁目変電所,hokkaido,w518829084,conductors_only,1,1,0,1,0,0,0,0,0,0,0,,,no_observed,0,2,4,1,0,0,0
hokkaido_site_e9babfdc34fd,Wakkanai Keihoku Substation,hokkaido,w1457423311,conductors_only,1,1,1,0,1,1,2,0,0,0,0,,,no_observed,2,0,1,2,0,0,0
hokkaido_site_ea2c9690e045,元町変電所,hokkaido,w1470207116,conductors_only,2,2,2,0,2,2,6,0,1,0,0,187/66,,no_observed,4,0,6,4,0,0,0
hokkaido_site_eaab8b4047f6,千歳変電所,hokkaido,w256412765,partial,1,1,0,1,0,0,0,0,0,3,0,,,no_observed,0,6,0,1,1,0,0
hokkaido_site_eae8e94179a4,北見変電所,hokkaido,w476057903,partial,1,1,0,1,0,0,1,0,0,3,0,,,no_observed,3,0,4,3,0,0,0
hokkaido_site_eb188b9b74a0,北海道電力　総合研究所,hokkaido,w176450618,partial,2,2,10,0,0,0,35,0,1,2,0,187/66,,no_observed,10,36,6,9,0,0,4
hokkaido_site_eb6cc17c92ca,旭岡一丁目変電所,hokkaido,w178539355,partial,1,1,0,0,0,0,0,0,0,1,0,,,no_observed,0,1,3,0,1,0,0
hokkaido_site_ec4c1ea24eea,森変電所,hokkaido,w1470405852,partial,1,1,1,0,1,1,2,0,0,3,0,,,no_observed,2,0,3,2,0,0,0
hokkaido_site_eccbc3773c88,緑町一丁目変電所,hokkaido,w923069631,none,0,0,0,0,0,0,0,0,0,0,0,,,no_observed,0,0,0,0,0,0,0
hokkaido_site_ee20ba21d3b4,浦河変電所,hokkaido,w623833892,partial,2,2,1,0,1,1,7,0,1,4,0,66/33,,no_observed,3,6,0,2,2,0,2
hokkaido_site_ee3436da8c67,追分二丁目変電所,hokkaido,w616144229,partial,0,1,0,1,0,0,0,0,0,1,0,,,no_observed,0,2,0,0,0,0,2
hokkaido_site_ef68ebcf36a3,早来変電所,hokkaido,w256549578,partial,1,1,2,0,1,2,8,0,0,2,0,,,no_observed,6,0,6,5,0,0,0
hokkaido_site_ef7f6e5322bd,発寒12条13丁目変電所_2,hokkaido,w193973510,conductors_only,1,1,0,0,0,0,0,0,0,0,0,,,no_observed,0,1,6,2,0,0,0
hokkaido_site_efb8e7a6b0eb,若草町一丁目変電所,hokkaido,w223093808,lines_only,1,1,0,0,0,0,0,0,0,0,0,,,no_observed,0,1,0,0,1,0,0
hokkaido_site_efc2b1694e82,苫小牧変電所,hokkaido,w171940156,partial,2,2,3,0,2,8,26,0,1,6,3,187/66,187/66,same,14,6,17,9,0,0,4
hokkaido_site_efd1faad3bc6,東通変電所,hokkaido,w721132863,partial,3,2,1,0,1,1,3,0,2,2,2,154/66;66/6,66/6,partial,3,0,6,3,0,0,0
hokkaido_site_f0603839b40a,寒別変電所,hokkaido,w318054543,partial,1,1,1,0,1,1,2,0,0,3,0,,,no_observed,2,0,0,2,0,0,0
hokkaido_site_f0922ef0952c,大間町変電所_3,hokkaido,w1028554756,lines_only,1,1,0,1,0,0,1,0,0,0,0,,,no_observed,1,6,7,0,6,0,0
hokkaido_site_f13e59552408,丸瀬布西町変電所,hokkaido,w461886164,layout_only,1,1,0,1,0,0,0,0,0,2,0,,,no_observed,0,2,0,0,0,2,2
hokkaido_site_f1de358bbc61,昭和四丁目変電所_2,hokkaido,w435639250,none,2,0,1,1,0,0,7,0,1,0,0,66/20,,no_observed,2,0,11,0,0,0,0
hokkaido_site_f22e5beabcac,湯川変電所,hokkaido,w182201474,partial,1,1,1,0,1,3,2,0,0,2,0,,,no_observed,2,0,7,2,0,0,0
hokkaido_site_f34e8b7b8ef4,紋別変電所,hokkaido,w460757834,partial,1,1,1,0,1,1,5,0,0,4,0,,,no_observed,5,1,5,4,0,0,0
hokkaido_site_f46a4191c53d,江別変電所,hokkaido,w1473252184,partial,2,1,10,0,1,2,35,0,1,3,0,187/66,,no_observed,10,0,42,4,0,0,0
hokkaido_site_f4b1ad0ad150,発寒12条13丁目変電所,hokkaido,w193973509,lines_only,1,1,0,1,0,0,0,0,0,0,0,,,no_observed,0,2,4,0,0,2,0
hokkaido_site_f52a8d3b12ed,浦幌変電所,hokkaido,w1479895870,partial,1,1,1,0,1,1,2,0,0,1,0,,,no_observed,2,0,2,2,0,0,0
hokkaido_site_f56508233c8d,篠路変電所,hokkaido,w179863109,partial,1,1,4,0,2,4,7,0,0,2,0,,,no_observed,4,6,0,2,0,0,2
hokkaido_site_f5b0984fe9bb,美唄変電所,hokkaido,w183466243,conductors_only,2,2,0,1,0,0,0,0,1,0,0,66/6,,no_observed,0,4,6,2,0,0,0
hokkaido_site_f64bafdcebfd,西中川変電所,hokkaido,w1457423290,mapped,2,2,4,0,3,4,10,0,1,2,2,187/100,187/100,same,6,0,3,4,0,0,0
hokkaido_site_f699b3d88095,芦川変電所,hokkaido,w580129589,partial,2,2,1,0,3,3,2,4,1,1,1,33/6,33/6,same,3,0,0,3,0,0,0
hokkaido_site_f7f43d256cfc,右左府変電所,hokkaido,w563143762,partial,1,2,1,0,1,1,2,0,0,4,0,,,no_observed,2,0,0,1,1,0,0
hokkaido_site_f7fa661a8212,虻田変電所,hokkaido,w1456411623,partial,1,1,1,0,0,0,4,0,0,2,0,,,no_observed,4,0,6,4,0,0,0
hokkaido_site_f8bbe45b3ace,西双葉開閉所,hokkaido,w518829081,partial,2,1,12,0,1,12,60,27,1,0,0,275/187,,no_observed,48,0,49,24,0,0,0
hokkaido_site_f8e468f91394,作開開閉器柱,hokkaido,w625066199,conductors_only,1,1,1,0,1,1,0,0,0,0,0,,,no_observed,4,0,5,5,0,0,0
hokkaido_site_f8ed3110c072,長沼変電所 (Naganuma Hendensho),hokkaido,w255467850,partial,1,1,1,0,1,1,2,0,0,2,0,,,no_observed,2,1,5,2,1,0,2
hokkaido_site_f99bd3244af9,浜中変電所,hokkaido,w725909893,partial,1,1,1,0,1,1,2,0,0,2,0,,,no_observed,2,0,0,2,0,0,0
hokkaido_site_f9e08f561cdc,北海道電力,hokkaido,w1531377928,none,0,0,0,0,0,0,0,0,0,0,0,,,no_observed,0,0,0,0,0,0,0
hokkaido_site_fb314436177b,茂辺地変電所,hokkaido,w620910988,none,0,0,0,0,0,0,0,0,0,0,0,,,no_observed,0,0,0,0,0,0,0
hokkaido_site_fb324edc897e,厚岸町変電所,hokkaido,w186044140,conductors_only,1,1,0,0,0,0,0,0,0,0,0,,,no_observed,0,1,1,0,0,0,2
hokkaido_site_fb3f0551b9f6,二の坂町西二丁目変電所,hokkaido,w918375908,partial,1,1,1,0,1,1,2,0,0,2,0,,,no_observed,2,0,5,2,0,0,0
hokkaido_site_fb5c931d3bc0,東岩見沢変電所,hokkaido,w183357854,partial,2,2,0,2,0,0,1,0,1,4,0,66/22,,no_observed,2,3,3,1,1,0,2
hokkaido_site_fbacd85f4d32,港北町四丁目変電所,hokkaido,w641378731,partial,1,1,1,0,1,1,0,0,0,2,0,,,no_observed,0,6,3,1,0,0,0
hokkaido_site_fbe8fc9331f7,厚岸変電所 (Akkeshi Hendensho),hokkaido,w186044122,partial,1,1,1,0,1,1,3,0,0,2,0,,,no_observed,4,0,6,3,0,0,0
hokkaido_site_fd5f288d796b,妹背牛変電所,hokkaido,w729794666,layout_only,0,0,0,0,0,0,0,0,0,1,0,,,no_observed,0,1,0,0,0,0,0
hokkaido_site_fda4fd656fd2,士別市変電所,hokkaido,w620640935,layout_only,0,0,0,0,0,0,0,0,0,1,0,,,no_observed,0,1,0,0,0,0,0
hokkaido_site_fe14374b2f75,稚内変電所,hokkaido,w312882964,partial,2,2,2,0,2,2,4,0,1,2,2,100/6,100/6,same,2,0,1,1,0,0,0
hokkaido_site_fe5fc7da3eaa,江部乙町東十一丁目変電所,hokkaido,w918375912,partial,1,1,1,0,1,1,2,0,0,1,0,,,no_observed,2,4,0,2,0,0,0
hokkaido_site_fe8476ede88c,大麻変電所,hokkaido,w182551910,lines_only,1,1,0,0,0,0,0,0,0,0,0,,,no_observed,0,1,0,0,1,0,0
hokkaido_site_fee5b4b8ab84,西札幌変電所,hokkaido,w179863075,mapped,3,2,4,0,2,4,7,0,2,3,3,275/187;187/66,187/66,partial,12,11,9,3,0,0,4
hokkaido_site_ff6c6f282552,新冠町変電所_2,hokkaido,w623913645,conductors_only,1,1,1,0,1,2,0,0,0,0,0,,,no_observed,3,0,0,3,0,0,0
hokkaido_site_ff9f253b5cda,川西変電所,hokkaido,w178998066,partial,1,1,2,0,1,2,9,0,0,2,0,,,no_observed,6,0,8,2,0,0,0
hokuriku_site_01509dfeb5e8,三ケ変電所,hokuriku,w980553729,lines_only,1,1,0,0,0,0,0,0,0,0,0,,,no_observed,0,1,0,0,1,0,0
hokuriku_site_0183a1fcef51,白川村変電所,hokuriku,w440218169,conductors_only,2,1,0,1,0,0,0,0,1,0,0,275/77,,no_observed,0,10,9,1,5,0,4
hokuriku_site_027c2182b746,金丸変電所,hokuriku,w316207193,partial,2,3,0,1,0,0,1,0,1,3,3,66/6,66/6,same,4,0,8,4,0,0,0
hokuriku_site_0520c6a3653c,箱宮変電所,hokuriku,w316250973,conductors_only,2,3,0,1,0,0,0,0,1,0,0,77/66,,no_observed,0,5,0,0,1,0,0
hokuriku_site_065c77528dfa,蓑輪町変電所,hokuriku,w704115552,none,0,0,0,0,0,0,0,0,0,0,0,,,no_observed,0,0,0,0,0,0,0
hokuriku_site_0707dc9d9ddd,三国町三国東四丁目変電所,hokuriku,w316256344,lines_only,2,2,0,0,0,0,0,0,1,0,0,77/66,,no_observed,0,1,0,0,1,0,0
hokuriku_site_07306f9ef6eb,八尾町滅鬼変電所,hokuriku,w1025730743,lines_only,1,1,0,1,0,0,0,0,0,0,0,,,no_observed,0,2,4,0,2,0,0
hokuriku_site_075e3c1237c5,奥野々変電所,hokuriku,w618344841,layout_only,2,3,0,1,0,0,0,0,1,2,2,275/154,275/154,same,0,4,7,0,4,0,0
hokuriku_site_07c3255057d7,岩内町変電所,hokuriku,w1028271007,lines_only,0,1,0,0,0,0,0,0,0,0,0,,,no_observed,0,0,0,0,0,0,2
hokuriku_site_09343f41e2a0,菰原変電所,hokuriku,w1256747146,partial,2,3,0,1,0,0,1,0,1,3,3,66/6,66/6,same,3,0,0,1,0,0,0
hokuriku_site_0983dae12594,旭ケ丘町変電所,hokuriku,w370376301,none,0,0,0,0,0,0,0,0,0,0,0,,,no_observed,0,0,0,0,0,0,0
hokuriku_site_0a86038b7c5a,富来地頭町変電所,hokuriku,w1239099845,partial,2,3,1,0,1,1,4,2,1,2,2,66/6,66/6,same,2,3,0,1,0,0,0
hokuriku_site_0b3c06658d48,黒部市変電所,hokuriku,w592280144,none,0,0,0,0,0,0,0,0,0,0,0,,,no_observed,0,0,0,0,0,0,0
hokuriku_site_0ed1c6abceb4,平沢変電所,hokuriku,w738559322,lines_only,1,1,0,0,0,0,0,0,0,0,0,,,no_observed,0,1,3,0,1,0,0
hokuriku_site_0fbd0d44428b,二塚変電所,hokuriku,w980531089,lines_only,1,1,2,0,0,0,6,0,0,0,0,,,no_observed,4,1,3,0,1,0,0
hokuriku_site_11dcd1a60c30,稲荷町三丁目変電所,hokuriku,w538740759,none,1,0,0,0,0,0,0,0,0,0,0,,,no_observed,0,0,0,0,0,0,0
hokuriku_site_1241a8a1990f,安曇野市変電所_3,hokuriku,w496248182,lines_only,1,0,0,0,0,0,0,0,0,0,0,,,no_observed,0,1,5,0,0,0,0
hokuriku_site_149666d476ac,池田変電所,hokuriku,w495154380,lines_only,0,0,0,0,0,0,0,0,0,0,0,,,no_observed,0,1,0,0,0,0,0
hokuriku_site_15bb0bc82742,飛驒市変電所,hokuriku,w1239633365,conductors_only,1,1,2,0,1,2,6,0,0,0,0,,,no_observed,4,0,6,3,0,0,0
hokuriku_site_1603bc8ae4d2,東小俣変電所,hokuriku,w1025730659,lines_only,1,1,0,1,0,0,0,0,0,0,0,,,no_observed,0,2,9,0,2,0,0
hokuriku_site_1680885461a0,大町市変電所_3,hokuriku,w492079867,lines_only,0,0,0,1,0,0,0,0,0,0,0,,,no_observed,0,2,0,0,0,0,0
hokuriku_site_1726727ccdf7,福岡変電所,hokuriku,w980565642,lines_only,1,1,0,0,0,0,0,0,0,0,0,,,no_observed,0,1,0,0,1,0,0
hokuriku_site_17e2b2c67c26,最勝講変電所,hokuriku,w315608216,mapped,2,2,4,0,2,4,22,0,1,4,4,154/66,154/66,same,14,9,15,11,0,0,0
hokuriku_site_18de3e4b8521,窪田変電所,hokuriku,w661362128,none,0,0,0,0,0,0,0,0,0,0,0,,,no_observed,0,0,0,0,0,0,0
hokuriku_site_18dfdf405cd9,中滝変電所_2,hokuriku,w967026872,lines_only,1,2,0,0,0,0,0,0,0,0,0,,,no_observed,0,1,18,0,1,0,0
hokuriku_site_196f1bb04bb1,新富山変電所,hokuriku,w524393243,conductors_only,2,2,2,1,2,2,0,0,1,0,0,275/154,,no_observed,0,20,16,3,8,0,0
hokuriku_site_19a3892cb543,加賀変電所,hokuriku,w256682313,partial,3,4,3,1,2,6,18,0,2,5,5,500/275;275/154,500/275;275/154,same,16,0,19,6,0,0,0
hokuriku_site_1aeb3604b4c4,小松変電所,hokuriku,w316250983,conductors_only,2,3,0,1,0,0,0,0,1,0,0,77/6,,no_observed,0,4,6,0,3,0,0
hokuriku_site_1af9219faa6f,春江町為国幸変電所,hokuriku,w315810780,partial,2,3,1,0,1,1,3,2,1,3,3,77/6,77/6,same,2,0,3,2,0,0,0
hokuriku_site_1b9d6299af80,呉羽変電所,hokuriku,w538372202,lines_only,3,3,3,0,0,0,21,0,2,0,0,154/66;66/1,,no_observed,17,2,4,0,2,0,0
hokuriku_site_1be0604da17e,富山変電所,hokuriku,w320536918,partial,2,5,3,0,2,6,21,0,1,4,4,154/66,154/66;66/6,contradicts,17,0,26,5,8,0,2
hokuriku_site_1dff6e1e464d,丹生変電所,hokuriku,w1226195063,lines_only,2,2,0,2,0,0,0,0,1,0,0,154/77,,no_observed,0,8,14,0,8,0,0
hokuriku_site_1e76a8c81d7b,吉原釜屋町変電所,hokuriku,w704229571,none,0,0,0,0,0,0,0,0,0,0,0,,,no_observed,0,0,0,0,0,0,0
hokuriku_site_1f1341cf5a88,米島変電所,hokuriku,w1256060802,lines_only,3,2,0,0,0,0,0,0,2,0,0,154/66;66/6,,no_observed,0,1,8,0,1,0,0
hokuriku_site_1f4dd3b972f3,色浜変電所_2,hokuriku,w1029010255,lines_only,2,2,0,1,0,0,0,0,1,0,0,500/275,,no_observed,0,2,9,0,2,0,0
hokuriku_site_2016da4fb378,庄中変電所,hokuriku,w980529794,lines_only,0,0,0,0,0,0,0,0,0,0,0,,,no_observed,0,1,0,0,0,0,0
hokuriku_site_20f56008d6ee,婦中町蛍川変電所,hokuriku,w1025730713,lines_only,1,1,0,0,0,0,0,0,0,0,0,,,no_observed,0,1,1,0,1,0,0
hokuriku_site_20f65a459dc9,山王町変電所,hokuriku,w256682332,partial,2,3,2,0,1,2,6,0,1,3,3,66/6,66/6,same,4,0,6,4,0,0,0
hokuriku_site_232e35fe0202,大桑村変電所,hokuriku,w1481077489,none,0,0,0,0,0,0,0,0,0,0,0,,,no_observed,0,0,1,0,0,0,0
hokuriku_site_2392633f91ee,下吉江変電所,hokuriku,w1028287118,lines_only,1,1,0,0,0,0,0,0,0,0,0,,,no_observed,0,1,0,0,0,3,6
hokuriku_site_2550c8e3f5ce,小坂町小坂町変電所,hokuriku,w210658643,lines_only,1,1,0,0,0,0,0,0,0,0,0,,,no_observed,0,2,1,0,1,0,0
hokuriku_site_260c9ba280c7,安曇野市変電所_2,hokuriku,w317287910,lines_only,1,1,0,0,0,0,0,0,0,0,0,,,no_observed,0,0,1,0,0,0,2
hokuriku_site_271d3b95594b,北陸電力穴水変電所,hokuriku,w592698966,partial,2,3,2,0,1,2,7,0,1,2,2,66/6,66/6,same,6,3,6,3,0,0,0
hokuriku_site_28d3413ce904,木曽町変電所_3,hokuriku,w1084131630,none,0,0,0,0,0,0,0,0,0,0,0,,,no_observed,0,0,3,0,0,0,0
hokuriku_site_2a5aee999677,西金沢変電所,hokuriku,w316250979,lines_only,2,2,0,1,0,0,0,0,1,0,0,77/6,,no_observed,0,4,6,0,4,0,0
hokuriku_site_2aa71178f642,牛ケ増変電所,hokuriku,w369433298,lines_only,1,1,0,1,0,0,0,0,0,0,0,,,no_observed,0,2,3,0,2,0,0
hokuriku_site_2b0d3ad905dc,越前変電所,hokuriku,w315618377,lines_only,2,4,0,2,0,0,0,0,1,0,0,500/275,,no_observed,0,4,0,0,4,0,0
hokuriku_site_2b2687447bec,福岡町小伊勢領変電所,hokuriku,w642335992,mapped,2,2,5,0,2,4,23,0,1,4,4,154/66,154/66,same,14,20,5,4,0,0,0
hokuriku_site_2c1944373eb2,八乙女変電所,hokuriku,w991943565,none,0,0,0,0,0,0,0,0,0,0,0,,,no_observed,0,0,7,0,0,0,0
hokuriku_site_2c6f932733cc,木曽町変電所_2,hokuriku,w738566971,lines_only,1,1,0,1,0,0,0,0,0,0,0,,,no_observed,0,3,0,0,3,0,0
hokuriku_site_2e015d54af03,中島変電所,hokuriku,w1239788611,lines_only,1,1,0,0,0,0,0,0,0,0,0,,,no_observed,0,1,0,0,1,0,0
hokuriku_site_2e255b921de7,松岡,hokuriku,w188498180,partial,3,3,6,1,2,6,21,8,2,2,2,154/77;77/66,154/77,partial,18,10,18,13,3,0,0
hokuriku_site_3007b5e5960e,朝日町変電所,hokuriku,w598792840,conductors_only,1,1,2,0,1,2,6,0,0,0,0,,,no_observed,6,0,4,3,0,0,0
hokuriku_site_3223eb40cb00,神田町変電所,hokuriku,w697063605,none,0,0,0,0,0,0,0,0,0,0,0,,,no_observed,0,0,0,0,0,0,0
hokuriku_site_32790d568185,三福寺町変電所,hokuriku,w1256864660,lines_only,1,1,0,0,0,0,0,0,0,0,0,,,no_observed,0,0,8,0,0,0,0
hokuriku_site_32c47a8c240f,河内町きりの里変電所,hokuriku,w678800725,lines_only,1,1,0,0,0,0,0,0,0,0,0,,,no_observed,0,1,0,0,1,0,0
hokuriku_site_32f258779232,婦中町東本郷変電所,hokuriku,w1025730708,conductors_only,1,1,0,1,0,0,0,0,0,0,0,,,no_observed,0,5,22,1,0,0,0
hokuriku_site_33c5c2b6f885,三岳変電所,hokuriku,w210658651,lines_only,1,1,0,0,0,0,0,0,0,0,0,,,no_observed,0,1,0,0,0,0,0
hokuriku_site_35999ce5616b,柳原変電所,hokuriku,w980933472,lines_only,0,0,0,0,0,0,0,0,0,0,0,,,no_observed,0,1,1,0,0,0,0
hokuriku_site_36daeee9ee0e,南富山変電所,hokuriku,w1280953629,conductors_only,2,2,0,1,0,0,0,0,1,0,0,66/6,,no_observed,0,2,3,1,0,0,0
hokuriku_site_36f6f6af2828,片山津変電所,hokuriku,w316256348,conductors_only,2,3,0,0,0,0,1,0,1,0,0,77/66,,no_observed,1,0,0,0,1,0,0
hokuriku_site_371cd8cca3f9,松川村変電所,hokuriku,w492962556,lines_only,0,1,0,1,0,0,0,0,0,0,0,,,no_observed,0,2,1,0,0,0,2
hokuriku_site_380d67f63aaa,大野市変電所,hokuriku,w1136534572,none,0,0,0,1,0,0,0,0,0,0,0,,,no_observed,0,2,0,0,0,0,0
hokuriku_site_3a613b8ccbe7,荒土町松ヶ崎変電所,hokuriku,w1364020582,lines_only,0,0,0,0,0,0,0,0,0,0,0,,,no_observed,0,1,0,0,0,0,0
hokuriku_site_3a679ce54338,大町市変電所_8,hokuriku,w685201439,conductors_only,0,0,0,1,0,0,0,0,0,0,0,,,no_observed,0,2,0,0,0,0,0
hokuriku_site_3a892d03b454,城端変電所,hokuriku,w256682325,lines_only,0,0,0,0,0,0,0,0,0,0,0,,,no_observed,0,1,0,0,0,0,0
hokuriku_site_3acb42f4bc4e,門前町田村変電所_2,hokuriku,w1238881193,partial,2,3,1,0,1,1,2,0,1,2,2,66/6,66/6,same,2,0,5,2,0,0,0
hokuriku_site_3ae156f138d8,新小松変電所,hokuriku,w316250984,conductors_only,3,5,0,3,0,0,0,0,2,0,0,154/77;77/66,,no_observed,0,10,8,0,6,0,2
hokuriku_site_3f589af327a4,万葉線株式会社 米島変電所,hokuriku,w537848205,none,2,0,0,0,0,0,0,0,1,0,0,154/66,,no_observed,0,0,8,0,0,0,0
hokuriku_site_40a1eed6dbab,和倉変電所,hokuriku,w1238881150,partial,2,3,1,0,1,1,2,0,1,2,2,66/6,66/6,same,2,3,0,1,0,0,0
hokuriku_site_41f29dd1029a,河井町変電所,hokuriku,w1237094393,partial,2,3,1,0,1,1,2,0,1,2,2,66/6,66/6,same,2,0,3,1,0,0,0
hokuriku_site_447af821d323,松本市変電所_5,hokuriku,w787215728,none,1,0,0,0,0,0,0,0,0,0,0,,,no_observed,0,0,0,0,0,0,0
hokuriku_site_450a821dd193,神明変電所,hokuriku,w1226209880,lines_only,2,2,0,1,0,0,0,0,1,0,0,77/6,,no_observed,0,2,3,0,2,0,0
hokuriku_site_4513d9d96d53,宇奈月町栃屋変電所,hokuriku,w591381880,none,1,0,0,1,0,0,0,0,0,0,0,,,no_observed,0,2,2,0,0,0,0
hokuriku_site_45fe50465f19,木曽町変電所,hokuriku,w210658648,none,0,0,0,0,0,0,0,0,0,0,0,,,no_observed,0,0,0,0,0,0,0
hokuriku_site_47236827c554,糸魚川市変電所_2,hokuriku,w525121786,lines_only,1,0,0,0,0,0,0,0,0,0,0,,,no_observed,0,1,3,0,0,0,0
hokuriku_site_48da9a71e9e5,市場変電所,hokuriku,n5291088354,none,0,0,0,0,0,0,0,0,0,0,0,,,no_observed,0,0,0,0,0,0,0
hokuriku_site_4952b75122b3,笠島変電所,hokuriku,w1256591905,conductors_only,1,1,0,1,0,0,0,0,0,0,0,,,no_observed,0,2,6,1,0,0,0
hokuriku_site_4a02e2b58add,鶴来変電所,hokuriku,w316207198,partial,2,3,2,0,1,2,6,0,1,2,2,77/6,77/6,same,6,0,15,3,0,0,0
hokuriku_site_4dce2f19b539,福岡町一歩二歩変電所,hokuriku,w642336641,none,2,0,4,0,0,0,20,0,1,0,0,154/66,,no_observed,12,0,0,0,0,0,0
hokuriku_site_4e59ac592e71,友江変電所,hokuriku,w1017748053,none,0,0,0,0,0,0,0,0,0,0,0,,,no_observed,0,0,3,0,0,0,0
hokuriku_site_4f80a483fca0,東川原町変電所,hokuriku,w1238881105,partial,2,3,2,0,1,2,3,0,1,3,3,66/6,66/6,same,2,0,3,2,0,0,0
hokuriku_site_511e454b3416,大町市変電所_7,hokuriku,w492451842,lines_only,0,0,0,0,0,0,0,0,0,0,0,,,no_observed,0,1,0,0,0,0,0
hokuriku_site_5256ce18f734,西大沢変電所,hokuriku,w628041817,lines_only,2,1,0,1,0,0,0,0,1,0,0,154/66,,no_observed,0,2,30,0,2,0,0
hokuriku_site_5283d0281e62,伏木変電所,hokuriku,w537843404,mapped,2,4,2,0,2,13,10,0,1,3,3,154/66,154/66,same,12,17,9,3,4,0,4
hokuriku_site_533f30caa9f1,大田町変電所,hokuriku,w1239099872,none,1,0,0,1,0,0,0,0,0,0,0,,,no_observed,0,2,3,0,0,0,0
hokuriku_site_546a507448e6,牛ノ谷変電所,hokuriku,w702984049,none,0,0,0,0,0,0,0,0,0,0,0,,,no_observed,0,0,0,0,0,0,0
hokuriku_site_568657cbc779,婦中町新屋変電所,hokuriku,w1025730738,conductors_only,2,1,0,1,0,0,0,0,1,0,0,275/66,,no_observed,0,6,12,3,0,0,0
hokuriku_site_5726d77a3d87,松本市変電所_3,hokuriku,w464144580,lines_only,1,1,0,0,0,0,0,0,0,0,0,,,no_observed,0,2,7,0,1,0,2
hokuriku_site_579e6efa93c3,金津変電所,hokuriku,w316250953,lines_only,1,1,0,1,0,0,0,0,0,0,0,,,no_observed,0,3,7,0,3,0,2
hokuriku_site_582c2b4f2552,北笹津変電所,hokuriku,w549124637,conductors_only,2,4,0,2,0,0,0,0,1,0,0,154/66,,no_observed,0,35,15,4,2,0,2
hokuriku_site_595086673803,東中変電所,hokuriku,w1218073658,lines_only,0,0,0,0,0,0,0,0,0,0,0,,,no_observed,0,0,0,0,0,0,0
hokuriku_site_5a1faa424bab,城変電所,hokuriku,w1028287111,conductors_only,2,1,2,0,1,1,1,0,1,0,0,275/154,,no_observed,3,0,3,1,0,0,0
hokuriku_site_5b747f229261,七尾変電所,hokuriku,w933991765,partial,3,3,0,1,0,0,1,0,2,3,3,66/6;6/1,66/6,partial,3,1,8,2,1,4,0
hokuriku_site_5c2b523a18a5,浅野町変電所,hokuriku,w208275983,partial,1,2,1,0,1,5,4,0,0,3,3,,77/6,contradicts,4,3,0,1,0,0,0
hokuriku_site_5cf2a1d57a2b,増泉一丁目変電所,hokuriku,w316207191,lines_only,1,1,0,0,0,0,0,0,0,0,0,,,no_observed,0,1,0,0,1,0,0
hokuriku_site_5d88b0666e87,麦生変電所,hokuriku,w1243188388,partial,3,4,2,0,2,2,5,0,2,3,3,77/66;66/6,77/66;66/6,same,4,3,3,2,0,0,0
hokuriku_site_60169bb6cd81,色浜変電所,hokuriku,w944029864,lines_only,2,1,0,1,0,0,0,0,1,0,0,500/275,,no_observed,0,2,9,0,2,0,0
hokuriku_site_63967ae3fb0f,大門変電所,hokuriku,w1389986607,lines_only,2,1,0,0,0,0,0,0,1,0,0,154/66,,no_observed,0,1,11,0,1,0,0
hokuriku_site_6416b057aa46,花乃杜四丁目変電所_2,hokuriku,w1254271277,none,0,0,0,0,0,0,0,0,0,0,0,,,no_observed,0,0,1,0,0,0,0
hokuriku_site_64d90e410bee,大浦変電所,hokuriku,w324055349,none,0,0,0,0,0,0,0,0,0,0,0,,,no_observed,0,0,1,0,0,0,0
hokuriku_site_657a141b35b2,北新変電所,hokuriku,w526011012,none,1,0,0,0,0,0,0,0,0,0,0,,,no_observed,0,0,0,0,0,0,0
hokuriku_site_667212512914,朝日町変電所_2,hokuriku,w598792843,conductors_only,1,1,2,0,0,0,6,0,0,0,0,,,no_observed,6,0,4,3,0,0,0
hokuriku_site_6737faddd43a,寺津変電所,hokuriku,w1239633369,conductors_only,1,1,0,1,0,0,1,0,0,0,0,,,no_observed,3,0,4,2,0,0,0
hokuriku_site_679c889ceb51,花堂変電所,hokuriku,n11413621117,none,0,0,0,0,0,0,0,0,0,0,0,,,no_observed,0,0,0,0,0,0,0
hokuriku_site_68a10f1058ad,長江変電所,hokuriku,w1025730626,lines_only,1,1,0,1,0,0,0,0,0,0,0,,,no_observed,0,6,11,0,6,0,0
hokuriku_site_6ae3dd161ca6,二上新変電所,hokuriku,w980547569,lines_only,1,1,0,0,0,0,0,0,0,0,0,,,no_observed,0,2,4,0,1,0,2
hokuriku_site_6b8ff5f6e317,高内変電所_2,hokuriku,w628041821,conductors_only,1,2,0,0,0,0,0,0,0,0,0,,,no_observed,0,1,19,0,0,2,0
hokuriku_site_6bcf1de0d0e4,新愛本変電所,hokuriku,w320536909,mapped,2,2,2,2,1,2,8,0,1,1,1,275/154,275/154,same,9,8,12,6,0,0,2
hokuriku_site_6d0c45c72425,松本市変電所_3,hokuriku,w738559324,lines_only,1,1,0,1,0,0,0,0,0,0,0,,,no_observed,0,3,6,0,2,0,0
hokuriku_site_6d48a52d8bb1,八尾町福島七丁目変電所,hokuriku,w369346489,conductors_only,1,1,0,1,0,0,0,0,0,0,0,,,no_observed,0,2,3,1,0,0,0
hokuriku_site_6d566e8e7a44,大成町変電所,hokuriku,w316207192,none,1,0,0,0,0,0,0,0,0,0,0,,,no_observed,0,0,1,0,0,0,0
hokuriku_site_6dd0b7b8439f,高山市変電所,hokuriku,w1040082960,mapped,1,1,1,0,1,1,2,0,0,2,2,,,no_observed,2,0,3,1,0,0,0
hokuriku_site_6e41bc86c269,七尾変電所,hokuriku,w1208812139,layout_only,2,1,0,1,0,0,1,2,1,0,0,66/1,,no_observed,3,3,6,2,0,4,0
hokuriku_site_6faedcc0c8c9,高木町変電所,hokuriku,w316466739,mapped,2,4,4,0,3,4,17,0,1,2,2,154/77,154/77,same,14,3,21,13,0,0,0
hokuriku_site_70c62dbe186d,菅野変電所,hokuriku,w1322062975,none,1,0,0,0,0,0,0,0,0,0,0,,,no_observed,0,0,6,0,0,0,0
hokuriku_site_7280918b0c7b,中能登変電所,hokuriku,r17013811,partial,3,4,6,1,2,6,20,14,2,6,6,500/275;275/154,500/275;275/154,same,14,0,21,13,0,0,0
hokuriku_site_72c926e85b79,射水変電所,hokuriku,w976025533,partial,2,3,2,0,1,2,9,0,1,2,2,66/6,66/6,same,7,10,7,3,0,0,0
hokuriku_site_72d585e143c4,大野変電所,hokuriku,w538098960,partial,2,3,2,0,1,2,7,0,1,3,3,66/6,66/6,same,4,2,4,6,0,0,2
hokuriku_site_74be1e404e0c,下山変電所,hokuriku,w583912522,none,1,0,2,0,0,0,8,0,0,0,0,,,no_observed,6,8,3,0,0,0,0
hokuriku_site_75b53e862b3e,成出変電所,hokuriku,w1028287101,mapped,1,1,0,1,0,0,1,0,0,1,1,,,no_observed,4,0,9,4,0,0,0
hokuriku_site_762884e60ef7,上野変電所,hokuriku,w315614783,mapped,2,2,4,0,2,4,8,0,1,2,2,275/77,275/77,same,5,0,0,0,0,0,0
hokuriku_site_76999bfbf76b,竜島変電所,hokuriku,w460113282,lines_only,1,1,0,1,0,0,0,0,0,0,0,,,no_observed,0,3,6,0,2,0,0
hokuriku_site_7a5252c09363,岩内町変電所_2,hokuriku,w1028271009,lines_only,0,1,0,0,0,0,0,0,0,0,0,,,no_observed,0,0,0,0,0,0,2
hokuriku_site_7e634262d3af,北野変電所,hokuriku,w662057594,none,0,0,0,0,0,0,0,0,0,0,0,,,no_observed,0,0,0,0,0,0,0
hokuriku_site_7fb38eb57f5d,宮窪変電所,hokuriku,w865044566,lines_only,0,1,0,0,0,0,0,0,0,0,0,,,no_observed,0,0,1,0,0,0,2
hokuriku_site_803a34d6635e,鯖江変電所,hokuriku,w316466741,lines_only,2,2,0,0,0,0,0,0,1,0,0,77/66,,no_observed,0,1,3,0,1,0,0
hokuriku_site_82533468dced,四日市変電所,hokuriku,w973892232,lines_only,0,1,0,0,0,0,0,0,0,0,0,,,no_observed,0,0,0,0,0,0,2
hokuriku_site_8393cd8dcb07,城東二丁目変電所,hokuriku,w538113473,none,1,0,2,0,0,0,7,0,0,0,0,,,no_observed,4,0,13,0,0,0,0
hokuriku_site_850cedde0b17,天菅生町変電所,hokuriku,w315639820,mapped,2,2,0,2,0,0,2,0,1,3,3,154/77,154/77,same,12,3,23,10,0,0,0
hokuriku_site_86bc3c4ccc63,守護町一丁目変電所,hokuriku,w980922991,lines_only,0,0,0,0,0,0,0,0,0,0,0,,,no_observed,0,1,1,0,0,0,0
hokuriku_site_86e6ac0d92f3,松任変電所,hokuriku,w316207194,conductors_only,3,4,1,0,1,1,0,0,2,0,0,77/66;66/6,,no_observed,0,3,3,1,1,0,2
hokuriku_site_871b7793457c,荒木田町変電所,hokuriku,w316250980,none,1,0,0,0,0,0,0,0,0,0,0,,,no_observed,0,0,1,0,0,0,0
hokuriku_site_872d56f3712e,舟橋変電所 (Funahashi Hendensho),hokuriku,w324181121,none,2,0,0,1,0,0,2,0,1,0,0,154/66,,no_observed,2,0,1,0,0,0,0
hokuriku_site_87e986ffa4ea,飛騨変換所,hokuriku,w975217734,lines_only,2,1,0,2,0,0,0,0,1,0,0,500/200,,no_observed,0,4,5,0,2,0,0
hokuriku_site_8805d87688aa,城変電所_2,hokuriku,w1028287115,conductors_only,2,1,2,0,1,1,1,0,1,0,0,275/154,,no_observed,3,0,3,2,0,0,0
hokuriku_site_8841ba2d5ad1,高根町上ケ洞変電所,hokuriku,w210658603,lines_only,1,1,0,1,0,0,0,0,0,0,0,,,no_observed,0,2,1,0,2,0,0
hokuriku_site_887671f72079,山中変電所,hokuriku,w599080319,conductors_only,2,2,0,1,0,0,0,0,1,0,0,77/33,,no_observed,0,3,1,1,1,0,4
hokuriku_site_89f39cea6188,松本市変電所_2,hokuriku,w324508008,lines_only,1,2,0,0,0,0,0,0,0,0,0,,,no_observed,0,1,0,0,1,0,0
hokuriku_site_8a11d780641e,額変電所,hokuriku,w1028271000,lines_only,2,2,0,1,0,0,0,0,1,0,0,77/6,,no_observed,0,2,0,0,0,2,0
hokuriku_site_8a551d965436,成町変電所,hokuriku,w697270857,none,2,0,1,0,0,0,0,0,1,0,0,77/66,,no_observed,0,0,6,0,0,0,0
hokuriku_site_8abaa8ac845b,長屋変電所,hokuriku,w525902195,none,1,0,0,0,0,0,0,0,0,0,0,,,no_observed,0,0,0,0,0,0,0
hokuriku_site_8bd4e3a63316,久々湊変電所,hokuriku,w1200664608,lines_only,1,1,2,0,0,0,9,0,0,0,0,,,no_observed,7,1,16,0,1,0,0
hokuriku_site_8cda78f90c66,南福光連系所,hokuriku,w169249243,mapped,1,2,0,1,0,0,2,0,0,1,1,,,no_observed,6,0,9,2,0,0,0
hokuriku_site_8db76f6decbf,波岡変電所,hokuriku,w973892227,partial,2,3,0,1,0,0,1,0,1,3,3,66/6,66/6,same,3,0,7,1,0,0,0
hokuriku_site_8e84706dfc26,秋常町変電所,hokuriku,w316207196,none,1,0,0,0,0,0,0,0,0,0,0,,,no_observed,0,0,3,0,0,0,0
hokuriku_site_91b6446a72e8,射水市変電所,hokuriku,w642334416,lines_only,2,1,0,1,0,0,0,0,1,0,0,275/154,,no_observed,0,4,10,0,4,0,0
hokuriku_site_91c1c785e6d2,太田変電所,hokuriku,w316250981,partial,2,3,1,0,1,4,6,0,1,3,3,77/6,77/6,same,4,0,6,4,0,0,0
hokuriku_site_9348981b87ed,上東郷町変電所,hokuriku,w778736046,lines_only,1,1,0,1,0,0,0,0,0,0,0,,,no_observed,0,3,0,0,1,0,0
hokuriku_site_97b2d3366191,大町市変電所_4,hokuriku,w492285450,lines_only,0,0,0,1,0,0,0,0,0,0,0,,,no_observed,0,3,6,0,0,0,0
hokuriku_site_98fd14d469d2,南福光変電所,hokuriku,w1028271141,mapped,1,2,0,1,0,0,2,0,0,1,1,,,no_observed,6,0,9,4,0,0,0
hokuriku_site_99119f748ba8,犬島四丁目変電所,hokuriku,w538464206,conductors_only,1,2,4,0,1,4,11,0,0,0,0,,,no_observed,15,16,5,8,1,0,2
hokuriku_site_99d589120773,水橋開発変電所,hokuriku,w642356986,none,0,0,0,0,0,0,0,0,0,0,0,,,no_observed,0,0,0,0,0,0,0
hokuriku_site_9a0bd9edae6e,草島変電所,hokuriku,w642334417,conductors_only,1,1,2,0,1,2,10,0,0,0,0,,,no_observed,5,1,10,5,1,0,0
hokuriku_site_9a676657852b,穂高変電所,hokuriku,w316421006,lines_only,1,2,0,0,0,0,0,0,0,0,0,,,no_observed,0,1,8,0,1,0,0
hokuriku_site_9ba20bcc50da,森変電所,hokuriku,w708293549,lines_only,1,1,0,0,0,0,0,0,0,0,0,,,no_observed,0,2,5,0,1,0,0
hokuriku_site_9bf0b8905193,珠洲風力変電所,hokuriku,w1236622495,lines_only,1,2,1,0,0,0,2,0,0,0,0,,,no_observed,2,0,5,0,1,3,0
hokuriku_site_9d78d0daea12,舟橋変電所,hokuriku,w316250976,mapped,1,1,0,1,0,0,2,0,0,2,2,,,no_observed,2,3,3,1,0,0,0
hokuriku_site_9f8eb25696c9,三ツ渕変電所,hokuriku,w209518490,lines_only,1,2,0,1,0,0,0,0,0,0,0,,,no_observed,0,4,0,0,2,2,2
hokuriku_site_a0048cdbe460,戸出変電所,hokuriku,w976019671,partial,2,3,2,0,1,2,6,0,1,2,2,66/6,66/6,same,6,5,9,7,0,0,0
hokuriku_site_a07f40ff718f,平米町変電所,hokuriku,w976028426,partial,2,3,0,1,0,0,1,0,1,2,2,66/6,66/6,same,2,3,0,1,0,0,0
hokuriku_site_a0c96d77c12f,東長江町変電所_2,hokuriku,w1427956039,none,2,0,0,2,0,0,2,0,1,0,0,154/77,,no_observed,8,0,11,0,0,0,0
hokuriku_site_a37152682534,清水町二丁目変電所,hokuriku,w980531587,partial,2,3,2,0,1,2,5,0,1,2,2,66/6,66/6,same,4,0,8,4,0,0,0
hokuriku_site_a408789ad7bf,本巣市変電所,hokuriku,w832823487,conductors_only,1,1,0,1,0,0,1,0,0,0,0,,,no_observed,2,0,3,2,0,0,0
hokuriku_site_a6e4fa4711df,東射水変電所,hokuriku,w1200664613,lines_only,0,0,0,0,0,0,0,0,0,0,0,,,no_observed,0,1,1,0,0,0,0
hokuriku_site_a70df342b1c1,新富町変電所,hokuriku,w553960206,none,1,0,0,0,0,0,0,0,0,0,0,,,no_observed,0,0,1,0,0,0,0
hokuriku_site_a75d0c82e43e,,hokuriku,w1503500569,lines_only,0,0,0,0,0,0,0,0,0,0,0,,,no_observed,0,1,2,0,0,0,0
hokuriku_site_a8e64293c629,山代温泉変電所,hokuriku,w1323865877,lines_only,1,1,0,0,0,0,0,0,0,0,0,,,no_observed,0,1,0,0,1,0,0
hokuriku_site_a959aff5f09c,北陸電力送配電,hokuriku,w1256747262,none,1,0,2,0,0,0,7,0,0,0,0,,,no_observed,4,0,6,0,0,0,0
hokuriku_site_a9e32f52de76,城端開閉所,hokuriku,w315757225,conductors_only,1,1,2,0,1,2,11,0,0,0,0,,,no_observed,11,0,20,11,0,0,0
hokuriku_site_aa19d228d1dc,宮川町野首変電所,hokuriku,w1281327977,lines_only,0,0,0,0,0,0,0,0,0,0,0,,,no_observed,0,1,1,0,0,0,0
hokuriku_site_aa2ccaed9c32,宇出津変電所,hokuriku,w1239099837,partial,2,3,0,1,0,0,1,0,1,2,2,66/6,66/6,same,2,0,3,2,0,0,0
hokuriku_site_ac9b86890fe5,長柄町変電所,hokuriku,w1256591915,partial,2,3,0,1,0,0,1,0,1,2,2,77/6,77/6,same,4,0,6,4,0,0,0
hokuriku_site_ae07cbc32764,,hokuriku,w1536375890,lines_only,0,0,0,0,0,0,0,0,0,0,0,,,no_observed,0,1,1,0,0,0,0
hokuriku_site_af8cb46e2e6a,中野変電所,hokuriku,w320536926,partial,2,3,0,1,0,0,1,0,1,3,3,66/6,66/6,same,7,0,5,4,0,0,0
hokuriku_site_aff4b0f34cc3,郡上市変電所,hokuriku,w1040082964,lines_only,1,1,0,0,0,0,0,0,0,0,0,,,no_observed,0,1,0,0,1,0,0
hokuriku_site_b004b33dc8d0,下八ケ変電所,hokuriku,w976023694,lines_only,1,1,0,0,0,0,0,0,0,0,0,,,no_observed,0,0,4,0,0,3,2
hokuriku_site_b023032f5780,安曇野市変電所,hokuriku,n12091390840,none,0,0,0,0,0,0,0,0,0,0,0,,,no_observed,0,0,0,0,0,0,0
hokuriku_site_b0516b6307e5,黒部市変電所_2,hokuriku,w608911203,conductors_only,1,1,0,1,0,0,2,0,0,0,0,,,no_observed,4,2,9,2,2,0,0
hokuriku_site_b10e13987983,東日本旅客鉄道 海ノ口変電所,hokuriku,w182855518,none,0,0,0,0,0,0,0,0,0,0,0,,,no_observed,0,0,0,0,0,0,0
hokuriku_site_b21fcab6634a,浦田変電所,hokuriku,w538851257,none,0,0,0,0,0,0,0,0,0,0,0,,,no_observed,0,0,5,0,0,0,0
hokuriku_site_b283c29e9ac8,海岸通変電所,hokuriku,w708293554,lines_only,0,0,0,0,0,0,0,0,0,0,0,,,no_observed,0,1,0,0,0,0,0
hokuriku_site_b30242c5dfdf,能登町変電所,hokuriku,w1239099830,partial,2,3,1,0,1,1,2,2,1,2,2,66/6,66/6,same,2,0,2,2,0,0,0
hokuriku_site_b4d843edc7d5,松本市変電所,hokuriku,w324508003,lines_only,1,2,0,0,0,0,0,0,0,0,0,,,no_observed,0,1,0,0,1,0,0
hokuriku_site_b4f1f2319249,三日曽根変電所,hokuriku,w537533302,none,0,0,0,0,0,0,0,0,0,0,0,,,no_observed,0,0,0,0,0,0,0
hokuriku_site_b55e8d068825,川北変電所,hokuriku,w316207197,conductors_only,1,1,0,1,0,0,0,0,0,0,0,,,no_observed,0,5,0,1,0,0,0
hokuriku_site_b5b8fd7bdb8f,塚原変電所,hokuriku,w559673635,mapped,2,4,5,0,2,7,21,0,1,3,3,154/66,154/66,same,17,12,15,13,0,0,2
hokuriku_site_b6f078101b0d,前沢新町変電所,hokuriku,w1025730630,conductors_only,1,1,0,1,0,0,0,0,0,0,0,,,no_observed,0,5,0,1,0,0,0
hokuriku_site_b78a555f51ec,道下変電所,hokuriku,w569344056,partial,2,3,0,1,0,0,1,0,1,2,2,66/6,66/6,same,2,0,7,2,0,0,0
hokuriku_site_bb25d154c537,若葉台変電所,hokuriku,w938828393,partial,2,3,2,0,1,2,7,0,1,2,2,66/6,66/6,same,5,3,3,3,0,0,0
hokuriku_site_bbf1cc5d5525,北福井変電所,hokuriku,w1226223245,lines_only,2,2,0,0,0,0,0,0,1,0,0,77/6,,no_observed,0,1,0,0,1,0,0
hokuriku_site_bc9956f30738,仏又変電所,hokuriku,w526581446,none,1,0,0,0,0,0,0,0,0,0,0,,,no_observed,0,0,0,0,0,0,0
hokuriku_site_bd066b9b0c21,新信濃変電所,hokuriku,w315662839,mapped,3,3,1,1,1,4,3,6,2,3,3,500/275;275/200,500/275,partial,5,2,3,9,1,0,4
hokuriku_site_bd2ed445d13a,白鳥町大島変電所,hokuriku,w210658636,lines_only,1,1,0,0,0,0,0,0,0,0,0,,,no_observed,0,0,2,0,0,2,0
hokuriku_site_be982c74b5f8,大田町変電所,hokuriku,w1240799481,none,1,0,0,1,0,0,0,0,0,0,0,,,no_observed,0,2,3,0,0,0,0
hokuriku_site_bf5f2a14f07e,大町市変電所_6,hokuriku,w492451838,lines_only,0,0,0,0,0,0,0,0,0,0,0,,,no_observed,0,1,1,0,0,0,0
hokuriku_site_bfcdaba377ae,寺田変電所,hokuriku,w999843013,conductors_only,1,1,0,1,0,0,0,0,0,0,0,,,no_observed,0,18,6,3,2,0,0
hokuriku_site_c01956d4cb94,大聖寺変電所,hokuriku,w316250977,lines_only,1,2,0,1,0,0,0,0,0,0,0,,,no_observed,0,4,0,0,4,0,0
hokuriku_site_c0a37193b974,福岡町下蓑新変電所,hokuriku,w976019672,partial,2,2,3,0,1,1,15,0,1,3,3,154/66,66/6,contradicts,6,0,3,1,0,0,0
hokuriku_site_c1792e48b146,鶴ヶ丘町変電所,hokuriku,w555618447,lines_only,1,1,0,0,0,0,0,0,0,0,0,,,no_observed,0,1,0,0,1,0,2
hokuriku_site_c18e856e1930,大町市変電所_2,hokuriku,w320560155,lines_only,1,1,0,1,0,0,0,0,0,0,0,,,no_observed,0,5,6,0,1,0,0
hokuriku_site_c1b1745baace,飯島変電所,hokuriku,w1028287061,lines_only,1,1,0,1,0,0,0,0,0,0,0,,,no_observed,0,3,3,0,3,0,0
hokuriku_site_c2bd12f1e730,上野変電所_2,hokuriku,w575469656,mapped,2,2,4,0,2,4,12,0,1,2,2,154/66,154/66,same,8,0,11,8,0,0,0
hokuriku_site_c3398bfccf50,北陸電力送配電　飯田変電所,hokuriku,w1236757607,partial,2,3,1,0,1,1,2,0,1,2,2,66/6,66/6,same,2,0,5,2,0,0,0
hokuriku_site_c4e6dae6ad62,白馬村変電所,hokuriku,n12753775814,none,0,0,0,0,0,0,0,0,0,0,0,,,no_observed,0,0,0,0,0,0,0
hokuriku_site_c6e36b8f597f,大町市変電所,hokuriku,w320560152,lines_only,1,1,0,0,0,0,0,0,0,0,0,,,no_observed,0,1,0,0,1,0,0
hokuriku_site_c7a22e8de469,大字須沢変電所,hokuriku,w633814154,none,0,0,0,0,0,0,0,0,0,0,0,,,no_observed,0,0,1,0,0,0,0
hokuriku_site_c8ead01be896,長坂町変電所,hokuriku,w1028270974,lines_only,1,1,0,0,0,0,0,0,0,0,0,,,no_observed,0,1,0,0,1,0,0
hokuriku_site_ca8ebbddf7eb,糸魚川変電所,hokuriku,w320569849,lines_only,1,1,0,1,0,0,0,0,0,0,0,,,no_observed,0,2,0,0,2,0,0
hokuriku_site_cbc97f416084,北金沢変電所,hokuriku,w316216918,partial,3,5,5,0,2,5,23,0,2,6,6,154/77;77/6,154/77;77/6,same,13,12,8,7,0,0,0
hokuriku_site_ccb260baef78,大字青海変電所,hokuriku,w1088664722,lines_only,1,0,0,0,0,0,0,0,0,0,0,,,no_observed,0,1,8,0,0,0,0
hokuriku_site_ccdd17e22721,太田変電所_2,hokuriku,w980918085,lines_only,0,0,0,0,0,0,0,0,0,0,0,,,no_observed,0,1,0,0,0,0,0
hokuriku_site_cd66f85ede1e,春日変電所_2,hokuriku,w1025730669,lines_only,2,1,0,0,0,0,0,0,1,0,0,154/66,,no_observed,0,2,15,0,1,0,0
hokuriku_site_ce960dee797d,内山変電所,hokuriku,w525297155,none,3,0,2,1,0,0,8,0,2,0,0,275/154;154/1,,no_observed,9,0,0,0,0,0,0
hokuriku_site_cf9f4c9bba81,北陸電力送配電(株)美川変電所,hokuriku,w1209364010,none,0,0,0,0,0,0,0,0,0,0,0,,,no_observed,0,0,0,0,0,0,0
hokuriku_site_d12ba00ad15d,花乃杜四丁目変電所,hokuriku,w702244622,lines_only,0,0,0,0,0,0,0,0,0,0,0,,,no_observed,0,1,0,0,0,0,0
hokuriku_site_d164a902d1a4,君島変電所,hokuriku,w584606266,conductors_only,1,1,0,1,0,0,0,0,0,0,0,,,no_observed,0,5,0,1,0,0,0
hokuriku_site_d1c0b56ff904,富山市変電所_2,hokuriku,w772754171,lines_only,0,0,0,0,0,0,0,0,0,0,0,,,no_observed,0,1,0,0,0,0,0
hokuriku_site_d26b1ad7311c,加賀変電所,hokuriku,w169249247,conductors_only,3,1,3,1,0,0,18,0,2,0,0,500/275;275/154,,no_observed,16,0,12,7,0,0,0
hokuriku_site_d2906d04b76f,若葉台変電所_2,hokuriku,w1239099847,none,1,0,2,0,0,0,7,0,0,0,0,,,no_observed,5,0,1,0,0,0,0
hokuriku_site_d308288910e2,福井開閉所,hokuriku,w1222510972,conductors_only,1,2,0,1,0,0,0,0,0,0,0,,,no_observed,0,6,13,2,2,0,0
hokuriku_site_d4947bd0de84,太美変電所,hokuriku,w980878813,conductors_only,0,0,0,0,0,0,0,0,0,0,0,,,no_observed,0,1,1,0,0,0,0
hokuriku_site_d4b9b6c53e6d,中央一丁目変電所,hokuriku,w991943570,lines_only,1,1,0,0,0,0,0,0,0,0,0,,,no_observed,0,2,0,0,1,0,0
hokuriku_site_d4be571b0951,立石変電所,hokuriku,w320536910,conductors_only,2,2,0,2,0,0,0,0,1,0,0,154/66,,no_observed,0,12,10,0,4,0,0
hokuriku_site_d54d8df56237,南金沢変電所,hokuriku,w256682330,mapped,2,2,3,0,2,6,24,0,1,4,4,154/77,154/77,same,16,6,27,9,0,0,2
hokuriku_site_d73ac60dcbe3,西別院変電所,hokuriku,n12297863973,none,1,0,0,0,0,0,0,0,0,0,0,,,no_observed,0,0,1,0,0,0,0
hokuriku_site_d80052131400,旭町変電所,hokuriku,w1463461952,lines_only,0,1,0,0,0,0,0,0,0,0,0,,,no_observed,0,0,0,0,0,0,2
hokuriku_site_d83a77582b97,南福井変電所,hokuriku,w315810773,lines_only,3,4,0,1,0,0,0,0,2,0,0,77/66;66/6,,no_observed,0,5,3,0,4,0,0
hokuriku_site_d8783f13df8d,長沢変電所,hokuriku,w938853643,partial,2,3,1,0,1,1,2,0,1,2,2,66/6,66/6,same,2,0,3,1,0,0,0
hokuriku_site_da1b8deab222,木場町変電所,hokuriku,w642334418,lines_only,1,1,0,0,0,0,0,0,0,0,0,,,no_observed,0,1,0,0,1,0,0
hokuriku_site_dc1a501c2ac6,中滝変電所,hokuriku,w967026862,conductors_only,1,1,0,1,0,0,0,0,0,0,0,,,no_observed,0,7,12,3,2,0,0
hokuriku_site_dc226916e02d,安宅変電所,hokuriku,w316250975,conductors_only,3,4,0,1,0,0,0,0,2,0,0,77/22;22/6,,no_observed,0,2,3,1,0,0,0
hokuriku_site_dd58f7c4bbe9,開発変電所,hokuriku,w315810770,partial,2,3,2,0,1,2,7,0,1,3,3,77/6,77/6,same,4,6,0,2,0,0,0
hokuriku_site_df195198576a,五郎八変電所,hokuriku,w1239288559,conductors_only,2,1,0,1,0,0,0,0,1,0,0,154/66,,no_observed,0,2,4,1,0,0,0
hokuriku_site_df4a94e5fe83,広上変電所,hokuriku,w980539414,partial,2,3,2,0,1,2,6,0,1,2,2,66/6,66/6,same,4,5,3,1,0,0,0
hokuriku_site_e1216ee3e54e,境変電所,hokuriku,w598792835,lines_only,1,1,2,0,0,0,6,0,0,0,0,,,no_observed,6,1,3,0,1,0,0
hokuriku_site_e2683d628524,婦中変電所,hokuriku,w369206255,conductors_only,2,3,0,1,0,0,0,0,1,0,0,66/6,,no_observed,0,16,11,1,3,0,0
hokuriku_site_e51e4a96704c,袋変電所,hokuriku,w785364108,conductors_only,0,2,0,0,0,0,0,0,0,0,0,,,no_observed,0,0,0,2,1,0,2
hokuriku_site_e566c2909884,西島変電所,hokuriku,w704154089,none,0,0,0,0,0,0,0,0,0,0,0,,,no_observed,0,0,0,0,0,0,0
hokuriku_site_e5e5297fb992,宇野気変電所,hokuriku,w1241362889,partial,2,3,0,1,0,0,1,0,1,3,3,77/6,77/6,same,2,0,3,2,0,0,0
hokuriku_site_e71548d729bd,井野河内変電所,hokuriku,w1246218567,none,0,0,0,0,0,0,0,0,0,0,0,,,no_observed,0,0,0,0,0,0,0
hokuriku_site_e74c2c3b22f8,糸魚川市変電所,hokuriku,w525121785,lines_only,1,1,0,0,0,0,0,0,0,0,0,,,no_observed,0,1,3,0,1,0,0
hokuriku_site_e94c9d6eb2ca,白鳥町変電所,hokuriku,w703019996,none,0,0,0,0,0,0,0,0,0,0,0,,,no_observed,0,0,0,0,0,0,0
hokuriku_site_e94ca4b308fa,野村変電所,hokuriku,w1200664612,lines_only,1,1,0,1,0,0,0,0,0,0,0,,,no_observed,0,2,1,0,0,2,0
hokuriku_site_e9c3663aec87,高内変電所,hokuriku,w628041820,conductors_only,1,2,0,1,0,0,0,0,0,0,0,,,no_observed,0,13,7,1,0,0,0
hokuriku_site_ea7ea9a3c265,宮沢変電所,hokuriku,w591417568,lines_only,0,1,0,0,0,0,0,0,0,0,0,,,no_observed,0,1,0,0,2,0,4
hokuriku_site_ebfde85156f8,富南変電所,hokuriku,w324055341,conductors_only,4,4,0,2,0,0,0,0,3,0,0,275/154;154/66;66/6,,no_observed,0,11,11,1,1,3,0
hokuriku_site_ecbe74383068,大町市変電所_5,hokuriku,w492451836,lines_only,0,0,0,0,0,0,0,0,0,0,0,,,no_observed,0,0,1,0,0,0,0
hokuriku_site_ed58f54c4c92,三国町新保変電所,hokuriku,w315639853,none,1,0,0,1,0,0,2,0,0,0,0,,,no_observed,2,0,3,0,0,0,0
hokuriku_site_ed957ab30998,大聖寺敷地変電所,hokuriku,w703104252,none,0,0,0,0,0,0,0,0,0,0,0,,,no_observed,0,0,0,0,0,0,0
hokuriku_site_ee2464fa2766,石引一丁目変電所,hokuriku,w1256591798,partial,1,2,2,0,1,2,6,0,0,4,4,,77/6,contradicts,4,0,6,2,0,0,0
hokuriku_site_eec9c6a590dd,増山変電所,hokuriku,n5332448422,none,0,0,0,0,0,0,0,0,0,0,0,,,no_observed,0,0,2,0,0,0,0
hokuriku_site_ef0d778966b1,石垣変電所,hokuriku,w756192867,lines_only,0,1,0,0,0,0,0,0,0,0,0,,,no_observed,0,1,1,0,1,0,0
hokuriku_site_f13bd4c97bbf,鯖江変電所,hokuriku,n2288824633,none,1,0,0,0,0,0,0,0,0,0,0,,,no_observed,0,0,4,0,0,0,0
hokuriku_site_f1814af4facd,黒部市変電所_3,hokuriku,w1239288511,mapped,1,1,1,0,1,1,2,0,0,2,2,,,no_observed,2,0,3,1,0,0,0
hokuriku_site_f182b294dcf9,角間町変電所,hokuriku,w837554903,none,0,0,0,0,0,0,0,0,0,0,0,,,no_observed,0,0,0,0,0,0,0
hokuriku_site_f18d69489992,野向町薬師神谷変電所,hokuriku,w1427723799,none,0,0,0,0,0,0,0,0,0,0,0,,,no_observed,0,0,1,0,0,0,0
hokuriku_site_f3f79f93e033,水須変電所,hokuriku,w618344817,lines_only,1,1,0,0,0,0,0,0,0,0,0,,,no_observed,0,2,2,0,1,0,0
hokuriku_site_f44e283390db,太平寺二丁目変電所,hokuriku,w605145385,none,0,0,0,0,0,0,0,0,0,0,0,,,no_observed,0,0,0,0,0,0,0
hokuriku_site_f51dc866b409,掛尾変電所,hokuriku,w1280953632,lines_only,2,2,0,1,0,0,0,0,1,0,0,66/6,,no_observed,0,2,3,0,0,2,0
hokuriku_site_f626fc3d4942,志賀町変電所,hokuriku,w1239099864,layout_only,1,1,0,0,0,0,0,1,0,0,0,,,no_observed,0,1,1,1,0,0,0
hokuriku_site_f6a2136b3feb,東長江町変電所,hokuriku,w1256591813,mapped,2,2,0,2,0,0,2,0,1,2,2,154/77,154/77,same,8,11,0,4,0,0,0
hokuriku_site_f70489385dd0,内浦変電所,hokuriku,w1239099818,partial,2,3,1,0,1,1,2,2,1,2,2,66/6,66/6,same,2,3,0,1,0,0,0
hokuriku_site_f766c10b4924,,hokuriku,w1504268951,none,1,0,0,0,0,0,0,0,0,0,0,,,no_observed,0,0,1,0,0,0,0
hokuriku_site_f9a53fd35ff4,千原町変電所,hokuriku,w1226752396,lines_only,1,1,0,0,0,0,0,0,0,0,0,,,no_observed,0,1,0,0,1,0,0
hokuriku_site_fa9973500f92,富山市変電所,hokuriku,w708293550,lines_only,1,0,0,0,0,0,0,0,0,0,0,,,no_observed,0,1,6,0,0,0,0
hokuriku_site_fc3c0b6b5880,田上変電所,hokuriku,w1028270975,partial,2,3,2,0,1,2,6,0,1,2,2,77/6,77/6,same,4,5,2,1,0,0,0
hokuriku_site_fc947bfd31f7,中ノ江変電所,hokuriku,w256682324,lines_only,0,0,0,0,0,0,0,0,0,0,0,,,no_observed,0,0,0,0,0,0,0
hokuriku_site_fd720d5de283,門前町田村変電所,hokuriku,w1238881187,layout_only,1,1,1,0,0,0,2,1,0,0,0,,,no_observed,2,1,4,1,0,0,2
hokuriku_site_ff3f634363c0,春日変電所,hokuriku,w324057656,conductors_only,2,2,0,1,0,0,0,0,1,0,0,154/66,,no_observed,0,12,7,2,2,0,0
hokuriku_site_ff9bf2d44e2e,丸岡町舛田変電所,hokuriku,w315614776,mapped,3,2,4,0,2,4,14,0,2,3,3,275/154;154/77,275/154,partial,8,0,14,8,0,0,0
kansai_site_0014659d0617,王寺変電所,kansai,w1214306528,lines_only,3,1,0,0,0,0,0,0,2,0,0,77/33;33/1,,no_observed,0,1,2,0,1,0,0
kansai_site_001f7e707c9d,藤戸新田二丁目変電所,kansai,w1204365715,lines_only,2,1,0,0,0,0,0,0,1,0,0,154/77,,no_observed,0,1,8,0,1,0,0
kansai_site_00aa22b3049a,別所町巴変電所,kansai,w509403708,lines_only,0,0,0,0,0,0,0,0,0,0,0,,,no_observed,0,1,1,0,0,0,0
kansai_site_00f805efe418,浜の宮変電所,kansai,w1300932785,conductors_only,1,1,0,1,0,0,0,0,0,0,0,,,no_observed,0,5,1,1,0,0,0
kansai_site_01238a1b5839,御着変電所,kansai,w1481753019,none,1,0,0,0,0,0,0,0,0,0,0,,,no_observed,0,0,3,0,0,0,0
kansai_site_01b42a8e9d13,稲荷変電所,kansai,w769994703,lines_only,1,2,0,0,0,0,0,0,0,0,0,,,no_observed,0,1,0,0,1,0,0
kansai_site_01baf94acb25,三津屋変電所,kansai,w288604335,lines_only,3,3,0,0,0,0,0,0,2,0,0,77/22;22/6,,no_observed,0,1,5,0,1,0,0
kansai_site_01cc727b24a5,明石変電所明石制御所,kansai,w185032688,lines_only,1,2,0,1,0,0,0,0,0,0,0,,,no_observed,0,4,1,0,1,0,0
kansai_site_02045f04f140,奈良阪町変電所,kansai,w1082048108,none,2,0,0,0,0,0,0,0,1,0,0,77/6,,no_observed,0,0,0,0,0,0,0
kansai_site_02a5f25181b8,南庄町一丁目変電所,kansai,w354526923,none,0,0,0,0,0,0,0,0,0,0,0,,,no_observed,0,0,0,0,0,0,0
kansai_site_02b83e4f5c74,久世変電所,kansai,w552576935,lines_only,0,0,0,0,0,0,0,0,0,0,0,,,no_observed,0,1,0,0,0,0,0
kansai_site_0304c2d7afac,津市変電所_3,kansai,w734022469,lines_only,1,1,0,0,0,0,0,0,0,0,0,,,no_observed,0,1,6,0,1,0,0
kansai_site_035221f677cf,栄新町三丁目変電所,kansai,w595711203,none,0,0,0,0,0,0,0,0,0,0,0,,,no_observed,0,0,0,0,0,0,0
kansai_site_03727f7d920d,豊里町変電所,kansai,w1180199697,lines_only,1,1,0,0,0,0,0,0,0,0,0,,,no_observed,0,1,3,0,1,0,0
kansai_site_03a23da7d994,淡路変電所,kansai,w1024215429,none,1,0,0,0,0,0,0,0,0,0,0,,,no_observed,0,0,1,0,0,0,0
kansai_site_03ab62a8f2d3,,kansai,w1544992193,lines_only,1,1,0,0,0,0,0,0,0,0,0,,,no_observed,0,1,3,0,1,0,0
kansai_site_050e124fb73f,内原変電所,kansai,w1203478596,conductors_only,1,1,0,1,0,0,0,0,0,0,0,,,no_observed,0,5,1,5,0,0,0
kansai_site_05e1690e14e8,九条変電所,kansai,w150054910,none,0,0,0,0,0,0,0,0,0,0,0,,,no_observed,0,0,0,0,0,0,0
kansai_site_061ed83a38ab,新宮市変電所,kansai,w211827797,none,0,0,0,0,0,0,0,0,0,0,0,,,no_observed,0,0,1,0,0,0,0
kansai_site_0687e2c0bf58,梶原六丁目変電所_2,kansai,w601390297,lines_only,4,1,5,0,0,0,17,0,3,0,0,500/275;275/154;154/77,,no_observed,3,1,4,0,1,0,0
kansai_site_06a2fed9ea8c,富田変電所,kansai,w253859737,lines_only,1,1,0,1,0,0,0,0,0,0,0,,,no_observed,0,3,0,0,3,0,2
kansai_site_06d2c26e2b0b,大萱五丁目変電所,kansai,w512379434,none,0,0,0,0,0,0,0,0,0,0,0,,,no_observed,0,0,0,0,0,0,0
kansai_site_06edb71b32d6,楠橋変電所,kansai,w1331274695,none,0,0,0,0,0,0,0,0,0,0,0,,,no_observed,0,0,0,0,0,0,0
kansai_site_071e21b5582b,,kansai,w1526882022,none,0,0,0,0,0,0,0,0,0,0,0,,,no_observed,0,0,0,0,0,0,0
kansai_site_073f0c73649d,岡崎変電所,kansai,w483206739,lines_only,0,0,0,0,0,0,0,0,0,0,0,,,no_observed,0,1,4,0,0,0,0
kansai_site_074c20facf35,府中変電所,kansai,w1334538083,none,0,0,0,0,0,0,0,0,0,0,0,,,no_observed,0,0,0,0,0,0,0
kansai_site_0790c0013298,田辺変電所,kansai,w802540012,lines_only,1,1,0,0,0,0,0,0,0,0,0,,,no_observed,0,1,3,0,1,0,0
kansai_site_07b6b58384b0,南馬場変電所,kansai,w109860974,lines_only,0,0,0,0,0,0,0,0,0,0,0,,,no_observed,0,1,0,0,0,0,0
kansai_site_07ca1c3bf612,起変電所,kansai,w79092267,lines_only,0,0,0,0,0,0,0,0,0,0,0,,,no_observed,0,1,2,0,0,0,0
kansai_site_0802b0d2b0a4,太地町変電所,kansai,w425874300,lines_only,0,0,0,0,0,0,0,0,0,0,0,,,no_observed,0,1,1,0,0,0,0
kansai_site_0807c12264fd,千僧変電所,kansai,w851004897,none,0,0,0,0,0,0,0,0,0,0,0,,,no_observed,0,0,0,0,0,0,0
kansai_site_080af1e007a4,深草北蓮池町変電所,kansai,w161974552,none,0,0,0,0,0,0,0,0,0,0,0,,,no_observed,0,0,0,0,0,0,0
kansai_site_08ce5a01322e,関西電力 浜寺変電所,kansai,w1537825343,none,0,0,0,0,0,0,0,0,0,0,0,,,no_observed,0,0,0,0,0,0,0
kansai_site_09d20e0f241d,関西電力 光善寺変電所,kansai,w1357642610,conductors_only,1,1,0,1,0,0,0,0,0,0,0,,,no_observed,0,5,0,1,0,0,0
kansai_site_09e0b4d28beb,平城変電所,kansai,w260397169,lines_only,2,2,0,0,0,0,0,0,1,0,0,77/6,,no_observed,0,1,0,0,1,0,0
kansai_site_09e25121db21,関西電力 生江町変電所,kansai,w1119521291,none,0,0,0,0,0,0,0,0,0,0,0,,,no_observed,0,0,0,0,0,0,0
kansai_site_0a1cf9e5e74d,横大路変電所,kansai,w191799657,partial,3,6,3,1,2,6,4,0,2,2,0,154/77;77/22,,no_observed,2,4,11,2,5,0,0
kansai_site_0a908c50bf52,関西電力五条変電所,kansai,w555069917,lines_only,0,0,0,0,0,0,0,0,0,0,0,,,no_observed,0,1,0,0,0,0,0
kansai_site_0ab7b0dbeb80,西町変電所,kansai,w543091093,none,1,0,0,0,0,0,0,0,0,0,0,,,no_observed,0,0,3,0,0,0,0
kansai_site_0aba36845457,友井一丁目変電所,kansai,w1412926030,none,2,0,0,0,0,0,0,0,1,0,0,77/1,,no_observed,0,0,1,0,0,0,0
kansai_site_0bb01c8e2e01,西名古屋変電所,kansai,w170793702,lines_only,3,2,0,1,0,0,0,0,2,0,0,275/154;154/77,,no_observed,0,4,4,0,4,0,0
kansai_site_0bca5170a4ed,おおい町変電所,kansai,w1174979022,conductors_only,1,0,6,0,1,6,24,0,0,0,0,,,no_observed,36,44,20,0,0,0,0
kansai_site_0be31d11012c,伊丹変電所,kansai,w110682955,partial,3,3,3,1,3,3,10,0,2,4,3,275/154;154/77,275/154,partial,7,7,4,9,4,0,4
kansai_site_0cacc5c02ef8,東近江開閉所,kansai,w170589736,conductors_only,1,2,1,0,1,7,0,0,0,0,0,,,no_observed,8,0,12,8,0,0,0
kansai_site_0cdf24131540,荒蒔変電所,kansai,w291678114,lines_only,1,1,0,0,0,0,0,0,0,0,0,,,no_observed,0,2,1,0,1,0,2
kansai_site_0ced89e3740c,三橋一丁目変電所,kansai,w580510652,none,1,0,0,0,0,0,0,0,0,0,0,,,no_observed,0,0,2,0,0,0,0
kansai_site_0d3ea821d7bd,荒井町中新町変電所,kansai,w620855589,lines_only,2,2,0,0,0,0,0,0,1,0,0,77/22,,no_observed,0,1,14,0,2,0,0
kansai_site_0dd9d994a88a,八鹿変電所,kansai,w913736911,conductors_only,1,1,0,1,0,0,0,0,0,0,0,,,no_observed,0,3,3,3,1,0,0
kansai_site_0defb39e2348,関西電力英賀変電所,kansai,w487003677,lines_only,0,1,0,0,0,0,0,0,0,0,0,,,no_observed,0,0,0,0,0,0,2
kansai_site_0defc828b342,平野宮敷町変電所,kansai,n12105423178,none,0,0,0,0,0,0,0,0,0,0,0,,,no_observed,0,0,0,0,0,0,0
kansai_site_0e2c8f308066,久我変電所,kansai,w189824971,none,0,0,0,0,0,0,0,0,0,0,0,,,no_observed,0,0,0,0,0,0,0
kansai_site_0e5b6b8b9e18,長野町変電所,kansai,w191880848,lines_only,1,1,0,0,0,0,0,0,0,0,0,,,no_observed,0,1,0,0,1,0,0
kansai_site_0e8b1a27e204,JR西日本 大阪変電所,kansai,w179073728,none,0,0,0,0,0,0,0,0,0,0,0,,,no_observed,0,0,0,0,0,0,0
kansai_site_0e8f7968eff3,木代変電所,kansai,w1376982325,lines_only,1,1,0,0,0,0,0,0,0,0,0,,,no_observed,0,1,2,0,1,0,0
kansai_site_0e93baa695c4,長尾元町変電所,kansai,w1281812642,lines_only,2,2,0,0,0,0,0,0,1,0,0,77/6,,no_observed,0,1,0,0,1,0,0
kansai_site_0ef2a0339fa6,甲賀変電所,kansai,w190734269,partial,2,3,1,1,1,1,0,0,1,3,0,275/77,,no_observed,2,12,17,0,2,0,0
kansai_site_0f027c7cd776,河原町変電所,kansai,w588812689,none,0,0,0,0,0,0,0,0,0,0,0,,,no_observed,0,0,0,0,0,0,0
kansai_site_0f119424f6e6,修学院開根坊町変電所,kansai,w153624172,none,1,0,0,0,0,0,0,0,0,0,0,,,no_observed,0,0,3,0,0,0,0
kansai_site_0f4a463a3c37,北方開閉所 (Kitakata Kaiheisho),kansai,w192508457,conductors_only,1,1,2,0,1,2,6,0,0,0,0,,,no_observed,8,0,15,6,0,0,0
kansai_site_0fa9ac81a3f1,神足変電所,kansai,w1529959962,none,0,0,0,0,0,0,0,0,0,0,0,,,no_observed,0,0,0,0,0,0,0
kansai_site_105b3b7eecb3,関西電力送配電 藤田変電所,kansai,w1336315857,none,2,0,4,0,0,0,13,0,1,0,0,154/77,,no_observed,5,0,0,0,0,0,0
kansai_site_10a6968e4f47,沢谷変電所,kansai,w569365056,lines_only,1,1,0,0,0,0,0,0,0,0,0,,,no_observed,0,1,3,0,1,0,0
kansai_site_112e61455f43,山県市変電所_2,kansai,w587609997,none,0,0,0,0,0,0,0,0,0,0,0,,,no_observed,0,0,0,0,0,0,0
kansai_site_117a7e4178a9,祇園変電所,kansai,w317451887,none,0,0,0,0,0,0,0,0,0,0,0,,,no_observed,0,0,0,0,0,0,0
kansai_site_1238fbab6dbd,中須変電所,kansai,w708386348,none,0,0,0,0,0,0,0,0,0,0,0,,,no_observed,0,0,0,0,0,0,0
kansai_site_127283c08388,信貴変電所,kansai,w169359724,mapped,2,4,4,0,2,4,11,0,1,4,4,500/154,500/154,same,10,0,18,2,5,0,0
kansai_site_12ab32c361dd,足代変電所,kansai,w437029815,none,0,0,0,0,0,0,0,0,0,0,0,,,no_observed,0,0,0,0,0,0,0
kansai_site_12b9f2bf7b5c,下島町変電所,kansai,w1201727817,lines_only,1,1,0,1,0,0,0,0,0,0,0,,,no_observed,0,2,0,0,0,2,0
kansai_site_12f7f1f10ed5,南港東七丁目変電所,kansai,w288437212,lines_only,1,1,0,1,0,0,0,0,0,0,0,,,no_observed,0,2,0,0,0,2,2
kansai_site_132bf71f4d00,森変電所,kansai,w997445896,none,0,0,0,0,0,0,0,0,0,0,0,,,no_observed,0,0,4,0,0,0,0
kansai_site_1388e1d1ef36,大波下変電所,kansai,w1307899428,lines_only,0,0,0,0,0,0,0,0,0,0,0,,,no_observed,0,1,1,0,0,0,0
kansai_site_1458f92ad132,吐師変電所,kansai,w161840697,none,1,0,0,0,0,0,0,0,0,0,0,,,no_observed,0,0,1,0,0,0,0
kansai_site_14902c3aefe3,新鈴鹿変電所,kansai,w256765107,partial,2,2,3,0,5,7,3,21,1,3,1,275/77,275/77,same,6,0,0,0,0,0,0
kansai_site_15011996cbd4,国分寺一丁目変電所,kansai,w1304023071,none,0,0,0,0,0,0,0,0,0,0,0,,,no_observed,0,0,0,0,0,0,0
kansai_site_154e37ae2ce9,関西電力 旭東変電所,kansai,w1121531048,none,0,0,0,0,0,0,0,0,0,0,0,,,no_observed,0,0,0,0,0,0,0
kansai_site_15b5e8af20ad,下屋二丁目変電所,kansai,w1332617450,none,0,0,0,0,0,0,0,0,0,0,0,,,no_observed,0,0,0,0,0,0,0
kansai_site_15eaedc97146,夏秋変電所,kansai,w434862947,lines_only,1,1,0,1,0,0,0,0,0,0,0,,,no_observed,0,2,3,0,0,2,0
kansai_site_162c20ca11b2,由良開閉所,kansai,w217885658,lines_only,1,0,0,1,0,0,0,0,0,0,0,,,no_observed,0,2,0,0,0,0,0
kansai_site_1630cf517fbc,城北変電所,kansai,w962834725,lines_only,2,3,0,0,0,0,0,0,1,0,0,77/6,,no_observed,0,1,0,0,0,0,2
kansai_site_16818f945a55,志筑変電所,kansai,w966182456,lines_only,0,0,0,0,0,0,0,0,0,0,0,,,no_observed,0,1,0,0,0,0,0
kansai_site_1685602668e6,関西電力送配電 南茨木変電所,kansai,w1477328605,none,0,0,0,0,0,0,0,0,0,0,0,,,no_observed,0,0,0,0,0,0,0
kansai_site_16e876b96b78,金岡町変電所,kansai,w955921197,none,0,0,0,0,0,0,0,0,0,0,0,,,no_observed,0,0,1,0,0,0,0
kansai_site_1724f7982359,古市五丁目変電所,kansai,w160740433,lines_only,0,0,0,1,0,0,0,0,0,0,0,,,no_observed,0,2,2,0,0,0,0
kansai_site_1732488a6db9,JR西日本城崎変電所,kansai,w491870335,none,0,0,0,0,0,0,0,0,0,0,0,,,no_observed,0,0,0,0,0,0,0
kansai_site_17579962b339,長深変電所,kansai,w639434722,lines_only,0,0,0,0,0,0,0,0,0,0,0,,,no_observed,0,0,7,0,0,0,0
kansai_site_176790c208da,神戸変電所,kansai,w839369877,conductors_only,2,2,0,3,0,0,0,0,1,0,0,275/77,,no_observed,0,8,16,0,6,0,0
kansai_site_17f7782f2de2,城東変電所,kansai,w963680007,lines_only,3,4,0,0,0,0,0,0,2,0,0,77/33;33/6,,no_observed,0,1,1,0,1,0,0
kansai_site_1919ba285401,長浜変電所,kansai,w42342787,lines_only,1,1,0,0,0,0,0,0,0,0,0,,,no_observed,0,1,1,0,1,0,0
kansai_site_1931d8c92604,長田中五丁目変電所,kansai,w1204419845,conductors_only,1,1,0,1,0,0,0,0,0,0,0,,,no_observed,0,6,0,4,0,0,0
kansai_site_19595e9c6c7d,,kansai,w1485663625,none,0,0,0,0,0,0,0,0,0,0,0,,,no_observed,0,0,0,0,0,0,0
kansai_site_199c2a94d3d7,羽倉崎変電所,kansai,w1226593126,lines_only,2,2,0,0,0,0,0,0,1,0,0,77/6,,no_observed,0,0,0,0,0,0,2
kansai_site_1a6856358606,河原町変電所,kansai,w843727819,none,0,0,0,0,0,0,0,0,0,0,0,,,no_observed,0,0,0,0,0,0,0
kansai_site_1ad732ed367f,下京変電所,kansai,n12105475166,none,0,0,0,0,0,0,0,0,0,0,0,,,no_observed,0,0,0,0,0,0,0
kansai_site_1ae8097d7547,花沢町二丁目変電所,kansai,w1222001891,lines_only,0,0,0,0,0,0,0,0,0,0,0,,,no_observed,0,0,5,0,0,0,0
kansai_site_1b07d14543b5,十津川村変電所,kansai,w1038584990,conductors_only,1,1,1,0,1,4,0,0,0,0,0,,,no_observed,2,0,3,2,0,0,0
kansai_site_1b0c7021c052,春日出北一丁目変電所,kansai,w860495192,none,0,0,0,0,0,0,0,0,0,0,0,,,no_observed,0,0,0,0,0,0,0
kansai_site_1b9467780e97,御坊市変電所,kansai,w1037516198,lines_only,2,2,0,2,0,0,0,0,1,0,0,500/77,,no_observed,0,6,7,0,6,0,0
kansai_site_1b9536a55619,十六町変電所,kansai,w1180366829,lines_only,0,0,0,0,0,0,0,0,0,0,0,,,no_observed,0,1,0,0,0,0,0
kansai_site_1bbb196df6ad,大和田 変電所,kansai,w695610976,none,2,0,4,0,0,0,15,0,1,0,0,154/77,,no_observed,9,0,5,0,0,0,0
kansai_site_1bef9f9dc1ea,北町変電所,kansai,w583735863,conductors_only,0,0,0,1,0,0,0,0,0,0,0,,,no_observed,0,7,3,0,0,0,0
kansai_site_1d3e180ff8ab,河田,kansai,w212423982,lines_only,1,1,0,0,0,0,0,0,0,0,0,,,no_observed,0,1,0,0,1,0,0
kansai_site_1d7799a7578f,サイドタウン三丁目変電所,kansai,n7166214886,none,0,0,0,0,0,0,0,0,0,0,0,,,no_observed,0,0,0,0,0,0,0
kansai_site_1d7d51d4f127,佐野変電所,kansai,w191816980,lines_only,3,4,0,1,0,0,0,0,2,0,0,77/22;22/6,,no_observed,0,8,14,0,8,0,0
kansai_site_1dabfcffc7c1,野洲市変電所,kansai,n7166214889,none,0,0,0,0,0,0,0,0,0,0,0,,,no_observed,0,0,0,0,0,0,0
kansai_site_1df1621dbedc,南海電気鉄道株式会社 堺東変電所,kansai,w1017168168,none,0,0,0,0,0,0,0,0,0,0,0,,,no_observed,0,0,0,0,0,0,0
kansai_site_1e25f9240d68,広田変電所,kansai,w724028948,lines_only,1,1,0,1,0,0,0,0,0,0,0,,,no_observed,0,2,0,0,1,3,0
kansai_site_1e2a88eb8a03,東岸和田変電所,kansai,w1332138688,none,0,0,0,0,0,0,0,0,0,0,0,,,no_observed,0,0,0,0,0,0,0
kansai_site_1e9d80ad1cd3,関西電力 稲変電所,kansai,w1436610762,none,0,0,0,0,0,0,0,0,0,0,0,,,no_observed,0,0,0,0,0,0,0
kansai_site_1ec9c470befd,西区変電所_3,kansai,w703503021,lines_only,0,0,0,0,0,0,0,0,0,0,0,,,no_observed,0,1,4,0,0,0,0
kansai_site_1f1f1fc02b3f,吹田変電所,kansai,w481766765,none,1,0,0,0,0,0,0,0,0,0,0,,,no_observed,0,0,2,0,0,0,0
kansai_site_1f4dd3b972f3,色浜変電所_2,kansai,w1029010255,lines_only,2,2,0,1,0,0,0,0,1,0,0,500/275,,no_observed,0,2,9,0,2,0,0
kansai_site_1fa35288294b,福知山変電所,kansai,w842541083,lines_only,1,1,0,0,0,0,0,0,0,0,0,,,no_observed,0,1,1,0,1,0,0
kansai_site_1fc44f32c95f,榛原柳変電所,kansai,w435008820,none,0,0,0,0,0,0,0,0,0,0,0,,,no_observed,0,0,0,0,0,0,0
kansai_site_200fb4212f48,高野口町伏原変電所,kansai,w859972828,lines_only,1,1,0,0,0,0,0,0,0,0,0,,,no_observed,0,2,0,0,1,0,0
kansai_site_203d67b0bacd,瀬古口変電所,kansai,w435256481,lines_only,1,1,0,0,0,0,0,0,0,0,0,,,no_observed,0,1,0,0,1,0,2
kansai_site_205480934c0a,黒鳥変電所,kansai,w1334540629,none,0,0,0,0,0,0,0,0,0,0,0,,,no_observed,0,0,0,0,0,0,0
kansai_site_20a77654d774,JR西日本 英賀保変電所,kansai,w1219688079,none,0,0,0,0,0,0,0,0,0,0,0,,,no_observed,0,0,0,0,0,0,0
kansai_site_212c5d13e009,三重開閉所,kansai,w170568495,conductors_only,1,1,0,1,0,0,1,0,0,0,0,,,no_observed,6,0,9,6,0,0,0
kansai_site_213d2ef07c2d,山県市変電所,kansai,w190769051,conductors_only,1,1,0,1,0,0,1,0,0,0,0,,,no_observed,4,0,6,4,0,0,0
kansai_site_2203ddbfbeac,木幡変電所,kansai,w283395618,none,1,0,0,0,0,0,0,0,0,0,0,,,no_observed,0,0,11,0,0,0,0
kansai_site_235be735b36a,東生駒変電所,kansai,w429659444,none,2,0,0,0,0,0,0,0,1,0,0,77/6,,no_observed,0,0,0,0,0,0,0
kansai_site_23d9aa06bbc2,千里丘変電所,kansai,w288407886,lines_only,4,4,0,1,0,0,0,0,3,0,0,154/77;77/22;22/6,,no_observed,0,4,12,0,2,0,0
kansai_site_23e27fb241be,関西電力 島変電所,kansai,w472154538,lines_only,0,0,0,1,0,0,0,0,0,0,0,,,no_observed,0,2,0,0,0,0,0
kansai_site_2402453fc2d1,古川橋変電所,kansai,w191412271,mapped,2,4,4,0,2,4,15,0,1,4,4,154/77,154/77,same,9,0,23,3,1,0,0
kansai_site_243fe00b0d60,都祁変電所,kansai,w484866651,conductors_only,1,0,0,1,0,0,0,0,0,0,0,,,no_observed,0,5,3,0,0,0,0
kansai_site_249f8eae043f,狭間が丘二丁目変電所,kansai,w1117350965,none,0,0,0,0,0,0,0,0,0,0,0,,,no_observed,0,0,0,0,0,0,0
kansai_site_258caca85652,関西電力(株)砂川変電所,kansai,w475065587,conductors_only,1,2,0,0,0,0,0,0,0,0,0,,,no_observed,0,1,3,2,0,2,0
kansai_site_25f6e0841757,阪急電鉄 三国変電所,kansai,w111479457,none,0,0,0,0,0,0,0,0,0,0,0,,,no_observed,0,0,0,0,0,0,0
kansai_site_26490ee18ee3,杭瀬南新町一丁目変電所,kansai,w405516567,lines_only,2,2,0,0,0,0,0,0,1,0,0,77/33,,no_observed,0,2,8,0,1,2,2
kansai_site_266ba5a9f47b,信楽変電所,kansai,w1088315180,none,1,0,0,0,0,0,0,0,0,0,0,,,no_observed,0,0,1,0,0,0,0
kansai_site_26d0cfd286a9,七条変電所,kansai,n7080175616,none,0,0,0,0,0,0,0,0,0,0,0,,,no_observed,0,0,0,0,0,0,0
kansai_site_26fb21039bcf,田原本変電所,kansai,w483877579,lines_only,1,0,0,1,0,0,0,0,0,0,0,,,no_observed,0,2,3,0,0,0,0
kansai_site_27c5382a9076,,kansai,w1133684885,none,0,0,0,0,0,0,0,0,0,0,0,,,no_observed,0,0,0,0,0,0,0
kansai_site_27e6ef2f4e3d,広変電所,kansai,w472303044,conductors_only,1,1,0,0,0,0,0,0,0,0,0,,,no_observed,0,1,6,2,0,0,0
kansai_site_281b384daf71,秋篠変電所,kansai,w1081807736,none,2,0,0,0,0,0,0,0,1,0,0,77/6,,no_observed,0,0,0,0,0,0,0
kansai_site_28c49790d3de,氷上町新郷変電所,kansai,w679059669,lines_only,0,0,0,0,0,0,0,0,0,0,0,,,no_observed,0,1,0,0,0,0,0
kansai_site_28f3646c14b0,関西電力送配電 小畑変電所,kansai,w1483967538,none,0,0,0,0,0,0,0,0,0,0,0,,,no_observed,0,0,0,0,0,0,0
kansai_site_293fb3dac45f,揖斐川町変電所,kansai,w643358910,none,0,0,0,0,0,0,0,0,0,0,0,,,no_observed,0,0,1,0,0,0,0
kansai_site_29616b53facb,吉見変電所,kansai,w1332184068,none,0,0,0,0,0,0,0,0,0,0,0,,,no_observed,0,0,0,0,0,0,0
kansai_site_29741ec14455,北大阪変電所,kansai,w110847002,mapped,3,5,6,0,3,6,30,0,2,6,6,275/154;154/77,275/154;275/77,contradicts,18,0,18,17,1,0,0
kansai_site_29e295249377,瀬戸町明神変電所,kansai,w1023600820,lines_only,1,2,0,0,0,0,0,0,0,0,0,,,no_observed,0,1,6,0,1,0,0
kansai_site_2a17faf18dc2,今津変電所,kansai,w775847778,conductors_only,1,2,0,1,0,0,0,0,0,0,0,,,no_observed,0,4,3,0,0,2,2
kansai_site_2a2168bd6739,大宮通四丁目変電所,kansai,w1300911086,none,1,0,0,0,0,0,0,0,0,0,0,,,no_observed,0,0,3,0,0,0,0
kansai_site_2a89d8799f2c,塩屋変電所,kansai,w1203478593,lines_only,3,3,0,1,0,0,0,0,2,0,0,77/33;33/6,,no_observed,0,2,1,0,1,2,0
kansai_site_2adf62b4d6a3,関西電力御幣島変電所,kansai,w282865965,lines_only,1,2,0,0,0,0,0,0,0,0,0,,,no_observed,0,1,2,0,1,0,0
kansai_site_2b4c104f480e,鎌倉町変電所_2,kansai,w265614288,none,0,0,0,0,0,0,0,0,0,0,0,,,no_observed,0,0,0,0,0,0,0
kansai_site_2baa40e74681,神崎変電所,kansai,w208072161,lines_only,3,5,0,2,0,0,0,0,2,0,0,154/77;77/33,,no_observed,0,5,3,0,5,0,0
kansai_site_2c03e5242ff0,穂積二丁目変電所,kansai,w157532215,lines_only,1,1,0,1,0,0,0,0,0,0,0,,,no_observed,0,2,0,0,0,2,0
kansai_site_2c1944373eb2,八乙女変電所,kansai,w991943565,none,0,0,0,0,0,0,0,0,0,0,0,,,no_observed,0,0,7,0,0,0,0
kansai_site_2c383c8aebc6,蔵前町一丁変電所,kansai,w191965105,lines_only,2,1,0,0,0,0,0,0,1,0,0,154/77,,no_observed,0,2,16,0,1,0,0
kansai_site_2c6454db7fe3,久宝寺変電所,kansai,w238762877,none,0,0,0,0,0,0,0,0,0,0,0,,,no_observed,0,0,0,0,0,0,0
kansai_site_2c79ccb5de60,熊取変電所,kansai,w192046340,lines_only,1,1,0,0,0,0,0,0,0,0,0,,,no_observed,0,1,1,0,1,0,0
kansai_site_2c93b3fa06b6,美旗町中一番変電所,kansai,w435209012,none,0,0,0,0,0,0,0,0,0,0,0,,,no_observed,0,0,0,0,0,0,0
kansai_site_2cc977a3a2c7,関西電力下寺変電所,kansai,w254322698,none,1,0,0,0,0,0,0,0,0,0,0,,,no_observed,0,0,0,0,0,0,0
kansai_site_2cd5e2d09c5c,枚方変電所,kansai,w191382982,partial,2,4,4,0,2,4,20,0,1,2,2,275/77,,no_observed,16,8,14,6,2,0,0
kansai_site_2ce584c6a78d,祖父江町大牧変電所,kansai,w1313771682,lines_only,0,0,0,1,0,0,0,0,0,0,0,,,no_observed,0,2,0,0,0,0,0
kansai_site_2dbd0a483932,中村変電所,kansai,w1075824656,none,2,0,0,0,0,0,0,0,1,0,0,154/77,,no_observed,0,0,6,0,0,0,0
kansai_site_2dc83ebf807d,豊津変電所,kansai,w1419288131,none,0,0,0,0,0,0,0,0,0,0,0,,,no_observed,0,0,0,0,0,0,0
kansai_site_2dd420a4f9c5,JR西日本 尼崎変電所,kansai,n12960315602,none,1,0,0,0,0,0,0,0,0,0,0,,,no_observed,0,0,0,0,0,0,0
kansai_site_2e062b83a790,岸岡町変電所,kansai,w184582887,none,0,0,0,0,0,0,0,0,0,0,0,,,no_observed,0,0,0,0,0,0,0
kansai_site_2e5ba805a607,猪飼野変電所,kansai,w293384480,none,0,0,0,0,0,0,0,0,0,0,0,,,no_observed,0,0,2,0,0,0,0
kansai_site_2f6e6aabae4b,学園前変電所,kansai,n2047600595,none,2,0,0,0,0,0,0,0,1,0,0,77/6,,no_observed,0,0,0,0,0,0,0
kansai_site_2fa6cfb59c2a,西豊浜変電所,kansai,w215941110,lines_only,1,2,0,0,0,0,0,0,0,0,0,,,no_observed,0,1,0,0,1,0,0
kansai_site_2fc8709dace8,関西電力,kansai,w1004915358,lines_only,0,1,0,0,0,0,0,0,0,0,0,,,no_observed,0,0,0,0,0,0,4
kansai_site_301712928202,亀山変電所,kansai,w618344838,lines_only,1,1,0,1,0,0,0,0,0,0,0,,,no_observed,0,2,0,0,2,0,0
kansai_site_301fc2db77a3,武庫変電所,kansai,w838078427,none,0,0,0,0,0,0,0,0,0,0,0,,,no_observed,0,0,0,0,0,0,0
kansai_site_30ec79c1f20f,淀変電所,kansai,w1062807422,lines_only,3,4,0,1,0,0,0,0,2,0,0,77/22;22/6,,no_observed,0,2,4,0,3,0,4
kansai_site_314a3bf00e4d,稲田新町二丁目変電所,kansai,w1204419841,conductors_only,1,1,0,1,0,0,0,0,0,0,0,,,no_observed,0,5,0,3,0,0,2
kansai_site_31507bbfca2a,海部開閉所,kansai,w262597734,lines_only,2,3,0,1,0,0,0,0,1,0,0,275/154,,no_observed,0,3,0,0,1,5,8
kansai_site_3166030ff80c,奈良変電所,kansai,w1277617153,lines_only,2,4,0,0,0,0,0,0,1,0,0,154/77,,no_observed,0,2,0,0,3,0,0
kansai_site_319bc4f58a27,中川町変電所,kansai,w454602165,none,0,0,0,0,0,0,0,0,0,0,0,,,no_observed,0,0,0,0,0,0,0
kansai_site_31c8cc5df93a,松原変電所,kansai,w1141393826,lines_only,0,0,0,0,0,0,0,0,0,0,0,,,no_observed,0,1,0,0,0,0,0
kansai_site_31f5e6ca4b43,関西電力 南枚方変電所,kansai,w323624655,none,0,0,0,0,0,0,0,0,0,0,0,,,no_observed,0,0,0,0,0,0,0
kansai_site_3205f61b1894,変電設備,kansai,w339440840,none,0,0,0,0,0,0,0,0,0,0,0,,,no_observed,0,0,0,0,0,0,0
kansai_site_322182c0bb1c,加茂五丁目変電所,kansai,w128766344,none,0,0,0,0,0,0,0,0,0,0,0,,,no_observed,0,0,0,0,0,0,0
kansai_site_325ad97ed424,鵜崎変電所,kansai,w724257857,lines_only,0,0,0,0,0,0,0,0,0,0,0,,,no_observed,0,1,0,0,0,0,0
kansai_site_34261ae288e0,真美ヶ丘変電所,kansai,w1214306533,conductors_only,2,3,0,1,0,0,0,0,1,0,0,77/6,,no_observed,0,2,0,2,0,0,2
kansai_site_3458e6f7dcf3,上滝野変電所,kansai,w804907753,lines_only,0,0,0,1,0,0,0,0,0,0,0,,,no_observed,0,3,0,0,0,0,0
kansai_site_348329970867,西今宿一丁目変電所,kansai,w1133072762,lines_only,3,1,1,1,0,0,4,0,2,0,0,275/77;77/33,,no_observed,5,1,5,0,0,0,2
kansai_site_34b862c0f6c4,能褒野町変電所,kansai,w618353111,none,0,0,0,0,0,0,0,0,0,0,0,,,no_observed,0,0,1,0,0,0,0
kansai_site_35a2e32947ae,南大浜変電所,kansai,w703936218,lines_only,3,2,0,1,0,0,0,0,2,0,0,154/77;77/22,,no_observed,0,5,31,0,1,4,2
kansai_site_35ec90fc359d,櫟本変電所,kansai,w484350502,lines_only,4,4,0,1,0,0,0,0,3,0,0,154/77;77/22;22/6,,no_observed,0,2,0,0,1,2,2
kansai_site_360bf8518d69,名神町変電所,kansai,w1300679013,lines_only,2,1,0,0,0,0,0,0,1,0,0,77/33,,no_observed,0,1,3,0,1,0,0
kansai_site_365cad16655c,伊賀市変電所,kansai,w435300359,lines_only,1,0,0,0,0,0,0,0,0,0,0,,,no_observed,0,1,2,0,0,0,0
kansai_site_36bcbeef5f2c,高田変電所,kansai,w483663404,partial,4,4,0,1,0,0,0,0,3,4,0,77/33;33/22;22/6,,no_observed,0,6,2,2,1,0,0
kansai_site_37255462c412,西濃変電所,kansai,w161948515,partial,3,6,4,0,4,14,0,0,2,6,4,275/154;154/77,275/154;275/77,contradicts,6,1,0,2,3,0,4
kansai_site_372d4e11552d,関西電力送配電 長興寺変電所,kansai,w1460668591,none,0,0,0,0,0,0,0,0,0,0,0,,,no_observed,0,0,0,0,0,0,0
kansai_site_379de3a7710d,大協町二丁目変電所_2,kansai,w619265282,none,1,0,0,0,0,0,0,0,0,0,0,,,no_observed,0,0,1,0,0,0,0
kansai_site_3846ded9b53b,鳴子一丁目変電所,kansai,w967479421,lines_only,1,1,0,0,0,0,0,0,0,0,0,,,no_observed,0,1,0,0,1,0,0
kansai_site_388bb209e04b,膳所変電所,kansai,w190984571,conductors_only,1,1,0,2,0,0,0,0,0,0,0,,,no_observed,0,4,2,0,2,0,0
kansai_site_399374f2f1eb,北角変電所,kansai,w702685451,conductors_only,1,1,0,1,0,0,0,0,0,0,0,,,no_observed,0,2,7,3,0,0,0
kansai_site_39d6f5d5368e,関西電力 利根山変電所,kansai,w1444390701,none,0,0,0,0,0,0,0,0,0,0,0,,,no_observed,0,0,0,0,0,0,0
kansai_site_3a0e492fbe31,信太変電所,kansai,w883210933,lines_only,2,2,0,0,0,0,0,0,1,0,0,77/6,,no_observed,0,0,0,0,0,0,2
kansai_site_3a2674e0b08d,塚口変電所,kansai,w525260349,lines_only,1,1,0,0,0,0,0,0,0,0,0,,,no_observed,0,0,2,0,0,2,0
kansai_site_3a78855b41ef,関西電力 佐井寺変電所,kansai,w456723641,none,0,0,0,0,0,0,0,0,0,0,0,,,no_observed,0,0,0,0,0,0,0
kansai_site_3aaa1e0d675c,山崎開閉所,kansai,w241822621,conductors_only,1,2,4,0,4,4,3,0,0,0,0,,,no_observed,4,0,1,0,0,0,0
kansai_site_3b241021008e,甲西変電所,kansai,w495570580,lines_only,1,1,0,0,0,0,0,0,0,0,0,,,no_observed,0,2,0,0,1,0,0
kansai_site_3bd4cc1934f9,揖保川町変電所,kansai,w1066596837,lines_only,0,0,0,0,0,0,0,0,0,0,0,,,no_observed,0,1,0,0,0,0,0
kansai_site_3bf7fd617fc6,小島変電所,kansai,w600378379,lines_only,0,0,0,1,0,0,0,0,0,0,0,,,no_observed,0,2,0,0,0,0,0
kansai_site_3c0753784b46,関西電力 荒本変電所,kansai,w1281320249,none,0,0,0,0,0,0,0,0,0,0,0,,,no_observed,0,0,0,0,0,0,0
kansai_site_3c0fe6a96c0c,新奈良変電所,kansai,w161639374,mapped,5,7,4,1,2,4,11,0,4,4,4,154/77;77/33;33/22;22/6,154/77,partial,3,11,4,1,4,0,0
kansai_site_3c179c13ea82,南郷町変電所,kansai,w1183529622,none,1,0,0,0,0,0,0,0,0,0,0,,,no_observed,0,0,4,0,0,0,0
kansai_site_3c22985cee34,雨降野変電所,kansai,w1284143081,lines_only,1,0,0,0,0,0,0,0,0,0,0,,,no_observed,0,1,4,0,0,0,0
kansai_site_3c37d79263d7,西区変電所_4,kansai,w703503023,lines_only,0,0,0,0,0,0,0,0,0,0,0,,,no_observed,0,1,4,0,0,0,0
kansai_site_3c518fed9c8a,布施変電所,kansai,w431423960,none,0,0,0,0,0,0,0,0,0,0,0,,,no_observed,0,0,0,0,0,0,0
kansai_site_3c5312f5e8ce,香住変電所,kansai,w1205324824,lines_only,2,2,0,0,0,0,0,0,1,0,0,77/6,,no_observed,0,1,0,0,1,0,0
kansai_site_3c69c25b899b,佃六丁目変電所,kansai,w642167327,none,2,0,0,0,0,0,0,0,1,0,0,77/33,,no_observed,0,0,10,0,0,0,0
kansai_site_3d05f795d198,狭山四丁目変電所_2,kansai,w109816367,lines_only,1,1,0,0,0,0,0,0,0,0,0,,,no_observed,0,2,0,0,1,0,0
kansai_site_3d5f7900c062,関西電力送配電 石津川変電所,kansai,w1530225967,none,1,0,0,0,0,0,0,0,0,0,0,,,no_observed,0,0,1,0,0,0,0
kansai_site_3e1d6f0bdb69,加美区西脇変電所,kansai,w1079379049,lines_only,0,0,0,0,0,0,0,0,0,0,0,,,no_observed,0,1,0,0,0,0,0
kansai_site_3e3002a051aa,阪井変電所,kansai,w475660024,lines_only,2,2,0,0,0,0,0,0,1,0,0,77/33,,no_observed,0,2,2,0,2,0,0
kansai_site_3e6411011f45,東吉野変電所,kansai,w619377963,lines_only,0,0,0,1,0,0,0,0,0,0,0,,,no_observed,0,2,2,0,0,0,0
kansai_site_3e6726ec6a0b,足近町一丁目変電所,kansai,w160458864,lines_only,0,0,0,0,0,0,0,0,0,0,0,,,no_observed,0,1,1,0,0,0,0
kansai_site_3e979596f09f,高宮変電所,kansai,w641965676,none,1,0,0,0,0,0,0,0,0,0,0,,,no_observed,0,0,4,0,0,0,0
kansai_site_3ee51d0b455e,田井変電所,kansai,n9907231716,none,0,0,0,0,0,0,0,0,0,0,0,,,no_observed,0,0,0,0,0,0,0
kansai_site_3ef0c8b74c30,能勢電鉄 日生変電所,kansai,w144356016,none,0,0,0,0,0,0,0,0,0,0,0,,,no_observed,0,0,0,0,0,0,0
kansai_site_3f97aa93d93a,泉北変電所,kansai,w191939689,lines_only,1,1,0,1,0,0,0,0,0,0,0,,,no_observed,0,2,0,0,2,0,0
kansai_site_3fa08c16932f,本法寺前町変電所,kansai,n6899623755,none,0,0,0,0,0,0,0,0,0,0,0,,,no_observed,0,0,0,0,0,0,0
kansai_site_4085bd026da7,若江東町二丁目変電所,kansai,w159659127,lines_only,2,2,0,0,0,0,0,0,1,0,0,154/77,,no_observed,0,1,1,0,2,0,4
kansai_site_40b880f262b8,通町変電所,kansai,w241923318,lines_only,1,1,0,0,0,0,0,0,0,0,0,,,no_observed,0,1,0,0,1,0,0
kansai_site_41571952c9e3,野江電力所,kansai,w1300911084,lines_only,2,3,0,0,0,0,0,0,1,0,0,154/77,,no_observed,0,2,0,0,2,0,0
kansai_site_41c15acafe98,浅香山変電所,kansai,w191434704,lines_only,1,2,0,0,0,0,0,0,0,0,0,,,no_observed,0,1,1,0,1,0,0
kansai_site_41c4109004aa,大枝西長町変電所,kansai,w191539410,lines_only,1,1,0,0,0,0,0,0,0,0,0,,,no_observed,0,1,0,0,1,0,0
kansai_site_4202117ea1bb,生野町真弓変電所,kansai,w986909012,lines_only,0,0,0,0,0,0,0,0,0,0,0,,,no_observed,0,1,1,0,0,0,0
kansai_site_42307dbc2237,見出川変電所,kansai,w1366177566,none,2,0,0,0,0,0,0,0,1,0,0,77/6,,no_observed,0,0,0,0,0,0,0
kansai_site_42344a770e28,登大路町変電所_2,kansai,w390637354,none,0,0,0,0,0,0,0,0,0,0,0,,,no_observed,0,0,0,0,0,0,0
kansai_site_429d507347f9,長田野町二丁目変電所,kansai,w325868335,lines_only,1,1,0,1,0,0,0,0,0,0,0,,,no_observed,0,4,1,0,0,5,2
kansai_site_43095a630a4b,本田変電所 (Honden Substation),kansai,w288437170,lines_only,1,2,0,0,0,0,0,0,0,0,0,,,no_observed,0,1,0,0,1,0,0
kansai_site_4373a91e3069,石薬師町変電所,kansai,w1458284094,lines_only,1,1,0,0,0,0,0,0,0,0,0,,,no_observed,0,0,2,0,0,0,2
kansai_site_43cc4be8af6b,諏訪町変電所,kansai,n6174353909,none,1,0,0,0,0,0,0,0,0,0,0,,,no_observed,0,0,6,0,0,0,0
kansai_site_43dabb3deb9a,大字小口変電所,kansai,n7166214887,none,0,0,0,0,0,0,0,0,0,0,0,,,no_observed,0,0,0,0,0,0,0
kansai_site_441a6647eb13,喜撰山開閉所,kansai,w949748582,conductors_only,1,1,6,1,6,6,0,0,0,0,0,,,no_observed,0,2,0,0,2,0,0
kansai_site_4440bd93324b,美豆変電所,kansai,w1168522874,lines_only,2,3,0,0,0,0,0,0,1,0,0,77/6,,no_observed,0,0,2,0,0,0,2
kansai_site_44ac4bd3d391,蛸地蔵変電所,kansai,w1174430664,none,0,0,0,0,0,0,0,0,0,0,0,,,no_observed,0,0,0,0,0,0,0
kansai_site_44b64fd90c09,丹波市変電所,kansai,w1193070867,lines_only,0,0,0,0,0,0,0,0,0,0,0,,,no_observed,0,1,1,0,0,0,0
kansai_site_44fbb9b1d39c,伏見向島変電所,kansai,w759198478,lines_only,2,1,0,0,0,0,0,0,1,0,0,154/22,,no_observed,0,1,2,0,1,0,0
kansai_site_45b6a120f350,梅谷変電所,kansai,w1193127175,none,0,0,0,0,0,0,0,0,0,0,0,,,no_observed,0,0,2,0,0,0,0
kansai_site_45e9e16c7249,滝谷変電所,kansai,w109826968,none,1,0,0,0,0,0,1,0,0,0,0,,,no_observed,1,0,4,0,0,0,0
kansai_site_45f18ec4125e,室生大野変電所,kansai,w435055125,none,0,0,0,0,0,0,0,0,0,0,0,,,no_observed,0,0,0,0,0,0,0
kansai_site_460c5d4d5900,香里変電所,kansai,w840137921,lines_only,1,1,0,0,0,0,0,0,0,0,0,,,no_observed,0,1,0,0,1,0,2
kansai_site_46add155f5dc,西三国変電所,kansai,w272381607,lines_only,2,3,0,0,0,0,0,0,1,0,0,154/77,,no_observed,0,2,0,0,2,0,0
kansai_site_46e6918cbbe7,加納変電所 (Kanō Hendensho),kansai,w161768996,lines_only,1,2,0,2,0,0,0,0,0,0,0,,,no_observed,0,4,2,0,2,0,2
kansai_site_471ef5cce759,阿南発電所 (Anan Power Station),kansai,w1037463547,conductors_only,2,2,2,0,1,2,10,0,1,0,0,187/66,,no_observed,3,2,11,5,0,0,2
kansai_site_4764fd34e09b,熊野川町相須変電所,kansai,w1461509129,layout_only,0,0,0,1,0,0,0,0,0,2,0,,,no_observed,0,2,2,0,0,0,0
kansai_site_4770e911b03b,久御山変電所,kansai,w703948638,none,0,0,0,0,0,0,0,0,0,0,0,,,no_observed,0,0,1,0,0,0,0
kansai_site_478ad8638757,幸町変電所,kansai,w295234029,none,0,0,0,0,0,0,0,0,0,0,0,,,no_observed,0,0,0,0,0,0,0
kansai_site_4797cc915aee,関西電力野原変電所,kansai,w555638645,lines_only,0,0,0,0,0,0,0,0,0,0,0,,,no_observed,0,1,0,0,0,0,0
kansai_site_47a45d15dfa3,まきの木台二丁目変電所,kansai,w1456666709,lines_only,0,0,0,0,0,0,0,0,0,0,0,,,no_observed,0,1,0,0,0,0,0
kansai_site_47ca95d3e8f2,登美ヶ丘変電所,kansai,w261675276,none,2,0,0,0,0,0,0,0,1,0,0,77/6,,no_observed,0,0,0,0,0,0,0
kansai_site_47ccb216a7e0,大町四丁目変電所_2,kansai,w579273793,none,0,0,0,0,0,0,0,0,0,0,0,,,no_observed,0,0,0,0,0,0,0
kansai_site_47cfeaa21ea5,関西電力 鳳変電所,kansai,w1540097381,none,0,0,0,0,0,0,0,0,0,0,0,,,no_observed,0,0,0,0,0,0,0
kansai_site_48894ecc6da5,敦賀変電所,kansai,w129594044,lines_only,1,1,0,1,0,0,0,0,0,0,0,,,no_observed,0,3,0,0,1,0,0
kansai_site_489e2a3683f4,下里変電所,kansai,w624575075,lines_only,0,0,0,0,0,0,0,0,0,0,0,,,no_observed,0,1,0,0,0,0,0
kansai_site_48add08c43db,関西電力 東郷変電所,kansai,w1504737198,lines_only,0,1,0,0,0,0,0,0,0,0,0,,,no_observed,0,0,0,0,0,0,2
kansai_site_48ae054085b0,柚木町変電所,kansai,w212424012,conductors_only,1,1,0,1,0,0,0,0,0,0,0,,,no_observed,0,2,0,2,0,0,0
kansai_site_491b362075fa,宮ノ上変電所,kansai,w1287059369,lines_only,1,1,0,0,0,0,0,0,0,0,0,,,no_observed,0,1,0,0,1,0,2
kansai_site_49534c48ad50,鈴鹿開閉所,kansai,w618344836,lines_only,1,2,0,1,0,0,0,0,0,0,0,,,no_observed,0,2,0,0,2,0,0
kansai_site_4979c2c54ab3,飾磨区中島変電所,kansai,w798162354,conductors_only,2,4,0,0,0,0,0,0,1,0,0,275/77,,no_observed,0,0,16,0,4,0,0
kansai_site_4996e1a8e1ab,市小路変電所,kansai,w1332346490,none,0,0,0,0,0,0,0,0,0,0,0,,,no_observed,0,0,0,0,0,0,0
kansai_site_49e2cf3004de,関西電力鷹取変電所,kansai,w1088114186,none,0,0,0,0,0,0,0,0,0,0,0,,,no_observed,0,0,0,0,0,0,0
kansai_site_4a007a031312,関西電力送配電 放出変電所,kansai,w1128133239,none,0,0,0,0,0,0,0,0,0,0,0,,,no_observed,0,0,0,0,0,0,0
kansai_site_4abe326c2616,津市変電所_2,kansai,w612079018,lines_only,1,1,0,0,0,0,0,0,0,0,0,,,no_observed,0,1,0,0,1,0,0
kansai_site_4b65a4668a79,意岐部変電所,kansai,w191539362,lines_only,4,5,0,1,0,0,0,0,3,0,0,154/77;77/22;22/6,,no_observed,0,2,27,0,2,0,4
kansai_site_4cd1f7fbbebb,東大和開閉所,kansai,w169031998,conductors_only,1,1,0,1,0,0,1,0,0,0,0,,,no_observed,6,0,9,6,0,0,0
kansai_site_4d337e126812,九日市変電所,kansai,w842620592,conductors_only,2,3,0,1,0,0,0,0,1,0,0,77/6,,no_observed,0,3,0,0,1,0,0
kansai_site_4d4b471b3745,越智岡変電所,kansai,w483042882,lines_only,0,0,0,0,0,0,0,0,0,0,0,,,no_observed,0,0,0,0,0,0,0
kansai_site_4d71a11aae33,木本変電所,kansai,w563816862,lines_only,0,0,0,0,0,0,0,0,0,0,0,,,no_observed,0,1,0,0,0,0,0
kansai_site_4e1ae5c649bb,南海電鉄堺変電所,kansai,w109577994,none,0,0,0,0,0,0,0,0,0,0,0,,,no_observed,0,0,0,0,0,0,0
kansai_site_4e2775ec2215,神田変電所,kansai,w1342275087,none,0,0,0,0,0,0,0,0,0,0,0,,,no_observed,0,0,0,0,0,0,0
kansai_site_4e60d45cc4f3,馬堀変電所,kansai,w880837539,conductors_only,1,1,0,0,0,0,1,0,0,0,0,,,no_observed,1,0,0,1,0,0,0
kansai_site_4e7f042adc73,関西電力送配電 四条畷変電所,kansai,w1306227821,none,0,0,0,0,0,0,0,0,0,0,0,,,no_observed,0,0,0,0,0,0,0
kansai_site_4e819ecffbcc,俵屋変電所,kansai,w1332139389,none,0,0,0,0,0,0,0,0,0,0,0,,,no_observed,0,0,0,0,0,0,0
kansai_site_4eb06e07a792,長瀬変電所,kansai,w659896984,none,0,0,0,0,0,0,0,0,0,0,0,,,no_observed,0,0,0,0,0,0,0
kansai_site_4ec52258d237,上野変電所,kansai,w986909008,lines_only,0,0,0,0,0,0,0,0,0,0,0,,,no_observed,0,1,0,0,0,0,0
kansai_site_4eda9184e92f,美波町変電所,kansai,w1279113603,layout_only,0,0,0,0,0,0,0,0,0,1,0,,,no_observed,0,1,0,0,0,0,0
kansai_site_4faef60bbeb1,中山寺変電所,kansai,w1272473839,none,0,0,0,0,0,0,0,0,0,0,0,,,no_observed,0,0,0,0,0,0,0
kansai_site_501b75d0e1f7,,kansai,w1544992197,lines_only,1,1,0,0,0,0,0,0,0,0,0,,,no_observed,0,1,0,0,1,0,0
kansai_site_506417ced253,北勢変電所 (Hokusei Hendensho),kansai,w209629965,layout_only,1,1,0,1,0,0,2,5,0,0,0,,,no_observed,2,2,1,1,0,0,0
kansai_site_5070845ede03,東伊丹変電所,kansai,w1191834021,lines_only,2,1,0,0,0,0,0,0,1,0,0,77/22,,no_observed,0,1,1,0,1,0,0
kansai_site_5118cdfc755d,長尾変電所_2,kansai,w160915149,none,1,0,0,0,0,0,0,0,0,0,0,,,no_observed,0,0,2,0,0,0,0
kansai_site_5177b06940ee,今津町変電所,kansai,w1133056274,lines_only,2,3,0,0,0,0,0,0,1,0,0,77/6,,no_observed,0,1,0,0,1,0,0
kansai_site_522172dc550d,淡路町変電所,kansai,w1137840348,none,0,0,0,0,0,0,0,0,0,0,0,,,no_observed,0,0,1,0,0,0,0
kansai_site_523a8e6e3f83,金屋変電所,kansai,w475660016,lines_only,0,0,0,0,0,0,0,0,0,0,0,,,no_observed,0,1,3,0,0,0,0
kansai_site_5269fda2703f,紀伊変電所,kansai,w1332140363,none,0,0,0,0,0,0,0,0,0,0,0,,,no_observed,0,0,0,0,0,0,0
kansai_site_528d2573555e,西院変電所,kansai,w331816761,lines_only,3,3,0,0,0,0,0,0,2,0,0,77/22;22/6,,no_observed,0,1,0,0,0,0,0
kansai_site_52b25172d443,伊勢開閉所,kansai,w241956440,conductors_only,2,2,0,1,0,0,0,0,1,0,0,275/77,,no_observed,0,6,2,4,0,0,4
kansai_site_53315182f2b5,東草津三丁目変電所,kansai,w932236040,none,0,0,0,0,0,0,1,0,0,0,0,,,no_observed,1,0,6,0,0,0,0
kansai_site_5358cfbbde3e,磯の浦変電所,kansai,w831552351,lines_only,1,1,0,0,0,0,0,0,0,0,0,,,no_observed,0,1,0,0,1,0,0
kansai_site_53b548fae860,姫路変電所,kansai,w242253497,mapped,2,2,1,1,1,1,4,0,1,2,2,275/77,275/77,same,5,9,11,4,0,0,0
kansai_site_53dd476b0d32,交野変電所,kansai,r14194919,lines_only,1,1,0,0,0,0,0,0,0,0,0,,,no_observed,0,0,15,0,3,0,0
kansai_site_53ddd7cebbd9,園部変電所,kansai,w997185056,none,1,0,0,0,0,0,0,0,0,0,0,,,no_observed,0,0,1,0,0,0,0
kansai_site_5445b1230035,新長浜変電所,kansai,r11701140,conductors_only,2,2,1,0,1,1,2,0,1,0,0,77/22,,no_observed,3,0,9,1,1,0,0
kansai_site_54b449064878,津市変電所,kansai,w436314156,lines_only,1,1,0,0,0,0,0,0,0,0,0,,,no_observed,0,1,0,0,1,0,0
kansai_site_54dffaea6694,北櫻変電所,kansai,n7169139755,none,0,0,0,0,0,0,0,0,0,0,0,,,no_observed,0,0,0,0,0,0,0
kansai_site_550b945b88dd,日枝町変電所,kansai,w693631583,lines_only,1,1,0,0,0,0,0,0,0,0,0,,,no_observed,0,1,0,0,1,0,0
kansai_site_5538674d3f24,高槻変電所,kansai,r14488081,lines_only,3,1,0,0,0,0,0,0,2,0,0,77/22;22/1,,no_observed,0,0,18,0,1,0,0
kansai_site_55465646ea40,河芸町上野変電所,kansai,w256765110,lines_only,1,1,0,0,0,0,0,0,0,0,0,,,no_observed,0,1,1,0,1,0,0
kansai_site_559413e49f9d,上狛変電所,kansai,w726967828,mapped,3,2,1,1,1,1,4,0,2,2,2,77/33;33/6,,no_observed,2,2,8,2,2,0,0
kansai_site_561e8e36eb4b,鵤変電所,kansai,w242674451,lines_only,3,4,0,1,0,0,0,0,2,0,0,77/33;33/6,,no_observed,0,3,11,0,3,0,0
kansai_site_5633440d5256,鎌倉町変電所,kansai,w181378940,none,0,0,0,0,0,0,0,0,0,0,0,,,no_observed,0,0,0,0,0,0,0
kansai_site_563a1d83baea,鳥飼西四丁目変電所,kansai,w1300522608,none,1,0,0,0,0,0,0,0,0,0,0,,,no_observed,0,0,1,0,0,0,0
kansai_site_56be5ef179f2,高松町変電所,kansai,w497425676,conductors_only,1,0,1,1,0,0,0,0,0,0,0,,,no_observed,2,4,29,0,0,0,0
kansai_site_56d360440365,吹田変電所,kansai,w479878409,none,1,0,0,0,0,0,0,0,0,0,0,,,no_observed,0,0,0,0,0,0,0
kansai_site_57233cec0370,湖南市変電所,kansai,n7166214888,none,0,0,0,0,0,0,0,0,0,0,0,,,no_observed,0,0,0,0,0,0,0
kansai_site_579cef0f99e1,関西電力送配電 土師ノ里変電所,kansai,w1312709328,none,0,0,0,0,0,0,0,0,0,0,0,,,no_observed,0,0,0,0,0,0,0
kansai_site_587e2ffeef01,助松変電所,kansai,w1421347535,none,2,0,0,0,0,0,0,0,1,0,0,77/6,,no_observed,0,0,0,0,0,0,0
kansai_site_58aee27a13ac,川西変電所,kansai,w1221353582,lines_only,0,0,0,0,0,0,0,0,0,0,0,,,no_observed,0,1,4,0,0,0,0
kansai_site_598d375d5cdf,広川明神山風力発電所,kansai,w504393449,lines_only,0,0,0,0,0,0,0,0,0,0,0,,,no_observed,0,1,1,0,0,0,0
kansai_site_59d0944e2cb8,長山町変電所,kansai,w678957870,lines_only,1,1,0,0,0,0,0,0,0,0,0,,,no_observed,0,1,3,0,1,0,0
kansai_site_59e12ca75617,阪急電鉄 正雀変電所,kansai,n12459923243,none,1,0,0,0,0,0,0,0,0,0,0,,,no_observed,0,0,0,0,0,0,0
kansai_site_5a6bd328bb28,日置荘西町四丁変電所,kansai,w1332372996,none,0,0,0,0,0,0,0,0,0,0,0,,,no_observed,0,0,0,0,0,0,0
kansai_site_5a6f1c9b082e,和田山町玉置変電所,kansai,w1011217192,lines_only,0,0,0,0,0,0,0,0,0,0,0,,,no_observed,0,0,4,0,0,0,0
kansai_site_5a8dc2ec4aff,京北開閉所,kansai,w421647841,conductors_only,1,2,10,0,10,10,4,0,0,0,0,,,no_observed,7,0,3,2,0,0,0
kansai_site_5ad695ebd8fd,天美変電所,kansai,w999210196,none,0,0,0,0,0,0,0,0,0,0,0,,,no_observed,0,0,0,0,0,0,0
kansai_site_5b1ff6270622,三田変電所,kansai,w1325618354,none,0,0,1,0,0,0,0,0,0,0,0,,,no_observed,3,0,0,0,0,0,0
kansai_site_5b7b5b8107fd,内原変電所,kansai,w472081613,lines_only,1,2,0,0,0,0,0,0,0,0,0,,,no_observed,0,2,0,0,1,0,0
kansai_site_5bc619cbd735,藤井寺の変電所,kansai,w78295400,lines_only,1,1,0,1,0,0,0,0,0,0,0,,,no_observed,0,2,0,0,0,2,0
kansai_site_5c04e0b2059d,別府変電所,kansai,w439098248,conductors_only,2,2,0,0,0,0,0,0,1,0,0,77/22,,no_observed,0,3,8,2,1,0,0
kansai_site_5c0b5cd61a6f,福井二丁目変電所,kansai,w1085615167,lines_only,0,0,0,0,0,0,0,0,0,0,0,,,no_observed,0,0,0,0,0,0,0
kansai_site_5c188fd87007,追分南八丁目変電所,kansai,w707961022,none,1,0,0,0,0,0,1,0,0,0,0,,,no_observed,1,0,8,0,0,0,0
kansai_site_5c21db5a35db,木戸二丁目変電所,kansai,w109826955,none,1,0,0,0,0,0,1,0,0,0,0,,,no_observed,1,0,0,0,0,0,0
kansai_site_5c3f447e3964,山崎町変電所,kansai,w1096709063,lines_only,0,0,0,0,0,0,0,0,0,0,0,,,no_observed,0,1,0,0,0,0,0
kansai_site_5c6009c22f62,長野変電所,kansai,w204404888,lines_only,0,0,0,0,0,0,0,0,0,0,0,,,no_observed,0,1,0,0,0,0,0
kansai_site_5c68c9563754,螢谷変電所,kansai,w1411744120,lines_only,1,1,0,0,0,0,0,0,0,0,0,,,no_observed,0,0,0,0,1,0,0
kansai_site_5cd9b15e3b5e,中筋二丁目変電所,kansai,w110689093,none,2,0,0,0,0,0,0,0,1,0,0,154/77,,no_observed,0,0,3,0,0,0,0
kansai_site_5d312a9b5bca,佐那具町変電所,kansai,w824955100,lines_only,1,1,0,0,0,0,0,0,0,0,0,,,no_observed,0,1,1,0,1,0,0
kansai_site_5d62090fde92,西屋変電所,kansai,w1307899431,none,0,0,0,0,0,0,0,0,0,0,0,,,no_observed,0,0,1,0,0,0,0
kansai_site_5d810625da29,市岡変電所,kansai,w742353265,none,0,0,0,0,0,0,0,0,0,0,0,,,no_observed,0,0,0,0,0,0,0
kansai_site_5d95620a3aa0,荒木町変電所,kansai,w758875649,lines_only,1,1,0,0,0,0,0,0,0,0,0,,,no_observed,0,1,0,0,0,3,0
kansai_site_5db1f6fdb41c,北葛城変電所,kansai,n11250631836,none,2,0,4,0,0,0,9,0,1,0,0,275/77,,no_observed,8,0,6,0,0,0,0
kansai_site_5e043c45d857,関西電力(株) 神岡変電所,kansai,w549906469,none,0,0,0,0,0,0,0,0,0,0,0,,,no_observed,0,0,0,0,0,0,0
kansai_site_5e2c0ce1cf3a,書写変電所,kansai,w839843409,none,1,0,0,0,0,0,0,0,0,0,0,,,no_observed,0,0,3,0,0,0,0
kansai_site_5e6ccb5e1f19,築港変電所,kansai,w689783541,none,0,0,0,0,0,0,0,0,0,0,0,,,no_observed,0,0,2,0,0,0,0
kansai_site_5e6e5515adfa,豊岡変電所,kansai,w491775511,lines_only,3,3,0,1,0,0,0,0,2,0,0,77/33;33/6,,no_observed,0,3,4,0,2,0,0
kansai_site_5ebb6e881ac0,関西電力 庄内変電所,kansai,w1454350045,none,0,0,0,0,0,0,0,0,0,0,0,,,no_observed,0,0,0,0,0,0,0
kansai_site_5ed145a6bf8e,小松変電所,kansai,w1112853662,none,1,0,0,0,0,0,0,0,0,0,0,,,no_observed,0,0,2,0,0,0,0
kansai_site_5ee531d8976d,関西電力 一庫変電所,kansai,w144356017,none,0,0,0,0,0,0,0,0,0,0,0,,,no_observed,0,0,0,0,0,0,0
kansai_site_5efb544095ea,古田変電所,kansai,w703375564,lines_only,0,0,0,0,0,0,0,0,0,0,0,,,no_observed,0,1,5,0,0,0,0
kansai_site_5f428db66f40,垂坂町変電所,kansai,w876142329,none,0,0,0,0,0,0,0,0,0,0,0,,,no_observed,0,0,0,0,0,0,0
kansai_site_5fab25ae96f3,仁川変電所,kansai,r13146946,conductors_only,1,1,0,0,0,0,0,0,0,0,0,,,no_observed,0,0,8,1,0,0,0
kansai_site_5fad253d1b74,西区変電所_5,kansai,w703503025,lines_only,0,0,0,0,0,0,0,0,0,0,0,,,no_observed,0,1,3,0,0,0,0
kansai_site_5fc747731804,梅林二丁目変電所,kansai,w1413460188,none,1,0,0,0,0,0,0,0,0,0,0,,,no_observed,0,0,1,0,0,0,0
kansai_site_60169bb6cd81,色浜変電所,kansai,w944029864,lines_only,2,1,0,1,0,0,0,0,1,0,0,500/275,,no_observed,0,2,9,0,2,0,0
kansai_site_6042595372c4,市屋変電所,kansai,w1052949263,none,0,0,0,0,0,0,0,0,0,0,0,,,no_observed,0,0,3,0,0,0,0
kansai_site_606bd8316941,明星町四丁目変電所,kansai,w218073261,conductors_only,0,0,3,0,3,3,0,0,0,0,0,,,no_observed,0,4,7,0,0,0,0
kansai_site_60a6f361b346,粟生新家三丁目変電所,kansai,w111510598,none,0,0,0,0,0,0,0,0,0,0,0,,,no_observed,0,0,11,0,0,0,0
kansai_site_6148db7c88ba,石切変電所,kansai,w158522651,conductors_only,1,2,0,0,0,0,0,0,0,0,0,,,no_observed,0,0,0,2,0,0,2
kansai_site_61674515286a,広川町変電所,kansai,w472303040,lines_only,0,0,0,0,0,0,0,0,0,0,0,,,no_observed,0,1,1,0,0,0,0
kansai_site_621e77f4cf4b,多奈川変電所,kansai,w1344336054,conductors_only,2,2,0,1,0,0,0,0,1,0,0,275/77,,no_observed,0,5,22,1,0,0,0
kansai_site_62913b6e4d27,網干区大江島変電所,kansai,w798162362,lines_only,2,2,0,1,0,0,0,0,1,0,0,77/33,,no_observed,0,2,21,0,1,2,0
kansai_site_629b3572cff0,中須佐変電所,kansai,w1274323592,none,0,0,0,0,0,0,0,0,0,0,0,,,no_observed,0,0,0,0,0,0,0
kansai_site_62a93cb8a52b,石原変電所,kansai,w581633640,none,0,0,0,0,0,0,0,0,0,0,0,,,no_observed,0,0,0,0,0,0,0
kansai_site_63585e84467c,折居変電所,kansai,w949748575,lines_only,0,1,0,0,0,0,0,0,0,0,0,,,no_observed,0,1,0,0,1,0,0
kansai_site_642c41c2fe6e,平和町上三宅変電所,kansai,w209429392,lines_only,0,0,0,0,0,0,0,0,0,0,0,,,no_observed,0,1,0,0,0,0,0
kansai_site_642f4c82ae30,六地蔵変電所_2,kansai,w1419881477,none,0,0,0,0,0,0,0,0,0,0,0,,,no_observed,0,0,0,0,0,0,0
kansai_site_6438cd4c3e56,鳳変電所,kansai,w1332139161,none,0,0,0,0,0,0,0,0,0,0,0,,,no_observed,0,0,0,0,0,0,0
kansai_site_64a1c3b05d7e,淀川変電所,kansai,w170693194,mapped,4,6,5,0,3,5,17,1,3,8,8,500/275;275/154;154/77,275/154;275/77,contradicts,3,3,8,2,4,0,0
kansai_site_653cd1deee1a,久野部変電所,kansai,w1360892745,conductors_only,0,0,0,1,0,0,0,0,0,0,0,,,no_observed,0,5,14,0,0,0,0
kansai_site_65aa0ba2036f,宝塚変電所,kansai,w1293930777,lines_only,1,1,0,0,0,0,0,0,0,0,0,,,no_observed,0,1,0,0,1,0,0
kansai_site_65dac9f4e19b,大久保変電所,kansai,w262535107,none,0,0,0,0,0,0,0,0,0,0,0,,,no_observed,0,0,0,0,0,0,0
kansai_site_65e519b85089,白山町垣内変電所,kansai,w612075386,lines_only,0,0,0,0,0,0,0,0,0,0,0,,,no_observed,0,1,0,0,0,0,0
kansai_site_664c09fe5722,宿久庄二丁目変電所,kansai,w111509099,none,0,0,0,0,0,0,0,0,0,0,0,,,no_observed,0,0,13,0,0,0,0
kansai_site_6651597b42b2,阪急電鉄 千里変電所,kansai,w191539412,none,2,0,0,0,0,0,0,0,1,0,0,154/77,,no_observed,0,0,16,0,0,0,0
kansai_site_6680caa2ee47,山之内四丁目変電所,kansai,w290481932,none,0,0,0,0,0,0,0,0,0,0,0,,,no_observed,0,0,0,0,0,0,0
kansai_site_66b24758cc94,広野変電所_2,kansai,w1095099621,none,1,0,0,0,0,0,0,0,0,0,0,,,no_observed,0,0,3,0,0,0,0
kansai_site_66dfead14a16,南角変電所,kansai,w702685450,none,1,0,0,0,0,0,0,0,0,0,0,,,no_observed,0,0,9,0,0,0,0
kansai_site_678205a1de7e,西尾張変電所,kansai,w170793703,lines_only,2,3,0,1,0,0,0,0,1,0,0,275/154,,no_observed,0,4,0,0,5,0,10
kansai_site_67c3473cb5b9,青垣町佐治変電所,kansai,w1080897557,none,0,0,0,0,0,0,0,0,0,0,0,,,no_observed,0,0,1,0,0,0,0
kansai_site_67e53dfbb86a,高月町変電所,kansai,w472037177,conductors_only,0,0,0,1,0,0,0,0,0,0,0,,,no_observed,0,4,11,0,0,0,0
kansai_site_67e8c9a6c39e,狭山四丁目変電所,kansai,w109816356,none,1,0,0,0,0,0,0,0,0,0,0,,,no_observed,0,0,2,0,0,0,0
kansai_site_67f0b3ab8b08,北摂変電所,kansai,w170605907,mapped,3,3,8,0,3,8,22,0,2,5,5,500/275;275/77,500/275;275/77,same,18,12,38,15,12,0,0
kansai_site_681cdaab259c,応神変電所,kansai,w309044211,conductors_only,1,1,0,1,0,0,0,0,0,0,0,,,no_observed,0,14,11,2,7,0,0
kansai_site_68726ac4c2a1,広畑区蒲田五丁目変電所,kansai,w536311388,lines_only,1,1,0,1,0,0,0,0,0,0,0,,,no_observed,0,2,0,0,1,0,0
kansai_site_68b64739424d,梶原六丁目変電所_3,kansai,w968803616,lines_only,5,1,5,0,0,0,17,0,4,0,0,500/275;275/154;154/77;77/25,,no_observed,3,1,12,0,1,0,0
kansai_site_68de0aaab70f,新神戸変電所,kansai,w110340505,mapped,2,3,4,0,2,4,14,0,1,4,4,275/77,275/77,same,10,2,19,5,2,0,0
kansai_site_690e7f746766,北櫻変電所_2,kansai,n7169142328,none,0,0,0,0,0,0,0,0,0,0,0,,,no_observed,0,0,0,0,0,0,0
kansai_site_692e457cef2d,土生変電所,kansai,w192060601,none,1,0,0,0,0,0,0,0,0,0,0,,,no_observed,0,0,2,0,0,0,0
kansai_site_69e485f11a83,山南町山崎変電所_2,kansai,w1303417792,none,0,0,0,0,0,0,0,0,0,0,0,,,no_observed,0,0,3,0,0,0,0
kansai_site_6a1541f14d90,楠三丁目変電所,kansai,w704078186,lines_only,1,1,0,0,0,0,0,0,0,0,0,,,no_observed,0,1,0,0,1,0,0
kansai_site_6a4f01dc92a2,楠町北一色変電所,kansai,w181577818,lines_only,0,0,0,0,0,0,0,0,0,0,0,,,no_observed,0,1,2,0,0,0,0
kansai_site_6ac3ff21d9b0,南河内変電所,kansai,w191476516,lines_only,2,3,0,1,0,0,0,0,1,0,0,275/77,,no_observed,0,3,1,0,3,0,0
kansai_site_6aec5f65906b,手平変電所,kansai,w483206758,conductors_only,2,3,0,1,0,0,0,0,1,0,0,77/6,,no_observed,0,5,0,1,0,0,0
kansai_site_6b869f4c1a61,富岡町変電所,kansai,w1296386122,lines_only,1,1,0,0,0,0,0,0,0,0,0,,,no_observed,0,1,1,0,1,0,0
kansai_site_6b8feb22d6e1,穂積変電所,kansai,w161958477,none,0,0,0,0,0,0,0,0,0,0,0,,,no_observed,0,0,0,0,0,0,0
kansai_site_6bc6da1c5e03,亀岡変電所,kansai,w871617518,none,1,0,0,0,0,0,1,0,0,0,0,,,no_observed,1,0,0,0,0,0,0
kansai_site_6bd1e522fd76,向洋町中五丁目変電所,kansai,w873366994,none,0,0,0,0,0,0,0,0,0,0,0,,,no_observed,0,0,0,0,0,0,0
kansai_site_6bd5e92572c1,蜂屋変電所,kansai,w1384460156,none,0,0,0,0,0,0,0,0,0,0,0,,,no_observed,0,0,7,0,0,0,0
kansai_site_6c1148dd641c,今津町桜町二丁目変電所,kansai,w775847777,lines_only,1,1,0,0,0,0,0,0,0,0,0,,,no_observed,0,1,3,0,1,0,0
kansai_site_6c48cb1a694e,JR大和郡山変電所,kansai,w484350508,lines_only,0,0,0,0,0,0,0,0,0,0,0,,,no_observed,0,1,0,0,0,0,0
kansai_site_6ca196c33f38,谷変電所,kansai,w1543006359,conductors_only,2,1,0,1,0,0,0,0,1,0,0,275/77,,no_observed,0,5,3,1,0,0,0
kansai_site_6d17cde65a07,我孫子変電所,kansai,w828681247,lines_only,1,1,0,0,0,0,0,0,0,0,0,,,no_observed,0,1,2,0,1,0,0
kansai_site_6db56c1f4a6a,旭ヶ丘変電所,kansai,w959203667,none,0,0,0,0,0,0,0,0,0,0,0,,,no_observed,0,0,0,0,0,0,0
kansai_site_6dd3bc1bdeca,長曽根変電所,kansai,w191434705,conductors_only,2,3,0,3,0,0,0,0,1,0,0,154/77,,no_observed,0,6,12,0,5,0,4
kansai_site_6df71370f81b,西浅井町塩津浜変電所,kansai,w834429509,lines_only,1,0,0,0,0,0,0,0,0,0,0,,,no_observed,0,1,4,0,0,0,0
kansai_site_6dfb2ca82804,御崎七丁目変電所,kansai,w893858378,conductors_only,1,0,0,0,0,0,0,0,0,0,0,,,no_observed,0,1,3,0,0,0,0
kansai_site_6e8e5ea38829,七日市変電所,kansai,w997445900,conductors_only,1,1,0,1,0,0,0,0,0,0,0,,,no_observed,0,3,7,0,1,0,0
kansai_site_6ecfdeefc227,大協町二丁目変電所,kansai,w619265281,none,1,0,0,0,0,0,0,0,0,0,0,,,no_observed,0,0,1,0,0,0,0
kansai_site_6f4ad6b93389,関西電力送配電 百済変電所,kansai,w1135613720,none,0,0,0,0,0,0,0,0,0,0,0,,,no_observed,0,0,0,0,0,0,0
kansai_site_6f52de5f47b3,宇治市変電所,kansai,w691052545,lines_only,1,1,0,0,0,0,0,0,0,0,0,,,no_observed,0,1,3,0,1,0,0
kansai_site_6f5b5b5fc22e,勝野変電所,kansai,w775847773,lines_only,1,0,0,0,0,0,0,0,0,0,0,,,no_observed,0,1,4,0,0,0,0
kansai_site_6fdd2ed3b641,田宮変電所,kansai,w1189843918,conductors_only,1,2,0,0,0,0,0,0,0,0,0,,,no_observed,0,1,2,0,1,0,0
kansai_site_6fe1273c4ba8,加美東六丁目変電所,kansai,w679132976,none,0,0,0,0,0,0,0,0,0,0,0,,,no_observed,0,0,2,0,0,0,0
kansai_site_707927a89121,北島橋変電所,kansai,w1204471463,conductors_only,2,3,0,1,0,0,0,0,1,0,0,77/6,,no_observed,0,2,0,2,0,0,2
kansai_site_7094f6b74517,田ノ浦変電所_2,kansai,w809871337,conductors_only,1,1,8,1,3,6,23,0,0,0,0,,,no_observed,2,0,26,0,0,0,0
kansai_site_70c3441c2233,天王寺変電所,kansai,w1332139916,none,1,0,0,0,0,0,0,0,0,0,0,,,no_observed,0,0,0,0,0,0,0
kansai_site_70d12cc8da1a,橋本変電所,kansai,w921530252,none,0,0,0,0,0,0,0,0,0,0,0,,,no_observed,0,0,0,0,0,0,0
kansai_site_71536cd6ed8d,田ノ浦変電所,kansai,w809871336,conductors_only,1,0,8,1,1,2,23,0,0,0,0,,,no_observed,2,0,26,0,0,0,0
kansai_site_718a8f6cde3d,大浜変電所,kansai,w690890526,lines_only,3,2,0,2,0,0,0,0,2,0,0,154/77;77/22,,no_observed,0,4,29,0,4,0,4
kansai_site_71b9f4b2f8ac,加悦変電所,kansai,w781992804,lines_only,0,0,0,0,0,0,0,0,0,0,0,,,no_observed,0,1,0,0,0,0,0
kansai_site_71ca6b2fae78,サイドタウン三丁目変電所_2,kansai,n7169139756,none,0,0,0,0,0,0,0,0,0,0,0,,,no_observed,0,0,0,0,0,0,0
kansai_site_7297bf1b89e0,関西電力 金岡変電所,kansai,w1523751118,none,0,0,0,0,0,0,0,0,0,0,0,,,no_observed,0,0,0,0,0,0,0
kansai_site_729e6340546e,飾磨区細江変電所,kansai,w798162365,lines_only,1,1,0,0,0,0,0,0,0,0,0,,,no_observed,0,0,9,0,0,3,0
kansai_site_72c49a82abbb,湖東変電所,kansai,w190631098,mapped,3,3,4,0,2,4,28,0,2,7,7,275/154;154/77,,no_observed,20,12,18,2,1,0,0
kansai_site_73243f75de02,大池変電所,kansai,w619771532,lines_only,0,0,0,0,0,0,0,0,0,0,0,,,no_observed,0,1,0,0,0,0,0
kansai_site_73c79ce0853f,西大寺変電所,kansai,w161509325,none,0,0,0,0,0,0,0,0,0,0,0,,,no_observed,0,0,0,0,0,0,0
kansai_site_73fa3fc7da82,玉出東一丁目変電所,kansai,w159159596,none,0,0,0,0,0,0,0,0,0,0,0,,,no_observed,0,0,0,0,0,0,0
kansai_site_746653464720,関西電力送配電 錦綾変電所,kansai,w1510408519,none,0,0,0,0,0,0,0,0,0,0,0,,,no_observed,0,0,0,0,0,0,0
kansai_site_74f4973646de,新田辺変電所,kansai,w1223823016,lines_only,3,4,0,1,0,0,0,0,2,0,0,77/33;33/6,,no_observed,0,3,0,0,3,0,0
kansai_site_760e2458e907,肥子町一丁目変電所,kansai,w556936495,none,0,0,0,0,0,0,0,0,0,0,0,,,no_observed,0,0,0,0,0,0,0
kansai_site_7626aa78cd8f,男山変電所_2,kansai,w637751987,none,1,0,0,0,0,0,0,0,0,0,0,,,no_observed,0,0,1,0,0,0,0
kansai_site_7704befe2fa7,鈴鹿変電所,kansai,w500032513,none,0,0,0,0,0,0,0,0,0,0,0,,,no_observed,0,0,3,0,0,0,0
kansai_site_7785a3f241a5,Yasukiyocho変電所,kansai,w1219903111,lines_only,1,1,0,0,0,0,0,0,0,0,0,,,no_observed,0,1,0,0,1,0,0
kansai_site_779646fd510b,JR西日本 四条畷変電所,kansai,w1306669672,none,0,0,0,0,0,0,0,0,0,0,0,,,no_observed,0,0,0,0,0,0,0
kansai_site_77c0b557ccb4,下大榑新田変電所,kansai,w192599334,lines_only,1,1,0,1,0,0,0,0,0,0,0,,,no_observed,0,3,3,0,1,0,0
kansai_site_780b29042985,七宝変電所,kansai,w205345027,lines_only,2,3,0,1,0,0,0,0,1,0,0,154/77,,no_observed,0,3,3,0,1,2,4
kansai_site_7815ba9379b9,手原一丁目変電所,kansai,w1386514692,none,0,0,0,0,0,0,0,0,0,0,0,,,no_observed,0,0,0,0,0,0,0
kansai_site_781d266e2c56,中百舌鳥町一丁変電所,kansai,w1016410339,none,0,0,0,0,0,0,0,0,0,0,0,,,no_observed,0,0,0,0,0,0,0
kansai_site_784d40ad3b1b,旭変電所,kansai,w1134533370,lines_only,0,0,0,0,0,0,0,0,0,0,0,,,no_observed,0,1,0,0,0,0,0
kansai_site_7871b6175c94,生瀬町一丁目変電所_2,kansai,w981622101,lines_only,0,0,0,0,0,0,0,0,0,0,0,,,no_observed,0,1,4,0,0,0,0
kansai_site_7930af28608f,北野変電所,kansai,w570571541,none,0,0,0,0,0,0,0,0,0,0,0,,,no_observed,0,0,0,0,0,0,0
kansai_site_79477737f7c6,高島市変電所,kansai,w990468670,lines_only,0,0,0,0,0,0,0,0,0,0,0,,,no_observed,0,1,1,0,0,0,0
kansai_site_79c6b38a61a6,北鳴尾変電所,kansai,w927459191,none,0,0,0,0,0,0,0,0,0,0,0,,,no_observed,0,0,0,0,0,0,0
kansai_site_79d2bee8dc60,岩井東町変電所,kansai,w489793579,none,1,0,0,0,0,0,0,0,0,0,0,,,no_observed,0,0,4,0,0,0,0
kansai_site_7a2db7d778cd,日置江八丁目変電所,kansai,w162060302,lines_only,1,1,0,0,0,0,0,0,0,0,0,,,no_observed,0,1,0,0,1,0,0
kansai_site_7aa10d59b4ad,匠台変電所,kansai,w726970826,none,0,0,0,0,0,0,0,0,0,0,0,,,no_observed,0,0,1,0,0,0,0
kansai_site_7b477e2ad238,大字縄生変電所,kansai,w184886009,conductors_only,2,1,0,1,0,0,0,0,1,0,0,275/77,,no_observed,0,8,19,0,1,0,0
kansai_site_7b7d84113aff,広陵変電所,kansai,w621899651,lines_only,2,3,0,1,0,0,0,0,1,0,0,77/6,,no_observed,0,2,2,0,2,0,0
kansai_site_7c5c25b23415,勝浦変電所,kansai,w624295020,layout_only,0,0,0,1,0,0,0,0,0,1,0,,,no_observed,0,2,0,0,0,0,0
kansai_site_7c835e005bd7,新六甲変電所,kansai,w110340503,partial,2,1,4,0,1,1,14,0,1,2,0,275/77,,no_observed,10,3,6,2,1,0,0
kansai_site_7caac3e08a94,網干変電所,kansai,w484927166,lines_only,2,2,0,1,0,0,0,0,1,0,0,77/33,,no_observed,0,5,18,0,2,0,6
kansai_site_7d55cf481527,関西電力送配電 枚岡変電所,kansai,w1263942013,none,0,0,0,0,0,0,0,0,0,0,0,,,no_observed,0,0,0,0,0,0,0
kansai_site_7d853d9ee713,別所町佐土一丁目変電所,kansai,w1413198923,lines_only,2,1,0,0,0,0,0,0,1,0,0,275/25,,no_observed,0,0,3,0,1,0,0
kansai_site_7e1ecc94a964,高塚台四丁目変電所,kansai,w741182261,none,0,0,0,0,0,0,0,0,0,0,0,,,no_observed,0,0,0,0,0,0,0
kansai_site_7e51bfcadff7,北葛城変電所,kansai,w160374974,mapped,2,4,4,0,2,4,9,0,1,4,4,275/77,275/77,same,8,0,6,1,2,0,0
kansai_site_7e6a5cd66c37,神成町二丁目変電所,kansai,w1292416260,conductors_only,1,1,0,1,0,0,0,0,0,0,0,,,no_observed,0,7,3,0,1,0,0
kansai_site_7ef418b8cc39,堅田変電所,kansai,w1001970371,conductors_only,1,2,0,2,0,0,0,0,0,0,0,,,no_observed,0,6,4,0,2,0,0
kansai_site_7f0032d83d33,西久宝寺変電所,kansai,w679132979,none,0,0,0,0,0,0,0,0,0,0,0,,,no_observed,0,0,3,0,0,0,0
kansai_site_7fc4736ce0f4,寝屋川変電所,kansai,w1332138058,none,0,0,0,0,0,0,0,0,0,0,0,,,no_observed,0,0,0,0,0,0,0
kansai_site_800b0be86a28,畝傍変電所,kansai,w628925430,lines_only,1,1,0,0,0,0,0,0,0,0,0,,,no_observed,0,0,2,0,0,2,0
kansai_site_805dd3a4d65e,下津変電所,kansai,w472370244,lines_only,1,1,0,0,0,0,0,0,0,0,0,,,no_observed,0,1,0,0,1,0,0
kansai_site_80b57b407f0f,豊岡変電所,kansai,w799283877,none,0,0,0,0,0,0,0,0,0,0,0,,,no_observed,0,0,2,0,0,0,0
kansai_site_81537a63e186,新生駒 変電所,kansai,w161727149,mapped,4,4,9,0,4,9,27,0,3,2,2,500/275;275/154;154/77,500/275,partial,22,0,47,17,0,0,0
kansai_site_8240e41c9265,南大垣変電所 (Ogaki Hendensho),kansai,w211946839,lines_only,1,1,0,0,0,0,0,0,0,0,0,,,no_observed,0,1,0,0,0,0,4
kansai_site_828c65e51541,春宮変電所,kansai,w1204423704,lines_only,2,2,0,0,0,0,0,0,1,0,0,77/6,,no_observed,0,1,0,0,1,0,0
kansai_site_828f083803bf,郡津東変電所,kansai,w561277266,none,0,0,0,0,0,0,0,0,0,0,0,,,no_observed,0,0,0,0,0,0,0
kansai_site_82970dacea97,大字東金井変電所,kansai,w184899090,none,2,0,0,0,0,0,0,0,1,0,0,275/77,,no_observed,0,0,28,0,0,0,0
kansai_site_82995cee2edd,夙川変電所,kansai,w831676729,lines_only,1,1,0,0,0,0,0,0,0,0,0,,,no_observed,0,0,0,0,0,0,2
kansai_site_82dbb789b43f,近鉄上市変電所,kansai,w561659095,lines_only,0,0,0,0,0,0,0,0,0,0,0,,,no_observed,0,1,1,0,0,0,0
kansai_site_831e8f4ad42a,南勢変電所,kansai,w241923317,lines_only,3,3,0,3,0,0,0,0,2,0,0,275/154;154/77,,no_observed,0,7,3,0,7,0,6
kansai_site_8356fb1918a4,八田変電所,kansai,w1163087197,none,0,0,0,0,0,0,0,0,0,0,0,,,no_observed,0,0,0,0,0,0,0
kansai_site_83654f146f91,豊新二丁目変電所,kansai,w1385338771,none,1,0,0,0,0,0,0,0,0,0,0,,,no_observed,0,0,5,0,0,0,0
kansai_site_836eef08ee8f,唐国変電所,kansai,w1332412533,none,0,0,0,0,0,0,0,0,0,0,0,,,no_observed,0,0,0,0,0,0,0
kansai_site_83989f4b571f,西区変電所_8,kansai,w493583653,none,0,0,0,0,0,0,0,0,0,0,0,,,no_observed,0,0,1,0,0,0,0
kansai_site_83e9d4936b27,外川変電所,kansai,w1300783689,lines_only,1,1,0,0,0,0,0,0,0,0,0,,,no_observed,0,1,1,0,0,0,0
kansai_site_84db04f37bb5,須磨変電所,kansai,w325906152,lines_only,1,1,0,1,0,0,0,0,0,0,0,,,no_observed,0,2,12,0,2,2,0
kansai_site_84fe8a4d1070,南京都変電所,kansai,w161870227,mapped,3,6,6,0,4,6,25,0,2,6,6,500/275;275/154,500/275;500/154,contradicts,21,3,48,16,6,0,0
kansai_site_85165fa56f72,浜田変電所,kansai,w433824954,lines_only,3,4,0,0,0,0,0,0,2,0,0,77/33;33/6,,no_observed,0,3,4,0,2,0,0
kansai_site_852f25f91cf2,伏屋九丁目変電所,kansai,w161767717,lines_only,1,2,0,1,0,0,0,0,0,0,0,,,no_observed,0,2,0,0,2,0,0
kansai_site_8534d50ccaa0,西区変電所_7,kansai,w1377069831,none,0,0,0,0,0,0,0,0,0,0,0,,,no_observed,0,0,1,0,0,0,0
kansai_site_854e20a59b42,西大久保変電所,kansai,w1481708437,none,0,0,0,0,0,0,0,0,0,0,0,,,no_observed,0,0,0,0,0,0,0
kansai_site_85a35f211478,大山崎変電所,kansai,w492372789,none,0,0,0,0,0,0,0,0,0,0,0,,,no_observed,0,0,0,0,0,0,0
kansai_site_85b92680f8eb,梅原変電所,kansai,w1119793504,none,0,0,0,0,0,0,0,0,0,0,0,,,no_observed,0,0,0,0,0,0,0
kansai_site_85fdcbb52240,富田林変電所,kansai,w1300835314,lines_only,1,1,0,1,0,0,1,0,0,0,0,,,no_observed,3,1,6,0,1,0,0
kansai_site_865d89319fc4,徳島市変電所,kansai,w643136001,lines_only,0,0,0,0,0,0,0,0,0,0,0,,,no_observed,0,1,1,0,0,0,0
kansai_site_8686c7c4171d,和田変電所,kansai,w1098570489,none,0,0,0,0,0,0,0,0,0,0,0,,,no_observed,0,0,0,0,0,0,0
kansai_site_86cd0dfb916b,中宮変電所,kansai,w1369401412,none,0,0,0,0,0,0,0,0,0,0,0,,,no_observed,0,0,0,0,0,0,0
kansai_site_87249e2a4ddb,篠山変電所,kansai,w962105915,none,1,0,0,0,0,0,0,0,0,0,0,,,no_observed,0,0,1,0,0,0,0
kansai_site_876d754bf153,敷津変電所,kansai,w191476518,lines_only,1,2,0,1,0,0,0,0,0,0,0,,,no_observed,0,3,0,0,1,0,2
kansai_site_87743d42a97f,垂水変電所,kansai,n12979431167,none,1,0,0,0,0,0,0,0,0,0,0,,,no_observed,0,0,0,0,0,0,0
kansai_site_87a41652bbb7,大字音羽変電所,kansai,w209443607,lines_only,0,0,0,0,0,0,0,0,0,0,0,,,no_observed,0,1,0,0,0,0,0
kansai_site_87e830d44fa0,河芸町東千里変電所,kansai,w184553236,lines_only,0,0,0,0,0,0,0,0,0,0,0,,,no_observed,0,1,2,0,0,0,0
kansai_site_880be655d022,六地蔵変電所,kansai,w508435295,none,1,0,0,0,0,0,0,0,0,0,0,,,no_observed,0,0,16,0,0,0,0
kansai_site_882017ef8c11,JR西日本明石変電所,kansai,w197174306,none,0,0,0,0,0,0,0,0,0,0,0,,,no_observed,0,0,0,0,0,0,0
kansai_site_882aba7eed66,茨田変電所,kansai,w1124726736,lines_only,2,3,0,0,0,0,0,0,1,0,0,77/6,,no_observed,0,1,1,0,1,0,0
kansai_site_883b0610e210,和歌山電力所,kansai,w390477219,lines_only,3,4,0,1,0,0,0,0,2,0,0,77/33;33/6,,no_observed,0,4,4,0,3,0,0
kansai_site_8843f29da8ca,北浜変電所,kansai,w233086674,none,0,0,0,0,0,0,0,0,0,0,0,,,no_observed,0,0,0,0,0,0,0
kansai_site_8878f964d9d9,小沢変電所,kansai,w42745332,lines_only,0,0,0,0,0,0,0,0,0,0,0,,,no_observed,0,1,0,0,0,0,0
kansai_site_8889c35bb842,河内変電所,kansai,w1204391459,lines_only,2,2,0,0,0,0,0,0,1,0,0,77/6,,no_observed,0,1,1,0,0,0,0
kansai_site_88d5894919fa,橋岡町変電所,kansai,w932906762,none,0,0,0,0,0,0,0,0,0,0,0,,,no_observed,0,0,0,0,0,0,0
kansai_site_88f9f1d5a986,興戸和井田変電所,kansai,w161849867,none,0,0,0,0,0,0,0,0,0,0,0,,,no_observed,0,0,0,0,0,0,0
kansai_site_892ab819733e,竜神変電所,kansai,w1526873614,none,0,0,0,0,0,0,0,0,0,0,0,,,no_observed,0,0,0,0,0,0,0
kansai_site_892f3a962b14,山南町山崎変電所,kansai,w643552651,lines_only,0,0,0,1,0,0,0,0,0,0,0,,,no_observed,0,2,1,0,0,0,0
kansai_site_8a7233f9ab3b,大町四丁目変電所_3,kansai,w657149659,none,0,0,0,0,0,0,0,0,0,0,0,,,no_observed,0,0,0,0,0,0,0
kansai_site_8abc746f240d,西橿原変電所,kansai,w482459490,lines_only,0,1,0,0,0,0,0,0,0,0,0,,,no_observed,0,0,0,0,0,0,2
kansai_site_8ad32ceb1011,蜂屋変電所,kansai,w1384788963,none,0,0,0,0,0,0,0,0,0,0,0,,,no_observed,0,0,7,0,0,0,0
kansai_site_8afbb61fb698,鳴門変電所,kansai,w722498909,mapped,2,2,4,0,2,4,16,0,1,2,2,187/66,187/66,same,14,10,11,8,0,0,0
kansai_site_8b0fbdcea86a,鳥取ノ荘変電所,kansai,w1332184893,none,0,0,0,0,0,0,0,0,0,0,0,,,no_observed,0,0,0,0,0,0,0
kansai_site_8b1e22de2515,天神台一丁目変電所,kansai,w959861334,lines_only,1,1,0,0,0,0,0,0,0,0,0,,,no_observed,0,1,3,0,1,0,0
kansai_site_8b54e924f07b,大津区天満変電所,kansai,w244943464,lines_only,0,0,0,0,0,0,0,0,0,0,0,,,no_observed,0,1,0,0,0,0,0
kansai_site_8bac86ef9b9d,新八幡変電所,kansai,w192288085,mapped,3,4,4,0,2,4,8,0,2,2,2,154/77;77/33,154/77,partial,6,4,3,6,0,0,0
kansai_site_8beedd0fd8eb,関ケ原町変電所,kansai,w192264747,lines_only,0,0,0,0,0,0,0,0,0,0,0,,,no_observed,0,1,6,0,0,0,0
kansai_site_8c9ecb405bda,味生変電所,kansai,w191462379,conductors_only,2,2,0,1,0,0,0,0,1,0,0,154/77,,no_observed,0,13,6,5,1,0,0
kansai_site_8cc7345dab50,伊勢町変電所,kansai,w1365537475,none,0,0,0,0,0,0,0,0,0,0,0,,,no_observed,0,0,0,0,0,0,0
kansai_site_8cfa0169f098,広野変電所,kansai,w678875158,lines_only,1,1,0,0,0,0,0,0,0,0,0,,,no_observed,0,1,2,0,1,0,0
kansai_site_8d36327587b9,升谷変電所,kansai,w997364121,none,0,0,0,0,0,0,0,0,0,0,0,,,no_observed,0,0,1,0,0,0,0
kansai_site_8d863ce5a8d6,北立花変電所,kansai,w1300389209,none,1,0,0,0,0,0,0,0,0,0,0,,,no_observed,0,0,1,0,0,0,0
kansai_site_8da2fc81872a,堅下変電所,kansai,w1188229798,none,0,0,0,0,0,0,0,0,0,0,0,,,no_observed,0,0,0,0,0,0,0
kansai_site_8db1c7e392c5,外五曲町変電所,kansai,w241916075,lines_only,1,1,0,0,0,0,0,0,0,0,0,,,no_observed,0,1,3,0,1,0,0
kansai_site_8e56af329d4b,桂下豆田町変電所,kansai,w1411747430,none,1,0,0,0,0,0,0,0,0,0,0,,,no_observed,0,0,0,0,0,0,0
kansai_site_8e65bfe29f29,左京五丁目変電所,kansai,w726967823,lines_only,2,2,0,2,0,0,0,0,1,0,0,154/77,,no_observed,0,4,3,0,0,4,0
kansai_site_8e6d4c5a18da,大野芝変電所,kansai,w866048819,none,0,0,0,0,0,0,0,0,0,0,0,,,no_observed,0,0,0,0,0,0,0
kansai_site_8f10d1d9d887,妻三丁目変電所,kansai,w859502765,lines_only,1,1,0,1,0,0,0,0,0,0,0,,,no_observed,0,2,3,0,2,0,0
kansai_site_8f130fbba29f,白木一丁目変電所,kansai,w771787168,lines_only,1,1,0,1,0,0,0,0,0,0,0,,,no_observed,0,2,3,0,2,0,0
kansai_site_8f86545d18ed,久美浜町友重変電所,kansai,w637255273,lines_only,0,0,0,1,0,0,0,0,0,0,0,,,no_observed,0,2,0,0,0,0,0
kansai_site_9013f00f440a,姫路市変電所_3,kansai,w798162366,lines_only,2,1,0,0,0,0,0,0,1,0,0,275/77,,no_observed,0,1,10,0,1,0,0
kansai_site_90cf82473753,,kansai,w491536727,none,0,0,0,0,0,0,0,0,0,0,0,,,no_observed,0,0,0,0,0,0,0
kansai_site_90d32c8dd1e4,新山科変電所,kansai,w546794665,none,0,0,0,0,0,0,0,0,0,0,0,,,no_observed,0,0,0,0,0,0,0
kansai_site_90d458227ffa,勝堂変電所,kansai,w190725701,none,1,0,0,0,0,0,0,0,0,0,0,,,no_observed,0,0,1,0,0,0,0
kansai_site_90dc3adbd692,唐崎変電所,kansai,w1305511925,lines_only,1,1,0,0,0,0,0,0,0,0,0,,,no_observed,0,1,1,0,1,0,0
kansai_site_9125ce22d984,峰山町菅変電所,kansai,w637751991,lines_only,1,1,0,2,0,0,0,0,0,0,0,,,no_observed,0,4,0,0,2,0,0
kansai_site_913db92dfd93,関西電力送配電㈱笠田変電所,kansai,w859972823,lines_only,1,1,0,0,0,0,0,0,0,0,0,,,no_observed,0,1,3,0,1,0,2
kansai_site_9144a74bf494,末広四丁目変電所,kansai,w338161842,none,0,0,0,0,0,0,0,0,0,0,0,,,no_observed,0,0,0,0,0,0,0
kansai_site_9150b924f58e,私部西一丁目変電所,kansai,w558306731,none,0,0,0,0,0,0,0,0,0,0,0,,,no_observed,0,0,0,0,0,0,0
kansai_site_926914dae547,岡変電所_2,kansai,w961857461,lines_only,0,0,0,1,0,0,0,0,0,0,0,,,no_observed,0,2,0,0,0,0,0
kansai_site_927d5e0a66de,梶原六丁目変電所,kansai,w601390296,none,4,0,5,0,0,0,17,0,3,0,0,500/275;275/154;154/77,,no_observed,3,0,9,0,0,0,0
kansai_site_935187ee0418,南小松島町変電所,kansai,w309044208,lines_only,1,2,0,1,0,0,0,0,0,0,0,,,no_observed,0,2,0,0,2,0,0
kansai_site_9381cc4a944d,日ノ岡一切経谷町変電所,kansai,w288316775,lines_only,2,2,0,1,0,0,0,0,1,0,0,154/77,,no_observed,0,2,2,0,2,0,0
kansai_site_93a8282a94cf,友井変電所,kansai,w1134469133,lines_only,2,3,0,0,0,0,0,0,1,0,0,77/6,,no_observed,0,1,0,0,1,0,0
kansai_site_93b564c8c9a1,関西電力桃谷変電所,kansai,w259532933,none,1,0,0,0,0,0,0,0,0,0,0,,,no_observed,0,0,0,0,0,0,0
kansai_site_94115c7ba8f4,相川二丁目変電所,kansai,w1115098188,none,1,0,0,0,0,0,0,0,0,0,0,,,no_observed,0,0,3,0,0,0,0
kansai_site_94288958569e,国府変電所,kansai,w1205359544,lines_only,3,5,0,0,0,0,0,0,2,0,0,77/33;33/6,,no_observed,0,2,4,0,3,0,0
kansai_site_94ac7303c598,本法寺前町変電所,kansai,n6899654604,none,0,0,0,0,0,0,0,0,0,0,0,,,no_observed,0,0,0,0,0,0,0
kansai_site_94e8a2c75692,関西電力送配電 鳥飼変電所,kansai,w1415521353,lines_only,2,1,0,0,0,0,0,0,1,0,0,154/77,,no_observed,0,0,9,0,0,0,2
kansai_site_94fe6ee3b92c,宮東町一丁目変電所,kansai,w619265279,lines_only,0,0,0,1,0,0,0,0,0,0,0,,,no_observed,0,2,2,0,0,0,0
kansai_site_95260c3d5544,武佐変電所,kansai,w253595105,lines_only,2,1,0,0,0,0,0,0,1,0,0,77/33,,no_observed,0,0,5,0,0,0,2
kansai_site_95511dd2cd98,桜田町変電所,kansai,w241916073,lines_only,1,1,0,1,0,0,0,0,0,0,0,,,no_observed,0,2,5,0,2,7,0
kansai_site_95578b3506c2,土山町変電所,kansai,w241802019,lines_only,0,1,0,0,0,0,0,0,0,0,0,,,no_observed,0,1,0,0,1,0,0
kansai_site_96096a3b4b4b,洛南変電所,kansai,w949748588,lines_only,0,3,0,0,0,0,0,0,0,0,0,,,no_observed,0,0,0,0,0,0,8
kansai_site_9643f97d1c4b,桜ヶ丘変電所,kansai,w1435780291,none,0,0,0,0,0,0,0,0,0,0,0,,,no_observed,0,0,0,0,0,0,0
kansai_site_966e3dea1c36,西宮変電所,kansai,w1093549077,none,0,0,0,0,0,0,0,0,0,0,0,,,no_observed,0,0,0,0,0,0,0
kansai_site_96d394f12100,高田町変電所,kansai,w703504484,none,1,0,0,0,0,0,0,0,0,0,0,,,no_observed,0,0,1,0,0,0,0
kansai_site_9739851b3249,竹野変電所,kansai,w1205324825,lines_only,2,1,0,0,0,0,0,0,1,0,0,77/33,,no_observed,0,1,3,0,1,0,0
kansai_site_97b2a82bcac7,五個荘町変電所,kansai,w1284143088,none,1,0,0,0,0,0,0,0,0,0,0,,,no_observed,0,0,3,0,0,0,0
kansai_site_97f777dfac4b,三条南町変電所,kansai,w157676447,none,0,0,0,0,0,0,0,0,0,0,0,,,no_observed,0,0,0,0,0,0,0
kansai_site_97fbcc4cea8a,生瀬町一丁目変電所,kansai,w658347688,lines_only,0,0,0,1,0,0,0,0,0,0,0,,,no_observed,0,2,3,0,0,0,0
kansai_site_987404aa1a0e,大津市変電所_2,kansai,w1066917232,lines_only,1,1,0,1,0,0,0,0,0,0,0,,,no_observed,0,2,0,0,0,2,0
kansai_site_98a2d9c48f3f,下瓦屋一丁目変電所,kansai,w288316777,lines_only,1,1,0,0,0,0,0,0,0,0,0,,,no_observed,0,1,0,0,1,0,0
kansai_site_98cc7455216e,白樫変電所,kansai,w485668116,lines_only,1,1,0,1,0,0,0,0,0,0,0,,,no_observed,0,2,2,0,1,3,2
kansai_site_98f4c7252c5b,長尾変電所,kansai,w1281812639,lines_only,2,2,0,0,0,0,0,0,1,0,0,77/6,,no_observed,0,1,2,0,1,0,0
kansai_site_9919f01bcec6,夢洲変電所,kansai,w1412161110,none,0,0,0,0,0,0,0,0,0,0,0,,,no_observed,0,0,0,0,0,0,0
kansai_site_992396689a68,樋ノ水町変電所,kansai,w1306682302,none,0,0,0,0,0,0,0,0,0,0,0,,,no_observed,0,0,3,0,0,0,0
kansai_site_99641d5d2a2c,湊町変電所,kansai,w1421094533,none,3,0,0,0,0,0,0,0,2,0,0,77/22;22/6,,no_observed,0,0,0,0,0,0,0
kansai_site_9990538ebbf9,板宿変電所,kansai,w1158880709,none,1,0,0,0,0,0,0,0,0,0,0,,,no_observed,0,0,1,0,0,0,0
kansai_site_99afffb3ae6e,貝塚変電所,kansai,w192046345,lines_only,1,1,0,0,0,0,0,0,0,0,0,,,no_observed,0,0,0,0,0,0,2
kansai_site_9a90961e886b,蓮台寺町変電所,kansai,w964476945,none,0,0,0,0,0,0,0,0,0,0,0,,,no_observed,0,0,1,0,0,0,0
kansai_site_9a933ce3635f,安濃町内多変電所,kansai,w1435924982,lines_only,1,0,0,0,0,0,0,0,0,0,0,,,no_observed,0,1,3,0,0,0,0
kansai_site_9a9c4a1dccb7,大町四丁目変電所,kansai,w577749487,none,0,0,0,0,0,0,0,0,0,0,0,,,no_observed,0,0,0,0,0,0,0
kansai_site_9b6cdea436f2,温泉変電所,kansai,w1205324821,lines_only,3,3,0,0,0,0,0,0,2,0,0,77/33;33/6,,no_observed,0,2,3,0,2,0,0
kansai_site_9be649204279,阪急電鉄 石橋変電所,kansai,w111261980,none,0,0,0,0,0,0,0,0,0,0,0,,,no_observed,0,0,0,0,0,0,0
kansai_site_9c35ca7e4b6b,横山町変電所,kansai,w599982051,conductors_only,0,1,1,0,1,1,0,0,0,0,0,,,no_observed,3,0,0,1,0,0,0
kansai_site_9d3cf84829af,下池田変電所,kansai,w1349620152,none,0,0,0,0,0,0,0,0,0,0,0,,,no_observed,0,0,0,0,0,0,0
kansai_site_9dca5cdd2062,山田変電所,kansai,w1442843757,lines_only,1,1,0,1,0,0,0,0,0,0,0,,,no_observed,0,2,1,0,2,0,0
kansai_site_9e79c87f332d,信達変電所,kansai,w1226606673,lines_only,3,3,0,0,0,0,0,0,2,0,0,77/22;22/6,,no_observed,0,2,6,0,2,0,0
kansai_site_9f09f889b94e,関西電力送配電 刑部変電所,kansai,w1503215466,none,1,0,0,1,0,0,1,0,0,0,0,,,no_observed,2,0,0,0,0,0,0
kansai_site_9f1084d59b9f,山本丸橋三丁目変電所,kansai,w1167872183,lines_only,0,1,0,0,0,0,0,0,0,0,0,,,no_observed,0,0,0,0,0,0,2
kansai_site_9f36bf639530,,kansai,w1522022181,none,0,0,0,0,0,0,0,0,0,0,0,,,no_observed,0,0,0,0,0,0,0
kansai_site_9f5857667435,田口変電所,kansai,w327813467,none,0,0,0,0,0,0,0,0,0,0,0,,,no_observed,0,0,0,0,0,0,0
kansai_site_9f8f3c22b345,潮江変電所,kansai,w1073498995,none,0,0,0,0,0,0,0,0,0,0,0,,,no_observed,0,0,0,0,0,0,0
kansai_site_9f9376834fb0,祖父江町祖父江変電所,kansai,w1329171243,lines_only,0,0,0,0,0,0,0,0,0,0,0,,,no_observed,0,1,1,0,0,0,0
kansai_site_9fb92df8bb3c,西宮変電所,kansai,w788114614,none,0,0,0,0,0,0,0,0,0,0,0,,,no_observed,0,0,0,0,0,0,0
kansai_site_9fd496447f4c,道明寺変電所,kansai,w160726872,partial,1,1,2,0,1,2,2,0,0,5,0,,,no_observed,3,2,3,3,2,0,2
kansai_site_a00aefa698ff,西立花町四丁目変電所,kansai,w255384210,lines_only,1,1,0,1,0,0,0,0,0,0,0,,,no_observed,0,2,8,0,0,2,0
kansai_site_a069773dd45f,鶴田町変電所,kansai,w974958269,none,0,0,0,0,0,0,0,0,0,0,0,,,no_observed,0,0,0,0,0,0,0
kansai_site_a06da660f638,三国本町二丁目変電所,kansai,w1194186092,none,1,0,0,0,0,0,0,0,0,0,0,,,no_observed,0,0,2,0,0,0,0
kansai_site_a0b2821dd75c,見野二丁目変電所,kansai,w110840992,conductors_only,1,1,0,1,0,0,0,0,0,0,0,,,no_observed,0,2,3,1,0,0,0
kansai_site_a0dda8380589,旭ヶ丘変電所,kansai,w1529942740,none,0,0,0,0,0,0,0,0,0,0,0,,,no_observed,0,0,0,0,0,0,0
kansai_site_a110cfbb9afc,関西電力 小阪変電所,kansai,w1290501378,none,0,0,0,0,0,0,0,0,0,0,0,,,no_observed,0,0,0,0,0,0,0
kansai_site_a14745a0714e,関西電力送配電 豊中変電所,kansai,w1450454835,none,0,0,0,0,0,0,0,0,0,0,0,,,no_observed,0,0,0,0,0,0,0
kansai_site_a16674c68243,塩浜町変電所,kansai,w1459064281,lines_only,0,0,0,0,0,0,0,0,0,0,0,,,no_observed,0,1,0,0,0,0,0
kansai_site_a19a0bd90dc9,神戸六丁目変電所,kansai,w436831739,none,1,0,0,0,0,0,0,0,0,0,0,,,no_observed,0,0,4,0,0,0,0
kansai_site_a1f7ec71ad3a,安田二丁目変電所,kansai,w934906561,conductors_only,2,2,0,2,0,0,0,0,1,0,0,154/77,,no_observed,0,10,1,7,0,0,0
kansai_site_a2dcf63ec7d5,男山変電所,kansai,w949748587,lines_only,3,4,0,1,0,0,0,0,2,0,0,77/22;22/6,,no_observed,0,3,0,0,2,0,0
kansai_site_a2ef9d8f12d6,,kansai,w1529959963,none,0,0,0,0,0,0,0,0,0,0,0,,,no_observed,0,0,0,0,0,0,0
kansai_site_a3bab9c077f1,海南変電所,kansai,w472594728,conductors_only,1,1,0,2,0,0,0,0,0,0,0,,,no_observed,0,5,3,1,0,0,2
kansai_site_a408789ad7bf,本巣市変電所,kansai,w832823487,conductors_only,1,1,0,1,0,0,1,0,0,0,0,,,no_observed,2,0,3,2,0,0,0
kansai_site_a458fb5cab50,米原変電所,kansai,w316459363,lines_only,1,2,0,0,0,0,0,0,0,0,0,,,no_observed,0,1,6,0,1,0,0
kansai_site_a56f403367cc,前浜変電所,kansai,w703936217,conductors_only,1,2,0,0,0,0,1,0,0,0,0,,,no_observed,1,0,2,1,1,0,0
kansai_site_a58622ae7eb4,本堅田五丁目変電所,kansai,w1001970395,lines_only,2,1,0,0,0,0,0,0,1,0,0,77/1,,no_observed,0,1,10,0,1,0,0
kansai_site_a63bc39f88ac,新島変電所,kansai,w1085257815,lines_only,1,1,0,0,0,0,0,0,0,0,0,,,no_observed,0,1,6,0,1,0,0
kansai_site_a684704e1b6d,下穂積変電所,kansai,w505704354,none,0,0,0,0,0,0,0,0,0,0,0,,,no_observed,0,0,0,0,0,0,0
kansai_site_a6dcbb61c1ad,関西電力 真砂変電所,kansai,w1465005890,none,0,0,0,0,0,0,0,0,0,0,0,,,no_observed,0,0,2,0,0,0,0
kansai_site_a7edf521ba3d,浦変電所,kansai,w724472291,lines_only,0,0,0,0,0,0,0,0,0,0,0,,,no_observed,0,1,0,0,0,0,0
kansai_site_a7f994cdb586,関西電力 光明池変電所,kansai,w1545875432,none,0,0,0,0,0,0,0,0,0,0,0,,,no_observed,0,0,0,0,0,0,0
kansai_site_a82ce06b0467,北島変電所,kansai,w831552335,lines_only,3,3,0,0,0,0,0,0,2,0,0,77/22;22/6,,no_observed,0,1,0,0,0,0,4
kansai_site_a8ee05f927ab,紀見変電所,kansai,w859502820,lines_only,1,1,0,0,0,0,0,0,0,0,0,,,no_observed,0,1,0,0,1,0,0
kansai_site_a96d813df241,揖斐変電所,kansai,w1221353543,lines_only,0,0,0,1,0,0,0,0,0,0,0,,,no_observed,0,3,2,0,0,0,0
kansai_site_a9773c11d12b,城西変電所,kansai,w404965848,lines_only,1,1,0,0,0,0,0,0,0,0,0,,,no_observed,0,1,2,0,1,0,0
kansai_site_a9d4ae2cb3f7,神戸電鉄岡場変電所,kansai,w508987002,none,0,0,0,0,0,0,0,0,0,0,0,,,no_observed,0,0,0,0,0,0,0
kansai_site_aafdcc27b0f1,北区変電所,kansai,w955921196,none,0,0,0,0,0,0,0,0,0,0,0,,,no_observed,0,0,1,0,0,0,0
kansai_site_ab105b01e7ba,関西電力 浜変電所,kansai,w1456390399,none,2,0,1,0,0,0,1,0,1,0,0,154/77,,no_observed,1,0,0,0,0,0,0
kansai_site_ab8000b40016,柳本変電所,kansai,w705862010,conductors_only,1,1,0,1,0,0,0,0,0,0,0,,,no_observed,0,2,3,1,0,0,0
kansai_site_abafa1837c8a,五十鈴町変電所,kansai,w191462453,lines_only,1,1,0,0,0,0,0,0,0,0,0,,,no_observed,0,1,5,0,1,0,2
kansai_site_ac2a52ce75b4,大字明星変電所,kansai,w241923319,none,1,0,0,0,0,0,0,0,0,0,0,,,no_observed,0,0,4,0,0,0,0
kansai_site_ac497648c76a,西崎町三丁目変電所,kansai,w643351043,none,0,0,0,0,0,0,0,0,0,0,0,,,no_observed,0,0,2,0,0,0,0
kansai_site_ac9d49430420,丹波橋変電所,kansai,w949748581,lines_only,1,1,0,0,0,0,0,0,0,0,0,,,no_observed,0,1,0,0,1,0,0
kansai_site_ad8a87924d97,千舟一丁目変電所,kansai,w1354412902,conductors_only,0,0,0,1,0,0,0,0,0,0,0,,,no_observed,0,2,1,0,0,0,0
kansai_site_ad8dd830c6ca,日野変電所,kansai,w893890606,lines_only,0,0,0,1,0,0,0,0,0,0,0,,,no_observed,0,2,1,0,0,0,0
kansai_site_adbe9a808058,島頭変電所,kansai,w1187919740,conductors_only,2,1,0,0,0,0,1,0,1,0,0,154/77,,no_observed,0,0,7,2,0,0,2
kansai_site_addde301197c,枇杷庄変電所,kansai,w704420036,none,0,0,0,0,0,0,0,0,0,0,0,,,no_observed,0,0,0,0,0,0,0
kansai_site_aded243ad095,松帆変電所,kansai,w724257855,lines_only,0,0,0,0,0,0,0,0,0,0,0,,,no_observed,0,1,0,0,0,0,0
kansai_site_ae23adcd3c43,六条西変電所,kansai,w624213962,none,2,0,0,0,0,0,0,0,1,0,0,77/6,,no_observed,0,0,0,0,0,0,0
kansai_site_ae9e9eb0e503,平群変電所,kansai,n9852918462,none,2,0,0,0,0,0,0,0,1,0,0,77/6,,no_observed,0,0,0,0,0,0,0
kansai_site_aea06d75a9ef,大津区吉美変電所,kansai,w798162361,conductors_only,2,2,0,0,0,0,0,0,1,0,0,77/33,,no_observed,0,1,22,2,0,0,0
kansai_site_af861f7104c1,招提変電所,kansai,w1382115826,none,0,0,0,0,0,0,0,0,0,0,0,,,no_observed,0,0,0,0,0,0,0
kansai_site_af907dd7aaa2,野谷変電所,kansai,w961857473,conductors_only,0,0,0,1,0,0,2,0,0,0,0,,,no_observed,2,0,0,0,0,0,0
kansai_site_b038e71228d7,加古川変電所,kansai,w1085615165,lines_only,2,1,0,1,0,0,0,0,1,0,0,77/22,,no_observed,0,4,9,0,4,0,0
kansai_site_b06518462969,日ノ岡一切経谷町変電所_2,kansai,w1190176152,lines_only,2,1,0,1,0,0,0,0,1,0,0,154/77,,no_observed,0,2,2,0,0,2,0
kansai_site_b0d09796e3a1,香芝変電所,kansai,w596700497,lines_only,1,1,0,0,0,0,0,0,0,0,0,,,no_observed,0,0,2,0,0,2,0
kansai_site_b0f6138a5e89,赤坂大門三丁目変電所,kansai,w211946855,lines_only,2,1,0,0,0,0,0,0,1,0,0,275/77,,no_observed,0,1,4,0,0,3,0
kansai_site_b21532e3189f,南大阪変電所,kansai,w108199478,mapped,2,3,4,0,2,4,18,0,1,4,4,275/77,275/77,same,12,3,15,9,0,0,2
kansai_site_b223eeb5bb2c,南山一丁目変電所,kansai,w842713549,lines_only,0,0,0,0,0,0,0,0,0,0,0,,,no_observed,0,1,0,0,0,0,0
kansai_site_b22912ed7c16,南丹市変電所,kansai,w488617389,none,0,0,0,0,0,0,0,0,0,0,0,,,no_observed,0,0,0,0,0,0,0
kansai_site_b25c2658a141,関西電力送配電 富田変電所,kansai,w1474899803,lines_only,1,1,0,1,0,0,0,0,0,0,0,,,no_observed,0,2,4,0,0,2,2
kansai_site_b2c91ed64292,牧野変電所,kansai,w1375707770,lines_only,1,2,0,1,0,0,0,0,0,0,0,,,no_observed,0,3,1,0,2,0,0
kansai_site_b2cb5386c1f9,学戸六丁目変電所,kansai,w181370874,none,0,0,0,1,0,0,1,0,0,0,0,,,no_observed,2,0,0,0,0,0,0
kansai_site_b2df9c14c907,関西電力 熊野変電所,kansai,w1449920589,none,0,0,0,0,0,0,0,0,0,0,0,,,no_observed,0,0,0,0,0,0,0
kansai_site_b344e15c5e11,湯崎変電所,kansai,w1223823017,lines_only,2,3,0,0,0,0,0,0,1,0,0,77/6,,no_observed,0,1,0,0,1,0,0
kansai_site_b373f4c79922,室津変電所,kansai,n11774492739,none,0,0,0,0,0,0,0,0,0,0,0,,,no_observed,0,0,0,0,0,0,0
kansai_site_b37c76a0a7bd,鹿の子台変電所,kansai,w478993291,none,0,0,0,0,0,0,0,0,0,0,0,,,no_observed,0,0,0,0,0,0,0
kansai_site_b3a4c1e87951,田原町変電所,kansai,w182100463,none,0,0,0,0,0,0,0,0,0,0,0,,,no_observed,0,0,0,0,0,0,0
kansai_site_b3cc2f3ce7cc,西部変電所,kansai,w170537514,partial,2,4,2,0,3,16,0,6,1,3,2,500/275,500/275,same,12,3,15,5,3,0,0
kansai_site_b4300d007461,中勢変電所,kansai,w242532736,lines_only,2,3,0,2,0,0,0,0,1,0,0,275/77,,no_observed,0,6,3,0,5,0,0
kansai_site_b43b050ec6e0,榛原角柄変電所,kansai,w435008819,none,0,0,0,0,0,0,0,0,0,0,0,,,no_observed,0,0,0,0,0,0,0
kansai_site_b4bd42906fc5,木津変電所,kansai,w1300667092,lines_only,3,4,0,0,0,0,0,0,2,0,0,77/22;22/6,,no_observed,0,1,3,0,1,0,0
kansai_site_b4f45f996903,昆陽変電所,kansai,w637520477,conductors_only,1,3,0,1,0,0,0,0,0,0,0,,,no_observed,0,5,1,1,3,0,4
kansai_site_b5a4902e2109,梅町変電所,kansai,w975438666,none,0,0,0,0,0,0,0,0,0,0,0,,,no_observed,0,0,0,0,0,0,0
kansai_site_b6c0ca0d86de,津田変電所,kansai,w904886767,conductors_only,3,4,0,1,0,0,0,0,2,0,0,77/22;22/6,,no_observed,0,8,2,1,2,0,2
kansai_site_b71349521c64,御所市変電所,kansai,w160110132,none,0,0,0,0,0,0,0,0,0,0,0,,,no_observed,0,0,0,0,0,0,0
kansai_site_b7782a04b0c6,大野変電所,kansai,w963406928,none,0,0,0,0,0,0,0,0,0,0,0,,,no_observed,0,0,2,0,0,0,0
kansai_site_b7c72ad3629a,泉北港変電所,kansai,w192046331,lines_only,2,2,0,0,0,0,0,0,1,0,0,77/6,,no_observed,0,1,1,0,1,0,0
kansai_site_b7cf25023bd3,紀三井寺変電所,kansai,w1203478600,lines_only,2,2,0,0,0,0,0,0,1,0,0,77/6,,no_observed,0,1,5,0,1,0,0
kansai_site_b83156da826b,星田北三丁目変電所,kansai,w1064855193,lines_only,1,1,0,0,0,0,0,0,0,0,0,,,no_observed,0,1,14,0,1,0,0
kansai_site_b86785ae4f9e,鶴原変電所 (Tsuruhara Hendensho),kansai,w192046346,lines_only,1,2,0,0,0,0,0,0,0,0,0,,,no_observed,0,0,0,0,0,0,2
kansai_site_b88fad87bb94,新加古川補助き電線開閉所,kansai,w1301298506,lines_only,1,1,0,0,0,0,0,0,0,0,0,,,no_observed,0,0,0,0,1,0,0
kansai_site_b89859bbce72,立花変電所,kansai,w927515266,lines_only,2,2,0,0,0,0,0,0,1,0,0,77/22,,no_observed,0,1,2,0,1,0,0
kansai_site_b8d1235b87e6,市辺変電所,kansai,w1042497529,none,0,0,0,0,0,0,0,0,0,0,0,,,no_observed,0,0,0,0,0,0,0
kansai_site_b8e0efcb39af,三宝変電所,kansai,w1507976674,none,0,0,0,0,0,0,0,0,0,0,0,,,no_observed,0,0,0,0,0,0,0
kansai_site_ba1e1a083d3c,近畿日本鉄道 富雄変電所,kansai,w161723285,none,0,0,0,0,0,0,0,0,0,0,0,,,no_observed,0,0,0,0,0,0,0
kansai_site_bb650a536142,洞ヶ峠変電所,kansai,w1281812635,lines_only,2,2,0,0,0,0,0,0,1,0,0,77/6,,no_observed,0,0,2,0,0,2,0
kansai_site_bbc3e10052c5,嶺南変電所,kansai,r11529219,partial,3,6,45,1,21,82,25,0,2,6,6,500/275;275/77,500/275,partial,28,0,30,13,1,0,2
kansai_site_bc0cfcbdbb3b,向日町変電所,kansai,w402885279,lines_only,1,0,0,0,0,0,0,0,0,0,0,,,no_observed,0,0,5,0,0,0,0
kansai_site_bc24b0aff3b6,正法寺変電所,kansai,w190631090,lines_only,2,2,0,2,0,0,0,0,1,0,0,154/77,,no_observed,0,13,8,0,0,6,0
kansai_site_bc5cfc0e596d,高の原変電所,kansai,w729087040,none,1,0,0,0,0,0,0,0,0,0,0,,,no_observed,0,0,4,0,0,0,0
kansai_site_bc61635acf3a,新旭変電所,kansai,w1069451871,conductors_only,1,1,0,0,0,0,0,0,0,0,0,,,no_observed,0,0,1,2,0,0,0
kansai_site_bca960aa012a,関西電力 岡町変電所,kansai,w1459447722,none,0,0,0,0,0,0,0,0,0,0,0,,,no_observed,0,0,0,0,0,0,0
kansai_site_bcbd64c55534,姫路市変電所_2,kansai,w798162352,lines_only,2,1,0,1,0,0,0,0,1,0,0,275/77,,no_observed,0,2,6,0,2,0,0
kansai_site_bd5422c7ca92,姫路市変電所,kansai,w367261471,lines_only,1,1,0,2,0,0,0,0,0,0,0,,,no_observed,0,5,15,0,2,0,0
kansai_site_be440223ee69,紀北変換所,kansai,w109850439,conductors_only,1,2,2,0,2,2,4,0,0,0,0,,,no_observed,6,5,9,4,1,0,0
kansai_site_be4bac807b36,京阪電鉄牧野変電所,kansai,w1375115405,none,1,0,0,0,0,0,0,0,0,0,0,,,no_observed,0,0,3,0,0,0,0
kansai_site_be77d105c27d,信達岡中変電所,kansai,w1332139731,none,0,0,0,0,0,0,0,0,0,0,0,,,no_observed,0,0,0,0,0,0,0
kansai_site_becd03144ced,都島変電所,kansai,w252853968,none,0,0,0,0,0,0,0,0,0,0,0,,,no_observed,0,0,0,0,0,0,0
kansai_site_bed9a689e52c,西大阪変電所,kansai,w110847000,lines_only,2,3,0,1,0,0,0,0,1,0,0,275/77,,no_observed,0,5,8,0,5,0,0
kansai_site_bef8c9d7f06f,忠岡変電所,kansai,w191939682,lines_only,1,2,0,0,0,0,0,0,0,0,0,,,no_observed,0,2,6,0,1,0,0
kansai_site_befc30ca2602,予野変電所,kansai,w485620924,lines_only,1,1,0,0,0,0,0,0,0,0,0,,,no_observed,0,1,2,0,1,0,2
kansai_site_bf13edecd05a,柏原町南多田変電所,kansai,w769651873,lines_only,0,0,0,0,0,0,0,0,0,0,0,,,no_observed,0,1,2,0,0,0,0
kansai_site_bf2f695be898,大津市変電所,kansai,w1002033256,none,1,0,0,0,0,0,0,0,0,0,0,,,no_observed,0,0,4,0,0,0,0
kansai_site_bf62cfa72627,荒尾町変電所,kansai,w1446708990,none,0,0,0,0,0,0,0,0,0,0,0,,,no_observed,0,0,0,0,0,0,0
kansai_site_bf8400727ea9,揖斐川町変電所_2,kansai,w643358911,none,0,0,0,0,0,0,0,0,0,0,0,,,no_observed,0,0,1,0,0,0,0
kansai_site_bff9c9421a48,尼崎変電所,kansai,w583839539,none,0,0,0,0,0,0,0,0,0,0,0,,,no_observed,0,0,0,0,0,0,0
kansai_site_c08de72d13e3,木村橋変電所,kansai,w1301298509,lines_only,1,1,0,0,0,0,0,0,0,0,0,,,no_observed,0,1,1,0,1,0,0
kansai_site_c180cdc2ee2b,南生駒変電所,kansai,w1300660468,lines_only,3,3,0,0,0,0,0,0,2,0,0,77/22;22/6,,no_observed,0,1,3,0,1,0,0
kansai_site_c19a3dd959ff,北長尾町一丁変電所,kansai,w598309009,none,1,0,0,0,0,0,0,0,0,0,0,,,no_observed,0,0,0,0,0,0,0
kansai_site_c1f4fc7f093f,岡変電所,kansai,w555069914,lines_only,1,1,0,1,0,0,0,0,0,0,0,,,no_observed,0,3,3,0,1,0,0
kansai_site_c20fb7362843,藤森変電所,kansai,w1214338294,none,0,0,0,0,0,0,0,0,0,0,0,,,no_observed,0,0,0,0,0,0,0
kansai_site_c22d8a552e91,竜王変電所,kansai,w1284131140,none,0,0,0,0,0,0,0,0,0,0,0,,,no_observed,0,0,1,0,0,0,0
kansai_site_c25d62a7c56e,茨木変電所,kansai,w1324292046,none,0,0,0,0,0,0,0,0,0,0,0,,,no_observed,0,0,1,0,0,0,0
kansai_site_c261cff4f0ed,氷取変電所,kansai,w706260430,none,0,0,0,0,0,0,0,0,0,0,0,,,no_observed,0,0,4,0,0,0,0
kansai_site_c287f2c2696f,西神戸変電所,kansai,w185032690,mapped,2,3,2,0,2,10,3,0,1,4,4,275/77,275/77,same,8,1,12,5,1,0,10
kansai_site_c29108091e22,田中変電所,kansai,w573795778,none,0,0,0,0,0,0,0,0,0,0,0,,,no_observed,0,0,0,0,0,0,0
kansai_site_c31065249d16,横大路三栖池田屋敷町変電所,kansai,w230711711,none,3,0,3,0,0,0,4,0,2,0,0,154/77;77/22,,no_observed,2,0,15,0,0,0,0
kansai_site_c32c17d8fb9a,箕島変電所,kansai,w472370240,lines_only,1,1,0,0,0,0,0,0,0,0,0,,,no_observed,0,1,0,0,1,0,0
kansai_site_c34fcd93ecfc,栄変電所,kansai,w1411744126,none,2,0,0,0,0,0,0,0,1,0,0,77/1,,no_observed,0,0,3,0,0,0,0
kansai_site_c3e594eef4bf,曽根崎 変電所,kansai,w179074622,none,0,0,0,0,0,0,0,0,0,0,0,,,no_observed,0,0,0,0,0,0,0
kansai_site_c403a5294124,緑が丘西変電所,kansai,w642985003,lines_only,1,1,0,0,0,0,0,0,0,0,0,,,no_observed,0,1,4,0,1,0,0
kansai_site_c405d8be097c,溝口変電所,kansai,w868234422,lines_only,3,4,0,2,0,0,0,0,2,0,0,77/33;33/6,,no_observed,0,5,3,0,2,0,4
kansai_site_c425af6055ee,福泉変電所,kansai,w300614820,lines_only,0,1,0,0,0,0,0,0,0,0,0,,,no_observed,0,1,0,0,0,0,2
kansai_site_c4c86ce81e28,豊崎変電所,kansai,w237064000,lines_only,1,2,0,0,0,0,0,0,0,0,0,,,no_observed,0,1,0,0,1,0,2
kansai_site_c51e2bc925d2,広陽町変電所,kansai,w708475230,lines_only,1,1,0,0,0,0,0,0,0,0,0,,,no_observed,0,1,3,0,1,0,2
kansai_site_c533e501b955,上野町変電所,kansai,w1216398734,none,0,0,0,0,0,0,0,0,0,0,0,,,no_observed,0,0,1,0,0,0,0
kansai_site_c54f9739ce89,本荘中ノ町一丁目変電所,kansai,w1411744123,none,2,0,0,0,0,0,0,0,1,0,0,154/1,,no_observed,0,0,4,0,0,0,0
kansai_site_c57e8eab8123,難波変電所,kansai,w495770432,none,2,0,0,0,0,0,0,0,1,0,0,77/6,,no_observed,0,0,0,0,0,0,0
kansai_site_c610e8874391,上保変電所,kansai,w581610479,lines_only,0,1,0,0,0,0,0,0,0,0,0,,,no_observed,0,0,0,0,0,0,2
kansai_site_c637e9a76c5e,茄子作変電所,kansai,w1105624723,lines_only,1,1,0,0,0,0,0,0,0,0,0,,,no_observed,0,1,0,0,1,0,0
kansai_site_c6c3b4d98ab9,関西電力送配電 上尾町変電所,kansai,w1492032245,lines_only,0,0,0,0,0,0,0,0,0,0,0,,,no_observed,0,0,0,0,0,0,0
kansai_site_c724e165c7cc,阿田峯変電所,kansai,w483190344,layout_only,0,0,0,1,0,0,0,0,0,4,0,,,no_observed,0,2,0,0,0,0,0
kansai_site_c7a000adc2b9,関西電力送配電 大庭変電所,kansai,w1340394838,none,0,0,0,0,0,0,0,0,0,0,0,,,no_observed,0,0,0,0,0,0,0
kansai_site_c7b47eac2f36,栗東変電所,kansai,w191382967,lines_only,2,1,0,0,0,0,0,0,1,0,0,275/154,,no_observed,0,2,7,0,1,0,0
kansai_site_c7b9f434a2c6,海南港変電所,kansai,w1328548241,conductors_only,2,3,0,3,0,0,0,0,1,0,0,275/77,,no_observed,0,32,0,4,0,0,4
kansai_site_c84b6519ef99,山添変電所,kansai,w724475334,conductors_only,1,1,0,1,0,0,0,0,0,0,0,,,no_observed,0,2,2,0,1,0,2
kansai_site_c87145ba47ea,上狛変電所,kansai,w1060981294,none,3,0,1,0,0,0,4,0,2,0,0,77/33;33/6,,no_observed,2,0,9,0,0,0,0
kansai_site_c8b98e101295,疋田変電所,kansai,w895423101,none,0,0,0,0,0,0,0,0,0,0,0,,,no_observed,0,0,0,0,0,0,0
kansai_site_c92778cf4fe8,榛原変電所,kansai,w484694098,partial,0,0,0,1,0,0,0,0,0,4,0,,,no_observed,0,4,5,0,0,0,0
kansai_site_c985d85d6ba3,真桑変電所,kansai,w1243718900,conductors_only,2,2,0,1,0,0,0,0,1,0,0,77/6,,no_observed,0,5,0,1,0,0,0
kansai_site_ca088199babf,西宿変電所,kansai,w507749319,none,0,0,0,0,0,0,0,0,0,0,0,,,no_observed,0,0,0,0,0,0,0
kansai_site_cab6386a4d3b,上野変電所_2,kansai,w1338763981,lines_only,0,0,0,0,0,0,0,0,0,0,0,,,no_observed,0,1,0,0,0,0,0
kansai_site_cb308717beba,住吉五丁目変電所,kansai,w1391800131,conductors_only,0,0,0,1,0,0,0,0,0,0,0,,,no_observed,0,2,2,0,0,0,0
kansai_site_cb54df6bdfe6,西京都変電所,kansai,w169031921,partial,3,6,5,0,3,5,18,0,2,7,5,500/275;275/154,500/275;500/154,contradicts,15,4,19,3,11,0,12
kansai_site_cb5fa4b57034,福崎変電所,kansai,w1103107653,none,1,0,0,0,0,0,0,0,0,0,0,,,no_observed,0,0,1,0,0,0,0
kansai_site_cb6e2d763e46,祇王変電所,kansai,w957253301,conductors_only,0,0,0,1,0,0,0,0,0,0,0,,,no_observed,0,8,11,0,0,0,0
kansai_site_cb9462ede9e5,開閉所,kansai,w962796302,conductors_only,1,1,2,0,2,2,1,0,0,0,0,,,no_observed,2,0,0,0,0,0,0
kansai_site_cbc8937419d0,大字福村変電所,kansai,w437023549,none,0,0,0,0,0,0,0,0,0,0,0,,,no_observed,0,0,0,0,0,0,0
kansai_site_cc8428af41cc,桂変電所,kansai,w1376663774,conductors_only,1,1,0,1,0,0,0,0,0,0,0,,,no_observed,0,3,0,1,0,0,0
kansai_site_ccb40008e640,城陽変電所,kansai,w704454570,lines_only,0,1,0,0,0,0,0,0,0,0,0,,,no_observed,0,1,2,0,1,0,0
kansai_site_cd6b748ef31a,下北山村変電所,kansai,w362343145,none,1,0,0,1,0,0,3,0,0,0,0,,,no_observed,3,0,4,0,0,0,0
kansai_site_cd738436e973,大谷四丁目変電所,kansai,w256974504,lines_only,0,1,0,0,0,0,0,0,0,0,0,,,no_observed,0,0,2,0,0,0,2
kansai_site_cdad12d0a327,浦田変電所,kansai,w191880846,lines_only,2,1,4,0,0,0,9,0,1,0,0,275/77,,no_observed,6,1,1,0,1,0,0
kansai_site_cdc54246a40c,八尾変電所,kansai,w159818212,partial,2,3,2,1,1,2,5,0,1,3,0,154/77,,no_observed,3,3,15,7,1,0,10
kansai_site_ce3581866272,田島変電所,kansai,w390755461,none,0,0,0,0,0,0,0,0,0,0,0,,,no_observed,0,0,0,0,0,0,0
kansai_site_ce73b7c3b986,道意町七丁目変電所,kansai,w195749580,conductors_only,1,1,0,1,0,0,0,0,0,0,0,,,no_observed,0,11,23,3,1,0,0
kansai_site_cf0cea62d5f7,東大阪変電所,kansai,w158522649,mapped,3,4,6,1,3,6,18,0,2,5,5,275/154;154/77,275/154;275/77,contradicts,9,5,19,7,0,0,0
kansai_site_cf0fa66198bb,嬉野中川新町二丁目変電所,kansai,w435451800,lines_only,1,1,0,0,0,0,0,0,0,0,0,,,no_observed,0,1,0,0,1,0,0
kansai_site_cf621825c2f1,柏木変電所,kansai,w241802014,conductors_only,1,1,0,0,0,0,0,0,0,0,0,,,no_observed,0,2,2,2,0,0,0
kansai_site_cfbb9dc37c20,平池変電所,kansai,w840517345,none,0,0,0,0,0,0,0,0,0,0,0,,,no_observed,0,0,0,0,0,0,0
kansai_site_cffc7d7d8147,紀の川変電所,kansai,w291678103,partial,3,5,2,2,1,2,4,0,2,3,3,500/275;275/77,500/275,partial,4,8,22,2,10,0,0
kansai_site_d0d481dc06c4,石津町二丁変電所,kansai,w192060604,lines_only,1,1,0,0,0,0,0,0,0,0,0,,,no_observed,0,1,0,0,1,0,0
kansai_site_d1d46bf07496,日野町変電所,kansai,w708333967,lines_only,0,1,0,1,0,0,0,0,0,0,0,,,no_observed,0,2,1,0,1,0,2
kansai_site_d224bc288a0f,有田変電所,kansai,w472303048,lines_only,1,1,0,0,0,0,0,0,0,0,0,,,no_observed,0,1,3,0,1,0,0
kansai_site_d25e9005a391,山口町金仙寺二丁目変電所,kansai,w768781919,lines_only,0,0,0,1,0,0,0,0,0,0,0,,,no_observed,0,2,2,0,0,0,0
kansai_site_d2ca794fd763,南港南二丁目変電所,kansai,w1355696209,none,1,0,0,0,0,0,0,0,0,0,0,,,no_observed,0,0,3,0,0,0,0
kansai_site_d2d87f6b52a5,松帆西路変電所,kansai,w724287148,conductors_only,2,2,0,1,0,0,0,0,1,0,0,187/77,,no_observed,0,3,3,1,1,0,0
kansai_site_d304b0cc991d,新加古川変電所,kansai,w325868333,partial,2,4,2,0,2,2,15,10,1,3,3,275/77,275/77,same,9,0,0,5,1,0,0
kansai_site_d339b0780c06,三宝町六丁変電所,kansai,w974785859,none,1,0,0,0,0,0,0,0,0,0,0,,,no_observed,0,0,1,0,0,0,0
kansai_site_d355c877a3c3,大宇陀変電所,kansai,n882285710,none,0,0,0,0,0,0,0,0,0,0,0,,,no_observed,0,0,0,0,0,0,0
kansai_site_d37993b4b9a2,泉南変電所,kansai,w191880853,conductors_only,2,3,0,2,0,0,0,0,1,0,0,275/77,,no_observed,0,6,7,1,2,0,0
kansai_site_d3a4958dcc53,生田町一丁目変電所,kansai,w297907170,none,0,0,0,0,0,0,0,0,0,0,0,,,no_observed,0,0,0,0,0,0,0
kansai_site_d46f2d8336ca,,kansai,w1512413260,lines_only,1,0,0,1,0,0,0,0,0,0,0,,,no_observed,0,2,5,0,0,0,0
kansai_site_d4c680f62773,向日町変電所,kansai,w201068189,lines_only,3,3,0,1,0,0,0,0,2,0,0,77/22;22/6,,no_observed,0,4,8,0,3,0,0
kansai_site_d507251407e1,魚住町錦が丘一丁目変電所,kansai,w1101188634,lines_only,0,0,0,0,0,0,0,0,0,0,0,,,no_observed,0,1,4,0,0,0,0
kansai_site_d5b54179f76e,石部南八丁目変電所,kansai,w643554732,none,0,0,0,0,0,0,0,0,0,0,0,,,no_observed,0,0,1,0,0,0,0
kansai_site_d6389e1341b1,出石変電所,kansai,w552844345,lines_only,2,3,0,1,0,0,0,0,1,0,0,77/6,,no_observed,0,3,0,0,2,0,0
kansai_site_d67fe9479190,,kansai,n13812516287,none,0,0,0,0,0,0,0,0,0,0,0,,,no_observed,0,0,0,0,0,0,0
kansai_site_d69c6bec7de3,紀寺変電所,kansai,w244813540,none,0,0,0,0,0,0,0,0,0,0,0,,,no_observed,0,0,0,0,0,0,0
kansai_site_d78e1fb8eeec,深井変電所,kansai,w191965102,lines_only,1,2,0,0,0,0,0,0,0,0,0,,,no_observed,0,1,0,0,1,0,0
kansai_site_d79b0ecb2627,粟生間谷東一丁目変電所,kansai,w111509101,lines_only,0,0,0,0,0,0,0,0,0,0,0,,,no_observed,0,1,8,0,0,0,0
kansai_site_d859780b21ed,東山七丁目変電所,kansai,w109372583,lines_only,1,1,0,0,0,0,0,0,0,0,0,,,no_observed,0,0,0,0,0,0,2
kansai_site_d85be5e5add9,堀町変電所,kansai,w853568840,lines_only,1,0,0,0,0,0,0,0,0,0,0,,,no_observed,0,1,0,0,0,0,0
kansai_site_d87ce93917c6,尼ヶ辻変電所,kansai,w729084886,none,0,0,0,0,0,0,0,0,0,0,0,,,no_observed,0,0,0,0,0,0,0
kansai_site_d8fb002e0b49,新宮変電所,kansai,w562412411,conductors_only,0,0,0,1,0,0,0,0,0,0,0,,,no_observed,0,7,0,0,0,0,0
kansai_site_d95a6e069c9e,野口町坂元変電所,kansai,w1101364248,lines_only,1,1,0,0,0,0,0,0,0,0,0,,,no_observed,0,1,1,0,1,0,0
kansai_site_d9988ed6bbf3,竹間変電所,kansai,w552407304,none,0,0,0,0,0,0,0,0,0,0,0,,,no_observed,0,0,0,0,0,0,0
kansai_site_d99fa16afadc,八幡町下村変電所,kansai,w509403715,conductors_only,0,0,0,1,0,0,0,0,0,0,0,,,no_observed,0,4,6,0,0,0,0
kansai_site_da0383279c3e,大東変電所,kansai,w1187919736,conductors_only,1,1,0,1,0,0,0,0,0,0,0,,,no_observed,0,4,0,2,0,0,0
kansai_site_da10b248981d,関町会下変電所,kansai,w618353121,none,1,0,0,1,0,0,1,0,0,0,0,,,no_observed,2,0,0,0,0,0,0
kansai_site_da8e9e5055d6,栗東市変電所,kansai,w1420126484,lines_only,0,0,0,0,0,0,0,0,0,0,0,,,no_observed,0,1,3,0,0,0,0
kansai_site_daec43128866,塚口町一丁目変電所,kansai,w850694480,lines_only,0,0,0,0,0,0,0,0,0,0,0,,,no_observed,0,1,0,0,0,0,0
kansai_site_dafa919f3bc7,近江河西変電所,kansai,w957253295,lines_only,0,0,0,0,0,0,0,0,0,0,0,,,no_observed,0,1,0,0,0,0,0
kansai_site_db0b7862e639,椎堂変電所,kansai,w1300380758,lines_only,1,1,0,0,0,0,0,0,0,0,0,,,no_observed,0,1,3,0,1,0,0
kansai_site_db549263a597,曽祢二丁目変電所,kansai,w435642412,none,1,0,0,0,0,0,0,0,0,0,0,,,no_observed,0,0,1,0,0,0,0
kansai_site_db55d8955928,変電室,kansai,w318726909,none,0,0,0,0,0,0,0,0,0,0,0,,,no_observed,0,0,0,0,0,0,0
kansai_site_db5683316ad7,西千里変電所,kansai,w695524747,none,0,0,0,0,0,0,0,0,0,0,0,,,no_observed,0,0,0,0,0,0,0
kansai_site_db5fa6354c78,西之内町変電所,kansai,w1171358402,none,1,0,0,0,0,0,0,0,0,0,0,,,no_observed,0,0,4,0,0,0,0
kansai_site_db6356c09f0c,,kansai,w1460952005,lines_only,0,0,0,0,0,0,0,0,0,0,0,,,no_observed,0,1,0,0,0,0,0
kansai_site_dbafd905fe46,六条大溝二丁目変電所,kansai,w162693754,none,0,0,0,0,0,0,0,0,0,0,0,,,no_observed,0,0,2,0,0,0,0
kansai_site_dbde1c61fa8d,湖南変電所,kansai,w190984572,partial,2,2,2,0,2,4,6,5,1,2,0,275/154,,no_observed,7,0,7,0,0,0,0
kansai_site_dbf7ae79a771,芦屋変電所,kansai,w1475206598,none,0,0,0,0,0,0,0,0,0,0,0,,,no_observed,0,0,0,0,0,0,0
kansai_site_dc12693f672b,猪名川変電所,kansai,w110682956,partial,3,3,3,1,3,4,7,5,2,6,0,500/275;275/154,,no_observed,5,0,0,0,0,0,0
kansai_site_dc31db1d233d,平野町四丁目変電所,kansai,w1311994414,lines_only,0,0,0,0,0,0,0,0,0,0,0,,,no_observed,0,1,1,0,0,0,0
kansai_site_dc8139c8c328,西ノ京西円町変電所,kansai,n6329848293,none,0,0,0,0,0,0,0,0,0,0,0,,,no_observed,0,0,0,0,0,0,0
kansai_site_dd62dd128986,下土居二丁目変電所,kansai,w578159693,lines_only,0,0,0,0,0,0,0,0,0,0,0,,,no_observed,0,0,0,0,0,0,0
kansai_site_dd7cdbcccb2c,市場変電所,kansai,w1135697940,lines_only,0,0,0,1,0,0,0,0,0,0,0,,,no_observed,0,2,0,0,0,0,0
kansai_site_ddeb1f09f857,山陽電鉄 高砂変電所,kansai,w1347029536,lines_only,2,1,0,0,0,0,0,0,1,0,0,77/22,,no_observed,0,1,9,0,1,0,0
kansai_site_de1098c5f51b,関西電力送配電 北豊中変電所,kansai,w1447011474,none,0,0,0,0,0,0,0,0,0,0,0,,,no_observed,0,0,0,0,0,0,0
kansai_site_de1684bbaf2c,下池原変電所_2,kansai,w362343148,none,1,0,0,1,0,0,3,0,0,0,0,,,no_observed,3,0,4,0,0,0,0
kansai_site_de3de7219348,二見町東二見変電所,kansai,w1101188615,none,0,0,0,0,0,0,0,0,0,0,0,,,no_observed,0,0,0,0,0,0,0
kansai_site_de684dea53e8,甲賀町鳥居野変電所,kansai,w994913789,lines_only,0,1,0,1,0,0,0,0,0,0,0,,,no_observed,0,4,5,0,0,0,0
kansai_site_de7a16168e33,北条町東南変電所,kansai,w868234423,lines_only,0,0,0,1,0,0,0,0,0,0,0,,,no_observed,0,2,0,0,0,0,0
kansai_site_de9b5f6b2594,高天町変電所,kansai,w329070510,none,2,0,0,0,0,0,0,0,1,0,0,77/6,,no_observed,0,0,0,0,0,0,0
kansai_site_dea77e0dd032,関西電力（株）小浜変電所,kansai,w769866236,lines_only,1,1,0,0,0,0,0,0,0,0,0,,,no_observed,0,1,2,0,1,0,0
kansai_site_deb5a026cf9a,立込町三丁目変電所,kansai,w212424018,lines_only,0,0,0,0,0,0,0,0,0,0,0,,,no_observed,0,1,0,0,0,0,0
kansai_site_dec2835bfd7d,安堵変電所,kansai,w256536964,lines_only,1,1,0,0,0,0,0,0,0,0,0,,,no_observed,0,1,0,0,1,0,0
kansai_site_df0ff3c65531,春木変電所,kansai,w1332182260,none,0,0,0,0,0,0,0,0,0,0,0,,,no_observed,0,0,0,0,0,0,0
kansai_site_df2c79edd3f2,関西電力 総社変電所,kansai,w237320407,none,0,0,0,0,0,0,0,0,0,0,0,,,no_observed,0,0,0,0,0,0,0
kansai_site_dfa52d3ac6ae,新庄変電所,kansai,w483148077,lines_only,2,1,4,0,0,0,9,0,1,0,0,275/77,,no_observed,8,1,0,0,0,0,0
kansai_site_dfc565d27142,西冠一丁目変電所,kansai,w191462461,conductors_only,1,2,1,0,1,1,2,0,0,0,0,,,no_observed,2,4,0,1,1,0,0
kansai_site_dfcf611bc98b,深川変電所,kansai,w824955072,none,2,0,0,0,0,0,0,0,1,0,0,77/6,,no_observed,0,0,1,0,0,0,0
kansai_site_e0543a0ecf60,大阪梅田変電所,kansai,w1498787714,none,1,0,0,0,0,0,0,0,0,0,0,,,no_observed,0,0,1,0,0,0,0
kansai_site_e05a0becba44,杭瀬南新町二丁目変電所,kansai,w861037147,lines_only,2,1,0,0,0,0,0,0,1,0,0,77/33,,no_observed,0,1,7,0,1,0,0
kansai_site_e07640843b03,御津町釜屋変電所,kansai,w526813037,lines_only,0,0,0,0,0,0,0,0,0,0,0,,,no_observed,0,1,0,0,0,0,0
kansai_site_e13dfdab140c,鳥飼八町一丁目変電所,kansai,w191462506,conductors_only,2,4,0,2,0,0,0,0,1,0,0,154/77,,no_observed,0,9,0,1,3,0,2
kansai_site_e16a05d7fd9a,関西電力昭和変電所,kansai,w477981626,partial,2,2,0,0,0,0,0,0,1,6,0,77/22,,no_observed,0,1,4,0,1,2,0
kansai_site_e16a80a6e3d8,酉島変電所,kansai,w1300383786,lines_only,2,2,0,1,0,0,0,0,1,0,0,154/77,,no_observed,0,3,6,0,3,0,0
kansai_site_e211c57e9eb5,田治米変電所,kansai,w191939684,lines_only,1,1,0,0,0,0,0,0,0,0,0,,,no_observed,0,2,1,0,1,0,0
kansai_site_e28d49342714,稲沢変電所,kansai,w192617450,conductors_only,1,1,0,2,0,0,0,0,0,0,0,,,no_observed,0,5,1,0,0,2,0
kansai_site_e2fe926f74c5,割塚通二丁目変電所,kansai,n12960315604,none,1,0,0,0,0,0,0,0,0,0,0,,,no_observed,0,0,0,0,0,0,0
kansai_site_e32bdc2b6392,北田原変電所,kansai,w818638030,none,6,0,9,0,0,0,27,0,5,0,0,500/275;275/154;154/77;77/22;22/6,,no_observed,22,0,47,0,0,0,0
kansai_site_e33227874fae,関西電力北野台変電所,kansai,w561430199,lines_only,2,1,0,0,0,0,0,0,1,0,0,77/66,,no_observed,0,0,3,0,0,0,2
kansai_site_e34a4f11f73d,曲路東一丁目変電所,kansai,w1411123585,lines_only,1,0,2,1,0,0,6,0,0,0,0,,,no_observed,8,2,13,0,0,0,0
kansai_site_e367f2c38181,関西電力（株）橿原変電所,kansai,w481431562,none,0,0,0,0,0,0,0,0,0,0,0,,,no_observed,0,0,0,0,0,0,0
kansai_site_e3757a14a8e4,西脇変電所,kansai,n12986782224,none,0,0,0,0,0,0,0,0,0,0,0,,,no_observed,0,0,2,0,0,0,0
kansai_site_e3a6b0c90125,岬町変電所,kansai,w1344336055,lines_only,2,0,0,0,0,0,0,0,1,0,0,275/77,,no_observed,0,1,14,0,0,0,0
kansai_site_e3eb9a600b1c,味原町変電所,kansai,w1412926033,none,1,0,0,0,0,0,0,0,0,0,0,,,no_observed,0,0,0,0,0,0,0
kansai_site_e4facb3e97ca,西片添町変電所,kansai,w109831459,none,0,0,0,0,0,0,0,0,0,0,0,,,no_observed,0,0,0,0,0,0,0
kansai_site_e580d476cae1,大津変電所,kansai,w1189796985,lines_only,1,1,0,0,0,0,0,0,0,0,0,,,no_observed,0,1,4,0,1,0,0
kansai_site_e59292533418,赤坂新町一丁目変電所,kansai,w825380691,none,0,0,0,0,0,0,0,0,0,0,0,,,no_observed,0,0,0,0,0,0,0
kansai_site_e5a3277e7083,栂変電所,kansai,n4502502822,none,0,0,0,0,0,0,0,0,0,0,0,,,no_observed,0,0,0,0,0,0,0
kansai_site_e5a61b0448fc,天王三丁目変電所,kansai,w1412979485,none,1,0,0,0,0,0,0,0,0,0,0,,,no_observed,0,0,0,0,0,0,0
kansai_site_e5eee59aeaf4,和田山町竹田変電所,kansai,w986909017,none,0,0,0,0,0,0,0,0,0,0,0,,,no_observed,0,0,2,0,0,0,0
kansai_site_e628db877a00,関西電力 山賀変電所,kansai,w1483312267,none,0,0,0,0,0,0,0,0,0,0,0,,,no_observed,0,0,0,0,0,0,0
kansai_site_e6658339b62f,大枝東新林町二丁目変電所,kansai,w191539408,lines_only,1,1,0,1,0,0,0,0,0,0,0,,,no_observed,0,2,3,0,2,0,0
kansai_site_e69076027fb2,撫養変電所,kansai,w844748226,lines_only,2,3,0,1,0,0,0,0,1,0,0,66/6,,no_observed,0,2,5,0,2,0,0
kansai_site_e6a9899b147e,園部町小山東町変電所,kansai,w997185062,none,1,0,0,0,0,0,0,0,0,0,0,,,no_observed,0,0,1,0,0,0,0
kansai_site_e6cac6bf0b73,垂水変電所,kansai,w1318295633,none,0,0,0,0,0,0,0,0,0,0,0,,,no_observed,0,0,0,0,0,0,0
kansai_site_e6da31d7b76c,,kansai,w1548510556,none,0,0,0,0,0,0,0,0,0,0,0,,,no_observed,0,0,0,0,0,0,0
kansai_site_e70b9d13fa80,深草変電所,kansai,w1190150408,lines_only,2,2,0,0,0,0,0,0,1,0,0,77/22,,no_observed,0,2,2,0,2,0,0
kansai_site_e73b7ac2b56e,蓮池町変電所,kansai,w1411747434,none,1,0,0,0,0,0,0,0,0,0,0,,,no_observed,0,0,0,0,0,0,0
kansai_site_e78c19be55a1,西港町変電所,kansai,w1039891150,none,1,0,0,0,0,0,0,0,0,0,0,,,no_observed,0,0,2,0,0,0,0
kansai_site_e82cf6eb34b3,泉ヶ丘変電所,kansai,w191799662,lines_only,1,1,0,0,0,0,0,0,0,0,0,,,no_observed,0,1,0,0,1,0,0
kansai_site_e830ba81a773,神楽変電所,kansai,w1214306535,lines_only,2,2,0,0,0,0,0,0,1,0,0,77/33,,no_observed,0,1,13,0,1,0,0
kansai_site_e873a65dcde4,宝塚開閉所 (Takarazuka Kaiheisho),kansai,w110682951,conductors_only,1,2,1,0,1,1,0,0,0,0,0,,,no_observed,4,2,0,2,4,0,8
kansai_site_e8be22c5aee0,尼辻西町変電所,kansai,w1197728448,none,0,0,0,0,0,0,0,0,0,0,0,,,no_observed,0,0,0,0,0,0,0
kansai_site_e8c794da751b,安曇変電所,kansai,w775847772,lines_only,0,0,0,1,0,0,0,0,0,0,0,,,no_observed,0,3,1,0,0,0,0
kansai_site_e9397040613b,岬変電所,kansai,w723322870,lines_only,4,5,0,1,0,0,0,0,3,0,0,275/77;77/22;22/6,,no_observed,0,2,31,0,0,0,4
kansai_site_e95ca589ad0b,甲賀町大原市場変電所,kansai,w1159851600,none,0,0,0,0,0,0,0,0,0,0,0,,,no_observed,0,0,0,0,0,0,0
kansai_site_e97a7711e51b,亀山変電所,kansai,w797575924,none,0,0,0,0,0,0,0,0,0,0,0,,,no_observed,0,0,0,0,0,0,0
kansai_site_e9d61563ec84,高槻変電所,kansai,w1088320154,conductors_only,3,3,0,1,0,0,0,0,2,0,0,77/22;22/1,,no_observed,0,5,13,1,1,0,0
kansai_site_e9f0087b1430,関西電力送配電 浜町変電所,kansai,w1323971042,none,2,0,4,0,0,0,15,0,1,0,0,154/77,,no_observed,7,0,0,0,0,0,0
kansai_site_ea35042d15f9,和坂変電所,kansai,w1197650899,none,0,0,0,0,0,0,0,0,0,0,0,,,no_observed,0,0,3,0,0,0,0
kansai_site_ea3bd25385d7,,kansai,w1503018961,lines_only,0,0,0,0,0,0,0,0,0,0,0,,,no_observed,0,0,3,0,0,0,0
kansai_site_ea42d45e7170,関西電力中町変電所,kansai,n11775147592,none,0,0,0,0,0,0,0,0,0,0,0,,,no_observed,0,0,1,0,0,0,0
kansai_site_eaa4ae569923,山田変電所,kansai,w505704359,lines_only,0,0,0,0,0,0,0,0,0,0,0,,,no_observed,0,1,0,0,0,0,0
kansai_site_eadd56f584fb,深日変電所,kansai,w1332328211,none,0,0,0,0,0,0,0,0,0,0,0,,,no_observed,0,0,0,0,0,0,0
kansai_site_eafe213774a5,春日町二丁目変電所,kansai,w241923320,lines_only,1,1,0,0,0,0,0,0,0,0,0,,,no_observed,0,1,0,0,1,0,0
kansai_site_eb353c0da36e,,kansai,w1503018952,none,0,0,0,0,0,0,0,0,0,0,0,,,no_observed,0,0,0,0,0,0,0
kansai_site_eb615eb5e47d,高石変電所,kansai,w1340795021,none,2,0,0,0,0,0,0,0,1,0,0,77/6,,no_observed,0,0,0,0,0,0,0
kansai_site_eb80ca9cff8b,関西電力瀬田変電所,kansai,w467338762,none,0,0,0,0,0,0,0,0,0,0,0,,,no_observed,0,0,0,0,0,0,0
kansai_site_eb8f7e0701b6,高津尾変電所,kansai,w472081622,lines_only,1,1,0,1,0,0,0,0,0,0,0,,,no_observed,0,3,1,0,1,0,0
kansai_site_eba36f7733be,上牧町変電所,kansai,w1214306531,conductors_only,2,4,0,1,0,0,0,0,1,0,0,77/6,,no_observed,0,2,0,2,0,0,2
kansai_site_eba4ee9b60e5,上小波田変電所,kansai,w447125660,conductors_only,1,1,0,1,0,0,0,0,0,0,0,,,no_observed,0,3,0,0,1,0,0
kansai_site_ebeeb74da37c,富雄変電所,kansai,w236859558,layout_only,2,2,0,1,0,0,0,0,1,3,0,77/6,,no_observed,0,4,5,0,0,0,0
kansai_site_ebefe2aa8a65,海塚二丁目変電所,kansai,w108693698,none,0,0,0,0,0,0,0,0,0,0,0,,,no_observed,0,0,0,0,0,0,0
kansai_site_ec25fb3e95db,関西電力送電,kansai,w1099213065,none,1,0,0,0,0,0,0,0,0,0,0,,,no_observed,0,0,2,0,0,0,0
kansai_site_ec662b2b40fd,安永変電所,kansai,w1323781298,lines_only,0,0,0,0,0,0,0,0,0,0,0,,,no_observed,0,1,1,0,0,0,0
kansai_site_ec66425daa82,大久保町高丘四丁目変電所,kansai,w197173794,none,0,0,0,0,0,0,0,0,0,0,0,,,no_observed,0,0,0,0,0,0,0
kansai_site_ed13166af1b8,歌長変電所,kansai,w842620585,none,2,0,0,0,0,0,0,0,1,0,0,77/33,,no_observed,0,0,5,0,0,0,0
kansai_site_ed2813761dd9,新綾部変電所,kansai,r11529637,mapped,3,4,3,1,3,5,14,0,2,6,6,500/275;275/77,500/275;275/77,same,21,0,32,19,0,0,0
kansai_site_ed4aa76ca2b3,八雲変電所,kansai,w1201727819,lines_only,2,2,0,0,0,0,0,0,1,0,0,77/6,,no_observed,0,1,0,0,1,0,0
kansai_site_ed5eb1291331,木幡変電所,kansai,w177811439,conductors_only,1,1,0,1,0,0,0,0,0,0,0,,,no_observed,0,10,4,1,0,0,0
kansai_site_ed63aa384e71,神前変電所,kansai,w1203478589,conductors_only,2,2,0,1,0,0,0,0,1,0,0,77/6,,no_observed,0,2,4,2,0,0,0
kansai_site_ed8a94ffd483,勧進橋変電所,kansai,w541374679,conductors_only,2,4,0,2,0,0,0,0,1,0,0,77/6,,no_observed,0,6,9,1,2,0,0
kansai_site_eda1b6ac3e60,東港変電所,kansai,w192046338,none,1,0,0,0,0,0,0,0,0,0,0,,,no_observed,0,0,6,0,0,0,0
kansai_site_edd39f168842,金剛変電所,kansai,w109834508,mapped,2,3,4,0,3,4,11,0,1,2,2,500/275,500/275,same,9,0,12,4,4,0,0
kansai_site_ee81fa3c49ea,弥栄町鳥取変電所,kansai,w638016235,none,1,0,0,0,0,0,0,0,0,0,0,,,no_observed,0,0,1,0,0,0,0
kansai_site_ef35068d9499,菱田変電所,kansai,w1193323812,layout_only,1,1,0,0,0,0,0,0,0,1,0,,,no_observed,0,0,1,0,0,0,0
kansai_site_ef9eedb1e549,郡山変電所,kansai,w484350519,lines_only,0,0,0,0,0,0,0,0,0,0,0,,,no_observed,0,1,3,0,0,0,0
kansai_site_efa4adcbb574,赤水町変電所,kansai,w973537263,lines_only,0,0,0,0,0,0,0,0,0,0,0,,,no_observed,0,0,2,0,0,0,0
kansai_site_efaa0b804d62,下鳥羽変電所,kansai,w1190157507,conductors_only,2,2,0,1,0,0,0,0,1,0,0,77/6,,no_observed,0,2,3,2,0,0,0
kansai_site_f0026370a2b4,西区変電所_6,kansai,w1005017457,none,0,0,0,0,0,0,0,0,0,0,0,,,no_observed,0,0,0,0,0,0,0
kansai_site_f05a4ec49268,中村町変電所,kansai,w191476515,lines_only,2,1,0,1,0,0,0,0,1,0,0,154/77,,no_observed,0,3,8,0,0,3,0
kansai_site_f06ff3ea6d22,白子変電所,kansai,w869952192,lines_only,0,0,0,0,0,0,0,0,0,0,0,,,no_observed,0,1,0,0,0,0,0
kansai_site_f0cbb95ee62f,園田変電所,kansai,w309032696,lines_only,1,1,0,0,0,0,0,0,0,0,0,,,no_observed,0,1,0,0,1,0,0
kansai_site_f1268091200a,紀宝配電センター,kansai,w568275087,lines_only,0,0,0,0,0,0,0,0,0,0,0,,,no_observed,0,1,1,0,0,0,0
kansai_site_f134161eb6d8,野白新田変電所,kansai,w1389869564,lines_only,1,0,0,0,0,0,0,0,0,0,0,,,no_observed,0,1,3,0,0,0,0
kansai_site_f16adee86c63,福寿町平方九丁目変電所,kansai,w165019834,lines_only,0,0,0,0,0,0,0,0,0,0,0,,,no_observed,0,1,0,0,0,0,0
kansai_site_f1862cebd6f4,喜志変電所,kansai,w1300550904,lines_only,1,2,0,0,0,0,0,0,0,0,0,,,no_observed,0,2,0,0,2,0,4
kansai_site_f25932df0d8d,城の里変電所,kansai,w201073704,none,0,0,0,0,0,0,0,0,0,0,0,,,no_observed,0,0,1,0,0,0,0
kansai_site_f2cadde4eda2,青山変電所,kansai,w1229496385,conductors_only,1,2,0,1,0,0,0,0,0,0,0,,,no_observed,0,2,0,0,0,0,2
kansai_site_f303672fb558,水口変電所,kansai,w1093510081,none,0,0,0,0,0,0,0,0,0,0,0,,,no_observed,0,0,0,0,0,0,0
kansai_site_f3091dbbd1cc,安智変電所,kansai,w490465842,lines_only,0,0,0,0,0,0,0,0,0,0,0,,,no_observed,0,1,0,0,0,0,0
kansai_site_f37065c7aaf5,能勢変電所,kansai,w320438391,mapped,2,3,2,1,1,2,8,0,1,2,2,500/275,500/275,same,8,0,12,8,0,0,0
kansai_site_f3ef81a8ddb4,丹南変電所,kansai,w858191269,conductors_only,2,4,0,0,0,0,1,0,1,0,0,77/22,,no_observed,1,1,0,1,1,0,0
kansai_site_f46a1d2a73b9,尾崎変電所,kansai,w1226612263,conductors_only,2,2,0,1,0,0,0,0,1,0,0,77/22,,no_observed,0,3,3,1,1,0,0
kansai_site_f494ead3c13d,市岡元町三丁目変電所,kansai,w290007262,none,0,0,0,0,0,0,0,0,0,0,0,,,no_observed,0,0,0,0,0,0,0
kansai_site_f494fe2c8acc,箕面変電所,kansai,w1434444105,none,0,0,0,0,0,0,0,0,0,0,0,,,no_observed,0,0,0,0,0,0,0
kansai_site_f4e0657cdbef,王寺変電所,kansai,w250683347,lines_only,3,5,0,0,0,0,0,0,2,0,0,77/33;33/6,,no_observed,0,1,0,0,2,0,0
kansai_site_f5044ac5ab20,下池原変電所,kansai,w362343143,none,1,0,0,1,0,0,3,0,0,0,0,,,no_observed,3,0,4,0,0,0,0
kansai_site_f56191b87834,御望変電所,kansai,w162059741,conductors_only,0,0,0,1,0,0,0,0,0,0,0,,,no_observed,0,5,0,0,0,0,0
kansai_site_f56c137b45fd,松屋変電所,kansai,w192213717,none,1,0,0,0,0,0,0,0,0,0,0,,,no_observed,0,0,1,0,0,0,0
kansai_site_f573cf704442,上中変電所,kansai,w852830491,none,0,0,0,0,0,0,0,0,0,0,0,,,no_observed,0,0,0,0,0,0,0
kansai_site_f591ee3159be,金田変電所,kansai,w191476509,lines_only,1,1,0,0,0,0,0,0,0,0,0,,,no_observed,0,1,3,0,0,0,0
kansai_site_f65602884af4,関西電力 橋波変電所,kansai,w1331495266,none,0,0,0,0,0,0,0,0,0,0,0,,,no_observed,0,0,1,0,0,0,0
kansai_site_f6b428049e6b,米原変電所_2,kansai,w663607583,lines_only,2,1,0,0,0,0,0,0,1,0,0,77/25,,no_observed,0,0,7,0,1,0,0
kansai_site_f6e727c7aff8,東新島変電所,kansai,w704202005,lines_only,0,0,0,0,0,0,0,0,0,0,0,,,no_observed,0,1,0,0,0,0,0
kansai_site_f6f135ac0742,東意岐部変電所,kansai,w191539360,conductors_only,2,4,0,2,0,0,0,0,1,0,0,154/77,,no_observed,0,13,15,1,6,0,0
kansai_site_f6faa59ad1ad,阪急電鉄 正雀変電所,kansai,w1415970578,none,0,0,0,0,0,0,0,0,0,0,0,,,no_observed,0,0,0,0,0,0,0
kansai_site_f6fdf4423274,阿南周波数変換所,kansai,w722673849,layout_only,1,2,0,1,0,0,0,0,0,1,0,,,no_observed,0,5,6,0,4,0,0
kansai_site_f6ff0ec3ba70,東八日市変電所,kansai,w585842809,none,0,0,0,0,0,0,0,0,0,0,0,,,no_observed,0,0,0,0,0,0,0
kansai_site_f701ae493d74,野口町坂元北三丁目変電所,kansai,w1197647867,none,0,0,0,0,0,0,0,0,0,0,0,,,no_observed,0,0,0,0,0,0,0
kansai_site_f7480fd5a7ba,淡路変電所,kansai,w798044512,none,1,0,0,0,0,0,0,0,0,0,0,,,no_observed,0,0,0,0,0,0,0
kansai_site_f794c69ddbfb,岩園町変電所,kansai,w1271466439,lines_only,0,1,0,0,0,0,0,0,0,0,0,,,no_observed,0,0,0,0,0,0,2
kansai_site_f7cd3d7c2363,青野町変電所,kansai,w192264746,lines_only,0,0,0,1,0,0,0,0,0,0,0,,,no_observed,0,3,2,0,0,0,0
kansai_site_f7d845b07f22,新島変電所_2,kansai,w1085257810,conductors_only,1,1,0,0,0,0,0,0,0,0,0,,,no_observed,0,1,6,3,0,0,0
kansai_site_f83a2353dc74,末広変電所,kansai,w1324286844,lines_only,1,1,0,0,0,0,0,0,0,0,0,,,no_observed,0,1,0,0,1,0,0
kansai_site_f87302dd6a8f,関町小野変電所,kansai,w518848928,conductors_only,1,1,0,1,0,0,1,0,0,0,0,,,no_observed,2,0,0,2,0,0,0
kansai_site_f88538289b16,新寝屋川変電所,kansai,w1300534394,conductors_only,2,2,0,2,0,0,0,0,1,0,0,275/77,,no_observed,0,6,13,1,4,0,0
kansai_site_f8cc2cb2d5ec,,kansai,w1544992192,lines_only,1,1,0,0,0,0,0,0,0,0,0,,,no_observed,0,1,0,0,1,0,0
kansai_site_f931cb158db4,丸の内町変電所,kansai,w129486184,none,0,0,0,0,0,0,0,0,0,0,0,,,no_observed,0,0,0,0,0,0,0
kansai_site_f951231d6e27,信濃橋変電所,kansai,w1426658470,none,0,0,0,0,0,0,0,0,0,0,0,,,no_observed,0,0,0,0,0,0,0
kansai_site_f99b6066ffd2,（株）関西電力阪南変電所,kansai,w485767051,none,0,0,0,0,0,0,0,0,0,0,0,,,no_observed,0,0,0,0,0,0,0
kansai_site_f9a2f44832a2,海山町六丁変電所,kansai,w703241756,none,1,0,0,0,0,0,0,0,0,0,0,,,no_observed,0,0,1,0,0,0,0
kansai_site_f9d231b2f4bd,稲田変電所,kansai,w1204419849,lines_only,2,2,0,0,0,0,0,0,1,0,0,77/6,,no_observed,0,1,0,0,1,0,0
kansai_site_f9e108d2b2bf,一宇田町変電所,kansai,w183276436,lines_only,1,1,0,0,0,0,0,0,0,0,0,,,no_observed,0,1,3,0,1,0,0
kansai_site_fa2c4487094d,甲東園変電所,kansai,w705777694,lines_only,1,1,0,0,0,0,0,0,0,0,0,,,no_observed,0,1,0,0,1,0,0
kansai_site_fa2f63adf5cb,斉田変電所,kansai,w844748227,conductors_only,2,3,0,1,0,0,0,0,1,0,0,66/6,,no_observed,0,7,3,1,1,0,0
kansai_site_fa33ea864751,茨田浜変電所,kansai,w827578648,lines_only,4,4,0,0,0,0,0,0,3,0,0,154/77;77/22;22/6,,no_observed,0,1,10,0,1,0,0
kansai_site_fa39437a951c,西日本旅客鉄道 山科変電所,kansai,w714001939,none,0,0,0,0,0,0,0,0,0,0,0,,,no_observed,0,0,0,0,0,0,0
kansai_site_fa58e838ad43,名張変電所,kansai,w475818414,lines_only,1,1,0,0,0,0,0,0,0,0,0,,,no_observed,0,1,3,0,1,0,0
kansai_site_fa6acac519af,大垣変電所 (Ogaki Hendensho),kansai,w161958478,lines_only,1,2,0,1,0,0,0,0,0,0,0,,,no_observed,0,2,0,0,2,0,2
kansai_site_fadb967b6ea8,石津西町変電所,kansai,w641183508,lines_only,1,0,0,0,0,0,0,0,0,0,0,,,no_observed,0,1,15,0,0,0,0
kansai_site_fbda4604150b,関西電力 津久野変電,kansai,w1548009100,none,0,0,0,0,0,0,0,0,0,0,0,,,no_observed,0,0,0,0,0,0,0
kansai_site_fbfc213598b6,野上変電所,kansai,w472594752,none,1,0,0,0,0,0,0,0,0,0,0,,,no_observed,0,0,1,0,0,0,0
kansai_site_fc27fc0f841e,小代区城山変電所,kansai,w842620582,none,0,0,0,0,0,0,0,0,0,0,0,,,no_observed,0,0,0,0,0,0,0
kansai_site_fc36fc5af73f,阪急電鉄曽根変電所,kansai,w1459423732,none,0,0,0,0,0,0,0,0,0,0,0,,,no_observed,0,0,0,0,0,0,0
kansai_site_fc7d0fb313aa,登大路町変電所,kansai,w390178571,none,0,0,0,0,0,0,0,0,0,0,0,,,no_observed,0,0,0,0,0,0,0
kansai_site_fcbbab5ca43a,下田変電所,kansai,w620336184,lines_only,1,1,0,0,0,0,0,0,0,0,0,,,no_observed,0,1,0,0,1,0,0
kansai_site_fccb349a13b7,JR桜井変電所,kansai,w260606970,none,0,0,0,0,0,0,0,0,0,0,0,,,no_observed,0,0,0,0,0,0,0
kansai_site_fd0a2adcfd66,関西電力(株) 揖保変電所,kansai,w657154639,lines_only,1,1,0,0,0,0,0,0,0,0,0,,,no_observed,0,1,0,0,1,0,0
kansai_site_fd2226ba4803,松ヶ崎変電所,kansai,w1190178810,lines_only,3,3,0,0,0,0,0,0,2,0,0,77/22;22/6,,no_observed,0,1,2,0,1,0,0
kansai_site_fda4b24ef6e1,八木変電所,kansai,w871617498,lines_only,1,1,0,1,0,0,0,0,0,0,0,,,no_observed,0,2,0,0,2,0,0
kansai_site_fdad07edd71d,西区変電所,kansai,w113484431,lines_only,0,0,0,1,0,0,0,0,0,0,0,,,no_observed,0,6,11,0,0,0,0
kansai_site_fdbb806221fe,寺池台三丁目変電所,kansai,w387832904,none,1,0,0,0,0,0,0,0,0,0,0,,,no_observed,0,0,0,0,0,0,0
kansai_site_fdeb9e650a72,関西電力送配電 寝屋川変電所,kansai,w1312336216,none,0,0,0,0,0,0,0,0,0,0,0,,,no_observed,0,0,0,0,0,0,0
kansai_site_fe8fb56ebd0c,阿田和変電所,kansai,w620563676,lines_only,0,0,0,1,0,0,0,0,0,0,0,,,no_observed,0,2,0,0,0,0,0
kansai_site_fea850831595,荒木変電所,kansai,w1171358300,none,0,0,0,0,0,0,0,0,0,0,0,,,no_observed,0,0,0,0,0,0,0
kansai_site_fed71686bec8,西区変電所,kansai,w113484393,none,0,0,0,0,0,0,0,0,0,0,0,,,no_observed,0,0,21,0,0,0,0
kansai_site_ff3251c9a1e0,小曽根電力所,kansai,w111363724,mapped,3,3,1,0,1,3,1,0,2,2,2,275/154;154/77,154/77,partial,1,3,3,1,2,0,0
kansai_site_ff3c1642211c,湯浅変電所,kansai,w472303046,lines_only,1,1,0,0,0,0,0,0,0,0,0,,,no_observed,0,1,1,0,1,0,2
kansai_site_ff4e631e535e,朝霧南町一丁目変電所,kansai,w325906151,lines_only,2,3,0,1,0,0,0,0,1,0,0,77/22,,no_observed,0,2,2,0,2,0,0
kansai_site_ff6e2726d2b6,山本町南四丁目変電所,kansai,w1412111418,none,0,0,0,0,0,0,0,0,0,0,0,,,no_observed,0,0,0,0,0,0,0
kansai_site_ff71d52a8fe6,鳥居本変電所,kansai,w1465098322,lines_only,1,1,0,0,0,0,0,0,0,0,0,,,no_observed,0,1,0,0,1,0,0
kansai_site_ff9138430488,毛受変電所(Menjo-Hendensho),kansai,w49201215,lines_only,1,2,0,0,0,0,0,0,0,0,0,,,no_observed,0,1,3,0,1,0,0
kansai_site_ff9a8bb9a673,折居台二丁目変電所,kansai,w284229578,none,0,0,0,0,0,0,0,0,0,0,0,,,no_observed,0,0,1,0,0,0,0
kansai_site_ffa8c6ce3079,手原一丁目変電所,kansai,w1386514693,none,0,0,0,0,0,0,0,0,0,0,0,,,no_observed,0,0,0,0,0,0,0
kansai_site_ffb1d4d5bb09,関西電力送配電 速見変電所,kansai,w1322333449,none,2,0,4,0,0,0,15,0,1,0,0,154/77,,no_observed,9,0,14,0,0,0,0
kansai_site_ffb5a472fdcf,桑野変電所,kansai,w467545587,lines_only,1,1,0,0,0,0,0,0,0,0,0,,,no_observed,0,2,0,0,1,0,0
kyushu_site_0020b7552eb7,九州電力 南熊本変電所,kyushu,w216498433,mapped,3,3,3,0,2,8,5,0,2,3,3,220/110;110/66,220/110,partial,5,0,1,4,0,0,0
kyushu_site_005e83205566,東大分変電所,kyushu,w1199776830,conductors_only,2,2,0,2,0,0,0,0,1,0,0,220/66,,no_observed,0,7,14,6,0,0,4
kyushu_site_0064b077c722,南関変電所,kyushu,w236722056,conductors_only,1,1,0,1,0,0,0,0,0,0,0,,,no_observed,0,2,2,2,0,0,0
kyushu_site_009830596ce9,那の川変電所,kyushu,w965290991,lines_only,1,1,0,0,0,0,0,0,0,0,0,,,no_observed,0,1,2,0,1,0,0
kyushu_site_00c54bf9cd01,伊作変電所,kyushu,w598344081,conductors_only,2,3,0,1,0,0,0,0,1,0,0,66/6,,no_observed,0,2,3,1,0,0,0
kyushu_site_00e527df7217,大矢野変電所,kyushu,w768766277,none,1,0,0,0,0,0,1,0,0,0,0,,,no_observed,1,0,0,0,0,0,0
kyushu_site_012df6d4f5e8,京セラ鹿児島川内工場第一ブロック特高変電所,kyushu,w609313657,lines_only,1,1,1,0,0,0,2,0,0,0,0,,,no_observed,2,1,4,0,1,3,0
kyushu_site_017dc1fa01d0,北長崎変電所,kyushu,w405827724,none,2,0,0,0,0,0,1,0,1,0,0,220/66,,no_observed,1,0,6,0,0,0,0
kyushu_site_01834e1fd0cf,健老町変電所,kyushu,w619544079,none,0,0,0,0,0,0,0,0,0,0,0,,,no_observed,0,0,2,0,0,0,0
kyushu_site_01f4a48d5d7e,大野町小倉木変電所,kyushu,w417730308,lines_only,1,1,0,1,0,0,0,0,0,0,0,,,no_observed,0,3,0,0,3,0,2
kyushu_site_031723f193f5,谷山変電所,kyushu,w290301279,lines_only,3,4,0,1,0,0,0,0,2,0,0,66/22;22/6,,no_observed,0,2,3,0,2,0,0
kyushu_site_034f84905635,三菱電機長崎工場特高変電所,kyushu,w1521088638,lines_only,1,1,0,0,0,0,0,0,0,0,0,,,no_observed,0,1,0,0,1,0,0
kyushu_site_035e186a7ed0,新徳山変電所,kyushu,w243471278,partial,2,1,0,1,0,0,3,0,1,2,0,220/110,,no_observed,3,12,3,8,4,0,8
kyushu_site_03ce4b1d937f,西合志変電所,kyushu,w405626233,conductors_only,1,1,0,1,0,0,3,0,0,0,0,,,no_observed,3,0,3,2,0,0,0
kyushu_site_03e61a947144,八千代座交流施設,kyushu,w1349895311,none,0,0,0,0,0,0,0,0,0,0,0,,,no_observed,0,0,0,0,0,0,0
kyushu_site_0445d09c8eae,香月変電所,kyushu,w1513012292,conductors_only,1,1,0,1,0,0,0,0,0,0,0,,,no_observed,0,3,0,1,0,0,0
kyushu_site_04b43722dfef,武雄市変電所,kyushu,w777211623,conductors_only,1,1,0,0,0,0,1,0,0,0,0,,,no_observed,1,0,2,1,0,0,0
kyushu_site_04da38c79a3c,江北町変電所,kyushu,w1217522222,none,0,0,0,0,0,0,0,0,0,0,0,,,no_observed,0,0,0,0,0,0,0
kyushu_site_050d6cffa3fe,八代変電所,kyushu,w744450488,conductors_only,1,1,0,1,0,0,0,0,0,0,0,,,no_observed,0,3,1,0,0,0,0
kyushu_site_052caa8bf5f4,門司変電所,kyushu,w1511443021,lines_only,1,1,1,0,0,0,0,0,0,0,0,,,no_observed,0,1,1,0,1,0,2
kyushu_site_055c927f663d,徳山変電所,kyushu,w318564837,conductors_only,2,2,0,1,0,0,1,0,1,0,0,110/66,,no_observed,1,7,8,3,3,0,0
kyushu_site_06546512649b,恒久変電所,kyushu,w636270164,lines_only,2,2,0,1,0,0,0,0,1,0,0,66/6,,no_observed,0,2,0,0,2,0,0
kyushu_site_068e94ad8191,高田町上楠田変電所,kyushu,w249681884,none,0,0,0,0,0,0,0,0,0,0,0,,,no_observed,0,0,0,0,0,0,0
kyushu_site_0750516065a7,長崎田手原メガソーラー連系変電所,kyushu,w1521965467,lines_only,1,1,2,0,0,0,0,0,0,0,0,,,no_observed,0,1,1,0,1,0,0
kyushu_site_083a31804d46,武雄変電所,kyushu,w220698807,partial,3,4,0,2,0,0,3,0,2,2,0,220/110;110/66,,no_observed,4,7,8,2,4,0,0
kyushu_site_088c21f84819,大分変電所,kyushu,w1199896272,lines_only,2,2,6,0,0,0,0,0,1,0,0,66/1,,no_observed,0,2,1,0,2,0,0
kyushu_site_091cce7af26d,大王町一丁目変電所,kyushu,w866284666,none,2,0,0,0,0,0,1,0,1,0,0,110/66,,no_observed,1,0,15,0,0,0,0
kyushu_site_0923fd5bf41b,西福岡変電所,kyushu,w173152424,conductors_only,2,3,0,2,0,0,1,0,1,0,0,220/66,,no_observed,1,5,7,0,6,3,2
kyushu_site_09e9988ef7bd,九州電力送配電　面高変電所,kyushu,w1156635830,lines_only,0,1,0,0,0,0,0,0,0,0,0,,,no_observed,0,0,0,0,0,0,4
kyushu_site_0a292e60726d,九州電力 飯塚電力所,kyushu,w205496746,lines_only,2,0,6,0,0,0,23,0,1,0,0,110/66,,no_observed,18,0,4,0,0,0,0
kyushu_site_0a3a6616edc9,東山代町長浜変電所,kyushu,w1209486893,lines_only,0,0,0,0,0,0,0,0,0,0,0,,,no_observed,0,1,0,0,0,0,0
kyushu_site_0a442d195742,日置養母風力連系変電所,kyushu,w1525951112,lines_only,1,1,0,0,0,0,0,0,0,0,0,,,no_observed,0,1,1,0,1,0,0
kyushu_site_0b085384eeca,三菱重工業長崎工場C/S,kyushu,w1521208972,lines_only,1,1,0,0,0,0,0,0,0,0,0,,,no_observed,0,1,2,0,1,0,0
kyushu_site_0cdccfcc38d6,亀谷町変電所,kyushu,w619544069,none,1,0,0,0,0,0,0,0,0,0,0,,,no_observed,0,0,1,0,0,0,0
kyushu_site_0d0dffd8fd99,,kyushu,w1546337447,none,0,0,0,0,0,0,0,0,0,0,0,,,no_observed,0,0,0,0,0,0,0
kyushu_site_0d1aeed1bb7b,北方町大字大崎変電所,kyushu,n6781095170,none,0,0,0,0,0,0,0,0,0,0,0,,,no_observed,0,1,0,0,0,0,0
kyushu_site_0d709d40bd15,横代変電所,kyushu,w1509663291,lines_only,2,2,0,0,0,0,0,0,1,0,0,66/6,,no_observed,0,1,3,0,1,0,0
kyushu_site_0df1e3a6b38e,北波多山彦変電所,kyushu,w792672425,lines_only,1,1,0,0,0,0,0,0,0,0,0,,,no_observed,0,1,0,0,0,0,0
kyushu_site_0e1c35aa7522,光町変電所_2,kyushu,w405827726,conductors_only,2,1,1,1,1,1,6,0,1,0,0,220/66,,no_observed,6,0,0,0,0,0,0
kyushu_site_0ee537112dfd,田上二丁目変電所,kyushu,w341946316,none,1,0,0,0,0,0,0,0,0,0,0,,,no_observed,0,0,6,0,0,0,0
kyushu_site_0f47b853f58e,千歳町柴山変電所,kyushu,w761529559,lines_only,1,1,0,0,0,0,0,0,0,0,0,,,no_observed,0,1,0,0,1,0,0
kyushu_site_0f7a56445f55,三橋町下百町変電所,kyushu,w253248662,none,0,0,0,0,0,0,0,0,0,0,0,,,no_observed,0,0,0,0,0,0,0
kyushu_site_0f7b78d738e0,九州新幹線 新鳥栖変電所,kyushu,w238089516,partial,3,1,4,0,2,2,3,0,2,2,0,220/110;110/66,,no_observed,5,0,4,2,0,0,0
kyushu_site_0fca16d60e93,田代補助き電区分所,kyushu,w183752103,none,0,0,0,0,0,0,0,0,0,0,0,,,no_observed,0,0,0,0,0,0,0
kyushu_site_0ffa4e6b0968,春日公園七丁目変電所,kyushu,w180133894,lines_only,1,1,0,1,0,0,2,0,0,0,0,,,no_observed,3,0,6,0,0,2,0
kyushu_site_107ac767ac1c,山口市変電所_3,kyushu,w1395524982,lines_only,1,0,0,1,0,0,0,0,0,0,0,,,no_observed,0,2,9,0,0,0,0
kyushu_site_1095039935db,南原変電所,kyushu,w240806572,lines_only,3,2,0,1,0,0,0,0,2,0,0,220/66;66/6,,no_observed,0,2,12,0,0,2,2
kyushu_site_10ddf357233c,安瀬変電所,kyushu,w764464484,partial,3,6,3,0,3,3,9,12,2,4,4,66/22;22/6,66/22;66/6,contradicts,7,3,3,2,1,3,2
kyushu_site_10e61c71835f,南宮崎変電所,kyushu,w405705606,partial,2,4,1,0,1,1,0,0,1,2,2,220/66,220/66,same,0,0,5,0,0,0,0
kyushu_site_10f5580aa373,,kyushu,w1516888879,conductors_only,1,1,1,0,0,0,2,0,0,0,0,,,no_observed,5,1,5,5,0,0,0
kyushu_site_1152ade20735,若松変電所,kyushu,w742290253,conductors_only,3,6,0,2,6,6,0,0,2,0,0,220/110;110/66,,no_observed,0,9,5,0,9,0,0
kyushu_site_125572b66686,九州電力 和白変電所,kyushu,w196848475,lines_only,1,2,0,0,0,0,0,0,0,0,0,,,no_observed,0,1,0,0,1,0,0
kyushu_site_125ab88e3b43,九州電力 大三東変電所,kyushu,w1143126254,lines_only,2,2,0,0,0,0,0,0,1,0,0,66/6,,no_observed,0,1,0,0,1,0,0
kyushu_site_1275ff77be2f,広瀬変電所,kyushu,w737462837,layout_only,1,2,0,0,0,0,0,1,0,0,0,,,no_observed,0,1,0,1,0,0,2
kyushu_site_127bc5eeaa19,隼人き電区分所,kyushu,w608075235,none,1,0,0,0,0,0,0,0,0,0,0,,,no_observed,0,0,10,0,0,0,0
kyushu_site_12bbb8513bc0,玉名変電所,kyushu,w240206479,conductors_only,1,1,0,1,0,0,0,0,0,0,0,,,no_observed,0,10,0,2,0,0,0
kyushu_site_13069fbaf6c0,東町変電所,kyushu,w1416977794,none,1,0,0,0,0,0,0,0,0,0,0,,,no_observed,0,0,8,0,0,0,0
kyushu_site_131bb4470ba5,九州電力 長者原変電所,kyushu,w187699766,lines_only,1,1,0,0,0,0,0,0,0,0,0,,,no_observed,0,1,2,0,1,0,0
kyushu_site_132249f3959c,地行No.6配電塔,kyushu,w256675201,none,0,0,0,0,0,0,0,0,0,0,0,,,no_observed,0,0,3,0,0,0,0
kyushu_site_13955970e4ad,笠之原町変電所,kyushu,w614199719,lines_only,2,1,0,0,0,0,0,0,1,0,0,110/66,,no_observed,0,1,1,0,1,0,0
kyushu_site_139adfd5e5d4,溝部変電所,kyushu,w762314238,lines_only,1,1,0,0,0,0,0,0,0,0,0,,,no_observed,0,1,0,0,1,0,0
kyushu_site_13b978fefefe,九州電力 諸富変電所,kyushu,w244319206,lines_only,1,1,0,0,0,0,0,0,0,0,0,,,no_observed,0,1,7,0,1,0,0
kyushu_site_13be9a5d7328,GPD牧之内太陽光連系変電所,kyushu,w1527240408,lines_only,1,1,0,0,0,0,0,0,0,0,0,,,no_observed,0,1,1,0,1,0,0
kyushu_site_13d08cb48d67,瀬戸変電所,kyushu,w743586399,none,1,0,0,0,0,0,0,0,0,0,0,,,no_observed,0,0,0,0,0,0,0
kyushu_site_1427f71731d2,多の津変電所,kyushu,w195414733,lines_only,1,1,0,1,0,0,0,0,0,0,0,,,no_observed,0,4,0,0,2,0,0
kyushu_site_142b1a4e499d,山口大学医学部 特高受変電棟,kyushu,w1276266179,none,0,0,0,0,0,0,0,0,0,0,0,,,no_observed,0,0,0,0,0,0,0
kyushu_site_1476ed6ec3cd,大江変電所,kyushu,w1520395453,lines_only,2,2,0,1,0,0,0,0,1,0,0,66/6,,no_observed,0,2,3,0,2,0,0
kyushu_site_149f88902728,須屋変電所,kyushu,w767621543,lines_only,1,1,0,0,0,0,0,0,0,0,0,,,no_observed,0,0,0,0,0,0,2
kyushu_site_15896146c5d7,鹿児島市変電所,kyushu,w302417497,lines_only,1,1,0,0,0,0,0,0,0,0,0,,,no_observed,0,1,0,0,1,0,0
kyushu_site_1620a57bab70,山口大学医学部 エネルギーセンター,kyushu,w378567945,none,0,0,0,0,0,0,0,0,0,0,0,,,no_observed,0,0,0,0,0,0,0
kyushu_site_163917332931,日岡変電所,kyushu,w1199776846,lines_only,3,2,0,0,0,0,0,0,2,0,0,220/66;66/6,,no_observed,0,1,9,0,1,0,0
kyushu_site_1694fac23e1f,大和町二丁目変電所,kyushu,w370263242,conductors_only,2,1,0,1,0,0,0,0,1,0,0,110/66,,no_observed,0,5,1,1,0,0,0
kyushu_site_1696cd791330,JR貨物 き電区分所,kyushu,w262912574,none,0,0,0,0,0,0,0,0,0,0,0,,,no_observed,0,0,0,0,0,0,0
kyushu_site_16a451296011,九州電力 大川変電所,kyushu,w244317750,lines_only,1,1,0,0,0,0,0,0,0,0,0,,,no_observed,0,1,0,0,1,0,0
kyushu_site_17453e430756,,kyushu,w1512966040,lines_only,1,1,0,0,0,0,0,0,0,0,0,,,no_observed,0,1,4,0,1,0,0
kyushu_site_17a7a3eb11d1,井堀変電所,kyushu,w304391483,lines_only,3,2,0,0,0,0,0,0,2,0,0,220/66;66/6,,no_observed,0,1,3,0,1,0,2
kyushu_site_17bc17ba7305,都農変電所,kyushu,w755234980,lines_only,1,1,0,0,0,0,0,0,0,0,0,,,no_observed,0,1,1,0,1,0,0
kyushu_site_184f9e727b7c,九州電力 北熊本変電所,kyushu,w238096118,partial,2,3,1,1,1,2,4,0,1,2,2,220/66,220/66,same,4,0,0,4,0,0,0
kyushu_site_185ffd4f5cf4,伊都の杜一丁目変電所,kyushu,w266439612,lines_only,1,2,0,0,0,0,0,0,0,0,0,,,no_observed,0,1,3,0,1,0,0
kyushu_site_18af4ea93d61,阿蘇市変電所,kyushu,w766611777,lines_only,1,1,0,0,0,0,0,0,0,0,0,,,no_observed,0,1,0,0,1,0,0
kyushu_site_18e738e715c3,蛎久変電所,kyushu,w586398086,lines_only,0,0,0,0,0,0,0,0,0,0,0,,,no_observed,0,0,0,0,0,0,0
kyushu_site_19547dee6eee,川内電力所,kyushu,w237476160,conductors_only,4,4,0,3,0,0,0,0,3,0,0,220/110;110/66;66/60,,no_observed,0,11,12,4,3,4,0
kyushu_site_1a528b8f1833,野間変電所,kyushu,w207150469,lines_only,1,2,0,1,0,0,0,0,0,0,0,,,no_observed,0,4,6,0,4,0,0
kyushu_site_1acdc35e90db,枕崎変電所,kyushu,w591362516,lines_only,2,3,0,1,0,0,0,0,1,0,0,66/6,,no_observed,0,2,3,0,2,0,0
kyushu_site_1ae713368e3c,朽網変電所,kyushu,w1509721696,lines_only,1,1,0,0,0,0,0,0,0,0,0,,,no_observed,0,1,0,0,1,0,0
kyushu_site_1b16228c5e64,光変電所,kyushu,w319463515,conductors_only,1,1,0,1,0,0,0,0,0,0,0,,,no_observed,0,10,17,5,4,0,8
kyushu_site_1c10f079f10e,太宰府変電所,kyushu,w134721734,lines_only,1,1,0,0,0,0,0,0,0,0,0,,,no_observed,0,1,0,0,1,0,0
kyushu_site_1c34692f1076,前松原変電所,kyushu,w227967825,conductors_only,1,1,0,1,0,0,0,0,0,0,0,,,no_observed,0,9,0,1,2,0,0
kyushu_site_1c5ced61714f,広崎変電所,kyushu,w405605904,partial,1,1,0,1,0,0,3,0,0,4,0,,,no_observed,4,0,0,3,0,0,0
kyushu_site_1d7fae07c29e,藤山変電所,kyushu,w318438204,lines_only,2,2,0,1,0,0,0,0,1,0,0,66/6,,no_observed,0,2,3,0,2,0,0
kyushu_site_1dee1065629a,伊集院町下谷口変電所,kyushu,w592372546,none,0,0,0,0,0,0,0,0,0,0,0,,,no_observed,0,0,0,0,0,0,0
kyushu_site_1e09546fbc52,轟町変電所,kyushu,w609308564,lines_only,1,1,0,1,0,0,0,0,0,0,0,,,no_observed,0,2,0,0,2,0,0
kyushu_site_1e8e1a1d27e2,鶴岡西町一丁目変電所,kyushu,w1097892858,conductors_only,0,2,0,0,0,0,0,0,0,0,0,,,no_observed,0,1,0,1,0,0,0
kyushu_site_1ea8a10e13cd,吉井町大渡変電所,kyushu,w405827723,none,1,0,0,0,0,0,0,0,0,0,0,,,no_observed,0,0,3,0,0,0,0
kyushu_site_1ee833021f20,三菱重工業香焼工場C/S,kyushu,w1521950165,lines_only,1,1,1,0,0,0,2,0,0,0,0,,,no_observed,2,1,4,0,1,0,0
kyushu_site_1f07a48213f8,えびの変電所,kyushu,w615235338,lines_only,1,1,0,0,0,0,0,0,0,0,0,,,no_observed,0,1,0,0,1,0,0
kyushu_site_1f5d4247bf89,九州電力西九州変電所,kyushu,w185029969,partial,2,3,1,1,1,3,7,0,1,2,2,500/220,500/220,same,9,0,3,1,0,0,0
kyushu_site_20716926a0e4,大島造船所香焼工場C/S,kyushu,w1521950164,none,1,0,1,0,0,0,2,0,0,0,0,,,no_observed,2,0,5,0,0,0,0
kyushu_site_207d100c5b1f,若松区変電所,kyushu,w764464483,lines_only,1,1,3,0,0,0,7,0,0,0,0,,,no_observed,7,1,3,0,1,0,2
kyushu_site_20a25d59dfe6,今川橋変電所,kyushu,w723380431,lines_only,1,0,0,0,0,0,0,0,0,0,0,,,no_observed,0,1,3,0,0,0,0
kyushu_site_20ae148455cf,名山変電所,kyushu,w291058169,lines_only,2,2,0,1,0,0,0,0,1,0,0,66/6,,no_observed,0,2,0,0,2,0,0
kyushu_site_210d5a7c0549,山代変電所,kyushu,w1204662505,lines_only,0,0,0,1,0,0,0,0,0,0,0,,,no_observed,0,3,0,0,0,0,0
kyushu_site_2143b5c0cdd1,湧水町変電所,kyushu,w810214852,lines_only,1,1,0,0,0,0,0,0,0,0,0,,,no_observed,0,1,0,0,1,0,0
kyushu_site_2160805d029a,井尻変電所,kyushu,w209000781,conductors_only,1,2,0,1,0,0,0,0,0,0,0,,,no_observed,0,2,1,2,1,0,0
kyushu_site_21832fa4fde9,久留米市変電所,kyushu,w174714259,conductors_only,2,2,0,1,0,0,0,0,1,0,0,220/66,,no_observed,0,5,6,2,0,2,0
kyushu_site_21a03f1eda94,山川変電所,kyushu,w607919421,partial,2,4,1,0,1,1,3,5,1,2,2,66/6,66/6,same,3,0,8,1,0,0,0
kyushu_site_21c07d1f6112,今津変電所,kyushu,w296962849,none,2,0,0,0,0,0,0,0,1,0,0,66/6,,no_observed,0,0,3,0,0,0,0
kyushu_site_221d2a2e285f,今泉変電所,kyushu,w1523583436,conductors_only,2,2,0,0,0,0,0,0,1,0,0,66/6,,no_observed,0,1,16,2,0,0,0
kyushu_site_227d994a67c6,日田変電所,kyushu,w182188317,partial,3,4,4,0,7,12,6,5,2,2,2,220/110;110/66,220/110;220/66;110/66,contradicts,6,0,3,2,0,0,0
kyushu_site_22babaddad35,北佐賀変電所,kyushu,w185504478,mapped,2,2,2,0,2,3,2,0,1,1,1,220/66,220/66,same,2,0,6,0,0,0,0
kyushu_site_2316d86753ac,若宮変電所,kyushu,w915035975,none,0,0,0,0,0,0,0,0,0,0,0,,,no_observed,0,0,0,0,0,0,0
kyushu_site_2328e2732352,三郎丸変電所,kyushu,w1511572316,partial,2,4,0,0,0,0,0,0,1,2,2,66/6,66/6,same,0,1,3,2,0,0,0
kyushu_site_2351a5b89f49,大字和気変電所_2,kyushu,w860674032,none,1,0,0,0,0,0,0,0,0,0,0,,,no_observed,0,0,5,0,0,0,0
kyushu_site_236af80044ea,大字倉永変電所,kyushu,w273900373,none,0,0,0,0,0,0,0,0,0,0,0,,,no_observed,0,0,1,0,0,0,0
kyushu_site_23cfac4c4f87,堂崎町変電所,kyushu,w1217794007,none,1,0,0,0,0,0,1,0,0,0,0,,,no_observed,1,0,0,0,0,0,0
kyushu_site_24d486a1d811,安楽寺変電所,kyushu,w270268365,none,1,0,0,0,0,0,0,0,0,0,0,,,no_observed,0,0,0,0,0,0,0
kyushu_site_256084ac3501,東福岡変電所,kyushu,w184180157,partial,2,3,1,1,1,1,7,6,1,0,0,220/66,,no_observed,7,2,5,7,2,0,0
kyushu_site_25a415e3743e,大村変電所,kyushu,w888333097,lines_only,0,0,0,1,0,0,0,0,0,0,0,,,no_observed,0,3,0,0,0,0,0
kyushu_site_2607f79cc91d,佐野変電所,kyushu,w319371123,lines_only,1,1,0,1,0,0,0,0,0,0,0,,,no_observed,0,3,0,0,2,0,2
kyushu_site_2632635b3ab2,山陽小野田市変電所,kyushu,w660503413,none,1,0,0,0,0,0,0,0,0,0,0,,,no_observed,0,0,3,0,0,0,0
kyushu_site_267f0d7ea2cc,九州電力 北野変電所,kyushu,w173932520,lines_only,1,1,0,1,0,0,0,0,0,0,0,,,no_observed,0,2,0,0,2,0,0
kyushu_site_26844449fa06,鹿児島市交通局新武之橋変電所,kyushu,w485589500,none,0,0,0,0,0,0,0,0,0,0,0,,,no_observed,0,0,0,0,0,0,0
kyushu_site_2741661493c0,朽網東五丁目変電所,kyushu,w298013798,lines_only,2,2,0,0,0,0,0,0,1,0,0,66/6,,no_observed,0,1,3,0,1,0,0
kyushu_site_27419589f2e9,東多久変電所,kyushu,w776529577,conductors_only,1,1,0,1,0,0,4,0,0,0,0,,,no_observed,4,0,0,3,0,0,0
kyushu_site_2752f9276196,新諫早変電所,kyushu,w986855677,conductors_only,1,1,0,1,0,0,0,0,0,0,0,,,no_observed,0,2,4,1,0,0,0
kyushu_site_27c8e0ee836e,由布市変電所_3,kyushu,w417416277,none,0,0,0,0,0,0,0,0,0,0,0,,,no_observed,0,0,2,0,0,0,0
kyushu_site_27d7614631bf,春の町二丁目変電所,kyushu,w296786436,lines_only,2,2,0,2,0,0,0,0,1,0,0,220/66,,no_observed,0,6,3,0,6,0,8
kyushu_site_27ea3cf0d2f1,直方変電所,kyushu,w764676210,partial,2,4,1,0,1,1,3,5,1,3,3,66/6,66/6,same,2,0,1,0,2,0,0
kyushu_site_2804688071bc,佐土原変電所,kyushu,w755384187,lines_only,1,1,0,0,0,0,0,0,0,0,0,,,no_observed,0,1,0,0,1,0,0
kyushu_site_28b57525070a,志々岐変電所,kyushu,w772016294,conductors_only,1,1,1,0,1,1,0,0,0,0,0,,,no_observed,0,1,2,0,1,2,0
kyushu_site_29fef4583a07,山口市変電所_5,kyushu,w1395524984,none,0,0,0,0,0,0,0,0,0,0,0,,,no_observed,0,0,5,0,0,0,0
kyushu_site_2a36c42f7842,花丘変電所,kyushu,w1521362894,conductors_only,2,2,0,0,0,0,0,0,1,0,0,66/6,,no_observed,0,1,6,2,0,0,0
kyushu_site_2a6a7d7213f0,洞海変電所,kyushu,w764456816,lines_only,3,2,0,0,0,0,0,0,2,0,0,110/66;66/6,,no_observed,0,1,9,0,1,0,0
kyushu_site_2b1728f16a66,大字栗屋変電所,kyushu,w620179647,conductors_only,1,1,0,1,0,0,0,0,0,0,0,,,no_observed,0,2,3,1,0,0,0
kyushu_site_2b2566cfb9db,,kyushu,w1513919068,lines_only,1,1,0,0,0,0,0,0,0,0,0,,,no_observed,0,1,1,0,1,0,0
kyushu_site_2b2818cfb659,長野変電所,kyushu,w184143093,none,1,0,0,1,0,0,1,0,0,0,0,,,no_observed,2,0,1,0,0,0,0
kyushu_site_2b569ac9873a,串木野変電所,kyushu,w605862827,conductors_only,2,2,0,1,0,0,0,0,1,0,0,66/6,,no_observed,0,2,3,1,0,0,0
kyushu_site_2b9f58815a68,糸島市変電所,kyushu,w267025888,none,0,0,0,0,0,0,0,0,0,0,0,,,no_observed,0,0,0,0,0,0,0
kyushu_site_2bc1ed2b2592,九州電力 大和変電所,kyushu,w253244347,none,1,0,0,0,0,0,0,0,0,0,0,,,no_observed,0,0,2,0,0,0,0
kyushu_site_2bca39d6cd92,名島二丁目変電所,kyushu,w262911264,none,0,0,0,0,0,0,0,0,0,0,0,,,no_observed,0,0,0,0,0,0,0
kyushu_site_2bf6d22c6711,九州電力 姫浦変電所,kyushu,w944562167,lines_only,1,1,0,0,0,0,0,0,0,0,0,,,no_observed,0,1,0,0,1,0,0
kyushu_site_2c2f0456f373,村田町五反三歩変電所,kyushu,w1300278137,lines_only,0,0,0,0,0,0,0,0,0,0,0,,,no_observed,0,1,0,0,0,0,0
kyushu_site_2c74787de39d,吉野変電所,kyushu,w614215624,lines_only,1,1,0,1,0,0,0,0,0,0,0,,,no_observed,0,2,0,0,0,2,0
kyushu_site_2c8fa2843d73,東郷変電所,kyushu,w270060837,none,1,0,0,0,0,0,0,0,0,0,0,,,no_observed,0,0,2,0,0,0,0
kyushu_site_2d3407adad81,,kyushu,w1512966041,lines_only,1,1,0,0,0,0,0,0,0,0,0,,,no_observed,0,1,7,0,1,0,0
kyushu_site_2d49a48fb333,神野西一丁目変電所,kyushu,w583755120,lines_only,1,1,0,0,0,0,0,0,0,0,0,,,no_observed,0,1,0,0,1,0,0
kyushu_site_2d60ab061fe3,加世田地頭所町変電所,kyushu,w713643251,partial,1,1,0,1,0,0,0,1,0,0,0,,,no_observed,0,2,5,2,0,0,0
kyushu_site_2d9f07ca1329,大田変電所,kyushu,w596948247,partial,2,3,2,0,2,2,3,5,1,2,2,66/6,66/6,same,5,0,6,1,2,0,0
kyushu_site_2da9343dbcb1,西新変電所,kyushu,w958170346,lines_only,1,2,0,1,0,0,0,0,0,0,0,,,no_observed,0,3,1,0,2,0,0
kyushu_site_2db90638dd96,,kyushu,w1517285281,lines_only,1,1,0,0,0,0,0,0,0,0,0,,,no_observed,0,1,1,0,1,0,0
kyushu_site_2dbc5bac6954,大字皆毛変電所,kyushu,w258909116,lines_only,1,1,0,0,0,0,0,0,0,0,0,,,no_observed,0,1,0,0,1,0,0
kyushu_site_2ddbfe9aca74,旭町三丁目変電所,kyushu,w754350843,lines_only,0,0,0,0,0,0,0,0,0,0,0,,,no_observed,0,1,2,0,0,0,0
kyushu_site_2e47d69d64ec,金の手変電所,kyushu,w868294111,none,0,0,0,0,0,0,0,0,0,0,0,,,no_observed,0,1,0,0,0,0,0
kyushu_site_2e6aa69b2383,九州電力 甘木変電所,kyushu,w245198305,none,1,0,0,0,0,0,0,0,0,0,0,,,no_observed,0,0,2,0,0,0,0
kyushu_site_2ea4784ef3af,三菱電機丸尾工場C/S,kyushu,w1521205837,lines_only,1,1,0,0,0,0,0,0,0,0,0,,,no_observed,0,1,2,0,1,0,0
kyushu_site_2ed5922803f1,竹田変電所,kyushu,w761529570,layout_only,1,1,0,0,0,0,0,0,0,3,0,,,no_observed,0,1,0,0,1,0,0
kyushu_site_2f1239601a3e,筑豊変電所,kyushu,w367489622,layout_only,1,3,0,0,0,0,0,1,0,2,2,,66/20,contradicts,0,1,0,0,1,0,0
kyushu_site_2f9e14ba0502,菱刈前目変電所,kyushu,w739100982,layout_only,1,1,0,0,0,0,0,1,0,0,0,,,no_observed,0,1,0,1,0,0,0
kyushu_site_2fe1f1458f86,地行No.16配電塔,kyushu,w958569951,none,0,0,0,0,0,0,0,0,0,0,0,,,no_observed,0,0,1,0,0,0,0
kyushu_site_301f937c1a7b,荒戸変電所,kyushu,w958435487,lines_only,1,1,0,0,0,0,0,0,0,0,0,,,no_observed,0,1,8,0,1,0,0
kyushu_site_306218985de7,菊池変電所,kyushu,w776254155,conductors_only,1,1,0,0,0,0,1,0,0,0,0,,,no_observed,1,0,0,1,0,0,0
kyushu_site_306656524947,川辺変電所,kyushu,w216603440,conductors_only,1,1,1,0,1,1,1,0,0,0,0,,,no_observed,2,0,0,4,0,0,0
kyushu_site_30cc1b57a9b6,門司変電所,kyushu,w189776902,partial,2,4,4,0,4,4,18,20,1,2,2,220/66,220/66,same,16,7,14,8,2,3,0
kyushu_site_31240564aeaa,朝倉変電所,kyushu,w972152261,lines_only,1,1,0,1,0,0,2,0,0,0,0,,,no_observed,2,1,0,0,1,0,0
kyushu_site_3160014c6a56,富士見変電所,kyushu,w1521189660,lines_only,2,2,0,0,0,0,0,0,1,0,0,66/6,,no_observed,0,1,3,0,1,0,0
kyushu_site_31756a65d211,住吉変電所,kyushu,w195047433,lines_only,4,4,0,1,0,0,0,0,3,0,0,220/66;66/22;22/6,,no_observed,0,4,7,0,4,0,0
kyushu_site_317cd9e0e686,九州電力 太刀洗変電所,kyushu,w245194945,conductors_only,1,1,0,0,0,0,1,0,0,0,0,,,no_observed,1,0,0,1,0,0,0
kyushu_site_31c62867f18a,有家変電所,kyushu,w1124611501,lines_only,0,0,0,0,0,0,0,0,0,0,0,,,no_observed,0,1,3,0,0,0,0
kyushu_site_32e448c061b3,鹿児島変電所,kyushu,w406052986,partial,3,6,3,0,2,3,9,10,2,6,5,220/66;66/6,220/66;66/6,same,7,3,9,3,4,3,0
kyushu_site_3358b4de8063,遠賀変電所,kyushu,w1513061067,lines_only,2,2,0,0,0,0,0,0,1,0,0,66/6,,no_observed,0,1,2,0,1,0,2
kyushu_site_3392c6103896,,kyushu,w1521088632,conductors_only,1,1,0,1,0,0,0,0,0,0,0,,,no_observed,0,5,3,2,0,0,0
kyushu_site_33d73ccf0226,四山町変電所,kyushu,w244325781,conductors_only,2,2,0,1,0,0,3,0,1,0,0,110/66,,no_observed,3,0,4,1,0,0,0
kyushu_site_344c19f7e36d,防府市変電所,kyushu,w319463508,none,1,0,0,0,0,0,0,0,0,0,0,,,no_observed,0,0,4,0,0,0,0
kyushu_site_3467fead016e,添田変電所,kyushu,w295762343,partial,2,4,1,0,1,1,2,4,1,2,2,66/6,66/6,same,2,0,1,1,0,0,0
kyushu_site_34c9d8c3aacd,日田市変電所_3,kyushu,w762516675,lines_only,1,1,0,1,0,0,0,0,0,0,0,,,no_observed,0,2,3,0,2,0,0
kyushu_site_34d5100da3fc,矢部変電所,kyushu,w768564241,conductors_only,1,1,0,1,0,0,0,0,0,0,0,,,no_observed,0,2,3,1,0,0,0
kyushu_site_35ebbb863e2b,木上変電所,kyushu,w694619708,lines_only,1,1,0,1,0,0,0,0,0,0,0,,,no_observed,0,3,3,0,3,0,0
kyushu_site_3698ff24730d,多の津変電所,kyushu,w666870107,lines_only,1,1,0,0,0,0,0,0,0,0,0,,,no_observed,0,2,2,0,1,0,0
kyushu_site_36a0fe7ea862,江川変電所,kyushu,w987942912,lines_only,2,3,0,1,0,0,0,0,1,0,0,66/6,,no_observed,0,2,0,0,3,0,0
kyushu_site_36b565e4a083,,kyushu,w307014126,lines_only,1,1,0,0,0,0,0,0,0,0,0,,,no_observed,0,1,3,0,1,0,0
kyushu_site_36d3b84e7fa9,都北変電所,kyushu,w612651989,lines_only,1,1,0,0,0,0,0,0,0,0,0,,,no_observed,0,2,1,0,1,0,0
kyushu_site_370de51db480,九州電力緑川変電所,kyushu,w216609401,lines_only,2,2,0,0,0,0,0,0,1,0,0,220/66,,no_observed,0,1,1,0,1,0,0
kyushu_site_371ad2256e25,出水変電所,kyushu,w238813048,partial,2,2,0,2,0,0,1,4,1,0,0,220/66,,no_observed,1,8,6,2,1,0,0
kyushu_site_3720360339a6,東唐津二丁目変電所,kyushu,w1165112671,none,0,0,0,0,0,0,0,0,0,0,0,,,no_observed,0,0,0,0,0,0,0
kyushu_site_37cd43817243,南区変電所,kyushu,w732086823,none,0,0,0,0,0,0,0,0,0,0,0,,,no_observed,0,0,0,0,0,0,0
kyushu_site_383b8ada1c2a,小倉北区変電所,kyushu,w269556645,none,2,0,2,0,0,0,7,0,1,0,0,66/20,,no_observed,6,0,4,0,0,0,0
kyushu_site_386792fe4137,,kyushu,w1514092671,conductors_only,1,1,0,0,0,0,0,0,0,0,0,,,no_observed,0,1,1,2,0,0,0
kyushu_site_38e6cd6ee579,池田四丁目変電所,kyushu,w732112799,none,1,0,0,0,0,0,0,0,0,0,0,,,no_observed,0,0,3,0,0,0,0
kyushu_site_39446fee0208,丸尾町変電所,kyushu,w1010722772,lines_only,1,1,0,1,0,0,0,0,0,0,0,,,no_observed,0,2,3,0,0,2,2
kyushu_site_399455153df9,九州電力 浮羽変電所,kyushu,w216767082,lines_only,2,2,0,0,0,0,0,0,1,0,0,220/66,,no_observed,0,1,3,0,1,0,0
kyushu_site_399538afd945,船場町変電所,kyushu,w757977401,lines_only,1,1,0,0,0,0,0,0,0,0,0,,,no_observed,0,1,1,0,1,0,0
kyushu_site_39d137cbcf67,武雄市変電所_2,kyushu,w915462697,none,0,0,0,0,0,0,0,0,0,0,0,,,no_observed,0,0,0,0,0,0,0
kyushu_site_3a45335754bb,出水市変電所,kyushu,w606079930,none,0,0,0,0,0,0,0,0,0,0,0,,,no_observed,0,0,0,0,0,0,0
kyushu_site_3a58d3197664,糸田変電所,kyushu,w294316515,partial,2,4,1,0,1,1,3,5,1,2,2,66/6,66/6,same,3,0,1,0,3,0,0
kyushu_site_3a818959b556,九州電力 高鍋変電所,kyushu,w392770529,partial,2,3,2,0,2,2,5,6,1,4,4,110/66,110/66;66/6,contradicts,2,2,6,1,2,4,0
kyushu_site_3a86519a0a92,宇部変電所,kyushu,w318438215,conductors_only,2,2,2,1,0,0,0,0,1,0,0,110/66,,no_observed,0,17,19,4,3,0,0
kyushu_site_3b8633c528f1,,kyushu,w1512966039,lines_only,1,1,0,0,0,0,0,0,0,0,0,,,no_observed,0,1,4,0,1,0,0
kyushu_site_3bd1c1dbdebb,城山変電所,kyushu,w432763726,none,2,0,0,0,0,0,0,0,1,0,0,66/6,,no_observed,0,0,0,0,0,0,0
kyushu_site_3c887b4268cf,安心院変電所,kyushu,w1197825620,lines_only,2,2,0,1,0,0,0,0,1,0,0,66/6,,no_observed,0,2,0,0,2,0,0
kyushu_site_3cc141573aeb,上福元町変電所,kyushu,w406052995,lines_only,1,1,0,1,0,0,0,0,0,0,0,,,no_observed,0,2,0,0,0,2,2
kyushu_site_3dbc86f6bc56,原田川変電所,kyushu,w758655553,conductors_only,1,1,0,0,0,0,1,0,0,0,0,,,no_observed,1,0,0,1,0,0,0
kyushu_site_3e92399ece2e,上穂波変電所,kyushu,w293150088,partial,2,4,1,0,1,1,2,4,1,2,2,66/6,66/6,same,2,1,2,1,0,0,0
kyushu_site_3eb95f33362e,宮田変電所,kyushu,w764676718,partial,2,4,1,0,1,1,2,4,1,2,2,66/6,66/6,same,2,0,1,1,0,0,0
kyushu_site_3edf3f573497,沖田町変電所,kyushu,w1227025837,lines_only,0,0,0,0,0,0,0,0,0,0,0,,,no_observed,0,1,0,0,0,0,0
kyushu_site_3f505f1b9f33,井上町変電所,kyushu,w1435863600,none,1,0,0,0,0,0,0,0,0,0,0,,,no_observed,0,0,5,0,0,0,0
kyushu_site_3fd0d4231ac4,九州電力 内野河内変電所,kyushu,w943149761,lines_only,1,1,0,0,0,0,0,0,0,0,0,,,no_observed,0,2,0,0,1,0,2
kyushu_site_4019eda50ac3,川崎変電所,kyushu,w318564836,lines_only,1,1,0,1,0,0,0,0,0,0,0,,,no_observed,0,2,0,0,0,2,0
kyushu_site_40361c397109,中国電力 西下関開閉所,kyushu,w370263802,lines_only,1,0,0,1,0,0,0,0,0,0,0,,,no_observed,0,2,13,0,0,0,0
kyushu_site_405e3c9620ad,新大分変電所,kyushu,w1199776835,lines_only,2,2,0,0,0,0,0,0,1,0,0,220/66,,no_observed,0,1,1,0,6,0,0
kyushu_site_40861fbaa96e,鎮西町横竹変電所,kyushu,w238678822,none,1,0,0,0,0,0,0,0,0,0,0,,,no_observed,0,0,1,0,0,0,0
kyushu_site_40d9969a9f20,九州電力 羽犬塚変電所,kyushu,w238151148,partial,1,2,2,0,1,2,5,12,0,3,0,,,no_observed,9,8,6,6,1,0,0
kyushu_site_410137c6ede6,山野井変電所,kyushu,w1169684245,lines_only,3,4,0,0,0,0,0,0,2,0,0,66/22;22/6,,no_observed,0,1,2,0,1,0,0
kyushu_site_4131a34a0e8a,高森,kyushu,w641622937,none,1,0,0,0,0,0,0,0,0,0,0,,,no_observed,0,0,1,0,0,0,0
kyushu_site_4175454f0690,大字日吉変電所,kyushu,w221015138,conductors_only,1,1,0,1,0,0,1,0,0,0,0,,,no_observed,2,0,0,2,0,0,0
kyushu_site_42689ef0c341,田上二丁目変電所,kyushu,w341946315,none,1,0,0,0,0,0,0,0,0,0,0,,,no_observed,0,0,6,0,0,0,0
kyushu_site_42f288236ac3,姪浜変電所,kyushu,w1392009412,lines_only,1,1,0,1,0,0,0,0,0,0,0,,,no_observed,0,2,5,0,2,0,0
kyushu_site_43a0e6e15050,九州電力 一の勢変電所,kyushu,w932915553,lines_only,1,1,0,0,0,0,0,0,0,0,0,,,no_observed,0,2,0,0,1,0,0
kyushu_site_43a987a14cd6,西鹿児島変電所,kyushu,w596541012,lines_only,1,1,0,0,0,0,0,0,0,0,0,,,no_observed,0,1,5,0,1,0,0
kyushu_site_43defa22d4db,南九州市変電所,kyushu,w686863186,lines_only,1,1,0,0,0,0,0,0,0,0,0,,,no_observed,0,1,1,0,1,0,0
kyushu_site_441627eb24b9,益城町変電所,kyushu,w410981561,none,0,0,0,0,0,0,0,0,0,0,0,,,no_observed,0,0,0,0,0,0,0
kyushu_site_44195480d8d0,,kyushu,w1512966043,lines_only,1,1,0,0,0,0,0,0,0,0,0,,,no_observed,0,1,5,0,1,0,0
kyushu_site_4436e3e7a73a,大鶴変電所,kyushu,w776542506,none,1,0,0,1,0,0,1,0,0,0,0,,,no_observed,2,0,0,0,0,0,0
kyushu_site_445d79f348be,東郷町山陰乙変電所,kyushu,w755177087,lines_only,1,1,0,0,0,0,0,0,0,0,0,,,no_observed,0,1,0,0,1,0,0
kyushu_site_44993f052bdf,大城二丁目変電所,kyushu,w185937352,lines_only,1,1,0,1,0,0,0,0,0,0,0,,,no_observed,0,2,0,0,0,2,0
kyushu_site_44a9d818bd88,妻ケ丘変電所,kyushu,w682235139,none,0,0,0,0,0,0,0,0,0,0,0,,,no_observed,0,0,0,0,0,0,0
kyushu_site_44b2f4815ce9,九州電力 曽根変電所,kyushu,w307010299,conductors_only,1,2,3,0,3,3,0,0,0,0,0,,,no_observed,0,2,0,0,0,2,2
kyushu_site_4523e34f1f42,九州電力(株)志佐変電所,kyushu,w451693597,none,0,0,0,0,0,0,0,0,0,0,0,,,no_observed,0,0,1,0,0,0,0
kyushu_site_46201b9fde74,出水市変電所_3,kyushu,w854885576,lines_only,0,0,0,0,0,0,0,0,0,0,0,,,no_observed,0,1,0,0,0,0,0
kyushu_site_469909dcb859,さつま太陽光連系変電所,kyushu,w1525953612,lines_only,1,1,0,0,0,0,0,0,0,0,0,,,no_observed,0,1,3,0,1,0,0
kyushu_site_46b414969056,宮野変電所,kyushu,w319463516,lines_only,1,1,0,0,0,0,0,0,0,0,0,,,no_observed,0,1,0,0,1,0,0
kyushu_site_473180a98d24,城町変電所,kyushu,w762322329,lines_only,1,1,0,1,0,0,0,0,0,0,0,,,no_observed,0,4,6,0,4,0,0
kyushu_site_47674a609710,万之瀬変電所,kyushu,w619754706,lines_only,1,1,0,0,0,0,0,0,0,0,0,,,no_observed,0,0,6,0,0,3,0
kyushu_site_4776414ca1af,大塚変電所,kyushu,w636270173,layout_only,1,1,0,1,0,0,0,2,0,0,0,,,no_observed,0,2,0,2,0,4,0
kyushu_site_486c5bf48b65,,kyushu,w1512966047,lines_only,1,1,0,0,0,0,0,0,0,0,0,,,no_observed,0,1,0,0,1,0,0
kyushu_site_48e2b3f052fd,権現変電所,kyushu,n3804910769,none,0,0,0,0,0,0,0,0,0,0,0,,,no_observed,0,0,0,0,0,0,0
kyushu_site_48ff9e73b3eb,光町変電所,kyushu,w219579624,none,2,0,1,1,0,0,6,0,1,0,0,220/66,,no_observed,6,0,0,0,0,0,0
kyushu_site_4993a02e9979,宮原変電所,kyushu,w244384285,none,1,0,0,0,0,0,0,0,0,0,0,,,no_observed,0,0,0,0,0,0,0
kyushu_site_49e3fdf7690d,ネクストソーラー宮之城太陽光連系変電所,kyushu,w1525953618,none,1,0,0,0,0,0,0,0,0,0,0,,,no_observed,0,1,1,0,0,0,0
kyushu_site_4a5aadde1b5c,大牟田市変電所,kyushu,w244326937,none,2,0,0,1,0,0,3,0,1,0,0,110/66,,no_observed,3,0,1,0,0,0,0
kyushu_site_4a72e2919a0f,伊万里変電所,kyushu,w777211970,lines_only,1,1,0,0,0,0,0,0,0,0,0,,,no_observed,0,1,0,0,1,0,0
kyushu_site_4b263147b511,川内変電所,kyushu,w759835548,lines_only,1,1,0,0,0,0,0,0,0,0,0,,,no_observed,0,1,0,0,1,0,0
kyushu_site_4bc2518bea24,曽於市変電所_2,kyushu,w749334767,partial,1,2,0,0,0,0,0,1,0,0,0,,,no_observed,0,1,1,0,0,0,2
kyushu_site_4bcaabbd33ea,坂本三丁目変電所,kyushu,w987429455,lines_only,1,1,0,1,0,0,0,0,0,0,0,,,no_observed,0,2,2,0,0,2,0
kyushu_site_4c431c9755aa,御船変電所,kyushu,w216608162,lines_only,1,1,0,0,0,0,0,0,0,0,0,,,no_observed,0,1,0,0,1,0,0
kyushu_site_4cbba71dd8bc,丸山変電所,kyushu,w1521925355,lines_only,2,2,0,1,0,0,0,0,1,0,0,66/6,,no_observed,0,2,0,0,0,2,2
kyushu_site_4cd0a7188cde,牛島上変電所,kyushu,w1176934046,none,0,0,0,0,0,0,0,0,0,0,0,,,no_observed,0,0,0,0,0,0,0
kyushu_site_4d81b04c2291,旗崎変電所,kyushu,w169939334,none,0,0,0,0,0,0,0,0,0,0,0,,,no_observed,0,0,0,0,0,0,0
kyushu_site_4dbd8489158d,鯰田変電所,kyushu,w205495375,partial,4,4,6,0,2,2,23,11,3,3,3,110/66;66/22;22/6,,no_observed,18,0,13,8,0,0,0
kyushu_site_4dd9eef2174a,,kyushu,w1512966024,conductors_only,2,1,9,0,0,0,11,0,1,0,0,220/66,,no_observed,9,1,12,2,0,0,0
kyushu_site_4e024b98db48,串良変電所,kyushu,w552389155,partial,1,1,0,1,0,0,0,2,0,0,0,,,no_observed,0,2,3,1,0,0,0
kyushu_site_4e08c2e08d52,諫早変電所,kyushu,w405827687,lines_only,2,3,0,1,0,0,1,0,1,0,0,220/66,,no_observed,1,2,7,0,2,0,0
kyushu_site_4e69aa5e8738,中原町変電所,kyushu,w552667181,lines_only,0,0,0,0,0,0,0,0,0,0,0,,,no_observed,0,1,0,0,0,0,0
kyushu_site_4ef6de84a4cd,大町町変電所,kyushu,w254752131,conductors_only,1,1,0,1,0,0,0,0,0,0,0,,,no_observed,0,2,4,0,0,2,0
kyushu_site_4f7534139802,森変電所,kyushu,w762225970,lines_only,1,1,0,1,0,0,0,0,0,0,0,,,no_observed,0,2,3,0,0,0,0
kyushu_site_501e4d422dd7,塩浜町一丁目変電所_2,kyushu,w759845333,none,1,0,0,0,0,0,0,0,0,0,0,,,no_observed,0,0,1,0,0,0,0
kyushu_site_50912e85996a,九州電力 愛野変電所,kyushu,w1133852213,lines_only,1,1,0,1,0,0,0,0,0,0,0,,,no_observed,0,3,0,0,1,0,0
kyushu_site_515c120c06b3,戸畑変電所,kyushu,w1511764249,lines_only,2,2,0,0,0,0,0,0,1,0,0,66/6,,no_observed,0,1,4,0,1,0,0
kyushu_site_5182c884b5dd,水主町変電所,kyushu,w1162966474,none,0,0,0,0,0,0,0,0,0,0,0,,,no_observed,0,0,1,0,0,0,0
kyushu_site_518e106e7a30,,kyushu,w1512966045,lines_only,1,1,0,0,0,0,0,0,0,0,0,,,no_observed,0,1,0,0,1,0,0
kyushu_site_51f81c5ee316,鷹尾変電所,kyushu,w609212600,layout_only,2,3,0,1,0,0,0,2,1,0,0,66/6,,no_observed,0,2,1,2,0,0,2
kyushu_site_52509063af58,田の浦町変電所,kyushu,w1286952782,conductors_only,0,2,0,0,0,0,0,0,0,0,0,,,no_observed,0,0,2,2,1,0,0
kyushu_site_527b9410818b,飽ノ浦変電所,kyushu,w1521208970,lines_only,2,2,0,1,0,0,0,0,1,0,0,66/6,,no_observed,0,2,6,0,2,0,0
kyushu_site_5309a596dd8d,荘園変電所,kyushu,w1517998759,lines_only,2,2,0,0,0,0,0,0,1,0,0,66/6,,no_observed,0,1,1,0,1,0,0
kyushu_site_530eea1338a2,田布施町変電所,kyushu,w1395514589,none,0,0,0,0,0,0,0,0,0,0,0,,,no_observed,0,0,1,0,0,0,0
kyushu_site_5336bddce98a,九州電力 かなえ台変電所,kyushu,w956294812,lines_only,1,1,0,0,0,0,0,0,0,0,0,,,no_observed,0,1,0,0,1,0,0
kyushu_site_535d9cb1010b,竹下変電所,kyushu,w716668746,lines_only,1,1,0,1,0,0,0,0,0,0,0,,,no_observed,0,5,1,0,5,0,0
kyushu_site_53bc504d4ffb,串木野れいめい風力連系変電所,kyushu,w700502126,lines_only,1,1,0,0,0,0,0,0,0,0,0,,,no_observed,0,1,4,0,1,0,0
kyushu_site_53c945d7930e,新日向変電所,kyushu,w373870139,lines_only,2,2,0,1,0,0,0,0,1,0,0,220/66,,no_observed,0,3,3,0,3,0,0
kyushu_site_53e05002a412,熊本変電所,kyushu,w270487953,lines_only,1,1,0,0,0,0,0,0,0,0,0,,,no_observed,0,1,2,0,1,0,0
kyushu_site_543486d508ed,九州電力 唐津変電所,kyushu,w201289289,partial,1,2,1,0,1,5,0,0,0,2,0,,,no_observed,0,1,1,0,1,0,0
kyushu_site_5496048713f8,平佐変電所,kyushu,w608757472,conductors_only,2,2,0,1,0,0,0,0,1,0,0,66/6,,no_observed,0,2,3,1,0,0,0
kyushu_site_54eab3e2baa7,野方変電所,kyushu,w614199716,lines_only,1,1,0,0,0,0,0,0,0,0,0,,,no_observed,0,1,1,0,1,0,0
kyushu_site_54f43a0a9d72,赤間駅前二丁目変電所,kyushu,w270060823,none,1,0,0,0,0,0,0,0,0,0,0,,,no_observed,0,0,3,0,0,0,0
kyushu_site_55b398f19c5c,前田変電所,kyushu,w759856153,lines_only,0,0,0,0,0,0,0,0,0,0,0,,,no_observed,0,0,0,0,0,0,0
kyushu_site_55f9e4daf338,長府変電所,kyushu,w1203505651,lines_only,3,3,0,0,0,0,0,0,2,0,0,110/66;66/6,,no_observed,0,1,3,0,2,0,0
kyushu_site_561042202349,JR九州下関変電所,kyushu,w370256276,none,2,0,0,0,0,0,0,0,1,0,0,110/66,,no_observed,0,0,17,0,0,0,0
kyushu_site_567596f3abf4,鴨池変電所,kyushu,w306395877,lines_only,2,2,0,1,0,0,0,0,1,0,0,66/6,,no_observed,0,2,0,0,2,0,0
kyushu_site_56b3fb4d3cb5,恩田町五丁目変電所,kyushu,w318438208,none,1,0,0,0,0,0,0,0,0,0,0,,,no_observed,0,0,1,0,0,0,0
kyushu_site_56e48bba0ede,大字西沖の山変電所,kyushu,w318438210,conductors_only,1,1,0,1,0,0,0,0,0,0,0,,,no_observed,0,7,9,2,3,0,4
kyushu_site_57a76309d8fa,牧園変電所,kyushu,w615235330,lines_only,1,1,0,0,0,0,0,0,0,0,0,,,no_observed,0,1,0,0,1,0,0
kyushu_site_58510d32fe72,山野井変電所_2,kyushu,w660503422,conductors_only,1,2,0,0,0,0,0,0,0,0,0,,,no_observed,0,1,1,0,0,0,2
kyushu_site_589ca7694cdd,九州電力松橋変電所,kyushu,w334798184,lines_only,1,1,0,1,0,0,0,0,0,0,0,,,no_observed,0,2,0,0,2,0,0
kyushu_site_58fc6b80ab54,竹末一丁目変電所,kyushu,w764461374,conductors_only,1,1,0,1,0,0,2,0,0,0,0,,,no_observed,2,2,4,1,0,0,0
kyushu_site_5972640f2eb4,知覧町変電所,kyushu,w940970115,none,0,0,0,0,0,0,0,0,0,0,0,,,no_observed,0,0,0,0,0,0,0
kyushu_site_5a16b0dd1e6f,小田浦変電所,kyushu,w825138007,lines_only,0,0,0,1,0,0,0,0,0,0,0,,,no_observed,0,3,1,0,0,0,0
kyushu_site_5a66320f9aa0,古月変電所,kyushu,w1050769194,partial,2,4,1,0,1,1,2,7,1,3,3,66/6,66/6,same,4,0,2,0,4,0,0
kyushu_site_5a6845dd4883,天瀬町赤岩変電所,kyushu,w509498536,lines_only,0,0,0,0,0,0,0,0,0,0,0,,,no_observed,0,0,4,0,0,0,0
kyushu_site_5ad368375b05,長与変電所,kyushu,w405827685,conductors_only,2,2,0,1,0,0,0,0,1,0,0,66/6,,no_observed,0,2,6,2,0,0,0
kyushu_site_5aeacc8ca214,御領変電所,kyushu,w1519241083,lines_only,2,2,0,0,0,0,0,0,1,0,0,66/6,,no_observed,0,1,0,0,1,0,0
kyushu_site_5afc11c386b5,加治木変電所,kyushu,w608075243,lines_only,2,3,0,0,0,0,0,0,1,0,0,66/6,,no_observed,0,1,1,0,1,0,2
kyushu_site_5b09f71ac39c,南福岡変電所,kyushu,w185936794,conductors_only,2,3,0,1,0,0,4,0,1,0,0,220/66,,no_observed,4,1,6,0,3,0,2
kyushu_site_5b192872f378,長谷変電所,kyushu,w267297275,none,0,0,0,0,0,0,0,0,0,0,0,,,no_observed,0,0,1,0,0,0,0
kyushu_site_5b9663515386,中井手変電所,kyushu,w726536490,none,1,0,0,0,0,0,1,0,0,0,0,,,no_observed,1,0,0,0,0,0,0
kyushu_site_5bbd4dbcd9f9,東区変電所_2,kyushu,w782081084,none,0,0,0,0,0,0,0,0,0,0,0,,,no_observed,0,0,2,0,0,0,0
kyushu_site_5be938b115ed,折尾変電所,kyushu,w1229261832,lines_only,2,2,0,1,0,0,0,0,1,0,0,66/6,,no_observed,0,2,0,0,0,2,0
kyushu_site_5ccae4b9a75c,吉隈変電所,kyushu,w293147738,partial,2,4,1,0,1,1,2,8,1,2,2,66/6,66/6,same,5,0,6,0,5,0,0
kyushu_site_5d2e0260639b,杵築市変電所,kyushu,w405806518,lines_only,1,1,0,0,0,0,0,0,0,0,0,,,no_observed,0,1,0,0,1,0,0
kyushu_site_5da040ca01bf,涌井変電所,kyushu,w418120897,none,0,0,0,0,0,0,0,0,0,0,0,,,no_observed,0,0,0,0,0,0,0
kyushu_site_5fb45358c0a8,宇美六丁目変電所,kyushu,w185937143,lines_only,1,1,0,0,0,0,0,0,0,0,0,,,no_observed,0,1,0,0,1,0,0
kyushu_site_6015ff071ee3,赤間変電所,kyushu,w764302080,lines_only,1,2,0,0,0,0,0,0,0,0,0,,,no_observed,0,1,2,0,1,0,0
kyushu_site_6025ed5d950e,大門変電所,kyushu,w1511657829,layout_only,2,5,2,0,0,0,7,1,1,4,4,66/6,66/22;66/6,contradicts,6,0,4,0,0,0,0
kyushu_site_608222979615,DREAM Solar ひぐち長崎連系変電所,kyushu,w1521084574,lines_only,2,1,0,0,0,0,1,0,1,0,0,220/66,,no_observed,1,1,3,0,1,0,0
kyushu_site_61286ee6ccd4,轟木変電所,kyushu,w183311558,lines_only,1,1,0,0,0,0,0,0,0,0,0,,,no_observed,0,1,1,0,1,0,0
kyushu_site_61455694405e,黒崎変電所,kyushu,w1511793152,lines_only,2,2,0,1,0,0,0,0,1,0,0,66/6,,no_observed,0,2,2,0,2,0,0
kyushu_site_627873a5ca1c,指宿変電所,kyushu,w602154027,conductors_only,2,2,0,1,0,0,0,0,1,0,0,66/6,,no_observed,0,2,1,1,0,0,0
kyushu_site_62f05d528676,大濠変電所,kyushu,w958186630,lines_only,2,2,0,1,0,0,0,0,1,0,0,66/6,,no_observed,0,3,0,0,2,0,0
kyushu_site_6399bf507b0c,,kyushu,w1513936251,lines_only,1,1,0,0,0,0,0,0,0,0,0,,,no_observed,0,1,3,0,1,0,0
kyushu_site_63dd63d095fe,久見崎町変電所,kyushu,w1212140524,conductors_only,1,1,2,0,1,2,4,0,0,0,0,,,no_observed,4,3,38,1,0,0,0
kyushu_site_642e76fc5b62,五位野変電所,kyushu,w720476764,lines_only,2,2,0,0,0,0,0,0,1,0,0,66/6,,no_observed,0,1,0,0,1,0,0
kyushu_site_64612a440c74,川東変電所,kyushu,w609212602,partial,1,1,0,1,0,0,0,2,0,0,0,,,no_observed,0,2,3,1,0,0,0
kyushu_site_64f979b4290e,不知火町小曽部変電所,kyushu,w691691091,none,0,0,0,0,0,0,0,0,0,0,0,,,no_observed,0,0,0,0,0,0,0
kyushu_site_65a12c6ef535,小月変電所,kyushu,w620418393,lines_only,4,6,0,1,0,0,0,0,3,0,0,110/66;66/22;22/6,,no_observed,0,4,4,0,4,0,0
kyushu_site_65c86d27befa,砂津変電所,kyushu,w1511634350,layout_only,2,4,0,1,0,0,0,1,1,3,3,66/6,66/6,same,0,2,0,0,0,6,0
kyushu_site_666a68492572,大新田変電所,kyushu,w860674023,none,0,0,0,0,0,0,0,0,0,0,0,,,no_observed,0,0,0,0,0,0,0
kyushu_site_66b66f17fc04,朝日町大字芦原変電所,kyushu,w1217528836,none,0,0,0,0,0,0,0,0,0,0,0,,,no_observed,0,0,0,0,0,0,0
kyushu_site_66bc6fa3be58,,kyushu,w1512966034,lines_only,1,1,0,0,0,0,0,0,0,0,0,,,no_observed,0,1,4,0,1,3,0
kyushu_site_671f7bf1ac7a,上川内変電所,kyushu,w609313645,partial,2,4,1,0,1,1,2,4,1,3,2,110/6,110/6,same,2,0,5,0,2,0,0
kyushu_site_68459ff41165,池田変電所,kyushu,w405605891,lines_only,2,2,0,1,0,0,0,0,1,0,0,66/6,,no_observed,0,2,0,0,2,0,0
kyushu_site_686c37ebc2d5,湯布院町下湯平変電所,kyushu,w417418566,none,0,0,0,0,0,0,0,0,0,0,0,,,no_observed,0,0,2,0,0,0,0
kyushu_site_68ca40e89a1a,,kyushu,w1516913365,lines_only,1,1,1,0,0,0,2,0,0,0,0,,,no_observed,2,1,2,0,1,0,0
kyushu_site_68dc03dcfea9,九州電力飛田変電所,kyushu,w421917135,none,1,0,0,0,0,0,1,0,0,0,0,,,no_observed,1,0,0,0,0,0,0
kyushu_site_691f0246d81a,岱明町野口変電所,kyushu,w691691048,none,2,0,0,0,0,0,0,0,1,0,0,66/20,,no_observed,0,0,2,0,0,0,0
kyushu_site_6932957ec972,大瀬戸町瀬戸福島郷変電所,kyushu,w743584738,lines_only,1,1,0,0,0,0,0,0,0,0,0,,,no_observed,0,1,1,0,1,0,0
kyushu_site_69a9475425f4,上野変電所,kyushu,w744435318,partial,1,2,1,0,0,0,0,0,0,2,0,,,no_observed,0,1,4,1,1,0,2
kyushu_site_69b195e38e3b,小浜町一丁目変電所,kyushu,w253241377,none,1,0,0,0,0,0,0,0,0,0,0,,,no_observed,0,0,0,0,0,0,0
kyushu_site_6a14896f5398,城島変電所,kyushu,w416535782,lines_only,2,1,0,0,0,0,0,0,1,0,0,220/66,,no_observed,0,1,4,0,1,0,0
kyushu_site_6a1c3b206eba,日置市変電所,kyushu,w1160191041,none,0,0,0,0,0,0,0,0,0,0,0,,,no_observed,0,0,0,0,0,0,0
kyushu_site_6a4f17fc9de3,到津変電所,kyushu,w304390660,lines_only,2,2,0,2,0,0,0,0,1,0,0,220/66,,no_observed,0,6,7,0,6,0,2
kyushu_site_6b5934b3f3eb,長尾四丁目変電所,kyushu,w219119480,conductors_only,1,1,0,1,0,0,0,0,0,0,0,,,no_observed,0,5,4,3,0,0,4
kyushu_site_6c14305e0b32,金池変電所,kyushu,w1517943710,none,2,0,1,0,0,0,0,0,1,0,0,66/6,,no_observed,0,0,1,0,0,0,0
kyushu_site_6c3a35943bba,須崎変電所,kyushu,w958566185,lines_only,2,2,0,0,0,0,0,0,1,0,0,66/6,,no_observed,0,2,7,0,1,0,0
kyushu_site_6da7c223f65f,杜の宮三丁目変電所,kyushu,w179077613,lines_only,1,2,0,1,0,0,0,0,0,0,0,,,no_observed,0,2,3,0,2,0,0
kyushu_site_6ec1cb364b40,香焼変電所,kyushu,w1521952321,partial,2,4,1,0,1,1,2,3,1,1,1,66/6,66/6,same,2,0,2,2,0,0,0
kyushu_site_6f03ebe549d7,,kyushu,w1517273985,lines_only,1,1,0,0,0,0,0,0,0,0,0,,,no_observed,0,1,1,0,1,0,0
kyushu_site_6f176537612f,山鹿変電所,kyushu,w772162381,lines_only,1,1,0,0,0,0,0,0,0,0,0,,,no_observed,0,1,2,0,1,0,0
kyushu_site_6fc23323e847,米ノ津変電所,kyushu,w621720594,layout_only,1,1,0,1,0,0,0,2,0,0,0,,,no_observed,0,2,0,2,0,0,0
kyushu_site_70608ab92ad4,坪井変電所,kyushu,w1520523173,lines_only,2,2,0,1,0,0,0,0,1,0,0,66/6,,no_observed,0,3,0,0,3,0,0
kyushu_site_709d05feebe2,郡変電所,kyushu,w607919398,lines_only,2,2,0,0,0,0,0,0,1,0,0,66/6,,no_observed,0,1,1,0,1,0,0
kyushu_site_70cfa75826f4,銭座変電所,kyushu,w1521351562,lines_only,2,2,0,0,0,0,0,0,1,0,0,66/6,,no_observed,0,1,0,0,1,0,0
kyushu_site_70de74cfbd02,北湊変電所,kyushu,w764468558,none,1,0,0,0,0,0,0,0,0,0,0,,,no_observed,0,0,0,0,0,0,0
kyushu_site_7116ab2cea5b,宮原変電所,kyushu,w768780395,lines_only,1,1,0,0,0,0,0,0,0,0,0,,,no_observed,0,2,2,0,1,0,2
kyushu_site_7119869dd0d8,小倉南区変電所,kyushu,w295764612,lines_only,1,1,0,0,0,0,0,0,0,0,0,,,no_observed,0,1,1,0,1,0,0
kyushu_site_718f75cc4be9,中原東四丁目変電所,kyushu,w187970422,conductors_only,2,3,0,2,0,0,0,0,1,0,0,220/66,,no_observed,0,8,10,2,1,0,0
kyushu_site_724543def797,石垣変電所,kyushu,w1518008191,lines_only,2,2,0,0,0,0,0,0,1,0,0,66/6,,no_observed,0,1,0,0,1,0,0
kyushu_site_72567f43ad9d,竹森変電所,kyushu,w417987815,conductors_only,0,2,0,0,0,0,0,0,0,0,0,,,no_observed,0,1,0,1,0,0,0
kyushu_site_72b9dabaa7e5,九州電力 島原変電所,kyushu,w1147268207,lines_only,2,2,0,0,0,0,0,0,1,0,0,66/6,,no_observed,0,1,1,0,0,0,0
kyushu_site_73183f033e5b,時津変電所,kyushu,w1521088636,lines_only,2,2,0,0,0,0,0,0,1,0,0,66/6,,no_observed,0,1,7,0,1,0,0
kyushu_site_732e4c1895ed,高千穂変電所,kyushu,w754338515,lines_only,2,2,0,1,0,0,0,0,1,0,0,110/66,,no_observed,0,4,2,0,2,0,0
kyushu_site_73401ab483d1,馬之瀬町変電所,kyushu,w640661955,lines_only,2,1,3,0,0,0,7,0,1,0,0,110/66,,no_observed,7,1,0,0,1,0,0
kyushu_site_739e39f9398b,国東町鶴川変電所,kyushu,w405806512,none,1,0,0,0,0,0,0,0,0,0,0,,,no_observed,0,0,1,0,0,0,0
kyushu_site_73e7a370bb56,宮川変電所,kyushu,w600755470,lines_only,1,1,0,0,0,0,0,0,0,0,0,,,no_observed,0,1,3,0,1,0,0
kyushu_site_73eb961b0120,若山二丁目変電所,kyushu,w620155920,lines_only,1,1,0,1,0,0,0,0,0,0,0,,,no_observed,0,2,3,0,2,0,0
kyushu_site_74054a699d86,壱岐変電所,kyushu,w1385989996,lines_only,1,1,0,0,0,0,0,0,0,0,0,,,no_observed,0,1,0,0,1,0,0
kyushu_site_741b81316db4,九州電力 蓑島変電所,kyushu,w195417799,lines_only,1,2,0,1,0,0,0,0,0,0,0,,,no_observed,0,4,1,0,4,0,0
kyushu_site_74530f76e872,大字和気変電所,kyushu,w660345816,none,1,0,0,0,0,0,0,0,0,0,0,,,no_observed,0,0,4,0,0,0,0
kyushu_site_7467b81b5ba6,七隈変電所,kyushu,w1393419908,lines_only,1,2,0,1,0,0,0,0,0,0,0,,,no_observed,0,2,1,0,3,0,2
kyushu_site_74a4cdb73533,めかり変電所,kyushu,w1511706666,partial,2,4,0,1,0,0,0,0,1,2,2,66/6,66/6,same,0,4,3,3,1,0,0
kyushu_site_74b24e570106,紫原変電所,kyushu,w596111331,conductors_only,2,3,0,1,0,0,0,0,1,0,0,66/6,,no_observed,0,3,12,3,1,0,0
kyushu_site_74cec49be7ca,小野田変電所,kyushu,w318438206,lines_only,2,1,0,0,0,0,0,0,1,0,0,220/110,,no_observed,0,1,1,0,1,0,0
kyushu_site_74eea8b39287,三萩野変電所,kyushu,w1517874902,lines_only,2,2,0,0,0,0,0,0,1,0,0,66/6,,no_observed,0,1,0,0,1,0,0
kyushu_site_75132810159d,九州電力一の宮変電所,kyushu,w411425216,conductors_only,1,1,0,1,0,0,0,0,0,0,0,,,no_observed,0,2,3,1,0,0,0
kyushu_site_757de67b3b96,紅葉ヶ丘西三丁目変電所,kyushu,w180234179,lines_only,1,2,0,1,0,0,0,0,0,0,0,,,no_observed,0,2,3,0,2,0,0
kyushu_site_76c544064df6,長野変電所,kyushu,w184143094,none,1,0,0,1,0,0,1,0,0,0,0,,,no_observed,2,0,1,0,0,0,0
kyushu_site_76d06ebb37ea,,kyushu,w1512966030,lines_only,1,1,1,0,0,0,4,0,0,0,0,,,no_observed,5,1,4,0,1,0,0
kyushu_site_76e487315b1c,西松原四丁目変電所,kyushu,w1395521627,none,1,0,0,0,0,0,0,0,0,0,0,,,no_observed,0,0,1,0,0,0,0
kyushu_site_78eaf06bd40c,都城変電所,kyushu,w604647913,lines_only,1,1,0,0,0,0,0,0,0,0,0,,,no_observed,0,1,1,0,1,0,0
kyushu_site_79046fce7841,東区変電所,kyushu,w240031775,lines_only,1,1,0,0,0,0,0,0,0,0,0,,,no_observed,0,1,0,0,1,0,0
kyushu_site_7919f513908e,長崎大学病院C/S,kyushu,w1521913703,lines_only,1,1,0,0,0,0,0,0,0,0,0,,,no_observed,0,1,2,0,1,0,0
kyushu_site_791edcbd1184,上北島変電所,kyushu,w699394010,none,1,0,0,0,0,0,0,0,0,0,0,,,no_observed,0,0,1,0,0,0,0
kyushu_site_794e85971d4d,山口変電所,kyushu,w318438125,partial,5,7,4,0,4,4,6,0,4,3,0,220/110;110/66;66/11;11/6,,no_observed,5,2,3,2,1,0,0
kyushu_site_795dfe0db400,小郡変電所,kyushu,w318438133,lines_only,2,2,0,1,0,0,0,0,1,0,0,110/66,,no_observed,0,2,6,0,2,0,0
kyushu_site_7999d2879f1c,大字白木原変電所,kyushu,w180133895,lines_only,1,1,0,1,0,0,2,0,0,0,0,,,no_observed,3,0,4,0,0,2,0
kyushu_site_79e0ad712760,,kyushu,w1514084165,lines_only,1,1,1,0,0,0,2,0,0,0,0,,,no_observed,2,1,0,0,1,0,0
kyushu_site_7a01dac86bd9,桃山開閉所,kyushu,w1227016300,none,2,0,2,0,0,0,0,0,1,0,0,110/66,,no_observed,0,0,36,0,0,0,0
kyushu_site_7a1b921241e9,九州電力 鳴川配電塔,kyushu,w945794744,none,0,0,0,0,0,0,0,0,0,0,0,,,no_observed,0,0,0,0,0,0,0
kyushu_site_7a516dd7882f,南苅田系統開閉所,kyushu,w1511295703,mapped,2,2,9,0,1,1,11,5,1,0,0,220/66,,no_observed,9,0,13,0,2,0,0
kyushu_site_7a59ef4d0901,古宮変電所,kyushu,w1360911200,lines_only,0,2,0,0,0,0,0,0,0,0,0,,,no_observed,0,1,1,0,2,0,0
kyushu_site_7a673faebbaf,如水変電所,kyushu,w1202057056,lines_only,2,2,0,0,0,0,0,0,1,0,0,66/6,,no_observed,0,1,3,0,1,0,0
kyushu_site_7ad0e115764f,Futase Sub Station,kyushu,w294320143,lines_only,1,1,0,0,0,0,0,0,0,0,0,,,no_observed,0,1,0,0,1,0,0
kyushu_site_7b7cde84ffb5,東田変電所,kyushu,w1511471925,lines_only,1,1,0,1,0,0,0,0,0,0,0,,,no_observed,0,2,0,0,0,6,0
kyushu_site_7c139bb59ea3,青戸変電所,kyushu,w591371509,partial,2,5,3,0,3,3,11,13,1,5,5,66/6,66/22;66/6,contradicts,6,3,2,3,0,0,0
kyushu_site_7c672ab1de9d,由布市変電所_2,kyushu,w417414006,layout_only,0,0,0,0,0,0,0,1,0,0,0,,,no_observed,0,1,1,0,0,0,0
kyushu_site_7ce1ac919cb5,,kyushu,w1517884899,lines_only,2,1,0,0,0,0,0,0,1,0,0,220/66,,no_observed,0,1,12,0,1,0,0
kyushu_site_7d479fe44c4a,城西変電所,kyushu,w616288643,lines_only,1,1,0,0,0,0,0,0,0,0,0,,,no_observed,0,1,0,0,1,0,0
kyushu_site_7da24bdfa46e,古開作変電所,kyushu,w1395747282,lines_only,1,1,0,0,0,0,0,0,0,0,0,,,no_observed,0,2,2,0,1,0,0
kyushu_site_7deb3441546d,滝之神変電所,kyushu,w603735376,lines_only,2,3,0,1,0,0,0,0,1,0,0,66/6,,no_observed,0,2,2,0,2,0,0
kyushu_site_7dece76a8553,葛原四丁目変電所,kyushu,w296789326,lines_only,2,1,0,1,0,0,0,0,1,0,0,500/220,,no_observed,0,2,13,0,0,2,0
kyushu_site_7dff0547d6b3,山口市変電所_4,kyushu,w1395524983,none,0,0,0,0,0,0,0,0,0,0,0,,,no_observed,0,0,5,0,0,0,0
kyushu_site_7e06ed21b50e,九州電力 神埼変電所,kyushu,w244136536,lines_only,1,2,0,0,0,0,0,0,0,0,0,,,no_observed,0,1,0,0,1,0,0
kyushu_site_7e1721dd4be2,神水変電所,kyushu,w405605910,lines_only,2,2,0,1,0,0,1,0,1,0,0,110/66,,no_observed,1,2,0,0,2,0,0
kyushu_site_7e66cd24f11a,海老津変電所,kyushu,w1212558459,partial,2,4,1,0,1,1,3,5,1,3,3,66/6,66/6,same,2,0,1,1,0,0,0
kyushu_site_7e8b1fbfbe8e,新出水変電所,kyushu,w238813045,none,2,0,0,0,0,0,1,0,1,0,0,220/66,,no_observed,1,0,14,0,0,0,0
kyushu_site_7ec99400a834,九州電力 原田変電所,kyushu,w173169279,none,1,0,0,0,0,0,0,0,0,0,0,,,no_observed,0,0,4,0,0,0,0
kyushu_site_7fc1d85d2164,三池変電所,kyushu,w203776442,conductors_only,3,3,2,0,1,2,2,0,2,0,0,220/110;110/66,,no_observed,2,1,5,2,1,0,0
kyushu_site_8005f4675d2c,日田市変電所,kyushu,w362349560,lines_only,0,0,0,0,0,0,0,0,0,0,0,,,no_observed,0,1,0,0,0,0,0
kyushu_site_80a693139520,寿町変電所,kyushu,w1517950958,lines_only,2,2,0,0,0,0,0,0,1,0,0,66/6,,no_observed,0,1,0,0,1,0,0
kyushu_site_80cf6763c9ab,植木変電所,kyushu,w767618631,conductors_only,1,1,0,0,0,0,1,0,0,0,0,,,no_observed,1,0,0,1,0,0,0
kyushu_site_811a894fef53,南九州変電所,kyushu,w215451416,partial,2,2,0,2,0,0,6,2,1,0,0,500/220,,no_observed,6,2,6,6,0,0,0
kyushu_site_813001c4e21f,横川変電所,kyushu,w615235332,layout_only,1,1,0,0,0,0,0,1,0,0,0,,,no_observed,0,1,0,1,0,0,2
kyushu_site_8149750e276f,,kyushu,w1513936253,none,1,0,0,0,0,0,0,0,0,0,0,,,no_observed,0,0,4,0,0,0,0
kyushu_site_820f4e144314,小倉変電所,kyushu,w239024541,partial,2,4,0,1,0,0,4,6,1,2,2,66/6,66/6,same,4,1,7,3,2,0,4
kyushu_site_821d7402a169,大字台道変電所,kyushu,w319371114,lines_only,1,1,0,0,0,0,0,0,0,0,0,,,no_observed,0,1,0,0,1,0,0
kyushu_site_8252943db219,豊前変電所,kyushu,w201293312,mapped,2,2,2,0,2,2,10,0,1,2,2,500/220,500/220,same,6,0,0,1,0,0,0
kyushu_site_8279f3195c6c,田の湯変電所,kyushu,w1517980085,lines_only,2,2,0,0,0,0,0,0,1,0,0,66/6,,no_observed,0,1,0,0,1,0,0
kyushu_site_82a7b050c542,下小鯖変電所,kyushu,w319463472,lines_only,1,1,0,0,0,0,0,0,0,0,0,,,no_observed,0,0,0,0,0,0,2
kyushu_site_8381b66d226b,槻田系統開閉所,kyushu,w297939963,conductors_only,2,2,0,1,0,0,0,0,1,0,0,220/66,,no_observed,0,6,3,1,2,2,2
kyushu_site_8425b458db99,御開三丁目変電所,kyushu,w764462237,conductors_only,1,1,0,1,0,0,0,0,0,0,0,,,no_observed,0,2,2,1,0,0,0
kyushu_site_85443495e351,,kyushu,w1512966025,lines_only,2,1,9,0,0,0,11,0,1,0,0,220/66,,no_observed,9,1,12,0,1,0,0
kyushu_site_8568179e12cd,,kyushu,w1512966046,none,1,0,0,0,0,0,0,0,0,0,0,,,no_observed,0,0,3,0,0,0,0
kyushu_site_85d041a22bf9,箱崎変電所,kyushu,w404490770,lines_only,1,2,0,0,0,0,0,0,0,0,0,,,no_observed,0,1,3,0,1,0,0
kyushu_site_861af0ee03fc,財光寺変電所,kyushu,w753062697,lines_only,1,1,0,0,0,0,0,0,0,0,0,,,no_observed,0,1,0,0,1,0,0
kyushu_site_86bd4a64657b,河崎変電所,kyushu,w767624788,conductors_only,1,1,0,0,0,0,1,0,0,0,0,,,no_observed,1,0,0,1,0,0,0
kyushu_site_86d266e34768,九州電力 佐賀変電所,kyushu,w220702449,conductors_only,2,2,0,1,0,0,0,0,1,0,0,110/66,,no_observed,0,4,6,0,1,0,0
kyushu_site_86d85fac282c,西大分変電所,kyushu,w90806466,lines_only,2,2,2,0,0,0,7,0,1,0,0,220/66,,no_observed,7,0,3,0,4,0,0
kyushu_site_86e3a1ce700e,渡辺通変電所,kyushu,w959987535,lines_only,2,2,0,0,0,0,0,0,1,0,0,66/6,,no_observed,0,1,13,0,1,0,0
kyushu_site_8789951bf9ce,熊本変電所,kyushu,w405626236,mapped,3,3,2,1,2,2,8,0,2,1,1,500/220;220/66,500/220,partial,8,0,6,1,0,0,0
kyushu_site_879759604009,小月変電所,kyushu,w1226981129,lines_only,0,0,0,0,0,0,0,0,0,0,0,,,no_observed,0,1,4,0,0,0,0
kyushu_site_87f2d20f75c9,原山変電所,kyushu,w837703023,conductors_only,0,2,0,0,0,0,0,0,0,0,0,,,no_observed,0,0,0,1,0,0,0
kyushu_site_8879c30b5d94,長崎・琴海メガソーラー連系変電所,kyushu,w1521084580,lines_only,1,1,0,0,0,0,0,0,0,0,0,,,no_observed,0,1,1,0,1,0,0
kyushu_site_88834b963bea,香椎駅前二丁目変電所,kyushu,w823015266,none,0,0,0,0,0,0,0,0,0,0,0,,,no_observed,0,0,0,0,0,0,0
kyushu_site_8889185dc2c2,田野変電所,kyushu,w638696420,layout_only,1,1,0,0,0,0,0,1,0,0,0,,,no_observed,0,1,2,1,0,0,0
kyushu_site_89312e949df9,高宮変電所,kyushu,w965286463,lines_only,1,2,0,0,0,0,0,0,0,0,0,,,no_observed,0,2,8,0,1,0,2
kyushu_site_894ff37ba3e3,,kyushu,w1517853219,lines_only,2,1,1,0,0,0,0,0,1,0,0,220/66,,no_observed,0,1,0,0,1,0,2
kyushu_site_896943e0d5bb,共和台変電所,kyushu,w620412151,lines_only,1,1,0,0,0,0,0,0,0,0,0,,,no_observed,0,1,3,0,1,0,2
kyushu_site_89b366bc9836,JR西日本 新福岡変電所,kyushu,w195047357,partial,1,3,0,0,0,0,1,0,0,2,0,,,no_observed,1,0,0,0,2,0,0
kyushu_site_8a1fca6957f6,伊集院町郡変電所,kyushu,w674421956,layout_only,1,1,0,0,0,0,0,1,0,0,0,,,no_observed,0,1,1,1,0,0,0
kyushu_site_8a5060b426a3,志免変電所,kyushu,w971324050,lines_only,1,1,0,0,0,0,0,0,0,0,0,,,no_observed,0,1,0,0,1,0,0
kyushu_site_8a86126ae9b2,九州電力 篠栗変電所,kyushu,w198051010,lines_only,1,1,0,0,0,0,0,0,0,0,0,,,no_observed,0,1,0,0,1,0,0
kyushu_site_8b89f0c92a5b,日吉変電所,kyushu,w405605906,lines_only,2,2,0,0,0,0,0,0,1,0,0,66/6,,no_observed,0,1,3,0,1,0,0
kyushu_site_8ba926f6a9f1,南さつま市変電所,kyushu,w783318146,lines_only,0,0,0,0,0,0,0,0,0,0,0,,,no_observed,0,1,0,0,0,0,0
kyushu_site_8c1a48608698,恒富変電所,kyushu,w754348982,lines_only,1,1,0,1,0,0,0,0,0,0,0,,,no_observed,0,5,5,0,4,0,0
kyushu_site_8c427aac0673,西日本鉄道 犬塚変電所,kyushu,w248557589,lines_only,1,1,0,0,0,0,0,0,0,0,0,,,no_observed,0,1,0,0,1,0,0
kyushu_site_8c541a7dafad,九州電力 南佐賀変電所,kyushu,w254417719,lines_only,1,2,0,0,0,0,0,0,0,0,0,,,no_observed,0,1,0,0,1,0,0
kyushu_site_8c9a34648001,白石変電所,kyushu,w254460763,conductors_only,1,1,0,0,0,0,1,0,0,0,0,,,no_observed,1,0,0,1,0,0,0
kyushu_site_8c9fe8839f51,上白水九丁目変電所,kyushu,w268731158,lines_only,1,1,0,1,0,0,0,0,0,0,0,,,no_observed,0,2,4,0,2,0,0
kyushu_site_8cfd5ad5db50,,kyushu,w1514092674,lines_only,1,1,0,0,0,0,0,0,0,0,0,,,no_observed,0,1,1,0,1,0,0
kyushu_site_8d3d423c0704,九州電力中央変電所,kyushu,w172144358,partial,2,4,4,0,2,2,15,0,1,3,3,500/220,500/220,same,2,0,14,0,0,0,0
kyushu_site_8d641d554ea2,都城変電所,kyushu,w373876262,mapped,3,4,2,0,2,2,1,0,2,2,2,220/110;110/66,220/66,contradicts,7,0,4,4,2,0,8
kyushu_site_8da365e2f517,忠見変電所,kyushu,w221030543,lines_only,1,1,0,0,0,0,0,0,0,0,0,,,no_observed,0,1,1,0,1,0,0
kyushu_site_8de1a7ba9ff1,慶徳変電所,kyushu,w1520534464,lines_only,3,3,0,0,0,0,0,0,2,0,0,66/22;22/6,,no_observed,0,1,0,0,1,0,0
kyushu_site_8e10922b997a,,kyushu,w1512966033,lines_only,1,1,0,0,0,0,0,0,0,0,0,,,no_observed,0,1,0,0,1,0,0
kyushu_site_8f1558b83056,霧島市変電所,kyushu,w1017154864,lines_only,1,1,0,1,0,0,0,0,0,0,0,,,no_observed,0,4,5,0,4,0,0
kyushu_site_90a74c1e27f4,九州電力 中九州変電所,kyushu,w216502300,mapped,2,2,1,0,1,2,0,0,1,1,1,500/220,500/220,same,4,0,0,4,0,0,6
kyushu_site_90c5ed79fa64,中島変電所,kyushu,w1517881142,lines_only,2,2,0,0,0,0,0,0,1,0,0,66/6,,no_observed,0,1,0,0,1,0,0
kyushu_site_9117d36a4ed6,九州電力 古賀変電所,kyushu,w179122765,partial,2,2,1,0,1,1,4,16,1,0,0,220/66,,no_observed,5,3,2,2,1,0,2
kyushu_site_9134c3ac4684,高原変電所,kyushu,w838211217,lines_only,0,0,0,0,0,0,0,0,0,0,0,,,no_observed,0,1,0,0,0,0,0
kyushu_site_918b2cd6f512,白鳥変電所,kyushu,w296963045,lines_only,2,2,0,0,0,0,0,0,1,0,0,66/6,,no_observed,0,1,0,0,1,0,0
kyushu_site_920916c5ef7c,矢の平三丁目変電所,kyushu,w987163401,lines_only,1,1,0,1,0,0,0,0,0,0,0,,,no_observed,0,2,0,0,0,2,0
kyushu_site_930a14eb13c1,横山町変電所,kyushu,w252576729,lines_only,1,1,0,0,0,0,0,0,0,0,0,,,no_observed,0,1,0,0,1,0,0
kyushu_site_934415a5dc33,新地変電所,kyushu,w469897125,lines_only,2,2,0,0,0,0,0,0,1,0,0,66/6,,no_observed,0,1,0,0,1,0,0
kyushu_site_938ae60a72b3,御船蔵町変電所,kyushu,w1279275606,none,1,0,0,0,0,0,0,0,0,0,0,,,no_observed,0,0,1,0,0,0,0
kyushu_site_93f344b367a5,三重変電所,kyushu,w761529564,partial,1,1,0,1,0,0,0,0,0,2,0,,,no_observed,0,3,5,2,0,0,0
kyushu_site_948269abf816,中津変電所,kyushu,w258909114,mapped,2,2,1,0,1,1,1,4,1,0,0,66/6,,no_observed,3,0,0,3,0,0,0
kyushu_site_94d077e46745,志布志変電所,kyushu,w629137742,lines_only,1,1,0,1,0,0,0,0,0,0,0,,,no_observed,0,3,0,0,2,0,2
kyushu_site_9554180bbc36,鳥栖変電所,kyushu,w173793392,mapped,3,2,4,0,2,8,3,0,2,3,3,220/110;110/66,220/66,contradicts,5,0,3,2,0,0,0
kyushu_site_95a61076e924,豊前市変電所,kyushu,w405806514,conductors_only,2,2,1,0,1,1,3,0,1,0,0,220/66,,no_observed,4,0,1,0,0,0,0
kyushu_site_95b79addc571,菰屋変電所,kyushu,w405520365,conductors_only,2,1,0,1,0,0,0,0,1,0,0,110/66,,no_observed,0,7,23,2,0,0,0
kyushu_site_95be28fa0410,人吉変電所,kyushu,w216496817,conductors_only,3,4,0,3,0,0,0,0,2,0,0,220/110;110/66,,no_observed,0,21,22,3,6,0,2
kyushu_site_95e989c44ce8,,kyushu,w1521084578,lines_only,2,1,0,1,0,0,1,0,1,0,0,220/66,,no_observed,1,2,2,0,2,0,0
kyushu_site_95ff6cc423b2,串間市変電所,kyushu,w1319872662,none,0,0,0,0,0,0,0,0,0,0,0,,,no_observed,0,0,3,0,0,0,0
kyushu_site_9656058c27fe,姪浜変電所,kyushu,w951327561,lines_only,1,1,0,0,0,0,0,0,0,0,0,,,no_observed,0,1,1,0,1,0,0
kyushu_site_9664fc12d23f,原町変電所,kyushu,w1509659258,lines_only,2,2,0,0,0,0,0,0,1,0,0,66/6,,no_observed,0,1,1,0,1,0,0
kyushu_site_966f57037560,,kyushu,w1513061065,lines_only,1,1,0,0,0,0,0,0,0,0,0,,,no_observed,0,1,0,0,1,0,0
kyushu_site_976267427ab8,中央南変電所,kyushu,w1395747290,none,1,0,0,0,0,0,0,0,0,0,0,,,no_observed,0,0,2,0,0,0,0
kyushu_site_97bafdccba5e,山田変電所,kyushu,w295753717,partial,2,4,1,0,1,1,3,5,1,3,3,66/6,66/6,same,2,0,1,0,2,0,0
kyushu_site_9804e4085e24,重留変電所,kyushu,w718047927,lines_only,1,2,0,1,0,0,0,0,0,0,0,,,no_observed,0,2,0,0,2,0,0
kyushu_site_996a58d6a48f,松ヶ江変電所,kyushu,w296962737,partial,2,4,1,0,1,1,1,0,1,2,2,66/6,66/6,same,2,0,1,1,0,0,0
kyushu_site_99935e736b2f,若久変電所,kyushu,w1510200986,partial,2,5,3,0,1,1,9,5,1,3,3,66/6,66/22;66/6,contradicts,10,0,3,0,2,0,0
kyushu_site_999f7d270eec,,kyushu,w1521362890,lines_only,1,1,0,1,0,0,0,0,0,0,0,,,no_observed,0,2,4,0,0,2,4
kyushu_site_9a276cb2dbb3,鷹尾一丁目変電所,kyushu,w638723430,lines_only,1,1,0,0,0,0,0,0,0,0,0,,,no_observed,0,1,2,0,1,0,0
kyushu_site_9a6aa147fa20,飯塚変電所,kyushu,w293012917,partial,2,4,2,0,2,2,5,6,1,2,2,66/6,66/6,same,4,2,0,2,0,0,0
kyushu_site_9b42e28e672c,梅林二丁目変電所,kyushu,w957751690,lines_only,1,1,0,0,0,0,0,0,0,0,0,,,no_observed,0,1,3,0,1,0,0
kyushu_site_9b8722704179,板付変電所,kyushu,w971324053,lines_only,1,1,0,0,0,0,0,0,0,0,0,,,no_observed,0,1,0,0,1,0,0
kyushu_site_9bf77b73f92b,新門司変電所,kyushu,w296958054,mapped,2,4,1,1,2,2,10,4,1,2,2,220/60,220/60,same,2,1,2,1,1,0,0
kyushu_site_9c39f84ac65b,薩摩川内市変電所,kyushu,w190517709,none,0,0,0,0,0,0,0,0,0,0,0,,,no_observed,0,0,0,0,0,0,0
kyushu_site_9c6be5b4bf4e,,kyushu,w1512966031,lines_only,1,1,1,0,0,0,4,0,0,0,0,,,no_observed,5,1,4,0,1,0,0
kyushu_site_9c9294499026,浅川変電所,kyushu,w676466496,layout_only,2,4,0,0,0,0,0,0,1,2,2,66/6,66/6,same,0,1,0,0,1,0,0
kyushu_site_9cadf6aa9959,郷ノ浦変電所,kyushu,w452808438,none,2,0,0,0,0,0,0,0,1,0,0,22/6,,no_observed,0,0,1,0,0,0,0
kyushu_site_9cb7a779f9eb,八戸溝変電所,kyushu,w584161203,none,0,0,0,0,0,0,0,0,0,0,0,,,no_observed,0,0,0,0,0,0,0
kyushu_site_9cbfb5999102,東佐世保変電所,kyushu,w241875111,partial,2,4,1,1,1,1,2,0,1,1,1,220/66,220/66,same,3,3,3,0,1,0,0
kyushu_site_9cdcc89b2040,浜玉町横田上変電所,kyushu,w792672437,layout_only,0,0,0,0,0,0,0,0,0,2,0,,,no_observed,0,1,0,0,0,0,0
kyushu_site_9d26137761fb,曽於市変電所,kyushu,w614199723,lines_only,1,1,0,0,0,0,0,0,0,0,0,,,no_observed,0,1,0,0,1,0,0
kyushu_site_9d7bf5bb6dc8,,kyushu,w1512966026,lines_only,2,1,9,0,0,0,11,0,1,0,0,220/66,,no_observed,9,1,12,0,1,0,2
kyushu_site_9db3811a757f,土居町変電所,kyushu,w273388185,lines_only,3,2,0,0,0,0,0,0,2,0,0,220/66;66/6,,no_observed,0,1,11,0,0,0,0
kyushu_site_9e1c268861a1,南大橋五丁目変電所,kyushu,w860350400,none,1,0,1,0,0,0,4,0,0,0,0,,,no_observed,5,0,0,0,0,0,0
kyushu_site_9e34275111ca,百道No.2配電塔,kyushu,w951327563,none,1,0,0,0,0,0,0,0,0,0,0,,,no_observed,0,0,3,0,0,0,0
kyushu_site_9e8258afc668,苅田変電所,kyushu,w1511234043,mapped,2,4,9,0,14,14,11,6,1,2,2,220/66,220/66,same,9,1,12,1,5,4,2
kyushu_site_9f65aa965ea7,九州電力　日宇変電所,kyushu,w1197467330,lines_only,0,0,0,0,0,0,0,0,0,0,0,,,no_observed,0,1,0,0,0,0,0
kyushu_site_a067e5301cb3,賑橋変電所,kyushu,w715028633,none,3,0,0,0,0,0,0,0,2,0,0,66/22;22/6,,no_observed,0,0,4,0,0,0,0
kyushu_site_a069b0099521,新鹿児島変電所,kyushu,w190517710,layout_only,1,1,0,1,0,0,0,2,0,0,0,,,no_observed,0,2,3,2,0,0,0
kyushu_site_a06f342494de,鹿児島市変電所_2,kyushu,w956285598,lines_only,1,0,0,0,0,0,0,0,0,0,0,,,no_observed,0,1,3,0,0,0,0
kyushu_site_a0aa650c0dfb,三角変電所,kyushu,w768764428,partial,2,4,0,2,0,0,0,0,1,2,2,110/66,110/66,same,0,7,3,2,0,0,0
kyushu_site_a0fc88fc970e,敷川内町変電所,kyushu,w759869575,lines_only,1,1,0,0,0,0,0,0,0,0,0,,,no_observed,0,1,1,0,1,0,0
kyushu_site_a113158fcd8f,伊集院変電所,kyushu,w605974454,partial,2,4,2,0,2,2,6,0,1,3,3,66/6,66/6,same,3,0,2,2,1,0,0
kyushu_site_a123875751ae,,kyushu,w1519149756,lines_only,1,1,0,1,0,0,0,0,0,0,0,,,no_observed,0,2,3,0,0,2,0
kyushu_site_a2533a2fa094,九州電力 田主丸変電所,kyushu,w831204004,none,1,0,0,0,0,0,0,0,0,0,0,,,no_observed,0,0,1,0,0,0,0
kyushu_site_a2d5a1a0c036,沖水変電所,kyushu,w842724808,lines_only,1,0,0,0,0,0,0,0,0,0,0,,,no_observed,0,1,2,0,0,0,0
kyushu_site_a2eb5ed67c63,高森変電所,kyushu,w265627809,lines_only,1,1,0,1,0,0,0,0,0,0,0,,,no_observed,0,2,3,0,2,0,0
kyushu_site_a2f8c68f5643,香月変電所,kyushu,w188679419,partial,3,3,1,0,1,1,5,6,2,3,0,500/66;66/6,,no_observed,4,1,6,3,0,0,0
kyushu_site_a2f9e7ab8a19,牟礼岡二丁目変電所,kyushu,w956285599,layout_only,1,1,0,0,0,0,0,1,0,0,0,,,no_observed,0,1,3,1,0,0,0
kyushu_site_a353b08a784d,新鹿児島変電所,kyushu,w237475191,partial,2,4,2,0,2,2,4,0,1,2,2,220/66,220/66,same,0,0,11,0,0,2,0
kyushu_site_a3d42663a951,日南市変電所,kyushu,n1044409942,none,0,0,0,0,0,0,0,0,0,0,0,,,no_observed,0,0,0,0,0,0,0
kyushu_site_a46c2444b56f,平川変電所,kyushu,w772764903,conductors_only,1,0,0,1,0,0,2,0,0,0,0,,,no_observed,2,0,4,0,0,0,0
kyushu_site_a4b02ebbd46a,青葉変電所,kyushu,w756520370,lines_only,2,2,0,0,0,0,0,0,1,0,0,66/6,,no_observed,0,1,0,0,1,0,0
kyushu_site_a5cdb1af298b,,kyushu,w1517884894,lines_only,1,1,0,0,0,0,0,0,0,0,0,,,no_observed,0,1,1,0,1,0,0
kyushu_site_a5fb8454849a,日南変電所,kyushu,w614194839,lines_only,1,1,0,0,0,0,0,0,0,0,0,,,no_observed,0,1,0,0,1,0,0
kyushu_site_a61b590e3145,蚊口浦変電所,kyushu,w755386466,lines_only,1,1,0,0,0,0,0,0,0,0,0,,,no_observed,0,1,0,0,1,0,0
kyushu_site_a67092f76bdd,下松発電所,kyushu,w319463514,partial,2,2,1,1,1,1,2,0,1,1,0,220/110,,no_observed,6,3,9,3,2,0,6
kyushu_site_a69cf60a8387,穴生変電所,kyushu,w764461037,partial,2,4,0,1,0,0,2,2,1,2,2,66/6,66/6,same,2,0,6,0,2,0,0
kyushu_site_a6d7e3aeda78,京セラ鹿児島川内工場第二ブロック特高変電所,kyushu,w1525949480,lines_only,1,1,1,0,0,0,2,0,0,0,0,,,no_observed,2,1,3,0,1,0,0
kyushu_site_a72b0f6d433d,西谷変電所,kyushu,w239024744,partial,3,6,4,1,4,4,14,15,2,2,2,220/110;110/66,220/110;220/66,contradicts,18,3,11,4,13,0,0
kyushu_site_a787f830e1b4,牟礼変電所,kyushu,w455428914,none,0,0,0,0,0,0,0,0,0,0,0,,,no_observed,0,0,0,0,0,0,0
kyushu_site_a7a5850d1475,新坂本変電所,kyushu,w190499397,none,2,0,0,0,0,0,0,0,1,0,0,220/25,,no_observed,0,0,1,0,0,0,0
kyushu_site_a7fa0b1568fb,3/4号 開閉所,kyushu,w186510275,conductors_only,3,2,2,1,1,2,11,0,2,0,0,500/220;220/66,,no_observed,14,0,45,1,0,0,0
kyushu_site_a87f37dd6769,響町二丁目変電所,kyushu,w680183974,lines_only,1,1,0,0,0,0,0,0,0,0,0,,,no_observed,0,1,3,0,1,0,0
kyushu_site_a89f4d1b63a7,宗像変電所,kyushu,w764306513,layout_only,1,1,0,1,0,0,0,0,0,3,0,,,no_observed,0,2,2,0,2,0,0
kyushu_site_a8d9fb82fa4b,,kyushu,n14051303337,none,0,0,0,0,0,0,0,0,0,0,0,,,no_observed,0,0,1,0,0,0,0
kyushu_site_a8ee7aa044c7,亀山変電所,kyushu,w965295590,lines_only,1,2,0,0,0,0,0,0,0,0,0,,,no_observed,0,1,2,0,1,2,0
kyushu_site_a8f1eea484fa,上葛原一丁目変電所,kyushu,w189777972,lines_only,2,1,0,1,0,0,0,0,1,0,0,500/220,,no_observed,0,3,9,0,3,0,0
kyushu_site_a937eddfee2f,平田台一丁目変電所,kyushu,w180232999,lines_only,1,1,0,1,0,0,0,0,0,0,0,,,no_observed,0,2,0,0,0,2,0
kyushu_site_aa96e6a685d0,高山川変電所,kyushu,w629137751,lines_only,1,1,0,0,0,0,0,0,0,0,0,,,no_observed,0,1,0,0,1,0,0
kyushu_site_aad5a35cc2c0,宮ノ下変電所,kyushu,w1521282878,lines_only,2,2,0,1,0,0,0,0,1,0,0,66/6,,no_observed,0,2,2,0,0,6,0
kyushu_site_ab28dad43aad,長者原東二丁目変電所,kyushu,w405366901,lines_only,2,1,0,1,0,0,0,0,1,0,0,220/66,,no_observed,0,2,5,0,0,2,0
kyushu_site_ab7bbb5c4dc9,堺町変電所,kyushu,w1511634351,lines_only,2,2,0,0,0,0,0,0,1,0,0,66/6,,no_observed,0,1,0,0,1,0,0
kyushu_site_ab89c74f60a9,津福本町変電所,kyushu,w252570677,none,2,0,0,0,0,0,0,0,1,0,0,220/66,,no_observed,0,0,3,0,0,0,0
kyushu_site_ac0c057e10c0,弓削変電所,kyushu,w216605551,lines_only,3,3,0,1,0,0,0,0,2,0,0,220/110;110/66,,no_observed,0,4,5,0,4,0,0
kyushu_site_ac1812ed7295,九州電力 上峰変電所,kyushu,w244134651,lines_only,1,1,0,0,0,0,0,0,0,0,0,,,no_observed,0,1,3,0,0,0,0
kyushu_site_ac4e1d6a5388,九州電力福間変電所,kyushu,w239908320,none,1,0,0,0,0,0,1,0,0,0,0,,,no_observed,1,0,0,0,0,0,0
kyushu_site_ac5230007e78,高野系統開閉所,kyushu,w218035208,conductors_only,1,1,2,0,2,2,4,0,0,0,0,,,no_observed,4,0,0,1,0,0,0
kyushu_site_ac9a88d58d9a,二瀬変電所,kyushu,w294319431,layout_only,2,4,0,1,0,0,0,0,1,3,3,66/6,66/6,same,0,2,2,0,2,0,0
kyushu_site_aca354a28ee3,舞鶴三丁目変電所,kyushu,w388621273,none,2,0,0,0,0,0,0,0,1,0,0,220/66,,no_observed,0,0,5,0,0,0,0
kyushu_site_acc810c1faf7,日田市変電所_2,kyushu,w762320863,lines_only,1,1,0,0,0,0,0,0,0,0,0,,,no_observed,0,1,0,0,1,0,0
kyushu_site_ae045528da59,霧島変電所,kyushu,w373883352,mapped,2,2,2,0,2,2,7,5,1,2,2,220/66,220/66,same,5,1,11,3,1,0,0
kyushu_site_ae06ba380739,天文館変電所,kyushu,w977308121,lines_only,2,2,0,1,0,0,0,0,1,0,0,66/6,,no_observed,0,2,3,0,2,0,0
kyushu_site_ae99efc15965,有木変電所,kyushu,w764680058,partial,2,4,1,0,1,1,3,4,1,2,2,66/6,66/6,same,2,0,2,0,2,0,0
kyushu_site_aefd792989b4,諸塚町変電所,kyushu,w756367747,lines_only,1,1,0,1,0,0,0,0,0,0,0,,,no_observed,0,5,1,0,4,0,0
kyushu_site_af16fdae8952,芦屋変電所,kyushu,w192440010,partial,2,4,1,0,1,1,3,5,1,3,3,66/6,66/6,same,2,0,1,1,0,0,0
kyushu_site_af1952a14083,上町変電所,kyushu,w629198666,lines_only,1,2,0,1,0,0,0,0,0,0,0,,,no_observed,0,2,2,0,2,0,0
kyushu_site_af2302ffab6c,,kyushu,w1517285568,lines_only,1,1,0,0,0,0,0,0,0,0,0,,,no_observed,0,1,0,0,1,0,0
kyushu_site_af3182ba1127,永田変電所,kyushu,w596111327,none,2,0,0,0,0,0,0,0,1,0,0,66/6,,no_observed,0,0,1,0,0,0,0
kyushu_site_afc5d809a4f4,前原東一丁目変電所,kyushu,w268298375,none,1,0,0,0,0,0,0,0,0,0,0,,,no_observed,0,0,1,0,0,0,0
kyushu_site_afd35a9f3cdb,行橋変電所,kyushu,w405806523,partial,2,4,1,0,1,3,5,7,1,2,2,66/6,66/6,same,5,0,2,4,1,0,0
kyushu_site_b02696909789,松島変電所,kyushu,w220707456,conductors_only,2,2,0,1,0,0,0,0,1,0,0,220/66,,no_observed,0,3,4,1,1,0,2
kyushu_site_b080694b9f8d,帖佐変電所,kyushu,w608075248,conductors_only,2,3,0,1,0,0,0,0,1,0,0,66/6,,no_observed,0,10,0,2,0,0,0
kyushu_site_b091e2937f49,雄川変電所,kyushu,w629137753,partial,1,1,0,2,0,0,0,2,0,0,0,,,no_observed,0,7,2,1,0,0,0
kyushu_site_b1766c582fba,西都変電所,kyushu,w755390899,lines_only,1,1,0,0,0,0,0,0,0,0,0,,,no_observed,0,1,0,0,1,0,0
kyushu_site_b1a4cad5c4f9,清武町新町二丁目変電所_2,kyushu,w737448089,layout_only,1,1,0,0,0,0,0,1,0,0,0,,,no_observed,0,1,2,1,0,0,0
kyushu_site_b1e537368890,細野変電所,kyushu,w775705995,layout_only,1,1,0,0,0,0,0,1,0,0,0,,,no_observed,0,1,0,1,0,0,0
kyushu_site_b2280a3d4090,花津留一丁目変電所,kyushu,w1199776848,conductors_only,1,1,0,1,1,1,0,0,0,0,0,,,no_observed,0,2,1,2,0,0,4
kyushu_site_b23ca6ea048d,,kyushu,w1512966029,lines_only,1,1,1,0,0,0,3,0,0,0,0,,,no_observed,5,1,0,0,1,0,0
kyushu_site_b2657f02af64,春日町変電所,kyushu,w768561122,lines_only,2,2,0,1,0,0,0,0,1,0,0,66/6,,no_observed,0,2,0,0,2,0,2
kyushu_site_b29573d988ac,大黒町四丁目変電所,kyushu,w252574821,none,1,0,0,0,0,0,0,0,0,0,0,,,no_observed,0,0,2,0,0,0,0
kyushu_site_b2f61934d08f,別府変電所,kyushu,w1518008187,lines_only,2,2,0,1,0,0,0,0,1,0,0,66/6,,no_observed,0,3,0,0,3,0,2
kyushu_site_b390b96dc33a,海崎変電所,kyushu,w742292275,lines_only,3,2,0,1,0,0,0,0,2,0,0,220/110;110/66,,no_observed,0,3,1,0,9,0,0
kyushu_site_b40502c919e1,白木原変電所,kyushu,w185937484,conductors_only,1,2,0,1,0,0,2,0,0,0,0,,,no_observed,3,2,3,0,3,0,0
kyushu_site_b40b837a6426,メディポリス国際陽子線治療センター特高変電所,kyushu,w1527145883,lines_only,1,1,0,1,0,0,0,0,0,0,0,,,no_observed,0,2,1,0,2,0,0
kyushu_site_b586cf9ae5ca,高尾野変電所,kyushu,w621720596,lines_only,1,1,0,1,0,0,0,0,0,0,0,,,no_observed,0,2,1,0,2,3,0
kyushu_site_b58ff9a25c6f,中越パルプ川内工場特高変電所,kyushu,w1525817477,lines_only,1,1,0,0,0,0,0,0,0,0,0,,,no_observed,0,1,0,0,1,0,2
kyushu_site_b5b818c797ff,今宿東一丁目変電所,kyushu,w219120961,lines_only,1,2,0,1,0,0,0,0,0,0,0,,,no_observed,0,3,1,0,3,0,0
kyushu_site_b5c55b5d93f9,入来変電所,kyushu,w609308577,lines_only,2,2,0,0,0,0,0,0,1,0,0,66/6,,no_observed,0,1,2,0,1,0,0
kyushu_site_b5d7930355c1,赤坂変電所,kyushu,w195417957,lines_only,2,2,0,1,0,0,0,0,1,0,0,220/66,,no_observed,0,3,1,0,4,0,0
kyushu_site_b6127fe1732e,大橋変電所,kyushu,w405511221,lines_only,1,1,0,0,0,0,0,0,0,0,0,,,no_observed,0,1,3,0,1,0,0
kyushu_site_b65ac11fad31,香春変電所,kyushu,w295763945,partial,2,4,1,0,1,1,3,6,1,3,3,66/6,66/6,same,3,1,2,2,0,0,0
kyushu_site_b6738cd98a11,中国電力彦島変電所,kyushu,w370256277,lines_only,2,1,0,1,0,0,0,0,1,0,0,110/66,,no_observed,0,2,10,0,1,0,0
kyushu_site_b7d07395b3ea,,kyushu,w1516888877,lines_only,1,1,0,0,0,0,0,0,0,0,0,,,no_observed,0,1,1,0,1,0,0
kyushu_site_b824aae41e7e,嘉穂変電所,kyushu,w205496779,partial,3,5,6,0,4,4,23,12,2,1,1,110/66;66/6,110/66,partial,18,0,13,5,2,0,0
kyushu_site_b837cb8f2bce,東九州変電所,kyushu,w216778426,layout_only,2,4,0,2,0,0,1,0,1,2,2,500/220,500/220,same,1,3,1,0,4,0,0
kyushu_site_b84416400e27,厚狭変電所,kyushu,w620416467,conductors_only,3,5,0,2,0,0,0,0,2,0,0,110/66;66/6,,no_observed,0,6,9,1,4,0,0
kyushu_site_b8f7c4c04511,徳力変電所,kyushu,w297941491,partial,1,3,1,0,1,1,2,4,0,3,3,,66/6,contradicts,2,4,0,2,0,0,0
kyushu_site_b9998e497bfa,清水変電所,kyushu,w737448095,lines_only,3,3,0,0,0,0,0,0,2,0,0,66/22;22/6,,no_observed,0,1,5,0,1,0,0
kyushu_site_b9bb1e8c19aa,大字八屋変電所,kyushu,w405806510,none,2,0,1,0,0,0,3,0,1,0,0,220/66,,no_observed,4,0,1,0,0,0,0
kyushu_site_b9be1014ba7b,才川変電所,kyushu,w1203505646,lines_only,3,3,0,0,0,0,0,0,2,0,0,66/22;22/6,,no_observed,0,1,0,0,1,0,0
kyushu_site_b9e3978372d8,王子変電所,kyushu,w1460294562,lines_only,2,2,0,0,0,0,0,0,1,0,0,66/6,,no_observed,0,1,1,0,1,0,0
kyushu_site_ba28e157da82,長島町変電所,kyushu,w621720598,lines_only,1,1,0,0,0,0,0,0,0,0,0,,,no_observed,0,1,0,0,1,0,0
kyushu_site_baa5ade4d01a,相生町二丁目変電所,kyushu,w977135014,lines_only,1,1,0,0,0,0,0,0,0,0,0,,,no_observed,0,1,0,0,1,0,0
kyushu_site_baf992aa9816,平原変電所,kyushu,w680701830,partial,1,1,0,1,0,0,0,2,0,0,0,,,no_observed,0,5,0,1,0,0,0
kyushu_site_bb12630a7d47,川崎変電所,kyushu,w293116078,partial,2,4,2,0,2,2,9,11,1,3,3,66/6,66/6,same,8,6,0,4,0,0,0
kyushu_site_bb6c339eafae,1/2号 開閉所,kyushu,w238677749,lines_only,3,2,2,1,0,0,11,0,2,0,0,500/220;220/66,,no_observed,14,3,44,0,0,0,0
kyushu_site_bbd8449427ac,則松五丁目変電所,kyushu,w252568200,none,2,0,0,0,0,0,0,0,1,0,0,66/25,,no_observed,0,0,2,0,0,0,0
kyushu_site_bc3427d213a3,九州電力 宇土変電所,kyushu,w238240460,mapped,2,2,3,0,2,3,7,0,1,2,2,110/66,110/66,same,7,0,9,6,0,0,0
kyushu_site_bc406ed99a5d,谷山変電所,kyushu,w683814878,lines_only,1,1,0,1,0,0,0,0,0,0,0,,,no_observed,0,5,0,0,0,3,0
kyushu_site_bcc72df63c90,喜入中名町変電所,kyushu,w592354140,lines_only,1,1,0,0,0,0,0,0,0,0,0,,,no_observed,0,1,0,0,1,0,0
kyushu_site_bce7b0119aca,九州電力 湯布院変電所,kyushu,w366534090,conductors_only,1,1,0,1,0,0,0,0,0,0,0,,,no_observed,0,2,3,1,0,0,0
kyushu_site_bcf042262f96,上津役変電所,kyushu,w296788490,partial,3,5,2,0,2,2,6,6,2,4,4,220/66;66/6,220/66,partial,12,5,5,7,2,0,4
kyushu_site_bd1f43c7fbe3,東浜変電所,kyushu,w967776846,lines_only,1,1,0,1,0,0,0,0,0,0,0,,,no_observed,0,3,0,0,0,0,0
kyushu_site_bd3a4d4d0e09,九州電力 堅粕変電所,kyushu,w195047434,lines_only,1,1,0,1,0,0,0,0,0,0,0,,,no_observed,0,3,1,0,2,0,0
kyushu_site_bd8188a058ac,伊集院町中川変電所,kyushu,w778566526,layout_only,1,1,0,0,0,0,0,1,0,0,0,,,no_observed,0,1,1,1,0,0,0
kyushu_site_bea1db6b216c,高千帆変電所,kyushu,w620412149,lines_only,3,4,0,1,0,0,0,0,2,0,0,66/22;22/6,,no_observed,0,6,11,0,6,0,0
kyushu_site_bea489479e39,鶴崎変電所,kyushu,w1199776840,conductors_only,3,3,0,2,0,0,0,0,2,0,0,220/66;66/6,,no_observed,0,4,5,1,0,2,0
kyushu_site_bec47743acc7,折尾変電所,kyushu,w270037625,lines_only,2,2,0,0,0,0,0,0,1,0,0,66/20,,no_observed,0,1,10,0,1,0,0
kyushu_site_becbbf134650,矢原変電所,kyushu,w688573927,lines_only,0,0,0,1,0,0,0,0,0,0,0,,,no_observed,0,2,0,0,0,0,0
kyushu_site_bf3e11f419a3,海老津二丁目変電所,kyushu,w549693194,none,1,0,1,0,0,0,2,0,0,0,0,,,no_observed,2,0,1,0,0,0,0
kyushu_site_bf6fda4032d1,頴娃風力連系変電所,kyushu,w700674330,lines_only,1,1,0,0,0,0,0,0,0,0,0,,,no_observed,0,1,1,0,1,0,0
kyushu_site_bfab47ca8ba2,北九州変電所,kyushu,w187988970,partial,2,4,8,1,21,21,16,34,1,1,1,500/220,500/220,same,20,3,13,8,10,0,0
kyushu_site_bfb27d2e9840,厚南北三丁目変電所,kyushu,w318438186,none,1,0,0,0,0,0,0,0,0,0,0,,,no_observed,0,0,0,0,0,0,0
kyushu_site_bfffc60461f0,田川変電所,kyushu,w294147789,partial,1,3,2,0,2,2,5,7,0,2,2,,66/6,contradicts,5,0,2,5,0,0,0
kyushu_site_c00a7487eb79,,kyushu,w1512966022,lines_only,1,1,0,0,0,0,0,0,0,0,0,,,no_observed,0,1,6,0,1,0,0
kyushu_site_c058cc4f0f9b,田上変電所,kyushu,w341946317,lines_only,2,2,0,1,0,0,0,0,1,0,0,66/6,,no_observed,0,2,4,0,2,0,0
kyushu_site_c0feaccc2bb4,青島変電所,kyushu,w636270165,partial,1,1,0,1,0,0,0,2,0,0,0,,,no_observed,0,5,0,1,0,0,0
kyushu_site_c12f81fbe5ae,南陽変電所,kyushu,w337592473,lines_only,1,1,0,1,0,0,0,0,0,0,0,,,no_observed,0,2,0,0,0,2,0
kyushu_site_c12fbfd1a81e,九州電力 上津変電所,kyushu,w439023137,lines_only,1,1,0,0,0,0,0,0,0,0,0,,,no_observed,0,1,1,0,1,0,0
kyushu_site_c222d78a3aee,西鉄春日原変電所,kyushu,w256521987,none,1,0,0,1,0,0,2,0,0,0,0,,,no_observed,3,0,2,0,0,0,0
kyushu_site_c22499144afb,,kyushu,w1512966049,lines_only,2,1,0,0,0,0,0,0,1,0,0,110/66,,no_observed,0,1,6,0,1,0,0
kyushu_site_c24680fd4774,清滝変電所,kyushu,w857762059,lines_only,2,2,0,1,0,0,0,0,1,0,0,66/6,,no_observed,0,2,0,0,2,0,0
kyushu_site_c25c66ed3465,串間市変電所,kyushu,w1319872663,lines_only,0,0,0,0,0,0,0,0,0,0,0,,,no_observed,0,1,2,0,0,0,0
kyushu_site_c2738bf07b67,岩尻変電所,kyushu,w772015506,conductors_only,1,1,0,0,0,0,1,0,0,0,0,,,no_observed,1,0,0,1,0,0,0
kyushu_site_c27fdfe3a231,九州電力 大川変電所,kyushu,w591623415,none,1,0,0,0,0,0,0,0,0,0,0,,,no_observed,0,1,0,0,0,0,0
kyushu_site_c29a880e4ea3,水俣変電所,kyushu,w405699047,none,1,0,0,0,0,0,0,0,0,0,0,,,no_observed,0,0,2,0,0,0,0
kyushu_site_c2b50fd4dd17,指宿市変電所,kyushu,w608466444,none,1,0,0,1,0,0,0,0,0,0,0,,,no_observed,0,2,1,0,0,0,0
kyushu_site_c2cfe9bf3749,富高変電所,kyushu,w757979394,mapped,1,1,2,0,4,4,1,2,0,2,2,,,no_observed,1,0,0,0,0,0,0
kyushu_site_c35ee8935fd4,原良変電所,kyushu,w596541015,conductors_only,2,3,0,1,0,0,0,0,1,0,0,66/6,,no_observed,0,5,0,1,0,0,0
kyushu_site_c39c0de0b744,加世田変電所,kyushu,w591362515,conductors_only,1,1,0,1,0,0,0,0,0,0,0,,,no_observed,0,5,2,1,0,0,0
kyushu_site_c3aeab680bcb,本庄変電所,kyushu,w756490128,lines_only,1,1,0,0,0,0,0,0,0,0,0,,,no_observed,0,1,0,0,1,0,0
kyushu_site_c3bb1271c478,飫肥変電所,kyushu,w629129247,partial,1,1,0,1,0,0,0,4,0,0,0,,,no_observed,0,10,1,2,0,0,2
kyushu_site_c3f932694ec3,清武町新町二丁目変電所,kyushu,w737448088,layout_only,1,1,0,0,0,0,0,1,0,0,0,,,no_observed,0,1,2,1,0,0,0
kyushu_site_c50e77afa605,浄南町変電所,kyushu,w216614441,lines_only,0,0,0,0,0,0,0,0,0,0,0,,,no_observed,0,1,3,0,0,0,0
kyushu_site_c512ca22d980,荒尾変電所,kyushu,w703836122,partial,2,4,0,2,0,0,0,0,1,1,1,110/66,110/66,same,0,11,19,1,6,0,0
kyushu_site_c5244a53cc29,,kyushu,w1517277184,lines_only,1,1,0,0,0,0,0,0,0,0,0,,,no_observed,0,1,1,0,1,0,0
kyushu_site_c6ad8653f0c1,篠原変電所,kyushu,w416548134,lines_only,2,3,0,1,0,0,0,0,1,0,0,66/6,,no_observed,0,3,0,0,1,0,0
kyushu_site_c6cdb1a7e3e6,東大津変電所,kyushu,w772765634,conductors_only,2,1,0,0,0,0,1,0,1,0,0,220/66,,no_observed,1,0,3,1,0,0,0
kyushu_site_c6fc627aa372,安岐町馬場変電所,kyushu,w405806520,none,1,0,0,0,0,0,0,0,0,0,0,,,no_observed,0,0,0,0,0,0,0
kyushu_site_c73093c93f3f,新山口変電所,kyushu,w204258596,mapped,3,5,5,0,2,5,8,0,2,2,2,500/220;220/110,500/220,partial,7,3,9,5,3,0,0
kyushu_site_c77b97416aef,九州電力 田主丸変電所,kyushu,w245205343,lines_only,1,1,0,0,0,0,0,0,0,0,0,,,no_observed,0,1,0,0,1,0,0
kyushu_site_c7de320ff85d,玉川変電所,kyushu,w762319351,conductors_only,1,1,0,1,0,0,0,0,0,0,0,,,no_observed,0,2,3,1,0,0,0
kyushu_site_c7e4c2d65d3a,大字草木変電所,kyushu,w273895991,none,1,0,0,0,0,0,0,0,0,0,0,,,no_observed,0,0,1,0,0,0,0
kyushu_site_c87157429862,九州電力 基山変電所,kyushu,w184143090,conductors_only,1,2,0,1,0,0,1,0,0,0,0,,,no_observed,2,0,1,1,1,0,0
kyushu_site_c97b2b1ad92b,,kyushu,w1517372446,none,1,0,1,0,0,0,2,0,0,0,0,,,no_observed,2,1,1,0,0,0,0
kyushu_site_c999d17aacac,宇佐変電所,kyushu,w1197827590,lines_only,2,3,0,1,0,0,0,0,1,0,0,66/6,,no_observed,0,4,4,0,1,0,0
kyushu_site_c9fd3af58d96,九州電力 香椎変電所,kyushu,w236991455,lines_only,1,1,0,1,0,0,0,0,0,0,0,,,no_observed,0,2,0,0,2,0,0
kyushu_site_ca7907b50fde,JR九州 新旭補助き電区分所,kyushu,w183010101,none,1,0,0,0,0,0,0,0,0,0,0,,,no_observed,0,0,3,0,0,0,0
kyushu_site_ca8b17813787,JR九州 二日市変電所,kyushu,w243136466,none,1,0,0,0,0,0,1,0,0,0,0,,,no_observed,1,0,4,0,0,0,0
kyushu_site_cb1759e8419c,新竹下補助き電区分所,kyushu,w978673145,none,1,0,0,0,0,0,0,0,0,0,0,,,no_observed,0,0,1,0,0,0,0
kyushu_site_cb1a943d3217,糸ケ浦変電所,kyushu,w226169770,lines_only,2,1,1,1,0,0,0,0,1,0,0,220/66,,no_observed,0,2,0,0,0,2,0
kyushu_site_cb44133c157c,久留米変電所;久留米工務所,kyushu,w171171672,lines_only,2,2,0,0,0,0,0,0,1,0,0,220/66,,no_observed,0,1,3,0,1,2,0
kyushu_site_cb70b87f2650,野町変電所,kyushu,w711037293,none,0,0,0,0,0,0,0,0,0,0,0,,,no_observed,0,0,0,0,0,0,0
kyushu_site_cc01f406d0fb,京泊変電所,kyushu,w1521084582,lines_only,3,3,0,1,0,0,0,0,2,0,0,66/22;22/6,,no_observed,0,2,1,0,2,0,0
kyushu_site_cc7ae63fde0e,,kyushu,w1512966044,lines_only,1,1,0,0,0,0,0,0,0,0,0,,,no_observed,0,1,2,0,1,0,0
kyushu_site_ccd00b140f77,九州新幹線 新玉東変電所,kyushu,w238093763,layout_only,1,1,0,0,0,0,1,0,0,2,0,,,no_observed,1,0,0,0,0,0,0
kyushu_site_cd4cabc87540,頭地開閉所,kyushu,w234121872,lines_only,1,1,0,1,0,0,0,0,0,0,0,,,no_observed,0,2,3,0,0,4,0
kyushu_site_ceb944a2fe01,隼人変電所,kyushu,w590651786,partial,1,1,0,1,0,0,0,4,0,0,0,,,no_observed,0,10,0,2,0,0,0
kyushu_site_cef6ff3aa98a,大字畠中変電所,kyushu,w405806525,lines_only,1,1,0,0,0,0,0,0,0,0,0,,,no_observed,0,1,3,0,1,0,0
kyushu_site_cf18e63718ef,旦過変電所,kyushu,w1511565322,lines_only,2,2,0,0,0,0,0,0,1,0,0,66/6,,no_observed,0,1,4,0,1,0,0
kyushu_site_cf31a8d1bd22,筑豊変電所,kyushu,w219569064,mapped,2,4,4,0,4,4,15,16,1,3,3,220/66,220/66,same,10,0,4,1,6,0,0
kyushu_site_cf4bb845aeaa,九州電力 曽根崎変電所,kyushu,w184145102,lines_only,1,1,0,0,0,0,0,0,0,0,0,,,no_observed,0,1,0,0,1,0,0
kyushu_site_cf70da48d5f6,由布市変電所,kyushu,w417403745,lines_only,0,0,0,0,0,0,0,0,0,0,0,,,no_observed,0,1,1,0,0,0,0
kyushu_site_cfba70d5caba,九州電力 三潴変電所,kyushu,w244140980,lines_only,1,1,0,0,0,0,0,0,0,0,0,,,no_observed,0,0,2,0,1,0,0
kyushu_site_d03dbc1df146,銀座橋変電所,kyushu,w1520415515,lines_only,2,2,0,1,0,0,0,0,1,0,0,66/6,,no_observed,0,3,1,0,3,0,0
kyushu_site_d053e49786af,山家変電所,kyushu,w172143432,partial,3,5,4,1,2,4,17,13,2,1,1,220/66;66/6,220/66,partial,12,5,8,4,3,0,2
kyushu_site_d0778acbcc62,古門戸変電所,kyushu,w965604106,none,1,0,0,0,0,0,0,0,0,0,0,,,no_observed,0,0,6,0,0,0,0
kyushu_site_d0f08318781e,瀬高町坂田変電所,kyushu,w975323622,lines_only,0,0,0,0,0,0,0,0,0,0,0,,,no_observed,0,1,0,0,0,0,0
kyushu_site_d13aff04b500,,kyushu,w1521403973,lines_only,1,1,0,1,0,0,0,0,0,0,0,,,no_observed,0,2,0,0,0,2,0
kyushu_site_d173f1f82473,立花寺二丁目変電所,kyushu,w240018325,lines_only,1,2,0,1,0,0,0,0,0,0,0,,,no_observed,0,4,0,0,0,4,4
kyushu_site_d188dace6420,九州電力 橘変電所,kyushu,w1132490960,lines_only,0,0,0,0,0,0,0,0,0,0,0,,,no_observed,0,1,1,0,0,0,0
kyushu_site_d25da0fbf361,清武町正手一丁目変電所,kyushu,w682418431,none,0,0,0,0,0,0,0,0,0,0,0,,,no_observed,0,0,0,0,0,0,0
kyushu_site_d2b1c990f06d,厳木町本山変電所,kyushu,w1415224022,lines_only,0,0,0,0,0,0,0,0,0,0,0,,,no_observed,0,1,0,0,0,0,0
kyushu_site_d2be07dba490,日特スパークテックWKSさつま工場特高変電所,kyushu,w1525953614,lines_only,1,1,0,0,0,0,0,0,0,0,0,,,no_observed,0,1,3,0,1,0,0
kyushu_site_d3163d16700b,九州電力川尻変電所,kyushu,w331981744,lines_only,1,1,0,0,0,0,0,0,0,0,0,,,no_observed,0,1,0,0,1,0,2
kyushu_site_d351faa5ad4d,福岡市交通局 箱崎変電所,kyushu,w242491473,lines_only,0,0,0,1,0,0,0,0,0,0,0,,,no_observed,0,2,4,0,0,0,0
kyushu_site_d3d529d9281c,寿町変電所,kyushu,w723282903,partial,1,1,0,0,0,0,0,1,0,0,0,,,no_observed,0,1,2,2,0,0,0
kyushu_site_d3e1cfe8c7f6,美里町変電所,kyushu,w418119892,lines_only,0,0,0,0,0,0,0,0,0,0,0,,,no_observed,0,1,1,0,0,0,0
kyushu_site_d3ffa2c4b928,茶山変電所,kyushu,w957758570,lines_only,1,1,0,0,0,0,0,0,0,0,0,,,no_observed,0,1,0,0,1,0,0
kyushu_site_d443b60cea47,宇宿四丁目変電所,kyushu,w596111329,lines_only,1,1,0,1,0,0,0,0,0,0,0,,,no_observed,0,2,13,0,2,0,0
kyushu_site_d47ecaf8ced5,小国町変電所,kyushu,w362350107,lines_only,1,1,0,1,0,0,0,0,0,0,0,,,no_observed,0,2,0,0,0,2,2
kyushu_site_d4aac96874cd,金鶏町変電所,kyushu,w1511766785,lines_only,3,3,0,1,0,0,0,0,2,0,0,220/66;66/6,,no_observed,0,2,8,0,0,2,2
kyushu_site_d4c360b46ea8,国分変電所,kyushu,w608947145,lines_only,1,1,0,1,0,0,0,0,0,0,0,,,no_observed,0,3,3,0,3,0,0
kyushu_site_d4fd35c1ee1d,九州電力箱崎浜変電所,kyushu,w665218674,lines_only,1,1,0,1,0,0,0,0,0,0,0,,,no_observed,0,3,0,0,2,0,0
kyushu_site_d52f71e490d1,,kyushu,w1512966035,none,1,0,0,0,0,0,0,0,0,0,0,,,no_observed,0,0,4,0,0,0,0
kyushu_site_d5a0947e2608,レゾナック・オプトエレクトロニクス鹿児島特高変電所,kyushu,w605974457,lines_only,1,1,2,0,0,0,3,0,0,0,0,,,no_observed,3,1,0,0,1,0,0
kyushu_site_d5b19f9fd3b1,大町変電所,kyushu,w778910078,conductors_only,2,2,0,1,0,0,1,0,1,0,0,110/66,,no_observed,2,1,1,2,1,0,0
kyushu_site_d5ebb0c1bff8,東畑変電所,kyushu,w764464487,partial,2,4,1,0,1,1,2,4,1,2,2,66/6,66/6,same,2,0,1,2,0,0,0
kyushu_site_d630dfc55560,柏田変電所,kyushu,w231762847,partial,3,3,0,2,0,0,0,10,2,0,0,220/66;66/6,,no_observed,0,10,21,10,0,0,0
kyushu_site_d6876b426379,八幡西区変電所,kyushu,w810345981,lines_only,1,1,0,0,0,0,0,0,0,0,0,,,no_observed,0,1,5,0,1,0,0
kyushu_site_d76dd9713c45,中洲変電所,kyushu,w1523802913,lines_only,2,2,0,0,0,0,0,0,1,0,0,66/6,,no_observed,0,1,4,0,1,0,0
kyushu_site_d7750a11bac3,,kyushu,w1512966023,lines_only,1,1,1,0,0,0,2,0,0,0,0,,,no_observed,2,1,2,0,1,0,0
kyushu_site_d78199ef6ae2,多久市変電所,kyushu,w1029014369,none,0,0,0,0,0,0,0,0,0,0,0,,,no_observed,0,0,0,0,0,0,0
kyushu_site_d78a9abed7ba,速水変電所,kyushu,w259056356,partial,2,3,1,0,1,1,2,0,1,1,1,220/66,220/66,same,3,0,3,2,0,0,0
kyushu_site_d8a383040f84,延岡変電所,kyushu,w754345991,lines_only,1,1,0,1,0,0,0,0,0,0,0,,,no_observed,0,3,2,0,1,0,0
kyushu_site_d8d6800f7a79,塩浜町一丁目変電所,kyushu,w741970943,lines_only,1,1,0,0,0,0,0,0,0,0,0,,,no_observed,0,1,0,0,1,0,0
kyushu_site_dad629c11407,山口市変電所_2,kyushu,w319371122,lines_only,2,2,0,2,0,0,0,0,1,0,0,220/110,,no_observed,0,5,6,0,5,0,0
kyushu_site_dbc3b10ea427,桜ケ丘町変電所,kyushu,w810345980,conductors_only,1,1,0,1,0,0,0,0,0,0,0,,,no_observed,0,3,9,1,1,0,0
kyushu_site_dc39197e3595,百道変電所,kyushu,w951327562,lines_only,1,1,0,1,0,0,0,0,0,0,0,,,no_observed,0,2,1,0,2,0,0
kyushu_site_dcdb2e416b74,天神変電所,kyushu,w1523583440,lines_only,2,2,0,1,0,0,0,0,1,0,0,66/6,,no_observed,0,2,14,0,2,0,0
kyushu_site_dd16be2ad0ed,三井二丁目変電所,kyushu,w319463510,none,1,0,0,0,0,0,0,0,0,0,0,,,no_observed,0,0,1,0,0,0,0
kyushu_site_dd5de328e8c1,石原町変電所,kyushu,w295764901,layout_only,2,2,0,1,0,0,0,0,1,1,0,66/6,,no_observed,0,2,0,0,2,0,0
kyushu_site_dd60fd27b0b8,,kyushu,w1520395455,none,0,0,0,0,0,0,0,0,0,0,0,,,no_observed,0,0,0,0,0,0,0
kyushu_site_dd63827fd190,花畑変電所,kyushu,w1520497740,lines_only,3,3,0,0,0,0,0,0,2,0,0,66/22;22/6,,no_observed,0,1,3,0,1,0,0
kyushu_site_dd874acfb23d,宮崎町変電所,kyushu,w1184806804,lines_only,1,1,0,0,0,0,0,0,0,0,0,,,no_observed,0,1,2,0,1,0,0
kyushu_site_dd976c70bc6a,福陵変電所,kyushu,w951936169,lines_only,2,2,0,1,0,0,0,0,1,0,0,66/6,,no_observed,0,3,0,0,2,0,0
kyushu_site_de2e723d4745,鹿屋変電所,kyushu,w614473568,lines_only,2,3,0,0,0,0,0,0,1,0,0,66/6,,no_observed,0,2,3,0,1,0,2
kyushu_site_de49df4404dc,九州電力脊振変電所,kyushu,w172601929,conductors_only,2,2,1,1,1,3,6,0,1,0,0,500/220,,no_observed,6,0,0,0,0,0,0
kyushu_site_debf30519aca,久米中央三丁目変電所,kyushu,w319463469,conductors_only,1,1,0,1,0,0,0,0,0,0,0,,,no_observed,0,5,3,4,1,0,2
kyushu_site_decb12f246e3,,kyushu,w410669609,none,0,0,0,0,0,0,0,0,0,0,0,,,no_observed,0,0,0,0,0,0,0
kyushu_site_def1f1e64efa,九州電力 三輪変電所,kyushu,w245198308,partial,1,1,0,1,0,0,1,0,0,2,0,,,no_observed,2,0,0,2,0,0,0
kyushu_site_dfd540f52aad,万田抗配電所,kyushu,w244384013,lines_only,1,1,0,0,0,0,0,0,0,0,0,,,no_observed,0,1,1,0,0,0,0
kyushu_site_e064ea2e7b8c,隼人町内山田四丁目変電所,kyushu,w1157262186,lines_only,1,1,0,0,0,0,0,0,0,0,0,,,no_observed,0,1,1,0,1,0,0
kyushu_site_e06dc74961f5,美明二丁目変電所,kyushu,w183932517,conductors_only,1,2,1,0,0,0,4,0,0,0,0,,,no_observed,5,0,0,0,1,0,0
kyushu_site_e0778899c636,九州電力 木佐木変電所,kyushu,w174915836,mapped,3,4,2,0,2,9,0,0,2,3,3,220/110;110/66,220/66,contradicts,12,10,26,6,5,0,14
kyushu_site_e077b1125b04,嬉野市変電所_2,kyushu,w1165788041,layout_only,0,0,0,0,0,0,0,0,0,1,0,,,no_observed,0,1,1,0,0,0,0
kyushu_site_e11f5758edd9,九州電力 千代変電所,kyushu,w245198485,none,0,0,0,0,0,0,0,0,0,0,0,,,no_observed,0,0,1,0,0,0,0
kyushu_site_e137fc9b0f4e,大字中山変電所,kyushu,w577952100,lines_only,0,1,0,0,0,0,0,0,0,0,0,,,no_observed,0,0,1,0,0,0,4
kyushu_site_e13e89368336,浦上変電所,kyushu,w1521403976,lines_only,2,2,0,0,0,0,0,0,1,0,0,66/6,,no_observed,0,1,0,0,1,0,0
kyushu_site_e1424bf53d33,杵築市変電所_2,kyushu,w860674046,none,0,0,0,0,0,0,0,0,0,0,0,,,no_observed,0,0,0,0,0,0,0
kyushu_site_e25fe31d6db8,東山口変電所 (Higashi Yamaguchi Hendensho),kyushu,w242253500,lines_only,2,3,0,2,0,0,1,0,1,0,0,500/220,,no_observed,1,4,3,0,4,0,0
kyushu_site_e28357e0a010,今津変電所,kyushu,w660335940,lines_only,1,1,0,0,0,0,0,0,0,0,0,,,no_observed,0,1,0,0,1,0,0
kyushu_site_e38b2f7d488f,みやき町変電所,kyushu,w203259243,lines_only,1,2,0,0,0,0,0,0,0,0,0,,,no_observed,0,1,0,0,1,0,0
kyushu_site_e3af89bc7234,大分変電所,kyushu,w216949339,conductors_only,3,3,7,1,0,0,4,0,2,0,0,220/110;110/66,,no_observed,2,3,5,3,10,0,0
kyushu_site_e3e6d64659f5,枝郷変電所,kyushu,w1427267037,conductors_only,0,1,0,0,0,0,0,0,0,0,0,,,no_observed,0,1,1,0,0,0,2
kyushu_site_e3e936e77624,多良木変電所,kyushu,w758761962,partial,1,1,0,0,0,0,1,0,0,2,0,,,no_observed,1,0,0,1,0,0,0
kyushu_site_e40681496105,武雄市変電所_3,kyushu,w1306392496,none,0,0,0,0,0,0,0,0,0,0,0,,,no_observed,0,0,0,0,0,0,0
kyushu_site_e4eeaf2b6d47,下松変電所,kyushu,w433220776,none,0,0,0,0,0,0,0,0,0,0,0,,,no_observed,0,0,4,0,0,0,0
kyushu_site_e522d2ef95e9,,kyushu,w1513936248,lines_only,1,1,0,0,0,0,0,0,0,0,0,,,no_observed,0,1,0,0,1,0,0
kyushu_site_e5834356e5dd,日向変電所,kyushu,w753061912,layout_only,2,4,0,1,0,0,1,0,1,2,2,110/66,110/66,same,1,7,17,0,1,0,0
kyushu_site_e590f684a333,,kyushu,n14051303336,none,0,0,0,0,0,0,0,0,0,0,0,,,no_observed,0,0,1,0,0,0,0
kyushu_site_e596674f9ae6,本城川変電所,kyushu,w616916052,lines_only,1,1,0,1,0,0,0,0,0,0,0,,,no_observed,0,2,0,0,2,0,0
kyushu_site_e5a58585edf1,志和池変電所,kyushu,w614210226,lines_only,1,1,0,0,0,0,0,0,0,0,0,,,no_observed,0,1,0,0,1,0,0
kyushu_site_e5f21c18dd82,脇田変電所,kyushu,w1105955608,none,2,0,0,0,0,0,0,0,1,0,0,66/6,,no_observed,0,0,11,0,0,0,0
kyushu_site_e62d8c03240a,泉変電所,kyushu,w405806507,partial,2,4,1,0,1,1,6,8,1,3,3,66/6,66/6,same,5,1,4,1,3,0,0
kyushu_site_e6577b0f3d31,福島変電所,kyushu,w629129252,partial,1,1,0,1,0,0,0,4,0,0,0,,,no_observed,0,4,5,1,0,0,0
kyushu_site_e73e7b227076,九州電力 上頓野変電所,kyushu,w294158131,partial,1,3,1,0,1,1,2,2,0,3,3,,66/6,contradicts,2,0,2,0,2,0,0
kyushu_site_e74a2f5e7800,錦町変電所,kyushu,w1509655366,partial,2,4,1,0,1,1,3,4,1,2,2,66/6,66/6,same,2,0,2,1,0,0,0
kyushu_site_e7ad3de793c4,船小路町変電所,kyushu,w92385789,none,0,0,0,0,0,0,0,0,0,0,0,,,no_observed,0,0,0,0,0,0,0
kyushu_site_e7b172854d90,犬飼変電所,kyushu,w417734805,lines_only,1,1,0,1,0,0,0,0,0,0,0,,,no_observed,0,2,3,0,0,0,0
kyushu_site_e7b8fd97b391,天草市変電所,kyushu,w741973791,none,1,0,0,0,0,0,0,0,0,0,0,,,no_observed,0,0,1,0,0,0,0
kyushu_site_e7c5f2f91c0c,,kyushu,w1512984901,lines_only,1,1,0,0,0,0,0,0,0,0,0,,,no_observed,0,1,0,0,1,0,0
kyushu_site_e7eb17f1b1b8,九州電力 一町田変電所,kyushu,w927621519,lines_only,0,1,0,0,0,0,0,0,0,0,0,,,no_observed,0,0,0,0,0,0,2
kyushu_site_e85c6f94ff64,下関変電所,kyushu,w217681488,conductors_only,2,2,0,2,0,0,0,0,1,0,0,110/6,,no_observed,0,10,11,2,2,0,2
kyushu_site_e8abcd2a2dc2,九州電力 万田変電所,kyushu,w252576714,lines_only,1,1,0,1,0,0,0,0,0,0,0,,,no_observed,0,2,3,0,0,2,0
kyushu_site_e9075e411a77,,kyushu,w1517387483,lines_only,1,1,0,0,0,0,0,0,0,0,0,,,no_observed,0,1,1,0,1,0,0
kyushu_site_e93424ab7c7b,向田変電所,kyushu,w1525814256,none,2,0,0,0,0,0,0,0,1,0,0,66/6,,no_observed,0,0,1,0,0,0,0
kyushu_site_e9594940b079,伊都変電所,kyushu,w744453597,layout_only,2,4,0,1,0,0,0,0,1,2,2,220/66,220/66,same,0,3,0,0,3,0,0
kyushu_site_e97417c3c265,二島変電所,kyushu,w764455378,partial,3,5,2,0,2,2,7,10,2,2,2,110/66;66/6,66/6,partial,6,4,11,6,2,5,2
kyushu_site_ea5a0af4bb06,大里変電所,kyushu,w1509657186,partial,2,4,1,0,3,3,3,14,1,3,3,66/6,66/6,same,2,1,1,1,0,0,0
kyushu_site_eaaf53b3ee0b,土谷変電所,kyushu,w777212932,conductors_only,1,1,0,1,0,0,1,0,0,0,0,,,no_observed,2,0,0,2,0,0,0
kyushu_site_eb67f1693fca,西春変電所,kyushu,w207151344,lines_only,1,2,0,1,0,0,0,0,0,0,0,,,no_observed,0,3,0,0,3,0,0
kyushu_site_ebdb90e567f5,上原町変電所,kyushu,w417976276,lines_only,1,1,0,1,0,0,0,0,0,0,0,,,no_observed,0,2,0,0,0,2,2
kyushu_site_ec5adc4486f4,向江変電所,kyushu,w621720599,lines_only,1,1,0,0,0,0,0,0,0,0,0,,,no_observed,0,1,0,0,1,0,0
kyushu_site_ecd456bfc603,上北島変電所,kyushu,w699394011,none,1,0,0,0,0,0,0,0,0,0,0,,,no_observed,0,0,1,0,0,0,0
kyushu_site_ecff44c2cdf2,牛津変電所,kyushu,w776529582,partial,2,2,1,0,2,2,2,2,1,2,0,110/66,,no_observed,2,0,0,3,0,2,0
kyushu_site_ed34ab512fb8,藤田変電所,kyushu,w1511793552,lines_only,2,2,0,0,0,0,0,0,1,0,0,66/6,,no_observed,0,1,0,0,1,0,0
kyushu_site_ed3520d57fd7,長崎変電所,kyushu,w405827725,partial,2,3,2,0,2,2,0,0,1,2,2,220/66,220/66,same,0,8,6,0,8,0,0
kyushu_site_ed79cbe37c64,周船寺一丁目変電所,kyushu,w405904117,lines_only,1,1,0,1,0,0,0,0,0,0,0,,,no_observed,0,2,3,0,0,2,0
kyushu_site_edb491595bc3,恒久変電所,kyushu,w1519052773,none,2,0,0,0,0,0,0,0,1,0,0,66/6,,no_observed,0,0,2,0,0,0,0
kyushu_site_edddbbf97c0d,貫変電所,kyushu,w1509721697,lines_only,2,2,0,0,0,0,0,0,1,0,0,66/6,,no_observed,0,2,0,0,1,0,0
kyushu_site_ee8eac9c9179,日出変電所,kyushu,w405806530,conductors_only,1,1,1,0,1,1,1,0,0,0,0,,,no_observed,1,0,0,1,0,0,0
kyushu_site_eecb0bbc9aba,千怒変電所,kyushu,w1427723801,lines_only,0,1,0,0,0,0,0,0,0,0,0,,,no_observed,0,1,0,0,1,0,2
kyushu_site_ef7dc1cf5e82,,kyushu,w1512966048,lines_only,2,1,0,0,0,0,0,0,1,0,0,110/66,,no_observed,0,1,9,0,1,0,0
kyushu_site_f04a156e8ea5,長府港町変電所,kyushu,w1226718926,lines_only,1,1,0,1,0,0,0,0,0,0,0,,,no_observed,0,4,9,0,4,0,0
kyushu_site_f164efa8796a,上荒田町変電所,kyushu,w341798457,none,0,0,0,0,0,0,0,0,0,0,0,,,no_observed,0,0,0,0,0,0,0
kyushu_site_f1cb3a87f068,前田変電所,kyushu,w1511553342,lines_only,2,2,0,0,0,0,0,0,1,0,0,66/6,,no_observed,0,1,0,0,1,0,0
kyushu_site_f1ff9904b5a9,雨窪系統開閉所,kyushu,w405811259,mapped,1,2,3,0,2,2,8,8,0,0,0,,,no_observed,10,0,7,4,0,0,0
kyushu_site_f218aff5fce4,くし山二丁目変電所,kyushu,w620412161,lines_only,1,1,0,0,0,0,0,0,0,0,0,,,no_observed,0,1,0,0,1,0,0
kyushu_site_f2633c073627,金の手変電所,kyushu,w868294112,conductors_only,0,2,0,0,0,0,0,0,0,0,0,,,no_observed,0,1,0,1,0,0,0
kyushu_site_f2be65406930,伊福甲変電所,kyushu,w1229504033,none,0,0,0,0,0,0,0,0,0,0,0,,,no_observed,0,0,0,0,0,0,0
kyushu_site_f313c0d47b41,美和町西畑変電所,kyushu,w319463507,none,1,0,0,0,0,0,0,0,0,0,0,,,no_observed,0,0,2,0,0,0,0
kyushu_site_f3cd62c1873b,九州電力 二日市変電所,kyushu,w173790238,conductors_only,1,2,0,0,0,0,1,0,0,0,0,,,no_observed,1,0,0,0,1,0,0
kyushu_site_f3fa636b77b6,みなと香椎二丁目変電所,kyushu,w288839181,lines_only,1,1,0,0,0,0,0,0,0,0,0,,,no_observed,0,1,0,0,1,0,0
kyushu_site_f4efd57dcfba,福岡大学特高変電所,kyushu,w617661818,lines_only,1,2,0,0,0,0,0,0,0,0,0,,,no_observed,0,0,4,0,2,0,0
kyushu_site_f5a24fbe2d0c,大字川崎変電所,kyushu,w92411435,none,1,0,1,0,0,0,1,0,0,0,0,,,no_observed,1,0,1,0,0,0,0
kyushu_site_f6097a379b3c,保田窪変電所,kyushu,w1519241086,none,2,0,0,0,0,0,0,0,1,0,0,66/6,,no_observed,0,0,4,0,0,0,0
kyushu_site_f60a3a771dbe,弥永五丁目変電所,kyushu,w976825911,lines_only,1,1,0,0,0,0,0,0,0,0,0,,,no_observed,0,1,2,0,1,0,0
kyushu_site_f640d6c1fd21,北熊本変電所,kyushu,w271609325,none,0,0,0,0,0,0,0,0,0,0,0,,,no_observed,0,0,0,0,0,0,0
kyushu_site_f665c9727358,中尾変電所,kyushu,w965292530,lines_only,1,1,0,0,0,0,0,0,0,0,0,,,no_observed,0,1,0,0,1,0,0
kyushu_site_f6e26214c7e1,長尾変電所,kyushu,w219119359,lines_only,2,2,0,1,0,0,0,0,1,0,0,66/6,,no_observed,0,4,5,0,4,0,4
kyushu_site_f78001b88d06,谷山変電所_2,kyushu,w614136951,lines_only,1,1,0,1,0,0,0,0,0,0,0,,,no_observed,0,2,0,0,0,2,0
kyushu_site_f79f670da114,九州電力中央変電所,kyushu,w172144359,partial,2,3,4,0,2,2,15,9,1,0,0,500/220,,no_observed,2,0,12,0,2,0,0
kyushu_site_f7a37e1a3026,下陳変電所,kyushu,w1050279500,lines_only,0,0,0,0,0,0,0,0,0,0,0,,,no_observed,0,1,0,0,0,0,0
kyushu_site_f7ae3af5773e,柳山ウインドファーム連系変電所,kyushu,w1525817480,lines_only,1,1,0,0,0,0,0,0,0,0,0,,,no_observed,0,1,1,0,1,0,0
kyushu_site_f7dddbc37caf,原変電所,kyushu,w1174524942,lines_only,0,0,0,0,0,0,0,0,0,0,0,,,no_observed,0,1,1,0,0,0,0
kyushu_site_f7ff6a4c04b0,平恒変電所,kyushu,w294125131,none,2,0,0,0,0,0,0,0,1,0,0,66/6,,no_observed,0,0,1,0,0,0,0
kyushu_site_f8019da10c8a,山口市変電所,kyushu,w319371121,lines_only,1,1,0,0,0,0,0,0,0,0,0,,,no_observed,0,1,0,0,1,0,0
kyushu_site_f80cfd4455cf,九州電力 京町変電所 (Kyomachi Substation),kyushu,w174719024,lines_only,1,1,0,0,0,0,0,0,0,0,0,,,no_observed,0,1,0,0,1,0,2
kyushu_site_f81cb5ba5e2f,久原変電所,kyushu,w1211262551,lines_only,0,0,0,0,0,0,0,0,0,0,0,,,no_observed,0,1,0,0,0,0,0
kyushu_site_f82b18a81eb7,九州電力 志岐変電所,kyushu,w930943486,lines_only,0,0,0,0,0,0,0,0,0,0,0,,,no_observed,0,1,0,0,0,0,0
kyushu_site_f8a4c238ccb7,大隅変電所,kyushu,w373882198,mapped,3,5,5,0,4,5,8,0,2,4,4,220/110;110/66,220/66;110/66,contradicts,11,3,3,11,0,0,6
kyushu_site_f8d26ab37a4b,旭志川辺変電所,kyushu,w677703747,conductors_only,1,1,1,0,0,0,1,0,0,0,0,,,no_observed,2,0,1,2,0,0,0
kyushu_site_f97a15aab7d9,嬉野市変電所,kyushu,w1062907714,lines_only,0,0,0,0,0,0,0,0,0,0,0,,,no_observed,0,1,1,0,0,0,0
kyushu_site_fa0770aab0a2,日明系統開閉所,kyushu,w304395195,partial,1,2,2,0,2,2,4,6,0,0,0,,,no_observed,6,4,3,3,1,0,0
kyushu_site_fa0bda35e88c,新水俣変電所,kyushu,w745306757,conductors_only,1,1,0,1,0,0,0,0,0,0,0,,,no_observed,0,3,3,0,1,0,0
kyushu_site_fa8c2a40c40e,和白東三丁目変電所,kyushu,w224451332,none,0,0,0,0,0,0,0,0,0,0,0,,,no_observed,0,0,0,0,0,0,0
kyushu_site_fb25d91107d2,瀬高町山門変電所,kyushu,w270264414,lines_only,1,1,0,0,0,0,0,0,0,0,0,,,no_observed,0,1,1,0,1,0,0
kyushu_site_fb4b9081223c,吉野四丁目変電所,kyushu,w608351638,lines_only,1,1,0,1,0,0,0,0,0,0,0,,,no_observed,0,2,0,0,0,2,0
kyushu_site_fb6e9dfb2fe5,八江町変電所,kyushu,w405527061,lines_only,1,1,0,0,0,0,0,0,0,0,0,,,no_observed,0,1,0,0,0,0,0
kyushu_site_fbbf4f99c2db,旭変電所,kyushu,w1519052775,none,2,0,0,0,0,0,0,0,1,0,0,66/6,,no_observed,0,0,1,0,0,0,0
kyushu_site_fc983e6833bf,大浦町変電所,kyushu,w605291462,none,0,0,0,0,0,0,0,0,0,0,0,,,no_observed,0,0,0,0,0,0,0
kyushu_site_fc9ba2efc0cc,宮崎変電所,kyushu,w216956620,partial,1,2,0,1,0,0,1,3,0,1,0,,,no_observed,1,2,0,7,0,0,2
kyushu_site_fca2eaf684c1,大字長山変電所,kyushu,w691691058,none,0,0,0,0,0,0,0,0,0,0,0,,,no_observed,0,0,0,0,0,0,0
kyushu_site_fcfb7f63323d,曽於市変電所_3,kyushu,w867695890,none,0,0,0,0,0,0,0,0,0,0,0,,,no_observed,0,0,0,0,0,0,0
kyushu_site_fd962b770478,,kyushu,w1513254160,lines_only,1,1,0,0,0,0,0,0,0,0,0,,,no_observed,0,1,1,0,1,0,0
kyushu_site_fe069f993b39,石谷町変電所,kyushu,w693126258,none,0,0,0,0,0,0,0,0,0,0,0,,,no_observed,0,0,0,0,0,0,0
kyushu_site_fe2585c6aa58,南九州市変電所_3,kyushu,w857492043,none,0,0,0,0,0,0,0,0,0,0,0,,,no_observed,0,0,0,0,0,0,0
kyushu_site_fe39a72f05c9,,kyushu,w1512966042,lines_only,1,1,0,0,0,0,0,0,0,0,0,,,no_observed,0,1,4,0,1,0,0
kyushu_site_fe77c0a610c7,九州電力　千本杉変電所,kyushu,w145410101,lines_only,1,1,0,0,0,0,0,0,0,0,0,,,no_observed,0,1,1,0,1,0,0
kyushu_site_fec932633238,薬院変電所,kyushu,w1523849861,lines_only,1,1,0,0,0,0,0,0,0,0,0,,,no_observed,0,1,5,0,1,0,2
kyushu_site_fed2a138c9dc,,kyushu,w1519149755,lines_only,1,1,0,1,0,0,0,0,0,0,0,,,no_observed,0,2,5,0,0,2,0
kyushu_site_fedea5bcc9fc,高上変電所,kyushu,w956228779,lines_only,1,2,0,1,0,0,0,0,0,0,0,,,no_observed,0,2,0,0,2,0,0
kyushu_site_feeb50127e50,東唐津二丁目変電所,kyushu,w1165112672,none,0,0,0,0,0,0,0,0,0,0,0,,,no_observed,0,0,0,0,0,0,0
kyushu_site_ff041eb83d71,ひむか変電所,kyushu,w216953915,layout_only,2,4,0,2,0,0,0,0,1,1,1,500/220,500/220,same,0,5,6,0,4,0,0
kyushu_site_ff880904f498,通谷変電所,kyushu,w764310987,lines_only,2,2,0,0,0,0,0,0,1,0,0,66/6,,no_observed,0,1,1,0,1,0,2
kyushu_site_ff9e6d0d8ea7,九州電力久保変電所,kyushu,w188683657,partial,1,1,4,1,4,5,0,0,0,3,0,,,no_observed,0,2,0,0,0,2,0
kyushu_site_ffb468d390c8,周南市変電所,kyushu,w1395524991,none,0,0,0,0,0,0,0,0,0,0,0,,,no_observed,0,0,1,0,0,0,0
kyushu_site_ffd1d6280527,中間変電所,kyushu,w764310314,lines_only,2,2,0,0,0,0,0,0,1,0,0,66/6,,no_observed,0,1,0,0,1,0,2
kyushu_site_fffcfdaabcea,新町変電所,kyushu,w1519169465,lines_only,2,2,0,1,0,0,0,0,1,0,0,66/6,,no_observed,0,2,0,0,2,0,0
okinawa_site_001f7cec757e,知念久手堅変電所,okinawa,w1203561597,none,0,0,0,0,0,0,0,0,0,0,0,,,no_observed,0,0,0,0,0,0,0
okinawa_site_01c78e5e34e8,小禄変電所,okinawa,w143605978,lines_only,1,2,0,0,0,0,0,0,0,0,0,,,no_observed,0,1,3,0,1,0,2
okinawa_site_04e75ff6611d,前田変電所,okinawa,w516775963,conductors_only,3,5,0,1,0,0,0,0,2,0,0,132/66;66/6,,no_observed,0,2,6,1,3,0,0
okinawa_site_0a34b9123c88,与那原変電所,okinawa,w516695294,conductors_only,2,2,0,1,0,0,0,0,1,0,0,132/66,,no_observed,0,4,0,4,0,4,4
okinawa_site_1221d8b0ceac,石川東山二丁目変電所,okinawa,w516775959,lines_only,2,2,0,1,0,0,0,0,1,0,0,132/66,,no_observed,0,3,11,0,3,0,0
okinawa_site_12e0c2352999,南風原変電所,okinawa,w169214769,lines_only,2,1,0,0,0,0,0,0,1,0,0,132/66,,no_observed,0,1,3,0,1,0,0
okinawa_site_15550524a9a0,泊変電所,okinawa,w1435891196,none,0,0,0,0,0,0,0,0,0,0,0,,,no_observed,0,0,0,0,0,0,0
okinawa_site_1b5fc7294049,喜瀬変電所,okinawa,w516901183,lines_only,1,1,0,0,0,0,0,0,0,0,0,,,no_observed,0,1,0,0,1,0,2
okinawa_site_210952a9f975,恩納村変電所,okinawa,w516901184,lines_only,1,1,0,0,0,0,0,0,0,0,0,,,no_observed,0,1,0,0,1,0,0
okinawa_site_249e6d7c673b,渡口変電所,okinawa,w516695283,conductors_only,2,1,1,0,1,1,0,0,1,0,0,132/66,,no_observed,1,0,2,1,0,0,2
okinawa_site_2542c2ca5fd5,Kushi Water Purification Plant Substation,okinawa,w369543909,lines_only,1,1,0,0,0,0,0,0,0,0,0,,,no_observed,0,1,1,0,0,0,0
okinawa_site_261095ac7208,古波蔵一丁目変電所,okinawa,w984786107,none,0,0,0,0,0,0,0,0,0,0,0,,,no_observed,0,0,0,0,0,0,0
okinawa_site_26a15a3b653d,名護電力所,okinawa,w415712235,conductors_only,1,1,1,0,1,1,0,0,0,0,0,,,no_observed,1,1,0,1,1,0,0
okinawa_site_2ad8245c5389,海洋博変電所,okinawa,w417898064,none,1,0,0,0,0,0,0,0,0,0,0,,,no_observed,0,0,1,0,0,0,0
okinawa_site_2d6091cd1834,名護市変電所,okinawa,w516901180,none,1,0,0,0,0,0,0,0,0,0,0,,,no_observed,0,0,1,0,0,0,0
okinawa_site_33275befbdc1,牧港五丁目変電所,okinawa,w516775936,lines_only,2,2,0,0,0,0,0,0,1,0,0,132/66,,no_observed,0,1,2,0,2,0,0
okinawa_site_33e211cc98e5,西原変電所,okinawa,w517061731,conductors_only,3,3,0,1,0,0,7,0,2,0,0,132/66;66/22,,no_observed,4,0,0,4,1,0,0
okinawa_site_3b094edc28cf,伊芸変電所,okinawa,n2043324171,none,1,0,0,0,0,0,0,0,0,0,0,,,no_observed,0,0,0,0,0,0,0
okinawa_site_3d8a4de2046c,首里大名町三丁目変電所,okinawa,w1372039155,none,0,0,0,0,0,0,0,0,0,0,0,,,no_observed,0,0,0,0,0,0,0
okinawa_site_4023f8c6ddc9,大里変電所,okinawa,w516801170,lines_only,1,2,0,0,0,0,0,0,0,0,0,,,no_observed,0,0,2,0,0,2,0
okinawa_site_429e66a15c94,石川曙三丁目変電所,okinawa,w517051776,lines_only,2,2,0,0,0,0,0,0,1,0,0,132/66,,no_observed,0,1,0,0,1,0,0
okinawa_site_46687020c3e9,友寄変電所,okinawa,w516775966,mapped,2,4,3,0,3,4,1,0,1,2,2,132/66,132/66,same,5,1,0,2,3,0,4
okinawa_site_4717aeb1af43,伊佐一丁目変電所,okinawa,w189191419,none,2,0,0,0,0,0,0,0,1,0,0,132/66,,no_observed,0,0,3,0,0,0,0
okinawa_site_54a787ed2a22,宮古島市変電所,okinawa,w715082291,none,0,0,0,0,0,0,0,0,0,0,0,,,no_observed,0,0,0,0,0,0,0
okinawa_site_5b0739f0db26,赤嶺変電所,okinawa,w1300042965,none,0,0,0,0,0,0,0,0,0,0,0,,,no_observed,0,0,0,0,0,0,0
okinawa_site_5e6d61416a84,壷川変電所,okinawa,w1509522094,none,1,0,0,0,0,0,0,0,0,0,0,,,no_observed,0,0,2,0,0,0,0
okinawa_site_6007d73b4f9c,仲宗根変電所,okinawa,w516901176,none,1,0,0,0,0,0,0,0,0,0,0,,,no_observed,0,0,1,0,0,0,0
okinawa_site_68ac9491879e,佐敷変電所,okinawa,w516775972,layout_only,1,1,0,0,0,0,0,0,0,1,0,,,no_observed,0,1,0,0,1,0,0
okinawa_site_6c1cb5ace28d,川田変電所,okinawa,w516901165,lines_only,1,1,0,0,0,0,0,0,0,0,0,,,no_observed,0,1,0,0,1,0,0
okinawa_site_6ec97738259e,石川東山一丁目変電所,okinawa,w516775958,lines_only,2,2,0,0,0,0,0,0,1,0,0,132/66,,no_observed,0,0,14,0,0,2,0
okinawa_site_6f67d51595bd,上田変電所,okinawa,w517089149,none,1,0,0,0,0,0,0,0,0,0,0,,,no_observed,0,0,1,0,0,0,0
okinawa_site_7574456c9639,石川東恩納変電所,okinawa,w516901169,none,2,0,0,0,0,0,0,0,1,0,0,132/66,,no_observed,0,0,4,0,0,0,0
okinawa_site_765afe7fd55e,曙変電所,okinawa,w968958267,none,1,0,0,0,0,0,0,0,0,0,0,,,no_observed,0,0,2,0,0,0,0
okinawa_site_78aa9d7a2609,久茂地二丁目変電所,okinawa,n1575523971,none,1,0,0,0,0,0,0,0,0,0,0,,,no_observed,0,0,4,0,0,0,0
okinawa_site_7be77bb27487,奥間変電所,okinawa,w189191421,none,1,0,0,0,0,0,0,0,0,0,0,,,no_observed,0,0,0,0,0,0,0
okinawa_site_7cd2895f7fa6,うるま市変電所,okinawa,w516695281,lines_only,2,2,0,1,0,0,0,0,1,0,0,132/66,,no_observed,0,2,8,0,3,2,0
okinawa_site_833b258ce23f,那覇変電所,okinawa,w516695295,lines_only,1,2,0,1,0,0,0,0,0,0,0,,,no_observed,0,2,0,0,2,0,0
okinawa_site_845e20ac2136,宇堅変電所,okinawa,w516901168,lines_only,1,1,0,1,0,0,0,0,0,0,0,,,no_observed,0,2,0,0,0,2,0
okinawa_site_8879cff344c1,海洋博変電所,okinawa,r6210773,none,1,0,0,0,0,0,0,0,0,0,0,,,no_observed,0,0,1,0,0,0,0
okinawa_site_97d4788f2775,北那覇変電所,okinawa,w517094812,none,2,0,0,0,0,0,0,0,1,0,0,132/66,,no_observed,0,0,1,0,0,0,0
okinawa_site_9cb17c60fd10,港川変電所,okinawa,w516775934,none,1,0,0,0,0,0,0,0,0,0,0,,,no_observed,0,0,4,0,0,0,0
okinawa_site_9e9f9c481386,東変電所,okinawa,w516801167,none,1,0,0,0,0,0,0,0,0,0,0,,,no_observed,0,0,1,0,0,0,0
okinawa_site_ab8c6c42f3ea,伊佐一丁目変電所,okinawa,w189191422,lines_only,2,2,0,1,0,0,0,0,1,0,0,132/66,,no_observed,0,3,0,0,0,5,0
okinawa_site_af12a2f83401,山入端変電所,okinawa,w516901177,none,1,0,0,0,0,0,0,0,0,0,0,,,no_observed,0,0,1,0,0,0,0
okinawa_site_aff3a54e3920,津花波変電所,okinawa,w1078057778,none,2,0,0,1,0,0,7,0,1,0,0,132/66,,no_observed,4,0,0,0,0,0,0
okinawa_site_b1ec421d75e1,小那覇変電所,okinawa,w516775964,lines_only,1,1,0,0,0,0,0,0,0,0,0,,,no_observed,0,1,0,0,1,0,0
okinawa_site_b8bf9281613c,沖縄電力 竹富配電塔,okinawa,w1041893266,none,0,0,0,0,0,0,0,0,0,0,0,,,no_observed,0,0,0,0,0,0,0
okinawa_site_ba436a18dace,瑞慶覧変電所,okinawa,w516775954,lines_only,2,3,0,2,0,0,0,0,1,0,0,132/66,,no_observed,0,4,5,0,3,2,0
okinawa_site_bcde5412563e,与根変電所,okinawa,w367361273,none,0,0,0,0,0,0,0,0,0,0,0,,,no_observed,0,0,0,0,0,0,0
okinawa_site_bde85f54d7d5,泊変電所,okinawa,w190679376,none,0,0,0,0,0,0,0,0,0,0,0,,,no_observed,0,0,0,0,0,0,0
okinawa_site_c553b8ba2c91,美里六丁目変電所,okinawa,w516775955,lines_only,2,3,0,0,0,0,0,0,1,0,0,132/66,,no_observed,0,0,2,0,0,4,0
okinawa_site_d3ef98169bb0,美浜三丁目変電所,okinawa,w1318107307,none,0,0,0,0,0,0,0,0,0,0,0,,,no_observed,0,0,0,0,0,0,0
okinawa_site_d4a1d451b4a1,西那覇変電所,okinawa,w344656962,lines_only,1,1,0,0,0,0,0,0,0,0,0,,,no_observed,0,1,3,0,1,0,0
okinawa_site_d87bd1024dd9,Henoko Substation,okinawa,w280741494,lines_only,1,1,0,0,0,0,0,0,0,0,0,,,no_observed,0,1,3,0,1,0,0
okinawa_site_d9fc4afbb4ff,長毛変電所,okinawa,w189191418,lines_only,1,1,0,0,0,0,0,0,0,0,0,,,no_observed,0,1,0,0,1,0,0
okinawa_site_eaea84a1af64,久茂地変電所,okinawa,w243645778,none,1,0,0,0,0,0,0,0,0,0,0,,,no_observed,0,0,4,0,0,0,0
okinawa_site_ee2c53a03aff,田港変電所,okinawa,w516801176,none,2,0,0,0,0,0,0,0,1,0,0,66/13,,no_observed,0,0,3,0,0,0,0
okinawa_site_f5ed5cd09b29,上間変電所,okinawa,w144907184,lines_only,1,1,0,1,0,0,0,0,0,0,0,,,no_observed,0,3,5,0,3,0,0
okinawa_site_fabd7b59cea0,仲泊変電所,okinawa,w189191420,lines_only,2,1,0,0,0,0,0,0,1,0,0,132/66,,no_observed,0,1,3,0,1,0,0
okinawa_site_fe9a1c8d8813,松田変電所,okinawa,w369543910,lines_only,1,1,0,0,0,0,0,0,0,0,0,,,no_observed,0,1,3,0,1,0,0
shikoku_site_0076f0760162,沼隈町大字草深変電所,shikoku,w317641604,none,1,0,0,0,0,0,0,0,0,0,0,,,no_observed,0,0,2,0,0,0,0
shikoku_site_00ae4f3ec499,藤生町三丁目変電所,shikoku,w641622947,lines_only,2,3,0,1,0,0,0,0,1,0,0,220/110,,no_observed,0,4,1,0,3,0,0
shikoku_site_00bd18d266a1,変電所,shikoku,w165642093,conductors_only,1,2,0,0,0,0,0,0,0,0,0,,,no_observed,0,1,1,0,0,0,2
shikoku_site_02267f755de8,江田島変電所,shikoku,w1334462846,lines_only,1,1,0,0,0,0,0,0,0,0,0,,,no_observed,0,1,0,0,1,0,0
shikoku_site_02a5f25181b8,南庄町一丁目変電所,shikoku,w354526923,none,0,0,0,0,0,0,0,0,0,0,0,,,no_observed,0,0,0,0,0,0,0
shikoku_site_043d089a50e2,北条変電所,shikoku,w1352329375,lines_only,1,1,0,1,0,0,0,0,0,0,0,,,no_observed,0,2,0,0,2,0,0
shikoku_site_044e33847341,段原変電所,shikoku,w1396240332,layout_only,0,0,0,0,0,0,0,0,0,1,0,,,no_observed,0,0,0,0,0,0,0
shikoku_site_04e131272aa4,詫間町詫間変電所,shikoku,w670866756,lines_only,0,0,0,0,0,0,0,0,0,0,0,,,no_observed,0,1,0,0,0,0,0
shikoku_site_04f434575753,大渡変電所,shikoku,w1359016722,lines_only,1,1,0,1,0,0,0,0,0,0,0,,,no_observed,0,3,0,0,3,0,0
shikoku_site_06fcf9ce751b,中津町三丁目変電所,shikoku,w1395249471,none,0,0,0,0,0,0,0,0,0,0,0,,,no_observed,0,0,1,0,0,0,0
shikoku_site_085859b6af51,新居浜変電所,shikoku,w620975083,conductors_only,1,1,2,0,1,2,8,0,0,0,0,,,no_observed,8,0,10,5,0,0,0
shikoku_site_090eac0f02c9,脇町新町変電所,shikoku,w1023830386,lines_only,1,1,0,1,0,0,0,0,0,0,0,,,no_observed,0,2,3,0,2,0,0
shikoku_site_093180be3f7c,ひうち変電所_4,shikoku,w1037121667,conductors_only,2,1,3,0,0,0,16,0,1,0,0,187/66,,no_observed,14,5,3,1,0,0,0
shikoku_site_0aab571ffd37,吉田町東小路変電所,shikoku,w1089792208,lines_only,1,1,0,0,0,0,0,0,0,0,0,,,no_observed,0,1,0,0,1,0,0
shikoku_site_0b261d9ce777,伊勢崎町変電所,shikoku,w676681502,none,0,0,0,0,0,0,0,0,0,0,0,,,no_observed,0,0,3,0,0,0,0
shikoku_site_0d816301d937,仁井田変電所,shikoku,w1208218801,lines_only,3,3,0,0,0,0,0,0,2,0,0,66/22;22/6,,no_observed,0,1,4,0,1,0,0
shikoku_site_0ec3796ab5e6,端岡変電所,shikoku,w88478978,lines_only,1,1,0,1,0,0,0,0,0,0,0,,,no_observed,0,2,4,0,2,0,0
shikoku_site_0f6d4063ec87,九町変電所,shikoku,w1037299172,lines_only,3,2,0,1,0,0,0,0,2,0,0,500/187;187/66,,no_observed,0,2,12,0,2,0,0
shikoku_site_1113f2078ac4,宇多津町変電所,shikoku,w1415132215,none,0,0,0,0,0,0,0,0,0,0,0,,,no_observed,0,0,1,0,0,0,0
shikoku_site_11b7aa3f79d8,大字浜変電所,shikoku,w619437960,none,1,0,0,0,0,0,0,0,0,0,0,,,no_observed,0,0,1,0,0,0,0
shikoku_site_1640472591f8,山川町建石変電所,shikoku,w933807961,none,1,0,0,0,0,0,0,0,0,0,0,,,no_observed,0,0,10,0,0,0,0
shikoku_site_1729fd11cf85,多喜浜一丁目変電所,shikoku,w844286149,conductors_only,1,1,0,1,0,0,0,0,0,0,0,,,no_observed,0,5,0,1,0,0,0
shikoku_site_174f18cfc6f4,牟岐変電所,shikoku,w1277604903,lines_only,0,0,0,0,0,0,0,0,0,0,0,,,no_observed,0,1,1,0,0,0,0
shikoku_site_174f7b20fb07,夜須町変電所,shikoku,w316459361,none,0,0,0,0,0,0,0,0,0,0,0,,,no_observed,0,0,2,0,0,0,0
shikoku_site_17cec554fe05,喜多川変電所_2,shikoku,w620976976,conductors_only,2,2,3,0,2,3,16,0,1,0,0,187/66,,no_observed,14,0,30,10,0,0,0
shikoku_site_1896cb1c6f0f,府中変電所,shikoku,w159606727,lines_only,1,1,0,0,0,0,0,0,0,0,0,,,no_observed,0,1,1,0,1,0,0
shikoku_site_18c9b257ef28,丹那町変電所_2,shikoku,w1431445559,none,1,0,0,0,0,0,0,0,0,0,0,,,no_observed,0,0,6,0,0,0,0
shikoku_site_1946ba7e6dc5,北川村変電所,shikoku,w844182802,mapped,2,2,1,1,1,1,3,0,1,2,2,187/66,187/66,same,6,0,14,6,0,0,0
shikoku_site_19606ed4a6bf,土佐山田町新改変電所,shikoku,w567592345,conductors_only,2,2,2,1,1,1,7,0,1,0,0,187/66,,no_observed,6,18,26,6,8,0,0
shikoku_site_19920bef7f27,西栄三丁目変電所,shikoku,w708329980,lines_only,0,0,0,0,0,0,0,0,0,0,0,,,no_observed,0,1,0,0,0,0,0
shikoku_site_1b2909305ea5,流岡町変電所,shikoku,w653975396,none,0,0,0,0,0,0,0,0,0,0,0,,,no_observed,0,0,2,0,0,0,0
shikoku_site_1bb1788c6c67,広見変電所,shikoku,w1037299171,mapped,2,2,3,0,2,3,12,0,1,2,2,187/66,187/66,same,8,0,15,7,0,0,0
shikoku_site_1cef04c4e694,磯浦町変電所,shikoku,w620975078,conductors_only,2,1,6,0,1,4,18,0,1,0,0,187/110,,no_observed,18,0,21,4,0,0,0
shikoku_site_1d7542adbc9b,宇和島変電所,shikoku,w1314991450,lines_only,1,2,0,1,0,0,0,0,0,0,0,,,no_observed,0,3,3,0,3,0,4
shikoku_site_1db580beff30,池田町ハヤシ変電所,shikoku,w789773370,lines_only,0,0,0,0,0,0,0,0,0,0,0,,,no_observed,0,1,0,0,0,0,0
shikoku_site_1e47f5287102,菊本町一丁目変電所_2,shikoku,w1024863251,conductors_only,2,1,0,1,0,0,0,0,1,0,0,187/110,,no_observed,0,6,28,1,4,0,0
shikoku_site_20f02af24cee,松本変電所,shikoku,w1256880985,lines_only,0,0,0,0,0,0,0,0,0,0,0,,,no_observed,0,1,0,0,0,0,0
shikoku_site_222ee0be86c2,大内変電所,shikoku,w309044199,conductors_only,2,2,0,1,0,0,0,0,1,0,0,66/6,,no_observed,0,3,7,1,0,0,0
shikoku_site_22d21b412c69,松山変電所,shikoku,w171063439,conductors_only,2,4,0,2,0,0,0,0,1,0,0,187/66,,no_observed,0,7,7,0,5,0,0
shikoku_site_22f64ed027ef,藤生町一丁目変電所,shikoku,w641638470,lines_only,1,1,0,0,0,0,0,0,0,0,0,,,no_observed,0,1,1,0,0,0,0
shikoku_site_23cbb56249cb,丹那町変電所,shikoku,w195089139,lines_only,1,0,0,1,0,0,0,0,0,0,0,,,no_observed,0,2,4,0,0,0,0
shikoku_site_249ddf9a1351,1丁目変電所,shikoku,w1115851588,none,0,0,0,0,0,0,0,0,0,0,0,,,no_observed,0,0,1,0,0,0,0
shikoku_site_26fd15db1992,国府変電所,shikoku,w309044203,conductors_only,2,2,0,2,0,0,0,0,1,0,0,187/66,,no_observed,0,17,24,3,7,0,0
shikoku_site_27b226ee4d82,錦見三丁目変電所,shikoku,w318581311,conductors_only,3,3,1,2,1,1,1,0,2,0,0,220/110;110/66,,no_observed,1,4,3,0,2,0,0
shikoku_site_28ecae203291,岩国市変電所,shikoku,w1000533783,none,0,0,0,0,0,0,0,0,0,0,0,,,no_observed,0,0,0,0,0,0,0
shikoku_site_298fea57bcd5,本山町変電所,shikoku,w1037463609,lines_only,1,1,0,1,0,0,0,0,0,0,0,,,no_observed,0,2,3,0,2,0,0
shikoku_site_29e295249377,瀬戸町明神変電所,shikoku,w1023600820,lines_only,1,2,0,0,0,0,0,0,0,0,0,,,no_observed,0,1,6,0,1,0,0
shikoku_site_2c6e3dc9773b,高知変電所,shikoku,w573818554,conductors_only,3,3,0,3,0,0,0,0,2,0,0,187/110;110/66,,no_observed,0,19,33,2,13,0,0
shikoku_site_2c9a093b2fc1,土居町中村変電所,shikoku,w1024881478,lines_only,1,1,0,1,0,0,0,0,0,0,0,,,no_observed,0,2,3,0,2,0,0
shikoku_site_2dc6ebf5ee24,山本町財田西変電所,shikoku,w655044916,lines_only,0,0,0,0,0,0,0,0,0,0,0,,,no_observed,0,1,0,0,0,0,0
shikoku_site_3224d8d4d27f,四国電力　川之江変電所,shikoku,w790428098,conductors_only,1,2,0,1,0,0,0,0,0,0,0,,,no_observed,0,15,11,1,2,0,0
shikoku_site_32e75ba7e2bd,4丁目変電所,shikoku,w1115857119,none,0,0,0,0,0,0,0,0,0,0,0,,,no_observed,0,0,1,0,0,0,0
shikoku_site_330a1625839a,吉田浜変電所,shikoku,w1352319028,lines_only,1,1,0,0,0,0,0,0,0,0,0,,,no_observed,0,2,1,0,1,0,0
shikoku_site_33248ca885ba,四国電力 甲浦変電所,shikoku,w722696418,lines_only,1,1,0,0,0,0,0,0,0,0,0,,,no_observed,0,1,0,0,0,0,0
shikoku_site_3655de205589,ひうち変電所_3,shikoku,w1037121662,lines_only,1,1,0,0,0,0,0,0,0,0,0,,,no_observed,0,1,8,0,1,0,0
shikoku_site_383dcb3e32f2,昭和町二丁目変電所,shikoku,w102958802,lines_only,0,0,0,0,0,0,0,0,0,0,0,,,no_observed,0,1,2,0,0,0,0
shikoku_site_39b9860c5314,大州四丁目変電所,shikoku,w1395144954,lines_only,0,0,0,0,0,0,0,0,0,0,0,,,no_observed,0,0,2,0,0,0,0
shikoku_site_39c01b599687,香川変電所,shikoku,w87491654,lines_only,3,5,0,2,0,0,0,0,2,0,0,187/66;66/6,,no_observed,0,6,3,0,6,0,0
shikoku_site_3a4189387be9,辻堂一丁目変電所,shikoku,w879303355,none,0,0,0,0,0,0,0,0,0,0,0,,,no_observed,0,0,0,0,0,0,0
shikoku_site_3aa89c7a3c90,忠海長浜一丁目変電所,shikoku,w1336316988,lines_only,2,2,0,2,0,0,0,0,1,0,0,220/110,,no_observed,0,4,7,0,4,0,0
shikoku_site_3b01882dda7d,郷東町変電所,shikoku,w307645905,lines_only,1,1,0,0,0,0,0,0,0,0,0,,,no_observed,0,1,0,0,0,0,0
shikoku_site_3bbebba607c6,八幡変電所,shikoku,w219146070,lines_only,1,1,0,0,0,0,0,0,0,0,0,,,no_observed,0,0,0,0,0,0,2
shikoku_site_3c27fd9af753,住友共同電力端出場変電所,shikoku,w410004545,conductors_only,1,2,0,1,0,0,0,0,0,0,0,,,no_observed,0,2,3,0,1,0,0
shikoku_site_3c29447cf1af,牟礼町牟礼変電所,shikoku,w189449938,lines_only,1,1,0,0,0,0,0,0,0,0,0,,,no_observed,0,1,0,0,1,0,0
shikoku_site_3c6e281a4f84,綾南変電所,shikoku,w88161448,lines_only,2,2,0,0,0,0,0,0,1,0,0,66/6,,no_observed,0,1,3,0,1,0,0
shikoku_site_3d800b8d6761,沖塩屋一丁目変電所,shikoku,w494954144,none,1,0,0,0,0,0,0,0,0,0,0,,,no_observed,0,0,2,0,0,0,0
shikoku_site_3e1481cc3a4e,三野町吉津変電所,shikoku,w670866759,lines_only,0,0,0,1,0,0,0,0,0,0,0,,,no_observed,0,2,0,0,0,0,0
shikoku_site_40b0685b8118,喜多台変電所,shikoku,w1037121581,conductors_only,1,1,0,1,0,0,0,0,0,0,0,,,no_observed,0,2,4,2,0,0,0
shikoku_site_4131a34a0e8a,高森,shikoku,w641622937,none,1,0,0,0,0,0,0,0,0,0,0,,,no_observed,0,0,1,0,0,0,0
shikoku_site_41c355b49920,能美変電所,shikoku,w1334462844,lines_only,1,1,0,0,0,0,0,0,0,0,0,,,no_observed,0,1,0,0,1,0,0
shikoku_site_42d34f3b57fa,ひうち変電所,shikoku,w1037121657,conductors_only,1,1,0,1,0,0,0,0,0,0,0,,,no_observed,0,7,3,3,0,0,0
shikoku_site_446fcd64fad1,久賀変電所,shikoku,w1497961807,none,0,0,0,0,0,0,0,0,0,0,0,,,no_observed,0,0,0,0,0,0,0
shikoku_site_448792179f42,変電所,shikoku,n10285498920,none,1,0,0,0,0,0,0,0,0,0,0,,,no_observed,0,0,2,0,0,0,0
shikoku_site_455d47e884ea,今治市変電所,shikoku,w701018021,lines_only,0,0,0,0,0,0,0,0,0,0,0,,,no_observed,0,1,0,0,0,0,0
shikoku_site_45db1457c3be,三島変電所,shikoku,w620976970,conductors_only,2,2,0,2,0,0,0,0,1,0,0,187/66,,no_observed,0,18,16,2,7,0,0
shikoku_site_463d4fbf11d0,由宇町北一丁目変電所,shikoku,w1395265677,lines_only,0,0,0,0,0,0,0,0,0,0,0,,,no_observed,0,1,0,0,0,0,0
shikoku_site_46f4a1c3ae70,林田町変電所,shikoku,w102958832,lines_only,0,0,0,0,0,0,0,0,0,0,0,,,no_observed,0,1,0,0,0,0,0
shikoku_site_471ef5cce759,阿南発電所 (Anan Power Station),shikoku,w1037463547,conductors_only,2,2,2,0,1,2,10,0,1,0,0,187/66,,no_observed,3,2,11,5,0,0,2
shikoku_site_478ad8638757,幸町変電所,shikoku,w295234029,none,0,0,0,0,0,0,0,0,0,0,0,,,no_observed,0,0,0,0,0,0,0
shikoku_site_4801ac0d7d14,井川変電所,shikoku,w492707500,conductors_only,2,3,0,1,0,0,0,0,1,0,0,187/66,,no_observed,0,14,19,1,4,0,0
shikoku_site_490ff46c358c,倉橋変電所,shikoku,w318404639,lines_only,1,1,0,0,0,0,0,0,0,0,0,,,no_observed,0,1,1,0,1,0,0
shikoku_site_4a9aa3f0da9e,装束町四丁目変電所,shikoku,w708329972,none,1,0,0,0,0,0,0,0,0,0,0,,,no_observed,0,0,6,0,0,0,0
shikoku_site_4b4bb3126ac1,四国電力送配電 丸亀変電所,shikoku,w975569139,conductors_only,0,0,0,1,0,0,0,0,0,0,0,,,no_observed,0,4,3,0,0,0,0
shikoku_site_4c0150f3c35c,新須賀変電所,shikoku,w173327089,partial,2,2,0,2,0,0,0,0,1,2,2,187/110,187/110,same,0,6,23,2,2,0,0
shikoku_site_4cd584c21f79,1丁目変電所_2,shikoku,w1334453966,lines_only,1,1,0,0,0,0,0,0,0,0,0,,,no_observed,0,1,0,0,1,0,0
shikoku_site_4eda9184e92f,美波町変電所,shikoku,w1279113603,layout_only,0,0,0,0,0,0,0,0,0,1,0,,,no_observed,0,1,0,0,0,0,0
shikoku_site_4edad6d2f712,孕変電所,shikoku,w182231512,lines_only,2,3,0,1,0,0,0,0,1,0,0,66/6,,no_observed,0,4,4,0,1,0,0
shikoku_site_4fa8540d00c5,四国電力麻変電所,shikoku,w170877533,lines_only,1,2,0,2,0,0,0,0,0,0,0,,,no_observed,0,5,7,0,3,0,0
shikoku_site_5008235cd5b5,呉変電所,shikoku,w317416617,lines_only,2,2,0,2,0,0,2,0,1,0,0,110/66,,no_observed,2,6,5,0,4,0,0
shikoku_site_52472b668f12,観音寺変電所,shikoku,w307783577,none,0,0,0,0,0,0,0,0,0,0,0,,,no_observed,0,0,1,0,0,0,0
shikoku_site_530eea1338a2,田布施町変電所,shikoku,w1395514589,none,0,0,0,0,0,0,0,0,0,0,0,,,no_observed,0,0,1,0,0,0,0
shikoku_site_555f03ef8690,仁尾町仁尾変電所,shikoku,w670866758,lines_only,0,0,0,0,0,0,0,0,0,0,0,,,no_observed,0,1,0,0,0,0,0
shikoku_site_55ed626b312b,,shikoku,w1517264406,lines_only,0,0,0,1,0,0,0,0,0,0,0,,,no_observed,0,2,2,0,0,0,0
shikoku_site_56b00129e44f,阿波変電所,shikoku,w307942220,mapped,2,2,2,0,2,3,5,0,1,2,2,500/187,500/187,same,3,2,6,3,2,0,0
shikoku_site_58629f641304,大字長山変電所,shikoku,w844182799,lines_only,2,1,1,1,0,0,3,0,1,0,0,187/66,,no_observed,6,2,12,0,2,0,0
shikoku_site_5b52aa5750da,大原町変電所,shikoku,w573025262,none,0,0,0,0,0,0,0,0,0,0,0,,,no_observed,0,0,0,0,0,0,0
shikoku_site_5c9b906dfb40,瀬戸南町二丁目変電所,shikoku,w719248419,layout_only,0,0,0,0,0,0,0,0,0,1,0,,,no_observed,0,1,0,0,0,0,0
shikoku_site_5d6b8a9c0998,浮津二番町変電所,shikoku,w1312441374,lines_only,0,0,0,0,0,0,0,0,0,0,0,,,no_observed,0,1,0,0,0,0,0
shikoku_site_5da6c4fe8c38,喜多川変電所,shikoku,w620976974,conductors_only,2,3,3,0,0,0,16,0,1,0,0,187/66,,no_observed,14,10,20,4,1,0,0
shikoku_site_5e12d92e5388,昭和町二丁目変電所_2,shikoku,w1394066346,lines_only,0,0,0,0,0,0,0,0,0,0,0,,,no_observed,0,1,2,0,0,0,0
shikoku_site_5ef0fd169e3b,新倉一丁目変電所,shikoku,w860296912,lines_only,0,0,0,1,0,0,0,0,0,0,0,,,no_observed,0,2,0,0,0,0,0
shikoku_site_5fab524af79c,大川変電所,shikoku,w1235469190,lines_only,2,2,0,1,0,0,0,0,1,0,0,187/66,,no_observed,0,5,8,0,4,0,0
shikoku_site_6062b74a61ae,西片島変電所,shikoku,w848283866,lines_only,0,0,0,0,0,0,0,0,0,0,0,,,no_observed,0,1,0,0,0,0,0
shikoku_site_60f3bd33cfd7,市場町八幡変電所,shikoku,w1023830406,conductors_only,1,1,0,1,0,0,0,0,0,0,0,,,no_observed,0,7,3,1,2,0,0
shikoku_site_620306e438e1,多度津変電所,shikoku,w755349290,lines_only,0,0,0,1,0,0,0,0,0,0,0,,,no_observed,0,2,1,0,0,0,0
shikoku_site_62071fc6eacf,小田変電所,shikoku,w1295711843,lines_only,1,1,0,1,0,0,0,0,0,0,0,,,no_observed,0,2,0,0,2,0,0
shikoku_site_653470ff9a1b,笠山変電所,shikoku,w102958835,lines_only,1,2,0,0,0,0,0,0,0,0,0,,,no_observed,0,1,0,0,1,0,2
shikoku_site_659c9438bcb7,長浜宮田変電所,shikoku,w718803385,layout_only,0,0,0,0,0,0,0,0,0,1,0,,,no_observed,0,1,1,0,0,0,0
shikoku_site_66aadc673587,北条変電所_2,shikoku,w704208237,conductors_only,2,1,4,0,1,2,20,0,1,0,0,187/66,,no_observed,12,0,20,2,0,0,0
shikoku_site_66e4e79f0d63,昼間変電所,shikoku,w1023830360,lines_only,2,1,0,1,0,0,0,0,1,0,0,187/66,,no_observed,0,5,28,0,5,0,0
shikoku_site_66e6665cec69,7丁目変電所,shikoku,w1457043740,none,0,0,0,0,0,0,0,0,0,0,0,,,no_observed,0,0,1,0,0,0,0
shikoku_site_678afd76695d,西広島変電所,shikoku,w1229058011,none,1,0,0,0,0,0,0,0,0,0,0,,,no_observed,0,0,9,0,0,0,0
shikoku_site_681cdaab259c,応神変電所,shikoku,w309044211,conductors_only,1,1,0,1,0,0,0,0,0,0,0,,,no_observed,0,14,11,2,7,0,0
shikoku_site_6825d71b2900,別子配電センター,shikoku,w620964349,mapped,2,3,6,0,2,8,18,0,1,2,2,187/110,187/110,same,18,0,24,8,1,0,0
shikoku_site_68f453265aa3,,shikoku,w1525016221,none,0,0,0,0,0,0,0,0,0,0,0,,,no_observed,0,0,0,0,0,0,0
shikoku_site_68ffbf6c1265,神領変電所,shikoku,w722645845,conductors_only,1,1,0,1,0,0,0,0,0,0,0,,,no_observed,0,5,0,1,0,0,0
shikoku_site_6908302f3812,佐川変電所,shikoku,w388825052,lines_only,1,1,0,0,0,0,0,0,0,0,0,,,no_observed,0,1,2,0,1,0,0
shikoku_site_693104672ced,ひうち変電所_2,shikoku,w1037121658,lines_only,1,1,0,0,0,0,0,0,0,0,0,,,no_observed,0,1,8,0,1,0,0
shikoku_site_6a7f3a58aefb,知寄町三丁目変電所,shikoku,w182231516,lines_only,0,0,0,1,0,0,0,0,0,0,0,,,no_observed,0,2,1,0,0,0,0
shikoku_site_6b869f4c1a61,富岡町変電所,shikoku,w1296386122,lines_only,1,1,0,0,0,0,0,0,0,0,0,,,no_observed,0,1,1,0,1,0,0
shikoku_site_6deb9ecefe97,津田変電所,shikoku,w192389235,conductors_only,2,2,0,1,0,0,0,0,1,0,0,66/6,,no_observed,0,5,0,1,0,0,0
shikoku_site_6fdd2ed3b641,田宮変電所,shikoku,w1189843918,conductors_only,1,2,0,0,0,0,0,0,0,0,0,,,no_observed,0,1,2,0,1,0,0
shikoku_site_6ff6e2a7e8ae,友和変電所,shikoku,w132782175,lines_only,1,1,0,0,0,0,0,0,0,0,0,,,no_observed,0,1,0,0,0,0,0
shikoku_site_70f89839ee44,大殿変電所,shikoku,w1037463543,mapped,2,2,2,0,2,4,2,0,1,1,1,187/66,187/66,same,2,0,3,2,0,0,0
shikoku_site_71ac8b90c471,木頭変電所,shikoku,w1037463536,lines_only,2,1,2,0,0,0,2,0,1,0,0,187/66,,no_observed,2,1,0,0,1,0,0
shikoku_site_720b8c757b2f,三木変電所,shikoku,w1235473547,conductors_only,2,3,0,0,0,0,0,0,1,0,0,66/6,,no_observed,0,1,3,2,0,0,0
shikoku_site_72f82d1be807,西条変電所,shikoku,w173327088,mapped,2,4,4,0,2,9,20,0,1,2,2,187/66,187/66,same,14,3,15,3,9,0,2
shikoku_site_74fbc05eea94,因島変電所,shikoku,n3398001502,none,1,0,0,0,0,0,0,0,0,0,0,,,no_observed,0,0,4,0,0,0,0
shikoku_site_752378c37158,三津変電所,shikoku,w1352319030,lines_only,1,1,0,0,0,0,0,0,0,0,0,,,no_observed,0,1,1,0,1,0,0
shikoku_site_75340221a320,菊本町一丁目変電所,shikoku,w173327093,conductors_only,1,1,0,1,0,0,0,0,0,0,0,,,no_observed,0,5,14,1,0,0,0
shikoku_site_7603a47c0a3c,住吉町二丁目変電所,shikoku,w1340042673,lines_only,0,0,0,0,0,0,0,0,0,0,0,,,no_observed,0,1,0,0,0,0,0
shikoku_site_776e0a38cb4b,大柿変電所,shikoku,w1334462850,lines_only,1,1,0,0,0,0,0,0,0,0,0,,,no_observed,0,1,2,0,1,0,0
shikoku_site_77ac848d9db4,広島中央変電所,shikoku,w129765828,none,0,0,0,0,0,0,0,0,0,0,0,,,no_observed,0,0,0,0,0,0,0
shikoku_site_77d3e923d2a3,東広島市変電所,shikoku,w1117362484,lines_only,1,1,0,1,0,0,0,0,0,0,0,,,no_observed,0,4,0,0,1,0,0
shikoku_site_7d900045f515,古市町変電所,shikoku,w1317150730,lines_only,1,1,0,0,0,0,0,0,0,0,0,,,no_observed,0,1,0,0,1,0,2
shikoku_site_7da24bdfa46e,古開作変電所,shikoku,w1395747282,lines_only,1,1,0,0,0,0,0,0,0,0,0,,,no_observed,0,2,2,0,1,0,0
shikoku_site_7dc9fb1ffc51,広江変電所,shikoku,w704208233,mapped,2,2,4,0,2,2,20,0,1,3,3,187/66,187/66,same,12,6,14,8,0,0,0
shikoku_site_7de22e2941ea,黒瀬変電所,shikoku,w317416619,mapped,2,2,4,0,3,5,10,6,1,3,3,220/110,220/110,same,8,1,12,8,1,0,0
shikoku_site_7de8a7aff9c2,池田町ハヤシ変電所,shikoku,w789773371,none,0,0,0,0,0,0,0,0,0,0,0,,,no_observed,0,0,1,0,0,0,0
shikoku_site_7e9010e1aed0,四国電力送配電 松山変電センター,shikoku,w1526305386,none,0,0,0,0,0,0,0,0,0,0,0,,,no_observed,0,0,0,0,0,0,0
shikoku_site_7eea75a5257b,福江町三丁目変電所,shikoku,w102958903,lines_only,1,2,0,1,0,0,0,0,0,0,0,,,no_observed,0,2,0,0,0,2,0
shikoku_site_807ac4b76672,因島変電所,shikoku,w317641611,lines_only,1,1,0,1,0,0,0,0,0,0,0,,,no_observed,0,3,2,0,1,0,0
shikoku_site_80c8fd3921e5,昭和変電所,shikoku,w1150113707,lines_only,0,0,0,1,0,0,0,0,0,0,0,,,no_observed,0,2,0,0,0,0,0
shikoku_site_812826ac1025,吉浦変電所,shikoku,w1334462855,lines_only,1,1,0,0,0,0,0,0,0,0,0,,,no_observed,0,0,3,0,1,0,0
shikoku_site_812d2797e692,阿月変電所,shikoku,w1395747285,none,0,0,0,0,0,0,0,0,0,0,0,,,no_observed,0,0,1,0,0,0,0
shikoku_site_865d89319fc4,徳島市変電所,shikoku,w643136001,lines_only,0,0,0,0,0,0,0,0,0,0,0,,,no_observed,0,1,1,0,0,0,0
shikoku_site_87be80035491,三野町清水変電所,shikoku,w1023830372,conductors_only,1,1,0,1,0,0,0,0,0,0,0,,,no_observed,0,5,0,1,0,0,0
shikoku_site_8837e6a033bf,白石一丁目変電所,shikoku,w708329976,lines_only,1,1,0,1,0,0,0,0,0,0,0,,,no_observed,0,2,0,0,2,0,0
shikoku_site_89e70d86cd18,黒川変電所,shikoku,w1359016724,lines_only,1,1,0,0,0,0,0,0,0,0,0,,,no_observed,0,1,0,0,1,0,0
shikoku_site_8afbb61fb698,鳴門変電所,shikoku,w722498909,mapped,2,2,4,0,2,4,16,0,1,2,2,187/66,187/66,same,14,10,11,8,0,0,0
shikoku_site_905c95faa888,金田町金川変電所,shikoku,w1023900360,conductors_only,1,1,0,1,0,0,0,0,0,0,0,,,no_observed,0,2,4,2,0,0,0
shikoku_site_90b1be1778ad,坂出変電所,shikoku,w102958811,lines_only,2,3,0,1,0,0,0,0,1,0,0,66/6,,no_observed,0,6,6,0,6,0,4
shikoku_site_9118a3fa7bc5,垂水町変電所,shikoku,w1414034157,lines_only,0,0,0,1,0,0,0,0,0,0,0,,,no_observed,0,2,1,0,0,0,0
shikoku_site_9144a74bf494,末広四丁目変電所,shikoku,w338161842,none,0,0,0,0,0,0,0,0,0,0,0,,,no_observed,0,0,0,0,0,0,0
shikoku_site_915455622635,川之江町変電所,shikoku,w1023885461,conductors_only,1,2,0,1,0,0,0,0,0,0,0,,,no_observed,0,8,1,1,1,0,0
shikoku_site_926d9fc7a9cf,磯浦変電所,shikoku,w844286146,lines_only,2,1,6,0,0,0,18,0,1,0,0,187/110,,no_observed,18,3,22,0,3,0,0
shikoku_site_934de705cbdf,長沢変電所,shikoku,w1463453537,none,0,0,0,0,0,0,0,0,0,0,0,,,no_observed,0,0,0,0,0,0,0
shikoku_site_935187ee0418,南小松島町変電所,shikoku,w309044208,lines_only,1,2,0,1,0,0,0,0,0,0,0,,,no_observed,0,2,0,0,2,0,0
shikoku_site_941911455fc7,受電所,shikoku,w446326972,none,0,0,0,0,0,0,0,0,0,0,0,,,no_observed,0,0,3,0,0,0,0
shikoku_site_976267427ab8,中央南変電所,shikoku,w1395747290,none,1,0,0,0,0,0,0,0,0,0,0,,,no_observed,0,0,2,0,0,0,0
shikoku_site_979bbbfab8ab,北松山変電所,shikoku,w620989307,lines_only,2,2,0,2,0,0,0,0,1,0,0,187/66,,no_observed,0,12,20,0,12,0,0
shikoku_site_99527c1aaba2,四国旅客鉄道 多度津変電所,shikoku,w1119180087,lines_only,0,0,0,0,0,0,0,0,0,0,0,,,no_observed,0,1,2,0,0,0,0
shikoku_site_99aeef370a6b,志度変電所,shikoku,w1193391912,conductors_only,1,1,0,1,0,0,0,0,0,0,0,,,no_observed,0,2,3,1,0,0,0
shikoku_site_9a3011750473,兎之山甲変電所,shikoku,w1024863217,lines_only,1,2,0,0,0,0,0,0,0,0,0,,,no_observed,0,1,0,0,1,0,0
shikoku_site_9ac7fe606562,瀬戸田町鹿田原変電所,shikoku,w878620908,lines_only,0,0,0,0,0,0,0,0,0,0,0,,,no_observed,0,1,1,0,0,0,0
shikoku_site_9b46c2181c96,沼田一丁目変電所,shikoku,w860296910,lines_only,1,1,0,0,0,0,0,0,0,0,0,,,no_observed,0,1,5,0,1,0,0
shikoku_site_9b4a10e0d907,綾川町変電所_2,shikoku,w307645906,conductors_only,1,1,0,1,0,0,0,0,0,0,0,,,no_observed,0,5,3,3,0,2,4
shikoku_site_9bd79db5e058,一宮南町一丁目変電所,shikoku,w655574868,layout_only,0,0,0,1,0,0,0,0,0,1,0,,,no_observed,0,3,0,0,0,0,0
shikoku_site_9bee78b8e526,多良変電所,shikoku,w326184186,lines_only,0,0,0,0,0,0,0,0,0,0,0,,,no_observed,0,1,0,0,0,0,0
shikoku_site_9db6d2b12909,大洲変電所,shikoku,w620007466,mapped,2,4,2,0,2,2,12,0,1,2,2,187/66,187/66,same,16,0,22,13,0,0,0
shikoku_site_9fcd4982c71e,広島補助き電区分所,shikoku,w58888980,none,0,0,0,0,0,0,0,0,0,0,0,,,no_observed,0,0,2,0,0,0,0
shikoku_site_a06b97b97954,駅前変電所,shikoku,w1381570768,none,1,0,0,0,0,0,0,0,0,0,0,,,no_observed,0,0,1,0,0,0,0
shikoku_site_a0cadd3c7cd4,南西条変電所,shikoku,w181574384,none,1,0,0,1,0,0,2,0,0,0,0,,,no_observed,4,0,0,0,0,0,0
shikoku_site_a0d954aeef58,西条市変電所,shikoku,w1037121654,lines_only,1,1,0,0,0,0,0,0,0,0,0,,,no_observed,0,1,1,0,1,0,0
shikoku_site_a1a6572ee5b8,栗林変電所,shikoku,w87482913,lines_only,1,2,0,0,0,0,0,0,0,0,0,,,no_observed,0,1,0,0,1,0,2
shikoku_site_a31d6aef431e,四国電力上天神変電所,shikoku,w165642094,lines_only,1,1,0,0,0,0,0,0,0,0,0,,,no_observed,0,0,1,0,0,0,2
shikoku_site_a3b53155b870,志津川南三丁目変電所,shikoku,w171065256,lines_only,1,1,0,0,0,0,0,0,0,0,0,,,no_observed,0,1,0,0,1,0,0
shikoku_site_a3ce2188e51f,上平原変電所,shikoku,w317416610,lines_only,2,2,0,0,0,0,0,0,1,0,0,110/22,,no_observed,0,2,0,0,2,0,0
shikoku_site_a4147bb13f25,鴨島町飯尾変電所,shikoku,w722534636,conductors_only,1,1,0,1,0,0,0,0,0,0,0,,,no_observed,0,14,5,2,4,0,0
shikoku_site_a4a9ee3850ea,三島朝日一丁目変電所,shikoku,w1023885480,conductors_only,1,2,0,1,0,0,0,0,0,0,0,,,no_observed,0,13,7,0,5,0,0
shikoku_site_a6fd0c750395,北川村変電所_2,shikoku,w1037463586,lines_only,1,1,0,0,0,0,0,0,0,0,0,,,no_observed,0,1,0,0,1,0,0
shikoku_site_a9eca6c804e3,新居浜市変電所,shikoku,w620964347,conductors_only,1,1,2,0,1,2,4,0,0,0,0,,,no_observed,4,0,6,3,0,0,0
shikoku_site_aa0c3dac697a,山川町建石変電所,shikoku,w1023830394,conductors_only,1,1,0,1,0,0,0,0,0,0,0,,,no_observed,0,4,6,2,0,0,0
shikoku_site_ac7f675d4d41,中西新開変電所,shikoku,w1037121701,conductors_only,1,1,1,0,1,1,2,0,0,0,0,,,no_observed,2,0,3,2,0,0,0
shikoku_site_adca00f69503,豊浜町姫浜変電所,shikoku,w629156443,lines_only,0,0,0,0,0,0,0,0,0,0,0,,,no_observed,0,1,0,0,0,0,0
shikoku_site_af37dd5cfa3a,讃岐変電所,shikoku,w87538349,mapped,2,4,4,0,4,4,22,0,1,2,2,500/187,500/187,same,18,0,25,6,11,0,0
shikoku_site_b02d49219313,生名変電所,shikoku,w732560794,none,0,0,0,0,0,0,0,0,0,0,0,,,no_observed,0,0,0,0,0,0,0
shikoku_site_b3014177259f,由佐変電所,shikoku,w89689557,conductors_only,1,2,0,0,0,0,0,0,0,0,0,,,no_observed,0,1,1,0,0,0,2
shikoku_site_b379f72d66ce,小高坂変電所,shikoku,w120084880,none,0,0,0,0,0,0,0,0,0,0,0,,,no_observed,0,0,0,0,0,0,0
shikoku_site_b3f603ca141f,須崎変電所,shikoku,w1463703366,none,1,0,0,0,0,0,0,0,0,0,0,,,no_observed,0,0,0,0,0,0,0
shikoku_site_b530891d4b49,押込町変電所,shikoku,w1255064672,none,0,0,0,0,0,0,0,0,0,0,0,,,no_observed,0,0,0,0,0,0,0
shikoku_site_b7ca6725a5d8,妻鳥町変電所,shikoku,w1023885464,conductors_only,1,1,0,1,0,0,0,0,0,0,0,,,no_observed,0,6,20,1,1,0,0
shikoku_site_b89e3f56aa36,出目変電所,shikoku,w1332418047,lines_only,2,1,3,0,0,0,12,0,1,0,0,187/66,,no_observed,8,1,0,0,1,0,0
shikoku_site_b94d4acea656,瀬戸田町沢変電所,shikoku,w877448722,none,0,0,0,0,0,0,0,0,0,0,0,,,no_observed,0,0,3,0,0,0,0
shikoku_site_b9dd76b2bacc,長尾変電所,shikoku,w1235469183,lines_only,2,3,0,0,0,0,0,0,1,0,0,66/6,,no_observed,0,1,3,0,1,0,0
shikoku_site_bc451c801614,本町四丁目変電所,shikoku,w317444450,lines_only,1,1,0,0,0,0,0,0,0,0,0,,,no_observed,0,2,4,0,1,0,0
shikoku_site_bd924448b24e,介良変電所,shikoku,w761918091,layout_only,2,2,0,1,0,0,0,0,1,1,0,66/6,,no_observed,0,2,4,0,2,0,0
shikoku_site_bdd07c4709fc,四国電力送配電 安芸変電所,shikoku,w1252296661,lines_only,0,0,0,0,0,0,0,0,0,0,0,,,no_observed,0,1,0,0,0,0,0
shikoku_site_c29e38411815,春野変電所,shikoku,w307645907,layout_only,0,0,0,0,0,0,0,0,0,1,0,,,no_observed,0,1,0,0,0,0,0
shikoku_site_c2edd2661fa0,JR四国 鬼無変電所,shikoku,w307783575,none,0,0,0,0,0,0,0,0,0,0,0,,,no_observed,0,0,0,0,0,0,0
shikoku_site_c3d900a891db,宇和島市変電所,shikoku,w1089792490,lines_only,1,1,0,0,0,0,0,0,0,0,0,,,no_observed,0,1,3,0,1,0,0
shikoku_site_c860ecea7551,磯浦町変電所_2,shikoku,w620975080,conductors_only,2,1,6,0,0,0,18,0,1,0,0,187/110,,no_observed,18,0,22,2,0,0,0
shikoku_site_c87d496e49db,伯方変電所,shikoku,w714741292,conductors_only,0,0,0,1,0,0,0,0,0,0,0,,,no_observed,0,2,4,0,0,0,0
shikoku_site_c894a6907c1e,片山四丁目変電所,shikoku,w704209678,lines_only,1,1,0,1,0,0,0,0,0,0,0,,,no_observed,0,3,0,0,3,0,0
shikoku_site_c96a417a5f3b,御荘平城変電所,shikoku,w1316347008,lines_only,1,1,0,0,0,0,0,0,0,0,0,,,no_observed,0,1,0,0,1,0,0
shikoku_site_c9f510695561,徳島市変電所_2,shikoku,w1023600799,lines_only,1,1,0,0,0,0,0,0,0,0,0,,,no_observed,0,1,0,0,1,0,2
shikoku_site_cae5eb43c140,亀田変電所,shikoku,w1149432973,conductors_only,2,2,0,1,0,0,0,0,1,0,0,66/6,,no_observed,0,9,0,3,0,0,0
shikoku_site_ccf30f13807b,4丁目変電所_2,shikoku,w1115857121,none,0,0,0,0,0,0,0,0,0,0,0,,,no_observed,0,0,1,0,0,0,0
shikoku_site_cf1d90d00200,廿日市変電所,shikoku,w122679036,lines_only,1,2,0,1,0,0,0,0,0,0,0,,,no_observed,0,3,0,0,3,0,0
shikoku_site_d1d5cfd316b3,池田町ハヤシ変電所,shikoku,w789773372,none,0,0,0,0,0,0,0,0,0,0,0,,,no_observed,0,0,1,0,0,0,0
shikoku_site_d1fd50e2c681,仁保四丁目変電所,shikoku,w1431455165,none,0,0,0,0,0,0,0,0,0,0,0,,,no_observed,0,0,4,0,0,0,0
shikoku_site_d24989fd75c6,広町変電所,shikoku,w1457038054,none,0,0,0,0,0,0,0,0,0,0,0,,,no_observed,0,0,1,0,0,0,0
shikoku_site_d2d87f6b52a5,松帆西路変電所,shikoku,w724287148,conductors_only,2,2,0,1,0,0,0,0,1,0,0,187/77,,no_observed,0,3,3,1,1,0,0
shikoku_site_d509c02df726,中田井町変電所,shikoku,w654880145,lines_only,0,0,0,1,0,0,0,0,0,0,0,,,no_observed,0,2,1,0,0,0,0
shikoku_site_d57647ac936d,宇多津変電所,shikoku,w102958810,lines_only,1,1,0,0,0,0,0,0,0,0,0,,,no_observed,0,1,1,0,1,0,0
shikoku_site_d5a46d41de9c,阿波町善地変電所,shikoku,w1023830403,conductors_only,1,1,0,1,0,0,0,0,0,0,0,,,no_observed,0,5,0,1,0,0,0
shikoku_site_d5fd540f6550,綾川町変電所,shikoku,w223194638,conductors_only,1,1,0,1,0,0,0,0,0,0,0,,,no_observed,0,5,1,2,0,0,0
shikoku_site_d66760a24020,公園通変電所,shikoku,w1334453965,lines_only,1,2,0,0,0,0,0,0,0,0,0,,,no_observed,0,1,0,0,1,0,0
shikoku_site_d7c960327c68,平田町東平二丁目変電所,shikoku,w848283869,lines_only,1,1,0,0,0,0,0,0,0,0,0,,,no_observed,0,1,1,0,1,0,0
shikoku_site_d8084721aac7,高松変電所,shikoku,w87491658,mapped,2,2,3,0,2,3,14,0,1,3,3,187/66,187/66,same,12,0,5,12,0,0,0
shikoku_site_dad819a12988,美馬市変電所,shikoku,w1023830393,conductors_only,1,1,0,1,0,0,0,0,0,0,0,,,no_observed,0,4,0,2,0,0,0
shikoku_site_dbc1de2f2c28,塩屋変電所,shikoku,w1113380665,lines_only,0,0,0,0,0,0,0,0,0,0,0,,,no_observed,0,1,1,0,0,0,0
shikoku_site_dd30effa132d,宮島変電所,shikoku,w120783492,none,0,0,0,0,0,0,0,0,0,0,0,,,no_observed,0,0,0,0,0,0,0
shikoku_site_de86c94c483e,JR伊予三島変電所,shikoku,w415758654,none,0,0,0,0,0,0,0,0,0,0,0,,,no_observed,0,0,0,0,0,0,0
shikoku_site_df95f988509e,富士見変電所,shikoku,w102958804,lines_only,1,1,0,0,0,0,0,0,0,0,0,,,no_observed,0,1,0,0,1,0,0
shikoku_site_e02a4535eb75,四国電力　新宮変電所,shikoku,w789737085,lines_only,1,1,0,0,0,0,0,0,0,0,0,,,no_observed,0,1,0,0,1,0,0
shikoku_site_e0f1ec997e70,豊中町本山甲変電所,shikoku,w653975398,lines_only,0,0,0,0,0,0,0,0,0,0,0,,,no_observed,0,1,1,0,0,0,0
shikoku_site_e2e9043e8efc,卯之町変電所,shikoku,w1420078857,none,0,0,0,0,0,0,0,0,0,0,0,,,no_observed,0,0,0,0,0,0,0
shikoku_site_e3871c854455,郷五丁目変電所,shikoku,w844286148,lines_only,1,1,0,0,0,0,0,0,0,0,0,,,no_observed,0,1,0,0,1,0,0
shikoku_site_e3b4b62f1b60,川内発電所,shikoku,w172907196,conductors_only,2,3,2,1,1,2,9,0,1,0,0,500/187,,no_observed,12,0,21,6,6,0,0
shikoku_site_e520abc25c9d,由宇町南沖三丁目変電所,shikoku,w1395265666,none,0,0,0,0,0,0,0,0,0,0,0,,,no_observed,0,0,1,0,0,0,0
shikoku_site_e52157f7b6b2,大字二タ又変電所,shikoku,w1037463584,lines_only,1,1,0,1,0,0,0,0,0,0,0,,,no_observed,0,2,0,0,2,0,0
shikoku_site_e55f3cd91298,三好市変電所,shikoku,w1023830294,conductors_only,1,1,0,1,0,0,0,0,0,0,0,,,no_observed,0,9,6,1,4,0,0
shikoku_site_e580d476cae1,大津変電所,shikoku,w1189796985,lines_only,1,1,0,0,0,0,0,0,0,0,0,,,no_observed,0,1,4,0,1,0,0
shikoku_site_e584428285a4,五日市六丁目変電所,shikoku,w1460422670,lines_only,0,0,0,0,0,0,0,0,0,0,0,,,no_observed,0,1,10,0,0,0,0
shikoku_site_e5e17c0c180c,寒川町変電所,shikoku,w1023900366,conductors_only,1,1,0,1,0,0,0,0,0,0,0,,,no_observed,0,5,0,1,0,0,0
shikoku_site_e69076027fb2,撫養変電所,shikoku,w844748226,lines_only,2,3,0,1,0,0,0,0,1,0,0,66/6,,no_observed,0,2,5,0,2,0,0
shikoku_site_e7b2ce88cf36,四国電力 天山変電所,shikoku,w171063438,lines_only,1,1,0,0,0,0,0,0,0,0,0,,,no_observed,0,1,2,0,1,0,0
shikoku_site_e7e2e21fa798,大崎上島町変電所,shikoku,w317416609,lines_only,1,1,0,1,0,0,0,0,0,0,0,,,no_observed,0,2,3,0,2,0,0
shikoku_site_e8395435a8dc,向島変電所,shikoku,w1336353619,lines_only,2,2,0,0,0,0,0,0,1,0,0,110/22,,no_observed,0,2,3,0,1,0,0
shikoku_site_e8411d2bd7c3,本川変電所,shikoku,w1037463614,lines_only,1,1,0,1,0,0,0,0,0,0,0,,,no_observed,0,4,5,0,4,0,0
shikoku_site_ea26344c8a78,坂変電所,shikoku,w1334453967,none,1,0,0,0,0,0,0,0,0,0,0,,,no_observed,0,0,4,0,0,0,0
shikoku_site_eb8bbf3920f8,物部町押谷変電所,shikoku,w1024863226,lines_only,1,2,0,0,0,0,0,0,0,0,0,,,no_observed,0,1,0,0,1,0,0
shikoku_site_ec356ede060f,切越変電所,shikoku,w1023830376,lines_only,1,1,0,0,0,0,0,0,0,0,0,,,no_observed,0,1,2,0,1,0,0
shikoku_site_ec52983aa5eb,鉢変電所,shikoku,w1472848090,lines_only,0,0,0,0,0,0,0,0,0,0,0,,,no_observed,0,1,2,0,0,0,0
shikoku_site_ec54f08bc19e,山手町二丁目変電所,shikoku,w641622940,lines_only,1,1,0,0,0,0,0,0,0,0,0,,,no_observed,0,1,0,0,0,0,0
shikoku_site_ed1146412d6c,三瓶町朝立変電所,shikoku,w1089792005,lines_only,1,1,0,0,0,0,0,0,0,0,0,,,no_observed,0,1,0,0,1,0,0
shikoku_site_f139ac485cca,大野変電所,shikoku,w121195213,layout_only,1,2,0,1,0,0,0,0,0,2,0,,,no_observed,0,2,5,0,2,0,4
shikoku_site_f313c0d47b41,美和町西畑変電所,shikoku,w319463507,none,1,0,0,0,0,0,0,0,0,0,0,,,no_observed,0,0,2,0,0,0,0
shikoku_site_f3bab2195e9f,宮原変電所,shikoku,w318404596,lines_only,2,1,0,0,0,0,0,0,1,0,0,110/66,,no_observed,0,0,7,0,0,2,0
shikoku_site_f4e409b0fb5f,吉野下変電所,shikoku,w1414182163,lines_only,1,0,0,1,0,0,0,0,0,0,0,,,no_observed,0,3,4,0,0,0,0
shikoku_site_f56dde64fae4,中須賀町二丁目変電所,shikoku,w1024863257,lines_only,1,1,0,1,0,0,0,0,0,0,0,,,no_observed,0,2,4,0,2,0,0
shikoku_site_f5b833b7066f,立田変電所,shikoku,w316459352,lines_only,0,0,0,0,0,0,0,0,0,0,0,,,no_observed,0,1,0,0,0,0,0
shikoku_site_f65c2eea63ad,柳井市変電所,shikoku,w1395747284,none,0,0,0,0,0,0,0,0,0,0,0,,,no_observed,0,0,1,0,0,0,0
shikoku_site_f66a7b5911d6,東予変電所,shikoku,w171066843,mapped,2,3,4,0,2,4,10,0,1,1,1,500/187,500/187,same,8,0,8,6,1,0,0
shikoku_site_f6ba7f9cedfa,西広島変電所,shikoku,w109350267,conductors_only,1,2,0,1,0,0,0,0,0,0,0,,,no_observed,0,4,6,0,2,0,0
shikoku_site_f6fdf4423274,阿南周波数変換所,shikoku,w722673849,layout_only,1,2,0,1,0,0,0,0,0,1,0,,,no_observed,0,5,6,0,4,0,0
shikoku_site_f99230567689,貞光江ノ脇変電所,shikoku,w1023830379,conductors_only,1,1,0,1,0,0,0,0,0,0,0,,,no_observed,0,7,6,1,4,0,0
shikoku_site_fa2f63adf5cb,斉田変電所,shikoku,w844748227,conductors_only,2,3,0,1,0,0,0,0,1,0,0,66/6,,no_observed,0,7,3,1,1,0,0
shikoku_site_fcabb4deac16,大柿町大君変電所,shikoku,w318404646,lines_only,1,1,0,0,0,0,0,0,0,0,0,,,no_observed,0,1,3,0,1,0,0
shikoku_site_ffb5a472fdcf,桑野変電所,shikoku,w467545587,lines_only,1,1,0,0,0,0,0,0,0,0,0,,,no_observed,0,2,0,0,1,0,0
tohoku_site_001ee9b7036e,木崎変電所,tohoku,w558171404,mapped,1,1,0,1,0,0,2,0,0,1,1,,,no_observed,4,3,3,1,0,0,0
tohoku_site_004e7d3bb39e,飯土井変電所,tohoku,w311107018,none,1,0,0,0,0,0,0,0,0,0,0,,,no_observed,0,0,4,0,0,0,0
tohoku_site_010fe85ddbb3,太田変電所,tohoku,w610268531,lines_only,1,1,0,0,0,0,0,0,0,0,0,,,no_observed,0,1,0,0,1,0,0
tohoku_site_011172ebbd48,高瀬変電所,tohoku,w828488537,lines_only,1,1,0,0,0,0,0,0,0,0,0,,,no_observed,0,1,0,0,1,0,0
tohoku_site_014857090e73,北町二丁目変電所,tohoku,w769047863,lines_only,1,1,0,1,0,0,0,0,0,0,0,,,no_observed,0,4,12,0,4,0,0
tohoku_site_017b588072e2,船越変電所 (Funakoshi),tohoku,w322132771,conductors_only,1,1,0,1,0,0,2,0,0,0,0,,,no_observed,3,0,1,1,0,0,0
tohoku_site_01b0b36bf8d4,方京三丁目変電所,tohoku,w682558627,none,1,0,0,0,0,0,0,0,0,0,0,,,no_observed,0,0,1,0,0,0,0
tohoku_site_01b3d37088a4,弘前変電所,tohoku,w323148584,partial,1,2,2,0,1,2,9,0,0,3,3,,66/6,contradicts,9,0,13,9,0,0,0
tohoku_site_01ea5eda47d7,久慈市変電所_2,tohoku,w800601230,lines_only,1,1,0,0,0,0,0,0,0,0,0,,,no_observed,0,1,0,0,1,0,0
tohoku_site_01eae1dbb15a,青い森鉄道 剣吉変電所,tohoku,w566599295,conductors_only,2,2,0,0,0,0,2,0,1,0,0,66/20,,no_observed,0,1,2,0,1,0,0
tohoku_site_0299927e54a1,大崎市変電所_2,tohoku,w833554523,lines_only,1,1,0,1,0,0,0,0,0,0,0,,,no_observed,0,2,3,0,2,0,0
tohoku_site_02bad031abad,鈴久名発電所,tohoku,w724886528,lines_only,2,1,0,0,0,0,0,0,1,0,0,66/33,,no_observed,0,1,1,0,1,0,0
tohoku_site_02d67f9e7531,田代変電所,tohoku,w560012663,none,1,0,0,1,0,0,2,0,0,0,0,,,no_observed,2,0,1,0,0,0,0
tohoku_site_03141b0e2694,渋川変電所,tohoku,w360613849,none,1,0,0,0,0,0,0,0,0,0,0,,,no_observed,0,0,1,0,0,0,0
tohoku_site_031458303854,白河市変電所,tohoku,w834661219,lines_only,1,1,0,1,0,0,0,0,0,0,0,,,no_observed,0,4,6,0,4,0,0
tohoku_site_037bfcbfdc74,平五丁目変電所,tohoku,w199655558,conductors_only,0,1,0,0,0,0,1,0,0,0,0,,,no_observed,1,0,0,1,0,0,0
tohoku_site_0389a366b264,仙北市変電所,tohoku,w302276670,lines_only,1,1,0,0,0,0,0,0,0,0,0,,,no_observed,0,1,2,0,1,0,0
tohoku_site_046bdf74c91b,佐々木変電所_2,tohoku,w319313780,layout_only,1,1,0,1,0,0,3,6,0,0,0,,,no_observed,3,0,0,0,0,0,0
tohoku_site_046c0fccd421,東宮古変電所,tohoku,w722101726,partial,2,2,1,0,1,2,3,0,1,2,2,66/6,66/6,same,2,0,3,1,0,0,0
tohoku_site_046eee815813,長沼変電所,tohoku,w588138676,conductors_only,1,1,0,1,0,0,0,0,0,0,0,,,no_observed,0,2,3,1,0,0,0
tohoku_site_04b618bbf06b,米村道北変電所,tohoku,w834661248,lines_only,1,1,0,1,0,0,0,0,0,0,0,,,no_observed,0,7,8,0,6,0,0
tohoku_site_04fd13c6fac3,千厩変電所,tohoku,w783922639,conductors_only,2,2,0,1,0,0,2,0,1,0,0,66/6,,no_observed,2,0,2,1,0,0,0
tohoku_site_051296591b17,字下野目雷北変電所,tohoku,w833554584,partial,1,2,0,1,0,0,1,0,0,1,1,,66/6,contradicts,2,0,3,1,0,0,0
tohoku_site_0597a9a28c32,いわき市変電所_2,tohoku,w672889106,lines_only,1,1,0,0,0,0,0,0,0,0,0,,,no_observed,0,1,2,0,1,0,0
tohoku_site_05bd7c0d0fbb,駒ヶ嶺変電所,tohoku,w104978954,partial,3,3,1,1,1,7,1,0,2,4,4,154/66;66/6,154/66;66/6,same,2,5,3,1,2,0,0
tohoku_site_05cf2454cfc6,若木一条通り変電所,tohoku,w1026070154,lines_only,1,1,1,0,0,0,4,0,0,0,0,,,no_observed,4,1,9,0,1,0,0
tohoku_site_05d70ac35e5c,字一ツ谷変電所,tohoku,w1025414729,lines_only,1,1,1,0,0,0,2,0,0,0,0,,,no_observed,3,2,8,0,0,2,2
tohoku_site_06591731bdc1,鎌田変電所,tohoku,w1027413625,layout_only,2,2,0,0,0,0,0,0,1,2,2,66/6,66/6,same,0,1,0,0,1,0,0
tohoku_site_065a408b037e,泉崎村変電所,tohoku,w834661264,conductors_only,2,2,0,2,0,0,0,0,1,0,0,154/66,,no_observed,0,15,9,1,6,0,0
tohoku_site_072b7723a243,ときめき東一丁目変電所,tohoku,w170197084,conductors_only,1,1,0,1,0,0,0,0,0,0,0,,,no_observed,0,4,0,2,0,0,0
tohoku_site_0761e7352867,関川村変電所,tohoku,w1019876403,lines_only,1,1,0,0,0,0,0,0,0,0,0,,,no_observed,0,1,0,0,1,0,0
tohoku_site_07640aa11b73,宮野目変電所,tohoku,w608272662,none,1,0,0,1,0,0,2,0,0,0,0,,,no_observed,2,0,0,0,0,0,0
tohoku_site_07fcce82701f,石江変電所,tohoku,w1100756939,none,3,0,2,0,0,0,7,0,2,0,0,66/25;25/20,,no_observed,4,0,1,0,0,0,0
tohoku_site_0831f78fe975,八幡原変電所,tohoku,w343505370,partial,1,2,1,0,1,11,0,0,0,3,3,,66/6,contradicts,5,0,10,2,0,0,0
tohoku_site_08879e2c33c5,登米市変電所,tohoku,w644238582,lines_only,1,1,0,0,0,0,0,0,0,0,0,,,no_observed,0,1,0,0,1,0,0
tohoku_site_088da9a0ecb7,中仙台変電所,tohoku,n8272640428,none,2,0,0,0,0,0,0,0,1,0,0,66/6,,no_observed,0,0,0,0,0,0,0
tohoku_site_08bb44dfd661,覚路津変電所,tohoku,w170016152,lines_only,1,1,0,0,0,0,0,0,0,0,0,,,no_observed,0,1,0,0,1,0,0
tohoku_site_08da478b571d,若葉町変電所,tohoku,w641333369,mapped,2,2,1,0,1,1,7,2,1,0,0,154/66,,no_observed,7,0,11,6,0,0,0
tohoku_site_0968f9c5a615,刈和野変電所,tohoku,w785523028,none,1,0,0,0,0,0,1,0,0,0,0,,,no_observed,1,0,0,0,0,0,0
tohoku_site_09dbe5bb6500,境変電所,tohoku,w782060624,none,2,0,0,1,0,0,1,0,1,0,0,66/6,,no_observed,2,0,1,0,0,0,0
tohoku_site_09ff96a76eb2,福島市変電所_2,tohoku,w1027413670,conductors_only,1,1,0,1,0,0,0,0,0,0,0,,,no_observed,0,8,12,2,4,0,0
tohoku_site_0a11b5c681e2,松森一丁目変電所,tohoku,w802089584,lines_only,1,1,0,1,0,0,0,0,0,0,0,,,no_observed,0,2,1,0,0,2,0
tohoku_site_0a18e830bd1a,鶴岡変電所,tohoku,w326125863,partial,1,2,1,0,1,1,5,0,0,3,3,,66/6,contradicts,5,0,7,2,0,0,0
tohoku_site_0ad9021d20a2,,tohoku,w1494518727,none,1,0,1,0,0,0,3,0,0,0,0,,,no_observed,3,0,1,0,0,0,0
tohoku_site_0b976dc5f394,北台変電所_2,tohoku,w1027236972,mapped,2,1,0,1,0,0,1,0,1,2,2,275/66,,no_observed,1,1,13,1,1,0,0
tohoku_site_0c973abf6f49,小又川変電所,tohoku,w721051611,partial,3,3,1,0,1,1,4,0,2,2,2,66/33;33/6,66/33;66/6,contradicts,3,0,6,3,0,0,0
tohoku_site_0cabd135b50b,岩手中里変電所,tohoku,w724921252,none,1,0,0,0,0,0,0,0,0,0,0,,,no_observed,0,0,1,0,0,0,0
tohoku_site_0d21c9204d5e,南方町沢田前変電所,tohoku,w1266200758,none,0,0,0,0,0,0,0,0,0,0,0,,,no_observed,0,0,0,0,0,0,0
tohoku_site_0da17ea5b40c,近川変電所,tohoku,w715632869,lines_only,1,1,0,1,0,0,0,0,0,0,0,,,no_observed,0,2,0,0,2,0,0
tohoku_site_0dafa1ab80cd,羽後増田変電所,tohoku,w787665638,none,1,0,0,0,0,0,0,0,0,0,0,,,no_observed,0,0,1,0,0,0,0
tohoku_site_0eb555789b75,神町変電所,tohoku,w343505356,partial,1,2,0,1,0,0,1,0,0,3,3,,66/6,contradicts,3,0,3,3,0,0,0
tohoku_site_0ecbe4e027b0,石巻市変電所_2,tohoku,w610563090,lines_only,1,1,0,0,0,0,0,0,0,0,0,,,no_observed,0,1,0,0,1,0,0
tohoku_site_0ef38ddc646f,横手変電所,tohoku,w323343999,conductors_only,2,2,0,0,0,0,1,0,1,0,0,66/6,,no_observed,1,0,3,1,0,0,0
tohoku_site_0f6b4712443e,南いわき開閉所,tohoku,w253566674,mapped,1,1,0,1,0,0,1,8,0,0,0,,,no_observed,6,0,11,6,0,0,0
tohoku_site_0f91e96b0ae9,大蔵村変電所,tohoku,w1025993526,lines_only,1,1,0,0,0,0,0,0,0,0,0,,,no_observed,0,1,0,0,1,0,0
tohoku_site_0f9db21d5abf,下米内変電所,tohoku,w795857968,conductors_only,2,2,0,1,0,0,2,0,1,0,0,66/6,,no_observed,2,0,0,1,0,0,0
tohoku_site_0fc473eddde0,高松四丁目変電所,tohoku,w323474244,lines_only,1,1,0,0,0,0,0,0,0,0,0,,,no_observed,0,1,0,0,1,0,0
tohoku_site_0fcbbeb83c66,富士見町変電所,tohoku,w175950388,none,0,0,0,0,0,0,0,0,0,0,0,,,no_observed,0,0,0,0,0,0,0
tohoku_site_0fd4a2c9ac55,前明石変電所,tohoku,w768994506,lines_only,1,1,0,0,0,0,0,0,0,0,0,,,no_observed,0,1,1,0,1,0,0
tohoku_site_10617736ff4d,好間変電所,tohoku,w642186663,partial,2,3,1,0,1,1,4,0,1,4,4,66/33,66/33;66/6,contradicts,4,1,10,2,0,0,0
tohoku_site_10fe9bfc3f40,軽米変電所,tohoku,w715375627,none,1,0,0,0,0,0,1,0,0,0,0,,,no_observed,1,0,5,0,0,0,0
tohoku_site_1107a6bee91a,三神峯一丁目変電所,tohoku,w816157631,mapped,1,1,0,0,0,0,1,0,0,1,1,,,no_observed,1,0,1,1,0,0,0
tohoku_site_11a98b6a0ddb,大内三川変電所,tohoku,w770392621,lines_only,0,0,0,0,0,0,0,0,0,0,0,,,no_observed,0,1,0,0,0,0,0
tohoku_site_12672e7b603d,飯豊町変電所,tohoku,w1026396845,partial,1,2,1,0,1,1,2,0,0,2,2,,66/6,contradicts,2,3,0,1,0,0,0
tohoku_site_12d2975f5b20,深沢変電所_2,tohoku,w781539092,none,1,0,0,0,0,0,1,0,0,0,0,,,no_observed,1,0,0,0,0,0,0
tohoku_site_131cf91fad11,花泉変電所,tohoku,w785286727,none,2,0,0,0,0,0,1,0,1,0,0,66/6,,no_observed,1,0,0,0,0,0,0
tohoku_site_13aa6a59e2e3,東港変電所,tohoku,w113545940,partial,1,3,1,0,1,1,2,0,0,3,3,,66/6,contradicts,2,0,4,2,0,0,2
tohoku_site_140510a7e9e8,柴田町変電所,tohoku,w308278859,partial,2,2,1,1,1,2,2,0,1,1,0,154/66,,no_observed,2,8,14,0,8,0,0
tohoku_site_146b6b653aaa,あけの平二丁目変電所,tohoku,w1249823017,lines_only,1,1,0,0,0,0,0,0,0,0,0,,,no_observed,0,2,1,0,1,0,0
tohoku_site_14ad18eeb935,喜久田変電所,tohoku,w435758415,conductors_only,1,1,0,1,0,0,0,0,0,0,0,,,no_observed,0,8,14,3,0,0,0
tohoku_site_15c116da7f03,白石市変電所_4,tohoku,w1035563643,lines_only,1,1,0,0,0,0,0,0,0,0,0,,,no_observed,0,1,1,0,1,0,0
tohoku_site_164fda006b6f,新二戸き電区分所,tohoku,w800596029,conductors_only,1,1,0,0,0,0,0,0,0,0,0,,,no_observed,0,0,0,0,0,0,0
tohoku_site_16d88d42e283,南陽市変電所,tohoku,w293707207,none,0,0,0,0,0,0,0,0,0,0,0,,,no_observed,0,0,0,0,0,0,0
tohoku_site_174f3fc41ed3,酒田市変電所_2,tohoku,w830289253,partial,1,2,1,0,1,1,2,0,0,2,2,,66/6,contradicts,2,3,0,1,0,0,0
tohoku_site_1761b2214393,夜の森南一丁目変電所,tohoku,w745229824,none,1,0,1,0,0,0,4,0,0,0,0,,,no_observed,4,0,0,0,0,0,0
tohoku_site_17a6ffd1fcc3,水沢変電所,tohoku,w316566588,mapped,3,2,2,1,1,4,13,0,2,2,2,275/154;154/25,275/154,partial,10,0,6,8,0,0,0
tohoku_site_17d9856c50a6,土崎港東四丁目変電所,tohoku,w840536345,lines_only,1,0,0,0,0,0,1,0,0,0,0,,,no_observed,1,1,1,0,0,0,0
tohoku_site_17f8e14eb23c,酒田変電所,tohoku,w326125842,partial,2,2,1,1,1,7,3,0,1,3,3,154/66,154/66,same,5,7,15,4,0,3,0
tohoku_site_17fd533e5f7e,谷地変電所,tohoku,w325054635,partial,2,2,1,0,1,1,2,0,1,2,2,66/6,66/6,same,2,0,3,1,0,0,0
tohoku_site_188299803b14,六ヶ所村変電所_2,tohoku,w797759466,conductors_only,1,1,0,0,0,0,1,0,0,0,0,,,no_observed,1,0,0,1,0,0,0
tohoku_site_18a50768448a,IGRいわて銀河鉄道 一戸変電所,tohoku,w782006159,partial,2,2,0,0,0,0,2,0,1,1,1,66/20,66/20,same,1,0,1,1,0,0,0
tohoku_site_1908d06e6144,弘南鉄道 平賀変電所,tohoku,w1025737392,conductors_only,2,2,0,1,0,0,0,0,1,0,0,33/1,,no_observed,0,2,0,2,0,0,0
tohoku_site_1909b6d4cc37,青葉区変電所_2,tohoku,w1249408473,lines_only,0,0,0,0,0,0,0,0,0,0,0,,,no_observed,0,1,1,0,0,0,0
tohoku_site_195a26d47286,小高変電所,tohoku,w104164016,partial,2,2,1,0,1,3,0,0,1,2,2,66/6,66/6,same,2,0,3,2,0,0,0
tohoku_site_197848350979,黒磯変電所,tohoku,w991678135,conductors_only,1,1,0,1,0,0,0,0,0,0,0,,,no_observed,0,2,4,1,0,0,0
tohoku_site_198c896dcbb0,陣ケ峰変電所,tohoku,w319300954,lines_only,0,1,0,0,0,0,0,0,0,0,0,,,no_observed,0,0,0,0,0,0,2
tohoku_site_19c3a6d07686,豊地変電所,tohoku,w834618059,partial,2,2,0,2,0,0,1,0,1,2,2,154/66,154/66,same,2,4,8,3,0,0,0
tohoku_site_1a1b334560bf,中田山崎変電所,tohoku,w1019876397,lines_only,1,1,0,0,0,0,0,0,0,0,0,,,no_observed,0,1,4,0,1,0,2
tohoku_site_1a531a67a712,山形変電所,tohoku,w317389572,partial,2,2,1,1,1,7,3,0,1,3,3,154/66,154/66,same,4,21,23,6,6,0,0
tohoku_site_1b7d65cd3830,こあら三丁目変電所,tohoku,w830289293,lines_only,1,1,0,1,0,0,0,0,0,0,0,,,no_observed,0,2,0,0,2,0,0
tohoku_site_1b93a8c3e2c2,JR東日本 盛岡変電所,tohoku,w785293519,conductors_only,2,2,0,0,0,0,1,0,1,0,0,154/66,,no_observed,1,0,0,0,1,0,0
tohoku_site_1bab632f39d7,,tohoku,w1493774275,lines_only,0,0,0,0,0,0,0,0,0,0,0,,,no_observed,0,1,0,0,0,0,0
tohoku_site_1be6ac8bf60e,土樋変電所,tohoku,w368942390,partial,2,2,1,0,1,1,2,0,1,2,2,66/6,66/6,same,0,0,0,0,0,0,0
tohoku_site_1c01b5fba77c,大館市変電所_2,tohoku,w795884884,none,1,0,0,0,0,0,1,0,0,0,0,,,no_observed,1,0,0,0,0,0,0
tohoku_site_1c1b5fa0f55d,北町三丁目変電所,tohoku,w1026086973,lines_only,1,1,0,1,0,0,0,0,0,0,0,,,no_observed,0,2,0,0,0,2,4
tohoku_site_1cbcc8986a13,北上変電所,tohoku,w721952037,partial,2,2,0,2,0,0,6,0,1,3,0,154/66,,no_observed,6,0,3,1,0,0,0
tohoku_site_1ccc014a1035,江陽二丁目変電所,tohoku,w554014727,none,1,0,0,1,0,0,4,0,0,0,0,,,no_observed,5,0,2,0,0,0,0
tohoku_site_1cce2576befa,鶴岡市変電所,tohoku,w830255486,lines_only,1,1,0,0,0,0,0,0,0,0,0,,,no_observed,0,1,2,0,1,0,0
tohoku_site_1d39be5433d1,南仙台変電所,tohoku,w104055891,partial,2,2,2,1,1,5,13,2,1,3,3,154/66,154/66,same,10,13,22,5,3,0,4
tohoku_site_1d9dcb67361c,四倉変電所,tohoku,w1017148246,partial,2,2,1,0,1,1,2,0,1,2,2,66/6,66/6,same,2,0,3,2,0,0,0
tohoku_site_1dd60a082273,深浦町変電所,tohoku,w721144753,lines_only,1,1,0,1,0,0,0,0,0,0,0,,,no_observed,0,3,0,0,3,0,0
tohoku_site_1e0fdabe0c2d,御成町変電所,tohoku,w1409853038,none,0,0,0,0,0,0,0,0,0,0,0,,,no_observed,0,0,0,0,0,0,0
tohoku_site_1e60f80ed4da,丸森変電所,tohoku,w318286887,lines_only,1,1,0,0,0,0,0,0,0,0,0,,,no_observed,0,1,0,0,1,0,0
tohoku_site_1ed89f0129ae,大字川沼変電所,tohoku,w404965843,none,0,0,0,0,0,0,0,0,0,0,0,,,no_observed,0,0,0,0,0,0,0
tohoku_site_1f695ac98a2c,荒川変電所,tohoku,w781539074,none,1,0,0,0,0,0,1,0,0,0,0,,,no_observed,1,0,1,0,0,0,0
tohoku_site_1f884ae125e0,大字東根乙変電所_2,tohoku,w1026070152,lines_only,1,1,0,0,0,0,0,0,0,0,0,,,no_observed,0,1,1,0,1,0,0
tohoku_site_1fa0328b2086,盛岡変電所,tohoku,w316844582,conductors_only,2,2,2,0,2,4,9,0,1,0,0,154/66,,no_observed,11,0,6,7,0,0,0
tohoku_site_1fc22b4b4ea0,黒岩変電所,tohoku,w325971006,mapped,2,2,3,0,2,2,7,0,1,2,2,154/66,154/66,same,10,3,13,3,0,0,0
tohoku_site_207234050553,名取開閉所,tohoku,w891443275,mapped,3,1,0,2,0,0,5,4,2,0,0,275/154;154/66,,no_observed,8,0,6,4,0,0,0
tohoku_site_207b9ea82997,釜石変電所,tohoku,w317063137,conductors_only,2,2,0,1,0,0,3,0,1,0,0,66/6,,no_observed,3,0,0,1,0,0,0
tohoku_site_20f69fd5d693,上郡変電所,tohoku,w725287541,conductors_only,0,0,0,0,0,0,0,0,0,0,0,,,no_observed,0,1,3,0,0,0,0
tohoku_site_227b8b296a21,福島変電所,tohoku,w316552306,partial,1,1,1,0,1,1,2,0,0,1,0,,,no_observed,2,0,4,2,0,0,0
tohoku_site_22f938c26c10,JR東日本 新市川補助き電区分所,tohoku,w777713624,conductors_only,2,1,0,0,0,0,8,0,1,0,0,25/20,,no_observed,0,0,0,0,0,0,0
tohoku_site_23801484f8b3,毛馬内変電所,tohoku,w323305010,conductors_only,3,3,0,1,0,0,2,0,2,0,0,66/33;33/6,,no_observed,2,0,3,2,0,0,0
tohoku_site_23a223d8dc7d,北上市変電所,tohoku,w722192408,none,1,0,0,0,0,0,1,0,0,0,0,,,no_observed,1,0,1,0,0,0,0
tohoku_site_23deec8b046f,川尻若葉町変電所_2,tohoku,w795596424,conductors_only,0,0,0,1,0,0,0,0,0,0,0,,,no_observed,0,5,0,0,0,0,0
tohoku_site_2445feab7400,羽川変電所,tohoku,w782083323,conductors_only,1,1,0,0,0,0,1,0,0,0,0,,,no_observed,1,0,0,1,0,0,0
tohoku_site_24543de12988,由利変電所,tohoku,w325033895,mapped,2,2,4,0,2,4,10,0,1,2,2,154/66,154/66,same,6,0,15,4,0,0,0
tohoku_site_24725824b381,六戸変電所,tohoku,w321876731,partial,3,3,3,0,2,3,13,0,2,3,3,154/66;66/6,154/66;66/6,same,8,0,11,5,0,0,0
tohoku_site_2482c5023235,階上変電所,tohoku,w321876772,partial,2,2,1,0,1,1,2,0,1,2,2,66/6,66/6,same,2,0,2,2,0,0,0
tohoku_site_24f50a3ac1ab,矢祭変電所,tohoku,w851945713,none,0,0,0,0,0,0,0,0,0,0,0,,,no_observed,0,1,0,0,0,0,0
tohoku_site_263cace72db3,小川町塩田変電所,tohoku,w1017148248,mapped,1,1,0,1,0,0,0,0,0,1,1,,,no_observed,0,2,3,0,2,0,0
tohoku_site_267249ca4712,新発田変電所,tohoku,w319313790,lines_only,1,1,0,0,0,0,0,0,0,0,0,,,no_observed,0,1,1,0,0,0,0
tohoku_site_26f3cda55341,鷹巣変電所,tohoku,w323304945,none,2,0,0,0,0,0,1,0,1,0,0,66/6,,no_observed,1,0,5,0,0,0,0
tohoku_site_277a6609bb98,吹上変電所,tohoku,w557379654,conductors_only,2,2,1,0,1,2,4,0,1,0,0,66/6,,no_observed,2,1,6,2,1,0,0
tohoku_site_27b22828803a,日和田町変電所,tohoku,w330124781,conductors_only,2,2,3,1,1,3,4,0,1,0,0,154/66,,no_observed,6,12,21,6,1,0,0
tohoku_site_282da72a2289,下湯口変電所,tohoku,n4343708452,none,0,0,0,0,0,0,0,0,0,0,0,,,no_observed,0,0,0,0,0,0,0
tohoku_site_285f72ec5760,仙北市変電所_2,tohoku,w302289635,lines_only,1,1,0,0,0,0,0,0,0,0,0,,,no_observed,0,1,2,0,1,0,0
tohoku_site_29169be3d70d,東北電力株式会社 岩沼変電所,tohoku,w830290119,partial,2,2,1,0,1,1,3,0,1,3,3,66/6,66/6,same,3,0,5,3,0,0,0
tohoku_site_291f3e911771,新福島変電所,tohoku,w106309481,mapped,3,3,4,1,2,4,15,0,2,3,3,500/275;275/66,500/275,partial,10,14,25,8,8,0,0
tohoku_site_29223b3ad758,若柳変電所,tohoku,w325791631,none,1,0,0,0,0,0,0,0,0,0,0,,,no_observed,0,0,1,0,0,0,0
tohoku_site_295f89b6faf2,米谷変電所,tohoku,w827794779,conductors_only,1,1,0,1,0,0,0,0,0,0,0,,,no_observed,0,2,6,1,0,0,0
tohoku_site_297352d970f3,原町南変電所,tohoku,w901872342,partial,2,2,0,1,0,0,1,0,1,1,1,66/6,66/6,same,2,0,3,1,0,0,0
tohoku_site_29bc142059bf,矢巾変電所,tohoku,w323510710,none,2,0,0,1,0,0,2,0,1,0,0,66/6,,no_observed,2,0,0,0,0,0,0
tohoku_site_2a8fee06ed50,江刺変電所,tohoku,w783616489,none,2,0,0,0,0,0,1,0,1,0,0,66/6,,no_observed,1,0,0,0,0,0,0
tohoku_site_2aae85f1cda2,青山一丁目変電所,tohoku,w170197078,lines_only,1,1,0,1,0,0,0,0,0,0,0,,,no_observed,0,2,3,0,2,0,0
tohoku_site_2ae1e5212983,愛子変電所,tohoku,w325304504,partial,3,3,0,2,0,0,1,0,2,2,2,154/33;33/6,154/33;154/6,contradicts,3,2,3,3,0,0,0
tohoku_site_2af8f32c4867,栗原市変電所,tohoku,w1017260459,lines_only,1,1,0,0,0,0,0,0,0,0,0,,,no_observed,0,1,0,0,1,0,0
tohoku_site_2bc7d95472ef,下北変電所,tohoku,w318193036,mapped,2,2,4,0,2,4,11,0,1,2,2,154/66,154/66,same,9,0,16,7,0,0,2
tohoku_site_2bf9016b5ee5,東山変電所,tohoku,w783922666,none,3,0,0,1,0,0,3,0,2,0,0,66/33;33/6,,no_observed,3,0,0,0,0,0,0
tohoku_site_2c1d44e09496,南河辺変電所,tohoku,w755988200,conductors_only,2,2,0,0,0,0,1,0,1,0,0,66/6,,no_observed,1,0,1,1,0,0,0
tohoku_site_2c4f81aef6d8,豊原変電所,tohoku,w944077320,partial,1,1,0,1,0,0,0,2,0,2,0,,,no_observed,0,5,0,1,0,0,0
tohoku_site_2c7b9fc4bb51,尾駮変電所_4,tohoku,w621572961,conductors_only,2,1,0,1,0,0,5,0,1,0,0,154/66,,no_observed,5,0,3,2,0,0,0
tohoku_site_2c8af96d75a2,東新津変電所,tohoku,w125530234,none,1,0,0,0,0,0,0,0,0,0,0,,,no_observed,0,0,1,0,0,0,0
tohoku_site_2cb75cfc62ac,米沢市変電所,tohoku,w343069949,partial,1,2,0,1,0,0,1,0,0,2,2,,66/6,contradicts,4,0,6,3,0,0,0
tohoku_site_2ced09baf7df,大字夏茂変電所,tohoku,w782986791,conductors_only,1,1,0,0,0,0,0,0,0,0,0,,,no_observed,0,1,6,0,0,2,0
tohoku_site_2d1849c8eeaf,藤島変電所,tohoku,w415528522,partial,1,2,1,0,1,1,3,0,0,2,2,,66/6,contradicts,3,0,4,3,0,0,0
tohoku_site_2d711759295d,吉岡ケーブルヘッド,tohoku,w801833268,none,3,0,2,1,0,0,8,0,2,0,0,250/187;187/66,,no_observed,4,4,6,0,0,0,0
tohoku_site_2d7999682e71,二枚橋変電所_2,tohoku,w761475857,conductors_only,1,1,0,1,0,0,2,0,0,0,0,,,no_observed,3,0,0,1,0,0,0
tohoku_site_2df383f85c71,中居林変電所,tohoku,w799022764,lines_only,1,1,1,0,0,0,2,0,0,0,0,,,no_observed,2,3,4,0,0,3,0
tohoku_site_2dfcc7c07745,名取変電所,tohoku,w745540952,lines_only,3,2,0,3,0,0,5,0,2,0,0,275/154;154/66,,no_observed,8,2,5,0,0,0,0
tohoku_site_2e1acc732979,大間町変電所,tohoku,w262597733,none,2,0,0,1,0,0,2,0,1,0,0,250/66,,no_observed,3,0,0,0,0,0,0
tohoku_site_2e4d1d2f927d,新いわき開閉所,tohoku,w104391636,mapped,1,1,2,0,1,2,15,2,0,0,0,,,no_observed,14,0,21,14,0,0,0
tohoku_site_2e506cfb3f16,桜町変電所,tohoku,w986674951,lines_only,1,1,0,0,0,0,0,0,0,0,0,,,no_observed,0,1,0,0,1,0,0
tohoku_site_2ea05525f5d2,いわき市変電所_4,tohoku,w1017148272,lines_only,1,1,0,1,0,0,0,0,0,0,0,,,no_observed,0,2,6,0,2,0,0
tohoku_site_2eb44019232c,尾駮変電所_3,tohoku,w621572955,lines_only,2,1,0,1,0,0,3,0,1,0,0,154/66,,no_observed,2,2,6,0,2,0,0
tohoku_site_2f3a7c1179a1,大山一丁目変電所,tohoku,w768668454,lines_only,0,0,0,0,0,0,0,0,0,0,0,,,no_observed,0,1,1,0,0,0,0
tohoku_site_2f9574d90b01,気仙沼変電所,tohoku,w316581626,mapped,2,2,2,1,1,2,10,0,1,2,2,154/66,154/66,same,6,4,13,4,0,0,0
tohoku_site_2fd8913f0b3b,いわき変電所,tohoku,w173465917,mapped,2,2,2,0,2,19,6,0,1,3,3,275/154,275/154,same,8,1,13,6,3,0,0
tohoku_site_2fe15c4dd062,三居沢発電所 併設配電用変電所,tohoku,w104107812,partial,2,2,1,0,1,1,4,0,1,3,3,66/6,66/6,same,3,0,5,3,0,0,0
tohoku_site_306be03328b1,テクノヒルズ変電所,tohoku,w1249403249,conductors_only,1,1,0,0,0,0,0,0,0,0,0,,,no_observed,0,1,3,0,0,0,2
tohoku_site_308b2e2831d4,蔵王町変電所,tohoku,w1017577730,lines_only,1,1,0,0,0,0,0,0,0,0,0,,,no_observed,0,1,4,0,1,0,0
tohoku_site_31b517a300e4,変電所,tohoku,w617503625,lines_only,1,1,0,0,0,0,0,0,0,0,0,,,no_observed,0,2,2,0,1,0,0
tohoku_site_31c13c22ba56,新浜町変電所,tohoku,w793174382,none,0,0,0,0,0,0,0,0,0,0,0,,,no_observed,0,0,0,0,0,0,0
tohoku_site_31f83bb091fd,豊洲変電所,tohoku,w1025438930,lines_only,2,1,0,1,0,0,4,0,1,0,0,154/66,,no_observed,3,1,12,0,1,0,2
tohoku_site_31fd405b0248,金木変電所,tohoku,w717584843,conductors_only,3,3,0,0,0,0,2,0,2,0,0,66/33;33/6,,no_observed,2,0,0,2,0,0,0
tohoku_site_3235f2ddfd61,小野変電所,tohoku,w613660645,lines_only,1,1,0,0,0,0,0,0,0,0,0,,,no_observed,0,1,0,0,1,0,0
tohoku_site_3332cfe2a302,名目所二丁目変電所,tohoku,w1028585683,partial,1,2,1,0,1,2,2,0,0,3,3,,66/6,contradicts,3,3,0,2,0,0,2
tohoku_site_3332d4d5007b,中山変電所,tohoku,w325304502,conductors_only,1,1,0,0,0,0,1,0,0,0,0,,,no_observed,1,0,0,1,0,0,0
tohoku_site_3336dc630ac0,富沢接続点,tohoku,w325382919,conductors_only,1,1,0,1,0,0,0,0,0,0,0,,,no_observed,0,8,3,2,0,0,0
tohoku_site_333a6507d240,原町区青葉町一丁目変電所,tohoku,w1027413728,lines_only,1,1,0,0,0,0,0,0,0,0,0,,,no_observed,0,1,0,0,1,0,0
tohoku_site_348d74079982,高瀬変電所_2,tohoku,w721702541,conductors_only,2,2,0,1,0,0,0,0,1,0,0,66/6,,no_observed,0,5,0,1,0,0,0
tohoku_site_34a1f51220e9,字元西変電所,tohoku,w323305000,none,1,0,0,1,0,0,2,0,0,0,0,,,no_observed,2,0,0,0,0,0,0
tohoku_site_34f193f198e9,坂町駅,tohoku,w441734801,none,0,0,0,0,0,0,0,0,0,0,0,,,no_observed,0,0,0,0,0,0,0
tohoku_site_35116f9b888b,小松ヶ丘六丁目変電所,tohoku,w801912958,lines_only,1,1,0,0,0,0,0,0,0,0,0,,,no_observed,0,1,0,0,1,0,0
tohoku_site_365904d6bb92,八幡開閉所,tohoku,w769954060,none,1,0,0,1,0,0,2,0,0,0,0,,,no_observed,2,0,0,0,0,0,0
tohoku_site_366f1ce0707b,青い森鉄道 浅虫き電区分所,tohoku,w830169565,none,1,0,0,0,0,0,0,0,0,0,0,,,no_observed,0,0,0,0,0,0,0
tohoku_site_36983b7fe40c,腹帯発電所,tohoku,w724886526,none,1,0,0,0,0,0,0,0,0,0,0,,,no_observed,0,0,2,0,0,0,0
tohoku_site_3711c5f15e12,岩ケ崎変電所前,tohoku,w325803245,lines_only,1,1,0,1,0,0,0,0,0,0,0,,,no_observed,0,2,3,0,2,0,0
tohoku_site_377a294f77dc,平川市変電所,tohoku,w787843228,none,1,0,0,0,0,0,1,0,0,0,0,,,no_observed,1,0,0,0,0,0,0
tohoku_site_3810ecf70435,松園変電所,tohoku,w795857951,conductors_only,2,2,0,1,0,0,1,0,1,0,0,66/6,,no_observed,2,0,0,2,0,0,0
tohoku_site_38c695a20cb3,東北電力北津軽変電所,tohoku,w323148606,mapped,3,3,4,0,2,4,5,0,2,2,2,154/66;66/6,154/66,partial,9,25,3,3,0,0,0
tohoku_site_39e8469c754e,北岩手変電所,tohoku,w321894844,mapped,2,2,3,0,2,3,12,0,1,2,2,154/66,154/66,same,8,0,15,6,0,0,0
tohoku_site_39ec5585b005,中条変電所,tohoku,w319313789,lines_only,1,1,0,0,0,0,0,0,0,0,0,,,no_observed,0,0,2,0,0,2,0
tohoku_site_3a18454dcd42,糸沢変電所,tohoku,w308030893,lines_only,0,0,0,0,0,0,0,0,0,0,0,,,no_observed,0,1,3,0,0,0,0
tohoku_site_3a22ba7a7628,平沢変電所,tohoku,w828817629,partial,1,2,1,0,1,1,2,0,0,2,2,,66/6,contradicts,2,0,3,2,0,0,0
tohoku_site_3a38634c3e05,川俣変電所,tohoku,w901872362,partial,2,2,1,0,1,7,0,0,1,2,2,66/6,66/6,same,4,0,8,4,0,0,0
tohoku_site_3a3fd48f258e,江陽五丁目変電所_2,tohoku,n6738444144,none,1,0,0,1,0,0,4,0,0,0,0,,,no_observed,5,0,2,0,0,0,0
tohoku_site_3ae9022ee9b5,哘崎変電所,tohoku,w1052437267,mapped,1,1,1,0,1,1,0,0,0,3,3,,,no_observed,1,0,1,1,0,0,0
tohoku_site_3aeb21725037,東若林変電所,tohoku,w103748362,conductors_only,1,2,0,1,0,0,0,0,0,0,0,,,no_observed,0,8,0,2,2,0,0
tohoku_site_3bae7a513557,沼館変電所_2,tohoku,w1025438929,lines_only,2,1,0,1,0,0,3,0,1,0,0,154/66,,no_observed,2,1,45,0,1,0,0
tohoku_site_3c00341a7021,JR東日本 新八戸変電所,tohoku,w668861168,mapped,2,2,0,1,0,0,3,0,1,2,2,154/25,154/25,same,2,0,3,2,0,0,0
tohoku_site_3c128c71da22,堤通変電所,tohoku,w1042879486,none,0,0,0,0,0,0,0,0,0,0,0,,,no_observed,0,0,0,0,0,0,0
tohoku_site_3c7dec300908,淋代平変電所,tohoku,w670223453,partial,1,2,1,0,1,1,1,0,0,2,2,,66/6,contradicts,1,0,0,3,0,0,0
tohoku_site_3cd4bf159aee,鶴岡市変電所_3,tohoku,w830255497,lines_only,2,2,0,2,0,0,0,0,1,0,0,154/66,,no_observed,0,7,13,0,7,0,0
tohoku_site_3d3c6f24d35d,南原石垣町変電所,tohoku,w926267151,lines_only,2,1,2,0,0,0,6,0,1,0,0,275/66,,no_observed,14,1,1,0,1,0,0
tohoku_site_3d4fa1fe1ef5,葛巻町変電所,tohoku,w781188555,none,1,0,0,0,0,0,1,0,0,0,0,,,no_observed,1,0,0,0,0,0,0
tohoku_site_3d7e958f617f,三依変電所,tohoku,w810253171,lines_only,2,2,0,0,0,0,0,0,1,0,0,66/1,,no_observed,0,1,0,0,1,0,0
tohoku_site_3d7ebb80448c,喜多方市変電所_2,tohoku,w249794281,none,2,0,0,0,0,0,1,0,1,0,0,154/66,,no_observed,1,0,3,0,0,0,0
tohoku_site_3dca2e9f6ab1,空港南四丁目変電所,tohoku,w724877163,lines_only,1,1,0,0,0,0,0,0,0,0,0,,,no_observed,0,1,0,0,1,0,0
tohoku_site_3dd146c3cb8c,福岡発電所,tohoku,w781807832,none,2,0,0,0,0,0,1,0,1,0,0,66/6,,no_observed,1,0,0,0,0,0,0
tohoku_site_3dead613f9f4,太白区変電所,tohoku,w817164534,lines_only,3,1,0,0,0,0,0,0,2,0,0,275/154;154/33,,no_observed,0,1,3,0,1,0,0
tohoku_site_3df1b28eef12,大堀変電所,tohoku,w889997789,partial,3,3,1,0,1,1,4,0,2,3,3,66/33;33/6,66/33;66/6,contradicts,3,0,6,2,0,0,0
tohoku_site_3e9fa1e0a649,立石変電所,tohoku,w308574179,lines_only,1,1,0,0,0,0,0,0,0,0,0,,,no_observed,0,1,1,0,1,0,0
tohoku_site_3eb4e7b41745,八戸変電所,tohoku,w321876513,partial,2,3,0,2,0,0,5,0,1,4,4,154/66,154/66;66/6,contradicts,5,22,23,4,9,0,4
tohoku_site_3f347652b48c,米沢市変電所_2,tohoku,w653500980,partial,1,1,0,1,0,0,1,1,0,0,0,,,no_observed,3,0,0,3,0,0,0
tohoku_site_3f552536ac7b,十日町変電所,tohoku,w830311541,partial,1,2,1,0,1,1,2,0,0,2,2,,66/6,contradicts,2,0,3,1,0,0,0
tohoku_site_3f84bd6fac8e,金成末野変電所,tohoku,w1082436071,none,0,0,0,0,0,0,0,0,0,0,0,,,no_observed,0,0,0,0,0,0,0
tohoku_site_3fc4e0921eb9,JR東日本新潟支社　新潟変電所,tohoku,n12617571638,none,1,0,0,0,0,0,0,0,0,0,0,,,no_observed,0,0,4,0,0,0,0
tohoku_site_404f9fabfd8f,六ヶ所村変電所_3,tohoku,w797759469,none,2,0,0,0,0,0,2,0,1,0,0,154/66,,no_observed,0,0,3,0,0,0,0
tohoku_site_409d9a0cef8c,東平変電所,tohoku,w899080680,partial,2,2,0,1,0,0,0,0,1,2,2,66/6,66/6,same,0,6,12,1,4,0,0
tohoku_site_412a44be842e,南八戸変電所,tohoku,w317112023,mapped,2,2,4,0,2,4,18,0,1,3,3,154/66,154/66,same,12,0,17,9,0,0,0
tohoku_site_413cee85c345,添川開閉所,tohoku,w322132732,conductors_only,1,1,0,1,0,0,2,0,0,0,0,,,no_observed,2,0,0,2,0,0,0
tohoku_site_417cb327bfba,字焼橋変電所,tohoku,w316796031,partial,1,1,1,0,1,1,2,0,0,3,3,,,no_observed,2,0,3,2,0,0,0
tohoku_site_41f51771481a,野辺地変電所,tohoku,w714668449,partial,2,2,1,0,1,1,5,0,1,2,2,66/6,66/6,same,3,0,5,2,0,0,0
tohoku_site_425943b07d52,仙北市変電所_3,tohoku,w785523042,none,1,0,0,1,0,0,4,0,0,0,0,,,no_observed,4,0,0,0,0,0,0
tohoku_site_4293b964fa0a,大字長崎変電所,tohoku,w308626710,conductors_only,1,1,1,0,1,4,5,0,0,0,0,,,no_observed,6,3,7,3,0,0,0
tohoku_site_42e09d68b4f0,今別変換所,tohoku,w719310375,conductors_only,2,2,0,1,0,0,2,0,1,0,0,275/250,,no_observed,5,0,6,4,0,0,0
tohoku_site_439372b397ce,遠野市変電所,tohoku,w1425192633,none,0,0,0,0,0,0,0,0,0,0,0,,,no_observed,0,0,0,0,0,0,0
tohoku_site_439f8b89fc8e,根白石変電所,tohoku,w829088696,conductors_only,1,1,0,1,0,0,0,0,0,0,0,,,no_observed,0,4,0,2,0,0,0
tohoku_site_43df281bff5e,新岩手飯岡き電区分所,tohoku,w1495967316,none,0,0,0,0,0,0,0,0,0,0,0,,,no_observed,0,0,0,0,0,0,0
tohoku_site_4467436702ae,喜多方市変電所_4,tohoku,w296990476,none,0,0,0,0,0,0,0,0,0,0,0,,,no_observed,0,0,1,0,0,0,0
tohoku_site_4486ccb49fee,西仙台変電所,tohoku,w659138214,mapped,3,3,4,0,3,7,28,0,2,5,5,500/275;275/154,500/275;275/154,same,18,0,37,16,0,0,0
tohoku_site_4494e8b41dfd,伊達市変電所,tohoku,w1017577744,lines_only,1,1,0,0,0,0,0,0,0,0,0,,,no_observed,0,1,1,0,1,0,0
tohoku_site_457fcb45796e,門前寺変電所,tohoku,w781797979,none,1,0,0,0,0,0,1,0,0,0,0,,,no_observed,1,0,1,0,0,0,0
tohoku_site_4589246bcf1c,福山変電所,tohoku,n1924575539,none,1,0,0,0,0,0,0,0,0,0,0,,,no_observed,0,1,2,0,0,0,0
tohoku_site_46194aa8dbc6,鹿折変電所,tohoku,w788561088,conductors_only,3,2,0,1,0,0,0,0,2,0,0,154/66;66/6,,no_observed,0,5,3,1,0,0,0
tohoku_site_464227eef87b,庄内変電所,tohoku,w326125856,partial,2,2,0,2,0,0,0,0,1,4,2,154/66,154/66,same,0,10,17,4,0,0,0
tohoku_site_46aca982092b,JR東日本 米沢変電所,tohoku,w343505360,conductors_only,2,2,2,0,1,3,3,0,1,0,0,66/20,,no_observed,5,0,3,2,0,0,0
tohoku_site_47262bd59ea2,宮宿変電所,tohoku,w768281380,conductors_only,2,2,1,0,1,1,5,0,1,0,0,66/6,,no_observed,5,0,10,2,0,0,0
tohoku_site_4772416c7f43,鎧畑開閉所,tohoku,w302289630,conductors_only,1,1,2,0,1,2,3,0,0,0,0,,,no_observed,3,0,6,2,0,0,0
tohoku_site_481733cd9520,北変電所,tohoku,w733832317,lines_only,2,1,0,0,0,0,0,0,1,0,0,154/66,,no_observed,0,1,3,0,1,0,0
tohoku_site_4865f468b595,高清水変電所,tohoku,w325791897,partial,1,2,1,0,1,4,1,0,0,2,2,,66/6,contradicts,4,0,6,3,0,0,0
tohoku_site_4922e23d8388,原町変電所,tohoku,w159139126,partial,3,2,2,0,1,11,7,0,2,3,3,66/20;20/6,66/6,contradicts,10,0,11,7,0,0,0
tohoku_site_496cceb570d5,花輪変電所,tohoku,w781269120,conductors_only,3,3,0,1,0,0,4,0,2,0,0,66/33;33/6,,no_observed,3,0,3,2,0,0,0
tohoku_site_49e0ca598f53,魚沼市変電所,tohoku,w232998815,lines_only,1,1,0,1,0,0,2,0,0,0,0,,,no_observed,2,3,0,0,3,0,0
tohoku_site_49ff15a245c2,三川変電所,tohoku,w325971039,partial,3,2,3,0,1,1,7,0,2,1,1,154/66;66/6,66/6,partial,10,3,13,3,0,0,0
tohoku_site_4a1d30b62f72,磐梯町変電所_3,tohoku,w1017715783,lines_only,1,1,0,1,0,0,0,0,0,0,0,,,no_observed,0,2,3,0,2,0,0
tohoku_site_4a739f868e48,東白石変電所,tohoku,w316838101,mapped,2,2,1,1,1,1,4,4,1,0,0,154/66,,no_observed,4,6,14,4,6,0,0
tohoku_site_4ace5c850c30,奥中山き電区分所,tohoku,w899096552,none,1,0,0,0,0,0,0,0,0,0,0,,,no_observed,0,0,0,0,0,0,0
tohoku_site_4b0c83afced8,一関市変電所_2,tohoku,w783922623,none,1,0,0,0,0,0,1,0,0,0,0,,,no_observed,1,0,0,0,0,0,0
tohoku_site_4b5fb413b7eb,牛島西三丁目変電所,tohoku,w176978726,lines_only,2,1,0,1,0,0,0,0,1,0,0,154/66,,no_observed,0,8,21,0,1,0,0
tohoku_site_4bb9b8634f01,東北電力ネットワーク 南小泉変電所,tohoku,w984479484,lines_only,1,0,0,0,0,0,0,0,0,0,0,,,no_observed,0,1,3,0,0,0,0
tohoku_site_4bc72cfc7c8c,字師範場変電所,tohoku,w677530221,conductors_only,1,1,0,1,0,0,0,0,0,0,0,,,no_observed,0,2,6,1,0,0,0
tohoku_site_4be324d10aeb,梁川町幸町変電所,tohoku,w869194012,lines_only,1,1,0,0,0,0,0,0,0,0,0,,,no_observed,0,1,0,0,1,0,0
tohoku_site_4c08506d9f84,湯沢市変電所_2,tohoku,w785550994,none,1,0,0,0,0,0,1,0,0,0,0,,,no_observed,1,0,0,0,0,0,0
tohoku_site_4c0c01def89a,大館変電所 (Ōdate Hendensho),tohoku,w317376283,mapped,2,2,4,0,3,6,4,0,1,1,1,154/66,154/66,same,4,0,0,2,0,0,0
tohoku_site_4c7646ab54be,野辺地町変電所,tohoku,w810237064,conductors_only,1,1,0,0,0,0,0,0,0,0,0,,,no_observed,0,1,2,1,0,0,0
tohoku_site_4ca5ead6426c,菰槌変電所,tohoku,w716740551,conductors_only,2,2,0,0,0,0,2,0,1,0,0,66/33,,no_observed,1,0,0,2,0,0,0
tohoku_site_4cb84c81450f,三関変電所,tohoku,w659652002,none,1,0,0,0,0,0,1,0,0,0,0,,,no_observed,1,0,6,0,0,0,0
tohoku_site_4da3911c20ae,大字根岸変電所,tohoku,w404965841,lines_only,1,1,0,0,0,0,0,0,0,0,0,,,no_observed,0,1,0,0,1,0,0
tohoku_site_4dba62dc5f5e,長苗代四丁目変電所_2,tohoku,w714762899,lines_only,2,1,0,0,0,0,1,0,1,0,0,154/66,,no_observed,1,1,23,0,1,0,0
tohoku_site_4dbd310b1cc4,豊栄変電所,tohoku,w1028585692,lines_only,2,2,0,0,0,0,0,0,1,0,0,154/66,,no_observed,0,1,7,0,1,0,0
tohoku_site_4dc8773eed2b,久慈市変電所,tohoku,w800601222,lines_only,1,1,0,0,0,0,0,0,0,0,0,,,no_observed,0,1,1,0,1,0,0
tohoku_site_4e367c82a5d7,関谷変電所,tohoku,w1072943218,none,1,0,0,0,0,0,0,0,0,0,0,,,no_observed,0,0,4,0,0,0,0
tohoku_site_4e3c264486f3,塩原3号配電塔,tohoku,w1138237613,none,2,0,0,0,0,0,0,0,1,0,0,22/6,,no_observed,0,0,0,0,0,0,0
tohoku_site_4e594fcdf47b,塚浜変電所,tohoku,w1341021374,none,2,0,1,0,0,0,3,0,1,0,0,275/66,,no_observed,3,0,26,0,0,0,0
tohoku_site_4e8158e81d79,三戸町変電所,tohoku,w781807841,none,2,0,0,0,0,0,1,0,1,0,0,33/3,,no_observed,1,0,0,0,0,0,0
tohoku_site_4e8f075c72e3,城内一変電所,tohoku,w325425074,lines_only,1,1,0,1,0,0,0,0,0,0,0,,,no_observed,0,2,2,0,0,0,0
tohoku_site_4fa43d382a0d,塚浜変電所_4,tohoku,w1341021064,partial,2,0,1,0,0,0,3,0,1,2,0,275/66,,no_observed,3,12,14,0,0,0,0
tohoku_site_4fb4f91087f6,稲生変電所,tohoku,w566866186,partial,2,2,1,0,1,1,2,0,1,2,2,66/6,66/6,same,2,0,0,2,0,0,0
tohoku_site_4fea5db56966,三本松変電所,tohoku,w715632868,none,1,0,0,0,0,0,0,0,0,0,0,,,no_observed,0,0,2,0,0,0,0
tohoku_site_50113ae68910,一関変電所,tohoku,w521973703,conductors_only,3,3,0,1,0,0,7,0,2,0,0,154/66;66/33,,no_observed,6,0,6,5,0,0,0
tohoku_site_508a81a5849f,東盛岡変電所,tohoku,w795857975,conductors_only,2,2,0,0,0,0,1,0,1,0,0,66/6,,no_observed,1,0,0,1,0,0,0
tohoku_site_5098ea5c2f15,北福島変電所,tohoku,w1017577797,partial,2,2,3,1,1,3,5,0,1,2,2,154/66,154/66,same,6,0,13,6,0,0,0
tohoku_site_50c5216d2b60,青い森鉄道 青森変電所,tohoku,w137210588,conductors_only,2,2,0,0,0,0,2,0,1,0,0,66/20,,no_observed,0,1,2,1,0,0,0
tohoku_site_51bf75266797,大和町変電所,tohoku,w833554537,none,1,0,0,0,0,0,0,0,0,0,0,,,no_observed,0,0,7,0,0,0,0
tohoku_site_51fdb3a24224,一関市変電所,tohoku,w783616447,conductors_only,1,1,0,0,0,0,1,0,0,0,0,,,no_observed,1,0,0,1,0,0,0
tohoku_site_5282e0321331,尾駮変電所_6,tohoku,w797759470,conductors_only,2,1,2,0,0,0,12,0,1,0,0,154/66,,no_observed,12,0,0,2,0,0,0
tohoku_site_52985d521ca0,西富山変電所,tohoku,w1138182117,conductors_only,1,1,0,1,0,0,0,0,0,0,0,,,no_observed,0,2,10,3,0,0,0
tohoku_site_529cebd404d0,JR北海道変電所,tohoku,w569678320,lines_only,3,2,0,1,0,0,0,0,2,0,0,250/66;66/25,,no_observed,0,2,5,0,2,0,0
tohoku_site_52d80e2deb3c,笹山開閉所,tohoku,w170000627,conductors_only,2,2,0,2,0,0,3,0,1,0,0,154/66,,no_observed,10,0,13,10,0,0,0
tohoku_site_52e0451be56e,大字漆川変電所_2,tohoku,w1025414727,lines_only,1,1,0,1,0,0,0,0,0,0,0,,,no_observed,0,2,8,0,0,2,0
tohoku_site_5330c1eb76a6,岩手変電所,tohoku,w174636874,partial,3,3,3,1,2,6,18,0,2,4,4,500/275;275/154,500/275;275/154,same,16,0,24,13,0,0,0
tohoku_site_5345f52a1bf4,JR東日本 新六戸補助き電区分所,tohoku,w835227256,conductors_only,1,1,0,0,0,0,0,0,0,0,0,,,no_observed,0,0,0,0,0,0,0
tohoku_site_538fd3db374c,黒石変電所,tohoku,w717562870,partial,2,2,1,0,1,1,3,0,1,3,3,66/6,66/6,same,2,0,3,1,0,0,0
tohoku_site_549f420f6ab6,細谷変電所,tohoku,w103816841,lines_only,1,1,0,1,0,0,1,0,0,0,0,,,no_observed,1,2,3,0,2,0,0
tohoku_site_5604863f69bf,沖野変電所,tohoku,w1023883917,lines_only,0,2,0,0,0,0,0,0,0,0,0,,,no_observed,0,0,0,0,0,0,4
tohoku_site_56bf229e2237,種市変電所,tohoku,w321876770,partial,2,2,1,0,1,1,2,0,1,2,2,66/6,66/6,same,2,0,3,2,0,0,0
tohoku_site_56c44d272a16,原町区大谷変電所,tohoku,w1027413700,lines_only,1,1,0,1,0,0,0,0,0,0,0,,,no_observed,0,2,4,0,2,0,0
tohoku_site_56e91d7f8aa1,福島市変電所,tohoku,w1017577765,lines_only,4,1,1,0,0,0,4,0,3,0,0,275/66;66/33;33/25,,no_observed,1,1,4,0,1,0,0
tohoku_site_57139def25f9,葛根田第二発電所,tohoku,w721606906,none,2,0,0,1,0,0,2,0,1,0,0,66/6,,no_observed,2,0,0,0,0,0,0
tohoku_site_573a51529ebd,上北変換所,tohoku,w714627766,conductors_only,2,1,1,1,1,5,3,0,1,0,0,275/250,,no_observed,2,2,6,2,0,0,0
tohoku_site_575e4de40b2d,柳原変電所,tohoku,w659514648,conductors_only,3,3,0,0,0,0,1,0,2,0,0,66/33;33/6,,no_observed,0,1,7,0,1,0,0
tohoku_site_57ed928fa6c2,涌谷変電所,tohoku,w798835025,conductors_only,2,2,0,1,0,0,2,0,1,0,0,66/6,,no_observed,2,0,3,2,0,0,0
tohoku_site_586770a23451,いわき市変電所,tohoku,w643330912,none,0,0,0,0,0,0,0,0,0,0,0,,,no_observed,0,0,3,0,0,0,0
tohoku_site_58cb0e5eb261,今泉変電所_2,tohoku,w901872436,lines_only,2,1,0,0,0,0,0,0,1,0,0,500/154,,no_observed,0,1,12,0,1,0,0
tohoku_site_58f84852dccb,亘理変電所,tohoku,w891443190,lines_only,2,2,0,1,0,0,0,0,1,0,0,66/6,,no_observed,0,2,6,0,2,0,0
tohoku_site_590f93a59fce,沼宮内変電所 (Numakunai Hendensho),tohoku,w323510723,none,2,0,0,1,0,0,2,0,1,0,0,66/6,,no_observed,2,0,0,0,0,0,0
tohoku_site_5953b4b531ae,初森変電所,tohoku,n12432906405,none,0,0,0,0,0,0,0,0,0,0,0,,,no_observed,0,0,1,0,0,0,0
tohoku_site_59b017e0479c,JR東日本新潟支社　新潟変電所,tohoku,w318218914,lines_only,1,1,0,0,0,0,0,0,0,0,0,,,no_observed,0,1,3,0,1,0,0
tohoku_site_5a18b5c05541,中央受電所,tohoku,w297655759,none,1,0,0,0,0,0,1,0,0,0,0,,,no_observed,1,0,0,0,0,0,0
tohoku_site_5a55e1aa9784,立石発電所,tohoku,w560071545,conductors_only,1,1,0,1,0,0,3,0,0,0,0,,,no_observed,3,0,0,1,0,0,0
tohoku_site_5a57106c6d4f,鶴ヶ谷北二丁目変電所,tohoku,w103824111,none,1,0,0,0,0,0,0,0,0,0,0,,,no_observed,0,0,0,0,0,0,0
tohoku_site_5a9c18200137,油川変電所,tohoku,n1517802990,none,3,0,2,0,0,0,7,0,2,0,0,66/25;25/20,,no_observed,4,0,3,0,0,0,0
tohoku_site_5ae423cf602d,植田変電所,tohoku,w106569571,layout_only,2,2,0,1,0,0,0,0,1,2,2,66/6,66/6,same,0,4,8,0,4,0,0
tohoku_site_5b2d0b215cbf,茨島二丁目変電所,tohoku,w842993558,lines_only,0,0,0,0,0,0,0,0,0,0,0,,,no_observed,0,1,20,0,0,0,0
tohoku_site_5b41c4a52394,矢板変電所,tohoku,w1067445390,lines_only,1,1,0,0,0,0,0,0,0,0,0,,,no_observed,0,1,3,0,1,0,0
tohoku_site_5b5ffc296475,大越町下大越変電所,tohoku,w658680732,lines_only,1,1,0,0,0,0,0,0,0,0,0,,,no_observed,0,1,0,0,1,0,0
tohoku_site_5b72f421c6d5,三本木桑折変電所,tohoku,w833554568,partial,2,2,0,2,0,0,0,0,1,3,3,154/66,154/66,same,0,10,13,2,4,0,0
tohoku_site_5b8d5e8a4756,北区変電所,tohoku,w869601103,lines_only,1,1,0,1,0,0,0,0,0,0,0,,,no_observed,0,2,3,0,2,0,0
tohoku_site_5bca0326c138,川尻変電所,tohoku,w783576211,none,2,0,0,0,0,0,1,0,1,0,0,33/6,,no_observed,1,0,0,0,0,0,0
tohoku_site_5bf117699b83,光陽二丁目変電所,tohoku,w901872444,lines_only,1,1,0,1,0,0,0,0,0,0,0,,,no_observed,0,2,8,0,2,0,0
tohoku_site_5c42b55554f9,米内沢変電所,tohoku,w721051614,none,2,0,0,1,0,0,1,0,1,0,0,66/6,,no_observed,2,0,0,0,0,0,0
tohoku_site_5c638a2fe29d,金成変電所,tohoku,w325803243,partial,1,2,1,0,1,1,3,0,0,2,2,,66/6,contradicts,4,7,7,3,0,0,0
tohoku_site_5c8b6e8a5e4c,中村変電所,tohoku,w901872386,partial,2,2,1,0,1,4,0,0,1,3,3,66/6,66/6,same,3,4,3,1,0,0,0
tohoku_site_5c8d497ed2ff,平変電所,tohoku,w658988167,partial,3,3,2,0,2,29,10,0,2,6,6,154/66;66/6,154/66;66/6,same,18,0,30,12,0,0,0
tohoku_site_5cc42f186ca6,宮城変電所,tohoku,w106076988,mapped,4,4,5,1,3,9,38,26,3,8,8,500/275;275/154;154/66,500/275;275/154;154/66,same,26,6,37,18,0,0,0
tohoku_site_5d3fffdab4a1,耳取変電所,tohoku,w783576207,conductors_only,2,2,0,0,0,0,1,0,1,0,0,33/6,,no_observed,1,0,1,1,0,0,0
tohoku_site_5d91465b6344,日高変電所,tohoku,w610223581,conductors_only,2,2,0,1,0,0,3,0,1,0,0,66/6,,no_observed,3,0,0,2,0,0,0
tohoku_site_5d92a9491f35,栄町変電所,tohoku,w922217017,none,0,0,0,0,0,0,0,0,0,0,0,,,no_observed,0,0,0,0,0,0,0
tohoku_site_5f2f166f035c,片岸町変電所,tohoku,w182812328,none,0,0,0,0,0,0,0,0,0,0,0,,,no_observed,0,0,0,0,0,0,0
tohoku_site_5f4827520f75,原町六丁目変電所,tohoku,w325397413,lines_only,1,1,0,0,0,0,0,0,0,0,0,,,no_observed,0,1,1,0,1,0,0
tohoku_site_5f947fb46a75,湯津上変電所,tohoku,w1070225892,conductors_only,1,1,0,1,0,0,0,0,0,0,0,,,no_observed,0,2,2,2,0,0,0
tohoku_site_5fc120e01738,大字東根乙変電所,tohoku,w1026070111,conductors_only,1,1,1,0,0,0,4,0,0,0,0,,,no_observed,4,1,4,2,0,0,0
tohoku_site_5fcb3bc7c632,にかほ市変電所_2,tohoku,w917066962,none,1,0,0,0,0,0,0,0,0,0,0,,,no_observed,0,0,6,0,0,0,0
tohoku_site_5ff0ad14629f,西山形変電所,tohoku,w317389571,partial,2,2,0,2,0,0,0,0,1,2,2,275/154,275/154,same,0,22,17,5,4,0,0
tohoku_site_600932f6a421,倉沢変電所,tohoku,w326125852,none,1,0,0,0,0,0,0,0,0,0,0,,,no_observed,0,0,1,0,0,0,0
tohoku_site_6058a2a2e077,東港一丁目変電所_2,tohoku,w1028585775,conductors_only,2,1,0,1,0,0,1,0,1,0,0,275/154,,no_observed,2,0,14,2,0,0,0
tohoku_site_605b859ff215,大字清野袋五丁目変電所,tohoku,w840501419,conductors_only,1,1,0,1,0,0,0,0,0,0,0,,,no_observed,0,2,6,2,0,0,0
tohoku_site_607c847a5471,田子倉発電所,tohoku,w158064651,none,1,0,0,1,0,0,3,0,0,0,0,,,no_observed,3,0,0,0,0,0,0
tohoku_site_6140ff6d980d,大館市変電所,tohoku,w795884865,conductors_only,1,1,0,0,0,0,1,0,0,0,0,,,no_observed,1,0,0,1,0,0,0
tohoku_site_61b0275e7e79,大熊町変電所,tohoku,w103816815,lines_only,2,1,0,1,0,0,1,0,1,0,0,275/66,,no_observed,1,2,9,0,2,0,0
tohoku_site_61c0dd468528,新田変電所,tohoku,w325425083,lines_only,1,1,0,0,0,0,0,0,0,0,0,,,no_observed,0,1,1,0,1,0,0
tohoku_site_61fa12a44dae,五泉変電所,tohoku,w315392820,lines_only,2,2,0,1,0,0,0,0,1,0,0,66/6,,no_observed,0,3,0,0,3,0,2
tohoku_site_627422fd6eab,小国小坂町三丁目変電所,tohoku,w699397319,conductors_only,1,1,0,1,0,0,0,0,0,0,0,,,no_observed,0,3,10,2,0,0,0
tohoku_site_632c314e9a37,川西町変電所,tohoku,w1026396862,partial,2,3,1,0,1,1,5,0,1,3,3,66/33,66/33;66/6,contradicts,5,0,7,3,0,2,0
tohoku_site_635053e3e6b7,浪打変電所,tohoku,w715439766,layout_only,2,2,0,0,0,0,0,0,1,3,3,66/6,66/6,same,0,1,2,0,1,0,0
tohoku_site_638d3a4b7523,白石変電所,tohoku,w1017577728,partial,1,2,1,0,1,1,2,0,0,3,3,,66/6,contradicts,2,0,3,1,0,0,0
tohoku_site_63b2969d840c,重吉変電所,tohoku,w798835088,lines_only,3,2,0,1,0,0,0,0,2,0,0,154/66;66/6,,no_observed,0,3,6,0,3,0,0
tohoku_site_63b378799be3,五ツ橋変電所,tohoku,w1062261265,none,1,0,1,0,0,0,0,0,0,0,0,,,no_observed,0,0,0,0,0,0,0
tohoku_site_63df7ea090ed,升田変電所,tohoku,w830289286,conductors_only,1,1,0,0,0,0,0,0,0,0,0,,,no_observed,0,1,2,1,0,0,0
tohoku_site_64402cd7a3a4,御野場新町一丁目変電所,tohoku,w799103537,lines_only,0,0,0,0,0,0,0,0,0,0,0,,,no_observed,0,1,0,0,0,0,0
tohoku_site_64aa00d26138,湯沢市変電所_3,tohoku,w785551011,none,1,0,0,1,0,0,1,0,0,0,0,,,no_observed,2,0,0,0,0,0,0
tohoku_site_64aaefdf523d,奥州市変電所,tohoku,w798375557,lines_only,1,1,0,0,0,0,0,0,0,0,0,,,no_observed,0,1,0,0,1,0,0
tohoku_site_64d05749b55b,山王変電所,tohoku,w795491940,none,0,0,0,0,0,0,0,0,0,0,0,,,no_observed,0,0,0,0,0,0,0
tohoku_site_64d2970e7004,JR東日本 新名川補助き電区分所,tohoku,w835227250,none,1,0,0,0,0,0,0,0,0,0,0,,,no_observed,0,0,0,0,0,0,0
tohoku_site_64e856cdc238,東根変電所,tohoku,w325046384,partial,1,2,1,0,1,1,4,0,0,2,2,,66/6,contradicts,4,0,9,3,0,0,0
tohoku_site_64f8c3d5af09,美入野変電所,tohoku,w175849396,conductors_only,2,2,0,1,0,0,4,0,1,0,0,66/6,,no_observed,4,0,0,1,0,0,0
tohoku_site_655fcb5039d1,白石市変電所_3,tohoku,w1035563633,conductors_only,1,1,0,1,0,0,1,0,0,0,0,,,no_observed,3,0,6,3,0,0,0
tohoku_site_657490048320,東北電力ネットワーク(株)中新潟変電所,tohoku,n13118683545,none,2,0,2,0,0,0,5,0,1,0,0,154/66,,no_observed,7,0,14,0,0,0,0
tohoku_site_65aba0f50c32,柏台変電所,tohoku,w732494195,none,2,0,0,1,0,0,3,0,1,0,0,66/33,,no_observed,2,0,0,0,0,0,0
tohoku_site_65c24ca43d32,南会津町変電所,tohoku,w310911923,lines_only,0,0,0,0,0,0,0,0,0,0,0,,,no_observed,0,1,3,0,0,0,0
tohoku_site_66014c1ae1d1,青葉区変電所,tohoku,w889997774,conductors_only,1,1,1,0,1,1,1,0,0,0,0,,,no_observed,1,1,0,1,0,0,0
tohoku_site_66510d9d0091,寄居浜変電所,tohoku,w329393456,none,0,0,0,0,0,0,0,0,0,0,0,,,no_observed,0,0,0,0,0,0,0
tohoku_site_666e39759482,鬼怒川変電所,tohoku,w519763177,none,3,0,0,0,0,0,0,0,2,0,0,154/66;66/6,,no_observed,0,0,5,0,0,0,0
tohoku_site_6696a8dc3d16,下石上変電所,tohoku,w1226667700,lines_only,1,1,0,1,0,0,0,0,0,0,0,,,no_observed,0,2,6,0,2,0,0
tohoku_site_669fe95b18d3,楢葉町変電所,tohoku,w104173570,lines_only,2,1,0,1,0,0,0,0,1,0,0,500/66,,no_observed,0,2,11,0,2,0,0
tohoku_site_66a43c118bb9,岩井崎変電所,tohoku,w761234942,partial,2,2,0,1,0,0,1,0,1,1,1,66/6,66/6,same,2,0,4,2,0,0,0
tohoku_site_66aed117a112,下船渡変電所,tohoku,w827788677,partial,2,2,1,0,1,1,1,0,1,2,2,66/6,66/6,same,1,0,0,1,0,0,0
tohoku_site_671db9f73a69,渋民き電区分所,tohoku,w174696411,conductors_only,1,1,0,0,0,0,0,0,0,0,0,,,no_observed,0,0,0,0,0,0,0
tohoku_site_679ef27b6bd6,花園変電所,tohoku,w834661225,conductors_only,1,1,0,1,0,0,0,0,0,0,0,,,no_observed,0,5,6,2,0,0,0
tohoku_site_67ade8585702,牛島変電所,tohoku,w176978725,conductors_only,3,2,0,1,0,0,0,0,2,0,0,154/66;66/6,,no_observed,0,13,19,0,0,0,0
tohoku_site_6835108259c7,相馬市変電所,tohoku,w1027413699,mapped,1,1,0,1,0,0,1,0,0,3,3,,,no_observed,2,0,3,2,0,0,0
tohoku_site_68390feab443,小高区大田和変電所,tohoku,w1027413727,lines_only,3,1,3,1,0,0,15,0,2,0,0,500/275;275/66,,no_observed,15,1,19,0,1,0,0
tohoku_site_6876e1cc18aa,岩泉町変電所,tohoku,w788177039,none,1,0,0,0,0,0,1,0,0,0,0,,,no_observed,1,0,0,0,0,0,0
tohoku_site_6876f32dc25d,楯岡変電所,tohoku,w325046381,partial,1,2,0,1,0,0,1,0,0,3,3,,66/6,contradicts,3,0,4,3,0,0,2
tohoku_site_68d880e1e470,西福島変電所,tohoku,w291411215,mapped,2,2,5,0,2,5,17,0,1,3,3,154/66,154/66,same,14,6,22,9,0,0,0
tohoku_site_6941ed38b5a9,竜飛ケーブルヘッド,tohoku,w721045161,none,2,0,0,1,0,0,0,0,1,0,0,250/66,,no_observed,0,2,5,0,0,0,0
tohoku_site_69d68bda99ac,金成入生田変電所,tohoku,w1017260428,lines_only,1,1,1,0,0,0,3,0,0,0,0,,,no_observed,4,1,13,0,1,0,0
tohoku_site_69e7ea47f0a8,北小名浜変電所,tohoku,w362156583,conductors_only,2,2,0,1,0,0,0,0,1,0,0,66/6,,no_observed,0,2,3,1,0,0,0
tohoku_site_6a56b4262002,蓬莱町一丁目変電所,tohoku,w1027413659,conductors_only,1,1,0,1,0,0,0,0,0,0,0,,,no_observed,0,5,0,1,0,0,0
tohoku_site_6aa8ced16958,舟入一丁目変電所,tohoku,w588882985,conductors_only,1,1,0,1,0,0,0,0,0,0,0,,,no_observed,0,2,3,0,1,0,0
tohoku_site_6aee9c37fbd7,北台変電所,tohoku,w103816782,lines_only,2,1,0,1,0,0,1,0,1,0,0,275/66,,no_observed,1,2,9,0,2,0,0
tohoku_site_6b19045d0c3c,好摩変電所,tohoku,w174636876,conductors_only,4,3,0,1,0,0,2,0,3,0,0,154/66;66/33;33/6,,no_observed,2,0,4,2,0,0,0
tohoku_site_6b76c6b15305,北工業団地変電所,tohoku,w609882489,none,1,0,0,1,0,0,2,0,0,0,0,,,no_observed,2,0,0,0,0,0,0
tohoku_site_6bc671a9a0d4,JR北海道 今別変電所,tohoku,w387325748,conductors_only,2,2,0,1,0,0,6,0,1,0,0,275/25,,no_observed,2,0,3,2,0,0,0
tohoku_site_6c61912ba42e,葛巻開閉所,tohoku,w720863320,mapped,1,1,0,1,0,0,1,1,0,0,0,,,no_observed,3,0,0,3,0,0,0
tohoku_site_6d253f497f82,岩手滝沢変電所,tohoku,w721606891,lines_only,2,1,0,1,0,0,0,0,1,0,0,154/66,,no_observed,0,2,3,0,2,0,0
tohoku_site_6d38560b8785,金ケ崎町変電所,tohoku,w659558538,conductors_only,2,1,0,1,0,0,3,0,1,0,0,154/66,,no_observed,4,2,9,1,0,0,0
tohoku_site_6de4886e2a0a,福沢南変電所,tohoku,w1026396838,lines_only,1,1,0,0,0,0,0,0,0,0,0,,,no_observed,0,1,0,0,1,0,0
tohoku_site_6dfdd11e856a,青い森鉄道 陸奥市川き電区分所,tohoku,w830169593,conductors_only,2,1,0,0,0,0,8,0,1,0,0,25/20,,no_observed,0,0,0,0,0,0,0
tohoku_site_6e864a04317a,字西沢変電所,tohoku,w785286717,none,1,0,0,0,0,0,0,0,0,0,0,,,no_observed,0,0,1,0,0,0,0
tohoku_site_6e8eb5215c26,長苗代四丁目変電所,tohoku,n6847657691,none,1,0,0,0,0,0,1,0,0,0,0,,,no_observed,1,0,3,0,0,0,0
tohoku_site_6ea0a5091af7,鮎貝変電所,tohoku,w783593581,partial,2,2,1,0,1,1,2,0,1,2,2,66/6,66/6,same,2,0,4,1,0,0,0
tohoku_site_6ed9dd3472e3,東北電力花京院変電所,tohoku,w109687419,none,0,0,0,0,0,0,0,0,0,0,0,,,no_observed,0,0,0,0,0,0,0
tohoku_site_6f17cc0989a4,日戸変電所,tohoku,w781188559,none,2,0,0,0,0,0,2,0,1,0,0,66/33,,no_observed,2,0,0,0,0,0,0
tohoku_site_6f2131c22a80,石巻湊変電所,tohoku,w610570203,partial,2,2,1,0,1,1,3,0,1,3,3,66/6,66/6,same,2,0,3,1,0,0,0
tohoku_site_6fca1db65063,大形変電所,tohoku,w170016166,conductors_only,2,1,1,0,1,1,4,0,1,0,0,154/66,,no_observed,4,6,6,2,0,0,0
tohoku_site_6ff8025949a4,郷沢変電所,tohoku,w193478620,none,0,0,0,0,0,0,0,0,0,0,0,,,no_observed,0,0,0,0,0,0,0
tohoku_site_700adda7ddc0,能代東変電所,tohoku,w322132736,conductors_only,2,2,0,2,0,0,3,0,1,0,0,66/33,,no_observed,3,1,1,3,1,0,0
tohoku_site_701f4fa689c7,酒田市変電所,tohoku,w769954058,lines_only,2,1,0,2,0,0,2,0,1,0,0,154/66,,no_observed,2,2,3,0,2,0,0
tohoku_site_7086089934df,広野町変電所,tohoku,w103812578,lines_only,1,0,0,1,0,0,0,0,0,0,0,,,no_observed,0,6,8,0,0,0,0
tohoku_site_7126268443ae,大崎市変電所,tohoku,w833554519,conductors_only,1,1,1,0,1,2,3,0,0,0,0,,,no_observed,4,3,3,3,0,0,0
tohoku_site_715904f4d14a,大手町一丁目変電所,tohoku,w821508268,none,1,0,0,0,0,0,0,0,0,0,0,,,no_observed,0,0,1,0,0,0,0
tohoku_site_720482390c4f,宮内変電所,tohoku,w343505371,conductors_only,1,1,2,0,1,2,6,0,0,0,0,,,no_observed,6,0,8,2,0,0,0
tohoku_site_722c3b938535,東山形変電所,tohoku,w325304501,conductors_only,2,2,0,2,0,0,0,0,1,0,0,154/66,,no_observed,0,14,24,3,4,0,0
tohoku_site_729b41915d8f,高堂二丁目変電所,tohoku,w1026086968,conductors_only,1,1,0,1,0,0,0,0,0,0,0,,,no_observed,0,10,0,1,1,0,0
tohoku_site_730c3be31729,売市開閉所,tohoku,w714705599,conductors_only,1,1,0,1,0,0,1,0,0,0,0,,,no_observed,1,1,0,1,1,0,0
tohoku_site_736d0eea8a73,弘前城東変電所,tohoku,w716712573,partial,2,2,0,1,0,0,0,0,1,2,2,66/6,66/6,same,0,20,1,2,0,0,0
tohoku_site_7375cc98c4ed,胎内市変電所,tohoku,w621189000,lines_only,1,1,0,0,0,0,0,0,0,0,0,,,no_observed,0,1,0,0,1,0,0
tohoku_site_7375fc500e65,河原町二丁目変電所,tohoku,w368942394,none,1,0,1,0,0,0,0,0,0,0,0,,,no_observed,0,0,0,0,0,0,0
tohoku_site_73b02948236d,三沢市変電所,tohoku,w799095801,lines_only,1,1,0,1,0,0,0,0,0,0,0,,,no_observed,0,2,0,0,0,2,0
tohoku_site_741fca9ac3c3,沼辺変電所,tohoku,w1035563622,mapped,1,1,2,0,1,2,7,0,0,2,2,,,no_observed,9,2,19,8,0,0,0
tohoku_site_7436dbf6728c,東北電力ネットワーク(株)幸町変電所,tohoku,n12885413102,none,0,0,0,0,0,0,0,0,0,0,0,,,no_observed,0,0,0,0,0,0,0
tohoku_site_7451675a089f,字一本木変電所,tohoku,w794854491,lines_only,1,0,0,0,0,0,0,0,0,0,0,,,no_observed,0,1,2,0,0,0,0
tohoku_site_74796dca2ab4,稲沢変電所,tohoku,w1153972181,lines_only,1,1,0,1,0,0,0,0,0,0,0,,,no_observed,0,2,4,0,2,0,0
tohoku_site_74be9ad90721,岩木川変電所,tohoku,w716722109,lines_only,1,1,0,0,0,0,0,0,0,0,0,,,no_observed,0,1,1,0,1,0,0
tohoku_site_74d4fbb3ae08,にかほ市変電所,tohoku,w828817621,conductors_only,1,1,0,1,0,0,0,0,0,0,0,,,no_observed,0,2,3,1,0,0,0
tohoku_site_74f9ae1473c3,餅田変電所,tohoku,w295376076,lines_only,1,1,0,0,0,0,0,0,0,0,0,,,no_observed,0,1,3,0,1,0,0
tohoku_site_760a9f621171,津川変電所,tohoku,w325971086,partial,2,2,1,0,1,1,3,0,1,2,2,66/6,66/6,same,3,2,3,2,0,0,0
tohoku_site_761f2ae52719,六ヶ所村変電所_5,tohoku,w797759495,none,2,0,2,0,0,0,12,0,1,0,0,154/66,,no_observed,12,0,0,0,0,0,0
tohoku_site_7656c706e024,二枚橋変電所,tohoku,w697616837,none,1,0,0,1,0,0,2,0,0,0,0,,,no_observed,3,0,0,0,0,0,0
tohoku_site_766186a40161,あすと長町変電所,tohoku,w1248992438,none,1,0,1,0,0,0,2,0,0,0,0,,,no_observed,2,0,0,0,0,0,0
tohoku_site_7684ed162cef,JR東日本 新青森変電所,tohoku,w714785179,mapped,3,2,1,1,0,0,7,0,2,2,2,154/66;66/25,154/25,contradicts,6,3,1,1,0,0,0
tohoku_site_769f57f13ea3,上北変電所,tohoku,w714627759,mapped,4,4,3,1,3,18,21,0,3,8,8,500/275;275/154;154/66,500/275;275/154;154/66,same,19,3,30,18,0,0,0
tohoku_site_770b996d168c,岩手高田変電所,tohoku,w827788662,partial,2,2,1,0,1,1,2,0,1,2,2,66/6,66/6,same,2,0,6,2,0,0,0
tohoku_site_77c89f37b585,鍋田変電所,tohoku,w783845868,none,0,0,0,0,0,0,0,0,0,0,0,,,no_observed,0,0,0,0,0,0,0
tohoku_site_77ef2438d118,能代市変電所,tohoku,w1028554679,conductors_only,1,1,0,1,0,0,1,0,0,0,0,,,no_observed,5,0,6,5,0,0,0
tohoku_site_77f1210873e9,手形山東町変電所,tohoku,w819476005,lines_only,1,1,0,1,0,0,0,0,0,0,0,,,no_observed,0,2,2,0,2,0,0
tohoku_site_780ca89f2c25,森岳変電所,tohoku,w793859028,none,2,0,0,0,0,0,1,0,1,0,0,66/6,,no_observed,1,0,3,0,0,0,0
tohoku_site_7814271f7d38,花沢変電所_2,tohoku,w1026396776,conductors_only,1,1,2,0,0,0,3,0,0,0,0,,,no_observed,5,2,7,1,0,0,0
tohoku_site_783ebaf2f70b,岡町変電所,tohoku,w715439771,partial,3,2,3,0,1,1,9,0,2,2,2,66/25;25/6,66/6,contradicts,6,0,6,3,0,0,0
tohoku_site_79491363951d,一関市変電所_3,tohoku,w783922630,conductors_only,1,1,0,1,0,0,2,0,0,0,0,,,no_observed,2,0,2,1,0,0,0
tohoku_site_7a52480d6fc1,羽後変電所,tohoku,w316727625,mapped,2,2,4,0,2,4,16,0,1,3,3,275/66,275/66,same,10,0,15,7,0,0,0
tohoku_site_7a6304794b87,由利本荘市変電所_3,tohoku,w828817661,lines_only,1,1,0,1,0,0,0,0,0,0,0,,,no_observed,0,5,8,0,5,0,0
tohoku_site_7ab0609fd617,大字板留変電所,tohoku,w781539061,none,1,0,0,0,0,0,1,0,0,0,0,,,no_observed,1,0,4,0,0,0,0
tohoku_site_7b3444461cd3,北鶴岡変電所,tohoku,w326125855,lines_only,1,1,0,0,0,0,0,0,0,0,0,,,no_observed,0,2,1,0,1,0,0
tohoku_site_7b4e82eee7c2,金谷川変電所,tohoku,w107401908,conductors_only,2,2,0,1,0,0,0,0,1,0,0,66/6,,no_observed,0,6,8,1,4,0,0
tohoku_site_7b941eb71118,本荘変電所,tohoku,w770377139,conductors_only,3,3,0,0,0,0,2,0,2,0,0,66/33;33/6,,no_observed,2,0,0,1,0,0,0
tohoku_site_7c1332c0732b,岩泉発電所,tohoku,w321894833,conductors_only,3,3,1,1,1,3,2,0,2,0,0,66/33;33/6,,no_observed,7,0,12,7,0,0,0
tohoku_site_7c2aeb17ec2c,沖館変電所,tohoku,w318152361,partial,2,2,1,0,1,3,7,0,1,3,3,66/6,66/6,same,4,0,6,3,0,0,0
tohoku_site_7c59c1b38ebd,川内村変電所,tohoku,w680680923,lines_only,1,1,0,1,0,0,0,0,0,0,0,,,no_observed,0,2,4,0,2,0,0
tohoku_site_7e37ab9cfda3,河東町広田変電所,tohoku,w1017715806,lines_only,1,1,0,1,0,0,0,0,0,0,0,,,no_observed,0,2,3,0,2,0,0
tohoku_site_7e4579154f98,干供田変電所,tohoku,w1017577755,lines_only,1,1,0,0,0,0,0,0,0,0,0,,,no_observed,0,1,6,0,1,0,0
tohoku_site_7e4a611febae,JR東日本 原ノ町変電所,tohoku,w1027413750,mapped,2,2,2,0,1,1,7,0,1,2,2,66/20,66/20,same,10,0,3,1,0,0,0
tohoku_site_7e7813f0caef,大野目変電所,tohoku,w308626715,partial,1,2,0,1,0,0,1,0,0,3,3,,66/6,contradicts,3,2,3,2,0,0,0
tohoku_site_7e8f6a54cbf1,軽米町変電所,tohoku,w890021894,lines_only,1,1,0,0,0,0,0,0,0,0,0,,,no_observed,0,1,4,0,1,0,0
tohoku_site_7fb0fa76e9f4,原町区下太田変電所,tohoku,w1027413738,lines_only,1,1,0,1,0,0,1,0,0,0,0,,,no_observed,2,1,0,0,1,0,0
tohoku_site_800e13f8e2b6,須賀川変電所,tohoku,w104375141,partial,3,3,4,0,3,10,27,0,2,6,6,275/154;154/66,275/154;154/66,same,18,3,29,13,2,0,0
tohoku_site_80d26eba5303,卸町一丁目変電所,tohoku,w987524081,none,0,0,0,0,0,0,0,0,0,0,0,,,no_observed,0,0,0,0,0,0,0
tohoku_site_80df4f7208a7,田村市変電所,tohoku,w902179386,lines_only,1,1,0,1,0,0,0,0,0,0,0,,,no_observed,0,2,3,0,2,0,0
tohoku_site_81b91b84bcbe,河東町岡田変電所,tohoku,w1017715802,lines_only,2,1,1,0,0,0,10,0,1,0,0,154/66,,no_observed,10,2,32,0,2,0,0
tohoku_site_8209560835f0,東通村変電所,tohoku,n6766010140,none,1,0,0,0,0,0,1,0,0,0,0,,,no_observed,1,0,0,0,0,0,0
tohoku_site_828bd4dcfb0c,手形変電所,tohoku,w782093314,conductors_only,1,1,0,0,0,0,1,0,0,0,0,,,no_observed,1,0,0,1,0,0,0
tohoku_site_8295a9d59e2e,安本変電所,tohoku,w785551037,none,1,0,0,1,0,0,4,0,0,0,0,,,no_observed,4,0,0,0,0,0,0
tohoku_site_82e81f7d5095,飯坂変電所,tohoku,w1017577779,conductors_only,3,2,2,0,1,2,4,0,2,0,0,154/66;66/3,,no_observed,4,1,10,3,1,0,0
tohoku_site_8342691eb01c,由利本荘市変電所_2,tohoku,w828817660,lines_only,1,1,0,1,0,0,0,0,0,0,0,,,no_observed,0,2,4,0,2,0,0
tohoku_site_83b2e88a6e01,JR黒磯変電所,tohoku,w684063796,lines_only,1,1,0,0,0,0,0,0,0,0,0,,,no_observed,0,1,1,0,1,0,0
tohoku_site_84366dcd99dc,湊町変電所,tohoku,w557379655,lines_only,1,1,0,0,0,0,0,0,0,0,0,,,no_observed,0,1,0,0,1,0,0
tohoku_site_843b08d92e33,玉浦変電所,tohoku,w724857326,partial,2,2,0,1,0,0,1,0,1,3,3,66/6,66/6,same,2,0,6,1,0,0,0
tohoku_site_84fe9411755d,川治変電所,tohoku,w1072931705,lines_only,2,2,0,0,0,0,0,0,1,0,0,66/1,,no_observed,0,1,11,0,1,0,0
tohoku_site_85b0e6ce4ec5,合戦坂変電所,tohoku,w249465364,lines_only,1,1,0,1,0,0,0,0,0,0,0,,,no_observed,0,8,11,0,8,0,0
tohoku_site_861646febe04,本名変電所,tohoku,w234041222,mapped,2,2,2,1,1,2,8,0,1,2,2,275/154,275/154,same,12,9,11,9,0,0,0
tohoku_site_87a360886d53,釈迦内変電所,tohoku,w721051609,lines_only,2,2,0,0,0,0,0,0,1,0,0,66/6,,no_observed,0,1,0,0,1,0,0
tohoku_site_87a41e9447c7,中田変電所,tohoku,w891443241,lines_only,2,2,0,0,0,0,0,0,1,0,0,66/6,,no_observed,0,0,0,0,0,0,2
tohoku_site_87f612098d23,紫竹変電所,tohoku,w318218925,lines_only,2,1,0,1,0,0,0,0,1,0,0,154/66,,no_observed,0,7,15,0,6,0,0
tohoku_site_88a99036d3bd,相去変電所,tohoku,w722192409,lines_only,2,2,0,0,0,0,0,0,1,0,0,66/6,,no_observed,0,1,1,0,1,0,0
tohoku_site_893fad480dc2,釜石市変電所,tohoku,w827788703,conductors_only,1,1,0,0,0,0,0,0,0,0,0,,,no_observed,0,1,2,1,0,0,0
tohoku_site_89618446a355,蛇沢変電所,tohoku,w781269099,conductors_only,1,1,0,0,0,0,1,0,0,0,0,,,no_observed,1,0,0,1,0,0,0
tohoku_site_89e891d0f74b,象潟変電しょ,tohoku,w828817585,conductors_only,1,1,0,1,0,0,0,0,0,0,0,,,no_observed,0,2,3,1,0,0,0
tohoku_site_8a0af8c0ccae,青葉二丁目変電所,tohoku,w321894850,lines_only,1,1,0,1,0,0,0,0,0,0,0,,,no_observed,0,2,0,0,0,2,0
tohoku_site_8a106d7576aa,字横堀下変電所,tohoku,w231800593,none,1,0,0,0,0,0,0,0,0,0,0,,,no_observed,0,0,1,0,0,0,0
tohoku_site_8a91fb4e5d4f,南相馬市変電所,tohoku,w1027413725,lines_only,1,1,0,1,0,0,0,0,0,0,0,,,no_observed,0,2,3,0,2,0,0
tohoku_site_8ab2de9535d5,松岬変電所,tohoku,w657634409,partial,2,2,1,0,1,4,0,0,1,3,3,66/6,66/6,same,2,0,3,1,0,0,0
tohoku_site_8b359df55219,喜多方市変電所_3,tohoku,w270298148,conductors_only,2,1,1,1,0,0,10,0,1,0,0,154/66,,no_observed,10,4,6,1,2,0,0
tohoku_site_8b4b2e9b3500,小中島発電所,tohoku,w781807848,none,3,0,0,0,0,0,2,0,2,0,0,66/33;33/6,,no_observed,2,0,0,0,0,0,0
tohoku_site_8b6e19c858bd,小中野変電所,tohoku,w321894858,lines_only,2,2,0,1,0,0,4,0,1,0,0,66/6,,no_observed,4,2,0,0,2,0,0
tohoku_site_8b7aba073d46,関森変電所,tohoku,w1070081478,lines_only,2,2,0,0,0,0,0,0,1,0,0,33/6,,no_observed,0,1,0,0,1,0,0
tohoku_site_8b99f44ebe42,東通村変電所_3,tohoku,w1028554758,lines_only,3,1,0,1,0,0,0,0,2,0,0,500/154;154/66,,no_observed,0,2,12,0,2,0,0
tohoku_site_8bc84487c31d,網川原変電所,tohoku,w170016137,partial,2,2,0,2,0,0,0,2,1,0,0,154/66,,no_observed,0,12,3,4,0,0,0
tohoku_site_8be37df67a79,大船渡変電所,tohoku,w317056307,mapped,2,2,3,0,2,4,11,0,1,2,2,154/66,154/66,same,9,0,12,9,0,0,0
tohoku_site_8c2ebc042741,神指変電所,tohoku,w233220599,lines_only,1,1,0,1,0,0,0,0,0,0,0,,,no_observed,0,4,6,0,4,0,0
tohoku_site_8c3a065fe8d1,字町北変電所,tohoku,w325382917,conductors_only,2,2,0,1,0,0,2,0,1,0,0,66/33,,no_observed,4,1,16,2,0,0,0
tohoku_site_8c559a1713bf,新西那須野き電区分所,tohoku,w1478522143,none,2,0,0,0,0,0,0,0,1,0,0,66/25,,no_observed,0,0,2,0,0,0,0
tohoku_site_8c7c8734e42b,深沢変電所_3,tohoku,w835453796,conductors_only,1,1,0,0,0,0,0,0,0,0,0,,,no_observed,0,1,2,1,0,0,0
tohoku_site_8d4112dbd046,置賜変電所,tohoku,w783593582,mapped,2,2,1,1,1,1,11,0,1,2,2,154/66,154/66,same,10,0,17,10,0,0,0
tohoku_site_8d4a79260e92,JR東日本 新郡山変電所,tohoku,w834176146,mapped,2,2,0,1,0,0,4,0,1,2,2,275/25,275/25,same,2,0,3,2,0,0,0
tohoku_site_8d8be0b427ca,川尻若葉町変電所,tohoku,w795596421,none,0,0,0,0,0,0,0,0,0,0,0,,,no_observed,0,0,5,0,0,0,0
tohoku_site_8d8dd05fc232,前沢変電所,tohoku,w783616471,conductors_only,2,2,0,0,0,0,1,0,1,0,0,66/6,,no_observed,0,0,0,2,0,0,0
tohoku_site_8dcaef51bffd,天童変電所,tohoku,w699724712,partial,2,2,0,1,0,0,1,0,1,3,3,66/6,66/6,same,2,0,3,2,0,0,0
tohoku_site_8f0767c4580a,JR北海道吉岡変電所,tohoku,w316552309,partial,3,2,2,0,2,2,8,0,2,3,2,250/187;187/66,187/66,partial,4,0,10,4,0,0,0
tohoku_site_8f2f1cc1dbf0,佐井変電所,tohoku,w715765321,none,3,0,0,1,0,0,2,0,2,0,0,250/66;66/6,,no_observed,3,0,0,0,0,0,0
tohoku_site_8f96d122a1de,築館変電所,tohoku,w325791630,partial,2,2,1,0,1,1,6,0,1,2,2,66/6,66/6,same,4,0,6,2,0,0,0
tohoku_site_8fb952e1b746,JR東日本 新古川変電所,tohoku,w191144549,mapped,2,2,0,1,0,0,3,0,1,2,2,275/25,275/25,same,2,0,3,2,0,0,0
tohoku_site_8fff95079786,久慈変電所,tohoku,w321876766,partial,2,2,1,0,1,1,3,0,1,3,3,66/6,66/6,same,3,0,7,1,0,0,0
tohoku_site_9004a3c97759,船引町東部台五丁目変電所,tohoku,w658666083,conductors_only,1,1,0,1,0,0,0,0,0,0,0,,,no_observed,0,6,11,2,0,0,0
tohoku_site_9008136b5963,庄内町変電所_3,tohoku,w830311565,conductors_only,1,1,1,0,1,3,0,0,0,0,0,,,no_observed,3,0,4,3,0,0,0
tohoku_site_90511b4cfc7b,鶴巻二丁目変電所,tohoku,w308280528,lines_only,1,1,0,0,0,0,0,0,0,0,0,,,no_observed,0,1,0,0,1,0,0
tohoku_site_90905c416d43,桂変電所,tohoku,w323305009,conductors_only,1,1,0,0,0,0,1,0,0,0,0,,,no_observed,1,0,1,1,0,0,0
tohoku_site_90a34da85f71,みずほ変電所,tohoku,w792808473,lines_only,0,0,0,0,0,0,0,0,0,0,0,,,no_observed,0,1,1,0,0,0,0
tohoku_site_9123c7d41530,新町野変電所,tohoku,w318152350,partial,4,2,1,1,1,1,7,0,3,2,2,154/66;66/25;25/6,66/6,contradicts,6,0,8,2,0,0,0
tohoku_site_9164d5570220,十和田市変電所,tohoku,w1307142409,none,0,0,0,0,0,0,0,0,0,0,0,,,no_observed,0,0,0,0,0,0,0
tohoku_site_916ab0c4a2d0,北滝沢一丁目変電所,tohoku,w211428696,lines_only,1,1,0,1,0,0,0,0,0,0,0,,,no_observed,0,2,4,0,2,0,0
tohoku_site_916d436b0cb1,岩屋変電所_2,tohoku,w1025405604,lines_only,2,1,0,0,0,0,0,0,1,0,0,154/66,,no_observed,0,1,3,0,1,0,0
tohoku_site_91d2192ae309,最上町変電所,tohoku,w669532815,conductors_only,1,1,1,0,1,1,2,0,0,0,0,,,no_observed,2,0,3,2,0,0,0
tohoku_site_91fbfb4b017e,JR東日本 新水沢変電所,tohoku,w316581632,mapped,3,2,2,1,1,1,13,0,2,2,2,275/154;154/25,275/25,contradicts,10,0,3,2,0,0,0
tohoku_site_92404b6226f1,小林二丁目変電所,tohoku,w660481072,conductors_only,1,1,1,0,0,0,4,0,0,0,0,,,no_observed,4,1,8,2,0,0,0
tohoku_site_9249c767fc25,まいの一丁目変電所,tohoku,w833554530,lines_only,1,1,0,1,0,0,0,0,0,0,0,,,no_observed,0,2,0,0,2,0,0
tohoku_site_92d8e03b3aa1,JR東日本 新底田き電区分所,tohoku,w802089596,conductors_only,1,1,0,0,0,0,0,0,0,0,0,,,no_observed,0,0,0,0,0,0,0
tohoku_site_92f0e7d63ea8,瀬上町変電所,tohoku,w316459359,conductors_only,1,1,0,1,0,0,0,0,0,0,0,,,no_observed,0,8,0,2,0,0,0
tohoku_site_9310d7fefafb,木造変電所,tohoku,w716740550,lines_only,1,1,0,0,0,0,0,0,0,0,0,,,no_observed,0,0,0,0,0,0,2
tohoku_site_934ef8fc9805,西山寺町変電所,tohoku,w1132180323,lines_only,0,0,0,0,0,0,0,0,0,0,0,,,no_observed,0,1,0,0,0,0,0
tohoku_site_9373d48d56bd,渋民変電所,tohoku,w660601984,none,2,0,0,1,0,0,2,0,1,0,0,154/66,,no_observed,2,0,4,0,0,0,0
tohoku_site_937be32740c4,仙北市変電所_5,tohoku,w814188510,conductors_only,1,1,0,1,0,0,2,0,0,0,0,,,no_observed,2,0,4,2,0,0,0
tohoku_site_93e8bd231bf1,五戸変電所,tohoku,w317112019,mapped,2,2,4,0,2,4,8,0,1,2,2,275/154,275/154,same,4,0,6,4,0,0,0
tohoku_site_943b22bd8ec8,向能代変電所,tohoku,w793859015,none,2,0,0,0,0,0,1,0,1,0,0,66/6,,no_observed,1,0,0,0,0,0,0
tohoku_site_94d19f9c8777,泉変電所_2,tohoku,w835186098,conductors_only,1,1,0,1,0,0,0,0,0,0,0,,,no_observed,0,2,3,1,0,0,0
tohoku_site_94f9116fb0e0,磯原変電所,tohoku,w818854170,conductors_only,1,1,0,1,0,0,0,0,0,0,0,,,no_observed,0,5,5,1,0,0,0
tohoku_site_956786546926,浦町変電所,tohoku,w715439767,layout_only,3,3,0,0,0,0,0,0,2,3,3,154/66;66/6,66/6,partial,0,1,1,0,1,0,0
tohoku_site_957409210aa6,新館南変電所,tohoku,w798835085,lines_only,2,1,0,0,0,0,0,0,1,0,0,154/66,,no_observed,0,1,9,0,1,0,2
tohoku_site_957646186494,桔梗野変電所,tohoku,w716700137,partial,2,2,1,0,1,1,6,0,1,2,2,66/6,66/6,same,4,0,5,4,0,0,0
tohoku_site_957910fb6967,土崎変電所,tohoku,w782093330,conductors_only,3,3,0,0,0,0,1,0,2,0,0,66/33;33/6,,no_observed,1,0,1,1,0,0,0
tohoku_site_95da826a9570,JR東日本 北白川変電所,tohoku,w1035563657,mapped,2,4,0,1,0,0,2,0,1,2,2,66/20,66/20,same,2,0,2,2,0,0,0
tohoku_site_9646ea52c611,沼原電力所,tohoku,w1016436036,lines_only,1,1,0,1,0,0,0,0,0,0,0,,,no_observed,0,4,3,0,1,0,0
tohoku_site_96bafd288dd0,中町変電所,tohoku,w323474242,lines_only,1,1,0,0,0,0,0,0,0,0,0,,,no_observed,0,1,0,0,1,0,0
tohoku_site_9712d0922d2a,湯沢変電所,tohoku,w323304989,conductors_only,1,1,0,1,0,0,2,0,0,0,0,,,no_observed,2,0,0,1,0,0,0
tohoku_site_9725528c27da,西多賀接続点,tohoku,w104107769,conductors_only,1,1,0,1,0,0,1,0,0,0,0,,,no_observed,1,8,1,2,0,0,0
tohoku_site_974f25bb3e1f,新庄変電所,tohoku,w308348224,partial,4,4,3,1,2,6,14,0,3,4,4,275/154;154/66;66/33,275/154;154/66,partial,10,3,17,7,3,0,2
tohoku_site_97776a370c62,笹口変電所,tohoku,w446226134,none,0,0,0,0,0,0,0,0,0,0,0,,,no_observed,0,0,0,0,0,0,0
tohoku_site_977f4c4d1cbe,花園町一丁目変電所,tohoku,w838937860,conductors_only,2,1,0,1,0,0,5,0,1,0,0,66/20,,no_observed,3,0,2,1,0,0,0
tohoku_site_97adfaf2b544,尾駮変電所,tohoku,w297653556,conductors_only,1,1,0,0,0,0,1,0,0,0,0,,,no_observed,1,0,0,1,0,0,0
tohoku_site_97b0a03300c7,新潟変電所,tohoku,w169993955,mapped,2,2,2,0,2,11,18,6,1,3,3,275/154,275/154,same,15,0,18,12,0,0,0
tohoku_site_97cfcf851420,会津若松変電所,tohoku,w1017715780,lines_only,1,1,0,0,0,0,0,0,0,0,0,,,no_observed,0,1,0,0,1,0,0
tohoku_site_98051629c1ad,JR東日本 院内変電所,tohoku,w890021885,partial,2,2,0,1,0,0,3,0,1,2,2,275/20,275/20,same,2,0,2,2,0,0,0
tohoku_site_9840db7242d2,能代変電所,tohoku,w302164679,mapped,2,2,5,0,3,5,12,0,1,2,2,275/66,275/66,same,10,0,14,10,0,0,0
tohoku_site_98ce72c147ee,仲崎変電所,tohoku,w715636704,conductors_only,1,1,1,0,1,1,4,0,0,0,0,,,no_observed,4,0,6,4,0,0,0
tohoku_site_98d3d64bf19c,尾駮変電所_2,tohoku,w607269364,none,2,0,2,0,0,0,10,0,1,0,0,154/66,,no_observed,10,0,9,0,0,0,0
tohoku_site_9923ffe5ad44,東仙台変電所,tohoku,w829088621,conductors_only,2,2,0,2,0,0,0,0,1,0,0,275/154,,no_observed,0,11,4,3,0,0,0
tohoku_site_99361e9fee86,後藤野変電所,tohoku,w761453369,conductors_only,2,2,0,0,0,0,1,0,1,0,0,66/6,,no_observed,1,0,0,1,0,0,0
tohoku_site_99be52535dd8,南会津町変電所_2,tohoku,w310911929,lines_only,0,0,0,1,0,0,0,0,0,0,0,,,no_observed,0,2,2,0,0,0,0
tohoku_site_9a3ee9b7fd67,石名坂変電所,tohoku,w830289271,partial,2,2,1,0,1,1,2,0,1,2,2,66/6,66/6,same,2,0,3,2,0,0,0
tohoku_site_9a6535e803e3,諏訪変電所,tohoku,w658666069,partial,2,2,0,1,0,0,0,0,1,3,3,66/6,66/6,same,0,7,7,2,0,0,0
tohoku_site_9a8f3c67629c,岩屋変電所,tohoku,w1025405602,conductors_only,2,2,0,1,0,0,0,0,1,0,0,154/66,,no_observed,0,2,2,2,0,0,2
tohoku_site_9ae550cdcf74,高堂二丁目変電所,tohoku,w1026086967,layout_only,1,2,0,0,0,0,0,0,0,2,2,,66/6,contradicts,0,0,10,0,0,0,0
tohoku_site_9b5b46da366e,片平二丁目変電所,tohoku,w1189584183,none,1,0,1,0,0,0,0,0,0,0,0,,,no_observed,0,0,0,0,0,0,0
tohoku_site_9b88e9511964,久留米変電所,tohoku,w662695067,lines_only,2,2,0,1,0,0,0,0,1,0,0,66/33,,no_observed,0,3,7,0,3,0,0
tohoku_site_9bb62d761d9d,巣子変電所,tohoku,w781188542,conductors_only,2,2,0,0,0,0,1,0,1,0,0,66/6,,no_observed,0,0,0,2,0,0,0
tohoku_site_9c3275ea4f79,岡の台変電所,tohoku,w658806514,lines_only,1,1,0,1,0,0,0,0,0,0,0,,,no_observed,0,2,3,0,2,0,0
tohoku_site_9c7aa42c67b0,JR東日本 北常盤き電区分所,tohoku,w830169556,none,1,0,0,0,0,0,0,0,0,0,0,,,no_observed,0,0,0,0,0,0,0
tohoku_site_9c805587f6f7,常磐水野谷町変電所,tohoku,w672889100,lines_only,1,1,0,0,0,0,0,0,0,0,0,,,no_observed,0,1,1,0,1,0,0
tohoku_site_9c8e4d351bc2,青い森鉄道 三沢変電所,tohoku,w716995984,partial,2,2,0,1,0,0,5,0,1,1,1,66/20,66/20,same,3,0,3,1,0,0,0
tohoku_site_9d806573b16f,北工業団地変電所_2,tohoku,w761461884,conductors_only,1,1,0,1,0,0,2,0,0,0,0,,,no_observed,2,0,3,1,0,0,0
tohoku_site_9d9d08dc3c80,泉変電所,tohoku,w364708696,none,2,0,0,0,0,0,0,0,1,0,0,66/20,,no_observed,0,0,5,0,0,0,0
tohoku_site_9de2086a08ad,津軽線 青森西変電所,tohoku,w715439773,mapped,3,2,2,0,0,0,7,0,2,1,1,66/25;25/20,66/20,contradicts,4,0,3,2,0,0,0
tohoku_site_9e15da503082,石上変電所,tohoku,w199402917,conductors_only,1,1,0,1,0,0,0,0,0,0,0,,,no_observed,0,2,7,1,0,0,0
tohoku_site_9e8f93733d3b,木戸変電所,tohoku,w481845724,lines_only,1,1,1,0,0,0,3,0,0,0,0,,,no_observed,3,1,2,0,1,0,0
tohoku_site_9eac8ba30afa,下郷町変電所,tohoku,w310911914,none,0,0,0,0,0,0,0,0,0,0,0,,,no_observed,0,0,0,0,0,0,0
tohoku_site_9ebe135c3ee8,千畑変電所,tohoku,w785551055,conductors_only,2,2,0,0,0,0,1,0,1,0,0,66/6,,no_observed,1,0,0,1,0,0,0
tohoku_site_9eec7ceb1da7,上小塙変電所,tohoku,w481845727,lines_only,1,1,0,1,0,0,0,0,0,0,0,,,no_observed,0,2,0,0,2,0,0
tohoku_site_9f373288f681,村田変電所,tohoku,w1035563567,lines_only,1,1,0,0,0,0,0,0,0,0,0,,,no_observed,0,1,0,0,1,0,0
tohoku_site_a186fc370f4e,御所野変電所,tohoku,w173145744,conductors_only,2,2,0,2,0,0,12,0,1,0,0,154/66,,no_observed,14,0,10,7,0,2,0
tohoku_site_a18d75b64980,三戸変電所,tohoku,w566512851,none,1,0,0,1,0,0,2,0,0,0,0,,,no_observed,2,0,0,0,0,0,0
tohoku_site_a1c4ea04a4e0,赤津変電所,tohoku,w229302014,none,0,0,0,0,0,0,0,0,0,0,0,,,no_observed,0,0,0,0,0,0,0
tohoku_site_a1cd8cd5f5fa,古間木変電所,tohoku,w245246760,conductors_only,3,2,0,1,0,0,5,0,2,0,0,66/20;20/6,,no_observed,3,0,3,1,0,0,0
tohoku_site_a1da82d2b1b9,大仙変電所,tohoku,w323343997,conductors_only,3,3,0,0,0,0,2,0,2,0,0,154/66;66/6,,no_observed,2,0,0,1,0,0,0
tohoku_site_a1f12a3a3994,船岡西二丁目変電所,tohoku,w704402598,none,1,0,0,0,0,0,0,0,0,0,0,,,no_observed,0,0,4,0,0,0,0
tohoku_site_a2393f8bbc2f,大槌変電所,tohoku,w827788712,partial,3,3,1,0,1,1,3,0,2,2,2,66/33;33/6,66/6,contradicts,2,1,9,2,1,0,0
tohoku_site_a27d569d01f7,長町変電所,tohoku,w891443272,partial,3,2,2,0,1,1,13,0,2,2,2,154/66;66/6,66/6,partial,10,0,28,1,0,0,0
tohoku_site_a29293202818,石巻変電所,tohoku,w316796028,mapped,2,2,1,1,1,7,5,0,1,2,2,275/154,275/154,same,6,0,9,5,0,0,0
tohoku_site_a2d18597d70f,青森変電所,tohoku,w316581637,mapped,4,2,6,0,2,7,27,0,3,2,2,275/154;154/66;66/33,275/154,partial,29,0,42,10,0,0,0
tohoku_site_a2fa529bd739,沼館変電所,tohoku,w323343996,conductors_only,1,1,0,1,0,0,1,0,0,0,0,,,no_observed,2,0,0,2,0,0,0
tohoku_site_a30c3024d196,大平変電所,tohoku,w711130878,none,2,0,0,0,0,0,0,0,1,0,0,66/6,,no_observed,0,0,1,0,0,0,0
tohoku_site_a329d47a4af0,都南変電所,tohoku,w783547039,none,2,0,0,0,0,0,1,0,1,0,0,66/6,,no_observed,1,0,3,0,0,0,0
tohoku_site_a35b85b03603,西田沢変電所,tohoku,w1269096565,none,0,0,0,0,0,0,0,0,0,0,0,,,no_observed,0,0,0,0,0,0,0
tohoku_site_a35cd63e2ce2,磯崎変電所,tohoku,w363526205,lines_only,1,1,0,0,0,0,0,0,0,0,0,,,no_observed,0,1,0,0,1,0,0
tohoku_site_a381c4a87267,花巻市変電所,tohoku,w658518170,none,1,0,0,0,0,0,1,0,0,0,0,,,no_observed,1,0,1,0,0,0,0
tohoku_site_a3d1ba657aa9,西多賀変電所,tohoku,w104055902,partial,2,2,1,0,1,1,3,0,1,2,2,66/6,66/6,same,3,0,5,3,0,0,0
tohoku_site_a3e03eafb4cf,鹿島台変電所,tohoku,w798835032,conductors_only,2,2,0,1,0,0,2,0,1,0,0,66/6,,no_observed,2,0,6,2,0,0,0
tohoku_site_a3ff2aa73794,松陽一丁目変電所,tohoku,w830289262,lines_only,3,2,0,1,0,0,0,0,2,0,0,66/33;33/6,,no_observed,0,2,4,0,2,0,0
tohoku_site_a414aa4635dc,鶴岡市変電所_4,tohoku,w830255507,lines_only,1,0,0,0,0,0,0,0,0,0,0,,,no_observed,0,1,5,0,0,0,0
tohoku_site_a4786336bf48,富田西五丁目変電所,tohoku,n9499914834,none,1,0,0,0,0,0,0,0,0,0,0,,,no_observed,0,1,5,0,0,0,0
tohoku_site_a4f2057a69c0,東弘前変電所,tohoku,w610459502,partial,1,2,0,1,0,0,1,0,0,3,3,,66/6,contradicts,2,0,3,2,0,0,0
tohoku_site_a537ab5a34f6,上川内変電所,tohoku,w1017148230,lines_only,2,2,0,1,0,0,0,0,1,0,0,66/6,,no_observed,0,3,5,0,3,0,0
tohoku_site_a54d7163f583,道内変電所,tohoku,w1027413685,conductors_only,1,1,0,1,0,0,0,0,0,0,0,,,no_observed,0,2,4,1,0,0,0
tohoku_site_a56df9b2e7d1,盛岡市変電所,tohoku,w781188551,lines_only,1,1,0,1,0,0,0,0,0,0,0,,,no_observed,0,2,0,0,2,0,0
tohoku_site_a60a51bcb6df,北平変電所,tohoku,w631769046,partial,2,3,4,1,3,4,16,0,1,2,2,154/66,154/66,same,11,0,15,9,2,0,0
tohoku_site_a655cfd990f9,津軽石変電所,tohoku,w722101729,none,2,0,0,0,0,0,0,0,1,0,0,66/6,,no_observed,0,0,1,0,0,0,0
tohoku_site_a6c1113649f6,若松変電所,tohoku,w231402784,mapped,2,2,4,0,2,4,16,0,1,3,3,154/66,154/66,same,10,0,22,6,0,0,0
tohoku_site_a72d00f3c4eb,新盛岡変電所,tohoku,w609752479,mapped,2,2,0,2,0,0,1,0,1,2,2,275/25,275/25,same,2,4,3,2,0,0,0
tohoku_site_a73d56e6b61a,栗原市変電所_2,tohoku,w1017260465,conductors_only,2,2,0,0,0,0,0,0,1,0,0,66/33,,no_observed,0,2,2,1,1,0,0
tohoku_site_a7be2c9fe535,下郷町変電所_2,tohoku,w1030329139,lines_only,2,1,0,0,0,0,0,0,1,0,0,500/66,,no_observed,0,1,1,0,1,0,0
tohoku_site_a81bfac5a87c,大秋変電所,tohoku,w170016154,lines_only,1,1,0,0,0,0,0,0,0,0,0,,,no_observed,0,1,0,0,1,0,0
tohoku_site_a8b38eb68023,宮城中央変電所,tohoku,w785319805,mapped,2,2,0,2,0,0,2,0,1,2,2,500/275,500/275,same,4,0,7,4,0,0,0
tohoku_site_a8d7d97e8f66,温海変電所,tohoku,w548295083,none,1,0,0,0,0,0,0,0,0,0,0,,,no_observed,0,0,0,0,0,0,0
tohoku_site_a9120aca2824,平泉変電所,tohoku,w783922670,none,2,0,0,0,0,0,1,0,1,0,0,66/6,,no_observed,1,0,0,0,0,0,0
tohoku_site_a93650791414,大字漆川変電所,tohoku,w717584849,conductors_only,1,1,0,1,0,0,0,0,0,0,0,,,no_observed,0,2,10,1,0,0,0
tohoku_site_a944b3044388,大曲変電所,tohoku,w323343998,none,1,0,0,0,0,0,1,0,0,0,0,,,no_observed,1,0,3,0,0,0,0
tohoku_site_a9d31a39b701,会津若松市変電所,tohoku,w1017715813,lines_only,2,2,0,1,0,0,0,0,1,0,0,154/66,,no_observed,0,3,4,0,3,0,0
tohoku_site_aa1294ede4e7,仙台変電所,tohoku,w103818820,mapped,3,3,8,0,3,14,36,2,2,7,7,275/154;154/66,275/154;154/66,same,19,7,37,14,3,0,0
tohoku_site_aa227c081478,栗山変電所,tohoku,w1154147631,none,1,0,0,0,0,0,0,0,0,0,0,,,no_observed,0,0,8,0,0,0,0
tohoku_site_aa4f214151e1,川崎変電所,tohoku,w820424577,mapped,1,1,1,0,1,1,2,0,0,1,1,,,no_observed,2,0,0,2,0,0,4
tohoku_site_aa744df85c29,尾駮変電所_7,tohoku,w797759471,conductors_only,2,1,2,0,0,0,10,0,1,0,0,154/66,,no_observed,11,0,9,2,1,0,0
tohoku_site_aabeb286ab1b,鹿島変電所,tohoku,w901872393,partial,2,2,1,0,1,3,0,0,1,2,2,66/6,66/6,same,2,0,5,2,0,0,0
tohoku_site_aadc0f140bde,相坂変電所,tohoku,w559974097,partial,2,2,2,0,1,2,6,0,1,3,3,66/6,66/6,same,5,0,11,5,0,0,0
tohoku_site_aaf35467f462,河東町倉橋変電所,tohoku,w233220598,none,1,0,0,0,0,0,0,0,0,0,0,,,no_observed,0,1,0,0,0,0,0
tohoku_site_aafa920d2d7e,いわき市変電所_3,tohoku,w1017148269,lines_only,1,1,0,0,0,0,0,0,0,0,0,,,no_observed,0,1,2,0,1,0,0
tohoku_site_ab21c1508237,東仙台三丁目変電所,tohoku,w311166224,none,1,0,0,0,0,0,0,0,0,0,0,,,no_observed,0,0,2,0,0,0,0
tohoku_site_abcb6280f345,荒巻変電所,tohoku,w103813490,partial,2,2,1,0,1,1,2,0,1,2,2,66/6,66/6,same,2,0,4,2,0,0,0
tohoku_site_abd17d874ba9,字東宿変電所,tohoku,w522950310,layout_only,2,2,0,0,0,0,4,0,1,2,2,66/20,66/20,same,0,0,1,0,0,0,0
tohoku_site_abe6134d8870,葛塚変電所,tohoku,w170016161,none,2,0,0,0,0,0,0,0,1,0,0,154/66,,no_observed,0,0,3,0,0,0,0
tohoku_site_ac3bedf27bc1,逢隈田沢変電所,tohoku,w822627392,lines_only,0,0,0,0,0,0,0,0,0,0,0,,,no_observed,0,1,1,0,0,0,0
tohoku_site_ac51e4ee9d25,小浜町変電所,tohoku,w621630541,lines_only,0,0,0,0,0,0,0,0,0,0,0,,,no_observed,0,1,3,0,0,0,0
tohoku_site_ac6def9faa7a,大字高田変電所,tohoku,w783547025,none,1,0,0,0,0,0,1,0,0,0,0,,,no_observed,1,0,0,0,0,0,0
tohoku_site_aca550dc658c,中越変電所,tohoku,w319300956,mapped,2,2,4,0,2,4,15,0,1,3,3,275/154,275/154,same,9,0,20,7,0,0,0
tohoku_site_ad0078bb0dbc,飯島川端三丁目変電所,tohoku,w1028554703,conductors_only,1,2,0,0,0,0,0,0,0,0,0,,,no_observed,0,1,3,2,0,0,2
tohoku_site_ad0f9507bda8,向能代変電所,tohoku,w757315590,none,1,0,0,0,0,0,1,0,0,0,0,,,no_observed,1,0,0,0,0,0,0
tohoku_site_ad1565686ac7,由利本荘市変電所,tohoku,w828817648,lines_only,1,1,0,0,0,0,0,0,0,0,0,,,no_observed,0,1,5,0,1,0,0
tohoku_site_ad1f43877d1c,剣吉変電所,tohoku,w566493698,partial,2,2,1,0,1,3,7,0,1,2,2,66/6,66/6,same,7,0,11,5,0,0,0
tohoku_site_ad4797c9f4de,佐々木変電所,tohoku,w170016162,lines_only,1,1,0,0,0,0,0,0,0,0,0,,,no_observed,0,1,0,0,1,0,0
tohoku_site_aded835165b3,一関市変電所_4,tohoku,w785286713,none,1,0,0,0,0,0,1,0,0,0,0,,,no_observed,1,0,0,0,0,0,0
tohoku_site_adf762f38144,上山変電所,tohoku,w768796104,partial,2,2,1,0,1,1,5,0,1,3,3,66/6,66/6,same,4,0,7,3,0,0,0
tohoku_site_ae461b58c11d,南須賀川変電所,tohoku,w588138671,partial,1,2,3,0,1,3,6,0,0,3,3,,66/6,contradicts,6,3,6,3,0,0,0
tohoku_site_ae67f88c3dc2,塚浜変電所,tohoku,w1028585805,none,2,0,1,0,0,0,3,0,1,0,0,275/66,,no_observed,3,0,26,0,0,0,0
tohoku_site_ae8ddac50d31,浪岡変電所,tohoku,w717562874,partial,2,2,0,0,0,0,1,0,1,2,2,66/6,66/6,same,1,0,0,1,0,0,0
tohoku_site_aea9fa32b3a7,宮内二丁目変電所,tohoku,w103762107,conductors_only,1,1,0,1,0,0,0,0,0,0,0,,,no_observed,0,2,3,1,0,0,0
tohoku_site_aefe586717c1,喜多方市変電所,tohoku,w249794274,lines_only,2,1,0,1,0,0,1,0,1,0,0,154/66,,no_observed,1,3,0,0,1,2,0
tohoku_site_af2e15137816,宮古変電所,tohoku,w317112025,conductors_only,2,2,3,0,2,5,8,0,1,0,0,154/66,,no_observed,7,0,11,7,0,0,0
tohoku_site_af34930df097,河東町東長原変電所,tohoku,w1017715810,lines_only,1,1,0,1,0,0,0,0,0,0,0,,,no_observed,0,2,3,0,2,0,0
tohoku_site_af8382088a34,飯豊変電所,tohoku,w783576231,conductors_only,1,1,0,1,0,0,1,0,0,0,0,,,no_observed,2,0,0,2,0,0,0
tohoku_site_afae6a635bd7,小牛田変電所,tohoku,n5900888185,none,1,0,0,0,0,0,0,0,0,0,0,,,no_observed,0,0,1,0,0,0,0
tohoku_site_afb60a7f413a,角館変電所,tohoku,w680239925,none,2,0,0,0,0,0,1,0,1,0,0,66/6,,no_observed,1,0,0,0,0,0,0
tohoku_site_b0373294fa64,大田原変電所,tohoku,w104706912,conductors_only,1,1,0,1,0,0,0,0,0,0,0,,,no_observed,0,2,4,1,0,0,0
tohoku_site_b0abd16ec4af,JR新津変電所,tohoku,w126171824,lines_only,1,1,0,0,0,0,0,0,0,0,0,,,no_observed,0,1,4,0,1,0,0
tohoku_site_b0b9d297d4a6,鹿角市変電所,tohoku,w781269095,conductors_only,1,1,0,0,0,0,1,0,0,0,0,,,no_observed,1,0,0,1,0,0,0
tohoku_site_b0c8dcb138be,JR東日本 新沼宮内変電所,tohoku,w720863331,mapped,2,2,0,1,0,0,3,0,1,2,2,154/25,154/25,same,2,0,3,2,0,0,0
tohoku_site_b104c47e9857,鳥海町下直根変電所,tohoku,w828817652,conductors_only,1,1,0,0,0,0,0,0,0,0,0,,,no_observed,0,1,4,1,0,0,0
tohoku_site_b109062242d6,尾駮変電所_5,tohoku,w621572962,conductors_only,2,1,0,1,0,0,5,0,1,0,0,154/66,,no_observed,5,0,3,1,0,0,0
tohoku_site_b1116a815b4c,寺田変電所,tohoku,w326125851,partial,1,2,1,0,1,1,2,0,0,2,2,,66/6,contradicts,2,0,6,1,0,0,0
tohoku_site_b1357fa29c99,弘南鉄道 大沢変電所,tohoku,w716700139,lines_only,2,2,0,0,0,0,0,0,1,0,0,33/1,,no_observed,0,1,0,0,1,0,0
tohoku_site_b198588c194d,豊里町北谷地変電所,tohoku,w310785276,lines_only,1,1,0,1,0,0,0,0,0,0,0,,,no_observed,0,2,0,0,0,2,0
tohoku_site_b1adf58af538,八郎潟変電所,tohoku,w793859037,conductors_only,1,1,0,1,0,0,2,0,0,0,0,,,no_observed,3,0,0,1,0,0,0
tohoku_site_b1d443c460f3,玉川三丁目変電所,tohoku,w103985770,conductors_only,1,1,0,2,0,0,0,0,0,0,0,,,no_observed,0,10,3,2,1,0,0
tohoku_site_b21b87047a49,八木山変電所,tohoku,w889980645,partial,2,2,0,1,0,0,0,0,1,3,3,66/6,66/6,same,0,8,0,2,0,0,0
tohoku_site_b282f7292942,五所川原変電所,tohoku,w323148620,partial,2,2,1,0,1,3,5,0,1,3,3,66/6,66/6,same,3,0,3,3,0,0,2
tohoku_site_b29a51d5e578,鰺ヶ沢変電所,tohoku,w719061175,conductors_only,2,2,0,1,0,0,0,0,1,0,0,33/6,,no_observed,0,2,4,2,0,0,0
tohoku_site_b2cb346e9b4b,阿賀野市変電所,tohoku,w1017263905,conductors_only,1,1,0,0,0,0,0,0,0,0,0,,,no_observed,0,1,2,1,0,0,0
tohoku_site_b3122b2a9b91,岩谷堂変電所,tohoku,w783616496,none,2,0,0,1,0,0,2,0,1,0,0,66/6,,no_observed,2,0,0,0,0,0,0
tohoku_site_b31306eb4e64,六ヶ所村変電所_7,tohoku,w1023479701,lines_only,1,1,0,0,0,0,0,0,0,0,0,,,no_observed,0,1,1,0,1,0,0
tohoku_site_b3cb2d94cc8e,一関市変電所_5,tohoku,w785286718,conductors_only,1,1,0,0,0,0,1,0,0,0,0,,,no_observed,1,0,0,1,0,0,0
tohoku_site_b4016fedaf65,松館変電所,tohoku,w717004114,conductors_only,1,1,0,0,0,0,0,0,0,0,0,,,no_observed,0,1,2,1,0,0,0
tohoku_site_b445a011f29d,磐梯町変電所,tohoku,w231804791,lines_only,1,1,0,1,0,0,0,0,0,0,0,,,no_observed,0,4,8,0,4,0,0
tohoku_site_b46cfa7a8e37,六ヶ所村変電所,tohoku,w621572953,none,2,0,0,0,0,0,2,0,1,0,0,154/66,,no_observed,0,0,0,0,0,0,0
tohoku_site_b471eb7059b4,赤井変電所,tohoku,w610441794,lines_only,1,1,0,0,0,0,0,0,0,0,0,,,no_observed,0,1,0,0,1,0,0
tohoku_site_b562403cc83a,江陽五丁目変電所,tohoku,n6738444143,none,1,0,0,1,0,0,3,0,0,0,0,,,no_observed,4,0,2,0,0,0,0
tohoku_site_b57a1a6c8216,六供町二丁目変電所,tohoku,w768998523,lines_only,1,0,0,0,0,0,0,0,0,0,0,,,no_observed,0,1,3,0,0,0,0
tohoku_site_b5a2d7cb80dd,谷柏変電所,tohoku,w768982065,partial,2,2,1,0,1,1,2,0,1,2,2,66/6,66/6,same,2,3,0,1,0,0,0
tohoku_site_b5c667843741,鋳銭場変電所,tohoku,n2267238025,none,0,0,0,0,0,0,0,0,0,0,0,,,no_observed,0,0,0,0,0,0,0
tohoku_site_b5d83e4072db,大字藤田変電所,tohoku,w769008381,lines_only,0,0,0,0,0,0,0,0,0,0,0,,,no_observed,0,1,0,0,0,0,0
tohoku_site_b69144df455e,青森変電所,tohoku,w316581636,mapped,4,3,6,0,2,5,27,0,3,2,2,275/154;154/66;66/33,154/66,partial,29,8,34,14,1,0,2
tohoku_site_b6a515e678a9,古川中里三丁目変電所,tohoku,w833554549,conductors_only,1,1,0,1,0,0,2,0,0,0,0,,,no_observed,2,0,0,2,0,0,0
tohoku_site_b73542478af4,猪苗代町変電所,tohoku,w753488718,lines_only,0,0,0,0,0,0,0,0,0,0,0,,,no_observed,0,1,0,0,0,0,0
tohoku_site_b79ba4166c86,舘ノ内変電所,tohoku,w1382897171,lines_only,0,0,0,0,0,0,0,0,0,0,0,,,no_observed,0,1,0,0,0,0,0
tohoku_site_b80da0952616,東北電力ネットワーク 苦竹変電所,tohoku,w988154362,lines_only,1,1,0,0,0,0,0,0,0,0,0,,,no_observed,0,1,1,0,1,0,0
tohoku_site_b83abd639c6e,深浦変電所,tohoku,w721144750,none,2,0,0,0,0,0,0,0,1,0,0,66/6,,no_observed,0,0,1,0,0,0,0
tohoku_site_b8b01fd54b07,安田変電所,tohoku,w1017263909,lines_only,1,1,0,1,0,0,0,0,0,0,0,,,no_observed,0,2,4,0,2,0,0
tohoku_site_b8cc0c618f6f,東下田変電所,tohoku,w558171407,partial,2,2,0,1,0,0,2,0,1,1,1,66/6,66/6,same,4,3,0,1,0,0,0
tohoku_site_b8e0e6150c3b,白石市変電所_2,tohoku,w1035563512,lines_only,1,1,0,0,0,0,0,0,0,0,0,,,no_observed,0,1,7,0,1,0,0
tohoku_site_b8f49703052d,松前変電所,tohoku,w801833262,partial,1,1,1,0,1,1,2,0,0,1,0,,,no_observed,2,0,3,2,0,0,0
tohoku_site_b92d15289d41,坂牛開閉所,tohoku,w321876757,mapped,1,1,1,0,1,4,4,2,0,0,0,,,no_observed,8,0,12,8,0,0,0
tohoku_site_b9c07b1b76c4,太郎代変電所,tohoku,w315392819,lines_only,1,1,0,1,0,0,0,0,0,0,0,,,no_observed,0,2,3,0,2,0,0
tohoku_site_b9c361df64cb,小坂町変電所,tohoku,w781269131,conductors_only,1,2,0,1,0,0,1,0,0,0,0,,,no_observed,2,0,1,1,1,0,0
tohoku_site_b9e665f572b5,小金町一丁目変電所,tohoku,w170197076,partial,1,1,0,0,0,0,1,2,0,0,0,,,no_observed,1,0,0,1,0,0,0
tohoku_site_ba4a30a7ac06,大久保変電所_2,tohoku,w677253577,lines_only,0,0,0,0,0,0,0,0,0,0,0,,,no_observed,0,1,3,0,0,0,0
tohoku_site_ba65c0301611,野沢変電所,tohoku,w781539078,none,1,0,0,0,0,0,1,0,0,0,0,,,no_observed,1,0,1,0,0,0,0
tohoku_site_ba75da1906e1,洋野町変電所,tohoku,w1020236240,conductors_only,1,1,0,0,0,0,0,0,0,0,0,,,no_observed,0,1,1,2,0,0,0
tohoku_site_bae4dbe89ed3,会津若松ウィンドファーム,tohoku,w295610121,none,0,0,0,0,0,0,0,0,0,0,0,,,no_observed,0,0,0,0,0,0,0
tohoku_site_bba4a5276cf1,国見変電所,tohoku,w869194015,conductors_only,1,1,0,1,0,0,0,0,0,0,0,,,no_observed,0,4,6,2,0,0,0
tohoku_site_bba842600a6a,川尻町変電所,tohoku,w843555439,none,0,0,0,0,0,0,0,0,0,0,0,,,no_observed,0,0,0,0,0,0,0
tohoku_site_bbebe629d61a,川治変電所,tohoku,w1072931704,lines_only,1,1,0,1,0,0,0,0,0,0,0,,,no_observed,0,2,10,0,2,0,0
tohoku_site_bc2c2ea61057,南津軽変電所,tohoku,w716660669,mapped,3,3,4,1,2,4,7,0,2,3,3,154/66;66/33,154/66;154/33;66/33,contradicts,10,12,14,15,0,0,8
tohoku_site_bc58051a4e4a,木戸変電所,tohoku,w155371691,partial,2,2,1,0,1,1,3,0,1,2,2,66/6,66/6,same,3,0,5,2,0,0,0
tohoku_site_bc5e1a1d2bfb,鹿瀬変電所_2,tohoku,w1017263942,lines_only,1,1,1,0,0,0,0,0,0,0,0,,,no_observed,8,1,14,0,1,0,0
tohoku_site_bc5f6bedef18,那須湯本変電所,tohoku,w415761170,lines_only,1,1,0,1,0,0,0,0,0,0,0,,,no_observed,0,2,3,0,2,0,0
tohoku_site_bd99201b4acc,塚浜変電所_2,tohoku,w1028585808,lines_only,2,1,1,1,0,0,3,0,1,0,0,275/66,,no_observed,3,2,24,0,2,0,0
tohoku_site_bda2b64f7385,新町三丁目変電所,tohoku,w318221013,lines_only,1,1,0,1,0,0,0,0,0,0,0,,,no_observed,0,2,0,0,0,2,0
tohoku_site_bdae7704d6cc,中小国き電区分所,tohoku,w193311564,none,0,0,0,0,0,0,0,0,0,0,0,,,no_observed,0,0,0,0,0,0,0
tohoku_site_bde1e78503ae,湯本第一変電所,tohoku,w595117651,partial,3,3,1,0,1,3,0,0,2,2,2,66/33;33/6,66/6,contradicts,2,1,3,1,1,0,2
tohoku_site_bdf501bbadd4,仙北市変電所_4,tohoku,w814188498,lines_only,1,1,0,0,0,0,0,0,0,0,0,,,no_observed,0,1,2,0,1,0,0
tohoku_site_bf04d288551e,東港一丁目変電所,tohoku,w1028585765,lines_only,2,1,0,2,0,0,1,0,1,0,0,275/154,,no_observed,2,2,8,0,2,0,0
tohoku_site_bf1862285f7f,青い森鉄道 乙供き電区分所,tohoku,w802089653,conductors_only,1,1,0,0,0,0,0,0,0,0,0,,,no_observed,0,0,0,0,0,0,0
tohoku_site_bf6ef081d2d4,湯沢市変電所,tohoku,w785550989,none,1,0,0,0,0,0,1,0,0,0,0,,,no_observed,1,0,1,0,0,0,0
tohoku_site_bf97422c13b9,山田変電所_2,tohoku,w326125859,lines_only,2,2,0,1,0,0,0,0,1,0,0,66/33,,no_observed,0,3,3,0,3,0,0
tohoku_site_bfd1cf6d8e10,秋田市変電所,tohoku,w785496088,lines_only,2,2,0,0,0,0,0,0,1,0,0,66/33,,no_observed,0,2,3,0,2,0,0
tohoku_site_c00fd4fee477,下馬変電所,tohoku,w951287296,none,0,0,0,0,0,0,0,0,0,0,0,,,no_observed,0,0,0,0,0,0,0
tohoku_site_c07950114d9d,大郷町変電所,tohoku,w721307782,lines_only,0,0,0,0,0,0,0,0,0,0,0,,,no_observed,0,1,0,0,0,0,0
tohoku_site_c081649c0483,小関二丁目変電所,tohoku,w1026070082,partial,1,2,1,0,1,1,2,0,0,3,3,,66/6,contradicts,2,0,4,1,0,0,0
tohoku_site_c0cc7f872ea9,小野新町変電所,tohoku,w902179403,partial,2,2,1,0,1,5,1,0,1,3,3,66/6,66/6,same,5,0,10,2,0,0,0
tohoku_site_c0dda5e22069,磐梯町変電所_2,tohoku,w660091450,lines_only,1,1,0,0,0,0,0,0,0,0,0,,,no_observed,0,1,0,0,1,0,0
tohoku_site_c0e9115a9800,志津川変電所,tohoku,w827794783,conductors_only,2,2,0,1,0,0,0,0,1,0,0,66/6,,no_observed,0,5,0,1,0,0,0
tohoku_site_c10e6bf286e4,迫町佐沼変電所,tohoku,w325791627,lines_only,1,1,0,1,0,0,0,0,0,0,0,,,no_observed,0,2,0,0,0,4,2
tohoku_site_c200190ae2af,普代変電所,tohoku,w827788764,conductors_only,2,2,1,0,1,1,0,0,1,0,0,66/6,,no_observed,0,6,3,1,0,0,0
tohoku_site_c2b2982e0d8c,瀬辺地変電所,tohoku,w719310373,layout_only,2,2,0,1,0,0,0,0,1,2,0,66/6,,no_observed,0,3,0,0,0,2,0
tohoku_site_c2f244c89cd1,東花巻変電所,tohoku,w721786411,mapped,3,2,0,2,0,0,2,0,2,2,2,275/154;154/66,275/154,partial,4,0,9,4,0,0,0
tohoku_site_c2ff0b6422e3,仙人変電所,tohoku,w783576202,lines_only,2,2,0,0,0,0,0,0,1,0,0,66/33,,no_observed,0,0,3,0,1,2,0
tohoku_site_c30b716572d2,越後開閉所,tohoku,w318218831,mapped,2,2,1,0,1,4,8,10,1,0,0,500/275,,no_observed,10,0,15,8,2,0,0
tohoku_site_c33abb131fc0,位守町変電所,tohoku,w1028585766,lines_only,2,1,0,1,0,0,1,0,1,0,0,275/154,,no_observed,2,2,11,0,2,0,4
tohoku_site_c33c7687d1c6,牛渡変電所,tohoku,w686949894,lines_only,1,1,0,1,0,0,0,0,0,0,0,,,no_observed,0,2,0,0,2,0,0
tohoku_site_c36a3a6a4ae8,尻内変電所,tohoku,w321876761,conductors_only,2,2,0,2,0,0,2,0,1,0,0,66/6,,no_observed,2,3,0,1,0,0,0
tohoku_site_c37c07648915,庄内町変電所,tohoku,w830289258,lines_only,1,1,0,0,0,0,0,0,0,0,0,,,no_observed,0,1,2,0,1,0,0
tohoku_site_c392c7ae873c,長苗代変電所,tohoku,w245714632,lines_only,2,1,0,0,0,0,0,0,1,0,0,154/66,,no_observed,0,1,7,0,1,0,0
tohoku_site_c3b63147d956,雫石町変電所_2,tohoku,w781791673,none,1,0,0,0,0,0,1,0,0,0,0,,,no_observed,1,0,2,0,0,0,0
tohoku_site_c3bcd1a7c4ba,高舘変電所,tohoku,w733241200,conductors_only,2,2,0,1,0,0,0,0,1,0,0,66/6,,no_observed,0,2,3,1,0,0,0
tohoku_site_c457c90f0f3d,鹿角市変電所_2,tohoku,w781282013,none,1,0,0,1,0,0,4,0,0,0,0,,,no_observed,4,0,0,0,0,0,0
tohoku_site_c473cdffe785,大石田変電所,tohoku,w343505367,conductors_only,2,2,1,0,1,1,4,0,1,0,0,66/33,,no_observed,4,2,8,3,2,0,0
tohoku_site_c4876f118845,北盛岡変電所,tohoku,w323474245,conductors_only,3,3,0,1,0,0,3,0,2,0,0,154/66;66/6,,no_observed,3,0,3,2,0,0,0
tohoku_site_c494b6c7035e,大字清野袋三丁目変電所,tohoku,w840501422,conductors_only,1,1,0,1,0,0,0,0,0,0,0,,,no_observed,0,2,6,2,0,0,0
tohoku_site_c4e2f6448885,明通変電所,tohoku,w308203816,conductors_only,1,1,0,1,0,0,0,0,0,0,0,,,no_observed,0,5,7,2,0,0,0
tohoku_site_c4e4ba457947,JR東日本 新柏木平き電区分所,tohoku,w899096533,conductors_only,1,1,0,0,0,0,0,0,0,0,0,,,no_observed,0,0,0,0,0,0,0
tohoku_site_c55013438834,会津変電所,tohoku,w243513839,partial,2,2,1,1,1,4,10,0,1,3,3,154/66,154/66,same,10,11,27,11,6,4,0
tohoku_site_c616b5114dc4,白根水道町変電所,tohoku,w319300944,lines_only,1,1,0,0,0,0,0,0,0,0,0,,,no_observed,0,0,0,0,0,0,4
tohoku_site_c689f82c02ee,飯舘変電所,tohoku,w243507072,partial,2,2,1,0,1,3,0,0,1,2,2,66/6,66/6,same,2,0,4,1,0,0,0
tohoku_site_c6a5af649fde,今別変電所,tohoku,w719310377,partial,2,2,1,0,1,1,3,0,1,1,1,66/6,66/6,same,2,0,3,1,0,0,0
tohoku_site_c728e96a31d3,大畑変電所,tohoku,w715798237,mapped,1,1,1,0,1,1,2,0,0,2,2,,,no_observed,2,0,3,2,0,0,0
tohoku_site_c75f511f9db1,中新潟変電所,tohoku,w170197083,mapped,2,2,2,0,2,8,5,0,1,2,2,154/66,154/66,same,7,3,11,3,0,0,2
tohoku_site_c7f81b941f55,庄内町変電所_2,tohoku,w830311560,lines_only,1,1,0,0,0,0,0,0,0,0,0,,,no_observed,0,1,2,0,1,0,0
tohoku_site_c836b9215e7a,山田変電所,tohoku,w722101731,partial,2,2,1,0,1,1,2,0,1,2,2,66/6,66/6,same,2,0,3,2,0,0,0
tohoku_site_c8567369471b,みなかみ町変電所,tohoku,w518992995,none,1,0,0,0,0,0,0,0,0,0,0,,,no_observed,0,0,0,0,0,0,0
tohoku_site_c873147a37ee,青葉台三丁目変電所,tohoku,w104848268,none,1,0,0,0,0,0,1,0,0,0,0,,,no_observed,1,0,1,0,0,0,0
tohoku_site_c885c4e92af8,北新潟変電所,tohoku,w170016148,mapped,3,3,7,0,3,10,22,0,2,5,5,275/154;154/66,275/154;154/66,same,16,9,25,6,0,0,0
tohoku_site_c94363ae5374,大崎市変電所_4,tohoku,w1017260469,conductors_only,1,1,0,0,0,0,0,0,0,0,0,,,no_observed,0,1,2,1,0,0,0
tohoku_site_ca0f7f08a1fe,横堀変電所,tohoku,w785551018,none,3,0,0,0,0,0,1,0,2,0,0,66/33;33/6,,no_observed,1,0,0,0,0,0,0
tohoku_site_ca2ecb1370a3,滝渕発電所,tohoku,w719061177,conductors_only,3,3,0,1,0,0,2,0,2,0,0,66/33;33/6,,no_observed,3,0,0,1,0,0,0
tohoku_site_ca35115da94b,蔵王変電所,tohoku,w829021040,lines_only,1,1,0,0,0,0,0,0,0,0,0,,,no_observed,0,1,0,0,1,0,0
tohoku_site_caa3e4d4e6f6,白糠変電所,tohoku,w612088480,conductors_only,4,3,0,2,0,0,0,0,3,0,0,500/154;154/66;66/6,,no_observed,0,4,10,1,2,0,0
tohoku_site_cb0782a4a33d,大鰐変電所,tohoku,w716740546,none,1,0,0,0,0,0,1,0,0,0,0,,,no_observed,1,0,3,0,0,0,0
tohoku_site_cb6395266db0,字渡瀬根添変電所,tohoku,w1035563625,lines_only,2,2,0,0,0,0,0,0,1,0,0,66/33,,no_observed,0,2,2,0,2,0,0
tohoku_site_cbefa5b94abd,卒古沢変電所,tohoku,w820964311,lines_only,4,1,3,1,0,0,21,0,3,0,0,500/275;275/154;154/66,,no_observed,19,1,26,0,1,0,0
tohoku_site_cc5d3fd0a0ad,蔵王町変電所_2,tohoku,w1035563552,mapped,1,1,0,1,0,0,1,0,0,2,2,,,no_observed,2,0,8,2,0,0,0
tohoku_site_cc62dcf3c1b0,城東町変電所,tohoku,w253132034,lines_only,1,1,0,0,0,0,0,0,0,0,0,,,no_observed,0,1,0,0,1,0,0
tohoku_site_cc752f0ee0c3,桜田変電所,tohoku,w828488565,conductors_only,3,2,0,1,0,0,0,0,2,0,0,154/66;66/6,,no_observed,0,2,7,1,0,0,0
tohoku_site_ccaea794ed45,前山変電所,tohoku,w555222062,partial,2,2,2,0,1,2,8,0,1,2,2,66/6,66/6,same,6,0,9,3,0,0,0
tohoku_site_cce00cb3a810,遊佐町変電所,tohoku,w627575616,partial,2,2,1,0,1,1,2,0,1,2,2,66/6,66/6,same,2,0,3,2,0,0,0
tohoku_site_cd06b1ffc0af,小須戸変電所,tohoku,w170016165,lines_only,1,1,0,0,0,0,0,0,0,0,0,,,no_observed,0,1,1,0,1,3,0
tohoku_site_cd343496fc0e,新町変電所,tohoku,w292112408,partial,2,3,2,0,2,2,5,0,1,4,4,66/33,66/33;66/6,contradicts,3,2,3,2,0,0,0
tohoku_site_cd47af3dd1b7,越川変電所,tohoku,w1035740047,lines_only,1,1,0,1,0,0,0,0,0,0,0,,,no_observed,0,2,4,0,2,0,0
tohoku_site_cd731268f887,常磐変電所,tohoku,w783616485,conductors_only,2,2,0,0,0,0,1,0,1,0,0,66/6,,no_observed,1,0,0,1,0,0,0
tohoku_site_cda962b7f0cb,古川諏訪三丁目変電所,tohoku,w316796032,none,1,0,0,0,0,0,0,0,0,0,0,,,no_observed,0,0,2,0,0,0,0
tohoku_site_cdacbd0ad522,北弘前変電所,tohoku,w323148613,partial,2,2,1,0,1,1,4,0,1,3,3,66/6,66/6,same,4,0,6,2,0,0,0
tohoku_site_cdba22081a5d,花咲変電所,tohoku,w834661276,conductors_only,1,1,0,1,0,0,0,0,0,0,0,,,no_observed,0,10,3,4,0,0,0
tohoku_site_cdcab3445c16,遠野変電所,tohoku,w399007178,none,2,0,0,0,0,0,0,0,1,0,0,66/6,,no_observed,0,0,1,0,0,0,0
tohoku_site_cde78958dcda,佐糠町変電所,tohoku,w658988169,conductors_only,3,1,0,2,0,0,2,0,2,0,0,275/154;154/66,,no_observed,6,0,6,2,0,0,0
tohoku_site_cf4e251cf867,鹿瀬変電所,tohoku,w325971036,conductors_only,1,1,1,0,1,7,0,0,0,0,0,,,no_observed,8,0,15,8,0,0,0
tohoku_site_cfab6363e579,北町二丁目変電所_2,tohoku,w769047865,lines_only,1,1,0,1,0,0,0,0,0,0,0,,,no_observed,0,2,7,0,2,0,0
tohoku_site_cff795add714,市川変電所,tohoku,w557670598,partial,2,2,1,0,1,1,5,0,1,2,2,66/6,66/6,same,3,0,3,1,0,0,0
tohoku_site_d01cdf60b0de,千徳変電所,tohoku,w184789841,partial,2,2,0,1,0,0,1,0,1,2,2,66/6,66/6,same,6,6,3,3,0,0,0
tohoku_site_d07277def2ef,神町西一丁目変電所,tohoku,w343505358,lines_only,1,1,0,1,0,0,0,0,0,0,0,,,no_observed,0,2,1,0,0,2,0
tohoku_site_d0a1d4901781,IGRいわて銀河鉄道 沼宮内変電所,tohoku,w795857984,partial,2,2,0,0,0,0,5,0,1,1,1,66/20,66/20,same,1,0,2,1,0,0,0
tohoku_site_d100dad46d9c,春日町変電所,tohoku,w1026086959,layout_only,1,2,0,0,0,0,0,0,0,3,3,,66/6,contradicts,0,1,0,0,1,0,0
tohoku_site_d160369889f1,旭町五丁目変電所,tohoku,w1035563659,lines_only,1,1,0,0,0,0,0,0,0,0,0,,,no_observed,0,1,0,0,1,0,0
tohoku_site_d1d7958109e0,奥州市変電所_2,tohoku,w659514635,none,1,0,0,0,0,0,1,0,0,0,0,,,no_observed,1,0,0,0,0,0,0
tohoku_site_d1ec00a9c063,東北電力鳥屋野変電所,tohoku,n12747103558,none,0,0,0,0,0,0,0,0,0,0,0,,,no_observed,0,0,0,0,0,0,0
tohoku_site_d267c9948aa9,寺内蛭根変電所,tohoku,w463185399,lines_only,0,0,0,0,0,0,0,0,0,0,0,,,no_observed,0,1,0,0,0,0,0
tohoku_site_d2aa9f13e3c5,笹川変電所,tohoku,w834987514,lines_only,1,1,0,1,0,0,0,0,0,0,0,,,no_observed,0,4,6,0,4,0,0
tohoku_site_d2e8072f84a3,JR東日本 新七戸変電所,tohoku,w316566585,mapped,2,2,0,1,0,0,3,0,1,2,2,275/25,275/25,same,2,0,4,2,0,0,0
tohoku_site_d2f53960a17e,愛島郷一丁目変電所,tohoku,w725152862,none,3,0,0,2,0,0,5,0,2,0,0,275/154;154/66,,no_observed,8,0,5,0,0,0,0
tohoku_site_d3254fa40ae0,伊達変電所,tohoku,w1017577760,conductors_only,1,1,0,1,0,0,0,0,0,0,0,,,no_observed,0,6,1,2,0,0,0
tohoku_site_d32f7b7b6f8b,坂町変電所,tohoku,w319313779,partial,2,3,2,0,2,7,10,0,1,4,4,154/66,154/66;66/6,contradicts,9,10,10,4,0,2,0
tohoku_site_d3513df32ab0,宮町二丁目変電所,tohoku,w1026086972,lines_only,1,1,0,0,0,0,0,0,0,0,0,,,no_observed,0,1,0,0,1,0,0
tohoku_site_d384318f3b2e,阿仁変電所,tohoku,w721051613,conductors_only,2,2,0,0,0,0,0,0,1,0,0,33/6,,no_observed,0,1,2,0,1,0,0
tohoku_site_d39fba1846c8,小浜町変電所_2,tohoku,w658988156,lines_only,0,0,0,0,0,0,0,0,0,0,0,,,no_observed,0,1,0,0,0,0,0
tohoku_site_d3b450320786,会津若松市変電所_2,tohoku,w1017715840,conductors_only,1,1,1,0,1,8,0,0,0,0,0,,,no_observed,12,3,14,11,0,0,0
tohoku_site_d3c8d38b04bb,堤町変電所,tohoku,n6738682901,none,2,0,0,0,0,0,1,0,1,0,0,66/6,,no_observed,1,0,1,0,0,0,0
tohoku_site_d436ad6c4e18,泉町変電所,tohoku,w621630545,lines_only,2,2,0,1,0,0,0,0,1,0,0,66/6,,no_observed,0,3,5,0,2,0,0
tohoku_site_d440ef29dcae,福島変電所,tohoku,w107262429,conductors_only,3,3,1,2,1,1,2,0,2,0,0,275/154;154/66,,no_observed,4,14,6,4,5,0,0
tohoku_site_d561d41dda99,渡波変電所,tohoku,w610570201,partial,2,2,1,0,1,1,3,0,1,2,2,66/6,66/6,same,2,0,3,2,0,0,0
tohoku_site_d570e6c7cfc3,新地町変電所,tohoku,w1027413691,lines_only,2,1,0,1,0,0,0,0,1,0,0,500/154,,no_observed,0,3,10,0,0,5,0
tohoku_site_d5b5b0c8cfa6,女川変電所,tohoku,w335149326,partial,2,2,1,0,1,1,4,0,1,2,2,66/6,66/6,same,4,0,6,4,0,0,0
tohoku_site_d62e23659bfc,飯島川端一丁目変電所,tohoku,w1028554700,lines_only,2,1,0,0,0,0,0,0,1,0,0,275/154,,no_observed,0,1,9,0,1,0,0
tohoku_site_d6e3f758a9f1,西村山変電所,tohoku,w325054646,mapped,2,2,2,0,2,14,4,0,1,2,2,154/66,154/66,same,6,0,12,3,0,0,0
tohoku_site_d777dee484aa,字下園変電所,tohoku,w638624993,lines_only,1,1,0,0,0,0,0,0,0,0,0,,,no_observed,0,1,0,0,1,0,0
tohoku_site_d7844c26b45f,南向台三丁目変電所,tohoku,w1027413643,lines_only,1,1,0,1,0,0,0,0,0,0,0,,,no_observed,0,2,4,0,2,0,0
tohoku_site_d7930e1549b8,花巻変電所,tohoku,w783547000,conductors_only,1,1,0,0,0,0,1,0,0,0,0,,,no_observed,1,0,0,1,0,0,0
tohoku_site_d8640783404f,旭町一丁目変電所,tohoku,w783316219,lines_only,1,1,1,0,0,0,2,0,0,0,0,,,no_observed,4,1,6,0,1,0,0
tohoku_site_d8b42a2ebf3a,六ヶ所村変電所_6,tohoku,w797759502,none,1,0,0,0,0,0,1,0,0,0,0,,,no_observed,1,0,0,0,0,0,0
tohoku_site_d94d6b7decd2,中里変電所,tohoku,w717584853,conductors_only,2,2,0,0,0,0,1,0,1,0,0,33/6,,no_observed,1,0,0,1,0,0,0
tohoku_site_d977d2fff51b,今泉変電所_3,tohoku,w901872439,none,2,0,0,1,0,0,0,0,1,0,0,500/154,,no_observed,0,2,8,0,0,0,0
tohoku_site_d984903ea0ee,上田変電所,tohoku,w1035740057,lines_only,2,2,0,1,0,0,0,0,1,0,0,154/66,,no_observed,0,2,3,0,2,0,0
tohoku_site_d9b788018b02,腰浜変電所,tohoku,w1027413640,lines_only,2,2,0,1,0,0,0,0,1,0,0,66/6,,no_observed,0,3,6,0,3,0,0
tohoku_site_da37d74d8b38,ふくしま絆,tohoku,n3079552298,none,0,0,0,0,0,0,0,0,0,0,0,,,no_observed,0,0,0,0,0,0,0
tohoku_site_da59944dd4eb,富岡変電所,tohoku,w686948221,partial,2,2,1,0,1,1,4,0,1,2,2,66/6,66/6,same,4,0,5,4,0,0,0
tohoku_site_db09911a9142,岩瀬変電所,tohoku,w795884876,conductors_only,2,2,0,0,0,0,1,0,1,0,0,66/6,,no_observed,1,0,0,1,0,0,0
tohoku_site_db0cd14ea996,湊変電所,tohoku,w321876760,conductors_only,2,2,1,0,1,1,7,0,1,0,0,66/6,,no_observed,4,0,8,4,0,0,0
tohoku_site_db0d6802fdcc,群岡変電所,tohoku,w325971035,lines_only,1,1,0,0,0,0,0,0,0,0,0,,,no_observed,0,1,1,0,1,0,0
tohoku_site_db515791e466,明通二丁目変電所,tohoku,w1430436415,lines_only,1,1,0,0,0,0,0,0,0,0,0,,,no_observed,0,1,2,0,1,0,0
tohoku_site_db9a3e2e0e29,塚浜変電所_3,tohoku,w1028585811,partial,2,1,1,0,1,1,3,0,1,2,0,275/66,,no_observed,3,0,26,2,0,0,0
tohoku_site_dbaa6ace50c6,南相馬変電所,tohoku,w156208858,partial,3,3,3,1,2,10,15,0,2,5,5,500/275;275/66,500/275;275/66,same,15,8,18,13,0,0,0
tohoku_site_dd46554689c7,大橋変電所,tohoku,w721658984,lines_only,2,2,0,0,0,0,0,0,1,0,0,66/6,,no_observed,0,1,4,0,1,0,0
tohoku_site_dd6d260ba9b8,津谷変電所_2,tohoku,w830311558,lines_only,1,1,0,1,0,0,0,0,0,0,0,,,no_observed,0,2,4,0,2,0,0
tohoku_site_dda59dfa267f,木越変電所,tohoku,w1222077116,lines_only,4,4,0,0,0,0,0,0,3,0,0,66/33;33/11;11/6,,no_observed,0,1,0,0,1,0,0
tohoku_site_dde77b2dddb3,下長七丁目変電所,tohoku,w1025438927,lines_only,2,1,0,1,0,0,1,0,1,0,0,154/66,,no_observed,1,1,32,0,1,0,0
tohoku_site_de3939a6b27f,光陽二丁目変電所_2,tohoku,w1027413689,lines_only,1,1,0,0,0,0,0,0,0,0,0,,,no_observed,0,1,12,0,1,4,0
tohoku_site_defd87fee589,大森変電所,tohoku,w1027413657,partial,2,2,2,0,1,2,4,0,1,3,3,66/6,66/6,same,4,0,2,8,0,0,0
tohoku_site_df47eef34aa5,石巻市変電所,tohoku,w325791950,lines_only,1,1,0,0,0,0,0,0,0,0,0,,,no_observed,0,1,1,0,1,0,0
tohoku_site_dfc3faf3cfb3,加賀沢変電所,tohoku,w770392624,none,1,0,0,0,0,0,0,0,0,0,0,,,no_observed,0,0,7,0,0,0,0
tohoku_site_dfd1469a44d9,藤沢変電所,tohoku,w783922628,conductors_only,2,2,0,0,0,0,1,0,1,0,0,66/6,,no_observed,1,0,0,1,0,0,0
tohoku_site_e1096ddd15d8,七北田変電所,tohoku,w103820613,conductors_only,2,2,1,0,1,1,5,0,1,0,0,66/6,,no_observed,3,4,3,1,0,0,0
tohoku_site_e179e6b90901,桃生町城内変電所,tohoku,w1153218692,none,0,0,0,0,0,0,0,0,0,0,0,,,no_observed,0,0,0,0,0,0,0
tohoku_site_e19a70db6c5e,川崎町変電所,tohoku,w1035563546,lines_only,1,1,0,0,0,0,0,0,0,0,0,,,no_observed,0,1,0,0,1,0,0
tohoku_site_e1ecd4cd64ad,七戸変電所,tohoku,w566866187,partial,2,2,1,0,1,1,4,0,1,3,3,66/6,66/6,same,2,2,2,2,0,0,0
tohoku_site_e1f6592ce76a,大熊変電所,tohoku,w132794813,layout_only,2,2,0,1,0,0,0,0,1,2,2,66/6,66/6,same,0,2,5,0,2,0,0
tohoku_site_e1fb5970930e,見崎川原変電所,tohoku,w1026086983,conductors_only,1,1,0,0,0,0,0,0,0,0,0,,,no_observed,0,1,1,2,0,0,0
tohoku_site_e20d72255be4,牡丹山六丁目変電所,tohoku,w170197081,lines_only,2,1,2,0,0,0,5,0,1,0,0,154/66,,no_observed,7,2,9,0,2,0,0
tohoku_site_e23058f3d20e,前田川扇町変電所,tohoku,w658806520,lines_only,1,1,0,0,0,0,0,0,0,0,0,,,no_observed,0,1,3,0,1,0,0
tohoku_site_e23e642f8592,太平寺変電所,tohoku,w1027413647,lines_only,1,1,2,0,0,0,4,0,0,0,0,,,no_observed,4,1,0,0,1,0,2
tohoku_site_e244aeda1e43,青森市変電所,tohoku,w1268177223,none,0,0,0,0,0,0,0,0,0,0,0,,,no_observed,0,0,0,0,0,0,0
tohoku_site_e2635c6c6e3c,新津変電所,tohoku,w125629855,conductors_only,2,2,0,0,0,0,0,0,1,0,0,154/66,,no_observed,0,3,4,0,2,0,2
tohoku_site_e28f5646d855,JR東日本 酒田変電所,tohoku,w830289313,lines_only,2,2,0,0,0,0,0,0,1,0,0,154/20,,no_observed,0,1,1,0,1,0,0
tohoku_site_e2d975906f88,十三湖変電所,tohoku,w597974395,lines_only,3,3,0,0,0,0,0,0,2,0,0,66/33;33/6,,no_observed,0,2,0,0,2,0,0
tohoku_site_e2e7cb991ee0,上金沢町変電所,tohoku,w830311552,partial,2,3,2,0,2,4,6,0,1,3,3,66/33,66/6,contradicts,5,0,8,3,1,0,0
tohoku_site_e35fb304e7c5,福島市変電所_3,tohoku,w1458752110,lines_only,1,1,0,0,0,0,0,0,0,0,0,,,no_observed,0,1,0,0,1,0,0
tohoku_site_e3c048648bee,日詰変電所,tohoku,w609752477,conductors_only,3,3,0,1,0,0,2,0,2,0,0,66/33;33/6,,no_observed,2,0,3,2,0,0,0
tohoku_site_e447325cab6e,川添変電所,tohoku,w782083333,conductors_only,3,3,0,0,0,0,2,0,2,0,0,66/33;33/6,,no_observed,2,0,1,1,0,0,0
tohoku_site_e46fdf2499bd,西名目所変電所,tohoku,w1028585672,lines_only,1,1,0,0,0,0,0,0,0,0,0,,,no_observed,0,1,0,0,1,0,0
tohoku_site_e470a1ada09e,角田変電所,tohoku,w891443197,partial,2,2,1,0,1,1,3,0,1,3,3,66/6,66/6,same,2,0,3,2,0,0,0
tohoku_site_e47a84c14c82,西石巻変電所,tohoku,w104024082,mapped,4,4,4,0,2,4,24,0,3,5,5,154/66;66/33;33/6,154/66;66/33,partial,17,11,12,11,0,0,4
tohoku_site_e4da91f554c7,古川端変電所,tohoku,w770377141,none,1,0,0,0,0,0,1,0,0,0,0,,,no_observed,1,0,2,0,0,0,0
tohoku_site_e4e9bbbbea1d,二本松市変電所,tohoku,w835186162,mapped,3,3,0,3,0,0,2,0,2,2,2,275/154;154/66,275/154,partial,4,2,15,4,2,0,0
tohoku_site_e4ff3c00193d,泉野変電所,tohoku,w715398752,partial,2,2,1,0,1,1,3,0,1,3,3,66/6,66/6,same,2,0,0,2,0,0,0
tohoku_site_e519a268ba90,矢板変電所,tohoku,w328556470,conductors_only,1,1,0,1,0,0,0,0,0,0,0,,,no_observed,0,3,4,1,1,0,0
tohoku_site_e5a1c3dae1c4,柴田町変電所_2,tohoku,w704402599,none,0,0,0,0,0,0,0,0,0,0,0,,,no_observed,0,0,1,0,0,0,0
tohoku_site_e5a8a373d5bc,大久保変電所,tohoku,w322132733,conductors_only,2,2,0,1,0,0,3,0,1,0,0,66/6,,no_observed,4,0,0,1,0,0,0
tohoku_site_e5d19d84af05,鶴岡市変電所_2,tohoku,w830255493,conductors_only,1,1,0,1,0,0,0,0,0,0,0,,,no_observed,0,3,4,1,0,0,0
tohoku_site_e5e6525d2b66,塚浜変電所_5,tohoku,w1341021099,partial,2,0,1,0,0,0,3,0,1,3,0,275/66,,no_observed,3,6,20,0,0,0,0
tohoku_site_e707c339befc,大崎市変電所_3,tohoku,w843464956,partial,1,2,2,0,1,2,3,0,0,2,2,,66/6,contradicts,3,0,5,3,0,0,0
tohoku_site_e74a480dbba8,船岡変電所,tohoku,w318286888,partial,2,2,0,1,0,0,1,0,1,3,3,66/6,66/6,same,5,3,5,4,0,0,0
tohoku_site_e74e9db8b660,一本木沢二丁目変電所,tohoku,w1052431030,lines_only,1,1,0,0,0,0,0,0,0,0,0,,,no_observed,0,1,1,0,1,0,0
tohoku_site_e7aa51ca755f,米沢変電所,tohoku,w250430935,mapped,2,2,2,0,2,24,6,0,1,3,3,275/66,275/66,same,14,20,1,6,0,0,0
tohoku_site_e83170688c95,美田園一丁目変電所,tohoku,w311384124,none,0,0,0,0,0,0,0,0,0,0,0,,,no_observed,0,0,0,0,0,0,0
tohoku_site_e8666bc81595,雫石町変電所,tohoku,w781791646,none,1,0,0,0,0,0,1,0,0,0,0,,,no_observed,1,0,0,0,0,0,0
tohoku_site_e8948e98ccdc,JR東日本 新崎変電所,tohoku,w585343596,none,0,0,0,0,0,0,0,0,0,0,0,,,no_observed,0,0,0,0,0,0,0
tohoku_site_e8b62c15b95e,今泉変電所,tohoku,w901872431,lines_only,1,1,0,1,0,0,0,0,0,0,0,,,no_observed,0,2,3,0,2,0,0
tohoku_site_e8f4b1b8ae04,津谷変電所,tohoku,w816539174,conductors_only,1,1,0,1,0,0,0,0,0,0,0,,,no_observed,0,2,4,2,0,0,0
tohoku_site_e90d62fc5e98,南酒田変電所,tohoku,w750201262,layout_only,3,2,1,1,0,0,3,0,2,3,3,154/66;66/6,66/6,partial,5,2,20,0,2,0,0
tohoku_site_e975f21c2a99,東裏変電所,tohoku,w741225919,lines_only,1,1,0,1,0,0,0,0,0,0,0,,,no_observed,0,4,5,0,4,0,0
tohoku_site_ea280add4606,東白山台二丁目変電所,tohoku,w1231637165,lines_only,1,1,0,0,0,0,0,0,0,0,0,,,no_observed,0,1,1,0,1,0,0
tohoku_site_ea46d7670942,船川変電所,tohoku,w793806827,conductors_only,3,3,0,0,0,0,2,0,2,0,0,66/33;33/6,,no_observed,2,0,0,2,0,0,0
tohoku_site_ea64024b6d1e,酒田北港変電所,tohoku,w678959025,conductors_only,2,2,0,1,0,0,4,0,1,0,0,154/66,,no_observed,5,0,0,1,0,0,0
tohoku_site_ea725acadb1b,大街道東二丁目変電所,tohoku,w798835091,lines_only,1,1,0,0,0,0,0,0,0,0,0,,,no_observed,0,1,0,0,1,0,0
tohoku_site_ea7fb7eef873,深沢変電所,tohoku,w781539083,none,1,0,0,0,0,0,1,0,0,0,0,,,no_observed,1,0,0,0,0,0,0
tohoku_site_ea9bed44bc3d,東北電力ネットワーク(株)大野変電所,tohoku,n13436809252,none,0,0,0,0,0,0,0,0,0,0,0,,,no_observed,0,0,2,0,0,0,0
tohoku_site_eac285193d14,好間町上好間変電所,tohoku,w642186668,lines_only,1,1,0,0,0,0,0,0,0,0,0,,,no_observed,0,1,3,0,1,0,0
tohoku_site_eae9f1c2f60c,山目変電所,tohoku,w783616445,conductors_only,2,2,0,0,0,0,1,0,1,0,0,66/6,,no_observed,1,0,0,1,0,0,0
tohoku_site_eb1d912a4312,新那須変電所,tohoku,w290669795,lines_only,2,2,0,1,0,0,0,0,1,0,0,275/25,,no_observed,0,2,3,0,2,0,0
tohoku_site_eb465f7dd9b3,太白区変電所_2,tohoku,w1035563527,lines_only,1,1,0,0,0,0,0,0,0,0,0,,,no_observed,0,1,0,0,1,0,0
tohoku_site_ebf35bb61ed9,牛島東七丁目変電所,tohoku,w176075769,lines_only,1,1,0,0,0,0,0,0,0,0,0,,,no_observed,0,1,0,0,1,0,0
tohoku_site_ebff7e6e2d7f,陸前山下変電所,tohoku,w610437485,conductors_only,2,2,0,1,0,0,2,0,1,0,0,66/6,,no_observed,2,0,3,2,0,0,0
tohoku_site_ec93f17e6316,二ツ井変電所,tohoku,w793859008,none,2,0,0,0,0,0,1,0,1,0,0,66/6,,no_observed,1,0,0,0,0,0,0
tohoku_site_ecb4f59bf51d,立根変電所,tohoku,w721658976,none,2,0,0,0,0,0,0,0,1,0,0,66/6,,no_observed,0,0,1,0,0,0,0
tohoku_site_edb946509f74,高森変電所,tohoku,w829088689,conductors_only,1,1,0,1,0,0,0,0,0,0,0,,,no_observed,0,5,3,1,0,0,0
tohoku_site_ee20608f71a6,二戸変電所,tohoku,w715375634,partial,2,2,1,0,1,1,4,0,1,2,2,66/6,66/6,same,4,0,5,1,0,0,0
tohoku_site_ee260746fbd6,仙台港変電所,tohoku,w548888573,partial,3,2,3,0,2,6,8,0,2,3,3,275/154;154/66,154/66,partial,5,7,45,6,2,0,0
tohoku_site_ee92d56be3c9,蛇田変電所,tohoku,w325433636,conductors_only,2,2,0,1,0,0,0,0,1,0,0,66/6,,no_observed,0,8,1,2,0,0,0
tohoku_site_eeaaddd27b11,秋田変電所,tohoku,w302164677,mapped,3,3,9,0,3,9,34,0,2,7,7,275/154;154/66,275/154;154/66,same,20,7,24,16,0,0,2
tohoku_site_eed376af9399,雫石開閉所,tohoku,w293714068,conductors_only,1,1,2,0,1,2,6,0,0,0,0,,,no_observed,6,0,9,6,0,0,0
tohoku_site_ef35500eea7e,金ケ崎変電所,tohoku,w109508552,partial,3,3,1,0,1,4,13,0,2,5,5,154/66;66/6,154/66,partial,11,0,9,8,0,0,0
tohoku_site_ef49b3b6ad12,宮変電所,tohoku,w742385649,partial,1,2,1,0,1,1,2,0,0,1,1,,66/6,contradicts,2,3,3,1,0,0,0
tohoku_site_efa4087e1402,南部古館変電所,tohoku,w566493699,partial,2,2,1,0,1,1,2,0,1,2,2,66/6,66/6,same,2,0,3,1,0,0,0
tohoku_site_efd1e70a65a2,みなかみ町変電所_2,tohoku,w519055295,none,1,0,0,0,0,0,0,0,0,0,0,,,no_observed,0,1,1,0,0,0,0
tohoku_site_efd1faad3bc6,東通変電所,tohoku,w721132863,partial,3,2,1,0,1,1,3,0,2,2,2,154/66;66/6,66/6,partial,3,0,6,3,0,0,0
tohoku_site_effdf09794eb,新山変電所,tohoku,w785572550,conductors_only,1,1,0,0,0,0,1,0,0,0,0,,,no_observed,1,0,0,1,0,0,0
tohoku_site_f0152b2689c1,泉町滝尻変電所,tohoku,w335856740,lines_only,1,1,0,1,0,0,0,0,0,0,0,,,no_observed,0,2,3,0,2,0,0
tohoku_site_f03fe37c7d35,坊沢変電所,tohoku,w295437677,none,0,0,0,0,0,0,0,0,0,0,0,,,no_observed,0,0,0,0,0,0,0
tohoku_site_f0408f7f4978,西那須野変電所,tohoku,w1040879948,lines_only,2,2,0,0,0,0,0,0,1,0,0,66/1,,no_observed,0,1,1,0,1,0,0
tohoku_site_f04a6f19b4f9,板柳変電所,tohoku,w716722113,none,1,0,0,0,0,0,0,0,0,0,0,,,no_observed,0,0,1,0,0,0,0
tohoku_site_f10d180726f9,大町変電所,tohoku,n8272640427,none,2,0,0,0,0,0,0,0,1,0,0,66/6,,no_observed,0,0,0,0,0,0,0
tohoku_site_f1d0ada1ada8,大字清助新田変電所,tohoku,w830255515,lines_only,2,2,0,2,0,0,0,0,1,0,0,154/66,,no_observed,0,4,5,0,2,2,2
tohoku_site_f1ebdd9c6db0,郡山変電所,tohoku,w104371389,mapped,2,2,4,0,2,4,26,4,1,4,4,154/66,154/66,same,18,0,31,10,0,0,0
tohoku_site_f1ec33e50de8,柳田変電所,tohoku,w1052385971,none,0,0,0,0,0,0,0,0,0,0,0,,,no_observed,0,0,0,0,0,0,0
tohoku_site_f1f312cea176,郷野目変電所,tohoku,w1027413645,lines_only,1,1,0,0,0,0,0,0,0,0,0,,,no_observed,0,1,0,0,1,0,0
tohoku_site_f1ff19d2cdbf,東通村変電所_2,tohoku,w798992458,lines_only,3,1,0,0,0,0,0,0,2,0,0,500/154;154/66,,no_observed,0,1,13,0,1,0,0
tohoku_site_f219e26d94c1,軽米町変電所_3,tohoku,w1020236298,lines_only,1,1,0,0,0,0,0,0,0,0,0,,,no_observed,0,1,1,0,1,0,0
tohoku_site_f2d3331c90f1,青森本町変電所,tohoku,n2352358687,none,2,0,0,0,0,0,0,0,1,0,0,66/6,,no_observed,0,0,0,0,0,0,0
tohoku_site_f3205757eb7a,花沢変電所,tohoku,w343069954,partial,1,2,2,0,1,11,3,0,0,3,3,,66/6,contradicts,5,0,3,2,0,0,0
tohoku_site_f32b31b2345b,軽米町変電所_2,tohoku,w890021897,lines_only,1,1,0,0,0,0,0,0,0,0,0,,,no_observed,0,1,4,0,1,0,0
tohoku_site_f35abb828586,那須野変電所,tohoku,w191552653,mapped,2,2,2,0,2,6,3,0,1,2,2,154/66,154/66,same,3,6,20,8,0,0,0
tohoku_site_f37de5529727,宿田変電所,tohoku,w319313781,lines_only,1,1,0,0,0,0,0,0,0,0,0,,,no_observed,0,1,3,0,1,0,0
tohoku_site_f40cd86f2753,伊手変電所,tohoku,w785286709,none,2,0,0,0,0,0,1,0,1,0,0,66/6,,no_observed,1,0,0,0,0,0,0
tohoku_site_f40dbad26d3a,鹿島台平渡変電所,tohoku,w798835036,lines_only,1,1,0,0,0,0,0,0,0,0,0,,,no_observed,0,1,1,0,1,0,0
tohoku_site_f443510248be,白石市変電所,tohoku,w1035563511,lines_only,1,1,0,0,0,0,0,0,0,0,0,,,no_observed,0,1,7,0,1,0,0
tohoku_site_f4545aaf195b,北変電所_2,tohoku,w733832318,lines_only,2,1,0,0,0,0,0,0,1,0,0,154/66,,no_observed,0,1,3,0,1,0,0
tohoku_site_f5a72d3c9d91,JR東日本 新福島変電所,tohoku,w104380334,mapped,2,2,1,0,1,1,4,0,1,2,2,275/25,275/25,same,1,0,0,3,0,0,0
tohoku_site_f5ae563a1b91,阿賀町変電所,tohoku,w1135958547,none,0,0,0,0,0,0,0,0,0,0,0,,,no_observed,0,0,0,0,0,0,0
tohoku_site_f676d892d3c6,川俣変電所,tohoku,w1072910313,lines_only,1,1,0,0,0,0,0,0,0,0,0,,,no_observed,0,1,0,0,1,0,0
tohoku_site_f687dc7475a3,大字更科変電所,tohoku,w298045909,lines_only,1,1,0,1,0,0,0,0,0,0,0,,,no_observed,0,2,3,0,2,0,0
tohoku_site_f6b71eaa0849,雫石町変電所_3,tohoku,w781791675,lines_only,1,1,0,1,0,0,1,0,0,0,0,,,no_observed,1,1,1,0,1,0,0
tohoku_site_f72eba56198d,松岩変電所,tohoku,w316581635,partial,2,2,1,0,1,2,4,0,1,3,3,66/6,66/6,same,3,0,9,2,0,0,0
tohoku_site_f7a695dabe0d,蔵王町変電所_3,tohoku,w1035563563,lines_only,1,1,0,0,0,0,0,0,0,0,0,,,no_observed,0,1,1,0,1,0,0
tohoku_site_f7b6c4baf8e0,小名浜変電所,tohoku,w335855773,lines_only,2,2,0,0,0,0,0,0,1,0,0,66/6,,no_observed,0,1,0,0,1,0,0
tohoku_site_f85573ab2f7e,五浦変電所,tohoku,w657663805,conductors_only,1,1,0,1,0,0,0,0,0,0,0,,,no_observed,0,2,4,1,0,0,0
tohoku_site_f87426c3a04f,加茂市変電所,tohoku,w318262801,lines_only,1,1,0,0,0,0,0,0,0,0,0,,,no_observed,0,1,0,0,1,0,2
tohoku_site_f8b8031f1a2f,大湊変電所,tohoku,w715636703,layout_only,1,1,0,1,0,0,0,0,0,2,0,,,no_observed,0,2,0,0,2,0,0
tohoku_site_f8cd34ca9cd3,小湊変電所,tohoku,w715451338,partial,2,2,0,1,0,0,2,0,1,2,2,66/6,66/6,same,2,0,3,2,0,0,0
tohoku_site_f98c21b3601f,登米町寺池変電所,tohoku,w325791894,none,1,0,0,0,0,0,0,0,0,0,0,,,no_observed,0,0,1,0,0,0,0
tohoku_site_f995909da283,八峰町変電所,tohoku,w837197540,none,0,0,0,0,0,0,0,0,0,0,0,,,no_observed,0,0,1,0,0,0,0
tohoku_site_f9c35045c5bb,六ヶ所変電所,tohoku,w318193035,conductors_only,2,2,2,0,2,2,10,0,1,0,0,154/66,,no_observed,11,0,9,4,0,0,0
tohoku_site_fa9b816a7845,郡山市変電所,tohoku,w943394584,none,1,0,0,0,0,0,0,0,0,0,0,,,no_observed,0,0,1,0,0,0,0
tohoku_site_fac56819aa0d,塩原2号配電塔,tohoku,w1138238972,none,2,0,0,0,0,0,0,0,1,0,0,22/6,,no_observed,0,0,0,0,0,0,0
tohoku_site_facd47ad5a84,青い森鉄道 野辺地変電所,tohoku,w715451339,partial,2,2,0,0,0,0,3,0,1,1,1,66/20,66/20,same,1,0,5,1,0,0,0
tohoku_site_fb2a5061e4ee,六ヶ所村変電所_4,tohoku,w797759485,none,2,0,0,1,0,0,3,0,1,0,0,154/66,,no_observed,2,0,8,0,0,0,0
tohoku_site_fb2b228b084b,宮海変電所,tohoku,w708298814,lines_only,2,1,0,0,0,0,1,0,1,0,0,154/66,,no_observed,1,1,0,0,1,0,0
tohoku_site_fba0abe40f09,本銅変電所,tohoku,w724921253,none,2,0,0,0,0,0,1,0,1,0,0,33/6,,no_observed,1,0,0,0,0,0,0
tohoku_site_fbf9d12c1895,上遠野変電所,tohoku,w1197335999,lines_only,1,1,0,0,0,0,0,0,0,0,0,,,no_observed,0,1,1,0,1,0,0
tohoku_site_fcdf870dba7a,本宮市変電所,tohoku,w668046180,lines_only,1,1,0,1,0,0,0,0,0,0,0,,,no_observed,0,2,3,0,2,0,0
tohoku_site_fde629099933,鮎川変電所,tohoku,w610576694,lines_only,2,2,0,1,0,0,0,0,1,0,0,66/6,,no_observed,0,2,3,0,2,0,0
tohoku_site_fe16c7edb515,JR東日本 羽前千歳変電所,tohoku,w292494305,conductors_only,2,2,0,1,0,0,0,0,1,0,0,66/20,,no_observed,0,2,6,0,2,0,0
tohoku_site_fe3f74db6a96,八戸市変電所,tohoku,n6847657689,none,1,0,1,0,0,0,3,0,0,0,0,,,no_observed,3,0,0,0,0,0,0
tohoku_site_fe492cd50a78,屋敷ノ入変電所,tohoku,w834987560,partial,1,2,1,0,1,1,4,0,0,3,3,,66/6,contradicts,4,0,6,4,0,0,0
tohoku_site_fe72e780687f,葛巻変電所,tohoku,w720863317,conductors_only,2,2,0,0,0,0,1,0,1,0,0,66/6,,no_observed,1,0,0,1,0,0,0
tohoku_site_fe7f311587d5,飯島変電所,tohoku,w782093334,conductors_only,2,2,0,0,0,0,1,0,1,0,0,66/6,,no_observed,1,0,0,1,0,0,0
tohoku_site_fea2a52ee61f,JR東日本 新おいらせき電区分所,tohoku,w560506003,conductors_only,1,1,0,0,0,0,0,0,0,0,0,,,no_observed,0,0,0,0,0,0,0
tohoku_site_feba632ed199,油川変電所_2,tohoku,w430660375,mapped,3,2,3,0,2,2,11,0,2,2,2,66/25;25/20,66/25,partial,8,0,2,2,0,0,0
tohoku_site_ff7226069934,堤町変電所,tohoku,w1182267742,layout_only,2,2,0,0,0,0,1,0,1,3,3,66/6,66/6,same,1,0,1,0,0,0,0
tohoku_site_ff74eab6c6b6,JR東日本 田沢湖変電所,tohoku,w293842614,mapped,2,2,0,0,0,0,2,0,1,1,1,154/20,154/20,same,1,0,1,1,0,0,0
tokyo_site_000a2f21aa2e,JR東海 大崎変電所,tokyo,w778907366,lines_only,0,1,0,0,0,0,0,0,0,0,0,,,no_observed,0,0,0,0,1,0,0
tokyo_site_0021e2d1722f,昭和変電所_2,tokyo,w641751152,none,1,0,0,0,0,0,0,0,0,0,0,,,no_observed,0,0,5,0,0,0,0
tokyo_site_0030e61e9e24,三屋変電所_2,tokyo,w733856047,none,2,0,0,0,0,0,0,0,1,0,0,154/66,,no_observed,0,0,15,0,0,0,0
tokyo_site_003fdec3e643,浦山発電所変電設備,tokyo,w1131091371,lines_only,2,1,4,0,0,0,19,0,1,0,0,154/66,,no_observed,10,1,1,0,1,0,0
tokyo_site_0042f4f81c22,,tokyo,w1537793036,conductors_only,1,1,0,1,0,0,0,0,0,0,0,,,no_observed,0,4,0,2,0,0,0
tokyo_site_004aeaee389e,印旛西変電所,tokyo,w1138566287,lines_only,1,1,0,1,0,0,0,0,0,0,0,,,no_observed,0,2,11,0,0,2,0
tokyo_site_005a9600db66,小海町変電所,tokyo,w133337470,none,1,0,0,0,0,0,0,0,0,0,0,,,no_observed,0,0,2,0,0,0,0
tokyo_site_0065d8d6c02d,戸山変電所,tokyo,w1150079549,none,1,0,0,0,0,0,0,0,0,0,0,,,no_observed,0,0,0,0,0,0,0
tokyo_site_0110debde5c2,小舟変電所,tokyo,w781540803,none,0,0,0,0,0,0,0,0,0,0,0,,,no_observed,0,0,0,0,0,0,0
tokyo_site_0139b1dcf7cc,旭村変電所,tokyo,w340340868,lines_only,1,1,0,1,0,0,0,0,0,0,0,,,no_observed,0,2,4,0,2,0,0
tokyo_site_01447db0ff77,坂月変電所,tokyo,w1134720612,conductors_only,1,2,0,1,0,0,0,0,0,0,0,,,no_observed,0,2,2,2,0,0,2
tokyo_site_014d8ad20e81,花見川変電所 (Hanamigawa Hendensho),tokyo,w210765350,lines_only,2,2,0,1,0,0,0,0,1,0,0,275/66,,no_observed,0,5,5,0,5,0,0
tokyo_site_0154d3a4a15e,和田浦変電所,tokyo,w733015155,conductors_only,2,1,0,0,0,0,0,0,1,0,0,66/1,,no_observed,0,1,4,2,0,0,0
tokyo_site_0158ce8559fb,赤麻変電所,tokyo,w195138486,conductors_only,2,2,0,1,0,0,0,0,1,0,0,154/66,,no_observed,0,4,12,2,0,2,0
tokyo_site_015ab7e3b980,本厚木変電所,tokyo,n1867205234,none,0,0,0,0,0,0,0,0,0,0,0,,,no_observed,0,1,2,0,0,0,0
tokyo_site_0167b1c05e60,茂原変電所,tokyo,w172189557,lines_only,1,1,0,1,0,0,0,0,0,0,0,,,no_observed,0,3,5,0,3,0,0
tokyo_site_0174d747d2e0,外房変電所,tokyo,w191072902,lines_only,3,3,0,1,0,0,0,0,2,0,0,154/66;66/6,,no_observed,0,5,5,0,6,0,4
tokyo_site_017d31be9b48,葉鹿変電所,tokyo,w1066004578,conductors_only,1,1,0,1,0,0,0,0,0,0,0,,,no_observed,0,6,0,2,0,0,0
tokyo_site_018cc91d82d9,宝積寺変電所,tokyo,w1154905183,lines_only,1,1,0,0,0,0,0,0,0,0,0,,,no_observed,0,0,0,0,0,0,2
tokyo_site_01b0b36bf8d4,方京三丁目変電所,tokyo,w682558627,none,1,0,0,0,0,0,0,0,0,0,0,,,no_observed,0,0,1,0,0,0,0
tokyo_site_01c93fa67005,上北沢変電所,tokyo,w44888256,none,0,0,0,0,0,0,0,0,0,0,0,,,no_observed,0,0,0,0,0,0,0
tokyo_site_01f2408aa139,上殿変電所,tokyo,w1065412514,conductors_only,1,1,0,1,0,0,0,0,0,0,0,,,no_observed,0,2,4,0,0,2,0
tokyo_site_0222ced14c05,狛江変電所,tokyo,w152330366,none,0,0,0,0,0,0,0,0,0,0,0,,,no_observed,0,0,0,0,0,0,0
tokyo_site_023170c3c0b7,本郷町変電所_2,tokyo,w802559095,lines_only,0,0,0,0,0,0,0,0,0,0,0,,,no_observed,0,1,1,0,0,0,0
tokyo_site_02491c371ca6,飯田変電所,tokyo,w1075038618,conductors_only,2,2,0,2,0,0,0,0,1,0,0,154/66,,no_observed,0,7,0,2,0,2,0
tokyo_site_028a30155bc3,蒲原一丁目変電所_2,tokyo,w619153670,lines_only,2,1,0,0,0,0,0,0,1,0,0,154/77,,no_observed,0,0,25,0,0,3,0
tokyo_site_028d00fe3b6e,並榎町変電所,tokyo,w967153243,none,0,0,0,0,0,0,0,0,0,0,0,,,no_observed,0,0,0,0,0,0,0
tokyo_site_02a5fd4abc29,幕張本郷変電所,tokyo,w1136867630,none,1,0,0,0,0,0,0,0,0,0,0,,,no_observed,0,0,0,0,0,0,0
tokyo_site_02c5ba153c39,長坂二丁目変電所_2,tokyo,n5484456211,none,1,0,0,0,0,0,0,0,0,0,0,,,no_observed,0,0,5,0,0,0,0
tokyo_site_02c8425dc7f0,長島変電所,tokyo,w789722878,lines_only,1,1,0,0,0,0,0,0,0,0,0,,,no_observed,0,0,3,0,0,2,0
tokyo_site_02dab493d0b2,東北野変電所,tokyo,w1537564697,layout_only,2,2,0,0,0,0,0,0,1,1,1,66/6,,no_observed,0,0,0,0,0,0,0
tokyo_site_032a57135ef8,夏見変電所,tokyo,w432777007,none,0,0,0,0,0,0,0,0,0,0,0,,,no_observed,0,0,0,0,0,0,0
tokyo_site_032c9261e972,江戸川台西四丁目変電所,tokyo,w693601144,none,0,0,0,0,0,0,0,0,0,0,0,,,no_observed,0,0,0,0,0,0,0
tokyo_site_038578e6c4e6,青堀変電所,tokyo,w911095512,lines_only,1,1,0,1,0,0,0,0,0,0,0,,,no_observed,0,2,3,0,2,0,0
tokyo_site_039b622a8a03,下羽田町変電所,tokyo,w737589179,lines_only,2,1,0,1,0,0,0,0,1,0,0,154/66,,no_observed,0,2,34,0,2,0,0
tokyo_site_03a18e7bd4ce,所沢変電所,tokyo,w190894371,conductors_only,1,1,0,1,0,0,0,0,0,0,0,,,no_observed,0,7,6,2,2,3,2
tokyo_site_03a4ec5a86b6,内原一丁目変電所,tokyo,w1150605043,none,1,0,0,0,0,0,0,0,0,0,0,,,no_observed,0,0,1,0,0,0,0
tokyo_site_03cb70e40bbd,長浦変電所,tokyo,w1133347156,lines_only,2,1,0,0,0,0,0,0,1,0,0,66/1,,no_observed,0,1,6,0,1,0,0
tokyo_site_044804ddb888,菅生変電所,tokyo,w1153951084,lines_only,1,1,0,1,0,0,0,0,0,0,0,,,no_observed,0,2,8,0,2,0,0
tokyo_site_0463ea591c8e,木更津変電所,tokyo,w1132698406,conductors_only,2,1,0,1,0,0,0,0,1,0,0,66/1,,no_observed,0,2,13,1,0,0,0
tokyo_site_04cdef28944d,宿河原四丁目変電所,tokyo,w46151881,lines_only,1,1,0,0,0,0,0,0,0,0,0,,,no_observed,0,1,0,0,1,0,0
tokyo_site_04eb720cbfb2,蒲須坂変電所,tokyo,w685994008,lines_only,1,1,0,0,0,0,0,0,0,0,0,,,no_observed,0,1,3,0,1,0,0
tokyo_site_054517c9b3e1,東足利変電所,tokyo,w202714098,conductors_only,1,1,0,1,0,0,0,0,0,0,0,,,no_observed,0,3,16,5,0,2,0
tokyo_site_059d62a9ef45,上青木変電所,tokyo,w1150071628,none,1,0,0,0,0,0,0,0,0,0,0,,,no_observed,0,0,0,0,0,0,0
tokyo_site_05cab0c9644e,市塙変電所,tokyo,w104520560,lines_only,1,1,0,1,0,0,0,0,0,0,0,,,no_observed,0,2,3,0,2,0,0
tokyo_site_05d8f28de214,習志野変電所,tokyo,w291647551,conductors_only,1,1,0,1,0,0,0,0,0,0,0,,,no_observed,0,2,3,1,0,0,0
tokyo_site_05e463111e58,港が丘変電所,tokyo,w328082379,none,3,0,0,0,0,0,0,0,2,0,0,66/22;22/6,,no_observed,0,0,5,0,0,0,0
tokyo_site_05f31b693817,飯岡変電所,tokyo,w151764954,lines_only,1,1,0,0,0,0,0,0,0,0,0,,,no_observed,0,1,5,0,1,0,0
tokyo_site_06135468a0de,東門前三丁目変電所,tokyo,w964906923,lines_only,1,1,0,0,0,0,0,0,0,0,0,,,no_observed,0,1,0,0,1,0,0
tokyo_site_0621db50e1cb,別所変電所,tokyo,w886710672,conductors_only,1,1,0,1,0,0,0,0,0,0,0,,,no_observed,0,6,3,2,0,0,0
tokyo_site_062a8049493a,潤井戸変電所,tokyo,w1134433926,none,4,0,3,0,0,0,8,0,3,0,0,500/275;275/154;154/66,,no_observed,9,0,52,0,0,0,0
tokyo_site_06ac6a18c3ca,嵐山変電所,tokyo,w315370905,conductors_only,1,1,0,1,0,0,0,0,0,0,0,,,no_observed,0,6,0,2,0,0,0
tokyo_site_06f83bc378cc,結城変電所,tokyo,w1063521193,lines_only,1,1,0,1,0,0,0,0,0,0,0,,,no_observed,0,2,3,0,2,0,0
tokyo_site_0738131fd029,新秋津変電所,tokyo,w1383255864,lines_only,0,1,0,0,0,0,0,0,0,0,0,,,no_observed,0,0,0,0,0,3,0
tokyo_site_0752a73d33e0,東芝深谷変電所,tokyo,w884136352,conductors_only,1,1,0,1,0,0,0,0,0,0,0,,,no_observed,0,6,9,2,0,0,0
tokyo_site_075f244ace65,新光町変電所,tokyo,w642937186,lines_only,1,1,0,0,0,0,0,0,0,0,0,,,no_observed,0,1,1,0,1,0,0
tokyo_site_077197091874,南矢名四丁目変電所,tokyo,w568490595,none,0,0,0,0,0,0,0,0,0,0,0,,,no_observed,0,0,0,0,0,0,0
tokyo_site_0780c45effe0,東京電力パワーグリッド笹下変電所,tokyo,w1109877404,none,0,0,0,0,0,0,0,0,0,0,0,,,no_observed,0,0,0,0,0,0,0
tokyo_site_07d015befb4d,浮島町変電所_2,tokyo,w708227235,none,1,0,0,0,0,0,0,0,0,0,0,,,no_observed,0,0,4,0,0,0,0
tokyo_site_082992382d5d,船堀橋変電所,tokyo,w185216942,lines_only,1,1,0,1,0,0,0,0,0,0,0,,,no_observed,0,2,3,0,2,0,0
tokyo_site_083037146dbd,沓掛変電所,tokyo,w1075964791,lines_only,1,1,0,0,0,0,0,0,0,0,0,,,no_observed,0,1,0,0,1,0,0
tokyo_site_0834730e4021,飯能変電所,tokyo,w192652285,conductors_only,1,1,0,1,0,0,0,0,0,0,0,,,no_observed,0,7,5,3,0,0,0
tokyo_site_08a422d66609,京王電鉄 高幡変電所,tokyo,w1292681809,none,1,0,0,0,0,0,0,0,0,0,0,,,no_observed,0,0,0,0,0,0,0
tokyo_site_08bb3dbc2ff6,新大宮変電所,tokyo,w1019953835,lines_only,1,1,0,0,0,0,0,0,0,0,0,,,no_observed,0,1,0,0,1,0,0
tokyo_site_0915ed79ed5d,坂東市変電所,tokyo,w641314378,conductors_only,1,1,0,1,0,0,0,0,0,0,0,,,no_observed,0,2,3,1,0,0,0
tokyo_site_09486b9c622b,塩浜変電所,tokyo,w198950768,lines_only,1,1,0,1,0,0,0,0,0,0,0,,,no_observed,0,2,4,0,2,0,2
tokyo_site_097d46db5af5,那珂変電所,tokyo,w105291887,partial,3,3,0,2,0,0,0,20,2,4,2,275/154;154/66,275/154,partial,0,76,7,7,1,0,2
tokyo_site_09a8f85bc7c8,天川変電所,tokyo,w323935789,lines_only,1,1,0,1,0,0,0,0,0,0,0,,,no_observed,0,2,6,0,2,0,0
tokyo_site_09b9dedb6b9d,栃木変電所,tokyo,w1080161242,partial,2,2,0,0,0,0,0,1,1,1,0,66/1,,no_observed,0,1,6,2,0,0,0
tokyo_site_09ba2e6aba4a,JR東海身延変電所,tokyo,w1372648934,conductors_only,0,0,0,1,0,0,0,0,0,0,0,,,no_observed,0,2,3,0,0,0,0
tokyo_site_09c6390e6b77,伊勢原変電所,tokyo,w628564908,lines_only,1,2,0,0,0,0,0,0,0,0,0,,,no_observed,0,0,0,0,0,0,4
tokyo_site_09c64930b6a8,府中変電所,tokyo,w74893191,partial,2,3,0,1,0,0,0,0,1,4,4,66/6,,no_observed,0,3,0,8,3,0,0
tokyo_site_09d217490e66,西武上水変電所,tokyo,w191762631,conductors_only,1,1,0,0,0,0,0,0,0,0,0,,,no_observed,0,1,2,0,0,0,2
tokyo_site_09ffdb5eba3e,瀬戸変電所,tokyo,w328088177,partial,2,3,0,0,0,0,0,0,1,1,1,66/1,,no_observed,0,0,5,2,0,0,0
tokyo_site_0a2d2084634a,板橋変電所,tokyo,w1517431723,none,1,0,0,0,0,0,0,0,0,0,0,,,no_observed,0,0,0,0,0,0,0
tokyo_site_0a925915abf3,有明町変電所,tokyo,r21228208,none,2,0,0,0,0,0,0,0,1,0,0,500/66,,no_observed,0,0,14,0,0,0,0
tokyo_site_0aa0f5fd6f68,田名変電所,tokyo,w1385586851,partial,1,2,0,1,0,0,0,4,0,3,3,,66/6,contradicts,0,9,5,1,0,0,0
tokyo_site_0abacb06e354,日野変電所,tokyo,w267914264,lines_only,1,1,0,0,0,0,0,0,0,0,0,,,no_observed,0,1,0,0,1,0,0
tokyo_site_0ac0eac14ae9,外国府間変電所,tokyo,w194528843,lines_only,1,1,0,0,0,0,0,0,0,0,0,,,no_observed,0,1,0,0,1,0,0
tokyo_site_0b03991965fc,下目黒一丁目変電所,tokyo,w160080621,none,0,0,0,0,0,0,0,0,0,0,0,,,no_observed,0,0,0,0,0,0,0
tokyo_site_0b196b1052d4,函南町変電所,tokyo,w202034646,lines_only,0,1,0,0,0,0,0,0,0,0,0,,,no_observed,0,0,0,0,0,0,2
tokyo_site_0b2457903f6b,調布変電所,tokyo,w50289209,lines_only,3,3,0,0,0,0,0,0,2,0,0,154/66;66/6,,no_observed,0,0,2,0,0,4,0
tokyo_site_0bd80fd7a048,鶴見き電区分所,tokyo,w191187100,none,2,0,0,0,0,0,0,0,1,0,0,66/1,,no_observed,0,0,4,0,0,0,0
tokyo_site_0beab62e1cc0,河原町変電所,tokyo,w1466311639,none,0,0,0,0,0,0,0,0,0,0,0,,,no_observed,0,0,0,0,0,0,0
tokyo_site_0c0584ffe77f,長作変電所,tokyo,w210769095,conductors_only,1,1,0,1,0,0,0,0,0,0,0,,,no_observed,0,2,3,1,0,0,0
tokyo_site_0c58de45926c,清新六丁目変電所,tokyo,w1385342331,partial,1,1,0,1,0,0,0,7,0,1,0,,,no_observed,0,5,19,0,1,0,0
tokyo_site_0c89b1ebd5dc,藤沢二丁目変電所,tokyo,w1206585175,lines_only,1,1,0,0,0,0,0,0,0,0,0,,,no_observed,0,1,0,0,1,0,0
tokyo_site_0cdc566d3e2a,飛田給変電所,tokyo,w265253752,none,0,0,0,0,0,0,0,0,0,0,0,,,no_observed,0,0,0,0,0,0,0
tokyo_site_0cf1fd8815f1,上柴町西七丁目変電所,tokyo,w643191783,none,1,0,0,0,0,0,0,0,0,0,0,,,no_observed,0,0,3,0,0,0,0
tokyo_site_0d02cba40eb3,鶴巻北一丁目変電所,tokyo,w1476543686,none,0,0,0,0,0,0,0,0,0,0,0,,,no_observed,0,0,0,0,0,0,0
tokyo_site_0d0b502f0a96,西横浜変電所,tokyo,w156415461,conductors_only,2,2,0,1,0,0,0,0,1,0,0,275/66,,no_observed,0,2,8,0,0,2,2
tokyo_site_0d52b640f4c7,北橘町分郷八崎変電所,tokyo,w721534182,conductors_only,2,2,0,1,0,0,0,0,1,0,0,154/66,,no_observed,0,5,2,0,1,0,0
tokyo_site_0d56f75d5832,勝田変電所,tokyo,w762059404,conductors_only,2,1,0,1,0,0,0,0,1,0,0,154/66,,no_observed,0,2,10,1,0,0,0
tokyo_site_0d8f3a268b7b,東京急行電鉄(株) 田奈変電所,tokyo,w534034832,none,1,0,0,0,0,0,0,0,0,0,0,,,no_observed,0,0,1,0,0,0,0
tokyo_site_0d936f3cfeb4,みどり市変電所,tokyo,w1042235515,lines_only,1,0,0,0,0,0,0,0,0,0,0,,,no_observed,0,0,4,0,0,0,0
tokyo_site_0d98479f2cbc,安沢変電所,tokyo,w1287032007,lines_only,1,1,0,0,0,0,0,0,0,0,0,,,no_observed,0,1,0,0,1,0,0
tokyo_site_0d9d9765ab94,名栗変電所,tokyo,w882009006,lines_only,1,1,0,0,0,0,0,0,0,0,0,,,no_observed,0,1,1,0,1,0,0
tokyo_site_0db8dc3e6a50,権太坂変電所,tokyo,w267953810,none,1,0,0,0,0,0,0,0,0,0,0,,,no_observed,0,0,16,0,0,0,0
tokyo_site_0de79afead7f,船津変電所,tokyo,w340644821,partial,1,1,0,2,0,0,0,0,0,3,0,,,no_observed,0,6,6,0,0,2,0
tokyo_site_0df1f02fa803,千葉変電所,tokyo,w739012116,none,2,0,0,0,0,0,0,0,1,0,0,66/1,,no_observed,0,0,1,0,0,0,0
tokyo_site_0df7eb0797bb,富塚変電所,tokyo,w891360942,none,1,0,0,0,0,0,0,0,0,0,0,,,no_observed,0,0,1,0,0,0,0
tokyo_site_0e1a1319e116,南大塚三丁目変電所,tokyo,w831172327,none,0,0,0,0,0,0,0,0,0,0,0,,,no_observed,0,0,0,0,0,0,0
tokyo_site_0e37ebe13727,北千葉導水路 北千葉第一機場 変電所,tokyo,w585778684,conductors_only,1,1,0,1,0,0,0,0,0,0,0,,,no_observed,0,2,4,2,0,0,0
tokyo_site_0e7526eddc6e,灰雨変電所,tokyo,w659266311,lines_only,0,0,0,0,0,0,0,0,0,0,0,,,no_observed,0,1,0,0,0,0,0
tokyo_site_0eb6ca0f3733,大字水口変電所,tokyo,w1150315976,lines_only,1,1,0,0,0,0,0,0,0,0,0,,,no_observed,0,1,0,0,1,0,0
tokyo_site_0ee90f10af44,中之条変電所,tokyo,w1084983567,lines_only,1,1,0,1,0,0,0,0,0,0,0,,,no_observed,0,2,9,0,2,0,0
tokyo_site_0eebec9de3af,関宿変電所,tokyo,w1076272594,conductors_only,1,1,0,1,0,0,0,0,0,0,0,,,no_observed,0,2,3,1,0,0,0
tokyo_site_0ef013700d35,浦安変電所,tokyo,n14095741976,none,1,0,0,0,0,0,0,0,0,0,0,,,no_observed,0,0,3,0,0,0,0
tokyo_site_0f057ec07753,小室変電所,tokyo,w687900620,lines_only,1,1,0,1,0,0,0,0,0,0,0,,,no_observed,0,2,9,0,2,0,0
tokyo_site_0f1fdc13c54b,箱根ヶ崎変電所,tokyo,w1412399067,none,0,0,0,0,0,0,0,0,0,0,0,,,no_observed,0,0,0,0,0,0,0
tokyo_site_0f670f9ba741,奥秩父変電所,tokyo,w73851272,mapped,3,3,4,0,2,4,19,0,2,4,4,154/66;66/33,154/66,partial,10,0,26,6,1,0,2
tokyo_site_0f8a201571f1,拝島変電所,tokyo,w238144032,lines_only,1,1,0,0,0,0,0,0,0,0,0,,,no_observed,0,1,1,0,1,0,0
tokyo_site_0f94e85dcb3e,清滝新細尾町変電所_2,tokyo,w1154401417,conductors_only,2,2,0,2,0,0,0,0,1,0,0,66/11,,no_observed,0,4,12,1,0,2,0
tokyo_site_0fd1358f8f93,大宮前変電所,tokyo,w65582481,none,1,0,0,0,0,0,0,0,0,0,0,,,no_observed,0,0,2,0,0,0,0
tokyo_site_0ffbec7db1ee,豊富町変電所,tokyo,w891706476,none,0,0,0,0,0,0,0,0,0,0,0,,,no_observed,0,0,0,0,0,0,0
tokyo_site_10509df7b424,南多摩変電所,tokyo,w145080115,partial,2,2,0,2,0,0,0,7,1,4,0,275/66,,no_observed,0,25,0,8,1,0,2
tokyo_site_10623457f83e,梅屋敷変電所,tokyo,w734487555,none,1,0,0,0,0,0,0,0,0,0,0,,,no_observed,0,0,0,0,0,0,0
tokyo_site_106b610dd414,宮代変電所,tokyo,w195981747,lines_only,2,2,0,1,0,0,0,0,1,0,0,154/66,,no_observed,0,2,0,0,1,2,0
tokyo_site_10c8f7bf145b,柏井変電所,tokyo,w154656590,conductors_only,1,1,0,1,0,0,0,0,0,0,0,,,no_observed,0,2,2,2,0,0,0
tokyo_site_10ea74ede600,緑が丘変電所,tokyo,w1351221827,partial,3,2,2,1,0,0,0,4,2,3,3,275/66;66/6,66/6,partial,6,10,21,0,0,0,2
tokyo_site_10ea7df634cb,橋本台一丁目変電所,tokyo,w1385343855,partial,1,1,0,1,0,0,0,3,0,2,0,,,no_observed,0,7,17,0,0,0,2
tokyo_site_11076c4a6377,酒折変電所,tokyo,w443376052,lines_only,2,1,0,0,0,0,0,0,1,0,0,66/1,,no_observed,0,2,1,0,1,0,0
tokyo_site_112200b3bab2,八代田変電所,tokyo,w409626465,lines_only,2,1,0,0,0,0,0,0,1,0,0,66/6,,no_observed,0,1,3,0,1,0,0
tokyo_site_1172338ab5f4,新前橋町変電所,tokyo,w126785564,none,0,0,0,0,0,0,0,0,0,0,0,,,no_observed,0,0,0,0,0,0,0
tokyo_site_117ece0b3509,小田急電鉄 新百合ヶ丘変電所,tokyo,w1209642768,none,2,0,0,0,0,0,0,0,1,0,0,275/66,,no_observed,0,0,5,0,0,0,0
tokyo_site_118129c83178,栗橋変電所,tokyo,w194528832,conductors_only,1,1,0,1,0,0,0,0,0,0,0,,,no_observed,0,6,1,2,0,0,0
tokyo_site_1198dc6c0e3d,益子町変電所,tokyo,w104520557,lines_only,1,1,0,0,0,0,0,0,0,0,0,,,no_observed,0,1,0,0,1,0,0
tokyo_site_11a2d602712a,末吉変電所,tokyo,w1157142565,conductors_only,2,1,0,1,0,0,1,0,1,0,0,154/66,,no_observed,0,2,13,3,1,0,0
tokyo_site_11a57b3e5d96,宿郷変電所,tokyo,w199402926,lines_only,2,2,0,1,0,0,0,0,1,0,0,154/66,,no_observed,0,2,0,0,0,4,0
tokyo_site_11f1bf2e13f0,市貝町変電所,tokyo,w104520576,conductors_only,1,1,0,1,0,0,0,0,0,0,0,,,no_observed,0,2,9,1,0,0,0
tokyo_site_11f4d4323cb7,猿島変電所,tokyo,w288351418,conductors_only,1,1,0,1,0,0,0,0,0,0,0,,,no_observed,0,2,14,2,0,0,0
tokyo_site_1212d449ec51,東尾久変電所,tokyo,w1078283570,lines_only,1,1,0,0,0,0,0,0,0,0,0,,,no_observed,0,1,2,0,1,0,0
tokyo_site_12183b81f1f4,臼井田干拓変電所,tokyo,w577976208,conductors_only,1,1,0,1,0,0,0,0,0,0,0,,,no_observed,0,2,3,1,0,0,0
tokyo_site_12269e0f7041,明神町三丁目変電所,tokyo,w825103693,none,1,0,0,0,0,0,0,0,0,0,0,,,no_observed,0,0,12,0,0,0,0
tokyo_site_123024172998,日立市変電所,tokyo,w642014350,lines_only,1,1,0,0,0,0,0,0,0,0,0,,,no_observed,0,1,4,0,1,0,0
tokyo_site_123e192d07f9,和志山変電所,tokyo,w1369034834,none,0,0,0,0,0,0,0,0,0,0,0,,,no_observed,0,0,1,0,0,0,0
tokyo_site_1246ce8517c1,茜浜変電所,tokyo,w1136935200,conductors_only,1,1,0,0,0,0,0,0,0,0,0,,,no_observed,0,1,2,2,0,0,0
tokyo_site_125c26fe1eea,中野台二丁目変電所,tokyo,w618344799,lines_only,0,0,0,0,0,0,0,0,0,0,0,,,no_observed,0,1,0,0,0,0,0
tokyo_site_1273493e0b6b,蘇我変電所,tokyo,w1134430526,lines_only,3,1,0,1,0,0,0,0,2,0,0,275/154;154/66,,no_observed,0,2,17,0,2,0,0
tokyo_site_12843bf7fe58,薄根変電所,tokyo,w519055292,lines_only,1,1,0,1,0,0,0,0,0,0,0,,,no_observed,0,2,4,0,2,0,0
tokyo_site_1295e28010c1,千代田四丁目変電所,tokyo,w597993545,lines_only,0,0,0,0,0,0,0,0,0,0,0,,,no_observed,0,1,3,0,0,0,0
tokyo_site_12b60e5e1ff7,清新町一丁目変電所,tokyo,w680252599,lines_only,3,2,0,0,0,0,0,0,2,0,0,275/154;154/66,,no_observed,0,2,2,0,2,0,0
tokyo_site_1304d5930100,大生郷変電所,tokyo,w340364511,lines_only,1,1,0,1,0,0,0,0,0,0,0,,,no_observed,0,2,16,0,2,0,0
tokyo_site_1307b605481c,町田変電所,tokyo,w91713459,conductors_only,3,3,0,1,0,0,0,0,2,0,0,66/22;22/6,,no_observed,0,2,3,2,0,0,0
tokyo_site_1383ffd61712,宍塚変電所,tokyo,w1353945012,lines_only,1,1,0,0,0,0,0,0,0,0,0,,,no_observed,0,1,0,0,1,0,0
tokyo_site_13db8960118e,八潮変電所,tokyo,w1141872441,lines_only,2,1,0,0,0,0,0,0,1,0,0,154/66,,no_observed,0,1,4,0,1,0,0
tokyo_site_13e575b71706,綱島変電所,tokyo,w111673441,mapped,2,2,5,0,4,13,4,0,1,3,3,154/66,154/66,same,5,23,13,4,6,4,0
tokyo_site_13e58cbfa512,松ケ峰変電所,tokyo,w1127419808,lines_only,1,1,0,0,0,0,0,0,0,0,0,,,no_observed,0,1,2,0,1,0,0
tokyo_site_13e88cbe1161,大和田変電所,tokyo,w857869979,none,1,0,0,0,0,0,0,0,0,0,0,,,no_observed,0,0,6,0,0,0,0
tokyo_site_13e896f76c5c,津田沼三丁目変電所,tokyo,w356299813,none,1,0,0,0,0,0,0,0,0,0,0,,,no_observed,0,0,5,0,0,0,0
tokyo_site_141c19cb046a,小田急電鉄 玉川学園変電所,tokyo,w687886146,none,0,0,0,0,0,0,0,0,0,0,0,,,no_observed,0,0,0,0,0,0,0
tokyo_site_14801c196d44,日立航空機立川工場変電所,tokyo,w342760334,none,0,0,0,0,0,0,0,0,0,0,0,,,no_observed,0,0,0,0,0,0,0
tokyo_site_14913f255c5a,深津変電所,tokyo,w1065424925,conductors_only,1,1,0,1,0,0,0,0,0,0,0,,,no_observed,0,2,14,0,0,2,0
tokyo_site_14cea55de6ae,錦町五丁目変電所,tokyo,n3081666687,none,0,0,0,0,0,0,0,0,0,0,0,,,no_observed,0,0,0,0,0,0,0
tokyo_site_14de39706c23,下作延二丁目変電所,tokyo,w124962296,none,0,0,0,0,0,0,0,0,0,0,0,,,no_observed,0,0,0,0,0,0,0
tokyo_site_14e10484603c,神田錦町三丁目変電所_2,tokyo,w196953774,none,0,0,0,0,0,0,0,0,0,0,0,,,no_observed,0,0,0,0,0,0,0
tokyo_site_15103c2545b5,隅田変電所,tokyo,w1078909924,lines_only,1,1,0,0,0,0,0,0,0,0,0,,,no_observed,0,1,8,0,1,0,0
tokyo_site_1531373cc2c7,川里変電所,tokyo,w519603981,conductors_only,1,1,0,2,0,0,0,0,0,0,0,,,no_observed,0,4,0,0,0,2,0
tokyo_site_15553c91c4ac,幕張変電所,tokyo,w739680061,none,1,0,0,0,0,0,0,0,0,0,0,,,no_observed,0,0,0,0,0,0,0
tokyo_site_159a5283dc03,竜ケ崎変電所,tokyo,w202589909,lines_only,1,1,0,0,0,0,0,0,0,0,0,,,no_observed,0,1,0,0,1,0,0
tokyo_site_15d6c408b906,大中居変電所,tokyo,w1146866606,conductors_only,1,1,0,0,0,0,0,0,0,0,0,,,no_observed,0,1,2,2,0,0,0
tokyo_site_160126de1017,新宇都宮変電所,tokyo,w686394119,mapped,4,2,3,0,0,0,30,4,3,2,2,500/275;275/154;154/25,154/25,partial,22,4,38,2,0,0,0
tokyo_site_1612aa9eb642,,tokyo,w1534241807,none,1,0,0,0,0,0,0,0,0,0,0,,,no_observed,0,0,5,0,0,0,0
tokyo_site_163dbc27cec0,大子変電所,tokyo,w1078135589,conductors_only,1,1,0,1,0,0,0,0,0,0,0,,,no_observed,0,2,3,1,0,0,0
tokyo_site_16aa66ef65d9,新榛名,tokyo,w169963227,mapped,2,2,2,1,1,2,8,6,1,2,2,500/275,500/275,same,6,0,9,6,0,0,0
tokyo_site_16d9985d4a87,海神一丁目変電所,tokyo,w354967687,none,1,0,0,0,0,0,0,0,0,0,0,,,no_observed,0,0,5,0,0,0,0
tokyo_site_16e85526b833,日本銅管熊谷変電所,tokyo,w884136350,conductors_only,1,1,0,1,0,0,0,0,0,0,0,,,no_observed,0,2,18,2,0,0,0
tokyo_site_16ed833c0f1c,横田変電所,tokyo,w1133032702,conductors_only,1,1,0,1,0,0,0,0,0,0,0,,,no_observed,0,4,0,2,0,0,0
tokyo_site_17039f3d482f,栄町三丁目変電所,tokyo,w138126034,none,0,0,0,0,0,0,0,0,0,0,0,,,no_observed,0,0,0,0,0,0,0
tokyo_site_173b85d4198a,埼玉新都市交通羽貫き電変電所,tokyo,n9409145319,none,0,0,0,0,0,0,0,0,0,0,0,,,no_observed,0,0,0,0,0,0,0
tokyo_site_1746f772ddb7,出島変電所,tokyo,w211356811,none,1,0,0,0,0,0,0,0,0,0,0,,,no_observed,0,0,4,0,0,0,0
tokyo_site_174b8e55e8ce,JR橋本変電所,tokyo,w114423872,partial,3,1,0,0,0,0,0,1,2,1,0,154/66;66/1,,no_observed,0,1,33,2,1,0,2
tokyo_site_175373100d79,海岸一丁目変電所,tokyo,w149860772,none,0,0,0,0,0,0,0,0,0,0,0,,,no_observed,0,0,0,0,0,0,0
tokyo_site_17745a485972,安食一丁目変電所,tokyo,w202589928,none,1,0,0,0,0,0,0,0,0,0,0,,,no_observed,0,0,6,0,0,0,0
tokyo_site_17f4c10a1030,新小川町変電所,tokyo,w210213382,none,1,0,0,0,0,0,0,0,0,0,0,,,no_observed,0,0,0,0,0,0,0
tokyo_site_1810ea536cc5,豊四季台一丁目変電所,tokyo,w406610582,lines_only,0,1,0,0,0,0,0,0,0,0,0,,,no_observed,0,0,0,0,0,0,2
tokyo_site_18137682f8e6,上総一ノ宮変電所,tokyo,w1132358846,conductors_only,2,1,0,1,0,0,0,0,1,0,0,66/1,,no_observed,0,2,3,1,0,0,0
tokyo_site_1845d90d5c52,大和変電所,tokyo,w1444013475,lines_only,2,1,3,0,0,0,3,0,1,0,0,66/1,,no_observed,2,0,0,0,0,0,2
tokyo_site_1846341eff02,みなみ野変電所,tokyo,w677697524,partial,1,1,0,1,0,0,0,3,0,2,0,,,no_observed,0,3,0,6,1,0,0
tokyo_site_186b4a0c5fd3,戸田変電所,tokyo,w210765356,lines_only,2,2,0,2,0,0,0,0,1,0,0,154/66,,no_observed,0,4,8,0,4,0,0
tokyo_site_188197edfc79,鴻野山変電所,tokyo,w536735669,none,0,0,0,0,0,0,0,0,0,0,0,,,no_observed,0,0,2,0,0,0,0
tokyo_site_188331c668a1,天羽変電所,tokyo,w1132634681,conductors_only,1,1,0,1,0,0,0,0,0,0,0,,,no_observed,0,2,2,2,0,0,0
tokyo_site_18b6efd5f76b,仲手原一丁目変電所,tokyo,w189472253,none,2,0,0,0,0,0,0,0,1,0,0,154/66,,no_observed,0,0,12,0,0,0,0
tokyo_site_1902b065ca71,芳野台変電所,tokyo,w200042966,lines_only,1,1,0,0,0,0,0,0,0,0,0,,,no_observed,0,1,0,0,1,0,0
tokyo_site_197848350979,黒磯変電所,tokyo,w991678135,conductors_only,1,1,0,1,0,0,0,0,0,0,0,,,no_observed,0,2,4,1,0,0,0
tokyo_site_19906d9ec02a,成宗変電所,tokyo,w45628200,lines_only,2,2,0,0,0,0,0,0,1,0,0,66/6,,no_observed,0,0,0,0,0,0,2
tokyo_site_19978ce6001a,前沢変電所,tokyo,w1383649233,conductors_only,1,1,0,1,0,0,0,0,0,0,0,,,no_observed,0,4,0,2,0,0,0
tokyo_site_19998c1d83aa,つくば並木変電所,tokyo,w1153963001,none,1,0,0,0,0,0,0,0,0,0,0,,,no_observed,0,0,0,0,0,0,0
tokyo_site_1a168f765912,駒沢変電所,tokyo,w91241661,none,1,0,0,0,0,0,0,0,0,0,0,,,no_observed,0,0,1,0,0,0,0
tokyo_site_1a3288cfffda,世田谷変電所,tokyo,w1078944857,lines_only,1,1,0,0,0,0,0,0,0,0,0,,,no_observed,0,0,0,0,1,0,0
tokyo_site_1a53bb4e9b41,真岡変電所,tokyo,w211356731,lines_only,1,1,0,1,0,0,0,0,0,0,0,,,no_observed,0,2,4,0,0,0,0
tokyo_site_1b1b42d1b280,古河変電所,tokyo,w1062840848,lines_only,1,1,0,1,0,0,0,0,0,0,0,,,no_observed,0,2,3,0,2,0,0
tokyo_site_1b5e1e5c3e45,常陸大宮変電所,tokyo,w638191712,lines_only,1,1,0,0,0,0,0,0,0,0,0,,,no_observed,0,1,4,0,1,0,0
tokyo_site_1ba2944f705f,入間変電所,tokyo,w166503797,conductors_only,1,1,0,1,0,0,0,0,0,0,0,,,no_observed,0,5,0,1,0,0,0
tokyo_site_1bc924962f36,潮見変電所,tokyo,w1133019003,none,1,0,0,0,0,0,0,0,0,0,0,,,no_observed,0,0,4,0,0,0,0
tokyo_site_1bcd8a19acce,深川変電所,tokyo,w887525102,none,0,0,0,0,0,0,0,0,0,0,0,,,no_observed,0,0,0,0,0,0,0
tokyo_site_1bd0092e3ca8,上野原変電所,tokyo,w1220983790,none,1,0,0,0,0,0,0,0,0,0,0,,,no_observed,0,0,6,0,0,0,0
tokyo_site_1c1e80917d5b,谷中変電所,tokyo,w464671999,conductors_only,1,1,0,1,0,0,0,0,0,0,0,,,no_observed,0,2,6,1,0,0,0
tokyo_site_1c4b777ece12,下妻変電所,tokyo,w1074371372,conductors_only,2,1,0,1,0,0,0,0,1,0,0,154/66,,no_observed,0,2,9,1,0,0,0
tokyo_site_1c503b331ab9,西新宿変電所,tokyo,w1078883146,none,1,0,0,0,0,0,0,0,0,0,0,,,no_observed,0,0,0,0,0,0,0
tokyo_site_1c5b533fac83,赤堀変電所,tokyo,w702162533,conductors_only,1,1,0,1,0,0,0,0,0,0,0,,,no_observed,0,5,1,1,0,0,0
tokyo_site_1cac665c0800,千倉変電所,tokyo,w1132628004,conductors_only,2,1,0,1,0,0,0,0,1,0,0,66/1,,no_observed,0,2,2,2,0,0,0
tokyo_site_1cae69c06d0d,美原町五丁目変電所_3,tokyo,w1344916496,none,0,0,0,0,0,0,0,0,0,0,0,,,no_observed,0,0,0,0,0,0,0
tokyo_site_1cd1a134c443,関町南変電所,tokyo,w806866297,conductors_only,2,1,0,1,0,0,0,0,1,0,0,154/66,,no_observed,0,4,14,2,0,0,0
tokyo_site_1d0000063d8e,越谷宮本変電所,tokyo,w1145066595,lines_only,1,1,0,0,0,0,0,0,0,0,0,,,no_observed,0,0,4,0,0,0,2
tokyo_site_1d18838708d5,西東京変電所,tokyo,w47110637,partial,3,3,0,4,0,0,0,27,2,4,4,275/154;154/15,275/154,partial,0,54,17,8,1,0,2
tokyo_site_1df068ed7edd,小海町変電所_3,tokyo,w1086422157,lines_only,1,1,0,0,0,0,0,0,0,0,0,,,no_observed,0,1,0,0,1,0,0
tokyo_site_1e0c82e4f590,関町南変電所_2,tokyo,w806866298,lines_only,2,2,0,0,0,0,0,0,1,0,0,154/66,,no_observed,0,0,7,0,0,0,4
tokyo_site_1e12439ed788,伊香保変電所,tokyo,w771569167,lines_only,1,1,0,1,0,0,0,0,0,0,0,,,no_observed,0,2,3,0,2,0,0
tokyo_site_1e167b9f6bb3,綾瀬変電所,tokyo,w1144562833,lines_only,1,1,0,0,0,0,0,0,0,0,0,,,no_observed,0,1,9,0,1,0,0
tokyo_site_1e53bd6d8f9e,新西船橋変電所,tokyo,w1137449719,none,2,0,0,0,0,0,0,0,1,0,0,66/1,,no_observed,0,0,9,0,0,0,0
tokyo_site_1e6febdf23bb,逗子変電所,tokyo,w200887286,lines_only,2,1,0,1,0,0,0,0,1,0,0,66/1,,no_observed,0,2,3,0,2,0,0
tokyo_site_1e7b4dcc86e2,三村変電所,tokyo,w680162303,none,0,0,0,0,0,0,0,0,0,0,0,,,no_observed,0,0,0,0,0,0,0
tokyo_site_1ebed50bbb36,上麻生分岐所,tokyo,w42762378,lines_only,2,1,0,1,0,0,0,0,1,0,0,275/66,,no_observed,0,2,3,0,0,2,0
tokyo_site_1ed5dd158255,南川崎変電所,tokyo,w82104580,conductors_only,3,3,0,1,0,0,0,0,2,0,0,275/154;154/66,,no_observed,0,4,15,1,2,0,2
tokyo_site_1f2ae3e6144c,東京電力 岡田変電所,tokyo,w620340307,none,0,0,0,0,0,0,0,0,0,0,0,,,no_observed,0,0,4,0,0,0,0
tokyo_site_1f790f9490dd,みなかみ町変電所_2,tokyo,w518992995,none,1,0,0,0,0,0,1,0,0,0,0,,,no_observed,1,0,0,0,0,0,0
tokyo_site_1f9b5c63a800,北寺尾変電所,tokyo,w140120882,none,1,0,0,0,0,0,0,0,0,0,0,,,no_observed,0,0,0,0,0,0,0
tokyo_site_1fa31c6f54c6,五井南海岸変電所,tokyo,w519163789,lines_only,1,1,0,0,0,0,0,0,0,0,0,,,no_observed,0,1,0,0,1,0,2
tokyo_site_1faa76330d34,大字御代田変電所,tokyo,w677519698,none,1,0,0,0,0,0,0,0,0,0,0,,,no_observed,0,0,1,0,0,0,0
tokyo_site_1fbea024ee27,新座変電所,tokyo,w136302670,conductors_only,2,1,0,1,0,0,0,0,1,0,0,66/1,,no_observed,0,2,6,1,0,0,0
tokyo_site_1fcb555318d0,渡里町変電所,tokyo,w1153095177,lines_only,1,1,0,1,0,0,0,0,0,0,0,,,no_observed,0,2,4,0,2,0,0
tokyo_site_1fd817066167,中堀変電所,tokyo,w1220176407,lines_only,2,2,0,0,0,0,0,0,1,0,0,66/6,,no_observed,0,1,0,0,1,0,0
tokyo_site_1fe2df237485,JR東日本　高麗川変電所（直流）,tokyo,w213194664,lines_only,2,2,0,0,0,0,0,0,1,0,0,66/1,,no_observed,0,0,0,0,0,0,2
tokyo_site_1ff2eeffaa72,江南変電所,tokyo,w886446279,conductors_only,1,1,0,1,0,0,0,0,0,0,0,,,no_observed,0,5,1,1,0,0,0
tokyo_site_200e33a59b84,桜山変電所,tokyo,w316421005,partial,2,2,0,1,0,0,0,0,1,3,3,66/6,66/6,same,0,5,10,1,0,0,0
tokyo_site_203590d92877,青砥変電所,tokyo,n14094688386,none,2,0,0,0,0,0,0,0,1,0,0,66/1,,no_observed,0,0,9,0,0,0,0
tokyo_site_2058d15aa776,上北沢変電所,tokyo,w71388912,none,0,0,0,0,0,0,0,0,0,0,0,,,no_observed,0,0,0,0,0,0,0
tokyo_site_2068860d25b2,辻堂変電所,tokyo,w581504217,none,1,0,0,0,0,0,0,0,0,0,0,,,no_observed,0,0,1,0,0,0,0
tokyo_site_206b4c30ccc3,新町変電所,tokyo,w610242325,conductors_only,1,2,0,0,0,0,0,0,0,0,0,,,no_observed,0,0,0,0,0,0,2
tokyo_site_20972cf4e632,郷地変電所,tokyo,w85933450,conductors_only,1,1,0,1,0,0,0,0,0,0,0,,,no_observed,0,4,0,2,0,0,0
tokyo_site_20a732723c47,船子変電所,tokyo,w611674069,none,2,0,0,0,0,0,0,0,1,0,0,154/66,,no_observed,0,0,9,0,0,0,0
tokyo_site_212b7bae510f,相生変電所,tokyo,w1080211270,lines_only,1,1,0,1,0,0,0,0,0,0,0,,,no_observed,0,2,4,0,2,0,0
tokyo_site_215ccf1f312e,沼津変電所,tokyo,w378908422,conductors_only,1,2,1,0,1,1,0,0,0,0,0,,,no_observed,4,5,0,1,0,0,0
tokyo_site_21977b0f5e4c,黒川変電所,tokyo,w47109468,lines_only,1,1,0,0,0,0,0,0,0,0,0,,,no_observed,0,0,6,0,0,0,2
tokyo_site_21c2045c1db7,久里浜変電所,tokyo,w446998144,mapped,2,2,1,0,1,1,3,0,1,3,3,66/6,,no_observed,2,3,0,1,0,0,0
tokyo_site_2234403f0ed1,JR東日本変電所,tokyo,w341762235,none,0,0,0,0,0,0,0,0,0,0,0,,,no_observed,0,0,0,0,0,0,0
tokyo_site_226d2620e2d2,与野変電所,tokyo,w754971297,lines_only,1,1,0,0,0,0,0,0,0,0,0,,,no_observed,0,0,0,0,0,0,2
tokyo_site_227f9dcd6d79,磯部二丁目変電所,tokyo,w619162151,lines_only,1,1,0,1,0,0,0,0,0,0,0,,,no_observed,0,2,22,0,2,0,0
tokyo_site_236bc96ed17e,滝沢発電所変電設備,tokyo,w1131080677,lines_only,2,1,0,0,0,0,0,0,1,0,0,66/33,,no_observed,0,1,3,0,1,0,0
tokyo_site_238c02ea7c95,西大島一丁目変電所,tokyo,w1321557847,lines_only,1,1,0,1,0,0,0,0,0,0,0,,,no_observed,0,2,3,0,2,0,0
tokyo_site_23d56662dab9,藪塚変電所,tokyo,w519989099,conductors_only,2,1,0,1,0,0,0,0,1,0,0,154/66,,no_observed,0,2,7,1,0,0,0
tokyo_site_23d92f98418c,南小山変電所,tokyo,w1064812209,lines_only,2,1,0,0,0,0,0,0,1,0,0,154/66,,no_observed,0,1,7,0,1,0,0
tokyo_site_24226a84de56,明乳群馬変電所,tokyo,w882872988,conductors_only,2,2,0,1,0,0,0,0,1,0,0,154/66,,no_observed,0,2,7,1,0,2,0
tokyo_site_2459e30a1f45,木古庭変電所,tokyo,w327975005,lines_only,2,2,0,0,0,0,0,0,1,0,0,66/6,,no_observed,0,0,0,0,0,0,2
tokyo_site_2467f72a370f,下館変電所,tokyo,w1063494467,conductors_only,1,1,0,1,0,0,0,0,0,0,0,,,no_observed,0,8,13,2,4,0,0
tokyo_site_24a6f8cfe5fe,目吹変電所,tokyo,w340340873,conductors_only,1,1,0,1,0,0,0,0,0,0,0,,,no_observed,0,6,8,2,0,0,0
tokyo_site_24b5a9c3eb30,馬頭変電所,tokyo,w170589331,conductors_only,1,1,0,1,0,0,0,0,0,0,0,,,no_observed,0,5,0,1,0,0,0
tokyo_site_24f50a3ac1ab,矢祭変電所,tokyo,w851945713,none,0,0,0,0,0,0,0,0,0,0,0,,,no_observed,0,1,0,0,0,0,0
tokyo_site_2517150a5652,伊東市変電所,tokyo,w409553031,none,1,0,0,0,0,0,0,0,0,0,0,,,no_observed,0,0,1,0,0,0,0
tokyo_site_2522efd88b28,新田変電所,tokyo,w696330582,conductors_only,1,1,0,1,0,0,0,0,0,0,0,,,no_observed,0,4,6,2,0,0,0
tokyo_site_2597da402171,伊勢崎変電所,tokyo,w1083914942,conductors_only,1,1,0,0,0,0,0,0,0,0,0,,,no_observed,0,1,1,2,0,0,0
tokyo_site_25b56f40a2e6,増尾変電所,tokyo,w1141838503,conductors_only,1,1,0,1,0,0,0,0,0,0,0,,,no_observed,0,2,4,1,0,0,0
tokyo_site_25d6787dc5d2,黒砂変電所,tokyo,w1135064687,lines_only,2,2,0,0,0,0,0,0,1,0,0,66/1,,no_observed,0,1,8,0,1,0,0
tokyo_site_25dfddeca66d,東日本旅客鉄道新箕郷変電所,tokyo,w848771201,lines_only,3,2,0,1,0,0,0,0,2,0,0,500/275;275/25,,no_observed,0,2,6,0,2,0,0
tokyo_site_25eaadf4c258,鉾田変電所,tokyo,w519871914,lines_only,1,1,0,1,0,0,0,0,0,0,0,,,no_observed,0,2,3,0,2,0,0
tokyo_site_261b0b947a93,橘変電所,tokyo,w1081974076,none,1,0,0,0,0,0,0,0,0,0,0,,,no_observed,0,0,0,0,0,0,0
tokyo_site_2626fb0212c7,鉢形変電所,tokyo,w1131365106,conductors_only,1,1,0,1,0,0,0,0,0,0,0,,,no_observed,0,5,1,1,0,0,0
tokyo_site_2669afb012c0,筑波南変電所,tokyo,w211356757,conductors_only,2,2,0,2,0,0,0,0,1,0,0,275/66,,no_observed,0,16,3,4,1,0,2
tokyo_site_26b2c032dd2e,五井変電所,tokyo,w1133047000,lines_only,1,1,0,1,0,0,0,0,0,0,0,,,no_observed,0,2,4,0,2,0,0
tokyo_site_26ddf20a7c74,菖蒲町台変電所,tokyo,w779228743,none,0,0,0,0,0,0,0,0,0,0,0,,,no_observed,0,0,0,0,0,0,0
tokyo_site_26e5cbc855ae,常盤台変電所,tokyo,w1549647897,none,2,0,0,0,0,0,0,0,1,0,0,154/66,,no_observed,0,0,0,0,0,0,0
tokyo_site_27219f32d399,東北沢変電所,tokyo,w241944141,none,0,0,0,0,0,0,0,0,0,0,0,,,no_observed,0,0,0,0,0,0,0
tokyo_site_273e2fce6466,安浦町二丁目変電所,tokyo,n8105142147,none,1,0,0,0,0,0,0,0,0,0,0,,,no_observed,0,0,0,0,0,0,0
tokyo_site_2783a5e68d4b,鷺沼変電所,tokyo,w1136875061,none,1,0,0,0,0,0,0,0,0,0,0,,,no_observed,0,0,1,0,0,0,0
tokyo_site_27a2a8a3f4fe,所野変電所,tokyo,w1079020236,lines_only,1,1,0,1,0,0,0,0,0,0,0,,,no_observed,0,2,3,0,2,0,0
tokyo_site_27dc7a5ea001,東小岩変電所,tokyo,w190166671,conductors_only,1,1,0,1,0,0,0,0,0,0,0,,,no_observed,0,6,0,2,0,0,0
tokyo_site_28102d870552,八柱変電所,tokyo,w1141850279,lines_only,1,1,0,0,0,0,0,0,0,0,0,,,no_observed,0,1,0,0,1,0,0
tokyo_site_28315f08d56b,大井ふ頭変電所,tokyo,w1549611606,none,1,0,0,0,0,0,0,0,0,0,0,,,no_observed,0,0,0,0,0,0,0
tokyo_site_286d9a5fe5e7,西川田変電所,tokyo,w519412858,conductors_only,1,1,0,0,0,0,1,0,0,0,0,,,no_observed,1,0,0,1,0,0,0
tokyo_site_28a5470e447f,南魚沼変電所,tokyo,w319175832,lines_only,1,1,0,0,0,0,0,0,0,0,0,,,no_observed,0,1,0,0,1,0,0
tokyo_site_28b2ba699ea6,田端変電所,tokyo,w194792480,none,1,0,0,0,0,0,1,0,0,0,0,,,no_observed,1,0,0,0,0,0,0
tokyo_site_28c943fedd4f,北葛飾変電所,tokyo,w144077272,conductors_only,2,2,0,2,0,0,0,0,1,0,0,275/154,,no_observed,0,36,0,4,2,0,0
tokyo_site_28efa1ae2eaf,江戸変電所,tokyo,w211356719,conductors_only,1,1,0,1,0,0,0,0,0,0,0,,,no_observed,0,2,5,2,0,0,0
tokyo_site_28f859254d3c,沼津変電所,tokyo,w1411808319,none,1,0,1,0,0,0,0,0,0,0,0,,,no_observed,4,0,5,0,0,0,0
tokyo_site_28faa952a659,大森変電所,tokyo,r21228227,none,1,0,0,0,0,0,0,0,0,0,0,,,no_observed,0,0,0,0,0,0,0
tokyo_site_2935ca9a73f6,大多喜変電所,tokyo,w172068345,conductors_only,1,1,0,1,0,0,0,0,0,0,0,,,no_observed,0,5,3,1,0,0,0
tokyo_site_29900178b120,武山変電所,tokyo,w327974990,conductors_only,2,2,0,1,0,0,0,0,1,0,0,66/6,,no_observed,0,5,0,1,0,0,0
tokyo_site_29c94adac6fc,競技場西側屋外キュービクル,tokyo,w1159029146,none,0,0,0,0,0,0,0,0,0,0,0,,,no_observed,0,0,0,0,0,0,0
tokyo_site_29e5f0872bd6,柏変電所,tokyo,w202589926,lines_only,1,1,0,0,0,0,0,0,0,0,0,,,no_observed,0,0,0,0,0,0,4
tokyo_site_2a0b63d2929f,新鶴見変電所,tokyo,w1383255875,none,3,0,0,0,0,0,1,0,2,0,0,154/66;66/1,,no_observed,1,0,4,0,0,0,0
tokyo_site_2a11c4d2f67b,野中変電所,tokyo,w323213678,conductors_only,1,1,0,1,0,0,1,0,0,0,0,,,no_observed,1,15,5,4,0,0,2
tokyo_site_2a187bc1ca0f,御厨変電所,tokyo,w1061611071,conductors_only,1,1,0,1,0,0,0,0,0,0,0,,,no_observed,0,2,3,2,1,0,0
tokyo_site_2a2e813889bc,平町変電所,tokyo,w88971654,lines_only,0,1,0,0,0,0,0,0,0,0,0,,,no_observed,0,0,0,0,0,0,2
tokyo_site_2a78c8a80b63,伊豆山変電所,tokyo,w409626462,lines_only,1,1,0,0,0,0,0,0,0,0,0,,,no_observed,0,1,0,0,1,0,0
tokyo_site_2ab813dabcac,田沼変電所,tokyo,w1065374738,conductors_only,1,1,0,1,0,0,0,0,0,0,0,,,no_observed,0,5,1,0,1,0,0
tokyo_site_2aef3d032793,安房勝山変電所,tokyo,w518902611,lines_only,2,1,0,0,0,0,0,0,1,0,0,66/1,,no_observed,0,1,0,0,1,0,0
tokyo_site_2b36d86c2832,三の沢変電所,tokyo,w236670021,none,1,0,0,0,0,0,0,0,0,0,0,,,no_observed,0,0,0,0,0,0,0
tokyo_site_2b93a28a47c8,,tokyo,n4404188228,none,0,0,0,0,0,0,0,0,0,0,0,,,no_observed,0,0,0,0,0,0,0
tokyo_site_2b9d7a1d6cee,須川変電所,tokyo,w319180448,lines_only,1,1,0,1,0,0,0,0,0,0,0,,,no_observed,0,2,1,0,2,0,0
tokyo_site_2baa7b34dc7a,JFE熊谷変電所,tokyo,w704397316,lines_only,1,1,0,1,0,0,0,0,0,0,0,,,no_observed,0,2,3,0,2,0,0
tokyo_site_2bcdf234219f,千鳥町変電所,tokyo,w708227240,lines_only,1,1,0,0,0,0,0,0,0,0,0,,,no_observed,0,1,7,0,1,0,0
tokyo_site_2bd3881a2f83,楠変電所,tokyo,w519876138,lines_only,1,1,0,0,0,0,0,0,0,0,0,,,no_observed,0,1,0,0,1,0,0
tokyo_site_2bd730911f11,西土浦変電所,tokyo,w596103599,conductors_only,2,1,0,1,0,0,0,0,1,0,0,154/66,,no_observed,0,4,49,2,0,0,0
tokyo_site_2bd7f92bb92e,塩焼変電所,tokyo,w1137454398,lines_only,1,1,0,0,0,0,0,0,0,0,0,,,no_observed,0,0,9,0,0,0,2
tokyo_site_2be66979492f,伊勢山町変電所,tokyo,w825058175,none,0,0,0,0,0,0,0,0,0,0,0,,,no_observed,0,0,0,0,0,0,0
tokyo_site_2c083d845dd1,北山変電所,tokyo,w111211614,lines_only,1,1,0,0,0,0,0,0,0,0,0,,,no_observed,0,0,4,0,0,0,2
tokyo_site_2c0b4630b298,小山町変電所,tokyo,w733856035,lines_only,3,1,4,0,0,0,4,0,2,0,0,500/275;275/154,,no_observed,5,1,6,0,1,0,0
tokyo_site_2c63a961976c,師岡変電所,tokyo,w145084774,lines_only,1,1,0,1,0,0,0,0,0,0,0,,,no_observed,0,3,0,0,1,2,0
tokyo_site_2c71e5ea449b,松伏変電所,tokyo,w340499136,lines_only,1,1,0,0,0,0,0,0,0,0,0,,,no_observed,0,0,0,0,0,0,2
tokyo_site_2c88df1f47fc,東橋本変電所,tokyo,w114416315,partial,2,2,0,1,0,0,0,3,1,3,3,66/6,66/6,same,0,9,9,4,0,3,0
tokyo_site_2c8e4175e8f9,竹原変電所,tokyo,w1153944818,conductors_only,1,1,0,1,0,0,0,0,0,0,0,,,no_observed,0,5,1,1,0,0,0
tokyo_site_2d02899fce85,若宮一丁目変電所_2,tokyo,w126501490,none,0,0,0,0,0,0,0,0,0,0,0,,,no_observed,0,0,0,0,0,0,0
tokyo_site_2d7745fc30bf,山辺変電所,tokyo,w1065996825,lines_only,1,1,0,1,0,0,0,0,0,0,0,,,no_observed,0,2,5,0,0,2,0
tokyo_site_2d835e183b54,千鳥町変電所_2,tokyo,w708227241,lines_only,1,1,0,0,0,0,0,0,0,0,0,,,no_observed,0,1,7,0,1,0,0
tokyo_site_2d88f4d8c9b9,神栖変電所,tokyo,w340647463,lines_only,2,2,0,1,0,0,0,0,1,0,0,275/66,,no_observed,0,2,14,0,2,2,0
tokyo_site_2dee5031774d,佐倉変電所,tokyo,w219128192,conductors_only,1,1,0,1,0,0,0,0,0,0,0,,,no_observed,0,2,4,2,0,0,0
tokyo_site_2e239d440cf1,和光変電所,tokyo,w1292065422,lines_only,2,2,0,0,0,0,0,0,1,0,0,66/6,,no_observed,0,1,0,0,1,0,0
tokyo_site_2e48df183b39,青梅変電所,tokyo,r18793974,partial,3,3,3,0,2,9,5,7,2,3,3,275/66;66/6,275/66,partial,10,0,17,5,0,0,0
tokyo_site_2e506cfb3f16,桜町変電所,tokyo,w986674951,lines_only,1,1,0,0,0,0,0,0,0,0,0,,,no_observed,0,1,0,0,1,0,0
tokyo_site_2e73bf5810e5,,tokyo,w1514333798,none,0,0,0,0,0,0,0,0,0,0,0,,,no_observed,0,0,0,0,0,0,0
tokyo_site_2e8b154d8a9b,綾瀬変電所,tokyo,w1144562829,none,1,0,0,0,0,0,0,0,0,0,0,,,no_observed,0,0,0,0,0,0,0
tokyo_site_2e8d2ab41ae7,大和田変電所,tokyo,w1147820994,none,1,0,0,0,0,0,0,0,0,0,0,,,no_observed,0,0,0,0,0,0,0
tokyo_site_2eb0dbcbc6e6,西大室町変電所,tokyo,w1080221004,lines_only,1,1,0,0,0,0,0,0,0,0,0,,,no_observed,0,0,3,0,0,0,2
tokyo_site_2eb3a3130e92,昭電秩父変電所,tokyo,w887953433,lines_only,1,1,0,1,0,0,0,0,0,0,0,,,no_observed,0,3,4,0,3,0,0
tokyo_site_2eea347a4fb8,新木更津変電所,tokyo,w315461272,lines_only,4,2,0,3,0,0,2,0,3,0,0,500/275;275/154;154/66,,no_observed,11,6,36,0,6,0,0
tokyo_site_2f1aba53f732,大網変電所,tokyo,w638023747,conductors_only,2,1,0,1,0,0,0,0,1,0,0,66/1,,no_observed,0,2,3,1,0,0,0
tokyo_site_2f1fda35f7b3,八斗島変電所,tokyo,w882873009,conductors_only,2,1,0,1,0,0,0,0,1,0,0,154/66,,no_observed,0,5,26,1,0,0,0
tokyo_site_2f270cba9a56,矢口変電所,tokyo,w193191578,lines_only,1,1,0,0,0,0,0,0,0,0,0,,,no_observed,0,1,9,0,1,0,0
tokyo_site_2f728553d56e,清滝新細尾町変電所,tokyo,w1305309705,lines_only,2,0,0,0,0,0,0,0,1,0,0,66/11,,no_observed,0,1,15,0,0,0,0
tokyo_site_2fbb976dcae5,水戸市変電所,tokyo,w589053519,none,1,0,0,0,0,0,0,0,0,0,0,,,no_observed,0,0,1,0,0,0,0
tokyo_site_2fd8913f0b3b,いわき変電所,tokyo,w173465917,mapped,2,2,2,0,2,19,6,0,1,3,3,275/154,275/154,same,8,1,13,6,3,0,0
tokyo_site_30274a4666d9,美原町五丁目変電所_2,tokyo,w1132160784,none,0,0,0,0,0,0,0,0,0,0,0,,,no_observed,0,0,0,0,0,0,0
tokyo_site_30316ace5ec0,高浜変電所,tokyo,w520113427,lines_only,1,1,0,0,0,0,0,0,0,0,0,,,no_observed,0,1,3,0,1,0,0
tokyo_site_303e2986b9e2,壬生変電所,tokyo,w519412837,conductors_only,1,1,0,1,0,0,0,0,0,0,0,,,no_observed,0,10,2,2,0,0,0
tokyo_site_3041fce91215,海老名変電所,tokyo,w89240432,conductors_only,1,1,0,1,0,0,0,0,0,0,0,,,no_observed,0,4,7,2,0,0,2
tokyo_site_305965c37a2e,物井変電所,tokyo,w737512328,none,1,0,0,0,0,0,0,0,0,0,0,,,no_observed,0,0,3,0,0,0,0
tokyo_site_305e18870bd1,茅ヶ崎変電所,tokyo,w152955275,none,3,0,0,0,0,0,0,0,2,0,0,66/6;6/1,,no_observed,0,0,0,0,0,0,0
tokyo_site_306a0f9e1159,本郷町変電所,tokyo,w1061636852,lines_only,1,1,0,0,0,0,0,0,0,0,0,,,no_observed,0,1,2,0,1,0,0
tokyo_site_307e8b721ace,北総変電所,tokyo,w151374767,conductors_only,2,2,0,2,0,0,0,0,1,0,0,275/66,,no_observed,0,16,25,4,0,0,0
tokyo_site_3088cff847b6,上尾変電所,tokyo,w195406884,conductors_only,3,2,0,2,0,0,0,0,2,0,0,275/154;154/66,,no_observed,0,11,17,1,9,0,0
tokyo_site_30ebc4cd7d70,中岩開閉所,tokyo,w519763181,lines_only,1,1,0,1,0,0,0,0,0,0,0,,,no_observed,0,10,18,0,10,0,0
tokyo_site_30f7915c9b1f,熱海変電所,tokyo,w200692300,lines_only,1,1,0,0,0,0,0,0,0,0,0,,,no_observed,0,1,0,0,1,0,0
tokyo_site_311ab525a332,太田市変電所_2,tokyo,w469589748,conductors_only,1,1,0,1,0,0,0,0,0,0,0,,,no_observed,0,2,10,2,0,0,0
tokyo_site_3125c318d64b,稲毛変電所,tokyo,w1135064684,lines_only,2,1,0,0,0,0,0,0,1,0,0,66/1,,no_observed,0,1,10,0,1,0,0
tokyo_site_317c97502e8c,鶴田変電所,tokyo,w236670022,conductors_only,1,1,0,1,0,0,2,0,0,0,0,,,no_observed,3,0,0,2,0,0,0
tokyo_site_31936b299c71,佃野町変電所,tokyo,w1157142566,conductors_only,1,1,0,1,0,0,0,0,0,0,0,,,no_observed,0,2,15,2,0,0,0
tokyo_site_31b517a300e4,変電所,tokyo,w617503625,lines_only,1,1,0,0,0,0,0,0,0,0,0,,,no_observed,0,2,2,0,1,0,0
tokyo_site_31d11e24b24f,群馬変電所,tokyo,w126635652,conductors_only,2,2,0,2,0,0,0,0,1,0,0,154/66,,no_observed,0,25,16,2,5,0,0
tokyo_site_31ec3b6193e2,日立オートモティブ変電所,tokyo,w882872996,conductors_only,2,1,0,1,0,0,0,0,1,0,0,154/66,,no_observed,0,2,29,2,0,0,0
tokyo_site_31f92d199fd2,新栃木変電所,tokyo,w104530060,partial,4,3,3,0,3,9,30,25,3,8,6,500/275;275/154;154/25,500/275;500/154;275/154,contradicts,22,35,10,11,0,0,4
tokyo_site_32226ecc859e,長井戸沼排水機場特高受電設備,tokyo,w1064268667,lines_only,1,1,0,0,0,0,0,0,0,0,0,,,no_observed,0,1,0,0,1,0,0
tokyo_site_324968d43eee,駒門一丁目変電所_2,tokyo,w726559378,conductors_only,0,0,0,0,0,0,0,0,0,0,0,,,no_observed,0,1,3,0,0,0,0
tokyo_site_324dcb8118dd,保渡田変電所,tokyo,w971872998,conductors_only,1,1,0,1,0,0,0,0,0,0,0,,,no_observed,0,2,3,1,0,0,0
tokyo_site_328aa5468e3c,多摩平三丁目変電所,tokyo,w279675973,none,1,0,0,0,0,0,0,0,0,0,0,,,no_observed,0,0,12,0,0,0,0
tokyo_site_32a8ebe2d45c,片倉変電所,tokyo,w891394424,partial,1,1,0,1,0,0,0,4,0,3,0,,,no_observed,0,13,0,7,0,0,0
tokyo_site_32dcca96f07b,臼井変電所,tokyo,w1083100734,none,1,0,0,0,0,0,0,0,0,0,0,,,no_observed,0,0,5,0,0,0,0
tokyo_site_332b601d4d81,久里浜八丁目変電所,tokyo,w1347097155,lines_only,2,2,0,2,0,0,0,0,1,0,0,275/66,,no_observed,0,8,10,0,8,0,0
tokyo_site_334b3ad4b5c4,大間々町高津戸変電所,tokyo,w1191360624,none,1,0,0,0,0,0,0,0,0,0,0,,,no_observed,0,0,5,0,0,0,0
tokyo_site_338e47cd6b0c,南古河変電所,tokyo,w195112308,conductors_only,1,1,0,1,0,0,0,0,0,0,0,,,no_observed,0,2,16,0,0,6,0
tokyo_site_33942c708ae6,桜区変電所,tokyo,w647040004,lines_only,1,1,0,1,0,0,0,0,0,0,0,,,no_observed,0,2,3,0,2,0,0
tokyo_site_33976f35d947,子持変電所,tokyo,w518992982,conductors_only,1,1,0,1,0,0,0,0,0,0,0,,,no_observed,0,2,4,2,0,0,0
tokyo_site_339d0e4d6be8,北綾瀬変電所,tokyo,w1144565460,none,1,0,0,0,0,0,0,0,0,0,0,,,no_observed,0,0,0,0,0,0,0
tokyo_site_33be44267556,比留川変電所,tokyo,w162876820,lines_only,2,1,0,0,0,0,0,0,1,0,0,275/66,,no_observed,0,0,3,0,0,0,2
tokyo_site_33d84bd4d6ba,干潟変電所,tokyo,w151764952,conductors_only,1,1,0,1,0,0,0,0,0,0,0,,,no_observed,0,2,6,1,0,0,0
tokyo_site_33dd0f7d9e59,松崎変電所,tokyo,w1081995030,none,0,0,0,0,0,0,0,0,0,0,0,,,no_observed,0,0,0,0,0,0,0
tokyo_site_33f405733900,天野変電所,tokyo,w1317812820,none,1,0,0,0,0,0,0,0,0,0,0,,,no_observed,0,0,1,0,0,0,0
tokyo_site_341059415eb5,宮前変電所,tokyo,w194796112,conductors_only,1,1,0,1,0,0,0,0,0,0,0,,,no_observed,0,5,0,1,0,0,0
tokyo_site_3410b4bfccf3,千葉中央変電所,tokyo,w211241774,lines_only,2,2,0,2,0,0,0,0,1,0,0,275/66,,no_observed,0,5,3,0,6,0,2
tokyo_site_3427937e96cd,南赤塚変電所,tokyo,w168900587,conductors_only,1,1,0,1,0,0,0,0,0,0,0,,,no_observed,0,2,2,2,0,0,0
tokyo_site_345bf8618639,印西変電所,tokyo,w891316403,conductors_only,1,1,0,1,0,0,0,0,0,0,0,,,no_observed,0,2,4,2,0,0,0
tokyo_site_3473b24335ca,北神立町変電所,tokyo,w761506922,lines_only,1,1,0,0,0,0,0,0,0,0,0,,,no_observed,0,1,3,0,1,0,0
tokyo_site_347ffbab63e3,久里浜変電所,tokyo,w1443230024,conductors_only,2,2,0,0,0,0,0,0,1,0,0,66/1,,no_observed,0,0,12,0,0,0,0
tokyo_site_34c59101b19f,寒川受電所,tokyo,w270366143,conductors_only,1,1,0,0,0,0,0,0,0,0,0,,,no_observed,0,0,1,2,0,0,0
tokyo_site_34e1f24eff2a,菖蒲変電所,tokyo,w195288635,lines_only,1,1,0,0,0,0,0,0,0,0,0,,,no_observed,0,1,0,0,1,0,0
tokyo_site_351c1b007aff,高尾変電所,tokyo,w170473230,lines_only,1,1,0,0,0,0,0,0,0,0,0,,,no_observed,0,1,0,0,1,0,0
tokyo_site_3539e7831571,枝川町変電所,tokyo,w1549873321,none,1,0,0,0,0,0,0,0,0,0,0,,,no_observed,0,0,0,0,0,0,0
tokyo_site_3546dfa0ea21,沼田変電所,tokyo,w1083457088,conductors_only,1,1,0,1,0,0,0,0,0,0,0,,,no_observed,0,5,0,1,0,0,0
tokyo_site_3560597686c9,愛宕町変電所,tokyo,w195406883,conductors_only,1,1,0,1,0,0,0,0,0,0,0,,,no_observed,0,2,3,2,0,0,0
tokyo_site_356aff7b0f3b,金杉九丁目変電所,tokyo,w891706484,lines_only,0,1,0,0,0,0,0,0,0,0,0,,,no_observed,0,0,0,0,0,0,2
tokyo_site_357c72f556c4,膝折変電所,tokyo,w1147846621,lines_only,1,1,0,0,0,0,0,0,0,0,0,,,no_observed,0,1,2,0,1,3,0
tokyo_site_358e990bfed8,戸宮変電所,tokyo,w642775489,lines_only,0,0,0,0,0,0,0,0,0,0,0,,,no_observed,0,1,0,0,0,0,0
tokyo_site_35ee166327a3,高萩変電所,tokyo,w1150633956,conductors_only,1,1,0,1,0,0,0,0,0,0,0,,,no_observed,0,5,3,1,0,0,0
tokyo_site_361d09733260,山方変電所,tokyo,w1139110315,lines_only,1,1,0,1,0,0,0,0,0,0,0,,,no_observed,0,2,3,0,2,0,0
tokyo_site_365e10cf03b7,美堀町四丁目変電所,tokyo,w238144031,lines_only,1,1,0,0,0,0,0,0,0,0,0,,,no_observed,0,0,2,0,0,0,2
tokyo_site_368c90bbec86,爪木変電所,tokyo,w340644809,conductors_only,1,1,0,1,0,0,0,0,0,0,0,,,no_observed,0,2,3,0,1,0,0
tokyo_site_368d433d3696,東若松町変電所,tokyo,w761751161,lines_only,1,1,0,1,0,0,0,0,0,0,0,,,no_observed,0,2,3,0,2,0,0
tokyo_site_36966b3b84ae,小見川変電所,tokyo,w200536275,conductors_only,1,1,0,1,0,0,0,0,0,0,0,,,no_observed,0,2,3,1,0,0,0
tokyo_site_36bb654c87b1,苗ヶ島町変電所,tokyo,w1083130586,lines_only,1,1,0,0,0,0,0,0,0,0,0,,,no_observed,0,1,0,0,1,0,2
tokyo_site_36bcee55275c,浅原変電所,tokyo,w288587481,conductors_only,1,1,0,1,0,0,0,0,0,0,0,,,no_observed,0,4,12,0,0,2,0
tokyo_site_36fe56e3e7ed,梅木変電所,tokyo,w409554834,lines_only,2,1,0,0,0,0,0,0,1,0,0,66/6,,no_observed,0,1,0,0,1,0,0
tokyo_site_37044f6bbed2,佐久穂町変電所,tokyo,w1086422162,lines_only,1,1,0,0,0,0,0,0,0,0,0,,,no_observed,0,1,1,0,1,0,0
tokyo_site_3740b8d93aa8,水代変電所,tokyo,w288355149,conductors_only,1,1,0,1,0,0,0,0,0,0,0,,,no_observed,0,2,4,2,0,0,0
tokyo_site_376e46f1c7a5,城北四丁目変電所_2,tokyo,w340859247,partial,2,1,3,0,1,1,0,0,1,4,0,154/66,,no_observed,13,4,17,1,0,0,0
tokyo_site_37a355416cda,王子変電所,tokyo,w1150074858,none,1,0,0,0,0,0,0,0,0,0,0,,,no_observed,0,0,0,0,0,0,0
tokyo_site_37a643088e2a,砂山変電所,tokyo,w754276685,lines_only,1,1,0,1,0,0,0,0,0,0,0,,,no_observed,0,2,3,0,2,0,0
tokyo_site_37b1959d086b,小入変電所,tokyo,w810141532,lines_only,1,1,0,1,0,0,0,0,0,0,0,,,no_observed,0,2,4,0,2,0,0
tokyo_site_37d5eb47310f,川越市変電所,tokyo,w1444656685,none,0,0,0,0,0,0,0,0,0,0,0,,,no_observed,0,0,0,0,0,0,0
tokyo_site_37dc2f28cd81,吉川変電所,tokyo,w340508573,conductors_only,1,1,0,1,0,0,0,0,0,0,0,,,no_observed,0,2,3,1,0,0,0
tokyo_site_37f405115557,泉川変電所,tokyo,w340647468,none,1,0,0,0,0,0,0,0,0,0,0,,,no_observed,0,0,2,0,0,0,0
tokyo_site_37ffa48802e1,境野変電所,tokyo,w1080198856,conductors_only,1,1,0,1,0,0,0,0,0,0,0,,,no_observed,0,4,6,2,0,0,0
tokyo_site_38110ca54ab8,根戸変電所,tokyo,w1141938321,none,1,0,0,0,0,0,0,0,0,0,0,,,no_observed,0,0,2,0,0,0,0
tokyo_site_385bf74076f9,川口本町変電所,tokyo,w1150061693,none,1,0,0,0,0,0,0,0,0,0,0,,,no_observed,0,0,0,0,0,0,0
tokyo_site_38fea29ebe06,秩父変電所,tokyo,w315385219,conductors_only,1,1,0,1,0,0,0,0,0,0,0,,,no_observed,0,3,4,1,0,0,0
tokyo_site_3940fbaf65c1,牛谷変電所,tokyo,w1065380196,none,2,0,0,0,0,0,0,0,1,0,0,154/66,,no_observed,0,0,3,0,0,0,0
tokyo_site_3a2dc2dc8cc3,綾瀬台変電所,tokyo,w200587019,lines_only,1,1,0,0,0,0,0,0,0,0,0,,,no_observed,0,0,5,0,0,0,2
tokyo_site_3a4ca7e9bb61,越谷変電所,tokyo,w1138606763,lines_only,1,1,0,0,0,0,0,0,0,0,0,,,no_observed,0,0,3,0,0,0,2
tokyo_site_3aa89b2f1ed3,土樽変電所,tokyo,w1192727533,lines_only,2,2,0,0,0,0,0,0,1,0,0,66/1,,no_observed,0,1,0,0,1,0,0
tokyo_site_3ab8c1ebb592,津久井変電所,tokyo,w784414683,partial,1,1,0,2,0,0,0,4,0,3,0,,,no_observed,0,6,2,2,0,0,0
tokyo_site_3af660608d95,秩父変電所,tokyo,w1131424808,lines_only,1,1,0,1,0,0,0,0,0,0,0,,,no_observed,0,2,3,0,2,0,0
tokyo_site_3b1fed89ad53,近藤変電所,tokyo,w758687877,lines_only,1,1,0,1,0,0,0,0,0,0,0,,,no_observed,0,2,3,0,2,0,0
tokyo_site_3b6b5cc19e7d,北多賀変電所,tokyo,w1153926295,conductors_only,1,1,0,1,0,0,0,0,0,0,0,,,no_observed,0,5,1,1,0,0,0
tokyo_site_3be17b78d4b8,新茂木,tokyo,w168839127,mapped,2,2,2,0,2,26,4,0,1,2,2,500/275,500/275,same,4,0,0,4,0,0,0
tokyo_site_3c338cddd72d,下和田変電所,tokyo,w1085746421,lines_only,1,1,0,0,0,0,0,0,0,0,0,,,no_observed,0,1,5,0,1,0,0
tokyo_site_3c3f1acba025,篠崎変電所,tokyo,w871633316,lines_only,1,1,0,0,0,0,0,0,0,0,0,,,no_observed,0,1,0,0,1,0,2
tokyo_site_3c40d4823413,西国分寺変電所,tokyo,w1383255867,none,2,0,0,0,0,0,0,0,1,0,0,66/1,,no_observed,0,0,1,0,0,0,0
tokyo_site_3c8e590aca02,我孫子変電所,tokyo,w1047864541,none,0,0,0,0,0,0,0,0,0,0,0,,,no_observed,0,0,0,0,0,0,0
tokyo_site_3d0b7e310259,草加稲荷変電所,tokyo,w1144614802,none,1,0,0,0,0,0,0,0,0,0,0,,,no_observed,0,0,0,0,0,0,0
tokyo_site_3d1b50c8cccf,見沼区変電所,tokyo,w1349499749,none,0,0,0,0,0,0,0,0,0,0,0,,,no_observed,0,0,0,0,0,0,0
tokyo_site_3d5cd7e5d266,大網変電所,tokyo,w1132106576,none,1,0,0,0,0,0,0,0,0,0,0,,,no_observed,0,0,0,0,0,0,0
tokyo_site_3d7e958f617f,三依変電所,tokyo,w810253171,lines_only,2,2,0,0,0,0,0,0,1,0,0,66/1,,no_observed,0,1,0,0,1,0,0
tokyo_site_3d8b92abe537,浅間上町変電所,tokyo,w640602696,lines_only,1,1,0,0,0,0,0,0,0,0,0,,,no_observed,0,1,0,0,1,0,0
tokyo_site_3dc73bac720c,北二丁目変電所,tokyo,w163199700,none,1,0,0,0,0,0,0,0,0,0,0,,,no_observed,0,0,5,0,0,0,0
tokyo_site_3e4199255a77,岸町変電所,tokyo,w1147843095,none,1,0,0,0,0,0,0,0,0,0,0,,,no_observed,0,0,0,0,0,0,0
tokyo_site_3e9fa1e0a649,立石変電所,tokyo,w308574179,lines_only,1,1,0,0,0,0,0,0,0,0,0,,,no_observed,0,1,1,0,1,0,0
tokyo_site_3ebe96da58be,清原変電所,tokyo,w104527981,conductors_only,2,2,0,2,0,0,0,0,1,0,0,154/66,,no_observed,0,7,5,6,0,0,0
tokyo_site_3edfcad1be37,渋川市変電所,tokyo,w520126274,none,1,0,0,0,0,0,0,0,0,0,0,,,no_observed,0,0,1,0,0,0,0
tokyo_site_3ef6f9208a41,北竜台変電所,tokyo,w1153966506,conductors_only,1,1,0,0,0,0,0,0,0,0,0,,,no_observed,0,1,2,2,0,0,0
tokyo_site_3f09edb28c98,土沢変電所,tokyo,w804697803,lines_only,1,1,0,1,0,0,0,0,0,0,0,,,no_observed,0,2,3,0,2,0,0
tokyo_site_3f44332cf529,相模原変電所,tokyo,w108605394,lines_only,1,1,0,0,0,0,0,0,0,0,0,,,no_observed,0,0,0,0,0,0,2
tokyo_site_3f4526992f8c,佐久平駅東変電所,tokyo,w133355965,lines_only,1,1,0,1,0,0,0,0,0,0,0,,,no_observed,0,2,0,0,2,0,0
tokyo_site_3f6898167ea6,東葛西変電所,tokyo,w1549594042,none,1,0,0,0,0,0,0,0,0,0,0,,,no_observed,0,0,0,0,0,0,0
tokyo_site_3f84521c3747,葛生変電所,tokyo,w202714081,conductors_only,3,3,0,1,0,0,0,0,2,0,0,66/22;22/6,,no_observed,0,5,10,3,0,0,0
tokyo_site_3fb2a0607cee,堀之内町変電所,tokyo,w544115543,lines_only,0,0,0,0,0,0,0,0,0,0,0,,,no_observed,0,1,0,0,0,0,0
tokyo_site_3fd8eab83cf5,長田変電所,tokyo,w641321755,conductors_only,1,1,0,1,0,0,0,0,0,0,0,,,no_observed,0,5,7,1,0,0,0
tokyo_site_3fe8a9dbd360,薄倉変電所,tokyo,w1153966507,conductors_only,1,1,0,1,0,0,0,0,0,0,0,,,no_observed,0,4,1,2,0,0,0
tokyo_site_4002066d42b1,沖電気本庄変電所,tokyo,w886921058,conductors_only,1,1,0,1,0,0,0,0,0,0,0,,,no_observed,0,2,4,2,0,0,0
tokyo_site_4010e133418e,湊変電所,tokyo,w589053523,lines_only,1,1,0,0,0,0,0,0,0,0,0,,,no_observed,0,1,0,0,1,0,0
tokyo_site_405532beffb6,砂田変電所,tokyo,w1023804660,conductors_only,1,1,0,1,0,0,0,0,0,0,0,,,no_observed,0,4,0,2,0,0,0
tokyo_site_40602287dcd7,寄巻変電所,tokyo,w195085033,conductors_only,1,1,0,1,0,0,0,0,0,0,0,,,no_observed,0,4,0,2,0,0,0
tokyo_site_406c4693b5cf,みなかみ町変電所_3,tokyo,w519055295,none,1,0,0,0,0,0,0,0,0,0,0,,,no_observed,0,1,1,0,0,0,0
tokyo_site_40812415fe9c,玉川変電所,tokyo,w409627040,none,1,0,0,0,0,0,0,0,0,0,0,,,no_observed,0,0,1,0,0,0,0
tokyo_site_408dc0de0b9f,新京葉変電所,tokyo,w168727982,conductors_only,4,4,1,3,1,7,3,0,3,0,0,500/275;275/154;154/66,,no_observed,3,35,42,9,1,3,0
tokyo_site_4095b34130ff,三村変電所_2,tokyo,w761506902,lines_only,1,1,0,0,0,0,0,0,0,0,0,,,no_observed,0,0,1,0,0,0,2
tokyo_site_40a4f7cc34a8,福島変電所,tokyo,w1086368221,conductors_only,1,1,0,1,0,0,0,0,0,0,0,,,no_observed,0,2,7,1,0,0,0
tokyo_site_40eb2c7855fb,小田急電鉄 松田変電所,tokyo,w1475104356,none,1,0,0,0,0,0,0,0,0,0,0,,,no_observed,0,0,1,0,0,0,0
tokyo_site_40f31b580011,萩中一丁目変電所,tokyo,w1304129102,none,0,0,0,0,0,0,0,0,0,0,0,,,no_observed,0,0,0,0,0,0,0
tokyo_site_413d509f54f3,八潮二丁目変電所,tokyo,w990660715,none,0,0,0,0,0,0,0,0,0,0,0,,,no_observed,0,0,0,0,0,0,0
tokyo_site_415cf4025efa,西橋本五丁目変電所,tokyo,w1444558571,layout_only,1,1,0,0,0,0,0,1,0,0,0,,,no_observed,0,1,5,1,0,0,0
tokyo_site_418f85f33554,千種変電所,tokyo,w1133362960,lines_only,1,1,0,0,0,0,0,0,0,0,0,,,no_observed,0,1,0,0,1,0,0
tokyo_site_422e14c46d77,東越谷変電所,tokyo,w340508575,lines_only,1,1,0,0,0,0,0,0,0,0,0,,,no_observed,0,1,1,0,1,0,0
tokyo_site_4283e6dd0707,稲城変電所,tokyo,w120024084,lines_only,1,0,0,0,0,0,0,0,0,0,0,,,no_observed,0,1,3,0,0,0,0
tokyo_site_429c93eca379,水戸北部変電所,tokyo,w1078414495,conductors_only,2,2,0,2,0,0,0,0,1,0,0,154/66,,no_observed,0,10,4,4,0,0,0
tokyo_site_42c8a0f38fde,代々木三丁目変電所,tokyo,w158239208,none,0,0,0,0,0,0,0,0,0,0,0,,,no_observed,0,0,0,0,0,0,0
tokyo_site_42ce3d8bc064,広町一丁目変電所,tokyo,w135154437,none,0,0,0,0,0,0,0,0,0,0,0,,,no_observed,0,0,0,0,0,0,0
tokyo_site_42d3de5acc3f,神田錦町三丁目変電所,tokyo,n4339351914,none,0,0,0,0,0,0,0,0,0,0,0,,,no_observed,0,0,0,0,0,0,0
tokyo_site_430a30bb9443,城東五丁目変電所,tokyo,w340859266,lines_only,2,0,3,1,0,0,0,0,1,0,0,154/66,,no_observed,13,2,19,0,0,0,0
tokyo_site_430fdac73469,鹿島変電所,tokyo,w340644803,conductors_only,1,1,0,1,0,0,0,0,0,0,0,,,no_observed,0,5,7,1,0,0,0
tokyo_site_432e8813119a,鴨川変電所,tokyo,w250533729,conductors_only,1,1,0,1,0,0,0,0,0,0,0,,,no_observed,0,10,0,2,0,0,0
tokyo_site_439a0d6a86e6,青鳥変電所,tokyo,w1295422545,conductors_only,1,1,0,1,0,0,0,0,0,0,0,,,no_observed,0,5,0,1,0,0,0
tokyo_site_439acebac45d,小金井変電所,tokyo,w51558196,layout_only,2,2,0,0,0,0,0,1,1,0,0,66/6,,no_observed,0,0,5,1,0,2,0
tokyo_site_43a07097970b,中津変電所,tokyo,w1187822634,conductors_only,1,1,1,1,1,1,0,0,0,0,0,,,no_observed,2,3,4,3,0,0,0
tokyo_site_43b36255e4a2,瀬谷変電所,tokyo,w168132570,lines_only,2,2,0,1,0,0,0,0,1,0,0,66/6,,no_observed,0,2,6,0,2,0,0
tokyo_site_43d7aacb40fc,雀宮変電所,tokyo,w680162282,none,1,0,0,0,0,0,0,0,0,0,0,,,no_observed,0,0,0,0,0,0,0
tokyo_site_43dc44649dae,関城変電所,tokyo,w1074371367,conductors_only,1,1,0,1,0,0,0,0,0,0,0,,,no_observed,0,4,3,2,0,0,0
tokyo_site_43e4725902c8,緑区変電所,tokyo,w967284777,lines_only,2,1,0,0,0,0,0,0,1,0,0,154/66,,no_observed,0,1,2,0,1,0,0
tokyo_site_4402bf5f1a61,株式会社吉野工業所 栃木工場変電所,tokyo,w1061923394,lines_only,1,1,0,0,0,0,0,0,0,0,0,,,no_observed,0,1,1,0,1,0,2
tokyo_site_440f4733ddf5,大井変電所,tokyo,w499322535,none,1,0,0,0,0,0,0,0,0,0,0,,,no_observed,0,0,0,0,0,0,0
tokyo_site_4418fd07e9e4,箱根変電所,tokyo,w560339174,conductors_only,1,1,0,1,0,0,0,0,0,0,0,,,no_observed,0,5,0,1,0,0,0
tokyo_site_442ea1099d60,境下渕名変電所_2,tokyo,w1080211287,lines_only,1,1,0,1,0,0,0,0,0,0,0,,,no_observed,0,2,11,0,2,0,0
tokyo_site_44587f0071ca,二宮変電所,tokyo,w1063517273,conductors_only,1,1,0,1,0,0,0,0,0,0,0,,,no_observed,0,2,2,0,0,0,2
tokyo_site_4464655aa083,国分寺変電所,tokyo,w340913699,conductors_only,1,1,0,1,0,0,0,0,0,0,0,,,no_observed,0,2,5,1,0,0,0
tokyo_site_446df272945d,林間変電所,tokyo,w113716795,conductors_only,2,2,0,1,0,0,0,0,1,0,0,66/6,,no_observed,0,4,0,2,0,0,0
tokyo_site_4472926eaca4,明神町変電所,tokyo,w1378917838,lines_only,1,1,0,0,0,0,0,0,0,0,0,,,no_observed,0,1,0,0,1,0,0
tokyo_site_450a32410ce6,東洋ガラス千葉工場 受変電所,tokyo,w1141927433,none,1,0,0,0,0,0,0,0,0,0,0,,,no_observed,0,0,2,0,0,0,0
tokyo_site_451c9444158e,本庄変電所,tokyo,w886921066,conductors_only,1,1,0,1,0,0,0,0,0,0,0,,,no_observed,0,5,3,1,0,0,0
tokyo_site_457dde0480fb,特高変電所,tokyo,w1103752953,none,0,0,0,0,0,0,0,0,0,0,0,,,no_observed,0,0,0,0,0,0,0
tokyo_site_45b500fd3e37,東朝比奈二丁目変電所,tokyo,w1443818832,conductors_only,1,1,0,1,0,0,0,0,0,0,0,,,no_observed,0,2,3,2,0,0,0
tokyo_site_45eceda0e5fe,岩宿変電所,tokyo,w671195969,lines_only,1,1,0,0,0,0,0,0,0,0,0,,,no_observed,0,1,10,0,1,0,2
tokyo_site_460ef6362c56,検見川変電所,tokyo,w199863757,conductors_only,1,1,0,1,0,0,0,0,0,0,0,,,no_observed,0,2,4,2,0,0,2
tokyo_site_462eeb7e8a78,大船変電所,tokyo,w189512241,conductors_only,2,1,2,0,1,2,10,0,1,0,0,66/1,,no_observed,4,1,6,4,1,0,0
tokyo_site_4666fa0596f7,岬町変電所,tokyo,w172068299,conductors_only,1,1,0,1,0,0,0,0,0,0,0,,,no_observed,0,9,6,3,0,0,0
tokyo_site_4671750e342a,新高崎き電区分所,tokyo,w307661144,none,0,0,0,0,0,0,0,0,0,0,0,,,no_observed,0,0,0,0,0,0,0
tokyo_site_46728b523f81,太田市変電所,tokyo,w467320484,conductors_only,1,1,0,1,0,0,0,0,0,0,0,,,no_observed,0,2,10,1,0,0,0
tokyo_site_467646d4e889,太平洋セメント変電所,tokyo,w886366504,conductors_only,3,1,4,1,0,0,33,0,2,0,0,275/154;154/66,,no_observed,18,2,4,2,0,0,0
tokyo_site_4683dfc887fa,市川塩浜変電所,tokyo,w1137454401,conductors_only,3,1,0,0,0,0,0,0,2,0,0,500/66;66/1,,no_observed,0,1,20,2,0,0,0
tokyo_site_46878d803500,後草変電所,tokyo,w151764951,conductors_only,1,1,0,1,0,0,0,0,0,0,0,,,no_observed,0,2,4,2,0,0,0
tokyo_site_46da73d82d9b,赤羽変電所,tokyo,w708227250,lines_only,2,2,0,1,0,0,1,0,1,0,0,66/22,,no_observed,1,2,10,0,3,0,0
tokyo_site_46deb59b796a,日立化成変電所,tokyo,w887614676,conductors_only,2,1,0,1,0,0,0,0,1,0,0,154/66,,no_observed,0,2,24,2,0,0,0
tokyo_site_470a1d9ca91c,白梅変電所,tokyo,w1075021365,none,1,0,0,0,0,0,0,0,0,0,0,,,no_observed,0,0,0,0,0,0,0
tokyo_site_47261a477e25,西大泉変電所,tokyo,w106092299,lines_only,2,2,0,0,0,0,0,0,1,0,0,154/66,,no_observed,0,0,6,0,0,4,2
tokyo_site_4756a15bd0cf,新佐原変電所,tokyo,w105298089,partial,2,2,1,1,1,3,0,0,1,3,0,500/275,,no_observed,2,6,12,3,2,0,0
tokyo_site_47a074bf237e,三鷹変電所,tokyo,w69354339,lines_only,2,2,0,1,0,0,0,0,1,0,0,66/6,,no_observed,0,2,0,0,2,0,0
tokyo_site_47c1e193f9ec,鹿浜変電所,tokyo,w194792483,conductors_only,2,2,0,2,0,0,1,0,1,0,0,66/22,,no_observed,1,8,12,2,5,0,0
tokyo_site_47dda7069d6f,上里見変電所,tokyo,w1084983550,conductors_only,1,1,0,1,0,0,0,0,0,0,0,,,no_observed,0,2,3,1,0,0,0
tokyo_site_47fe8c8bfaee,井野川変電所,tokyo,w177452437,conductors_only,1,1,0,1,0,0,0,0,0,0,0,,,no_observed,0,5,1,1,0,0,0
tokyo_site_484f6203b6de,赤城変電所,tokyo,w1083445983,lines_only,1,1,0,1,0,0,0,0,0,0,0,,,no_observed,0,2,2,0,2,0,0
tokyo_site_4851f4ca9c7f,京王電鉄 代田変電所,tokyo,n3257756174,none,0,0,0,0,0,0,0,0,0,0,0,,,no_observed,0,0,0,0,0,0,0
tokyo_site_485e0def1e28,綱島周波数変換変電所,tokyo,w134687324,lines_only,2,1,5,0,0,0,4,0,1,0,0,154/66,,no_observed,5,2,34,0,2,5,0
tokyo_site_486ae4066477,鎌ヶ谷変電所,tokyo,w191675563,conductors_only,2,1,0,1,0,0,0,0,1,0,0,154/1,,no_observed,0,4,0,2,0,0,0
tokyo_site_48844680ecc0,新前橋変電所,tokyo,w322670412,lines_only,1,1,0,0,0,0,0,0,0,0,0,,,no_observed,0,1,11,0,1,0,0
tokyo_site_48c0734fd6ec,上尾下変電所,tokyo,w133481779,lines_only,1,1,0,0,0,0,0,0,0,0,0,,,no_observed,0,1,0,0,1,0,0
tokyo_site_48feabd822ee,品濃変電所,tokyo,w304250048,none,0,0,0,0,0,0,0,0,0,0,0,,,no_observed,0,0,0,0,0,0,0
tokyo_site_49531f81b0ce,東猯穴町変電所,tokyo,w1307265062,conductors_only,1,1,0,1,0,0,0,0,0,0,0,,,no_observed,0,2,3,1,0,0,0
tokyo_site_495d8a31d233,邑楽開閉所,tokyo,w663739615,conductors_only,1,1,0,1,0,0,0,0,0,0,0,,,no_observed,0,18,0,2,0,0,0
tokyo_site_496c4472b8c6,千石町変電所,tokyo,w982009113,none,1,0,0,0,0,0,0,0,0,0,0,,,no_observed,0,0,0,0,0,0,0
tokyo_site_497d1a4b85fa,行田変電所,tokyo,w365974091,none,0,0,0,0,0,0,0,0,0,0,0,,,no_observed,0,0,0,0,0,0,0
tokyo_site_498ea0f90af2,河内変電所,tokyo,w191006046,partial,2,2,5,0,7,8,7,2,1,4,0,154/66,,no_observed,13,16,0,5,0,0,4
tokyo_site_49b36522a891,宇都宮変電所,tokyo,w288351401,lines_only,1,1,0,1,0,0,0,0,0,0,0,,,no_observed,0,6,13,0,6,0,0
tokyo_site_49b728e4c19a,新郷変電所,tokyo,w1145001579,partial,1,2,0,1,0,0,0,1,0,1,1,,,no_observed,0,4,0,2,0,0,0
tokyo_site_49efc0370bc6,東金変電所,tokyo,w172068343,conductors_only,1,1,0,1,0,0,0,0,0,0,0,,,no_observed,0,2,3,1,0,0,0
tokyo_site_4ab2e1d70a92,土浦変電所,tokyo,w669458573,conductors_only,1,1,0,1,0,0,0,0,0,0,0,,,no_observed,0,2,10,1,0,0,0
tokyo_site_4ab5244843c3,羽生変電所,tokyo,w195278835,lines_only,2,2,0,1,0,0,0,0,1,0,0,66/1,,no_observed,0,2,2,0,2,0,0
tokyo_site_4ad015cd799b,湯沢変電所,tokyo,w396217021,none,0,0,0,0,0,0,0,0,0,0,0,,,no_observed,0,0,5,0,0,0,0
tokyo_site_4b0f53d3e855,戸田変電所,tokyo,w1149785959,none,2,0,0,0,0,0,0,0,1,0,0,66/1,,no_observed,0,0,8,0,0,0,0
tokyo_site_4b24cfa3e263,下滝開閉所,tokyo,w1133340533,mapped,1,2,0,1,0,0,0,7,0,0,0,,,no_observed,0,11,6,3,0,0,2
tokyo_site_4b29132865f8,行徳変電所,tokyo,w210765354,conductors_only,1,1,0,0,0,0,0,0,0,0,0,,,no_observed,0,1,3,2,0,0,0
tokyo_site_4b754180451f,大栄変電所,tokyo,w1081982677,lines_only,1,1,0,0,0,0,0,0,0,0,0,,,no_observed,0,1,0,0,1,0,0
tokyo_site_4bacc6878367,岩槻変電所,tokyo,w155411568,partial,3,3,2,0,2,10,6,8,2,4,4,275/154;154/66,154/66,partial,8,2,18,6,0,2,0
tokyo_site_4bb322c2a17e,旭変電所,tokyo,w126977812,partial,2,2,5,0,1,1,4,12,1,0,0,154/66,,no_observed,5,16,18,8,2,0,2
tokyo_site_4bf65a30af61,ジェイテクト東京工場変電所,tokyo,w734147908,conductors_only,1,1,0,1,0,0,0,0,0,0,0,,,no_observed,0,2,8,1,0,0,0
tokyo_site_4c09e12a2574,本町四丁目変電所,tokyo,w1038781243,none,1,0,0,0,0,0,0,0,0,0,0,,,no_observed,0,0,4,0,0,0,0
tokyo_site_4c2be1d4b56e,古里変電所,tokyo,w236177753,none,1,0,0,0,0,0,0,0,0,0,0,,,no_observed,0,0,4,0,0,0,0
tokyo_site_4c42884c003f,南渋川変電所,tokyo,w519135228,lines_only,1,1,0,1,0,0,0,0,0,0,0,,,no_observed,0,6,14,0,6,0,0
tokyo_site_4c5d72806f41,蓮根変電所,tokyo,w1549639807,none,1,0,0,0,0,0,0,0,0,0,0,,,no_observed,0,0,0,0,0,0,0
tokyo_site_4cad4bf889e9,北多摩変電所,tokyo,w111380415,conductors_only,2,2,0,1,0,0,0,0,1,0,0,275/66,,no_observed,0,6,3,0,2,0,2
tokyo_site_4cf7d69bde53,戸祭変電所,tokyo,w975017970,none,1,0,0,0,0,0,0,0,0,0,0,,,no_observed,0,0,0,0,0,0,0
tokyo_site_4d11de891bff,伊豆市変電所_2,tokyo,w409537783,lines_only,1,1,0,0,0,0,0,0,0,0,0,,,no_observed,0,1,0,0,1,0,0
tokyo_site_4d46f8eee5ff,長坂二丁目変電所_4,tokyo,w570460305,none,1,0,0,0,0,0,0,0,0,0,0,,,no_observed,0,0,5,0,0,0,0
tokyo_site_4d4c96ddcaf5,元宿変電所,tokyo,w667338930,lines_only,1,1,0,0,0,0,0,0,0,0,0,,,no_observed,0,1,2,0,1,0,2
tokyo_site_4d60185819f5,朝霞変電所,tokyo,w1147846622,lines_only,3,2,0,0,0,0,0,0,2,0,0,154/66;66/6,,no_observed,0,0,10,0,0,0,2
tokyo_site_4d8111410d05,長沼変電所,tokyo,w891386648,conductors_only,1,1,0,1,0,0,0,0,0,0,0,,,no_observed,0,6,0,2,0,0,0
tokyo_site_4d96fab37d05,坂手町変電所,tokyo,w340289528,conductors_only,1,1,0,1,0,0,0,0,0,0,0,,,no_observed,0,2,3,1,0,0,0
tokyo_site_4da2a2d572e2,木崎変電所,tokyo,w195432065,lines_only,2,2,0,1,0,0,0,0,1,0,0,66/6,,no_observed,0,3,3,0,1,2,0
tokyo_site_4dc0c9771574,アカデミアパーク変電所,tokyo,w1133022042,lines_only,1,1,0,1,0,0,0,0,0,0,0,,,no_observed,0,2,2,0,2,0,0
tokyo_site_4dd2a92ad824,杉戸変電所,tokyo,w195981782,lines_only,2,2,0,0,0,0,0,0,1,0,0,66/6,,no_observed,0,0,0,0,0,0,2
tokyo_site_4de2faf98125,清水変電所,tokyo,w192656409,lines_only,2,4,0,2,0,0,0,0,1,0,0,154/77,,no_observed,0,4,6,0,4,0,2
tokyo_site_4e367c82a5d7,関谷変電所,tokyo,w1072943218,none,1,0,0,0,0,0,0,0,0,0,0,,,no_observed,0,0,4,0,0,0,0
tokyo_site_4e3c264486f3,塩原3号配電塔,tokyo,w1138237613,none,2,0,0,0,0,0,0,0,1,0,0,22/6,,no_observed,0,0,0,0,0,0,0
tokyo_site_4e48b76e9210,南武変電所,tokyo,w90625056,conductors_only,2,2,0,2,0,0,0,0,1,0,0,154/66,,no_observed,0,18,6,3,3,0,4
tokyo_site_4e590c2ef4d5,清水変電所,tokyo,w104520556,conductors_only,1,1,0,1,0,0,0,0,0,0,0,,,no_observed,0,2,4,1,0,0,0
tokyo_site_4e87fe9e2c07,和田堀変電所,tokyo,w35904018,none,2,0,0,0,0,0,0,0,1,0,0,154/66,,no_observed,0,0,6,0,0,0,0
tokyo_site_4eabf98b332a,JR東日本長津田変電所,tokyo,w978072303,partial,1,1,0,0,0,0,0,1,0,1,0,,,no_observed,0,1,0,2,1,0,0
tokyo_site_4ed4dc81e43d,下総変電所,tokyo,w291647548,conductors_only,2,2,0,1,0,0,0,0,1,0,0,154/66,,no_observed,0,9,6,3,2,0,0
tokyo_site_4f350eccba0d,レンゴー株式会社八潮工場 特高変電所,tokyo,w169010380,lines_only,1,1,0,0,0,0,0,0,0,0,0,,,no_observed,0,0,3,0,0,0,2
tokyo_site_4f485a93669c,南砂町変電所,tokyo,r21228349,none,1,0,0,0,0,0,0,0,0,0,0,,,no_observed,0,0,0,0,0,0,0
tokyo_site_4f4feb398ff4,岩曽変電所,tokyo,w448684000,lines_only,1,1,0,1,0,0,0,0,0,0,0,,,no_observed,0,2,11,0,2,0,0
tokyo_site_4f9d7e771bc1,保渡田町変電所,tokyo,w971873000,none,1,0,0,0,0,0,0,0,0,0,0,,,no_observed,0,0,5,0,0,0,0
tokyo_site_4fa39de65168,岡部変電所,tokyo,w887614675,lines_only,2,1,0,1,0,0,0,0,1,0,0,154/66,,no_observed,0,2,15,0,2,0,0
tokyo_site_4ff79e2cdd00,勝山変電所,tokyo,w726951038,lines_only,1,1,0,0,0,0,0,0,0,0,0,,,no_observed,0,0,3,0,0,0,2
tokyo_site_500559879ae9,寺田変電所,tokyo,w1381668526,partial,1,1,0,1,0,0,0,3,0,2,0,,,no_observed,0,3,8,2,0,0,0
tokyo_site_5028b368fc21,石橋変電所,tokyo,w432508966,conductors_only,1,1,0,1,0,0,0,0,0,0,0,,,no_observed,0,2,3,1,0,0,0
tokyo_site_50480ef41608,西船橋変電所,tokyo,w353561594,none,2,0,0,0,0,0,0,0,1,0,0,66/1,,no_observed,0,0,2,0,0,0,0
tokyo_site_50764388810b,東海村変電所_2,tokyo,w1018771434,conductors_only,1,1,0,0,0,0,0,0,0,0,0,,,no_observed,0,1,2,0,1,0,0
tokyo_site_507cc1e24193,岩瀬開閉所,tokyo,w1011128786,conductors_only,1,1,3,0,1,3,7,0,0,0,0,,,no_observed,10,0,14,3,0,0,0
tokyo_site_50842631b8cc,平沼変電所,tokyo,w315425109,lines_only,2,2,0,1,0,0,0,0,1,0,0,275/66,,no_observed,0,2,0,0,1,2,0
tokyo_site_50973c396e0f,日野変電所,tokyo,w199781626,conductors_only,1,1,0,1,0,0,0,0,0,0,0,,,no_observed,0,2,5,1,0,0,0
tokyo_site_50aad98ebff3,南郷変電所,tokyo,w733859112,none,1,0,0,0,0,0,0,0,0,0,0,,,no_observed,0,0,0,0,0,0,0
tokyo_site_50c10051f8e6,恩田変電所,tokyo,w465388292,conductors_only,1,1,0,0,0,0,0,0,0,0,0,,,no_observed,0,1,1,2,0,0,0
tokyo_site_50df81d9dff3,下野毛変電所,tokyo,w90833911,none,1,0,0,0,0,0,0,0,0,0,0,,,no_observed,0,0,2,0,0,0,0
tokyo_site_50eeb77863e5,白銀町三丁目変電所,tokyo,w642035210,lines_only,1,0,0,1,0,0,0,0,0,0,0,,,no_observed,0,2,10,0,0,0,0
tokyo_site_5113f40c1d38,新松戸変電所,tokyo,w579765344,none,2,0,0,0,0,0,0,0,1,0,0,66/1,,no_observed,0,0,9,0,0,0,0
tokyo_site_5161a5719941,ATJ栃木開発センター変電所,tokyo,w1072866020,lines_only,1,1,0,1,0,0,0,0,0,0,0,,,no_observed,0,2,20,0,2,0,0
tokyo_site_516c333c9ffc,京換 39号,tokyo,w808479776,none,1,0,0,0,0,0,0,0,0,0,0,,,no_observed,0,0,4,0,0,0,0
tokyo_site_517fff11d0d3,小川変電所,tokyo,w1131365097,conductors_only,2,1,0,1,0,0,0,0,1,0,0,66/1,,no_observed,0,5,3,1,0,0,0
tokyo_site_518603ba3c10,内匠変電所,tokyo,w1144604916,conductors_only,2,1,0,2,0,0,3,0,1,0,0,154/66,,no_observed,3,2,7,1,0,0,0
tokyo_site_51949cf63277,城藤沢変電所,tokyo,w288244929,lines_only,1,1,0,0,0,0,0,0,0,0,0,,,no_observed,0,1,0,0,1,0,0
tokyo_site_51f1283b389d,久喜市変電所,tokyo,w776881511,conductors_only,2,1,0,1,0,0,0,0,1,0,0,154/66,,no_observed,0,2,12,1,0,0,0
tokyo_site_52051feb854c,長坂二丁目変電所_5,tokyo,w570460264,none,1,0,0,0,0,0,0,0,0,0,0,,,no_observed,0,0,5,0,0,0,0
tokyo_site_5215f33fd562,大谷変電所,tokyo,w36878281,lines_only,1,1,0,0,0,0,0,0,0,0,0,,,no_observed,0,1,6,0,1,0,0
tokyo_site_52985d521ca0,西富山変電所,tokyo,w1138182117,conductors_only,1,1,0,1,0,0,0,0,0,0,0,,,no_observed,0,2,10,3,0,0,0
tokyo_site_52a72f8f6d1b,羽田変電所,tokyo,w155288114,none,1,0,0,0,0,0,0,0,0,0,0,,,no_observed,0,0,0,0,0,0,0
tokyo_site_52b02e1a6dd2,大砂変電所,tokyo,w1074397766,conductors_only,1,1,0,1,0,0,0,0,0,0,0,,,no_observed,0,5,0,1,0,0,0
tokyo_site_52b569ac38aa,新富士変電所,tokyo,w150065045,partial,5,5,4,2,10,14,4,16,4,5,4,500/275;275/154;154/66;66/6,500/275,partial,5,20,16,5,5,0,4
tokyo_site_52cd9ce471e6,美浜変電所,tokyo,w152452627,conductors_only,1,1,0,1,0,0,0,0,0,0,0,,,no_observed,0,2,4,2,0,0,0
tokyo_site_531ef4e09b92,籠原変電所,tokyo,w1201405776,lines_only,2,2,0,0,0,0,0,0,1,0,0,66/1,,no_observed,0,2,1,0,1,0,0
tokyo_site_532203cb4b98,平石変電所,tokyo,w1061313728,lines_only,1,1,0,0,0,0,0,0,0,0,0,,,no_observed,0,0,0,0,0,0,2
tokyo_site_536146c8ccd9,芳賀変電所,tokyo,w1072865076,none,1,0,0,0,0,0,0,0,0,0,0,,,no_observed,0,0,22,0,0,0,0
tokyo_site_5367b9ea1a02,新湯沢変電所,tokyo,w1227550931,lines_only,1,1,0,1,0,0,0,0,0,0,0,,,no_observed,0,2,3,0,2,0,0
tokyo_site_537025255b29,池袋変電所,tokyo,w1295370254,none,2,0,0,0,0,0,0,0,1,0,0,66/1,,no_observed,0,0,0,0,0,0,0
tokyo_site_53e6e13e90a6,東邦亜鉛藤岡事業所 変電所,tokyo,w519907816,lines_only,1,1,0,0,0,0,0,0,0,0,0,,,no_observed,0,1,2,0,1,0,0
tokyo_site_53f1711ffa70,星の宮変電所,tokyo,w317729632,layout_only,1,1,0,0,0,0,0,1,0,0,0,,,no_observed,0,1,6,1,0,0,0
tokyo_site_54136fbaaf09,長砂変電所,tokyo,w1077895344,lines_only,1,1,0,0,0,0,0,0,0,0,0,,,no_observed,0,1,0,0,1,0,0
tokyo_site_541432fcbc1b,矢切変電所,tokyo,w154832621,conductors_only,1,1,0,1,0,0,0,0,0,0,0,,,no_observed,0,2,5,1,0,0,0
tokyo_site_541675fdce2b,市の坪変電所,tokyo,w1383255874,none,2,0,0,0,0,0,0,0,1,0,0,66/1,,no_observed,0,0,0,0,0,0,0
tokyo_site_545cdefeae76,駒橋変電所,tokyo,w1081201241,conductors_only,1,1,0,1,0,0,0,0,0,0,0,,,no_observed,0,4,7,0,2,0,0
tokyo_site_54820a200923,富士川第一変電所,tokyo,w619153668,lines_only,0,0,0,1,0,0,0,0,0,0,0,,,no_observed,0,2,1,0,0,0,0
tokyo_site_548638f67520,福田変電所,tokyo,w211356840,conductors_only,1,1,0,1,0,0,0,0,0,0,0,,,no_observed,0,5,10,1,0,0,0
tokyo_site_54a8005bac61,阿字ケ浦町変電所,tokyo,w132796181,lines_only,1,1,0,1,0,0,0,0,0,0,0,,,no_observed,0,2,4,0,2,0,0
tokyo_site_54adc6dcc088,戸塚変電所,tokyo,w48808480,conductors_only,2,2,0,3,0,0,0,0,1,0,0,154/66,,no_observed,0,40,20,7,9,0,4
tokyo_site_54c7055ab8c1,梅島受電所,tokyo,w1144583027,none,2,0,0,0,0,0,0,0,1,0,0,66/22,,no_observed,0,0,0,0,0,0,0
tokyo_site_54c940115f45,道地変電所,tokyo,w195278833,none,0,0,0,0,0,0,0,0,0,0,0,,,no_observed,0,0,0,0,0,0,0
tokyo_site_54cb4ae954c9,茜浜三丁目変電所,tokyo,w171007386,lines_only,1,1,0,1,0,0,0,0,0,0,0,,,no_observed,0,2,4,0,2,0,0
tokyo_site_54d189344056,由木変電所,tokyo,w1148873451,partial,1,2,0,1,0,0,0,3,0,3,3,,66/6,contradicts,0,8,0,2,0,0,0
tokyo_site_54f636216917,茂原変電所,tokyo,w251713845,conductors_only,2,1,0,1,0,0,0,0,1,0,0,66/1,,no_observed,0,2,3,1,0,0,0
tokyo_site_554002541f89,蕃昌変電所,tokyo,w199261537,partial,1,1,0,1,0,0,0,0,0,2,0,,,no_observed,0,2,12,1,0,0,0
tokyo_site_554a5307112f,村山変電所,tokyo,w130285004,none,2,0,0,0,0,0,0,0,1,0,0,154/66,,no_observed,0,0,7,0,0,0,0
tokyo_site_555258a0ad34,高瀬分岐所,tokyo,w390609968,none,1,0,0,0,0,0,0,0,0,0,0,,,no_observed,0,0,2,0,0,0,0
tokyo_site_556873bcf1b9,太陽光発電所変電設備,tokyo,w1132126320,lines_only,1,1,0,1,0,0,0,0,0,0,0,,,no_observed,0,2,2,0,2,0,0
tokyo_site_55abbbb6768e,うずら変電所,tokyo,w1065989093,lines_only,1,1,0,1,0,0,0,0,0,0,0,,,no_observed,0,2,3,0,2,0,0
tokyo_site_55b0194f8623,東太田変電所,tokyo,w202714075,conductors_only,2,2,0,2,0,0,0,0,1,0,0,154/66,,no_observed,0,26,2,4,1,0,0
tokyo_site_55c36113fc4c,ＪＲ新熊谷変電所,tokyo,w394476791,lines_only,1,1,0,1,0,0,0,0,0,0,0,,,no_observed,0,2,2,0,2,0,0
tokyo_site_55c8a6c8aedc,南泉変電所,tokyo,w106293816,lines_only,1,2,0,0,0,0,0,0,0,0,0,,,no_observed,0,0,0,0,0,0,4
tokyo_site_55cdd531da47,JR東日本 南千住変電所,tokyo,w193267472,none,0,0,0,0,0,0,0,0,0,0,0,,,no_observed,0,0,0,0,0,0,0
tokyo_site_56317617c57c,港北変電所,tokyo,w119180604,conductors_only,2,2,0,2,0,0,0,0,1,0,0,275/154,,no_observed,0,22,11,3,3,0,0
tokyo_site_566d9fe4c3cc,鴨宮変電所,tokyo,w190013208,conductors_only,3,2,0,1,0,0,0,0,2,0,0,77/66;66/25,,no_observed,0,2,6,1,1,0,0
tokyo_site_5672920d949f,富若変電所,tokyo,w1083960515,conductors_only,1,2,0,1,0,0,0,0,0,0,0,,,no_observed,0,2,2,2,0,0,2
tokyo_site_567a47198a6c,高師変電所,tokyo,w1132125524,lines_only,1,1,0,1,0,0,0,0,0,0,0,,,no_observed,0,2,0,0,0,2,0
tokyo_site_568e81de4808,市原変電所,tokyo,w315461260,conductors_only,1,1,0,1,0,0,0,0,0,0,0,,,no_observed,0,17,15,3,1,2,2
tokyo_site_5691a1ddc5a0,磯辺五丁目変電所,tokyo,w194471658,none,0,0,0,0,0,0,0,0,0,0,0,,,no_observed,0,0,0,0,0,0,0
tokyo_site_56ecbd0eed3a,創価大学変電所,tokyo,w889040222,partial,1,1,0,0,0,0,0,2,0,1,0,,,no_observed,0,1,1,4,1,0,0
tokyo_site_5755e370b0fd,鰐川変電所_2,tokyo,w340644811,layout_only,2,1,0,1,0,0,0,0,1,2,0,275/66,,no_observed,0,2,10,0,2,0,4
tokyo_site_5769f95dff57,城山変電所,tokyo,w737281000,lines_only,1,1,0,1,0,0,0,0,0,0,0,,,no_observed,0,2,3,0,2,0,0
tokyo_site_576c9e4afb77,児玉町蛭川変電所,tokyo,w707559460,lines_only,1,0,0,0,0,0,0,0,0,0,0,,,no_observed,0,1,2,0,0,0,0
tokyo_site_57cd9601c834,大畑変電所,tokyo,w761506897,none,2,0,0,0,0,0,0,0,1,0,0,154/66,,no_observed,0,1,4,0,0,0,0
tokyo_site_583249ca354d,北辺田変電所,tokyo,w1081985162,conductors_only,1,1,0,1,0,0,0,0,0,0,0,,,no_observed,0,2,2,2,0,0,0
tokyo_site_583257462643,多磨変電所,tokyo,w112984137,lines_only,2,1,0,0,0,0,0,0,1,0,0,66/1,,no_observed,0,0,0,0,0,0,2
tokyo_site_58604787d3ea,小田原変電所,tokyo,w373755471,conductors_only,1,1,1,0,1,2,0,0,0,0,0,,,no_observed,1,0,0,1,0,0,0
tokyo_site_586770a23451,いわき市変電所,tokyo,w643330912,none,0,0,0,0,0,0,0,0,0,0,0,,,no_observed,0,0,3,0,0,0,0
tokyo_site_5898848c2bb0,稲荷町変電所,tokyo,w690387954,none,1,0,0,0,0,0,0,0,0,0,0,,,no_observed,0,0,1,0,0,0,0
tokyo_site_58c39cc94231,香取変電所,tokyo,w160556770,conductors_only,1,1,0,1,0,0,0,0,0,0,0,,,no_observed,0,2,3,1,0,0,0
tokyo_site_58c9a1f70cfd,梁川変電所,tokyo,w1078949390,lines_only,1,1,0,0,0,0,0,0,0,0,0,,,no_observed,0,1,0,0,1,0,0
tokyo_site_59045b46b21d,玉淀発電所 変電設備,tokyo,w1131311539,conductors_only,1,1,0,1,0,0,0,0,0,0,0,,,no_observed,0,2,3,1,0,0,0
tokyo_site_594070a340e8,大塚変電所,tokyo,w54950071,conductors_only,1,1,0,1,0,0,0,0,0,0,0,,,no_observed,0,5,5,4,0,0,0
tokyo_site_59436428d623,東京電力 岡田変電所,tokyo,w1155858370,none,0,0,0,0,0,0,0,0,0,0,0,,,no_observed,0,0,4,0,0,0,0
tokyo_site_5973e60c2e7b,安良里変電所,tokyo,w409537787,lines_only,1,1,0,0,0,0,0,0,0,0,0,,,no_observed,0,1,0,0,1,0,0
tokyo_site_597625390706,大正寺町変電所,tokyo,w699033870,conductors_only,1,0,0,1,0,0,0,0,0,0,0,,,no_observed,0,2,16,0,0,0,0
tokyo_site_5983d526f820,岩間変電所,tokyo,w1074726093,conductors_only,1,1,0,1,0,0,0,0,0,0,0,,,no_observed,0,2,13,2,0,0,0
tokyo_site_598a608f0d9e,清滝新細尾町変電所,tokyo,w1305309704,lines_only,2,0,0,0,0,0,0,0,1,0,0,66/11,,no_observed,0,0,16,0,0,0,0
tokyo_site_59a6aa4d626d,南守谷変電所,tokyo,w1077605580,lines_only,1,1,0,0,0,0,0,0,0,0,0,,,no_observed,0,1,2,0,1,0,0
tokyo_site_59ba2e6f579f,西武高麗変電所,tokyo,w592731894,conductors_only,1,1,0,1,0,0,0,0,0,0,0,,,no_observed,0,2,4,1,0,0,0
tokyo_site_59ef0c4feea0,大瀬変電所,tokyo,w195071845,lines_only,1,1,0,0,0,0,0,0,0,0,0,,,no_observed,0,0,1,0,0,0,2
tokyo_site_5a3a525ec4f2,勝沼変電所,tokyo,w72234654,lines_only,1,1,0,0,0,0,0,0,0,0,0,,,no_observed,0,1,3,0,1,0,0
tokyo_site_5a6792c8a210,福岡変電所,tokyo,w1153963000,lines_only,1,1,0,0,0,0,0,0,0,0,0,,,no_observed,0,0,0,0,0,0,2
tokyo_site_5a8e726d09a7,倉賀野変電所,tokyo,w639390634,conductors_only,1,1,0,1,0,0,0,0,0,0,0,,,no_observed,0,2,7,1,0,0,0
tokyo_site_5aaa59ce45af,高島平変電所,tokyo,w1149818938,lines_only,1,1,0,0,0,0,0,0,0,0,0,,,no_observed,0,1,0,0,1,0,0
tokyo_site_5acc344c4da6,小倉山下変電所_2,tokyo,w958329064,lines_only,1,1,0,1,0,0,0,0,0,0,0,,,no_observed,0,2,10,0,2,0,0
tokyo_site_5adf3e64b281,太田緑町変電所,tokyo,w723617450,lines_only,1,1,0,0,0,0,0,0,0,0,0,,,no_observed,0,1,0,0,1,0,0
tokyo_site_5ae423cf602d,植田変電所,tokyo,w106569571,layout_only,2,2,0,1,0,0,0,0,1,2,2,66/6,66/6,same,0,4,8,0,4,0,0
tokyo_site_5b1e326dafc0,運河変電所,tokyo,w1141927431,lines_only,1,1,0,1,0,0,0,0,0,0,0,,,no_observed,0,2,1,0,0,2,0
tokyo_site_5b41c4a52394,矢板変電所,tokyo,w1067445390,lines_only,1,1,0,0,0,0,0,0,0,0,0,,,no_observed,0,1,3,0,1,0,0
tokyo_site_5b8b60d15259,土肥六丁目変電所,tokyo,w376389911,lines_only,1,1,0,0,0,0,0,0,0,0,0,,,no_observed,0,1,7,0,1,0,0
tokyo_site_5c001840c5d9,一宮変電所,tokyo,w172189556,conductors_only,1,1,0,1,0,0,0,0,0,0,0,,,no_observed,0,2,4,1,0,0,0
tokyo_site_5c12bac6fb72,南結城変電所,tokyo,w1065385353,conductors_only,1,1,0,2,0,0,0,0,0,0,0,,,no_observed,0,6,5,0,1,3,0
tokyo_site_5c16b0d410a5,特別高圧変電所,tokyo,n12936142755,none,0,0,0,0,0,0,0,0,0,0,0,,,no_observed,0,0,0,0,0,0,0
tokyo_site_5c39ad126f29,鎌倉変電所,tokyo,w200143945,partial,2,2,1,0,1,1,3,0,1,3,3,66/6,66/6,same,2,3,3,1,0,0,0
tokyo_site_5c49471c9a97,上一色三丁目変電所,tokyo,w314724140,none,0,0,0,0,0,0,0,0,0,0,0,,,no_observed,0,0,0,0,0,0,0
tokyo_site_5c5ed3ed19f1,北野変電所,tokyo,w1378897426,partial,1,1,0,2,0,0,0,3,0,3,0,,,no_observed,0,14,1,0,0,0,2
tokyo_site_5c875b4bcc9d,草加変電所,tokyo,w1486130370,none,2,0,0,0,0,0,0,0,1,0,0,66/1,,no_observed,0,0,4,0,0,0,0
tokyo_site_5c8d497ed2ff,平変電所,tokyo,w658988167,partial,3,3,2,0,2,29,10,0,2,6,6,154/66;66/6,154/66;66/6,same,18,0,30,12,0,0,0
tokyo_site_5c944e1bbe42,久慈町一丁目変電所,tokyo,w642014343,conductors_only,1,1,0,1,0,0,0,0,0,0,0,,,no_observed,0,2,3,1,0,0,0
tokyo_site_5ce034f666af,坂田変電所,tokyo,w1079913857,conductors_only,1,1,0,1,0,0,0,0,0,0,0,,,no_observed,0,2,3,1,0,0,0
tokyo_site_5d8c6eaded94,豊富町変電所_2,tokyo,w891706479,none,1,0,0,0,0,0,0,0,0,0,0,,,no_observed,0,0,2,0,0,0,0
tokyo_site_5d9f0887e983,金井変電所,tokyo,w192765659,lines_only,2,2,0,2,0,0,0,0,1,0,0,154/66,,no_observed,0,13,15,0,13,0,0
tokyo_site_5da8d6658ca4,東京電力 長谷変電所,tokyo,w41912969,lines_only,2,2,0,0,0,0,0,0,1,0,0,154/66,,no_observed,0,2,7,0,2,0,0
tokyo_site_5e063d6d2f77,新所沢変電所,tokyo,w133641619,partial,2,2,8,0,4,46,52,48,1,17,13,500/275,500/275,same,16,20,3,8,0,0,6
tokyo_site_5e228972cd68,神立変電所,tokyo,w1152801713,conductors_only,1,1,0,1,0,0,0,0,0,0,0,,,no_observed,0,6,0,2,0,0,0
tokyo_site_5e3ca4fe59a3,内ケ島変電所,tokyo,w1079913853,conductors_only,1,1,0,1,0,0,0,0,0,0,0,,,no_observed,0,2,2,2,0,0,0
tokyo_site_5e7d8868c41d,芳賀変電所,tokyo,w104527983,partial,2,2,0,3,0,0,0,0,1,3,0,154/66,,no_observed,0,16,9,2,5,0,0
tokyo_site_5e9310bf23f3,,tokyo,w1494189543,layout_only,1,1,0,0,0,0,0,0,0,1,0,,,no_observed,0,1,0,0,1,0,0
tokyo_site_5ec7c9be7d62,衣笠変電所,tokyo,w328082372,lines_only,2,2,0,0,0,0,0,0,1,0,0,66/6,,no_observed,0,1,2,0,1,0,0
tokyo_site_5ed942e7a22c,鉢形変電所,tokyo,w1131402311,none,2,0,0,0,0,0,0,0,1,0,0,66/1,,no_observed,0,0,0,0,0,0,0
tokyo_site_5eed816c3dfa,江曽島変電所,tokyo,w1065747573,none,1,0,0,0,0,0,0,0,0,0,0,,,no_observed,0,0,2,0,0,0,0
tokyo_site_5ef40696eef2,経堂変電所,tokyo,w174130518,none,0,0,0,0,0,0,0,0,0,0,0,,,no_observed,0,0,0,0,0,0,0
tokyo_site_5f1221d89bc6,奈良本変電所,tokyo,w409553032,none,1,0,0,0,0,0,0,0,0,0,0,,,no_observed,0,0,4,0,0,0,0
tokyo_site_5f33c9163571,小平変電所,tokyo,w136718649,lines_only,1,1,0,0,0,0,0,0,0,0,0,,,no_observed,0,1,2,0,1,0,0
tokyo_site_5f488fd628f3,赤塚変電所,tokyo,w587799352,conductors_only,2,2,0,1,0,0,0,0,1,0,0,66/6,,no_observed,0,2,4,1,0,0,0
tokyo_site_5f64b18f7e4f,慈恩寺変電所,tokyo,w194483269,lines_only,1,1,0,1,0,0,0,0,0,0,0,,,no_observed,0,2,2,0,2,0,0
tokyo_site_5f894032ab59,郷原変電所,tokyo,w192436953,lines_only,1,1,0,0,0,0,0,0,0,0,0,,,no_observed,0,1,1,0,1,0,0
tokyo_site_5f8fa569f503,三戸変電所,tokyo,w1443091365,layout_only,2,2,0,0,0,0,0,0,1,2,2,66/1,66/1,same,0,0,0,0,0,0,2
tokyo_site_5f91858bb458,布田変電所,tokyo,w181092991,none,1,0,0,0,0,0,0,0,0,0,0,,,no_observed,0,0,4,0,0,0,0
tokyo_site_5f947fb46a75,湯津上変電所,tokyo,w1070225892,conductors_only,1,1,0,1,0,0,0,0,0,0,0,,,no_observed,0,2,2,2,0,0,0
tokyo_site_5fe571afcda0,東毛変電所,tokyo,w202714092,partial,4,3,2,1,2,8,2,0,3,5,5,500/275;275/154;154/66,275/66,contradicts,4,43,7,7,1,0,0
tokyo_site_60238f964b9f,寒川変電所,tokyo,w1275479246,none,3,0,0,0,0,0,0,0,2,0,0,66/22;22/6,,no_observed,0,0,2,0,0,0,0
tokyo_site_603a6dfbdcb2,橘変電所,tokyo,w1081974075,conductors_only,2,1,0,1,0,0,0,0,1,0,0,66/1,,no_observed,0,2,2,2,0,0,0
tokyo_site_60da2451dff9,相武台変電所,tokyo,w44420550,none,0,0,0,0,0,0,0,0,0,0,0,,,no_observed,0,0,0,0,0,0,0
tokyo_site_6110261617dd,富岡変電所,tokyo,w197900724,lines_only,2,1,0,0,0,0,0,0,1,0,0,154/22,,no_observed,0,1,6,0,1,0,0
tokyo_site_61373c0307e3,塚田変電所,tokyo,w1136884827,conductors_only,3,1,0,1,0,0,0,0,2,0,0,154/66;66/1,,no_observed,0,5,7,1,0,0,0
tokyo_site_6169d026f5db,磯子変電所,tokyo,w312587917,none,0,0,0,0,0,0,0,0,0,0,0,,,no_observed,0,0,0,0,0,0,0
tokyo_site_618bcaeaa8fe,葛原変電所,tokyo,w641216310,none,1,0,0,0,0,0,0,0,0,0,0,,,no_observed,0,0,6,0,0,0,0
tokyo_site_61ff4f42b000,富津変電所,tokyo,w1133025558,none,2,0,0,0,0,0,0,0,1,0,0,500/66,,no_observed,0,0,8,0,0,0,0
tokyo_site_622c9d2544df,長野原町変電所,tokyo,w604059015,none,1,0,0,0,0,0,0,0,0,0,0,,,no_observed,0,0,2,0,0,0,0
tokyo_site_624ac1817c79,下栗変電所,tokyo,w519412890,conductors_only,1,1,0,1,0,0,1,0,0,0,0,,,no_observed,1,1,1,1,1,0,2
tokyo_site_6278fec1d48c,羽田空港二丁目変電所,tokyo,w155288120,none,0,0,0,0,0,0,0,0,0,0,0,,,no_observed,0,0,0,0,0,0,0
tokyo_site_62820a8f6336,上郷変電所,tokyo,w106655150,conductors_only,1,1,0,1,0,0,0,0,0,0,0,,,no_observed,0,4,8,2,0,0,0
tokyo_site_628ea4495949,高幡不動変電所,tokyo,w138980621,none,0,0,0,0,0,0,0,0,0,0,0,,,no_observed,0,0,0,0,0,0,0
tokyo_site_62e46db95496,三咲三丁目変電所,tokyo,w891706481,none,0,0,0,0,0,0,0,0,0,0,0,,,no_observed,0,0,0,0,0,0,0
tokyo_site_63c27c883292,栗谷一丁目変電所,tokyo,w86848876,lines_only,1,1,0,1,0,0,0,0,0,0,0,,,no_observed,0,2,2,0,0,2,0
tokyo_site_6408afd3bfe4,曲輪町変電所,tokyo,w1083364836,lines_only,1,1,0,0,0,0,0,0,0,0,0,,,no_observed,0,1,0,0,1,0,0
tokyo_site_64338ea28327,鹿沼変電所,tokyo,w1067053241,conductors_only,1,1,0,1,0,0,0,0,0,0,0,,,no_observed,0,2,4,1,0,0,0
tokyo_site_6435c325aeee,金沢変電所,tokyo,w258892597,conductors_only,2,2,0,1,0,0,0,0,1,0,0,66/6,,no_observed,0,2,4,1,0,0,0
tokyo_site_6451bda5e3a2,東松戸変電所,tokyo,w1137518885,conductors_only,1,1,0,1,0,0,0,0,0,0,0,,,no_observed,0,5,3,1,0,0,0
tokyo_site_6490d84d0640,中台変電所,tokyo,w1150073854,none,1,0,0,0,0,0,0,0,0,0,0,,,no_observed,0,0,0,0,0,0,0
tokyo_site_64a0eddacf97,浜崎三丁目変電所,tokyo,w1061601957,lines_only,1,1,0,1,0,0,0,0,0,0,0,,,no_observed,0,2,6,0,2,0,0
tokyo_site_64a933cce6e6,保土ヶ谷変電所,tokyo,w1157129544,none,1,0,0,0,0,0,0,0,0,0,0,,,no_observed,0,0,1,0,0,0,0
tokyo_site_64b80e265852,浅間町変電所,tokyo,w117200611,partial,2,3,0,0,0,0,0,1,1,1,1,66/6,,no_observed,0,0,0,3,0,0,4
tokyo_site_64fa6cb2d3af,葛野川発電所屋外開閉設備,tokyo,w341208725,lines_only,3,1,0,1,0,0,0,0,2,0,0,500/66;66/6,,no_observed,0,2,6,0,2,0,0
tokyo_site_65215624a816,真岡市変電所,tokyo,w1148719763,conductors_only,1,1,0,1,0,0,0,0,0,0,0,,,no_observed,0,2,8,1,0,0,0
tokyo_site_655b63b936f7,新渋川変電所,tokyo,w266349347,lines_only,2,2,0,0,0,0,0,0,1,0,0,275/25,,no_observed,0,1,0,0,1,0,0
tokyo_site_655c73ab9032,波崎変電所,tokyo,w642975701,conductors_only,1,1,0,1,0,0,0,0,0,0,0,,,no_observed,0,5,10,1,0,0,0
tokyo_site_656b125ecd9e,佐倉変電所,tokyo,w1083092013,lines_only,1,1,0,0,0,0,0,0,0,0,0,,,no_observed,0,1,4,0,1,0,0
tokyo_site_65ad445ab080,飯沼川変電所,tokyo,w340364316,lines_only,1,1,0,1,0,0,0,0,0,0,0,,,no_observed,0,2,8,0,2,0,0
tokyo_site_65b4b1052bc0,清水区変電所_2,tokyo,w618344864,none,0,0,0,0,0,0,0,0,0,0,0,,,no_observed,0,0,0,0,0,0,0
tokyo_site_65fa0996398e,JR小作変電所,tokyo,w169332855,partial,2,2,1,0,1,1,4,4,1,5,2,66/1,66/1,same,2,0,14,13,0,3,0
tokyo_site_6624c789df50,羽刈町変電所,tokyo,w769513982,conductors_only,1,1,0,1,0,0,0,0,0,0,0,,,no_observed,0,2,4,1,0,0,0
tokyo_site_666e39759482,鬼怒川変電所,tokyo,w519763177,none,3,0,0,0,0,0,0,0,2,0,0,154/66;66/6,,no_observed,0,0,5,0,0,0,0
tokyo_site_667086717435,高部変電所,tokyo,w544116520,none,0,0,0,0,0,0,0,0,0,0,0,,,no_observed,0,0,0,0,0,0,0
tokyo_site_66888d6cb403,雀宮変電所,tokyo,w1065410183,lines_only,1,1,0,1,0,0,0,0,0,0,0,,,no_observed,0,2,3,0,0,0,0
tokyo_site_668b6e2c83cf,川西変電所,tokyo,w133354470,lines_only,1,1,0,0,0,0,0,0,0,0,0,,,no_observed,0,0,1,0,0,0,2
tokyo_site_6696a8dc3d16,下石上変電所,tokyo,w1226667700,lines_only,1,1,0,1,0,0,0,0,0,0,0,,,no_observed,0,2,6,0,2,0,0
tokyo_site_66b7b8168d6c,八王子変電所,tokyo,w889340047,lines_only,1,1,0,1,0,0,0,0,0,0,0,,,no_observed,0,2,4,0,2,0,0
tokyo_site_66bff5535ef7,武蔵野変電所,tokyo,w106101635,conductors_only,2,2,0,2,0,0,0,0,1,0,0,154/66,,no_observed,0,21,10,2,3,0,2
tokyo_site_66c4edf62670,宇佐美変電所,tokyo,w409754435,lines_only,1,1,0,0,0,0,0,0,0,0,0,,,no_observed,0,1,0,0,1,0,0
tokyo_site_6700a77d22e3,鶴川変電所,tokyo,w49175357,partial,1,2,0,1,0,0,0,4,0,3,3,,66/6,contradicts,0,10,3,1,0,0,0
tokyo_site_6704efc4afca,富浜変電所,tokyo,w1081195850,lines_only,1,1,0,0,0,0,0,0,0,0,0,,,no_observed,0,1,1,0,1,0,0
tokyo_site_67160a83159a,東内幸町変電所,tokyo,w1078944856,none,1,0,0,0,0,0,0,0,0,0,0,,,no_observed,0,0,0,0,0,0,0
tokyo_site_676de42efd02,西横手町変電所,tokyo,w643144300,conductors_only,1,1,0,1,0,0,0,0,0,0,0,,,no_observed,0,2,7,1,0,0,0
tokyo_site_67bb6287ad67,下小代変電所,tokyo,w1067057548,conductors_only,1,1,0,0,0,0,0,0,0,0,0,,,no_observed,0,1,2,1,0,0,0
tokyo_site_67e65a99a790,大谷口変電所,tokyo,w998702309,conductors_only,1,1,0,1,0,0,0,0,0,0,0,,,no_observed,0,2,3,2,0,0,0
tokyo_site_67ed5586ac01,岡部交流変電所,tokyo,w315434352,conductors_only,2,1,0,1,0,0,0,0,1,0,0,154/66,,no_observed,0,7,15,1,2,0,0
tokyo_site_67f12b4b5186,大字小谷田変電所,tokyo,w232309414,none,1,0,0,0,0,0,0,0,0,0,0,,,no_observed,0,0,0,0,0,0,0
tokyo_site_67fec8c894aa,熊谷変電所,tokyo,w884218396,conductors_only,2,2,0,1,0,0,0,0,1,0,0,66/6,,no_observed,0,2,3,1,0,0,0
tokyo_site_6843b5827089,上大島変電所,tokyo,w765992243,lines_only,1,1,0,1,0,0,0,0,0,0,0,,,no_observed,0,2,7,0,2,0,0
tokyo_site_6868403b8380,横曽根変電所,tokyo,w1150062560,none,1,0,0,0,0,0,0,0,0,0,0,,,no_observed,0,0,0,0,0,0,0
tokyo_site_688aff529415,水口町二丁目変電所,tokyo,w640531388,conductors_only,1,1,0,0,0,0,1,0,0,0,0,,,no_observed,1,0,5,1,0,0,0
tokyo_site_68a28f8be0ac,沼津市変電所,tokyo,w208107894,lines_only,1,1,0,1,0,0,0,0,0,0,0,,,no_observed,0,2,0,0,2,0,0
tokyo_site_68a33bd36902,城東一丁目変電所,tokyo,w589243706,lines_only,1,1,0,0,0,0,0,0,0,0,0,,,no_observed,0,1,0,0,1,0,0
tokyo_site_68f30aad9631,小茂根変電所,tokyo,w1150074856,none,1,0,0,0,0,0,0,0,0,0,0,,,no_observed,0,0,0,0,0,0,0
tokyo_site_69567a90c008,東京電力パワーグリッド北大宮変電所,tokyo,w191706430,none,0,0,0,0,0,0,0,0,0,0,0,,,no_observed,0,0,0,0,0,0,0
tokyo_site_696dd17cdc0c,高座変電所,tokyo,w112466550,lines_only,1,1,0,0,0,0,0,0,0,0,0,,,no_observed,0,1,3,0,1,0,0
tokyo_site_696faa278553,昭島変電所,tokyo,w90286518,conductors_only,1,1,0,1,0,0,2,0,0,0,0,,,no_observed,2,0,0,2,0,0,0
tokyo_site_69990a791c33,馬入変電所,tokyo,w202061330,lines_only,2,2,0,1,0,0,0,0,1,0,0,66/6,,no_observed,0,2,7,0,2,0,0
tokyo_site_699a54a303d3,矢畑変電所,tokyo,w639813477,lines_only,0,0,0,0,0,0,0,0,0,0,0,,,no_observed,0,1,5,0,0,0,0
tokyo_site_699d9bfe04d7,新京成二和変電所,tokyo,w259581694,conductors_only,1,1,0,1,0,0,0,0,0,0,0,,,no_observed,0,2,9,1,0,0,0
tokyo_site_69bd3c82eb9e,小合変電所,tokyo,w1139102959,none,1,0,0,0,0,0,1,0,0,0,0,,,no_observed,1,0,0,0,0,0,0
tokyo_site_69e7ea47f0a8,北小名浜変電所,tokyo,w362156583,conductors_only,2,2,0,1,0,0,0,0,1,0,0,66/6,,no_observed,0,2,3,1,0,0,0
tokyo_site_69f191b750da,桶川変電所,tokyo,w106519699,lines_only,1,1,0,0,0,0,0,0,0,0,0,,,no_observed,0,0,2,0,0,2,0
tokyo_site_6a0dfe256379,笹川変電所,tokyo,w1081975040,conductors_only,1,1,0,1,0,0,0,0,0,0,0,,,no_observed,0,2,4,2,0,0,0
tokyo_site_6a4f77632693,新秩父開閉所,tokyo,w195615141,mapped,1,1,4,0,2,4,11,2,0,0,0,,,no_observed,8,0,15,8,0,0,0
tokyo_site_6aa1d5175b10,府中本町変電所,tokyo,w145126026,none,2,0,0,0,0,0,0,0,1,0,0,66/1,,no_observed,0,0,0,0,0,0,0
tokyo_site_6aaf3bfa3a2f,広沢町二丁目変電所,tokyo,w671753027,none,1,0,0,0,0,0,0,0,0,0,0,,,no_observed,0,0,5,0,0,0,0
tokyo_site_6acfdf21c4df,向陽台四丁目変電所,tokyo,w642204579,lines_only,1,1,0,0,0,0,0,0,0,0,0,,,no_observed,0,1,0,0,1,0,0
tokyo_site_6ad798c84dca,立花二丁目変電所,tokyo,w1317812828,lines_only,1,0,0,0,0,0,0,0,0,0,0,,,no_observed,0,1,2,0,0,0,0
tokyo_site_6b0db9f7c217,諸川変電所,tokyo,w194665494,conductors_only,1,1,0,1,0,0,0,0,0,0,0,,,no_observed,0,5,6,3,0,0,0
tokyo_site_6b1756116438,小松川変電所,tokyo,w147297586,lines_only,2,2,0,1,0,0,0,0,1,0,0,154/66,,no_observed,0,3,1,0,4,0,0
tokyo_site_6b2cdf0662c7,橡久保変電所,tokyo,w520126264,none,2,0,0,0,0,0,0,0,1,0,0,154/66,,no_observed,0,0,2,0,0,0,0
tokyo_site_6b460a5a4214,品沢変電所,tokyo,w1131420214,lines_only,1,1,0,1,0,0,0,0,0,0,0,,,no_observed,0,2,3,0,2,0,0
tokyo_site_6bc34409be2e,鴻巣変電所,tokyo,w195406881,conductors_only,1,1,0,1,0,0,0,0,0,0,0,,,no_observed,0,2,2,2,0,0,0
tokyo_site_6c0bbc2abc64,淀橋変電所,tokyo,w1043322291,none,1,0,0,0,0,0,0,0,0,0,0,,,no_observed,0,0,0,0,0,0,0
tokyo_site_6c1c88e5ef73,ときわ台変電所,tokyo,w1295370251,none,2,0,0,0,0,0,0,0,1,0,0,66/1,,no_observed,0,0,0,0,0,0,0
tokyo_site_6c31d410252c,玉生変電所,tokyo,w1154167445,none,1,0,0,0,0,0,0,0,0,0,0,,,no_observed,0,0,1,0,0,0,0
tokyo_site_6c477f336da2,岩戸変電所,tokyo,w327974999,partial,3,4,0,1,0,0,0,1,2,1,1,66/22;22/6,,no_observed,0,2,11,5,1,2,0
tokyo_site_6c5a3dbc0394,本町一丁目変電所,tokyo,w191762634,lines_only,1,1,0,1,0,0,0,0,0,0,0,,,no_observed,0,3,1,0,0,2,0
tokyo_site_6c64952d0df2,中相模変電所,tokyo,w162844704,conductors_only,2,2,0,2,0,0,0,0,1,0,0,275/66,,no_observed,0,14,7,2,4,0,0
tokyo_site_6c64ad2dfc4d,,tokyo,w1295370269,conductors_only,1,1,0,1,0,0,0,0,0,0,0,,,no_observed,0,13,1,1,0,0,0
tokyo_site_6c70de76d326,西越谷変電所,tokyo,w153521822,lines_only,2,2,0,1,0,0,0,0,1,0,0,275/66,,no_observed,0,3,0,0,3,0,2
tokyo_site_6c81751da94e,仲町台五丁目変電所,tokyo,w1175362215,none,0,0,0,0,0,0,0,0,0,0,0,,,no_observed,0,0,0,0,0,0,0
tokyo_site_6cdcce61f1bd,末広町変電所,tokyo,w81902204,conductors_only,3,3,0,1,0,0,0,0,2,0,0,66/22;22/6,,no_observed,0,6,17,3,0,0,0
tokyo_site_6ce9c312d665,古河市変電所,tokyo,w641985066,lines_only,1,1,0,0,0,0,0,0,0,0,0,,,no_observed,0,0,15,0,0,3,0
tokyo_site_6cf5e6b33bc9,鞍掛変電所,tokyo,w641395120,conductors_only,1,1,0,1,0,0,0,0,0,0,0,,,no_observed,0,6,5,2,0,0,0
tokyo_site_6d120d249501,座間開閉所,tokyo,w44422119,partial,1,1,0,1,0,0,0,1,0,0,0,,,no_observed,0,12,8,2,2,0,0
tokyo_site_6d2b769fda89,相模大野変電所,tokyo,w1389288214,partial,1,2,0,0,0,0,0,1,0,1,1,,66/6,contradicts,0,1,0,3,0,0,0
tokyo_site_6d83de2036fb,庄和変電所,tokyo,w195432041,lines_only,1,1,0,0,0,0,0,0,0,0,0,,,no_observed,0,1,0,0,1,0,0
tokyo_site_6da14bf3bb24,富士市変電所_2,tokyo,w618344857,conductors_only,1,2,0,1,0,0,0,0,0,0,0,,,no_observed,0,7,8,0,2,0,0
tokyo_site_6db64bdadc4b,五料変電所,tokyo,w868675177,lines_only,1,1,0,0,0,0,0,0,0,0,0,,,no_observed,0,1,0,0,1,0,0
tokyo_site_6e47acce353e,東山梨変電所,tokyo,w150035494,conductors_only,2,2,0,2,0,0,0,0,1,0,0,500/154,,no_observed,0,21,15,3,4,0,0
tokyo_site_6e6ec82729e6,NEC府中変電所,tokyo,w708701718,conductors_only,1,1,0,1,0,0,0,0,0,0,0,,,no_observed,0,2,4,1,0,0,0
tokyo_site_6ed4c7022cae,上野原変電所,tokyo,w1220970113,lines_only,1,1,0,0,0,0,0,0,0,0,0,,,no_observed,0,1,0,0,1,0,0
tokyo_site_6f11fda8d6dd,ジャパンディスプレイ茂原工場 変電設備,tokyo,w619268007,lines_only,1,1,0,1,0,0,0,0,0,0,0,,,no_observed,0,2,8,0,2,0,0
tokyo_site_6f172629cf98,烏山変電所,tokyo,w199419195,conductors_only,1,1,0,1,0,0,0,0,0,0,0,,,no_observed,0,2,4,1,0,0,0
tokyo_site_6fe134b593ab,軽井沢東変電所,tokyo,w677519694,none,0,0,0,0,0,0,0,0,0,0,0,,,no_observed,0,0,0,0,0,0,0
tokyo_site_6fe8c330fa85,緑ヶ原一丁目変電所_2,tokyo,w761762887,conductors_only,1,1,0,1,0,0,0,0,0,0,0,,,no_observed,0,2,9,0,1,0,0
tokyo_site_7042591e3371,小倉山下変電所,tokyo,w958329063,lines_only,1,0,0,1,0,0,0,0,0,0,0,,,no_observed,0,2,9,0,0,0,0
tokyo_site_70a4040f2afa,朝霞変電所,tokyo,w1059430805,conductors_only,2,1,0,1,0,0,0,0,1,0,0,66/1,,no_observed,0,5,1,1,0,0,0
tokyo_site_70b446ef920a,助川変電所,tokyo,w1078721500,lines_only,1,1,0,1,0,0,0,0,0,0,0,,,no_observed,0,2,1,0,0,2,0
tokyo_site_710f8cca00d2,西草加変電所,tokyo,w708227257,lines_only,2,1,0,0,0,0,0,0,1,0,0,154/66,,no_observed,0,0,6,0,0,0,2
tokyo_site_7116dcba18c8,新木場変電所,tokyo,w161953805,none,2,0,0,0,0,0,0,0,1,0,0,500/66,,no_observed,0,0,4,0,0,0,0
tokyo_site_7141d6d3f563,江東変電所,tokyo,w191675562,conductors_only,3,3,0,1,0,0,0,0,2,0,0,275/154;154/66,,no_observed,0,7,1,1,3,0,2
tokyo_site_714e9972de08,和泉変電所,tokyo,w1061611073,lines_only,2,2,0,0,0,0,0,0,1,0,0,66/1,,no_observed,0,1,1,0,1,0,0
tokyo_site_715b9ab8b04a,根ケ布変電所,tokyo,w903583917,lines_only,1,1,0,0,0,0,0,0,0,0,0,,,no_observed,0,1,2,0,1,2,0
tokyo_site_716cd98ccea3,葛飾変電所,tokyo,w1136887348,lines_only,2,1,0,0,0,0,0,0,1,0,0,275/66,,no_observed,0,1,6,0,1,0,0
tokyo_site_7172826f9b79,高柳二丁目変電所,tokyo,w1141840262,lines_only,1,1,0,1,0,0,0,0,0,0,0,,,no_observed,0,3,2,0,3,3,0
tokyo_site_718fd83adb55,車返変電所,tokyo,w112604395,conductors_only,1,1,0,0,0,0,0,0,0,0,0,,,no_observed,0,1,4,2,0,0,0
tokyo_site_719fc79c0763,小豆沢変電所,tokyo,w249846127,none,0,0,0,0,0,0,0,0,0,0,0,,,no_observed,0,0,0,0,0,0,0
tokyo_site_71a78376b508,東京電力 根小屋変電所,tokyo,w953212899,lines_only,0,1,0,0,0,0,0,0,0,0,0,,,no_observed,0,0,0,0,0,0,2
tokyo_site_71d50e4184c2,田島変電所,tokyo,w1147841501,none,1,0,0,0,0,0,0,0,0,0,0,,,no_observed,0,0,0,0,0,0,0
tokyo_site_71e4297e959f,大字神鳥谷変電所_2,tokyo,w740115791,none,1,0,0,0,0,0,0,0,0,0,0,,,no_observed,0,0,5,0,0,0,0
tokyo_site_722bd57b0682,常盤台変電所,tokyo,w1149825759,none,2,0,0,0,0,0,0,0,1,0,0,154/66,,no_observed,0,0,0,0,0,0,0
tokyo_site_727c090493c0,長坂二丁目変電所,tokyo,n5484456165,none,1,0,0,0,0,0,0,0,0,0,0,,,no_observed,0,0,5,0,0,0,0
tokyo_site_7293db4c3e2c,蒲原一丁目変電所,tokyo,w618344870,conductors_only,2,2,0,2,0,0,0,0,1,0,0,154/77,,no_observed,0,6,16,1,4,0,0
tokyo_site_729a0fd1a0c5,東葛変電所 (Tōkatsu Hendensho),tokyo,w191072912,conductors_only,2,2,0,2,0,0,0,0,1,0,0,154/66,,no_observed,0,14,37,6,2,0,0
tokyo_site_72f4bb12edcb,北本変電所,tokyo,w1036294211,none,1,0,0,0,0,0,0,0,0,0,0,,,no_observed,0,0,1,0,0,0,0
tokyo_site_73286d8de05b,日産化学工場変電所,tokyo,w886921055,conductors_only,1,1,0,1,0,0,0,0,0,0,0,,,no_observed,0,2,3,1,0,0,0
tokyo_site_73668274a0f4,植田谷変電所,tokyo,w1146865028,lines_only,1,1,0,1,0,0,0,0,0,0,0,,,no_observed,0,2,0,0,0,2,0
tokyo_site_736c4b9e2cb1,向陽台四丁目変電所_2,tokyo,w642204582,lines_only,1,1,0,0,0,0,0,0,0,0,0,,,no_observed,0,1,1,0,1,0,0
tokyo_site_737a87b8db53,佐野川変電所,tokyo,w1377211575,lines_only,0,0,0,0,0,0,0,0,0,0,0,,,no_observed,0,1,0,0,0,0,0
tokyo_site_7385d65cb59a,馬場通変電所,tokyo,n10740574316,none,1,0,0,0,0,0,0,0,0,0,0,,,no_observed,0,0,11,0,0,0,0
tokyo_site_739def911ede,神保町変電所,tokyo,w891706480,none,0,0,0,0,0,0,0,0,0,0,0,,,no_observed,0,0,0,0,0,0,0
tokyo_site_73bc0bdd76ce,生田変電所,tokyo,w44819238,lines_only,1,1,0,0,0,0,0,0,0,0,0,,,no_observed,0,1,3,0,1,0,0
tokyo_site_73d0c87f4274,保木間変電所,tokyo,w1144606055,none,1,0,0,0,0,0,0,0,0,0,0,,,no_observed,0,0,0,0,0,0,0
tokyo_site_73f888b2cc4b,東海変電所,tokyo,w820965744,conductors_only,2,2,0,1,0,0,0,0,1,0,0,66/1,,no_observed,0,2,3,1,0,0,0
tokyo_site_73f91d5f4bad,明神変電所,tokyo,w1081974062,lines_only,1,1,0,0,0,0,0,0,0,0,0,,,no_observed,0,1,0,0,1,0,0
tokyo_site_74228c069be4,北甘変電所,tokyo,w519907777,conductors_only,1,1,0,1,0,0,0,0,0,0,0,,,no_observed,0,2,4,2,0,0,0
tokyo_site_74796dca2ab4,稲沢変電所,tokyo,w1153972181,lines_only,1,1,0,1,0,0,0,0,0,0,0,,,no_observed,0,2,4,0,2,0,0
tokyo_site_74970a2d209d,市川大門,tokyo,w639813553,lines_only,1,1,0,0,0,0,0,0,0,0,0,,,no_observed,0,1,3,0,1,0,0
tokyo_site_74caf4eaf210,多摩変電所,tokyo,w153760214,conductors_only,2,2,1,1,1,1,2,0,1,0,0,275/66,,no_observed,2,9,8,3,1,0,0
tokyo_site_74ec47233f32,玉村変電所,tokyo,w604170814,conductors_only,1,1,0,1,0,0,0,0,0,0,0,,,no_observed,0,6,0,2,0,0,0
tokyo_site_75063c97130c,白井変電所,tokyo,w891360936,conductors_only,1,1,0,1,0,0,0,0,0,0,0,,,no_observed,0,2,5,3,1,0,0
tokyo_site_7524689bd18a,飯土井変電所,tokyo,w949947712,conductors_only,1,1,0,1,0,0,0,0,0,0,0,,,no_observed,0,5,6,1,0,0,0
tokyo_site_7545d0dc985f,茅場町変電所,tokyo,w297866471,none,1,0,0,0,0,0,0,0,0,0,0,,,no_observed,0,0,0,0,0,0,0
tokyo_site_7549dc0ee8b9,矢切変電所,tokyo,w1137518889,lines_only,2,1,0,0,0,0,0,0,1,0,0,154/1,,no_observed,0,1,5,0,1,0,0
tokyo_site_75559e5dd19a,新浜町変電所,tokyo,w704195148,lines_only,1,1,0,0,0,0,0,0,0,0,0,,,no_observed,0,1,1,0,1,0,0
tokyo_site_75621d646eb2,須雲川変電所,tokyo,w409754434,lines_only,1,1,0,0,0,0,0,0,0,0,0,,,no_observed,0,1,3,0,1,0,0
tokyo_site_758f8c02898d,独協大学変電所,tokyo,w1065409130,conductors_only,1,1,0,1,0,0,0,0,0,0,0,,,no_observed,0,2,3,0,1,0,0
tokyo_site_75da69850ae1,新野木変電所,tokyo,w346332886,conductors_only,1,1,0,1,0,0,0,0,0,0,0,,,no_observed,0,2,3,0,1,0,0
tokyo_site_75f7f6d6bdd6,富山変電所,tokyo,w151859984,lines_only,0,0,0,0,0,0,0,0,0,0,0,,,no_observed,0,1,1,0,0,0,0
tokyo_site_761ec18a8e56,原町田変電所,tokyo,w35907491,lines_only,1,1,0,0,0,0,0,0,0,0,0,,,no_observed,0,1,1,0,1,0,0
tokyo_site_7634bffc30df,房総変電所,tokyo,w151379730,partial,4,4,3,2,9,20,8,12,3,6,4,500/275;275/154;154/66,500/275;275/154,partial,9,21,31,9,3,0,2
tokyo_site_767c6fb68251,新野田変電所,tokyo,r13768299,partial,4,3,4,0,2,4,0,0,3,13,4,500/275;275/154;154/66,275/154,partial,23,0,75,7,1,0,2
tokyo_site_771de2ba56b8,岩井変電所,tokyo,w641314376,conductors_only,1,1,0,1,0,0,0,0,0,0,0,,,no_observed,0,6,0,2,0,0,0
tokyo_site_771e5bdc25d5,村上変電所,tokyo,w1135006762,lines_only,2,1,0,0,0,0,0,0,1,0,0,66/1,,no_observed,0,1,1,0,1,0,0
tokyo_site_774659c6871f,久地変電所,tokyo,w47362955,lines_only,2,2,0,0,0,0,0,0,1,0,0,154/66,,no_observed,0,1,5,0,1,0,4
tokyo_site_777de0363f5d,舘橋変電所,tokyo,w1146413896,none,1,0,0,0,0,0,0,0,0,0,0,,,no_observed,0,0,0,0,0,0,0
tokyo_site_778e41266c61,高井戸変電所,tokyo,w37573110,lines_only,2,2,0,1,0,0,0,0,1,0,0,154/66,,no_observed,0,2,0,0,1,2,0
tokyo_site_77a78c8fe3dd,茨城変電所,tokyo,w104720635,partial,2,2,0,2,0,0,1,7,1,0,0,154/66,,no_observed,4,26,25,6,6,0,0
tokyo_site_77dd486c2e29,玉里変電所,tokyo,w1074716744,conductors_only,1,1,0,1,0,0,0,0,0,0,0,,,no_observed,0,2,3,1,0,0,0
tokyo_site_782545330198,小俣変電所,tokyo,w1065997619,lines_only,1,1,0,0,0,0,0,0,0,0,0,,,no_observed,0,1,1,0,1,0,0
tokyo_site_7828d2b2d7e9,中堂変電所,tokyo,n1700866709,none,1,0,0,0,0,0,0,0,0,0,0,,,no_observed,0,1,5,0,0,0,0
tokyo_site_7853452c5be0,乙黒変電所,tokyo,w544323083,lines_only,0,0,0,0,0,0,0,0,0,0,0,,,no_observed,0,1,1,0,0,0,0
tokyo_site_787a80dba48d,橋本変電所,tokyo,w110297009,partial,2,3,0,3,0,0,0,32,1,7,7,154/66,154/66;66/6,contradicts,0,46,33,13,3,3,18
tokyo_site_789346a0d856,水戸変電所,tokyo,w589243708,conductors_only,2,2,0,1,0,0,0,0,1,0,0,66/6,,no_observed,0,10,0,2,0,0,2
tokyo_site_796193b6c340,木野地町変電所,tokyo,w958113413,conductors_only,1,1,0,1,0,0,0,0,0,0,0,,,no_observed,0,2,3,0,1,0,0
tokyo_site_797e4f0f548e,京王電鉄 久我山変電所,tokyo,w40207015,lines_only,1,1,0,0,0,0,0,0,0,0,0,,,no_observed,0,0,2,0,0,2,0
tokyo_site_79936fdccc7a,大野変電所,tokyo,w192235940,partial,2,2,0,1,0,0,0,8,1,3,3,66/6,66/6,same,0,21,2,5,0,0,0
tokyo_site_79955022fcc2,高円寺変電所,tokyo,w1091533733,none,1,0,0,0,0,0,0,0,0,0,0,,,no_observed,0,0,0,0,0,0,0
tokyo_site_79b70c594b92,新里町野変電所,tokyo,w305928087,conductors_only,1,1,0,1,0,0,0,0,0,0,0,,,no_observed,0,2,10,2,0,0,0
tokyo_site_79bbd7aec6a0,若宮一丁目変電所,tokyo,w203378848,lines_only,1,1,0,0,0,0,0,0,0,0,0,,,no_observed,0,1,1,0,1,0,0
tokyo_site_79f490f2b66e,富浦変電所,tokyo,w1132630430,lines_only,1,1,0,0,0,0,0,0,0,0,0,,,no_observed,0,1,2,0,1,0,0
tokyo_site_79fccde67d33,東新小岩七丁目変電所,tokyo,w1144591652,lines_only,1,1,0,1,0,0,0,0,0,0,0,,,no_observed,0,3,3,0,0,11,2
tokyo_site_7a03a8e0d040,上福岡き電区分所,tokyo,w1295397153,none,1,0,0,0,0,0,0,0,0,0,0,,,no_observed,0,0,0,0,0,0,0
tokyo_site_7a1516a00a0e,北東京変電所,tokyo,w133137636,conductors_only,3,2,2,1,1,2,0,0,2,0,0,275/154;154/66,,no_observed,12,21,18,13,3,2,4
tokyo_site_7a1a838fd3e2,船橋変電所,tokyo,w350323453,lines_only,1,1,0,1,0,0,0,0,0,0,0,,,no_observed,0,2,8,0,2,0,0
tokyo_site_7a1cd6719977,茅ヶ崎変電所,tokyo,w164289494,lines_only,3,3,0,1,0,0,0,0,2,0,0,66/22;22/6,,no_observed,0,4,6,0,4,0,0
tokyo_site_7a75afb9c366,日進変電所,tokyo,w1483866258,none,2,0,0,0,0,0,0,0,1,0,0,66/6,,no_observed,0,0,2,0,0,0,0
tokyo_site_7a7f22beca91,入谷西二丁目変電所,tokyo,w726581213,lines_only,1,1,0,0,0,0,0,0,0,0,0,,,no_observed,0,1,0,0,1,0,0
tokyo_site_7a807ee098ae,東山変電所,tokyo,w1155684695,lines_only,1,1,0,0,0,0,0,0,0,0,0,,,no_observed,0,1,0,0,1,0,0
tokyo_site_7a82109fefe0,駒形変電所,tokyo,w861258711,conductors_only,1,1,0,1,0,0,0,0,0,0,0,,,no_observed,0,2,4,2,0,0,0
tokyo_site_7abc0ac81492,東川崎変電所,tokyo,w708227246,conductors_only,1,1,0,1,0,0,0,0,0,0,0,,,no_observed,0,4,0,1,1,0,0
tokyo_site_7ad8175ec093,羽田変電所,tokyo,w820176482,none,0,0,0,0,0,0,0,0,0,0,0,,,no_observed,0,0,0,0,0,0,0
tokyo_site_7ae20731936b,粕川町室沢変電所,tokyo,w796947089,lines_only,1,1,0,0,0,0,0,0,0,0,0,,,no_observed,0,1,4,0,1,0,0
tokyo_site_7b35a4ee9605,一之江変電所,tokyo,w1139076633,conductors_only,2,2,0,0,0,0,0,0,1,0,0,154/66,,no_observed,0,1,3,1,0,2,0
tokyo_site_7b4eb3e27f7e,美女木変電所,tokyo,w1147843989,none,1,0,0,0,0,0,0,0,0,0,0,,,no_observed,0,0,0,0,0,0,0
tokyo_site_7b4ed71b33d8,栗橋変電所,tokyo,w194528833,conductors_only,1,1,0,1,0,0,0,0,0,0,0,,,no_observed,0,6,2,2,0,0,0
tokyo_site_7b729ad563b8,草加栄町1丁目整圧機室,tokyo,n10853227041,none,0,0,0,0,0,0,0,0,0,0,0,,,no_observed,0,0,0,0,0,0,0
tokyo_site_7ba6978a652d,大原変電所,tokyo,w172068339,lines_only,1,1,0,1,0,0,0,0,0,0,0,,,no_observed,0,2,3,0,2,0,0
tokyo_site_7bd2331868c8,長南変電所,tokyo,w1133035745,lines_only,1,1,0,0,0,0,0,0,0,0,0,,,no_observed,0,1,0,0,1,0,0
tokyo_site_7bdd10e4098b,南池袋変電所,tokyo,n10698668596,none,3,0,0,0,0,0,0,0,2,0,0,66/22;22/6,,no_observed,0,0,0,0,0,0,0
tokyo_site_7c11d0d082c9,神谷新町変電所,tokyo,w1389547161,none,1,0,0,0,0,0,0,0,0,0,0,,,no_observed,0,0,1,0,0,0,0
tokyo_site_7c12e59c075d,成田市変電所,tokyo,w519167754,conductors_only,1,1,0,1,0,0,0,0,0,0,0,,,no_observed,0,2,3,1,0,0,0
tokyo_site_7c449ad5fd6d,東川口変電所,tokyo,w1150061691,none,1,0,0,0,0,0,0,0,0,0,0,,,no_observed,0,0,0,0,0,0,0
tokyo_site_7c5a86f63f9c,紙敷変電所,tokyo,w164756929,lines_only,2,1,0,0,0,0,0,0,1,0,0,154/66,,no_observed,0,1,2,0,1,0,0
tokyo_site_7c6228ffd725,佐貫変電所,tokyo,w1003483636,lines_only,1,1,0,0,0,0,0,0,0,0,0,,,no_observed,0,0,3,0,0,0,2
tokyo_site_7c74070ea4ca,音羽変電所,tokyo,w182184247,none,1,0,0,0,0,0,0,0,0,0,0,,,no_observed,0,0,0,0,0,0,0
tokyo_site_7c8958ea9f7a,南小山変電所,tokyo,w1064813298,conductors_only,1,1,0,1,0,0,0,0,0,0,0,,,no_observed,0,5,2,0,1,0,0
tokyo_site_7ccbed5d3d29,西武吾野変電所,tokyo,w891064440,conductors_only,1,1,0,1,0,0,0,0,0,0,0,,,no_observed,0,2,9,2,0,0,0
tokyo_site_7cce23914bf6,上吉田七丁目変電所,tokyo,w1422819089,lines_only,1,1,0,0,0,0,0,0,0,0,0,,,no_observed,0,1,0,0,1,0,0
tokyo_site_7cd6ac5db090,糀谷変電所,tokyo,w732061946,none,1,0,0,0,0,0,0,0,0,0,0,,,no_observed,0,0,0,0,0,0,0
tokyo_site_7ce2bcb8d0cb,東富岡変電所,tokyo,n12422090101,none,0,0,0,0,0,0,0,0,0,0,0,,,no_observed,0,0,1,0,0,0,0
tokyo_site_7d0f9f98f291,新鶴見交流変電所,tokyo,w130703866,conductors_only,3,3,0,2,0,0,1,0,2,0,0,154/66;66/22,,no_observed,1,7,14,2,1,3,0
tokyo_site_7d6a5388acaa,高幡変電所,tokyo,w138720746,lines_only,2,2,0,1,0,0,0,0,1,0,0,66/6,,no_observed,0,2,1,0,1,3,0
tokyo_site_7d6ef30dbef9,栃木変電所,tokyo,w519435395,conductors_only,1,1,0,1,0,0,0,0,0,0,0,,,no_observed,0,2,4,2,0,0,0
tokyo_site_7d9b48ca06c8,水谷東二丁目変電所,tokyo,w1257648673,none,0,0,0,0,0,0,0,0,0,0,0,,,no_observed,0,0,0,0,0,0,0
tokyo_site_7e1105944ec8,清水ケ丘変電所,tokyo,w258450337,none,1,0,0,0,0,0,0,0,0,0,0,,,no_observed,0,0,1,0,0,0,0
tokyo_site_7e2a6ac29626,新田下田中町変電所,tokyo,w708045218,lines_only,1,1,0,0,0,0,0,0,0,0,0,,,no_observed,0,0,5,0,0,3,0
tokyo_site_7e4501849c8c,川口戸塚変電所,tokyo,w195432100,lines_only,1,1,0,0,0,0,0,0,0,0,0,,,no_observed,0,0,0,0,0,0,2
tokyo_site_7e45f7c3d15d,川島変電所,tokyo,w192161244,conductors_only,1,1,0,1,0,0,0,0,0,0,0,,,no_observed,0,2,2,3,1,0,0
tokyo_site_7f36519d70ce,高輪変電所,tokyo,w1078898788,none,1,0,0,0,0,0,0,0,0,0,0,,,no_observed,0,0,0,0,0,0,0
tokyo_site_7f36f9936f1d,池上変電所,tokyo,w222336827,lines_only,1,1,0,0,0,0,0,0,0,0,0,,,no_observed,0,0,4,0,0,2,0
tokyo_site_7f379c69dcbe,片瀬変電所,tokyo,w1443959091,lines_only,2,2,0,0,0,0,0,0,1,0,0,66/6,,no_observed,0,0,2,0,0,3,0
tokyo_site_7f879ac71066,中都町四丁目変電所_2,tokyo,w761506900,none,1,0,0,0,0,0,0,0,0,0,0,,,no_observed,0,0,1,0,0,0,0
tokyo_site_7fafba193f93,平出変電所,tokyo,w199419219,conductors_only,1,1,0,1,0,0,0,0,0,0,0,,,no_observed,0,2,12,2,0,0,2
tokyo_site_7fe32b835d41,,tokyo,w1537793030,conductors_only,1,1,0,1,0,0,0,0,0,0,0,,,no_observed,0,2,6,2,0,0,0
tokyo_site_80467ae8f034,吉岡変電所,tokyo,w1083445980,conductors_only,1,1,0,1,0,0,0,0,0,0,0,,,no_observed,0,2,2,2,0,0,0
tokyo_site_805d6dc0e6c0,軽井沢変電所,tokyo,w1086566676,lines_only,1,1,0,0,0,0,0,0,0,0,0,,,no_observed,0,1,2,0,1,0,0
tokyo_site_80762f89356f,小山変電所_3,tokyo,w1385193879,mapped,1,1,0,1,0,0,0,4,0,2,2,,,no_observed,0,6,3,1,0,0,0
tokyo_site_80bb4c5a4bf7,秋津変電所,tokyo,w1260488098,none,0,0,0,0,0,0,0,0,0,0,0,,,no_observed,0,0,0,0,0,0,0
tokyo_site_80ddad0d2346,京王橋本変電所,tokyo,w114416311,partial,2,1,0,0,0,0,0,2,1,1,0,66/1,,no_observed,0,1,17,4,1,0,0
tokyo_site_80e870b102da,埼玉新都市交通羽貫電気室,tokyo,n9430373694,none,1,0,0,0,0,0,0,0,0,0,0,,,no_observed,0,0,1,0,0,0,0
tokyo_site_8139addc5172,光が丘変電所,tokyo,w794588346,none,0,0,0,0,0,0,0,0,0,0,0,,,no_observed,0,0,0,0,0,0,0
tokyo_site_815d29b48328,蕨変電所,tokyo,w1150072124,none,1,0,0,0,0,0,0,0,0,0,0,,,no_observed,0,0,0,0,0,0,0
tokyo_site_81659134d65b,妻沼変電所,tokyo,w641321749,lines_only,1,1,0,1,0,0,0,0,0,0,0,,,no_observed,0,2,3,0,2,0,0
tokyo_site_817e4f08a163,神崎変電所,tokyo,w143845653,conductors_only,1,1,0,1,0,0,0,0,0,0,0,,,no_observed,0,2,3,1,0,0,0
tokyo_site_8196408d2e77,野方変電所,tokyo,w75900424,lines_only,1,1,0,1,0,0,0,0,0,0,0,,,no_observed,0,2,4,0,2,0,0
tokyo_site_81a82c007a7d,小角田町変電所,tokyo,w682371857,lines_only,1,1,0,1,0,0,0,0,0,0,0,,,no_observed,0,2,7,0,2,0,0
tokyo_site_81a8d20e93c0,稲城変電所,tokyo,w111530291,lines_only,2,0,0,0,0,0,0,0,1,0,0,275/66,,no_observed,0,1,6,0,0,0,0
tokyo_site_81c192b0520a,八王子変電所,tokyo,w1379106625,conductors_only,1,1,0,1,0,0,0,0,0,0,0,,,no_observed,0,10,8,2,0,0,2
tokyo_site_81c337d1c70f,白石変電所,tokyo,w82094522,lines_only,2,1,0,1,0,0,0,0,1,0,0,154/66,,no_observed,0,2,16,0,2,0,0
tokyo_site_81e8002c5790,今井四丁目変電所,tokyo,w640895147,lines_only,1,1,0,0,0,0,0,0,0,0,0,,,no_observed,0,1,7,0,1,0,0
tokyo_site_821b4f0f0b92,渡田変電所,tokyo,w86220796,none,1,0,0,0,0,0,0,0,0,0,0,,,no_observed,0,0,0,0,0,0,0
tokyo_site_82331be19481,釜無白根変電所,tokyo,w209324329,lines_only,2,2,0,1,0,0,0,0,1,0,0,154/66,,no_observed,0,3,4,0,3,0,2
tokyo_site_823da6cd248b,成田変電所,tokyo,w202589929,conductors_only,1,1,0,1,0,0,0,0,0,0,0,,,no_observed,0,6,6,1,1,0,0
tokyo_site_82413aed02f1,平塚変電所,tokyo,w175424571,lines_only,1,1,0,0,0,0,0,0,0,0,0,,,no_observed,0,1,0,0,1,0,0
tokyo_site_82535f82a3a6,大竹変電所,tokyo,w519603980,conductors_only,1,1,0,1,0,0,0,0,0,0,0,,,no_observed,0,5,0,1,0,0,0
tokyo_site_826138e4623a,鵜原変電所,tokyo,w456284349,lines_only,2,1,0,1,0,0,0,0,1,0,0,66/1,,no_observed,0,2,3,0,2,0,0
tokyo_site_8261f197b119,砂川変電所,tokyo,w151234662,none,1,0,0,0,0,0,0,0,0,0,0,,,no_observed,0,0,0,0,0,0,0
tokyo_site_827187469d81,落合変電所,tokyo,w1383093599,partial,2,1,0,1,0,0,0,3,1,3,0,275/66,,no_observed,0,7,11,1,0,0,0
tokyo_site_8297fe40e775,笹子変電所,tokyo,w1221004896,lines_only,1,1,0,0,0,0,0,0,0,0,0,,,no_observed,0,1,1,0,1,0,0
tokyo_site_82a1c72891e4,東亀有変電所,tokyo,w195561833,lines_only,1,1,0,1,0,0,0,0,0,0,0,,,no_observed,0,2,4,0,2,0,0
tokyo_site_82aa636568ba,滑川変電所,tokyo,w519603975,lines_only,1,1,0,0,0,0,0,0,0,0,0,,,no_observed,0,0,0,0,0,0,2
tokyo_site_82e4ab553d04,こてはし台五丁目変電所,tokyo,w220739335,lines_only,1,1,0,0,0,0,0,0,0,0,0,,,no_observed,0,1,0,0,1,0,0
tokyo_site_82faaaa7ecc6,園生変電所,tokyo,w1136920298,lines_only,1,1,0,0,0,0,0,0,0,0,0,,,no_observed,0,1,0,0,1,0,0
tokyo_site_8346d70e239b,浦和変電所,tokyo,w195432070,lines_only,1,1,0,1,0,0,0,0,0,0,0,,,no_observed,0,3,3,0,3,0,0
tokyo_site_835ddbc02a3f,軽井沢町変電所,tokyo,w1462731825,none,1,0,0,0,0,0,0,0,0,0,0,,,no_observed,0,0,1,0,0,0,0
tokyo_site_8367c4046c27,常陸海浜変電所,tokyo,w1074453054,lines_only,1,1,0,1,0,0,0,0,0,0,0,,,no_observed,0,2,1,0,0,2,2
tokyo_site_83a1688fbc61,城北四丁目変電所,tokyo,w340859241,conductors_only,2,1,3,1,0,0,0,0,1,0,0,154/66,,no_observed,13,2,23,0,1,0,0
tokyo_site_83a33a92c760,小松変電所,tokyo,w519055296,conductors_only,2,2,0,2,0,0,0,0,1,0,0,154/66,,no_observed,0,5,5,3,1,2,0
tokyo_site_83a99bf9e078,犬目変電所,tokyo,w889340044,conductors_only,1,1,0,1,0,0,0,0,0,0,0,,,no_observed,0,2,3,1,0,0,0
tokyo_site_83b2e88a6e01,JR黒磯変電所,tokyo,w684063796,lines_only,1,1,0,0,0,0,0,0,0,0,0,,,no_observed,0,1,1,0,1,0,0
tokyo_site_840f95fe49a2,御殿場変電所,tokyo,w315350048,lines_only,2,2,0,0,0,0,0,0,1,0,0,66/6,,no_observed,0,1,0,0,1,0,0
tokyo_site_84181784cad9,桐生変電所,tokyo,w668610503,lines_only,1,1,0,0,0,0,0,0,0,0,0,,,no_observed,0,1,0,0,1,0,0
tokyo_site_841b4285e0af,美原町五丁目変電所,tokyo,w1117827915,none,0,0,0,0,0,0,0,0,0,0,0,,,no_observed,0,0,0,0,0,0,0
tokyo_site_84625f43d8f7,平井変電所,tokyo,w1082495226,none,1,0,0,0,0,0,0,0,0,0,0,,,no_observed,0,0,0,0,0,0,0
tokyo_site_84c0a53225da,元島名変電所,tokyo,w172578964,conductors_only,1,1,0,1,0,0,0,0,0,0,0,,,no_observed,0,6,0,2,0,0,0
tokyo_site_84fe9411755d,川治変電所,tokyo,w1072931705,lines_only,2,2,0,0,0,0,0,0,1,0,0,66/1,,no_observed,0,1,11,0,1,0,0
tokyo_site_85013c978141,大曽根一丁目変電所,tokyo,w111673426,none,0,0,0,0,0,0,0,0,0,0,0,,,no_observed,0,0,0,0,0,0,0
tokyo_site_850897bfe1cf,藤沢変電所,tokyo,w164120447,lines_only,2,2,0,1,0,0,0,0,1,0,0,154/66,,no_observed,0,3,9,0,3,0,0
tokyo_site_852806d246ce,前原変電所,tokyo,w259581601,conductors_only,2,1,0,1,0,0,0,0,1,0,0,66/1,,no_observed,0,5,4,1,0,0,0
tokyo_site_85358f6e99d2,二度栗山変電所,tokyo,w516830838,lines_only,1,1,0,0,0,0,0,0,0,0,0,,,no_observed,0,1,1,0,1,0,0
tokyo_site_8553d0b9ac4d,新久喜き電区分所,tokyo,w783477603,none,1,0,0,0,0,0,0,0,0,0,0,,,no_observed,0,0,4,0,0,0,0
tokyo_site_8583d90aeb51,友部変電所,tokyo,w1075948411,lines_only,1,1,0,1,0,0,0,0,0,0,0,,,no_observed,0,2,9,0,2,0,0
tokyo_site_85ad8c19aeb0,志津変電所,tokyo,w891316407,conductors_only,1,1,0,1,0,0,0,0,0,0,0,,,no_observed,0,2,3,1,0,0,0
tokyo_site_85b34cd9f8b1,波木井変電所,tokyo,w1307229262,none,0,0,0,0,0,0,0,0,0,0,0,,,no_observed,0,0,2,0,0,0,0
tokyo_site_85f3fc0298c3,白岡変電所,tokyo,w194528844,lines_only,1,1,0,0,0,0,0,0,0,0,0,,,no_observed,0,1,0,0,1,0,0
tokyo_site_85fddbfe514d,福原変電所,tokyo,w193191577,conductors_only,2,1,0,1,0,0,0,0,1,0,0,154/66,,no_observed,0,6,7,2,0,0,0
tokyo_site_860a35c19645,初狩変電所,tokyo,w202013055,lines_only,1,1,0,0,0,0,0,0,0,0,0,,,no_observed,0,1,1,0,1,0,0
tokyo_site_86243558b133,本中山変電所,tokyo,w1137488343,lines_only,1,2,0,1,0,0,0,0,0,0,0,,,no_observed,0,2,0,0,1,2,0
tokyo_site_865f5c36b892,伊勢崎変電所,tokyo,w1083914929,lines_only,1,1,0,0,0,0,0,0,0,0,0,,,no_observed,0,1,3,0,1,0,0
tokyo_site_866d2f18a3dc,舞岡変電所,tokyo,w1157118485,lines_only,1,1,0,1,0,0,0,0,0,0,0,,,no_observed,0,2,2,0,0,2,0
tokyo_site_8697cba5734e,森ヶ崎変電所,tokyo,r21228235,none,1,0,0,0,0,0,0,0,0,0,0,,,no_observed,0,0,0,0,0,0,0
tokyo_site_86bcde2bfc14,谷原変電所,tokyo,w806841502,lines_only,1,1,0,0,0,0,0,0,0,0,0,,,no_observed,0,0,2,0,0,0,2
tokyo_site_86d8d6a3fafe,南越谷変電所,tokyo,w1035978254,lines_only,1,1,0,1,0,0,0,0,0,0,0,,,no_observed,0,2,1,0,0,2,0
tokyo_site_875dde30fadd,花畑変電所,tokyo,w133374789,conductors_only,2,2,0,2,0,0,3,0,1,0,0,154/66,,no_observed,3,16,12,6,4,0,0
tokyo_site_8767bafc5ce6,久里浜変電所,tokyo,w1443230045,none,3,0,1,0,0,0,3,0,2,0,0,66/22;22/1,,no_observed,2,0,0,0,0,0,0
tokyo_site_878a71156506,青戸変電所,tokyo,w737663422,lines_only,1,1,0,0,0,0,0,0,0,0,0,,,no_observed,0,1,0,0,1,0,0
tokyo_site_8830015b3c40,宝積寺変電所,tokyo,w104527972,none,2,0,0,0,0,0,0,0,1,0,0,154/66,,no_observed,0,0,5,0,0,0,0
tokyo_site_884101ebf1a8,佐原変電所,tokyo,w556018433,conductors_only,1,1,0,1,0,0,0,0,0,0,0,,,no_observed,0,8,11,3,0,0,0
tokyo_site_885d39ca6f25,西蕨変電所,tokyo,w1150062562,none,1,0,0,0,0,0,0,0,0,0,0,,,no_observed,0,0,2,0,0,0,0
tokyo_site_886bc8ca03bc,荊沢変電所,tokyo,w703940804,none,1,0,0,0,0,0,0,0,0,0,0,,,no_observed,0,0,3,0,0,0,0
tokyo_site_88811bc1aaab,かすみがうら市変電所,tokyo,w761506904,lines_only,1,1,0,1,0,0,0,0,0,0,0,,,no_observed,0,2,7,0,2,0,0
tokyo_site_88b047b824a6,白銀町三丁目変電所_2,tokyo,w642625770,conductors_only,1,1,0,1,0,0,0,0,0,0,0,,,no_observed,0,2,10,0,1,0,0
tokyo_site_88c49c5fbf6a,古川二丁目変電所,tokyo,w1381130756,lines_only,0,1,0,0,0,0,0,0,0,0,0,,,no_observed,0,0,0,0,0,0,2
tokyo_site_88cea601b043,沼袋変電所,tokyo,w105614954,lines_only,1,0,0,0,0,0,0,0,0,0,0,,,no_observed,0,1,6,0,0,0,0
tokyo_site_88fc267c977f,深城変電所,tokyo,w1078951378,lines_only,3,1,0,0,0,0,0,0,2,0,0,500/66;66/6,,no_observed,0,2,6,0,1,0,0
tokyo_site_890cc930de3c,八木崎変電所,tokyo,w1076267057,none,2,0,0,0,0,0,0,0,1,0,0,275/66,,no_observed,0,0,6,0,0,0,0
tokyo_site_8923778546a9,境下渕名変電所,tokyo,w467320485,lines_only,1,1,0,1,0,0,0,0,0,0,0,,,no_observed,0,2,13,0,2,0,0
tokyo_site_892d7293e52b,下加治変電所,tokyo,w891064455,lines_only,1,1,0,1,0,0,0,0,0,0,0,,,no_observed,0,2,0,0,0,2,0
tokyo_site_8942c15332dc,逗子変電所,tokyo,w327974991,lines_only,2,2,0,1,0,0,0,0,1,0,0,275/66,,no_observed,0,3,4,0,3,0,0
tokyo_site_89cab07925eb,植木変電所,tokyo,w684049513,conductors_only,1,1,0,1,0,0,0,0,0,0,0,,,no_observed,0,5,0,1,0,0,0
tokyo_site_89d196cf71fa,伊奈町変電所,tokyo,w1077611340,lines_only,1,1,0,1,0,0,0,0,0,0,0,,,no_observed,0,2,0,0,0,2,0
tokyo_site_8a0a4dba115a,河口湖変電所,tokyo,w72370159,lines_only,1,1,0,0,0,0,0,0,0,0,0,,,no_observed,0,1,0,0,1,0,0
tokyo_site_8a1070736385,西水戸変電所,tokyo,w106303782,conductors_only,3,3,2,0,2,2,3,0,2,0,0,154/66;66/6,,no_observed,9,27,3,5,0,0,2
tokyo_site_8a2644620529,亀戸変電所,tokyo,w145713939,conductors_only,1,1,0,1,0,0,0,0,0,0,0,,,no_observed,0,5,0,1,0,0,2
tokyo_site_8a3dec7a67de,藤代変電所,tokyo,w1076502155,conductors_only,1,1,0,1,0,0,0,0,0,0,0,,,no_observed,0,2,5,2,0,0,0
tokyo_site_8a4997c8b718,平塚変電所,tokyo,w277584158,lines_only,1,1,0,0,0,0,0,0,0,0,0,,,no_observed,0,1,0,0,1,0,0
tokyo_site_8a71f2739839,巣鴨変電所,tokyo,n10698681645,none,1,0,0,0,0,0,0,0,0,0,0,,,no_observed,0,0,0,0,0,0,0
tokyo_site_8a7b794b24af,下富変電所,tokyo,w270275968,lines_only,2,2,0,1,0,0,0,0,1,0,0,66/6,,no_observed,0,2,6,0,2,0,0
tokyo_site_8b3057f2c2bb,川崎変電所_2,tokyo,w772270228,none,0,0,0,0,0,0,0,0,0,0,0,,,no_observed,0,0,0,0,0,0,0
tokyo_site_8b3bc3ef243d,田島町変電所,tokyo,w1061934374,partial,1,1,0,1,0,0,0,0,0,2,0,,,no_observed,0,4,0,2,0,0,0
tokyo_site_8b490535e0a2,伊豆市変電所,tokyo,w409537773,none,1,0,0,0,0,0,0,0,0,0,0,,,no_observed,0,0,4,0,0,0,0
tokyo_site_8b5eb45d3a30,西大家変電所,tokyo,w152880382,none,4,0,8,0,0,0,14,0,3,0,0,500/275;275/66;66/1,,no_observed,2,0,1,0,0,0,0
tokyo_site_8b78423760bb,新新田変電所,tokyo,w505170104,conductors_only,3,3,0,2,0,0,0,0,2,0,0,500/275;275/154,,no_observed,0,24,11,4,7,0,2
tokyo_site_8b79bd1b425a,駒門一丁目変電所,tokyo,w726559376,lines_only,0,0,0,0,0,0,0,0,0,0,0,,,no_observed,0,1,3,0,0,0,0
tokyo_site_8b7a9d439541,柳瀬川変電所,tokyo,w1295397147,conductors_only,2,1,0,1,0,0,0,0,1,0,0,66/1,,no_observed,0,2,8,1,0,0,0
tokyo_site_8b9845cd648f,西山田変電所,tokyo,w643003154,lines_only,1,0,0,1,0,0,0,0,0,0,0,,,no_observed,0,2,4,0,0,0,0
tokyo_site_8bb411d48b04,菊名変電所,tokyo,w142559825,none,1,0,0,0,0,0,0,0,0,0,0,,,no_observed,0,0,4,0,0,0,0
tokyo_site_8bfe9513c809,関町東変電所,tokyo,w945761702,none,0,0,0,0,0,0,0,0,0,0,0,,,no_observed,0,0,0,0,0,0,0
tokyo_site_8c27153f2849,大原町変電所,tokyo,w981073583,lines_only,1,1,0,0,0,0,0,0,0,0,0,,,no_observed,0,1,0,0,1,0,0
tokyo_site_8c432e6409e1,戸田公園変電所,tokyo,w1150062561,none,1,0,0,0,0,0,0,0,0,0,0,,,no_observed,0,0,0,0,0,0,0
tokyo_site_8c559a1713bf,新西那須野き電区分所,tokyo,w1478522143,none,2,0,0,0,0,0,0,0,1,0,0,66/25,,no_observed,0,0,2,0,0,0,0
tokyo_site_8c7216924fc8,志村変電所,tokyo,w1149817129,lines_only,1,1,0,0,0,0,0,0,0,0,0,,,no_observed,0,1,0,0,1,0,0
tokyo_site_8c7659a2606b,北相模変電所,tokyo,r19170972,partial,2,2,0,1,0,0,2,4,1,2,2,275/66,275/66,same,6,0,43,3,1,0,4
tokyo_site_8c856814b432,京王長沼変電所,tokyo,w1382887040,partial,1,1,0,1,0,0,0,2,0,1,0,,,no_observed,0,3,1,1,0,0,0
tokyo_site_8c983db13a93,北総鉄道(株) 船尾変電所,tokyo,w197006118,none,0,0,0,0,0,0,0,0,0,0,0,,,no_observed,0,0,0,0,0,0,0
tokyo_site_8c9983b46e22,上川井変電所,tokyo,w170466618,lines_only,1,1,0,1,0,0,0,0,0,0,0,,,no_observed,0,2,8,0,2,0,0
tokyo_site_8cb2cb1296b5,境野町三丁目変電所,tokyo,w1080198862,conductors_only,1,1,0,1,0,0,0,0,0,0,0,,,no_observed,0,2,8,1,0,0,0
tokyo_site_8cba9b979ded,,tokyo,w1539242308,conductors_only,1,1,0,1,0,0,0,0,0,0,0,,,no_observed,0,2,2,2,0,0,0
tokyo_site_8cbd37dcd48b,西袋変電所,tokyo,w1144609435,lines_only,1,1,0,0,0,0,0,0,0,0,0,,,no_observed,0,1,1,0,1,0,0
tokyo_site_8cf6eda9bc1f,東羽生変電所,tokyo,w195278834,conductors_only,1,1,0,1,0,0,0,0,0,0,0,,,no_observed,0,2,3,2,0,0,0
tokyo_site_8cfbf8209f84,茂木変電所,tokyo,w1139110318,conductors_only,1,1,0,1,0,0,0,0,0,0,0,,,no_observed,0,5,0,1,0,0,0
tokyo_site_8d11e982d9a4,武蔵関変電所,tokyo,w100492855,none,0,0,0,0,0,0,0,0,0,0,0,,,no_observed,0,0,0,0,0,0,0
tokyo_site_8d3d495cd7d9,大月変電所,tokyo,w72241064,conductors_only,1,1,1,0,1,1,0,0,0,0,0,,,no_observed,5,0,10,3,0,0,0
tokyo_site_8d4b8edbcb30,谷塚町変電所,tokyo,w195071843,lines_only,2,2,0,0,0,0,0,0,1,0,0,66/6,,no_observed,0,0,0,0,0,0,2
tokyo_site_8d8ccfbd265b,北小岩変電所,tokyo,w195561859,lines_only,2,1,0,0,0,0,0,0,1,0,0,154/66,,no_observed,0,0,4,0,0,0,2
tokyo_site_8ddadc65e4ff,田口発電所変電設備,tokyo,w484344792,lines_only,1,1,0,1,0,0,0,0,0,0,0,,,no_observed,0,3,4,0,2,0,0
tokyo_site_8e558c6b0f13,入間川変電所,tokyo,w1497201474,none,0,0,0,0,0,0,0,0,0,0,0,,,no_observed,0,0,0,0,0,0,0
tokyo_site_8e571a98179d,潤井戸変電所,tokyo,w1134433925,lines_only,4,2,3,0,0,0,8,0,3,0,0,500/275;275/154;154/66,,no_observed,9,0,52,0,1,0,0
tokyo_site_8e6b495da116,東方変電所,tokyo,w135745196,partial,1,1,0,1,0,0,0,0,0,5,0,,,no_observed,0,4,6,2,0,0,0
tokyo_site_8e9808cdaa41,船子変電所,tokyo,w611674067,none,2,0,0,0,0,0,0,0,1,0,0,154/66,,no_observed,0,0,9,0,0,0,0
tokyo_site_8ebd37ca3dc2,貝取変電所,tokyo,w261080757,partial,1,1,0,2,0,0,0,3,0,3,0,,,no_observed,0,7,0,1,0,0,2
tokyo_site_8f4ac749f730,道塚変電所,tokyo,w684387461,none,1,0,0,0,0,0,0,0,0,0,0,,,no_observed,0,0,0,0,0,0,0
tokyo_site_8f809f52b2ff,成東変電所,tokyo,w1083086239,conductors_only,1,1,0,1,0,0,0,0,0,0,0,,,no_observed,0,5,3,1,0,0,0
tokyo_site_8fd222bc9264,東京電力(株)青海変電所,tokyo,w149721724,none,1,0,0,0,0,0,0,0,0,0,0,,,no_observed,0,0,0,0,0,0,0
tokyo_site_9003b38443b5,三菱電工線変電所,tokyo,w704397314,conductors_only,1,1,0,1,0,0,0,0,0,0,0,,,no_observed,0,2,12,1,0,0,0
tokyo_site_90379fd1fff3,佐野変電所,tokyo,w740658301,lines_only,2,2,0,0,0,0,0,0,1,0,0,66/1,,no_observed,0,1,16,0,1,0,0
tokyo_site_9083fecc11c8,大袋変電所,tokyo,w194665501,lines_only,1,1,0,1,0,0,0,0,0,0,0,,,no_observed,0,2,0,0,0,2,0
tokyo_site_908f7aa73148,腰越変電所,tokyo,w519603972,lines_only,1,1,0,1,0,0,0,0,0,0,0,,,no_observed,0,2,0,0,0,2,0
tokyo_site_90a2c1a22b5f,志木き電区分所,tokyo,w477604937,none,1,0,0,0,0,0,0,0,0,0,0,,,no_observed,0,0,0,0,0,0,0
tokyo_site_90a735b76232,行田変電所_2,tokyo,w201507876,none,1,0,0,0,0,0,0,0,0,0,0,,,no_observed,0,0,1,0,0,0,0
tokyo_site_90ccca7c0a72,多賀変電所,tokyo,w623445419,lines_only,1,1,0,1,0,0,0,0,0,0,0,,,no_observed,0,2,4,0,2,0,0
tokyo_site_90ede113b0a7,久住変電所,tokyo,w200538106,conductors_only,2,1,0,1,0,0,0,0,1,0,0,66/1,,no_observed,0,2,4,1,0,0,0
tokyo_site_911ce9e846f4,京浜変電所,tokyo,w128364781,partial,2,2,4,0,3,6,0,2,1,6,2,275/154,275/154,same,24,20,21,28,0,0,16
tokyo_site_918590ba9809,池上変電所,tokyo,w162047992,none,2,0,0,0,0,0,0,0,1,0,0,275/66,,no_observed,0,0,4,0,0,0,0
tokyo_site_91960e8e83df,南川越変電所,tokyo,w87682157,mapped,2,2,4,0,4,4,15,0,1,5,5,275/154,275/154,same,13,1,18,12,0,0,0
tokyo_site_919c515bdcf3,匠町変電所,tokyo,w1154404626,lines_only,1,1,0,1,0,0,0,0,0,0,0,,,no_observed,0,2,4,0,2,0,0
tokyo_site_91a293443b93,平和台変電所,tokyo,w1141865289,lines_only,1,1,0,0,0,0,0,0,0,0,0,,,no_observed,0,1,0,0,1,0,0
tokyo_site_91a68e6e0a05,剣崎変電所,tokyo,w252763278,conductors_only,1,1,0,1,0,0,0,0,0,0,0,,,no_observed,0,6,0,2,0,0,0
tokyo_site_91b161e4fa7a,栃木変電所,tokyo,w957351630,conductors_only,1,1,0,1,0,0,0,0,0,0,0,,,no_observed,0,3,1,0,1,0,0
tokyo_site_91d505b435cb,水道橋変電所,tokyo,r21231805,lines_only,1,1,0,0,0,0,0,0,0,0,0,,,no_observed,0,0,3,0,2,0,0
tokyo_site_9213c87639de,東京電力 岡田変電所,tokyo,n431225031,none,0,0,0,0,0,0,0,0,0,0,0,,,no_observed,0,0,4,0,0,0,0
tokyo_site_9215e65daeb7,御宿変電所,tokyo,w1132599138,lines_only,1,1,0,1,0,0,0,0,0,0,0,,,no_observed,0,2,0,0,0,2,0
tokyo_site_9232751527bf,別所変電所,tokyo,w1383538677,partial,1,1,0,1,0,0,0,3,0,3,0,,,no_observed,0,13,1,1,0,0,0
tokyo_site_92347c75fd4f,千成開閉塔,tokyo,w35948507,lines_only,1,2,0,0,0,0,0,0,0,0,0,,,no_observed,0,0,0,0,0,0,4
tokyo_site_9239f8d6da03,長坂二丁目変電所_4,tokyo,n5484456335,none,1,0,0,0,0,0,0,0,0,0,0,,,no_observed,0,0,5,0,0,0,0
tokyo_site_923c31a292cd,青柳変電所,tokyo,w195278830,lines_only,1,1,0,1,0,0,0,0,0,0,0,,,no_observed,0,2,5,0,2,0,0
tokyo_site_924aabf76f01,宮戸変電所,tokyo,w1145010517,lines_only,1,1,0,1,0,0,0,0,0,0,0,,,no_observed,0,2,6,0,2,0,0
tokyo_site_926523e1acff,酒門東変電所,tokyo,w834249108,lines_only,1,1,0,1,0,0,0,0,0,0,0,,,no_observed,0,2,1,0,0,2,0
tokyo_site_92704bf2e47e,稲荷変電所,tokyo,w79291125,lines_only,1,1,0,0,0,0,0,0,0,0,0,,,no_observed,0,0,4,0,0,0,2
tokyo_site_9279d963ca27,幸房変電所,tokyo,w1321589278,none,0,0,0,0,0,0,0,0,0,0,0,,,no_observed,0,0,0,0,0,0,0
tokyo_site_929dcc37c95d,大沼変電所,tokyo,w86874294,partial,2,2,0,1,0,0,0,4,1,3,3,66/6,66/6,same,0,17,12,4,0,0,0
tokyo_site_9303903b357d,奥多摩変電所,tokyo,w903583921,lines_only,1,1,0,1,0,0,0,0,0,0,0,,,no_observed,0,3,0,0,2,0,0
tokyo_site_9311ba3b59af,椎津変電所,tokyo,w519163794,lines_only,1,1,0,1,0,0,0,0,0,0,0,,,no_observed,0,2,0,0,0,2,0
tokyo_site_932ec62f6512,志木変電所,tokyo,w1147845508,none,1,0,0,0,0,0,0,0,0,0,0,,,no_observed,0,0,1,0,0,0,0
tokyo_site_9339d491e9ad,松井田変電所,tokyo,w519907765,conductors_only,2,1,0,1,0,0,0,0,1,0,0,66/1,,no_observed,0,2,3,1,0,0,0
tokyo_site_93823bb2811c,旭町変電所,tokyo,w435909605,none,1,0,0,0,0,0,0,0,0,0,0,,,no_observed,0,0,0,0,0,0,0
tokyo_site_93ac58bcdf6f,中宿変電所,tokyo,w519125412,conductors_only,1,1,0,1,0,0,0,0,0,0,0,,,no_observed,0,5,1,1,0,0,0
tokyo_site_93c93b0ef703,木田余変電所,tokyo,w761507949,lines_only,1,1,0,1,0,0,0,0,0,0,0,,,no_observed,0,2,9,0,2,0,0
tokyo_site_93da03de954e,戸田開閉所,tokyo,w1149782490,lines_only,1,1,0,0,0,0,0,0,0,0,0,,,no_observed,0,1,7,0,1,0,0
tokyo_site_93e1ab535e72,榎木変電所,tokyo,w1502211219,lines_only,1,1,0,0,0,0,0,0,0,0,0,,,no_observed,0,1,4,0,1,0,2
tokyo_site_93ee7b983488,寺台変電所,tokyo,w1081992143,lines_only,1,1,0,0,0,0,0,0,0,0,0,,,no_observed,0,1,3,0,1,0,0
tokyo_site_93fe97e09227,小金井変電所,tokyo,w340919544,lines_only,1,1,0,0,0,0,0,0,0,0,0,,,no_observed,0,1,2,0,1,0,0
tokyo_site_947d9c6f220d,昭和町変電所,tokyo,w129619548,conductors_only,1,1,0,0,0,0,0,0,0,0,0,,,no_observed,0,1,1,0,0,0,2
tokyo_site_94a2b0855605,浦郷町三丁目変電所,tokyo,w1443721170,conductors_only,1,1,0,1,0,0,0,0,0,0,0,,,no_observed,0,10,1,2,0,0,2
tokyo_site_94acfa153994,笹目変電所,tokyo,w1149772118,conductors_only,2,2,0,1,0,0,0,0,1,0,0,154/66,,no_observed,0,6,0,2,2,0,0
tokyo_site_94e3d3c1ab53,日野自動車羽村工場変電所,tokyo,w203236462,conductors_only,1,1,0,1,0,0,0,0,0,0,0,,,no_observed,0,2,8,2,0,0,0
tokyo_site_94e5d0caf651,相模が丘六丁目変電所,tokyo,n971928084,none,0,0,0,0,0,0,0,0,0,0,0,,,no_observed,0,0,0,0,0,0,0
tokyo_site_94f18ec6c64f,常総変電所,tokyo,w340365829,mapped,2,2,0,2,0,0,0,26,1,5,5,275/66,275/66,same,0,97,0,4,0,0,0
tokyo_site_94f3a8814b59,新町変電所_2,tokyo,w733846152,lines_only,1,1,0,0,0,0,0,0,0,0,0,,,no_observed,0,1,7,0,1,0,0
tokyo_site_94f7450aa92a,東群馬変電所,tokyo,w250540807,partial,2,2,0,2,0,0,1,0,1,1,1,500/275,500/275,same,6,9,7,4,0,0,0
tokyo_site_94f9116fb0e0,磯原変電所,tokyo,w818854170,conductors_only,1,1,0,1,0,0,0,0,0,0,0,,,no_observed,0,5,5,1,0,0,0
tokyo_site_950c40a32db9,上久屋開閉所,tokyo,w1083451868,layout_only,1,1,0,0,0,0,0,1,0,0,0,,,no_observed,0,1,2,1,0,0,0
tokyo_site_9561f665a60c,氏家変電所,tokyo,w199402933,lines_only,1,1,0,0,0,0,0,0,0,0,0,,,no_observed,0,1,3,0,1,0,0
tokyo_site_95755daf77fc,韮崎市変電所,tokyo,w690205356,lines_only,0,1,0,0,0,0,0,0,0,0,0,,,no_observed,0,0,0,0,0,0,2
tokyo_site_958bf28f3a31,新坂戸変電所,tokyo,w128581912,conductors_only,4,4,0,4,0,0,1,0,3,0,0,500/275;275/154;154/66,,no_observed,2,45,3,9,3,0,2
tokyo_site_9595bce2e7ea,神戸変電所,tokyo,w1074104587,lines_only,1,1,0,0,0,0,0,0,0,0,0,,,no_observed,0,1,3,0,1,0,0
tokyo_site_95a6fa0ac558,山田変電所,tokyo,w519643063,lines_only,1,1,0,1,0,0,0,0,0,0,0,,,no_observed,0,2,0,0,0,2,0
tokyo_site_96198011f7f7,都賀変電所,tokyo,w958113414,conductors_only,1,1,0,1,0,0,0,0,0,0,0,,,no_observed,0,2,4,0,0,2,0
tokyo_site_9652282eab73,鷲宮変電所,tokyo,w1076256047,conductors_only,1,1,0,1,0,0,0,0,0,0,0,,,no_observed,0,2,4,1,0,0,0
tokyo_site_965e48b00851,蓮田変電所,tokyo,w1146179206,lines_only,1,1,0,0,0,0,0,0,0,0,0,,,no_observed,0,1,0,0,1,0,2
tokyo_site_9663c6bb1b6b,東千葉変電所,tokyo,w172068313,conductors_only,2,2,0,3,0,0,0,0,1,0,0,154/66,,no_observed,0,19,34,4,6,0,2
tokyo_site_96fbaabc610e,高坂変電所,tokyo,w215519384,conductors_only,2,1,0,1,0,0,0,0,1,0,0,66/1,,no_observed,0,2,4,1,0,0,0
tokyo_site_970b72f28b2a,小田原市変電所,tokyo,w190031849,none,1,0,1,0,0,0,0,0,0,0,0,,,no_observed,1,0,0,0,0,0,0
tokyo_site_970ccc65f2b7,京王電鉄 天神橋変電所,tokyo,w1002350665,none,0,0,0,0,0,0,0,0,0,0,0,,,no_observed,0,0,0,0,0,0,0
tokyo_site_9739c8f67113,井口変電所,tokyo,w68447606,lines_only,2,2,0,0,0,0,0,0,1,0,0,66/6,,no_observed,0,0,0,0,0,0,2
tokyo_site_9753491d80ba,東京電力 木曽変電所,tokyo,w131202599,partial,1,2,0,1,0,0,0,3,0,3,3,,66/6,contradicts,0,9,0,1,0,0,2
tokyo_site_97854d9638cb,野辺町変電所,tokyo,w641619513,lines_only,1,1,0,1,0,0,0,0,0,0,0,,,no_observed,0,2,17,0,2,0,0
tokyo_site_97934f5cd6d3,指扇変電所,tokyo,w1483866246,lines_only,2,1,0,0,0,0,0,0,1,0,0,66/1,,no_observed,0,1,1,0,1,0,2
tokyo_site_97a8bfac77ee,松虫変電所,tokyo,w1138567121,lines_only,2,1,0,0,0,0,0,0,1,0,0,66/1,,no_observed,0,1,0,0,1,0,0
tokyo_site_97bda3824e56,五香六丁目変電所,tokyo,w519163792,lines_only,1,1,0,0,0,0,0,0,0,0,0,,,no_observed,0,1,0,0,1,0,0
tokyo_site_97c60ac6357b,総社町変電所,tokyo,w1021915999,conductors_only,1,1,0,1,0,0,0,0,0,0,0,,,no_observed,0,2,3,1,0,0,0
tokyo_site_97f5555a43b0,石岡変電所,tokyo,w106303783,conductors_only,3,3,0,2,0,0,0,0,2,0,0,154/66;66/6,,no_observed,0,35,4,5,0,0,2
tokyo_site_97fcb1729e71,鎌ヶ谷変電所,tokyo,w891386646,lines_only,1,1,0,0,0,0,0,0,0,0,0,,,no_observed,0,0,0,0,0,0,2
tokyo_site_981047154049,大洗変電所,tokyo,w106784596,conductors_only,1,1,0,1,0,0,0,0,0,0,0,,,no_observed,0,5,0,1,0,0,0
tokyo_site_9818e671af0a,緑ヶ原一丁目変電所,tokyo,w132912728,conductors_only,1,1,0,1,0,0,0,0,0,0,0,,,no_observed,0,2,9,0,0,2,0
tokyo_site_98261c899a98,鳥取町変電所,tokyo,w702578661,conductors_only,1,1,0,1,0,0,0,0,0,0,0,,,no_observed,0,9,0,1,0,0,0
tokyo_site_98361b96bac3,聖蹟桜ヶ丘変電所,tokyo,w139734200,lines_only,2,2,0,0,0,0,0,0,1,0,0,154/66,,no_observed,0,1,3,0,2,0,0
tokyo_site_983779501ca4,図師町変電所,tokyo,w197639533,partial,1,1,0,1,0,0,0,3,0,3,0,,,no_observed,0,11,0,1,0,0,0
tokyo_site_98fc6672f442,新座変電所,tokyo,w136298957,conductors_only,2,2,0,2,0,0,0,0,1,0,0,275/154,,no_observed,0,14,0,3,1,0,0
tokyo_site_993edfceda5d,東京電力パワーグリッド株式会社武田変電所,tokyo,w802457870,lines_only,1,1,0,0,0,0,0,0,0,0,0,,,no_observed,0,1,0,0,1,0,0
tokyo_site_99564cae9800,栗橋変電所,tokyo,w836820902,none,0,0,0,0,0,0,0,0,0,0,0,,,no_observed,0,0,0,0,0,0,0
tokyo_site_9970876f722a,原里変電所,tokyo,w191725217,lines_only,2,3,0,0,0,0,0,0,1,0,0,66/6,,no_observed,0,1,4,0,1,3,2
tokyo_site_997af697e500,座間自動制御所,tokyo,w50892244,none,1,0,0,0,0,0,0,0,0,0,0,,,no_observed,0,0,19,0,0,0,0
tokyo_site_997d4982b64d,南山田変電所,tokyo,w1146868432,lines_only,1,1,0,0,0,0,0,0,0,0,0,,,no_observed,0,0,0,0,0,0,2
tokyo_site_99a2f19ef590,剛志変電所,tokyo,w882186879,lines_only,1,1,0,1,0,0,0,0,0,0,0,,,no_observed,0,2,2,0,2,0,0
tokyo_site_9a06d8321728,牛久北部変電所,tokyo,w1076789297,lines_only,1,1,0,0,0,0,0,0,0,0,0,,,no_observed,0,1,0,0,1,0,0
tokyo_site_9a0e98bb7aee,平出工業団地変電所_2,tokyo,w519412891,lines_only,1,1,0,1,0,0,1,0,0,0,0,,,no_observed,1,1,6,0,1,0,2
tokyo_site_9a569a29d41c,清水区変電所,tokyo,w618344845,none,1,0,0,0,0,0,0,0,0,0,0,,,no_observed,0,0,3,0,0,0,0
tokyo_site_9ae4d1b98d60,宮島変電所,tokyo,w1202388035,lines_only,2,2,0,0,0,0,0,0,1,0,0,66/6,,no_observed,0,1,0,0,1,0,0
tokyo_site_9b047f95ab82,小金変電所,tokyo,w1141851919,none,1,0,0,0,0,0,0,0,0,0,0,,,no_observed,0,0,2,0,0,0,0
tokyo_site_9b32538496c6,保谷変電所,tokyo,w106278474,lines_only,2,2,0,0,0,0,0,0,1,0,0,154/66,,no_observed,0,0,6,0,0,0,4
tokyo_site_9b402df2f66a,東和二丁目変電所,tokyo,w1144562836,conductors_only,1,1,0,0,0,0,0,0,0,0,0,,,no_observed,0,1,4,2,0,0,0
tokyo_site_9b62ba475bd2,千代変電所,tokyo,w156419582,none,0,0,0,0,0,0,0,0,0,0,0,,,no_observed,0,0,0,0,0,0,0
tokyo_site_9b7610631e68,北新宿変電所,tokyo,n10698675320,none,0,0,0,0,0,0,0,0,0,0,0,,,no_observed,0,0,0,0,0,0,0
tokyo_site_9b84f6d5b344,岳南変電所,tokyo,w640895151,conductors_only,2,2,0,1,0,0,0,0,1,0,0,154/66,,no_observed,0,4,8,1,1,0,0
tokyo_site_9b905582676a,二ツ橋町変電所,tokyo,w315350057,none,0,0,0,0,0,0,0,0,0,0,0,,,no_observed,0,0,0,0,0,0,0
tokyo_site_9b93a5dd2e72,GCT鴻巣変電所,tokyo,w884218418,conductors_only,2,1,5,0,0,0,28,0,1,0,0,154/66,,no_observed,16,5,31,1,0,0,0
tokyo_site_9b96777c2b33,東清水変電所,tokyo,w168247133,partial,3,4,0,2,0,0,3,4,2,8,6,275/154;154/77,275/77,contradicts,3,2,8,1,2,0,0
tokyo_site_9ba4809effd0,学園都市変電所,tokyo,w1140763572,lines_only,1,1,0,0,0,0,0,0,0,0,0,,,no_observed,0,1,0,0,1,0,2
tokyo_site_9bbfcc526338,宗岡変電所,tokyo,w1148422940,conductors_only,1,1,0,1,0,0,0,0,0,0,0,,,no_observed,0,4,0,2,0,0,0
tokyo_site_9bc95846a514,大宮変電所,tokyo,w200042960,lines_only,1,1,0,1,0,0,0,0,0,0,0,,,no_observed,0,2,0,0,2,0,2
tokyo_site_9bcc2a044250,協和変電所,tokyo,w1153930429,conductors_only,1,1,0,1,0,0,0,0,0,0,0,,,no_observed,0,2,4,1,0,0,0
tokyo_site_9bdef198c465,堀町変電所,tokyo,w587799360,conductors_only,1,1,0,1,0,0,0,0,0,0,0,,,no_observed,0,5,0,1,0,0,0
tokyo_site_9bf31fd1e7c5,宮地変電所,tokyo,w565459201,none,1,0,0,0,0,0,0,0,0,0,0,,,no_observed,0,0,0,0,0,0,0
tokyo_site_9bf5adcef43a,常陸太田変電所,tokyo,w762291171,conductors_only,1,1,0,1,0,0,0,0,0,0,0,,,no_observed,0,2,3,1,0,0,0
tokyo_site_9c0030814e12,倉渕変電所,tokyo,w1084983554,lines_only,1,1,0,0,0,0,0,0,0,0,0,,,no_observed,0,1,3,0,1,0,0
tokyo_site_9c56320de76b,小作変電所,tokyo,w149870185,conductors_only,2,1,1,0,0,0,4,0,1,0,0,66/1,,no_observed,2,1,13,2,0,0,0
tokyo_site_9c698c825460,千葉変電所都町開閉所,tokyo,w1134417061,none,1,0,0,0,0,0,0,0,0,0,0,,,no_observed,0,0,2,0,0,0,0
tokyo_site_9c91cf76f9a7,片品変電所,tokyo,w1074121983,lines_only,1,1,0,0,0,0,0,0,0,0,0,,,no_observed,0,1,3,0,1,0,0
tokyo_site_9cbcbfed313f,北熊谷変電所,tokyo,w168903220,mapped,2,2,3,0,2,3,19,0,1,3,3,275/66,275/66,same,12,18,0,3,0,0,2
tokyo_site_9ccff7755863,間々田変電所,tokyo,w195112313,conductors_only,1,1,0,1,0,0,0,0,0,0,0,,,no_observed,0,2,3,0,1,0,0
tokyo_site_9cd36936ad7b,友部変電所,tokyo,w1075948412,conductors_only,1,1,0,1,0,0,0,0,0,0,0,,,no_observed,0,2,9,3,0,0,0
tokyo_site_9d218a45404b,矢向二丁目変電所,tokyo,w963966325,lines_only,2,1,0,0,0,0,1,0,1,0,0,154/66,,no_observed,1,1,7,0,1,0,0
tokyo_site_9d249d31e9fd,桜井変電所,tokyo,w1132698404,conductors_only,1,1,0,1,0,0,0,0,0,0,0,,,no_observed,0,2,2,2,0,0,0
tokyo_site_9d62f21d4b04,小諏訪変電所,tokyo,w409159602,lines_only,1,1,0,0,0,0,0,0,0,0,0,,,no_observed,0,1,0,0,1,0,0
tokyo_site_9dd8f0480929,上福岡変電所,tokyo,w1146866608,none,1,0,0,0,0,0,0,0,0,0,0,,,no_observed,0,0,0,0,0,0,0
tokyo_site_9e003ec1df93,宮元町変電所,tokyo,w383615355,none,1,0,0,0,0,0,0,0,0,0,0,,,no_observed,0,0,0,0,0,0,0
tokyo_site_9e15da503082,石上変電所,tokyo,w199402917,conductors_only,1,1,0,1,0,0,0,0,0,0,0,,,no_observed,0,2,7,1,0,0,0
tokyo_site_9e31b0109bec,神之池変電所,tokyo,w1081331962,lines_only,3,1,0,0,0,0,0,0,2,0,0,275/154;154/66,,no_observed,0,1,57,0,1,0,0
tokyo_site_9e5619c5cf00,武蔵赤坂開閉所,tokyo,w159523372,conductors_only,2,1,0,1,0,0,0,0,1,0,0,275/154,,no_observed,0,13,3,3,0,0,0
tokyo_site_9ec999e611c8,高柳開閉所,tokyo,w891360944,lines_only,1,1,0,0,0,0,0,0,0,0,0,,,no_observed,0,1,4,0,1,0,0
tokyo_site_9f002c4a54f5,平台変電所,tokyo,w119067172,conductors_only,2,2,0,0,0,0,0,0,1,0,0,275/66,,no_observed,0,1,3,1,0,2,0
tokyo_site_9f14fafe790a,飯田町変電所,tokyo,w544110408,lines_only,1,1,0,1,0,0,0,0,0,0,0,,,no_observed,0,2,1,0,2,0,0
tokyo_site_9f4915ea4e34,小峰変電所,tokyo,w187141992,lines_only,3,1,12,0,0,0,20,0,2,0,0,500/275;275/66,,no_observed,5,1,0,0,1,0,0
tokyo_site_9f54ea14362e,羽衣町一丁目変電所,tokyo,w1317160721,none,1,0,0,0,0,0,0,0,0,0,0,,,no_observed,0,0,0,0,0,0,0
tokyo_site_9f7b1de027ca,上高野変電所,tokyo,w1135008595,lines_only,1,1,0,1,0,0,0,0,0,0,0,,,no_observed,0,2,1,0,0,2,0
tokyo_site_9f802e85d0ec,宮崎変電所,tokyo,w708222710,lines_only,1,1,0,1,0,0,0,0,0,0,0,,,no_observed,0,2,7,0,2,0,0
tokyo_site_9f9950e51c54,北駿変電所,tokyo,w202490125,lines_only,2,2,0,1,0,0,0,0,1,0,0,154/66,,no_observed,0,2,1,0,0,2,2
tokyo_site_9f9aca421fd3,小御門変電所,tokyo,w1082018407,conductors_only,1,1,0,1,0,0,0,0,0,0,0,,,no_observed,0,2,4,1,0,0,0
tokyo_site_9f9bac623ea2,西舟渡変電所,tokyo,w1149787339,lines_only,2,1,0,0,0,0,0,0,1,0,0,154/66,,no_observed,0,1,11,0,1,0,2
tokyo_site_9fb06e7cd2b1,石和町松本変電所,tokyo,w209324335,lines_only,0,1,0,0,0,0,0,0,0,0,0,,,no_observed,0,0,0,0,0,0,2
tokyo_site_9fbdc97a80db,秋ヶ瀬変電所,tokyo,w1147841503,none,1,0,0,0,0,0,0,0,0,0,0,,,no_observed,0,0,0,0,0,0,0
tokyo_site_9fd8809c8acd,伊興変電所,tokyo,w1145007872,none,1,0,0,0,0,0,0,0,0,0,0,,,no_observed,0,0,0,0,0,0,0
tokyo_site_9ff7034e0624,平出発電所,tokyo,n4868935278,none,0,0,0,0,0,0,0,0,0,0,0,,,no_observed,0,0,0,0,0,0,0
tokyo_site_9fff9388aeb5,相模台変電所,tokyo,w49772743,lines_only,2,2,0,0,0,0,0,0,1,0,0,66/6,,no_observed,0,0,0,0,0,0,2
tokyo_site_a04f61690745,富津市変電所,tokyo,w731902979,conductors_only,2,1,0,1,0,0,0,0,1,0,0,500/66,,no_observed,0,2,6,2,0,0,0
tokyo_site_a08eec7c71cb,馬堀変電所,tokyo,w327975004,conductors_only,2,2,0,1,0,0,0,0,1,0,0,66/6,,no_observed,0,5,0,1,0,0,0
tokyo_site_a0d83b5bf029,藤岡変電所,tokyo,w545128556,lines_only,1,1,0,1,0,0,0,0,0,0,0,,,no_observed,0,2,2,0,2,0,0
tokyo_site_a1aab2d1f094,大字横倉変電所,tokyo,w1427723800,conductors_only,2,1,0,1,0,0,0,0,1,0,0,154/66,,no_observed,0,2,8,1,0,0,0
tokyo_site_a1af090c5b4f,寿町三丁目変電所,tokyo,w324868979,lines_only,1,1,1,0,0,0,0,0,0,0,0,,,no_observed,1,1,1,0,0,0,0
tokyo_site_a1ebf05262ed,今市変電所,tokyo,w519763183,conductors_only,1,1,0,1,0,0,0,0,0,0,0,,,no_observed,0,2,9,1,0,0,0
tokyo_site_a20c6b9fc66c,東京電力若宮変電所,tokyo,w328143020,none,0,0,0,0,0,0,0,0,0,0,0,,,no_observed,0,0,0,0,0,0,0
tokyo_site_a25f5728e3aa,宮久保一丁目変電所,tokyo,w1388036408,none,0,0,0,0,0,0,0,0,0,0,0,,,no_observed,0,0,0,0,0,0,0
tokyo_site_a2984149909c,鬼怒ヶ丘変電所,tokyo,w704399790,conductors_only,1,1,0,1,0,0,0,0,0,0,0,,,no_observed,0,5,17,1,0,3,0
tokyo_site_a2b03580ccda,大石変電所,tokyo,w1146413895,conductors_only,1,1,0,1,0,0,0,0,0,0,0,,,no_observed,0,4,0,2,0,0,0
tokyo_site_a2c64839a341,新狭山三丁目変電所,tokyo,w1211256086,none,0,0,0,0,0,0,0,0,0,0,0,,,no_observed,0,0,0,0,0,0,0
tokyo_site_a2d48f769d8e,鹿島変電所,tokyo,w340648895,conductors_only,3,2,0,2,0,0,0,0,2,0,0,275/154;154/66,,no_observed,0,32,32,8,4,0,10
tokyo_site_a2ea6b5dc2e5,長峰変電所,tokyo,w120341217,lines_only,1,2,0,1,0,0,0,0,0,0,0,,,no_observed,0,2,0,0,1,2,0
tokyo_site_a2ef02e92802,静和変電所,tokyo,w519435392,lines_only,2,2,0,0,0,0,0,0,1,0,0,66/1,,no_observed,0,1,0,0,1,0,0
tokyo_site_a31ce1c09e0a,久保田変電所,tokyo,w1061629354,lines_only,1,1,0,1,0,0,0,0,0,0,0,,,no_observed,0,2,2,0,2,0,0
tokyo_site_a31e0a7c314b,的場変電所,tokyo,w1026016709,lines_only,1,1,0,0,0,0,0,0,0,0,0,,,no_observed,0,1,0,0,1,0,0
tokyo_site_a36053ac5ece,日光市変電所_2,tokyo,w519871932,conductors_only,1,1,0,1,0,0,0,0,0,0,0,,,no_observed,0,2,3,1,0,0,0
tokyo_site_a36774197cd2,東和田変電所,tokyo,w619284823,lines_only,3,1,0,1,0,0,0,0,2,0,0,275/154;154/66,,no_observed,0,2,20,0,2,0,0
tokyo_site_a36aa692d547,大みか変電所,tokyo,w600773665,conductors_only,1,1,0,1,0,0,0,0,0,0,0,,,no_observed,0,5,1,1,0,0,0
tokyo_site_a3a002c313cc,稲荷町変電所,tokyo,w244128745,none,1,0,0,0,0,0,0,0,0,0,0,,,no_observed,0,0,1,0,0,0,0
tokyo_site_a3ac79e315fc,裾野変電所,tokyo,w1205918193,lines_only,2,2,0,0,0,0,0,0,1,0,0,66/6,,no_observed,0,0,0,0,0,0,2
tokyo_site_a3bdec82170c,新羽変電所_2,tokyo,w738020212,none,0,0,0,0,0,0,0,0,0,0,0,,,no_observed,0,0,0,0,0,0,0
tokyo_site_a3e9043f224b,神田交直流変電所,tokyo,w108891396,none,0,0,0,0,0,0,0,0,0,0,0,,,no_observed,0,0,0,0,0,0,0
tokyo_site_a3f1d1ba7060,舞浜(大字)変電所,tokyo,w1417172063,none,0,0,0,0,0,0,0,0,0,0,0,,,no_observed,0,0,0,0,0,0,0
tokyo_site_a3fe88cf7c7a,来宮変電所,tokyo,w377819034,conductors_only,1,1,0,1,1,1,1,0,0,0,0,,,no_observed,1,5,0,1,0,0,0
tokyo_site_a45f347cd6d8,冨里変電所,tokyo,w1059579688,lines_only,1,1,0,0,0,0,0,0,0,0,0,,,no_observed,0,1,1,0,0,0,0
tokyo_site_a48e0eb6f67a,御宿変電所,tokyo,w1132599137,lines_only,2,1,0,0,0,0,0,0,1,0,0,66/1,,no_observed,0,1,0,0,1,0,0
tokyo_site_a498134d18a0,小諸市変電所,tokyo,w677523411,none,0,0,0,0,0,0,0,0,0,0,0,,,no_observed,0,0,0,0,0,0,0
tokyo_site_a4c54ffc962b,佐貫町変電所,tokyo,w171407311,conductors_only,2,1,0,1,0,0,0,0,1,0,0,66/1,,no_observed,0,2,3,1,0,0,0
tokyo_site_a4dd145e909b,土樽変電所_2,tokyo,w760531676,none,0,0,0,0,0,0,0,0,0,0,0,,,no_observed,0,0,3,0,0,0,0
tokyo_site_a4dee71e0b37,駿河台二丁目変電所,tokyo,w893424899,lines_only,1,1,0,0,0,0,0,0,0,0,0,,,no_observed,0,0,5,0,0,0,2
tokyo_site_a4e13533944e,三浦変電所,tokyo,w249084097,lines_only,2,2,0,0,0,0,0,0,1,0,0,66/6,,no_observed,0,0,0,0,0,0,2
tokyo_site_a5000c010f71,中央一丁目変電所,tokyo,w519603977,lines_only,1,1,0,0,0,0,0,0,0,0,0,,,no_observed,0,1,0,0,1,0,0
tokyo_site_a51ca5f4a812,新宿町変電所,tokyo,w1355273278,none,1,0,0,0,0,0,0,0,0,0,0,,,no_observed,0,0,1,0,0,0,0
tokyo_site_a535420070dc,野田変電所,tokyo,w199261539,conductors_only,1,1,0,1,0,0,0,0,0,0,0,,,no_observed,0,2,6,2,0,0,0
tokyo_site_a5954f3f503f,東取手変電所,tokyo,w1077613544,lines_only,1,1,0,0,0,0,0,0,0,0,0,,,no_observed,0,1,0,0,1,0,0
tokyo_site_a5a859ed2fe3,松尾変電所,tokyo,w1018781935,conductors_only,1,1,0,1,0,0,0,0,0,0,0,,,no_observed,0,2,6,1,0,0,0
tokyo_site_a5c3a2af1785,大津変電所,tokyo,w520108664,none,1,0,0,0,0,0,0,0,0,0,0,,,no_observed,0,0,3,0,0,0,0
tokyo_site_a5c3d1ca5601,小倉開閉所,tokyo,w1220955598,partial,2,1,0,1,0,0,0,1,1,0,0,154/66,,no_observed,0,12,3,4,0,0,0
tokyo_site_a5eb1e87a7b9,西千葉変電所,tokyo,w1135062630,lines_only,1,1,0,0,0,0,0,0,0,0,0,,,no_observed,0,1,11,0,1,0,0
tokyo_site_a60cf7be8cb2,国際電電八俣変電所,tokyo,w194665469,conductors_only,1,1,0,1,0,0,0,0,0,0,0,,,no_observed,0,2,5,1,0,0,0
tokyo_site_a62fbee63008,中央新幹線 都留変電所,tokyo,w341224663,partial,1,1,0,1,0,0,0,0,0,2,2,,,no_observed,0,2,3,2,0,0,4
tokyo_site_a63f5bf1aec7,大胡変電所,tokyo,w951591979,partial,1,1,0,0,0,0,0,1,0,1,0,,,no_observed,0,1,11,0,1,0,0
tokyo_site_a648ca54a2e1,沼田変電所,tokyo,w1046064523,conductors_only,1,1,0,1,0,0,0,0,0,0,0,,,no_observed,0,2,3,1,0,0,0
tokyo_site_a64e82eadd4c,角崎変電所,tokyo,w1153141957,conductors_only,1,1,0,1,0,0,0,0,0,0,0,,,no_observed,0,5,0,1,0,0,0
tokyo_site_a64e9dca8803,さちが丘変電所,tokyo,w147612246,lines_only,1,1,0,1,0,0,0,0,0,0,0,,,no_observed,0,2,0,0,0,2,0
tokyo_site_a6571ac49f90,六浦変電所,tokyo,w328088175,conductors_only,2,2,0,1,0,0,0,0,1,0,0,66/6,,no_observed,0,2,4,1,0,0,0
tokyo_site_a66b52666429,中里変電所,tokyo,w340341573,conductors_only,1,1,0,1,0,0,0,0,0,0,0,,,no_observed,0,5,2,1,0,0,0
tokyo_site_a695cf717389,犬伏変電所,tokyo,w201308560,partial,1,1,0,1,0,0,0,0,0,3,0,,,no_observed,0,11,6,1,0,0,0
tokyo_site_a6fef7619010,八ツ沢変電所,tokyo,w1081219739,lines_only,2,2,0,1,0,0,0,0,1,0,0,77/66,,no_observed,0,3,0,0,3,0,0
tokyo_site_a70d8bb9bb3a,三ヶ尾変電所,tokyo,w1076455498,layout_only,4,1,4,0,0,0,0,0,3,2,0,500/275;275/154;154/66,,no_observed,23,1,71,0,1,0,0
tokyo_site_a7207e01f487,八幡町二丁目変電所,tokyo,n2130260728,none,0,0,0,0,0,0,0,0,0,0,0,,,no_observed,0,0,0,0,0,0,0
tokyo_site_a79e9a60bee7,奥戸変電所,tokyo,w757792874,lines_only,1,1,0,1,0,0,0,0,0,0,0,,,no_observed,0,2,0,0,0,2,0
tokyo_site_a7d8e05f9d34,内原変電所,tokyo,w1150604658,lines_only,1,2,0,0,0,0,0,0,0,0,0,,,no_observed,0,0,0,0,0,0,4
tokyo_site_a7f064ccd599,上和田変電所,tokyo,w175558575,conductors_only,2,2,0,1,0,0,0,0,1,0,0,66/6,,no_observed,0,4,0,2,0,0,0
tokyo_site_a80412682b43,中宿一丁目変電所,tokyo,w1025139276,none,1,0,0,0,0,0,0,0,0,0,0,,,no_observed,0,0,6,0,0,0,0
tokyo_site_a849990fc96a,沼津変電所,tokyo,w1411808320,none,1,0,1,0,0,0,0,0,0,0,0,,,no_observed,4,0,5,0,0,0,0
tokyo_site_a8506d7c7a87,瑞穂変電所,tokyo,w194806791,conductors_only,2,1,0,1,0,0,0,0,1,0,0,154/66,,no_observed,0,4,2,2,0,0,0
tokyo_site_a86143804bb7,白子変電所,tokyo,w191762638,lines_only,1,1,0,0,0,0,0,0,0,0,0,,,no_observed,0,1,0,0,1,0,0
tokyo_site_a88cbcdfb34e,大穂変電所,tokyo,w702699058,conductors_only,1,1,0,1,0,0,0,0,0,0,0,,,no_observed,0,6,1,2,0,0,0
tokyo_site_a8aab0130ca4,小海町変電所_2,tokyo,w738027103,lines_only,1,1,0,0,0,0,0,0,0,0,0,,,no_observed,0,1,3,0,1,0,0
tokyo_site_a8fde4a8a6dd,扇町五丁目変電所,tokyo,w567187888,none,3,0,0,0,0,0,0,0,2,0,0,77/66;66/22,,no_observed,0,0,14,0,0,0,0
tokyo_site_a91214c9ee16,大字神鳥谷変電所,tokyo,w740115761,lines_only,1,0,0,1,0,0,0,0,0,0,0,,,no_observed,0,2,3,0,0,0,0
tokyo_site_a91490685c02,木更津変電所,tokyo,w1132698410,lines_only,1,1,0,1,0,0,0,0,0,0,0,,,no_observed,0,4,11,0,4,0,0
tokyo_site_a9352d9bec53,大滝町一丁目変電所,tokyo,w440895735,lines_only,2,2,0,0,0,0,0,0,1,0,0,66/6,,no_observed,0,1,0,0,1,0,0
tokyo_site_a93611f5f3aa,作草部変電所,tokyo,w1135062626,lines_only,1,1,0,0,0,0,0,0,0,0,0,,,no_observed,0,0,2,0,0,2,0
tokyo_site_a9364075dea3,あざみ野変電所,tokyo,w1291369282,none,0,0,0,0,0,0,0,0,0,0,0,,,no_observed,0,0,0,0,0,0,0
tokyo_site_a98416271457,世良田変電所,tokyo,w485804500,lines_only,1,1,0,1,0,0,0,0,0,0,0,,,no_observed,0,2,4,0,2,0,0
tokyo_site_a9a5809e50c2,中丸変電所,tokyo,w1150074857,none,1,0,0,0,0,0,0,0,0,0,0,,,no_observed,0,0,0,0,0,0,0
tokyo_site_a9a7df3e1b68,佐波変電所,tokyo,w250626570,mapped,2,2,4,0,2,4,8,0,1,2,2,154/66,154/66,same,4,3,4,3,0,0,4
tokyo_site_a9b0406ff72a,麻生変電所,tokyo,w1074709508,conductors_only,1,1,0,1,0,0,0,0,0,0,0,,,no_observed,0,5,0,1,0,0,0
tokyo_site_aa0a84c5bb76,西亀有変電所,tokyo,w1144576908,lines_only,1,1,0,0,0,0,0,0,0,0,0,,,no_observed,0,0,15,0,0,3,2
tokyo_site_aa227c081478,栗山変電所,tokyo,w1154147631,none,1,0,0,0,0,0,0,0,0,0,0,,,no_observed,0,0,8,0,0,0,0
tokyo_site_aa6371580617,長浦変電所,tokyo,w1133347153,conductors_only,1,1,0,1,0,0,0,0,0,0,0,,,no_observed,0,5,5,1,0,0,0
tokyo_site_aabfbb041448,米ケ崎町変電所,tokyo,w893424898,lines_only,0,1,0,0,0,0,0,0,0,0,0,,,no_observed,0,0,0,0,0,0,2
tokyo_site_aafeec6827ec,美笹変電所,tokyo,w191146904,none,2,0,0,0,0,0,0,0,1,0,0,154/66,,no_observed,0,0,6,0,0,0,0
tokyo_site_ab4065c3cbe8,見沼三丁目変電所,tokyo,w802559092,lines_only,0,0,0,0,0,0,0,0,0,0,0,,,no_observed,0,0,2,0,0,0,0
tokyo_site_ab8320983371,北川口変電所,tokyo,w133355527,conductors_only,1,1,0,1,0,0,0,0,0,0,0,,,no_observed,0,4,0,2,0,0,0
tokyo_site_ab9a03bb59ab,富岡変電所,tokyo,w197899162,conductors_only,2,2,0,1,0,0,0,0,1,0,0,154/22,,no_observed,0,6,1,1,1,0,0
tokyo_site_ab9c01d73145,片柳変電所,tokyo,w1080161238,conductors_only,1,1,0,1,0,0,0,0,0,0,0,,,no_observed,0,5,2,1,0,0,0
tokyo_site_ab9d04446c5a,広沢変電所,tokyo,w1080198865,conductors_only,1,1,0,1,0,0,0,0,0,0,0,,,no_observed,0,2,9,1,0,0,0
tokyo_site_abf6c5c1ca60,川尻町六丁目変電所,tokyo,w1153922317,conductors_only,1,1,0,1,0,0,0,0,0,0,0,,,no_observed,0,2,3,1,0,0,0
tokyo_site_ac492d950b9a,永代橋変電所,tokyo,w405537854,lines_only,1,1,0,0,0,0,0,0,0,0,0,,,no_observed,0,0,0,0,0,2,0
tokyo_site_ac51e4ee9d25,小浜町変電所,tokyo,w621630541,lines_only,0,0,0,0,0,0,0,0,0,0,0,,,no_observed,0,1,3,0,0,0,0
tokyo_site_ac54c5717097,大庭変電所,tokyo,w164272428,lines_only,1,1,0,0,0,0,0,0,0,0,0,,,no_observed,0,0,1,0,0,0,2
tokyo_site_ac62359e7ab2,流山変電所,tokyo,w1141927429,lines_only,1,1,0,1,0,0,0,0,0,0,0,,,no_observed,0,2,4,0,2,0,0
tokyo_site_acba9f644f41,東日本旅客鉄道(株)神保原変電所,tokyo,w646863233,none,1,0,0,0,0,0,0,0,0,0,0,,,no_observed,0,0,5,0,0,0,0
tokyo_site_ace65463f965,銚子変電所,tokyo,w151302954,conductors_only,1,1,0,1,0,0,0,0,0,0,0,,,no_observed,0,4,5,1,0,0,0
tokyo_site_ace9eb60a21c,練馬変電所,tokyo,w653499539,lines_only,2,2,0,0,0,0,0,0,1,0,0,275/66,,no_observed,0,1,1,0,1,0,0
tokyo_site_ad19d35410e0,羽生変電所 (Hanyū Hendensho),tokyo,w195278829,lines_only,1,1,0,0,0,0,0,0,0,0,0,,,no_observed,0,0,4,0,0,0,2
tokyo_site_ad39eaa4fc70,海老瀬変電所,tokyo,w763019437,conductors_only,1,1,0,2,0,0,0,0,0,0,0,,,no_observed,0,6,0,0,0,2,0
tokyo_site_ad798cb716f0,川口変電所,tokyo,w1150061692,none,1,0,0,0,0,0,0,0,0,0,0,,,no_observed,0,0,0,0,0,0,0
tokyo_site_adc3bd879399,祐天寺変電所,tokyo,w186798270,none,0,0,0,0,0,0,0,0,0,0,0,,,no_observed,0,0,0,0,0,0,0
tokyo_site_adc95967a70a,北坂戸変電所,tokyo,w1341483921,lines_only,1,2,0,0,0,0,0,0,0,0,0,,,no_observed,0,0,3,0,0,0,4
tokyo_site_adcf8a01e995,神立変電所_2,tokyo,w760531677,lines_only,0,0,0,0,0,0,0,0,0,0,0,,,no_observed,0,1,3,0,0,0,0
tokyo_site_aded7395a25a,横瀬変電所,tokyo,w1131420216,lines_only,1,1,0,1,0,0,0,0,0,0,0,,,no_observed,0,2,0,0,0,2,0
tokyo_site_adf8a2d14fc0,港南台変電所,tokyo,w328143025,conductors_only,2,2,0,1,0,0,0,0,1,0,0,154/66,,no_observed,0,2,11,1,0,0,2
tokyo_site_ae1f28381c8f,西毛変電所,tokyo,w170767190,mapped,2,2,2,0,2,6,8,0,1,2,2,275/66,275/66,same,12,3,9,5,0,0,0
tokyo_site_ae7547efb7b8,白根変電所,tokyo,w328372910,lines_only,1,1,0,1,0,0,0,0,0,0,0,,,no_observed,0,2,4,0,2,4,0
tokyo_site_ae7a5090a071,館林変電所,tokyo,w1065989091,lines_only,1,1,0,0,0,0,0,0,0,0,0,,,no_observed,0,1,2,0,1,0,0
tokyo_site_ae7f8fa2f4e6,松尾変電所,tokyo,w151860001,lines_only,1,1,0,1,0,0,0,0,0,0,0,,,no_observed,0,2,0,0,0,2,0
tokyo_site_ae8c8784fbe4,増戸変電所,tokyo,w888759936,conductors_only,1,2,0,1,0,0,0,0,0,0,0,,,no_observed,0,5,1,3,0,2,2
tokyo_site_ae9e17000971,東京電力 森野変電所,tokyo,n11228505385,none,1,0,0,0,0,0,0,0,0,0,0,,,no_observed,0,0,2,0,0,0,0
tokyo_site_aecb029f2da4,若葉変電所,tokyo,w1295422529,partial,2,3,0,0,0,0,0,0,1,1,1,66/1,,no_observed,0,0,0,4,0,0,0
tokyo_site_af2e62a8766c,館山変電所,tokyo,w745284624,conductors_only,1,1,0,1,0,0,0,0,0,0,0,,,no_observed,0,10,0,2,0,0,0
tokyo_site_af470383acdf,椿本チエイン変電所,tokyo,w891064452,conductors_only,1,1,0,1,0,0,0,0,0,0,0,,,no_observed,0,5,1,1,0,0,0
tokyo_site_af477e998035,比々多変電所,tokyo,w1476543685,none,1,0,0,0,0,0,0,0,0,0,0,,,no_observed,0,0,1,0,0,0,0
tokyo_site_af4e889e428b,大麻生変電所,tokyo,w315385220,lines_only,1,1,0,0,0,0,0,0,0,0,0,,,no_observed,0,1,1,0,1,0,0
tokyo_site_af52d4c6fcce,字馬場変電所,tokyo,w1124671085,none,0,0,0,0,0,0,0,0,0,0,0,,,no_observed,0,0,0,0,0,0,0
tokyo_site_af6d03102200,東京電力 三鷹台変電所,tokyo,w40247412,lines_only,2,2,0,1,0,0,0,0,1,0,0,154/66,,no_observed,0,2,4,0,0,4,0
tokyo_site_af8683d8bae5,ロイヤルカントリーメガソーラー発電所変電設備,tokyo,w1478502737,conductors_only,1,1,0,1,0,0,0,0,0,0,0,,,no_observed,0,5,6,1,0,0,0
tokyo_site_af8cd7926379,中袖変電所,tokyo,w211412000,lines_only,2,1,0,1,0,0,0,0,1,0,0,500/66,,no_observed,0,2,13,0,2,0,0
tokyo_site_af9709bee4ba,金杉八丁目変電所,tokyo,w891706483,none,0,0,0,0,0,0,0,0,0,0,0,,,no_observed,0,0,0,0,0,0,0
tokyo_site_afabe9c03728,韮山変電所,tokyo,w1317812817,lines_only,0,1,0,0,0,0,0,0,0,0,0,,,no_observed,0,0,0,0,0,0,2
tokyo_site_aff0acd93849,久留里変電所,tokyo,w172414447,conductors_only,1,1,0,1,0,0,0,0,0,0,0,,,no_observed,0,2,4,2,0,0,0
tokyo_site_b0373294fa64,大田原変電所,tokyo,w104706912,conductors_only,1,1,0,1,0,0,0,0,0,0,0,,,no_observed,0,2,4,1,0,0,0
tokyo_site_b0be057c06b9,仲手原一丁目変電所,tokyo,n2000826382,none,2,0,0,0,0,0,0,0,1,0,0,154/66,,no_observed,0,0,12,0,0,0,0
tokyo_site_b0d912aa5a53,西厚木変電所,tokyo,w624056969,none,2,0,0,0,0,0,0,0,1,0,0,154/66,,no_observed,0,0,9,0,0,0,0
tokyo_site_b0df0f3324f1,東京急行電鉄(株) 田奈変電所,tokyo,n4332294352,none,1,0,0,0,0,0,0,0,0,0,0,,,no_observed,0,0,1,0,0,0,0
tokyo_site_b0f7fd5c4a4a,船尾変電所,tokyo,w1322923168,none,0,0,0,0,0,0,0,0,0,0,0,,,no_observed,0,0,0,0,0,0,0
tokyo_site_b120ad985a51,幸田変電所,tokyo,w1082831698,conductors_only,1,1,0,1,0,0,0,0,0,0,0,,,no_observed,0,5,0,1,0,0,0
tokyo_site_b124d2b5f977,亀井野変電所,tokyo,w172043017,lines_only,1,1,0,0,0,0,0,0,0,0,0,,,no_observed,0,1,1,0,1,0,0
tokyo_site_b148541ba011,鮎川変電所,tokyo,w962494351,conductors_only,2,1,2,0,0,0,8,0,1,0,0,275/66,,no_observed,12,2,4,1,0,0,0
tokyo_site_b17bba025f31,天王洲変電所,tokyo,w162946607,none,1,0,0,0,0,0,0,0,0,0,0,,,no_observed,0,0,0,0,0,0,0
tokyo_site_b1eeab514b0c,田野倉変電所,tokyo,w341217005,lines_only,1,1,0,1,0,0,0,0,0,0,0,,,no_observed,0,2,12,0,2,0,0
tokyo_site_b203c5d2238a,下丸子一丁目変電所,tokyo,w225414665,none,1,0,0,0,0,0,0,0,0,0,0,,,no_observed,0,0,7,0,0,0,0
tokyo_site_b223c492dc28,平出工業団地変電所,tokyo,w199419212,partial,1,1,0,0,0,0,1,0,0,2,0,,,no_observed,1,0,7,1,0,0,0
tokyo_site_b23166cfe14d,筑波西部変電所,tokyo,w1140763571,lines_only,2,2,0,0,0,0,0,0,1,0,0,154/22,,no_observed,0,0,0,0,0,0,2
tokyo_site_b26f7902bff9,古間木変電所,tokyo,w340364992,conductors_only,1,1,0,1,0,0,0,0,0,0,0,,,no_observed,0,2,12,1,0,0,0
tokyo_site_b2a15e772452,石神井変電所,tokyo,w806880279,none,0,0,0,0,0,0,0,0,0,0,0,,,no_observed,0,0,0,0,0,0,0
tokyo_site_b2cf4cda5ae4,宝木変電所,tokyo,w238132187,lines_only,1,1,0,0,0,0,0,0,0,0,0,,,no_observed,0,0,0,0,0,0,2
tokyo_site_b2f306fd46a2,東池袋変電所,tokyo,n10698647411,none,1,0,0,0,0,0,0,0,0,0,0,,,no_observed,0,0,0,0,0,0,0
tokyo_site_b3140928a606,幸松変電所,tokyo,w1076272591,lines_only,1,1,0,1,0,0,0,0,0,0,0,,,no_observed,0,2,4,0,2,0,0
tokyo_site_b33794b04427,栃山開閉所,tokyo,w1061328157,partial,2,1,0,1,0,0,0,1,1,0,0,154/66,,no_observed,0,6,9,2,0,0,0
tokyo_site_b3a88b4740fe,大森西二丁目変電所,tokyo,w730944067,none,0,0,0,0,0,0,0,0,0,0,0,,,no_observed,0,0,0,0,0,0,0
tokyo_site_b3abe3f915ca,貝地変電所,tokyo,w1074701203,conductors_only,1,1,0,1,0,0,0,0,0,0,0,,,no_observed,0,2,3,1,0,0,0
tokyo_site_b3f1581a2e4d,武州中川変電所,tokyo,w73816638,conductors_only,3,1,4,0,0,0,19,0,2,0,0,154/66;66/33,,no_observed,10,5,21,1,0,0,0
tokyo_site_b4454d052d89,,tokyo,w130545330,lines_only,0,1,0,0,0,0,0,0,0,0,0,,,no_observed,0,0,0,0,0,0,2
tokyo_site_b47951c5dfa0,北浜変電所,tokyo,w754094563,conductors_only,2,1,0,1,0,0,0,0,1,0,0,275/66,,no_observed,0,2,38,1,0,0,0
tokyo_site_b4ab5444d3bf,鰐川変電所,tokyo,w168852840,conductors_only,2,2,0,1,0,0,0,0,1,0,0,275/66,,no_observed,0,9,3,6,0,4,8
tokyo_site_b4b78ca731a6,豊島変電所,tokyo,w1078891456,none,1,0,0,0,0,0,0,0,0,0,0,,,no_observed,0,0,0,0,0,0,0
tokyo_site_b4ccc1da3604,東光台変電所,tokyo,w288351417,lines_only,1,1,0,0,0,0,0,0,0,0,0,,,no_observed,0,1,0,0,1,0,0
tokyo_site_b4fe8c9b94ca,本大久保変電所,tokyo,w1136861741,none,1,0,0,0,0,0,0,0,0,0,0,,,no_observed,0,0,0,0,0,0,0
tokyo_site_b5253b6360c9,弓田変電所,tokyo,w761815700,lines_only,1,1,0,0,0,0,0,0,0,0,0,,,no_observed,0,1,0,0,1,0,0
tokyo_site_b542d5dd13ce,清滝新細尾町変電所,tokyo,w708071642,lines_only,2,1,0,2,0,0,0,0,1,0,0,66/11,,no_observed,0,4,12,0,2,0,0
tokyo_site_b586818f614a,八幡変電所,tokyo,w1137488344,none,1,0,0,0,0,0,0,0,0,0,0,,,no_observed,0,0,0,0,0,0,0
tokyo_site_b5b6a4f40746,千鳥町変電所_3,tokyo,w708227245,none,1,0,0,0,0,0,0,0,0,0,0,,,no_observed,0,0,4,0,0,0,0
tokyo_site_b60bffab56f4,南狭山変電所,tokyo,w159491797,conductors_only,3,3,0,2,0,0,0,0,2,0,0,275/154;154/66,,no_observed,0,40,20,6,1,0,6
tokyo_site_b64d5422a889,有馬変電所,tokyo,w133655943,conductors_only,1,1,0,0,0,0,0,0,0,0,0,,,no_observed,0,1,3,0,0,2,0
tokyo_site_b6a9b1d3d19b,大野変電所,tokyo,w1141845429,lines_only,3,1,0,0,0,0,0,0,2,0,0,154/66;66/1,,no_observed,0,1,2,0,1,0,0
tokyo_site_b6aab2a5bcda,金子変電所,tokyo,w733856042,lines_only,1,1,0,0,0,0,0,0,0,0,0,,,no_observed,0,1,2,0,1,0,0
tokyo_site_b6c240fdd9c4,境上矢島変電所,tokyo,w467077350,lines_only,1,1,0,0,0,0,0,0,0,0,0,,,no_observed,0,1,6,0,1,0,0
tokyo_site_b70d9792452c,蒲田変電所,tokyo,w123206086,none,0,0,0,0,0,0,0,0,0,0,0,,,no_observed,0,0,0,0,0,0,0
tokyo_site_b775c660610d,梶野変電所,tokyo,w44778908,none,2,0,0,0,0,0,0,0,1,0,0,154/66,,no_observed,0,0,8,0,0,0,0
tokyo_site_b7d48d6e5353,中央変電所,tokyo,w199863761,none,0,0,0,0,0,0,0,0,0,0,0,,,no_observed,0,0,2,0,0,0,0
tokyo_site_b7db0a5f66c3,上尾市変電所,tokyo,w1282670234,lines_only,1,1,0,1,0,0,0,0,0,0,0,,,no_observed,0,2,3,0,2,0,0
tokyo_site_b7ebbce45577,武蔵境交流変電所,tokyo,w44778925,lines_only,2,2,0,1,0,0,0,0,1,0,0,154/66,,no_observed,0,4,4,0,4,0,0
tokyo_site_b7f89ad93245,新秦野変電所,tokyo,w149843487,partial,3,3,1,1,1,6,2,0,2,5,2,500/275;275/154,,no_observed,9,8,9,6,0,0,0
tokyo_site_b81a3c2bfc3f,新今市開閉所,tokyo,w168857610,mapped,1,1,0,1,0,0,1,8,0,0,0,,,no_observed,6,0,10,6,0,0,0
tokyo_site_b82233f1d2a6,高滝変電所,tokyo,w1133035744,conductors_only,1,1,0,1,0,0,0,0,0,0,0,,,no_observed,0,2,3,1,0,0,0
tokyo_site_b8315d9e9178,摺淵変電所,tokyo,w1083715863,lines_only,1,1,0,1,0,0,0,0,0,0,0,,,no_observed,0,2,6,0,2,0,0
tokyo_site_b843ba1a8b08,JR東日本浦和変電所,tokyo,n12248897050,none,0,0,0,0,0,0,0,0,0,0,0,,,no_observed,0,0,0,0,0,0,0
tokyo_site_b847f1701060,小野川変電所,tokyo,w210868173,conductors_only,1,1,0,1,0,0,0,0,0,0,0,,,no_observed,0,4,14,1,0,0,0
tokyo_site_b8ec509e7d4e,徳次郎変電所,tokyo,w1072474300,lines_only,2,1,0,1,0,0,0,0,1,0,0,500/154,,no_observed,0,2,2,0,0,2,0
tokyo_site_b909101e6947,下落合一丁目変電所,tokyo,w45661194,none,0,0,0,0,0,0,0,0,0,0,0,,,no_observed,0,0,0,0,0,0,0
tokyo_site_b92333e165c5,平出工業団地変電所_3,tokyo,w1154903567,conductors_only,1,1,0,1,0,0,0,0,0,0,0,,,no_observed,0,2,12,1,0,0,0
tokyo_site_b9513538f40b,武蔵増戸変電所,tokyo,w888759938,lines_only,1,1,0,0,0,0,0,0,0,0,0,,,no_observed,0,1,5,0,1,0,0
tokyo_site_b9a6b8b3c0d6,船子変電所,tokyo,w1391054026,none,2,0,0,0,0,0,0,0,1,0,0,154/66,,no_observed,0,0,9,0,0,0,0
tokyo_site_ba06bde5f1f9,吉井変電所,tokyo,w997601135,lines_only,1,1,0,1,0,0,0,0,0,0,0,,,no_observed,0,2,2,0,2,0,0
tokyo_site_ba36ccbf99a9,木皿変電所,tokyo,w1153911291,conductors_only,1,1,0,1,0,0,0,0,0,0,0,,,no_observed,0,2,2,2,0,0,0
tokyo_site_ba549babadc2,本動堂変電所,tokyo,w870639373,lines_only,1,1,0,0,0,0,0,0,0,0,0,,,no_observed,0,0,0,0,0,0,2
tokyo_site_baa643bce2ce,三枚町変電所,tokyo,w427143518,none,2,0,0,0,0,0,0,0,1,0,0,6/1,,no_observed,0,0,0,0,0,0,0
tokyo_site_bab8af1116b3,柳瀬変電所,tokyo,w1443598872,conductors_only,2,2,0,1,0,0,0,0,1,0,0,66/6,,no_observed,0,4,0,2,0,0,0
tokyo_site_bae8541ab535,大洋変電所,tokyo,w1074717044,conductors_only,1,1,0,1,0,0,0,0,0,0,0,,,no_observed,0,6,0,1,1,0,0
tokyo_site_bb29c70929eb,若林二丁目変電所,tokyo,w41955092,lines_only,1,0,0,0,0,0,0,0,0,0,0,,,no_observed,0,0,2,0,0,0,0
tokyo_site_bb52236e5e7b,飯山変電所,tokyo,w1157124212,lines_only,1,1,0,1,0,0,0,0,0,0,0,,,no_observed,0,2,0,0,0,2,0
tokyo_site_bb52594f3225,上里変電所,tokyo,w728013143,lines_only,1,1,0,1,0,0,0,0,0,0,0,,,no_observed,0,2,2,0,2,0,0
tokyo_site_bb58d995652c,港南台変電所,tokyo,w903325440,lines_only,1,1,0,0,0,0,0,0,0,0,0,,,no_observed,0,0,0,0,0,0,2
tokyo_site_bbab371d8f7b,三井E&S受電所,tokyo,w315461255,conductors_only,1,1,0,1,0,0,0,0,0,0,0,,,no_observed,0,2,9,2,0,0,0
tokyo_site_bbc850815056,萱橋変電所,tokyo,w1063520312,lines_only,1,1,0,1,0,0,0,0,0,0,0,,,no_observed,0,2,3,0,0,0,0
tokyo_site_bbe761849f02,新多摩変電所,tokyo,w145079972,partial,2,2,13,0,15,21,24,14,1,6,2,500/275,500/275,same,8,2,16,6,0,0,0
tokyo_site_bbebe629d61a,川治変電所,tokyo,w1072931704,lines_only,1,1,0,1,0,0,0,0,0,0,0,,,no_observed,0,2,10,0,2,0,0
tokyo_site_bc1fcf0c5cc7,蒲田変電所,tokyo,w739016468,none,1,0,0,0,0,0,0,0,0,0,0,,,no_observed,0,0,0,0,0,0,0
tokyo_site_bc4302d9e8fa,菅生変電所,tokyo,r15594383,partial,1,1,0,0,0,0,0,0,0,3,0,,,no_observed,0,0,10,4,0,0,0
tokyo_site_bc53f23d1cf3,所沢変電所,tokyo,w1149071713,conductors_only,1,1,0,0,0,0,0,0,0,0,0,,,no_observed,0,1,6,2,0,0,0
tokyo_site_bc67f084d109,榎戸一丁目変電所,tokyo,w1201405779,lines_only,1,1,0,1,0,0,0,0,0,0,0,,,no_observed,0,2,0,0,0,2,0
tokyo_site_bc761a215f6f,新筑波変電所,tokyo,w132913106,mapped,2,2,2,0,2,2,6,0,1,3,3,500/154,500/154,same,10,5,20,12,2,0,16
tokyo_site_bca8c3d3798a,小山一丁目変電所,tokyo,w802384762,partial,1,1,0,0,0,0,0,2,0,1,1,,,no_observed,0,1,7,5,0,0,0
tokyo_site_bcafc79a618a,別堀変電所,tokyo,w1365678848,lines_only,1,1,0,0,0,0,0,0,0,0,0,,,no_observed,0,1,0,0,1,0,0
tokyo_site_bcb18e98dccf,新岡部変電所,tokyo,w315434358,mapped,3,3,11,0,13,17,22,2,2,5,5,500/275;275/154,500/275;500/154,contradicts,14,25,3,7,0,0,0
tokyo_site_bcc42b8e6f20,武里変電所,tokyo,w519603997,lines_only,1,1,0,0,0,0,0,0,0,0,0,,,no_observed,0,1,3,0,1,0,0
tokyo_site_bd3381e33c0a,厚木変電所,tokyo,w47027176,none,0,0,0,0,0,0,0,0,0,0,0,,,no_observed,0,0,0,0,0,0,0
tokyo_site_bd9bdb92c80c,千葉ニュータウン変電所,tokyo,w1127642308,lines_only,2,2,0,0,0,0,0,0,1,0,0,154/66,,no_observed,0,2,0,0,1,2,0
tokyo_site_bdb5b524b6dc,栄町変電所,tokyo,w193191579,none,1,0,0,0,0,0,0,0,0,0,0,,,no_observed,0,0,2,0,0,0,0
tokyo_site_bdb98b2480da,渋沢二丁目変電所,tokyo,w568432810,lines_only,1,1,0,0,0,0,0,0,0,0,0,,,no_observed,0,1,6,0,1,0,0
tokyo_site_bdfff566f68e,東海町変電所,tokyo,w149844268,none,1,0,0,0,0,0,0,0,0,0,0,,,no_observed,0,0,0,0,0,0,0
tokyo_site_be05b2a693f4,樋口変電所,tokyo,w315385216,lines_only,1,1,0,0,0,0,0,0,0,0,0,,,no_observed,0,1,0,0,1,0,0
tokyo_site_be7bd218dfdb,鷲宿変電所,tokyo,w736674466,lines_only,1,1,0,0,0,0,0,0,0,0,0,,,no_observed,0,1,0,0,1,0,0
tokyo_site_bea85363f0a0,西相模変電所,tokyo,w205505035,conductors_only,3,2,2,2,0,0,6,0,2,0,0,154/77;77/66,,no_observed,13,6,6,3,4,0,16
tokyo_site_befe65bdc586,京北変電所,tokyo,w708227262,partial,3,3,0,3,0,0,0,0,2,2,0,275/154;154/66,,no_observed,0,37,20,7,5,4,2
tokyo_site_bf105b7f9d6a,東京電力海瀬発電所,tokyo,w697822761,lines_only,1,1,0,0,0,0,0,0,0,0,0,,,no_observed,0,1,1,0,1,0,0
tokyo_site_bf24cfcf765f,駿東変電所,tokyo,w191725218,conductors_only,2,2,0,1,0,0,0,0,1,0,0,154/66,,no_observed,0,4,5,2,4,0,0
tokyo_site_bf27acec8375,六供変電所,tokyo,w324151448,none,1,0,0,0,0,0,0,0,0,0,0,,,no_observed,0,0,0,0,0,0,0
tokyo_site_bf3aabf8d751,布佐変電所,tokyo,w1127639316,lines_only,1,1,0,0,0,0,0,0,0,0,0,,,no_observed,0,1,0,0,1,0,0
tokyo_site_bf4e72c95495,笠松変電所,tokyo,w1075021366,conductors_only,2,1,0,1,0,0,0,0,1,0,0,154/66,,no_observed,0,2,6,1,0,0,0
tokyo_site_bf55e0dcb8d2,高座変電所,tokyo,w921715419,none,0,0,0,0,0,0,0,0,0,0,0,,,no_observed,0,0,0,0,0,0,0
tokyo_site_bfd26d5647c1,江北五丁目変電所,tokyo,w1418346083,lines_only,1,1,0,0,0,0,0,0,0,0,0,,,no_observed,0,0,6,0,0,3,4
tokyo_site_bfe6a9b9af92,守谷変電所,tokyo,w202589895,none,1,0,0,0,0,0,0,0,0,0,0,,,no_observed,0,0,1,0,0,0,0
tokyo_site_c01b426d27e8,那古船形変電所,tokyo,w1132630432,lines_only,2,1,0,0,0,0,0,0,1,0,0,66/1,,no_observed,0,1,2,0,1,0,0
tokyo_site_c03fb45f3d6c,広野台二丁目変電所,tokyo,w1444044792,none,1,0,0,0,0,0,0,0,0,0,0,,,no_observed,0,0,15,0,0,0,0
tokyo_site_c043b6fad7ae,太田変電所,tokyo,w790389551,lines_only,1,1,0,0,0,0,0,0,0,0,0,,,no_observed,0,1,1,0,1,0,0
tokyo_site_c0695e79fc9f,鹿沼変電所,tokyo,w238135946,none,1,0,0,0,0,0,1,0,0,0,0,,,no_observed,1,0,4,0,0,0,0
tokyo_site_c08bf4e2d257,綿貫町変電所,tokyo,w172576704,lines_only,0,0,0,0,0,0,0,0,0,0,0,,,no_observed,0,1,0,0,0,0,0
tokyo_site_c0f6c732caa7,下仁田変電所,tokyo,w519907775,lines_only,1,1,0,0,0,0,0,0,0,0,0,,,no_observed,0,1,0,0,1,0,0
tokyo_site_c1001c4ca842,美野里変電所,tokyo,w638186011,conductors_only,1,1,0,1,0,0,0,0,0,0,0,,,no_observed,0,5,0,1,0,0,0
tokyo_site_c115a2c844e9,千歳変電所,tokyo,w38073309,partial,2,4,0,1,0,0,0,1,1,1,1,154/66,,no_observed,0,2,15,4,3,0,0
tokyo_site_c1732f190e0c,高林変電所,tokyo,w397807425,conductors_only,1,1,0,1,0,0,0,0,0,0,0,,,no_observed,0,2,3,1,0,0,0
tokyo_site_c173d6c6e398,森林公園変電所,tokyo,w1295836681,none,2,0,0,0,0,0,0,0,1,0,0,66/1,,no_observed,0,0,0,0,0,0,0
tokyo_site_c18961faa534,南大田変電所,tokyo,w1156487667,lines_only,2,2,0,0,0,0,0,0,1,0,0,154/66,,no_observed,0,1,2,0,1,0,0
tokyo_site_c1b7db2cd906,松ヶ丘変電所,tokyo,w708222709,none,2,0,0,0,0,0,0,0,1,0,0,66/1,,no_observed,0,0,9,0,0,0,0
tokyo_site_c1e49570df21,取手変電所,tokyo,w202589890,lines_only,1,1,0,1,0,0,0,0,0,0,0,,,no_observed,0,2,3,0,2,0,0
tokyo_site_c20ba04c5abf,豊岡変電所,tokyo,w133645287,lines_only,2,3,0,1,0,0,0,0,1,0,0,275/154,,no_observed,0,3,0,0,4,0,0
tokyo_site_c214fb3ea937,本町変電所,tokyo,w190593392,conductors_only,1,1,0,1,0,0,0,0,0,0,0,,,no_observed,0,2,5,2,0,0,0
tokyo_site_c21bbe202a09,新古河変電所,tokyo,w482125316,conductors_only,1,1,0,1,0,0,0,0,0,0,0,,,no_observed,0,2,4,0,1,0,0
tokyo_site_c21e1d9316c7,柏原変電所,tokyo,w256780415,lines_only,1,1,0,1,0,0,0,0,0,0,0,,,no_observed,0,2,4,0,2,0,0
tokyo_site_c2f5cdc78ba0,綾瀬五丁目変電所,tokyo,w195561856,lines_only,1,1,0,0,0,0,0,0,0,0,0,,,no_observed,0,1,10,0,0,6,2
tokyo_site_c306d0e3be83,見川変電所,tokyo,w753628335,conductors_only,2,2,0,1,0,0,0,0,1,0,0,66/6,,no_observed,0,2,3,1,0,0,0
tokyo_site_c3557f1f865a,堤変電所,tokyo,w845552524,none,0,0,0,0,0,0,0,0,0,0,0,,,no_observed,0,0,0,0,0,0,0
tokyo_site_c3619ce53084,藤岡変電所,tokyo,w585637707,lines_only,1,1,0,1,0,0,0,0,0,0,0,,,no_observed,0,2,3,0,2,0,0
tokyo_site_c37864e34cdb,下沖変電所,tokyo,w146839482,conductors_only,2,2,0,2,0,0,0,0,1,0,0,275/66,,no_observed,0,6,0,1,1,0,0
tokyo_site_c37c00f1c55f,松郷変電所,tokyo,w1383649223,conductors_only,2,2,0,2,0,0,0,0,1,0,0,154/66,,no_observed,0,6,3,1,0,2,0
tokyo_site_c38554fd3437,新富変電所,tokyo,w315461258,conductors_only,2,2,0,1,0,0,0,0,1,0,0,500/66,,no_observed,0,2,8,1,0,3,0
tokyo_site_c3b032aa1550,佐野変電所,tokyo,w195138485,conductors_only,2,2,0,2,0,0,0,0,1,0,0,154/66,,no_observed,0,29,7,5,1,0,0
tokyo_site_c3bf0370e301,子ノ神山開閉所,tokyo,w1443721146,partial,1,3,0,1,0,0,0,0,0,2,2,,,no_observed,0,6,8,6,2,0,0
tokyo_site_c3d259283d48,谷村変電所,tokyo,w341222391,partial,2,2,1,2,1,1,0,0,1,3,0,154/66,,no_observed,6,19,4,4,1,0,2
tokyo_site_c3d25933c1a2,多古変電所,tokyo,w639813482,lines_only,3,3,0,0,0,0,0,0,2,0,0,66/22;22/6,,no_observed,0,1,9,0,1,0,0
tokyo_site_c3d96878e717,前野変電所,tokyo,w1150073853,none,1,0,0,0,0,0,0,0,0,0,0,,,no_observed,0,0,0,0,0,0,0
tokyo_site_c3f75178274a,堀江変電所,tokyo,r21228199,none,1,0,0,0,0,0,0,0,0,0,0,,,no_observed,0,0,0,0,0,0,0
tokyo_site_c40da114eb2a,ＪＲ田浦変電所,tokyo,w205886203,none,2,0,0,0,0,0,0,0,1,0,0,66/1,,no_observed,0,0,6,0,0,0,0
tokyo_site_c4121ee15c3d,芝塚町変電所,tokyo,w126624009,lines_only,1,1,0,0,0,0,0,0,0,0,0,,,no_observed,0,1,0,0,1,0,0
tokyo_site_c43849603dde,箱根町変電所,tokyo,w409754436,lines_only,1,1,0,0,0,0,0,0,0,0,0,,,no_observed,0,1,6,0,1,3,2
tokyo_site_c457f527782f,六和変電所,tokyo,w1141865292,conductors_only,1,1,0,1,0,0,0,0,0,0,0,,,no_observed,0,2,3,1,0,0,0
tokyo_site_c45d7791a60c,徳丸変電所,tokyo,w1149824400,conductors_only,1,1,0,1,0,0,0,0,0,0,0,,,no_observed,0,4,2,2,0,0,0
tokyo_site_c4777a6fd9e8,DOWAハイテック変電所,tokyo,w886921062,lines_only,1,1,0,1,0,0,0,0,0,0,0,,,no_observed,0,2,4,0,2,0,0
tokyo_site_c4c29c977d6c,芝公園二丁目変電所,tokyo,w157104397,none,0,0,0,0,0,0,0,0,0,0,0,,,no_observed,0,0,0,0,0,0,0
tokyo_site_c4d0c901ecc7,平出変電所,tokyo,w979954362,none,0,0,0,0,0,0,0,0,0,0,0,,,no_observed,0,0,0,0,0,0,0
tokyo_site_c4fe5a4ebc5c,田名変電所_2,tokyo,w1385599343,conductors_only,1,1,0,1,0,0,0,0,0,0,0,,,no_observed,0,2,12,1,0,0,0
tokyo_site_c504cb0a9fd9,小八木町変電所,tokyo,w659944102,none,1,0,0,0,0,0,0,0,0,0,0,,,no_observed,0,0,6,0,0,0,0
tokyo_site_c519d5325948,小海町変電所_4,tokyo,w1086422158,lines_only,0,1,0,0,0,0,0,0,0,0,0,,,no_observed,0,0,0,0,0,0,2
tokyo_site_c522c1eabedc,真壁変電所,tokyo,w1075949659,lines_only,1,1,0,1,0,0,0,0,0,0,0,,,no_observed,0,2,3,0,2,0,0
tokyo_site_c526b499c462,宇都宮変電所,tokyo,w783825190,lines_only,1,1,0,0,0,0,0,0,0,0,0,,,no_observed,0,0,2,0,1,0,0
tokyo_site_c54917889dce,越後湯沢変電所,tokyo,w1192727532,lines_only,1,1,0,0,0,0,0,0,0,0,0,,,no_observed,0,1,1,0,1,0,0
tokyo_site_c57bc3a0f8b4,豊里変電所,tokyo,w1153951073,lines_only,1,1,0,1,0,0,0,0,0,0,0,,,no_observed,0,2,0,0,0,2,0
tokyo_site_c59022bcc94b,小木津変電所,tokyo,w1153922318,conductors_only,1,1,0,2,0,0,0,0,0,0,0,,,no_observed,0,6,5,3,0,0,0
tokyo_site_c5b3a0276c18,天沼変電所,tokyo,w195432021,none,1,0,0,0,0,0,0,0,0,0,0,,,no_observed,0,0,0,0,0,0,0
tokyo_site_c5be098da7aa,洗足池変電所,tokyo,n1232687146,none,1,0,0,0,0,0,0,0,0,0,0,,,no_observed,0,0,4,0,0,0,0
tokyo_site_c5e7adb41782,高砂町一丁目変電所,tokyo,w1182025448,none,0,0,0,0,0,0,0,0,0,0,0,,,no_observed,0,0,0,0,0,0,0
tokyo_site_c5ec10779f12,下高根沢変電所,tokyo,w1072863811,lines_only,1,1,0,1,0,0,0,0,0,0,0,,,no_observed,0,2,11,0,2,0,0
tokyo_site_c614c0ad7748,東電横須賀送電所,tokyo,w167742963,conductors_only,1,1,0,1,0,0,0,0,0,0,0,,,no_observed,0,4,0,2,0,0,0
tokyo_site_c6544664a78c,昭和変電所,tokyo,w641751151,none,1,0,0,0,0,0,0,0,0,0,0,,,no_observed,0,0,5,0,0,0,0
tokyo_site_c6c43a90f3a3,久喜変電所,tokyo,w783477602,none,1,0,0,0,0,0,0,0,0,0,0,,,no_observed,0,0,4,0,0,0,0
tokyo_site_c6cc66a1cbee,山中湖村変電所,tokyo,w202426842,none,0,0,0,0,0,0,0,0,0,0,0,,,no_observed,0,0,0,0,0,0,0
tokyo_site_c6dd2add9576,八千代変電所,tokyo,w202714095,conductors_only,2,1,1,1,0,0,3,0,1,0,0,500/154,,no_observed,2,5,5,1,0,0,0
tokyo_site_c73afa2709d5,有明二丁目変電所,tokyo,w899491795,lines_only,0,1,0,0,0,0,0,0,0,0,0,,,no_observed,0,0,0,0,0,0,2
tokyo_site_c73dc6cf3fcc,江原変電所,tokyo,w577976209,none,0,0,0,0,0,0,0,0,0,0,0,,,no_observed,0,0,0,0,0,0,0
tokyo_site_c7f18e299897,新羽変電所,tokyo,w135934894,lines_only,1,1,0,0,0,0,0,0,0,0,0,,,no_observed,0,0,0,0,0,0,2
tokyo_site_c81f6ae9f53e,宝町一丁目変電所,tokyo,w195561861,conductors_only,1,1,0,1,0,0,0,0,0,0,0,,,no_observed,0,3,1,3,0,0,2
tokyo_site_c8399e8eedaf,鹿留変電所,tokyo,w341228770,partial,2,1,1,0,1,1,0,0,1,2,0,66/11,,no_observed,0,4,10,4,4,0,8
tokyo_site_c83b444de0a2,加納変電所,tokyo,w1146179214,lines_only,1,1,0,0,0,0,0,0,0,0,0,,,no_observed,0,1,0,0,1,0,0
tokyo_site_c8b7198cd208,中都町四丁目変電所,tokyo,w761506898,lines_only,2,2,0,1,0,0,0,0,1,0,0,154/66,,no_observed,0,2,7,0,0,3,4
tokyo_site_c8c2e29a7e8d,本羽田三丁目変電所,tokyo,w298027052,conductors_only,1,1,0,1,0,0,0,0,0,0,0,,,no_observed,0,5,0,1,0,0,0
tokyo_site_c8ecccf9c0e1,緑町三丁目変電所,tokyo,w958541007,none,0,0,0,0,0,0,0,0,0,0,0,,,no_observed,0,0,0,0,0,0,0
tokyo_site_c90078615570,松岸変電所,tokyo,w151859976,lines_only,1,1,0,1,0,0,0,0,0,0,0,,,no_observed,0,2,4,0,2,0,0
tokyo_site_c90d233e56f2,九十九里変電所,tokyo,w1132104912,conductors_only,1,1,0,1,0,0,0,0,0,0,0,,,no_observed,0,2,3,1,0,0,0
tokyo_site_c933c6f5910b,手綱変電所,tokyo,w1078690274,conductors_only,1,1,0,1,0,0,0,0,0,0,0,,,no_observed,0,5,0,1,0,0,0
tokyo_site_c94ef63282c6,前久保変電所,tokyo,w315427096,none,2,0,0,0,0,0,1,0,1,0,0,154/66,,no_observed,0,0,2,0,0,0,0
tokyo_site_c97525ec786f,東野田変電所,tokyo,w191575370,conductors_only,1,1,0,1,0,0,0,0,0,0,0,,,no_observed,0,4,0,2,0,0,0
tokyo_site_c97babcd0fdf,二和東変電所,tokyo,w384844370,conductors_only,1,1,0,1,0,0,0,0,0,0,0,,,no_observed,0,6,0,2,0,0,0
tokyo_site_c988b6e9d17a,宮の郷町変電所,tokyo,w1150627655,lines_only,0,1,0,0,0,0,0,0,0,0,0,,,no_observed,0,0,2,0,0,0,2
tokyo_site_c98ee457cc6c,我孫子変電所,tokyo,w202589901,conductors_only,1,1,0,1,0,0,0,0,0,0,0,,,no_observed,0,2,3,1,0,0,0
tokyo_site_c9b3b4d10142,東新宿変電所,tokyo,w1078889985,lines_only,1,1,0,0,0,0,0,0,0,0,0,,,no_observed,0,1,0,0,1,0,0
tokyo_site_c9b48757fba8,乙女変電所,tokyo,w1062841405,conductors_only,1,1,0,1,0,0,0,0,0,0,0,,,no_observed,0,2,3,1,0,0,0
tokyo_site_c9be4f22f154,大町変電所,tokyo,w319512919,none,1,0,0,0,0,0,0,0,0,0,0,,,no_observed,0,0,0,0,0,0,0
tokyo_site_c9c65c96d1b8,君津変電所,tokyo,w1133014505,lines_only,2,1,0,0,0,0,0,0,1,0,0,66/1,,no_observed,0,1,3,0,1,0,0
tokyo_site_c9d5b5ad168e,幸手変電所,tokyo,w195981754,lines_only,1,1,0,0,0,0,0,0,0,0,0,,,no_observed,0,1,0,0,1,0,0
tokyo_site_c9fc3dbc0b83,日光市変電所,tokyo,w434921129,none,0,0,0,0,0,0,0,0,0,0,0,,,no_observed,0,0,0,0,0,0,0
tokyo_site_ca1206c51461,吾野変電所,tokyo,w592731896,lines_only,1,1,0,1,0,0,0,0,0,0,0,,,no_observed,0,2,9,0,2,0,0
tokyo_site_ca22ece02d8a,堀ノ内変電所,tokyo,w136059870,conductors_only,0,0,0,1,0,0,0,0,0,0,0,,,no_observed,0,3,1,0,0,0,0
tokyo_site_ca24d1964dcc,東浦和変電所,tokyo,w1150072774,none,1,0,0,0,0,0,0,0,0,0,0,,,no_observed,0,0,0,0,0,0,0
tokyo_site_ca3ad138b60b,美九里変電所,tokyo,w737024467,conductors_only,1,1,0,1,0,0,0,0,0,0,0,,,no_observed,0,5,8,1,0,0,0
tokyo_site_ca429cc71601,新柏変電所,tokyo,w1141931316,conductors_only,2,1,0,0,0,0,0,0,1,0,0,66/1,,no_observed,0,1,1,2,0,0,0
tokyo_site_ca56e9462b9e,前橋市変電所,tokyo,w796947092,lines_only,1,1,0,0,0,0,0,0,0,0,0,,,no_observed,0,1,4,0,1,0,0
tokyo_site_ca699f778da5,国立変電所,tokyo,w135273925,conductors_only,2,2,0,1,0,0,0,0,1,0,0,66/6,,no_observed,0,2,2,2,0,0,0
tokyo_site_ca81aaa2d454,川名二丁目変電所,tokyo,w1443959095,layout_only,1,1,0,0,0,0,0,0,0,2,2,,,no_observed,0,0,3,0,0,0,0
tokyo_site_ca829926c826,東大室町変電所,tokyo,w945347138,lines_only,1,1,0,0,0,0,0,0,0,0,0,,,no_observed,0,0,11,0,0,4,0
tokyo_site_caa241622aba,葛南変電所,tokyo,w1137461235,lines_only,2,2,0,0,0,0,0,0,1,0,0,275/66,,no_observed,0,1,3,0,2,0,2
tokyo_site_cb1540d1a73d,南山変電所,tokyo,w891360934,lines_only,4,1,1,0,0,0,3,0,3,0,0,500/275;275/154;154/66,,no_observed,3,1,20,0,1,0,0
tokyo_site_cb2a4b236ba0,新大八木き電区分所,tokyo,w395985728,none,2,0,0,0,0,0,0,0,1,0,0,66/25,,no_observed,0,0,3,0,0,0,0
tokyo_site_cb3987452ef1,東電横須賀送電所,tokyo,n1791272079,none,1,0,0,0,0,0,0,0,0,0,0,,,no_observed,0,0,4,0,0,0,0
tokyo_site_cb7f28660361,酒井根変電所,tokyo,w1080875572,lines_only,1,1,0,0,0,0,0,0,0,0,0,,,no_observed,0,0,0,0,0,0,2
tokyo_site_cb853be44508,土肥一丁目変電所,tokyo,w191185961,lines_only,1,1,0,1,0,0,0,0,0,0,0,,,no_observed,0,2,0,0,2,0,0
tokyo_site_cba9c865ca75,城南変電所,tokyo,w1078893685,layout_only,1,1,0,0,0,0,0,0,0,1,0,,,no_observed,0,0,0,0,0,2,0
tokyo_site_cbb14793028e,大宮前開閉塔,tokyo,w40205468,lines_only,1,1,0,1,0,0,0,0,0,0,0,,,no_observed,0,2,0,0,0,2,0
tokyo_site_cbf6e99da4f3,国府新宿変電所,tokyo,w169520027,lines_only,1,1,0,1,0,0,0,0,0,0,0,,,no_observed,0,2,0,0,2,0,0
tokyo_site_cc0671cb0bcf,浅貝変電所,tokyo,w1549166567,lines_only,0,0,0,0,0,0,0,0,0,0,0,,,no_observed,0,1,1,0,0,0,0
tokyo_site_cc2007b28d17,生田変電所,tokyo,w61889698,none,2,0,0,0,0,0,0,0,1,0,0,66/1,,no_observed,0,0,3,0,0,0,0
tokyo_site_cc44f90878ba,鴨志田変電所,tokyo,w147432497,lines_only,1,1,0,0,0,0,0,0,0,0,0,,,no_observed,0,1,3,0,1,3,0
tokyo_site_cc4d66c5144a,草加変電所,tokyo,w1144617639,conductors_only,2,2,0,1,0,0,0,0,1,0,0,66/6,,no_observed,0,4,0,2,0,0,0
tokyo_site_ccb662e68bd7,舞浜変電所,tokyo,w1137488341,none,1,0,0,0,0,0,0,0,0,0,0,,,no_observed,0,0,1,0,0,0,0
tokyo_site_ccbc5c91fe53,総社変電所,tokyo,w1040433673,conductors_only,2,2,0,1,0,0,0,0,1,0,0,154/66,,no_observed,0,2,11,2,0,2,0
tokyo_site_cccae0016064,東八潮変電所,tokyo,w195071837,conductors_only,2,2,0,1,0,0,0,0,1,0,0,154/66,,no_observed,0,4,10,3,2,0,0
tokyo_site_cce4964b86a6,六会変電所,tokyo,w172043019,conductors_only,3,3,0,1,0,0,0,0,2,0,0,66/22;22/6,,no_observed,0,5,6,3,1,0,0
tokyo_site_cce4a3c9589a,豊四季変電所,tokyo,w397206921,lines_only,2,1,0,0,0,0,0,0,1,0,0,66/1,,no_observed,0,1,8,0,1,0,2
tokyo_site_ccf8ca25eff5,板橋変電所,tokyo,w1295370252,none,2,0,0,0,0,0,0,0,1,0,0,66/1,,no_observed,0,0,0,0,0,0,0
tokyo_site_ccff98683816,中村変電所,tokyo,w708050155,lines_only,1,1,0,0,0,0,0,0,0,0,0,,,no_observed,0,1,4,0,1,0,0
tokyo_site_cd0789b0b6bd,四谷一丁目変電所,tokyo,w144848340,none,0,0,0,0,0,0,0,0,0,0,0,,,no_observed,0,0,0,0,0,0,0
tokyo_site_cd1837f8dfc4,上山変電所,tokyo,w1074718690,conductors_only,1,1,0,1,0,0,0,0,0,0,0,,,no_observed,0,2,9,1,0,0,0
tokyo_site_cd7105bb3ab9,高萩変電所,tokyo,w1150632573,lines_only,1,1,0,0,0,0,0,0,0,0,0,,,no_observed,0,1,1,0,1,0,0
tokyo_site_cd72adbc2f59,水元変電所,tokyo,w195071839,conductors_only,1,1,0,1,0,0,1,0,0,0,0,,,no_observed,1,1,0,3,1,0,0
tokyo_site_cde78958dcda,佐糠町変電所,tokyo,w658988169,conductors_only,3,1,0,2,0,0,2,0,2,0,0,275/154;154/66,,no_observed,6,0,6,2,0,0,0
tokyo_site_ce1745fd4ced,川越変電所,tokyo,w1295397156,none,2,0,0,0,0,0,0,0,1,0,0,66/1,,no_observed,0,0,0,0,0,0,0
tokyo_site_ce78a10d0f8f,今市変電所,tokyo,w804697805,conductors_only,1,1,0,1,0,0,0,0,0,0,0,,,no_observed,0,2,9,2,0,0,0
tokyo_site_ce9415e9adbe,鷹の台変電所,tokyo,w1137123447,conductors_only,1,2,0,1,0,0,0,0,0,0,0,,,no_observed,0,4,0,2,0,0,2
tokyo_site_ceb40cf9ece5,座間変電所,tokyo,w44422332,conductors_only,2,2,0,1,0,0,0,0,1,0,0,66/6,,no_observed,0,2,17,2,0,0,0
tokyo_site_cebd34299c96,六郷変電所,tokyo,w708227247,lines_only,1,1,0,0,0,0,0,0,0,0,0,,,no_observed,0,1,0,0,1,0,0
tokyo_site_ceff5c813695,草加青柳変電所,tokyo,w1144985192,lines_only,3,2,0,0,0,0,0,0,2,0,0,154/66;66/6,,no_observed,0,1,7,0,1,0,0
tokyo_site_cf0dde2b4b6c,六方町変電所,tokyo,w708222719,partial,1,1,0,0,0,0,0,1,0,1,0,,,no_observed,0,1,3,2,1,0,2
tokyo_site_cf113c6b287a,埼玉変電所,tokyo,w191048989,mapped,2,2,5,0,5,9,28,0,1,1,1,154/66,154/66,same,16,4,32,10,1,0,0
tokyo_site_cf1f2847d767,砂川変電所,tokyo,w191502315,lines_only,2,2,0,0,0,0,0,0,1,0,0,66/6,,no_observed,0,0,0,0,0,0,2
tokyo_site_cf2ab9489e62,秋留変電所,tokyo,w145081075,conductors_only,2,2,0,2,0,0,0,0,1,0,0,66/22,,no_observed,0,4,1,1,0,5,0
tokyo_site_cf3854a1bc74,三井精機変電所,tokyo,w886408359,conductors_only,1,1,0,1,0,0,0,0,0,0,0,,,no_observed,0,2,3,1,0,0,0
tokyo_site_cf83bc6342dc,森新田変電所,tokyo,w849100103,none,0,0,0,0,0,0,0,0,0,0,0,,,no_observed,0,0,0,0,0,0,0
tokyo_site_cfd7752444a0,北小金変電所,tokyo,w1141880811,lines_only,2,1,0,0,0,0,0,0,1,0,0,66/1,,no_observed,0,1,0,0,1,0,0
tokyo_site_d0016e7d838d,東京電力駿河変電所,tokyo,w154140776,conductors_only,2,2,2,0,2,2,2,0,1,0,0,154/66,,no_observed,5,2,0,4,3,0,2
tokyo_site_d00daa034a45,北小泉四丁目変電所,tokyo,w664042079,lines_only,1,1,0,0,0,0,0,0,0,0,0,,,no_observed,0,1,0,0,1,0,0
tokyo_site_d01064c2b161,小川変電所,tokyo,w136752843,lines_only,1,1,0,0,0,0,0,0,0,0,0,,,no_observed,0,0,6,0,0,3,2
tokyo_site_d0148ed530e8,ウィンド・パワーかみす風力発電所変電設備,tokyo,w744511719,lines_only,1,1,0,0,0,0,0,0,0,0,0,,,no_observed,0,1,1,0,1,0,0
tokyo_site_d07dbc2fa873,広沢町二丁目変電所,tokyo,w1458510971,none,1,0,0,0,0,0,0,0,0,0,0,,,no_observed,0,0,5,0,0,0,0
tokyo_site_d08aa31f8a72,今井変電所,tokyo,w639919798,conductors_only,2,2,0,2,0,0,0,0,1,0,0,154/66,,no_observed,0,6,2,1,0,2,0
tokyo_site_d0b190db9dfa,八千代台変電所,tokyo,w638023746,none,1,0,0,0,0,0,0,0,0,0,0,,,no_observed,0,0,1,0,0,0,0
tokyo_site_d0ee94ca1df9,海神変電所,tokyo,w291647550,conductors_only,2,1,0,1,0,0,0,0,1,0,0,500/66,,no_observed,0,2,10,1,0,0,0
tokyo_site_d1176c5a496c,土浦変電所,tokyo,w1076465015,conductors_only,1,1,0,1,0,0,0,0,0,0,0,,,no_observed,0,11,3,1,0,0,0
tokyo_site_d14022c6b2b5,喜連川変電所,tokyo,w199402932,conductors_only,1,1,0,1,0,0,0,0,0,0,0,,,no_observed,0,5,7,1,0,4,0
tokyo_site_d141e09e2e62,安食変電所,tokyo,w891316399,conductors_only,1,1,0,1,0,0,0,0,0,0,0,,,no_observed,0,4,3,1,1,0,0
tokyo_site_d16fd0c91030,伊勢原変電所,tokyo,w1476545054,none,0,0,0,0,0,0,0,0,0,0,0,,,no_observed,0,0,0,0,0,0,0
tokyo_site_d196ca662259,岸根変電所,tokyo,w429434521,lines_only,2,2,0,0,0,0,0,0,1,0,0,154/66,,no_observed,0,0,8,0,0,4,2
tokyo_site_d1a57192ef9c,坪井変電所,tokyo,w282629356,conductors_only,1,1,0,1,0,0,0,0,0,0,0,,,no_observed,0,6,0,2,0,0,0
tokyo_site_d1f090497c17,東松山変電所,tokyo,w1295422539,conductors_only,1,1,0,1,0,0,0,0,0,0,0,,,no_observed,0,5,0,1,0,0,0
tokyo_site_d266ce284b29,深見変電所,tokyo,w1444013476,lines_only,2,2,0,0,0,0,0,0,1,0,0,66/6,,no_observed,0,0,0,0,0,0,2
tokyo_site_d26a2b445808,江戸川変電所,tokyo,w146848924,conductors_only,2,2,0,1,0,0,0,0,1,0,0,154/66,,no_observed,0,6,16,2,2,0,0
tokyo_site_d26f0ceefa03,原木変電所,tokyo,w1137449723,conductors_only,2,1,0,1,0,0,0,0,1,0,0,500/66,,no_observed,0,2,14,1,0,0,0
tokyo_site_d27a4585ab71,富士岡南変電所,tokyo,w695605193,none,0,0,0,0,0,0,0,0,0,0,0,,,no_observed,0,0,2,0,0,0,0
tokyo_site_d27b92aa89b2,鷲宮変電所,tokyo,w195981774,lines_only,2,2,0,1,0,0,0,0,1,0,0,66/6,,no_observed,0,4,8,0,4,0,0
tokyo_site_d28a1c5fda54,田野倉変電所_2,tokyo,w341217008,conductors_only,1,1,0,1,0,0,0,0,0,0,0,,,no_observed,0,6,8,2,0,0,0
tokyo_site_d28d54ae65eb,弘明寺変電所,tokyo,w258463916,lines_only,1,1,0,0,0,0,0,0,0,0,0,,,no_observed,0,1,0,0,1,0,0
tokyo_site_d2e12374bee3,浜松町変電所,tokyo,w320151599,none,1,0,0,0,0,0,0,0,0,0,0,,,no_observed,0,0,1,0,0,0,0
tokyo_site_d35bd2451c08,南元町変電所,tokyo,w152629438,none,0,0,0,0,0,0,0,0,0,0,0,,,no_observed,0,0,0,0,0,0,0
tokyo_site_d398597f7c7d,南波崎変電所,tokyo,w754276694,conductors_only,1,1,0,1,0,0,0,0,0,0,0,,,no_observed,0,5,0,1,0,0,0
tokyo_site_d39fba1846c8,小浜町変電所_2,tokyo,w658988156,lines_only,0,0,0,0,0,0,0,0,0,0,0,,,no_observed,0,1,0,0,0,0,0
tokyo_site_d436ad6c4e18,泉町変電所,tokyo,w621630545,lines_only,2,2,0,1,0,0,0,0,1,0,0,66/6,,no_observed,0,3,5,0,2,0,0
tokyo_site_d442ea59d394,簗瀬町変電所,tokyo,w1140708897,lines_only,1,1,0,0,0,0,0,0,0,0,0,,,no_observed,0,1,0,0,1,0,0
tokyo_site_d46653b19d13,太海変電所,tokyo,w1132618169,conductors_only,2,1,0,1,0,0,0,0,1,0,0,66/1,,no_observed,0,2,4,1,0,0,0
tokyo_site_d4759eafc4ba,小見川変電所,tokyo,w1081975045,conductors_only,1,1,0,1,0,0,0,0,0,0,0,,,no_observed,0,2,3,1,0,0,0
tokyo_site_d48db0e2ea5d,富士市変電所_3,tokyo,w1389459120,lines_only,1,0,0,0,0,0,0,0,0,0,0,,,no_observed,0,0,9,0,0,0,0
tokyo_site_d4a1b75f033d,リンテック熊谷変電所,tokyo,w886446283,lines_only,1,1,0,1,0,0,0,0,0,0,0,,,no_observed,0,2,3,0,2,0,0
tokyo_site_d4c100fbe44c,キヤノン美里変電所,tokyo,w887614684,conductors_only,2,1,0,1,0,0,0,0,1,0,0,275/66,,no_observed,0,2,6,1,0,0,0
tokyo_site_d4c9a5a4c798,鳩ヶ谷変電所,tokyo,w133355430,conductors_only,2,2,0,2,0,0,0,0,1,0,0,154/66,,no_observed,0,29,12,3,6,0,0
tokyo_site_d4d43cb6b802,小山変電所,tokyo,w340904936,lines_only,2,1,2,1,0,0,0,0,1,0,0,154/66,,no_observed,7,2,0,0,2,0,2
tokyo_site_d4e2b5d4e634,長坂二丁目変電所_3,tokyo,n5484456212,none,1,0,0,0,0,0,0,0,0,0,0,,,no_observed,0,0,5,0,0,0,0
tokyo_site_d5271113da67,新飯能変電所,tokyo,w133644487,mapped,2,2,0,2,0,0,2,0,1,1,1,500/275,500/275,same,4,0,12,4,0,0,0
tokyo_site_d52946be8105,岩瀬変電所,tokyo,w1075949658,lines_only,1,1,0,1,0,0,0,0,0,0,0,,,no_observed,0,2,0,0,0,2,0
tokyo_site_d52a78943148,里美変電所,tokyo,w1078135584,conductors_only,1,1,0,1,0,0,0,0,0,0,0,,,no_observed,0,6,0,2,0,0,0
tokyo_site_d53eacd1a445,砂沢町変電所,tokyo,w642625765,none,0,0,0,0,0,0,0,0,0,0,0,,,no_observed,0,0,0,0,0,0,0
tokyo_site_d55c8c2eab19,上大塚町変電所,tokyo,w1072481381,lines_only,0,0,0,1,0,0,0,0,0,0,0,,,no_observed,0,2,6,0,0,0,0
tokyo_site_d58ad664a088,渋川市変電所_2,tokyo,w1359264253,none,0,0,0,0,0,0,0,0,0,0,0,,,no_observed,0,0,0,0,0,0,0
tokyo_site_d58c12a4008c,五井海岸変電所,tokyo,w1133622351,conductors_only,2,1,0,1,0,0,0,0,1,0,0,154/66,,no_observed,0,5,5,1,0,0,0
tokyo_site_d59089bafa41,練馬変電所,tokyo,w942023850,none,2,0,0,0,0,0,0,0,1,0,0,66/1,,no_observed,0,0,6,0,0,0,0
tokyo_site_d5c82d0db424,浮間変電所,tokyo,w888873949,none,1,0,0,0,0,0,0,0,0,0,0,,,no_observed,0,0,0,0,0,0,0
tokyo_site_d5c9922ed0bd,深作変電所,tokyo,w201308559,lines_only,1,1,0,0,0,0,0,0,0,0,0,,,no_observed,0,0,0,0,0,0,2
tokyo_site_d5edc8316129,田無変電所,tokyo,w1549769702,none,0,0,0,0,0,0,0,0,0,0,0,,,no_observed,0,0,0,0,0,0,0
tokyo_site_d66d86e24839,根本変電所,tokyo,w589243680,conductors_only,1,1,0,1,0,0,0,0,0,0,0,,,no_observed,0,2,3,1,0,0,0
tokyo_site_d6891eb88c84,松戸変電所,tokyo,w41235188,lines_only,1,1,0,0,0,0,0,0,0,0,0,,,no_observed,0,1,0,0,1,0,0
tokyo_site_d70d9db7ee41,浜川崎き電区分所,tokyo,w86217111,none,1,0,0,0,0,0,0,0,0,0,0,,,no_observed,0,0,4,0,0,0,0
tokyo_site_d710b869e731,三島変電所,tokyo,w1411808314,conductors_only,1,0,0,0,0,0,0,0,0,0,0,,,no_observed,0,0,1,0,0,0,0
tokyo_site_d71536bdd633,三和変電所,tokyo,w194665461,lines_only,1,1,0,0,0,0,0,0,0,0,0,,,no_observed,0,0,0,0,0,0,2
tokyo_site_d72a668f69cb,富士見一丁目変電所,tokyo,w202490127,none,0,0,0,0,0,0,0,0,0,0,0,,,no_observed,0,0,0,0,0,0,0
tokyo_site_d76fafd67fee,JR拝島変電所,tokyo,w734206741,conductors_only,1,1,0,1,0,0,0,0,0,0,0,,,no_observed,0,2,4,1,0,0,0
tokyo_site_d79b63fbe72c,大和開閉所,tokyo,w1444013470,none,1,0,3,0,0,0,2,0,0,0,0,,,no_observed,2,0,6,0,0,0,0
tokyo_site_d79e4e78b3c9,十島変電所,tokyo,w1377228833,lines_only,0,0,0,0,0,0,0,0,0,0,0,,,no_observed,0,1,2,0,0,0,0
tokyo_site_d7c7116a5743,通洞変電所,tokyo,w1073462391,lines_only,1,1,0,0,0,0,0,0,0,0,0,,,no_observed,0,1,2,0,1,0,0
tokyo_site_d7ecaeeb8876,南大類町変電所,tokyo,w734716270,none,0,0,0,0,0,0,0,0,0,0,0,,,no_observed,0,0,0,0,0,0,0
tokyo_site_d81d24185489,阿見変電所,tokyo,w1076465012,conductors_only,1,1,0,1,0,0,0,0,0,0,0,,,no_observed,0,2,3,1,0,0,0
tokyo_site_d84a168cfadd,市沢変電所,tokyo,w288244937,lines_only,1,1,0,0,0,0,0,0,0,0,0,,,no_observed,0,1,3,0,1,0,0
tokyo_site_d8a98381adc4,西群馬開閉所,tokyo,w66098469,partial,1,1,1,0,1,3,0,8,0,0,0,,,no_observed,6,13,24,8,2,0,0
tokyo_site_d8d6459ee67e,三河島変電所,tokyo,w1078295684,none,1,0,0,0,0,0,0,0,0,0,0,,,no_observed,0,0,0,0,0,0,0
tokyo_site_d91b4e1aa7db,笠間町変電所,tokyo,w928313842,layout_only,2,2,3,0,0,0,7,0,1,3,3,66/6,66/6,same,10,1,14,0,1,0,0
tokyo_site_d920f8502b14,うるいど南五丁目変電所,tokyo,w1028595831,lines_only,4,1,3,0,0,0,8,0,3,0,0,500/275;275/154;154/66,,no_observed,9,2,20,0,2,0,0
tokyo_site_d940dae81f67,宮郷変電所,tokyo,w1033376905,none,1,0,0,0,0,0,0,0,0,0,0,,,no_observed,0,0,6,0,0,0,0
tokyo_site_d942c25802a0,新豊洲変電所,tokyo,r2269992,lines_only,1,1,0,0,0,0,0,0,0,0,0,,,no_observed,0,0,1,0,1,0,0
tokyo_site_d9475e1a6beb,東京電力中野町変電所,tokyo,w328143026,none,0,0,0,0,0,0,0,0,0,0,0,,,no_observed,0,0,0,0,0,0,0
tokyo_site_d94b4c88a380,小野上変電所,tokyo,w192574106,lines_only,2,1,0,0,0,0,0,0,1,0,0,66/1,,no_observed,0,1,0,0,1,0,0
tokyo_site_d9540d09e1b4,芳町変電所,tokyo,w265166840,none,1,0,0,0,0,0,0,0,0,0,0,,,no_observed,0,0,0,0,0,0,0
tokyo_site_d9880e6a7c1e,笠間変電所,tokyo,w1153929400,none,1,0,0,0,0,0,0,0,0,0,0,,,no_observed,0,0,0,0,0,0,0
tokyo_site_d9db205e444f,楢平変電所,tokyo,w1131080679,lines_only,2,1,0,1,0,0,0,0,1,0,0,66/33,,no_observed,0,2,8,0,0,0,0
tokyo_site_d9ff71f0d6be,みなかみ町変電所,tokyo,w272933439,none,0,0,0,0,0,0,0,0,0,0,0,,,no_observed,0,0,0,0,0,0,0
tokyo_site_da07792ffe26,君津市変電所,tokyo,w315461256,lines_only,1,1,0,0,0,0,0,0,0,0,0,,,no_observed,0,1,0,0,1,0,0
tokyo_site_da2f9b624d0a,東小保方町変電所,tokyo,w676732254,lines_only,0,1,0,0,0,0,0,0,0,0,0,,,no_observed,0,0,0,0,0,0,2
tokyo_site_da4388a4f18a,東尾久五丁目変電所,tokyo,w708227253,none,1,0,0,0,0,0,1,0,0,0,0,,,no_observed,1,0,0,0,0,0,0
tokyo_site_da6cd9b9e722,大字上赤坂変電所,tokyo,n1716131898,none,2,0,0,0,0,0,0,0,1,0,0,275/66,,no_observed,0,1,7,0,0,0,0
tokyo_site_da720d30cba7,和田変電所,tokyo,w1332532131,conductors_only,1,1,0,1,0,0,0,0,0,0,0,,,no_observed,0,5,0,1,0,0,0
tokyo_site_da721ad2cc8f,西成田変電所,tokyo,w361990411,conductors_only,1,1,0,1,0,0,0,0,0,0,0,,,no_observed,0,2,6,1,0,0,0
tokyo_site_da8da6d49e6b,前澤化成工業変電所,tokyo,w884102438,conductors_only,2,1,3,0,0,0,19,0,1,0,0,275/66,,no_observed,12,2,7,1,0,0,0
tokyo_site_da8fa2ffbb38,野木変電所,tokyo,w191576072,conductors_only,2,2,0,2,0,0,1,0,1,0,0,154/66,,no_observed,2,22,21,8,0,0,2
tokyo_site_dab261807076,大沢変電所,tokyo,w1067057552,conductors_only,1,1,0,1,0,0,0,0,0,0,0,,,no_observed,0,2,3,1,0,0,0
tokyo_site_dab9eaf38c0c,栄町二丁目変電所,tokyo,w719257707,none,3,0,0,0,0,0,0,0,2,0,0,154/66;66/1,,no_observed,0,0,4,0,0,0,0
tokyo_site_dae139a8c40e,吉祥寺変電所,tokyo,w91589410,lines_only,2,1,0,1,0,0,0,0,1,0,0,154/66,,no_observed,0,2,16,0,0,2,0
tokyo_site_db0523b75a46,緑区変電所_2,tokyo,w1444558570,layout_only,1,1,0,0,0,0,0,1,0,0,0,,,no_observed,0,1,5,1,0,0,0
tokyo_site_db618749385a,武蔵嵐山変電所,tokyo,w1295836682,conductors_only,2,1,0,1,0,0,0,0,1,0,0,66/1,,no_observed,0,5,0,1,0,0,0
tokyo_site_db660aba10ab,梅島変電所,tokyo,w1144583028,lines_only,1,1,0,0,0,0,0,0,0,0,0,,,no_observed,0,0,0,0,0,0,2
tokyo_site_db6c2928652f,富士市変電所,tokyo,w618344803,lines_only,2,3,0,2,0,0,0,0,1,0,0,154/77,,no_observed,0,5,4,0,5,0,0
tokyo_site_db818e44d82a,松島変電所,tokyo,w146367306,lines_only,1,1,0,0,0,0,0,0,0,0,0,,,no_observed,0,0,0,0,0,0,2
tokyo_site_db919fa34dc6,中央町変電所,tokyo,w308871346,conductors_only,1,1,0,1,0,0,0,0,0,0,0,,,no_observed,0,2,3,1,0,0,0
tokyo_site_db9c3420b9cc,浮島町変電所,tokyo,w95931322,none,1,0,0,0,0,0,0,0,0,0,0,,,no_observed,0,0,4,0,0,0,0
tokyo_site_dba962118cdc,鹿沼変電所,tokyo,w1065412513,conductors_only,1,1,0,1,0,0,0,0,0,0,0,,,no_observed,0,2,3,0,1,0,0
tokyo_site_dc1216eeb03c,千貫沼変電所,tokyo,w849071695,conductors_only,1,1,0,1,0,0,0,0,0,0,0,,,no_observed,0,2,10,1,0,0,0
tokyo_site_dc3d2ba296c4,常永変電所,tokyo,w544157885,none,1,0,0,0,0,0,0,0,0,0,0,,,no_observed,0,0,4,0,0,0,0
tokyo_site_dc41a6bad65a,成瀬変電所,tokyo,w91828979,lines_only,2,2,0,0,0,0,0,0,1,0,0,154/66,,no_observed,0,1,0,0,1,0,0
tokyo_site_dc6e992ca168,草津変電所,tokyo,w1002543872,lines_only,1,1,0,1,0,0,0,0,0,0,0,,,no_observed,0,2,3,0,2,0,0
tokyo_site_dc7a2f3e598e,高崎変電所,tokyo,w404273081,lines_only,1,1,0,1,0,0,0,0,0,0,0,,,no_observed,0,2,2,0,0,6,0
tokyo_site_dcbd73c3b5d4,新古河変電所,tokyo,r15580570,partial,2,2,3,0,2,3,0,0,1,4,0,500/275,,no_observed,14,0,30,6,0,0,0
tokyo_site_dccc2d823eb7,亀久保変電所,tokyo,w159548297,conductors_only,1,1,0,1,0,0,0,0,0,0,0,,,no_observed,0,4,0,2,0,0,0
tokyo_site_dd04efe280bd,三咲町変電所,tokyo,w891706477,none,0,0,0,0,0,0,0,0,0,0,0,,,no_observed,0,0,0,0,0,0,0
tokyo_site_dd10ae22ad02,中東京変電所,tokyo,w152991099,partial,3,3,4,1,4,4,33,35,2,7,7,275/154;154/66,275/154;275/66,contradicts,18,31,13,8,1,0,2
tokyo_site_dd1fc1c158d7,横須賀変電所,tokyo,w327975006,conductors_only,2,2,0,1,0,0,0,0,1,0,0,66/6,,no_observed,0,6,6,2,2,0,0
tokyo_site_dd3d12af1d6c,船子変電所,tokyo,r19195255,none,2,0,0,0,0,0,0,0,1,0,0,154/66,,no_observed,0,0,9,0,0,0,0
tokyo_site_dd6b5f2f4f61,指扇変電所,tokyo,w1146866600,conductors_only,1,1,0,1,0,0,0,0,0,0,0,,,no_observed,0,2,2,2,0,0,0
tokyo_site_dde385b2bcd9,尾久変電所,tokyo,w1078274343,none,2,0,0,0,0,0,1,0,1,0,0,154/66,,no_observed,1,0,0,0,0,0,0
tokyo_site_de0abc735b3d,五霞変電所,tokyo,w1153944819,conductors_only,1,1,0,1,0,0,0,0,0,0,0,,,no_observed,0,2,0,2,0,0,0
tokyo_site_de383a9b1345,田方変電所,tokyo,w201643422,conductors_only,2,2,0,1,1,1,0,0,1,0,0,154/66,,no_observed,0,4,3,3,1,0,0
tokyo_site_de87ce29a917,真弓変電所,tokyo,w1153926296,conductors_only,1,1,0,1,0,0,0,0,0,0,0,,,no_observed,0,2,9,2,0,0,0
tokyo_site_de9d6ca16320,東海村変電所,tokyo,w519316613,lines_only,2,2,0,0,0,0,0,0,1,0,0,154/66,,no_observed,0,1,3,0,1,0,0
tokyo_site_deaa8e8b56f0,中沢田変電所,tokyo,w777698210,lines_only,2,1,1,0,0,0,0,0,1,0,0,77/25,,no_observed,4,0,5,0,1,0,0
tokyo_site_deb27ae24e75,勝間変電所,tokyo,w738018804,lines_only,1,1,0,1,0,0,0,0,0,0,0,,,no_observed,0,2,0,0,2,0,0
tokyo_site_dede7ab8f322,土肥六丁目変電所,tokyo,n937462470,none,1,0,0,0,0,0,0,0,0,0,0,,,no_observed,0,0,8,0,0,0,0
tokyo_site_df26c019a99a,西武飯能変電所,tokyo,w889385512,none,1,0,0,0,0,0,0,0,0,0,0,,,no_observed,0,0,12,0,0,0,0
tokyo_site_df3bc517c67b,西相模変電所,tokyo,w1205842747,none,3,0,2,2,0,0,6,0,2,0,0,154/77;77/66,,no_observed,13,0,12,0,0,0,0
tokyo_site_df54bec5779e,北三咲変電所,tokyo,w376392873,conductors_only,1,1,0,1,0,0,0,0,0,0,0,,,no_observed,0,6,5,2,0,0,0
tokyo_site_df69845f7a89,大磯変電所,tokyo,w1411808311,none,1,0,0,0,0,0,0,0,0,0,0,,,no_observed,0,0,0,0,0,0,0
tokyo_site_df82be4ba5c7,南佐野変電所,tokyo,w740735333,conductors_only,1,1,0,1,0,0,0,0,0,0,0,,,no_observed,0,2,3,1,0,0,0
tokyo_site_df874db83916,北新埜変電所,tokyo,w1418708020,conductors_only,1,1,0,1,0,0,0,0,0,0,0,,,no_observed,0,2,4,1,0,0,0
tokyo_site_e010fe79397d,高根変電所,tokyo,w259581699,none,0,0,0,0,0,0,0,0,0,0,0,,,no_observed,0,0,0,0,0,0,0
tokyo_site_e0150bdc9d26,荏田変電所,tokyo,w101375053,conductors_only,2,2,0,2,0,0,0,0,1,0,0,275/66,,no_observed,0,8,8,2,3,0,0
tokyo_site_e04404028ab3,清原変電所,tokyo,w785805176,none,2,0,0,0,0,0,0,0,1,0,0,154/66,,no_observed,0,0,24,0,0,0,0
tokyo_site_e08b08eeb5fb,三田変電所,tokyo,w1153500815,conductors_only,1,1,2,0,1,1,1,0,0,0,0,,,no_observed,1,0,0,1,0,0,0
tokyo_site_e097a921bc75,日高変電所,tokyo,w153041076,conductors_only,2,1,1,1,0,0,4,0,1,0,0,275/66,,no_observed,4,2,4,1,0,0,0
tokyo_site_e09fac3ef8a4,越生変電所,tokyo,w1296012163,none,2,0,0,0,0,0,0,0,1,0,0,66/1,,no_observed,0,0,0,0,0,0,0
tokyo_site_e0b4726c1a41,浅川変電所,tokyo,w1063253468,partial,1,1,0,1,0,0,0,3,0,3,0,,,no_observed,0,13,0,1,0,0,0
tokyo_site_e0cf6dbf3caa,北千住変電所,tokyo,w195561850,lines_only,1,1,0,0,0,0,0,0,0,0,0,,,no_observed,0,1,0,0,1,0,0
tokyo_site_e0d0331aa40d,芝浦四丁目変電所,tokyo,w157568820,lines_only,0,0,0,0,0,0,0,0,0,0,0,,,no_observed,0,1,1,0,0,0,0
tokyo_site_e0d29ec4197e,梅沢変電所,tokyo,w491848632,conductors_only,1,1,0,1,0,0,0,0,0,0,0,,,no_observed,0,5,0,1,0,0,0
tokyo_site_e0d60f88a8cd,清門変電所,tokyo,w1144985193,lines_only,1,1,0,0,0,0,0,0,0,0,0,,,no_observed,0,0,0,0,0,0,2
tokyo_site_e0e412d6ddac,鹿島田変電所,tokyo,w155593994,lines_only,1,1,0,1,0,0,0,0,0,0,0,,,no_observed,0,2,2,0,0,2,2
tokyo_site_e11e37996838,笠幡変電所,tokyo,w1149053073,lines_only,2,1,0,0,0,0,0,0,1,0,0,275/66,,no_observed,0,1,3,0,1,0,0
tokyo_site_e147548fdf07,小山変電所,tokyo,w191552635,partial,2,2,3,0,1,2,0,0,1,5,0,154/66,,no_observed,13,35,28,10,1,2,6
tokyo_site_e15ae5eeb4e6,西宇都宮変電所,tokyo,w155966176,conductors_only,2,2,1,1,1,1,1,0,1,0,0,154/66,,no_observed,1,4,9,0,4,0,0
tokyo_site_e17dc071f09e,潮来変電所,tokyo,w1082617270,lines_only,1,1,0,0,0,0,0,0,0,0,0,,,no_observed,0,1,0,0,1,0,0
tokyo_site_e18669381ac7,桜堤一丁目変電所,tokyo,w621868222,none,0,0,0,0,0,0,0,0,0,0,0,,,no_observed,0,0,0,0,0,0,0
tokyo_site_e18d0a081d28,大宮公園開閉所,tokyo,w1147820993,lines_only,1,1,0,0,0,0,0,0,0,0,0,,,no_observed,0,0,5,0,0,2,0
tokyo_site_e1bc2f66f809,須山変電所,tokyo,w1205952761,lines_only,2,2,0,0,0,0,0,0,1,0,0,66/6,,no_observed,0,1,2,0,1,0,0
tokyo_site_e1bc962e3565,堀切変電所,tokyo,w1144555735,lines_only,1,1,0,0,0,0,0,0,0,0,0,,,no_observed,0,1,5,0,1,0,0
tokyo_site_e1bd99c2fc1d,小田急電鉄藤沢変電所,tokyo,n12963742999,none,0,0,0,0,0,0,0,0,0,0,0,,,no_observed,0,0,0,0,0,0,0
tokyo_site_e1e5254b876c,入ケ谷変電所,tokyo,w641751148,none,0,0,0,0,0,0,0,0,0,0,0,,,no_observed,0,0,0,0,0,0,0
tokyo_site_e2284d93125a,武一丁目変電所,tokyo,w327974988,lines_only,1,1,0,1,0,0,0,0,0,0,0,,,no_observed,0,2,3,0,2,0,0
tokyo_site_e25a42850f2f,佐野変電所,tokyo,w641321756,lines_only,2,2,0,0,0,0,0,0,1,0,0,66/1,,no_observed,0,1,5,0,1,0,0
tokyo_site_e26eceb9f09d,JR原町田変電所,tokyo,w35906328,partial,2,1,0,0,0,0,0,1,1,1,0,66/1,,no_observed,0,1,0,2,1,0,6
tokyo_site_e2ab3957421d,久喜変電所,tokyo,w776423501,conductors_only,2,2,0,1,0,0,0,0,1,0,0,154/66,,no_observed,0,7,25,2,0,2,0
tokyo_site_e2c4fbce4ab9,高砂変電所,tokyo,w1549602407,lines_only,1,1,0,0,0,0,0,0,0,0,0,,,no_observed,0,1,3,0,1,0,0
tokyo_site_e31492bab280,桂変電所,tokyo,w762232269,conductors_only,1,1,0,1,0,0,0,0,0,0,0,,,no_observed,0,5,0,1,0,0,0
tokyo_site_e33471d1503a,川上村変電所,tokyo,w738027101,lines_only,1,1,0,0,0,0,0,0,0,0,0,,,no_observed,0,1,0,0,1,0,0
tokyo_site_e33b546ca3fb,錦町変電所,tokyo,w1549882229,none,0,0,0,0,0,0,0,0,0,0,0,,,no_observed,0,0,0,0,0,0,0
tokyo_site_e39c5b9fa0da,東京電力パワーグリッド株式会社 大楽寺変電所,tokyo,n6611803080,none,0,0,0,0,0,0,0,0,0,0,0,,,no_observed,0,0,0,0,0,0,0
tokyo_site_e3af01156a31,嬬恋変電所,tokyo,w1085004987,lines_only,1,1,0,1,0,0,0,0,0,0,0,,,no_observed,0,2,10,0,2,0,0
tokyo_site_e3faa2772287,粟野変電所,tokyo,w519412845,lines_only,1,1,0,0,0,0,0,0,0,0,0,,,no_observed,0,1,0,0,1,0,0
tokyo_site_e4486e85e733,小斉変電所,tokyo,w967500746,conductors_only,1,1,0,1,0,0,0,0,0,0,0,,,no_observed,0,4,16,2,0,0,0
tokyo_site_e450760a5879,是政二丁目変電所,tokyo,w1383255869,partial,2,3,0,1,0,0,0,0,1,1,1,66/6,,no_observed,0,2,4,4,0,0,0
tokyo_site_e4a1a6aba6f3,杉戸変電所,tokyo,w544958022,lines_only,2,2,0,1,0,0,0,0,1,0,0,154/66,,no_observed,0,3,0,0,0,4,0
tokyo_site_e4b4db0566af,美原町五丁目変電所_4,tokyo,w1348194999,none,1,0,0,0,0,0,0,0,0,0,0,,,no_observed,0,0,9,0,0,0,0
tokyo_site_e519a268ba90,矢板変電所,tokyo,w328556470,conductors_only,1,1,0,1,0,0,0,0,0,0,0,,,no_observed,0,3,4,1,1,0,0
tokyo_site_e525f8d3668f,三郷変電所,tokyo,w316459344,conductors_only,1,1,0,1,0,0,0,0,0,0,0,,,no_observed,0,6,5,2,0,0,0
tokyo_site_e55e64e6d15c,吉野工業変電所,tokyo,w882873001,conductors_only,2,1,0,1,0,0,0,0,1,0,0,154/66,,no_observed,0,2,29,2,0,0,0
tokyo_site_e57b93dd24d1,西川越変電所,tokyo,w1199730598,lines_only,2,3,0,0,0,0,0,0,1,0,0,66/6,,no_observed,0,0,0,0,0,0,4
tokyo_site_e57c25ea7f48,北の原変電所,tokyo,w161841070,none,1,0,0,0,0,0,0,0,0,0,0,,,no_observed,0,0,1,0,0,0,0
tokyo_site_e5860035f094,秦野変電所,tokyo,w1476543684,lines_only,1,1,0,1,0,0,0,0,0,0,0,,,no_observed,0,2,0,0,0,2,2
tokyo_site_e587775b083d,川尻変電所,tokyo,w1384056701,partial,2,2,0,1,0,0,0,3,1,3,3,66/6,66/6,same,0,12,3,2,0,0,0
tokyo_site_e5b88f9ae140,尾島変電所,tokyo,w641321740,conductors_only,1,1,0,1,0,0,0,0,0,0,0,,,no_observed,0,6,5,3,0,0,0
tokyo_site_e5b95ff72fe2,牛久変電所,tokyo,w211356722,conductors_only,1,1,0,1,0,0,0,0,0,0,0,,,no_observed,0,2,3,1,0,0,0
tokyo_site_e5d580a2b43e,東中山変電所,tokyo,w244373858,none,2,0,0,0,0,0,0,0,1,0,0,275/66,,no_observed,0,0,6,0,0,0,0
tokyo_site_e6177471bec2,JR東日本 海老名変電所,tokyo,w42375327,lines_only,1,1,0,0,0,0,0,0,0,0,0,,,no_observed,0,0,5,0,0,2,0
tokyo_site_e73bb5edd8b6,東桂変電所,tokyo,w277478246,lines_only,2,1,1,0,0,0,0,0,1,0,0,66/11,,no_observed,0,1,12,0,1,0,0
tokyo_site_e7430fca05da,小川変電所,tokyo,w201507873,partial,1,1,2,0,1,2,4,0,0,3,0,,,no_observed,8,3,9,4,0,0,2
tokyo_site_e7af0716df2d,中土浦変電所,tokyo,w1153960229,none,1,0,0,0,0,0,0,0,0,0,0,,,no_observed,0,0,6,0,0,0,0
tokyo_site_e7bb25be66d9,宇喜田変電所,tokyo,w1142004106,lines_only,1,1,0,0,0,0,0,0,0,0,0,,,no_observed,0,0,0,0,0,0,2
tokyo_site_e7c43fe1a2ec,川崎変電所,tokyo,w81844460,conductors_only,2,2,0,1,0,0,1,0,1,0,0,154/66,,no_observed,1,15,8,3,3,0,0
tokyo_site_e7f7d4a95d02,北川辺変電所,tokyo,w952357453,lines_only,1,1,0,0,0,0,0,0,0,0,0,,,no_observed,0,1,2,0,1,0,0
tokyo_site_e83dc775e10d,八郷変電所,tokyo,w1074690529,conductors_only,1,1,0,1,0,0,0,0,0,0,0,,,no_observed,0,2,3,1,0,0,0
tokyo_site_e90ee538a444,成東変電所,tokyo,w151859960,conductors_only,1,1,0,1,0,0,0,0,0,0,0,,,no_observed,0,2,4,2,0,0,0
tokyo_site_e920f50a3603,西浦和変電所,tokyo,w1147841502,none,1,0,0,0,0,0,0,0,0,0,0,,,no_observed,0,0,0,0,0,0,0
tokyo_site_e92c9ee2ce93,今泉変電所,tokyo,w1050510675,none,0,0,0,0,0,0,0,0,0,0,0,,,no_observed,0,0,0,0,0,0,0
tokyo_site_e9d261f0eeec,武蔵大井変電所,tokyo,w264320937,conductors_only,1,1,0,1,0,0,0,0,0,0,0,,,no_observed,0,2,2,2,0,0,0
tokyo_site_e9fa45213207,向山変電所,tokyo,w190351545,lines_only,1,1,0,0,0,0,0,0,0,0,0,,,no_observed,0,1,0,0,1,0,0
tokyo_site_ea2617469121,西巣鴨変電所,tokyo,w1150074859,none,1,0,0,0,0,0,0,0,0,0,0,,,no_observed,0,0,0,0,0,0,0
tokyo_site_ea2751cef53e,日立変電所,tokyo,w642014351,lines_only,1,1,0,1,0,0,0,0,0,0,0,,,no_observed,0,2,3,0,0,2,0
tokyo_site_ea36250d3ef3,川越変電所,tokyo,w1295397154,lines_only,2,1,0,0,0,0,0,0,1,0,0,66/1,,no_observed,0,1,1,0,1,0,0
tokyo_site_ea445e7c7750,群馬三原変電所,tokyo,w1085004981,conductors_only,1,1,0,1,0,0,0,0,0,0,0,,,no_observed,0,2,8,1,0,0,0
tokyo_site_ea6a1b0e9055,鐘ヶ淵変電所,tokyo,w195561854,lines_only,2,1,0,1,0,0,0,0,1,0,0,66/1,,no_observed,0,2,7,0,2,0,0
tokyo_site_ea716badafa2,梶ヶ谷変電所,tokyo,w1383255873,none,2,0,0,0,0,0,0,0,1,0,0,66/1,,no_observed,0,0,0,0,0,0,0
tokyo_site_eaa632c1f063,三崎変電所,tokyo,w288244889,conductors_only,2,2,0,1,0,0,0,0,1,0,0,66/6,,no_observed,0,2,3,1,0,0,0
tokyo_site_eb003bdddc90,北与野変電所,tokyo,w516833747,none,1,0,0,0,0,0,0,0,0,0,0,,,no_observed,0,0,1,0,0,0,0
tokyo_site_eb05bad0bd8b,凸版相模原変電所,tokyo,w1444558561,mapped,1,1,0,1,0,0,0,2,0,1,1,,,no_observed,0,3,0,1,0,0,0
tokyo_site_eb46d68e9cb5,ボッシュ東松山変電所,tokyo,w1295836680,conductors_only,1,1,0,1,0,0,0,0,0,0,0,,,no_observed,0,2,3,1,0,0,0
tokyo_site_eb6b8cde2ce5,干潟変電所,tokyo,w1082015133,conductors_only,1,1,0,1,0,0,0,0,0,0,0,,,no_observed,0,2,2,2,0,0,0
tokyo_site_eb81971be0c8,君島変電所,tokyo,w1076497622,conductors_only,1,1,0,1,0,0,0,0,0,0,0,,,no_observed,0,4,3,2,0,0,0
tokyo_site_eb9f4a85ff07,吹上変電所,tokyo,w884218494,lines_only,2,2,0,0,0,0,0,0,1,0,0,66/1,,no_observed,0,1,1,0,1,0,0
tokyo_site_ebba178d7433,原市き電変電所,tokyo,n12540805931,none,0,0,0,0,0,0,0,0,0,0,0,,,no_observed,0,0,0,0,0,0,0
tokyo_site_ebd8ae7df112,大泉変電所,tokyo,w191762636,lines_only,1,1,0,0,0,0,0,0,0,0,0,,,no_observed,0,0,0,0,0,0,2
tokyo_site_ebe478b96c76,常磐変電所,tokyo,w642625768,lines_only,2,2,0,3,0,0,0,0,1,0,0,275/66,,no_observed,0,14,21,0,6,0,0
tokyo_site_ec394f92ba40,吉田変電所,tokyo,w697893439,conductors_only,1,1,0,1,0,0,0,0,0,0,0,,,no_observed,0,2,4,1,0,0,0
tokyo_site_ec3f291e07d0,太井変電所,tokyo,w1347563430,none,0,0,0,0,0,0,0,0,0,0,0,,,no_observed,0,0,0,0,0,0,0
tokyo_site_ec4908651c52,井田変電所,tokyo,w156550361,conductors_only,1,2,0,1,0,0,0,0,0,0,0,,,no_observed,0,4,0,2,0,0,2
tokyo_site_ec5533487f6a,世良田変電所,tokyo,w682371856,lines_only,1,1,0,1,0,0,0,0,0,0,0,,,no_observed,0,2,7,0,2,0,0
tokyo_site_ec71b5d31729,富士通熊谷変電所,tokyo,w886897271,lines_only,1,1,0,1,0,0,0,0,0,0,0,,,no_observed,0,2,3,0,2,0,0
tokyo_site_ec8918c019d5,小田急電鉄 柿生変電所,tokyo,w123613103,none,0,0,0,0,0,0,0,0,0,0,0,,,no_observed,0,0,0,0,0,0,0
tokyo_site_ecbab68f80a9,鷺沼変電所,tokyo,w104496187,none,1,0,0,0,0,0,0,0,0,0,0,,,no_observed,0,0,2,0,0,0,0
tokyo_site_ecbf503b4a73,水海道変電所,tokyo,w191504635,conductors_only,1,1,0,1,0,0,0,0,0,0,0,,,no_observed,0,8,14,1,6,0,0
tokyo_site_ecc7ac289320,三屋変電所,tokyo,w733856037,lines_only,2,0,0,0,0,0,0,0,1,0,0,154/66,,no_observed,0,1,4,0,0,0,0
tokyo_site_eccee62d8286,堤方変電所,tokyo,w757284624,none,1,0,0,0,0,0,0,0,0,0,0,,,no_observed,0,0,0,0,0,0,0
tokyo_site_ecf011d94f09,墨東変電所,tokyo,w156962045,lines_only,1,1,0,0,0,0,0,0,0,0,0,,,no_observed,0,0,0,0,0,2,0
tokyo_site_ed0d134a609c,東久喜変電所,tokyo,w1145571311,lines_only,1,1,0,0,0,0,0,0,0,0,0,,,no_observed,0,1,0,0,1,0,0
tokyo_site_ed46a0fc4f57,白幡変電所,tokyo,w1147841499,lines_only,1,1,0,0,0,0,0,0,0,0,0,,,no_observed,0,1,4,0,1,2,0
tokyo_site_ed4b11ffdc88,総社町四丁目変電所,tokyo,w126775672,none,1,0,0,0,0,0,0,0,0,0,0,,,no_observed,0,0,5,0,0,0,0
tokyo_site_ed547fa33763,内房変電所,tokyo,w315461262,conductors_only,4,2,0,2,0,0,2,0,3,0,0,500/275;275/154;154/66,,no_observed,11,23,19,3,0,0,0
tokyo_site_ed5812b3108d,大磯変電所,tokyo,w973197253,conductors_only,1,1,0,1,0,0,0,0,0,0,0,,,no_observed,0,2,3,1,0,0,0
tokyo_site_ed5a7f80803e,市が尾変電所,tokyo,w147608511,lines_only,1,1,0,1,0,0,0,0,0,0,0,,,no_observed,0,3,2,0,0,3,2
tokyo_site_ed5ee50c5a06,総和変電所,tokyo,w1064248703,conductors_only,1,1,0,2,0,0,0,0,0,0,0,,,no_observed,0,6,7,0,0,2,0
tokyo_site_eda326d6747e,柴崎変電所,tokyo,w73847793,none,0,0,0,0,0,0,0,0,0,0,0,,,no_observed,0,0,0,0,0,0,0
tokyo_site_eda8a4025191,辻堂変電所,tokyo,w548471140,none,0,0,0,0,0,0,0,0,0,0,0,,,no_observed,0,0,0,0,0,0,0
tokyo_site_eda995a56c43,南橘変電所,tokyo,w519012878,none,1,0,0,0,0,0,1,0,0,0,0,,,no_observed,1,0,0,0,0,0,0
tokyo_site_ee0591edb0a2,福住変電所,tokyo,w1427986811,none,1,0,0,0,0,0,0,0,0,0,0,,,no_observed,0,0,0,0,0,0,0
tokyo_site_ee65b6c8933c,足利変電所,tokyo,w202714094,conductors_only,1,1,0,1,0,0,0,0,0,0,0,,,no_observed,0,2,3,1,0,0,0
tokyo_site_eebb3e90ded3,祐光開閉所,tokyo,w1135018803,lines_only,1,1,0,0,0,0,0,0,0,0,0,,,no_observed,0,1,0,0,1,0,0
tokyo_site_eeefd9b02771,ユニオントラスト変電所,tokyo,w882873006,conductors_only,1,1,0,1,0,0,0,0,0,0,0,,,no_observed,0,2,23,1,0,0,0
tokyo_site_eef943be02af,磯部変電所,tokyo,w519907761,lines_only,1,1,0,1,0,0,0,0,0,0,0,,,no_observed,0,4,20,0,4,0,0
tokyo_site_ef059b6b854d,田柄変電所,tokyo,w132710903,conductors_only,1,1,0,1,0,0,0,0,0,0,0,,,no_observed,0,5,0,1,0,0,0
tokyo_site_ef2861a4d5f4,福生変電所,tokyo,w238144030,conductors_only,2,2,0,1,0,0,0,0,1,0,0,66/6,,no_observed,0,8,0,2,0,0,0
tokyo_site_ef28f7de3a4d,大久野変電所,tokyo,w888759942,conductors_only,2,2,0,0,0,0,0,0,1,0,0,66/22,,no_observed,0,1,3,1,0,2,0
tokyo_site_ef4cfedfc092,本町二丁目変電所,tokyo,n2174824130,none,0,0,0,0,0,0,0,0,0,0,0,,,no_observed,0,0,0,0,0,0,0
tokyo_site_ef5fe5912b4a,霞ヶ浦変電所,tokyo,w132911553,partial,2,2,0,2,0,0,0,0,1,4,0,154/66,,no_observed,0,26,27,3,4,0,8
tokyo_site_ef67e8e7b73d,北栄変電所,tokyo,w253427230,none,1,0,0,0,0,0,0,0,0,0,0,,,no_observed,0,0,2,0,0,0,0
tokyo_site_efe0f8810fe6,横和変電所,tokyo,w738018800,lines_only,0,1,0,0,0,0,0,0,0,0,0,,,no_observed,0,0,0,0,0,0,2
tokyo_site_effb80303e55,湘南変電所,tokyo,w164289493,conductors_only,4,4,0,3,0,0,0,0,3,0,0,154/66;66/22;22/6,,no_observed,0,22,9,1,8,0,0
tokyo_site_f0152b2689c1,泉町滝尻変電所,tokyo,w335856740,lines_only,1,1,0,1,0,0,0,0,0,0,0,,,no_observed,0,2,3,0,2,0,0
tokyo_site_f0408f7f4978,西那須野変電所,tokyo,w1040879948,lines_only,2,2,0,0,0,0,0,0,1,0,0,66/1,,no_observed,0,1,1,0,1,0,0
tokyo_site_f053b32d74fe,狭山変電所,tokyo,w166493209,none,0,0,0,0,0,0,0,0,0,0,0,,,no_observed,0,0,0,0,0,0,0
tokyo_site_f061a6c5b831,東京電力パワーグリッドあずま変電所,tokyo,n11075687488,none,0,0,0,0,0,0,0,0,0,0,0,,,no_observed,0,0,0,0,0,0,0
tokyo_site_f0e58277069c,荊沢変電所_2,tokyo,w703940805,none,1,0,0,0,0,0,0,0,0,0,0,,,no_observed,0,0,3,0,0,0,0
tokyo_site_f0ec37711cf5,船尾変電所,tokyo,w1127642307,none,1,0,0,0,0,0,0,0,0,0,0,,,no_observed,0,0,0,0,0,0,0
tokyo_site_f105db3a07ba,出口変電所,tokyo,w199261538,lines_only,1,1,0,1,0,0,0,0,0,0,0,,,no_observed,0,2,5,0,0,2,0
tokyo_site_f141783431c4,登戸変電所,tokyo,w43020919,none,0,0,0,0,0,0,0,0,0,0,0,,,no_observed,0,0,0,0,0,0,0
tokyo_site_f1766dc99021,新富変電所_2,tokyo,w315461259,lines_only,2,1,0,1,0,0,0,0,1,0,0,500/66,,no_observed,0,2,8,0,2,0,0
tokyo_site_f1991aa73eec,横割四丁目変電所,tokyo,w640602683,lines_only,1,1,0,0,0,0,0,0,0,0,0,,,no_observed,0,1,1,0,1,0,0
tokyo_site_f1b997e211b8,南海橋変電所,tokyo,w1549612985,none,1,0,0,0,0,0,0,0,0,0,0,,,no_observed,0,0,0,0,0,0,0
tokyo_site_f1d4307b52b6,生品変電所,tokyo,w662753542,conductors_only,1,1,0,1,0,0,0,0,0,0,0,,,no_observed,0,5,4,1,0,0,0
tokyo_site_f220511f96d6,茅ヶ崎変電所,tokyo,w119157933,none,2,0,0,0,0,0,0,0,1,0,0,275/66,,no_observed,0,0,4,0,0,0,0
tokyo_site_f22be89b3cb7,ふじみ野変電所,tokyo,w1295397152,none,2,0,0,0,0,0,0,0,1,0,0,66/1,,no_observed,0,0,0,0,0,0,0
tokyo_site_f25dcb15a2b8,小山一丁目変電所_2,tokyo,w1385356712,partial,1,1,0,0,0,0,0,2,0,1,0,,,no_observed,0,1,7,4,1,3,0
tokyo_site_f26e87db375b,沢井変電所,tokyo,w902746277,none,1,0,0,0,0,0,0,0,0,0,0,,,no_observed,0,0,3,0,0,0,0
tokyo_site_f27f5da51a06,大間々変電所,tokyo,w1080211273,lines_only,1,1,0,1,0,0,0,0,0,0,0,,,no_observed,0,3,0,0,0,3,0
tokyo_site_f2b984373ad5,洗足変電所,tokyo,w107215365,lines_only,1,1,0,0,0,0,0,0,0,0,0,,,no_observed,0,1,3,0,1,0,0
tokyo_site_f2dba5072e2f,戸塚変電所,tokyo,w136055982,none,0,0,0,0,0,0,0,0,0,0,0,,,no_observed,0,0,0,0,0,0,0
tokyo_site_f30596ce2bc0,上富士変電所,tokyo,w1150076040,none,1,0,0,0,0,0,0,0,0,0,0,,,no_observed,0,0,0,0,0,0,0
tokyo_site_f337161532ef,吾妻町変電所,tokyo,w1135018802,none,1,0,0,0,0,0,0,0,0,0,0,,,no_observed,0,0,0,0,0,0,0
tokyo_site_f3387cace2b1,平方変電所,tokyo,w1146856867,lines_only,1,1,0,0,0,0,0,0,0,0,0,,,no_observed,0,1,0,0,1,0,0
tokyo_site_f352cccd3de3,麦丸変電所,tokyo,w1135006761,lines_only,1,1,0,0,0,0,0,0,0,0,0,,,no_observed,0,0,0,0,0,0,2
tokyo_site_f35abb828586,那須野変電所,tokyo,w191552653,mapped,2,2,2,0,2,6,3,0,1,2,2,154/66,154/66,same,3,6,20,8,0,0,0
tokyo_site_f36f22800f28,明野変電所,tokyo,w210868181,lines_only,1,1,0,1,0,0,0,0,0,0,0,,,no_observed,0,2,3,0,2,0,0
tokyo_site_f37feb57185e,南大井一丁目変電所,tokyo,n9794100630,none,0,0,0,0,0,0,0,0,0,0,0,,,no_observed,0,0,0,0,0,0,0
tokyo_site_f3876dcb1cff,上野変電所,tokyo,w235397528,lines_only,1,1,0,1,0,0,0,0,0,0,0,,,no_observed,0,2,0,0,2,0,0
tokyo_site_f38a78f6ca34,作田川変電所,tokyo,w1083086235,lines_only,1,1,0,0,0,0,0,0,0,0,0,,,no_observed,0,1,0,0,1,0,0
tokyo_site_f3dc7efe5cbc,加倉変電所,tokyo,w201308549,lines_only,1,1,0,0,0,0,0,0,0,0,0,,,no_observed,0,1,0,0,1,0,0
tokyo_site_f43710ace140,大木戸変電所,tokyo,w251715246,none,1,0,0,0,0,0,0,0,0,0,0,,,no_observed,0,0,5,0,0,0,0
tokyo_site_f47d177bbce8,市川二丁目変電所,tokyo,w160306647,none,2,0,0,0,0,0,0,0,1,0,0,66/22,,no_observed,0,0,5,0,0,0,0
tokyo_site_f497bbc9bd3d,鳥山変電所,tokyo,w188100636,lines_only,2,1,0,0,0,0,0,0,1,0,0,154/66,,no_observed,0,1,7,0,1,0,0
tokyo_site_f4d9029f3f54,三福変電所,tokyo,w409537789,lines_only,1,1,0,0,0,0,0,0,0,0,0,,,no_observed,0,1,0,0,1,0,0
tokyo_site_f4f072b1cfb0,中島町変電所,tokyo,w129306970,none,1,0,0,0,0,0,0,0,0,0,0,,,no_observed,0,0,2,0,0,0,0
tokyo_site_f50d8eacfe45,中土狩変電所,tokyo,w1205918198,lines_only,2,2,0,0,0,0,0,0,1,0,0,66/6,,no_observed,0,0,0,0,0,0,2
tokyo_site_f5118427bffb,エーアイシーテック変電所,tokyo,w1063517278,lines_only,1,1,0,1,0,0,0,0,0,0,0,,,no_observed,0,2,2,0,2,0,0
tokyo_site_f5191d6b5579,館林変電所 (Tatebayashi Hendensho),tokyo,w195138490,lines_only,1,1,0,0,0,0,0,0,0,0,0,,,no_observed,0,0,0,0,0,0,4
tokyo_site_f5365cd49b14,新前橋開閉所,tokyo,w126838060,conductors_only,1,1,0,1,0,0,0,0,0,0,0,,,no_observed,0,2,10,2,0,0,0
tokyo_site_f58a19c8db33,南田中変電所,tokyo,w806878142,none,0,0,0,0,0,0,0,0,0,0,0,,,no_observed,0,0,0,0,0,0,0
tokyo_site_f5b8c9b60e9d,外野変電所,tokyo,w1381130755,lines_only,1,1,0,0,0,0,0,0,0,0,0,,,no_observed,0,1,0,0,1,0,0
tokyo_site_f5ecff0bc2c4,大和変電所,tokyo,w175558574,partial,2,2,3,1,1,3,3,0,1,3,3,66/6,66/6,same,2,6,0,1,1,0,0
tokyo_site_f5f98a9153f5,市ヶ尾変電所,tokyo,w147608516,lines_only,1,1,0,1,0,0,0,0,0,0,0,,,no_observed,0,2,3,0,2,0,0
tokyo_site_f62b0f47127c,海老名変電所,tokyo,w55806549,none,1,0,0,0,0,0,0,0,0,0,0,,,no_observed,0,0,3,0,0,0,0
tokyo_site_f6536f3aca58,京急田浦変電所,tokyo,w328082381,none,3,0,0,0,0,0,0,0,2,0,0,66/22;22/1,,no_observed,0,0,4,0,0,0,0
tokyo_site_f6657e28b507,伊原変電所,tokyo,w195085032,conductors_only,3,3,0,1,0,0,0,0,2,0,0,154/66;66/6,,no_observed,0,2,4,1,0,2,0
tokyo_site_f676d892d3c6,川俣変電所,tokyo,w1072910313,lines_only,1,1,0,0,0,0,0,0,0,0,0,,,no_observed,0,1,0,0,1,0,0
tokyo_site_f6c782a5154a,山梨変電所,tokyo,w202426838,lines_only,2,2,0,1,0,0,0,0,1,0,0,154/66,,no_observed,0,4,4,0,2,2,4
tokyo_site_f6fd30586017,新宿変電所,tokyo,w1078882735,none,1,0,0,0,0,0,0,0,0,0,0,,,no_observed,0,0,0,0,0,0,0
tokyo_site_f70301055fb1,ひたちなか市変電所,tokyo,w642945607,none,0,0,0,0,0,0,0,0,0,0,0,,,no_observed,0,0,0,0,0,0,0
tokyo_site_f72de0c14e74,電力設備訓練施設,tokyo,w1389317200,conductors_only,2,0,0,2,0,0,2,0,1,0,0,275/66,,no_observed,6,8,35,0,0,0,0
tokyo_site_f7346a58d31c,八日市場変電所,tokyo,w151764945,conductors_only,1,1,0,1,0,0,0,0,0,0,0,,,no_observed,0,3,3,1,1,0,0
tokyo_site_f7578e7707c6,臼井田変電所,tokyo,w577976211,none,0,0,0,0,0,0,0,0,0,0,0,,,no_observed,0,0,0,0,0,0,0
tokyo_site_f78ba8ed088b,野栄変電所,tokyo,w1082017148,lines_only,1,1,0,0,0,0,0,0,0,0,0,,,no_observed,0,1,0,0,1,0,0
tokyo_site_f82ddcaa316c,伊東変電所,tokyo,w409626464,lines_only,1,1,0,0,0,0,0,0,0,0,0,,,no_observed,0,1,0,0,1,0,0
tokyo_site_f83d0ad30ded,子安変電所,tokyo,w144712256,conductors_only,2,2,0,2,0,0,0,0,1,0,0,154/66,,no_observed,0,10,4,4,0,0,0
tokyo_site_f842ddb91a8d,三島変電所,tokyo,w208107884,lines_only,1,1,0,0,0,0,0,0,0,0,0,,,no_observed,0,1,0,0,1,0,0
tokyo_site_f85573ab2f7e,五浦変電所,tokyo,w657663805,conductors_only,1,1,0,1,0,0,0,0,0,0,0,,,no_observed,0,2,4,1,0,0,0
tokyo_site_f858a3941cf3,川口芝変電所,tokyo,w1150071627,none,1,0,0,0,0,0,0,0,0,0,0,,,no_observed,0,0,0,0,0,0,0
tokyo_site_f87e6b0f3f09,官林変電所,tokyo,w519167755,none,1,0,0,0,0,0,0,0,0,0,0,,,no_observed,0,0,1,0,0,0,0
tokyo_site_f955560d8e42,神田変電所,tokyo,w231540834,none,1,0,0,0,0,0,0,0,0,0,0,,,no_observed,0,0,0,0,0,0,0
tokyo_site_f99e2ea83fad,長柄変電所,tokyo,w1060174309,conductors_only,1,1,0,1,0,0,0,0,0,0,0,,,no_observed,0,5,0,1,0,0,0
tokyo_site_f9a18d67833b,榎町変電所,tokyo,w1408204747,none,1,0,0,0,0,0,0,0,0,0,0,,,no_observed,0,0,10,0,0,0,0
tokyo_site_f9b3e048da1a,中禅寺変電所,tokyo,w689559097,lines_only,1,1,0,1,0,0,0,0,0,0,0,,,no_observed,0,2,3,0,2,0,0
tokyo_site_fa14c0043989,千波変電所,tokyo,w587884511,conductors_only,2,2,0,1,0,0,0,0,1,0,0,66/6,,no_observed,0,2,3,1,0,0,0
tokyo_site_fa15731c70ff,新羽沢変電所,tokyo,w1175104537,none,1,0,0,0,0,0,0,0,0,0,0,,,no_observed,0,0,2,0,0,0,0
tokyo_site_fa2ed36719ce,高津変電所,tokyo,w1153962999,conductors_only,1,1,0,1,0,0,0,0,0,0,0,,,no_observed,0,2,4,1,0,0,0
tokyo_site_fa6937e3c1b2,沼和田変電所,tokyo,w201308557,conductors_only,1,1,0,1,0,0,0,0,0,0,0,,,no_observed,0,6,0,2,0,0,0
tokyo_site_fa99702760b5,荏田北一丁目変電所,tokyo,w1102338069,none,2,0,0,0,0,0,0,0,1,0,0,275/66,,no_observed,0,0,13,0,0,0,0
tokyo_site_fa9cc49c533b,東中野変電所,tokyo,w199753682,none,3,0,0,0,0,0,0,0,2,0,0,275/66;66/1,,no_observed,0,0,9,0,0,0,0
tokyo_site_faad1b507a21,吉野町一丁目変電所,tokyo,w647039999,lines_only,1,1,0,0,0,0,0,0,0,0,0,,,no_observed,0,1,1,0,1,0,0
tokyo_site_fac56819aa0d,塩原2号配電塔,tokyo,w1138238972,none,2,0,0,0,0,0,0,0,1,0,0,22/6,,no_observed,0,0,0,0,0,0,0
tokyo_site_faefc5b51b6c,東京電力残堀変電所,tokyo,w1070483833,lines_only,0,1,0,0,0,0,0,0,0,0,0,,,no_observed,0,0,0,0,0,0,2
tokyo_site_fb1191d98952,上久屋町変電所,tokyo,w520126260,lines_only,1,1,0,1,0,0,0,0,0,0,0,,,no_observed,0,2,0,0,0,2,0
tokyo_site_fb64f395c94a,身延変電所,tokyo,w1307229265,partial,0,0,0,0,0,0,0,0,0,1,0,,,no_observed,0,1,4,0,0,0,0
tokyo_site_fb65713be9ab,小泉町変電所,tokyo,w676732253,lines_only,0,1,0,0,0,0,0,0,0,0,0,,,no_observed,0,0,0,0,0,0,2
tokyo_site_fb92f4810118,鶴ヶ峰変電所,tokyo,w802093676,lines_only,0,0,0,0,0,0,0,0,0,0,0,,,no_observed,0,1,1,0,0,0,0
tokyo_site_fbefb11d2dd4,川越変電所,tokyo,w890903793,conductors_only,1,1,0,1,0,0,0,0,0,0,0,,,no_observed,0,2,5,2,0,0,0
tokyo_site_fc017bb9f127,中佐久間変電所,tokyo,w726951037,none,1,0,0,0,0,0,0,0,0,0,0,,,no_observed,0,0,3,0,0,0,0
tokyo_site_fc173261a48f,古河市変電所_2,tokyo,w1150312034,conductors_only,1,1,0,1,0,0,0,0,0,0,0,,,no_observed,0,2,13,0,1,0,0
tokyo_site_fc2e762ece93,関町変電所,tokyo,w100490674,none,0,0,0,0,0,0,0,0,0,0,0,,,no_observed,0,0,0,0,0,0,0
tokyo_site_fc7002dba00b,勝浦変電所,tokyo,w713581976,lines_only,1,1,0,1,0,0,0,0,0,0,0,,,no_observed,0,2,2,0,2,0,0
tokyo_site_fc99f61a2d58,小田急電鉄 大野変電所,tokyo,w1064243956,none,0,0,0,0,0,0,0,0,0,0,0,,,no_observed,0,0,0,0,0,0,0
tokyo_site_fcba50b0fd97,原山変電所,tokyo,w734245021,none,1,0,0,0,0,0,0,0,0,0,0,,,no_observed,0,0,0,0,0,0,0
tokyo_site_fccc14ff166c,下市場二丁目変電所,tokyo,w638023745,lines_only,1,1,0,0,0,0,0,0,0,0,0,,,no_observed,0,1,3,0,1,0,0
tokyo_site_fce92da49ee4,八重原変電所,tokyo,w1132698399,conductors_only,1,1,0,1,0,0,0,0,0,0,0,,,no_observed,0,2,2,2,0,0,0
tokyo_site_fd4a0edbb3ba,上平井変電所,tokyo,w1144591654,lines_only,1,1,0,0,0,0,0,0,0,0,0,,,no_observed,0,1,5,0,1,0,0
tokyo_site_fd50073fe29e,前橋変電所,tokyo,w1083364837,lines_only,1,1,0,0,0,0,0,0,0,0,0,,,no_observed,0,1,3,0,1,0,0
tokyo_site_fd95e1d90084,新横浜変電所,tokyo,w1267885643,lines_only,2,2,0,0,0,0,0,0,1,0,0,25/6,,no_observed,0,0,0,0,1,0,0
tokyo_site_fdc4ce36b631,袋町変電所,tokyo,w720413237,none,1,0,0,0,0,0,0,0,0,0,0,,,no_observed,0,0,0,0,0,0,0
tokyo_site_fe1aa998eb32,千葉変電所,tokyo,w1134417060,lines_only,1,1,0,0,0,0,0,0,0,0,0,,,no_observed,0,1,1,0,1,0,0
tokyo_site_fe1ba57fb4f2,東京電力 百合ヶ丘変電所,tokyo,w37413460,lines_only,1,1,0,1,0,0,0,0,0,0,0,,,no_observed,0,2,8,0,0,2,0
tokyo_site_fe633386bc1c,下九沢変電所,tokyo,w1385343854,mapped,1,1,0,1,0,0,0,2,0,1,1,,,no_observed,0,3,21,2,0,0,0
tokyo_site_fe92aa7acde7,上柴町東六丁目変電所,tokyo,w643191784,conductors_only,1,2,0,0,0,0,0,0,0,0,0,,,no_observed,0,2,1,0,2,0,4
tokyo_site_fee8ae8b99ad,蒲田変電所,tokyo,w739015659,none,1,0,0,0,0,0,0,0,0,0,0,,,no_observed,0,0,0,0,0,0,0
tokyo_site_ff210e974d4a,足利変電所,tokyo,w686830925,lines_only,2,2,0,0,0,0,0,0,1,0,0,66/1,,no_observed,0,1,0,0,1,0,0
tokyo_site_ff29f2193500,北白子変電所,tokyo,w172068338,conductors_only,1,1,0,1,0,0,0,0,0,0,0,,,no_observed,0,2,3,1,0,0,0
tokyo_site_ff3e2fed21ee,蓮田変電所,tokyo,w1146179207,none,1,0,0,0,0,0,0,0,0,0,0,,,no_observed,0,0,2,0,0,0,0
tokyo_site_ff90037bc73d,吉倉変電所,tokyo,w1082003339,conductors_only,1,1,0,1,0,0,0,0,0,0,0,,,no_observed,0,5,7,1,0,0,0
tokyo_site_ffa88bf4e29a,堀口町変電所,tokyo,w1251024135,lines_only,0,0,0,0,0,0,0,0,0,0,0,,,no_observed,0,1,2,0,0,0,0
tokyo_site_ffc07286e5e5,浦郷町二丁目変電所,tokyo,w1180289922,layout_only,0,0,0,0,0,0,0,0,0,1,0,,,no_observed,0,0,0,0,0,0,0
