{"type":"FeatureCollection","features":[{"type":"Feature","geometry":{"type":"LineString","coordinates":[[140.7069,41.9723],[140.707,41.9729],[140.7078,41.9737],[140.7089,41.9748],[140.7096,41.9757],[140.7107,41.9769],[140.7117,41.9778],[140.7127,41.9787],[140.7136,41.9793],[140.7142,41.9798],[140.7151,41.9804],[140.7158,41.981],[140.7166,41.9816],[140.7174,41.9822],[140.7181,41.9828],[140.7188,41.9835],[140.7194,41.9841],[140.72,41.9847],[140.7205,41.9852],[140.7209,41.9857],[140.7214,41.9862],[140.722,41.9868],[140.7223,41.9871],[140.7229,41.9877],[140.7236,41.9884],[140.7242,41.989],[140.7248,41.9897],[140.7255,41.9904],[140.7261,41.991],[140.7268,41.9917],[140.7274,41.9923],[140.728,41.9929],[140.7291,41.994],[140.7296,41.9947],[140.7303,41.9954],[140.7307,41.996],[140.731,41.9966],[140.7314,41.9973],[140.7319,41.9981],[140.7323,41.9988],[140.7349,42.0033],[140.7362,42.0041],[140.7399,42.0063],[140.7413,42.007],[140.7425,42.0079],[140.743,42.0083],[140.7435,42.0088],[140.7443,42.0095],[140.745,42.0102],[140.7456,42.0107],[140.7465,42.0115],[140.7523,42.0192],[140.7524,42.0219],[140.7498,42.0299],[140.7515,42.0307],[140.7518,42.0316],[140.76,42.0323],[140.7644,42.0318],[140.7695,42.0324],[140.7727,42.0332],[140.7748,42.0338],[140.7786,42.0343],[140.7834,42.0357],[140.7882,42.0352],[140.7984,42.0353],[140.8111,42.0354],[140.8132,42.0349],[140.8141,42.0344],[140.8148,42.034],[140.8169,42.0327]]},"properties":{"name":"\u5927\u6cbc\u7dda","loading_pct":31.1,"p_mw":7.1}},{"type":"Feature","geometry":{"type":"LineString","coordinates":[[141.039,42.3733],[141.0443,42.3776],[141.0458,42.3781],[141.0479,42.378],[141.0501,42.3778],[141.0523,42.3776],[141.054,42.3774],[141.0552,42.3772],[141.0562,42.3763],[141.0559,42.3758],[141.0573,42.3751],[141.0587,42.3744],[141.0597,42.374],[141.0618,42.3729],[141.0629,42.3723],[141.0608,42.3704],[141.059,42.3688],[141.0569,42.3673],[141.0542,42.3658],[141.0537,42.3659]]},"properties":{"name":"\u7f8e\u5712\u753a\u516d\u4e01\u76ee\u5909\u96fb\u6240~\u82e5\u8349\u753a\u4e00\u4e01\u76ee\u5909\u96fb\u6240\u7dda","loading_pct":10.4,"p_mw":7.1}},{"type":"Feature","geometry":{"type":"LineString","coordinates":[[140.9947,42.4016],[140.993,42.4032],[140.9922,42.4024],[140.9883,42.402],[140.985,42.4038],[140.9816,42.4034],[140.9774,42.403],[140.9749,42.4048],[140.9734,42.4077],[140.9721,42.4101],[140.9723,42.4129],[140.9723,42.4154],[140.9724,42.4179],[140.9742,42.42],[140.976,42.4221],[140.9773,42.4261],[140.9789,42.4283],[140.9805,42.4306],[140.9816,42.4321],[140.9827,42.4347],[140.9833,42.4361],[140.9809,42.4379],[140.9792,42.4392],[140.975,42.441],[140.9711,42.4426],[140.9674,42.4442],[140.9656,42.4449],[140.9635,42.4479],[140.9612,42.4509],[140.9601,42.4546],[140.959,42.4577],[140.9568,42.4601],[140.9549,42.4621],[140.9524,42.4649],[140.9505,42.4675],[140.9479,42.4708],[140.946,42.4743],[140.9448,42.4765],[140.9441,42.4794],[140.9436,42.4816],[140.9421,42.4828],[140.9399,42.4849],[140.9377,42.4879],[140.9364,42.49],[140.9352,42.4922],[140.9351,42.4955],[140.9329,42.4978],[140.9304,42.5],[140.9285,42.5017],[140.9272,42.503],[140.9229,42.505],[140.92,42.5063],[140.917,42.5077],[140.9146,42.5089],[140.9124,42.5099],[140.9095,42.5109],[140.9074,42.5116],[140.9036,42.5116],[140.8999,42.5116],[140.8973,42.5121],[140.895,42.5124],[140.8929,42.5141],[140.8917,42.5161],[140.8892,42.5159],[140.8858,42.5155],[140.8835,42.5145],[140.8812,42.5134],[140.8774,42.5119],[140.8739,42.51],[140.8715,42.5086],[140.869,42.5073],[140.8665,42.5059],[140.8643,42.5039],[140.8626,42.5023],[140.8611,42.5007],[140.858,42.4997],[140.856,42.498],[140.8552,42.4955],[140.8543,42.4935],[140.8509,42.4926],[140.849,42.4915],[140.8464,42.4906],[140.8439,42.4896],[140.8424,42.4861],[140.8421,42.4821],[140.8407,42.4808],[140.8371,42.4793],[140.8353,42.4808],[140.8331,42.4827],[140.8303,42.4837]]},"properties":{"name":"\u80c6\u632f\u5e79\u7dda","loading_pct":31.0,"p_mw":-150.5}},{"type":"Feature","geometry":{"type":"LineString","coordinates":[[141.5024,42.6141],[141.4872,42.6651],[141.4851,42.6638],[141.4825,42.6619],[141.4799,42.6601],[141.4779,42.6587],[141.4748,42.6565],[141.4709,42.6538],[141.469,42.6525],[141.4656,42.6501],[141.4632,42.6484],[141.461,42.647],[141.4584,42.6451],[141.4558,42.6433],[141.4531,42.6414],[141.4505,42.6403],[141.4471,42.6388],[141.4446,42.6378],[141.4417,42.6365],[141.4383,42.6351],[141.4352,42.6338],[141.4326,42.6327],[141.4295,42.6313],[141.4268,42.6302],[141.4237,42.6289],[141.4203,42.6274],[141.4172,42.6262],[141.414,42.6248],[141.4107,42.6234],[141.4075,42.622],[141.4046,42.6208],[141.4015,42.6195],[141.3994,42.6186],[141.3962,42.6172],[141.3929,42.6158],[141.3896,42.6144],[141.3871,42.6134],[141.3816,42.611],[141.3767,42.6091],[141.3744,42.6082],[141.3697,42.6064],[141.3672,42.6055],[141.3622,42.6033],[141.3569,42.6013],[141.3509,42.5991],[141.3478,42.5975],[141.3459,42.5966],[141.3397,42.5934],[141.3368,42.5919],[141.3277,42.5875],[141.3183,42.5828],[141.3154,42.5809],[141.3138,42.5806],[141.3023,42.5762],[141.2922,42.575],[141.2845,42.5739],[141.2817,42.5735],[141.2747,42.5724],[141.2668,42.5714],[141.2607,42.5705],[141.2431,42.5681],[141.2378,42.5676],[141.235,42.5669],[141.2283,42.566],[141.2262,42.5658],[141.2234,42.5646],[141.221,42.5639],[141.2139,42.5613],[141.2106,42.5601],[141.2063,42.5586],[141.2016,42.5569],[141.1993,42.5561],[141.1934,42.5539],[141.19,42.5528],[141.1854,42.5511],[141.1831,42.5502],[141.1648,42.5433],[141.1433,42.5288],[141.1257,42.4912],[141.1225,42.4758],[141.1213,42.4735],[141.1188,42.4683],[141.1173,42.4654],[141.1161,42.4625],[141.1095,42.4518],[141.1075,42.4498],[141.1056,42.4478],[141.0841,42.4263],[141.1132,42.4212]]},"properties":{"name":"\u5ba4\u862d\u6771\u5e79\u7dda","loading_pct":9.5,"p_mw":-16.3}},{"type":"Feature","geometry":{"type":"LineString","coordinates":[[140.6545,41.9321],[140.6534,41.9335],[140.6528,41.9346],[140.6506,41.9357],[140.6482,41.9368],[140.6448,41.9385],[140.6407,41.9379],[140.6394,41.939],[140.6382,41.9399],[140.6372,41.9404],[140.6356,41.9413],[140.6328,41.943],[140.6298,41.9448],[140.6281,41.9459],[140.6245,41.9481],[140.6209,41.9503],[140.6184,41.9516],[140.6151,41.9534],[140.6124,41.9549],[140.6096,41.9564],[140.6075,41.9575],[140.6049,41.959],[140.6028,41.9611],[140.6003,41.9635],[140.5997,41.9662],[140.599,41.9688],[140.5985,41.9709],[140.5978,41.9737],[140.5971,41.9764],[140.5967,41.9781],[140.596,41.9805],[140.5952,41.984],[140.5942,41.9877],[140.5937,41.9897],[140.5931,41.9921],[140.5925,41.9946],[140.5915,41.9983],[140.5894,42.0015],[140.5881,42.0034],[140.5865,42.0058],[140.5846,42.0084],[140.5837,42.0097],[140.5814,42.0131],[140.5793,42.0162],[140.5771,42.0192],[140.576,42.0209],[140.574,42.0223],[140.5736,42.0234],[140.5727,42.0249],[140.5713,42.0276],[140.5716,42.0298],[140.5706,42.0324],[140.5691,42.0339],[140.5667,42.0366],[140.5652,42.0383],[140.5635,42.0402],[140.5631,42.0433],[140.5628,42.0459],[140.5624,42.0486],[140.562,42.0515],[140.5619,42.0532],[140.5599,42.0554],[140.5579,42.0581],[140.5561,42.0594],[140.5545,42.0607],[140.5525,42.0623],[140.55,42.0643],[140.5487,42.0653],[140.5466,42.0663],[140.5439,42.0674],[140.5416,42.0684],[140.5368,42.0706],[140.5337,42.0717],[140.5319,42.0723],[140.5303,42.0731],[140.5271,42.0745],[140.5246,42.0745],[140.5205,42.0747],[140.5162,42.0748],[140.5133,42.0755],[140.51,42.0763],[140.5068,42.0776],[140.5051,42.0782],[140.5018,42.0795],[140.4997,42.0803],[140.4971,42.0817],[140.4945,42.085],[140.4919,42.0874],[140.4899,42.0893],[140.4883,42.0907],[140.4865,42.0924],[140.484,42.0933],[140.4809,42.0944],[140.478,42.0954],[140.4744,42.0967],[140.4718,42.0976],[140.4694,42.098],[140.4671,42.0984],[140.4619,42.0992],[140.4583,42.0998],[140.4564,42.1001],[140.4544,42.1015],[140.4521,42.1031],[140.4447,42.1025],[140.4411,42.1041],[140.4384,42.1053],[140.4362,42.1063],[140.4341,42.1072],[140.4316,42.1082],[140.4299,42.1093],[140.4279,42.1106],[140.4254,42.1121],[140.4232,42.1134],[140.421,42.1146],[140.4187,42.1156],[140.4167,42.1164],[140.413,42.118],[140.4096,42.1194],[140.4065,42.1207],[140.4032,42.1221],[140.4,42.1234],[140.3966,42.1248],[140.3933,42.1262],[140.3895,42.1275],[140.3879,42.1279],[140.3858,42.1294],[140.3842,42.1306],[140.3833,42.1312],[140.3806,42.1327],[140.3795,42.1331],[140.3752,42.1347],[140.3718,42.1365],[140.3687,42.1397],[140.3673,42.1414],[140.3644,42.1448],[140.3618,42.1466],[140.3585,42.1481],[140.3559,42.1494],[140.3527,42.1516],[140.3494,42.1539],[140.3476,42.1552],[140.3449,42.1571],[140.3431,42.1584],[140.3398,42.1608],[140.3365,42.1632],[140.333,42.1658],[140.3316,42.1668],[140.3294,42.1684],[140.3274,42.1702],[140.3259,42.1715],[140.3238,42.1734],[140.3199,42.1758],[140.3172,42.1784],[140.316,42.1795],[140.3118,42.1805],[140.31,42.1809],[140.3072,42.1828],[140.3052,42.1838],[140.302,42.1853],[140.2996,42.1865],[140.2963,42.1879],[140.2926,42.1895],[140.2885,42.1915],[140.2837,42.1936],[140.2808,42.195],[140.2772,42.1966],[140.2733,42.1975],[140.2711,42.198],[140.2665,42.1991],[140.2638,42.1997],[140.2604,42.2004],[140.2554,42.2015],[140.2518,42.2023],[140.2429,42.2055],[140.2381,42.2107],[140.2364,42.2126],[140.2343,42.2148],[140.23,42.2197],[140.2279,42.222],[140.2264,42.2238],[140.2167,42.2335],[140.2125,42.2364],[140.2094,42.2385],[140.2076,42.2398],[140.2047,42.2418],[140.1996,42.2453],[140.197,42.2464],[140.1943,42.2475],[140.1913,42.249],[140.1851,42.2522],[140.178,42.2558],[140.1758,42.2563],[140.1723,42.2571],[140.1687,42.2579],[140.1659,42.2593],[140.1617,42.2614],[140.158,42.2632],[140.1532,42.2656],[140.1498,42.2673],[140.1478,42.2697],[140.1465,42.2711],[140.1447,42.2742],[140.1432,42.2769],[140.142,42.2788],[140.141,42.2805],[140.1392,42.2874],[140.1385,42.2902],[140.1379,42.2927],[140.1372,42.2954],[140.1355,42.2996],[140.1346,42.3014],[140.1335,42.3036],[140.1319,42.3068],[140.1308,42.309],[140.1299,42.3109],[140.1285,42.3136],[140.1274,42.3159],[140.1261,42.3185],[140.1262,42.3211],[140.1262,42.324],[140.1263,42.3272],[140.1264,42.3302],[140.1265,42.332],[140.1266,42.3357],[140.1268,42.3392],[140.127,42.3411],[140.1271,42.3439],[140.1273,42.3466],[140.1274,42.3494],[140.1274,42.3527],[140.1274,42.356],[140.1275,42.3592],[140.1275,42.3613],[140.1276,42.364],[140.1276,42.366],[140.1277,42.3693],[140.1277,42.3715],[140.1277,42.3802],[140.1274,42.3839],[140.1272,42.3856],[140.1269,42.3892],[140.1269,42.392],[140.1269,42.3939],[140.1269,42.3969],[140.1269,42.3994],[140.1269,42.4027],[140.1269,42.405],[140.1269,42.4069],[140.1269,42.4098],[140.1275,42.4105],[140.1292,42.4127],[140.1313,42.4153],[140.1324,42.4167],[140.1347,42.4195],[140.1359,42.4212],[140.1402,42.4265],[140.1425,42.4295],[140.1446,42.4321],[140.1463,42.4343],[140.1481,42.4366],[140.1492,42.4379],[140.1515,42.4409],[140.1533,42.4431],[140.1557,42.4462],[140.1573,42.4482],[140.1588,42.4502],[140.1609,42.4529],[140.1625,42.4548],[140.164,42.4567],[140.1661,42.4593],[140.1678,42.4615],[140.1701,42.4638],[140.1718,42.4653],[140.1747,42.4681],[140.1765,42.4699],[140.1793,42.4725],[140.1819,42.4738],[140.1841,42.4771],[140.1881,42.4809],[140.1904,42.4832],[140.193,42.4855],[140.1955,42.4879],[140.1985,42.4905],[140.2014,42.4931],[140.2106,42.4972],[140.2137,42.4989],[140.2171,42.5007],[140.2217,42.5037],[140.2241,42.5053],[140.2302,42.5094],[140.2333,42.5114],[140.2368,42.5135],[140.2453,42.5186],[140.253,42.5276],[140.2549,42.5306],[140.2569,42.5338],[140.2589,42.5371],[140.2689,42.5512],[140.2706,42.5531],[140.2731,42.5558],[140.2755,42.5585],[140.2767,42.5601],[140.2776,42.5615],[140.2798,42.5649],[140.2827,42.5679],[140.2848,42.5703],[140.2867,42.5724],[140.2885,42.5744],[140.2906,42.5767],[140.2924,42.5786],[140.2938,42.5811],[140.2944,42.5821],[140.2972,42.587],[140.3076,42.595],[140.31,42.5963],[140.3141,42.5984],[140.317,42.5999],[140.3206,42.6018],[140.3237,42.6034],[140.3266,42.6049],[140.3288,42.606],[140.3318,42.6076],[140.3347,42.6091],[140.3376,42.6104],[140.3402,42.6114],[140.3425,42.6124],[140.3453,42.6128],[140.3481,42.6133],[140.3519,42.6139],[140.3565,42.6147],[140.3637,42.6159],[140.3668,42.6164],[140.3841,42.6192],[140.3872,42.6197],[140.4106,42.6234],[140.4132,42.6239],[140.4165,42.6244],[140.4212,42.6252],[140.4242,42.6256],[140.4277,42.6262],[140.4305,42.6267],[140.4345,42.6274],[140.4426,42.6287],[140.4534,42.6304],[140.4565,42.6309],[140.4599,42.6314],[140.4615,42.6323],[140.463,42.6332],[140.465,42.6343],[140.4677,42.6359],[140.4712,42.6402],[140.4738,42.6416],[140.4766,42.6431],[140.4801,42.6434],[140.484,42.6438],[140.4881,42.6433],[140.4924,42.6428],[140.497,42.6423],[140.5009,42.6419],[140.504,42.6422],[140.5076,42.6426],[140.5115,42.643],[140.5142,42.6433],[140.5183,42.6438],[140.5213,42.6441],[140.5246,42.6445],[140.5288,42.6449],[140.5317,42.6454],[140.5417,42.6473],[140.5485,42.6486],[140.5527,42.6494],[140.5557,42.6499],[140.5592,42.6505],[140.5652,42.6513],[140.5715,42.6524],[140.5803,42.654],[140.586,42.655],[140.5892,42.6557],[140.5929,42.6565],[140.5972,42.6574],[140.6,42.6579],[140.6035,42.6587],[140.6076,42.6596],[140.6114,42.6604],[140.6151,42.6612],[140.6175,42.6617],[140.6217,42.6626],[140.6254,42.6633],[140.6258,42.6634],[140.63,42.6643],[140.6326,42.6648],[140.6372,42.6658],[140.6411,42.6667],[140.6448,42.6674],[140.6481,42.6681],[140.6533,42.6692],[140.6565,42.6699],[140.6594,42.6705],[140.6747,42.6738],[140.679,42.6747],[140.6809,42.6751],[140.6842,42.6758],[140.6861,42.6761],[140.6899,42.677],[140.6937,42.6777],[140.6986,42.6788],[140.7025,42.6796],[140.7064,42.6805],[140.7084,42.6809],[140.7101,42.6812],[140.7137,42.682],[140.7168,42.6832],[140.7209,42.6848],[140.7232,42.6858],[140.7259,42.6868],[140.7305,42.6878],[140.7337,42.6884],[140.7372,42.6891],[140.7402,42.6897],[140.7426,42.6902],[140.7469,42.691],[140.7534,42.6924],[140.7572,42.6932],[140.7602,42.6938],[140.7635,42.6946],[140.7676,42.6956],[140.7801,42.6986],[140.7823,42.6991],[140.7857,42.6999],[140.7919,42.7014],[140.7955,42.7023],[140.7992,42.7031],[140.8033,42.7041],[140.8079,42.705],[140.8111,42.7061],[140.814,42.7071],[140.8176,42.7081],[140.82,42.7089],[140.8232,42.7098],[140.8259,42.7105],[140.8288,42.7113],[140.8322,42.7121],[140.837,42.7131],[140.8432,42.7157],[140.8458,42.7168],[140.8489,42.718],[140.8549,42.7205],[140.8578,42.7208],[140.8617,42.7212],[140.8643,42.7217],[140.8652,42.7218],[140.8729,42.7223],[140.8764,42.7226],[140.8796,42.723],[140.8827,42.7238],[140.8858,42.7247],[140.8886,42.7255],[140.8916,42.7263],[140.8958,42.7276],[140.9003,42.7289],[140.9046,42.73],[140.9078,42.7309],[140.9101,42.7316],[140.9128,42.7323],[140.9168,42.7334],[140.9212,42.7335],[140.9243,42.7335],[140.9298,42.7336],[140.9334,42.7346],[140.9365,42.7355],[140.9411,42.7367],[140.9454,42.7379],[140.9496,42.7384],[140.9544,42.739],[140.9592,42.7396],[140.963,42.74],[140.9659,42.7403],[140.9709,42.7408],[140.9759,42.7413],[140.9813,42.7417],[140.9844,42.7418],[140.9874,42.7419],[140.9905,42.742],[140.9935,42.742],[140.9964,42.7421],[141.0033,42.7422],[141.0086,42.7423],[141.0113,42.7424],[141.0212,42.7426],[141.0253,42.7429],[141.029,42.743],[141.0338,42.743]]},"properties":{"name":"\u51fd\u9928\u5e79\u7dda (Hakodate-kansen)","loading_pct":1.7,"p_mw":-8.1}},{"type":"Feature","geometry":{"type":"LineString","coordinates":[[140.585,41.9163],[140.5854,41.9189],[140.5859,41.9233],[140.5853,41.9264],[140.5845,41.93],[140.5816,41.9323],[140.5782,41.9349],[140.5759,41.9367],[140.5683,41.9411],[140.5649,41.9427],[140.5609,41.9446],[140.5582,41.9458],[140.5531,41.9475],[140.5477,41.9492],[140.5436,41.9505],[140.5413,41.9515],[140.5364,41.9537],[140.5352,41.9553],[140.5323,41.9592],[140.5296,41.9616],[140.5277,41.9633],[140.5253,41.9649],[140.5228,41.9667],[140.5217,41.9684],[140.5197,41.9716],[140.5177,41.9747],[140.516,41.9774],[140.5141,41.9796],[140.5111,41.9829],[140.509,41.9853],[140.5072,41.9874],[140.5051,41.9898],[140.504,41.991],[140.501,41.9944],[140.4992,41.9965],[140.4987,41.9993],[140.4984,42.0016],[140.498,42.004],[140.4988,42.0079],[140.4994,42.011],[140.5002,42.0153],[140.4985,42.0171],[140.4955,42.0202],[140.4927,42.023],[140.4904,42.0262],[140.4889,42.0281],[140.4863,42.0308],[140.4787,42.0395],[140.4764,42.0429],[140.4779,42.0443],[140.479,42.0456],[140.4834,42.0518],[140.4848,42.0552],[140.4859,42.0576],[140.487,42.0618],[140.4845,42.0659],[140.4834,42.0702],[140.4843,42.0737],[140.4854,42.0779],[140.4865,42.0818],[140.4848,42.0855],[140.4839,42.0876],[140.4831,42.0893],[140.4822,42.0913],[140.4795,42.0936],[140.4768,42.0946],[140.4729,42.096],[140.47,42.097],[140.4633,42.0979],[140.4576,42.0987],[140.4528,42.0993],[140.447,42.0989],[140.4446,42.0987],[140.4418,42.0984],[140.4369,42.0997],[140.4321,42.101],[140.4278,42.1017],[140.4241,42.1023],[140.4217,42.1028],[140.4158,42.1035],[140.4121,42.104],[140.4069,42.1055],[140.4017,42.107],[140.3977,42.1082],[140.3922,42.1098],[140.3883,42.1107],[140.3855,42.1114],[140.3808,42.1135],[140.3784,42.1147],[140.3732,42.1143],[140.3702,42.114],[140.3653,42.1153],[140.3629,42.1177],[140.3613,42.1196],[140.3588,42.1226],[140.3557,42.1261],[140.3514,42.1277],[140.3475,42.1293],[140.3446,42.1309],[140.3398,42.1337],[140.336,42.1359],[140.3327,42.1383],[140.3299,42.1403],[140.3273,42.1422],[140.3245,42.1443],[140.3216,42.1464],[140.3191,42.1473],[140.3164,42.1481],[140.3127,42.1501],[140.3086,42.1523],[140.3039,42.1546],[140.3006,42.1559],[140.2962,42.1569],[140.2912,42.1608],[140.2876,42.1638],[140.2839,42.1671],[140.2808,42.1697],[140.277,42.173],[140.2748,42.1749],[140.2725,42.1768],[140.2692,42.1794],[140.2657,42.1821],[140.2628,42.1828],[140.2583,42.1837],[140.2536,42.1846],[140.2501,42.1853],[140.2455,42.1863],[140.2422,42.1874],[140.2389,42.1885],[140.2348,42.1909],[140.2243,42.1974],[140.22,42.2005],[140.2157,42.2035],[140.2115,42.2051],[140.2035,42.2078],[140.1935,42.2111],[140.1833,42.2133],[140.175,42.2166],[140.1713,42.2181],[140.1688,42.2196],[140.1669,42.2208],[140.1634,42.2232],[140.1597,42.2256],[140.1574,42.2267],[140.1545,42.2281],[140.1511,42.2286],[140.1485,42.2313],[140.1478,42.2337],[140.1458,42.236],[140.1443,42.2378],[140.1423,42.24],[140.1399,42.2432],[140.1351,42.2493],[140.1332,42.2518],[140.131,42.2546],[140.129,42.2571],[140.1269,42.2598],[140.1248,42.2625],[140.1222,42.2659],[140.12,42.2687],[140.1189,42.2783],[140.1186,42.2815],[140.1181,42.2854],[140.1162,42.2878],[140.1141,42.2904],[140.111,42.2941],[140.1096,42.2959],[140.1077,42.2982],[140.1048,42.3017],[140.1028,42.3042],[140.1006,42.3069],[140.0979,42.3101],[140.0973,42.3125],[140.0967,42.3145],[140.0957,42.3181],[140.095,42.3208],[140.0942,42.3236],[140.0932,42.3271],[140.0926,42.3294],[140.0934,42.3321],[140.0946,42.336],[140.0955,42.3387],[140.096,42.3406],[140.0967,42.3427],[140.0975,42.3455],[140.0984,42.3482],[140.0992,42.351],[140.0998,42.3533],[140.1007,42.3568],[140.1021,42.3605],[140.1033,42.3644],[140.1043,42.3678],[140.1055,42.3716],[140.1063,42.3742],[140.1076,42.3772],[140.1093,42.3809],[140.1112,42.3851],[140.1125,42.388],[140.1158,42.3913],[140.1185,42.3941],[140.122,42.3976],[140.1235,42.4013],[140.1245,42.404],[140.1255,42.4069],[140.1266,42.4098],[140.1276,42.4121],[140.1301,42.4159],[140.1324,42.4197],[140.1343,42.4229],[140.1364,42.4265],[140.1389,42.4306],[140.1408,42.4339],[140.142,42.4362],[140.1439,42.4399],[140.1454,42.4427],[140.1466,42.4449],[140.1478,42.4472],[140.1492,42.4499],[140.1505,42.4524],[140.1519,42.4554],[140.1529,42.4578],[140.154,42.4602],[140.1568,42.4636],[140.1581,42.4654],[140.16,42.4684],[140.1615,42.4705],[140.1633,42.4733],[140.1659,42.477],[140.1684,42.4807],[140.1699,42.4829],[140.1723,42.4865],[140.1739,42.4888],[140.1771,42.4913],[140.1808,42.4939],[140.1839,42.4958],[140.1918,42.5007],[140.1971,42.5075],[140.2031,42.5148],[140.2015,42.522],[140.2002,42.5276],[140.2017,42.5308],[140.2031,42.5339],[140.2032,42.536],[140.2037,42.5391],[140.204,42.5414],[140.2042,42.5434],[140.2057,42.546],[140.2067,42.5476],[140.2082,42.5498],[140.2112,42.5528],[140.2136,42.5553],[140.2147,42.5564],[140.217,42.5587],[140.218,42.5601],[140.2202,42.5637],[140.221,42.5664],[140.222,42.5697],[140.2229,42.5731],[140.2242,42.5769],[140.2255,42.5805],[140.23,42.5869],[140.2332,42.5897],[140.2366,42.593],[140.2395,42.5965],[140.2423,42.6002],[140.2453,42.6015],[140.2506,42.6035],[140.2531,42.6037],[140.2569,42.604],[140.2662,42.6048],[140.2687,42.6052],[140.2733,42.606],[140.2773,42.6067],[140.2805,42.6073],[140.2829,42.6101],[140.2856,42.6133],[140.2875,42.6155],[140.29,42.6185],[140.2934,42.6187],[140.2975,42.6189],[140.3035,42.6193],[140.3053,42.6194],[140.3076,42.6195],[140.313,42.6196],[140.3171,42.62],[140.3215,42.6205],[140.3251,42.6209],[140.3281,42.6208],[140.3312,42.6207],[140.3347,42.6206],[140.3374,42.6205],[140.3395,42.6224],[140.3424,42.6251],[140.3447,42.6272],[140.348,42.6287],[140.3537,42.6314],[140.3605,42.6348],[140.3648,42.6361],[140.3685,42.6374],[140.3728,42.637],[140.3769,42.6366],[140.3797,42.6364],[140.3837,42.6374],[140.3879,42.6384],[140.391,42.6377],[140.3948,42.6368],[140.3979,42.6372],[140.4026,42.6378],[140.4152,42.6402],[140.4184,42.6403],[140.4226,42.6406],[140.4264,42.641],[140.4302,42.6413],[140.4349,42.6413],[140.4392,42.6417],[140.4429,42.6419],[140.4453,42.6421],[140.4489,42.6426],[140.452,42.6429],[140.4556,42.6432],[140.4589,42.6441],[140.4623,42.6451],[140.4659,42.6461],[140.4702,42.6461],[140.4742,42.646],[140.4783,42.646],[140.4823,42.646],[140.4862,42.6458],[140.4899,42.6456],[140.4945,42.6454],[140.4993,42.645],[140.5026,42.6449],[140.5065,42.647],[140.5105,42.6464],[140.5145,42.6458],[140.5197,42.6451],[140.5249,42.6448],[140.5289,42.6452],[140.5307,42.6456],[140.5365,42.6467],[140.5414,42.6476],[140.5483,42.6478],[140.5523,42.6484],[140.5636,42.649],[140.5688,42.6492],[140.5737,42.6494],[140.578,42.6495],[140.583,42.6497],[140.5888,42.65],[140.5921,42.6501],[140.5974,42.6503],[140.6011,42.6504],[140.6052,42.6506],[140.6103,42.6508],[140.6137,42.6509],[140.6174,42.6511],[140.6237,42.6525],[140.6278,42.6536],[140.6313,42.6556],[140.6349,42.6577],[140.6383,42.6596],[140.6411,42.6613],[140.6456,42.6639],[140.6496,42.6646],[140.6518,42.6648],[140.6565,42.6676],[140.6602,42.6697],[140.6644,42.6698],[140.6691,42.6699],[140.6736,42.67],[140.6791,42.6709],[140.6837,42.6717],[140.686,42.6713],[140.6885,42.671],[140.6917,42.6704],[140.6947,42.6706],[140.6987,42.6706],[140.7015,42.6707],[140.7063,42.6709],[140.7305,42.6764],[140.7351,42.6759],[140.7378,42.6771],[140.7409,42.6783],[140.7437,42.6794],[140.7474,42.681],[140.751,42.6825],[140.7533,42.6835],[140.757,42.685],[140.7622,42.6871],[140.7672,42.6892],[140.7713,42.6909],[140.7759,42.6928],[140.7804,42.6946],[140.7849,42.6951],[140.7915,42.6957],[140.7947,42.6961],[140.798,42.6964],[140.8014,42.6966],[140.8045,42.6967],[140.8251,42.6986],[140.8284,42.6989],[140.8319,42.6992],[140.8607,42.7017],[140.8641,42.7037],[140.867,42.7054],[140.8696,42.7069],[140.8732,42.7081],[140.8781,42.7096],[140.8826,42.7109],[140.8849,42.7118],[140.8928,42.7143],[140.8969,42.7155],[140.8991,42.7167],[140.9027,42.7186],[140.9049,42.7201],[140.9073,42.7218],[140.9099,42.7235],[140.9149,42.7231],[140.9204,42.7225],[140.9235,42.7222],[140.9286,42.7216],[140.9326,42.7212],[140.9355,42.7226],[140.9381,42.7253],[140.9405,42.7279],[140.9437,42.7277],[140.9467,42.7279],[140.9516,42.7281],[140.9554,42.7283],[140.9592,42.7298],[140.9615,42.7322],[140.9631,42.7338],[140.9649,42.7356],[140.967,42.7378],[140.9715,42.7373],[140.9738,42.737],[140.9769,42.7366],[140.9806,42.7362],[140.984,42.7357],[140.9876,42.7363],[140.9923,42.7371],[140.9977,42.738],[141.0109,42.7375],[141.0193,42.7397],[141.0224,42.7415],[141.0262,42.7398],[141.0302,42.7401],[141.0323,42.7427],[141.0321,42.7444],[141.0332,42.7464],[141.034,42.748],[141.0356,42.7494]]},"properties":{"name":"\u9053\u5357\u5e79\u7dda (D\u014dnan-kansen)","loading_pct":1.0,"p_mw":-9.7}},{"type":"Feature","geometry":{"type":"LineString","coordinates":[[140.7297,41.8226],[140.7297,41.823],[140.7282,41.8234],[140.7265,41.8238],[140.7238,41.8244],[140.7212,41.8251],[140.718,41.8259],[140.7151,41.8266],[140.7122,41.8273],[140.7092,41.8281],[140.7061,41.8288],[140.703,41.8296],[140.7015,41.83],[140.6985,41.8303],[140.6955,41.8305],[140.6929,41.8307],[140.6909,41.8308],[140.6882,41.8309],[140.6852,41.831],[140.6819,41.8311],[140.6788,41.8312],[140.6758,41.8313],[140.673,41.8307],[140.6705,41.8302],[140.6683,41.8298],[140.6653,41.8292],[140.6625,41.8286],[140.6593,41.828],[140.6562,41.8274],[140.6535,41.8269],[140.6503,41.8262],[140.6469,41.8256],[140.644,41.825],[140.6407,41.8243],[140.638,41.8238],[140.6353,41.8229],[140.6331,41.8221],[140.6139,41.8186]]},"properties":{"name":"\u4e0a\u78ef\u7dda","loading_pct":18.8,"p_mw":-12.9}},{"type":"Feature","geometry":{"type":"LineString","coordinates":[[140.2513,41.4986],[140.251,41.5002],[140.2519,41.5029],[140.2522,41.504],[140.2529,41.5061],[140.2537,41.5088],[140.2542,41.5107],[140.255,41.5133],[140.2555,41.515],[140.256,41.5169],[140.2563,41.5182],[140.2565,41.5192],[140.2567,41.5201],[140.2573,41.5224],[140.2579,41.5246],[140.2582,41.5257],[140.259,41.5291],[140.2597,41.5318],[140.26,41.5335],[140.2607,41.5366],[140.2611,41.5385],[140.2634,41.5408],[140.2643,41.542],[140.2659,41.5434],[140.2676,41.5449],[140.269,41.5465],[140.2709,41.5483],[140.2737,41.551],[140.2753,41.5526],[140.2799,41.5572],[140.2827,41.5599],[140.2847,41.5612],[140.287,41.5627],[140.2889,41.5639],[140.2912,41.5653],[140.2939,41.5672],[140.2968,41.5692],[140.2991,41.5708],[140.3005,41.5721],[140.3028,41.574],[140.3042,41.5751],[140.3064,41.5768],[140.3079,41.5781],[140.309,41.579],[140.3115,41.5811],[140.3144,41.5834],[140.3159,41.5846],[140.3183,41.586],[140.3197,41.5869],[140.3218,41.5882],[140.3242,41.5893],[140.327,41.5908],[140.3295,41.5921],[140.3318,41.5934],[140.3346,41.5948],[140.3365,41.5958],[140.3392,41.597],[140.3421,41.5986],[140.3454,41.6005],[140.3475,41.6015],[140.3491,41.6036],[140.3509,41.6056],[140.3528,41.6077],[140.3538,41.609],[140.3548,41.6102],[140.3573,41.6129],[140.3584,41.6146],[140.3603,41.6179],[140.3621,41.6206],[140.3638,41.6229],[140.3654,41.6252],[140.367,41.6272],[140.3679,41.6285],[140.3698,41.6312],[140.3719,41.634],[140.3732,41.6357],[140.3742,41.637],[140.3747,41.6395],[140.3754,41.6424],[140.3761,41.6453],[140.3765,41.6471],[140.377,41.649],[140.3777,41.6518],[140.3785,41.654],[140.3793,41.6567],[140.38,41.6587],[140.3807,41.6608],[140.3802,41.6642],[140.3813,41.6656],[140.3836,41.6684],[140.3836,41.6707],[140.3835,41.6732],[140.3834,41.6754],[140.3834,41.6769],[140.3834,41.6791],[140.3833,41.6817],[140.3833,41.6838],[140.3842,41.6862],[140.3851,41.6886],[140.3861,41.691],[140.3868,41.6927],[140.3874,41.6942],[140.3883,41.6964],[140.389,41.6981],[140.3901,41.7009],[140.3905,41.7032],[140.3909,41.7055],[140.3911,41.7067],[140.3914,41.7084],[140.3919,41.7112],[140.3923,41.713],[140.3927,41.7157],[140.3933,41.7179],[140.394,41.7202],[140.3946,41.7226],[140.3961,41.7248],[140.3975,41.727],[140.3985,41.7284],[140.3999,41.7304],[140.4015,41.733],[140.4029,41.735],[140.4037,41.7378],[140.4047,41.7411],[140.4052,41.743],[140.4058,41.7451],[140.4065,41.7476],[140.4073,41.7498],[140.4078,41.7515],[140.4081,41.7526],[140.4088,41.755],[140.4093,41.7567],[140.4097,41.7581],[140.4106,41.7609],[140.4112,41.762],[140.4136,41.7636],[140.4146,41.7661],[140.4152,41.7691],[140.4161,41.7734],[140.4166,41.7755],[140.4171,41.7781],[140.4176,41.7803],[140.4196,41.7818],[140.4238,41.7849],[140.4257,41.7864],[140.4289,41.7886],[140.4315,41.7904],[140.4346,41.7926],[140.4376,41.7947],[140.4403,41.7957],[140.442,41.7963],[140.4457,41.7975],[140.45,41.7989],[140.4532,41.8],[140.4543,41.8004],[140.458,41.8017],[140.46,41.8023],[140.4617,41.8029],[140.4632,41.8034],[140.4662,41.8045],[140.4706,41.8059],[140.4748,41.8073],[140.479,41.8087],[140.4819,41.8097],[140.4843,41.809],[140.4866,41.8082],[140.4887,41.8076],[140.4913,41.8068],[140.4943,41.8058],[140.4971,41.8049],[140.4992,41.8043],[140.5019,41.8034],[140.5078,41.8005],[140.5121,41.7977],[140.5151,41.7961],[140.5165,41.7952],[140.5193,41.7936],[140.5219,41.7936],[140.5243,41.7934],[140.5288,41.7941],[140.5305,41.7943],[140.5337,41.7948],[140.5373,41.7954],[140.539,41.7956],[140.5432,41.7962],[140.5455,41.7973],[140.5474,41.7983],[140.5497,41.7994],[140.5523,41.8007],[140.5554,41.8023],[140.5573,41.8033],[140.5606,41.8049],[140.5633,41.8062],[140.5664,41.8078],[140.5691,41.8087],[140.5729,41.81],[140.5764,41.8113],[140.5793,41.8123],[140.5818,41.8132],[140.5843,41.814],[140.5873,41.8151],[140.5898,41.8154],[140.5934,41.8158],[140.5964,41.8161],[140.6003,41.8165],[140.6026,41.8168],[140.6057,41.8171],[140.6096,41.8175],[140.6124,41.8178],[140.6139,41.8186]]},"properties":{"name":"\u798f\u5cf6\u7dda","loading_pct":1.4,"p_mw":1.0}},{"type":"Feature","geometry":{"type":"LineString","coordinates":[[140.2513,41.4986],[140.2502,41.4971],[140.2495,41.4954],[140.2484,41.4921],[140.2477,41.4903],[140.2471,41.4885],[140.2463,41.4863],[140.2444,41.4832],[140.2428,41.4806],[140.2413,41.4782],[140.2402,41.4765],[140.2383,41.4733],[140.2371,41.4715],[140.2356,41.4691],[140.2351,41.4682],[140.2338,41.466],[140.233,41.4649],[140.2317,41.4626],[140.2303,41.4605],[140.2285,41.4576],[140.2269,41.4549],[140.2255,41.4527],[140.2243,41.4508],[140.223,41.4486],[140.2224,41.4477],[140.2224,41.4461],[140.2224,41.443],[140.2255,41.4424],[140.2273,41.4427],[140.2291,41.4429],[140.2323,41.4434],[140.2354,41.4442],[140.2349,41.4429]]},"properties":{"name":"\u798f\u5cf6\u7dda","loading_pct":11.8,"p_mw":-8.1}},{"type":"Feature","geometry":{"type":"LineString","coordinates":[[141.0083,42.3497],[141.0059,42.3521],[141.0035,42.353],[141.0035,42.354],[141.0057,42.3548],[141.0067,42.3561],[141.0083,42.3579],[141.0117,42.3598],[141.0134,42.3607],[141.0173,42.3611],[141.0175,42.3624],[141.0188,42.3644],[141.0198,42.3668],[141.0199,42.3683],[141.0212,42.37],[141.0213,42.372],[141.0189,42.374],[141.0168,42.3767],[141.0189,42.3792],[141.0174,42.382],[141.033,42.3724]]},"properties":{"name":"\u5ba4\u862d\u88fd\u9244\u6240\u4e2d\u592e\u767a\u96fb\u6240\u7dda (\u5c02\u4efb\u306e\u30ab\u30b9\u30bf\u30de\u30fc\u63a5\u7d9a)","loading_pct":3.5,"p_mw":16.8}},{"type":"Feature","geometry":{"type":"LineString","coordinates":[[141.001,42.3273],[141.002,42.3267],[141.0038,42.326],[141.005,42.3246],[141.0058,42.3233],[141.0062,42.3223],[141.0062,42.3221],[141.0062,42.322],[141.0062,42.3211],[141.0062,42.3196],[141.0062,42.3188],[141.0062,42.3184],[141.006,42.3167],[141.0059,42.3144],[141.0059,42.3133],[141.0061,42.3118],[141.0057,42.3097],[141.0053,42.3079],[141.0045,42.3066],[141.0038,42.3055],[141.0029,42.3041],[141.0016,42.3039],[140.9994,42.3046],[140.9954,42.3058],[140.993,42.3072],[140.9914,42.3071],[140.9886,42.3079],[140.985,42.3094],[140.9843,42.3096],[140.9831,42.3101],[140.9812,42.3109],[140.9781,42.3121],[140.995,42.3203]]},"properties":{"name":"\u5fa1\u5d0e\u5909\u96fb\u6240~Chatsu Substation\u7dda","loading_pct":1.3,"p_mw":0.9}},{"type":"Feature","geometry":{"type":"LineString","coordinates":[[140.6571,41.9323],[140.6599,41.9305],[140.6626,41.9285],[140.665,41.9267],[140.6678,41.9258],[140.6707,41.9249],[140.6733,41.925],[140.6753,41.9252],[140.6773,41.9255],[140.6802,41.9259],[140.6828,41.9262],[140.686,41.9256],[140.6893,41.9251],[140.6903,41.9235],[140.6914,41.9219],[140.6922,41.9207],[140.6933,41.9191],[140.6951,41.9174],[140.6971,41.9155],[140.6984,41.9143],[140.7,41.9128],[140.7015,41.9114],[140.7034,41.9096],[140.7054,41.9077],[140.707,41.9062],[140.7087,41.9047],[140.7107,41.9028],[140.7133,41.9004],[140.7151,41.8986],[140.7175,41.8959],[140.7194,41.8938],[140.7211,41.892],[140.7227,41.8902],[140.7245,41.8881],[140.7258,41.8866],[140.7265,41.8858],[140.7281,41.8841],[140.7302,41.8817],[140.7318,41.8799],[140.7334,41.8781],[140.7351,41.8762],[140.7369,41.8743],[140.7374,41.8721],[140.738,41.8689],[140.7386,41.866],[140.739,41.864],[140.7369,41.8622],[140.738,41.8605],[140.7297,41.8226]]},"properties":{"name":"\u51fd\u9928\u7dda","loading_pct":2.0,"p_mw":1.4}},{"type":"Feature","geometry":{"type":"LineString","coordinates":[[140.8611,41.7734],[140.8613,41.7758],[140.861,41.7788],[140.8609,41.7809],[140.8607,41.7837],[140.8579,41.7862],[140.855,41.788],[140.8532,41.7886],[140.8525,41.7898],[140.8525,41.7918],[140.8523,41.7955],[140.8506,41.798],[140.8487,41.8001],[140.8469,41.8021],[140.8448,41.8042],[140.8433,41.8057],[140.8422,41.8062],[140.8413,41.8074],[140.8405,41.8092],[140.8398,41.8109],[140.8379,41.8116],[140.8364,41.8127],[140.8319,41.8133],[140.8305,41.8113],[140.8279,41.8103],[140.8252,41.8094],[140.8222,41.8086],[140.8183,41.8084],[140.8165,41.8081],[140.8146,41.8056],[140.8126,41.8031],[140.81,41.8027],[140.7984,41.7938]]},"properties":{"name":"\u92ad\u4e80\u6ca2\u7dda","loading_pct":31.1,"p_mw":-21.3}},{"type":"Feature","geometry":{"type":"LineString","coordinates":[[141.0086,41.7255],[141.0089,41.7255],[141.0114,41.7256],[141.0136,41.7263],[141.0157,41.727],[141.0165,41.7265],[141.0185,41.7253],[141.0193,41.7249],[141.0214,41.7248],[141.0235,41.7247],[141.0246,41.7251],[141.0258,41.7254],[141.0268,41.7259],[141.0279,41.7265],[141.0284,41.7277],[141.0289,41.7281],[141.0294,41.7284],[141.0303,41.7288],[141.0304,41.7295],[141.0305,41.7305],[141.0309,41.7311],[141.032,41.7324],[141.0321,41.7337],[141.0328,41.7342],[141.0336,41.7348],[141.0346,41.7355],[141.0352,41.736],[141.0359,41.7364],[141.0366,41.7375],[141.0371,41.7384],[141.0375,41.739],[141.0371,41.7402],[141.0368,41.7413],[141.0366,41.7419],[141.0364,41.7428],[141.0361,41.7436],[141.0365,41.7442],[141.037,41.7449],[141.0374,41.7455],[141.0377,41.746],[141.0383,41.7468],[141.039,41.747],[141.04,41.7472],[141.0411,41.7475],[141.0422,41.7477],[141.0429,41.7485],[141.0434,41.7491],[141.044,41.7498],[141.0445,41.7504],[141.045,41.7509],[141.0459,41.7512],[141.0468,41.7515],[141.0474,41.7522],[141.0476,41.7529],[141.0478,41.7536],[141.048,41.7543],[141.0485,41.7549],[141.0491,41.7555],[141.0496,41.7561],[141.0502,41.7567],[141.0509,41.7574],[141.0512,41.758],[141.0518,41.759],[141.0521,41.7596],[141.0527,41.7605],[141.053,41.7611],[141.0536,41.7622],[141.0539,41.7626],[141.0543,41.7633],[141.0548,41.7641],[141.0553,41.765],[141.0561,41.7663],[141.0558,41.7672],[141.0558,41.7679],[141.0558,41.7688],[141.0565,41.7697],[141.0569,41.7706],[141.0572,41.7712],[141.0576,41.7721],[141.0578,41.7727],[141.0574,41.7738],[141.0583,41.7757],[141.0575,41.7764],[141.0568,41.777],[141.0559,41.7778],[141.0555,41.7785],[141.0551,41.7793],[141.0547,41.7799],[141.0548,41.7805],[141.0549,41.781],[141.0549,41.7814],[141.0542,41.7824],[141.0535,41.7834],[141.0529,41.7842],[141.0524,41.7851],[141.0519,41.7857],[141.0515,41.7863],[141.0514,41.7871],[141.0529,41.7876],[141.0537,41.7878],[141.0546,41.788],[141.0556,41.7882],[141.0569,41.7884],[141.058,41.7888],[141.0592,41.7892],[141.0607,41.7903],[141.0614,41.7908],[141.0623,41.7915],[141.0637,41.7919],[141.0651,41.7909],[141.0659,41.7904],[141.0668,41.7898],[141.068,41.7902],[141.0689,41.7905],[141.0705,41.7914],[141.0714,41.792],[141.0719,41.7921],[141.0727,41.7922],[141.0741,41.7925],[141.0763,41.7943],[141.0781,41.7953],[141.0791,41.796],[141.0804,41.797],[141.0812,41.7975],[141.0823,41.7983],[141.0834,41.7985],[141.0848,41.7988],[141.0852,41.7988],[141.0875,41.7985],[141.0888,41.7983],[141.0898,41.7982],[141.0912,41.7982],[141.0919,41.7986],[141.0926,41.799],[141.0937,41.7995],[141.0948,41.7999],[141.096,41.8004],[141.097,41.8006],[141.098,41.8008],[141.099,41.801],[141.1,41.8012],[141.1009,41.8014],[141.102,41.8015],[141.1026,41.8014]]},"properties":{"name":"\u6075\u5c71\u7dda","loading_pct":20.8,"p_mw":7.1}},{"type":"Feature","geometry":{"type":"LineString","coordinates":[[140.89,41.4652],[140.8863,41.4695],[140.8594,41.765]]},"properties":{"name":"HVDC Hokkaido-Honschu","loading_pct":0.2,"p_mw":-2.1}},{"type":"Feature","geometry":{"type":"LineString","coordinates":[[140.9947,42.4016],[140.999,42.4024],[141.0011,42.4022],[141.0058,42.4018],[141.0081,42.4024],[141.0114,42.4033],[141.015,42.403],[141.0181,42.4026],[141.0217,42.4031],[141.029,42.4055],[141.033,42.4069],[141.0358,42.4079],[141.0384,42.4069],[141.0414,42.4058],[141.0439,42.4047],[141.0472,42.4032],[141.0495,42.4021],[141.0524,42.4008],[141.0554,42.4031],[141.0574,42.4048],[141.0587,42.4059],[141.0625,42.4092],[141.0632,42.4106],[141.0641,42.4125],[141.0653,42.4149],[141.0655,42.4176],[141.0658,42.4207],[141.066,42.4244],[141.0663,42.4278],[141.0655,42.4306],[141.0642,42.4341],[141.0626,42.4385],[141.0608,42.4431],[141.0594,42.4477],[141.0579,42.4508],[141.0566,42.4535],[141.0556,42.4556],[141.0546,42.4591],[141.0537,42.4621],[141.0527,42.4656],[141.0499,42.4704],[141.022,42.5025],[141.0087,42.5352],[141.0029,42.5743],[141.008,42.6349],[141.0037,42.6531],[141.0057,42.6871],[141.0111,42.6975],[141.0212,42.7072],[141.0264,42.7136],[141.0301,42.7197],[141.0324,42.7299],[141.0338,42.743]]},"properties":{"name":"\u5ba4\u862d\u897f\u5e79\u7dda","loading_pct":20.0,"p_mw":97.0}},{"type":"Feature","geometry":{"type":"LineString","coordinates":[[141.033,42.3724],[141.0158,42.3848],[141.015,42.3876],[141.0141,42.3894],[141.0131,42.3913],[141.0121,42.3934],[141.0107,42.3962],[141.0093,42.3978],[141.0057,42.3983],[141.0024,42.4004],[141.0008,42.4015],[140.9947,42.4016]]},"properties":{"name":"\u6709\u73e0\u7dda","loading_pct":6.9,"p_mw":-33.6}},{"type":"Feature","geometry":{"type":"LineString","coordinates":[[140.4545,42.1328],[140.4616,42.16],[140.4602,42.161],[140.4587,42.1621],[140.4579,42.1627],[140.4559,42.1641],[140.4528,42.1663],[140.4512,42.1675],[140.4503,42.1681],[140.4466,42.1708],[140.4458,42.1713],[140.4447,42.1721],[140.443,42.1728],[140.4419,42.1733],[140.4394,42.1744],[140.4385,42.1748],[140.4367,42.1757],[140.4347,42.1766],[140.4333,42.1772],[140.429,42.1791],[140.4274,42.1797],[140.4258,42.1804],[140.4247,42.1808],[140.4237,42.1812],[140.4229,42.1815],[140.421,42.1823],[140.4143,42.1848],[140.4075,42.1875],[140.4041,42.1888],[140.3988,42.1908],[140.3975,42.1913],[140.3966,42.1917],[140.3956,42.1921],[140.3945,42.1927],[140.3935,42.1931],[140.3926,42.1936],[140.3907,42.1945],[140.3894,42.1951],[140.3884,42.1956],[140.3872,42.1962],[140.3859,42.1968],[140.3842,42.1976],[140.3829,42.1982],[140.3816,42.1988],[140.3807,42.1993],[140.3779,42.2007],[140.3766,42.2013],[140.3754,42.2018],[140.3726,42.2032],[140.3705,42.2042],[140.3692,42.2048],[140.3668,42.206],[140.3591,42.2091],[140.3533,42.2115],[140.352,42.2121],[140.3471,42.214],[140.3458,42.2146],[140.3428,42.2158],[140.3401,42.2169],[140.3374,42.218],[140.3343,42.2193],[140.333,42.2198],[140.3322,42.2201],[140.3295,42.2212],[140.3265,42.2224],[140.3255,42.2228],[140.3241,42.2234],[140.3229,42.2239],[140.3213,42.2242],[140.3195,42.2255],[140.3181,42.2259],[140.3165,42.2259],[140.3154,42.2255],[140.3142,42.2252],[140.3128,42.2255],[140.3091,42.2267],[140.3091,42.2274],[140.3093,42.2284],[140.3097,42.2292],[140.3081,42.2299],[140.3071,42.2303],[140.3059,42.2308],[140.3049,42.2312],[140.2732,42.2602]]},"properties":{"name":"\u516b\u96f21\u53f7\u7dda","loading_pct":8.2,"p_mw":5.6}},{"type":"Feature","geometry":{"type":"LineString","coordinates":[[140.5834,42.1048],[140.603,42.0235],[140.6025,42.0244],[140.6018,42.0259],[140.6008,42.0276],[140.6002,42.0287],[140.5993,42.0305],[140.5988,42.0315],[140.5979,42.0331],[140.5969,42.0351],[140.5963,42.0362],[140.5957,42.0373],[140.5954,42.038],[140.595,42.0386],[140.5942,42.0403],[140.5936,42.0414],[140.5917,42.0451],[140.591,42.0463],[140.5903,42.0477],[140.5897,42.0488],[140.5889,42.05],[140.5881,42.0513],[140.5875,42.0522],[140.5871,42.0529],[140.5858,42.0546],[140.5851,42.0555],[140.5846,42.0563],[140.5841,42.0571],[140.5833,42.0581],[140.5825,42.0592],[140.5819,42.0601],[140.5789,42.0638],[140.5761,42.0675],[140.5734,42.0709],[140.5714,42.0734],[140.5707,42.0743],[140.5693,42.0761],[140.568,42.0777],[140.5668,42.0793],[140.5657,42.0808],[140.5604,42.0875],[140.5587,42.0898],[140.5581,42.0905],[140.5567,42.0913],[140.5557,42.092],[140.553,42.0936],[140.5518,42.0944],[140.5508,42.095],[140.5498,42.0956],[140.5488,42.0962],[140.5469,42.0974],[140.5462,42.0978],[140.5441,42.0991],[140.543,42.0997],[140.5416,42.1007],[140.5407,42.1014],[140.5394,42.1023],[140.5386,42.1029],[140.5376,42.1036],[140.536,42.1048],[140.5351,42.1054],[140.5339,42.1063],[140.5328,42.107],[140.5317,42.1077],[140.5308,42.1082],[140.5289,42.1093],[140.526,42.111],[140.525,42.1115],[140.5243,42.1119],[140.5231,42.1119],[140.5218,42.1118],[140.5198,42.1117],[140.5184,42.1116],[140.5156,42.1114],[140.5127,42.1112],[140.5098,42.111],[140.5072,42.1109],[140.503,42.1109],[140.4996,42.1109],[140.4959,42.1109],[140.4938,42.1109],[140.4918,42.1109],[140.4837,42.1111],[140.481,42.1112],[140.479,42.1112],[140.4755,42.1113],[140.4735,42.1113],[140.471,42.1114],[140.4688,42.1115],[140.4665,42.1115],[140.4651,42.1115],[140.4622,42.1119],[140.4595,42.1123],[140.4582,42.1123],[140.4545,42.1328]]},"properties":{"name":"\u516b\u96f22\u53f7\u7dda","loading_pct":10.1,"p_mw":6.9}},{"type":"Feature","geometry":{"type":"LineString","coordinates":[[140.4545,42.1328],[140.4616,42.16],[140.4602,42.161],[140.4587,42.1621],[140.4579,42.1627],[140.4559,42.1641],[140.4528,42.1663],[140.4512,42.1675],[140.4503,42.1681],[140.4466,42.1708],[140.4458,42.1713],[140.4447,42.1721],[140.443,42.1728],[140.4419,42.1733],[140.4394,42.1744],[140.4385,42.1748],[140.4367,42.1757],[140.4347,42.1766],[140.4333,42.1772],[140.429,42.1791],[140.4274,42.1797],[140.4258,42.1804],[140.4247,42.1808],[140.4237,42.1812],[140.4229,42.1815],[140.421,42.1823],[140.4143,42.1848],[140.4075,42.1875],[140.4041,42.1888],[140.3988,42.1908],[140.3975,42.1913],[140.3966,42.1917],[140.3956,42.1921],[140.3945,42.1927],[140.3935,42.1931],[140.3926,42.1936],[140.3907,42.1945],[140.3894,42.1951],[140.3884,42.1956],[140.3872,42.1962],[140.3859,42.1968],[140.3842,42.1976],[140.3829,42.1982],[140.3816,42.1988],[140.3807,42.1993],[140.3779,42.2007],[140.3766,42.2013],[140.3754,42.2018],[140.3726,42.2032],[140.3705,42.2042],[140.3692,42.2048],[140.3668,42.206],[140.3591,42.2091],[140.3533,42.2115],[140.352,42.2121],[140.3471,42.214],[140.3458,42.2146],[140.3428,42.2158],[140.3401,42.2169],[140.3374,42.218],[140.3343,42.2193],[140.333,42.2198],[140.3322,42.2201],[140.3295,42.2212],[140.3265,42.2224],[140.3255,42.2228],[140.3241,42.2234],[140.3229,42.2239],[140.3213,42.2242],[140.3195,42.2255],[140.3181,42.2259],[140.3165,42.2259],[140.3154,42.2255],[140.3142,42.2252],[140.3128,42.2255],[140.3091,42.2267],[140.3091,42.2274],[140.3093,42.2284],[140.3097,42.2292],[140.3081,42.2299],[140.3071,42.2303],[140.3059,42.2308],[140.3049,42.2312],[140.2732,42.2602]]},"properties":{"name":"\u516b\u96f22\u53f7\u7dda","loading_pct":6.5,"p_mw":4.5}},{"type":"Feature","geometry":{"type":"LineString","coordinates":[[140.6642,41.932],[140.6562,41.9337],[140.655,41.933],[140.6535,41.9328],[140.6545,41.9321]]},"properties":{"name":"\u96fb\u6e90\u958b\u767a\u682a\u5f0f\u4f1a\u793e\u5317\u5730\u57df\u5236\u5fa1\u6240~\u4e03\u98ef\u767a\u96fb\u6240\u7dda","loading_pct":3.5,"p_mw":-17.0}},{"type":"Feature","geometry":{"type":"LineString","coordinates":[[140.6139,41.8186],[140.614,41.8244],[140.6154,41.8262],[140.6167,41.8285],[140.6171,41.8312],[140.6179,41.8334],[140.617,41.8359],[140.6159,41.8388],[140.6141,41.841],[140.6122,41.8431],[140.6127,41.846],[140.6123,41.849],[140.6119,41.8509],[140.6152,41.8513],[140.6171,41.8542],[140.6177,41.8563],[140.6183,41.8589],[140.619,41.8615],[140.6196,41.8638],[140.6197,41.8663],[140.6198,41.8691],[140.6197,41.8714],[140.6197,41.8726],[140.6208,41.8756],[140.6216,41.8777],[140.6225,41.88],[140.6232,41.8818],[140.6241,41.8842],[140.6249,41.8862],[140.6258,41.8884],[140.6267,41.8909],[140.6272,41.8923],[140.6277,41.8937],[140.6292,41.8952],[140.6308,41.8969],[140.6326,41.8988],[140.6351,41.9003],[140.6377,41.9018],[140.6382,41.9042],[140.6388,41.9067],[140.6393,41.9084],[140.6398,41.911],[140.6405,41.9135],[140.6417,41.9148],[140.6438,41.9162],[140.6462,41.9175],[140.6487,41.9189],[140.6509,41.9201],[140.6528,41.9212],[140.6547,41.9229],[140.6559,41.9239],[140.6566,41.9256],[140.657,41.9282],[140.6574,41.9304],[140.6571,41.9323]]},"properties":{"name":"\u4e0a\u78ef\u897f\u7dda","loading_pct":10.0,"p_mw":6.9}},{"type":"Feature","geometry":{"type":"LineString","coordinates":[[140.6139,41.8186],[140.6136,41.8172],[140.6143,41.8167],[140.6151,41.8162],[140.616,41.8156],[140.6168,41.815],[140.6177,41.8145],[140.6185,41.8139],[140.6194,41.8133],[140.6187,41.8125],[140.6194,41.8111],[140.6196,41.8102],[140.6198,41.8095],[140.6196,41.8091],[140.6193,41.8085],[140.619,41.808],[140.6189,41.8072],[140.6189,41.8065],[140.6188,41.8057],[140.6185,41.8048],[140.6182,41.8043],[140.6179,41.8038],[140.6175,41.8034],[140.617,41.8029],[140.6166,41.8026],[140.6158,41.8019],[140.6153,41.801],[140.615,41.8003],[140.6147,41.7998],[140.6144,41.7991],[140.6141,41.7984],[140.6139,41.7977],[140.6137,41.797],[140.6135,41.7963],[140.6132,41.7956],[140.613,41.7949],[140.6132,41.7941],[140.6133,41.7932],[140.6136,41.7918],[140.6138,41.7911],[140.614,41.7905],[140.6141,41.7897],[140.6139,41.7892],[140.6136,41.7885],[140.6131,41.7874],[140.6128,41.7869],[140.6124,41.7864],[140.6118,41.7858],[140.6111,41.7853],[140.6105,41.785],[140.6098,41.7845],[140.6092,41.7841],[140.6084,41.7836],[140.6078,41.7831],[140.6072,41.7824],[140.6065,41.7818],[140.6059,41.7811],[140.6047,41.78],[140.6035,41.7787],[140.6027,41.7779],[140.6017,41.7774],[140.6006,41.7758],[140.6001,41.775],[140.5997,41.7745],[140.5993,41.7739],[140.5983,41.7725],[140.598,41.772],[140.5965,41.7699],[140.5948,41.7681],[140.5942,41.7673],[140.5938,41.7667],[140.5934,41.7662],[140.5929,41.7656],[140.5925,41.765],[140.5917,41.7645],[140.5909,41.7639],[140.5901,41.7634],[140.5893,41.7628],[140.5885,41.7623],[140.588,41.7617],[140.5877,41.761],[140.5875,41.7604],[140.5872,41.7596],[140.5868,41.7589],[140.5866,41.7582],[140.5867,41.7575],[140.587,41.7566],[140.5872,41.7559],[140.5874,41.7552],[140.5876,41.7544],[140.5878,41.7536],[140.588,41.7528],[140.5882,41.7521],[140.5881,41.7514],[140.5879,41.7508],[140.5878,41.7503],[140.5876,41.7493],[140.5871,41.7488],[140.587,41.7477],[140.5866,41.7465],[140.5857,41.745],[140.5855,41.7446],[140.5852,41.7441],[140.5844,41.7435],[140.5838,41.7431],[140.5833,41.7426],[140.5825,41.7421],[140.5817,41.7415],[140.5802,41.7404],[140.5793,41.74],[140.5781,41.7395],[140.5778,41.7394]]},"properties":{"name":"\u6e21\u5cf6\u5f53\u5225\u7dda","loading_pct":20.8,"p_mw":7.1}},{"type":"Feature","geometry":{"type":"LineString","coordinates":[[140.2349,41.4429],[140.2295,41.4417],[140.2231,41.4415],[140.2203,41.4428],[140.2177,41.4457],[140.2168,41.4481],[140.2161,41.4499],[140.2169,41.4539],[140.2172,41.4571],[140.2181,41.4585],[140.219,41.4604],[140.2204,41.463],[140.2216,41.4656],[140.2237,41.4677],[140.2267,41.4703],[140.2295,41.4714],[140.2306,41.472],[140.2336,41.4735],[140.2376,41.4807],[140.235,41.4859],[140.2333,41.4914],[140.2354,41.4967],[140.2331,41.5018],[140.2347,41.5036],[140.2361,41.5049],[140.2409,41.5091],[140.2411,41.5117],[140.2417,41.5175],[140.243,41.5238],[140.2456,41.5271],[140.25,41.5342],[140.2519,41.5363],[140.2518,41.5399],[140.2592,41.5464],[140.2633,41.5478],[140.266,41.5486],[140.2701,41.5494],[140.2732,41.5511],[140.2753,41.5531],[140.277,41.5537],[140.2795,41.556],[140.2817,41.5561],[140.2859,41.5563],[140.2892,41.5555],[140.2924,41.5551],[140.3026,41.5536],[140.3056,41.5542],[140.3078,41.5553],[140.3121,41.5566],[140.3218,41.5582],[140.329,41.5597],[140.3335,41.5601],[140.3378,41.5596],[140.3415,41.5601],[140.3439,41.5605],[140.3481,41.5602],[140.351,41.5601],[140.3546,41.5615],[140.3567,41.5623],[140.3585,41.5629],[140.3607,41.5637],[140.3637,41.5658],[140.3662,41.5676],[140.3679,41.5685],[140.3702,41.5695],[140.3721,41.5704],[140.3741,41.5727],[140.3763,41.575],[140.3783,41.578],[140.38,41.5811],[140.3838,41.5813],[140.3876,41.5815],[140.3905,41.5819],[140.3937,41.5821],[140.3966,41.5818],[140.3999,41.5813],[140.4041,41.5807],[140.4085,41.58],[140.4111,41.58],[140.4154,41.5807],[140.4199,41.5818],[140.4226,41.5812],[140.4244,41.5829]]},"properties":{"name":"\u5409\u5ca1\u7dda (\u304a\u5ba2\u3055\u307e\u63a5\u7d9a\u7dda JR\u5317\u6d77\u9053)","loading_pct":8.9,"p_mw":-15.2}},{"type":"Feature","geometry":{"type":"LineString","coordinates":[[141.1132,42.4212],[141.1126,42.4214],[141.1134,42.4241],[141.116,42.4254],[141.1174,42.4274],[141.1188,42.4294],[141.1198,42.4311],[141.1207,42.4328],[141.1221,42.4355],[141.1218,42.4383],[141.1213,42.4433],[141.1212,42.4448],[141.1209,42.4475],[141.1217,42.45],[141.1245,42.4516],[141.1271,42.4531],[141.1301,42.4546],[141.131,42.4558],[141.132,42.4572],[141.134,42.4589],[141.1359,42.4606],[141.1383,42.4627],[141.1407,42.4649],[141.1434,42.4673],[141.1442,42.4685],[141.146,42.471],[141.1471,42.4721]]},"properties":{"name":"\u767b\u5225\u7dda","loading_pct":4.4,"p_mw":3.0}},{"type":"Feature","geometry":{"type":"LineString","coordinates":[[140.8761,42.485],[140.8774,42.4858],[140.8784,42.4864],[140.877,42.4873],[140.88,42.4886],[140.8819,42.4899],[140.8829,42.4912],[140.8832,42.4933],[140.8835,42.4959],[140.8839,42.4986],[140.8842,42.5004],[140.8844,42.5029],[140.8846,42.5051],[140.8849,42.5076],[140.8852,42.5097],[140.8863,42.5117],[140.8874,42.5135],[140.8885,42.5153],[140.8893,42.5168],[140.8904,42.519],[140.8915,42.5211],[140.8929,42.5237],[140.8938,42.5253],[140.8949,42.5273],[140.8961,42.5295],[140.8971,42.5316],[140.8981,42.5335],[140.8989,42.535],[140.8998,42.5366],[140.9003,42.5389],[140.9008,42.5415],[140.9014,42.5442],[140.902,42.5468],[140.9028,42.5485],[140.9061,42.5501],[140.9069,42.5511],[140.9093,42.5531],[140.9112,42.5545],[140.9132,42.556],[140.9145,42.558],[140.916,42.5604],[140.9165,42.563],[140.9136,42.565],[140.912,42.5666],[140.912,42.5686],[140.9149,42.5874]]},"properties":{"name":"\u9577\u6d41\u7dda","loading_pct":31.1,"p_mw":21.3}},{"type":"Feature","geometry":{"type":"LineString","coordinates":[[140.5865,42.8075],[140.5865,42.8069],[140.5862,42.8061],[140.5865,42.8035],[140.5887,42.802],[140.5892,42.8006],[140.5892,42.7998],[140.5892,42.7992],[140.5893,42.7983],[140.5893,42.7977],[140.5895,42.7949],[140.5908,42.7902],[140.5938,42.7784],[140.5836,42.7617],[140.5767,42.7459],[140.5759,42.7446],[140.5741,42.7417],[140.57,42.734],[140.5527,42.7013],[140.5517,42.6995],[140.5423,42.6914],[140.5243,42.6893],[140.515,42.6911],[140.5041,42.6896],[140.497,42.6895],[140.4964,42.6892],[140.4952,42.6885],[140.4889,42.6856],[140.479,42.6734],[140.4795,42.6609],[140.4778,42.6565],[140.4686,42.647],[140.4666,42.6448],[140.4593,42.6422],[140.4574,42.6411],[140.4558,42.6405],[140.455,42.6395],[140.453,42.6375],[140.4524,42.6367],[140.4513,42.6355],[140.4502,42.6342],[140.4498,42.6339]]},"properties":{"name":"\u6765\u99ac\u7dda","loading_pct":22.5,"p_mw":15.4}},{"type":"Feature","geometry":{"type":"LineString","coordinates":[[140.7585,42.5541],[140.7584,42.5553],[140.757,42.5568],[140.7541,42.5598],[140.7521,42.5624],[140.7488,42.564],[140.7444,42.5702],[140.743,42.5716],[140.7414,42.5734],[140.7396,42.5752],[140.7391,42.5758],[140.7371,42.5779],[140.7358,42.5794],[140.7343,42.5809],[140.7329,42.5824],[140.7324,42.5827]]},"properties":{"name":"\u867b\u7530\u7dda","loading_pct":40.3,"p_mw":27.7}},{"type":"Feature","geometry":{"type":"LineString","coordinates":[[140.7585,42.5541],[140.7619,42.5547],[140.7645,42.5538],[140.7671,42.553],[140.769,42.5523],[140.771,42.5517],[140.7722,42.5509],[140.7742,42.5494],[140.778,42.5466],[140.7797,42.5453],[140.7818,42.5438],[140.7839,42.5422],[140.7858,42.5408],[140.7877,42.5394],[140.7895,42.5381],[140.7919,42.5363],[140.7967,42.5327],[140.7987,42.5313],[140.8001,42.5297],[140.8014,42.5277],[140.8033,42.5254],[140.8054,42.5237],[140.8075,42.522],[140.8098,42.5207],[140.813,42.5192],[140.8154,42.518],[140.8176,42.5157],[140.8191,42.5141],[140.8205,42.5134],[140.8212,42.5118],[140.822,42.5099],[140.8247,42.5086],[140.8282,42.507],[140.8319,42.5054],[140.8342,42.5044],[140.8365,42.5033],[140.8385,42.5024],[140.8406,42.5015],[140.8433,42.5003],[140.8464,42.4988],[140.8495,42.4975],[140.8518,42.4964],[140.8549,42.495],[140.8577,42.4938],[140.8607,42.4924],[140.863,42.4913],[140.8645,42.4904],[140.8761,42.485]]},"properties":{"name":"\u6709\u73e0\u7dda","loading_pct":44.8,"p_mw":-30.7}},{"type":"Feature","geometry":{"type":"LineString","coordinates":[[140.7324,42.5827],[140.7081,42.603],[140.7073,42.6036],[140.7053,42.6047],[140.7034,42.6057],[140.7025,42.6062],[140.7002,42.6074],[140.6987,42.6083],[140.696,42.6098],[140.6925,42.6117],[140.6904,42.6127],[140.6888,42.6129],[140.6876,42.6131],[140.6869,42.6132],[140.6844,42.6136],[140.6831,42.6138],[140.6818,42.6141],[140.6796,42.6138],[140.6765,42.6134],[140.6726,42.6128],[140.6714,42.6127],[140.6701,42.6125],[140.6691,42.6124],[140.6655,42.6119],[140.6646,42.6118],[140.6634,42.6116],[140.6625,42.6115],[140.6604,42.6112],[140.6588,42.611],[140.6497,42.6098],[140.6466,42.6094],[140.6427,42.6088],[140.6409,42.6085],[140.6389,42.6082],[140.6378,42.608],[140.6367,42.6076],[140.6331,42.6066],[140.6311,42.6062],[140.6309,42.6062],[140.6306,42.6063]]},"properties":{"name":"\u867b\u7530\u7dda","loading_pct":30.0,"p_mw":20.6}},{"type":"Feature","geometry":{"type":"LineString","coordinates":[[140.4498,42.6339],[140.4505,42.6338],[140.4509,42.6344],[140.4514,42.6353],[140.4525,42.6365],[140.4532,42.6373],[140.4551,42.6395],[140.456,42.6405],[140.4571,42.6407],[140.4583,42.6413],[140.4595,42.6419],[140.4609,42.6421],[140.4624,42.6424],[140.4636,42.6426],[140.465,42.6428],[140.4664,42.6431],[140.4677,42.6433],[140.469,42.6435],[140.4706,42.6437],[140.4719,42.6439],[140.473,42.6441],[140.4777,42.6444],[140.48,42.6445],[140.4822,42.6446],[140.486,42.6448],[140.487,42.6447],[140.4882,42.6446],[140.4894,42.6445],[140.4905,42.6443],[140.4917,42.6442],[140.4929,42.6441],[140.4941,42.644],[140.4953,42.6439],[140.4965,42.6438],[140.4977,42.6437],[140.4989,42.6436],[140.5001,42.6435],[140.5013,42.6434],[140.5025,42.6433],[140.5038,42.6431],[140.5073,42.6428],[140.5087,42.6426],[140.5124,42.6421],[140.5141,42.6418],[140.5152,42.6417],[140.5163,42.6415],[140.5182,42.6412],[140.5202,42.641],[140.5224,42.6407],[140.5242,42.6404],[140.5263,42.6401],[140.5285,42.6393],[140.53,42.6387],[140.5316,42.6381],[140.5331,42.6376],[140.5372,42.6357],[140.5385,42.6352],[140.541,42.634],[140.544,42.6327],[140.5457,42.6319],[140.5463,42.631],[140.5474,42.6295],[140.5491,42.6261],[140.5501,42.6254],[140.551,42.6246],[140.5517,42.624],[140.553,42.6234],[140.5546,42.6227],[140.5604,42.62],[140.5611,42.6189],[140.5621,42.6168],[140.5624,42.6161],[140.5633,42.6142],[140.5643,42.6132],[140.5705,42.6109],[140.5739,42.6096],[140.577,42.6085],[140.5797,42.609],[140.5806,42.6089],[140.5823,42.6084],[140.5859,42.6073],[140.5871,42.607],[140.5886,42.6066],[140.5911,42.606],[140.5931,42.6054],[140.5977,42.6042],[140.5994,42.6037],[140.6009,42.6033],[140.6026,42.6033],[140.605,42.6034],[140.6071,42.6035],[140.6082,42.6036],[140.6101,42.6037],[140.615,42.6039],[140.6201,42.6039],[140.6222,42.6041],[140.6256,42.6047],[140.6267,42.605],[140.6277,42.6052],[140.6288,42.6056],[140.6298,42.6058],[140.6307,42.6061],[140.6306,42.6063]]},"properties":{"name":"\u867b\u7530\u7dda","loading_pct":19.6,"p_mw":-13.4}},{"type":"Feature","geometry":{"type":"LineString","coordinates":[[140.3226,41.9386],[140.3191,41.9385],[140.3153,41.939],[140.3138,41.9397],[140.311,41.9396],[140.3089,41.9384],[140.3051,41.9385],[140.3023,41.9382],[140.2984,41.9378],[140.2949,41.9374],[140.2921,41.9371],[140.2883,41.9368],[140.284,41.9366],[140.2803,41.9364],[140.2758,41.9362],[140.2725,41.936],[140.2706,41.9359],[140.2678,41.9357],[140.264,41.9354],[140.2601,41.9351],[140.2564,41.9349],[140.2538,41.9347],[140.2502,41.9344],[140.2474,41.9343],[140.2435,41.9348],[140.2395,41.9354],[140.2363,41.9358],[140.2327,41.9361],[140.2281,41.9355],[140.2243,41.9349],[140.2201,41.9335],[140.2167,41.9325],[140.2135,41.9321],[140.2097,41.9325],[140.2034,41.9312],[140.1999,41.9297],[140.1867,41.9302],[140.1865,41.9301],[140.1849,41.9291],[140.1797,41.9208],[140.1749,41.9147],[140.167,41.9053],[140.1594,41.8982],[140.1518,41.8828],[140.1454,41.8759],[140.1449,41.8747],[140.1433,41.8697]]},"properties":{"name":"\u6c5f\u5dee\u7dda","loading_pct":56.2,"p_mw":38.5}},{"type":"Feature","geometry":{"type":"LineString","coordinates":[[140.0716,42.0696],[140.0715,42.0693],[140.0724,42.0685],[140.0744,42.0689],[140.0783,42.0679],[140.0814,42.0676],[140.0832,42.0672],[140.0837,42.0654],[140.0793,42.062],[140.0783,42.0597],[140.0776,42.0588],[140.0761,42.0563],[140.0765,42.0557],[140.0774,42.0549],[140.0777,42.053],[140.0784,42.0521],[140.0819,42.0494],[140.0849,42.049],[140.0863,42.048],[140.087,42.0472],[140.0897,42.042],[140.093,42.04],[140.0973,42.0358],[140.1028,42.0313],[140.1063,42.0284],[140.1092,42.0267],[140.112,42.0226],[140.1153,42.018],[140.1182,42.0135],[140.1216,42.0078],[140.1242,42.0034],[140.127,41.9995],[140.1286,41.999],[140.1296,41.997],[140.1302,41.9954],[140.1319,41.9902],[140.1324,41.9887],[140.1333,41.9874],[140.1342,41.9857],[140.1346,41.985],[140.1354,41.9843],[140.1363,41.9826],[140.1365,41.9819],[140.1369,41.9806],[140.1375,41.9785],[140.1381,41.9776],[140.1391,41.977],[140.1405,41.977],[140.1431,41.976],[140.1438,41.9752],[140.1443,41.9741],[140.1451,41.9716],[140.1427,41.9686],[140.1383,41.9674],[140.1366,41.9654],[140.1352,41.9636],[140.133,41.9608],[140.1329,41.96],[140.1338,41.959],[140.1353,41.9574],[140.1386,41.9537],[140.1408,41.95],[140.142,41.9495],[140.1425,41.9477],[140.1447,41.9444],[140.149,41.9396],[140.1497,41.9385],[140.151,41.9363],[140.1505,41.9357],[140.151,41.9342],[140.1513,41.9338],[140.1511,41.9338]]},"properties":{"name":"\u6867\u5c71\u7dda","loading_pct":29.3,"p_mw":-10.1}},{"type":"Feature","geometry":{"type":"LineString","coordinates":[[141.039,42.3733],[141.0423,42.3783],[141.0422,42.3795],[141.0425,42.3812],[141.0435,42.3823],[141.0453,42.3844],[141.0462,42.3855],[141.048,42.3881],[141.0504,42.3901],[141.0528,42.392],[141.054,42.3946],[141.0546,42.3959],[141.0566,42.3966],[141.066,42.4009],[141.0799,42.3942]]},"properties":{"name":"\u5e4c\u5225\u7dda (Horobetsu-sen)","loading_pct":20.8,"p_mw":-14.2}},{"type":"Feature","geometry":{"type":"LineString","coordinates":[[140.7297,41.8226],[140.7374,41.859],[140.7387,41.8565],[140.742,41.8564],[140.7447,41.8563],[140.7475,41.8563],[140.7514,41.8563],[140.7551,41.8563],[140.759,41.8563],[140.7612,41.8551],[140.7631,41.8541],[140.7655,41.8528],[140.7677,41.8515],[140.7706,41.8499],[140.7734,41.8483],[140.7757,41.8471],[140.7783,41.8449],[140.7791,41.8431],[140.78,41.8411],[140.7812,41.8381],[140.7824,41.8363],[140.7837,41.8346],[140.7855,41.8321],[140.7864,41.8306],[140.7882,41.8281],[140.7894,41.8264],[140.791,41.8242],[140.7914,41.8226],[140.7919,41.821],[140.7927,41.8184],[140.7932,41.8168],[140.7939,41.8144],[140.796,41.8121],[140.7976,41.8104],[140.7987,41.8085],[140.7997,41.8069],[140.8009,41.8049],[140.7984,41.7938]]},"properties":{"name":"\u6e6f\u5ddd\u652f\u7dda","loading_pct":10.3,"p_mw":7.1}},{"type":"Feature","geometry":{"type":"LineString","coordinates":[[140.1261,42.0907],[140.1244,42.0906],[140.1227,42.0903],[140.1211,42.0894],[140.1178,42.0883],[140.1146,42.0868],[140.1145,42.0859],[140.1142,42.0856],[140.1132,42.0856],[140.1109,42.085],[140.1089,42.0841],[140.1076,42.0838],[140.1044,42.0831],[140.1034,42.0831],[140.0993,42.0825],[140.0975,42.0832],[140.0967,42.0833],[140.0936,42.0811],[140.0818,42.076],[140.0784,42.0738],[140.0742,42.0711],[140.0738,42.0704],[140.0716,42.0696]]},"properties":{"name":"\u6867\u5c71\u7dda","loading_pct":15.1,"p_mw":5.2}},{"type":"Feature","geometry":{"type":"LineString","coordinates":[[140.1261,42.0907],[140.1259,42.0914],[140.127,42.0925],[140.1279,42.0937],[140.1288,42.0948],[140.1305,42.0967],[140.1313,42.0977],[140.133,42.0996],[140.1339,42.1025],[140.1346,42.1049],[140.1345,42.1076],[140.1301,42.1087],[140.127,42.1111],[140.1231,42.1162],[140.1211,42.119],[140.123,42.1237],[140.1237,42.125],[140.1259,42.1279],[140.1263,42.13],[140.1288,42.132],[140.1306,42.1342],[140.1314,42.1356],[140.1323,42.1362],[140.1323,42.1367],[140.1326,42.1373],[140.1344,42.1389],[140.1353,42.1399],[140.1369,42.1409],[140.1369,42.1417],[140.1378,42.1423],[140.1393,42.1424],[140.141,42.1428],[140.1423,42.1433],[140.1437,42.144],[140.146,42.1455],[140.1513,42.1465],[140.1583,42.1487],[140.1595,42.1497],[140.1594,42.1499],[140.1588,42.1505],[140.1589,42.1531],[140.1607,42.1562],[140.1629,42.1591],[140.1646,42.1609],[140.1657,42.1611],[140.1696,42.1604],[140.1723,42.1605],[140.1739,42.161],[140.178,42.1631],[140.181,42.1647],[140.189,42.168],[140.1906,42.1694],[140.1945,42.1776],[140.2004,42.1856],[140.204,42.1874],[140.2127,42.19],[140.2235,42.1933],[140.2339,42.1981],[140.244,42.2027],[140.2456,42.2036],[140.2502,42.2091],[140.2525,42.2131],[140.2546,42.2174],[140.257,42.2211],[140.2585,42.225],[140.2611,42.228],[140.2618,42.2289],[140.2623,42.2296],[140.2629,42.2303],[140.2634,42.231],[140.2639,42.2317],[140.2648,42.2321],[140.2656,42.2324],[140.2662,42.2326],[140.2668,42.2329],[140.2676,42.2332],[140.2682,42.2335],[140.2692,42.2338],[140.2701,42.2342],[140.2711,42.2346],[140.2727,42.2354],[140.2733,42.2357],[140.2738,42.2358],[140.2745,42.236],[140.2752,42.2361],[140.2761,42.2364],[140.2771,42.2366],[140.2779,42.2368],[140.2789,42.237],[140.2798,42.2372],[140.2808,42.2374],[140.2823,42.2373],[140.2831,42.2372],[140.2841,42.2372],[140.2851,42.2371],[140.2861,42.237],[140.2871,42.2369],[140.2876,42.2374],[140.2892,42.2389],[140.2898,42.2393],[140.2895,42.2399],[140.2893,42.2405],[140.289,42.2412],[140.2888,42.2418],[140.2885,42.2424],[140.2887,42.2434],[140.2905,42.2431],[140.2732,42.2602]]},"properties":{"name":"\u76f8\u6cbc\u5185\u7dda","loading_pct":34.7,"p_mw":-11.9}},{"type":"Feature","geometry":{"type":"LineString","coordinates":[[140.01,42.425],[140.0071,42.4195],[140.0068,42.4187],[140.0064,42.4179],[140.0061,42.4171],[140.0057,42.4162],[140.0054,42.4154],[140.0051,42.4146],[140.0048,42.4138],[140.0037,42.4133],[140.0009,42.4118],[140.0002,42.4114],[139.9993,42.4109],[139.9984,42.4104],[139.9978,42.41],[139.9976,42.4094],[139.9954,42.4096],[139.9943,42.4096],[139.9927,42.4098],[139.9921,42.4099],[139.9911,42.4099],[139.9901,42.41],[139.9889,42.4101],[139.9877,42.4102],[139.9862,42.4104],[139.9855,42.4104],[139.9844,42.4105],[139.9832,42.4106],[139.9822,42.4107],[139.9811,42.4108],[139.9801,42.4109],[139.979,42.411],[139.9778,42.4111],[139.9768,42.4112],[139.9758,42.4113],[139.9747,42.4113],[139.9736,42.4114],[139.9725,42.4115],[139.9714,42.4115],[139.9703,42.4116],[139.969,42.4117],[139.9679,42.4117],[139.9666,42.4117],[139.9655,42.4117],[139.9643,42.4117],[139.963,42.4118],[139.9607,42.4116],[139.9595,42.4113],[139.9584,42.4111],[139.9574,42.4109],[139.9562,42.4106],[139.955,42.4105],[139.9529,42.4101],[139.9507,42.4098],[139.9485,42.4095],[139.9466,42.4094],[139.9448,42.4094],[139.943,42.4093],[139.9413,42.4092],[139.939,42.4091],[139.9368,42.409],[139.9351,42.4093],[139.9336,42.4096],[139.9318,42.4099],[139.9298,42.4103],[139.9276,42.4107],[139.9227,42.4116],[139.9202,42.4121],[139.9098,42.4118],[139.8975,42.4094],[139.8933,42.4085],[139.8878,42.4067],[139.8867,42.4066],[139.8846,42.4054],[139.8843,42.4056]]},"properties":{"name":"\u702c\u68da\u7dda","loading_pct":17.8,"p_mw":6.1}},{"type":"Feature","geometry":{"type":"LineString","coordinates":[[139.933,42.1366],[139.93,42.1369],[139.9294,42.1385],[139.9237,42.1407],[139.9216,42.1438],[139.9198,42.1456],[139.9188,42.1462],[139.9187,42.1472],[139.9156,42.1517],[139.9143,42.1534],[139.9136,42.156],[139.9105,42.158],[139.9096,42.1592],[139.9098,42.1607],[139.9076,42.1655],[139.9061,42.1677],[139.9039,42.1684],[139.9039,42.1699],[139.9027,42.1723],[139.8988,42.1741],[139.8991,42.1749],[139.8992,42.1774],[139.8986,42.1787],[139.8983,42.1817],[139.8971,42.1837],[139.8958,42.186],[139.8953,42.1876],[139.8938,42.1894],[139.889,42.1908],[139.8868,42.1926],[139.8851,42.1986],[139.8848,42.2],[139.8853,42.2005],[139.8844,42.2013],[139.8829,42.2078],[139.8817,42.213],[139.8801,42.2196],[139.8829,42.2222],[139.8882,42.2271],[139.8899,42.2297],[139.8909,42.2303],[139.8912,42.2307],[139.8916,42.2316],[139.8912,42.2336],[139.8909,42.2375],[139.8923,42.2406],[139.8918,42.2418],[139.8919,42.2431],[139.8934,42.2445],[139.8947,42.2465],[139.895,42.2472],[139.8957,42.2483],[139.8961,42.2487],[139.8968,42.2507],[139.8976,42.2519],[139.8985,42.2527],[139.8997,42.2545],[139.9001,42.2558],[139.9013,42.2565],[139.9018,42.2576],[139.9021,42.2589],[139.9035,42.2617],[139.904,42.2629],[139.9044,42.2642],[139.9028,42.2687],[139.9052,42.2732],[139.9053,42.2763],[139.9063,42.2781],[139.9043,42.2798],[139.9037,42.2819],[139.9048,42.2838],[139.9056,42.2844],[139.9064,42.2847],[139.9076,42.2858],[139.9072,42.2884],[139.9055,42.2905],[139.9048,42.2935],[139.9009,42.2964],[139.9005,42.2993],[139.9008,42.3012],[139.9013,42.3017],[139.9013,42.3024],[139.9016,42.3032],[139.9026,42.3125],[139.9029,42.3138],[139.9033,42.3194],[139.903,42.321],[139.9037,42.3237],[139.9042,42.3245],[139.9039,42.3256],[139.9023,42.3269],[139.9024,42.3302],[139.9047,42.3311],[139.9067,42.3332],[139.9074,42.3356],[139.9087,42.3372],[139.9053,42.3389],[139.903,42.3395],[139.9016,42.34],[139.8999,42.3417],[139.8992,42.3427],[139.9001,42.3442],[139.8997,42.3452],[139.8992,42.3459],[139.8984,42.3465],[139.8997,42.3483],[139.9016,42.3491],[139.9033,42.3504],[139.9045,42.3533],[139.9047,42.3546],[139.9043,42.3551],[139.9029,42.3551],[139.9013,42.3558],[139.8987,42.361],[139.8972,42.3616],[139.8951,42.3658],[139.8919,42.3702],[139.8897,42.3711],[139.8884,42.3749],[139.8875,42.3766],[139.8857,42.3778],[139.886,42.3806],[139.8861,42.3829],[139.8857,42.3846],[139.8872,42.3876],[139.8862,42.3903],[139.8827,42.392],[139.8801,42.394],[139.879,42.3952],[139.88,42.3967],[139.8814,42.4017],[139.8819,42.4024],[139.8846,42.4054],[139.8843,42.4056]]},"properties":{"name":"\u5927\u6210\u7dda","loading_pct":2.9,"p_mw":1.0}},{"type":"Feature","geometry":{"type":"LineString","coordinates":[[140.0716,42.0696],[140.0717,42.0697],[140.0712,42.0702],[140.0708,42.0712],[140.0693,42.0729],[140.0667,42.0753],[140.0633,42.0777],[140.0627,42.0796],[140.0629,42.0813],[140.0629,42.0829],[140.0635,42.085],[140.062,42.0875],[140.0602,42.0893],[140.0565,42.0909],[140.0549,42.0907],[140.0544,42.0917],[140.0514,42.0928],[140.0502,42.0933],[140.0468,42.0967],[140.0437,42.1022],[140.04,42.1043],[140.0357,42.1086],[140.0333,42.1103],[140.0286,42.1147],[140.0199,42.1231],[140.017,42.1237],[140.0145,42.1254],[140.0127,42.1251],[140.0109,42.1231],[140.0099,42.1228],[140.0057,42.1229],[139.9995,42.1275],[139.9994,42.128],[139.9938,42.1304],[139.9897,42.1309],[139.9785,42.1322],[139.9715,42.1331],[139.9614,42.1344],[139.949,42.1358],[139.9406,42.1359],[139.9345,42.1372],[139.933,42.1366]]},"properties":{"name":"\u718a\u77f3\u7dda","loading_pct":23.7,"p_mw":8.1}},{"type":"Feature","geometry":{"type":"LineString","coordinates":[[140.4498,42.6339],[140.4502,42.6339],[140.4495,42.6334],[140.4485,42.6323],[140.4476,42.6312],[140.4467,42.6297],[140.4429,42.6252],[140.4389,42.6208],[140.4341,42.6154],[140.4311,42.6121],[140.4269,42.6077],[140.4225,42.603],[140.4176,42.5983],[140.4131,42.5941],[140.408,42.5897],[140.4034,42.5858],[140.401,42.5837],[140.3946,42.5755],[140.3899,42.5698],[140.3848,42.5638],[140.3819,42.5604],[140.3759,42.5535],[140.3728,42.5499],[140.3683,42.5453],[140.3637,42.5407],[140.3598,42.5369],[140.3541,42.5313],[140.3491,42.5264],[140.3458,42.5231],[140.3432,42.5176],[140.3412,42.5135],[140.34,42.511],[140.3388,42.5051],[140.3379,42.5009],[140.3366,42.4948],[140.3353,42.4891],[140.3335,42.4828],[140.3317,42.4765],[140.331,42.4742],[140.3277,42.4688],[140.3216,42.4645],[140.3158,42.4588],[140.3118,42.4545],[140.3059,42.448],[140.3024,42.444],[140.1954,42.4707]]},"properties":{"name":"\u6765\u99ac\u7dda","loading_pct":8.9,"p_mw":6.1}},{"type":"Feature","geometry":{"type":"LineString","coordinates":[[140.4498,42.6339],[140.4496,42.634],[140.4488,42.6346],[140.4477,42.6356],[140.4469,42.6362],[140.4455,42.6373],[140.4449,42.6423],[140.4409,42.6437],[140.4391,42.6435],[140.4375,42.6433],[140.4366,42.6441],[140.4351,42.6443],[140.4344,42.6451],[140.4238,42.6471],[140.4182,42.6504],[140.4139,42.6529],[140.4106,42.6548],[140.4063,42.6577],[140.3993,42.6625],[140.3952,42.6654],[140.3863,42.6692],[140.3819,42.6708],[140.3714,42.6734],[140.3593,42.6744],[140.3504,42.675],[140.3412,42.6758],[140.3337,42.6784],[140.3237,42.6819],[140.3181,42.6837],[140.3104,42.6861],[140.3078,42.6886],[140.303,42.6924],[140.301,42.6943],[140.3008,42.6951],[140.3007,42.6959],[140.3007,42.6967],[140.3007,42.6975],[140.3007,42.6983],[140.3007,42.7],[140.3008,42.7008],[140.3007,42.704],[140.3007,42.706],[140.3008,42.7096],[140.3008,42.7121],[140.301,42.7137],[140.3021,42.7209],[140.3031,42.7287],[140.3035,42.731],[140.3039,42.7335],[140.303,42.7363],[140.3023,42.7389],[140.3024,42.7419],[140.301,42.7444],[140.2998,42.7467],[140.2984,42.7493],[140.2969,42.7519],[140.2963,42.752]]},"properties":{"name":"\u4f5c\u958b\u652f\u7dda","loading_pct":10.4,"p_mw":7.1}},{"type":"Feature","geometry":{"type":"LineString","coordinates":[[140.6981,41.8995],[140.6989,41.9001],[140.6989,41.9006],[140.6981,41.9012],[140.6978,41.9016],[140.6974,41.9024],[140.6969,41.9031],[140.6962,41.9045],[140.6957,41.9053],[140.6952,41.9061],[140.6948,41.9069],[140.6944,41.9076],[140.694,41.9082],[140.6937,41.9088],[140.6934,41.9095],[140.6917,41.9117],[140.693,41.9132],[140.6943,41.9147],[140.6946,41.9154],[140.6954,41.9172],[140.6965,41.9195],[140.6971,41.9208],[140.6974,41.9215],[140.698,41.9229],[140.6982,41.9236],[140.6985,41.9243],[140.6988,41.9249],[140.699,41.9256],[140.6993,41.9263],[140.6996,41.927],[140.6999,41.9278],[140.7001,41.9284],[140.7004,41.9292],[140.7007,41.9299],[140.7009,41.9306],[140.701,41.9315],[140.7011,41.9322],[140.701,41.9327],[140.7011,41.9332],[140.7012,41.9348],[140.701,41.9357],[140.7008,41.9364],[140.7005,41.9372],[140.7005,41.9378],[140.7004,41.9385],[140.7004,41.9391],[140.7011,41.9409],[140.7014,41.9415],[140.7032,41.9427],[140.7039,41.9431],[140.7045,41.9435],[140.7056,41.9443],[140.7068,41.9464],[140.7072,41.947],[140.7075,41.9477],[140.7077,41.9484],[140.708,41.9491],[140.7082,41.9498],[140.7075,41.9511],[140.7063,41.9531],[140.7061,41.954],[140.7062,41.955],[140.7059,41.9562],[140.7063,41.9568],[140.7073,41.9588],[140.7071,41.9596],[140.7067,41.961],[140.7063,41.9622],[140.7061,41.963],[140.706,41.9642],[140.7061,41.9661],[140.7062,41.9667],[140.7063,41.9674],[140.7069,41.9696],[140.7069,41.9723]]},"properties":{"name":"\u672c\u753a\u516b\u4e01\u76ee\u5909\u96fb\u6240~\u8ecd\u5ddd\u5909\u96fb\u6240\u7dda","loading_pct":20.8,"p_mw":-7.1}},{"type":"Feature","geometry":{"type":"LineString","coordinates":[[140.01,42.425],[140.0087,42.4198],[140.0095,42.4189],[140.0098,42.4185],[140.0104,42.4179],[140.011,42.417],[140.0124,42.4157],[140.0142,42.4145],[140.0153,42.4135],[140.0159,42.413],[140.0164,42.4124],[140.017,42.4119],[140.0175,42.4113],[140.0182,42.4107],[140.0188,42.4101],[140.0201,42.409],[140.0207,42.4085],[140.0213,42.4079],[140.0219,42.4073],[140.0225,42.4069],[140.023,42.4063],[140.0244,42.4048],[140.026,42.403],[140.0271,42.4017],[140.0294,42.3992],[140.03,42.3985],[140.0323,42.396],[140.034,42.3939],[140.0361,42.3902],[140.037,42.389],[140.0374,42.3881],[140.0375,42.3866],[140.0376,42.3859],[140.0376,42.3855],[140.0377,42.3845],[140.0378,42.383],[140.0379,42.3824],[140.0381,42.3817],[140.0383,42.3811],[140.0385,42.3805],[140.0387,42.3799],[140.0389,42.3794],[140.0393,42.3784],[140.0414,42.3752],[140.0418,42.3745],[140.042,42.3741],[140.0424,42.3735],[140.0431,42.3723],[140.0437,42.3717],[140.0442,42.3711],[140.0458,42.3693],[140.047,42.3677],[140.0478,42.3666],[140.0482,42.3661],[140.049,42.3653],[140.0496,42.3646],[140.05,42.364],[140.0507,42.363],[140.051,42.3624],[140.0515,42.3619],[140.052,42.3614],[140.0528,42.3607],[140.0552,42.3593],[140.0563,42.3588],[140.0584,42.3575],[140.06,42.3564],[140.0621,42.3548],[140.0637,42.3536],[140.0653,42.352],[140.0659,42.3514],[140.0668,42.351],[140.0675,42.3508],[140.0697,42.3498],[140.0718,42.3488],[140.0732,42.3483],[140.0744,42.3479],[140.0771,42.347],[140.0783,42.3467],[140.08,42.3459],[140.0809,42.3456],[140.0827,42.3455],[140.0839,42.3454],[140.085,42.3451],[140.0871,42.3441],[140.0877,42.3438],[140.0883,42.3437],[140.0936,42.3432],[140.096,42.3428],[140.0983,42.3419],[140.1006,42.3417],[140.1017,42.342],[140.1043,42.3418],[140.1062,42.3422],[140.1094,42.3434],[140.1109,42.3438],[140.1143,42.3432],[140.1198,42.3387],[140.1202,42.3369],[140.1203,42.3352],[140.1205,42.3342],[140.125,42.3283],[140.1256,42.3275],[140.126,42.3224],[140.1259,42.3208],[140.1259,42.3185],[140.1256,42.3158],[140.1256,42.3153],[140.1262,42.3141],[140.1268,42.3132],[140.1277,42.3124],[140.1286,42.3117],[140.1316,42.3101],[140.1329,42.3088],[140.1348,42.3069],[140.1358,42.3059],[140.1364,42.3054],[140.1371,42.3049],[140.1379,42.3046],[140.1383,42.3043],[140.1393,42.3031],[140.1394,42.2988],[140.1395,42.2985],[140.1398,42.2977],[140.1404,42.2969],[140.1419,42.2956],[140.1431,42.2944],[140.1443,42.293],[140.1454,42.292],[140.1468,42.291],[140.1474,42.2907],[140.152,42.2888],[140.155,42.2876],[140.1581,42.286],[140.1603,42.2846],[140.1625,42.2834],[140.1659,42.2815],[140.1666,42.281],[140.1681,42.2801],[140.1699,42.2788],[140.1709,42.278],[140.1747,42.2765],[140.1765,42.2755],[140.1785,42.2753],[140.1846,42.2736],[140.1915,42.2715],[140.1953,42.2706],[140.1984,42.2697],[140.1998,42.2691],[140.2012,42.2682],[140.2023,42.2675],[140.2033,42.2671],[140.2052,42.2661],[140.2062,42.2655],[140.207,42.2652],[140.2082,42.2651],[140.2088,42.2654],[140.2094,42.266],[140.2102,42.2672],[140.2101,42.268],[140.21,42.2688],[140.21,42.2696],[140.2103,42.2702],[140.2119,42.2709],[140.2131,42.271],[140.2148,42.2712],[140.216,42.2711],[140.217,42.2708],[140.2181,42.2706],[140.2189,42.27],[140.2196,42.2694],[140.2211,42.269],[140.2221,42.2687],[140.2235,42.2683],[140.2249,42.2679],[140.2259,42.2677],[140.2267,42.2674],[140.2273,42.2672],[140.2279,42.2669],[140.2294,42.2673],[140.2302,42.268],[140.2308,42.2685],[140.2315,42.269],[140.2321,42.2695],[140.2327,42.27],[140.2335,42.2705],[140.2342,42.271],[140.2349,42.2715],[140.2356,42.2719],[140.2363,42.2723],[140.2372,42.2725],[140.2382,42.2726],[140.2391,42.2727],[140.2401,42.2728],[140.241,42.2729],[140.242,42.273],[140.243,42.2731],[140.2439,42.2732],[140.2449,42.2733],[140.2458,42.2733],[140.2468,42.2733],[140.2478,42.2734],[140.2488,42.2734],[140.2497,42.2734],[140.2507,42.2734],[140.2516,42.2732],[140.2526,42.273],[140.2534,42.2727],[140.2556,42.2723],[140.259,42.2737],[140.2624,42.2751],[140.2646,42.276],[140.2732,42.2602]]},"properties":{"name":"\u4eca\u91d1\u7dda","loading_pct":38.6,"p_mw":-13.2}},{"type":"Feature","geometry":{"type":"LineString","coordinates":[[141.0799,42.3942],[141.0702,42.4031],[141.0721,42.4044],[141.0737,42.4058],[141.0756,42.4074],[141.0772,42.4088],[141.0788,42.4105],[141.0804,42.4122],[141.0822,42.4156],[141.0834,42.4185],[141.0845,42.4201],[141.0839,42.4223],[141.0874,42.4243],[141.0897,42.4248],[141.0932,42.4256],[141.0956,42.4267],[141.0988,42.4279],[141.1008,42.4269],[141.1037,42.4256],[141.1067,42.4241],[141.1097,42.4228],[141.1125,42.4212],[141.1132,42.4212]]},"properties":{"name":"\u5e4c\u5225\u7dda (Horobetsu-sen)","loading_pct":31.1,"p_mw":-21.3}},{"type":"Feature","geometry":{"type":"LineString","coordinates":[[140.9947,42.4016],[141.0008,42.4015],[141.0024,42.4004],[141.0057,42.3983],[141.0093,42.3978],[141.0107,42.3962],[141.0121,42.3934],[141.0131,42.3913],[141.0141,42.3894],[141.015,42.3876],[141.0158,42.3848],[141.033,42.3724]]},"properties":{"name":"\u5ba4\u862d\u897f\u5e79\u7dda","loading_pct":2.8,"p_mw":13.7}},{"type":"Feature","geometry":{"type":"LineString","coordinates":[[140.3738,42.5243],[140.3705,42.5252],[140.3656,42.5227],[140.3605,42.5198],[140.3581,42.515],[140.3574,42.5138],[140.3555,42.5103],[140.3528,42.5059],[140.3498,42.5008],[140.3468,42.4957],[140.3439,42.491],[140.3405,42.4854],[140.3379,42.4812],[140.3345,42.4755],[140.3314,42.4707],[140.3287,42.4664],[140.3258,42.462],[140.3213,42.4564],[140.3209,42.4552],[140.3189,42.4491],[140.3178,42.4478],[140.3139,42.4429],[140.3145,42.4422],[140.313,42.4407],[140.3126,42.4388],[140.3098,42.4374],[140.3069,42.4337],[140.3024,42.428],[140.3019,42.4256],[140.3001,42.4188],[140.2989,42.4159],[140.2966,42.4106],[140.2941,42.4048],[140.292,42.3994],[140.2904,42.3955],[140.2887,42.3913],[140.2867,42.386],[140.2855,42.3842],[140.284,42.3804],[140.2823,42.3797],[140.2788,42.3761],[140.2733,42.3723],[140.2725,42.3701],[140.2708,42.3655],[140.271,42.36],[140.2711,42.355],[140.2713,42.35],[140.2714,42.3483],[140.2732,42.3432],[140.2744,42.3402],[140.274,42.3372],[140.2728,42.329],[140.2732,42.2602]]},"properties":{"name":"\u9577\u4e07\u90e8\u7dda","loading_pct":2.0,"p_mw":1.4}},{"type":"Feature","geometry":{"type":"LineString","coordinates":[[140.1954,42.4707],[140.2871,42.4357],[140.2785,42.431],[140.2728,42.425],[140.2654,42.4171],[140.2599,42.4112],[140.2568,42.4041],[140.2549,42.3993],[140.2521,42.3925],[140.25,42.3845],[140.2484,42.3783],[140.2468,42.3724],[140.2454,42.367],[140.2445,42.3634],[140.2406,42.3537],[140.2361,42.3425],[140.2355,42.3411],[140.2429,42.3363],[140.2432,42.3354],[140.2474,42.3336],[140.2527,42.3331],[140.2564,42.3338],[140.2594,42.334],[140.2636,42.332],[140.2648,42.3318],[140.2702,42.3292],[140.2717,42.3269],[140.2732,42.2602]]},"properties":{"name":"\u6765\u99ac\u7dda","loading_pct":0.2,"p_mw":-0.1}},{"type":"Feature","geometry":{"type":"LineString","coordinates":[[140.585,41.9163],[140.5821,41.9148],[140.578,41.9133],[140.5724,41.9142],[140.567,41.916],[140.5641,41.9151],[140.5614,41.9144],[140.5569,41.9131],[140.5533,41.9094],[140.5521,41.9048],[140.551,41.9023],[140.5496,41.8984],[140.545,41.894],[140.5425,41.893],[140.5382,41.8914],[140.537,41.8892],[140.5351,41.887],[140.5386,41.8836],[140.5402,41.8814],[140.5401,41.8766],[140.5396,41.8745],[140.539,41.8721],[140.5384,41.8692],[140.54,41.8647],[140.5407,41.8621],[140.5372,41.8575],[140.5357,41.8554],[140.5328,41.8524],[140.5307,41.8501],[140.5267,41.8469],[140.5255,41.8438],[140.5263,41.8406],[140.5263,41.8374],[140.5284,41.8345],[140.5252,41.8315],[140.5227,41.8289],[140.5203,41.8256],[140.5182,41.823],[140.5149,41.8201],[140.51,41.8186],[140.5067,41.8171],[140.5027,41.8172],[140.497,41.8163],[140.4928,41.8156],[140.4896,41.8129],[140.4841,41.8126],[140.4787,41.8124],[140.4751,41.8099],[140.4727,41.8082],[140.4701,41.8064],[140.4664,41.8053],[140.4631,41.8045],[140.4574,41.8039],[140.4546,41.8041],[140.4496,41.8017],[140.4469,41.8009],[140.4433,41.7998],[140.4392,41.7987],[140.4349,41.7969],[140.4315,41.7953],[140.4276,41.7938],[140.4219,41.7915],[140.4193,41.7888],[140.4171,41.7874],[140.4148,41.7842],[140.4126,41.7825],[140.41,41.7796],[140.4072,41.7768],[140.409,41.7738],[140.4088,41.7712],[140.4061,41.7693],[140.4018,41.766],[140.3984,41.7635],[140.3979,41.7597],[140.3956,41.7563],[140.3953,41.7543],[140.3953,41.7504],[140.3953,41.7484],[140.3917,41.7453],[140.3879,41.7423],[140.386,41.7398],[140.3819,41.7389],[140.3769,41.7388],[140.3728,41.7383],[140.3664,41.7361],[140.3629,41.734],[140.3597,41.7322],[140.3571,41.7294],[140.3549,41.7257],[140.3526,41.7219],[140.3472,41.7202],[140.3432,41.716],[140.3393,41.7138],[140.3373,41.7117],[140.3361,41.7084],[140.3373,41.7049],[140.3376,41.7023],[140.3378,41.6988],[140.335,41.6964],[140.3306,41.6946],[140.3278,41.6935],[140.3231,41.6909],[140.3213,41.6878],[140.3222,41.6846],[140.3197,41.6804],[140.3173,41.6772],[140.317,41.6751],[140.3168,41.6713],[140.3172,41.6688],[140.3154,41.6663],[140.3136,41.6642],[140.312,41.6617],[140.313,41.6572],[140.3102,41.653],[140.3046,41.6498],[140.3017,41.6464],[140.3002,41.6437],[140.2957,41.6395],[140.2941,41.638],[140.2931,41.6349],[140.2916,41.6322],[140.2902,41.6302],[140.2886,41.6278],[140.2869,41.626],[140.2811,41.6246],[140.2747,41.6241],[140.2727,41.6205],[140.2708,41.617],[140.2704,41.614],[140.2698,41.6106],[140.2721,41.6079],[140.2773,41.6066],[140.2824,41.6063],[140.2865,41.6064],[140.2887,41.6039],[140.2868,41.6004],[140.2879,41.5965],[140.2874,41.5931],[140.2873,41.5899],[140.2857,41.5872],[140.2831,41.5825],[140.2849,41.5778],[140.2835,41.575],[140.2808,41.5726],[140.2767,41.5692],[140.2763,41.5662],[140.2773,41.5638],[140.2724,41.5617],[140.2681,41.5612],[140.2647,41.5605],[140.2609,41.5597],[140.2581,41.5592],[140.253,41.5585],[140.2493,41.5578],[140.2453,41.5569],[140.2415,41.5559],[140.2372,41.5559],[140.2334,41.5562],[140.2286,41.5545],[140.2242,41.5523],[140.2223,41.5497],[140.2181,41.5471],[140.2159,41.5429],[140.2153,41.539],[140.2132,41.5359],[140.209,41.5321],[140.2108,41.5292],[140.214,41.5277],[140.2171,41.5246],[140.2164,41.5222],[140.2189,41.5193],[140.2194,41.5168],[140.2145,41.5144],[140.2112,41.5124],[140.2095,41.5097],[140.2053,41.5056],[140.2054,41.5027],[140.2054,41.5004],[140.2058,41.4991],[140.2086,41.4946],[140.2062,41.4892],[140.209,41.4871],[140.2125,41.4855],[140.2174,41.4838],[140.2209,41.4816],[140.2228,41.4804],[140.2232,41.4764],[140.2235,41.4738],[140.2207,41.4703],[140.221,41.4657],[140.2192,41.4641],[140.218,41.4615],[140.2166,41.4587],[140.2147,41.4541],[140.2131,41.4499],[140.2134,41.4479],[140.2143,41.4437],[140.2179,41.4415],[140.2228,41.4412],[140.2279,41.4401],[140.2301,41.4398],[140.2323,41.4411],[140.2347,41.4418]]},"properties":{"name":"\u5317\u6597\u4eca\u5225\u76f4\u6d41\u5e79\u7dda","loading_pct":1.9,"p_mw":16.4}},{"type":"Feature","geometry":{"type":"LineString","coordinates":[[140.1263,41.8144],[140.1315,41.8269],[140.1328,41.8298],[140.1317,41.8332],[140.1319,41.8354],[140.1325,41.8383],[140.1362,41.8429],[140.1345,41.8446],[140.1357,41.848],[140.1343,41.8506],[140.1362,41.8544],[140.1378,41.8571],[140.1378,41.8604],[140.139,41.8627],[140.1395,41.8651],[140.1433,41.8697]]},"properties":{"name":"\u5185\u90f7\u5909\u96fb\u6240~\u6c5f\u5dee\u5909\u96fb\u6240\u7dda","loading_pct":10.4,"p_mw":-7.1}},{"type":"Feature","geometry":{"type":"LineString","coordinates":[[140.9149,42.5874],[140.9116,42.5705],[140.9083,42.5709],[140.9054,42.57],[140.9046,42.5684],[140.9024,42.5671],[140.8994,42.5663],[140.8978,42.5659],[140.8945,42.5651],[140.8927,42.5641],[140.8902,42.5628],[140.8896,42.5616],[140.8876,42.5603]]},"properties":{"name":"\u9577\u6d41\u7dda","loading_pct":10.4,"p_mw":7.1}},{"type":"Feature","geometry":{"type":"LineString","coordinates":[[141.001,42.3273],[141.002,42.3267],[141.0038,42.326],[141.005,42.3246],[141.0058,42.3233],[141.0062,42.3223],[141.0062,42.3221],[141.0062,42.322],[141.0062,42.3211],[141.0062,42.3196],[141.0062,42.3188],[141.0062,42.3184],[141.006,42.3167],[141.0059,42.3144],[141.0059,42.3133],[141.0061,42.3118],[141.0057,42.3097],[141.0053,42.3079],[141.0045,42.3066],[141.0038,42.3055],[141.0029,42.3041],[141.0016,42.3039],[140.9994,42.3046],[140.9954,42.3058],[140.993,42.3072],[140.9914,42.3071],[140.9886,42.3079],[140.985,42.3094],[140.9843,42.3096],[140.9831,42.3101],[140.9812,42.3109],[140.9781,42.3121],[140.995,42.3203]]},"properties":{"name":"\u5fa1\u5d0e\u5909\u96fb\u6240~Chatsu Substation\u7dda","loading_pct":6.1,"p_mw":4.2}},{"type":"Feature","geometry":{"type":"LineString","coordinates":[[140.9744,42.5793],[140.9747,42.5799],[140.9747,42.5804],[140.9737,42.5808],[140.9731,42.5809],[140.9722,42.581],[140.9708,42.581],[140.9698,42.581],[140.9685,42.5812],[140.9673,42.5812],[140.9662,42.5812],[140.9652,42.5812],[140.9641,42.5812],[140.963,42.5812],[140.9621,42.5813],[140.9612,42.5813],[140.9602,42.5813],[140.959,42.5814],[140.9582,42.5814],[140.9566,42.5814],[140.9557,42.5814],[140.9541,42.5815],[140.9527,42.5815],[140.9514,42.5815],[140.9505,42.5815],[140.9494,42.5816],[140.9481,42.5816],[140.9474,42.5816],[140.9462,42.5817],[140.9447,42.5817],[140.9432,42.5815],[140.9419,42.5814],[140.9408,42.5813],[140.9392,42.5811],[140.9384,42.5811],[140.9372,42.5809],[140.9362,42.5809],[140.935,42.5807],[140.9341,42.5807],[140.9333,42.5806],[140.932,42.5804],[140.9307,42.5803],[140.9295,42.5802],[140.9274,42.58],[140.9266,42.5799],[140.9258,42.5798],[140.9241,42.5796],[140.9232,42.5796],[140.9221,42.5799],[140.9211,42.5802],[140.9198,42.5806],[140.9196,42.5811],[140.9193,42.5819],[140.9188,42.5829],[140.9183,42.5837],[140.918,42.5844],[140.9175,42.5853],[140.9157,42.5872],[140.9149,42.5874]]},"properties":{"name":"\u4e45\u4fdd\u5185\u7dda","loading_pct":10.4,"p_mw":-7.1}},{"type":"Feature","geometry":{"type":"LineString","coordinates":[[140.6073,41.888],[140.6041,41.8893],[140.6019,41.891],[140.6001,41.8947],[140.5991,41.8966],[140.5978,41.8992],[140.5967,41.9016],[140.5938,41.9045],[140.5927,41.9062],[140.5906,41.9095],[140.5895,41.9113],[140.5879,41.915],[140.585,41.9163]]},"properties":{"name":"\u5317\u6597\u5e79\u7dda","loading_pct":0.7,"p_mw":6.7}},{"type":"Feature","geometry":{"type":"LineString","coordinates":[[140.1511,41.9338],[140.1512,41.9335],[140.1516,41.9312],[140.1518,41.9159],[140.1487,41.9077],[140.1454,41.898],[140.1441,41.894],[140.1415,41.8857],[140.14,41.881],[140.1429,41.8749],[140.1433,41.8697]]},"properties":{"name":"\u9c14\u5ddd\u7dda","loading_pct":25.0,"p_mw":-17.2}},{"type":"Feature","geometry":{"type":"LineString","coordinates":[[140.1433,41.8697],[140.1429,41.8695],[140.1425,41.8689],[140.1418,41.8683],[140.1413,41.868],[140.1407,41.8674],[140.1395,41.8664],[140.1385,41.8658],[140.1378,41.8647],[140.1372,41.8639],[140.1364,41.8629],[140.136,41.8622],[140.1352,41.8612],[140.135,41.8608],[140.1345,41.8601],[140.134,41.8594],[140.1332,41.8584],[140.1328,41.8577],[140.1326,41.857],[140.1326,41.8564],[140.1333,41.8559],[140.1346,41.8544],[140.135,41.854],[140.1354,41.8536],[140.135,41.8528],[140.1344,41.8522],[140.1337,41.8516],[140.1326,41.8511],[140.1321,41.8503],[140.1323,41.8495],[140.1316,41.847],[140.1317,41.8458],[140.1317,41.8449],[140.1316,41.8443],[140.1316,41.8438],[140.1314,41.8417],[140.1314,41.8409],[140.1313,41.8404],[140.1317,41.8375],[140.1311,41.8356],[140.1308,41.8347],[140.1308,41.834],[140.1307,41.8326],[140.1306,41.8313],[140.1305,41.8298],[140.1304,41.8291],[140.1303,41.8277],[140.1303,41.8253],[140.1303,41.8246],[140.1302,41.8237],[140.1301,41.8231],[140.1301,41.8223],[140.1299,41.8195],[140.1298,41.8188],[140.1298,41.8182],[140.1293,41.8175],[140.1284,41.8163],[140.1279,41.8156],[140.1272,41.8145],[140.1267,41.8144],[140.1265,41.8143]]},"properties":{"name":"\u77f3\u5d0e\u7dda","loading_pct":20.8,"p_mw":7.1}},{"type":"Feature","geometry":{"type":"LineString","coordinates":[[140.5834,42.1048],[140.603,42.0235],[140.6025,42.0244],[140.6018,42.0259],[140.6008,42.0276],[140.6002,42.0287],[140.5993,42.0305],[140.5988,42.0315],[140.5979,42.0331],[140.5969,42.0351],[140.5963,42.0362],[140.5957,42.0373],[140.5954,42.038],[140.595,42.0386],[140.5942,42.0403],[140.5936,42.0414],[140.5917,42.0451],[140.591,42.0463],[140.5903,42.0477],[140.5897,42.0488],[140.5889,42.05],[140.5881,42.0513],[140.5875,42.0522],[140.5871,42.0529],[140.5858,42.0546],[140.5851,42.0555],[140.5846,42.0563],[140.5841,42.0571],[140.5833,42.0581],[140.5825,42.0592],[140.5819,42.0601],[140.5789,42.0638],[140.5761,42.0675],[140.5734,42.0709],[140.5714,42.0734],[140.5707,42.0743],[140.5693,42.0761],[140.568,42.0777],[140.5668,42.0793],[140.5657,42.0808],[140.5604,42.0875],[140.5587,42.0898],[140.5581,42.0905],[140.5567,42.0913],[140.5557,42.092],[140.553,42.0936],[140.5518,42.0944],[140.5508,42.095],[140.5498,42.0956],[140.5488,42.0962],[140.5469,42.0974],[140.5462,42.0978],[140.5441,42.0991],[140.543,42.0997],[140.5416,42.1007],[140.5407,42.1014],[140.5394,42.1023],[140.5386,42.1029],[140.5376,42.1036],[140.536,42.1048],[140.5351,42.1054],[140.5339,42.1063],[140.5328,42.107],[140.5317,42.1077],[140.5308,42.1082],[140.5289,42.1093],[140.526,42.111],[140.525,42.1115],[140.5243,42.1119],[140.5231,42.1119],[140.5218,42.1118],[140.5198,42.1117],[140.5184,42.1116],[140.5156,42.1114],[140.5127,42.1112],[140.5098,42.111],[140.5072,42.1109],[140.503,42.1109],[140.4996,42.1109],[140.4959,42.1109],[140.4938,42.1109],[140.4918,42.1109],[140.4837,42.1111],[140.481,42.1112],[140.479,42.1112],[140.4755,42.1113],[140.4735,42.1113],[140.471,42.1114],[140.4688,42.1115],[140.4665,42.1115],[140.4651,42.1115],[140.4622,42.1119],[140.4595,42.1123],[140.4582,42.1123],[140.4545,42.1328]]},"properties":{"name":"\u516b\u96f21\u53f7\u7dda","loading_pct":15.1,"p_mw":10.3}},{"type":"Feature","geometry":{"type":"LineString","coordinates":[[140.4498,42.6339],[140.4497,42.6333],[140.449,42.6325],[140.4477,42.6311],[140.4475,42.6302],[140.4431,42.625],[140.4398,42.6213],[140.4356,42.6167],[140.431,42.6117],[140.4269,42.6072],[140.4219,42.6019],[140.4204,42.5958],[140.4203,42.5934],[140.4202,42.5858],[140.419,42.583],[140.4168,42.5777],[140.4144,42.5756],[140.4089,42.5707],[140.4034,42.5656],[140.3988,42.5613],[140.3943,42.5573],[140.3912,42.5542],[140.3857,42.5484],[140.3813,42.5439],[140.3774,42.5398],[140.3758,42.5298],[140.3738,42.5243]]},"properties":{"name":"\u867b\u7530\u7dda","loading_pct":12.4,"p_mw":8.5}},{"type":"Feature","geometry":{"type":"LineString","coordinates":[[140.8611,41.7734],[140.8618,41.7708],[140.8627,41.7701],[140.8626,41.7689],[140.8626,41.7679],[140.8623,41.767],[140.8623,41.7669],[140.8618,41.7664],[140.8614,41.7658],[140.8609,41.7651],[140.8617,41.7646],[140.8625,41.764],[140.8632,41.7635],[140.8638,41.763],[140.8645,41.7626],[140.8653,41.762],[140.8659,41.7615],[140.8667,41.761],[140.8673,41.7605],[140.8681,41.7602],[140.8689,41.76],[140.8698,41.7596],[140.8702,41.7595],[140.8711,41.7592],[140.8721,41.7588],[140.873,41.7585],[140.8737,41.7583],[140.8745,41.758],[140.8754,41.7577],[140.8763,41.7575],[140.8772,41.7573],[140.8781,41.757],[140.879,41.7568],[140.8801,41.7565],[140.8818,41.7561],[140.8833,41.7556],[140.885,41.7552],[140.8859,41.7549],[140.8866,41.7548],[140.8875,41.7545],[140.8882,41.7543],[140.8895,41.7541],[140.8904,41.7539],[140.8918,41.7536],[140.8927,41.7534],[140.8945,41.7529],[140.8958,41.7526],[140.8965,41.7524],[140.8973,41.7522],[140.8981,41.7519],[140.8989,41.7517],[140.9,41.7515],[140.9018,41.7508],[140.9026,41.7505],[140.9034,41.7502],[140.9042,41.7499],[140.905,41.7496],[140.9058,41.7493],[140.9066,41.749],[140.9074,41.7488],[140.9083,41.7484],[140.9092,41.7481],[140.91,41.7478],[140.9109,41.7475],[140.912,41.7471],[140.9129,41.7468],[140.9137,41.7465],[140.9145,41.7462],[140.9153,41.7459],[140.917,41.7453],[140.918,41.745],[140.919,41.7448],[140.9199,41.7445],[140.9217,41.744],[140.9225,41.7437],[140.9234,41.7435],[140.9243,41.7433],[140.925,41.7431],[140.9258,41.7429],[140.9266,41.7426],[140.9275,41.7424],[140.9282,41.7419],[140.9289,41.7414],[140.9296,41.7413],[140.9303,41.7412],[140.9315,41.7403],[140.932,41.7399],[140.9325,41.7394],[140.9325,41.739],[140.9331,41.7386],[140.9339,41.7381],[140.9345,41.7377],[140.9349,41.7374],[140.9357,41.7369],[140.9364,41.7364],[140.938,41.7354],[140.9383,41.7351],[140.9389,41.7347],[140.9396,41.7343],[140.9403,41.7338],[140.941,41.7333],[140.942,41.7333],[140.9432,41.7333],[140.9443,41.7333],[140.945,41.7333],[140.9461,41.7333],[140.9473,41.7333],[140.9483,41.7333],[140.9492,41.7332],[140.9501,41.7332],[140.9511,41.7332],[140.952,41.7332],[140.9532,41.7332],[140.9544,41.7332],[140.9563,41.7332],[140.9583,41.7325],[140.9593,41.7322],[140.9602,41.7319],[140.9613,41.7315],[140.9623,41.7312],[140.9632,41.7309],[140.964,41.7306],[140.965,41.7302],[140.9661,41.7299],[140.9667,41.7294],[140.9675,41.7288],[140.9682,41.7283],[140.969,41.7277],[140.97,41.727],[140.9707,41.7265],[140.9715,41.7259],[140.972,41.7255],[140.9731,41.7251],[140.9738,41.7249],[140.9748,41.7247],[140.9758,41.7244],[140.9765,41.7242],[140.9771,41.7237],[140.9776,41.7234],[140.9781,41.723],[140.9786,41.7225],[140.9801,41.7227],[140.9808,41.7228],[140.9824,41.723],[140.9834,41.7231],[140.9848,41.7233],[140.9858,41.7234],[140.9863,41.7234],[140.9873,41.7235],[140.9881,41.7236],[140.9889,41.7237],[140.9904,41.7238],[140.9909,41.7239],[140.9915,41.7239],[140.9919,41.724],[140.9928,41.7241],[140.9949,41.7243],[140.9957,41.7244],[140.997,41.7245],[140.9991,41.7247],[141.0,41.7249],[141.0012,41.725],[141.0025,41.7251],[141.0031,41.7252],[141.0043,41.7253],[141.0052,41.7254],[141.0066,41.7256],[141.0082,41.7255],[141.0086,41.7255]]},"properties":{"name":"\u6238\u4e95\u7dda","loading_pct":41.5,"p_mw":14.2}},{"type":"Feature","geometry":{"type":"LineString","coordinates":[[140.6571,41.9323],[140.661,41.9352],[140.663,41.9352],[140.6665,41.9353],[140.6693,41.9354],[140.6716,41.9366],[140.6737,41.9376],[140.6758,41.9387],[140.6774,41.9407],[140.679,41.9426],[140.6812,41.9452],[140.683,41.9474],[140.6841,41.9491],[140.6852,41.9512],[140.6864,41.9533],[140.6891,41.9553],[140.6917,41.9572],[140.6931,41.9593],[140.695,41.9613],[140.697,41.9634],[140.699,41.9654],[140.7012,41.9681],[140.7043,41.9702],[140.7069,41.9723]]},"properties":{"name":"\u8ecd\u5ddd\u7dda","loading_pct":31.1,"p_mw":21.3}},{"type":"Feature","geometry":{"type":"LineString","coordinates":[[140.9032,42.4586],[140.9036,42.4586],[140.9027,42.4601],[140.9012,42.4623],[140.9003,42.4635],[140.8988,42.4653],[140.8971,42.467],[140.8952,42.4689],[140.8932,42.4709],[140.8911,42.4729],[140.889,42.4749],[140.8869,42.477],[140.885,42.4788],[140.8833,42.4803],[140.8813,42.4818],[140.8793,42.4833],[140.878,42.4843],[140.8761,42.485]]},"properties":{"name":"\u6709\u73e0\u7dda","loading_pct":13.1,"p_mw":-9.0}},{"type":"Feature","geometry":{"type":"LineString","coordinates":[[141.6618,42.6389],[141.6636,42.6377],[141.6647,42.6358],[141.6682,42.6369],[141.6716,42.6381],[141.6749,42.6392],[141.6778,42.6402],[141.6768,42.6417],[141.6757,42.6433],[141.6741,42.6461],[141.6717,42.6499],[141.6699,42.6529],[141.6687,42.6548],[141.6674,42.6569],[141.6661,42.659],[141.6648,42.6612],[141.6633,42.6637],[141.6618,42.666],[141.6601,42.6688],[141.6585,42.6714],[141.657,42.6739],[141.6556,42.676],[141.6535,42.6787],[141.6534,42.6811],[141.6519,42.6837],[141.6488,42.6855],[141.6456,42.6873],[141.6424,42.6895],[141.6392,42.6917],[141.6363,42.6937],[141.633,42.696],[141.6296,42.6972],[141.6255,42.6987],[141.6223,42.6999],[141.6208,42.7004],[141.6146,42.6998],[141.6098,42.6993],[141.6063,42.6989],[141.6022,42.6984],[141.5983,42.6965],[141.5929,42.6938],[141.5885,42.6917],[141.585,42.6899],[141.5811,42.688],[141.5755,42.6852],[141.5727,42.6838],[141.5698,42.6824],[141.5652,42.6801],[141.5644,42.6779],[141.5638,42.676],[141.5627,42.6727],[141.5619,42.6704],[141.5613,42.6687],[141.5599,42.6646],[141.5588,42.6614],[141.5578,42.6585],[141.5573,42.6556],[141.5569,42.6531],[141.5564,42.6502],[141.5558,42.6472],[141.5562,42.6434],[141.5559,42.6416],[141.5554,42.6385],[141.5551,42.6372],[141.5566,42.6346]]},"properties":{"name":"\u82eb\u5c0f\u7267\u706b\u529b\u7dda","loading_pct":1.1,"p_mw":-5.5}},{"type":"Feature","geometry":{"type":"LineString","coordinates":[[143.129,42.7009],[143.1277,42.6994],[143.1271,42.6975],[143.1269,42.6949],[143.126,42.6927],[143.1247,42.6904],[143.1238,42.6883],[143.123,42.6861],[143.1221,42.6835],[143.1236,42.6815],[143.1252,42.6796],[143.1268,42.6777],[143.1287,42.6756],[143.1306,42.6734],[143.132,42.6718],[143.1334,42.6702],[143.1354,42.6679],[143.1374,42.6656],[143.1391,42.6634],[143.1407,42.6613],[143.142,42.6597],[143.1434,42.6579],[143.1451,42.6558],[143.1468,42.6536],[143.1484,42.6515],[143.1497,42.6498],[143.1521,42.6477],[143.1544,42.6454],[143.1563,42.6437],[143.1583,42.6419],[143.1605,42.6398],[143.1623,42.6375],[143.1639,42.6353],[143.1656,42.6329],[143.1668,42.6304],[143.1681,42.628],[143.1693,42.6255],[143.1711,42.6237],[143.173,42.6217],[143.175,42.6196],[143.1772,42.6175],[143.1793,42.6153],[143.1813,42.6132],[143.1835,42.6113],[143.1856,42.6094],[143.1876,42.6075],[143.1898,42.6054],[143.1919,42.6035],[143.1933,42.6012],[143.1947,42.5989],[143.1961,42.5966],[143.1981,42.5944],[143.1999,42.5924],[143.2018,42.5903],[143.2037,42.5881],[143.2056,42.586],[143.2073,42.584],[143.2092,42.5817],[143.2127,42.5777],[143.2143,42.5757],[143.2161,42.5736],[143.2178,42.5716],[143.2197,42.5694],[143.2215,42.5671],[143.2235,42.5649],[143.225,42.563],[143.2267,42.5612],[143.2284,42.5592],[143.23,42.5573],[143.2316,42.5554],[143.2322,42.5532],[143.2336,42.5514],[143.2357,42.549],[143.2375,42.5467],[143.2395,42.5443],[143.2413,42.5421],[143.243,42.54],[143.2448,42.538],[143.2461,42.5364],[143.248,42.5343],[143.2498,42.5322],[143.2515,42.5302],[143.2528,42.5284],[143.2544,42.5265],[143.2557,42.5248],[143.2572,42.5231],[143.2589,42.5209],[143.2606,42.5188],[143.2623,42.5167],[143.2639,42.5146],[143.2652,42.5129],[143.2637,42.5107],[143.262,42.5085],[143.2648,42.5074],[143.2676,42.5063],[143.2703,42.5052],[143.273,42.5041],[143.2757,42.5031],[143.2746,42.5015],[143.2726,42.4994]]},"properties":{"name":"\u5927\u6a39\u7dda","loading_pct":17.8,"p_mw":12.2}},{"type":"Feature","geometry":{"type":"LineString","coordinates":[[143.3052,42.2947],[143.3063,42.2975],[143.3067,42.2974],[143.3077,42.2995],[143.3088,42.301],[143.3099,42.3029],[143.3111,42.3046],[143.3111,42.3074],[143.3111,42.3089],[143.3112,42.3114],[143.3112,42.313],[143.3112,42.3156],[143.312,42.3165],[143.3141,42.3188],[143.3128,42.3208],[143.3124,42.323],[143.3119,42.3254],[143.3116,42.3272],[143.3112,42.329],[143.3096,42.3308],[143.308,42.3327],[143.3063,42.3345],[143.3047,42.3362],[143.303,42.3381],[143.3009,42.3405],[143.2983,42.3423],[143.2964,42.3435],[143.2957,42.3461],[143.2941,42.3479],[143.2925,42.3498],[143.291,42.3511],[143.2889,42.3529],[143.2872,42.3543],[143.2868,42.3571],[143.2867,42.3585],[143.2865,42.36],[143.2875,42.3634],[143.288,42.3661],[143.2882,42.3681],[143.2884,42.3706],[143.2887,42.3733],[143.2889,42.3759],[143.2892,42.3785],[143.2894,42.3811],[143.2897,42.3838],[143.2921,42.3858],[143.2946,42.3878],[143.2962,42.3901],[143.2969,42.3924],[143.2979,42.3952],[143.2991,42.3973],[143.3003,42.3993],[143.3002,42.4021],[143.3002,42.4048],[143.3001,42.4067],[143.3001,42.4088],[143.3,42.4115],[143.3,42.4142],[143.2996,42.4163],[143.2993,42.4184],[143.2989,42.421],[143.2978,42.4234],[143.2968,42.4255],[143.2959,42.4274],[143.2948,42.4297],[143.294,42.4314],[143.2929,42.4339],[143.2917,42.4363],[143.291,42.4378],[143.2902,42.4395],[143.2893,42.4414],[143.2891,42.4435],[143.2889,42.4455],[143.2886,42.4477],[143.2884,42.4503],[143.2862,42.4524],[143.284,42.454],[143.2817,42.4557],[143.2792,42.4575],[143.2758,42.4586],[143.2736,42.4604],[143.2715,42.4627],[143.2691,42.4647],[143.2685,42.4668],[143.2678,42.4698],[143.2671,42.4727],[143.2659,42.475],[143.2649,42.4778],[143.2642,42.4799],[143.2612,42.4824],[143.2598,42.4844],[143.2613,42.4864],[143.2632,42.4886],[143.2641,42.4898],[143.2639,42.4901],[143.2654,42.4923],[143.2668,42.4941],[143.2684,42.4963],[143.2696,42.4997],[143.2713,42.5002],[143.2726,42.4994]]},"properties":{"name":"\u5e83\u5c3e\u7dda","loading_pct":7.4,"p_mw":-5.1}},{"type":"Feature","geometry":{"type":"LineString","coordinates":[[141.6914,42.6412],[141.694,42.6417],[141.6968,42.6427],[141.6995,42.6436],[141.703,42.6447],[141.7061,42.6458],[141.7095,42.647],[141.7123,42.6479],[141.7105,42.6498],[141.7086,42.6517],[141.7069,42.6534],[141.7049,42.6554],[141.7029,42.6575],[141.7012,42.6593],[141.6996,42.662],[141.6982,42.6642],[141.6833,42.6629]]},"properties":{"name":"\u6e2f\u5357\u5909\u96fb\u6240~\u6771\u958b\u753a\u4e09\u4e01\u76ee\u5909\u96fb\u6240\u7dda","loading_pct":31.7,"p_mw":-21.7}},{"type":"Feature","geometry":{"type":"LineString","coordinates":[[141.6666,42.6594],[141.6664,42.659],[141.6676,42.6569],[141.6691,42.6554]]},"properties":{"name":"\u52c7\u6255\u5909\u96fb\u6240~\u660e\u91ce\u5143\u753a\u4e00\u4e01\u76ee\u5909\u96fb\u6240\u7dda","loading_pct":13.9,"p_mw":9.5}},{"type":"Feature","geometry":{"type":"LineString","coordinates":[[142.2912,42.7261],[142.297,42.7148],[142.2936,42.7139],[142.2856,42.7118],[142.2829,42.7111],[142.2699,42.708],[142.2639,42.708],[142.2587,42.708],[142.2555,42.7079],[142.2527,42.7079],[142.2497,42.7079],[142.2409,42.7095],[142.2376,42.7101],[142.2273,42.7119],[142.2189,42.7129],[142.2016,42.7149],[142.1961,42.7157],[142.1937,42.716],[142.1881,42.7172],[142.1849,42.7176],[142.1803,42.7181],[142.1673,42.7197],[142.162,42.7194],[142.1601,42.7193],[142.1564,42.719],[142.1424,42.7181],[142.1321,42.7184],[142.1298,42.7185],[142.1274,42.7186],[142.1232,42.7187],[142.118,42.7188],[142.114,42.7189],[142.0978,42.7189],[142.0631,42.7195],[142.0524,42.7227],[142.0481,42.724],[142.0437,42.7253],[142.0314,42.7303],[142.0267,42.7323],[142.022,42.7342],[142.0169,42.7358],[142.01,42.738],[142.0063,42.7392],[142.0027,42.7403],[142.0005,42.7409],[141.9974,42.7418],[141.996,42.7424],[141.9826,42.7431],[141.9762,42.7438],[141.9591,42.7458],[141.9547,42.7463],[141.9439,42.7475],[141.9413,42.7478],[141.9388,42.7482],[141.9353,42.7489],[141.9317,42.7496],[141.9284,42.7502],[141.9233,42.7515],[141.9206,42.7524],[141.918,42.7533],[141.914,42.7545],[141.9097,42.7547],[141.9062,42.7548],[141.9035,42.7549],[141.8862,42.7556],[141.88,42.7558],[141.8769,42.756],[141.8736,42.7562],[141.8652,42.7566],[141.8622,42.7568],[141.8587,42.7569],[141.8551,42.7571],[141.8517,42.7573],[141.8489,42.7574],[141.8465,42.7575],[141.8434,42.7577],[141.8397,42.7578],[141.8376,42.7579],[141.8349,42.758],[141.8323,42.7582],[141.8298,42.7583],[141.8271,42.7585],[141.8248,42.7586],[141.8192,42.7588],[141.8172,42.759],[141.8133,42.7607],[141.8126,42.7613]]},"properties":{"name":"\u5ca9\u77e5\u5fd7\u7dda","loading_pct":22.1,"p_mw":-15.2}},{"type":"Feature","geometry":{"type":"LineString","coordinates":[[141.8126,42.7613],[141.8133,42.7607],[141.8153,42.7586],[141.8221,42.7518],[141.8229,42.751],[141.8242,42.7497],[141.825,42.749],[141.8301,42.7449],[141.8316,42.7436],[141.8451,42.7289],[141.855,42.7184],[141.8569,42.7157],[141.8596,42.7108],[141.8607,42.7093],[141.8637,42.7051],[141.8645,42.704],[141.8653,42.703],[141.866,42.7029],[141.8673,42.7029],[141.8689,42.7032],[141.8704,42.7036],[141.8714,42.7036],[141.8725,42.7036],[141.8735,42.7036],[141.8746,42.7035],[141.8757,42.7035],[141.8768,42.7034],[141.8779,42.7033],[141.8833,42.7075]]},"properties":{"name":"\u5bcc\u5ddd\u7dda","loading_pct":6.1,"p_mw":4.2}},{"type":"Feature","geometry":{"type":"LineString","coordinates":[[142.5478,42.5999],[142.546,42.6025],[142.5445,42.6057],[142.5455,42.6081],[142.5466,42.6094],[142.5488,42.612],[142.5502,42.6155],[142.5511,42.6174],[142.5512,42.6194],[142.5515,42.6228],[142.5518,42.626],[142.552,42.628],[142.5522,42.6301],[142.5547,42.6328],[142.5558,42.634],[142.5575,42.6357],[142.559,42.6373],[142.5606,42.6392],[142.562,42.6406],[142.5642,42.643],[142.5649,42.6451],[142.5656,42.6471],[142.5647,42.6501],[142.5628,42.6517],[142.5623,42.6543],[142.5618,42.6565],[142.5611,42.6593],[142.5604,42.6628],[142.5608,42.6652],[142.5633,42.6674],[142.5662,42.6698],[142.5704,42.6704],[142.5746,42.6711],[142.5775,42.6714],[142.5786,42.6727],[142.5796,42.6738],[142.5797,42.6755],[142.5799,42.6773],[142.5801,42.6789],[142.5788,42.6807],[142.5774,42.6827],[142.5759,42.6848],[142.5739,42.6875],[142.5729,42.6896],[142.5718,42.6917],[142.5713,42.6944],[142.5709,42.6969],[142.5711,42.7],[142.5713,42.7032],[142.5695,42.7064],[142.5682,42.7088],[142.5665,42.7118],[142.567,42.7154],[142.5673,42.7176],[142.5679,42.7208],[142.5681,42.722],[142.5686,42.7247],[142.5699,42.7263],[142.5714,42.7281],[142.5728,42.7297],[142.5743,42.7315],[142.5723,42.7342],[142.5697,42.7376],[142.5672,42.7403],[142.5652,42.7423],[142.5636,42.7445],[142.5615,42.7471],[142.5615,42.7494],[142.5614,42.751],[142.5613,42.7547],[142.5618,42.7576],[142.5621,42.7597],[142.5627,42.7617],[142.5637,42.7652],[142.5643,42.7672],[142.5649,42.7702],[142.5656,42.7728],[142.5665,42.7764],[142.567,42.7783],[142.5664,42.7804],[142.566,42.7821],[142.5653,42.7845],[142.5629,42.7865],[142.561,42.7882],[142.5593,42.7896],[142.5574,42.7911],[142.5579,42.7948],[142.5583,42.7974],[142.5585,42.7993],[142.5589,42.8026],[142.5591,42.8043],[142.5583,42.8067],[142.5575,42.8094],[142.5569,42.8109],[142.5561,42.8134],[142.5542,42.8149],[142.5526,42.8164],[142.5507,42.818],[142.5503,42.8204],[142.5498,42.8236],[142.5494,42.8259],[142.5497,42.8284],[142.55,42.8305],[142.5504,42.8338],[142.5507,42.8367],[142.5489,42.8384],[142.5479,42.8395],[142.5459,42.8414],[142.5445,42.8428],[142.5429,42.8444],[142.5427,42.8483],[142.5426,42.8504],[142.5424,42.8541],[142.5422,42.858],[142.542,42.8612],[142.5419,42.864],[142.5417,42.8666],[142.5416,42.8692],[142.5433,42.8719],[142.5446,42.874],[142.5459,42.8759],[142.5448,42.8785],[142.5436,42.8815],[142.5428,42.8836],[142.5442,42.8867],[142.5447,42.8879],[142.5466,42.8882],[142.5501,42.8888],[142.5531,42.8894],[142.5558,42.8899],[142.559,42.8905],[142.5639,42.8913],[142.5664,42.8917],[142.5689,42.8937],[142.5718,42.8958],[142.5738,42.8974],[142.5762,42.8988],[142.5776,42.8997],[142.5795,42.9009],[142.5814,42.9021],[142.5838,42.9044],[142.5861,42.9065],[142.5879,42.9082],[142.5897,42.9099],[142.5904,42.9115],[142.5925,42.9143],[142.5919,42.9164],[142.5909,42.9197],[142.59,42.9229],[142.5903,42.9261],[142.5905,42.9284],[142.5906,42.9302],[142.5921,42.9341],[142.5933,42.9369],[142.5947,42.9404],[142.5949,42.9439],[142.5994,42.945],[142.6017,42.9471],[142.6035,42.9476],[142.6073,42.9494],[142.6121,42.9493],[142.6106,42.9459]]},"properties":{"name":"\u65e5\u52dd\u5e79\u7dda","loading_pct":32.9,"p_mw":159.9}},{"type":"Feature","geometry":{"type":"LineString","coordinates":[[142.5777,42.4762],[142.5736,42.4762],[142.5727,42.4747],[142.5711,42.472],[142.5687,42.4681],[142.5677,42.464],[142.5674,42.4615],[142.5637,42.4613],[142.5604,42.4613],[142.5588,42.458],[142.56,42.4561],[142.5616,42.4543],[142.564,42.4513],[142.5657,42.4496],[142.5659,42.4459],[142.566,42.4432],[142.5661,42.4399],[142.5662,42.4367],[142.5663,42.4323],[142.5645,42.4281],[142.5635,42.426],[142.5625,42.4237],[142.5614,42.4211],[142.5612,42.4187],[142.5611,42.4162],[142.5628,42.4145],[142.5647,42.4117],[142.5652,42.412]]},"properties":{"name":"\u5317\u6d77\u9053\u96fb\u529b\u30cd\u30c3\u30c8\u30ef\u30fc\u30af 187.0kV\u7dda","loading_pct":8.3,"p_mw":40.4}},{"type":"Feature","geometry":{"type":"LineString","coordinates":[[142.5777,42.4762],[142.6325,42.4585],[142.6292,42.4607],[142.6235,42.4607],[142.6192,42.4607],[142.6152,42.4624],[142.6121,42.4636],[142.6084,42.4652],[142.6046,42.4667],[142.6017,42.4678],[142.6001,42.4696],[142.5977,42.4726],[142.5938,42.473],[142.5912,42.4743],[142.5891,42.4754],[142.5868,42.4765],[142.5832,42.4769],[142.5807,42.4772],[142.5781,42.4782],[142.5746,42.4789],[142.5722,42.4792],[142.5691,42.4795],[142.5646,42.4802],[142.5615,42.4813],[142.5594,42.4822],[142.5569,42.4832],[142.5551,42.4846],[142.5528,42.4867],[142.55,42.4889],[142.5475,42.4909],[142.5456,42.4925],[142.5446,42.4928],[142.5431,42.4934],[142.5386,42.4951],[142.5336,42.497],[142.5283,42.499],[142.5264,42.4998],[142.5243,42.5019],[142.5206,42.5055],[142.5175,42.5105]]},"properties":{"name":"\u9ad8\u898b\u7dda","loading_pct":0.5,"p_mw":2.6}},{"type":"Feature","geometry":{"type":"LineString","coordinates":[[142.7691,42.1809],[142.7689,42.1803],[142.7689,42.1798],[142.7697,42.1787],[142.77,42.178],[142.7709,42.1767],[142.7718,42.1756],[142.7732,42.1744],[142.7738,42.1735],[142.7743,42.1729],[142.7748,42.1722],[142.7756,42.1712],[142.7758,42.1699],[142.7773,42.1694],[142.7783,42.1688],[142.7797,42.1687],[142.7809,42.169],[142.7816,42.1685],[142.7824,42.168],[142.783,42.1679],[142.784,42.1677],[142.7853,42.1673],[142.7863,42.1671],[142.7876,42.1668],[142.7886,42.1669],[142.7903,42.1671],[142.7914,42.1673],[142.7927,42.1674],[142.7938,42.1676],[142.7948,42.1677],[142.7958,42.1678],[142.7969,42.168],[142.798,42.1681],[142.7991,42.1679],[142.8005,42.1677],[142.801,42.1676],[142.8015,42.1675],[142.8025,42.1673],[142.8032,42.1671],[142.8054,42.1666],[142.8076,42.1661],[142.8084,42.1659],[142.8098,42.1656],[142.8124,42.165],[142.813,42.1648],[142.8141,42.1646],[142.8152,42.1643],[142.8168,42.1639],[142.8176,42.1638],[142.8191,42.1634],[142.8204,42.1631],[142.822,42.1628],[142.8234,42.1625],[142.8269,42.1615],[142.8285,42.1611],[142.8297,42.1607],[142.8307,42.1604],[142.8318,42.1601],[142.8328,42.1598],[142.8339,42.1595],[142.8352,42.1591],[142.8364,42.1588],[142.8374,42.1585],[142.8383,42.1583],[142.839,42.158],[142.8396,42.1579],[142.8407,42.1576],[142.8418,42.1573],[142.8428,42.157],[142.8434,42.1568],[142.8444,42.1565],[142.8453,42.1562],[142.8469,42.1557],[142.8484,42.1551],[142.8533,42.1537],[142.8549,42.1535],[142.8558,42.1532],[142.8568,42.1529],[142.8577,42.1527],[142.8589,42.1523],[142.86,42.152],[142.8612,42.1517],[142.8625,42.1513],[142.8636,42.151],[142.8642,42.1508],[142.8656,42.1504],[142.8662,42.1503],[142.8669,42.1501],[142.8684,42.1497],[142.8695,42.1494],[142.8707,42.1491],[142.8713,42.1489],[142.8723,42.1487],[142.873,42.1485],[142.874,42.1482],[142.8749,42.148],[142.8762,42.1477],[142.8774,42.1473],[142.8787,42.147],[142.8797,42.1467],[142.8806,42.1465],[142.8813,42.1463],[142.8824,42.1461],[142.8838,42.1457],[142.885,42.1454],[142.8862,42.1451],[142.8868,42.145],[142.8881,42.1447],[142.8904,42.1442],[142.8913,42.144],[142.8933,42.1435],[142.895,42.1431],[142.8959,42.1429],[142.8984,42.1423],[142.9003,42.1419],[142.9022,42.1414],[142.9032,42.1412],[142.9048,42.1408],[142.9067,42.1403],[142.9083,42.1399],[142.9098,42.1396],[142.9109,42.1392],[142.9127,42.1389],[142.9138,42.1386],[142.9133,42.1382],[142.9128,42.1377],[142.9123,42.1373],[142.9119,42.1372],[142.9116,42.137]]},"properties":{"name":"\u69d8\u4f3c\u7dda","loading_pct":20.8,"p_mw":7.1}},{"type":"Feature","geometry":{"type":"LineString","coordinates":[[141.6666,42.6594],[141.666,42.6598],[141.6645,42.6623],[141.6646,42.6628]]},"properties":{"name":"\u52c7\u6255\u5909\u96fb\u6240~\u660e\u91ce\u5143\u753a\u4e00\u4e01\u76ee\u5909\u96fb\u6240\u7dda","loading_pct":10.4,"p_mw":7.1}},{"type":"Feature","geometry":{"type":"LineString","coordinates":[[142.3715,42.7604],[142.3719,42.761],[142.371,42.7612],[142.3662,42.7559],[142.364,42.7482],[142.3573,42.7389],[142.3499,42.731],[142.3471,42.73],[142.3421,42.7282],[142.3392,42.7272],[142.3367,42.7263],[142.334,42.7254],[142.3296,42.7238],[142.3273,42.723],[142.3249,42.7222],[142.3216,42.7213],[142.3167,42.72],[142.3103,42.7183],[142.3054,42.717],[142.3024,42.7162],[142.2912,42.7261]]},"properties":{"name":"\u5ca9\u77e5\u5fd7\u7dda","loading_pct":1.5,"p_mw":-1.0}},{"type":"Feature","geometry":{"type":"LineString","coordinates":[[142.7691,42.1809],[142.7692,42.1807],[142.7694,42.1804],[142.7701,42.18],[142.7719,42.1791],[142.7734,42.1784],[142.7764,42.177],[142.7784,42.1761],[142.7815,42.1747],[142.7827,42.1741],[142.7845,42.1733],[142.7862,42.1732],[142.7898,42.1732],[142.7932,42.1731],[142.7945,42.1731],[142.7981,42.173],[142.8009,42.1729],[142.8025,42.1729],[142.8034,42.1732],[142.8041,42.1734],[142.8057,42.1728],[142.8069,42.1728],[142.8077,42.1728],[142.8085,42.1728],[142.8117,42.1727],[142.8129,42.1725],[142.8164,42.1719],[142.817,42.1718],[142.8184,42.1716],[142.8187,42.1715],[142.8191,42.1714],[142.8224,42.1702],[142.8227,42.1701],[142.8255,42.1692],[142.8264,42.1689],[142.8277,42.1684],[142.8309,42.1673],[142.8341,42.1662],[142.8355,42.1657],[142.8363,42.1654],[142.8373,42.165],[142.8384,42.1644],[142.8394,42.1639],[142.8403,42.1635],[142.8412,42.163],[142.8422,42.1625],[142.8432,42.1621],[142.844,42.1615],[142.8445,42.1611],[142.8451,42.1606],[142.8459,42.1602],[142.8466,42.1598],[142.8474,42.1594],[142.8481,42.159],[142.8496,42.1588],[142.855,42.1589],[142.8565,42.1588],[142.8571,42.1588],[142.8589,42.1588],[142.8598,42.1588],[142.8607,42.1587],[142.861,42.1587],[142.8613,42.1587],[142.8622,42.1586],[142.8656,42.1581],[142.8687,42.1576],[142.8694,42.1573],[142.8714,42.1565],[142.8722,42.1562],[142.873,42.1559],[142.8746,42.1552],[142.8762,42.1546],[142.8778,42.154],[142.8788,42.1536],[142.8797,42.1533],[142.8809,42.1528],[142.882,42.1524],[142.8827,42.1521],[142.8843,42.1515],[142.8872,42.1503],[142.8901,42.1498],[142.8918,42.1495],[142.8929,42.1493],[142.8953,42.1488],[142.8975,42.1484],[142.8997,42.1479],[142.9022,42.1468],[142.9042,42.1459],[142.9071,42.1446],[142.9075,42.1444],[142.9087,42.1438],[142.9096,42.1434],[142.9107,42.1429],[142.9123,42.1422],[142.9132,42.1418],[142.9141,42.1414],[142.9151,42.1409],[142.9162,42.1404],[142.9174,42.1399],[142.9183,42.1395],[142.9209,42.1383],[142.9232,42.1373],[142.9245,42.1367],[142.9264,42.1363],[142.9292,42.1359],[142.9325,42.1353],[142.9348,42.134],[142.9359,42.133],[142.9374,42.1323],[142.9387,42.1317],[142.9394,42.1315],[142.9404,42.1313],[142.9412,42.131],[142.9416,42.1304],[142.9424,42.1297],[142.9433,42.1295],[142.9444,42.1293],[142.9442,42.1285],[142.945,42.1286],[142.9464,42.1286],[142.9474,42.1283],[142.9481,42.128],[142.9489,42.1278],[142.9497,42.1275],[142.9503,42.1271],[142.952,42.1264],[142.953,42.1258],[142.9545,42.1251],[142.9552,42.1247],[142.9558,42.1245],[142.9562,42.1243],[142.9576,42.1238],[142.9601,42.1222],[142.9613,42.1218],[142.962,42.1216],[142.9632,42.1212],[142.9639,42.1209],[142.9651,42.1204],[142.9663,42.12],[142.9672,42.1196],[142.9688,42.119],[142.9701,42.1185],[142.9709,42.1182],[142.9721,42.1177],[142.973,42.1173],[142.974,42.1169],[142.975,42.1166],[142.9759,42.1162],[142.9769,42.1158],[142.9779,42.1154],[142.979,42.115],[142.9798,42.1147],[142.9812,42.1141],[142.9818,42.1139],[142.9824,42.1136],[142.9837,42.1132],[142.9846,42.1129],[142.9854,42.1125],[142.9864,42.1122],[142.9881,42.1115],[142.9894,42.1111],[142.9902,42.1108],[142.9918,42.1101],[142.9926,42.1098],[142.9936,42.1095],[142.9952,42.1089],[142.9963,42.1085],[142.9971,42.1081],[142.9981,42.1078],[142.9991,42.1074],[143.0001,42.107],[143.0011,42.1067],[143.0024,42.1062],[143.0036,42.1057],[143.0044,42.1054],[143.0057,42.105],[143.007,42.1044],[143.0078,42.1041],[143.0082,42.104],[143.009,42.1037],[143.0098,42.1034],[143.0105,42.1032],[143.0117,42.1027],[143.0128,42.1022],[143.0141,42.1018],[143.0149,42.1015],[143.0157,42.1012],[143.0166,42.1008],[143.0173,42.1006],[143.0183,42.1002],[143.0193,42.0998],[143.0203,42.0994],[143.0212,42.0991],[143.0222,42.0987],[143.0229,42.0985],[143.0237,42.0981],[143.0249,42.0977],[143.0262,42.0973],[143.0276,42.0961],[143.028,42.0954],[143.0285,42.0948],[143.029,42.0941],[143.0293,42.0935],[143.0298,42.0928],[143.0303,42.0921],[143.0307,42.0915],[143.031,42.091],[143.0313,42.0904],[143.0317,42.0899],[143.0321,42.0892],[143.0325,42.0886],[143.033,42.0881],[143.0339,42.0876],[143.0348,42.0871],[143.0361,42.0866],[143.037,42.0862],[143.0374,42.086],[143.0381,42.0856],[143.0385,42.0855],[143.0391,42.0852],[143.0397,42.085],[143.0402,42.0846],[143.0406,42.0842],[143.0355,42.0787]]},"properties":{"name":"\u6d66\u6cb3\u6771\u7dda","loading_pct":17.6,"p_mw":12.1}},{"type":"Feature","geometry":{"type":"LineString","coordinates":[[142.3728,42.3476],[142.3727,42.3474],[142.3724,42.3476],[142.3721,42.3476],[142.3699,42.3493],[142.368,42.3506],[142.3664,42.3521],[142.3643,42.3536],[142.3614,42.3524],[142.3587,42.3512],[142.3577,42.3517],[142.3567,42.3521],[142.3559,42.3524],[142.3551,42.3528],[142.3542,42.3531],[142.3532,42.3531],[142.3522,42.353],[142.3512,42.3529],[142.3503,42.3527],[142.3496,42.3525],[142.3476,42.3519],[142.3467,42.3517],[142.3456,42.3514],[142.3444,42.3511],[142.3432,42.3508],[142.3419,42.3509],[142.3409,42.3509],[142.34,42.351],[142.3392,42.3512],[142.3385,42.3515],[142.3376,42.3518],[142.3366,42.3522],[142.3355,42.3526],[142.3344,42.353],[142.3336,42.3535],[142.3329,42.3541],[142.3322,42.3547],[142.3316,42.355],[142.331,42.3555],[142.3303,42.356],[142.3296,42.3566],[142.3287,42.3572],[142.3279,42.3579],[142.3272,42.3584],[142.3264,42.359],[142.3257,42.3595],[142.3243,42.3606],[142.3237,42.361],[142.3237,42.3616],[142.3236,42.3623],[142.3226,42.3626],[142.3217,42.3631],[142.3207,42.3636],[142.3197,42.3641],[142.3188,42.3647],[142.3179,42.3654],[142.3172,42.366],[142.3166,42.3665],[142.316,42.3672],[142.3147,42.3679],[142.3139,42.369],[142.3133,42.3697],[142.3119,42.3703],[142.3088,42.3716],[142.3081,42.3719],[142.3072,42.3723],[142.3063,42.3726],[142.3051,42.3732],[142.3042,42.3736],[142.3032,42.3738],[142.3022,42.374],[142.3012,42.3751],[142.2996,42.376],[142.2983,42.3763],[142.2974,42.3767],[142.2965,42.3772],[142.2959,42.3775],[142.2958,42.3781],[142.2957,42.3789],[142.2957,42.3798],[142.2951,42.3798],[142.2942,42.3799],[142.293,42.38],[142.2923,42.38],[142.2916,42.3804],[142.2907,42.381],[142.2898,42.3817],[142.2888,42.3824],[142.2882,42.3828],[142.2868,42.3838],[142.286,42.3844],[142.285,42.3848],[142.2839,42.3852],[142.2825,42.3858],[142.2816,42.3861],[142.2806,42.3865],[142.2794,42.387],[142.2784,42.3873],[142.2774,42.3878],[142.2767,42.388],[142.2761,42.3883],[142.2753,42.3886],[142.2744,42.3889],[142.2736,42.3892],[142.2726,42.3896],[142.2716,42.39],[142.2709,42.3908],[142.2701,42.3916],[142.2693,42.3925],[142.2687,42.3931],[142.2681,42.3938],[142.2676,42.3944],[142.2671,42.3951],[142.2664,42.3958],[142.2658,42.3965],[142.2651,42.3973],[142.2645,42.3981],[142.2635,42.3993],[142.2628,42.4001],[142.2616,42.4012],[142.2603,42.4026],[142.2596,42.4038],[142.2591,42.4044],[142.2585,42.4052],[142.258,42.4059],[142.2574,42.4067],[142.2568,42.4075],[142.2561,42.4083],[142.2556,42.4091],[142.2551,42.4098],[142.2545,42.4106],[142.254,42.4114],[142.2533,42.4122],[142.2527,42.413],[142.2521,42.4138],[142.2515,42.4146],[142.2508,42.4155],[142.2503,42.4162],[142.2498,42.417],[142.2492,42.4178],[142.2484,42.4183],[142.2476,42.4188],[142.2469,42.4194],[142.2461,42.4199],[142.2459,42.4208],[142.2453,42.4219],[142.2447,42.4226],[142.2441,42.4235],[142.2427,42.4248],[142.2409,42.4267],[142.2383,42.4278],[142.2376,42.4277]]},"properties":{"name":"\u65e5\u9ad8\u7dda","loading_pct":15.9,"p_mw":-5.4}},{"type":"Feature","geometry":{"type":"LineString","coordinates":[[142.0338,42.5234],[142.053,42.5206],[142.0575,42.5211],[142.0587,42.5209],[142.0604,42.5207],[142.0623,42.5204],[142.0643,42.5201],[142.0657,42.5199],[142.0666,42.5197],[142.0675,42.5196],[142.0687,42.5195],[142.0706,42.5191],[142.0722,42.5189],[142.0734,42.5189],[142.0739,42.5187],[142.0754,42.5184],[142.0764,42.5183],[142.0776,42.5181],[142.0789,42.5179],[142.0803,42.5177],[142.081,42.5176],[142.0826,42.5173],[142.0845,42.5171],[142.0862,42.5168],[142.0872,42.5167],[142.0886,42.5164],[142.0898,42.5163],[142.0914,42.516],[142.0932,42.5157],[142.0951,42.5155],[142.0964,42.5153],[142.0979,42.515],[142.0992,42.5148],[142.1006,42.5146],[142.1016,42.5145],[142.1025,42.5143],[142.1044,42.5138],[142.1063,42.5133],[142.1077,42.5129],[142.1095,42.5124],[142.1114,42.5119],[142.1129,42.5115],[142.1136,42.5113],[142.1143,42.5111],[142.1155,42.5108],[142.117,42.5104],[142.1182,42.51],[142.1203,42.5095],[142.1212,42.5092],[142.1225,42.5089],[142.1237,42.5086],[142.1251,42.5082],[142.1267,42.5077],[142.1278,42.5074],[142.129,42.5071],[142.1303,42.5067],[142.1314,42.5064],[142.1331,42.5059],[142.1341,42.5058],[142.1354,42.5056],[142.1371,42.5054],[142.1387,42.5052],[142.1402,42.505],[142.1415,42.5048],[142.1428,42.5046],[142.1442,42.5044],[142.1463,42.5041],[142.1478,42.5038],[142.149,42.5037],[142.1501,42.5035],[142.1552,42.5028],[142.157,42.5025],[142.1582,42.5023],[142.1594,42.5022],[142.1604,42.502],[142.1623,42.5017],[142.1634,42.5016],[142.1651,42.5013],[142.1669,42.5011],[142.1684,42.5008],[142.1695,42.5007],[142.1709,42.5005],[142.1723,42.5003],[142.1732,42.5001],[142.1745,42.5],[142.1756,42.4998],[142.1774,42.4995],[142.179,42.4993],[142.1798,42.4992],[142.1821,42.4988],[142.1837,42.4986],[142.1859,42.4983],[142.1876,42.4979],[142.1888,42.4971],[142.1901,42.4968],[142.1912,42.4969],[142.1931,42.4963],[142.1943,42.4959],[142.1956,42.4955],[142.1971,42.4951],[142.1985,42.4946],[142.2006,42.494],[142.203,42.4932],[142.2043,42.4929],[142.2056,42.4925],[142.2071,42.492],[142.2082,42.4917],[142.2096,42.4912],[142.2115,42.4907],[142.2126,42.4903],[142.2147,42.4897],[142.216,42.4893],[142.2173,42.4889],[142.2184,42.4886],[142.2193,42.4883],[142.2206,42.4879],[142.2224,42.4873],[142.2246,42.4867],[142.2261,42.4862],[142.2286,42.4855],[142.2298,42.4851],[142.2311,42.4847],[142.2328,42.4842],[142.2347,42.4837],[142.2359,42.4833],[142.2376,42.4828],[142.2392,42.4824],[142.2416,42.4817],[142.2428,42.4813],[142.2446,42.4806],[142.2472,42.4796],[142.2485,42.4791],[142.2496,42.4786],[142.2505,42.4783],[142.2515,42.4779],[142.2534,42.4771],[142.256,42.4761],[142.2569,42.4757],[142.2589,42.4749],[142.261,42.4741],[142.2618,42.4738],[142.2643,42.4728],[142.2667,42.4719],[142.269,42.4709],[142.2698,42.4706],[142.2712,42.4701],[142.2727,42.4695],[142.2743,42.4689],[142.2764,42.468],[142.2773,42.4677],[142.2781,42.4674],[142.2795,42.4668],[142.2808,42.4663],[142.2833,42.4656],[142.2855,42.4649],[142.2867,42.4646],[142.2882,42.4642],[142.2896,42.4638],[142.2919,42.4632],[142.2967,42.4618],[142.3015,42.4604],[142.3028,42.4601],[142.3043,42.4597],[142.3056,42.4593],[142.3071,42.4589],[142.3081,42.4586],[142.3095,42.4582],[142.3109,42.4578],[142.3123,42.4574],[142.3137,42.4571],[142.3159,42.4572],[142.3175,42.4573],[142.3188,42.4578],[142.3206,42.4585],[142.322,42.4591],[142.3231,42.4595],[142.3241,42.4599],[142.3252,42.4603],[142.3263,42.4608],[142.3305,42.4625],[142.3333,42.4635],[142.3357,42.4645],[142.3378,42.4653],[142.3408,42.4665],[142.3439,42.4678],[142.3482,42.4695],[142.3509,42.4705],[142.3544,42.4719],[142.3599,42.4742],[142.3633,42.4756],[142.3669,42.477],[142.3679,42.4774],[142.3688,42.4778],[142.3703,42.4784],[142.3715,42.4789],[142.3728,42.4794],[142.3738,42.4798],[142.3749,42.4803],[142.376,42.4807],[142.3775,42.4813],[142.3793,42.482],[142.3808,42.4826],[142.382,42.4831],[142.3834,42.4837],[142.3849,42.4843],[142.3866,42.485],[142.3882,42.4856],[142.3891,42.486],[142.3901,42.4865],[142.3912,42.4869],[142.3923,42.4873],[142.3934,42.4878],[142.3947,42.4883],[142.3957,42.4887],[142.3968,42.4891],[142.3978,42.4896],[142.3991,42.4901],[142.4006,42.4908],[142.4019,42.4915],[142.4032,42.4921],[142.4045,42.4927],[142.406,42.493],[142.4076,42.4933],[142.4088,42.4935],[142.4096,42.4936],[142.4109,42.4938],[142.4131,42.4946],[142.4143,42.4948],[142.4156,42.4953],[142.4167,42.4957],[142.4178,42.4961],[142.4187,42.4964],[142.4196,42.4966],[142.4205,42.497],[142.4216,42.4973],[142.4229,42.4978],[142.424,42.4982],[142.4252,42.4986],[142.4264,42.499],[142.4279,42.4995],[142.4291,42.4996],[142.4307,42.4997],[142.4322,42.4998],[142.4336,42.4999],[142.4375,42.5002],[142.4423,42.5006],[142.4444,42.5008],[142.446,42.5009],[142.447,42.501],[142.4482,42.5011],[142.4567,42.5022]]},"properties":{"name":"\u5ca9\u6e05\u6c34\u7dda","loading_pct":0.8,"p_mw":-0.5}},{"type":"Feature","geometry":{"type":"LineString","coordinates":[[142.4567,42.5022],[142.4567,42.5019],[142.4573,42.5013],[142.458,42.5007],[142.4591,42.5002],[142.4596,42.4993],[142.459,42.4984],[142.4584,42.4976],[142.4579,42.4967],[142.4579,42.4958],[142.4581,42.4949],[142.4583,42.4939],[142.4584,42.493],[142.4585,42.4922],[142.4586,42.4919],[142.4587,42.4913],[142.4589,42.4906],[142.459,42.4898],[142.4595,42.4891],[142.46,42.4885],[142.4605,42.4878],[142.461,42.487],[142.4616,42.4863],[142.4621,42.4856],[142.4622,42.485],[142.4624,42.4842],[142.4628,42.4823],[142.4629,42.4814],[142.4633,42.4805],[142.4637,42.4796],[142.4641,42.4786],[142.4645,42.4777],[142.4649,42.4769],[142.4653,42.4761],[142.4656,42.4753],[142.466,42.4746],[142.4663,42.4738],[142.4666,42.4729],[142.4671,42.4721],[142.4676,42.471],[142.4681,42.4699],[142.4686,42.4688],[142.4691,42.4676],[142.4696,42.4666],[142.4702,42.4651],[142.4706,42.4644],[142.4712,42.4637],[142.4716,42.4632],[142.4726,42.4622],[142.4735,42.4611],[142.4745,42.4599],[142.4753,42.459],[142.4761,42.4582],[142.4768,42.4574],[142.4775,42.4567],[142.4782,42.4559],[142.4792,42.4547],[142.4797,42.4541],[142.4807,42.4531],[142.4813,42.4525],[142.4823,42.4513],[142.4829,42.4506],[142.4837,42.4497],[142.4846,42.4485],[142.4853,42.4475],[142.4861,42.4464],[142.4869,42.4453],[142.4878,42.4441],[142.4883,42.4433],[142.4889,42.4426],[142.4898,42.4413],[142.4907,42.44],[142.4916,42.4389],[142.4922,42.4379],[142.4932,42.4375],[142.4941,42.4375],[142.4951,42.4374],[142.4988,42.4376],[142.4997,42.4375],[142.5012,42.4361],[142.502,42.4353],[142.5029,42.4346],[142.5038,42.4337],[142.5044,42.4331],[142.5056,42.4321],[142.5062,42.4315],[142.5073,42.4305],[142.5086,42.4294],[142.5093,42.4287],[142.51,42.4281],[142.5106,42.4276],[142.5112,42.427],[142.5117,42.4265],[142.5127,42.4262],[142.5138,42.4259],[142.5153,42.4255],[142.5166,42.4251],[142.5182,42.4247],[142.5192,42.4244],[142.5202,42.4241],[142.5213,42.4238],[142.5221,42.4236],[142.5229,42.4233],[142.5238,42.4231],[142.5246,42.4229],[142.5256,42.423],[142.5274,42.4233],[142.5285,42.4235],[142.5299,42.4237],[142.5313,42.4239],[142.5326,42.4241],[142.5335,42.4247],[142.5344,42.4252],[142.5353,42.4253],[142.5362,42.4254],[142.5369,42.4254],[142.5385,42.4253],[142.5396,42.4256],[142.5433,42.4242],[142.5434,42.4234],[142.5436,42.4225],[142.5448,42.4218],[142.5464,42.4209],[142.548,42.4198],[142.5474,42.4193],[142.5465,42.4187],[142.5458,42.4188]]},"properties":{"name":"\u65b0\u51a0\u753a\u5909\u96fb\u6240~\u65b0\u3072\u3060\u304b\u753a\u5909\u96fb\u6240\u7dda","loading_pct":14.0,"p_mw":9.6}},{"type":"Feature","geometry":{"type":"LineString","coordinates":[[142.3728,42.3476],[142.3812,42.3436],[142.3781,42.3409],[142.3769,42.339],[142.3763,42.338],[142.3814,42.3355],[142.3869,42.3327],[142.3877,42.3323],[142.3882,42.3316],[142.3886,42.3311],[142.3891,42.3305],[142.3895,42.3299],[142.3901,42.3292],[142.3906,42.3285],[142.3911,42.3278],[142.3915,42.3273],[142.3921,42.3265],[142.3926,42.3258],[142.3938,42.3243],[142.3948,42.323],[142.3952,42.3225],[142.3958,42.3216],[142.3969,42.3213],[142.3984,42.3207],[142.4008,42.32],[142.4032,42.3193],[142.405,42.3188],[142.4058,42.3186],[142.407,42.3182],[142.4093,42.3176],[142.4105,42.3172],[142.4116,42.3169],[142.4126,42.3166],[142.4143,42.3161],[142.4155,42.3159],[142.4166,42.3156],[142.4174,42.3154],[142.4184,42.3152],[142.4196,42.3149],[142.4217,42.3144],[142.4231,42.3141],[142.424,42.3139],[142.4247,42.3137],[142.4264,42.3137],[142.4272,42.3135],[142.4292,42.3127],[142.4309,42.3123],[142.433,42.3118],[142.4357,42.3112],[142.4365,42.311],[142.4379,42.3111],[142.4383,42.3112],[142.4393,42.3114],[142.4405,42.3116],[142.4428,42.3105],[142.4431,42.3095],[142.4441,42.3093],[142.4449,42.3091],[142.4458,42.3088],[142.4469,42.3085],[142.4477,42.3084],[142.4495,42.3081],[142.4515,42.3079],[142.4528,42.3083],[142.4534,42.3076],[142.4539,42.307],[142.4544,42.3064],[142.455,42.3057],[142.4553,42.3051],[142.4556,42.3044],[142.4562,42.3028],[142.4564,42.3016],[142.4569,42.3012]]},"properties":{"name":"\u65e5\u9ad8\u7dda","loading_pct":53.4,"p_mw":18.3}},{"type":"Feature","geometry":{"type":"LineString","coordinates":[[142.4569,42.3012],[142.4568,42.3011],[142.4572,42.3003],[142.4575,42.2998],[142.4579,42.2987],[142.4591,42.2973],[142.4598,42.2962],[142.4605,42.2953],[142.4615,42.2948],[142.4625,42.2942],[142.4632,42.2939],[142.4648,42.2932],[142.465,42.2926],[142.4654,42.2916],[142.4665,42.2908],[142.4673,42.2902],[142.4681,42.2896],[142.4691,42.2889],[142.4698,42.2883],[142.4709,42.2874],[142.4721,42.2865],[142.4734,42.2856],[142.4746,42.2846],[142.4757,42.2838],[142.4766,42.2834],[142.4776,42.2829],[142.4782,42.2827],[142.4795,42.2819],[142.4802,42.2814],[142.4813,42.2809],[142.4823,42.2803],[142.4831,42.2798],[142.4841,42.2793],[142.4851,42.2788],[142.4863,42.2781],[142.487,42.2778],[142.4882,42.2772],[142.4894,42.2765],[142.4899,42.2763],[142.4911,42.2756],[142.4921,42.275],[142.4933,42.2744],[142.495,42.2735],[142.4958,42.2731],[142.4967,42.2726],[142.4985,42.2717],[142.5,42.2709],[142.5008,42.2704],[142.5019,42.2703],[142.5031,42.2702],[142.5042,42.27],[142.5059,42.27],[142.5073,42.2699],[142.5086,42.2699],[142.5096,42.2698],[142.5105,42.2698],[142.5116,42.2697],[142.5128,42.2697],[142.5139,42.2696],[142.5153,42.2695],[142.5164,42.2694],[142.5175,42.2694],[142.5185,42.2693],[142.5195,42.2692],[142.5204,42.269],[142.5209,42.2686],[142.5219,42.268],[142.5231,42.2674],[142.5236,42.267],[142.5245,42.2665],[142.5251,42.2661],[142.5262,42.2657],[142.5265,42.2655],[142.5279,42.2651],[142.5283,42.2648],[142.5296,42.2643],[142.5307,42.2639],[142.5317,42.2633],[142.5332,42.2629],[142.5337,42.2627],[142.535,42.2621],[142.536,42.2617],[142.5373,42.2611],[142.5381,42.2604],[142.54,42.2598],[142.5411,42.2592],[142.542,42.2588],[142.5425,42.2585],[142.5435,42.258],[142.5444,42.2576],[142.5453,42.2571],[142.546,42.2567],[142.5469,42.2563],[142.5479,42.2558],[142.5488,42.2553],[142.5497,42.2549],[142.5505,42.2544],[142.5508,42.2535],[142.5519,42.2538],[142.5521,42.2534]]},"properties":{"name":"\u65e5\u9ad8\u7dda","loading_pct":32.7,"p_mw":11.2}},{"type":"Feature","geometry":{"type":"LineString","coordinates":[[142.5521,42.2534],[142.5523,42.2534],[142.5535,42.2533],[142.5544,42.2533],[142.5553,42.2533],[142.5565,42.2532],[142.5572,42.2532],[142.5582,42.2531],[142.5592,42.2531],[142.5605,42.253],[142.5611,42.2529],[142.5618,42.2528],[142.5629,42.2527],[142.564,42.2526],[142.5651,42.2526],[142.5662,42.2525],[142.5673,42.2525],[142.5684,42.2524],[142.5693,42.2527],[142.5704,42.252],[142.5715,42.252],[142.5726,42.2521],[142.5735,42.2522],[142.5776,42.2515],[142.5788,42.2517],[142.5798,42.2517],[142.5808,42.2517],[142.5819,42.2516],[142.583,42.2516],[142.5841,42.2515],[142.5852,42.2515],[142.5863,42.2515],[142.5873,42.2514],[142.5885,42.2514],[142.5892,42.2514],[142.5898,42.2508],[142.5905,42.2503],[142.5911,42.2497],[142.5927,42.2504],[142.5937,42.2508],[142.5947,42.2512],[142.5956,42.2512],[142.5966,42.2513],[142.5975,42.2514],[142.5983,42.2515],[142.5992,42.2515],[142.6001,42.2516],[142.601,42.2517],[142.6019,42.2518],[142.6028,42.2519],[142.6037,42.2519],[142.6047,42.252],[142.6058,42.2521],[142.6068,42.2522],[142.6089,42.2524],[142.6106,42.2526],[142.6117,42.2526],[142.6125,42.2521],[142.6132,42.2517],[142.6139,42.2512],[142.6147,42.2508],[142.6156,42.2502],[142.6165,42.2497],[142.6174,42.2492],[142.6181,42.2482],[142.62,42.2478],[142.6216,42.2473],[142.6227,42.2471],[142.6235,42.2475],[142.6244,42.2471],[142.6253,42.2466],[142.6262,42.2461],[142.6274,42.246],[142.6283,42.2457],[142.6292,42.2454],[142.6302,42.245],[142.6303,42.2449]]},"properties":{"name":"\u65e5\u9ad8\u7dda","loading_pct":11.9,"p_mw":4.1}},{"type":"Feature","geometry":{"type":"LineString","coordinates":[[142.6303,42.2449],[142.6308,42.2447],[142.6337,42.2438],[142.6361,42.2431],[142.6371,42.2427],[142.6383,42.2423],[142.6395,42.2419],[142.6407,42.2415],[142.6418,42.2411],[142.6428,42.2406],[142.6439,42.2401],[142.6451,42.2395],[142.6463,42.239],[142.6474,42.2385],[142.6484,42.238],[142.6494,42.2376],[142.6504,42.2371],[142.6515,42.2366],[142.652,42.2363],[142.6534,42.2357],[142.655,42.235],[142.6569,42.2342],[142.6588,42.2333],[142.6596,42.2329],[142.6608,42.2324],[142.6616,42.232],[142.6628,42.2314],[142.6638,42.231],[142.6648,42.2305],[142.666,42.23],[142.6667,42.2297],[142.6679,42.2291],[142.6687,42.2287],[142.6694,42.2284],[142.6702,42.2281],[142.6704,42.228],[142.6718,42.2273],[142.6727,42.2269],[142.6738,42.2264],[142.6749,42.2259],[142.6764,42.2252],[142.6776,42.2246],[142.6786,42.2242],[142.6802,42.2232],[142.6813,42.2226],[142.6824,42.2219],[142.6835,42.2212],[142.6845,42.2206],[142.6855,42.2201],[142.6864,42.2195],[142.6873,42.2189],[142.6883,42.2184],[142.6894,42.218],[142.6904,42.2176],[142.6916,42.2172],[142.6926,42.2169],[142.6936,42.2165],[142.6945,42.2162],[142.6972,42.2153],[142.6982,42.215],[142.6992,42.2147],[142.7002,42.2143],[142.7013,42.214],[142.7023,42.2136],[142.7032,42.2132],[142.7054,42.2125],[142.7073,42.2118],[142.7096,42.2112],[142.7117,42.2105],[142.7126,42.2103],[142.714,42.2101],[142.7153,42.2098],[142.7182,42.2094],[142.7208,42.2089],[142.7228,42.2086],[142.7239,42.2084],[142.7251,42.2077],[142.7262,42.2076],[142.7271,42.2076],[142.728,42.2072],[142.7302,42.2063],[142.7313,42.2057],[142.7325,42.2052],[142.7336,42.2047],[142.7347,42.2043],[142.7357,42.2038],[142.7367,42.2034],[142.7377,42.2029],[142.7387,42.2025],[142.7398,42.202],[142.7407,42.2016],[142.7417,42.2011],[142.7428,42.2006],[142.7438,42.2002],[142.7453,42.1995],[142.7464,42.1989],[142.7474,42.1984],[142.7483,42.1979],[142.7493,42.1974],[142.7503,42.1969],[142.7527,42.1955],[142.7543,42.1946],[142.7561,42.1935],[142.7571,42.193],[142.758,42.1925],[142.7589,42.1919],[142.7598,42.1915],[142.7608,42.1909],[142.7615,42.1905],[142.7619,42.1899],[142.764,42.191],[142.7654,42.192],[142.7691,42.1809]]},"properties":{"name":"\u65e5\u9ad8\u7dda","loading_pct":2.9,"p_mw":-1.0}},{"type":"Feature","geometry":{"type":"LineString","coordinates":[[141.7811,42.7139],[141.7849,42.717],[141.7876,42.7167],[141.7914,42.7162],[141.7952,42.7157],[141.7988,42.7153],[141.802,42.7131],[141.8043,42.7112],[141.8083,42.7092],[141.8123,42.7072],[141.8168,42.7068],[141.8203,42.7056],[141.8239,42.7043],[141.8248,42.7015],[141.8258,42.6986],[141.827,42.696],[141.8273,42.6925],[141.8275,42.6886],[141.8278,42.685],[141.828,42.6825],[141.8282,42.6797],[141.8279,42.6763],[141.826,42.6734],[141.824,42.6705],[141.8208,42.669],[141.8177,42.6676],[141.8137,42.6658],[141.8105,42.6633],[141.8073,42.6604],[141.8061,42.6579],[141.8047,42.6551],[141.8036,42.6528],[141.8022,42.6498],[141.801,42.647],[141.8,42.6446],[141.7989,42.642],[141.8028,42.6407],[141.8051,42.6377],[141.8075,42.6343],[141.8086,42.6328],[141.8102,42.6299],[141.8073,42.6267],[141.8058,42.6232],[141.8042,42.6198],[141.8035,42.618],[141.8024,42.6152],[141.8035,42.612]]},"properties":{"name":"\u82eb\u6771\u539a\u771f\u7dda","loading_pct":35.2,"p_mw":-335.0}},{"type":"Feature","geometry":{"type":"LineString","coordinates":[[141.8015,42.6462],[141.8003,42.6472],[141.8014,42.6496],[141.803,42.653],[141.8041,42.6553],[141.8053,42.658],[141.8066,42.6607],[141.8066,42.665],[141.8045,42.6658],[141.8025,42.6666],[141.8004,42.6674],[141.7985,42.6681],[141.7962,42.6691],[141.7915,42.6708],[141.7889,42.6718],[141.7866,42.6727],[141.7838,42.674],[141.7797,42.6737],[141.7769,42.6735],[141.7741,42.6735],[141.7717,42.6736],[141.7688,42.6742],[141.758,42.6845]]},"properties":{"name":"Benten Substation~\u82eb\u5c0f\u7267\u5e02\u5909\u96fb\u6240\u7dda","loading_pct":49.9,"p_mw":34.2}},{"type":"Feature","geometry":{"type":"LineString","coordinates":[[143.0355,42.0787],[143.0363,42.0788],[143.037,42.0778],[143.0376,42.0776],[143.0386,42.0771],[143.0393,42.0768],[143.04,42.0765],[143.0416,42.0758],[143.042,42.0757],[143.0423,42.0755],[143.0427,42.0753],[143.0431,42.0752],[143.0437,42.0749],[143.0443,42.0747],[143.0449,42.0744],[143.0455,42.0741],[143.0472,42.0737],[143.0479,42.0735],[143.0497,42.0731],[143.0502,42.073],[143.0519,42.0726],[143.0531,42.0723],[143.0541,42.072],[143.0564,42.0715],[143.0576,42.0712],[143.059,42.0708],[143.0603,42.0705],[143.0619,42.0701],[143.0636,42.0696],[143.0642,42.0693],[143.0648,42.0689],[143.0653,42.0687],[143.0659,42.0684],[143.0669,42.068],[143.0677,42.0675],[143.0686,42.0671],[143.0695,42.0667],[143.07,42.0668],[143.0705,42.0669],[143.071,42.067],[143.0714,42.0671],[143.0719,42.0672],[143.0729,42.0673],[143.0736,42.0674],[143.0744,42.0675],[143.0754,42.0672],[143.0771,42.0666],[143.0782,42.0662],[143.0792,42.0659],[143.0802,42.0656],[143.0812,42.0652],[143.0817,42.0652],[143.0823,42.0652],[143.0827,42.0651],[143.0832,42.0651],[143.0836,42.0651],[143.0841,42.0651],[143.0853,42.065],[143.0865,42.065],[143.0872,42.0649],[143.0883,42.0649],[143.0886,42.0648],[143.0897,42.0648],[143.0907,42.0648],[143.0916,42.0643],[143.0926,42.0638],[143.0937,42.0633],[143.0947,42.0629],[143.0952,42.0627],[143.0958,42.0624],[143.0963,42.0621],[143.0967,42.0619],[143.0971,42.0617],[143.0975,42.0615],[143.0979,42.0613],[143.0986,42.061],[143.099,42.0608],[143.0995,42.0606],[143.1,42.0605],[143.1013,42.0601],[143.1024,42.0598],[143.1032,42.0596],[143.1038,42.0594],[143.1042,42.0593],[143.1048,42.0591],[143.1053,42.059],[143.1059,42.0588],[143.1063,42.0587],[143.1068,42.0586],[143.1074,42.0584],[143.1091,42.058],[143.1109,42.0575],[143.1116,42.0573],[143.1121,42.0571],[143.1137,42.0567],[143.1155,42.0562],[143.1162,42.056],[143.1174,42.0554],[143.1183,42.0549],[143.1198,42.0541],[143.1211,42.0535],[143.1215,42.0532],[143.1228,42.0526],[143.1238,42.0521],[143.1246,42.0516],[143.1258,42.051],[143.1267,42.0505],[143.128,42.0499],[143.1284,42.0496],[143.1293,42.0492],[143.1299,42.0489],[143.1305,42.048],[143.1313,42.0469],[143.1316,42.0466],[143.1318,42.0463],[143.1321,42.0459],[143.1324,42.0455],[143.1327,42.0452],[143.133,42.0448],[143.1335,42.044],[143.1339,42.0435],[143.1343,42.043],[143.1346,42.0425],[143.1349,42.0422],[143.1352,42.0418],[143.1355,42.0414],[143.1357,42.0411],[143.136,42.0407],[143.1364,42.0402],[143.137,42.0395],[143.1373,42.039],[143.1383,42.0377],[143.1387,42.0372],[143.1392,42.0366],[143.1394,42.0364],[143.1401,42.0354],[143.1407,42.0347],[143.1414,42.0338],[143.1426,42.0326],[143.143,42.0322],[143.1437,42.0316],[143.1446,42.0307],[143.145,42.0303],[143.146,42.0293],[143.1464,42.0289],[143.1475,42.028],[143.1479,42.0275],[143.1478,42.0269],[143.1485,42.0267],[143.1491,42.0267],[143.1491,42.0262]]},"properties":{"name":"\u3048\u308a\u3082\u7dda","loading_pct":20.8,"p_mw":7.1}},{"type":"Feature","geometry":{"type":"LineString","coordinates":[[142.7691,42.1809],[142.765,42.1947],[142.7632,42.1968],[142.7613,42.1992],[142.7578,42.2009],[142.7547,42.2024],[142.7517,42.2038],[142.7486,42.2054],[142.7458,42.2068],[142.7426,42.2084],[142.7393,42.21],[142.7369,42.2112],[142.7345,42.2132],[142.7322,42.2154],[142.7301,42.2173],[142.7283,42.2189],[142.7262,42.2209],[142.7241,42.2229],[142.7219,42.2249],[142.72,42.2267],[142.718,42.2286],[142.7149,42.2306],[142.7118,42.2326],[142.7086,42.2346],[142.7071,42.2358],[142.7046,42.2377],[142.7023,42.2395],[142.7013,42.2403],[142.6987,42.2423],[142.6965,42.2436],[142.6949,42.2449],[142.6943,42.2453],[142.6919,42.2471],[142.6897,42.2489],[142.6868,42.2509],[142.6851,42.2522],[142.6827,42.2538],[142.6797,42.2553],[142.6769,42.2567],[142.6739,42.2581],[142.6709,42.2598],[142.6678,42.2615],[142.6659,42.2626],[142.6638,42.2638],[142.6617,42.265],[142.6592,42.2664],[142.6568,42.2677],[142.654,42.2693],[142.6515,42.2707],[142.6496,42.2719],[142.6467,42.2736],[142.6436,42.2754],[142.6412,42.2775],[142.6389,42.2795],[142.6371,42.2811],[142.6349,42.2821],[142.6329,42.2832],[142.6307,42.2842],[142.6282,42.2855],[142.6252,42.287],[142.6225,42.2884],[142.6193,42.2896],[142.6169,42.2905],[142.6144,42.2915],[142.6123,42.2923],[142.6098,42.2933],[142.6075,42.2942],[142.6044,42.2954],[142.6015,42.297],[142.5994,42.298],[142.5973,42.2992],[142.5946,42.3007],[142.5929,42.3016],[142.5921,42.303],[142.591,42.3048],[142.5904,42.3072],[142.5898,42.3096],[142.5876,42.3119],[142.5856,42.3141],[142.5836,42.3157],[142.5814,42.3177],[142.5807,42.3191],[142.58,42.3207],[142.5792,42.3223],[142.5778,42.3227],[142.575,42.3236],[142.5725,42.3243],[142.5712,42.3247],[142.5682,42.3262],[142.5648,42.3258],[142.5619,42.3256],[142.5588,42.3253],[142.5572,42.3257],[142.5544,42.3269],[142.5528,42.3276],[142.5505,42.3287],[142.5483,42.3302],[142.5467,42.3315],[142.5448,42.3329],[142.5416,42.3339],[142.5391,42.3352],[142.5385,42.3374],[142.5365,42.3389],[142.5337,42.3401],[142.5319,42.3408],[142.5282,42.3416],[142.5261,42.3422],[142.5248,42.3431],[142.522,42.345],[142.5191,42.3468],[142.5166,42.3483],[142.5147,42.3493],[142.5129,42.3503],[142.5109,42.3514],[142.5088,42.3525],[142.5067,42.3534],[142.5047,42.3547],[142.5027,42.3558],[142.501,42.3567],[142.4999,42.3579],[142.4992,42.3608],[142.4985,42.3635],[142.4987,42.3651],[142.4989,42.3671],[142.4994,42.3685],[142.4996,42.3714],[142.5001,42.3746],[142.5006,42.3771],[142.501,42.38],[142.5018,42.3827],[142.503,42.3851],[142.5043,42.3879],[142.5057,42.3903],[142.5068,42.3924],[142.5075,42.3938],[142.5076,42.3959],[142.5049,42.3978],[142.5028,42.3996],[142.5009,42.402],[142.4994,42.4034],[142.4979,42.4049],[142.497,42.4075],[142.5458,42.4188]]},"properties":{"name":"\u6d66\u6cb3\u7dda","loading_pct":36.8,"p_mw":-25.3}},{"type":"Feature","geometry":{"type":"LineString","coordinates":[[142.5458,42.4188],[142.4932,42.4073],[142.4909,42.4053],[142.4886,42.4033],[142.4864,42.4025],[142.4838,42.4019],[142.4809,42.4013],[142.4781,42.4004],[142.4754,42.3993],[142.4727,42.3983],[142.4699,42.3972],[142.4672,42.3962],[142.4647,42.3949],[142.463,42.3931],[142.4623,42.3909],[142.4606,42.389],[142.4585,42.3873],[142.4565,42.3858],[142.4539,42.3844],[142.4514,42.3829],[142.449,42.3815],[142.4465,42.3801],[142.4441,42.3787],[142.441,42.3773],[142.4381,42.3758],[142.4356,42.374],[142.4334,42.3719],[142.4322,42.3704],[142.4309,42.3688],[142.4293,42.3663],[142.4264,42.3646],[142.4238,42.3623],[142.4226,42.3612],[142.4195,42.3607],[142.4164,42.3602],[142.4126,42.36],[142.4105,42.3593],[142.4082,42.3576],[142.407,42.3567],[142.4044,42.3548],[142.4034,42.3536],[142.4017,42.3518],[142.4006,42.3506],[142.3979,42.3489],[142.3957,42.3471],[142.3933,42.3451],[142.3899,42.3432],[142.3728,42.3476]]},"properties":{"name":"\u9759\u5185\u652f\u7dda","loading_pct":26.2,"p_mw":18.0}},{"type":"Feature","geometry":{"type":"LineString","coordinates":[[142.1211,42.5807],[142.1211,42.5806],[142.1213,42.5803],[142.1215,42.5802],[142.1228,42.5804],[142.1239,42.5808],[142.1246,42.581],[142.1257,42.5813],[142.1267,42.5816],[142.1277,42.5819],[142.1288,42.5822],[142.1307,42.5828],[142.1319,42.5831],[142.1328,42.5834],[142.1339,42.5837],[142.1348,42.584],[142.1366,42.5845],[142.1391,42.585],[142.1449,42.5876],[142.1457,42.5897],[142.1457,42.5906],[142.1458,42.5914],[142.1459,42.5926],[142.1459,42.5936],[142.146,42.5942],[142.146,42.5949],[142.1463,42.5953],[142.1466,42.5962],[142.1469,42.5966],[142.1468,42.5969],[142.1481,42.5992],[142.1483,42.5998],[142.1484,42.6007],[142.1483,42.6019],[142.1469,42.6112],[142.15,42.6267],[142.1513,42.6271],[142.1535,42.6297],[142.1525,42.6306],[142.1536,42.6322],[142.1543,42.6326],[142.1544,42.6336],[142.1591,42.6421],[142.1607,42.6448],[142.1616,42.6454],[142.1626,42.647],[142.1644,42.6489],[142.1662,42.6505],[142.18,42.6579],[142.1872,42.6655],[142.1903,42.6688],[142.1945,42.6733],[142.1962,42.6771],[142.1988,42.6776],[142.1991,42.6777]]},"properties":{"name":"\u632f\u5185\u7dda","loading_pct":0.2,"p_mw":0.1}},{"type":"Feature","geometry":{"type":"LineString","coordinates":[[142.0338,42.5234],[142.0487,42.518],[142.0488,42.5171],[142.0496,42.5165],[142.0503,42.5159],[142.0511,42.5153],[142.0521,42.5146],[142.0525,42.5136],[142.053,42.5126],[142.0534,42.5117],[142.0538,42.5108],[142.0542,42.51],[142.0546,42.5092],[142.055,42.5084],[142.0554,42.5076],[142.0558,42.5067],[142.0561,42.506],[142.0565,42.5051],[142.0569,42.5043],[142.0576,42.5031],[142.0583,42.5019],[142.0589,42.5008],[142.0589,42.4998],[142.0588,42.4992],[142.0596,42.4983],[142.0607,42.498],[142.0616,42.4978],[142.0622,42.4971],[142.0627,42.4964],[142.0633,42.4957],[142.0639,42.495],[142.0645,42.4944],[142.0652,42.4937],[142.0661,42.4932],[142.0668,42.4926],[142.0675,42.492],[142.0682,42.4916],[142.069,42.4912],[142.0695,42.4907],[142.0702,42.49],[142.0711,42.4896],[142.0719,42.4893],[142.0728,42.4889],[142.0739,42.4884],[142.0745,42.4882],[142.0754,42.4878],[142.0764,42.4874],[142.0774,42.4869],[142.0784,42.4865],[142.0794,42.4861],[142.0804,42.4857],[142.0814,42.4853],[142.0823,42.4849],[142.0836,42.4844],[142.0854,42.4836],[142.0865,42.4833],[142.0875,42.4831],[142.0886,42.4829],[142.0895,42.4827],[142.0905,42.4824],[142.0916,42.4823],[142.0927,42.4819],[142.0937,42.4817],[142.0947,42.4815],[142.0958,42.4812],[142.0968,42.481],[142.098,42.4808],[142.0991,42.4806],[142.1002,42.4804],[142.1012,42.4802],[142.1022,42.48],[142.1033,42.4798],[142.1043,42.4796],[142.1056,42.4793],[142.1067,42.4791],[142.1076,42.479],[142.1089,42.4787],[142.1101,42.4785],[142.1114,42.4783],[142.1126,42.478],[142.1135,42.4778],[142.1145,42.4777],[142.1155,42.4775],[142.1165,42.4773],[142.1173,42.4771],[142.1185,42.4769],[142.1197,42.4767],[142.1208,42.4765],[142.1221,42.4762],[142.1233,42.476],[142.1247,42.4757],[142.1258,42.4755],[142.127,42.4752],[142.1281,42.4749],[142.1292,42.4746],[142.1305,42.4743],[142.1318,42.4739],[142.133,42.4736],[142.1342,42.4733],[142.1354,42.473],[142.1364,42.4728],[142.1374,42.4725],[142.1386,42.4722],[142.1396,42.472],[142.1405,42.4717],[142.1416,42.4714],[142.1426,42.4712],[142.1437,42.4709],[142.1445,42.4707],[142.1455,42.4704],[142.1464,42.4702],[142.1474,42.4699],[142.1485,42.4696],[142.1495,42.4693],[142.1506,42.469],[142.1516,42.4686],[142.1526,42.4683],[142.1536,42.468],[142.1544,42.4678],[142.1554,42.4674],[142.1575,42.4668],[142.1585,42.4666],[142.1596,42.4663],[142.1605,42.466],[142.1617,42.4659],[142.1646,42.4651],[142.1654,42.4645],[142.1666,42.4641],[142.1677,42.4637],[142.1689,42.4633],[142.1698,42.463],[142.1711,42.4626],[142.1731,42.4619],[142.174,42.4616],[142.1753,42.4614],[142.1763,42.4608],[142.177,42.4605],[142.1779,42.4603],[142.1787,42.46],[142.1798,42.4585],[142.182,42.4579],[142.1843,42.4577],[142.1866,42.4573],[142.1875,42.457],[142.1883,42.4566],[142.1894,42.4562],[142.1922,42.455],[142.193,42.4546],[142.1936,42.4544],[142.1945,42.454],[142.1954,42.4536],[142.1963,42.4533],[142.1972,42.4529],[142.1986,42.4523],[142.1998,42.4518],[142.2008,42.4514],[142.2018,42.4509],[142.2028,42.4505],[142.2038,42.4501],[142.2049,42.4496],[142.2058,42.4491],[142.2067,42.4486],[142.2074,42.448],[142.2092,42.4471],[142.2103,42.4464],[142.2112,42.4459],[142.2122,42.4453],[142.2132,42.4447],[142.2144,42.444],[142.2153,42.4434],[142.2164,42.4428],[142.2175,42.4421],[142.2184,42.4416],[142.2192,42.4411],[142.2201,42.4405],[142.221,42.44],[142.222,42.4394],[142.2228,42.439],[142.2236,42.4385],[142.2245,42.4379],[142.2253,42.4374],[142.2262,42.4369],[142.2271,42.4364],[142.2286,42.4355],[142.2302,42.4347],[142.2309,42.434],[142.2317,42.4334],[142.2326,42.4328],[142.2333,42.4321],[142.2341,42.4315],[142.2349,42.4309],[142.2357,42.4303],[142.2364,42.4298],[142.2372,42.4292],[142.2379,42.4287],[142.2383,42.4278],[142.2376,42.4277]]},"properties":{"name":"\u65e5\u9ad8\u7dda","loading_pct":36.6,"p_mw":12.6}},{"type":"Feature","geometry":{"type":"LineString","coordinates":[[141.9307,42.5814],[141.9554,42.6024],[141.9565,42.6012],[141.9574,42.6002],[141.9579,42.5997],[141.9584,42.5992],[141.9589,42.5986],[141.9596,42.5978],[141.9602,42.5972],[141.9604,42.5965],[141.9608,42.5953],[141.9608,42.5935],[141.961,42.5902],[141.961,42.5884],[141.9617,42.5876],[141.9624,42.5869],[141.9629,42.5864],[141.9635,42.5858],[141.9641,42.5852],[141.9648,42.5844],[141.9657,42.5835],[141.9665,42.5827],[141.9671,42.5821],[141.9676,42.5816],[141.9682,42.581],[141.9689,42.5802],[141.9697,42.5794],[141.9705,42.5786],[141.9712,42.5778],[141.9719,42.5771],[141.9727,42.5763],[141.9734,42.5756],[141.9738,42.5752],[141.9746,42.5744],[141.9752,42.5737],[141.9758,42.5732],[141.9764,42.5725],[141.977,42.5718],[141.9777,42.5711],[141.9784,42.5705],[141.979,42.5699],[141.9797,42.5693],[141.9803,42.5686],[141.9809,42.5679],[141.9815,42.5673],[141.9822,42.5666],[141.9829,42.5659],[141.9836,42.5651],[141.9843,42.5644],[141.9848,42.5639],[141.9855,42.5632],[141.9861,42.5626],[141.9867,42.5619],[141.9874,42.5612],[141.988,42.5606],[141.9887,42.5599],[141.9894,42.5591],[141.9901,42.5584],[141.9909,42.5576],[141.9915,42.557],[141.9921,42.5563],[141.9928,42.5557],[141.9934,42.555],[141.994,42.5544],[141.9946,42.5538],[141.9952,42.5531],[141.9958,42.5526],[141.9965,42.5519],[141.9972,42.5512],[141.9986,42.5497],[141.9993,42.5489],[142.0,42.5482],[142.0007,42.5475],[142.0014,42.5468],[142.0009,42.5458],[142.0019,42.5454],[142.0029,42.5449],[142.0039,42.5445],[142.005,42.544],[142.006,42.5438],[142.0071,42.5436],[142.0082,42.5434],[142.0092,42.5432],[142.01,42.5438],[142.0108,42.5444],[142.0116,42.5451],[142.0123,42.5457],[142.0136,42.5462],[142.0141,42.5454],[142.0147,42.5445],[142.0153,42.5437],[142.0162,42.543],[142.017,42.5423],[142.0177,42.5416],[142.0184,42.5409],[142.0188,42.5401],[142.0196,42.5379],[142.0198,42.537],[142.0201,42.5362],[142.0202,42.5357],[142.0215,42.5347],[142.0225,42.5338],[142.0232,42.5331],[142.0237,42.5326],[142.0251,42.5319],[142.0259,42.5316],[142.0269,42.5311],[142.0279,42.5307],[142.0291,42.5301],[142.0305,42.5293],[142.031,42.5288],[142.0338,42.5234]]},"properties":{"name":"\u5bcc\u5ddd\u7dda","loading_pct":38.4,"p_mw":26.3}},{"type":"Feature","geometry":{"type":"LineString","coordinates":[[141.8833,42.7075],[141.8779,42.7032],[141.8768,42.7033],[141.8757,42.7034],[141.8746,42.7034],[141.8735,42.7035],[141.8724,42.7035],[141.8714,42.7035],[141.8705,42.7035],[141.8686,42.703],[141.8673,42.7029],[141.8659,42.7029],[141.8657,42.7026],[141.8665,42.7017],[141.8676,42.7006],[141.8686,42.6995],[141.869,42.699],[141.87,42.698],[141.8705,42.6974],[141.8713,42.6966],[141.8722,42.6956],[141.8728,42.695],[141.8734,42.6943],[141.874,42.6937],[141.8746,42.6931],[141.8752,42.6924],[141.876,42.6915],[141.877,42.6905],[141.8779,42.6895],[141.8785,42.6888],[141.8791,42.6882],[141.8795,42.6878],[141.8803,42.6869],[141.881,42.6862],[141.8818,42.6853],[141.8824,42.6846],[141.8831,42.6839],[141.8837,42.6832],[141.8842,42.6827],[141.8849,42.682],[141.8855,42.6813],[141.886,42.6808],[141.8865,42.6801],[141.8871,42.6793],[141.8874,42.6788],[141.8879,42.6782],[141.8885,42.6774],[141.8892,42.6764],[141.8899,42.6755],[141.8905,42.6748],[141.8913,42.6739],[141.8922,42.6729],[141.8929,42.672],[141.8936,42.6714],[141.8943,42.6705],[141.895,42.6696],[141.8955,42.669],[141.896,42.6685],[141.8966,42.6678],[141.8972,42.6672],[141.8975,42.6667],[141.8982,42.6658],[141.8989,42.6648],[141.9,42.6636],[141.9015,42.662],[141.9022,42.6614],[141.9027,42.6609],[141.9034,42.6601],[141.9039,42.6594],[141.9047,42.6588],[141.9058,42.6574],[141.9071,42.6558],[141.9078,42.6549],[141.9085,42.6541],[141.9091,42.6535],[141.9097,42.6528],[141.9103,42.6521],[141.9111,42.6511],[141.9122,42.6497],[141.9131,42.6486],[141.9142,42.6475],[141.9154,42.6462],[141.916,42.6456],[141.9172,42.6443],[141.918,42.6434],[141.9185,42.6429],[141.9192,42.6422],[141.9198,42.6415],[141.9205,42.6407],[141.9212,42.6398],[141.9219,42.6392],[141.9232,42.6378],[141.9233,42.6373],[141.9238,42.6369],[141.9243,42.6366],[141.925,42.6359],[141.9256,42.6352],[141.9262,42.6346],[141.9267,42.634],[141.9274,42.6332],[141.9281,42.6325],[141.9288,42.6317],[141.9293,42.6312],[141.9299,42.6305],[141.9307,42.6297],[141.9313,42.6291],[141.9317,42.6286],[141.9322,42.628],[141.9327,42.6275],[141.9332,42.627],[141.9336,42.6265],[141.9342,42.6258],[141.9348,42.6252],[141.9353,42.6246],[141.936,42.6237],[141.9369,42.6228],[141.9374,42.6223],[141.938,42.6216],[141.9385,42.6211],[141.9391,42.6205],[141.9399,42.6196],[141.9407,42.6187],[141.9412,42.6182],[141.942,42.6172],[141.9428,42.6164],[141.9435,42.6156],[141.9442,42.6149],[141.9447,42.6143],[141.9454,42.6135],[141.9461,42.6127],[141.9462,42.6124],[141.949,42.6093],[141.9493,42.6092],[141.9499,42.6085],[141.9504,42.6079],[141.951,42.6073],[141.9517,42.6066],[141.9524,42.6057],[141.9532,42.6049],[141.9543,42.6036],[141.9548,42.6031],[141.9307,42.5814]]},"properties":{"name":"\u5bcc\u5ddd\u7dda","loading_pct":48.5,"p_mw":33.3}},{"type":"Feature","geometry":{"type":"LineString","coordinates":[[142.5654,42.4111],[142.5641,42.4115],[142.5605,42.4128],[142.5579,42.4152],[142.5537,42.4164],[142.5504,42.4172],[142.5458,42.4188]]},"properties":{"name":"\u5317\u6d77\u9053\u96fb\u529b\u30cd\u30c3\u30c8\u30ef\u30fc\u30af 66.0kV\u7dda","loading_pct":57.2,"p_mw":39.2}},{"type":"Feature","geometry":{"type":"LineString","coordinates":[[141.6914,42.6412],[141.6883,42.6398],[141.6854,42.6388],[141.6824,42.6378],[141.6785,42.6371]]},"properties":{"name":"\u6e2f\u5357\u5909\u96fb\u6240~\u82eb\u5c0f\u7267\u5e02\u5909\u96fb\u6240\u7dda","loading_pct":14.8,"p_mw":10.2}},{"type":"Feature","geometry":{"type":"LineString","coordinates":[[141.6914,42.6412],[141.6903,42.6398],[141.6903,42.6389],[141.6902,42.6371],[141.69,42.6353],[141.6896,42.6333],[141.6896,42.6318]]},"properties":{"name":"\u6e2f\u5357\u5909\u96fb\u6240~\u82eb\u5c0f\u7267\u5e02\u5909\u96fb\u6240\u7dda","loading_pct":6.5,"p_mw":4.5}},{"type":"Feature","geometry":{"type":"LineString","coordinates":[[142.5478,42.5999],[142.5424,42.6025],[142.543,42.6037],[142.5453,42.6081],[142.5459,42.6093],[142.547,42.611],[142.5498,42.6158],[142.5503,42.6184],[142.5506,42.6208],[142.5508,42.6227],[142.5512,42.6261],[142.5515,42.6281],[142.5517,42.6305],[142.5529,42.6342],[142.5542,42.6382],[142.5555,42.6422],[142.5564,42.645],[142.5562,42.6497],[142.556,42.6554],[142.5564,42.6591],[142.5569,42.6638],[142.5592,42.6664],[142.5617,42.6693],[142.564,42.6712],[142.5701,42.6722],[142.5754,42.6732],[142.5779,42.6741],[142.5833,42.6756],[142.5861,42.6768],[142.5888,42.678],[142.5913,42.6783],[142.592,42.6783]]},"properties":{"name":"\u5965\u65b0\u51a0\u7dda","loading_pct":1.1,"p_mw":-5.4}},{"type":"Feature","geometry":{"type":"LineString","coordinates":[[142.5175,42.5105],[142.5184,42.5112],[142.5193,42.5142],[142.5219,42.5176],[142.5241,42.5205],[142.5267,42.5239],[142.5301,42.5275],[142.5343,42.5321],[142.5343,42.5337],[142.533,42.5372],[142.5308,42.5412],[142.529,42.5445],[142.529,42.5459],[142.5273,42.5511],[142.5267,42.5528],[142.5271,42.5569],[142.529,42.5615],[142.53,42.5637],[142.5309,42.5657],[142.5315,42.5693],[142.5322,42.5725],[142.5328,42.5763],[142.533,42.5778],[142.5335,42.5807],[142.5355,42.5868],[142.5364,42.5895],[142.5377,42.5929],[142.5392,42.5958],[142.5403,42.5982],[142.5478,42.5999]]},"properties":{"name":"\u5965\u65b0\u51a0\u7dda","loading_pct":24.1,"p_mw":117.3}},{"type":"Feature","geometry":{"type":"LineString","coordinates":[[141.6833,42.6629],[141.6724,42.6618],[141.6692,42.6607],[141.6666,42.6594]]},"properties":{"name":"\u6771\u958b\u753a\u4e09\u4e01\u76ee\u5909\u96fb\u6240~\u52c7\u6255\u5909\u96fb\u6240\u7dda","loading_pct":28.4,"p_mw":-19.5}},{"type":"Feature","geometry":{"type":"LineString","coordinates":[[141.6785,42.6371],[141.6789,42.6383],[141.6779,42.64],[141.6751,42.639],[141.6718,42.6379],[141.6684,42.6368],[141.6646,42.6355],[141.6639,42.636],[141.6634,42.637],[141.6632,42.6372]]},"properties":{"name":"\u82eb\u5c0f\u7267\u5e02\u5909\u96fb\u6240~\u771f\u7802\u753a\u5909\u96fb\u6240\u7dda","loading_pct":10.4,"p_mw":7.1}},{"type":"Feature","geometry":{"type":"LineString","coordinates":[[141.758,42.6845],[141.7612,42.6725],[141.7575,42.6726],[141.7538,42.6726],[141.7501,42.6727],[141.7463,42.6727],[141.7401,42.6715],[141.7401,42.6709],[141.7402,42.6707]]},"properties":{"name":"\u5317\u6d77\u9053\u96fb\u529b\u30cd\u30c3\u30c8\u30ef\u30fc\u30af 66.0kV\u7dda","loading_pct":8.3,"p_mw":-5.7}},{"type":"Feature","geometry":{"type":"LineString","coordinates":[[141.6691,42.6554],[141.6688,42.6551],[141.6685,42.655],[141.6677,42.6547],[141.6674,42.6546]]},"properties":{"name":"\u5317\u6d77\u9053\u96fb\u529b\u30cd\u30c3\u30c8\u30ef\u30fc\u30af 66.0kV\u7dda","loading_pct":10.4,"p_mw":7.1}},{"type":"Feature","geometry":{"type":"LineString","coordinates":[[142.1991,42.6777],[142.1993,42.6777],[142.2015,42.6798],[142.2074,42.6817],[142.212,42.6861],[142.2152,42.6894],[142.2181,42.6938],[142.2226,42.6963],[142.2257,42.6988],[142.2313,42.7024],[142.2323,42.7028],[142.2329,42.7034],[142.2336,42.7039],[142.2342,42.7043],[142.2348,42.7047],[142.2377,42.7066],[142.2403,42.7087],[142.2514,42.7183],[142.2562,42.7211],[142.2572,42.7213],[142.2674,42.7212],[142.2715,42.7217],[142.2798,42.7233],[142.2821,42.724],[142.283,42.7244],[142.2847,42.7251],[142.2861,42.7257],[142.287,42.7262],[142.2888,42.7271],[142.2902,42.7268],[142.2908,42.7265],[142.2913,42.7262],[142.2912,42.7261]]},"properties":{"name":"\u632f\u5185\u7dda","loading_pct":20.5,"p_mw":-7.0}},{"type":"Feature","geometry":{"type":"LineString","coordinates":[[142.0338,42.5234],[142.0348,42.5272],[142.0354,42.527],[142.036,42.5275],[142.0365,42.5279],[142.0383,42.5297],[142.0388,42.5302],[142.0394,42.5309],[142.04,42.5314],[142.0406,42.532],[142.0413,42.5327],[142.0418,42.5332],[142.0424,42.5338],[142.0431,42.5345],[142.0437,42.5351],[142.0444,42.5358],[142.0452,42.5364],[142.0458,42.5371],[142.0463,42.5377],[142.0472,42.5383],[142.0479,42.5388],[142.0484,42.5392],[142.0492,42.5398],[142.0502,42.5405],[142.0504,42.5413],[142.0509,42.5419],[142.0519,42.5429],[142.0523,42.5437],[142.0529,42.5445],[142.0542,42.5464],[142.0546,42.5471],[142.0553,42.5477],[142.0564,42.5481],[142.0574,42.5484],[142.0586,42.5487],[142.0598,42.549],[142.0611,42.5493],[142.0622,42.5495],[142.0634,42.5502],[142.0658,42.5516],[142.0685,42.5534],[142.0697,42.5554],[142.0708,42.5568],[142.0757,42.5591],[142.079,42.5607],[142.08,42.5609],[142.081,42.5612],[142.0886,42.5644],[142.0942,42.5686],[142.0963,42.5702],[142.1004,42.573],[142.102,42.574],[142.1037,42.5752],[142.1044,42.5757],[142.1054,42.5761],[142.1064,42.5765],[142.1073,42.5769],[142.1084,42.5775],[142.1094,42.5779],[142.1105,42.5784],[142.1113,42.5788],[142.1122,42.5791],[142.1132,42.5796],[142.114,42.58],[142.115,42.5801],[142.1162,42.5804],[142.1174,42.5806],[142.1184,42.5808],[142.1194,42.581],[142.12,42.5812],[142.1204,42.5812],[142.121,42.5808],[142.1211,42.5807]]},"properties":{"name":"\u632f\u5185\u7dda","loading_pct":21.0,"p_mw":7.2}},{"type":"Feature","geometry":{"type":"LineString","coordinates":[[143.1899,42.8531],[143.183,42.855],[143.1812,42.8528],[143.1793,42.8505],[143.1774,42.8481],[143.1756,42.8458],[143.1738,42.8436],[143.172,42.8414],[143.1702,42.8391],[143.1684,42.8369],[143.1666,42.8347],[143.1648,42.8324],[143.1631,42.8303],[143.1614,42.8281],[143.1595,42.8258],[143.1578,42.8236],[143.1568,42.821],[143.1561,42.8187],[143.1585,42.816],[143.1618,42.8121],[143.1632,42.8105],[143.1644,42.8082],[143.1654,42.8065],[143.1637,42.8041],[143.1619,42.8014],[143.1607,42.7996],[143.1594,42.7976],[143.1581,42.7956],[143.1568,42.7938],[143.1552,42.7915],[143.1539,42.7895],[143.1541,42.7869],[143.1541,42.785],[143.1541,42.7824],[143.1541,42.7801],[143.1533,42.7777],[143.1525,42.7755],[143.1518,42.7732],[143.1511,42.7709],[143.1504,42.7688],[143.1496,42.7665],[143.1489,42.7641],[143.1491,42.7619],[143.1492,42.7595],[143.1494,42.7569],[143.1496,42.7545],[143.15,42.7522],[143.1509,42.7496],[143.1521,42.7471],[143.1538,42.7448],[143.1555,42.7422],[143.1565,42.7401],[143.1555,42.7376],[143.1543,42.7349],[143.153,42.7322],[143.1518,42.7297],[143.1511,42.7274],[143.1505,42.7251],[143.1493,42.7232],[143.1479,42.7209],[143.1459,42.7188],[143.1438,42.7167],[143.1418,42.7146],[143.1396,42.7123],[143.1374,42.71],[143.1354,42.708],[143.1333,42.7057],[143.1309,42.7044],[143.129,42.7009]]},"properties":{"name":"\u4e2d\u672d\u5185\u7dda","loading_pct":28.2,"p_mw":19.3}},{"type":"Feature","geometry":{"type":"LineString","coordinates":[[140.657,42.9851],[140.6585,42.9829],[140.6599,42.9803],[140.6611,42.9775],[140.6679,42.9736],[140.6706,42.9717],[140.6735,42.9695],[140.6726,42.9682],[140.6764,42.9642],[140.6805,42.9581],[140.6816,42.9558],[140.6854,42.9535],[140.6894,42.9505],[140.6912,42.9477],[140.6946,42.9438],[140.7174,42.9216],[140.7207,42.9176],[140.723,42.9149],[140.7257,42.9124],[140.7277,42.9103],[140.7283,42.9086],[140.7293,42.9061],[140.7315,42.9036],[140.7314,42.9016],[140.731,42.8976],[140.7311,42.8953],[140.7308,42.8931],[140.7308,42.8915],[140.7304,42.8897],[140.7335,42.8895],[140.7364,42.8893],[140.7405,42.8887],[140.7439,42.8881],[140.7467,42.8976]]},"properties":{"name":"\u5036\u77e5\u5b89\u7dda","loading_pct":9.3,"p_mw":-6.4}},{"type":"Feature","geometry":{"type":"LineString","coordinates":[[141.4172,43.1354],[141.4171,43.1356],[141.4163,43.1343],[141.417,43.1332],[141.4178,43.1321],[141.4185,43.1309],[141.4187,43.1296],[141.4183,43.1291],[141.4188,43.1255],[141.4219,43.1242],[141.4205,43.1219],[141.4217,43.1203],[141.4231,43.1187],[141.4253,43.1197],[141.4296,43.119],[141.4322,43.1204],[141.4349,43.1218],[141.4382,43.1207],[141.4451,43.1184],[141.4493,43.117],[141.4548,43.1152],[141.4587,43.1138],[141.4624,43.113],[141.4667,43.1119],[141.4705,43.111],[141.4741,43.1101],[141.4798,43.0662]]},"properties":{"name":"\u4e18\u73e0\u652f\u7dda","loading_pct":4.3,"p_mw":2.9}},{"type":"Feature","geometry":{"type":"LineString","coordinates":[[141.4173,43.3157],[141.4197,43.3139],[141.4202,43.3135],[141.4215,43.3121],[141.4224,43.3112],[141.4236,43.311],[141.4247,43.3108],[141.4247,43.3101],[141.4248,43.3094],[141.4249,43.3087],[141.4264,43.3072],[141.427,43.3067],[141.427,43.3066],[141.4276,43.306],[141.4282,43.3054],[141.4291,43.3048],[141.431,43.3037],[141.4319,43.3032],[141.4328,43.3027],[141.4336,43.3022],[141.4345,43.3017],[141.4354,43.3011],[141.4363,43.3006],[141.4373,43.3],[141.4382,43.2995],[141.4404,43.2981],[141.4429,43.2966],[141.4458,43.2955],[141.4471,43.2951],[141.4547,43.2925],[141.4558,43.2922],[141.4574,43.2912],[141.461,43.2893],[141.4634,43.288],[141.465,43.2871],[141.4713,43.2836],[141.4731,43.2827],[141.4782,43.2799],[141.4821,43.2785],[141.4831,43.277],[141.4811,43.2689],[141.4807,43.2677],[141.4789,43.2629],[141.4788,43.2604],[141.4788,43.2535],[141.4781,43.2502],[141.4783,43.2495],[141.4779,43.247],[141.4778,43.2464],[141.4779,43.2442],[141.4784,43.2416],[141.4787,43.2408],[141.4789,43.2401],[141.4792,43.2393],[141.4788,43.2375],[141.4791,43.2365],[141.4792,43.2356],[141.4794,43.2347],[141.481,43.232],[141.4822,43.2315],[141.4828,43.2309],[141.4833,43.2303],[141.484,43.2295],[141.4847,43.2287],[141.4853,43.2282],[141.4861,43.2277],[141.4875,43.2272],[141.4929,43.2247],[141.4955,43.2232],[141.4978,43.2219],[141.5002,43.2204],[141.5025,43.2191],[141.5051,43.2178],[141.5075,43.2166],[141.5094,43.2156],[141.5121,43.2141],[141.5136,43.2129],[141.5166,43.2117],[141.5179,43.2109],[141.5202,43.2116],[141.5202,43.212]]},"properties":{"name":"\u671b\u6765\u7dda","loading_pct":80.0,"p_mw":-28.5}},{"type":"Feature","geometry":{"type":"LineString","coordinates":[[141.2044,43.1308],[141.2068,43.1305],[141.2085,43.1303],[141.211,43.13],[141.2125,43.1298],[141.2151,43.1294],[141.2168,43.1292],[141.2181,43.129],[141.2196,43.1288],[141.2213,43.1286],[141.2232,43.1301],[141.2254,43.1293],[141.2276,43.1283],[141.2298,43.1274],[141.2308,43.1273],[141.233,43.127],[141.2343,43.1268],[141.2362,43.1264],[141.2392,43.1257],[141.2422,43.1251]]},"properties":{"name":"\u624b\u7a32\u6771\u7dda","loading_pct":10.4,"p_mw":7.1}},{"type":"Feature","geometry":{"type":"LineString","coordinates":[[141.281,43.106],[141.2991,43.1087],[141.2986,43.1057],[141.2981,43.1035],[141.2977,43.1014],[141.2977,43.0993],[141.2976,43.0977],[141.2976,43.0957],[141.2992,43.0932],[141.3004,43.0913],[141.3016,43.0895],[141.3008,43.0879]]},"properties":{"name":"\u7434\u4f3c\u652f\u7dda","loading_pct":20.8,"p_mw":14.2}},{"type":"Feature","geometry":{"type":"LineString","coordinates":[[141.1698,43.1386],[141.1695,43.1382],[141.172,43.1384],[141.1749,43.1377],[141.1777,43.137],[141.1807,43.1363],[141.1836,43.1355],[141.1867,43.1348],[141.1901,43.1338],[141.1926,43.1333],[141.1951,43.1328],[141.1977,43.1326],[141.2009,43.1323],[141.2037,43.1321],[141.2045,43.1314],[141.2041,43.1305],[141.2044,43.1308]]},"properties":{"name":"\u92ad\u51fd\u7dda (\u304a\u5ba2\u3055\u307e\u63a5\u7d9a\u7dda JR\u5317\u6d77\u9053)","loading_pct":10.4,"p_mw":-7.1}},{"type":"Feature","geometry":{"type":"LineString","coordinates":[[141.0232,43.1781],[141.0249,43.1752],[141.0286,43.1739],[141.0305,43.1732],[141.0317,43.1728],[141.0351,43.1716],[141.0378,43.1706],[141.0402,43.1697],[141.0426,43.1689],[141.0453,43.1681],[141.0469,43.1676],[141.0508,43.1664],[141.053,43.1657],[141.0549,43.1652],[141.0578,43.1643],[141.0601,43.1631],[141.0632,43.1617],[141.0657,43.1606],[141.0675,43.1597],[141.0704,43.1583],[141.0727,43.1571],[141.0775,43.1546],[141.079,43.1539],[141.0807,43.1535],[141.0827,43.153],[141.0862,43.1518],[141.0907,43.1508],[141.0941,43.1501],[141.097,43.15],[141.1001,43.149],[141.1035,43.1482],[141.1079,43.1472],[141.111,43.1465],[141.1154,43.1456],[141.1183,43.1449],[141.1219,43.1442],[141.1253,43.1434],[141.1288,43.1427],[141.1329,43.1418],[141.137,43.1409],[141.1384,43.1404],[141.1416,43.1398],[141.1455,43.1389],[141.1498,43.1379],[141.1552,43.1367],[141.1603,43.1351],[141.1636,43.1341],[141.1657,43.1334],[141.1683,43.1326],[141.1698,43.1321],[141.1731,43.1311],[141.1759,43.1302],[141.1784,43.1295],[141.1821,43.1296],[141.1847,43.1297],[141.1871,43.1298],[141.1893,43.1298],[141.1938,43.1299],[141.1975,43.13],[141.2007,43.1301],[141.2023,43.1302],[141.2044,43.1308]]},"properties":{"name":"\u624b\u7a32\u7dda","loading_pct":31.1,"p_mw":21.3}},{"type":"Feature","geometry":{"type":"LineString","coordinates":[[141.4029,43.0928],[141.4118,43.0852],[141.4123,43.0838],[141.4129,43.0826],[141.4146,43.0791],[141.4156,43.0769],[141.4161,43.0757],[141.4169,43.0737],[141.4177,43.0716],[141.4184,43.0698],[141.4189,43.0684],[141.4195,43.0667],[141.4203,43.0649],[141.4211,43.0627],[141.4218,43.0608],[141.4226,43.0589],[141.4231,43.0576],[141.4237,43.0559],[141.4243,43.0544],[141.4249,43.0529],[141.4255,43.0514],[141.4264,43.049],[141.4275,43.0462],[141.4282,43.0443],[141.429,43.0423],[141.4294,43.0411],[141.4292,43.0404],[141.4286,43.039],[141.4279,43.0374],[141.4273,43.0359],[141.4267,43.0345],[141.4257,43.0321],[141.4245,43.0308],[141.4232,43.0294],[141.4223,43.0284],[141.4202,43.0261],[141.4183,43.0223]]},"properties":{"name":"\u82d7\u7a42\u5909\u96fb\u6240~\u5357\u672d\u5e4c\u5909\u96fb\u6240\u7dda","loading_pct":4.4,"p_mw":-8.5}},{"type":"Feature","geometry":{"type":"LineString","coordinates":[[141.5346,43.1209],[141.533,43.1189],[141.5327,43.1188],[141.5311,43.1179],[141.5283,43.1163],[141.5247,43.1149],[141.5216,43.1138],[141.518,43.1124],[141.5145,43.1111],[141.5112,43.1109],[141.5073,43.1107],[141.5034,43.1104],[141.5001,43.1102],[141.499,43.1081],[141.4978,43.1059],[141.4954,43.1043],[141.4928,43.1025],[141.4894,43.1027],[141.4887,43.1013],[141.4875,43.0989],[141.4865,43.0969],[141.4855,43.095],[141.4844,43.0927],[141.4831,43.0902],[141.4818,43.0875],[141.4803,43.0849],[141.4785,43.082],[141.4783,43.0798],[141.4776,43.0786],[141.4772,43.0778],[141.4757,43.0755],[141.4745,43.0732],[141.4733,43.071],[141.4723,43.069],[141.4709,43.0664],[141.4697,43.0642],[141.4686,43.0621],[141.4672,43.0603],[141.465,43.0577],[141.4639,43.0564],[141.4625,43.0548],[141.4606,43.0527],[141.4592,43.051],[141.4575,43.0495],[141.4559,43.0481],[141.4543,43.0468],[141.4517,43.0445],[141.4498,43.0428],[141.4485,43.0416],[141.4473,43.0406],[141.4459,43.0394],[141.4445,43.0383],[141.4425,43.0366],[141.4413,43.0355],[141.4392,43.0337],[141.4373,43.0322],[141.4354,43.0306],[141.4337,43.0291],[141.4333,43.0288],[141.4312,43.0277],[141.4292,43.0267],[141.4274,43.0257],[141.4254,43.0247],[141.4228,43.0234],[141.4183,43.0223]]},"properties":{"name":"\u5357\u672d\u5e4c\u5e79\u7dda","loading_pct":0.9,"p_mw":-4.4}},{"type":"Feature","geometry":{"type":"LineString","coordinates":[[141.0232,43.1781],[141.0209,43.1763],[141.0195,43.1747],[141.0173,43.1728],[141.0154,43.1711],[141.0119,43.17],[141.0078,43.1695],[141.0053,43.1684],[141.0023,43.1672],[141.0,43.166],[140.9977,43.1649],[140.9944,43.1634],[140.9912,43.1618],[140.989,43.1607],[140.9843,43.1585],[140.982,43.1602],[140.9816,43.1631],[140.9813,43.1648],[140.9811,43.167],[140.9806,43.1698],[140.9806,43.1716],[140.9799,43.1751],[140.9751,43.1769],[140.9717,43.1779],[140.9681,43.1789],[140.9655,43.1803],[140.9643,43.1816],[140.9656,43.1839],[140.9671,43.1858],[140.9684,43.1876],[140.9695,43.1892],[140.9711,43.1917],[140.9724,43.1934],[140.9806,43.2066]]},"properties":{"name":"\u5c0f\u6a3d\u7dda","loading_pct":41.5,"p_mw":-28.5}},{"type":"Feature","geometry":{"type":"LineString","coordinates":[[141.1697,42.9725],[141.1284,42.9989],[141.1274,42.9942],[141.1258,42.9924],[141.1237,42.9861],[141.1179,42.9804],[141.1209,42.976],[141.1175,42.9664],[141.1122,42.9494],[141.1121,42.946],[141.1106,42.9403],[141.1097,42.9385],[141.1077,42.9347],[141.1071,42.9291],[141.103,42.9241],[141.0994,42.9205],[141.098,42.9145],[141.0966,42.9089],[141.0956,42.9045],[141.0948,42.8999],[141.0939,42.8958],[141.0939,42.8924],[141.0933,42.8906],[141.0923,42.8876],[141.0913,42.8848],[141.0903,42.8818],[141.0894,42.8791],[141.0888,42.877],[141.0881,42.8743],[141.0874,42.872],[141.0864,42.8679],[141.0851,42.8633],[141.0837,42.8582],[141.0802,42.856],[141.0761,42.8535],[141.0727,42.8515],[141.0693,42.8493],[141.0673,42.8481],[141.0628,42.8454],[141.0577,42.8422],[141.057,42.8396],[141.0558,42.8347],[141.0552,42.8325],[141.0542,42.829],[141.0534,42.8258],[141.0522,42.8214],[141.0515,42.8185],[141.0498,42.8144],[141.0488,42.8117],[141.0478,42.8091],[141.0463,42.8052],[141.0449,42.8018],[141.0438,42.7989],[141.0428,42.7965],[141.0418,42.794],[141.041,42.7918],[141.0403,42.7903],[141.0387,42.7863],[141.0379,42.7842],[141.0392,42.7804],[141.0384,42.7776],[141.0361,42.7715],[141.0374,42.7677],[141.0357,42.7634],[141.0339,42.759],[141.0365,42.7553],[141.0353,42.752],[141.0356,42.7494]]},"properties":{"name":"\u9053\u592e\u897f\u5e79\u7dda","loading_pct":3.5,"p_mw":-33.7}},{"type":"Feature","geometry":{"type":"LineString","coordinates":[[141.3457,43.1563],[141.3288,43.164],[141.3269,43.1668],[141.3281,43.1676],[141.3235,43.1686],[141.3213,43.1696],[141.3185,43.171],[141.3165,43.1719],[141.3161,43.1725],[141.3158,43.1729],[141.3161,43.1732],[141.3172,43.1747],[141.318,43.1758],[141.3187,43.1767],[141.3138,43.1778],[141.3061,43.1794],[141.3008,43.1812]]},"properties":{"name":"\u77f3\u72e9\u7dda","loading_pct":10.4,"p_mw":7.1}},{"type":"Feature","geometry":{"type":"LineString","coordinates":[[140.7213,42.825],[140.7191,42.8274],[140.7164,42.8289],[140.7141,42.8301],[140.7081,42.8294],[140.7075,42.8293],[140.7069,42.8292],[140.7018,42.8283],[140.6984,42.8273],[140.6958,42.8265],[140.6918,42.8254],[140.6895,42.8248],[140.686,42.8238],[140.6844,42.8233],[140.6832,42.823],[140.6825,42.8228],[140.6822,42.8226]]},"properties":{"name":"\u30cb\u30bb\u30b3\u7dda","loading_pct":6.7,"p_mw":4.6}},{"type":"Feature","geometry":{"type":"LineString","coordinates":[[140.657,42.9851],[140.654,42.9869],[140.6506,42.9865],[140.6473,42.9854],[140.6309,42.9815],[140.6166,42.988],[140.6098,42.9856],[140.6031,42.9837],[140.5986,42.9836],[140.5886,42.9859],[140.5841,42.9874],[140.5648,42.9917],[140.5521,42.9905],[140.5474,42.9902],[140.5477,42.9916],[140.5475,42.994],[140.5499,42.996],[140.5515,42.9973],[140.5532,43.0],[140.5545,43.0022],[140.5562,43.0049],[140.5577,43.0075],[140.5585,43.0088],[140.558,43.0109],[140.5572,43.0123],[140.5558,43.0148],[140.5552,43.0163],[140.5538,43.0182],[140.5521,43.0204],[140.5505,43.0227],[140.5489,43.0248],[140.5476,43.0272],[140.546,43.0293],[140.5444,43.0314],[140.5436,43.034],[140.5421,43.0354],[140.5403,43.0369],[140.5385,43.0388],[140.5382,43.0417],[140.5361,43.0437],[140.534,43.0458],[140.5295,43.0485],[140.5267,43.0512],[140.525,43.053],[140.5235,43.0545],[140.5214,43.0567],[140.5213,43.0589]]},"properties":{"name":"\u8305\u6cbc\u7dda","loading_pct":70.7,"p_mw":-48.5}},{"type":"Feature","geometry":{"type":"LineString","coordinates":[[140.9806,43.2066],[140.9767,43.1992],[140.984,43.1941],[140.9861,43.1927],[140.9868,43.1928]]},"properties":{"name":"\u5bcc\u5ca1\u7dda","loading_pct":10.4,"p_mw":7.1}},{"type":"Feature","geometry":{"type":"LineString","coordinates":[[141.2225,43.0575],[141.2175,43.0587],[141.2119,43.058],[141.2085,43.0576],[141.2031,43.056],[141.2006,43.0553],[141.1958,43.054],[141.187,43.0486],[141.1844,43.0471],[141.1813,43.0465],[141.1781,43.0455],[141.1746,43.0419],[141.169,43.0372],[141.1677,43.033],[141.1507,43.0253],[141.1484,43.0246],[141.1471,43.0235],[141.1447,43.0214],[141.1431,43.0194],[141.1395,43.0149],[141.1374,43.0142],[141.1308,43.0119],[141.1697,42.9725]]},"properties":{"name":"\u9053\u592e\u897f\u5e79\u7dda","loading_pct":3.4,"p_mw":-32.6}},{"type":"Feature","geometry":{"type":"LineString","coordinates":[[140.7246,42.87],[140.7242,42.87],[140.7194,42.8551],[140.7283,42.8458],[140.724,42.8279],[140.7213,42.825]]},"properties":{"name":"\u6bd4\u7f85\u592b\u7dda","loading_pct":32.0,"p_mw":22.0}},{"type":"Feature","geometry":{"type":"LineString","coordinates":[[140.7467,42.8976],[140.7482,42.8875],[140.7509,42.887],[140.7589,42.8855],[140.7607,42.8852],[140.7625,42.8849],[140.7649,42.8845],[140.7669,42.8844],[140.7693,42.8842],[140.7729,42.8839],[140.775,42.8837],[140.7783,42.8835],[140.7806,42.8833],[140.7829,42.8831],[140.784,42.8831],[140.7865,42.883],[140.7902,42.8828],[140.7913,42.8828],[140.7984,42.8824],[140.8017,42.8822],[140.8027,42.8821],[140.8037,42.8821],[140.8047,42.882],[140.8057,42.882],[140.8068,42.8819],[140.8112,42.8817],[140.8122,42.8816],[140.8132,42.8816],[140.8143,42.8815],[140.8167,42.8814],[140.8182,42.8813],[140.8194,42.8813],[140.8206,42.8812],[140.8218,42.8811],[140.8228,42.881],[140.8239,42.881],[140.825,42.8809],[140.8262,42.8809],[140.8274,42.8808],[140.8309,42.8806],[140.833,42.8804],[140.8341,42.8804],[140.8351,42.8803],[140.8403,42.88],[140.8416,42.8799],[140.8434,42.8798],[140.846,42.8797],[140.8486,42.8795],[140.8498,42.8792],[140.8509,42.8789],[140.8515,42.8789]]},"properties":{"name":"\u5bd2\u5225\u652f\u7dda","loading_pct":62.1,"p_mw":-42.6}},{"type":"Feature","geometry":{"type":"LineString","coordinates":[[140.5865,42.8075],[140.5865,42.8069],[140.5819,42.8066],[140.5772,42.805],[140.5724,42.8034],[140.5695,42.8047],[140.5554,42.8105],[140.5516,42.8182],[140.5507,42.8186]]},"properties":{"name":"\u862d\u8d8a\u7dda","loading_pct":10.4,"p_mw":7.1}},{"type":"Feature","geometry":{"type":"LineString","coordinates":[[141.6019,42.9316],[141.5988,42.9343],[141.5933,42.9363],[141.5903,42.9372],[141.5868,42.9382],[141.5834,42.9393],[141.5802,42.9402],[141.5767,42.9413],[141.5722,42.9427],[141.5689,42.9437],[141.5661,42.9447],[141.563,42.9457],[141.56,42.9468],[141.5564,42.9489],[141.5534,42.9506],[141.5482,42.9537],[141.5454,42.9554],[141.5426,42.957],[141.54,42.9585],[141.5374,42.9602],[141.5341,42.9623],[141.5309,42.9643],[141.5278,42.9663],[141.5243,42.9685],[141.5219,42.97],[141.5183,42.9723],[141.5143,42.9748],[141.5122,42.9762],[141.5081,42.979],[141.5047,42.9812],[141.5015,42.9835],[141.4972,42.9855],[141.4934,42.9873],[141.4898,42.989],[141.4856,42.9911],[141.4826,42.9925],[141.4789,42.9943],[141.4766,42.9954],[141.474,42.9966],[141.4717,42.9977],[141.469,42.9993],[141.4658,43.0012],[141.4631,43.0029],[141.4601,43.0047],[141.4577,43.0062],[141.455,43.0078],[141.4524,43.0093],[141.4494,43.0111],[141.4467,43.0128],[141.4432,43.014],[141.4396,43.0152],[141.4352,43.0167],[141.4309,43.018],[141.4266,43.0195],[141.4231,43.0206],[141.4183,43.0223]]},"properties":{"name":"\u5341\u52dd\u5e79\u7dda","loading_pct":9.4,"p_mw":45.5}},{"type":"Feature","geometry":{"type":"LineString","coordinates":[[141.37,43.0193],[141.3704,43.0212],[141.3697,43.0216],[141.3711,43.023],[141.3729,43.0249],[141.3753,43.027],[141.3769,43.0284],[141.3783,43.0297],[141.3804,43.0301],[141.3815,43.0303],[141.381,43.0314],[141.3808,43.0319],[141.383,43.0339],[141.3851,43.0358],[141.3872,43.0378],[141.3894,43.0398],[141.3915,43.0416],[141.3933,43.0433],[141.3954,43.0451],[141.3975,43.047],[141.3997,43.0491],[141.402,43.0511],[141.404,43.053],[141.4046,43.0545],[141.4052,43.0562],[141.4057,43.0577],[141.4058,43.0592]]},"properties":{"name":"\u767d\u77f3\u4e2d\u592e","loading_pct":0.7,"p_mw":0.5}},{"type":"Feature","geometry":{"type":"LineString","coordinates":[[140.5865,42.8075],[140.5866,42.8069],[140.5862,42.8061],[140.5874,42.8059],[140.5886,42.8057],[140.5898,42.8056],[140.5912,42.8054],[140.593,42.8052],[140.5952,42.8051],[140.5963,42.8052],[140.5975,42.8053],[140.5999,42.8056],[140.6009,42.8057],[140.605,42.8061],[140.6063,42.8062],[140.6075,42.8064],[140.6087,42.8065],[140.61,42.8066],[140.6113,42.8068],[140.6126,42.8069],[140.6139,42.807],[140.6153,42.8071],[140.6177,42.8074],[140.6197,42.8076],[140.6208,42.8077],[140.6217,42.8078],[140.6233,42.808],[140.6247,42.8082],[140.6262,42.8084],[140.6272,42.8085],[140.6281,42.8087],[140.6289,42.8089],[140.6297,42.8091],[140.6305,42.8092],[140.6308,42.8102],[140.6319,42.8103],[140.6331,42.8103],[140.6346,42.8101],[140.6358,42.8103],[140.6375,42.8107],[140.6379,42.8108],[140.6398,42.8112],[140.6408,42.8114],[140.6417,42.8116],[140.6431,42.8119],[140.644,42.8121],[140.6451,42.8123],[140.646,42.8126],[140.647,42.8128],[140.6481,42.813],[140.6506,42.8137],[140.6519,42.8141],[140.6544,42.8148],[140.6555,42.8151],[140.6566,42.8154],[140.658,42.8158],[140.6617,42.8169],[140.664,42.8175],[140.6658,42.8181],[140.6667,42.8183],[140.6682,42.8187],[140.6697,42.8192],[140.6709,42.8197],[140.6719,42.8202],[140.673,42.8206],[140.675,42.8207],[140.6762,42.821],[140.6775,42.8214],[140.6789,42.8217],[140.6811,42.8224],[140.6823,42.8228],[140.6822,42.8226]]},"properties":{"name":"\u6606\u5e03\u7dda","loading_pct":17.3,"p_mw":-11.9}},{"type":"Feature","geometry":{"type":"LineString","coordinates":[[140.8951,42.8063],[140.8952,42.8059],[140.8953,42.8038],[140.8954,42.8015],[140.8944,42.8005],[140.8923,42.7985],[140.884,42.7963],[140.8729,42.7935],[140.8703,42.7928],[140.8657,42.7916],[140.857,42.7893],[140.8481,42.787],[140.8445,42.7861],[140.841,42.7852],[140.8394,42.7848],[140.8376,42.7843],[140.8342,42.7834],[140.8308,42.7825],[140.8274,42.7816],[140.8221,42.7803],[140.819,42.7793],[140.8157,42.7784],[140.812,42.7777],[140.8107,42.776],[140.8067,42.7762],[140.8027,42.7763],[140.7986,42.7765],[140.7947,42.7764],[140.7914,42.7763],[140.7875,42.7761],[140.7849,42.7764],[140.782,42.7767],[140.7787,42.7771],[140.7756,42.7774],[140.7717,42.7779],[140.7678,42.7783],[140.7645,42.7787],[140.7614,42.779],[140.7582,42.7793],[140.754,42.7798],[140.7484,42.7804],[140.7451,42.7808],[140.7418,42.7811],[140.7377,42.7816],[140.7348,42.7819],[140.7315,42.7822],[140.7271,42.7827],[140.7215,42.7833],[140.7167,42.7839],[140.713,42.7844],[140.7089,42.7849],[140.7044,42.7855],[140.7006,42.786],[140.6968,42.7864],[140.692,42.787],[140.6891,42.7872],[140.6854,42.7874],[140.6825,42.7876],[140.6797,42.7878],[140.6757,42.7881],[140.6728,42.7883],[140.6702,42.7884],[140.6664,42.7887],[140.6601,42.7891],[140.6575,42.7893],[140.6522,42.7896],[140.6477,42.7899],[140.6457,42.79],[140.6419,42.7903],[140.6383,42.7905],[140.6349,42.7907],[140.632,42.7917],[140.6295,42.7926],[140.6272,42.7934],[140.6241,42.7945],[140.6217,42.7954],[140.618,42.7967],[140.6151,42.7977],[140.6129,42.7984],[140.6076,42.8003],[140.6043,42.8014],[140.6015,42.8024],[140.5996,42.8031],[140.5972,42.804],[140.593,42.8052],[140.5913,42.8059],[140.5894,42.8066],[140.5884,42.8069],[140.5866,42.8069],[140.5865,42.8075]]},"properties":{"name":"\u5c3b\u5225\u7dda","loading_pct":23.3,"p_mw":16.0}},{"type":"Feature","geometry":{"type":"LineString","coordinates":[[141.3898,43.5794],[141.3898,43.5794],[141.3898,43.5793],[141.3898,43.5783],[141.3895,43.577],[141.3889,43.5761],[141.3876,43.5746],[141.3871,43.5737],[141.3866,43.5729],[141.3855,43.5714],[141.3845,43.57],[141.383,43.5687],[141.3831,43.5676],[141.3814,43.5628],[141.3812,43.5621],[141.3808,43.5592],[141.3799,43.5569],[141.3764,43.5549],[141.3763,43.5547],[141.3703,43.5414],[141.3708,43.5404],[141.3704,43.539],[141.3719,43.5379],[141.3742,43.5346],[141.3744,43.5341],[141.3752,43.5324],[141.3752,43.5301],[141.3745,43.5286],[141.3735,43.5282],[141.3728,43.5278],[141.3716,43.5269],[141.3738,43.5146],[141.3738,43.514],[141.3736,43.5081],[141.3732,43.5071],[141.3724,43.5048],[141.3735,43.5032],[141.3738,43.5023],[141.3742,43.5008],[141.3745,43.4995],[141.3747,43.4992],[141.3755,43.4982],[141.3758,43.4979],[141.376,43.4975],[141.3761,43.4972],[141.3765,43.4962],[141.3768,43.4961],[141.377,43.4955],[141.3773,43.4951],[141.3776,43.4948],[141.378,43.4941],[141.3781,43.4937],[141.3782,43.4933],[141.3784,43.4929],[141.3786,43.4927],[141.3791,43.4918],[141.3794,43.4914],[141.3797,43.4908],[141.38,43.4903],[141.3803,43.4899],[141.3806,43.4894],[141.3812,43.4889],[141.3821,43.4884],[141.3832,43.4878],[141.3837,43.4875],[141.3842,43.4872],[141.3847,43.4869],[141.3852,43.4866],[141.3858,43.4863],[141.3862,43.486],[141.3866,43.4858],[141.3874,43.4854],[141.388,43.4851],[141.3884,43.4848],[141.3887,43.4844],[141.3889,43.4841],[141.3893,43.4837],[141.3896,43.4833],[141.3897,43.4831],[141.3899,43.4829],[141.3903,43.4825],[141.3905,43.4822],[141.3908,43.4818],[141.391,43.4816],[141.3912,43.4814],[141.3915,43.4811],[141.3919,43.4805],[141.3922,43.4801],[141.3926,43.4798]]},"properties":{"name":"\u6d5c\u76ca\u7dda","loading_pct":31.1,"p_mw":-7.1}},{"type":"Feature","geometry":{"type":"LineString","coordinates":[[141.2765,43.192],[141.2761,43.1887],[141.2781,43.1873],[141.2806,43.1847],[141.2787,43.1833],[141.2763,43.1814],[141.2792,43.1794],[141.282,43.1773],[141.2849,43.1753],[141.2878,43.1732],[141.2898,43.1748],[141.2917,43.1761],[141.2947,43.1746],[141.298,43.1732],[141.2994,43.1747],[141.3017,43.177],[141.3046,43.1799],[141.3073,43.1826],[141.3108,43.1819],[141.3143,43.1811],[141.3155,43.1841],[141.3167,43.1871],[141.3179,43.1901],[141.3191,43.1932],[141.3204,43.1963],[141.3216,43.1994],[141.3228,43.2024],[141.3241,43.2055],[141.328,43.2048],[141.3319,43.2039],[141.3375,43.2027],[141.3416,43.2019],[141.3485,43.2024],[141.3518,43.2027],[141.3553,43.203],[141.3586,43.2033],[141.3622,43.2036],[141.3656,43.2038],[141.3691,43.2041],[141.3724,43.2044],[141.3759,43.2048],[141.3793,43.2053],[141.3829,43.2057],[141.3859,43.2062],[141.3937,43.2073],[141.3978,43.2079],[141.4018,43.2086],[141.4055,43.2106],[141.4092,43.2127],[141.4119,43.2142],[141.4156,43.216],[141.4187,43.2177],[141.4183,43.2212],[141.4178,43.2252],[141.4233,43.2268],[141.4287,43.2285],[141.434,43.2299],[141.4383,43.2311],[141.4423,43.2321],[141.4474,43.2335],[141.4498,43.2362],[141.4506,43.2344]]},"properties":{"name":"\u77f3\u72e9\u6e7e\u65b0\u6e2f\u767a\u96fb\u6240\u7dda","loading_pct":12.0,"p_mw":113.9}},{"type":"Feature","geometry":{"type":"LineString","coordinates":[[141.281,43.106],[141.3246,43.1055]]},"properties":{"name":"\u65b0\u7434\u4f3c\u7dda","loading_pct":10.4,"p_mw":7.1}},{"type":"Feature","geometry":{"type":"LineString","coordinates":[[141.2749,43.1006],[141.2779,43.1036]]},"properties":{"name":"\u5bae\u306e\u6ca2\u5730\u4e2d\u7dda","loading_pct":10.4,"p_mw":-7.1}},{"type":"Feature","geometry":{"type":"LineString","coordinates":[[141.281,43.106],[141.2796,43.105],[141.2779,43.1036]]},"properties":{"name":"\u4ed6\u793e\u7dda","loading_pct":20.8,"p_mw":14.2}},{"type":"Feature","geometry":{"type":"LineString","coordinates":[[141.3008,43.0879],[141.3153,43.0774]]},"properties":{"name":"\u6851\u5712\u5730\u4e2d\u7dda","loading_pct":10.4,"p_mw":7.1}},{"type":"Feature","geometry":{"type":"LineString","coordinates":[[140.7213,42.825],[140.7191,42.8274],[140.7164,42.8289],[140.7141,42.8301],[140.7081,42.8294],[140.7075,42.8293],[140.7069,42.8292],[140.7018,42.8283],[140.6984,42.8273],[140.6958,42.8265],[140.6918,42.8254],[140.6895,42.8248],[140.686,42.8238],[140.6844,42.8233],[140.6832,42.823],[140.6825,42.8228],[140.6822,42.8226]]},"properties":{"name":"\u30cb\u30bb\u30b3\u5c3b\u5225\u652f\u7dda","loading_pct":18.5,"p_mw":12.7}},{"type":"Feature","geometry":{"type":"LineString","coordinates":[[140.8515,42.8789],[140.8513,42.8788],[140.8513,42.8765],[140.8512,42.8713],[140.8566,42.862],[140.8575,42.8605],[140.8585,42.8591],[140.8603,42.8563],[140.8612,42.8544],[140.8627,42.8519],[140.8641,42.8502],[140.8744,42.832],[140.878,42.8263],[140.8789,42.825],[140.88,42.8233],[140.8811,42.8217],[140.8822,42.82],[140.8832,42.8184],[140.8843,42.8168],[140.8853,42.8153],[140.886,42.8136],[140.8861,42.8136],[140.8872,42.8122],[140.8898,42.8092],[140.8949,42.806],[140.8951,42.8063]]},"properties":{"name":"\u7559\u7523\u7dda","loading_pct":33.7,"p_mw":23.1}},{"type":"Feature","geometry":{"type":"LineString","coordinates":[[140.7467,42.8976],[140.7282,42.8877],[140.7281,42.8857],[140.7281,42.8842],[140.7281,42.8835],[140.7285,42.8828],[140.7307,42.8827],[140.7246,42.87]]},"properties":{"name":"\u5c71\u7530\u652f\u7dda","loading_pct":42.4,"p_mw":29.1}},{"type":"Feature","geometry":{"type":"LineString","coordinates":[[141.4173,43.3157],[141.4208,43.3145],[141.4225,43.3161],[141.4229,43.3178],[141.4226,43.3189],[141.4234,43.3201],[141.4239,43.3211],[141.4246,43.3221],[141.4252,43.3228],[141.4259,43.3234],[141.4272,43.3247],[141.428,43.3255],[141.4281,43.3264],[141.4283,43.3273],[141.4293,43.3292],[141.431,43.3303],[141.4342,43.3322],[141.4352,43.3328],[141.4357,43.3337],[141.4362,43.335],[141.4367,43.3362],[141.4364,43.3381],[141.436,43.3399],[141.4363,43.3415],[141.4364,43.3423],[141.4365,43.3431],[141.4365,43.3439],[141.4366,43.3447],[141.4367,43.3455],[141.4368,43.3461],[141.4369,43.3471],[141.437,43.3482],[141.4367,43.3497],[141.4364,43.3505],[141.4345,43.3546],[141.4337,43.3573],[141.4344,43.3651],[141.4347,43.3686],[141.4349,43.3703],[141.4352,43.3736],[141.4354,43.3753],[141.4356,43.3769],[141.4355,43.3789],[141.4352,43.3816],[141.4352,43.3843],[141.4353,43.3852],[141.4361,43.3875],[141.437,43.3884],[141.4383,43.3897],[141.4387,43.3903],[141.4389,43.393],[141.4386,43.3935],[141.4368,43.3949]]},"properties":{"name":"\u539a\u7530\u7dda","loading_pct":93.4,"p_mw":21.3}},{"type":"Feature","geometry":{"type":"LineString","coordinates":[[141.4368,43.3949],[141.4389,43.3954],[141.4395,43.3966],[141.4392,43.3975],[141.4402,43.3989],[141.4399,43.3995],[141.4385,43.4008],[141.4363,43.4016],[141.4369,43.4027],[141.4359,43.404],[141.4336,43.4117],[141.4344,43.4131],[141.4312,43.4193],[141.4301,43.4212],[141.4267,43.4242],[141.4255,43.4281],[141.4246,43.4289],[141.424,43.4298],[141.4233,43.4307],[141.4233,43.4316],[141.4189,43.4382],[141.4165,43.4394],[141.4147,43.442],[141.4143,43.4423],[141.4138,43.4429],[141.4135,43.4442],[141.4133,43.4456],[141.4127,43.4464],[141.4125,43.447],[141.412,43.4475],[141.4126,43.4512],[141.4123,43.4528],[141.4092,43.4562],[141.4103,43.4606],[141.4043,43.4659],[141.4043,43.467],[141.405,43.4675],[141.4055,43.4682],[141.4053,43.4695],[141.4042,43.4708],[141.4038,43.4711],[141.4038,43.4732],[141.403,43.4739],[141.4026,43.4741],[141.4014,43.4746],[141.3997,43.4752],[141.3978,43.4759],[141.3957,43.4768],[141.3941,43.4775],[141.3935,43.478],[141.3934,43.4785],[141.3931,43.4792],[141.3926,43.4798]]},"properties":{"name":"\u6d5c\u76ca\u7dda","loading_pct":62.3,"p_mw":14.2}},{"type":"Feature","geometry":{"type":"LineString","coordinates":[[141.4384,42.7894],[141.4408,42.7899],[141.4416,42.7894],[141.4426,42.7888],[141.4437,42.7887],[141.4448,42.7885],[141.4458,42.7884],[141.4468,42.7883],[141.4479,42.7882],[141.449,42.788],[141.4501,42.7883],[141.4511,42.7885],[141.4522,42.7888],[141.4531,42.789],[141.4543,42.7893],[141.4554,42.789],[141.4619,42.7875],[141.463,42.7872],[141.4873,42.79],[141.4947,42.7919],[141.496,42.7923],[141.5038,42.7938],[141.5048,42.7939],[141.506,42.794],[141.5061,42.794],[141.5061,42.794],[141.514,42.7931],[141.5255,42.7917],[141.5297,42.7926],[141.5386,42.7973],[141.5397,42.7979],[141.5553,42.8014],[141.5555,42.8022],[141.5556,42.803],[141.5555,42.8033]]},"properties":{"name":"\u014cji Seishi Kabushiki kaisha 66.0kV\u7dda","loading_pct":10.4,"p_mw":7.1}},{"type":"Feature","geometry":{"type":"LineString","coordinates":[[141.9519,43.8127],[141.9694,43.8101],[141.9738,43.8093],[141.9772,43.8094],[141.9817,43.8103],[141.9842,43.8082],[141.9868,43.8061],[141.995,43.7998],[141.9996,43.7973],[142.0033,43.7952],[142.0069,43.7934],[142.0106,43.7939],[142.0137,43.7944],[142.017,43.7949],[142.023,43.795],[142.0258,43.7951],[142.0287,43.795],[142.0339,43.7949],[142.038,43.7947],[142.0423,43.7945],[142.0462,43.7941],[142.0516,43.7934],[142.0556,43.7929],[142.061,43.7922],[142.0652,43.7916],[142.0675,43.7938],[142.0702,43.7963],[142.0724,43.7984],[142.0762,43.801],[142.0788,43.8027],[142.0824,43.8052],[142.0859,43.8075],[142.0889,43.8113],[142.0934,43.8138],[142.0963,43.8155],[142.0995,43.8174],[142.1019,43.819],[142.1051,43.8217],[142.1079,43.8224],[142.1124,43.8236],[142.1151,43.8243],[142.1189,43.8253],[142.1195,43.827],[142.12,43.829],[142.1224,43.8309],[142.1257,43.8335],[142.1283,43.8356],[142.1331,43.8368],[142.1383,43.838],[142.1405,43.8405],[142.1459,43.842],[142.1511,43.8435],[142.1554,43.8447],[142.1608,43.8435],[142.1643,43.8427],[142.169,43.8417],[142.1723,43.8387],[142.1758,43.8355],[142.1795,43.8338],[142.1825,43.8323],[142.1861,43.8305],[142.1896,43.8288],[142.192,43.8276],[142.1957,43.8264],[142.1992,43.8253],[142.2049,43.8238],[142.2085,43.8229],[142.2122,43.8219],[142.2169,43.8225],[142.2207,43.823],[142.2242,43.8234],[142.2282,43.8239],[142.2321,43.8244],[142.2378,43.8252],[142.2435,43.8242],[142.2478,43.8234],[142.2513,43.8228],[142.254,43.8223],[142.2594,43.8222],[142.2628,43.8221],[142.2661,43.8206],[142.2687,43.8194],[142.2733,43.8186],[142.2805,43.8154]]},"properties":{"name":"\u9053\u5317\u5e79\u7dda (D\u014dhoku-kansen)","loading_pct":36.8,"p_mw":178.7}},{"type":"Feature","geometry":{"type":"LineString","coordinates":[[141.8907,43.5757],[141.8865,43.5776],[141.8809,43.58],[141.8781,43.5812],[141.8759,43.5821],[141.8725,43.5831],[141.8691,43.584],[141.8659,43.5848],[141.863,43.5856],[141.8604,43.5862],[141.8564,43.5873],[141.8536,43.588],[141.8504,43.5889],[141.8495,43.5897],[141.8488,43.5923],[141.8478,43.5948],[141.8459,43.5995],[141.8449,43.6047],[141.8442,43.6083],[141.8434,43.6125],[141.8428,43.616],[141.8423,43.6192],[141.8418,43.6215],[141.8412,43.6256],[141.8409,43.6287],[141.8408,43.632],[141.8407,43.6347],[141.8406,43.6366],[141.8405,43.6391],[141.8404,43.6416],[141.8402,43.6449],[141.8401,43.6475],[141.84,43.6508],[141.8398,43.6539],[141.8397,43.6563],[141.8396,43.6591],[141.8395,43.6627],[141.8409,43.6656],[141.8422,43.6684],[141.8432,43.6704],[141.8442,43.6724],[141.8454,43.6749],[141.8466,43.6775],[141.8475,43.6793],[141.8489,43.6824],[141.8495,43.6835],[141.8501,43.6849],[141.8518,43.6884],[141.853,43.691],[141.8543,43.6936],[141.8556,43.6963],[141.8572,43.6997],[141.8585,43.7025],[141.8608,43.7033],[141.8651,43.7049],[141.8673,43.7063],[141.8727,43.7096],[141.8757,43.7114],[141.8792,43.7133],[141.8858,43.7169],[141.8909,43.7196],[141.8942,43.7215],[141.8968,43.7229],[141.8998,43.7245],[141.9029,43.7262],[141.9059,43.7278],[141.9092,43.7284],[141.9147,43.7293],[141.9176,43.7298],[141.9211,43.7303],[141.9244,43.7309],[141.9277,43.7314],[141.9311,43.7324],[141.9347,43.7334],[141.9381,43.7343],[141.9416,43.7352],[141.9451,43.7361],[141.9485,43.737],[141.9577,43.7396],[141.9644,43.7417],[141.9681,43.7429],[141.9715,43.744],[141.9749,43.7451],[141.9787,43.7463],[141.983,43.7475],[141.986,43.7485],[141.9896,43.7501],[141.9926,43.7513],[141.9953,43.7524],[141.9984,43.7537],[142.0016,43.7549],[142.0043,43.756],[142.0072,43.7571],[142.011,43.7582],[142.0141,43.759],[142.0176,43.76],[142.0225,43.7614],[142.027,43.7627],[142.0302,43.7636],[142.0342,43.7647],[142.0365,43.7654],[142.0407,43.7666],[142.0432,43.7673],[142.0465,43.7682],[142.0497,43.7691],[142.0544,43.7704],[142.0591,43.7718],[142.0621,43.773],[142.0651,43.7741],[142.0686,43.7755],[142.0718,43.7766],[142.074,43.7773],[142.077,43.7783],[142.0798,43.7792],[142.0839,43.7806],[142.0884,43.7821],[142.0911,43.783],[142.0962,43.7847],[142.0993,43.7857],[142.1039,43.7873],[142.1085,43.7888],[142.1129,43.7903],[142.1175,43.7913],[142.1208,43.7921],[142.1241,43.7928],[142.1273,43.7936],[142.1302,43.7942],[142.133,43.7949],[142.1358,43.7955],[142.1389,43.7962],[142.1424,43.797],[142.1467,43.798],[142.1515,43.7991],[142.154,43.8012],[142.1562,43.8029],[142.1587,43.805],[142.1613,43.8071],[142.1655,43.8077],[142.1689,43.8082],[142.1725,43.8088],[142.1765,43.8093],[142.1798,43.8098],[142.1824,43.8094],[142.1869,43.8087],[142.1893,43.8083],[142.1923,43.8079],[142.1956,43.8073],[142.1992,43.8066],[142.2043,43.8055],[142.2074,43.8049],[142.212,43.8039],[142.2149,43.8041],[142.2188,43.8044],[142.2245,43.8049],[142.228,43.8051],[142.2322,43.8054],[142.2372,43.8057],[142.2412,43.806],[142.2444,43.8074],[142.2477,43.8088],[142.2507,43.8093],[142.2552,43.8097],[142.26,43.8101],[142.2636,43.8104],[142.2681,43.8108],[142.2724,43.8112],[142.2766,43.8116],[142.2818,43.8119],[142.2858,43.8124],[142.2884,43.8126],[142.2911,43.8128],[142.295,43.8131],[142.2971,43.8133],[142.2992,43.8135],[142.3036,43.8138],[142.3079,43.8142],[142.3114,43.8118],[142.3142,43.8101],[142.3166,43.8086],[142.3192,43.8068],[142.323,43.8062]]},"properties":{"name":"\u65ed\u5ddd\u5e79\u7dda","loading_pct":17.1,"p_mw":83.0}},{"type":"Feature","geometry":{"type":"LineString","coordinates":[[144.2171,43.8324],[144.214,43.8281],[144.2133,43.8219],[144.2141,43.8186],[144.2148,43.8154],[144.2157,43.8113],[144.2162,43.8092],[144.2162,43.8067],[144.2169,43.8037],[144.2174,43.8011],[144.2179,43.7986],[144.2162,43.7956],[144.2147,43.793],[144.2129,43.7897],[144.2108,43.786],[144.2106,43.7818],[144.2105,43.7782],[144.2103,43.7741],[144.2102,43.7702],[144.2101,43.7657],[144.21,43.7624],[144.2099,43.7595],[144.2098,43.756],[144.2096,43.7533],[144.2092,43.7498],[144.2088,43.7465],[144.2086,43.7437],[144.2066,43.7401],[144.2054,43.738],[144.2031,43.7337],[144.2025,43.7309],[144.2019,43.7293],[144.2017,43.7266],[144.201,43.7231],[144.2005,43.7208],[144.1998,43.7174],[144.199,43.7131],[144.1984,43.7103],[144.198,43.7081],[144.1961,43.7059],[144.1942,43.7037],[144.1919,43.7015],[144.1882,43.6979],[144.1863,43.6959],[144.1841,43.6938],[144.1819,43.6916],[144.18,43.6889],[144.1771,43.6848],[144.1733,43.6796],[144.1703,43.6755],[144.1682,43.6726],[144.166,43.6695],[144.1647,43.6678],[144.1625,43.6647],[144.1606,43.6626],[144.1573,43.6593],[144.1554,43.6574],[144.1533,43.6553],[144.1501,43.652],[144.1474,43.6492],[144.1447,43.6467],[144.1431,43.6451],[144.1414,43.6437],[144.1379,43.6407],[144.1347,43.6378],[144.1323,43.6356],[144.1299,43.6334],[144.1258,43.6297],[144.124,43.6281],[144.121,43.6254],[144.1174,43.6222],[144.1149,43.6199],[144.112,43.6172],[144.1081,43.6146],[144.1049,43.612],[144.1027,43.6102],[144.0995,43.6076],[144.097,43.6056],[144.0949,43.6038],[144.0917,43.6012],[144.0889,43.5989],[144.0853,43.5959],[144.0809,43.5923],[144.0772,43.5893],[144.0735,43.5864],[144.0706,43.5839],[144.0675,43.5806],[144.0653,43.5781],[144.0636,43.5763],[144.0617,43.5743],[144.0583,43.5706],[144.0559,43.568],[144.0532,43.5657],[144.0496,43.5627],[144.0464,43.56],[144.0431,43.5572],[144.0392,43.5538],[144.0364,43.5515],[144.0328,43.5499],[144.0286,43.5479],[144.0239,43.5458],[144.0195,43.5439],[144.0164,43.5424],[144.0124,43.5407],[144.0082,43.5387],[144.0045,43.5371],[144.0008,43.5353],[143.9984,43.5333],[143.9952,43.5304],[143.9936,43.5279],[143.9916,43.5243],[143.9895,43.5208],[143.99,43.5181],[143.9907,43.5146],[143.991,43.5122],[143.9932,43.5095],[143.9947,43.5073],[143.9965,43.5049],[143.9985,43.5021],[143.9999,43.5001],[144.0014,43.498],[144.0032,43.4956],[144.0049,43.4931],[144.0038,43.489],[144.0032,43.4867],[144.0023,43.4835],[144.0016,43.4808],[144.0009,43.478],[144.0001,43.4749],[143.9992,43.4719],[143.9981,43.4681],[143.9972,43.4651],[143.9962,43.4614],[143.9953,43.4587],[143.9944,43.4553],[143.9934,43.4523],[143.9924,43.4488],[143.9917,43.4461],[143.9909,43.4435],[143.9902,43.4407],[143.9891,43.437],[143.9855,43.4349],[143.9818,43.4328],[143.9788,43.4311],[143.9746,43.4287],[143.9716,43.427],[143.9685,43.4252],[143.9653,43.4234],[143.9613,43.4211],[143.9583,43.4194],[143.9543,43.4171],[143.9511,43.4154],[143.9475,43.4133],[143.9436,43.4111],[143.94,43.409],[143.9359,43.4074],[143.9316,43.4057],[143.9284,43.4044],[143.925,43.403],[143.9217,43.4017],[143.9181,43.4003],[143.9155,43.3992],[143.9101,43.3971],[143.9058,43.3953],[143.9028,43.3941],[143.8995,43.3928],[143.8957,43.3912],[143.8918,43.3895],[143.8885,43.388],[143.8825,43.3853],[143.879,43.3838],[143.8749,43.3821],[143.8718,43.3807],[143.8676,43.3789],[143.8647,43.3765],[143.8626,43.3749],[143.8587,43.3717],[143.8566,43.3701],[143.854,43.3682],[143.8506,43.3657],[143.8478,43.3637],[143.8454,43.362],[143.841,43.3589],[143.8362,43.3563],[143.834,43.355],[143.8298,43.3526],[143.827,43.3507],[143.8227,43.3475],[143.8204,43.346],[143.8172,43.3437],[143.814,43.3412],[143.8104,43.3384],[143.8059,43.3348],[143.8014,43.3313],[143.7978,43.3285],[143.7952,43.3265],[143.7927,43.3245],[143.7905,43.3228],[143.7876,43.3205],[143.7835,43.3173],[143.7813,43.3155],[143.7777,43.3126],[143.7738,43.3097],[143.77,43.3069],[143.7677,43.3051],[143.7641,43.3024],[143.7594,43.2989],[143.7555,43.2959],[143.7515,43.2929],[143.7487,43.2908],[143.7438,43.2871],[143.7391,43.2836],[143.7361,43.2814],[143.7334,43.2794],[143.7308,43.2774],[143.7284,43.2755],[143.7251,43.273],[143.7228,43.2713],[143.7192,43.2698],[143.7153,43.2683],[143.7105,43.2665],[143.7049,43.2643],[143.6993,43.2621],[143.6956,43.2607],[143.6921,43.2593],[143.6883,43.2576],[143.6852,43.2561],[143.681,43.2542],[143.6773,43.2525],[143.674,43.2511],[143.6688,43.2487],[143.6648,43.2469],[143.6612,43.2452],[143.6586,43.2441],[143.6545,43.2423],[143.6513,43.2414],[143.6473,43.2404],[143.642,43.2391],[143.6377,43.238],[143.6335,43.2369],[143.6294,43.2359],[143.6259,43.235],[143.621,43.2337],[143.615,43.2335],[143.6106,43.2334],[143.6067,43.2333],[143.6016,43.2332],[143.5976,43.2331],[143.5933,43.233],[143.5883,43.2329],[143.5832,43.2327],[143.5784,43.2326],[143.5742,43.2325],[143.5694,43.2323],[143.5663,43.2323],[143.5627,43.2321],[143.5598,43.2317],[143.5566,43.2307],[143.5534,43.2297],[143.5507,43.2289],[143.5472,43.2293],[143.5456,43.2287],[143.5454,43.2276],[143.5465,43.2265]]},"properties":{"name":"\u5317\u898b\u6771\u7dda","loading_pct":4.2,"p_mw":-20.5}},{"type":"Feature","geometry":{"type":"LineString","coordinates":[[143.2545,43.3613],[143.2546,43.3592],[143.2614,43.3578],[143.2717,43.3557],[143.2743,43.3555],[143.2822,43.3547],[143.2866,43.3542],[143.29,43.3539],[143.2927,43.3525],[143.2952,43.3512],[143.2985,43.3495],[143.3013,43.348],[143.3043,43.3465],[143.3073,43.345],[143.31,43.3435],[143.3124,43.3416],[143.3149,43.3397],[143.3176,43.3375],[143.3205,43.3351],[143.3231,43.3331],[143.3251,43.3315],[143.3278,43.3293],[143.3299,43.3276],[143.3323,43.3257],[143.3356,43.323],[143.3394,43.32],[143.3417,43.3181],[143.3443,43.3161],[143.347,43.3139],[143.3489,43.3123],[143.3512,43.3105],[143.3536,43.3086],[143.3559,43.3067],[143.3583,43.3048],[143.3604,43.3031],[143.3631,43.3009],[143.3657,43.2988],[143.3684,43.2975],[143.3713,43.2962],[143.3747,43.2945],[143.3804,43.2918],[143.383,43.2905],[143.386,43.2891],[143.3887,43.2878],[143.3916,43.2864],[143.3946,43.285],[143.397,43.2838],[143.4006,43.2821],[143.404,43.2805],[143.4081,43.2785],[143.4122,43.2765],[143.4141,43.2756],[143.417,43.2743],[143.4214,43.2722],[143.4244,43.2707],[143.4283,43.2689],[143.4323,43.267],[143.4373,43.2665],[143.443,43.2658],[143.4468,43.2659],[143.4505,43.2657],[143.4536,43.2656],[143.4563,43.2655],[143.4592,43.2654],[143.4642,43.2652],[143.467,43.2651],[143.4727,43.2648],[143.4747,43.264],[143.457,43.2549]]},"properties":{"name":"\u9ed2\u77f3\u5e73\u5909\u96fb\u6240~\u8db3\u5bc4\u753a\u5909\u96fb\u6240\u7dda","loading_pct":1.2,"p_mw":6.0}},{"type":"Feature","geometry":{"type":"LineString","coordinates":[[143.394,43.344],[143.3913,43.3387],[143.3931,43.3364],[143.3951,43.3338],[143.3974,43.3308],[143.4003,43.327],[143.4013,43.3257],[143.403,43.3234],[143.4046,43.3212],[143.4085,43.316],[143.4111,43.3143],[143.4134,43.3126],[143.4175,43.3098],[143.4211,43.3074],[143.4238,43.3056],[143.4267,43.3036],[143.4297,43.3015],[143.4322,43.2998],[143.4367,43.2967],[143.4385,43.2955],[143.4417,43.2933],[143.4442,43.2916],[143.449,43.2883],[143.4522,43.2861],[143.4542,43.2848],[143.4597,43.2811],[143.4645,43.2778],[143.4675,43.2757],[143.4709,43.2734],[143.4744,43.2711],[143.4776,43.2689],[143.4798,43.2674],[143.4839,43.2646],[143.4861,43.2631],[143.4887,43.2614],[143.491,43.2597],[143.4929,43.2585],[143.4962,43.2562],[143.4984,43.2548],[143.5014,43.2527],[143.5045,43.2506],[143.5079,43.2483],[143.5094,43.2473],[143.5123,43.2452],[143.5152,43.2432],[143.5172,43.2418],[143.5205,43.2395],[143.5236,43.2373],[143.5269,43.2351],[143.5296,43.2332],[143.5344,43.2299],[143.5387,43.2268],[143.5419,43.226],[143.5465,43.2265]]},"properties":{"name":"\u8db3\u5bc4\u753a\u5909\u96fb\u6240~\u8db3\u5bc4\u5909\u96fb\u6240 (Ashoro Hendensho)\u7dda","loading_pct":1.2,"p_mw":5.8}},{"type":"Feature","geometry":{"type":"LineString","coordinates":[[144.1551,43.0775],[144.1565,43.0805],[144.1562,43.0818],[144.1535,43.0818],[144.1499,43.0812],[144.1475,43.0788],[144.1461,43.0759],[144.1441,43.0742],[144.1404,43.0732],[144.1363,43.0748],[144.1309,43.0767],[144.1267,43.0781],[144.1245,43.0792],[144.1213,43.0803],[144.1163,43.0822],[144.1141,43.0834],[144.1098,43.0858],[144.1063,43.0877],[144.1037,43.0882],[144.1004,43.089],[144.0976,43.0897],[144.0948,43.0905],[144.0914,43.0913],[144.0875,43.0924],[144.0843,43.094],[144.0799,43.096],[144.0778,43.0969],[144.0727,43.0992],[144.068,43.1013],[144.066,43.1027],[144.0611,43.1037],[144.0589,43.1052],[144.0539,43.1063],[144.051,43.1071],[144.0482,43.108],[144.0427,43.1098],[144.0397,43.1107],[144.0369,43.1116],[144.0317,43.113],[144.0285,43.1138],[144.025,43.1147],[144.0211,43.1157],[144.0176,43.1166],[144.0156,43.1174],[144.0129,43.1171],[144.0094,43.1168],[144.0075,43.1167],[144.0028,43.119],[143.999,43.1211],[143.9951,43.1241],[143.9904,43.1258],[143.9842,43.1267],[143.9782,43.1276],[143.9741,43.1279],[143.9679,43.1291],[143.9638,43.1297],[143.9609,43.1302],[143.9575,43.1312],[143.952,43.1329],[143.9491,43.1335],[143.9449,43.1343],[143.9398,43.1353],[143.9363,43.136],[143.9312,43.137],[143.9276,43.1377],[143.9224,43.1385],[143.916,43.1396],[143.9136,43.1399],[143.9104,43.1403],[143.9051,43.141],[143.9007,43.1415],[143.8987,43.1418],[143.8944,43.1435],[143.8922,43.1434],[143.8868,43.1433],[143.8825,43.1444],[143.8773,43.1456],[143.8552,43.1501],[143.834,43.1586],[143.8317,43.1598],[143.822,43.1642],[143.819,43.1656],[143.8135,43.1664],[143.8069,43.1698],[143.8018,43.171],[143.7967,43.1697],[143.7907,43.1719],[143.7866,43.1734],[143.7843,43.1741],[143.7787,43.1759],[143.7741,43.1777],[143.7692,43.1798],[143.7638,43.1804],[143.7615,43.1805],[143.7581,43.1808],[143.7529,43.1814],[143.747,43.1821],[143.7431,43.1829],[143.7361,43.1824],[143.7323,43.1835],[143.7276,43.1843],[143.7218,43.185],[143.7174,43.1868],[143.7148,43.1879],[143.7116,43.1893],[143.7073,43.1912],[143.7032,43.1914],[143.7003,43.1916],[143.696,43.1919],[143.6927,43.1921],[143.6881,43.1924],[143.6809,43.1929],[143.6686,43.1939],[143.6629,43.1942],[143.6584,43.1944],[143.6553,43.1948],[143.6516,43.1952],[143.6481,43.1956],[143.6445,43.1956],[143.6402,43.1956],[143.6373,43.1956],[143.6313,43.1953],[143.6253,43.1954],[143.6198,43.1954],[143.6154,43.1954],[143.612,43.1954],[143.6062,43.1955],[143.6019,43.196],[143.5978,43.1965],[143.5941,43.196],[143.5896,43.1954],[143.5854,43.1949],[143.5835,43.1947],[143.5811,43.1935],[143.576,43.1932],[143.5725,43.1924],[143.5666,43.1926],[143.5632,43.1915],[143.5599,43.1903],[143.5565,43.1892],[143.5535,43.1881],[143.5511,43.1873],[143.5465,43.1864],[143.5438,43.1858],[143.541,43.1852],[143.5376,43.1845],[143.5333,43.1836],[143.5291,43.1834],[143.5256,43.1833],[143.522,43.1831],[143.5174,43.1835],[143.5117,43.182],[143.5062,43.1805],[143.502,43.1789],[143.4978,43.1772],[143.4933,43.1754],[143.4907,43.1744],[143.4871,43.173],[143.4834,43.1715],[143.4794,43.1703],[143.4756,43.1681],[143.4723,43.168],[143.4695,43.1679],[143.4658,43.1678],[143.4629,43.1677],[143.4601,43.1677],[143.455,43.166],[143.4503,43.1643],[143.447,43.163],[143.4442,43.1617],[143.4369,43.1587],[143.4326,43.1569],[143.4273,43.1559],[143.4228,43.1551],[143.4189,43.1544],[143.4157,43.1539],[143.4112,43.1531],[143.4063,43.1523],[143.4014,43.1514],[143.3971,43.1507],[143.3928,43.15],[143.3885,43.1492],[143.3841,43.1471],[143.3804,43.1453],[143.3769,43.1434],[143.3728,43.1429],[143.3684,43.1423],[143.3633,43.1415],[143.3582,43.1409],[143.3547,43.1399],[143.3507,43.139],[143.3468,43.1384],[143.3434,43.1377],[143.3378,43.1369],[143.3344,43.1364],[143.3309,43.136],[143.3262,43.1357],[143.3219,43.1356],[143.318,43.1358],[143.3131,43.1361],[143.3094,43.1366],[143.3047,43.1372],[143.3012,43.1376],[143.2972,43.138],[143.2928,43.1385],[143.2893,43.1376],[143.2852,43.138],[143.281,43.1385],[143.2768,43.1391],[143.2723,43.1396],[143.2675,43.1402],[143.2632,43.1408],[143.259,43.1413],[143.254,43.142],[143.2492,43.1426],[143.2454,43.1428],[143.2407,43.1434],[143.2353,43.1441],[143.2307,43.1438],[143.2264,43.1436],[143.2214,43.1434],[143.2164,43.1431],[143.2115,43.1438],[143.208,43.1442],[143.204,43.1444],[143.199,43.1454],[143.1939,43.1463],[143.189,43.1473],[143.1841,43.1482],[143.1792,43.1491],[143.1741,43.1501],[143.1699,43.1508],[143.165,43.1517],[143.16,43.1527],[143.1568,43.1529],[143.1521,43.1533],[143.1476,43.1544],[143.1429,43.1556],[143.139,43.1566],[143.1349,43.1574],[143.1314,43.158],[143.1278,43.157],[143.1244,43.1577],[143.1212,43.1583],[143.1177,43.1589],[143.1145,43.1595],[143.1109,43.1602],[143.1079,43.1607],[143.1045,43.1614],[143.1012,43.162],[143.0979,43.1626],[143.0946,43.1632],[143.0913,43.1638],[143.088,43.1644],[143.0846,43.1651],[143.0813,43.1657],[143.0777,43.1664],[143.0747,43.1669],[143.0713,43.1675],[143.0683,43.1681],[143.0647,43.1688],[143.0615,43.1694],[143.0578,43.17],[143.0539,43.1708],[143.0499,43.173],[143.0456,43.1738],[143.0421,43.1745],[143.0386,43.1751],[143.0356,43.1757],[143.032,43.1763],[143.0287,43.1764],[143.0253,43.1773],[143.0222,43.1782],[143.0188,43.1788],[143.0145,43.1777],[143.0105,43.176],[143.0062,43.1741],[143.002,43.1719],[142.9985,43.1692],[142.995,43.1671],[142.9913,43.1649],[142.9876,43.1627],[142.9845,43.1608],[142.9818,43.1592],[142.9758,43.1573],[142.9733,43.1563],[142.9672,43.1541],[142.9637,43.153],[142.9601,43.1519],[142.9549,43.1502],[142.9501,43.1487],[142.9462,43.1472],[142.9422,43.1461],[142.9034,43.1621]]},"properties":{"name":"\u9053\u6771\u5e79\u7dda","loading_pct":2.9,"p_mw":-13.9}},{"type":"Feature","geometry":{"type":"LineString","coordinates":[[143.9384,42.8992],[143.9178,42.8943],[143.9153,42.8931],[143.9106,42.891],[143.9092,42.8901],[143.9071,42.8888],[143.9059,42.8882],[143.9037,42.8869],[143.902,42.8858],[143.9004,42.8849],[143.8986,42.8838],[143.8962,42.8824],[143.8936,42.8809],[143.892,42.8799],[143.8901,42.8788],[143.8882,42.8777],[143.8863,42.8766],[143.8844,42.8754],[143.8817,42.8738],[143.8787,42.872],[143.8755,42.8701],[143.8746,42.8693],[143.8728,42.8678],[143.8699,42.8653],[143.8682,42.8639],[143.8663,42.8623],[143.8644,42.8606],[143.8629,42.8593],[143.8609,42.8576],[143.8576,42.8555],[143.8567,42.855],[143.856,42.8544],[143.8551,42.8539],[143.8524,42.8528],[143.8495,42.8515],[143.8474,42.8506],[143.8425,42.848],[143.841,42.8467],[143.8394,42.8454],[143.8379,42.8441],[143.8307,42.8407],[143.8285,42.8396],[143.8261,42.8382],[143.8248,42.8374],[143.8223,42.836],[143.8208,42.8351],[143.8188,42.833],[143.8162,42.8303],[143.815,42.8292],[143.8134,42.8273],[143.8125,42.8264],[143.81,42.8256],[143.8081,42.8249],[143.8055,42.8243],[143.8013,42.8235],[143.7994,42.8232],[143.7973,42.8231],[143.7964,42.8231],[143.7945,42.823],[143.7924,42.8237],[143.7899,42.8246],[143.7869,42.8256],[143.7832,42.8268],[143.7804,42.8278],[143.7765,42.8292],[143.7745,42.8297],[143.77,42.8308],[143.765,42.8306],[143.7616,42.8305],[143.7579,42.8304],[143.756,42.8303],[143.7521,42.8301],[143.7475,42.8298],[143.7462,42.8297],[143.7444,42.8296],[143.7412,42.8293],[143.7384,42.8282],[143.7355,42.827],[143.7321,42.8257],[143.7299,42.8248],[143.7273,42.8237],[143.7264,42.8234],[143.7229,42.822],[143.7197,42.8206],[143.7175,42.8197],[143.7145,42.8186],[143.7103,42.8189],[143.7087,42.819],[143.7032,42.8193],[143.7015,42.8193],[143.6952,42.8197],[143.6904,42.82],[143.6878,42.8201],[143.6821,42.8203],[143.6769,42.8206],[143.6702,42.8208],[143.6687,42.8208],[143.6643,42.8202],[143.661,42.8197],[143.6596,42.8195],[143.6568,42.8191],[143.6531,42.8185],[143.5845,42.8215],[143.5793,42.8217],[143.5735,42.8221],[143.5677,42.8226],[143.563,42.8229],[143.5575,42.8232],[143.5552,42.8234],[143.5517,42.8236],[143.5482,42.8232]]},"properties":{"name":"\u5341\u52dd\u53f7\u7dda","loading_pct":10.2,"p_mw":7.0}},{"type":"Feature","geometry":{"type":"LineString","coordinates":[[143.4474,42.9396],[143.4393,42.9466],[143.436,42.9481],[143.4329,42.9495],[143.4292,42.9502],[143.426,42.9508],[143.4226,42.9514],[143.4191,42.952],[143.416,42.9515],[143.4129,42.9508],[143.4101,42.9502],[143.407,42.9495],[143.4038,42.9487],[143.401,42.9487],[143.3983,42.9486],[143.3955,42.9486],[143.392,42.9485],[143.3885,42.9484],[143.386,42.9483],[143.3827,42.9483],[143.3781,42.9482],[143.3749,42.9481],[143.3727,42.9481],[143.3695,42.948],[143.3663,42.9479],[143.363,42.9479],[143.3601,42.9484],[143.3579,42.9508],[143.3571,42.9518],[143.3545,42.9518],[143.3523,42.9514],[143.3494,42.951],[143.3462,42.9505],[143.3427,42.9499],[143.3405,42.9496],[143.3337,42.9485],[143.3308,42.948],[143.3287,42.948],[143.3252,42.9467],[143.3234,42.9462],[143.3214,42.946],[143.3186,42.9457],[143.3159,42.9454],[143.3132,42.9451],[143.3102,42.9448],[143.3072,42.9444],[143.3041,42.9441],[143.3007,42.9438],[143.2978,42.9438],[143.2949,42.944],[143.2921,42.9449],[143.2896,42.9457],[143.2863,42.9467],[143.2834,42.9477],[143.2824,42.948],[143.2803,42.9487],[143.2766,42.9498],[143.2728,42.9511],[143.2695,42.9519],[143.2664,42.9526],[143.2633,42.9523],[143.2603,42.9521],[143.258,42.9536],[143.2558,42.955],[143.252,42.9559],[143.2495,42.9564],[143.247,42.9569],[143.2444,42.9575],[143.2414,42.9582],[143.238,42.9589],[143.2347,42.9596],[143.2321,42.9602],[143.2289,42.9609],[143.2259,42.9616],[143.2228,42.9623],[143.2206,42.9628],[143.2182,42.9633],[143.2083,42.9657]]},"properties":{"name":"\u5341\u52dd\u53f7\u7dda","loading_pct":12.8,"p_mw":-8.8}},{"type":"Feature","geometry":{"type":"LineString","coordinates":[[143.2083,42.9657],[143.2173,42.962],[143.2162,42.9601],[143.2167,42.9583],[143.2187,42.9581],[143.2189,42.9562],[143.2193,42.9547],[143.2213,42.9549],[143.2234,42.9529],[143.2247,42.9517],[143.2256,42.9493],[143.2265,42.9469],[143.2274,42.9443],[143.228,42.9415],[143.2286,42.9389],[143.2297,42.9345],[143.2305,42.9311],[143.2314,42.9289],[143.2315,42.9282],[143.2293,42.9266],[143.2274,42.925],[143.2258,42.9225],[143.2248,42.9203],[143.2244,42.918],[143.2075,42.8966]]},"properties":{"name":"\u5357\u90f7\u7dda","loading_pct":12.1,"p_mw":8.3}},{"type":"Feature","geometry":{"type":"LineString","coordinates":[[142.9034,43.1621],[142.9427,43.1434],[142.9448,43.1413],[142.9465,43.1389],[142.9481,43.1365],[142.9496,43.1341],[142.9511,43.1318],[142.9526,43.1294],[142.9542,43.127],[142.9559,43.1243],[142.9574,43.1219],[142.9588,43.1195],[142.9604,43.1168],[142.9619,43.1141],[142.9635,43.1113],[142.9651,43.1085],[142.9664,43.1062],[142.968,43.1034],[142.9694,43.101],[142.9708,43.0984],[142.9719,43.0965],[142.9733,43.0942],[142.9746,43.0919],[142.976,43.0894],[142.9775,43.0867],[142.979,43.0841],[142.9803,43.0818],[142.9815,43.0797],[142.9833,43.0765],[142.985,43.0736],[142.9858,43.0719],[142.9867,43.07],[142.988,43.0671],[142.9888,43.0654],[142.9897,43.0634],[142.99,43.0606],[142.9904,43.0581],[142.9912,43.0517],[142.9916,43.0487],[142.9921,43.0458],[142.9924,43.0425],[142.9927,43.0403],[142.993,43.0381],[142.9933,43.0359],[142.9936,43.0337],[142.9939,43.0314],[142.9943,43.0288],[142.9948,43.0262],[142.9952,43.0235],[142.9957,43.0207],[142.9961,43.018],[142.9965,43.0155],[142.9969,43.0128],[142.9972,43.0102],[142.9975,43.0078],[142.9979,43.005],[142.9984,43.0023],[142.9989,42.9992],[142.9993,42.9962],[142.9997,42.9935],[143.0002,42.9904],[143.0005,42.9875],[143.0009,42.9846],[143.0024,42.9826],[143.0041,42.9801],[143.0058,42.9777],[143.0076,42.9752],[143.009,42.9731],[143.0106,42.9708],[143.0122,42.9685],[143.0139,42.9661],[143.0155,42.9637],[143.0173,42.9612],[143.0189,42.959],[143.0205,42.9566],[143.0222,42.9543],[143.0226,42.9512],[143.0229,42.9482],[143.0233,42.9451],[143.0237,42.9424],[143.0241,42.9393],[143.0245,42.9367],[143.025,42.9324],[143.0255,42.929],[143.0277,42.9271],[143.0301,42.925],[143.0325,42.9228],[143.0335,42.9215]]},"properties":{"name":"\u5ca9\u677e\u897f\u7dda","loading_pct":6.4,"p_mw":31.1}},{"type":"Feature","geometry":{"type":"LineString","coordinates":[[143.2545,43.3613],[143.255,43.3661],[143.2574,43.367],[143.2606,43.3681],[143.2638,43.3692],[143.2667,43.3702],[143.2693,43.3711],[143.2723,43.3722],[143.2769,43.3738],[143.2805,43.3746],[143.285,43.3756],[143.2878,43.3762],[143.2939,43.3776],[143.2961,43.3781],[143.303,43.3796],[143.3066,43.3804],[143.3095,43.3811],[143.313,43.3819],[143.317,43.3828],[143.321,43.3836],[143.3235,43.3855],[143.3271,43.388],[143.3297,43.3899],[143.3321,43.3917],[143.3335,43.3928],[143.337,43.3954],[143.3399,43.3976],[143.3439,43.4006],[143.3469,43.4029],[143.3506,43.4057],[143.3522,43.4079],[143.354,43.41],[143.3558,43.4124],[143.3577,43.4148],[143.3598,43.416],[143.3636,43.418],[143.3685,43.4207],[143.3738,43.4235],[143.3758,43.4267],[143.3801,43.4339],[143.3812,43.4357],[143.3824,43.4377],[143.3842,43.4404],[143.3857,43.443],[143.3869,43.445],[143.3904,43.4643],[143.4054,43.497],[143.4049,43.5236],[143.4043,43.5567],[143.4118,43.5621],[143.4135,43.5632],[143.4237,43.5683],[143.4252,43.569],[143.4268,43.5698],[143.4285,43.5706],[143.4304,43.5716],[143.4323,43.5725],[143.434,43.5734],[143.4369,43.5748],[143.4388,43.5757],[143.4396,43.5773],[143.4412,43.5804],[143.443,43.5839],[143.4441,43.5873],[143.4448,43.5894],[143.4456,43.5916],[143.4466,43.5946],[143.4476,43.5975],[143.4487,43.6009],[143.4497,43.6036],[143.451,43.6075],[143.4517,43.6097],[143.4523,43.6116],[143.4532,43.6143],[143.4542,43.6173],[143.4555,43.6209],[143.4564,43.6238],[143.4576,43.6273],[143.459,43.6306],[143.4603,43.6338],[143.4612,43.6358],[143.4618,43.6375],[143.4628,43.6397],[143.4636,43.6416],[143.4646,43.6439],[143.4652,43.6453],[143.4673,43.6503],[143.4695,43.6521],[143.4725,43.6546],[143.4739,43.6557],[143.4758,43.6572],[143.4781,43.6591],[143.481,43.6615],[143.4843,43.6642],[143.4859,43.666],[143.4882,43.6687],[143.4908,43.6717],[143.4925,43.6737],[143.4942,43.6756],[143.4962,43.678],[143.4979,43.6799],[143.4999,43.6823],[143.5022,43.6849],[143.509,43.6928],[143.5104,43.6944],[143.5128,43.6965],[143.5165,43.6988],[143.5206,43.7014],[143.5234,43.7032],[143.5259,43.7047],[143.5282,43.7062],[143.5301,43.7074],[143.5326,43.709],[143.5353,43.7106],[143.5387,43.7128],[143.5439,43.7162],[143.5479,43.7187],[143.5506,43.7204],[143.5533,43.7221],[143.556,43.7239],[143.5575,43.7248],[143.5609,43.7279],[143.5622,43.7289],[143.5661,43.7323],[143.5691,43.735],[143.5707,43.7364],[143.5733,43.7387],[143.5748,43.74],[143.5773,43.7422],[143.579,43.7437],[143.582,43.7464],[143.5837,43.7478],[143.5863,43.7501],[143.5888,43.7522],[143.591,43.7542],[143.5937,43.7566],[143.5955,43.7587],[143.5972,43.7608],[143.5986,43.7625],[143.6011,43.7654],[143.6025,43.7672],[143.6038,43.7685],[143.6031,43.7699],[143.6018,43.7727],[143.6002,43.7757]]},"properties":{"name":"\u5317\u898b\u5e79\u7dda","loading_pct":8.4,"p_mw":40.9}},{"type":"Feature","geometry":{"type":"LineString","coordinates":[[142.709,43.8409],[142.7096,43.8421],[142.7142,43.842],[142.7173,43.8416],[142.7203,43.8412],[142.7233,43.8409],[142.7262,43.8405],[142.7294,43.8401],[142.7334,43.8396],[142.7364,43.8392],[142.7395,43.8388],[142.747,43.8383],[142.7507,43.8379],[142.7568,43.837],[142.7725,43.8325],[142.7782,43.8308],[142.7811,43.83],[142.7842,43.8291],[142.7865,43.8285],[142.7897,43.8276],[142.7923,43.8268],[142.7959,43.8258],[142.7976,43.8253],[142.8,43.8246],[142.8113,43.8222],[142.8138,43.8216],[142.8171,43.8209],[142.8203,43.8202],[142.8229,43.8197],[142.8292,43.8183],[142.8327,43.8176],[142.8358,43.817],[142.8385,43.8165],[142.8411,43.816],[142.8443,43.8154],[142.8474,43.8149],[142.8541,43.8137],[142.857,43.8131],[142.8599,43.8126],[142.8622,43.8122],[142.8683,43.8111],[142.8699,43.8107],[142.8719,43.8102],[142.8754,43.8113],[142.8777,43.812],[142.8799,43.8114],[142.8821,43.8101],[142.8844,43.8087],[142.8876,43.8067],[142.8899,43.8053],[142.8922,43.8019],[142.8936,43.7997],[142.8951,43.7976],[142.8965,43.7954],[142.8978,43.7935],[142.8989,43.7914],[142.9,43.7895],[142.9014,43.7872],[142.9022,43.7853],[142.9032,43.7831],[142.9041,43.7809],[142.9051,43.7789],[142.9071,43.777],[142.91,43.7744],[142.9121,43.7728],[142.9141,43.7713],[142.9163,43.7697],[142.9185,43.7681],[142.9206,43.7666],[142.9227,43.765],[142.9249,43.7634],[142.9269,43.7619],[142.9294,43.76],[142.9314,43.7586],[142.9319,43.7513]]},"properties":{"name":"\u5b89\u8db3\u9593\u5909\u96fb\u6240~\u4e0a\u5ddd\u753a\u5909\u96fb\u6240\u7dda","loading_pct":0.2,"p_mw":-0.4}},{"type":"Feature","geometry":{"type":"LineString","coordinates":[[142.3469,43.799],[142.3429,43.8021],[142.3456,43.8032],[142.3484,43.8042],[142.3505,43.8058],[142.3524,43.8071],[142.3546,43.8087],[142.3568,43.8104],[142.359,43.8119],[142.3613,43.8135],[142.3634,43.8122],[142.3642,43.8121],[142.3663,43.8129],[142.3681,43.8141],[142.3693,43.815],[142.3715,43.8135],[142.3734,43.8121],[142.3755,43.8106],[142.3774,43.8092],[142.3791,43.808],[142.3808,43.8092],[142.381,43.8094],[142.3825,43.8104],[142.3844,43.809],[142.3866,43.8074],[142.3888,43.8059],[142.391,43.8043],[142.3931,43.8027],[142.3949,43.8014],[142.3958,43.7996],[142.398,43.7965],[142.3993,43.7949],[142.4007,43.7938],[142.3997,43.7925],[142.3998,43.7923],[142.3995,43.792],[142.3973,43.7908],[142.3956,43.7897],[142.3938,43.7886],[142.392,43.7874],[142.3937,43.786],[142.3964,43.7847],[142.3991,43.7837],[142.3997,43.7818],[142.3984,43.7795],[142.3972,43.7773],[142.3961,43.7754],[142.3949,43.7732],[142.3912,43.774]]},"properties":{"name":"\u897f\u65ed\u5ddd\u7dda","loading_pct":20.8,"p_mw":14.2}},{"type":"Feature","geometry":{"type":"LineString","coordinates":[[142.0861,43.6961],[142.2009,43.7232],[142.2183,43.7239],[142.2382,43.7323],[142.3495,43.7408]]},"properties":{"name":"\u6df1\u5ddd\u5e02\u5909\u96fb\u6240~\u795e\u5c45\u4e00\u6761\u4e8c\u5341\u4e00\u4e01\u76ee\u5909\u96fb\u6240\u7dda","loading_pct":19.8,"p_mw":13.6}},{"type":"Feature","geometry":{"type":"LineString","coordinates":[[142.4376,43.8014],[142.4353,43.8004],[142.4328,43.7989],[142.4304,43.7973],[142.4279,43.7958],[142.4253,43.7941],[142.4232,43.7929],[142.4206,43.7912],[142.4178,43.7895],[142.4156,43.788],[142.413,43.7864],[142.4105,43.7849],[142.408,43.7833],[142.406,43.7813],[142.4046,43.7802],[142.4053,43.7793],[142.4038,43.7784],[142.4015,43.7766],[142.4034,43.775],[142.4005,43.7741],[142.3986,43.7735],[142.3963,43.7729],[142.3938,43.7731],[142.3912,43.774]]},"properties":{"name":"\u6c38\u5c71\u7dda","loading_pct":10.4,"p_mw":-7.1}},{"type":"Feature","geometry":{"type":"LineString","coordinates":[[143.2075,42.8966],[143.2065,42.8966],[143.207,42.8947],[143.2067,42.8947],[143.2069,42.8932],[143.2072,42.8919],[143.2098,42.892],[143.2148,42.8905],[143.2142,42.8886],[143.2138,42.8865],[143.213,42.8836],[143.2124,42.8812],[143.2119,42.8786],[143.2113,42.8762],[143.2107,42.8738],[143.2094,42.8715],[143.2075,42.8694],[143.205,42.8676],[143.2028,42.8658],[143.2012,42.8637],[143.1996,42.8615],[143.199,42.8589],[143.1983,42.8561],[143.1977,42.8534],[143.1967,42.8511],[143.1935,42.8522],[143.1899,42.8531]]},"properties":{"name":"\u5ddd\u897f\u7dda","loading_pct":1.8,"p_mw":1.2}},{"type":"Feature","geometry":{"type":"LineString","coordinates":[[143.4474,42.9396],[143.4472,42.9394],[143.447,42.9392],[143.4458,42.9391],[143.4446,42.939],[143.4434,42.9389],[143.4422,42.9388],[143.4413,42.9382],[143.4365,42.9384],[143.4338,42.9386],[143.432,42.9377],[143.4311,42.9377],[143.4301,42.9376],[143.4289,42.9375],[143.4278,42.9374],[143.4266,42.9373],[143.4254,42.9372],[143.4243,42.9371],[143.4231,42.937],[143.4219,42.937],[143.4209,42.9369],[143.4198,42.9371],[143.4188,42.9373],[143.4179,42.9375],[143.4168,42.9376],[143.4156,42.9372],[143.4145,42.9368],[143.4138,42.9365],[143.413,42.9362],[143.4122,42.9359],[143.4112,42.9356],[143.4103,42.9353],[143.4094,42.9349],[143.4084,42.9346],[143.4076,42.9342],[143.4067,42.9339],[143.4058,42.9336],[143.405,42.9333],[143.4041,42.933],[143.4032,42.9327],[143.4023,42.9323],[143.4014,42.932],[143.4006,42.9317],[143.3997,42.9314],[143.3988,42.9311],[143.3979,42.9308],[143.3971,42.9304],[143.3962,42.9301],[143.3953,42.9298],[143.3945,42.9295],[143.3936,42.9292],[143.3927,42.9288],[143.3918,42.9285],[143.3911,42.9282],[143.3898,42.9277],[143.3884,42.9272],[143.3851,42.9264],[143.3801,42.9252],[143.3771,42.9244],[143.3758,42.9243],[143.3749,42.9241],[143.3739,42.9238],[143.373,42.9236],[143.3721,42.9234],[143.3711,42.9231],[143.3705,42.9227],[143.37,42.9222],[143.3692,42.9217],[143.3686,42.9211],[143.3679,42.9206],[143.3672,42.9201],[143.3665,42.9195],[143.3659,42.919],[143.3652,42.9185],[143.3646,42.918],[143.3637,42.9176],[143.363,42.917],[143.3624,42.9164],[143.3618,42.9158],[143.3611,42.9152],[143.3604,42.9146],[143.3597,42.914],[143.3598,42.9135],[143.3599,42.9129],[143.36,42.9122],[143.36,42.9118],[143.3601,42.9115],[143.36,42.9111]]},"properties":{"name":"\u5e55\u5225\u7dda","loading_pct":31.1,"p_mw":7.1}},{"type":"Feature","geometry":{"type":"LineString","coordinates":[[141.6249,43.0611],[141.627,43.0595],[141.6292,43.0575],[141.6313,43.0551],[141.6332,43.053],[141.6348,43.0512],[141.6366,43.049],[141.6387,43.0469],[141.6407,43.0449],[141.6428,43.0428],[141.6448,43.0408],[141.6468,43.0387],[141.6488,43.0366],[141.6509,43.0345],[141.6528,43.0325],[141.6549,43.0304],[141.6562,43.029],[141.6617,43.0271],[141.6646,43.0259],[141.6679,43.0245],[141.671,43.0232],[141.6739,43.022],[141.677,43.0208],[141.6798,43.0196],[141.6827,43.0185],[141.6859,43.0173],[141.6889,43.0162],[141.6915,43.0152],[141.6942,43.0142],[141.6961,43.0132]]},"properties":{"name":"\u9577\u6cbc\u7dda (Naganuma-sen)","loading_pct":19.1,"p_mw":-13.1}},{"type":"Feature","geometry":{"type":"LineString","coordinates":[[141.5386,43.1213],[141.5404,43.127],[141.5421,43.131],[141.5445,43.1313],[141.5484,43.1317],[141.5517,43.1306],[141.555,43.1295],[141.5582,43.1284],[141.5614,43.1273],[141.5647,43.1262],[141.5679,43.1251],[141.5709,43.1241],[141.5752,43.1227],[141.577,43.121],[141.5813,43.1172],[141.5816,43.1159],[141.5804,43.115],[141.5822,43.1127],[141.5841,43.1112],[141.586,43.1094],[141.5875,43.1082],[141.589,43.1066],[141.5901,43.1053],[141.5921,43.1032],[141.5941,43.1011],[141.5932,43.0988],[141.5523,43.0901]]},"properties":{"name":"\u9577\u6cbc\u7dda (Naganuma-sen)","loading_pct":4.2,"p_mw":-2.9}},{"type":"Feature","geometry":{"type":"LineString","coordinates":[[141.729,43.1894],[141.7245,43.1924],[141.7214,43.191],[141.7188,43.1897],[141.7157,43.1883],[141.7128,43.1869],[141.7098,43.1856],[141.7073,43.1844],[141.7043,43.183],[141.7016,43.1817],[141.6985,43.1803],[141.696,43.1791],[141.6928,43.1776],[141.6903,43.1764],[141.6872,43.1749],[141.6847,43.1738],[141.6816,43.1723],[141.6784,43.1708],[141.6757,43.1696],[141.6726,43.1682],[141.6699,43.1669],[141.6667,43.1654],[141.6636,43.164],[141.6607,43.1626],[141.6578,43.1612],[141.6557,43.16],[141.6528,43.1584],[141.65,43.1567],[141.6478,43.155],[141.6455,43.1532],[141.643,43.1512],[141.6408,43.1495],[141.6381,43.148],[141.6353,43.1465],[141.6321,43.1448],[141.6288,43.1429],[141.6257,43.1411],[141.6232,43.1397],[141.6201,43.138],[141.6186,43.138],[141.6167,43.1381],[141.6109,43.1383],[141.6057,43.1384],[141.6026,43.1385],[141.5992,43.138],[141.5953,43.1375],[141.5917,43.137],[141.5881,43.1365],[141.5845,43.136],[141.5809,43.1355],[141.5772,43.135],[141.5736,43.1345],[141.5702,43.134],[141.5673,43.1337],[141.5633,43.1332],[141.5594,43.1328],[141.5558,43.1325],[141.5523,43.1321],[141.5486,43.1324],[141.5454,43.1327],[141.5386,43.1213]]},"properties":{"name":"\u7a7a\u77e5\u7dda","loading_pct":38.8,"p_mw":-26.6}},{"type":"Feature","geometry":{"type":"LineString","coordinates":[[142.0091,42.9786],[142.0261,42.902],[142.0212,42.9012],[142.0146,42.8986],[142.0102,42.8969],[142.0051,42.895],[141.9988,42.8926],[141.9931,42.8905],[141.989,42.8891],[141.9819,42.8879],[141.9736,42.8871],[141.9708,42.8869],[141.9691,42.8867],[141.967,42.8866],[141.9601,42.8859],[141.9577,42.8857],[141.9521,42.8852],[141.9442,42.8844],[141.9415,42.8842],[141.9369,42.8837],[141.9326,42.8833],[141.9297,42.8831],[141.9261,42.8827],[141.9225,42.8824],[141.9185,42.8821],[141.9144,42.8817],[141.9115,42.8814],[141.9061,42.8816],[141.9022,42.8817],[141.8958,42.8819],[141.8909,42.8821],[141.8884,42.8822],[141.8848,42.8822],[141.8819,42.8821],[141.8764,42.882],[141.8726,42.8819],[141.8691,42.8818],[141.8649,42.8824],[141.8607,42.8831],[141.858,42.8832],[141.8535,42.8832],[141.8504,42.8832],[141.8468,42.8831],[141.8426,42.8831],[141.8379,42.8831],[141.8354,42.8831],[141.8319,42.8831],[141.8289,42.883],[141.8243,42.883],[141.8211,42.883],[141.8175,42.883],[141.814,42.8829],[141.8107,42.8829],[141.806,42.8829],[141.8019,42.8828],[141.7992,42.8819]]},"properties":{"name":"\u5341\u52dd\u5e79\u7dda","loading_pct":3.2,"p_mw":-15.3}},{"type":"Feature","geometry":{"type":"LineString","coordinates":[[141.4805,42.9771],[141.4906,42.9691],[141.4921,42.9674],[141.4937,42.9663],[141.4953,42.9652],[141.4972,42.9637],[141.4992,42.9622],[141.5009,42.9608],[141.5024,42.9594],[141.5055,42.9571],[141.5075,42.9555],[141.5099,42.9538],[141.5113,42.9535],[141.513,42.953],[141.5143,42.9509],[141.5172,42.9477],[141.519,42.9463],[141.5206,42.945],[141.5223,42.9436],[141.5242,42.9421],[141.5259,42.9407],[141.5279,42.939],[141.5299,42.9374],[141.5317,42.936],[141.5336,42.9344],[141.5358,42.9327],[141.5369,42.9317],[141.5382,42.9306],[141.5403,42.9288],[141.5423,42.9272],[141.5445,42.9254],[141.5468,42.9235],[141.5484,42.9222],[141.5504,42.9206],[141.5526,42.9198],[141.5546,42.9193],[141.5604,42.9172],[141.5627,42.9163],[141.5649,42.9156],[141.568,42.9141],[141.5695,42.9137],[141.5723,42.9128],[141.5741,42.9126],[141.5765,42.9129],[141.5779,42.9141],[141.5797,42.9159],[141.5819,42.9153]]},"properties":{"name":"\u5343\u6b73\u7dda","loading_pct":10.4,"p_mw":7.1}},{"type":"Feature","geometry":{"type":"LineString","coordinates":[[141.7833,43.2053],[141.7835,43.2051],[141.7848,43.2044],[141.7877,43.2037],[141.7909,43.2029],[141.7934,43.2023],[141.7961,43.2017],[141.7982,43.2018],[141.7999,43.2019],[141.8026,43.2023],[141.8059,43.2028],[141.8069,43.2029],[141.8097,43.2019],[141.8124,43.2012],[141.8153,43.2023],[141.8172,43.2041],[141.8184,43.2052],[141.8204,43.207],[141.8224,43.2088],[141.8244,43.2106],[141.8267,43.2127],[141.8289,43.2147],[141.8309,43.2166],[141.8315,43.2193],[141.8322,43.2219],[141.8327,43.2239],[141.8332,43.2262],[141.8334,43.2285],[141.8337,43.2309],[141.8339,43.2328],[141.8341,43.2355],[141.8344,43.2385],[141.8347,43.2413],[141.8349,43.2434],[141.8352,43.2458],[141.835,43.2469],[141.8343,43.2484],[141.8361,43.2501],[141.8381,43.2521],[141.8399,43.2536],[141.8437,43.2536],[141.8459,43.2537],[141.8476,43.2537],[141.8515,43.2537],[141.8557,43.2534],[141.826,43.2604]]},"properties":{"name":"\u4e94\u6761\u6771\u5341\u4e8c\u4e01\u76ee\u5909\u96fb\u6240~\u5cf0\u5ef6\u5909\u96fb\u6240\u7dda","loading_pct":6.8,"p_mw":-4.7}},{"type":"Feature","geometry":{"type":"LineString","coordinates":[[141.8897,43.4167],[141.907,43.4122],[141.9063,43.4098],[141.905,43.4076],[141.9037,43.4054],[141.903,43.404],[141.9018,43.4016],[141.9001,43.3989],[141.8986,43.3965],[141.897,43.3942],[141.8955,43.3916],[141.894,43.3892],[141.8923,43.3865],[141.8909,43.3842],[141.89,43.3823],[141.8894,43.3806],[141.8884,43.3781],[141.8878,43.3766],[141.8872,43.3752],[141.8864,43.3729],[141.8857,43.3704],[141.8844,43.3671],[141.8821,43.3645],[141.8815,43.3613],[141.8808,43.3594],[141.88,43.3574],[141.8792,43.3552],[141.8785,43.3527],[141.8776,43.3503],[141.8764,43.3481],[141.876,43.3455],[141.8754,43.3434],[141.8749,43.3414],[141.8744,43.3392],[141.8738,43.3368],[141.8736,43.3345],[141.8732,43.3326],[141.8725,43.33],[141.8723,43.3275]]},"properties":{"name":"\u7a7a\u77e5\u7dda","loading_pct":13.0,"p_mw":8.9}},{"type":"Feature","geometry":{"type":"LineString","coordinates":[[141.8977,43.4562],[141.9053,43.4447],[141.9033,43.4432],[141.901,43.4415],[141.8994,43.4399],[141.8981,43.4381],[141.8975,43.4359],[141.8969,43.4341],[141.8963,43.4316],[141.896,43.4296],[141.8897,43.4167]]},"properties":{"name":"\u4ed6\u793e\u652f\u7dda","loading_pct":12.7,"p_mw":8.7}},{"type":"Feature","geometry":{"type":"LineString","coordinates":[[141.8723,43.3275],[141.8708,43.3252],[141.869,43.3236],[141.868,43.3216],[141.8669,43.3196],[141.8658,43.3175],[141.8649,43.3157],[141.8637,43.3134],[141.8625,43.3112],[141.8617,43.3097],[141.8609,43.3081],[141.8599,43.3063],[141.8587,43.3043],[141.8575,43.3021],[141.8565,43.3003],[141.8553,43.2982],[141.8544,43.2965],[141.8531,43.2944],[141.8519,43.2923],[141.8507,43.2902],[141.8495,43.2879],[141.8483,43.2859],[141.8472,43.2839],[141.8461,43.2818],[141.8449,43.2797],[141.8438,43.2778],[141.8429,43.2761],[141.841,43.2742],[141.84,43.2721],[141.8379,43.2701],[141.8366,43.2676],[141.8341,43.2657],[141.8315,43.2645],[141.8298,43.2629],[141.8267,43.2612],[141.826,43.2604]]},"properties":{"name":"\u7a7a\u77e5\u7dda","loading_pct":2.6,"p_mw":1.8}},{"type":"Feature","geometry":{"type":"LineString","coordinates":[[143.5439,43.1199],[143.5448,43.1198],[143.5449,43.1203],[143.5458,43.1207],[143.5467,43.1211],[143.5475,43.1213],[143.5484,43.1217],[143.5493,43.122],[143.5502,43.1223],[143.5517,43.1225],[143.5526,43.1226],[143.5535,43.1227],[143.5545,43.1228],[143.5554,43.1229],[143.5566,43.123],[143.5578,43.1232],[143.559,43.1232],[143.5598,43.1228],[143.5608,43.1227],[143.5617,43.1227],[143.5628,43.1227],[143.5636,43.1224],[143.5645,43.1225],[143.5661,43.1226],[143.5671,43.1228],[143.5682,43.1229],[143.5692,43.123],[143.5694,43.1235],[143.5709,43.1244],[143.5719,43.1241],[143.5732,43.1239],[143.5741,43.1235],[143.5749,43.1231],[143.5757,43.1227],[143.5765,43.1223],[143.5777,43.122],[143.5786,43.1217],[143.5794,43.1213],[143.5802,43.1209],[143.5811,43.1205],[143.5817,43.1198],[143.5822,43.1192],[143.5827,43.1186],[143.5832,43.118],[143.5842,43.1178],[143.5857,43.118],[143.5871,43.1161],[143.5891,43.1134],[143.5901,43.1127],[143.5909,43.112],[143.5909,43.1111],[143.5909,43.1105],[143.591,43.1083],[143.5911,43.1069],[143.5919,43.1066],[143.5927,43.1063],[143.5935,43.1057],[143.5944,43.1051],[143.5959,43.105],[143.5973,43.1052],[143.5981,43.1054],[143.599,43.1058],[143.5999,43.1061],[143.6008,43.1065],[143.6016,43.1068],[143.6024,43.1071],[143.6033,43.1075],[143.6044,43.1072],[143.6051,43.1069],[143.606,43.1072],[143.6073,43.1071],[143.6081,43.1082],[143.6087,43.1089],[143.6093,43.1097],[143.61,43.1103],[143.6109,43.1109],[143.6113,43.1116],[143.6118,43.1123],[143.6122,43.113],[143.6126,43.1138],[143.6131,43.1145],[143.6118,43.1161]]},"properties":{"name":"\u672c\u5225\u7dda","loading_pct":5.9,"p_mw":-2.0}},{"type":"Feature","geometry":{"type":"LineString","coordinates":[[141.6663,44.1545],[141.6669,44.1552],[141.6674,44.1557],[141.6679,44.1565],[141.6684,44.1572],[141.6685,44.1578],[141.6686,44.1584],[141.6687,44.1596],[141.6688,44.1602],[141.6689,44.1609],[141.6689,44.1616],[141.669,44.1624],[141.6691,44.163],[141.6693,44.1644],[141.6694,44.165],[141.6695,44.1656],[141.6695,44.1665],[141.6696,44.1672],[141.6696,44.1675],[141.6696,44.1685],[141.6696,44.169],[141.6696,44.17],[141.6695,44.1704],[141.6695,44.1709],[141.6695,44.1717],[141.6695,44.173],[141.6694,44.1736],[141.6694,44.1741],[141.6694,44.1752],[141.6695,44.176],[141.6694,44.1768],[141.6694,44.1774],[141.6694,44.1781],[141.6694,44.1799],[141.6693,44.1807],[141.6693,44.1818],[141.6693,44.1828],[141.6693,44.1841],[141.6693,44.1853],[141.6693,44.1857],[141.6692,44.1867],[141.6692,44.1877],[141.6692,44.1888],[141.6692,44.1902],[141.6692,44.1909],[141.6692,44.1914],[141.6692,44.1929],[141.6692,44.1936],[141.6691,44.1945],[141.6691,44.1951],[141.6691,44.1958],[141.6691,44.1971],[141.6691,44.1982],[141.6691,44.199],[141.6691,44.1995],[141.6691,44.2],[141.6691,44.2014],[141.6691,44.2019],[141.6691,44.2027],[141.6691,44.204],[141.6691,44.2046],[141.6691,44.2053],[141.6691,44.2062],[141.6691,44.2071],[141.6691,44.2076],[141.669,44.2081],[141.669,44.2093],[141.669,44.2098],[141.6691,44.2104],[141.6691,44.2112],[141.669,44.2119],[141.6691,44.2126],[141.669,44.214],[141.669,44.2155],[141.669,44.216],[141.669,44.2165],[141.669,44.2169],[141.669,44.2184],[141.669,44.2189],[141.6691,44.2198],[141.6691,44.2205],[141.6691,44.221],[141.6691,44.2215],[141.6691,44.2228],[141.6691,44.2236],[141.6691,44.2244],[141.6692,44.2255],[141.6691,44.2263],[141.6692,44.2281],[141.6692,44.2284],[141.6692,44.2299],[141.6692,44.2322],[141.6692,44.2329],[141.6692,44.2333],[141.6692,44.2338],[141.6693,44.2344],[141.6693,44.2353],[141.6693,44.2367],[141.6693,44.2381],[141.6693,44.2395],[141.6694,44.2404],[141.6694,44.2413],[141.6693,44.2422],[141.6694,44.2431],[141.6694,44.2441],[141.6694,44.2448],[141.6694,44.2461],[141.6695,44.2474],[141.6695,44.2486],[141.6689,44.2495],[141.6683,44.2504],[141.6685,44.2514],[141.6689,44.2518],[141.6692,44.253]]},"properties":{"name":"\u9b3c\u9e7f\u7530\u4ee3\u5909\u96fb\u6240~\u82eb\u524d\u753a\u5909\u96fb\u6240\u7dda","loading_pct":37.0,"p_mw":25.4}},{"type":"Feature","geometry":{"type":"LineString","coordinates":[[141.6503,43.9324],[141.6784,43.9169],[141.6779,43.9171],[141.6778,43.9173],[141.678,43.9178],[141.6783,43.9183],[141.6785,43.9188],[141.6792,43.9198],[141.6797,43.9205],[141.6804,43.9211],[141.681,43.9218],[141.6811,43.9225],[141.681,43.9236],[141.6817,43.9243],[141.6823,43.9248],[141.6827,43.9252],[141.6827,43.9261],[141.6828,43.927],[141.6828,43.9289],[141.6828,43.9298],[141.6828,43.9307],[141.6829,43.9319],[141.6815,43.9329],[141.6799,43.9338],[141.6785,43.9348],[141.6776,43.9354],[141.6767,43.9361],[141.6744,43.9366],[141.672,43.9375],[141.6697,43.939],[141.6697,43.9394],[141.6698,43.9402],[141.6681,43.9418],[141.6678,43.9425],[141.6673,43.9443],[141.668,43.9455],[141.6685,43.9463],[141.669,43.9472],[141.6691,43.9483],[141.6693,43.9497],[141.6695,43.9514],[141.6696,43.9522],[141.6696,43.9529],[141.6697,43.9537],[141.6698,43.9544],[141.6698,43.9552],[141.6699,43.9559],[141.6701,43.9575],[141.6702,43.9583],[141.6703,43.9593],[141.6704,43.9606],[141.6705,43.9613],[141.6706,43.9621],[141.6706,43.9625],[141.6707,43.9634],[141.6709,43.9648],[141.671,43.9657],[141.671,43.9665],[141.671,43.9673],[141.671,43.9681],[141.671,43.969],[141.671,43.9699],[141.6711,43.9709],[141.6711,43.9715],[141.6711,43.9722],[141.6711,43.9729],[141.6712,43.9736],[141.6712,43.9744],[141.6712,43.9755],[141.6712,43.9763],[141.6713,43.977],[141.6713,43.9778],[141.6713,43.9786],[141.6714,43.9796],[141.6714,43.9808],[141.6714,43.9817],[141.6715,43.9827],[141.6715,43.9837],[141.6715,43.9845],[141.6716,43.9857],[141.6716,43.987],[141.6716,43.9879],[141.6716,43.9887],[141.6717,43.99],[141.6717,43.9907],[141.6717,43.9913],[141.6717,43.9921],[141.6718,43.9934],[141.6717,43.9948],[141.6716,43.9967],[141.6715,43.9979],[141.6715,43.9992],[141.6714,43.9998],[141.6714,44.0004],[141.6714,44.0012],[141.6713,44.002],[141.6713,44.0027],[141.6712,44.0038],[141.6711,44.0046],[141.6709,44.0055],[141.6706,44.0066],[141.6704,44.0074],[141.6701,44.0083],[141.6699,44.0092],[141.6696,44.01],[141.67,44.0109],[141.6703,44.0117],[141.6693,44.0123],[141.6694,44.0131],[141.6694,44.0141],[141.6697,44.0147],[141.67,44.0153],[141.6696,44.016],[141.6692,44.0162]]},"properties":{"name":"\u6cc9\u753a\u4e00\u4e01\u76ee\u5909\u96fb\u6240~\u5c0f\u5e73\u5909\u96fb\u6240 (Obira Hendensho)\u7dda","loading_pct":68.1,"p_mw":46.7}},{"type":"Feature","geometry":{"type":"LineString","coordinates":[[141.6666,44.096],[141.6667,44.0969],[141.6667,44.0975],[141.6667,44.0982],[141.6666,44.0989],[141.6666,44.0997],[141.6665,44.1023],[141.6665,44.1033],[141.6664,44.1049],[141.6664,44.1061],[141.6663,44.1075],[141.6663,44.1087],[141.6663,44.1097],[141.6662,44.1105],[141.6662,44.1113],[141.6661,44.1121],[141.6661,44.1127],[141.6661,44.1147],[141.666,44.1153],[141.666,44.1164],[141.6658,44.1184],[141.6658,44.1196],[141.6657,44.1208],[141.6655,44.1233],[141.6654,44.1239],[141.6653,44.1247],[141.6653,44.1256],[141.6651,44.1267],[141.665,44.1275],[141.6649,44.1284],[141.6648,44.1292],[141.6651,44.1306],[141.6652,44.1313],[141.6653,44.1322],[141.6654,44.1328],[141.6655,44.1338],[141.6656,44.1345],[141.6657,44.1357],[141.6658,44.1368],[141.6659,44.1374],[141.6661,44.1384],[141.6662,44.1394],[141.6663,44.1404],[141.6664,44.1412],[141.6665,44.1419],[141.6666,44.1427],[141.6667,44.1434],[141.6668,44.1444],[141.667,44.1454],[141.6671,44.1464],[141.6672,44.1473],[141.6673,44.1482],[141.6675,44.149],[141.6676,44.1499],[141.6681,44.1512],[141.6677,44.1523],[141.6673,44.1534],[141.667,44.1542],[141.6666,44.1547],[141.6663,44.1545]]},"properties":{"name":"\u5c0f\u5e73\u753a\u5909\u96fb\u6240~\u9b3c\u9e7f\u7530\u4ee3\u5909\u96fb\u6240\u7dda","loading_pct":47.4,"p_mw":32.5}},{"type":"Feature","geometry":{"type":"LineString","coordinates":[[141.6666,44.096],[141.6668,44.0949],[141.667,44.094],[141.6672,44.0931],[141.6674,44.0922],[141.6676,44.0912],[141.6678,44.0901],[141.668,44.0894],[141.6681,44.0887],[141.6682,44.0879],[141.6684,44.0872],[141.6685,44.0865],[141.6688,44.0854],[141.669,44.0847],[141.6691,44.0839],[141.6694,44.0831],[141.6695,44.0824],[141.6696,44.0819],[141.6707,44.081],[141.6709,44.0792],[141.6701,44.0785],[141.669,44.0776],[141.6687,44.0768],[141.668,44.0754],[141.6676,44.0747],[141.6672,44.0739],[141.6665,44.0725],[141.6661,44.0716],[141.6657,44.0707],[141.6649,44.0697],[141.6656,44.0681],[141.6664,44.0665],[141.667,44.0648],[141.6673,44.0639],[141.6686,44.063],[141.6686,44.0621],[141.6681,44.0613],[141.6681,44.0601],[141.6681,44.0591],[141.6681,44.0581],[141.668,44.057],[141.6679,44.0563],[141.6679,44.0553],[141.6678,44.0543],[141.6677,44.0536],[141.6676,44.0521],[141.6676,44.0513],[141.6675,44.0502],[141.6678,44.0492],[141.6682,44.048],[141.6685,44.047],[141.6687,44.0463],[141.6691,44.0453],[141.6695,44.0441],[141.6698,44.0429],[141.6697,44.0423],[141.6695,44.0416],[141.6694,44.0409],[141.6692,44.0401],[141.669,44.0393],[141.6689,44.0388],[141.6687,44.0379],[141.6685,44.0372],[141.6684,44.0364],[141.6682,44.0356],[141.6681,44.0346],[141.668,44.0336],[141.6679,44.0328],[141.6679,44.0324],[141.6679,44.032],[141.6692,44.0312],[141.67,44.0307],[141.6708,44.0302],[141.6707,44.0287],[141.6706,44.0276],[141.6704,44.0259],[141.6704,44.025],[141.6703,44.0241],[141.6702,44.0233],[141.6702,44.0225],[141.6701,44.0219],[141.6698,44.0209],[141.6692,44.0185],[141.6698,44.0176],[141.6698,44.0162],[141.6692,44.0162]]},"properties":{"name":"\u5c0f\u5e73\u753a\u5909\u96fb\u6240~\u5c0f\u5e73\u5909\u96fb\u6240 (Obira Hendensho)\u7dda","loading_pct":57.8,"p_mw":-39.6}},{"type":"Feature","geometry":{"type":"LineString","coordinates":[[142.2805,43.8154],[142.2833,43.8152],[142.2858,43.8126],[142.2884,43.8128],[142.2911,43.813],[142.295,43.8134],[142.2971,43.8135],[142.2994,43.8137],[142.3035,43.814],[142.308,43.8145],[142.3114,43.8122],[142.3143,43.8103],[142.3167,43.8087],[142.319,43.8072],[142.323,43.8062]]},"properties":{"name":"\u540d\u5bc4\u5e79\u7dda","loading_pct":10.5,"p_mw":-51.0}},{"type":"Feature","geometry":{"type":"LineString","coordinates":[[142.2805,43.8154],[142.2822,43.8167],[142.2823,43.8191],[142.2821,43.8218],[142.282,43.8248],[142.2818,43.829],[142.2828,43.8321],[142.2806,43.8357],[142.28,43.8384],[142.2793,43.8413],[142.2791,43.8431],[142.2789,43.8448],[142.2786,43.8474],[142.2794,43.8524],[142.2799,43.8554],[142.2818,43.8576],[142.2835,43.8598],[142.2841,43.8622],[142.2846,43.8661],[142.2825,43.8691],[142.2811,43.871],[142.2801,43.8724],[142.279,43.8739],[142.2778,43.8756],[142.2781,43.8776],[142.2784,43.8802],[142.2788,43.8832],[142.2791,43.8859],[142.2795,43.8891],[142.2799,43.8918],[142.2802,43.8938],[142.2806,43.8969],[142.2809,43.8996],[142.2812,43.9013],[142.2813,43.9027],[142.282,43.9076],[142.2824,43.911],[142.2829,43.9141],[142.2832,43.917],[142.2836,43.9197],[142.2839,43.9224],[142.2842,43.9247],[142.285,43.9271],[142.2855,43.9287],[142.2865,43.9318],[142.286,43.9336],[142.2853,43.9358],[142.2846,43.938],[142.2838,43.9403],[142.2832,43.9422],[142.2811,43.944],[142.2787,43.9461],[142.2761,43.9483],[142.2745,43.9496],[142.2741,43.9512],[142.2734,43.9536],[142.2726,43.9566],[142.2709,43.9586],[142.2693,43.9604],[142.2676,43.9622],[142.2665,43.9635],[142.267,43.9654],[142.2673,43.9672],[142.2677,43.9688],[142.2684,43.972],[142.2691,43.9751],[142.2698,43.9785],[142.2703,43.9807],[142.2709,43.9828],[142.2717,43.9853],[142.2724,43.9877],[142.2734,43.9911],[142.2742,43.9937],[142.2752,43.9973],[142.2753,44.0004],[142.2759,44.0027],[142.2799,44.0195],[142.2803,44.022],[142.2807,44.0246],[142.281,44.0262],[142.2814,44.029],[142.2831,44.032],[142.2846,44.0349],[142.2858,44.0373],[142.2888,44.0426],[142.2896,44.0461],[142.29,44.0483],[142.2907,44.0512],[142.291,44.0531],[142.2915,44.0556],[142.292,44.0585],[142.29,44.0611],[142.2903,44.0636],[142.2906,44.0663],[142.2902,44.0687],[142.2892,44.0727],[142.2907,44.0779],[142.2912,44.0801],[142.2922,44.0834],[142.2929,44.0858],[142.2926,44.0884],[142.2924,44.0914],[142.2922,44.0934],[142.2921,44.0952],[142.2921,44.0975],[142.2923,44.0998],[142.2924,44.1045],[142.2925,44.107],[142.2927,44.1095],[142.2927,44.112],[142.293,44.115],[142.2933,44.1181],[142.2936,44.1208],[142.2939,44.1235],[142.2944,44.1277],[142.2947,44.1303],[142.2954,44.1329],[142.2959,44.1347],[142.2972,44.1394],[142.2988,44.1444],[142.2996,44.1549],[142.2999,44.1583],[142.3001,44.1608],[142.3007,44.1667],[142.3033,44.1705],[142.3041,44.1719],[142.3057,44.1741],[142.306,44.1763],[142.3061,44.1785],[142.3064,44.1814],[142.3067,44.1838],[142.307,44.1864],[142.3057,44.1886],[142.3043,44.1908],[142.3027,44.1933],[142.3012,44.1958],[142.3018,44.1985],[142.3022,44.2013],[142.3026,44.2032],[142.3029,44.205],[142.3034,44.208],[142.3036,44.2095],[142.3041,44.2116],[142.3079,44.2151],[142.3077,44.2177],[142.3075,44.2214],[142.3077,44.2245],[142.3074,44.2277],[142.3072,44.2312],[142.3069,44.2343],[142.3066,44.2378],[142.3068,44.2412],[142.3069,44.2438],[142.307,44.2461],[142.3071,44.2492],[142.3072,44.2517],[142.3074,44.2546],[142.3085,44.2574],[142.3093,44.2593],[142.3105,44.2622],[142.3116,44.2647],[142.3126,44.2672],[142.3137,44.2696],[142.3142,44.2724],[142.3148,44.2757],[142.3153,44.2784],[142.3157,44.2809],[142.3162,44.2839],[142.3167,44.2865],[142.3172,44.2896],[142.3191,44.2921],[142.3196,44.2944],[142.3201,44.2964],[142.3206,44.2986],[142.3216,44.3002],[142.3227,44.3022],[142.3238,44.3041],[142.3253,44.3067],[142.3267,44.3089],[142.3286,44.3109],[142.3313,44.3134],[142.3333,44.3154],[142.3345,44.3167],[142.3362,44.3184],[142.3388,44.3208],[142.3402,44.3223],[142.3418,44.3239],[142.3442,44.3258],[142.3462,44.3276],[142.3483,44.3293],[142.3514,44.3318],[142.3542,44.3341],[142.3569,44.3364],[142.3586,44.3379],[142.3606,44.3396],[142.3627,44.3415],[142.3657,44.3442],[142.3679,44.3463],[142.3744,44.3469],[142.419,44.3448]]},"properties":{"name":"\u540d\u5bc4\u5e79\u7dda","loading_pct":41.9,"p_mw":203.7}},{"type":"Feature","geometry":{"type":"LineString","coordinates":[[143.0064,43.0965],[143.0064,43.0965],[143.0052,43.0962],[143.004,43.0959],[143.0031,43.0957],[143.0024,43.0954],[143.0012,43.0959],[143.0004,43.0963],[142.9994,43.0967],[142.9983,43.0971],[142.9973,43.0975],[142.9961,43.0979],[142.9953,43.0985],[142.9944,43.0991],[142.9932,43.0993],[142.992,43.0996],[142.9918,43.0999]]},"properties":{"name":"\u9e7f\u8ffd\u652f\u7dda","loading_pct":6.7,"p_mw":4.6}},{"type":"Feature","geometry":{"type":"LineString","coordinates":[[143.0064,43.0965],[143.0054,43.0979],[143.0038,43.1004],[143.0023,43.1031],[143.0008,43.1055],[142.9995,43.1076],[142.9984,43.1095],[142.9975,43.1111],[142.9964,43.113],[142.995,43.1152],[142.9936,43.1174],[142.9921,43.1199],[142.9905,43.1224],[142.9895,43.1241],[142.9883,43.1259],[142.9873,43.1275],[142.9862,43.1293],[142.9852,43.131],[142.9843,43.1329],[142.982,43.1351],[142.9795,43.1375],[142.9772,43.1394],[142.9753,43.141],[142.9726,43.1422],[142.971,43.1429],[142.9664,43.1464],[142.9651,43.1476],[142.9617,43.1506],[142.9509,43.1586],[142.9488,43.1604],[142.9466,43.1627],[142.9446,43.1646],[142.9425,43.1673],[142.9411,43.1696],[142.9386,43.171],[142.9358,43.1727],[142.9333,43.1743],[142.9301,43.1764],[142.9285,43.1783],[142.927,43.1802],[142.9249,43.1821]]},"properties":{"name":"\u5ca9\u677e\u7dda","loading_pct":0.5,"p_mw":0.3}},{"type":"Feature","geometry":{"type":"LineString","coordinates":[[143.1955,42.9973],[143.1949,42.9972],[143.1936,42.9971],[143.1935,42.998],[143.1933,42.9992],[143.193,43.0002],[143.1929,43.0014],[143.1927,43.0027],[143.1925,43.0038],[143.1923,43.0049],[143.1922,43.0057],[143.1922,43.0065],[143.1923,43.007],[143.1922,43.0078],[143.1921,43.0086],[143.1919,43.0094],[143.1918,43.0102],[143.1917,43.0109],[143.1916,43.0118],[143.1914,43.0126],[143.1913,43.0134],[143.1912,43.0141],[143.1911,43.0149],[143.1909,43.0158],[143.1908,43.0166],[143.1907,43.0174],[143.1906,43.0183],[143.1904,43.0191],[143.1903,43.0199],[143.1902,43.0207],[143.19,43.0216],[143.1899,43.0224],[143.1898,43.0233],[143.1896,43.0241],[143.1895,43.0249],[143.1896,43.0257],[143.1897,43.0264],[143.1898,43.0272],[143.1904,43.0283],[143.1903,43.0291],[143.1902,43.0299],[143.1901,43.0306],[143.19,43.0314],[143.1899,43.0322],[143.1898,43.0329],[143.1896,43.0337],[143.1895,43.0345],[143.1894,43.0352],[143.1893,43.036],[143.1894,43.0368],[143.1894,43.0376],[143.1895,43.0384],[143.1895,43.0392],[143.1896,43.04],[143.1896,43.0408],[143.1897,43.0416],[143.1897,43.0425],[143.1898,43.0434],[143.1898,43.0442],[143.1898,43.0451],[143.1899,43.0459],[143.1899,43.0467],[143.19,43.0476],[143.19,43.0484],[143.1901,43.0492],[143.1901,43.05],[143.1901,43.0508],[143.1902,43.0517],[143.1902,43.0525],[143.1903,43.0533],[143.1903,43.0541],[143.1904,43.0549],[143.1904,43.0557],[143.1904,43.0565],[143.1905,43.0574],[143.1905,43.0582],[143.1906,43.0589],[143.1925,43.0593],[143.197,43.0602],[143.2002,43.0608],[143.2023,43.0613],[143.2027,43.062],[143.203,43.0628],[143.2034,43.0636],[143.2038,43.0644],[143.2042,43.0652],[143.2046,43.0661],[143.205,43.0669],[143.2057,43.0682],[143.206,43.0689],[143.2064,43.0698],[143.2068,43.0706],[143.2073,43.0715],[143.2078,43.0724],[143.208,43.073],[143.2084,43.0738],[143.2088,43.0746],[143.2092,43.0753],[143.2095,43.0761],[143.2099,43.0769],[143.2104,43.0778],[143.2107,43.0785],[143.2111,43.0793],[143.2115,43.0801],[143.2119,43.0809],[143.2122,43.0816],[143.2126,43.0824],[143.213,43.0832],[143.2134,43.084],[143.2138,43.0848],[143.2142,43.0855],[143.2145,43.0863],[143.2149,43.0871],[143.2153,43.0879],[143.2157,43.0886],[143.2161,43.0894],[143.2164,43.0901],[143.2168,43.0909],[143.2172,43.0916],[143.2176,43.0924],[143.2179,43.0932],[143.2183,43.0939],[143.2187,43.0947],[143.2191,43.0955],[143.2194,43.0962],[143.2197,43.0969],[143.22,43.0976],[143.2203,43.0983],[143.2206,43.099],[143.2209,43.0998],[143.2212,43.1006],[143.2215,43.1014],[143.2219,43.1022],[143.2222,43.103],[143.2225,43.1038],[143.2228,43.1045],[143.2231,43.1053],[143.2234,43.106],[143.2237,43.1068],[143.224,43.1076],[143.2243,43.1083],[143.2246,43.1091],[143.2249,43.1099],[143.2254,43.1106],[143.2258,43.1113],[143.2263,43.112],[143.2267,43.1128],[143.2272,43.1135],[143.2276,43.1142],[143.2278,43.1151],[143.2281,43.1162],[143.2284,43.1174],[143.2286,43.1186],[143.2289,43.1199],[143.2292,43.1212],[143.2295,43.1225],[143.2298,43.1239],[143.2301,43.1252],[143.2304,43.1265],[143.2307,43.1278],[143.231,43.129],[143.2314,43.1302],[143.2314,43.131],[143.2316,43.1319],[143.2319,43.1332],[143.2322,43.1345],[143.2325,43.1358],[143.2328,43.1371],[143.2331,43.1384],[143.2334,43.1397],[143.2337,43.1411],[143.234,43.1424],[143.2343,43.1437],[143.2345,43.1449],[143.2348,43.146],[143.2351,43.1474],[143.2354,43.1487],[143.2356,43.1499],[143.2359,43.1513],[143.2362,43.1523],[143.2363,43.1531],[143.2365,43.1539],[143.2366,43.1547],[143.2368,43.1554],[143.2371,43.1565],[143.2374,43.1577],[143.2376,43.1587],[143.2379,43.16],[143.2382,43.1613],[143.2385,43.1626],[143.2388,43.164],[143.2391,43.1653],[143.2394,43.1666],[143.2396,43.1679],[143.2399,43.1692],[143.2402,43.1696],[143.2402,43.1706],[143.243,43.1703]]},"properties":{"name":"\u58eb\u5e4c\u7dda","loading_pct":10.4,"p_mw":-7.1}},{"type":"Feature","geometry":{"type":"LineString","coordinates":[[141.6997,43.3292],[141.6997,43.3291],[141.6993,43.3284],[141.6988,43.3276],[141.6984,43.3269],[141.6979,43.3262],[141.6974,43.3255],[141.6969,43.3248],[141.6965,43.324],[141.6955,43.3225],[141.6949,43.3217],[141.6943,43.3208],[141.6932,43.3199],[141.6922,43.3192],[141.6913,43.3184],[141.6906,43.3179],[141.6883,43.3155],[141.687,43.315],[141.6865,43.3145],[141.6861,43.314],[141.6853,43.3135],[141.6844,43.3129],[141.6836,43.3123],[141.6833,43.3115],[141.6829,43.3108],[141.6824,43.31],[141.6821,43.3093],[141.6816,43.3084],[141.6812,43.3076],[141.6808,43.3067],[141.6804,43.306],[141.68,43.3053],[141.6797,43.3046],[141.6793,43.3039],[141.6794,43.3031],[141.6794,43.3024],[141.6794,43.3017],[141.6795,43.301],[141.6795,43.3],[141.6796,43.2991],[141.6796,43.2983],[141.6797,43.2967],[141.6797,43.2961],[141.68,43.2949],[141.6799,43.2934],[141.6806,43.2912],[141.6823,43.2889],[141.6804,43.2867],[141.6795,43.2848],[141.6812,43.2826],[141.6826,43.2812],[141.6848,43.2788],[141.6857,43.2778],[141.6875,43.2758],[141.6889,43.2738],[141.6897,43.273],[141.6903,43.2724],[141.6918,43.2707],[141.6931,43.2694],[141.6948,43.2677],[141.6959,43.2667],[141.6968,43.2658],[141.6979,43.2646],[141.6992,43.2631],[141.7012,43.261],[141.7018,43.2604],[141.7024,43.2598],[141.7029,43.2592],[141.7037,43.2584],[141.7044,43.2577],[141.7049,43.2572],[141.7056,43.2565],[141.7062,43.2558],[141.7068,43.2552],[141.7075,43.2545],[141.7081,43.2538],[141.7088,43.2532],[141.7094,43.2525],[141.71,43.2519],[141.7107,43.2511],[141.7113,43.2504],[141.712,43.2497],[141.7126,43.249],[141.7133,43.2483],[141.7139,43.2476],[141.7145,43.247],[141.7151,43.2463],[141.7158,43.2457],[141.7164,43.245],[141.7168,43.2446],[141.7174,43.244],[141.718,43.2434],[141.7184,43.2429],[141.7192,43.242],[141.7202,43.2409],[141.7213,43.2398],[141.7223,43.2387],[141.723,43.238],[141.7234,43.2375],[141.724,43.2369],[141.7246,43.2362],[141.7253,43.2356],[141.7259,43.2349],[141.7266,43.2342],[141.7272,43.2335],[141.7278,43.2329],[141.7284,43.2322],[141.7291,43.2315],[141.7297,43.2309],[141.7303,43.2302],[141.731,43.2295],[141.7317,43.2287],[141.7322,43.2282],[141.7329,43.2275],[141.7335,43.2268],[141.7353,43.2249],[141.736,43.2242],[141.7367,43.2234],[141.7373,43.2227],[141.738,43.222],[141.7386,43.2213],[141.7392,43.2207],[141.7397,43.2202],[141.7404,43.2194],[141.741,43.2187],[141.7416,43.2182],[141.7422,43.2175],[141.743,43.2167],[141.7436,43.2161],[141.7442,43.2155],[141.745,43.2148],[141.7452,43.2132],[141.7487,43.2071]]},"properties":{"name":"\u7f8e\u5504\u5e02\u5909\u96fb\u6240~\u5ca9\u898b\u6ca2\u5909\u96fb\u6240 (Iwamizawa Hendensho)\u7dda","loading_pct":1.5,"p_mw":-1.0}},{"type":"Feature","geometry":{"type":"LineString","coordinates":[[141.826,43.2604],[141.8262,43.2604],[141.8238,43.2587],[141.8219,43.2572],[141.8206,43.2562],[141.8187,43.2547],[141.8168,43.2532],[141.8152,43.252],[141.8123,43.2509],[141.8087,43.2497],[141.8064,43.2489],[141.8034,43.2478],[141.8009,43.2469],[141.7957,43.2451],[141.7931,43.2442],[141.7902,43.2432],[141.7873,43.2421],[141.7843,43.2411],[141.7821,43.2398],[141.78,43.2385],[141.7778,43.2373],[141.7754,43.2358],[141.7728,43.2343],[141.7702,43.2327],[141.7683,43.2312],[141.7664,43.2296],[141.7646,43.2282],[141.7627,43.2266],[141.7608,43.2251],[141.7588,43.2235],[141.757,43.2221],[141.755,43.2204],[141.7532,43.219],[141.7513,43.2175],[141.7495,43.216],[141.7477,43.2146],[141.7466,43.2137],[141.7456,43.2127],[141.7487,43.2071]]},"properties":{"name":"\u7a7a\u77e5\u7dda","loading_pct":19.6,"p_mw":-13.4}},{"type":"Feature","geometry":{"type":"LineString","coordinates":[[142.8395,43.0785],[142.7073,43.1104],[142.7031,43.1114],[142.6979,43.1118],[142.6925,43.1122],[142.6859,43.1127],[142.6794,43.1131],[142.6737,43.1133],[142.6672,43.1146],[142.6617,43.1157],[142.6571,43.1166],[142.6534,43.1173],[142.6493,43.118],[142.6451,43.1188],[142.6408,43.1196],[142.6404,43.1224],[142.6399,43.1255],[142.6395,43.1284],[142.6389,43.132],[142.6335,43.1341],[142.6286,43.136],[142.6229,43.1369],[142.6184,43.1377],[142.615,43.1375],[142.614,43.1374],[142.6123,43.1341],[142.6105,43.1304],[142.6103,43.1283],[142.607,43.1264],[142.6024,43.1239],[142.5997,43.1223],[142.5956,43.1201],[142.5929,43.1187],[142.5883,43.116],[142.5841,43.113],[142.5812,43.111],[142.5777,43.1085],[142.574,43.106],[142.5697,43.1029],[142.5667,43.1007],[142.5629,43.0981],[142.5593,43.0955],[142.556,43.0932],[142.5518,43.0902],[142.5476,43.0872],[142.5429,43.0839],[142.5387,43.0813],[142.5346,43.0788],[142.531,43.0766],[142.5276,43.0745],[142.5244,43.0727],[142.5204,43.0703],[142.5145,43.0681],[142.5106,43.0666],[142.5063,43.0649],[142.5033,43.0636],[142.4977,43.0617],[142.4931,43.06],[142.4901,43.059],[142.4862,43.0569],[142.4838,43.0556],[142.4788,43.0531],[142.4761,43.0513],[142.4735,43.0495],[142.4702,43.0472],[142.4653,43.044],[142.4615,43.0402],[142.4582,43.0367],[142.4546,43.0354],[142.4511,43.0342],[142.4455,43.0321],[142.4404,43.0303],[142.4373,43.0291],[142.4326,43.0275],[142.4291,43.0262],[142.4262,43.0252],[142.4205,43.0231],[142.4166,43.0208],[142.4124,43.0183],[142.4099,43.0169],[142.4056,43.0141],[142.3999,43.0125],[142.3911,43.01],[142.3874,43.0063],[142.3847,43.0036],[142.3815,43.0005],[142.3796,42.9979],[142.3776,42.9956],[142.3737,42.9916],[142.371,42.9886],[142.3678,42.985],[142.3653,42.9823],[142.3623,42.979],[142.3602,42.9767],[142.3555,42.9759],[142.3506,42.9751],[142.346,42.9745],[142.3402,42.9736],[142.3375,42.9716],[142.3331,42.9682],[142.3276,42.9654],[142.3233,42.9654],[142.3177,42.9651],[142.3121,42.9635],[142.3085,42.9618],[142.3053,42.9602],[142.4133,42.9747]]},"properties":{"name":"\u72e9\u52dd\u5e79\u7dda","loading_pct":7.1,"p_mw":-5.4}},{"type":"Feature","geometry":{"type":"LineString","coordinates":[[142.4133,42.9747],[142.298,42.9569],[142.2936,42.9529],[142.2896,42.9492],[142.2856,42.9452],[142.2796,42.9394],[142.2756,42.9354],[142.272,42.9328],[142.266,42.9282],[142.262,42.9252],[142.2584,42.9224],[142.255,42.9198],[142.2453,42.9156],[142.2423,42.9143],[142.2378,42.9124],[142.2348,42.9109],[142.2312,42.9094],[142.228,42.9082],[142.2247,42.9068],[142.2206,42.9049],[142.2169,42.9033],[142.214,42.9014],[142.2095,42.8989],[142.2059,42.897],[142.2019,42.8944],[142.1975,42.8915],[142.1946,42.8897],[142.1908,42.8869],[142.1888,42.8851],[142.186,42.8828],[142.1832,42.8802],[142.1803,42.8778],[142.1783,42.876],[142.1751,42.8734],[142.1718,42.8708],[142.1693,42.8687],[142.1658,42.8657],[142.1628,42.8634],[142.1602,42.8613],[142.1573,42.859],[142.1544,42.8567],[142.1512,42.854],[142.1467,42.8504],[142.1444,42.8483],[142.1405,42.8454],[142.1385,42.8438],[142.1344,42.8405],[142.1321,42.8385],[142.1299,42.8369],[142.1239,42.8351],[142.1184,42.8334],[142.1151,42.8324],[142.1096,42.8318],[142.1054,42.8315],[142.101,42.8314],[142.0956,42.831],[142.0916,42.8308],[142.0871,42.8305],[142.0829,42.8292],[142.0783,42.8278],[142.0734,42.8272],[142.0701,42.8267],[142.0638,42.8247],[142.0572,42.8227],[142.0511,42.8208],[142.0475,42.8199],[142.0438,42.8189],[142.0413,42.8182],[142.0359,42.8167],[142.0318,42.8156],[142.0276,42.8145],[142.0258,42.813],[142.0225,42.8107],[142.0182,42.8077],[142.0153,42.8054],[142.0109,42.8021],[142.0074,42.7995],[142.0047,42.7974],[142.0012,42.795],[141.9991,42.7935],[141.9944,42.7899],[141.9896,42.7864],[141.9873,42.7847],[141.983,42.7833],[141.9799,42.7823],[141.9745,42.7805],[141.8833,42.7075]]},"properties":{"name":"\u72e9\u52dd\u5e79\u7dda","loading_pct":2.2,"p_mw":-2.5}},{"type":"Feature","geometry":{"type":"LineString","coordinates":[[142.4133,42.9747],[142.3053,42.9602],[142.3085,42.9618],[142.3121,42.9635],[142.3177,42.9651],[142.3233,42.9654],[142.3276,42.9654],[142.3331,42.9682],[142.3375,42.9716],[142.3402,42.9736],[142.346,42.9745],[142.3506,42.9751],[142.3555,42.9759],[142.3602,42.9767],[142.3623,42.979],[142.3653,42.9823],[142.3678,42.985],[142.371,42.9886],[142.3737,42.9916],[142.3776,42.9956],[142.3796,42.9979],[142.3815,43.0005],[142.3847,43.0036],[142.3874,43.0063],[142.3911,43.01],[142.3999,43.0125],[142.4056,43.0141],[142.4099,43.0169],[142.4124,43.0183],[142.4166,43.0208],[142.4205,43.0231],[142.4262,43.0252],[142.4291,43.0262],[142.4326,43.0275],[142.4373,43.0291],[142.4404,43.0303],[142.4455,43.0321],[142.4511,43.0342],[142.4546,43.0354],[142.4582,43.0367],[142.4615,43.0402],[142.4653,43.044],[142.4702,43.0472],[142.4735,43.0495],[142.4761,43.0513],[142.4788,43.0531],[142.4838,43.0556],[142.4862,43.0569],[142.4901,43.059],[142.4931,43.06],[142.4977,43.0617],[142.5033,43.0636],[142.5063,43.0649],[142.5106,43.0666],[142.5145,43.0681],[142.5204,43.0703],[142.5244,43.0727],[142.5276,43.0745],[142.531,43.0766],[142.5346,43.0788],[142.5387,43.0813],[142.5429,43.0839],[142.5476,43.0872],[142.5518,43.0902],[142.556,43.0932],[142.5593,43.0955],[142.5629,43.0981],[142.5667,43.1007],[142.5697,43.1029],[142.574,43.106],[142.5777,43.1085],[142.5812,43.111],[142.5841,43.113],[142.5883,43.116],[142.5929,43.1187],[142.5956,43.1201],[142.5997,43.1223],[142.6024,43.1239],[142.607,43.1264],[142.6103,43.1283],[142.6105,43.1304],[142.6123,43.1341],[142.614,43.1374],[142.615,43.1375],[142.6184,43.1377],[142.6229,43.1369],[142.6286,43.136],[142.6335,43.1341],[142.6389,43.132],[142.6395,43.1284],[142.6399,43.1255],[142.6404,43.1224],[142.6408,43.1196],[142.6451,43.1188],[142.6493,43.118],[142.6534,43.1173],[142.6571,43.1166],[142.6617,43.1157],[142.6672,43.1146],[142.6737,43.1133],[142.6794,43.1131],[142.6859,43.1127],[142.6925,43.1122],[142.6979,43.1118],[142.7031,43.1114],[142.7073,43.1104],[142.8395,43.0785]]},"properties":{"name":"\u5341\u52dd\u5e79\u7dda","loading_pct":22.2,"p_mw":12.7}},{"type":"Feature","geometry":{"type":"LineString","coordinates":[[141.5386,43.1213],[141.541,43.1345],[141.5408,43.1367],[141.5406,43.1391],[141.5405,43.141],[141.5403,43.1434],[141.5401,43.1455],[141.5399,43.1477],[141.5392,43.1499],[141.5384,43.1522],[141.5377,43.1545],[141.5369,43.1571],[141.536,43.1599],[141.5352,43.1623],[141.5345,43.1646],[141.5338,43.1669],[141.533,43.1692],[141.5323,43.1718],[141.5315,43.1742],[141.5307,43.1768],[141.5299,43.179],[141.5291,43.1818],[141.5282,43.1847],[141.5278,43.1866],[141.5275,43.189],[141.5273,43.1915],[141.5266,43.1936],[141.5261,43.1952],[141.5255,43.197],[141.525,43.1985],[141.5242,43.201],[141.5234,43.2034],[141.5225,43.2063],[141.5216,43.2083],[141.5212,43.2094],[141.5206,43.2115],[141.5202,43.212]]},"properties":{"name":"\u5f53\u5225\u7dda (Tobetsu-sen)","loading_pct":51.9,"p_mw":35.6}},{"type":"Feature","geometry":{"type":"LineString","coordinates":[[142.9249,43.1821],[142.9254,43.1818],[142.9271,43.1806],[142.9285,43.1797],[142.9306,43.1784],[142.9333,43.1766],[142.9371,43.1739],[142.9399,43.1757],[142.9426,43.1773],[142.9446,43.1769],[142.9469,43.1765],[142.9492,43.177],[142.9516,43.1839],[142.9527,43.185],[142.9537,43.1862],[142.9535,43.1886],[142.9577,43.193],[142.96,43.1929],[142.9684,43.1929],[142.975,43.1933],[142.982,43.1925],[142.9862,43.1906],[142.9929,43.1904],[142.996,43.1917],[143.0011,43.1947],[143.0066,43.1963],[143.0115,43.1996],[143.0143,43.2009],[143.0165,43.2032],[143.0213,43.2025],[143.0465,43.1977],[143.0508,43.1969],[143.0551,43.1961],[143.0872,43.1901],[143.0874,43.1901],[143.0892,43.1898],[143.0985,43.1881],[143.0996,43.1878],[143.1034,43.1871],[143.1055,43.1868],[143.1181,43.1844],[143.1194,43.1844],[143.1207,43.1842],[143.1496,43.1787],[143.1597,43.1769],[143.1801,43.1731],[143.1918,43.1709],[143.2069,43.1729],[143.2102,43.1723],[143.2115,43.1724],[143.212,43.1732],[143.2132,43.1738],[143.2131,43.1746],[143.2129,43.1763],[143.2132,43.1781],[143.2171,43.1777],[143.2216,43.1774],[143.2238,43.1796],[143.2265,43.1797],[143.227,43.1795],[143.2278,43.1789],[143.2287,43.1783],[143.2296,43.1777],[143.2305,43.1771],[143.2313,43.1765],[143.2321,43.176],[143.2322,43.1759],[143.233,43.1754],[143.2338,43.1748],[143.2345,43.1743],[143.2354,43.1738],[143.2362,43.1732],[143.2369,43.1727],[143.2377,43.1722],[143.2389,43.1721],[143.243,43.1703]]},"properties":{"name":"\u74dc\u5e55\u7dda","loading_pct":20.8,"p_mw":14.2}},{"type":"Feature","geometry":{"type":"LineString","coordinates":[[141.9253,43.4842],[141.9224,43.4818],[141.9203,43.4801],[141.9184,43.4785],[141.9166,43.4766],[141.9146,43.4745],[141.9133,43.4729],[141.9116,43.4707],[141.9104,43.4692],[141.9092,43.4677],[141.9076,43.4657],[141.9058,43.4633],[141.9039,43.4609],[141.9009,43.4595],[141.8983,43.4594],[141.8952,43.4605],[141.8921,43.4617],[141.89,43.4628],[141.8977,43.4562]]},"properties":{"name":"\u7a7a\u77e5\u7dda","loading_pct":43.5,"p_mw":-29.8}},{"type":"Feature","geometry":{"type":"LineString","coordinates":[[142.792,43.8416],[142.7934,43.8412],[142.7944,43.8418],[142.8045,43.8457],[142.8055,43.8461],[142.8086,43.8471],[142.8095,43.8475],[142.8105,43.8479],[142.8113,43.85],[142.8115,43.8508],[142.8119,43.8517],[142.8123,43.853],[142.8127,43.854],[142.8131,43.8552],[142.8139,43.8557],[142.8149,43.8563],[142.8158,43.857],[142.8169,43.8576],[142.8178,43.8583],[142.8188,43.8589],[142.8198,43.8595],[142.8207,43.8601],[142.8216,43.8607],[142.8226,43.8614],[142.8235,43.862],[142.8244,43.8626],[142.8252,43.8628],[142.8261,43.8632],[142.827,43.8635],[142.828,43.8638],[142.829,43.8642],[142.83,43.8645],[142.8309,43.8649],[142.832,43.8653],[142.833,43.8656],[142.834,43.866],[142.835,43.866],[142.836,43.8661],[142.838,43.8674],[142.8408,43.8672],[142.8472,43.8665],[142.8483,43.8664],[142.8504,43.8662],[142.8514,43.8661],[142.8524,43.866],[142.8536,43.8657],[142.8547,43.8655],[142.8558,43.8652],[142.8569,43.8649],[142.858,43.8646],[142.8594,43.8646],[142.8608,43.8644],[142.8618,43.8642],[142.8628,43.864],[142.8643,43.8638],[142.8655,43.8636],[142.8665,43.8638],[142.8676,43.8639],[142.8686,43.8641],[142.8696,43.8643],[142.8707,43.8645],[142.8717,43.8647],[142.8728,43.8648],[142.8738,43.865],[142.8749,43.8651],[142.876,43.8652],[142.8768,43.8656],[142.8777,43.866],[142.8786,43.8664],[142.8795,43.8668],[142.8805,43.8673],[142.8833,43.8687],[142.8871,43.8707],[142.8883,43.8708],[142.8898,43.8709],[142.8916,43.8711],[142.8922,43.8712],[142.9056,43.8724],[142.9082,43.8725],[142.9098,43.8729],[142.9182,43.8751],[142.9242,43.8766],[142.9347,43.8801],[142.9396,43.8815],[142.9405,43.8817],[142.9417,43.882],[142.9428,43.8823],[142.9459,43.8831],[142.9489,43.8839],[142.9506,43.8844],[142.9511,43.8836],[142.9519,43.8824],[142.9562,43.8828],[142.9582,43.8814],[142.9595,43.8804],[142.9606,43.8805],[142.9617,43.8806],[142.9628,43.8808],[142.9639,43.8809],[142.9649,43.881],[142.9672,43.8809],[142.9682,43.881],[142.9694,43.8811],[142.9705,43.8806],[142.9714,43.8802],[142.9724,43.8797],[142.9734,43.8793],[142.9744,43.8788],[142.9754,43.8787],[142.9765,43.8785],[142.9776,43.8783],[142.9786,43.8782],[142.9797,43.878],[142.983,43.877],[142.9859,43.8761],[142.9896,43.8749],[142.9907,43.875],[142.9919,43.875],[142.9929,43.8751],[142.9939,43.8751],[142.995,43.8752],[142.9969,43.8753],[142.9982,43.8754],[142.9994,43.8755],[143.0007,43.8755],[143.0019,43.8754],[143.0035,43.8751],[143.0046,43.8749],[143.0058,43.8748],[143.007,43.8746],[143.0079,43.8746],[143.009,43.8745],[143.0102,43.8745],[143.0113,43.8745],[143.0124,43.8745],[143.0134,43.8744],[143.0145,43.8744],[143.0156,43.8744],[143.0167,43.8744],[143.0176,43.8742],[143.0188,43.874],[143.02,43.8738],[143.0211,43.8737],[143.0225,43.8735],[143.0234,43.8733],[143.0247,43.8731],[143.0258,43.8729],[143.027,43.8728],[143.0282,43.8726],[143.0293,43.8724],[143.0304,43.8722],[143.0317,43.872],[143.0327,43.8719],[143.0338,43.8717],[143.0349,43.8715],[143.036,43.8714],[143.0375,43.8711],[143.0389,43.8709],[143.0401,43.8707],[143.0413,43.8706],[143.0425,43.8707],[143.0438,43.8707],[143.045,43.8708],[143.0463,43.8708],[143.0474,43.8709],[143.0484,43.8709],[143.0499,43.8705],[143.0508,43.8701],[143.052,43.8697],[143.0531,43.8692],[143.0567,43.8677],[143.0593,43.8666],[143.0618,43.8655],[143.0624,43.8652],[143.0646,43.865],[143.0665,43.8648],[143.0676,43.865],[143.0704,43.8654],[143.0714,43.8655],[143.0722,43.8657],[143.0738,43.8659],[143.075,43.8661],[143.0763,43.8663],[143.0774,43.8664],[143.0787,43.8666],[143.0799,43.8668],[143.0811,43.8669],[143.0856,43.8673],[143.09,43.8679],[143.0924,43.8682],[143.0936,43.8684],[143.0946,43.8685],[143.0958,43.8686],[143.0969,43.8688],[143.0981,43.8689],[143.0993,43.8691],[143.1005,43.8693],[143.1017,43.8694],[143.1037,43.8693],[143.1045,43.8693],[143.1055,43.8692],[143.1066,43.8692],[143.1078,43.8691],[143.1091,43.869],[143.1104,43.869],[143.1117,43.8689],[143.1132,43.8688],[143.114,43.8688],[143.1152,43.8687],[143.1163,43.8687],[143.1175,43.8686],[143.1188,43.8685],[143.1201,43.8685],[143.1213,43.8684],[143.1225,43.8683],[143.1238,43.8683],[143.125,43.8682],[143.1262,43.8681],[143.1275,43.8681],[143.1288,43.868],[143.1311,43.8679],[143.1324,43.8678],[143.1336,43.8678],[143.1355,43.8677],[143.1371,43.8676],[143.141,43.8676],[143.1425,43.8677],[143.144,43.8679],[143.1454,43.8681],[143.1467,43.8682],[143.148,43.8683],[143.1493,43.8685],[143.1507,43.8686],[143.1521,43.8688],[143.1533,43.8689],[143.1544,43.869],[143.1567,43.8692],[143.1579,43.8696],[143.159,43.8701],[143.161,43.8707],[143.1622,43.8711],[143.1626,43.871],[143.1658,43.872],[143.1685,43.8736],[143.17,43.8743],[143.171,43.8747],[143.1751,43.8747],[143.178,43.8765],[143.1806,43.878],[143.1823,43.8794],[143.1838,43.8801],[143.1857,43.8807],[143.187,43.8812],[143.1882,43.8816],[143.1892,43.8817],[143.1912,43.8817],[143.1924,43.8821],[143.1936,43.8826],[143.1948,43.8829],[143.1959,43.8833],[143.197,43.8842],[143.1981,43.8851],[143.1988,43.8857],[143.2002,43.8867],[143.2001,43.8881],[143.2036,43.8901],[143.2059,43.8918],[143.2078,43.8935],[143.2071,43.8956],[143.2064,43.898],[143.2068,43.8992],[143.2071,43.8999],[143.2076,43.901],[143.2078,43.9016],[143.2081,43.9023],[143.2085,43.9033],[143.2093,43.9054],[143.2099,43.9059],[143.2108,43.9065],[143.2118,43.9073],[143.2125,43.9078],[143.2134,43.9085],[143.2142,43.9091],[143.215,43.9097],[143.2154,43.91],[143.2168,43.912],[143.2173,43.9126],[143.2177,43.9131],[143.2185,43.9137],[143.2191,43.9142],[143.2199,43.9147],[143.2211,43.9153],[143.2221,43.9156],[143.2232,43.916],[143.224,43.9166],[143.2251,43.9174],[143.2261,43.9182],[143.2271,43.919],[143.2276,43.9194],[143.2287,43.9202],[143.2295,43.9208],[143.2303,43.9215],[143.2312,43.9222],[143.2321,43.9228],[143.2327,43.9232],[143.2351,43.9246],[143.237,43.9257],[143.2381,43.9267],[143.2391,43.9276],[143.24,43.9284],[143.2409,43.9291],[143.2418,43.9299],[143.2427,43.9308],[143.2435,43.9315],[143.2443,43.9321],[143.2455,43.9331],[143.2469,43.9345],[143.2479,43.9353],[143.249,43.9362],[143.251,43.9379],[143.2516,43.9385],[143.2536,43.9401],[143.2542,43.9407],[143.2546,43.941],[143.2568,43.943],[143.2575,43.9436],[143.2581,43.9441],[143.2589,43.9448],[143.2596,43.9453],[143.2602,43.9456],[143.2612,43.9461],[143.2622,43.9466],[143.2646,43.9479],[143.2668,43.949],[143.2677,43.9495],[143.2689,43.9501],[143.2697,43.9505],[143.2708,43.9511],[143.2722,43.9518],[143.2734,43.9525],[143.2747,43.9532],[143.2758,43.9538],[143.2772,43.9545],[143.2782,43.955],[143.2798,43.956],[143.2823,43.9569],[143.2853,43.958],[143.2873,43.9589],[143.2883,43.9592],[143.2893,43.9596],[143.2902,43.9599],[143.2912,43.9603],[143.2922,43.9606],[143.2932,43.961],[143.2944,43.9611],[143.2955,43.9612],[143.2975,43.9613],[143.2988,43.9613],[143.2997,43.9621],[143.3004,43.9654],[143.3007,43.9664],[143.3011,43.9675],[143.3014,43.9687],[143.3018,43.9705],[143.3039,43.973],[143.3056,43.9744],[143.3079,43.9762],[143.3096,43.9785],[143.3093,43.9808],[143.3123,43.9823],[143.3148,43.9831],[143.3171,43.9839],[143.3189,43.9841],[143.3197,43.9844],[143.3207,43.9848],[143.3221,43.9852],[143.3232,43.9858],[143.3249,43.9874],[143.3264,43.9901],[143.3286,43.9912],[143.3302,43.9918],[143.3345,43.9958],[143.3351,43.9958],[143.3366,43.9974],[143.3377,43.9988],[143.3388,43.9999],[143.3414,44.0008],[143.3439,44.0026],[143.3445,44.0046],[143.3478,44.0088],[143.3486,44.0108],[143.3501,44.0126],[143.3519,44.0141],[143.3527,44.0153],[143.3513,44.0159],[143.3512,44.016],[143.3512,44.0161]]},"properties":{"name":"\u65e5\u6771\u5909\u96fb\u6240~\u4e38\u702c\u5e03\u897f\u753a\u5909\u96fb\u6240\u7dda","loading_pct":18.7,"p_mw":12.9}},{"type":"Feature","geometry":{"type":"LineString","coordinates":[[142.792,43.8416],[142.7923,43.8396],[142.7928,43.8379],[142.7935,43.8362],[142.7941,43.8344],[142.7949,43.8319],[142.7955,43.8301],[142.7959,43.8285],[142.7965,43.8269],[142.7971,43.8252],[142.7975,43.8235],[142.7983,43.8222],[142.802,43.8205],[142.804,43.8195],[142.8061,43.8185],[142.8083,43.8175],[142.8105,43.8157],[142.8125,43.8156],[142.8145,43.8146],[142.8165,43.8136],[142.8186,43.8126],[142.8209,43.8116],[142.8223,43.8109],[142.8239,43.8102],[142.8252,43.8096],[142.8278,43.8083],[142.8303,43.8081],[142.8326,43.8079],[142.8365,43.8073],[142.8398,43.8069],[142.8412,43.8069],[142.8431,43.8067],[142.8447,43.8066],[142.8465,43.8065],[142.849,43.8064],[142.851,43.8064],[142.8534,43.8063],[142.855,43.8062],[142.8572,43.8061],[142.8597,43.806],[142.8621,43.8059],[142.8637,43.8059],[142.8654,43.8063],[142.8667,43.8069],[142.8683,43.8078],[142.871,43.8091],[142.8719,43.8096]]},"properties":{"name":"\u65e5\u6771\u5909\u96fb\u6240~\u4e0a\u5ddd\u753a\u5909\u96fb\u6240\u7dda","loading_pct":1.5,"p_mw":1.0}},{"type":"Feature","geometry":{"type":"LineString","coordinates":[[141.9253,43.4842],[141.9238,43.4876],[141.9229,43.4893],[141.9219,43.4911],[141.921,43.4927],[141.9195,43.4941],[141.9181,43.4955],[141.9162,43.4972],[141.9148,43.4985],[141.9123,43.5],[141.9085,43.5007],[141.9059,43.5006],[141.9009,43.5006],[141.8942,43.5006],[141.8891,43.5006],[141.8858,43.5006],[141.8831,43.5013],[141.8805,43.502],[141.8778,43.5027],[141.8752,43.5034],[141.8726,43.5042],[141.8698,43.5049],[141.8664,43.5058],[141.8635,43.5066],[141.8608,43.5073],[141.8581,43.508],[141.8553,43.5088],[141.8522,43.5096],[141.8521,43.511],[141.8528,43.5128],[141.8536,43.5149],[141.8544,43.5169],[141.8552,43.5188],[141.8567,43.5228],[141.8575,43.5248],[141.8584,43.5269],[141.8592,43.529],[141.8599,43.5308],[141.8607,43.5329],[141.8615,43.5348],[141.8622,43.5366],[141.8631,43.5405],[141.8634,43.5424],[141.8637,43.5444],[141.8638,43.5465],[141.8637,43.5486],[141.8637,43.5505],[141.8636,43.5526],[141.8636,43.5553],[141.8637,43.5583],[141.8637,43.5619],[141.8638,43.5639],[141.8638,43.5664],[141.8634,43.5684],[141.8632,43.5703],[141.8622,43.5725],[141.8624,43.5745],[141.8622,43.5772],[141.8618,43.5796],[141.8613,43.5822],[141.8609,43.5846],[141.8606,43.5863],[141.8602,43.5886],[141.8599,43.5906],[141.8595,43.5928],[141.8592,43.5947],[141.8588,43.5966],[141.8584,43.5986],[141.8581,43.6006],[141.8576,43.603],[141.8572,43.6052],[141.8568,43.6074],[141.8565,43.6091],[141.8565,43.6112],[141.8566,43.6133],[141.8567,43.6155],[141.8568,43.6172],[141.8569,43.6192],[141.8578,43.621],[141.8586,43.6237],[141.8596,43.6256],[141.8611,43.6282],[141.8626,43.6308],[141.8641,43.6333],[141.8655,43.6353],[141.8667,43.6369],[141.868,43.6387],[141.8691,43.6404],[141.8703,43.6422],[141.8717,43.6442],[141.8728,43.6459],[141.8739,43.6476],[141.8753,43.6496],[141.8768,43.6517],[141.8786,43.654],[141.8804,43.6563],[141.882,43.6587],[141.8845,43.6603],[141.887,43.6612],[141.8895,43.6622],[141.8923,43.6631],[141.8946,43.6646],[141.8965,43.6659],[141.8991,43.6675],[141.9008,43.6687],[141.903,43.6702],[141.9049,43.6715],[141.9072,43.6731],[141.9093,43.6745],[141.9112,43.6762],[141.9135,43.6769],[141.9187,43.6784],[141.9186,43.6812],[141.9209,43.6826],[141.923,43.6839],[141.9254,43.6853],[141.9294,43.6878],[141.9318,43.6893],[141.9334,43.6902],[141.9351,43.6913],[141.9371,43.6925],[141.9392,43.6938],[141.9415,43.6952],[141.9436,43.6965],[141.9457,43.6978],[141.9478,43.6991],[141.9499,43.7004],[141.9522,43.7018],[141.9542,43.703],[141.9563,43.7043],[141.9587,43.7058],[141.961,43.7072],[141.9629,43.7082],[141.9653,43.7097],[141.9675,43.7111],[141.9692,43.7125],[141.9711,43.7141],[141.9732,43.7158],[141.9749,43.7172],[141.9768,43.7188],[141.9788,43.7204],[141.9805,43.7218],[141.9825,43.7234],[141.9843,43.7249],[141.9863,43.7265],[141.9884,43.7279],[141.9905,43.7293],[141.9926,43.7307],[141.9943,43.7325],[141.9963,43.7346],[141.9981,43.7364],[141.9995,43.738],[142.0013,43.7399],[142.003,43.7416]]},"properties":{"name":"\u6cbc\u7530\u7dda","loading_pct":3.6,"p_mw":-2.5}},{"type":"Feature","geometry":{"type":"LineString","coordinates":[[141.9253,43.4842],[141.9278,43.4865],[141.9292,43.4884],[141.9309,43.4901],[141.9328,43.4921],[141.9353,43.494],[141.9378,43.4959],[141.9402,43.4977],[141.9432,43.5001],[141.9477,43.5041],[141.95,43.5053],[141.9512,43.5062],[141.9558,43.5079],[141.9586,43.5089],[141.9615,43.5099],[141.9644,43.511],[141.9673,43.512],[141.9705,43.5133],[141.9765,43.5154],[141.9795,43.5164],[141.9823,43.5175],[141.9857,43.5187],[141.9911,43.5206],[141.9977,43.523],[142.0003,43.524],[142.0053,43.5254],[142.009,43.5265],[142.0134,43.5278],[142.0179,43.5291],[142.0219,43.5304],[142.0268,43.5318],[142.0304,43.5328],[142.0356,43.5344],[142.0416,43.5361],[142.0492,43.537],[142.0686,43.5353],[142.0736,43.5352],[142.0752,43.5362],[142.0759,43.5381],[142.0772,43.5397]]},"properties":{"name":"\u91ce\u82b1\u5357\u7dda","loading_pct":47.1,"p_mw":32.3}},{"type":"Feature","geometry":{"type":"LineString","coordinates":[[141.6048,42.8667],[141.6095,42.8881],[141.6069,42.889],[141.6043,42.89],[141.6018,42.8909],[141.5991,42.8913],[141.5962,42.8923],[141.5941,42.8931],[141.5909,42.8943],[141.5881,42.8953],[141.5856,42.8962],[141.5833,42.8977],[141.5807,42.8986],[141.5786,42.8988],[141.5763,42.8997],[141.5742,42.9004],[141.5725,42.901],[141.5707,42.9017],[141.5713,42.9034],[141.5701,42.9045],[141.5682,42.9053],[141.5695,42.9071],[141.5704,42.9095],[141.5721,42.9112],[141.5738,42.9088]]},"properties":{"name":"\u5343\u6b73\u7dda","loading_pct":10.4,"p_mw":7.1}},{"type":"Feature","geometry":{"type":"LineString","coordinates":[[141.6961,43.0132],[141.7349,43.0207],[141.7392,43.0211],[141.7407,43.0231],[141.7426,43.0254],[141.7462,43.0268],[141.751,43.0309],[141.7566,43.0329],[141.7549,43.0376],[141.7564,43.0395],[141.7567,43.0421],[141.7581,43.0434],[141.7599,43.0457],[141.7608,43.0479],[141.7654,43.0466],[141.7689,43.0475],[141.772,43.0474],[141.7748,43.047],[141.7777,43.0476],[141.7808,43.0482],[141.7804,43.0506],[141.7797,43.0526]]},"properties":{"name":"\u6817\u5c71\u7dda","loading_pct":10.2,"p_mw":-7.0}},{"type":"Feature","geometry":{"type":"LineString","coordinates":[[141.8126,42.7613],[141.8109,42.7618],[141.8092,42.7635],[141.8058,42.7654],[141.8027,42.7671],[141.8026,42.7693],[141.8002,42.7696],[141.7978,42.7698],[141.7955,42.7717],[141.7924,42.7738],[141.7907,42.7753],[141.7901,42.7776],[141.7879,42.7777],[141.7858,42.7789],[141.7844,42.7802],[141.7831,42.7816],[141.7795,42.7822],[141.7772,42.7837],[141.7756,42.7848],[141.7716,42.7871],[141.7696,42.7883],[141.7646,42.7896],[141.7634,42.7926],[141.7618,42.7958],[141.7605,42.7987],[141.7578,42.798],[141.7545,42.7972],[141.7525,42.7968],[141.7501,42.7964],[141.7492,42.7984],[141.7481,42.8003],[141.7467,42.8029],[141.744,42.8047],[141.7415,42.8066],[141.7386,42.8083],[141.7364,42.8094],[141.7336,42.8108],[141.7325,42.8122],[141.73,42.8138],[141.7277,42.8153],[141.7237,42.818],[141.7208,42.8199],[141.7156,42.8227],[141.7124,42.8244],[141.7092,42.8259],[141.7034,42.8261],[141.7008,42.8275],[141.6997,42.8295],[141.699,42.8317],[141.6983,42.8336],[141.6973,42.8354],[141.6951,42.8365],[141.6918,42.838],[141.6925,42.8407],[141.6904,42.8419],[141.6901,42.8446],[141.6895,42.8461],[141.6878,42.8479],[141.6861,42.8496],[141.6845,42.8512],[141.6823,42.8526],[141.6799,42.8538],[141.6771,42.8551],[141.6748,42.8563],[141.6722,42.8576],[141.6708,42.8593],[141.6694,42.8611],[141.666,42.8609],[141.6648,42.859],[141.6633,42.8569],[141.662,42.855],[141.6592,42.8532],[141.6566,42.8512],[141.6551,42.8488],[141.654,42.8472],[141.6517,42.8478],[141.651,42.846],[141.6499,42.8448],[141.649,42.8438],[141.6477,42.8419],[141.6364,42.8333]]},"properties":{"name":"\u5343\u6b73\u7dda","loading_pct":2.9,"p_mw":2.0}},{"type":"Feature","geometry":{"type":"LineString","coordinates":[[141.826,43.2604],[141.8669,43.2531],[141.8684,43.2534],[141.8745,43.2544],[141.8756,43.2546],[141.8775,43.2548],[141.8809,43.2553],[141.8849,43.256],[141.886,43.2563],[141.8869,43.2564],[141.889,43.2565],[141.8897,43.2565],[141.8919,43.2566],[141.8942,43.2567],[141.8965,43.2567],[141.8983,43.2568],[141.9003,43.2569],[141.9015,43.2572],[141.9036,43.2575],[141.909,43.2578],[141.9106,43.2577],[141.9125,43.258],[141.9145,43.2588],[141.9151,43.259],[141.9161,43.2594],[141.9184,43.2596],[141.9197,43.2598],[141.925,43.2599],[141.9272,43.2593],[141.9278,43.2585],[141.9292,43.2578]]},"properties":{"name":"\u5cf0\u5ef6\u5909\u96fb\u6240~\u5f25\u751f\u85e4\u679d\u753a\u5909\u96fb\u6240\u7dda","loading_pct":5.0,"p_mw":3.4}},{"type":"Feature","geometry":{"type":"LineString","coordinates":[[141.6961,43.0132],[141.7349,43.0207],[141.7392,43.0211],[141.7407,43.0231],[141.7426,43.0254],[141.7462,43.0268],[141.751,43.0309],[141.7566,43.0329],[141.7549,43.0376],[141.7564,43.0395],[141.7567,43.0421],[141.7581,43.0434],[141.7599,43.0457],[141.7608,43.0479],[141.7654,43.0466],[141.7689,43.0475],[141.772,43.0474],[141.7748,43.047],[141.7777,43.0476],[141.7808,43.0482],[141.7804,43.0506],[141.7797,43.0526]]},"properties":{"name":"\u7531\u4ec1\u7dda","loading_pct":19.2,"p_mw":-13.2}},{"type":"Feature","geometry":{"type":"LineString","coordinates":[[143.3512,44.0161],[143.3515,44.0159],[143.3528,44.0154],[143.3543,44.0169],[143.3558,44.018],[143.3569,44.0179],[143.3585,44.0179],[143.3602,44.0179],[143.3613,44.0179],[143.3634,44.0174],[143.3642,44.0172],[143.3652,44.0169],[143.3659,44.0167],[143.3666,44.0165],[143.3677,44.0162],[143.3689,44.0158],[143.37,44.0155],[143.3708,44.0149],[143.3718,44.0143],[143.3727,44.0137],[143.3736,44.0131],[143.3746,44.0125],[143.3754,44.012],[143.3763,44.0114],[143.3772,44.0109],[143.378,44.0103],[143.379,44.0097],[143.3799,44.0091],[143.3809,44.0085],[143.3818,44.008],[143.3827,44.0074],[143.3838,44.0069],[143.3849,44.0065],[143.3862,44.0063],[143.3874,44.0061],[143.3886,44.006],[143.3899,44.0058],[143.3911,44.0056],[143.3923,44.0055],[143.3935,44.0053],[143.3948,44.0051],[143.396,44.005],[143.3973,44.0047],[143.4012,44.0043],[143.4045,44.0041],[143.4077,44.0039],[143.41,44.0041],[143.4125,44.0044],[143.4148,44.0045],[143.4178,44.0046],[143.4191,44.0047],[143.4202,44.0049],[143.4214,44.005],[143.4226,44.005],[143.4243,44.005],[143.4254,44.0049],[143.4264,44.0048],[143.4273,44.0048],[143.4296,44.0049],[143.4321,44.005],[143.4342,44.0051],[143.4376,44.0051],[143.4386,44.0052],[143.44,44.0053],[143.4413,44.0054],[143.4425,44.0055],[143.4438,44.0056],[143.4451,44.0057],[143.4465,44.0058],[143.4477,44.0059],[143.4487,44.0061],[143.4494,44.0062],[143.4509,44.0065],[143.4526,44.0068],[143.4539,44.0071],[143.4548,44.0074],[143.4554,44.0076],[143.4564,44.0078],[143.4575,44.0082],[143.4586,44.0085],[143.4598,44.0088],[143.4609,44.0092],[143.462,44.0095],[143.4641,44.01],[143.4648,44.0103],[143.466,44.0106],[143.4672,44.011],[143.4683,44.0113],[143.4695,44.0117],[143.4719,44.0124],[143.4742,44.0131],[143.4754,44.0134],[143.4766,44.0137],[143.4777,44.0141],[143.4789,44.0145],[143.4802,44.0149],[143.4814,44.0152],[143.4826,44.0156],[143.4837,44.016],[143.485,44.0163],[143.4861,44.0167],[143.4872,44.0171],[143.4887,44.0176],[143.4897,44.0183],[143.4893,44.0201],[143.4893,44.0209],[143.4901,44.0216],[143.4934,44.0224],[143.4965,44.0232],[143.4994,44.0225],[143.5029,44.0221],[143.5042,44.0223],[143.5054,44.0223],[143.5084,44.0225],[143.5088,44.023],[143.5093,44.0232]]},"properties":{"name":"\u77f3\u5317\u7dda","loading_pct":8.4,"p_mw":5.7}},{"type":"Feature","geometry":{"type":"LineString","coordinates":[[143.5989,44.1939],[143.5644,44.194],[143.5617,44.1921],[143.5594,44.1906],[143.5574,44.1891],[143.5559,44.1869],[143.5546,44.1846],[143.5532,44.182],[143.5525,44.1809],[143.5512,44.1786],[143.5497,44.1761],[143.5488,44.1746],[143.5475,44.1724],[143.5466,44.1709],[143.5456,44.1692],[143.5451,44.1671],[143.5445,44.1648],[143.5438,44.1621],[143.5433,44.1601],[143.5426,44.1578],[143.542,44.1556],[143.5408,44.154],[143.5389,44.151],[143.5373,44.1487],[143.5358,44.1465],[143.5341,44.144],[143.5339,44.1413],[143.5337,44.1384],[143.5334,44.1357],[143.5332,44.1329],[143.533,44.1301],[143.5328,44.1274],[143.5327,44.1251],[143.5325,44.1226],[143.5322,44.12],[143.5323,44.1182],[143.5304,44.1156],[143.5291,44.1138],[143.5277,44.1118],[143.5263,44.1098],[143.5248,44.1077],[143.5236,44.1059],[143.522,44.1039],[143.521,44.1023],[143.5193,44.0998],[143.5176,44.0976],[143.5159,44.095],[143.5143,44.0927],[143.5126,44.0903],[143.5115,44.0889],[143.5094,44.086],[143.5089,44.0841],[143.5084,44.0823],[143.5078,44.0795],[143.5072,44.0769],[143.5048,44.0754],[143.5014,44.0738],[143.4985,44.0723],[143.4954,44.0707],[143.4924,44.0692],[143.4921,44.066],[143.4916,44.0635],[143.4914,44.0609],[143.491,44.0589],[143.4905,44.0563],[143.4903,44.0547],[143.49,44.0531],[143.4897,44.0502],[143.4919,44.0486],[143.494,44.047],[143.4968,44.0447],[143.4988,44.0431],[143.5014,44.0411],[143.5039,44.0392],[143.5047,44.0373],[143.5056,44.0355],[143.5074,44.0319],[143.5093,44.0232]]},"properties":{"name":"\u7d0b\u5225\u6771\u7dda","loading_pct":18.5,"p_mw":-12.7}},{"type":"Feature","geometry":{"type":"LineString","coordinates":[[143.5093,44.0232],[143.5073,44.0317],[143.5049,44.0341],[143.5038,44.0358],[143.5029,44.037],[143.5014,44.038],[143.5005,44.0389],[143.4997,44.0395],[143.499,44.0402],[143.4983,44.0409],[143.4976,44.0417],[143.4969,44.0425],[143.4961,44.0432],[143.4955,44.0439],[143.4947,44.0447],[143.4939,44.0457],[143.4929,44.0466],[143.492,44.0475],[143.4908,44.0488],[143.4892,44.0503],[143.4888,44.051],[143.488,44.0518],[143.4873,44.0526],[143.4865,44.0534],[143.4858,44.0542],[143.4849,44.0552],[143.484,44.0563],[143.4831,44.0572],[143.4813,44.0583],[143.48,44.059],[143.4767,44.0609],[143.4756,44.0615],[143.4746,44.0621],[143.4735,44.0626],[143.4728,44.0634],[143.472,44.0642],[143.4709,44.0651],[143.4686,44.066],[143.4666,44.0662],[143.4627,44.0667],[143.461,44.0668],[143.4597,44.0669],[143.4585,44.0671],[143.4574,44.0672],[143.4562,44.0673],[143.455,44.0674],[143.4539,44.0676],[143.4527,44.0677],[143.4501,44.068],[143.4486,44.0682],[143.447,44.0682],[143.4452,44.0682],[143.444,44.0681],[143.4418,44.0681],[143.4383,44.0686],[143.4371,44.0689],[143.436,44.069],[143.4336,44.0696],[143.4327,44.0697],[143.4275,44.073],[143.4258,44.0741],[143.4247,44.0748],[143.4235,44.0755],[143.423,44.076],[143.422,44.0769],[143.4213,44.0776],[143.4206,44.0782],[143.4199,44.0788],[143.4192,44.0796],[143.4174,44.0811],[143.4136,44.0837],[143.4078,44.0879],[143.4004,44.0931],[143.3922,44.099],[143.3912,44.0997],[143.3878,44.1021],[143.3861,44.1033],[143.3835,44.1052],[143.3784,44.106],[143.3735,44.1068],[143.3632,44.1099],[143.3602,44.1166],[143.3572,44.1197],[143.355,44.1238],[143.3521,44.1259],[143.3522,44.1273],[143.3523,44.128],[143.3524,44.1287],[143.3527,44.1305],[143.3528,44.1313],[143.3528,44.1318],[143.3531,44.1336],[143.3534,44.1354],[143.3535,44.1364],[143.3536,44.1372],[143.3532,44.1376],[143.3518,44.1388],[143.351,44.1396],[143.3502,44.1402],[143.3495,44.1409],[143.3487,44.1417],[143.348,44.1423],[143.3474,44.1428],[143.3468,44.1434],[143.3462,44.1439],[143.3454,44.1447],[143.3446,44.1454],[143.3431,44.1458],[143.3422,44.1461],[143.3413,44.1464],[143.3408,44.1471],[143.34,44.1483],[143.3394,44.1491],[143.3386,44.1512],[143.3384,44.1519],[143.3384,44.1524],[143.3382,44.1536],[143.3384,44.1544],[143.3386,44.1552],[143.3388,44.156],[143.3392,44.1565],[143.3403,44.1577],[143.3402,44.1585],[143.3401,44.1593],[143.3408,44.1598],[143.3416,44.1603],[143.3423,44.1608],[143.343,44.1613],[143.3439,44.1614],[143.345,44.1619],[143.3473,44.1629],[143.3471,44.1647],[143.3471,44.1657],[143.3471,44.1666],[143.3458,44.1678],[143.3455,44.1682],[143.3448,44.1689],[143.3441,44.1697],[143.3433,44.1705],[143.3428,44.1712],[143.3415,44.1725],[143.3406,44.1733],[143.3399,44.1741],[143.3394,44.1746],[143.3386,44.1754],[143.3379,44.1763],[143.3368,44.1778],[143.3362,44.1786],[143.3355,44.1794],[143.3348,44.1803],[143.3323,44.1834],[143.3325,44.1853],[143.3368,44.191],[143.3391,44.1959],[143.3413,44.2055],[143.337,44.2136],[143.3334,44.22],[143.3366,44.2292],[143.3395,44.2376],[143.3431,44.2459],[143.3471,44.2552],[143.3498,44.2616],[143.3512,44.2651],[143.3515,44.2658],[143.3515,44.2667],[143.3515,44.2676],[143.3515,44.2684],[143.3515,44.2692],[143.3515,44.2702],[143.3514,44.2711],[143.3514,44.2723],[143.3514,44.2731],[143.3514,44.2736],[143.3514,44.2754],[143.3514,44.2764],[143.3513,44.277],[143.3513,44.2779],[143.3513,44.2789],[143.3513,44.2798],[143.3513,44.281],[143.3512,44.2825],[143.3513,44.2833],[143.3513,44.2841],[143.3512,44.2857],[143.3512,44.2865],[143.3512,44.2875],[143.3512,44.2883],[143.3512,44.2891],[143.3511,44.2907],[143.3511,44.2915],[143.3511,44.2923],[143.3511,44.2933],[143.3506,44.2945],[143.35,44.2962],[143.3501,44.2978],[143.3502,44.2995],[143.3503,44.3013],[143.3507,44.303],[143.3509,44.3041],[143.3509,44.3052],[143.3508,44.3116],[143.3508,44.3166],[143.3502,44.3225],[143.3501,44.3232],[143.3499,44.3244],[143.3497,44.3272],[143.3485,44.3466]]},"properties":{"name":"\u7d0b\u5225\u7dda","loading_pct":13.8,"p_mw":9.4}},{"type":"Feature","geometry":{"type":"LineString","coordinates":[[142.4752,43.5878],[142.4839,43.5911],[142.4859,43.5896],[142.4879,43.588],[142.4898,43.5865],[142.4887,43.5852],[142.4868,43.5839],[142.4852,43.5828],[142.4834,43.5816],[142.4815,43.5803],[142.4795,43.5812],[142.478,43.5802],[142.4771,43.5794],[142.4763,43.5789],[142.4756,43.5781],[142.4748,43.5777],[142.4739,43.5771],[142.473,43.5766],[142.4722,43.5761],[142.4714,43.5757],[142.4706,43.5752],[142.4699,43.5748],[142.469,43.5743],[142.468,43.5737],[142.4672,43.5732],[142.4664,43.5727],[142.4662,43.5712],[142.466,43.5703],[142.4659,43.5697],[142.4659,43.569],[142.4658,43.5682],[142.4656,43.5673],[142.4653,43.5658],[142.4652,43.565],[142.4652,43.5642],[142.4651,43.5635],[142.465,43.5627],[142.4648,43.5619],[142.4647,43.5613],[142.4646,43.5606],[142.4645,43.5598],[142.4644,43.5592],[142.4643,43.5585],[142.4642,43.5577],[142.4641,43.5568],[142.464,43.5561],[142.4639,43.5552],[142.4637,43.5544],[142.4636,43.5536],[142.4635,43.5528],[142.4633,43.552],[142.4633,43.5512],[142.4631,43.5504],[142.4631,43.5496],[142.4629,43.5488],[142.4628,43.548],[142.4626,43.5473],[142.4623,43.5465],[142.462,43.5457],[142.4618,43.545],[142.4611,43.5433],[142.4609,43.5425],[142.4606,43.5417],[142.4603,43.5409],[142.46,43.5401],[142.4598,43.5394],[142.4595,43.5386],[142.4592,43.5378],[142.4589,43.537],[142.4586,43.5363],[142.4584,43.5355],[142.4581,43.5347],[142.4578,43.534],[142.4576,43.5332],[142.4574,43.5325],[142.4571,43.5318],[142.4568,43.5309],[142.4565,43.53],[142.4562,43.5293],[142.4559,43.5285],[142.4557,43.5279],[142.4555,43.5272],[142.4552,43.5265],[142.4549,43.5258],[142.4547,43.5251],[142.4545,43.5245],[142.4542,43.5237],[142.4539,43.5229],[142.4536,43.5222],[142.4533,43.5214],[142.4529,43.5205],[142.4526,43.5198],[142.4523,43.519],[142.452,43.5181],[142.4517,43.5173],[142.4514,43.5164],[142.451,43.5156],[142.4506,43.5145],[142.4504,43.5137],[142.45,43.513],[142.4498,43.5123],[142.4496,43.5118],[142.4497,43.5111],[142.4499,43.5104],[142.4501,43.5097],[142.4503,43.5091],[142.4505,43.5085],[142.4507,43.5078],[142.451,43.507],[142.4511,43.5063],[142.4513,43.5056],[142.4515,43.5051],[142.4517,43.5045],[142.4519,43.5036],[142.4521,43.5029],[142.4532,43.5022],[142.4543,43.5016],[142.4529,43.4999],[142.4532,43.4992],[142.4535,43.4985],[142.4543,43.4981],[142.4546,43.4972],[142.454,43.4965],[142.4542,43.4959],[142.4544,43.4951],[142.4547,43.4942],[142.455,43.4932],[142.4552,43.4924],[142.4554,43.4917],[142.4556,43.4909],[142.4559,43.4901],[142.4561,43.4893],[142.4563,43.4885],[142.4566,43.4877],[142.4568,43.4869],[142.457,43.4862],[142.4573,43.4854],[142.4575,43.4846],[142.4577,43.4838],[142.4579,43.483],[142.4582,43.4822],[142.4584,43.4814],[142.4586,43.4807],[142.4588,43.48],[142.459,43.4792],[142.4593,43.4784],[142.4595,43.4776],[142.4597,43.4768],[142.46,43.476],[142.4602,43.4752],[142.4605,43.4744],[142.4605,43.4741],[142.4607,43.4732],[142.46,43.472],[142.4596,43.4712],[142.4592,43.4702],[142.4583,43.4695],[142.4584,43.4688],[142.4633,43.4659]]},"properties":{"name":"\u4e2d\u753a\u4e8c\u4e01\u76ee\u5909\u96fb\u6240~\u6cc9\u753a\u4e00\u4e01\u76ee\u5909\u96fb\u6240\u7dda","loading_pct":24.0,"p_mw":16.5}},{"type":"Feature","geometry":{"type":"LineString","coordinates":[[142.383,43.3494],[142.3652,43.3837],[142.366,43.3838],[142.3668,43.384],[142.3686,43.3844],[142.3694,43.3845],[142.3702,43.3847],[142.3704,43.3853],[142.3707,43.3859],[142.371,43.3867],[142.3714,43.3875],[142.3719,43.3883],[142.3723,43.389],[142.3729,43.39],[142.3733,43.3908],[142.374,43.3919],[142.3743,43.3925],[142.3748,43.3933],[142.375,43.3938],[142.3752,43.3943],[142.3755,43.3949],[142.3758,43.3955],[142.3761,43.3962],[142.3765,43.3971],[142.3769,43.3979],[142.3772,43.3986],[142.3776,43.3995],[142.3777,43.4002],[142.3777,43.4014],[142.3778,43.402],[142.3778,43.4026],[142.3778,43.4034],[142.3779,43.4041],[142.3779,43.4048],[142.378,43.4055],[142.378,43.4063],[142.3781,43.4071],[142.3781,43.4078],[142.3782,43.4086],[142.3782,43.4093],[142.3788,43.4106],[142.3791,43.4112],[142.3795,43.412],[142.3798,43.4127],[142.3802,43.4133],[142.3804,43.4139],[142.3808,43.4146],[142.3813,43.4156],[142.3816,43.4163],[142.3819,43.4171],[142.3821,43.4176],[142.3824,43.4185],[142.3827,43.4192],[142.3835,43.4201],[142.3839,43.4206],[142.3845,43.4212],[142.3851,43.4219],[142.3857,43.4226],[142.3864,43.4233],[142.3869,43.4239],[142.3875,43.4245],[142.3881,43.4252],[142.3886,43.4258],[142.3892,43.4265],[142.3897,43.4271],[142.3903,43.4277],[142.3909,43.4284],[142.3915,43.4291],[142.3921,43.4297],[142.3932,43.431],[142.3938,43.4317],[142.3949,43.4329],[142.3954,43.4334],[142.396,43.434],[142.3967,43.435],[142.3972,43.4356],[142.3977,43.4361],[142.3983,43.4368],[142.3989,43.4375],[142.3995,43.4382],[142.4001,43.4389],[142.4008,43.4396],[142.4015,43.4402],[142.4021,43.4409],[142.4027,43.4415],[142.4035,43.4422],[142.4041,43.4429],[142.4048,43.4435],[142.4055,43.4442],[142.4061,43.4448],[142.4067,43.4454],[142.4073,43.446],[142.4078,43.4465],[142.4083,43.4471],[142.4089,43.4476],[142.4093,43.4481],[142.4107,43.4479],[142.4121,43.4478],[142.4133,43.448],[142.4144,43.4485],[142.4153,43.4494],[142.4154,43.4502],[142.4156,43.4511],[142.4164,43.4514],[142.418,43.4519],[142.4189,43.4519],[142.4198,43.4519],[142.4212,43.452],[142.4224,43.452],[142.4231,43.4527],[142.4236,43.4534],[142.4245,43.4543],[142.4251,43.455],[142.426,43.4554],[142.4271,43.4566],[142.4276,43.4572],[142.4286,43.4577],[142.4296,43.4582],[142.4311,43.4589],[142.4324,43.4595],[142.4342,43.4604],[142.435,43.4608],[142.4359,43.4612],[142.4367,43.4616],[142.4376,43.462],[142.4385,43.4624],[142.4399,43.4631],[142.4413,43.4638],[142.4426,43.4644],[142.4439,43.465],[142.4453,43.4657],[142.4461,43.466],[142.447,43.4663],[142.448,43.4667],[142.4489,43.467],[142.4496,43.4673],[142.4506,43.4673],[142.4514,43.4672],[142.4524,43.4671],[142.4567,43.4673],[142.4633,43.4659]]},"properties":{"name":"\u4e0a\u5bcc\u826f\u91ce\u652f\u7dda","loading_pct":19.6,"p_mw":-13.4}},{"type":"Feature","geometry":{"type":"LineString","coordinates":[[142.369,43.3331],[142.3706,43.3356],[142.3708,43.335],[142.3711,43.3342],[142.371,43.3337],[142.3709,43.3333],[142.3707,43.3323],[142.3706,43.3316],[142.3704,43.3308],[142.3703,43.33],[142.3701,43.3293],[142.37,43.3285],[142.3709,43.3279],[142.3713,43.3273],[142.3717,43.3265],[142.3722,43.3258],[142.3728,43.3252],[142.3733,43.3245],[142.3739,43.3238],[142.3745,43.323],[142.3751,43.3223],[142.3757,43.3217],[142.3764,43.3209],[142.377,43.3201],[142.3776,43.3194],[142.3788,43.3182],[142.3793,43.3176],[142.3813,43.3171],[142.3831,43.3169],[142.3832,43.3161],[142.3829,43.3143],[142.3826,43.3126],[142.3824,43.3108],[142.3821,43.3093],[142.3819,43.3077],[142.3817,43.3061],[142.3814,43.3044],[142.3811,43.3028],[142.3809,43.3013],[142.3807,43.2997],[142.3804,43.2983],[142.3803,43.2968],[142.3803,43.296],[142.3803,43.2953],[142.3801,43.2944],[142.3799,43.293],[142.3797,43.2914],[142.3795,43.2907],[142.3795,43.2897],[142.3793,43.2888],[142.3793,43.2881],[142.3791,43.2873],[142.379,43.2865],[142.3789,43.2857],[142.3786,43.284],[142.3785,43.2831],[142.3784,43.2824],[142.3782,43.2815],[142.3781,43.2807],[142.3779,43.2798],[142.3778,43.279],[142.3777,43.2782],[142.3776,43.2774],[142.3774,43.2765],[142.3773,43.2757],[142.3772,43.2749],[142.3771,43.274],[142.377,43.2733],[142.3768,43.2724],[142.3768,43.2717],[142.3766,43.2707],[142.3765,43.2699],[142.3764,43.2691],[142.3762,43.2683],[142.3761,43.2675],[142.376,43.2666],[142.3758,43.2656],[142.3764,43.2649],[142.3769,43.2642],[142.3775,43.2635],[142.378,43.2628],[142.3785,43.2622],[142.3791,43.2613],[142.3797,43.2605],[142.3802,43.2599],[142.3807,43.2592],[142.3813,43.2586],[142.3819,43.2578],[142.3824,43.2571],[142.3823,43.2564],[142.3826,43.2564]]},"properties":{"name":"\u5c71\u90e8\u7dda","loading_pct":34.1,"p_mw":23.4}},{"type":"Feature","geometry":{"type":"LineString","coordinates":[[141.6503,43.9324],[141.6582,43.9241],[141.658,43.9235],[141.6577,43.9225],[141.6565,43.9214],[141.6559,43.9208],[141.655,43.9199],[141.654,43.9189],[141.653,43.918],[141.6519,43.9169],[141.6511,43.9161],[141.6503,43.9153],[141.6492,43.9143],[141.6483,43.9134],[141.6478,43.9129],[141.6467,43.9126],[141.6449,43.912],[141.6437,43.9116],[141.6426,43.9112],[141.6418,43.9107],[141.6403,43.9098],[141.6391,43.909],[141.6377,43.9081],[141.6367,43.9075],[141.636,43.9069],[141.6353,43.9063],[141.6344,43.9056],[141.6332,43.9043],[141.6323,43.9032],[141.6317,43.9026],[141.6311,43.9018],[141.6307,43.9014],[141.63,43.9007],[141.629,43.8995],[141.6282,43.8985],[141.6275,43.8977],[141.6269,43.8969],[141.6263,43.8962],[141.6256,43.8952],[141.6249,43.8943],[141.6242,43.8935],[141.6234,43.8924],[141.6229,43.8914],[141.6224,43.8904],[141.6219,43.8893],[141.6212,43.889],[141.6204,43.8886],[141.6196,43.8882],[141.6186,43.8878],[141.6178,43.8874],[141.6171,43.8871],[141.6166,43.8866],[141.6161,43.886],[141.6155,43.8854],[141.6143,43.8842],[141.6135,43.8833],[141.6128,43.8825],[141.6121,43.8818],[141.6116,43.8812],[141.6108,43.8804],[141.6099,43.8794],[141.609,43.8785],[141.6082,43.8776],[141.6073,43.8768],[141.6063,43.8764],[141.6053,43.876],[141.6042,43.8757],[141.6032,43.8753],[141.6029,43.8746],[141.6026,43.874],[141.6022,43.873],[141.6019,43.8723],[141.6016,43.8717],[141.6013,43.871],[141.5996,43.8702],[141.5984,43.8697],[141.5976,43.8693],[141.5968,43.8689],[141.5958,43.8684],[141.5948,43.868],[141.5939,43.8675],[141.5931,43.8672],[141.592,43.8667],[141.5906,43.866],[141.5892,43.8653],[141.5881,43.8648],[141.5873,43.8644],[141.5863,43.864],[141.5854,43.8636],[141.5846,43.8632],[141.5837,43.8628],[141.5827,43.8623],[141.5818,43.8619],[141.5808,43.8614],[141.5797,43.8609],[141.5787,43.8604],[141.5776,43.8599],[141.5768,43.8595],[141.5759,43.8591],[141.575,43.8586],[141.5741,43.8582],[141.5731,43.8578],[141.572,43.8572],[141.5709,43.857],[141.5701,43.8568],[141.5691,43.8565],[141.5681,43.8562],[141.5672,43.856],[141.5663,43.8558],[141.5653,43.8555],[141.5642,43.8553],[141.5632,43.855],[141.5621,43.8547],[141.5612,43.8545],[141.5603,43.8543],[141.5594,43.854],[141.5585,43.8538],[141.5576,43.8536],[141.5567,43.8533],[141.5552,43.853],[141.5542,43.8527],[141.553,43.8524],[141.552,43.8522],[141.5503,43.8517],[141.5492,43.8515],[141.5482,43.8509],[141.5472,43.8503],[141.5462,43.85],[141.5452,43.8497],[141.5441,43.8494],[141.543,43.8492],[141.5419,43.8489],[141.5408,43.8486],[141.5398,43.8483],[141.5388,43.848],[141.5377,43.8478],[141.5366,43.8475],[141.5357,43.8472],[141.5348,43.847],[141.5337,43.8467],[141.5326,43.8464],[141.5317,43.8462],[141.5309,43.846],[141.5299,43.8464],[141.5289,43.8468],[141.5279,43.8471],[141.5275,43.8479],[141.5271,43.8486],[141.5267,43.8493],[141.5262,43.8501],[141.5268,43.8506],[141.5274,43.851],[141.5278,43.8513]]},"properties":{"name":"\u6cc9\u753a\u4e00\u4e01\u76ee\u5909\u96fb\u6240~\u5f01\u5929\u753a\u4e94\u4e01\u76ee\u5909\u96fb\u6240\u7dda","loading_pct":10.4,"p_mw":7.1}},{"type":"Feature","geometry":{"type":"LineString","coordinates":[[142.9918,43.0999],[142.929,43.0926],[142.9296,43.0921],[142.9309,43.0907],[142.9319,43.0895],[142.9329,43.0885],[142.9342,43.0871],[142.9355,43.0857],[142.9368,43.0842],[142.9378,43.0827],[142.9386,43.0812],[142.9396,43.0798],[142.9404,43.0784],[142.9408,43.0769],[142.9411,43.0752],[142.9415,43.0737],[142.9419,43.072],[142.9423,43.0703],[142.9426,43.0688],[142.943,43.0671],[142.9434,43.0655],[142.9437,43.0639],[142.9441,43.0621],[142.9444,43.0605],[142.9451,43.0589],[142.9455,43.0572],[142.9459,43.0555],[142.9468,43.0538],[142.9478,43.0523],[142.9488,43.0507],[142.9498,43.049],[142.9508,43.0475],[142.8948,43.0226]]},"properties":{"name":"\u718a\u725b\u652f\u7dda","loading_pct":3.6,"p_mw":-2.5}},{"type":"Feature","geometry":{"type":"LineString","coordinates":[[142.8948,43.0226],[142.8998,43.0259],[142.9009,43.0265],[142.9026,43.0274],[142.9035,43.0278],[142.9044,43.0282],[142.9053,43.0286],[142.9061,43.0291],[142.907,43.0295],[142.9079,43.0299],[142.9088,43.0304],[142.9097,43.0308],[142.9107,43.0313],[142.9116,43.0317],[142.9125,43.0322],[142.9134,43.0326],[142.9143,43.033],[142.9151,43.0335],[142.9162,43.0335],[142.9171,43.0336],[142.9182,43.0337],[142.9193,43.0338],[142.9205,43.0338],[142.9216,43.0339],[142.9228,43.034],[142.9239,43.0341],[142.9251,43.0342],[142.9262,43.0343],[142.9274,43.0343],[142.9285,43.0344],[142.9296,43.0344],[142.9306,43.0343],[142.9317,43.0342],[142.9328,43.0348],[142.9363,43.0368],[142.9371,43.0373],[142.9379,43.0378],[142.9387,43.0384],[142.9395,43.0389],[142.9403,43.0395],[142.9411,43.04],[142.9419,43.0405],[142.9426,43.041],[142.9433,43.0415],[142.9442,43.0421],[142.945,43.0426],[142.9458,43.0432],[142.9466,43.0437],[142.9473,43.0442],[142.9481,43.0447],[142.9489,43.0452],[142.9497,43.0458],[142.9505,43.0463],[142.9512,43.0468],[142.9521,43.0474],[142.9529,43.048],[142.9544,43.0489],[142.9556,43.0497],[142.9564,43.0503],[142.9572,43.0508],[142.9579,43.0514],[142.9587,43.052],[142.9594,43.0526],[142.9601,43.0532],[142.9609,43.0538],[142.9615,43.0544],[142.9623,43.055],[142.9638,43.0562],[142.9645,43.0568],[142.9651,43.0573],[142.9657,43.0578],[142.9665,43.0584],[142.9672,43.059],[142.9679,43.0596],[142.9687,43.0602],[142.9695,43.0608],[142.9702,43.0615],[142.971,43.062],[142.9717,43.0627],[142.9724,43.0633],[142.9732,43.0639],[142.9748,43.0646],[142.9754,43.0652],[142.9761,43.0659],[142.9767,43.0666],[142.9774,43.0672],[142.9781,43.0678],[142.9789,43.0684],[142.9796,43.069],[142.9804,43.0696],[142.9811,43.0702],[142.982,43.0709],[142.9827,43.0714],[142.9833,43.072],[142.9838,43.0724],[142.9848,43.0734],[142.9856,43.0741],[142.9862,43.0748],[142.9869,43.0754],[142.9876,43.0762],[142.9883,43.0769],[142.9893,43.0769],[142.9903,43.0769],[142.991,43.0774],[142.9921,43.0781],[142.9943,43.0795],[142.9953,43.079],[142.9962,43.0785],[142.9971,43.0781],[142.998,43.0776],[142.9988,43.0771],[142.9997,43.0765],[143.0004,43.0759],[143.0012,43.0753],[143.0019,43.0747],[143.0027,43.0742],[143.0035,43.0738],[143.0043,43.0733],[143.0052,43.073],[143.006,43.0727],[143.007,43.0724],[143.0079,43.0721],[143.0087,43.0718],[143.0097,43.0716],[143.0107,43.0714],[143.0117,43.071],[143.0128,43.0706],[143.0139,43.0703],[143.0151,43.07],[143.0156,43.0675],[143.0165,43.0672],[143.017,43.0669],[143.0182,43.0662],[143.019,43.0657],[143.0196,43.0649],[143.0199,43.0648],[143.0208,43.0648],[143.0216,43.0649],[143.022,43.0656],[143.0231,43.0657],[143.0242,43.0659],[143.0252,43.0657],[143.0261,43.0655],[143.0272,43.0655]]},"properties":{"name":"\u6e05\u6c34\u652f\u7dda","loading_pct":10.4,"p_mw":7.1}},{"type":"Feature","geometry":{"type":"LineString","coordinates":[[143.5482,42.8232],[143.5483,42.8256],[143.547,42.8272],[143.5461,42.8283],[143.5453,42.8293],[143.5439,42.8313],[143.5426,42.8329],[143.5409,42.8351],[143.5391,42.8372],[143.5373,42.8396],[143.5362,42.841],[143.534,42.8438],[143.5322,42.846],[143.5304,42.8484],[143.5289,42.8503],[143.528,42.8513],[143.5269,42.8528],[143.5245,42.8558],[143.523,42.8578],[143.5219,42.8592],[143.5203,42.8613],[143.5184,42.8636],[143.5166,42.8659],[143.5148,42.8682],[143.5126,42.8709],[143.5114,42.8725],[143.5096,42.8747],[143.5084,42.8763],[143.5073,42.8777],[143.5063,42.879],[143.5047,42.881],[143.5024,42.884],[143.5009,42.8859],[143.4997,42.8875],[143.4985,42.8889],[143.4974,42.8903],[143.4965,42.8915],[143.4942,42.8944],[143.4929,42.8961],[143.4916,42.8977],[143.4904,42.8993],[143.4886,42.9015],[143.4869,42.9037],[143.4852,42.9059],[143.484,42.9074],[143.4824,42.9096],[143.481,42.912],[143.4797,42.9144],[143.478,42.9172],[143.477,42.9189],[143.4758,42.9209],[143.4747,42.9228],[143.4736,42.9247],[143.4727,42.9261],[143.4714,42.9284],[143.4702,42.9305],[143.4694,42.9318],[143.4684,42.9335],[143.4674,42.9352],[143.4664,42.9369],[143.4657,42.9381],[143.4646,42.94],[143.4628,42.9411],[143.461,42.9422],[143.4591,42.9432],[143.4573,42.9444],[143.4558,42.9452],[143.4537,42.9456],[143.4525,42.9458],[143.4499,42.9463],[143.4483,42.9466],[143.4463,42.947],[143.4445,42.9473],[143.4425,42.9477],[143.4474,42.9396]]},"properties":{"name":"\u5341\u52dd\u53f7\u7dda","loading_pct":8.0,"p_mw":5.5}},{"type":"Feature","geometry":{"type":"LineString","coordinates":[[142.4671,42.8927],[142.4679,42.8923],[142.4682,42.8898],[142.4688,42.8851],[142.4691,42.8826],[142.468,42.8809],[142.4662,42.8779],[142.4655,42.8768],[142.4641,42.8745],[142.4633,42.8734],[142.4612,42.8703],[142.4589,42.8663],[142.4575,42.8642],[142.4565,42.8624],[142.4552,42.8605],[142.4543,42.859],[142.4521,42.8555],[142.4507,42.8531],[142.4479,42.8486],[142.4451,42.8442],[142.4434,42.8414],[142.4427,42.8403],[142.4406,42.8368],[142.4382,42.833],[142.4368,42.8308],[142.4357,42.8289],[142.4346,42.8272],[142.4333,42.8232],[142.432,42.8192],[142.4268,42.803],[142.4042,42.7742],[142.3773,42.7624],[142.3725,42.762],[142.3719,42.761],[142.3715,42.7604]]},"properties":{"name":"\u53f3\u5de6\u5e9c\u7dda","loading_pct":4.9,"p_mw":3.4}},{"type":"Feature","geometry":{"type":"LineString","coordinates":[[142.7066,44.1158],[142.6947,44.1132],[142.6944,44.1117],[142.6943,44.111],[142.694,44.1095],[142.6938,44.1086],[142.6927,44.1067],[142.6921,44.1055],[142.6921,44.1047],[142.6921,44.104],[142.6922,44.1026],[142.6922,44.1015],[142.6923,44.1008],[142.6923,44.0998],[142.6924,44.0985],[142.6921,44.0978],[142.6919,44.0971],[142.6916,44.0964],[142.6914,44.0956],[142.6911,44.0948],[142.6908,44.094],[142.6905,44.0932],[142.6903,44.0925],[142.6903,44.0917],[142.6902,44.091],[142.6902,44.0902],[142.6902,44.0894],[142.6901,44.0887],[142.6901,44.0878],[142.6902,44.0871],[142.6904,44.0862],[142.6905,44.0855],[142.6906,44.0847],[142.6907,44.0838],[142.6909,44.083],[142.6908,44.0822],[142.6907,44.0814],[142.6907,44.0807],[142.6906,44.0799],[142.6905,44.0792],[142.6905,44.0785],[142.6904,44.0779],[142.6908,44.0771],[142.6911,44.0765],[142.6913,44.0759],[142.6917,44.0752],[142.692,44.0745],[142.6925,44.0735],[142.693,44.0723],[142.6938,44.0717],[142.6945,44.0711],[142.6953,44.0705],[142.696,44.07],[142.6967,44.0695],[142.6973,44.069],[142.6978,44.0682],[142.6982,44.0675],[142.6987,44.0669],[142.6993,44.0659],[142.6998,44.0652],[142.7002,44.0645],[142.7007,44.0638],[142.7012,44.0631],[142.7017,44.0622],[142.7013,44.061],[142.701,44.06],[142.7013,44.0582],[142.7016,44.0572],[142.7018,44.0562],[142.702,44.055],[142.7022,44.0541],[142.7025,44.0529],[142.7031,44.0524],[142.7039,44.0518],[142.7047,44.0511],[142.7049,44.0505],[142.7052,44.0497],[142.7054,44.0491],[142.7056,44.0482],[142.7059,44.0475],[142.706,44.0467],[142.7062,44.046],[142.7065,44.0453],[142.7067,44.0446],[142.7069,44.0439],[142.7071,44.0432],[142.7079,44.0429],[142.7088,44.0426],[142.7096,44.0423],[142.7117,44.0416],[142.7124,44.0414]]},"properties":{"name":"\u5317\u6d77\u9053\u9001\u96fb\u7dda_58","loading_pct":10.4,"p_mw":7.1}},{"type":"Feature","geometry":{"type":"LineString","coordinates":[[142.4133,42.9747],[142.4138,42.9749],[142.4163,42.976],[142.4179,42.9759],[142.4186,42.9758],[142.4197,42.9754],[142.4231,42.9709],[142.4276,42.9684],[142.4322,42.9608],[142.4348,42.9549],[142.4359,42.9545],[142.4389,42.9533],[142.4447,42.9501],[142.4463,42.948],[142.4478,42.9433],[142.4464,42.934],[142.4454,42.9262],[142.445,42.9262],[142.4437,42.9227],[142.4437,42.9217],[142.4445,42.9207],[142.4445,42.9204],[142.4407,42.9126],[142.4429,42.9068],[142.4462,42.9033],[142.4524,42.899],[142.4546,42.8975],[142.4599,42.8942],[142.4625,42.8934],[142.4644,42.8922],[142.4664,42.8923],[142.4671,42.8927]]},"properties":{"name":"\u5360\u51a0\u7dda","loading_pct":15.3,"p_mw":5.3}},{"type":"Feature","geometry":{"type":"LineString","coordinates":[[142.2003,43.5131],[142.2207,43.4927],[142.218,43.4967],[142.2154,43.5006],[142.2125,43.5049],[142.2105,43.5067],[142.2077,43.5155],[142.2069,43.5191],[142.2051,43.5256],[142.1994,43.528],[142.197,43.5291],[142.1905,43.5319],[142.184,43.5331],[142.174,43.5349],[142.168,43.5394],[142.1635,43.5428],[142.1608,43.5449],[142.1599,43.5456],[142.1526,43.5511],[142.1381,43.5507],[142.1245,43.5487],[142.1159,43.5484],[142.0937,43.5451],[142.0899,43.5427],[142.0787,43.5421],[142.0772,43.5397]]},"properties":{"name":"\u91ce\u82b1\u5357\u7dda","loading_pct":36.7,"p_mw":-25.2}},{"type":"Feature","geometry":{"type":"LineString","coordinates":[[142.2003,43.5131],[142.274,43.4743],[142.2762,43.4695],[142.2773,43.468],[142.2795,43.4661],[142.2808,43.4607],[142.281,43.458],[142.2829,43.4551],[142.2859,43.454],[142.2907,43.4548],[142.2937,43.4545],[142.3049,43.4545],[142.315,43.454],[142.3194,43.451],[142.3213,43.4497],[142.3235,43.4481],[142.3327,43.4413],[142.3388,43.4315],[142.3399,43.4283],[142.3421,43.421],[142.3442,43.4138],[142.3492,43.4049],[142.3507,43.4022],[142.3529,43.3979],[142.3552,43.3954],[142.3587,43.391],[142.3608,43.3885],[142.3622,43.3866],[142.3644,43.3835],[142.3651,43.3808],[142.3655,43.3787],[142.3645,43.3761],[142.3633,43.3733],[142.3623,43.3707],[142.3614,43.3687],[142.3607,43.367],[142.3603,43.363],[142.3631,43.3613],[142.3654,43.3589],[142.3674,43.3563],[142.3674,43.3533],[142.383,43.3494]]},"properties":{"name":"\u5bcc\u826f\u91ce\u7dda","loading_pct":35.2,"p_mw":24.2}},{"type":"Feature","geometry":{"type":"LineString","coordinates":[[142.709,43.8409],[142.7097,43.8428],[142.7105,43.8454],[142.7113,43.8483],[142.7109,43.8516],[142.7102,43.8535],[142.708,43.855],[142.7059,43.8565],[142.7042,43.8576],[142.7011,43.8595],[142.6981,43.8616],[142.6958,43.8635],[142.695,43.8641],[142.6933,43.8652],[142.6909,43.8669],[142.6881,43.8686],[142.685,43.8696],[142.6818,43.8707],[142.679,43.8721],[142.6781,43.8727],[142.6771,43.875],[142.6752,43.8769],[142.672,43.8777],[142.6693,43.8785],[142.6661,43.8793],[142.6628,43.8802],[142.6593,43.8843]]},"properties":{"name":"\u77f3\u72e9\u5e79\u7dda","loading_pct":3.4,"p_mw":-5.9}},{"type":"Feature","geometry":{"type":"LineString","coordinates":[[142.6593,43.8843],[142.6582,43.8815],[142.6557,43.8821],[142.6511,43.8833],[142.6489,43.8837],[142.6461,43.884],[142.6433,43.8842],[142.6396,43.8846],[142.6368,43.8848],[142.6335,43.8851],[142.6296,43.8854],[142.6267,43.8857],[142.6159,43.8867],[142.613,43.8873],[142.611,43.8874],[142.6091,43.8873],[142.6003,43.8881],[142.574,43.8905],[142.5715,43.8907],[142.5685,43.8909],[142.5657,43.8907],[142.5628,43.8901],[142.5566,43.8887],[142.551,43.8801],[142.5491,43.8772],[142.548,43.8754],[142.547,43.8738],[142.5457,43.8718],[142.5443,43.87],[142.543,43.8681],[142.5416,43.8659],[142.5401,43.8635],[142.5387,43.861],[142.5358,43.856],[142.5339,43.8539],[142.5322,43.8515],[142.5307,43.8485],[142.5293,43.8464],[142.5276,43.8438],[142.5252,43.8414],[142.5214,43.841]]},"properties":{"name":"\u77f3\u72e9\u5e79\u7dda","loading_pct":0.4,"p_mw":0.6}},{"type":"Feature","geometry":{"type":"LineString","coordinates":[[142.4407,43.1315],[142.4403,43.1311],[142.4338,43.1339],[142.4306,43.1353],[142.4271,43.1366],[142.4234,43.1369],[142.4222,43.1375],[142.4211,43.1387],[142.4196,43.1403],[142.4193,43.1409],[142.4188,43.1445],[142.4203,43.1468],[142.4225,43.1523],[142.4237,43.1552],[142.4254,43.1591],[142.4218,43.1675],[142.4195,43.1758],[142.4177,43.182],[142.4168,43.1854],[142.4157,43.1886],[142.4148,43.1906],[142.4149,43.1923],[142.4138,43.1952],[142.4133,43.1976],[142.4111,43.2013]]},"properties":{"name":"\u91d1\u5c71\u7dda","loading_pct":3.0,"p_mw":-2.0}},{"type":"Feature","geometry":{"type":"LineString","coordinates":[[142.4111,43.2013],[142.411,43.2013],[142.411,43.2013],[142.411,43.2014],[142.4103,43.2025],[142.4067,43.2087],[142.4044,43.2112],[142.4027,43.2118],[142.3994,43.2122],[142.3968,43.2119],[142.3946,43.2122],[142.3932,43.2131],[142.3831,43.2137],[142.381,43.2143],[142.3754,43.217],[142.3711,43.2191],[142.365,43.2232],[142.3652,43.2245],[142.3658,43.2301],[142.3666,43.2362],[142.3674,43.2428],[142.3679,43.2478],[142.3686,43.2527],[142.3692,43.2562],[142.3821,43.2554],[142.3823,43.2564],[142.3826,43.2564]]},"properties":{"name":"\u91d1\u5c71\u7dda","loading_pct":23.7,"p_mw":-16.3}},{"type":"Feature","geometry":{"type":"LineString","coordinates":[[142.4111,43.2013],[142.4111,43.2013],[142.4154,43.2025],[142.4166,43.2013],[142.4252,43.1986],[142.4318,43.2008],[142.4455,43.1978],[142.4576,43.1953],[142.466,43.1934],[142.4732,43.1914],[142.4841,43.1885],[142.487,43.1877],[142.4913,43.1837],[142.4954,43.1798],[142.5019,43.1738],[142.5044,43.1714],[142.5083,43.1675],[142.5085,43.1602],[142.5127,43.1557],[142.513,43.1556]]},"properties":{"name":"\u9e7f\u8d8a\u652f\u7dda","loading_pct":10.4,"p_mw":7.1}},{"type":"Feature","geometry":{"type":"LineString","coordinates":[[141.8001,42.951],[141.7998,42.951],[141.7984,42.9512],[141.7975,42.9514],[141.7954,42.9518],[141.7952,42.9524],[141.7949,42.9532],[141.7945,42.954],[141.7942,42.9549],[141.794,42.9556],[141.7937,42.9563],[141.7934,42.9571],[141.7931,42.9581],[141.7929,42.9586],[141.7926,42.9593],[141.7924,42.9602],[141.7922,42.961],[141.7919,42.9618],[141.7916,42.9626],[141.7912,42.9634],[141.7909,42.9642],[141.7904,42.9647],[141.7903,42.9656],[141.7901,42.9664],[141.7899,42.9675],[141.7891,42.9688],[141.7887,42.9701],[141.7883,42.971],[141.788,42.9719],[141.7877,42.9727],[141.7875,42.9734],[141.7872,42.9742],[141.7869,42.975],[141.7863,42.9765],[141.7858,42.9779],[141.7855,42.9786],[141.785,42.9796],[141.7848,42.9804],[141.7846,42.9811],[141.7843,42.982],[141.784,42.9829],[141.7837,42.9839],[141.7841,42.9856],[141.7869,42.986],[141.7868,42.9872],[141.7866,42.9881],[141.7864,42.9889],[141.7862,42.9897],[141.786,42.9905],[141.7857,42.9913],[141.7855,42.992],[141.7853,42.9928],[141.7851,42.9936],[141.7848,42.9944],[141.7844,42.9952],[141.7841,42.996],[141.784,42.9969],[141.7838,42.9978],[141.7837,42.9988],[141.7823,42.9986],[141.7803,42.9984],[141.7795,42.9983],[141.7783,42.9984],[141.7783,42.999],[141.7783,42.9996],[141.7781,43.0004],[141.7782,43.0012],[141.7781,43.0021],[141.778,43.003],[141.7779,43.0039],[141.7778,43.0049],[141.7778,43.0057],[141.7777,43.0064],[141.7776,43.0075],[141.7775,43.0088],[141.7774,43.0095],[141.7774,43.0101],[141.7797,43.0526]]},"properties":{"name":"\u4e09\u5ddd\u65ed\u753a\u5909\u96fb\u6240~\u6817\u5c71\u5909\u96fb\u6240\u7dda","loading_pct":31.5,"p_mw":21.6}},{"type":"Feature","geometry":{"type":"LineString","coordinates":[[141.7992,42.8819],[141.8019,42.8828],[141.806,42.8829],[141.8107,42.8829],[141.814,42.8829],[141.8175,42.883],[141.8211,42.883],[141.8243,42.883],[141.8289,42.883],[141.8319,42.8831],[141.8354,42.8831],[141.8379,42.8831],[141.8426,42.8831],[141.8468,42.8831],[141.8504,42.8832],[141.8535,42.8832],[141.858,42.8832],[141.8607,42.8831],[141.8649,42.8824],[141.8691,42.8818],[141.8726,42.8819],[141.8764,42.882],[141.8819,42.8821],[141.8848,42.8822],[141.8884,42.8822],[141.8909,42.8821],[141.8958,42.8819],[141.9022,42.8817],[141.9061,42.8816],[141.9115,42.8814],[141.9144,42.8817],[141.9185,42.8821],[141.9225,42.8824],[141.9261,42.8827],[141.9297,42.8831],[141.9326,42.8833],[141.9369,42.8837],[141.9415,42.8842],[141.9442,42.8844],[141.9521,42.8852],[141.9577,42.8857],[141.9601,42.8859],[141.967,42.8866],[141.9691,42.8867],[141.9708,42.8869],[141.9736,42.8871],[141.9819,42.8879],[141.989,42.8891],[141.9931,42.8905],[141.9988,42.8926],[142.0051,42.895],[142.0102,42.8969],[142.0146,42.8986],[142.0212,42.9012],[142.0261,42.902],[142.0091,42.9786]]},"properties":{"name":"\u5b89\u5e73\u753a\u5909\u96fb\u6240~\u5357\u6e05\u6c34\u6ca2\u56db\u4e01\u76ee\u5909\u96fb\u6240\u7dda","loading_pct":9.3,"p_mw":18.1}},{"type":"Feature","geometry":{"type":"LineString","coordinates":[[141.7992,42.8819],[141.7958,42.8832],[141.7911,42.884],[141.785,42.8851],[141.7799,42.886],[141.778,42.8863],[141.7741,42.887],[141.7674,42.8882],[141.763,42.889],[141.7589,42.8897],[141.7556,42.8903],[141.7497,42.8913],[141.7477,42.8917],[141.7415,42.8928],[141.7383,42.8934],[141.7344,42.8941],[141.7315,42.8946],[141.7271,42.8954],[141.7241,42.8959],[141.7207,42.8965],[141.718,42.8979],[141.7138,42.9002],[141.7096,42.9024],[141.706,42.9044],[141.7025,42.9062],[141.6986,42.9083],[141.6954,42.91],[141.6909,42.9108],[141.6865,42.9117],[141.6825,42.9125],[141.6786,42.9132],[141.6747,42.914],[141.6704,42.9148],[141.6661,42.9156],[141.6618,42.9165],[141.6569,42.9174],[141.6531,42.9181],[141.6481,42.9191],[141.6437,42.92],[141.64,42.9207],[141.6355,42.9215],[141.6317,42.9229],[141.6287,42.9239],[141.6254,42.925],[141.6209,42.9266],[141.6177,42.9278],[141.614,42.929],[141.6102,42.9304],[141.6066,42.9316],[141.6019,42.9316]]},"properties":{"name":"\u5341\u52dd\u5e79\u7dda","loading_pct":8.4,"p_mw":40.8}},{"type":"Feature","geometry":{"type":"LineString","coordinates":[[141.8432,43.4202],[141.8433,43.4169],[141.8433,43.414],[141.8433,43.411],[141.8433,43.4084],[141.8422,43.4057],[141.8412,43.403],[141.8401,43.4002],[141.839,43.3976],[141.8379,43.3947],[141.8368,43.3919],[141.8357,43.389],[141.8348,43.3867],[141.833,43.3843],[141.831,43.3818],[141.829,43.3792],[141.8272,43.3771],[141.8255,43.3749],[141.8232,43.3719],[141.8213,43.3696],[141.8194,43.3671],[141.8177,43.365],[141.816,43.3626],[141.8143,43.3603],[141.8128,43.3581],[141.8111,43.3556],[141.8093,43.3532],[141.8078,43.3507],[141.8061,43.348],[141.8048,43.3457],[141.8032,43.3432],[141.8018,43.341],[141.7999,43.3389],[141.7979,43.3367],[141.7955,43.3342],[141.7931,43.3315],[141.7907,43.3289],[141.7888,43.3269],[141.7865,43.3244],[141.7847,43.3224],[141.7822,43.3198],[141.7798,43.3172],[141.7774,43.3146],[141.7746,43.3122],[141.7718,43.3099],[141.7689,43.3074],[141.766,43.3049],[141.7632,43.3026],[141.7608,43.3005],[141.7579,43.298],[141.7551,43.2957],[141.7524,43.2934],[141.7496,43.291],[141.747,43.2888],[141.7443,43.2865],[141.7415,43.2841],[141.7388,43.2818],[141.7364,43.2798],[141.7337,43.2775],[141.7306,43.2756],[141.7272,43.2736],[141.724,43.2716],[141.7208,43.2696],[141.7175,43.2676],[141.7141,43.2656],[141.7103,43.2633],[141.7078,43.2617],[141.7046,43.2598],[141.7024,43.2584],[141.6986,43.2569],[141.695,43.2556],[141.6913,43.2542],[141.6881,43.253],[141.6844,43.2515],[141.6806,43.2501],[141.6769,43.2487],[141.6734,43.2474],[141.6703,43.2456],[141.6677,43.2441],[141.664,43.2419],[141.6594,43.2393],[141.6571,43.2379],[141.6534,43.2358],[141.6513,43.2345],[141.6489,43.2331],[141.6459,43.2314],[141.6435,43.23],[141.6404,43.2285],[141.6373,43.227],[141.6341,43.2255],[141.6312,43.224],[141.6283,43.2227],[141.6251,43.2211],[141.6218,43.2196],[141.6186,43.218],[141.6157,43.2166],[141.6136,43.2145],[141.6114,43.2125],[141.6098,43.2109],[141.6074,43.2086],[141.6049,43.206],[141.6026,43.2038],[141.6001,43.2013],[141.5977,43.1991],[141.5956,43.1965],[141.5935,43.1939],[141.5916,43.1915],[141.5896,43.1891],[141.5875,43.1866],[141.5857,43.1843],[141.5836,43.1819],[141.5817,43.1796],[141.58,43.1774],[141.5777,43.1747],[141.5756,43.1721],[141.5734,43.1695],[141.5712,43.1668],[141.5692,43.1643],[141.5675,43.1622],[141.5653,43.1594],[141.5627,43.1562],[141.5606,43.1538],[141.5586,43.1519],[141.5565,43.1497],[141.5542,43.1474],[141.552,43.1452],[141.5494,43.1431],[141.5463,43.1407],[141.5432,43.1382],[141.5401,43.1358],[141.5368,43.1332],[141.5361,43.1305],[141.536,43.1285],[141.5356,43.1224],[141.5361,43.1216],[141.5354,43.1196],[141.5346,43.1209]]},"properties":{"name":"\u5948\u4e95\u6c5f\u5e79\u7dda (Naie-kansen)","loading_pct":18.2,"p_mw":-88.3}},{"type":"Feature","geometry":{"type":"LineString","coordinates":[[141.8432,43.4202],[141.8412,43.4209],[141.8361,43.424],[141.8325,43.4264],[141.8296,43.4287],[141.8276,43.4315],[141.8263,43.4334],[141.8248,43.4354],[141.8235,43.4372],[141.8212,43.4404],[141.8194,43.4419],[141.8167,43.444],[141.814,43.4461],[141.8115,43.4481],[141.8101,43.45],[141.8093,43.451],[141.8072,43.4538],[141.8062,43.4554],[141.8051,43.4569],[141.8038,43.4586],[141.8025,43.4603],[141.8003,43.4633],[141.8018,43.4656],[141.8029,43.4675],[141.8044,43.4699],[141.801,43.472],[141.7922,43.4767],[141.7929,43.4783],[141.7943,43.4819],[141.797,43.4892],[141.7991,43.4949],[141.8014,43.5008],[141.8024,43.5032],[141.804,43.5074],[141.8047,43.5092],[141.8058,43.512],[141.807,43.5149],[141.8086,43.5192],[141.8096,43.5217],[141.8119,43.5278],[141.8148,43.5359],[141.8156,43.5384],[141.8164,43.5406],[141.8187,43.5424],[141.821,43.5441],[141.8253,43.5474],[141.8292,43.5504],[141.8315,43.5521],[141.8369,43.5562],[141.8392,43.558],[141.8455,43.5628],[141.8476,43.5644],[141.8502,43.5663],[141.8533,43.5687],[141.8551,43.57],[141.8573,43.5717],[141.8595,43.5734],[141.8626,43.5746],[141.8679,43.5767],[141.8716,43.5781],[141.8752,43.5779],[141.8796,43.5771],[141.8866,43.5759],[141.8907,43.5757]]},"properties":{"name":"\u6edd\u5ddd\u5e79\u7dda (Takikawa-kansen)","loading_pct":24.8,"p_mw":120.4}},{"type":"Feature","geometry":{"type":"LineString","coordinates":[[141.9187,43.5808],[141.9172,43.5802],[141.92,43.5795],[141.9234,43.5786],[141.9269,43.5777],[141.9305,43.5767],[141.9338,43.5758],[141.9359,43.5737],[141.9357,43.5709],[141.9357,43.568],[141.9355,43.5653],[141.9346,43.5625],[141.9342,43.56],[141.9336,43.5579],[141.9331,43.5553],[141.9325,43.5521],[141.9319,43.5494],[141.9316,43.5475],[141.9308,43.5437],[141.9308,43.541],[141.9322,43.5405],[141.931,43.5381],[141.9319,43.5359],[141.9315,43.533],[141.9311,43.5299],[141.93,43.5271],[141.9277,43.5258],[141.9276,43.5229],[141.9275,43.5203],[141.9277,43.5176],[141.9288,43.5154],[141.9295,43.5133],[141.9299,43.5114],[141.9305,43.5092],[141.9285,43.5071],[141.9279,43.5031],[141.9275,43.5006],[141.9268,43.4971],[141.927,43.4948],[141.9265,43.4917],[141.926,43.4875],[141.9256,43.4851],[141.9253,43.4842]]},"properties":{"name":"\u7802\u5ddd\u7dda","loading_pct":10.4,"p_mw":7.1}},{"type":"Feature","geometry":{"type":"LineString","coordinates":[[142.369,43.3331],[142.3692,43.338],[142.3705,43.3402],[142.3706,43.3421],[142.3711,43.3442],[142.3724,43.3448],[142.3765,43.3467],[142.3791,43.3479],[142.3807,43.3498],[142.3817,43.3493],[142.3826,43.3489],[142.383,43.3494]]},"properties":{"name":"\u5c71\u90e8\u7dda","loading_pct":44.5,"p_mw":-30.5}},{"type":"Feature","geometry":{"type":"LineString","coordinates":[[141.7487,43.2071],[141.7487,43.2067],[141.748,43.2063],[141.7464,43.2053],[141.7447,43.2042],[141.7433,43.2034],[141.742,43.2026],[141.7405,43.2017],[141.7377,43.2],[141.7347,43.1982],[141.7319,43.1965],[141.7296,43.1951],[141.729,43.1894]]},"properties":{"name":"\u7a7a\u77e5\u7dda","loading_pct":31.4,"p_mw":-21.6}},{"type":"Feature","geometry":{"type":"LineString","coordinates":[[142.003,43.7416],[142.0035,43.7399],[142.0046,43.7382],[142.0062,43.7356],[142.0077,43.7329],[142.009,43.7306],[142.0106,43.7285],[142.0122,43.7258],[142.0137,43.7236],[142.015,43.7213],[142.0167,43.7191],[142.0181,43.7167],[142.0216,43.7145]]},"properties":{"name":"\u6df1\u5ddd\u5e02\u5909\u96fb\u6240~\u6587\u5149\u753a\u5909\u96fb\u6240\u7dda","loading_pct":43.1,"p_mw":29.6}},{"type":"Feature","geometry":{"type":"LineString","coordinates":[[142.0216,43.7145],[142.0204,43.7128],[142.0214,43.7111],[142.0226,43.709],[142.0237,43.7072],[142.0249,43.7052],[142.0243,43.7028],[142.0232,43.7005],[142.0221,43.6982],[142.021,43.6961],[142.0192,43.6938],[142.0174,43.6917],[142.0156,43.6899],[142.0142,43.6895],[142.0123,43.6889],[142.0114,43.6863],[142.0126,43.6843],[142.0139,43.6819],[142.0124,43.6797],[142.011,43.6777],[142.0086,43.6742],[142.0069,43.6718],[142.0052,43.6695],[142.0037,43.6675],[142.0021,43.6654],[142.0006,43.6633],[141.999,43.6612],[141.9684,43.6988]]},"properties":{"name":"\u6587\u5149\u753a\u5909\u96fb\u6240~\u59b9\u80cc\u725b\u5909\u96fb\u6240\u7dda","loading_pct":22.3,"p_mw":15.3}},{"type":"Feature","geometry":{"type":"LineString","coordinates":[[142.0861,43.6961],[142.0871,43.6943],[142.0857,43.692],[142.0835,43.6912],[142.082,43.69],[142.0797,43.6882],[142.0771,43.6877],[142.0744,43.6882],[142.0713,43.6875],[142.0692,43.6868],[142.0661,43.6857],[142.063,43.6847],[142.0592,43.6834],[142.0562,43.6825],[142.0533,43.6815],[142.05,43.6804],[142.0478,43.6797],[142.045,43.6788],[142.0421,43.6778],[142.0392,43.6769],[142.0361,43.6758],[142.0328,43.6746],[142.0309,43.6736],[142.0281,43.6722],[142.0259,43.6711],[142.0237,43.67],[142.0217,43.6688],[142.0195,43.6674],[142.0167,43.6659],[142.0149,43.665],[142.0111,43.663],[142.0089,43.6619],[142.0067,43.6608],[142.0036,43.6591],[142.0011,43.6579],[141.9684,43.6988]]},"properties":{"name":"\u6df1\u5ddd\u5e02\u5909\u96fb\u6240~\u59b9\u80cc\u725b\u5909\u96fb\u6240\u7dda","loading_pct":30.2,"p_mw":-20.7}},{"type":"Feature","geometry":{"type":"LineString","coordinates":[[141.9187,43.5808],[141.9154,43.5812],[141.919,43.5811],[141.9208,43.5807],[141.9232,43.5801],[141.9256,43.5793],[141.9278,43.579],[141.9287,43.5809],[141.9297,43.583],[141.9307,43.585],[141.9317,43.5871],[141.933,43.589],[141.9345,43.5914],[141.9359,43.5935],[141.9374,43.5957],[141.9389,43.5981],[141.9405,43.6002],[141.9411,43.6019],[141.9419,43.6038],[141.9431,43.6066],[141.9441,43.6089],[141.945,43.6109],[141.9459,43.613],[141.9469,43.6153],[141.9477,43.6173]]},"properties":{"name":"\u4e8c\u306e\u5742\u753a\u897f\u4e8c\u4e01\u76ee\u5909\u96fb\u6240~\u6c5f\u90e8\u4e59\u753a\u6771\u5341\u4e00\u4e01\u76ee\u5909\u96fb\u6240\u7dda","loading_pct":28.6,"p_mw":19.6}},{"type":"Feature","geometry":{"type":"LineString","coordinates":[[141.9684,43.6988],[141.9961,43.6572],[141.9931,43.656],[141.9902,43.6549],[141.9873,43.6538],[141.9843,43.6528],[141.9818,43.6519],[141.9792,43.651],[141.9769,43.6502],[141.9737,43.6492],[141.9709,43.6482],[141.9682,43.6473],[141.9656,43.6464],[141.9628,43.6455],[141.9595,43.6441],[141.9569,43.6431],[141.956,43.6404],[141.9553,43.6382],[141.9545,43.6358],[141.9538,43.6337],[141.953,43.6314],[141.9523,43.6292],[141.9515,43.6268],[141.9506,43.6242],[141.9499,43.6224],[141.949,43.6199],[141.9477,43.6173]]},"properties":{"name":"\u59b9\u80cc\u725b\u5909\u96fb\u6240~\u6c5f\u90e8\u4e59\u753a\u6771\u5341\u4e00\u4e01\u76ee\u5909\u96fb\u6240\u7dda","loading_pct":18.2,"p_mw":-12.5}},{"type":"Feature","geometry":{"type":"LineString","coordinates":[[141.7833,43.2053],[141.7841,43.2041],[141.7852,43.2032],[141.7849,43.2019],[141.7879,43.2008],[141.7898,43.1994],[141.7908,43.1987],[141.7909,43.198],[141.7909,43.1976],[141.7909,43.1971],[141.7909,43.1969],[141.7914,43.1969],[141.792,43.197],[141.7925,43.197],[141.793,43.197],[141.7934,43.197],[141.7935,43.196],[141.7935,43.1953],[141.7939,43.1954],[141.7943,43.1954],[141.7953,43.1954],[141.796,43.1949],[141.7967,43.1943],[141.7975,43.1938],[141.7982,43.1932],[141.7995,43.1922],[141.8006,43.1913],[141.8017,43.1904],[141.8026,43.1899],[141.8037,43.1893],[141.8051,43.1885],[141.8057,43.1882],[141.8066,43.1876],[141.8084,43.1866],[141.8093,43.1861],[141.8103,43.1855],[141.8113,43.1849],[141.8121,43.1845],[141.813,43.184],[141.8135,43.1834],[141.814,43.183],[141.8145,43.1825],[141.815,43.182],[141.8158,43.1813],[141.8164,43.1807],[141.8171,43.18],[141.8177,43.1794],[141.8184,43.1788],[141.819,43.1781],[141.8196,43.1776],[141.8202,43.177],[141.8206,43.1766],[141.8212,43.1761],[141.8218,43.1754],[141.8224,43.1748],[141.8231,43.1742],[141.8237,43.1735],[141.8244,43.1729],[141.8251,43.1722],[141.8257,43.1716],[141.8264,43.171],[141.8268,43.1706],[141.8277,43.1697],[141.8294,43.168],[141.8302,43.1672],[141.8308,43.1666],[141.8317,43.1657],[141.8322,43.1652],[141.8333,43.1651],[141.8343,43.1649],[141.8353,43.1648],[141.8363,43.1646],[141.8372,43.1645],[141.8384,43.1644],[141.8394,43.1642],[141.8404,43.1639],[141.8417,43.1638],[141.8432,43.1636],[141.8448,43.1634],[141.8458,43.1632],[141.8469,43.163],[141.8482,43.1628],[141.8504,43.1625],[141.8515,43.1623],[141.8532,43.1619],[141.8545,43.1615],[141.8553,43.1611],[141.8559,43.1608],[141.8568,43.1609],[141.8579,43.161],[141.8588,43.1611],[141.8599,43.161],[141.8607,43.1609],[141.8613,43.1609],[141.8623,43.1607],[141.8629,43.1606],[141.8637,43.1605],[141.8645,43.1604],[141.8653,43.1603],[141.8674,43.1606],[141.8684,43.1602],[141.8707,43.1594],[141.8717,43.1592],[141.8733,43.1589],[141.875,43.1587],[141.8766,43.1584],[141.8785,43.1581],[141.8793,43.158],[141.8815,43.1576],[141.8825,43.1577],[141.8836,43.158],[141.8848,43.1583],[141.8858,43.1586],[141.8869,43.159],[141.8888,43.1596],[141.8907,43.1602],[141.8919,43.1606],[141.8931,43.161],[141.8942,43.1613],[141.8951,43.1616],[141.8962,43.1619],[141.8988,43.1628],[141.8996,43.163],[141.9004,43.1633],[141.9012,43.1635],[141.9024,43.1646],[141.9042,43.165],[141.9056,43.1652],[141.9068,43.1654],[141.9086,43.1659],[141.9292,43.2578]]},"properties":{"name":"\u4e94\u6761\u6771\u5341\u4e8c\u4e01\u76ee\u5909\u96fb\u6240~\u5f25\u751f\u85e4\u679d\u753a\u5909\u96fb\u6240\u7dda","loading_pct":3.5,"p_mw":-2.4}},{"type":"Feature","geometry":{"type":"LineString","coordinates":[[141.6138,42.7905],[141.6134,42.7907],[141.614,42.7908],[141.6116,42.7965],[141.6113,42.797],[141.6109,42.798],[141.6109,42.7981],[141.6108,42.7983],[141.6108,42.7985],[141.6109,42.7986],[141.6109,42.7988],[141.611,42.799],[141.611,42.7992],[141.6112,42.7994],[141.6113,42.7995],[141.6116,42.7998],[141.6119,42.8001],[141.612,42.8002],[141.6121,42.8004],[141.6122,42.8006],[141.6122,42.8007],[141.6122,42.8008],[141.6123,42.8009],[141.6123,42.801],[141.6122,42.8012],[141.6122,42.8014],[141.6121,42.8016],[141.6119,42.802],[141.6132,42.8026],[141.6133,42.8027],[141.6137,42.8029],[141.6143,42.8034],[141.6149,42.8038],[141.6156,42.8043],[141.6163,42.8048],[141.617,42.8053],[141.6174,42.8056],[141.6177,42.8058],[141.6181,42.806],[141.6183,42.8061],[141.6186,42.8062],[141.6188,42.8063],[141.619,42.8064],[141.6192,42.8065],[141.6195,42.8066],[141.6208,42.8068],[141.6227,42.8072],[141.6236,42.8075],[141.624,42.8075],[141.6243,42.8076],[141.6247,42.8076],[141.6251,42.8076],[141.6254,42.8077],[141.6256,42.8077],[141.6259,42.8076],[141.6266,42.8076],[141.6273,42.8075],[141.6278,42.8075],[141.6281,42.8076],[141.6284,42.8077],[141.6287,42.8078],[141.6294,42.8081],[141.6304,42.8086],[141.6318,42.8094],[141.6327,42.8098],[141.6329,42.8099],[141.633,42.8101],[141.6331,42.8102],[141.6332,42.8103],[141.6332,42.8104],[141.6332,42.8105],[141.6333,42.8106],[141.6333,42.8107],[141.6334,42.8107],[141.6336,42.8108],[141.6337,42.8109],[141.6338,42.8109],[141.6339,42.811],[141.634,42.811],[141.6341,42.8111],[141.6341,42.8111],[141.6343,42.8112],[141.6344,42.8112],[141.6349,42.8114],[141.6352,42.8115],[141.6357,42.8117],[141.6359,42.8117],[141.6365,42.812],[141.6373,42.8122],[141.6377,42.8124],[141.638,42.8125],[141.6381,42.8126],[141.6384,42.8127],[141.6388,42.8129],[141.639,42.813],[141.6392,42.8132],[141.6393,42.8133],[141.6396,42.8138],[141.6399,42.8142],[141.6402,42.8145],[141.6404,42.8148],[141.6406,42.815],[141.6407,42.8151],[141.6408,42.8152],[141.6409,42.8153],[141.641,42.8153],[141.6412,42.8154],[141.6413,42.8154],[141.6415,42.8155],[141.6416,42.8155],[141.6417,42.8155],[141.6418,42.8155],[141.6419,42.8155],[141.6421,42.8154],[141.6425,42.8153],[141.6427,42.8152],[141.6428,42.8152],[141.6429,42.8152],[141.6429,42.8152],[141.643,42.8152],[141.6431,42.8152],[141.6432,42.8153],[141.6432,42.8153],[141.6439,42.8155],[141.6441,42.8155],[141.6444,42.8156],[141.6446,42.8157],[141.6449,42.8157],[141.645,42.8158],[141.6453,42.8158],[141.6458,42.8157],[141.6459,42.8157],[141.6462,42.8159],[141.6464,42.816],[141.6467,42.8162],[141.6472,42.8164],[141.6476,42.8167],[141.6481,42.8169],[141.6483,42.817],[141.6484,42.8171],[141.6486,42.8172],[141.6488,42.8173],[141.649,42.8174],[141.6492,42.8175],[141.6495,42.8177],[141.6499,42.8179],[141.65,42.818],[141.6503,42.8181],[141.6505,42.8182],[141.6507,42.8183],[141.6512,42.8186],[141.6513,42.8186],[141.6514,42.8187],[141.6516,42.8187],[141.6517,42.8188],[141.6519,42.8189],[141.6525,42.8191],[141.6527,42.8192],[141.6534,42.8194],[141.6542,42.8197],[141.6551,42.8201],[141.6558,42.8204],[141.6563,42.8206],[141.6569,42.8208],[141.6562,42.8213],[141.6556,42.8218],[141.6541,42.823],[141.6528,42.8242],[141.6524,42.8245],[141.6514,42.8253],[141.6496,42.8268],[141.6471,42.8251],[141.6458,42.8261],[141.6448,42.827],[141.6446,42.8272],[141.6445,42.8273],[141.6446,42.8274],[141.6446,42.8276],[141.6447,42.8277],[141.6452,42.8285],[141.6453,42.8288],[141.6454,42.829],[141.6453,42.8293],[141.6452,42.8295],[141.645,42.8297],[141.6448,42.8298],[141.6428,42.8306],[141.6362,42.833],[141.6364,42.8333]]},"properties":{"name":"\u6cc9\u6ca2\u5909\u96fb\u6240~\u5343\u6b73\u5909\u96fb\u6240\u7dda","loading_pct":38.8,"p_mw":26.6}},{"type":"Feature","geometry":{"type":"LineString","coordinates":[[141.6364,42.8333],[141.6416,42.8443],[141.6389,42.8452],[141.6354,42.8465],[141.6327,42.8475],[141.629,42.8488],[141.6248,42.8504],[141.6216,42.8531],[141.6209,42.8537],[141.6198,42.8547],[141.618,42.8562],[141.6162,42.8576],[141.6144,42.8591],[141.6125,42.8607],[141.6108,42.8622],[141.6084,42.8643],[141.6072,42.8653],[141.6048,42.8667]]},"properties":{"name":"\u5343\u6b73\u7dda","loading_pct":31.3,"p_mw":21.4}},{"type":"Feature","geometry":{"type":"LineString","coordinates":[[141.9642,43.0308],[141.965,43.0313],[141.9674,43.0326],[141.9724,43.0335],[141.9754,43.0319],[141.9777,43.0304],[141.9803,43.0287],[141.9837,43.0274],[141.9856,43.0268],[141.9873,43.0262],[141.9912,43.025],[141.9933,43.0249],[141.9965,43.0245],[142.0007,43.0235],[142.0027,43.023],[142.0046,43.0225],[142.0066,43.0223],[142.0099,43.0219],[142.0108,43.0218],[142.0118,43.0216],[142.016,43.0206],[142.0167,43.02],[142.0196,43.0177],[142.0211,43.0164],[142.0221,43.0162],[142.0241,43.0158],[142.0274,43.015],[142.0296,43.0145],[142.0318,43.014],[142.0335,43.0136],[142.0351,43.0132],[142.0366,43.0129],[142.0385,43.013],[142.0398,43.013],[142.0407,43.0135],[142.0437,43.0143],[142.0469,43.0152],[142.0491,43.0159],[142.0508,43.0164],[142.0533,43.0172],[142.0559,43.018],[142.0588,43.0189],[142.06,43.0193],[142.0609,43.0196],[142.0614,43.0195],[142.062,43.0194],[142.0634,43.0187],[142.0639,43.0182],[142.0643,43.0179],[142.0647,43.0177]]},"properties":{"name":"\u4e8c\u80a1\u7dda","loading_pct":18.7,"p_mw":-12.8}},{"type":"Feature","geometry":{"type":"LineString","coordinates":[[141.9642,43.0308],[141.9633,43.0321],[141.9626,43.0325],[141.9618,43.033],[141.9604,43.0338],[141.9591,43.0336],[141.9581,43.0334],[141.9572,43.0331],[141.9567,43.033],[141.9561,43.033],[141.9551,43.0331],[141.954,43.0332],[141.9523,43.0333],[141.951,43.0334],[141.949,43.0336],[141.9481,43.0337],[141.9475,43.0331],[141.9466,43.0331],[141.9456,43.0333],[141.9443,43.0334],[141.9434,43.0334],[141.9421,43.0334],[141.9413,43.0339],[141.9401,43.0344],[141.9377,43.0351],[141.9363,43.0355],[141.9352,43.0357],[141.9341,43.0356],[141.9329,43.0356],[141.9318,43.0355],[141.9307,43.0354],[141.9293,43.0354],[141.9274,43.0354],[141.925,43.0351],[141.9228,43.035],[141.9214,43.0349],[141.92,43.0348],[141.9188,43.0349],[141.9179,43.035],[141.9158,43.0352],[141.9148,43.0353],[141.914,43.0353],[141.9126,43.0355],[141.9116,43.0356],[141.9103,43.0358],[141.9091,43.0359],[141.9081,43.036],[141.9069,43.0361],[141.9057,43.0363],[141.9041,43.0364],[141.9029,43.0366],[141.9022,43.0365],[141.9006,43.036],[141.8989,43.0361],[141.8977,43.036],[141.8963,43.0358],[141.895,43.0356],[141.8931,43.0354],[141.8919,43.0353],[141.8908,43.0351],[141.8898,43.035],[141.8887,43.0349],[141.8877,43.0348],[141.8859,43.0346],[141.8848,43.0352],[141.8837,43.0359],[141.883,43.0362],[141.8811,43.0371],[141.8797,43.0378],[141.8785,43.0384],[141.8778,43.0387],[141.8768,43.0392],[141.8756,43.0397],[141.8741,43.0404],[141.8726,43.0412],[141.8713,43.0418],[141.8688,43.043],[141.8675,43.0436],[141.8662,43.0442],[141.8649,43.0448],[141.8643,43.0451],[141.8629,43.0457],[141.8621,43.0461],[141.8612,43.0465],[141.8599,43.0472],[141.8587,43.0477],[141.8578,43.0482],[141.8568,43.0486],[141.8558,43.0491],[141.8546,43.0504],[141.854,43.051],[141.8536,43.0515],[141.8534,43.0517],[141.8527,43.052],[141.8519,43.0524],[141.8509,43.0528],[141.8502,43.0536],[141.8496,43.0543],[141.849,43.0549],[141.8484,43.0556],[141.8479,43.0563],[141.8472,43.057],[141.8466,43.0578],[141.846,43.0585],[141.8454,43.0592],[141.8445,43.0601],[141.844,43.0608],[141.8432,43.0617],[141.8427,43.0623],[141.842,43.0631],[141.8415,43.0637],[141.8411,43.0642],[141.8403,43.0651],[141.8397,43.066],[141.8382,43.0655],[141.837,43.0652],[141.836,43.0649],[141.8349,43.0646],[141.8338,43.0643],[141.8327,43.064],[141.8316,43.0637],[141.8307,43.0634],[141.8294,43.063],[141.8282,43.0626],[141.8265,43.0621],[141.825,43.0616],[141.8235,43.0613],[141.8215,43.0607],[141.8197,43.0603],[141.8184,43.0599],[141.8176,43.0597],[141.8166,43.0594],[141.8155,43.0591],[141.8143,43.0588],[141.8134,43.0585],[141.8124,43.0583],[141.8116,43.058],[141.8106,43.0577],[141.8098,43.0575],[141.8084,43.0573],[141.8074,43.0571],[141.8062,43.0569],[141.8052,43.0567],[141.804,43.0565],[141.803,43.0564],[141.802,43.0563],[141.8008,43.056],[141.7996,43.0558],[141.7984,43.0556],[141.7974,43.0555],[141.7961,43.0553],[141.7963,43.0546],[141.7937,43.0543],[141.7914,43.054],[141.7886,43.0536],[141.7853,43.0532],[141.782,43.0529],[141.7802,43.0527],[141.7797,43.0526]]},"properties":{"name":"\u5915\u5f35\u7dda","loading_pct":8.3,"p_mw":5.7}},{"type":"Feature","geometry":{"type":"LineString","coordinates":[[142.5214,43.841],[142.5225,43.8385],[142.5214,43.8369],[142.52,43.8352],[142.5198,43.8331],[142.5196,43.8313],[142.5194,43.8298],[142.5193,43.8282],[142.5193,43.8266],[142.5194,43.8245],[142.5179,43.8226],[142.5181,43.8209],[142.5177,43.8185],[142.518,43.8165],[142.5184,43.814],[142.5186,43.8127],[142.5184,43.8109],[142.5186,43.8078],[142.5189,43.8049],[142.5188,43.8031],[142.5192,43.8007],[142.5181,43.799],[142.5167,43.7968],[142.5154,43.7947],[142.5134,43.792],[142.5126,43.7902],[142.5111,43.7878],[142.5095,43.7851],[142.5081,43.783],[142.5064,43.7803],[142.5053,43.7784],[142.5039,43.7762],[142.503,43.7747],[142.5019,43.7728],[142.5003,43.7702],[142.4985,43.7673],[142.4974,43.7653],[142.4954,43.7621],[142.4939,43.7596],[142.4921,43.7576],[142.4892,43.7556],[142.4856,43.7553],[142.4825,43.7556],[142.4793,43.7555],[142.4772,43.7555],[142.4745,43.7554],[142.4715,43.7554],[142.4683,43.7554],[142.4651,43.7553],[142.4625,43.7553],[142.4601,43.7552],[142.4572,43.7552],[142.4548,43.7551],[142.4528,43.7551],[142.4504,43.7551],[142.4477,43.755],[142.4449,43.755],[142.4424,43.755],[142.4405,43.7549],[142.4373,43.7547],[142.4351,43.7546],[142.4331,43.7545],[142.4308,43.7544],[142.4284,43.7542],[142.4266,43.7541],[142.424,43.7537],[142.4209,43.7539],[142.4195,43.7539],[142.4172,43.7538],[142.4157,43.7537]]},"properties":{"name":"\u77f3\u72e9\u5e79\u7dda","loading_pct":2.9,"p_mw":-5.0}},{"type":"Feature","geometry":{"type":"LineString","coordinates":[[142.4157,43.7537],[142.415,43.7538],[142.413,43.7537],[142.4103,43.7537],[142.4086,43.7537],[142.4069,43.7536],[142.4047,43.7536],[142.4024,43.7535],[142.3998,43.7535],[142.3977,43.7534],[142.3963,43.7534],[142.3939,43.7534],[142.3911,43.7533],[142.3879,43.7535]]},"properties":{"name":"\u77f3\u72e9\u5e79\u7dda","loading_pct":6.3,"p_mw":-10.7}},{"type":"Feature","geometry":{"type":"LineString","coordinates":[[141.8977,43.4562],[141.9053,43.4447],[141.9033,43.4432],[141.901,43.4415],[141.8994,43.4399],[141.8981,43.4381],[141.8975,43.4359],[141.8969,43.4341],[141.8963,43.4316],[141.896,43.4296],[141.8897,43.4167]]},"properties":{"name":"\u7a7a\u77e5\u7dda","loading_pct":7.7,"p_mw":5.3}},{"type":"Feature","geometry":{"type":"LineString","coordinates":[[143.2551,43.3607],[143.255,43.3609],[143.255,43.361],[143.2545,43.3613]]},"properties":{"name":"\u7ce0\u5e73\u767a\u96fb\u6240~\u9ed2\u77f3\u5e73\u5909\u96fb\u6240\u7dda","loading_pct":4.4,"p_mw":21.3}},{"type":"Feature","geometry":{"type":"LineString","coordinates":[[143.2545,43.3613],[143.255,43.361],[143.255,43.3609],[143.2551,43.3607]]},"properties":{"name":"\u9ed2\u77f3\u5e73\u5909\u96fb\u6240~\u7ce0\u5e73\u767a\u96fb\u6240\u7dda","loading_pct":4.7,"p_mw":-22.7}},{"type":"Feature","geometry":{"type":"LineString","coordinates":[[143.2551,43.3607],[143.255,43.3609],[143.255,43.361],[143.2545,43.3613]]},"properties":{"name":"\u5341\u52dd\u5e79\u7dda","loading_pct":1.0,"p_mw":5.1}},{"type":"Feature","geometry":{"type":"LineString","coordinates":[[143.2545,43.3613],[143.255,43.361],[143.255,43.3609],[143.2551,43.3607]]},"properties":{"name":"\u5341\u52dd\u5e79\u7dda","loading_pct":1.0,"p_mw":-5.1}},{"type":"Feature","geometry":{"type":"LineString","coordinates":[[143.457,43.2549],[143.4802,43.2617],[143.4868,43.259],[143.4906,43.2575],[143.4962,43.2552],[143.5001,43.2526],[143.5031,43.2505],[143.5063,43.2483],[143.5091,43.2464],[143.514,43.243],[143.5179,43.2403],[143.5199,43.2389],[143.5229,43.2369],[143.5263,43.2346],[143.5288,43.2328],[143.5339,43.2293],[143.5379,43.2265],[143.542,43.2255],[143.5451,43.2262],[143.5465,43.2265]]},"properties":{"name":"\u8db3\u5bc4\u753a\u5909\u96fb\u6240~\u8db3\u5bc4\u5909\u96fb\u6240 (Ashoro Hendensho)\u7dda","loading_pct":0.5,"p_mw":2.4}},{"type":"Feature","geometry":{"type":"LineString","coordinates":[[142.0216,43.7145],[142.0204,43.715],[142.0215,43.7153],[142.0219,43.7147],[142.0227,43.7138]]},"properties":{"name":"\u5317\u6d77\u9053\u96fb\u529b\u30cd\u30c3\u30c8\u30ef\u30fc\u30af 66.0kV\u7dda","loading_pct":1.8,"p_mw":1.2}},{"type":"Feature","geometry":{"type":"LineString","coordinates":[[142.0227,43.7138],[142.0219,43.7147],[142.0215,43.7153],[142.0204,43.715],[142.0216,43.7145]]},"properties":{"name":"\u5317\u6d77\u9053\u96fb\u529b\u30cd\u30c3\u30c8\u30ef\u30fc\u30af 66.0kV\u7dda","loading_pct":8.6,"p_mw":-5.9}},{"type":"Feature","geometry":{"type":"LineString","coordinates":[[142.5803,43.6522],[142.5755,43.6417],[142.5752,43.641],[142.5747,43.6401],[142.5743,43.6394],[142.5734,43.6389],[142.5726,43.6384],[142.5718,43.6379],[142.571,43.6375],[142.5703,43.637],[142.5694,43.6365],[142.5686,43.636],[142.5677,43.6354],[142.5669,43.635],[142.5659,43.6344],[142.5651,43.6338],[142.5643,43.6333],[142.5631,43.6326],[142.5614,43.6317],[142.5585,43.63],[142.5573,43.6291],[142.5567,43.6287],[142.556,43.6283],[142.5553,43.6279],[142.5547,43.6275],[142.554,43.6271],[142.5531,43.6268],[142.552,43.6265],[142.551,43.6261],[142.5499,43.6258],[142.5491,43.6255],[142.5479,43.6252],[142.5471,43.6249],[142.5463,43.6246],[142.5454,43.6243],[142.5442,43.624],[142.5434,43.6237],[142.5426,43.6235],[142.5418,43.6232],[142.5407,43.6229],[142.5399,43.6226],[142.5391,43.6224],[142.5383,43.6221],[142.5375,43.6219],[142.5368,43.6216],[142.5354,43.6212],[142.5343,43.6209],[142.5333,43.6205],[142.5318,43.62],[142.5301,43.6195],[142.5285,43.619],[142.527,43.6185],[142.5254,43.6181],[142.5246,43.6178],[142.5237,43.6176],[142.5228,43.6173],[142.5219,43.617],[142.521,43.6167],[142.5201,43.6164],[142.5192,43.6161],[142.5182,43.6158],[142.5172,43.6155],[142.5163,43.6152],[142.5154,43.6146],[142.5146,43.6139],[142.5136,43.6132],[142.513,43.6127],[142.5124,43.6122],[142.5115,43.6116],[142.511,43.6111],[142.5101,43.6104],[142.5093,43.6098],[142.509,43.6096],[142.5085,43.6092],[142.5077,43.6086],[142.5069,43.608],[142.5062,43.6074],[142.5053,43.6068],[142.5045,43.6062],[142.5028,43.6054],[142.5018,43.605],[142.501,43.6047],[142.4999,43.6041],[142.4991,43.6038],[142.4981,43.6034],[142.4972,43.6029],[142.4965,43.6026],[142.4955,43.6024],[142.4945,43.6022],[142.4935,43.6019],[142.4925,43.6017],[142.4915,43.6015],[142.4905,43.6012],[142.4895,43.601],[142.4885,43.6007],[142.4875,43.6005],[142.4866,43.6003],[142.4859,43.5993],[142.4856,43.5988],[142.4851,43.5981],[142.4847,43.5975],[142.4843,43.5969],[142.4839,43.5962],[142.4835,43.5956],[142.483,43.5948],[142.4825,43.5941],[142.4821,43.5933],[142.4752,43.5878]]},"properties":{"name":"\u6771\u5341\u4e8c\u53f7\u5357\u5909\u96fb\u6240~\u4e2d\u753a\u4e8c\u4e01\u76ee\u5909\u96fb\u6240\u7dda","loading_pct":34.4,"p_mw":23.6}},{"type":"Feature","geometry":{"type":"LineString","coordinates":[[143.7659,44.0116],[143.7655,44.0114],[143.7651,44.011],[143.7645,44.0105],[143.7637,44.0098],[143.7622,44.0085],[143.7617,44.0078],[143.761,44.0071],[143.7604,44.0064],[143.7588,44.0046],[143.7584,44.0041],[143.7578,44.0033],[143.7571,44.0026],[143.7565,44.0018],[143.7555,44.0006],[143.7542,44.0001],[143.7538,43.9986],[143.7528,43.9973],[143.7516,43.9959],[143.7506,43.9955],[143.7497,43.9951],[143.7486,43.9946],[143.7476,43.9942],[143.7466,43.9938],[143.7456,43.9934],[143.7447,43.993],[143.7436,43.9925],[143.7425,43.9921],[143.7415,43.9917],[143.7405,43.9913],[143.7395,43.9909],[143.7384,43.9904],[143.7375,43.99],[143.7364,43.9896],[143.7352,43.9891],[143.7339,43.9886],[143.7331,43.9882],[143.7321,43.9878],[143.7309,43.9873],[143.7299,43.9869],[143.7287,43.9864],[143.7276,43.986],[143.7265,43.9855],[143.7254,43.985],[143.7242,43.9846],[143.7231,43.9841],[143.722,43.9836],[143.7209,43.9832],[143.7195,43.9826],[143.7181,43.982],[143.717,43.9816],[143.7158,43.9811],[143.7147,43.9806],[143.7134,43.9801],[143.7123,43.9796],[143.7111,43.9792],[143.71,43.9787],[143.7091,43.9785],[143.7081,43.9783],[143.7071,43.9781],[143.7061,43.9779],[143.7049,43.9777],[143.7038,43.9775],[143.7027,43.9773],[143.7017,43.9771],[143.7006,43.9769],[143.6995,43.9767],[143.6983,43.9765],[143.6972,43.9763],[143.6961,43.9761],[143.6948,43.9758],[143.6936,43.9756],[143.6921,43.9753],[143.691,43.9751],[143.6886,43.9746],[143.6874,43.9744],[143.6861,43.9742],[143.685,43.974],[143.6838,43.9737],[143.6826,43.9735],[143.6813,43.9733],[143.6802,43.9731],[143.679,43.9729],[143.6767,43.9724],[143.6758,43.9722],[143.6747,43.9719],[143.6734,43.9715],[143.6719,43.9711],[143.6708,43.9708],[143.6695,43.9704],[143.6684,43.9702],[143.6672,43.9698],[143.6661,43.9695],[143.665,43.9692],[143.664,43.9689],[143.6628,43.9686],[143.6617,43.9683],[143.6605,43.968],[143.6593,43.9676],[143.6581,43.9673],[143.657,43.9669],[143.6559,43.9666],[143.6548,43.9662],[143.6536,43.9658],[143.6526,43.9655],[143.6515,43.9651],[143.6505,43.9648],[143.6495,43.9645],[143.6485,43.9641],[143.6473,43.9637],[143.6461,43.9635],[143.645,43.9638],[143.6439,43.9643],[143.6428,43.9647],[143.6416,43.9651],[143.6404,43.9655],[143.6393,43.9658],[143.6382,43.9662],[143.6371,43.9666],[143.6359,43.967],[143.6348,43.9673],[143.6336,43.9677],[143.6325,43.9681],[143.6314,43.9683],[143.6304,43.9685],[143.6293,43.9688],[143.6282,43.969],[143.6271,43.9692],[143.626,43.9694],[143.6249,43.9696],[143.6237,43.9697],[143.6225,43.9698],[143.6212,43.9699],[143.62,43.9701],[143.6188,43.9702],[143.6175,43.9703],[143.6163,43.9704],[143.6151,43.9705],[143.6138,43.9706],[143.6126,43.9707],[143.6116,43.9708],[143.6105,43.9709],[143.6094,43.971],[143.6083,43.9711],[143.6071,43.9712],[143.606,43.9713],[143.6048,43.9714],[143.6037,43.9715],[143.6026,43.9716],[143.6015,43.9717],[143.6005,43.9718],[143.599,43.9718],[143.5983,43.9719],[143.5973,43.972],[143.5962,43.9721],[143.5948,43.9723],[143.5933,43.9724],[143.5919,43.9725],[143.5907,43.9726],[143.5892,43.9727],[143.5876,43.9729],[143.5867,43.973],[143.5856,43.9731],[143.5845,43.9732],[143.5834,43.9733],[143.5823,43.9734],[143.5812,43.9735],[143.5797,43.9737],[143.5789,43.9738],[143.5779,43.9738],[143.5768,43.9739],[143.5757,43.974],[143.5745,43.9741],[143.5737,43.9742],[143.5727,43.9743],[143.5716,43.9744],[143.5706,43.9745],[143.5697,43.9745],[143.5686,43.9746],[143.5674,43.9748],[143.565,43.975],[143.5638,43.9751],[143.5627,43.9752],[143.5615,43.9753],[143.5604,43.9755],[143.5592,43.9756],[143.5582,43.9758],[143.557,43.976],[143.5557,43.9762],[143.5546,43.9764],[143.5534,43.9766],[143.5524,43.9768],[143.5514,43.977],[143.5504,43.9772],[143.5495,43.9774],[143.5484,43.9776],[143.5472,43.9778],[143.5461,43.978],[143.545,43.9783],[143.5439,43.9786],[143.5427,43.9789],[143.5417,43.9793],[143.5403,43.9801],[143.5396,43.9806],[143.5389,43.981],[143.5382,43.9815],[143.5373,43.9821],[143.5366,43.9826],[143.5359,43.983],[143.535,43.9836],[143.5342,43.9841],[143.5333,43.9847],[143.5323,43.9852],[143.5326,43.9861],[143.5329,43.9869],[143.5331,43.9877],[143.5331,43.9882],[143.5331,43.989],[143.533,43.9899],[143.533,43.9907],[143.5319,43.9911],[143.5309,43.9914],[143.53,43.9921],[143.5297,43.9928],[143.5294,43.9935],[143.5293,43.9942],[143.5293,43.995],[143.5287,43.9956],[143.5281,43.9962],[143.5281,43.997],[143.5281,43.9979],[143.528,43.9989],[143.5279,43.9999],[143.5273,44.0005],[143.5267,44.0011],[143.5262,44.0017],[143.5256,44.0022],[143.525,44.0029],[143.5243,44.0034],[143.5237,44.0041],[143.5231,44.0046],[143.5226,44.0051],[143.5219,44.0057],[143.5206,44.0068],[143.5199,44.0075],[143.5192,44.008],[143.5187,44.0085],[143.518,44.009],[143.5173,44.0097],[143.5165,44.0103],[143.5151,44.0115],[143.5146,44.012],[143.5142,44.0129],[143.5138,44.0138],[143.5131,44.0155],[143.5127,44.0163],[143.5124,44.0171],[143.512,44.0178],[143.5118,44.0184],[143.5117,44.019],[143.5108,44.0203],[143.5099,44.0218],[143.5093,44.0228],[143.5093,44.0232]]},"properties":{"name":"\u5e38\u5442\u7dda","loading_pct":10.5,"p_mw":-7.2}},{"type":"Feature","geometry":{"type":"LineString","coordinates":[[142.8948,43.0226],[142.8992,43.0257],[142.8984,43.0262],[142.8976,43.0267],[142.8968,43.0273],[142.8959,43.0279],[142.895,43.0285],[142.8943,43.0292],[142.8936,43.0299],[142.893,43.0307],[142.8923,43.0314],[142.8917,43.0322],[142.8911,43.0329],[142.8904,43.0337],[142.8899,43.0343],[142.8893,43.035],[142.8888,43.0356],[142.8882,43.0363],[142.8873,43.0367],[142.8863,43.0371],[142.8854,43.0376],[142.8844,43.038],[142.8835,43.0385],[142.8825,43.0389],[142.8815,43.0394],[142.8806,43.0398],[142.8798,43.0404],[142.8789,43.0409],[142.878,43.0414],[142.8772,43.0419],[142.8765,43.0417],[142.8758,43.0416],[142.8752,43.041],[142.8745,43.0404],[142.8738,43.0398],[142.8729,43.0393],[142.8721,43.0388],[142.8712,43.0383],[142.8703,43.038],[142.8694,43.0376],[142.8685,43.0373],[142.8676,43.0369],[142.8663,43.0374],[142.8653,43.0378],[142.8647,43.0383],[142.8641,43.0389],[142.8634,43.0395],[142.8625,43.0403],[142.8619,43.0408],[142.8612,43.0415],[142.8601,43.0416],[142.859,43.0417],[142.858,43.0417],[142.8557,43.0418],[142.8551,43.0426],[142.8544,43.0434],[142.8548,43.0441],[142.8553,43.0447],[142.8551,43.0453],[142.8547,43.046],[142.8544,43.0468],[142.854,43.0476],[142.8537,43.0483],[142.8534,43.0491],[142.8531,43.0498],[142.8527,43.0506],[142.8524,43.0514],[142.8521,43.0522],[142.8517,43.053],[142.8514,43.0538],[142.851,43.0547],[142.8506,43.0555],[142.8503,43.0563],[142.85,43.0569],[142.8497,43.0577],[142.8494,43.0583],[142.8491,43.059],[142.8487,43.0599],[142.8481,43.0611],[142.8477,43.0618],[142.8472,43.0626],[142.8468,43.0634],[142.8464,43.0641],[142.8459,43.0649],[142.8455,43.0657],[142.8451,43.0664],[142.8446,43.0672],[142.8441,43.068],[142.8434,43.069],[142.8425,43.0709],[142.8422,43.0718],[142.8418,43.0727],[142.8415,43.0735],[142.8411,43.0744],[142.8408,43.0752],[142.8405,43.076],[142.8401,43.077],[142.8396,43.0781],[142.8395,43.0785]]},"properties":{"name":"\u65b0\u5f97\u7dda","loading_pct":61.0,"p_mw":-14.0}},{"type":"Feature","geometry":{"type":"LineString","coordinates":[[143.6611,42.8191],[143.6623,42.8075],[143.662,42.8066],[143.6616,42.8056],[143.6611,42.8046],[143.661,42.8038],[143.6609,42.8027],[143.6608,42.8015],[143.6593,42.8016],[143.6582,42.8017],[143.657,42.8018],[143.6549,42.802],[143.6537,42.8021],[143.6526,42.8022],[143.6514,42.8023],[143.6507,42.8023],[143.65,42.8024],[143.6488,42.8025],[143.6477,42.8026],[143.6465,42.8027],[143.6453,42.8028],[143.6445,42.8029],[143.6427,42.803],[143.6418,42.8031],[143.6394,42.8033],[143.638,42.8034],[143.6374,42.8035],[143.6368,42.8035],[143.6355,42.8038],[143.6332,42.8043],[143.6321,42.8045],[143.6313,42.8047],[143.6302,42.8049],[143.6295,42.805],[143.6273,42.8055],[143.6263,42.8057],[143.6243,42.8061],[143.6231,42.8064],[143.6209,42.8068],[143.6198,42.807],[143.6189,42.8072],[143.6172,42.8075],[143.616,42.8077],[143.6145,42.808],[143.6134,42.8082],[143.6123,42.8084],[143.6112,42.8086],[143.6096,42.8089],[143.6081,42.8092],[143.6069,42.8094],[143.606,42.8095],[143.6049,42.8097],[143.6039,42.8099],[143.6031,42.8101],[143.6018,42.8104],[143.6008,42.8106],[143.5994,42.8108],[143.5969,42.8112],[143.5958,42.8114],[143.5949,42.8119],[143.5937,42.812],[143.5925,42.812],[143.5906,42.8123],[143.589,42.8126],[143.5867,42.8131],[143.5847,42.8134],[143.5837,42.8136],[143.5826,42.8138],[143.5815,42.814],[143.5804,42.8142],[143.5785,42.8146],[143.5773,42.8148],[143.5766,42.8149],[143.576,42.815],[143.5739,42.8154],[143.5726,42.8156],[143.5709,42.8159],[143.5698,42.8161],[143.5687,42.8163],[143.5664,42.8167],[143.5645,42.817],[143.5635,42.8172],[143.5623,42.8174],[143.5613,42.8176],[143.5602,42.8178],[143.5588,42.8183],[143.5579,42.8186],[143.557,42.819],[143.556,42.8193],[143.555,42.8197],[143.554,42.82],[143.5523,42.8206],[143.5503,42.8212],[143.5483,42.8226],[143.5482,42.8232]]},"properties":{"name":"\u6d66\u5e4c\u5909\u96fb\u6240~\u8c4a\u9803\u5909\u96fb\u6240\u7dda","loading_pct":8.2,"p_mw":5.6}},{"type":"Feature","geometry":{"type":"LineString","coordinates":[[143.2545,43.3613],[143.2548,43.3594],[143.2578,43.3589],[143.2713,43.3563],[143.2749,43.356],[143.2782,43.3556],[143.282,43.3552],[143.287,43.3547],[143.291,43.3543],[143.2944,43.354],[143.2994,43.3535],[143.3027,43.3531],[143.3088,43.3525],[143.3143,43.352],[143.3206,43.3513],[143.3231,43.3511],[143.3264,43.3507],[143.3297,43.3504],[143.3335,43.35],[143.3386,43.3492],[143.3456,43.3481],[143.3526,43.347],[143.3555,43.3467],[143.3588,43.3463],[143.3622,43.3459],[143.3679,43.3452],[143.3717,43.3448],[143.3748,43.3444],[143.3785,43.3439],[143.3838,43.3435],[143.3872,43.3429],[143.394,43.344]]},"properties":{"name":"\u9ed2\u77f3\u5e73\u5909\u96fb\u6240~\u8db3\u5bc4\u753a\u5909\u96fb\u6240\u7dda","loading_pct":0.8,"p_mw":3.8}},{"type":"Feature","geometry":{"type":"LineString","coordinates":[[141.5523,43.0901],[141.5946,43.0941],[141.5964,43.0922],[141.5983,43.0902],[141.6002,43.0883],[141.602,43.0863],[141.6039,43.0844],[141.6059,43.0823],[141.6078,43.0803],[141.6097,43.0782],[141.6118,43.0761],[141.6137,43.074],[141.6158,43.0719],[141.6178,43.0699],[141.6197,43.0679],[141.6218,43.0658],[141.6237,43.0637],[141.6255,43.0618],[141.6249,43.0611]]},"properties":{"name":"\u9577\u6cbc\u7dda (Naganuma-sen)","loading_pct":11.6,"p_mw":-8.0}},{"type":"Feature","geometry":{"type":"LineString","coordinates":[[144.112,43.3355],[144.1097,43.3345],[144.1071,43.3331],[144.104,43.3313],[144.101,43.3297],[144.0991,43.3271],[144.0979,43.3245],[144.0968,43.322],[144.0957,43.3195],[144.0943,43.3163],[144.0933,43.3136],[144.0925,43.3112],[144.0916,43.3087],[144.0908,43.3064],[144.0907,43.304],[144.0912,43.3015],[144.0917,43.299],[144.0923,43.2967],[144.0928,43.2942],[144.0933,43.292],[144.0929,43.2913]]},"properties":{"name":"\u963f\u5bd2\u753a\u30ef\u30c4\u30ab\u30bf\u30f3\u30cd\u30ca\u30a4\u5909\u96fb\u6240~\u963f\u5bd2\u753a\u98fd\u5225\u4e94\u5341\u4e09\u7dda\u5909\u96fb\u6240\u7dda","loading_pct":13.6,"p_mw":-9.4}},{"type":"Feature","geometry":{"type":"LineString","coordinates":[[144.1225,43.1028],[144.1231,43.104],[144.1237,43.1049],[144.1251,43.107],[144.1263,43.109],[144.1274,43.1107],[144.1286,43.1125],[144.1297,43.1144],[144.1306,43.1157],[144.1316,43.1173],[144.1322,43.1188],[144.133,43.1206],[144.1343,43.1233],[144.1354,43.1267],[144.1379,43.1324],[144.1387,43.134],[144.1397,43.1357],[144.1404,43.1372],[144.1412,43.1391],[144.1418,43.1404],[144.1429,43.1428],[144.1441,43.1457],[144.1452,43.1482],[144.1458,43.1508],[144.1455,43.1535],[144.1452,43.1561],[144.145,43.1589],[144.1447,43.1614],[144.1444,43.164],[144.1441,43.1667],[144.1428,43.1692],[144.1417,43.1712],[144.1404,43.1736],[144.139,43.1762],[144.1377,43.1786],[144.1355,43.1806],[144.1344,43.183],[144.1334,43.1854],[144.1323,43.1879],[144.1313,43.1901],[144.1306,43.1927],[144.1299,43.195],[144.1292,43.1976],[144.1285,43.2002],[144.1278,43.2026],[144.1272,43.2054],[144.1267,43.2075],[144.126,43.2101],[144.1255,43.2121],[144.1246,43.2145],[144.1241,43.217],[144.1234,43.2198],[144.1227,43.2223],[144.1231,43.2249],[144.1237,43.2275],[144.1243,43.23],[144.1249,43.2324],[144.1259,43.2363],[144.1265,43.2387],[144.127,43.2412],[144.1265,43.2434],[144.1262,43.2445],[144.1262,43.2467],[144.1253,43.2489],[144.1244,43.2511],[144.124,43.2524],[144.1233,43.255],[144.123,43.2563],[144.1224,43.2583],[144.1214,43.2602],[144.1206,43.2616],[144.1191,43.2643],[144.1179,43.2663],[144.1173,43.2673],[144.1164,43.2689],[144.1158,43.2701],[144.115,43.2714],[144.1143,43.2728],[144.1134,43.2742],[144.1127,43.2756],[144.112,43.2768],[144.111,43.2783],[144.1101,43.2796],[144.1093,43.2809],[144.1075,43.2819],[144.1075,43.2835],[144.1066,43.2848],[144.105,43.2872],[144.104,43.2882],[144.1025,43.289],[144.1007,43.2894],[144.0992,43.2897],[144.097,43.2902],[144.0944,43.2909],[144.0929,43.2913]]},"properties":{"name":"\u963f\u5bd2\u753a\u5909\u96fb\u6240~\u963f\u5bd2\u753a\u98fd\u5225\u4e94\u5341\u4e09\u7dda\u5909\u96fb\u6240\u7dda","loading_pct":24.0,"p_mw":16.5}},{"type":"Feature","geometry":{"type":"LineString","coordinates":[[144.0872,43.4327],[144.0868,43.4329],[144.0862,43.4333],[144.0854,43.4339],[144.0846,43.4344],[144.0838,43.435],[144.083,43.4356],[144.0822,43.4361],[144.0812,43.4368],[144.0803,43.4374],[144.0796,43.438],[144.0788,43.4385],[144.0779,43.4391],[144.0771,43.4397],[144.0763,43.4403],[144.0755,43.4409],[144.0739,43.442],[144.0723,43.4432],[144.0706,43.4443],[144.0698,43.4449],[144.069,43.4454],[144.0684,43.4459],[144.0677,43.4464],[144.0669,43.4469],[144.0661,43.4475],[144.0644,43.4487],[144.0636,43.4493],[144.0628,43.4498],[144.0621,43.4503],[144.0612,43.451],[144.06,43.4518],[144.0593,43.4523],[144.0578,43.4533],[144.057,43.4539],[144.0562,43.4545],[144.0551,43.4553],[144.0542,43.4559],[144.0527,43.4569],[144.0518,43.4576],[144.0511,43.4581],[144.0503,43.4586],[144.0493,43.4593],[144.0477,43.4605],[144.0467,43.4612],[144.0457,43.4619],[144.0448,43.4626],[144.0436,43.4633],[144.0427,43.464],[144.0419,43.4645],[144.0412,43.4651],[144.0403,43.4657],[144.0392,43.4666],[144.0372,43.468],[144.0349,43.4697],[144.0327,43.4713],[144.0297,43.4735],[144.0273,43.4752],[144.0252,43.4767],[144.0218,43.4792],[144.019,43.4812],[144.0165,43.4831],[144.0143,43.4849],[144.0122,43.4866],[144.0102,43.4882],[144.0081,43.4899],[144.0068,43.4909],[144.0054,43.4929],[144.0034,43.4957],[144.0017,43.4981],[144.0002,43.5002],[143.9988,43.5021],[143.9967,43.505],[143.995,43.5074],[143.9933,43.5097],[143.9913,43.5122],[143.9909,43.5145],[143.9892,43.524],[143.9887,43.5277],[143.9883,43.53],[143.9878,43.5324],[143.9874,43.5347],[143.987,43.537],[143.9861,43.542],[143.986,43.543],[143.9872,43.545],[143.9867,43.5461],[143.9858,43.5476],[143.9852,43.5482],[143.9847,43.5489],[143.9841,43.5496],[143.9834,43.5515],[143.9827,43.5537],[143.982,43.5557],[143.9819,43.5568],[143.9817,43.5579],[143.9816,43.559],[143.9814,43.5602],[143.9812,43.5612],[143.981,43.5623],[143.9808,43.5633],[143.9806,43.5644],[143.9805,43.5655],[143.9799,43.566],[143.979,43.5667],[143.9782,43.5674],[143.9775,43.5679],[143.9767,43.5685],[143.9759,43.5691],[143.9753,43.5697],[143.9741,43.5706],[143.974,43.5716],[143.9738,43.5725],[143.9737,43.5733],[143.9735,43.5743],[143.9734,43.5753],[143.9732,43.5763],[143.9731,43.5773],[143.9729,43.5784],[143.9727,43.5794],[143.9722,43.5827],[143.972,43.5839],[143.9717,43.5853],[143.971,43.5871],[143.9711,43.5881],[143.9713,43.589],[143.9715,43.5902],[143.9716,43.5912],[143.9717,43.5919],[143.9716,43.5928],[143.9722,43.5938],[143.9727,43.5958],[143.9729,43.5969],[143.973,43.598],[143.9726,43.5998],[143.9741,43.6016],[143.975,43.6026],[143.9762,43.6042],[143.9774,43.606],[143.9779,43.6066],[143.9785,43.6076],[143.9787,43.6086],[143.9788,43.6095],[143.9789,43.6104],[143.979,43.6113],[143.9791,43.6121],[143.9792,43.613],[143.9793,43.6139],[143.9796,43.6148],[143.9799,43.6155],[143.9802,43.6164],[143.9804,43.617],[143.9808,43.6182],[143.9812,43.6193],[143.9816,43.6204],[143.9815,43.6214],[143.9815,43.6222],[143.9815,43.6239],[143.9829,43.6245],[143.9833,43.6254],[143.9836,43.6264],[143.9839,43.6273],[143.9842,43.6282],[143.9845,43.6292],[143.9848,43.6301],[143.9852,43.631],[143.9855,43.6319],[143.9858,43.6328],[143.9861,43.6338],[143.9864,43.6347],[143.9866,43.636],[143.9865,43.6372],[143.9861,43.6402],[143.9859,43.642],[143.9857,43.6433],[143.9856,43.6441],[143.9852,43.6469],[143.9852,43.6477],[143.985,43.6495],[143.9848,43.6506],[143.9844,43.6539],[143.9843,43.6549],[143.9841,43.6558],[143.9827,43.6584],[143.9818,43.6602],[143.9786,43.6663],[143.9774,43.6685],[143.9769,43.6695],[143.9764,43.6705],[143.976,43.6715],[143.9757,43.6721],[143.9758,43.6733],[143.9759,43.6761],[143.9753,43.6792],[143.9751,43.6801],[143.976,43.684],[144.0279,43.7101]]},"properties":{"name":"\u91e7\u5317\u7dda","loading_pct":3.5,"p_mw":2.4}},{"type":"Feature","geometry":{"type":"LineString","coordinates":[[144.0872,43.4327],[144.1264,43.4073],[144.1294,43.4082],[144.1324,43.4091],[144.136,43.4101],[144.1395,43.4111],[144.1426,43.4119],[144.1461,43.4129],[144.15,43.414],[144.1536,43.415],[144.1561,43.4157],[144.1601,43.417],[144.1627,43.4191],[144.1646,43.4206],[144.168,43.4208],[144.1714,43.421],[144.1744,43.4232],[144.1773,43.4253],[144.1801,43.4274],[144.1829,43.4295],[144.1855,43.4314],[144.1881,43.4334],[144.1914,43.4358],[144.1941,43.4366],[144.1969,43.4373],[144.2009,43.4374],[144.2045,43.4374],[144.2082,43.4374],[144.21,43.4374],[144.2136,43.4374],[144.2168,43.4374],[144.2202,43.4376],[144.2222,43.4393],[144.2237,43.4407],[144.2253,43.4421],[144.2265,43.4433],[144.2285,43.445],[144.2306,43.447],[144.2314,43.4477],[144.2321,43.4484],[144.233,43.4491],[144.2339,43.45],[144.2344,43.4511],[144.2354,43.4519],[144.2365,43.4527],[144.2379,43.4537],[144.2393,43.4546],[144.2407,43.4542],[144.2421,43.4538],[144.2431,43.4537],[144.2445,43.4535],[144.2478,43.4541],[144.2488,43.4542],[144.2523,43.4542],[144.2558,43.4543],[144.2589,43.4554],[144.2632,43.457],[144.2664,43.4574],[144.2715,43.4579],[144.2759,43.4584],[144.2785,43.4587],[144.2822,43.4591],[144.2858,43.4595],[144.2888,43.4598],[144.2926,43.4603],[144.2951,43.4605],[144.2983,43.461],[144.3012,43.4615],[144.3039,43.4629],[144.3069,43.4645],[144.31,43.4662],[144.313,43.4678],[144.3164,43.4696],[144.3201,43.4715],[144.3241,43.4712],[144.328,43.4709],[144.3317,43.4706],[144.3351,43.4704],[144.3381,43.4701],[144.3414,43.4699],[144.3445,43.4697],[144.3472,43.4697],[144.3509,43.4697],[144.3546,43.4697],[144.3584,43.4698],[144.3619,43.4698],[144.3653,43.4698],[144.3687,43.4698],[144.3721,43.4699],[144.3755,43.4699],[144.3793,43.4699],[144.383,43.4699],[144.3867,43.47],[144.4212,43.4696],[144.4249,43.4696],[144.4286,43.4697],[144.4321,43.4698],[144.4351,43.47],[144.4385,43.4701],[144.4417,43.4711],[144.4455,43.4723],[144.4491,43.4734],[144.4521,43.4743],[144.4554,43.4753],[144.4583,43.4762],[144.4615,43.4771],[144.4636,43.4777],[144.465,43.4781],[144.4655,43.4782],[144.4659,43.4784]]},"properties":{"name":"\u963f\u5bd2\u753a\u963f\u5bd2\u6e56\u6e29\u6cc9\u56db\u4e01\u76ee\u5909\u96fb\u6240~\u5f1f\u5b50\u5c48\u5909\u96fb\u6240\u7dda","loading_pct":10.6,"p_mw":-7.2}},{"type":"Feature","geometry":{"type":"LineString","coordinates":[[144.112,43.3355],[144.112,43.3356],[144.1142,43.3367],[144.1166,43.3378],[144.1192,43.3394],[144.1224,43.3416],[144.1242,43.343],[144.1259,43.3448],[144.1269,43.3466],[144.1282,43.3486],[144.1294,43.3506],[144.1306,43.3526],[144.1317,43.3542],[144.1325,43.3566],[144.1331,43.3585],[144.1329,43.3608],[144.1328,43.3629],[144.1327,43.3653],[144.1325,43.3675],[144.1324,43.3699],[144.1324,43.372],[144.132,43.3744],[144.1314,43.3772],[144.1309,43.3796],[144.1305,43.382],[144.1296,43.3854],[144.1288,43.3884],[144.128,43.3912],[144.1273,43.3941],[144.1268,43.3962],[144.1261,43.3986],[144.1253,43.4013],[144.1246,43.4036],[144.1238,43.4066],[144.1238,43.4069],[144.1235,43.4076],[144.1234,43.4084],[144.1232,43.409],[144.123,43.4097],[144.1225,43.4104],[144.1221,43.4112],[144.1212,43.4122],[144.1204,43.413],[144.1195,43.4137],[144.1179,43.4151],[144.1162,43.4166],[144.1151,43.4176],[144.1141,43.4184],[144.113,43.4194],[144.1122,43.42],[144.1115,43.4206],[144.1102,43.4218],[144.1093,43.4224],[144.1085,43.4229],[144.1063,43.4237],[144.1044,43.4245],[144.1032,43.425],[144.1022,43.4254],[144.1012,43.4258],[144.0999,43.4263],[144.0987,43.4267],[144.0973,43.4273],[144.096,43.4278],[144.0946,43.4283],[144.0914,43.4298],[144.0904,43.4304],[144.0895,43.431],[144.0886,43.4316],[144.0879,43.4321],[144.0872,43.4327]]},"properties":{"name":"\u963f\u5bd2\u753a\u30ef\u30c4\u30ab\u30bf\u30f3\u30cd\u30ca\u30a4\u5909\u96fb\u6240~\u963f\u5bd2\u753a\u963f\u5bd2\u6e56\u6e29\u6cc9\u56db\u4e01\u76ee\u5909\u96fb\u6240\u7dda","loading_pct":3.3,"p_mw":2.2}},{"type":"Feature","geometry":{"type":"LineString","coordinates":[[144.0625,44.1086],[144.0634,44.1083],[144.0656,44.1073],[144.0696,44.1017],[144.071,44.0996],[144.0723,44.0989],[144.073,44.0981],[144.0737,44.0975],[144.0743,44.0968],[144.074,44.096],[144.0737,44.0953],[144.0734,44.0946],[144.0732,44.0939],[144.073,44.0931],[144.0724,44.0923],[144.0718,44.0916],[144.0713,44.0908],[144.0706,44.09],[144.07,44.0893],[144.0695,44.0885],[144.0689,44.0877],[144.0694,44.087],[144.07,44.0863],[144.0706,44.0855],[144.0713,44.0847],[144.0716,44.084],[144.0721,44.0829],[144.0725,44.0823],[144.0721,44.0816],[144.0716,44.0809],[144.0712,44.0801],[144.0706,44.0791],[144.0709,44.0783],[144.0712,44.0775],[144.0714,44.0767],[144.0716,44.0759],[144.0718,44.0751],[144.0721,44.0743],[144.0725,44.0728],[144.0727,44.0724],[144.0728,44.0718],[144.073,44.0713],[144.0732,44.0705],[144.0735,44.0695],[144.0737,44.0689],[144.0738,44.0681],[144.074,44.0675],[144.0744,44.0662],[144.0746,44.0657],[144.0748,44.065],[144.075,44.0643],[144.0752,44.0635],[144.0755,44.0626],[144.0758,44.0617],[144.0762,44.061],[144.0766,44.0602],[144.0772,44.0597],[144.0782,44.0587],[144.079,44.0579],[144.0797,44.0572],[144.0804,44.0566],[144.0804,44.0558],[144.0802,44.0547],[144.0802,44.054],[144.0801,44.0533],[144.08,44.0525],[144.0799,44.0521],[144.0796,44.051],[144.0795,44.0502],[144.0794,44.0494],[144.0793,44.0486],[144.0791,44.0477],[144.079,44.0469],[144.0786,44.0461],[144.0782,44.0453],[144.0774,44.0438],[144.077,44.043],[144.0765,44.0422],[144.0771,44.0415],[144.0776,44.0408],[144.0781,44.0401],[144.0787,44.0393],[144.0798,44.0377],[144.0804,44.037],[144.081,44.0362],[144.0815,44.0355],[144.0821,44.0348],[144.0827,44.034],[144.0832,44.0332],[144.0841,44.0321],[144.0848,44.0311],[144.0852,44.0299],[144.0857,44.028],[144.0857,44.0271],[144.0856,44.0259],[144.0855,44.0247],[144.0855,44.0236],[144.0853,44.0223],[144.0853,44.0213],[144.085,44.0199],[144.0851,44.019],[144.0854,44.018],[144.0856,44.0169],[144.0859,44.0159],[144.0863,44.0138],[144.0866,44.0125],[144.0868,44.0116],[144.0873,44.0096],[144.0876,44.0084],[144.0882,44.0075],[144.0888,44.0065],[144.0896,44.0053],[144.0902,44.0044],[144.0909,44.0032],[144.0917,44.0021],[144.0922,44.0014],[144.0916,44.0006],[144.0911,43.9998],[144.0907,43.999],[144.0902,43.9982],[144.0898,43.9975],[144.0894,43.9968],[144.0885,43.9956],[144.0877,43.9933],[144.0873,43.9925],[144.0869,43.9917],[144.0863,43.9912],[144.086,43.9905],[144.0856,43.9897],[144.0852,43.9889],[144.0844,43.9875],[144.0841,43.9868],[144.0835,43.9857],[144.0831,43.9849],[144.0826,43.9842],[144.0822,43.9833],[144.0815,43.982],[144.0812,43.9815],[144.0814,43.9804],[144.0815,43.9793],[144.0821,43.9787],[144.0828,43.978],[144.0834,43.9773],[144.084,43.9766],[144.0854,43.9754],[144.0862,43.9746],[144.087,43.9738],[144.0874,43.9731],[144.0878,43.9723],[144.0885,43.971],[144.0891,43.9699],[144.0895,43.9691],[144.0892,43.9686],[144.0888,43.968],[144.0886,43.9674],[144.0881,43.9665],[144.0877,43.9658],[144.0871,43.9649],[144.0869,43.9644],[144.0866,43.9637],[144.0859,43.9625],[144.0851,43.9613],[144.0842,43.9597],[144.0841,43.9587],[144.084,43.957],[144.084,43.9561],[144.0839,43.9554],[144.0839,43.9547],[144.0837,43.9535],[144.0836,43.9522],[144.0835,43.9514],[144.0836,43.9501],[144.0834,43.9493],[144.0833,43.948],[144.0832,43.9467],[144.0837,43.9459],[144.0842,43.9452],[144.0847,43.9441],[144.0853,43.9433],[144.0859,43.9426],[144.0868,43.9421],[144.0878,43.9416],[144.0874,43.9407],[144.087,43.9395],[144.0867,43.939],[144.0871,43.9383],[144.0876,43.9375],[144.0881,43.9368],[144.0882,43.933],[144.092,43.9316],[144.1105,43.9224],[144.1126,43.9213],[144.1138,43.9175],[144.1134,43.9161],[144.1132,43.9148],[144.113,43.9138],[144.1127,43.9128],[144.1124,43.9118],[144.1121,43.9101],[144.1116,43.9069],[144.1114,43.9054],[144.1116,43.9019],[144.1119,43.9006],[144.1095,43.899],[144.1081,43.8982],[144.1081,43.8968],[144.1065,43.8955],[144.1065,43.8947],[144.1065,43.8937],[144.1065,43.8929],[144.1065,43.8921],[144.1065,43.8914],[144.1062,43.8899],[144.1062,43.8893],[144.1073,43.8882],[144.1072,43.8873],[144.1071,43.8865],[144.107,43.8857],[144.1069,43.8849],[144.1068,43.884],[144.1067,43.8832],[144.1071,43.8813],[144.1086,43.879],[144.1103,43.8769],[144.1106,43.8757],[144.1116,43.8747],[144.1126,43.8744],[144.1136,43.8741],[144.1145,43.8738],[144.1154,43.8735],[144.1163,43.8732],[144.1172,43.873],[144.1182,43.8727],[144.1192,43.8723],[144.1203,43.872],[144.1225,43.8713],[144.1255,43.8706],[144.1309,43.869],[144.1344,43.8679],[144.138,43.8668],[144.1407,43.8656],[144.1422,43.8651],[144.1439,43.8612],[144.1352,43.8279]]},"properties":{"name":"\u80fd\u53d6\u7dda","loading_pct":10.3,"p_mw":-7.1}},{"type":"Feature","geometry":{"type":"LineString","coordinates":[[144.0625,44.1086],[144.0628,44.1085],[144.0621,44.1082],[144.0613,44.1079],[144.0606,44.1077],[144.0599,44.107],[144.0591,44.1064],[144.0583,44.1057],[144.0575,44.105],[144.0567,44.1044],[144.0558,44.1037],[144.0545,44.1027],[144.0536,44.1023],[144.0526,44.1018],[144.0516,44.1014],[144.0506,44.1009],[144.0496,44.1005],[144.0486,44.1001],[144.0477,44.0997],[144.0467,44.0992],[144.0458,44.0988],[144.0448,44.0984],[144.0439,44.098],[144.0429,44.0976],[144.042,44.0971],[144.0415,44.0965],[144.0411,44.0958],[144.0406,44.0952],[144.0397,44.0939],[144.0392,44.0932],[144.0387,44.0925],[144.0383,44.0918],[144.0378,44.0912],[144.0373,44.0905],[144.0369,44.0899],[144.0365,44.0893],[144.036,44.0887],[144.0355,44.0879],[144.035,44.0872],[144.0345,44.0865],[144.034,44.0857],[144.0334,44.085],[144.0329,44.0843],[144.0324,44.0835],[144.0318,44.0827],[144.0307,44.0811],[144.0302,44.0803],[144.0297,44.0797],[144.0288,44.0784],[144.0283,44.0777],[144.0279,44.077],[144.0274,44.0764],[144.027,44.0757],[144.0265,44.075],[144.026,44.0743],[144.0255,44.0736],[144.0249,44.0728],[144.0244,44.0721],[144.0239,44.0714],[144.0227,44.0711],[144.0214,44.0709],[144.0198,44.0707],[144.0182,44.0704],[144.0165,44.0702],[144.0149,44.07],[144.0133,44.0698],[144.0117,44.0699],[144.0089,44.0695],[144.0065,44.0693],[144.004,44.069],[144.0017,44.0687],[143.9995,44.0685],[143.9974,44.0682],[143.9939,44.068],[143.9928,44.0678],[143.9917,44.0677],[143.9908,44.0676],[143.9896,44.0675],[143.9863,44.0669],[143.9853,44.0667],[143.9844,44.0665],[143.9835,44.0663],[143.9827,44.0662],[143.9816,44.066],[143.9807,44.0659],[143.9796,44.0656],[143.9787,44.0655],[143.9775,44.0652],[143.9765,44.0651],[143.9756,44.0649],[143.9747,44.0647],[143.9739,44.0646],[143.9729,44.0644],[143.9719,44.0642],[143.9709,44.0639],[143.9698,44.0635],[143.9687,44.0631],[143.9676,44.0628],[143.9665,44.0624],[143.9654,44.0621],[143.9643,44.0617],[143.9631,44.0613],[143.9621,44.0609],[143.9612,44.0606],[143.9601,44.0602],[143.9592,44.0599],[143.9582,44.0596],[143.9572,44.0593],[143.9562,44.0589],[143.9552,44.0585],[143.954,44.0582],[143.9524,44.0578],[143.9517,44.0576],[143.9504,44.0571],[143.9488,44.0566],[143.9382,44.053],[143.9371,44.0527],[143.9362,44.0524],[143.9352,44.0521],[143.9342,44.0518],[143.9332,44.0514],[143.9322,44.0511],[143.9312,44.0508],[143.9303,44.0504],[143.9293,44.0501],[143.9282,44.0497],[143.9274,44.0494],[143.9256,44.0489],[143.9248,44.0487],[143.924,44.0482],[143.9232,44.0478],[143.9198,44.0459],[143.9189,44.0455],[143.918,44.045],[143.9173,44.0446],[143.9166,44.0442],[143.9157,44.0438],[143.9129,44.0423],[143.912,44.0417],[143.911,44.0412],[143.9099,44.0406],[143.9088,44.04],[143.9079,44.0395],[143.9068,44.0389],[143.9058,44.0384],[143.9048,44.0379],[143.9038,44.0374],[143.9029,44.0369],[143.902,44.0364],[143.9005,44.0356],[143.8976,44.034],[143.8967,44.0335],[143.8932,44.0329],[143.8923,44.0327],[143.8914,44.0325],[143.8896,44.0321],[143.8877,44.0318],[143.886,44.0314],[143.883,44.0313],[143.8819,44.0312],[143.8807,44.0311],[143.8794,44.031],[143.8785,44.0309],[143.8774,44.0309],[143.8763,44.0308],[143.8752,44.0307],[143.874,44.0306],[143.8725,44.0304],[143.8705,44.0303],[143.8694,44.0303],[143.869,44.0294],[143.8686,44.0285],[143.8673,44.0281],[143.8658,44.0282],[143.8653,44.0282],[143.8642,44.0282],[143.863,44.0282],[143.8611,44.0285],[143.8589,44.0286],[143.8567,44.0282],[143.8543,44.0278],[143.852,44.0274],[143.8496,44.027],[143.8474,44.0265],[143.8452,44.0261],[143.8431,44.0256],[143.8407,44.0252],[143.8386,44.0247],[143.8371,44.0241],[143.835,44.0235],[143.8331,44.0228],[143.8307,44.0224],[143.8284,44.0218],[143.8267,44.0213],[143.8244,44.0207],[143.8223,44.0202],[143.8203,44.0195],[143.8181,44.0188],[143.8159,44.0181],[143.8135,44.018],[143.8099,44.0179],[143.8088,44.0179],[143.8061,44.0179],[143.805,44.0179],[143.8038,44.0179],[143.8028,44.0179],[143.8017,44.0179],[143.8006,44.0179],[143.799,44.0179],[143.7978,44.0179],[143.7958,44.0169],[143.795,44.0165],[143.7942,44.0162],[143.7935,44.0159],[143.7925,44.0154],[143.7916,44.0149],[143.7906,44.0145],[143.7896,44.0141],[143.7888,44.0137],[143.7879,44.0133],[143.787,44.0128],[143.7862,44.0125],[143.7855,44.0127],[143.7847,44.013],[143.7837,44.0132],[143.7828,44.0134],[143.782,44.0133],[143.7811,44.0131],[143.7801,44.0129],[143.7793,44.0127],[143.7784,44.0125],[143.7769,44.0122],[143.7761,44.0118],[143.7755,44.0113],[143.7748,44.0107],[143.7742,44.0101],[143.7736,44.0095],[143.7729,44.0089],[143.7723,44.0084],[143.7716,44.0078],[143.7692,44.0078],[143.7691,44.0086],[143.7689,44.0093],[143.7688,44.0101],[143.7686,44.0108],[143.7685,44.0115],[143.7675,44.0115],[143.7665,44.0115],[143.7659,44.0116]]},"properties":{"name":"\u5e38\u5442\u7dda","loading_pct":0.1,"p_mw":-0.1}},{"type":"Feature","geometry":{"type":"LineString","coordinates":[[144.4273,43.0063],[144.3979,43.0322],[144.3952,43.0336],[144.3924,43.0351],[144.3897,43.0365],[144.3861,43.0361],[144.3818,43.0356],[144.3785,43.0353],[144.3772,43.0331],[144.3757,43.0308],[144.3742,43.0286],[144.3728,43.0263],[144.3714,43.0241],[144.3693,43.0224],[144.3676,43.0207],[144.3518,43.0153]]},"properties":{"name":"\u9ce5\u53d6\u91e7\u8def\u7dda","loading_pct":31.5,"p_mw":-21.6}},{"type":"Feature","geometry":{"type":"LineString","coordinates":[[144.1285,42.9865],[144.1146,43.0003],[144.1133,42.9997],[144.1098,42.9981],[144.108,42.9973],[144.1037,42.9953],[144.1023,42.9947],[144.097,42.9923],[144.0956,42.9916],[144.0944,42.9911],[144.0899,42.989],[144.0856,42.9871],[144.0829,42.9859],[144.0795,42.9844],[144.0772,42.9834],[144.0754,42.9826],[144.0719,42.981],[144.069,42.9797],[144.0661,42.9784],[144.064,42.9775],[144.0617,42.9765],[144.0594,42.9754],[144.0565,42.9741],[144.0538,42.9729],[144.0516,42.972],[144.0483,42.9704],[144.0444,42.9688],[144.0417,42.9677],[144.0403,42.9671],[144.0366,42.9656],[144.0352,42.965],[144.0329,42.9641],[144.0285,42.9623],[144.0264,42.9614],[144.024,42.9604],[144.0203,42.9588],[144.0179,42.9578],[144.0154,42.9568],[144.0125,42.9556],[144.0097,42.9544],[144.0076,42.9528],[144.0056,42.9515],[144.0027,42.9495],[144.0001,42.9476],[143.9833,42.9358],[143.9813,42.9343],[143.9794,42.9329],[143.9782,42.9321],[143.9748,42.9297],[143.9736,42.9288],[143.9675,42.9245],[143.964,42.9221],[143.9612,42.9202],[143.9584,42.9183],[143.9548,42.9158],[143.9533,42.9148],[143.952,42.9139],[143.9499,42.9124],[143.9481,42.9112],[143.9465,42.9101],[143.9452,42.9092],[143.9438,42.9083],[143.9424,42.9074],[143.9384,42.8992]]},"properties":{"name":"\u5341\u52dd\u53f7\u7dda","loading_pct":11.6,"p_mw":-8.0}},{"type":"Feature","geometry":{"type":"LineString","coordinates":[[143.6611,42.8191],[143.796,42.8226],[143.797,42.8228],[143.7983,42.8229],[143.7996,42.8231],[143.801,42.8233],[143.8033,42.8237],[143.8054,42.8241],[143.8078,42.8245],[143.8086,42.8246],[143.8093,42.8248],[143.8104,42.8252],[143.8123,42.826],[143.813,42.8266],[143.8137,42.8274],[143.814,42.8277],[143.8147,42.8283],[143.8155,42.8291],[143.8185,42.829],[143.8196,42.8291],[143.8208,42.8296],[143.8244,42.8316],[143.8262,42.8327],[143.8283,42.8338],[143.8298,42.8346],[143.8304,42.8352],[143.8313,42.8362],[143.8328,42.8377],[143.8334,42.8384],[143.8342,42.8393],[143.8362,42.8415],[143.8369,42.8422],[143.8376,42.843],[143.8383,42.8437],[143.839,42.8445],[143.841,42.8466],[143.8419,42.8472],[143.8427,42.8479],[143.8437,42.8484],[143.8448,42.8489],[143.8458,42.8494],[143.8468,42.8499],[143.8479,42.8503],[143.8499,42.8513],[143.8513,42.852],[143.8523,42.8524],[143.8552,42.8539],[143.8568,42.8548],[143.8592,42.8563],[143.8601,42.8569],[143.8609,42.8574],[143.8633,42.8591],[143.8642,42.8596],[143.8649,42.8601],[143.8656,42.8606],[143.8667,42.8614],[143.8675,42.862],[143.8685,42.8627],[143.8693,42.8633],[143.8702,42.8639],[143.8711,42.8645],[143.872,42.8651],[143.8735,42.8663],[143.8793,42.8666],[143.8806,42.8668],[143.8822,42.8671],[143.8836,42.8674],[143.8846,42.8676],[143.8857,42.8678],[143.8869,42.8681],[143.8896,42.8701],[143.8909,42.8712],[143.8918,42.8719],[143.8931,42.8722],[143.8941,42.8725],[143.8956,42.8729],[143.8967,42.8733],[143.8979,42.8736],[143.9002,42.8742],[143.9013,42.8745],[143.9025,42.8748],[143.9034,42.8751],[143.9047,42.8755],[143.9072,42.8762],[143.9081,42.8764],[143.9101,42.8775],[143.9114,42.8791],[143.912,42.8799],[143.9132,42.8815],[143.9137,42.882],[143.9142,42.8828],[143.9146,42.8833],[143.9153,42.8842],[143.9158,42.8849],[143.9164,42.8856],[143.9174,42.8869],[143.9186,42.8879],[143.9192,42.8884],[143.9194,42.8889],[143.9198,42.8898],[143.9191,42.891],[143.9194,42.8915],[143.9196,42.8922],[143.92,42.8931],[143.9204,42.8941],[143.9207,42.895],[143.9384,42.8992]]},"properties":{"name":"\u6d66\u5e4c\u5909\u96fb\u6240~\u97f3\u5225\u753a\u3042\u3051\u307c\u306e\u4e00\u4e01\u76ee\u5909\u96fb\u6240\u7dda","loading_pct":18.5,"p_mw":-12.7}},{"type":"Feature","geometry":{"type":"LineString","coordinates":[[145.5342,43.2377],[145.5425,43.2835],[145.5444,43.2857],[145.5462,43.2879],[145.5481,43.2902],[145.5501,43.2925],[145.552,43.2948],[145.5536,43.2968],[145.5552,43.2988],[145.5568,43.3006],[145.5583,43.3024],[145.5598,43.3042],[145.5613,43.3061],[145.563,43.308],[145.5647,43.3099],[145.5663,43.3118],[145.568,43.3137],[145.5701,43.3152],[145.573,43.3173],[145.5745,43.3185],[145.5765,43.3202],[145.5777,43.321]]},"properties":{"name":"\u6d5c\u677e\u5909\u96fb\u6240~\u897f\u6d5c\u753a\u4e00\u4e01\u76ee\u5909\u96fb\u6240\u7dda","loading_pct":20.8,"p_mw":-14.3}},{"type":"Feature","geometry":{"type":"LineString","coordinates":[[144.811,43.0614],[144.8572,43.0927],[144.8577,43.0935],[144.859,43.0954],[144.8601,43.097],[144.8607,43.0978],[144.8612,43.0986],[144.8618,43.0993],[144.8622,43.1001],[144.8627,43.1008],[144.8636,43.1019],[144.8648,43.1032],[144.8658,43.1043],[144.8668,43.1045],[144.8684,43.1046],[144.8703,43.1049],[144.8729,43.1052],[144.8741,43.1054],[144.8754,43.1056],[144.8766,43.1058],[144.8778,43.1059],[144.879,43.1061],[144.8802,43.1062],[144.8814,43.1064],[144.8827,43.1066],[144.8838,43.1067],[144.885,43.1069],[144.8863,43.107],[144.8875,43.1072],[144.8887,43.1074],[144.8899,43.1075],[144.8913,43.1077],[144.8928,43.1079],[144.8944,43.108],[144.8973,43.1082],[144.9015,43.1085],[144.9064,43.109],[144.9077,43.1091],[144.91,43.1094],[144.9135,43.1099],[144.9158,43.1102],[144.9183,43.1106],[144.9195,43.1108],[144.9209,43.1109],[144.9233,43.1113],[144.9244,43.1114],[144.9253,43.1115],[144.9263,43.1117],[144.9275,43.1119],[144.9292,43.1121],[144.9301,43.1122],[144.9313,43.1121],[144.9322,43.1121],[144.9337,43.112],[144.9372,43.1119],[144.9383,43.1118],[144.9422,43.1116],[144.944,43.1116],[144.9462,43.1115],[144.9472,43.1114],[144.9486,43.1114],[144.95,43.1113],[144.9525,43.1112],[144.955,43.1111],[144.9559,43.1114],[144.9568,43.1117],[144.9582,43.1123],[144.9591,43.1126],[144.9608,43.1132],[144.9625,43.1138],[144.9634,43.1141],[144.9655,43.1149],[144.9667,43.1154],[144.9682,43.1159],[144.9697,43.1165],[144.9715,43.1171],[144.9724,43.1175],[144.9733,43.1178],[144.9742,43.1181],[144.9751,43.1185],[144.9764,43.1189],[144.9776,43.1193],[144.9787,43.1197],[144.9794,43.12],[144.9803,43.1203],[144.9823,43.121],[144.9834,43.1214],[144.9844,43.1217],[144.9854,43.1221],[144.9865,43.1225],[144.9875,43.1228],[144.9884,43.1232],[144.9894,43.1235],[144.9904,43.1238],[144.9913,43.1242],[144.9922,43.1245],[144.993,43.1248],[144.9941,43.1251],[144.9949,43.1254],[144.996,43.1258],[144.9971,43.1262],[144.9982,43.1266],[144.9993,43.1269],[145.0005,43.1274],[145.0985,43.1575]]},"properties":{"name":"\u6839\u5ba42\u53f7\u7dda","loading_pct":2.4,"p_mw":-1.7}},{"type":"Feature","geometry":{"type":"LineString","coordinates":[[144.811,43.0614],[144.8572,43.0927],[144.8577,43.0935],[144.859,43.0954],[144.8601,43.097],[144.8607,43.0978],[144.8612,43.0986],[144.8618,43.0993],[144.8622,43.1001],[144.8627,43.1008],[144.8636,43.1019],[144.8648,43.1032],[144.8658,43.1043],[144.8668,43.1045],[144.8684,43.1046],[144.8703,43.1049],[144.8729,43.1052],[144.8741,43.1054],[144.8754,43.1056],[144.8766,43.1058],[144.8778,43.1059],[144.879,43.1061],[144.8802,43.1062],[144.8814,43.1064],[144.8827,43.1066],[144.8838,43.1067],[144.885,43.1069],[144.8863,43.107],[144.8875,43.1072],[144.8887,43.1074],[144.8899,43.1075],[144.8913,43.1077],[144.8928,43.1079],[144.8944,43.108],[144.8973,43.1082],[144.9015,43.1085],[144.9064,43.109],[144.9077,43.1091],[144.91,43.1094],[144.9135,43.1099],[144.9158,43.1102],[144.9183,43.1106],[144.9195,43.1108],[144.9209,43.1109],[144.9233,43.1113],[144.9244,43.1114],[144.9253,43.1115],[144.9263,43.1117],[144.9275,43.1119],[144.9292,43.1121],[144.9301,43.1122],[144.9313,43.1121],[144.9322,43.1121],[144.9337,43.112],[144.9372,43.1119],[144.9383,43.1118],[144.9422,43.1116],[144.944,43.1116],[144.9462,43.1115],[144.9472,43.1114],[144.9486,43.1114],[144.95,43.1113],[144.9525,43.1112],[144.955,43.1111],[144.9559,43.1114],[144.9568,43.1117],[144.9582,43.1123],[144.9591,43.1126],[144.9608,43.1132],[144.9625,43.1138],[144.9634,43.1141],[144.9655,43.1149],[144.9667,43.1154],[144.9682,43.1159],[144.9697,43.1165],[144.9715,43.1171],[144.9724,43.1175],[144.9733,43.1178],[144.9742,43.1181],[144.9751,43.1185],[144.9764,43.1189],[144.9776,43.1193],[144.9787,43.1197],[144.9794,43.12],[144.9803,43.1203],[144.9823,43.121],[144.9834,43.1214],[144.9844,43.1217],[144.9854,43.1221],[144.9865,43.1225],[144.9875,43.1228],[144.9884,43.1232],[144.9894,43.1235],[144.9904,43.1238],[144.9913,43.1242],[144.9922,43.1245],[144.993,43.1248],[144.9941,43.1251],[144.9949,43.1254],[144.996,43.1258],[144.9971,43.1262],[144.9982,43.1266],[144.9993,43.1269],[145.0005,43.1274],[145.0985,43.1575]]},"properties":{"name":"\u6839\u5ba41\u53f7\u7dda","loading_pct":2.4,"p_mw":-1.6}},{"type":"Feature","geometry":{"type":"LineString","coordinates":[[144.8,43.4862],[144.7998,43.4865],[144.7995,43.4886],[144.7991,43.4904],[144.7988,43.4914],[144.7971,43.4925],[144.7954,43.4937],[144.7929,43.4945],[144.7903,43.4952],[144.7878,43.4959],[144.7853,43.4966],[144.783,43.4951],[144.7807,43.4936],[144.7783,43.492],[144.776,43.4905],[144.7739,43.4908],[144.7717,43.4912],[144.7695,43.4897],[144.7672,43.4881],[144.7649,43.4866],[144.7627,43.4851],[144.7604,43.4837],[144.758,43.482],[144.7558,43.4805],[144.7534,43.4789],[144.7511,43.4774],[144.7488,43.4759],[144.7465,43.4743],[144.7442,43.4728],[144.7419,43.4713],[144.7395,43.4697],[144.7363,43.4697],[144.7331,43.4696],[144.73,43.4695],[144.7272,43.4695],[144.7242,43.4695],[144.7212,43.4694],[144.7183,43.4694],[144.7152,43.4693],[144.7121,43.4693],[144.7091,43.4692],[144.706,43.4692],[144.7029,43.4691],[144.6998,43.4691],[144.6967,43.4691],[144.694,43.469],[144.6909,43.4692],[144.6879,43.4694],[144.6848,43.4696],[144.6816,43.4699],[144.6786,43.4701],[144.6756,43.4703],[144.6727,43.4705],[144.6695,43.4707],[144.6664,43.471],[144.6634,43.4712],[144.6604,43.4714],[144.6576,43.4715],[144.6546,43.4717],[144.6515,43.4719],[144.6486,43.4721],[144.6456,43.4723],[144.6424,43.4726],[144.6394,43.4727],[144.6365,43.4729],[144.6334,43.4731],[144.6303,43.4733],[144.6273,43.4735],[144.6242,43.4737],[144.6211,43.4739],[144.6181,43.4741],[144.6152,43.4743],[144.6128,43.4748],[144.6099,43.4753],[144.6069,43.4759],[144.6045,43.4764],[144.6016,43.477],[144.5989,43.4775],[144.5961,43.478],[144.5936,43.4785],[144.5911,43.479],[144.588,43.4796],[144.5853,43.4801],[144.5823,43.4807],[144.5795,43.4812],[144.5765,43.4818],[144.5736,43.4823],[144.5708,43.4829],[144.5679,43.4835],[144.5654,43.4839],[144.5594,43.4851],[144.5565,43.4857],[144.5535,43.4862],[144.5517,43.486],[144.5483,43.4855],[144.5459,43.4851],[144.5436,43.4848],[144.5412,43.4844],[144.5383,43.484],[144.5353,43.4836],[144.5326,43.4832],[144.5297,43.4828],[144.5266,43.4824],[144.5233,43.4819],[144.5207,43.4815],[144.5176,43.4811],[144.5148,43.4807],[144.5118,43.4803],[144.5095,43.4799],[144.5071,43.4796],[144.5046,43.4792],[144.502,43.4789],[144.4996,43.4786],[144.4962,43.4781],[144.4932,43.4776],[144.4902,43.4772],[144.4875,43.4769],[144.4844,43.4764],[144.4812,43.476],[144.4782,43.4756],[144.4752,43.4751],[144.4714,43.4746],[144.4691,43.4743],[144.4677,43.476],[144.4664,43.4778],[144.4659,43.4784]]},"properties":{"name":"\u8a08\u6839\u5225\u672c\u901a\u897f\u4e94\u4e01\u76ee\u5909\u96fb\u6240~\u5f1f\u5b50\u5c48\u5909\u96fb\u6240\u7dda","loading_pct":9.1,"p_mw":6.2}},{"type":"Feature","geometry":{"type":"LineString","coordinates":[[144.4273,43.0063],[144.4232,42.9943],[144.4223,42.9926],[144.4217,42.9914],[144.4211,42.9902],[144.4207,42.9893],[144.4201,42.9881],[144.4197,42.9868],[144.4198,42.9856],[144.4132,42.9845]]},"properties":{"name":"\u8c9d\u585a\u7dda","loading_pct":5.4,"p_mw":3.7}},{"type":"Feature","geometry":{"type":"LineString","coordinates":[[144.4089,42.9615],[144.4083,42.9636],[144.4076,42.965],[144.4078,42.9666],[144.4081,42.9681],[144.4083,42.9696],[144.4098,42.971],[144.4113,42.9723],[144.4127,42.9736],[144.4124,42.9751],[144.4119,42.9771],[144.4114,42.9793],[144.4118,42.9807],[144.4124,42.9819],[144.4134,42.9832],[144.4132,42.9845]]},"properties":{"name":"\u304a\u5ba2\u3055\u307e\u63a5\u7d9a\u7dda - \u91e7\u8def\u706b\u529b\u767a\u96fb\u6240\u3068\u70ad\u9271","loading_pct":22.9,"p_mw":15.7}},{"type":"Feature","geometry":{"type":"LineString","coordinates":[[144.4374,42.9677],[144.4501,42.9877],[144.4541,42.9869],[144.4583,42.986],[144.4612,42.985],[144.4642,42.984],[144.4664,42.9832],[144.4677,42.9811],[144.469,42.9789],[144.47,42.9772],[144.4719,42.9757],[144.4729,42.975],[144.4739,42.9743],[144.4769,42.9721],[144.4786,42.9708],[144.4833,42.9709],[144.4865,42.971],[144.4886,42.9711],[144.4925,42.9722],[144.4961,42.9731],[144.4993,42.9739],[144.5027,42.9747],[144.5059,42.9754],[144.5091,42.9761],[144.5124,42.9769],[144.5159,42.9776],[144.5194,42.9774],[144.5228,42.9771],[144.526,42.9769],[144.5306,42.9769],[144.533,42.9757],[144.5347,42.9749],[144.5373,42.9747],[144.5402,42.9745],[144.5427,42.9765],[144.5448,42.9779],[144.5474,42.9799],[144.5508,42.9805],[144.5544,42.9812],[144.5579,42.9818],[144.5607,42.9824],[144.5623,42.982],[144.5655,42.9813],[144.5685,42.9807],[144.5703,42.9808],[144.5736,42.9809],[144.5768,42.9811],[144.5803,42.9813],[144.5834,42.9814],[144.5865,42.982],[144.5895,42.9826],[144.5924,42.9832],[144.5951,42.9837],[144.5979,42.9841],[144.6007,42.9846],[144.6028,42.9856],[144.6055,42.987],[144.6083,42.9884],[144.6107,42.9896],[144.6129,42.9925],[144.6145,42.9946],[144.6185,42.9963],[144.6222,42.9978],[144.6263,42.9995],[144.6289,43.0006],[144.6317,43.0017],[144.6341,43.0026],[144.6375,43.004],[144.6409,43.0054],[144.6443,43.0068],[144.6477,43.0083],[144.6507,43.0096],[144.6536,43.0107],[144.6564,43.0118],[144.6598,43.0132],[144.6624,43.0143],[144.6651,43.0154],[144.6674,43.0164],[144.6712,43.0164],[144.6737,43.0166],[144.6768,43.0168],[144.681,43.0171],[144.6845,43.0173],[144.688,43.0175],[144.691,43.0194],[144.6943,43.0216],[144.6976,43.0236],[144.7002,43.0253],[144.7025,43.0268],[144.7051,43.0284],[144.7076,43.0301],[144.71,43.0319],[144.7114,43.033],[144.7138,43.0348],[144.7157,43.0363],[144.7177,43.0378],[144.7203,43.0398],[144.7231,43.0415],[144.7263,43.0435],[144.7289,43.045],[144.7314,43.0465],[144.7351,43.0487],[144.7367,43.0511],[144.7383,43.0536],[144.7399,43.056],[144.7417,43.0587],[144.7432,43.061],[144.746,43.0615],[144.7488,43.062],[144.7513,43.0625],[144.7542,43.063],[144.7577,43.0636],[144.7618,43.0644],[144.764,43.0647],[144.7671,43.0646],[144.7705,43.0645],[144.7733,43.0644],[144.7771,43.0643],[144.7805,43.0642],[144.7834,43.0646],[144.7868,43.065],[144.7896,43.0647],[144.7929,43.0642],[144.796,43.0638],[144.7993,43.0638],[144.8026,43.0641],[144.8063,43.0642],[144.8101,43.0645],[144.8103,43.063],[144.811,43.0614]]},"properties":{"name":"\u539a\u5cb8\u7dda","loading_pct":5.6,"p_mw":3.8}},{"type":"Feature","geometry":{"type":"LineString","coordinates":[[144.8068,43.3969],[144.8033,43.3989],[144.7999,43.3968],[144.7973,43.3949],[144.7944,43.3928],[144.7915,43.3909],[144.7886,43.3889],[144.7857,43.387],[144.7832,43.3854],[144.7808,43.3838],[144.7784,43.3822],[144.7758,43.3805],[144.7732,43.3787],[144.7704,43.3769],[144.7674,43.3756],[144.7656,43.3747],[144.7624,43.3732],[144.7586,43.3715],[144.7557,43.3701],[144.7522,43.3685],[144.7491,43.3669],[144.7461,43.3655],[144.7432,43.364],[144.7403,43.3627],[144.7376,43.3616],[144.7344,43.3602],[144.7309,43.3587],[144.7269,43.3571],[144.7236,43.3557],[144.7201,43.3543],[144.7173,43.3532],[144.7145,43.3521],[144.7118,43.3511],[144.7079,43.3495],[144.7046,43.3482],[144.7016,43.3462],[144.6991,43.3445],[144.6961,43.3425],[144.6932,43.3406],[144.6901,43.3391],[144.6874,43.3378],[144.6846,43.3364],[144.6816,43.335],[144.6784,43.3334],[144.675,43.3318],[144.6736,43.3292],[144.6726,43.3275],[144.6712,43.325],[144.6694,43.322],[144.6676,43.3188],[144.6663,43.3167],[144.6647,43.3138],[144.6636,43.3119],[144.6621,43.3093],[144.6604,43.3065],[144.6592,43.3044],[144.658,43.3023],[144.6572,43.2997],[144.6564,43.2973],[144.6554,43.2941],[144.6545,43.2912],[144.6535,43.2882],[144.6526,43.2853],[144.6522,43.2828],[144.6518,43.2803],[144.6515,43.2782],[144.6512,43.2758],[144.6509,43.2736],[144.6537,43.2713],[144.6561,43.2693],[144.6581,43.2677],[144.6609,43.2654],[144.6632,43.2635],[144.6664,43.2608],[144.6691,43.2587],[144.6685,43.2557],[144.6678,43.2524],[144.6673,43.2501],[144.6662,43.2471],[144.6651,43.2439],[144.6641,43.2414],[144.6643,43.2385],[144.6645,43.2357],[144.6633,43.2323],[144.6625,43.2304],[144.6616,43.2278],[144.6606,43.225],[144.6596,43.2222],[144.6586,43.2194],[144.6579,43.2176],[144.6571,43.2156],[144.6563,43.2135],[144.6565,43.2101],[144.6566,43.2067],[144.6567,43.2042],[144.6569,43.2007],[144.657,43.1984],[144.6571,43.1956],[144.6572,43.1926],[144.6573,43.1903],[144.6574,43.1873],[144.6576,43.1845],[144.6577,43.1815],[144.6578,43.1792],[144.6579,43.1761],[144.658,43.1729],[144.6582,43.1702],[144.6571,43.1674],[144.656,43.1644],[144.655,43.1616],[144.6538,43.1583],[144.6526,43.1551],[144.6516,43.1525],[144.6506,43.1498],[144.6496,43.1471],[144.6487,43.1447],[144.6479,43.1425],[144.6471,43.1404],[144.6461,43.1376],[144.6452,43.1352],[144.6442,43.1326],[144.6429,43.1302],[144.6416,43.1278],[144.6403,43.1257],[144.6392,43.1232],[144.6381,43.121],[144.6368,43.1188],[144.6348,43.1161],[144.6326,43.1132],[144.6309,43.1108],[144.6294,43.1086],[144.6282,43.1068],[144.6269,43.105],[144.6256,43.1021],[144.6243,43.0992],[144.623,43.0965],[144.6218,43.0939],[144.6206,43.0912],[144.6174,43.0893],[144.6143,43.0874],[144.6112,43.0856],[144.6081,43.0837],[144.6054,43.082],[144.6025,43.0803],[144.5996,43.0786],[144.598,43.0766],[144.5964,43.0748],[144.5946,43.0726],[144.5927,43.0704],[144.5893,43.0691],[144.5852,43.0676],[144.5811,43.0661],[144.5769,43.0645],[144.5733,43.0632],[144.5711,43.0611],[144.5691,43.0593],[144.5668,43.0587],[144.5634,43.0579],[144.5602,43.057],[144.5567,43.0561],[144.5531,43.0548],[144.5496,43.0535],[144.5466,43.0524],[144.543,43.0511],[144.5397,43.0499],[144.5378,43.0488],[144.535,43.0472],[144.5323,43.0458],[144.5291,43.044],[144.5263,43.0424],[144.5228,43.0419],[144.5193,43.0415],[144.5153,43.041],[144.5113,43.0405],[144.5072,43.0373],[144.5049,43.0355],[144.5026,43.0338],[144.5003,43.032],[144.4981,43.0303],[144.4958,43.0284],[144.493,43.0263],[144.4907,43.0245],[144.4883,43.0226],[144.4855,43.0204],[144.4814,43.0206],[144.4774,43.0207],[144.4729,43.0209],[144.4694,43.0211],[144.4658,43.0205],[144.462,43.02],[144.4589,43.0196],[144.4562,43.0202],[144.4536,43.0208],[144.451,43.0214],[144.4502,43.0193],[144.4492,43.0168],[144.4484,43.0142],[144.448,43.0127],[144.4469,43.0106]]},"properties":{"name":"\u897f\u6625\u5225\u7dda","loading_pct":0.8,"p_mw":-3.7}},{"type":"Feature","geometry":{"type":"LineString","coordinates":[[144.4718,42.9575],[144.4718,42.9733],[144.4706,42.9715],[144.4689,42.97],[144.4669,42.9683],[144.4622,42.9678],[144.4592,42.9675],[144.456,42.9672],[144.4374,42.9677]]},"properties":{"name":"\u685c\u30f6\u5ca1\u652f\u7dda","loading_pct":10.4,"p_mw":-7.1}},{"type":"Feature","geometry":{"type":"LineString","coordinates":[[144.4273,43.0063],[144.4225,42.997],[144.421,42.9981],[144.4196,42.9999],[144.4165,43.0005],[144.4132,43.0009],[144.4107,43.0016],[144.4076,43.0025],[144.4046,43.0034],[144.4032,43.0019],[144.3881,42.9904]]},"properties":{"name":"\u6a4b\u5317\u652f\u7dda","loading_pct":10.4,"p_mw":7.1}},{"type":"Feature","geometry":{"type":"LineString","coordinates":[[145.5342,43.2377],[145.5341,43.2374],[145.534,43.2366],[145.5339,43.2359],[145.5337,43.2351],[145.5332,43.2345],[145.5326,43.2338],[145.532,43.2332],[145.5314,43.2326],[145.5308,43.2319],[145.5301,43.2312],[145.5292,43.2308],[145.5285,43.2305],[145.5276,43.2301],[145.527,43.2298],[145.5262,43.2295],[145.5255,43.2292],[145.5244,43.2287],[145.5236,43.2284],[145.5228,43.228],[145.5219,43.2276],[145.5206,43.227],[145.5193,43.2264],[145.5185,43.2261],[145.5175,43.226],[145.5164,43.226],[145.5154,43.2259],[145.5144,43.2259],[145.5132,43.2259],[145.5113,43.2259],[145.5062,43.2257],[145.5042,43.2255],[145.5035,43.2254],[145.5029,43.2254],[145.5018,43.2254],[145.5007,43.2253],[145.4997,43.2253],[145.4986,43.2253],[145.4967,43.2252],[145.4956,43.2251],[145.4945,43.2251],[145.4934,43.225],[145.4924,43.225],[145.4914,43.2249],[145.4905,43.2249],[145.4889,43.2248],[145.4879,43.2248],[145.4868,43.2248],[145.4853,43.2247],[145.4839,43.2247],[145.4822,43.2246],[145.4811,43.2245],[145.4788,43.2245],[145.4777,43.2244],[145.4767,43.2244],[145.4756,43.2243],[145.4744,43.2243],[145.4735,43.2242],[145.4725,43.2242],[145.4715,43.2241],[145.4702,43.2241],[145.4691,43.224],[145.468,43.224],[145.4669,43.2239],[145.4648,43.2238],[145.4637,43.2238],[145.4626,43.2237],[145.4616,43.2237],[145.4606,43.2236],[145.4595,43.2236],[145.4585,43.2236],[145.4575,43.2235],[145.4566,43.2235],[145.4557,43.2235],[145.4543,43.2234],[145.4528,43.2233],[145.4517,43.2233],[145.4505,43.2233],[145.4495,43.2232],[145.4485,43.2232],[145.4475,43.2231],[145.4464,43.2231],[145.4454,43.223],[145.4444,43.223],[145.4433,43.223],[145.4421,43.2229],[145.4401,43.2228],[145.4388,43.2228],[145.4377,43.2227],[145.4369,43.2227],[145.4358,43.2226],[145.4347,43.2224],[145.4336,43.2223],[145.4325,43.2222],[145.4315,43.2221],[145.4304,43.222],[145.4283,43.2217],[145.4272,43.2216],[145.4261,43.2214],[145.4249,43.2213],[145.4238,43.2212],[145.4228,43.2211],[145.4216,43.221],[145.4206,43.2208],[145.4195,43.2207],[145.4185,43.2206],[145.4174,43.2204],[145.4163,43.2203],[145.4151,43.2202],[145.414,43.22],[145.413,43.2199],[145.412,43.2198],[145.4109,43.2197],[145.4098,43.2196],[145.4087,43.2194],[145.4076,43.2193],[145.4065,43.2192],[145.4054,43.2191],[145.4043,43.2189],[145.4028,43.2187],[145.3948,43.2178],[145.3643,43.2143],[145.2493,43.2332]]},"properties":{"name":"\u6d5c\u677e\u5909\u96fb\u6240~\u539a\u5e8a\u5909\u96fb\u6240\u7dda","loading_pct":7.3,"p_mw":5.0}},{"type":"Feature","geometry":{"type":"LineString","coordinates":[[144.1197,43.8123],[144.1196,43.8129],[144.1202,43.814],[144.1209,43.8151],[144.1215,43.8161],[144.1221,43.8171],[144.1228,43.8183],[144.1235,43.8195],[144.1242,43.8207],[144.1248,43.8217],[144.1256,43.8231],[144.1264,43.8244],[144.1268,43.8252],[144.1272,43.8259],[144.1277,43.8266],[144.1288,43.8262],[144.1298,43.8259],[144.1309,43.8256],[144.1318,43.8253],[144.1327,43.8253],[144.1331,43.826],[144.1331,43.8268],[144.1341,43.8272],[144.135,43.8278],[144.1352,43.8279]]},"properties":{"name":"\u7a32\u7f8e\u5909\u96fb\u6240~\u5831\u5fb3\u5909\u96fb\u6240\u7dda","loading_pct":18.4,"p_mw":-12.6}},{"type":"Feature","geometry":{"type":"LineString","coordinates":[[144.1197,43.8123],[144.1193,43.8124],[144.1189,43.8117],[144.118,43.8104],[144.1175,43.8094],[144.1167,43.8082],[144.1158,43.8084],[144.1147,43.8088],[144.1135,43.8091],[144.1125,43.8094],[144.1113,43.8098],[144.1102,43.8101],[144.109,43.8104],[144.1085,43.8099],[144.1078,43.8093],[144.1071,43.8087],[144.1065,43.8081],[144.1058,43.8075],[144.1044,43.807],[144.1017,43.806],[144.1008,43.8056],[144.1003,43.805],[144.0998,43.8042],[144.0992,43.8036],[144.0985,43.8029],[144.0981,43.802],[144.0967,43.7998],[144.0962,43.7991],[144.0958,43.7983],[144.0954,43.7976],[144.0949,43.7969],[144.0945,43.7962],[144.0936,43.7953],[144.0928,43.7944],[144.0907,43.7937],[144.0896,43.7922],[144.0885,43.7909],[144.0861,43.7904],[144.0838,43.7899],[144.0815,43.7876],[144.0801,43.7866],[144.0797,43.7856],[144.0794,43.7849],[144.0791,43.7842],[144.0788,43.7834],[144.0785,43.7827],[144.0782,43.782],[144.0779,43.7812],[144.0776,43.7805],[144.0773,43.7798],[144.0769,43.7791],[144.0764,43.7784],[144.0759,43.7777],[144.0755,43.7771],[144.075,43.7764],[144.0746,43.7757],[144.0741,43.775],[144.0737,43.7743],[144.0732,43.7736],[144.0727,43.7729],[144.0723,43.7721],[144.0718,43.7714],[144.0713,43.7707],[144.0705,43.7695],[144.0701,43.7688],[144.0696,43.7682],[144.0692,43.7675],[144.0682,43.766],[144.0677,43.7653],[144.0672,43.7646],[144.0668,43.7639],[144.0665,43.7631],[144.0664,43.7614],[144.0664,43.7606],[144.0665,43.7599],[144.0667,43.7591],[144.0668,43.7583],[144.0664,43.7574],[144.066,43.7566],[144.0657,43.7559],[144.0646,43.7546],[144.0638,43.754],[144.0629,43.7536],[144.062,43.7532],[144.0611,43.7527],[144.0601,43.7523],[144.0586,43.7515],[144.0576,43.751],[144.0566,43.7505],[144.0558,43.75],[144.0549,43.7495],[144.0542,43.7479],[144.0533,43.7473],[144.0279,43.7101]]},"properties":{"name":"\u7a32\u7f8e\u5909\u96fb\u6240~\u6d25\u5225\u5909\u96fb\u6240\u7dda","loading_pct":8.0,"p_mw":5.5}},{"type":"Feature","geometry":{"type":"LineString","coordinates":[[144.8,43.4862],[144.8021,43.4916],[144.8055,43.4918],[144.8087,43.4919],[144.8145,43.4935],[144.8203,43.4951],[144.8235,43.4959],[144.8264,43.4968],[144.829,43.4975],[144.8316,43.4981],[144.8338,43.4988],[144.8369,43.4997],[144.84,43.5005],[144.8425,43.5014],[144.8453,43.5023],[144.8481,43.5033],[144.8508,43.5042],[144.8536,43.5052],[144.8563,43.5062],[144.8592,43.5072],[144.8622,43.5082],[144.8652,43.5092],[144.868,43.5103],[144.874,43.5106],[144.8771,43.5107],[144.88,43.5108],[144.8823,43.5109],[144.8882,43.5112],[144.8915,43.5114],[144.8945,43.5115],[144.8972,43.5117],[144.9001,43.5119],[144.903,43.512],[144.9058,43.5121],[144.9088,43.5123],[144.9117,43.5125],[144.914,43.5141],[144.9162,43.5156],[144.9184,43.5173],[144.9203,43.5186],[144.9221,43.52],[144.9242,43.5215],[144.9263,43.523],[144.9284,43.5245],[144.9308,43.5262],[144.9331,43.5279],[144.9352,43.5295],[144.9375,43.5311],[144.9398,43.5327],[144.9419,43.5343],[144.9435,43.5358],[144.9453,43.5369],[144.9473,43.5382],[144.949,43.5394],[144.9519,43.5406],[144.9547,43.5417],[144.9563,43.5423],[144.9577,43.5433]]},"properties":{"name":"\u8a08\u6839\u5225\u672c\u901a\u897f\u4e94\u4e01\u76ee\u5909\u96fb\u6240~\u897f\u5341\u56db\u6761\u5317\u516b\u4e01\u76ee\u5909\u96fb\u6240\u7dda","loading_pct":3.1,"p_mw":2.1}},{"type":"Feature","geometry":{"type":"LineString","coordinates":[[143.8733,43.7985],[143.8734,43.7956],[143.8733,43.7935],[143.873,43.79],[143.8728,43.787],[143.8727,43.7852],[143.8725,43.7836],[143.8582,43.7841]]},"properties":{"name":"\u5317\u898b\u7dda;\u91e7\u5317\u7dda;\u7530\u7aef\u7dda","loading_pct":10.4,"p_mw":-7.1}},{"type":"Feature","geometry":{"type":"LineString","coordinates":[[143.8582,43.7841],[143.8754,43.7802],[143.8779,43.7799],[143.8804,43.7793],[143.8835,43.7782],[143.8845,43.7782],[143.8855,43.7781],[143.8865,43.778],[143.888,43.7779],[143.8887,43.7782],[143.8897,43.7786],[143.8906,43.7789],[143.8913,43.7796],[143.8922,43.7803],[143.8924,43.7811],[143.8936,43.7814],[143.8943,43.7816],[143.8951,43.7819],[143.8959,43.7821],[143.8967,43.7826],[143.8975,43.7832],[143.8976,43.7837],[143.8985,43.7839],[143.9001,43.7843],[143.901,43.7845],[143.902,43.7847],[143.903,43.7849],[143.9041,43.7851],[143.9052,43.7853],[143.906,43.7857],[143.9071,43.7863],[143.9082,43.7869],[143.9095,43.7876],[143.9106,43.7882],[143.9118,43.7892],[143.9121,43.7899],[143.9124,43.7905],[143.9129,43.7915],[143.9128,43.7921],[143.9127,43.7925],[143.9133,43.7932],[143.9139,43.7938],[143.9153,43.7945],[143.9157,43.7952],[143.9161,43.7959],[143.9169,43.7972],[143.9166,43.7973],[143.9174,43.798],[143.9183,43.7997],[143.9186,43.8001],[143.9193,43.8006],[143.9208,43.8003],[143.9215,43.8002],[143.9226,43.8],[143.9237,43.7998],[143.9248,43.7996],[143.9252,43.8],[143.9257,43.8005],[143.9262,43.8011],[143.927,43.8019],[143.9277,43.8026],[143.9285,43.8035],[143.9296,43.8045],[143.9306,43.8056],[143.9315,43.8065],[143.9323,43.8074],[143.9336,43.8084],[143.9159,43.8153]]},"properties":{"name":"\u7530\u7aef\u7dda","loading_pct":10.4,"p_mw":-7.1}},{"type":"Feature","geometry":{"type":"LineString","coordinates":[[143.8582,43.7841],[143.8715,43.7784],[143.8711,43.7763],[143.8707,43.7742],[143.8705,43.7722],[143.87,43.7702],[143.8696,43.7684],[143.8693,43.7664],[143.8689,43.7645],[143.8684,43.7617],[143.868,43.7596],[143.8679,43.7587],[143.8681,43.7577],[143.8683,43.7566],[143.8685,43.7556],[143.8687,43.7549],[143.8688,43.7542],[143.8695,43.7535],[143.8703,43.7525],[143.8711,43.7515],[143.8719,43.7505],[143.8727,43.7495],[143.8737,43.7484],[143.8744,43.7475],[143.8751,43.7467],[143.8756,43.7461],[143.8763,43.7453],[143.8771,43.7442],[143.8778,43.7435],[143.8787,43.7426],[143.8799,43.741],[143.8808,43.7399],[143.8814,43.7393],[143.8822,43.7386],[143.883,43.7379],[143.8839,43.7373],[143.8863,43.7353],[143.8877,43.734],[143.8892,43.7327],[143.8906,43.7316],[143.8919,43.7307],[143.8927,43.7302],[143.8935,43.7296],[143.8944,43.7291],[143.8952,43.7285],[143.8961,43.7278],[143.897,43.7273],[143.8978,43.7267],[143.8988,43.726],[143.9,43.7253],[143.9009,43.7246],[143.9019,43.724],[143.9037,43.723],[143.9049,43.7224],[143.906,43.7219],[143.9067,43.7216],[143.9072,43.7214],[143.9089,43.7206],[143.9095,43.7203],[143.9104,43.7199],[143.911,43.7197],[143.9117,43.7193],[143.9126,43.7189],[143.9139,43.7183],[143.9152,43.7178],[143.9165,43.7172],[143.9176,43.7167],[143.9189,43.7161],[143.9199,43.7151],[143.9205,43.7143],[143.9211,43.7134],[143.9217,43.7127],[143.9223,43.7119],[143.9229,43.7112],[143.9234,43.7104],[143.924,43.7096],[143.9248,43.709],[143.926,43.7084],[143.9274,43.7078],[143.9307,43.7061],[143.9328,43.705],[143.9345,43.7042],[143.9354,43.7038],[143.9364,43.7034],[143.9373,43.7029],[143.9385,43.7026],[143.9398,43.7023],[143.9409,43.702],[143.942,43.7017],[143.9432,43.7014],[143.9444,43.7011],[143.9458,43.7006],[143.9471,43.7],[143.9481,43.6996],[143.9493,43.6992],[143.9499,43.699],[143.9515,43.6984],[143.9522,43.6981],[143.9535,43.6976],[143.9549,43.697],[143.9559,43.6965],[143.9569,43.696],[143.9579,43.6955],[143.9584,43.6952],[143.9593,43.6945],[143.9599,43.6941],[143.9608,43.6933],[143.9617,43.6928],[143.9626,43.6923],[143.9635,43.6918],[143.9644,43.6913],[143.9652,43.6909],[143.9671,43.6901],[143.9685,43.6896],[143.9695,43.6893],[143.9708,43.6889],[143.9718,43.6883],[143.9725,43.6878],[143.9734,43.6873],[143.974,43.6867],[143.9742,43.6864],[144.0279,43.7101]]},"properties":{"name":"\u91e7\u5317\u7dda","loading_pct":0.3,"p_mw":0.2}},{"type":"Feature","geometry":{"type":"LineString","coordinates":[[143.7587,43.8012],[143.7437,43.7653],[143.7444,43.7627],[143.7448,43.7612],[143.7453,43.7596],[143.7457,43.758],[143.7457,43.7561],[143.7455,43.7542],[143.7455,43.7522],[143.7454,43.7503],[143.7453,43.7484],[143.7451,43.7464],[143.745,43.7445],[143.7449,43.7426],[143.744,43.741],[143.7432,43.7395],[143.7424,43.7381],[143.7415,43.7365],[143.7416,43.7347],[143.7424,43.7336],[143.7428,43.7325],[143.743,43.7324]]},"properties":{"name":"\u76f8\u5185\u753a\u5909\u96fb\u6240~\u6771\u5e78\u753a\u5909\u96fb\u6240\u7dda","loading_pct":10.4,"p_mw":7.1}},{"type":"Feature","geometry":{"type":"LineString","coordinates":[[145.5777,43.321],[145.5772,43.3203],[145.5804,43.3182],[145.583,43.3191],[145.5868,43.3203],[145.5891,43.3211],[145.5918,43.3215],[145.5946,43.322],[145.5962,43.3231],[145.596,43.3245],[145.5957,43.3262],[145.5942,43.3277]]},"properties":{"name":"\u897f\u6d5c\u753a\u4e00\u4e01\u76ee\u5909\u96fb\u6240~\u5149\u6d0b\u753a\u4e00\u4e01\u76ee\u5909\u96fb\u6240\u7dda","loading_pct":1.5,"p_mw":1.0}},{"type":"Feature","geometry":{"type":"LineString","coordinates":[[144.0445,43.6937],[144.0459,43.6973],[144.0451,43.6978],[144.0443,43.6983],[144.0436,43.6988],[144.0428,43.6993],[144.042,43.6998],[144.0402,43.701],[144.0393,43.7016],[144.0386,43.702],[144.0379,43.7025],[144.0373,43.7029],[144.0366,43.7034],[144.0359,43.7038],[144.0353,43.7043],[144.0352,43.7053],[144.0353,43.7063],[144.0338,43.7069],[144.0329,43.7072],[144.0316,43.7082],[144.0313,43.7082],[144.031,43.7083],[144.0304,43.7087],[144.0298,43.7089],[144.029,43.7092],[144.0283,43.7096],[144.028,43.7099],[144.0279,43.7101]]},"properties":{"name":"\u6d25\u5225\u7dda","loading_pct":4.1,"p_mw":-0.9}},{"type":"Feature","geometry":{"type":"LineString","coordinates":[[145.2493,43.2332],[145.2427,43.2288],[145.2414,43.2284],[145.2402,43.228],[145.2389,43.2276],[145.2378,43.2273],[145.2359,43.2267],[145.2354,43.2265],[145.234,43.2261],[145.2329,43.2258],[145.2319,43.2254],[145.23,43.2249],[145.2278,43.2242],[145.2265,43.2238],[145.2251,43.2234],[145.224,43.223],[145.223,43.2227],[145.2214,43.2222],[145.2203,43.2219],[145.2192,43.2215],[145.2178,43.2211],[145.2168,43.2208],[145.2156,43.2204],[145.2145,43.2201],[145.2137,43.2198],[145.2132,43.2197],[145.2118,43.22],[145.2099,43.2204],[145.2087,43.2207],[145.2075,43.221],[145.2052,43.2215],[145.2041,43.2218],[145.2028,43.2221],[145.2015,43.2224],[145.2002,43.2227],[145.1989,43.223],[145.1976,43.2233],[145.1962,43.2236],[145.1948,43.224],[145.1933,43.2243],[145.1924,43.2245],[145.1913,43.2248],[145.1901,43.225],[145.189,43.2253],[145.1879,43.2256],[145.1868,43.2258],[145.1856,43.2261],[145.1788,43.2277],[145.1787,43.2277],[145.1506,43.2192],[145.1226,43.2111],[145.1215,43.2107],[145.1201,43.2103],[145.1191,43.21],[145.1183,43.2098],[145.1175,43.2096],[145.1161,43.2092],[145.1154,43.2086],[145.1144,43.2077],[145.1136,43.2069],[145.1128,43.2062],[145.1121,43.2056],[145.1113,43.2049],[145.1105,43.2042],[145.1097,43.2034],[145.1089,43.2028],[145.1082,43.2021],[145.1074,43.2014],[145.1068,43.2008],[145.1061,43.2002],[145.1054,43.1995],[145.1046,43.1988],[145.1038,43.1981],[145.1031,43.1974],[145.1022,43.1967],[145.1015,43.196],[145.1006,43.1952],[145.0999,43.1946],[145.0992,43.194],[145.098,43.1929],[145.0838,43.18],[145.0619,43.1603],[145.0596,43.1581],[145.0447,43.1487],[145.0985,43.1575]]},"properties":{"name":"\u6839\u5ba42\u53f7\u7dda","loading_pct":6.6,"p_mw":4.5}},{"type":"Feature","geometry":{"type":"LineString","coordinates":[[145.0985,43.1575],[145.0447,43.1487],[145.0596,43.1581],[145.0619,43.1603],[145.0838,43.18],[145.098,43.1929],[145.0992,43.194],[145.0999,43.1946],[145.1006,43.1952],[145.1015,43.196],[145.1022,43.1967],[145.1031,43.1974],[145.1038,43.1981],[145.1046,43.1988],[145.1054,43.1995],[145.1061,43.2002],[145.1068,43.2008],[145.1074,43.2014],[145.1082,43.2021],[145.1089,43.2028],[145.1097,43.2034],[145.1105,43.2042],[145.1113,43.2049],[145.1121,43.2056],[145.1128,43.2062],[145.1136,43.2069],[145.1144,43.2077],[145.1154,43.2086],[145.1161,43.2092],[145.1175,43.2096],[145.1183,43.2098],[145.1191,43.21],[145.1201,43.2103],[145.1215,43.2107],[145.1226,43.2111],[145.1506,43.2192],[145.1787,43.2277],[145.1788,43.2277],[145.1856,43.2261],[145.1868,43.2258],[145.1879,43.2256],[145.189,43.2253],[145.1901,43.225],[145.1913,43.2248],[145.1924,43.2245],[145.1933,43.2243],[145.1948,43.224],[145.1962,43.2236],[145.1976,43.2233],[145.1989,43.223],[145.2002,43.2227],[145.2015,43.2224],[145.2028,43.2221],[145.2041,43.2218],[145.2052,43.2215],[145.2075,43.221],[145.2087,43.2207],[145.2099,43.2204],[145.2118,43.22],[145.2132,43.2197],[145.2137,43.2198],[145.2145,43.2201],[145.2156,43.2204],[145.2168,43.2208],[145.2178,43.2211],[145.2192,43.2215],[145.2203,43.2219],[145.2214,43.2222],[145.223,43.2227],[145.224,43.223],[145.2251,43.2234],[145.2265,43.2238],[145.2278,43.2242],[145.23,43.2249],[145.2319,43.2254],[145.2329,43.2258],[145.234,43.2261],[145.2354,43.2265],[145.2359,43.2267],[145.2378,43.2273],[145.2389,43.2276],[145.2402,43.228],[145.2414,43.2284],[145.2427,43.2288],[145.2493,43.2332]]},"properties":{"name":"\u6839\u5ba41\u53f7\u7dda","loading_pct":8.6,"p_mw":-5.9}},{"type":"Feature","geometry":{"type":"LineString","coordinates":[[145.2493,43.2332],[145.2491,43.234],[145.249,43.2343],[145.2488,43.2349],[145.2485,43.2357],[145.2483,43.2364],[145.2481,43.237],[145.2479,43.2377],[145.2477,43.2384],[145.2475,43.2391],[145.2471,43.2403],[145.2469,43.2411],[145.2466,43.2421],[145.2464,43.2428],[145.2461,43.2437],[145.2459,43.2445],[145.2456,43.2453],[145.2454,43.246],[145.2443,43.2474],[145.2435,43.2488],[145.2427,43.2501],[145.2439,43.2509],[145.2437,43.2515],[145.2431,43.2529],[145.2428,43.2536],[145.2424,43.2543],[145.2421,43.255],[145.2418,43.2558],[145.2414,43.2565],[145.2411,43.2573],[145.2408,43.258],[145.2403,43.2589],[145.2397,43.2603],[145.2394,43.261],[145.239,43.2618],[145.2387,43.2626],[145.2383,43.2633],[145.238,43.2641],[145.2376,43.265],[145.2369,43.2657],[145.2362,43.2664],[145.2356,43.2671],[145.2349,43.2678],[145.2342,43.2685],[145.2335,43.2692],[145.2329,43.2699],[145.2322,43.2706],[145.2315,43.2712],[145.2309,43.2719],[145.2302,43.2726],[145.2295,43.2733],[145.2288,43.274],[145.2275,43.2754],[145.2268,43.2761],[145.2258,43.2773],[145.2249,43.2784],[145.2246,43.2792],[145.224,43.2799],[145.2235,43.2806],[145.223,43.2813],[145.2225,43.282],[145.222,43.2827],[145.2209,43.2842],[145.2204,43.2849],[145.2199,43.2857],[145.2194,43.2864],[145.2189,43.2871],[145.2184,43.2878],[145.2179,43.2885],[145.2173,43.2892],[145.2168,43.29],[145.2163,43.2907],[145.2159,43.2913],[145.2153,43.292],[145.2148,43.2928],[145.2142,43.2936],[145.2136,43.2944],[145.2131,43.2952],[145.2126,43.2959],[145.212,43.2967],[145.211,43.2981],[145.2105,43.2988],[145.21,43.2996],[145.209,43.301],[145.2085,43.3018],[145.208,43.3025],[145.2075,43.3032],[145.207,43.3039],[145.2065,43.3045],[145.206,43.3053],[145.2056,43.306],[145.2048,43.3069],[145.2045,43.3078],[145.2042,43.3089],[145.2038,43.3098],[145.2032,43.3113],[145.2029,43.312],[145.2025,43.3127],[145.2022,43.3134],[145.2019,43.3141],[145.2017,43.3146],[145.2013,43.3154],[145.2009,43.3162],[145.2006,43.317],[145.2003,43.3177],[145.1999,43.3185],[145.1996,43.3192],[145.1993,43.3199],[145.1989,43.3207],[145.1986,43.3214],[145.1983,43.3221],[145.198,43.3228],[145.1976,43.3235],[145.1973,43.3243],[145.1969,43.325],[145.1966,43.3257],[145.1963,43.3263],[145.196,43.3271],[145.1956,43.3279],[145.1954,43.3285],[145.195,43.3293],[145.1946,43.3301],[145.1942,43.331],[145.1938,43.332],[145.1933,43.3329],[145.1929,43.3333],[145.1924,43.3338],[145.1917,43.3344],[145.1908,43.3352],[145.1902,43.3358],[145.1895,43.3364],[145.1888,43.337],[145.1878,43.3378],[145.187,43.3386],[145.1864,43.3391],[145.1854,43.34],[145.1845,43.3408],[145.1836,43.3416],[145.1827,43.3424],[145.1715,43.3473],[145.1634,43.348],[145.1548,43.3586],[145.1448,43.3654],[145.1398,43.3751],[145.1394,43.3759],[145.1388,43.3765],[145.1383,43.3771],[145.1378,43.3776],[145.1372,43.3783],[145.1375,43.3791],[145.1378,43.3805],[145.1381,43.382],[145.1375,43.3827],[145.1364,43.3838],[145.1364,43.3845],[145.1364,43.3859],[145.131,43.3854]]},"properties":{"name":"\u539a\u5e8a\u5909\u96fb\u6240~\u5225\u6d77\u5bff\u753a\u5909\u96fb\u6240\u7dda","loading_pct":7.2,"p_mw":5.0}},{"type":"Feature","geometry":{"type":"LineString","coordinates":[[145.131,43.3854],[145.1376,43.3871],[145.1387,43.3875],[145.1398,43.3879],[145.1378,43.3909],[145.1356,43.3941],[145.1351,43.3949],[145.1341,43.3963],[145.1341,43.3974],[145.1336,43.3981],[145.1331,43.3989],[145.1326,43.3996],[145.132,43.4003],[145.1315,43.401],[145.131,43.4017],[145.1305,43.4025],[145.13,43.4031],[145.1296,43.4038],[145.1292,43.4047],[145.1283,43.406],[145.1274,43.4073],[145.1265,43.4086],[145.1255,43.4099],[145.1247,43.4112],[145.1233,43.4123],[145.1223,43.413],[145.1217,43.4136],[145.1211,43.4142],[145.1204,43.4148],[145.1196,43.4155],[145.1189,43.4161],[145.1182,43.4168],[145.1174,43.4175],[145.1167,43.4181],[145.116,43.4188],[145.1153,43.4194],[145.1146,43.4201],[145.1137,43.4209],[145.1127,43.4218],[145.1116,43.4228],[145.1108,43.4235],[145.11,43.4243],[145.1092,43.425],[145.1082,43.4259],[145.1072,43.4268],[145.1062,43.4277],[145.1053,43.4286],[145.1043,43.4295],[145.1035,43.4302],[145.1022,43.4314],[145.1015,43.432],[145.1013,43.4324],[145.1009,43.4332],[145.1003,43.4338],[145.0992,43.434],[145.098,43.4343],[145.097,43.4347],[145.096,43.4351],[145.095,43.4355],[145.094,43.4359],[145.093,43.4363],[145.0915,43.4369],[145.0901,43.4375],[145.0891,43.4379],[145.0881,43.4383],[145.0876,43.4387],[145.0874,43.4391],[145.0861,43.4391],[145.0849,43.4396],[145.0836,43.4401],[145.0827,43.4404],[145.0818,43.4408],[145.0809,43.4411],[145.08,43.4415],[145.0791,43.4419],[145.0782,43.4422],[145.0773,43.4426],[145.0766,43.4429],[145.0759,43.4439],[145.0754,43.4446],[145.075,43.4453],[145.0746,43.4459],[145.0741,43.4467],[145.0736,43.4475],[145.0731,43.4482],[145.0727,43.449],[145.0721,43.4497],[145.0716,43.4505],[145.0712,43.4512],[145.0704,43.4522],[145.0698,43.4529],[145.0693,43.4536],[145.0687,43.4544],[145.0682,43.4551],[145.0675,43.4559],[145.0669,43.4567],[145.0664,43.4574],[145.0658,43.4582],[145.0653,43.4588],[145.0647,43.4596],[145.0642,43.4603],[145.0636,43.4611],[145.0636,43.4624],[145.063,43.4635],[145.0622,43.4644],[145.0616,43.4653],[145.061,43.466],[145.0599,43.466],[145.0593,43.4667],[145.0588,43.4673],[145.0583,43.468],[145.0578,43.4686],[145.0573,43.4693],[145.0567,43.47],[145.0562,43.4707],[145.0556,43.4714],[145.0548,43.4724],[145.0539,43.4732],[145.0529,43.4739],[145.0522,43.4744],[145.0514,43.475],[145.0507,43.4756],[145.0499,43.4762],[145.0493,43.4766],[145.0485,43.4772],[145.0478,43.4777],[145.0471,43.4783],[145.0464,43.4788],[145.0451,43.4798],[145.0443,43.4804],[145.0436,43.481],[145.0428,43.4815],[145.042,43.4821],[145.0413,43.4826],[145.0405,43.4832],[145.0397,43.4838],[145.0389,43.4844],[145.0385,43.4851],[145.0379,43.4858],[145.0374,43.4866],[145.0365,43.4877],[145.0358,43.4886],[145.0353,43.4894],[145.0348,43.49],[145.0343,43.4907],[145.0338,43.4913],[145.033,43.4923],[145.0321,43.4935],[145.0313,43.4946],[145.0309,43.4952],[145.0304,43.4959],[145.0299,43.4965],[145.0294,43.4971],[145.0286,43.4982],[145.0278,43.4993],[145.0272,43.5],[145.0267,43.5008],[145.0261,43.5016],[145.0256,43.5023],[145.025,43.5031],[145.0245,43.5037],[145.024,43.5045],[145.0231,43.5056],[145.0225,43.5063],[145.022,43.507],[145.0212,43.5073],[145.0202,43.5076],[145.0189,43.508],[145.0178,43.5083],[145.0167,43.5087],[145.0159,43.509],[145.0149,43.5093],[145.0139,43.5096],[145.013,43.5099],[145.0121,43.5102],[145.0112,43.5105],[145.0101,43.5108],[145.0082,43.5114],[145.0071,43.5118],[145.0061,43.5121],[145.0051,43.5124],[145.004,43.5128],[145.0029,43.5131],[145.0019,43.5135],[145.0009,43.5138],[144.9999,43.5141],[144.9991,43.5145],[144.9982,43.515],[144.9973,43.5154],[144.9956,43.5163],[144.9946,43.5168],[144.9937,43.5172],[144.9925,43.5179],[144.9914,43.5184],[144.9902,43.519],[144.9894,43.5194],[144.9885,43.5199],[144.9872,43.5206],[144.9864,43.521],[144.9856,43.5214],[144.9847,43.5218],[144.9834,43.5225],[144.9826,43.5229],[144.982,43.5237],[144.9815,43.5244],[144.981,43.5252],[144.9577,43.5433]]},"properties":{"name":"\u5225\u6d77\u5bff\u753a\u5909\u96fb\u6240~\u897f\u5341\u56db\u6761\u5317\u516b\u4e01\u76ee\u5909\u96fb\u6240\u7dda","loading_pct":0.2,"p_mw":-0.1}},{"type":"Feature","geometry":{"type":"LineString","coordinates":[[144.9577,43.5433],[144.9569,43.5436],[144.955,43.5452],[144.953,43.5467],[144.9513,43.5481],[144.9495,43.5496],[144.9501,43.5518],[144.9507,43.5537],[144.9513,43.5558],[144.9516,43.557],[144.9537,43.5568],[144.9547,43.5567],[144.9556,43.5573],[144.9564,43.5578],[144.9572,43.5583],[144.9579,43.5589],[144.959,43.5591],[144.9607,43.5595],[144.9618,43.5596],[144.9623,43.5596],[144.9629,43.5597],[144.9636,43.5597],[144.9654,43.5599],[144.9663,43.56],[144.9672,43.56],[144.9681,43.5606],[144.9689,43.5612],[144.9697,43.5616],[144.9704,43.5622],[144.9711,43.5626],[144.9724,43.5634],[144.9736,43.5643],[144.9743,43.5647],[144.9751,43.5652],[144.9752,43.566],[144.9753,43.5669],[144.9754,43.5678],[144.9755,43.5686],[144.9756,43.5693],[144.9757,43.57],[144.9763,43.5709],[144.9786,43.5724],[144.981,43.574],[144.9836,43.5757],[144.9818,43.5772],[144.98,43.5787],[144.9776,43.5806],[144.9773,43.5813],[144.9774,43.5823],[144.9776,43.5833],[144.9777,43.5841],[144.9779,43.585],[144.978,43.5859],[144.9781,43.5869],[144.9782,43.5878],[144.9783,43.5887],[144.9784,43.5895],[144.9786,43.5904],[144.9787,43.5913],[144.9789,43.5922],[144.979,43.593],[144.9791,43.5938],[144.9792,43.5947],[144.9793,43.5955],[144.9794,43.5963],[144.9795,43.5972],[144.9796,43.598],[144.9798,43.599],[144.9799,43.6],[144.9798,43.6009],[144.9802,43.6019],[144.9803,43.6028],[144.9804,43.6036],[144.9806,43.6045],[144.9807,43.6054],[144.9808,43.6062],[144.9809,43.6074],[144.9811,43.6082],[144.9812,43.609],[144.9813,43.6099],[144.9815,43.6107],[144.9816,43.6114],[144.9816,43.6121],[144.9817,43.6129],[144.9819,43.6136],[144.9819,43.6143],[144.982,43.6149],[144.9822,43.6159],[144.9823,43.6167],[144.9824,43.6174],[144.9825,43.6182],[144.9826,43.619],[144.9827,43.6198],[144.9829,43.6207],[144.983,43.6216],[144.9831,43.6225],[144.9836,43.6232],[144.984,43.6239],[144.9844,43.6245],[144.9848,43.6251],[144.9854,43.6259],[144.9859,43.6267],[144.9863,43.6274],[144.9868,43.6282],[144.9873,43.6289],[144.9878,43.6296],[144.9883,43.6304],[144.9888,43.6311],[144.9893,43.6318],[144.9898,43.6325],[144.9903,43.6333],[144.9907,43.634],[144.9912,43.6348],[144.9917,43.6355],[144.9922,43.6362],[144.9926,43.6369],[144.9932,43.6377],[144.994,43.6388],[144.9936,43.6399],[144.9933,43.6409],[144.9938,43.6418],[144.9943,43.6425],[144.9948,43.6433],[144.9953,43.644],[144.9957,43.6448],[144.9962,43.6455],[144.9967,43.6463],[144.9973,43.6471],[144.9978,43.6479],[144.9984,43.6488],[144.9989,43.6496],[144.9993,43.6502],[144.9998,43.651],[145.0004,43.6518],[145.0009,43.6526],[145.0014,43.6534],[145.002,43.6542],[145.0025,43.655],[145.003,43.6558],[145.0035,43.6566],[145.0041,43.6574],[145.0046,43.6582],[145.0051,43.6589],[145.0057,43.6597],[145.0062,43.6605],[145.0067,43.6614],[145.0073,43.6622],[145.0078,43.663],[145.0083,43.6638],[145.0088,43.6646],[145.0094,43.6654],[145.0099,43.6661],[145.0104,43.667],[145.011,43.6678],[145.0115,43.6686],[145.0121,43.6694],[145.0126,43.6702],[145.0131,43.671],[145.0136,43.6718],[145.0142,43.6726],[145.0147,43.6734],[145.0153,43.6742],[145.0158,43.6751],[145.0164,43.6759],[145.017,43.6768],[145.0176,43.6777],[145.0182,43.6786],[145.0188,43.6794],[145.0193,43.6802],[145.0198,43.681],[145.0204,43.6818],[145.0209,43.6827],[145.0214,43.6835],[145.0221,43.6845],[145.0228,43.6855],[145.0233,43.6863],[145.0238,43.6871],[145.0243,43.6878],[145.0249,43.6886],[145.0254,43.6894],[145.0259,43.6902],[145.0264,43.6909],[145.0269,43.6917],[145.0275,43.6925],[145.0282,43.6933],[145.0289,43.6941],[145.0297,43.6951],[145.0296,43.6958],[145.0302,43.6966],[145.0308,43.6976],[145.0314,43.6984],[145.0319,43.6992],[145.0325,43.7],[145.0331,43.7008],[145.0336,43.7017],[145.0341,43.7025],[145.0347,43.7033],[145.0352,43.7041],[145.0357,43.7049],[145.0363,43.7058],[145.0369,43.7066],[145.0368,43.7075],[145.0368,43.7084],[145.0367,43.7093],[145.0367,43.7102],[145.0366,43.711],[145.0366,43.7118]]},"properties":{"name":"\u897f\u5341\u56db\u6761\u5317\u516b\u4e01\u76ee\u5909\u96fb\u6240~\u4f0a\u8336\u4ec1\u5909\u96fb\u6240\u7dda","loading_pct":13.3,"p_mw":9.1}},{"type":"Feature","geometry":{"type":"LineString","coordinates":[[143.7587,43.8012],[143.7456,43.7685],[143.7484,43.7693],[143.7518,43.7701],[143.7546,43.7707],[143.7571,43.7713],[143.7602,43.772],[143.763,43.7726],[143.7659,43.7729],[143.7694,43.7732],[143.773,43.7734],[143.7761,43.7736],[143.7793,43.7738],[143.7826,43.774],[143.7864,43.7742],[143.7902,43.7744],[143.7933,43.7746],[143.7962,43.7749],[143.7992,43.775],[143.8029,43.7752],[143.806,43.7755],[143.8094,43.7757],[143.8127,43.7759],[143.8159,43.7761],[143.8189,43.7763],[143.8222,43.7765],[143.8252,43.7767],[143.8289,43.7769],[143.8323,43.7772],[143.8348,43.7773],[143.8375,43.7775],[143.8409,43.7777],[143.8434,43.7779],[143.8464,43.7782],[143.8492,43.7788],[143.8522,43.7796],[143.8546,43.7801],[143.8568,43.7805],[143.8567,43.7825],[143.8582,43.7841]]},"properties":{"name":"\u76f8\u5185\u753a\u5909\u96fb\u6240~\u5317\u5149\u5909\u96fb\u6240\u7dda","loading_pct":7.4,"p_mw":5.1}},{"type":"Feature","geometry":{"type":"LineString","coordinates":[[144.9577,43.5433],[144.9809,43.5264],[144.9817,43.5269],[144.9825,43.5274],[144.9833,43.5279],[144.9842,43.5285],[144.985,43.5291],[144.9853,43.5295],[144.9866,43.5303],[144.9874,43.5307],[144.9883,43.5312],[144.9891,43.5317],[144.9899,43.5323],[144.9906,43.5327],[144.9914,43.5333],[144.9922,43.5339],[144.9938,43.535],[144.9945,43.5355],[144.9955,43.536],[144.9964,43.5357],[144.9973,43.5355],[144.9987,43.5351],[144.9995,43.5354],[145.0003,43.5358],[145.0011,43.5363],[145.0024,43.536],[145.0032,43.5367],[145.0038,43.5374],[145.0043,43.538],[145.0048,43.5387],[145.0053,43.5392],[145.0059,43.5399],[145.0065,43.5406],[145.0069,43.5412],[145.0069,43.542],[145.0064,43.5424],[145.0058,43.5429],[145.0067,43.5435],[145.0075,43.5441],[145.0092,43.5452],[145.0109,43.5463],[145.0126,43.5475],[145.0143,43.5485],[145.016,43.5497],[145.0177,43.5508],[145.0193,43.5514],[145.021,43.5526],[145.0228,43.5537],[145.0245,43.5549],[145.0262,43.556],[145.0279,43.5571],[145.0295,43.5585],[145.0308,43.5588],[145.032,43.5596],[145.0332,43.5604],[145.0343,43.5617],[145.0361,43.5628],[145.0378,43.564],[145.0391,43.5649],[145.0405,43.5658],[145.0423,43.5669],[145.044,43.568],[145.0456,43.5691],[145.047,43.57],[145.0484,43.5708],[145.0498,43.5717],[145.0509,43.5725],[145.0522,43.5733],[145.0535,43.5742],[145.0547,43.575],[145.0558,43.5758],[145.0573,43.5767],[145.059,43.5778],[145.0606,43.5789],[145.0621,43.5799],[145.0636,43.5809],[145.0654,43.5821],[145.0669,43.583],[145.0685,43.584],[145.07,43.5851],[145.0719,43.5858],[145.0734,43.5868],[145.0752,43.5881],[145.0768,43.589],[145.0784,43.59],[145.0799,43.5911],[145.0815,43.5921],[145.083,43.5932],[145.0845,43.5942],[145.0864,43.5954],[145.0882,43.5966],[145.0898,43.5976],[145.0914,43.5986],[145.0929,43.5996],[145.0945,43.6005],[145.096,43.6019],[145.0969,43.6026],[145.0979,43.6032],[145.0988,43.6037],[145.0997,43.6043],[145.1005,43.6049],[145.1016,43.6056],[145.1035,43.6068],[145.1043,43.6074],[145.1051,43.6079],[145.1059,43.6084],[145.1071,43.6093],[145.1084,43.6101],[145.1091,43.6117],[145.1096,43.6131],[145.1101,43.6143],[145.1098,43.615],[145.1098,43.6156],[145.1101,43.6168],[145.1104,43.6175],[145.1107,43.6182],[145.1113,43.619],[145.112,43.6198],[145.1119,43.6206],[145.1118,43.6214],[145.1118,43.6222],[145.1117,43.623],[145.1116,43.6239],[145.1116,43.6247],[145.1115,43.6256],[145.1123,43.6261],[145.1132,43.6267],[145.114,43.6272],[145.1149,43.6278],[145.1156,43.6283],[145.1165,43.6288],[145.1173,43.6293],[145.1182,43.6299],[145.1191,43.6306],[145.1199,43.6311],[145.1216,43.6322],[145.1232,43.6333],[145.1248,43.6343],[145.1248,43.636],[145.1248,43.6369],[145.1247,43.6378],[145.1247,43.6386],[145.1247,43.6395],[145.1246,43.6403],[145.1246,43.6411],[145.1246,43.642],[145.1246,43.6429],[145.1245,43.6438],[145.1229,43.6451],[145.1213,43.6465],[145.1196,43.6478],[145.118,43.6491],[145.1185,43.6505],[145.1189,43.6519],[145.121,43.6535],[145.127,43.6606]]},"properties":{"name":"\u897f\u5341\u56db\u6761\u5317\u516b\u4e01\u76ee\u5909\u96fb\u6240~\u5317\u4e8c\u6761\u897f\u4e09\u4e01\u76ee\u5909\u96fb\u6240\u7dda","loading_pct":11.9,"p_mw":8.2}},{"type":"Feature","geometry":{"type":"LineString","coordinates":[[145.0366,43.7118],[145.0371,43.7117],[145.0379,43.7116],[145.0391,43.7114],[145.0403,43.7111],[145.0414,43.7109],[145.0425,43.7106],[145.0436,43.7104],[145.0447,43.7102],[145.0458,43.7099],[145.0468,43.7097],[145.0479,43.7094],[145.0489,43.7092],[145.05,43.7089],[145.051,43.7087],[145.0521,43.7084],[145.0532,43.7082],[145.0542,43.7079],[145.0552,43.7077],[145.0562,43.7075],[145.0571,43.7072],[145.0581,43.707],[145.0592,43.7067],[145.0602,43.7065],[145.0613,43.7062],[145.0623,43.706],[145.0634,43.7057],[145.0645,43.7055],[145.0655,43.7052],[145.0666,43.705],[145.0677,43.7047],[145.0687,43.7045],[145.0698,43.7042],[145.0708,43.704],[145.0719,43.7037],[145.073,43.7034],[145.074,43.7032],[145.0751,43.703],[145.0762,43.7027],[145.0772,43.7024],[145.0782,43.7022],[145.0793,43.7019],[145.0804,43.7017],[145.0814,43.7014],[145.0825,43.7011],[145.0835,43.7009],[145.0846,43.7006],[145.0856,43.7004],[145.0867,43.7001],[145.0878,43.6999],[145.0888,43.6996],[145.0899,43.6993],[145.091,43.699],[145.0921,43.6987],[145.0931,43.6985],[145.0944,43.6981],[145.0952,43.6979],[145.0962,43.6977],[145.0972,43.6974],[145.0982,43.6971],[145.0993,43.6969],[145.1003,43.6967],[145.1014,43.6964],[145.1024,43.6961],[145.1035,43.6959],[145.1046,43.6956],[145.1056,43.6953],[145.1067,43.6951],[145.1077,43.6948],[145.1084,43.6941],[145.109,43.6933],[145.1095,43.6924],[145.1102,43.6915],[145.1108,43.6908],[145.1113,43.6901],[145.1118,43.6894],[145.1124,43.6887],[145.1126,43.6884],[145.1129,43.688],[145.1134,43.6873],[145.1142,43.6871],[145.1146,43.687],[145.1156,43.6866],[145.1162,43.6859],[145.1168,43.6852],[145.1172,43.6845],[145.1176,43.6838],[145.118,43.6831],[145.1183,43.6824],[145.1187,43.6817],[145.1191,43.6809],[145.1195,43.6802],[145.1199,43.6794],[145.1193,43.6788],[145.1187,43.6781],[145.1182,43.6774],[145.1175,43.6767],[145.1169,43.676],[145.1163,43.6753],[145.1169,43.6747],[145.1176,43.6741],[145.1181,43.6736],[145.1187,43.673],[145.1195,43.6723],[145.1201,43.6717],[145.1206,43.6713],[145.121,43.6709],[145.1207,43.6703],[145.1208,43.6697],[145.124,43.6674],[145.1242,43.6665],[145.1246,43.6656],[145.1249,43.6648],[145.1251,43.664],[145.1254,43.6632],[145.1257,43.6624],[145.126,43.6617],[145.1259,43.6614],[145.126,43.6607],[145.1263,43.6607],[145.127,43.6606]]},"properties":{"name":"\u4f0a\u8336\u4ec1\u5909\u96fb\u6240~\u5317\u4e8c\u6761\u897f\u4e09\u4e01\u76ee\u5909\u96fb\u6240\u7dda","loading_pct":4.5,"p_mw":-3.1}},{"type":"Feature","geometry":{"type":"LineString","coordinates":[[145.5342,43.2377],[145.5341,43.2374],[145.534,43.2366],[145.5339,43.2359],[145.5337,43.2351],[145.5332,43.2345],[145.5326,43.2338],[145.532,43.2332],[145.5314,43.2326],[145.5308,43.2319],[145.5301,43.2312],[145.5292,43.2308],[145.5285,43.2305],[145.5276,43.2301],[145.527,43.2298],[145.5262,43.2295],[145.5255,43.2292],[145.5244,43.2287],[145.5236,43.2284],[145.5228,43.228],[145.5219,43.2276],[145.5206,43.227],[145.5193,43.2264],[145.5185,43.2261],[145.5175,43.226],[145.5164,43.226],[145.5154,43.2259],[145.5144,43.2259],[145.5132,43.2259],[145.5113,43.2259],[145.5062,43.2257],[145.5042,43.2255],[145.5035,43.2254],[145.5029,43.2254],[145.5018,43.2254],[145.5007,43.2253],[145.4997,43.2253],[145.4986,43.2253],[145.4967,43.2252],[145.4956,43.2251],[145.4945,43.2251],[145.4934,43.225],[145.4924,43.225],[145.4914,43.2249],[145.4905,43.2249],[145.4889,43.2248],[145.4879,43.2248],[145.4868,43.2248],[145.4853,43.2247],[145.4839,43.2247],[145.4822,43.2246],[145.4811,43.2245],[145.4788,43.2245],[145.4777,43.2244],[145.4767,43.2244],[145.4756,43.2243],[145.4744,43.2243],[145.4735,43.2242],[145.4725,43.2242],[145.4715,43.2241],[145.4702,43.2241],[145.4691,43.224],[145.468,43.224],[145.4669,43.2239],[145.4648,43.2238],[145.4637,43.2238],[145.4626,43.2237],[145.4616,43.2237],[145.4606,43.2236],[145.4595,43.2236],[145.4585,43.2236],[145.4575,43.2235],[145.4566,43.2235],[145.4557,43.2235],[145.4543,43.2234],[145.4528,43.2233],[145.4517,43.2233],[145.4505,43.2233],[145.4495,43.2232],[145.4485,43.2232],[145.4475,43.2231],[145.4464,43.2231],[145.4454,43.223],[145.4444,43.223],[145.4433,43.223],[145.4421,43.2229],[145.4401,43.2228],[145.4388,43.2228],[145.4377,43.2227],[145.4369,43.2227],[145.4358,43.2226],[145.4347,43.2224],[145.4336,43.2223],[145.4325,43.2222],[145.4315,43.2221],[145.4304,43.222],[145.4283,43.2217],[145.4272,43.2216],[145.4261,43.2214],[145.4249,43.2213],[145.4238,43.2212],[145.4228,43.2211],[145.4216,43.221],[145.4206,43.2208],[145.4195,43.2207],[145.4185,43.2206],[145.4174,43.2204],[145.4163,43.2203],[145.4151,43.2202],[145.414,43.22],[145.413,43.2199],[145.412,43.2198],[145.4109,43.2197],[145.4098,43.2196],[145.4087,43.2194],[145.4076,43.2193],[145.4065,43.2192],[145.4054,43.2191],[145.4043,43.2189],[145.4028,43.2187],[145.3948,43.2178],[145.3643,43.2143],[145.2493,43.2332]]},"properties":{"name":"\u6d5c\u677e\u5909\u96fb\u6240~\u539a\u5e8a\u5909\u96fb\u6240\u7dda","loading_pct":6.2,"p_mw":4.2}},{"type":"Feature","geometry":{"type":"LineString","coordinates":[[145.0811,43.8819],[145.0809,43.8815],[145.0806,43.8809],[145.0804,43.88],[145.0803,43.8794],[145.0798,43.8771],[145.0797,43.8767],[145.0796,43.876],[145.0796,43.8751],[145.0796,43.8742],[145.0797,43.8732],[145.0797,43.8725],[145.0797,43.8715],[145.0798,43.8706],[145.0798,43.87],[145.0798,43.8693],[145.0798,43.8686],[145.0798,43.8678],[145.0799,43.867],[145.0799,43.8662],[145.0799,43.8645],[145.08,43.863],[145.0796,43.8625],[145.0779,43.8606],[145.0761,43.8587],[145.0759,43.8578],[145.0753,43.857],[145.0748,43.8562],[145.0743,43.8555],[145.0737,43.8546],[145.0732,43.854],[145.0726,43.8531],[145.0721,43.8523],[145.0715,43.8515],[145.071,43.8507],[145.0704,43.8499],[145.0699,43.8491],[145.0695,43.8484],[145.0689,43.8475],[145.0685,43.8468],[145.0681,43.8461],[145.0675,43.8453],[145.0671,43.8445],[145.0666,43.8437],[145.0661,43.8429],[145.0656,43.8421],[145.0652,43.8413],[145.0647,43.8406],[145.0641,43.8397],[145.0636,43.8389],[145.0631,43.838],[145.0626,43.8372],[145.0621,43.8364],[145.0616,43.8356],[145.0611,43.8348],[145.0605,43.834],[145.06,43.8332],[145.0595,43.8324],[145.0591,43.8316],[145.0585,43.8307],[145.058,43.8298],[145.0574,43.829],[145.0569,43.8282],[145.0564,43.8274],[145.0559,43.8265],[145.0554,43.8257],[145.0549,43.825],[145.0549,43.8241],[145.0543,43.8209],[145.0538,43.8203],[145.0535,43.8197],[145.0532,43.8188],[145.0528,43.8179],[145.0525,43.8172],[145.0521,43.8163],[145.0517,43.8154],[145.0513,43.8146],[145.0509,43.8138],[145.0506,43.8129],[145.0502,43.8121],[145.0498,43.8111],[145.0495,43.8104],[145.0491,43.8096],[145.0487,43.8087],[145.0483,43.8079],[145.048,43.807],[145.0475,43.8061],[145.0472,43.8052],[145.0468,43.8044],[145.0464,43.8035],[145.046,43.8027],[145.0457,43.8018],[145.0453,43.801],[145.0449,43.8001],[145.0445,43.7993],[145.0442,43.7984],[145.0438,43.7977],[145.0433,43.797],[145.0422,43.7945],[145.041,43.7919],[145.0408,43.7909],[145.0403,43.79],[145.0399,43.7893],[145.0395,43.7885],[145.0392,43.7877],[145.0384,43.7861],[145.038,43.7853],[145.0376,43.7846],[145.0372,43.7837],[145.0367,43.7828],[145.0363,43.7819],[145.0359,43.7812],[145.0355,43.7803],[145.035,43.7796],[145.0346,43.779],[145.0342,43.7784],[145.0337,43.7776],[145.0332,43.7769],[145.0327,43.7761],[145.0322,43.7754],[145.0317,43.7745],[145.0311,43.7737],[145.0306,43.7729],[145.0301,43.7721],[145.0296,43.7713],[145.0297,43.7704],[145.0298,43.7696],[145.0299,43.7688],[145.0301,43.768],[145.0302,43.7671],[145.0304,43.7663],[145.0305,43.7654],[145.0306,43.7647],[145.0308,43.7638],[145.031,43.763],[145.0311,43.7623],[145.0312,43.7615],[145.0313,43.7608],[145.0315,43.7599],[145.0316,43.7591],[145.0321,43.7581],[145.0325,43.7558],[145.0323,43.7551],[145.0324,43.7544],[145.0325,43.7536],[145.0326,43.7528],[145.0328,43.752],[145.0329,43.7512],[145.033,43.7504],[145.0331,43.7497],[145.0332,43.749],[145.0334,43.7482],[145.0335,43.7473],[145.0336,43.7465],[145.0338,43.7456],[145.0339,43.7448],[145.034,43.744],[145.0342,43.7432],[145.0343,43.7424],[145.0344,43.7416],[145.0345,43.7408],[145.0347,43.74],[145.0348,43.7391],[145.035,43.7382],[145.0351,43.7373],[145.0352,43.7364],[145.0354,43.7355],[145.0355,43.7346],[145.0356,43.7337],[145.0358,43.7329],[145.0359,43.732],[145.0361,43.7311],[145.0362,43.7302],[145.0364,43.7293],[145.0365,43.7284],[145.0366,43.7276],[145.0367,43.7268],[145.0369,43.7261],[145.037,43.7252],[145.0371,43.7247],[145.0377,43.7242],[145.0363,43.7203],[145.036,43.7191],[145.0362,43.7181],[145.0362,43.7172],[145.0363,43.7164],[145.0363,43.7155],[145.0364,43.7146],[145.0365,43.7137],[145.0365,43.7128],[145.0366,43.7118]]},"properties":{"name":"\u7f85\u81fc\u753a\u5909\u96fb\u6240~\u4f0a\u8336\u4ec1\u5909\u96fb\u6240\u7dda","loading_pct":10.4,"p_mw":-7.1}},{"type":"Feature","geometry":{"type":"LineString","coordinates":[[144.3135,43.0116],[144.3142,43.0115],[144.3172,43.0119],[144.3202,43.0124],[144.3232,43.0128],[144.3257,43.0132],[144.3283,43.0136],[144.3309,43.014],[144.3339,43.0138],[144.3373,43.0136],[144.3518,43.0153]]},"properties":{"name":"\u9ce5\u53d6\u7dda","loading_pct":17.9,"p_mw":-12.2}},{"type":"Feature","geometry":{"type":"LineString","coordinates":[[144.4132,42.9845],[144.4217,42.9849],[144.4253,42.9852],[144.4289,42.9856],[144.4315,42.9858],[144.4344,42.9861],[144.4372,42.9854],[144.4412,42.9867],[144.4436,42.9869],[144.4374,42.9677]]},"properties":{"name":"\u7dd1\u30f6\u5ca1\u7dda","loading_pct":20.9,"p_mw":14.3}},{"type":"Feature","geometry":{"type":"LineString","coordinates":[[141.668,45.3842],[141.6699,45.3851],[141.6699,45.3856],[141.6698,45.3867],[141.6704,45.3873],[141.6709,45.3879],[141.6714,45.3884],[141.672,45.3891],[141.6726,45.3898],[141.6731,45.3904],[141.6741,45.3906],[141.675,45.3908],[141.6805,45.3983]]},"properties":{"name":"\u7a1a\u5185\u897f\u5909\u96fb\u6240~\u7a1a\u5185\u5909\u96fb\u6240\u7dda","loading_pct":0.0,"p_mw":0.0}},{"type":"Feature","geometry":{"type":"LineString","coordinates":[[141.7211,45.3696],[141.7088,45.3648],[141.709,45.3642],[141.7092,45.3635],[141.7095,45.3627],[141.7097,45.3619],[141.71,45.3611],[141.7102,45.3603],[141.7104,45.3597],[141.7106,45.359],[141.7108,45.3584],[141.7111,45.3576],[141.7113,45.357],[141.7115,45.3563],[141.7117,45.3552],[141.7122,45.3542],[141.7124,45.3535],[141.7127,45.3527],[141.7129,45.3519],[141.7131,45.3512],[141.7135,45.3501],[141.714,45.3486],[141.7142,45.3479],[141.7146,45.3469],[141.7149,45.3459],[141.7151,45.3452],[141.7153,45.3445],[141.7154,45.344],[141.7149,45.3427],[141.7147,45.3423],[141.7145,45.3418],[141.7142,45.3412],[141.7139,45.3405],[141.7134,45.3396],[141.713,45.3388],[141.7126,45.338],[141.7123,45.3372],[141.7117,45.336],[141.7111,45.3348],[141.7112,45.3339],[141.7113,45.3331],[141.7114,45.3323],[141.7115,45.3315],[141.7116,45.3307],[141.7117,45.3298],[141.7118,45.329],[141.7119,45.3282],[141.712,45.3275],[141.712,45.3268],[141.7122,45.326],[141.7122,45.3253],[141.7124,45.3245],[141.7125,45.3235],[141.7126,45.3227],[141.7127,45.3219],[141.7128,45.321],[141.7129,45.3202],[141.713,45.3194],[141.7131,45.3184],[141.7132,45.3177],[141.7133,45.317],[141.7134,45.3157],[141.7135,45.3146],[141.7137,45.3136],[141.7138,45.3126],[141.7139,45.3115],[141.7141,45.3105],[141.7143,45.3097],[141.7143,45.3091],[141.7145,45.3084],[141.7145,45.3078],[141.7146,45.307],[141.7147,45.306],[141.7148,45.3051],[141.715,45.3042],[141.7151,45.3032],[141.7151,45.3024],[141.7152,45.3011],[141.7153,45.3002],[141.7154,45.2996],[141.7155,45.299],[141.7155,45.2983],[141.7156,45.2977],[141.7157,45.297],[141.7158,45.2962],[141.7159,45.2955],[141.7163,45.2949],[141.7168,45.2939],[141.7173,45.2932],[141.7175,45.2927],[141.7179,45.292],[141.7183,45.2914],[141.7186,45.2908],[141.7189,45.2902],[141.7193,45.2895],[141.7197,45.2889],[141.7201,45.2882],[141.7205,45.2876],[141.7208,45.287],[141.7212,45.2862],[141.7217,45.2854],[141.7224,45.2845],[141.7226,45.2841],[141.723,45.2833],[141.7235,45.2821],[141.7239,45.2814],[141.7243,45.2806],[141.7247,45.2797],[141.725,45.2793],[141.7253,45.2785],[141.7256,45.278],[141.7259,45.2774],[141.7263,45.2765],[141.7267,45.2758],[141.727,45.2751],[141.7273,45.2745],[141.7276,45.2738],[141.7279,45.2732],[141.7282,45.2726],[141.7286,45.2718],[141.7289,45.2712],[141.7296,45.2698],[141.7301,45.2689],[141.7304,45.2683],[141.7307,45.2677],[141.7319,45.2652],[141.7327,45.2634],[141.7332,45.2624],[141.7337,45.2615],[141.734,45.2608],[141.7343,45.2602],[141.7347,45.2594],[141.7349,45.2589],[141.7353,45.2582],[141.7357,45.2574],[141.7363,45.2562],[141.7368,45.2551],[141.7373,45.2545],[141.7378,45.2532],[141.7385,45.2516],[141.739,45.2506],[141.742,45.2445],[141.7424,45.2437],[141.7427,45.2429],[141.7431,45.2422],[141.7434,45.2414],[141.7439,45.2407],[141.7443,45.2399],[141.7446,45.2391],[141.745,45.2384],[141.7455,45.2373],[141.7457,45.2369],[141.7463,45.2358],[141.7466,45.2351],[141.747,45.2342],[141.7478,45.2327],[141.7473,45.2318],[141.7468,45.231],[141.7464,45.2303],[141.746,45.2295],[141.7456,45.2287],[141.7451,45.2279],[141.7442,45.2262],[141.7441,45.2254],[141.7433,45.2248],[141.7424,45.2243],[141.7392,45.222],[141.7384,45.2214],[141.7369,45.2141],[141.7361,45.2051],[141.7372,45.203],[141.7373,45.2027]]},"properties":{"name":"\u5e4c\u5ef6\u7dda","loading_pct":1.5,"p_mw":-0.5}},{"type":"Feature","geometry":{"type":"LineString","coordinates":[[141.6692,44.253],[141.6695,44.2543],[141.6695,44.2554],[141.6695,44.2565],[141.6695,44.2574],[141.6695,44.2583],[141.6695,44.2593],[141.6695,44.2599],[141.6695,44.2607],[141.6695,44.2615],[141.6695,44.2623],[141.6695,44.263],[141.6695,44.2639],[141.6695,44.2648],[141.6695,44.2656],[141.6695,44.2663],[141.6695,44.2672],[141.6695,44.268],[141.6693,44.2687],[141.6692,44.2696],[141.669,44.2705],[141.6688,44.2713],[141.6687,44.272],[141.6685,44.2728],[141.6684,44.2736],[141.6682,44.2744],[141.668,44.2752],[141.6678,44.2761],[141.6677,44.2769],[141.6676,44.2776],[141.6674,44.2783],[141.6673,44.2788],[141.667,44.2806],[141.6668,44.2816],[141.6666,44.2826],[141.6665,44.2832],[141.6663,44.2839],[141.6662,44.2846],[141.666,44.2854],[141.6659,44.2862],[141.6657,44.287],[141.6655,44.2878],[141.6654,44.2886],[141.6649,44.2894],[141.6644,44.2902],[141.6639,44.2909],[141.6634,44.2917],[141.663,44.2925],[141.6626,44.293],[141.6621,44.2937],[141.6617,44.2944],[141.6613,44.2952],[141.6609,44.2959],[141.6603,44.2968],[141.6597,44.2976],[141.6592,44.2985],[141.6587,44.2993],[141.6593,44.3002],[141.6598,44.301],[141.6602,44.3017],[141.6602,44.3028],[141.66,44.3037],[141.654,44.3062]]},"properties":{"name":"\u82eb\u524d\u753a\u5909\u96fb\u6240~\u82eb\u524d\u5909\u96fb\u6240 (Tomamae Hendensho)\u7dda","loading_pct":26.6,"p_mw":18.3}},{"type":"Feature","geometry":{"type":"LineString","coordinates":[[141.711,44.361],[141.711,44.3608],[141.7104,44.3602],[141.7096,44.3596],[141.7078,44.358],[141.7071,44.3574],[141.7064,44.3569],[141.7052,44.3558],[141.7045,44.3552],[141.704,44.3547],[141.7037,44.3541],[141.7033,44.3534],[141.7029,44.3526],[141.7025,44.3518],[141.7018,44.3504],[141.7011,44.349],[141.7007,44.3483],[141.7003,44.3475],[141.6999,44.3468],[141.6995,44.346],[141.6991,44.3453],[141.6987,44.3445],[141.6981,44.3433],[141.6976,44.3423],[141.6972,44.3416],[141.6968,44.3408],[141.6965,44.3402],[141.6962,44.3395],[141.6958,44.3387],[141.6954,44.3379],[141.6949,44.3369],[141.6944,44.3359],[141.694,44.3353],[141.6934,44.334],[141.6926,44.3325],[141.6923,44.3319],[141.6919,44.3311],[141.6914,44.3303],[141.691,44.3296],[141.6907,44.329],[141.6903,44.3284],[141.6899,44.3277],[141.6895,44.327],[141.6891,44.3264],[141.6888,44.3259],[141.6884,44.3252],[141.6879,44.3244],[141.6875,44.3237],[141.687,44.3229],[141.6866,44.3222],[141.6861,44.3214],[141.6857,44.3207],[141.6853,44.32],[141.6848,44.3193],[141.6844,44.3185],[141.6839,44.3177],[141.6834,44.3169],[141.6829,44.316],[141.6816,44.3155],[141.6807,44.3152],[141.6799,44.3148],[141.679,44.3143],[141.6782,44.3139],[141.6777,44.3137],[141.6767,44.3133],[141.6757,44.3128],[141.6748,44.3124],[141.6739,44.312],[141.6729,44.3116],[141.6718,44.3111],[141.6709,44.3107],[141.6699,44.3102],[141.6689,44.3098],[141.668,44.3094],[141.6671,44.309],[141.6662,44.3086],[141.6652,44.3081],[141.6642,44.3077],[141.6633,44.3072],[141.6624,44.3069],[141.6617,44.3066],[141.6613,44.3058],[141.6609,44.305],[141.654,44.3062]]},"properties":{"name":"\u7fbd\u5e4c\u5909\u96fb\u6240~\u82eb\u524d\u5909\u96fb\u6240 (Tomamae Hendensho)\u7dda","loading_pct":16.3,"p_mw":-11.2}},{"type":"Feature","geometry":{"type":"LineString","coordinates":[[142.0819,44.8422],[142.0769,44.8457],[142.0746,44.8473],[142.0723,44.8489],[142.0699,44.8501],[142.0672,44.8513],[142.0646,44.8526],[142.0609,44.8543],[142.0582,44.8555],[142.0557,44.8567],[142.0529,44.8581],[142.05,44.8594],[142.047,44.8608],[142.044,44.8622],[142.0422,44.8634],[142.0403,44.8645],[142.0369,44.8664],[142.0351,44.868],[142.0324,44.8697],[142.0297,44.8715],[142.027,44.8732],[142.024,44.8746],[142.0208,44.876],[142.0178,44.8774],[142.0146,44.8788],[142.0118,44.8801],[142.0088,44.8812],[142.0057,44.8823],[142.0021,44.8823],[141.9989,44.8832],[141.9958,44.884],[141.9888,44.8852],[141.9847,44.8889],[141.9828,44.8929],[141.9802,44.8943],[141.977,44.895],[141.9737,44.8956],[141.9672,44.8937],[141.9645,44.8926],[141.9602,44.8907],[141.9583,44.8906],[141.9508,44.8919],[141.948,44.892],[141.9453,44.8916],[141.9402,44.8934],[141.9389,44.8951],[141.9382,44.897],[141.9374,44.8988],[141.9329,44.9047],[141.9276,44.9117],[141.926,44.9141],[141.9253,44.9178],[141.924,44.9198],[141.9158,44.9335],[141.9109,44.9397],[141.9042,44.9454],[141.9021,44.9476],[141.8969,44.9532],[141.8926,44.9616],[141.8921,44.9646],[141.8917,44.967],[141.8912,44.9693],[141.8908,44.9719],[141.8904,44.9737],[141.8897,44.976],[141.8888,44.9785],[141.8888,44.9806],[141.8889,44.982],[141.8887,44.9833],[141.8879,44.9852],[141.887,44.9876],[141.886,44.99],[141.8856,44.9911],[141.8852,44.992],[141.8815,44.9951],[141.8787,44.9963],[141.8729,44.9988],[141.8697,45.0001],[141.8667,45.0014],[141.8644,45.0034],[141.8627,45.005],[141.8608,45.0067],[141.8607,45.0091],[141.8607,45.0116],[141.8602,45.014],[141.8582,45.0157],[141.8563,45.0173],[141.853,45.0176]]},"properties":{"name":"\u5b97\u8c37\u7dda","loading_pct":39.8,"p_mw":62.0}},{"type":"Feature","geometry":{"type":"LineString","coordinates":[[141.7687,45.1147],[141.8205,45.0745],[141.824,45.0714],[141.8263,45.0678],[141.828,45.0654],[141.8329,45.0595],[141.8338,45.0587],[141.8413,45.0516],[141.8439,45.049],[141.8447,45.0483],[141.8453,45.0477],[141.8461,45.047],[141.8465,45.0457],[141.8468,45.0446],[141.8499,45.0351],[141.8514,45.0292],[141.8518,45.027],[141.8518,45.0254],[141.8523,45.0246],[141.8524,45.0239],[141.8531,45.0219],[141.8533,45.0211],[141.853,45.0176]]},"properties":{"name":"\u5e4c\u5ef6\u7dda","loading_pct":19.7,"p_mw":-20.5}},{"type":"Feature","geometry":{"type":"LineString","coordinates":[[142.0819,44.8422],[142.0848,44.8425],[142.0883,44.8435],[142.0914,44.8445],[142.0943,44.8429],[142.0976,44.8413],[142.1013,44.8408],[142.1053,44.8403],[142.109,44.8398],[142.1159,44.8401],[142.12,44.8399],[142.1309,44.839],[142.1335,44.8387],[142.1368,44.8385],[142.1474,44.8379],[142.1543,44.8372],[142.1581,44.8368],[142.1658,44.8364],[142.1728,44.836],[142.1782,44.837],[142.1814,44.8376],[142.1833,44.8392],[142.1862,44.8414],[142.189,44.8436],[142.1912,44.8452],[142.1968,44.8475],[142.2004,44.8467],[142.2033,44.8459],[142.2081,44.8447],[142.2107,44.8441],[142.2141,44.8433],[142.2176,44.8436],[142.2206,44.8438],[142.2237,44.8441],[142.227,44.8443],[142.2294,44.8445],[142.2322,44.8452],[142.2357,44.8461],[142.2392,44.847],[142.2421,44.8477],[142.246,44.8487],[142.2497,44.8491],[142.2536,44.8495],[142.2569,44.8486],[142.2604,44.8476],[142.2642,44.8439],[142.2661,44.8425],[142.2701,44.8421],[142.2741,44.8416],[142.2773,44.8413],[142.2808,44.8403],[142.2959,44.8359],[142.2987,44.835],[142.298,44.8331],[142.2971,44.8312],[142.2984,44.8292]]},"properties":{"name":"\u4e2d\u5ddd\u7dda","loading_pct":26.5,"p_mw":41.3}},{"type":"Feature","geometry":{"type":"LineString","coordinates":[[142.0819,44.8422],[142.0825,44.8396],[142.0827,44.8386],[142.083,44.8375],[142.0833,44.8357],[142.0836,44.8345],[142.0839,44.8329],[142.0845,44.8297],[142.0848,44.8277],[142.0852,44.8261],[142.086,44.8217],[142.0863,44.8205],[142.0868,44.8175],[142.0873,44.8151],[142.0877,44.8127],[142.0882,44.8102],[142.0896,44.8028],[142.0899,44.8011],[142.0905,44.7979],[142.0908,44.7966],[142.0914,44.7937],[142.0919,44.7906],[142.0927,44.7865],[142.0942,44.7847],[142.0979,44.7805],[142.1022,44.7756],[142.1064,44.7708],[142.1091,44.7676],[142.1132,44.7652],[142.1175,44.7627],[142.121,44.7606],[142.1224,44.7598],[142.1297,44.7555],[142.1335,44.7532],[142.1389,44.7495],[142.1431,44.7461],[142.1449,44.7448],[142.1461,44.7438],[142.1518,44.7393],[142.1561,44.7381],[142.1608,44.7369],[142.166,44.7361],[142.168,44.7358],[142.1698,44.7356],[142.1715,44.7353],[142.1759,44.7341],[142.1812,44.7327],[142.1828,44.7324],[142.1853,44.7319],[142.1905,44.7307],[142.1986,44.7287],[142.2013,44.7278],[142.2027,44.7274],[142.205,44.7273],[142.2074,44.7268],[142.2107,44.726],[142.2139,44.7252],[142.2157,44.7248],[142.22,44.7241],[142.223,44.7234],[142.226,44.7224],[142.2287,44.7217],[142.2297,44.7215],[142.2336,44.7206],[142.2364,44.7199],[142.24,44.7191],[142.2419,44.7186],[142.2481,44.7171],[142.2492,44.7169],[142.2506,44.7158],[142.2518,44.7148],[142.2527,44.7141],[142.2543,44.7129],[142.256,44.7116],[142.2577,44.7103],[142.2599,44.7085],[142.2619,44.707],[142.264,44.7053],[142.267,44.703],[142.2674,44.7027],[142.2693,44.7013],[142.2706,44.7002],[142.2721,44.699],[142.2752,44.6967],[142.2772,44.6953]]},"properties":{"name":"\u5b97\u8c37\u7dda","loading_pct":30.9,"p_mw":-48.1}},{"type":"Feature","geometry":{"type":"LineString","coordinates":[[142.0344,44.8312],[142.0355,44.8275],[142.0353,44.8254],[142.0353,44.8233],[142.035,44.821],[142.0348,44.8188],[142.0345,44.8157],[142.0342,44.8121],[142.0339,44.8101],[142.0353,44.8081],[142.0368,44.8058],[142.0385,44.8033],[142.0401,44.801],[142.0415,44.7993],[142.0443,44.796],[142.0462,44.7937],[142.0465,44.7903],[142.0468,44.787],[142.0462,44.7844],[142.0459,44.7816],[142.0456,44.7791],[142.0453,44.7759],[142.0448,44.7729],[142.0449,44.77],[142.045,44.7671],[142.0437,44.7643],[142.0425,44.7615],[142.0409,44.759],[142.0395,44.7571],[142.038,44.755],[142.0358,44.7518],[142.0348,44.7498],[142.0336,44.7475],[142.0326,44.7456],[142.0313,44.7432],[142.0326,44.7399],[142.0336,44.7376],[142.0345,44.7352],[142.0356,44.7325],[142.0387,44.7301],[142.0416,44.7278],[142.0419,44.7254],[142.0422,44.7225],[142.0425,44.7192],[142.0436,44.7162],[142.0445,44.7138],[142.045,44.7121],[142.0461,44.7092],[142.0458,44.7068],[142.0455,44.7045],[142.0452,44.7024],[142.0449,44.7005],[142.0454,44.6973],[142.0451,44.6951],[142.0437,44.6928],[142.0438,44.6903],[142.0439,44.6871],[142.0452,44.6851],[142.0465,44.6831],[142.0484,44.6802],[142.0501,44.6776],[142.0513,44.6757],[142.0531,44.6738],[142.0556,44.6713],[142.0576,44.6687],[142.0596,44.6661],[142.0617,44.6632],[142.0631,44.6613],[142.0659,44.6588],[142.0689,44.6561],[142.0699,44.6544],[142.0711,44.6522],[142.0727,44.6493],[142.0727,44.6469],[142.0727,44.6438],[142.0728,44.6408],[142.074,44.6376],[142.0752,44.6344],[142.0776,44.632],[142.0796,44.63],[142.0819,44.6283],[142.0858,44.6268],[142.0896,44.6253],[142.0932,44.6239],[142.0963,44.6227],[142.0989,44.6216],[142.1016,44.6198],[142.1045,44.6178],[142.1069,44.6162],[142.1092,44.6146],[142.1117,44.6129],[142.1146,44.6109],[142.1174,44.609],[142.1203,44.607],[142.1241,44.6064],[142.1273,44.6058],[142.1311,44.6051],[142.1344,44.6043],[142.1391,44.6032],[142.1432,44.6023],[142.1464,44.6005],[142.1486,44.5993],[142.1513,44.5978],[142.1532,44.5966],[142.1566,44.5957],[142.1612,44.5946],[142.1659,44.5935],[142.1713,44.5911],[142.1747,44.5896],[142.1776,44.5884],[142.1805,44.587],[142.1844,44.5852],[142.1872,44.5839],[142.1897,44.5826],[142.192,44.5814],[142.1951,44.5798],[142.198,44.5783],[142.2002,44.5771],[142.2032,44.5755],[142.2073,44.5734],[142.2093,44.5723],[142.2119,44.5705],[142.2149,44.5685],[142.2168,44.5672],[142.2186,44.566],[142.2202,44.5649],[142.2224,44.5634],[142.2256,44.5612],[142.2279,44.5586],[142.2298,44.5564],[142.2318,44.5541],[142.2329,44.5521],[142.2337,44.5507],[142.235,44.5483],[142.2358,44.5467],[142.2369,44.5447],[142.2378,44.5423],[142.2398,44.5406],[142.242,44.5387],[142.2441,44.5357],[142.2463,44.5328],[142.248,44.5305],[142.2497,44.5281],[142.251,44.5264],[142.2525,44.5243],[142.2537,44.5227],[142.2553,44.5205],[142.2563,44.5187],[142.2572,44.517],[142.2585,44.5146],[142.2597,44.5132],[142.2614,44.5111],[142.2632,44.5089],[142.2653,44.5062],[142.2675,44.5048],[142.2703,44.5029],[142.2729,44.5011],[142.2757,44.4992],[142.2778,44.4979],[142.2809,44.4947],[142.2813,44.4943],[142.2826,44.4929],[142.2843,44.4911],[142.2861,44.4894],[142.2883,44.4872],[142.2902,44.4852],[142.2927,44.4825],[142.2941,44.481],[142.2954,44.4795],[142.2974,44.4772],[142.299,44.4752],[142.3016,44.4721],[142.3034,44.4702],[142.3057,44.4678],[142.3079,44.4654],[142.3094,44.4636],[142.3108,44.4621],[142.3128,44.4604],[142.315,44.4583],[142.3165,44.4568],[142.3188,44.4547],[142.3208,44.4528],[142.3226,44.4511],[142.3255,44.4492],[142.3276,44.4479],[142.3301,44.4462],[142.3328,44.4444],[142.336,44.4423],[142.3383,44.4407],[142.3398,44.4381],[142.3416,44.435],[142.3432,44.4323],[142.3425,44.4292],[142.3418,44.4263],[142.3413,44.4239],[142.3407,44.4212],[142.34,44.4179],[142.341,44.4152],[142.3417,44.4133],[142.3428,44.4104],[142.3439,44.4076],[142.3448,44.4053],[142.3455,44.4033],[142.3465,44.4008],[142.3471,44.399],[142.3473,44.3971],[142.3474,44.3947],[142.3476,44.3924],[142.3478,44.3893],[142.348,44.387],[142.3481,44.3844],[142.3483,44.382],[142.3485,44.3795],[142.3487,44.377],[142.349,44.3736],[142.3491,44.3712],[142.3524,44.3695],[142.3552,44.3682],[142.358,44.3668],[142.361,44.3653],[142.364,44.3638],[142.3672,44.3622],[142.37,44.3605],[142.3722,44.3591],[142.3749,44.3574],[142.377,44.3561],[142.3801,44.3542],[142.3801,44.3512],[142.3802,44.3485],[142.419,44.3448]]},"properties":{"name":"\u5317\u5e4c\u5ef6\u7dda","loading_pct":15.9,"p_mw":-77.2}},{"type":"Feature","geometry":{"type":"LineString","coordinates":[[143.3485,44.3466],[143.3506,44.3253],[143.3511,44.3229],[143.3517,44.3204],[143.3521,44.3184],[143.3528,44.3158],[143.3556,44.3144],[143.3573,44.3135],[143.3596,44.3123],[143.3621,44.311],[143.3647,44.3097],[143.3663,44.3089],[143.3681,44.3081],[143.3702,44.3073],[143.3735,44.3052],[143.3756,44.3039],[143.3781,44.3023],[143.3803,44.3009],[143.3826,44.2994],[143.3851,44.2978],[143.3881,44.296],[143.3914,44.2937],[143.3937,44.2926],[143.396,44.2914],[143.3986,44.29],[143.4022,44.2881],[143.405,44.2867],[143.4087,44.2852],[143.4122,44.2839],[143.4151,44.2825],[143.4181,44.2811],[143.4212,44.2796],[143.4245,44.278],[143.4277,44.2765],[143.4306,44.2749],[143.4337,44.2732],[143.4366,44.2716],[143.4398,44.2699],[143.4428,44.2682],[143.4459,44.2666],[143.449,44.2649],[143.4519,44.2632],[143.4542,44.2621],[143.4566,44.2607],[143.4592,44.2593],[143.4611,44.2569],[143.4628,44.2548],[143.4647,44.2525],[143.4668,44.2501],[143.4685,44.2481],[143.4703,44.2459],[143.4721,44.2438],[143.474,44.2415],[143.4755,44.2397],[143.4774,44.2374],[143.4802,44.2359],[143.4832,44.2344],[143.4859,44.233],[143.489,44.2315],[143.4919,44.2299],[143.4945,44.2286],[143.4976,44.2269],[143.5006,44.2255],[143.5031,44.2243],[143.506,44.2228],[143.5088,44.2213],[143.512,44.2197],[143.5145,44.2184],[143.5176,44.2172],[143.5207,44.216],[143.5236,44.2148],[143.5264,44.2137],[143.5292,44.2126],[143.532,44.2115],[143.535,44.2103],[143.538,44.2091],[143.5405,44.2076],[143.5427,44.2062],[143.5459,44.2042],[143.5489,44.2022],[143.5518,44.2012],[143.5549,44.2001],[143.5582,44.199],[143.5617,44.1977],[143.5651,44.1965],[143.5989,44.1939]]},"properties":{"name":"\u7d0b\u5225\u6771\u7dda","loading_pct":8.1,"p_mw":-5.6}},{"type":"Feature","geometry":{"type":"LineString","coordinates":[[141.7527,44.8838],[141.7532,44.8837],[141.7542,44.8838],[141.7649,44.88],[141.7821,44.8302],[141.7852,44.8179],[141.7902,44.8022],[141.7905,44.8011],[141.7909,44.8003],[141.7914,44.7996],[141.7919,44.7976],[141.7919,44.7962],[141.7937,44.7912],[141.7936,44.7903],[141.7937,44.79],[141.7932,44.7888],[141.7932,44.788],[141.7928,44.7866],[141.7949,44.7823],[141.7953,44.7813],[141.7979,44.7759],[141.799,44.7741],[141.7996,44.7695],[141.8004,44.7663],[141.8002,44.765],[141.8002,44.7635],[141.8017,44.7559],[141.8022,44.7544],[141.8022,44.7538],[141.8039,44.751],[141.8045,44.7495],[141.8057,44.7481],[141.8061,44.7472],[141.8066,44.7348],[141.8033,44.7332],[141.8028,44.7321],[141.8032,44.7315],[141.801,44.7285],[141.8022,44.7277],[141.8025,44.7262],[141.8041,44.7257],[141.8033,44.7248]]},"properties":{"name":"\u5929\u5869\u5909\u96fb\u6240~\u8981\u7167\u4f1a\u7dda","loading_pct":20.8,"p_mw":7.1}},{"type":"Feature","geometry":{"type":"LineString","coordinates":[[142.4129,45.1132],[142.3966,45.0935],[142.3981,45.0913],[142.408,45.0831],[142.41,45.0813],[142.4121,45.0822],[142.4142,45.0808],[142.4179,45.078],[142.4163,45.0753],[142.419,45.074],[142.4228,45.0731],[142.4267,45.0705],[142.43,45.0671],[142.4318,45.065],[142.4328,45.062],[142.4333,45.0607],[142.4386,45.0587],[142.4387,45.0556],[142.4416,45.0553],[142.4449,45.0546],[142.4593,45.0487],[142.4691,45.049],[142.4739,45.044],[142.4756,45.041],[142.4744,45.0387],[142.4772,45.0377],[142.4776,45.0351],[142.484,45.0307],[142.4845,45.0265],[142.4886,45.0234],[142.4959,45.0177],[142.5083,45.0141],[142.5179,45.0041],[142.5255,45.0004],[142.5297,44.9945],[142.5346,44.9879],[142.5444,44.9715],[142.5571,44.9617],[142.5606,44.9612],[142.5622,44.9603],[142.5644,44.9565],[142.5641,44.956],[142.5585,44.9529],[142.5583,44.9514],[142.5572,44.949],[142.5568,44.9466],[142.5605,44.9429],[142.5619,44.9376],[142.5591,44.9354],[142.5578,44.9322],[142.5586,44.9291],[142.561,44.9288],[142.5625,44.9273],[142.5664,44.928],[142.5691,44.9263],[142.5707,44.9261],[142.5717,44.9265],[142.5722,44.9262]]},"properties":{"name":"\u6d5c\u9813\u5225\u7dda","loading_pct":1.2,"p_mw":0.8}},{"type":"Feature","geometry":{"type":"LineString","coordinates":[[142.4129,45.1132],[142.3888,45.0999],[142.388,45.1006],[142.3872,45.1013],[142.3864,45.102],[142.3849,45.1024],[142.3817,45.1039],[142.3807,45.1045],[142.3799,45.105],[142.379,45.1055],[142.3783,45.1059],[142.3775,45.1064],[142.3766,45.1069],[142.3757,45.1075],[142.3749,45.1079],[142.3741,45.1085],[142.3727,45.1085],[142.3714,45.1085],[142.3701,45.1085],[142.3687,45.1086],[142.3661,45.1086],[142.3588,45.1214]]},"properties":{"name":"\u6d5c\u9813\u5225\u7dda","loading_pct":11.6,"p_mw":-7.9}},{"type":"Feature","geometry":{"type":"LineString","coordinates":[[141.7373,45.2027],[141.7378,45.2029],[141.7388,45.2032],[141.7406,45.2012],[141.7456,45.2004],[141.7682,45.212],[141.7817,45.2192],[141.7948,45.2259],[141.8027,45.2298],[141.8458,45.2406],[141.8471,45.2409],[141.8602,45.2441],[141.8792,45.2489],[141.8936,45.2523],[141.8993,45.2537],[141.903,45.2585],[141.9028,45.2595],[141.9028,45.26]]},"properties":{"name":"\u82a6\u5ddd\u5909\u96fb\u6240~\u66f2\u6e15\u5909\u96fb\u6240\u7dda","loading_pct":20.8,"p_mw":7.1}},{"type":"Feature","geometry":{"type":"LineString","coordinates":[[143.2687,44.2442],[143.269,44.2441],[143.2691,44.2443],[143.2733,44.2495],[143.2796,44.2571],[143.2836,44.262],[143.2874,44.2666],[143.2904,44.2715],[143.2913,44.2745],[143.2929,44.2799],[143.2949,44.2867],[143.2953,44.2875],[143.298,44.293],[143.3012,44.2997],[143.304,44.3018],[143.3099,44.3064],[143.3149,44.3102],[143.3212,44.3142],[143.3242,44.3161],[143.3252,44.3165],[143.326,44.3173],[143.3292,44.3193],[143.3322,44.3209],[143.335,44.3224],[143.3366,44.3228],[143.3378,44.3229],[143.3438,44.3227],[143.3442,44.3234],[143.3447,44.3241],[143.3452,44.3247],[143.3464,44.3248],[143.348,44.3256],[143.3488,44.326],[143.3496,44.3264],[143.3495,44.3272],[143.3485,44.3466]]},"properties":{"name":"\u4e0a\u6e1a\u6ed1\u7dda","loading_pct":10.4,"p_mw":-7.1}},{"type":"Feature","geometry":{"type":"LineString","coordinates":[[142.9598,44.5801],[142.96,44.5799],[142.9596,44.5797],[142.9603,44.5789],[142.9613,44.5784],[142.9617,44.578],[142.9622,44.5773],[142.9627,44.5767],[142.9633,44.5761],[142.9638,44.5753],[142.9646,44.5743],[142.9655,44.5731],[142.9664,44.572],[142.9673,44.571],[142.9681,44.5699],[142.969,44.5689],[142.9698,44.5678],[142.9706,44.5667],[142.9714,44.5657],[142.9726,44.5647],[142.9738,44.5637],[142.975,44.5627],[142.9762,44.5618],[142.9775,44.5608],[142.9788,44.5599],[142.9801,44.559],[142.9815,44.5582],[142.983,44.5574],[142.9844,44.5566],[142.9858,44.5558],[142.9872,44.555],[142.9886,44.5542],[142.99,44.5534],[142.9914,44.5526],[142.9927,44.5519],[142.994,44.5511],[142.9953,44.5504],[142.9966,44.5496],[142.998,44.5488],[142.9994,44.548],[143.0008,44.5472],[143.0021,44.5465],[143.0035,44.5457],[143.0049,44.5449],[143.0063,44.5441],[143.0076,44.5434],[143.0089,44.5426],[143.01,44.542],[143.0111,44.5414],[143.0192,44.5367],[143.0267,44.5325],[143.0346,44.528],[143.042,44.5231],[143.044,44.5218],[143.0499,44.5178],[143.0535,44.5139],[143.0564,44.5102]]},"properties":{"name":"\u96c4\u6b66\u5909\u96fb\u6240~\u6ca2\u6728\u5909\u96fb\u6240\u7dda","loading_pct":31.1,"p_mw":-7.1}},{"type":"Feature","geometry":{"type":"LineString","coordinates":[[143.3485,44.3466],[143.3394,44.3478],[143.3364,44.3491],[143.3336,44.3504],[143.3306,44.3516],[143.3278,44.3529],[143.3251,44.3546],[143.3227,44.356],[143.3202,44.3575],[143.3179,44.3588],[143.3154,44.3604],[143.3125,44.3608],[143.3098,44.3612],[143.3072,44.3616],[143.302,44.3623],[143.2983,44.3655],[143.2964,44.3671],[143.2947,44.3687],[143.2923,44.3708],[143.2902,44.3725],[143.2885,44.3741],[143.2854,44.377],[143.2833,44.3789],[143.2806,44.3801],[143.2775,44.3814],[143.2749,44.383],[143.2722,44.3846],[143.2698,44.3861],[143.2683,44.3869],[143.2668,44.3878],[143.2642,44.3895],[143.2616,44.3911],[143.2586,44.3929],[143.256,44.3945],[143.2536,44.3958],[143.2513,44.3971],[143.2488,44.3985],[143.2466,44.3997],[143.2442,44.401],[143.2419,44.4023],[143.2394,44.4037],[143.2372,44.405],[143.2349,44.4062],[143.2326,44.4075],[143.2302,44.4088],[143.228,44.41],[143.2257,44.4113],[143.2235,44.4125],[143.2209,44.414],[143.2182,44.4155],[143.2156,44.4169],[143.2132,44.4182],[143.2108,44.4196],[143.2085,44.4208],[143.206,44.4222],[143.2035,44.4236],[143.2011,44.4249],[143.1991,44.4262],[143.197,44.4276],[143.1945,44.4291],[143.1918,44.4309],[143.1894,44.4324],[143.1875,44.4336],[143.184,44.4359],[143.1813,44.4375],[143.1784,44.4386],[143.1753,44.4397],[143.1727,44.4407],[143.1697,44.4418],[143.1668,44.4428],[143.164,44.4439],[143.1608,44.445],[143.1577,44.4461],[143.1544,44.4474],[143.1515,44.4484],[143.1488,44.4494],[143.1458,44.4505],[143.1433,44.4512],[143.1402,44.4521],[143.1367,44.453],[143.1336,44.4539],[143.1309,44.4546],[143.128,44.4554],[143.1251,44.4563],[143.1226,44.4569],[143.1209,44.4583],[143.1189,44.46],[143.1168,44.4618],[143.1143,44.4637],[143.1116,44.4659]]},"properties":{"name":"\u6c99\u7559\u7dda","loading_pct":80.0,"p_mw":23.2}},{"type":"Feature","geometry":{"type":"LineString","coordinates":[[142.9525,44.3288],[142.9527,44.329],[142.9538,44.3294],[142.9549,44.3299],[142.956,44.3303],[142.9566,44.3311],[142.9569,44.3321],[142.9575,44.3331],[142.9577,44.3344],[142.958,44.3353],[142.9586,44.336],[142.9592,44.3367],[142.9598,44.3373],[142.9604,44.338],[142.961,44.3387],[142.9615,44.3394],[142.9622,44.3401],[142.9627,44.3408],[142.9633,44.3415],[142.9638,44.3423],[142.9643,44.3431],[142.965,44.3444],[142.9647,44.3452],[142.9644,44.3458],[142.9647,44.3466],[142.9653,44.3491],[142.9655,44.35],[142.9659,44.3515],[142.9661,44.3523],[142.9663,44.3531],[142.9665,44.354],[142.9668,44.3544],[142.9669,44.3555],[142.9671,44.3562],[142.9673,44.357],[142.9676,44.3588],[142.9681,44.3601],[142.9684,44.3609],[142.9685,44.3617],[142.9687,44.3625],[142.9689,44.3633],[142.97,44.3669],[142.9703,44.3676],[142.9725,44.3718],[142.9731,44.3734],[142.9735,44.3741],[142.9746,44.3753],[142.9763,44.3763],[142.9773,44.3768],[142.9784,44.3772],[142.9808,44.3783],[142.9852,44.3803],[142.9883,44.3815],[142.9968,44.3845],[143.002,44.3864],[143.0056,44.3895],[143.0077,44.3914],[143.0084,44.3921],[143.0091,44.3927],[143.0102,44.4005],[143.0112,44.407],[143.0115,44.4088],[143.0118,44.411],[143.0132,44.4128],[143.0137,44.4135],[143.0148,44.4149],[143.0153,44.4157],[143.0177,44.4188],[143.0192,44.4207],[143.0198,44.4215],[143.0203,44.4222],[143.0209,44.423],[143.0226,44.4252],[143.0244,44.4276],[143.0249,44.4283],[143.0261,44.4297],[143.0268,44.4306],[143.0285,44.433],[143.0291,44.4337],[143.0297,44.4345],[143.0302,44.4352],[143.034,44.4366],[143.036,44.4373],[143.0379,44.438],[143.039,44.4379],[143.0444,44.4376],[143.0517,44.4371],[143.0526,44.437],[143.0538,44.437],[143.055,44.4369],[143.0561,44.4368],[143.0574,44.437],[143.0585,44.4372],[143.0598,44.4375],[143.0608,44.4377],[143.062,44.4379],[143.0631,44.4381],[143.064,44.4382],[143.0665,44.4387],[143.0678,44.4389],[143.0701,44.4393],[143.0712,44.4395],[143.072,44.44],[143.073,44.4404],[143.0738,44.4409],[143.0747,44.4414],[143.0756,44.4418],[143.0793,44.4438],[143.0811,44.4447],[143.0821,44.4452],[143.083,44.4458],[143.0862,44.4474],[143.0889,44.4488],[143.0908,44.4498],[143.0917,44.4503],[143.0926,44.4508],[143.0936,44.4513],[143.0943,44.4517],[143.0955,44.4522],[143.097,44.4528],[143.1004,44.4559],[143.1015,44.4569],[143.1027,44.458],[143.1036,44.4589],[143.1048,44.4599],[143.106,44.4609],[143.1072,44.462],[143.1084,44.463],[143.1096,44.464],[143.1116,44.4659]]},"properties":{"name":"\u8208\u90e8\u7dda","loading_pct":8.0,"p_mw":-1.8}},{"type":"Feature","geometry":{"type":"LineString","coordinates":[[141.7687,45.1147],[141.8205,45.0745],[141.824,45.0714],[141.8263,45.0678],[141.828,45.0654],[141.8329,45.0595],[141.8338,45.0587],[141.8413,45.0516],[141.8439,45.049],[141.8447,45.0483],[141.8453,45.0477],[141.8461,45.047],[141.8465,45.0457],[141.8468,45.0446],[141.8499,45.0351],[141.8514,45.0292],[141.8518,45.027],[141.8518,45.0254],[141.8523,45.0246],[141.8524,45.0239],[141.8531,45.0219],[141.8533,45.0211],[141.853,45.0176]]},"properties":{"name":"\u7a1a\u5185\u7dda","loading_pct":13.8,"p_mw":-21.6}},{"type":"Feature","geometry":{"type":"LineString","coordinates":[[142.3588,45.1214],[142.3585,45.1215],[142.3581,45.1214],[142.3553,45.1262],[142.3555,45.1287],[142.3558,45.1303],[142.3586,45.133],[142.3588,45.1338],[142.3582,45.1346],[142.3577,45.1353],[142.3572,45.136],[142.3567,45.1367],[142.3562,45.1375],[142.3557,45.1382],[142.3551,45.1392],[142.3546,45.1399],[142.3541,45.1406],[142.3533,45.1412],[142.3524,45.1417],[142.3515,45.1422],[142.3506,45.1427],[142.3497,45.1432],[142.3488,45.1437],[142.3479,45.1442],[142.347,45.1447],[142.3447,45.146],[142.3434,45.1468],[142.3425,45.1473],[142.3416,45.1478],[142.3406,45.1483],[142.3396,45.1489],[142.3372,45.1502],[142.3363,45.1508],[142.3353,45.1513],[142.3343,45.1517],[142.3334,45.1521],[142.3324,45.1526],[142.3314,45.153],[142.3304,45.1534],[142.3294,45.1538],[142.3285,45.1543],[142.3275,45.1547],[142.3265,45.1551],[142.3237,45.1565],[142.3229,45.1565],[142.3209,45.1577],[142.317,45.1596],[142.3161,45.16],[142.3153,45.1604],[142.3143,45.1608],[142.3134,45.1613],[142.3124,45.1617],[142.3113,45.1622],[142.3106,45.1625],[142.3099,45.1629],[142.3079,45.1638],[142.3061,45.1646],[142.3051,45.165],[142.3042,45.1655],[142.3032,45.1659],[142.3023,45.1664],[142.3003,45.1673],[142.2994,45.1677],[142.2984,45.1681],[142.2978,45.1688],[142.2963,45.17],[142.2943,45.1711],[142.2923,45.1723],[142.2904,45.1734],[142.2886,45.1745],[142.2868,45.1756],[142.285,45.1767],[142.2831,45.1778],[142.2814,45.1789],[142.2796,45.1799],[142.2779,45.1809],[142.2761,45.182],[142.2744,45.183],[142.2726,45.184],[142.2709,45.185],[142.269,45.1859],[142.2672,45.187],[142.2654,45.1881],[142.2636,45.1892],[142.2624,45.1903],[142.2609,45.1913],[142.2592,45.1923],[142.2575,45.1935],[142.2557,45.1946],[142.2539,45.1957],[142.2529,45.1963],[142.2521,45.1968],[142.2512,45.1974],[142.2504,45.1979],[142.2475,45.1999],[142.2464,45.2006],[142.2456,45.2011],[142.2448,45.2016],[142.2442,45.2023],[142.2436,45.203],[142.2431,45.2036],[142.242,45.2049],[142.2409,45.2063],[142.2335,45.2158],[142.2327,45.217],[142.2323,45.2177],[142.2319,45.2183],[142.2313,45.2189],[142.2308,45.2195],[142.2301,45.2202],[142.2293,45.2207],[142.2283,45.2212],[142.2273,45.2218],[142.2267,45.2221],[142.2258,45.2226],[142.2254,45.2229],[142.2242,45.2245],[142.2239,45.225],[142.2232,45.2256],[142.2225,45.2262],[142.2221,45.227],[142.2222,45.2278],[142.2223,45.2286],[142.2223,45.2295],[142.2224,45.2302],[142.2225,45.231],[142.2224,45.2314],[142.222,45.2326],[142.2217,45.2334],[142.2217,45.2341],[142.2217,45.2348],[142.2217,45.2356],[142.2216,45.2364],[142.2208,45.2371],[142.22,45.2377],[142.2192,45.2384],[142.2184,45.2391],[142.2176,45.2398],[142.217,45.2402],[142.2161,45.241],[142.2154,45.2416],[142.2146,45.2423],[142.214,45.2427],[142.2132,45.2434],[142.2124,45.244],[142.2116,45.2447],[142.2102,45.2449],[142.2091,45.245],[142.2083,45.2456],[142.2074,45.2462],[142.2067,45.2467],[142.2059,45.2472],[142.205,45.2478],[142.2042,45.2483],[142.2034,45.2489],[142.2026,45.2495],[142.2018,45.2501],[142.201,45.2507],[142.2006,45.251],[142.1998,45.2517],[142.1977,45.2535],[142.1974,45.2542],[142.1974,45.2559],[142.198,45.2573],[142.1978,45.2608],[142.1977,45.262],[142.1973,45.2636],[142.1977,45.2641]]},"properties":{"name":"\u733f\u6255\u7dda","loading_pct":20.8,"p_mw":7.1}},{"type":"Feature","geometry":{"type":"LineString","coordinates":[[142.6242,44.3015],[142.6177,44.2985],[142.6153,44.2989],[142.6118,44.2993],[142.6091,44.3007],[142.6064,44.3021],[142.6029,44.3023],[142.5994,44.3026],[142.5961,44.3029],[142.5925,44.3032],[142.5892,44.3034],[142.5858,44.3041],[142.5824,44.3047],[142.5796,44.3053],[142.5772,44.3058],[142.5746,44.3063],[142.5725,44.3067],[142.57,44.3071],[142.5656,44.308],[142.5624,44.3086],[142.5594,44.3092],[142.5567,44.3097],[142.5537,44.3103],[142.5504,44.3109],[142.5476,44.3115],[142.5445,44.312],[142.541,44.3127],[142.5375,44.3134],[142.5345,44.314],[142.5322,44.3144],[142.5298,44.3149],[142.5274,44.3153],[142.5247,44.3159],[142.5221,44.3164],[142.5188,44.3171],[142.5154,44.3177],[142.512,44.3182],[142.5087,44.3188],[142.5057,44.3192],[142.5022,44.3198],[142.499,44.3203],[142.4959,44.3208],[142.4927,44.3213],[142.4902,44.3221],[142.4873,44.323],[142.4843,44.3241],[142.4814,44.3252],[142.4789,44.326],[142.4767,44.3276],[142.4749,44.3296],[142.4732,44.3314],[142.4717,44.3331],[142.4689,44.3334],[142.4659,44.3337],[142.4626,44.3338],[142.4592,44.3338],[142.456,44.3338],[142.456,44.3361],[142.4564,44.3394]]},"properties":{"name":"\u4e0b\u5ddd\u7dda","loading_pct":12.3,"p_mw":-19.1}},{"type":"Feature","geometry":{"type":"LineString","coordinates":[[142.0344,44.8312],[142.0324,44.832],[142.0295,44.834],[142.0264,44.8369],[142.023,44.8402],[142.0211,44.8415],[142.018,44.8441],[142.0141,44.8467],[142.0114,44.8479],[142.0081,44.849],[142.0045,44.8504],[142.0011,44.8516],[141.9979,44.852],[141.995,44.854],[141.9927,44.8563],[141.9906,44.859],[141.989,44.8602],[141.9862,44.8619],[141.9827,44.8637],[141.98,44.8663],[141.9759,44.8674],[141.9728,44.8705],[141.9692,44.8718],[141.9645,44.8718],[141.9615,44.8718],[141.9585,44.8731],[141.9559,44.8755],[141.9523,44.8769],[141.9487,44.8785],[141.9456,44.8799],[141.9423,44.8812],[141.9394,44.8838],[141.9384,44.8859],[141.9374,44.888],[141.9385,44.8904],[141.9408,44.8915],[141.9423,44.8937],[141.9439,44.8961],[141.9426,44.8991],[141.9424,44.9019],[141.942,44.9046],[141.9414,44.9075],[141.9407,44.9118],[141.9369,44.9122],[141.935,44.9145],[141.9332,44.9168],[141.9313,44.9202],[141.9314,44.9225],[141.9315,44.9247],[141.9295,44.9284],[141.9283,44.9311],[141.9274,44.935],[141.9268,44.9376],[141.9251,44.94],[141.924,44.9415],[141.9226,44.9434],[141.9214,44.9457],[141.9183,44.9467],[141.9153,44.9479],[141.9112,44.9493],[141.9097,44.9511],[141.9085,44.9528],[141.9067,44.955],[141.9069,44.9574],[141.9073,44.9597],[141.9056,44.9621],[141.904,44.9639],[141.9038,44.9669],[141.9019,44.9691],[141.9006,44.9712],[141.9001,44.9741],[141.8999,44.9766],[141.8991,44.9796],[141.8974,44.9821],[141.8962,44.9849],[141.8957,44.9886],[141.8936,44.9914],[141.8914,44.9937],[141.8918,44.9973],[141.8915,44.9995],[141.891,45.0018],[141.8915,45.0046],[141.8915,45.0069],[141.8914,45.0092],[141.8912,45.012],[141.891,45.0144],[141.8887,45.0158],[141.886,45.0174],[141.8846,45.0204],[141.8839,45.0223],[141.8832,45.0245],[141.8825,45.0263],[141.8828,45.0287],[141.8829,45.032],[141.8832,45.0352],[141.8826,45.0379],[141.8833,45.0409],[141.8837,45.044],[141.8873,45.0454],[141.8903,45.0466],[141.8924,45.0486],[141.8947,45.0512],[141.897,45.0538],[141.8948,45.056],[141.892,45.0576],[141.8877,45.0586],[141.886,45.0612],[141.8838,45.0626],[141.8806,45.0644],[141.879,45.0661],[141.8788,45.0694],[141.8786,45.0713],[141.8785,45.0742],[141.8784,45.0764],[141.8738,45.0774],[141.8692,45.0783],[141.8664,45.0788],[141.8625,45.0795],[141.8602,45.079],[141.8563,45.0805],[141.8522,45.0809],[141.8515,45.0827],[141.8521,45.085],[141.852,45.0878],[141.8496,45.0901],[141.8486,45.0922],[141.8475,45.0948],[141.8521,45.0983],[141.8534,45.1006],[141.8526,45.1025],[141.852,45.1041],[141.851,45.1066],[141.8482,45.1087],[141.8486,45.1107],[141.8491,45.113],[141.8498,45.1152],[141.8506,45.1182],[141.8511,45.1206],[141.8517,45.1233],[141.8519,45.125],[141.8522,45.1271],[141.8502,45.1296],[141.8488,45.1319],[141.8478,45.1346],[141.8473,45.1366],[141.8458,45.1393],[141.844,45.1421],[141.8405,45.144],[141.8382,45.1452],[141.8345,45.1471],[141.8322,45.1482],[141.8291,45.1505],[141.8263,45.1519],[141.8249,45.1547],[141.8234,45.1569],[141.8247,45.1601],[141.8229,45.1617],[141.8225,45.1639],[141.8227,45.1671],[141.8187,45.1683],[141.8159,45.1699],[141.814,45.1711],[141.8122,45.1731],[141.8101,45.175],[141.8078,45.1772],[141.8069,45.179],[141.8055,45.1816],[141.8041,45.1837],[141.8038,45.1857],[141.804,45.1879],[141.8025,45.1892],[141.8027,45.1925],[141.8,45.1945],[141.7955,45.1961]]},"properties":{"name":"\u4e2d\u5ddd\u753a\u5909\u96fb\u6240~Kitatoyotomi Substation\u7dda","loading_pct":2.6,"p_mw":12.8}},{"type":"Feature","geometry":{"type":"LineString","coordinates":[[141.7955,45.1961],[141.8008,45.1976],[141.8041,45.1986],[141.8072,45.2007],[141.8107,45.2019],[141.8119,45.2046],[141.8141,45.2079],[141.8148,45.2104],[141.8156,45.2124],[141.8157,45.215],[141.8167,45.217],[141.8172,45.2191],[141.817,45.2222],[141.818,45.225],[141.8192,45.228],[141.8198,45.2304],[141.8211,45.2334],[141.8213,45.2358],[141.8214,45.2382],[141.8217,45.2406],[141.8211,45.2437],[141.8226,45.247],[141.8243,45.2487],[141.8251,45.2516],[141.8253,45.255],[141.8255,45.2576],[141.8264,45.2594],[141.8289,45.262],[141.8263,45.2641],[141.8238,45.2661],[141.8212,45.2681],[141.8196,45.2705],[141.818,45.2728],[141.8172,45.2751],[141.8165,45.2774],[141.8156,45.2797],[141.8146,45.2819],[141.8139,45.2842],[141.8135,45.2864],[141.8135,45.2885],[141.8136,45.2907],[141.8136,45.2929],[141.8132,45.2956],[141.813,45.2985],[141.8093,45.2996],[141.8078,45.3022],[141.8066,45.3053],[141.8064,45.308],[141.8089,45.3104],[141.8102,45.3126],[141.8087,45.3147],[141.8071,45.3166],[141.8051,45.3187],[141.8028,45.321],[141.801,45.3232],[141.8008,45.326],[141.8007,45.3284],[141.8006,45.3307],[141.8005,45.3333],[141.8007,45.3359],[141.8015,45.3386],[141.8023,45.3411],[141.8031,45.3436],[141.8039,45.346],[141.805,45.349]]},"properties":{"name":"Kitatoyotomi Substation~Wakkanai Keihoku Substation\u7dda","loading_pct":0.7,"p_mw":3.6}},{"type":"Feature","geometry":{"type":"LineString","coordinates":[[142.4701,44.8402],[142.4698,44.8406],[142.469,44.8414],[142.4777,44.852],[142.4789,44.8538],[142.498,44.8568],[142.5034,44.8577],[142.5211,44.8677],[142.5276,44.8713],[142.5478,44.8824],[142.5604,44.8891],[142.5755,44.8986],[142.5805,44.9018],[142.5786,44.9144],[142.5772,44.9236],[142.5731,44.9269],[142.5719,44.9266],[142.5722,44.9262]]},"properties":{"name":"\u679d\u5e78\u7dda","loading_pct":9.2,"p_mw":6.3}},{"type":"Feature","geometry":{"type":"LineString","coordinates":[[142.1805,44.3007],[142.1777,44.2997],[142.1805,44.3006]]},"properties":{"name":"\u5317\u6d77\u9053\u96fb\u529b\u30cd\u30c3\u30c8\u30ef\u30fc\u30af 66.0kV\u7dda","loading_pct":10.4,"p_mw":-7.1}},{"type":"Feature","geometry":{"type":"LineString","coordinates":[[141.6805,45.3983],[141.675,45.3908],[141.6741,45.3906],[141.6731,45.3904],[141.6726,45.3898],[141.672,45.3891],[141.6714,45.3884],[141.6709,45.3879],[141.6704,45.3873],[141.6698,45.3867],[141.6699,45.3856],[141.6699,45.3851],[141.668,45.3842]]},"properties":{"name":"Wakkanai Line","loading_pct":0.0,"p_mw":0.0}},{"type":"Feature","geometry":{"type":"LineString","coordinates":[[142.8707,44.342],[142.8709,44.3421],[142.8799,44.3417],[142.8855,44.3428],[142.8923,44.3443],[142.899,44.3434],[142.9009,44.3431],[142.9021,44.343],[142.9034,44.343],[142.9045,44.3429],[142.9056,44.3428],[142.9067,44.3424],[142.9077,44.342],[142.9088,44.3415],[142.9098,44.3411],[142.9107,44.3407],[142.9117,44.3403],[142.9127,44.3399],[142.9137,44.3395],[142.9156,44.3387],[142.9187,44.3376],[142.9207,44.3369],[142.9217,44.3365],[142.9227,44.3362],[142.9237,44.3359],[142.9248,44.3355],[142.9258,44.3352],[142.9263,44.3345],[142.9295,44.3322],[142.9316,44.3308],[142.9364,44.3283],[142.9381,44.3274],[142.9404,44.3262],[142.9437,44.3244],[142.9487,44.3257],[142.9512,44.3271],[142.9521,44.3279],[142.9523,44.3287],[142.9525,44.3288]]},"properties":{"name":"\u6edd\u306e\u4e0a\u7dda","loading_pct":54.3,"p_mw":12.4}},{"type":"Feature","geometry":{"type":"LineString","coordinates":[[142.9525,44.3288],[142.9566,44.3266],[142.9631,44.3265],[142.9665,44.3254],[142.9691,44.3232],[142.9716,44.3205],[142.9734,44.3183],[142.973,44.3119],[142.9736,44.3102],[142.9715,44.3034],[142.9716,44.3002],[142.9738,44.2974],[142.976,44.2915],[142.9769,44.2895],[142.9777,44.2864],[142.9786,44.2847],[142.9772,44.2759],[142.9774,44.2687],[142.9742,44.2624],[142.9738,44.2617],[142.9733,44.2609],[142.9726,44.2555],[142.9724,44.252],[142.9716,44.2503],[142.9713,44.2457],[142.9706,44.2381],[142.9772,44.2324],[142.9791,44.2322],[142.9808,44.2323],[142.9812,44.2322],[142.9845,44.2292],[142.9864,44.2263],[142.9892,44.2227],[142.9982,44.2133],[143.008,44.2135],[143.0149,44.2122],[143.0161,44.2135],[143.0255,44.2136],[143.0338,44.2112],[143.038,44.2089],[143.0441,44.2058],[143.0452,44.2054],[143.0462,44.2049],[143.0475,44.2049],[143.0675,44.1982],[143.0712,44.1979],[143.0742,44.1967],[143.0798,44.1961],[143.08,44.1954],[143.08,44.1948]]},"properties":{"name":"\u6edd\u306e\u4e0a\u7dda","loading_pct":31.1,"p_mw":7.1}},{"type":"Feature","geometry":{"type":"LineString","coordinates":[[143.0564,44.5102],[143.0588,44.5083],[143.0605,44.5063],[143.0653,44.5013],[143.0693,44.4973],[143.0718,44.4952],[143.0811,44.4887],[143.0846,44.4856],[143.0921,44.4802],[143.0974,44.4765],[143.1079,44.4688],[143.1112,44.466],[143.1116,44.4659]]},"properties":{"name":"\u6ca2\u6728\u5909\u96fb\u6240~\u8208\u90e8\u5909\u96fb\u6240\u7dda","loading_pct":62.3,"p_mw":-14.2}},{"type":"Feature","geometry":{"type":"LineString","coordinates":[[141.033,42.3724],[141.0327,42.3712],[141.0348,42.3713],[141.0358,42.3713],[141.0375,42.3713],[141.0379,42.3711],[141.0401,42.3696],[141.0419,42.3675],[141.0446,42.3647],[141.0456,42.3635],[141.046,42.3621],[141.0463,42.3614],[141.0466,42.3604],[141.0469,42.3587],[141.0465,42.357],[141.0454,42.3555],[141.0445,42.3546],[141.0432,42.3538],[141.0429,42.3536],[141.0419,42.3529],[141.0395,42.3515],[141.0374,42.3503],[141.037,42.3495],[141.0348,42.3482],[141.0334,42.3474],[141.0314,42.3459],[141.0296,42.3447],[141.0283,42.3438],[141.0283,42.3437],[141.0273,42.3431],[141.0263,42.3421],[141.0247,42.3403],[141.0233,42.3386],[141.0216,42.3366],[141.0211,42.3359],[141.0203,42.3349],[141.0191,42.3334],[141.0176,42.3315],[141.0161,42.3297],[141.013,42.3283],[141.0126,42.3281],[141.0106,42.3279],[141.0084,42.3279],[141.0052,42.328],[141.001,42.3273]]},"properties":{"name":"trafo_187/66kV","loading_pct":5.1,"p_mw":10.2}},{"type":"Feature","geometry":{"type":"LineString","coordinates":[[141.5566,42.6346],[141.5543,42.636],[141.5522,42.6374],[141.5502,42.6376],[141.5472,42.6373],[141.5451,42.6371],[141.542,42.6368],[141.5391,42.6364],[141.5362,42.6357],[141.5322,42.6347],[141.5298,42.6339],[141.5266,42.6331],[141.5236,42.6321],[141.5204,42.6308],[141.5183,42.63],[141.516,42.6291],[141.5156,42.6271],[141.514,42.6269],[141.513,42.6254],[141.5105,42.6249],[141.5082,42.6242],[141.5058,42.6235],[141.5037,42.623],[141.5026,42.6236],[141.5017,42.6249],[141.5001,42.6239],[141.4979,42.6227],[141.4959,42.6217],[141.4947,42.6218],[141.4939,42.6211],[141.4909,42.6217],[141.4893,42.6206],[141.4874,42.6194],[141.4854,42.6181],[141.4817,42.6178],[141.4782,42.6174],[141.474,42.617],[141.4728,42.616],[141.4708,42.6154],[141.4686,42.6139],[141.4663,42.6123],[141.4631,42.6114],[141.4604,42.6099],[141.4579,42.6084],[141.4549,42.6064],[141.4528,42.607],[141.4497,42.6068],[141.4467,42.6058],[141.4449,42.6052],[141.4419,42.6042],[141.4377,42.6029],[141.4338,42.6032],[141.4309,42.6045],[141.4281,42.6032],[141.4255,42.6021],[141.4211,42.6004],[141.418,42.6001],[141.4165,42.5985],[141.4126,42.5976],[141.4098,42.5967],[141.406,42.5954],[141.4045,42.5949],[141.4022,42.5939],[141.4,42.5927],[141.3992,42.5908],[141.3974,42.5901],[141.3943,42.5887],[141.3934,42.5875],[141.3919,42.5853],[141.3881,42.5843],[141.386,42.5835],[141.3835,42.5825],[141.3816,42.5818],[141.3783,42.5805],[141.3763,42.5797],[141.3729,42.5783],[141.3699,42.5772],[141.3681,42.5765],[141.3659,42.5756],[141.362,42.5741],[141.3606,42.5735],[141.3584,42.5715],[141.3578,42.5708],[141.3549,42.5682],[141.3541,42.5674],[141.3528,42.5661],[141.3509,42.5643],[141.3489,42.5656],[141.3468,42.5665],[141.3453,42.5657],[141.345,42.5637],[141.3444,42.5607],[141.3446,42.5585],[141.3406,42.5572],[141.3366,42.5551],[141.3349,42.5542],[141.3325,42.5528],[141.3296,42.551],[141.327,42.5494],[141.3263,42.5472],[141.3238,42.5462],[141.3234,42.545],[141.3217,42.5436],[141.3196,42.5419],[141.3174,42.5401],[141.3145,42.5389],[141.3127,42.5371],[141.3105,42.5351],[141.3091,42.5336],[141.3077,42.5323],[141.3057,42.5316],[141.3038,42.5309],[141.3007,42.5287],[141.2985,42.5276],[141.2968,42.5263],[141.2949,42.5248],[141.2928,42.5231],[141.2901,42.5211],[141.2874,42.519],[141.2849,42.5177],[141.2826,42.5163],[141.2802,42.5149],[141.2801,42.5133],[141.2785,42.5119],[141.2764,42.5098],[141.2761,42.5079]]},"properties":{"name":"trafo_187/66kV","loading_pct":3.6,"p_mw":7.1}},{"type":"Feature","geometry":{"type":"LineString","coordinates":[[140.8594,41.765],[140.8569,41.7659],[140.8562,41.7684],[140.8556,41.7707],[140.8549,41.7745],[140.8539,41.7776],[140.8508,41.7804],[140.8509,41.7825],[140.851,41.7851],[140.8516,41.7881],[140.8522,41.7898],[140.852,41.7921],[140.8518,41.7955],[140.8498,41.7985],[140.8467,41.8016],[140.8448,41.8035],[140.843,41.8054],[140.8424,41.8074],[140.8417,41.8101],[140.8405,41.8117],[140.8369,41.814],[140.8338,41.8163],[140.8309,41.8183],[140.8285,41.8201],[140.8253,41.8211],[140.8219,41.8217],[140.818,41.8221],[140.8137,41.8227],[140.8095,41.8259],[140.808,41.827],[140.805,41.829],[140.8027,41.8308],[140.8008,41.8319],[140.799,41.8337],[140.7976,41.8353],[140.7955,41.8375],[140.7941,41.8414],[140.7931,41.8438],[140.7918,41.8473],[140.7896,41.8498],[140.7873,41.8525],[140.7854,41.8549],[140.7794,41.8578],[140.7748,41.8601],[140.7712,41.8618],[140.7672,41.8638],[140.7646,41.8651],[140.7614,41.8667],[140.7583,41.8682],[140.7535,41.8706],[140.747,41.8738],[140.7441,41.876],[140.7403,41.8778],[140.7375,41.8793],[140.7354,41.8814],[140.7337,41.8827],[140.7315,41.8834],[140.7285,41.8844],[140.7263,41.8869],[140.7251,41.8883],[140.721,41.8929],[140.7185,41.8958],[140.7158,41.8987],[140.7139,41.9009],[140.7123,41.9027],[140.7095,41.9059],[140.708,41.9076],[140.7051,41.9109],[140.7034,41.9125],[140.7018,41.914],[140.6974,41.9181],[140.6957,41.9197],[140.6929,41.9238],[140.6904,41.9275],[140.6872,41.9292],[140.6835,41.9312],[140.679,41.932],[140.6759,41.9324],[140.6686,41.9336],[140.6642,41.932]]},"properties":{"name":"trafo_250/187kV","loading_pct":4.7,"p_mw":-23.6}},{"type":"Feature","geometry":{"type":"LineString","coordinates":[[140.9947,42.4016],[140.9933,42.3959],[140.9918,42.3967],[140.99,42.3978],[140.9891,42.3981],[140.982,42.4004],[140.9786,42.4016],[140.9776,42.4019],[140.976,42.4025],[140.9731,42.4035],[140.9697,42.4045],[140.9691,42.4048],[140.9661,42.4057],[140.9636,42.4066],[140.9612,42.4074],[140.9599,42.4079],[140.9547,42.4096],[140.9509,42.4108],[140.9476,42.4107],[140.9432,42.4115],[140.9407,42.4116],[140.9398,42.4142],[140.9385,42.4152],[140.9367,42.416],[140.9349,42.4172],[140.934,42.4188],[140.9312,42.4221],[140.9296,42.424],[140.9284,42.4257],[140.9264,42.4273],[140.925,42.4294],[140.9237,42.4308],[140.9216,42.4333],[140.9194,42.4359],[140.918,42.4375],[140.9168,42.4388],[140.9147,42.4413],[140.9136,42.4429],[140.9117,42.4458],[140.9104,42.448],[140.9091,42.45],[140.9077,42.4521],[140.9065,42.454],[140.905,42.4564],[140.9036,42.4586],[140.9032,42.4586]]},"properties":{"name":"trafo_187/66kV","loading_pct":0.9,"p_mw":-1.8}},{"type":"Feature","geometry":{"type":"LineString","coordinates":[[140.9947,42.4016],[140.9936,42.3931],[140.9911,42.3918],[140.9882,42.3911],[140.9863,42.3905],[140.9842,42.3898],[140.9826,42.3872],[140.9805,42.3863],[140.9783,42.3852],[140.9758,42.3846],[140.9723,42.3839],[140.9704,42.3821],[140.9663,42.3773],[140.9625,42.3725],[140.9577,42.3663],[140.9556,42.3662],[140.9542,42.3661],[140.9525,42.3653],[140.9516,42.3649],[140.9501,42.3639],[140.9947,42.3707]]},"properties":{"name":"trafo_187/66kV","loading_pct":2.2,"p_mw":4.5}},{"type":"Feature","geometry":{"type":"LineString","coordinates":[[141.0356,42.7494],[141.0372,42.7512],[141.0426,42.7502],[141.0462,42.7496],[141.0491,42.749],[141.0541,42.7482],[141.0574,42.7472],[141.0616,42.7459],[141.0673,42.7443],[141.073,42.7453],[141.0796,42.7442],[141.0829,42.7435],[141.0863,42.7427],[141.0926,42.7412],[141.0956,42.7404],[141.1002,42.739],[141.1036,42.7341],[141.1055,42.7315],[141.1106,42.7281],[141.1174,42.7234],[141.1227,42.7199],[141.1274,42.7167],[141.135,42.7141],[141.1429,42.714],[141.1482,42.7141],[141.1537,42.7141],[141.1615,42.7142],[141.1657,42.7142],[141.1706,42.7107],[141.1751,42.7065],[141.1783,42.7034],[141.1811,42.7008],[141.1843,42.6997],[141.1867,42.6988],[141.1894,42.6993],[141.1954,42.7003],[141.2023,42.7002],[141.2079,42.6995],[141.2134,42.6987],[141.2192,42.6978],[141.2253,42.6947],[141.2282,42.6933],[141.2365,42.6916],[141.2414,42.691],[141.2465,42.6916],[141.2512,42.6922],[141.2569,42.6929],[141.2615,42.6934],[141.267,42.6935],[141.2714,42.6935],[141.2752,42.6914],[141.2801,42.6882],[141.2848,42.6855],[141.2888,42.6829],[141.2932,42.6801],[141.2982,42.6777],[141.3031,42.6755],[141.3082,42.6731],[141.3128,42.6709],[141.3177,42.6686],[141.323,42.6663],[141.328,42.6642],[141.3329,42.6621],[141.3379,42.6599],[141.3426,42.6579],[141.3521,42.6538],[141.3568,42.6517],[141.3606,42.6497],[141.3667,42.6468],[141.371,42.6448],[141.3753,42.6421],[141.3799,42.6395],[141.3841,42.6369],[141.3882,42.6344],[141.3932,42.6313],[141.3978,42.6296],[141.4021,42.6278],[141.406,42.6262],[141.4107,42.6244],[141.4151,42.626],[141.4193,42.6277],[141.4238,42.6298],[141.4288,42.6321],[141.4392,42.6365],[141.4437,42.6384],[141.448,42.6402],[141.453,42.6422],[141.4573,42.6452],[141.4612,42.6479],[141.4653,42.6507],[141.471,42.6546],[141.4756,42.6578],[141.5024,42.6141]]},"properties":{"name":"trafo_275/66kV","loading_pct":45.7,"p_mw":137.0}},{"type":"Feature","geometry":{"type":"LineString","coordinates":[[141.033,42.3724],[141.0391,42.3728],[141.0403,42.3736],[141.0416,42.3745],[141.0414,42.3768],[141.0419,42.3805],[141.0425,42.3834],[141.0429,42.3867],[141.0434,42.3897],[141.0438,42.3932],[141.0459,42.3948],[141.0495,42.3978],[141.0518,42.3997],[141.0555,42.4028],[141.0575,42.4045],[141.0588,42.4055],[141.0614,42.4077],[141.0642,42.41],[141.0652,42.4108],[141.0681,42.4132],[141.07,42.4148],[141.0747,42.4187],[141.0775,42.421],[141.1132,42.4212]]},"properties":{"name":"trafo_187/66kV","loading_pct":23.9,"p_mw":47.8}},{"type":"Feature","geometry":{"type":"LineString","coordinates":[[140.6073,41.888],[140.6061,41.8897],[140.6066,41.8912],[140.6085,41.8934],[140.6107,41.8948],[140.6129,41.8961],[140.6146,41.8971],[140.6162,41.898],[140.6185,41.8994],[140.6205,41.9008],[140.6204,41.9037],[140.6203,41.9055],[140.6202,41.907],[140.6201,41.9095],[140.62,41.9115],[140.6199,41.914],[140.6198,41.9162],[140.6197,41.9185],[140.6196,41.9208],[140.618,41.9227],[140.6166,41.9243],[140.6148,41.9265],[140.6155,41.928],[140.6162,41.9295],[140.6174,41.9321],[140.6182,41.934],[140.6193,41.9355],[140.6204,41.9371],[140.6217,41.9391],[140.6226,41.9405],[140.6269,41.9415],[140.6291,41.9412],[140.6331,41.9406],[140.6355,41.9403],[140.6382,41.9399],[140.6395,41.9376],[140.6422,41.9358],[140.6444,41.9348],[140.6487,41.9342],[140.651,41.9338],[140.6526,41.9332],[140.6545,41.9321]]},"properties":{"name":"trafo_275/187kV","loading_pct":11.1,"p_mw":55.7}},{"type":"Feature","geometry":{"type":"LineString","coordinates":[[140.6073,41.888],[140.6047,41.8848],[140.6033,41.8824],[140.6007,41.8803],[140.5983,41.8784],[140.5966,41.8757],[140.5954,41.8736],[140.5927,41.8707],[140.5903,41.869],[140.589,41.8656],[140.5883,41.8633],[140.5895,41.8609],[140.5907,41.8584],[140.591,41.8569],[140.5888,41.8547],[140.5872,41.8537],[140.5851,41.8521],[140.5825,41.8505],[140.5788,41.8482],[140.5759,41.8463],[140.5738,41.8445],[140.5719,41.843],[140.5698,41.8414],[140.5669,41.8389],[140.5646,41.8375],[140.561,41.8354],[140.5578,41.8335],[140.5544,41.8315],[140.5523,41.8307],[140.5486,41.8296],[140.5465,41.8289],[140.5412,41.8282],[140.5381,41.8281],[140.535,41.828],[140.5331,41.8265],[140.5312,41.825],[140.528,41.8226],[140.5256,41.8196],[140.5212,41.8147],[140.5195,41.8131],[140.5171,41.811],[140.5148,41.8082],[140.5126,41.8055],[140.5108,41.8032],[140.5086,41.8005],[140.5059,41.7982],[140.5031,41.7956],[140.4992,41.794],[140.4965,41.7929],[140.4933,41.792],[140.4881,41.7909],[140.4845,41.7904],[140.4805,41.7879],[140.4767,41.7859],[140.4731,41.784],[140.4702,41.7824],[140.4675,41.7809],[140.4653,41.7797],[140.462,41.7776],[140.4595,41.775],[140.4574,41.7728],[140.4543,41.7702],[140.4523,41.7682],[140.4494,41.7665],[140.4453,41.7642],[140.4412,41.7621],[140.4381,41.7604],[140.4356,41.757],[140.4336,41.7542],[140.4307,41.751],[140.4273,41.7492],[140.4261,41.7467],[140.4227,41.7447],[140.4206,41.7433],[140.4191,41.741],[140.4166,41.7375],[140.415,41.735],[140.4122,41.7317],[140.4105,41.7296],[140.4083,41.7271],[140.407,41.7255],[140.4025,41.7234],[140.4002,41.7224],[140.3973,41.7201],[140.3959,41.7168],[140.395,41.7148],[140.3941,41.7127],[140.3931,41.7104],[140.3918,41.7085],[140.3912,41.7054],[140.3908,41.7028],[140.3904,41.7007],[140.3906,41.6986],[140.3919,41.6956],[140.393,41.693],[140.394,41.6898],[140.3944,41.6879],[140.3941,41.6851],[140.3941,41.6837],[140.3939,41.6806],[140.3928,41.6778],[140.3914,41.6751],[140.3904,41.673],[140.3888,41.6698],[140.3867,41.6669],[140.3846,41.6652],[140.3831,41.6622],[140.3826,41.6598],[140.3822,41.6581],[140.3805,41.6554],[140.3799,41.654],[140.3796,41.6522],[140.379,41.6497],[140.3777,41.647],[140.3766,41.645],[140.3757,41.6421],[140.3752,41.6396],[140.3747,41.6379],[140.3741,41.6352],[140.3724,41.634],[140.3701,41.631],[140.3692,41.6286],[140.3667,41.6254],[140.364,41.6224],[140.3624,41.6205],[140.3614,41.6177],[140.3614,41.6153],[140.362,41.6126],[140.3624,41.6111],[140.3621,41.6079],[140.362,41.6047],[140.3617,41.6019],[140.3616,41.5992],[140.364,41.5974],[140.3666,41.5955],[140.3695,41.5934],[140.3721,41.5914],[140.3753,41.5891],[140.3781,41.588],[140.3812,41.5869],[140.3836,41.5861],[140.387,41.5848],[140.3899,41.5837],[140.3942,41.583],[140.3977,41.5824],[140.4002,41.5819],[140.4044,41.5812],[140.4084,41.5804],[140.411,41.5804],[140.4123,41.5826],[140.4152,41.5834],[140.4186,41.5835],[140.4221,41.5835],[140.4244,41.5829]]},"properties":{"name":"trafo_275/66kV","loading_pct":40.8,"p_mw":-122.3}},{"type":"Feature","geometry":{"type":"LineString","coordinates":[[140.6073,41.888],[140.609,41.8866],[140.6071,41.885],[140.6055,41.8835],[140.6034,41.8817],[140.6031,41.8793],[140.6028,41.8769],[140.6026,41.875],[140.6032,41.8721],[140.604,41.8703],[140.6053,41.8674],[140.6064,41.865],[140.6061,41.8629],[140.6046,41.8611],[140.6039,41.8589],[140.6031,41.8575],[140.6022,41.8561],[140.601,41.8541],[140.6001,41.8527],[140.6005,41.8511],[140.6009,41.8491],[140.6015,41.8465],[140.602,41.8438],[140.6025,41.8413],[140.603,41.839],[140.6035,41.8367],[140.604,41.8343],[140.6045,41.8321],[140.6062,41.8296],[140.6074,41.828],[140.608,41.8272],[140.6098,41.8248],[140.6139,41.8186]]},"properties":{"name":"trafo_275/66kV","loading_pct":6.2,"p_mw":18.7}},{"type":"Feature","geometry":{"type":"LineString","coordinates":[[140.6073,41.888],[140.6089,41.8899],[140.6061,41.8897],[140.6046,41.8894],[140.6022,41.8911],[140.6005,41.8944],[140.5994,41.8967],[140.5982,41.8991],[140.597,41.9016],[140.5942,41.9044],[140.5931,41.9062],[140.5899,41.9112],[140.5899,41.9144],[140.5875,41.9172],[140.5855,41.9228],[140.5833,41.9243],[140.5802,41.9264],[140.5779,41.9279],[140.575,41.9299],[140.5719,41.932],[140.5689,41.9341],[140.5685,41.936],[140.5668,41.9374],[140.5652,41.9379],[140.5617,41.9387],[140.5552,41.9431],[140.55,41.9447],[140.5465,41.9458],[140.5444,41.9464],[140.5402,41.9479],[140.536,41.9494],[140.532,41.9508],[140.5284,41.9509],[140.5216,41.9514],[140.5101,41.9518],[140.4816,41.949],[140.4743,41.9495],[140.4706,41.9497],[140.4671,41.9499],[140.4643,41.95],[140.4613,41.9501],[140.4583,41.9501],[140.454,41.9503],[140.451,41.9504],[140.4447,41.9505],[140.4404,41.9497],[140.4345,41.9489],[140.43,41.9483],[140.4246,41.9475],[140.4206,41.9469],[140.4169,41.9464],[140.415,41.9461],[140.4083,41.9452],[140.4054,41.9438],[140.4026,41.9435],[140.3997,41.9436],[140.3966,41.9437],[140.3936,41.9431],[140.391,41.9426],[140.3873,41.942],[140.3852,41.9417],[140.3823,41.9413],[140.3787,41.9407],[140.3752,41.9401],[140.3717,41.9395],[140.3687,41.9399],[140.365,41.9403],[140.3611,41.9408],[140.3577,41.9394],[140.3543,41.9379],[140.3514,41.9381],[140.3473,41.9382],[140.3432,41.9382],[140.3405,41.9383],[140.3404,41.9383],[140.337,41.9383],[140.3334,41.9383],[140.3301,41.9383],[140.3259,41.9384],[140.3226,41.9386]]},"properties":{"name":"trafo_275/66kV","loading_pct":15.2,"p_mw":45.6}},{"type":"Feature","geometry":{"type":"LineString","coordinates":[[140.2347,41.4418],[140.1782,41.4218],[140.1774,41.4217],[140.1759,41.4211],[140.1733,41.4194],[140.1705,41.4196],[140.1616,41.4252],[140.1118,41.4335]]},"properties":{"name":"trafo_250/66kV","loading_pct":2.4,"p_mw":7.1}},{"type":"Feature","geometry":{"type":"LineString","coordinates":[[140.8303,42.4837],[140.83,42.4829],[140.8327,42.4826],[140.835,42.484],[140.8385,42.4825],[140.8431,42.483],[140.8447,42.4824],[140.8466,42.483],[140.8494,42.4837],[140.8527,42.4847],[140.8544,42.487],[140.8592,42.4867],[140.8618,42.4875],[140.8643,42.4882],[140.8761,42.485]]},"properties":{"name":"trafo_187/66kV","loading_pct":34.1,"p_mw":68.1}},{"type":"Feature","geometry":{"type":"LineString","coordinates":[[140.8594,41.765],[140.8605,41.7656],[140.8602,41.7659],[140.8595,41.7659],[140.8576,41.7661],[140.8568,41.7663],[140.8563,41.7666],[140.8554,41.7671],[140.8548,41.7675],[140.8538,41.7682],[140.8529,41.7688],[140.8523,41.7693],[140.8518,41.7697],[140.851,41.7702],[140.8503,41.7708],[140.8495,41.7711],[140.8487,41.7714],[140.8479,41.7717],[140.8471,41.7721],[140.8468,41.7726],[140.8464,41.7732],[140.8459,41.7737],[140.8455,41.7743],[140.8452,41.775],[140.845,41.7757],[140.8447,41.7766],[140.8444,41.7777],[140.8442,41.7783],[140.844,41.7789],[140.8438,41.7796],[140.8436,41.7802],[140.8434,41.7809],[140.8431,41.7816],[140.8429,41.7822],[140.8427,41.7828],[140.8423,41.7835],[140.8419,41.7841],[140.8415,41.7848],[140.8411,41.7854],[140.8406,41.7861],[140.8402,41.7867],[140.8397,41.7871],[140.8392,41.7875],[140.8385,41.7881],[140.8379,41.7887],[140.8372,41.7892],[140.8366,41.7897],[140.8361,41.7901],[140.8353,41.7907],[140.8346,41.7914],[140.8338,41.7921],[140.8332,41.7926],[140.8325,41.7929],[140.8317,41.7933],[140.8309,41.7937],[140.8301,41.7941],[140.8292,41.7945],[140.8261,41.7953],[140.8244,41.7956],[140.8227,41.7959],[140.8202,41.7965],[140.8173,41.797],[140.8144,41.7976],[140.8136,41.7979],[140.8126,41.7981],[140.8118,41.7985],[140.8108,41.7991],[140.8102,41.7989],[140.8088,41.7992],[140.8072,41.7997],[140.8061,41.8001],[140.8053,41.8003],[140.8046,41.8005],[140.8039,41.8008],[140.8034,41.8009],[140.8025,41.8012],[140.801,41.8019],[140.8002,41.8016],[140.7984,41.7938]]},"properties":{"name":"trafo_250/66kV","loading_pct":6.4,"p_mw":19.3}},{"type":"Feature","geometry":{"type":"LineString","coordinates":[[140.6073,41.888],[140.6057,41.8855],[140.6047,41.8839],[140.6039,41.8825],[140.6037,41.8805],[140.6039,41.8783],[140.604,41.8766],[140.6042,41.8751],[140.6049,41.872],[140.6043,41.8703],[140.6073,41.8689],[140.6089,41.8673],[140.6106,41.8647],[140.6118,41.8629],[140.6138,41.8606],[140.6152,41.8589],[140.6177,41.8582],[140.6186,41.8583],[140.622,41.8587],[140.6264,41.8592],[140.6295,41.8583],[140.6336,41.8572],[140.6375,41.8571],[140.6414,41.8563],[140.6426,41.8538],[140.6432,41.851],[140.6438,41.8484],[140.6439,41.8461],[140.6443,41.8416]]},"properties":{"name":"trafo_275/187kV","loading_pct":0.5,"p_mw":-2.6}},{"type":"Feature","geometry":{"type":"LineString","coordinates":[[141.0338,42.743],[141.0367,42.7417],[141.0382,42.7396],[141.0398,42.7374],[141.0411,42.7356],[141.0428,42.7333],[141.0469,42.7333],[141.0511,42.7332],[141.0546,42.7331],[141.0619,42.7324],[141.0679,42.7318],[141.0696,42.7317],[141.0724,42.7314],[141.076,42.7311],[141.0795,42.7308],[141.0828,42.7304],[141.0851,42.7297],[141.0866,42.7292],[141.0891,42.7285],[141.0929,42.7274],[141.0973,42.726],[141.1005,42.7249],[141.1126,42.721],[141.1153,42.7201],[141.1201,42.7185],[141.1223,42.7178],[141.1271,42.7163],[141.133,42.7143],[141.1357,42.7144],[141.1386,42.7144],[141.1416,42.7145],[141.1455,42.7145],[141.1492,42.7145],[141.1535,42.7146],[141.1567,42.7146],[141.1596,42.7146],[141.1621,42.7147],[141.166,42.7147],[141.168,42.7133],[141.1706,42.7115],[141.1723,42.7102],[141.1746,42.7078],[141.1764,42.706],[141.1784,42.704],[141.1812,42.7011],[141.1845,42.7],[141.1868,42.6991],[141.1894,42.6996],[141.1947,42.7006],[141.1975,42.7006],[141.2007,42.7006],[141.2049,42.7008],[141.2083,42.6998],[141.2138,42.6998],[141.2171,42.6994],[141.2196,42.698],[141.2215,42.697],[141.2255,42.695],[141.2287,42.6939],[141.2338,42.6927],[141.2366,42.6922],[141.2384,42.6918],[141.2416,42.6912],[141.2453,42.6917],[141.249,42.6923],[141.2527,42.6927],[141.2572,42.6933],[141.2601,42.6938],[141.2623,42.6938],[141.2656,42.6938],[141.2687,42.6938],[141.2718,42.6938],[141.2741,42.6926],[141.2806,42.6886],[141.2834,42.687],[141.2861,42.6852],[141.288,42.684],[141.2906,42.6823],[141.2939,42.6819],[141.2973,42.6816],[141.3008,42.6812],[141.3053,42.6806],[141.3089,42.6802],[141.3121,42.679],[141.3161,42.6776],[141.3198,42.6763],[141.3229,42.6752],[141.3439,42.6681],[141.3466,42.6658],[141.3499,42.6632],[141.3525,42.661],[141.3545,42.6593],[141.3563,42.6578],[141.3634,42.6455],[141.3652,42.6431],[141.3707,42.6388],[141.3781,42.6354],[141.38,42.6335],[141.3817,42.6318],[141.3867,42.6269],[141.3894,42.6241],[141.3927,42.6209],[141.3969,42.6216],[141.4005,42.6222],[141.4039,42.6226],[141.4076,42.6231],[141.4103,42.6235],[141.4136,42.6249],[141.4171,42.6263],[141.42,42.6275],[141.4234,42.629],[141.4265,42.6303],[141.4293,42.6315],[141.4325,42.6328],[141.4351,42.634],[141.4379,42.6352],[141.4413,42.6366],[141.4443,42.6379],[141.447,42.639],[141.4504,42.6405],[141.4531,42.6417],[141.4556,42.6435],[141.4584,42.6454],[141.4608,42.6471],[141.463,42.6486],[141.4656,42.6504],[141.4688,42.6527],[141.4708,42.6541],[141.4747,42.6568],[141.4778,42.6589],[141.4798,42.6604],[141.4822,42.662],[141.4847,42.6638],[141.4869,42.6653],[141.5024,42.6141]]},"properties":{"name":"trafo_187/66kV","loading_pct":40.6,"p_mw":81.3}},{"type":"Feature","geometry":{"type":"LineString","coordinates":[[141.033,42.3724],[141.0141,42.3829],[141.0113,42.3827],[141.009,42.3814],[141.0073,42.3802],[141.0068,42.378],[141.0065,42.3764],[141.0035,42.3754],[141.0005,42.3743],[140.9984,42.3726],[140.9962,42.3705],[140.9947,42.3707]]},"properties":{"name":"trafo_187/66kV","loading_pct":1.3,"p_mw":2.6}},{"type":"Feature","geometry":{"type":"LineString","coordinates":[[140.2347,41.4418],[140.2233,41.441],[140.2214,41.4398],[140.2172,41.4392],[140.2148,41.4389],[140.2104,41.4383],[140.2071,41.4378],[140.2056,41.435],[140.2014,41.4334],[140.1979,41.4332],[140.1946,41.4331],[140.1904,41.4328],[140.188,41.432],[140.1859,41.4313],[140.1828,41.4303],[140.1799,41.4293],[140.1767,41.4282],[140.1739,41.4275],[140.1712,41.4269],[140.1675,41.4263],[140.1661,41.4269],[140.1638,41.4279],[140.162,41.4287],[140.1593,41.4298],[140.156,41.4312],[140.1532,41.4325],[140.1509,41.4334],[140.1487,41.4344],[140.1471,41.4355],[140.1445,41.4373],[140.1413,41.4394],[140.1393,41.4408],[140.1373,41.4422],[140.1337,41.4428],[140.1294,41.443],[140.1261,41.4429],[140.1237,41.4432],[140.1194,41.4433],[140.118,41.4437],[140.116,41.4441],[140.1119,41.4451],[140.1075,41.4448],[140.1046,41.4437],[140.1002,41.4413],[140.0987,41.4396],[140.0974,41.4382],[140.0962,41.4368],[140.0952,41.4355],[140.0937,41.4333],[140.091,41.4317],[140.0892,41.4308],[140.0865,41.4309],[140.0835,41.431],[140.0809,41.4331],[140.0773,41.4335],[140.0747,41.4326],[140.0748,41.4302]]},"properties":{"name":"trafo_250/66kV","loading_pct":2.4,"p_mw":7.1}},{"type":"Feature","geometry":{"type":"LineString","coordinates":[[140.6545,41.9321],[140.6571,41.9323]]},"properties":{"name":"trafo_187/66kV","loading_pct":3.8,"p_mw":7.6}},{"type":"Feature","geometry":{"type":"LineString","coordinates":[[140.6545,41.9321],[140.612,41.9885],[140.6116,41.9905],[140.6111,41.9925],[140.6107,41.9943],[140.6102,41.9966],[140.6097,41.9989],[140.6092,42.0006],[140.6089,42.0021],[140.6083,42.0046],[140.6081,42.0056],[140.6079,42.0069],[140.6074,42.0088],[140.607,42.0105],[140.6065,42.0128],[140.606,42.015],[140.6055,42.0171],[140.6052,42.0184],[140.5834,42.1048]]},"properties":{"name":"trafo_187/66kV","loading_pct":10.1,"p_mw":20.3}},{"type":"Feature","geometry":{"type":"LineString","coordinates":[[140.6545,41.9321],[140.6571,41.9323]]},"properties":{"name":"trafo_187/66kV","loading_pct":3.8,"p_mw":7.6}},{"type":"Feature","geometry":{"type":"LineString","coordinates":[[140.6545,41.9321],[140.6571,41.9323]]},"properties":{"name":"trafo_187/66kV","loading_pct":3.8,"p_mw":7.6}},{"type":"Feature","geometry":{"type":"LineString","coordinates":[[141.5566,42.6346],[141.5227,42.7021],[141.5141,42.7066],[141.4641,42.7326],[141.4571,42.738],[141.4555,42.7411],[141.4523,42.745],[141.451,42.7474],[141.4462,42.7491],[141.4443,42.7517],[141.4407,42.7555],[141.435,42.7648],[141.4391,42.7708],[141.4398,42.7738],[141.4401,42.7763],[141.4401,42.7779],[141.4401,42.7788],[141.4383,42.7831],[141.4382,42.7839],[141.438,42.789],[141.4384,42.7894]]},"properties":{"name":"trafo_187/66kV","loading_pct":3.6,"p_mw":7.1}},{"type":"Feature","geometry":{"type":"LineString","coordinates":[[141.5566,42.6346],[141.5227,42.7021],[141.5141,42.7066],[141.4641,42.7326],[141.4571,42.738],[141.4555,42.7411],[141.4523,42.745],[141.451,42.7474],[141.4462,42.7491],[141.4443,42.7517],[141.4407,42.7555],[141.435,42.7648],[141.4391,42.7708],[141.4398,42.7738],[141.4401,42.7763],[141.4401,42.7779],[141.4401,42.7788],[141.4383,42.7831],[141.4382,42.7839],[141.438,42.789],[141.4384,42.7894]]},"properties":{"name":"trafo_187/66kV","loading_pct":3.6,"p_mw":7.1}},{"type":"Feature","geometry":{"type":"LineString","coordinates":[[141.5566,42.6346],[141.5577,42.6358],[141.5576,42.6382],[141.56,42.6388],[141.5625,42.6405],[141.5665,42.6427],[141.5686,42.6433],[141.5725,42.6446],[141.5771,42.6462],[141.5781,42.648],[141.5768,42.6511],[141.5744,42.6536],[141.574,42.6565],[141.5769,42.6584],[141.5798,42.6602],[141.5826,42.6614],[141.5847,42.6622],[141.5886,42.6633],[141.5916,42.664],[141.5944,42.6635],[141.5968,42.6638],[141.5991,42.6636],[141.6022,42.6635],[141.6053,42.6637],[141.6093,42.6649],[141.6126,42.6665],[141.6144,42.6677],[141.6174,42.6695],[141.6198,42.6703],[141.6227,42.6708],[141.6258,42.6711],[141.6299,42.6711],[141.634,42.6724],[141.6383,42.6729],[141.6406,42.6734],[141.6431,42.6755],[141.6458,42.6779],[141.648,42.6811],[141.649,42.6833],[141.6504,42.6829],[141.6514,42.682],[141.6519,42.6809],[141.6524,42.678],[141.6553,42.6761],[141.6558,42.6762],[141.6572,42.674],[141.6587,42.6715],[141.6601,42.6692],[141.662,42.6661],[141.6635,42.6638],[141.665,42.6613],[141.6666,42.6594]]},"properties":{"name":"trafo_187/66kV","loading_pct":21.6,"p_mw":43.3}},{"type":"Feature","geometry":{"type":"LineString","coordinates":[[141.7811,42.7139],[141.7668,42.7178],[141.7637,42.7178],[141.7612,42.7157],[141.7584,42.7132],[141.7558,42.711],[141.7533,42.7087],[141.7506,42.7063],[141.7491,42.704],[141.7477,42.7017],[141.7464,42.6994],[141.744,42.697],[141.7405,42.6955],[141.7389,42.6925],[141.7382,42.6902],[141.7358,42.6879],[141.7331,42.686],[141.7308,42.6844],[141.7287,42.6815],[141.7277,42.6782],[141.7246,42.6762],[141.7225,42.6754],[141.718,42.6736],[141.7177,42.6709],[141.7165,42.6705],[141.7136,42.6695],[141.7104,42.6685],[141.7072,42.6674],[141.704,42.6663],[141.7007,42.6652],[141.6833,42.6629]]},"properties":{"name":"trafo_275/66kV","loading_pct":3.1,"p_mw":9.4}},{"type":"Feature","geometry":{"type":"LineString","coordinates":[[141.6618,42.6389],[141.6634,42.6375],[141.6646,42.6355],[141.6684,42.6368],[141.6718,42.6379],[141.6751,42.639],[141.6779,42.64],[141.6789,42.6383],[141.6798,42.6368],[141.6826,42.6377],[141.6855,42.6387],[141.6884,42.6396],[141.6912,42.6405],[141.6941,42.6415],[141.6969,42.6425],[141.6996,42.6434],[141.7032,42.6446],[141.7062,42.6456],[141.7093,42.6467],[141.7124,42.6477],[141.7158,42.6484],[141.7197,42.6497],[141.7236,42.651],[141.7276,42.6524],[141.7317,42.6537],[141.7357,42.655],[141.7341,42.6581],[141.7327,42.6611],[141.731,42.664],[141.729,42.6668],[141.727,42.6696],[141.7273,42.6722],[141.7276,42.6748],[141.7278,42.6764],[141.7281,42.6782],[141.729,42.6814],[141.7311,42.6842],[141.7334,42.6858],[141.7361,42.6877],[141.7386,42.69],[141.7393,42.6924],[141.7407,42.6954],[141.7442,42.6968],[141.7467,42.6993],[141.7481,42.7016],[141.7495,42.7038],[141.758,42.6845]]},"properties":{"name":"trafo_187/66kV","loading_pct":26.4,"p_mw":52.9}},{"type":"Feature","geometry":{"type":"LineString","coordinates":[[141.7811,42.7139],[141.7843,42.7177],[141.7877,42.7173],[141.7915,42.7168],[141.7953,42.7163],[141.7995,42.7158],[141.8031,42.7155],[141.8087,42.7161],[141.8135,42.7168],[141.8186,42.7175],[141.8236,42.7183],[141.8279,42.7189],[141.833,42.7196],[141.8351,42.7226],[141.8367,42.7254],[141.838,42.7275],[141.8392,42.7296],[141.8401,42.7313],[141.8415,42.7344],[141.8428,42.7372],[141.8442,42.74],[141.8454,42.7427],[141.8471,42.7459],[141.8492,42.7488],[141.8508,42.7511],[141.8527,42.7539],[141.8549,42.7569],[141.8572,42.7599],[141.8589,42.7624],[141.8605,42.7647],[141.8621,42.767],[141.8645,42.7702],[141.8665,42.773],[141.8695,42.7758],[141.8732,42.779],[141.8759,42.7814],[141.8787,42.784],[141.882,42.7865],[141.8846,42.7887],[141.8876,42.7912],[141.8905,42.7936],[141.8945,42.7969],[141.8974,42.7991],[141.9003,42.8002],[141.9017,42.805],[141.903,42.8092],[141.9042,42.8132],[141.9052,42.8152],[141.9074,42.82],[141.9092,42.8238],[141.9099,42.8253],[141.9099,42.8281],[141.91,42.8322],[141.9101,42.8367],[141.9101,42.8388],[141.9102,42.8434],[141.9103,42.8461],[141.9104,42.8509],[141.9105,42.8538],[141.9108,42.8582],[141.9104,42.8629],[141.91,42.8665],[141.9096,42.8706],[141.9094,42.8724],[141.9101,42.8752],[141.9109,42.8784],[141.9116,42.881],[141.9126,42.8849],[141.9133,42.8876],[141.9139,42.8905],[141.9127,42.8944],[141.9113,42.8985],[141.9105,42.901],[141.9101,42.9046],[141.9097,42.9085],[141.9095,42.9111],[141.9092,42.9136],[141.909,42.9168],[141.911,42.9204],[141.9112,42.9249],[141.9112,42.9276],[141.9113,42.9321],[141.9108,42.9351],[141.9103,42.9384],[141.9098,42.9418],[141.9094,42.9447],[141.909,42.9471],[141.9086,42.9499],[141.9081,42.9531],[141.9077,42.9564],[141.9079,42.9598],[141.908,42.9613],[141.9083,42.9657],[141.9086,42.9686],[141.9088,42.9714],[141.9091,42.9752],[141.9093,42.9786],[141.9095,42.9813],[141.9097,42.9836],[141.9104,42.9875],[141.9107,42.9895],[141.9113,42.9929],[141.9104,42.9969],[141.9099,42.9994],[141.9088,43.0012],[141.9073,43.0038],[141.9053,43.007],[141.9028,43.0098],[141.8995,43.013],[141.8981,43.0145],[141.896,43.0168],[141.8923,43.0207],[141.8903,43.0229],[141.8893,43.0249],[141.8877,43.0281],[141.8855,43.0325],[141.8839,43.0358],[141.8826,43.0385],[141.8811,43.0399],[141.8769,43.0439],[141.8743,43.0465],[141.8716,43.049],[141.8692,43.0513],[141.8672,43.0534],[141.864,43.0565],[141.8612,43.0592],[141.8594,43.0609],[141.8565,43.0637],[141.8537,43.0664],[141.8512,43.0689],[141.8483,43.0716],[141.8423,43.0713],[141.8391,43.0712],[141.8336,43.0719],[141.8293,43.0725],[141.8247,43.0732],[141.8199,43.0737],[141.8153,43.075],[141.8108,43.076],[141.8063,43.077],[141.8022,43.0779],[141.7971,43.0789],[141.7932,43.0798],[141.7901,43.0805],[141.7845,43.0818],[141.7774,43.0818],[141.7714,43.0818],[141.7688,43.0818],[141.7646,43.0818],[141.7606,43.0818],[141.7566,43.0818],[141.7525,43.0817],[141.7479,43.0817],[141.7428,43.0825],[141.7382,43.0841],[141.7331,43.0851],[141.7285,43.0853],[141.7241,43.0854],[141.7199,43.0864],[141.7149,43.0867],[141.7102,43.0876],[141.7055,43.0887],[141.7007,43.0898],[141.696,43.0909],[141.6926,43.0915],[141.6889,43.0922],[141.6859,43.0932],[141.6823,43.0939],[141.6779,43.0948],[141.6734,43.0958],[141.6693,43.0967],[141.6649,43.0976],[141.6612,43.0983],[141.6569,43.0992],[141.6529,43.1003],[141.6492,43.1016],[141.6461,43.1029],[141.6439,43.1051],[141.6415,43.1078],[141.639,43.1104],[141.6362,43.1135],[141.6336,43.1162],[141.6313,43.1187],[141.6291,43.1209],[141.6275,43.1227],[141.6244,43.1258],[141.6214,43.1285],[141.6189,43.1311],[141.6168,43.1334],[141.6148,43.1355],[141.6095,43.1367],[141.6057,43.1376],[141.6025,43.1384],[141.5989,43.1393],[141.595,43.1403],[141.5919,43.1411],[141.5875,43.1421],[141.5838,43.1431],[141.5834,43.146],[141.5829,43.1495],[141.5793,43.1525],[141.5783,43.1559],[141.5777,43.1593],[141.5772,43.1626],[141.5768,43.1652],[141.5763,43.1685],[141.5728,43.1697],[141.5696,43.1708],[141.5664,43.1717],[141.5626,43.1714],[141.5594,43.1712],[141.5557,43.1709],[141.5518,43.1706],[141.5482,43.1703],[141.5432,43.1699],[141.5393,43.1684],[141.5348,43.167],[141.5316,43.1662],[141.5281,43.1651],[141.5241,43.1638],[141.5204,43.1626],[141.5161,43.1613],[141.5116,43.1613],[141.5087,43.1608],[141.5049,43.1608],[141.5346,43.1209]]},"properties":{"name":"trafo_275/187kV","loading_pct":37.1,"p_mw":185.6}},{"type":"Feature","geometry":{"type":"LineString","coordinates":[[141.7811,42.7139],[141.7846,42.7173],[141.7877,42.717],[141.7915,42.7165],[141.7952,42.716],[141.799,42.7156],[141.8043,42.7151],[141.8086,42.7158],[141.8136,42.7165],[141.8187,42.7172],[141.8237,42.718],[141.828,42.7186],[141.8335,42.7193],[141.8357,42.7228],[141.8373,42.7255],[141.8385,42.7275],[141.8396,42.7293],[141.8404,42.7311],[141.8421,42.7344],[141.8484,42.7362],[141.8523,42.7373],[141.857,42.7387],[141.8617,42.74],[141.8637,42.7415],[141.8671,42.7442],[141.8723,42.7465],[141.8758,42.7479],[141.8804,42.7498],[141.8833,42.7514],[141.8862,42.7529],[141.8902,42.7551],[141.8933,42.7568],[141.8966,42.7587],[141.8989,42.7599],[141.902,42.7616],[141.9082,42.7626],[141.9116,42.7631],[141.9145,42.7635],[141.9199,42.7644],[141.9261,42.7653],[141.9311,42.766],[141.9343,42.767],[141.9399,42.7688],[141.9453,42.7682],[141.9482,42.7692],[141.9516,42.7723],[141.955,42.7739],[141.9605,42.7757],[141.9641,42.7769],[141.8833,42.7075]]},"properties":{"name":"trafo_275/66kV","loading_pct":12.2,"p_mw":36.7}},{"type":"Feature","geometry":{"type":"LineString","coordinates":[[142.5175,42.5105],[142.5175,42.5098],[142.5154,42.5099],[142.5076,42.5093],[142.5037,42.508],[142.4978,42.506],[142.4937,42.5047],[142.4907,42.5036],[142.4876,42.5026],[142.483,42.5017],[142.4811,42.5013],[142.4755,42.5002],[142.4719,42.4995],[142.4697,42.499],[142.466,42.4983],[142.4623,42.4975],[142.4581,42.4967],[142.4545,42.4959],[142.4511,42.4953],[142.4478,42.4946],[142.4423,42.4943],[142.4367,42.4941],[142.4313,42.4938],[142.428,42.4937],[142.4242,42.4935],[142.419,42.4933],[142.4153,42.4935],[142.4114,42.4939],[142.4079,42.4941],[142.4024,42.4946],[142.3993,42.4948],[142.3948,42.4947],[142.3918,42.4946],[142.3875,42.4946],[142.3834,42.4945],[142.3798,42.4944],[142.3756,42.4943],[142.3717,42.4942],[142.3687,42.4942],[142.3635,42.4941],[142.3594,42.4948],[142.3547,42.4956],[142.3495,42.4965],[142.3457,42.4972],[142.3425,42.4978],[142.3387,42.4984],[142.3359,42.4989],[142.3322,42.4996],[142.3277,42.5003],[142.3221,42.5006],[142.3189,42.5007],[142.3151,42.5009],[142.3121,42.4999],[142.3094,42.499],[142.3036,42.4971],[142.3017,42.4965],[142.3006,42.4961],[142.2947,42.494],[142.2905,42.4943],[142.2866,42.4945],[142.2835,42.4947],[142.2803,42.4948],[142.2736,42.4964],[142.2669,42.498],[142.2632,42.5001],[142.2618,42.5009],[142.2552,42.5031],[142.2502,42.504],[142.2478,42.5045],[142.2449,42.5051],[142.2418,42.5057],[142.235,42.507],[142.2336,42.5074],[142.2304,42.5084],[142.2282,42.509],[142.224,42.5103],[142.2221,42.5109],[142.2176,42.5122],[142.2134,42.5135],[142.2097,42.5147],[142.206,42.5159],[142.2025,42.5169],[142.1979,42.5186],[142.1941,42.5197],[142.1906,42.5208],[142.1874,42.5218],[142.1834,42.523],[142.1798,42.524],[142.1762,42.5251],[142.173,42.526],[142.1687,42.5273],[142.1663,42.528],[142.1623,42.5292],[142.1575,42.5306],[142.1555,42.5312],[142.1515,42.5324],[142.1458,42.534],[142.1425,42.535],[142.1393,42.536],[142.1363,42.5374],[142.1341,42.5385],[142.1321,42.5394],[142.1276,42.5417],[142.1238,42.5435],[142.1202,42.5452],[142.1179,42.5461],[142.1141,42.5475],[142.1107,42.5488],[142.1085,42.5496],[142.1045,42.5511],[142.1012,42.5524],[142.0944,42.5549],[142.0907,42.5563],[142.0864,42.558],[142.0815,42.5599],[142.0782,42.5613],[142.0752,42.5638],[142.0734,42.5653],[142.0718,42.5666],[142.0699,42.5682],[142.0683,42.5696],[142.0657,42.5717],[142.0624,42.5745],[142.0601,42.5764],[142.0582,42.578],[142.0548,42.5808],[142.0519,42.5821],[142.0491,42.5834],[142.0449,42.5852],[142.0415,42.5867],[142.0383,42.588],[142.0348,42.5895],[142.0304,42.5914],[142.0277,42.5925],[142.0248,42.5938],[142.0205,42.5956],[142.0184,42.5966],[142.015,42.5979],[142.0126,42.5989],[142.01,42.5999],[142.0059,42.6016],[142.004,42.6025],[142.001,42.604],[141.9973,42.6059],[141.9953,42.6055],[141.9936,42.6075],[141.9935,42.6094],[141.9917,42.6097],[141.989,42.61],[141.9858,42.6117],[141.9832,42.6143],[141.9808,42.6168],[141.9788,42.6188],[141.9774,42.6202],[141.9759,42.6217],[141.9727,42.6251],[141.968,42.6299],[141.9648,42.6317],[141.9627,42.6329],[141.9598,42.6346],[141.9559,42.6368],[141.9532,42.6383],[141.95,42.6401],[141.9468,42.6421],[141.9441,42.6437],[141.9401,42.6457],[141.9374,42.6463],[141.9341,42.647],[141.9293,42.648],[141.9256,42.6488],[141.9214,42.6497],[141.918,42.6505],[141.9147,42.6512],[141.911,42.652],[141.909,42.6524],[141.9052,42.6537],[141.9021,42.6548],[141.8995,42.6557],[141.8947,42.6574],[141.8915,42.6586],[141.8878,42.6598],[141.8841,42.6612],[141.8804,42.6624],[141.8766,42.6638],[141.8732,42.665],[141.8697,42.6658],[141.8668,42.6665],[141.8623,42.6676],[141.8599,42.6682],[141.8567,42.669],[141.8525,42.67],[141.8494,42.6709],[141.8461,42.6716],[141.8427,42.6724],[141.8387,42.6733],[141.8353,42.6734],[141.8321,42.6735],[141.8284,42.6736],[141.8257,42.6736],[141.8251,42.6728],[141.8235,42.6706],[141.8206,42.6692],[141.8186,42.6683],[141.8162,42.6678],[141.8128,42.669],[141.8095,42.6702],[141.806,42.6715],[141.8025,42.6727],[141.8005,42.6745],[141.8027,42.6767],[141.799,42.6781],[141.795,42.6795],[141.7921,42.6813],[141.7889,42.6833],[141.7859,42.6851],[141.7832,42.6868],[141.7793,42.6892],[141.7762,42.6911],[141.7737,42.6927],[141.7718,42.6939],[141.7699,42.695],[141.7672,42.6967],[141.7644,42.6984],[141.7614,42.7003],[141.7583,42.7022],[141.7557,42.7038],[141.7532,42.7053],[141.758,42.6845]]},"properties":{"name":"trafo_187/66kV","loading_pct":66.2,"p_mw":-132.5}},{"type":"Feature","geometry":{"type":"LineString","coordinates":[[141.5566,42.6346],[141.5527,42.6376],[141.5501,42.639],[141.5468,42.6408],[141.5456,42.6425],[141.5437,42.6449],[141.5408,42.6488],[141.5384,42.652],[141.5371,42.6537],[141.5356,42.6569],[141.5346,42.659],[141.5338,42.6607],[141.5332,42.662],[141.5315,42.663],[141.528,42.6651],[141.5256,42.6668],[141.5225,42.6689],[141.5196,42.671],[141.5166,42.6731],[141.5136,42.6752],[141.5113,42.6768],[141.5092,42.6759],[141.5057,42.6742],[141.5026,42.6728],[141.4996,42.6714],[141.4969,42.6701],[141.4917,42.6678],[141.5024,42.6141]]},"properties":{"name":"trafo_187/66kV","loading_pct":24.3,"p_mw":-48.6}},{"type":"Feature","geometry":{"type":"LineString","coordinates":[[141.7811,42.7139],[141.7731,42.7116],[141.775,42.7102],[141.7771,42.7086],[141.7791,42.7071],[141.7812,42.7056],[141.7834,42.704],[141.782,42.7028],[141.7797,42.7008],[141.7769,42.6984],[141.758,42.6845]]},"properties":{"name":"trafo_275/66kV","loading_pct":7.8,"p_mw":23.4}},{"type":"Feature","geometry":{"type":"LineString","coordinates":[[142.5175,42.5105],[142.5104,42.5118],[142.5099,42.5111],[142.5096,42.5106],[142.5083,42.5102],[142.507,42.5097],[142.5056,42.5095],[142.5042,42.5093],[142.5026,42.5093],[142.5014,42.5094],[142.5,42.5094],[142.4975,42.508],[142.4964,42.5074],[142.4954,42.5067],[142.4944,42.5061],[142.4934,42.5054],[142.4923,42.5048],[142.4913,42.5044],[142.4902,42.5039],[142.4891,42.5035],[142.4882,42.5031],[142.487,42.5029],[142.4853,42.5026],[142.4843,42.5023],[142.4834,42.5021],[142.4823,42.5019],[142.4811,42.5019],[142.4797,42.502],[142.4784,42.502],[142.477,42.502],[142.4754,42.5021],[142.4736,42.5022],[142.4724,42.5026],[142.4711,42.503],[142.4699,42.5034],[142.4688,42.5036],[142.4675,42.5034],[142.4663,42.5033],[142.4651,42.5032],[142.4637,42.503],[142.462,42.5028],[142.4604,42.5026],[142.4591,42.5025],[142.458,42.5023],[142.4567,42.5022]]},"properties":{"name":"trafo_187/66kV","loading_pct":8.6,"p_mw":17.3}},{"type":"Feature","geometry":{"type":"LineString","coordinates":[[141.8035,42.612],[141.8024,42.6164],[141.8039,42.6198],[141.8055,42.6233],[141.807,42.6268],[141.8015,42.6462]]},"properties":{"name":"trafo_275/66kV","loading_pct":12.0,"p_mw":36.1}},{"type":"Feature","geometry":{"type":"LineString","coordinates":[[141.5566,42.6346],[141.5527,42.6376],[141.5501,42.639],[141.5468,42.6408],[141.5456,42.6425],[141.5437,42.6449],[141.5408,42.6488],[141.5384,42.652],[141.5371,42.6537],[141.5356,42.6569],[141.5346,42.659],[141.5338,42.6607],[141.5332,42.662],[141.5315,42.663],[141.528,42.6651],[141.5256,42.6668],[141.5225,42.6689],[141.5196,42.671],[141.5166,42.6731],[141.5136,42.6752],[141.5113,42.6768],[141.5092,42.6759],[141.5057,42.6742],[141.5026,42.6728],[141.4996,42.6714],[141.4969,42.6701],[141.4917,42.6678],[141.5024,42.6141]]},"properties":{"name":"trafo_187/66kV","loading_pct":24.3,"p_mw":-48.6}},{"type":"Feature","geometry":{"type":"LineString","coordinates":[[141.7811,42.7139],[141.7794,42.7131],[141.7774,42.7142],[141.773,42.7149],[141.7685,42.7172],[141.7628,42.7162],[141.7609,42.7159],[141.7581,42.7134],[141.756,42.7115],[141.753,42.7089],[141.7484,42.7082],[141.7461,42.7097],[141.7419,42.7123],[141.7384,42.7144],[141.7354,42.7163],[141.7318,42.7163],[141.7276,42.7164],[141.7237,42.7163],[141.7199,42.7164],[141.7155,42.7164],[141.7108,42.7164],[141.7067,42.7164],[141.7018,42.7164],[141.6987,42.7165],[141.695,42.7171],[141.6923,42.718],[141.6879,42.7196],[141.6836,42.7211],[141.6792,42.7227],[141.6749,42.7243],[141.6706,42.7258],[141.6685,42.7279],[141.6645,42.7293],[141.6606,42.7307],[141.6572,42.732],[141.6545,42.733],[141.6538,42.7354],[141.6528,42.7388],[141.6499,42.7396],[141.6461,42.7407],[141.6425,42.7418],[141.6388,42.7428],[141.6348,42.744],[141.6309,42.7451],[141.6275,42.7461],[141.6244,42.747],[141.6213,42.7479],[141.6179,42.7489],[141.6133,42.7502],[141.6084,42.7508],[141.6046,42.7472],[141.6009,42.7437],[141.5968,42.7397],[141.5889,42.7322],[141.5821,42.7257],[141.5737,42.7216],[141.5675,42.7209],[141.5614,42.7202],[141.5528,42.7179],[141.5451,42.7117],[141.5414,42.7087],[141.5375,42.7056],[141.5332,42.7022],[141.5292,42.699],[141.5247,42.6954],[141.5208,42.6922],[141.5163,42.6886],[141.5123,42.6855],[141.509,42.6828],[141.5056,42.6801],[141.5022,42.6773],[141.4988,42.6746],[141.4955,42.6719],[141.4903,42.6683],[141.4869,42.6658],[141.4826,42.6628],[141.5024,42.6141]]},"properties":{"name":"trafo_275/66kV","loading_pct":44.1,"p_mw":-132.3}},{"type":"Feature","geometry":{"type":"LineString","coordinates":[[141.7811,42.7139],[141.7851,42.7167],[141.7876,42.7163],[141.7913,42.7159],[141.7951,42.7155],[141.7988,42.7148],[141.8018,42.7126],[141.8041,42.7109],[141.8081,42.709],[141.8121,42.7069],[141.8167,42.7065],[141.8202,42.7053],[141.8235,42.7041],[141.8245,42.7015],[141.8254,42.6985],[141.8267,42.6959],[141.8269,42.6925],[141.8272,42.6886],[141.8274,42.6856],[141.8276,42.6825],[141.8278,42.6797],[141.8275,42.6767],[141.8254,42.6737],[141.8233,42.6708],[141.8189,42.6688],[141.8162,42.6675],[141.8132,42.6659],[141.8105,42.664],[141.807,42.6605],[141.8058,42.6579],[141.8044,42.6552],[141.8033,42.6529],[141.8019,42.6498],[141.8007,42.6471],[141.7996,42.6446],[141.7985,42.6418],[141.8025,42.6404],[141.8047,42.6375],[141.8071,42.6343],[141.8082,42.6329],[141.8015,42.6462]]},"properties":{"name":"trafo_275/66kV","loading_pct":10.3,"p_mw":-30.9}},{"type":"Feature","geometry":{"type":"LineString","coordinates":[[141.7811,42.7139],[141.7731,42.7116],[141.775,42.7102],[141.7771,42.7086],[141.7791,42.7071],[141.7812,42.7056],[141.7834,42.704],[141.782,42.7028],[141.7797,42.7008],[141.7769,42.6984],[141.758,42.6845]]},"properties":{"name":"trafo_275/66kV","loading_pct":7.8,"p_mw":23.4}},{"type":"Feature","geometry":{"type":"LineString","coordinates":[[141.7811,42.7139],[141.7677,42.7181],[141.765,42.72],[141.7627,42.7215],[141.76,42.7223],[141.7577,42.7239],[141.755,42.7257],[141.7514,42.7273],[141.7493,42.7284],[141.7475,42.7312],[141.7458,42.7344],[141.7449,42.736],[141.7431,42.7393],[141.7417,42.7411],[141.7395,42.7434],[141.7372,42.7457],[141.7376,42.749],[141.7408,42.7508],[141.7444,42.7529],[141.7438,42.7561],[141.7441,42.76],[141.7434,42.7633],[141.7428,42.7668],[141.743,42.7693],[141.7432,42.7723],[141.7448,42.7748],[141.7462,42.777],[141.748,42.7798],[141.7461,42.7835],[141.7445,42.7859],[141.7424,42.7892],[141.7441,42.7902],[141.747,42.792],[141.7499,42.7937],[141.7526,42.7953],[141.7548,42.7973],[141.7587,42.7997],[141.7617,42.801],[141.7661,42.802],[141.7692,42.8027],[141.768,42.8055],[141.7721,42.8064],[141.7739,42.8097],[141.7768,42.8112],[141.7806,42.812],[141.783,42.8125],[141.7883,42.8137],[141.7907,42.8153],[141.7931,42.8169],[141.7968,42.8193],[141.7975,42.8228],[141.7984,42.826],[141.8004,42.8275],[141.8032,42.8292],[141.8059,42.831],[141.806,42.8333],[141.8062,42.8361],[141.8056,42.8391],[141.8048,42.8423],[141.8043,42.8445],[141.8026,42.8459],[141.8002,42.8479],[141.7985,42.8521],[141.7972,42.8552],[141.7965,42.8573],[141.7958,42.8595],[141.7989,42.862],[141.7991,42.8642],[141.7993,42.8669],[141.7988,42.8686],[141.798,42.8711],[141.798,42.8732],[141.7981,42.8749],[141.7997,42.8768],[141.7982,42.8786],[141.7992,42.8819]]},"properties":{"name":"trafo_275/187kV","loading_pct":21.3,"p_mw":106.5}},{"type":"Feature","geometry":{"type":"LineString","coordinates":[[141.5566,42.6346],[141.5631,42.6405],[141.5652,42.6416],[141.5668,42.6425],[141.5689,42.6432],[141.5721,42.6442],[141.5739,42.6448],[141.5772,42.6458],[141.5796,42.6456],[141.5873,42.6356]]},"properties":{"name":"trafo_187/66kV","loading_pct":0.5,"p_mw":1.0}},{"type":"Feature","geometry":{"type":"LineString","coordinates":[[141.5566,42.6346],[141.5631,42.6405],[141.5652,42.6416],[141.5668,42.6425],[141.5689,42.6432],[141.5721,42.6442],[141.5739,42.6448],[141.5772,42.6458],[141.5796,42.6456],[141.5873,42.6356]]},"properties":{"name":"trafo_187/66kV","loading_pct":0.5,"p_mw":1.0}},{"type":"Feature","geometry":{"type":"LineString","coordinates":[[141.5566,42.6346],[141.553,42.6377],[141.5503,42.6391],[141.5471,42.6409],[141.5459,42.6425],[141.5439,42.645],[141.541,42.6489],[141.5385,42.6522],[141.5373,42.6538],[141.5359,42.657],[141.5349,42.659],[141.534,42.6608],[141.5334,42.6621],[141.5316,42.6632],[141.5281,42.6652],[141.5258,42.6669],[141.5227,42.6691],[141.5197,42.6712],[141.5168,42.6732],[141.5137,42.6754],[141.5115,42.677],[141.5125,42.6774],[141.5163,42.6792],[141.5195,42.6807],[141.5224,42.682],[141.5253,42.6834],[141.5269,42.6841],[141.5303,42.6857],[141.5337,42.6872],[141.5382,42.6893],[141.5403,42.6906],[141.5427,42.6921],[141.5458,42.6938],[141.5492,42.6959],[141.5528,42.698],[141.5558,42.6998],[141.5593,42.7019],[141.5619,42.7034],[141.5647,42.7051],[141.5676,42.7068],[141.5702,42.7084],[141.5728,42.71],[141.5756,42.7116],[141.5812,42.7151],[141.5841,42.7163],[141.5903,42.719],[141.5944,42.7206],[141.5974,42.7218],[141.6004,42.723],[141.6027,42.724],[141.6036,42.7262],[141.6048,42.7289],[141.6058,42.7313],[141.6069,42.7338],[141.608,42.7364],[141.6093,42.7393],[141.6104,42.7421],[141.6099,42.7453],[141.6094,42.7482],[141.609,42.7511],[141.6085,42.754],[141.608,42.7568],[141.6075,42.7599],[141.607,42.7628],[141.6059,42.7653],[141.6054,42.7677],[141.6049,42.7703],[141.6045,42.7726],[141.6074,42.7721],[141.6105,42.7716],[141.6136,42.7719],[141.6166,42.7723],[141.6166,42.7742],[141.6165,42.778],[141.6165,42.7811],[141.6164,42.7827],[141.6164,42.785],[141.615,42.7878],[141.6138,42.7905]]},"properties":{"name":"trafo_187/66kV","loading_pct":11.8,"p_mw":23.5}},{"type":"Feature","geometry":{"type":"LineString","coordinates":[[141.7811,42.7139],[141.7801,42.718],[141.7822,42.7201],[141.7845,42.7215],[141.7871,42.7234],[141.786,42.7259],[141.7829,42.7284],[141.7799,42.7308],[141.7815,42.7324],[141.7865,42.7373],[141.7885,42.7388],[141.7935,42.744],[141.7958,42.7461],[141.7981,42.7481],[141.8007,42.7505],[141.8029,42.7525],[141.8085,42.7544],[141.8126,42.7556],[141.8153,42.7573],[141.8126,42.7613]]},"properties":{"name":"trafo_275/66kV","loading_pct":8.8,"p_mw":26.4}},{"type":"Feature","geometry":{"type":"LineString","coordinates":[[142.5652,42.412],[142.5657,42.4115],[142.5654,42.4111]]},"properties":{"name":"trafo_187/66kV","loading_pct":11.6,"p_mw":23.2}},{"type":"Feature","geometry":{"type":"LineString","coordinates":[[141.8035,42.612],[141.8024,42.6164],[141.8039,42.6198],[141.8055,42.6233],[141.807,42.6268],[141.8015,42.6462]]},"properties":{"name":"trafo_275/66kV","loading_pct":12.0,"p_mw":36.1}},{"type":"Feature","geometry":{"type":"LineString","coordinates":[[142.5652,42.412],[142.5657,42.4115],[142.5654,42.4111]]},"properties":{"name":"trafo_187/66kV","loading_pct":11.6,"p_mw":23.2}},{"type":"Feature","geometry":{"type":"LineString","coordinates":[[140.9569,43.2047],[140.9548,43.2008],[140.9524,43.2004],[140.9497,43.1998],[140.9471,43.1992],[140.9442,43.1985],[140.9405,43.1983],[140.9382,43.1981],[140.9346,43.1979],[140.9322,43.1977],[140.928,43.1974],[140.9237,43.1971],[140.9211,43.197],[140.9181,43.1967],[140.9154,43.1965],[140.911,43.1963],[140.906,43.1959],[140.9004,43.1955],[140.9,43.1955],[140.8944,43.195],[140.8932,43.1949],[140.8882,43.1946],[140.8845,43.1943],[140.8821,43.1944],[140.8771,43.1932],[140.87,43.192],[140.8635,43.191],[140.8501,43.1889],[140.8437,43.1878],[140.8403,43.187],[140.837,43.1865],[140.837,43.1856],[140.8401,43.1833],[140.8416,43.1765],[140.843,43.1738],[140.8438,43.1707],[140.8428,43.1686],[140.8427,43.1566],[140.8401,43.1549],[140.8285,43.1459],[140.8265,43.1411],[140.816,43.1398],[140.798,43.1374],[140.7924,43.1375],[140.7897,43.1373],[140.7834,43.1373],[140.7802,43.1349],[140.7697,43.1322],[140.7672,43.1308],[140.7643,43.1303],[140.7611,43.1281],[140.7564,43.126],[140.7548,43.1245],[140.7502,43.1229],[140.7441,43.1208],[140.7397,43.1194],[140.7322,43.1138],[140.7291,43.111],[140.7285,43.109],[140.7256,43.0988],[140.7249,43.0964],[140.7242,43.0939],[140.7237,43.0918],[140.7231,43.0897],[140.7219,43.085],[140.7207,43.0809],[140.7198,43.0779],[140.7183,43.0734],[140.7176,43.0717],[140.716,43.0677],[140.7144,43.0629],[140.7139,43.0607],[140.7133,43.0582],[140.7127,43.0559],[140.7119,43.0526],[140.709,43.0408],[140.7084,43.0384],[140.7078,43.0366],[140.707,43.0335],[140.7059,43.0295],[140.7039,43.0271],[140.7019,43.0248],[140.7003,43.0228],[140.6981,43.0202],[140.6964,43.0182],[140.6948,43.0163],[140.6912,43.0123],[140.6891,43.0099],[140.6855,43.0056],[140.6844,43.0043],[140.6823,43.0018],[140.6806,42.9998],[140.6709,42.9901],[140.6613,42.9853],[140.657,42.9851]]},"properties":{"name":"trafo_187/66kV","loading_pct":23.9,"p_mw":-47.8}},{"type":"Feature","geometry":{"type":"LineString","coordinates":[[141.2829,43.1218],[141.2868,43.1216],[141.2884,43.1229],[141.2912,43.1253],[141.294,43.1277],[141.2969,43.1301],[141.2998,43.1324],[141.3026,43.1348],[141.3054,43.1372],[141.3082,43.1396],[141.3112,43.142],[141.3134,43.1441],[141.3161,43.1468],[141.3192,43.1472],[141.3221,43.1477],[141.325,43.1481],[141.3282,43.1483],[141.3307,43.1487],[141.3326,43.1498],[141.3349,43.1513],[141.3371,43.1528],[141.3385,43.1537],[141.3412,43.1548],[141.3436,43.1568],[141.3456,43.1559],[141.3457,43.1563]]},"properties":{"name":"trafo_187/66kV","loading_pct":42.6,"p_mw":85.3}},{"type":"Feature","geometry":{"type":"LineString","coordinates":[[141.3741,43.1388],[141.3737,43.1386],[141.3715,43.1391],[141.3697,43.1395],[141.3682,43.1397],[141.3662,43.1402],[141.3643,43.1405],[141.3624,43.1408],[141.3601,43.1412],[141.3578,43.1416],[141.3551,43.1421],[141.3525,43.1425],[141.3498,43.143],[141.3477,43.1433],[141.3456,43.1437],[141.3432,43.144],[141.3411,43.1443],[141.339,43.1445],[141.337,43.1448],[141.3347,43.1451],[141.3325,43.1454],[141.3301,43.1457],[141.3285,43.1459],[141.3264,43.1461],[141.3243,43.1464],[141.3223,43.1466],[141.32,43.1469],[141.3457,43.1563]]},"properties":{"name":"trafo_187/66kV","loading_pct":17.7,"p_mw":-35.4}},{"type":"Feature","geometry":{"type":"LineString","coordinates":[[141.4029,43.0928],[141.4036,43.094],[141.4042,43.0958],[141.4048,43.0977],[141.4053,43.0995],[141.4058,43.1012],[141.4062,43.1024],[141.4064,43.1029],[141.4067,43.1038],[141.4072,43.1054],[141.4076,43.1068],[141.408,43.1082],[141.4086,43.1098],[141.4091,43.1115],[141.4098,43.1137],[141.4104,43.1158],[141.411,43.1179],[141.4117,43.1199],[141.4123,43.1219],[141.413,43.124],[141.4137,43.126],[141.4143,43.1281],[141.4148,43.1297],[141.4172,43.1354]]},"properties":{"name":"trafo_187/66kV","loading_pct":0.8,"p_mw":-1.7}},{"type":"Feature","geometry":{"type":"LineString","coordinates":[[141.4506,43.2344],[141.4487,43.2333],[141.4438,43.2321],[141.4388,43.2307],[141.4339,43.2294],[141.4281,43.2279],[141.423,43.2263],[141.4184,43.2248],[141.4188,43.2212],[141.4194,43.2175],[141.4199,43.214],[141.4205,43.2104],[141.421,43.2068],[141.4215,43.2035],[141.422,43.2001],[141.4225,43.1967],[141.4179,43.1962],[141.4131,43.1962],[141.4082,43.1965],[141.4033,43.1959],[141.3965,43.1951],[141.3909,43.1945],[141.3853,43.1941],[141.3795,43.1936],[141.3743,43.1936],[141.3694,43.1932],[141.3642,43.1928],[141.3585,43.1923],[141.3529,43.1918],[141.3474,43.1913],[141.3419,43.1909],[141.3403,43.1882],[141.3385,43.1851],[141.3335,43.1829],[141.3301,43.1809],[141.3268,43.1786],[141.3274,43.1752],[141.3279,43.1716],[141.3284,43.168],[141.327,43.1665],[141.3285,43.1639],[141.3304,43.1622],[141.332,43.1596],[141.3294,43.1582],[141.3274,43.1561],[141.3259,43.1539],[141.3221,43.1524],[141.3196,43.1506],[141.3167,43.148],[141.3457,43.1563]]},"properties":{"name":"trafo_275/66kV","loading_pct":40.3,"p_mw":-121.0}},{"type":"Feature","geometry":{"type":"LineString","coordinates":[[141.4183,43.0223],[141.4196,43.0246],[141.4225,43.0252],[141.4251,43.0257],[141.4281,43.0263],[141.4294,43.0266],[141.4311,43.0269],[141.4338,43.0275],[141.4349,43.0259],[141.4362,43.0242],[141.4372,43.0228],[141.4385,43.0211],[141.4396,43.0196],[141.4398,43.0193],[141.4413,43.0172],[141.4417,43.0149],[141.4426,43.0127],[141.4441,43.0122],[141.4455,43.0117],[141.445,43.0109],[141.4467,43.0103],[141.448,43.0098],[141.4481,43.0091],[141.447,43.0074],[141.4492,43.0066],[141.4504,43.005],[141.4522,43.0044],[141.4516,43.0028],[141.4535,43.0021],[141.4553,43.0014],[141.4549,43.0008],[141.4543,42.9997],[141.4547,42.9991],[141.4564,42.9975],[141.4564,42.9971],[141.4563,42.9953],[141.4568,42.9948],[141.4585,42.9959],[141.46,42.9946],[141.462,42.993],[141.4625,42.9925],[141.4627,42.9923],[141.4629,42.9922],[141.4639,42.9913],[141.4647,42.9906],[141.4659,42.9896],[141.4678,42.9879],[141.4697,42.9863],[141.471,42.9853],[141.4728,42.9837],[141.4745,42.9823],[141.4764,42.9807],[141.4783,42.9792],[141.4793,42.9784],[141.4805,42.9771]]},"properties":{"name":"trafo_187/66kV","loading_pct":7.1,"p_mw":14.2}},{"type":"Feature","geometry":{"type":"LineString","coordinates":[[140.9569,43.2047],[140.9584,43.2033],[140.9602,43.2021],[140.9626,43.2027],[140.9648,43.2028],[140.9668,43.2029],[140.9689,43.2033],[140.9719,43.2039],[140.973,43.2023],[140.9742,43.2003],[140.9806,43.2066]]},"properties":{"name":"trafo_187/66kV","loading_pct":21.3,"p_mw":42.7}},{"type":"Feature","geometry":{"type":"LineString","coordinates":[[141.2225,43.0575],[141.1624,43.0485],[141.1598,43.0486],[141.1571,43.0486],[141.1537,43.0499],[141.1506,43.051],[141.1483,43.0517],[141.1451,43.0529],[141.1419,43.053],[141.1384,43.0537],[141.1342,43.0544],[141.1299,43.0551],[141.1265,43.0573],[141.123,43.0596],[141.121,43.0628],[141.1196,43.065],[141.1183,43.0672],[141.117,43.0691],[141.1169,43.0706],[141.1167,43.0722],[141.1165,43.0738],[141.1162,43.0761],[141.1124,43.0775],[141.1096,43.0786],[141.1063,43.0799],[141.1022,43.0814],[141.0982,43.0829],[141.0969,43.0851],[141.0952,43.0878],[141.0935,43.0906],[141.091,43.0914],[141.0874,43.0925],[141.0844,43.0934],[141.0809,43.0946],[141.0773,43.0956],[141.0745,43.0964],[141.0715,43.0972],[141.0682,43.0982],[141.0652,43.0991],[141.0626,43.1002],[141.0603,43.1012],[141.0576,43.1023],[141.0549,43.1034],[141.0524,43.1036],[141.049,43.1039],[141.046,43.1041],[141.0429,43.1043],[141.0399,43.1045],[141.034,43.1049],[141.0234,43.1087],[140.9976,43.1132],[140.9947,43.1137],[140.9913,43.1142],[140.9885,43.1147],[140.9865,43.1153],[140.9827,43.1165],[140.9785,43.1177],[140.9753,43.1188],[140.972,43.1198],[140.9691,43.1207],[140.9652,43.1219],[140.9622,43.1228],[140.9597,43.1236],[140.9563,43.1246],[140.9528,43.1257],[140.9495,43.1267],[140.9467,43.1276],[140.9462,43.1298],[140.9459,43.1316],[140.9453,43.1342],[140.9448,43.1368],[140.9443,43.1393],[140.9437,43.1413],[140.943,43.1439],[140.9422,43.1465],[140.9414,43.1492],[140.9426,43.1526],[140.9436,43.1559],[140.9447,43.1591],[140.9453,43.161],[140.9461,43.1635],[140.947,43.1662],[140.9473,43.1679],[140.9476,43.1701],[140.9481,43.1731],[140.9485,43.1757],[140.9489,43.1778],[140.95,43.1796],[140.9511,43.1814],[140.9528,43.1841],[140.9539,43.1858],[140.9552,43.1879],[140.9552,43.1904],[140.9554,43.193],[140.9554,43.1955],[140.9574,43.1962],[140.9575,43.1988],[140.9569,43.2047]]},"properties":{"name":"trafo_275/187kV","loading_pct":0.7,"p_mw":-3.5}},{"type":"Feature","geometry":{"type":"LineString","coordinates":[[141.2829,43.1218],[141.288,43.1121],[141.2862,43.1106],[141.2845,43.1091],[141.2827,43.1076],[141.282,43.107],[141.281,43.106]]},"properties":{"name":"trafo_187/66kV","loading_pct":10.7,"p_mw":21.3}},{"type":"Feature","geometry":{"type":"LineString","coordinates":[[141.2225,43.0575],[141.1657,43.047],[141.1624,43.0441],[141.1599,43.0415],[141.1571,43.039],[141.1546,43.0366],[141.1519,43.0339],[141.1493,43.0313],[141.1491,43.0284],[141.1489,43.0254],[141.1486,43.021],[141.1485,43.0196],[141.1482,43.0159],[141.1477,43.012],[141.1461,43.0097],[141.1436,43.0082],[141.1392,43.0058],[141.1398,43.0028],[141.1401,43.0],[141.1388,42.998],[141.1359,42.9943],[141.1329,42.9914],[141.1302,42.9882],[141.1286,42.9866],[141.1259,42.9828],[141.1241,42.9783],[141.1145,42.9547],[141.1127,42.9457],[141.1076,42.9278],[141.1046,42.9226],[141.1034,42.921],[141.1004,42.9184],[141.0955,42.8871],[141.0893,42.8692],[141.0919,42.84],[141.0825,42.8269],[141.0812,42.8251],[141.0795,42.8227],[141.078,42.8206],[141.0762,42.8188],[141.074,42.8167],[141.0724,42.8151],[141.0608,42.8034],[141.0586,42.8012],[141.0558,42.7983],[141.054,42.7965],[141.053,42.7949],[141.0515,42.7927],[141.0499,42.7903],[141.0477,42.7871],[141.0466,42.7854],[141.045,42.783],[141.0434,42.7804],[141.0423,42.7788],[141.0411,42.777],[141.0405,42.7732],[141.0402,42.7705],[141.0399,42.7682],[141.0394,42.7647],[141.039,42.7617],[141.0385,42.7587],[141.0381,42.7559],[141.0375,42.7511],[141.0365,42.7469],[141.0338,42.743]]},"properties":{"name":"trafo_275/187kV","loading_pct":0.8,"p_mw":-4.1}},{"type":"Feature","geometry":{"type":"LineString","coordinates":[[141.2225,43.0575],[141.2272,43.0611],[141.2317,43.0618],[141.2345,43.0622],[141.2412,43.0632],[141.2447,43.0642],[141.2505,43.0674],[141.254,43.0695],[141.2499,43.072],[141.2499,43.0764],[141.2499,43.0788],[141.2484,43.0819],[141.2471,43.0848],[141.2454,43.0884],[141.2467,43.0921],[141.2502,43.0935],[141.2533,43.0946],[141.2568,43.0967],[141.2592,43.0986],[141.262,43.1007],[141.2647,43.1032],[141.2671,43.1054],[141.2696,43.1077],[141.2722,43.1099],[141.2747,43.1122],[141.2774,43.1146],[141.2796,43.1163],[141.2824,43.1185],[141.2829,43.1218]]},"properties":{"name":"trafo_275/187kV","loading_pct":44.0,"p_mw":219.9}},{"type":"Feature","geometry":{"type":"LineString","coordinates":[[141.4029,43.0928],[141.4443,43.093],[141.4471,43.0919],[141.4492,43.0912],[141.4529,43.0912],[141.4562,43.0921],[141.4591,43.0943],[141.4625,43.0933],[141.466,43.0925],[141.4688,43.0918],[141.472,43.0906],[141.4798,43.0662]]},"properties":{"name":"trafo_187/66kV","loading_pct":1.0,"p_mw":2.1}},{"type":"Feature","geometry":{"type":"LineString","coordinates":[[141.2829,43.1218],[141.2851,43.1215],[141.2881,43.1243],[141.288,43.1243],[141.2909,43.1269],[141.2963,43.1323],[141.2884,43.137],[141.2895,43.1378],[141.2892,43.1381],[141.2928,43.1409],[141.2676,43.159],[141.2675,43.1591],[141.2674,43.1594],[141.2675,43.1636],[141.2719,43.1635],[141.2724,43.1636],[141.2726,43.1634]]},"properties":{"name":"trafo_187/66kV","loading_pct":1.5,"p_mw":3.0}},{"type":"Feature","geometry":{"type":"LineString","coordinates":[[141.2225,43.0575],[141.1117,43.0647],[141.1109,43.0682],[141.1102,43.0715],[141.1093,43.0753],[141.1063,43.0793],[141.1032,43.0805],[141.0978,43.0827],[141.0965,43.0848],[141.095,43.0873],[141.0931,43.0903],[141.0905,43.0911],[141.0862,43.0924],[141.0819,43.0937],[141.0773,43.0951],[141.074,43.0961],[141.0698,43.0974],[141.0647,43.0979],[141.0592,43.0984],[141.052,43.0992],[141.0523,43.1668]]},"properties":{"name":"trafo_275/66kV","loading_pct":61.1,"p_mw":-183.3}},{"type":"Feature","geometry":{"type":"LineString","coordinates":[[141.4506,43.2344],[141.444,43.2318],[141.439,43.2305],[141.4343,43.2293],[141.4286,43.2277],[141.4234,43.2261],[141.4189,43.2247],[141.4193,43.2219],[141.4199,43.2184],[141.4204,43.2149],[141.4208,43.2118],[141.4213,43.2085],[141.4218,43.2051],[141.4224,43.2017],[141.4229,43.1984],[141.4233,43.1958],[141.4236,43.1934],[141.424,43.1905],[141.4244,43.1877],[141.4249,43.1847],[141.4253,43.1821],[141.4257,43.1794],[141.4282,43.1771],[141.4321,43.1748],[141.4307,43.1736],[141.4272,43.1708],[141.4227,43.1672],[141.4198,43.1648],[141.4187,43.1651],[141.4169,43.1637],[141.415,43.1622],[141.4119,43.1597],[141.4116,43.1565],[141.4112,43.1538],[141.4107,43.1512],[141.4123,43.151],[141.412,43.1489],[141.4117,43.1469],[141.4113,43.1443],[141.4109,43.1428],[141.4172,43.1354]]},"properties":{"name":"trafo_275/66kV","loading_pct":6.7,"p_mw":-20.1}},{"type":"Feature","geometry":{"type":"LineString","coordinates":[[141.2829,43.1218],[141.2868,43.1216],[141.2884,43.1229],[141.2912,43.1253],[141.294,43.1277],[141.2969,43.1301],[141.2998,43.1324],[141.3026,43.1348],[141.3054,43.1372],[141.3082,43.1396],[141.3112,43.142],[141.3134,43.1441],[141.3161,43.1468],[141.3192,43.1472],[141.3221,43.1477],[141.325,43.1481],[141.3282,43.1483],[141.3307,43.1487],[141.3326,43.1498],[141.3349,43.1513],[141.3371,43.1528],[141.3385,43.1537],[141.3412,43.1548],[141.3436,43.1568],[141.3456,43.1559],[141.3457,43.1563]]},"properties":{"name":"trafo_187/66kV","loading_pct":42.6,"p_mw":85.3}},{"type":"Feature","geometry":{"type":"LineString","coordinates":[[141.2225,43.0575],[141.2199,43.0569],[141.2194,43.0553],[141.2197,43.053],[141.2198,43.0509],[141.2201,43.0481],[141.2195,43.0457],[141.2183,43.043],[141.2186,43.0397],[141.2183,43.0361],[141.2186,43.0334],[141.219,43.0307],[141.2194,43.0282],[141.2215,43.0259],[141.225,43.0259],[141.2296,43.0257],[141.2331,43.0256],[141.2361,43.0254],[141.2407,43.0265],[141.2439,43.0273],[141.2479,43.0265],[141.2515,43.0258],[141.2547,43.0254],[141.2568,43.0247],[141.2602,43.0236],[141.2641,43.0224],[141.2667,43.0222],[141.2701,43.0221],[141.2725,43.0221],[141.2755,43.0222],[141.2769,43.0236],[141.2778,43.0257],[141.282,43.0276],[141.2847,43.0288],[141.2877,43.0304],[141.2898,43.0322],[141.2918,43.034],[141.2948,43.0356],[141.297,43.036],[141.3006,43.0344],[141.3033,43.0342],[141.3049,43.0358],[141.3056,43.0366]]},"properties":{"name":"trafo_275/187kV","loading_pct":0.7,"p_mw":3.6}},{"type":"Feature","geometry":{"type":"LineString","coordinates":[[141.4506,43.2344],[141.4532,43.231],[141.458,43.2292],[141.4616,43.2274],[141.4643,43.2244],[141.4671,43.222],[141.471,43.2207],[141.4742,43.2184],[141.4765,43.2167],[141.4772,43.2127],[141.4777,43.209],[141.4781,43.2053],[141.4789,43.2013],[141.4844,43.2011],[141.4896,43.201],[141.496,43.2008],[141.5026,43.2005],[141.5071,43.2004],[141.5067,43.1979],[141.5063,43.1936],[141.5057,43.1897],[141.5051,43.1857],[141.5045,43.182],[141.5041,43.1782],[141.5034,43.1744],[141.5027,43.1705],[141.5019,43.1667],[141.5014,43.1638],[141.5346,43.1209]]},"properties":{"name":"trafo_275/187kV","loading_pct":5.9,"p_mw":-29.6}},{"type":"Feature","geometry":{"type":"LineString","coordinates":[[141.4506,43.2344],[141.4566,43.2375],[141.4584,43.2391],[141.4606,43.2411],[141.4638,43.2408],[141.4662,43.2407],[141.4677,43.2419],[141.4704,43.2441],[141.4745,43.245],[141.4787,43.2458],[141.4833,43.2468],[141.4867,43.2495],[141.489,43.2525],[141.4908,43.2549],[141.4916,43.2579],[141.4926,43.2615],[141.4941,43.2644],[141.4954,43.2669],[141.4972,43.2703],[141.4962,43.274],[141.4977,43.2777],[141.4984,43.2795],[141.5035,43.2825],[141.5072,43.2846],[141.5107,43.2867],[141.5127,43.2878],[141.517,43.2904],[141.5211,43.2928],[141.5252,43.296],[141.5273,43.2984],[141.531,43.3024],[141.5324,43.3048],[141.5337,43.3068],[141.5351,43.309],[141.5368,43.3119],[141.5389,43.3156],[141.5404,43.319],[141.5412,43.3212],[141.5425,43.3248],[141.5436,43.3279],[141.5445,43.3303],[141.5468,43.3336],[141.549,43.3367],[141.5506,43.3389],[141.552,43.341],[141.5546,43.3446],[141.5536,43.3466],[141.5523,43.3493],[141.552,43.3518],[141.5518,43.3551],[141.5518,43.3577],[141.5517,43.3601],[141.5542,43.3637],[141.5564,43.3667],[141.5575,43.3699],[141.5586,43.3735],[141.5594,43.376],[141.5616,43.3798],[141.5649,43.386],[141.5671,43.3899],[141.5687,43.3931],[141.5688,43.3971],[141.569,43.4012],[141.5691,43.4055],[141.5692,43.4081],[141.5693,43.4099],[141.5694,43.4134],[141.5695,43.4176],[141.5697,43.4209],[141.569,43.4239],[141.5685,43.4262],[141.5692,43.4293],[141.5697,43.4317],[141.5703,43.4334],[141.571,43.436],[141.5718,43.4384],[141.5724,43.4406],[141.5733,43.4435],[141.5762,43.4468],[141.5778,43.4487],[141.5799,43.4512],[141.5827,43.4545],[141.5856,43.4577],[141.589,43.4599],[141.5925,43.4622],[141.5956,43.4642],[141.5993,43.4667],[141.6031,43.4694],[141.6065,43.4707],[141.61,43.4721],[141.6137,43.4735],[141.6152,43.4762],[141.6169,43.4791],[141.6182,43.4813],[141.6174,43.4837],[141.616,43.488],[141.6128,43.4915],[141.6109,43.4936],[141.6079,43.4974],[141.606,43.4999],[141.6042,43.5021],[141.6019,43.505],[141.5988,43.509],[141.5969,43.5116],[141.5947,43.5146],[141.5932,43.5167],[141.5936,43.5202],[141.5938,43.5233],[141.5969,43.5265],[141.5991,43.5286],[141.6036,43.5306],[141.606,43.533],[141.6082,43.5349],[141.6108,43.5376],[141.6134,43.5404],[141.6153,43.5425],[141.6173,43.5445],[141.617,43.5478],[141.6167,43.5507],[141.6168,43.5531],[141.6177,43.5562],[141.6175,43.56],[141.6171,43.5639],[141.6185,43.5661],[141.6199,43.5678],[141.6228,43.5717],[141.6256,43.5756],[141.6263,43.5798],[141.6268,43.5833],[141.6272,43.5856],[141.6296,43.5893],[141.6326,43.5913],[141.6364,43.5936],[141.6389,43.5955],[141.6428,43.5985],[141.646,43.6003],[141.649,43.6021],[141.6513,43.6033],[141.6541,43.606],[141.6563,43.6082],[141.6587,43.6107],[141.6618,43.6144],[141.6633,43.6172],[141.6648,43.62],[141.6676,43.6218],[141.6718,43.6244],[141.6773,43.6277],[141.6808,43.6299],[141.6831,43.6315],[141.685,43.6329],[141.6903,43.6345],[141.6961,43.6362],[141.6992,43.6361],[141.7025,43.6353],[141.7071,43.6342],[141.7112,43.6362],[141.7143,43.6376],[141.7183,43.6392],[141.7227,43.6406],[141.7287,43.6406],[141.7339,43.6424],[141.7374,43.6435],[141.7402,43.6453],[141.7442,43.6478],[141.7501,43.6496],[141.7567,43.6499],[141.763,43.6501],[141.7662,43.6525],[141.7693,43.6551],[141.7723,43.6574],[141.7768,43.6594],[141.7803,43.6613],[141.7833,43.6631],[141.7874,43.6659],[141.7917,43.6665],[141.7955,43.6692],[141.7984,43.6723],[141.8015,43.674],[141.8041,43.6754],[141.8064,43.6777],[141.8091,43.6803],[141.8112,43.6824],[141.8141,43.6855],[141.8194,43.6873],[141.8194,43.6901],[141.8162,43.6915],[141.8127,43.693],[141.8115,43.6947],[141.8091,43.6983],[141.8074,43.7007],[141.8052,43.7029],[141.8033,43.7047],[141.801,43.707],[141.7983,43.7096],[141.7958,43.7127],[141.7939,43.7148],[141.7929,43.7182],[141.7918,43.7216],[141.7888,43.7239],[141.7869,43.726],[141.7844,43.7284],[141.7817,43.7309],[141.7816,43.7318],[141.782,43.7354],[141.7827,43.7385],[141.7838,43.7421],[141.7883,43.7444],[141.7915,43.7459],[141.7945,43.7481],[141.7945,43.7522],[141.7946,43.7545],[141.7947,43.757],[141.7948,43.7607],[141.7963,43.7629],[141.7974,43.7646],[141.7991,43.7671],[141.8017,43.7711],[141.8061,43.7735],[141.8101,43.7756],[141.8147,43.7763],[141.8199,43.7769],[141.8253,43.7756],[141.8302,43.7744],[141.8308,43.7722],[141.8314,43.7698],[141.8364,43.7689],[141.839,43.7685],[141.842,43.7682],[141.8456,43.7665],[141.8496,43.7675],[141.8543,43.7668],[141.8584,43.767],[141.8621,43.7674],[141.8673,43.7677],[141.8714,43.7699],[141.8745,43.7722],[141.8798,43.7719],[141.884,43.7717],[141.8873,43.7703],[141.8916,43.7685],[141.8952,43.7699],[141.8992,43.7717],[141.9032,43.7733],[141.9078,43.776],[141.9108,43.7799],[141.9139,43.7841],[141.9173,43.7853],[141.9201,43.7832],[141.9236,43.7848],[141.9264,43.7861],[141.9309,43.7869],[141.9352,43.7883],[141.9386,43.7897],[141.9426,43.7912],[141.9446,43.7941],[141.9464,43.7969],[141.9475,43.7987],[141.9478,43.8016],[141.9487,43.8038],[141.9526,43.8044],[141.956,43.8054],[141.9597,43.8068],[141.963,43.809],[141.9519,43.8127]]},"properties":{"name":"trafo_275/187kV","loading_pct":56.5,"p_mw":282.4}},{"type":"Feature","geometry":{"type":"LineString","coordinates":[[140.5162,43.0395],[140.5152,43.042],[140.5179,43.0442],[140.522,43.0471],[140.5248,43.049],[140.5273,43.0515],[140.5291,43.0532],[140.5312,43.0554],[140.534,43.0578],[140.5372,43.0608],[140.5407,43.0644],[140.5453,43.0655],[140.5485,43.0663],[140.5539,43.0675],[140.5571,43.0683],[140.5628,43.0679],[140.5689,43.0675],[140.5725,43.0654],[140.5763,43.0632],[140.5792,43.0614],[140.5822,43.0596],[140.5863,43.0575],[140.5897,43.0548],[140.5939,43.0516],[140.595,43.0493],[140.5971,43.0452],[140.6001,43.0443],[140.6041,43.0434],[140.6091,43.0429],[140.612,43.0425],[140.6161,43.0421],[140.6194,43.0417],[140.6238,43.0413],[140.6274,43.0408],[140.6394,43.0344],[140.6419,43.0328],[140.6448,43.0314],[140.648,43.03],[140.6526,43.0289],[140.6631,43.0272],[140.6666,43.0268],[140.6726,43.0262],[140.6764,43.0269],[140.6862,43.0289],[140.6902,43.0297],[140.6955,43.0301],[140.7002,43.0306],[140.7058,43.0312],[140.7092,43.0314],[140.7136,43.0308],[140.7195,43.0298],[140.7245,43.029],[140.7253,43.0289],[140.7297,43.0282],[140.7326,43.0277],[140.7364,43.0271],[140.7417,43.0263],[140.7467,43.0255],[140.7497,43.0253],[140.7538,43.0251],[140.7574,43.0248],[140.7627,43.0245],[140.7675,43.025],[140.7708,43.0253],[140.7754,43.0258],[140.779,43.0261],[140.7838,43.0266],[140.788,43.0271],[140.7928,43.028],[140.7957,43.0285],[140.8002,43.0304],[140.8047,43.0322],[140.8089,43.034],[140.815,43.0345],[140.8209,43.0354],[140.8269,43.0363],[140.8302,43.0368],[140.8339,43.0364],[140.8395,43.0358],[140.8428,43.0354],[140.8475,43.0349],[140.8534,43.0354],[140.8599,43.0361],[140.8649,43.0369],[140.8686,43.0398],[140.8712,43.0418],[140.8747,43.0446],[140.8786,43.0468],[140.8882,43.0522],[140.9002,43.0591],[140.9066,43.0628],[140.9098,43.0645],[140.9137,43.0672],[140.9173,43.0698],[140.9212,43.0725],[140.9279,43.0764],[140.9318,43.0782],[140.9354,43.08],[140.9387,43.0815],[140.9441,43.0832],[140.9485,43.0845],[140.9529,43.0859],[140.9577,43.0874],[140.9623,43.0881],[140.9677,43.0891],[140.9724,43.09],[140.9784,43.0909],[140.9839,43.0921],[140.9887,43.0929],[140.9931,43.0938],[140.997,43.0946],[141.0523,43.1668]]},"properties":{"name":"trafo_275/66kV","loading_pct":63.5,"p_mw":190.4}},{"type":"Feature","geometry":{"type":"LineString","coordinates":[[140.5162,43.0395],[140.5215,43.0434],[140.5294,43.0478],[140.5315,43.0488],[140.5333,43.0509],[140.5359,43.0566],[140.5379,43.0594],[140.5395,43.0619],[140.5409,43.0638],[140.5449,43.0649],[140.5481,43.0657],[140.5541,43.067],[140.5577,43.0679],[140.5623,43.0675],[140.5686,43.067],[140.5719,43.0651],[140.5745,43.0635],[140.5783,43.0612],[140.5824,43.0589],[140.5859,43.057],[140.5893,43.0544],[140.5934,43.0512],[140.5951,43.0483],[140.5962,43.0454],[140.5996,43.0421],[140.6034,43.0421],[140.6088,43.0421],[140.6119,43.0421],[140.616,43.0417],[140.6189,43.0413],[140.624,43.0408],[140.6276,43.0385],[140.6311,43.0363],[140.6364,43.0329],[140.6402,43.0306],[140.6452,43.0292],[140.652,43.0275],[140.6562,43.0264],[140.6614,43.0251],[140.6703,43.0191],[140.6739,43.0167],[140.6785,43.0136],[140.6835,43.0101],[140.6863,43.0093],[140.6892,43.0084],[140.6985,43.0057],[140.704,43.0041],[140.7091,43.0026],[140.7139,43.0024],[140.7197,43.0022],[140.7233,43.0021],[140.7283,43.002],[140.7339,42.9992],[140.7377,42.9973],[140.7436,42.9943],[140.7472,42.9926],[140.7529,42.9931],[140.7594,42.9939],[140.7622,42.9941],[140.7655,42.9945],[140.7705,42.9951],[140.7757,42.995],[140.7801,42.9955],[140.7846,42.996],[140.7871,42.9962],[140.7898,42.9948],[140.7931,42.9929],[140.7969,42.9907],[140.8007,42.9883],[140.8026,42.9871],[140.8074,42.9843],[140.811,42.9834],[140.8142,42.9828],[140.8201,42.9817],[140.8326,42.9792],[140.8393,42.9778],[140.8425,42.9772],[140.8462,42.9756],[140.8493,42.9743],[140.8539,42.9723],[140.8576,42.9706],[140.8607,42.9679],[140.8635,42.9659],[140.8702,42.9615],[140.8754,42.9587],[140.8789,42.9566],[140.8819,42.9551],[140.8856,42.9533],[140.8879,42.9522],[140.8911,42.9494],[140.8997,42.9419],[140.9031,42.9388],[140.9057,42.9366],[140.9089,42.9337],[140.9118,42.9313],[140.9155,42.9311],[140.9214,42.931],[140.9271,42.9308],[140.9313,42.9292],[140.9371,42.9271],[140.9422,42.9253],[140.9469,42.9246],[140.9512,42.924],[140.956,42.9233],[140.9607,42.9226],[140.8515,42.8789]]},"properties":{"name":"trafo_275/66kV","loading_pct":57.8,"p_mw":173.5}},{"type":"Feature","geometry":{"type":"LineString","coordinates":[[141.0356,42.7494],[141.0349,42.752],[141.0358,42.7556],[141.0334,42.759],[141.035,42.7636],[141.0367,42.7683],[141.0352,42.7713],[141.0327,42.7763],[141.0313,42.7791],[141.0332,42.7838],[141.0342,42.7861],[141.036,42.7904],[141.0374,42.7937],[141.0388,42.797],[141.0409,42.8005],[141.0431,42.8042],[141.0457,42.8108],[141.0465,42.814],[141.0473,42.8171],[141.0485,42.8219],[141.0492,42.8249],[141.05,42.8282],[141.0506,42.8307],[141.0513,42.8334],[141.0521,42.8367],[141.0506,42.8388],[141.0482,42.8422],[141.046,42.8453],[141.0448,42.8474],[141.0422,42.8521],[141.0394,42.8572],[141.0367,42.8614],[141.0351,42.8638],[141.033,42.8671],[141.0278,42.8696],[141.0244,42.8712],[141.0211,42.8728],[141.0181,42.8742],[141.015,42.8757],[141.0103,42.8779],[141.0077,42.8791],[141.0018,42.8819],[140.9968,42.8842],[140.9933,42.8858],[140.988,42.8883],[140.9822,42.8911],[140.9802,42.8944],[140.9778,42.8986],[140.9756,42.9024],[140.9744,42.9045],[140.972,42.9087],[140.9694,42.9131],[140.9666,42.918],[140.8515,42.8789]]},"properties":{"name":"trafo_275/66kV","loading_pct":60.9,"p_mw":-182.6}},{"type":"Feature","geometry":{"type":"LineString","coordinates":[[140.5162,43.0395],[140.5126,43.0392],[140.5146,43.0408],[140.5177,43.0429],[140.5198,43.0444],[140.5236,43.0457],[140.5213,43.0589]]},"properties":{"name":"trafo_275/66kV","loading_pct":18.5,"p_mw":55.6}},{"type":"Feature","geometry":{"type":"LineString","coordinates":[[141.4183,43.0223],[141.4177,43.0256],[141.4159,43.0283],[141.4145,43.0303],[141.4127,43.0328]]},"properties":{"name":"trafo_187/66kV","loading_pct":3.6,"p_mw":7.1}},{"type":"Feature","geometry":{"type":"LineString","coordinates":[[141.4029,43.0928],[141.41,43.0837],[141.4099,43.0818],[141.4099,43.0808],[141.4094,43.0766],[141.4092,43.0752],[141.409,43.073],[141.4089,43.0719],[141.4089,43.0714],[141.4087,43.0692],[141.4085,43.0671],[141.4083,43.0649],[141.4078,43.0635],[141.4073,43.062],[141.4067,43.0604],[141.4058,43.0592]]},"properties":{"name":"trafo_187/66kV","loading_pct":3.3,"p_mw":6.6}},{"type":"Feature","geometry":{"type":"LineString","coordinates":[[141.4183,43.0223],[141.4157,43.0218],[141.4147,43.0211],[141.4128,43.0199],[141.4108,43.0185],[141.4082,43.0168],[141.4057,43.0152],[141.4038,43.0139],[141.4016,43.0124],[141.3995,43.0129],[141.3968,43.0134],[141.3939,43.014],[141.3912,43.0145],[141.3887,43.015],[141.385,43.0158],[141.382,43.0164],[141.3797,43.0168],[141.3777,43.0172],[141.3773,43.0179],[141.3743,43.0182],[141.372,43.0188],[141.3708,43.0187],[141.37,43.0193]]},"properties":{"name":"trafo_187/66kV","loading_pct":3.8,"p_mw":7.6}},{"type":"Feature","geometry":{"type":"LineString","coordinates":[[141.1697,42.9725],[141.1715,42.9727],[141.1724,42.9726],[141.1735,42.9723],[141.1751,42.9706],[141.1762,42.9694],[141.1777,42.9693],[141.1799,42.9686],[141.1823,42.9679],[141.1849,42.9682],[141.1877,42.9686],[141.1907,42.9686],[141.1937,42.9678],[141.1949,42.9677],[141.1958,42.9678],[141.1992,42.9664],[141.2021,42.9659],[141.2037,42.9648],[141.207,42.961],[141.209,42.9585],[141.2109,42.956],[141.2126,42.9538],[141.2146,42.9515],[141.2168,42.9503],[141.2196,42.9484],[141.2209,42.9475],[141.2205,42.946],[141.2203,42.9452],[141.2201,42.9446],[141.2211,42.9433],[141.2222,42.9416],[141.2208,42.9375],[141.2201,42.9352],[141.2192,42.9329],[141.2193,42.9311],[141.2214,42.931],[141.2235,42.9323],[141.2261,42.9339],[141.2314,42.9373],[141.2385,42.9418],[141.24,42.9428],[141.2445,42.9446],[141.2487,42.9464],[141.2526,42.9479],[141.2555,42.9491],[141.2575,42.9502],[141.2596,42.9513],[141.2614,42.9523],[141.2645,42.9551],[141.2659,42.9549],[141.2686,42.9563],[141.2703,42.9573],[141.272,42.9588],[141.274,42.9605],[141.2759,42.9624],[141.2776,42.9639],[141.2791,42.9652],[141.2811,42.9671],[141.2811,42.9686],[141.2847,42.9702],[141.2859,42.9715],[141.2889,42.9738],[141.2922,42.9764],[141.2951,42.9789],[141.2984,42.9816],[141.3015,42.9841],[141.3062,42.9881],[141.3079,42.9894],[141.3095,42.9908],[141.3116,42.9925],[141.3126,42.9933],[141.3154,42.9956],[141.3174,42.9973],[141.3197,42.9991],[141.322,43.0011],[141.3241,43.0028],[141.3258,43.0042],[141.3275,43.0057],[141.3309,43.0084],[141.3327,43.0099],[141.3358,43.0123],[141.3384,43.0144],[141.3425,43.0173],[141.345,43.0175],[141.3473,43.0179],[141.3481,43.0178],[141.3502,43.0179],[141.3518,43.0181],[141.3547,43.0183],[141.3676,43.0191]]},"properties":{"name":"trafo_275/66kV","loading_pct":0.3,"p_mw":1.0}},{"type":"Feature","geometry":{"type":"LineString","coordinates":[[141.2829,43.1218],[141.288,43.1121],[141.2862,43.1106],[141.2845,43.1091],[141.2827,43.1076],[141.282,43.107],[141.281,43.106]]},"properties":{"name":"trafo_187/66kV","loading_pct":10.7,"p_mw":21.3}},{"type":"Feature","geometry":{"type":"LineString","coordinates":[[141.3741,43.1388],[141.3783,43.138],[141.3822,43.1375],[141.3864,43.137],[141.3905,43.1364],[141.3945,43.1359],[141.3988,43.1353],[141.403,43.1348],[141.4048,43.135],[141.4071,43.1372],[141.4095,43.1403],[141.4116,43.1401],[141.4172,43.1354]]},"properties":{"name":"trafo_187/66kV","loading_pct":15.9,"p_mw":31.8}},{"type":"Feature","geometry":{"type":"LineString","coordinates":[[142.2805,43.8154],[142.2821,43.815],[142.2827,43.8146],[142.2855,43.8125],[142.2867,43.8087],[142.2879,43.805],[142.2887,43.8024],[142.2892,43.8007],[142.2849,43.7971],[142.2816,43.7943],[142.277,43.7882],[142.2755,43.7847],[142.2702,43.7716],[142.2694,43.7697],[142.2682,43.7666],[142.267,43.7636],[142.2658,43.7606],[142.2649,43.7583],[142.2657,43.7569],[142.2666,43.7556],[142.2679,43.7524],[142.2691,43.7489],[142.2701,43.7458],[142.2713,43.7427],[142.2722,43.7403],[142.273,43.7382],[142.2735,43.7368],[142.277,43.7372],[142.2802,43.7375],[142.2839,43.7378],[142.2869,43.738],[142.2898,43.7383],[142.2945,43.7387],[142.2994,43.7391],[142.3029,43.7393],[142.3057,43.7395],[142.3098,43.7396],[142.3151,43.7397],[142.3196,43.7397],[142.3235,43.7399],[142.3276,43.74],[142.3318,43.7402],[142.3359,43.7404],[142.3385,43.7405],[142.3428,43.7407],[142.346,43.7409],[142.3498,43.7412],[142.3512,43.7388],[142.3524,43.7374],[142.355,43.7359],[142.3577,43.734],[142.3592,43.7315],[142.3599,43.7292],[142.3495,43.7408]]},"properties":{"name":"trafo_187/66kV","loading_pct":11.2,"p_mw":22.4}},{"type":"Feature","geometry":{"type":"LineString","coordinates":[[142.3879,43.7535],[142.3853,43.7506],[142.3833,43.7487],[142.3812,43.7469],[142.3789,43.7448],[142.3778,43.7438],[142.3767,43.7428],[142.3755,43.7422],[142.3742,43.7418],[142.3727,43.7418],[142.3709,43.7417],[142.3682,43.7416],[142.3651,43.7415],[142.363,43.7414],[142.3601,43.7413],[142.3575,43.7412],[142.3545,43.7411],[142.3495,43.7408]]},"properties":{"name":"trafo_110/66kV","loading_pct":19.2,"p_mw":-28.8}},{"type":"Feature","geometry":{"type":"LineString","coordinates":[[142.3879,43.7535],[142.3895,43.7517],[142.3904,43.75],[142.3915,43.7478],[142.3925,43.7459],[142.3932,43.7434],[142.3939,43.7407],[142.3949,43.7372],[142.3954,43.7353],[142.3959,43.7332],[142.3972,43.7324],[142.3994,43.7312],[142.4011,43.7301],[142.4035,43.7287],[142.4062,43.7271],[142.409,43.7255],[142.4119,43.724],[142.4148,43.7223],[142.4173,43.721],[142.42,43.7195],[142.4228,43.718],[142.4255,43.7165],[142.4282,43.715],[142.4308,43.7135],[142.4336,43.712],[142.4363,43.7106],[142.4394,43.7089],[142.4422,43.7074],[142.445,43.7057],[142.4477,43.7042],[142.4504,43.7026],[142.4509,43.7031],[142.4537,43.7015],[142.4563,43.7],[142.4577,43.6993],[142.4592,43.6985],[142.4615,43.6973],[142.4642,43.6959],[142.4669,43.6945],[142.4697,43.6931],[142.4718,43.692],[142.4743,43.6907],[142.4745,43.6889],[142.477,43.6891],[142.4782,43.6884],[142.4802,43.6871],[142.4821,43.6858],[142.4844,43.6843],[142.4871,43.6825],[142.4897,43.6808],[142.4949,43.678],[142.4984,43.6765],[142.5015,43.6752],[142.5048,43.6739],[142.5077,43.6726],[142.5108,43.6713],[142.5142,43.6698],[142.5172,43.6686],[142.5196,43.6676],[142.5228,43.6661],[142.5248,43.6653],[142.5266,43.6645],[142.5294,43.6633],[142.5326,43.662],[142.5358,43.6606],[142.542,43.6579],[142.5449,43.6567],[142.5499,43.6546],[142.5519,43.6538],[142.5538,43.6529],[142.5556,43.6522],[142.5587,43.6509],[142.5611,43.6498],[142.5631,43.649],[142.566,43.6477],[142.5685,43.6466],[142.5708,43.6456],[142.5732,43.6446],[142.5803,43.6522]]},"properties":{"name":"trafo_110/66kV","loading_pct":8.3,"p_mw":12.4}},{"type":"Feature","geometry":{"type":"LineString","coordinates":[[143.5465,43.2265],[143.5451,43.2262],[143.543,43.222],[143.5418,43.2195],[143.5417,43.2169],[143.5416,43.2146],[143.5415,43.2112],[143.5413,43.2065],[143.5412,43.2024],[143.5411,43.2],[143.541,43.1974],[143.5409,43.1943],[143.5408,43.1914],[143.5407,43.1884],[143.5407,43.1858],[143.5406,43.1834],[143.5406,43.1803],[143.5406,43.1777],[143.5405,43.1744],[143.5405,43.1713],[143.5404,43.1685],[143.5404,43.1659],[143.5403,43.1615],[143.5402,43.1569],[143.5402,43.1542],[143.5401,43.1513],[143.5401,43.1483],[143.54,43.1461],[143.54,43.1419],[143.5397,43.1388],[143.5395,43.1365],[143.5406,43.1329],[143.5415,43.1301],[143.5423,43.1275],[143.5431,43.1249],[143.544,43.1219],[143.5444,43.1204],[143.5439,43.1199]]},"properties":{"name":"trafo_187/33kV","loading_pct":0.0,"p_mw":0.0}},{"type":"Feature","geometry":{"type":"LineString","coordinates":[[143.5465,43.2265],[143.5505,43.2298],[143.5531,43.2309],[143.5555,43.2319],[143.5533,43.2335],[143.553,43.2339],[143.5531,43.2342],[143.5531,43.2346],[143.5531,43.2349],[143.5531,43.2352],[143.5532,43.2356],[143.5532,43.2358],[143.5532,43.2362],[143.5532,43.2366],[143.5532,43.2367],[143.5522,43.2367],[143.5523,43.2371],[143.5521,43.2374],[143.5522,43.2378],[143.5522,43.2381],[143.5522,43.2385],[143.5523,43.2389],[143.5523,43.2393],[143.5523,43.2397],[143.5523,43.2401],[143.5524,43.2404],[143.5523,43.2405],[143.5518,43.2406],[143.5513,43.2406],[143.5507,43.2406],[143.5502,43.2406],[143.5497,43.2406],[143.5492,43.2407],[143.5487,43.2409]]},"properties":{"name":"trafo_187/33kV","loading_pct":3.6,"p_mw":7.1}},{"type":"Feature","geometry":{"type":"LineString","coordinates":[[143.5465,43.2265],[143.5452,43.228],[143.5474,43.2279],[143.551,43.2278],[143.5555,43.2276],[143.56,43.2267],[143.5644,43.2258],[143.5671,43.2254],[143.5702,43.2248],[143.5734,43.2242],[143.5776,43.2234],[143.5822,43.2226],[143.5854,43.222],[143.59,43.2212],[143.5923,43.2208],[143.5945,43.2204],[143.5977,43.2198],[143.6016,43.2191],[143.6052,43.2186],[143.6076,43.2181],[143.6105,43.2176],[143.6143,43.2169],[143.6189,43.2161],[143.6237,43.2152],[143.6253,43.2149],[143.6276,43.2145],[143.6317,43.2138],[143.6333,43.2134],[143.6358,43.2127],[143.642,43.2112],[143.6476,43.2098],[143.6519,43.2087],[143.6558,43.2077],[143.6577,43.2073],[143.6602,43.2066],[143.6645,43.2055],[143.6679,43.2051],[143.6719,43.2046],[143.6775,43.2039],[143.684,43.203],[143.6903,43.2022],[143.6943,43.2017],[143.6983,43.2011],[143.7004,43.2009],[143.7043,43.2004],[143.7083,43.1998],[143.7135,43.1989],[143.719,43.1979],[143.7214,43.1974],[143.7258,43.1966],[143.7297,43.1959],[143.7411,43.1938],[143.7468,43.192],[143.7519,43.1908],[143.756,43.1895],[143.7608,43.1882],[143.7657,43.1871],[143.767,43.1868],[143.7702,43.1859],[143.7731,43.185],[143.7784,43.1835],[143.7824,43.1812],[143.7858,43.1792],[143.7883,43.178],[143.7928,43.1752],[143.7991,43.1734],[143.8043,43.1719],[143.8081,43.1709],[143.8131,43.1692],[143.8182,43.1672],[143.8203,43.1663],[143.827,43.1635],[143.6118,43.1161]]},"properties":{"name":"trafo_187/33kV","loading_pct":5.7,"p_mw":-11.5}},{"type":"Feature","geometry":{"type":"LineString","coordinates":[[143.2551,43.3607],[143.2611,43.3572],[143.2659,43.3559],[143.2709,43.3554],[143.2743,43.3551],[143.2776,43.3547],[143.2817,43.3543],[143.2865,43.3538],[143.29,43.3535],[143.2928,43.352],[143.296,43.3504],[143.2989,43.3489],[143.3017,43.3474],[143.3048,43.3458],[143.3077,43.3444],[143.3096,43.3422],[143.3116,43.34],[143.313,43.3369],[143.3139,43.3349],[143.3134,43.332],[143.3128,43.3294],[143.3125,43.3275],[143.311,43.3258],[143.3088,43.3234],[143.3056,43.3208],[143.3037,43.3193],[143.3015,43.3175],[143.2993,43.3157],[143.2975,43.3142],[143.2943,43.3116],[143.2919,43.3099],[143.29,43.3086],[143.2876,43.3069],[143.2857,43.3055],[143.2839,43.3043],[143.2808,43.3021],[143.2791,43.3009],[143.2758,43.2985],[143.2736,43.297],[143.2698,43.2943],[143.267,43.2924],[143.2646,43.2907],[143.2619,43.2887],[143.2581,43.286],[143.2556,43.2842],[143.2532,43.2825],[143.2511,43.281],[143.2479,43.2787],[143.2457,43.2771],[143.2419,43.2745],[143.2393,43.2726],[143.2367,43.2707],[143.2349,43.2695],[143.23,43.266],[143.2281,43.2646],[143.224,43.2617],[143.2218,43.2601],[143.22,43.2589],[143.2155,43.2556],[143.2135,43.2543],[143.2107,43.2522],[143.2074,43.2499],[143.2045,43.2476],[143.2029,43.2462],[143.1994,43.2432],[143.1976,43.2416],[143.1949,43.2393],[143.1927,43.2375],[143.1901,43.2352],[143.187,43.2326],[143.1849,43.2308],[143.1825,43.2288],[143.1799,43.2265],[143.1777,43.2247],[143.1747,43.2221],[143.1732,43.2208],[143.1707,43.2194],[143.1675,43.2176],[143.165,43.2162],[143.1622,43.2146],[143.1599,43.2134],[143.1568,43.2116],[143.1541,43.21],[143.1514,43.2085],[143.1484,43.2068],[143.1456,43.2053],[143.1422,43.2034],[143.1393,43.2017],[143.1358,43.1997],[143.133,43.1981],[143.1301,43.1965],[143.1269,43.1947],[143.1238,43.193],[143.1213,43.1915],[143.1172,43.1909],[143.1134,43.1903],[143.109,43.1896],[143.1052,43.189],[143.102,43.1886],[143.0987,43.1883],[143.0948,43.1879],[143.0914,43.1875],[143.0875,43.1871],[143.0831,43.1867],[143.0789,43.1863],[143.0744,43.1858],[143.071,43.1855],[143.0674,43.1852],[143.0636,43.1848],[143.0602,43.1845],[143.0556,43.184],[143.0522,43.1837],[143.0485,43.1834],[143.0452,43.1831],[143.0417,43.1828],[143.0378,43.1824],[143.034,43.1822],[143.0306,43.1819],[143.0272,43.1817],[143.0238,43.1815],[143.0202,43.1812],[143.0163,43.181],[143.0121,43.1807],[143.0079,43.1804],[143.004,43.1798],[143.0004,43.1792],[142.9968,43.1786],[142.9929,43.178],[142.9904,43.1776],[142.9852,43.1768],[142.9823,43.1764],[142.9785,43.1758],[142.9756,43.1753],[142.9709,43.1746],[142.9673,43.174],[142.9599,43.1728],[142.9525,43.1716],[142.9493,43.1711],[142.9451,43.1704],[142.941,43.1698],[142.9367,43.1691],[142.9249,43.1821]]},"properties":{"name":"trafo_187/66kV","loading_pct":24.4,"p_mw":-48.8}},{"type":"Feature","geometry":{"type":"LineString","coordinates":[[143.6002,43.7757],[143.5962,43.7763],[143.5929,43.7767],[143.5917,43.7788],[143.5907,43.7808],[143.5898,43.7827],[143.5866,43.7849],[143.5841,43.7859],[143.5808,43.7876],[143.5778,43.789],[143.5752,43.7903],[143.572,43.7932],[143.5692,43.7957],[143.5672,43.7975],[143.5653,43.7992],[143.5621,43.8021],[143.5595,43.8029],[143.5567,43.8038],[143.5527,43.8051],[143.55,43.806],[143.5468,43.807],[143.5447,43.8084],[143.5424,43.81],[143.5399,43.8116],[143.5382,43.8128],[143.5354,43.8147],[143.5324,43.8167],[143.5298,43.8185],[143.5264,43.8206],[143.5249,43.8215],[143.5218,43.8233],[143.5209,43.8251],[143.5192,43.8281],[143.5176,43.831],[143.5168,43.8325],[143.5158,43.8343],[143.5146,43.8366],[143.5085,43.8482],[143.5073,43.8503],[143.5061,43.8523],[143.5048,43.8548],[143.5031,43.8577],[143.5042,43.8598],[143.5052,43.8617],[143.5061,43.8634],[143.5074,43.8658],[143.5086,43.8681],[143.5098,43.8702],[143.5114,43.8732],[143.5127,43.8759],[143.5142,43.8787],[143.5151,43.8806],[143.5161,43.8827],[143.5177,43.8857],[143.5187,43.8878],[143.5197,43.8898],[143.5209,43.8923],[143.522,43.8944],[143.5229,43.8962],[143.5241,43.8987],[143.5253,43.9009],[143.5266,43.9035],[143.5279,43.9062],[143.5276,43.9083],[143.5273,43.9114],[143.5271,43.9137],[143.5263,43.9162],[143.5254,43.9192],[143.5247,43.921],[143.524,43.9229],[143.523,43.9249],[143.5219,43.927],[143.5204,43.9298],[143.5192,43.9324],[143.5177,43.9354],[143.5165,43.9375],[143.5174,43.9397],[143.5182,43.9417],[143.5192,43.9441],[143.5201,43.9465],[143.5212,43.9491],[143.5223,43.9511],[143.5234,43.9533],[143.5229,43.9557],[143.5222,43.9584],[143.5215,43.9612],[143.5213,43.9642],[143.5218,43.9665],[143.5222,43.9685],[143.5226,43.9706],[143.5232,43.9737],[143.5236,43.976],[143.524,43.9782],[143.5244,43.9798],[143.5247,43.9817],[143.5251,43.9837],[143.5247,43.9863],[143.5243,43.9894],[143.5241,43.9907],[143.5231,43.9927],[143.5219,43.9955],[143.5205,43.9985],[143.5194,44.001],[143.5184,44.0032],[143.5175,44.0051],[143.5163,44.0078],[143.5151,44.0102],[143.5142,44.0124],[143.5132,44.0147],[143.5121,44.0173],[143.5113,44.0192],[143.5098,44.0215],[143.5093,44.0232]]},"properties":{"name":"trafo_187/66kV","loading_pct":9.2,"p_mw":18.5}},{"type":"Feature","geometry":{"type":"LineString","coordinates":[[143.6002,43.7757],[143.6154,43.771],[143.6181,43.7699],[143.6212,43.7686],[143.6249,43.7667],[143.6287,43.7655],[143.632,43.7642],[143.6347,43.7632],[143.6389,43.7615],[143.6418,43.7603],[143.6444,43.7602],[143.6479,43.7602],[143.6522,43.76],[143.6546,43.7601],[143.6571,43.7601],[143.6595,43.7601],[143.6635,43.7602],[143.666,43.7601],[143.6708,43.7601],[143.6745,43.7602],[143.6772,43.7603],[143.6787,43.7602],[143.6829,43.7602],[143.6861,43.7603],[143.6891,43.7603],[143.692,43.7604],[143.6941,43.7604],[143.6964,43.7604],[143.7008,43.7604],[143.7033,43.7604],[143.7073,43.7604],[143.7113,43.7604],[143.7145,43.7612],[143.7173,43.7618],[143.721,43.7627],[143.7275,43.7642],[143.7296,43.7647],[143.7323,43.7654],[143.7358,43.7662],[143.7384,43.7668],[143.7587,43.8012]]},"properties":{"name":"trafo_187/66kV","loading_pct":8.6,"p_mw":17.3}},{"type":"Feature","geometry":{"type":"LineString","coordinates":[[143.6002,43.7757],[143.6161,43.773],[143.6199,43.7741],[143.6233,43.775],[143.6269,43.776],[143.6306,43.7769],[143.6334,43.7777],[143.637,43.7786],[143.6407,43.7796],[143.6434,43.7801],[143.6466,43.7809],[143.6488,43.7814],[143.6503,43.7834],[143.6526,43.7863],[143.654,43.7882],[143.6554,43.7902],[143.6581,43.7901],[143.6618,43.7903],[143.6653,43.7906],[143.6684,43.7908],[143.6725,43.7909],[143.6759,43.7917],[143.6789,43.7922],[143.6824,43.7929],[143.686,43.7935],[143.689,43.7939],[143.6924,43.7944],[143.696,43.7949],[143.6999,43.7956],[143.703,43.7961],[143.7065,43.7967],[143.7103,43.7974],[143.7139,43.7979],[143.7175,43.7985],[143.7211,43.7991],[143.7246,43.7996],[143.7278,43.8001],[143.7313,43.8007],[143.7348,43.8012],[143.738,43.8019],[143.7409,43.8026],[143.744,43.8028],[143.7475,43.803],[143.7509,43.8033],[143.7547,43.8035],[143.7577,43.8038],[143.761,43.8043],[143.7645,43.8049],[143.768,43.8053],[143.7701,43.8061],[143.7722,43.8068],[143.7757,43.8081],[143.7784,43.809],[143.7817,43.8099],[143.7846,43.8106],[143.7872,43.8113],[143.7907,43.8122],[143.7945,43.8135],[143.7972,43.8144],[143.7998,43.8152],[143.8019,43.8159],[143.8038,43.8166],[143.8069,43.8176],[143.8105,43.8187],[143.8132,43.8196],[143.8161,43.8207],[143.8194,43.8218],[143.8233,43.8231],[143.8259,43.824],[143.8283,43.8248],[143.8316,43.8259],[143.8346,43.8269],[143.8375,43.8279],[143.8409,43.829],[143.8449,43.8303],[143.8486,43.8316],[143.8526,43.8329],[143.8557,43.8339],[143.8584,43.8348],[143.861,43.8357],[143.8643,43.8368],[143.8679,43.8382],[143.87,43.839],[143.8733,43.8403],[143.8762,43.8414],[143.8786,43.8424],[143.8807,43.843],[143.8847,43.8441],[143.8888,43.8453],[143.8921,43.8451],[143.895,43.845],[143.8983,43.8448],[143.9014,43.8446],[143.905,43.8445],[143.9086,43.8443],[143.9144,43.844],[143.9175,43.8439],[143.9207,43.8438],[143.9228,43.8427],[143.9252,43.8415],[143.9278,43.8403],[143.9302,43.8391],[143.9321,43.838],[143.9347,43.8366],[143.9373,43.8353],[143.9399,43.834],[143.9424,43.8328],[143.945,43.8315],[143.948,43.8298],[143.9513,43.8283],[143.9543,43.827],[143.957,43.8258],[143.9594,43.8247],[143.9629,43.8232],[143.9651,43.8221],[143.9689,43.8221],[143.9723,43.8231],[143.9754,43.824],[143.9779,43.8247],[143.9804,43.8255],[143.9841,43.8266],[143.9869,43.8275],[143.99,43.8283],[143.9943,43.8295],[143.9971,43.8303],[144.0,43.8311],[144.0039,43.8319],[144.0066,43.8324],[144.0095,43.8331],[144.0116,43.835],[144.0152,43.8349],[144.0187,43.8347],[144.0227,43.8354],[144.0261,43.8362],[144.0291,43.837],[144.0322,43.8377],[144.0362,43.8388],[144.0387,43.8393],[144.0418,43.84],[144.0453,43.8408],[144.0483,43.8414],[144.0523,43.8423],[144.0558,43.8431],[144.0593,43.8438],[144.0627,43.8443],[144.0665,43.8452],[144.07,43.8459],[144.0733,43.8467],[144.0759,43.8472],[144.0787,43.8479],[144.0817,43.8487],[144.0853,43.8497],[144.0885,43.8506],[144.0909,43.851],[144.0927,43.8519],[144.0952,43.8526],[144.0989,43.8526],[144.1001,43.8536],[144.1032,43.8543],[144.107,43.855],[144.1098,43.8555],[144.1124,43.856],[144.1155,43.8566],[144.1199,43.8581],[144.1228,43.8592],[144.1261,43.8603],[144.1301,43.8617],[144.133,43.8609],[144.1362,43.8599],[144.1352,43.8279]]},"properties":{"name":"trafo_187/66kV","loading_pct":5.4,"p_mw":10.8}},{"type":"Feature","geometry":{"type":"LineString","coordinates":[[142.323,43.8062],[142.3212,43.8061],[142.3193,43.8043],[142.3167,43.8026],[142.3143,43.801],[142.3121,43.7994],[142.3097,43.7977],[142.3078,43.7955],[142.3086,43.7934],[142.309,43.7926],[142.3102,43.7905],[142.3106,43.7905]]},"properties":{"name":"trafo_187/66kV","loading_pct":3.6,"p_mw":7.1}},{"type":"Feature","geometry":{"type":"LineString","coordinates":[[143.0335,42.9215],[143.034,42.9174],[143.0345,42.9142],[143.0348,42.912],[143.0351,42.9097],[143.0367,42.9077],[143.0387,42.9053],[143.0408,42.9028],[143.0427,42.9004],[143.0449,42.898],[143.0466,42.8963],[143.0486,42.8941],[143.0509,42.8916],[143.0533,42.8891],[143.0552,42.8871],[143.0584,42.886],[143.0616,42.885],[143.065,42.8838],[143.0684,42.8827],[143.0718,42.8816],[143.0751,42.8806],[143.0783,42.8795],[143.0816,42.8784],[143.0849,42.8773],[143.0881,42.8763],[143.0913,42.8752],[143.0945,42.8742],[143.0978,42.8731],[143.101,42.8721],[143.1042,42.871],[143.1076,42.8699],[143.1105,42.8689],[143.1138,42.8678],[143.117,42.8668],[143.1201,42.8657],[143.1238,42.8646],[143.1268,42.8635],[143.1305,42.8624],[143.1342,42.8611],[143.1377,42.86],[143.1412,42.8587],[143.1451,42.8587],[143.1488,42.8585],[143.1522,42.8584],[143.156,42.8582],[143.16,42.8585],[143.1639,42.8588],[143.1676,42.8591],[143.1715,42.8592],[143.1756,42.8595],[143.1785,42.8584],[143.1812,42.8573],[143.1899,42.8531]]},"properties":{"name":"trafo_187/66kV","loading_pct":12.6,"p_mw":25.2}},{"type":"Feature","geometry":{"type":"LineString","coordinates":[[143.6002,43.7757],[143.5993,43.7757],[143.5997,43.7749],[143.6001,43.7741],[143.6011,43.7739],[143.6018,43.7734],[143.6023,43.7729],[143.6032,43.7724],[143.6042,43.7719],[143.6051,43.7713],[143.6061,43.7708],[143.6071,43.7703],[143.6079,43.7701],[143.6087,43.77],[143.6099,43.7697],[143.6108,43.7678],[143.6121,43.7652],[143.6117,43.7633],[143.6115,43.7627],[143.6115,43.7616],[143.6117,43.7608],[143.6119,43.7601],[143.6121,43.7592],[143.6124,43.7584],[143.6126,43.7576],[143.6128,43.7569],[143.6131,43.756],[143.6133,43.7553],[143.6135,43.7544],[143.6137,43.7537],[143.6139,43.7529],[143.6141,43.7521],[143.6143,43.7513],[143.6145,43.7505],[143.6147,43.7497],[143.6151,43.7484],[143.6153,43.7477],[143.6159,43.747],[143.6165,43.7464],[143.6171,43.7458],[143.6169,43.745],[143.6167,43.7442],[143.6164,43.7434],[143.6163,43.7429],[143.6161,43.7423],[143.6157,43.7414],[143.6156,43.7408],[143.6153,43.7401],[143.615,43.7393],[143.6148,43.7385],[143.6146,43.7377],[143.6142,43.7369],[143.614,43.736],[143.6137,43.7351],[143.6134,43.7343],[143.6132,43.7334],[143.6129,43.7327],[143.6128,43.7318],[143.6127,43.731],[143.6126,43.7303],[143.6125,43.7294],[143.6124,43.7286],[143.6123,43.7278],[143.6123,43.7272],[143.6121,43.7262],[143.612,43.7254],[143.6119,43.7246],[143.6118,43.7237],[143.6117,43.7229],[143.6116,43.7221],[143.6115,43.7214],[143.6115,43.7206],[143.6114,43.7198],[143.6112,43.7186],[143.6111,43.7178],[143.611,43.7172],[143.6108,43.7164],[143.6106,43.7157],[143.6105,43.7149],[143.6103,43.7141],[143.6101,43.7133],[143.61,43.7125],[143.609,43.7116],[143.6089,43.7109],[143.6087,43.7095],[143.6085,43.7084],[143.6082,43.7074],[143.608,43.7066],[143.6078,43.7058],[143.6075,43.705],[143.6075,43.7041],[143.6074,43.7033],[143.6073,43.7025],[143.6072,43.7017],[143.6072,43.701],[143.607,43.7003],[143.6068,43.6995],[143.6067,43.6988],[143.6066,43.6981],[143.6065,43.6974],[143.6064,43.6967],[143.6061,43.6959],[143.6058,43.6951],[143.6055,43.6943],[143.6051,43.6935],[143.6048,43.6926],[143.6042,43.691],[143.6039,43.6902],[143.6036,43.6894],[143.6033,43.6887],[143.603,43.6879],[143.6028,43.6862],[143.6027,43.6855],[143.6026,43.6848],[143.6025,43.6841],[143.6023,43.6828],[143.6024,43.6823],[143.6019,43.6816],[143.6019,43.6814],[143.6021,43.6812],[143.6021,43.6804],[143.602,43.6794],[143.6012,43.6789],[143.6002,43.678],[143.5995,43.6776],[143.5978,43.6763],[143.5977,43.6759],[143.5969,43.6753],[143.5962,43.6748],[143.5953,43.6744],[143.5945,43.674],[143.5935,43.6736],[143.5925,43.6731],[143.5916,43.6727],[143.5906,43.6723],[143.5897,43.6718],[143.5888,43.6714],[143.5878,43.671],[143.5869,43.6705],[143.5859,43.6701],[143.5851,43.6697],[143.5842,43.6693],[143.5833,43.6689],[143.5824,43.6685],[143.5815,43.6681],[143.5806,43.6676],[143.5797,43.6672],[143.5788,43.6668],[143.5778,43.6664],[143.5769,43.6659],[143.5761,43.6656],[143.5753,43.6652],[143.5745,43.6648],[143.5729,43.664],[143.572,43.6637],[143.5709,43.6631],[143.5702,43.6628],[143.5695,43.6622],[143.5688,43.6616],[143.5682,43.661],[143.5676,43.6605],[143.5676,43.6591],[143.5678,43.6585],[143.5681,43.6572],[143.5679,43.6564],[143.5676,43.6556],[143.5681,43.655],[143.5691,43.6537],[143.5697,43.6523],[143.57,43.6515],[143.5704,43.6506],[143.5707,43.6498],[143.571,43.6491],[143.5715,43.6482],[143.5718,43.6474],[143.5721,43.6467],[143.5724,43.6461],[143.5727,43.6454],[143.5732,43.6446],[143.5738,43.6438],[143.575,43.6421],[143.5761,43.6406],[143.5765,43.64],[143.577,43.6394],[143.5775,43.6385],[143.5779,43.6379],[143.5783,43.6373],[143.5786,43.6366],[143.5789,43.6362],[143.5796,43.6355],[143.5802,43.6348],[143.5809,43.6342],[143.5815,43.6335],[143.5821,43.6329],[143.5828,43.6325],[143.5851,43.6314],[143.587,43.6304],[143.5889,43.6294],[143.5898,43.6289],[143.5908,43.6284],[143.5917,43.628],[143.5926,43.6275],[143.5935,43.627],[143.5945,43.6265],[143.5954,43.6261],[143.5964,43.6255],[143.5974,43.625],[143.5984,43.6245],[143.5994,43.624],[143.6002,43.6236],[143.6013,43.623],[143.6021,43.6226],[143.603,43.6221],[143.6047,43.6212],[143.6056,43.6208],[143.6065,43.6203],[143.6083,43.6194],[143.6092,43.6189],[143.6101,43.6184],[143.6112,43.6178],[143.612,43.6174],[143.6129,43.6169],[143.6139,43.6167],[143.615,43.6164],[143.6171,43.6159],[143.6182,43.6156],[143.6193,43.6153],[143.6203,43.6151],[143.6213,43.6148],[143.6221,43.6142],[143.6228,43.6137],[143.6236,43.6131],[143.6243,43.6125],[143.6251,43.6119],[143.6258,43.6113],[143.6266,43.6107],[143.6273,43.6101],[143.6284,43.6099],[143.6296,43.6097],[143.6306,43.6095],[143.6317,43.6093],[143.6327,43.609],[143.6338,43.6088],[143.6349,43.6088],[143.636,43.6086],[143.6371,43.6084],[143.6382,43.6082],[143.6392,43.608],[143.6403,43.6075],[143.6413,43.607],[143.6422,43.6065],[143.6431,43.606],[143.644,43.6055],[143.6453,43.6048],[143.6462,43.6044],[143.6469,43.6039],[143.6478,43.6034],[143.6487,43.6029],[143.6496,43.6024],[143.6506,43.6019],[143.6516,43.6013],[143.6525,43.6008],[143.6536,43.6005],[143.6546,43.6002],[143.6557,43.5998],[143.6566,43.5995],[143.658,43.5993],[143.6592,43.599],[143.6627,43.5982],[143.6638,43.598],[143.6645,43.5978],[143.6657,43.5973],[143.6666,43.597],[143.6674,43.5967],[143.6683,43.5964],[143.6689,43.5957],[143.6694,43.595],[143.6699,43.5943],[143.6704,43.5936],[143.6709,43.5929],[143.6714,43.5923],[143.6719,43.5916],[143.673,43.5901],[143.6736,43.5893],[143.6747,43.5878],[143.6753,43.587],[143.676,43.586],[143.6764,43.5854],[143.6768,43.5848],[143.6771,43.5842],[143.6774,43.5833],[143.6778,43.5826],[143.6782,43.5818],[143.6786,43.581],[143.6789,43.5802],[143.6795,43.5791],[143.6799,43.5784],[143.6806,43.5774],[143.6811,43.5768],[143.6819,43.5758],[143.6826,43.5748],[143.6831,43.5743],[143.6836,43.5736],[143.6841,43.5729],[143.6846,43.5724],[143.6851,43.5717],[143.6857,43.571],[143.6871,43.5693],[143.6877,43.5685],[143.6883,43.5677],[143.689,43.5669],[143.6887,43.5655],[143.6893,43.5647],[143.6903,43.5635],[143.6917,43.5632],[143.6929,43.563],[143.6941,43.5629],[143.6953,43.5626],[143.6963,43.5626],[143.6975,43.5625],[143.6988,43.5625],[143.6996,43.5625],[143.7008,43.5624],[143.702,43.5619],[143.7031,43.5617],[143.7042,43.5612],[143.7054,43.5609],[143.7065,43.5605],[143.7076,43.5601],[143.7087,43.5597],[143.7096,43.5593],[143.7105,43.5588],[143.7113,43.5583],[143.7123,43.5577],[143.7126,43.5562],[143.7128,43.5554],[143.7129,43.5547],[143.7131,43.5536],[143.7133,43.5523],[143.7135,43.5514],[143.7137,43.5505],[143.7139,43.5497],[143.7141,43.5488],[143.7143,43.5476],[143.7145,43.5464],[143.7149,43.5443],[143.7151,43.5436],[143.7153,43.5424],[143.7154,43.5412],[143.7158,43.5401],[143.716,43.5389],[143.7164,43.5378],[143.7166,43.5372],[143.7168,43.5364],[143.717,43.5355],[143.7173,43.5348],[143.7174,43.534],[143.7176,43.5334],[143.7179,43.5326],[143.7181,43.5318],[143.7183,43.531],[143.7185,43.5303],[143.7187,43.5296],[143.719,43.5283],[143.7193,43.5272],[143.7195,43.5266],[143.7198,43.5257],[143.7199,43.5251],[143.7199,43.5243],[143.7199,43.5236],[143.7205,43.523],[143.7208,43.5222],[143.721,43.5214],[143.7212,43.5207],[143.7216,43.5192],[143.7218,43.5184],[143.7223,43.5177],[143.7227,43.517],[143.7234,43.5163],[143.724,43.5156],[143.7248,43.5145],[143.7255,43.5137],[143.7266,43.5122],[143.7272,43.5114],[143.7279,43.5106],[143.7286,43.5098],[143.7291,43.5091],[143.7302,43.5078],[143.7304,43.5069],[143.7307,43.5057],[143.7309,43.5049],[143.7312,43.5036],[143.7319,43.502],[143.7325,43.5003],[143.7325,43.4985],[143.7327,43.4976],[143.7328,43.4968],[143.7329,43.4961],[143.7331,43.4947],[143.7335,43.4938],[143.7336,43.4929],[143.7336,43.492],[143.7337,43.4911],[143.7337,43.4904],[143.7328,43.4891],[143.7325,43.4875],[143.733,43.4858],[143.7333,43.485],[143.733,43.4846],[143.7334,43.4839],[143.7338,43.4832],[143.7346,43.4811],[143.7352,43.4794],[143.7357,43.4779],[143.7369,43.4759],[143.7375,43.4752],[143.7381,43.4746],[143.7387,43.4741],[143.739,43.473],[143.7391,43.4722],[143.7392,43.4716],[143.7392,43.4713]]},"properties":{"name":"trafo_187/22kV","loading_pct":0.5,"p_mw":1.0}},{"type":"Feature","geometry":{"type":"LineString","coordinates":[[141.5346,43.1209],[141.5339,43.1221],[141.5329,43.1219],[141.5309,43.1221],[141.5285,43.1216],[141.5244,43.1207],[141.5209,43.1199],[141.519,43.1187],[141.5163,43.1171],[141.5134,43.1173],[141.5103,43.1175],[141.5071,43.1182],[141.504,43.1189],[141.5008,43.1196],[141.4976,43.1203],[141.4947,43.121],[141.4922,43.1203],[141.4892,43.1196],[141.4863,43.1188],[141.4834,43.1181],[141.4805,43.1174],[141.4777,43.1167],[141.4744,43.1158],[141.4757,43.1147],[141.4763,43.1131],[141.4767,43.1111],[141.4767,43.1094],[141.4769,43.1069],[141.4771,43.104],[141.4755,43.1018],[141.4739,43.0994],[141.4741,43.098],[141.4747,43.0952],[141.4749,43.0929],[141.4752,43.0901],[141.4754,43.0875],[141.4755,43.0852],[141.4758,43.0827],[141.476,43.0804],[141.4749,43.0785],[141.4739,43.0761],[141.4726,43.0737],[141.4733,43.071],[141.4752,43.0694],[141.4771,43.068],[141.4791,43.0665],[141.4798,43.0662]]},"properties":{"name":"trafo_187/66kV","loading_pct":1.1,"p_mw":2.1}},{"type":"Feature","geometry":{"type":"LineString","coordinates":[[143.5465,43.2265],[143.5452,43.228],[143.5474,43.2279],[143.551,43.2278],[143.5555,43.2276],[143.56,43.2267],[143.5644,43.2258],[143.5671,43.2254],[143.5702,43.2248],[143.5734,43.2242],[143.5776,43.2234],[143.5822,43.2226],[143.5854,43.222],[143.59,43.2212],[143.5923,43.2208],[143.5945,43.2204],[143.5977,43.2198],[143.6016,43.2191],[143.6052,43.2186],[143.6076,43.2181],[143.6105,43.2176],[143.6143,43.2169],[143.6189,43.2161],[143.6237,43.2152],[143.6253,43.2149],[143.6276,43.2145],[143.6317,43.2138],[143.6333,43.2134],[143.6358,43.2127],[143.642,43.2112],[143.6476,43.2098],[143.6519,43.2087],[143.6558,43.2077],[143.6577,43.2073],[143.6602,43.2066],[143.6645,43.2055],[143.6679,43.2051],[143.6719,43.2046],[143.6775,43.2039],[143.684,43.203],[143.6903,43.2022],[143.6943,43.2017],[143.6983,43.2011],[143.7004,43.2009],[143.7043,43.2004],[143.7083,43.1998],[143.7135,43.1989],[143.719,43.1979],[143.7214,43.1974],[143.7258,43.1966],[143.7297,43.1959],[143.7411,43.1938],[143.7468,43.192],[143.7519,43.1908],[143.756,43.1895],[143.7608,43.1882],[143.7657,43.1871],[143.767,43.1868],[143.7702,43.1859],[143.7731,43.185],[143.7784,43.1835],[143.7824,43.1812],[143.7858,43.1792],[143.7883,43.178],[143.7928,43.1752],[143.7991,43.1734],[143.8043,43.1719],[143.8081,43.1709],[143.8131,43.1692],[143.8182,43.1672],[143.8203,43.1663],[143.827,43.1635],[143.6118,43.1161]]},"properties":{"name":"trafo_187/33kV","loading_pct":5.7,"p_mw":-11.5}},{"type":"Feature","geometry":{"type":"LineString","coordinates":[[143.1517,42.9762],[143.1099,43.0077],[143.1107,43.0098],[143.1106,43.0117],[143.1104,43.0137],[143.1103,43.0159],[143.1102,43.0183],[143.1098,43.0207],[143.1096,43.0226],[143.1091,43.0256],[143.1087,43.0285],[143.109,43.0305],[143.1088,43.0328],[143.107,43.0339],[143.1055,43.0358],[143.1051,43.0384],[143.1047,43.0406],[143.1015,43.0416],[143.0984,43.0426],[143.0958,43.0434],[143.093,43.0442],[143.0895,43.0453],[143.0866,43.0462],[143.0841,43.047],[143.0809,43.0479],[143.0778,43.0489],[143.0761,43.0494],[143.074,43.0501],[143.0718,43.0508],[143.0694,43.0515],[143.067,43.0523],[143.0647,43.053],[143.0626,43.0536],[143.0603,43.0543],[143.0581,43.055],[143.0558,43.0557],[143.0535,43.0564],[143.0515,43.057],[143.0486,43.0578],[143.0463,43.0585],[143.0434,43.0594],[143.0403,43.0604],[143.0381,43.0611],[143.0354,43.0619],[143.0318,43.063],[143.0284,43.064],[143.0274,43.0655],[143.0261,43.0674],[143.0244,43.0698],[143.0229,43.0722],[143.0212,43.0747],[143.0197,43.077],[143.0184,43.0789],[143.0168,43.0812],[143.0152,43.0836],[143.0136,43.0859],[143.0118,43.0884],[143.0102,43.0907],[143.0089,43.0928],[143.0075,43.0948],[143.0064,43.0965]]},"properties":{"name":"trafo_187/66kV","loading_pct":6.0,"p_mw":12.1}},{"type":"Feature","geometry":{"type":"LineString","coordinates":[[142.9042,43.1643],[142.9034,43.1621]]},"properties":{"name":"trafo_275/187kV","loading_pct":4.4,"p_mw":22.0}},{"type":"Feature","geometry":{"type":"LineString","coordinates":[[142.9042,43.1643],[142.9006,43.1662],[142.8992,43.1681],[142.8947,43.1688],[142.8888,43.1697],[142.884,43.1704],[142.8786,43.1699],[142.8722,43.1693],[142.8664,43.1687],[142.862,43.1661],[142.857,43.1633],[142.8515,43.1613],[142.8476,43.16],[142.8444,43.1578],[142.84,43.1549],[142.8356,43.152],[142.831,43.1489],[142.8279,43.1468],[142.8229,43.1463],[142.8169,43.1458],[142.8118,43.1453],[142.8073,43.1424],[142.8037,43.1402],[142.7989,43.137],[142.7952,43.1347],[142.7912,43.1321],[142.7871,43.1295],[142.7828,43.1263],[142.7799,43.1241],[142.7756,43.121],[142.7723,43.1184],[142.7692,43.1161],[142.766,43.1137],[142.7619,43.1107],[142.7581,43.1079],[142.7548,43.1055],[142.7496,43.1041],[142.7451,43.1054],[142.739,43.1072],[142.7352,43.1078],[142.73,43.1086],[142.7257,43.1088],[142.7211,43.109],[142.7162,43.1091],[142.8395,43.0785]]},"properties":{"name":"trafo_275/22kV","loading_pct":2.4,"p_mw":7.1}},{"type":"Feature","geometry":{"type":"LineString","coordinates":[[142.0091,42.9786],[142.0333,42.9034],[142.0414,42.9048],[142.0463,42.9057],[142.0527,42.9069],[142.0564,42.9076],[142.0612,42.9085],[142.0686,42.9098],[142.0749,42.911],[142.0822,42.9123],[142.084,42.9127],[142.0921,42.9141],[142.0978,42.9152],[142.1045,42.9155],[142.1106,42.9158],[142.1135,42.916],[142.1201,42.9163],[142.1265,42.9166],[142.1284,42.9167],[142.1309,42.9169],[142.1357,42.9172],[142.1404,42.9175],[142.1487,42.918],[142.151,42.9182],[142.1533,42.9186],[142.1591,42.9196],[142.1668,42.921],[142.1715,42.9219],[142.1793,42.9233],[142.1863,42.9247],[142.1949,42.9262],[142.1993,42.9275],[142.2067,42.9296],[142.213,42.9312],[142.2207,42.9335],[142.2263,42.9352],[142.2317,42.9369],[142.2364,42.9381],[142.2397,42.9391],[142.244,42.9404],[142.2482,42.9415],[142.2546,42.9434],[142.2589,42.9446],[142.2617,42.9454],[142.2662,42.9467],[142.2691,42.9475],[142.2715,42.9482],[142.2749,42.9491],[142.2802,42.9501],[142.2852,42.9511],[142.2891,42.9518],[142.2936,42.9526],[142.4133,42.9747]]},"properties":{"name":"trafo_187/33kV","loading_pct":14.0,"p_mw":28.0}},{"type":"Feature","geometry":{"type":"LineString","coordinates":[[142.9034,43.1621],[142.902,43.1617],[142.8999,43.161],[142.8975,43.1603],[142.8934,43.1591],[142.8906,43.1582],[142.8877,43.1573],[142.8841,43.1563],[142.8817,43.1547],[142.8784,43.1527],[142.8757,43.151],[142.8735,43.1496],[142.8698,43.1474],[142.8669,43.1455],[142.8637,43.1436],[142.8607,43.1416],[142.8574,43.1396],[142.8547,43.1379],[142.8516,43.136],[142.8495,43.1347],[142.845,43.1319],[142.8418,43.1299],[142.8389,43.1281],[142.8359,43.1263],[142.833,43.1244],[142.8293,43.1221],[142.8273,43.1208],[142.8244,43.1191],[142.822,43.1176],[142.8192,43.1158],[142.8164,43.1141],[142.814,43.1126],[142.8111,43.1108],[142.8071,43.1083],[142.8036,43.1061],[142.8012,43.1046],[142.7987,43.103],[142.7958,43.1013],[142.7917,43.0987],[142.7887,43.0969],[142.7825,43.093],[142.779,43.0908],[142.7756,43.0887],[142.7726,43.0868],[142.7699,43.085],[142.7672,43.0833],[142.7639,43.0814],[142.7616,43.0799],[142.7584,43.078],[142.7555,43.0761],[142.7528,43.0745],[142.7494,43.0732],[142.7447,43.0715],[142.7403,43.0698],[142.7368,43.0686],[142.7342,43.0677],[142.7312,43.0667],[142.7273,43.0658],[142.7239,43.0651],[142.7197,43.0642],[142.8395,43.0785]]},"properties":{"name":"trafo_187/22kV","loading_pct":2.0,"p_mw":-4.1}},{"type":"Feature","geometry":{"type":"LineString","coordinates":[[142.709,43.8409],[142.7126,43.84],[142.7146,43.8394],[142.7166,43.8388],[142.7184,43.8382],[142.7205,43.8376],[142.7226,43.8369],[142.7247,43.8363],[142.7277,43.836],[142.7297,43.8359],[142.7318,43.8357],[142.7341,43.8355],[142.7367,43.8355],[142.7387,43.8355],[142.7409,43.8355],[142.7426,43.8355],[142.7445,43.8356],[142.7492,43.8356],[142.7526,43.8356],[142.7543,43.8356],[142.7561,43.8356],[142.7587,43.8356],[142.7605,43.8356],[142.7635,43.8356],[142.7656,43.8357],[142.7706,43.8361],[142.7736,43.8363],[142.7754,43.8365],[142.7775,43.8371],[142.7796,43.8377],[142.7813,43.8383],[142.7849,43.8394],[142.787,43.84],[142.7891,43.8406],[142.7909,43.8412],[142.792,43.8416]]},"properties":{"name":"trafo_110/66kV","loading_pct":8.6,"p_mw":12.8}},{"type":"Feature","geometry":{"type":"LineString","coordinates":[[141.9519,43.8127],[141.7871,43.8509],[141.7832,43.8517],[141.7796,43.8525],[141.7778,43.8532],[141.7766,43.8537],[141.7746,43.8544],[141.7715,43.856],[141.7691,43.8572],[141.7663,43.8586],[141.7642,43.8597],[141.7625,43.8606],[141.76,43.8619],[141.7575,43.8633],[141.7544,43.8643],[141.7502,43.8643],[141.7465,43.8643],[141.7437,43.8648],[141.7406,43.8653],[141.7386,43.8656],[141.7363,43.8677],[141.7353,43.8686],[141.7345,43.8707],[141.7325,43.8727],[141.7308,43.8743],[141.7277,43.8767],[141.7257,43.8786],[141.7235,43.8807],[141.7204,43.8823],[141.7179,43.8835],[141.7151,43.8851],[141.713,43.8868],[141.7107,43.8888],[141.7087,43.8905],[141.7085,43.8925],[141.7049,43.8946],[141.7026,43.8949],[141.7007,43.8966],[141.6991,43.898],[141.6966,43.9005],[141.6943,43.9027],[141.6924,43.9045],[141.6903,43.9064],[141.6876,43.909],[141.6844,43.9109],[141.682,43.9123],[141.6819,43.9139],[141.6818,43.9153],[141.6503,43.9324]]},"properties":{"name":"trafo_187/66kV","loading_pct":30.5,"p_mw":61.0}},{"type":"Feature","geometry":{"type":"LineString","coordinates":[[141.9519,43.8127],[141.963,43.8093],[141.9678,43.8078],[141.9712,43.8065],[141.9749,43.8053],[141.9777,43.8054],[141.9805,43.8056],[141.983,43.8044],[141.9855,43.8033],[141.9856,43.8008],[141.9858,43.7984],[141.9859,43.7956],[141.9861,43.7926],[141.9863,43.79],[141.9865,43.7872],[141.9866,43.7849],[141.9867,43.7824],[141.9868,43.78],[141.987,43.7778],[141.9872,43.7748],[141.9876,43.7727],[141.9883,43.7704],[141.9883,43.7683],[141.9883,43.7664],[141.9881,43.7633],[141.9881,43.761],[141.9891,43.7583],[141.9901,43.7559],[141.9927,43.7536],[141.996,43.7523],[141.997,43.7506],[141.9985,43.7481],[141.9999,43.7458],[142.0014,43.7434],[142.003,43.7416]]},"properties":{"name":"trafo_187/66kV","loading_pct":19.6,"p_mw":39.2}},{"type":"Feature","geometry":{"type":"LineString","coordinates":[[143.1517,42.9762],[143.1576,42.9715],[143.158,42.9691],[143.1583,42.9666],[143.1586,42.9641],[143.1588,42.9613],[143.1599,42.9588],[143.1604,42.9565],[143.1618,42.9539],[143.1627,42.9518],[143.163,42.9491],[143.1603,42.9479],[143.1573,42.9475],[143.1517,42.9471],[143.1465,42.9458],[143.1431,42.9446],[143.1452,42.9405],[143.1459,42.9382]]},"properties":{"name":"trafo_187/66kV","loading_pct":3.8,"p_mw":7.5}},{"type":"Feature","geometry":{"type":"LineString","coordinates":[[143.0335,42.9215],[143.0347,42.9204],[143.0345,42.9224],[143.0325,42.9231],[143.0332,42.9248],[143.0345,42.926],[143.0367,42.9267],[143.0386,42.9303],[143.0405,42.9317],[143.0435,42.9313],[143.0469,42.9309],[143.0494,42.9308],[143.0522,42.9307],[143.0553,42.931],[143.0587,42.9313],[143.0618,42.9316],[143.0648,42.9319],[143.0678,42.9322],[143.071,42.9325],[143.0741,42.9328],[143.0771,42.9332],[143.08,42.9341],[143.0828,42.9351],[143.0853,42.9359],[143.0889,42.9366],[143.0922,42.9369],[143.0955,42.9372],[143.0984,42.9371],[143.1012,42.937],[143.1042,42.9384],[143.1072,42.9395],[143.1106,42.9401],[143.1139,42.9405],[143.1174,42.941],[143.1204,42.9413],[143.1232,42.9415],[143.1265,42.942],[143.1293,42.9424],[143.132,42.9426],[143.1358,42.9431],[143.1397,42.9436],[143.1425,42.9445],[143.1446,42.9404],[143.1459,42.9382]]},"properties":{"name":"trafo_187/66kV","loading_pct":0.2,"p_mw":-0.4}},{"type":"Feature","geometry":{"type":"LineString","coordinates":[[143.0335,42.9215],[143.0335,42.9207],[143.0327,42.9206],[143.0326,42.9213],[143.0325,42.9219],[143.0325,42.9223],[143.0293,42.9218],[143.0255,42.9213],[143.024,42.9211],[143.0226,42.9209],[143.0203,42.9206],[143.0193,42.9208],[143.0183,42.9211],[143.0172,42.9214],[143.016,42.9217],[143.0149,42.922],[143.0139,42.9223],[143.0129,42.9226],[143.0118,42.9229],[143.0107,42.9232],[143.0095,42.9234],[143.0085,42.9237],[143.0075,42.924],[143.0066,42.9242],[143.0056,42.9245],[143.0046,42.9248],[143.0035,42.9251],[143.0025,42.9253],[143.0015,42.9256],[143.0005,42.9259],[142.9995,42.9261],[142.9985,42.9264],[142.9975,42.9266],[142.9965,42.9269],[142.9955,42.9272],[142.9947,42.9274],[142.9936,42.9277],[142.9925,42.928],[142.9914,42.9283],[142.9904,42.9285],[142.9893,42.9288],[142.9882,42.9291],[142.9871,42.9294],[142.986,42.9297],[142.9849,42.93],[142.9838,42.9302],[142.9828,42.9305],[142.9818,42.9308],[142.9809,42.931],[142.9799,42.9313],[142.9789,42.9315],[142.9779,42.9318],[142.977,42.9321],[142.9759,42.9323],[142.9751,42.9327],[142.974,42.9328],[142.9727,42.9332],[142.9716,42.9335],[142.9706,42.9337],[142.9695,42.934],[142.9685,42.9343],[142.9674,42.9346],[142.9664,42.9348],[142.9654,42.9351],[142.9643,42.9354],[142.9636,42.9357],[142.9628,42.9361],[142.9619,42.9365],[142.961,42.9369],[142.9601,42.9373],[142.9592,42.9377],[142.9583,42.9381],[142.9573,42.9385],[142.9563,42.9389],[142.9554,42.9394],[142.9544,42.9397],[142.9534,42.9402],[142.9525,42.9406],[142.9516,42.9411],[142.9506,42.9415],[142.9498,42.9419],[142.9492,42.9422],[142.9484,42.9426],[142.9477,42.9431],[142.9469,42.9435],[142.9457,42.9439],[142.9451,42.9441],[142.9443,42.9443],[142.9435,42.9446],[142.9441,42.9452],[142.9443,42.9461],[142.9436,42.9464],[142.9429,42.9468],[142.942,42.9472],[142.9412,42.9476],[142.9403,42.948],[142.9395,42.9484],[142.9387,42.9488],[142.938,42.9491],[142.9374,42.9494],[142.9367,42.9497],[142.9363,42.9505],[142.9359,42.9512],[142.9355,42.9519],[142.9351,42.9527],[142.9346,42.9534],[142.9342,42.9541],[142.9338,42.9549],[142.9334,42.9556],[142.933,42.9564],[142.9327,42.957],[142.9323,42.9577],[142.9318,42.9585],[142.9313,42.9594],[142.931,42.96],[142.9306,42.9607],[142.9302,42.9615],[142.9296,42.9622],[142.929,42.963],[142.9285,42.9637],[142.928,42.9644],[142.9275,42.9651],[142.9269,42.9659],[142.9264,42.9666],[142.9258,42.9674],[142.9253,42.968],[142.9245,42.9688],[142.9238,42.9697],[142.9232,42.9704],[142.9225,42.9711],[142.9219,42.9719],[142.9212,42.9726],[142.9206,42.9733],[142.92,42.974],[142.9187,42.9755],[142.9181,42.9761],[142.9175,42.9768],[142.9167,42.9779],[142.9161,42.9787],[142.9156,42.9794],[142.9151,42.9801],[142.9146,42.9808],[142.9141,42.9816],[142.9133,42.9828],[142.9128,42.9835],[142.9123,42.9842],[142.9118,42.9849],[142.9113,42.9856],[142.9108,42.9864],[142.9103,42.9871],[142.9098,42.9878],[142.9094,42.9885],[142.9088,42.9893],[142.9083,42.99],[142.9077,42.9908],[142.9072,42.9916],[142.9067,42.9923],[142.9062,42.9931],[142.9072,42.9937],[142.9081,42.9942],[142.9091,42.9948],[142.9083,42.9955],[142.9075,42.9962],[142.9067,42.9969],[142.9058,42.9977],[142.9043,42.9978],[142.9028,42.998],[142.9023,42.9987],[142.9018,42.9994],[142.9013,43.0002],[142.9008,43.0008],[142.9003,43.0015],[142.8997,43.0023],[142.899,43.0032],[142.8984,43.0041],[142.8978,43.0049],[142.8972,43.0056],[142.8966,43.0063],[142.896,43.0072],[142.8956,43.0081],[142.8964,43.0086],[142.8972,43.0091],[142.898,43.0096],[142.8985,43.01],[142.8995,43.0106],[142.9003,43.011],[142.9011,43.0115],[142.9022,43.0117],[142.9031,43.0119],[142.9041,43.0121],[142.9051,43.0123],[142.9061,43.0126],[142.9066,43.013],[142.9072,43.0134],[142.9078,43.014],[142.909,43.0153],[142.9096,43.0161],[142.909,43.0168],[142.9083,43.0175],[142.9077,43.0182],[142.9071,43.0189],[142.9067,43.0197],[142.9056,43.0204],[142.9045,43.0208],[142.9029,43.0222],[142.9018,43.0231],[142.9008,43.0245],[142.9001,43.025],[142.8994,43.0255],[142.8948,43.0226]]},"properties":{"name":"trafo_187/66kV","loading_pct":1.4,"p_mw":2.8}},{"type":"Feature","geometry":{"type":"LineString","coordinates":[[142.419,44.3448],[142.3363,44.276],[142.3377,44.2732],[142.3385,44.2715],[142.3393,44.2698],[142.3403,44.2679],[142.3414,44.2656],[142.3428,44.2638],[142.3441,44.2622],[142.3456,44.2604],[142.3465,44.2592],[142.3479,44.2574],[142.3491,44.2559],[142.3505,44.254],[142.3524,44.2516],[142.3535,44.2499],[142.355,44.2476],[142.356,44.2461],[142.3558,44.2433],[142.3557,44.2417],[142.3555,44.2398],[142.3555,44.2394],[142.3552,44.2356],[142.3552,44.2336],[142.3552,44.2311],[142.3552,44.2291],[142.3553,44.2271],[142.3548,44.225],[142.3544,44.2227],[142.354,44.2206],[142.3536,44.2183],[142.3531,44.2161],[142.3527,44.2137],[142.3522,44.2112],[142.3518,44.209],[142.3513,44.2066],[142.3509,44.2045],[142.3507,44.2031],[142.3516,44.2012],[142.3528,44.1991],[142.354,44.197],[142.3553,44.1946],[142.356,44.1933],[142.358,44.1918],[142.3602,44.1899],[142.3615,44.1887],[142.3635,44.1871],[142.3648,44.186],[142.3652,44.1839],[142.3657,44.1813],[142.3662,44.1788],[142.3666,44.1767],[142.3672,44.1736],[142.3662,44.171],[142.3655,44.1689],[142.3652,44.1674],[142.3645,44.164],[142.3635,44.1608],[142.3628,44.1578],[142.362,44.1552],[142.3613,44.1527],[142.3606,44.1506],[142.3596,44.1485],[142.3586,44.1462],[142.3577,44.1439],[142.357,44.1417],[142.3562,44.1397],[142.3554,44.1377],[142.3546,44.1354],[142.3538,44.1332],[142.3529,44.131],[142.3521,44.1292],[142.3514,44.1274],[142.3505,44.125],[142.3495,44.1225],[142.3484,44.1198],[142.3477,44.118],[142.3468,44.1156],[142.3458,44.1131],[142.3449,44.1108],[142.344,44.1086],[142.3432,44.1064],[142.3423,44.1042],[142.3414,44.1019],[142.3405,44.0996],[142.3396,44.0973],[142.3387,44.0949],[142.3379,44.0925],[142.3371,44.0899],[142.3363,44.0877],[142.3355,44.0853],[142.3346,44.0828],[142.3338,44.0802],[142.3329,44.0775],[142.3321,44.0753],[142.3316,44.0739],[142.3309,44.0719],[142.3303,44.0699],[142.3295,44.0675],[142.3285,44.0647],[142.3279,44.0628],[142.3272,44.0608],[142.3267,44.0592],[142.3258,44.0566],[142.3248,44.0548],[142.3241,44.0535],[142.3228,44.051],[142.321,44.0478],[142.3201,44.0463],[142.3185,44.0433],[142.3174,44.0412],[142.3162,44.039],[142.3145,44.0359],[142.3131,44.0336],[142.3115,44.0307],[142.3105,44.029],[142.3086,44.0264],[142.3075,44.0249],[142.3061,44.0229],[142.3046,44.0209],[142.3034,44.0184],[142.3025,44.0166],[142.3015,44.0146],[142.3005,44.0128],[142.2996,44.0111],[142.2988,44.0094],[142.298,44.0071],[142.2973,44.0052],[142.2966,44.0032],[142.2956,44.0003],[142.2947,43.9978],[142.2936,43.9964],[142.2919,43.9944],[142.2896,43.9932],[142.2872,43.9921],[142.2847,43.991],[142.2821,43.9898],[142.2794,43.9886],[142.2774,43.9877],[142.2753,43.9867],[142.2735,43.9859],[142.2709,43.9847],[142.2687,43.9838],[142.2654,43.9822],[142.2636,43.9814],[142.2622,43.9808],[142.2566,43.9782],[142.2532,43.9767],[142.2509,43.9761],[142.2485,43.9757],[142.2457,43.9751],[142.243,43.9746],[142.2403,43.974],[142.2375,43.9734],[142.2346,43.9727],[142.2317,43.9722],[142.2294,43.9718],[142.2265,43.9719],[142.2236,43.9719],[142.2207,43.972],[142.2178,43.9721],[142.2147,43.9722],[142.2122,43.9723],[142.2093,43.9724],[142.2064,43.9725],[142.2035,43.9726],[142.2006,43.9726],[142.1977,43.9727],[142.1948,43.9729],[142.1919,43.9724],[142.1892,43.972],[142.1865,43.9717],[142.184,43.9707],[142.1822,43.969],[142.1805,43.9675],[142.1788,43.966],[142.1776,43.9642],[142.1763,43.9623],[142.175,43.9604],[142.1736,43.9585],[142.1724,43.9567],[142.171,43.9548],[142.1698,43.9529],[142.1685,43.9511],[142.1672,43.9492],[142.1659,43.9473],[142.1646,43.9454],[142.1634,43.9436],[142.1622,43.9418],[142.16,43.9404],[142.1579,43.939],[142.156,43.9376],[142.1539,43.9363],[142.1519,43.935],[142.1498,43.9335],[142.1477,43.9322],[142.1459,43.9311],[142.1412,43.9295],[142.1382,43.9277],[142.1353,43.9257],[142.1327,43.924],[142.1307,43.9226],[142.1284,43.9211],[142.1267,43.92],[142.1243,43.9184],[142.1221,43.9171],[142.1201,43.9156],[142.118,43.9144],[142.1163,43.9131],[142.1138,43.9116],[142.1132,43.9112],[142.1122,43.9106],[142.1071,43.9086],[142.1045,43.9063],[142.1027,43.9046],[142.1019,43.9039],[142.1011,43.9032],[142.1011,43.9029],[142.0999,43.9029],[142.0985,43.9038],[142.098,43.9058],[142.0968,43.907],[142.0965,43.9078],[142.0961,43.9087],[142.0956,43.9096],[142.0952,43.9104],[142.0947,43.9114],[142.0943,43.9122],[142.0939,43.9129],[142.0932,43.9134],[142.0922,43.9139],[142.0912,43.9144],[142.0903,43.9149],[142.0888,43.9164],[142.0872,43.9179],[142.0865,43.9187],[142.0856,43.9192],[142.0848,43.9198],[142.084,43.9203],[142.0832,43.9209],[142.0827,43.9215],[142.0822,43.9221],[142.0817,43.9226],[142.0818,43.9238]]},"properties":{"name":"trafo_187/66kV","loading_pct":3.6,"p_mw":7.1}},{"type":"Feature","geometry":{"type":"LineString","coordinates":[[142.419,44.3448],[142.3377,44.2791],[142.3391,44.2788],[142.3397,44.2779],[142.3401,44.2772],[142.3407,44.2763],[142.3413,44.2752],[142.3418,44.2745],[142.3422,44.2737],[142.3427,44.2728],[142.3432,44.272],[142.3437,44.2713],[142.3441,44.2705],[142.3445,44.2698],[142.345,44.2691],[142.3459,44.2676],[142.3463,44.2669],[142.3467,44.2662],[142.3473,44.2653],[142.3475,44.2643],[142.3477,44.2635],[142.348,44.2626],[142.3482,44.2618],[142.3484,44.261],[142.3486,44.2602],[142.3488,44.2594],[142.3493,44.2577],[142.3495,44.2568],[142.3497,44.256],[142.3499,44.2552],[142.3502,44.2542],[142.3504,44.2536],[142.3506,44.2529],[142.3508,44.2518],[142.3511,44.2508],[142.3514,44.2497],[142.3516,44.2489],[142.3518,44.2481],[142.352,44.2473],[142.3523,44.2465],[142.3526,44.2454],[142.3528,44.2445],[142.3531,44.2435],[142.3533,44.2427],[142.3535,44.2418],[142.3537,44.241],[142.354,44.2401],[142.3542,44.2391],[142.3545,44.2381],[142.3547,44.2373],[142.3548,44.2363],[142.355,44.2356],[142.355,44.2347],[142.355,44.2338],[142.355,44.2328],[142.355,44.2319],[142.355,44.2311],[142.355,44.2303],[142.355,44.2288],[142.355,44.2279],[142.355,44.2272],[142.3549,44.2263],[142.3547,44.2253],[142.3545,44.2244],[142.3543,44.2235],[142.3542,44.2226],[142.354,44.2216],[142.3538,44.2206],[142.3536,44.2196],[142.3534,44.2186],[142.3532,44.2177],[142.353,44.2167],[142.3528,44.2157],[142.3527,44.2148],[142.3525,44.2138],[142.3523,44.2128],[142.3521,44.2118],[142.352,44.211],[142.3518,44.2102],[142.3516,44.2092],[142.3514,44.2082],[142.3512,44.2071],[142.3511,44.2064],[142.3509,44.2057],[142.3507,44.2046],[142.3506,44.2039],[142.3504,44.2031],[142.3509,44.2023],[142.3513,44.2015],[142.3516,44.2008],[142.3519,44.2003],[142.3527,44.1991],[142.3531,44.1983],[142.3536,44.1974],[142.3541,44.1964],[142.3545,44.1956],[142.3549,44.1949],[142.3553,44.1942],[142.3558,44.1934],[142.3562,44.1926],[142.3567,44.1917],[142.3575,44.1904],[142.3581,44.1895],[142.3586,44.1887],[142.3589,44.1878],[142.3593,44.1868],[142.3596,44.1861],[142.36,44.185],[142.3605,44.1838],[142.3607,44.1832],[142.361,44.1825],[142.3613,44.1817],[142.3617,44.1808],[142.3619,44.1802],[142.3622,44.1793],[142.3627,44.1784],[142.363,44.1778],[142.3634,44.177],[142.3637,44.1765],[142.364,44.1758],[142.3644,44.1752],[142.3647,44.1746],[142.3652,44.1736],[142.3658,44.1725],[142.3662,44.1717],[142.3665,44.171],[142.3668,44.1705],[142.3671,44.17],[142.3673,44.1693],[142.3676,44.1682],[142.3678,44.1674],[142.368,44.1668],[142.3683,44.1659],[142.3686,44.1648],[142.3689,44.1639],[142.3702,44.1633],[142.3711,44.163],[142.3718,44.162],[142.3723,44.1614],[142.3725,44.1612],[142.3739,44.1605],[142.3753,44.1603],[142.3777,44.1605],[142.379,44.1608],[142.3912,44.1701]]},"properties":{"name":"trafo_187/100kV","loading_pct":6.6,"p_mw":19.9}},{"type":"Feature","geometry":{"type":"LineString","coordinates":[[142.3912,44.1701],[142.3896,44.1625],[142.3902,44.1603],[142.391,44.158],[142.3932,44.1559],[142.3949,44.1562],[142.3953,44.1552],[142.3956,44.1541],[142.396,44.153],[142.3973,44.1533],[142.3986,44.1535],[142.3996,44.1534],[142.4008,44.1536],[142.4018,44.1538],[142.4025,44.1539],[142.4029,44.153],[142.4037,44.1523],[142.4047,44.1517],[142.4056,44.1512],[142.4066,44.1507],[142.4076,44.1502],[142.4084,44.1498],[142.4092,44.1494],[142.4103,44.1488],[142.4116,44.1481],[142.4127,44.1476],[142.4139,44.147],[142.4149,44.1464],[142.4159,44.1459],[142.4168,44.1454],[142.4177,44.1449],[142.4187,44.1444],[142.4204,44.1435],[142.4218,44.1427],[142.4229,44.1422],[142.4239,44.1417],[142.4249,44.1412],[142.4256,44.1406],[142.4263,44.14],[142.4276,44.1395],[142.4284,44.1392],[142.4294,44.1388],[142.4303,44.1383],[142.4312,44.1379],[142.4322,44.1373],[142.4333,44.1368],[142.4347,44.1361],[142.4359,44.1354],[142.4371,44.135],[142.4382,44.1347],[142.4394,44.1343],[142.4405,44.1339],[142.4416,44.1336],[142.4426,44.1332],[142.4438,44.1329],[142.4452,44.1324],[142.446,44.1318],[142.4469,44.1314],[142.4481,44.1308],[142.4491,44.1303],[142.4506,44.1295],[142.4519,44.1289],[142.4527,44.1285],[142.4545,44.1276],[142.4562,44.1269],[142.4573,44.1264],[142.4584,44.126],[142.4592,44.1256],[142.4607,44.1251],[142.4616,44.1247],[142.4626,44.1243],[142.4637,44.1238],[142.4652,44.1233],[142.4663,44.1228],[142.4674,44.1224],[142.4685,44.122],[142.4695,44.1216],[142.4705,44.1212],[142.4718,44.1207],[142.4729,44.1202],[142.4752,44.1193],[142.4775,44.1184],[142.4789,44.1177],[142.4812,44.1174],[142.4827,44.1171],[142.484,44.1168],[142.4851,44.1166],[142.4862,44.1164],[142.4876,44.1161],[142.4887,44.1159],[142.4897,44.1156],[142.4909,44.1154],[142.4921,44.1152],[142.4933,44.1149],[142.4944,44.1147],[142.4956,44.1148],[142.4965,44.1148],[142.4976,44.1145],[142.4987,44.1141],[142.4996,44.1138],[142.5006,44.1134],[142.5014,44.1132],[142.5025,44.113],[142.5037,44.1128],[142.505,44.1125],[142.5062,44.1122],[142.5077,44.1119],[142.5105,44.1117],[142.5118,44.1115],[142.5165,44.1109],[142.5204,44.1104],[142.5251,44.1098],[142.5266,44.1096],[142.5278,44.1095],[142.5293,44.1093],[142.5306,44.1091],[142.5323,44.1089],[142.5344,44.1086],[142.5495,44.1067],[142.5539,44.1079],[142.5556,44.1084],[142.5561,44.1085],[142.5581,44.1091],[142.559,44.1093],[142.5602,44.1097],[142.5613,44.1099],[142.5624,44.1103],[142.5636,44.1106],[142.5648,44.1102],[142.566,44.1099],[142.5672,44.1095],[142.5683,44.1091],[142.5693,44.1088],[142.5701,44.1085],[142.571,44.1082],[142.5727,44.1077],[142.5761,44.1077],[142.5779,44.1077],[142.58,44.1077],[142.5823,44.1076],[142.5843,44.1076],[142.5865,44.1076],[142.5894,44.1076],[142.5912,44.1076],[142.5928,44.1076],[142.5943,44.1076],[142.5954,44.1076],[142.5963,44.1078],[142.5973,44.1081],[142.5983,44.1083],[142.6,44.1088],[142.6016,44.1091],[142.6026,44.1096],[142.6036,44.1099],[142.6046,44.1101],[142.6059,44.1105],[142.6074,44.1109],[142.6091,44.111],[142.6129,44.111],[142.6142,44.111],[142.6167,44.1112],[142.6183,44.1112],[142.6198,44.1113],[142.621,44.1112],[142.6221,44.1112],[142.6232,44.1111],[142.6242,44.1111],[142.625,44.1111],[142.6268,44.1114],[142.6289,44.1117],[142.6305,44.1119],[142.633,44.1123],[142.6342,44.1124],[142.6384,44.1131],[142.6396,44.1133],[142.6411,44.1135],[142.6427,44.1138],[142.6445,44.114],[142.6458,44.1142],[142.6469,44.1144],[142.648,44.1146],[142.6506,44.115],[142.6516,44.1151],[142.6527,44.1153],[142.6536,44.1154],[142.6548,44.1156],[142.6559,44.1158],[142.6569,44.1159],[142.6589,44.1162],[142.6617,44.1167],[142.6625,44.1168],[142.6645,44.1171],[142.6654,44.1172],[142.667,44.117],[142.6679,44.1169],[142.6719,44.1165],[142.6757,44.116],[142.6769,44.1159],[142.6791,44.1156],[142.6839,44.1151],[142.6857,44.1149],[142.6875,44.1147],[142.6884,44.1146],[142.6897,44.1145],[142.6909,44.1143],[142.6923,44.1142],[142.6937,44.114],[142.6948,44.114],[142.696,44.1141],[142.6971,44.1141],[142.6984,44.1141],[142.6995,44.1142],[142.7008,44.1142],[142.7022,44.1142],[142.7036,44.1143],[142.7042,44.1146],[142.7053,44.1151],[142.7063,44.1156],[142.7066,44.1158]]},"properties":{"name":"trafo_100/66kV","loading_pct":9.5,"p_mw":14.2}},{"type":"Feature","geometry":{"type":"LineString","coordinates":[[142.9042,43.1643],[142.8944,43.1756],[142.8938,43.181],[142.8924,43.1921],[142.8913,43.2005],[142.8911,43.2099],[142.8973,43.214],[142.9014,43.2198],[142.909,43.2256],[142.9101,43.231],[142.9105,43.2337],[142.911,43.2359],[142.9116,43.2384],[142.91,43.248],[142.9123,43.2625],[142.9151,43.2667],[142.9173,43.2769],[142.9172,43.2793],[142.9129,43.2897],[142.915,43.2949],[142.9201,43.2974],[142.9269,43.303],[142.9315,43.3063],[142.9374,43.3087],[142.9408,43.3111],[142.9453,43.3163],[142.9438,43.3274],[142.9438,43.337],[142.9481,43.3415],[142.9503,43.3438],[142.9439,43.352],[142.9368,43.3544],[142.926,43.3614],[142.9249,43.1821]]},"properties":{"name":"trafo_275/66kV","loading_pct":15.1,"p_mw":45.2}},{"type":"Feature","geometry":{"type":"LineString","coordinates":[[142.9042,43.1643],[142.9072,43.1638],[142.9103,43.1633],[142.9163,43.1626],[142.9192,43.1626],[142.9221,43.1612],[142.9262,43.1593],[142.9276,43.1566],[142.9265,43.1538],[142.9263,43.1504],[142.9257,43.1484],[142.9261,43.1453],[142.9262,43.1418],[142.9262,43.1384],[142.9274,43.1351],[142.9293,43.1318],[142.9309,43.1283],[142.9313,43.1248],[142.9318,43.1213],[142.9323,43.1175],[142.9328,43.1139],[142.9333,43.1104],[142.9338,43.1068],[142.9342,43.1035],[142.9354,43.1002],[142.9363,43.0982],[142.94,43.0966],[142.943,43.0952],[142.9459,43.0928],[142.9493,43.0898],[142.9498,43.0865],[142.9503,43.0831],[142.9536,43.0801],[142.9565,43.0782],[142.9588,43.0751],[142.9593,43.0718],[142.9598,43.0684],[142.9629,43.0657],[142.9665,43.0626],[142.9705,43.0612],[142.9742,43.0614],[142.9791,43.0618],[142.9837,43.0622],[142.9875,43.0624],[142.9911,43.0623],[142.9915,43.0603],[142.9919,43.0568],[142.9955,43.0541],[142.9993,43.0525],[143.0036,43.0504],[143.0062,43.0473],[143.0091,43.0456],[143.0133,43.0432],[143.0178,43.0412],[143.0218,43.039],[143.0258,43.0369],[143.0288,43.0348],[143.0331,43.0333],[143.0376,43.0318],[143.0406,43.0287],[143.0452,43.0268],[143.0498,43.0252],[143.0537,43.0233],[143.0578,43.0213],[143.0619,43.0193],[143.0666,43.0193],[143.071,43.0196],[143.0756,43.02],[143.0794,43.0203],[143.0833,43.0188],[143.0862,43.0169],[143.0899,43.0154],[143.0936,43.0138],[143.0978,43.0121],[143.101,43.0098],[143.1052,43.0078],[143.1517,42.9762]]},"properties":{"name":"trafo_275/187kV","loading_pct":8.7,"p_mw":43.3}},{"type":"Feature","geometry":{"type":"LineString","coordinates":[[142.9042,43.1643],[142.9034,43.1621]]},"properties":{"name":"trafo_275/187kV","loading_pct":4.4,"p_mw":22.0}},{"type":"Feature","geometry":{"type":"LineString","coordinates":[[142.9042,43.1643],[142.9034,43.1621]]},"properties":{"name":"trafo_275/187kV","loading_pct":4.4,"p_mw":22.0}},{"type":"Feature","geometry":{"type":"LineString","coordinates":[[141.6019,42.9316],[141.6,42.9306],[141.5972,42.9317],[141.5943,42.9328],[141.5922,42.9339],[141.5937,42.9363],[141.595,42.9381],[141.5946,42.9393],[141.5956,42.9408],[141.597,42.943],[141.5985,42.945],[141.5957,42.9461],[141.5938,42.9468],[141.5922,42.9495],[141.5908,42.9519],[141.59,42.9533],[141.5891,42.9554],[141.5881,42.9571],[141.5894,42.9597],[141.5911,42.9628],[141.5928,42.9653],[141.5939,42.9671],[141.5955,42.9694],[141.5973,42.9721],[141.5988,42.9743],[141.5993,42.976],[141.5983,42.9793],[141.5983,42.9809],[141.5988,42.9829],[141.5985,42.9856],[141.598,42.9882],[141.593,42.9911],[141.5898,42.9929],[141.5864,42.9943],[141.584,42.9951],[141.5823,42.9941],[141.5804,42.9934],[141.5782,42.9951],[141.576,42.9938]]},"properties":{"name":"trafo_187/66kV","loading_pct":3.6,"p_mw":7.1}},{"type":"Feature","geometry":{"type":"LineString","coordinates":[[141.6019,42.9316],[141.6036,42.93],[141.606,42.9292],[141.6085,42.9283],[141.6133,42.9288],[141.6156,42.928],[141.6143,42.926],[141.6167,42.925],[141.6196,42.924],[141.6226,42.923],[141.6256,42.9219],[141.6286,42.9207],[141.6318,42.9196],[141.6338,42.9188],[141.6326,42.9172],[141.6315,42.9155],[141.6302,42.9134],[141.6286,42.9111],[141.627,42.9088],[141.6256,42.9067],[141.6242,42.9045],[141.6229,42.9026],[141.6216,42.9007],[141.62,42.8984],[141.6185,42.8962],[141.617,42.8939],[141.6154,42.8916],[141.6138,42.8893],[141.6048,42.8667]]},"properties":{"name":"trafo_187/66kV","loading_pct":7.7,"p_mw":-15.4}},{"type":"Feature","geometry":{"type":"LineString","coordinates":[[142.9042,43.1643],[142.8975,43.1652],[142.8936,43.1653],[142.8899,43.1658],[142.8887,43.1649],[142.8862,43.1628],[142.8834,43.1631],[142.8808,43.1634],[142.877,43.1639],[142.8737,43.1642],[142.8701,43.1647],[142.867,43.165],[142.8646,43.1638],[142.8621,43.1624],[142.858,43.1601],[142.8551,43.1586],[142.8521,43.157],[142.8491,43.1555],[142.8456,43.1539],[142.8427,43.1526],[142.8399,43.1512],[142.8365,43.1496],[142.8326,43.1478],[142.829,43.1451],[142.8268,43.1435],[142.8242,43.1416],[142.8217,43.1396],[142.819,43.1377],[142.8165,43.1358],[142.8138,43.1338],[142.8112,43.1318],[142.8098,43.1297],[142.8081,43.1271],[142.8062,43.1243],[142.8047,43.1221],[142.8033,43.12],[142.8018,43.1177],[142.8002,43.1153],[142.7987,43.113],[142.7971,43.1105],[142.7956,43.1082],[142.794,43.1059],[142.7921,43.1041],[142.7898,43.1021],[142.7875,43.0999],[142.7851,43.0976],[142.7826,43.0955],[142.78,43.0931],[142.779,43.0905],[142.7759,43.0885],[142.773,43.0867],[142.7705,43.085],[142.7675,43.0831],[142.7643,43.0812],[142.7619,43.0797],[142.7588,43.0778],[142.7558,43.076],[142.753,43.0743],[142.7494,43.0729],[142.7449,43.0712],[142.7408,43.0698],[142.7371,43.0685],[142.7343,43.0674],[142.7313,43.0664],[142.7288,43.0642],[142.7268,43.0625],[142.7245,43.0606],[142.7224,43.0589],[142.7206,43.0574],[142.7183,43.0555],[142.7155,43.0532],[142.7128,43.0509],[142.7099,43.0485],[142.7072,43.0463],[142.7049,43.0443],[142.7035,43.0429],[142.7028,43.0422],[142.7022,43.0415],[142.7009,43.0402],[142.6985,43.0376],[142.6967,43.0358],[142.6946,43.0337],[142.6928,43.0316],[142.69,43.0288],[142.6886,43.0274],[142.6864,43.0252],[142.6841,43.0229],[142.6823,43.021],[142.6807,43.0194],[142.679,43.0176],[142.6775,43.016],[142.6755,43.014],[142.6741,43.0119],[142.6724,43.0096],[142.6711,43.0076],[142.6692,43.0049],[142.6671,43.002],[142.6652,42.9993],[142.6637,42.9971],[142.6621,42.9949],[142.6608,42.993],[142.6591,42.9906],[142.6574,42.9882],[142.6556,42.9855],[142.6541,42.9834],[142.6528,42.9814],[142.6515,42.9793],[142.6505,42.9777],[142.6497,42.9755],[142.648,42.9738],[142.6468,42.9719],[142.6457,42.9699],[142.6431,42.9683],[142.6398,42.9667],[142.6375,42.9657],[142.6338,42.964],[142.6296,42.9622],[142.6267,42.9597],[142.6243,42.9565],[142.6197,42.9549],[142.6184,42.953],[142.6106,42.9459]]},"properties":{"name":"trafo_275/187kV","loading_pct":31.9,"p_mw":-159.5}},{"type":"Feature","geometry":{"type":"LineString","coordinates":[[143.1517,42.9762],[143.1599,42.9757],[143.1669,42.9762],[143.1705,42.9765],[143.1742,42.9767],[143.1779,42.977],[143.1816,42.9773],[143.1851,42.9774],[143.1886,42.9777],[143.1918,42.9782],[143.2083,42.9657]]},"properties":{"name":"trafo_187/66kV","loading_pct":11.1,"p_mw":22.2}},{"type":"Feature","geometry":{"type":"LineString","coordinates":[[141.5346,43.1209],[141.5352,43.1227],[141.5376,43.1219],[141.5386,43.1213]]},"properties":{"name":"trafo_187/66kV","loading_pct":33.2,"p_mw":66.4}},{"type":"Feature","geometry":{"type":"LineString","coordinates":[[142.0091,42.9786],[142.0212,43.0007],[142.022,43.0017],[142.0248,43.0039],[142.0257,43.0063],[142.0265,43.0083],[142.0275,43.0102],[142.0291,43.0116],[142.0306,43.0129],[142.0647,43.0177]]},"properties":{"name":"trafo_187/66kV","loading_pct":7.1,"p_mw":14.2}},{"type":"Feature","geometry":{"type":"LineString","coordinates":[[141.7992,42.8819],[141.9166,42.9132],[141.916,42.9134],[141.9149,42.9158],[141.9142,42.9168],[141.9157,42.9177],[141.9156,42.9185],[141.9155,42.9189],[141.9153,42.9198],[141.9142,42.9203],[141.9132,42.9207],[141.9122,42.9212],[141.9111,42.9217],[141.9101,42.9222],[141.909,42.9227],[141.9077,42.9233],[141.9069,42.9223],[141.9054,42.9227],[141.9044,42.923],[141.9034,42.9236],[141.9023,42.9243],[141.9008,42.9252],[141.8997,42.9255],[141.8988,42.926],[141.898,42.9267],[141.8975,42.9275],[141.8971,42.9283],[141.8955,42.9291],[141.8945,42.9295],[141.8935,42.93],[141.8926,42.9304],[141.8901,42.9312],[141.8882,42.9317],[141.8861,42.9324],[141.8843,42.933],[141.8821,42.9338],[141.8802,42.9344],[141.8777,42.9351],[141.8754,42.9358],[141.8732,42.9365],[141.8714,42.9372],[141.8692,42.9379],[141.8676,42.9384],[141.8658,42.939],[141.8637,42.9397],[141.862,42.9403],[141.8601,42.9409],[141.8575,42.9413],[141.8568,42.9415],[141.8555,42.9417],[141.8542,42.9419],[141.8529,42.942],[141.8518,42.9422],[141.8506,42.9424],[141.8494,42.9426],[141.8482,42.9427],[141.847,42.9429],[141.846,42.9431],[141.8446,42.9433],[141.8433,42.9435],[141.8422,42.9436],[141.841,42.9438],[141.8399,42.944],[141.839,42.9441],[141.8378,42.9443],[141.8367,42.9446],[141.8351,42.9449],[141.8341,42.9451],[141.833,42.9453],[141.8322,42.9455],[141.8312,42.9457],[141.8299,42.9459],[141.8287,42.9462],[141.8272,42.9465],[141.8229,42.9473],[141.8205,42.9478],[141.8192,42.9482],[141.8179,42.9484],[141.8165,42.9487],[141.8156,42.9489],[141.8148,42.9491],[141.8137,42.9493],[141.8128,42.9495],[141.8119,42.9497],[141.811,42.9499],[141.8109,42.9503],[141.8095,42.9505],[141.8078,42.9506],[141.8067,42.9507],[141.8054,42.951],[141.8047,42.9511],[141.8036,42.9512],[141.8023,42.9514],[141.8016,42.9512],[141.8001,42.951]]},"properties":{"name":"trafo_187/66kV","loading_pct":14.3,"p_mw":28.7}},{"type":"Feature","geometry":{"type":"LineString","coordinates":[[142.9034,43.1621],[142.9056,43.1629],[142.91,43.1641],[142.9164,43.1653],[142.919,43.1659],[142.922,43.1664],[142.926,43.1672],[142.9297,43.1679],[142.9249,43.1821]]},"properties":{"name":"trafo_187/66kV","loading_pct":10.7,"p_mw":21.3}},{"type":"Feature","geometry":{"type":"LineString","coordinates":[[141.8907,43.5757],[141.8883,43.5809],[141.8892,43.5828],[141.8902,43.5848],[141.891,43.5867],[141.8932,43.5868],[141.8952,43.5862],[141.8982,43.5855],[141.9005,43.585],[141.903,43.5841],[141.9058,43.5834],[141.9086,43.5827],[141.9119,43.5818],[141.9187,43.5808]]},"properties":{"name":"trafo_187/66kV","loading_pct":16.9,"p_mw":33.8}},{"type":"Feature","geometry":{"type":"LineString","coordinates":[[142.323,43.8062],[142.3266,43.8037],[142.3279,43.8025],[142.3291,43.8017],[142.3299,43.8],[142.3322,43.7986],[142.335,43.7992],[142.3374,43.7996],[142.3391,43.8003],[142.3469,43.799]]},"properties":{"name":"trafo_187/66kV","loading_pct":10.7,"p_mw":21.3}},{"type":"Feature","geometry":{"type":"LineString","coordinates":[[144.2171,43.8324],[144.2132,43.8314],[144.2124,43.8298],[144.2096,43.8298],[144.2071,43.8298],[144.205,43.8301],[144.2016,43.8309],[144.1985,43.8315],[144.1961,43.8323],[144.1943,43.8329],[144.192,43.8336],[144.1898,43.8343],[144.1874,43.835],[144.1848,43.8358],[144.1822,43.8366],[144.1798,43.8375],[144.1761,43.8387],[144.1732,43.8396],[144.1708,43.8403],[144.1683,43.8411],[144.1662,43.8415],[144.164,43.8422],[144.162,43.8428],[144.1602,43.8433],[144.1571,43.8443],[144.1541,43.8452],[144.1517,43.8469],[144.1503,43.848],[144.1486,43.8492],[144.1486,43.8518],[144.1458,43.8531],[144.1449,43.8545],[144.1441,43.8563],[144.1435,43.8576],[144.141,43.8584],[144.1352,43.8279]]},"properties":{"name":"trafo_187/66kV","loading_pct":8.0,"p_mw":16.0}},{"type":"Feature","geometry":{"type":"LineString","coordinates":[[144.2171,43.8324],[144.2174,43.8347],[144.217,43.8373],[144.218,43.8396],[144.2184,43.8409],[144.2197,43.8431],[144.2209,43.8445],[144.2219,43.8463],[144.2232,43.8483],[144.2244,43.8505],[144.2261,43.8528],[144.2278,43.8552],[144.2298,43.8571],[144.2322,43.8592],[144.2341,43.8609],[144.2358,43.8624],[144.2373,43.8636],[144.2395,43.8656],[144.2406,43.8679],[144.2416,43.8698],[144.2449,43.8703],[144.2865,43.849]]},"properties":{"name":"trafo_187/66kV","loading_pct":0.5,"p_mw":1.0}},{"type":"Feature","geometry":{"type":"LineString","coordinates":[[144.1551,43.0775],[144.1552,43.0713],[144.1551,43.069],[144.155,43.0667],[144.1548,43.0636],[144.1534,43.0612],[144.1524,43.0591],[144.1497,43.0575],[144.1473,43.0561],[144.1448,43.0546],[144.1419,43.0529],[144.1409,43.0503],[144.1406,43.0486],[144.1401,43.0464],[144.1398,43.0444],[144.1397,43.0414],[144.1397,43.0393],[144.1396,43.0367],[144.1395,43.0349],[144.1394,43.0322],[144.139,43.0296],[144.1367,43.0281],[144.1345,43.0266],[144.1325,43.0252],[144.1301,43.0235],[144.13,43.0212],[144.1301,43.0189],[144.1301,43.0165],[144.1277,43.0155],[144.1252,43.0144],[144.1228,43.0131],[144.1201,43.0119],[144.1174,43.0106],[144.1145,43.0093],[144.1118,43.008],[144.1097,43.0057],[144.1099,43.0028],[144.1099,43.0013],[144.1101,42.9985],[144.1076,42.9974],[144.1047,42.996],[144.1021,42.9948],[144.0993,42.9936],[144.0969,42.9925],[144.0943,42.9912],[144.0906,42.9896],[144.0887,42.9887],[144.0855,42.9873],[144.0826,42.9859],[144.0791,42.9847],[144.0758,42.984],[144.0732,42.9844],[144.0703,42.9838],[144.0671,42.9832],[144.0634,42.9823],[144.0598,42.9815],[144.0558,42.9811],[144.0537,42.9804],[144.051,42.9794],[144.0476,42.9783],[144.0448,42.9777],[144.0412,42.9769],[144.0377,42.9762],[144.0351,42.9756],[144.0324,42.9744],[144.0304,42.9734],[144.0275,42.9721],[144.0251,42.971],[144.0232,42.9701],[144.0206,42.9689],[144.0193,42.968],[144.0174,42.9667],[144.0143,42.9646],[144.0119,42.9638],[144.0092,42.963],[144.0061,42.962],[144.0042,42.9605],[144.0022,42.959],[144.0003,42.9574],[143.9942,42.9574],[143.9914,42.9575],[143.9857,42.9576],[143.9823,42.9566],[143.9791,42.9555],[143.9763,42.9547],[143.9748,42.9524],[143.9734,42.9502],[143.972,42.9478],[143.9691,42.9459],[143.9668,42.9443],[143.9642,42.9427],[143.9623,42.9402],[143.9606,42.9382],[143.9594,42.9367],[143.9579,42.9348],[143.9565,42.933],[143.9546,42.9308],[143.9529,42.9286],[143.952,42.9264],[143.951,42.9239],[143.9499,42.9213],[143.9488,42.9186],[143.9479,42.9162],[143.9454,42.914],[143.9432,42.9119],[143.9421,42.9092],[143.9384,42.8992]]},"properties":{"name":"trafo_187/66kV","loading_pct":13.8,"p_mw":-27.6}},{"type":"Feature","geometry":{"type":"LineString","coordinates":[[144.1551,43.0775],[144.1567,43.0803],[144.1579,43.0822],[144.1615,43.0831],[144.1649,43.0839],[144.1675,43.0842],[144.1711,43.0834],[144.1739,43.0842],[144.1774,43.0833],[144.1806,43.0825],[144.1839,43.0818],[144.1873,43.0817],[144.1912,43.0808],[144.1952,43.0798],[144.1977,43.0777],[144.199,43.0758],[144.2007,43.0736],[144.2037,43.0727],[144.2069,43.0719],[144.2104,43.0712],[144.2133,43.0705],[144.2164,43.0697],[144.2198,43.0688],[144.223,43.068],[144.2263,43.0673],[144.2296,43.0688],[144.233,43.068],[144.2357,43.0673],[144.2385,43.0667],[144.241,43.0648],[144.2437,43.0629],[144.2505,43.0612],[144.2538,43.0604],[144.2573,43.0596],[144.2607,43.0587],[144.2641,43.0579],[144.2675,43.0571],[144.2706,43.056],[144.2739,43.0552],[144.2772,43.0544],[144.2805,43.0537],[144.2838,43.0529],[144.287,43.0521],[144.2903,43.0513],[144.2935,43.0505],[144.2968,43.0497],[144.2999,43.0489],[144.3022,43.0464],[144.3037,43.0447],[144.3073,43.0461],[144.3091,43.0455],[144.3117,43.0445],[144.3138,43.0432],[144.3167,43.0436],[144.32,43.0442],[144.321,43.0466],[144.3217,43.0488],[144.3231,43.0509],[144.3241,43.0531],[144.3251,43.0552],[144.327,43.0571],[144.329,43.059],[144.3309,43.0609],[144.3328,43.0628],[144.3363,43.0636],[144.3393,43.0621],[144.3424,43.0607],[144.3454,43.0593],[144.3485,43.0578],[144.3515,43.0564],[144.3545,43.055],[144.3576,43.0536],[144.3606,43.0521],[144.3637,43.0507],[144.3667,43.0493],[144.3697,43.0479],[144.3727,43.0465],[144.3758,43.045],[144.3786,43.0435],[144.3817,43.0424],[144.3842,43.0405],[144.3874,43.0383],[144.3898,43.0367],[144.3926,43.0352],[144.3954,43.0338],[144.4273,43.0063]]},"properties":{"name":"trafo_187/66kV","loading_pct":1.7,"p_mw":3.3}},{"type":"Feature","geometry":{"type":"LineString","coordinates":[[144.1551,43.0775],[144.1541,43.0773],[144.1531,43.0777],[144.1517,43.0781],[144.1485,43.0788],[144.147,43.0792],[144.144,43.0805],[144.1409,43.0817],[144.1379,43.0832],[144.1356,43.0838],[144.1349,43.0854],[144.1335,43.0862],[144.1312,43.0875],[144.1295,43.0884],[144.1274,43.0896],[144.1253,43.0908],[144.1232,43.0918],[144.1227,43.093],[144.1225,43.0952],[144.1223,43.0974],[144.1222,43.1],[144.122,43.1015],[144.1225,43.1028]]},"properties":{"name":"trafo_187/66kV","loading_pct":8.7,"p_mw":17.5}},{"type":"Feature","geometry":{"type":"LineString","coordinates":[[144.1551,43.0775],[144.158,43.0761],[144.1599,43.0745],[144.1617,43.0728],[144.1637,43.071],[144.1658,43.0691],[144.1679,43.0673],[144.17,43.0654],[144.1733,43.0645],[144.1764,43.0637],[144.1796,43.0629],[144.1825,43.0623],[144.186,43.0617],[144.1887,43.0612],[144.192,43.0605],[144.1953,43.0599],[144.1985,43.0593],[144.2016,43.0587],[144.2046,43.0581],[144.208,43.0574],[144.2112,43.0568],[144.2142,43.0563],[144.2169,43.0549],[144.2197,43.0535],[144.2224,43.0521],[144.2253,43.0506],[144.228,43.0493],[144.2309,43.0479],[144.2338,43.0464],[144.2363,43.0452],[144.2392,43.0437],[144.2419,43.0424],[144.2451,43.0407],[144.248,43.0393],[144.2507,43.038],[144.2536,43.0365],[144.2562,43.0351],[144.2598,43.0346],[144.2629,43.0341],[144.2662,43.0335],[144.2694,43.033],[144.2725,43.0325],[144.2756,43.032],[144.2791,43.0314],[144.2824,43.0309],[144.2858,43.0303],[144.289,43.0298],[144.2924,43.0292],[144.2952,43.0288],[144.2972,43.0284],[144.2993,43.0281],[144.3025,43.0276],[144.3058,43.0276],[144.3092,43.0276],[144.3128,43.0276],[144.3159,43.0276],[144.3193,43.0276],[144.3227,43.0276],[144.3239,43.0276],[144.3259,43.0276],[144.3286,43.0276],[144.3319,43.0276],[144.3353,43.0276],[144.3385,43.0267],[144.3416,43.0259],[144.3518,43.0153]]},"properties":{"name":"trafo_187/66kV","loading_pct":6.0,"p_mw":-12.0}},{"type":"Feature","geometry":{"type":"LineString","coordinates":[[144.1551,43.0775],[144.1538,43.0785],[144.1531,43.0777],[144.1512,43.0758],[144.1482,43.0751],[144.144,43.0739],[144.1405,43.0753],[144.1377,43.0766],[144.1329,43.0787],[144.1298,43.0801],[144.1278,43.0811],[144.1226,43.0835],[144.1198,43.0849],[144.117,43.086],[144.114,43.0873],[144.1114,43.0884],[144.108,43.0899],[144.1051,43.0911],[144.0993,43.0935],[144.0959,43.0956],[144.0913,43.0984],[144.089,43.0996],[144.0856,43.1016],[144.083,43.1028],[144.0789,43.105],[144.0757,43.1067],[144.0701,43.1097],[144.0665,43.1114],[144.0614,43.113],[144.0563,43.1145],[144.0524,43.1157],[144.0474,43.1168],[144.0446,43.1174],[144.0385,43.119],[144.0362,43.1196],[144.0308,43.121],[144.0271,43.122],[144.0231,43.1231],[144.0191,43.1241],[144.0171,43.1248],[144.0131,43.1263],[144.0101,43.1274],[144.0055,43.1278],[143.9987,43.1286],[143.9942,43.1291],[143.989,43.1302],[143.9863,43.1308],[143.9841,43.1313],[143.9804,43.1322],[143.9767,43.1337],[143.9706,43.1361],[143.9674,43.1374],[143.9626,43.1385],[143.9594,43.1393],[143.9558,43.1401],[143.9503,43.1413],[143.9467,43.1421],[143.942,43.1432],[143.9357,43.144],[143.9314,43.1445],[143.9261,43.1451],[143.9197,43.1458],[143.9181,43.1461],[143.9131,43.1469],[143.9111,43.1472],[143.9082,43.1476],[143.9052,43.1481],[143.9023,43.1486],[143.8974,43.1493],[143.8911,43.1503],[143.8839,43.1514],[143.8823,43.1517],[143.8788,43.1522],[143.876,43.1527],[143.8711,43.1534],[143.8647,43.1544],[143.8616,43.1549],[143.8394,43.1583],[143.8354,43.16],[143.6118,43.1161]]},"properties":{"name":"trafo_187/33kV","loading_pct":16.0,"p_mw":32.1}},{"type":"Feature","geometry":{"type":"LineString","coordinates":[[144.1551,43.0775],[144.1552,43.0755],[144.157,43.074],[144.1588,43.0724],[144.1616,43.07],[144.1635,43.0684],[144.1654,43.0668],[144.168,43.0656],[144.1707,43.0643],[144.1736,43.063],[144.1764,43.0617],[144.1792,43.0604],[144.1821,43.059],[144.1848,43.0594],[144.1854,43.0575],[144.1879,43.0561],[144.1906,43.0548],[144.1936,43.0534],[144.1965,43.0521],[144.1995,43.0507],[144.2024,43.0496],[144.2044,43.0491],[144.2069,43.0486],[144.2094,43.0482],[144.2127,43.0475],[144.2159,43.0466],[144.2185,43.0459],[144.221,43.0451],[144.2244,43.0442],[144.2276,43.0432],[144.2307,43.0424],[144.2333,43.0415],[144.2365,43.0406],[144.2395,43.0396],[144.2427,43.0387],[144.2458,43.0377],[144.2489,43.0367],[144.252,43.0358],[144.2551,43.0348],[144.2581,43.0343],[144.2606,43.0338],[144.2636,43.0333],[144.2677,43.0326],[144.2713,43.032],[144.2748,43.0314],[144.2784,43.0308],[144.2818,43.0302],[144.285,43.0297],[144.2882,43.0291],[144.2915,43.0286],[144.2934,43.0283],[144.2955,43.0279],[144.2983,43.0274],[144.3016,43.0269],[144.3039,43.0263],[144.3046,43.024],[144.3052,43.0217],[144.3059,43.0195],[144.3065,43.0173],[144.3071,43.015],[144.3077,43.0132],[144.3082,43.0112],[144.3118,43.0111],[144.3135,43.0116]]},"properties":{"name":"trafo_187/66kV","loading_pct":3.6,"p_mw":-7.2}},{"type":"Feature","geometry":{"type":"LineString","coordinates":[[144.1551,43.0775],[144.1535,43.0287],[144.1537,43.026],[144.1547,43.0239],[144.1558,43.0216],[144.1567,43.0196],[144.1578,43.0172],[144.1601,43.0151],[144.1631,43.0147],[144.1672,43.0142],[144.1713,43.0136],[144.1753,43.0131],[144.1781,43.0135],[144.1805,43.0138],[144.1833,43.0142],[144.1859,43.0145],[144.1892,43.015],[144.1908,43.0127],[144.1923,43.0106],[144.1934,43.009],[144.1945,43.0073],[144.1949,43.0054],[144.1954,43.0035],[144.1958,43.0016],[144.1964,42.9989],[144.1996,42.9997],[144.2029,43.0004],[144.2061,43.0012],[144.209,43.0019],[144.2118,43.0025],[144.2147,43.0035],[144.2179,43.0037]]},"properties":{"name":"trafo_187/66kV","loading_pct":3.6,"p_mw":7.1}},{"type":"Feature","geometry":{"type":"LineString","coordinates":[[144.1551,43.0775],[144.1554,43.0722],[144.1556,43.0714],[144.1556,43.0708],[144.1555,43.0693],[144.1555,43.0684],[144.1555,43.0674],[144.1553,43.064],[144.1551,43.0607],[144.1551,43.0594],[144.155,43.0587],[144.155,43.0576],[144.1549,43.0564],[144.1548,43.0555],[144.1548,43.0546],[144.1547,43.0534],[144.1547,43.0522],[144.1546,43.0509],[144.1545,43.0499],[144.1545,43.0491],[144.1544,43.0482],[144.1544,43.0471],[144.1541,43.0438],[144.1541,43.0428],[144.154,43.0417],[144.154,43.0407],[144.1539,43.0398],[144.1539,43.0389],[144.1538,43.038],[144.1537,43.037],[144.1537,43.036],[144.1536,43.0351],[144.1536,43.0341],[144.1535,43.0332],[144.1535,43.0322],[144.1536,43.0287],[144.1534,43.0281],[144.1531,43.0274],[144.1524,43.0264],[144.1518,43.0256],[144.1512,43.0247],[144.1503,43.0233],[144.1498,43.0226],[144.1492,43.0218],[144.1488,43.0213],[144.1481,43.0202],[144.1473,43.0191],[144.1467,43.0182],[144.145,43.0157],[144.1441,43.0145],[144.1437,43.014],[144.1435,43.0136],[144.1422,43.0117],[144.1417,43.011],[144.1409,43.0098],[144.1403,43.0089],[144.1396,43.008],[144.139,43.0071],[144.1378,43.0055],[144.1375,43.005],[144.1363,43.0033],[144.1358,43.0025],[144.1352,43.0017],[144.1347,43.0009],[144.1341,43.0001],[144.1336,42.9994],[144.1331,42.9986],[144.1325,42.9978],[144.1318,42.9968],[144.1312,42.9959],[144.1306,42.9952],[144.1301,42.9946],[144.1286,42.994],[144.1273,42.9934],[144.1268,42.9925],[144.1275,42.9913],[144.1267,42.9889],[144.1285,42.9865]]},"properties":{"name":"trafo_187/66kV","loading_pct":0.7,"p_mw":-1.4}},{"type":"Feature","geometry":{"type":"LineString","coordinates":[[144.4469,43.0106],[144.4452,43.0136],[144.4439,43.0153],[144.4428,43.0177],[144.4399,43.0184],[144.4388,43.0192],[144.436,43.0199],[144.4328,43.0207],[144.4296,43.0214],[144.4264,43.0222],[144.4231,43.023],[144.42,43.0237],[144.4273,43.0063]]},"properties":{"name":"trafo_187/66kV","loading_pct":1.7,"p_mw":-3.5}},{"type":"Feature","geometry":{"type":"LineString","coordinates":[[144.4469,43.0106],[144.4471,43.0096],[144.4459,43.007],[144.445,43.0048],[144.4468,43.0044],[144.4499,43.0036],[144.453,43.0029],[144.456,43.0021],[144.4552,43.0003],[144.4543,42.9983],[144.4536,42.9967],[144.4525,42.9944],[144.4496,42.9928],[144.4483,42.9899],[144.4374,42.9677]]},"properties":{"name":"trafo_187/66kV","loading_pct":1.9,"p_mw":3.8}},{"type":"Feature","geometry":{"type":"LineString","coordinates":[[144.8068,43.3969],[144.8071,43.3973],[144.8053,43.399],[144.8035,43.4006],[144.8036,43.4022],[144.8008,43.404],[144.7984,43.4058],[144.7964,43.4075],[144.7943,43.4091],[144.7923,43.4108],[144.7902,43.4124],[144.7881,43.4141],[144.7864,43.416],[144.7844,43.4182],[144.7825,43.4205],[144.7806,43.4227],[144.7778,43.4249],[144.7755,43.4268],[144.774,43.4281],[144.7716,43.43],[144.773,43.4326],[144.774,43.4345],[144.7752,43.4369],[144.7763,43.4391],[144.7774,43.4412],[144.7786,43.4435],[144.7805,43.4451],[144.7825,43.4467],[144.7844,43.4483],[144.785,43.4505],[144.7855,43.4528],[144.7861,43.4549],[144.7866,43.4571],[144.7872,43.4595],[144.7892,43.4616],[144.7904,43.4639],[144.7917,43.4662],[144.793,43.4686],[144.7942,43.4708],[144.7954,43.4731],[144.7966,43.4754],[144.7979,43.4777],[144.7992,43.4802],[144.8015,43.4821],[144.8019,43.4846],[144.8,43.4862]]},"properties":{"name":"trafo_187/66kV","loading_pct":7.7,"p_mw":15.4}},{"type":"Feature","geometry":{"type":"LineString","coordinates":[[144.4469,43.0106],[144.4452,43.0136],[144.4439,43.0153],[144.4428,43.0177],[144.4399,43.0184],[144.4388,43.0192],[144.436,43.0199],[144.4328,43.0207],[144.4296,43.0214],[144.4264,43.0222],[144.4231,43.023],[144.42,43.0237],[144.4273,43.0063]]},"properties":{"name":"trafo_187/66kV","loading_pct":1.7,"p_mw":-3.5}},{"type":"Feature","geometry":{"type":"LineString","coordinates":[[144.8068,43.3969],[144.8102,43.3962],[144.8129,43.394],[144.816,43.393],[144.8191,43.3913],[144.8219,43.3905],[144.8255,43.3895],[144.8293,43.3883],[144.8332,43.3873],[144.8366,43.3863],[144.84,43.3853],[144.8436,43.3843],[144.8473,43.3832],[144.8512,43.3821],[144.8547,43.3811],[144.8581,43.38],[144.8617,43.379],[144.8653,43.378],[144.868,43.3758],[144.8708,43.3738],[144.8735,43.3716],[144.8762,43.3695],[144.8791,43.3673],[144.8798,43.3646],[144.8805,43.362],[144.8813,43.3593],[144.8844,43.3579],[144.8873,43.3566],[144.8904,43.3551],[144.8933,43.3538],[144.8967,43.3522],[144.9001,43.3507],[144.9034,43.3492],[144.9067,43.3476],[144.9099,43.3461],[144.9127,43.3448],[144.9159,43.3434],[144.9191,43.3419],[144.9213,43.3398],[144.9235,43.3377],[144.9257,43.3355],[144.9291,43.3349],[144.9322,43.3344],[144.9355,43.3338],[144.9387,43.3333],[144.9421,43.3327],[144.9455,43.3321],[144.9487,43.3315],[144.9521,43.3301],[144.9549,43.329],[144.9578,43.3277],[144.9611,43.3263],[144.9643,43.3249],[144.9676,43.3234],[144.9707,43.3221],[144.974,43.3207],[144.9769,43.3195],[144.9801,43.3181],[144.9831,43.3168],[145.0333,43.2952],[145.0423,43.2934],[145.0706,43.2881],[145.0775,43.2804],[145.098,43.2797],[145.1345,43.2806],[145.1471,43.2743],[145.1766,43.2726],[145.1797,43.2724],[145.1823,43.271],[145.1852,43.2694],[145.1879,43.268],[145.1908,43.2665],[145.1937,43.2649],[145.1967,43.2633],[145.1992,43.2619],[145.2023,43.2603],[145.2053,43.2587],[145.2077,43.2573],[145.2102,43.256],[145.2127,43.2546],[145.2142,43.2522],[145.2157,43.2499],[145.217,43.2475],[145.2183,43.2451],[145.2195,43.2427],[145.2234,43.242],[145.2276,43.2411],[145.2304,43.2406],[145.2338,43.2391],[145.2374,43.2376],[145.2403,43.2363],[145.2437,43.2348],[145.2471,43.2334],[145.2493,43.2332]]},"properties":{"name":"trafo_187/66kV","loading_pct":1.5,"p_mw":3.1}},{"type":"Feature","geometry":{"type":"LineString","coordinates":[[144.1551,43.0775],[144.1554,43.0722],[144.1556,43.0714],[144.1556,43.0708],[144.1555,43.0693],[144.1555,43.0684],[144.1555,43.0674],[144.1553,43.064],[144.1551,43.0607],[144.1551,43.0594],[144.155,43.0587],[144.155,43.0576],[144.1549,43.0564],[144.1548,43.0555],[144.1548,43.0546],[144.1547,43.0534],[144.1547,43.0522],[144.1546,43.0509],[144.1545,43.0499],[144.1545,43.0491],[144.1544,43.0482],[144.1544,43.0471],[144.1541,43.0438],[144.1541,43.0428],[144.154,43.0417],[144.154,43.0407],[144.1539,43.0398],[144.1539,43.0389],[144.1538,43.038],[144.1537,43.037],[144.1537,43.036],[144.1536,43.0351],[144.1536,43.0341],[144.1535,43.0332],[144.1535,43.0322],[144.1536,43.0287],[144.1534,43.0281],[144.1531,43.0274],[144.1524,43.0264],[144.1518,43.0256],[144.1512,43.0247],[144.1503,43.0233],[144.1498,43.0226],[144.1492,43.0218],[144.1488,43.0213],[144.1481,43.0202],[144.1473,43.0191],[144.1467,43.0182],[144.145,43.0157],[144.1441,43.0145],[144.1437,43.014],[144.1435,43.0136],[144.1422,43.0117],[144.1417,43.011],[144.1409,43.0098],[144.1403,43.0089],[144.1396,43.008],[144.139,43.0071],[144.1378,43.0055],[144.1375,43.005],[144.1363,43.0033],[144.1358,43.0025],[144.1352,43.0017],[144.1347,43.0009],[144.1341,43.0001],[144.1336,42.9994],[144.1331,42.9986],[144.1325,42.9978],[144.1318,42.9968],[144.1312,42.9959],[144.1306,42.9952],[144.1301,42.9946],[144.1286,42.994],[144.1273,42.9934],[144.1268,42.9925],[144.1275,42.9913],[144.1267,42.9889],[144.1285,42.9865]]},"properties":{"name":"trafo_187/66kV","loading_pct":0.7,"p_mw":-1.4}},{"type":"Feature","geometry":{"type":"LineString","coordinates":[[141.668,45.3842],[141.6704,45.3833],[141.6728,45.382],[141.6756,45.3804],[141.6785,45.3788],[141.6815,45.3772],[141.684,45.3758],[141.6861,45.3746],[141.688,45.3737],[141.6902,45.3727],[141.6928,45.3714],[141.6953,45.3703],[141.698,45.369],[141.701,45.3676],[141.7033,45.3665],[141.706,45.3652],[141.7084,45.3642],[141.7115,45.3627],[141.7211,45.3696]]},"properties":{"name":"trafo_100/33kV","loading_pct":3.8,"p_mw":-5.7}},{"type":"Feature","geometry":{"type":"LineString","coordinates":[[142.419,44.3448],[142.3371,44.279],[142.3375,44.2793],[142.3363,44.2808],[142.3327,44.2813],[142.3292,44.2819],[142.3259,44.2824],[142.3224,44.283],[142.3189,44.2836],[142.3162,44.284],[142.3132,44.2845],[142.3102,44.2846],[142.3077,44.2847],[142.3045,44.2847],[142.2999,44.2849],[142.2973,44.285],[142.2941,44.2859],[142.2921,44.2865],[142.2893,44.2873],[142.2854,44.2885],[142.2836,44.289],[142.2793,44.2903],[142.2756,44.2914],[142.2734,44.292],[142.2694,44.2932],[142.2661,44.2942],[142.263,44.2951],[142.2607,44.2958],[142.2564,44.2971],[142.2543,44.2977],[142.2499,44.299],[142.2462,44.3001],[142.2443,44.3006],[142.2394,44.2994],[142.2356,44.2984],[142.2316,44.2974],[142.2294,44.2967],[142.2252,44.2956],[142.2228,44.2951],[142.22,44.2944],[142.2176,44.2938],[142.2152,44.2931],[142.2125,44.2925],[142.2097,44.2918],[142.2066,44.291],[142.2016,44.2897],[142.1982,44.2909],[142.1938,44.2924],[142.1915,44.2931],[142.1878,44.2944],[142.184,44.2957],[142.1821,44.2963],[142.1778,44.2977],[142.1759,44.2984],[142.174,44.299],[142.1717,44.2994],[142.1673,44.3003],[142.1654,44.3006],[142.1605,44.3015],[142.1549,44.3027],[142.1533,44.3029],[142.149,44.304],[142.1464,44.3046],[142.1427,44.3056],[142.1409,44.306],[142.1376,44.3068],[142.1347,44.3077],[142.1315,44.3084],[142.1301,44.3088],[142.1278,44.3093],[142.1246,44.3102],[142.1214,44.3111],[142.1196,44.3116],[142.1162,44.3126],[142.1141,44.3132],[142.1103,44.3142],[142.1077,44.315],[142.1033,44.3162],[142.0994,44.316],[142.0965,44.3159],[142.0944,44.3158],[142.0924,44.3156],[142.09,44.3155],[142.0852,44.3152],[142.0827,44.3152],[142.0797,44.315],[142.0745,44.3147],[142.0686,44.3144],[142.0658,44.3142],[142.0608,44.3139],[142.0574,44.3138],[142.0549,44.3136],[142.0524,44.3136],[142.05,44.3135],[142.0468,44.3134],[142.0437,44.3139],[142.0391,44.3147],[142.0354,44.3154],[142.0325,44.3159],[142.0291,44.3164],[142.0262,44.3169],[142.0231,44.3174],[142.0213,44.3177],[142.0167,44.3185],[142.0138,44.3189],[142.0116,44.3193],[142.007,44.3201],[142.0051,44.3204],[142.0026,44.3208],[141.9999,44.3213],[141.9971,44.3218],[141.9961,44.3221],[141.992,44.3226],[141.9876,44.3233],[141.9854,44.3237],[141.9839,44.324],[141.9805,44.3245],[141.9777,44.325],[141.9752,44.3254],[141.9706,44.3263],[141.9671,44.3268],[141.9646,44.3273],[141.963,44.3275],[141.9606,44.328],[141.9582,44.3284],[141.9553,44.3288],[141.9527,44.3292],[141.9506,44.3296],[141.9468,44.3307],[141.9411,44.333],[141.9392,44.3339],[141.9376,44.3347],[141.9349,44.3359],[141.9333,44.3368],[141.9319,44.3373],[141.9297,44.338],[141.9281,44.3384],[141.9233,44.3398],[141.9214,44.3404],[141.9193,44.3411],[141.9166,44.3421],[141.9148,44.3429],[141.9105,44.3444],[141.9078,44.3455],[141.9063,44.3459],[141.9045,44.3463],[141.9031,44.3466],[141.9018,44.347],[141.8968,44.3483],[141.8953,44.3486],[141.8925,44.3492],[141.8907,44.3496],[141.8884,44.3501],[141.8866,44.3505],[141.8847,44.3509],[141.8822,44.3515],[141.8796,44.3521],[141.8765,44.3535],[141.8736,44.3547],[141.8727,44.3552],[141.8686,44.3583],[141.8669,44.3596],[141.8648,44.3615],[141.8642,44.362],[141.8603,44.3641],[141.8578,44.3654],[141.8551,44.3667],[141.8534,44.3675],[141.8519,44.3682],[141.85,44.369],[141.8486,44.3686],[141.8464,44.3685],[141.844,44.3684],[141.8429,44.3684],[141.8415,44.3684],[141.8404,44.3688],[141.8388,44.3694],[141.8372,44.37],[141.836,44.3704],[141.835,44.3707],[141.8335,44.3713],[141.8323,44.3717],[141.831,44.3722],[141.8301,44.3725],[141.829,44.3729],[141.8278,44.3735],[141.8266,44.3739],[141.8251,44.3743],[141.8235,44.3746],[141.8224,44.3749],[141.8201,44.3754],[141.8193,44.3755],[141.8183,44.3757],[141.8173,44.3759],[141.8158,44.3763],[141.815,44.3764],[141.8138,44.3767],[141.8125,44.377],[141.8108,44.3773],[141.8101,44.3775],[141.8088,44.3771],[141.8077,44.3768],[141.8066,44.3766],[141.8046,44.3761],[141.8022,44.3766],[141.8011,44.3769],[141.8003,44.377],[141.7989,44.3774],[141.7978,44.3776],[141.7962,44.3779],[141.7941,44.3784],[141.7927,44.3787],[141.7914,44.379],[141.7902,44.3793],[141.7883,44.3797],[141.7869,44.3799],[141.7856,44.3802],[141.7841,44.3806],[141.7826,44.3807],[141.7813,44.3805],[141.7803,44.3804],[141.7788,44.3802],[141.7774,44.3801],[141.7764,44.38],[141.7746,44.3798],[141.7734,44.3797],[141.7717,44.3795],[141.7707,44.3794],[141.769,44.3792],[141.7679,44.3791],[141.7667,44.379],[141.7657,44.3788],[141.764,44.3786],[141.7627,44.3785],[141.7606,44.3783],[141.759,44.3781],[141.7573,44.3779],[141.7564,44.3778],[141.755,44.3776],[141.7535,44.3775],[141.7522,44.3773],[141.751,44.3772],[141.7495,44.377],[141.748,44.3769],[141.7465,44.3767],[141.7451,44.3765],[141.7438,44.376],[141.7427,44.3755],[141.7415,44.3749],[141.7403,44.3744],[141.7394,44.374],[141.7383,44.3734],[141.7369,44.3728],[141.7353,44.3724],[141.7333,44.373],[141.7325,44.3727],[141.7314,44.3719],[141.7303,44.3711],[141.7291,44.3708],[141.7282,44.3705],[141.7269,44.3702],[141.7253,44.3699],[141.7241,44.3696],[141.7214,44.3687],[141.7192,44.3676],[141.7184,44.3671],[141.7173,44.3662],[141.7166,44.3656],[141.7157,44.3649],[141.715,44.3643],[141.7142,44.3637],[141.7132,44.3628],[141.712,44.3617],[141.7113,44.3613],[141.711,44.361]]},"properties":{"name":"trafo_187/66kV","loading_pct":2.0,"p_mw":-4.0}},{"type":"Feature","geometry":{"type":"LineString","coordinates":[[141.7687,45.1147],[141.8104,45.1104],[141.8094,45.1127],[141.8083,45.1149],[141.8062,45.1191],[141.8065,45.1217],[141.8069,45.1244],[141.8073,45.1271],[141.8076,45.1296],[141.8079,45.1323],[141.8083,45.1351],[141.8086,45.1378],[141.8089,45.14],[141.8093,45.1425],[141.8089,45.1448],[141.8085,45.1473],[141.8082,45.1497],[141.8078,45.1523],[141.8074,45.155],[141.807,45.1576],[141.8067,45.1602],[141.8062,45.1629],[141.8059,45.1656],[141.8049,45.168],[141.804,45.1703],[141.803,45.1728],[141.8021,45.1752],[141.8011,45.1778],[141.8001,45.1803],[141.7991,45.1827],[141.7982,45.1851],[141.7973,45.1875],[141.7963,45.1899],[141.7954,45.1922],[141.7946,45.1943],[141.7936,45.1967],[141.7928,45.1987],[141.7922,45.2005],[141.7906,45.2029],[141.7881,45.2069],[141.7867,45.2091],[141.7853,45.2112],[141.7836,45.2139],[141.7821,45.2162],[141.7808,45.2183],[141.7792,45.2207],[141.7777,45.2231],[141.7765,45.225],[141.7752,45.227],[141.7729,45.229],[141.7704,45.2312],[141.7681,45.2333],[141.7657,45.2354],[141.7635,45.2372],[141.7612,45.2393],[141.7589,45.2413],[141.7569,45.2431],[141.755,45.2447],[141.7532,45.2464],[141.7521,45.2487],[141.7511,45.2509],[141.7491,45.2552],[141.7489,45.2555],[141.748,45.2575],[141.747,45.2596],[141.7458,45.2622],[141.7447,45.2646],[141.7435,45.2671],[141.743,45.269],[141.7422,45.2714],[141.7416,45.2735],[141.7409,45.2757],[141.7402,45.2782],[141.739,45.2828],[141.7382,45.2854],[141.7368,45.2905],[141.736,45.2931],[141.7353,45.2955],[141.7348,45.297],[141.7342,45.2992],[141.7335,45.3016],[141.7329,45.3038],[141.7321,45.3064],[141.7314,45.3087],[141.7306,45.3115],[141.73,45.3138],[141.7292,45.3164],[141.7286,45.3187],[141.7279,45.3212],[141.7271,45.3237],[141.7264,45.3262],[141.7257,45.3286],[141.7254,45.3298],[141.7239,45.3349],[141.7231,45.3376],[141.7224,45.3401],[141.7216,45.3428],[141.7209,45.3452],[141.72,45.3486],[141.7193,45.3508],[141.7187,45.3531],[141.7181,45.3549],[141.7175,45.357],[141.7165,45.3604],[141.7211,45.3696]]},"properties":{"name":"trafo_100/33kV","loading_pct":14.4,"p_mw":21.6}},{"type":"Feature","geometry":{"type":"LineString","coordinates":[[141.7249,45.3869],[141.725,45.3867],[141.7264,45.3846],[141.7268,45.3828],[141.7263,45.3803],[141.729,45.3797],[141.731,45.3788],[141.7309,45.3765],[141.7308,45.3743],[141.7295,45.3726],[141.7282,45.3709],[141.7269,45.369],[141.7253,45.3668],[141.7235,45.3644],[141.7206,45.3634],[141.7172,45.3622],[141.7211,45.3696]]},"properties":{"name":"trafo_100/33kV","loading_pct":2.4,"p_mw":-3.7}},{"type":"Feature","geometry":{"type":"LineString","coordinates":[[142.2984,44.8292],[142.3151,44.8371],[142.3175,44.8373],[142.325,44.845],[142.3256,44.8494],[142.3257,44.8561],[142.3159,44.8706],[142.3123,44.8758],[142.3115,44.8838],[142.3114,44.8855],[142.3123,44.8869],[142.3122,44.8926],[142.3113,44.9042],[142.3112,44.9051],[142.3121,44.9123],[142.3112,44.919],[142.3087,44.9385],[142.3081,44.9431],[142.3055,44.9499],[142.3039,44.9568],[142.3036,44.9577],[142.3034,44.9586],[142.3032,44.9594],[142.303,44.9602],[142.3028,44.961],[142.3026,44.9618],[142.3025,44.9626],[142.3022,44.9634],[142.3021,44.9642],[142.302,44.9648],[142.3018,44.9656],[142.3016,44.9664],[142.3014,44.9673],[142.3012,44.9681],[142.301,44.9688],[142.3005,44.9703],[142.3012,44.9712],[142.3013,44.9719],[142.3015,44.9726],[142.3017,44.9734],[142.3018,44.9742],[142.3021,44.9756],[142.3023,44.9764],[142.3024,44.9772],[142.3026,44.978],[142.3027,44.9787],[142.3029,44.9794],[142.303,44.98],[142.3032,44.9809],[142.3034,44.9817],[142.3035,44.9825],[142.3037,44.9833],[142.3039,44.9841],[142.3041,44.9852],[142.3042,44.986],[142.3044,44.9868],[142.3046,44.9876],[142.3047,44.9883],[142.3049,44.9891],[142.305,44.99],[142.3052,44.9908],[142.3053,44.9916],[142.3055,44.9924],[142.3057,44.9931],[142.3059,44.9943],[142.3062,44.9958],[142.3064,44.9967],[142.3066,44.9975],[142.3067,44.9983],[142.3069,44.9992],[142.3072,45.0002],[142.3073,45.0011],[142.3074,45.0019],[142.3074,45.0027],[142.3075,45.0044],[142.3077,45.0052],[142.3077,45.006],[142.3078,45.0068],[142.3078,45.0073],[142.3079,45.0083],[142.308,45.0088],[142.308,45.0094],[142.308,45.0102],[142.308,45.0119],[142.3079,45.0129],[142.3079,45.0138],[142.3078,45.0163],[142.3079,45.0179],[142.3079,45.0187],[142.3079,45.0195],[142.3078,45.0203],[142.3079,45.0211],[142.3078,45.022],[142.3079,45.0227],[142.308,45.025],[142.3129,45.0338],[142.3163,45.0398],[142.3174,45.043],[142.3222,45.0569],[142.328,45.0737],[142.3305,45.0763],[142.3355,45.0815],[142.3354,45.0919],[142.3428,45.1012],[142.3482,45.1014],[142.349,45.1021],[142.3531,45.104],[142.3542,45.1044],[142.3585,45.1052],[142.3618,45.1065],[142.363,45.1062],[142.365,45.107],[142.3588,45.1214]]},"properties":{"name":"trafo_100/66kV","loading_pct":14.8,"p_mw":22.2}},{"type":"Feature","geometry":{"type":"LineString","coordinates":[[142.419,44.3448],[142.3487,44.2821],[142.349,44.2826],[142.3492,44.2834],[142.3493,44.2843],[142.3494,44.2854],[142.3496,44.2864],[142.3497,44.2872],[142.3498,44.2881],[142.35,44.289],[142.3501,44.2899],[142.3502,44.2908],[142.3503,44.2911],[142.3508,44.2918],[142.3513,44.2925],[142.3518,44.2932],[142.3523,44.2939],[142.3529,44.2946],[142.3534,44.2953],[142.354,44.296],[142.3546,44.2969],[142.3553,44.2978],[142.3559,44.2987],[142.3568,44.2998],[142.3573,44.3005],[142.3578,44.3012],[142.3586,44.3022],[142.3592,44.303],[142.3598,44.3038],[142.3605,44.3048],[142.3612,44.3057],[142.3616,44.3062],[142.3627,44.307],[142.364,44.3077],[142.3652,44.3083],[142.3664,44.3091],[142.3675,44.3102],[142.3685,44.3111],[142.3692,44.3112],[142.3705,44.3116],[142.3719,44.3124],[142.3729,44.313],[142.3741,44.3137],[142.3753,44.3144],[142.3765,44.3151],[142.3773,44.3157],[142.3781,44.3161],[142.379,44.3166],[142.3803,44.3175],[142.3813,44.318],[142.3825,44.3187],[142.3836,44.3194],[142.3847,44.32],[142.3857,44.3207],[142.3868,44.3214],[142.3878,44.3219],[142.3887,44.3225],[142.3896,44.323],[142.3907,44.3237],[142.3919,44.3244],[142.3928,44.325],[142.3938,44.3256],[142.3947,44.3261],[142.396,44.3263],[142.3971,44.3261],[142.399,44.3257],[142.4047,44.3247],[142.4077,44.3241],[142.4094,44.3241],[142.4107,44.3241],[142.4125,44.3241],[142.4139,44.3241],[142.4154,44.3241],[142.4165,44.324],[142.4188,44.324],[142.4201,44.324],[142.4212,44.324],[142.4225,44.324],[142.4236,44.3241],[142.4248,44.3241],[142.4259,44.3241],[142.4269,44.3241],[142.4282,44.3241],[142.4295,44.3241],[142.4305,44.3241],[142.4317,44.3241],[142.4328,44.3241],[142.4339,44.3241],[142.4351,44.3241],[142.4362,44.3241],[142.4564,44.3394]]},"properties":{"name":"trafo_187/100kV","loading_pct":3.3,"p_mw":10.0}},{"type":"Feature","geometry":{"type":"LineString","coordinates":[[142.419,44.3448],[142.3359,44.2782],[142.335,44.278],[142.3341,44.2779],[142.3323,44.278],[142.3301,44.2783],[142.3285,44.2786],[142.3275,44.2788],[142.3263,44.2791],[142.3255,44.2793],[142.3249,44.2795],[142.3238,44.2799],[142.3228,44.2802],[142.3221,44.2804],[142.3211,44.2807],[142.3199,44.2808],[142.3193,44.2811],[142.3185,44.2814],[142.3177,44.2816],[142.3166,44.282],[142.3151,44.2826],[142.3141,44.2829],[142.3127,44.2832],[142.3116,44.2835],[142.3107,44.2838],[142.3099,44.2841],[142.3094,44.2842],[142.3084,44.2846],[142.3076,44.2848],[142.3068,44.2851],[142.3058,44.2854],[142.3053,44.2855],[142.3042,44.2859],[142.3036,44.286],[142.3026,44.2863],[142.3015,44.2866],[142.3006,44.2869],[142.2996,44.2872],[142.2986,44.2876],[142.2977,44.2879],[142.2968,44.2881],[142.296,44.2884],[142.295,44.2887],[142.294,44.289],[142.293,44.2894],[142.2919,44.2898],[142.2909,44.2901],[142.2903,44.2903],[142.2895,44.2906],[142.2874,44.2914],[142.2864,44.2918],[142.2853,44.2923],[142.2843,44.2927],[142.2833,44.2931],[142.2824,44.2934],[142.2816,44.2938],[142.2798,44.2945],[142.2793,44.2947],[142.2788,44.295],[142.2777,44.2954],[142.2771,44.2956],[142.2761,44.296],[142.2755,44.2963],[142.2747,44.2966],[142.2738,44.297],[142.2729,44.2973],[142.272,44.2977],[142.2712,44.298],[142.2704,44.2984],[142.2685,44.2991],[142.2679,44.2994],[142.2672,44.2997],[142.2663,44.3001],[142.2653,44.3004],[142.2644,44.3008],[142.2634,44.3012],[142.2626,44.3015],[142.2618,44.3019],[142.261,44.3022],[142.2602,44.3024],[142.2592,44.3028],[142.2582,44.3031],[142.2574,44.3032],[142.2561,44.3032],[142.2551,44.3033],[142.2545,44.3033],[142.2539,44.3034],[142.2539,44.304],[142.2534,44.3045],[142.1805,44.3006]]},"properties":{"name":"trafo_187/66kV","loading_pct":7.1,"p_mw":14.2}},{"type":"Feature","geometry":{"type":"LineString","coordinates":[[142.419,44.3448],[142.3487,44.2821],[142.349,44.2826],[142.3492,44.2834],[142.3493,44.2843],[142.3494,44.2854],[142.3496,44.2864],[142.3497,44.2872],[142.3498,44.2881],[142.35,44.289],[142.3501,44.2899],[142.3502,44.2908],[142.3503,44.2911],[142.3508,44.2918],[142.3513,44.2925],[142.3518,44.2932],[142.3523,44.2939],[142.3529,44.2946],[142.3534,44.2953],[142.354,44.296],[142.3546,44.2969],[142.3553,44.2978],[142.3559,44.2987],[142.3568,44.2998],[142.3573,44.3005],[142.3578,44.3012],[142.3586,44.3022],[142.3592,44.303],[142.3598,44.3038],[142.3605,44.3048],[142.3612,44.3057],[142.3616,44.3062],[142.3627,44.307],[142.364,44.3077],[142.3652,44.3083],[142.3664,44.3091],[142.3675,44.3102],[142.3685,44.3111],[142.3692,44.3112],[142.3705,44.3116],[142.3719,44.3124],[142.3729,44.313],[142.3741,44.3137],[142.3753,44.3144],[142.3765,44.3151],[142.3773,44.3157],[142.3781,44.3161],[142.379,44.3166],[142.3803,44.3175],[142.3813,44.318],[142.3825,44.3187],[142.3836,44.3194],[142.3847,44.32],[142.3857,44.3207],[142.3868,44.3214],[142.3878,44.3219],[142.3887,44.3225],[142.3896,44.323],[142.3907,44.3237],[142.3919,44.3244],[142.3928,44.325],[142.3938,44.3256],[142.3947,44.3261],[142.396,44.3263],[142.3971,44.3261],[142.399,44.3257],[142.4047,44.3247],[142.4077,44.3241],[142.4094,44.3241],[142.4107,44.3241],[142.4125,44.3241],[142.4139,44.3241],[142.4154,44.3241],[142.4165,44.324],[142.4188,44.324],[142.4201,44.324],[142.4212,44.324],[142.4225,44.324],[142.4236,44.3241],[142.4248,44.3241],[142.4259,44.3241],[142.4269,44.3241],[142.4282,44.3241],[142.4295,44.3241],[142.4305,44.3241],[142.4317,44.3241],[142.4328,44.3241],[142.4339,44.3241],[142.4351,44.3241],[142.4362,44.3241],[142.4564,44.3394]]},"properties":{"name":"trafo_187/100kV","loading_pct":3.3,"p_mw":10.0}},{"type":"Feature","geometry":{"type":"LineString","coordinates":[[142.4564,44.3394],[142.4556,44.3398],[142.4552,44.3398],[142.4552,44.3405],[142.4552,44.3411],[142.4543,44.3411],[142.4534,44.3411],[142.4523,44.3411],[142.4512,44.3411],[142.45,44.3411],[142.4496,44.3412],[142.4482,44.3412],[142.4473,44.3412],[142.4464,44.3412],[142.4451,44.3413],[142.4443,44.3413],[142.4426,44.3412],[142.4378,44.342],[142.437,44.3427],[142.4372,44.3438],[142.4374,44.345],[142.4377,44.3462],[142.4377,44.3468],[142.4377,44.3477],[142.4374,44.3485],[142.437,44.3494],[142.4369,44.3503],[142.4367,44.3512],[142.4366,44.3519],[142.4365,44.3525],[142.4366,44.3532],[142.4366,44.3539],[142.4367,44.3546],[142.437,44.3554],[142.4372,44.3562],[142.4378,44.3571],[142.4378,44.3589],[142.4377,44.3602],[142.4378,44.3609],[142.4379,44.3623],[142.4379,44.3629],[142.4382,44.3638],[142.4383,44.3651],[142.4383,44.3658],[142.4384,44.3665],[142.4385,44.3677],[142.4387,44.3689],[142.4388,44.3695],[142.4388,44.3701],[142.4389,44.3708],[142.439,44.3716],[142.4381,44.3726],[142.4381,44.3732],[142.438,44.3739],[142.438,44.3746],[142.438,44.3752],[142.438,44.376],[142.4379,44.3768],[142.4379,44.3777],[142.4379,44.3785],[142.4378,44.3793],[142.4378,44.3801],[142.437,44.3805],[142.4363,44.3809],[142.4353,44.3814],[142.4344,44.3819],[142.4345,44.3827],[142.4347,44.3838],[142.4348,44.3849],[142.4347,44.3865],[142.4345,44.3877],[142.4343,44.3883],[142.4339,44.3891],[142.4335,44.3899],[142.4329,44.3911],[142.4324,44.3926],[142.4316,44.3934],[142.4311,44.394],[142.4305,44.3947],[142.4295,44.3958],[142.4288,44.3965],[142.4282,44.3972],[142.4275,44.3979],[142.427,44.3985],[142.4264,44.3991],[142.4259,44.3998],[142.4253,44.4004],[142.4247,44.401],[142.4241,44.4017],[142.423,44.4029],[142.4225,44.4034],[142.422,44.404],[142.4212,44.4048],[142.4207,44.4054],[142.42,44.4062],[142.4192,44.407],[142.4186,44.4077],[142.4179,44.4083],[142.4175,44.4089],[142.4168,44.4095],[142.4162,44.4102],[142.4149,44.4117],[142.4139,44.4127],[142.413,44.4137],[142.4123,44.4145],[142.4118,44.415],[142.4113,44.4156],[142.4107,44.4162],[142.4103,44.4167],[142.4098,44.4173],[142.4093,44.4177],[142.408,44.4178],[142.4073,44.4186],[142.407,44.4194],[142.4068,44.4201],[142.4062,44.4207],[142.4056,44.4213],[142.4049,44.4219],[142.4043,44.4224],[142.4036,44.423],[142.4029,44.4236],[142.4023,44.4242],[142.4014,44.425],[142.4005,44.4258],[142.3997,44.4265],[142.3988,44.4273],[142.3982,44.4278],[142.3975,44.4285],[142.3968,44.4291],[142.3961,44.4297],[142.3954,44.4303],[142.3947,44.4308],[142.3941,44.4312],[142.3937,44.4315],[142.393,44.432],[142.3922,44.4325],[142.3913,44.4332],[142.3905,44.4338],[142.3896,44.4344],[142.3888,44.435],[142.388,44.4355],[142.3865,44.4365],[142.3858,44.4371],[142.385,44.4376],[142.3842,44.4382],[142.3833,44.4388],[142.3825,44.4394],[142.3816,44.44],[142.3808,44.4406],[142.38,44.4411],[142.3793,44.4416],[142.3785,44.4422],[142.3777,44.4427],[142.3769,44.4433],[142.3761,44.4439],[142.3752,44.4445],[142.3743,44.4453],[142.3737,44.447],[142.3715,44.4477],[142.37,44.4482],[142.3691,44.4488],[142.3682,44.4494],[142.3675,44.4499],[142.3668,44.4505],[142.366,44.451],[142.365,44.4512],[142.3634,44.4516],[142.3628,44.4527],[142.3623,44.4569],[142.3623,44.4578],[142.3623,44.459],[142.3622,44.4601],[142.3621,44.4609],[142.3618,44.4616],[142.3613,44.4627],[142.3608,44.4639],[142.3604,44.4647],[142.3601,44.4655],[142.3597,44.4664],[142.3591,44.4676],[142.3586,44.4688],[142.3582,44.4698],[142.3586,44.47],[142.3594,44.4705],[142.3598,44.4713],[142.3602,44.4719],[142.3599,44.4725],[142.3595,44.4731],[142.3591,44.4738],[142.3586,44.4746],[142.3581,44.4753],[142.3577,44.476],[142.3568,44.4774],[142.3564,44.4781],[142.3555,44.4796],[142.355,44.4803],[142.3548,44.4808]]},"properties":{"name":"trafo_100/22kV","loading_pct":10.1,"p_mw":15.2}},{"type":"Feature","geometry":{"type":"LineString","coordinates":[[142.419,44.3448],[142.3718,44.409],[142.3704,44.4105],[142.369,44.4118],[142.3679,44.4132],[142.3663,44.4149],[142.3654,44.4159],[142.364,44.4174],[142.3627,44.4188],[142.3614,44.4203],[142.3599,44.4219],[142.3582,44.4237],[142.3566,44.4254],[142.3551,44.4271],[142.3545,44.4277],[142.3536,44.4287],[142.3523,44.4301],[142.3515,44.4309],[142.3507,44.4318],[142.3499,44.4326],[142.3548,44.4808]]},"properties":{"name":"trafo_187/22kV","loading_pct":11.4,"p_mw":22.9}},{"type":"Feature","geometry":{"type":"LineString","coordinates":[[142.2772,44.6953],[142.2908,44.6392],[142.2912,44.6379],[142.2915,44.6363],[142.2917,44.6355],[142.2918,44.6347],[142.2922,44.6326],[142.2924,44.6312],[142.2928,44.6291],[142.2931,44.6275],[142.2933,44.6262],[142.2936,44.6245],[142.2939,44.623],[142.2941,44.6213],[142.2944,44.6202],[142.2942,44.6197],[142.2949,44.6155],[142.2955,44.6135],[142.2958,44.612],[142.2961,44.6102],[142.2964,44.6085],[142.2968,44.6062],[142.2975,44.6022],[142.2978,44.6002],[142.2981,44.5984],[142.2988,44.5968],[142.2991,44.5958],[142.3011,44.5915],[142.3023,44.5894],[142.3031,44.5876],[142.3039,44.5859],[142.3046,44.5842],[142.3054,44.5825],[142.3062,44.5808],[142.307,44.5792],[142.3078,44.5774],[142.3086,44.5757],[142.3094,44.574],[142.3101,44.5723],[142.311,44.5705],[142.3118,44.5688],[142.3126,44.5669],[142.3135,44.5651],[142.3142,44.5635],[142.3148,44.5623],[142.3155,44.5606],[142.3159,44.5598],[142.3164,44.5587],[142.3174,44.5566],[142.3175,44.5553],[142.3177,44.5542],[142.3179,44.5525],[142.3181,44.5506],[142.3183,44.5492],[142.3185,44.5475],[142.3187,44.5459],[142.3189,44.5443],[142.3192,44.5425],[142.3194,44.5408],[142.3196,44.539],[142.32,44.5354],[142.3203,44.5335],[142.3205,44.5318],[142.3207,44.5299],[142.3211,44.5275],[142.3214,44.5247],[142.3217,44.5219],[142.3213,44.5202],[142.3208,44.5184],[142.32,44.5158],[142.3189,44.5123],[142.3181,44.5093],[142.3178,44.5084],[142.3175,44.5075],[142.3169,44.5057],[142.3169,44.5034],[142.3168,44.5021],[142.3168,44.5001],[142.3168,44.4984],[142.3168,44.4975],[142.3548,44.4808]]},"properties":{"name":"trafo_100/22kV","loading_pct":17.9,"p_mw":-26.9}},{"type":"Feature","geometry":{"type":"LineString","coordinates":[[141.853,45.0176],[141.8531,45.0211],[141.8529,45.0219],[141.8527,45.0226],[141.8523,45.0238],[141.851,45.0253],[141.8502,45.0241],[141.8488,45.024],[141.848,45.0235],[141.8425,45.0227],[141.8428,45.021],[141.8425,45.0203],[141.8427,45.0187],[141.8411,45.0189],[141.8399,45.0189],[141.8388,45.0186],[141.8376,45.0187],[141.8374,45.0179],[141.8364,45.0162],[141.837,45.0142],[141.837,45.0126],[141.8364,45.0111],[141.8369,45.0096],[141.8362,45.0024],[141.8296,44.9957],[141.8287,44.9952],[141.8243,44.9909],[141.824,44.9901],[141.821,44.9871],[141.8033,44.9793],[141.784,44.9708],[141.7706,44.9648],[141.7659,44.9586],[141.7636,44.9554],[141.7638,44.9472],[141.7631,44.9451],[141.7631,44.9437],[141.7639,44.9428],[141.7639,44.9393],[141.7639,44.9351],[141.7636,44.9343],[141.7632,44.9317],[141.7641,44.9286],[141.7647,44.9032],[141.7635,44.9002],[141.7631,44.8986],[141.7629,44.897],[141.7617,44.8958],[141.7577,44.8868],[141.7567,44.8852],[141.7562,44.8839],[141.7542,44.8838],[141.7531,44.8838],[141.7527,44.8838]]},"properties":{"name":"trafo_100/33kV","loading_pct":9.5,"p_mw":14.2}},{"type":"Feature","geometry":{"type":"LineString","coordinates":[[141.7687,45.1147],[141.7672,45.116],[141.7664,45.1166],[141.7647,45.1177],[141.7633,45.1219],[141.7615,45.1247],[141.7609,45.1284],[141.7587,45.1351],[141.7576,45.1368],[141.7577,45.1386],[141.7555,45.1458],[141.7542,45.1504],[141.7513,45.1615],[141.7493,45.169],[141.7465,45.1792],[141.7451,45.1847],[141.7415,45.1975],[141.7378,45.202],[141.7375,45.2024],[141.7373,45.2027]]},"properties":{"name":"trafo_100/33kV","loading_pct":9.8,"p_mw":14.8}},{"type":"Feature","geometry":{"type":"LineString","coordinates":[[142.6242,44.3015],[142.6233,44.2985],[142.6259,44.2972],[142.6318,44.2944],[142.6359,44.2924],[142.6406,44.2924],[142.6429,44.2948],[142.6442,44.295],[142.648,44.2945],[142.6516,44.2942],[142.6618,44.2955],[142.6642,44.2958],[142.6743,44.2961],[142.6789,44.2965],[142.6846,44.2989],[142.6876,44.3006],[142.6905,44.3017],[142.7004,44.3064],[142.7071,44.3098],[142.7188,44.312],[142.7285,44.3139],[142.7326,44.3147],[142.741,44.3154],[142.7483,44.3156],[142.7572,44.3178],[142.7632,44.317],[142.769,44.3166],[142.781,44.316],[142.7854,44.3196],[142.7898,44.3224],[142.7961,44.3247],[142.8015,44.3266],[142.8055,44.329],[142.8087,44.3326],[142.8127,44.3369],[142.8157,44.3399],[142.8258,44.3449],[142.8343,44.349],[142.8423,44.3472],[142.8431,44.347],[142.8497,44.3454],[142.8596,44.3427],[142.8692,44.3422],[142.8701,44.3418],[142.8707,44.342]]},"properties":{"name":"trafo_100/22kV","loading_pct":13.0,"p_mw":19.5}},{"type":"Feature","geometry":{"type":"LineString","coordinates":[[141.6805,45.3983],[141.6764,45.3904],[141.677,45.3895],[141.6776,45.3887],[141.6782,45.3877],[141.6789,45.3866],[141.6793,45.3859],[141.6798,45.3852],[141.6802,45.3846],[141.6808,45.3841],[141.6822,45.383],[141.6836,45.3819],[141.6849,45.3808],[141.6862,45.3801],[141.6871,45.3796],[141.6881,45.3791],[141.689,45.3786],[141.6902,45.3779],[141.6914,45.3773],[141.6921,45.3769],[141.6928,45.3765],[141.6934,45.3762],[141.6947,45.3755],[141.6954,45.3751],[141.6963,45.3746],[141.6974,45.374],[141.6992,45.373],[141.6999,45.3726],[141.7008,45.3722],[141.7017,45.3716],[141.7027,45.3711],[141.7039,45.3704],[141.7047,45.37],[141.7054,45.3696],[141.7062,45.3692],[141.7069,45.3688],[141.7076,45.3684],[141.7079,45.3676],[141.7081,45.3668],[141.7084,45.3661],[141.7211,45.3696]]},"properties":{"name":"trafo_100/33kV","loading_pct":3.8,"p_mw":-5.7}},{"type":"Feature","geometry":{"type":"LineString","coordinates":[[142.2984,44.8292],[142.3149,44.8367],[142.3173,44.8363],[142.3265,44.8341],[142.3328,44.8312],[142.3429,44.8265],[142.3478,44.8287],[142.3589,44.8313],[142.3649,44.8326],[142.3749,44.8271],[142.3816,44.8277],[142.3884,44.8276],[142.3913,44.8241],[142.394,44.823],[142.4051,44.8233],[142.4092,44.823],[142.4313,44.8225],[142.4454,44.822],[142.4513,44.8252],[142.4577,44.8273],[142.4683,44.8405],[142.4696,44.8403],[142.4701,44.8402]]},"properties":{"name":"trafo_100/66kV","loading_pct":8.9,"p_mw":13.4}},{"type":"Feature","geometry":{"type":"LineString","coordinates":[[142.0344,44.8312],[142.0376,44.8327],[142.0399,44.8353],[142.042,44.8377],[142.0435,44.8404],[142.0449,44.8431],[142.0464,44.846],[142.0472,44.849],[142.048,44.8521],[142.0489,44.8551],[142.0496,44.8579],[142.0499,44.8593],[142.0819,44.8422]]},"properties":{"name":"trafo_187/100kV","loading_pct":20.3,"p_mw":60.9}},{"type":"Feature","geometry":{"type":"LineString","coordinates":[[141.7955,45.1961],[141.7994,45.1972],[141.7972,45.1992],[141.7951,45.2016],[141.7937,45.2031],[141.7915,45.2055],[141.7897,45.2076],[141.7887,45.2103],[141.7897,45.2126],[141.7906,45.2149],[141.7913,45.2173],[141.7896,45.2187],[141.7856,45.2195],[141.7838,45.2212],[141.7819,45.2227],[141.7803,45.2244],[141.7785,45.2259],[141.7764,45.2277],[141.7765,45.2298],[141.7749,45.2327],[141.7707,45.2344],[141.7689,45.2366],[141.7674,45.2385],[141.7657,45.2405],[141.7637,45.242],[141.7622,45.2446],[141.7601,45.2474],[141.7585,45.2492],[141.7564,45.252],[141.7532,45.2523]]},"properties":{"name":"trafo_187/100kV","loading_pct":1.9,"p_mw":5.7}},{"type":"Feature","geometry":{"type":"LineString","coordinates":[[142.2772,44.6953],[142.2908,44.6392],[142.2912,44.6379],[142.2915,44.6363],[142.2917,44.6355],[142.2918,44.6347],[142.2922,44.6326],[142.2924,44.6312],[142.2928,44.6291],[142.2931,44.6275],[142.2933,44.6262],[142.2936,44.6245],[142.2939,44.623],[142.2941,44.6213],[142.2944,44.6202],[142.2942,44.6197],[142.2949,44.6155],[142.2955,44.6135],[142.2958,44.612],[142.2961,44.6102],[142.2964,44.6085],[142.2968,44.6062],[142.2975,44.6022],[142.2978,44.6002],[142.2981,44.5984],[142.2988,44.5968],[142.2991,44.5958],[142.3011,44.5915],[142.3023,44.5894],[142.3031,44.5876],[142.3039,44.5859],[142.3046,44.5842],[142.3054,44.5825],[142.3062,44.5808],[142.307,44.5792],[142.3078,44.5774],[142.3086,44.5757],[142.3094,44.574],[142.3101,44.5723],[142.311,44.5705],[142.3118,44.5688],[142.3126,44.5669],[142.3135,44.5651],[142.3142,44.5635],[142.3148,44.5623],[142.3155,44.5606],[142.3159,44.5598],[142.3164,44.5587],[142.3174,44.5566],[142.3175,44.5553],[142.3177,44.5542],[142.3179,44.5525],[142.3181,44.5506],[142.3183,44.5492],[142.3185,44.5475],[142.3187,44.5459],[142.3189,44.5443],[142.3192,44.5425],[142.3194,44.5408],[142.3196,44.539],[142.32,44.5354],[142.3203,44.5335],[142.3205,44.5318],[142.3207,44.5299],[142.3211,44.5275],[142.3214,44.5247],[142.3217,44.5219],[142.3213,44.5202],[142.3208,44.5184],[142.32,44.5158],[142.3189,44.5123],[142.3181,44.5093],[142.3178,44.5084],[142.3175,44.5075],[142.3169,44.5057],[142.3169,44.5034],[142.3168,44.5021],[142.3168,44.5001],[142.3168,44.4984],[142.3168,44.4975],[142.3548,44.4808]]},"properties":{"name":"trafo_100/22kV","loading_pct":17.9,"p_mw":-26.9}},{"type":"Feature","geometry":{"type":"LineString","coordinates":[[142.419,44.3448],[142.3487,44.2821],[142.349,44.2826],[142.3492,44.2834],[142.3493,44.2843],[142.3494,44.2854],[142.3496,44.2864],[142.3497,44.2872],[142.3498,44.2881],[142.35,44.289],[142.3501,44.2899],[142.3502,44.2908],[142.3503,44.2911],[142.3508,44.2918],[142.3513,44.2925],[142.3518,44.2932],[142.3523,44.2939],[142.3529,44.2946],[142.3534,44.2953],[142.354,44.296],[142.3546,44.2969],[142.3553,44.2978],[142.3559,44.2987],[142.3568,44.2998],[142.3573,44.3005],[142.3578,44.3012],[142.3586,44.3022],[142.3592,44.303],[142.3598,44.3038],[142.3605,44.3048],[142.3612,44.3057],[142.3616,44.3062],[142.3627,44.307],[142.364,44.3077],[142.3652,44.3083],[142.3664,44.3091],[142.3675,44.3102],[142.3685,44.3111],[142.3692,44.3112],[142.3705,44.3116],[142.3719,44.3124],[142.3729,44.313],[142.3741,44.3137],[142.3753,44.3144],[142.3765,44.3151],[142.3773,44.3157],[142.3781,44.3161],[142.379,44.3166],[142.3803,44.3175],[142.3813,44.318],[142.3825,44.3187],[142.3836,44.3194],[142.3847,44.32],[142.3857,44.3207],[142.3868,44.3214],[142.3878,44.3219],[142.3887,44.3225],[142.3896,44.323],[142.3907,44.3237],[142.3919,44.3244],[142.3928,44.325],[142.3938,44.3256],[142.3947,44.3261],[142.396,44.3263],[142.3971,44.3261],[142.399,44.3257],[142.4047,44.3247],[142.4077,44.3241],[142.4094,44.3241],[142.4107,44.3241],[142.4125,44.3241],[142.4139,44.3241],[142.4154,44.3241],[142.4165,44.324],[142.4188,44.324],[142.4201,44.324],[142.4212,44.324],[142.4225,44.324],[142.4236,44.3241],[142.4248,44.3241],[142.4259,44.3241],[142.4269,44.3241],[142.4282,44.3241],[142.4295,44.3241],[142.4305,44.3241],[142.4317,44.3241],[142.4328,44.3241],[142.4339,44.3241],[142.4351,44.3241],[142.4362,44.3241],[142.4564,44.3394]]},"properties":{"name":"trafo_187/100kV","loading_pct":3.3,"p_mw":10.0}},{"type":"Feature","geometry":{"type":"LineString","coordinates":[[142.419,44.3448],[142.3487,44.2821],[142.349,44.2826],[142.3492,44.2834],[142.3493,44.2843],[142.3494,44.2854],[142.3496,44.2864],[142.3497,44.2872],[142.3498,44.2881],[142.35,44.289],[142.3501,44.2899],[142.3502,44.2908],[142.3503,44.2911],[142.3508,44.2918],[142.3513,44.2925],[142.3518,44.2932],[142.3523,44.2939],[142.3529,44.2946],[142.3534,44.2953],[142.354,44.296],[142.3546,44.2969],[142.3553,44.2978],[142.3559,44.2987],[142.3568,44.2998],[142.3573,44.3005],[142.3578,44.3012],[142.3586,44.3022],[142.3592,44.303],[142.3598,44.3038],[142.3605,44.3048],[142.3612,44.3057],[142.3616,44.3062],[142.3627,44.307],[142.364,44.3077],[142.3652,44.3083],[142.3664,44.3091],[142.3675,44.3102],[142.3685,44.3111],[142.3692,44.3112],[142.3705,44.3116],[142.3719,44.3124],[142.3729,44.313],[142.3741,44.3137],[142.3753,44.3144],[142.3765,44.3151],[142.3773,44.3157],[142.3781,44.3161],[142.379,44.3166],[142.3803,44.3175],[142.3813,44.318],[142.3825,44.3187],[142.3836,44.3194],[142.3847,44.32],[142.3857,44.3207],[142.3868,44.3214],[142.3878,44.3219],[142.3887,44.3225],[142.3896,44.323],[142.3907,44.3237],[142.3919,44.3244],[142.3928,44.325],[142.3938,44.3256],[142.3947,44.3261],[142.396,44.3263],[142.3971,44.3261],[142.399,44.3257],[142.4047,44.3247],[142.4077,44.3241],[142.4094,44.3241],[142.4107,44.3241],[142.4125,44.3241],[142.4139,44.3241],[142.4154,44.3241],[142.4165,44.324],[142.4188,44.324],[142.4201,44.324],[142.4212,44.324],[142.4225,44.324],[142.4236,44.3241],[142.4248,44.3241],[142.4259,44.3241],[142.4269,44.3241],[142.4282,44.3241],[142.4295,44.3241],[142.4305,44.3241],[142.4317,44.3241],[142.4328,44.3241],[142.4339,44.3241],[142.4351,44.3241],[142.4362,44.3241],[142.4564,44.3394]]},"properties":{"name":"trafo_187/100kV","loading_pct":3.3,"p_mw":10.0}},{"type":"Feature","geometry":{"type":"LineString","coordinates":[[142.419,44.3448],[142.3718,44.409],[142.3704,44.4105],[142.369,44.4118],[142.3679,44.4132],[142.3663,44.4149],[142.3654,44.4159],[142.364,44.4174],[142.3627,44.4188],[142.3614,44.4203],[142.3599,44.4219],[142.3582,44.4237],[142.3566,44.4254],[142.3551,44.4271],[142.3545,44.4277],[142.3536,44.4287],[142.3523,44.4301],[142.3515,44.4309],[142.3507,44.4318],[142.3499,44.4326],[142.3548,44.4808]]},"properties":{"name":"trafo_187/22kV","loading_pct":11.4,"p_mw":22.9}}]}