{"type":"FeatureCollection","features":[{"type":"Feature","geometry":{"type":"Point","coordinates":[136.28554,35.39062]},"properties":{"name":"chubu junction 35.3906:136.2855:77","vn_kv":77.0,"vm_pu":1.0,"va_deg":11.27}},{"type":"Feature","geometry":{"type":"Point","coordinates":[136.27716,35.40752]},"properties":{"name":"chubu junction 35.4075:136.2772:77","vn_kv":77.0,"vm_pu":0.9998,"va_deg":11.18}},{"type":"Feature","geometry":{"type":"Point","coordinates":[136.27501,35.41543]},"properties":{"name":"chubu junction 35.4154:136.275:77","vn_kv":77.0,"vm_pu":0.9998,"va_deg":11.14}},{"type":"Feature","geometry":{"type":"Point","coordinates":[136.31695,35.41543]},"properties":{"name":"chubu junction 35.4154:136.317:77","vn_kv":77.0,"vm_pu":0.9998,"va_deg":11.14}},{"type":"Feature","geometry":{"type":"Point","coordinates":[136.29141,35.37188]},"properties":{"name":"chubu junction 35.3719:136.2914:77","vn_kv":77.0,"vm_pu":0.9999,"va_deg":11.33}},{"type":"Feature","geometry":{"type":"Point","coordinates":[136.27723,35.36622]},"properties":{"name":"chubu junction 35.3662:136.2772:66","vn_kv":66.0,"vm_pu":1.0,"va_deg":10.61}},{"type":"Feature","geometry":{"type":"Point","coordinates":[136.35931,35.39899]},"properties":{"name":"chubu junction 35.399:136.3593:66","vn_kv":66.0,"vm_pu":0.9999,"va_deg":10.61}},{"type":"Feature","geometry":{"type":"Point","coordinates":[136.27383,35.38739]},"properties":{"name":"chubu junction 35.3874:136.2738:0","vn_kv":66.0,"vm_pu":1.0,"va_deg":11.27}},{"type":"Feature","geometry":{"type":"Point","coordinates":[136.27882,35.41136]},"properties":{"name":"chubu junction 35.4114:136.2788:0","vn_kv":66.0,"vm_pu":1.0,"va_deg":0.0}},{"type":"Feature","geometry":{"type":"Point","coordinates":[136.27756,35.41341]},"properties":{"name":"chubu junction 35.4134:136.2776:0","vn_kv":66.0,"vm_pu":1.0,"va_deg":-0.0}},{"type":"Feature","geometry":{"type":"Point","coordinates":[136.772,35.29661]},"properties":{"name":"chubu junction 35.2966:136.772:66","vn_kv":66.0,"vm_pu":0.9926,"va_deg":8.88}},{"type":"Feature","geometry":{"type":"Point","coordinates":[137.03356,35.43562]},"properties":{"name":"chubu junction 35.4356:137.0336:0","vn_kv":66.0,"vm_pu":1.0,"va_deg":0.0}},{"type":"Feature","geometry":{"type":"Point","coordinates":[137.03233,35.43989]},"properties":{"name":"chubu junction 35.4399:137.0323:0","vn_kv":66.0,"vm_pu":1.0,"va_deg":-0.0}},{"type":"Feature","geometry":{"type":"Point","coordinates":[136.49015,34.63519]},"properties":{"name":"chubu junction 34.6352:136.4901:77","vn_kv":77.0,"vm_pu":0.9633,"va_deg":28.0}},{"type":"Feature","geometry":{"type":"Point","coordinates":[136.51493,34.57583]},"properties":{"name":"chubu junction 34.5758:136.5149:77","vn_kv":77.0,"vm_pu":0.9633,"va_deg":27.99}},{"type":"Feature","geometry":{"type":"Point","coordinates":[136.50753,34.63674]},"properties":{"name":"chubu junction 34.6367:136.5075:77","vn_kv":77.0,"vm_pu":0.95,"va_deg":28.86}},{"type":"Feature","geometry":{"type":"Point","coordinates":[136.50777,34.63644]},"properties":{"name":"chubu junction 34.6364:136.5078:77","vn_kv":77.0,"vm_pu":0.95,"va_deg":28.86}},{"type":"Feature","geometry":{"type":"Point","coordinates":[137.01114,35.03791]},"properties":{"name":"chubu junction 35.0379:137.0111:275","vn_kv":275.0,"vm_pu":1.004,"va_deg":13.89}},{"type":"Feature","geometry":{"type":"Point","coordinates":[136.76591,35.30604]},"properties":{"name":"chubu junction 35.306:136.7659:66","vn_kv":66.0,"vm_pu":0.9926,"va_deg":8.88}},{"type":"Feature","geometry":{"type":"Point","coordinates":[138.80135,36.62782]},"properties":{"name":"chubu junction 36.6278:138.8014:0","vn_kv":66.0,"vm_pu":1.0,"va_deg":0.0}},{"type":"Feature","geometry":{"type":"Point","coordinates":[138.80297,36.62144]},"properties":{"name":"chubu junction 36.6214:138.803:500","vn_kv":500.0,"vm_pu":1.0,"va_deg":0.0}},{"type":"Feature","geometry":{"type":"Point","coordinates":[138.80223,36.61848]},"properties":{"name":"chubu junction 36.6185:138.8022:500","vn_kv":500.0,"vm_pu":1.0,"va_deg":-0.0}},{"type":"Feature","geometry":{"type":"Point","coordinates":[136.14516,34.95413]},"properties":{"name":"chubu junction 34.9541:136.1452:77","vn_kv":77.0,"vm_pu":0.9814,"va_deg":8.06}},{"type":"Feature","geometry":{"type":"Point","coordinates":[138.08785,34.7957]},"properties":{"name":"chubu junction 34.7957:138.0879:77","vn_kv":77.0,"vm_pu":1.0091,"va_deg":16.09}},{"type":"Feature","geometry":{"type":"Point","coordinates":[136.73666,35.28793]},"properties":{"name":"chubu junction 35.2879:136.7367:66","vn_kv":66.0,"vm_pu":0.9928,"va_deg":8.94}},{"type":"Feature","geometry":{"type":"Point","coordinates":[138.03138,36.57428]},"properties":{"name":"chubu junction 36.5743:138.0314:77","vn_kv":77.0,"vm_pu":1.0003,"va_deg":5.13}},{"type":"Feature","geometry":{"type":"Point","coordinates":[138.08838,36.52691]},"properties":{"name":"chubu junction 36.5269:138.0884:77","vn_kv":77.0,"vm_pu":1.0003,"va_deg":5.13}},{"type":"Feature","geometry":{"type":"Point","coordinates":[136.76694,35.30536]},"properties":{"name":"chubu junction 35.3054:136.7669:0","vn_kv":66.0,"vm_pu":1.0,"va_deg":-0.0}},{"type":"Feature","geometry":{"type":"Point","coordinates":[138.27174,36.70568]},"properties":{"name":"chubu junction 36.7057:138.2717:0","vn_kv":66.0,"vm_pu":1.0,"va_deg":0.0}},{"type":"Feature","geometry":{"type":"Point","coordinates":[138.26727,36.70751]},"properties":{"name":"chubu junction 36.7075:138.2673:0","vn_kv":66.0,"vm_pu":1.0,"va_deg":-0.0}},{"type":"Feature","geometry":{"type":"Point","coordinates":[136.7682,35.31072]},"properties":{"name":"chubu junction 35.3107:136.7682:0","vn_kv":66.0,"vm_pu":1.0,"va_deg":0.0}},{"type":"Feature","geometry":{"type":"Point","coordinates":[136.76926,35.31073]},"properties":{"name":"chubu junction 35.3107:136.7693:0","vn_kv":66.0,"vm_pu":1.0,"va_deg":-0.0}},{"type":"Feature","geometry":{"type":"Point","coordinates":[136.77702,35.31496]},"properties":{"name":"chubu junction 35.315:136.777:154","vn_kv":154.0,"vm_pu":1.0042,"va_deg":9.84}},{"type":"Feature","geometry":{"type":"Point","coordinates":[136.84778,35.40136]},"properties":{"name":"chubu junction 35.4014:136.8478:0","vn_kv":66.0,"vm_pu":1.0,"va_deg":0.0}},{"type":"Feature","geometry":{"type":"Point","coordinates":[136.84574,35.40892]},"properties":{"name":"chubu junction 35.4089:136.8457:0","vn_kv":66.0,"vm_pu":1.0,"va_deg":-0.0}},{"type":"Feature","geometry":{"type":"Point","coordinates":[136.86832,35.25912]},"properties":{"name":"chubu junction 35.2591:136.8683:154","vn_kv":154.0,"vm_pu":0.9963,"va_deg":9.46}},{"type":"Feature","geometry":{"type":"Point","coordinates":[136.97271,34.92203]},"properties":{"name":"chubu junction 34.922:136.9727:154","vn_kv":154.0,"vm_pu":0.9989,"va_deg":13.83}},{"type":"Feature","geometry":{"type":"Point","coordinates":[137.02279,34.83495]},"properties":{"name":"chubu junction 34.8349:137.0228:275","vn_kv":275.0,"vm_pu":1.0018,"va_deg":15.93}},{"type":"Feature","geometry":{"type":"Point","coordinates":[137.04931,34.81429]},"properties":{"name":"chubu junction 34.8143:137.0493:275","vn_kv":275.0,"vm_pu":1.002,"va_deg":15.84}},{"type":"Feature","geometry":{"type":"Point","coordinates":[137.07028,34.81263]},"properties":{"name":"chubu junction 34.8126:137.0703:275","vn_kv":275.0,"vm_pu":1.0021,"va_deg":15.79}},{"type":"Feature","geometry":{"type":"Point","coordinates":[138.14123,34.65592]},"properties":{"name":"chubu junction 34.6559:138.1412:77","vn_kv":77.0,"vm_pu":1.0033,"va_deg":16.59}},{"type":"Feature","geometry":{"type":"Point","coordinates":[138.53087,35.58459]},"properties":{"name":"chubu junction 35.5846:138.5309:66","vn_kv":66.0,"vm_pu":0.9999,"va_deg":-0.19}},{"type":"Feature","geometry":{"type":"Point","coordinates":[138.49679,35.56811]},"properties":{"name":"chubu junction 35.5681:138.4968:66","vn_kv":66.0,"vm_pu":1.0,"va_deg":-0.19}},{"type":"Feature","geometry":{"type":"Point","coordinates":[136.07841,35.62227]},"properties":{"name":"chubu junction 35.6223:136.0784:154","vn_kv":154.0,"vm_pu":1.0002,"va_deg":22.62}},{"type":"Feature","geometry":{"type":"Point","coordinates":[138.56827,35.62605]},"properties":{"name":"chubu junction 35.6261:138.5683:66","vn_kv":66.0,"vm_pu":0.9987,"va_deg":-0.2}},{"type":"Feature","geometry":{"type":"Point","coordinates":[138.57325,35.6363]},"properties":{"name":"chubu junction 35.6363:138.5733:66","vn_kv":66.0,"vm_pu":1.0,"va_deg":-0.0}},{"type":"Feature","geometry":{"type":"Point","coordinates":[138.51174,36.30411]},"properties":{"name":"chubu junction 36.3041:138.5117:77","vn_kv":77.0,"vm_pu":0.9541,"va_deg":-5.07}},{"type":"Feature","geometry":{"type":"Point","coordinates":[138.25521,36.60785]},"properties":{"name":"chubu junction 36.6078:138.2552:77","vn_kv":77.0,"vm_pu":0.9971,"va_deg":2.36}},{"type":"Feature","geometry":{"type":"Point","coordinates":[138.22643,36.61314]},"properties":{"name":"chubu junction 36.6131:138.2264:77","vn_kv":77.0,"vm_pu":0.9977,"va_deg":2.47}},{"type":"Feature","geometry":{"type":"Point","coordinates":[138.24188,36.66121]},"properties":{"name":"chubu junction 36.6612:138.2419:77","vn_kv":77.0,"vm_pu":0.997,"va_deg":2.36}},{"type":"Feature","geometry":{"type":"Point","coordinates":[138.23528,36.69374]},"properties":{"name":"chubu junction 36.6937:138.2353:77","vn_kv":77.0,"vm_pu":0.9973,"va_deg":2.23}},{"type":"Feature","geometry":{"type":"Point","coordinates":[138.21742,36.74715]},"properties":{"name":"chubu junction 36.7471:138.2174:77","vn_kv":77.0,"vm_pu":0.9997,"va_deg":2.12}},{"type":"Feature","geometry":{"type":"Point","coordinates":[138.3064,36.72311]},"properties":{"name":"chubu junction 36.7231:138.3064:77","vn_kv":77.0,"vm_pu":1.001,"va_deg":2.86}},{"type":"Feature","geometry":{"type":"Point","coordinates":[138.13749,36.58973]},"properties":{"name":"chubu junction 36.5897:138.1375:0","vn_kv":66.0,"vm_pu":1.02,"va_deg":9.93}},{"type":"Feature","geometry":{"type":"Point","coordinates":[138.07521,36.50611]},"properties":{"name":"chubu junction 36.5061:138.0752:77","vn_kv":77.0,"vm_pu":1.0001,"va_deg":5.16}},{"type":"Feature","geometry":{"type":"Point","coordinates":[138.09747,36.53971]},"properties":{"name":"chubu junction 36.5397:138.0975:77","vn_kv":77.0,"vm_pu":1.0004,"va_deg":5.08}},{"type":"Feature","geometry":{"type":"Point","coordinates":[138.14384,36.55457]},"properties":{"name":"chubu junction 36.5546:138.1438:77","vn_kv":77.0,"vm_pu":1.0003,"va_deg":4.75}},{"type":"Feature","geometry":{"type":"Point","coordinates":[138.14922,36.5541]},"properties":{"name":"chubu junction 36.5541:138.1492:77","vn_kv":77.0,"vm_pu":1.0002,"va_deg":4.67}},{"type":"Feature","geometry":{"type":"Point","coordinates":[137.94255,35.53315]},"properties":{"name":"chubu junction 35.5332:137.9425:500","vn_kv":500.0,"vm_pu":1.0435,"va_deg":14.9}},{"type":"Feature","geometry":{"type":"Point","coordinates":[137.39928,34.78492]},"properties":{"name":"chubu junction 34.7849:137.3993:77","vn_kv":77.0,"vm_pu":0.9925,"va_deg":13.65}},{"type":"Feature","geometry":{"type":"Point","coordinates":[138.34033,34.99871]},"properties":{"name":"chubu junction 34.9987:138.3403:110","vn_kv":110.0,"vm_pu":1.0032,"va_deg":11.69}},{"type":"Feature","geometry":{"type":"Point","coordinates":[138.33621,35.01556]},"properties":{"name":"chubu junction 35.0156:138.3362:110","vn_kv":110.0,"vm_pu":1.0028,"va_deg":11.66}},{"type":"Feature","geometry":{"type":"Point","coordinates":[138.93569,35.70611]},"properties":{"name":"chubu junction 35.7061:138.9357:0","vn_kv":66.0,"vm_pu":1.0,"va_deg":0.0}},{"type":"Feature","geometry":{"type":"Point","coordinates":[138.91126,35.70905]},"properties":{"name":"chubu junction 35.7091:138.9113:0","vn_kv":66.0,"vm_pu":1.0,"va_deg":-0.0}},{"type":"Feature","geometry":{"type":"Point","coordinates":[138.64022,35.19628]},"properties":{"name":"chubu junction 35.1963:138.6402:0","vn_kv":66.0,"vm_pu":1.0,"va_deg":0.0}},{"type":"Feature","geometry":{"type":"Point","coordinates":[138.64262,35.18964]},"properties":{"name":"chubu junction 35.1896:138.6426:0","vn_kv":66.0,"vm_pu":1.0,"va_deg":-0.0}},{"type":"Feature","geometry":{"type":"Point","coordinates":[138.56187,35.20005]},"properties":{"name":"chubu junction 35.2:138.5619:77","vn_kv":77.0,"vm_pu":0.9913,"va_deg":7.48}},{"type":"Feature","geometry":{"type":"Point","coordinates":[138.57559,35.19001]},"properties":{"name":"chubu junction 35.19:138.5756:77","vn_kv":77.0,"vm_pu":0.9913,"va_deg":7.48}},{"type":"Feature","geometry":{"type":"Point","coordinates":[138.25456,35.00957]},"properties":{"name":"chubu junction 35.0096:138.2546:275","vn_kv":275.0,"vm_pu":1.0213,"va_deg":15.2}},{"type":"Feature","geometry":{"type":"Point","coordinates":[138.30225,34.94503]},"properties":{"name":"chubu junction 34.945:138.3022:110","vn_kv":110.0,"vm_pu":1.0049,"va_deg":11.79}},{"type":"Feature","geometry":{"type":"Point","coordinates":[138.04742,36.32297]},"properties":{"name":"chubu junction 36.323:138.0474:275","vn_kv":275.0,"vm_pu":1.0303,"va_deg":10.2}},{"type":"Feature","geometry":{"type":"Point","coordinates":[137.99108,36.09626]},"properties":{"name":"chubu junction 36.0963:137.9911:77","vn_kv":77.0,"vm_pu":0.9985,"va_deg":3.49}},{"type":"Feature","geometry":{"type":"Point","coordinates":[136.73499,35.36177]},"properties":{"name":"chubu junction 35.3618:136.735:154","vn_kv":154.0,"vm_pu":1.0038,"va_deg":9.76}},{"type":"Feature","geometry":{"type":"Point","coordinates":[136.75816,35.37933]},"properties":{"name":"chubu junction 35.3793:136.7582:154","vn_kv":154.0,"vm_pu":1.0042,"va_deg":9.84}},{"type":"Feature","geometry":{"type":"Point","coordinates":[136.84107,35.3323]},"properties":{"name":"chubu junction 35.3323:136.8411:154","vn_kv":154.0,"vm_pu":0.9977,"va_deg":9.49}},{"type":"Feature","geometry":{"type":"Point","coordinates":[136.85608,35.28498]},"properties":{"name":"chubu junction 35.285:136.8561:154","vn_kv":154.0,"vm_pu":0.997,"va_deg":9.47}},{"type":"Feature","geometry":{"type":"Point","coordinates":[135.92206,34.84042]},"properties":{"name":"chubu junction 34.8404:135.9221:500","vn_kv":500.0,"vm_pu":1.0765,"va_deg":15.8}},{"type":"Feature","geometry":{"type":"Point","coordinates":[136.80622,35.46615]},"properties":{"name":"chubu junction 35.4662:136.8062:77","vn_kv":77.0,"vm_pu":1.0132,"va_deg":10.57}},{"type":"Feature","geometry":{"type":"Point","coordinates":[136.58436,35.35]},"properties":{"name":"chubu junction 35.35:136.5844:275","vn_kv":275.0,"vm_pu":1.01,"va_deg":9.29}},{"type":"Feature","geometry":{"type":"Point","coordinates":[136.63628,35.43614]},"properties":{"name":"chubu junction 35.4361:136.6363:154","vn_kv":154.0,"vm_pu":1.0058,"va_deg":10.11}},{"type":"Feature","geometry":{"type":"Point","coordinates":[136.56967,35.3794]},"properties":{"name":"chubu junction 35.3794:136.5697:154","vn_kv":154.0,"vm_pu":1.0046,"va_deg":10.63}},{"type":"Feature","geometry":{"type":"Point","coordinates":[136.34241,35.32306]},"properties":{"name":"chubu junction 35.3231:136.3424:154","vn_kv":154.0,"vm_pu":1.0029,"va_deg":11.61}},{"type":"Feature","geometry":{"type":"Point","coordinates":[136.31716,35.30973]},"properties":{"name":"chubu junction 35.3097:136.3172:154","vn_kv":154.0,"vm_pu":1.0028,"va_deg":11.74}},{"type":"Feature","geometry":{"type":"Point","coordinates":[136.63728,35.44404]},"properties":{"name":"chubu junction 35.444:136.6373:154","vn_kv":154.0,"vm_pu":1.0064,"va_deg":10.25}},{"type":"Feature","geometry":{"type":"Point","coordinates":[136.62812,35.45018]},"properties":{"name":"chubu junction 35.4502:136.6281:154","vn_kv":154.0,"vm_pu":1.0073,"va_deg":10.4}},{"type":"Feature","geometry":{"type":"Point","coordinates":[136.68194,35.42876]},"properties":{"name":"chubu junction 35.4288:136.6819:77","vn_kv":77.0,"vm_pu":0.9968,"va_deg":8.99}},{"type":"Feature","geometry":{"type":"Point","coordinates":[136.83476,35.60534]},"properties":{"name":"chubu junction 35.6053:136.8348:500","vn_kv":500.0,"vm_pu":1.0597,"va_deg":15.5}},{"type":"Feature","geometry":{"type":"Point","coordinates":[136.63484,35.55077]},"properties":{"name":"chubu junction 35.5508:136.6348:500","vn_kv":500.0,"vm_pu":1.0595,"va_deg":15.5}},{"type":"Feature","geometry":{"type":"Point","coordinates":[137.12491,35.14308]},"properties":{"name":"chubu junction 35.1431:137.1249:275","vn_kv":275.0,"vm_pu":1.0075,"va_deg":13.53}},{"type":"Feature","geometry":{"type":"Point","coordinates":[136.72135,36.548]},"properties":{"name":"chubu junction 36.548:136.7213:154","vn_kv":154.0,"vm_pu":1.0024,"va_deg":11.87}},{"type":"Feature","geometry":{"type":"Point","coordinates":[138.3428,34.93743]},"properties":{"name":"chubu junction 34.9374:138.3428:110","vn_kv":110.0,"vm_pu":1.0052,"va_deg":11.64}},{"type":"Feature","geometry":{"type":"Point","coordinates":[138.30648,34.93547]},"properties":{"name":"chubu junction 34.9355:138.3065:110","vn_kv":110.0,"vm_pu":1.0051,"va_deg":11.74}},{"type":"Feature","geometry":{"type":"Point","coordinates":[137.46841,34.87901]},"properties":{"name":"chubu junction 34.879:137.4684:275","vn_kv":275.0,"vm_pu":1.0198,"va_deg":15.46}},{"type":"Feature","geometry":{"type":"Point","coordinates":[137.26095,35.21952]},"properties":{"name":"chubu junction 35.2195:137.261:275","vn_kv":275.0,"vm_pu":1.0151,"va_deg":13.49}},{"type":"Feature","geometry":{"type":"Point","coordinates":[137.22897,35.04088]},"properties":{"name":"chubu junction 35.0409:137.229:275","vn_kv":275.0,"vm_pu":1.0112,"va_deg":14.09}},{"type":"Feature","geometry":{"type":"Point","coordinates":[137.24898,35.02622]},"properties":{"name":"chubu junction 35.0262:137.249:77","vn_kv":77.0,"vm_pu":0.9894,"va_deg":11.64}},{"type":"Feature","geometry":{"type":"Point","coordinates":[137.4126,34.88808]},"properties":{"name":"chubu junction 34.8881:137.4126:275","vn_kv":275.0,"vm_pu":1.0158,"va_deg":15.27}},{"type":"Feature","geometry":{"type":"Point","coordinates":[137.26998,34.87564]},"properties":{"name":"chubu junction 34.8756:137.27:275","vn_kv":275.0,"vm_pu":1.0089,"va_deg":14.99}},{"type":"Feature","geometry":{"type":"Point","coordinates":[137.69933,34.82752]},"properties":{"name":"chubu junction 34.8275:137.6993:275","vn_kv":275.0,"vm_pu":1.014,"va_deg":15.72}},{"type":"Feature","geometry":{"type":"Point","coordinates":[137.82948,34.88744]},"properties":{"name":"chubu junction 34.8874:137.8295:275","vn_kv":275.0,"vm_pu":1.0167,"va_deg":15.6}},{"type":"Feature","geometry":{"type":"Point","coordinates":[138.02821,34.84271]},"properties":{"name":"chubu junction 34.8427:138.0282:275","vn_kv":275.0,"vm_pu":1.0218,"va_deg":15.54}},{"type":"Feature","geometry":{"type":"Point","coordinates":[137.39117,34.70611]},"properties":{"name":"chubu junction 34.7061:137.3912:154","vn_kv":154.0,"vm_pu":1.0,"va_deg":14.62}},{"type":"Feature","geometry":{"type":"Point","coordinates":[137.47504,34.75327]},"properties":{"name":"chubu junction 34.7533:137.475:154","vn_kv":154.0,"vm_pu":1.0002,"va_deg":14.54}},{"type":"Feature","geometry":{"type":"Point","coordinates":[137.66648,34.79444]},"properties":{"name":"chubu junction 34.7944:137.6665:154","vn_kv":154.0,"vm_pu":1.0003,"va_deg":17.03}},{"type":"Feature","geometry":{"type":"Point","coordinates":[137.68478,34.78419]},"properties":{"name":"chubu junction 34.7842:137.6848:154","vn_kv":154.0,"vm_pu":1.0001,"va_deg":17.11}},{"type":"Feature","geometry":{"type":"Point","coordinates":[137.10099,35.14617]},"properties":{"name":"chubu junction 35.1462:137.101:275","vn_kv":275.0,"vm_pu":1.007,"va_deg":13.48}},{"type":"Feature","geometry":{"type":"Point","coordinates":[138.3386,35.03221]},"properties":{"name":"chubu junction 35.0322:138.3386:110","vn_kv":110.0,"vm_pu":1.0024,"va_deg":11.64}},{"type":"Feature","geometry":{"type":"Point","coordinates":[138.06931,34.86215]},"properties":{"name":"chubu junction 34.8622:138.0693:275","vn_kv":275.0,"vm_pu":1.0223,"va_deg":15.48}},{"type":"Feature","geometry":{"type":"Point","coordinates":[138.50753,35.05134]},"properties":{"name":"chubu junction 35.0513:138.5075:77","vn_kv":77.0,"vm_pu":0.9948,"va_deg":9.15}},{"type":"Feature","geometry":{"type":"Point","coordinates":[138.04084,34.82524]},"properties":{"name":"chubu junction 34.8252:138.0408:275","vn_kv":275.0,"vm_pu":1.0221,"va_deg":15.56}},{"type":"Feature","geometry":{"type":"Point","coordinates":[138.15922,34.67553]},"properties":{"name":"chubu junction 34.6755:138.1592:500","vn_kv":500.0,"vm_pu":1.0278,"va_deg":16.17}},{"type":"Feature","geometry":{"type":"Point","coordinates":[138.10724,34.82665]},"properties":{"name":"chubu junction 34.8267:138.1072:500","vn_kv":500.0,"vm_pu":1.0301,"va_deg":16.07}},{"type":"Feature","geometry":{"type":"Point","coordinates":[138.10056,34.83662]},"properties":{"name":"chubu junction 34.8366:138.1006:500","vn_kv":500.0,"vm_pu":1.0304,"va_deg":16.05}},{"type":"Feature","geometry":{"type":"Point","coordinates":[137.83288,34.8923]},"properties":{"name":"chubu junction 34.8923:137.8329:275","vn_kv":275.0,"vm_pu":1.0167,"va_deg":15.6}},{"type":"Feature","geometry":{"type":"Point","coordinates":[137.20008,35.87781]},"properties":{"name":"chubu junction 35.8778:137.2001:154","vn_kv":154.0,"vm_pu":1.0084,"va_deg":10.95}},{"type":"Feature","geometry":{"type":"Point","coordinates":[136.8841,35.58143]},"properties":{"name":"chubu junction 35.5814:136.8841:154","vn_kv":154.0,"vm_pu":1.0095,"va_deg":10.83}},{"type":"Feature","geometry":{"type":"Point","coordinates":[136.70961,35.46658]},"properties":{"name":"chubu junction 35.4666:136.7096:154","vn_kv":154.0,"vm_pu":1.0054,"va_deg":10.44}},{"type":"Feature","geometry":{"type":"Point","coordinates":[136.70491,35.45963]},"properties":{"name":"chubu junction 35.4596:136.7049:154","vn_kv":154.0,"vm_pu":1.0052,"va_deg":10.43}},{"type":"Feature","geometry":{"type":"Point","coordinates":[136.09465,35.05046]},"properties":{"name":"chubu junction 35.0505:136.0946:275","vn_kv":275.0,"vm_pu":1.0112,"va_deg":12.08}},{"type":"Feature","geometry":{"type":"Point","coordinates":[135.90078,34.86634]},"properties":{"name":"chubu junction 34.8663:135.9008:500","vn_kv":500.0,"vm_pu":1.076,"va_deg":15.8}},{"type":"Feature","geometry":{"type":"Point","coordinates":[136.5866,35.10034]},"properties":{"name":"chubu junction 35.1003:136.5866:275","vn_kv":275.0,"vm_pu":1.0007,"va_deg":5.41}},{"type":"Feature","geometry":{"type":"Point","coordinates":[136.54757,35.13077]},"properties":{"name":"chubu junction 35.1308:136.5476:275","vn_kv":275.0,"vm_pu":1.0008,"va_deg":5.41}},{"type":"Feature","geometry":{"type":"Point","coordinates":[136.62068,35.08448]},"properties":{"name":"chubu junction 35.0845:136.6207:275","vn_kv":275.0,"vm_pu":1.0012,"va_deg":4.94}},{"type":"Feature","geometry":{"type":"Point","coordinates":[137.10812,35.43066]},"properties":{"name":"chubu junction 35.4307:137.1081:154","vn_kv":154.0,"vm_pu":1.0008,"va_deg":9.79}},{"type":"Feature","geometry":{"type":"Point","coordinates":[138.34796,34.95398]},"properties":{"name":"chubu junction 34.954:138.348:0","vn_kv":275.0,"vm_pu":1.0209,"va_deg":15.13}},{"type":"Feature","geometry":{"type":"Point","coordinates":[139.0904,36.31031]},"properties":{"name":"chubu junction 36.3103:139.0904:0","vn_kv":66.0,"vm_pu":1.0,"va_deg":-0.0}},{"type":"Feature","geometry":{"type":"Point","coordinates":[137.43598,34.76006]},"properties":{"name":"chubu junction 34.7601:137.436:77","vn_kv":77.0,"vm_pu":0.9932,"va_deg":14.1}},{"type":"Feature","geometry":{"type":"Point","coordinates":[137.417,34.73374]},"properties":{"name":"chubu junction 34.7337:137.417:77","vn_kv":77.0,"vm_pu":0.9947,"va_deg":14.96}},{"type":"Feature","geometry":{"type":"Point","coordinates":[137.45937,34.83262]},"properties":{"name":"chubu junction 34.8326:137.4594:154","vn_kv":154.0,"vm_pu":1.0003,"va_deg":14.24}},{"type":"Feature","geometry":{"type":"Point","coordinates":[136.79431,35.05652]},"properties":{"name":"chubu junction 35.0565:136.7943:154","vn_kv":154.0,"vm_pu":0.9982,"va_deg":11.81}},{"type":"Feature","geometry":{"type":"Point","coordinates":[136.81637,35.16353]},"properties":{"name":"chubu junction 35.1635:136.8164:77","vn_kv":77.0,"vm_pu":0.9939,"va_deg":9.79}},{"type":"Feature","geometry":{"type":"Point","coordinates":[136.83165,35.16091]},"properties":{"name":"chubu junction 35.1609:136.8316:77","vn_kv":77.0,"vm_pu":0.994,"va_deg":9.75}},{"type":"Feature","geometry":{"type":"Point","coordinates":[136.74364,35.17011]},"properties":{"name":"chubu junction 35.1701:136.7436:154","vn_kv":154.0,"vm_pu":0.9966,"va_deg":9.86}},{"type":"Feature","geometry":{"type":"Point","coordinates":[136.72644,35.1253]},"properties":{"name":"chubu junction 35.1253:136.7264:77","vn_kv":77.0,"vm_pu":0.9891,"va_deg":9.04}},{"type":"Feature","geometry":{"type":"Point","coordinates":[136.66891,35.06937]},"properties":{"name":"chubu junction 35.0694:136.6689:275","vn_kv":275.0,"vm_pu":1.0006,"va_deg":4.2}},{"type":"Feature","geometry":{"type":"Point","coordinates":[136.70203,35.10822]},"properties":{"name":"chubu junction 35.1082:136.702:77","vn_kv":77.0,"vm_pu":0.9884,"va_deg":8.81}},{"type":"Feature","geometry":{"type":"Point","coordinates":[136.75984,35.14192]},"properties":{"name":"chubu junction 35.1419:136.7598:77","vn_kv":77.0,"vm_pu":0.9906,"va_deg":9.3}},{"type":"Feature","geometry":{"type":"Point","coordinates":[136.97121,35.05996]},"properties":{"name":"chubu junction 35.06:136.9712:77","vn_kv":77.0,"vm_pu":0.9824,"va_deg":10.03}},{"type":"Feature","geometry":{"type":"Point","coordinates":[136.92069,35.09621]},"properties":{"name":"chubu junction 35.0962:136.9207:77","vn_kv":77.0,"vm_pu":0.9831,"va_deg":10.06}},{"type":"Feature","geometry":{"type":"Point","coordinates":[136.86433,35.08974]},"properties":{"name":"chubu junction 35.0897:136.8643:0","vn_kv":66.0,"vm_pu":0.9947,"va_deg":11.37}},{"type":"Feature","geometry":{"type":"Point","coordinates":[136.83867,35.13976]},"properties":{"name":"chubu junction 35.1398:136.8387:77","vn_kv":77.0,"vm_pu":0.9938,"va_deg":11.1}},{"type":"Feature","geometry":{"type":"Point","coordinates":[136.81745,35.06313]},"properties":{"name":"chubu junction 35.0631:136.8175:154","vn_kv":154.0,"vm_pu":0.9982,"va_deg":12.07}},{"type":"Feature","geometry":{"type":"Point","coordinates":[136.98433,35.05561]},"properties":{"name":"chubu junction 35.0556:136.9843:154","vn_kv":154.0,"vm_pu":0.9909,"va_deg":11.61}},{"type":"Feature","geometry":{"type":"Point","coordinates":[136.9845,35.05567]},"properties":{"name":"chubu junction 35.0557:136.9845:154","vn_kv":154.0,"vm_pu":0.9909,"va_deg":11.61}},{"type":"Feature","geometry":{"type":"Point","coordinates":[136.97116,35.19455]},"properties":{"name":"chubu junction 35.1945:136.9712:77","vn_kv":77.0,"vm_pu":0.9831,"va_deg":9.01}},{"type":"Feature","geometry":{"type":"Point","coordinates":[137.08835,35.12881]},"properties":{"name":"chubu junction 35.1288:137.0884:154","vn_kv":154.0,"vm_pu":0.9952,"va_deg":11.91}},{"type":"Feature","geometry":{"type":"Point","coordinates":[137.25117,35.171]},"properties":{"name":"chubu junction 35.171:137.2512:154","vn_kv":154.0,"vm_pu":0.995,"va_deg":11.83}},{"type":"Feature","geometry":{"type":"Point","coordinates":[136.84663,34.9881]},"properties":{"name":"chubu junction 34.9881:136.8466:275","vn_kv":275.0,"vm_pu":1.0015,"va_deg":14.18}},{"type":"Feature","geometry":{"type":"Point","coordinates":[136.84431,34.98921]},"properties":{"name":"chubu junction 34.9892:136.8443:275","vn_kv":275.0,"vm_pu":1.0015,"va_deg":14.18}},{"type":"Feature","geometry":{"type":"Point","coordinates":[136.9412,35.22177]},"properties":{"name":"chubu junction 35.2218:136.9412:77","vn_kv":77.0,"vm_pu":0.9835,"va_deg":8.36}},{"type":"Feature","geometry":{"type":"Point","coordinates":[136.97042,34.99094]},"properties":{"name":"chubu junction 34.9909:136.9704:77","vn_kv":77.0,"vm_pu":0.981,"va_deg":10.03}},{"type":"Feature","geometry":{"type":"Point","coordinates":[136.97377,34.99099]},"properties":{"name":"chubu junction 34.991:136.9738:77","vn_kv":77.0,"vm_pu":0.981,"va_deg":10.03}},{"type":"Feature","geometry":{"type":"Point","coordinates":[136.98451,34.99221]},"properties":{"name":"chubu junction 34.9922:136.9845:77","vn_kv":77.0,"vm_pu":0.981,"va_deg":10.03}},{"type":"Feature","geometry":{"type":"Point","coordinates":[136.99538,34.974]},"properties":{"name":"chubu junction 34.974:136.9954:154","vn_kv":154.0,"vm_pu":0.9902,"va_deg":11.89}},{"type":"Feature","geometry":{"type":"Point","coordinates":[136.96742,35.00189]},"properties":{"name":"chubu junction 35.0019:136.9674:77","vn_kv":77.0,"vm_pu":0.981,"va_deg":10.03}},{"type":"Feature","geometry":{"type":"Point","coordinates":[137.0963,35.00723]},"properties":{"name":"chubu junction 35.0072:137.0963:77","vn_kv":77.0,"vm_pu":0.9627,"va_deg":8.06}},{"type":"Feature","geometry":{"type":"Point","coordinates":[137.18486,35.04822]},"properties":{"name":"chubu junction 35.0482:137.1849:77","vn_kv":77.0,"vm_pu":0.9916,"va_deg":11.83}},{"type":"Feature","geometry":{"type":"Point","coordinates":[137.18187,35.03754]},"properties":{"name":"chubu junction 35.0375:137.1819:77","vn_kv":77.0,"vm_pu":0.9911,"va_deg":11.82}},{"type":"Feature","geometry":{"type":"Point","coordinates":[137.16017,34.97932]},"properties":{"name":"chubu junction 34.9793:137.1602:77","vn_kv":77.0,"vm_pu":0.9888,"va_deg":11.8}},{"type":"Feature","geometry":{"type":"Point","coordinates":[137.09051,35.04921]},"properties":{"name":"chubu junction 35.0492:137.0905:77","vn_kv":77.0,"vm_pu":0.989,"va_deg":11.55}},{"type":"Feature","geometry":{"type":"Point","coordinates":[137.06993,34.89092]},"properties":{"name":"chubu junction 34.8909:137.0699:154","vn_kv":154.0,"vm_pu":0.9909,"va_deg":12.35}},{"type":"Feature","geometry":{"type":"Point","coordinates":[136.99774,34.91409]},"properties":{"name":"chubu junction 34.9141:136.9977:154","vn_kv":154.0,"vm_pu":0.9903,"va_deg":12.09}},{"type":"Feature","geometry":{"type":"Point","coordinates":[137.34435,35.14915]},"properties":{"name":"chubu junction 35.1492:137.3444:154","vn_kv":154.0,"vm_pu":1.0047,"va_deg":13.44}},{"type":"Feature","geometry":{"type":"Point","coordinates":[137.39821,35.21145]},"properties":{"name":"chubu junction 35.2114:137.3982:154","vn_kv":154.0,"vm_pu":1.0054,"va_deg":13.62}},{"type":"Feature","geometry":{"type":"Point","coordinates":[137.40735,35.22548]},"properties":{"name":"chubu junction 35.2255:137.4074:154","vn_kv":154.0,"vm_pu":1.0056,"va_deg":13.66}},{"type":"Feature","geometry":{"type":"Point","coordinates":[137.41746,35.23872]},"properties":{"name":"chubu junction 35.2387:137.4175:154","vn_kv":154.0,"vm_pu":1.0056,"va_deg":13.67}},{"type":"Feature","geometry":{"type":"Point","coordinates":[137.41921,35.23853]},"properties":{"name":"chubu junction 35.2385:137.4192:154","vn_kv":154.0,"vm_pu":1.0056,"va_deg":13.67}},{"type":"Feature","geometry":{"type":"Point","coordinates":[136.8281,35.14658]},"properties":{"name":"chubu junction 35.1466:136.8281:154","vn_kv":154.0,"vm_pu":0.9951,"va_deg":11.04}},{"type":"Feature","geometry":{"type":"Point","coordinates":[136.73639,35.03701]},"properties":{"name":"chubu junction 35.037:136.7364:77","vn_kv":77.0,"vm_pu":0.9885,"va_deg":8.81}},{"type":"Feature","geometry":{"type":"Point","coordinates":[136.66598,35.01776]},"properties":{"name":"chubu junction 35.0178:136.666:77","vn_kv":77.0,"vm_pu":0.9909,"va_deg":2.79}},{"type":"Feature","geometry":{"type":"Point","coordinates":[136.63015,35.10849]},"properties":{"name":"chubu junction 35.1085:136.6301:154","vn_kv":154.0,"vm_pu":0.9975,"va_deg":9.01}},{"type":"Feature","geometry":{"type":"Point","coordinates":[136.59824,35.0278]},"properties":{"name":"chubu junction 35.0278:136.5982:154","vn_kv":154.0,"vm_pu":0.9988,"va_deg":8.89}},{"type":"Feature","geometry":{"type":"Point","coordinates":[136.61104,34.92524]},"properties":{"name":"chubu junction 34.9252:136.611:154","vn_kv":154.0,"vm_pu":0.9989,"va_deg":9.8}},{"type":"Feature","geometry":{"type":"Point","coordinates":[136.62749,34.88756]},"properties":{"name":"chubu junction 34.8876:136.6275:0","vn_kv":66.0,"vm_pu":1.0,"va_deg":0.0}},{"type":"Feature","geometry":{"type":"Point","coordinates":[136.60153,34.89406]},"properties":{"name":"chubu junction 34.8941:136.6015:0","vn_kv":66.0,"vm_pu":1.0,"va_deg":-0.0}},{"type":"Feature","geometry":{"type":"Point","coordinates":[136.55426,34.81506]},"properties":{"name":"chubu junction 34.8151:136.5543:77","vn_kv":77.0,"vm_pu":0.9979,"va_deg":16.56}},{"type":"Feature","geometry":{"type":"Point","coordinates":[136.54364,34.83694]},"properties":{"name":"chubu junction 34.8369:136.5436:77","vn_kv":77.0,"vm_pu":0.9962,"va_deg":15.87}},{"type":"Feature","geometry":{"type":"Point","coordinates":[136.55694,34.82668]},"properties":{"name":"chubu junction 34.8267:136.5569:77","vn_kv":77.0,"vm_pu":0.9971,"va_deg":16.24}},{"type":"Feature","geometry":{"type":"Point","coordinates":[136.49903,34.74375]},"properties":{"name":"chubu junction 34.7437:136.499:77","vn_kv":77.0,"vm_pu":0.9894,"va_deg":18.31}},{"type":"Feature","geometry":{"type":"Point","coordinates":[136.51614,34.75954]},"properties":{"name":"chubu junction 34.7595:136.5161:0","vn_kv":66.0,"vm_pu":1.0,"va_deg":0.0}},{"type":"Feature","geometry":{"type":"Point","coordinates":[136.51866,34.75691]},"properties":{"name":"chubu junction 34.7569:136.5187:0","vn_kv":66.0,"vm_pu":1.0,"va_deg":-0.0}},{"type":"Feature","geometry":{"type":"Point","coordinates":[136.50326,34.72193]},"properties":{"name":"chubu junction 34.7219:136.5033:77","vn_kv":77.0,"vm_pu":0.9783,"va_deg":20.01}},{"type":"Feature","geometry":{"type":"Point","coordinates":[136.48296,34.72353]},"properties":{"name":"chubu junction 34.7235:136.483:77","vn_kv":77.0,"vm_pu":0.9782,"va_deg":20.01}},{"type":"Feature","geometry":{"type":"Point","coordinates":[136.49998,34.71303]},"properties":{"name":"chubu junction 34.713:136.5:77","vn_kv":77.0,"vm_pu":0.9756,"va_deg":20.45}},{"type":"Feature","geometry":{"type":"Point","coordinates":[136.54988,34.85703]},"properties":{"name":"chubu junction 34.857:136.5499:77","vn_kv":77.0,"vm_pu":0.9954,"va_deg":15.76}},{"type":"Feature","geometry":{"type":"Point","coordinates":[136.61196,34.94027]},"properties":{"name":"chubu junction 34.9403:136.612:154","vn_kv":154.0,"vm_pu":0.999,"va_deg":9.81}},{"type":"Feature","geometry":{"type":"Point","coordinates":[137.36708,34.79018]},"properties":{"name":"chubu junction 34.7902:137.3671:77","vn_kv":77.0,"vm_pu":0.9928,"va_deg":13.54}},{"type":"Feature","geometry":{"type":"Point","coordinates":[137.34588,34.77799]},"properties":{"name":"chubu junction 34.778:137.3459:77","vn_kv":77.0,"vm_pu":0.9938,"va_deg":13.64}},{"type":"Feature","geometry":{"type":"Point","coordinates":[137.35663,34.74431]},"properties":{"name":"chubu junction 34.7443:137.3566:77","vn_kv":77.0,"vm_pu":0.9956,"va_deg":13.91}},{"type":"Feature","geometry":{"type":"Point","coordinates":[137.18212,34.86453]},"properties":{"name":"chubu junction 34.8645:137.1821:77","vn_kv":77.0,"vm_pu":1.0005,"va_deg":13.98}},{"type":"Feature","geometry":{"type":"Point","coordinates":[137.19558,34.85191]},"properties":{"name":"chubu junction 34.8519:137.1956:77","vn_kv":77.0,"vm_pu":0.9987,"va_deg":13.83}},{"type":"Feature","geometry":{"type":"Point","coordinates":[137.27263,34.82931]},"properties":{"name":"chubu junction 34.8293:137.2726:77","vn_kv":77.0,"vm_pu":0.9963,"va_deg":13.64}},{"type":"Feature","geometry":{"type":"Point","coordinates":[137.30709,34.82225]},"properties":{"name":"chubu junction 34.8222:137.3071:77","vn_kv":77.0,"vm_pu":0.9951,"va_deg":13.57}},{"type":"Feature","geometry":{"type":"Point","coordinates":[137.36484,34.81289]},"properties":{"name":"chubu junction 34.8129:137.3648:77","vn_kv":77.0,"vm_pu":0.992,"va_deg":13.43}},{"type":"Feature","geometry":{"type":"Point","coordinates":[136.91816,35.33138]},"properties":{"name":"chubu junction 35.3314:136.9182:77","vn_kv":77.0,"vm_pu":0.9947,"va_deg":9.04}},{"type":"Feature","geometry":{"type":"Point","coordinates":[136.94197,35.29498]},"properties":{"name":"chubu junction 35.295:136.942:77","vn_kv":77.0,"vm_pu":0.9926,"va_deg":9.34}},{"type":"Feature","geometry":{"type":"Point","coordinates":[137.48535,34.83708]},"properties":{"name":"chubu junction 34.8371:137.4853:154","vn_kv":154.0,"vm_pu":1.0004,"va_deg":14.26}},{"type":"Feature","geometry":{"type":"Point","coordinates":[136.36265,35.39053]},"properties":{"name":"chubu junction 35.3905:136.3627:154","vn_kv":154.0,"vm_pu":1.0022,"va_deg":11.64}},{"type":"Feature","geometry":{"type":"Point","coordinates":[135.97492,35.55808]},"properties":{"name":"chubu junction 35.5581:135.9749:275","vn_kv":275.0,"vm_pu":1.0409,"va_deg":14.04}},{"type":"Feature","geometry":{"type":"Point","coordinates":[135.97788,35.55385]},"properties":{"name":"chubu junction 35.5538:135.9779:275","vn_kv":275.0,"vm_pu":1.0409,"va_deg":14.04}},{"type":"Feature","geometry":{"type":"Point","coordinates":[136.29889,35.31518]},"properties":{"name":"chubu junction 35.3152:136.2989:154","vn_kv":154.0,"vm_pu":1.0027,"va_deg":11.8}},{"type":"Feature","geometry":{"type":"Point","coordinates":[136.29166,35.24902]},"properties":{"name":"chubu junction 35.249:136.2917:154","vn_kv":154.0,"vm_pu":1.002,"va_deg":11.81}},{"type":"Feature","geometry":{"type":"Point","coordinates":[136.26739,35.24367]},"properties":{"name":"chubu junction 35.2437:136.2674:154","vn_kv":154.0,"vm_pu":1.0022,"va_deg":11.79}},{"type":"Feature","geometry":{"type":"Point","coordinates":[136.27207,35.24501]},"properties":{"name":"chubu junction 35.245:136.2721:154","vn_kv":154.0,"vm_pu":1.0021,"va_deg":11.8}},{"type":"Feature","geometry":{"type":"Point","coordinates":[136.21001,35.14843]},"properties":{"name":"chubu junction 35.1484:136.21:77","vn_kv":77.0,"vm_pu":0.9995,"va_deg":11.29}},{"type":"Feature","geometry":{"type":"Point","coordinates":[136.2116,35.14397]},"properties":{"name":"chubu junction 35.144:136.2116:77","vn_kv":77.0,"vm_pu":0.9991,"va_deg":11.24}},{"type":"Feature","geometry":{"type":"Point","coordinates":[136.20986,35.10865]},"properties":{"name":"chubu junction 35.1086:136.2099:77","vn_kv":77.0,"vm_pu":0.9908,"va_deg":10.06}},{"type":"Feature","geometry":{"type":"Point","coordinates":[136.28255,35.25644]},"properties":{"name":"chubu junction 35.2564:136.2826:154","vn_kv":154.0,"vm_pu":1.0021,"va_deg":11.81}},{"type":"Feature","geometry":{"type":"Point","coordinates":[136.21174,35.14868]},"properties":{"name":"chubu junction 35.1487:136.2117:77","vn_kv":77.0,"vm_pu":0.9995,"va_deg":11.3}},{"type":"Feature","geometry":{"type":"Point","coordinates":[136.20804,35.19391]},"properties":{"name":"chubu junction 35.1939:136.208:154","vn_kv":154.0,"vm_pu":1.0063,"va_deg":11.85}},{"type":"Feature","geometry":{"type":"Point","coordinates":[136.24562,35.19623]},"properties":{"name":"chubu junction 35.1962:136.2456:77","vn_kv":77.0,"vm_pu":1.0024,"va_deg":11.67}},{"type":"Feature","geometry":{"type":"Point","coordinates":[136.22071,35.10376]},"properties":{"name":"chubu junction 35.1038:136.2207:77","vn_kv":77.0,"vm_pu":0.9889,"va_deg":9.77}},{"type":"Feature","geometry":{"type":"Point","coordinates":[136.24311,35.09365]},"properties":{"name":"chubu junction 35.0936:136.2431:77","vn_kv":77.0,"vm_pu":0.9858,"va_deg":9.26}},{"type":"Feature","geometry":{"type":"Point","coordinates":[136.25357,35.09033]},"properties":{"name":"chubu junction 35.0903:136.2536:77","vn_kv":77.0,"vm_pu":0.9854,"va_deg":9.19}},{"type":"Feature","geometry":{"type":"Point","coordinates":[136.05088,35.06864]},"properties":{"name":"chubu junction 35.0686:136.0509:154","vn_kv":154.0,"vm_pu":1.0097,"va_deg":12.0}},{"type":"Feature","geometry":{"type":"Point","coordinates":[136.04419,35.07014]},"properties":{"name":"chubu junction 35.0701:136.0442:77","vn_kv":77.0,"vm_pu":1.0095,"va_deg":11.98}},{"type":"Feature","geometry":{"type":"Point","coordinates":[136.03653,35.06396]},"properties":{"name":"chubu junction 35.064:136.0365:77","vn_kv":77.0,"vm_pu":1.0086,"va_deg":11.92}},{"type":"Feature","geometry":{"type":"Point","coordinates":[136.00738,35.04456]},"properties":{"name":"chubu junction 35.0446:136.0074:0","vn_kv":66.0,"vm_pu":1.0084,"va_deg":11.92}},{"type":"Feature","geometry":{"type":"Point","coordinates":[136.53818,35.36749]},"properties":{"name":"chubu junction 35.3675:136.5382:0","vn_kv":66.0,"vm_pu":1.0,"va_deg":0.0}},{"type":"Feature","geometry":{"type":"Point","coordinates":[136.55043,35.36202]},"properties":{"name":"chubu junction 35.362:136.5504:0","vn_kv":66.0,"vm_pu":1.0,"va_deg":-0.0}},{"type":"Feature","geometry":{"type":"Point","coordinates":[136.84207,35.5425]},"properties":{"name":"chubu junction 35.5425:136.8421:154","vn_kv":154.0,"vm_pu":1.0059,"va_deg":10.64}},{"type":"Feature","geometry":{"type":"Point","coordinates":[136.80387,35.5092]},"properties":{"name":"chubu junction 35.5092:136.8039:154","vn_kv":154.0,"vm_pu":1.005,"va_deg":10.45}},{"type":"Feature","geometry":{"type":"Point","coordinates":[136.71826,35.58006]},"properties":{"name":"chubu junction 35.5801:136.7183:500","vn_kv":500.0,"vm_pu":1.0594,"va_deg":15.92}},{"type":"Feature","geometry":{"type":"Point","coordinates":[136.66445,35.72755]},"properties":{"name":"chubu junction 35.7276:136.6644:500","vn_kv":500.0,"vm_pu":1.0594,"va_deg":15.83}},{"type":"Feature","geometry":{"type":"Point","coordinates":[137.35648,34.73973]},"properties":{"name":"chubu junction 34.7397:137.3565:77","vn_kv":77.0,"vm_pu":0.9961,"va_deg":13.97}},{"type":"Feature","geometry":{"type":"Point","coordinates":[136.17309,34.99866]},"properties":{"name":"chubu junction 34.9987:136.1731:77","vn_kv":77.0,"vm_pu":0.9822,"va_deg":8.18}},{"type":"Feature","geometry":{"type":"Point","coordinates":[135.89483,34.86811]},"properties":{"name":"chubu junction 34.8681:135.8948:275","vn_kv":275.0,"vm_pu":1.0117,"va_deg":11.91}},{"type":"Feature","geometry":{"type":"Point","coordinates":[138.64372,35.26112]},"properties":{"name":"chubu junction 35.2611:138.6437:0","vn_kv":66.0,"vm_pu":1.0,"va_deg":0.0}},{"type":"Feature","geometry":{"type":"Point","coordinates":[138.64743,35.24901]},"properties":{"name":"chubu junction 35.249:138.6474:0","vn_kv":66.0,"vm_pu":1.0,"va_deg":-0.0}},{"type":"Feature","geometry":{"type":"Point","coordinates":[136.51591,35.37549]},"properties":{"name":"chubu junction 35.3755:136.5159:0","vn_kv":66.0,"vm_pu":1.0025,"va_deg":10.66}},{"type":"Feature","geometry":{"type":"Point","coordinates":[137.73215,34.76311]},"properties":{"name":"chubu junction 34.7631:137.7322:154","vn_kv":154.0,"vm_pu":1.0,"va_deg":16.83}},{"type":"Feature","geometry":{"type":"Point","coordinates":[137.74578,34.76343]},"properties":{"name":"chubu junction 34.7634:137.7458:77","vn_kv":77.0,"vm_pu":0.996,"va_deg":15.16}},{"type":"Feature","geometry":{"type":"Point","coordinates":[137.76355,34.79902]},"properties":{"name":"chubu junction 34.799:137.7635:154","vn_kv":154.0,"vm_pu":0.9992,"va_deg":15.73}},{"type":"Feature","geometry":{"type":"Point","coordinates":[137.74154,34.812]},"properties":{"name":"chubu junction 34.812:137.7415:154","vn_kv":154.0,"vm_pu":1.0001,"va_deg":15.98}},{"type":"Feature","geometry":{"type":"Point","coordinates":[137.74313,34.81006]},"properties":{"name":"chubu junction 34.8101:137.7431:154","vn_kv":154.0,"vm_pu":0.9999,"va_deg":15.97}},{"type":"Feature","geometry":{"type":"Point","coordinates":[137.72977,34.7613]},"properties":{"name":"chubu junction 34.7613:137.7298:154","vn_kv":154.0,"vm_pu":1.0,"va_deg":16.83}},{"type":"Feature","geometry":{"type":"Point","coordinates":[137.6474,34.80151]},"properties":{"name":"chubu junction 34.8015:137.6474:154","vn_kv":154.0,"vm_pu":1.0001,"va_deg":17.12}},{"type":"Feature","geometry":{"type":"Point","coordinates":[137.59442,34.80628]},"properties":{"name":"chubu junction 34.8063:137.5944:154","vn_kv":154.0,"vm_pu":1.0,"va_deg":17.13}},{"type":"Feature","geometry":{"type":"Point","coordinates":[137.87943,34.7554]},"properties":{"name":"chubu junction 34.7554:137.8794:77","vn_kv":77.0,"vm_pu":0.999,"va_deg":14.91}},{"type":"Feature","geometry":{"type":"Point","coordinates":[137.91597,34.76945]},"properties":{"name":"chubu junction 34.7694:137.916:77","vn_kv":77.0,"vm_pu":1.0007,"va_deg":14.94}},{"type":"Feature","geometry":{"type":"Point","coordinates":[137.9445,34.77573]},"properties":{"name":"chubu junction 34.7757:137.9445:77","vn_kv":77.0,"vm_pu":1.0049,"va_deg":15.14}},{"type":"Feature","geometry":{"type":"Point","coordinates":[137.96204,34.78085]},"properties":{"name":"chubu junction 34.7808:137.962:77","vn_kv":77.0,"vm_pu":1.0027,"va_deg":15.16}},{"type":"Feature","geometry":{"type":"Point","coordinates":[137.78188,34.73083]},"properties":{"name":"chubu junction 34.7308:137.7819:77","vn_kv":77.0,"vm_pu":0.9967,"va_deg":14.8}},{"type":"Feature","geometry":{"type":"Point","coordinates":[137.74726,34.71924]},"properties":{"name":"chubu junction 34.7192:137.7473:77","vn_kv":77.0,"vm_pu":0.9933,"va_deg":14.73}},{"type":"Feature","geometry":{"type":"Point","coordinates":[136.5147,35.37275]},"properties":{"name":"chubu junction 35.3728:136.5147:0","vn_kv":66.0,"vm_pu":1.0025,"va_deg":10.66}},{"type":"Feature","geometry":{"type":"Point","coordinates":[136.18174,35.13305]},"properties":{"name":"chubu junction 35.1331:136.1817:77","vn_kv":77.0,"vm_pu":0.9999,"va_deg":11.34}},{"type":"Feature","geometry":{"type":"Point","coordinates":[137.71919,34.73295]},"properties":{"name":"chubu junction 34.733:137.7192:77","vn_kv":77.0,"vm_pu":0.9978,"va_deg":15.48}},{"type":"Feature","geometry":{"type":"Point","coordinates":[137.68873,34.72661]},"properties":{"name":"chubu junction 34.7266:137.6887:77","vn_kv":77.0,"vm_pu":0.9986,"va_deg":16.02}},{"type":"Feature","geometry":{"type":"Point","coordinates":[137.73725,34.68538]},"properties":{"name":"chubu junction 34.6854:137.7372:77","vn_kv":77.0,"vm_pu":0.9987,"va_deg":15.71}},{"type":"Feature","geometry":{"type":"Point","coordinates":[137.7527,34.67129]},"properties":{"name":"chubu junction 34.6713:137.7527:77","vn_kv":77.0,"vm_pu":0.9985,"va_deg":15.6}},{"type":"Feature","geometry":{"type":"Point","coordinates":[137.66686,34.6937]},"properties":{"name":"chubu junction 34.6937:137.6669:77","vn_kv":77.0,"vm_pu":0.9998,"va_deg":16.79}},{"type":"Feature","geometry":{"type":"Point","coordinates":[137.71197,34.69535]},"properties":{"name":"chubu junction 34.6954:137.712:77","vn_kv":77.0,"vm_pu":1.0,"va_deg":16.05}},{"type":"Feature","geometry":{"type":"Point","coordinates":[137.75182,34.6603]},"properties":{"name":"chubu junction 34.6603:137.7518:77","vn_kv":77.0,"vm_pu":0.9985,"va_deg":15.6}},{"type":"Feature","geometry":{"type":"Point","coordinates":[137.6874,34.7274]},"properties":{"name":"chubu junction 34.7274:137.6874:77","vn_kv":77.0,"vm_pu":0.9986,"va_deg":16.02}},{"type":"Feature","geometry":{"type":"Point","coordinates":[137.66092,34.71451]},"properties":{"name":"chubu junction 34.7145:137.6609:154","vn_kv":154.0,"vm_pu":1.0,"va_deg":17.76}},{"type":"Feature","geometry":{"type":"Point","coordinates":[137.7189,34.75589]},"properties":{"name":"chubu junction 34.7559:137.7189:154","vn_kv":154.0,"vm_pu":1.0,"va_deg":17.0}},{"type":"Feature","geometry":{"type":"Point","coordinates":[137.83748,34.73153]},"properties":{"name":"chubu junction 34.7315:137.8375:77","vn_kv":77.0,"vm_pu":0.9978,"va_deg":14.91}},{"type":"Feature","geometry":{"type":"Point","coordinates":[137.83857,34.70323]},"properties":{"name":"chubu junction 34.7032:137.8386:77","vn_kv":77.0,"vm_pu":0.9978,"va_deg":15.0}},{"type":"Feature","geometry":{"type":"Point","coordinates":[137.78572,34.65348]},"properties":{"name":"chubu junction 34.6535:137.7857:77","vn_kv":77.0,"vm_pu":0.9983,"va_deg":15.5}},{"type":"Feature","geometry":{"type":"Point","coordinates":[137.812,34.81124]},"properties":{"name":"chubu junction 34.8112:137.812:154","vn_kv":154.0,"vm_pu":0.9993,"va_deg":15.53}},{"type":"Feature","geometry":{"type":"Point","coordinates":[137.81366,34.79225]},"properties":{"name":"chubu junction 34.7922:137.8137:154","vn_kv":154.0,"vm_pu":0.9995,"va_deg":15.48}},{"type":"Feature","geometry":{"type":"Point","coordinates":[137.77995,34.8413]},"properties":{"name":"chubu junction 34.8413:137.78:0","vn_kv":66.0,"vm_pu":1.0036,"va_deg":15.91}},{"type":"Feature","geometry":{"type":"Point","coordinates":[137.79892,34.86365]},"properties":{"name":"chubu junction 34.8637:137.7989:0","vn_kv":66.0,"vm_pu":1.0158,"va_deg":15.58}},{"type":"Feature","geometry":{"type":"Point","coordinates":[137.80811,34.78097]},"properties":{"name":"chubu junction 34.781:137.8081:154","vn_kv":154.0,"vm_pu":0.9995,"va_deg":15.48}},{"type":"Feature","geometry":{"type":"Point","coordinates":[137.20284,35.74656]},"properties":{"name":"chubu junction 35.7466:137.2028:154","vn_kv":154.0,"vm_pu":1.0079,"va_deg":10.76}},{"type":"Feature","geometry":{"type":"Point","coordinates":[137.71488,34.81854]},"properties":{"name":"chubu junction 34.8185:137.7149:154","vn_kv":154.0,"vm_pu":1.0005,"va_deg":16.18}},{"type":"Feature","geometry":{"type":"Point","coordinates":[137.81946,34.68976]},"properties":{"name":"chubu junction 34.6898:137.8195:77","vn_kv":77.0,"vm_pu":0.998,"va_deg":15.17}},{"type":"Feature","geometry":{"type":"Point","coordinates":[137.81584,34.71208]},"properties":{"name":"chubu junction 34.7121:137.8158:77","vn_kv":77.0,"vm_pu":0.998,"va_deg":15.17}},{"type":"Feature","geometry":{"type":"Point","coordinates":[137.81249,34.94599]},"properties":{"name":"chubu junction 34.946:137.8125:154","vn_kv":154.0,"vm_pu":1.0002,"va_deg":14.78}},{"type":"Feature","geometry":{"type":"Point","coordinates":[136.07138,35.08433]},"properties":{"name":"chubu junction 35.0843:136.0714:154","vn_kv":154.0,"vm_pu":1.0089,"va_deg":11.96}},{"type":"Feature","geometry":{"type":"Point","coordinates":[136.03224,35.06962]},"properties":{"name":"chubu junction 35.0696:136.0322:77","vn_kv":77.0,"vm_pu":1.0062,"va_deg":11.75}},{"type":"Feature","geometry":{"type":"Point","coordinates":[136.67059,35.40098]},"properties":{"name":"chubu junction 35.401:136.6706:154","vn_kv":154.0,"vm_pu":1.0052,"va_deg":9.98}},{"type":"Feature","geometry":{"type":"Point","coordinates":[138.35308,35.12095]},"properties":{"name":"chubu junction 35.121:138.3531:154","vn_kv":154.0,"vm_pu":1.0013,"va_deg":12.54}},{"type":"Feature","geometry":{"type":"Point","coordinates":[138.37857,35.09421]},"properties":{"name":"chubu junction 35.0942:138.3786:154","vn_kv":154.0,"vm_pu":1.0016,"va_deg":12.3}},{"type":"Feature","geometry":{"type":"Point","coordinates":[136.99293,35.38657]},"properties":{"name":"chubu junction 35.3866:136.9929:77","vn_kv":77.0,"vm_pu":0.998,"va_deg":9.33}},{"type":"Feature","geometry":{"type":"Point","coordinates":[137.01519,35.38146]},"properties":{"name":"chubu junction 35.3815:137.0152:77","vn_kv":77.0,"vm_pu":0.9998,"va_deg":9.54}},{"type":"Feature","geometry":{"type":"Point","coordinates":[137.02289,35.39489]},"properties":{"name":"chubu junction 35.3949:137.0229:154","vn_kv":154.0,"vm_pu":1.0003,"va_deg":9.63}},{"type":"Feature","geometry":{"type":"Point","coordinates":[136.63173,35.09396]},"properties":{"name":"chubu junction 35.094:136.6317:154","vn_kv":154.0,"vm_pu":0.9975,"va_deg":9.01}},{"type":"Feature","geometry":{"type":"Point","coordinates":[137.18616,35.40588]},"properties":{"name":"chubu junction 35.4059:137.1862:154","vn_kv":154.0,"vm_pu":1.0005,"va_deg":9.77}},{"type":"Feature","geometry":{"type":"Point","coordinates":[137.18632,35.40471]},"properties":{"name":"chubu junction 35.4047:137.1863:154","vn_kv":154.0,"vm_pu":1.0005,"va_deg":9.77}},{"type":"Feature","geometry":{"type":"Point","coordinates":[137.16829,35.46863]},"properties":{"name":"chubu junction 35.4686:137.1683:275","vn_kv":275.0,"vm_pu":1.0155,"va_deg":11.2}},{"type":"Feature","geometry":{"type":"Point","coordinates":[137.08303,35.4893]},"properties":{"name":"chubu junction 35.4893:137.083:77","vn_kv":77.0,"vm_pu":0.9999,"va_deg":9.47}},{"type":"Feature","geometry":{"type":"Point","coordinates":[137.07611,35.47424]},"properties":{"name":"chubu junction 35.4742:137.0761:77","vn_kv":77.0,"vm_pu":0.9999,"va_deg":9.45}},{"type":"Feature","geometry":{"type":"Point","coordinates":[137.02514,35.39503]},"properties":{"name":"chubu junction 35.395:137.0251:154","vn_kv":154.0,"vm_pu":1.0003,"va_deg":9.62}},{"type":"Feature","geometry":{"type":"Point","coordinates":[137.03527,35.41851]},"properties":{"name":"chubu junction 35.4185:137.0353:77","vn_kv":77.0,"vm_pu":1.0001,"va_deg":9.55}},{"type":"Feature","geometry":{"type":"Point","coordinates":[137.08273,35.4529]},"properties":{"name":"chubu junction 35.4529:137.0827:0","vn_kv":66.0,"vm_pu":1.0002,"va_deg":9.55}},{"type":"Feature","geometry":{"type":"Point","coordinates":[137.1136,35.48316]},"properties":{"name":"chubu junction 35.4832:137.1136:77","vn_kv":77.0,"vm_pu":0.9999,"va_deg":9.47}},{"type":"Feature","geometry":{"type":"Point","coordinates":[136.80132,35.23652]},"properties":{"name":"chubu junction 35.2365:136.8013:154","vn_kv":154.0,"vm_pu":0.9964,"va_deg":9.42}},{"type":"Feature","geometry":{"type":"Point","coordinates":[137.00473,35.40176]},"properties":{"name":"chubu junction 35.4018:137.0047:77","vn_kv":77.0,"vm_pu":0.9988,"va_deg":9.38}},{"type":"Feature","geometry":{"type":"Point","coordinates":[138.24927,35.04885]},"properties":{"name":"chubu junction 35.0488:138.2493:110","vn_kv":110.0,"vm_pu":1.0055,"va_deg":11.94}},{"type":"Feature","geometry":{"type":"Point","coordinates":[138.28081,37.2037]},"properties":{"name":"chubu junction 37.2037:138.2808:275","vn_kv":275.0,"vm_pu":1.0357,"va_deg":8.84}},{"type":"Feature","geometry":{"type":"Point","coordinates":[138.12944,34.83088]},"properties":{"name":"chubu junction 34.8309:138.1294:0","vn_kv":66.0,"vm_pu":1.0,"va_deg":-0.0}},{"type":"Feature","geometry":{"type":"Point","coordinates":[138.12726,34.83259]},"properties":{"name":"chubu junction 34.8326:138.1273:0","vn_kv":66.0,"vm_pu":1.0,"va_deg":0.0}},{"type":"Feature","geometry":{"type":"Point","coordinates":[138.12678,34.8325]},"properties":{"name":"chubu junction 34.8325:138.1268:0","vn_kv":66.0,"vm_pu":1.0,"va_deg":-0.0}},{"type":"Feature","geometry":{"type":"Point","coordinates":[138.13198,34.83404]},"properties":{"name":"chubu junction 34.834:138.132:0","vn_kv":66.0,"vm_pu":1.0,"va_deg":-0.0}},{"type":"Feature","geometry":{"type":"Point","coordinates":[137.33609,34.71389]},"properties":{"name":"chubu junction 34.7139:137.3361:0","vn_kv":66.0,"vm_pu":0.9996,"va_deg":14.71}},{"type":"Feature","geometry":{"type":"Point","coordinates":[137.18347,34.92208]},"properties":{"name":"chubu junction 34.9221:137.1835:77","vn_kv":77.0,"vm_pu":0.9865,"va_deg":11.95}},{"type":"Feature","geometry":{"type":"Point","coordinates":[137.16671,34.91432]},"properties":{"name":"chubu junction 34.9143:137.1667:77","vn_kv":77.0,"vm_pu":0.9863,"va_deg":11.94}},{"type":"Feature","geometry":{"type":"Point","coordinates":[137.16355,34.91359]},"properties":{"name":"chubu junction 34.9136:137.1635:77","vn_kv":77.0,"vm_pu":0.9863,"va_deg":11.94}},{"type":"Feature","geometry":{"type":"Point","coordinates":[137.18032,34.9293]},"properties":{"name":"chubu junction 34.9293:137.1803:66","vn_kv":66.0,"vm_pu":0.9876,"va_deg":12.03}},{"type":"Feature","geometry":{"type":"Point","coordinates":[137.21962,34.92323]},"properties":{"name":"chubu junction 34.9232:137.2196:66","vn_kv":66.0,"vm_pu":0.9876,"va_deg":12.03}},{"type":"Feature","geometry":{"type":"Point","coordinates":[137.15853,34.93885]},"properties":{"name":"chubu junction 34.9388:137.1585:77","vn_kv":77.0,"vm_pu":0.9889,"va_deg":12.12}},{"type":"Feature","geometry":{"type":"Point","coordinates":[138.91368,35.60625]},"properties":{"name":"chubu junction 35.6062:138.9137:66","vn_kv":66.0,"vm_pu":0.999,"va_deg":-0.08}},{"type":"Feature","geometry":{"type":"Point","coordinates":[138.59034,35.63572]},"properties":{"name":"chubu junction 35.6357:138.5903:66","vn_kv":66.0,"vm_pu":1.0,"va_deg":0.13}},{"type":"Feature","geometry":{"type":"Point","coordinates":[139.03412,35.14489]},"properties":{"name":"chubu junction 35.1449:139.0341:77","vn_kv":77.0,"vm_pu":0.9774,"va_deg":-2.29}},{"type":"Feature","geometry":{"type":"Point","coordinates":[136.89169,35.28059]},"properties":{"name":"chubu junction 35.2806:136.8917:154","vn_kv":154.0,"vm_pu":0.9963,"va_deg":9.53}},{"type":"Feature","geometry":{"type":"Point","coordinates":[136.90115,35.29131]},"properties":{"name":"chubu junction 35.2913:136.9012:154","vn_kv":154.0,"vm_pu":0.9963,"va_deg":9.56}},{"type":"Feature","geometry":{"type":"Point","coordinates":[136.9482,35.32311]},"properties":{"name":"chubu junction 35.3231:136.9482:154","vn_kv":154.0,"vm_pu":0.9964,"va_deg":9.66}},{"type":"Feature","geometry":{"type":"Point","coordinates":[136.94931,35.36239]},"properties":{"name":"chubu junction 35.3624:136.9493:77","vn_kv":77.0,"vm_pu":0.9958,"va_deg":9.12}},{"type":"Feature","geometry":{"type":"Point","coordinates":[136.9493,35.3623]},"properties":{"name":"chubu junction 35.3623:136.9493:77","vn_kv":77.0,"vm_pu":0.9958,"va_deg":9.12}},{"type":"Feature","geometry":{"type":"Point","coordinates":[138.91449,35.5589]},"properties":{"name":"chubu junction 35.5589:138.9145:154","vn_kv":154.0,"vm_pu":1.0,"va_deg":0.0}},{"type":"Feature","geometry":{"type":"Point","coordinates":[136.88798,35.03089]},"properties":{"name":"chubu junction 35.0309:136.888:275","vn_kv":275.0,"vm_pu":1.0007,"va_deg":14.27}},{"type":"Feature","geometry":{"type":"Point","coordinates":[137.05931,35.02815]},"properties":{"name":"chubu junction 35.0282:137.0593:77","vn_kv":77.0,"vm_pu":0.9881,"va_deg":11.47}},{"type":"Feature","geometry":{"type":"Point","coordinates":[136.98605,35.0389]},"properties":{"name":"chubu junction 35.0389:136.9861:154","vn_kv":154.0,"vm_pu":0.9908,"va_deg":11.64}},{"type":"Feature","geometry":{"type":"Point","coordinates":[137.47128,34.84879]},"properties":{"name":"chubu junction 34.8488:137.4713:275","vn_kv":275.0,"vm_pu":1.0155,"va_deg":15.6}},{"type":"Feature","geometry":{"type":"Point","coordinates":[136.97273,35.29744]},"properties":{"name":"chubu junction 35.2974:136.9727:154","vn_kv":154.0,"vm_pu":0.9961,"va_deg":9.85}},{"type":"Feature","geometry":{"type":"Point","coordinates":[137.09172,35.05896]},"properties":{"name":"chubu junction 35.059:137.0917:77","vn_kv":77.0,"vm_pu":0.9917,"va_deg":11.78}},{"type":"Feature","geometry":{"type":"Point","coordinates":[137.09618,35.05841]},"properties":{"name":"chubu junction 35.0584:137.0962:77","vn_kv":77.0,"vm_pu":0.9917,"va_deg":11.78}},{"type":"Feature","geometry":{"type":"Point","coordinates":[137.54613,34.92304]},"properties":{"name":"chubu junction 34.923:137.5461:77","vn_kv":77.0,"vm_pu":1.0063,"va_deg":14.19}},{"type":"Feature","geometry":{"type":"Point","coordinates":[137.54358,34.91749]},"properties":{"name":"chubu junction 34.9175:137.5436:77","vn_kv":77.0,"vm_pu":1.0059,"va_deg":14.17}},{"type":"Feature","geometry":{"type":"Point","coordinates":[137.49979,34.87166]},"properties":{"name":"chubu junction 34.8717:137.4998:77","vn_kv":77.0,"vm_pu":1.0023,"va_deg":13.92}},{"type":"Feature","geometry":{"type":"Point","coordinates":[136.61892,35.08068]},"properties":{"name":"chubu junction 35.0807:136.6189:154","vn_kv":154.0,"vm_pu":0.9976,"va_deg":8.92}},{"type":"Feature","geometry":{"type":"Point","coordinates":[136.59212,35.0273]},"properties":{"name":"chubu junction 35.0273:136.5921:154","vn_kv":154.0,"vm_pu":0.9965,"va_deg":8.92}},{"type":"Feature","geometry":{"type":"Point","coordinates":[139.16599,35.27012]},"properties":{"name":"chubu junction 35.2701:139.166:0","vn_kv":66.0,"vm_pu":0.9641,"va_deg":-3.43}},{"type":"Feature","geometry":{"type":"Point","coordinates":[139.16448,35.26405]},"properties":{"name":"chubu junction 35.2641:139.1645:0","vn_kv":66.0,"vm_pu":0.9641,"va_deg":-3.43}},{"type":"Feature","geometry":{"type":"Point","coordinates":[136.60013,36.43333]},"properties":{"name":"chubu junction 36.4333:136.6001:77","vn_kv":77.0,"vm_pu":0.9849,"va_deg":9.54}},{"type":"Feature","geometry":{"type":"Point","coordinates":[136.5983,36.44524]},"properties":{"name":"chubu junction 36.4452:136.5983:77","vn_kv":77.0,"vm_pu":0.9849,"va_deg":9.54}},{"type":"Feature","geometry":{"type":"Point","coordinates":[138.92369,35.10973]},"properties":{"name":"chubu junction 35.1097:138.9237:66","vn_kv":66.0,"vm_pu":1.0,"va_deg":-0.0}},{"type":"Feature","geometry":{"type":"Point","coordinates":[136.79918,35.33406]},"properties":{"name":"chubu junction 35.3341:136.7992:154","vn_kv":154.0,"vm_pu":0.9977,"va_deg":9.49}},{"type":"Feature","geometry":{"type":"Point","coordinates":[137.17842,35.37068]},"properties":{"name":"chubu junction 35.3707:137.1784:154","vn_kv":154.0,"vm_pu":1.0005,"va_deg":10.19}},{"type":"Feature","geometry":{"type":"Point","coordinates":[137.15268,35.36214]},"properties":{"name":"chubu junction 35.3621:137.1527:154","vn_kv":154.0,"vm_pu":1.0006,"va_deg":10.16}},{"type":"Feature","geometry":{"type":"Point","coordinates":[137.04249,35.32104]},"properties":{"name":"chubu junction 35.321:137.0425:154","vn_kv":154.0,"vm_pu":0.9997,"va_deg":10.14}},{"type":"Feature","geometry":{"type":"Point","coordinates":[137.53164,35.51749]},"properties":{"name":"chubu junction 35.5175:137.5316:154","vn_kv":154.0,"vm_pu":0.9999,"va_deg":10.03}},{"type":"Feature","geometry":{"type":"Point","coordinates":[137.23889,35.37965]},"properties":{"name":"chubu junction 35.3797:137.2389:77","vn_kv":77.0,"vm_pu":0.9921,"va_deg":11.84}},{"type":"Feature","geometry":{"type":"Point","coordinates":[137.46865,35.50605]},"properties":{"name":"chubu junction 35.506:137.4686:154","vn_kv":154.0,"vm_pu":0.9999,"va_deg":10.02}},{"type":"Feature","geometry":{"type":"Point","coordinates":[137.40401,35.47775]},"properties":{"name":"chubu junction 35.4777:137.404:154","vn_kv":154.0,"vm_pu":1.0002,"va_deg":9.91}},{"type":"Feature","geometry":{"type":"Point","coordinates":[136.96997,35.32226]},"properties":{"name":"chubu junction 35.3223:136.97:154","vn_kv":154.0,"vm_pu":0.9971,"va_deg":9.86}},{"type":"Feature","geometry":{"type":"Point","coordinates":[136.97025,35.31907]},"properties":{"name":"chubu junction 35.3191:136.9702:154","vn_kv":154.0,"vm_pu":0.9967,"va_deg":9.84}},{"type":"Feature","geometry":{"type":"Point","coordinates":[137.74729,35.69595]},"properties":{"name":"chubu junction 35.696:137.7473:154","vn_kv":154.0,"vm_pu":1.0,"va_deg":9.83}},{"type":"Feature","geometry":{"type":"Point","coordinates":[137.70659,35.76653]},"properties":{"name":"chubu junction 35.7665:137.7066:154","vn_kv":154.0,"vm_pu":1.0,"va_deg":9.56}},{"type":"Feature","geometry":{"type":"Point","coordinates":[136.7553,35.23307]},"properties":{"name":"chubu junction 35.2331:136.7553:66","vn_kv":154.0,"vm_pu":0.996,"va_deg":9.39}},{"type":"Feature","geometry":{"type":"Point","coordinates":[137.59473,35.59644]},"properties":{"name":"chubu junction 35.5964:137.5947:154","vn_kv":154.0,"vm_pu":1.0,"va_deg":9.95}},{"type":"Feature","geometry":{"type":"Point","coordinates":[137.60583,35.61598]},"properties":{"name":"chubu junction 35.616:137.6058:154","vn_kv":154.0,"vm_pu":1.0001,"va_deg":9.94}},{"type":"Feature","geometry":{"type":"Point","coordinates":[137.65542,35.67356]},"properties":{"name":"chubu junction 35.6736:137.6554:154","vn_kv":154.0,"vm_pu":1.0001,"va_deg":9.91}},{"type":"Feature","geometry":{"type":"Point","coordinates":[137.77355,35.89685]},"properties":{"name":"chubu junction 35.8969:137.7735:154","vn_kv":154.0,"vm_pu":1.0011,"va_deg":10.11}},{"type":"Feature","geometry":{"type":"Point","coordinates":[137.79408,35.94486]},"properties":{"name":"chubu junction 35.9449:137.7941:154","vn_kv":154.0,"vm_pu":1.0017,"va_deg":10.13}},{"type":"Feature","geometry":{"type":"Point","coordinates":[136.54245,34.98539]},"properties":{"name":"chubu junction 34.9854:136.5425:154","vn_kv":154.0,"vm_pu":0.9989,"va_deg":8.9}},{"type":"Feature","geometry":{"type":"Point","coordinates":[136.52826,34.99901]},"properties":{"name":"chubu junction 34.999:136.5283:154","vn_kv":154.0,"vm_pu":0.9985,"va_deg":8.95}},{"type":"Feature","geometry":{"type":"Point","coordinates":[136.52915,35.00158]},"properties":{"name":"chubu junction 35.0016:136.5291:154","vn_kv":154.0,"vm_pu":0.9985,"va_deg":8.95}},{"type":"Feature","geometry":{"type":"Point","coordinates":[136.5135,35.02854]},"properties":{"name":"chubu junction 35.0285:136.5135:154","vn_kv":154.0,"vm_pu":0.9983,"va_deg":8.82}},{"type":"Feature","geometry":{"type":"Point","coordinates":[136.59324,35.02321]},"properties":{"name":"chubu junction 35.0232:136.5932:154","vn_kv":154.0,"vm_pu":0.9989,"va_deg":8.85}},{"type":"Feature","geometry":{"type":"Point","coordinates":[136.56729,35.0054]},"properties":{"name":"chubu junction 35.0054:136.5673:154","vn_kv":154.0,"vm_pu":0.9992,"va_deg":8.48}},{"type":"Feature","geometry":{"type":"Point","coordinates":[136.57186,34.95623]},"properties":{"name":"chubu junction 34.9562:136.5719:154","vn_kv":154.0,"vm_pu":0.9989,"va_deg":9.41}},{"type":"Feature","geometry":{"type":"Point","coordinates":[136.52745,35.01255]},"properties":{"name":"chubu junction 35.0125:136.5275:154","vn_kv":154.0,"vm_pu":0.9987,"va_deg":8.99}},{"type":"Feature","geometry":{"type":"Point","coordinates":[136.45357,34.97885]},"properties":{"name":"chubu junction 34.9789:136.4536:275","vn_kv":275.0,"vm_pu":1.0003,"va_deg":5.82}},{"type":"Feature","geometry":{"type":"Point","coordinates":[136.53532,35.08581]},"properties":{"name":"chubu junction 35.0858:136.5353:275","vn_kv":275.0,"vm_pu":1.0003,"va_deg":5.79}},{"type":"Feature","geometry":{"type":"Point","coordinates":[137.34058,35.92291]},"properties":{"name":"chubu junction 35.9229:137.3406:275","vn_kv":275.0,"vm_pu":1.0289,"va_deg":11.26}},{"type":"Feature","geometry":{"type":"Point","coordinates":[136.53141,34.93182]},"properties":{"name":"chubu junction 34.9318:136.5314:154","vn_kv":154.0,"vm_pu":1.0,"va_deg":12.52}},{"type":"Feature","geometry":{"type":"Point","coordinates":[136.51301,34.87662]},"properties":{"name":"chubu junction 34.8766:136.513:154","vn_kv":154.0,"vm_pu":0.9992,"va_deg":12.12}},{"type":"Feature","geometry":{"type":"Point","coordinates":[136.53986,34.89354]},"properties":{"name":"chubu junction 34.8935:136.5399:154","vn_kv":154.0,"vm_pu":1.0,"va_deg":12.53}},{"type":"Feature","geometry":{"type":"Point","coordinates":[137.0211,35.01244]},"properties":{"name":"chubu junction 35.0124:137.0211:154","vn_kv":154.0,"vm_pu":0.9899,"va_deg":11.7}},{"type":"Feature","geometry":{"type":"Point","coordinates":[137.10782,34.97253]},"properties":{"name":"chubu junction 34.9725:137.1078:77","vn_kv":77.0,"vm_pu":0.9871,"va_deg":11.32}},{"type":"Feature","geometry":{"type":"Point","coordinates":[137.05371,34.98066]},"properties":{"name":"chubu junction 34.9807:137.0537:77","vn_kv":77.0,"vm_pu":0.9864,"va_deg":11.28}},{"type":"Feature","geometry":{"type":"Point","coordinates":[137.00435,34.95284]},"properties":{"name":"chubu junction 34.9528:137.0043:154","vn_kv":154.0,"vm_pu":0.9901,"va_deg":11.94}},{"type":"Feature","geometry":{"type":"Point","coordinates":[137.06658,34.95772]},"properties":{"name":"chubu junction 34.9577:137.0666:154","vn_kv":154.0,"vm_pu":0.9901,"va_deg":11.84}},{"type":"Feature","geometry":{"type":"Point","coordinates":[137.10148,34.94133]},"properties":{"name":"chubu junction 34.9413:137.1015:154","vn_kv":154.0,"vm_pu":0.9905,"va_deg":11.85}},{"type":"Feature","geometry":{"type":"Point","coordinates":[138.0415,34.80673]},"properties":{"name":"chubu junction 34.8067:138.0415:154","vn_kv":154.0,"vm_pu":1.0,"va_deg":-0.0}},{"type":"Feature","geometry":{"type":"Point","coordinates":[137.10382,35.09859]},"properties":{"name":"chubu junction 35.0986:137.1038:77","vn_kv":77.0,"vm_pu":0.9975,"va_deg":12.23}},{"type":"Feature","geometry":{"type":"Point","coordinates":[138.13985,34.85765]},"properties":{"name":"chubu junction 34.8577:138.1398:77","vn_kv":77.0,"vm_pu":1.025,"va_deg":15.58}},{"type":"Feature","geometry":{"type":"Point","coordinates":[138.13417,34.86107]},"properties":{"name":"chubu junction 34.8611:138.1342:77","vn_kv":77.0,"vm_pu":1.0257,"va_deg":15.64}},{"type":"Feature","geometry":{"type":"Point","coordinates":[138.10807,34.84789]},"properties":{"name":"chubu junction 34.8479:138.1081:77","vn_kv":77.0,"vm_pu":1.0287,"va_deg":15.9}},{"type":"Feature","geometry":{"type":"Point","coordinates":[138.10529,34.84583]},"properties":{"name":"chubu junction 34.8458:138.1053:77","vn_kv":77.0,"vm_pu":1.029,"va_deg":15.93}},{"type":"Feature","geometry":{"type":"Point","coordinates":[138.09947,34.83893]},"properties":{"name":"chubu junction 34.8389:138.0995:77","vn_kv":77.0,"vm_pu":1.0303,"va_deg":16.05}},{"type":"Feature","geometry":{"type":"Point","coordinates":[138.07372,34.8174]},"properties":{"name":"chubu junction 34.8174:138.0737:77","vn_kv":77.0,"vm_pu":1.017,"va_deg":15.96}},{"type":"Feature","geometry":{"type":"Point","coordinates":[138.04394,34.79757]},"properties":{"name":"chubu junction 34.7976:138.0439:0","vn_kv":66.0,"vm_pu":1.0,"va_deg":0.0}},{"type":"Feature","geometry":{"type":"Point","coordinates":[138.03873,34.79731]},"properties":{"name":"chubu junction 34.7973:138.0387:0","vn_kv":66.0,"vm_pu":1.0,"va_deg":-0.0}},{"type":"Feature","geometry":{"type":"Point","coordinates":[138.05395,34.81438]},"properties":{"name":"chubu junction 34.8144:138.0539:154","vn_kv":154.0,"vm_pu":1.0116,"va_deg":15.66}},{"type":"Feature","geometry":{"type":"Point","coordinates":[137.89231,34.69577]},"properties":{"name":"chubu junction 34.6958:137.8923:77","vn_kv":77.0,"vm_pu":0.999,"va_deg":15.08}},{"type":"Feature","geometry":{"type":"Point","coordinates":[137.9307,34.68316]},"properties":{"name":"chubu junction 34.6832:137.9307:77","vn_kv":77.0,"vm_pu":0.9993,"va_deg":15.92}},{"type":"Feature","geometry":{"type":"Point","coordinates":[137.93324,34.68357]},"properties":{"name":"chubu junction 34.6836:137.9332:77","vn_kv":77.0,"vm_pu":0.9993,"va_deg":15.92}},{"type":"Feature","geometry":{"type":"Point","coordinates":[137.84042,34.73217]},"properties":{"name":"chubu junction 34.7322:137.8404:77","vn_kv":77.0,"vm_pu":0.9979,"va_deg":14.9}},{"type":"Feature","geometry":{"type":"Point","coordinates":[138.09561,35.00536]},"properties":{"name":"chubu junction 35.0054:138.0956:77","vn_kv":77.0,"vm_pu":1.0091,"va_deg":14.22}},{"type":"Feature","geometry":{"type":"Point","coordinates":[137.90791,35.01091]},"properties":{"name":"chubu junction 35.0109:137.9079:154","vn_kv":154.0,"vm_pu":1.0011,"va_deg":14.31}},{"type":"Feature","geometry":{"type":"Point","coordinates":[137.85636,35.174]},"properties":{"name":"chubu junction 35.174:137.8564:154","vn_kv":154.0,"vm_pu":1.0012,"va_deg":13.58}},{"type":"Feature","geometry":{"type":"Point","coordinates":[137.90819,35.01025]},"properties":{"name":"chubu junction 35.0103:137.9082:154","vn_kv":154.0,"vm_pu":1.0011,"va_deg":14.31}},{"type":"Feature","geometry":{"type":"Point","coordinates":[137.63962,35.82304]},"properties":{"name":"chubu junction 35.823:137.6396:154","vn_kv":154.0,"vm_pu":1.0,"va_deg":9.38}},{"type":"Feature","geometry":{"type":"Point","coordinates":[137.63745,35.82237]},"properties":{"name":"chubu junction 35.8224:137.6375:154","vn_kv":154.0,"vm_pu":1.0,"va_deg":9.38}},{"type":"Feature","geometry":{"type":"Point","coordinates":[137.26595,35.94306]},"properties":{"name":"chubu junction 35.9431:137.266:0","vn_kv":66.0,"vm_pu":1.0071,"va_deg":11.06}},{"type":"Feature","geometry":{"type":"Point","coordinates":[137.29155,35.99876]},"properties":{"name":"chubu junction 35.9988:137.2915:0","vn_kv":66.0,"vm_pu":1.0071,"va_deg":11.06}},{"type":"Feature","geometry":{"type":"Point","coordinates":[137.32982,35.91844]},"properties":{"name":"chubu junction 35.9184:137.3298:275","vn_kv":275.0,"vm_pu":1.0289,"va_deg":11.26}},{"type":"Feature","geometry":{"type":"Point","coordinates":[137.83114,35.23776]},"properties":{"name":"chubu junction 35.2378:137.8311:154","vn_kv":154.0,"vm_pu":1.0008,"va_deg":13.47}},{"type":"Feature","geometry":{"type":"Point","coordinates":[137.80288,35.12725]},"properties":{"name":"chubu junction 35.1273:137.8029:154","vn_kv":154.0,"vm_pu":1.004,"va_deg":13.75}},{"type":"Feature","geometry":{"type":"Point","coordinates":[137.94678,35.59668]},"properties":{"name":"chubu junction 35.5967:137.9468:154","vn_kv":154.0,"vm_pu":1.0027,"va_deg":12.17}},{"type":"Feature","geometry":{"type":"Point","coordinates":[137.80746,35.38626]},"properties":{"name":"chubu junction 35.3863:137.8075:154","vn_kv":154.0,"vm_pu":1.0001,"va_deg":13.06}},{"type":"Feature","geometry":{"type":"Point","coordinates":[137.81396,35.32633]},"properties":{"name":"chubu junction 35.3263:137.814:0","vn_kv":66.0,"vm_pu":1.0,"va_deg":0.0}},{"type":"Feature","geometry":{"type":"Point","coordinates":[137.81432,35.30067]},"properties":{"name":"chubu junction 35.3007:137.8143:0","vn_kv":66.0,"vm_pu":1.0,"va_deg":-0.0}},{"type":"Feature","geometry":{"type":"Point","coordinates":[137.96679,35.7803]},"properties":{"name":"chubu junction 35.7803:137.9668:154","vn_kv":154.0,"vm_pu":1.0026,"va_deg":10.52}},{"type":"Feature","geometry":{"type":"Point","coordinates":[137.96595,35.77562]},"properties":{"name":"chubu junction 35.7756:137.966:154","vn_kv":154.0,"vm_pu":1.0027,"va_deg":10.56}},{"type":"Feature","geometry":{"type":"Point","coordinates":[137.96511,35.83127]},"properties":{"name":"chubu junction 35.8313:137.9651:77","vn_kv":77.0,"vm_pu":0.999,"va_deg":7.69}},{"type":"Feature","geometry":{"type":"Point","coordinates":[137.90789,35.57343]},"properties":{"name":"chubu junction 35.5734:137.9079:77","vn_kv":77.0,"vm_pu":0.9981,"va_deg":18.08}},{"type":"Feature","geometry":{"type":"Point","coordinates":[137.89753,35.55717]},"properties":{"name":"chubu junction 35.5572:137.8975:77","vn_kv":77.0,"vm_pu":0.9996,"va_deg":18.56}},{"type":"Feature","geometry":{"type":"Point","coordinates":[137.8699,35.53337]},"properties":{"name":"chubu junction 35.5334:137.8699:77","vn_kv":77.0,"vm_pu":0.9999,"va_deg":17.75}},{"type":"Feature","geometry":{"type":"Point","coordinates":[137.98434,35.92467]},"properties":{"name":"chubu junction 35.9247:137.9843:77","vn_kv":77.0,"vm_pu":0.9972,"va_deg":6.34}},{"type":"Feature","geometry":{"type":"Point","coordinates":[136.99642,35.23268]},"properties":{"name":"chubu junction 35.2327:136.9964:154","vn_kv":154.0,"vm_pu":0.9939,"va_deg":10.19}},{"type":"Feature","geometry":{"type":"Point","coordinates":[136.74368,35.46136]},"properties":{"name":"chubu junction 35.4614:136.7437:275","vn_kv":275.0,"vm_pu":1.0137,"va_deg":10.63}},{"type":"Feature","geometry":{"type":"Point","coordinates":[136.74371,35.46224]},"properties":{"name":"chubu junction 35.4622:136.7437:275","vn_kv":275.0,"vm_pu":1.0137,"va_deg":10.63}},{"type":"Feature","geometry":{"type":"Point","coordinates":[136.73695,35.47194]},"properties":{"name":"chubu junction 35.4719:136.737:275","vn_kv":275.0,"vm_pu":1.0138,"va_deg":10.73}},{"type":"Feature","geometry":{"type":"Point","coordinates":[136.96123,35.50574]},"properties":{"name":"chubu junction 35.5057:136.9612:154","vn_kv":154.0,"vm_pu":1.0068,"va_deg":10.53}},{"type":"Feature","geometry":{"type":"Point","coordinates":[136.71185,35.42909]},"properties":{"name":"chubu junction 35.4291:136.7119:275","vn_kv":275.0,"vm_pu":1.0129,"va_deg":10.41}},{"type":"Feature","geometry":{"type":"Point","coordinates":[136.74564,35.45864]},"properties":{"name":"chubu junction 35.4586:136.7456:275","vn_kv":275.0,"vm_pu":1.0136,"va_deg":10.62}},{"type":"Feature","geometry":{"type":"Point","coordinates":[136.9636,35.49876]},"properties":{"name":"chubu junction 35.4988:136.9636:154","vn_kv":154.0,"vm_pu":1.0068,"va_deg":10.53}},{"type":"Feature","geometry":{"type":"Point","coordinates":[136.89744,35.47493]},"properties":{"name":"chubu junction 35.4749:136.8974:0","vn_kv":66.0,"vm_pu":1.0038,"va_deg":10.74}},{"type":"Feature","geometry":{"type":"Point","coordinates":[136.74153,35.1678]},"properties":{"name":"chubu junction 35.1678:136.7415:154","vn_kv":154.0,"vm_pu":0.9966,"va_deg":9.85}},{"type":"Feature","geometry":{"type":"Point","coordinates":[136.73891,35.17146]},"properties":{"name":"chubu junction 35.1715:136.7389:154","vn_kv":154.0,"vm_pu":0.9966,"va_deg":9.84}},{"type":"Feature","geometry":{"type":"Point","coordinates":[136.73876,35.17222]},"properties":{"name":"chubu junction 35.1722:136.7388:154","vn_kv":154.0,"vm_pu":0.9966,"va_deg":9.84}},{"type":"Feature","geometry":{"type":"Point","coordinates":[136.73879,35.17338]},"properties":{"name":"chubu junction 35.1734:136.7388:154","vn_kv":154.0,"vm_pu":0.9966,"va_deg":9.84}},{"type":"Feature","geometry":{"type":"Point","coordinates":[137.9866,34.72686]},"properties":{"name":"chubu junction 34.7269:137.9866:77","vn_kv":77.0,"vm_pu":0.9949,"va_deg":16.37}},{"type":"Feature","geometry":{"type":"Point","coordinates":[137.99629,34.70244]},"properties":{"name":"chubu junction 34.7024:137.9963:77","vn_kv":77.0,"vm_pu":0.9977,"va_deg":16.87}},{"type":"Feature","geometry":{"type":"Point","coordinates":[137.99878,34.69273]},"properties":{"name":"chubu junction 34.6927:137.9988:77","vn_kv":77.0,"vm_pu":0.9988,"va_deg":17.05}},{"type":"Feature","geometry":{"type":"Point","coordinates":[136.16327,34.98024]},"properties":{"name":"chubu junction 34.9802:136.1633:77","vn_kv":77.0,"vm_pu":0.9816,"va_deg":8.1}},{"type":"Feature","geometry":{"type":"Point","coordinates":[136.18184,35.00254]},"properties":{"name":"chubu junction 35.0025:136.1818:77","vn_kv":77.0,"vm_pu":0.982,"va_deg":8.18}},{"type":"Feature","geometry":{"type":"Point","coordinates":[136.22778,34.95745]},"properties":{"name":"chubu junction 34.9574:136.2278:77","vn_kv":77.0,"vm_pu":0.9825,"va_deg":7.99}},{"type":"Feature","geometry":{"type":"Point","coordinates":[136.48692,34.83047]},"properties":{"name":"chubu junction 34.8305:136.4869:77","vn_kv":77.0,"vm_pu":0.9956,"va_deg":13.98}},{"type":"Feature","geometry":{"type":"Point","coordinates":[136.51234,34.82441]},"properties":{"name":"chubu junction 34.8244:136.5123:77","vn_kv":77.0,"vm_pu":0.9962,"va_deg":13.49}},{"type":"Feature","geometry":{"type":"Point","coordinates":[136.492,34.78609]},"properties":{"name":"chubu junction 34.7861:136.492:77","vn_kv":77.0,"vm_pu":0.9872,"va_deg":15.93}},{"type":"Feature","geometry":{"type":"Point","coordinates":[136.48256,34.76798]},"properties":{"name":"chubu junction 34.768:136.4826:77","vn_kv":77.0,"vm_pu":0.9837,"va_deg":17.07}},{"type":"Feature","geometry":{"type":"Point","coordinates":[136.19962,34.79593]},"properties":{"name":"chubu junction 34.7959:136.1996:77","vn_kv":77.0,"vm_pu":0.9968,"va_deg":17.0}},{"type":"Feature","geometry":{"type":"Point","coordinates":[136.40975,34.86642]},"properties":{"name":"chubu junction 34.8664:136.4097:77","vn_kv":77.0,"vm_pu":0.9929,"va_deg":14.47}},{"type":"Feature","geometry":{"type":"Point","coordinates":[136.93212,35.05519]},"properties":{"name":"chubu junction 35.0552:136.9321:77","vn_kv":77.0,"vm_pu":0.9823,"va_deg":10.04}},{"type":"Feature","geometry":{"type":"Point","coordinates":[136.92009,35.04085]},"properties":{"name":"chubu junction 35.0408:136.9201:77","vn_kv":77.0,"vm_pu":0.9821,"va_deg":10.05}},{"type":"Feature","geometry":{"type":"Point","coordinates":[136.92861,35.04087]},"properties":{"name":"chubu junction 35.0409:136.9286:77","vn_kv":77.0,"vm_pu":0.9821,"va_deg":10.05}},{"type":"Feature","geometry":{"type":"Point","coordinates":[136.91663,35.0093]},"properties":{"name":"chubu junction 35.0093:136.9166:77","vn_kv":77.0,"vm_pu":0.9815,"va_deg":10.08}},{"type":"Feature","geometry":{"type":"Point","coordinates":[136.91994,35.02655]},"properties":{"name":"chubu junction 35.0266:136.9199:154","vn_kv":154.0,"vm_pu":1.001,"va_deg":14.22}},{"type":"Feature","geometry":{"type":"Point","coordinates":[136.88072,34.96203]},"properties":{"name":"chubu junction 34.962:136.8807:154","vn_kv":154.0,"vm_pu":1.0014,"va_deg":14.11}},{"type":"Feature","geometry":{"type":"Point","coordinates":[136.91911,34.97006]},"properties":{"name":"chubu junction 34.9701:136.9191:77","vn_kv":77.0,"vm_pu":0.9822,"va_deg":10.25}},{"type":"Feature","geometry":{"type":"Point","coordinates":[136.92196,34.83094]},"properties":{"name":"chubu junction 34.8309:136.922:154","vn_kv":154.0,"vm_pu":0.9997,"va_deg":14.12}},{"type":"Feature","geometry":{"type":"Point","coordinates":[136.92118,34.82429]},"properties":{"name":"chubu junction 34.8243:136.9212:154","vn_kv":154.0,"vm_pu":0.9997,"va_deg":14.1}},{"type":"Feature","geometry":{"type":"Point","coordinates":[136.90701,34.91416]},"properties":{"name":"chubu junction 34.9142:136.907:154","vn_kv":154.0,"vm_pu":0.9998,"va_deg":14.21}},{"type":"Feature","geometry":{"type":"Point","coordinates":[136.92233,34.82748]},"properties":{"name":"chubu junction 34.8275:136.9223:0","vn_kv":66.0,"vm_pu":0.9997,"va_deg":14.12}},{"type":"Feature","geometry":{"type":"Point","coordinates":[136.9025,34.95351]},"properties":{"name":"chubu junction 34.9535:136.9025:77","vn_kv":77.0,"vm_pu":0.9879,"va_deg":14.26}},{"type":"Feature","geometry":{"type":"Point","coordinates":[136.88433,34.8382]},"properties":{"name":"chubu junction 34.8382:136.8843:154","vn_kv":154.0,"vm_pu":0.9997,"va_deg":14.16}},{"type":"Feature","geometry":{"type":"Point","coordinates":[136.5894,35.08092]},"properties":{"name":"chubu junction 35.0809:136.5894:77","vn_kv":77.0,"vm_pu":0.9851,"va_deg":7.08}},{"type":"Feature","geometry":{"type":"Point","coordinates":[136.18248,34.97597]},"properties":{"name":"chubu junction 34.976:136.1825:77","vn_kv":77.0,"vm_pu":0.9815,"va_deg":8.09}},{"type":"Feature","geometry":{"type":"Point","coordinates":[137.1874,35.05745]},"properties":{"name":"chubu junction 35.0574:137.1874:77","vn_kv":77.0,"vm_pu":0.9923,"va_deg":11.84}},{"type":"Feature","geometry":{"type":"Point","coordinates":[137.19013,35.05883]},"properties":{"name":"chubu junction 35.0588:137.1901:77","vn_kv":77.0,"vm_pu":0.9924,"va_deg":11.84}},{"type":"Feature","geometry":{"type":"Point","coordinates":[137.20216,35.11345]},"properties":{"name":"chubu junction 35.1134:137.2022:77","vn_kv":77.0,"vm_pu":0.9919,"va_deg":11.6}},{"type":"Feature","geometry":{"type":"Point","coordinates":[137.21372,35.06122]},"properties":{"name":"chubu junction 35.0612:137.2137:77","vn_kv":77.0,"vm_pu":0.9935,"va_deg":11.91}},{"type":"Feature","geometry":{"type":"Point","coordinates":[137.22532,35.07609]},"properties":{"name":"chubu junction 35.0761:137.2253:77","vn_kv":77.0,"vm_pu":0.9943,"va_deg":11.97}},{"type":"Feature","geometry":{"type":"Point","coordinates":[137.30016,35.1307]},"properties":{"name":"chubu junction 35.1307:137.3002:77","vn_kv":77.0,"vm_pu":0.9979,"va_deg":12.28}},{"type":"Feature","geometry":{"type":"Point","coordinates":[137.34435,35.14915]},"properties":{"name":"chubu junction 35.1492:137.3444:77","vn_kv":77.0,"vm_pu":0.9991,"va_deg":12.41}},{"type":"Feature","geometry":{"type":"Point","coordinates":[136.99102,35.04671]},"properties":{"name":"chubu junction 35.0467:136.991:77","vn_kv":77.0,"vm_pu":0.9819,"va_deg":9.99}},{"type":"Feature","geometry":{"type":"Point","coordinates":[136.88033,35.06813]},"properties":{"name":"chubu junction 35.0681:136.8803:154","vn_kv":154.0,"vm_pu":0.992,"va_deg":11.57}},{"type":"Feature","geometry":{"type":"Point","coordinates":[136.98814,35.07657]},"properties":{"name":"chubu junction 35.0766:136.9881:77","vn_kv":77.0,"vm_pu":0.9824,"va_deg":9.97}},{"type":"Feature","geometry":{"type":"Point","coordinates":[136.99782,35.12754]},"properties":{"name":"chubu junction 35.1275:136.9978:154","vn_kv":154.0,"vm_pu":0.9914,"va_deg":11.47}},{"type":"Feature","geometry":{"type":"Point","coordinates":[137.04716,35.20787]},"properties":{"name":"chubu junction 35.2079:137.0472:77","vn_kv":77.0,"vm_pu":0.9891,"va_deg":10.22}},{"type":"Feature","geometry":{"type":"Point","coordinates":[138.02651,36.07219]},"properties":{"name":"chubu junction 36.0722:138.0265:77","vn_kv":77.0,"vm_pu":0.9979,"va_deg":3.63}},{"type":"Feature","geometry":{"type":"Point","coordinates":[138.12394,35.98739]},"properties":{"name":"chubu junction 35.9874:138.1239:77","vn_kv":77.0,"vm_pu":0.9989,"va_deg":3.49}},{"type":"Feature","geometry":{"type":"Point","coordinates":[138.13358,35.98916]},"properties":{"name":"chubu junction 35.9892:138.1336:77","vn_kv":77.0,"vm_pu":0.9994,"va_deg":3.53}},{"type":"Feature","geometry":{"type":"Point","coordinates":[137.0669,35.06841]},"properties":{"name":"chubu junction 35.0684:137.0669:77","vn_kv":77.0,"vm_pu":0.9961,"va_deg":12.17}},{"type":"Feature","geometry":{"type":"Point","coordinates":[137.0669,35.06841]},"properties":{"name":"chubu junction 35.0684:137.0669:275","vn_kv":275.0,"vm_pu":1.0048,"va_deg":13.88}},{"type":"Feature","geometry":{"type":"Point","coordinates":[136.13771,35.10708]},"properties":{"name":"chubu junction 35.1071:136.1377:66","vn_kv":66.0,"vm_pu":0.9921,"va_deg":10.27}},{"type":"Feature","geometry":{"type":"Point","coordinates":[136.90407,35.22846]},"properties":{"name":"chubu junction 35.2285:136.9041:77","vn_kv":77.0,"vm_pu":0.9827,"va_deg":8.13}},{"type":"Feature","geometry":{"type":"Point","coordinates":[136.89349,35.06536]},"properties":{"name":"chubu junction 35.0654:136.8935:275","vn_kv":275.0,"vm_pu":1.0,"va_deg":14.38}},{"type":"Feature","geometry":{"type":"Point","coordinates":[136.65817,35.04706]},"properties":{"name":"chubu junction 35.0471:136.6582:77","vn_kv":77.0,"vm_pu":0.9911,"va_deg":2.78}},{"type":"Feature","geometry":{"type":"Point","coordinates":[137.07097,35.02941]},"properties":{"name":"chubu junction 35.0294:137.071:77","vn_kv":77.0,"vm_pu":0.9881,"va_deg":11.47}},{"type":"Feature","geometry":{"type":"Point","coordinates":[137.02533,35.00519]},"properties":{"name":"chubu junction 35.0052:137.0253:77","vn_kv":77.0,"vm_pu":0.9877,"va_deg":11.46}},{"type":"Feature","geometry":{"type":"Point","coordinates":[137.02646,35.00323]},"properties":{"name":"chubu junction 35.0032:137.0265:77","vn_kv":77.0,"vm_pu":0.9877,"va_deg":11.46}},{"type":"Feature","geometry":{"type":"Point","coordinates":[137.03376,34.99122]},"properties":{"name":"chubu junction 34.9912:137.0338:154","vn_kv":154.0,"vm_pu":0.9898,"va_deg":11.74}},{"type":"Feature","geometry":{"type":"Point","coordinates":[138.46131,36.2782]},"properties":{"name":"chubu junction 36.2782:138.4613:77","vn_kv":77.0,"vm_pu":0.979,"va_deg":-0.19}},{"type":"Feature","geometry":{"type":"Point","coordinates":[137.13446,34.96874]},"properties":{"name":"chubu junction 34.9687:137.1345:77","vn_kv":77.0,"vm_pu":0.9873,"va_deg":11.48}},{"type":"Feature","geometry":{"type":"Point","coordinates":[137.14142,34.96758]},"properties":{"name":"chubu junction 34.9676:137.1414:77","vn_kv":77.0,"vm_pu":0.9878,"va_deg":11.61}},{"type":"Feature","geometry":{"type":"Point","coordinates":[136.87304,36.54954]},"properties":{"name":"chubu junction 36.5495:136.873:66","vn_kv":66.0,"vm_pu":0.9915,"va_deg":9.87}},{"type":"Feature","geometry":{"type":"Point","coordinates":[136.84872,36.5631]},"properties":{"name":"chubu junction 36.5631:136.8487:66","vn_kv":66.0,"vm_pu":0.9921,"va_deg":9.88}},{"type":"Feature","geometry":{"type":"Point","coordinates":[136.89644,36.59525]},"properties":{"name":"chubu junction 36.5953:136.8964:66","vn_kv":66.0,"vm_pu":0.9965,"va_deg":10.01}},{"type":"Feature","geometry":{"type":"Point","coordinates":[138.50753,36.7379]},"properties":{"name":"chubu junction 36.7379:138.5075:77","vn_kv":77.0,"vm_pu":1.0012,"va_deg":2.86}},{"type":"Feature","geometry":{"type":"Point","coordinates":[138.3733,36.82011]},"properties":{"name":"chubu junction 36.8201:138.3733:77","vn_kv":77.0,"vm_pu":1.0022,"va_deg":3.0}},{"type":"Feature","geometry":{"type":"Point","coordinates":[136.40577,34.84122]},"properties":{"name":"chubu junction 34.8412:136.4058:275","vn_kv":275.0,"vm_pu":0.9998,"va_deg":11.8}},{"type":"Feature","geometry":{"type":"Point","coordinates":[138.02153,34.67669]},"properties":{"name":"chubu junction 34.6767:138.0215:77","vn_kv":77.0,"vm_pu":0.9997,"va_deg":17.27}},{"type":"Feature","geometry":{"type":"Point","coordinates":[138.06948,34.67276]},"properties":{"name":"chubu junction 34.6728:138.0695:77","vn_kv":77.0,"vm_pu":1.0001,"va_deg":17.57}},{"type":"Feature","geometry":{"type":"Point","coordinates":[138.08545,34.67231]},"properties":{"name":"chubu junction 34.6723:138.0854:77","vn_kv":77.0,"vm_pu":1.0005,"va_deg":17.48}},{"type":"Feature","geometry":{"type":"Point","coordinates":[136.5373,34.54567]},"properties":{"name":"chubu junction 34.5457:136.5373:154","vn_kv":154.0,"vm_pu":1.0004,"va_deg":12.11}},{"type":"Feature","geometry":{"type":"Point","coordinates":[136.50956,34.74051]},"properties":{"name":"chubu junction 34.7405:136.5096:77","vn_kv":77.0,"vm_pu":0.9894,"va_deg":18.31}},{"type":"Feature","geometry":{"type":"Point","coordinates":[138.30558,36.37825]},"properties":{"name":"chubu junction 36.3783:138.3056:77","vn_kv":77.0,"vm_pu":0.9961,"va_deg":3.31}},{"type":"Feature","geometry":{"type":"Point","coordinates":[138.43587,36.32945]},"properties":{"name":"chubu junction 36.3294:138.4359:77","vn_kv":77.0,"vm_pu":0.9754,"va_deg":-1.13}},{"type":"Feature","geometry":{"type":"Point","coordinates":[138.4435,36.32769]},"properties":{"name":"chubu junction 36.3277:138.4435:77","vn_kv":77.0,"vm_pu":0.9746,"va_deg":-1.37}},{"type":"Feature","geometry":{"type":"Point","coordinates":[137.70307,34.71929]},"properties":{"name":"chubu junction 34.7193:137.7031:77","vn_kv":77.0,"vm_pu":0.9986,"va_deg":15.51}},{"type":"Feature","geometry":{"type":"Point","coordinates":[138.80778,36.9382]},"properties":{"name":"chubu junction 36.9382:138.8078:0","vn_kv":66.0,"vm_pu":1.0,"va_deg":-0.0}},{"type":"Feature","geometry":{"type":"Point","coordinates":[136.9682,35.00276]},"properties":{"name":"chubu junction 35.0028:136.9682:77","vn_kv":77.0,"vm_pu":0.981,"va_deg":10.03}},{"type":"Feature","geometry":{"type":"Point","coordinates":[136.42147,34.7041]},"properties":{"name":"chubu junction 34.7041:136.4215:77","vn_kv":77.0,"vm_pu":0.9755,"va_deg":19.47}},{"type":"Feature","geometry":{"type":"Point","coordinates":[136.43133,34.69876]},"properties":{"name":"chubu junction 34.6988:136.4313:77","vn_kv":77.0,"vm_pu":0.9748,"va_deg":19.82}},{"type":"Feature","geometry":{"type":"Point","coordinates":[136.4877,34.70734]},"properties":{"name":"chubu junction 34.7073:136.4877:77","vn_kv":77.0,"vm_pu":0.9723,"va_deg":21.33}},{"type":"Feature","geometry":{"type":"Point","coordinates":[136.42355,34.7049]},"properties":{"name":"chubu junction 34.7049:136.4235:77","vn_kv":77.0,"vm_pu":0.9754,"va_deg":19.46}},{"type":"Feature","geometry":{"type":"Point","coordinates":[136.61529,34.94002]},"properties":{"name":"chubu junction 34.94:136.6153:154","vn_kv":154.0,"vm_pu":0.9989,"va_deg":9.81}},{"type":"Feature","geometry":{"type":"Point","coordinates":[137.91342,36.12151]},"properties":{"name":"chubu junction 36.1215:137.9134:275","vn_kv":275.0,"vm_pu":1.0288,"va_deg":11.01}},{"type":"Feature","geometry":{"type":"Point","coordinates":[137.97287,35.89781]},"properties":{"name":"chubu junction 35.8978:137.9729:154","vn_kv":154.0,"vm_pu":1.0013,"va_deg":9.38}},{"type":"Feature","geometry":{"type":"Point","coordinates":[136.98682,35.38226]},"properties":{"name":"chubu junction 35.3823:136.9868:77","vn_kv":77.0,"vm_pu":0.9977,"va_deg":9.29}},{"type":"Feature","geometry":{"type":"Point","coordinates":[138.53714,35.08904]},"properties":{"name":"chubu junction 35.089:138.5371:77","vn_kv":77.0,"vm_pu":0.9919,"va_deg":8.75}},{"type":"Feature","geometry":{"type":"Point","coordinates":[138.60177,35.1312]},"properties":{"name":"chubu junction 35.1312:138.6018:77","vn_kv":77.0,"vm_pu":0.9894,"va_deg":8.35}},{"type":"Feature","geometry":{"type":"Point","coordinates":[136.71437,35.2549]},"properties":{"name":"chubu junction 35.2549:136.7144:66","vn_kv":66.0,"vm_pu":0.993,"va_deg":8.99}},{"type":"Feature","geometry":{"type":"Point","coordinates":[136.51895,36.03668]},"properties":{"name":"chubu junction 36.0367:136.5189:154","vn_kv":154.0,"vm_pu":1.0096,"va_deg":13.34}},{"type":"Feature","geometry":{"type":"Point","coordinates":[136.46977,36.05049]},"properties":{"name":"chubu junction 36.0505:136.4698:154","vn_kv":154.0,"vm_pu":1.0092,"va_deg":13.14}},{"type":"Feature","geometry":{"type":"Point","coordinates":[136.96761,37.03426]},"properties":{"name":"chubu junction 37.0343:136.9676:66","vn_kv":66.0,"vm_pu":0.9982,"va_deg":17.45}},{"type":"Feature","geometry":{"type":"Point","coordinates":[136.72978,37.06056]},"properties":{"name":"chubu junction 37.0606:136.7298:275","vn_kv":275.0,"vm_pu":1.0652,"va_deg":16.55}},{"type":"Feature","geometry":{"type":"Point","coordinates":[137.00789,37.06505]},"properties":{"name":"chubu junction 37.0651:137.0079:275","vn_kv":275.0,"vm_pu":1.0653,"va_deg":16.55}},{"type":"Feature","geometry":{"type":"Point","coordinates":[136.83218,36.91037]},"properties":{"name":"chubu junction 36.9104:136.8322:66","vn_kv":66.0,"vm_pu":0.9983,"va_deg":18.0}},{"type":"Feature","geometry":{"type":"Point","coordinates":[136.72964,37.06225]},"properties":{"name":"chubu junction 37.0623:136.7296:500","vn_kv":500.0,"vm_pu":1.0771,"va_deg":17.3}},{"type":"Feature","geometry":{"type":"Point","coordinates":[136.53162,36.02121]},"properties":{"name":"chubu junction 36.0212:136.5316:154","vn_kv":154.0,"vm_pu":1.0098,"va_deg":13.47}},{"type":"Feature","geometry":{"type":"Point","coordinates":[136.60215,35.96301]},"properties":{"name":"chubu junction 35.963:136.6021:154","vn_kv":154.0,"vm_pu":1.0082,"va_deg":13.73}},{"type":"Feature","geometry":{"type":"Point","coordinates":[136.40395,35.99972]},"properties":{"name":"chubu junction 35.9997:136.404:275","vn_kv":275.0,"vm_pu":1.0406,"va_deg":16.02}},{"type":"Feature","geometry":{"type":"Point","coordinates":[136.52888,36.08711]},"properties":{"name":"chubu junction 36.0871:136.5289:154","vn_kv":154.0,"vm_pu":1.0097,"va_deg":13.32}},{"type":"Feature","geometry":{"type":"Point","coordinates":[136.14144,36.19953]},"properties":{"name":"chubu junction 36.1995:136.1414:154","vn_kv":154.0,"vm_pu":1.0004,"va_deg":12.4}},{"type":"Feature","geometry":{"type":"Point","coordinates":[137.89564,36.12185]},"properties":{"name":"chubu junction 36.1219:137.8956:275","vn_kv":275.0,"vm_pu":1.029,"va_deg":11.03}},{"type":"Feature","geometry":{"type":"Point","coordinates":[136.18937,36.07041]},"properties":{"name":"chubu junction 36.0704:136.1894:77","vn_kv":77.0,"vm_pu":0.9944,"va_deg":10.71}},{"type":"Feature","geometry":{"type":"Point","coordinates":[136.2208,36.08566]},"properties":{"name":"chubu junction 36.0857:136.2208:77","vn_kv":77.0,"vm_pu":0.9943,"va_deg":10.65}},{"type":"Feature","geometry":{"type":"Point","coordinates":[136.16734,35.99719]},"properties":{"name":"chubu junction 35.9972:136.1673:77","vn_kv":77.0,"vm_pu":0.9977,"va_deg":11.29}},{"type":"Feature","geometry":{"type":"Point","coordinates":[136.16693,35.99315]},"properties":{"name":"chubu junction 35.9931:136.1669:77","vn_kv":77.0,"vm_pu":0.9981,"va_deg":11.34}},{"type":"Feature","geometry":{"type":"Point","coordinates":[136.38625,36.07954]},"properties":{"name":"chubu junction 36.0795:136.3862:77","vn_kv":77.0,"vm_pu":0.9957,"va_deg":10.75}},{"type":"Feature","geometry":{"type":"Point","coordinates":[136.4094,36.07007]},"properties":{"name":"chubu junction 36.0701:136.4094:77","vn_kv":77.0,"vm_pu":0.9957,"va_deg":10.75}},{"type":"Feature","geometry":{"type":"Point","coordinates":[136.27072,36.04984]},"properties":{"name":"chubu junction 36.0498:136.2707:77","vn_kv":77.0,"vm_pu":0.9955,"va_deg":10.79}},{"type":"Feature","geometry":{"type":"Point","coordinates":[136.25624,36.04693]},"properties":{"name":"chubu junction 36.0469:136.2562:77","vn_kv":77.0,"vm_pu":0.9948,"va_deg":10.74}},{"type":"Feature","geometry":{"type":"Point","coordinates":[136.20197,36.05182]},"properties":{"name":"chubu junction 36.0518:136.202:66","vn_kv":66.0,"vm_pu":0.9862,"va_deg":9.57}},{"type":"Feature","geometry":{"type":"Point","coordinates":[136.53718,36.49432]},"properties":{"name":"chubu junction 36.4943:136.5372:66","vn_kv":66.0,"vm_pu":0.9778,"va_deg":8.7}},{"type":"Feature","geometry":{"type":"Point","coordinates":[136.57743,36.45003]},"properties":{"name":"chubu junction 36.45:136.5774:66","vn_kv":66.0,"vm_pu":0.9772,"va_deg":8.21}},{"type":"Feature","geometry":{"type":"Point","coordinates":[136.54366,36.48971]},"properties":{"name":"chubu junction 36.4897:136.5437:154","vn_kv":154.0,"vm_pu":1.0001,"va_deg":11.73}},{"type":"Feature","geometry":{"type":"Point","coordinates":[136.61614,36.49623]},"properties":{"name":"chubu junction 36.4962:136.6161:77","vn_kv":77.0,"vm_pu":0.9825,"va_deg":9.6}},{"type":"Feature","geometry":{"type":"Point","coordinates":[136.49868,36.40463]},"properties":{"name":"chubu junction 36.4046:136.4987:66","vn_kv":66.0,"vm_pu":0.9813,"va_deg":8.71}},{"type":"Feature","geometry":{"type":"Point","coordinates":[136.614,36.43567]},"properties":{"name":"chubu junction 36.4357:136.614:77","vn_kv":77.0,"vm_pu":0.9843,"va_deg":9.53}},{"type":"Feature","geometry":{"type":"Point","coordinates":[136.9211,36.74071]},"properties":{"name":"chubu junction 36.7407:136.9211:154","vn_kv":154.0,"vm_pu":1.0022,"va_deg":12.88}},{"type":"Feature","geometry":{"type":"Point","coordinates":[136.54366,36.48971]},"properties":{"name":"chubu junction 36.4897:136.5437:66","vn_kv":66.0,"vm_pu":0.9783,"va_deg":8.74}},{"type":"Feature","geometry":{"type":"Point","coordinates":[136.67031,36.60368]},"properties":{"name":"chubu junction 36.6037:136.6703:77","vn_kv":77.0,"vm_pu":0.983,"va_deg":10.63}},{"type":"Feature","geometry":{"type":"Point","coordinates":[136.65694,36.61959]},"properties":{"name":"chubu junction 36.6196:136.6569:77","vn_kv":77.0,"vm_pu":0.983,"va_deg":10.63}},{"type":"Feature","geometry":{"type":"Point","coordinates":[136.41888,36.30646]},"properties":{"name":"chubu junction 36.3065:136.4189:154","vn_kv":154.0,"vm_pu":0.9999,"va_deg":11.47}},{"type":"Feature","geometry":{"type":"Point","coordinates":[136.26555,36.23171]},"properties":{"name":"chubu junction 36.2317:136.2656:77","vn_kv":77.0,"vm_pu":1.0024,"va_deg":10.55}},{"type":"Feature","geometry":{"type":"Point","coordinates":[136.62533,36.55641]},"properties":{"name":"chubu junction 36.5564:136.6253:77","vn_kv":77.0,"vm_pu":0.9814,"va_deg":9.96}},{"type":"Feature","geometry":{"type":"Point","coordinates":[136.28689,36.25659]},"properties":{"name":"chubu junction 36.2566:136.2869:77","vn_kv":77.0,"vm_pu":1.0032,"va_deg":10.43}},{"type":"Feature","geometry":{"type":"Point","coordinates":[136.46313,36.34701]},"properties":{"name":"chubu junction 36.347:136.4631:154","vn_kv":154.0,"vm_pu":0.9996,"va_deg":11.45}},{"type":"Feature","geometry":{"type":"Point","coordinates":[136.41119,36.30124]},"properties":{"name":"chubu junction 36.3012:136.4112:154","vn_kv":154.0,"vm_pu":0.9999,"va_deg":11.48}},{"type":"Feature","geometry":{"type":"Point","coordinates":[136.43628,36.31702]},"properties":{"name":"chubu junction 36.317:136.4363:154","vn_kv":154.0,"vm_pu":0.9999,"va_deg":11.47}},{"type":"Feature","geometry":{"type":"Point","coordinates":[136.41939,36.30592]},"properties":{"name":"chubu junction 36.3059:136.4194:154","vn_kv":154.0,"vm_pu":0.9999,"va_deg":11.47}},{"type":"Feature","geometry":{"type":"Point","coordinates":[137.98402,36.29858]},"properties":{"name":"chubu junction 36.2986:137.984:77","vn_kv":77.0,"vm_pu":1.001,"va_deg":3.67}},{"type":"Feature","geometry":{"type":"Point","coordinates":[137.9815,36.20693]},"properties":{"name":"chubu junction 36.2069:137.9815:77","vn_kv":77.0,"vm_pu":1.0,"va_deg":3.52}},{"type":"Feature","geometry":{"type":"Point","coordinates":[137.94057,36.124]},"properties":{"name":"chubu junction 36.124:137.9406:77","vn_kv":77.0,"vm_pu":0.999,"va_deg":3.48}},{"type":"Feature","geometry":{"type":"Point","coordinates":[137.93099,36.20574]},"properties":{"name":"chubu junction 36.2057:137.931:77","vn_kv":77.0,"vm_pu":0.996,"va_deg":2.37}},{"type":"Feature","geometry":{"type":"Point","coordinates":[137.99395,36.34434]},"properties":{"name":"chubu junction 36.3443:137.994:77","vn_kv":77.0,"vm_pu":1.0051,"va_deg":4.05}},{"type":"Feature","geometry":{"type":"Point","coordinates":[137.89132,36.3583]},"properties":{"name":"chubu junction 36.3583:137.8913:77","vn_kv":77.0,"vm_pu":0.9992,"va_deg":2.26}},{"type":"Feature","geometry":{"type":"Point","coordinates":[138.18916,36.8059]},"properties":{"name":"chubu junction 36.8059:138.1892:77","vn_kv":77.0,"vm_pu":0.9997,"va_deg":2.12}},{"type":"Feature","geometry":{"type":"Point","coordinates":[136.16152,35.93931]},"properties":{"name":"chubu junction 35.9393:136.1615:77","vn_kv":77.0,"vm_pu":0.9989,"va_deg":11.46}},{"type":"Feature","geometry":{"type":"Point","coordinates":[136.19913,35.94901]},"properties":{"name":"chubu junction 35.949:136.1991:154","vn_kv":154.0,"vm_pu":1.0065,"va_deg":12.11}},{"type":"Feature","geometry":{"type":"Point","coordinates":[136.13019,35.99461]},"properties":{"name":"chubu junction 35.9946:136.1302:77","vn_kv":77.0,"vm_pu":1.0006,"va_deg":11.67}},{"type":"Feature","geometry":{"type":"Point","coordinates":[136.21447,35.91909]},"properties":{"name":"chubu junction 35.9191:136.2145:154","vn_kv":154.0,"vm_pu":1.006,"va_deg":12.11}},{"type":"Feature","geometry":{"type":"Point","coordinates":[137.89702,36.21196]},"properties":{"name":"chubu junction 36.212:137.897:77","vn_kv":77.0,"vm_pu":0.9955,"va_deg":2.28}},{"type":"Feature","geometry":{"type":"Point","coordinates":[137.89448,36.29613]},"properties":{"name":"chubu junction 36.2961:137.8945:77","vn_kv":77.0,"vm_pu":0.998,"va_deg":2.11}},{"type":"Feature","geometry":{"type":"Point","coordinates":[137.53558,36.86329]},"properties":{"name":"chubu junction 36.8633:137.5356:154","vn_kv":154.0,"vm_pu":1.0014,"va_deg":13.18}},{"type":"Feature","geometry":{"type":"Point","coordinates":[137.48592,36.85456]},"properties":{"name":"chubu junction 36.8546:137.4859:154","vn_kv":154.0,"vm_pu":1.0012,"va_deg":13.18}},{"type":"Feature","geometry":{"type":"Point","coordinates":[137.43488,36.82619]},"properties":{"name":"chubu junction 36.8262:137.4349:154","vn_kv":154.0,"vm_pu":1.0011,"va_deg":13.17}},{"type":"Feature","geometry":{"type":"Point","coordinates":[137.43666,36.81425]},"properties":{"name":"chubu junction 36.8142:137.4367:154","vn_kv":154.0,"vm_pu":1.0011,"va_deg":13.17}},{"type":"Feature","geometry":{"type":"Point","coordinates":[137.47964,36.89334]},"properties":{"name":"chubu junction 36.8933:137.4796:66","vn_kv":66.0,"vm_pu":0.9995,"va_deg":13.11}},{"type":"Feature","geometry":{"type":"Point","coordinates":[137.5669,36.8451]},"properties":{"name":"chubu junction 36.8451:137.5669:275","vn_kv":275.0,"vm_pu":1.0254,"va_deg":13.86}},{"type":"Feature","geometry":{"type":"Point","coordinates":[137.29738,36.70605]},"properties":{"name":"chubu junction 36.706:137.2974:154","vn_kv":154.0,"vm_pu":1.0007,"va_deg":13.29}},{"type":"Feature","geometry":{"type":"Point","coordinates":[137.84988,36.48857]},"properties":{"name":"chubu junction 36.4886:137.8499:0","vn_kv":66.0,"vm_pu":1.0,"va_deg":0.0}},{"type":"Feature","geometry":{"type":"Point","coordinates":[137.37431,36.69165]},"properties":{"name":"chubu junction 36.6916:137.3743:275","vn_kv":275.0,"vm_pu":1.0264,"va_deg":13.9}},{"type":"Feature","geometry":{"type":"Point","coordinates":[137.58798,36.81072]},"properties":{"name":"chubu junction 36.8107:137.588:154","vn_kv":154.0,"vm_pu":1.0013,"va_deg":13.24}},{"type":"Feature","geometry":{"type":"Point","coordinates":[137.41127,36.73776]},"properties":{"name":"chubu junction 36.7378:137.4113:66","vn_kv":66.0,"vm_pu":1.0052,"va_deg":12.09}},{"type":"Feature","geometry":{"type":"Point","coordinates":[137.43594,36.72672]},"properties":{"name":"chubu junction 36.7267:137.4359:66","vn_kv":66.0,"vm_pu":1.0052,"va_deg":12.09}},{"type":"Feature","geometry":{"type":"Point","coordinates":[137.22978,36.55765]},"properties":{"name":"chubu junction 36.5577:137.2298:154","vn_kv":154.0,"vm_pu":1.0016,"va_deg":13.2}},{"type":"Feature","geometry":{"type":"Point","coordinates":[137.30693,36.73704]},"properties":{"name":"chubu junction 36.737:137.3069:66","vn_kv":66.0,"vm_pu":0.9987,"va_deg":11.66}},{"type":"Feature","geometry":{"type":"Point","coordinates":[137.43432,36.86586]},"properties":{"name":"chubu junction 36.8659:137.4343:66","vn_kv":66.0,"vm_pu":0.9992,"va_deg":12.7}},{"type":"Feature","geometry":{"type":"Point","coordinates":[137.93775,36.20382]},"properties":{"name":"chubu junction 36.2038:137.9378:77","vn_kv":77.0,"vm_pu":0.996,"va_deg":2.37}},{"type":"Feature","geometry":{"type":"Point","coordinates":[137.94545,36.19841]},"properties":{"name":"chubu junction 36.1984:137.9455:77","vn_kv":77.0,"vm_pu":0.996,"va_deg":2.37}},{"type":"Feature","geometry":{"type":"Point","coordinates":[139.05492,35.21012]},"properties":{"name":"chubu junction 35.2101:139.0549:77","vn_kv":77.0,"vm_pu":0.9899,"va_deg":-0.95}},{"type":"Feature","geometry":{"type":"Point","coordinates":[136.98506,35.34453]},"properties":{"name":"chubu junction 35.3445:136.9851:275","vn_kv":275.0,"vm_pu":1.0148,"va_deg":12.21}},{"type":"Feature","geometry":{"type":"Point","coordinates":[138.91073,35.56439]},"properties":{"name":"chubu junction 35.5644:138.9107:154","vn_kv":154.0,"vm_pu":1.0,"va_deg":-0.0}},{"type":"Feature","geometry":{"type":"Point","coordinates":[138.91445,35.55858]},"properties":{"name":"chubu junction 35.5586:138.9145:154","vn_kv":154.0,"vm_pu":1.0,"va_deg":-0.0}},{"type":"Feature","geometry":{"type":"Point","coordinates":[138.91396,35.55908]},"properties":{"name":"chubu junction 35.5591:138.914:154","vn_kv":154.0,"vm_pu":1.0,"va_deg":-0.0}},{"type":"Feature","geometry":{"type":"Point","coordinates":[138.83402,35.4404]},"properties":{"name":"chubu junction 35.4404:138.834:0","vn_kv":66.0,"vm_pu":1.0,"va_deg":0.0}},{"type":"Feature","geometry":{"type":"Point","coordinates":[138.83677,35.44431]},"properties":{"name":"chubu junction 35.4443:138.8368:0","vn_kv":66.0,"vm_pu":1.0,"va_deg":-0.0}},{"type":"Feature","geometry":{"type":"Point","coordinates":[136.59742,35.22716]},"properties":{"name":"chubu junction 35.2272:136.5974:0","vn_kv":66.0,"vm_pu":1.0029,"va_deg":9.58}},{"type":"Feature","geometry":{"type":"Point","coordinates":[137.2261,35.92071]},"properties":{"name":"chubu junction 35.9207:137.2261:0","vn_kv":66.0,"vm_pu":1.0,"va_deg":0.0}},{"type":"Feature","geometry":{"type":"Point","coordinates":[137.24107,35.93546]},"properties":{"name":"chubu junction 35.9355:137.2411:0","vn_kv":66.0,"vm_pu":1.0,"va_deg":-0.0}},{"type":"Feature","geometry":{"type":"Point","coordinates":[137.49367,34.79661]},"properties":{"name":"chubu junction 34.7966:137.4937:0","vn_kv":66.0,"vm_pu":1.0007,"va_deg":14.3}},{"type":"Feature","geometry":{"type":"Point","coordinates":[135.99008,34.9978]},"properties":{"name":"chubu junction 34.9978:135.9901:154","vn_kv":154.0,"vm_pu":1.0042,"va_deg":11.88}},{"type":"Feature","geometry":{"type":"Point","coordinates":[136.01127,35.01061]},"properties":{"name":"chubu junction 35.0106:136.0113:154","vn_kv":154.0,"vm_pu":1.0051,"va_deg":11.89}},{"type":"Feature","geometry":{"type":"Point","coordinates":[136.04672,35.04733]},"properties":{"name":"chubu junction 35.0473:136.0467:154","vn_kv":154.0,"vm_pu":1.0082,"va_deg":11.95}},{"type":"Feature","geometry":{"type":"Point","coordinates":[136.04696,35.05314]},"properties":{"name":"chubu junction 35.0531:136.047:154","vn_kv":154.0,"vm_pu":1.0085,"va_deg":11.96}},{"type":"Feature","geometry":{"type":"Point","coordinates":[136.04721,35.05476]},"properties":{"name":"chubu junction 35.0548:136.0472:154","vn_kv":154.0,"vm_pu":1.0087,"va_deg":11.97}},{"type":"Feature","geometry":{"type":"Point","coordinates":[137.01427,35.46406]},"properties":{"name":"chubu junction 35.4641:137.0143:77","vn_kv":154.0,"vm_pu":1.003,"va_deg":10.51}},{"type":"Feature","geometry":{"type":"Point","coordinates":[136.92757,35.51635]},"properties":{"name":"chubu junction 35.5163:136.9276:154","vn_kv":154.0,"vm_pu":1.0048,"va_deg":10.77}},{"type":"Feature","geometry":{"type":"Point","coordinates":[136.93342,35.41407]},"properties":{"name":"chubu junction 35.4141:136.9334:0","vn_kv":66.0,"vm_pu":1.0,"va_deg":-0.0}},{"type":"Feature","geometry":{"type":"Point","coordinates":[136.88286,35.4068]},"properties":{"name":"chubu junction 35.4068:136.8829:0","vn_kv":66.0,"vm_pu":1.0,"va_deg":0.0}},{"type":"Feature","geometry":{"type":"Point","coordinates":[136.88837,35.40616]},"properties":{"name":"chubu junction 35.4062:136.8884:0","vn_kv":66.0,"vm_pu":1.0,"va_deg":-0.0}},{"type":"Feature","geometry":{"type":"Point","coordinates":[136.82572,35.40645]},"properties":{"name":"chubu junction 35.4064:136.8257:0","vn_kv":66.0,"vm_pu":1.0,"va_deg":-0.0}},{"type":"Feature","geometry":{"type":"Point","coordinates":[136.78718,35.40848]},"properties":{"name":"chubu junction 35.4085:136.7872:0","vn_kv":66.0,"vm_pu":1.0,"va_deg":-0.0}},{"type":"Feature","geometry":{"type":"Point","coordinates":[136.79032,35.40438]},"properties":{"name":"chubu junction 35.4044:136.7903:0","vn_kv":66.0,"vm_pu":1.0,"va_deg":-0.0}},{"type":"Feature","geometry":{"type":"Point","coordinates":[136.63566,35.38046]},"properties":{"name":"chubu junction 35.3805:136.6357:0","vn_kv":66.0,"vm_pu":1.0,"va_deg":0.0}},{"type":"Feature","geometry":{"type":"Point","coordinates":[136.6416,35.3695]},"properties":{"name":"chubu junction 35.3695:136.6416:0","vn_kv":66.0,"vm_pu":1.0,"va_deg":-0.0}},{"type":"Feature","geometry":{"type":"Point","coordinates":[136.64448,35.37743]},"properties":{"name":"chubu junction 35.3774:136.6445:0","vn_kv":66.0,"vm_pu":1.0,"va_deg":0.0}},{"type":"Feature","geometry":{"type":"Point","coordinates":[136.64865,35.37227]},"properties":{"name":"chubu junction 35.3723:136.6487:0","vn_kv":66.0,"vm_pu":1.0,"va_deg":-0.0}},{"type":"Feature","geometry":{"type":"Point","coordinates":[136.6607,35.72456]},"properties":{"name":"chubu junction 35.7246:136.6607:500","vn_kv":500.0,"vm_pu":1.0594,"va_deg":15.83}},{"type":"Feature","geometry":{"type":"Point","coordinates":[139.14285,35.28234]},"properties":{"name":"chubu junction 35.2823:139.1428:66","vn_kv":66.0,"vm_pu":0.9557,"va_deg":-4.77}},{"type":"Feature","geometry":{"type":"Point","coordinates":[138.38038,35.01663]},"properties":{"name":"chubu junction 35.0166:138.3804:110","vn_kv":110.0,"vm_pu":1.0016,"va_deg":11.55}},{"type":"Feature","geometry":{"type":"Point","coordinates":[138.35427,35.02738]},"properties":{"name":"chubu junction 35.0274:138.3543:110","vn_kv":110.0,"vm_pu":1.0023,"va_deg":11.63}},{"type":"Feature","geometry":{"type":"Point","coordinates":[138.35188,35.11345]},"properties":{"name":"chubu junction 35.1135:138.3519:154","vn_kv":154.0,"vm_pu":1.0013,"va_deg":12.54}},{"type":"Feature","geometry":{"type":"Point","coordinates":[138.64269,35.18954]},"properties":{"name":"chubu junction 35.1895:138.6427:0","vn_kv":66.0,"vm_pu":1.0,"va_deg":0.0}},{"type":"Feature","geometry":{"type":"Point","coordinates":[138.64281,35.1894]},"properties":{"name":"chubu junction 35.1894:138.6428:0","vn_kv":66.0,"vm_pu":1.0,"va_deg":-0.0}},{"type":"Feature","geometry":{"type":"Point","coordinates":[137.35602,34.82944]},"properties":{"name":"chubu junction 34.8294:137.356:0","vn_kv":66.0,"vm_pu":0.9906,"va_deg":12.81}},{"type":"Feature","geometry":{"type":"Point","coordinates":[138.32086,34.99468]},"properties":{"name":"chubu junction 34.9947:138.3209:110","vn_kv":110.0,"vm_pu":1.004,"va_deg":11.76}},{"type":"Feature","geometry":{"type":"Point","coordinates":[137.31883,34.78809]},"properties":{"name":"chubu junction 34.7881:137.3188:77","vn_kv":77.0,"vm_pu":0.9945,"va_deg":13.61}},{"type":"Feature","geometry":{"type":"Point","coordinates":[137.31952,34.7887]},"properties":{"name":"chubu junction 34.7887:137.3195:77","vn_kv":77.0,"vm_pu":0.9945,"va_deg":13.61}},{"type":"Feature","geometry":{"type":"Point","coordinates":[137.26941,34.87859]},"properties":{"name":"chubu junction 34.8786:137.2694:0","vn_kv":66.0,"vm_pu":1.0089,"va_deg":14.99}},{"type":"Feature","geometry":{"type":"Point","coordinates":[137.27398,34.91252]},"properties":{"name":"chubu junction 34.9125:137.274:0","vn_kv":66.0,"vm_pu":1.0089,"va_deg":14.99}},{"type":"Feature","geometry":{"type":"Point","coordinates":[137.37267,34.85169]},"properties":{"name":"chubu junction 34.8517:137.3727:77","vn_kv":77.0,"vm_pu":0.9909,"va_deg":12.78}},{"type":"Feature","geometry":{"type":"Point","coordinates":[137.26929,34.87897]},"properties":{"name":"chubu junction 34.879:137.2693:0","vn_kv":66.0,"vm_pu":1.0089,"va_deg":14.99}},{"type":"Feature","geometry":{"type":"Point","coordinates":[137.39006,34.84787]},"properties":{"name":"chubu junction 34.8479:137.3901:0","vn_kv":66.0,"vm_pu":0.9937,"va_deg":13.19}},{"type":"Feature","geometry":{"type":"Point","coordinates":[137.38838,34.85022]},"properties":{"name":"chubu junction 34.8502:137.3884:0","vn_kv":66.0,"vm_pu":0.9937,"va_deg":13.19}},{"type":"Feature","geometry":{"type":"Point","coordinates":[137.41346,34.86707]},"properties":{"name":"chubu junction 34.8671:137.4135:154","vn_kv":154.0,"vm_pu":0.9994,"va_deg":14.06}},{"type":"Feature","geometry":{"type":"Point","coordinates":[137.27693,34.82427]},"properties":{"name":"chubu junction 34.8243:137.2769:77","vn_kv":77.0,"vm_pu":0.9964,"va_deg":13.65}},{"type":"Feature","geometry":{"type":"Point","coordinates":[137.43704,34.85056]},"properties":{"name":"chubu junction 34.8506:137.437:0","vn_kv":66.0,"vm_pu":1.0188,"va_deg":15.36}},{"type":"Feature","geometry":{"type":"Point","coordinates":[136.10573,34.99775]},"properties":{"name":"chubu junction 34.9977:136.1057:154","vn_kv":154.0,"vm_pu":1.0079,"va_deg":11.94}},{"type":"Feature","geometry":{"type":"Point","coordinates":[136.08142,35.01369]},"properties":{"name":"chubu junction 35.0137:136.0814:154","vn_kv":154.0,"vm_pu":1.007,"va_deg":11.92}},{"type":"Feature","geometry":{"type":"Point","coordinates":[138.4147,34.98058]},"properties":{"name":"chubu junction 34.9806:138.4147:110","vn_kv":110.0,"vm_pu":1.0058,"va_deg":11.63}},{"type":"Feature","geometry":{"type":"Point","coordinates":[138.62816,35.21001]},"properties":{"name":"chubu junction 35.21:138.6282:0","vn_kv":66.0,"vm_pu":1.0,"va_deg":0.0}},{"type":"Feature","geometry":{"type":"Point","coordinates":[138.62752,35.21112]},"properties":{"name":"chubu junction 35.2111:138.6275:0","vn_kv":66.0,"vm_pu":1.0,"va_deg":-0.0}},{"type":"Feature","geometry":{"type":"Point","coordinates":[138.63015,35.20021]},"properties":{"name":"chubu junction 35.2002:138.6302:0","vn_kv":66.0,"vm_pu":1.0,"va_deg":-0.0}},{"type":"Feature","geometry":{"type":"Point","coordinates":[138.62457,35.20822]},"properties":{"name":"chubu junction 35.2082:138.6246:0","vn_kv":66.0,"vm_pu":1.0,"va_deg":-0.0}},{"type":"Feature","geometry":{"type":"Point","coordinates":[137.52766,34.71266]},"properties":{"name":"chubu junction 34.7127:137.5277:77","vn_kv":77.0,"vm_pu":0.9998,"va_deg":15.27}},{"type":"Feature","geometry":{"type":"Point","coordinates":[137.54067,34.6955]},"properties":{"name":"chubu junction 34.6955:137.5407:77","vn_kv":77.0,"vm_pu":0.9999,"va_deg":15.38}},{"type":"Feature","geometry":{"type":"Point","coordinates":[137.53466,34.72264]},"properties":{"name":"chubu junction 34.7226:137.5347:66","vn_kv":66.0,"vm_pu":0.9912,"va_deg":14.04}},{"type":"Feature","geometry":{"type":"Point","coordinates":[137.55123,34.70872]},"properties":{"name":"chubu junction 34.7087:137.5512:66","vn_kv":66.0,"vm_pu":0.9912,"va_deg":14.05}},{"type":"Feature","geometry":{"type":"Point","coordinates":[137.55353,34.70955]},"properties":{"name":"chubu junction 34.7095:137.5535:66","vn_kv":66.0,"vm_pu":0.9912,"va_deg":14.05}},{"type":"Feature","geometry":{"type":"Point","coordinates":[137.51661,34.71023]},"properties":{"name":"chubu junction 34.7102:137.5166:77","vn_kv":77.0,"vm_pu":0.9998,"va_deg":15.3}},{"type":"Feature","geometry":{"type":"Point","coordinates":[137.51791,34.70425]},"properties":{"name":"chubu junction 34.7043:137.5179:77","vn_kv":77.0,"vm_pu":0.9999,"va_deg":15.33}},{"type":"Feature","geometry":{"type":"Point","coordinates":[137.51952,34.70462]},"properties":{"name":"chubu junction 34.7046:137.5195:77","vn_kv":77.0,"vm_pu":0.9999,"va_deg":15.33}},{"type":"Feature","geometry":{"type":"Point","coordinates":[137.49123,34.71348]},"properties":{"name":"chubu junction 34.7135:137.4912:77","vn_kv":77.0,"vm_pu":0.9995,"va_deg":15.26}},{"type":"Feature","geometry":{"type":"Point","coordinates":[137.48502,34.70682]},"properties":{"name":"chubu junction 34.7068:137.485:77","vn_kv":77.0,"vm_pu":0.9995,"va_deg":15.26}},{"type":"Feature","geometry":{"type":"Point","coordinates":[137.42414,34.70738]},"properties":{"name":"chubu junction 34.7074:137.4241:77","vn_kv":77.0,"vm_pu":0.9983,"va_deg":15.08}},{"type":"Feature","geometry":{"type":"Point","coordinates":[137.39081,34.71368]},"properties":{"name":"chubu junction 34.7137:137.3908:77","vn_kv":77.0,"vm_pu":0.9956,"va_deg":14.66}},{"type":"Feature","geometry":{"type":"Point","coordinates":[137.05614,34.60161]},"properties":{"name":"chubu junction 34.6016:137.0561:77","vn_kv":77.0,"vm_pu":0.9844,"va_deg":12.67}},{"type":"Feature","geometry":{"type":"Point","coordinates":[137.29351,34.67491]},"properties":{"name":"chubu junction 34.6749:137.2935:77","vn_kv":77.0,"vm_pu":0.9957,"va_deg":13.71}},{"type":"Feature","geometry":{"type":"Point","coordinates":[137.2861,34.68215]},"properties":{"name":"chubu junction 34.6821:137.2861:77","vn_kv":77.0,"vm_pu":0.996,"va_deg":13.71}},{"type":"Feature","geometry":{"type":"Point","coordinates":[137.24546,34.70297]},"properties":{"name":"chubu junction 34.703:137.2455:77","vn_kv":77.0,"vm_pu":0.996,"va_deg":13.71}},{"type":"Feature","geometry":{"type":"Point","coordinates":[137.4072,34.72749]},"properties":{"name":"chubu junction 34.7275:137.4072:77","vn_kv":77.0,"vm_pu":0.9955,"va_deg":15.19}},{"type":"Feature","geometry":{"type":"Point","coordinates":[137.39614,34.77193]},"properties":{"name":"chubu junction 34.7719:137.3961:77","vn_kv":77.0,"vm_pu":0.9925,"va_deg":13.65}},{"type":"Feature","geometry":{"type":"Point","coordinates":[137.48971,34.72753]},"properties":{"name":"chubu junction 34.7275:137.4897:77","vn_kv":77.0,"vm_pu":1.0,"va_deg":15.37}},{"type":"Feature","geometry":{"type":"Point","coordinates":[137.54524,34.92329]},"properties":{"name":"chubu junction 34.9233:137.5452:77","vn_kv":77.0,"vm_pu":1.0063,"va_deg":14.19}},{"type":"Feature","geometry":{"type":"Point","coordinates":[137.39663,34.84392]},"properties":{"name":"chubu junction 34.8439:137.3966:0","vn_kv":66.0,"vm_pu":0.9956,"va_deg":13.44}},{"type":"Feature","geometry":{"type":"Point","coordinates":[137.41271,34.83249]},"properties":{"name":"chubu junction 34.8325:137.4127:0","vn_kv":66.0,"vm_pu":1.001,"va_deg":14.13}},{"type":"Feature","geometry":{"type":"Point","coordinates":[137.45626,34.88474]},"properties":{"name":"chubu junction 34.8847:137.4563:0","vn_kv":66.0,"vm_pu":1.022,"va_deg":15.47}},{"type":"Feature","geometry":{"type":"Point","coordinates":[137.41404,34.86192]},"properties":{"name":"chubu junction 34.8619:137.414:154","vn_kv":154.0,"vm_pu":0.9994,"va_deg":14.06}},{"type":"Feature","geometry":{"type":"Point","coordinates":[137.41398,34.86179]},"properties":{"name":"chubu junction 34.8618:137.414:0","vn_kv":66.0,"vm_pu":0.9956,"va_deg":13.44}},{"type":"Feature","geometry":{"type":"Point","coordinates":[137.46841,34.87901]},"properties":{"name":"chubu junction 34.879:137.4684:77","vn_kv":77.0,"vm_pu":1.0013,"va_deg":17.77}},{"type":"Feature","geometry":{"type":"Point","coordinates":[136.14616,34.63913]},"properties":{"name":"chubu junction 34.6391:136.1462:77","vn_kv":77.0,"vm_pu":0.9782,"va_deg":15.85}},{"type":"Feature","geometry":{"type":"Point","coordinates":[137.87101,34.74914]},"properties":{"name":"chubu junction 34.7491:137.871:77","vn_kv":77.0,"vm_pu":0.9988,"va_deg":14.9}},{"type":"Feature","geometry":{"type":"Point","coordinates":[137.8627,34.74201]},"properties":{"name":"chubu junction 34.742:137.8627:77","vn_kv":77.0,"vm_pu":0.9985,"va_deg":14.89}},{"type":"Feature","geometry":{"type":"Point","coordinates":[137.91938,34.756]},"properties":{"name":"chubu junction 34.756:137.9194:77","vn_kv":77.0,"vm_pu":0.9998,"va_deg":14.9}},{"type":"Feature","geometry":{"type":"Point","coordinates":[137.92693,34.81855]},"properties":{"name":"chubu junction 34.8186:137.9269:77","vn_kv":77.0,"vm_pu":1.0193,"va_deg":15.47}},{"type":"Feature","geometry":{"type":"Point","coordinates":[137.96385,34.74296]},"properties":{"name":"chubu junction 34.743:137.9638:0","vn_kv":66.0,"vm_pu":0.9917,"va_deg":15.83}},{"type":"Feature","geometry":{"type":"Point","coordinates":[137.96056,34.74562]},"properties":{"name":"chubu junction 34.7456:137.9606:0","vn_kv":66.0,"vm_pu":0.9917,"va_deg":15.83}},{"type":"Feature","geometry":{"type":"Point","coordinates":[137.95964,34.74825]},"properties":{"name":"chubu junction 34.7483:137.9596:0","vn_kv":66.0,"vm_pu":0.9917,"va_deg":15.83}},{"type":"Feature","geometry":{"type":"Point","coordinates":[137.97219,34.74895]},"properties":{"name":"chubu junction 34.749:137.9722:0","vn_kv":66.0,"vm_pu":0.9999,"va_deg":15.04}},{"type":"Feature","geometry":{"type":"Point","coordinates":[137.87409,34.69578]},"properties":{"name":"chubu junction 34.6958:137.8741:77","vn_kv":77.0,"vm_pu":0.9989,"va_deg":14.99}},{"type":"Feature","geometry":{"type":"Point","coordinates":[137.88931,34.74166]},"properties":{"name":"chubu junction 34.7417:137.8893:77","vn_kv":77.0,"vm_pu":0.9994,"va_deg":14.95}},{"type":"Feature","geometry":{"type":"Point","coordinates":[137.86811,34.78383]},"properties":{"name":"chubu junction 34.7838:137.8681:77","vn_kv":77.0,"vm_pu":1.0022,"va_deg":15.24}},{"type":"Feature","geometry":{"type":"Point","coordinates":[137.83534,34.7314]},"properties":{"name":"chubu junction 34.7314:137.8353:77","vn_kv":77.0,"vm_pu":0.9978,"va_deg":14.9}},{"type":"Feature","geometry":{"type":"Point","coordinates":[137.87355,34.74791]},"properties":{"name":"chubu junction 34.7479:137.8736:77","vn_kv":77.0,"vm_pu":0.9988,"va_deg":14.9}},{"type":"Feature","geometry":{"type":"Point","coordinates":[137.38406,34.70651]},"properties":{"name":"chubu junction 34.7065:137.3841:154","vn_kv":154.0,"vm_pu":1.0,"va_deg":14.62}},{"type":"Feature","geometry":{"type":"Point","coordinates":[137.31231,34.78711]},"properties":{"name":"chubu junction 34.7871:137.3123:77","vn_kv":77.0,"vm_pu":0.9946,"va_deg":13.61}},{"type":"Feature","geometry":{"type":"Point","coordinates":[137.3124,34.78591]},"properties":{"name":"chubu junction 34.7859:137.3124:77","vn_kv":77.0,"vm_pu":0.9946,"va_deg":13.61}},{"type":"Feature","geometry":{"type":"Point","coordinates":[137.81063,34.89098]},"properties":{"name":"chubu junction 34.891:137.8106:275","vn_kv":275.0,"vm_pu":1.0161,"va_deg":15.58}},{"type":"Feature","geometry":{"type":"Point","coordinates":[137.42823,34.85868]},"properties":{"name":"chubu junction 34.8587:137.4282:0","vn_kv":66.0,"vm_pu":1.0188,"va_deg":15.36}},{"type":"Feature","geometry":{"type":"Point","coordinates":[136.10164,34.65965]},"properties":{"name":"chubu junction 34.6596:136.1016:77","vn_kv":77.0,"vm_pu":0.9756,"va_deg":15.16}},{"type":"Feature","geometry":{"type":"Point","coordinates":[136.35266,34.67419]},"properties":{"name":"chubu junction 34.6742:136.3527:77","vn_kv":77.0,"vm_pu":0.9853,"va_deg":19.1}},{"type":"Feature","geometry":{"type":"Point","coordinates":[136.18884,34.67036]},"properties":{"name":"chubu junction 34.6704:136.1888:77","vn_kv":77.0,"vm_pu":0.9822,"va_deg":16.63}},{"type":"Feature","geometry":{"type":"Point","coordinates":[136.18694,34.6713]},"properties":{"name":"chubu junction 34.6713:136.1869:77","vn_kv":77.0,"vm_pu":0.9822,"va_deg":16.63}},{"type":"Feature","geometry":{"type":"Point","coordinates":[136.51437,34.68027]},"properties":{"name":"chubu junction 34.6803:136.5144:77","vn_kv":77.0,"vm_pu":0.9615,"va_deg":25.54}},{"type":"Feature","geometry":{"type":"Point","coordinates":[136.51882,34.67935]},"properties":{"name":"chubu junction 34.6793:136.5188:77","vn_kv":77.0,"vm_pu":0.9615,"va_deg":25.54}},{"type":"Feature","geometry":{"type":"Point","coordinates":[136.53482,34.67456]},"properties":{"name":"chubu junction 34.6746:136.5348:77","vn_kv":77.0,"vm_pu":0.9615,"va_deg":25.54}},{"type":"Feature","geometry":{"type":"Point","coordinates":[136.53688,34.66905]},"properties":{"name":"chubu junction 34.669:136.5369:77","vn_kv":77.0,"vm_pu":0.9615,"va_deg":25.54}},{"type":"Feature","geometry":{"type":"Point","coordinates":[136.49079,34.6858]},"properties":{"name":"chubu junction 34.6858:136.4908:77","vn_kv":77.0,"vm_pu":0.962,"va_deg":25.4}},{"type":"Feature","geometry":{"type":"Point","coordinates":[136.49224,34.68489]},"properties":{"name":"chubu junction 34.6849:136.4922:77","vn_kv":77.0,"vm_pu":0.9615,"va_deg":25.54}},{"type":"Feature","geometry":{"type":"Point","coordinates":[136.59331,34.87636]},"properties":{"name":"chubu junction 34.8764:136.5933:0","vn_kv":66.0,"vm_pu":0.9951,"va_deg":15.7}},{"type":"Feature","geometry":{"type":"Point","coordinates":[136.59091,34.87126]},"properties":{"name":"chubu junction 34.8713:136.5909:0","vn_kv":66.0,"vm_pu":0.9951,"va_deg":15.7}},{"type":"Feature","geometry":{"type":"Point","coordinates":[136.59316,34.86928]},"properties":{"name":"chubu junction 34.8693:136.5932:0","vn_kv":66.0,"vm_pu":0.9951,"va_deg":15.7}},{"type":"Feature","geometry":{"type":"Point","coordinates":[136.38743,36.08058]},"properties":{"name":"chubu junction 36.0806:136.3874:77","vn_kv":77.0,"vm_pu":0.9957,"va_deg":10.75}},{"type":"Feature","geometry":{"type":"Point","coordinates":[139.04353,35.25579]},"properties":{"name":"chubu junction 35.2558:139.0435:0","vn_kv":66.0,"vm_pu":1.0,"va_deg":0.0}},{"type":"Feature","geometry":{"type":"Point","coordinates":[139.04313,35.25396]},"properties":{"name":"chubu junction 35.254:139.0431:0","vn_kv":66.0,"vm_pu":1.0,"va_deg":-0.0}},{"type":"Feature","geometry":{"type":"Point","coordinates":[139.04862,35.25834]},"properties":{"name":"chubu junction 35.2583:139.0486:0","vn_kv":66.0,"vm_pu":1.0,"va_deg":0.0}},{"type":"Feature","geometry":{"type":"Point","coordinates":[139.04744,35.25524]},"properties":{"name":"chubu junction 35.2552:139.0474:0","vn_kv":66.0,"vm_pu":1.0,"va_deg":-0.0}},{"type":"Feature","geometry":{"type":"Point","coordinates":[139.06087,35.2506]},"properties":{"name":"chubu junction 35.2506:139.0609:0","vn_kv":66.0,"vm_pu":1.0,"va_deg":-0.0}},{"type":"Feature","geometry":{"type":"Point","coordinates":[139.05967,35.24767]},"properties":{"name":"chubu junction 35.2477:139.0597:0","vn_kv":66.0,"vm_pu":1.0,"va_deg":-0.0}},{"type":"Feature","geometry":{"type":"Point","coordinates":[137.34849,34.80196]},"properties":{"name":"chubu junction 34.802:137.3485:77","vn_kv":77.0,"vm_pu":0.9928,"va_deg":13.54}},{"type":"Feature","geometry":{"type":"Point","coordinates":[137.34855,34.80482]},"properties":{"name":"chubu junction 34.8048:137.3486:77","vn_kv":77.0,"vm_pu":0.9928,"va_deg":13.54}},{"type":"Feature","geometry":{"type":"Point","coordinates":[137.34812,34.80417]},"properties":{"name":"chubu junction 34.8042:137.3481:77","vn_kv":77.0,"vm_pu":0.9928,"va_deg":13.54}},{"type":"Feature","geometry":{"type":"Point","coordinates":[138.20389,36.02242]},"properties":{"name":"chubu junction 36.0224:138.2039:0","vn_kv":66.0,"vm_pu":1.0,"va_deg":0.0}},{"type":"Feature","geometry":{"type":"Point","coordinates":[138.20565,36.03452]},"properties":{"name":"chubu junction 36.0345:138.2057:0","vn_kv":66.0,"vm_pu":1.0,"va_deg":-0.0}},{"type":"Feature","geometry":{"type":"Point","coordinates":[139.0899,35.3489]},"properties":{"name":"chubu junction 35.3489:139.0899:0","vn_kv":66.0,"vm_pu":1.0,"va_deg":-0.0}},{"type":"Feature","geometry":{"type":"Point","coordinates":[139.09926,35.34677]},"properties":{"name":"chubu junction 35.3468:139.0993:0","vn_kv":66.0,"vm_pu":1.0,"va_deg":0.0}},{"type":"Feature","geometry":{"type":"Point","coordinates":[139.10801,35.3499]},"properties":{"name":"chubu junction 35.3499:139.108:0","vn_kv":66.0,"vm_pu":1.0,"va_deg":-0.0}},{"type":"Feature","geometry":{"type":"Point","coordinates":[139.18981,35.28088]},"properties":{"name":"chubu junction 35.2809:139.1898:66","vn_kv":66.0,"vm_pu":1.0,"va_deg":0.0}},{"type":"Feature","geometry":{"type":"Point","coordinates":[139.09898,35.34684]},"properties":{"name":"chubu junction 35.3468:139.099:0","vn_kv":66.0,"vm_pu":1.0,"va_deg":-0.0}},{"type":"Feature","geometry":{"type":"Point","coordinates":[139.12843,35.33217]},"properties":{"name":"chubu junction 35.3322:139.1284:0","vn_kv":66.0,"vm_pu":1.0,"va_deg":0.0}},{"type":"Feature","geometry":{"type":"Point","coordinates":[139.12757,35.33262]},"properties":{"name":"chubu junction 35.3326:139.1276:0","vn_kv":66.0,"vm_pu":1.0,"va_deg":-0.0}},{"type":"Feature","geometry":{"type":"Point","coordinates":[139.1898,35.28098]},"properties":{"name":"chubu junction 35.281:139.1898:66","vn_kv":66.0,"vm_pu":1.0,"va_deg":-0.0}},{"type":"Feature","geometry":{"type":"Point","coordinates":[139.16752,35.27556]},"properties":{"name":"chubu junction 35.2756:139.1675:66","vn_kv":66.0,"vm_pu":0.955,"va_deg":-4.83}},{"type":"Feature","geometry":{"type":"Point","coordinates":[139.1282,35.33129]},"properties":{"name":"chubu junction 35.3313:139.1282:0","vn_kv":66.0,"vm_pu":1.0,"va_deg":-0.0}},{"type":"Feature","geometry":{"type":"Point","coordinates":[139.127,35.33085]},"properties":{"name":"chubu junction 35.3309:139.127:0","vn_kv":66.0,"vm_pu":1.0,"va_deg":0.0}},{"type":"Feature","geometry":{"type":"Point","coordinates":[138.69093,35.68744]},"properties":{"name":"chubu junction 35.6874:138.6909:0","vn_kv":66.0,"vm_pu":1.0,"va_deg":0.0}},{"type":"Feature","geometry":{"type":"Point","coordinates":[138.69232,35.68819]},"properties":{"name":"chubu junction 35.6882:138.6923:0","vn_kv":66.0,"vm_pu":1.0,"va_deg":-0.0}},{"type":"Feature","geometry":{"type":"Point","coordinates":[138.72095,35.70491]},"properties":{"name":"chubu junction 35.7049:138.7209:0","vn_kv":66.0,"vm_pu":1.0,"va_deg":0.0}},{"type":"Feature","geometry":{"type":"Point","coordinates":[138.71899,35.71283]},"properties":{"name":"chubu junction 35.7128:138.719:0","vn_kv":66.0,"vm_pu":1.0,"va_deg":-0.0}},{"type":"Feature","geometry":{"type":"Point","coordinates":[136.48798,34.82209]},"properties":{"name":"chubu junction 34.8221:136.488:77","vn_kv":77.0,"vm_pu":0.9956,"va_deg":13.98}},{"type":"Feature","geometry":{"type":"Point","coordinates":[136.51826,34.83695]},"properties":{"name":"chubu junction 34.8369:136.5183:77","vn_kv":154.0,"vm_pu":0.9986,"va_deg":12.8}},{"type":"Feature","geometry":{"type":"Point","coordinates":[136.49422,34.78439]},"properties":{"name":"chubu junction 34.7844:136.4942:77","vn_kv":77.0,"vm_pu":0.9872,"va_deg":15.93}},{"type":"Feature","geometry":{"type":"Point","coordinates":[136.42329,34.77902]},"properties":{"name":"chubu junction 34.779:136.4233:77","vn_kv":77.0,"vm_pu":0.9838,"va_deg":17.03}},{"type":"Feature","geometry":{"type":"Point","coordinates":[137.39359,34.74818]},"properties":{"name":"chubu junction 34.7482:137.3936:77","vn_kv":77.0,"vm_pu":0.9955,"va_deg":15.19}},{"type":"Feature","geometry":{"type":"Point","coordinates":[137.35922,34.7051]},"properties":{"name":"chubu junction 34.7051:137.3592:0","vn_kv":66.0,"vm_pu":0.9999,"va_deg":14.63}},{"type":"Feature","geometry":{"type":"Point","coordinates":[137.35926,34.70757]},"properties":{"name":"chubu junction 34.7076:137.3593:0","vn_kv":66.0,"vm_pu":0.9999,"va_deg":14.63}},{"type":"Feature","geometry":{"type":"Point","coordinates":[138.02586,34.78048]},"properties":{"name":"chubu junction 34.7805:138.0259:77","vn_kv":77.0,"vm_pu":1.0102,"va_deg":15.58}},{"type":"Feature","geometry":{"type":"Point","coordinates":[137.43432,34.8801]},"properties":{"name":"chubu junction 34.8801:137.4343:0","vn_kv":66.0,"vm_pu":1.0,"va_deg":0.0}},{"type":"Feature","geometry":{"type":"Point","coordinates":[137.44063,34.88002]},"properties":{"name":"chubu junction 34.88:137.4406:0","vn_kv":66.0,"vm_pu":1.0,"va_deg":-0.0}},{"type":"Feature","geometry":{"type":"Point","coordinates":[137.44477,34.87988]},"properties":{"name":"chubu junction 34.8799:137.4448:0","vn_kv":66.0,"vm_pu":1.022,"va_deg":15.47}},{"type":"Feature","geometry":{"type":"Point","coordinates":[137.45314,34.88348]},"properties":{"name":"chubu junction 34.8835:137.4531:0","vn_kv":66.0,"vm_pu":1.022,"va_deg":15.47}},{"type":"Feature","geometry":{"type":"Point","coordinates":[136.28003,34.75847]},"properties":{"name":"chubu junction 34.7585:136.28:77","vn_kv":77.0,"vm_pu":0.9773,"va_deg":17.4}},{"type":"Feature","geometry":{"type":"Point","coordinates":[136.19665,34.76198]},"properties":{"name":"chubu junction 34.762:136.1967:77","vn_kv":77.0,"vm_pu":0.9894,"va_deg":17.23}},{"type":"Feature","geometry":{"type":"Point","coordinates":[136.16651,34.76387]},"properties":{"name":"chubu junction 34.7639:136.1665:77","vn_kv":77.0,"vm_pu":0.993,"va_deg":17.19}},{"type":"Feature","geometry":{"type":"Point","coordinates":[136.16602,34.76367]},"properties":{"name":"chubu junction 34.7637:136.166:77","vn_kv":77.0,"vm_pu":0.993,"va_deg":17.18}},{"type":"Feature","geometry":{"type":"Point","coordinates":[136.36252,34.66129]},"properties":{"name":"chubu junction 34.6613:136.3625:77","vn_kv":77.0,"vm_pu":0.9878,"va_deg":19.29}},{"type":"Feature","geometry":{"type":"Point","coordinates":[136.36828,34.65987]},"properties":{"name":"chubu junction 34.6599:136.3683:77","vn_kv":77.0,"vm_pu":0.9878,"va_deg":19.29}},{"type":"Feature","geometry":{"type":"Point","coordinates":[136.51429,34.68119]},"properties":{"name":"chubu junction 34.6812:136.5143:77","vn_kv":77.0,"vm_pu":0.9615,"va_deg":25.54}},{"type":"Feature","geometry":{"type":"Point","coordinates":[136.53994,34.58722]},"properties":{"name":"chubu junction 34.5872:136.5399:77","vn_kv":77.0,"vm_pu":0.95,"va_deg":28.86}},{"type":"Feature","geometry":{"type":"Point","coordinates":[136.4445,34.68113]},"properties":{"name":"chubu junction 34.6811:136.4445:77","vn_kv":77.0,"vm_pu":0.9748,"va_deg":19.82}},{"type":"Feature","geometry":{"type":"Point","coordinates":[136.54033,34.67213]},"properties":{"name":"chubu junction 34.6721:136.5403:77","vn_kv":77.0,"vm_pu":0.9615,"va_deg":25.54}},{"type":"Feature","geometry":{"type":"Point","coordinates":[136.5405,34.67349]},"properties":{"name":"chubu junction 34.6735:136.5405:77","vn_kv":77.0,"vm_pu":0.9615,"va_deg":25.54}},{"type":"Feature","geometry":{"type":"Point","coordinates":[136.54163,34.67161]},"properties":{"name":"chubu junction 34.6716:136.5416:77","vn_kv":77.0,"vm_pu":0.9615,"va_deg":25.54}},{"type":"Feature","geometry":{"type":"Point","coordinates":[136.51691,34.68914]},"properties":{"name":"chubu junction 34.6891:136.5169:77","vn_kv":77.0,"vm_pu":0.9615,"va_deg":25.54}},{"type":"Feature","geometry":{"type":"Point","coordinates":[138.22185,34.85136]},"properties":{"name":"chubu junction 34.8514:138.2218:154","vn_kv":154.0,"vm_pu":1.0041,"va_deg":15.95}},{"type":"Feature","geometry":{"type":"Point","coordinates":[138.22996,34.85384]},"properties":{"name":"chubu junction 34.8538:138.23:154","vn_kv":154.0,"vm_pu":1.004,"va_deg":15.95}},{"type":"Feature","geometry":{"type":"Point","coordinates":[138.23517,34.827]},"properties":{"name":"chubu junction 34.827:138.2352:154","vn_kv":154.0,"vm_pu":1.0017,"va_deg":16.08}},{"type":"Feature","geometry":{"type":"Point","coordinates":[136.16012,34.72399]},"properties":{"name":"chubu junction 34.724:136.1601:77","vn_kv":77.0,"vm_pu":0.9904,"va_deg":17.08}},{"type":"Feature","geometry":{"type":"Point","coordinates":[136.14605,34.74073]},"properties":{"name":"chubu junction 34.7407:136.146:77","vn_kv":77.0,"vm_pu":0.9928,"va_deg":17.12}},{"type":"Feature","geometry":{"type":"Point","coordinates":[136.17255,34.73117]},"properties":{"name":"chubu junction 34.7312:136.1725:77","vn_kv":77.0,"vm_pu":0.9904,"va_deg":17.08}},{"type":"Feature","geometry":{"type":"Point","coordinates":[136.15823,34.76493]},"properties":{"name":"chubu junction 34.7649:136.1582:77","vn_kv":77.0,"vm_pu":0.993,"va_deg":17.18}},{"type":"Feature","geometry":{"type":"Point","coordinates":[136.15278,34.7654]},"properties":{"name":"chubu junction 34.7654:136.1528:77","vn_kv":77.0,"vm_pu":0.993,"va_deg":17.18}},{"type":"Feature","geometry":{"type":"Point","coordinates":[136.15739,34.76287]},"properties":{"name":"chubu junction 34.7629:136.1574:77","vn_kv":77.0,"vm_pu":0.993,"va_deg":17.18}},{"type":"Feature","geometry":{"type":"Point","coordinates":[136.1214,34.75342]},"properties":{"name":"chubu junction 34.7534:136.1214:77","vn_kv":77.0,"vm_pu":0.9953,"va_deg":17.13}},{"type":"Feature","geometry":{"type":"Point","coordinates":[136.12356,34.76474]},"properties":{"name":"chubu junction 34.7647:136.1236:77","vn_kv":77.0,"vm_pu":0.9953,"va_deg":17.13}},{"type":"Feature","geometry":{"type":"Point","coordinates":[136.20069,34.77041]},"properties":{"name":"chubu junction 34.7704:136.2007:77","vn_kv":77.0,"vm_pu":0.9894,"va_deg":17.23}},{"type":"Feature","geometry":{"type":"Point","coordinates":[136.33688,34.67345]},"properties":{"name":"chubu junction 34.6735:136.3369:66","vn_kv":66.0,"vm_pu":0.9649,"va_deg":15.68}},{"type":"Feature","geometry":{"type":"Point","coordinates":[136.18175,34.78453]},"properties":{"name":"chubu junction 34.7845:136.1817:77","vn_kv":77.0,"vm_pu":0.997,"va_deg":17.18}},{"type":"Feature","geometry":{"type":"Point","coordinates":[136.19753,34.79533]},"properties":{"name":"chubu junction 34.7953:136.1975:77","vn_kv":77.0,"vm_pu":0.9969,"va_deg":17.01}},{"type":"Feature","geometry":{"type":"Point","coordinates":[136.19657,34.79641]},"properties":{"name":"chubu junction 34.7964:136.1966:77","vn_kv":77.0,"vm_pu":0.9969,"va_deg":17.01}},{"type":"Feature","geometry":{"type":"Point","coordinates":[136.19945,34.81035]},"properties":{"name":"chubu junction 34.8103:136.1995:77","vn_kv":77.0,"vm_pu":0.9968,"va_deg":17.0}},{"type":"Feature","geometry":{"type":"Point","coordinates":[136.198,34.81532]},"properties":{"name":"chubu junction 34.8153:136.198:77","vn_kv":77.0,"vm_pu":0.9968,"va_deg":17.0}},{"type":"Feature","geometry":{"type":"Point","coordinates":[136.19784,34.81587]},"properties":{"name":"chubu junction 34.8159:136.1978:77","vn_kv":77.0,"vm_pu":0.9968,"va_deg":17.0}},{"type":"Feature","geometry":{"type":"Point","coordinates":[136.20478,34.81182]},"properties":{"name":"chubu junction 34.8118:136.2048:77","vn_kv":77.0,"vm_pu":0.9968,"va_deg":17.0}},{"type":"Feature","geometry":{"type":"Point","coordinates":[136.18258,34.81388]},"properties":{"name":"chubu junction 34.8139:136.1826:77","vn_kv":77.0,"vm_pu":0.9968,"va_deg":17.0}},{"type":"Feature","geometry":{"type":"Point","coordinates":[136.13393,34.78818]},"properties":{"name":"chubu junction 34.7882:136.1339:77","vn_kv":77.0,"vm_pu":1.0,"va_deg":17.36}},{"type":"Feature","geometry":{"type":"Point","coordinates":[136.11964,34.78228]},"properties":{"name":"chubu junction 34.7823:136.1196:77","vn_kv":77.0,"vm_pu":1.0,"va_deg":17.36}},{"type":"Feature","geometry":{"type":"Point","coordinates":[136.12253,34.79155]},"properties":{"name":"chubu junction 34.7916:136.1225:77","vn_kv":77.0,"vm_pu":1.0,"va_deg":17.36}},{"type":"Feature","geometry":{"type":"Point","coordinates":[137.9043,34.75023]},"properties":{"name":"chubu junction 34.7502:137.9043:77","vn_kv":77.0,"vm_pu":0.9991,"va_deg":14.88}},{"type":"Feature","geometry":{"type":"Point","coordinates":[137.8575,36.65078]},"properties":{"name":"chubu junction 36.6508:137.8575:0","vn_kv":66.0,"vm_pu":0.9989,"va_deg":1.87}},{"type":"Feature","geometry":{"type":"Point","coordinates":[137.89561,36.41564]},"properties":{"name":"chubu junction 36.4156:137.8956:0","vn_kv":66.0,"vm_pu":1.0,"va_deg":3.29}},{"type":"Feature","geometry":{"type":"Point","coordinates":[137.89512,36.38571]},"properties":{"name":"chubu junction 36.3857:137.8951:0","vn_kv":66.0,"vm_pu":1.0,"va_deg":3.29}},{"type":"Feature","geometry":{"type":"Point","coordinates":[137.87653,36.47631]},"properties":{"name":"chubu junction 36.4763:137.8765:0","vn_kv":66.0,"vm_pu":0.9999,"va_deg":3.1}},{"type":"Feature","geometry":{"type":"Point","coordinates":[137.92444,36.4389]},"properties":{"name":"chubu junction 36.4389:137.9244:0","vn_kv":66.0,"vm_pu":1.0,"va_deg":-0.0}},{"type":"Feature","geometry":{"type":"Point","coordinates":[136.12684,34.98355]},"properties":{"name":"chubu junction 34.9836:136.1268:66","vn_kv":66.0,"vm_pu":0.9985,"va_deg":10.32}},{"type":"Feature","geometry":{"type":"Point","coordinates":[136.07831,35.0108]},"properties":{"name":"chubu junction 35.0108:136.0783:154","vn_kv":154.0,"vm_pu":1.007,"va_deg":11.92}},{"type":"Feature","geometry":{"type":"Point","coordinates":[136.1272,35.00525]},"properties":{"name":"chubu junction 35.0053:136.1272:0","vn_kv":66.0,"vm_pu":1.0103,"va_deg":12.0}},{"type":"Feature","geometry":{"type":"Point","coordinates":[137.04801,34.98065]},"properties":{"name":"chubu junction 34.9806:137.048:77","vn_kv":77.0,"vm_pu":0.9862,"va_deg":11.27}},{"type":"Feature","geometry":{"type":"Point","coordinates":[137.09131,34.88014]},"properties":{"name":"chubu junction 34.8801:137.0913:77","vn_kv":77.0,"vm_pu":0.9932,"va_deg":12.8}},{"type":"Feature","geometry":{"type":"Point","coordinates":[137.11208,34.8815]},"properties":{"name":"chubu junction 34.8815:137.1121:77","vn_kv":77.0,"vm_pu":0.9957,"va_deg":13.17}},{"type":"Feature","geometry":{"type":"Point","coordinates":[137.13879,34.90068]},"properties":{"name":"chubu junction 34.9007:137.1388:77","vn_kv":77.0,"vm_pu":0.9998,"va_deg":13.77}},{"type":"Feature","geometry":{"type":"Point","coordinates":[137.15922,34.87842]},"properties":{"name":"chubu junction 34.8784:137.1592:77","vn_kv":77.0,"vm_pu":1.0016,"va_deg":14.07}},{"type":"Feature","geometry":{"type":"Point","coordinates":[137.24663,34.82229]},"properties":{"name":"chubu junction 34.8223:137.2466:0","vn_kv":66.0,"vm_pu":1.0,"va_deg":0.0}},{"type":"Feature","geometry":{"type":"Point","coordinates":[137.24818,34.82579]},"properties":{"name":"chubu junction 34.8258:137.2482:0","vn_kv":66.0,"vm_pu":1.0,"va_deg":-0.0}},{"type":"Feature","geometry":{"type":"Point","coordinates":[136.08929,35.66316]},"properties":{"name":"chubu junction 35.6632:136.0893:154","vn_kv":154.0,"vm_pu":1.0011,"va_deg":22.31}},{"type":"Feature","geometry":{"type":"Point","coordinates":[136.09263,35.66179]},"properties":{"name":"chubu junction 35.6618:136.0926:154","vn_kv":154.0,"vm_pu":1.0008,"va_deg":22.41}},{"type":"Feature","geometry":{"type":"Point","coordinates":[136.0892,35.67311]},"properties":{"name":"chubu junction 35.6731:136.0892:154","vn_kv":154.0,"vm_pu":1.0013,"va_deg":22.25}},{"type":"Feature","geometry":{"type":"Point","coordinates":[137.49282,34.71365]},"properties":{"name":"chubu junction 34.7137:137.4928:0","vn_kv":66.0,"vm_pu":1.0,"va_deg":0.0}},{"type":"Feature","geometry":{"type":"Point","coordinates":[137.49119,34.71371]},"properties":{"name":"chubu junction 34.7137:137.4912:0","vn_kv":66.0,"vm_pu":1.0,"va_deg":-0.0}},{"type":"Feature","geometry":{"type":"Point","coordinates":[137.99954,34.77024]},"properties":{"name":"chubu junction 34.7702:137.9995:0","vn_kv":66.0,"vm_pu":1.0,"va_deg":-0.0}},{"type":"Feature","geometry":{"type":"Point","coordinates":[137.9883,34.75374]},"properties":{"name":"chubu junction 34.7537:137.9883:0","vn_kv":66.0,"vm_pu":1.0,"va_deg":-0.0}},{"type":"Feature","geometry":{"type":"Point","coordinates":[136.50117,34.72498]},"properties":{"name":"chubu junction 34.725:136.5012:66","vn_kv":66.0,"vm_pu":1.0,"va_deg":0.0}},{"type":"Feature","geometry":{"type":"Point","coordinates":[136.50238,34.72551]},"properties":{"name":"chubu junction 34.7255:136.5024:66","vn_kv":66.0,"vm_pu":1.0,"va_deg":-0.0}},{"type":"Feature","geometry":{"type":"Point","coordinates":[137.19223,34.85107]},"properties":{"name":"chubu junction 34.8511:137.1922:275","vn_kv":275.0,"vm_pu":1.004,"va_deg":14.59}},{"type":"Feature","geometry":{"type":"Point","coordinates":[137.18023,34.85266]},"properties":{"name":"chubu junction 34.8527:137.1802:275","vn_kv":275.0,"vm_pu":1.0038,"va_deg":14.52}},{"type":"Feature","geometry":{"type":"Point","coordinates":[137.13467,34.88385]},"properties":{"name":"chubu junction 34.8838:137.1347:275","vn_kv":275.0,"vm_pu":1.0023,"va_deg":14.18}},{"type":"Feature","geometry":{"type":"Point","coordinates":[137.19768,34.85073]},"properties":{"name":"chubu junction 34.8507:137.1977:275","vn_kv":275.0,"vm_pu":1.004,"va_deg":14.59}},{"type":"Feature","geometry":{"type":"Point","coordinates":[137.17129,34.80408]},"properties":{"name":"chubu junction 34.8041:137.1713:275","vn_kv":275.0,"vm_pu":1.0038,"va_deg":14.51}},{"type":"Feature","geometry":{"type":"Point","coordinates":[137.18744,34.82666]},"properties":{"name":"chubu junction 34.8267:137.1874:275","vn_kv":275.0,"vm_pu":1.0038,"va_deg":14.51}},{"type":"Feature","geometry":{"type":"Point","coordinates":[137.18265,34.85221]},"properties":{"name":"chubu junction 34.8522:137.1826:275","vn_kv":275.0,"vm_pu":1.0038,"va_deg":14.52}},{"type":"Feature","geometry":{"type":"Point","coordinates":[135.99564,34.76895]},"properties":{"name":"chubu junction 34.7689:135.9956:0","vn_kv":66.0,"vm_pu":1.0,"va_deg":0.0}},{"type":"Feature","geometry":{"type":"Point","coordinates":[136.01084,34.76452]},"properties":{"name":"chubu junction 34.7645:136.0108:0","vn_kv":66.0,"vm_pu":1.0,"va_deg":-0.0}},{"type":"Feature","geometry":{"type":"Point","coordinates":[137.11879,35.20824]},"properties":{"name":"chubu junction 35.2082:137.1188:77","vn_kv":77.0,"vm_pu":0.9946,"va_deg":11.06}},{"type":"Feature","geometry":{"type":"Point","coordinates":[137.11447,35.20674]},"properties":{"name":"chubu junction 35.2067:137.1145:77","vn_kv":77.0,"vm_pu":0.9942,"va_deg":10.96}},{"type":"Feature","geometry":{"type":"Point","coordinates":[137.53939,35.15994]},"properties":{"name":"chubu junction 35.1599:137.5394:154","vn_kv":154.0,"vm_pu":1.0006,"va_deg":14.2}},{"type":"Feature","geometry":{"type":"Point","coordinates":[137.51674,35.21519]},"properties":{"name":"chubu junction 35.2152:137.5167:154","vn_kv":154.0,"vm_pu":1.0023,"va_deg":14.04}},{"type":"Feature","geometry":{"type":"Point","coordinates":[137.55093,34.9756]},"properties":{"name":"chubu junction 34.9756:137.5509:154","vn_kv":154.0,"vm_pu":1.0002,"va_deg":14.54}},{"type":"Feature","geometry":{"type":"Point","coordinates":[138.81539,36.56263]},"properties":{"name":"chubu junction 36.5626:138.8154:0","vn_kv":66.0,"vm_pu":1.0,"va_deg":-0.0}},{"type":"Feature","geometry":{"type":"Point","coordinates":[138.92653,35.21841]},"properties":{"name":"chubu junction 35.2184:138.9265:66","vn_kv":66.0,"vm_pu":1.0,"va_deg":0.0}},{"type":"Feature","geometry":{"type":"Point","coordinates":[138.95289,35.22716]},"properties":{"name":"chubu junction 35.2272:138.9529:66","vn_kv":66.0,"vm_pu":1.0,"va_deg":-0.0}},{"type":"Feature","geometry":{"type":"Point","coordinates":[138.22509,36.66817]},"properties":{"name":"chubu junction 36.6682:138.2251:0","vn_kv":66.0,"vm_pu":1.0,"va_deg":0.0}},{"type":"Feature","geometry":{"type":"Point","coordinates":[138.22519,36.66739]},"properties":{"name":"chubu junction 36.6674:138.2252:0","vn_kv":66.0,"vm_pu":1.0,"va_deg":-0.0}},{"type":"Feature","geometry":{"type":"Point","coordinates":[137.32609,36.69907]},"properties":{"name":"chubu junction 36.6991:137.3261:0","vn_kv":66.0,"vm_pu":1.0258,"va_deg":13.92}},{"type":"Feature","geometry":{"type":"Point","coordinates":[137.37791,36.57164]},"properties":{"name":"chubu junction 36.5716:137.3779:66","vn_kv":66.0,"vm_pu":0.9975,"va_deg":13.36}},{"type":"Feature","geometry":{"type":"Point","coordinates":[137.26457,36.66003]},"properties":{"name":"chubu junction 36.66:137.2646:66","vn_kv":66.0,"vm_pu":0.9975,"va_deg":11.93}},{"type":"Feature","geometry":{"type":"Point","coordinates":[137.07651,36.69798]},"properties":{"name":"chubu junction 36.698:137.0765:154","vn_kv":154.0,"vm_pu":1.0024,"va_deg":13.06}},{"type":"Feature","geometry":{"type":"Point","coordinates":[136.98866,36.68647]},"properties":{"name":"chubu junction 36.6865:136.9887:66","vn_kv":66.0,"vm_pu":0.9983,"va_deg":10.32}},{"type":"Feature","geometry":{"type":"Point","coordinates":[136.96319,36.63489]},"properties":{"name":"chubu junction 36.6349:136.9632:66","vn_kv":66.0,"vm_pu":0.9996,"va_deg":10.21}},{"type":"Feature","geometry":{"type":"Point","coordinates":[136.94243,36.68729]},"properties":{"name":"chubu junction 36.6873:136.9424:66","vn_kv":66.0,"vm_pu":0.9991,"va_deg":10.19}},{"type":"Feature","geometry":{"type":"Point","coordinates":[136.96876,36.61863]},"properties":{"name":"chubu junction 36.6186:136.9688:66","vn_kv":66.0,"vm_pu":0.9997,"va_deg":10.22}},{"type":"Feature","geometry":{"type":"Point","coordinates":[136.99567,36.5637]},"properties":{"name":"chubu junction 36.5637:136.9957:66","vn_kv":66.0,"vm_pu":0.9997,"va_deg":10.22}},{"type":"Feature","geometry":{"type":"Point","coordinates":[137.00917,36.78966]},"properties":{"name":"chubu junction 36.7897:137.0092:154","vn_kv":154.0,"vm_pu":1.0032,"va_deg":13.09}},{"type":"Feature","geometry":{"type":"Point","coordinates":[137.05495,36.78341]},"properties":{"name":"chubu junction 36.7834:137.055:66","vn_kv":66.0,"vm_pu":0.9948,"va_deg":10.78}},{"type":"Feature","geometry":{"type":"Point","coordinates":[137.05547,36.77805]},"properties":{"name":"chubu junction 36.778:137.0555:66","vn_kv":66.0,"vm_pu":0.9948,"va_deg":10.78}},{"type":"Feature","geometry":{"type":"Point","coordinates":[137.05734,36.78403]},"properties":{"name":"chubu junction 36.784:137.0573:0","vn_kv":66.0,"vm_pu":1.0,"va_deg":0.0}},{"type":"Feature","geometry":{"type":"Point","coordinates":[137.05638,36.78447]},"properties":{"name":"chubu junction 36.7845:137.0564:0","vn_kv":66.0,"vm_pu":1.0,"va_deg":-0.0}},{"type":"Feature","geometry":{"type":"Point","coordinates":[137.06729,36.74707]},"properties":{"name":"chubu junction 36.7471:137.0673:154","vn_kv":154.0,"vm_pu":1.002,"va_deg":13.04}},{"type":"Feature","geometry":{"type":"Point","coordinates":[137.078,36.73013]},"properties":{"name":"chubu junction 36.7301:137.078:66","vn_kv":66.0,"vm_pu":0.9951,"va_deg":10.77}},{"type":"Feature","geometry":{"type":"Point","coordinates":[137.22991,36.74477]},"properties":{"name":"chubu junction 36.7448:137.2299:66","vn_kv":66.0,"vm_pu":0.9976,"va_deg":11.45}},{"type":"Feature","geometry":{"type":"Point","coordinates":[137.23192,36.7062]},"properties":{"name":"chubu junction 36.7062:137.2319:66","vn_kv":66.0,"vm_pu":0.9975,"va_deg":11.64}},{"type":"Feature","geometry":{"type":"Point","coordinates":[138.5556,35.59173]},"properties":{"name":"chubu junction 35.5917:138.5556:66","vn_kv":66.0,"vm_pu":0.9999,"va_deg":-0.38}},{"type":"Feature","geometry":{"type":"Point","coordinates":[138.56528,35.58456]},"properties":{"name":"chubu junction 35.5846:138.5653:66","vn_kv":66.0,"vm_pu":1.0,"va_deg":-0.39}},{"type":"Feature","geometry":{"type":"Point","coordinates":[138.47482,35.56935]},"properties":{"name":"chubu junction 35.5693:138.4748:66","vn_kv":66.0,"vm_pu":1.0,"va_deg":-0.19}},{"type":"Feature","geometry":{"type":"Point","coordinates":[138.23452,35.2064]},"properties":{"name":"chubu junction 35.2064:138.2345:154","vn_kv":154.0,"vm_pu":1.0006,"va_deg":13.54}},{"type":"Feature","geometry":{"type":"Point","coordinates":[138.10726,35.19112]},"properties":{"name":"chubu junction 35.1911:138.1073:0","vn_kv":66.0,"vm_pu":1.0034,"va_deg":13.82}},{"type":"Feature","geometry":{"type":"Point","coordinates":[138.12833,35.17092]},"properties":{"name":"chubu junction 35.1709:138.1283:0","vn_kv":66.0,"vm_pu":1.0034,"va_deg":13.82}},{"type":"Feature","geometry":{"type":"Point","coordinates":[137.37137,36.54939]},"properties":{"name":"chubu junction 36.5494:137.3714:154","vn_kv":154.0,"vm_pu":1.0003,"va_deg":13.78}},{"type":"Feature","geometry":{"type":"Point","coordinates":[137.43834,36.53719]},"properties":{"name":"chubu junction 36.5372:137.4383:154","vn_kv":154.0,"vm_pu":1.0004,"va_deg":13.78}},{"type":"Feature","geometry":{"type":"Point","coordinates":[137.02321,36.78241]},"properties":{"name":"chubu junction 36.7824:137.0232:66","vn_kv":66.0,"vm_pu":0.9944,"va_deg":10.66}},{"type":"Feature","geometry":{"type":"Point","coordinates":[136.98245,36.83435]},"properties":{"name":"chubu junction 36.8344:136.9825:66","vn_kv":66.0,"vm_pu":0.9945,"va_deg":10.66}},{"type":"Feature","geometry":{"type":"Point","coordinates":[137.24106,36.46062]},"properties":{"name":"chubu junction 36.4606:137.2411:154","vn_kv":154.0,"vm_pu":1.0024,"va_deg":13.15}},{"type":"Feature","geometry":{"type":"Point","coordinates":[137.89472,36.2995]},"properties":{"name":"chubu junction 36.2995:137.8947:77","vn_kv":77.0,"vm_pu":0.998,"va_deg":2.1}},{"type":"Feature","geometry":{"type":"Point","coordinates":[137.89794,36.30053]},"properties":{"name":"chubu junction 36.3005:137.8979:77","vn_kv":77.0,"vm_pu":0.998,"va_deg":2.1}},{"type":"Feature","geometry":{"type":"Point","coordinates":[136.88153,36.68371]},"properties":{"name":"chubu junction 36.6837:136.8815:66","vn_kv":66.0,"vm_pu":0.9984,"va_deg":10.0}},{"type":"Feature","geometry":{"type":"Point","coordinates":[138.24222,36.39503]},"properties":{"name":"chubu junction 36.395:138.2422:0","vn_kv":66.0,"vm_pu":1.0,"va_deg":0.0}},{"type":"Feature","geometry":{"type":"Point","coordinates":[138.24395,36.39699]},"properties":{"name":"chubu junction 36.397:138.2439:0","vn_kv":66.0,"vm_pu":1.0,"va_deg":-0.0}},{"type":"Feature","geometry":{"type":"Point","coordinates":[136.7441,35.46194]},"properties":{"name":"chubu junction 35.4619:136.7441:275","vn_kv":275.0,"vm_pu":1.0137,"va_deg":10.63}},{"type":"Feature","geometry":{"type":"Point","coordinates":[136.17215,35.192]},"properties":{"name":"chubu junction 35.192:136.1722:154","vn_kv":154.0,"vm_pu":1.0074,"va_deg":11.89}},{"type":"Feature","geometry":{"type":"Point","coordinates":[136.17268,35.19265]},"properties":{"name":"chubu junction 35.1926:136.1727:154","vn_kv":154.0,"vm_pu":1.0074,"va_deg":11.89}},{"type":"Feature","geometry":{"type":"Point","coordinates":[136.23798,35.2227]},"properties":{"name":"chubu junction 35.2227:136.238:154","vn_kv":154.0,"vm_pu":1.0031,"va_deg":11.74}},{"type":"Feature","geometry":{"type":"Point","coordinates":[137.65984,36.68387]},"properties":{"name":"chubu junction 36.6839:137.6598:275","vn_kv":275.0,"vm_pu":1.0259,"va_deg":13.86}},{"type":"Feature","geometry":{"type":"Point","coordinates":[137.65873,36.68728]},"properties":{"name":"chubu junction 36.6873:137.6587:275","vn_kv":275.0,"vm_pu":1.0259,"va_deg":13.86}},{"type":"Feature","geometry":{"type":"Point","coordinates":[137.48802,36.90071]},"properties":{"name":"chubu junction 36.9007:137.488:66","vn_kv":66.0,"vm_pu":0.9996,"va_deg":13.26}},{"type":"Feature","geometry":{"type":"Point","coordinates":[137.50333,36.9283]},"properties":{"name":"chubu junction 36.9283:137.5033:0","vn_kv":66.0,"vm_pu":1.0,"va_deg":0.0}},{"type":"Feature","geometry":{"type":"Point","coordinates":[137.50885,36.92822]},"properties":{"name":"chubu junction 36.9282:137.5088:0","vn_kv":66.0,"vm_pu":1.0,"va_deg":-0.0}},{"type":"Feature","geometry":{"type":"Point","coordinates":[137.33476,36.74372]},"properties":{"name":"chubu junction 36.7437:137.3348:66","vn_kv":66.0,"vm_pu":0.9997,"va_deg":11.78}},{"type":"Feature","geometry":{"type":"Point","coordinates":[137.62869,36.88753]},"properties":{"name":"chubu junction 36.8875:137.6287:154","vn_kv":154.0,"vm_pu":1.002,"va_deg":13.2}},{"type":"Feature","geometry":{"type":"Point","coordinates":[138.23881,35.50817]},"properties":{"name":"chubu junction 35.5082:138.2388:154","vn_kv":154.0,"vm_pu":1.0005,"va_deg":13.63}},{"type":"Feature","geometry":{"type":"Point","coordinates":[138.19725,35.4182]},"properties":{"name":"chubu junction 35.4182:138.1973:154","vn_kv":154.0,"vm_pu":1.0004,"va_deg":13.64}},{"type":"Feature","geometry":{"type":"Point","coordinates":[136.51577,35.54228]},"properties":{"name":"chubu junction 35.5423:136.5158:77","vn_kv":77.0,"vm_pu":1.0001,"va_deg":8.8}},{"type":"Feature","geometry":{"type":"Point","coordinates":[136.45503,35.59206]},"properties":{"name":"chubu junction 35.5921:136.455:77","vn_kv":77.0,"vm_pu":1.0001,"va_deg":8.8}},{"type":"Feature","geometry":{"type":"Point","coordinates":[138.1955,35.36856]},"properties":{"name":"chubu junction 35.3686:138.1955:154","vn_kv":154.0,"vm_pu":1.0003,"va_deg":13.64}},{"type":"Feature","geometry":{"type":"Point","coordinates":[137.59269,36.80953]},"properties":{"name":"chubu junction 36.8095:137.5927:154","vn_kv":154.0,"vm_pu":1.0013,"va_deg":13.24}},{"type":"Feature","geometry":{"type":"Point","coordinates":[138.35119,36.33828]},"properties":{"name":"chubu junction 36.3383:138.3512:77","vn_kv":77.0,"vm_pu":0.9972,"va_deg":3.33}},{"type":"Feature","geometry":{"type":"Point","coordinates":[138.59272,35.14527]},"properties":{"name":"chubu junction 35.1453:138.5927:77","vn_kv":77.0,"vm_pu":0.9881,"va_deg":8.25}},{"type":"Feature","geometry":{"type":"Point","coordinates":[138.31277,34.90815]},"properties":{"name":"chubu junction 34.9082:138.3128:110","vn_kv":110.0,"vm_pu":1.0055,"va_deg":11.69}},{"type":"Feature","geometry":{"type":"Point","coordinates":[138.31743,34.89356]},"properties":{"name":"chubu junction 34.8936:138.3174:110","vn_kv":110.0,"vm_pu":1.0056,"va_deg":11.66}},{"type":"Feature","geometry":{"type":"Point","coordinates":[138.22483,34.85547]},"properties":{"name":"chubu junction 34.8555:138.2248:154","vn_kv":154.0,"vm_pu":1.0042,"va_deg":15.95}},{"type":"Feature","geometry":{"type":"Point","coordinates":[138.23074,34.82632]},"properties":{"name":"chubu junction 34.8263:138.2307:154","vn_kv":154.0,"vm_pu":1.0017,"va_deg":16.08}},{"type":"Feature","geometry":{"type":"Point","coordinates":[137.64128,36.75477]},"properties":{"name":"chubu junction 36.7548:137.6413:275","vn_kv":275.0,"vm_pu":1.0258,"va_deg":13.86}},{"type":"Feature","geometry":{"type":"Point","coordinates":[137.65762,36.68869]},"properties":{"name":"chubu junction 36.6887:137.6576:275","vn_kv":275.0,"vm_pu":1.0259,"va_deg":13.86}},{"type":"Feature","geometry":{"type":"Point","coordinates":[138.03942,36.07576]},"properties":{"name":"chubu junction 36.0758:138.0394:77","vn_kv":77.0,"vm_pu":0.998,"va_deg":3.48}},{"type":"Feature","geometry":{"type":"Point","coordinates":[136.0784,35.67392]},"properties":{"name":"chubu junction 35.6739:136.0784:275","vn_kv":275.0,"vm_pu":1.036,"va_deg":16.78}},{"type":"Feature","geometry":{"type":"Point","coordinates":[138.60596,35.13483]},"properties":{"name":"chubu junction 35.1348:138.606:154","vn_kv":154.0,"vm_pu":0.9957,"va_deg":10.6}},{"type":"Feature","geometry":{"type":"Point","coordinates":[138.60478,35.13342]},"properties":{"name":"chubu junction 35.1334:138.6048:77","vn_kv":77.0,"vm_pu":0.9888,"va_deg":8.22}},{"type":"Feature","geometry":{"type":"Point","coordinates":[138.62279,35.14564]},"properties":{"name":"chubu junction 35.1456:138.6228:0","vn_kv":66.0,"vm_pu":0.9956,"va_deg":10.57}},{"type":"Feature","geometry":{"type":"Point","coordinates":[138.62448,35.13425]},"properties":{"name":"chubu junction 35.1343:138.6245:0","vn_kv":66.0,"vm_pu":0.9956,"va_deg":10.57}},{"type":"Feature","geometry":{"type":"Point","coordinates":[138.34988,35.01623]},"properties":{"name":"chubu junction 35.0162:138.3499:110","vn_kv":110.0,"vm_pu":1.0028,"va_deg":11.66}},{"type":"Feature","geometry":{"type":"Point","coordinates":[136.60209,34.96445]},"properties":{"name":"chubu junction 34.9645:136.6021:0","vn_kv":66.0,"vm_pu":0.999,"va_deg":9.81}},{"type":"Feature","geometry":{"type":"Point","coordinates":[137.09094,35.06512]},"properties":{"name":"chubu junction 35.0651:137.0909:0","vn_kv":66.0,"vm_pu":1.0,"va_deg":0.0}},{"type":"Feature","geometry":{"type":"Point","coordinates":[137.09442,35.06024]},"properties":{"name":"chubu junction 35.0602:137.0944:0","vn_kv":66.0,"vm_pu":1.0,"va_deg":-0.0}},{"type":"Feature","geometry":{"type":"Point","coordinates":[136.18756,35.83996]},"properties":{"name":"chubu junction 35.84:136.1876:154","vn_kv":154.0,"vm_pu":1.0056,"va_deg":11.91}},{"type":"Feature","geometry":{"type":"Point","coordinates":[136.17448,35.86468]},"properties":{"name":"chubu junction 35.8647:136.1745:0","vn_kv":66.0,"vm_pu":1.0031,"va_deg":12.0}},{"type":"Feature","geometry":{"type":"Point","coordinates":[136.16401,35.85957]},"properties":{"name":"chubu junction 35.8596:136.164:0","vn_kv":66.0,"vm_pu":1.0031,"va_deg":12.0}},{"type":"Feature","geometry":{"type":"Point","coordinates":[136.55962,35.14272]},"properties":{"name":"chubu junction 35.1427:136.5596:275","vn_kv":275.0,"vm_pu":1.0008,"va_deg":5.41}},{"type":"Feature","geometry":{"type":"Point","coordinates":[136.5761,35.1353]},"properties":{"name":"chubu junction 35.1353:136.5761:275","vn_kv":275.0,"vm_pu":1.0008,"va_deg":5.41}},{"type":"Feature","geometry":{"type":"Point","coordinates":[138.14378,36.55569]},"properties":{"name":"chubu junction 36.5557:138.1438:77","vn_kv":77.0,"vm_pu":1.0003,"va_deg":4.75}},{"type":"Feature","geometry":{"type":"Point","coordinates":[138.28758,36.37611]},"properties":{"name":"chubu junction 36.3761:138.2876:77","vn_kv":77.0,"vm_pu":0.9967,"va_deg":3.51}},{"type":"Feature","geometry":{"type":"Point","coordinates":[138.26751,36.40647]},"properties":{"name":"chubu junction 36.4065:138.2675:77","vn_kv":77.0,"vm_pu":0.9975,"va_deg":3.77}},{"type":"Feature","geometry":{"type":"Point","coordinates":[137.01081,36.57171]},"properties":{"name":"chubu junction 36.5717:137.0108:154","vn_kv":154.0,"vm_pu":1.0051,"va_deg":12.82}},{"type":"Feature","geometry":{"type":"Point","coordinates":[137.1203,36.57326]},"properties":{"name":"chubu junction 36.5733:137.1203:154","vn_kv":154.0,"vm_pu":1.0037,"va_deg":12.86}},{"type":"Feature","geometry":{"type":"Point","coordinates":[137.14688,36.57527]},"properties":{"name":"chubu junction 36.5753:137.1469:154","vn_kv":154.0,"vm_pu":1.0033,"va_deg":12.94}},{"type":"Feature","geometry":{"type":"Point","coordinates":[138.61314,36.33262]},"properties":{"name":"chubu junction 36.3326:138.6131:77","vn_kv":77.0,"vm_pu":0.9508,"va_deg":-6.33}},{"type":"Feature","geometry":{"type":"Point","coordinates":[138.61718,36.52332]},"properties":{"name":"chubu junction 36.5233:138.6172:77","vn_kv":77.0,"vm_pu":0.9511,"va_deg":-6.34}},{"type":"Feature","geometry":{"type":"Point","coordinates":[138.62029,36.52471]},"properties":{"name":"chubu junction 36.5247:138.6203:77","vn_kv":77.0,"vm_pu":0.9511,"va_deg":-6.34}},{"type":"Feature","geometry":{"type":"Point","coordinates":[136.50349,35.14982]},"properties":{"name":"chubu junction 35.1498:136.5035:275","vn_kv":275.0,"vm_pu":1.0009,"va_deg":5.41}},{"type":"Feature","geometry":{"type":"Point","coordinates":[136.50291,35.16734]},"properties":{"name":"chubu junction 35.1673:136.5029:275","vn_kv":275.0,"vm_pu":1.0009,"va_deg":5.41}},{"type":"Feature","geometry":{"type":"Point","coordinates":[136.56028,35.14282]},"properties":{"name":"chubu junction 35.1428:136.5603:275","vn_kv":275.0,"vm_pu":1.0008,"va_deg":5.41}},{"type":"Feature","geometry":{"type":"Point","coordinates":[137.85842,36.93834]},"properties":{"name":"chubu junction 36.9383:137.8584:0","vn_kv":66.0,"vm_pu":1.0,"va_deg":0.0}},{"type":"Feature","geometry":{"type":"Point","coordinates":[137.87404,36.98787]},"properties":{"name":"chubu junction 36.9879:137.874:0","vn_kv":66.0,"vm_pu":1.0,"va_deg":-0.0}},{"type":"Feature","geometry":{"type":"Point","coordinates":[137.86549,36.9899]},"properties":{"name":"chubu junction 36.9899:137.8655:0","vn_kv":66.0,"vm_pu":1.0001,"va_deg":20.8}},{"type":"Feature","geometry":{"type":"Point","coordinates":[137.90943,36.90986]},"properties":{"name":"chubu junction 36.9099:137.9094:0","vn_kv":66.0,"vm_pu":1.0002,"va_deg":20.89}},{"type":"Feature","geometry":{"type":"Point","coordinates":[137.97709,36.19904]},"properties":{"name":"chubu junction 36.199:137.9771:77","vn_kv":77.0,"vm_pu":0.9999,"va_deg":3.51}},{"type":"Feature","geometry":{"type":"Point","coordinates":[138.52031,36.30545]},"properties":{"name":"chubu junction 36.3055:138.5203:77","vn_kv":77.0,"vm_pu":0.9534,"va_deg":-5.27}},{"type":"Feature","geometry":{"type":"Point","coordinates":[138.54644,36.32144]},"properties":{"name":"chubu junction 36.3214:138.5464:77","vn_kv":77.0,"vm_pu":0.9531,"va_deg":-5.84}},{"type":"Feature","geometry":{"type":"Point","coordinates":[138.32853,36.52124]},"properties":{"name":"chubu junction 36.5212:138.3285:77","vn_kv":77.0,"vm_pu":0.9994,"va_deg":3.91}},{"type":"Feature","geometry":{"type":"Point","coordinates":[138.28279,36.41664]},"properties":{"name":"chubu junction 36.4166:138.2828:77","vn_kv":77.0,"vm_pu":0.9983,"va_deg":3.94}},{"type":"Feature","geometry":{"type":"Point","coordinates":[138.20348,36.43196]},"properties":{"name":"chubu junction 36.432:138.2035:77","vn_kv":77.0,"vm_pu":0.9999,"va_deg":5.04}},{"type":"Feature","geometry":{"type":"Point","coordinates":[138.20071,36.46668]},"properties":{"name":"chubu junction 36.4667:138.2007:77","vn_kv":77.0,"vm_pu":1.0,"va_deg":5.18}},{"type":"Feature","geometry":{"type":"Point","coordinates":[138.20266,36.40001]},"properties":{"name":"chubu junction 36.4:138.2027:77","vn_kv":77.0,"vm_pu":1.0,"va_deg":4.94}},{"type":"Feature","geometry":{"type":"Point","coordinates":[138.57672,36.32311]},"properties":{"name":"chubu junction 36.3231:138.5767:77","vn_kv":77.0,"vm_pu":0.9538,"va_deg":-6.11}},{"type":"Feature","geometry":{"type":"Point","coordinates":[138.16997,35.95945]},"properties":{"name":"chubu junction 35.9594:138.17:77","vn_kv":77.0,"vm_pu":1.0,"va_deg":4.09}},{"type":"Feature","geometry":{"type":"Point","coordinates":[138.24464,36.37686]},"properties":{"name":"chubu junction 36.3769:138.2446:77","vn_kv":77.0,"vm_pu":0.9993,"va_deg":4.64}},{"type":"Feature","geometry":{"type":"Point","coordinates":[138.23415,36.38087]},"properties":{"name":"chubu junction 36.3809:138.2341:77","vn_kv":77.0,"vm_pu":0.9998,"va_deg":4.66}},{"type":"Feature","geometry":{"type":"Point","coordinates":[138.17834,36.36716]},"properties":{"name":"chubu junction 36.3672:138.1783:77","vn_kv":77.0,"vm_pu":1.0,"va_deg":4.94}},{"type":"Feature","geometry":{"type":"Point","coordinates":[138.03932,36.0777]},"properties":{"name":"chubu junction 36.0777:138.0393:77","vn_kv":77.0,"vm_pu":0.998,"va_deg":3.48}},{"type":"Feature","geometry":{"type":"Point","coordinates":[138.05713,35.83271]},"properties":{"name":"chubu junction 35.8327:138.0571:77","vn_kv":77.0,"vm_pu":0.9996,"va_deg":7.7}},{"type":"Feature","geometry":{"type":"Point","coordinates":[137.94864,35.83284]},"properties":{"name":"chubu junction 35.8328:137.9486:77","vn_kv":77.0,"vm_pu":0.999,"va_deg":7.64}},{"type":"Feature","geometry":{"type":"Point","coordinates":[137.94998,35.86974]},"properties":{"name":"chubu junction 35.8697:137.95:77","vn_kv":77.0,"vm_pu":0.998,"va_deg":7.35}},{"type":"Feature","geometry":{"type":"Point","coordinates":[136.51275,35.04065]},"properties":{"name":"chubu junction 35.0407:136.5127:154","vn_kv":154.0,"vm_pu":0.9983,"va_deg":8.82}},{"type":"Feature","geometry":{"type":"Point","coordinates":[138.96046,35.37307]},"properties":{"name":"chubu junction 35.3731:138.9605:275","vn_kv":275.0,"vm_pu":1.0,"va_deg":0.0}},{"type":"Feature","geometry":{"type":"Point","coordinates":[138.9604,35.37323]},"properties":{"name":"chubu junction 35.3732:138.9604:275","vn_kv":275.0,"vm_pu":1.0,"va_deg":-0.0}},{"type":"Feature","geometry":{"type":"Point","coordinates":[138.49676,35.56611]},"properties":{"name":"chubu junction 35.5661:138.4968:66","vn_kv":66.0,"vm_pu":1.0,"va_deg":-0.19}},{"type":"Feature","geometry":{"type":"Point","coordinates":[138.61777,35.11595]},"properties":{"name":"chubu junction 35.116:138.6178:0","vn_kv":66.0,"vm_pu":0.9956,"va_deg":10.57}},{"type":"Feature","geometry":{"type":"Point","coordinates":[137.45322,34.88364]},"properties":{"name":"chubu junction 34.8836:137.4532:0","vn_kv":66.0,"vm_pu":1.022,"va_deg":15.47}},{"type":"Feature","geometry":{"type":"Point","coordinates":[137.55152,34.7117]},"properties":{"name":"chubu junction 34.7117:137.5515:66","vn_kv":66.0,"vm_pu":0.9912,"va_deg":14.05}},{"type":"Feature","geometry":{"type":"Point","coordinates":[137.31589,34.70505]},"properties":{"name":"chubu junction 34.7051:137.3159:0","vn_kv":66.0,"vm_pu":0.9979,"va_deg":14.56}},{"type":"Feature","geometry":{"type":"Point","coordinates":[136.61601,35.34737]},"properties":{"name":"chubu junction 35.3474:136.616:0","vn_kv":66.0,"vm_pu":1.0041,"va_deg":9.78}},{"type":"Feature","geometry":{"type":"Point","coordinates":[136.28691,35.3099]},"properties":{"name":"chubu junction 35.3099:136.2869:77","vn_kv":77.0,"vm_pu":0.9991,"va_deg":11.76}},{"type":"Feature","geometry":{"type":"Point","coordinates":[138.19614,36.99182]},"properties":{"name":"chubu junction 36.9918:138.1961:0","vn_kv":66.0,"vm_pu":1.0,"va_deg":-0.0}},{"type":"Feature","geometry":{"type":"Point","coordinates":[138.22373,36.99829]},"properties":{"name":"chubu junction 36.9983:138.2237:0","vn_kv":66.0,"vm_pu":1.0,"va_deg":0.0}},{"type":"Feature","geometry":{"type":"Point","coordinates":[138.65109,37.00879]},"properties":{"name":"chubu junction 37.0088:138.6511:0","vn_kv":66.0,"vm_pu":1.0,"va_deg":-0.0}},{"type":"Feature","geometry":{"type":"Point","coordinates":[136.09385,35.00111]},"properties":{"name":"chubu junction 35.0011:136.0938:154","vn_kv":154.0,"vm_pu":1.007,"va_deg":11.92}},{"type":"Feature","geometry":{"type":"Point","coordinates":[137.39806,36.83026]},"properties":{"name":"chubu junction 36.8303:137.3981:66","vn_kv":66.0,"vm_pu":1.0,"va_deg":12.51}},{"type":"Feature","geometry":{"type":"Point","coordinates":[138.32152,34.89638]},"properties":{"name":"chubu junction 34.8964:138.3215:110","vn_kv":110.0,"vm_pu":1.0056,"va_deg":11.66}},{"type":"Feature","geometry":{"type":"Point","coordinates":[138.32776,34.88522]},"properties":{"name":"chubu junction 34.8852:138.3278:110","vn_kv":110.0,"vm_pu":1.0056,"va_deg":11.66}},{"type":"Feature","geometry":{"type":"Point","coordinates":[137.53752,36.64759]},"properties":{"name":"chubu junction 36.6476:137.5375:0","vn_kv":66.0,"vm_pu":1.0,"va_deg":-0.0}},{"type":"Feature","geometry":{"type":"Point","coordinates":[137.46043,36.66974]},"properties":{"name":"chubu junction 36.6697:137.4604:0","vn_kv":66.0,"vm_pu":1.0,"va_deg":0.0}},{"type":"Feature","geometry":{"type":"Point","coordinates":[136.73017,35.36392]},"properties":{"name":"chubu junction 35.3639:136.7302:154","vn_kv":154.0,"vm_pu":1.0038,"va_deg":9.76}},{"type":"Feature","geometry":{"type":"Point","coordinates":[139.24138,35.60898]},"properties":{"name":"chubu junction 35.609:139.2414:66","vn_kv":66.0,"vm_pu":1.0001,"va_deg":0.55}},{"type":"Feature","geometry":{"type":"Point","coordinates":[136.96741,36.83994]},"properties":{"name":"chubu junction 36.8399:136.9674:66","vn_kv":66.0,"vm_pu":0.9945,"va_deg":10.66}},{"type":"Feature","geometry":{"type":"Point","coordinates":[136.98533,36.83455]},"properties":{"name":"chubu junction 36.8345:136.9853:66","vn_kv":66.0,"vm_pu":0.9945,"va_deg":10.66}},{"type":"Feature","geometry":{"type":"Point","coordinates":[137.6863,36.44847]},"properties":{"name":"chubu junction 36.4485:137.6863:0","vn_kv":66.0,"vm_pu":1.0,"va_deg":0.0}},{"type":"Feature","geometry":{"type":"Point","coordinates":[137.68674,36.45027]},"properties":{"name":"chubu junction 36.4503:137.6867:0","vn_kv":66.0,"vm_pu":1.0,"va_deg":-0.0}},{"type":"Feature","geometry":{"type":"Point","coordinates":[137.11643,34.91444]},"properties":{"name":"chubu junction 34.9144:137.1164:0","vn_kv":66.0,"vm_pu":1.0,"va_deg":0.0}},{"type":"Feature","geometry":{"type":"Point","coordinates":[137.11651,34.91182]},"properties":{"name":"chubu junction 34.9118:137.1165:0","vn_kv":66.0,"vm_pu":1.0,"va_deg":-0.0}},{"type":"Feature","geometry":{"type":"Point","coordinates":[136.6321,36.41747]},"properties":{"name":"chubu junction 36.4175:136.6321:66","vn_kv":66.0,"vm_pu":0.9751,"va_deg":8.18}},{"type":"Feature","geometry":{"type":"Point","coordinates":[138.08187,36.50503]},"properties":{"name":"chubu junction 36.505:138.0819:77","vn_kv":77.0,"vm_pu":1.0,"va_deg":5.16}},{"type":"Feature","geometry":{"type":"Point","coordinates":[137.0163,35.45951]},"properties":{"name":"chubu junction 35.4595:137.0163:77","vn_kv":77.0,"vm_pu":1.003,"va_deg":10.51}},{"type":"Feature","geometry":{"type":"Point","coordinates":[136.92816,35.51676]},"properties":{"name":"chubu junction 35.5168:136.9282:154","vn_kv":154.0,"vm_pu":1.0048,"va_deg":10.77}},{"type":"Feature","geometry":{"type":"Point","coordinates":[137.77859,35.43608]},"properties":{"name":"chubu junction 35.4361:137.7786:0","vn_kv":66.0,"vm_pu":1.0,"va_deg":-1.08}},{"type":"Feature","geometry":{"type":"Point","coordinates":[137.80976,35.46716]},"properties":{"name":"chubu junction 35.4672:137.8098:0","vn_kv":66.0,"vm_pu":1.0,"va_deg":-0.76}},{"type":"Feature","geometry":{"type":"Point","coordinates":[137.82028,35.47752]},"properties":{"name":"chubu junction 35.4775:137.8203:0","vn_kv":66.0,"vm_pu":1.0,"va_deg":-0.65}},{"type":"Feature","geometry":{"type":"Point","coordinates":[137.82479,35.48505]},"properties":{"name":"chubu junction 35.4851:137.8248:0","vn_kv":66.0,"vm_pu":1.0,"va_deg":-0.58}},{"type":"Feature","geometry":{"type":"Point","coordinates":[137.83375,35.29476]},"properties":{"name":"chubu junction 35.2948:137.8338:0","vn_kv":66.0,"vm_pu":1.0,"va_deg":13.51}},{"type":"Feature","geometry":{"type":"Point","coordinates":[139.17197,36.28752]},"properties":{"name":"chubu junction 36.2875:139.172:154","vn_kv":154.0,"vm_pu":1.0,"va_deg":-0.0}},{"type":"Feature","geometry":{"type":"Point","coordinates":[137.85951,36.46165]},"properties":{"name":"chubu junction 36.4616:137.8595:0","vn_kv":66.0,"vm_pu":1.0,"va_deg":0.0}},{"type":"Feature","geometry":{"type":"Point","coordinates":[137.8616,36.48385]},"properties":{"name":"chubu junction 36.4839:137.8616:0","vn_kv":66.0,"vm_pu":1.0,"va_deg":-0.0}},{"type":"Feature","geometry":{"type":"Point","coordinates":[137.8799,36.49124]},"properties":{"name":"chubu junction 36.4912:137.8799:0","vn_kv":66.0,"vm_pu":0.9997,"va_deg":3.04}},{"type":"Feature","geometry":{"type":"Point","coordinates":[138.0188,34.7996]},"properties":{"name":"chubu junction 34.7996:138.0188:77","vn_kv":77.0,"vm_pu":1.0102,"va_deg":15.58}},{"type":"Feature","geometry":{"type":"Point","coordinates":[137.10682,36.74013]},"properties":{"name":"chubu junction 36.7401:137.1068:154","vn_kv":154.0,"vm_pu":1.0017,"va_deg":13.05}},{"type":"Feature","geometry":{"type":"Point","coordinates":[137.10476,36.74287]},"properties":{"name":"chubu junction 36.7429:137.1048:154","vn_kv":154.0,"vm_pu":1.0018,"va_deg":13.04}},{"type":"Feature","geometry":{"type":"Point","coordinates":[138.61891,36.80882]},"properties":{"name":"chubu junction 36.8088:138.6189:0","vn_kv":66.0,"vm_pu":1.0,"va_deg":0.0}},{"type":"Feature","geometry":{"type":"Point","coordinates":[138.63784,36.88219]},"properties":{"name":"chubu junction 36.8822:138.6378:0","vn_kv":66.0,"vm_pu":1.0,"va_deg":-0.0}},{"type":"Feature","geometry":{"type":"Point","coordinates":[136.20339,36.2095]},"properties":{"name":"chubu junction 36.2095:136.2034:0","vn_kv":66.0,"vm_pu":1.0,"va_deg":-0.0}},{"type":"Feature","geometry":{"type":"Point","coordinates":[136.82444,35.05384]},"properties":{"name":"chubu junction 35.0538:136.8244:154","vn_kv":154.0,"vm_pu":0.999,"va_deg":12.27}},{"type":"Feature","geometry":{"type":"Point","coordinates":[136.82482,35.05448]},"properties":{"name":"chubu junction 35.0545:136.8248:154","vn_kv":154.0,"vm_pu":0.999,"va_deg":12.27}},{"type":"Feature","geometry":{"type":"Point","coordinates":[136.915,34.86719]},"properties":{"name":"chubu junction 34.8672:136.915:0","vn_kv":66.0,"vm_pu":0.9998,"va_deg":14.84}},{"type":"Feature","geometry":{"type":"Point","coordinates":[136.94139,34.91836]},"properties":{"name":"chubu junction 34.9184:136.9414:154","vn_kv":154.0,"vm_pu":0.9993,"va_deg":13.98}},{"type":"Feature","geometry":{"type":"Point","coordinates":[138.13375,35.98617]},"properties":{"name":"chubu junction 35.9862:138.1337:77","vn_kv":77.0,"vm_pu":0.9995,"va_deg":3.56}},{"type":"Feature","geometry":{"type":"Point","coordinates":[137.65762,36.95395]},"properties":{"name":"chubu junction 36.954:137.6576:66","vn_kv":66.0,"vm_pu":0.9947,"va_deg":15.26}},{"type":"Feature","geometry":{"type":"Point","coordinates":[137.65792,36.95356]},"properties":{"name":"chubu junction 36.9536:137.6579:66","vn_kv":66.0,"vm_pu":0.9947,"va_deg":15.26}},{"type":"Feature","geometry":{"type":"Point","coordinates":[136.04885,34.99814]},"properties":{"name":"chubu junction 34.9981:136.0488:154","vn_kv":154.0,"vm_pu":1.0055,"va_deg":11.9}},{"type":"Feature","geometry":{"type":"Point","coordinates":[136.04634,35.01575]},"properties":{"name":"chubu junction 35.0157:136.0463:154","vn_kv":154.0,"vm_pu":1.0058,"va_deg":11.9}},{"type":"Feature","geometry":{"type":"Point","coordinates":[135.98786,35.01535]},"properties":{"name":"chubu junction 35.0154:135.9879:154","vn_kv":154.0,"vm_pu":1.0041,"va_deg":11.86}},{"type":"Feature","geometry":{"type":"Point","coordinates":[138.94206,35.61499]},"properties":{"name":"chubu junction 35.615:138.9421:66","vn_kv":66.0,"vm_pu":0.9991,"va_deg":-0.05}},{"type":"Feature","geometry":{"type":"Point","coordinates":[139.02165,35.61734]},"properties":{"name":"chubu junction 35.6173:139.0216:66","vn_kv":66.0,"vm_pu":0.9983,"va_deg":0.04}},{"type":"Feature","geometry":{"type":"Point","coordinates":[137.23903,36.76092]},"properties":{"name":"chubu junction 36.7609:137.239:0","vn_kv":66.0,"vm_pu":0.9979,"va_deg":11.41}},{"type":"Feature","geometry":{"type":"Point","coordinates":[137.23932,36.75778]},"properties":{"name":"chubu junction 36.7578:137.2393:0","vn_kv":66.0,"vm_pu":0.9979,"va_deg":11.41}},{"type":"Feature","geometry":{"type":"Point","coordinates":[138.54978,35.62189]},"properties":{"name":"chubu junction 35.6219:138.5498:0","vn_kv":66.0,"vm_pu":0.9995,"va_deg":-0.45}},{"type":"Feature","geometry":{"type":"Point","coordinates":[138.55013,35.6222]},"properties":{"name":"chubu junction 35.6222:138.5501:0","vn_kv":66.0,"vm_pu":0.9995,"va_deg":-0.45}},{"type":"Feature","geometry":{"type":"Point","coordinates":[138.55365,35.62276]},"properties":{"name":"chubu junction 35.6228:138.5536:0","vn_kv":66.0,"vm_pu":0.9995,"va_deg":-0.45}},{"type":"Feature","geometry":{"type":"Point","coordinates":[138.55078,35.62192]},"properties":{"name":"chubu junction 35.6219:138.5508:0","vn_kv":66.0,"vm_pu":0.9995,"va_deg":-0.45}},{"type":"Feature","geometry":{"type":"Point","coordinates":[138.55097,35.61301]},"properties":{"name":"chubu junction 35.613:138.551:0","vn_kv":66.0,"vm_pu":0.9995,"va_deg":-0.45}},{"type":"Feature","geometry":{"type":"Point","coordinates":[136.6505,35.35435]},"properties":{"name":"chubu junction 35.3543:136.6505:154","vn_kv":154.0,"vm_pu":1.003,"va_deg":9.6}},{"type":"Feature","geometry":{"type":"Point","coordinates":[137.6314,36.56999]},"properties":{"name":"chubu junction 36.57:137.6314:0","vn_kv":66.0,"vm_pu":1.0,"va_deg":-0.0}},{"type":"Feature","geometry":{"type":"Point","coordinates":[137.66646,36.56951]},"properties":{"name":"chubu junction 36.5695:137.6665:0","vn_kv":66.0,"vm_pu":1.0,"va_deg":0.0}},{"type":"Feature","geometry":{"type":"Point","coordinates":[137.86995,36.30101]},"properties":{"name":"chubu junction 36.301:137.8699:77","vn_kv":77.0,"vm_pu":0.998,"va_deg":2.11}},{"type":"Feature","geometry":{"type":"Point","coordinates":[137.95793,36.23836]},"properties":{"name":"chubu junction 36.2384:137.9579:77","vn_kv":77.0,"vm_pu":0.9958,"va_deg":2.24}},{"type":"Feature","geometry":{"type":"Point","coordinates":[137.89072,36.05653]},"properties":{"name":"chubu junction 36.0565:137.8907:154","vn_kv":154.0,"vm_pu":1.0042,"va_deg":10.16}},{"type":"Feature","geometry":{"type":"Point","coordinates":[137.8997,36.37229]},"properties":{"name":"chubu junction 36.3723:137.8997:77","vn_kv":77.0,"vm_pu":0.9992,"va_deg":2.26}},{"type":"Feature","geometry":{"type":"Point","coordinates":[135.96346,35.70431]},"properties":{"name":"chubu junction 35.7043:135.9635:275","vn_kv":275.0,"vm_pu":1.0011,"va_deg":22.61}},{"type":"Feature","geometry":{"type":"Point","coordinates":[135.98434,35.70408]},"properties":{"name":"chubu junction 35.7041:135.9843:275","vn_kv":275.0,"vm_pu":1.0011,"va_deg":22.61}},{"type":"Feature","geometry":{"type":"Point","coordinates":[135.97343,35.55861]},"properties":{"name":"chubu junction 35.5586:135.9734:275","vn_kv":275.0,"vm_pu":1.0013,"va_deg":22.61}},{"type":"Feature","geometry":{"type":"Point","coordinates":[135.96549,35.70402]},"properties":{"name":"chubu junction 35.704:135.9655:500","vn_kv":500.0,"vm_pu":1.0,"va_deg":0.0}},{"type":"Feature","geometry":{"type":"Point","coordinates":[135.97122,35.55862]},"properties":{"name":"chubu junction 35.5586:135.9712:500","vn_kv":500.0,"vm_pu":1.0002,"va_deg":-0.0}},{"type":"Feature","geometry":{"type":"Point","coordinates":[136.02934,35.65183]},"properties":{"name":"chubu junction 35.6518:136.0293:275","vn_kv":275.0,"vm_pu":1.0001,"va_deg":22.71}},{"type":"Feature","geometry":{"type":"Point","coordinates":[137.99388,36.3442]},"properties":{"name":"chubu junction 36.3442:137.9939:77","vn_kv":77.0,"vm_pu":1.0051,"va_deg":4.05}},{"type":"Feature","geometry":{"type":"Point","coordinates":[137.93128,36.30191]},"properties":{"name":"chubu junction 36.3019:137.9313:77","vn_kv":77.0,"vm_pu":1.001,"va_deg":3.67}},{"type":"Feature","geometry":{"type":"Point","coordinates":[137.01419,34.93233]},"properties":{"name":"chubu junction 34.9323:137.0142:154","vn_kv":154.0,"vm_pu":0.9903,"va_deg":12.07}},{"type":"Feature","geometry":{"type":"Point","coordinates":[137.02923,34.95869]},"properties":{"name":"chubu junction 34.9587:137.0292:154","vn_kv":154.0,"vm_pu":0.99,"va_deg":11.88}},{"type":"Feature","geometry":{"type":"Point","coordinates":[137.02944,34.95792]},"properties":{"name":"chubu junction 34.9579:137.0294:154","vn_kv":154.0,"vm_pu":0.99,"va_deg":11.88}},{"type":"Feature","geometry":{"type":"Point","coordinates":[138.3021,36.32587]},"properties":{"name":"chubu junction 36.3259:138.3021:77","vn_kv":77.0,"vm_pu":0.9991,"va_deg":3.12}},{"type":"Feature","geometry":{"type":"Point","coordinates":[138.46916,36.20164]},"properties":{"name":"chubu junction 36.2016:138.4692:77","vn_kv":77.0,"vm_pu":0.9837,"va_deg":0.56}},{"type":"Feature","geometry":{"type":"Point","coordinates":[138.92175,36.03895]},"properties":{"name":"chubu junction 36.039:138.9217:154","vn_kv":154.0,"vm_pu":1.0001,"va_deg":13.28}},{"type":"Feature","geometry":{"type":"Point","coordinates":[137.72152,36.13511]},"properties":{"name":"chubu junction 36.1351:137.7215:0","vn_kv":66.0,"vm_pu":1.0,"va_deg":0.0}},{"type":"Feature","geometry":{"type":"Point","coordinates":[137.72223,36.13429]},"properties":{"name":"chubu junction 36.1343:137.7222:0","vn_kv":66.0,"vm_pu":1.0,"va_deg":-0.0}},{"type":"Feature","geometry":{"type":"Point","coordinates":[137.70115,36.13904]},"properties":{"name":"chubu junction 36.139:137.7012:0","vn_kv":66.0,"vm_pu":1.0,"va_deg":-0.0}},{"type":"Feature","geometry":{"type":"Point","coordinates":[137.72654,36.13652]},"properties":{"name":"chubu junction 36.1365:137.7265:0","vn_kv":66.0,"vm_pu":1.0,"va_deg":-0.0}},{"type":"Feature","geometry":{"type":"Point","coordinates":[138.00494,36.37588]},"properties":{"name":"chubu junction 36.3759:138.0049:77","vn_kv":77.0,"vm_pu":1.0051,"va_deg":4.05}},{"type":"Feature","geometry":{"type":"Point","coordinates":[138.72839,36.57516]},"properties":{"name":"chubu junction 36.5752:138.7284:0","vn_kv":66.0,"vm_pu":1.0,"va_deg":0.0}},{"type":"Feature","geometry":{"type":"Point","coordinates":[138.73297,36.57184]},"properties":{"name":"chubu junction 36.5718:138.733:0","vn_kv":66.0,"vm_pu":1.0,"va_deg":-0.0}},{"type":"Feature","geometry":{"type":"Point","coordinates":[137.48372,36.77153]},"properties":{"name":"chubu junction 36.7715:137.4837:0","vn_kv":66.0,"vm_pu":1.0256,"va_deg":13.88}},{"type":"Feature","geometry":{"type":"Point","coordinates":[137.44499,36.80905]},"properties":{"name":"chubu junction 36.809:137.445:0","vn_kv":66.0,"vm_pu":1.0256,"va_deg":13.88}},{"type":"Feature","geometry":{"type":"Point","coordinates":[138.80929,36.90939]},"properties":{"name":"chubu junction 36.9094:138.8093:0","vn_kv":66.0,"vm_pu":1.0,"va_deg":-0.0}},{"type":"Feature","geometry":{"type":"Point","coordinates":[138.79945,36.90169]},"properties":{"name":"chubu junction 36.9017:138.7995:0","vn_kv":66.0,"vm_pu":1.0,"va_deg":-0.0}},{"type":"Feature","geometry":{"type":"Point","coordinates":[138.81258,36.92751]},"properties":{"name":"chubu junction 36.9275:138.8126:0","vn_kv":66.0,"vm_pu":1.0,"va_deg":-0.0}},{"type":"Feature","geometry":{"type":"Point","coordinates":[138.80891,36.91295]},"properties":{"name":"chubu junction 36.913:138.8089:0","vn_kv":66.0,"vm_pu":1.0,"va_deg":-0.0}},{"type":"Feature","geometry":{"type":"Point","coordinates":[138.74971,36.89143]},"properties":{"name":"chubu junction 36.8914:138.7497:0","vn_kv":66.0,"vm_pu":1.0,"va_deg":0.0}},{"type":"Feature","geometry":{"type":"Point","coordinates":[138.74913,36.89126]},"properties":{"name":"chubu junction 36.8913:138.7491:0","vn_kv":66.0,"vm_pu":1.0,"va_deg":-0.0}},{"type":"Feature","geometry":{"type":"Point","coordinates":[138.26579,36.40615]},"properties":{"name":"chubu junction 36.4062:138.2658:77","vn_kv":77.0,"vm_pu":0.9975,"va_deg":3.77}},{"type":"Feature","geometry":{"type":"Point","coordinates":[138.87576,37.01388]},"properties":{"name":"chubu junction 37.0139:138.8758:154","vn_kv":154.0,"vm_pu":1.0037,"va_deg":-0.07}},{"type":"Feature","geometry":{"type":"Point","coordinates":[137.67368,34.69356]},"properties":{"name":"chubu junction 34.6936:137.6737:0","vn_kv":66.0,"vm_pu":1.0,"va_deg":0.0}},{"type":"Feature","geometry":{"type":"Point","coordinates":[137.67158,34.68953]},"properties":{"name":"chubu junction 34.6895:137.6716:0","vn_kv":66.0,"vm_pu":1.0,"va_deg":-0.0}},{"type":"Feature","geometry":{"type":"Point","coordinates":[136.63943,36.30187]},"properties":{"name":"chubu junction 36.3019:136.6394:154","vn_kv":154.0,"vm_pu":1.0003,"va_deg":11.46}},{"type":"Feature","geometry":{"type":"Point","coordinates":[137.45877,36.36589]},"properties":{"name":"chubu junction 36.3659:137.4588:0","vn_kv":66.0,"vm_pu":1.0002,"va_deg":-0.0}},{"type":"Feature","geometry":{"type":"Point","coordinates":[137.45898,36.4904]},"properties":{"name":"chubu junction 36.4904:137.459:0","vn_kv":66.0,"vm_pu":1.0,"va_deg":0.0}},{"type":"Feature","geometry":{"type":"Point","coordinates":[137.45901,36.4905]},"properties":{"name":"chubu junction 36.4905:137.459:0","vn_kv":66.0,"vm_pu":1.0,"va_deg":0.0}},{"type":"Feature","geometry":{"type":"Point","coordinates":[137.43618,36.54527]},"properties":{"name":"chubu junction 36.5453:137.4362:0","vn_kv":66.0,"vm_pu":1.0,"va_deg":-0.0}},{"type":"Feature","geometry":{"type":"Point","coordinates":[136.60496,35.96229]},"properties":{"name":"chubu junction 35.9623:136.605:154","vn_kv":154.0,"vm_pu":1.0081,"va_deg":13.75}},{"type":"Feature","geometry":{"type":"Point","coordinates":[136.61357,35.96002]},"properties":{"name":"chubu junction 35.96:136.6136:154","vn_kv":154.0,"vm_pu":1.0081,"va_deg":13.75}},{"type":"Feature","geometry":{"type":"Point","coordinates":[136.6368,35.94402]},"properties":{"name":"chubu junction 35.944:136.6368:154","vn_kv":154.0,"vm_pu":1.0059,"va_deg":14.03}},{"type":"Feature","geometry":{"type":"Point","coordinates":[136.40603,36.06937]},"properties":{"name":"chubu junction 36.0694:136.406:154","vn_kv":154.0,"vm_pu":1.0093,"va_deg":12.97}},{"type":"Feature","geometry":{"type":"Point","coordinates":[136.50178,36.02338]},"properties":{"name":"chubu junction 36.0234:136.5018:154","vn_kv":154.0,"vm_pu":1.0111,"va_deg":13.5}},{"type":"Feature","geometry":{"type":"Point","coordinates":[136.51417,36.01833]},"properties":{"name":"chubu junction 36.0183:136.5142:154","vn_kv":154.0,"vm_pu":1.0103,"va_deg":13.51}},{"type":"Feature","geometry":{"type":"Point","coordinates":[136.36759,36.00145]},"properties":{"name":"chubu junction 36.0014:136.3676:275","vn_kv":275.0,"vm_pu":1.0396,"va_deg":15.93}},{"type":"Feature","geometry":{"type":"Point","coordinates":[138.20293,36.19439]},"properties":{"name":"chubu junction 36.1944:138.2029:77","vn_kv":77.0,"vm_pu":0.9993,"va_deg":3.12}},{"type":"Feature","geometry":{"type":"Point","coordinates":[138.30813,36.36294]},"properties":{"name":"chubu junction 36.3629:138.3081:77","vn_kv":77.0,"vm_pu":0.9971,"va_deg":3.33}},{"type":"Feature","geometry":{"type":"Point","coordinates":[138.30976,36.36479]},"properties":{"name":"chubu junction 36.3648:138.3098:0","vn_kv":66.0,"vm_pu":0.9966,"va_deg":3.38}},{"type":"Feature","geometry":{"type":"Point","coordinates":[138.23408,36.14065]},"properties":{"name":"chubu junction 36.1406:138.2341:0","vn_kv":66.0,"vm_pu":1.0,"va_deg":0.0}},{"type":"Feature","geometry":{"type":"Point","coordinates":[138.17455,36.16566]},"properties":{"name":"chubu junction 36.1657:138.1745:0","vn_kv":66.0,"vm_pu":1.0,"va_deg":-0.0}},{"type":"Feature","geometry":{"type":"Point","coordinates":[136.90022,34.80734]},"properties":{"name":"chubu junction 34.8073:136.9002:154","vn_kv":154.0,"vm_pu":0.9998,"va_deg":14.1}},{"type":"Feature","geometry":{"type":"Point","coordinates":[136.16641,35.52211]},"properties":{"name":"chubu junction 35.5221:136.1664:77","vn_kv":77.0,"vm_pu":0.9991,"va_deg":9.63}},{"type":"Feature","geometry":{"type":"Point","coordinates":[136.90968,34.76243]},"properties":{"name":"chubu junction 34.7624:136.9097:154","vn_kv":154.0,"vm_pu":0.9998,"va_deg":14.1}},{"type":"Feature","geometry":{"type":"Point","coordinates":[136.91663,34.76269]},"properties":{"name":"chubu junction 34.7627:136.9166:154","vn_kv":154.0,"vm_pu":0.9998,"va_deg":14.1}},{"type":"Feature","geometry":{"type":"Point","coordinates":[136.94253,34.71192]},"properties":{"name":"chubu junction 34.7119:136.9425:154","vn_kv":154.0,"vm_pu":0.9999,"va_deg":14.1}},{"type":"Feature","geometry":{"type":"Point","coordinates":[138.22541,35.90988]},"properties":{"name":"chubu junction 35.9099:138.2254:77","vn_kv":77.0,"vm_pu":1.0,"va_deg":4.09}},{"type":"Feature","geometry":{"type":"Point","coordinates":[136.19873,35.10799]},"properties":{"name":"chubu junction 35.108:136.1987:77","vn_kv":77.0,"vm_pu":0.9908,"va_deg":10.06}},{"type":"Feature","geometry":{"type":"Point","coordinates":[136.88571,35.28167]},"properties":{"name":"chubu junction 35.2817:136.8857:154","vn_kv":154.0,"vm_pu":0.9963,"va_deg":9.53}},{"type":"Feature","geometry":{"type":"Point","coordinates":[137.27236,36.13792]},"properties":{"name":"chubu junction 36.1379:137.2724:0","vn_kv":66.0,"vm_pu":1.0036,"va_deg":13.13}},{"type":"Feature","geometry":{"type":"Point","coordinates":[137.27161,36.12972]},"properties":{"name":"chubu junction 36.1297:137.2716:0","vn_kv":66.0,"vm_pu":1.0037,"va_deg":13.13}},{"type":"Feature","geometry":{"type":"Point","coordinates":[137.27862,36.36976]},"properties":{"name":"chubu junction 36.3698:137.2786:154","vn_kv":154.0,"vm_pu":1.0027,"va_deg":13.15}},{"type":"Feature","geometry":{"type":"Point","coordinates":[137.29472,36.00573]},"properties":{"name":"chubu junction 36.0057:137.2947:154","vn_kv":154.0,"vm_pu":1.0038,"va_deg":13.13}},{"type":"Feature","geometry":{"type":"Point","coordinates":[137.26004,36.1689]},"properties":{"name":"chubu junction 36.1689:137.26:0","vn_kv":66.0,"vm_pu":1.0036,"va_deg":13.13}},{"type":"Feature","geometry":{"type":"Point","coordinates":[137.26002,36.15686]},"properties":{"name":"chubu junction 36.1569:137.26:0","vn_kv":66.0,"vm_pu":1.0036,"va_deg":13.13}},{"type":"Feature","geometry":{"type":"Point","coordinates":[137.34001,36.17413]},"properties":{"name":"chubu junction 36.1741:137.34:154","vn_kv":154.0,"vm_pu":1.0036,"va_deg":13.14}},{"type":"Feature","geometry":{"type":"Point","coordinates":[137.37022,36.1749]},"properties":{"name":"chubu junction 36.1749:137.3702:154","vn_kv":154.0,"vm_pu":1.0036,"va_deg":13.14}},{"type":"Feature","geometry":{"type":"Point","coordinates":[137.33276,36.1533]},"properties":{"name":"chubu junction 36.1533:137.3328:154","vn_kv":154.0,"vm_pu":1.0036,"va_deg":13.14}},{"type":"Feature","geometry":{"type":"Point","coordinates":[137.32361,36.08211]},"properties":{"name":"chubu junction 36.0821:137.3236:154","vn_kv":154.0,"vm_pu":1.0038,"va_deg":13.13}},{"type":"Feature","geometry":{"type":"Point","coordinates":[137.28087,36.03989]},"properties":{"name":"chubu junction 36.0399:137.2809:154","vn_kv":154.0,"vm_pu":1.0038,"va_deg":13.13}},{"type":"Feature","geometry":{"type":"Point","coordinates":[137.50809,36.2461]},"properties":{"name":"chubu junction 36.2461:137.5081:0","vn_kv":66.0,"vm_pu":1.0,"va_deg":-0.04}},{"type":"Feature","geometry":{"type":"Point","coordinates":[137.42711,36.2682]},"properties":{"name":"chubu junction 36.2682:137.4271:0","vn_kv":66.0,"vm_pu":1.0,"va_deg":-0.04}},{"type":"Feature","geometry":{"type":"Point","coordinates":[137.54592,36.18985]},"properties":{"name":"chubu junction 36.1898:137.5459:0","vn_kv":66.0,"vm_pu":1.0,"va_deg":0.0}},{"type":"Feature","geometry":{"type":"Point","coordinates":[137.48967,36.15666]},"properties":{"name":"chubu junction 36.1567:137.4897:0","vn_kv":66.0,"vm_pu":1.0001,"va_deg":-0.0}},{"type":"Feature","geometry":{"type":"Point","coordinates":[137.26329,36.12346]},"properties":{"name":"chubu junction 36.1235:137.2633:0","vn_kv":66.0,"vm_pu":1.0037,"va_deg":13.13}},{"type":"Feature","geometry":{"type":"Point","coordinates":[137.26352,36.09967]},"properties":{"name":"chubu junction 36.0997:137.2635:0","vn_kv":66.0,"vm_pu":1.0039,"va_deg":13.13}},{"type":"Feature","geometry":{"type":"Point","coordinates":[137.26214,36.08355]},"properties":{"name":"chubu junction 36.0836:137.2621:0","vn_kv":66.0,"vm_pu":1.0039,"va_deg":13.13}},{"type":"Feature","geometry":{"type":"Point","coordinates":[137.16598,36.11604]},"properties":{"name":"chubu junction 36.116:137.166:0","vn_kv":66.0,"vm_pu":1.0044,"va_deg":13.12}},{"type":"Feature","geometry":{"type":"Point","coordinates":[137.17742,36.13027]},"properties":{"name":"chubu junction 36.1303:137.1774:0","vn_kv":66.0,"vm_pu":1.0044,"va_deg":13.12}},{"type":"Feature","geometry":{"type":"Point","coordinates":[137.00296,36.22519]},"properties":{"name":"chubu junction 36.2252:137.003:0","vn_kv":66.0,"vm_pu":1.0046,"va_deg":13.11}},{"type":"Feature","geometry":{"type":"Point","coordinates":[138.0327,35.38837]},"properties":{"name":"chubu junction 35.3884:138.0327:0","vn_kv":66.0,"vm_pu":1.0003,"va_deg":13.48}},{"type":"Feature","geometry":{"type":"Point","coordinates":[138.05666,35.54632]},"properties":{"name":"chubu junction 35.5463:138.0567:154","vn_kv":154.0,"vm_pu":1.0029,"va_deg":12.17}},{"type":"Feature","geometry":{"type":"Point","coordinates":[137.10285,36.74063]},"properties":{"name":"chubu junction 36.7406:137.1028:154","vn_kv":154.0,"vm_pu":1.0018,"va_deg":13.04}},{"type":"Feature","geometry":{"type":"Point","coordinates":[137.04701,36.76033]},"properties":{"name":"chubu junction 36.7603:137.047:66","vn_kv":66.0,"vm_pu":0.9947,"va_deg":10.74}},{"type":"Feature","geometry":{"type":"Point","coordinates":[137.10144,36.29996]},"properties":{"name":"chubu junction 36.3:137.1014:275","vn_kv":275.0,"vm_pu":1.0368,"va_deg":13.47}},{"type":"Feature","geometry":{"type":"Point","coordinates":[135.98872,35.53375]},"properties":{"name":"chubu junction 35.5337:135.9887:500","vn_kv":500.0,"vm_pu":1.0794,"va_deg":15.8}},{"type":"Feature","geometry":{"type":"Point","coordinates":[138.084,35.7661]},"properties":{"name":"chubu junction 35.7661:138.084:77","vn_kv":77.0,"vm_pu":0.9999,"va_deg":3.56}},{"type":"Feature","geometry":{"type":"Point","coordinates":[138.09411,35.78999]},"properties":{"name":"chubu junction 35.79:138.0941:0","vn_kv":66.0,"vm_pu":1.0,"va_deg":0.0}},{"type":"Feature","geometry":{"type":"Point","coordinates":[138.07668,35.74972]},"properties":{"name":"chubu junction 35.7497:138.0767:0","vn_kv":66.0,"vm_pu":1.0,"va_deg":-0.0}},{"type":"Feature","geometry":{"type":"Point","coordinates":[138.13267,35.65261]},"properties":{"name":"chubu junction 35.6526:138.1327:0","vn_kv":66.0,"vm_pu":1.0,"va_deg":0.0}},{"type":"Feature","geometry":{"type":"Point","coordinates":[138.08412,35.76596]},"properties":{"name":"chubu junction 35.766:138.0841:0","vn_kv":66.0,"vm_pu":1.0001,"va_deg":-0.0}},{"type":"Feature","geometry":{"type":"Point","coordinates":[138.43742,35.41003]},"properties":{"name":"chubu junction 35.41:138.4374:0","vn_kv":66.0,"vm_pu":1.0,"va_deg":-0.0}},{"type":"Feature","geometry":{"type":"Point","coordinates":[138.43524,35.41232]},"properties":{"name":"chubu junction 35.4123:138.4352:0","vn_kv":66.0,"vm_pu":1.0,"va_deg":0.0}},{"type":"Feature","geometry":{"type":"Point","coordinates":[138.29659,35.64726]},"properties":{"name":"chubu junction 35.6473:138.2966:0","vn_kv":66.0,"vm_pu":1.0,"va_deg":0.0}},{"type":"Feature","geometry":{"type":"Point","coordinates":[138.31237,35.52558]},"properties":{"name":"chubu junction 35.5256:138.3124:0","vn_kv":66.0,"vm_pu":1.0001,"va_deg":-0.0}},{"type":"Feature","geometry":{"type":"Point","coordinates":[137.16702,35.03679]},"properties":{"name":"chubu junction 35.0368:137.167:77","vn_kv":77.0,"vm_pu":0.9911,"va_deg":11.82}},{"type":"Feature","geometry":{"type":"Point","coordinates":[136.24758,35.511]},"properties":{"name":"chubu junction 35.511:136.2476:77","vn_kv":77.0,"vm_pu":0.9996,"va_deg":10.27}},{"type":"Feature","geometry":{"type":"Point","coordinates":[137.97338,35.61152]},"properties":{"name":"chubu junction 35.6115:137.9734:154","vn_kv":154.0,"vm_pu":1.0028,"va_deg":12.17}},{"type":"Feature","geometry":{"type":"Point","coordinates":[137.9784,35.60544]},"properties":{"name":"chubu junction 35.6054:137.9784:154","vn_kv":154.0,"vm_pu":1.0028,"va_deg":12.17}},{"type":"Feature","geometry":{"type":"Point","coordinates":[137.93195,35.59205]},"properties":{"name":"chubu junction 35.592:137.9319:154","vn_kv":154.0,"vm_pu":1.0027,"va_deg":12.17}},{"type":"Feature","geometry":{"type":"Point","coordinates":[137.7957,35.48391]},"properties":{"name":"chubu junction 35.4839:137.7957:0","vn_kv":66.0,"vm_pu":1.0,"va_deg":-0.76}},{"type":"Feature","geometry":{"type":"Point","coordinates":[136.20171,35.15788]},"properties":{"name":"chubu junction 35.1579:136.2017:77","vn_kv":77.0,"vm_pu":1.0003,"va_deg":11.4}},{"type":"Feature","geometry":{"type":"Point","coordinates":[136.19997,35.15648]},"properties":{"name":"chubu junction 35.1565:136.2:77","vn_kv":77.0,"vm_pu":1.0003,"va_deg":11.4}},{"type":"Feature","geometry":{"type":"Point","coordinates":[136.28554,35.39062]},"properties":{"name":"chubu junction 35.3906:136.2855:66","vn_kv":66.0,"vm_pu":0.9999,"va_deg":10.62}},{"type":"Feature","geometry":{"type":"Point","coordinates":[135.91967,34.77679]},"properties":{"name":"chubu junction 34.7768:135.9197:154","vn_kv":154.0,"vm_pu":0.9811,"va_deg":8.43}},{"type":"Feature","geometry":{"type":"Point","coordinates":[137.11525,35.25224]},"properties":{"name":"chubu junction 35.2522:137.1152:77","vn_kv":77.0,"vm_pu":0.9922,"va_deg":9.89}},{"type":"Feature","geometry":{"type":"Point","coordinates":[139.18418,36.18575]},"properties":{"name":"chubu junction 36.1858:139.1842:0","vn_kv":66.0,"vm_pu":1.0,"va_deg":0.0}},{"type":"Feature","geometry":{"type":"Point","coordinates":[139.18194,36.18502]},"properties":{"name":"chubu junction 36.185:139.1819:0","vn_kv":66.0,"vm_pu":1.0,"va_deg":-0.0}},{"type":"Feature","geometry":{"type":"Point","coordinates":[137.04298,34.88438]},"properties":{"name":"chubu junction 34.8844:137.043:77","vn_kv":77.0,"vm_pu":0.9924,"va_deg":13.12}},{"type":"Feature","geometry":{"type":"Point","coordinates":[137.06683,34.8987]},"properties":{"name":"chubu junction 34.8987:137.0668:154","vn_kv":154.0,"vm_pu":0.9909,"va_deg":12.31}},{"type":"Feature","geometry":{"type":"Point","coordinates":[137.09118,34.88669]},"properties":{"name":"chubu junction 34.8867:137.0912:77","vn_kv":77.0,"vm_pu":0.9932,"va_deg":12.8}},{"type":"Feature","geometry":{"type":"Point","coordinates":[137.00963,34.84709]},"properties":{"name":"chubu junction 34.8471:137.0096:77","vn_kv":77.0,"vm_pu":0.9978,"va_deg":14.65}},{"type":"Feature","geometry":{"type":"Point","coordinates":[137.00923,34.84456]},"properties":{"name":"chubu junction 34.8446:137.0092:77","vn_kv":77.0,"vm_pu":0.9978,"va_deg":14.65}},{"type":"Feature","geometry":{"type":"Point","coordinates":[137.07229,34.84276]},"properties":{"name":"chubu junction 34.8428:137.0723:275","vn_kv":275.0,"vm_pu":1.0019,"va_deg":15.73}},{"type":"Feature","geometry":{"type":"Point","coordinates":[137.14524,34.89128]},"properties":{"name":"chubu junction 34.8913:137.1452:77","vn_kv":77.0,"vm_pu":1.0018,"va_deg":14.07}},{"type":"Feature","geometry":{"type":"Point","coordinates":[137.14633,34.88983]},"properties":{"name":"chubu junction 34.8898:137.1463:77","vn_kv":77.0,"vm_pu":1.0021,"va_deg":14.11}},{"type":"Feature","geometry":{"type":"Point","coordinates":[137.16678,34.90388]},"properties":{"name":"chubu junction 34.9039:137.1668:0","vn_kv":66.0,"vm_pu":1.0021,"va_deg":14.11}},{"type":"Feature","geometry":{"type":"Point","coordinates":[137.12235,34.87611]},"properties":{"name":"chubu junction 34.8761:137.1223:77","vn_kv":77.0,"vm_pu":0.9957,"va_deg":13.17}},{"type":"Feature","geometry":{"type":"Point","coordinates":[137.60517,35.32922]},"properties":{"name":"chubu junction 35.3292:137.6052:0","vn_kv":66.0,"vm_pu":1.0004,"va_deg":-1.1}},{"type":"Feature","geometry":{"type":"Point","coordinates":[137.60228,35.33092]},"properties":{"name":"chubu junction 35.3309:137.6023:0","vn_kv":66.0,"vm_pu":1.0004,"va_deg":-1.1}},{"type":"Feature","geometry":{"type":"Point","coordinates":[137.52395,35.30277]},"properties":{"name":"chubu junction 35.3028:137.524:0","vn_kv":66.0,"vm_pu":1.0004,"va_deg":-1.1}},{"type":"Feature","geometry":{"type":"Point","coordinates":[137.84832,35.50276]},"properties":{"name":"chubu junction 35.5028:137.8483:0","vn_kv":66.0,"vm_pu":1.0,"va_deg":-0.64}},{"type":"Feature","geometry":{"type":"Point","coordinates":[137.84223,36.92081]},"properties":{"name":"chubu junction 36.9208:137.8422:0","vn_kv":66.0,"vm_pu":1.0,"va_deg":0.0}},{"type":"Feature","geometry":{"type":"Point","coordinates":[137.84277,36.93319]},"properties":{"name":"chubu junction 36.9332:137.8428:0","vn_kv":66.0,"vm_pu":1.0,"va_deg":-0.0}},{"type":"Feature","geometry":{"type":"Point","coordinates":[137.7955,36.83939]},"properties":{"name":"chubu junction 36.8394:137.7955:0","vn_kv":66.0,"vm_pu":1.0012,"va_deg":20.23}},{"type":"Feature","geometry":{"type":"Point","coordinates":[137.79292,37.01094]},"properties":{"name":"chubu junction 37.0109:137.7929:0","vn_kv":66.0,"vm_pu":1.0016,"va_deg":20.22}},{"type":"Feature","geometry":{"type":"Point","coordinates":[137.85776,36.93759]},"properties":{"name":"chubu junction 36.9376:137.8578:0","vn_kv":66.0,"vm_pu":1.0,"va_deg":0.0}},{"type":"Feature","geometry":{"type":"Point","coordinates":[137.86779,36.89166]},"properties":{"name":"chubu junction 36.8917:137.8678:0","vn_kv":66.0,"vm_pu":1.0,"va_deg":-0.0}},{"type":"Feature","geometry":{"type":"Point","coordinates":[137.76231,36.89266]},"properties":{"name":"chubu junction 36.8927:137.7623:0","vn_kv":66.0,"vm_pu":1.0,"va_deg":0.0}},{"type":"Feature","geometry":{"type":"Point","coordinates":[137.85733,36.93752]},"properties":{"name":"chubu junction 36.9375:137.8573:0","vn_kv":66.0,"vm_pu":1.0001,"va_deg":-0.0}},{"type":"Feature","geometry":{"type":"Point","coordinates":[137.39625,35.82516]},"properties":{"name":"chubu junction 35.8252:137.3963:0","vn_kv":154.0,"vm_pu":1.0003,"va_deg":9.34}},{"type":"Feature","geometry":{"type":"Point","coordinates":[135.98412,35.00981]},"properties":{"name":"chubu junction 35.0098:135.9841:0","vn_kv":66.0,"vm_pu":1.0038,"va_deg":11.85}},{"type":"Feature","geometry":{"type":"Point","coordinates":[136.00335,35.00846]},"properties":{"name":"chubu junction 35.0085:136.0033:0","vn_kv":66.0,"vm_pu":1.0038,"va_deg":11.85}},{"type":"Feature","geometry":{"type":"Point","coordinates":[137.6893,36.64457]},"properties":{"name":"chubu junction 36.6446:137.6893:275","vn_kv":275.0,"vm_pu":1.0259,"va_deg":13.86}},{"type":"Feature","geometry":{"type":"Point","coordinates":[136.58073,34.90629]},"properties":{"name":"chubu junction 34.9063:136.5807:77","vn_kv":77.0,"vm_pu":0.9948,"va_deg":15.7}},{"type":"Feature","geometry":{"type":"Point","coordinates":[136.57966,34.90231]},"properties":{"name":"chubu junction 34.9023:136.5797:77","vn_kv":77.0,"vm_pu":0.9948,"va_deg":15.7}},{"type":"Feature","geometry":{"type":"Point","coordinates":[136.57924,34.90144]},"properties":{"name":"chubu junction 34.9014:136.5792:77","vn_kv":77.0,"vm_pu":0.9948,"va_deg":15.7}},{"type":"Feature","geometry":{"type":"Point","coordinates":[136.89423,37.24037]},"properties":{"name":"chubu junction 37.2404:136.8942:154","vn_kv":154.0,"vm_pu":1.0155,"va_deg":13.84}},{"type":"Feature","geometry":{"type":"Point","coordinates":[136.87805,36.98146]},"properties":{"name":"chubu junction 36.9815:136.878:66","vn_kv":66.0,"vm_pu":0.9985,"va_deg":17.27}},{"type":"Feature","geometry":{"type":"Point","coordinates":[137.90176,35.57705]},"properties":{"name":"chubu junction 35.577:137.9018:77","vn_kv":77.0,"vm_pu":0.9981,"va_deg":18.08}},{"type":"Feature","geometry":{"type":"Point","coordinates":[138.19531,34.61507]},"properties":{"name":"chubu junction 34.6151:138.1953:500","vn_kv":500.0,"vm_pu":1.0282,"va_deg":16.16}},{"type":"Feature","geometry":{"type":"Point","coordinates":[136.03254,35.06784]},"properties":{"name":"chubu junction 35.0678:136.0325:77","vn_kv":77.0,"vm_pu":1.0067,"va_deg":11.79}},{"type":"Feature","geometry":{"type":"Point","coordinates":[136.00156,35.06948]},"properties":{"name":"chubu junction 35.0695:136.0016:0","vn_kv":66.0,"vm_pu":1.0084,"va_deg":11.92}},{"type":"Feature","geometry":{"type":"Point","coordinates":[135.9771,35.03015]},"properties":{"name":"chubu junction 35.0302:135.9771:0","vn_kv":66.0,"vm_pu":1.0059,"va_deg":11.72}},{"type":"Feature","geometry":{"type":"Point","coordinates":[136.00874,35.10307]},"properties":{"name":"chubu junction 35.1031:136.0087:77","vn_kv":77.0,"vm_pu":1.0056,"va_deg":11.69}},{"type":"Feature","geometry":{"type":"Point","coordinates":[136.00649,35.13441]},"properties":{"name":"chubu junction 35.1344:136.0065:77","vn_kv":77.0,"vm_pu":1.0057,"va_deg":11.69}},{"type":"Feature","geometry":{"type":"Point","coordinates":[136.00323,35.12542]},"properties":{"name":"chubu junction 35.1254:136.0032:77","vn_kv":77.0,"vm_pu":1.0057,"va_deg":11.69}},{"type":"Feature","geometry":{"type":"Point","coordinates":[135.98615,35.13845]},"properties":{"name":"chubu junction 35.1385:135.9862:77","vn_kv":77.0,"vm_pu":1.0057,"va_deg":11.69}},{"type":"Feature","geometry":{"type":"Point","coordinates":[135.98733,35.08015]},"properties":{"name":"chubu junction 35.0801:135.9873:77","vn_kv":77.0,"vm_pu":1.0056,"va_deg":11.69}},{"type":"Feature","geometry":{"type":"Point","coordinates":[136.03153,35.05579]},"properties":{"name":"chubu junction 35.0558:136.0315:77","vn_kv":77.0,"vm_pu":1.0067,"va_deg":11.79}},{"type":"Feature","geometry":{"type":"Point","coordinates":[137.79605,35.52048]},"properties":{"name":"chubu junction 35.5205:137.796:0","vn_kv":66.0,"vm_pu":1.0,"va_deg":0.0}},{"type":"Feature","geometry":{"type":"Point","coordinates":[136.85368,34.88573]},"properties":{"name":"chubu junction 34.8857:136.8537:0","vn_kv":66.0,"vm_pu":0.9997,"va_deg":14.22}},{"type":"Feature","geometry":{"type":"Point","coordinates":[136.83215,34.96269]},"properties":{"name":"chubu junction 34.9627:136.8322:0","vn_kv":66.0,"vm_pu":1.0,"va_deg":0.0}},{"type":"Feature","geometry":{"type":"Point","coordinates":[136.82639,34.96651]},"properties":{"name":"chubu junction 34.9665:136.8264:0","vn_kv":66.0,"vm_pu":1.0,"va_deg":-0.0}},{"type":"Feature","geometry":{"type":"Point","coordinates":[136.82488,34.96502]},"properties":{"name":"chubu junction 34.965:136.8249:0","vn_kv":66.0,"vm_pu":1.0,"va_deg":-0.0}},{"type":"Feature","geometry":{"type":"Point","coordinates":[136.8493,34.98544]},"properties":{"name":"chubu junction 34.9854:136.8493:0","vn_kv":66.0,"vm_pu":1.0,"va_deg":-0.0}},{"type":"Feature","geometry":{"type":"Point","coordinates":[136.2627,35.24238]},"properties":{"name":"chubu junction 35.2424:136.2627:154","vn_kv":154.0,"vm_pu":1.0023,"va_deg":11.79}},{"type":"Feature","geometry":{"type":"Point","coordinates":[136.25348,35.21582]},"properties":{"name":"chubu junction 35.2158:136.2535:77","vn_kv":154.0,"vm_pu":1.0029,"va_deg":11.71}},{"type":"Feature","geometry":{"type":"Point","coordinates":[136.23885,35.19967]},"properties":{"name":"chubu junction 35.1997:136.2389:77","vn_kv":77.0,"vm_pu":1.0024,"va_deg":11.67}},{"type":"Feature","geometry":{"type":"Point","coordinates":[136.26071,35.22367]},"properties":{"name":"chubu junction 35.2237:136.2607:154","vn_kv":154.0,"vm_pu":1.0019,"va_deg":11.81}},{"type":"Feature","geometry":{"type":"Point","coordinates":[137.77278,35.53673]},"properties":{"name":"chubu junction 35.5367:137.7728:0","vn_kv":66.0,"vm_pu":1.0,"va_deg":-0.0}},{"type":"Feature","geometry":{"type":"Point","coordinates":[137.37365,36.56309]},"properties":{"name":"chubu junction 36.5631:137.3736:66","vn_kv":66.0,"vm_pu":0.9977,"va_deg":13.21}},{"type":"Feature","geometry":{"type":"Point","coordinates":[137.39486,36.56325]},"properties":{"name":"chubu junction 36.5633:137.3949:66","vn_kv":66.0,"vm_pu":0.9977,"va_deg":13.21}},{"type":"Feature","geometry":{"type":"Point","coordinates":[137.43642,36.54332]},"properties":{"name":"chubu junction 36.5433:137.4364:0","vn_kv":66.0,"vm_pu":1.0,"va_deg":13.93}},{"type":"Feature","geometry":{"type":"Point","coordinates":[137.42382,34.69855]},"properties":{"name":"chubu junction 34.6985:137.4238:77","vn_kv":77.0,"vm_pu":0.9983,"va_deg":15.08}},{"type":"Feature","geometry":{"type":"Point","coordinates":[136.99987,34.95408]},"properties":{"name":"chubu junction 34.9541:136.9999:154","vn_kv":154.0,"vm_pu":0.9901,"va_deg":11.94}},{"type":"Feature","geometry":{"type":"Point","coordinates":[136.99419,34.95619]},"properties":{"name":"chubu junction 34.9562:136.9942:154","vn_kv":154.0,"vm_pu":0.9901,"va_deg":11.94}},{"type":"Feature","geometry":{"type":"Point","coordinates":[136.9993,34.95344]},"properties":{"name":"chubu junction 34.9534:136.9993:154","vn_kv":154.0,"vm_pu":0.9901,"va_deg":11.94}},{"type":"Feature","geometry":{"type":"Point","coordinates":[137.39449,34.74835]},"properties":{"name":"chubu junction 34.7484:137.3945:77","vn_kv":77.0,"vm_pu":0.9955,"va_deg":15.19}},{"type":"Feature","geometry":{"type":"Point","coordinates":[137.39432,34.74851]},"properties":{"name":"chubu junction 34.7485:137.3943:77","vn_kv":77.0,"vm_pu":0.9955,"va_deg":15.19}},{"type":"Feature","geometry":{"type":"Point","coordinates":[136.57601,34.85219]},"properties":{"name":"chubu junction 34.8522:136.576:0","vn_kv":66.0,"vm_pu":0.9951,"va_deg":15.7}},{"type":"Feature","geometry":{"type":"Point","coordinates":[139.27586,35.33303]},"properties":{"name":"chubu junction 35.333:139.2759:77","vn_kv":77.0,"vm_pu":0.9636,"va_deg":-3.49}},{"type":"Feature","geometry":{"type":"Point","coordinates":[136.94018,36.69504]},"properties":{"name":"chubu junction 36.695:136.9402:66","vn_kv":66.0,"vm_pu":0.9994,"va_deg":10.2}},{"type":"Feature","geometry":{"type":"Point","coordinates":[137.09201,36.76485]},"properties":{"name":"chubu junction 36.7649:137.092:66","vn_kv":66.0,"vm_pu":0.9959,"va_deg":11.09}},{"type":"Feature","geometry":{"type":"Point","coordinates":[136.88474,36.54869]},"properties":{"name":"chubu junction 36.5487:136.8847:66","vn_kv":66.0,"vm_pu":0.9915,"va_deg":9.87}},{"type":"Feature","geometry":{"type":"Point","coordinates":[136.99113,36.55501]},"properties":{"name":"chubu junction 36.555:136.9911:154","vn_kv":154.0,"vm_pu":1.0055,"va_deg":12.81}},{"type":"Feature","geometry":{"type":"Point","coordinates":[136.99314,36.5629]},"properties":{"name":"chubu junction 36.5629:136.9931:154","vn_kv":154.0,"vm_pu":1.0055,"va_deg":12.81}},{"type":"Feature","geometry":{"type":"Point","coordinates":[137.05189,36.76784]},"properties":{"name":"chubu junction 36.7678:137.0519:66","vn_kv":66.0,"vm_pu":0.9948,"va_deg":10.76}},{"type":"Feature","geometry":{"type":"Point","coordinates":[136.98256,36.75491]},"properties":{"name":"chubu junction 36.7549:136.9826:66","vn_kv":66.0,"vm_pu":0.9999,"va_deg":10.04}},{"type":"Feature","geometry":{"type":"Point","coordinates":[137.29307,36.33995]},"properties":{"name":"chubu junction 36.3399:137.2931:154","vn_kv":154.0,"vm_pu":1.0029,"va_deg":13.15}},{"type":"Feature","geometry":{"type":"Point","coordinates":[137.28292,36.3688]},"properties":{"name":"chubu junction 36.3688:137.2829:154","vn_kv":154.0,"vm_pu":1.0027,"va_deg":13.15}},{"type":"Feature","geometry":{"type":"Point","coordinates":[137.27849,36.14009]},"properties":{"name":"chubu junction 36.1401:137.2785:0","vn_kv":66.0,"vm_pu":1.0036,"va_deg":13.13}},{"type":"Feature","geometry":{"type":"Point","coordinates":[136.14762,35.71566]},"properties":{"name":"chubu junction 35.7157:136.1476:0","vn_kv":66.0,"vm_pu":1.004,"va_deg":12.82}},{"type":"Feature","geometry":{"type":"Point","coordinates":[135.97001,35.25355]},"properties":{"name":"chubu junction 35.2536:135.97:77","vn_kv":77.0,"vm_pu":0.9908,"va_deg":8.43}},{"type":"Feature","geometry":{"type":"Point","coordinates":[135.93457,35.22461]},"properties":{"name":"chubu junction 35.2246:135.9346:0","vn_kv":66.0,"vm_pu":0.9908,"va_deg":8.43}},{"type":"Feature","geometry":{"type":"Point","coordinates":[136.13407,34.96631]},"properties":{"name":"chubu junction 34.9663:136.1341:66","vn_kv":66.0,"vm_pu":0.9985,"va_deg":10.32}},{"type":"Feature","geometry":{"type":"Point","coordinates":[136.37336,35.10575]},"properties":{"name":"chubu junction 35.1058:136.3734:77","vn_kv":77.0,"vm_pu":0.9834,"va_deg":8.83}},{"type":"Feature","geometry":{"type":"Point","coordinates":[136.33386,35.07643]},"properties":{"name":"chubu junction 35.0764:136.3339:77","vn_kv":77.0,"vm_pu":0.9834,"va_deg":8.83}},{"type":"Feature","geometry":{"type":"Point","coordinates":[136.33527,35.07671]},"properties":{"name":"chubu junction 35.0767:136.3353:77","vn_kv":77.0,"vm_pu":0.9834,"va_deg":8.83}},{"type":"Feature","geometry":{"type":"Point","coordinates":[136.37363,35.1059]},"properties":{"name":"chubu junction 35.1059:136.3736:0","vn_kv":66.0,"vm_pu":1.0,"va_deg":0.0}},{"type":"Feature","geometry":{"type":"Point","coordinates":[136.3959,35.07932]},"properties":{"name":"chubu junction 35.0793:136.3959:0","vn_kv":66.0,"vm_pu":1.0,"va_deg":-0.0}},{"type":"Feature","geometry":{"type":"Point","coordinates":[136.30414,35.07399]},"properties":{"name":"chubu junction 35.074:136.3041:77","vn_kv":77.0,"vm_pu":0.9834,"va_deg":8.83}},{"type":"Feature","geometry":{"type":"Point","coordinates":[136.25177,35.08704]},"properties":{"name":"chubu junction 35.087:136.2518:77","vn_kv":77.0,"vm_pu":0.9854,"va_deg":9.19}},{"type":"Feature","geometry":{"type":"Point","coordinates":[137.8578,35.75954]},"properties":{"name":"chubu junction 35.7595:137.8578:77","vn_kv":77.0,"vm_pu":1.0001,"va_deg":7.76}},{"type":"Feature","geometry":{"type":"Point","coordinates":[137.90246,35.64558]},"properties":{"name":"chubu junction 35.6456:137.9025:154","vn_kv":154.0,"vm_pu":1.0033,"va_deg":11.92}},{"type":"Feature","geometry":{"type":"Point","coordinates":[137.87016,35.676]},"properties":{"name":"chubu junction 35.676:137.8702:154","vn_kv":154.0,"vm_pu":1.0033,"va_deg":11.92}},{"type":"Feature","geometry":{"type":"Point","coordinates":[137.83336,35.47319]},"properties":{"name":"chubu junction 35.4732:137.8334:0","vn_kv":66.0,"vm_pu":1.0,"va_deg":-0.65}},{"type":"Feature","geometry":{"type":"Point","coordinates":[137.48792,35.2983]},"properties":{"name":"chubu junction 35.2983:137.4879:0","vn_kv":66.0,"vm_pu":1.0,"va_deg":-0.0}},{"type":"Feature","geometry":{"type":"Point","coordinates":[137.50536,35.29987]},"properties":{"name":"chubu junction 35.2999:137.5054:0","vn_kv":66.0,"vm_pu":1.0,"va_deg":0.0}},{"type":"Feature","geometry":{"type":"Point","coordinates":[137.52309,35.30271]},"properties":{"name":"chubu junction 35.3027:137.5231:0","vn_kv":66.0,"vm_pu":1.0,"va_deg":-0.0}},{"type":"Feature","geometry":{"type":"Point","coordinates":[137.50525,35.3112]},"properties":{"name":"chubu junction 35.3112:137.5053:0","vn_kv":66.0,"vm_pu":1.0,"va_deg":-0.0}},{"type":"Feature","geometry":{"type":"Point","coordinates":[138.19457,36.47951]},"properties":{"name":"chubu junction 36.4795:138.1946:77","vn_kv":77.0,"vm_pu":1.0,"va_deg":5.25}},{"type":"Feature","geometry":{"type":"Point","coordinates":[136.5527,35.98105]},"properties":{"name":"chubu junction 35.981:136.5527:0","vn_kv":66.0,"vm_pu":1.0687,"va_deg":17.92}},{"type":"Feature","geometry":{"type":"Point","coordinates":[136.64093,35.94425]},"properties":{"name":"chubu junction 35.9443:136.6409:154","vn_kv":154.0,"vm_pu":1.0059,"va_deg":14.03}},{"type":"Feature","geometry":{"type":"Point","coordinates":[136.55281,35.98094]},"properties":{"name":"chubu junction 35.9809:136.5528:0","vn_kv":66.0,"vm_pu":1.0,"va_deg":0.0}},{"type":"Feature","geometry":{"type":"Point","coordinates":[136.58635,35.96707]},"properties":{"name":"chubu junction 35.9671:136.5863:0","vn_kv":66.0,"vm_pu":1.0,"va_deg":-0.0}},{"type":"Feature","geometry":{"type":"Point","coordinates":[139.11028,36.64575]},"properties":{"name":"chubu junction 36.6458:139.1103:0","vn_kv":66.0,"vm_pu":1.0,"va_deg":0.0}},{"type":"Feature","geometry":{"type":"Point","coordinates":[139.1087,36.64809]},"properties":{"name":"chubu junction 36.6481:139.1087:0","vn_kv":66.0,"vm_pu":1.0,"va_deg":-0.0}},{"type":"Feature","geometry":{"type":"Point","coordinates":[139.11047,36.64534]},"properties":{"name":"chubu junction 36.6453:139.1105:0","vn_kv":66.0,"vm_pu":1.0,"va_deg":-0.0}},{"type":"Feature","geometry":{"type":"Point","coordinates":[139.1106,36.6454]},"properties":{"name":"chubu junction 36.6454:139.1106:0","vn_kv":66.0,"vm_pu":1.0,"va_deg":-0.0}},{"type":"Feature","geometry":{"type":"Point","coordinates":[137.35608,36.70029]},"properties":{"name":"chubu junction 36.7003:137.3561:66","vn_kv":66.0,"vm_pu":0.9989,"va_deg":11.59}},{"type":"Feature","geometry":{"type":"Point","coordinates":[137.28037,36.63968]},"properties":{"name":"chubu junction 36.6397:137.2804:66","vn_kv":66.0,"vm_pu":0.9986,"va_deg":12.25}},{"type":"Feature","geometry":{"type":"Point","coordinates":[137.27809,36.63987]},"properties":{"name":"chubu junction 36.6399:137.2781:66","vn_kv":66.0,"vm_pu":0.9986,"va_deg":12.25}},{"type":"Feature","geometry":{"type":"Point","coordinates":[137.30514,36.62022]},"properties":{"name":"chubu junction 36.6202:137.3051:66","vn_kv":66.0,"vm_pu":0.9997,"va_deg":12.58}},{"type":"Feature","geometry":{"type":"Point","coordinates":[137.2921,36.61842]},"properties":{"name":"chubu junction 36.6184:137.2921:66","vn_kv":66.0,"vm_pu":0.9997,"va_deg":12.58}},{"type":"Feature","geometry":{"type":"Point","coordinates":[137.32019,36.53158]},"properties":{"name":"chubu junction 36.5316:137.3202:66","vn_kv":66.0,"vm_pu":0.9995,"va_deg":12.78}},{"type":"Feature","geometry":{"type":"Point","coordinates":[137.22503,36.56168]},"properties":{"name":"chubu junction 36.5617:137.225:154","vn_kv":154.0,"vm_pu":1.0015,"va_deg":13.19}},{"type":"Feature","geometry":{"type":"Point","coordinates":[137.25422,36.45357]},"properties":{"name":"chubu junction 36.4536:137.2542:66","vn_kv":66.0,"vm_pu":0.9958,"va_deg":11.45}},{"type":"Feature","geometry":{"type":"Point","coordinates":[136.66721,36.52106]},"properties":{"name":"chubu junction 36.5211:136.6672:77","vn_kv":77.0,"vm_pu":0.9807,"va_deg":9.43}},{"type":"Feature","geometry":{"type":"Point","coordinates":[136.62347,36.52793]},"properties":{"name":"chubu junction 36.5279:136.6235:77","vn_kv":77.0,"vm_pu":0.9816,"va_deg":9.72}},{"type":"Feature","geometry":{"type":"Point","coordinates":[136.88603,36.27246]},"properties":{"name":"chubu junction 36.2725:136.886:275","vn_kv":275.0,"vm_pu":1.0366,"va_deg":13.45}},{"type":"Feature","geometry":{"type":"Point","coordinates":[136.88539,36.27098]},"properties":{"name":"chubu junction 36.271:136.8854:275","vn_kv":275.0,"vm_pu":1.0366,"va_deg":13.45}},{"type":"Feature","geometry":{"type":"Point","coordinates":[136.88496,36.26824]},"properties":{"name":"chubu junction 36.2682:136.885:275","vn_kv":275.0,"vm_pu":1.0366,"va_deg":13.43}},{"type":"Feature","geometry":{"type":"Point","coordinates":[136.89277,36.32156]},"properties":{"name":"chubu junction 36.3216:136.8928:275","vn_kv":275.0,"vm_pu":1.0363,"va_deg":13.62}},{"type":"Feature","geometry":{"type":"Point","coordinates":[136.89186,36.32244]},"properties":{"name":"chubu junction 36.3224:136.8919:275","vn_kv":275.0,"vm_pu":1.0362,"va_deg":13.62}},{"type":"Feature","geometry":{"type":"Point","coordinates":[136.89056,36.32323]},"properties":{"name":"chubu junction 36.3232:136.8906:275","vn_kv":275.0,"vm_pu":1.0362,"va_deg":13.62}},{"type":"Feature","geometry":{"type":"Point","coordinates":[136.88622,36.22323]},"properties":{"name":"chubu junction 36.2232:136.8862:275","vn_kv":275.0,"vm_pu":1.0368,"va_deg":13.29}},{"type":"Feature","geometry":{"type":"Point","coordinates":[136.88126,36.21914]},"properties":{"name":"chubu junction 36.2191:136.8813:275","vn_kv":275.0,"vm_pu":1.0368,"va_deg":13.29}},{"type":"Feature","geometry":{"type":"Point","coordinates":[136.90441,36.12686]},"properties":{"name":"chubu junction 36.1269:136.9044:77","vn_kv":77.0,"vm_pu":1.0198,"va_deg":10.5}},{"type":"Feature","geometry":{"type":"Point","coordinates":[136.93921,36.08451]},"properties":{"name":"chubu junction 36.0845:136.9392:77","vn_kv":77.0,"vm_pu":1.0141,"va_deg":9.97}},{"type":"Feature","geometry":{"type":"Point","coordinates":[136.8997,36.17804]},"properties":{"name":"chubu junction 36.178:136.8997:77","vn_kv":77.0,"vm_pu":1.0198,"va_deg":10.5}},{"type":"Feature","geometry":{"type":"Point","coordinates":[136.90571,36.1365]},"properties":{"name":"chubu junction 36.1365:136.9057:77","vn_kv":77.0,"vm_pu":1.0198,"va_deg":10.5}},{"type":"Feature","geometry":{"type":"Point","coordinates":[136.91469,36.13858]},"properties":{"name":"chubu junction 36.1386:136.9147:275","vn_kv":275.0,"vm_pu":1.0372,"va_deg":13.03}},{"type":"Feature","geometry":{"type":"Point","coordinates":[136.87086,36.35961]},"properties":{"name":"chubu junction 36.3596:136.8709:275","vn_kv":275.0,"vm_pu":1.036,"va_deg":13.75}},{"type":"Feature","geometry":{"type":"Point","coordinates":[136.96739,36.46704]},"properties":{"name":"chubu junction 36.467:136.9674:154","vn_kv":154.0,"vm_pu":1.0099,"va_deg":12.88}},{"type":"Feature","geometry":{"type":"Point","coordinates":[137.79901,35.39798]},"properties":{"name":"chubu junction 35.398:137.799:0","vn_kv":66.0,"vm_pu":1.0,"va_deg":-1.05}},{"type":"Feature","geometry":{"type":"Point","coordinates":[137.68092,35.45496]},"properties":{"name":"chubu junction 35.455:137.6809:0","vn_kv":66.0,"vm_pu":1.0,"va_deg":-0.0}},{"type":"Feature","geometry":{"type":"Point","coordinates":[137.03442,34.99457]},"properties":{"name":"chubu junction 34.9946:137.0344:0","vn_kv":66.0,"vm_pu":0.9897,"va_deg":11.73}},{"type":"Feature","geometry":{"type":"Point","coordinates":[136.9372,36.03192]},"properties":{"name":"chubu junction 36.0319:136.9372:77","vn_kv":77.0,"vm_pu":1.0114,"va_deg":9.72}},{"type":"Feature","geometry":{"type":"Point","coordinates":[136.91943,36.07795]},"properties":{"name":"chubu junction 36.0779:136.9194:77","vn_kv":77.0,"vm_pu":1.0141,"va_deg":9.97}},{"type":"Feature","geometry":{"type":"Point","coordinates":[137.946,36.20854]},"properties":{"name":"chubu junction 36.2085:137.946:77","vn_kv":77.0,"vm_pu":0.996,"va_deg":2.37}},{"type":"Feature","geometry":{"type":"Point","coordinates":[137.8966,36.05256]},"properties":{"name":"chubu junction 36.0526:137.8966:154","vn_kv":154.0,"vm_pu":1.0042,"va_deg":10.16}},{"type":"Feature","geometry":{"type":"Point","coordinates":[138.85694,34.62688]},"properties":{"name":"chubu junction 34.6269:138.8569:0","vn_kv":66.0,"vm_pu":1.0,"va_deg":0.0}},{"type":"Feature","geometry":{"type":"Point","coordinates":[138.87765,34.64048]},"properties":{"name":"chubu junction 34.6405:138.8776:0","vn_kv":66.0,"vm_pu":1.0,"va_deg":-0.0}},{"type":"Feature","geometry":{"type":"Point","coordinates":[139.09901,36.30157]},"properties":{"name":"chubu junction 36.3016:139.099:0","vn_kv":66.0,"vm_pu":1.0,"va_deg":-0.0}},{"type":"Feature","geometry":{"type":"Point","coordinates":[139.09768,36.30048]},"properties":{"name":"chubu junction 36.3005:139.0977:0","vn_kv":66.0,"vm_pu":1.0,"va_deg":-0.0}},{"type":"Feature","geometry":{"type":"Point","coordinates":[139.17206,35.38034]},"properties":{"name":"chubu junction 35.3803:139.1721:0","vn_kv":66.0,"vm_pu":1.0,"va_deg":0.0}},{"type":"Feature","geometry":{"type":"Point","coordinates":[139.17233,35.37962]},"properties":{"name":"chubu junction 35.3796:139.1723:0","vn_kv":66.0,"vm_pu":1.0,"va_deg":-0.0}},{"type":"Feature","geometry":{"type":"Point","coordinates":[136.61301,35.42652]},"properties":{"name":"chubu junction 35.4265:136.613:0","vn_kv":66.0,"vm_pu":1.0,"va_deg":-0.0}},{"type":"Feature","geometry":{"type":"Point","coordinates":[136.51038,35.54139]},"properties":{"name":"chubu junction 35.5414:136.5104:77","vn_kv":77.0,"vm_pu":1.0001,"va_deg":8.8}},{"type":"Feature","geometry":{"type":"Point","coordinates":[136.36033,35.61798]},"properties":{"name":"chubu junction 35.618:136.3603:77","vn_kv":77.0,"vm_pu":1.0003,"va_deg":8.8}},{"type":"Feature","geometry":{"type":"Point","coordinates":[136.50328,35.66336]},"properties":{"name":"chubu junction 35.6634:136.5033:0","vn_kv":66.0,"vm_pu":1.0001,"va_deg":-0.0}},{"type":"Feature","geometry":{"type":"Point","coordinates":[136.45504,35.59145]},"properties":{"name":"chubu junction 35.5914:136.455:0","vn_kv":66.0,"vm_pu":1.0,"va_deg":0.0}},{"type":"Feature","geometry":{"type":"Point","coordinates":[136.46293,35.46595]},"properties":{"name":"chubu junction 35.4659:136.4629:0","vn_kv":66.0,"vm_pu":1.0,"va_deg":0.0}},{"type":"Feature","geometry":{"type":"Point","coordinates":[136.56169,35.45892]},"properties":{"name":"chubu junction 35.4589:136.5617:0","vn_kv":66.0,"vm_pu":1.0001,"va_deg":-0.0}},{"type":"Feature","geometry":{"type":"Point","coordinates":[136.55126,35.46463]},"properties":{"name":"chubu junction 35.4646:136.5513:154","vn_kv":154.0,"vm_pu":1.0083,"va_deg":10.55}},{"type":"Feature","geometry":{"type":"Point","coordinates":[136.55984,35.39678]},"properties":{"name":"chubu junction 35.3968:136.5598:154","vn_kv":154.0,"vm_pu":1.0057,"va_deg":10.56}},{"type":"Feature","geometry":{"type":"Point","coordinates":[136.03059,35.3478]},"properties":{"name":"chubu junction 35.3478:136.0306:77","vn_kv":77.0,"vm_pu":0.992,"va_deg":8.66}},{"type":"Feature","geometry":{"type":"Point","coordinates":[136.03576,35.36363]},"properties":{"name":"chubu junction 35.3636:136.0358:77","vn_kv":77.0,"vm_pu":0.9918,"va_deg":8.63}},{"type":"Feature","geometry":{"type":"Point","coordinates":[136.72631,36.72152]},"properties":{"name":"chubu junction 36.7215:136.7263:77","vn_kv":77.0,"vm_pu":0.9934,"va_deg":13.69}},{"type":"Feature","geometry":{"type":"Point","coordinates":[136.6704,35.91454]},"properties":{"name":"chubu junction 35.9145:136.6704:154","vn_kv":154.0,"vm_pu":1.0032,"va_deg":14.38}},{"type":"Feature","geometry":{"type":"Point","coordinates":[136.66908,35.91557]},"properties":{"name":"chubu junction 35.9156:136.6691:154","vn_kv":154.0,"vm_pu":1.0032,"va_deg":14.38}},{"type":"Feature","geometry":{"type":"Point","coordinates":[136.9111,37.23117]},"properties":{"name":"chubu junction 37.2312:136.9111:66","vn_kv":66.0,"vm_pu":0.9991,"va_deg":17.26}},{"type":"Feature","geometry":{"type":"Point","coordinates":[136.92946,37.07368]},"properties":{"name":"chubu junction 37.0737:136.9295:66","vn_kv":66.0,"vm_pu":0.9983,"va_deg":17.45}},{"type":"Feature","geometry":{"type":"Point","coordinates":[136.98264,36.79829]},"properties":{"name":"chubu junction 36.7983:136.9826:154","vn_kv":154.0,"vm_pu":1.0043,"va_deg":13.17}},{"type":"Feature","geometry":{"type":"Point","coordinates":[137.06572,36.62878]},"properties":{"name":"chubu junction 36.6288:137.0657:66","vn_kv":66.0,"vm_pu":1.0006,"va_deg":11.23}},{"type":"Feature","geometry":{"type":"Point","coordinates":[137.09744,36.55726]},"properties":{"name":"chubu junction 36.5573:137.0974:66","vn_kv":66.0,"vm_pu":1.0038,"va_deg":12.77}},{"type":"Feature","geometry":{"type":"Point","coordinates":[137.06846,36.63157]},"properties":{"name":"chubu junction 36.6316:137.0685:66","vn_kv":66.0,"vm_pu":1.0006,"va_deg":11.23}},{"type":"Feature","geometry":{"type":"Point","coordinates":[137.07344,36.39914]},"properties":{"name":"chubu junction 36.3991:137.0734:66","vn_kv":66.0,"vm_pu":1.004,"va_deg":12.77}},{"type":"Feature","geometry":{"type":"Point","coordinates":[137.08164,36.43807]},"properties":{"name":"chubu junction 36.4381:137.0816:66","vn_kv":66.0,"vm_pu":1.004,"va_deg":12.77}},{"type":"Feature","geometry":{"type":"Point","coordinates":[137.08224,36.43769]},"properties":{"name":"chubu junction 36.4377:137.0822:66","vn_kv":66.0,"vm_pu":1.004,"va_deg":12.77}},{"type":"Feature","geometry":{"type":"Point","coordinates":[137.0675,36.48553]},"properties":{"name":"chubu junction 36.4855:137.0675:66","vn_kv":66.0,"vm_pu":1.0039,"va_deg":12.77}},{"type":"Feature","geometry":{"type":"Point","coordinates":[137.06567,36.48944]},"properties":{"name":"chubu junction 36.4894:137.0657:66","vn_kv":66.0,"vm_pu":1.0039,"va_deg":12.77}},{"type":"Feature","geometry":{"type":"Point","coordinates":[137.06965,36.51518]},"properties":{"name":"chubu junction 36.5152:137.0696:66","vn_kv":66.0,"vm_pu":1.0039,"va_deg":12.77}},{"type":"Feature","geometry":{"type":"Point","coordinates":[137.06649,36.48575]},"properties":{"name":"chubu junction 36.4857:137.0665:66","vn_kv":66.0,"vm_pu":1.0039,"va_deg":12.77}},{"type":"Feature","geometry":{"type":"Point","coordinates":[137.06378,36.48896]},"properties":{"name":"chubu junction 36.489:137.0638:66","vn_kv":66.0,"vm_pu":1.0039,"va_deg":12.77}},{"type":"Feature","geometry":{"type":"Point","coordinates":[137.07186,36.51417]},"properties":{"name":"chubu junction 36.5142:137.0719:66","vn_kv":66.0,"vm_pu":1.0039,"va_deg":12.77}},{"type":"Feature","geometry":{"type":"Point","coordinates":[137.18643,36.57005]},"properties":{"name":"chubu junction 36.57:137.1864:0","vn_kv":66.0,"vm_pu":0.9953,"va_deg":11.4}},{"type":"Feature","geometry":{"type":"Point","coordinates":[136.87972,35.54604]},"properties":{"name":"chubu junction 35.546:136.8797:154","vn_kv":154.0,"vm_pu":1.0049,"va_deg":10.68}},{"type":"Feature","geometry":{"type":"Point","coordinates":[136.88185,35.53876]},"properties":{"name":"chubu junction 35.5388:136.8818:154","vn_kv":154.0,"vm_pu":1.0049,"va_deg":10.68}},{"type":"Feature","geometry":{"type":"Point","coordinates":[136.86586,35.54318]},"properties":{"name":"chubu junction 35.5432:136.8659:154","vn_kv":154.0,"vm_pu":1.0053,"va_deg":10.66}},{"type":"Feature","geometry":{"type":"Point","coordinates":[136.98532,36.81294]},"properties":{"name":"chubu junction 36.8129:136.9853:154","vn_kv":154.0,"vm_pu":1.0043,"va_deg":13.17}},{"type":"Feature","geometry":{"type":"Point","coordinates":[137.23694,36.75887]},"properties":{"name":"chubu junction 36.7589:137.2369:0","vn_kv":66.0,"vm_pu":0.9979,"va_deg":11.41}},{"type":"Feature","geometry":{"type":"Point","coordinates":[137.22234,36.75059]},"properties":{"name":"chubu junction 36.7506:137.2223:66","vn_kv":66.0,"vm_pu":0.9976,"va_deg":11.45}},{"type":"Feature","geometry":{"type":"Point","coordinates":[137.23037,36.70559]},"properties":{"name":"chubu junction 36.7056:137.2304:66","vn_kv":66.0,"vm_pu":0.9975,"va_deg":11.64}},{"type":"Feature","geometry":{"type":"Point","coordinates":[137.38507,36.69318]},"properties":{"name":"chubu junction 36.6932:137.3851:275","vn_kv":275.0,"vm_pu":1.0264,"va_deg":13.9}},{"type":"Feature","geometry":{"type":"Point","coordinates":[137.43593,36.72656]},"properties":{"name":"chubu junction 36.7266:137.4359:0","vn_kv":66.0,"vm_pu":1.0,"va_deg":0.0}},{"type":"Feature","geometry":{"type":"Point","coordinates":[137.43991,36.70159]},"properties":{"name":"chubu junction 36.7016:137.4399:0","vn_kv":66.0,"vm_pu":1.0,"va_deg":-0.0}},{"type":"Feature","geometry":{"type":"Point","coordinates":[137.44004,36.7014]},"properties":{"name":"chubu junction 36.7014:137.44:0","vn_kv":66.0,"vm_pu":1.0,"va_deg":0.0}},{"type":"Feature","geometry":{"type":"Point","coordinates":[137.46015,36.67217]},"properties":{"name":"chubu junction 36.6722:137.4601:0","vn_kv":66.0,"vm_pu":1.0,"va_deg":-0.0}},{"type":"Feature","geometry":{"type":"Point","coordinates":[137.46028,36.67198]},"properties":{"name":"chubu junction 36.672:137.4603:0","vn_kv":66.0,"vm_pu":1.0,"va_deg":-0.0}},{"type":"Feature","geometry":{"type":"Point","coordinates":[137.4443,36.65592]},"properties":{"name":"chubu junction 36.6559:137.4443:0","vn_kv":66.0,"vm_pu":1.0,"va_deg":-0.0}},{"type":"Feature","geometry":{"type":"Point","coordinates":[137.48759,36.7721]},"properties":{"name":"chubu junction 36.7721:137.4876:0","vn_kv":66.0,"vm_pu":1.0256,"va_deg":13.88}},{"type":"Feature","geometry":{"type":"Point","coordinates":[137.51907,36.72533]},"properties":{"name":"chubu junction 36.7253:137.5191:0","vn_kv":66.0,"vm_pu":1.0257,"va_deg":13.88}},{"type":"Feature","geometry":{"type":"Point","coordinates":[137.52798,36.69741]},"properties":{"name":"chubu junction 36.6974:137.528:0","vn_kv":66.0,"vm_pu":1.0257,"va_deg":13.88}},{"type":"Feature","geometry":{"type":"Point","coordinates":[137.52266,36.72535]},"properties":{"name":"chubu junction 36.7253:137.5227:0","vn_kv":66.0,"vm_pu":1.0257,"va_deg":13.88}},{"type":"Feature","geometry":{"type":"Point","coordinates":[137.52282,36.72529]},"properties":{"name":"chubu junction 36.7253:137.5228:0","vn_kv":66.0,"vm_pu":1.0,"va_deg":0.0}},{"type":"Feature","geometry":{"type":"Point","coordinates":[137.5501,36.7298]},"properties":{"name":"chubu junction 36.7298:137.5501:0","vn_kv":66.0,"vm_pu":1.0,"va_deg":-0.0}},{"type":"Feature","geometry":{"type":"Point","coordinates":[137.31629,36.60293]},"properties":{"name":"chubu junction 36.6029:137.3163:0","vn_kv":66.0,"vm_pu":1.0,"va_deg":12.68}},{"type":"Feature","geometry":{"type":"Point","coordinates":[137.36133,36.55388]},"properties":{"name":"chubu junction 36.5539:137.3613:0","vn_kv":66.0,"vm_pu":1.0,"va_deg":13.93}},{"type":"Feature","geometry":{"type":"Point","coordinates":[137.38848,36.52315]},"properties":{"name":"chubu junction 36.5232:137.3885:66","vn_kv":66.0,"vm_pu":0.9977,"va_deg":13.21}},{"type":"Feature","geometry":{"type":"Point","coordinates":[137.39475,36.56352]},"properties":{"name":"chubu junction 36.5635:137.3947:0","vn_kv":66.0,"vm_pu":1.0,"va_deg":0.0}},{"type":"Feature","geometry":{"type":"Point","coordinates":[137.38364,36.56972]},"properties":{"name":"chubu junction 36.5697:137.3836:0","vn_kv":66.0,"vm_pu":1.0,"va_deg":-0.0}},{"type":"Feature","geometry":{"type":"Point","coordinates":[137.38344,36.56991]},"properties":{"name":"chubu junction 36.5699:137.3834:66","vn_kv":66.0,"vm_pu":0.9975,"va_deg":13.36}},{"type":"Feature","geometry":{"type":"Point","coordinates":[137.436,36.54546]},"properties":{"name":"chubu junction 36.5455:137.436:0","vn_kv":66.0,"vm_pu":1.0,"va_deg":0.0}},{"type":"Feature","geometry":{"type":"Point","coordinates":[137.43636,36.54352]},"properties":{"name":"chubu junction 36.5435:137.4364:0","vn_kv":66.0,"vm_pu":1.0,"va_deg":-0.0}},{"type":"Feature","geometry":{"type":"Point","coordinates":[137.93133,36.26399]},"properties":{"name":"chubu junction 36.264:137.9313:0","vn_kv":66.0,"vm_pu":1.0,"va_deg":0.0}},{"type":"Feature","geometry":{"type":"Point","coordinates":[137.9343,36.2618]},"properties":{"name":"chubu junction 36.2618:137.9343:0","vn_kv":66.0,"vm_pu":1.0,"va_deg":-0.0}},{"type":"Feature","geometry":{"type":"Point","coordinates":[138.91173,35.60338]},"properties":{"name":"chubu junction 35.6034:138.9117:66","vn_kv":66.0,"vm_pu":0.999,"va_deg":-0.08}},{"type":"Feature","geometry":{"type":"Point","coordinates":[139.04626,36.43528]},"properties":{"name":"chubu junction 36.4353:139.0463:0","vn_kv":66.0,"vm_pu":1.0,"va_deg":0.0}},{"type":"Feature","geometry":{"type":"Point","coordinates":[139.04646,36.43542]},"properties":{"name":"chubu junction 36.4354:139.0465:0","vn_kv":66.0,"vm_pu":1.0,"va_deg":-0.0}},{"type":"Feature","geometry":{"type":"Point","coordinates":[139.02443,36.47404]},"properties":{"name":"chubu junction 36.474:139.0244:66","vn_kv":66.0,"vm_pu":1.0,"va_deg":-0.0}},{"type":"Feature","geometry":{"type":"Point","coordinates":[139.04948,36.60327]},"properties":{"name":"chubu junction 36.6033:139.0495:66","vn_kv":66.0,"vm_pu":1.0,"va_deg":0.0}},{"type":"Feature","geometry":{"type":"Point","coordinates":[139.04936,36.60337]},"properties":{"name":"chubu junction 36.6034:139.0494:66","vn_kv":66.0,"vm_pu":1.0,"va_deg":-0.0}},{"type":"Feature","geometry":{"type":"Point","coordinates":[139.04668,36.60218]},"properties":{"name":"chubu junction 36.6022:139.0467:154","vn_kv":154.0,"vm_pu":1.0,"va_deg":0.0}},{"type":"Feature","geometry":{"type":"Point","coordinates":[139.04633,36.60263]},"properties":{"name":"chubu junction 36.6026:139.0463:154","vn_kv":154.0,"vm_pu":1.0,"va_deg":-0.0}},{"type":"Feature","geometry":{"type":"Point","coordinates":[139.05117,36.64076]},"properties":{"name":"chubu junction 36.6408:139.0512:66","vn_kv":66.0,"vm_pu":1.0,"va_deg":0.0}},{"type":"Feature","geometry":{"type":"Point","coordinates":[139.05126,36.64067]},"properties":{"name":"chubu junction 36.6407:139.0513:66","vn_kv":66.0,"vm_pu":1.0,"va_deg":-0.0}},{"type":"Feature","geometry":{"type":"Point","coordinates":[136.24821,35.52035]},"properties":{"name":"chubu junction 35.5203:136.2482:77","vn_kv":77.0,"vm_pu":0.9996,"va_deg":10.27}},{"type":"Feature","geometry":{"type":"Point","coordinates":[136.24978,35.47388]},"properties":{"name":"chubu junction 35.4739:136.2498:77","vn_kv":77.0,"vm_pu":0.9999,"va_deg":10.59}},{"type":"Feature","geometry":{"type":"Point","coordinates":[136.3571,35.38821]},"properties":{"name":"chubu junction 35.3882:136.3571:154","vn_kv":154.0,"vm_pu":1.0022,"va_deg":11.64}},{"type":"Feature","geometry":{"type":"Point","coordinates":[136.3825,35.3884]},"properties":{"name":"chubu junction 35.3884:136.3825:154","vn_kv":154.0,"vm_pu":1.0022,"va_deg":11.64}},{"type":"Feature","geometry":{"type":"Point","coordinates":[136.48392,35.36769]},"properties":{"name":"chubu junction 35.3677:136.4839:0","vn_kv":66.0,"vm_pu":1.0,"va_deg":10.79}},{"type":"Feature","geometry":{"type":"Point","coordinates":[136.47176,35.36625]},"properties":{"name":"chubu junction 35.3663:136.4718:0","vn_kv":66.0,"vm_pu":1.0,"va_deg":10.78}},{"type":"Feature","geometry":{"type":"Point","coordinates":[136.4795,35.36581]},"properties":{"name":"chubu junction 35.3658:136.4795:0","vn_kv":66.0,"vm_pu":1.0,"va_deg":10.78}},{"type":"Feature","geometry":{"type":"Point","coordinates":[137.78684,36.18446]},"properties":{"name":"chubu junction 36.1845:137.7868:0","vn_kv":66.0,"vm_pu":1.0,"va_deg":-0.0}},{"type":"Feature","geometry":{"type":"Point","coordinates":[138.73334,36.57216]},"properties":{"name":"chubu junction 36.5722:138.7333:66","vn_kv":66.0,"vm_pu":1.0,"va_deg":0.0}},{"type":"Feature","geometry":{"type":"Point","coordinates":[138.73359,36.572]},"properties":{"name":"chubu junction 36.572:138.7336:66","vn_kv":66.0,"vm_pu":1.0,"va_deg":-0.0}},{"type":"Feature","geometry":{"type":"Point","coordinates":[138.61188,36.55067]},"properties":{"name":"chubu junction 36.5507:138.6119:66","vn_kv":66.0,"vm_pu":1.0,"va_deg":0.0}},{"type":"Feature","geometry":{"type":"Point","coordinates":[138.61202,36.55065]},"properties":{"name":"chubu junction 36.5506:138.612:66","vn_kv":66.0,"vm_pu":1.0,"va_deg":-0.0}},{"type":"Feature","geometry":{"type":"Point","coordinates":[136.0364,35.64283]},"properties":{"name":"chubu junction 35.6428:136.0364:0","vn_kv":154.0,"vm_pu":1.0001,"va_deg":22.7}},{"type":"Feature","geometry":{"type":"Point","coordinates":[139.08253,36.29486]},"properties":{"name":"chubu junction 36.2949:139.0825:66","vn_kv":66.0,"vm_pu":1.0,"va_deg":-0.0}},{"type":"Feature","geometry":{"type":"Point","coordinates":[138.93003,36.30738]},"properties":{"name":"chubu junction 36.3074:138.93:66","vn_kv":66.0,"vm_pu":1.0,"va_deg":0.0}},{"type":"Feature","geometry":{"type":"Point","coordinates":[138.92991,36.30728]},"properties":{"name":"chubu junction 36.3073:138.9299:66","vn_kv":66.0,"vm_pu":1.0,"va_deg":-0.0}},{"type":"Feature","geometry":{"type":"Point","coordinates":[136.06653,35.63851]},"properties":{"name":"chubu junction 35.6385:136.0665:0","vn_kv":66.0,"vm_pu":1.0,"va_deg":22.69}},{"type":"Feature","geometry":{"type":"Point","coordinates":[136.04484,35.64569]},"properties":{"name":"chubu junction 35.6457:136.0448:0","vn_kv":66.0,"vm_pu":1.0001,"va_deg":22.7}},{"type":"Feature","geometry":{"type":"Point","coordinates":[137.47947,35.20533]},"properties":{"name":"chubu junction 35.2053:137.4795:154","vn_kv":154.0,"vm_pu":1.0023,"va_deg":14.04}},{"type":"Feature","geometry":{"type":"Point","coordinates":[137.48719,35.26186]},"properties":{"name":"chubu junction 35.2619:137.4872:154","vn_kv":154.0,"vm_pu":1.0037,"va_deg":13.89}},{"type":"Feature","geometry":{"type":"Point","coordinates":[137.49806,35.26138]},"properties":{"name":"chubu junction 35.2614:137.4981:154","vn_kv":154.0,"vm_pu":1.0037,"va_deg":13.89}},{"type":"Feature","geometry":{"type":"Point","coordinates":[137.48426,35.25587]},"properties":{"name":"chubu junction 35.2559:137.4843:154","vn_kv":154.0,"vm_pu":1.0039,"va_deg":13.87}},{"type":"Feature","geometry":{"type":"Point","coordinates":[137.42236,35.22689]},"properties":{"name":"chubu junction 35.2269:137.4224:154","vn_kv":154.0,"vm_pu":1.0056,"va_deg":13.69}},{"type":"Feature","geometry":{"type":"Point","coordinates":[137.47966,35.25353]},"properties":{"name":"chubu junction 35.2535:137.4797:154","vn_kv":154.0,"vm_pu":1.0039,"va_deg":13.87}},{"type":"Feature","geometry":{"type":"Point","coordinates":[137.44496,35.22779]},"properties":{"name":"chubu junction 35.2278:137.445:154","vn_kv":154.0,"vm_pu":1.0062,"va_deg":13.74}},{"type":"Feature","geometry":{"type":"Point","coordinates":[137.43278,35.15873]},"properties":{"name":"chubu junction 35.1587:137.4328:154","vn_kv":275.0,"vm_pu":1.0063,"va_deg":13.69}},{"type":"Feature","geometry":{"type":"Point","coordinates":[137.39542,35.21039]},"properties":{"name":"chubu junction 35.2104:137.3954:154","vn_kv":154.0,"vm_pu":1.0055,"va_deg":13.62}},{"type":"Feature","geometry":{"type":"Point","coordinates":[137.37594,35.23901]},"properties":{"name":"chubu junction 35.239:137.3759:154","vn_kv":154.0,"vm_pu":1.0055,"va_deg":13.62}},{"type":"Feature","geometry":{"type":"Point","coordinates":[137.32136,35.21827]},"properties":{"name":"chubu junction 35.2183:137.3214:154","vn_kv":154.0,"vm_pu":1.0055,"va_deg":13.62}},{"type":"Feature","geometry":{"type":"Point","coordinates":[137.87151,35.16965]},"properties":{"name":"chubu junction 35.1696:137.8715:154","vn_kv":154.0,"vm_pu":1.0012,"va_deg":13.58}},{"type":"Feature","geometry":{"type":"Point","coordinates":[137.87552,35.17239]},"properties":{"name":"chubu junction 35.1724:137.8755:154","vn_kv":154.0,"vm_pu":1.0012,"va_deg":13.58}},{"type":"Feature","geometry":{"type":"Point","coordinates":[137.87676,35.16855]},"properties":{"name":"chubu junction 35.1686:137.8768:154","vn_kv":154.0,"vm_pu":1.0012,"va_deg":13.58}},{"type":"Feature","geometry":{"type":"Point","coordinates":[137.57047,34.93304]},"properties":{"name":"chubu junction 34.933:137.5705:0","vn_kv":275.0,"vm_pu":1.0069,"va_deg":14.23}},{"type":"Feature","geometry":{"type":"Point","coordinates":[137.57242,34.93168]},"properties":{"name":"chubu junction 34.9317:137.5724:0","vn_kv":66.0,"vm_pu":1.0069,"va_deg":14.23}},{"type":"Feature","geometry":{"type":"Point","coordinates":[138.00634,36.9997]},"properties":{"name":"chubu junction 36.9997:138.0063:0","vn_kv":66.0,"vm_pu":1.0002,"va_deg":21.37}},{"type":"Feature","geometry":{"type":"Point","coordinates":[137.79394,37.0106]},"properties":{"name":"chubu junction 37.0106:137.7939:0","vn_kv":66.0,"vm_pu":1.0,"va_deg":20.25}},{"type":"Feature","geometry":{"type":"Point","coordinates":[137.8029,36.99635]},"properties":{"name":"chubu junction 36.9964:137.8029:0","vn_kv":66.0,"vm_pu":1.0,"va_deg":20.25}},{"type":"Feature","geometry":{"type":"Point","coordinates":[137.7918,37.00993]},"properties":{"name":"chubu junction 37.0099:137.7918:66","vn_kv":66.0,"vm_pu":0.9948,"va_deg":15.25}},{"type":"Feature","geometry":{"type":"Point","coordinates":[137.79676,37.01262]},"properties":{"name":"chubu junction 37.0126:137.7968:0","vn_kv":66.0,"vm_pu":1.0001,"va_deg":20.8}},{"type":"Feature","geometry":{"type":"Point","coordinates":[137.65722,36.95243]},"properties":{"name":"chubu junction 36.9524:137.6572:66","vn_kv":66.0,"vm_pu":0.9947,"va_deg":15.26}},{"type":"Feature","geometry":{"type":"Point","coordinates":[137.94146,34.83347]},"properties":{"name":"chubu junction 34.8335:137.9415:77","vn_kv":77.0,"vm_pu":1.0193,"va_deg":15.47}},{"type":"Feature","geometry":{"type":"Point","coordinates":[137.91758,34.82255]},"properties":{"name":"chubu junction 34.8226:137.9176:77","vn_kv":77.0,"vm_pu":1.0171,"va_deg":15.45}},{"type":"Feature","geometry":{"type":"Point","coordinates":[137.91854,34.82742]},"properties":{"name":"chubu junction 34.8274:137.9185:77","vn_kv":77.0,"vm_pu":1.0171,"va_deg":15.45}},{"type":"Feature","geometry":{"type":"Point","coordinates":[138.07344,34.66278]},"properties":{"name":"chubu junction 34.6628:138.0734:0","vn_kv":66.0,"vm_pu":1.0,"va_deg":17.63}},{"type":"Feature","geometry":{"type":"Point","coordinates":[138.06782,34.69427]},"properties":{"name":"chubu junction 34.6943:138.0678:77","vn_kv":77.0,"vm_pu":1.0001,"va_deg":17.88}},{"type":"Feature","geometry":{"type":"Point","coordinates":[138.06344,34.6922]},"properties":{"name":"chubu junction 34.6922:138.0634:77","vn_kv":77.0,"vm_pu":1.0001,"va_deg":17.88}},{"type":"Feature","geometry":{"type":"Point","coordinates":[138.10909,34.72003]},"properties":{"name":"chubu junction 34.72:138.1091:77","vn_kv":77.0,"vm_pu":1.0,"va_deg":18.17}},{"type":"Feature","geometry":{"type":"Point","coordinates":[138.17396,34.68749]},"properties":{"name":"chubu junction 34.6875:138.174:500","vn_kv":500.0,"vm_pu":1.0282,"va_deg":16.16}},{"type":"Feature","geometry":{"type":"Point","coordinates":[138.18114,34.6842]},"properties":{"name":"chubu junction 34.6842:138.1811:500","vn_kv":500.0,"vm_pu":1.0282,"va_deg":16.16}},{"type":"Feature","geometry":{"type":"Point","coordinates":[138.18315,34.63775]},"properties":{"name":"chubu junction 34.6378:138.1831:500","vn_kv":500.0,"vm_pu":1.0282,"va_deg":16.16}},{"type":"Feature","geometry":{"type":"Point","coordinates":[138.18713,34.62714]},"properties":{"name":"chubu junction 34.6271:138.1871:500","vn_kv":500.0,"vm_pu":1.0282,"va_deg":16.16}},{"type":"Feature","geometry":{"type":"Point","coordinates":[138.18467,34.62642]},"properties":{"name":"chubu junction 34.6264:138.1847:500","vn_kv":500.0,"vm_pu":1.0282,"va_deg":16.16}},{"type":"Feature","geometry":{"type":"Point","coordinates":[138.1899,34.63304]},"properties":{"name":"chubu junction 34.633:138.1899:500","vn_kv":500.0,"vm_pu":1.0282,"va_deg":16.16}},{"type":"Feature","geometry":{"type":"Point","coordinates":[138.18734,34.68559]},"properties":{"name":"chubu junction 34.6856:138.1873:500","vn_kv":500.0,"vm_pu":1.0282,"va_deg":16.16}},{"type":"Feature","geometry":{"type":"Point","coordinates":[138.1875,34.68558]},"properties":{"name":"chubu junction 34.6856:138.1875:500","vn_kv":500.0,"vm_pu":1.0282,"va_deg":16.16}},{"type":"Feature","geometry":{"type":"Point","coordinates":[138.18392,34.69481]},"properties":{"name":"chubu junction 34.6948:138.1839:500","vn_kv":500.0,"vm_pu":1.0282,"va_deg":16.16}},{"type":"Feature","geometry":{"type":"Point","coordinates":[138.16997,34.71932]},"properties":{"name":"chubu junction 34.7193:138.17:500","vn_kv":500.0,"vm_pu":1.0287,"va_deg":16.13}},{"type":"Feature","geometry":{"type":"Point","coordinates":[138.21432,34.75533]},"properties":{"name":"chubu junction 34.7553:138.2143:500","vn_kv":500.0,"vm_pu":1.0291,"va_deg":16.11}},{"type":"Feature","geometry":{"type":"Point","coordinates":[138.16816,34.73135]},"properties":{"name":"chubu junction 34.7314:138.1682:500","vn_kv":500.0,"vm_pu":1.0289,"va_deg":16.13}},{"type":"Feature","geometry":{"type":"Point","coordinates":[138.18493,34.73126]},"properties":{"name":"chubu junction 34.7313:138.1849:500","vn_kv":500.0,"vm_pu":1.0289,"va_deg":16.13}},{"type":"Feature","geometry":{"type":"Point","coordinates":[138.1849,34.77775]},"properties":{"name":"chubu junction 34.7777:138.1849:500","vn_kv":500.0,"vm_pu":1.0293,"va_deg":16.11}},{"type":"Feature","geometry":{"type":"Point","coordinates":[138.18915,34.78181]},"properties":{"name":"chubu junction 34.7818:138.1891:500","vn_kv":500.0,"vm_pu":1.0291,"va_deg":16.11}},{"type":"Feature","geometry":{"type":"Point","coordinates":[138.1862,34.78372]},"properties":{"name":"chubu junction 34.7837:138.1862:500","vn_kv":500.0,"vm_pu":1.0291,"va_deg":16.11}},{"type":"Feature","geometry":{"type":"Point","coordinates":[138.13397,34.802]},"properties":{"name":"chubu junction 34.802:138.134:500","vn_kv":500.0,"vm_pu":1.0298,"va_deg":16.08}},{"type":"Feature","geometry":{"type":"Point","coordinates":[138.14566,34.7873]},"properties":{"name":"chubu junction 34.7873:138.1457:500","vn_kv":500.0,"vm_pu":1.0296,"va_deg":16.09}},{"type":"Feature","geometry":{"type":"Point","coordinates":[138.1522,34.78422]},"properties":{"name":"chubu junction 34.7842:138.1522:500","vn_kv":500.0,"vm_pu":1.0296,"va_deg":16.09}},{"type":"Feature","geometry":{"type":"Point","coordinates":[138.19846,34.76623]},"properties":{"name":"chubu junction 34.7662:138.1985:500","vn_kv":500.0,"vm_pu":1.0292,"va_deg":16.11}},{"type":"Feature","geometry":{"type":"Point","coordinates":[138.19314,34.7615]},"properties":{"name":"chubu junction 34.7615:138.1931:500","vn_kv":500.0,"vm_pu":1.0292,"va_deg":16.11}},{"type":"Feature","geometry":{"type":"Point","coordinates":[138.20834,34.75935]},"properties":{"name":"chubu junction 34.7593:138.2083:500","vn_kv":500.0,"vm_pu":1.0292,"va_deg":16.11}},{"type":"Feature","geometry":{"type":"Point","coordinates":[138.23005,34.75067]},"properties":{"name":"chubu junction 34.7507:138.2301:500","vn_kv":500.0,"vm_pu":1.0291,"va_deg":16.11}},{"type":"Feature","geometry":{"type":"Point","coordinates":[138.22658,34.77124]},"properties":{"name":"chubu junction 34.7712:138.2266:500","vn_kv":500.0,"vm_pu":1.0292,"va_deg":16.11}},{"type":"Feature","geometry":{"type":"Point","coordinates":[138.14855,34.77787]},"properties":{"name":"chubu junction 34.7779:138.1485:500","vn_kv":500.0,"vm_pu":1.0296,"va_deg":16.09}},{"type":"Feature","geometry":{"type":"Point","coordinates":[138.14788,34.77495]},"properties":{"name":"chubu junction 34.7749:138.1479:500","vn_kv":500.0,"vm_pu":1.0296,"va_deg":16.09}},{"type":"Feature","geometry":{"type":"Point","coordinates":[138.14712,34.77631]},"properties":{"name":"chubu junction 34.7763:138.1471:500","vn_kv":500.0,"vm_pu":1.0296,"va_deg":16.09}},{"type":"Feature","geometry":{"type":"Point","coordinates":[138.15519,34.79351]},"properties":{"name":"chubu junction 34.7935:138.1552:500","vn_kv":500.0,"vm_pu":1.0296,"va_deg":16.09}},{"type":"Feature","geometry":{"type":"Point","coordinates":[138.11133,34.90069]},"properties":{"name":"chubu junction 34.9007:138.1113:77","vn_kv":77.0,"vm_pu":1.0257,"va_deg":15.64}},{"type":"Feature","geometry":{"type":"Point","coordinates":[138.10735,34.84394]},"properties":{"name":"chubu junction 34.8439:138.1074:77","vn_kv":77.0,"vm_pu":1.0287,"va_deg":15.91}},{"type":"Feature","geometry":{"type":"Point","coordinates":[138.13168,34.86348]},"properties":{"name":"chubu junction 34.8635:138.1317:77","vn_kv":77.0,"vm_pu":1.0257,"va_deg":15.64}},{"type":"Feature","geometry":{"type":"Point","coordinates":[138.08278,35.00558]},"properties":{"name":"chubu junction 35.0056:138.0828:77","vn_kv":77.0,"vm_pu":1.0091,"va_deg":14.22}},{"type":"Feature","geometry":{"type":"Point","coordinates":[138.13262,35.16885]},"properties":{"name":"chubu junction 35.1689:138.1326:0","vn_kv":66.0,"vm_pu":1.0034,"va_deg":13.82}},{"type":"Feature","geometry":{"type":"Point","coordinates":[138.19703,35.41811]},"properties":{"name":"chubu junction 35.4181:138.197:154","vn_kv":154.0,"vm_pu":1.0004,"va_deg":13.64}},{"type":"Feature","geometry":{"type":"Point","coordinates":[138.20068,35.37061]},"properties":{"name":"chubu junction 35.3706:138.2007:154","vn_kv":154.0,"vm_pu":1.0003,"va_deg":13.64}},{"type":"Feature","geometry":{"type":"Point","coordinates":[138.28358,34.80457]},"properties":{"name":"chubu junction 34.8046:138.2836:0","vn_kv":66.0,"vm_pu":1.0013,"va_deg":16.1}},{"type":"Feature","geometry":{"type":"Point","coordinates":[138.19666,34.79794]},"properties":{"name":"chubu junction 34.7979:138.1967:154","vn_kv":154.0,"vm_pu":1.0015,"va_deg":16.1}},{"type":"Feature","geometry":{"type":"Point","coordinates":[138.11736,34.84377]},"properties":{"name":"chubu junction 34.8438:138.1174:77","vn_kv":77.0,"vm_pu":1.0287,"va_deg":15.91}},{"type":"Feature","geometry":{"type":"Point","coordinates":[138.08807,34.67622]},"properties":{"name":"chubu junction 34.6762:138.0881:77","vn_kv":77.0,"vm_pu":1.0003,"va_deg":17.56}},{"type":"Feature","geometry":{"type":"Point","coordinates":[138.23366,34.85532]},"properties":{"name":"chubu junction 34.8553:138.2337:154","vn_kv":154.0,"vm_pu":1.0041,"va_deg":15.95}},{"type":"Feature","geometry":{"type":"Point","coordinates":[138.30134,34.88534]},"properties":{"name":"chubu junction 34.8853:138.3013:110","vn_kv":110.0,"vm_pu":1.0056,"va_deg":11.66}},{"type":"Feature","geometry":{"type":"Point","coordinates":[138.28979,34.90595]},"properties":{"name":"chubu junction 34.9059:138.2898:110","vn_kv":110.0,"vm_pu":1.0055,"va_deg":11.69}},{"type":"Feature","geometry":{"type":"Point","coordinates":[138.42608,34.99118]},"properties":{"name":"chubu junction 34.9912:138.4261:110","vn_kv":110.0,"vm_pu":1.0012,"va_deg":11.51}},{"type":"Feature","geometry":{"type":"Point","coordinates":[138.40863,35.01104]},"properties":{"name":"chubu junction 35.011:138.4086:110","vn_kv":110.0,"vm_pu":1.0012,"va_deg":11.51}},{"type":"Feature","geometry":{"type":"Point","coordinates":[138.37124,35.00877]},"properties":{"name":"chubu junction 35.0088:138.3712:110","vn_kv":110.0,"vm_pu":1.0016,"va_deg":11.55}},{"type":"Feature","geometry":{"type":"Point","coordinates":[137.99031,34.69018]},"properties":{"name":"chubu junction 34.6902:137.9903:77","vn_kv":77.0,"vm_pu":0.9988,"va_deg":17.05}},{"type":"Feature","geometry":{"type":"Point","coordinates":[137.66335,36.16463]},"properties":{"name":"chubu junction 36.1646:137.6633:0","vn_kv":66.0,"vm_pu":0.9993,"va_deg":-0.06}},{"type":"Feature","geometry":{"type":"Point","coordinates":[137.50714,36.24859]},"properties":{"name":"chubu junction 36.2486:137.5071:0","vn_kv":66.0,"vm_pu":1.0,"va_deg":-0.04}},{"type":"Feature","geometry":{"type":"Point","coordinates":[137.50732,36.24886]},"properties":{"name":"chubu junction 36.2489:137.5073:0","vn_kv":66.0,"vm_pu":1.0,"va_deg":0.0}},{"type":"Feature","geometry":{"type":"Point","coordinates":[137.57392,36.28328]},"properties":{"name":"chubu junction 36.2833:137.5739:0","vn_kv":66.0,"vm_pu":1.0001,"va_deg":-0.0}},{"type":"Feature","geometry":{"type":"Point","coordinates":[137.42699,36.26827]},"properties":{"name":"chubu junction 36.2683:137.427:0","vn_kv":66.0,"vm_pu":1.0,"va_deg":0.0}},{"type":"Feature","geometry":{"type":"Point","coordinates":[137.37029,36.29447]},"properties":{"name":"chubu junction 36.2945:137.3703:0","vn_kv":66.0,"vm_pu":1.0,"va_deg":-0.0}},{"type":"Feature","geometry":{"type":"Point","coordinates":[137.41802,36.32056]},"properties":{"name":"chubu junction 36.3206:137.418:0","vn_kv":66.0,"vm_pu":1.0,"va_deg":0.0}},{"type":"Feature","geometry":{"type":"Point","coordinates":[137.29851,36.33968]},"properties":{"name":"chubu junction 36.3397:137.2985:0","vn_kv":66.0,"vm_pu":1.0001,"va_deg":-0.0}},{"type":"Feature","geometry":{"type":"Point","coordinates":[137.8695,34.68962]},"properties":{"name":"chubu junction 34.6896:137.8695:77","vn_kv":77.0,"vm_pu":0.9983,"va_deg":14.95}},{"type":"Feature","geometry":{"type":"Point","coordinates":[137.8734,34.68265]},"properties":{"name":"chubu junction 34.6826:137.8734:77","vn_kv":77.0,"vm_pu":0.9984,"va_deg":14.96}},{"type":"Feature","geometry":{"type":"Point","coordinates":[137.87309,34.68681]},"properties":{"name":"chubu junction 34.6868:137.8731:77","vn_kv":77.0,"vm_pu":0.9984,"va_deg":14.96}},{"type":"Feature","geometry":{"type":"Point","coordinates":[137.98395,36.09236]},"properties":{"name":"chubu junction 36.0924:137.9839:77","vn_kv":77.0,"vm_pu":0.9985,"va_deg":3.49}},{"type":"Feature","geometry":{"type":"Point","coordinates":[136.20008,36.09817]},"properties":{"name":"chubu junction 36.0982:136.2001:77","vn_kv":77.0,"vm_pu":0.9951,"va_deg":10.65}},{"type":"Feature","geometry":{"type":"Point","coordinates":[136.21107,36.15563]},"properties":{"name":"chubu junction 36.1556:136.2111:77","vn_kv":77.0,"vm_pu":0.9977,"va_deg":10.6}},{"type":"Feature","geometry":{"type":"Point","coordinates":[136.21814,36.18583]},"properties":{"name":"chubu junction 36.1858:136.2181:77","vn_kv":77.0,"vm_pu":0.999,"va_deg":10.57}},{"type":"Feature","geometry":{"type":"Point","coordinates":[136.20522,36.09547]},"properties":{"name":"chubu junction 36.0955:136.2052:77","vn_kv":77.0,"vm_pu":0.9951,"va_deg":10.65}},{"type":"Feature","geometry":{"type":"Point","coordinates":[136.21015,36.15542]},"properties":{"name":"chubu junction 36.1554:136.2102:77","vn_kv":77.0,"vm_pu":0.9977,"va_deg":10.6}},{"type":"Feature","geometry":{"type":"Point","coordinates":[136.24705,36.20333]},"properties":{"name":"chubu junction 36.2033:136.2471:77","vn_kv":77.0,"vm_pu":0.9996,"va_deg":10.55}},{"type":"Feature","geometry":{"type":"Point","coordinates":[137.17353,35.38119]},"properties":{"name":"chubu junction 35.3812:137.1735:154","vn_kv":154.0,"vm_pu":1.0005,"va_deg":10.18}},{"type":"Feature","geometry":{"type":"Point","coordinates":[137.15843,35.41918]},"properties":{"name":"chubu junction 35.4192:137.1584:154","vn_kv":154.0,"vm_pu":1.0004,"va_deg":10.16}},{"type":"Feature","geometry":{"type":"Point","coordinates":[137.15641,35.4232]},"properties":{"name":"chubu junction 35.4232:137.1564:154","vn_kv":154.0,"vm_pu":1.0004,"va_deg":10.16}},{"type":"Feature","geometry":{"type":"Point","coordinates":[137.17389,35.38122]},"properties":{"name":"chubu junction 35.3812:137.1739:154","vn_kv":154.0,"vm_pu":1.0005,"va_deg":10.18}},{"type":"Feature","geometry":{"type":"Point","coordinates":[137.16771,35.38315]},"properties":{"name":"chubu junction 35.3831:137.1677:154","vn_kv":154.0,"vm_pu":1.0005,"va_deg":10.18}},{"type":"Feature","geometry":{"type":"Point","coordinates":[137.10163,35.40373]},"properties":{"name":"chubu junction 35.4037:137.1016:154","vn_kv":154.0,"vm_pu":1.0002,"va_deg":10.14}},{"type":"Feature","geometry":{"type":"Point","coordinates":[137.08827,35.4044]},"properties":{"name":"chubu junction 35.4044:137.0883:154","vn_kv":154.0,"vm_pu":1.0002,"va_deg":10.14}},{"type":"Feature","geometry":{"type":"Point","coordinates":[137.20656,35.35882]},"properties":{"name":"chubu junction 35.3588:137.2066:154","vn_kv":154.0,"vm_pu":1.0,"va_deg":10.25}},{"type":"Feature","geometry":{"type":"Point","coordinates":[137.22932,35.34397]},"properties":{"name":"chubu junction 35.344:137.2293:154","vn_kv":154.0,"vm_pu":0.9995,"va_deg":10.22}},{"type":"Feature","geometry":{"type":"Point","coordinates":[137.21097,35.33739]},"properties":{"name":"chubu junction 35.3374:137.211:154","vn_kv":154.0,"vm_pu":0.9987,"va_deg":10.18}},{"type":"Feature","geometry":{"type":"Point","coordinates":[137.19878,35.33496]},"properties":{"name":"chubu junction 35.335:137.1988:154","vn_kv":154.0,"vm_pu":0.9982,"va_deg":10.16}},{"type":"Feature","geometry":{"type":"Point","coordinates":[137.14671,35.30673]},"properties":{"name":"chubu junction 35.3067:137.1467:154","vn_kv":154.0,"vm_pu":0.9956,"va_deg":10.02}},{"type":"Feature","geometry":{"type":"Point","coordinates":[137.14139,35.30092]},"properties":{"name":"chubu junction 35.3009:137.1414:154","vn_kv":154.0,"vm_pu":0.9952,"va_deg":10.01}},{"type":"Feature","geometry":{"type":"Point","coordinates":[137.10478,35.27166]},"properties":{"name":"chubu junction 35.2717:137.1048:154","vn_kv":154.0,"vm_pu":0.993,"va_deg":9.9}},{"type":"Feature","geometry":{"type":"Point","coordinates":[137.07259,35.25704]},"properties":{"name":"chubu junction 35.257:137.0726:154","vn_kv":154.0,"vm_pu":0.9925,"va_deg":9.83}},{"type":"Feature","geometry":{"type":"Point","coordinates":[137.07362,35.24829]},"properties":{"name":"chubu junction 35.2483:137.0736:154","vn_kv":154.0,"vm_pu":0.9925,"va_deg":9.83}},{"type":"Feature","geometry":{"type":"Point","coordinates":[137.14956,35.29505]},"properties":{"name":"chubu junction 35.295:137.1496:154","vn_kv":154.0,"vm_pu":0.9952,"va_deg":10.01}},{"type":"Feature","geometry":{"type":"Point","coordinates":[137.13376,35.31014]},"properties":{"name":"chubu junction 35.3101:137.1338:154","vn_kv":154.0,"vm_pu":0.9956,"va_deg":10.02}},{"type":"Feature","geometry":{"type":"Point","coordinates":[137.20157,35.32402]},"properties":{"name":"chubu junction 35.324:137.2016:154","vn_kv":154.0,"vm_pu":0.9982,"va_deg":10.16}},{"type":"Feature","geometry":{"type":"Point","coordinates":[137.21265,35.28095]},"properties":{"name":"chubu junction 35.2809:137.2126:154","vn_kv":154.0,"vm_pu":0.9988,"va_deg":10.18}},{"type":"Feature","geometry":{"type":"Point","coordinates":[137.2394,35.3365]},"properties":{"name":"chubu junction 35.3365:137.2394:154","vn_kv":154.0,"vm_pu":0.9995,"va_deg":10.22}},{"type":"Feature","geometry":{"type":"Point","coordinates":[137.23956,35.37542]},"properties":{"name":"chubu junction 35.3754:137.2396:77","vn_kv":77.0,"vm_pu":0.9922,"va_deg":11.87}},{"type":"Feature","geometry":{"type":"Point","coordinates":[137.24316,35.36767]},"properties":{"name":"chubu junction 35.3677:137.2432:77","vn_kv":77.0,"vm_pu":0.9922,"va_deg":11.87}},{"type":"Feature","geometry":{"type":"Point","coordinates":[137.24017,35.36723]},"properties":{"name":"chubu junction 35.3672:137.2402:77","vn_kv":77.0,"vm_pu":0.9922,"va_deg":11.87}},{"type":"Feature","geometry":{"type":"Point","coordinates":[137.31795,35.31717]},"properties":{"name":"chubu junction 35.3172:137.318:77","vn_kv":77.0,"vm_pu":0.9925,"va_deg":11.87}},{"type":"Feature","geometry":{"type":"Point","coordinates":[137.31365,35.31642]},"properties":{"name":"chubu junction 35.3164:137.3136:77","vn_kv":77.0,"vm_pu":0.9925,"va_deg":11.87}},{"type":"Feature","geometry":{"type":"Point","coordinates":[137.35273,35.30745]},"properties":{"name":"chubu junction 35.3075:137.3527:77","vn_kv":77.0,"vm_pu":0.9925,"va_deg":11.87}},{"type":"Feature","geometry":{"type":"Point","coordinates":[137.35363,35.30842]},"properties":{"name":"chubu junction 35.3084:137.3536:77","vn_kv":77.0,"vm_pu":0.9925,"va_deg":11.87}},{"type":"Feature","geometry":{"type":"Point","coordinates":[137.40156,35.30044]},"properties":{"name":"chubu junction 35.3004:137.4016:77","vn_kv":77.0,"vm_pu":0.9925,"va_deg":11.87}},{"type":"Feature","geometry":{"type":"Point","coordinates":[137.3082,35.40305]},"properties":{"name":"chubu junction 35.4031:137.3082:77","vn_kv":77.0,"vm_pu":0.993,"va_deg":12.11}},{"type":"Feature","geometry":{"type":"Point","coordinates":[137.31363,35.408]},"properties":{"name":"chubu junction 35.408:137.3136:77","vn_kv":77.0,"vm_pu":0.9931,"va_deg":12.14}},{"type":"Feature","geometry":{"type":"Point","coordinates":[137.30901,35.4135]},"properties":{"name":"chubu junction 35.4135:137.309:77","vn_kv":77.0,"vm_pu":0.9931,"va_deg":12.14}},{"type":"Feature","geometry":{"type":"Point","coordinates":[137.34991,35.42543]},"properties":{"name":"chubu junction 35.4254:137.3499:77","vn_kv":77.0,"vm_pu":0.9938,"va_deg":12.39}},{"type":"Feature","geometry":{"type":"Point","coordinates":[137.34995,35.42449]},"properties":{"name":"chubu junction 35.4245:137.35:77","vn_kv":77.0,"vm_pu":0.9938,"va_deg":12.39}},{"type":"Feature","geometry":{"type":"Point","coordinates":[137.39601,35.44003]},"properties":{"name":"chubu junction 35.44:137.396:77","vn_kv":77.0,"vm_pu":0.9947,"va_deg":12.69}},{"type":"Feature","geometry":{"type":"Point","coordinates":[137.30792,35.40311]},"properties":{"name":"chubu junction 35.4031:137.3079:77","vn_kv":77.0,"vm_pu":0.993,"va_deg":12.11}},{"type":"Feature","geometry":{"type":"Point","coordinates":[137.42018,35.44844]},"properties":{"name":"chubu junction 35.4484:137.4202:77","vn_kv":77.0,"vm_pu":0.9954,"va_deg":12.86}},{"type":"Feature","geometry":{"type":"Point","coordinates":[137.43241,35.36861]},"properties":{"name":"chubu junction 35.3686:137.4324:77","vn_kv":77.0,"vm_pu":0.9954,"va_deg":12.88}},{"type":"Feature","geometry":{"type":"Point","coordinates":[137.42064,35.42657]},"properties":{"name":"chubu junction 35.4266:137.4206:77","vn_kv":77.0,"vm_pu":0.9954,"va_deg":12.88}},{"type":"Feature","geometry":{"type":"Point","coordinates":[137.48413,35.47017]},"properties":{"name":"chubu junction 35.4702:137.4841:77","vn_kv":77.0,"vm_pu":0.9959,"va_deg":12.64}},{"type":"Feature","geometry":{"type":"Point","coordinates":[137.5101,35.4746]},"properties":{"name":"chubu junction 35.4746:137.5101:77","vn_kv":77.0,"vm_pu":0.9964,"va_deg":11.52}},{"type":"Feature","geometry":{"type":"Point","coordinates":[137.53058,35.43821]},"properties":{"name":"chubu junction 35.4382:137.5306:77","vn_kv":77.0,"vm_pu":0.9964,"va_deg":11.52}},{"type":"Feature","geometry":{"type":"Point","coordinates":[137.51419,35.48061]},"properties":{"name":"chubu junction 35.4806:137.5142:77","vn_kv":77.0,"vm_pu":0.9966,"va_deg":11.17}},{"type":"Feature","geometry":{"type":"Point","coordinates":[137.51489,35.49888]},"properties":{"name":"chubu junction 35.4989:137.5149:154","vn_kv":154.0,"vm_pu":0.9994,"va_deg":10.18}},{"type":"Feature","geometry":{"type":"Point","coordinates":[137.49784,35.48821]},"properties":{"name":"chubu junction 35.4882:137.4978:0","vn_kv":66.0,"vm_pu":1.0,"va_deg":0.0}},{"type":"Feature","geometry":{"type":"Point","coordinates":[137.50868,35.49317]},"properties":{"name":"chubu junction 35.4932:137.5087:0","vn_kv":66.0,"vm_pu":1.0,"va_deg":-0.0}},{"type":"Feature","geometry":{"type":"Point","coordinates":[137.59549,35.50152]},"properties":{"name":"chubu junction 35.5015:137.5955:77","vn_kv":77.0,"vm_pu":0.9966,"va_deg":11.17}},{"type":"Feature","geometry":{"type":"Point","coordinates":[137.52486,35.52592]},"properties":{"name":"chubu junction 35.5259:137.5249:154","vn_kv":154.0,"vm_pu":0.9999,"va_deg":10.03}},{"type":"Feature","geometry":{"type":"Point","coordinates":[137.53706,35.57203]},"properties":{"name":"chubu junction 35.572:137.5371:154","vn_kv":154.0,"vm_pu":1.0,"va_deg":10.01}},{"type":"Feature","geometry":{"type":"Point","coordinates":[137.53966,35.57305]},"properties":{"name":"chubu junction 35.573:137.5397:154","vn_kv":154.0,"vm_pu":1.0,"va_deg":10.01}},{"type":"Feature","geometry":{"type":"Point","coordinates":[137.53173,35.56755]},"properties":{"name":"chubu junction 35.5676:137.5317:154","vn_kv":154.0,"vm_pu":1.0,"va_deg":10.02}},{"type":"Feature","geometry":{"type":"Point","coordinates":[137.52941,35.56814]},"properties":{"name":"chubu junction 35.5681:137.5294:154","vn_kv":154.0,"vm_pu":1.0,"va_deg":10.02}},{"type":"Feature","geometry":{"type":"Point","coordinates":[137.53593,35.57381]},"properties":{"name":"chubu junction 35.5738:137.5359:154","vn_kv":154.0,"vm_pu":1.0,"va_deg":10.01}},{"type":"Feature","geometry":{"type":"Point","coordinates":[137.53633,35.52573]},"properties":{"name":"chubu junction 35.5257:137.5363:154","vn_kv":154.0,"vm_pu":0.9999,"va_deg":10.03}},{"type":"Feature","geometry":{"type":"Point","coordinates":[137.61111,35.61062]},"properties":{"name":"chubu junction 35.6106:137.6111:154","vn_kv":154.0,"vm_pu":1.0001,"va_deg":9.94}},{"type":"Feature","geometry":{"type":"Point","coordinates":[137.53462,35.57936]},"properties":{"name":"chubu junction 35.5794:137.5346:154","vn_kv":154.0,"vm_pu":1.0,"va_deg":10.01}},{"type":"Feature","geometry":{"type":"Point","coordinates":[137.53452,35.58139]},"properties":{"name":"chubu junction 35.5814:137.5345:154","vn_kv":154.0,"vm_pu":1.0,"va_deg":10.01}},{"type":"Feature","geometry":{"type":"Point","coordinates":[137.53526,35.58173]},"properties":{"name":"chubu junction 35.5817:137.5353:154","vn_kv":154.0,"vm_pu":1.0,"va_deg":10.01}},{"type":"Feature","geometry":{"type":"Point","coordinates":[137.444,35.63739]},"properties":{"name":"chubu junction 35.6374:137.444:154","vn_kv":154.0,"vm_pu":1.0001,"va_deg":10.01}},{"type":"Feature","geometry":{"type":"Point","coordinates":[137.70387,35.7617]},"properties":{"name":"chubu junction 35.7617:137.7039:154","vn_kv":154.0,"vm_pu":1.0,"va_deg":9.56}},{"type":"Feature","geometry":{"type":"Point","coordinates":[137.76928,35.89826]},"properties":{"name":"chubu junction 35.8983:137.7693:154","vn_kv":154.0,"vm_pu":1.0011,"va_deg":10.11}},{"type":"Feature","geometry":{"type":"Point","coordinates":[137.78979,35.94416]},"properties":{"name":"chubu junction 35.9442:137.7898:154","vn_kv":154.0,"vm_pu":1.0017,"va_deg":10.13}},{"type":"Feature","geometry":{"type":"Point","coordinates":[137.78966,35.94417]},"properties":{"name":"chubu junction 35.9442:137.7897:0","vn_kv":66.0,"vm_pu":1.0,"va_deg":-0.0}},{"type":"Feature","geometry":{"type":"Point","coordinates":[137.77066,35.97352]},"properties":{"name":"chubu junction 35.9735:137.7707:0","vn_kv":66.0,"vm_pu":1.0,"va_deg":0.0}},{"type":"Feature","geometry":{"type":"Point","coordinates":[137.44629,35.22886]},"properties":{"name":"chubu junction 35.2289:137.4463:0","vn_kv":66.0,"vm_pu":1.0062,"va_deg":13.74}},{"type":"Feature","geometry":{"type":"Point","coordinates":[136.27916,35.27775]},"properties":{"name":"chubu junction 35.2778:136.2792:66","vn_kv":66.0,"vm_pu":0.9906,"va_deg":10.42}},{"type":"Feature","geometry":{"type":"Point","coordinates":[136.27702,35.29046]},"properties":{"name":"chubu junction 35.2905:136.277:77","vn_kv":77.0,"vm_pu":0.9996,"va_deg":11.96}},{"type":"Feature","geometry":{"type":"Point","coordinates":[138.9266,35.95355]},"properties":{"name":"chubu junction 35.9535:138.9266:66","vn_kv":66.0,"vm_pu":1.0,"va_deg":0.0}},{"type":"Feature","geometry":{"type":"Point","coordinates":[138.92771,35.95327]},"properties":{"name":"chubu junction 35.9533:138.9277:66","vn_kv":66.0,"vm_pu":1.0,"va_deg":-0.0}},{"type":"Feature","geometry":{"type":"Point","coordinates":[139.0552,35.98272]},"properties":{"name":"chubu junction 35.9827:139.0552:66","vn_kv":66.0,"vm_pu":1.0,"va_deg":-0.0}},{"type":"Feature","geometry":{"type":"Point","coordinates":[139.10702,35.96661]},"properties":{"name":"chubu junction 35.9666:139.107:66","vn_kv":66.0,"vm_pu":1.0,"va_deg":-0.0}},{"type":"Feature","geometry":{"type":"Point","coordinates":[139.10436,35.98291]},"properties":{"name":"chubu junction 35.9829:139.1044:66","vn_kv":66.0,"vm_pu":1.0,"va_deg":0.0}},{"type":"Feature","geometry":{"type":"Point","coordinates":[139.10431,35.98247]},"properties":{"name":"chubu junction 35.9825:139.1043:66","vn_kv":66.0,"vm_pu":1.0,"va_deg":-0.0}},{"type":"Feature","geometry":{"type":"Point","coordinates":[139.10417,35.98246]},"properties":{"name":"chubu junction 35.9825:139.1042:66","vn_kv":66.0,"vm_pu":1.0,"va_deg":-0.0}},{"type":"Feature","geometry":{"type":"Point","coordinates":[139.10417,35.98242]},"properties":{"name":"chubu junction 35.9824:139.1042:66","vn_kv":66.0,"vm_pu":1.0,"va_deg":-0.0}},{"type":"Feature","geometry":{"type":"Point","coordinates":[136.91623,34.80498]},"properties":{"name":"chubu junction 34.805:136.9162:154","vn_kv":154.0,"vm_pu":0.9998,"va_deg":14.1}},{"type":"Feature","geometry":{"type":"Point","coordinates":[135.99641,35.03578]},"properties":{"name":"chubu junction 35.0358:135.9964:0","vn_kv":66.0,"vm_pu":1.0084,"va_deg":11.92}},{"type":"Feature","geometry":{"type":"Point","coordinates":[138.6205,36.33087]},"properties":{"name":"chubu junction 36.3309:138.6205:77","vn_kv":77.0,"vm_pu":0.9505,"va_deg":-6.38}},{"type":"Feature","geometry":{"type":"Point","coordinates":[136.24371,35.46096]},"properties":{"name":"chubu junction 35.461:136.2437:77","vn_kv":77.0,"vm_pu":1.0,"va_deg":10.54}},{"type":"Feature","geometry":{"type":"Point","coordinates":[138.56928,35.34667]},"properties":{"name":"chubu junction 35.3467:138.5693:0","vn_kv":66.0,"vm_pu":1.0001,"va_deg":-0.0}},{"type":"Feature","geometry":{"type":"Point","coordinates":[138.58164,35.28782]},"properties":{"name":"chubu junction 35.2878:138.5816:0","vn_kv":66.0,"vm_pu":1.0001,"va_deg":-0.0}},{"type":"Feature","geometry":{"type":"Point","coordinates":[138.58689,35.28718]},"properties":{"name":"chubu junction 35.2872:138.5869:0","vn_kv":66.0,"vm_pu":1.0001,"va_deg":-0.0}},{"type":"Feature","geometry":{"type":"Point","coordinates":[138.5803,35.25926]},"properties":{"name":"chubu junction 35.2593:138.5803:0","vn_kv":66.0,"vm_pu":1.0001,"va_deg":-0.0}},{"type":"Feature","geometry":{"type":"Point","coordinates":[138.58939,35.23909]},"properties":{"name":"chubu junction 35.2391:138.5894:0","vn_kv":66.0,"vm_pu":1.0,"va_deg":-0.0}},{"type":"Feature","geometry":{"type":"Point","coordinates":[138.56198,35.26265]},"properties":{"name":"chubu junction 35.2627:138.562:0","vn_kv":66.0,"vm_pu":1.0001,"va_deg":-0.0}},{"type":"Feature","geometry":{"type":"Point","coordinates":[138.61206,35.23931]},"properties":{"name":"chubu junction 35.2393:138.6121:0","vn_kv":66.0,"vm_pu":1.0,"va_deg":-0.0}},{"type":"Feature","geometry":{"type":"Point","coordinates":[136.63902,36.3017]},"properties":{"name":"chubu junction 36.3017:136.639:0","vn_kv":66.0,"vm_pu":1.0,"va_deg":-0.0}},{"type":"Feature","geometry":{"type":"Point","coordinates":[136.60492,36.30452]},"properties":{"name":"chubu junction 36.3045:136.6049:0","vn_kv":66.0,"vm_pu":1.0,"va_deg":0.0}},{"type":"Feature","geometry":{"type":"Point","coordinates":[137.02132,35.32648]},"properties":{"name":"chubu junction 35.3265:137.0213:0","vn_kv":66.0,"vm_pu":1.0145,"va_deg":12.28}},{"type":"Feature","geometry":{"type":"Point","coordinates":[138.07882,35.81409]},"properties":{"name":"chubu junction 35.8141:138.0788:0","vn_kv":66.0,"vm_pu":1.0,"va_deg":-0.0}},{"type":"Feature","geometry":{"type":"Point","coordinates":[138.07309,35.81487]},"properties":{"name":"chubu junction 35.8149:138.0731:0","vn_kv":66.0,"vm_pu":1.0,"va_deg":0.0}},{"type":"Feature","geometry":{"type":"Point","coordinates":[138.05519,35.82605]},"properties":{"name":"chubu junction 35.8261:138.0552:0","vn_kv":66.0,"vm_pu":1.0,"va_deg":-0.0}},{"type":"Feature","geometry":{"type":"Point","coordinates":[137.92953,36.96162]},"properties":{"name":"chubu junction 36.9616:137.9295:0","vn_kv":66.0,"vm_pu":1.0,"va_deg":21.53}},{"type":"Feature","geometry":{"type":"Point","coordinates":[136.64809,35.35569]},"properties":{"name":"chubu junction 35.3557:136.6481:0","vn_kv":66.0,"vm_pu":1.0,"va_deg":0.0}},{"type":"Feature","geometry":{"type":"Point","coordinates":[136.65145,35.33888]},"properties":{"name":"chubu junction 35.3389:136.6515:0","vn_kv":66.0,"vm_pu":1.0,"va_deg":-0.0}},{"type":"Feature","geometry":{"type":"Point","coordinates":[137.13442,34.98007]},"properties":{"name":"chubu junction 34.9801:137.1344:154","vn_kv":154.0,"vm_pu":0.9905,"va_deg":11.78}},{"type":"Feature","geometry":{"type":"Point","coordinates":[137.53601,34.98073]},"properties":{"name":"chubu junction 34.9807:137.536:154","vn_kv":154.0,"vm_pu":1.0002,"va_deg":14.54}},{"type":"Feature","geometry":{"type":"Point","coordinates":[137.53944,34.91789]},"properties":{"name":"chubu junction 34.9179:137.5394:77","vn_kv":77.0,"vm_pu":1.0059,"va_deg":14.17}},{"type":"Feature","geometry":{"type":"Point","coordinates":[135.84532,34.63118]},"properties":{"name":"chubu junction 34.6312:135.8453:154","vn_kv":154.0,"vm_pu":1.0013,"va_deg":8.88}},{"type":"Feature","geometry":{"type":"Point","coordinates":[136.73471,35.46984]},"properties":{"name":"chubu junction 35.4698:136.7347:275","vn_kv":275.0,"vm_pu":1.0138,"va_deg":10.73}},{"type":"Feature","geometry":{"type":"Point","coordinates":[137.55104,34.70892]},"properties":{"name":"chubu junction 34.7089:137.551:66","vn_kv":66.0,"vm_pu":0.9912,"va_deg":14.05}},{"type":"Feature","geometry":{"type":"Point","coordinates":[137.02538,34.98621]},"properties":{"name":"chubu junction 34.9862:137.0254:77","vn_kv":77.0,"vm_pu":0.986,"va_deg":11.26}},{"type":"Feature","geometry":{"type":"Point","coordinates":[138.37597,35.82926]},"properties":{"name":"chubu junction 35.8293:138.376:0","vn_kv":66.0,"vm_pu":1.0,"va_deg":-0.0}},{"type":"Feature","geometry":{"type":"Point","coordinates":[138.37628,35.82902]},"properties":{"name":"chubu junction 35.829:138.3763:0","vn_kv":66.0,"vm_pu":1.0,"va_deg":0.0}},{"type":"Feature","geometry":{"type":"Point","coordinates":[138.11606,35.97426]},"properties":{"name":"chubu junction 35.9743:138.1161:77","vn_kv":77.0,"vm_pu":0.9989,"va_deg":3.49}},{"type":"Feature","geometry":{"type":"Point","coordinates":[136.52037,34.83857]},"properties":{"name":"chubu junction 34.8386:136.5204:77","vn_kv":77.0,"vm_pu":0.9986,"va_deg":12.8}},{"type":"Feature","geometry":{"type":"Point","coordinates":[136.53459,34.93479]},"properties":{"name":"chubu junction 34.9348:136.5346:154","vn_kv":154.0,"vm_pu":1.0,"va_deg":12.52}},{"type":"Feature","geometry":{"type":"Point","coordinates":[137.23774,35.07498]},"properties":{"name":"chubu junction 35.075:137.2377:77","vn_kv":77.0,"vm_pu":0.994,"va_deg":11.94}},{"type":"Feature","geometry":{"type":"Point","coordinates":[137.30937,35.13117]},"properties":{"name":"chubu junction 35.1312:137.3094:77","vn_kv":77.0,"vm_pu":0.9927,"va_deg":11.69}},{"type":"Feature","geometry":{"type":"Point","coordinates":[137.30829,35.13255]},"properties":{"name":"chubu junction 35.1325:137.3083:77","vn_kv":77.0,"vm_pu":0.9927,"va_deg":11.69}},{"type":"Feature","geometry":{"type":"Point","coordinates":[137.30262,35.12785]},"properties":{"name":"chubu junction 35.1279:137.3026:77","vn_kv":77.0,"vm_pu":0.9979,"va_deg":12.28}},{"type":"Feature","geometry":{"type":"Point","coordinates":[137.30091,35.12285]},"properties":{"name":"chubu junction 35.1228:137.3009:77","vn_kv":77.0,"vm_pu":0.9925,"va_deg":11.67}},{"type":"Feature","geometry":{"type":"Point","coordinates":[137.17875,35.12117]},"properties":{"name":"chubu junction 35.1212:137.1787:0","vn_kv":66.0,"vm_pu":0.9912,"va_deg":11.49}},{"type":"Feature","geometry":{"type":"Point","coordinates":[137.31872,35.10555]},"properties":{"name":"chubu junction 35.1056:137.3187:77","vn_kv":77.0,"vm_pu":0.9925,"va_deg":11.67}},{"type":"Feature","geometry":{"type":"Point","coordinates":[137.17294,34.98201]},"properties":{"name":"chubu junction 34.982:137.1729:77","vn_kv":77.0,"vm_pu":0.9892,"va_deg":11.79}},{"type":"Feature","geometry":{"type":"Point","coordinates":[137.07474,34.96538]},"properties":{"name":"chubu junction 34.9654:137.0747:0","vn_kv":66.0,"vm_pu":1.0,"va_deg":0.0}},{"type":"Feature","geometry":{"type":"Point","coordinates":[137.07354,34.96264]},"properties":{"name":"chubu junction 34.9626:137.0735:0","vn_kv":66.0,"vm_pu":1.0,"va_deg":-0.0}},{"type":"Feature","geometry":{"type":"Point","coordinates":[136.55473,35.93546]},"properties":{"name":"chubu junction 35.9355:136.5547:0","vn_kv":66.0,"vm_pu":1.0635,"va_deg":18.2}},{"type":"Feature","geometry":{"type":"Point","coordinates":[136.55483,35.93533]},"properties":{"name":"chubu junction 35.9353:136.5548:0","vn_kv":66.0,"vm_pu":1.0,"va_deg":-0.0}},{"type":"Feature","geometry":{"type":"Point","coordinates":[136.50549,35.88828]},"properties":{"name":"chubu junction 35.8883:136.5055:0","vn_kv":66.0,"vm_pu":1.0,"va_deg":0.0}},{"type":"Feature","geometry":{"type":"Point","coordinates":[136.52149,36.01859]},"properties":{"name":"chubu junction 36.0186:136.5215:154","vn_kv":154.0,"vm_pu":1.0102,"va_deg":13.5}},{"type":"Feature","geometry":{"type":"Point","coordinates":[136.52103,36.01886]},"properties":{"name":"chubu junction 36.0189:136.521:154","vn_kv":154.0,"vm_pu":1.0102,"va_deg":13.5}},{"type":"Feature","geometry":{"type":"Point","coordinates":[136.52704,36.01784]},"properties":{"name":"chubu junction 36.0178:136.527:154","vn_kv":154.0,"vm_pu":1.01,"va_deg":13.49}},{"type":"Feature","geometry":{"type":"Point","coordinates":[136.51867,36.01936]},"properties":{"name":"chubu junction 36.0194:136.5187:154","vn_kv":154.0,"vm_pu":1.0102,"va_deg":13.5}},{"type":"Feature","geometry":{"type":"Point","coordinates":[136.5203,36.01902]},"properties":{"name":"chubu junction 36.019:136.5203:154","vn_kv":154.0,"vm_pu":1.0102,"va_deg":13.5}},{"type":"Feature","geometry":{"type":"Point","coordinates":[136.51845,36.01872]},"properties":{"name":"chubu junction 36.0187:136.5185:154","vn_kv":154.0,"vm_pu":1.0102,"va_deg":13.5}},{"type":"Feature","geometry":{"type":"Point","coordinates":[136.52659,36.01752]},"properties":{"name":"chubu junction 36.0175:136.5266:154","vn_kv":154.0,"vm_pu":1.01,"va_deg":13.49}},{"type":"Feature","geometry":{"type":"Point","coordinates":[138.31361,36.35554]},"properties":{"name":"chubu junction 36.3555:138.3136:77","vn_kv":77.0,"vm_pu":0.9971,"va_deg":3.33}},{"type":"Feature","geometry":{"type":"Point","coordinates":[138.31876,36.34212]},"properties":{"name":"chubu junction 36.3421:138.3188:77","vn_kv":77.0,"vm_pu":0.9971,"va_deg":3.33}},{"type":"Feature","geometry":{"type":"Point","coordinates":[138.43299,36.32847]},"properties":{"name":"chubu junction 36.3285:138.433:77","vn_kv":77.0,"vm_pu":0.9754,"va_deg":-1.13}},{"type":"Feature","geometry":{"type":"Point","coordinates":[136.61981,36.17374]},"properties":{"name":"chubu junction 36.1737:136.6198:154","vn_kv":154.0,"vm_pu":1.0101,"va_deg":13.32}},{"type":"Feature","geometry":{"type":"Point","coordinates":[136.63533,36.23181]},"properties":{"name":"chubu junction 36.2318:136.6353:154","vn_kv":154.0,"vm_pu":1.0102,"va_deg":13.32}},{"type":"Feature","geometry":{"type":"Point","coordinates":[136.63679,36.22949]},"properties":{"name":"chubu junction 36.2295:136.6368:154","vn_kv":154.0,"vm_pu":1.0102,"va_deg":13.32}},{"type":"Feature","geometry":{"type":"Point","coordinates":[136.63186,36.16328]},"properties":{"name":"chubu junction 36.1633:136.6319:154","vn_kv":154.0,"vm_pu":1.0101,"va_deg":13.32}},{"type":"Feature","geometry":{"type":"Point","coordinates":[136.63589,36.38335]},"properties":{"name":"chubu junction 36.3834:136.6359:154","vn_kv":154.0,"vm_pu":1.0,"va_deg":11.81}},{"type":"Feature","geometry":{"type":"Point","coordinates":[136.64682,36.33455]},"properties":{"name":"chubu junction 36.3345:136.6468:154","vn_kv":154.0,"vm_pu":1.0,"va_deg":11.81}},{"type":"Feature","geometry":{"type":"Point","coordinates":[136.63939,36.38426]},"properties":{"name":"chubu junction 36.3843:136.6394:154","vn_kv":154.0,"vm_pu":1.0,"va_deg":11.81}},{"type":"Feature","geometry":{"type":"Point","coordinates":[136.60872,35.43253]},"properties":{"name":"chubu junction 35.4325:136.6087:0","vn_kv":66.0,"vm_pu":1.0,"va_deg":0.0}},{"type":"Feature","geometry":{"type":"Point","coordinates":[136.5967,35.41863]},"properties":{"name":"chubu junction 35.4186:136.5967:154","vn_kv":154.0,"vm_pu":1.0057,"va_deg":10.09}},{"type":"Feature","geometry":{"type":"Point","coordinates":[136.70016,36.49954]},"properties":{"name":"chubu junction 36.4995:136.7002:0","vn_kv":66.0,"vm_pu":1.0,"va_deg":0.0}},{"type":"Feature","geometry":{"type":"Point","coordinates":[136.7183,36.46826]},"properties":{"name":"chubu junction 36.4683:136.7183:0","vn_kv":66.0,"vm_pu":1.0,"va_deg":-0.0}},{"type":"Feature","geometry":{"type":"Point","coordinates":[136.77643,35.40904]},"properties":{"name":"chubu junction 35.409:136.7764:0","vn_kv":66.0,"vm_pu":1.0,"va_deg":-0.0}},{"type":"Feature","geometry":{"type":"Point","coordinates":[136.77895,35.41165]},"properties":{"name":"chubu junction 35.4117:136.7789:0","vn_kv":66.0,"vm_pu":1.0,"va_deg":-0.0}},{"type":"Feature","geometry":{"type":"Point","coordinates":[136.35644,36.26132]},"properties":{"name":"chubu junction 36.2613:136.3564:154","vn_kv":154.0,"vm_pu":0.9998,"va_deg":11.53}},{"type":"Feature","geometry":{"type":"Point","coordinates":[136.43083,36.36313]},"properties":{"name":"chubu junction 36.3631:136.4308:0","vn_kv":66.0,"vm_pu":1.0,"va_deg":0.0}},{"type":"Feature","geometry":{"type":"Point","coordinates":[136.42744,36.36405]},"properties":{"name":"chubu junction 36.3641:136.4274:0","vn_kv":66.0,"vm_pu":1.0,"va_deg":-0.0}},{"type":"Feature","geometry":{"type":"Point","coordinates":[136.63779,36.29946]},"properties":{"name":"chubu junction 36.2995:136.6378:154","vn_kv":154.0,"vm_pu":1.0102,"va_deg":13.32}},{"type":"Feature","geometry":{"type":"Point","coordinates":[136.6387,36.2965]},"properties":{"name":"chubu junction 36.2965:136.6387:154","vn_kv":154.0,"vm_pu":1.0102,"va_deg":13.32}},{"type":"Feature","geometry":{"type":"Point","coordinates":[136.64257,36.29455]},"properties":{"name":"chubu junction 36.2946:136.6426:154","vn_kv":154.0,"vm_pu":1.0102,"va_deg":13.32}},{"type":"Feature","geometry":{"type":"Point","coordinates":[136.04025,36.00784]},"properties":{"name":"chubu junction 36.0078:136.0403:77","vn_kv":77.0,"vm_pu":1.0007,"va_deg":11.67}},{"type":"Feature","geometry":{"type":"Point","coordinates":[137.51228,34.86492]},"properties":{"name":"chubu junction 34.8649:137.5123:77","vn_kv":77.0,"vm_pu":1.0023,"va_deg":13.92}},{"type":"Feature","geometry":{"type":"Point","coordinates":[138.17335,36.50445]},"properties":{"name":"chubu junction 36.5044:138.1734:77","vn_kv":77.0,"vm_pu":1.0,"va_deg":5.25}},{"type":"Feature","geometry":{"type":"Point","coordinates":[138.07626,35.81548]},"properties":{"name":"chubu junction 35.8155:138.0763:0","vn_kv":66.0,"vm_pu":1.0,"va_deg":-0.0}},{"type":"Feature","geometry":{"type":"Point","coordinates":[138.16543,36.53762]},"properties":{"name":"chubu junction 36.5376:138.1654:77","vn_kv":77.0,"vm_pu":1.0001,"va_deg":4.88}},{"type":"Feature","geometry":{"type":"Point","coordinates":[137.55713,36.95103]},"properties":{"name":"chubu junction 36.951:137.5571:66","vn_kv":66.0,"vm_pu":1.0,"va_deg":14.5}},{"type":"Feature","geometry":{"type":"Point","coordinates":[137.48496,36.90175]},"properties":{"name":"chubu junction 36.9018:137.485:66","vn_kv":66.0,"vm_pu":0.9996,"va_deg":13.26}},{"type":"Feature","geometry":{"type":"Point","coordinates":[137.5579,36.85908]},"properties":{"name":"chubu junction 36.8591:137.5579:0","vn_kv":66.0,"vm_pu":1.0254,"va_deg":13.86}},{"type":"Feature","geometry":{"type":"Point","coordinates":[137.65873,36.69567]},"properties":{"name":"chubu junction 36.6957:137.6587:154","vn_kv":154.0,"vm_pu":1.0013,"va_deg":13.24}},{"type":"Feature","geometry":{"type":"Point","coordinates":[137.63798,36.75007]},"properties":{"name":"chubu junction 36.7501:137.638:275","vn_kv":275.0,"vm_pu":1.0258,"va_deg":13.86}},{"type":"Feature","geometry":{"type":"Point","coordinates":[137.6587,36.68707]},"properties":{"name":"chubu junction 36.6871:137.6587:275","vn_kv":275.0,"vm_pu":1.0259,"va_deg":13.86}},{"type":"Feature","geometry":{"type":"Point","coordinates":[137.66044,36.6925]},"properties":{"name":"chubu junction 36.6925:137.6604:275","vn_kv":275.0,"vm_pu":1.0259,"va_deg":13.86}},{"type":"Feature","geometry":{"type":"Point","coordinates":[136.9938,36.58644]},"properties":{"name":"chubu junction 36.5864:136.9938:154","vn_kv":154.0,"vm_pu":1.0055,"va_deg":12.81}},{"type":"Feature","geometry":{"type":"Point","coordinates":[136.99617,36.56364]},"properties":{"name":"chubu junction 36.5636:136.9962:154","vn_kv":154.0,"vm_pu":1.0055,"va_deg":12.81}},{"type":"Feature","geometry":{"type":"Point","coordinates":[136.99533,36.56365]},"properties":{"name":"chubu junction 36.5637:136.9953:154","vn_kv":154.0,"vm_pu":1.0055,"va_deg":12.81}},{"type":"Feature","geometry":{"type":"Point","coordinates":[136.99615,36.56376]},"properties":{"name":"chubu junction 36.5638:136.9962:154","vn_kv":154.0,"vm_pu":1.0055,"va_deg":12.81}},{"type":"Feature","geometry":{"type":"Point","coordinates":[136.99545,36.56361]},"properties":{"name":"chubu junction 36.5636:136.9954:154","vn_kv":154.0,"vm_pu":1.0055,"va_deg":12.81}},{"type":"Feature","geometry":{"type":"Point","coordinates":[137.11925,36.29462]},"properties":{"name":"chubu junction 36.2946:137.1193:154","vn_kv":154.0,"vm_pu":1.0027,"va_deg":13.15}},{"type":"Feature","geometry":{"type":"Point","coordinates":[137.18139,36.38197]},"properties":{"name":"chubu junction 36.382:137.1814:154","vn_kv":154.0,"vm_pu":1.0026,"va_deg":13.15}},{"type":"Feature","geometry":{"type":"Point","coordinates":[137.18588,36.38102]},"properties":{"name":"chubu junction 36.381:137.1859:154","vn_kv":154.0,"vm_pu":1.0026,"va_deg":13.15}},{"type":"Feature","geometry":{"type":"Point","coordinates":[137.1755,36.44966]},"properties":{"name":"chubu junction 36.4497:137.1755:154","vn_kv":154.0,"vm_pu":1.0025,"va_deg":13.15}},{"type":"Feature","geometry":{"type":"Point","coordinates":[137.21294,36.431]},"properties":{"name":"chubu junction 36.431:137.2129:154","vn_kv":154.0,"vm_pu":1.0024,"va_deg":13.15}},{"type":"Feature","geometry":{"type":"Point","coordinates":[137.1886,36.49658]},"properties":{"name":"chubu junction 36.4966:137.1886:154","vn_kv":154.0,"vm_pu":1.0,"va_deg":0.0}},{"type":"Feature","geometry":{"type":"Point","coordinates":[137.18773,36.47665]},"properties":{"name":"chubu junction 36.4766:137.1877:154","vn_kv":154.0,"vm_pu":1.0,"va_deg":-0.0}},{"type":"Feature","geometry":{"type":"Point","coordinates":[137.19029,36.49617]},"properties":{"name":"chubu junction 36.4962:137.1903:66","vn_kv":66.0,"vm_pu":0.9956,"va_deg":11.43}},{"type":"Feature","geometry":{"type":"Point","coordinates":[137.29797,36.33781]},"properties":{"name":"chubu junction 36.3378:137.298:154","vn_kv":154.0,"vm_pu":1.0029,"va_deg":13.15}},{"type":"Feature","geometry":{"type":"Point","coordinates":[138.11311,34.852]},"properties":{"name":"chubu junction 34.852:138.1131:77","vn_kv":77.0,"vm_pu":1.0287,"va_deg":15.9}},{"type":"Feature","geometry":{"type":"Point","coordinates":[138.15007,34.61873]},"properties":{"name":"chubu junction 34.6187:138.1501:0","vn_kv":66.0,"vm_pu":1.0265,"va_deg":16.23}},{"type":"Feature","geometry":{"type":"Point","coordinates":[138.15012,34.61886]},"properties":{"name":"chubu junction 34.6189:138.1501:0","vn_kv":66.0,"vm_pu":1.0265,"va_deg":16.23}},{"type":"Feature","geometry":{"type":"Point","coordinates":[138.15018,34.61889]},"properties":{"name":"chubu junction 34.6189:138.1502:0","vn_kv":66.0,"vm_pu":1.0265,"va_deg":16.23}},{"type":"Feature","geometry":{"type":"Point","coordinates":[136.94349,36.70245]},"properties":{"name":"chubu junction 36.7024:136.9435:66","vn_kv":66.0,"vm_pu":0.9993,"va_deg":10.14}},{"type":"Feature","geometry":{"type":"Point","coordinates":[136.6886,36.5473]},"properties":{"name":"chubu junction 36.5473:136.6886:77","vn_kv":77.0,"vm_pu":0.9833,"va_deg":10.53}},{"type":"Feature","geometry":{"type":"Point","coordinates":[136.68648,36.59514]},"properties":{"name":"chubu junction 36.5951:136.6865:154","vn_kv":154.0,"vm_pu":1.0017,"va_deg":11.81}},{"type":"Feature","geometry":{"type":"Point","coordinates":[136.65002,36.58861]},"properties":{"name":"chubu junction 36.5886:136.65:77","vn_kv":77.0,"vm_pu":0.9823,"va_deg":10.41}},{"type":"Feature","geometry":{"type":"Point","coordinates":[136.61961,36.58269]},"properties":{"name":"chubu junction 36.5827:136.6196:77","vn_kv":77.0,"vm_pu":0.9819,"va_deg":10.23}},{"type":"Feature","geometry":{"type":"Point","coordinates":[137.41196,36.07796]},"properties":{"name":"chubu junction 36.078:137.412:154","vn_kv":154.0,"vm_pu":1.0038,"va_deg":13.13}},{"type":"Feature","geometry":{"type":"Point","coordinates":[137.13626,35.6905]},"properties":{"name":"chubu junction 35.6905:137.1363:77","vn_kv":77.0,"vm_pu":1.0,"va_deg":9.73}},{"type":"Feature","geometry":{"type":"Point","coordinates":[136.86652,35.94265]},"properties":{"name":"chubu junction 35.9427:136.8665:77","vn_kv":77.0,"vm_pu":1.0001,"va_deg":9.79}},{"type":"Feature","geometry":{"type":"Point","coordinates":[136.26663,36.18807]},"properties":{"name":"chubu junction 36.1881:136.2666:0","vn_kv":66.0,"vm_pu":1.0,"va_deg":0.0}},{"type":"Feature","geometry":{"type":"Point","coordinates":[136.26704,36.18803]},"properties":{"name":"chubu junction 36.188:136.267:0","vn_kv":66.0,"vm_pu":1.0,"va_deg":-0.0}},{"type":"Feature","geometry":{"type":"Point","coordinates":[136.26702,36.18616]},"properties":{"name":"chubu junction 36.1862:136.267:0","vn_kv":66.0,"vm_pu":1.0,"va_deg":0.0}},{"type":"Feature","geometry":{"type":"Point","coordinates":[136.26695,36.18614]},"properties":{"name":"chubu junction 36.1861:136.2669:0","vn_kv":66.0,"vm_pu":1.0,"va_deg":-0.0}},{"type":"Feature","geometry":{"type":"Point","coordinates":[138.16421,34.82928]},"properties":{"name":"chubu junction 34.8293:138.1642:0","vn_kv":66.0,"vm_pu":1.0,"va_deg":0.0}},{"type":"Feature","geometry":{"type":"Point","coordinates":[138.1617,34.83325]},"properties":{"name":"chubu junction 34.8332:138.1617:0","vn_kv":66.0,"vm_pu":1.0,"va_deg":-0.0}},{"type":"Feature","geometry":{"type":"Point","coordinates":[136.15156,36.22954]},"properties":{"name":"chubu junction 36.2295:136.1516:0","vn_kv":66.0,"vm_pu":1.0,"va_deg":0.0}},{"type":"Feature","geometry":{"type":"Point","coordinates":[136.15177,36.22925]},"properties":{"name":"chubu junction 36.2292:136.1518:0","vn_kv":66.0,"vm_pu":1.0,"va_deg":-0.0}},{"type":"Feature","geometry":{"type":"Point","coordinates":[136.5318,35.33052]},"properties":{"name":"chubu junction 35.3305:136.5318:0","vn_kv":66.0,"vm_pu":1.0,"va_deg":0.0}},{"type":"Feature","geometry":{"type":"Point","coordinates":[136.53741,35.35005]},"properties":{"name":"chubu junction 35.35:136.5374:0","vn_kv":66.0,"vm_pu":1.0,"va_deg":-0.0}},{"type":"Feature","geometry":{"type":"Point","coordinates":[136.94109,36.72778]},"properties":{"name":"chubu junction 36.7278:136.9411:0","vn_kv":66.0,"vm_pu":1.0,"va_deg":0.0}},{"type":"Feature","geometry":{"type":"Point","coordinates":[136.93915,36.72797]},"properties":{"name":"chubu junction 36.728:136.9391:0","vn_kv":66.0,"vm_pu":1.0,"va_deg":-0.0}},{"type":"Feature","geometry":{"type":"Point","coordinates":[136.09012,35.10099]},"properties":{"name":"chubu junction 35.101:136.0901:77","vn_kv":77.0,"vm_pu":1.0031,"va_deg":11.62}},{"type":"Feature","geometry":{"type":"Point","coordinates":[136.19319,35.14836]},"properties":{"name":"chubu junction 35.1484:136.1932:77","vn_kv":77.0,"vm_pu":1.0,"va_deg":11.37}},{"type":"Feature","geometry":{"type":"Point","coordinates":[136.20723,35.16202]},"properties":{"name":"chubu junction 35.162:136.2072:77","vn_kv":77.0,"vm_pu":1.0007,"va_deg":11.45}},{"type":"Feature","geometry":{"type":"Point","coordinates":[136.21047,35.15851]},"properties":{"name":"chubu junction 35.1585:136.2105:77","vn_kv":77.0,"vm_pu":1.0007,"va_deg":11.45}},{"type":"Feature","geometry":{"type":"Point","coordinates":[136.73825,35.29271]},"properties":{"name":"chubu junction 35.2927:136.7382:66","vn_kv":66.0,"vm_pu":0.9928,"va_deg":8.94}},{"type":"Feature","geometry":{"type":"Point","coordinates":[137.03042,35.26391]},"properties":{"name":"chubu junction 35.2639:137.0304:154","vn_kv":154.0,"vm_pu":0.9922,"va_deg":9.79}},{"type":"Feature","geometry":{"type":"Point","coordinates":[136.95661,35.03268]},"properties":{"name":"chubu junction 35.0327:136.9566:0","vn_kv":66.0,"vm_pu":0.981,"va_deg":10.03}},{"type":"Feature","geometry":{"type":"Point","coordinates":[136.9157,34.84977]},"properties":{"name":"chubu junction 34.8498:136.9157:0","vn_kv":66.0,"vm_pu":1.0,"va_deg":17.14}},{"type":"Feature","geometry":{"type":"Point","coordinates":[137.14737,34.88804]},"properties":{"name":"chubu junction 34.888:137.1474:77","vn_kv":77.0,"vm_pu":1.002,"va_deg":14.1}},{"type":"Feature","geometry":{"type":"Point","coordinates":[137.16021,34.87344]},"properties":{"name":"chubu junction 34.8734:137.1602:77","vn_kv":77.0,"vm_pu":1.0014,"va_deg":14.06}},{"type":"Feature","geometry":{"type":"Point","coordinates":[137.15549,34.86791]},"properties":{"name":"chubu junction 34.8679:137.1555:77","vn_kv":77.0,"vm_pu":1.0014,"va_deg":14.06}},{"type":"Feature","geometry":{"type":"Point","coordinates":[137.06369,34.90342]},"properties":{"name":"chubu junction 34.9034:137.0637:154","vn_kv":154.0,"vm_pu":0.9907,"va_deg":12.25}},{"type":"Feature","geometry":{"type":"Point","coordinates":[137.00708,34.84208]},"properties":{"name":"chubu junction 34.8421:137.0071:77","vn_kv":77.0,"vm_pu":0.9978,"va_deg":14.65}},{"type":"Feature","geometry":{"type":"Point","coordinates":[137.05877,34.85722]},"properties":{"name":"chubu junction 34.8572:137.0588:77","vn_kv":77.0,"vm_pu":1.0013,"va_deg":15.48}},{"type":"Feature","geometry":{"type":"Point","coordinates":[138.79935,36.96939]},"properties":{"name":"chubu junction 36.9694:138.7993:0","vn_kv":66.0,"vm_pu":1.0,"va_deg":0.0}},{"type":"Feature","geometry":{"type":"Point","coordinates":[138.80002,36.97145]},"properties":{"name":"chubu junction 36.9714:138.8:0","vn_kv":66.0,"vm_pu":1.0,"va_deg":-0.0}},{"type":"Feature","geometry":{"type":"Point","coordinates":[138.80026,36.97017]},"properties":{"name":"chubu junction 36.9702:138.8003:0","vn_kv":66.0,"vm_pu":1.0,"va_deg":0.0}},{"type":"Feature","geometry":{"type":"Point","coordinates":[138.8022,36.97275]},"properties":{"name":"chubu junction 36.9727:138.8022:0","vn_kv":66.0,"vm_pu":1.0,"va_deg":-0.0}},{"type":"Feature","geometry":{"type":"Point","coordinates":[137.09775,36.76605]},"properties":{"name":"chubu junction 36.766:137.0978:154","vn_kv":154.0,"vm_pu":1.0016,"va_deg":13.02}},{"type":"Feature","geometry":{"type":"Point","coordinates":[138.6203,36.52294]},"properties":{"name":"chubu junction 36.5229:138.6203:77","vn_kv":77.0,"vm_pu":0.9511,"va_deg":-6.34}},{"type":"Feature","geometry":{"type":"Point","coordinates":[136.0524,35.6369]},"properties":{"name":"chubu junction 35.6369:136.0524:0","vn_kv":66.0,"vm_pu":1.0,"va_deg":22.69}},{"type":"Feature","geometry":{"type":"Point","coordinates":[136.8126,35.24055]},"properties":{"name":"chubu junction 35.2406:136.8126:154","vn_kv":154.0,"vm_pu":0.9963,"va_deg":9.43}},{"type":"Feature","geometry":{"type":"Point","coordinates":[137.88369,36.48994]},"properties":{"name":"chubu junction 36.4899:137.8837:0","vn_kv":66.0,"vm_pu":0.9997,"va_deg":3.04}},{"type":"Feature","geometry":{"type":"Point","coordinates":[138.24819,34.79898]},"properties":{"name":"chubu junction 34.799:138.2482:154","vn_kv":154.0,"vm_pu":1.0015,"va_deg":16.1}},{"type":"Feature","geometry":{"type":"Point","coordinates":[136.49945,35.15066]},"properties":{"name":"chubu junction 35.1507:136.4995:275","vn_kv":275.0,"vm_pu":1.0009,"va_deg":5.41}},{"type":"Feature","geometry":{"type":"Point","coordinates":[137.26073,35.18418]},"properties":{"name":"chubu junction 35.1842:137.2607:0","vn_kv":77.0,"vm_pu":0.9949,"va_deg":11.82}},{"type":"Feature","geometry":{"type":"Point","coordinates":[137.25456,35.1654]},"properties":{"name":"chubu junction 35.1654:137.2546:154","vn_kv":154.0,"vm_pu":0.995,"va_deg":11.83}},{"type":"Feature","geometry":{"type":"Point","coordinates":[137.28457,35.19793]},"properties":{"name":"chubu junction 35.1979:137.2846:0","vn_kv":66.0,"vm_pu":0.9949,"va_deg":11.82}},{"type":"Feature","geometry":{"type":"Point","coordinates":[137.70184,35.49791]},"properties":{"name":"chubu junction 35.4979:137.7018:0","vn_kv":66.0,"vm_pu":1.0,"va_deg":0.0}},{"type":"Feature","geometry":{"type":"Point","coordinates":[137.70099,35.49629]},"properties":{"name":"chubu junction 35.4963:137.701:0","vn_kv":66.0,"vm_pu":1.0,"va_deg":-0.0}},{"type":"Feature","geometry":{"type":"Point","coordinates":[138.31286,35.52547]},"properties":{"name":"chubu junction 35.5255:138.3129:0","vn_kv":66.0,"vm_pu":1.0,"va_deg":0.0}},{"type":"Feature","geometry":{"type":"Point","coordinates":[138.31403,35.52565]},"properties":{"name":"chubu junction 35.5256:138.314:0","vn_kv":66.0,"vm_pu":1.0,"va_deg":-0.0}},{"type":"Feature","geometry":{"type":"Point","coordinates":[137.38495,34.70653]},"properties":{"name":"chubu junction 34.7065:137.3849:154","vn_kv":154.0,"vm_pu":1.0,"va_deg":14.62}},{"type":"Feature","geometry":{"type":"Point","coordinates":[138.16469,36.67417]},"properties":{"name":"chubu junction 36.6742:138.1647:0","vn_kv":66.0,"vm_pu":1.0028,"va_deg":8.9}},{"type":"Feature","geometry":{"type":"Point","coordinates":[137.31515,35.20489]},"properties":{"name":"chubu junction 35.2049:137.3152:0","vn_kv":66.0,"vm_pu":0.9949,"va_deg":11.82}},{"type":"Feature","geometry":{"type":"Point","coordinates":[137.2844,35.19825]},"properties":{"name":"chubu junction 35.1982:137.2844:0","vn_kv":66.0,"vm_pu":0.9949,"va_deg":11.82}},{"type":"Feature","geometry":{"type":"Point","coordinates":[136.00547,35.00535]},"properties":{"name":"chubu junction 35.0054:136.0055:154","vn_kv":154.0,"vm_pu":1.0056,"va_deg":11.9}},{"type":"Feature","geometry":{"type":"Point","coordinates":[137.01594,35.45875]},"properties":{"name":"chubu junction 35.4588:137.0159:77","vn_kv":77.0,"vm_pu":1.003,"va_deg":10.51}},{"type":"Feature","geometry":{"type":"Point","coordinates":[136.81945,35.29708]},"properties":{"name":"chubu junction 35.2971:136.8195:77","vn_kv":77.0,"vm_pu":0.9865,"va_deg":7.87}},{"type":"Feature","geometry":{"type":"Point","coordinates":[136.86075,35.10387]},"properties":{"name":"chubu junction 35.1039:136.8607:77","vn_kv":77.0,"vm_pu":0.9888,"va_deg":10.56}},{"type":"Feature","geometry":{"type":"Point","coordinates":[136.86075,35.10387]},"properties":{"name":"chubu junction 35.1039:136.8607:154","vn_kv":154.0,"vm_pu":0.9947,"va_deg":11.37}},{"type":"Feature","geometry":{"type":"Point","coordinates":[136.94611,35.09599]},"properties":{"name":"chubu junction 35.096:136.9461:77","vn_kv":77.0,"vm_pu":0.9837,"va_deg":10.22}},{"type":"Feature","geometry":{"type":"Point","coordinates":[138.91931,35.12803]},"properties":{"name":"chubu junction 35.128:138.9193:0","vn_kv":66.0,"vm_pu":1.0,"va_deg":0.0}},{"type":"Feature","geometry":{"type":"Point","coordinates":[138.9151,35.139]},"properties":{"name":"chubu junction 35.139:138.9151:0","vn_kv":66.0,"vm_pu":1.0,"va_deg":-0.0}},{"type":"Feature","geometry":{"type":"Point","coordinates":[136.48771,35.36989]},"properties":{"name":"chubu junction 35.3699:136.4877:0","vn_kv":66.0,"vm_pu":1.0,"va_deg":10.78}},{"type":"Feature","geometry":{"type":"Point","coordinates":[136.56968,35.03319]},"properties":{"name":"chubu junction 35.0332:136.5697:154","vn_kv":154.0,"vm_pu":0.999,"va_deg":7.08}},{"type":"Feature","geometry":{"type":"Point","coordinates":[136.5919,35.08083]},"properties":{"name":"chubu junction 35.0808:136.5919:77","vn_kv":77.0,"vm_pu":0.9851,"va_deg":7.08}},{"type":"Feature","geometry":{"type":"Point","coordinates":[136.36495,35.98539]},"properties":{"name":"chubu junction 35.9854:136.3649:275","vn_kv":275.0,"vm_pu":1.0396,"va_deg":15.93}},{"type":"Feature","geometry":{"type":"Point","coordinates":[137.71011,35.72397]},"properties":{"name":"chubu junction 35.724:137.7101:0","vn_kv":66.0,"vm_pu":1.0,"va_deg":9.46}},{"type":"Feature","geometry":{"type":"Point","coordinates":[136.91094,36.40303]},"properties":{"name":"chubu junction 36.403:136.9109:275","vn_kv":275.0,"vm_pu":1.036,"va_deg":13.75}},{"type":"Feature","geometry":{"type":"Point","coordinates":[137.22183,34.90594]},"properties":{"name":"chubu junction 34.9059:137.2218:77","vn_kv":77.0,"vm_pu":0.9834,"va_deg":11.74}},{"type":"Feature","geometry":{"type":"Point","coordinates":[137.22422,34.9048]},"properties":{"name":"chubu junction 34.9048:137.2242:77","vn_kv":77.0,"vm_pu":0.9833,"va_deg":11.74}},{"type":"Feature","geometry":{"type":"Point","coordinates":[138.02218,35.54894]},"properties":{"name":"chubu junction 35.5489:138.0222:0","vn_kv":66.0,"vm_pu":1.0,"va_deg":0.0}},{"type":"Feature","geometry":{"type":"Point","coordinates":[137.93889,35.53265]},"properties":{"name":"chubu junction 35.5327:137.9389:0","vn_kv":66.0,"vm_pu":1.0,"va_deg":-0.0}},{"type":"Feature","geometry":{"type":"Point","coordinates":[137.91259,35.53121]},"properties":{"name":"chubu junction 35.5312:137.9126:500","vn_kv":500.0,"vm_pu":1.0435,"va_deg":14.9}},{"type":"Feature","geometry":{"type":"Point","coordinates":[139.0951,35.14099]},"properties":{"name":"\u571f\u80a5\u516d\u4e01\u76ee\u5909\u96fb\u6240","vn_kv":66.0,"vm_pu":1.0,"va_deg":0.0}},{"type":"Feature","geometry":{"type":"Point","coordinates":[137.56584,35.09711]},"properties":{"name":"\u7530\u53e3\u5909\u96fb\u6240","vn_kv":154.0,"vm_pu":1.0002,"va_deg":14.3}},{"type":"Feature","geometry":{"type":"Point","coordinates":[137.72739,35.16229]},"properties":{"name":"\u4e0b\u9ed2\u5ddd\u5909\u96fb\u6240","vn_kv":500.0,"vm_pu":1.0426,"va_deg":15.68}},{"type":"Feature","geometry":{"type":"Point","coordinates":[137.07297,34.81873]},"properties":{"name":"\u5409\u826f\u753a\u4e2d\u91ce\u5909\u96fb\u6240","vn_kv":275.0,"vm_pu":1.002,"va_deg":15.78}},{"type":"Feature","geometry":{"type":"Point","coordinates":[137.44093,34.78113]},"properties":{"name":"\u4e00\u4e01\u76ee\u5909\u96fb\u6240","vn_kv":77.0,"vm_pu":0.991,"va_deg":13.76}},{"type":"Feature","geometry":{"type":"Point","coordinates":[136.19357,35.94622]},"properties":{"name":"\u9bd6\u6c5f\u5909\u96fb\u6240","vn_kv":154.0,"vm_pu":1.0065,"va_deg":12.1}},{"type":"Feature","geometry":{"type":"Point","coordinates":[138.21946,36.66284]},"properties":{"name":"\u4e2d\u8d8a\u4e00\u4e01\u76ee\u5909\u96fb\u6240","vn_kv":77.0,"vm_pu":0.9948,"va_deg":2.0}},{"type":"Feature","geometry":{"type":"Point","coordinates":[137.37077,34.83372]},"properties":{"name":"\u685c\u6728\u901a\u4e09\u4e01\u76ee\u5909\u96fb\u6240","vn_kv":66.0,"vm_pu":1.0,"va_deg":0.0}},{"type":"Feature","geometry":{"type":"Point","coordinates":[137.13258,34.91331]},"properties":{"name":"\u4e0b\u9752\u91ce\u5909\u96fb\u6240","vn_kv":77.0,"vm_pu":0.9983,"va_deg":13.54}},{"type":"Feature","geometry":{"type":"Point","coordinates":[136.91898,35.15505]},"properties":{"name":"\u9db4\u821e\u4e00\u4e01\u76ee\u5909\u96fb\u6240","vn_kv":66.0,"vm_pu":1.0,"va_deg":0.0}},{"type":"Feature","geometry":{"type":"Point","coordinates":[139.11329,36.65841]},"properties":{"name":"\u5e73\u51fa\u767a\u96fb\u6240","vn_kv":66.0,"vm_pu":1.0,"va_deg":0.0}},{"type":"Feature","geometry":{"type":"Point","coordinates":[137.23735,36.56734]},"properties":{"name":"\u5e02\u5834\u5909\u96fb\u6240","vn_kv":154.0,"vm_pu":1.0012,"va_deg":13.2}},{"type":"Feature","geometry":{"type":"Point","coordinates":[137.03617,36.65265]},"properties":{"name":"\u5897\u5c71\u5909\u96fb\u6240","vn_kv":66.0,"vm_pu":0.9995,"va_deg":10.58}},{"type":"Feature","geometry":{"type":"Point","coordinates":[136.86918,35.16517]},"properties":{"name":"\u4e8c\u30c4\u6a4b\u5909\u96fb\u6240","vn_kv":154.0,"vm_pu":0.9936,"va_deg":10.87}},{"type":"Feature","geometry":{"type":"Point","coordinates":[138.10174,34.68097]},"properties":{"name":"\u4e2d\u90e8\u96fb\u529b\u5357\u5c71\u5909\u96fb\u6240","vn_kv":77.0,"vm_pu":1.0,"va_deg":17.59}},{"type":"Feature","geometry":{"type":"Point","coordinates":[138.14656,36.59134]},"properties":{"name":"\u5ddd\u4e2d\u5cf6\u753a\u4eca\u4e95\u539f\u5909\u96fb\u6240","vn_kv":66.0,"vm_pu":1.0196,"va_deg":9.9}},{"type":"Feature","geometry":{"type":"Point","coordinates":[136.06124,35.05341]},"properties":{"name":"\u30b5\u30a4\u30c9\u30bf\u30a6\u30f3\u4e09\u4e01\u76ee\u5909\u96fb\u6240","vn_kv":154.0,"vm_pu":1.0081,"va_deg":11.95}},{"type":"Feature","geometry":{"type":"Point","coordinates":[136.08406,35.04427]},"properties":{"name":"\u5927\u5b57\u5c0f\u53e3\u5909\u96fb\u6240","vn_kv":275.0,"vm_pu":1.0111,"va_deg":12.09}},{"type":"Feature","geometry":{"type":"Point","coordinates":[136.07319,35.05183]},"properties":{"name":"\u6e56\u5357\u5e02\u5909\u96fb\u6240","vn_kv":66.0,"vm_pu":1.0,"va_deg":0.0}},{"type":"Feature","geometry":{"type":"Point","coordinates":[136.06685,35.05452]},"properties":{"name":"\u91ce\u6d32\u5e02\u5909\u96fb\u6240","vn_kv":154.0,"vm_pu":1.0081,"va_deg":11.94}},{"type":"Feature","geometry":{"type":"Point","coordinates":[136.05507,35.05654]},"properties":{"name":"\u5317\u6afb\u5909\u96fb\u6240","vn_kv":154.0,"vm_pu":1.0085,"va_deg":11.96}},{"type":"Feature","geometry":{"type":"Point","coordinates":[136.05615,35.05609]},"properties":{"name":"\u30b5\u30a4\u30c9\u30bf\u30a6\u30f3\u4e09\u4e01\u76ee\u5909\u96fb\u6240_2","vn_kv":154.0,"vm_pu":1.0085,"va_deg":11.96}},{"type":"Feature","geometry":{"type":"Point","coordinates":[136.05571,35.05758]},"properties":{"name":"\u5317\u6afb\u5909\u96fb\u6240_2","vn_kv":154.0,"vm_pu":1.0086,"va_deg":11.96}},{"type":"Feature","geometry":{"type":"Point","coordinates":[136.99716,35.1681]},"properties":{"name":"\u540d\u53e4\u5c4b\u5e02\u55b6\u5730\u4e0b\u9244 \u4e00\u793e\u5909\u96fb\u6240","vn_kv":77.0,"vm_pu":0.98,"va_deg":9.09}},{"type":"Feature","geometry":{"type":"Point","coordinates":[136.8862,35.17565]},"properties":{"name":"\u540d\u53e4\u5c4b\u5e02\u4ea4\u901a\u5c40 \u7b2c\u4e8c\u90a3\u53e4\u91ce\u5909\u96fb\u6240","vn_kv":66.0,"vm_pu":1.0,"va_deg":0.0}},{"type":"Feature","geometry":{"type":"Point","coordinates":[136.93557,35.16362]},"properties":{"name":"\u540d\u53e4\u5c4b\u5e02\u4ea4\u901a\u5c40 \u5927\u4e45\u624b\u5909\u96fb\u6240","vn_kv":66.0,"vm_pu":1.0,"va_deg":0.0}},{"type":"Feature","geometry":{"type":"Point","coordinates":[136.21028,36.03177]},"properties":{"name":"\u82b1\u5802\u5909\u96fb\u6240","vn_kv":77.0,"vm_pu":0.9939,"va_deg":10.71}},{"type":"Feature","geometry":{"type":"Point","coordinates":[137.03676,35.26409]},"properties":{"name":"\u9ad8\u8535\u5bfa\u5909\u96fb\u6240","vn_kv":154.0,"vm_pu":0.9922,"va_deg":9.79}},{"type":"Feature","geometry":{"type":"Point","coordinates":[136.99659,35.24847]},"properties":{"name":"\u6625\u65e5\u4e95\u5909\u96fb\u6240 154kV","vn_kv":154.0,"vm_pu":0.9947,"va_deg":10.05}},{"type":"Feature","geometry":{"type":"Point","coordinates":[136.99659,35.24847]},"properties":{"name":"\u6625\u65e5\u4e95\u5909\u96fb\u6240 (untyped)","vn_kv":66.0,"vm_pu":0.986,"va_deg":8.76}},{"type":"Feature","geometry":{"type":"Point","coordinates":[137.76297,36.37041]},"properties":{"name":"\u5b89\u66c7\u91ce\u5e02\u5909\u96fb\u6240","vn_kv":66.0,"vm_pu":1.0,"va_deg":0.0}},{"type":"Feature","geometry":{"type":"Point","coordinates":[136.91067,35.16486]},"properties":{"name":"\u5357\u6b66\u5e73\u753a\u5909\u96fb\u6240","vn_kv":154.0,"vm_pu":0.9932,"va_deg":10.82}},{"type":"Feature","geometry":{"type":"Point","coordinates":[136.22351,36.07519]},"properties":{"name":"\u897f\u5225\u9662\u5909\u96fb\u6240","vn_kv":77.0,"vm_pu":0.9932,"va_deg":10.6}},{"type":"Feature","geometry":{"type":"Point","coordinates":[137.48091,35.50668]},"properties":{"name":"\u4e2d\u592e\u65b0\u5e79\u7dda \u65b0\u4e2d\u6d25\u5ddd\u5909\u96fb\u6240\u8a08\u753b\u5730 154kV","vn_kv":154.0,"vm_pu":0.9998,"va_deg":10.03}},{"type":"Feature","geometry":{"type":"Point","coordinates":[137.48091,35.50668]},"properties":{"name":"\u4e2d\u592e\u65b0\u5e79\u7dda \u65b0\u4e2d\u6d25\u5ddd\u5909\u96fb\u6240\u8a08\u753b\u5730 77kV","vn_kv":77.0,"vm_pu":0.9941,"va_deg":12.24}},{"type":"Feature","geometry":{"type":"Point","coordinates":[137.85064,36.68775]},"properties":{"name":"\u767d\u99ac\u6751\u5909\u96fb\u6240","vn_kv":66.0,"vm_pu":1.0,"va_deg":0.0}},{"type":"Feature","geometry":{"type":"Point","coordinates":[138.24981,36.60837]},"properties":{"name":"\u7530\u4e2d\u5909\u96fb\u6240 77kV","vn_kv":77.0,"vm_pu":0.9971,"va_deg":2.36}},{"type":"Feature","geometry":{"type":"Point","coordinates":[138.24981,36.60837]},"properties":{"name":"\u7530\u4e2d\u5909\u96fb\u6240 (untyped)","vn_kv":66.0,"vm_pu":0.9884,"va_deg":1.07}},{"type":"Feature","geometry":{"type":"Point","coordinates":[137.96762,36.72448]},"properties":{"name":"\u5965\u88fe\u82b1\u5730\u4e0b\u767a\u96fb\u6240","vn_kv":66.0,"vm_pu":1.0,"va_deg":0.0}},{"type":"Feature","geometry":{"type":"Point","coordinates":[136.88951,35.17415]},"properties":{"name":"\u5909\u96fb\u5ba4","vn_kv":66.0,"vm_pu":1.0,"va_deg":0.0}},{"type":"Feature","geometry":{"type":"Point","coordinates":[136.8902,35.1945]},"properties":{"name":"\u6d44\u5fc3\u5909\u96fb\u6240","vn_kv":66.0,"vm_pu":1.0,"va_deg":0.0}},{"type":"Feature","geometry":{"type":"Point","coordinates":[136.88991,35.19303]},"properties":{"name":"\u540d\u53e4\u5c4b\u5e02\u4ea4\u901a\u5c40 \u6d44\u5fc3\u5909\u96fb\u6240","vn_kv":66.0,"vm_pu":1.0,"va_deg":0.0}},{"type":"Feature","geometry":{"type":"Point","coordinates":[137.18725,34.87056]},"properties":{"name":"\u5e78\u7530\u5909\u96fb\u6240 275kV","vn_kv":275.0,"vm_pu":1.0051,"va_deg":14.83}},{"type":"Feature","geometry":{"type":"Point","coordinates":[137.18725,34.87056]},"properties":{"name":"\u5e78\u7530\u5909\u96fb\u6240 77kV","vn_kv":77.0,"vm_pu":1.0008,"va_deg":14.01}},{"type":"Feature","geometry":{"type":"Point","coordinates":[136.28653,35.38226]},"properties":{"name":"\u65b0\u9577\u6d5c\u5909\u96fb\u6240 77kV","vn_kv":77.0,"vm_pu":1.0,"va_deg":11.29}},{"type":"Feature","geometry":{"type":"Point","coordinates":[136.28653,35.38226]},"properties":{"name":"\u65b0\u9577\u6d5c\u5909\u96fb\u6240 66kV","vn_kv":66.0,"vm_pu":0.9999,"va_deg":10.61}},{"type":"Feature","geometry":{"type":"Point","coordinates":[136.83824,36.9958]},"properties":{"name":"\u4e2d\u80fd\u767b\u5909\u96fb\u6240 500kV","vn_kv":500.0,"vm_pu":1.0769,"va_deg":17.3}},{"type":"Feature","geometry":{"type":"Point","coordinates":[136.83824,36.9958]},"properties":{"name":"\u4e2d\u80fd\u767b\u5909\u96fb\u6240 275kV","vn_kv":275.0,"vm_pu":1.065,"va_deg":16.55}},{"type":"Feature","geometry":{"type":"Point","coordinates":[136.83824,36.9958]},"properties":{"name":"\u4e2d\u80fd\u767b\u5909\u96fb\u6240 154kV","vn_kv":154.0,"vm_pu":1.0148,"va_deg":13.85}},{"type":"Feature","geometry":{"type":"Point","coordinates":[137.86535,35.52794]},"properties":{"name":"\u5ea7\u5149\u5bfa\u5909\u96fb\u6240","vn_kv":77.0,"vm_pu":1.0,"va_deg":17.67}},{"type":"Feature","geometry":{"type":"Point","coordinates":[136.27453,35.37637]},"properties":{"name":"\u9577\u6d5c\u5909\u96fb\u6240","vn_kv":66.0,"vm_pu":1.0,"va_deg":10.61}},{"type":"Feature","geometry":{"type":"Point","coordinates":[136.27166,35.40656]},"properties":{"name":"\u5c0f\u6ca2\u5909\u96fb\u6240 154kV","vn_kv":154.0,"vm_pu":1.0012,"va_deg":11.66}},{"type":"Feature","geometry":{"type":"Point","coordinates":[136.27166,35.40656]},"properties":{"name":"\u5c0f\u6ca2\u5909\u96fb\u6240 77kV","vn_kv":77.0,"vm_pu":0.9998,"va_deg":11.17}},{"type":"Feature","geometry":{"type":"Point","coordinates":[136.77248,35.29688]},"properties":{"name":"\u6bdb\u53d7\u5909\u96fb\u6240(Menjo-Hendensho) 77kV","vn_kv":77.0,"vm_pu":1.0,"va_deg":8.13}},{"type":"Feature","geometry":{"type":"Point","coordinates":[136.77248,35.29688]},"properties":{"name":"\u6bdb\u53d7\u5909\u96fb\u6240(Menjo-Hendensho) 66kV","vn_kv":66.0,"vm_pu":0.9926,"va_deg":8.88}},{"type":"Feature","geometry":{"type":"Point","coordinates":[136.94719,35.37619]},"properties":{"name":"\u57ce\u6771\u5909\u96fb\u6240","vn_kv":77.0,"vm_pu":0.9957,"va_deg":9.07}},{"type":"Feature","geometry":{"type":"Point","coordinates":[138.11201,34.77667]},"properties":{"name":"\u65b0\u83ca\u5ddd\u5909\u96fb\u6240","vn_kv":77.0,"vm_pu":1.0056,"va_deg":16.18}},{"type":"Feature","geometry":{"type":"Point","coordinates":[138.09017,34.76402]},"properties":{"name":"\u83ca\u5ddd\u5909\u96fb\u6240","vn_kv":77.0,"vm_pu":1.0033,"va_deg":16.14}},{"type":"Feature","geometry":{"type":"Point","coordinates":[138.74332,35.6705]},"properties":{"name":"\u52dd\u6cbc\u5909\u96fb\u6240","vn_kv":66.0,"vm_pu":1.0,"va_deg":0.0}},{"type":"Feature","geometry":{"type":"Point","coordinates":[139.04466,35.96239]},"properties":{"name":"\u6b66\u5dde\u4e2d\u5ddd\u5909\u96fb\u6240","vn_kv":66.0,"vm_pu":1.0,"va_deg":0.0}},{"type":"Feature","geometry":{"type":"Point","coordinates":[136.76243,35.31019]},"properties":{"name":"\u8d77\u5909\u96fb\u6240","vn_kv":66.0,"vm_pu":1.0,"va_deg":0.0}},{"type":"Feature","geometry":{"type":"Point","coordinates":[136.87116,35.38857]},"properties":{"name":"\u524d\u6e21\u5909\u96fb\u6240","vn_kv":66.0,"vm_pu":1.0,"va_deg":0.0}},{"type":"Feature","geometry":{"type":"Point","coordinates":[136.87185,35.26139]},"properties":{"name":"\u5ca9\u5009\u5909\u96fb\u6240 154kV","vn_kv":154.0,"vm_pu":0.9963,"va_deg":9.46}},{"type":"Feature","geometry":{"type":"Point","coordinates":[136.87185,35.26139]},"properties":{"name":"\u5ca9\u5009\u5909\u96fb\u6240 77kV","vn_kv":77.0,"vm_pu":0.9835,"va_deg":8.08}},{"type":"Feature","geometry":{"type":"Point","coordinates":[136.87185,35.26139]},"properties":{"name":"\u5ca9\u5009\u5909\u96fb\u6240 (untyped)","vn_kv":154.0,"vm_pu":1.0,"va_deg":0.0}},{"type":"Feature","geometry":{"type":"Point","coordinates":[136.81083,35.27905]},"properties":{"name":"\u591a\u52a0\u6728\u4e8c\u4e01\u76ee\u5909\u96fb\u6240","vn_kv":77.0,"vm_pu":0.9867,"va_deg":7.9}},{"type":"Feature","geometry":{"type":"Point","coordinates":[137.70825,35.07121]},"properties":{"name":"\u9580\u524d\u5909\u96fb\u6240 500kV","vn_kv":500.0,"vm_pu":1.041,"va_deg":15.71}},{"type":"Feature","geometry":{"type":"Point","coordinates":[137.70825,35.07121]},"properties":{"name":"\u9580\u524d\u5909\u96fb\u6240 275kV","vn_kv":275.0,"vm_pu":1.0178,"va_deg":14.72}},{"type":"Feature","geometry":{"type":"Point","coordinates":[139.01107,36.33715]},"properties":{"name":"\u829d\u585a\u753a\u5909\u96fb\u6240","vn_kv":66.0,"vm_pu":0.999,"va_deg":-0.08}},{"type":"Feature","geometry":{"type":"Point","coordinates":[139.03987,36.40076]},"properties":{"name":"\u7dcf\u793e\u753a\u56db\u4e01\u76ee\u5909\u96fb\u6240","vn_kv":66.0,"vm_pu":1.0,"va_deg":0.0}},{"type":"Feature","geometry":{"type":"Point","coordinates":[139.04931,36.38131]},"properties":{"name":"\u65b0\u524d\u6a4b\u753a\u5909\u96fb\u6240","vn_kv":66.0,"vm_pu":1.0,"va_deg":0.0}},{"type":"Feature","geometry":{"type":"Point","coordinates":[139.04181,36.37542]},"properties":{"name":"\u65b0\u524d\u6a4b\u958b\u9589\u6240","vn_kv":66.0,"vm_pu":1.0,"va_deg":0.0}},{"type":"Feature","geometry":{"type":"Point","coordinates":[138.59237,35.22918]},"properties":{"name":"\u4e2d\u5cf6\u753a\u5909\u96fb\u6240","vn_kv":66.0,"vm_pu":1.0,"va_deg":0.0}},{"type":"Feature","geometry":{"type":"Point","coordinates":[136.08239,35.64636]},"properties":{"name":"\u6566\u8cc0\u5909\u96fb\u6240 154kV","vn_kv":154.0,"vm_pu":1.0,"va_deg":22.68}},{"type":"Feature","geometry":{"type":"Point","coordinates":[136.08239,35.64636]},"properties":{"name":"\u6566\u8cc0\u5909\u96fb\u6240 (untyped)","vn_kv":66.0,"vm_pu":0.9913,"va_deg":21.4}},{"type":"Feature","geometry":{"type":"Point","coordinates":[138.36475,34.93382]},"properties":{"name":"\u99ff\u6cb3\u533a\u5909\u96fb\u6240","vn_kv":110.0,"vm_pu":1.0058,"va_deg":11.63}},{"type":"Feature","geometry":{"type":"Point","coordinates":[138.54812,35.62971]},"properties":{"name":"\u662d\u548c\u753a\u5909\u96fb\u6240_2","vn_kv":66.0,"vm_pu":0.9987,"va_deg":-0.2}},{"type":"Feature","geometry":{"type":"Point","coordinates":[138.48542,36.0928]},"properties":{"name":"\u5c0f\u6d77\u753a\u5909\u96fb\u6240","vn_kv":77.0,"vm_pu":0.9222,"va_deg":-9.34}},{"type":"Feature","geometry":{"type":"Point","coordinates":[138.47027,36.27412]},"properties":{"name":"\u4f50\u4e45\u5e73\u99c5\u6771\u5909\u96fb\u6240","vn_kv":77.0,"vm_pu":0.9785,"va_deg":-0.2}},{"type":"Feature","geometry":{"type":"Point","coordinates":[138.24753,36.60852]},"properties":{"name":"\u7530\u4e2d\u5909\u96fb\u6240_2 77kV","vn_kv":77.0,"vm_pu":0.9971,"va_deg":2.37}},{"type":"Feature","geometry":{"type":"Point","coordinates":[138.24753,36.60852]},"properties":{"name":"\u7530\u4e2d\u5909\u96fb\u6240_2 (untyped)","vn_kv":66.0,"vm_pu":0.9884,"va_deg":1.08}},{"type":"Feature","geometry":{"type":"Point","coordinates":[138.26004,36.62619]},"properties":{"name":"\u52a0\u7f8e\u753a\u5909\u96fb\u6240","vn_kv":66.0,"vm_pu":1.0,"va_deg":0.0}},{"type":"Feature","geometry":{"type":"Point","coordinates":[138.31147,36.66063]},"properties":{"name":"\u5927\u5b57\u9808\u5742\u5909\u96fb\u6240","vn_kv":77.0,"vm_pu":0.995,"va_deg":2.17}},{"type":"Feature","geometry":{"type":"Point","coordinates":[138.2356,36.66681]},"properties":{"name":"\u7a32\u7530\u56db\u4e01\u76ee\u5909\u96fb\u6240","vn_kv":77.0,"vm_pu":0.9971,"va_deg":2.35}},{"type":"Feature","geometry":{"type":"Point","coordinates":[138.21711,36.65622]},"properties":{"name":"\u6771\u9577\u91ce\u5909\u96fb\u6240 (Higashi-Nagano Hendensho)","vn_kv":77.0,"vm_pu":0.9966,"va_deg":2.31}},{"type":"Feature","geometry":{"type":"Point","coordinates":[138.17757,36.63505]},"properties":{"name":"\u5b89\u8302\u91cc\u5909\u96fb\u6240","vn_kv":66.0,"vm_pu":1.0066,"va_deg":9.24}},{"type":"Feature","geometry":{"type":"Point","coordinates":[138.15745,36.62763]},"properties":{"name":"\u5b89\u8302\u91cc\u5c0f\u5e02\u4e00\u4e01\u76ee\u5909\u96fb\u6240","vn_kv":66.0,"vm_pu":1.0,"va_deg":0.0}},{"type":"Feature","geometry":{"type":"Point","coordinates":[138.11074,36.55938]},"properties":{"name":"\u9577\u91ce\u5e02\u5909\u96fb\u6240 275kV","vn_kv":275.0,"vm_pu":1.0204,"va_deg":9.97}},{"type":"Feature","geometry":{"type":"Point","coordinates":[138.11074,36.55938]},"properties":{"name":"\u9577\u91ce\u5e02\u5909\u96fb\u6240 77kV","vn_kv":77.0,"vm_pu":1.001,"va_deg":5.12}},{"type":"Feature","geometry":{"type":"Point","coordinates":[138.11074,36.55938]},"properties":{"name":"\u9577\u91ce\u5e02\u5909\u96fb\u6240 (untyped)","vn_kv":66.0,"vm_pu":0.9923,"va_deg":3.84}},{"type":"Feature","geometry":{"type":"Point","coordinates":[138.17738,36.5961]},"properties":{"name":"\u4e2d\u90e8\u96fb\u529b\u30d1\u30ef\u30fc\u30b0\u30ea\u30c3\u30c9 \u5ddd\u4e2d\u5cf6\u5909\u96fb\u6240","vn_kv":77.0,"vm_pu":1.0,"va_deg":2.88}},{"type":"Feature","geometry":{"type":"Point","coordinates":[138.09832,36.10733]},"properties":{"name":"\u8acf\u8a2a\u5909\u96fb\u6240 154kV","vn_kv":154.0,"vm_pu":0.999,"va_deg":7.45}},{"type":"Feature","geometry":{"type":"Point","coordinates":[138.09832,36.10733]},"properties":{"name":"\u8acf\u8a2a\u5909\u96fb\u6240 77kV","vn_kv":77.0,"vm_pu":0.9971,"va_deg":5.34}},{"type":"Feature","geometry":{"type":"Point","coordinates":[137.72922,35.16214]},"properties":{"name":"\u4e2d\u90e8\u96fb\u529b(\u682a)\u8c4a\u6839\u958b\u9589\u6240","vn_kv":500.0,"vm_pu":1.0426,"va_deg":15.68}},{"type":"Feature","geometry":{"type":"Point","coordinates":[136.9235,35.11487]},"properties":{"name":"\u5800\u7530\u5909\u96fb\u6240","vn_kv":77.0,"vm_pu":0.987,"va_deg":10.83}},{"type":"Feature","geometry":{"type":"Point","coordinates":[138.36581,34.95073]},"properties":{"name":"\u99ff\u6cb3\u533a\u5909\u96fb\u6240_2","vn_kv":110.0,"vm_pu":1.0047,"va_deg":11.57}},{"type":"Feature","geometry":{"type":"Point","coordinates":[137.00481,35.18747]},"properties":{"name":"\u4e2d\u96fb\u732a\u9ad8\u5909\u96fb\u6240","vn_kv":154.0,"vm_pu":0.9926,"va_deg":10.73}},{"type":"Feature","geometry":{"type":"Point","coordinates":[138.69212,35.17622]},"properties":{"name":"\u6771\u4eac\u96fb\u529b\u99ff\u6cb3\u5909\u96fb\u6240","vn_kv":154.0,"vm_pu":1.0,"va_deg":0.0}},{"type":"Feature","geometry":{"type":"Point","coordinates":[138.28636,34.9934]},"properties":{"name":"Abe 275kV","vn_kv":275.0,"vm_pu":1.0209,"va_deg":15.13}},{"type":"Feature","geometry":{"type":"Point","coordinates":[138.28636,34.9934]},"properties":{"name":"Abe 110kV","vn_kv":110.0,"vm_pu":1.0054,"va_deg":11.94}},{"type":"Feature","geometry":{"type":"Point","coordinates":[138.00288,36.34138]},"properties":{"name":"\u5317\u677e\u672c\u5909\u96fb\u6240 275kV","vn_kv":275.0,"vm_pu":1.0297,"va_deg":10.11}},{"type":"Feature","geometry":{"type":"Point","coordinates":[138.00288,36.34138]},"properties":{"name":"\u5317\u677e\u672c\u5909\u96fb\u6240 77kV","vn_kv":77.0,"vm_pu":1.0056,"va_deg":4.14}},{"type":"Feature","geometry":{"type":"Point","coordinates":[136.72272,35.34634]},"properties":{"name":"\u8db3\u8fd1\u753a\u4e00\u4e01\u76ee\u5909\u96fb\u6240","vn_kv":154.0,"vm_pu":1.0035,"va_deg":9.72}},{"type":"Feature","geometry":{"type":"Point","coordinates":[136.82104,35.32754]},"properties":{"name":"\u5317\u4e00\u5bae\u5909\u96fb\u6240 154kV","vn_kv":154.0,"vm_pu":0.9977,"va_deg":9.49}},{"type":"Feature","geometry":{"type":"Point","coordinates":[136.82104,35.32754]},"properties":{"name":"\u5317\u4e00\u5bae\u5909\u96fb\u6240 77kV","vn_kv":77.0,"vm_pu":0.987,"va_deg":7.92}},{"type":"Feature","geometry":{"type":"Point","coordinates":[136.78814,35.38028]},"properties":{"name":"\u4f0f\u5c4b\u4e5d\u4e01\u76ee\u5909\u96fb\u6240","vn_kv":154.0,"vm_pu":1.0028,"va_deg":9.77}},{"type":"Feature","geometry":{"type":"Point","coordinates":[136.73598,35.40693]},"properties":{"name":"\u52a0\u7d0d\u5909\u96fb\u6240 (Kan\u014d Hendensho) 275kV","vn_kv":275.0,"vm_pu":1.0128,"va_deg":10.4}},{"type":"Feature","geometry":{"type":"Point","coordinates":[136.73598,35.40693]},"properties":{"name":"\u52a0\u7d0d\u5909\u96fb\u6240 (Kan\u014d Hendensho) 154kV","vn_kv":154.0,"vm_pu":1.0047,"va_deg":9.91}},{"type":"Feature","geometry":{"type":"Point","coordinates":[136.87013,35.50552]},"properties":{"name":"\u95a2\u958b\u9589\u6240 275kV","vn_kv":275.0,"vm_pu":1.0172,"va_deg":11.29}},{"type":"Feature","geometry":{"type":"Point","coordinates":[136.87013,35.50552]},"properties":{"name":"\u95a2\u958b\u9589\u6240 (untyped)","vn_kv":275.0,"vm_pu":1.0,"va_deg":0.0}},{"type":"Feature","geometry":{"type":"Point","coordinates":[136.93685,35.5274]},"properties":{"name":"\u5317\u90e8\u5909\u96fb\u6240 500kV","vn_kv":500.0,"vm_pu":1.0576,"va_deg":15.75}},{"type":"Feature","geometry":{"type":"Point","coordinates":[136.93685,35.5274]},"properties":{"name":"\u5317\u90e8\u5909\u96fb\u6240 275kV","vn_kv":275.0,"vm_pu":1.0202,"va_deg":11.54}},{"type":"Feature","geometry":{"type":"Point","coordinates":[136.93685,35.5274]},"properties":{"name":"\u5317\u90e8\u5909\u96fb\u6240 154kV","vn_kv":154.0,"vm_pu":1.0056,"va_deg":10.8}},{"type":"Feature","geometry":{"type":"Point","coordinates":[136.6453,35.4269]},"properties":{"name":"\u897f\u6fc3\u5909\u96fb\u6240 275kV","vn_kv":275.0,"vm_pu":1.0118,"va_deg":10.03}},{"type":"Feature","geometry":{"type":"Point","coordinates":[136.6453,35.4269]},"properties":{"name":"\u897f\u6fc3\u5909\u96fb\u6240 154kV","vn_kv":154.0,"vm_pu":1.0056,"va_deg":10.06}},{"type":"Feature","geometry":{"type":"Point","coordinates":[136.6453,35.4269]},"properties":{"name":"\u897f\u6fc3\u5909\u96fb\u6240 77kV","vn_kv":77.0,"vm_pu":0.9929,"va_deg":8.2}},{"type":"Feature","geometry":{"type":"Point","coordinates":[136.69325,35.40531]},"properties":{"name":"\u7a42\u7a4d\u5909\u96fb\u6240 154kV","vn_kv":154.0,"vm_pu":1.005,"va_deg":9.95}},{"type":"Feature","geometry":{"type":"Point","coordinates":[136.69325,35.40531]},"properties":{"name":"\u7a42\u7a4d\u5909\u96fb\u6240 77kV","vn_kv":77.0,"vm_pu":0.9961,"va_deg":8.94}},{"type":"Feature","geometry":{"type":"Point","coordinates":[136.61115,35.38461]},"properties":{"name":"\u5927\u57a3\u5909\u96fb\u6240 (Ogaki Hendensho) 154kV","vn_kv":154.0,"vm_pu":1.005,"va_deg":9.91}},{"type":"Feature","geometry":{"type":"Point","coordinates":[136.61115,35.38461]},"properties":{"name":"\u5927\u57a3\u5909\u96fb\u6240 (Ogaki Hendensho) 77kV","vn_kv":77.0,"vm_pu":0.9957,"va_deg":8.67}},{"type":"Feature","geometry":{"type":"Point","coordinates":[136.70323,35.47891]},"properties":{"name":"\u5fa1\u671b\u5909\u96fb\u6240","vn_kv":275.0,"vm_pu":1.0145,"va_deg":11.03}},{"type":"Feature","geometry":{"type":"Point","coordinates":[136.69619,35.36878]},"properties":{"name":"\u65e5\u7f6e\u6c5f\u516b\u4e01\u76ee\u5909\u96fb\u6240","vn_kv":77.0,"vm_pu":0.9944,"va_deg":8.81}},{"type":"Feature","geometry":{"type":"Point","coordinates":[136.74588,35.38921]},"properties":{"name":"\u516d\u6761\u5927\u6e9d\u4e8c\u4e01\u76ee\u5909\u96fb\u6240","vn_kv":154.0,"vm_pu":1.0043,"va_deg":9.87}},{"type":"Feature","geometry":{"type":"Point","coordinates":[136.67822,35.32052]},"properties":{"name":"\u798f\u5bff\u753a\u5e73\u65b9\u4e5d\u4e01\u76ee\u5909\u96fb\u6240","vn_kv":154.0,"vm_pu":1.003,"va_deg":9.61}},{"type":"Feature","geometry":{"type":"Point","coordinates":[138.50022,35.05696]},"properties":{"name":"\u6771\u6e05\u6c34\u5909\u96fb\u6240 275kV","vn_kv":275.0,"vm_pu":1.0198,"va_deg":14.94}},{"type":"Feature","geometry":{"type":"Point","coordinates":[138.50022,35.05696]},"properties":{"name":"\u6771\u6e05\u6c34\u5909\u96fb\u6240 77kV","vn_kv":77.0,"vm_pu":0.9951,"va_deg":9.2}},{"type":"Feature","geometry":{"type":"Point","coordinates":[137.79868,35.08457]},"properties":{"name":"\u4f50\u4e45\u9593\u5468\u6ce2\u6570\u5909\u63db\u6240 275kV","vn_kv":275.0,"vm_pu":1.0078,"va_deg":14.32}},{"type":"Feature","geometry":{"type":"Point","coordinates":[137.79868,35.08457]},"properties":{"name":"\u4f50\u4e45\u9593\u5468\u6ce2\u6570\u5909\u63db\u6240 154kV","vn_kv":154.0,"vm_pu":1.0014,"va_deg":14.61}},{"type":"Feature","geometry":{"type":"Point","coordinates":[136.9943,35.26461]},"properties":{"name":"\u96fb\u6e90\u540d\u53e4\u5c4b 275kV","vn_kv":275.0,"vm_pu":1.0133,"va_deg":12.8}},{"type":"Feature","geometry":{"type":"Point","coordinates":[136.9943,35.26461]},"properties":{"name":"\u96fb\u6e90\u540d\u53e4\u5c4b 154kV","vn_kv":154.0,"vm_pu":0.9958,"va_deg":9.97}},{"type":"Feature","geometry":{"type":"Point","coordinates":[137.11772,35.14396]},"properties":{"name":"\u5317\u8c4a\u7530\u5909\u96fb\u6240 (Kita Toyota Hendensho) 275kV","vn_kv":275.0,"vm_pu":1.0074,"va_deg":13.53}},{"type":"Feature","geometry":{"type":"Point","coordinates":[137.11772,35.14396]},"properties":{"name":"\u5317\u8c4a\u7530\u5909\u96fb\u6240 (Kita Toyota Hendensho) 154kV","vn_kv":154.0,"vm_pu":0.9986,"va_deg":12.41}},{"type":"Feature","geometry":{"type":"Point","coordinates":[137.13654,35.20245]},"properties":{"name":"\u702c\u6238\u5909\u96fb\u6240 275kV","vn_kv":275.0,"vm_pu":1.011,"va_deg":13.27}},{"type":"Feature","geometry":{"type":"Point","coordinates":[137.13654,35.20245]},"properties":{"name":"\u702c\u6238\u5909\u96fb\u6240 77kV","vn_kv":77.0,"vm_pu":0.9955,"va_deg":11.13}},{"type":"Feature","geometry":{"type":"Point","coordinates":[137.262,35.10584]},"properties":{"name":"\u6771\u90e8\u5909\u96fb\u6240 500kV","vn_kv":500.0,"vm_pu":1.0459,"va_deg":15.62}},{"type":"Feature","geometry":{"type":"Point","coordinates":[137.262,35.10584]},"properties":{"name":"\u6771\u90e8\u5909\u96fb\u6240 275kV","vn_kv":275.0,"vm_pu":1.0117,"va_deg":13.92}},{"type":"Feature","geometry":{"type":"Point","coordinates":[137.262,35.10584]},"properties":{"name":"\u6771\u90e8\u5909\u96fb\u6240 77kV","vn_kv":77.0,"vm_pu":0.9967,"va_deg":12.17}},{"type":"Feature","geometry":{"type":"Point","coordinates":[136.82489,36.4991]},"properties":{"name":"\u5357\u798f\u5149\u9023\u7cfb\u6240","vn_kv":500.0,"vm_pu":1.0758,"va_deg":17.29}},{"type":"Feature","geometry":{"type":"Point","coordinates":[136.725,36.50138]},"properties":{"name":"\u52a0\u8cc0\u5909\u96fb\u6240","vn_kv":500.0,"vm_pu":1.0741,"va_deg":17.43}},{"type":"Feature","geometry":{"type":"Point","coordinates":[136.81033,35.09977]},"properties":{"name":"\u540d\u5357\u5909\u96fb\u6240 154kV","vn_kv":154.0,"vm_pu":0.9961,"va_deg":11.46}},{"type":"Feature","geometry":{"type":"Point","coordinates":[136.81033,35.09977]},"properties":{"name":"\u540d\u5357\u5909\u96fb\u6240 77kV","vn_kv":77.0,"vm_pu":0.9892,"va_deg":9.15}},{"type":"Feature","geometry":{"type":"Point","coordinates":[137.47012,34.84365]},"properties":{"name":"\u4e09\u6cb3\u5909\u96fb\u6240 275kV","vn_kv":275.0,"vm_pu":1.0155,"va_deg":15.6}},{"type":"Feature","geometry":{"type":"Point","coordinates":[137.47012,34.84365]},"properties":{"name":"\u4e09\u6cb3\u5909\u96fb\u6240 154kV","vn_kv":154.0,"vm_pu":1.0004,"va_deg":14.21}},{"type":"Feature","geometry":{"type":"Point","coordinates":[137.47012,34.84365]},"properties":{"name":"\u4e09\u6cb3\u5909\u96fb\u6240 77kV","vn_kv":77.0,"vm_pu":0.9996,"va_deg":13.75}},{"type":"Feature","geometry":{"type":"Point","coordinates":[137.47012,34.84365]},"properties":{"name":"\u4e09\u6cb3\u5909\u96fb\u6240 (untyped)","vn_kv":275.0,"vm_pu":1.0,"va_deg":0.0}},{"type":"Feature","geometry":{"type":"Point","coordinates":[137.45248,34.89087]},"properties":{"name":"\u65b0\u4e09\u6cb3\u5909\u96fb\u6240 500kV","vn_kv":500.0,"vm_pu":1.0414,"va_deg":15.59}},{"type":"Feature","geometry":{"type":"Point","coordinates":[137.45248,34.89087]},"properties":{"name":"\u65b0\u4e09\u6cb3\u5909\u96fb\u6240 275kV","vn_kv":275.0,"vm_pu":1.0195,"va_deg":15.41}},{"type":"Feature","geometry":{"type":"Point","coordinates":[137.45248,34.89087]},"properties":{"name":"\u65b0\u4e09\u6cb3\u5909\u96fb\u6240 (untyped)","vn_kv":500.0,"vm_pu":1.0,"va_deg":0.0}},{"type":"Feature","geometry":{"type":"Point","coordinates":[137.27704,34.96318]},"properties":{"name":"\u984d\u7530\u958b\u9589\u6240 275kV","vn_kv":275.0,"vm_pu":1.0107,"va_deg":14.31}},{"type":"Feature","geometry":{"type":"Point","coordinates":[137.27704,34.96318]},"properties":{"name":"\u984d\u7530\u958b\u9589\u6240 154kV","vn_kv":154.0,"vm_pu":0.997,"va_deg":13.02}},{"type":"Feature","geometry":{"type":"Point","coordinates":[137.27704,34.96318]},"properties":{"name":"\u984d\u7530\u958b\u9589\u6240 77kV","vn_kv":77.0,"vm_pu":0.9895,"va_deg":11.68}},{"type":"Feature","geometry":{"type":"Point","coordinates":[136.96482,34.84124]},"properties":{"name":"\u5ddd\u53e3\u753a\u4e94\u4e01\u76ee\u5909\u96fb\u6240 275kV","vn_kv":275.0,"vm_pu":1.0,"va_deg":17.11}},{"type":"Feature","geometry":{"type":"Point","coordinates":[136.96482,34.84124]},"properties":{"name":"\u5ddd\u53e3\u753a\u4e94\u4e01\u76ee\u5909\u96fb\u6240 154kV","vn_kv":154.0,"vm_pu":0.9947,"va_deg":13.45}},{"type":"Feature","geometry":{"type":"Point","coordinates":[136.96482,34.84124]},"properties":{"name":"\u5ddd\u53e3\u753a\u4e94\u4e01\u76ee\u5909\u96fb\u6240 (untyped)","vn_kv":66.0,"vm_pu":0.986,"va_deg":12.15}},{"type":"Feature","geometry":{"type":"Point","coordinates":[137.06964,34.65414]},"properties":{"name":"\u5c0f\u4e2d\u5c71\u753a\u5909\u96fb\u6240","vn_kv":275.0,"vm_pu":1.0,"va_deg":17.86}},{"type":"Feature","geometry":{"type":"Point","coordinates":[137.50743,34.71103]},"properties":{"name":"\u4e2d\u90e8\u96fb\u529b\u6e56\u897f\u5909\u96fb\u6240 275kV","vn_kv":275.0,"vm_pu":1.0111,"va_deg":16.13}},{"type":"Feature","geometry":{"type":"Point","coordinates":[137.50743,34.71103]},"properties":{"name":"\u4e2d\u90e8\u96fb\u529b\u6e56\u897f\u5909\u96fb\u6240 77kV","vn_kv":77.0,"vm_pu":0.9998,"va_deg":15.3}},{"type":"Feature","geometry":{"type":"Point","coordinates":[137.30699,34.65784]},"properties":{"name":"\u7530\u539f 275kV","vn_kv":275.0,"vm_pu":1.0062,"va_deg":16.8}},{"type":"Feature","geometry":{"type":"Point","coordinates":[137.30699,34.65784]},"properties":{"name":"\u7530\u539f 77kV","vn_kv":77.0,"vm_pu":0.9958,"va_deg":13.74}},{"type":"Feature","geometry":{"type":"Point","coordinates":[136.96243,35.63563]},"properties":{"name":"Gifu Substation 500kV","vn_kv":500.0,"vm_pu":1.063,"va_deg":15.95}},{"type":"Feature","geometry":{"type":"Point","coordinates":[136.96243,35.63563]},"properties":{"name":"Gifu Substation 154kV","vn_kv":154.0,"vm_pu":1.0116,"va_deg":11.04}},{"type":"Feature","geometry":{"type":"Point","coordinates":[136.96243,35.63563]},"properties":{"name":"Gifu Substation 77kV","vn_kv":77.0,"vm_pu":0.9987,"va_deg":9.49}},{"type":"Feature","geometry":{"type":"Point","coordinates":[137.21792,35.04107]},"properties":{"name":"\u6771\u8c4a\u7530\u5909\u96fb\u6240 275kV","vn_kv":275.0,"vm_pu":1.0111,"va_deg":14.09}},{"type":"Feature","geometry":{"type":"Point","coordinates":[137.21792,35.04107]},"properties":{"name":"\u6771\u8c4a\u7530\u5909\u96fb\u6240 77kV","vn_kv":77.0,"vm_pu":0.9917,"va_deg":11.83}},{"type":"Feature","geometry":{"type":"Point","coordinates":[137.77535,34.7993]},"properties":{"name":"\u8cb4\u5e03\u7962\u5909\u96fb\u6240 154kV","vn_kv":154.0,"vm_pu":0.9991,"va_deg":15.68}},{"type":"Feature","geometry":{"type":"Point","coordinates":[137.77535,34.7993]},"properties":{"name":"\u8cb4\u5e03\u7962\u5909\u96fb\u6240 (untyped)","vn_kv":66.0,"vm_pu":0.9905,"va_deg":14.4}},{"type":"Feature","geometry":{"type":"Point","coordinates":[136.93876,35.44824]},"properties":{"name":"\u95a2\u5e02\u5909\u96fb\u6240 275kV","vn_kv":275.0,"vm_pu":1.0164,"va_deg":11.83}},{"type":"Feature","geometry":{"type":"Point","coordinates":[136.93876,35.44824]},"properties":{"name":"\u95a2\u5e02\u5909\u96fb\u6240 154kV","vn_kv":154.0,"vm_pu":1.0053,"va_deg":10.79}},{"type":"Feature","geometry":{"type":"Point","coordinates":[136.93876,35.44824]},"properties":{"name":"\u95a2\u5e02\u5909\u96fb\u6240 77kV","vn_kv":77.0,"vm_pu":0.9987,"va_deg":9.43}},{"type":"Feature","geometry":{"type":"Point","coordinates":[137.7005,34.80528]},"properties":{"name":"\u9060\u6c5f\u5909\u96fb\u6240 275kV","vn_kv":275.0,"vm_pu":1.0126,"va_deg":15.78}},{"type":"Feature","geometry":{"type":"Point","coordinates":[137.7005,34.80528]},"properties":{"name":"\u9060\u6c5f\u5909\u96fb\u6240 154kV","vn_kv":154.0,"vm_pu":1.0012,"va_deg":16.42}},{"type":"Feature","geometry":{"type":"Point","coordinates":[138.3613,35.06337]},"properties":{"name":"Suruga 275kV","vn_kv":275.0,"vm_pu":1.0207,"va_deg":15.1}},{"type":"Feature","geometry":{"type":"Point","coordinates":[138.3613,35.06337]},"properties":{"name":"Suruga 154kV","vn_kv":154.0,"vm_pu":1.003,"va_deg":12.45}},{"type":"Feature","geometry":{"type":"Point","coordinates":[138.3613,35.06337]},"properties":{"name":"Suruga 110kV","vn_kv":110.0,"vm_pu":1.0015,"va_deg":11.59}},{"type":"Feature","geometry":{"type":"Point","coordinates":[138.3613,35.06337]},"properties":{"name":"Suruga (untyped)","vn_kv":66.0,"vm_pu":0.9929,"va_deg":10.31}},{"type":"Feature","geometry":{"type":"Point","coordinates":[138.06359,34.81135]},"properties":{"name":"\u99ff\u9060\u5909\u96fb\u6240 500kV","vn_kv":500.0,"vm_pu":1.0318,"va_deg":16.0}},{"type":"Feature","geometry":{"type":"Point","coordinates":[138.06359,34.81135]},"properties":{"name":"\u99ff\u9060\u5909\u96fb\u6240 275kV","vn_kv":275.0,"vm_pu":1.0227,"va_deg":15.59}},{"type":"Feature","geometry":{"type":"Point","coordinates":[138.06359,34.81135]},"properties":{"name":"\u99ff\u9060\u5909\u96fb\u6240 154kV","vn_kv":154.0,"vm_pu":1.0114,"va_deg":15.67}},{"type":"Feature","geometry":{"type":"Point","coordinates":[138.06359,34.81135]},"properties":{"name":"\u99ff\u9060\u5909\u96fb\u6240 77kV","vn_kv":77.0,"vm_pu":1.0157,"va_deg":15.89}},{"type":"Feature","geometry":{"type":"Point","coordinates":[136.51496,35.19325]},"properties":{"name":"\u897f\u90e8\u5909\u96fb\u6240 500kV","vn_kv":500.0,"vm_pu":1.0638,"va_deg":15.63}},{"type":"Feature","geometry":{"type":"Point","coordinates":[136.51496,35.19325]},"properties":{"name":"\u897f\u90e8\u5909\u96fb\u6240 275kV","vn_kv":275.0,"vm_pu":1.0072,"va_deg":7.63}},{"type":"Feature","geometry":{"type":"Point","coordinates":[136.4509,35.20352]},"properties":{"name":"\u4e09\u91cd\u958b\u9589\u6240","vn_kv":500.0,"vm_pu":1.0665,"va_deg":15.71}},{"type":"Feature","geometry":{"type":"Point","coordinates":[136.29341,35.0948]},"properties":{"name":"\u6771\u8fd1\u6c5f\u958b\u9589\u6240","vn_kv":500.0,"vm_pu":1.0746,"va_deg":15.81}},{"type":"Feature","geometry":{"type":"Point","coordinates":[136.61655,35.08274]},"properties":{"name":"\u897f\u540d\u53e4\u5c4b\u5909\u96fb\u6240 275kV","vn_kv":275.0,"vm_pu":1.0012,"va_deg":4.97}},{"type":"Feature","geometry":{"type":"Point","coordinates":[136.61655,35.08274]},"properties":{"name":"\u897f\u540d\u53e4\u5c4b\u5909\u96fb\u6240 154kV","vn_kv":154.0,"vm_pu":0.9976,"va_deg":8.92}},{"type":"Feature","geometry":{"type":"Point","coordinates":[136.61655,35.08274]},"properties":{"name":"\u897f\u540d\u53e4\u5c4b\u5909\u96fb\u6240 77kV","vn_kv":77.0,"vm_pu":0.9859,"va_deg":7.16}},{"type":"Feature","geometry":{"type":"Point","coordinates":[136.69605,35.13806]},"properties":{"name":"\u897f\u5c3e\u5f35 275kV","vn_kv":275.0,"vm_pu":1.0034,"va_deg":7.21}},{"type":"Feature","geometry":{"type":"Point","coordinates":[136.69605,35.13806]},"properties":{"name":"\u897f\u5c3e\u5f35 154kV","vn_kv":154.0,"vm_pu":0.9966,"va_deg":9.61}},{"type":"Feature","geometry":{"type":"Point","coordinates":[137.39434,35.48458]},"properties":{"name":"\u5927\u4e95\u6c34\u529b\u767a\u96fb\u6240","vn_kv":154.0,"vm_pu":1.0,"va_deg":9.94}},{"type":"Feature","geometry":{"type":"Point","coordinates":[137.29799,35.21036]},"properties":{"name":"\u611b\u77e5\u5909\u96fb\u6240 500kV","vn_kv":500.0,"vm_pu":1.0517,"va_deg":15.69}},{"type":"Feature","geometry":{"type":"Point","coordinates":[137.29799,35.21036]},"properties":{"name":"\u611b\u77e5\u5909\u96fb\u6240 275kV","vn_kv":275.0,"vm_pu":1.0158,"va_deg":13.53}},{"type":"Feature","geometry":{"type":"Point","coordinates":[139.08156,36.30368]},"properties":{"name":"\u7dbf\u8cab\u753a\u5909\u96fb\u6240","vn_kv":66.0,"vm_pu":1.0,"va_deg":0.0}},{"type":"Feature","geometry":{"type":"Point","coordinates":[137.44316,34.80341]},"properties":{"name":"\u8c4a\u6a4b\u96fb\u529b\u30bb\u30f3\u30bf\u30fc 154kV","vn_kv":154.0,"vm_pu":1.0006,"va_deg":14.3}},{"type":"Feature","geometry":{"type":"Point","coordinates":[137.44316,34.80341]},"properties":{"name":"\u8c4a\u6a4b\u96fb\u529b\u30bb\u30f3\u30bf\u30fc 77kV","vn_kv":77.0,"vm_pu":0.9903,"va_deg":13.56}},{"type":"Feature","geometry":{"type":"Point","coordinates":[137.44316,34.80341]},"properties":{"name":"\u8c4a\u6a4b\u96fb\u529b\u30bb\u30f3\u30bf\u30fc (untyped)","vn_kv":66.0,"vm_pu":0.9816,"va_deg":12.25}},{"type":"Feature","geometry":{"type":"Point","coordinates":[136.88102,35.10477]},"properties":{"name":"\u7bc9\u6e2f\u5909\u96fb\u6240 154kV","vn_kv":154.0,"vm_pu":0.9943,"va_deg":11.37}},{"type":"Feature","geometry":{"type":"Point","coordinates":[136.88102,35.10477]},"properties":{"name":"\u7bc9\u6e2f\u5909\u96fb\u6240 77kV","vn_kv":77.0,"vm_pu":0.9856,"va_deg":10.23}},{"type":"Feature","geometry":{"type":"Point","coordinates":[136.85918,35.10126]},"properties":{"name":"\u5bdb\u653f\u5909\u96fb\u6240 154kV","vn_kv":154.0,"vm_pu":0.9947,"va_deg":11.37}},{"type":"Feature","geometry":{"type":"Point","coordinates":[136.85918,35.10126]},"properties":{"name":"\u5bdb\u653f\u5909\u96fb\u6240 77kV","vn_kv":77.0,"vm_pu":0.9887,"va_deg":10.55}},{"type":"Feature","geometry":{"type":"Point","coordinates":[136.85918,35.10126]},"properties":{"name":"\u5bdb\u653f\u5909\u96fb\u6240 (untyped)","vn_kv":154.0,"vm_pu":1.0,"va_deg":0.0}},{"type":"Feature","geometry":{"type":"Point","coordinates":[136.92648,35.09363]},"properties":{"name":"\u5f25\u6b21\u30f1\u753a\u56db\u4e01\u76ee\u5909\u96fb\u6240","vn_kv":77.0,"vm_pu":0.983,"va_deg":10.05}},{"type":"Feature","geometry":{"type":"Point","coordinates":[136.80903,35.06264]},"properties":{"name":"\u6728\u5834\u5909\u96fb\u6240","vn_kv":154.0,"vm_pu":0.9984,"va_deg":12.01}},{"type":"Feature","geometry":{"type":"Point","coordinates":[136.95222,35.05556]},"properties":{"name":"\u5927\u9ad8\u5909\u96fb\u6240 154kV","vn_kv":154.0,"vm_pu":0.9912,"va_deg":11.6}},{"type":"Feature","geometry":{"type":"Point","coordinates":[136.95222,35.05556]},"properties":{"name":"\u5927\u9ad8\u5909\u96fb\u6240 77kV","vn_kv":77.0,"vm_pu":0.9824,"va_deg":10.04}},{"type":"Feature","geometry":{"type":"Point","coordinates":[136.95222,35.05556]},"properties":{"name":"\u5927\u9ad8\u5909\u96fb\u6240 (untyped)","vn_kv":154.0,"vm_pu":1.0,"va_deg":0.0}},{"type":"Feature","geometry":{"type":"Point","coordinates":[137.00956,35.13074]},"properties":{"name":"\u4e2d\u90e8\u96fb\u529b\u30d1\u30ef\u30fc\u30b0\u30ea\u30c3\u30c9 \u65e5\u9032\u5909\u96fb\u6240 275kV","vn_kv":275.0,"vm_pu":1.0057,"va_deg":13.33}},{"type":"Feature","geometry":{"type":"Point","coordinates":[137.00956,35.13074]},"properties":{"name":"\u4e2d\u90e8\u96fb\u529b\u30d1\u30ef\u30fc\u30b0\u30ea\u30c3\u30c9 \u65e5\u9032\u5909\u96fb\u6240 154kV","vn_kv":154.0,"vm_pu":0.9917,"va_deg":11.49}},{"type":"Feature","geometry":{"type":"Point","coordinates":[137.00956,35.13074]},"properties":{"name":"\u4e2d\u90e8\u96fb\u529b\u30d1\u30ef\u30fc\u30b0\u30ea\u30c3\u30c9 \u65e5\u9032\u5909\u96fb\u6240 77kV","vn_kv":77.0,"vm_pu":0.9817,"va_deg":9.63}},{"type":"Feature","geometry":{"type":"Point","coordinates":[137.00956,35.13074]},"properties":{"name":"\u4e2d\u90e8\u96fb\u529b\u30d1\u30ef\u30fc\u30b0\u30ea\u30c3\u30c9 \u65e5\u9032\u5909\u96fb\u6240 (untyped)","vn_kv":154.0,"vm_pu":1.0,"va_deg":0.0}},{"type":"Feature","geometry":{"type":"Point","coordinates":[136.87526,35.2106]},"properties":{"name":"\u6787\u6777\u5cf6\u5909\u96fb\u6240 77kV","vn_kv":77.0,"vm_pu":0.982,"va_deg":8.06}},{"type":"Feature","geometry":{"type":"Point","coordinates":[136.87526,35.2106]},"properties":{"name":"\u6787\u6777\u5cf6\u5909\u96fb\u6240 (untyped)","vn_kv":77.0,"vm_pu":1.0,"va_deg":0.0}},{"type":"Feature","geometry":{"type":"Point","coordinates":[136.99078,35.04107]},"properties":{"name":"\u6771\u540d\u53e4\u5c4b\u5909\u96fb\u6240 275kV","vn_kv":275.0,"vm_pu":1.0039,"va_deg":13.9}},{"type":"Feature","geometry":{"type":"Point","coordinates":[136.99078,35.04107]},"properties":{"name":"\u6771\u540d\u53e4\u5c4b\u5909\u96fb\u6240 154kV","vn_kv":154.0,"vm_pu":0.9908,"va_deg":11.64}},{"type":"Feature","geometry":{"type":"Point","coordinates":[136.99078,35.04107]},"properties":{"name":"\u6771\u540d\u53e4\u5c4b\u5909\u96fb\u6240 77kV","vn_kv":77.0,"vm_pu":0.982,"va_deg":10.01}},{"type":"Feature","geometry":{"type":"Point","coordinates":[136.99078,35.04107]},"properties":{"name":"\u6771\u540d\u53e4\u5c4b\u5909\u96fb\u6240 (untyped)","vn_kv":275.0,"vm_pu":1.0,"va_deg":0.0}},{"type":"Feature","geometry":{"type":"Point","coordinates":[137.13173,35.04519]},"properties":{"name":"\u5357\u8c4a\u7530\u5909\u96fb\u6240 154kV","vn_kv":154.0,"vm_pu":0.9915,"va_deg":11.99}},{"type":"Feature","geometry":{"type":"Point","coordinates":[137.13173,35.04519]},"properties":{"name":"\u5357\u8c4a\u7530\u5909\u96fb\u6240 77kV","vn_kv":77.0,"vm_pu":0.9662,"va_deg":8.4}},{"type":"Feature","geometry":{"type":"Point","coordinates":[136.87043,35.15723]},"properties":{"name":"\u725b\u7530\u901a\u56db\u4e01\u76ee\u5909\u96fb\u6240","vn_kv":154.0,"vm_pu":0.9936,"va_deg":10.88}},{"type":"Feature","geometry":{"type":"Point","coordinates":[136.78656,35.1291]},"properties":{"name":"\u5b66\u6238\u516d\u4e01\u76ee\u5909\u96fb\u6240","vn_kv":154.0,"vm_pu":0.997,"va_deg":10.62}},{"type":"Feature","geometry":{"type":"Point","coordinates":[136.73854,35.1153]},"properties":{"name":"\u938c\u5009\u753a\u5909\u96fb\u6240","vn_kv":77.0,"vm_pu":0.9889,"va_deg":9.04}},{"type":"Feature","geometry":{"type":"Point","coordinates":[136.6238,34.91365]},"properties":{"name":"\u6960\u753a\u5317\u4e00\u8272\u5909\u96fb\u6240","vn_kv":154.0,"vm_pu":0.9988,"va_deg":9.79}},{"type":"Feature","geometry":{"type":"Point","coordinates":[137.84509,36.56321]},"properties":{"name":"\u6771\u65e5\u672c\u65c5\u5ba2\u9244\u9053 \u6d77\u30ce\u53e3\u5909\u96fb\u6240","vn_kv":66.0,"vm_pu":0.9988,"va_deg":1.87}},{"type":"Feature","geometry":{"type":"Point","coordinates":[136.56322,34.80693]},"properties":{"name":"\u6cb3\u82b8\u753a\u6771\u5343\u91cc\u5909\u96fb\u6240","vn_kv":77.0,"vm_pu":1.0,"va_deg":16.65}},{"type":"Feature","geometry":{"type":"Point","coordinates":[136.6075,34.85267]},"properties":{"name":"\u5cb8\u5ca1\u753a\u5909\u96fb\u6240","vn_kv":66.0,"vm_pu":1.0,"va_deg":0.0}},{"type":"Feature","geometry":{"type":"Point","coordinates":[136.67371,35.04502]},"properties":{"name":"\u5927\u5b57\u7e04\u751f\u5909\u96fb\u6240 275kV","vn_kv":275.0,"vm_pu":1.0003,"va_deg":3.8}},{"type":"Feature","geometry":{"type":"Point","coordinates":[136.67371,35.04502]},"properties":{"name":"\u5927\u5b57\u7e04\u751f\u5909\u96fb\u6240 77kV","vn_kv":77.0,"vm_pu":0.9911,"va_deg":2.78}},{"type":"Feature","geometry":{"type":"Point","coordinates":[136.67371,35.04502]},"properties":{"name":"\u5927\u5b57\u7e04\u751f\u5909\u96fb\u6240 (untyped)","vn_kv":275.0,"vm_pu":1.0,"va_deg":0.0}},{"type":"Feature","geometry":{"type":"Point","coordinates":[136.67104,35.04867]},"properties":{"name":"\u5927\u5b57\u6771\u91d1\u4e95\u5909\u96fb\u6240 275kV","vn_kv":275.0,"vm_pu":1.0004,"va_deg":3.85}},{"type":"Feature","geometry":{"type":"Point","coordinates":[136.67104,35.04867]},"properties":{"name":"\u5927\u5b57\u6771\u91d1\u4e95\u5909\u96fb\u6240 77kV","vn_kv":77.0,"vm_pu":0.9911,"va_deg":2.78}},{"type":"Feature","geometry":{"type":"Point","coordinates":[136.91712,35.33215]},"properties":{"name":"\u5927\u53e3\u753a\u5909\u96fb\u6240_2","vn_kv":77.0,"vm_pu":0.9947,"va_deg":9.04}},{"type":"Feature","geometry":{"type":"Point","coordinates":[136.93784,35.26899]},"properties":{"name":"\u725b\u5c71\u5909\u96fb\u6240","vn_kv":77.0,"vm_pu":0.9903,"va_deg":9.12}},{"type":"Feature","geometry":{"type":"Point","coordinates":[136.93144,35.26377]},"properties":{"name":"\u6625\u65e5\u5bfa\u4e8c\u4e01\u76ee\u5909\u96fb\u6240","vn_kv":77.0,"vm_pu":0.9902,"va_deg":9.11}},{"type":"Feature","geometry":{"type":"Point","coordinates":[136.89189,35.16055]},"properties":{"name":"\u6c34\u4e3b\u753a\u5909\u96fb\u6240","vn_kv":154.0,"vm_pu":0.9933,"va_deg":10.84}},{"type":"Feature","geometry":{"type":"Point","coordinates":[136.90101,35.08352]},"properties":{"name":"\u662d\u548c\u753a\u5909\u96fb\u6240 154kV","vn_kv":154.0,"vm_pu":0.993,"va_deg":11.42}},{"type":"Feature","geometry":{"type":"Point","coordinates":[136.90101,35.08352]},"properties":{"name":"\u662d\u548c\u753a\u5909\u96fb\u6240 77kV","vn_kv":77.0,"vm_pu":0.9839,"va_deg":10.13}},{"type":"Feature","geometry":{"type":"Point","coordinates":[136.2844,36.09026]},"properties":{"name":"\u677e\u5ca1 154kV","vn_kv":154.0,"vm_pu":1.0082,"va_deg":12.5}},{"type":"Feature","geometry":{"type":"Point","coordinates":[136.2844,36.09026]},"properties":{"name":"\u677e\u5ca1 77kV","vn_kv":77.0,"vm_pu":0.9954,"va_deg":10.73}},{"type":"Feature","geometry":{"type":"Point","coordinates":[136.2844,36.09026]},"properties":{"name":"\u677e\u5ca1 66kV","vn_kv":66.0,"vm_pu":0.9867,"va_deg":9.43}},{"type":"Feature","geometry":{"type":"Point","coordinates":[139.16997,35.27288]},"properties":{"name":"\u9d28\u5bae\u5909\u96fb\u6240 77kV","vn_kv":77.0,"vm_pu":0.964,"va_deg":-3.45}},{"type":"Feature","geometry":{"type":"Point","coordinates":[139.16997,35.27288]},"properties":{"name":"\u9d28\u5bae\u5909\u96fb\u6240 66kV","vn_kv":66.0,"vm_pu":0.955,"va_deg":-4.83}},{"type":"Feature","geometry":{"type":"Point","coordinates":[139.16997,35.27288]},"properties":{"name":"\u9d28\u5bae\u5909\u96fb\u6240 (untyped)","vn_kv":77.0,"vm_pu":1.0,"va_deg":0.0}},{"type":"Feature","geometry":{"type":"Point","coordinates":[139.1357,35.20059]},"properties":{"name":"\u5c0f\u7530\u539f\u5e02\u5909\u96fb\u6240","vn_kv":66.0,"vm_pu":1.0,"va_deg":0.0}},{"type":"Feature","geometry":{"type":"Point","coordinates":[136.27613,35.25776]},"properties":{"name":"\u6b63\u6cd5\u5bfa\u5909\u96fb\u6240 154kV","vn_kv":154.0,"vm_pu":1.002,"va_deg":11.81}},{"type":"Feature","geometry":{"type":"Point","coordinates":[136.27613,35.25776]},"properties":{"name":"\u6b63\u6cd5\u5bfa\u5909\u96fb\u6240 77kV","vn_kv":77.0,"vm_pu":0.9998,"va_deg":11.97}},{"type":"Feature","geometry":{"type":"Point","coordinates":[136.30567,35.31299]},"properties":{"name":"\u6e56\u6771\u5909\u96fb\u6240 275kV","vn_kv":275.0,"vm_pu":1.037,"va_deg":13.83}},{"type":"Feature","geometry":{"type":"Point","coordinates":[136.30567,35.31299]},"properties":{"name":"\u6e56\u6771\u5909\u96fb\u6240 154kV","vn_kv":154.0,"vm_pu":1.0028,"va_deg":11.79}},{"type":"Feature","geometry":{"type":"Point","coordinates":[136.30567,35.31299]},"properties":{"name":"\u6e56\u6771\u5909\u96fb\u6240 77kV","vn_kv":77.0,"vm_pu":0.9989,"va_deg":11.62}},{"type":"Feature","geometry":{"type":"Point","coordinates":[136.30567,35.31299]},"properties":{"name":"\u6e56\u6771\u5909\u96fb\u6240 (untyped)","vn_kv":275.0,"vm_pu":1.0,"va_deg":0.0}},{"type":"Feature","geometry":{"type":"Point","coordinates":[136.23155,35.15011]},"properties":{"name":"\u52dd\u5802\u5909\u96fb\u6240","vn_kv":77.0,"vm_pu":0.9992,"va_deg":11.28}},{"type":"Feature","geometry":{"type":"Point","coordinates":[136.14192,35.00701]},"properties":{"name":"\u7532\u8cc0\u5909\u96fb\u6240 275kV","vn_kv":275.0,"vm_pu":1.0111,"va_deg":11.91}},{"type":"Feature","geometry":{"type":"Point","coordinates":[136.14192,35.00701]},"properties":{"name":"\u7532\u8cc0\u5909\u96fb\u6240 77kV","vn_kv":77.0,"vm_pu":0.9833,"va_deg":8.27}},{"type":"Feature","geometry":{"type":"Point","coordinates":[136.14192,35.00701]},"properties":{"name":"\u7532\u8cc0\u5909\u96fb\u6240 (untyped)","vn_kv":275.0,"vm_pu":1.0,"va_deg":0.0}},{"type":"Feature","geometry":{"type":"Point","coordinates":[136.80182,35.49137]},"properties":{"name":"\u5317\u5c90\u961c\u5909\u96fb\u6240 (Kita Gifu Hendensho) 154kV","vn_kv":154.0,"vm_pu":1.005,"va_deg":10.43}},{"type":"Feature","geometry":{"type":"Point","coordinates":[136.80182,35.49137]},"properties":{"name":"\u5317\u5c90\u961c\u5909\u96fb\u6240 (Kita Gifu Hendensho) 77kV","vn_kv":77.0,"vm_pu":1.0105,"va_deg":10.42}},{"type":"Feature","geometry":{"type":"Point","coordinates":[136.72338,35.5842]},"properties":{"name":"\u5c71\u770c\u5e02\u5909\u96fb\u6240","vn_kv":500.0,"vm_pu":1.0594,"va_deg":15.92}},{"type":"Feature","geometry":{"type":"Point","coordinates":[139.1071,35.14847]},"properties":{"name":"\u571f\u80a5\u4e00\u4e01\u76ee\u5909\u96fb\u6240","vn_kv":66.0,"vm_pu":1.0,"va_deg":0.0}},{"type":"Feature","geometry":{"type":"Point","coordinates":[137.73546,34.73898]},"properties":{"name":"\u6d5c\u677e\u5909\u96fb\u6240 154kV","vn_kv":154.0,"vm_pu":1.0,"va_deg":16.55}},{"type":"Feature","geometry":{"type":"Point","coordinates":[137.73546,34.73898]},"properties":{"name":"\u6d5c\u677e\u5909\u96fb\u6240 77kV","vn_kv":77.0,"vm_pu":0.9964,"va_deg":15.24}},{"type":"Feature","geometry":{"type":"Point","coordinates":[137.71021,34.77221]},"properties":{"name":"\u4e09\u65b9\u539f\u5909\u96fb\u6240","vn_kv":154.0,"vm_pu":1.0,"va_deg":17.0}},{"type":"Feature","geometry":{"type":"Point","coordinates":[137.74966,34.7772]},"properties":{"name":"\u534a\u7530\u753a\u5909\u96fb\u6240 77kV","vn_kv":77.0,"vm_pu":0.9964,"va_deg":15.22}},{"type":"Feature","geometry":{"type":"Point","coordinates":[137.74966,34.7772]},"properties":{"name":"\u534a\u7530\u753a\u5909\u96fb\u6240 (untyped)","vn_kv":66.0,"vm_pu":0.9877,"va_deg":13.93}},{"type":"Feature","geometry":{"type":"Point","coordinates":[137.81101,34.9329]},"properties":{"name":"\u76f8\u6d25\u5909\u96fb\u6240","vn_kv":154.0,"vm_pu":1.0,"va_deg":14.87}},{"type":"Feature","geometry":{"type":"Point","coordinates":[137.76298,34.75005]},"properties":{"name":"\u9dfa\u306e\u5bae\u5909\u96fb\u6240","vn_kv":77.0,"vm_pu":0.9949,"va_deg":15.0}},{"type":"Feature","geometry":{"type":"Point","coordinates":[137.76756,34.72661]},"properties":{"name":"\u4e2d\u90e8\u96fb\u529b\u30d1\u30ef\u30fc\u30b0\u30ea\u30c3\u30c9\u682a\u5f0f\u4f1a\u793e \u6d5c\u677e\u96fb\u529b\u30bb\u30f3\u30bf\u30fc 77kV","vn_kv":77.0,"vm_pu":0.9952,"va_deg":14.95}},{"type":"Feature","geometry":{"type":"Point","coordinates":[137.76756,34.72661]},"properties":{"name":"\u4e2d\u90e8\u96fb\u529b\u30d1\u30ef\u30fc\u30b0\u30ea\u30c3\u30c9\u682a\u5f0f\u4f1a\u793e \u6d5c\u677e\u96fb\u529b\u30bb\u30f3\u30bf\u30fc (untyped)","vn_kv":77.0,"vm_pu":1.0,"va_deg":0.0}},{"type":"Feature","geometry":{"type":"Point","coordinates":[136.55485,35.38333]},"properties":{"name":"\u9752\u91ce\u753a\u5909\u96fb\u6240 154kV","vn_kv":154.0,"vm_pu":1.0051,"va_deg":10.58}},{"type":"Feature","geometry":{"type":"Point","coordinates":[136.55485,35.38333]},"properties":{"name":"\u9752\u91ce\u753a\u5909\u96fb\u6240 (untyped)","vn_kv":66.0,"vm_pu":0.9965,"va_deg":9.31}},{"type":"Feature","geometry":{"type":"Point","coordinates":[136.48425,35.36547]},"properties":{"name":"\u95a2\u30b1\u539f\u753a\u5909\u96fb\u6240","vn_kv":66.0,"vm_pu":1.0,"va_deg":10.78}},{"type":"Feature","geometry":{"type":"Point","coordinates":[136.10537,35.11295]},"properties":{"name":"\u65b0\u516b\u5e61\u5909\u96fb\u6240 154kV","vn_kv":154.0,"vm_pu":1.0081,"va_deg":11.92}},{"type":"Feature","geometry":{"type":"Point","coordinates":[136.10537,35.11295]},"properties":{"name":"\u65b0\u516b\u5e61\u5909\u96fb\u6240 77kV","vn_kv":77.0,"vm_pu":1.0013,"va_deg":11.53}},{"type":"Feature","geometry":{"type":"Point","coordinates":[136.10537,35.11295]},"properties":{"name":"\u65b0\u516b\u5e61\u5909\u96fb\u6240 66kV","vn_kv":66.0,"vm_pu":0.9921,"va_deg":10.27}},{"type":"Feature","geometry":{"type":"Point","coordinates":[137.69952,34.70962]},"properties":{"name":"\u4e2d\u90e8\u96fb\u529b\u30d1\u30ef\u30fc\u30b0\u30ea\u30c3\u30c9\u682a\u5f0f\u4f1a\u793e \u8706\u585a\u5909\u96fb\u6240","vn_kv":77.0,"vm_pu":0.9985,"va_deg":15.48}},{"type":"Feature","geometry":{"type":"Point","coordinates":[137.68663,34.69455]},"properties":{"name":"JR\u6771\u6d77 \u65b0\u9ad8\u585a\u5909\u96fb\u6240","vn_kv":77.0,"vm_pu":1.0,"va_deg":16.15}},{"type":"Feature","geometry":{"type":"Point","coordinates":[137.77528,34.67482]},"properties":{"name":"\u4e2d\u90e8\u96fb\u529b\u82b3\u5ddd\u5909\u96fb\u6240","vn_kv":77.0,"vm_pu":0.9983,"va_deg":15.5}},{"type":"Feature","geometry":{"type":"Point","coordinates":[137.64535,34.703]},"properties":{"name":"\u4e2d\u90e8\u96fb\u529b\u30d1\u30ef\u30fc\u30b0\u30ea\u30c3\u30c9\u682a\u5f0f\u4f1a\u793e \u96c4\u8e0f\u5909\u96fb\u6240","vn_kv":154.0,"vm_pu":1.0,"va_deg":17.8}},{"type":"Feature","geometry":{"type":"Point","coordinates":[137.60261,34.74038]},"properties":{"name":"\u5e84\u5185\u5909\u96fb\u6240","vn_kv":154.0,"vm_pu":1.0,"va_deg":17.35}},{"type":"Feature","geometry":{"type":"Point","coordinates":[137.73628,34.69369]},"properties":{"name":"\u6d45\u7530\u5909\u96fb\u6240","vn_kv":77.0,"vm_pu":0.9964,"va_deg":15.4}},{"type":"Feature","geometry":{"type":"Point","coordinates":[138.80767,36.55178]},"properties":{"name":"\u90f7\u539f\u5909\u96fb\u6240","vn_kv":66.0,"vm_pu":1.0,"va_deg":0.0}},{"type":"Feature","geometry":{"type":"Point","coordinates":[136.69452,35.43598]},"properties":{"name":"\u5317\u65b9\u958b\u9589\u6240 (Kitakata Kaiheisho) 275kV","vn_kv":275.0,"vm_pu":1.0127,"va_deg":10.33}},{"type":"Feature","geometry":{"type":"Point","coordinates":[136.69452,35.43598]},"properties":{"name":"\u5317\u65b9\u958b\u9589\u6240 (Kitakata Kaiheisho) 154kV","vn_kv":154.0,"vm_pu":1.005,"va_deg":10.39}},{"type":"Feature","geometry":{"type":"Point","coordinates":[136.69452,35.43598]},"properties":{"name":"\u5317\u65b9\u958b\u9589\u6240 (Kitakata Kaiheisho) 77kV","vn_kv":77.0,"vm_pu":0.9969,"va_deg":9.01}},{"type":"Feature","geometry":{"type":"Point","coordinates":[136.88185,35.58155]},"properties":{"name":"\u795e\u6d1e\u5909\u96fb\u6240 275kV","vn_kv":275.0,"vm_pu":1.0195,"va_deg":11.48}},{"type":"Feature","geometry":{"type":"Point","coordinates":[136.88185,35.58155]},"properties":{"name":"\u795e\u6d1e\u5909\u96fb\u6240 154kV","vn_kv":154.0,"vm_pu":1.0094,"va_deg":10.82}},{"type":"Feature","geometry":{"type":"Point","coordinates":[137.67857,34.83829]},"properties":{"name":"\u4e2d\u90e8\u96fb\u529b\u5f15\u4f50\u5909\u96fb\u6240","vn_kv":154.0,"vm_pu":1.0,"va_deg":16.19}},{"type":"Feature","geometry":{"type":"Point","coordinates":[137.7584,34.70811]},"properties":{"name":"\u5411\u5bbf\u4e00\u4e01\u76ee\u5909\u96fb\u6240 77kV","vn_kv":77.0,"vm_pu":0.9944,"va_deg":15.09}},{"type":"Feature","geometry":{"type":"Point","coordinates":[137.7584,34.70811]},"properties":{"name":"\u5411\u5bbf\u4e00\u4e01\u76ee\u5909\u96fb\u6240 (untyped)","vn_kv":66.0,"vm_pu":0.9857,"va_deg":13.79}},{"type":"Feature","geometry":{"type":"Point","coordinates":[137.70034,34.80721]},"properties":{"name":"\u90fd\u7530\u5909\u96fb\u6240 275kV","vn_kv":275.0,"vm_pu":1.0127,"va_deg":15.78}},{"type":"Feature","geometry":{"type":"Point","coordinates":[137.70034,34.80721]},"properties":{"name":"\u90fd\u7530\u5909\u96fb\u6240 154kV","vn_kv":154.0,"vm_pu":1.0012,"va_deg":16.41}},{"type":"Feature","geometry":{"type":"Point","coordinates":[137.66368,34.73184]},"properties":{"name":"\u4e2d\u90e8\u96fb\u529b\u30d1\u30ef\u30fc\u30b0\u30ea\u30c3\u30c9\u682a\u5f0f\u4f1a\u793e \u795e\u4e45\u5442\u5909\u96fb\u6240","vn_kv":154.0,"vm_pu":1.0,"va_deg":17.75}},{"type":"Feature","geometry":{"type":"Point","coordinates":[136.63694,35.27542]},"properties":{"name":"\u4e0b\u5927\u6991\u65b0\u7530\u5909\u96fb\u6240 154kV","vn_kv":154.0,"vm_pu":1.0028,"va_deg":9.59}},{"type":"Feature","geometry":{"type":"Point","coordinates":[136.63694,35.27542]},"properties":{"name":"\u4e0b\u5927\u6991\u65b0\u7530\u5909\u96fb\u6240 (untyped)","vn_kv":66.0,"vm_pu":0.9942,"va_deg":8.31}},{"type":"Feature","geometry":{"type":"Point","coordinates":[136.79266,35.22451]},"properties":{"name":"\u7a32\u6ca2\u5909\u96fb\u6240","vn_kv":154.0,"vm_pu":0.9965,"va_deg":9.43}},{"type":"Feature","geometry":{"type":"Point","coordinates":[138.45463,35.01738]},"properties":{"name":"\u6e05\u6c34\u5909\u96fb\u6240 154kV","vn_kv":154.0,"vm_pu":1.0013,"va_deg":12.61}},{"type":"Feature","geometry":{"type":"Point","coordinates":[138.45463,35.01738]},"properties":{"name":"\u6e05\u6c34\u5909\u96fb\u6240 110kV","vn_kv":110.0,"vm_pu":0.9996,"va_deg":11.36}},{"type":"Feature","geometry":{"type":"Point","coordinates":[138.45463,35.01738]},"properties":{"name":"\u6e05\u6c34\u5909\u96fb\u6240 77kV","vn_kv":77.0,"vm_pu":0.9949,"va_deg":9.07}},{"type":"Feature","geometry":{"type":"Point","coordinates":[137.16337,35.47011]},"properties":{"name":"\u4e38\u5c71\u5909\u96fb\u6240 (Maruyama Hendensho) 275kV","vn_kv":275.0,"vm_pu":1.0155,"va_deg":11.2}},{"type":"Feature","geometry":{"type":"Point","coordinates":[137.16337,35.47011]},"properties":{"name":"\u4e38\u5c71\u5909\u96fb\u6240 (Maruyama Hendensho) 154kV","vn_kv":154.0,"vm_pu":1.0042,"va_deg":10.41}},{"type":"Feature","geometry":{"type":"Point","coordinates":[137.16337,35.47011]},"properties":{"name":"\u4e38\u5c71\u5909\u96fb\u6240 (Maruyama Hendensho) (untyped)","vn_kv":275.0,"vm_pu":1.0,"va_deg":0.0}},{"type":"Feature","geometry":{"type":"Point","coordinates":[136.96324,35.3591]},"properties":{"name":"\u72ac\u5c71\u958b\u9589\u6240 154kV","vn_kv":154.0,"vm_pu":1.0003,"va_deg":9.64}},{"type":"Feature","geometry":{"type":"Point","coordinates":[136.96324,35.3591]},"properties":{"name":"\u72ac\u5c71\u958b\u9589\u6240 77kV","vn_kv":77.0,"vm_pu":0.9961,"va_deg":9.15}},{"type":"Feature","geometry":{"type":"Point","coordinates":[136.96324,35.3591]},"properties":{"name":"\u72ac\u5c71\u958b\u9589\u6240 (untyped)","vn_kv":154.0,"vm_pu":1.0,"va_deg":0.0}},{"type":"Feature","geometry":{"type":"Point","coordinates":[137.02748,35.42191]},"properties":{"name":"\u53ef\u5150\u5e02\u5909\u96fb\u6240","vn_kv":77.0,"vm_pu":0.9998,"va_deg":9.46}},{"type":"Feature","geometry":{"type":"Point","coordinates":[136.96068,35.35876]},"properties":{"name":"\u7fbd\u9ed2\u5909\u96fb\u6240 154kV","vn_kv":154.0,"vm_pu":0.996,"va_deg":9.56}},{"type":"Feature","geometry":{"type":"Point","coordinates":[136.96068,35.35876]},"properties":{"name":"\u7fbd\u9ed2\u5909\u96fb\u6240 77kV","vn_kv":77.0,"vm_pu":0.996,"va_deg":9.14}},{"type":"Feature","geometry":{"type":"Point","coordinates":[136.96068,35.35876]},"properties":{"name":"\u7fbd\u9ed2\u5909\u96fb\u6240 (untyped)","vn_kv":77.0,"vm_pu":1.0,"va_deg":0.0}},{"type":"Feature","geometry":{"type":"Point","coordinates":[136.9063,35.3337]},"properties":{"name":"\u5927\u53e3\u753a\u5909\u96fb\u6240 154kV","vn_kv":154.0,"vm_pu":0.9956,"va_deg":9.45}},{"type":"Feature","geometry":{"type":"Point","coordinates":[136.9063,35.3337]},"properties":{"name":"\u5927\u53e3\u753a\u5909\u96fb\u6240 77kV","vn_kv":77.0,"vm_pu":0.9946,"va_deg":9.03}},{"type":"Feature","geometry":{"type":"Point","coordinates":[136.83453,35.27251]},"properties":{"name":"\u4e39\u967d\u5909\u96fb\u6240","vn_kv":77.0,"vm_pu":0.9852,"va_deg":7.93}},{"type":"Feature","geometry":{"type":"Point","coordinates":[136.86385,35.12418]},"properties":{"name":"\u4e2d\u5ddd\u5909\u96fb\u6240","vn_kv":77.0,"vm_pu":0.9912,"va_deg":10.82}},{"type":"Feature","geometry":{"type":"Point","coordinates":[138.29549,36.74141]},"properties":{"name":"\u65b0\u5317\u4fe1\u5909\u96fb\u6240 275kV","vn_kv":275.0,"vm_pu":1.0332,"va_deg":8.85}},{"type":"Feature","geometry":{"type":"Point","coordinates":[138.29549,36.74141]},"properties":{"name":"\u65b0\u5317\u4fe1\u5909\u96fb\u6240 77kV","vn_kv":77.0,"vm_pu":1.0021,"va_deg":3.0}},{"type":"Feature","geometry":{"type":"Point","coordinates":[136.94478,35.37576]},"properties":{"name":"\u72ac\u5c71\u5909\u96fb\u6240","vn_kv":77.0,"vm_pu":0.9957,"va_deg":9.06}},{"type":"Feature","geometry":{"type":"Point","coordinates":[138.97599,35.11675]},"properties":{"name":"\u51fd\u5357\u753a\u5909\u96fb\u6240","vn_kv":66.0,"vm_pu":1.0,"va_deg":0.0}},{"type":"Feature","geometry":{"type":"Point","coordinates":[138.91818,35.43949]},"properties":{"name":"\u5c71\u4e2d\u6e56\u6751\u5909\u96fb\u6240","vn_kv":66.0,"vm_pu":1.0,"va_deg":0.0}},{"type":"Feature","geometry":{"type":"Point","coordinates":[138.44911,35.71561]},"properties":{"name":"\u82e5\u5bae\u4e00\u4e01\u76ee\u5909\u96fb\u6240","vn_kv":66.0,"vm_pu":1.0,"va_deg":0.0}},{"type":"Feature","geometry":{"type":"Point","coordinates":[138.08696,36.08351]},"properties":{"name":"\u4e0b\u8acf\u8a2a\u5909\u96fb\u6240","vn_kv":77.0,"vm_pu":0.9983,"va_deg":3.34}},{"type":"Feature","geometry":{"type":"Point","coordinates":[138.1873,35.97995]},"properties":{"name":"\u8305\u91ce\u5e02\u5909\u96fb\u6240","vn_kv":77.0,"vm_pu":1.0,"va_deg":4.22}},{"type":"Feature","geometry":{"type":"Point","coordinates":[136.78375,35.16075]},"properties":{"name":"\u4e03\u5b9d\u5909\u96fb\u6240 154kV","vn_kv":154.0,"vm_pu":0.9968,"va_deg":10.26}},{"type":"Feature","geometry":{"type":"Point","coordinates":[136.78375,35.16075]},"properties":{"name":"\u4e03\u5b9d\u5909\u96fb\u6240 77kV","vn_kv":77.0,"vm_pu":0.9927,"va_deg":9.61}},{"type":"Feature","geometry":{"type":"Point","coordinates":[138.88107,35.10943]},"properties":{"name":"\u6cbc\u6d25\u5e02\u5909\u96fb\u6240","vn_kv":66.0,"vm_pu":1.0,"va_deg":0.0}},{"type":"Feature","geometry":{"type":"Point","coordinates":[136.65897,36.58389]},"properties":{"name":"\u6d45\u91ce\u753a\u5909\u96fb\u6240","vn_kv":77.0,"vm_pu":0.9823,"va_deg":10.4}},{"type":"Feature","geometry":{"type":"Point","coordinates":[137.23208,35.37961]},"properties":{"name":"\u745e\u6d6a\u5909\u96fb\u6240 (Mizunami Hendensho) 154kV","vn_kv":154.0,"vm_pu":1.0006,"va_deg":10.26}},{"type":"Feature","geometry":{"type":"Point","coordinates":[137.23208,35.37961]},"properties":{"name":"\u745e\u6d6a\u5909\u96fb\u6240 (Mizunami Hendensho) 77kV","vn_kv":77.0,"vm_pu":0.992,"va_deg":11.81}},{"type":"Feature","geometry":{"type":"Point","coordinates":[137.52147,35.52053]},"properties":{"name":"\u843d\u5408\u5ddd","vn_kv":154.0,"vm_pu":0.9999,"va_deg":10.04}},{"type":"Feature","geometry":{"type":"Point","coordinates":[138.63759,35.66113]},"properties":{"name":"\u77f3\u548c\u753a\u677e\u672c\u5909\u96fb\u6240","vn_kv":66.0,"vm_pu":1.0,"va_deg":0.13}},{"type":"Feature","geometry":{"type":"Point","coordinates":[136.98405,35.32414]},"properties":{"name":"\u72ac\u5c71\u5909\u96fb\u6240 275kV","vn_kv":275.0,"vm_pu":1.0145,"va_deg":12.28}},{"type":"Feature","geometry":{"type":"Point","coordinates":[136.98405,35.32414]},"properties":{"name":"\u72ac\u5c71\u5909\u96fb\u6240 154kV","vn_kv":154.0,"vm_pu":0.9984,"va_deg":10.0}},{"type":"Feature","geometry":{"type":"Point","coordinates":[136.98405,35.32414]},"properties":{"name":"\u72ac\u5c71\u5909\u96fb\u6240 77kV","vn_kv":77.0,"vm_pu":0.9937,"va_deg":8.97}},{"type":"Feature","geometry":{"type":"Point","coordinates":[136.98405,35.32414]},"properties":{"name":"\u72ac\u5c71\u5909\u96fb\u6240 (untyped)","vn_kv":66.0,"vm_pu":0.985,"va_deg":7.67}},{"type":"Feature","geometry":{"type":"Point","coordinates":[137.59449,35.58695]},"properties":{"name":"\u8aad\u66f8\u6c34\u529b\u767a\u96fb\u6240","vn_kv":154.0,"vm_pu":1.0,"va_deg":9.96}},{"type":"Feature","geometry":{"type":"Point","coordinates":[137.68016,35.6947]},"properties":{"name":"\u9808\u539f\u958b\u9589\u6240 154kV","vn_kv":154.0,"vm_pu":1.0,"va_deg":9.83}},{"type":"Feature","geometry":{"type":"Point","coordinates":[137.68016,35.6947]},"properties":{"name":"\u9808\u539f\u958b\u9589\u6240 (untyped)","vn_kv":154.0,"vm_pu":1.0,"va_deg":0.0}},{"type":"Feature","geometry":{"type":"Point","coordinates":[136.74987,35.22429]},"properties":{"name":"\u5e73\u548c\u753a\u4e0a\u4e09\u5b85\u5909\u96fb\u6240 154kV","vn_kv":154.0,"vm_pu":0.9959,"va_deg":9.4}},{"type":"Feature","geometry":{"type":"Point","coordinates":[136.74987,35.22429]},"properties":{"name":"\u5e73\u548c\u753a\u4e0a\u4e09\u5b85\u5909\u96fb\u6240 (untyped)","vn_kv":66.0,"vm_pu":0.9872,"va_deg":8.11}},{"type":"Feature","geometry":{"type":"Point","coordinates":[137.99799,35.71007]},"properties":{"name":"\u5357\u4fe1\u5909\u96fb\u6240 500kV","vn_kv":500.0,"vm_pu":1.0429,"va_deg":14.56}},{"type":"Feature","geometry":{"type":"Point","coordinates":[137.99799,35.71007]},"properties":{"name":"\u5357\u4fe1\u5909\u96fb\u6240 154kV","vn_kv":154.0,"vm_pu":1.0107,"va_deg":11.73}},{"type":"Feature","geometry":{"type":"Point","coordinates":[136.88433,35.33155]},"properties":{"name":"\u4eca\u5e02\u5834\u753a\u79cb\u6d25\u5909\u96fb\u6240","vn_kv":77.0,"vm_pu":0.994,"va_deg":8.97}},{"type":"Feature","geometry":{"type":"Point","coordinates":[136.49152,35.02554]},"properties":{"name":"\u5927\u5b57\u97f3\u7fbd\u5909\u96fb\u6240 275kV","vn_kv":275.0,"vm_pu":1.0002,"va_deg":5.82}},{"type":"Feature","geometry":{"type":"Point","coordinates":[136.49152,35.02554]},"properties":{"name":"\u5927\u5b57\u97f3\u7fbd\u5909\u96fb\u6240 154kV","vn_kv":154.0,"vm_pu":0.9982,"va_deg":8.76}},{"type":"Feature","geometry":{"type":"Point","coordinates":[137.2052,35.73409]},"properties":{"name":"\u4e09\u30c4\u6e15\u5909\u96fb\u6240","vn_kv":154.0,"vm_pu":1.0077,"va_deg":10.71}},{"type":"Feature","geometry":{"type":"Point","coordinates":[136.59338,34.94544]},"properties":{"name":"\u5317\u52e2\u5909\u96fb\u6240 (Hokusei Hendensho) 154kV","vn_kv":154.0,"vm_pu":0.999,"va_deg":9.81}},{"type":"Feature","geometry":{"type":"Point","coordinates":[136.59338,34.94544]},"properties":{"name":"\u5317\u52e2\u5909\u96fb\u6240 (Hokusei Hendensho) (untyped)","vn_kv":154.0,"vm_pu":1.0,"va_deg":0.0}},{"type":"Feature","geometry":{"type":"Point","coordinates":[137.98789,36.06471]},"properties":{"name":"\u4fe1\u6fc3\u5909\u96fb\u6240 500kV","vn_kv":500.0,"vm_pu":1.0426,"va_deg":14.26}},{"type":"Feature","geometry":{"type":"Point","coordinates":[137.98789,36.06471]},"properties":{"name":"\u4fe1\u6fc3\u5909\u96fb\u6240 275kV","vn_kv":275.0,"vm_pu":1.0306,"va_deg":11.19}},{"type":"Feature","geometry":{"type":"Point","coordinates":[136.99236,34.91234]},"properties":{"name":"\u7530\u6238\u753a\u56db\u4e01\u76ee\u5909\u96fb\u6240","vn_kv":154.0,"vm_pu":0.9903,"va_deg":12.08}},{"type":"Feature","geometry":{"type":"Point","coordinates":[136.95506,34.92649]},"properties":{"name":"\u4e00\u672c\u6728\u753a\u4e00\u4e01\u76ee\u5909\u96fb\u6240","vn_kv":154.0,"vm_pu":0.9994,"va_deg":13.89}},{"type":"Feature","geometry":{"type":"Point","coordinates":[137.12368,34.96812]},"properties":{"name":"\u5ca1\u5d0e\u5909\u96fb\u6240 (Okazaki Hendensho) 154kV","vn_kv":154.0,"vm_pu":0.9905,"va_deg":11.78}},{"type":"Feature","geometry":{"type":"Point","coordinates":[137.12368,34.96812]},"properties":{"name":"\u5ca1\u5d0e\u5909\u96fb\u6240 (Okazaki Hendensho) 77kV","vn_kv":77.0,"vm_pu":0.9871,"va_deg":11.34}},{"type":"Feature","geometry":{"type":"Point","coordinates":[137.01686,35.01912]},"properties":{"name":"\u5317\u5208\u8c37\u5909\u96fb\u6240 (Kita Kariya Hendensho) 154kV","vn_kv":154.0,"vm_pu":0.99,"va_deg":11.69}},{"type":"Feature","geometry":{"type":"Point","coordinates":[137.01686,35.01912]},"properties":{"name":"\u5317\u5208\u8c37\u5909\u96fb\u6240 (Kita Kariya Hendensho) 77kV","vn_kv":77.0,"vm_pu":0.9877,"va_deg":11.44}},{"type":"Feature","geometry":{"type":"Point","coordinates":[137.01686,35.01912]},"properties":{"name":"\u5317\u5208\u8c37\u5909\u96fb\u6240 (Kita Kariya Hendensho) (untyped)","vn_kv":154.0,"vm_pu":1.0,"va_deg":0.0}},{"type":"Feature","geometry":{"type":"Point","coordinates":[138.06348,34.80824]},"properties":{"name":"\u99ff\u9060\u5909\u96fb\u6240 500kV","vn_kv":500.0,"vm_pu":1.0319,"va_deg":16.0}},{"type":"Feature","geometry":{"type":"Point","coordinates":[138.06348,34.80824]},"properties":{"name":"\u99ff\u9060\u5909\u96fb\u6240 275kV","vn_kv":275.0,"vm_pu":1.0227,"va_deg":15.59}},{"type":"Feature","geometry":{"type":"Point","coordinates":[138.06348,34.80824]},"properties":{"name":"\u99ff\u9060\u5909\u96fb\u6240 154kV","vn_kv":154.0,"vm_pu":1.0116,"va_deg":15.66}},{"type":"Feature","geometry":{"type":"Point","coordinates":[137.04287,34.97347]},"properties":{"name":"\u4f9d\u4f50\u7f8e\u5909\u96fb\u6240 154kV","vn_kv":154.0,"vm_pu":0.9899,"va_deg":11.8}},{"type":"Feature","geometry":{"type":"Point","coordinates":[137.04287,34.97347]},"properties":{"name":"\u4f9d\u4f50\u7f8e\u5909\u96fb\u6240 77kV","vn_kv":77.0,"vm_pu":0.9862,"va_deg":11.27}},{"type":"Feature","geometry":{"type":"Point","coordinates":[137.04287,34.97347]},"properties":{"name":"\u4f9d\u4f50\u7f8e\u5909\u96fb\u6240 (untyped)","vn_kv":154.0,"vm_pu":1.0,"va_deg":0.0}},{"type":"Feature","geometry":{"type":"Point","coordinates":[137.97192,34.77131]},"properties":{"name":"\u639b\u5ddd\u96fb\u529b\u6240 77kV","vn_kv":77.0,"vm_pu":0.9999,"va_deg":15.04}},{"type":"Feature","geometry":{"type":"Point","coordinates":[137.97192,34.77131]},"properties":{"name":"\u639b\u5ddd\u96fb\u529b\u6240 (untyped)","vn_kv":66.0,"vm_pu":0.9913,"va_deg":13.76}},{"type":"Feature","geometry":{"type":"Point","coordinates":[137.85286,34.77409]},"properties":{"name":"\u78d0\u7530\u5909\u96fb\u6240 (Iwata Hendensho) 154kV","vn_kv":154.0,"vm_pu":1.0,"va_deg":15.37}},{"type":"Feature","geometry":{"type":"Point","coordinates":[137.85286,34.77409]},"properties":{"name":"\u78d0\u7530\u5909\u96fb\u6240 (Iwata Hendensho) 77kV","vn_kv":77.0,"vm_pu":0.9981,"va_deg":14.93}},{"type":"Feature","geometry":{"type":"Point","coordinates":[137.85286,34.77409]},"properties":{"name":"\u78d0\u7530\u5909\u96fb\u6240 (Iwata Hendensho) (untyped)","vn_kv":154.0,"vm_pu":1.0,"va_deg":0.0}},{"type":"Feature","geometry":{"type":"Point","coordinates":[136.88296,35.20694]},"properties":{"name":"\u65b0\u798f\u5bfa\u753a\u4e8c\u4e01\u76ee\u5909\u96fb\u6240 77kV","vn_kv":77.0,"vm_pu":0.9815,"va_deg":8.02}},{"type":"Feature","geometry":{"type":"Point","coordinates":[136.88296,35.20694]},"properties":{"name":"\u65b0\u798f\u5bfa\u753a\u4e8c\u4e01\u76ee\u5909\u96fb\u6240 (untyped)","vn_kv":77.0,"vm_pu":1.0,"va_deg":0.0}},{"type":"Feature","geometry":{"type":"Point","coordinates":[138.11007,35.09289]},"properties":{"name":"\u5ddd\u6839\u5909\u96fb\u6240 275kV","vn_kv":275.0,"vm_pu":1.0037,"va_deg":13.85}},{"type":"Feature","geometry":{"type":"Point","coordinates":[138.11007,35.09289]},"properties":{"name":"\u5ddd\u6839\u5909\u96fb\u6240 (untyped)","vn_kv":275.0,"vm_pu":1.0,"va_deg":0.0}},{"type":"Feature","geometry":{"type":"Point","coordinates":[137.49303,36.03667]},"properties":{"name":"\u9ad8\u6839\u753a\u4e0a\u30b1\u6d1e\u5909\u96fb\u6240","vn_kv":275.0,"vm_pu":1.0291,"va_deg":11.21}},{"type":"Feature","geometry":{"type":"Point","coordinates":[136.85997,35.85741]},"properties":{"name":"\u767d\u9ce5\u753a\u5927\u5cf6\u5909\u96fb\u6240","vn_kv":77.0,"vm_pu":1.0,"va_deg":9.79}},{"type":"Feature","geometry":{"type":"Point","coordinates":[137.2625,35.9481]},"properties":{"name":"\u5c0f\u5742\u753a\u5c0f\u5742\u753a\u5909\u96fb\u6240 154kV","vn_kv":154.0,"vm_pu":1.0074,"va_deg":11.02}},{"type":"Feature","geometry":{"type":"Point","coordinates":[137.2625,35.9481]},"properties":{"name":"\u5c0f\u5742\u753a\u5c0f\u5742\u753a\u5909\u96fb\u6240 (untyped)","vn_kv":66.0,"vm_pu":0.9988,"va_deg":9.76}},{"type":"Feature","geometry":{"type":"Point","coordinates":[137.74311,35.86503]},"properties":{"name":"\u6728\u66fd\u753a\u5909\u96fb\u6240","vn_kv":154.0,"vm_pu":1.0005,"va_deg":10.1}},{"type":"Feature","geometry":{"type":"Point","coordinates":[137.59857,35.85895]},"properties":{"name":"\u4e09\u5cb3\u5909\u96fb\u6240","vn_kv":154.0,"vm_pu":0.9999,"va_deg":9.34}},{"type":"Feature","geometry":{"type":"Point","coordinates":[137.46286,35.19654]},"properties":{"name":"\u8c4a\u7530\u5e02\u5909\u96fb\u6240 275kV","vn_kv":275.0,"vm_pu":1.0069,"va_deg":13.79}},{"type":"Feature","geometry":{"type":"Point","coordinates":[137.46286,35.19654]},"properties":{"name":"\u8c4a\u7530\u5e02\u5909\u96fb\u6240 (untyped)","vn_kv":275.0,"vm_pu":1.0,"va_deg":0.0}},{"type":"Feature","geometry":{"type":"Point","coordinates":[137.01162,35.58824]},"properties":{"name":"\u95a2\u5e02\u5909\u96fb\u6240_2","vn_kv":77.0,"vm_pu":0.9976,"va_deg":9.39}},{"type":"Feature","geometry":{"type":"Point","coordinates":[137.95769,35.77362]},"properties":{"name":"\u5bae\u7530\u5909\u96fb\u6240","vn_kv":154.0,"vm_pu":1.0027,"va_deg":10.54}},{"type":"Feature","geometry":{"type":"Point","coordinates":[137.96942,35.86155]},"properties":{"name":"\u7530\u7551\u5909\u96fb\u6240 154kV","vn_kv":154.0,"vm_pu":1.0006,"va_deg":9.83}},{"type":"Feature","geometry":{"type":"Point","coordinates":[137.96942,35.86155]},"properties":{"name":"\u7530\u7551\u5909\u96fb\u6240 77kV","vn_kv":77.0,"vm_pu":0.998,"va_deg":7.35}},{"type":"Feature","geometry":{"type":"Point","coordinates":[137.9738,35.92254]},"properties":{"name":"\u677e\u5cf6\u5909\u96fb\u6240 154kV","vn_kv":154.0,"vm_pu":1.0023,"va_deg":9.13}},{"type":"Feature","geometry":{"type":"Point","coordinates":[137.9738,35.92254]},"properties":{"name":"\u677e\u5cf6\u5909\u96fb\u6240 77kV","vn_kv":77.0,"vm_pu":0.9973,"va_deg":6.42}},{"type":"Feature","geometry":{"type":"Point","coordinates":[137.84607,35.27717]},"properties":{"name":"\u5e73\u5ca1\u5909\u96fb\u6240 154kV","vn_kv":154.0,"vm_pu":1.0,"va_deg":13.51}},{"type":"Feature","geometry":{"type":"Point","coordinates":[137.84607,35.27717]},"properties":{"name":"\u5e73\u5ca1\u5909\u96fb\u6240 (untyped)","vn_kv":154.0,"vm_pu":1.0,"va_deg":0.0}},{"type":"Feature","geometry":{"type":"Point","coordinates":[137.99081,35.91462]},"properties":{"name":"\u7b95\u8f2a\u753a\u5909\u96fb\u6240","vn_kv":77.0,"vm_pu":0.997,"va_deg":6.42}},{"type":"Feature","geometry":{"type":"Point","coordinates":[138.32007,36.42586]},"properties":{"name":"\u6771\u4fe1\u5909\u96fb\u6240 275kV","vn_kv":275.0,"vm_pu":1.0318,"va_deg":9.11}},{"type":"Feature","geometry":{"type":"Point","coordinates":[138.32007,36.42586]},"properties":{"name":"\u6771\u4fe1\u5909\u96fb\u6240 77kV","vn_kv":77.0,"vm_pu":0.9993,"va_deg":3.92}},{"type":"Feature","geometry":{"type":"Point","coordinates":[136.8506,35.13605]},"properties":{"name":"\u4e2d\u90f7\u4e00\u4e01\u76ee\u5909\u96fb\u6240","vn_kv":77.0,"vm_pu":0.993,"va_deg":11.01}},{"type":"Feature","geometry":{"type":"Point","coordinates":[136.92657,35.06696]},"properties":{"name":"\u7dd1\u533a\u5909\u96fb\u6240","vn_kv":77.0,"vm_pu":0.9823,"va_deg":10.04}},{"type":"Feature","geometry":{"type":"Point","coordinates":[136.94383,35.21548]},"properties":{"name":"\u540d\u5317\u5909\u96fb\u6240 154kV","vn_kv":154.0,"vm_pu":0.9926,"va_deg":10.02}},{"type":"Feature","geometry":{"type":"Point","coordinates":[136.94383,35.21548]},"properties":{"name":"\u540d\u5317\u5909\u96fb\u6240 77kV","vn_kv":77.0,"vm_pu":0.9835,"va_deg":8.45}},{"type":"Feature","geometry":{"type":"Point","coordinates":[136.90759,35.22782]},"properties":{"name":"\u6960\u753a\u5909\u96fb\u6240","vn_kv":77.0,"vm_pu":0.9827,"va_deg":8.13}},{"type":"Feature","geometry":{"type":"Point","coordinates":[136.60918,35.34054]},"properties":{"name":"\u5357\u5927\u57a3\u5909\u96fb\u6240 (Ogaki Hendensho) 154kV","vn_kv":154.0,"vm_pu":1.0041,"va_deg":9.78}},{"type":"Feature","geometry":{"type":"Point","coordinates":[136.60918,35.34054]},"properties":{"name":"\u5357\u5927\u57a3\u5909\u96fb\u6240 (Ogaki Hendensho) (untyped)","vn_kv":154.0,"vm_pu":1.0,"va_deg":0.0}},{"type":"Feature","geometry":{"type":"Point","coordinates":[136.58911,35.38082]},"properties":{"name":"\u8d64\u5742\u5927\u9580\u4e09\u4e01\u76ee\u5909\u96fb\u6240 275kV","vn_kv":275.0,"vm_pu":1.0104,"va_deg":9.5}},{"type":"Feature","geometry":{"type":"Point","coordinates":[136.58911,35.38082]},"properties":{"name":"\u8d64\u5742\u5927\u9580\u4e09\u4e01\u76ee\u5909\u96fb\u6240 154kV","vn_kv":154.0,"vm_pu":1.0047,"va_deg":10.58}},{"type":"Feature","geometry":{"type":"Point","coordinates":[136.58911,35.38082]},"properties":{"name":"\u8d64\u5742\u5927\u9580\u4e09\u4e01\u76ee\u5909\u96fb\u6240 77kV","vn_kv":77.0,"vm_pu":0.9957,"va_deg":8.68}},{"type":"Feature","geometry":{"type":"Point","coordinates":[136.90651,35.4868]},"properties":{"name":"\u5c0f\u702c\u9577\u6c60\u753a\u5909\u96fb\u6240 154kV","vn_kv":154.0,"vm_pu":1.0038,"va_deg":10.74}},{"type":"Feature","geometry":{"type":"Point","coordinates":[136.90651,35.4868]},"properties":{"name":"\u5c0f\u702c\u9577\u6c60\u753a\u5909\u96fb\u6240 (untyped)","vn_kv":66.0,"vm_pu":0.9952,"va_deg":9.47}},{"type":"Feature","geometry":{"type":"Point","coordinates":[136.91174,35.53984]},"properties":{"name":"\u4e2d\u592e\u4e8c\u4e01\u76ee\u5909\u96fb\u6240","vn_kv":154.0,"vm_pu":1.0039,"va_deg":10.73}},{"type":"Feature","geometry":{"type":"Point","coordinates":[136.91954,35.29696]},"properties":{"name":"\u5c0f\u7267\u5909\u96fb\u6240 154kV","vn_kv":154.0,"vm_pu":0.9963,"va_deg":9.61}},{"type":"Feature","geometry":{"type":"Point","coordinates":[136.91954,35.29696]},"properties":{"name":"\u5c0f\u7267\u5909\u96fb\u6240 77kV","vn_kv":77.0,"vm_pu":0.9927,"va_deg":9.29}},{"type":"Feature","geometry":{"type":"Point","coordinates":[136.91954,35.29696]},"properties":{"name":"\u5c0f\u7267\u5909\u96fb\u6240 (untyped)","vn_kv":77.0,"vm_pu":1.0,"va_deg":0.0}},{"type":"Feature","geometry":{"type":"Point","coordinates":[136.70864,35.18406]},"properties":{"name":"\u6cb3\u7530","vn_kv":77.0,"vm_pu":0.9892,"va_deg":9.15}},{"type":"Feature","geometry":{"type":"Point","coordinates":[136.72037,35.15993]},"properties":{"name":"\u67da\u6728\u753a\u5909\u96fb\u6240 154kV","vn_kv":154.0,"vm_pu":0.9963,"va_deg":9.82}},{"type":"Feature","geometry":{"type":"Point","coordinates":[136.72037,35.15993]},"properties":{"name":"\u67da\u6728\u753a\u5909\u96fb\u6240 77kV","vn_kv":77.0,"vm_pu":0.9897,"va_deg":9.2}},{"type":"Feature","geometry":{"type":"Point","coordinates":[136.73908,35.18015]},"properties":{"name":"\u7acb\u8fbc\u753a\u4e09\u4e01\u76ee\u5909\u96fb\u6240","vn_kv":154.0,"vm_pu":0.9966,"va_deg":9.84}},{"type":"Feature","geometry":{"type":"Point","coordinates":[136.96802,35.28986]},"properties":{"name":"\u4e0a\u672b\u5909\u96fb\u6240 (Kamizue Hendensho) 77kV","vn_kv":77.0,"vm_pu":0.9959,"va_deg":9.8}},{"type":"Feature","geometry":{"type":"Point","coordinates":[136.96802,35.28986]},"properties":{"name":"\u4e0a\u672b\u5909\u96fb\u6240 (Kamizue Hendensho) (untyped)","vn_kv":77.0,"vm_pu":1.0,"va_deg":0.0}},{"type":"Feature","geometry":{"type":"Point","coordinates":[137.38851,34.82245]},"properties":{"name":"\u4e2d\u90e8\u96fb\u529b\u30d1\u30ef\u30fc\u30b0\u30ea\u30c3\u30c9(\u682a)\u53e4\u5bbf\u5909\u96fb\u6240","vn_kv":77.0,"vm_pu":0.9904,"va_deg":13.28}},{"type":"Feature","geometry":{"type":"Point","coordinates":[136.82878,35.03515]},"properties":{"name":"\u6771\u6d5c\u4e09\u4e01\u76ee\u5909\u96fb\u6240","vn_kv":154.0,"vm_pu":1.0,"va_deg":12.74}},{"type":"Feature","geometry":{"type":"Point","coordinates":[138.39061,34.97633]},"properties":{"name":"\u4e2d\u90e8\u96fb\u529b\u682a\u5f0f\u4f1a\u793e\u3000\u65e5\u5409\u5909\u96fb\u6240","vn_kv":66.0,"vm_pu":1.0,"va_deg":0.0}},{"type":"Feature","geometry":{"type":"Point","coordinates":[136.90195,35.17755]},"properties":{"name":"\u30ea\u30cb\u30a2\u4e2d\u592e\u65b0\u5e79\u7dda \u540d\u57ce\u5909\u96fb\u6240\uff08\u5efa\u8a2d\u4e2d\uff09","vn_kv":154.0,"vm_pu":1.0,"va_deg":0.0}},{"type":"Feature","geometry":{"type":"Point","coordinates":[136.9112,35.17457]},"properties":{"name":"\u4e45\u5c4b\u5909\u96fb\u6240","vn_kv":66.0,"vm_pu":1.0,"va_deg":0.0}},{"type":"Feature","geometry":{"type":"Point","coordinates":[139.15324,35.81609]},"properties":{"name":"\u53e4\u91cc\u5909\u96fb\u6240","vn_kv":66.0,"vm_pu":1.0,"va_deg":0.0}},{"type":"Feature","geometry":{"type":"Point","coordinates":[137.11197,35.16813]},"properties":{"name":"\u4e2d\u90e8\u96fb\u529b\u516b\u8349\u5909\u96fb\u6240 77kV","vn_kv":77.0,"vm_pu":1.0033,"va_deg":12.86}},{"type":"Feature","geometry":{"type":"Point","coordinates":[137.11197,35.16813]},"properties":{"name":"\u4e2d\u90e8\u96fb\u529b\u516b\u8349\u5909\u96fb\u6240 (untyped)","vn_kv":66.0,"vm_pu":0.9946,"va_deg":11.59}},{"type":"Feature","geometry":{"type":"Point","coordinates":[136.16658,34.9874]},"properties":{"name":"\u67cf\u6728\u5909\u96fb\u6240","vn_kv":77.0,"vm_pu":0.9817,"va_deg":8.12}},{"type":"Feature","geometry":{"type":"Point","coordinates":[136.27173,34.94127]},"properties":{"name":"\u571f\u5c71\u753a\u5909\u96fb\u6240","vn_kv":77.0,"vm_pu":0.9834,"va_deg":7.94}},{"type":"Feature","geometry":{"type":"Point","coordinates":[136.48513,34.71552]},"properties":{"name":"\u685c\u7530\u753a\u5909\u96fb\u6240","vn_kv":77.0,"vm_pu":0.9756,"va_deg":20.45}},{"type":"Feature","geometry":{"type":"Point","coordinates":[136.40636,34.71603]},"properties":{"name":"\u7f8e\u91cc\u753a\u4e94\u767e\u91ce\u5909\u96fb\u6240 275kV","vn_kv":275.0,"vm_pu":1.0005,"va_deg":11.57}},{"type":"Feature","geometry":{"type":"Point","coordinates":[136.40636,34.71603]},"properties":{"name":"\u7f8e\u91cc\u753a\u4e94\u767e\u91ce\u5909\u96fb\u6240 77kV","vn_kv":77.0,"vm_pu":0.9747,"va_deg":19.1}},{"type":"Feature","geometry":{"type":"Point","coordinates":[136.91165,34.97094]},"properties":{"name":"\u539f\u4e8c\u4e01\u76ee\u5909\u96fb\u6240 154kV","vn_kv":154.0,"vm_pu":1.0014,"va_deg":14.11}},{"type":"Feature","geometry":{"type":"Point","coordinates":[136.91165,34.97094]},"properties":{"name":"\u539f\u4e8c\u4e01\u76ee\u5909\u96fb\u6240 77kV","vn_kv":77.0,"vm_pu":0.9822,"va_deg":10.25}},{"type":"Feature","geometry":{"type":"Point","coordinates":[136.91165,34.97094]},"properties":{"name":"\u539f\u4e8c\u4e01\u76ee\u5909\u96fb\u6240 (untyped)","vn_kv":66.0,"vm_pu":0.9734,"va_deg":8.92}},{"type":"Feature","geometry":{"type":"Point","coordinates":[136.90647,34.90621]},"properties":{"name":"\u5ca9\u6ed1\u897f\u753a\u4e09\u4e01\u76ee\u5909\u96fb\u6240 154kV","vn_kv":154.0,"vm_pu":0.9997,"va_deg":14.22}},{"type":"Feature","geometry":{"type":"Point","coordinates":[136.90647,34.90621]},"properties":{"name":"\u5ca9\u6ed1\u897f\u753a\u4e09\u4e01\u76ee\u5909\u96fb\u6240 77kV","vn_kv":77.0,"vm_pu":0.9881,"va_deg":14.3}},{"type":"Feature","geometry":{"type":"Point","coordinates":[136.90647,34.90621]},"properties":{"name":"\u5ca9\u6ed1\u897f\u753a\u4e09\u4e01\u76ee\u5909\u96fb\u6240 (untyped)","vn_kv":154.0,"vm_pu":1.0,"va_deg":0.0}},{"type":"Feature","geometry":{"type":"Point","coordinates":[136.83863,35.15863]},"properties":{"name":"\u5ca9\u585a\u5909\u96fb\u6240 154kV","vn_kv":154.0,"vm_pu":0.9948,"va_deg":11.02}},{"type":"Feature","geometry":{"type":"Point","coordinates":[136.83863,35.15863]},"properties":{"name":"\u5ca9\u585a\u5909\u96fb\u6240 77kV","vn_kv":77.0,"vm_pu":0.9939,"va_deg":9.75}},{"type":"Feature","geometry":{"type":"Point","coordinates":[136.83863,35.15863]},"properties":{"name":"\u5ca9\u585a\u5909\u96fb\u6240 (untyped)","vn_kv":154.0,"vm_pu":1.0,"va_deg":0.0}},{"type":"Feature","geometry":{"type":"Point","coordinates":[137.1114,35.18908]},"properties":{"name":"\u5409\u91ce\u753a\u5909\u96fb\u6240","vn_kv":77.0,"vm_pu":0.9985,"va_deg":11.98}},{"type":"Feature","geometry":{"type":"Point","coordinates":[136.86124,35.15839]},"properties":{"name":"\u65e5\u30ce\u5bae\u753a\u4e09\u4e01\u76ee\u5909\u96fb\u6240","vn_kv":154.0,"vm_pu":0.9936,"va_deg":10.87}},{"type":"Feature","geometry":{"type":"Point","coordinates":[138.17054,34.8399]},"properties":{"name":"\u5cf6\u7530\u96fb\u529b\u6240","vn_kv":77.0,"vm_pu":1.0221,"va_deg":15.33}},{"type":"Feature","geometry":{"type":"Point","coordinates":[137.13429,35.06661]},"properties":{"name":"\u8863\u30b1\u539f\u4e09\u4e01\u76ee\u5909\u96fb\u6240","vn_kv":77.0,"vm_pu":0.9648,"va_deg":8.26}},{"type":"Feature","geometry":{"type":"Point","coordinates":[137.15849,35.06113]},"properties":{"name":"\u524d\u7530\u753a\u4e09\u4e01\u76ee\u5909\u96fb\u6240","vn_kv":77.0,"vm_pu":0.9927,"va_deg":11.85}},{"type":"Feature","geometry":{"type":"Point","coordinates":[136.95258,35.26594]},"properties":{"name":"Kasugai Substation","vn_kv":77.0,"vm_pu":0.9893,"va_deg":9.01}},{"type":"Feature","geometry":{"type":"Point","coordinates":[136.89965,35.05332]},"properties":{"name":"\u6771\u6d77\u753a\u516d\u4e01\u76ee\u5909\u96fb\u6240","vn_kv":275.0,"vm_pu":1.0003,"va_deg":14.33}},{"type":"Feature","geometry":{"type":"Point","coordinates":[136.94124,35.0885]},"properties":{"name":"\u4e2d\u90e8\u96fb\u529b\u30d1\u30ef\u30fc\u30b0\u30ea\u30c3\u30c9 \u9cf4\u6d77\u5909\u96fb\u6240","vn_kv":77.0,"vm_pu":0.9832,"va_deg":10.09}},{"type":"Feature","geometry":{"type":"Point","coordinates":[138.04258,36.07805]},"properties":{"name":"\u5ca1\u8c37\u5909\u96fb\u6240","vn_kv":77.0,"vm_pu":0.998,"va_deg":3.48}},{"type":"Feature","geometry":{"type":"Point","coordinates":[138.14497,35.99886]},"properties":{"name":"\u3061\u306e\u5909\u96fb\u6240","vn_kv":77.0,"vm_pu":1.0,"va_deg":3.45}},{"type":"Feature","geometry":{"type":"Point","coordinates":[137.06564,35.07176]},"properties":{"name":"\u4e09\u597d\u5909\u96fb\u6240 275kV","vn_kv":275.0,"vm_pu":1.0048,"va_deg":13.88}},{"type":"Feature","geometry":{"type":"Point","coordinates":[137.06564,35.07176]},"properties":{"name":"\u4e09\u597d\u5909\u96fb\u6240 77kV","vn_kv":77.0,"vm_pu":0.9957,"va_deg":12.13}},{"type":"Feature","geometry":{"type":"Point","coordinates":[137.12815,35.09005]},"properties":{"name":"\u9ad8\u53e3\u5909\u96fb\u6240 (Takaguchi Hendensho)","vn_kv":77.0,"vm_pu":0.9965,"va_deg":12.12}},{"type":"Feature","geometry":{"type":"Point","coordinates":[136.12676,35.10826]},"properties":{"name":"\u6b66\u4f50\u5909\u96fb\u6240 77kV","vn_kv":77.0,"vm_pu":1.0,"va_deg":11.57}},{"type":"Feature","geometry":{"type":"Point","coordinates":[136.12676,35.10826]},"properties":{"name":"\u6b66\u4f50\u5909\u96fb\u6240 66kV","vn_kv":66.0,"vm_pu":0.9921,"va_deg":10.27}},{"type":"Feature","geometry":{"type":"Point","coordinates":[136.64556,35.01059]},"properties":{"name":"\u5bcc\u7530\u5909\u96fb\u6240 275kV","vn_kv":275.0,"vm_pu":1.0003,"va_deg":3.79}},{"type":"Feature","geometry":{"type":"Point","coordinates":[136.64556,35.01059]},"properties":{"name":"\u5bcc\u7530\u5909\u96fb\u6240 77kV","vn_kv":77.0,"vm_pu":0.9912,"va_deg":2.88}},{"type":"Feature","geometry":{"type":"Point","coordinates":[137.05464,35.02407]},"properties":{"name":"\u99d2\u65b0\u753a\u5909\u96fb\u6240 154kV","vn_kv":154.0,"vm_pu":0.9907,"va_deg":11.69}},{"type":"Feature","geometry":{"type":"Point","coordinates":[137.05464,35.02407]},"properties":{"name":"\u99d2\u65b0\u753a\u5909\u96fb\u6240 77kV","vn_kv":77.0,"vm_pu":0.988,"va_deg":11.46}},{"type":"Feature","geometry":{"type":"Point","coordinates":[137.05464,35.02407]},"properties":{"name":"\u99d2\u65b0\u753a\u5909\u96fb\u6240 (untyped)","vn_kv":66.0,"vm_pu":0.9792,"va_deg":10.14}},{"type":"Feature","geometry":{"type":"Point","coordinates":[138.12156,36.04786]},"properties":{"name":"\u8acf\u8a2a\u4e00\u4e01\u76ee\u5909\u96fb\u6240","vn_kv":77.0,"vm_pu":1.0,"va_deg":3.16}},{"type":"Feature","geometry":{"type":"Point","coordinates":[138.37039,36.27769]},"properties":{"name":"\u4f50\u4e45\u5909\u96fb\u6240 275kV","vn_kv":275.0,"vm_pu":1.028,"va_deg":11.16}},{"type":"Feature","geometry":{"type":"Point","coordinates":[138.37039,36.27769]},"properties":{"name":"\u4f50\u4e45\u5909\u96fb\u6240 154kV","vn_kv":154.0,"vm_pu":1.0023,"va_deg":11.02}},{"type":"Feature","geometry":{"type":"Point","coordinates":[138.37039,36.27769]},"properties":{"name":"\u4f50\u4e45\u5909\u96fb\u6240 77kV","vn_kv":77.0,"vm_pu":0.9869,"va_deg":2.09}},{"type":"Feature","geometry":{"type":"Point","coordinates":[137.05166,35.18688]},"properties":{"name":"\u5ca9\u4f5c\u8272\u91d1\u5909\u96fb\u6240","vn_kv":77.0,"vm_pu":0.9875,"va_deg":10.08}},{"type":"Feature","geometry":{"type":"Point","coordinates":[136.7167,36.50081]},"properties":{"name":"\u52a0\u8cc0\u5909\u96fb\u6240 500kV","vn_kv":500.0,"vm_pu":1.0738,"va_deg":17.42}},{"type":"Feature","geometry":{"type":"Point","coordinates":[136.7167,36.50081]},"properties":{"name":"\u52a0\u8cc0\u5909\u96fb\u6240 275kV","vn_kv":275.0,"vm_pu":1.0403,"va_deg":15.19}},{"type":"Feature","geometry":{"type":"Point","coordinates":[136.7167,36.50081]},"properties":{"name":"\u52a0\u8cc0\u5909\u96fb\u6240 154kV","vn_kv":154.0,"vm_pu":1.0035,"va_deg":11.96}},{"type":"Feature","geometry":{"type":"Point","coordinates":[136.86173,36.56091]},"properties":{"name":"\u4e2d\u30ce\u6c5f\u5909\u96fb\u6240 154kV","vn_kv":154.0,"vm_pu":1.0063,"va_deg":12.55}},{"type":"Feature","geometry":{"type":"Point","coordinates":[136.86173,36.56091]},"properties":{"name":"\u4e2d\u30ce\u6c5f\u5909\u96fb\u6240 66kV","vn_kv":66.0,"vm_pu":0.9924,"va_deg":9.94}},{"type":"Feature","geometry":{"type":"Point","coordinates":[136.89699,36.51216]},"properties":{"name":"\u57ce\u7aef\u5909\u96fb\u6240","vn_kv":66.0,"vm_pu":0.9887,"va_deg":9.63}},{"type":"Feature","geometry":{"type":"Point","coordinates":[136.60766,36.49051]},"properties":{"name":"\u5357\u91d1\u6ca2\u5909\u96fb\u6240 154kV","vn_kv":154.0,"vm_pu":1.0006,"va_deg":11.77}},{"type":"Feature","geometry":{"type":"Point","coordinates":[136.60766,36.49051]},"properties":{"name":"\u5357\u91d1\u6ca2\u5909\u96fb\u6240 77kV","vn_kv":77.0,"vm_pu":0.9827,"va_deg":9.6}},{"type":"Feature","geometry":{"type":"Point","coordinates":[136.95609,36.6368]},"properties":{"name":"\u5c71\u738b\u753a\u5909\u96fb\u6240","vn_kv":66.0,"vm_pu":0.9997,"va_deg":10.2}},{"type":"Feature","geometry":{"type":"Point","coordinates":[136.43737,34.8401]},"properties":{"name":"\u65b0\u9234\u9e7f\u5909\u96fb\u6240 275kV","vn_kv":275.0,"vm_pu":0.9998,"va_deg":11.83}},{"type":"Feature","geometry":{"type":"Point","coordinates":[136.43737,34.8401]},"properties":{"name":"\u65b0\u9234\u9e7f\u5909\u96fb\u6240 77kV","vn_kv":77.0,"vm_pu":0.9947,"va_deg":14.95}},{"type":"Feature","geometry":{"type":"Point","coordinates":[136.53733,34.78961]},"properties":{"name":"\u6cb3\u82b8\u753a\u4e0a\u91ce\u5909\u96fb\u6240","vn_kv":77.0,"vm_pu":0.9983,"va_deg":17.15}},{"type":"Feature","geometry":{"type":"Point","coordinates":[136.784,35.06734]},"properties":{"name":"\u5927\u8c37\u56db\u4e01\u76ee\u5909\u96fb\u6240","vn_kv":154.0,"vm_pu":0.998,"va_deg":11.58}},{"type":"Feature","geometry":{"type":"Point","coordinates":[137.73263,34.70866]},"properties":{"name":"\u7530\u753a\u5909\u96fb\u6240","vn_kv":77.0,"vm_pu":0.9928,"va_deg":14.63}},{"type":"Feature","geometry":{"type":"Point","coordinates":[137.3317,34.83986]},"properties":{"name":"\u56fd\u5e9c\u5909\u96fb\u6240","vn_kv":66.0,"vm_pu":0.9892,"va_deg":12.59}},{"type":"Feature","geometry":{"type":"Point","coordinates":[137.72907,34.81632]},"properties":{"name":"\u767d\u662d\u5909\u96fb\u6240","vn_kv":154.0,"vm_pu":1.0004,"va_deg":16.07}},{"type":"Feature","geometry":{"type":"Point","coordinates":[137.6299,34.68595]},"properties":{"name":"JR\u6771\u6d77 \u821e\u962a\u5909\u96fb\u6240","vn_kv":66.0,"vm_pu":1.0,"va_deg":17.27}},{"type":"Feature","geometry":{"type":"Point","coordinates":[137.83767,34.71303]},"properties":{"name":"JR \u78d0\u7530\u5909\u96fb\u6240","vn_kv":77.0,"vm_pu":0.9977,"va_deg":14.94}},{"type":"Feature","geometry":{"type":"Point","coordinates":[136.73899,35.13087]},"properties":{"name":"\u6d77\u90e8\u958b\u9589\u6240 275kV","vn_kv":275.0,"vm_pu":1.0027,"va_deg":7.37}},{"type":"Feature","geometry":{"type":"Point","coordinates":[136.73899,35.13087]},"properties":{"name":"\u6d77\u90e8\u958b\u9589\u6240 154kV","vn_kv":154.0,"vm_pu":0.9962,"va_deg":10.28}},{"type":"Feature","geometry":{"type":"Point","coordinates":[136.73899,35.13087]},"properties":{"name":"\u6d77\u90e8\u958b\u9589\u6240 77kV","vn_kv":77.0,"vm_pu":0.9896,"va_deg":9.13}},{"type":"Feature","geometry":{"type":"Point","coordinates":[136.73501,35.11885]},"properties":{"name":"\u938c\u5009\u753a\u5909\u96fb\u6240_2","vn_kv":77.0,"vm_pu":0.9889,"va_deg":9.04}},{"type":"Feature","geometry":{"type":"Point","coordinates":[138.98311,36.67878]},"properties":{"name":"\u307f\u306a\u304b\u307f\u753a\u5909\u96fb\u6240","vn_kv":154.0,"vm_pu":1.0026,"va_deg":-0.06}},{"type":"Feature","geometry":{"type":"Point","coordinates":[136.95401,35.01053]},"properties":{"name":"\u5927\u5e9c\u5909\u96fb\u6240 77kV","vn_kv":77.0,"vm_pu":0.981,"va_deg":10.03}},{"type":"Feature","geometry":{"type":"Point","coordinates":[136.95401,35.01053]},"properties":{"name":"\u5927\u5e9c\u5909\u96fb\u6240 (untyped)","vn_kv":77.0,"vm_pu":1.0,"va_deg":0.0}},{"type":"Feature","geometry":{"type":"Point","coordinates":[137.2044,34.8969]},"properties":{"name":"\u30d5\u30bf\u30d0\u7523\u696d","vn_kv":77.0,"vm_pu":0.9821,"va_deg":11.63}},{"type":"Feature","geometry":{"type":"Point","coordinates":[138.86952,35.53558]},"properties":{"name":"\u6771\u6842\u5909\u96fb\u6240","vn_kv":66.0,"vm_pu":1.0,"va_deg":0.0}},{"type":"Feature","geometry":{"type":"Point","coordinates":[137.36716,34.83193]},"properties":{"name":"\u8acf\u8a2a\u4e09\u4e01\u76ee\u5909\u96fb\u6240","vn_kv":66.0,"vm_pu":0.9903,"va_deg":12.74}},{"type":"Feature","geometry":{"type":"Point","coordinates":[137.94789,35.70556]},"properties":{"name":"\u99d2\u30f6\u6839\u5909\u96fb\u6240 154kV","vn_kv":154.0,"vm_pu":1.005,"va_deg":11.29}},{"type":"Feature","geometry":{"type":"Point","coordinates":[137.94789,35.70556]},"properties":{"name":"\u99d2\u30f6\u6839\u5909\u96fb\u6240 77kV","vn_kv":77.0,"vm_pu":0.9889,"va_deg":14.23}},{"type":"Feature","geometry":{"type":"Point","coordinates":[138.09323,36.00677]},"properties":{"name":"\u5927\u5b57\u6e56\u5357\u5909\u96fb\u6240","vn_kv":77.0,"vm_pu":0.997,"va_deg":3.35}},{"type":"Feature","geometry":{"type":"Point","coordinates":[137.77184,34.71321]},"properties":{"name":"\u548c\u7530\u753a\u5909\u96fb\u6240","vn_kv":66.0,"vm_pu":0.9936,"va_deg":15.01}},{"type":"Feature","geometry":{"type":"Point","coordinates":[136.82205,35.15415]},"properties":{"name":"\u5409\u6d25\u4e8c\u4e01\u76ee\u5909\u96fb\u6240","vn_kv":66.0,"vm_pu":0.9949,"va_deg":10.37}},{"type":"Feature","geometry":{"type":"Point","coordinates":[139.02672,36.29434]},"properties":{"name":"\u65b0\u9ad8\u5d0e\u304d\u96fb\u533a\u5206\u6240","vn_kv":66.0,"vm_pu":1.0,"va_deg":0.0}},{"type":"Feature","geometry":{"type":"Point","coordinates":[136.98917,35.34707]},"properties":{"name":"\u540d\u9244\u5ca9\u5009\u5909\u96fb\u6240","vn_kv":275.0,"vm_pu":1.0148,"va_deg":12.21}},{"type":"Feature","geometry":{"type":"Point","coordinates":[136.90477,36.96639]},"properties":{"name":"\u6700\u52dd\u8b1b\u5909\u96fb\u6240 154kV","vn_kv":154.0,"vm_pu":1.0111,"va_deg":13.69}},{"type":"Feature","geometry":{"type":"Point","coordinates":[136.90477,36.96639]},"properties":{"name":"\u6700\u52dd\u8b1b\u5909\u96fb\u6240 66kV","vn_kv":66.0,"vm_pu":0.9982,"va_deg":17.45}},{"type":"Feature","geometry":{"type":"Point","coordinates":[136.29371,36.14153]},"properties":{"name":"\u4e38\u5ca1\u753a\u821b\u7530\u5909\u96fb\u6240 275kV","vn_kv":275.0,"vm_pu":1.0387,"va_deg":15.49}},{"type":"Feature","geometry":{"type":"Point","coordinates":[136.29371,36.14153]},"properties":{"name":"\u4e38\u5ca1\u753a\u821b\u7530\u5909\u96fb\u6240 154kV","vn_kv":154.0,"vm_pu":1.008,"va_deg":12.5}},{"type":"Feature","geometry":{"type":"Point","coordinates":[136.29371,36.14153]},"properties":{"name":"\u4e38\u5ca1\u753a\u821b\u7530\u5909\u96fb\u6240 77kV","vn_kv":77.0,"vm_pu":0.9982,"va_deg":10.73}},{"type":"Feature","geometry":{"type":"Point","coordinates":[136.28685,36.2065]},"properties":{"name":"\u4e0a\u91ce\u5909\u96fb\u6240 275kV","vn_kv":275.0,"vm_pu":1.0397,"va_deg":15.35}},{"type":"Feature","geometry":{"type":"Point","coordinates":[136.28685,36.2065]},"properties":{"name":"\u4e0a\u91ce\u5909\u96fb\u6240 77kV","vn_kv":77.0,"vm_pu":1.0034,"va_deg":10.63}},{"type":"Feature","geometry":{"type":"Point","coordinates":[136.41505,35.99464]},"properties":{"name":"\u8d8a\u524d\u5909\u96fb\u6240 500kV","vn_kv":500.0,"vm_pu":1.0676,"va_deg":17.96}},{"type":"Feature","geometry":{"type":"Point","coordinates":[136.41505,35.99464]},"properties":{"name":"\u8d8a\u524d\u5909\u96fb\u6240 275kV","vn_kv":275.0,"vm_pu":1.0408,"va_deg":16.06}},{"type":"Feature","geometry":{"type":"Point","coordinates":[136.41505,35.99464]},"properties":{"name":"\u8d8a\u524d\u5909\u96fb\u6240 154kV","vn_kv":154.0,"vm_pu":1.0182,"va_deg":14.03}},{"type":"Feature","geometry":{"type":"Point","coordinates":[136.17556,36.12026]},"properties":{"name":"\u5929\u83c5\u751f\u753a\u5909\u96fb\u6240 154kV","vn_kv":154.0,"vm_pu":1.0038,"va_deg":12.21}},{"type":"Feature","geometry":{"type":"Point","coordinates":[136.17556,36.12026]},"properties":{"name":"\u5929\u83c5\u751f\u753a\u5909\u96fb\u6240 77kV","vn_kv":77.0,"vm_pu":0.9947,"va_deg":10.76}},{"type":"Feature","geometry":{"type":"Point","coordinates":[136.13704,36.20931]},"properties":{"name":"\u4e09\u56fd\u753a\u65b0\u4fdd\u5909\u96fb\u6240 154kV","vn_kv":154.0,"vm_pu":1.0,"va_deg":12.45}},{"type":"Feature","geometry":{"type":"Point","coordinates":[136.13704,36.20931]},"properties":{"name":"\u4e09\u56fd\u753a\u65b0\u4fdd\u5909\u96fb\u6240 77kV","vn_kv":77.0,"vm_pu":0.9946,"va_deg":10.85}},{"type":"Feature","geometry":{"type":"Point","coordinates":[137.93453,36.12615]},"properties":{"name":"\u4e2d\u4fe1\u5909\u96fb\u6240 275kV","vn_kv":275.0,"vm_pu":1.0285,"va_deg":10.99}},{"type":"Feature","geometry":{"type":"Point","coordinates":[137.93453,36.12615]},"properties":{"name":"\u4e2d\u4fe1\u5909\u96fb\u6240 154kV","vn_kv":154.0,"vm_pu":1.0044,"va_deg":8.7}},{"type":"Feature","geometry":{"type":"Point","coordinates":[137.93453,36.12615]},"properties":{"name":"\u4e2d\u4fe1\u5909\u96fb\u6240 77kV","vn_kv":77.0,"vm_pu":0.9991,"va_deg":3.5}},{"type":"Feature","geometry":{"type":"Point","coordinates":[137.93221,36.12617]},"properties":{"name":"\u4e2d\u4fe1\u5909\u96fb\u6240 275kV","vn_kv":275.0,"vm_pu":1.0285,"va_deg":10.99}},{"type":"Feature","geometry":{"type":"Point","coordinates":[137.93221,36.12617]},"properties":{"name":"\u4e2d\u4fe1\u5909\u96fb\u6240 154kV","vn_kv":154.0,"vm_pu":1.0075,"va_deg":10.23}},{"type":"Feature","geometry":{"type":"Point","coordinates":[137.88545,36.13716]},"properties":{"name":"\u65b0\u4fe1\u6fc3\u5909\u96fb\u6240","vn_kv":275.0,"vm_pu":1.0292,"va_deg":11.05}},{"type":"Feature","geometry":{"type":"Point","coordinates":[136.91653,36.49576]},"properties":{"name":"\u57ce\u7aef\u958b\u9589\u6240","vn_kv":275.0,"vm_pu":1.0289,"va_deg":14.44}},{"type":"Feature","geometry":{"type":"Point","coordinates":[136.2393,36.08576]},"properties":{"name":"\u958b\u767a\u5909\u96fb\u6240","vn_kv":77.0,"vm_pu":0.9945,"va_deg":10.66}},{"type":"Feature","geometry":{"type":"Point","coordinates":[136.18566,36.04702]},"properties":{"name":"\u5357\u798f\u4e95\u5909\u96fb\u6240 77kV","vn_kv":77.0,"vm_pu":0.9941,"va_deg":10.76}},{"type":"Feature","geometry":{"type":"Point","coordinates":[136.18566,36.04702]},"properties":{"name":"\u5357\u798f\u4e95\u5909\u96fb\u6240 66kV","vn_kv":66.0,"vm_pu":0.9861,"va_deg":9.56}},{"type":"Feature","geometry":{"type":"Point","coordinates":[136.2293,36.12019]},"properties":{"name":"\u6625\u6c5f\u753a\u70ba\u56fd\u5e78\u5909\u96fb\u6240 154kV","vn_kv":154.0,"vm_pu":1.0061,"va_deg":12.37}},{"type":"Feature","geometry":{"type":"Point","coordinates":[136.2293,36.12019]},"properties":{"name":"\u6625\u6c5f\u753a\u70ba\u56fd\u5e78\u5909\u96fb\u6240 77kV","vn_kv":77.0,"vm_pu":0.996,"va_deg":10.78}},{"type":"Feature","geometry":{"type":"Point","coordinates":[136.6408,36.55548]},"properties":{"name":"\u5897\u6cc9\u4e00\u4e01\u76ee\u5909\u96fb\u6240","vn_kv":77.0,"vm_pu":0.9812,"va_deg":9.56}},{"type":"Feature","geometry":{"type":"Point","coordinates":[136.46581,36.45271]},"properties":{"name":"\u5927\u6210\u753a\u5909\u96fb\u6240","vn_kv":66.0,"vm_pu":0.9752,"va_deg":8.4}},{"type":"Feature","geometry":{"type":"Point","coordinates":[136.88034,36.96965]},"properties":{"name":"\u91d1\u4e38\u5909\u96fb\u6240","vn_kv":66.0,"vm_pu":0.9984,"va_deg":17.33}},{"type":"Feature","geometry":{"type":"Point","coordinates":[136.55483,36.51913]},"properties":{"name":"\u677e\u4efb\u5909\u96fb\u6240 77kV","vn_kv":77.0,"vm_pu":0.9767,"va_deg":9.59}},{"type":"Feature","geometry":{"type":"Point","coordinates":[136.55483,36.51913]},"properties":{"name":"\u677e\u4efb\u5909\u96fb\u6240 66kV","vn_kv":66.0,"vm_pu":0.9772,"va_deg":8.68}},{"type":"Feature","geometry":{"type":"Point","coordinates":[136.51225,36.44685]},"properties":{"name":"\u79cb\u5e38\u753a\u5909\u96fb\u6240","vn_kv":66.0,"vm_pu":0.9765,"va_deg":8.49}},{"type":"Feature","geometry":{"type":"Point","coordinates":[136.55399,36.46898]},"properties":{"name":"\u5ddd\u5317\u5909\u96fb\u6240","vn_kv":77.0,"vm_pu":0.9841,"va_deg":9.48}},{"type":"Feature","geometry":{"type":"Point","coordinates":[136.62464,36.44587]},"properties":{"name":"\u9db4\u6765\u5909\u96fb\u6240","vn_kv":77.0,"vm_pu":0.9839,"va_deg":9.51}},{"type":"Feature","geometry":{"type":"Point","coordinates":[136.62834,36.57954]},"properties":{"name":"\u5317\u91d1\u6ca2\u5909\u96fb\u6240 154kV","vn_kv":154.0,"vm_pu":1.0,"va_deg":11.98}},{"type":"Feature","geometry":{"type":"Point","coordinates":[136.62834,36.57954]},"properties":{"name":"\u5317\u91d1\u6ca2\u5909\u96fb\u6240 77kV","vn_kv":77.0,"vm_pu":0.9819,"va_deg":10.23}},{"type":"Feature","geometry":{"type":"Point","coordinates":[136.23958,36.208]},"properties":{"name":"\u91d1\u6d25\u5909\u96fb\u6240","vn_kv":77.0,"vm_pu":0.9996,"va_deg":10.55}},{"type":"Feature","geometry":{"type":"Point","coordinates":[136.40901,36.32291]},"properties":{"name":"\u7bb1\u5bae\u753a\u5909\u96fb\u6240","vn_kv":154.0,"vm_pu":1.0,"va_deg":11.48}},{"type":"Feature","geometry":{"type":"Point","coordinates":[136.44238,36.42072]},"properties":{"name":"\u5b89\u5b85\u5909\u96fb\u6240","vn_kv":77.0,"vm_pu":0.992,"va_deg":8.74}},{"type":"Feature","geometry":{"type":"Point","coordinates":[136.72496,36.68395]},"properties":{"name":"\u821f\u6a4b\u5909\u96fb\u6240","vn_kv":77.0,"vm_pu":0.9891,"va_deg":12.65}},{"type":"Feature","geometry":{"type":"Point","coordinates":[136.32441,36.29955]},"properties":{"name":"\u5357\u90f7\u753a\u5909\u96fb\u6240 154kV","vn_kv":154.0,"vm_pu":0.9995,"va_deg":11.42}},{"type":"Feature","geometry":{"type":"Point","coordinates":[136.32441,36.29955]},"properties":{"name":"\u5357\u90f7\u753a\u5909\u96fb\u6240 77kV","vn_kv":77.0,"vm_pu":1.0011,"va_deg":10.27}},{"type":"Feature","geometry":{"type":"Point","coordinates":[136.32441,36.29955]},"properties":{"name":"\u5357\u90f7\u753a\u5909\u96fb\u6240 66kV","vn_kv":66.0,"vm_pu":0.9988,"va_deg":8.9}},{"type":"Feature","geometry":{"type":"Point","coordinates":[136.32441,36.29955]},"properties":{"name":"\u5357\u90f7\u753a\u5909\u96fb\u6240 (untyped)","vn_kv":66.0,"vm_pu":1.0,"va_deg":0.0}},{"type":"Feature","geometry":{"type":"Point","coordinates":[136.62491,36.54379]},"properties":{"name":"\u897f\u91d1\u6ca2\u5909\u96fb\u6240","vn_kv":77.0,"vm_pu":0.9814,"va_deg":9.84}},{"type":"Feature","geometry":{"type":"Point","coordinates":[136.50719,36.40506]},"properties":{"name":"\u8352\u6728\u7530\u753a\u5909\u96fb\u6240 154kV","vn_kv":154.0,"vm_pu":0.9987,"va_deg":11.41}},{"type":"Feature","geometry":{"type":"Point","coordinates":[136.50719,36.40506]},"properties":{"name":"\u8352\u6728\u7530\u753a\u5909\u96fb\u6240 66kV","vn_kv":66.0,"vm_pu":0.9819,"va_deg":8.77}},{"type":"Feature","geometry":{"type":"Point","coordinates":[136.7179,36.65023]},"properties":{"name":"\u592a\u7530\u5909\u96fb\u6240_2","vn_kv":77.0,"vm_pu":0.9856,"va_deg":11.87}},{"type":"Feature","geometry":{"type":"Point","coordinates":[136.71795,36.65012]},"properties":{"name":"\u592a\u7530\u5909\u96fb\u6240_3","vn_kv":77.0,"vm_pu":0.9856,"va_deg":11.87}},{"type":"Feature","geometry":{"type":"Point","coordinates":[136.45643,36.39807]},"properties":{"name":"\u5c0f\u677e\u5909\u96fb\u6240","vn_kv":77.0,"vm_pu":0.9899,"va_deg":8.76}},{"type":"Feature","geometry":{"type":"Point","coordinates":[136.4799,36.38148]},"properties":{"name":"\u65b0\u5c0f\u677e\u5909\u96fb\u6240 154kV","vn_kv":154.0,"vm_pu":0.9988,"va_deg":11.38}},{"type":"Feature","geometry":{"type":"Point","coordinates":[136.4799,36.38148]},"properties":{"name":"\u65b0\u5c0f\u677e\u5909\u96fb\u6240 77kV","vn_kv":77.0,"vm_pu":0.9897,"va_deg":8.8}},{"type":"Feature","geometry":{"type":"Point","coordinates":[136.4799,36.38148]},"properties":{"name":"\u65b0\u5c0f\u677e\u5909\u96fb\u6240 66kV","vn_kv":66.0,"vm_pu":0.9804,"va_deg":8.45}},{"type":"Feature","geometry":{"type":"Point","coordinates":[136.16363,36.20636]},"properties":{"name":"\u4e09\u56fd\u753a\u4e09\u56fd\u6771\u56db\u4e01\u76ee\u5909\u96fb\u6240 154kV","vn_kv":154.0,"vm_pu":1.0004,"va_deg":12.27}},{"type":"Feature","geometry":{"type":"Point","coordinates":[136.16363,36.20636]},"properties":{"name":"\u4e09\u56fd\u753a\u4e09\u56fd\u6771\u56db\u4e01\u76ee\u5909\u96fb\u6240 77kV","vn_kv":77.0,"vm_pu":0.9991,"va_deg":10.6}},{"type":"Feature","geometry":{"type":"Point","coordinates":[136.36676,36.32972]},"properties":{"name":"\u7247\u5c71\u6d25\u753a\u5909\u96fb\u6240","vn_kv":66.0,"vm_pu":1.0,"va_deg":8.87}},{"type":"Feature","geometry":{"type":"Point","coordinates":[137.92558,36.34988]},"properties":{"name":"\u5b89\u66c7\u91ce\u5e02\u5909\u96fb\u6240_2","vn_kv":77.0,"vm_pu":0.9996,"va_deg":2.73}},{"type":"Feature","geometry":{"type":"Point","coordinates":[137.98591,36.25586]},"properties":{"name":"\u6d45\u9593\u6e29\u6cc9\u4e00\u4e01\u76ee\u5909\u96fb\u6240","vn_kv":77.0,"vm_pu":1.0,"va_deg":3.59}},{"type":"Feature","geometry":{"type":"Point","coordinates":[138.22729,36.75238]},"properties":{"name":"\u5c0f\u7389\u5909\u96fb\u6240","vn_kv":77.0,"vm_pu":1.0,"va_deg":2.11}},{"type":"Feature","geometry":{"type":"Point","coordinates":[137.88482,36.33554]},"properties":{"name":"\u7a42\u9ad8\u5909\u96fb\u6240","vn_kv":77.0,"vm_pu":0.9989,"va_deg":2.08}},{"type":"Feature","geometry":{"type":"Point","coordinates":[136.28719,35.31962]},"properties":{"name":"\u7c73\u539f\u5909\u96fb\u6240 77kV","vn_kv":77.0,"vm_pu":0.9989,"va_deg":11.7}},{"type":"Feature","geometry":{"type":"Point","coordinates":[136.28719,35.31962]},"properties":{"name":"\u7c73\u539f\u5909\u96fb\u6240 66kV","vn_kv":66.0,"vm_pu":0.9906,"va_deg":10.42}},{"type":"Feature","geometry":{"type":"Point","coordinates":[136.19199,35.92999]},"properties":{"name":"\u9ad8\u6728\u753a\u5909\u96fb\u6240 154kV","vn_kv":154.0,"vm_pu":1.006,"va_deg":12.14}},{"type":"Feature","geometry":{"type":"Point","coordinates":[136.19199,35.92999]},"properties":{"name":"\u9ad8\u6728\u753a\u5909\u96fb\u6240 77kV","vn_kv":77.0,"vm_pu":0.9983,"va_deg":11.34}},{"type":"Feature","geometry":{"type":"Point","coordinates":[136.19199,35.92999]},"properties":{"name":"\u9ad8\u6728\u753a\u5909\u96fb\u6240 (untyped)","vn_kv":154.0,"vm_pu":1.0,"va_deg":0.0}},{"type":"Feature","geometry":{"type":"Point","coordinates":[136.19633,35.94543]},"properties":{"name":"\u9bd6\u6c5f\u5909\u96fb\u6240","vn_kv":77.0,"vm_pu":0.9979,"va_deg":11.27}},{"type":"Feature","geometry":{"type":"Point","coordinates":[137.93927,36.24524]},"properties":{"name":"\u65b0\u6a4b\u5909\u96fb\u6240","vn_kv":77.0,"vm_pu":0.9958,"va_deg":2.24}},{"type":"Feature","geometry":{"type":"Point","coordinates":[137.85622,36.32262]},"properties":{"name":"\u5b89\u66c7\u91ce\u5e02\u5909\u96fb\u6240_3","vn_kv":77.0,"vm_pu":0.9981,"va_deg":2.01}},{"type":"Feature","geometry":{"type":"Point","coordinates":[137.91941,36.27487]},"properties":{"name":"\u5b89\u66c7\u91ce\u5e02\u5909\u96fb\u6240_4","vn_kv":77.0,"vm_pu":0.9966,"va_deg":2.14}},{"type":"Feature","geometry":{"type":"Point","coordinates":[137.55451,36.8555]},"properties":{"name":"\u65b0\u611b\u672c\u5909\u96fb\u6240 275kV","vn_kv":275.0,"vm_pu":1.0254,"va_deg":13.86}},{"type":"Feature","geometry":{"type":"Point","coordinates":[137.55451,36.8555]},"properties":{"name":"\u65b0\u611b\u672c\u5909\u96fb\u6240 154kV","vn_kv":154.0,"vm_pu":1.002,"va_deg":13.2}},{"type":"Feature","geometry":{"type":"Point","coordinates":[137.55451,36.8555]},"properties":{"name":"\u65b0\u611b\u672c\u5909\u96fb\u6240 66kV","vn_kv":66.0,"vm_pu":0.998,"va_deg":12.32}},{"type":"Feature","geometry":{"type":"Point","coordinates":[137.55451,36.8555]},"properties":{"name":"\u65b0\u611b\u672c\u5909\u96fb\u6240 (untyped)","vn_kv":275.0,"vm_pu":1.0,"va_deg":0.0}},{"type":"Feature","geometry":{"type":"Point","coordinates":[137.42686,36.83251]},"properties":{"name":"\u7acb\u77f3\u5909\u96fb\u6240 154kV","vn_kv":154.0,"vm_pu":1.001,"va_deg":13.16}},{"type":"Feature","geometry":{"type":"Point","coordinates":[137.42686,36.83251]},"properties":{"name":"\u7acb\u77f3\u5909\u96fb\u6240 66kV","vn_kv":66.0,"vm_pu":0.9994,"va_deg":12.47}},{"type":"Feature","geometry":{"type":"Point","coordinates":[137.42686,36.83251]},"properties":{"name":"\u7acb\u77f3\u5909\u96fb\u6240 (untyped)","vn_kv":66.0,"vm_pu":1.0,"va_deg":0.0}},{"type":"Feature","geometry":{"type":"Point","coordinates":[137.18163,36.72396]},"properties":{"name":"\u5bcc\u5c71\u5909\u96fb\u6240 154kV","vn_kv":154.0,"vm_pu":1.0014,"va_deg":13.11}},{"type":"Feature","geometry":{"type":"Point","coordinates":[137.18163,36.72396]},"properties":{"name":"\u5bcc\u5c71\u5909\u96fb\u6240 66kV","vn_kv":66.0,"vm_pu":0.9969,"va_deg":11.4}},{"type":"Feature","geometry":{"type":"Point","coordinates":[137.43798,36.8632]},"properties":{"name":"\u4e2d\u91ce\u5909\u96fb\u6240","vn_kv":66.0,"vm_pu":0.999,"va_deg":12.67}},{"type":"Feature","geometry":{"type":"Point","coordinates":[137.85498,36.48962]},"properties":{"name":"\u5927\u753a\u5e02\u5909\u96fb\u6240_2","vn_kv":66.0,"vm_pu":1.0,"va_deg":0.0}},{"type":"Feature","geometry":{"type":"Point","coordinates":[137.22321,36.64016]},"properties":{"name":"\u5bcc\u5357\u5909\u96fb\u6240 275kV","vn_kv":275.0,"vm_pu":1.0256,"va_deg":13.98}},{"type":"Feature","geometry":{"type":"Point","coordinates":[137.22321,36.64016]},"properties":{"name":"\u5bcc\u5357\u5909\u96fb\u6240 154kV","vn_kv":154.0,"vm_pu":1.0026,"va_deg":13.12}},{"type":"Feature","geometry":{"type":"Point","coordinates":[137.22321,36.64016]},"properties":{"name":"\u5bcc\u5357\u5909\u96fb\u6240 66kV","vn_kv":66.0,"vm_pu":0.9956,"va_deg":11.65}},{"type":"Feature","geometry":{"type":"Point","coordinates":[137.22261,36.64075]},"properties":{"name":"\u5bcc\u5357\u5909\u96fb\u6240 275kV","vn_kv":275.0,"vm_pu":1.0256,"va_deg":13.98}},{"type":"Feature","geometry":{"type":"Point","coordinates":[137.22261,36.64075]},"properties":{"name":"\u5bcc\u5357\u5909\u96fb\u6240 154kV","vn_kv":154.0,"vm_pu":1.0026,"va_deg":13.12}},{"type":"Feature","geometry":{"type":"Point","coordinates":[137.22261,36.64075]},"properties":{"name":"\u5bcc\u5357\u5909\u96fb\u6240 66kV","vn_kv":66.0,"vm_pu":0.9956,"va_deg":11.65}},{"type":"Feature","geometry":{"type":"Point","coordinates":[137.41408,36.75139]},"properties":{"name":"\u5927\u6d66\u5909\u96fb\u6240 275kV","vn_kv":275.0,"vm_pu":1.0255,"va_deg":13.89}},{"type":"Feature","geometry":{"type":"Point","coordinates":[137.41408,36.75139]},"properties":{"name":"\u5927\u6d66\u5909\u96fb\u6240 66kV","vn_kv":66.0,"vm_pu":1.0066,"va_deg":12.13}},{"type":"Feature","geometry":{"type":"Point","coordinates":[137.20717,36.56123]},"properties":{"name":"\u6625\u65e5\u5909\u96fb\u6240 154kV","vn_kv":154.0,"vm_pu":1.0018,"va_deg":13.14}},{"type":"Feature","geometry":{"type":"Point","coordinates":[137.20717,36.56123]},"properties":{"name":"\u6625\u65e5\u5909\u96fb\u6240 66kV","vn_kv":66.0,"vm_pu":0.9956,"va_deg":11.43}},{"type":"Feature","geometry":{"type":"Point","coordinates":[137.31407,36.71087]},"properties":{"name":"\u821f\u6a4b\u5909\u96fb\u6240 (Funahashi Hendensho) 154kV","vn_kv":154.0,"vm_pu":1.0007,"va_deg":13.28}},{"type":"Feature","geometry":{"type":"Point","coordinates":[137.31407,36.71087]},"properties":{"name":"\u821f\u6a4b\u5909\u96fb\u6240 (Funahashi Hendensho) 66kV","vn_kv":66.0,"vm_pu":0.9985,"va_deg":11.67}},{"type":"Feature","geometry":{"type":"Point","coordinates":[137.89839,36.20612]},"properties":{"name":"\u677e\u672c\u5e02\u5909\u96fb\u6240","vn_kv":77.0,"vm_pu":0.9954,"va_deg":2.27}},{"type":"Feature","geometry":{"type":"Point","coordinates":[137.85796,36.21358]},"properties":{"name":"\u677e\u672c\u5e02\u5909\u96fb\u6240_2","vn_kv":77.0,"vm_pu":0.9956,"va_deg":2.23}},{"type":"Feature","geometry":{"type":"Point","coordinates":[136.94489,35.22885]},"properties":{"name":"\u77e5\u591a\u753a\u4e00\u4e01\u76ee\u5909\u96fb\u6240 154kV","vn_kv":154.0,"vm_pu":0.9945,"va_deg":9.82}},{"type":"Feature","geometry":{"type":"Point","coordinates":[136.94489,35.22885]},"properties":{"name":"\u77e5\u591a\u753a\u4e00\u4e01\u76ee\u5909\u96fb\u6240 77kV","vn_kv":77.0,"vm_pu":0.9842,"va_deg":8.43}},{"type":"Feature","geometry":{"type":"Point","coordinates":[138.93189,35.59317]},"properties":{"name":"\u7530\u91ce\u5009\u5909\u96fb\u6240","vn_kv":66.0,"vm_pu":0.9997,"va_deg":-0.02}},{"type":"Feature","geometry":{"type":"Point","coordinates":[138.9319,35.59802]},"properties":{"name":"\u7530\u91ce\u5009\u5909\u96fb\u6240_2","vn_kv":66.0,"vm_pu":1.0,"va_deg":0.0}},{"type":"Feature","geometry":{"type":"Point","coordinates":[138.92901,35.58114]},"properties":{"name":"\u4e2d\u592e\u65b0\u5e79\u7dda \u90fd\u7559\u5909\u96fb\u6240","vn_kv":154.0,"vm_pu":1.0,"va_deg":0.0}},{"type":"Feature","geometry":{"type":"Point","coordinates":[136.86307,35.17524]},"properties":{"name":"\u4e2d\u6751\u5909\u96fb\u6240","vn_kv":66.0,"vm_pu":1.0,"va_deg":0.0}},{"type":"Feature","geometry":{"type":"Point","coordinates":[137.16321,36.66708]},"properties":{"name":"\u5a66\u4e2d\u5909\u96fb\u6240","vn_kv":66.0,"vm_pu":0.9963,"va_deg":11.29}},{"type":"Feature","geometry":{"type":"Point","coordinates":[137.13541,36.59762]},"properties":{"name":"\u516b\u5c3e\u753a\u798f\u5cf6\u4e03\u4e01\u76ee\u5909\u96fb\u6240","vn_kv":66.0,"vm_pu":1.0,"va_deg":11.33}},{"type":"Feature","geometry":{"type":"Point","coordinates":[137.22173,36.55512]},"properties":{"name":"\u725b\u30b1\u5897\u5909\u96fb\u6240 154kV","vn_kv":154.0,"vm_pu":1.0016,"va_deg":13.14}},{"type":"Feature","geometry":{"type":"Point","coordinates":[137.22173,36.55512]},"properties":{"name":"\u725b\u30b1\u5897\u5909\u96fb\u6240 66kV","vn_kv":66.0,"vm_pu":0.9956,"va_deg":11.45}},{"type":"Feature","geometry":{"type":"Point","coordinates":[137.24432,36.17583]},"properties":{"name":"\u65ed\u30b1\u4e18\u753a\u5909\u96fb\u6240","vn_kv":154.0,"vm_pu":1.0085,"va_deg":10.86}},{"type":"Feature","geometry":{"type":"Point","coordinates":[137.18485,35.64515]},"properties":{"name":"\u4e0a\u6cb9\u4e95\u5909\u96fb\u6240","vn_kv":77.0,"vm_pu":1.0,"va_deg":9.74}},{"type":"Feature","geometry":{"type":"Point","coordinates":[136.91518,35.40401]},"properties":{"name":"\u9d5c\u6cbc\u5404\u52d9\u539f\u753a\u4e94\u4e01\u76ee\u5909\u96fb\u6240","vn_kv":66.0,"vm_pu":1.0,"va_deg":0.0}},{"type":"Feature","geometry":{"type":"Point","coordinates":[136.91394,35.50957]},"properties":{"name":"\u5bfa\u7530\u4e00\u4e01\u76ee\u5909\u96fb\u6240","vn_kv":154.0,"vm_pu":1.0041,"va_deg":10.75}},{"type":"Feature","geometry":{"type":"Point","coordinates":[136.99389,35.45417]},"properties":{"name":"\u52a0\u8302\u91ce\u753a\u9df9\u4e4b\u5de3\u5909\u96fb\u6240","vn_kv":66.0,"vm_pu":1.0,"va_deg":11.11}},{"type":"Feature","geometry":{"type":"Point","coordinates":[139.09496,35.14099]},"properties":{"name":"\u571f\u80a5\u516d\u4e01\u76ee\u5909\u96fb\u6240_2","vn_kv":66.0,"vm_pu":1.0,"va_deg":0.0}},{"type":"Feature","geometry":{"type":"Point","coordinates":[138.85014,35.12626]},"properties":{"name":"\u6cbc\u6d25\u5909\u96fb\u6240","vn_kv":77.0,"vm_pu":0.9496,"va_deg":-4.86}},{"type":"Feature","geometry":{"type":"Point","coordinates":[137.71556,34.72329]},"properties":{"name":"\u57ce\u5317\u4e09\u4e01\u76ee\u5909\u96fb\u6240","vn_kv":77.0,"vm_pu":1.0,"va_deg":15.6}},{"type":"Feature","geometry":{"type":"Point","coordinates":[137.31259,34.86348]},"properties":{"name":"\u4e2d\u90e8\u96fb\u529b(\u682a) \u8d64\u5742\u5909\u96fb\u6240","vn_kv":77.0,"vm_pu":0.9866,"va_deg":12.26}},{"type":"Feature","geometry":{"type":"Point","coordinates":[138.99705,36.35837]},"properties":{"name":"\u65b0\u5927\u516b\u6728\u304d\u96fb\u533a\u5206\u6240","vn_kv":66.0,"vm_pu":1.0,"va_deg":0.0}},{"type":"Feature","geometry":{"type":"Point","coordinates":[138.8022,36.94919]},"properties":{"name":"\u6e6f\u6ca2\u5909\u96fb\u6240","vn_kv":66.0,"vm_pu":1.0,"va_deg":0.0}},{"type":"Feature","geometry":{"type":"Point","coordinates":[137.38893,34.79531]},"properties":{"name":"\u8c4a\u6a4b\u5909\u96fb\u6240 77kV","vn_kv":77.0,"vm_pu":0.9924,"va_deg":13.53}},{"type":"Feature","geometry":{"type":"Point","coordinates":[137.38893,34.79531]},"properties":{"name":"\u8c4a\u6a4b\u5909\u96fb\u6240 (untyped)","vn_kv":66.0,"vm_pu":0.9837,"va_deg":12.23}},{"type":"Feature","geometry":{"type":"Point","coordinates":[138.8407,35.10785]},"properties":{"name":"\u5c0f\u8acf\u8a2a\u5909\u96fb\u6240","vn_kv":66.0,"vm_pu":1.0,"va_deg":0.0}},{"type":"Feature","geometry":{"type":"Point","coordinates":[138.94975,34.68308]},"properties":{"name":"\u4e2d\u5909\u96fb\u6240","vn_kv":66.0,"vm_pu":1.0,"va_deg":0.0}},{"type":"Feature","geometry":{"type":"Point","coordinates":[138.80441,34.75314]},"properties":{"name":"\u5357\u90f7\u5909\u96fb\u6240","vn_kv":66.0,"vm_pu":1.0,"va_deg":0.0}},{"type":"Feature","geometry":{"type":"Point","coordinates":[138.79262,34.90724]},"properties":{"name":"\u4f0a\u8c46\u5e02\u5909\u96fb\u6240","vn_kv":66.0,"vm_pu":1.0,"va_deg":0.0}},{"type":"Feature","geometry":{"type":"Point","coordinates":[138.92711,34.90607]},"properties":{"name":"\u4f0a\u8c46\u5e02\u5909\u96fb\u6240_2","vn_kv":66.0,"vm_pu":1.0,"va_deg":0.0}},{"type":"Feature","geometry":{"type":"Point","coordinates":[138.77375,34.82739]},"properties":{"name":"\u5b89\u826f\u91cc\u5909\u96fb\u6240","vn_kv":66.0,"vm_pu":1.0,"va_deg":0.0}},{"type":"Feature","geometry":{"type":"Point","coordinates":[138.88513,34.64792]},"properties":{"name":"\u6e4a\u5909\u96fb\u6240","vn_kv":66.0,"vm_pu":1.0,"va_deg":0.0}},{"type":"Feature","geometry":{"type":"Point","coordinates":[139.09442,34.86834]},"properties":{"name":"\u4f0a\u6771\u5e02\u5909\u96fb\u6240","vn_kv":66.0,"vm_pu":1.0,"va_deg":0.0}},{"type":"Feature","geometry":{"type":"Point","coordinates":[136.87409,35.09464]},"properties":{"name":"\u897f\u7bc9\u6e2f\u5909\u96fb\u6240","vn_kv":77.0,"vm_pu":0.9849,"va_deg":10.09}},{"type":"Feature","geometry":{"type":"Point","coordinates":[139.08851,35.11754]},"properties":{"name":"\u4f0a\u8c46\u5c71\u5909\u96fb\u6240","vn_kv":77.0,"vm_pu":0.9778,"va_deg":-2.48}},{"type":"Feature","geometry":{"type":"Point","coordinates":[138.9047,35.10323]},"properties":{"name":"\u7389\u5ddd\u5909\u96fb\u6240","vn_kv":66.0,"vm_pu":1.0,"va_deg":0.0}},{"type":"Feature","geometry":{"type":"Point","coordinates":[139.06863,35.21661]},"properties":{"name":"\u9808\u96f2\u5ddd\u5909\u96fb\u6240","vn_kv":77.0,"vm_pu":1.0,"va_deg":0.0}},{"type":"Feature","geometry":{"type":"Point","coordinates":[137.56189,34.68773]},"properties":{"name":"\u4e2d\u90e8\u96fb\u529b\u65b0\u5c45\u5909\u96fb\u6240 77kV","vn_kv":77.0,"vm_pu":1.0,"va_deg":15.49}},{"type":"Feature","geometry":{"type":"Point","coordinates":[137.56189,34.68773]},"properties":{"name":"\u4e2d\u90e8\u96fb\u529b\u65b0\u5c45\u5909\u96fb\u6240 66kV","vn_kv":66.0,"vm_pu":0.9914,"va_deg":14.09}},{"type":"Feature","geometry":{"type":"Point","coordinates":[137.53429,34.71768]},"properties":{"name":"\u4e2d\u90e8\u96fb\u529b\u9df2\u6d25\u5909\u96fb\u6240 77kV","vn_kv":77.0,"vm_pu":0.9997,"va_deg":15.2}},{"type":"Feature","geometry":{"type":"Point","coordinates":[137.53429,34.71768]},"properties":{"name":"\u4e2d\u90e8\u96fb\u529b\u9df2\u6d25\u5909\u96fb\u6240 66kV","vn_kv":66.0,"vm_pu":0.9912,"va_deg":14.04}},{"type":"Feature","geometry":{"type":"Point","coordinates":[137.54094,34.71905]},"properties":{"name":"JR\u6771\u6d77\u9df2\u6d25\u5909\u96fb\u6240","vn_kv":77.0,"vm_pu":1.0,"va_deg":15.2}},{"type":"Feature","geometry":{"type":"Point","coordinates":[137.51606,34.69493]},"properties":{"name":"\u4e2d\u90e8\u96fb\u529b\u574a\u702c\u5909\u96fb\u6240","vn_kv":77.0,"vm_pu":1.0,"va_deg":15.38}},{"type":"Feature","geometry":{"type":"Point","coordinates":[137.37542,34.71026]},"properties":{"name":"\u690d\u7530\u5909\u96fb\u6240 154kV","vn_kv":154.0,"vm_pu":1.0,"va_deg":14.62}},{"type":"Feature","geometry":{"type":"Point","coordinates":[137.37542,34.71026]},"properties":{"name":"\u690d\u7530\u5909\u96fb\u6240 77kV","vn_kv":77.0,"vm_pu":0.9953,"va_deg":14.44}},{"type":"Feature","geometry":{"type":"Point","coordinates":[137.37542,34.71026]},"properties":{"name":"\u690d\u7530\u5909\u96fb\u6240 (untyped)","vn_kv":66.0,"vm_pu":0.9866,"va_deg":13.15}},{"type":"Feature","geometry":{"type":"Point","coordinates":[137.55008,34.81112]},"properties":{"name":"\u4e2d\u90e8\u96fb\u529b \u4e09\u30b1\u65e5\u5909\u96fb\u6240","vn_kv":154.0,"vm_pu":1.0,"va_deg":17.15}},{"type":"Feature","geometry":{"type":"Point","coordinates":[137.589,34.79014]},"properties":{"name":"\u4e2d\u90e8\u96fb\u529b \u90fd\u7b51\u5909\u96fb\u6240","vn_kv":154.0,"vm_pu":0.9999,"va_deg":17.12}},{"type":"Feature","geometry":{"type":"Point","coordinates":[137.64771,34.80895]},"properties":{"name":"\u6c17\u8cc0\u5909\u96fb\u6240","vn_kv":154.0,"vm_pu":1.0,"va_deg":17.19}},{"type":"Feature","geometry":{"type":"Point","coordinates":[137.12339,35.05616]},"properties":{"name":"\u540d\u53e4\u5c4b\u9244\u9053","vn_kv":77.0,"vm_pu":0.9861,"va_deg":11.28}},{"type":"Feature","geometry":{"type":"Point","coordinates":[137.09683,34.61483]},"properties":{"name":"\u798f\u6c5f\u5909\u96fb\u6240","vn_kv":77.0,"vm_pu":0.9844,"va_deg":12.67}},{"type":"Feature","geometry":{"type":"Point","coordinates":[137.15295,34.64631]},"properties":{"name":"\u99ac\u4f0f\u753a\u5909\u96fb\u6240","vn_kv":77.0,"vm_pu":0.9864,"va_deg":12.86}},{"type":"Feature","geometry":{"type":"Point","coordinates":[137.26943,34.70387]},"properties":{"name":"\u7dd1\u304c\u6d5c\u5909\u96fb\u6240","vn_kv":77.0,"vm_pu":0.9977,"va_deg":13.69}},{"type":"Feature","geometry":{"type":"Point","coordinates":[137.2838,34.67468]},"properties":{"name":"\u4e2d\u90e8\u96fb\u529b\u8c4a\u5cf6\u5909\u96fb\u6240","vn_kv":77.0,"vm_pu":0.9949,"va_deg":13.65}},{"type":"Feature","geometry":{"type":"Point","coordinates":[137.33536,34.68649]},"properties":{"name":"\u8001\u6d25\u5909\u96fb\u6240","vn_kv":77.0,"vm_pu":0.9944,"va_deg":13.92}},{"type":"Feature","geometry":{"type":"Point","coordinates":[137.32187,34.70842]},"properties":{"name":"\u660e\u6d77\u5909\u96fb\u6240","vn_kv":66.0,"vm_pu":0.9979,"va_deg":14.56}},{"type":"Feature","geometry":{"type":"Point","coordinates":[137.39773,34.75558]},"properties":{"name":"\u5411\u5c71\u5909\u96fb\u6240 77kV","vn_kv":77.0,"vm_pu":0.9905,"va_deg":14.58}},{"type":"Feature","geometry":{"type":"Point","coordinates":[137.39773,34.75558]},"properties":{"name":"\u5411\u5c71\u5909\u96fb\u6240 (untyped)","vn_kv":66.0,"vm_pu":0.9817,"va_deg":13.27}},{"type":"Feature","geometry":{"type":"Point","coordinates":[137.43127,34.74695]},"properties":{"name":"\u98ef\u6751\u5909\u96fb\u6240","vn_kv":77.0,"vm_pu":0.9947,"va_deg":14.44}},{"type":"Feature","geometry":{"type":"Point","coordinates":[137.43485,34.72638]},"properties":{"name":"\u5927\u5ca9\u753a\u5909\u96fb\u6240","vn_kv":154.0,"vm_pu":1.0,"va_deg":14.63}},{"type":"Feature","geometry":{"type":"Point","coordinates":[137.50411,34.72015]},"properties":{"name":"\u65b0\u6240\u539f\u5909\u96fb\u6240","vn_kv":77.0,"vm_pu":1.0,"va_deg":15.37}},{"type":"Feature","geometry":{"type":"Point","coordinates":[137.55503,34.92844]},"properties":{"name":"\u9cf3\u6765\u5909\u96fb\u6240 77kV","vn_kv":77.0,"vm_pu":1.0067,"va_deg":14.22}},{"type":"Feature","geometry":{"type":"Point","coordinates":[137.55503,34.92844]},"properties":{"name":"\u9cf3\u6765\u5909\u96fb\u6240 (untyped)","vn_kv":66.0,"vm_pu":0.9981,"va_deg":12.96}},{"type":"Feature","geometry":{"type":"Point","coordinates":[137.37166,34.84491]},"properties":{"name":"\u8c4a\u5ddd\u5909\u96fb\u6240","vn_kv":77.0,"vm_pu":0.9909,"va_deg":12.77}},{"type":"Feature","geometry":{"type":"Point","coordinates":[137.40223,34.8191]},"properties":{"name":"\u99ac\u5834\u5909\u96fb\u6240","vn_kv":66.0,"vm_pu":0.9956,"va_deg":13.68}},{"type":"Feature","geometry":{"type":"Point","coordinates":[137.94633,34.74637]},"properties":{"name":"JR\u888b\u4e95\u5909\u96fb\u6240 77kV","vn_kv":77.0,"vm_pu":0.9917,"va_deg":15.83}},{"type":"Feature","geometry":{"type":"Point","coordinates":[137.94633,34.74637]},"properties":{"name":"JR\u888b\u4e95\u5909\u96fb\u6240 (untyped)","vn_kv":66.0,"vm_pu":0.983,"va_deg":14.52}},{"type":"Feature","geometry":{"type":"Point","coordinates":[137.40618,34.82916]},"properties":{"name":"\u8c4a\u5ddd\u5909\u96fb\u6240","vn_kv":66.0,"vm_pu":1.0,"va_deg":0.0}},{"type":"Feature","geometry":{"type":"Point","coordinates":[137.41841,34.84363]},"properties":{"name":"\u4e2d\u90e8\u96fb\u529b\u9ebb\u751f\u7530\u5909\u96fb\u6240","vn_kv":66.0,"vm_pu":1.0081,"va_deg":14.57}},{"type":"Feature","geometry":{"type":"Point","coordinates":[137.96941,34.77279]},"properties":{"name":"\u897f\u639b\u5ddd\u5909\u96fb\u6240","vn_kv":77.0,"vm_pu":1.0,"va_deg":15.08}},{"type":"Feature","geometry":{"type":"Point","coordinates":[137.27797,34.81519]},"properties":{"name":"\u5927\u585a\u5909\u96fb\u6240 77kV","vn_kv":77.0,"vm_pu":0.9957,"va_deg":13.56}},{"type":"Feature","geometry":{"type":"Point","coordinates":[137.27797,34.81519]},"properties":{"name":"\u5927\u585a\u5909\u96fb\u6240 (untyped)","vn_kv":66.0,"vm_pu":0.987,"va_deg":12.27}},{"type":"Feature","geometry":{"type":"Point","coordinates":[137.49198,34.89487]},"properties":{"name":"\u65b0\u57ce\u5909\u96fb\u6240","vn_kv":77.0,"vm_pu":1.0,"va_deg":18.16}},{"type":"Feature","geometry":{"type":"Point","coordinates":[137.49563,34.89567]},"properties":{"name":"\u65b0\u57ce\u5909\u96fb\u6240","vn_kv":154.0,"vm_pu":1.0,"va_deg":14.73}},{"type":"Feature","geometry":{"type":"Point","coordinates":[137.85283,34.83119]},"properties":{"name":"\u65b0\u5e73\u5c71\u5909\u96fb\u6240","vn_kv":77.0,"vm_pu":1.0,"va_deg":15.25}},{"type":"Feature","geometry":{"type":"Point","coordinates":[137.81981,34.83648]},"properties":{"name":"\u4e2d\u702c\u5909\u96fb\u6240","vn_kv":154.0,"vm_pu":0.999,"va_deg":15.5}},{"type":"Feature","geometry":{"type":"Point","coordinates":[137.89932,34.76421]},"properties":{"name":"\u5c71\u79d1\u5909\u96fb\u6240","vn_kv":77.0,"vm_pu":1.0,"va_deg":14.91}},{"type":"Feature","geometry":{"type":"Point","coordinates":[137.86929,34.73433]},"properties":{"name":"\u5bcc\u58eb\u898b\u753a\u4e8c\u4e01\u76ee\u5909\u96fb\u6240","vn_kv":77.0,"vm_pu":0.9985,"va_deg":14.89}},{"type":"Feature","geometry":{"type":"Point","coordinates":[137.84907,34.73171]},"properties":{"name":"\u898b\u4ed8\u5909\u96fb\u6240","vn_kv":77.0,"vm_pu":0.998,"va_deg":14.88}},{"type":"Feature","geometry":{"type":"Point","coordinates":[137.86992,34.71648]},"properties":{"name":"\u897f\u8c9d\u585a\u5909\u96fb\u6240","vn_kv":77.0,"vm_pu":0.9993,"va_deg":14.92}},{"type":"Feature","geometry":{"type":"Point","coordinates":[137.89814,34.71212]},"properties":{"name":"\u5357\u78d0\u7530\u5909\u96fb\u6240","vn_kv":77.0,"vm_pu":0.9993,"va_deg":14.95}},{"type":"Feature","geometry":{"type":"Point","coordinates":[137.89788,34.72591]},"properties":{"name":"\u65b0\u78d0\u7530\u5909\u96fb\u6240","vn_kv":77.0,"vm_pu":0.9991,"va_deg":14.93}},{"type":"Feature","geometry":{"type":"Point","coordinates":[137.36492,34.7355]},"properties":{"name":"\u738b\u30b1\u5d0e\u5909\u96fb\u6240","vn_kv":77.0,"vm_pu":0.9967,"va_deg":14.05}},{"type":"Feature","geometry":{"type":"Point","coordinates":[137.33457,34.7347]},"properties":{"name":"\u795e\u91ce\u5909\u96fb\u6240","vn_kv":77.0,"vm_pu":0.9954,"va_deg":13.83}},{"type":"Feature","geometry":{"type":"Point","coordinates":[137.36987,34.75392]},"properties":{"name":"\u725f\u5442\u5909\u96fb\u6240","vn_kv":77.0,"vm_pu":0.995,"va_deg":13.86}},{"type":"Feature","geometry":{"type":"Point","coordinates":[137.36945,34.77674]},"properties":{"name":"\u91ce\u7530\u5909\u96fb\u6240","vn_kv":77.0,"vm_pu":0.9924,"va_deg":13.5}},{"type":"Feature","geometry":{"type":"Point","coordinates":[137.78894,34.83528]},"properties":{"name":"\u5ca9\u6c34\u5bfa\u5909\u96fb\u6240","vn_kv":66.0,"vm_pu":1.0,"va_deg":16.08}},{"type":"Feature","geometry":{"type":"Point","coordinates":[137.81355,34.85982]},"properties":{"name":"\u5909\u96fb\u6240","vn_kv":66.0,"vm_pu":1.014,"va_deg":15.44}},{"type":"Feature","geometry":{"type":"Point","coordinates":[137.81107,34.87076]},"properties":{"name":"\u7b39\u5ca1\u958b\u9589\u6240 275kV","vn_kv":275.0,"vm_pu":1.0161,"va_deg":15.58}},{"type":"Feature","geometry":{"type":"Point","coordinates":[137.81107,34.87076]},"properties":{"name":"\u7b39\u5ca1\u958b\u9589\u6240 (untyped)","vn_kv":66.0,"vm_pu":1.0076,"va_deg":14.34}},{"type":"Feature","geometry":{"type":"Point","coordinates":[138.07052,34.66869]},"properties":{"name":"\u5927\u6771\u753a\u5909\u96fb\u6240 77kV","vn_kv":77.0,"vm_pu":1.0,"va_deg":17.63}},{"type":"Feature","geometry":{"type":"Point","coordinates":[138.07052,34.66869]},"properties":{"name":"\u5927\u6771\u753a\u5909\u96fb\u6240 (untyped)","vn_kv":66.0,"vm_pu":0.9913,"va_deg":16.35}},{"type":"Feature","geometry":{"type":"Point","coordinates":[138.00223,34.67804]},"properties":{"name":"\u4e2d\u90e8\u96fb\u529b\u30d1\u30ef\u30fc\u30b0\u30ea\u30c3\u30c9\uff08\u682a\uff09\u5927\u9808\u8cc0\u5909\u96fb\u6240","vn_kv":77.0,"vm_pu":1.0,"va_deg":17.26}},{"type":"Feature","geometry":{"type":"Point","coordinates":[136.09819,34.64649]},"properties":{"name":"\u590f\u79cb\u5909\u96fb\u6240","vn_kv":77.0,"vm_pu":0.9757,"va_deg":15.17}},{"type":"Feature","geometry":{"type":"Point","coordinates":[136.13365,34.66452]},"properties":{"name":"\u7f8e\u65d7\u753a\u4e2d\u4e00\u756a\u5909\u96fb\u6240","vn_kv":66.0,"vm_pu":1.0,"va_deg":0.0}},{"type":"Feature","geometry":{"type":"Point","coordinates":[136.08546,34.61723]},"properties":{"name":"\u702c\u53e4\u53e3\u5909\u96fb\u6240","vn_kv":77.0,"vm_pu":0.9769,"va_deg":15.03}},{"type":"Feature","geometry":{"type":"Point","coordinates":[136.20848,34.68348]},"properties":{"name":"\u4f0a\u8cc0\u5e02\u5909\u96fb\u6240","vn_kv":77.0,"vm_pu":0.984,"va_deg":16.97}},{"type":"Feature","geometry":{"type":"Point","coordinates":[136.47957,34.63693]},"properties":{"name":"\u5b09\u91ce\u4e2d\u5ddd\u65b0\u753a\u4e8c\u4e01\u76ee\u5909\u96fb\u6240","vn_kv":77.0,"vm_pu":0.9663,"va_deg":28.0}},{"type":"Feature","geometry":{"type":"Point","coordinates":[136.31413,34.60819]},"properties":{"name":"\u6d25\u5e02\u5909\u96fb\u6240","vn_kv":77.0,"vm_pu":1.0,"va_deg":20.16}},{"type":"Feature","geometry":{"type":"Point","coordinates":[136.57244,34.88529]},"properties":{"name":"\u795e\u6238\u516d\u4e01\u76ee\u5909\u96fb\u6240","vn_kv":77.0,"vm_pu":0.9948,"va_deg":15.7}},{"type":"Feature","geometry":{"type":"Point","coordinates":[136.51817,35.00848]},"properties":{"name":"\u5927\u5b57\u798f\u6751\u5909\u96fb\u6240","vn_kv":154.0,"vm_pu":0.9989,"va_deg":8.98}},{"type":"Feature","geometry":{"type":"Point","coordinates":[138.02914,34.70457]},"properties":{"name":"\u4e0a\u571f\u65b9\u5de5\u696d\u56e3\u5730\u5909\u96fb\u6240","vn_kv":77.0,"vm_pu":0.9978,"va_deg":16.89}},{"type":"Feature","geometry":{"type":"Point","coordinates":[136.909,36.14033]},"properties":{"name":"\u767d\u5ddd\u6751\u5909\u96fb\u6240 275kV","vn_kv":275.0,"vm_pu":1.0366,"va_deg":13.02}},{"type":"Feature","geometry":{"type":"Point","coordinates":[136.909,36.14033]},"properties":{"name":"\u767d\u5ddd\u6751\u5909\u96fb\u6240 77kV","vn_kv":77.0,"vm_pu":1.0198,"va_deg":10.5}},{"type":"Feature","geometry":{"type":"Point","coordinates":[138.17391,35.96888]},"properties":{"name":"\u8305\u91ce\u5e02\u5909\u96fb\u6240_2","vn_kv":77.0,"vm_pu":1.0,"va_deg":4.15}},{"type":"Feature","geometry":{"type":"Point","coordinates":[138.36978,35.83599]},"properties":{"name":"\u9577\u5742\u5909\u96fb\u6240","vn_kv":66.0,"vm_pu":1.0,"va_deg":0.0}},{"type":"Feature","geometry":{"type":"Point","coordinates":[136.13507,34.64439]},"properties":{"name":"\u4e0a\u5c0f\u6ce2\u7530\u5909\u96fb\u6240","vn_kv":77.0,"vm_pu":0.9779,"va_deg":15.82}},{"type":"Feature","geometry":{"type":"Point","coordinates":[138.04528,34.78915]},"properties":{"name":"\u539f\u5b50\u5909\u96fb\u6240","vn_kv":154.0,"vm_pu":1.0,"va_deg":0.0}},{"type":"Feature","geometry":{"type":"Point","coordinates":[138.04947,34.86322]},"properties":{"name":"\u9759\u5ca1\u5909\u96fb\u6240 500kV","vn_kv":500.0,"vm_pu":1.0318,"va_deg":16.01}},{"type":"Feature","geometry":{"type":"Point","coordinates":[138.04947,34.86322]},"properties":{"name":"\u9759\u5ca1\u5909\u96fb\u6240 275kV","vn_kv":275.0,"vm_pu":1.0223,"va_deg":15.51}},{"type":"Feature","geometry":{"type":"Point","coordinates":[137.79289,36.18144]},"properties":{"name":"\u7adc\u5cf6\u5909\u96fb\u6240","vn_kv":66.0,"vm_pu":1.0,"va_deg":0.0}},{"type":"Feature","geometry":{"type":"Point","coordinates":[137.64571,36.17118]},"properties":{"name":"\u677e\u672c\u5e02\u5909\u96fb\u6240_3","vn_kv":66.0,"vm_pu":1.0,"va_deg":0.0}},{"type":"Feature","geometry":{"type":"Point","coordinates":[136.23168,35.47606]},"properties":{"name":"\u9ad8\u6708\u753a\u5909\u96fb\u6240","vn_kv":77.0,"vm_pu":1.0,"va_deg":10.54}},{"type":"Feature","geometry":{"type":"Point","coordinates":[137.99574,34.76478]},"properties":{"name":"\u9577\u8c37\u4e09\u4e01\u76ee\u5909\u96fb\u6240","vn_kv":66.0,"vm_pu":1.0,"va_deg":0.0}},{"type":"Feature","geometry":{"type":"Point","coordinates":[136.1051,34.62888]},"properties":{"name":"\u540d\u5f35\u5909\u96fb\u6240","vn_kv":77.0,"vm_pu":0.9764,"va_deg":15.31}},{"type":"Feature","geometry":{"type":"Point","coordinates":[137.15391,34.96082]},"properties":{"name":"\u4e2d\u90e8\u96fb\u529b\u516b\u5e16\u5909\u96fb\u6240 77kV","vn_kv":77.0,"vm_pu":0.9883,"va_deg":11.83}},{"type":"Feature","geometry":{"type":"Point","coordinates":[137.15391,34.96082]},"properties":{"name":"\u4e2d\u90e8\u96fb\u529b\u516b\u5e16\u5909\u96fb\u6240 (untyped)","vn_kv":66.0,"vm_pu":0.9796,"va_deg":10.52}},{"type":"Feature","geometry":{"type":"Point","coordinates":[139.04299,36.45076]},"properties":{"name":"\u7530\u53e3\u767a\u96fb\u6240\u5909\u96fb\u8a2d\u5099","vn_kv":66.0,"vm_pu":1.0,"va_deg":0.0}},{"type":"Feature","geometry":{"type":"Point","coordinates":[136.084,34.71456]},"properties":{"name":"\u4e88\u91ce\u5909\u96fb\u6240","vn_kv":77.0,"vm_pu":0.9996,"va_deg":17.11}},{"type":"Feature","geometry":{"type":"Point","coordinates":[136.08983,34.72727]},"properties":{"name":"\u767d\u6a2b\u5909\u96fb\u6240","vn_kv":77.0,"vm_pu":1.0,"va_deg":17.15}},{"type":"Feature","geometry":{"type":"Point","coordinates":[137.86479,36.49995]},"properties":{"name":"\u5927\u753a\u5e02\u5909\u96fb\u6240_3","vn_kv":66.0,"vm_pu":1.0,"va_deg":1.18}},{"type":"Feature","geometry":{"type":"Point","coordinates":[137.86166,36.49167]},"properties":{"name":"\u5927\u753a\u5e02\u5909\u96fb\u6240_4","vn_kv":66.0,"vm_pu":1.0,"va_deg":0.0}},{"type":"Feature","geometry":{"type":"Point","coordinates":[137.82947,36.48055]},"properties":{"name":"\u5927\u753a\u5e02\u5909\u96fb\u6240_5","vn_kv":66.0,"vm_pu":1.0,"va_deg":0.03}},{"type":"Feature","geometry":{"type":"Point","coordinates":[137.86063,36.47118]},"properties":{"name":"\u5927\u753a\u5e02\u5909\u96fb\u6240_6","vn_kv":66.0,"vm_pu":1.0,"va_deg":3.09}},{"type":"Feature","geometry":{"type":"Point","coordinates":[137.84985,36.45923]},"properties":{"name":"\u5927\u753a\u5e02\u5909\u96fb\u6240_7","vn_kv":66.0,"vm_pu":1.0,"va_deg":3.04}},{"type":"Feature","geometry":{"type":"Point","coordinates":[137.84466,36.43341]},"properties":{"name":"\u677e\u5ddd\u6751\u5909\u96fb\u6240","vn_kv":66.0,"vm_pu":1.0,"va_deg":0.0}},{"type":"Feature","geometry":{"type":"Point","coordinates":[137.88816,36.4166]},"properties":{"name":"\u6c60\u7530\u5909\u96fb\u6240","vn_kv":66.0,"vm_pu":1.0,"va_deg":3.31}},{"type":"Feature","geometry":{"type":"Point","coordinates":[136.06803,35.00509]},"properties":{"name":"\u7532\u897f\u5909\u96fb\u6240 154kV","vn_kv":154.0,"vm_pu":1.007,"va_deg":11.92}},{"type":"Feature","geometry":{"type":"Point","coordinates":[136.06803,35.00509]},"properties":{"name":"\u7532\u897f\u5909\u96fb\u6240 66kV","vn_kv":66.0,"vm_pu":0.9986,"va_deg":10.35}},{"type":"Feature","geometry":{"type":"Point","coordinates":[137.88159,36.33879]},"properties":{"name":"\u5b89\u66c7\u91ce\u5e02\u5909\u96fb\u6240_5","vn_kv":77.0,"vm_pu":0.9991,"va_deg":2.09}},{"type":"Feature","geometry":{"type":"Point","coordinates":[136.8638,35.19785]},"properties":{"name":"\u897f\u6787\u6777\u5cf6\u753a\u4e8c\u898b\u5909\u96fb\u6240","vn_kv":77.0,"vm_pu":0.9802,"va_deg":7.89}},{"type":"Feature","geometry":{"type":"Point","coordinates":[136.13435,35.01004]},"properties":{"name":"\u9ad8\u677e\u753a\u5909\u96fb\u6240 154kV","vn_kv":154.0,"vm_pu":1.0108,"va_deg":11.92}},{"type":"Feature","geometry":{"type":"Point","coordinates":[136.13435,35.01004]},"properties":{"name":"\u9ad8\u677e\u753a\u5909\u96fb\u6240 66kV","vn_kv":66.0,"vm_pu":0.9984,"va_deg":10.31}},{"type":"Feature","geometry":{"type":"Point","coordinates":[136.13435,35.01004]},"properties":{"name":"\u9ad8\u677e\u753a\u5909\u96fb\u6240 (untyped)","vn_kv":66.0,"vm_pu":1.0,"va_deg":0.0}},{"type":"Feature","geometry":{"type":"Point","coordinates":[136.13493,35.01031]},"properties":{"name":"\u9ad8\u677e\u753a\u5909\u96fb\u6240_2 154kV","vn_kv":154.0,"vm_pu":1.0108,"va_deg":11.92}},{"type":"Feature","geometry":{"type":"Point","coordinates":[136.13493,35.01031]},"properties":{"name":"\u9ad8\u677e\u753a\u5909\u96fb\u6240_2 66kV","vn_kv":66.0,"vm_pu":0.9984,"va_deg":10.31}},{"type":"Feature","geometry":{"type":"Point","coordinates":[136.13493,35.01031]},"properties":{"name":"\u9ad8\u677e\u753a\u5909\u96fb\u6240_2 (untyped)","vn_kv":66.0,"vm_pu":1.0,"va_deg":0.0}},{"type":"Feature","geometry":{"type":"Point","coordinates":[137.00513,35.07204]},"properties":{"name":"\u4e2d\u90e8\u96fb\u529b\uff08\u682a\uff09\u8c4a\u660e\u5909\u96fb\u6240 154kV","vn_kv":154.0,"vm_pu":0.9909,"va_deg":11.55}},{"type":"Feature","geometry":{"type":"Point","coordinates":[137.00513,35.07204]},"properties":{"name":"\u4e2d\u90e8\u96fb\u529b\uff08\u682a\uff09\u8c4a\u660e\u5909\u96fb\u6240 77kV","vn_kv":77.0,"vm_pu":0.9823,"va_deg":9.97}},{"type":"Feature","geometry":{"type":"Point","coordinates":[136.99423,35.04337]},"properties":{"name":"\u5927\u8107\u5909\u96fb\u6240 154kV","vn_kv":154.0,"vm_pu":0.9906,"va_deg":11.64}},{"type":"Feature","geometry":{"type":"Point","coordinates":[136.99423,35.04337]},"properties":{"name":"\u5927\u8107\u5909\u96fb\u6240 77kV","vn_kv":77.0,"vm_pu":0.9817,"va_deg":9.99}},{"type":"Feature","geometry":{"type":"Point","coordinates":[136.99423,35.04337]},"properties":{"name":"\u5927\u8107\u5909\u96fb\u6240 (untyped)","vn_kv":66.0,"vm_pu":0.9729,"va_deg":8.65}},{"type":"Feature","geometry":{"type":"Point","coordinates":[136.56819,34.85814]},"properties":{"name":"\u9234\u9e7f\u5909\u96fb\u6240 77kV","vn_kv":77.0,"vm_pu":0.9951,"va_deg":15.7}},{"type":"Feature","geometry":{"type":"Point","coordinates":[136.56819,34.85814]},"properties":{"name":"\u9234\u9e7f\u5909\u96fb\u6240 (untyped)","vn_kv":66.0,"vm_pu":0.9864,"va_deg":14.4}},{"type":"Feature","geometry":{"type":"Point","coordinates":[137.09611,34.93104]},"properties":{"name":"\u53e4\u4e95\u753a\u5909\u96fb\u6240","vn_kv":275.0,"vm_pu":1.0023,"va_deg":14.18}},{"type":"Feature","geometry":{"type":"Point","coordinates":[137.35892,34.78733]},"properties":{"name":"\u5ddd\u5d0e\u753a\u5909\u96fb\u6240","vn_kv":77.0,"vm_pu":0.993,"va_deg":13.55}},{"type":"Feature","geometry":{"type":"Point","coordinates":[137.78341,34.70888]},"properties":{"name":"\u98ef\u7530\u753a\u5909\u96fb\u6240_2 77kV","vn_kv":77.0,"vm_pu":0.9984,"va_deg":14.59}},{"type":"Feature","geometry":{"type":"Point","coordinates":[137.78341,34.70888]},"properties":{"name":"\u98ef\u7530\u753a\u5909\u96fb\u6240_2 (untyped)","vn_kv":66.0,"vm_pu":0.9897,"va_deg":13.3}},{"type":"Feature","geometry":{"type":"Point","coordinates":[137.02607,35.03634]},"properties":{"name":"\u4e2d\u90e8\u96fb\u529b\u6771\u5883\u5909\u96fb\u6240","vn_kv":154.0,"vm_pu":0.9908,"va_deg":11.67}},{"type":"Feature","geometry":{"type":"Point","coordinates":[137.22022,34.82702]},"properties":{"name":"\u65ed\u753a\u5909\u96fb\u6240","vn_kv":77.0,"vm_pu":0.9964,"va_deg":13.62}},{"type":"Feature","geometry":{"type":"Point","coordinates":[137.17339,34.86382]},"properties":{"name":"\u6a2a\u843d\u5909\u96fb\u6240 275kV","vn_kv":275.0,"vm_pu":1.0037,"va_deg":14.52}},{"type":"Feature","geometry":{"type":"Point","coordinates":[137.17339,34.86382]},"properties":{"name":"\u6a2a\u843d\u5909\u96fb\u6240 77kV","vn_kv":77.0,"vm_pu":1.0007,"va_deg":13.99}},{"type":"Feature","geometry":{"type":"Point","coordinates":[137.13459,34.79628]},"properties":{"name":"\u897f\u5c3e\u5e02\u5909\u96fb\u6240","vn_kv":275.0,"vm_pu":1.0039,"va_deg":14.51}},{"type":"Feature","geometry":{"type":"Point","coordinates":[137.17054,34.78917]},"properties":{"name":"\u84b2\u90e1\u5e02\u5909\u96fb\u6240","vn_kv":275.0,"vm_pu":1.0038,"va_deg":14.51}},{"type":"Feature","geometry":{"type":"Point","coordinates":[136.40997,34.85455]},"properties":{"name":"\u95a2\u753a\u5c0f\u91ce\u5909\u96fb\u6240 275kV","vn_kv":275.0,"vm_pu":0.9998,"va_deg":11.81}},{"type":"Feature","geometry":{"type":"Point","coordinates":[136.40997,34.85455]},"properties":{"name":"\u95a2\u753a\u5c0f\u91ce\u5909\u96fb\u6240 77kV","vn_kv":77.0,"vm_pu":0.9933,"va_deg":14.54}},{"type":"Feature","geometry":{"type":"Point","coordinates":[137.61501,35.16135]},"properties":{"name":"\u4e0b\u6d25\u5177\u5909\u96fb\u6240","vn_kv":154.0,"vm_pu":1.0,"va_deg":14.19}},{"type":"Feature","geometry":{"type":"Point","coordinates":[139.0471,36.80037]},"properties":{"name":"\u307f\u306a\u304b\u307f\u753a\u5909\u96fb\u6240_2","vn_kv":275.0,"vm_pu":1.0,"va_deg":0.0}},{"type":"Feature","geometry":{"type":"Point","coordinates":[138.91897,36.32991]},"properties":{"name":"\u4e2d\u5bbf\u5909\u96fb\u6240","vn_kv":66.0,"vm_pu":1.0,"va_deg":0.0}},{"type":"Feature","geometry":{"type":"Point","coordinates":[138.80225,36.3067]},"properties":{"name":"\u677e\u4e95\u7530\u5909\u96fb\u6240","vn_kv":66.0,"vm_pu":1.0,"va_deg":0.0}},{"type":"Feature","geometry":{"type":"Point","coordinates":[137.0818,36.69795]},"properties":{"name":"\u65b0\u5bcc\u5c71\u5909\u96fb\u6240 275kV","vn_kv":275.0,"vm_pu":1.0088,"va_deg":15.27}},{"type":"Feature","geometry":{"type":"Point","coordinates":[137.0818,36.69795]},"properties":{"name":"\u65b0\u5bcc\u5c71\u5909\u96fb\u6240 154kV","vn_kv":154.0,"vm_pu":1.0023,"va_deg":13.07}},{"type":"Feature","geometry":{"type":"Point","coordinates":[138.26153,36.69413]},"properties":{"name":"\u9577\u91ce\u5e02\u5909\u96fb\u6240_2","vn_kv":77.0,"vm_pu":0.9984,"va_deg":2.53}},{"type":"Feature","geometry":{"type":"Point","coordinates":[137.41233,36.83639]},"properties":{"name":"\u4ecf\u53c8\u5909\u96fb\u6240","vn_kv":66.0,"vm_pu":1.0,"va_deg":12.51}},{"type":"Feature","geometry":{"type":"Point","coordinates":[137.0795,36.78072]},"properties":{"name":"\u4e09\u65e5\u66fd\u6839\u5909\u96fb\u6240","vn_kv":154.0,"vm_pu":1.0021,"va_deg":13.04}},{"type":"Feature","geometry":{"type":"Point","coordinates":[137.05301,36.77478]},"properties":{"name":"\u4f0f\u6728\u5909\u96fb\u6240 154kV","vn_kv":154.0,"vm_pu":1.0022,"va_deg":13.05}},{"type":"Feature","geometry":{"type":"Point","coordinates":[137.05301,36.77478]},"properties":{"name":"\u4f0f\u6728\u5909\u96fb\u6240 66kV","vn_kv":66.0,"vm_pu":0.9948,"va_deg":10.78}},{"type":"Feature","geometry":{"type":"Point","coordinates":[137.04163,36.77443]},"properties":{"name":"\u4e07\u8449\u7dda\u682a\u5f0f\u4f1a\u793e \u7c73\u5cf6\u5909\u96fb\u6240 154kV","vn_kv":154.0,"vm_pu":1.0023,"va_deg":13.06}},{"type":"Feature","geometry":{"type":"Point","coordinates":[137.04163,36.77443]},"properties":{"name":"\u4e07\u8449\u7dda\u682a\u5f0f\u4f1a\u793e \u7c73\u5cf6\u5909\u96fb\u6240 66kV","vn_kv":66.0,"vm_pu":0.9945,"va_deg":10.74}},{"type":"Feature","geometry":{"type":"Point","coordinates":[137.74245,34.70674]},"properties":{"name":"\u677e\u6c5f\u5909\u96fb\u6240","vn_kv":77.0,"vm_pu":0.9924,"va_deg":14.64}},{"type":"Feature","geometry":{"type":"Point","coordinates":[137.02516,36.74132]},"properties":{"name":"\u5927\u91ce\u5909\u96fb\u6240","vn_kv":66.0,"vm_pu":0.9944,"va_deg":10.55}},{"type":"Feature","geometry":{"type":"Point","coordinates":[137.03332,36.74058]},"properties":{"name":"\u57ce\u6771\u4e8c\u4e01\u76ee\u5909\u96fb\u6240","vn_kv":66.0,"vm_pu":0.9945,"va_deg":10.58}},{"type":"Feature","geometry":{"type":"Point","coordinates":[137.17451,36.72113]},"properties":{"name":"\u5449\u7fbd\u5909\u96fb\u6240 154kV","vn_kv":154.0,"vm_pu":1.0016,"va_deg":13.11}},{"type":"Feature","geometry":{"type":"Point","coordinates":[137.17451,36.72113]},"properties":{"name":"\u5449\u7fbd\u5909\u96fb\u6240 66kV","vn_kv":66.0,"vm_pu":0.997,"va_deg":11.4}},{"type":"Feature","geometry":{"type":"Point","coordinates":[137.23086,36.73766]},"properties":{"name":"\u72ac\u5cf6\u56db\u4e01\u76ee\u5909\u96fb\u6240 154kV","vn_kv":154.0,"vm_pu":1.001,"va_deg":13.16}},{"type":"Feature","geometry":{"type":"Point","coordinates":[137.23086,36.73766]},"properties":{"name":"\u72ac\u5cf6\u56db\u4e01\u76ee\u5909\u96fb\u6240 66kV","vn_kv":66.0,"vm_pu":0.9976,"va_deg":11.46}},{"type":"Feature","geometry":{"type":"Point","coordinates":[137.31952,36.69921]},"properties":{"name":"\u6d66\u7530\u5909\u96fb\u6240 275kV","vn_kv":275.0,"vm_pu":1.0258,"va_deg":13.92}},{"type":"Feature","geometry":{"type":"Point","coordinates":[137.31952,36.69921]},"properties":{"name":"\u6d66\u7530\u5909\u96fb\u6240 (untyped)","vn_kv":66.0,"vm_pu":1.0174,"va_deg":12.7}},{"type":"Feature","geometry":{"type":"Point","coordinates":[138.56013,35.66669]},"properties":{"name":"\u98ef\u7530\u753a\u5909\u96fb\u6240","vn_kv":66.0,"vm_pu":1.0,"va_deg":0.0}},{"type":"Feature","geometry":{"type":"Point","coordinates":[138.55988,35.60608]},"properties":{"name":"\u5800\u4e4b\u5185\u753a\u5909\u96fb\u6240","vn_kv":66.0,"vm_pu":0.9995,"va_deg":-0.44}},{"type":"Feature","geometry":{"type":"Point","coordinates":[138.56139,35.58632]},"properties":{"name":"\u9ad8\u90e8\u5909\u96fb\u6240","vn_kv":66.0,"vm_pu":1.0,"va_deg":-0.39}},{"type":"Feature","geometry":{"type":"Point","coordinates":[138.53303,35.60892]},"properties":{"name":"\u5e38\u6c38\u5909\u96fb\u6240","vn_kv":66.0,"vm_pu":1.0,"va_deg":0.0}},{"type":"Feature","geometry":{"type":"Point","coordinates":[138.54839,35.58903]},"properties":{"name":"\u4e59\u9ed2\u5909\u96fb\u6240","vn_kv":66.0,"vm_pu":1.0,"va_deg":0.0}},{"type":"Feature","geometry":{"type":"Point","coordinates":[136.92814,35.33968]},"properties":{"name":"\u4e2d\u6c96\u5909\u96fb\u6240","vn_kv":77.0,"vm_pu":0.9949,"va_deg":9.05}},{"type":"Feature","geometry":{"type":"Point","coordinates":[136.94089,35.121]},"properties":{"name":"\u745e\u7a42\u5909\u96fb\u6240 77kV","vn_kv":77.0,"vm_pu":0.9881,"va_deg":10.93}},{"type":"Feature","geometry":{"type":"Point","coordinates":[136.94089,35.121]},"properties":{"name":"\u745e\u7a42\u5909\u96fb\u6240 (untyped)","vn_kv":66.0,"vm_pu":0.9793,"va_deg":9.62}},{"type":"Feature","geometry":{"type":"Point","coordinates":[138.11059,35.0904]},"properties":{"name":"\u5ddd\u6839\u672c\u753a\u5909\u96fb\u6240 154kV","vn_kv":154.0,"vm_pu":1.0034,"va_deg":13.82}},{"type":"Feature","geometry":{"type":"Point","coordinates":[138.11059,35.0904]},"properties":{"name":"\u5ddd\u6839\u672c\u753a\u5909\u96fb\u6240 77kV","vn_kv":77.0,"vm_pu":1.0029,"va_deg":13.68}},{"type":"Feature","geometry":{"type":"Point","coordinates":[138.11287,35.09303]},"properties":{"name":"\u5ddd\u6839\u672c\u753a\u5909\u96fb\u6240_2 154kV","vn_kv":154.0,"vm_pu":1.0036,"va_deg":13.84}},{"type":"Feature","geometry":{"type":"Point","coordinates":[138.11287,35.09303]},"properties":{"name":"\u5ddd\u6839\u672c\u753a\u5909\u96fb\u6240_2 (untyped)","vn_kv":66.0,"vm_pu":0.995,"va_deg":12.57}},{"type":"Feature","geometry":{"type":"Point","coordinates":[138.11339,35.09129]},"properties":{"name":"\u9752\u90e8\u5909\u96fb\u6240 154kV","vn_kv":154.0,"vm_pu":1.0034,"va_deg":13.82}},{"type":"Feature","geometry":{"type":"Point","coordinates":[138.11339,35.09129]},"properties":{"name":"\u9752\u90e8\u5909\u96fb\u6240 77kV","vn_kv":77.0,"vm_pu":1.0027,"va_deg":13.67}},{"type":"Feature","geometry":{"type":"Point","coordinates":[138.11339,35.09129]},"properties":{"name":"\u9752\u90e8\u5909\u96fb\u6240 (untyped)","vn_kv":66.0,"vm_pu":0.9941,"va_deg":12.4}},{"type":"Feature","geometry":{"type":"Point","coordinates":[137.04524,35.29737]},"properties":{"name":"\u5efb\u9593\u753a\u5909\u96fb\u6240 275kV","vn_kv":275.0,"vm_pu":1.0126,"va_deg":12.89}},{"type":"Feature","geometry":{"type":"Point","coordinates":[137.04524,35.29737]},"properties":{"name":"\u5efb\u9593\u753a\u5909\u96fb\u6240 154kV","vn_kv":154.0,"vm_pu":1.0009,"va_deg":10.35}},{"type":"Feature","geometry":{"type":"Point","coordinates":[137.21228,36.5673]},"properties":{"name":"\u5317\u7b39\u6d25\u5909\u96fb\u6240 154kV","vn_kv":154.0,"vm_pu":1.0016,"va_deg":13.16}},{"type":"Feature","geometry":{"type":"Point","coordinates":[137.21228,36.5673]},"properties":{"name":"\u5317\u7b39\u6d25\u5909\u96fb\u6240 66kV","vn_kv":66.0,"vm_pu":0.9956,"va_deg":11.43}},{"type":"Feature","geometry":{"type":"Point","coordinates":[138.14315,35.16716]},"properties":{"name":"\u5ddd\u6839\u672c\u753a\u5909\u96fb\u6240_3","vn_kv":154.0,"vm_pu":1.0,"va_deg":13.71}},{"type":"Feature","geometry":{"type":"Point","coordinates":[136.87164,36.67892]},"properties":{"name":"\u65b0\u5bcc\u753a\u5909\u96fb\u6240","vn_kv":66.0,"vm_pu":0.9984,"va_deg":9.99}},{"type":"Feature","geometry":{"type":"Point","coordinates":[137.25709,36.71773]},"properties":{"name":"\u9db4\u30f6\u4e18\u753a\u5909\u96fb\u6240","vn_kv":66.0,"vm_pu":0.9976,"va_deg":11.41}},{"type":"Feature","geometry":{"type":"Point","coordinates":[138.13197,36.54063]},"properties":{"name":"\u65b0\u5c4b\u4ee3\u88dc\u52a9\u304d\u96fb\u533a\u5206\u6240","vn_kv":77.0,"vm_pu":1.0,"va_deg":0.0}},{"type":"Feature","geometry":{"type":"Point","coordinates":[137.0758,36.74598]},"properties":{"name":"\u585a\u539f\u5909\u96fb\u6240 154kV","vn_kv":154.0,"vm_pu":1.0019,"va_deg":13.04}},{"type":"Feature","geometry":{"type":"Point","coordinates":[137.0758,36.74598]},"properties":{"name":"\u585a\u539f\u5909\u96fb\u6240 66kV","vn_kv":66.0,"vm_pu":0.9954,"va_deg":10.92}},{"type":"Feature","geometry":{"type":"Point","coordinates":[137.07384,34.82171]},"properties":{"name":"\u5409\u826f\u753a\u4e2d\u91ce\u5909\u96fb\u6240_2","vn_kv":275.0,"vm_pu":1.002,"va_deg":15.77}},{"type":"Feature","geometry":{"type":"Point","coordinates":[139.15771,35.27754]},"properties":{"name":"\u6247\u753a\u4e94\u4e01\u76ee\u5909\u96fb\u6240 77kV","vn_kv":77.0,"vm_pu":0.9647,"va_deg":-3.39}},{"type":"Feature","geometry":{"type":"Point","coordinates":[139.15771,35.27754]},"properties":{"name":"\u6247\u753a\u4e94\u4e01\u76ee\u5909\u96fb\u6240 66kV","vn_kv":66.0,"vm_pu":0.9557,"va_deg":-4.77}},{"type":"Feature","geometry":{"type":"Point","coordinates":[139.15771,35.27754]},"properties":{"name":"\u6247\u753a\u4e94\u4e01\u76ee\u5909\u96fb\u6240 (untyped)","vn_kv":66.0,"vm_pu":1.0,"va_deg":0.0}},{"type":"Feature","geometry":{"type":"Point","coordinates":[139.1924,35.37201]},"properties":{"name":"\u6e0b\u6ca2\u4e8c\u4e01\u76ee\u5909\u96fb\u6240","vn_kv":66.0,"vm_pu":1.0,"va_deg":0.0}},{"type":"Feature","geometry":{"type":"Point","coordinates":[137.07851,34.79364]},"properties":{"name":"\u5409\u826f\u753a\u5bcc\u597d\u65b0\u7530\u5909\u96fb\u6240","vn_kv":66.0,"vm_pu":1.0,"va_deg":0.0}},{"type":"Feature","geometry":{"type":"Point","coordinates":[137.56244,36.94477]},"properties":{"name":"\u9053\u4e0b\u5909\u96fb\u6240","vn_kv":66.0,"vm_pu":1.0,"va_deg":14.5}},{"type":"Feature","geometry":{"type":"Point","coordinates":[136.6955,35.46214]},"properties":{"name":"\u5317\u91ce\u5909\u96fb\u6240","vn_kv":154.0,"vm_pu":1.0053,"va_deg":10.43}},{"type":"Feature","geometry":{"type":"Point","coordinates":[136.75768,35.45343]},"properties":{"name":"\u4e0b\u571f\u5c45\u4e8c\u4e01\u76ee\u5909\u96fb\u6240","vn_kv":275.0,"vm_pu":1.0136,"va_deg":10.61}},{"type":"Feature","geometry":{"type":"Point","coordinates":[136.66941,35.45511]},"properties":{"name":"\u4e09\u6a4b\u4e00\u4e01\u76ee\u5909\u96fb\u6240 275kV","vn_kv":275.0,"vm_pu":1.0143,"va_deg":11.05}},{"type":"Feature","geometry":{"type":"Point","coordinates":[136.66941,35.45511]},"properties":{"name":"\u4e09\u6a4b\u4e00\u4e01\u76ee\u5909\u96fb\u6240 154kV","vn_kv":154.0,"vm_pu":1.0075,"va_deg":10.38}},{"type":"Feature","geometry":{"type":"Point","coordinates":[136.66941,35.45511]},"properties":{"name":"\u4e09\u6a4b\u4e00\u4e01\u76ee\u5909\u96fb\u6240 77kV","vn_kv":77.0,"vm_pu":0.9976,"va_deg":9.04}},{"type":"Feature","geometry":{"type":"Point","coordinates":[136.67887,35.46359]},"properties":{"name":"\u4e0a\u4fdd\u5909\u96fb\u6240 275kV","vn_kv":275.0,"vm_pu":1.0144,"va_deg":11.04}},{"type":"Feature","geometry":{"type":"Point","coordinates":[136.67887,35.46359]},"properties":{"name":"\u4e0a\u4fdd\u5909\u96fb\u6240 77kV","vn_kv":77.0,"vm_pu":0.9987,"va_deg":9.11}},{"type":"Feature","geometry":{"type":"Point","coordinates":[136.69056,35.45587]},"properties":{"name":"\u77f3\u539f\u5909\u96fb\u6240","vn_kv":154.0,"vm_pu":1.0052,"va_deg":10.42}},{"type":"Feature","geometry":{"type":"Point","coordinates":[136.76625,35.45131]},"properties":{"name":"\u5317\u753a\u5909\u96fb\u6240 275kV","vn_kv":275.0,"vm_pu":1.0136,"va_deg":10.61}},{"type":"Feature","geometry":{"type":"Point","coordinates":[136.76625,35.45131]},"properties":{"name":"\u5317\u753a\u5909\u96fb\u6240 77kV","vn_kv":77.0,"vm_pu":1.01,"va_deg":10.28}},{"type":"Feature","geometry":{"type":"Point","coordinates":[137.53594,36.89642]},"properties":{"name":"\u4e0b\u5c71\u5909\u96fb\u6240","vn_kv":66.0,"vm_pu":1.0,"va_deg":13.8}},{"type":"Feature","geometry":{"type":"Point","coordinates":[137.50415,36.94333]},"properties":{"name":"\u541b\u5cf6\u5909\u96fb\u6240","vn_kv":66.0,"vm_pu":0.9984,"va_deg":13.67}},{"type":"Feature","geometry":{"type":"Point","coordinates":[136.22702,35.10659]},"properties":{"name":"\u6771\u516b\u65e5\u5e02\u5909\u96fb\u6240","vn_kv":77.0,"vm_pu":0.9887,"va_deg":9.75}},{"type":"Feature","geometry":{"type":"Point","coordinates":[136.88788,35.18372]},"properties":{"name":"\u65b0\u9053\u4e00\u4e01\u76ee\u5909\u96fb\u6240","vn_kv":66.0,"vm_pu":1.0,"va_deg":0.0}},{"type":"Feature","geometry":{"type":"Point","coordinates":[136.74184,35.50924]},"properties":{"name":"\u5c71\u770c\u5e02\u5909\u96fb\u6240_2","vn_kv":154.0,"vm_pu":1.0047,"va_deg":10.42}},{"type":"Feature","geometry":{"type":"Point","coordinates":[138.24742,34.8177]},"properties":{"name":"\u5584\u5de6\u885b\u9580\u4e09\u4e01\u76ee\u5909\u96fb\u6240 154kV","vn_kv":154.0,"vm_pu":1.0013,"va_deg":16.1}},{"type":"Feature","geometry":{"type":"Point","coordinates":[138.24742,34.8177]},"properties":{"name":"\u5584\u5de6\u885b\u9580\u4e09\u4e01\u76ee\u5909\u96fb\u6240 (untyped)","vn_kv":66.0,"vm_pu":0.9927,"va_deg":14.82}},{"type":"Feature","geometry":{"type":"Point","coordinates":[137.50093,36.86254]},"properties":{"name":"\u5b87\u5948\u6708\u753a\u6803\u5c4b\u5909\u96fb\u6240","vn_kv":66.0,"vm_pu":1.0,"va_deg":12.42}},{"type":"Feature","geometry":{"type":"Point","coordinates":[137.46762,36.86148]},"properties":{"name":"\u5bae\u6ca2\u5909\u96fb\u6240","vn_kv":154.0,"vm_pu":1.0008,"va_deg":13.19}},{"type":"Feature","geometry":{"type":"Point","coordinates":[137.50672,36.88231]},"properties":{"name":"\u9ed2\u90e8\u5e02\u5909\u96fb\u6240","vn_kv":154.0,"vm_pu":1.0014,"va_deg":13.17}},{"type":"Feature","geometry":{"type":"Point","coordinates":[136.75856,35.44153]},"properties":{"name":"\u6804\u65b0\u753a\u4e09\u4e01\u76ee\u5909\u96fb\u6240","vn_kv":66.0,"vm_pu":1.0,"va_deg":0.0}},{"type":"Feature","geometry":{"type":"Point","coordinates":[137.63269,36.97832]},"properties":{"name":"\u5883\u5909\u96fb\u6240","vn_kv":66.0,"vm_pu":0.9945,"va_deg":15.24}},{"type":"Feature","geometry":{"type":"Point","coordinates":[137.63483,36.97757]},"properties":{"name":"\u671d\u65e5\u753a\u5909\u96fb\u6240","vn_kv":66.0,"vm_pu":0.9946,"va_deg":15.26}},{"type":"Feature","geometry":{"type":"Point","coordinates":[137.63523,36.97645]},"properties":{"name":"\u671d\u65e5\u753a\u5909\u96fb\u6240_2","vn_kv":66.0,"vm_pu":0.9947,"va_deg":15.26}},{"type":"Feature","geometry":{"type":"Point","coordinates":[138.14823,34.81929]},"properties":{"name":"\u91d1\u8c37\u5929\u738b\u753a\u5909\u96fb\u6240 500kV","vn_kv":500.0,"vm_pu":1.0298,"va_deg":16.08}},{"type":"Feature","geometry":{"type":"Point","coordinates":[138.14823,34.81929]},"properties":{"name":"\u91d1\u8c37\u5929\u738b\u753a\u5909\u96fb\u6240 77kV","vn_kv":77.0,"vm_pu":1.0261,"va_deg":15.66}},{"type":"Feature","geometry":{"type":"Point","coordinates":[136.55576,35.47933]},"properties":{"name":"\u5c0f\u5cf6\u5909\u96fb\u6240","vn_kv":77.0,"vm_pu":0.9988,"va_deg":8.75}},{"type":"Feature","geometry":{"type":"Point","coordinates":[136.59919,36.51823]},"properties":{"name":"\u592a\u5e73\u5bfa\u4e8c\u4e01\u76ee\u5909\u96fb\u6240","vn_kv":77.0,"vm_pu":0.9808,"va_deg":9.65}},{"type":"Feature","geometry":{"type":"Point","coordinates":[137.59171,36.80271]},"properties":{"name":"\u9ed2\u90e8\u5e02\u5909\u96fb\u6240_2","vn_kv":154.0,"vm_pu":1.0012,"va_deg":13.24}},{"type":"Feature","geometry":{"type":"Point","coordinates":[136.29301,34.71281]},"properties":{"name":"\u767d\u5c71\u753a\u57a3\u5185\u5909\u96fb\u6240 77kV","vn_kv":77.0,"vm_pu":0.9733,"va_deg":17.03}},{"type":"Feature","geometry":{"type":"Point","coordinates":[136.29301,34.71281]},"properties":{"name":"\u767d\u5c71\u753a\u57a3\u5185\u5909\u96fb\u6240 66kV","vn_kv":66.0,"vm_pu":0.9649,"va_deg":15.68}},{"type":"Feature","geometry":{"type":"Point","coordinates":[136.32355,34.73694]},"properties":{"name":"\u6d25\u5e02\u5909\u96fb\u6240_2","vn_kv":77.0,"vm_pu":0.9731,"va_deg":17.82}},{"type":"Feature","geometry":{"type":"Point","coordinates":[138.35705,36.35694]},"properties":{"name":"\u978d\u639b\u5909\u96fb\u6240","vn_kv":77.0,"vm_pu":0.9853,"va_deg":1.4}},{"type":"Feature","geometry":{"type":"Point","coordinates":[138.29949,36.37143]},"properties":{"name":"\u5927\u5c4b\u5909\u96fb\u6240 77kV","vn_kv":77.0,"vm_pu":0.9966,"va_deg":3.38}},{"type":"Feature","geometry":{"type":"Point","coordinates":[138.29949,36.37143]},"properties":{"name":"\u5927\u5c4b\u5909\u96fb\u6240 (untyped)","vn_kv":77.0,"vm_pu":1.0,"va_deg":0.0}},{"type":"Feature","geometry":{"type":"Point","coordinates":[137.13795,34.9621]},"properties":{"name":"\u77e2\u4f5c\u753a\u5909\u96fb\u6240 154kV","vn_kv":154.0,"vm_pu":0.9902,"va_deg":11.74}},{"type":"Feature","geometry":{"type":"Point","coordinates":[137.13795,34.9621]},"properties":{"name":"\u77e2\u4f5c\u753a\u5909\u96fb\u6240 77kV","vn_kv":77.0,"vm_pu":0.987,"va_deg":11.44}},{"type":"Feature","geometry":{"type":"Point","coordinates":[138.59103,35.18465]},"properties":{"name":"\u4e2d\u91ce\u53f0\u4e8c\u4e01\u76ee\u5909\u96fb\u6240","vn_kv":77.0,"vm_pu":0.9846,"va_deg":7.92}},{"type":"Feature","geometry":{"type":"Point","coordinates":[138.61071,35.13428]},"properties":{"name":"\u5bcc\u58eb\u5e02\u5909\u96fb\u6240 154kV","vn_kv":154.0,"vm_pu":0.9957,"va_deg":10.59}},{"type":"Feature","geometry":{"type":"Point","coordinates":[138.61071,35.13428]},"properties":{"name":"\u5bcc\u58eb\u5e02\u5909\u96fb\u6240 77kV","vn_kv":77.0,"vm_pu":0.989,"va_deg":8.3}},{"type":"Feature","geometry":{"type":"Point","coordinates":[137.88641,34.95329]},"properties":{"name":"\u6625\u91ce\u753a\u9818\u5bb6\u5909\u96fb\u6240","vn_kv":154.0,"vm_pu":1.0,"va_deg":14.53}},{"type":"Feature","geometry":{"type":"Point","coordinates":[137.36499,36.56311]},"properties":{"name":"\u6c34\u9808\u5909\u96fb\u6240 154kV","vn_kv":154.0,"vm_pu":1.0,"va_deg":13.85}},{"type":"Feature","geometry":{"type":"Point","coordinates":[137.36499,36.56311]},"properties":{"name":"\u6c34\u9808\u5909\u96fb\u6240 66kV","vn_kv":66.0,"vm_pu":0.9976,"va_deg":13.21}},{"type":"Feature","geometry":{"type":"Point","coordinates":[137.36499,36.56311]},"properties":{"name":"\u6c34\u9808\u5909\u96fb\u6240 (untyped)","vn_kv":66.0,"vm_pu":1.0,"va_deg":0.0}},{"type":"Feature","geometry":{"type":"Point","coordinates":[138.09768,36.1064]},"properties":{"name":"\u8acf\u8a2a\u5909\u96fb\u6240 154kV","vn_kv":154.0,"vm_pu":0.999,"va_deg":7.45}},{"type":"Feature","geometry":{"type":"Point","coordinates":[138.09768,36.1064]},"properties":{"name":"\u8acf\u8a2a\u5909\u96fb\u6240 77kV","vn_kv":77.0,"vm_pu":0.997,"va_deg":5.34}},{"type":"Feature","geometry":{"type":"Point","coordinates":[137.80628,35.0908]},"properties":{"name":"\u5929\u7adc\u533a\u5909\u96fb\u6240 275kV","vn_kv":275.0,"vm_pu":1.0079,"va_deg":14.32}},{"type":"Feature","geometry":{"type":"Point","coordinates":[137.80628,35.0908]},"properties":{"name":"\u5929\u7adc\u533a\u5909\u96fb\u6240 154kV","vn_kv":154.0,"vm_pu":1.0046,"va_deg":13.82}},{"type":"Feature","geometry":{"type":"Point","coordinates":[137.78969,35.13326]},"properties":{"name":"\u8c4a\u6839\u6751\u5909\u96fb\u6240 275kV","vn_kv":275.0,"vm_pu":1.0092,"va_deg":14.39}},{"type":"Feature","geometry":{"type":"Point","coordinates":[137.78969,35.13326]},"properties":{"name":"\u8c4a\u6839\u6751\u5909\u96fb\u6240 154kV","vn_kv":154.0,"vm_pu":1.0041,"va_deg":13.77}},{"type":"Feature","geometry":{"type":"Point","coordinates":[136.35626,34.86718]},"properties":{"name":"\u95a2\u753a\u6c93\u639b\u5909\u96fb\u6240 275kV","vn_kv":275.0,"vm_pu":1.0061,"va_deg":8.49}},{"type":"Feature","geometry":{"type":"Point","coordinates":[136.35626,34.86718]},"properties":{"name":"\u95a2\u753a\u6c93\u639b\u5909\u96fb\u6240 154kV","vn_kv":154.0,"vm_pu":0.9939,"va_deg":8.72}},{"type":"Feature","geometry":{"type":"Point","coordinates":[136.40851,34.87808]},"properties":{"name":"\u4e80\u5c71\u5e02\u5909\u96fb\u6240","vn_kv":275.0,"vm_pu":0.9998,"va_deg":11.81}},{"type":"Feature","geometry":{"type":"Point","coordinates":[136.17452,35.80942]},"properties":{"name":"\u5965\u91ce\u3005\u5909\u96fb\u6240 275kV","vn_kv":275.0,"vm_pu":1.0378,"va_deg":16.54}},{"type":"Feature","geometry":{"type":"Point","coordinates":[136.17452,35.80942]},"properties":{"name":"\u5965\u91ce\u3005\u5909\u96fb\u6240 154kV","vn_kv":154.0,"vm_pu":1.0075,"va_deg":20.67}},{"type":"Feature","geometry":{"type":"Point","coordinates":[138.51166,35.00273]},"properties":{"name":"\u6e05\u6c34\u533a\u5909\u96fb\u6240","vn_kv":77.0,"vm_pu":0.9972,"va_deg":8.83}},{"type":"Feature","geometry":{"type":"Point","coordinates":[138.21944,35.20861]},"properties":{"name":"\u8475\u533a\u5909\u96fb\u6240 154kV","vn_kv":154.0,"vm_pu":1.0004,"va_deg":13.5}},{"type":"Feature","geometry":{"type":"Point","coordinates":[138.21944,35.20861]},"properties":{"name":"\u8475\u533a\u5909\u96fb\u6240 (untyped)","vn_kv":66.0,"vm_pu":0.9917,"va_deg":12.21}},{"type":"Feature","geometry":{"type":"Point","coordinates":[138.37994,35.08054]},"properties":{"name":"\u8475\u533a\u5909\u96fb\u6240_2","vn_kv":275.0,"vm_pu":1.0205,"va_deg":15.07}},{"type":"Feature","geometry":{"type":"Point","coordinates":[138.62109,35.13232]},"properties":{"name":"\u5bcc\u58eb\u5e02\u5909\u96fb\u6240_2 154kV","vn_kv":154.0,"vm_pu":0.9956,"va_deg":10.57}},{"type":"Feature","geometry":{"type":"Point","coordinates":[138.62109,35.13232]},"properties":{"name":"\u5bcc\u58eb\u5e02\u5909\u96fb\u6240_2 77kV","vn_kv":77.0,"vm_pu":0.9878,"va_deg":8.25}},{"type":"Feature","geometry":{"type":"Point","coordinates":[138.62109,35.13232]},"properties":{"name":"\u5bcc\u58eb\u5e02\u5909\u96fb\u6240_2 (untyped)","vn_kv":66.0,"vm_pu":0.9791,"va_deg":6.94}},{"type":"Feature","geometry":{"type":"Point","coordinates":[138.52261,35.05912]},"properties":{"name":"\u6e05\u6c34\u533a\u5909\u96fb\u6240_2","vn_kv":77.0,"vm_pu":0.9937,"va_deg":9.01}},{"type":"Feature","geometry":{"type":"Point","coordinates":[138.36167,34.97847]},"properties":{"name":"\u7530\u753a\u4e00\u4e01\u76ee\u5909\u96fb\u6240","vn_kv":110.0,"vm_pu":1.0025,"va_deg":11.61}},{"type":"Feature","geometry":{"type":"Point","coordinates":[138.61395,35.12237]},"properties":{"name":"\u84b2\u539f\u4e00\u4e01\u76ee\u5909\u96fb\u6240 154kV","vn_kv":154.0,"vm_pu":0.9957,"va_deg":10.57}},{"type":"Feature","geometry":{"type":"Point","coordinates":[138.61395,35.12237]},"properties":{"name":"\u84b2\u539f\u4e00\u4e01\u76ee\u5909\u96fb\u6240 77kV","vn_kv":77.0,"vm_pu":0.9881,"va_deg":8.25}},{"type":"Feature","geometry":{"type":"Point","coordinates":[138.61395,35.12237]},"properties":{"name":"\u84b2\u539f\u4e00\u4e01\u76ee\u5909\u96fb\u6240 (untyped)","vn_kv":66.0,"vm_pu":0.9794,"va_deg":6.94}},{"type":"Feature","geometry":{"type":"Point","coordinates":[136.48977,34.88862]},"properties":{"name":"\u80fd\u8912\u91ce\u753a\u5909\u96fb\u6240","vn_kv":154.0,"vm_pu":1.0,"va_deg":12.51}},{"type":"Feature","geometry":{"type":"Point","coordinates":[136.40966,34.86237]},"properties":{"name":"\u95a2\u753a\u4f1a\u4e0b\u5909\u96fb\u6240 275kV","vn_kv":275.0,"vm_pu":0.9998,"va_deg":11.82}},{"type":"Feature","geometry":{"type":"Point","coordinates":[136.40966,34.86237]},"properties":{"name":"\u95a2\u753a\u4f1a\u4e0b\u5909\u96fb\u6240 77kV","vn_kv":77.0,"vm_pu":0.9929,"va_deg":14.47}},{"type":"Feature","geometry":{"type":"Point","coordinates":[138.51008,35.23888]},"properties":{"name":"\u5bcc\u58eb\u5ddd\u7b2c\u4e00\u5909\u96fb\u6240 77kV","vn_kv":77.0,"vm_pu":0.9982,"va_deg":5.69}},{"type":"Feature","geometry":{"type":"Point","coordinates":[138.51008,35.23888]},"properties":{"name":"\u5bcc\u58eb\u5ddd\u7b2c\u4e00\u5909\u96fb\u6240 (untyped)","vn_kv":66.0,"vm_pu":0.9895,"va_deg":4.4}},{"type":"Feature","geometry":{"type":"Point","coordinates":[138.61266,35.12629]},"properties":{"name":"\u84b2\u539f\u4e00\u4e01\u76ee\u5909\u96fb\u6240_2 154kV","vn_kv":154.0,"vm_pu":0.9957,"va_deg":10.57}},{"type":"Feature","geometry":{"type":"Point","coordinates":[138.61266,35.12629]},"properties":{"name":"\u84b2\u539f\u4e00\u4e01\u76ee\u5909\u96fb\u6240_2 77kV","vn_kv":77.0,"vm_pu":0.9884,"va_deg":8.25}},{"type":"Feature","geometry":{"type":"Point","coordinates":[138.61266,35.12629]},"properties":{"name":"\u84b2\u539f\u4e00\u4e01\u76ee\u5909\u96fb\u6240_2 (untyped)","vn_kv":66.0,"vm_pu":0.9796,"va_deg":6.94}},{"type":"Feature","geometry":{"type":"Point","coordinates":[138.84981,36.29587]},"properties":{"name":"\u78ef\u90e8\u4e8c\u4e01\u76ee\u5909\u96fb\u6240","vn_kv":66.0,"vm_pu":1.0,"va_deg":0.0}},{"type":"Feature","geometry":{"type":"Point","coordinates":[136.62499,34.93987]},"properties":{"name":"\u5bae\u6771\u753a\u4e00\u4e01\u76ee\u5909\u96fb\u6240","vn_kv":154.0,"vm_pu":0.9989,"va_deg":9.8}},{"type":"Feature","geometry":{"type":"Point","coordinates":[136.64411,34.97848]},"properties":{"name":"\u5927\u5354\u753a\u4e8c\u4e01\u76ee\u5909\u96fb\u6240 154kV","vn_kv":154.0,"vm_pu":1.0,"va_deg":8.95}},{"type":"Feature","geometry":{"type":"Point","coordinates":[136.64411,34.97848]},"properties":{"name":"\u5927\u5354\u753a\u4e8c\u4e01\u76ee\u5909\u96fb\u6240 77kV","vn_kv":77.0,"vm_pu":0.9919,"va_deg":3.14}},{"type":"Feature","geometry":{"type":"Point","coordinates":[136.64513,34.97612]},"properties":{"name":"\u5927\u5354\u753a\u4e8c\u4e01\u76ee\u5909\u96fb\u6240_2","vn_kv":154.0,"vm_pu":1.0,"va_deg":8.96}},{"type":"Feature","geometry":{"type":"Point","coordinates":[136.95685,34.89196]},"properties":{"name":"\u897f\u5104\u7530\u753a\u5909\u96fb\u6240 154kV","vn_kv":154.0,"vm_pu":0.9993,"va_deg":13.9}},{"type":"Feature","geometry":{"type":"Point","coordinates":[136.95685,34.89196]},"properties":{"name":"\u897f\u5104\u7530\u753a\u5909\u96fb\u6240 (untyped)","vn_kv":66.0,"vm_pu":0.9906,"va_deg":12.61}},{"type":"Feature","geometry":{"type":"Point","coordinates":[138.90382,35.15111]},"properties":{"name":"\u685c\u5824\u4e00\u4e01\u76ee\u5909\u96fb\u6240","vn_kv":77.0,"vm_pu":0.9552,"va_deg":-4.32}},{"type":"Feature","geometry":{"type":"Point","coordinates":[137.10031,35.0112]},"properties":{"name":"\u5409\u539f\u753a\u5909\u96fb\u6240","vn_kv":77.0,"vm_pu":0.9626,"va_deg":8.06}},{"type":"Feature","geometry":{"type":"Point","coordinates":[137.14839,34.92488]},"properties":{"name":"\u516d\u30c3\u7f8e\u5909\u96fb\u6240","vn_kv":77.0,"vm_pu":0.9902,"va_deg":12.33}},{"type":"Feature","geometry":{"type":"Point","coordinates":[138.27896,36.38823]},"properties":{"name":"\u56fd\u5206\u5909\u96fb\u6240","vn_kv":77.0,"vm_pu":0.9965,"va_deg":3.57}},{"type":"Feature","geometry":{"type":"Point","coordinates":[137.20607,36.56838]},"properties":{"name":"\u897f\u5927\u6ca2\u5909\u96fb\u6240 154kV","vn_kv":154.0,"vm_pu":1.0017,"va_deg":13.15}},{"type":"Feature","geometry":{"type":"Point","coordinates":[137.20607,36.56838]},"properties":{"name":"\u897f\u5927\u6ca2\u5909\u96fb\u6240 66kV","vn_kv":66.0,"vm_pu":0.9959,"va_deg":11.4}},{"type":"Feature","geometry":{"type":"Point","coordinates":[137.2021,36.57849]},"properties":{"name":"\u9ad8\u5185\u5909\u96fb\u6240","vn_kv":66.0,"vm_pu":0.9962,"va_deg":11.36}},{"type":"Feature","geometry":{"type":"Point","coordinates":[137.20228,36.5753]},"properties":{"name":"\u9ad8\u5185\u5909\u96fb\u6240_2","vn_kv":66.0,"vm_pu":0.996,"va_deg":11.37}},{"type":"Feature","geometry":{"type":"Point","coordinates":[138.18628,36.46732]},"properties":{"name":"\u5742\u57ce\u5909\u96fb\u6240","vn_kv":77.0,"vm_pu":1.0,"va_deg":5.17}},{"type":"Feature","geometry":{"type":"Point","coordinates":[138.23535,36.38718]},"properties":{"name":"\u5fa1\u6240\u5909\u96fb\u6240","vn_kv":77.0,"vm_pu":1.0,"va_deg":4.64}},{"type":"Feature","geometry":{"type":"Point","coordinates":[137.98849,35.97497]},"properties":{"name":"\u8fb0\u91ce\u753a\u5909\u96fb\u6240","vn_kv":77.0,"vm_pu":0.9976,"va_deg":5.27}},{"type":"Feature","geometry":{"type":"Point","coordinates":[137.99696,35.83178]},"properties":{"name":"\u4e0b\u5ddd\u624b\u5909\u96fb\u6240","vn_kv":77.0,"vm_pu":1.0,"va_deg":7.71}},{"type":"Feature","geometry":{"type":"Point","coordinates":[136.58371,35.05523]},"properties":{"name":"\u9577\u6df1\u5909\u96fb\u6240 275kV","vn_kv":275.0,"vm_pu":0.9999,"va_deg":6.15}},{"type":"Feature","geometry":{"type":"Point","coordinates":[136.58371,35.05523]},"properties":{"name":"\u9577\u6df1\u5909\u96fb\u6240 154kV","vn_kv":154.0,"vm_pu":0.9958,"va_deg":8.6}},{"type":"Feature","geometry":{"type":"Point","coordinates":[136.58371,35.05523]},"properties":{"name":"\u9577\u6df1\u5909\u96fb\u6240 77kV","vn_kv":77.0,"vm_pu":0.9847,"va_deg":7.05}},{"type":"Feature","geometry":{"type":"Point","coordinates":[136.58371,35.05523]},"properties":{"name":"\u9577\u6df1\u5909\u96fb\u6240 (untyped)","vn_kv":66.0,"vm_pu":0.9759,"va_deg":5.73}},{"type":"Feature","geometry":{"type":"Point","coordinates":[138.67854,35.1682]},"properties":{"name":"\u6d45\u9593\u4e0a\u753a\u5909\u96fb\u6240","vn_kv":66.0,"vm_pu":1.0,"va_deg":0.0}},{"type":"Feature","geometry":{"type":"Point","coordinates":[136.8341,35.53979]},"properties":{"name":"\u6b66\u82b8\u5ddd\u5909\u96fb\u6240","vn_kv":154.0,"vm_pu":1.0057,"va_deg":10.62}},{"type":"Feature","geometry":{"type":"Point","coordinates":[136.26954,35.23179]},"properties":{"name":"\u9ad8\u5bae\u5909\u96fb\u6240 154kV","vn_kv":154.0,"vm_pu":1.0019,"va_deg":11.81}},{"type":"Feature","geometry":{"type":"Point","coordinates":[136.26954,35.23179]},"properties":{"name":"\u9ad8\u5bae\u5909\u96fb\u6240 77kV","vn_kv":77.0,"vm_pu":1.0027,"va_deg":11.7}},{"type":"Feature","geometry":{"type":"Point","coordinates":[136.26954,35.23179]},"properties":{"name":"\u9ad8\u5bae\u5909\u96fb\u6240 (untyped)","vn_kv":66.0,"vm_pu":0.994,"va_deg":10.42}},{"type":"Feature","geometry":{"type":"Point","coordinates":[137.12657,36.76518]},"properties":{"name":"\u5c04\u6c34\u5e02\u5909\u96fb\u6240 275kV","vn_kv":275.0,"vm_pu":1.0,"va_deg":15.73}},{"type":"Feature","geometry":{"type":"Point","coordinates":[137.12657,36.76518]},"properties":{"name":"\u5c04\u6c34\u5e02\u5909\u96fb\u6240 154kV","vn_kv":154.0,"vm_pu":1.0017,"va_deg":13.1}},{"type":"Feature","geometry":{"type":"Point","coordinates":[137.21414,36.75583]},"properties":{"name":"\u8349\u5cf6\u5909\u96fb\u6240","vn_kv":154.0,"vm_pu":1.0003,"va_deg":13.15}},{"type":"Feature","geometry":{"type":"Point","coordinates":[137.21141,36.72101]},"properties":{"name":"\u6728\u5834\u753a\u5909\u96fb\u6240","vn_kv":66.0,"vm_pu":0.9971,"va_deg":11.41}},{"type":"Feature","geometry":{"type":"Point","coordinates":[136.94672,36.69795]},"properties":{"name":"\u798f\u5ca1\u753a\u5c0f\u4f0a\u52e2\u9818\u5909\u96fb\u6240 154kV","vn_kv":154.0,"vm_pu":1.0019,"va_deg":12.9}},{"type":"Feature","geometry":{"type":"Point","coordinates":[136.94672,36.69795]},"properties":{"name":"\u798f\u5ca1\u753a\u5c0f\u4f0a\u52e2\u9818\u5909\u96fb\u6240 66kV","vn_kv":66.0,"vm_pu":0.9994,"va_deg":10.2}},{"type":"Feature","geometry":{"type":"Point","coordinates":[136.9519,36.70705]},"properties":{"name":"\u798f\u5ca1\u753a\u4e00\u6b69\u4e8c\u6b69\u5909\u96fb\u6240","vn_kv":66.0,"vm_pu":0.9988,"va_deg":10.1}},{"type":"Feature","geometry":{"type":"Point","coordinates":[137.29391,36.7123]},"properties":{"name":"\u6c34\u6a4b\u958b\u767a\u5909\u96fb\u6240","vn_kv":154.0,"vm_pu":1.0007,"va_deg":13.28}},{"type":"Feature","geometry":{"type":"Point","coordinates":[137.32909,34.71704]},"properties":{"name":"\u8c4a\u6a4b\u5e02\u5909\u96fb\u6240","vn_kv":66.0,"vm_pu":1.0,"va_deg":14.75}},{"type":"Feature","geometry":{"type":"Point","coordinates":[136.09871,34.65121]},"properties":{"name":"\u7dd1\u304c\u4e18\u897f\u5909\u96fb\u6240","vn_kv":77.0,"vm_pu":0.9756,"va_deg":15.16}},{"type":"Feature","geometry":{"type":"Point","coordinates":[139.07377,36.33144]},"properties":{"name":"\u897f\u6a2a\u624b\u753a\u5909\u96fb\u6240","vn_kv":66.0,"vm_pu":1.0,"va_deg":0.0}},{"type":"Feature","geometry":{"type":"Point","coordinates":[138.14705,34.62227]},"properties":{"name":"500 kV switching station 500kV","vn_kv":500.0,"vm_pu":1.0265,"va_deg":16.23}},{"type":"Feature","geometry":{"type":"Point","coordinates":[138.14705,34.62227]},"properties":{"name":"500 kV switching station (untyped)","vn_kv":500.0,"vm_pu":1.0,"va_deg":0.0}},{"type":"Feature","geometry":{"type":"Point","coordinates":[137.45393,34.71595]},"properties":{"name":"\u4e8c\u5ddd\u753a\u5909\u96fb\u6240","vn_kv":77.0,"vm_pu":1.0,"va_deg":17.5}},{"type":"Feature","geometry":{"type":"Point","coordinates":[136.60443,35.36421]},"properties":{"name":"\u897f\u5d0e\u753a\u4e09\u4e01\u76ee\u5909\u96fb\u6240 77kV","vn_kv":77.0,"vm_pu":0.9949,"va_deg":8.6}},{"type":"Feature","geometry":{"type":"Point","coordinates":[136.60443,35.36421]},"properties":{"name":"\u897f\u5d0e\u753a\u4e09\u4e01\u76ee\u5909\u96fb\u6240 (untyped)","vn_kv":66.0,"vm_pu":0.9862,"va_deg":7.31}},{"type":"Feature","geometry":{"type":"Point","coordinates":[136.54047,35.50056]},"properties":{"name":"\u63d6\u6590\u5ddd\u753a\u5909\u96fb\u6240","vn_kv":77.0,"vm_pu":0.9996,"va_deg":8.78}},{"type":"Feature","geometry":{"type":"Point","coordinates":[136.53843,35.50392]},"properties":{"name":"\u63d6\u6590\u5ddd\u753a\u5909\u96fb\u6240_2","vn_kv":77.0,"vm_pu":1.0,"va_deg":8.8}},{"type":"Feature","geometry":{"type":"Point","coordinates":[136.05591,34.99721]},"properties":{"name":"\u77f3\u90e8\u5357\u516b\u4e01\u76ee\u5909\u96fb\u6240","vn_kv":154.0,"vm_pu":1.0054,"va_deg":11.91}},{"type":"Feature","geometry":{"type":"Point","coordinates":[138.22607,36.99263]},"properties":{"name":"\u4e2d\u90f7\u533a\u5742\u672c\u5909\u96fb\u6240","vn_kv":66.0,"vm_pu":1.0,"va_deg":0.0}},{"type":"Feature","geometry":{"type":"Point","coordinates":[139.15804,36.25018]},"properties":{"name":"\u6771\u65e5\u672c\u65c5\u5ba2\u9244\u9053(\u682a)\u795e\u4fdd\u539f\u5909\u96fb\u6240","vn_kv":66.0,"vm_pu":1.0,"va_deg":0.0}},{"type":"Feature","geometry":{"type":"Point","coordinates":[137.63256,34.68672]},"properties":{"name":"\u4e2d\u90e8\u96fb\u529b\u30d1\u30ef\u30fc\u30b0\u30ea\u30c3\u30c9\u682a\u5f0f\u4f1a\u793e \u821e\u962a\u5909\u96fb\u6240 77kV","vn_kv":77.0,"vm_pu":0.9999,"va_deg":17.18}},{"type":"Feature","geometry":{"type":"Point","coordinates":[137.63256,34.68672]},"properties":{"name":"\u4e2d\u90e8\u96fb\u529b\u30d1\u30ef\u30fc\u30b0\u30ea\u30c3\u30c9\u682a\u5f0f\u4f1a\u793e \u821e\u962a\u5909\u96fb\u6240 (untyped)","vn_kv":66.0,"vm_pu":0.9912,"va_deg":15.9}},{"type":"Feature","geometry":{"type":"Point","coordinates":[138.59129,36.99291]},"properties":{"name":"\u7070\u96e8\u5909\u96fb\u6240","vn_kv":66.0,"vm_pu":1.0,"va_deg":0.0}},{"type":"Feature","geometry":{"type":"Point","coordinates":[139.00922,36.36114]},"properties":{"name":"\u5c0f\u516b\u6728\u753a\u5909\u96fb\u6240","vn_kv":66.0,"vm_pu":1.0,"va_deg":0.0}},{"type":"Feature","geometry":{"type":"Point","coordinates":[137.43716,36.89324]},"properties":{"name":"\u7aaa\u7530\u5909\u96fb\u6240","vn_kv":66.0,"vm_pu":1.0,"va_deg":13.08}},{"type":"Feature","geometry":{"type":"Point","coordinates":[137.38148,36.7745]},"properties":{"name":"\u5317\u91ce\u5909\u96fb\u6240_2","vn_kv":66.0,"vm_pu":1.0,"va_deg":12.07}},{"type":"Feature","geometry":{"type":"Point","coordinates":[136.28995,35.32082]},"properties":{"name":"\u7c73\u539f\u5909\u96fb\u6240_2 154kV","vn_kv":154.0,"vm_pu":1.0027,"va_deg":11.8}},{"type":"Feature","geometry":{"type":"Point","coordinates":[136.28995,35.32082]},"properties":{"name":"\u7c73\u539f\u5909\u96fb\u6240_2 77kV","vn_kv":77.0,"vm_pu":0.9989,"va_deg":11.65}},{"type":"Feature","geometry":{"type":"Point","coordinates":[138.64481,36.34303]},"properties":{"name":"\u8efd\u4e95\u6ca2\u6771\u5909\u96fb\u6240","vn_kv":77.0,"vm_pu":0.9497,"va_deg":-6.54}},{"type":"Feature","geometry":{"type":"Point","coordinates":[138.51916,36.31528]},"properties":{"name":"\u5927\u5b57\u5fa1\u4ee3\u7530\u5909\u96fb\u6240","vn_kv":77.0,"vm_pu":0.9526,"va_deg":-5.34}},{"type":"Feature","geometry":{"type":"Point","coordinates":[138.44985,36.31234]},"properties":{"name":"\u5c0f\u8af8\u5e02\u5909\u96fb\u6240","vn_kv":77.0,"vm_pu":0.9785,"va_deg":-1.04}},{"type":"Feature","geometry":{"type":"Point","coordinates":[137.92445,34.71839]},"properties":{"name":"\u6d45\u7fbd\u5909\u96fb\u6240","vn_kv":77.0,"vm_pu":0.9932,"va_deg":16.04}},{"type":"Feature","geometry":{"type":"Point","coordinates":[138.14708,34.62719]},"properties":{"name":"\u4e0a\u30ce\u539f\u5909\u96fb\u6240 500kV","vn_kv":500.0,"vm_pu":1.0266,"va_deg":16.22}},{"type":"Feature","geometry":{"type":"Point","coordinates":[138.14708,34.62719]},"properties":{"name":"\u4e0a\u30ce\u539f\u5909\u96fb\u6240 275kV","vn_kv":275.0,"vm_pu":1.0232,"va_deg":15.77}},{"type":"Feature","geometry":{"type":"Point","coordinates":[138.14708,34.62719]},"properties":{"name":"\u4e0a\u30ce\u539f\u5909\u96fb\u6240 77kV","vn_kv":77.0,"vm_pu":1.0047,"va_deg":16.15}},{"type":"Feature","geometry":{"type":"Point","coordinates":[136.62673,36.40117]},"properties":{"name":"\u6cb3\u5185\u753a\u304d\u308a\u306e\u91cc\u5909\u96fb\u6240 154kV","vn_kv":154.0,"vm_pu":1.0,"va_deg":11.81}},{"type":"Feature","geometry":{"type":"Point","coordinates":[136.62673,36.40117]},"properties":{"name":"\u6cb3\u5185\u753a\u304d\u308a\u306e\u91cc\u5909\u96fb\u6240 77kV","vn_kv":77.0,"vm_pu":0.9838,"va_deg":9.51}},{"type":"Feature","geometry":{"type":"Point","coordinates":[136.62673,36.40117]},"properties":{"name":"\u6cb3\u5185\u753a\u304d\u308a\u306e\u91cc\u5909\u96fb\u6240 66kV","vn_kv":66.0,"vm_pu":0.975,"va_deg":8.18}},{"type":"Feature","geometry":{"type":"Point","coordinates":[136.94664,34.96613]},"properties":{"name":"\u5927\u5b57\u77f3\u6d5c\u5909\u96fb\u6240 275kV","vn_kv":275.0,"vm_pu":1.0028,"va_deg":14.01}},{"type":"Feature","geometry":{"type":"Point","coordinates":[136.94664,34.96613]},"properties":{"name":"\u5927\u5b57\u77f3\u6d5c\u5909\u96fb\u6240 154kV","vn_kv":154.0,"vm_pu":0.9915,"va_deg":12.09}},{"type":"Feature","geometry":{"type":"Point","coordinates":[136.94664,34.96613]},"properties":{"name":"\u5927\u5b57\u77f3\u6d5c\u5909\u96fb\u6240 (untyped)","vn_kv":66.0,"vm_pu":0.9828,"va_deg":10.79}},{"type":"Feature","geometry":{"type":"Point","coordinates":[138.07355,36.67883]},"properties":{"name":"\u5009\u5e73\u5909\u96fb\u6240","vn_kv":66.0,"vm_pu":0.9805,"va_deg":7.13}},{"type":"Feature","geometry":{"type":"Point","coordinates":[138.1688,36.65841]},"properties":{"name":"\u65b0\u8acf\u8a2a\u4e00\u4e01\u76ee\u5909\u96fb\u6240","vn_kv":66.0,"vm_pu":1.0028,"va_deg":8.9}},{"type":"Feature","geometry":{"type":"Point","coordinates":[138.08416,36.51015]},"properties":{"name":"\u66f4\u57f4\u516b\u5e61\u5909\u96fb\u6240","vn_kv":77.0,"vm_pu":1.0,"va_deg":5.15}},{"type":"Feature","geometry":{"type":"Point","coordinates":[137.95499,36.69651]},"properties":{"name":"\u6839\u4e0a\u5909\u96fb\u6240","vn_kv":66.0,"vm_pu":0.9673,"va_deg":6.03}},{"type":"Feature","geometry":{"type":"Point","coordinates":[138.01794,36.41909]},"properties":{"name":"\u65e5\u9670\u5909\u96fb\u6240","vn_kv":77.0,"vm_pu":1.0,"va_deg":5.23}},{"type":"Feature","geometry":{"type":"Point","coordinates":[137.06628,35.48104]},"properties":{"name":"\u897f\u6803\u4e95\u5909\u96fb\u6240 275kV","vn_kv":275.0,"vm_pu":1.0142,"va_deg":11.15}},{"type":"Feature","geometry":{"type":"Point","coordinates":[137.06628,35.48104]},"properties":{"name":"\u897f\u6803\u4e95\u5909\u96fb\u6240 154kV","vn_kv":154.0,"vm_pu":1.004,"va_deg":10.42}},{"type":"Feature","geometry":{"type":"Point","coordinates":[137.06628,35.48104]},"properties":{"name":"\u897f\u6803\u4e95\u5909\u96fb\u6240 77kV","vn_kv":77.0,"vm_pu":0.9998,"va_deg":9.44}},{"type":"Feature","geometry":{"type":"Point","coordinates":[137.80225,35.42741]},"properties":{"name":"\u4e09\u7a42\u5909\u96fb\u6240","vn_kv":66.0,"vm_pu":1.0,"va_deg":-1.05}},{"type":"Feature","geometry":{"type":"Point","coordinates":[137.81441,35.49817]},"properties":{"name":"\u9f0e\u5909\u96fb\u6240","vn_kv":66.0,"vm_pu":0.9999,"va_deg":-0.39}},{"type":"Feature","geometry":{"type":"Point","coordinates":[137.83024,35.49426]},"properties":{"name":"\u677e\u5c3e\u5909\u96fb\u6240","vn_kv":66.0,"vm_pu":1.0,"va_deg":-0.64}},{"type":"Feature","geometry":{"type":"Point","coordinates":[137.94183,35.73984]},"properties":{"name":"\u98ef\u5742\u4e00\u4e01\u76ee\u5909\u96fb\u6240","vn_kv":77.0,"vm_pu":1.0,"va_deg":7.77}},{"type":"Feature","geometry":{"type":"Point","coordinates":[137.81033,35.37689]},"properties":{"name":"\u9580\u5cf6\u5909\u96fb\u6240","vn_kv":154.0,"vm_pu":1.0,"va_deg":13.07}},{"type":"Feature","geometry":{"type":"Point","coordinates":[137.75816,35.44821]},"properties":{"name":"\u6625\u65e5\u5909\u96fb\u6240_2","vn_kv":66.0,"vm_pu":1.0,"va_deg":-1.25}},{"type":"Feature","geometry":{"type":"Point","coordinates":[137.83952,35.51007]},"properties":{"name":"\u4e0a\u90f7\u5909\u96fb\u6240","vn_kv":77.0,"vm_pu":0.9989,"va_deg":17.32}},{"type":"Feature","geometry":{"type":"Point","coordinates":[137.8582,35.50245]},"properties":{"name":"\u677e\u5c3e\u5bfa\u6240\u5909\u96fb\u6240","vn_kv":77.0,"vm_pu":0.9995,"va_deg":17.37}},{"type":"Feature","geometry":{"type":"Point","coordinates":[137.89047,35.56112]},"properties":{"name":"\u4e2d\u90e8\u96fb\u529b \u9ad8\u68ee\u5909\u96fb\u6240","vn_kv":77.0,"vm_pu":1.0,"va_deg":18.81}},{"type":"Feature","geometry":{"type":"Point","coordinates":[137.85754,36.52111]},"properties":{"name":"\u5927\u753a\u5e02\u5909\u96fb\u6240_8","vn_kv":66.0,"vm_pu":1.0,"va_deg":0.0}},{"type":"Feature","geometry":{"type":"Point","coordinates":[137.98513,36.23314]},"properties":{"name":"\u770c\u4e00\u4e01\u76ee\u5909\u96fb\u6240","vn_kv":77.0,"vm_pu":1.0,"va_deg":0.0}},{"type":"Feature","geometry":{"type":"Point","coordinates":[138.41464,35.75088]},"properties":{"name":"\u97ee\u5d0e\u5e02\u5909\u96fb\u6240","vn_kv":66.0,"vm_pu":1.0,"va_deg":0.0}},{"type":"Feature","geometry":{"type":"Point","coordinates":[136.12554,35.02446]},"properties":{"name":"\u65e5\u679d\u753a\u5909\u96fb\u6240","vn_kv":66.0,"vm_pu":0.9981,"va_deg":10.28}},{"type":"Feature","geometry":{"type":"Point","coordinates":[138.72319,35.1467]},"properties":{"name":"\u5bcc\u58eb\u5ca1\u5357\u5909\u96fb\u6240","vn_kv":66.0,"vm_pu":1.0,"va_deg":0.0}},{"type":"Feature","geometry":{"type":"Point","coordinates":[136.93193,34.90252]},"properties":{"name":"\u4f4f\u5409\u753a\u4e94\u4e01\u76ee\u5909\u96fb\u6240 154kV","vn_kv":154.0,"vm_pu":0.9994,"va_deg":14.07}},{"type":"Feature","geometry":{"type":"Point","coordinates":[136.93193,34.90252]},"properties":{"name":"\u4f4f\u5409\u753a\u4e94\u4e01\u76ee\u5909\u96fb\u6240 (untyped)","vn_kv":66.0,"vm_pu":0.9908,"va_deg":12.79}},{"type":"Feature","geometry":{"type":"Point","coordinates":[136.62903,36.5588]},"properties":{"name":"\u795e\u7530\u753a\u5909\u96fb\u6240","vn_kv":77.0,"vm_pu":0.9813,"va_deg":9.94}},{"type":"Feature","geometry":{"type":"Point","coordinates":[136.55508,36.52514]},"properties":{"name":"\u6210\u753a\u5909\u96fb\u6240","vn_kv":77.0,"vm_pu":0.977,"va_deg":9.62}},{"type":"Feature","geometry":{"type":"Point","coordinates":[138.48628,36.15552]},"properties":{"name":"\u6771\u4eac\u96fb\u529b\u6d77\u702c\u767a\u96fb\u6240","vn_kv":77.0,"vm_pu":0.9386,"va_deg":-7.79}},{"type":"Feature","geometry":{"type":"Point","coordinates":[136.19942,36.22768]},"properties":{"name":"\u82b1\u4e43\u675c\u56db\u4e01\u76ee\u5909\u96fb\u6240","vn_kv":66.0,"vm_pu":1.0,"va_deg":-0.01}},{"type":"Feature","geometry":{"type":"Point","coordinates":[139.10386,36.41947]},"properties":{"name":"\u9ce5\u53d6\u753a\u5909\u96fb\u6240","vn_kv":66.0,"vm_pu":1.0,"va_deg":0.0}},{"type":"Feature","geometry":{"type":"Point","coordinates":[136.27741,36.25262]},"properties":{"name":"\u725b\u30ce\u8c37\u5909\u96fb\u6240","vn_kv":77.0,"vm_pu":1.005,"va_deg":10.43}},{"type":"Feature","geometry":{"type":"Point","coordinates":[136.31516,36.2968]},"properties":{"name":"\u767d\u9ce5\u753a\u5909\u96fb\u6240","vn_kv":77.0,"vm_pu":1.0012,"va_deg":10.28}},{"type":"Feature","geometry":{"type":"Point","coordinates":[136.33473,36.31664]},"properties":{"name":"\u5927\u8056\u5bfa\u6577\u5730\u5909\u96fb\u6240","vn_kv":66.0,"vm_pu":1.0,"va_deg":0.0}},{"type":"Feature","geometry":{"type":"Point","coordinates":[136.79224,35.03617]},"properties":{"name":"\u6960\u4e09\u4e01\u76ee\u5909\u96fb\u6240","vn_kv":154.0,"vm_pu":0.9983,"va_deg":11.81}},{"type":"Feature","geometry":{"type":"Point","coordinates":[136.43495,36.37013]},"properties":{"name":"\u84d1\u8f2a\u753a\u5909\u96fb\u6240","vn_kv":154.0,"vm_pu":1.0,"va_deg":11.45}},{"type":"Feature","geometry":{"type":"Point","coordinates":[136.91174,34.88441]},"properties":{"name":"\u5bae\u672c\u753a\u56db\u4e01\u76ee\u5909\u96fb\u6240","vn_kv":66.0,"vm_pu":0.9994,"va_deg":14.32}},{"type":"Feature","geometry":{"type":"Point","coordinates":[136.90864,34.90826]},"properties":{"name":"\u5ca9\u6ed1\u897f\u753a\u4e8c\u4e01\u76ee\u5909\u96fb\u6240 154kV","vn_kv":154.0,"vm_pu":0.9997,"va_deg":14.21}},{"type":"Feature","geometry":{"type":"Point","coordinates":[136.90864,34.90826]},"properties":{"name":"\u5ca9\u6ed1\u897f\u753a\u4e8c\u4e01\u76ee\u5909\u96fb\u6240 77kV","vn_kv":77.0,"vm_pu":0.9879,"va_deg":14.26}},{"type":"Feature","geometry":{"type":"Point","coordinates":[136.90864,34.90826]},"properties":{"name":"\u5ca9\u6ed1\u897f\u753a\u4e8c\u4e01\u76ee\u5909\u96fb\u6240 (untyped)","vn_kv":66.0,"vm_pu":0.9791,"va_deg":12.95}},{"type":"Feature","geometry":{"type":"Point","coordinates":[136.88503,36.63087]},"properties":{"name":"\u897f\u5cf6\u5909\u96fb\u6240","vn_kv":66.0,"vm_pu":0.9962,"va_deg":9.92}},{"type":"Feature","geometry":{"type":"Point","coordinates":[136.87637,35.40231]},"properties":{"name":"\u9d5c\u6cbc\u5ddd\u5d0e\u753a\u5909\u96fb\u6240","vn_kv":77.0,"vm_pu":1.0059,"va_deg":9.92}},{"type":"Feature","geometry":{"type":"Point","coordinates":[136.46788,36.46523]},"properties":{"name":"\u5409\u539f\u91dc\u5c4b\u753a\u5909\u96fb\u6240","vn_kv":66.0,"vm_pu":1.0,"va_deg":0.0}},{"type":"Feature","geometry":{"type":"Point","coordinates":[136.66836,35.3284]},"properties":{"name":"\u6c37\u53d6\u5909\u96fb\u6240","vn_kv":154.0,"vm_pu":1.0029,"va_deg":9.6}},{"type":"Feature","geometry":{"type":"Point","coordinates":[139.15346,36.20609]},"properties":{"name":"\u5150\u7389\u753a\u86ed\u5ddd\u5909\u96fb\u6240","vn_kv":66.0,"vm_pu":1.0,"va_deg":0.0}},{"type":"Feature","geometry":{"type":"Point","coordinates":[139.00984,36.4845]},"properties":{"name":"\u4e2d\u6751\u5909\u96fb\u6240_2","vn_kv":66.0,"vm_pu":1.0,"va_deg":0.0}},{"type":"Feature","geometry":{"type":"Point","coordinates":[137.23342,36.75051]},"properties":{"name":"\u68ee\u5909\u96fb\u6240 66kV","vn_kv":66.0,"vm_pu":0.9976,"va_deg":11.43}},{"type":"Feature","geometry":{"type":"Point","coordinates":[137.23342,36.75051]},"properties":{"name":"\u68ee\u5909\u96fb\u6240 (untyped)","vn_kv":66.0,"vm_pu":1.0,"va_deg":0.0}},{"type":"Feature","geometry":{"type":"Point","coordinates":[137.23689,36.75168]},"properties":{"name":"\u5bcc\u5c71\u5e02\u5909\u96fb\u6240","vn_kv":66.0,"vm_pu":0.9979,"va_deg":11.41}},{"type":"Feature","geometry":{"type":"Point","coordinates":[137.25036,36.75836]},"properties":{"name":"\u6d77\u5cb8\u901a\u5909\u96fb\u6240","vn_kv":66.0,"vm_pu":1.0,"va_deg":11.37}},{"type":"Feature","geometry":{"type":"Point","coordinates":[136.2405,35.03742]},"properties":{"name":"\u65e5\u91ce\u753a\u5909\u96fb\u6240 77kV","vn_kv":77.0,"vm_pu":0.9806,"va_deg":8.29}},{"type":"Feature","geometry":{"type":"Point","coordinates":[136.2405,35.03742]},"properties":{"name":"\u65e5\u91ce\u753a\u5909\u96fb\u6240 (untyped)","vn_kv":66.0,"vm_pu":0.9717,"va_deg":6.95}},{"type":"Feature","geometry":{"type":"Point","coordinates":[136.6526,35.32907]},"properties":{"name":"\u4e2d\u9808\u5909\u96fb\u6240","vn_kv":154.0,"vm_pu":1.0029,"va_deg":9.6}},{"type":"Feature","geometry":{"type":"Point","coordinates":[139.02987,36.47846]},"properties":{"name":"\u5317\u6a58\u753a\u5206\u90f7\u516b\u5d0e\u5909\u96fb\u6240","vn_kv":66.0,"vm_pu":1.0,"va_deg":0.0}},{"type":"Feature","geometry":{"type":"Point","coordinates":[138.90498,35.2534]},"properties":{"name":"\u99d2\u9580\u4e00\u4e01\u76ee\u5909\u96fb\u6240","vn_kv":66.0,"vm_pu":1.0,"va_deg":0.0}},{"type":"Feature","geometry":{"type":"Point","coordinates":[138.90608,35.25348]},"properties":{"name":"\u99d2\u9580\u4e00\u4e01\u76ee\u5909\u96fb\u6240_2","vn_kv":66.0,"vm_pu":1.0,"va_deg":-0.0}},{"type":"Feature","geometry":{"type":"Point","coordinates":[137.031,34.80574]},"properties":{"name":"\u4e00\u8272\u753a\u5bfe\u7c73\u5909\u96fb\u6240","vn_kv":275.0,"vm_pu":1.0021,"va_deg":15.84}},{"type":"Feature","geometry":{"type":"Point","coordinates":[139.19923,35.37764]},"properties":{"name":"\u65b0\u753a\u5909\u96fb\u6240_2","vn_kv":66.0,"vm_pu":1.0,"va_deg":0.0}},{"type":"Feature","geometry":{"type":"Point","coordinates":[138.96313,35.36537]},"properties":{"name":"\u5c0f\u5c71\u753a\u5909\u96fb\u6240","vn_kv":154.0,"vm_pu":1.0,"va_deg":0.0}},{"type":"Feature","geometry":{"type":"Point","coordinates":[139.19383,35.38355]},"properties":{"name":"\u4e09\u5c4b\u5909\u96fb\u6240","vn_kv":66.0,"vm_pu":1.0,"va_deg":0.0}},{"type":"Feature","geometry":{"type":"Point","coordinates":[139.15625,35.34056]},"properties":{"name":"\u91d1\u5b50\u5909\u96fb\u6240","vn_kv":66.0,"vm_pu":1.0,"va_deg":0.0}},{"type":"Feature","geometry":{"type":"Point","coordinates":[139.19503,35.37926]},"properties":{"name":"\u4e09\u5c4b\u5909\u96fb\u6240_2","vn_kv":66.0,"vm_pu":1.0,"va_deg":0.0}},{"type":"Feature","geometry":{"type":"Point","coordinates":[137.01287,34.93985]},"properties":{"name":"\u5b89\u57ce\u5e02\u5909\u96fb\u6240","vn_kv":154.0,"vm_pu":0.9902,"va_deg":12.02}},{"type":"Feature","geometry":{"type":"Point","coordinates":[137.0119,34.94799]},"properties":{"name":"\u5208\u8c37\u5e02\u5909\u96fb\u6240","vn_kv":154.0,"vm_pu":0.9901,"va_deg":11.95}},{"type":"Feature","geometry":{"type":"Point","coordinates":[137.00187,34.96739]},"properties":{"name":"\u5c0f\u57a3\u6c5f\u753a\u5909\u96fb\u6240","vn_kv":154.0,"vm_pu":0.9902,"va_deg":11.91}},{"type":"Feature","geometry":{"type":"Point","coordinates":[136.3349,34.75976]},"properties":{"name":"\u6d25\u5e02\u5909\u96fb\u6240_3","vn_kv":77.0,"vm_pu":0.9739,"va_deg":17.89}},{"type":"Feature","geometry":{"type":"Point","coordinates":[139.03852,36.32451]},"properties":{"name":"\u5357\u5927\u985e\u753a\u5909\u96fb\u6240","vn_kv":66.0,"vm_pu":1.0,"va_deg":0.0}},{"type":"Feature","geometry":{"type":"Point","coordinates":[136.80521,35.18412]},"properties":{"name":"\u7be0\u7530\u5909\u96fb\u6240 275kV","vn_kv":275.0,"vm_pu":0.9969,"va_deg":9.09}},{"type":"Feature","geometry":{"type":"Point","coordinates":[136.80521,35.18412]},"properties":{"name":"\u7be0\u7530\u5909\u96fb\u6240 (untyped)","vn_kv":66.0,"vm_pu":0.9882,"va_deg":7.8}},{"type":"Feature","geometry":{"type":"Point","coordinates":[138.27569,36.33685]},"properties":{"name":"\u4e2d\u4e38\u5b50\u5909\u96fb\u6240","vn_kv":77.0,"vm_pu":1.0,"va_deg":2.99}},{"type":"Feature","geometry":{"type":"Point","coordinates":[138.33204,36.32706]},"properties":{"name":"\u516b\u91cd\u539f\u5909\u96fb\u6240","vn_kv":154.0,"vm_pu":1.0018,"va_deg":10.82}},{"type":"Feature","geometry":{"type":"Point","coordinates":[138.46324,36.25628]},"properties":{"name":"\u6a2a\u548c\u5909\u96fb\u6240","vn_kv":77.0,"vm_pu":0.9787,"va_deg":-0.13}},{"type":"Feature","geometry":{"type":"Point","coordinates":[138.48093,36.18598]},"properties":{"name":"\u52dd\u9593\u5909\u96fb\u6240","vn_kv":77.0,"vm_pu":0.984,"va_deg":0.46}},{"type":"Feature","geometry":{"type":"Point","coordinates":[138.79374,36.07827]},"properties":{"name":"\u65b0\u7fbd\u5909\u96fb\u6240","vn_kv":154.0,"vm_pu":1.0,"va_deg":13.28}},{"type":"Feature","geometry":{"type":"Point","coordinates":[138.51143,35.98342]},"properties":{"name":"\u5ddd\u4e0a\u6751\u5909\u96fb\u6240","vn_kv":77.0,"vm_pu":0.9986,"va_deg":-0.62}},{"type":"Feature","geometry":{"type":"Point","coordinates":[138.46627,36.05629]},"properties":{"name":"\u5c0f\u6d77\u753a\u5909\u96fb\u6240_2","vn_kv":77.0,"vm_pu":1.0,"va_deg":-0.33}},{"type":"Feature","geometry":{"type":"Point","coordinates":[137.82389,35.97831]},"properties":{"name":"\u5e73\u6ca2\u5909\u96fb\u6240","vn_kv":154.0,"vm_pu":1.0019,"va_deg":10.14}},{"type":"Feature","geometry":{"type":"Point","coordinates":[137.67724,35.82462]},"properties":{"name":"\u6728\u66fd\u753a\u5909\u96fb\u6240_2","vn_kv":154.0,"vm_pu":1.0,"va_deg":9.45}},{"type":"Feature","geometry":{"type":"Point","coordinates":[137.643,35.68141]},"properties":{"name":"\u5927\u6851\u6751\u5909\u96fb\u6240","vn_kv":154.0,"vm_pu":1.0,"va_deg":9.88}},{"type":"Feature","geometry":{"type":"Point","coordinates":[137.68047,35.6984]},"properties":{"name":"\u5927\u6851\u6751\u5909\u96fb\u6240_2 154kV","vn_kv":154.0,"vm_pu":1.0,"va_deg":9.82}},{"type":"Feature","geometry":{"type":"Point","coordinates":[137.68047,35.6984]},"properties":{"name":"\u5927\u6851\u6751\u5909\u96fb\u6240_2 (untyped)","vn_kv":66.0,"vm_pu":0.9913,"va_deg":8.54}},{"type":"Feature","geometry":{"type":"Point","coordinates":[137.46357,36.79783]},"properties":{"name":"\u77f3\u57a3\u5909\u96fb\u6240 275kV","vn_kv":275.0,"vm_pu":1.0255,"va_deg":13.88}},{"type":"Feature","geometry":{"type":"Point","coordinates":[137.46357,36.79783]},"properties":{"name":"\u77f3\u57a3\u5909\u96fb\u6240 (untyped)","vn_kv":66.0,"vm_pu":1.017,"va_deg":12.66}},{"type":"Feature","geometry":{"type":"Point","coordinates":[138.84121,36.92529]},"properties":{"name":"\u571f\u6a3d\u5909\u96fb\u6240_2","vn_kv":66.0,"vm_pu":1.0,"va_deg":-0.11}},{"type":"Feature","geometry":{"type":"Point","coordinates":[138.80805,36.91369]},"properties":{"name":"\u795e\u7acb\u5909\u96fb\u6240","vn_kv":66.0,"vm_pu":1.0,"va_deg":0.0}},{"type":"Feature","geometry":{"type":"Point","coordinates":[138.21999,36.43622]},"properties":{"name":"\u65b0\u5742\u57ce\u5909\u96fb\u6240","vn_kv":275.0,"vm_pu":1.031,"va_deg":9.73}},{"type":"Feature","geometry":{"type":"Point","coordinates":[138.19059,36.45906]},"properties":{"name":"\u56db\u30c4\u5c4b\u5909\u96fb\u6240","vn_kv":77.0,"vm_pu":1.0,"va_deg":5.29}},{"type":"Feature","geometry":{"type":"Point","coordinates":[138.19645,36.42944]},"properties":{"name":"\u5357\u6761\u5909\u96fb\u6240","vn_kv":77.0,"vm_pu":1.0,"va_deg":5.07}},{"type":"Feature","geometry":{"type":"Point","coordinates":[138.19699,36.42728]},"properties":{"name":"\u5357\u6761\u5909\u96fb\u6240","vn_kv":77.0,"vm_pu":1.0,"va_deg":5.07}},{"type":"Feature","geometry":{"type":"Point","coordinates":[137.70471,34.69371]},"properties":{"name":"\u82e5\u6797\u753a\u5909\u96fb\u6240","vn_kv":77.0,"vm_pu":1.0,"va_deg":16.05}},{"type":"Feature","geometry":{"type":"Point","coordinates":[137.68438,34.69322]},"properties":{"name":"\u4e2d\u90e8\u96fb\u529b\u30d1\u30ef\u30fc\u30b0\u30ea\u30c3\u30c9\u682a\u5f0f\u4f1a\u793e \u9ad8\u585a\u5909\u96fb\u6240 154kV","vn_kv":154.0,"vm_pu":1.0,"va_deg":17.75}},{"type":"Feature","geometry":{"type":"Point","coordinates":[137.68438,34.69322]},"properties":{"name":"\u4e2d\u90e8\u96fb\u529b\u30d1\u30ef\u30fc\u30b0\u30ea\u30c3\u30c9\u682a\u5f0f\u4f1a\u793e \u9ad8\u585a\u5909\u96fb\u6240 77kV","vn_kv":77.0,"vm_pu":0.9999,"va_deg":16.17}},{"type":"Feature","geometry":{"type":"Point","coordinates":[137.68082,34.69408]},"properties":{"name":"JR\u6771\u6d77 \u9ad8\u585a\u5909\u96fb\u6240\u6d5c\u677e\u96fb\u529b\u533a 154kV","vn_kv":154.0,"vm_pu":1.0,"va_deg":17.76}},{"type":"Feature","geometry":{"type":"Point","coordinates":[137.68082,34.69408]},"properties":{"name":"JR\u6771\u6d77 \u9ad8\u585a\u5909\u96fb\u6240\u6d5c\u677e\u96fb\u529b\u533a 77kV","vn_kv":77.0,"vm_pu":0.9996,"va_deg":16.29}},{"type":"Feature","geometry":{"type":"Point","coordinates":[137.68082,34.69408]},"properties":{"name":"JR\u6771\u6d77 \u9ad8\u585a\u5909\u96fb\u6240\u6d5c\u677e\u96fb\u529b\u533a (untyped)","vn_kv":66.0,"vm_pu":0.991,"va_deg":15.01}},{"type":"Feature","geometry":{"type":"Point","coordinates":[137.44494,36.57849]},"properties":{"name":"\u5bcc\u5c71\u5e02\u5909\u96fb\u6240_2","vn_kv":66.0,"vm_pu":0.9909,"va_deg":12.82}},{"type":"Feature","geometry":{"type":"Point","coordinates":[136.01448,35.34212]},"properties":{"name":"\u5b89\u66c7\u5909\u96fb\u6240 77kV","vn_kv":77.0,"vm_pu":0.9922,"va_deg":8.7}},{"type":"Feature","geometry":{"type":"Point","coordinates":[136.01448,35.34212]},"properties":{"name":"\u5b89\u66c7\u5909\u96fb\u6240 66kV","vn_kv":66.0,"vm_pu":0.9834,"va_deg":7.36}},{"type":"Feature","geometry":{"type":"Point","coordinates":[136.01448,35.34212]},"properties":{"name":"\u5b89\u66c7\u5909\u96fb\u6240 (untyped)","vn_kv":66.0,"vm_pu":1.0,"va_deg":0.0}},{"type":"Feature","geometry":{"type":"Point","coordinates":[136.00299,35.29808]},"properties":{"name":"\u52dd\u91ce\u5909\u96fb\u6240 77kV","vn_kv":77.0,"vm_pu":0.9908,"va_deg":8.44}},{"type":"Feature","geometry":{"type":"Point","coordinates":[136.00299,35.29808]},"properties":{"name":"\u52dd\u91ce\u5909\u96fb\u6240 (untyped)","vn_kv":66.0,"vm_pu":0.982,"va_deg":7.13}},{"type":"Feature","geometry":{"type":"Point","coordinates":[136.0296,35.39642]},"properties":{"name":"\u4eca\u6d25\u753a\u685c\u753a\u4e8c\u4e01\u76ee\u5909\u96fb\u6240 154kV","vn_kv":154.0,"vm_pu":0.9932,"va_deg":9.67}},{"type":"Feature","geometry":{"type":"Point","coordinates":[136.0296,35.39642]},"properties":{"name":"\u4eca\u6d25\u753a\u685c\u753a\u4e8c\u4e01\u76ee\u5909\u96fb\u6240 77kV","vn_kv":77.0,"vm_pu":0.9931,"va_deg":9.0}},{"type":"Feature","geometry":{"type":"Point","coordinates":[136.02913,35.40365]},"properties":{"name":"\u4eca\u6d25\u5909\u96fb\u6240 154kV","vn_kv":154.0,"vm_pu":0.9933,"va_deg":9.69}},{"type":"Feature","geometry":{"type":"Point","coordinates":[136.02913,35.40365]},"properties":{"name":"\u4eca\u6d25\u5909\u96fb\u6240 77kV","vn_kv":77.0,"vm_pu":0.9933,"va_deg":9.03}},{"type":"Feature","geometry":{"type":"Point","coordinates":[138.85057,35.12573]},"properties":{"name":"\u4e2d\u6ca2\u7530\u5909\u96fb\u6240","vn_kv":66.0,"vm_pu":1.0,"va_deg":0.0}},{"type":"Feature","geometry":{"type":"Point","coordinates":[136.26382,36.01295]},"properties":{"name":"\u4e0a\u6771\u90f7\u753a\u5909\u96fb\u6240 275kV","vn_kv":275.0,"vm_pu":1.0367,"va_deg":15.65}},{"type":"Feature","geometry":{"type":"Point","coordinates":[136.26382,36.01295]},"properties":{"name":"\u4e0a\u6771\u90f7\u753a\u5909\u96fb\u6240 154kV","vn_kv":154.0,"vm_pu":1.0094,"va_deg":12.55}},{"type":"Feature","geometry":{"type":"Point","coordinates":[136.26382,36.01295]},"properties":{"name":"\u4e0a\u6771\u90f7\u753a\u5909\u96fb\u6240 77kV","vn_kv":77.0,"vm_pu":0.9973,"va_deg":11.04}},{"type":"Feature","geometry":{"type":"Point","coordinates":[137.441,36.82075]},"properties":{"name":"\u888b\u5909\u96fb\u6240","vn_kv":154.0,"vm_pu":1.0011,"va_deg":13.17}},{"type":"Feature","geometry":{"type":"Point","coordinates":[137.82235,36.18988]},"properties":{"name":"\u677e\u672c\u5e02\u5909\u96fb\u6240_5","vn_kv":66.0,"vm_pu":1.0,"va_deg":0.0}},{"type":"Feature","geometry":{"type":"Point","coordinates":[138.02973,34.70677]},"properties":{"name":"\u639b\u5ddd\u5e02\u5909\u96fb\u6240","vn_kv":77.0,"vm_pu":0.9977,"va_deg":16.88}},{"type":"Feature","geometry":{"type":"Point","coordinates":[137.90884,34.73511]},"properties":{"name":"\u65b0\u6c60\u5909\u96fb\u6240_2","vn_kv":77.0,"vm_pu":0.9985,"va_deg":14.83}},{"type":"Feature","geometry":{"type":"Point","coordinates":[138.10609,34.7151]},"properties":{"name":"\u5965\u306e\u8c37\u5909\u96fb\u6240","vn_kv":77.0,"vm_pu":1.0,"va_deg":18.17}},{"type":"Feature","geometry":{"type":"Point","coordinates":[136.44986,34.84953]},"properties":{"name":"\u4e80\u5c71\u5909\u96fb\u6240","vn_kv":77.0,"vm_pu":0.996,"va_deg":14.83}},{"type":"Feature","geometry":{"type":"Point","coordinates":[137.03895,35.00518]},"properties":{"name":"\u540d\u53e4\u5c4b\u9244\u9053\u682a\u5f0f\u4f1a\u793e \u77e5\u7acb\u5909\u96fb\u6240","vn_kv":66.0,"vm_pu":0.9877,"va_deg":11.51}},{"type":"Feature","geometry":{"type":"Point","coordinates":[137.22419,35.35546]},"properties":{"name":"\u548c\u5408\u753a\u4e8c\u4e01\u76ee\u5909\u96fb\u6240","vn_kv":154.0,"vm_pu":1.0,"va_deg":10.25}},{"type":"Feature","geometry":{"type":"Point","coordinates":[136.86227,34.77177]},"properties":{"name":"\u91ce\u9593\u5909\u96fb\u6240","vn_kv":66.0,"vm_pu":1.0,"va_deg":14.26}},{"type":"Feature","geometry":{"type":"Point","coordinates":[137.96746,35.81251]},"properties":{"name":"\u6771\u6625\u8fd1\u5909\u96fb\u6240 154kV","vn_kv":154.0,"vm_pu":1.0016,"va_deg":10.2}},{"type":"Feature","geometry":{"type":"Point","coordinates":[137.96746,35.81251]},"properties":{"name":"\u6771\u6625\u8fd1\u5909\u96fb\u6240 77kV","vn_kv":77.0,"vm_pu":0.9986,"va_deg":7.71}},{"type":"Feature","geometry":{"type":"Point","coordinates":[137.96746,35.81251]},"properties":{"name":"\u6771\u6625\u8fd1\u5909\u96fb\u6240 (untyped)","vn_kv":66.0,"vm_pu":0.9899,"va_deg":6.42}},{"type":"Feature","geometry":{"type":"Point","coordinates":[137.92694,35.70614]},"properties":{"name":"\u99d2\u30f6\u6839\u5e02\u5909\u96fb\u6240","vn_kv":154.0,"vm_pu":1.0043,"va_deg":11.4}},{"type":"Feature","geometry":{"type":"Point","coordinates":[137.95223,35.89851]},"properties":{"name":"\u5357\u7b95\u8f2a\u6751\u5909\u96fb\u6240","vn_kv":154.0,"vm_pu":1.0011,"va_deg":9.35}},{"type":"Feature","geometry":{"type":"Point","coordinates":[137.95584,35.89866]},"properties":{"name":"\u5927\u829d\u5909\u96fb\u6240","vn_kv":154.0,"vm_pu":1.0011,"va_deg":9.35}},{"type":"Feature","geometry":{"type":"Point","coordinates":[137.87994,35.29809]},"properties":{"name":"\u98ef\u7530\u5e02\u5909\u96fb\u6240 154kV","vn_kv":154.0,"vm_pu":1.0,"va_deg":13.48}},{"type":"Feature","geometry":{"type":"Point","coordinates":[137.87994,35.29809]},"properties":{"name":"\u98ef\u7530\u5e02\u5909\u96fb\u6240 (untyped)","vn_kv":66.0,"vm_pu":0.9913,"va_deg":12.2}},{"type":"Feature","geometry":{"type":"Point","coordinates":[137.20187,34.89442]},"properties":{"name":"\u5e78\u7530\u753a\u5909\u96fb\u6240","vn_kv":77.0,"vm_pu":0.9817,"va_deg":11.59}},{"type":"Feature","geometry":{"type":"Point","coordinates":[137.20552,34.81782]},"properties":{"name":"\u6d5c\u753a\u5909\u96fb\u6240","vn_kv":275.0,"vm_pu":1.0038,"va_deg":14.51}},{"type":"Feature","geometry":{"type":"Point","coordinates":[137.06658,34.91086]},"properties":{"name":"\u77f3\u4e95\u753a\u5909\u96fb\u6240","vn_kv":154.0,"vm_pu":0.9906,"va_deg":12.2}},{"type":"Feature","geometry":{"type":"Point","coordinates":[136.15863,34.93249]},"properties":{"name":"\u6df1\u5ddd\u5909\u96fb\u6240","vn_kv":77.0,"vm_pu":0.9813,"va_deg":8.04}},{"type":"Feature","geometry":{"type":"Point","coordinates":[136.17123,34.79607]},"properties":{"name":"\u4f50\u90a3\u5177\u753a\u5909\u96fb\u6240","vn_kv":77.0,"vm_pu":1.0,"va_deg":17.36}},{"type":"Feature","geometry":{"type":"Point","coordinates":[136.58753,35.39455]},"properties":{"name":"\u8d64\u5742\u65b0\u753a\u4e00\u4e01\u76ee\u5909\u96fb\u6240 154kV","vn_kv":154.0,"vm_pu":1.0054,"va_deg":10.52}},{"type":"Feature","geometry":{"type":"Point","coordinates":[136.58753,35.39455]},"properties":{"name":"\u8d64\u5742\u65b0\u753a\u4e00\u4e01\u76ee\u5909\u96fb\u6240 77kV","vn_kv":77.0,"vm_pu":0.9959,"va_deg":8.69}},{"type":"Feature","geometry":{"type":"Point","coordinates":[137.27396,35.03359]},"properties":{"name":"\u82b1\u6ca2\u5909\u96fb\u6240","vn_kv":77.0,"vm_pu":0.9878,"va_deg":11.5}},{"type":"Feature","geometry":{"type":"Point","coordinates":[136.6612,35.73485]},"properties":{"name":"\u672c\u5de3\u5e02\u5909\u96fb\u6240","vn_kv":500.0,"vm_pu":1.0594,"va_deg":15.83}},{"type":"Feature","geometry":{"type":"Point","coordinates":[136.16461,35.51933]},"properties":{"name":"\u897f\u6d45\u4e95\u753a\u5869\u6d25\u6d5c\u5909\u96fb\u6240","vn_kv":77.0,"vm_pu":0.9993,"va_deg":9.62}},{"type":"Feature","geometry":{"type":"Point","coordinates":[136.70793,36.54286]},"properties":{"name":"\u89d2\u9593\u753a\u5909\u96fb\u6240","vn_kv":154.0,"vm_pu":1.0024,"va_deg":11.86}},{"type":"Feature","geometry":{"type":"Point","coordinates":[139.12696,36.24531]},"properties":{"name":"\u5824\u5909\u96fb\u6240","vn_kv":66.0,"vm_pu":1.0,"va_deg":0.0}},{"type":"Feature","geometry":{"type":"Point","coordinates":[139.0731,36.28415]},"properties":{"name":"\u68ee\u65b0\u7530\u5909\u96fb\u6240","vn_kv":66.0,"vm_pu":1.0,"va_deg":0.0}},{"type":"Feature","geometry":{"type":"Point","coordinates":[137.36133,36.75482]},"properties":{"name":"\u5bae\u7aaa\u5909\u96fb\u6240","vn_kv":66.0,"vm_pu":1.0002,"va_deg":11.92}},{"type":"Feature","geometry":{"type":"Point","coordinates":[136.91194,35.0934]},"properties":{"name":"\u52a0\u798f\u753a\u4e09\u4e01\u76ee\u5909\u96fb\u6240","vn_kv":77.0,"vm_pu":0.9826,"va_deg":10.01}},{"type":"Feature","geometry":{"type":"Point","coordinates":[136.90043,35.05028]},"properties":{"name":"\u6d45\u5c71\u4e00\u4e01\u76ee\u5909\u96fb\u6240 275kV","vn_kv":275.0,"vm_pu":1.0004,"va_deg":14.32}},{"type":"Feature","geometry":{"type":"Point","coordinates":[136.90043,35.05028]},"properties":{"name":"\u6d45\u5c71\u4e00\u4e01\u76ee\u5909\u96fb\u6240 154kV","vn_kv":154.0,"vm_pu":1.0009,"va_deg":14.22}},{"type":"Feature","geometry":{"type":"Point","coordinates":[136.90228,35.0665]},"properties":{"name":"\u5357\u67f4\u7530\u753a\u5909\u96fb\u6240 275kV","vn_kv":275.0,"vm_pu":1.0,"va_deg":14.38}},{"type":"Feature","geometry":{"type":"Point","coordinates":[136.90228,35.0665]},"properties":{"name":"\u5357\u67f4\u7530\u753a\u5909\u96fb\u6240 154kV","vn_kv":154.0,"vm_pu":0.992,"va_deg":11.57}},{"type":"Feature","geometry":{"type":"Point","coordinates":[136.90228,35.0665]},"properties":{"name":"\u5357\u67f4\u7530\u753a\u5909\u96fb\u6240 77kV","vn_kv":77.0,"vm_pu":0.9826,"va_deg":10.08}},{"type":"Feature","geometry":{"type":"Point","coordinates":[136.57452,34.83098]},"properties":{"name":"\u767d\u5b50\u5909\u96fb\u6240","vn_kv":77.0,"vm_pu":0.9972,"va_deg":16.18}},{"type":"Feature","geometry":{"type":"Point","coordinates":[136.61103,35.01065]},"properties":{"name":"\u5782\u5742\u753a\u5909\u96fb\u6240","vn_kv":154.0,"vm_pu":0.9993,"va_deg":8.91}},{"type":"Feature","geometry":{"type":"Point","coordinates":[137.11637,35.25105]},"properties":{"name":"\u516b\u5e8a\u753a\u5909\u96fb\u6240 77kV","vn_kv":77.0,"vm_pu":0.9922,"va_deg":9.89}},{"type":"Feature","geometry":{"type":"Point","coordinates":[137.11637,35.25105]},"properties":{"name":"\u516b\u5e8a\u753a\u5909\u96fb\u6240 (untyped)","vn_kv":66.0,"vm_pu":0.9835,"va_deg":8.59}},{"type":"Feature","geometry":{"type":"Point","coordinates":[137.11035,35.23164]},"properties":{"name":"\u6cc9\u753a\u5909\u96fb\u6240","vn_kv":77.0,"vm_pu":0.9917,"va_deg":10.11}},{"type":"Feature","geometry":{"type":"Point","coordinates":[137.10862,35.24094]},"properties":{"name":"\u6681\u753a\u5909\u96fb\u6240","vn_kv":77.0,"vm_pu":0.9917,"va_deg":9.99}},{"type":"Feature","geometry":{"type":"Point","coordinates":[137.80303,35.09073]},"properties":{"name":"\u5929\u7adc\u533a\u5909\u96fb\u6240_2","vn_kv":275.0,"vm_pu":1.0079,"va_deg":14.32}},{"type":"Feature","geometry":{"type":"Point","coordinates":[139.07469,35.97074]},"properties":{"name":"\u662d\u96fb\u79e9\u7236\u5909\u96fb\u6240","vn_kv":66.0,"vm_pu":1.0,"va_deg":0.0}},{"type":"Feature","geometry":{"type":"Point","coordinates":[137.16624,34.98839]},"properties":{"name":"\u5bff\u753a\u5909\u96fb\u6240","vn_kv":77.0,"vm_pu":0.989,"va_deg":11.78}},{"type":"Feature","geometry":{"type":"Point","coordinates":[136.24837,35.01724]},"properties":{"name":"\u65e5\u91ce\u5909\u96fb\u6240","vn_kv":66.0,"vm_pu":0.9789,"va_deg":8.18}},{"type":"Feature","geometry":{"type":"Point","coordinates":[136.10227,35.59658]},"properties":{"name":"\u758b\u7530\u5909\u96fb\u6240","vn_kv":154.0,"vm_pu":0.9975,"va_deg":10.36}},{"type":"Feature","geometry":{"type":"Point","coordinates":[137.06164,34.87083]},"properties":{"name":"\u897f\u5c3e\u5909\u96fb\u6240 275kV","vn_kv":275.0,"vm_pu":1.0017,"va_deg":15.65}},{"type":"Feature","geometry":{"type":"Point","coordinates":[137.06164,34.87083]},"properties":{"name":"\u897f\u5c3e\u5909\u96fb\u6240 77kV","vn_kv":77.0,"vm_pu":0.9912,"va_deg":12.57}},{"type":"Feature","geometry":{"type":"Point","coordinates":[137.06164,34.87083]},"properties":{"name":"\u897f\u5c3e\u5909\u96fb\u6240 (untyped)","vn_kv":66.0,"vm_pu":0.9825,"va_deg":11.27}},{"type":"Feature","geometry":{"type":"Point","coordinates":[137.0368,34.89138]},"properties":{"name":"\u5357\u5b89\u57ce\u5909\u96fb\u6240 154kV","vn_kv":154.0,"vm_pu":0.9907,"va_deg":12.17}},{"type":"Feature","geometry":{"type":"Point","coordinates":[137.0368,34.89138]},"properties":{"name":"\u5357\u5b89\u57ce\u5909\u96fb\u6240 77kV","vn_kv":77.0,"vm_pu":0.9919,"va_deg":13.06}},{"type":"Feature","geometry":{"type":"Point","coordinates":[137.07242,34.88307]},"properties":{"name":"\u4e2d\u539f\u5909\u96fb\u6240 77kV","vn_kv":77.0,"vm_pu":0.9911,"va_deg":12.48}},{"type":"Feature","geometry":{"type":"Point","coordinates":[137.07242,34.88307]},"properties":{"name":"\u4e2d\u539f\u5909\u96fb\u6240 (untyped)","vn_kv":66.0,"vm_pu":0.9824,"va_deg":11.17}},{"type":"Feature","geometry":{"type":"Point","coordinates":[137.77839,35.42683]},"properties":{"name":"\u4e09\u7a42\u5909\u96fb\u6240_2","vn_kv":66.0,"vm_pu":1.0,"va_deg":-1.09}},{"type":"Feature","geometry":{"type":"Point","coordinates":[137.0367,35.00641]},"properties":{"name":"\u5b9d\u4e8c\u4e01\u76ee\u5909\u96fb\u6240","vn_kv":77.0,"vm_pu":0.9877,"va_deg":11.51}},{"type":"Feature","geometry":{"type":"Point","coordinates":[137.03641,35.0057]},"properties":{"name":"\u5b9d\u4e8c\u4e01\u76ee\u5909\u96fb\u6240_2 77kV","vn_kv":77.0,"vm_pu":0.9878,"va_deg":11.52}},{"type":"Feature","geometry":{"type":"Point","coordinates":[137.03641,35.0057]},"properties":{"name":"\u5b9d\u4e8c\u4e01\u76ee\u5909\u96fb\u6240_2 (untyped)","vn_kv":66.0,"vm_pu":0.979,"va_deg":10.2}},{"type":"Feature","geometry":{"type":"Point","coordinates":[136.77909,36.99455]},"properties":{"name":"\u9577\u6ca2\u5909\u96fb\u6240","vn_kv":66.0,"vm_pu":1.0021,"va_deg":16.96}},{"type":"Feature","geometry":{"type":"Point","coordinates":[136.01601,35.75259]},"properties":{"name":"\u8272\u6d5c\u5909\u96fb\u6240","vn_kv":500.0,"vm_pu":1.0498,"va_deg":19.49}},{"type":"Feature","geometry":{"type":"Point","coordinates":[139.18522,36.36978]},"properties":{"name":"\u6771\u5927\u5ba4\u753a\u5909\u96fb\u6240","vn_kv":66.0,"vm_pu":1.0,"va_deg":0.0}},{"type":"Feature","geometry":{"type":"Point","coordinates":[139.15624,36.41218]},"properties":{"name":"\u5927\u80e1\u5909\u96fb\u6240","vn_kv":66.0,"vm_pu":1.0,"va_deg":0.0}},{"type":"Feature","geometry":{"type":"Point","coordinates":[136.02433,35.07592]},"properties":{"name":"\u7947\u738b\u5909\u96fb\u6240 77kV","vn_kv":77.0,"vm_pu":1.006,"va_deg":11.72}},{"type":"Feature","geometry":{"type":"Point","coordinates":[136.02433,35.07592]},"properties":{"name":"\u7947\u738b\u5909\u96fb\u6240 (untyped)","vn_kv":66.0,"vm_pu":0.9974,"va_deg":10.46}},{"type":"Feature","geometry":{"type":"Point","coordinates":[138.10172,34.68097]},"properties":{"name":"\u5e73\u7d44\u5909\u96fb\u6240","vn_kv":77.0,"vm_pu":1.0,"va_deg":17.9}},{"type":"Feature","geometry":{"type":"Point","coordinates":[139.03789,36.22921]},"properties":{"name":"\u9b8e\u5ddd\u5909\u96fb\u6240","vn_kv":66.0,"vm_pu":1.0,"va_deg":0.0}},{"type":"Feature","geometry":{"type":"Point","coordinates":[137.8012,35.51457]},"properties":{"name":"\u7fbd\u5834\u753a\u4e94\u4e01\u76ee\u5909\u96fb\u6240","vn_kv":66.0,"vm_pu":1.0,"va_deg":0.0}},{"type":"Feature","geometry":{"type":"Point","coordinates":[136.22544,35.22973]},"properties":{"name":"\u84ee\u53f0\u5bfa\u753a\u5909\u96fb\u6240","vn_kv":154.0,"vm_pu":1.0032,"va_deg":11.74}},{"type":"Feature","geometry":{"type":"Point","coordinates":[137.29308,36.60927]},"properties":{"name":"\u4e2d\u6edd\u5909\u96fb\u6240","vn_kv":66.0,"vm_pu":1.0,"va_deg":12.65}},{"type":"Feature","geometry":{"type":"Point","coordinates":[137.29183,36.60761]},"properties":{"name":"\u4e2d\u6edd\u5909\u96fb\u6240_2","vn_kv":66.0,"vm_pu":1.0,"va_deg":12.69}},{"type":"Feature","geometry":{"type":"Point","coordinates":[138.99453,36.33678]},"properties":{"name":"\u4e26\u698e\u753a\u5909\u96fb\u6240","vn_kv":66.0,"vm_pu":1.0,"va_deg":0.0}},{"type":"Feature","geometry":{"type":"Point","coordinates":[137.44538,34.8408]},"properties":{"name":"\u8cc0\u8302\u753a\u5909\u96fb\u6240","vn_kv":154.0,"vm_pu":1.0,"va_deg":14.25}},{"type":"Feature","geometry":{"type":"Point","coordinates":[138.98923,36.38651]},"properties":{"name":"\u4fdd\u6e21\u7530\u753a\u5909\u96fb\u6240","vn_kv":66.0,"vm_pu":1.0,"va_deg":0.0}},{"type":"Feature","geometry":{"type":"Point","coordinates":[136.55895,35.00826]},"properties":{"name":"\u8d64\u6c34\u753a\u5909\u96fb\u6240","vn_kv":154.0,"vm_pu":0.9992,"va_deg":8.33}},{"type":"Feature","geometry":{"type":"Point","coordinates":[136.98574,36.75244]},"properties":{"name":"\u6ce2\u5ca1\u5909\u96fb\u6240","vn_kv":66.0,"vm_pu":0.9997,"va_deg":10.02}},{"type":"Feature","geometry":{"type":"Point","coordinates":[136.96494,36.74932]},"properties":{"name":"\u56db\u65e5\u5e02\u5909\u96fb\u6240","vn_kv":66.0,"vm_pu":1.0,"va_deg":10.05}},{"type":"Feature","geometry":{"type":"Point","coordinates":[137.05877,36.06843]},"properties":{"name":"\u98db\u9a28\u5909\u63db\u6240","vn_kv":500.0,"vm_pu":1.0739,"va_deg":16.98}},{"type":"Feature","geometry":{"type":"Point","coordinates":[136.98162,36.68683]},"properties":{"name":"\u6238\u51fa\u5909\u96fb\u6240","vn_kv":66.0,"vm_pu":0.9979,"va_deg":10.31}},{"type":"Feature","geometry":{"type":"Point","coordinates":[136.93825,36.70773]},"properties":{"name":"\u798f\u5ca1\u753a\u4e0b\u84d1\u65b0\u5909\u96fb\u6240","vn_kv":66.0,"vm_pu":1.0,"va_deg":10.18}},{"type":"Feature","geometry":{"type":"Point","coordinates":[137.03458,36.77621]},"properties":{"name":"\u4e0b\u516b\u30b1\u5909\u96fb\u6240 154kV","vn_kv":154.0,"vm_pu":1.0025,"va_deg":13.06}},{"type":"Feature","geometry":{"type":"Point","coordinates":[137.03458,36.77621]},"properties":{"name":"\u4e0b\u516b\u30b1\u5909\u96fb\u6240 66kV","vn_kv":66.0,"vm_pu":0.9944,"va_deg":10.72}},{"type":"Feature","geometry":{"type":"Point","coordinates":[137.09007,36.75729]},"properties":{"name":"\u5c04\u6c34\u5909\u96fb\u6240","vn_kv":66.0,"vm_pu":0.9959,"va_deg":11.07}},{"type":"Feature","geometry":{"type":"Point","coordinates":[137.0067,36.75534]},"properties":{"name":"\u5e73\u7c73\u753a\u5909\u96fb\u6240","vn_kv":66.0,"vm_pu":0.9944,"va_deg":10.56}},{"type":"Feature","geometry":{"type":"Point","coordinates":[137.00374,36.65027]},"properties":{"name":"\u5e84\u4e2d\u5909\u96fb\u6240","vn_kv":66.0,"vm_pu":0.9975,"va_deg":10.42}},{"type":"Feature","geometry":{"type":"Point","coordinates":[137.01276,36.70791]},"properties":{"name":"\u4e8c\u585a\u5909\u96fb\u6240","vn_kv":66.0,"vm_pu":0.9958,"va_deg":10.37}},{"type":"Feature","geometry":{"type":"Point","coordinates":[137.00889,36.72993]},"properties":{"name":"\u6e05\u6c34\u753a\u4e8c\u4e01\u76ee\u5909\u96fb\u6240","vn_kv":66.0,"vm_pu":0.9948,"va_deg":10.44}},{"type":"Feature","geometry":{"type":"Point","coordinates":[137.02011,36.70502]},"properties":{"name":"\u5e83\u4e0a\u5909\u96fb\u6240","vn_kv":66.0,"vm_pu":0.9956,"va_deg":10.36}},{"type":"Feature","geometry":{"type":"Point","coordinates":[137.02538,36.76705]},"properties":{"name":"\u4e8c\u4e0a\u65b0\u5909\u96fb\u6240 66kV","vn_kv":66.0,"vm_pu":0.9943,"va_deg":10.71}},{"type":"Feature","geometry":{"type":"Point","coordinates":[137.02538,36.76705]},"properties":{"name":"\u4e8c\u4e0a\u65b0\u5909\u96fb\u6240 (untyped)","vn_kv":66.0,"vm_pu":1.0,"va_deg":0.0}},{"type":"Feature","geometry":{"type":"Point","coordinates":[137.08795,36.72007]},"properties":{"name":"\u4e09\u30b1\u5909\u96fb\u6240","vn_kv":66.0,"vm_pu":0.9951,"va_deg":10.74}},{"type":"Feature","geometry":{"type":"Point","coordinates":[137.03131,36.64406]},"properties":{"name":"\u798f\u5ca1\u5909\u96fb\u6240","vn_kv":66.0,"vm_pu":1.0,"va_deg":10.57}},{"type":"Feature","geometry":{"type":"Point","coordinates":[136.8422,36.49926]},"properties":{"name":"\u592a\u7f8e\u5909\u96fb\u6240","vn_kv":66.0,"vm_pu":0.9839,"va_deg":9.2}},{"type":"Feature","geometry":{"type":"Point","coordinates":[136.99426,36.61884]},"properties":{"name":"\u592a\u7530\u5909\u96fb\u6240_4","vn_kv":66.0,"vm_pu":1.0,"va_deg":10.27}},{"type":"Feature","geometry":{"type":"Point","coordinates":[137.00617,36.7683]},"properties":{"name":"\u5b88\u8b77\u753a\u4e00\u4e01\u76ee\u5909\u96fb\u6240","vn_kv":66.0,"vm_pu":0.9944,"va_deg":10.58}},{"type":"Feature","geometry":{"type":"Point","coordinates":[136.89912,36.6855]},"properties":{"name":"\u67f3\u539f\u5909\u96fb\u6240","vn_kv":66.0,"vm_pu":0.9991,"va_deg":10.02}},{"type":"Feature","geometry":{"type":"Point","coordinates":[136.0713,35.46845]},"properties":{"name":"\u9ad8\u5cf6\u5e02\u5909\u96fb\u6240 154kV","vn_kv":154.0,"vm_pu":0.995,"va_deg":9.91}},{"type":"Feature","geometry":{"type":"Point","coordinates":[136.0713,35.46845]},"properties":{"name":"\u9ad8\u5cf6\u5e02\u5909\u96fb\u6240 77kV","vn_kv":77.0,"vm_pu":0.9961,"va_deg":9.33}},{"type":"Feature","geometry":{"type":"Point","coordinates":[136.20545,35.79027]},"properties":{"name":"\u516b\u4e59\u5973\u5909\u96fb\u6240","vn_kv":66.0,"vm_pu":1.0022,"va_deg":12.27}},{"type":"Feature","geometry":{"type":"Point","coordinates":[136.15576,35.90187]},"properties":{"name":"\u4e2d\u592e\u4e00\u4e01\u76ee\u5909\u96fb\u6240 77kV","vn_kv":77.0,"vm_pu":0.9998,"va_deg":11.61}},{"type":"Feature","geometry":{"type":"Point","coordinates":[136.15576,35.90187]},"properties":{"name":"\u4e2d\u592e\u4e00\u4e01\u76ee\u5909\u96fb\u6240 (untyped)","vn_kv":66.0,"vm_pu":0.9912,"va_deg":10.33}},{"type":"Feature","geometry":{"type":"Point","coordinates":[136.2218,34.91654]},"properties":{"name":"\u7532\u8cc0\u753a\u9ce5\u5c45\u91ce\u5909\u96fb\u6240","vn_kv":77.0,"vm_pu":0.9817,"va_deg":7.92}},{"type":"Feature","geometry":{"type":"Point","coordinates":[137.32117,36.68949]},"properties":{"name":"\u5bfa\u7530\u5909\u96fb\u6240 66kV","vn_kv":66.0,"vm_pu":0.9989,"va_deg":11.59}},{"type":"Feature","geometry":{"type":"Point","coordinates":[137.32117,36.68949]},"properties":{"name":"\u5bfa\u7530\u5909\u96fb\u6240 (untyped)","vn_kv":66.0,"vm_pu":1.0,"va_deg":0.0}},{"type":"Feature","geometry":{"type":"Point","coordinates":[136.50189,35.99526]},"properties":{"name":"\u53cb\u6c5f\u5909\u96fb\u6240","vn_kv":66.0,"vm_pu":1.0671,"va_deg":17.97}},{"type":"Feature","geometry":{"type":"Point","coordinates":[138.92139,36.33488]},"properties":{"name":"\u4e2d\u5bbf\u4e00\u4e01\u76ee\u5909\u96fb\u6240","vn_kv":66.0,"vm_pu":1.0,"va_deg":0.0}},{"type":"Feature","geometry":{"type":"Point","coordinates":[137.24656,36.68741]},"properties":{"name":"\u9577\u6c5f\u5909\u96fb\u6240","vn_kv":66.0,"vm_pu":0.9975,"va_deg":11.76}},{"type":"Feature","geometry":{"type":"Point","coordinates":[137.31415,36.66622]},"properties":{"name":"\u524d\u6ca2\u65b0\u753a\u5909\u96fb\u6240","vn_kv":66.0,"vm_pu":1.0,"va_deg":11.59}},{"type":"Feature","geometry":{"type":"Point","coordinates":[137.31579,36.58296]},"properties":{"name":"\u6771\u5c0f\u4fe3\u5909\u96fb\u6240","vn_kv":66.0,"vm_pu":0.9995,"va_deg":12.78}},{"type":"Feature","geometry":{"type":"Point","coordinates":[137.20148,36.56063]},"properties":{"name":"\u6625\u65e5\u5909\u96fb\u6240_3 66kV","vn_kv":66.0,"vm_pu":0.9953,"va_deg":11.4}},{"type":"Feature","geometry":{"type":"Point","coordinates":[137.20148,36.56063]},"properties":{"name":"\u6625\u65e5\u5909\u96fb\u6240_3 (untyped)","vn_kv":66.0,"vm_pu":1.0,"va_deg":0.0}},{"type":"Feature","geometry":{"type":"Point","coordinates":[137.1609,36.66474]},"properties":{"name":"\u5a66\u4e2d\u753a\u6771\u672c\u90f7\u5909\u96fb\u6240","vn_kv":66.0,"vm_pu":0.9964,"va_deg":11.28}},{"type":"Feature","geometry":{"type":"Point","coordinates":[137.16279,36.64756]},"properties":{"name":"\u5a66\u4e2d\u753a\u86cd\u5ddd\u5909\u96fb\u6240","vn_kv":66.0,"vm_pu":0.9969,"va_deg":11.29}},{"type":"Feature","geometry":{"type":"Point","coordinates":[137.17327,36.6203]},"properties":{"name":"\u5a66\u4e2d\u753a\u65b0\u5c4b\u5909\u96fb\u6240 275kV","vn_kv":275.0,"vm_pu":1.0264,"va_deg":14.09}},{"type":"Feature","geometry":{"type":"Point","coordinates":[137.17327,36.6203]},"properties":{"name":"\u5a66\u4e2d\u753a\u65b0\u5c4b\u5909\u96fb\u6240 66kV","vn_kv":66.0,"vm_pu":0.9986,"va_deg":11.36}},{"type":"Feature","geometry":{"type":"Point","coordinates":[137.17371,36.59985]},"properties":{"name":"\u516b\u5c3e\u753a\u6ec5\u9b3c\u5909\u96fb\u6240","vn_kv":66.0,"vm_pu":1.0,"va_deg":11.36}},{"type":"Feature","geometry":{"type":"Point","coordinates":[136.65748,36.52876]},"properties":{"name":"\u9577\u5742\u753a\u5909\u96fb\u6240","vn_kv":77.0,"vm_pu":0.9805,"va_deg":9.41}},{"type":"Feature","geometry":{"type":"Point","coordinates":[136.69486,36.53051]},"properties":{"name":"\u7530\u4e0a\u5909\u96fb\u6240","vn_kv":77.0,"vm_pu":0.9803,"va_deg":9.39}},{"type":"Feature","geometry":{"type":"Point","coordinates":[136.61918,36.51365]},"properties":{"name":"\u984d\u5909\u96fb\u6240","vn_kv":77.0,"vm_pu":0.982,"va_deg":9.63}},{"type":"Feature","geometry":{"type":"Point","coordinates":[136.57478,36.43948]},"properties":{"name":"\u5ca9\u5185\u753a\u5909\u96fb\u6240 154kV","vn_kv":154.0,"vm_pu":1.006,"va_deg":12.31}},{"type":"Feature","geometry":{"type":"Point","coordinates":[136.57478,36.43948]},"properties":{"name":"\u5ca9\u5185\u753a\u5909\u96fb\u6240 77kV","vn_kv":77.0,"vm_pu":0.986,"va_deg":9.56}},{"type":"Feature","geometry":{"type":"Point","coordinates":[136.57309,36.44616]},"properties":{"name":"\u5ca9\u5185\u753a\u5909\u96fb\u6240_2 77kV","vn_kv":77.0,"vm_pu":0.9859,"va_deg":9.53}},{"type":"Feature","geometry":{"type":"Point","coordinates":[136.57309,36.44616]},"properties":{"name":"\u5ca9\u5185\u753a\u5909\u96fb\u6240_2 66kV","vn_kv":66.0,"vm_pu":0.9772,"va_deg":8.21}},{"type":"Feature","geometry":{"type":"Point","coordinates":[136.82482,36.49955]},"properties":{"name":"\u5357\u798f\u5149\u5909\u96fb\u6240","vn_kv":66.0,"vm_pu":0.9795,"va_deg":8.83}},{"type":"Feature","geometry":{"type":"Point","coordinates":[136.90118,36.27988]},"properties":{"name":"\u98ef\u5cf6\u5909\u96fb\u6240","vn_kv":275.0,"vm_pu":1.0366,"va_deg":13.47}},{"type":"Feature","geometry":{"type":"Point","coordinates":[136.87458,36.35495]},"properties":{"name":"\u6210\u51fa\u5909\u96fb\u6240","vn_kv":275.0,"vm_pu":1.036,"va_deg":13.73}},{"type":"Feature","geometry":{"type":"Point","coordinates":[136.98003,36.47771]},"properties":{"name":"\u57ce\u5909\u96fb\u6240 275kV","vn_kv":275.0,"vm_pu":1.0277,"va_deg":14.34}},{"type":"Feature","geometry":{"type":"Point","coordinates":[136.98003,36.47771]},"properties":{"name":"\u57ce\u5909\u96fb\u6240 154kV","vn_kv":154.0,"vm_pu":1.01,"va_deg":12.87}},{"type":"Feature","geometry":{"type":"Point","coordinates":[136.98186,36.47796]},"properties":{"name":"\u57ce\u5909\u96fb\u6240_2","vn_kv":275.0,"vm_pu":1.0277,"va_deg":14.34}},{"type":"Feature","geometry":{"type":"Point","coordinates":[136.88284,36.56348]},"properties":{"name":"\u4e0b\u5409\u6c5f\u5909\u96fb\u6240","vn_kv":154.0,"vm_pu":1.0065,"va_deg":12.6}},{"type":"Feature","geometry":{"type":"Point","coordinates":[136.01987,35.75136]},"properties":{"name":"\u8272\u6d5c\u5909\u96fb\u6240_2","vn_kv":275.0,"vm_pu":1.0,"va_deg":22.78}},{"type":"Feature","geometry":{"type":"Point","coordinates":[137.80722,35.36417]},"properties":{"name":"\u53e4\u57ce\u5909\u96fb\u6240","vn_kv":154.0,"vm_pu":1.0,"va_deg":13.1}},{"type":"Feature","geometry":{"type":"Point","coordinates":[137.67261,35.45645]},"properties":{"name":"\u5712\u539f\u5909\u96fb\u6240","vn_kv":66.0,"vm_pu":1.0,"va_deg":0.0}},{"type":"Feature","geometry":{"type":"Point","coordinates":[136.98812,36.01989]},"properties":{"name":"\u9ad8\u5c71\u5e02\u5909\u96fb\u6240","vn_kv":77.0,"vm_pu":1.0098,"va_deg":9.58}},{"type":"Feature","geometry":{"type":"Point","coordinates":[136.90744,36.00193]},"properties":{"name":"\u90e1\u4e0a\u5e02\u5909\u96fb\u6240","vn_kv":77.0,"vm_pu":1.01,"va_deg":9.6}},{"type":"Feature","geometry":{"type":"Point","coordinates":[137.74458,35.44359]},"properties":{"name":"\u99d2\u5834\u5909\u96fb\u6240","vn_kv":66.0,"vm_pu":1.0,"va_deg":0.0}},{"type":"Feature","geometry":{"type":"Point","coordinates":[137.97386,36.20849]},"properties":{"name":"\u51fa\u5ddd\u4e8c\u4e01\u76ee\u5909\u96fb\u6240","vn_kv":77.0,"vm_pu":1.0,"va_deg":3.5}},{"type":"Feature","geometry":{"type":"Point","coordinates":[136.96858,34.91549]},"properties":{"name":"\u65b0\u5c45\u753a\u4e94\u4e01\u76ee\u5909\u96fb\u6240","vn_kv":154.0,"vm_pu":0.9989,"va_deg":13.84}},{"type":"Feature","geometry":{"type":"Point","coordinates":[136.91581,34.85512]},"properties":{"name":"\u5929\u795e\u524d\u4e8c\u4e01\u76ee\u5909\u96fb\u6240","vn_kv":66.0,"vm_pu":1.0,"va_deg":14.88}},{"type":"Feature","geometry":{"type":"Point","coordinates":[136.03597,35.36037]},"properties":{"name":"\u65b0\u65ed\u5909\u96fb\u6240 77kV","vn_kv":77.0,"vm_pu":0.9918,"va_deg":8.63}},{"type":"Feature","geometry":{"type":"Point","coordinates":[136.03597,35.36037]},"properties":{"name":"\u65b0\u65ed\u5909\u96fb\u6240 66kV","vn_kv":66.0,"vm_pu":0.9833,"va_deg":7.36}},{"type":"Feature","geometry":{"type":"Point","coordinates":[139.02509,35.60463]},"properties":{"name":"\u6881\u5ddd\u5909\u96fb\u6240","vn_kv":66.0,"vm_pu":0.9978,"va_deg":-0.03}},{"type":"Feature","geometry":{"type":"Point","coordinates":[139.18821,36.46804]},"properties":{"name":"\u82d7\u30f6\u5cf6\u753a\u5909\u96fb\u6240","vn_kv":66.0,"vm_pu":1.0,"va_deg":0.0}},{"type":"Feature","geometry":{"type":"Point","coordinates":[139.02999,36.65037]},"properties":{"name":"\u6cbc\u7530\u5909\u96fb\u6240","vn_kv":66.0,"vm_pu":1.0,"va_deg":0.0}},{"type":"Feature","geometry":{"type":"Point","coordinates":[137.68718,35.83668]},"properties":{"name":"\u6728\u66fd\u753a\u5909\u96fb\u6240_3","vn_kv":154.0,"vm_pu":0.9996,"va_deg":9.3}},{"type":"Feature","geometry":{"type":"Point","coordinates":[138.22598,35.26447]},"properties":{"name":"\u8475\u533a\u5909\u96fb\u6240_3","vn_kv":154.0,"vm_pu":1.0,"va_deg":13.64}},{"type":"Feature","geometry":{"type":"Point","coordinates":[138.9309,36.25671]},"properties":{"name":"\u798f\u5cf6\u5909\u96fb\u6240","vn_kv":66.0,"vm_pu":1.0,"va_deg":0.0}},{"type":"Feature","geometry":{"type":"Point","coordinates":[138.47438,36.06194]},"properties":{"name":"\u5c0f\u6d77\u753a\u5909\u96fb\u6240_3","vn_kv":77.0,"vm_pu":0.9192,"va_deg":-9.63}},{"type":"Feature","geometry":{"type":"Point","coordinates":[138.48318,36.08124]},"properties":{"name":"\u5c0f\u6d77\u753a\u5909\u96fb\u6240_4","vn_kv":77.0,"vm_pu":0.9206,"va_deg":-9.49}},{"type":"Feature","geometry":{"type":"Point","coordinates":[138.47715,36.12991]},"properties":{"name":"\u4f50\u4e45\u7a42\u753a\u5909\u96fb\u6240","vn_kv":77.0,"vm_pu":0.9307,"va_deg":-8.53}},{"type":"Feature","geometry":{"type":"Point","coordinates":[138.63637,36.32803]},"properties":{"name":"\u8efd\u4e95\u6ca2\u5909\u96fb\u6240","vn_kv":77.0,"vm_pu":0.9504,"va_deg":-6.4}},{"type":"Feature","geometry":{"type":"Point","coordinates":[136.06143,34.88083]},"properties":{"name":"\u4fe1\u697d\u5909\u96fb\u6240","vn_kv":77.0,"vm_pu":0.9818,"va_deg":7.88}},{"type":"Feature","geometry":{"type":"Point","coordinates":[137.92703,36.98996]},"properties":{"name":"\u7cf8\u9b5a\u5ddd\u5e02\u5909\u96fb\u6240","vn_kv":66.0,"vm_pu":1.0,"va_deg":21.53}},{"type":"Feature","geometry":{"type":"Point","coordinates":[136.17783,34.97402]},"properties":{"name":"\u6c34\u53e3\u5909\u96fb\u6240","vn_kv":77.0,"vm_pu":0.9815,"va_deg":8.09}},{"type":"Feature","geometry":{"type":"Point","coordinates":[137.71792,34.68739]},"properties":{"name":"\u4e2d\u90e8\u96fb\u529b\u30d1\u30ef\u30fc\u30b0\u30ea\u30c3\u30c9\u682a\u5f0f\u4f1a\u793e \u795e\u7530\u753a\u5909\u96fb\u6240","vn_kv":77.0,"vm_pu":1.0,"va_deg":15.95}},{"type":"Feature","geometry":{"type":"Point","coordinates":[137.11026,35.15571]},"properties":{"name":"\u5927\u7551\u753a\u5909\u96fb\u6240","vn_kv":66.0,"vm_pu":1.0066,"va_deg":13.44}},{"type":"Feature","geometry":{"type":"Point","coordinates":[136.95001,34.91209]},"properties":{"name":"\u5927\u677e\u753a\u4e8c\u4e01\u76ee\u5909\u96fb\u6240","vn_kv":154.0,"vm_pu":0.9993,"va_deg":13.97}},{"type":"Feature","geometry":{"type":"Point","coordinates":[138.9049,35.95727]},"properties":{"name":"\u6edd\u6ca2\u767a\u96fb\u6240\u5909\u96fb\u8a2d\u5099","vn_kv":66.0,"vm_pu":1.0,"va_deg":0.0}},{"type":"Feature","geometry":{"type":"Point","coordinates":[139.05341,35.95895]},"properties":{"name":"\u6d66\u5c71\u767a\u96fb\u6240\u5909\u96fb\u8a2d\u5099","vn_kv":66.0,"vm_pu":1.0,"va_deg":0.0}},{"type":"Feature","geometry":{"type":"Point","coordinates":[139.16895,36.11674]},"properties":{"name":"\u7389\u6dc0\u767a\u96fb\u6240 \u5909\u96fb\u8a2d\u5099","vn_kv":66.0,"vm_pu":1.0,"va_deg":0.0}},{"type":"Feature","geometry":{"type":"Point","coordinates":[139.11105,35.9748]},"properties":{"name":"\u6a2a\u702c\u5909\u96fb\u6240","vn_kv":66.0,"vm_pu":1.0,"va_deg":0.0}},{"type":"Feature","geometry":{"type":"Point","coordinates":[139.08681,36.00061]},"properties":{"name":"\u79e9\u7236\u5909\u96fb\u6240","vn_kv":66.0,"vm_pu":1.0,"va_deg":0.0}},{"type":"Feature","geometry":{"type":"Point","coordinates":[138.14485,36.4987]},"properties":{"name":"\u4e2d\u90e8\u96fb\u529b(\u682a) \u6238\u5009\u5909\u96fb\u6240","vn_kv":77.0,"vm_pu":1.0,"va_deg":5.69}},{"type":"Feature","geometry":{"type":"Point","coordinates":[136.68566,35.89215]},"properties":{"name":"\u5927\u91ce\u5e02\u5909\u96fb\u6240 154kV","vn_kv":154.0,"vm_pu":1.0029,"va_deg":13.97}},{"type":"Feature","geometry":{"type":"Point","coordinates":[136.68566,35.89215]},"properties":{"name":"\u5927\u91ce\u5e02\u5909\u96fb\u6240 (untyped)","vn_kv":66.0,"vm_pu":0.9942,"va_deg":12.69}},{"type":"Feature","geometry":{"type":"Point","coordinates":[136.21213,34.90193]},"properties":{"name":"\u7532\u8cc0\u753a\u5927\u539f\u5e02\u5834\u5909\u96fb\u6240","vn_kv":66.0,"vm_pu":1.0,"va_deg":0.0}},{"type":"Feature","geometry":{"type":"Point","coordinates":[137.01107,35.09723]},"properties":{"name":"\u4e2d\u90e8\u96fb\u529b\u30d1\u30ef\u30fc\u30b0\u30ea\u30c3\u30c9 \u767d\u571f\u5909\u96fb\u6240 154kV","vn_kv":154.0,"vm_pu":0.9911,"va_deg":11.51}},{"type":"Feature","geometry":{"type":"Point","coordinates":[137.01107,35.09723]},"properties":{"name":"\u4e2d\u90e8\u96fb\u529b\u30d1\u30ef\u30fc\u30b0\u30ea\u30c3\u30c9 \u767d\u571f\u5909\u96fb\u6240 77kV","vn_kv":77.0,"vm_pu":0.9823,"va_deg":9.87}},{"type":"Feature","geometry":{"type":"Point","coordinates":[136.5746,35.35185]},"properties":{"name":"\u5341\u516d\u753a\u5909\u96fb\u6240","vn_kv":275.0,"vm_pu":1.01,"va_deg":9.29}},{"type":"Feature","geometry":{"type":"Point","coordinates":[137.4006,35.4643]},"properties":{"name":"\u5927\u4e95\u5909\u96fb\u6240","vn_kv":77.0,"vm_pu":0.9946,"va_deg":12.67}},{"type":"Feature","geometry":{"type":"Point","coordinates":[137.92747,34.74536]},"properties":{"name":"\u888b\u4e95\u5909\u96fb\u6240","vn_kv":77.0,"vm_pu":0.9989,"va_deg":14.83}},{"type":"Feature","geometry":{"type":"Point","coordinates":[138.09679,34.75341]},"properties":{"name":"\u4e2d\u90e8\u96fb\u529b\u30d1\u30ef\u30fc\u30b0\u30ea\u30c3\u30c9 \u83ca\u5ddd\u5909\u96fb\u6240","vn_kv":77.0,"vm_pu":1.0023,"va_deg":16.16}},{"type":"Feature","geometry":{"type":"Point","coordinates":[137.03591,34.98385]},"properties":{"name":"\u5730\u8535\u5c71\u5909\u96fb\u6240 154kV","vn_kv":154.0,"vm_pu":0.9898,"va_deg":11.76}},{"type":"Feature","geometry":{"type":"Point","coordinates":[137.03591,34.98385]},"properties":{"name":"\u5730\u8535\u5c71\u5909\u96fb\u6240 77kV","vn_kv":77.0,"vm_pu":0.986,"va_deg":11.26}},{"type":"Feature","geometry":{"type":"Point","coordinates":[137.03591,34.98385]},"properties":{"name":"\u5730\u8535\u5c71\u5909\u96fb\u6240 (untyped)","vn_kv":66.0,"vm_pu":0.9772,"va_deg":9.94}},{"type":"Feature","geometry":{"type":"Point","coordinates":[137.05491,34.99718]},"properties":{"name":"\u65b0\u6c60\u5909\u96fb\u6240","vn_kv":66.0,"vm_pu":0.9885,"va_deg":11.63}},{"type":"Feature","geometry":{"type":"Point","coordinates":[137.93612,36.44342]},"properties":{"name":"\u751f\u5742\u6751\u5909\u96fb\u6240","vn_kv":66.0,"vm_pu":1.0,"va_deg":-0.38}},{"type":"Feature","geometry":{"type":"Point","coordinates":[137.09369,36.76188]},"properties":{"name":"\u4e45\u3005\u6e4a\u5909\u96fb\u6240 154kV","vn_kv":154.0,"vm_pu":1.0016,"va_deg":13.02}},{"type":"Feature","geometry":{"type":"Point","coordinates":[137.09369,36.76188]},"properties":{"name":"\u4e45\u3005\u6e4a\u5909\u96fb\u6240 66kV","vn_kv":66.0,"vm_pu":0.9959,"va_deg":11.09}},{"type":"Feature","geometry":{"type":"Point","coordinates":[137.10314,36.7539]},"properties":{"name":"\u91ce\u6751\u5909\u96fb\u6240 154kV","vn_kv":154.0,"vm_pu":1.0017,"va_deg":13.04}},{"type":"Feature","geometry":{"type":"Point","coordinates":[137.10314,36.7539]},"properties":{"name":"\u91ce\u6751\u5909\u96fb\u6240 66kV","vn_kv":66.0,"vm_pu":0.996,"va_deg":11.13}},{"type":"Feature","geometry":{"type":"Point","coordinates":[137.1288,36.74718]},"properties":{"name":"\u6771\u5c04\u6c34\u5909\u96fb\u6240 275kV","vn_kv":275.0,"vm_pu":1.0014,"va_deg":15.65}},{"type":"Feature","geometry":{"type":"Point","coordinates":[137.1288,36.74718]},"properties":{"name":"\u6771\u5c04\u6c34\u5909\u96fb\u6240 66kV","vn_kv":66.0,"vm_pu":0.9965,"va_deg":11.3}},{"type":"Feature","geometry":{"type":"Point","coordinates":[139.1205,35.29205]},"properties":{"name":"\u897f\u76f8\u6a21\u5909\u96fb\u6240","vn_kv":77.0,"vm_pu":0.967,"va_deg":-3.15}},{"type":"Feature","geometry":{"type":"Point","coordinates":[136.49883,36.48477]},"properties":{"name":"\u5317\u9678\u96fb\u529b\u9001\u914d\u96fb(\u682a)\u7f8e\u5ddd\u5909\u96fb\u6240","vn_kv":66.0,"vm_pu":1.0,"va_deg":0.0}},{"type":"Feature","geometry":{"type":"Point","coordinates":[137.04609,35.43901]},"properties":{"name":"\u5ddd\u5408\u5317\u4e09\u4e01\u76ee\u5909\u96fb\u6240 77kV","vn_kv":77.0,"vm_pu":1.0,"va_deg":9.44}},{"type":"Feature","geometry":{"type":"Point","coordinates":[137.04609,35.43901]},"properties":{"name":"\u5ddd\u5408\u5317\u4e09\u4e01\u76ee\u5909\u96fb\u6240 (untyped)","vn_kv":66.0,"vm_pu":0.9913,"va_deg":8.15}},{"type":"Feature","geometry":{"type":"Point","coordinates":[137.02459,35.44404]},"properties":{"name":"\u592a\u7530\u5909\u96fb\u6240","vn_kv":77.0,"vm_pu":1.0024,"va_deg":10.45}},{"type":"Feature","geometry":{"type":"Point","coordinates":[137.10517,34.98022]},"properties":{"name":"\u5c3e\u5d0e\u753a\u5909\u96fb\u6240","vn_kv":77.0,"vm_pu":0.9878,"va_deg":11.3}},{"type":"Feature","geometry":{"type":"Point","coordinates":[136.07074,35.09692]},"properties":{"name":"\u4e0a\u91ce\u753a\u5909\u96fb\u6240 154kV","vn_kv":154.0,"vm_pu":1.0088,"va_deg":11.95}},{"type":"Feature","geometry":{"type":"Point","coordinates":[136.07074,35.09692]},"properties":{"name":"\u4e0a\u91ce\u753a\u5909\u96fb\u6240 77kV","vn_kv":77.0,"vm_pu":1.0032,"va_deg":11.6}},{"type":"Feature","geometry":{"type":"Point","coordinates":[137.19336,34.91559]},"properties":{"name":"\u7f8e\u5408\u753a\u5909\u96fb\u6240","vn_kv":77.0,"vm_pu":0.9856,"va_deg":11.89}},{"type":"Feature","geometry":{"type":"Point","coordinates":[137.23768,34.89672]},"properties":{"name":"\u7fbd\u6817\u5909\u96fb\u6240","vn_kv":77.0,"vm_pu":0.983,"va_deg":11.74}},{"type":"Feature","geometry":{"type":"Point","coordinates":[137.23666,34.90174]},"properties":{"name":"\u821e\u6728\u753a\u5909\u96fb\u6240","vn_kv":77.0,"vm_pu":0.9828,"va_deg":11.73}},{"type":"Feature","geometry":{"type":"Point","coordinates":[137.15104,35.06547]},"properties":{"name":"\u4e0b\u5e02\u5834\u753a\u4e00\u4e01\u76ee\u5909\u96fb\u6240","vn_kv":77.0,"vm_pu":0.9929,"va_deg":11.87}},{"type":"Feature","geometry":{"type":"Point","coordinates":[136.50528,35.97673]},"properties":{"name":"\u6771\u4e2d\u5909\u96fb\u6240","vn_kv":66.0,"vm_pu":1.0635,"va_deg":18.2}},{"type":"Feature","geometry":{"type":"Point","coordinates":[136.25992,35.26623]},"properties":{"name":"Yasukiyocho\u5909\u96fb\u6240","vn_kv":77.0,"vm_pu":1.0,"va_deg":12.0}},{"type":"Feature","geometry":{"type":"Point","coordinates":[139.11327,35.61946]},"properties":{"name":"\u4e0a\u91ce\u539f\u5909\u96fb\u6240","vn_kv":66.0,"vm_pu":1.0,"va_deg":0.56}},{"type":"Feature","geometry":{"type":"Point","coordinates":[138.82472,35.60268]},"properties":{"name":"\u7b39\u5b50\u5909\u96fb\u6240","vn_kv":66.0,"vm_pu":0.9981,"va_deg":-0.26}},{"type":"Feature","geometry":{"type":"Point","coordinates":[136.56949,35.46262]},"properties":{"name":"\u63d6\u6590\u5909\u96fb\u6240 500kV","vn_kv":500.0,"vm_pu":1.0587,"va_deg":15.44}},{"type":"Feature","geometry":{"type":"Point","coordinates":[136.56949,35.46262]},"properties":{"name":"\u63d6\u6590\u5909\u96fb\u6240 154kV","vn_kv":154.0,"vm_pu":1.0082,"va_deg":10.56}},{"type":"Feature","geometry":{"type":"Point","coordinates":[136.56949,35.46262]},"properties":{"name":"\u63d6\u6590\u5909\u96fb\u6240 77kV","vn_kv":77.0,"vm_pu":0.9991,"va_deg":8.8}},{"type":"Feature","geometry":{"type":"Point","coordinates":[136.59885,35.41769]},"properties":{"name":"\u5ddd\u897f\u5909\u96fb\u6240","vn_kv":154.0,"vm_pu":1.0057,"va_deg":10.09}},{"type":"Feature","geometry":{"type":"Point","coordinates":[136.9702,35.15995]},"properties":{"name":"\u540d\u53e4\u5c4b\u5e02\u4ea4\u901a\u5c40 \u5510\u5c71\u5909\u96fb\u6240","vn_kv":77.0,"vm_pu":0.9783,"va_deg":8.93}},{"type":"Feature","geometry":{"type":"Point","coordinates":[136.90685,35.15296]},"properties":{"name":"\u540d\u53e4\u5c4b\u5e02\u4ea4\u901a\u5c40 \u524d\u6d25\u96fb\u6c17\u4e8b\u52d9\u6240","vn_kv":66.0,"vm_pu":1.0,"va_deg":0.0}},{"type":"Feature","geometry":{"type":"Point","coordinates":[136.77932,35.41218]},"properties":{"name":"\u82b1\u6ca2\u753a\u4e8c\u4e01\u76ee\u5909\u96fb\u6240","vn_kv":66.0,"vm_pu":0.9999,"va_deg":-0.0}},{"type":"Feature","geometry":{"type":"Point","coordinates":[136.19466,36.07879]},"properties":{"name":"\u798f\u4e95\u958b\u9589\u6240","vn_kv":77.0,"vm_pu":0.9943,"va_deg":10.67}},{"type":"Feature","geometry":{"type":"Point","coordinates":[136.13402,36.0049]},"properties":{"name":"\u4e39\u751f\u5909\u96fb\u6240 154kV","vn_kv":154.0,"vm_pu":1.0023,"va_deg":11.95}},{"type":"Feature","geometry":{"type":"Point","coordinates":[136.13402,36.0049]},"properties":{"name":"\u4e39\u751f\u5909\u96fb\u6240 77kV","vn_kv":77.0,"vm_pu":0.9991,"va_deg":11.49}},{"type":"Feature","geometry":{"type":"Point","coordinates":[136.13402,36.0049]},"properties":{"name":"\u4e39\u751f\u5909\u96fb\u6240 (untyped)","vn_kv":154.0,"vm_pu":1.0,"va_deg":0.0}},{"type":"Feature","geometry":{"type":"Point","coordinates":[136.18188,35.987]},"properties":{"name":"\u795e\u660e\u5909\u96fb\u6240","vn_kv":77.0,"vm_pu":0.9974,"va_deg":11.27}},{"type":"Feature","geometry":{"type":"Point","coordinates":[136.22121,36.07922]},"properties":{"name":"\u5317\u798f\u4e95\u5909\u96fb\u6240","vn_kv":77.0,"vm_pu":0.9943,"va_deg":10.65}},{"type":"Feature","geometry":{"type":"Point","coordinates":[136.23649,35.91002]},"properties":{"name":"\u5343\u539f\u753a\u5909\u96fb\u6240","vn_kv":154.0,"vm_pu":1.0059,"va_deg":12.1}},{"type":"Feature","geometry":{"type":"Point","coordinates":[138.82087,36.92247]},"properties":{"name":"\u65b0\u6e6f\u6ca2\u5909\u96fb\u6240","vn_kv":275.0,"vm_pu":1.0,"va_deg":0.0}},{"type":"Feature","geometry":{"type":"Point","coordinates":[138.11726,36.53825]},"properties":{"name":"\u4e2d\u90e8\u96fb\u529b\u30d1\u30ef\u30fc\u30b0\u30ea\u30c3\u30c9(\u682a) \u5c4b\u4ee3\u5909\u96fb\u6240","vn_kv":77.0,"vm_pu":1.0,"va_deg":5.01}},{"type":"Feature","geometry":{"type":"Point","coordinates":[136.95251,35.07188]},"properties":{"name":"\u4e2d\u90e8\u96fb\u529b\u30d1\u30ef\u30fc\u30b0\u30ea\u30c3\u30c9 \u6bcd\u5442\u5f8c\u5909\u96fb\u6240","vn_kv":77.0,"vm_pu":0.9826,"va_deg":10.05}},{"type":"Feature","geometry":{"type":"Point","coordinates":[138.19453,36.55305]},"properties":{"name":"\u677e\u4ee3\u5909\u96fb\u6240","vn_kv":77.0,"vm_pu":1.0,"va_deg":4.84}},{"type":"Feature","geometry":{"type":"Point","coordinates":[136.78664,36.89618]},"properties":{"name":"\u6771\u5ddd\u539f\u753a\u5909\u96fb\u6240","vn_kv":66.0,"vm_pu":1.0,"va_deg":18.54}},{"type":"Feature","geometry":{"type":"Point","coordinates":[137.57008,36.82293]},"properties":{"name":"\u9ed2\u90e8\u5e02\u5909\u96fb\u6240_3 154kV","vn_kv":154.0,"vm_pu":1.0014,"va_deg":13.2}},{"type":"Feature","geometry":{"type":"Point","coordinates":[137.57008,36.82293]},"properties":{"name":"\u9ed2\u90e8\u5e02\u5909\u96fb\u6240_3 66kV","vn_kv":66.0,"vm_pu":0.9969,"va_deg":12.26}},{"type":"Feature","geometry":{"type":"Point","coordinates":[137.48959,36.89162]},"properties":{"name":"\u4e94\u90ce\u516b\u5909\u96fb\u6240 154kV","vn_kv":154.0,"vm_pu":1.0014,"va_deg":13.17}},{"type":"Feature","geometry":{"type":"Point","coordinates":[137.48959,36.89162]},"properties":{"name":"\u4e94\u90ce\u516b\u5909\u96fb\u6240 66kV","vn_kv":66.0,"vm_pu":0.9993,"va_deg":13.1}},{"type":"Feature","geometry":{"type":"Point","coordinates":[138.15459,36.4701]},"properties":{"name":"\u4e0a\u5c71\u7530\u5909\u96fb\u6240","vn_kv":77.0,"vm_pu":1.0,"va_deg":5.64}},{"type":"Feature","geometry":{"type":"Point","coordinates":[137.29106,36.40268]},"properties":{"name":"\u98db\u9a52\u5e02\u5909\u96fb\u6240","vn_kv":154.0,"vm_pu":1.0025,"va_deg":13.16}},{"type":"Feature","geometry":{"type":"Point","coordinates":[137.2328,36.5069]},"properties":{"name":"\u5bfa\u6d25\u5909\u96fb\u6240","vn_kv":154.0,"vm_pu":1.0013,"va_deg":13.16}},{"type":"Feature","geometry":{"type":"Point","coordinates":[136.70536,36.71947]},"properties":{"name":"\u5b87\u91ce\u6c17\u5909\u96fb\u6240","vn_kv":77.0,"vm_pu":0.9934,"va_deg":13.66}},{"type":"Feature","geometry":{"type":"Point","coordinates":[136.76829,36.82668]},"properties":{"name":"\u9ea6\u751f\u5909\u96fb\u6240 77kV","vn_kv":77.0,"vm_pu":1.0,"va_deg":15.7}},{"type":"Feature","geometry":{"type":"Point","coordinates":[136.76829,36.82668]},"properties":{"name":"\u9ea6\u751f\u5909\u96fb\u6240 66kV","vn_kv":66.0,"vm_pu":0.9927,"va_deg":16.89}},{"type":"Feature","geometry":{"type":"Point","coordinates":[136.65844,35.43731]},"properties":{"name":"\u771f\u6851\u5909\u96fb\u6240","vn_kv":77.0,"vm_pu":0.9926,"va_deg":8.17}},{"type":"Feature","geometry":{"type":"Point","coordinates":[137.65767,34.69069]},"properties":{"name":"\u7be0\u539f\u753a\u5909\u96fb\u6240","vn_kv":77.0,"vm_pu":1.0,"va_deg":16.96}},{"type":"Feature","geometry":{"type":"Point","coordinates":[136.74845,36.66274]},"properties":{"name":"\u4e95\u91ce\u6cb3\u5185\u5909\u96fb\u6240","vn_kv":154.0,"vm_pu":1.0009,"va_deg":12.35}},{"type":"Feature","geometry":{"type":"Point","coordinates":[139.17644,36.28988]},"properties":{"name":"\u5800\u53e3\u753a\u5909\u96fb\u6240","vn_kv":154.0,"vm_pu":1.0,"va_deg":0.0}},{"type":"Feature","geometry":{"type":"Point","coordinates":[138.14203,34.63076]},"properties":{"name":"\u4e0a\u30ce\u539f\u5909\u96fb\u6240_2 500kV","vn_kv":500.0,"vm_pu":1.0268,"va_deg":16.21}},{"type":"Feature","geometry":{"type":"Point","coordinates":[138.14203,34.63076]},"properties":{"name":"\u4e0a\u30ce\u539f\u5909\u96fb\u6240_2 275kV","vn_kv":275.0,"vm_pu":1.0233,"va_deg":15.77}},{"type":"Feature","geometry":{"type":"Point","coordinates":[138.14203,34.63076]},"properties":{"name":"\u4e0a\u30ce\u539f\u5909\u96fb\u6240_2 77kV","vn_kv":77.0,"vm_pu":1.0046,"va_deg":16.18}},{"type":"Feature","geometry":{"type":"Point","coordinates":[138.14421,34.62498]},"properties":{"name":"\u4e0a\u30ce\u539f\u5909\u96fb\u6240_3 275kV","vn_kv":275.0,"vm_pu":1.0232,"va_deg":15.77}},{"type":"Feature","geometry":{"type":"Point","coordinates":[138.14421,34.62498]},"properties":{"name":"\u4e0a\u30ce\u539f\u5909\u96fb\u6240_3 77kV","vn_kv":77.0,"vm_pu":1.0048,"va_deg":16.12}},{"type":"Feature","geometry":{"type":"Point","coordinates":[137.12797,35.34326]},"properties":{"name":"\u5f01\u5929\u753a\u4e09\u4e01\u76ee\u5909\u96fb\u6240","vn_kv":154.0,"vm_pu":1.0006,"va_deg":10.11}},{"type":"Feature","geometry":{"type":"Point","coordinates":[136.20155,36.22542]},"properties":{"name":"\u82b1\u4e43\u675c\u56db\u4e01\u76ee\u5909\u96fb\u6240_2","vn_kv":66.0,"vm_pu":1.0,"va_deg":0.0}},{"type":"Feature","geometry":{"type":"Point","coordinates":[137.1039,35.34605]},"properties":{"name":"\u5c0f\u6cc9\u5909\u96fb\u6240","vn_kv":154.0,"vm_pu":1.0006,"va_deg":10.14}},{"type":"Feature","geometry":{"type":"Point","coordinates":[137.10956,35.3469]},"properties":{"name":"\u5b9d\u753a\u5341\u4e8c\u4e01\u76ee\u5909\u96fb\u6240","vn_kv":154.0,"vm_pu":1.0006,"va_deg":10.14}},{"type":"Feature","geometry":{"type":"Point","coordinates":[137.03683,36.77514]},"properties":{"name":"\u7c73\u5cf6\u5909\u96fb\u6240","vn_kv":66.0,"vm_pu":0.9944,"va_deg":10.72}},{"type":"Feature","geometry":{"type":"Point","coordinates":[136.68084,36.55554]},"properties":{"name":"\u77f3\u5f15\u4e00\u4e01\u76ee\u5909\u96fb\u6240","vn_kv":77.0,"vm_pu":0.9833,"va_deg":10.53}},{"type":"Feature","geometry":{"type":"Point","coordinates":[136.68478,36.57698]},"properties":{"name":"\u6771\u9577\u6c5f\u753a\u5909\u96fb\u6240 154kV","vn_kv":154.0,"vm_pu":1.0017,"va_deg":11.81}},{"type":"Feature","geometry":{"type":"Point","coordinates":[136.68478,36.57698]},"properties":{"name":"\u6771\u9577\u6c5f\u753a\u5909\u96fb\u6240 77kV","vn_kv":77.0,"vm_pu":0.9836,"va_deg":10.56}},{"type":"Feature","geometry":{"type":"Point","coordinates":[136.73538,36.75325]},"properties":{"name":"\u7b20\u5cf6\u5909\u96fb\u6240","vn_kv":77.0,"vm_pu":0.9975,"va_deg":14.7}},{"type":"Feature","geometry":{"type":"Point","coordinates":[136.73529,36.77134]},"properties":{"name":"\u9577\u67c4\u753a\u5909\u96fb\u6240","vn_kv":77.0,"vm_pu":1.0,"va_deg":15.22}},{"type":"Feature","geometry":{"type":"Point","coordinates":[137.33306,36.75576]},"properties":{"name":"\u83f0\u539f\u5909\u96fb\u6240","vn_kv":66.0,"vm_pu":1.0,"va_deg":11.77}},{"type":"Feature","geometry":{"type":"Point","coordinates":[137.02464,36.74129]},"properties":{"name":"\u5317\u9678\u96fb\u529b\u9001\u914d\u96fb","vn_kv":66.0,"vm_pu":0.9944,"va_deg":10.54}},{"type":"Feature","geometry":{"type":"Point","coordinates":[137.26698,36.1616]},"properties":{"name":"\u4e09\u798f\u5bfa\u753a\u5909\u96fb\u6240 154kV","vn_kv":154.0,"vm_pu":1.0036,"va_deg":13.13}},{"type":"Feature","geometry":{"type":"Point","coordinates":[137.26698,36.1616]},"properties":{"name":"\u4e09\u798f\u5bfa\u753a\u5909\u96fb\u6240 (untyped)","vn_kv":154.0,"vm_pu":1.0,"va_deg":0.0}},{"type":"Feature","geometry":{"type":"Point","coordinates":[136.96238,34.92583]},"properties":{"name":"\u4e80\u5d0e\u5927\u6d1e\u753a\u4e03\u4e01\u76ee\u5909\u96fb\u6240","vn_kv":154.0,"vm_pu":0.9992,"va_deg":13.86}},{"type":"Feature","geometry":{"type":"Point","coordinates":[136.83137,35.22654]},"properties":{"name":"\u65e5\u4e0b\u90e8\u6771\u753a\u4e8c\u4e01\u76ee\u5909\u96fb\u6240","vn_kv":66.0,"vm_pu":0.9957,"va_deg":9.46}},{"type":"Feature","geometry":{"type":"Point","coordinates":[138.08975,36.50411]},"properties":{"name":"JR\u6771\u65e5\u672c \u59e8\u6368\u5909\u96fb\u6240","vn_kv":77.0,"vm_pu":1.0,"va_deg":5.17}},{"type":"Feature","geometry":{"type":"Point","coordinates":[136.85442,35.08611]},"properties":{"name":"\u7a32\u6c38\u4e94\u4e01\u76ee\u5909\u96fb\u6240","vn_kv":77.0,"vm_pu":0.9851,"va_deg":9.98}},{"type":"Feature","geometry":{"type":"Point","coordinates":[137.20963,36.6753]},"properties":{"name":"\u5357\u5bcc\u5c71\u5909\u96fb\u6240","vn_kv":66.0,"vm_pu":0.9951,"va_deg":11.55}},{"type":"Feature","geometry":{"type":"Point","coordinates":[137.21171,36.66374]},"properties":{"name":"\u639b\u5c3e\u5909\u96fb\u6240","vn_kv":66.0,"vm_pu":0.9952,"va_deg":11.57}},{"type":"Feature","geometry":{"type":"Point","coordinates":[137.13452,36.32351]},"properties":{"name":"\u5bae\u5ddd\u753a\u91ce\u9996\u5909\u96fb\u6240","vn_kv":66.0,"vm_pu":1.0,"va_deg":0.0}},{"type":"Feature","geometry":{"type":"Point","coordinates":[136.09432,35.09469]},"properties":{"name":"\u7adc\u738b\u5909\u96fb\u6240","vn_kv":77.0,"vm_pu":1.0029,"va_deg":11.61}},{"type":"Feature","geometry":{"type":"Point","coordinates":[136.23359,35.19527]},"properties":{"name":"\u96e8\u964d\u91ce\u5909\u96fb\u6240 154kV","vn_kv":154.0,"vm_pu":1.0063,"va_deg":11.85}},{"type":"Feature","geometry":{"type":"Point","coordinates":[136.23359,35.19527]},"properties":{"name":"\u96e8\u964d\u91ce\u5909\u96fb\u6240 77kV","vn_kv":77.0,"vm_pu":1.0024,"va_deg":11.66}},{"type":"Feature","geometry":{"type":"Point","coordinates":[136.18022,35.1414]},"properties":{"name":"\u4e94\u500b\u8358\u753a\u5909\u96fb\u6240","vn_kv":77.0,"vm_pu":1.0,"va_deg":11.36}},{"type":"Feature","geometry":{"type":"Point","coordinates":[138.22599,36.98364]},"properties":{"name":"\u3048\u3061\u3054\u30c8\u30ad\u3081\u304d\u9244\u9053(\u682a)\u4e8c\u672c\u6728\u5909\u96fb\u6240","vn_kv":66.0,"vm_pu":0.999,"va_deg":-0.09}},{"type":"Feature","geometry":{"type":"Point","coordinates":[136.67282,35.07935]},"properties":{"name":"\u795e\u6210\u753a\u4e8c\u4e01\u76ee\u5909\u96fb\u6240 275kV","vn_kv":275.0,"vm_pu":1.0006,"va_deg":4.21}},{"type":"Feature","geometry":{"type":"Point","coordinates":[136.67282,35.07935]},"properties":{"name":"\u795e\u6210\u753a\u4e8c\u4e01\u76ee\u5909\u96fb\u6240 77kV","vn_kv":77.0,"vm_pu":0.9873,"va_deg":8.46}},{"type":"Feature","geometry":{"type":"Point","coordinates":[137.07247,35.26864]},"properties":{"name":"\u5b9a\u5149\u5bfa\u5909\u96fb\u6240","vn_kv":154.0,"vm_pu":0.9923,"va_deg":9.8}},{"type":"Feature","geometry":{"type":"Point","coordinates":[136.90966,34.84171]},"properties":{"name":"\u5357\u8d77\u5909\u96fb\u6240 77kV","vn_kv":77.0,"vm_pu":1.0,"va_deg":17.14}},{"type":"Feature","geometry":{"type":"Point","coordinates":[136.90966,34.84171]},"properties":{"name":"\u5357\u8d77\u5909\u96fb\u6240 (untyped)","vn_kv":66.0,"vm_pu":0.9913,"va_deg":15.86}},{"type":"Feature","geometry":{"type":"Point","coordinates":[136.92192,34.9221]},"properties":{"name":"\u5927\u5b57\u690b\u5ca1\u5909\u96fb\u6240","vn_kv":154.0,"vm_pu":0.9994,"va_deg":14.05}},{"type":"Feature","geometry":{"type":"Point","coordinates":[137.20804,34.82071]},"properties":{"name":"\u6d5c\u753a\u5909\u96fb\u6240_2","vn_kv":275.0,"vm_pu":1.0038,"va_deg":14.51}},{"type":"Feature","geometry":{"type":"Point","coordinates":[137.00341,34.99292]},"properties":{"name":"\u77e2\u5834\u753a\u4e09\u4e01\u76ee\u5909\u96fb\u6240 77kV","vn_kv":77.0,"vm_pu":0.9893,"va_deg":11.61}},{"type":"Feature","geometry":{"type":"Point","coordinates":[137.00341,34.99292]},"properties":{"name":"\u77e2\u5834\u753a\u4e09\u4e01\u76ee\u5909\u96fb\u6240 (untyped)","vn_kv":66.0,"vm_pu":0.9805,"va_deg":10.3}},{"type":"Feature","geometry":{"type":"Point","coordinates":[137.03823,34.97883]},"properties":{"name":"\u677f\u5009\u753a\u4e09\u4e01\u76ee\u5909\u96fb\u6240 154kV","vn_kv":154.0,"vm_pu":0.9899,"va_deg":11.78}},{"type":"Feature","geometry":{"type":"Point","coordinates":[137.03823,34.97883]},"properties":{"name":"\u677f\u5009\u753a\u4e09\u4e01\u76ee\u5909\u96fb\u6240 77kV","vn_kv":77.0,"vm_pu":0.9858,"va_deg":11.24}},{"type":"Feature","geometry":{"type":"Point","coordinates":[137.03823,34.97883]},"properties":{"name":"\u677f\u5009\u753a\u4e09\u4e01\u76ee\u5909\u96fb\u6240 (untyped)","vn_kv":66.0,"vm_pu":0.9771,"va_deg":9.92}},{"type":"Feature","geometry":{"type":"Point","coordinates":[137.10061,34.93403]},"properties":{"name":"\u5b89\u57ce\u5e02\u5909\u96fb\u6240_2 154kV","vn_kv":154.0,"vm_pu":0.9906,"va_deg":11.92}},{"type":"Feature","geometry":{"type":"Point","coordinates":[137.10061,34.93403]},"properties":{"name":"\u5b89\u57ce\u5e02\u5909\u96fb\u6240_2 77kV","vn_kv":77.0,"vm_pu":0.9968,"va_deg":13.38}},{"type":"Feature","geometry":{"type":"Point","coordinates":[137.02396,34.85255]},"properties":{"name":"\u4e0a\u77e2\u7530\u753a\u5909\u96fb\u6240 275kV","vn_kv":275.0,"vm_pu":1.0017,"va_deg":15.91}},{"type":"Feature","geometry":{"type":"Point","coordinates":[137.02396,34.85255]},"properties":{"name":"\u4e0a\u77e2\u7530\u753a\u5909\u96fb\u6240 77kV","vn_kv":77.0,"vm_pu":0.9978,"va_deg":14.65}},{"type":"Feature","geometry":{"type":"Point","coordinates":[137.05095,34.8423]},"properties":{"name":"\u9808\u8107\u753a\u5909\u96fb\u6240","vn_kv":66.0,"vm_pu":1.001,"va_deg":15.45}},{"type":"Feature","geometry":{"type":"Point","coordinates":[136.97881,34.87742]},"properties":{"name":"\u6d5c\u753a\u5909\u96fb\u6240_3","vn_kv":154.0,"vm_pu":0.9963,"va_deg":13.58}},{"type":"Feature","geometry":{"type":"Point","coordinates":[137.31924,34.68143]},"properties":{"name":"\u6749\u5c71\u5909\u96fb\u6240","vn_kv":77.0,"vm_pu":0.9946,"va_deg":13.83}},{"type":"Feature","geometry":{"type":"Point","coordinates":[136.07505,35.6342]},"properties":{"name":"\u6a0b\u30ce\u6c34\u753a\u5909\u96fb\u6240 275kV","vn_kv":275.0,"vm_pu":1.0,"va_deg":22.69}},{"type":"Feature","geometry":{"type":"Point","coordinates":[136.07505,35.6342]},"properties":{"name":"\u6a0b\u30ce\u6c34\u753a\u5909\u96fb\u6240 (untyped)","vn_kv":66.0,"vm_pu":0.9913,"va_deg":21.4}},{"type":"Feature","geometry":{"type":"Point","coordinates":[138.44282,35.37419]},"properties":{"name":"\u6ce2\u6728\u4e95\u5909\u96fb\u6240","vn_kv":66.0,"vm_pu":1.0,"va_deg":0.0}},{"type":"Feature","geometry":{"type":"Point","coordinates":[136.78811,35.23593]},"properties":{"name":"\u5e73\u91ce\u753a\u56db\u4e01\u76ee\u5909\u96fb\u6240","vn_kv":154.0,"vm_pu":0.9963,"va_deg":9.41}},{"type":"Feature","geometry":{"type":"Point","coordinates":[136.72091,35.23707]},"properties":{"name":"\u7956\u7236\u6c5f\u753a\u5927\u7267\u5909\u96fb\u6240","vn_kv":66.0,"vm_pu":0.9952,"va_deg":9.3}},{"type":"Feature","geometry":{"type":"Point","coordinates":[138.94284,35.03074]},"properties":{"name":"\u5929\u91ce\u5909\u96fb\u6240","vn_kv":66.0,"vm_pu":1.0,"va_deg":0.0}},{"type":"Feature","geometry":{"type":"Point","coordinates":[138.9495,35.02995]},"properties":{"name":"\u7acb\u82b1\u4e8c\u4e01\u76ee\u5909\u96fb\u6240","vn_kv":66.0,"vm_pu":1.0,"va_deg":0.0}},{"type":"Feature","geometry":{"type":"Point","coordinates":[136.24293,36.21212]},"properties":{"name":"\u83c5\u91ce\u5909\u96fb\u6240","vn_kv":77.0,"vm_pu":0.9998,"va_deg":10.55}},{"type":"Feature","geometry":{"type":"Point","coordinates":[136.81564,35.24133]},"properties":{"name":"\u4e95\u4e4b\u53e3\u6c96\u30ce\u7530\u753a\u5909\u96fb\u6240","vn_kv":154.0,"vm_pu":0.9963,"va_deg":9.43}},{"type":"Feature","geometry":{"type":"Point","coordinates":[136.80177,35.25679]},"properties":{"name":"\u7a32\u5cf6\u6771\u4e00\u4e01\u76ee\u5909\u96fb\u6240","vn_kv":154.0,"vm_pu":0.9961,"va_deg":9.4}},{"type":"Feature","geometry":{"type":"Point","coordinates":[136.67597,35.05208]},"properties":{"name":"\u5b89\u6c38\u5909\u96fb\u6240","vn_kv":275.0,"vm_pu":1.0004,"va_deg":3.85}},{"type":"Feature","geometry":{"type":"Point","coordinates":[136.36258,36.29528]},"properties":{"name":"\u5c71\u4ee3\u6e29\u6cc9\u5909\u96fb\u6240 154kV","vn_kv":154.0,"vm_pu":0.9995,"va_deg":11.43}},{"type":"Feature","geometry":{"type":"Point","coordinates":[136.36258,36.29528]},"properties":{"name":"\u5c71\u4ee3\u6e29\u6cc9\u5909\u96fb\u6240 (untyped)","vn_kv":66.0,"vm_pu":0.9909,"va_deg":10.14}},{"type":"Feature","geometry":{"type":"Point","coordinates":[137.83143,34.70033]},"properties":{"name":"\u9577\u9808\u8cc0\u5909\u96fb\u6240","vn_kv":77.0,"vm_pu":0.9957,"va_deg":14.45}},{"type":"Feature","geometry":{"type":"Point","coordinates":[137.78864,34.70849]},"properties":{"name":"\u9db4\u898b\u753a\u5909\u96fb\u6240","vn_kv":66.0,"vm_pu":1.0,"va_deg":14.58}},{"type":"Feature","geometry":{"type":"Point","coordinates":[136.82847,35.24308]},"properties":{"name":"\u6625\u65e5\u897f\u9808\u30b1\u7551\u5909\u96fb\u6240","vn_kv":154.0,"vm_pu":0.9963,"va_deg":9.43}},{"type":"Feature","geometry":{"type":"Point","coordinates":[138.31085,34.87427]},"properties":{"name":"\u5927\u6751\u4e00\u4e01\u76ee\u5909\u96fb\u6240","vn_kv":154.0,"vm_pu":1.0038,"va_deg":15.91}},{"type":"Feature","geometry":{"type":"Point","coordinates":[138.23469,34.80877]},"properties":{"name":"\u5927\u67f3\u5357\u5909\u96fb\u6240 500kV","vn_kv":500.0,"vm_pu":1.0275,"va_deg":16.16}},{"type":"Feature","geometry":{"type":"Point","coordinates":[138.23469,34.80877]},"properties":{"name":"\u5927\u67f3\u5357\u5909\u96fb\u6240 154kV","vn_kv":154.0,"vm_pu":1.0015,"va_deg":16.1}},{"type":"Feature","geometry":{"type":"Point","coordinates":[136.90107,35.09452]},"properties":{"name":"\u6e2f\u533a\u5909\u96fb\u6240 154kV","vn_kv":154.0,"vm_pu":0.9931,"va_deg":11.41}},{"type":"Feature","geometry":{"type":"Point","coordinates":[136.90107,35.09452]},"properties":{"name":"\u6e2f\u533a\u5909\u96fb\u6240 77kV","vn_kv":77.0,"vm_pu":0.9844,"va_deg":10.15}},{"type":"Feature","geometry":{"type":"Point","coordinates":[136.71073,35.25736]},"properties":{"name":"\u7956\u7236\u6c5f\u753a\u7956\u7236\u6c5f\u5909\u96fb\u6240","vn_kv":66.0,"vm_pu":0.993,"va_deg":8.99}},{"type":"Feature","geometry":{"type":"Point","coordinates":[136.76874,35.25151]},"properties":{"name":"\u4e0b\u5c4b\u4e8c\u4e01\u76ee\u5909\u96fb\u6240","vn_kv":154.0,"vm_pu":0.9958,"va_deg":9.39}},{"type":"Feature","geometry":{"type":"Point","coordinates":[137.59832,35.59303]},"properties":{"name":"\u5b57\u6e21\u5cf6\u5909\u96fb\u6240","vn_kv":154.0,"vm_pu":1.0,"va_deg":9.95}},{"type":"Feature","geometry":{"type":"Point","coordinates":[137.64493,35.68047]},"properties":{"name":"\u5927\u6851\u6751\u5909\u96fb\u6240_3","vn_kv":154.0,"vm_pu":1.0,"va_deg":9.88}},{"type":"Feature","geometry":{"type":"Point","coordinates":[137.19254,35.12325]},"properties":{"name":"\u5e73\u6238\u6a4b\u753a\u5909\u96fb\u6240 77kV","vn_kv":77.0,"vm_pu":0.9912,"va_deg":11.49}},{"type":"Feature","geometry":{"type":"Point","coordinates":[137.19254,35.12325]},"properties":{"name":"\u5e73\u6238\u6a4b\u753a\u5909\u96fb\u6240 (untyped)","vn_kv":66.0,"vm_pu":0.9825,"va_deg":10.19}},{"type":"Feature","geometry":{"type":"Point","coordinates":[138.30102,36.4174]},"properties":{"name":"\u771f\u7530\u5909\u96fb\u6240","vn_kv":77.0,"vm_pu":0.9986,"va_deg":3.9}},{"type":"Feature","geometry":{"type":"Point","coordinates":[139.01867,36.49912]},"properties":{"name":"\u6e0b\u5ddd\u5e02\u5909\u96fb\u6240_2","vn_kv":66.0,"vm_pu":1.0,"va_deg":0.0}},{"type":"Feature","geometry":{"type":"Point","coordinates":[136.0217,35.07546]},"properties":{"name":"\u4e45\u91ce\u90e8\u5909\u96fb\u6240","vn_kv":66.0,"vm_pu":1.0059,"va_deg":11.72}},{"type":"Feature","geometry":{"type":"Point","coordinates":[136.47506,36.0709]},"properties":{"name":"\u8352\u571f\u753a\u677e\u30f6\u5d0e\u5909\u96fb\u6240 154kV","vn_kv":154.0,"vm_pu":1.0089,"va_deg":13.1}},{"type":"Feature","geometry":{"type":"Point","coordinates":[136.47506,36.0709]},"properties":{"name":"\u8352\u571f\u753a\u677e\u30f6\u5d0e\u5909\u96fb\u6240 77kV","vn_kv":77.0,"vm_pu":0.9979,"va_deg":11.05}},{"type":"Feature","geometry":{"type":"Point","coordinates":[139.19263,35.29049]},"properties":{"name":"\u5225\u5800\u5909\u96fb\u6240","vn_kv":77.0,"vm_pu":0.9636,"va_deg":-3.49}},{"type":"Feature","geometry":{"type":"Point","coordinates":[138.45349,35.36179]},"properties":{"name":"JR\u6771\u6d77\u8eab\u5ef6\u5909\u96fb\u6240","vn_kv":66.0,"vm_pu":1.0,"va_deg":0.0}},{"type":"Feature","geometry":{"type":"Point","coordinates":[137.83862,35.52638]},"properties":{"name":"\u4e0b\u9ed2\u7530\u5909\u96fb\u6240","vn_kv":77.0,"vm_pu":1.0,"va_deg":17.55}},{"type":"Feature","geometry":{"type":"Point","coordinates":[138.49759,35.26165]},"properties":{"name":"\u4f50\u91ce\u5ddd\u5909\u96fb\u6240","vn_kv":66.0,"vm_pu":1.0031,"va_deg":5.53}},{"type":"Feature","geometry":{"type":"Point","coordinates":[138.51269,35.23727]},"properties":{"name":"\u5341\u5cf6\u5909\u96fb\u6240","vn_kv":77.0,"vm_pu":0.9978,"va_deg":5.73}},{"type":"Feature","geometry":{"type":"Point","coordinates":[138.24391,36.35071]},"properties":{"name":"\u6771\u5869\u7530\u5909\u96fb\u6240 154kV","vn_kv":154.0,"vm_pu":1.0,"va_deg":10.36}},{"type":"Feature","geometry":{"type":"Point","coordinates":[138.24391,36.35071]},"properties":{"name":"\u6771\u5869\u7530\u5909\u96fb\u6240 77kV","vn_kv":77.0,"vm_pu":1.0,"va_deg":5.32}},{"type":"Feature","geometry":{"type":"Point","coordinates":[136.00661,35.02323]},"properties":{"name":"\u624b\u539f\u4e00\u4e01\u76ee\u5909\u96fb\u6240 275kV","vn_kv":275.0,"vm_pu":1.0111,"va_deg":12.08}},{"type":"Feature","geometry":{"type":"Point","coordinates":[136.00661,35.02323]},"properties":{"name":"\u624b\u539f\u4e00\u4e01\u76ee\u5909\u96fb\u6240 154kV","vn_kv":154.0,"vm_pu":1.0042,"va_deg":11.85}},{"type":"Feature","geometry":{"type":"Point","coordinates":[136.00665,35.02324]},"properties":{"name":"\u624b\u539f\u4e00\u4e01\u76ee\u5909\u96fb\u6240_2","vn_kv":154.0,"vm_pu":1.0037,"va_deg":11.86}},{"type":"Feature","geometry":{"type":"Point","coordinates":[138.67345,35.14691]},"properties":{"name":"\u5bcc\u58eb\u5e02\u5909\u96fb\u6240_3","vn_kv":66.0,"vm_pu":1.0,"va_deg":0.0}},{"type":"Feature","geometry":{"type":"Point","coordinates":[138.73599,35.15453]},"properties":{"name":"\u795e\u8c37\u65b0\u753a\u5909\u96fb\u6240","vn_kv":66.0,"vm_pu":1.0,"va_deg":0.0}},{"type":"Feature","geometry":{"type":"Point","coordinates":[136.67713,35.37881]},"properties":{"name":"\u91ce\u767d\u65b0\u7530\u5909\u96fb\u6240 154kV","vn_kv":154.0,"vm_pu":1.0038,"va_deg":10.1}},{"type":"Feature","geometry":{"type":"Point","coordinates":[136.67713,35.37881]},"properties":{"name":"\u91ce\u767d\u65b0\u7530\u5909\u96fb\u6240 77kV","vn_kv":77.0,"vm_pu":0.9954,"va_deg":8.88}},{"type":"Feature","geometry":{"type":"Point","coordinates":[137.05306,36.73752]},"properties":{"name":"\u5927\u9580\u5909\u96fb\u6240 154kV","vn_kv":154.0,"vm_pu":1.0019,"va_deg":13.02}},{"type":"Feature","geometry":{"type":"Point","coordinates":[137.05306,36.73752]},"properties":{"name":"\u5927\u9580\u5909\u96fb\u6240 66kV","vn_kv":66.0,"vm_pu":0.9947,"va_deg":10.65}},{"type":"Feature","geometry":{"type":"Point","coordinates":[136.96125,35.0999]},"properties":{"name":"\u4e2d\u90e8\u96fb\u529b\u30d1\u30ef\u30fc\u30b0\u30ea\u30c3\u30c9 \u9cf4\u6d77\u5909\u96fb\u6240","vn_kv":77.0,"vm_pu":0.9827,"va_deg":10.13}},{"type":"Feature","geometry":{"type":"Point","coordinates":[136.52455,34.8535]},"properties":{"name":"\u4f4f\u5409\u4e94\u4e01\u76ee\u5909\u96fb\u6240","vn_kv":154.0,"vm_pu":1.0,"va_deg":12.56}},{"type":"Feature","geometry":{"type":"Point","coordinates":[136.81726,35.28875]},"properties":{"name":"\u68ee\u672c\u5909\u96fb\u6240 154kV","vn_kv":154.0,"vm_pu":0.9953,"va_deg":9.36}},{"type":"Feature","geometry":{"type":"Point","coordinates":[136.81726,35.28875]},"properties":{"name":"\u68ee\u672c\u5909\u96fb\u6240 77kV","vn_kv":77.0,"vm_pu":0.9866,"va_deg":7.88}},{"type":"Feature","geometry":{"type":"Point","coordinates":[136.81266,35.30227]},"properties":{"name":"\u5e83\u7551\u5909\u96fb\u6240","vn_kv":77.0,"vm_pu":0.9862,"va_deg":7.85}},{"type":"Feature","geometry":{"type":"Point","coordinates":[136.70031,35.43398]},"properties":{"name":"\u66f2\u8def\u6771\u4e00\u4e01\u76ee\u5909\u96fb\u6240","vn_kv":275.0,"vm_pu":1.0128,"va_deg":10.37}},{"type":"Feature","geometry":{"type":"Point","coordinates":[138.84965,35.12587]},"properties":{"name":"\u897f\u6ca2\u7530\u5909\u96fb\u6240","vn_kv":77.0,"vm_pu":0.9495,"va_deg":-4.86}},{"type":"Feature","geometry":{"type":"Point","coordinates":[138.84983,35.12897]},"properties":{"name":"\u4e2d\u6ca2\u7530\u5909\u96fb\u6240_2","vn_kv":77.0,"vm_pu":0.9497,"va_deg":-4.85}},{"type":"Feature","geometry":{"type":"Point","coordinates":[137.47115,35.47079]},"properties":{"name":"\u5742\u672c\u5909\u96fb\u6240","vn_kv":77.0,"vm_pu":0.9966,"va_deg":13.17}},{"type":"Feature","geometry":{"type":"Point","coordinates":[136.02978,35.01538]},"properties":{"name":"\u516d\u5730\u8535\u5909\u96fb\u6240","vn_kv":154.0,"vm_pu":1.0054,"va_deg":11.9}},{"type":"Feature","geometry":{"type":"Point","coordinates":[138.79692,35.47466]},"properties":{"name":"\u4e0a\u5409\u7530\u4e03\u4e01\u76ee\u5909\u96fb\u6240","vn_kv":66.0,"vm_pu":1.0,"va_deg":0.0}},{"type":"Feature","geometry":{"type":"Point","coordinates":[137.65225,35.68281]},"properties":{"name":"\u5927\u6851\u6751\u5909\u96fb\u6240_4","vn_kv":154.0,"vm_pu":1.0,"va_deg":9.88}},{"type":"Feature","geometry":{"type":"Point","coordinates":[136.52487,36.09071]},"properties":{"name":"\u91ce\u5411\u753a\u85ac\u5e2b\u795e\u8c37\u5909\u96fb\u6240","vn_kv":154.0,"vm_pu":1.0097,"va_deg":13.32}},{"type":"Feature","geometry":{"type":"Point","coordinates":[137.07427,35.37264]},"properties":{"name":"\u5927\u91dd\u753a\u5909\u96fb\u6240 154kV","vn_kv":154.0,"vm_pu":1.0,"va_deg":10.12}},{"type":"Feature","geometry":{"type":"Point","coordinates":[137.07427,35.37264]},"properties":{"name":"\u5927\u91dd\u753a\u5909\u96fb\u6240 77kV","vn_kv":77.0,"vm_pu":0.9994,"va_deg":9.51}},{"type":"Feature","geometry":{"type":"Point","coordinates":[136.68897,36.57412]},"properties":{"name":"\u6771\u9577\u6c5f\u753a\u5909\u96fb\u6240_2 154kV","vn_kv":154.0,"vm_pu":1.0018,"va_deg":11.82}},{"type":"Feature","geometry":{"type":"Point","coordinates":[136.68897,36.57412]},"properties":{"name":"\u6771\u9577\u6c5f\u753a\u5909\u96fb\u6240_2 77kV","vn_kv":77.0,"vm_pu":0.9836,"va_deg":10.56}},{"type":"Feature","geometry":{"type":"Point","coordinates":[137.44232,35.46689]},"properties":{"name":"\u9bc9\u30f6\u5e73\u5909\u96fb\u6240","vn_kv":77.0,"vm_pu":0.9954,"va_deg":12.93}},{"type":"Feature","geometry":{"type":"Point","coordinates":[137.47416,35.51795]},"properties":{"name":"\u82d7\u6728\u5909\u96fb\u6240","vn_kv":77.0,"vm_pu":1.0,"va_deg":14.44}},{"type":"Feature","geometry":{"type":"Point","coordinates":[136.46718,34.77428]},"properties":{"name":"\u5b89\u6fc3\u753a\u5185\u591a\u5909\u96fb\u6240","vn_kv":77.0,"vm_pu":0.9838,"va_deg":17.03}},{"type":"Feature","geometry":{"type":"Point","coordinates":[136.57854,35.37269]},"properties":{"name":"\u8352\u5c3e\u753a\u5909\u96fb\u6240","vn_kv":275.0,"vm_pu":1.0104,"va_deg":9.47}},{"type":"Feature","geometry":{"type":"Point","coordinates":[137.1385,35.1311]},"properties":{"name":"\u8c9d\u6d25\u753a\u5909\u96fb\u6240","vn_kv":154.0,"vm_pu":0.9953,"va_deg":11.88}},{"type":"Feature","geometry":{"type":"Point","coordinates":[136.56493,35.03645]},"properties":{"name":"\u307e\u304d\u306e\u6728\u53f0\u4e8c\u4e01\u76ee\u5909\u96fb\u6240","vn_kv":154.0,"vm_pu":0.999,"va_deg":7.08}},{"type":"Feature","geometry":{"type":"Point","coordinates":[136.54314,34.90882]},"properties":{"name":"\u77f3\u85ac\u5e2b\u753a\u5909\u96fb\u6240","vn_kv":154.0,"vm_pu":1.0,"va_deg":12.52}},{"type":"Feature","geometry":{"type":"Point","coordinates":[136.63981,34.93416]},"properties":{"name":"\u5869\u6d5c\u753a\u5909\u96fb\u6240","vn_kv":154.0,"vm_pu":0.9989,"va_deg":9.79}},{"type":"Feature","geometry":{"type":"Point","coordinates":[138.58155,36.34052]},"properties":{"name":"\u8efd\u4e95\u6ca2\u753a\u5909\u96fb\u6240","vn_kv":77.0,"vm_pu":0.9556,"va_deg":-6.21}},{"type":"Feature","geometry":{"type":"Point","coordinates":[137.6889,35.78247]},"properties":{"name":"\u65ed\u753a\u5909\u96fb\u6240_2","vn_kv":154.0,"vm_pu":1.0,"va_deg":9.52}},{"type":"Feature","geometry":{"type":"Point","coordinates":[136.26828,35.29083]},"properties":{"name":"\u9ce5\u5c45\u672c\u5909\u96fb\u6240","vn_kv":77.0,"vm_pu":1.0,"va_deg":12.14}},{"type":"Feature","geometry":{"type":"Point","coordinates":[139.14028,35.34476]},"properties":{"name":"\u5c0f\u7530\u6025\u96fb\u9244 \u677e\u7530\u5909\u96fb\u6240","vn_kv":66.0,"vm_pu":1.0,"va_deg":0.0}},{"type":"Feature","geometry":{"type":"Point","coordinates":[136.98466,35.06757]},"properties":{"name":"\u6709\u677e\u5909\u96fb\u6240 154kV","vn_kv":154.0,"vm_pu":0.991,"va_deg":11.56}},{"type":"Feature","geometry":{"type":"Point","coordinates":[136.98466,35.06757]},"properties":{"name":"\u6709\u677e\u5909\u96fb\u6240 77kV","vn_kv":77.0,"vm_pu":0.9824,"va_deg":10.01}},{"type":"Feature","geometry":{"type":"Point","coordinates":[137.69996,35.70755]},"properties":{"name":"\u5927\u6851\u6751\u5909\u96fb\u6240_5","vn_kv":66.0,"vm_pu":1.0,"va_deg":9.46}},{"type":"Feature","geometry":{"type":"Point","coordinates":[136.87117,35.29282]},"properties":{"name":"\u795e\u91ce\u753a\u5909\u96fb\u6240","vn_kv":154.0,"vm_pu":0.9968,"va_deg":9.45}}]}