{"type":"FeatureCollection","features":[{"type":"Feature","geometry":{"type":"LineString","coordinates":[[131.51180174545453,33.188383754545455],[131.6421133,33.1938169]]},"properties":{"name":"kyushu_line_5","loading_pct":29.9,"p_mw":-204.9,"synthetic":false}},{"type":"Feature","geometry":{"type":"LineString","coordinates":[[131.5827289,33.2263548],[131.59071966000002,33.241604960000004]]},"properties":{"name":"kyushu_line_6","loading_pct":23.7,"p_mw":16.2,"synthetic":false}},{"type":"Feature","geometry":{"type":"LineString","coordinates":[[131.5827289,33.2263548],[131.5840378,33.223669],[131.5870312,33.221865],[131.5890938,33.2212884],[131.5918082,33.2215082],[131.5946621,33.2214207],[131.596755,33.2219553],[131.5970868,33.22204],[131.6005576,33.2225337],[131.6044414,33.2226638],[131.60969843076924,33.22559364615385]]},"properties":{"name":"kyushu_line_7","loading_pct":37.9,"p_mw":-26.0,"synthetic":false}},{"type":"Feature","geometry":{"type":"LineString","coordinates":[[131.4999788,33.2004463],[131.48557946666668,33.19168394166667]]},"properties":{"name":"kyushu_line_8","loading_pct":41.6,"p_mw":28.6,"synthetic":false}},{"type":"Feature","geometry":{"type":"LineString","coordinates":[[131.4999788,33.2004463],[131.4815031,33.255351919999995]]},"properties":{"name":"kyushu_line_9","loading_pct":43.4,"p_mw":29.7,"synthetic":false}},{"type":"Feature","geometry":{"type":"LineString","coordinates":[[131.4815031,33.255351919999995],[131.4850722,33.277403916666664]]},"properties":{"name":"kyushu_line_10","loading_pct":19.7,"p_mw":13.5,"synthetic":false}},{"type":"Feature","geometry":{"type":"LineString","coordinates":[[131.4850722,33.277403916666664],[131.50011296,33.30364316]]},"properties":{"name":"kyushu_line_11","loading_pct":3.4,"p_mw":2.3,"synthetic":false}},{"type":"Feature","geometry":{"type":"LineString","coordinates":[[131.50011296,33.30364316],[131.4856438,33.3439845]]},"properties":{"name":"kyushu_line_12","loading_pct":20.3,"p_mw":-13.9,"synthetic":false}},{"type":"Feature","geometry":{"type":"LineString","coordinates":[[131.48557946666668,33.19168394166667],[131.4852629,33.191608],[131.4847075,33.1902865],[131.4842361,33.1883965],[131.4818467,33.1863599],[131.479469,33.1852971],[131.475574,33.1840273],[131.4713817,33.1834801],[131.4685059,33.1827623],[131.4668353,33.1816502],[131.4634383,33.1793988],[131.4603692,33.1774913],[131.4578185,33.17583],[131.45555954000002,33.17855696]]},"properties":{"name":"kyushu_line_14","loading_pct":80.0,"p_mw":202.1,"synthetic":false}},{"type":"Feature","geometry":{"type":"LineString","coordinates":[[131.5488962,32.988958811764704],[131.5490922,32.9886857],[131.5521634,32.9908432],[131.55572,32.9914573],[131.5581581,32.9916508],[131.5610254,32.9913134],[131.5638122,32.9909759],[131.5664077,32.9914594],[131.5689504,32.9921613],[131.5717721,32.9928182],[131.5741646,32.9929082],[131.5773618,32.9939071],[131.58001157333334,32.994094526666665]]},"properties":{"name":"kyushu_line_15","loading_pct":47.3,"p_mw":32.5,"synthetic":false}},{"type":"Feature","geometry":{"type":"LineString","coordinates":[[131.42935377999999,33.26353272],[131.4085009,33.2956976]]},"properties":{"name":"kyushu_line_16","loading_pct":17.4,"p_mw":-119.1,"synthetic":false}},{"type":"Feature","geometry":{"type":"LineString","coordinates":[[131.6514467,33.2078392],[131.6421133,33.1938169]]},"properties":{"name":"kyushu_line_19","loading_pct":35.7,"p_mw":244.9,"synthetic":false}},{"type":"Feature","geometry":{"type":"LineString","coordinates":[[131.6514467,33.2078392],[131.6557633,33.2077211],[131.6584738,33.2057367],[131.661132,33.2031897],[131.6643182,33.2027448],[131.6663573,33.2031963],[131.6700779,33.203464],[131.672595,33.2027939],[131.6755275,33.2020292],[131.6762284,33.2006482],[131.6803721,33.2003253],[131.683947,33.1986407],[131.6889021,33.1962589],[131.6909435,33.1947313],[131.6936531,33.1930136],[131.6948813,33.1913372],[131.6954846,33.1903723],[131.6963031,33.188994],[131.6969255,33.1872259],[131.6988695,33.1876294],[131.6663573,33.2031963]]},"properties":{"name":"kyushu_line_20","loading_pct":36.1,"p_mw":-247.9,"synthetic":false}},{"type":"Feature","geometry":{"type":"LineString","coordinates":[[131.6514467,33.2078392],[131.63889190681817,33.22897316590909]]},"properties":{"name":"kyushu_line_21","loading_pct":0.5,"p_mw":-3.5,"synthetic":false}},{"type":"Feature","geometry":{"type":"LineString","coordinates":[[131.53455798333334,33.41299933333334],[131.3489513,33.3471529]]},"properties":{"name":"kyushu_line_24","loading_pct":28.3,"p_mw":-193.8,"synthetic":false}},{"type":"Feature","geometry":{"type":"LineString","coordinates":[[131.5225018,33.3740162],[131.5492015642857,33.369741728571434]]},"properties":{"name":"kyushu_line_27","loading_pct":23.7,"p_mw":16.2,"synthetic":false}},{"type":"Feature","geometry":{"type":"LineString","coordinates":[[131.5225018,33.3740162],[131.4856438,33.3439845]]},"properties":{"name":"kyushu_line_28","loading_pct":44.0,"p_mw":30.2,"synthetic":false}},{"type":"Feature","geometry":{"type":"LineString","coordinates":[[131.55735615999998,33.368730979999995],[131.5606125,33.382514]]},"properties":{"name":"kyushu_line_29","loading_pct":1.7,"p_mw":-1.1,"synthetic":false}},{"type":"Feature","geometry":{"type":"LineString","coordinates":[[131.5606125,33.382514],[131.5653625,33.3858141]]},"properties":{"name":"kyushu_line_30","loading_pct":80.0,"p_mw":81.2,"synthetic":false}},{"type":"Feature","geometry":{"type":"LineString","coordinates":[[131.5653625,33.3858141],[131.5638739,33.3842837],[131.5653625,33.3858141],[131.5666606,33.3877136],[131.5680324,33.3893883],[131.5700881,33.3919567],[131.5713429,33.393442],[131.5745176,33.394834],[131.5784251,33.3953483],[131.5820382,33.3955557],[131.5847037,33.3968536],[131.5869642,33.3980709],[131.5892591,33.3998723],[131.5919191,33.4007547],[131.5953481,33.4031],[131.5966603,33.4045436],[131.5989934,33.4056265],[131.6013535,33.4067695],[131.6043801,33.408311],[131.6036206,33.4109546],[131.6028423,33.4137584],[131.6047163,33.4153003],[131.6055556,33.4176765],[131.6072386,33.4190918],[131.608594,33.4201533],[131.6104867,33.4214567],[131.6122611,33.4227334],[131.6146979,33.4238355],[131.6168487,33.4249125],[131.6190368,33.4260517],[131.6244147,33.4287978],[131.6283648,33.4308639],[131.629932,33.4313967],[131.6307805,33.4317125],[131.6343075,33.433573],[131.6372073,33.4349901],[131.6398219,33.4352975],[131.6418225,33.4351531],[131.6444063,33.4356054],[131.6459299,33.4357519],[131.6472066,33.4361226],[131.6494985,33.4368652],[131.6507487,33.437168],[131.6552923,33.4370566],[131.6590839,33.4368848],[131.6610832,33.4375702]]},"properties":{"name":"kyushu_line_31","loading_pct":94.7,"p_mw":64.9,"synthetic":false}},{"type":"Feature","geometry":{"type":"LineString","coordinates":[[131.6610832,33.4375702],[131.70895996666667,33.467336366666665]]},"properties":{"name":"kyushu_line_32","loading_pct":47.3,"p_mw":32.5,"synthetic":false}},{"type":"Feature","geometry":{"type":"LineString","coordinates":[[131.6610832,33.4375702],[131.66935824,33.42113334]]},"properties":{"name":"kyushu_line_33","loading_pct":23.7,"p_mw":16.2,"synthetic":false}},{"type":"Feature","geometry":{"type":"LineString","coordinates":[[131.70895996666667,33.467336366666665],[131.72975232,33.558497519999996]]},"properties":{"name":"kyushu_line_34","loading_pct":23.7,"p_mw":16.2,"synthetic":false}},{"type":"Feature","geometry":{"type":"LineString","coordinates":[[131.63889190681817,33.22897316590909],[131.63540565,33.245529366666666]]},"properties":{"name":"kyushu_line_36","loading_pct":7.0,"p_mw":-47.8,"synthetic":false}},{"type":"Feature","geometry":{"type":"LineString","coordinates":[[131.6273121857143,33.230265814285715],[131.60969843076924,33.22559364615385]]},"properties":{"name":"kyushu_line_40","loading_pct":54.2,"p_mw":37.2,"synthetic":false}},{"type":"Feature","geometry":{"type":"LineString","coordinates":[[130.6073818,33.4993479],[130.62249808181818,33.49066136363636]]},"properties":{"name":"kyushu_line_41","loading_pct":6.3,"p_mw":-217.2,"synthetic":false}},{"type":"Feature","geometry":{"type":"LineString","coordinates":[[130.583618008,33.479420372],[130.5786847,33.5090955]]},"properties":{"name":"kyushu_line_46","loading_pct":24.3,"p_mw":166.4,"synthetic":false}},{"type":"Feature","geometry":{"type":"LineString","coordinates":[[130.583618008,33.479420372],[130.5726804,33.5100261]]},"properties":{"name":"kyushu_line_48","loading_pct":68.6,"p_mw":156.9,"synthetic":false}},{"type":"Feature","geometry":{"type":"LineString","coordinates":[[130.53769268888888,33.44046487777778],[130.5352234,33.4354971],[130.5365016,33.4336136],[130.5368292,33.4308138],[130.5373874,33.4292409],[130.5376768,33.4267567],[130.5379192,33.424101],[130.5391373,33.4217031],[130.5400534,33.419223],[130.5402373,33.4173163],[130.5400263,33.4158096],[130.5393332,33.4136991],[130.5389018,33.4126021],[130.5363188,33.4135041],[130.53321123,33.41446017]]},"properties":{"name":"kyushu_line_50","loading_pct":6.3,"p_mw":10.9,"synthetic":false}},{"type":"Feature","geometry":{"type":"LineString","coordinates":[[130.36461375,33.47021671666667],[129.9236435,33.3937678]]},"properties":{"name":"kyushu_line_57","loading_pct":15.3,"p_mw":-531.5,"synthetic":false}},{"type":"Feature","geometry":{"type":"LineString","coordinates":[[130.36461375,33.47021671666667],[130.664931,33.775939]]},"properties":{"name":"kyushu_line_58","loading_pct":7.5,"p_mw":261.3,"synthetic":false}},{"type":"Feature","geometry":{"type":"LineString","coordinates":[[130.49114560833334,33.38086646666667],[130.4875913,33.3819924],[130.4845833,33.3821846],[130.48510393333333,33.38498947777778]]},"properties":{"name":"kyushu_line_61","loading_pct":19.7,"p_mw":-134.9,"synthetic":false}},{"type":"Feature","geometry":{"type":"LineString","coordinates":[[130.50088281428572,33.36388084285714],[130.5111285,33.3511711]]},"properties":{"name":"kyushu_line_62","loading_pct":7.1,"p_mw":4.8,"synthetic":false}},{"type":"Feature","geometry":{"type":"LineString","coordinates":[[130.5111285,33.3511711],[130.5126107,33.3529038],[130.5138281,33.3547955],[130.5149375,33.3562665],[130.516182,33.357901],[130.5177176,33.3598197],[130.5190854,33.3617546],[130.5205009,33.3634774],[130.5215866,33.3647409],[130.5222598,33.3659617],[130.5222015,33.3680484],[130.5271924625,33.378756725]]},"properties":{"name":"kyushu_line_63","loading_pct":23.7,"p_mw":16.2,"synthetic":false}},{"type":"Feature","geometry":{"type":"LineString","coordinates":[[130.5111285,33.3511711],[130.5101924,33.3499025],[130.5089593,33.3482315],[130.5073349,33.3461194],[130.5059619,33.3442144],[130.5039247,33.3415627],[130.5028346,33.3394776],[130.5016736,33.3364898],[130.500552,33.334052],[130.4997947,33.3323843],[130.49682578333332,33.329304066666666]]},"properties":{"name":"kyushu_line_64","loading_pct":40.3,"p_mw":-27.6,"synthetic":false}},{"type":"Feature","geometry":{"type":"LineString","coordinates":[[130.5567984,33.5198242],[130.5554689,33.52313],[130.5555617,33.526782],[130.5557517,33.5296563],[130.5543167,33.5317319],[130.55189,33.5339377],[130.5488134,33.5352287],[130.5458667,33.5367539],[130.5420284,33.5362674],[130.5391937,33.53744],[130.5370688,33.5400233],[130.5336714,33.5435935],[130.5311181,33.545046],[130.5269353,33.5485041],[130.5246256,33.550408],[130.5201867,33.5533948],[130.5177221,33.552739],[130.5145079,33.5517798],[130.5092543,33.5500054],[130.504831,33.5487438],[130.5025623,33.5465956],[130.5009907,33.5437176],[130.4997503857143,33.542643057142854]]},"properties":{"name":"kyushu_line_65","loading_pct":43.2,"p_mw":296.1,"synthetic":false}},{"type":"Feature","geometry":{"type":"LineString","coordinates":[[130.5567984,33.5198242],[130.5726804,33.5100261]]},"properties":{"name":"kyushu_line_66","loading_pct":47.8,"p_mw":-327.7,"synthetic":false}},{"type":"Feature","geometry":{"type":"LineString","coordinates":[[130.4997503857143,33.542643057142854],[130.4991236,33.5426104],[130.4991193,33.5426113],[130.4982342,33.5428027],[130.4976789,33.5429805],[130.4959069,33.5433386],[130.4951359,33.5438305],[130.4921229,33.5449169],[130.48805587222222,33.54758102222222]]},"properties":{"name":"kyushu_line_68","loading_pct":43.5,"p_mw":298.4,"synthetic":false}},{"type":"Feature","geometry":{"type":"LineString","coordinates":[[131.82627523846153,34.200047161538464],[131.8263948,34.2021989],[131.8227994,34.2053547],[131.8196126,34.2081971],[131.8164094,34.208733],[131.8103382,34.2095883],[131.8077045,34.2117269],[131.8029902,34.2136664],[131.7985061,34.2154902],[131.7945288,34.217068],[131.7887494,34.2189588],[131.7854003,34.2201032],[131.7804237,34.2218943],[131.7746325,34.2227523],[131.7699733,34.2235153],[131.7673074,34.2241698],[131.7625254,34.2249571],[131.7597,34.2255548],[131.7544945,34.2264472],[131.7490208,34.2275182],[131.7458448,34.2280727],[131.7417408,34.2288586],[131.7377709,34.2295204],[131.735036,34.2301157],[131.7276638,34.2314585],[131.7246756,34.2320553],[131.7215396,34.2325139],[131.7179381,34.2336471],[131.7150573,34.2345262],[131.7095493,34.2370997],[131.703222,34.2393961],[131.7003779,34.2404614],[131.6962435,34.2417885],[131.694199,34.2424046],[131.6886423,34.2443225],[131.6839952,34.2466057],[131.6765171,34.2483455],[131.6742648,34.248865],[131.6687455,34.2498247],[131.6646365,34.2518118],[131.6610199,34.2535713],[131.6572543,34.2544129],[131.6546411,34.2549799],[131.6515455,34.256062],[131.6459765,34.2580349],[131.6418311,34.258825],[131.6378579,34.2598581],[131.6328728,34.2614905],[131.6308021,34.2625723],[131.6275513,34.2630955],[131.6213179,34.2638935],[131.6166723,34.2635565],[131.6104603,34.2646738],[131.6049671,34.2655693],[131.6011584,34.2657821],[131.5953219,34.266252],[131.5893674,34.2654984],[131.5865725,34.2659772],[131.5840727,34.2656934],[131.5784454,34.2650728],[131.5740466,34.2646826],[131.5691972,34.2652501],[131.5643585,34.2662166],[131.5564406,34.2677859],[131.5521001,34.2677844],[131.5498323,34.2678834],[131.5459468,34.2680875],[131.543621,34.2681383],[131.5387352,34.2712884],[131.5336178,34.2745634],[131.530298,34.2766346],[131.526309,34.2788402],[131.5241309,34.2796287],[131.5187736,34.2824987],[131.5127501,34.2836895],[131.5052271,34.2851694],[131.5014006,34.2859062],[131.4946002,34.2872056],[131.4902962,34.2881036],[131.4864905,34.2888424],[131.4802571,34.2902301],[131.4766907,34.2910771],[131.4701401,34.2931158],[131.4675925,34.2936545],[131.463921,34.2944605],[131.4595378,34.2953521],[131.4555908,34.2961737],[131.4510029,34.2964641],[131.4472771,34.2967254],[131.4441344,34.2969355],[131.4386802,34.2967972],[131.4362033,34.2967425],[131.4310364,34.2971337],[131.4251707,34.2976],[131.4205828,34.2975948],[131.4165345,34.2976273],[131.4109335,34.2980287],[131.406167,34.2983463],[131.401284,34.2986769],[131.3952592,34.2992834],[131.3871337,34.300113],[131.3844148,34.3007564],[131.3800523,34.3009084],[131.3746635,34.3033206],[131.3717222,34.3046269],[131.3663578,34.3072502],[131.3617544,34.30972],[131.3551438,34.3097061],[131.3503289,34.3097494],[131.3449637,34.3097543],[131.3372473,34.3089138],[131.3346332,34.3083993],[131.3301479,34.3075274],[131.3243145,34.3064067],[131.3184929,34.3061821],[131.3152573,34.306008],[131.3092917,34.3054273],[131.3061027,34.3042727],[131.3012976,34.3026279],[131.2980945,34.3015374],[131.2941816,34.3001469],[131.2922134,34.2994243],[131.2885249,34.2980737],[131.2826228,34.2962449],[131.2770383,34.293911],[131.2734986,34.2926826],[131.2685675,34.291208],[131.2665833,34.2906792],[131.2624896,34.2894694],[131.2571771,34.2877176],[131.252232,34.2849764],[131.2483728,34.2827705],[131.2440927,34.2814526],[131.2390329,34.2799013],[131.2336188,34.2779774],[131.2315919,34.2772964],[131.2285622,34.2762055],[131.2238015,34.2744534],[131.2202117,34.2736005],[131.2125013,34.2715751],[131.2096076,34.2704246],[131.2075382,34.2695737],[131.2052875,34.2685217],[131.1996357,34.2660324],[131.1952565,34.2646131],[131.1908791,34.2627968],[131.1876504,34.2625119],[131.1829644,34.2622496],[131.1796542,34.2620049],[131.1758044,34.2597411],[131.1733661,34.2582313],[131.170577,34.2539312],[131.1690038,34.251457],[131.1678881,34.2489734],[131.1660424,34.2450123],[131.1639076,34.2432968],[131.1608331,34.240889],[131.1554935,34.236265],[131.1513797,34.2328864],[131.1462412,34.2294408],[131.1413778,34.2256722],[131.138144,34.2231786],[131.1350742,34.220744],[131.1324712,34.2191297],[131.1279542,34.2161833],[131.12323,34.2125729],[131.1203469,34.2102372],[131.1181413,34.2076479],[131.1147755,34.2036511],[131.1093182,34.1987354],[131.1071156,34.1968413],[131.105125,34.1955081],[131.101741,34.1927838],[131.0984578,34.190238],[131.0978311,34.1849829],[131.0973699,34.1807948],[131.09885,34.1775502],[131.1000927,34.1736222],[131.0990596,34.1697417],[131.0952147,34.1661771],[131.09300737647058,34.16307129705882]]},"properties":{"name":"kyushu_line_74","loading_pct":7.1,"p_mw":246.6,"synthetic":false}},{"type":"Feature","geometry":{"type":"LineString","coordinates":[[130.50946642,33.29993081333333],[130.50333552,33.300325120000004]]},"properties":{"name":"kyushu_line_76","loading_pct":18.2,"p_mw":125.0,"synthetic":false}},{"type":"Feature","geometry":{"type":"LineString","coordinates":[[130.5439964631579,33.31093009473684],[130.56202456,33.31595204]]},"properties":{"name":"kyushu_line_79","loading_pct":41.7,"p_mw":28.6,"synthetic":false}},{"type":"Feature","geometry":{"type":"LineString","coordinates":[[130.6073463,33.3214102],[130.56202456,33.31595204]]},"properties":{"name":"kyushu_line_80","loading_pct":18.0,"p_mw":-12.3,"synthetic":false}},{"type":"Feature","geometry":{"type":"LineString","coordinates":[[130.6073463,33.3214102],[130.59031712,33.34141702]]},"properties":{"name":"kyushu_line_81","loading_pct":5.7,"p_mw":-3.9,"synthetic":false}},{"type":"Feature","geometry":{"type":"LineString","coordinates":[[129.83860586999998,33.51462156],[129.878408,33.4544991]]},"properties":{"name":"kyushu_line_84","loading_pct":10.4,"p_mw":71.2,"synthetic":false}},{"type":"Feature","geometry":{"type":"LineString","coordinates":[[130.3780809,33.5126281],[130.38866754,33.53277479333333]]},"properties":{"name":"kyushu_line_88","loading_pct":33.7,"p_mw":231.3,"synthetic":false}},{"type":"Feature","geometry":{"type":"LineString","coordinates":[[130.4465124,33.3144388],[130.4503617,33.3151533],[130.4532804,33.3131788],[130.4561356,33.3128192],[130.4605478,33.3122672],[130.4644879,33.3117679],[130.4672921,33.3108925],[130.4705547,33.3103613],[130.4739483,33.3095977],[130.4775297,33.3099782],[130.4817826,33.3106958],[130.4821728,33.309657],[130.4846564,33.3031539],[130.4852859,33.3014016],[130.49118276666667,33.30056885833333]]},"properties":{"name":"kyushu_line_89","loading_pct":15.0,"p_mw":-102.8,"synthetic":false}},{"type":"Feature","geometry":{"type":"LineString","coordinates":[[130.4465124,33.3144388],[130.462394,33.35171057]]},"properties":{"name":"kyushu_line_90","loading_pct":57.1,"p_mw":391.6,"synthetic":false}},{"type":"Feature","geometry":{"type":"LineString","coordinates":[[130.4465124,33.3144388],[130.4175908,33.2317246]]},"properties":{"name":"kyushu_line_91","loading_pct":43.0,"p_mw":-295.3,"synthetic":false}},{"type":"Feature","geometry":{"type":"LineString","coordinates":[[130.49118276666667,33.30056885833333],[130.50333552,33.300325120000004]]},"properties":{"name":"kyushu_line_92","loading_pct":17.3,"p_mw":-118.5,"synthetic":false}},{"type":"Feature","geometry":{"type":"LineString","coordinates":[[130.3240275,33.5131946],[130.2792693,33.546498]]},"properties":{"name":"kyushu_line_95","loading_pct":94.3,"p_mw":-64.7,"synthetic":false}},{"type":"Feature","geometry":{"type":"LineString","coordinates":[[130.3240275,33.5131946],[130.33941043076922,33.533359992307695]]},"properties":{"name":"kyushu_line_96","loading_pct":80.0,"p_mw":198.9,"synthetic":false}},{"type":"Feature","geometry":{"type":"LineString","coordinates":[[130.2792693,33.546498],[130.27300501875,33.57421006875]]},"properties":{"name":"kyushu_line_97","loading_pct":80.0,"p_mw":-82.0,"synthetic":false}},{"type":"Feature","geometry":{"type":"LineString","coordinates":[[130.2792693,33.546498],[130.2810381,33.5468115],[130.2835129,33.5488111],[130.2856784,33.5503507],[130.2873643,33.5526217],[130.2905544,33.5550358],[130.2923369,33.5564047],[130.2934585,33.5587738],[130.2939657,33.5602954],[130.2945012,33.5618606],[130.3114627142857,33.557139042857145]]},"properties":{"name":"kyushu_line_98","loading_pct":1.7,"p_mw":1.1,"synthetic":false}},{"type":"Feature","geometry":{"type":"LineString","coordinates":[[130.27300501875,33.57421006875],[130.2707034,33.5744648],[130.268887,33.5744764],[130.2654827,33.5744357],[130.2624859,33.5744262],[130.2608961,33.5744099],[130.2603713,33.5744045],[130.2582701,33.574172],[130.2560851,33.5741417],[130.2545213,33.5739872],[130.2533169,33.5738295],[130.2517608,33.573057],[130.2515739,33.573004],[130.2506883,33.5727528],[130.2489748,33.5715623],[130.2473392,33.5704563],[130.2455548,33.5691678],[130.2439736,33.5680452],[130.24223486666668,33.56734096666667]]},"properties":{"name":"kyushu_line_99","loading_pct":80.0,"p_mw":-93.2,"synthetic":false}},{"type":"Feature","geometry":{"type":"LineString","coordinates":[[129.92936985882352,33.34973471764706],[129.81028475,33.31323831666666]]},"properties":{"name":"kyushu_line_100","loading_pct":2.8,"p_mw":-98.5,"synthetic":false}},{"type":"Feature","geometry":{"type":"LineString","coordinates":[[130.62249808181818,33.49066136363636],[130.6224169,33.4916078],[130.6224978,33.491625],[130.6237713111111,33.49187337777778]]},"properties":{"name":"kyushu_line_107","loading_pct":0.3,"p_mw":-11.8,"synthetic":false}},{"type":"Feature","geometry":{"type":"LineString","coordinates":[[130.6237713111111,33.49187337777778],[130.6325628,33.489381],[130.6350043,33.4884267],[130.638406,33.4870939],[130.640949,33.4863725],[130.6465048,33.4847802],[130.6501888,33.4836731],[130.6534775,33.4821617],[130.6567119,33.4806382],[130.6637023,33.4789517],[130.6670085,33.4781613],[130.6733366,33.4773182],[130.6767375,33.4770371],[130.6817074,33.4766331],[130.6861734,33.4770128],[130.6896927,33.4777925],[130.6940002,33.4786589],[130.6974022,33.4766389],[130.7001235,33.4748898],[130.7051697,33.4721725],[130.7082286,33.4696786],[130.7098444,33.4678622],[130.7134044,33.4654186],[130.7154004,33.4622757],[130.7183383,33.4592553],[130.7222439,33.457763],[130.7268926,33.4556796],[130.7293553,33.4512243],[130.730902,33.4485279],[130.7326992,33.4452042],[130.7348681,33.442695],[130.7379356,33.4389529],[130.7405796,33.4357369],[130.7464295,33.4333213],[130.7482786,33.4307974],[130.7514198,33.4286785],[130.7538644,33.4269893],[130.756448,33.4252658],[130.7595501,33.4231672],[130.7617362,33.421631],[130.7648814,33.4194819],[130.7674204,33.4174163],[130.7710178,33.4146559],[130.7720402,33.4121693],[130.7735675,33.4083024],[130.7739967,33.4041192],[130.7765969,33.4010843],[130.7801439,33.3984709],[130.7844229,33.39532],[130.787263,33.3936549],[130.7911128,33.3925167],[130.793814,33.3915893],[130.7967551,33.3906724],[130.8003778,33.389471],[130.8038616,33.3883749],[130.8090621,33.3866991],[130.8118516,33.3848863],[130.8148305,33.382968],[130.8177975,33.381492],[130.8236545,33.3812536],[130.8289055,33.3810639],[130.8333612,33.3803577],[130.836643,33.3763273],[130.8386312,33.3728236],[130.8383552,33.3697775],[130.8379953,33.3652383],[130.8392431,33.3602377],[130.840215,33.3567202],[130.8417268,33.3547359],[130.8431905,33.3526813],[130.8456742,33.3504063],[130.8483978,33.3478204],[130.8497176,33.3453247],[130.8508215,33.3433101],[130.8532091,33.3406939],[130.8560167,33.3375966],[130.8585004,33.33487],[130.8605881,33.331983],[130.8592083,33.3270909],[130.8588723,33.3219979],[130.8585724,33.3189801],[130.8580924,33.3156815],[130.8558864,33.3097493],[130.8547265,33.3047057],[130.8534742,33.3027934],[130.8534829,33.2999793],[130.8534022,33.2965729],[130.8534477,33.2945033],[130.8534309,33.2915887],[130.8529259,33.2883815],[130.8524506,33.2854657],[130.8512074,33.2811685],[130.8497128,33.2765868],[130.8488658,33.2739829],[130.8469397,33.2693916],[130.8460927,33.2671529],[130.8451638,33.2629496],[130.8440163,33.2591002],[130.8435519,33.2575695],[130.8424727,33.2537541],[130.8409701,33.2485791],[130.8384737,33.2452852],[130.8368617,33.2432288],[130.8348673,33.240601],[130.8333647,33.2382245],[130.8318547,33.2355069],[130.8306949,33.2341357],[130.8288825,33.2318954],[130.8265932,33.2283845],[130.824678,33.2254516],[130.8238298,33.222268],[130.8227454,33.2187483],[130.8222935,33.2140524],[130.821671,33.2084742],[130.8216408,33.204055],[130.8193049,33.1998234],[130.8190173,33.1961933],[130.8187191,33.1935968],[130.8186197,33.1919569],[130.8204373,33.1888434],[130.8218006,33.1870608],[130.8237602,33.1846008],[130.8270263,33.1820694],[130.8280345,33.1799538],[130.8298238,33.1761268],[130.831684,33.1721926],[130.8328998,33.1691153],[130.8339409,33.1665808],[130.8348546,33.1640551],[130.836096,33.161872],[130.8390894,33.1567254],[130.8412789,33.1532316],[130.8441486,33.1509548],[130.8463271,33.1492189],[130.8485958,33.1473949],[130.8527212,33.1445681],[130.8549576,33.1431786],[130.8573479,33.1401897],[130.8586228,33.1357683],[130.8595577,33.132788],[130.8603014,33.1303503],[130.86147,33.1270584],[130.8644799,33.1242017],[130.8671259,33.1204852],[130.8686451,33.1184209],[130.8694632,33.1168104],[130.8708199,33.1139408],[130.8705149,33.1090953],[130.8701933,33.1068149],[130.8697471,33.1017155],[130.8695832,33.0988601],[130.8694029,33.0958015],[130.8692264,33.0933213],[130.8690874,33.0906029],[130.8687869,33.0849761],[130.8688921,33.0829241],[130.8688621,33.0812068],[130.8684414,33.0785379],[130.8679524,33.0744989],[130.8689155,33.0703762],[130.8722921,33.0688857],[130.8758511,33.0672742],[130.8781671,33.0654847],[130.8813756,33.0611753],[130.8825631,33.0564854],[130.8852143,33.052889],[130.8863636,33.0514118],[130.8884631,33.0497162],[130.8907329,33.0479177],[130.8927861,33.0450024],[130.893458,33.0422682],[130.8944657,33.0376354],[130.8948992,33.0358367],[130.8969798,33.0333476],[130.8986485,33.0313399],[130.8995046,33.0277604],[130.8997972,33.0237083],[130.9000247,33.0208099],[130.9003065,33.0157853],[130.9002306,33.0106876],[130.8999164,33.0080705],[130.8998626,33.0064254],[130.8997213,33.0029997],[130.8994124,32.9985421],[130.8992285,32.9963314],[130.8985849,32.9922697],[130.8979719,32.9887478],[130.8978493,32.9865626],[130.8977583,32.9846225],[130.8974202,32.9812407],[130.897152,32.9778854],[130.8975811,32.9735015],[130.8978939,32.9700576],[130.898463,32.9671415],[130.8991112,32.9631424],[130.8997855,32.959555],[130.9002146,32.9571633],[130.9004445,32.954913],[130.9009349,32.9518268],[130.9007703,32.9504137],[130.9009078,32.9469818],[130.9008673,32.9452626],[130.9015487,32.9420619],[130.9036195,32.9362004],[130.9045833,32.9333395],[130.9049964,32.9315429],[130.9049517,32.9296198],[130.9048102,32.9275447],[130.904459,32.9244116],[130.9046467,32.9205323],[130.9059556,32.9176254],[130.9052122,32.9143312],[130.9041731,32.910668],[130.9026083,32.909090400000004]]},"properties":{"name":"kyushu_line_109","loading_pct":7.8,"p_mw":-270.4,"synthetic":false}},{"type":"Feature","geometry":{"type":"LineString","coordinates":[[130.6237713111111,33.49187337777778],[130.6291644,33.4960436],[130.6313209,33.497474],[130.6349426,33.4992414],[130.6369209,33.5001207],[130.6409038,33.5016033],[130.6451655,33.5032602],[130.6497522,33.5035511],[130.6556312,33.5038389],[130.659563,33.5040136],[130.6639366,33.5039215],[130.6691482,33.5037471],[130.6726517,33.5042413],[130.6749003,33.5046773],[130.6790661,33.5053749],[130.6820118,33.5052732],[130.6849507,33.5052873],[130.6877855,33.5051948],[130.6927642,33.5041922],[130.6966836,33.5033084],[130.6998069,33.5026383],[130.7057875,33.5015057],[130.7107885,33.5027719],[130.7136418,33.5034371],[130.7161524,33.5037858],[130.7195904,33.5040282],[130.725223,33.5044599],[130.7300051,33.5034527],[130.7329015,33.5028772],[130.7355279,33.5022133],[130.7385782,33.5017191],[130.7425174,33.5007307],[130.7446265,33.5003238],[130.7477988,33.5005418],[130.753882,33.501065],[130.7582919,33.5018644],[130.7616908,33.5024458],[130.7662924,33.503812],[130.7693253,33.5038557],[130.7744847,33.5026202],[130.7785111,33.5016319],[130.7810559,33.4997424],[130.7831475,33.4981435],[130.7864767,33.4957015],[130.7900151,33.493027],[130.7936755,33.4913698],[130.7974962,33.4899616],[130.8026699,33.4900219],[130.8068569,33.4900641],[130.8112461,33.4915812],[130.8149061,33.4928936],[130.8194179,33.4958014],[130.8226304,33.4978602],[130.8281516,33.5014394],[130.8327253,33.5043763],[130.8354613,33.5060108],[130.8410457,33.5085816],[130.8447517,33.510267],[130.8511426,33.5110927],[130.8543687,33.5115013],[130.8567474,33.5121482],[130.8625999,33.5137806],[130.8646691,33.5167406],[130.8686302,33.5200176],[130.8689314,33.5214599],[130.8692938,33.5234901],[130.8720605,33.5268859],[130.8761748,33.5292348],[130.8809323,33.5317709],[130.8849036,33.5337707],[130.8870271,33.5347919],[130.8919786,33.5372427],[130.8973996,33.5399487],[130.9035966,33.5407231],[130.9063326,33.5419314],[130.9101729,33.5436578],[130.9146415,33.5478237],[130.9168831,33.5499395],[130.9197762,33.5521995],[130.9228112,33.5545578],[130.9261337,33.5558169],[130.9287956,33.5566631],[130.9334935,33.5574843],[130.9387384,33.5588892],[130.9421299,33.560409],[130.9470495,33.5626272],[130.9505297,33.5642045],[130.9552324,33.5654368],[130.9582887,33.5662747],[130.96099,33.5679834],[130.9647591,33.570309],[130.9661955,33.5711953],[130.9696067,33.5748424],[130.9725151,33.5779391],[130.9751927,33.5806793],[130.9774593,33.5824045],[130.9804605,33.5847679],[130.983228,33.5868802],[130.9868161,33.5895983],[130.991688,33.5910519],[130.9963907,33.592803],[131.0008969,33.59506],[131.0040236,33.596608],[131.0054895,33.5974073],[131.0091259,33.5993901],[131.0092894,33.5996077],[131.0113902,33.6024025],[131.0126811,33.6041202],[131.01551418333335,33.60801320833333]]},"properties":{"name":"kyushu_line_110","loading_pct":12.0,"p_mw":-415.3,"synthetic":false}},{"type":"Feature","geometry":{"type":"LineString","coordinates":[[130.4688209,33.387974],[130.48510393333333,33.38498947777778]]},"properties":{"name":"kyushu_line_112","loading_pct":39.5,"p_mw":-270.8,"synthetic":false}},{"type":"Feature","geometry":{"type":"LineString","coordinates":[[130.48510393333333,33.38498947777778],[130.462394,33.35171057]]},"properties":{"name":"kyushu_line_114","loading_pct":60.2,"p_mw":-413.0,"synthetic":false}},{"type":"Feature","geometry":{"type":"LineString","coordinates":[[130.47711935,33.25777358333333],[130.46428772857143,33.24958902857143]]},"properties":{"name":"kyushu_line_115","loading_pct":83.2,"p_mw":-57.1,"synthetic":false}},{"type":"Feature","geometry":{"type":"LineString","coordinates":[[130.74880494,33.33848274],[130.7747628,33.2891548]]},"properties":{"name":"kyushu_line_116","loading_pct":4.5,"p_mw":-10.2,"synthetic":false}},{"type":"Feature","geometry":{"type":"LineString","coordinates":[[130.66124406,33.4109076],[130.6589066,33.4119089],[130.6564986,33.4130241],[130.6547487,33.4138256],[130.652687,33.4147617],[130.650805,33.415708],[130.6484043,33.416781],[130.6480261,33.4172153],[130.6474967,33.4178231],[130.64827322000002,33.431601]]},"properties":{"name":"kyushu_line_120","loading_pct":32.7,"p_mw":-22.4,"synthetic":false}},{"type":"Feature","geometry":{"type":"LineString","coordinates":[[130.66124406,33.4109076],[130.6618747,33.4095455],[130.662553,33.4075208],[130.6627911,33.4053185],[130.664693,33.4041801],[130.6648514,33.4030909],[130.6646343,33.4010696],[130.6642976,33.3986596],[130.6639961,33.3965516],[130.6636711,33.3941552],[130.6632313,33.3927438],[130.6634736,33.3907871],[130.6648879,33.3892159],[130.6670217,33.3870681],[130.6685922,33.3850808],[130.6694313,33.3828498],[130.6703168,33.3801952],[130.6710615,33.3780257],[130.6720079,33.375569],[130.6724444,33.3737557],[130.6731031,33.3716119],[130.6740085,33.3691466],[130.6747512,33.3670434],[130.6752527,33.3654926],[130.675902,33.3640311],[130.6777311,33.3597658],[130.6785761,33.3584084],[130.6797396,33.3570167],[130.6811371,33.3557908],[130.6824637,33.3540161],[130.683589,33.3525414],[130.683682,33.3524195],[130.6838824,33.3497426],[130.6835754,33.3479022],[130.682894,33.3453099],[130.6825623,33.3446646],[130.682491,33.3445392],[130.682444,33.3444491],[130.6816573,33.3429446],[130.6822481,33.3417264],[130.6822703,33.3410591]]},"properties":{"name":"kyushu_line_121","loading_pct":23.7,"p_mw":16.2,"synthetic":false}},{"type":"Feature","geometry":{"type":"LineString","coordinates":[[130.4534984,33.3723374],[130.43380038,33.353195119999995]]},"properties":{"name":"kyushu_line_123","loading_pct":39.5,"p_mw":27.1,"synthetic":false}},{"type":"Feature","geometry":{"type":"LineString","coordinates":[[130.43380038,33.353195119999995],[130.4311711,33.3619122],[130.4288127,33.3610583],[130.42553,33.3596108],[130.4222688,33.3581633],[130.4200876,33.3580776],[130.4187193,33.3567005],[130.4170438,33.3557018],[130.4170793,33.3539434],[130.4148584,33.3530386],[130.4128632,33.3511629],[130.4133664,33.3496785],[130.4167982,33.349069],[130.4187496,33.3472313],[130.4198802,33.3451515],[130.4211225,33.3428322],[130.4238932,33.3417469],[130.4237946,33.3411068],[130.424631,33.3385549],[130.4258554,33.3371467],[130.4254477,33.3351048],[130.4261114,33.3335638],[130.4264387,33.3311126],[130.4269007,33.3278104],[130.42689091666668,33.325207416666665]]},"properties":{"name":"kyushu_line_125","loading_pct":15.8,"p_mw":10.8,"synthetic":false}},{"type":"Feature","geometry":{"type":"LineString","coordinates":[[130.44292003333334,33.71107238333334],[130.43945931666667,33.6948613]]},"properties":{"name":"kyushu_line_126","loading_pct":71.0,"p_mw":48.7,"synthetic":false}},{"type":"Feature","geometry":{"type":"LineString","coordinates":[[130.44292003333334,33.71107238333334],[130.4559999375,33.72058525]]},"properties":{"name":"kyushu_line_127","loading_pct":94.7,"p_mw":-64.9,"synthetic":false}},{"type":"Feature","geometry":{"type":"LineString","coordinates":[[130.43945931666667,33.6948613],[130.4272596,33.691634549999996]]},"properties":{"name":"kyushu_line_128","loading_pct":47.3,"p_mw":32.5,"synthetic":false}},{"type":"Feature","geometry":{"type":"LineString","coordinates":[[130.4272596,33.691634549999996],[130.35975692,33.66101932]]},"properties":{"name":"kyushu_line_129","loading_pct":23.7,"p_mw":16.2,"synthetic":false}},{"type":"Feature","geometry":{"type":"LineString","coordinates":[[130.46579290357144,33.72156856428571],[130.4663365,33.7211379],[130.4660363,33.7210741],[130.4660272,33.720518],[130.4661,33.7204583],[130.4669919,33.7207198],[130.4682843,33.7210837],[130.4685885,33.7207804],[130.4687993,33.7202472],[130.4691028,33.7188902],[130.4694891,33.7167278],[130.469597,33.715746],[130.4697653,33.7144099],[130.4731496,33.714749],[130.4742883,33.714853],[130.4745379,33.7138293],[130.4746848,33.7135061],[130.4748377,33.7134766],[130.4759437,33.7136181],[130.47613073333335,33.714022633333336]]},"properties":{"name":"kyushu_line_131","loading_pct":29.3,"p_mw":-201.3,"synthetic":false}},{"type":"Feature","geometry":{"type":"LineString","coordinates":[[130.48520556,33.73468422],[130.4811758,33.7463494],[130.4822581,33.7475825],[130.4837104,33.7492102],[130.4823614,33.7499977],[130.483466,33.7516816],[130.4830421,33.7525891],[130.4814446,33.7543844],[130.4821594,33.7562868],[130.482413,33.7576329],[130.4821045,33.7585993],[130.4810621,33.7593368],[130.481782,33.7604828],[130.48303998,33.76279812]]},"properties":{"name":"kyushu_line_133","loading_pct":23.7,"p_mw":16.2,"synthetic":false}},{"type":"Feature","geometry":{"type":"LineString","coordinates":[[130.48520556,33.73468422],[130.4964976,33.7472662]]},"properties":{"name":"kyushu_line_134","loading_pct":80.0,"p_mw":81.2,"synthetic":false}},{"type":"Feature","geometry":{"type":"LineString","coordinates":[[130.47613073333335,33.714022633333336],[130.5127551,33.6849434]]},"properties":{"name":"kyushu_line_136","loading_pct":43.6,"p_mw":-298.8,"synthetic":false}},{"type":"Feature","geometry":{"type":"LineString","coordinates":[[130.47872142857142,33.61520072857143],[130.4857644,33.6190559],[130.4827124,33.6199165],[130.4798791,33.6206136],[130.47522371999997,33.61815228]]},"properties":{"name":"kyushu_line_137","loading_pct":32.0,"p_mw":65.8,"synthetic":false}},{"type":"Feature","geometry":{"type":"LineString","coordinates":[[130.47872142857142,33.61520072857143],[130.4903814,33.6182871],[130.4920659,33.6201822],[130.4954397,33.6204596],[130.4961541,33.6229756],[130.4997451,33.6247802],[130.5031286,33.6266872],[130.5063796,33.6268758],[130.5100404,33.6268861],[130.5128471,33.6278728],[130.5165226,33.6275734],[130.5198071,33.6284817],[130.5218359,33.6288835],[130.52356495,33.62920571666667]]},"properties":{"name":"kyushu_line_139","loading_pct":23.7,"p_mw":16.2,"synthetic":false}},{"type":"Feature","geometry":{"type":"LineString","coordinates":[[130.5786847,33.5090955],[130.5726804,33.5100261]]},"properties":{"name":"kyushu_line_140","loading_pct":25.8,"p_mw":177.2,"synthetic":false}},{"type":"Feature","geometry":{"type":"LineString","coordinates":[[130.43958212857143,33.51665798571428],[130.4402682,33.5164164],[130.4429285,33.5167963],[130.4458047,33.5172269],[130.4473992,33.517021],[130.4483835,33.5170471],[130.4506189,33.5166945],[130.4528885,33.5163479],[130.4549502,33.5157829],[130.4571555,33.5145593],[130.4591968,33.5142064],[130.4608569,33.5129464],[130.4625282,33.5124993],[130.4646089,33.5111623],[130.4663042,33.5115539],[130.4688803,33.5103905],[130.47013645,33.510745225]]},"properties":{"name":"kyushu_line_141","loading_pct":29.2,"p_mw":-20.0,"synthetic":false}},{"type":"Feature","geometry":{"type":"LineString","coordinates":[[130.43958212857143,33.51665798571428],[130.4391502,33.5167895],[130.4376527,33.5163794],[130.4367972,33.5162301],[130.4365244,33.5170938],[130.4362158,33.5181275],[130.4360532,33.5187236],[130.435735,33.5199146],[130.4355353,33.5206003],[130.43574308,33.52081712]]},"properties":{"name":"kyushu_line_142","loading_pct":5.5,"p_mw":3.8,"synthetic":false}},{"type":"Feature","geometry":{"type":"LineString","coordinates":[[130.47013645,33.510745225],[130.4725654,33.512053],[130.4740567,33.5129368],[130.475006,33.5137459],[130.4764928,33.5157792],[130.4781184,33.5168963],[130.4796187,33.5186469],[130.4801154,33.5198227],[130.4793131,33.5214598],[130.4793434,33.523646459999995]]},"properties":{"name":"kyushu_line_143","loading_pct":30.9,"p_mw":-21.2,"synthetic":false}},{"type":"Feature","geometry":{"type":"LineString","coordinates":[[130.47671902222223,33.52970662222222],[130.4761792,33.5287459],[130.4776193,33.5273396],[130.4790197,33.525639],[130.4786126,33.52466068]]},"properties":{"name":"kyushu_line_144","loading_pct":78.2,"p_mw":53.6,"synthetic":false}},{"type":"Feature","geometry":{"type":"LineString","coordinates":[[130.47671902222223,33.52970662222222],[130.4760559,33.5298207],[130.4754176,33.5303708],[130.4760398,33.5308805],[130.4768606,33.5315602],[130.4784249,33.5328466],[130.4764764,33.5347201],[130.4763419,33.534596],[130.4745814,33.536389],[130.47486438,33.536636720000004]]},"properties":{"name":"kyushu_line_145","loading_pct":80.0,"p_mw":-69.9,"synthetic":false}},{"type":"Feature","geometry":{"type":"LineString","coordinates":[[130.4786126,33.52466068],[130.4793434,33.523646459999995]]},"properties":{"name":"kyushu_line_146","loading_pct":54.5,"p_mw":37.4,"synthetic":false}},{"type":"Feature","geometry":{"type":"LineString","coordinates":[[131.01551418333335,33.60801320833333],[131.0147148,33.6044957],[131.0139413,33.601643],[131.0154784,33.5980232],[131.0163912,33.5935697],[131.0178401,33.5913489],[131.0198107,33.5883797],[131.0213321,33.5860019],[131.0230418,33.5834912],[131.0263744,33.5799544],[131.0294172,33.5763087],[131.0321557,33.5750412],[131.0358782,33.5733914],[131.04078,33.5715014],[131.0424894,33.5693842],[131.0458629,33.5651065],[131.0489491,33.5610719],[131.0501503,33.5574376],[131.050871,33.5522784],[131.0521277,33.5492598],[131.0529778,33.5467185],[131.0530332,33.5430374],[131.0531626,33.5382932],[131.0534398,33.5349814],[131.0538094,33.5325476],[131.0542159,33.5303755],[131.055029,33.526555],[131.054105,33.5238436],[131.0551769,33.5207463],[131.0562302,33.5180039],[131.057875,33.5141674],[131.0592055,33.5120874],[131.0604217,33.5092772],[131.0626595,33.5042664],[131.0632688,33.5025231],[131.0644665,33.4991852],[131.0652124,33.4951376],[131.06703,33.4923865],[131.0690366,33.4893375],[131.0709067,33.4865074],[131.0722094,33.484606],[131.0731549,33.4824592],[131.0733651,33.4773066],[131.0748569,33.4739854],[131.0787126,33.4715842],[131.0815072,33.4698665],[131.0833772,33.4687622],[131.0858566,33.46736],[131.089103,33.4652741],[131.09174,33.4637053],[131.0941879,33.4611197],[131.0960733,33.4591856],[131.0981618,33.456144],[131.1007816,33.4532093],[131.1047571,33.4485318],[131.1056914,33.4472631],[131.109612,33.4423713],[131.113276,33.4421879],[131.1174531,33.440812],[131.1180576,33.4382284],[131.1194866,33.4331526],[131.1226011,33.4309357],[131.1266682,33.4276026],[131.1304971,33.4234743],[131.1306803,33.4207831],[131.1298742,33.4176637],[131.1295078,33.4151252],[131.1309735,33.4107822],[131.131633,33.4087177],[131.1334467,33.4056896],[131.1360866,33.4012125],[131.1370452,33.3981411],[131.1381593,33.3935337],[131.1386257,33.3910677],[131.1407243,33.3864599],[131.1415173,33.3830135],[131.1419936,33.3811166],[131.1429279,33.3788218],[131.14476,33.3750125],[131.1450897,33.371616],[131.1454195,33.3685866],[131.1453829,33.3654653],[131.1452729,33.361028],[131.1456356,33.3578993],[131.1460235,33.3550456],[131.145382,33.3536561],[131.144278,33.3511263],[131.1445465,33.3478363],[131.1440094,33.345082],[131.1434724,33.3422404],[131.1449493,33.338065],[131.1462622,33.3349614],[131.1498279,33.3339019],[131.1526177,33.3332912],[131.1570636,33.3322317],[131.1618825,33.3308107],[131.1667909,33.3301749],[131.1705831,33.3296164],[131.1726231,33.3292901],[131.1748368,33.3289999],[131.1788843,33.3272682],[131.1830728,33.324258],[131.1844727,33.3217373],[131.1860244,33.3188448],[131.187728,33.3150817],[131.1890546,33.31213],[131.189608,33.3102982],[131.1900203,33.3081309],[131.1900312,33.3043673],[131.190042,33.3021725],[131.1911272,33.3005038],[131.1950119,33.298835],[131.1975836,33.2975924],[131.1999492,33.2975833],[131.2047346,33.2975652],[131.2087387,33.2959508],[131.2109523,33.2922048],[131.2131885,33.2882359],[131.2144009,33.2860295],[131.2168814,33.2818228],[131.2173744,33.2776747],[131.2179548,33.2732702],[131.2184682,33.2693974],[131.2189926,33.2643593],[131.220429,33.2612972],[131.2223863,33.2567124],[131.2243731,33.2527175],[131.226226,33.2500666],[131.2293512,33.2461088],[131.2307576,33.2437937],[131.2325881,33.2401156],[131.2343873,33.2369242],[131.2377106,33.2343405],[131.240397,33.2325622],[131.2427236,33.2313876],[131.2458304,33.2294101],[131.2482688,33.2278881],[131.2499281,33.2251939],[131.2512935,33.2228363],[131.2531315,33.219805],[131.2551128,33.2165299],[131.2558491,33.2150602],[131.2573389,33.2130657],[131.2566458,33.2096275],[131.2562992,33.2067692],[131.2593152,33.2029],[131.2627562,33.1998964],[131.2652875,33.1976385],[131.2680848,33.1951527],[131.2695687,33.1927359],[131.2695789,33.1900893],[131.2695789,33.1868372],[131.2696489,33.1839805],[131.2704804,33.1810797],[131.271557,33.1763768],[131.2740689,33.1730069],[131.2760557,33.1719812],[131.2786201,33.170538],[131.2820144,33.1687004],[131.2861511,33.1677996],[131.2904605,33.1669128],[131.2948454,33.1671253],[131.2993617,33.167367],[131.3024425,33.1679458],[131.3056547,33.1688323],[131.308793,33.1696314],[131.3109762,33.1698365],[131.3145297,33.1701882],[131.3187798,33.1695976],[131.3215304,33.1683846],[131.3243696,33.1670972],[131.3279926,33.1654013],[131.3302404,33.1644729],[131.3328874,33.162517],[131.336052,33.1582461],[131.3374568,33.1555225],[131.338979,33.1523002],[131.341005,33.1482578],[131.3444727,33.1461159],[131.3480365,33.1440357],[131.3527834,33.1431504],[131.3573602,33.1421289],[131.3611903,33.1407855],[131.363926,33.1398011],[131.3696784,33.1378137],[131.3725473,33.1350028],[131.3746102,33.1335354],[131.3770871,33.1318636],[131.3812129,33.1309906],[131.3859598,33.1299875],[131.3894349,33.1292568],[131.3953648,33.1280927],[131.4000821,33.127102],[131.4033724,33.1260927],[131.4072172,33.1247985],[131.4097459,33.1232381],[131.4132757,33.121137],[131.4174165,33.1184436],[131.4217303,33.1145339],[131.4236026,33.1119379],[131.4250068,33.1099564],[131.4275464,33.1061442],[131.4293301,33.1038129],[131.4313162,33.100443],[131.4348963,33.0981115],[131.4374264,33.0955468],[131.4398047,33.0931834],[131.4447161,33.0917971],[131.4485114,33.0906848],[131.4521814,33.0910836],[131.4567157,33.0915138],[131.4619639,33.0921959],[131.4655212,33.0920595],[131.4680639,33.0918811],[131.4726608,33.0925212],[131.4774957,33.0924897],[131.4823056,33.0923743],[131.4855372,33.0930984],[131.48937,33.0939379],[131.492514,33.0944626],[131.4953461,33.0937795],[131.4983008,33.0930669],[131.5033486,33.0928046],[131.5075197,33.0906533],[131.5112147,33.089457],[131.5171895,33.0875995],[131.521849,33.0864871],[131.526471,33.0867494],[131.5293268,33.0868334],[131.5356147,33.086655],[131.5416145,33.0868649],[131.5435935,33.0877989],[131.5480527,33.0895199],[131.5531882,33.0915243],[131.5577976,33.0922904],[131.5620814,33.0929935],[131.5655009,33.0935286],[131.5681689,33.0943157],[131.5721144,33.0956169],[131.573843,33.0960891],[131.5792666,33.0965718],[131.583613,33.097044],[131.587784,33.0974322],[131.5916169,33.0981038],[131.5967148,33.0989642],[131.6004725,33.1005382],[131.6047939,33.1022485],[131.6096413,33.1044624],[131.6149647,33.1048087],[131.6184593,33.105008],[131.6204384,33.1051444],[131.6227181,33.1070761],[131.6247581,33.1086959],[131.6305062,33.1111451],[131.6366876,33.1122205],[131.6401447,33.1131909],[131.643965,33.1137784],[131.6478229,33.1132277],[131.6504157,33.113065],[131.6555966,33.1152683],[131.6573132,33.11738],[131.6599847,33.1189795],[131.6630424,33.1186021],[131.6659499,33.1181438],[131.6681606,33.1193753],[131.6720337,33.1232477],[131.6744047,33.1247833],[131.6780898,33.1249861],[131.6805113,33.1260517],[131.6823438,33.1281845],[131.6848538,33.1311944],[131.6887803,33.1332653],[131.6925676,33.1342851],[131.6963096,33.136505],[131.7005934,33.1386603],[131.7036434,33.1403542],[131.7085472,33.1419222],[131.7142526,33.1437313],[131.7180917,33.1440459],[131.7192065,33.1407999],[131.7199142,33.138933],[131.7224318,33.1359594],[131.72938898333334,33.134381016666666]]},"properties":{"name":"kyushu_line_147","loading_pct":3.7,"p_mw":-128.9,"synthetic":false}},{"type":"Feature","geometry":{"type":"LineString","coordinates":[[131.01551418333335,33.60801320833333],[131.0114425,33.6076076],[131.0099645,33.6061233],[131.007313,33.6032149],[131.0053424,33.6017426],[131.0026764,33.5996548],[130.9969241,33.5994134],[130.9933307,33.5999686],[130.9875099,33.6009444],[130.9812794,33.5995324],[130.9754547,33.598591],[130.9715281,33.5979393],[130.9688331,33.5976859],[130.9638922,33.5982652],[130.9598641,33.5998703],[130.9588951,33.6005614],[130.9550247,33.6033218],[130.9509676,33.6056147],[130.9476061,33.6074007],[130.9437664,33.6087885],[130.9382749,33.6111416],[130.9338267,33.6128068],[130.9311461,33.6143151],[130.9279295,33.6160889],[130.926013,33.6180022],[130.9222759,33.6205616],[130.9213329,33.6230628],[130.9202432,33.6250377],[130.9185144,33.6275532],[130.916087,33.6310575],[130.9129337,33.6349339],[130.9098253,33.6385977],[130.9063501,33.6407494],[130.9017224,33.6430901],[130.8995775,33.6465137],[130.8984424,33.6494211],[130.896993,33.6530844],[130.8974296,33.6584336],[130.8965215,33.6619366],[130.8956658,33.6646546],[130.8946529,33.6676632],[130.8938846,33.6705118],[130.8927669,33.6740724],[130.8900427,33.6772696],[130.8867596,33.6809316],[130.8854324,33.6855381],[130.8849085,33.687645],[130.8834591,33.6928323],[130.8822854,33.6964189],[130.8788821,33.7000937],[130.8775876,33.7015179],[130.8751375,33.7040991],[130.871655,33.7080197],[130.8692317,33.7108811],[130.8656583,33.7127233],[130.8638716,33.7160072],[130.8618923,33.7207059],[130.8592016,33.7235331],[130.8586735,33.7270668],[130.8558387,33.7287096],[130.8534021,33.7296427],[130.8497361,33.7319786],[130.8442689,33.7339422],[130.8424822,33.7358284],[130.8402141,33.7382929],[130.8373819,33.7415812],[130.8362426,33.7451727],[130.8352068,33.7483248],[130.8346268,33.7506845],[130.8323895,33.7558343],[130.8313745,33.758013],[130.8267342,33.7611561],[130.8232273,33.7625733],[130.8188771,33.7647087],[130.8153348,33.7687384],[130.8141747,33.7707273],[130.8125911,33.7732103],[130.8110167,33.7766283],[130.8097738,33.7791594],[130.808448,33.7824308],[130.8079676,33.7861326],[130.8069652,33.791311],[130.8072384,33.794062],[130.8068457,33.7971061],[130.8054709,33.8007932],[130.8048403,33.8034039],[130.8045108,33.8054243],[130.80435629411767,33.80978334117647]]},"properties":{"name":"kyushu_line_148","loading_pct":19.9,"p_mw":-687.8,"synthetic":false}},{"type":"Feature","geometry":{"type":"LineString","coordinates":[[131.72938898333334,33.134381016666666],[131.7274368,33.1341912],[131.7291212,33.1320619],[131.7325759,33.12907],[131.7359447,33.1291958],[131.7387986,33.1273629],[131.7420172,33.1243978],[131.7471242,33.1228523],[131.749624,33.1188986],[131.7505681,33.1156547],[131.74986,33.1144416],[131.7482185,33.1110716],[131.7464912,33.106012],[131.7456221,33.1034417],[131.7449462,33.1011588],[131.745547,33.097321],[131.745708,33.0937887],[131.7440665,33.0903371],[131.7441952,33.0878831],[131.744281,33.0857707],[131.7439699,33.08213],[131.7444098,33.0787768],[131.7454398,33.0757202],[131.7460728,33.072106],[131.7480683,33.0697684],[131.7509544,33.0679343],[131.7541516,33.0643468],[131.7536473,33.0601747],[131.7522311,33.0558675],[131.7512548,33.0506968],[131.7521346,33.0467579],[131.7520594,33.0444466],[131.7523813,33.041092],[131.7512119,33.0376383],[131.7489052,33.0339057],[131.748755,33.0290665],[131.7454719,33.0260261],[131.7415666,33.0219962],[131.7411375,33.0157889],[131.7442918,33.0120823],[131.7466735,33.0078718],[131.7453324,33.0049926],[131.7419743,33.0019964],[131.7418027,32.9976144],[131.7394853,32.9949689],[131.7368245,32.9917474],[131.7345714,32.9889037],[131.7300868,32.9865639],[131.7290676,32.9826311],[131.7280912,32.9800212],[131.7280912,32.9769161],[131.7258167,32.973478],[131.7247546,32.9698956],[131.7234671,32.9667362],[131.7219758,32.9626765],[131.7224908,32.9593097],[131.7226624,32.956465],[131.7208707,32.9535662],[131.7194652,32.9509284],[131.7157638,32.9481464],[131.7143476,32.9460847],[131.7118907,32.9430504],[131.709702,32.9412947],[131.7057645,32.9381433],[131.702975,32.9350457],[131.7010116,32.9327225],[131.6957867,32.92813],[131.6948855,32.9199077],[131.6972458,32.914648],[131.6997778,32.9096762],[131.6998851,32.9067128],[131.6998422,32.903443],[131.6999602,32.899966],[131.7039192,32.8963446],[131.7077386,32.8938402],[131.7079103,32.8908132],[131.7070198,32.8869753],[131.706655,32.8831822],[131.7066336,32.8805333],[131.7091656,32.8770913],[131.7097556,32.8743701],[131.7111719,32.8718741],[131.7107427,32.8682246],[131.7096376,32.8650976],[131.7091977,32.8583385],[131.7070091,32.851597],[131.7039943,32.8458285],[131.7014193,32.84289],[131.6992521,32.8402759],[131.6982221,32.8370307],[131.6973853,32.8331003],[131.6974067,32.829945],[131.697042,32.8262036],[131.6940057,32.8200908],[131.6950786,32.8114347],[131.6829014,32.7946252],[131.6772473,32.7879781],[131.6762142,32.7857856],[131.6750586,32.7833329],[131.6690719,32.7732029],[131.6659498,32.7667165],[131.6651881,32.7620612],[131.6659713,32.7569004],[131.6667008,32.7531018],[131.6657245,32.7491676],[131.6636324,32.7466591],[131.6599309,32.7448002],[131.6565943,32.7405137],[131.6543412,32.7384922],[131.6503072,32.7357578],[131.6481936,32.7325629],[131.648494,32.7262],[131.646831,32.7234922],[131.6438055,32.7189429],[131.6390097,32.716939],[131.6370571,32.7146191],[131.634053,32.7120555],[131.6309202,32.7086702],[131.6296971,32.7065667],[131.6292894,32.7021701],[131.6295576,32.6991546],[131.6288602,32.696744],[131.6285062,32.6940443],[131.6263819,32.6897284],[131.6231954,32.6846356],[131.6230345,32.6804366],[131.6188288,32.6771314],[131.6085934,32.6662396],[131.6050315,32.6638191],[131.600461,32.6621933],[131.595633,32.6603868],[131.590805,32.658508],[131.5879726,32.6569364],[131.5833163,32.6559427],[131.571536,32.6553104],[131.5669441,32.6535761],[131.5626311,32.6511552],[131.5588546,32.6490413],[131.5542626,32.6464758],[131.5474176,32.6466745],[131.5445208,32.6469997],[131.5404653,32.6461144],[131.5374398,32.6450303],[131.5349722,32.6426092],[131.5321398,32.6388328],[131.5288353,32.6350021],[131.515789,32.6170929],[131.5155423,32.6125563],[131.5151453,32.6066096],[131.5141368,32.5999394],[131.515274,32.5952754],[131.5170121,32.5925275],[131.5191901,32.5889931],[131.5212285,32.583994],[131.5209818,32.5816616],[131.5173125,32.5777199],[131.51492,32.5761829],[131.5116048,32.5732446],[131.5121519,32.5700168],[131.5125918,32.5666533],[131.5131068,32.5623131],[131.5123558,32.5584791],[131.5116048,32.5541565],[131.5120983,32.5511361],[131.5127849,32.5477538],[131.5133643,32.5442085],[131.514759,32.5412601],[131.5158319,32.5383839],[131.5180635,32.5362493],[131.5198874,32.5334091],[131.5238571,32.5320343],[131.5252948,32.5283256],[131.5265608,32.5255756],[131.5237421,32.5205092],[131.5216577,32.518447],[131.5204879,32.5143737],[131.5205622,32.5109654],[131.5201825,32.5087917],[131.5217543,32.5040073],[131.5243626,32.5002618],[131.5261852,32.4980899],[131.5278911,32.4962798],[131.5293932,32.49228],[131.5306806,32.4885878],[131.5321612,32.48428],[131.5338564,32.4801168],[131.5320325,32.4760621],[131.5300369,32.4709029],[131.5281915,32.4685132],[131.5266681,32.4659063],[131.5247583,32.461706],[131.524179,32.45689],[131.5237069,32.4540835],[131.5232992,32.4510235],[131.5224731,32.4467682],[131.5202737,32.4426395],[131.518439,32.4399141],[131.5174305,32.4375599],[131.5141797,32.4358123],[131.5111005,32.4328693],[131.5079677,32.4282963],[131.5078604,32.4264307],[131.5077317,32.4242029],[131.506573,32.4204807],[131.5052211,32.4176732],[131.5014167,32.4136363],[131.4981292,32.4103949],[131.4948249,32.4076466],[131.4908981,32.4025741],[131.4896214,32.3982712],[131.4868748,32.3966769],[131.4850376,32.3950276],[131.4839423,32.3934186],[131.4822936,32.3887499],[131.4794762,32.3855973],[131.4758706,32.3831053],[131.4738393,32.3807769],[131.4711494,32.3788727],[131.4683508,32.3774567],[131.4606039,32.3758538],[131.4558148,32.3740175],[131.4513731,32.3733288],[131.4484545,32.3710894],[131.4440649,32.3677213],[131.4391207,32.3662245],[131.4322972,32.3654089],[131.4278126,32.3646658],[131.4235639,32.3608052],[131.4218671,32.3556631],[131.4205372,32.3516878],[131.418457,32.3489687],[131.4163005,32.3469474],[131.4135432,32.346322],[131.4096057,32.3452525],[131.4037263,32.343349],[131.4016664,32.3410829],[131.3985121,32.3393402],[131.3955831,32.336351],[131.3944244,32.3308846],[131.390326,32.3284913],[131.3858843,32.3269048],[131.3818073,32.3260344],[131.3788462,32.3253726],[131.3744702,32.3237086],[131.3706601,32.3234959],[131.3645339,32.3202592],[131.3605857,32.3195338],[131.38554833636363,32.25098099090909]]},"properties":{"name":"kyushu_line_153","loading_pct":18.8,"p_mw":-650.7,"synthetic":false}},{"type":"Feature","geometry":{"type":"LineString","coordinates":[[130.87500792857142,33.3051374],[130.8279574,33.2984501]]},"properties":{"name":"kyushu_line_158","loading_pct":16.8,"p_mw":-115.3,"synthetic":false}},{"type":"Feature","geometry":{"type":"LineString","coordinates":[[130.9012223,33.2932091],[130.90078412,33.31664682]]},"properties":{"name":"kyushu_line_160","loading_pct":23.7,"p_mw":16.2,"synthetic":false}},{"type":"Feature","geometry":{"type":"LineString","coordinates":[[130.4974899,33.32239903333333],[130.4903733,33.3250129],[130.4908309,33.3260563],[130.4912403,33.3271094],[130.4929406,33.3283161],[130.4948668,33.3296483],[130.4974397,33.3302888],[130.49682578333332,33.329304066666666]]},"properties":{"name":"kyushu_line_161","loading_pct":63.9,"p_mw":43.9,"synthetic":false}},{"type":"Feature","geometry":{"type":"LineString","coordinates":[[130.53321123,33.41446017],[130.53453236000001,33.4123371]]},"properties":{"name":"kyushu_line_162","loading_pct":4.6,"p_mw":8.0,"synthetic":false}},{"type":"Feature","geometry":{"type":"LineString","coordinates":[[130.46108874210526,33.62207130526316],[130.43813704285714,33.622892314285714]]},"properties":{"name":"kyushu_line_166","loading_pct":13.0,"p_mw":89.0,"synthetic":false}},{"type":"Feature","geometry":{"type":"LineString","coordinates":[[131.6337478,33.2065973],[131.6377209,33.2280611],[131.6358755,33.226064],[131.6357384,33.224743],[131.6355698,33.2234006],[131.6354387,33.2223219],[131.6353021,33.2222539],[131.6338193,33.2224898],[131.6321712,33.2227168],[131.6307757,33.2220891],[131.6282796,33.2210349],[131.6260605,33.2198958],[131.6238871,33.2187105],[131.6224667,33.2179382],[131.620823,33.2180363],[131.6157576,33.2180199],[131.6134915,33.2177964],[131.6112844,33.2170521],[131.6094333,33.2163237],[131.6077501,33.2157744],[131.6059268,33.2169288],[131.6056282,33.2191422],[131.6055283,33.2207482],[131.605477,33.2215741],[131.6181958,33.1974534]]},"properties":{"name":"kyushu_line_168","loading_pct":86.6,"p_mw":59.4,"synthetic":false}},{"type":"Feature","geometry":{"type":"LineString","coordinates":[[130.038777625,33.3309473],[130.0119867,33.3333651]]},"properties":{"name":"kyushu_line_169","loading_pct":1.7,"p_mw":11.6,"synthetic":false}},{"type":"Feature","geometry":{"type":"LineString","coordinates":[[130.038777625,33.3309473],[130.1134564,33.34433]]},"properties":{"name":"kyushu_line_170","loading_pct":2.6,"p_mw":-18.0,"synthetic":false}},{"type":"Feature","geometry":{"type":"LineString","coordinates":[[130.0119867,33.3333651],[129.9886191,33.3463335]]},"properties":{"name":"kyushu_line_172","loading_pct":1.9,"p_mw":-13.2,"synthetic":false}},{"type":"Feature","geometry":{"type":"LineString","coordinates":[[130.4175908,33.2317246],[130.4122625,33.2347028]]},"properties":{"name":"kyushu_line_177","loading_pct":19.5,"p_mw":-44.6,"synthetic":false}},{"type":"Feature","geometry":{"type":"LineString","coordinates":[[130.4175908,33.2317246],[130.4192448,33.2308054],[130.421328,33.2292814],[130.4235444,33.2276569],[130.4256043,33.2261302],[130.4275041,33.2246974],[130.4295133,33.2231583],[130.432016,33.2218045],[130.4342499,33.2205285],[130.4366884,33.2191923],[130.4388907,33.2179633],[130.4410277,33.2166033],[130.4431548,33.2153244],[130.448796195,33.210922284999995]]},"properties":{"name":"kyushu_line_178","loading_pct":37.5,"p_mw":-257.2,"synthetic":false}},{"type":"Feature","geometry":{"type":"LineString","coordinates":[[130.4122625,33.2347028],[130.3570736,33.2709335]]},"properties":{"name":"kyushu_line_179","loading_pct":9.8,"p_mw":67.0,"synthetic":false}},{"type":"Feature","geometry":{"type":"LineString","coordinates":[[130.4122625,33.2347028],[130.4233519,33.2155966]]},"properties":{"name":"kyushu_line_180","loading_pct":17.2,"p_mw":-118.1,"synthetic":false}},{"type":"Feature","geometry":{"type":"LineString","coordinates":[[130.25945585384616,33.335102892307695],[130.3570736,33.2709335]]},"properties":{"name":"kyushu_line_181","loading_pct":1.8,"p_mw":-12.2,"synthetic":false}},{"type":"Feature","geometry":{"type":"LineString","coordinates":[[130.25945585384616,33.335102892307695],[130.1134564,33.34433]]},"properties":{"name":"kyushu_line_182","loading_pct":3.6,"p_mw":24.5,"synthetic":false}},{"type":"Feature","geometry":{"type":"LineString","coordinates":[[130.01155884285714,33.18088777857143],[130.01517436666666,32.887045855555556]]},"properties":{"name":"kyushu_line_185","loading_pct":5.1,"p_mw":-35.0,"synthetic":false}},{"type":"Feature","geometry":{"type":"LineString","coordinates":[[130.01155884285714,33.18088777857143],[129.8600719,33.1748144]]},"properties":{"name":"kyushu_line_186","loading_pct":45.0,"p_mw":-308.8,"synthetic":false}},{"type":"Feature","geometry":{"type":"LineString","coordinates":[[130.47486438,33.536636720000004],[130.46906180000002,33.54179926]]},"properties":{"name":"kyushu_line_192","loading_pct":74.2,"p_mw":50.9,"synthetic":false}},{"type":"Feature","geometry":{"type":"LineString","coordinates":[[130.43814918571428,33.62291757142857],[130.43919306,33.64639222]]},"properties":{"name":"kyushu_line_194","loading_pct":61.6,"p_mw":-42.3,"synthetic":false}},{"type":"Feature","geometry":{"type":"LineString","coordinates":[[130.43919306,33.64639222],[130.4392098,33.6466271],[130.4389939,33.6465634],[130.4385956,33.6463768],[130.4380034,33.6467501],[130.4373128,33.6471374],[130.436428,33.6476367],[130.4358235,33.6478482],[130.4364901,33.6491564],[130.436595,33.6493623],[130.4366013,33.6493747],[130.4365507,33.649493],[130.4334956,33.650824],[130.4361696,33.6554321],[130.4349381,33.655939],[130.4348125,33.6561954],[130.4350912,33.6563287],[130.4351969,33.6564322],[130.4354853,33.6569403],[130.4343674,33.6574132],[130.4343077,33.6575708],[130.43373431666666,33.65810913333333]]},"properties":{"name":"kyushu_line_195","loading_pct":47.3,"p_mw":32.5,"synthetic":false}},{"type":"Feature","geometry":{"type":"LineString","coordinates":[[130.3869439090909,33.552589554545456],[130.36408111666665,33.54587506666667]]},"properties":{"name":"kyushu_line_198","loading_pct":80.0,"p_mw":132.3,"synthetic":false}},{"type":"Feature","geometry":{"type":"LineString","coordinates":[[130.3869439090909,33.552589554545456],[130.41048666,33.54379664]]},"properties":{"name":"kyushu_line_199","loading_pct":92.1,"p_mw":63.2,"synthetic":false}},{"type":"Feature","geometry":{"type":"LineString","coordinates":[[131.65696664285716,33.25511768571429],[131.68349614,33.24925838]]},"properties":{"name":"kyushu_line_201","loading_pct":80.8,"p_mw":-55.5,"synthetic":false}},{"type":"Feature","geometry":{"type":"LineString","coordinates":[[131.7055311,33.26444606],[131.7041286,33.2652278],[131.701905,33.2671246],[131.6985261,33.2667025],[131.693196,33.2659929],[131.6894897,33.2655185],[131.69047048333334,33.26332231666667]]},"properties":{"name":"kyushu_line_202","loading_pct":17.7,"p_mw":121.6,"synthetic":false}},{"type":"Feature","geometry":{"type":"LineString","coordinates":[[131.7055311,33.26444606],[131.7792904,33.2261032]]},"properties":{"name":"kyushu_line_203","loading_pct":11.4,"p_mw":78.2,"synthetic":false}},{"type":"Feature","geometry":{"type":"LineString","coordinates":[[130.664931,33.775939],[130.7054657,33.787632]]},"properties":{"name":"kyushu_line_205","loading_pct":0.2,"p_mw":7.5,"synthetic":false}},{"type":"Feature","geometry":{"type":"LineString","coordinates":[[130.7574015,33.806061],[130.80435629411767,33.80978334117647]]},"properties":{"name":"kyushu_line_210","loading_pct":1.6,"p_mw":-56.6,"synthetic":false}},{"type":"Feature","geometry":{"type":"LineString","coordinates":[[130.80435629411767,33.80978334117647],[130.861366475,33.7862208625]]},"properties":{"name":"kyushu_line_212","loading_pct":9.4,"p_mw":-326.2,"synthetic":false}},{"type":"Feature","geometry":{"type":"LineString","coordinates":[[130.79893333333334,32.6147428],[130.65521572,31.957996279999996]]},"properties":{"name":"kyushu_line_222","loading_pct":11.8,"p_mw":-410.2,"synthetic":false}},{"type":"Feature","geometry":{"type":"LineString","coordinates":[[130.79893333333334,32.6147428],[130.7997684,32.6160609],[130.7991113,32.6193665],[130.7987394,32.6219318],[130.7986608,32.6239959],[130.7961978,32.6289522],[130.7914906,32.6315208],[130.7894119,32.6318897],[130.785928,32.632457],[130.7832541,32.6343572],[130.7805266,32.6363758],[130.7778237,32.639857],[130.7757409,32.6443102],[130.7767159,32.6462434],[130.776841,32.648604],[130.7741466,32.6513644],[130.7688448,32.6524032],[130.7639379,32.6517534],[130.7591509,32.6529822],[130.7552055,32.6538759],[130.749428,32.6550172],[130.7439067,32.6548884],[130.7395591,32.6542308],[130.7348602,32.6527938],[130.7307813,32.6550485],[130.7249795,32.6563794],[130.7231068,32.6587193],[130.7217513,32.6599474],[130.7179988,32.6619236],[130.7145604,32.6620454],[130.7094276,32.6621428],[130.7039518,32.6622785],[130.7010878,32.6628526],[130.6977279,32.6634266],[130.6941077,32.6661995],[130.6898593,32.6675458],[130.6838338,32.6668744],[130.6789737,32.6652219],[130.675406,32.6630316]]},"properties":{"name":"kyushu_line_223","loading_pct":2.4,"p_mw":-81.5,"synthetic":false}},{"type":"Feature","geometry":{"type":"LineString","coordinates":[[130.7818747,32.6287063],[130.715343,32.491787]]},"properties":{"name":"kyushu_line_225","loading_pct":2.3,"p_mw":15.8,"synthetic":false}},{"type":"Feature","geometry":{"type":"LineString","coordinates":[[130.7818747,32.6287063],[130.7822063,32.6310551],[130.7830446,32.635411],[130.782511,32.6383895],[130.7814777,32.6434624],[130.781299,32.6443181],[130.7806357,32.6476301],[130.7800629,32.6504375],[130.7795953,32.6527897],[130.7776053,32.6563105],[130.7761803,32.6587883],[130.775143,32.6605523],[130.7722253,32.6639584],[130.76994,32.6666268],[130.76479108666666,32.668051213333335]]},"properties":{"name":"kyushu_line_226","loading_pct":18.9,"p_mw":129.7,"synthetic":false}},{"type":"Feature","geometry":{"type":"LineString","coordinates":[[130.76479108666666,32.668051213333335],[130.76141,32.6682564],[130.759908,32.669506],[130.7583475,32.6708172],[130.7570149,32.6719315],[130.7539378,32.6736018],[130.7508022,32.6752375],[130.7489174,32.6762805],[130.7475592,32.6772936],[130.7461997,32.6782876],[130.7439349,32.6799947],[130.7435799,32.6802748],[130.7435126,32.6803279],[130.7434409,32.6803845],[130.7433069,32.6804901],[130.738482,32.6842965],[130.7368221,32.6856788],[130.7328498,32.6885257],[130.7299158,32.6909556],[130.7279667,32.6937716],[130.7263916,32.6983039],[130.7257943,32.7004507],[130.7252364,32.7024191],[130.7247198,32.7042239],[130.7241764,32.7062443],[130.7236308,32.7080596],[130.7244698,32.7099513],[130.7258956,32.7115334],[130.7275973,32.7135036],[130.72926,32.7153735],[130.7310835,32.7174215],[130.7325417,32.7190122],[130.7341051,32.7208685],[130.7359071,32.7229419],[130.7071651,32.7100901]]},"properties":{"name":"kyushu_line_228","loading_pct":6.2,"p_mw":42.4,"synthetic":false}},{"type":"Feature","geometry":{"type":"LineString","coordinates":[[130.7373369,32.7244238],[130.7417587,32.7269974]]},"properties":{"name":"kyushu_line_232","loading_pct":50.0,"p_mw":85.7,"synthetic":false}},{"type":"Feature","geometry":{"type":"LineString","coordinates":[[130.66111986,32.6546537],[130.675406,32.6630316]]},"properties":{"name":"kyushu_line_235","loading_pct":3.9,"p_mw":134.5,"synthetic":false}},{"type":"Feature","geometry":{"type":"LineString","coordinates":[[130.7071651,32.7100901],[130.70018359333332,32.72962426]]},"properties":{"name":"kyushu_line_237","loading_pct":1.5,"p_mw":-10.2,"synthetic":false}},{"type":"Feature","geometry":{"type":"LineString","coordinates":[[130.48519600833333,33.65157165],[130.5127551,33.6849434]]},"properties":{"name":"kyushu_line_238","loading_pct":6.1,"p_mw":-42.1,"synthetic":false}},{"type":"Feature","geometry":{"type":"LineString","coordinates":[[130.5127551,33.6849434],[130.6486322,33.7756465]]},"properties":{"name":"kyushu_line_239","loading_pct":50.6,"p_mw":-347.3,"synthetic":false}},{"type":"Feature","geometry":{"type":"LineString","coordinates":[[130.6486322,33.7756465],[130.6502169,33.7761809]]},"properties":{"name":"kyushu_line_240","loading_pct":45.4,"p_mw":-311.2,"synthetic":false}},{"type":"Feature","geometry":{"type":"LineString","coordinates":[[130.8213361,32.7222482],[130.79842088,32.71290758]]},"properties":{"name":"kyushu_line_242","loading_pct":27.8,"p_mw":-19.1,"synthetic":false}},{"type":"Feature","geometry":{"type":"LineString","coordinates":[[130.8213361,32.7222482],[130.8204187,32.7246309],[130.8181133,32.7289772],[130.8171091,32.7309117],[130.8165449,32.732111],[130.8164809,32.7337856],[130.8166308,32.7350113],[130.8143591,32.7377032],[130.8126057,32.739589],[130.8121329,32.7405023],[130.8115108,32.7416972],[130.8108435,32.7429873],[130.810244,32.7441707],[130.8096875,32.74528],[130.8092532,32.7466708],[130.8086537,32.74864],[130.8080882,32.7505558],[130.8074797,32.7525287],[130.8068802,32.7545492],[130.8062717,32.7565391],[130.8057491,32.7582893],[130.8052198,32.7600147],[130.8044891,32.7612151],[130.8037788,32.7623812],[130.8024216,32.7638592],[130.8011005,32.7652783],[130.7997975,32.7667049],[130.79849,32.7681315],[130.7971893,32.7695372],[130.7959225,32.7709144],[130.794676,32.7722686],[130.7935475,32.7735546],[130.7920882,32.7749277],[130.7909707,32.7762838],[130.7897129,32.7776418],[130.7884077,32.7790511],[130.78749829999998,32.78046804]]},"properties":{"name":"kyushu_line_243","loading_pct":4.2,"p_mw":2.9,"synthetic":false}},{"type":"Feature","geometry":{"type":"LineString","coordinates":[[130.861366475,33.7862208625],[130.8911159,33.7995523],[130.8906275,33.8050769],[130.8917021,33.8109403],[130.8929397,33.8155274],[130.8972994,33.815836],[130.9011765,33.8161994],[130.9035737,33.8191915],[130.9052932,33.8214575],[130.9062845,33.8221415],[130.9083233,33.8245569]]},"properties":{"name":"kyushu_line_244","loading_pct":5.3,"p_mw":-184.5,"synthetic":false}},{"type":"Feature","geometry":{"type":"LineString","coordinates":[[130.9083233,33.8245569],[130.91359821999998,33.842083880000004]]},"properties":{"name":"kyushu_line_249","loading_pct":3.8,"p_mw":-133.2,"synthetic":false}},{"type":"Feature","geometry":{"type":"LineString","coordinates":[[130.91359821999998,33.842083880000004],[130.91627534,33.84512504]]},"properties":{"name":"kyushu_line_251","loading_pct":3.9,"p_mw":-134.9,"synthetic":false}},{"type":"Feature","geometry":{"type":"LineString","coordinates":[[130.97095131818182,33.895823945454545],[130.9717743,33.8947077],[130.971078,33.8941494],[130.9680825,33.893761],[130.9669113,33.8940221],[130.9664136,33.8962461],[130.9653266,33.8981909],[130.9638662,33.9011813],[130.9611726,33.9032714],[130.9579861,33.9049366],[130.9555185,33.9043133],[130.9541774,33.9039571],[130.96909717777777,33.9106905]]},"properties":{"name":"kyushu_line_254","loading_pct":3.8,"p_mw":-58.4,"synthetic":false}},{"type":"Feature","geometry":{"type":"LineString","coordinates":[[130.96349958,33.9990128],[130.9687989,34.0039468],[130.9704792,34.0060275],[130.9724939,34.0084907],[130.9748608,34.0086536],[130.9756975,34.0089209],[130.9777973,34.0098858],[130.98560663333333,34.003923911111116]]},"properties":{"name":"kyushu_line_260","loading_pct":15.1,"p_mw":-114.7,"synthetic":false}},{"type":"Feature","geometry":{"type":"LineString","coordinates":[[130.96349958,33.9990128],[130.9797546,34.0353268]]},"properties":{"name":"kyushu_line_261","loading_pct":10.4,"p_mw":-17.8,"synthetic":false}},{"type":"Feature","geometry":{"type":"LineString","coordinates":[[130.96349958,33.9990128],[130.9452027,33.9929259]]},"properties":{"name":"kyushu_line_262","loading_pct":31.0,"p_mw":53.1,"synthetic":false}},{"type":"Feature","geometry":{"type":"LineString","coordinates":[[130.98560663333333,34.003923911111116],[130.9906038,34.0161217],[130.9931035,34.0151382],[130.994879,34.0138553],[130.9958714,34.0132281],[130.9976132,34.0117127],[130.9992893,34.0096868],[130.9979756,34.0078105],[131.0002393,34.002756160000004]]},"properties":{"name":"kyushu_line_263","loading_pct":1.2,"p_mw":-2.1,"synthetic":false}},{"type":"Feature","geometry":{"type":"LineString","coordinates":[[130.98560663333333,34.003923911111116],[130.9797546,34.0353268]]},"properties":{"name":"kyushu_line_266","loading_pct":8.3,"p_mw":-14.2,"synthetic":false}},{"type":"Feature","geometry":{"type":"LineString","coordinates":[[130.92746934000002,33.84062242],[130.9276863,33.8406303],[130.9277175,33.8408835],[130.9283222,33.8418251],[130.9292329,33.8437115],[130.9296373,33.8448101],[130.9305065,33.8459368],[130.9297342,33.848879],[130.9292775,33.8500168],[130.9317567,33.8517953],[130.9347478,33.8541181],[130.9372506,33.8560389],[130.9390243,33.85942],[130.9404642,33.8614856],[130.9443823,33.8630583],[130.9478419,33.8648114],[130.950643,33.8653335],[130.9524228,33.8664192],[130.9564082,33.8682743],[130.9593308,33.8705471],[130.9603475,33.8713899]]},"properties":{"name":"kyushu_line_269","loading_pct":18.0,"p_mw":12.3,"synthetic":false}},{"type":"Feature","geometry":{"type":"LineString","coordinates":[[130.92746934000002,33.84062242],[130.9249904,33.8170967]]},"properties":{"name":"kyushu_line_270","loading_pct":80.0,"p_mw":-119.4,"synthetic":false}},{"type":"Feature","geometry":{"type":"LineString","coordinates":[[130.6672552,33.8486395],[130.66823935,33.87928805]]},"properties":{"name":"kyushu_line_271","loading_pct":47.3,"p_mw":-32.5,"synthetic":false}},{"type":"Feature","geometry":{"type":"LineString","coordinates":[[130.6672552,33.8486395],[130.6654167,33.8490809],[130.6643491,33.8493762],[130.6633314,33.8496577],[130.6605196,33.8504313],[130.6583533,33.8510877],[130.6555013,33.8506104],[130.6523006,33.8499883],[130.6495725,33.8502931],[130.6469579,33.8491742],[130.6438028,33.8495947],[130.6403596,33.8490769],[130.6389445,33.848579],[130.6362659,33.8488752],[130.6336752,33.8484101],[130.6320959,33.848114],[130.6312676,33.8463999],[130.6297776,33.8456918],[130.629158,33.846476],[130.6273401,33.8461014],[130.6262773,33.8467713],[130.6244642,33.8453154],[130.622938,33.8440857],[130.62256956666664,33.84394769523809]]},"properties":{"name":"kyushu_line_272","loading_pct":23.7,"p_mw":16.2,"synthetic":false}},{"type":"Feature","geometry":{"type":"LineString","coordinates":[[130.43813704285714,33.622892314285714],[130.43121674,33.61402398]]},"properties":{"name":"kyushu_line_274","loading_pct":11.3,"p_mw":77.5,"synthetic":false}},{"type":"Feature","geometry":{"type":"LineString","coordinates":[[130.43121674,33.61402398],[130.42557054,33.59114468]]},"properties":{"name":"kyushu_line_276","loading_pct":5.0,"p_mw":34.3,"synthetic":false}},{"type":"Feature","geometry":{"type":"LineString","coordinates":[[130.4326505909091,33.576479272727276],[130.4324948,33.5767798],[130.4316179,33.5760023],[130.4308428,33.5752963],[130.4305516,33.5747797],[130.4289812,33.5753959],[130.4286593,33.5754423],[130.4260842,33.5772009],[130.4264404,33.5774675],[130.4254416,33.5783923],[130.4244735,33.5792905],[130.4236037,33.5801177],[130.4229043,33.5807625],[130.4227599,33.5808354],[130.4226274,33.5808236],[130.4215872,33.5801394],[130.4210546,33.5797785],[130.4206392,33.5794877],[130.4200735,33.5790371],[130.4199765,33.5788488],[130.4207173,33.5779821],[130.4212913,33.5773343],[130.4217339,33.5768611],[130.42121235000002,33.5763512125]]},"properties":{"name":"kyushu_line_282","loading_pct":24.5,"p_mw":16.8,"synthetic":false}},{"type":"Feature","geometry":{"type":"LineString","coordinates":[[130.4326505909091,33.576479272727276],[130.4328755,33.5766504],[130.4333911,33.5761485],[130.433991,33.5765888],[130.4345075,33.5769117],[130.435133,33.5772822],[130.4371729,33.574933],[130.4376341,33.5741608],[130.4378258,33.5736629],[130.4380705,33.5721335],[130.4381888,33.5715162],[130.4383602,33.570481],[130.4384482,33.5699746],[130.438553,33.5695368],[130.4386658,33.569238],[130.4388496,33.5689026],[130.4390446,33.5686612],[130.4392036,33.5684939],[130.4390322,33.5684855],[130.4387526,33.5684338],[130.4384899,33.5683568],[130.4378325,33.5681435],[130.4371219,33.5680341],[130.4372162,33.5668122],[130.4371434,33.5665674],[130.4371515,33.5661766],[130.4370572,33.5657004],[130.4369278,33.5649435],[130.4368685,33.5642809],[130.436828,33.5641304],[130.4367148,33.5638407],[130.43388742222223,33.56631123333333]]},"properties":{"name":"kyushu_line_283","loading_pct":41.6,"p_mw":-28.5,"synthetic":false}},{"type":"Feature","geometry":{"type":"LineString","coordinates":[[130.42121235000002,33.5763512125],[130.41854634,33.56423558]]},"properties":{"name":"kyushu_line_284","loading_pct":8.6,"p_mw":-5.9,"synthetic":false}},{"type":"Feature","geometry":{"type":"LineString","coordinates":[[130.42121235000002,33.5763512125],[130.4187626,33.5747948],[130.4181464,33.5743663],[130.4176954,33.574145],[130.4172412,33.5739933],[130.4169957,33.5739349],[130.4165899,33.5738834],[130.4160488,33.5738751],[130.4155912,33.5739363],[130.4150283,33.5740838],[130.4141215,33.574401],[130.4135737,33.5745583],[130.4127303,33.5747096],[130.4116445,33.5746896],[130.40964386000002,33.574958800000005]]},"properties":{"name":"kyushu_line_285","loading_pct":16.4,"p_mw":11.2,"synthetic":false}},{"type":"Feature","geometry":{"type":"LineString","coordinates":[[130.97830148,33.77724154],[130.9725689,33.7778421],[130.97221,33.7760666],[130.9720452,33.7745574],[130.97731342,33.774913659999996]]},"properties":{"name":"kyushu_line_287","loading_pct":59.6,"p_mw":408.8,"synthetic":false}},{"type":"Feature","geometry":{"type":"LineString","coordinates":[[130.97731342,33.774913659999996],[130.8893666,33.7966875]]},"properties":{"name":"kyushu_line_289","loading_pct":31.4,"p_mw":215.1,"synthetic":false}},{"type":"Feature","geometry":{"type":"LineString","coordinates":[[130.850102625,33.8276725],[130.8514436,33.824804],[130.8502983,33.8221674],[130.8511596,33.8193766],[130.8518423,33.8172084],[130.8529607,33.8156913],[130.8544383,33.8137142],[130.8572286,33.8120218],[130.860015,33.8103844],[130.8627265,33.8075311],[130.8652724,33.8049385],[130.8679371,33.8021746],[130.8691088,33.8009171],[130.8720125,33.7979222],[130.8765417,33.7976085],[130.8809924,33.7972837],[130.8841539,33.7970753],[130.8893666,33.7966875]]},"properties":{"name":"kyushu_line_292","loading_pct":22.7,"p_mw":-155.7,"synthetic":false}},{"type":"Feature","geometry":{"type":"LineString","coordinates":[[130.850102625,33.8276725],[130.8466632,33.8071272]]},"properties":{"name":"kyushu_line_294","loading_pct":10.4,"p_mw":71.6,"synthetic":false}},{"type":"Feature","geometry":{"type":"LineString","coordinates":[[130.850102625,33.8276725],[130.8488812,33.8281841],[130.8506074,33.8297953],[130.8505373,33.831326],[130.8496204,33.8324855],[130.8479354,33.8346989],[130.8455092,33.8365771],[130.8418281,33.8394547],[130.8410184,33.8404921],[130.8395614,33.8433724],[130.8391526,33.8465301],[130.8377717,33.8495976],[130.8375734,33.8514601],[130.8395391,33.8529237],[130.8397,33.8530435],[130.8400735,33.8533216],[130.8412425,33.8543409],[130.8431391,33.8560214],[130.8443776,33.8571108],[130.84730026666668,33.86132236666666]]},"properties":{"name":"kyushu_line_296","loading_pct":44.0,"p_mw":100.5,"synthetic":false}},{"type":"Feature","geometry":{"type":"LineString","coordinates":[[129.95452476666665,33.46255752222223],[129.9450651,33.4404245]]},"properties":{"name":"kyushu_line_297","loading_pct":0.5,"p_mw":-3.5,"synthetic":false}},{"type":"Feature","geometry":{"type":"LineString","coordinates":[[129.95452476666665,33.46255752222223],[129.9439089,33.4382533]]},"properties":{"name":"kyushu_line_298","loading_pct":2.3,"p_mw":-5.3,"synthetic":false}},{"type":"Feature","geometry":{"type":"LineString","coordinates":[[129.9450651,33.4404245],[129.9439089,33.4382533]]},"properties":{"name":"kyushu_line_300","loading_pct":3.3,"p_mw":-22.4,"synthetic":false}},{"type":"Feature","geometry":{"type":"LineString","coordinates":[[131.1096502,33.6075301],[131.12045684,33.623575360000004]]},"properties":{"name":"kyushu_line_302","loading_pct":11.1,"p_mw":-75.8,"synthetic":false}},{"type":"Feature","geometry":{"type":"LineString","coordinates":[[130.4233519,33.2155966],[130.4192448,33.2308054],[130.421328,33.2292814],[130.4235444,33.2276569],[130.4256043,33.2261302],[130.4275041,33.2246974],[130.4295133,33.2231583],[130.432016,33.2218045],[130.4342499,33.2205285],[130.4366884,33.2191923],[130.4388907,33.2179633],[130.4410277,33.2166033],[130.4431548,33.2153244],[130.448796195,33.210922284999995]]},"properties":{"name":"kyushu_line_308","loading_pct":25.9,"p_mw":-177.7,"synthetic":false}},{"type":"Feature","geometry":{"type":"LineString","coordinates":[[130.328212,33.264852059999996],[130.3265582,33.2627503],[130.3249732,33.2616868],[130.3245749,33.2614196],[130.3222143,33.2598502],[130.3210717,33.2589945],[130.3207103,33.2586307],[130.31288883333332,33.259435966666665]]},"properties":{"name":"kyushu_line_309","loading_pct":14.1,"p_mw":9.7,"synthetic":false}},{"type":"Feature","geometry":{"type":"LineString","coordinates":[[130.328212,33.264852059999996],[130.3276838,33.2630486],[130.328155,33.2607289],[130.3288584,33.2582271],[130.3291817,33.256517],[130.3314018,33.2556396],[130.3337777,33.2546887],[130.3364186,33.2536844],[130.3388729,33.2527018],[130.3407416,33.2522932],[130.3419231,33.2507108],[130.343454,33.2487718],[130.3444417,33.247146],[130.3457314,33.2449395],[130.3469521,33.2430478],[130.3480589,33.2412044],[130.3491375,33.2396706],[130.3513747,33.2383884],[130.352769,33.2372405],[130.3561907,33.2361256],[130.3602263,33.2348126],[130.36487103333334,33.228550866666666]]},"properties":{"name":"kyushu_line_310","loading_pct":50.4,"p_mw":-34.6,"synthetic":false}},{"type":"Feature","geometry":{"type":"LineString","coordinates":[[130.328212,33.264852059999996],[130.3810683,33.2824558]]},"properties":{"name":"kyushu_line_311","loading_pct":55.2,"p_mw":37.9,"synthetic":false}},{"type":"Feature","geometry":{"type":"LineString","coordinates":[[130.36487103333334,33.228550866666666],[130.3667374,33.2336732],[130.368956,33.2333053],[130.3711678,33.2329462],[130.3739595,33.2318477],[130.3765067,33.2305341],[130.3814757,33.2279302],[130.3815599,33.2278862],[130.3842322,33.2263497],[130.3856324,33.224771],[130.3872544,33.2230607],[130.39927812307693,33.210646000000004]]},"properties":{"name":"kyushu_line_313","loading_pct":74.1,"p_mw":-50.8,"synthetic":false}},{"type":"Feature","geometry":{"type":"LineString","coordinates":[[130.47033676666666,33.56911461666667],[130.4704391,33.5691626],[130.4704901,33.5695559],[130.4709273,33.5699671],[130.4715603,33.5707158],[130.472373,33.5717147],[130.4729792,33.5723986],[130.4734298,33.5727517],[130.4739636,33.573031],[130.4761657,33.5738422],[130.4790759,33.5749194],[130.4801917,33.5752903],[130.4805993,33.5754624],[130.4811358,33.5758133],[130.4816186,33.5763295],[130.4818278,33.576734],[130.4819512,33.5771004],[130.482029,33.5775071],[130.482029,33.5778379],[130.4819592,33.5783697],[130.4816722,33.5791988],[130.4819485,33.579315],[130.4827237,33.5796792],[130.4828497,33.5797753],[130.483818,33.5805976],[130.4838555,33.5807183],[130.4838046,33.5809663],[130.4838314,33.581449],[130.4840916,33.5817037],[130.4846575,33.5821529],[130.4856151,33.5830288],[130.4866477,33.5838489],[130.4868453,33.5836872],[130.4869481,33.5836031],[130.487506,33.5832277],[130.4879835,33.5829819],[130.4881309857143,33.582693271428575]]},"properties":{"name":"kyushu_line_314","loading_pct":23.7,"p_mw":16.2,"synthetic":false}},{"type":"Feature","geometry":{"type":"LineString","coordinates":[[130.47033676666666,33.56911461666667],[130.4702782,33.5690553],[130.4697605,33.5690955],[130.4691839,33.5688027],[130.4673358,33.5681725],[130.4659143,33.5676898],[130.4651074,33.5674078],[130.4645154,33.56713],[130.4641899,33.5669491],[130.4639077,33.56676],[130.4636611,33.5665496],[130.4634283,33.5662964],[130.462933,33.5656749],[130.4626153,33.5651916],[130.4611414,33.566058],[130.4590432,33.5678963],[130.4576794,33.5669982],[130.4575,33.5668335],[130.45727102,33.56652338]]},"properties":{"name":"kyushu_line_315","loading_pct":80.0,"p_mw":92.6,"synthetic":false}},{"type":"Feature","geometry":{"type":"LineString","coordinates":[[130.47033676666666,33.56911461666667],[130.4700014,33.5698886],[130.4695402,33.5717013],[130.468909,33.5737641],[130.4680045,33.5757827],[130.4671764,33.5776231],[130.4668009,33.5797457],[130.4665706,33.581052],[130.4661938,33.5831974],[130.4679126,33.5842397],[130.4670706,33.5857175],[130.4671175,33.5869137],[130.4650737,33.5879934],[130.465299,33.58902],[130.4655792,33.5897463],[130.4663174,33.5915397],[130.4669692,33.5931243],[130.4663956,33.5947976],[130.4658725,33.5967421],[130.466383,33.5985501]]},"properties":{"name":"kyushu_line_316","loading_pct":20.0,"p_mw":13.7,"synthetic":false}},{"type":"Feature","geometry":{"type":"LineString","coordinates":[[130.423379375,33.0191394625],[130.43975181428573,33.03453122857143]]},"properties":{"name":"kyushu_line_317","loading_pct":75.7,"p_mw":220.4,"synthetic":false}},{"type":"Feature","geometry":{"type":"LineString","coordinates":[[130.4500456,33.0483228],[130.448813,33.0581965],[130.4475993,33.0611143],[130.4473069,33.0627841],[130.4467888,33.0653912],[130.4462099,33.0682377],[130.4454213,33.0702562],[130.4427364,33.0711103],[130.4424843,33.0733872],[130.4438066,33.0753381],[130.4445302,33.0759833],[130.4486976,33.0781014],[130.451636,33.0783026],[130.4539025,33.0781326],[130.4562494,33.0782486],[130.4577327,33.0796578],[130.4588377,33.0809006],[130.46041066666666,33.082941616666666]]},"properties":{"name":"kyushu_line_322","loading_pct":75.4,"p_mw":120.1,"synthetic":false}},{"type":"Feature","geometry":{"type":"LineString","coordinates":[[130.4936012,33.0465096],[130.4961204,33.0458855]]},"properties":{"name":"kyushu_line_323","loading_pct":33.6,"p_mw":57.6,"synthetic":false}},{"type":"Feature","geometry":{"type":"LineString","coordinates":[[130.4936012,33.0465096],[130.4860679,33.0455164]]},"properties":{"name":"kyushu_line_325","loading_pct":69.9,"p_mw":-119.8,"synthetic":false}},{"type":"Feature","geometry":{"type":"LineString","coordinates":[[130.47038855384613,33.06063074615385],[130.4869541,33.09697844]]},"properties":{"name":"kyushu_line_330","loading_pct":34.5,"p_mw":236.5,"synthetic":false}},{"type":"Feature","geometry":{"type":"LineString","coordinates":[[130.448796195,33.210922284999995],[130.4585373,33.1245463]]},"properties":{"name":"kyushu_line_336","loading_pct":26.7,"p_mw":-182.9,"synthetic":false}},{"type":"Feature","geometry":{"type":"LineString","coordinates":[[131.2705360142857,34.060182647619044],[131.2563912,34.0669181]]},"properties":{"name":"kyushu_line_337","loading_pct":5.8,"p_mw":-40.0,"synthetic":false}},{"type":"Feature","geometry":{"type":"LineString","coordinates":[[131.2705360142857,34.060182647619044],[131.273779,34.0624673],[131.2752447,34.0632588],[131.2767533,34.0640553],[131.2772356,34.0643708],[131.2811827,34.0665172],[131.2833085,34.0677104],[131.2866145,34.0699708],[131.2894419,34.071955],[131.2907622,34.0728433],[131.2923148,34.0739286],[131.2953468,34.0755851],[131.2970649,34.0765825],[131.3017986,34.0792063],[131.3038373,34.0804038],[131.3083662,34.082904],[131.3117151,34.0847544],[131.3143318,34.0862529],[131.3159057,34.0871327],[131.317849,34.0881966],[131.3226733,34.0908625],[131.3248266,34.0920649],[131.3290825,34.0944584],[131.3327692,34.0965005],[131.3345111,34.0974769],[131.3364684,34.0985778],[131.3389172,34.099949],[131.3407797,34.1009871],[131.3443944,34.1030269],[131.346378,34.1038306],[131.3492566,34.1050255],[131.352205,34.106205],[131.3548068,34.107303],[131.3571409,34.1082519],[131.3619086,34.1102215],[131.3652313,34.111376],[131.3668516,34.1119671],[131.3691741,34.1127395],[131.3718912,34.1136766],[131.376121,34.1151523],[131.3818467,34.1171475],[131.3841849,34.1179663],[131.3867354,34.1188557],[131.3899944,34.1199636],[131.3942867,34.1213337],[131.3968668,34.1222017],[131.399707,34.1220561],[131.4013701,34.1219719],[131.403681,34.1218527],[131.4086056,34.1220993],[131.4133639,34.122313],[131.4164443,34.1224465],[131.4236575,34.1227834],[131.4262321,34.1228818],[131.428846,34.1230165],[131.4326746,34.1231912],[131.4388595,34.1234657],[131.4421868,34.1236097],[131.4445681,34.1237173],[131.450755,34.123997],[131.455741,34.124424],[131.4593402,34.1249171],[131.4623717,34.1254303],[131.4648077,34.1258859],[131.4711905,34.1269731],[131.4750694,34.1275575],[131.4791517,34.1281726],[131.4836905,34.1288565],[131.4873478,34.1294147],[131.4888491,34.1296355],[131.4902671,34.1298686],[131.4978373,34.1310127]]},"properties":{"name":"kyushu_line_341","loading_pct":6.8,"p_mw":-46.5,"synthetic":false}},{"type":"Feature","geometry":{"type":"LineString","coordinates":[[131.035680012,34.076243708],[131.0140762,34.0713765]]},"properties":{"name":"kyushu_line_343","loading_pct":22.1,"p_mw":37.9,"synthetic":false}},{"type":"Feature","geometry":{"type":"LineString","coordinates":[[131.035680012,34.076243708],[130.9797546,34.0353268]]},"properties":{"name":"kyushu_line_345","loading_pct":11.7,"p_mw":20.1,"synthetic":false}},{"type":"Feature","geometry":{"type":"LineString","coordinates":[[131.0140762,34.0713765],[130.9797546,34.0353268]]},"properties":{"name":"kyushu_line_346","loading_pct":14.5,"p_mw":24.9,"synthetic":false}},{"type":"Feature","geometry":{"type":"LineString","coordinates":[[130.69407057,33.66160747],[130.6921181,33.6626751],[130.6892159,33.6649689],[130.6879181,33.6660239],[130.6876005,33.6674608],[130.6869473,33.6701862],[130.6865589,33.6720475],[130.6858599,33.6744471],[130.685522,33.6752025],[130.6844437,33.6779033],[130.6836605,33.6799434],[130.69355208181818,33.664254954545456]]},"properties":{"name":"kyushu_line_352","loading_pct":46.6,"p_mw":-32.0,"synthetic":false}},{"type":"Feature","geometry":{"type":"LineString","coordinates":[[130.69380838571428,33.614031742857144],[130.70798336666667,33.62909308333334]]},"properties":{"name":"kyushu_line_353","loading_pct":24.8,"p_mw":-17.0,"synthetic":false}},{"type":"Feature","geometry":{"type":"LineString","coordinates":[[130.69380838571428,33.614031742857144],[130.7034127,33.6125816],[130.7034237,33.6101249],[130.7034395,33.6079552],[130.7034861,33.6055579],[130.7037617,33.6039915],[130.7043103,33.6013518],[130.7044456,33.599483],[130.7046746,33.5978815],[130.7050807,33.5958043],[130.7054004,33.5939577],[130.7058617,33.5907661],[130.706656,33.588214],[130.7074429,33.5860464],[130.7081156,33.5844461],[130.7096734,33.5820913],[130.7053760727273,33.58014886363637]]},"properties":{"name":"kyushu_line_354","loading_pct":8.5,"p_mw":5.8,"synthetic":false}},{"type":"Feature","geometry":{"type":"LineString","coordinates":[[130.7123494,33.6559952],[130.7486628,33.6982616]]},"properties":{"name":"kyushu_line_356","loading_pct":18.8,"p_mw":-12.9,"synthetic":false}},{"type":"Feature","geometry":{"type":"LineString","coordinates":[[130.7123494,33.6559952],[130.6960137,33.6568214],[130.7011905,33.6580112],[130.7063101,33.6570374],[130.707742,33.6567221],[130.7123494,33.6559952],[130.7163191,33.656915],[130.7188833,33.6584778],[130.7216942,33.6602013],[130.7238507,33.6613711],[130.7250845,33.664309],[130.7264583,33.6673766],[130.7283895,33.6701057],[130.7295407,33.6716677],[130.731592,33.6745097],[130.7335334,33.6772473],[130.7353557,33.6796508],[130.7374326,33.68256],[130.738919,33.6845845],[130.7411371,33.6869972],[130.7447626,33.690375],[130.746128,33.6937189],[130.7480171,33.6965698],[130.76815559166667,33.665392516666664]]},"properties":{"name":"kyushu_line_357","loading_pct":29.1,"p_mw":19.9,"synthetic":false}},{"type":"Feature","geometry":{"type":"LineString","coordinates":[[130.7486628,33.6982616],[130.7178436,33.73126346666666]]},"properties":{"name":"kyushu_line_358","loading_pct":9.0,"p_mw":6.2,"synthetic":false}},{"type":"Feature","geometry":{"type":"LineString","coordinates":[[130.7486628,33.6982616],[130.7596095,33.760580616666665]]},"properties":{"name":"kyushu_line_359","loading_pct":51.5,"p_mw":-35.3,"synthetic":false}},{"type":"Feature","geometry":{"type":"LineString","coordinates":[[130.69355208181818,33.664254954545456],[130.6775773,33.695249],[130.6770316,33.6974566],[130.6753516,33.6986133],[130.6730699,33.7009377],[130.6708234,33.7030146],[130.6688762,33.7047596],[130.6678516,33.7054959],[130.6663066,33.7059957],[130.6650299,33.7073479],[130.6645632,33.7085706],[130.6630558,33.7099317],[130.6610227,33.7117166],[130.6589949,33.7123949],[130.6580079,33.7155586],[130.6572246,33.7171159],[130.6564254,33.7185214],[130.6555724,33.7203419],[130.6542206,33.7210915],[130.6549475,33.7219526],[130.6552398,33.7233135],[130.6557548,33.7259102],[130.6560445,33.7272576],[130.656898575,33.728991975]]},"properties":{"name":"kyushu_line_360","loading_pct":11.6,"p_mw":-8.0,"synthetic":false}},{"type":"Feature","geometry":{"type":"LineString","coordinates":[[130.45859140000002,33.5424171],[130.43848205714286,33.55360672857143]]},"properties":{"name":"kyushu_line_362","loading_pct":26.9,"p_mw":18.4,"synthetic":false}},{"type":"Feature","geometry":{"type":"LineString","coordinates":[[130.45859140000002,33.5424171],[130.4582008,33.5430292],[130.4582796,33.5432743],[130.4580128,33.5436332],[130.4584732,33.5439236],[130.458554,33.5438515],[130.4592488,33.5433337],[130.459997,33.5427858],[130.4605909,33.5423725],[130.4606529,33.5423496],[130.460859,33.542513],[130.4611358,33.5422643],[130.4612295,33.5422391],[130.4616822,33.5418438],[130.4629767,33.5407216],[130.4643908,33.5395285],[130.4653134,33.5403611],[130.4658324,33.5407624],[130.4663283,33.5411577],[130.4674786,33.5421838],[130.468198,33.5427846],[130.4686492,33.5423713],[130.4691422,33.5418786],[130.46906180000002,33.54179926]]},"properties":{"name":"kyushu_line_363","loading_pct":50.5,"p_mw":-34.7,"synthetic":false}},{"type":"Feature","geometry":{"type":"LineString","coordinates":[[130.43848205714286,33.55360672857143],[130.43388742222223,33.56631123333333]]},"properties":{"name":"kyushu_line_364","loading_pct":38.6,"p_mw":-26.5,"synthetic":false}},{"type":"Feature","geometry":{"type":"LineString","coordinates":[[130.43848205714286,33.55360672857143],[130.43450976,33.5241544]]},"properties":{"name":"kyushu_line_365","loading_pct":41.8,"p_mw":28.7,"synthetic":false}},{"type":"Feature","geometry":{"type":"LineString","coordinates":[[130.43388742222223,33.56631123333333],[130.41844782,33.563333899999996]]},"properties":{"name":"kyushu_line_366","loading_pct":7.4,"p_mw":5.1,"synthetic":false}},{"type":"Feature","geometry":{"type":"LineString","coordinates":[[130.43388742222223,33.56631123333333],[130.45727102,33.56652338]]},"properties":{"name":"kyushu_line_367","loading_pct":80.0,"p_mw":-76.3,"synthetic":false}},{"type":"Feature","geometry":{"type":"LineString","coordinates":[[130.41844782,33.563333899999996],[130.4187181,33.5639634],[130.4177729,33.5646832],[130.4166333,33.5654925],[130.4165736,33.5657133],[130.4164479,33.5658077],[130.4164403,33.5658805],[130.41854634,33.56423558]]},"properties":{"name":"kyushu_line_368","loading_pct":52.2,"p_mw":35.8,"synthetic":false}},{"type":"Feature","geometry":{"type":"LineString","coordinates":[[130.41844782,33.563333899999996],[130.4124389,33.5589579],[130.412761,33.5588407],[130.4133479,33.5587188],[130.4140209,33.5586015],[130.4146646,33.5585744],[130.414699,33.5583903],[130.414755,33.5581889],[130.4148529,33.5574894],[130.4149688,33.5564135],[130.4145091,33.5554475],[130.4138636,33.5541933],[130.4130781,33.5528709],[130.4121808,33.5514135],[130.4112294,33.5498511],[130.4107078,33.5489317],[130.4106338,33.5487568],[130.4102781,33.547839],[130.4103381,33.5471394],[130.410388,33.5464631],[130.4103421,33.5461883],[130.4102325,33.5457321],[130.4100474,33.5450883],[130.409908,33.5446837],[130.4098302,33.5445562],[130.4101118,33.5443237],[130.4103344,33.5441673],[130.4105892,33.544022],[130.41048666,33.54379664]]},"properties":{"name":"kyushu_line_369","loading_pct":68.5,"p_mw":-47.0,"synthetic":false}},{"type":"Feature","geometry":{"type":"LineString","coordinates":[[130.41854634,33.56423558],[130.40964386000002,33.574958800000005]]},"properties":{"name":"kyushu_line_370","loading_pct":19.9,"p_mw":13.7,"synthetic":false}},{"type":"Feature","geometry":{"type":"LineString","coordinates":[[130.7986108,33.94084882],[130.80239412,33.92280868]]},"properties":{"name":"kyushu_line_371","loading_pct":80.0,"p_mw":305.7,"synthetic":false}},{"type":"Feature","geometry":{"type":"LineString","coordinates":[[130.0638627,32.4734436],[130.1274748,32.4303132]]},"properties":{"name":"kyushu_line_372","loading_pct":6.1,"p_mw":212.3,"synthetic":false}},{"type":"Feature","geometry":{"type":"LineString","coordinates":[[130.40475898,32.46696816],[130.4043854,32.4667666],[130.4015565,32.466902],[130.3993034,32.467608],[130.3959775,32.4671192],[130.3926301,32.4665218],[130.3887462,32.4659968],[130.3867078,32.4658157],[130.3831243,32.466033],[130.3806352,32.4669201],[130.3787899,32.4675175],[130.3767299,32.4682236],[130.3735971,32.4680244],[130.3710651,32.4678434],[130.3671813,32.467608],[130.3631687,32.4660692],[130.3620314,32.4656347],[130.3601002,32.4650011],[130.3552508,32.4626113],[130.3522897,32.4607827],[130.3487277,32.4587368],[130.343492,32.4567089],[130.3408313,32.4559847],[130.3394794,32.4555864],[130.3378916,32.4549526],[130.3358745,32.4541379],[130.3337073,32.4528704],[130.3323769,32.4519469],[130.329802,32.4501],[130.3281712,32.4488506],[130.325489,32.4471666],[130.3209005,32.4439803],[130.3175872,32.4422441],[130.3130965,32.4416841],[130.3109904,32.4413959],[130.3085902,32.4410694],[130.3039052,32.4404394],[130.3009938,32.4399907],[130.2984308,32.4391736],[130.2963722,32.4375355],[130.2938748,32.4355862],[130.2926374,32.4345481],[130.2897677,32.4319856],[130.2854808,32.4300765],[130.2837756,32.428964],[130.2818036,32.4276238],[130.2773286,32.4279642],[130.2739868,32.4278998],[130.2719963,32.4284915],[130.2689778,32.4294051],[130.2651021,32.4305242],[130.2604128,32.4319222],[130.2588598,32.4323969],[130.2558328,32.4332785],[130.2532378,32.4334906],[130.1934804625,32.45027005]]},"properties":{"name":"kyushu_line_377","loading_pct":22.3,"p_mw":-15.3,"synthetic":false}},{"type":"Feature","geometry":{"type":"LineString","coordinates":[[130.40475898,32.46696816],[130.404501,32.4667781],[130.4052252,32.4663667],[130.4043324,32.4640577],[130.4019478,32.4617838],[130.4021671,32.4569409],[130.4004093,32.454292],[130.4000358,32.4532065],[130.3994336,32.4514534],[130.3989922,32.4502024],[130.3990288,32.4490871],[130.3989897,32.4481921],[130.3990812,32.447314],[130.3995866,32.4463975],[130.3998721,32.4442575],[130.4008997,32.4428994],[130.4014829,32.4411664],[130.4018765,32.439396],[130.4033978,32.4379042],[130.4044037,32.4370945],[130.4055914,32.4358179],[130.40626977,32.43563054]]},"properties":{"name":"kyushu_line_378","loading_pct":23.7,"p_mw":16.2,"synthetic":false}},{"type":"Feature","geometry":{"type":"LineString","coordinates":[[130.73932502380953,33.90314524761905],[130.7475614,33.9057513],[130.7517242,33.9054976],[130.752883,33.9037122],[130.7545352,33.9012678],[130.7550019,33.9001903],[130.76163582,33.88777548]]},"properties":{"name":"kyushu_line_379","loading_pct":16.9,"p_mw":17.4,"synthetic":false}},{"type":"Feature","geometry":{"type":"LineString","coordinates":[[130.73932502380953,33.90314524761905],[130.72772984,33.89625962]]},"properties":{"name":"kyushu_line_380","loading_pct":80.0,"p_mw":167.0,"synthetic":false}},{"type":"Feature","geometry":{"type":"LineString","coordinates":[[130.73932502380953,33.90314524761905],[130.80074575,33.92202798333333]]},"properties":{"name":"kyushu_line_381","loading_pct":80.0,"p_mw":-288.3,"synthetic":false}},{"type":"Feature","geometry":{"type":"LineString","coordinates":[[130.80074575,33.92202798333333],[130.802426,33.9226303],[130.80239412,33.92280868]]},"properties":{"name":"kyushu_line_382","loading_pct":80.0,"p_mw":-289.5,"synthetic":false}},{"type":"Feature","geometry":{"type":"LineString","coordinates":[[130.1891907,31.831921633333334],[130.1909888,31.8278842],[130.1942745,31.8254465],[130.1973356,31.8244439],[130.2005163,31.8233251],[130.2028933,31.8224969],[130.2063391,31.8200412],[130.209537,31.817709],[130.2127092,31.8135022],[130.2136897,31.8094607],[130.2145165,31.8060301],[130.2175859,31.8027637],[130.2201717,31.8000429],[130.2233379,31.7967016],[130.2254311,31.7957],[130.2297495,31.7923959],[130.2319306,31.7899663],[130.234181,31.7877996],[130.2370107,31.7853424],[130.2391699,31.7835459],[130.2423249,31.7803509],[130.2469535,31.7780994],[130.2514755,31.7771547],[130.2547483,31.776478],[130.2576273,31.7756918],[130.2605245,31.774965],[130.2638754,31.7745538],[130.2675341,31.7745613],[130.2714332,31.7719105],[130.2744546,31.7707197],[130.2788463,31.769057],[130.2829827,31.76954],[130.2860275,31.7699523],[130.2914794,31.7705938],[130.2938287,31.7707842],[130.2988181,31.7711871],[130.3008594,31.7713914],[130.3059158,31.7718958],[130.3080937,31.773179],[130.3104578,31.7745148],[130.3128653,31.7759068],[130.316111,31.7768929],[130.3203776,31.7752521],[130.3239752,31.7745402],[130.326229,31.7741359],[130.3311706,31.7727883],[130.3352851,31.7713528],[130.3394278,31.769825],[130.3442443,31.7694111],[130.3473636,31.7687312],[130.352571,31.7669393],[130.3561135,31.765029],[130.3578641,31.7641149],[130.3619235,31.7612728],[130.3658589,31.7601711],[130.3685743,31.7594445],[130.3743361,31.7578974],[130.3790056,31.7577356],[130.3852631,31.7575864],[130.3892496,31.7559288],[130.3954389,31.7553736],[130.3988503,31.7562189],[130.4020082,31.756998],[130.4041477,31.7575366],[130.408546,31.7585857],[130.4119359,31.7582345],[130.4164939,31.7567448],[130.4189723,31.7562846],[130.4234875,31.755461],[130.4254104,31.7554852],[130.4303957,31.7555821],[130.4339138,31.7567085],[130.4381727,31.7571324],[130.4422463,31.7576289],[130.4484779,31.7586508],[130.4504934,31.7616861],[130.4517287,31.7634844],[130.4574261,31.7652525],[130.4592208,31.767287],[130.4628814,31.7712347],[130.4652166,31.7735182],[130.46892,31.7769443],[130.471142,31.7798139],[130.4722459,31.7812548],[130.4751374,31.7832223],[130.479503,31.7861281],[130.4840254,31.7886525],[130.4892243,31.7915702],[130.4938962,31.7940279],[130.4947366,31.7978655],[130.4979272,31.8005529],[130.5020863,31.8042087],[130.5033397,31.8064844],[130.5048923,31.8092685],[130.5086384,31.8112172],[130.5108939,31.815998],[130.5129124,31.8204752],[130.5149778,31.8238519],[130.5190942,31.8271558],[130.5227652,31.8304719],[130.5250171,31.8325477],[130.5267833,31.8353987],[130.5292413,31.839725],[130.5318612,31.8423133],[130.5348343,31.8451515],[130.5375278,31.8482022],[130.5376897,31.8513777],[130.5390585,31.8539031],[130.5382217,31.8579783],[130.5380656,31.8615494],[130.5379928,31.8636443],[130.5393145,31.8670562],[130.5405947,31.8702911],[130.5423627,31.8747623],[130.5432752,31.8772371],[130.5439959,31.8804402],[130.5444785,31.8831954],[130.5473176,31.8880024],[130.5480496,31.8922756],[130.5486872,31.8959642],[130.5473047,31.8994866],[130.5478702,31.9039134],[130.5485862,31.9083483],[130.5492745,31.9119407],[130.5512903,31.9151828],[130.5533682,31.9185066],[130.5557251,31.9223548],[130.5583086,31.9272192],[130.5603056,31.9299425],[130.5622624,31.9326128],[130.5644758,31.9347621],[130.5680081,31.9362176],[130.5702961,31.9371255],[130.5762686,31.9394618],[130.5781181,31.9408349],[130.5809678,31.9427678],[130.5855919,31.9452075],[130.5879729,31.9466702],[130.5912406,31.9486529],[130.5943215,31.9505728],[130.5983635,31.9529303],[130.6025207,31.9553107],[130.6073791,31.9552782],[130.6108859,31.9551376],[130.6134873,31.9550185],[130.6165223,31.9551051],[130.6206029,31.9551267],[130.6268896,31.9541422],[130.6319266,31.9542828],[130.636479,31.9543694],[130.6401579,31.9549266],[130.6446613,31.9555628],[130.6502968,31.9563821],[130.65521572,31.957996279999996]]},"properties":{"name":"kyushu_line_383","loading_pct":15.6,"p_mw":539.2,"synthetic":false}},{"type":"Feature","geometry":{"type":"LineString","coordinates":[[130.65521572,31.957996279999996],[130.6653075,31.9596095],[130.6673524,31.9600107],[130.6699018,31.9603724],[130.6724961,31.9615805],[130.6765004,31.9635437],[130.6779795,31.9683375],[130.6779117,31.972658],[130.6788929,31.9751799],[130.6792479,31.9798359],[130.6808485,31.9849801],[130.69256756,32.01205358]]},"properties":{"name":"kyushu_line_389","loading_pct":17.2,"p_mw":596.5,"synthetic":false}},{"type":"Feature","geometry":{"type":"LineString","coordinates":[[130.269394,31.8820369],[130.2904754857143,31.891601585714284]]},"properties":{"name":"kyushu_line_390","loading_pct":11.9,"p_mw":-81.4,"synthetic":false}},{"type":"Feature","geometry":{"type":"LineString","coordinates":[[130.269394,31.8820369],[130.2693289,31.8829269],[130.270576,31.8859665],[130.2711637,31.8902675],[130.2733009,31.8941386],[130.2712708,31.8985847],[130.2685464,31.9017107],[130.2660241,31.9076913],[130.2652176,31.9097318],[130.2660004,31.9150675],[130.2663246,31.9186447],[130.2623633,31.9234632],[130.2597048,31.9268086],[130.2567425,31.9296556],[130.2574082,31.9318412],[130.2574805,31.9366239],[130.2561593,31.939799],[130.2540847,31.942177],[130.2511069,31.9461052],[130.2490477,31.9483911],[130.2464221,31.9516205],[130.2460754,31.9569933],[130.250958,31.9622442],[130.2517429,31.9676916],[130.254368,31.9788692],[130.2543319,31.9835356],[130.2549976,31.9891187],[130.2575689,31.9934239],[130.25751,31.9955111],[130.2614434,31.9993232],[130.2653816,32.0043611],[130.2682771,32.0072065],[130.2705938,32.0126711],[130.2735254,32.01447],[130.2793737,32.0160609],[130.2827073,32.0180348],[130.2868303,32.0211255],[130.2898823,32.0241139],[130.2944025,32.026062],[130.2987203,32.0268958],[130.3018455,32.0298165],[130.308445,32.0314454],[130.3122613,32.0303541],[130.3149563,32.0304394],[130.3188027,32.0305758],[130.3219462,32.0306745],[130.3286465,32.031775],[130.3315623,32.0313171],[130.3343271,32.0308788],[130.3366621,32.0305292],[130.3426623,32.0291652],[130.3469721,32.0320606],[130.3486392,32.0350298],[130.3495569,32.0366104],[130.3520604,32.0411402],[130.3568349,32.0430604],[130.3590073,32.0447787],[130.3610054,32.046625],[130.3642,32.0494362],[130.3650423,32.0513464],[130.3654854,32.0562153],[130.3632303,32.0603662],[130.36519716666666,32.06686736666667]]},"properties":{"name":"kyushu_line_391","loading_pct":10.9,"p_mw":75.0,"synthetic":false}},{"type":"Feature","geometry":{"type":"LineString","coordinates":[[130.2904754857143,31.891601585714284],[130.3719049,31.8764354]]},"properties":{"name":"kyushu_line_392","loading_pct":9.2,"p_mw":-62.8,"synthetic":false}},{"type":"Feature","geometry":{"type":"LineString","coordinates":[[130.3719049,31.8764354],[130.3635,31.8353027]]},"properties":{"name":"kyushu_line_393","loading_pct":9.5,"p_mw":65.3,"synthetic":false}},{"type":"Feature","geometry":{"type":"LineString","coordinates":[[130.69946608333333,31.910173099999998],[130.79573894545453,31.796414854545457]]},"properties":{"name":"kyushu_line_394","loading_pct":83.4,"p_mw":-571.8,"synthetic":false}},{"type":"Feature","geometry":{"type":"LineString","coordinates":[[130.79573894545453,31.796414854545457],[130.9457155625,31.7849859125]]},"properties":{"name":"kyushu_line_396","loading_pct":76.4,"p_mw":-524.0,"synthetic":false}},{"type":"Feature","geometry":{"type":"LineString","coordinates":[[130.9457155625,31.7849859125],[130.94643541666667,31.76138315]]},"properties":{"name":"kyushu_line_399","loading_pct":37.0,"p_mw":-253.6,"synthetic":false}},{"type":"Feature","geometry":{"type":"LineString","coordinates":[[130.9457155625,31.7849859125],[130.9475626,31.7863274],[130.9492487,31.7875779],[130.9514337,31.7891498],[130.9528065,31.7904325],[130.9562002,31.7935313],[130.9582947,31.7957612],[130.9600671,31.7978008],[130.963206,31.8001377],[130.9646761,31.801311],[130.9675601,31.8034194],[130.969817,31.8055849],[130.9714762,31.8071203],[130.9738307,31.8093243],[130.9749636,31.8110919],[130.9772011,31.8146336],[130.9794805,31.8181139],[130.9813324,31.8208753],[130.9847247,31.824726],[130.9879923,31.8284555],[130.9902627,31.8311032],[130.9920613,31.8333044],[130.9930318,31.8356191],[130.9938895,31.8379486],[130.994808,31.84001],[130.9963825,31.8422222],[130.9976863,31.8438604],[131.0005005,31.8474864],[131.0017523,31.8491773],[131.0043416,31.8526827],[131.0061738,31.8553358],[131.0073196,31.8568705],[131.0107848,31.8591369],[131.013492,31.8608267],[131.015217,31.8620779],[131.018771,31.865501],[131.0222701,31.8687147],[131.0239618,31.8700531],[131.025609,31.8714519],[131.0286147,31.8755477],[131.0330889,31.8788884],[131.0355412,31.8805769],[131.0384242,31.8823122],[131.0417033,31.8842892],[131.0452349,31.8865181],[131.0481241,31.8891685],[131.0510214,31.8918665],[131.0538677,31.8944769],[131.0581365,31.8955846],[131.0596859,31.8967649],[131.0624614,31.8989091],[131.0645904,31.9003287],[131.0676545,31.9021985],[131.0703568,31.9040096],[131.0752566,31.9051757],[131.0776137,31.9058252],[131.0823298,31.9070035],[131.0842375,31.9073036],[131.0891356,31.9083168],[131.0926486,31.9088064],[131.0952018,31.9091076],[131.0976134,31.9094491],[131.1025221,31.9093494],[131.1067746,31.9091783],[131.1113211,31.9096359],[131.1148411,31.909933],[131.1197731,31.9103242],[131.1230555,31.909269],[131.1257296,31.9084345],[131.1280797,31.9076446],[131.1322528,31.9064667],[131.1381755,31.9066325],[131.1427524,31.9061572],[131.1459699,31.9058279],[131.1497351,31.9060547],[131.1528226,31.9062389],[131.15839,31.9066891],[131.1631536,31.906853],[131.1710071,31.9065616],[131.1746549,31.9064705],[131.1770797,31.9057783],[131.1836242,31.9044849],[131.1889672,31.9037927],[131.1927283,31.9032524],[131.1949007,31.903653],[131.2002023,31.904594],[131.2056628,31.9055661],[131.2104837,31.9064074],[131.2138092,31.9067369]]},"properties":{"name":"kyushu_line_400","loading_pct":80.0,"p_mw":714.2,"synthetic":false}},{"type":"Feature","geometry":{"type":"LineString","coordinates":[[130.9457155625,31.7849859125],[130.9471824,31.7825743],[130.9499576,31.7825015],[130.952827,31.7823764],[130.9555845,31.7822337],[130.9588317,31.7821193],[130.9616961,31.7814766],[130.9651517,31.7807291],[130.967096,31.7802914],[130.9696422,31.7796384],[130.9738559,31.7784791],[130.9767056,31.7773923],[130.9804992,31.7765824],[130.9837521,31.7758625],[130.9871052,31.7750769],[130.9913108,31.7743789],[130.9932419,31.774104],[130.9967094,31.7734692],[130.9987836,31.7726544],[131.0012412,31.7717521],[131.0045027,31.7705286],[131.0073808,31.769062],[131.0100272,31.767172],[131.011924,31.765861],[131.0148777,31.7644745],[131.0174497,31.7632874],[131.0196383,31.7627304],[131.0221846,31.7621101],[131.0244934,31.7609231],[131.0279008,31.7591181],[131.0302697,31.7582764],[131.0326929,31.7573934],[131.0360534,31.7577099],[131.0391666,31.7579783],[131.0424055,31.7582343],[131.04704778333334,31.757442549999997]]},"properties":{"name":"kyushu_line_401","loading_pct":86.1,"p_mw":-986.1,"synthetic":false}},{"type":"Feature","geometry":{"type":"LineString","coordinates":[[130.77235095384614,32.223095769230774],[130.7013367,32.4191196]]},"properties":{"name":"kyushu_line_402","loading_pct":9.0,"p_mw":62.0,"synthetic":false}},{"type":"Feature","geometry":{"type":"LineString","coordinates":[[130.77235095384614,32.223095769230774],[131.3242295,32.1968727]]},"properties":{"name":"kyushu_line_406","loading_pct":13.0,"p_mw":89.0,"synthetic":false}},{"type":"Feature","geometry":{"type":"LineString","coordinates":[[130.7013367,32.4191196],[130.62348378947368,32.419508015789475]]},"properties":{"name":"kyushu_line_409","loading_pct":0.9,"p_mw":6.5,"synthetic":false}},{"type":"Feature","geometry":{"type":"LineString","coordinates":[[130.7013367,32.4191196],[130.7080878,32.4596069]]},"properties":{"name":"kyushu_line_410","loading_pct":7.2,"p_mw":49.1,"synthetic":false}},{"type":"Feature","geometry":{"type":"LineString","coordinates":[[130.69256756,32.01205358],[131.1498565,31.9343094]]},"properties":{"name":"kyushu_line_412","loading_pct":10.7,"p_mw":371.5,"synthetic":false}},{"type":"Feature","geometry":{"type":"LineString","coordinates":[[130.68995328,32.65069284],[130.6955595,32.619934]]},"properties":{"name":"kyushu_line_420","loading_pct":95.5,"p_mw":65.5,"synthetic":false}},{"type":"Feature","geometry":{"type":"LineString","coordinates":[[130.715343,32.491787],[130.7080878,32.4596069]]},"properties":{"name":"kyushu_line_421","loading_pct":4.1,"p_mw":-28.3,"synthetic":false}},{"type":"Feature","geometry":{"type":"LineString","coordinates":[[130.715343,32.491787],[130.6492493,32.5255834]]},"properties":{"name":"kyushu_line_422","loading_pct":5.5,"p_mw":37.6,"synthetic":false}},{"type":"Feature","geometry":{"type":"LineString","coordinates":[[130.78534009,32.84850973],[130.822714,32.8187662]]},"properties":{"name":"kyushu_line_427","loading_pct":2.7,"p_mw":-18.5,"synthetic":false}},{"type":"Feature","geometry":{"type":"LineString","coordinates":[[130.78534009,32.84850973],[130.80707134,32.80209608]]},"properties":{"name":"kyushu_line_429","loading_pct":12.1,"p_mw":-41.5,"synthetic":false}},{"type":"Feature","geometry":{"type":"LineString","coordinates":[[130.78534009,32.84850973],[130.7866049,32.8510184],[130.786625,32.8511218],[130.7868443,32.8518914],[130.7868037,32.8525262],[130.7867916,32.8528767],[130.7867428,32.8537901],[130.7867024,32.8552912],[130.7865554,32.8574263],[130.7864421,32.8589569],[130.7859931,32.86137],[130.7856809,32.8635465],[130.7854583,32.8650739],[130.784698,32.8669731],[130.7840259,32.8686446],[130.7832375,32.8706103],[130.7824919,32.8724553],[130.7817087,32.8743588],[130.7814766,32.8749478],[130.7812285,32.8755775],[130.7805576,32.8773363],[130.7798147,32.8793248],[130.7788015,32.8814499],[130.7773182,32.8844502],[130.7764456,32.8861518],[130.7752482,32.8880162],[130.7745356,32.8897869],[130.7736485,32.891521],[130.7718161,32.8938819],[130.7696492,32.8960433],[130.7681949,32.8974882],[130.7666582,32.8990349],[130.7654609,32.9002031],[130.7637739,32.9019125],[130.7614083,32.9038173],[130.7594305,32.9052092],[130.7571424,32.906422],[130.779711,32.9014225]]},"properties":{"name":"kyushu_line_433","loading_pct":2.0,"p_mw":13.8,"synthetic":false}},{"type":"Feature","geometry":{"type":"LineString","coordinates":[[130.822714,32.8187662],[130.80707134,32.80209608]]},"properties":{"name":"kyushu_line_434","loading_pct":6.2,"p_mw":-42.4,"synthetic":false}},{"type":"Feature","geometry":{"type":"LineString","coordinates":[[130.83055646,32.91488468],[130.82661066,32.920404559999994]]},"properties":{"name":"kyushu_line_438","loading_pct":10.0,"p_mw":-20.5,"synthetic":false}},{"type":"Feature","geometry":{"type":"LineString","coordinates":[[130.83055646,32.91488468],[130.8306278,32.9143919],[130.8292612,32.9151936],[130.8262758,32.9153304],[130.82389,32.9150514],[130.8230644,32.9124256],[130.8220472,32.9096567],[130.8211323,32.9072072],[130.8200745,32.9044171],[130.8189591,32.901685],[130.8179543,32.8989373],[130.8171273,32.8968388],[130.8159703,32.8937076],[130.8150478,32.8917723],[130.8144486,32.8903054],[130.8115033,32.8879832],[130.8095106,32.8864721],[130.8067348,32.8843384],[130.8042376,32.882404],[130.8020759,32.8807125],[130.8000092,32.87915],[130.7980687,32.8775784],[130.7961052,32.8760958],[130.7946348,32.8741371],[130.794492,32.8719034],[130.794303,32.8694568],[130.7941647,32.8668358],[130.7940126,32.86442],[130.7938881,32.8625539],[130.7937514,32.860265],[130.7936311,32.8586034],[130.7935242,32.8569032],[130.7934438,32.8556261],[130.7916248,32.8526938],[130.794492,32.8719034]]},"properties":{"name":"kyushu_line_440","loading_pct":31.9,"p_mw":-21.9,"synthetic":false}},{"type":"Feature","geometry":{"type":"LineString","coordinates":[[130.73452600000002,32.86353206],[130.7215226,32.8650886],[130.7221877,32.8625562],[130.7230782,32.8618263],[130.7228798,32.8600103],[130.7226276,32.8575364],[130.7213831,32.8565901],[130.7199575142857,32.85386359285714]]},"properties":{"name":"kyushu_line_444","loading_pct":1.7,"p_mw":1.1,"synthetic":false}},{"type":"Feature","geometry":{"type":"LineString","coordinates":[[130.73452600000002,32.86353206],[130.68071738181817,32.89672940909091]]},"properties":{"name":"kyushu_line_445","loading_pct":10.1,"p_mw":-6.9,"synthetic":false}},{"type":"Feature","geometry":{"type":"LineString","coordinates":[[130.7624629,32.7592075],[130.7417587,32.7269974]]},"properties":{"name":"kyushu_line_448","loading_pct":25.6,"p_mw":-43.8,"synthetic":false}},{"type":"Feature","geometry":{"type":"LineString","coordinates":[[130.7624629,32.7592075],[130.74740415714285,32.78352167142857]]},"properties":{"name":"kyushu_line_449","loading_pct":7.6,"p_mw":13.0,"synthetic":false}},{"type":"Feature","geometry":{"type":"LineString","coordinates":[[130.75566865,32.907121233333335],[130.6443205,32.9841858]]},"properties":{"name":"kyushu_line_452","loading_pct":40.0,"p_mw":-68.6,"synthetic":false}},{"type":"Feature","geometry":{"type":"LineString","coordinates":[[130.6880261125,32.7455628],[130.6986905,32.7486487],[130.6990202,32.7515643],[130.6990547,32.7521456],[130.6990863,32.7526783],[130.6991075,32.753036],[130.6991261,32.7533489],[130.6992643,32.755363],[130.6994337,32.7581148],[130.6997301,32.7610351],[130.6998753,32.7629073],[130.7000628,32.7652399],[130.7002958,32.7682846],[130.69938182,32.783276619999995]]},"properties":{"name":"kyushu_line_454","loading_pct":40.7,"p_mw":-27.9,"synthetic":false}},{"type":"Feature","geometry":{"type":"LineString","coordinates":[[130.6542247,32.6688745],[130.6623828,32.6657693],[130.659789,32.6664467],[130.6574926,32.666849],[130.6542247,32.6688745],[130.652133,32.6704434],[130.6512994,32.6721881],[130.6499518,32.6750908],[130.6501038,32.6775846],[130.6504173,32.6790807],[130.650696,32.6807333],[130.6507564,32.681023],[130.6507871,32.6812019],[130.6508227,32.6814356],[130.6513179,32.6832179],[130.6520035,32.6849901],[130.6520935,32.6852225],[130.65528184761905,32.689580261904766]]},"properties":{"name":"kyushu_line_455","loading_pct":18.7,"p_mw":-32.1,"synthetic":false}},{"type":"Feature","geometry":{"type":"LineString","coordinates":[[130.65528184761905,32.689580261904766],[130.6549237,32.6909065],[130.6523497,32.6914913],[130.6504521,32.690896],[130.6482419,32.6902024],[130.6448738,32.6887605],[130.6421078,32.6875059],[130.6388461,32.685367],[130.6361639,32.6836784],[130.6332993,32.6817279],[130.6299305,32.6805901],[130.6224525,32.6801024],[130.6184747,32.680102],[130.6149262,32.6789014],[130.6116515,32.6778031],[130.607439,32.677338],[130.6047869,32.6770153],[130.6015428,32.6763311],[130.5979813,32.6756419],[130.594055,32.6747871],[130.5913267,32.6744361],[130.5875346,32.6742238],[130.5840074,32.6740138],[130.5806856,32.6734259],[130.5757918,32.6725482],[130.5739858,32.6722143],[130.5720162,32.6714057],[130.5696988,32.6704845],[130.5668396,32.6681408],[130.5644202,32.6658964],[130.5615502,32.6631688],[130.5596566,32.6616875],[130.5560571,32.6588603],[130.5534714,32.656986],[130.5514115,32.6552833],[130.5507822,32.6544934],[130.549947,32.6534451],[130.5489975,32.6522075],[130.5472755,32.6499899],[130.5444056,32.6483729],[130.5410904,32.6464983],[130.538097,32.6446329],[130.5361122,32.6435533],[130.5326199,32.6417419],[130.5304259,32.6405991],[130.5283982,32.6395375],[130.5259895,32.6383043],[130.5219018,32.6361043],[130.5198097,32.6346768],[130.5176157,32.6332583],[130.5151051,32.6315326],[130.5132061,32.6302992],[130.5105883,32.6285011],[130.5070639,32.6277286],[130.5037057,32.6269876],[130.5017316,32.6265675],[130.499146,32.6259937],[130.4974454,32.6256278],[130.49398,32.6248371],[130.4913783,32.6241413],[130.4883045,32.62331],[130.48581,32.6225238],[130.4829722,32.6216699],[130.479362,32.6203099],[130.4761648,32.6190268],[130.4731956,32.6165936],[130.47450890000002,32.61437435833333]]},"properties":{"name":"kyushu_line_457","loading_pct":17.0,"p_mw":29.2,"synthetic":false}},{"type":"Feature","geometry":{"type":"LineString","coordinates":[[130.1934804625,32.45027005],[130.1903057,32.4478909],[130.188868,32.4473296],[130.1844692,32.4464061],[130.1823234,32.445899],[130.1788687,32.4450661],[130.1768732,32.4458809],[130.1751566,32.4474382],[130.1728177,32.4493576],[130.1692128,32.4515305],[130.1656508,32.4538119],[130.1600289,32.4561657],[130.1598787,32.459642],[130.1604366,32.4611448],[130.16990244285714,32.472345742857144]]},"properties":{"name":"kyushu_line_458","loading_pct":45.9,"p_mw":-31.5,"synthetic":false}},{"type":"Feature","geometry":{"type":"LineString","coordinates":[[130.932974,33.3427912],[130.9445811857143,33.328898442857145]]},"properties":{"name":"kyushu_line_459","loading_pct":94.7,"p_mw":64.9,"synthetic":false}},{"type":"Feature","geometry":{"type":"LineString","coordinates":[[130.932974,33.3427912],[130.9306983,33.3413404],[130.9286546,33.3396757],[130.9282419,33.3367715],[130.92794,33.3342684],[130.9271193,33.3330023],[130.9261832,33.331409],[130.9251934,33.3298111],[130.9257942,33.3274737],[130.92624474285714,33.32531724285714]]},"properties":{"name":"kyushu_line_460","loading_pct":23.7,"p_mw":16.2,"synthetic":false}},{"type":"Feature","geometry":{"type":"LineString","coordinates":[[130.9445811857143,33.328898442857145],[130.9338239,33.3415062],[130.9354951,33.3398699],[130.9356961,33.3387281],[130.9376708,33.3356717],[130.940205,33.3346084],[130.9418745,33.3339193],[130.9426079,33.3339367],[130.943207,33.333951],[130.9449572,33.3328373],[130.9467158,33.3315705],[130.9491899,33.3296314],[130.9502332,33.3288548],[130.9511038,33.3281848],[130.951934,33.3275438],[130.9544724,33.3256826],[130.9558721,33.3238699],[130.9570525,33.3223973],[130.958903,33.3201418],[130.9608741,33.3176787],[130.9626688,33.3149097],[130.9639782,33.3131211],[130.9654783,33.311225],[130.9668856,33.3091204],[130.967467,33.3071965],[130.9689445,33.3063102],[130.9718241,33.3045508],[130.9742987,33.3024034],[130.9747458,33.2998535],[130.974502,33.2960097]]},"properties":{"name":"kyushu_line_461","loading_pct":71.0,"p_mw":48.7,"synthetic":false}},{"type":"Feature","geometry":{"type":"LineString","coordinates":[[130.974502,33.2960097],[130.9873849,33.3202882]]},"properties":{"name":"kyushu_line_462","loading_pct":47.3,"p_mw":32.5,"synthetic":false}},{"type":"Feature","geometry":{"type":"LineString","coordinates":[[131.12829284,33.622050560000005],[131.1433667,33.5945865]]},"properties":{"name":"kyushu_line_464","loading_pct":80.0,"p_mw":69.8,"synthetic":false}},{"type":"Feature","geometry":{"type":"LineString","coordinates":[[131.1433667,33.5945865],[131.1608203,33.5958228]]},"properties":{"name":"kyushu_line_465","loading_pct":80.0,"p_mw":116.4,"synthetic":false}},{"type":"Feature","geometry":{"type":"LineString","coordinates":[[131.1433667,33.5945865],[131.1618288,33.5969979],[131.1630417,33.5984823],[131.1646886,33.6001847],[131.1666734,33.60224],[131.1678697,33.603491],[131.1692698,33.6055462],[131.1704334,33.6072744],[131.1719037,33.6094198],[131.1726546,33.6105214],[131.173893,33.6122768],[131.1746679,33.6140686],[131.1712233,33.5906089]]},"properties":{"name":"kyushu_line_466","loading_pct":52.2,"p_mw":35.8,"synthetic":false}},{"type":"Feature","geometry":{"type":"LineString","coordinates":[[131.0860948857143,33.62836021428571],[131.0804555,33.6255464],[131.0778708,33.6270645],[131.0757365,33.6288686],[131.0743034,33.6303398],[131.07311,33.6316343],[131.0720332,33.6333319],[131.0704531,33.6356941],[131.0688543,33.6381069],[131.0677166,33.6398277],[131.0664081,33.6411237],[131.0642427,33.6425697],[131.0621711,33.6439436],[131.0601322,33.6453058],[131.0581541,33.6466154],[131.0562323,33.6478879],[131.0539546,33.6493883],[131.0522059,33.6505419],[131.049954,33.6520443],[131.0478964,33.6533752],[131.0455789,33.6548912],[131.0433223,33.6563448],[131.0413162,33.6576541],[131.039635,33.658677],[131.0378374,33.6597957],[131.0360266,33.6609337],[131.0338913,33.6622122],[131.0320062,33.6633357],[131.0296638,33.6647693],[131.027651,33.665983],[131.0256068,33.6672105],[131.0238952,33.6682382],[131.0192541,33.6696602],[131.0169661,33.6703636],[131.0146316,33.6710541],[131.0126064,33.6716888],[131.010509,33.6726666],[131.0098159,33.6723064],[131.0079582,33.6715151],[131.0058556,33.6705587],[131.0045158,33.6699497],[131.0036861,33.669613],[131.0015939,33.6703432],[131.0003319,33.6716745],[130.9988684,33.6732163],[130.9999589,33.6743948],[131.0013322,33.6760594],[131.0033293,33.6774036],[131.0019753,33.6785971],[131.0012574,33.6797379],[131.0003329,33.6811908],[130.9979366,33.684916],[130.9971523,33.6866127],[130.9961284,33.6890851],[130.9954248,33.6906422],[130.994183,33.6924294],[130.9928367,33.6943724],[130.9914926,33.6963118],[130.9901964,33.6975806],[130.988776,33.6989906],[130.9875103,33.7002381],[130.9860637,33.7016723],[130.9846857,33.7030461],[130.9831673,33.7042766],[130.9817447,33.7054293],[130.9795439,33.70705],[130.9756262,33.7088831],[130.97574772000002,33.70931876]]},"properties":{"name":"kyushu_line_467","loading_pct":27.1,"p_mw":-18.6,"synthetic":false}},{"type":"Feature","geometry":{"type":"LineString","coordinates":[[131.6954846,33.1903723],[131.683947,33.1986407]]},"properties":{"name":"kyushu_line_468","loading_pct":43.3,"p_mw":297.0,"synthetic":false}},{"type":"Feature","geometry":{"type":"LineString","coordinates":[[131.6954846,33.1903723],[131.7327475,33.1633133]]},"properties":{"name":"kyushu_line_470","loading_pct":47.2,"p_mw":-323.5,"synthetic":false}},{"type":"Feature","geometry":{"type":"LineString","coordinates":[[131.683947,33.1986407],[131.6663573,33.2031963]]},"properties":{"name":"kyushu_line_472","loading_pct":38.2,"p_mw":262.0,"synthetic":false}},{"type":"Feature","geometry":{"type":"LineString","coordinates":[[131.38554833636363,32.25098099090909],[131.3829689,32.247319],[131.3805355,32.2465381],[131.3762003,32.2438222],[131.3735545,32.2412501],[131.3692602,32.2372911],[131.3630336,32.2309102],[131.3603998,32.2288033],[131.359999,32.2230636],[131.3582005,32.2183184],[131.3589772,32.2129837],[131.359187,32.2102929],[131.3574791,32.2063811],[131.3551601,32.2045497],[131.3534448,32.2009616],[131.3554472,32.1944827],[131.3530031,32.1905989],[131.3495031,32.1866178],[131.3444133,32.1828708],[131.3413755,32.1794132],[131.3381272,32.1752804],[131.3340772,32.1724869],[131.3296004,32.1662738],[131.3308642,32.1622027],[131.3307317,32.1602707],[131.3251882,32.156646],[131.3230059,32.1504543],[131.324631,32.1439428],[131.3274831,32.1411777],[131.3306413,32.1349969],[131.3302249,32.1300076],[131.3290133,32.1261214],[131.3252704,32.1213726],[131.3220898,32.1172866],[131.3191662,32.113652],[131.3180204,32.1099421],[131.3163497,32.1047534],[131.313898,32.1025564],[131.3122167,32.0992724],[131.3105461,32.0963966],[131.3072798,32.0922051],[131.3051594,32.0898824],[131.3031086,32.0883283],[131.3005973,32.0866362],[131.2980486,32.0867813],[131.2947073,32.0856245],[131.291508,32.0836047],[131.2883434,32.0815768],[131.2835202,32.0784483],[131.2800181,32.0783702],[131.2744532,32.0784351],[131.270847,32.0772557],[131.267729,32.0745256],[131.2619116,32.0692385],[131.2598603,32.0678423],[131.2568746,32.0656002],[131.2548521,32.0641743],[131.2515832,32.0588737],[131.2487109,32.0550757],[131.246796,32.0526941],[131.2449944,32.0515416],[131.2407454,32.0465861],[131.2399182,32.0447229],[131.2370969,32.0389025],[131.2348101,32.0361577],[131.232102,32.0337771],[131.2277755,32.0300414],[131.2234891,32.0309651],[131.2208451,32.0300889],[131.2163146,32.026575],[131.2157193,32.0223238],[131.2134278,32.0194232],[131.2103352,32.0152249],[131.2061129,32.009559],[131.2038296,32.0060629],[131.1994711,32.0037936],[131.1955412,31.9974951],[131.1936114,31.9916459],[131.1940967,31.9883421],[131.1961158,31.9851753],[131.1991283,31.9830415],[131.2029741,31.9802823],[131.2045444,31.9758512],[131.2041598,31.9726976],[131.2037279,31.9693326],[131.2031405,31.9652746],[131.2020985,31.9617534],[131.1985468,31.9579065],[131.1933887,31.955316],[131.1901917,31.9518266],[131.1903821,31.9482385],[131.1921016,31.945272],[131.1943434,31.9417674],[131.1966332,31.936762],[131.1973921,31.9323294],[131.1957891,31.9277559],[131.1946792,31.9246945],[131.1938597,31.9235087],[131.1936139,31.9225839],[131.1936245,31.9222466],[131.1936264,31.9221325],[131.19423835,31.92208595]]},"properties":{"name":"kyushu_line_475","loading_pct":22.8,"p_mw":-791.5,"synthetic":false}},{"type":"Feature","geometry":{"type":"LineString","coordinates":[[131.19423835,31.92208595],[131.1498565,31.9343094]]},"properties":{"name":"kyushu_line_479","loading_pct":9.1,"p_mw":-314.7,"synthetic":false}},{"type":"Feature","geometry":{"type":"LineString","coordinates":[[131.2138092,31.9067369],[131.2185545,31.9069619],[131.2215703,31.90714],[131.225481,31.9077323],[131.2307949,31.908517],[131.2329073,31.9088144],[131.2370211,31.9094121],[131.2407708,31.9099451],[131.2451968,31.9116499],[131.2473092,31.9124037],[131.2529736,31.9144883],[131.2554537,31.9153039],[131.2608961,31.9179331],[131.2648675,31.9187101],[131.2670648,31.9191924],[131.2715296,31.9201982],[131.2735739,31.9206221],[131.2786537,31.9215679],[131.2816751,31.9208145],[131.2834353,31.921569],[131.286251,31.9233334],[131.2876811,31.9236469],[131.2899962,31.9246715],[131.2943976,31.9247738],[131.298887,31.9248537],[131.303637,31.9247572],[131.3096999,31.9243495],[131.3140482,31.9253664],[131.3156056,31.9257474],[131.3179995,31.9251416],[131.3200836,31.9239657],[131.3240479,31.921869],[131.3285536,31.9209759],[131.3338809,31.9194229],[131.3354896,31.9178512],[131.3385938,31.9150649],[131.3411304,31.9128164],[131.3433054,31.9112499],[131.346586,31.9089085],[131.3491662,31.9081252],[131.3526714,31.9081563],[131.3569163,31.9073875],[131.3599114,31.9068405],[131.363524,31.9061359],[131.3659723,31.9051309],[131.3696582,31.9029322],[131.3726582,31.9011791],[131.3746305,31.9008061],[131.3782481,31.9001098],[131.3823806,31.900831],[131.385071,31.9019514],[131.3889933,31.9027395],[131.363524,31.9061359]]},"properties":{"name":"kyushu_line_480","loading_pct":37.1,"p_mw":254.4,"synthetic":false}},{"type":"Feature","geometry":{"type":"LineString","coordinates":[[130.94643541666667,31.76138315],[130.93843984,31.39213792]]},"properties":{"name":"kyushu_line_481","loading_pct":26.2,"p_mw":-179.6,"synthetic":false}},{"type":"Feature","geometry":{"type":"LineString","coordinates":[[131.39842658333333,33.54159455],[131.395827,33.5382262],[131.3915812,33.5386449],[131.3907659,33.5418776],[131.39163525714284,33.541834699999995]]},"properties":{"name":"kyushu_line_488","loading_pct":43.5,"p_mw":-29.8,"synthetic":false}},{"type":"Feature","geometry":{"type":"LineString","coordinates":[[131.39842658333333,33.54159455],[131.4013551,33.5376892],[131.403461,33.538136],[131.4065908,33.5394008],[131.4108373,33.5409885],[131.4136933,33.5419804],[131.4168669,33.543859],[131.4214588,33.5440378],[131.4230649,33.5458747],[131.4246904,33.5489059],[131.4255165,33.5514453],[131.4274101,33.5533721],[131.4298295,33.5555537],[131.4310257,33.5573464],[131.4322166,33.5590451],[131.4335148,33.5604711],[131.4348774,33.561982],[131.4351671,33.562847],[131.4359288,33.5663559],[131.4369298,33.5673958],[131.4383246,33.5688842],[131.4395927,33.5702468],[131.4412214,33.5719683],[131.4437019,33.5727185],[131.4463143,33.5734247],[131.4498259,33.573041],[131.4542569,33.5725672],[131.4568983,33.5723163],[131.461928,33.5717851],[131.4649965,33.5721471],[131.4672978,33.5724331],[131.4690417,33.5734776],[131.4712696,33.5749667],[131.4732169,33.5762583],[131.4775016,33.5790016],[131.4800007,33.5790502],[131.4812671,33.5813949],[131.4852068,33.5838948],[131.488157,33.5857751],[131.4919676,33.5899047],[131.4947182,33.5930744],[131.4989287,33.5989195],[131.5019542,33.6054562],[131.5040302,33.6097542],[131.5067017,33.6122471],[131.5098399,33.6151018],[131.5140563,33.6189883],[131.5188038,33.6234375],[131.5220922,33.626466],[131.5240717,33.6285743],[131.5333897,33.6382485],[131.5348059,33.6397357],[131.5368604,33.6419598],[131.5389633,33.6441347],[131.541211,33.6464926],[131.5425253,33.6478323],[131.5442097,33.6495561],[131.5454757,33.6509582],[131.55025,33.6539858],[131.549145,33.6547985],[131.5492093,33.6566382],[131.5493595,33.6591922],[131.5497565,33.6608354],[131.5504432,33.6630098],[131.5513283,33.6665414],[131.4690417,33.5734776]]},"properties":{"name":"kyushu_line_489","loading_pct":47.3,"p_mw":32.5,"synthetic":false}},{"type":"Feature","geometry":{"type":"LineString","coordinates":[[131.39842658333333,33.54159455],[131.4008559,33.5362598],[131.4016959,33.5343791],[131.4046859,33.5326296],[131.4066096,33.531143],[131.408209,33.5297802],[131.4100442,33.5274142],[131.4118815,33.5249534],[131.4130298,33.5220832],[131.414273,33.5194237],[131.4154761,33.5169943],[131.4170374,33.515603],[131.4194563,33.5127676],[131.4212051,33.51041],[131.424377,33.5055081],[131.428423,33.5026414],[131.4320719,33.5007254],[131.4341458,33.4989893],[131.4354317,33.4973196],[131.4371206,33.4951266],[131.4391208,33.4929919],[131.4402561,33.4907697],[131.4429818,33.4895571],[131.4458343,33.4894587],[131.4480935,33.4896026],[131.450746,33.4898181],[131.4528483,33.4905705],[131.4571402,33.4906482],[131.4588625,33.4898952],[131.4625586,33.4888351],[131.4646415,33.4858752],[131.4668853,33.4831787],[131.4686509,33.4823506],[131.4711266,33.4815915],[131.4738931,33.4812699],[131.4764216,33.4803507],[131.4793145,33.4799518],[131.4825308,33.4797568],[131.4858242,33.4792775],[131.4885591,33.4785852],[131.4915447,33.4765009],[131.493441,33.4729999],[131.4951691,33.4703983],[131.4961526,33.4680554],[131.4974218,33.4647432],[131.4990637,33.4618249],[131.4996298,33.4603954],[131.4994749,33.4580686],[131.498954,33.4550335],[131.4992005,33.4522788],[131.499327,33.4507859],[131.49843744,33.46664944]]},"properties":{"name":"kyushu_line_490","loading_pct":5.5,"p_mw":-3.8,"synthetic":false}},{"type":"Feature","geometry":{"type":"LineString","coordinates":[[131.4690417,33.5734776],[131.4789825727273,33.54620098181818]]},"properties":{"name":"kyushu_line_491","loading_pct":23.7,"p_mw":16.2,"synthetic":false}},{"type":"Feature","geometry":{"type":"LineString","coordinates":[[131.4085009,33.2956976],[131.3489513,33.3471529]]},"properties":{"name":"kyushu_line_493","loading_pct":24.8,"p_mw":-170.2,"synthetic":false}},{"type":"Feature","geometry":{"type":"LineString","coordinates":[[131.36314162,33.43314842],[131.3400174,33.4671427]]},"properties":{"name":"kyushu_line_494","loading_pct":41.3,"p_mw":28.3,"synthetic":false}},{"type":"Feature","geometry":{"type":"LineString","coordinates":[[131.3400174,33.4671427],[131.35039816,33.53511662]]},"properties":{"name":"kyushu_line_495","loading_pct":17.6,"p_mw":12.1,"synthetic":false}},{"type":"Feature","geometry":{"type":"LineString","coordinates":[[131.1577290857143,33.294747428571426],[131.2234865,33.2428644]]},"properties":{"name":"kyushu_line_496","loading_pct":80.0,"p_mw":-72.2,"synthetic":false}},{"type":"Feature","geometry":{"type":"LineString","coordinates":[[131.1577290857143,33.294747428571426],[131.03439576,33.257347419999995]]},"properties":{"name":"kyushu_line_497","loading_pct":81.7,"p_mw":56.0,"synthetic":false}},{"type":"Feature","geometry":{"type":"LineString","coordinates":[[130.9873849,33.3202882],[130.99256356,33.43504644]]},"properties":{"name":"kyushu_line_498","loading_pct":23.7,"p_mw":16.2,"synthetic":false}},{"type":"Feature","geometry":{"type":"LineString","coordinates":[[130.64827322000002,33.431601],[130.6458061,33.4193097],[130.6431535,33.4181285],[130.6411011,33.4166875],[130.6384448,33.4153887],[130.6364924,33.4146404],[130.6352921,33.4133014],[130.6332693,33.41195],[130.631417,33.4107192],[130.6301064,33.4098025],[130.6288089,33.4086565],[130.6306983,33.4067113],[130.6312472,33.406416],[130.6304692,33.4045697],[130.6291837,33.403014],[130.6279945,33.4013903],[130.6266568,33.3992681],[130.6242733,33.3976207],[130.6222581,33.3962708],[130.6199495,33.3948383],[130.6184568,33.3969457],[130.6165157,33.3996454],[130.61686993749998,33.4010371125]]},"properties":{"name":"kyushu_line_499","loading_pct":23.7,"p_mw":16.2,"synthetic":false}},{"type":"Feature","geometry":{"type":"LineString","coordinates":[[130.40429668,33.58282504],[130.38965303999998,33.58778064]]},"properties":{"name":"kyushu_line_501","loading_pct":1.3,"p_mw":9.2,"synthetic":false}},{"type":"Feature","geometry":{"type":"LineString","coordinates":[[130.40429668,33.58282504],[130.3845828,33.55500705714286]]},"properties":{"name":"kyushu_line_504","loading_pct":2.4,"p_mw":-16.5,"synthetic":false}},{"type":"Feature","geometry":{"type":"LineString","coordinates":[[130.36408111666665,33.54587506666667],[130.3639645,33.5456449],[130.3632047,33.5455215],[130.363099,33.5450806],[130.3627323,33.544765614285716]]},"properties":{"name":"kyushu_line_507","loading_pct":80.0,"p_mw":-166.5,"synthetic":false}},{"type":"Feature","geometry":{"type":"LineString","coordinates":[[130.36408111666665,33.54587506666667],[130.3678726,33.553183],[130.3681909,33.5548317],[130.36093312,33.5612227]]},"properties":{"name":"kyushu_line_508","loading_pct":80.0,"p_mw":275.0,"synthetic":false}},{"type":"Feature","geometry":{"type":"LineString","coordinates":[[130.3627323,33.544765614285716],[130.33941043076922,33.533359992307695]]},"properties":{"name":"kyushu_line_509","loading_pct":80.0,"p_mw":-182.7,"synthetic":false}},{"type":"Feature","geometry":{"type":"LineString","coordinates":[[130.7053760727273,33.58014886363637],[130.6564172375,33.58488995]]},"properties":{"name":"kyushu_line_514","loading_pct":33.3,"p_mw":-22.9,"synthetic":false}},{"type":"Feature","geometry":{"type":"LineString","coordinates":[[130.43607658000002,32.99712428],[130.44935902857142,33.00185602857143]]},"properties":{"name":"kyushu_line_516","loading_pct":90.5,"p_mw":230.6,"synthetic":false}},{"type":"Feature","geometry":{"type":"LineString","coordinates":[[130.4616892,33.033772725],[130.45587046666665,33.014746833333334]]},"properties":{"name":"kyushu_line_518","loading_pct":91.9,"p_mw":-207.0,"synthetic":false}},{"type":"Feature","geometry":{"type":"LineString","coordinates":[[130.45587046666665,33.014746833333334],[130.44935902857142,33.00185602857143]]},"properties":{"name":"kyushu_line_519","loading_pct":91.4,"p_mw":-214.4,"synthetic":false}},{"type":"Feature","geometry":{"type":"LineString","coordinates":[[130.45587046666665,33.014746833333334],[130.4545373,33.0086096],[130.4531727,33.008434],[130.4511513,33.0090337],[130.4474535,33.0100786],[130.4454404,33.0106313],[130.4433239,33.0111273],[130.4416208,33.0117338],[130.43926978333334,33.01440633333333]]},"properties":{"name":"kyushu_line_520","loading_pct":23.7,"p_mw":16.2,"synthetic":false}},{"type":"Feature","geometry":{"type":"LineString","coordinates":[[129.64864233333333,33.20364765555556],[129.7380824,33.1825321]]},"properties":{"name":"kyushu_line_523","loading_pct":40.8,"p_mw":85.8,"synthetic":false}},{"type":"Feature","geometry":{"type":"LineString","coordinates":[[129.64864233333333,33.20364765555556],[129.6520148,33.2042308],[129.6544215,33.2052362],[129.6565218,33.2061937],[129.6584236,33.207385],[129.6607898,33.209607],[129.6630889,33.2124803],[129.6660054,33.2158945],[129.668336,33.2186757],[129.6709683,33.2218959],[129.6735225,33.2247457],[129.6764411,33.2266891],[129.6797144,33.2288203],[129.6814373,33.2313367],[129.683814,33.2347469],[129.6861909,33.237995],[129.6877543,33.2402878],[129.6905558,33.243986],[129.6930791,33.2470719],[129.6949409,33.2500004],[129.6961839,33.253652],[129.6973162,33.2572926],[129.697827,33.2590584],[129.6990277,33.2630035],[129.6974951,33.2656153],[129.6966618,33.2674035],[129.69651358333334,33.26810485]]},"properties":{"name":"kyushu_line_524","loading_pct":80.0,"p_mw":-580.1,"synthetic":false}},{"type":"Feature","geometry":{"type":"LineString","coordinates":[[129.8091063,33.2257576],[129.8487652,33.1791528]]},"properties":{"name":"kyushu_line_525","loading_pct":66.9,"p_mw":458.7,"synthetic":false}},{"type":"Feature","geometry":{"type":"LineString","coordinates":[[129.8487652,33.1791528],[129.8562639,33.1773741]]},"properties":{"name":"kyushu_line_528","loading_pct":68.8,"p_mw":471.6,"synthetic":false}},{"type":"Feature","geometry":{"type":"LineString","coordinates":[[129.8562639,33.1773741],[129.8600719,33.1748144]]},"properties":{"name":"kyushu_line_530","loading_pct":63.2,"p_mw":433.3,"synthetic":false}},{"type":"Feature","geometry":{"type":"LineString","coordinates":[[129.8600719,33.1748144],[129.8413634,33.13817481428571]]},"properties":{"name":"kyushu_line_532","loading_pct":17.2,"p_mw":118.0,"synthetic":false}},{"type":"Feature","geometry":{"type":"LineString","coordinates":[[130.01517436666666,32.887045855555556],[130.01210162,32.83848542]]},"properties":{"name":"kyushu_line_534","loading_pct":7.9,"p_mw":54.1,"synthetic":false}},{"type":"Feature","geometry":{"type":"LineString","coordinates":[[130.01210162,32.83848542],[130.01966699444446,32.83097700555555]]},"properties":{"name":"kyushu_line_535","loading_pct":12.8,"p_mw":87.7,"synthetic":false}},{"type":"Feature","geometry":{"type":"LineString","coordinates":[[130.01966699444446,32.83097700555555],[130.0102583,32.8259212],[130.0084214,32.8223493],[130.0067829,32.8193583],[130.0060379,32.8179717],[130.003989,32.8144822],[130.0029757,32.8127415],[130.0019783,32.811102],[129.9972393,32.8039896],[129.9954525,32.8023286],[129.9913005,32.7984441],[129.9878359,32.7969861],[129.9832033,32.7947907],[129.9810082,32.7937366],[129.9788219,32.7917412],[129.977374,32.7903906],[129.9742324,32.7882368],[129.9715791,32.7878446],[129.9690376,32.7881618],[129.9654009,32.7886439],[129.9603306,32.7878379],[129.9564575,32.7895528],[129.9531981,32.790124],[129.9479205,32.7909715],[129.9430144,32.7901103],[129.9421022,32.7863385],[129.9409099,32.7811477],[129.9403692,32.7786163],[129.9397666,32.7759142],[129.9391636,32.7725462],[129.9360968,32.7693349],[129.9346854,32.767858],[129.9319385,32.7649836],[129.9301197,32.7630803],[129.9286882,32.7615822],[129.9262798,32.7590619],[129.9242504,32.7569254],[129.9241878,32.753687],[129.924164,32.7498265],[129.9207792,32.7478779],[129.9174291,32.7460507],[129.9117164,32.7449873625]]},"properties":{"name":"kyushu_line_537","loading_pct":12.3,"p_mw":84.5,"synthetic":false}},{"type":"Feature","geometry":{"type":"LineString","coordinates":[[130.31288883333332,33.259435966666665],[130.29226306666666,33.26214183333334]]},"properties":{"name":"kyushu_line_540","loading_pct":18.6,"p_mw":-12.7,"synthetic":false}},{"type":"Feature","geometry":{"type":"LineString","coordinates":[[130.31288883333332,33.259435966666665],[130.3209239,33.2527042],[130.3224739,33.2509131],[130.3238589,33.2493141],[130.3250733,33.2479236],[130.3243492,33.2463884],[130.3233611,33.244233],[130.3226672,33.2427028],[130.3216856,33.2405279],[130.320779,33.2385916],[130.319275,33.2371981],[130.317404,33.2355895],[130.3158697,33.2341507],[130.3141527,33.2326263],[130.3123802,33.2312391],[130.309659,33.2311438],[130.3074217,33.2310048],[130.3044354,33.2308342],[130.3022959,33.2307082],[130.2999238,33.2310036],[130.2972809,33.2315038],[130.2955449,33.2315978],[130.29477438333333,33.232281633333336]]},"properties":{"name":"kyushu_line_541","loading_pct":9.0,"p_mw":6.2,"synthetic":false}},{"type":"Feature","geometry":{"type":"LineString","coordinates":[[129.59984312,32.93328986],[129.5962015,32.9431101],[129.5950996,32.9427238],[129.594884,32.9397429],[129.5955636,32.9375271],[129.5967498,32.9341785],[129.5987496,32.9314743],[129.6031009,32.9307576],[129.6055619,32.9313014],[129.6098575,32.9323351],[129.6136741,32.9327739],[129.6174385,32.9331085],[129.6200134,32.9333279],[129.6224024,32.9372122],[129.628488,32.9467295],[129.6310106,32.9507549],[129.6366906,32.9526819],[129.6416671,32.9534877],[129.6472584,32.9543993],[129.649107,32.9554068],[129.6527588,32.9579592]]},"properties":{"name":"kyushu_line_542","loading_pct":43.8,"p_mw":300.4,"synthetic":false}},{"type":"Feature","geometry":{"type":"LineString","coordinates":[[129.8413634,33.13817481428571],[129.8490947,33.1375472],[129.8492008,33.1340623],[129.8485612,33.1310665],[129.8480581,33.1287097],[129.8457392,33.1252249],[129.8429838,33.1229978],[129.839916,33.1204889],[129.8377654,33.1183824],[129.8355947,33.1156251],[129.8328012,33.1116387],[129.83017,33.110525],[129.8232935,33.1090355],[129.8202617,33.1084384],[129.8145106,33.106704],[129.8116591,33.1054627],[129.8090399,33.1043355],[129.8044462,33.1024769],[129.8010941,33.1005545],[129.7988833,33.0989777],[129.7965044,33.0971391],[129.7928359,33.0948207],[129.7898375,33.0940007],[129.7858744,33.0925946],[129.7825007,33.0921448],[129.7794033,33.0917255],[129.776321,33.0892964],[129.7730271,33.086382],[129.7721169,33.0834951],[129.7706725,33.081496],[129.7664232,33.0786134],[129.7616333,33.0769489],[129.760179,33.075617],[129.7576881,33.0750771],[129.7545813,33.0748507],[129.7487128,33.074447],[129.7447649,33.0719244],[129.7410765,33.0707951],[129.7300608,33.0705349],[129.7273346,33.0704125],[129.7245245,33.0666159],[129.7218263,33.0639488],[129.7205529,33.0614506],[129.7194299,33.0592183],[129.7196303,33.0559151],[129.7199476,33.0510616],[129.7195176,33.0495009],[129.7189507,33.0472788],[129.7182705,33.0428196],[129.7175384,33.0384888],[129.7148874,33.0356527],[129.7130217,33.0336876],[129.7107485,33.0313067],[129.7090717,33.0295891],[129.70782,33.0263121],[129.7071056,33.0241636],[129.7061432,33.0216835],[129.7046022,33.0174458],[129.7035335,33.0144802],[129.7023763,33.0114651],[129.7009061,33.0090737],[129.699684,33.0070932],[129.69845,33.0050086],[129.6971333,33.0029686],[129.6951377,32.9998788],[129.6931007,32.9966453],[129.6917191,32.9944119],[129.6901663,32.9919705],[129.6886312,32.9895588],[129.6873913,32.9874837],[129.684327,32.9830265],[129.6823314,32.9802034],[129.6796391,32.9781331],[129.6768818,32.9760677],[129.6720356,32.9722899],[129.6685137,32.9697711],[129.6657682,32.9675321],[129.6632294,32.9656299],[129.6595038,32.9630986],[129.6571776,32.9615679],[129.6527588,32.9579592]]},"properties":{"name":"kyushu_line_543","loading_pct":37.2,"p_mw":-255.0,"synthetic":false}},{"type":"Feature","geometry":{"type":"LineString","coordinates":[[129.6527588,32.9579592],[129.7770792,32.82752983846154]]},"properties":{"name":"kyushu_line_548","loading_pct":5.7,"p_mw":38.9,"synthetic":false}},{"type":"Feature","geometry":{"type":"LineString","coordinates":[[130.59777475555555,33.222391244444445],[130.5973615,33.2229808],[130.5956687,33.2242691],[130.593973,33.2255902],[130.5913842,33.224599],[130.5893976,33.2242359],[130.5865081,33.2237463],[130.5845701,33.2235011],[130.5817526,33.2231366],[130.5796084,33.2227629],[130.576453,33.2221897],[130.5733438,33.2216406],[130.5686856,33.221867],[130.5656734,33.2222956],[130.562943,33.2225437],[130.5595892,33.2228327],[130.5571296,33.2230203],[130.5541958,33.2231766],[130.5512497,33.2234395],[130.5476023,33.2237516],[130.5441351,33.2241232],[130.5411982,33.2244303],[130.5381036,33.2247407],[130.5356658,33.2249688],[130.534095,33.2240647],[130.5317789,33.2223476],[130.5290103,33.2206406],[130.5268675,33.2193924],[130.5246663,33.2180792],[130.522249,33.2175937],[130.5197649,33.2170554],[130.5165787,33.2165635],[130.5136415,33.2158752],[130.5114503,33.2153571],[130.509544325,33.21536635]]},"properties":{"name":"kyushu_line_549","loading_pct":20.3,"p_mw":13.9,"synthetic":false}},{"type":"Feature","geometry":{"type":"LineString","coordinates":[[130.5331587375,33.282659875],[130.5348604,33.2827001],[130.535692,33.2821103],[130.5369689,33.2818373],[130.537065,33.2818309],[130.5396242,33.281291],[130.5408403,33.2810909],[130.5425739,33.2809884],[130.5443354,33.2810117],[130.5445559,33.2788079],[130.5438989,33.2771929],[130.5429832,33.2746109],[130.5446635,33.2718563],[130.5454073,33.2676818],[130.5460456,33.2660104],[130.545485,33.2641306],[130.5452934,33.263488],[130.5458002,33.2611464],[130.54645721111112,33.26002088888889]]},"properties":{"name":"kyushu_line_550","loading_pct":80.0,"p_mw":-182.5,"synthetic":false}},{"type":"Feature","geometry":{"type":"LineString","coordinates":[[131.1740283,32.4723256],[131.2460661,32.4908864]]},"properties":{"name":"kyushu_line_551","loading_pct":34.2,"p_mw":58.6,"synthetic":false}},{"type":"Feature","geometry":{"type":"LineString","coordinates":[[130.7872978,31.8765705],[130.7722928,31.9179392]]},"properties":{"name":"kyushu_line_552","loading_pct":80.0,"p_mw":92.6,"synthetic":false}},{"type":"Feature","geometry":{"type":"LineString","coordinates":[[130.7872978,31.8765705],[130.80727784,31.8778338]]},"properties":{"name":"kyushu_line_553","loading_pct":86.3,"p_mw":-59.2,"synthetic":false}},{"type":"Feature","geometry":{"type":"LineString","coordinates":[[130.7722928,31.9179392],[130.7596204,31.9164777]]},"properties":{"name":"kyushu_line_554","loading_pct":80.0,"p_mw":75.2,"synthetic":false}},{"type":"Feature","geometry":{"type":"LineString","coordinates":[[130.7722928,31.9179392],[130.79646384,31.932343680000002]]},"properties":{"name":"kyushu_line_555","loading_pct":1.7,"p_mw":1.1,"synthetic":false}},{"type":"Feature","geometry":{"type":"LineString","coordinates":[[130.7596204,31.9164777],[130.7517389,31.9622322]]},"properties":{"name":"kyushu_line_556","loading_pct":80.0,"p_mw":90.6,"synthetic":false}},{"type":"Feature","geometry":{"type":"LineString","coordinates":[[130.81228921666667,32.399678466666664],[130.6583216,32.4657922]]},"properties":{"name":"kyushu_line_557","loading_pct":17.0,"p_mw":11.6,"synthetic":false}},{"type":"Feature","geometry":{"type":"LineString","coordinates":[[129.835012,32.8220925],[129.8353728,32.8214169],[129.8350281,32.8207872],[129.8337479,32.8214227],[129.8309487,32.8229804],[129.8292267,32.8271322],[129.828819,32.8288136],[129.8271131,32.8328298],[129.8241842,32.8345156],[129.8208046,32.834119],[129.8167705,32.8337989],[129.8118138,32.8342181],[129.804368,32.8329606],[129.800688,32.832947],[129.7980809,32.8331093],[129.7959512,32.83324],[129.7927165,32.8335871],[129.7900772,32.8348402],[129.7878992,32.8358768],[129.7832698,32.8368414],[129.7817945,32.8363276],[129.7789997,32.8354667],[129.7783398,32.8324422],[129.7785008,32.8303913],[129.7785973,32.8289488],[129.7777477,32.8282134],[129.7770792,32.82752983846154]]},"properties":{"name":"kyushu_line_559","loading_pct":15.0,"p_mw":-102.8,"synthetic":false}},{"type":"Feature","geometry":{"type":"LineString","coordinates":[[129.85785858,32.81048424],[129.8664763,32.801817],[129.868374,32.8008582],[129.8710509,32.7993563],[129.8723046,32.7981109],[129.8741782,32.7962282],[129.8750042,32.7950948],[129.8766301,32.7927525],[129.8779115,32.7902965],[129.878645,32.7889733],[129.8807517,32.787261],[129.8837982,32.7846898],[129.8849056,32.7839019],[129.885798,32.7830024],[129.8865655,32.7817769],[129.8880783,32.7815872],[129.8881899,32.7810567],[129.8885006,32.7799276],[129.8885582,32.7774005],[129.8885689,32.7747635],[129.8837982,32.7846898]]},"properties":{"name":"kyushu_line_560","loading_pct":68.9,"p_mw":47.2,"synthetic":false}},{"type":"Feature","geometry":{"type":"LineString","coordinates":[[129.85785858,32.81048424],[129.8664763,32.801817],[129.868374,32.8008582],[129.8710509,32.7993563],[129.8723046,32.7981109],[129.8741782,32.7962282],[129.8750042,32.7950948],[129.8766301,32.7927525],[129.8779115,32.7902965],[129.878645,32.7889733],[129.8807517,32.787261],[129.8837982,32.7846898],[129.8849056,32.7839019],[129.885798,32.7830024],[129.8865655,32.7817769],[129.8880783,32.7815872],[129.8881899,32.7810567],[129.8885006,32.7799276],[129.8885582,32.7774005],[129.8885689,32.7747635],[129.8891526,32.783414]]},"properties":{"name":"kyushu_line_561","loading_pct":49.4,"p_mw":33.9,"synthetic":false}},{"type":"Feature","geometry":{"type":"LineString","coordinates":[[129.85785858,32.81048424],[129.8827053,32.800343]]},"properties":{"name":"kyushu_line_562","loading_pct":64.4,"p_mw":44.2,"synthetic":false}},{"type":"Feature","geometry":{"type":"LineString","coordinates":[[130.67191829166666,33.005463858333336],[130.6740086,33.0068123],[130.6755911,33.0068539],[130.6790605,33.006945],[130.6861389,33.0076153],[130.6888828,33.0077435],[130.6918667,33.0080416],[130.69602334,33.01131468]]},"properties":{"name":"kyushu_line_563","loading_pct":7.6,"p_mw":13.0,"synthetic":false}},{"type":"Feature","geometry":{"type":"LineString","coordinates":[[130.67191829166666,33.005463858333336],[130.6701717,33.0068843],[130.669536,33.0096127],[130.6660277,33.0095227],[130.6634715,33.0099186],[130.6612051,33.0105101],[130.6587213,33.0128875],[130.6583431,33.0144574],[130.6554276,33.0145226],[130.6540328,33.0154043],[130.6517181,33.0169944],[130.6491727,33.0188858],[130.6468418,33.0200306],[130.6451037,33.0211393],[130.6421855,33.0220186],[130.6399995,33.0225067],[130.6380093,33.0233545],[130.636459,33.0239572],[130.6346753,33.0246229],[130.6314325,33.025293],[130.6287208,33.0256214],[130.6251481,33.0266086],[130.6224968,33.0265917],[130.6204224,33.0261975],[130.6164701,33.0256165],[130.6130337,33.0245065],[130.6099343,33.0254848],[130.6082297,33.0259],[130.6061127,33.0266632],[130.60379,33.0260634],[130.6029109,33.0256322],[130.6012974,33.0253799],[130.5994605,33.023403],[130.5981946,33.0205928],[130.597237,33.0192051],[130.5965204,33.017466],[130.5929602,33.0169768],[130.5898163,33.0162224],[130.5869563,33.0141878],[130.5864838,33.0115079],[130.5859578,33.0084806],[130.5835246,33.0083296],[130.5802951,33.0079607],[130.5784217,33.009689],[130.5774185,33.0103215],[130.5746405,33.0118812],[130.5716981,33.0135926],[130.5697331,33.0148674],[130.5674012,33.0176492],[130.5640788,33.0192441],[130.5615603,33.0201068],[130.5602449,33.0207684],[130.5566536,33.0230752],[130.5538203,33.0244635],[130.57748633636365,33.0099877]]},"properties":{"name":"kyushu_line_564","loading_pct":49.6,"p_mw":-85.1,"synthetic":false}},{"type":"Feature","geometry":{"type":"LineString","coordinates":[[130.67191829166666,33.005463858333336],[130.6443205,32.9841858]]},"properties":{"name":"kyushu_line_565","loading_pct":37.4,"p_mw":64.2,"synthetic":false}},{"type":"Feature","geometry":{"type":"LineString","coordinates":[[130.57748633636365,33.0099877],[130.5253351,33.0360823],[130.5239296,33.0368828],[130.5207646,33.0385287],[130.5166769,33.0401117],[130.5140483,33.0413168],[130.511173,33.042531],[130.5061197,33.0450042],[130.5023003,33.0443477],[130.4995751,33.0444106],[130.4978156,33.045283],[130.4961204,33.0458855],[130.4961204,33.0458855]]},"properties":{"name":"kyushu_line_566","loading_pct":48.4,"p_mw":-83.0,"synthetic":false}},{"type":"Feature","geometry":{"type":"LineString","coordinates":[[130.2119512,31.8270345],[130.3805239,31.6980174]]},"properties":{"name":"kyushu_line_567","loading_pct":14.6,"p_mw":100.1,"synthetic":false}},{"type":"Feature","geometry":{"type":"LineString","coordinates":[[130.2119512,31.8270345],[130.2117008,31.8320824]]},"properties":{"name":"kyushu_line_568","loading_pct":7.2,"p_mw":-49.4,"synthetic":false}},{"type":"Feature","geometry":{"type":"LineString","coordinates":[[130.3805239,31.6980174],[130.45008038,31.64315636]]},"properties":{"name":"kyushu_line_569","loading_pct":12.7,"p_mw":87.1,"synthetic":false}},{"type":"Feature","geometry":{"type":"LineString","coordinates":[[130.3805239,31.6980174],[130.38065205833334,31.679728049999998]]},"properties":{"name":"kyushu_line_570","loading_pct":0.9,"p_mw":6.5,"synthetic":false}},{"type":"Feature","geometry":{"type":"LineString","coordinates":[[130.45008038,31.64315636],[130.48138072857142,31.616833200000002]]},"properties":{"name":"kyushu_line_571","loading_pct":5.6,"p_mw":38.4,"synthetic":false}},{"type":"Feature","geometry":{"type":"LineString","coordinates":[[130.48138072857142,31.616833200000002],[130.484103125,31.5701057375]]},"properties":{"name":"kyushu_line_574","loading_pct":15.0,"p_mw":102.9,"synthetic":false}},{"type":"Feature","geometry":{"type":"LineString","coordinates":[[130.484103125,31.5701057375],[130.4771352,31.5682458],[130.477137,31.5659733],[130.4771583,31.5626166],[130.4771547,31.5588195],[130.477176,31.5545727],[130.4777962,31.5515531],[130.4751031,31.548262],[130.4735119,31.546328],[130.4715287,31.5448581],[130.4687399,31.542466],[130.466954,31.5409058],[130.4664376,31.5384697],[130.46476959999998,31.5366926]]},"properties":{"name":"kyushu_line_576","loading_pct":19.4,"p_mw":132.8,"synthetic":false}},{"type":"Feature","geometry":{"type":"LineString","coordinates":[[130.53492534000003,31.54859988],[130.53622642222223,31.548724911111112]]},"properties":{"name":"kyushu_line_583","loading_pct":87.9,"p_mw":60.3,"synthetic":false}},{"type":"Feature","geometry":{"type":"LineString","coordinates":[[130.53622642222223,31.548724911111112],[130.54099779999999,31.57296076]]},"properties":{"name":"kyushu_line_584","loading_pct":6.8,"p_mw":-4.7,"synthetic":false}},{"type":"Feature","geometry":{"type":"LineString","coordinates":[[130.53622642222223,31.548724911111112],[130.5364516,31.5495438],[130.5376329,31.551746],[130.5385146,31.5512441],[130.538768,31.5510953],[130.5389324,31.550945],[130.5390882,31.5507057],[130.5391858,31.5504635],[130.5392217,31.55016],[130.5392671,31.5501564],[130.5394957,31.5501381],[130.5398364,31.5500316],[130.5401086,31.5504314],[130.5409887,31.5499908],[130.5430792,31.549089],[130.5434354,31.5500199],[130.5443012,31.5516577],[130.5456559,31.5517784],[130.5471841,31.5519191],[130.5493317,31.5520484],[130.551346,31.5521947],[130.5525096,31.5522611],[130.5531841,31.5523084],[130.5532336,31.5524916],[130.5545188,31.5525735],[130.5551407,31.5526121],[130.5552286,31.5526923],[130.5556344,31.5535801],[130.5551316,31.5540105],[130.555165,31.5542547],[130.5550712,31.5550525],[130.5550286,31.5556],[130.5554173,31.5556192],[130.5553672,31.556038],[130.5550644,31.5583362],[130.5548504,31.560172],[130.5548325,31.5605654],[130.5547775,31.5606788],[130.554133,31.5613167],[130.5542108,31.561575],[130.5543095,31.5618526],[130.5547284,31.5623291],[130.5549721,31.5630276],[130.5551721,31.5636129],[130.555312,31.5639434],[130.5553911,31.5640481],[130.5557621,31.5644003],[130.5561704,31.5648451],[130.5563393,31.5649117],[130.5566592,31.5651717],[130.5568829,31.5653839],[130.5570669,31.5656176],[130.55726826,31.565757]]},"properties":{"name":"kyushu_line_585","loading_pct":71.0,"p_mw":48.7,"synthetic":false}},{"type":"Feature","geometry":{"type":"LineString","coordinates":[[130.36519716666666,32.06686736666667],[130.3664248,32.0631544],[130.3686665,32.0657332],[130.3681404,32.0666703],[130.3684995047619,32.06758514285715]]},"properties":{"name":"kyushu_line_586","loading_pct":7.6,"p_mw":52.2,"synthetic":false}},{"type":"Feature","geometry":{"type":"LineString","coordinates":[[130.3635,31.8353027],[130.33483090588234,31.806879105882352]]},"properties":{"name":"kyushu_line_588","loading_pct":8.6,"p_mw":58.8,"synthetic":false}},{"type":"Feature","geometry":{"type":"LineString","coordinates":[[130.62975332000002,33.00117064],[130.6443205,32.9841858]]},"properties":{"name":"kyushu_line_590","loading_pct":10.1,"p_mw":17.4,"synthetic":false}},{"type":"Feature","geometry":{"type":"LineString","coordinates":[[130.7032256,32.9589595],[130.64262199166666,32.89370456666666]]},"properties":{"name":"kyushu_line_591","loading_pct":1.4,"p_mw":9.4,"synthetic":false}},{"type":"Feature","geometry":{"type":"LineString","coordinates":[[130.5778775,32.9122542],[130.5755101,32.9131621],[130.5732202,32.9140463],[130.5718253,32.9146021],[130.5698038,32.9159418],[130.5696126,32.9168096],[130.5681711,32.9171259],[130.566519,32.9182428],[130.5651284,32.9190871],[130.5638039,32.9198894],[130.558314,32.9210667],[130.5561793,32.9213458],[130.5532876,32.9219677],[130.55057002222222,32.92267754444444]]},"properties":{"name":"kyushu_line_593","loading_pct":56.2,"p_mw":-38.6,"synthetic":false}},{"type":"Feature","geometry":{"type":"LineString","coordinates":[[130.5778775,32.9122542],[130.58035902857142,32.9339341]]},"properties":{"name":"kyushu_line_594","loading_pct":79.0,"p_mw":-54.2,"synthetic":false}},{"type":"Feature","geometry":{"type":"LineString","coordinates":[[130.64262199166666,32.89370456666666],[130.6489259,32.8831565],[130.6489904,32.8797963],[130.6490643,32.8767876],[130.6494828,32.8736754],[130.6499004,32.8705851],[130.6534021,32.8700733],[130.6571289,32.8695773],[130.6592417,32.86926],[130.6600104,32.8691446],[130.663776,32.868792],[130.6668928,32.8692033],[130.6673224,32.8692857],[130.6679359,32.8694034],[130.668569,32.8695249],[130.6687071,32.8695514],[130.6692064,32.8696472],[130.6708747,32.8699673],[130.68271585,32.8645667875]]},"properties":{"name":"kyushu_line_595","loading_pct":9.6,"p_mw":66.1,"synthetic":false}},{"type":"Feature","geometry":{"type":"LineString","coordinates":[[130.69436961666668,32.8315239],[130.6921384,32.8326426],[130.6922394,32.8326539],[130.6941589,32.8328305],[130.6956288,32.8329538],[130.6970986,32.833077],[130.6994907,32.8331687],[130.7006555,32.8335801],[130.702818,32.8334972],[130.7032037,32.8334823],[130.7036519,32.8334651],[130.7047353,32.8333984],[130.7064048,32.8332991],[130.7073499,32.8329434],[130.7089055,32.8323634],[130.7095188,32.831107],[130.7098647,32.8303896],[130.70996605833332,32.829007325]]},"properties":{"name":"kyushu_line_597","loading_pct":23.7,"p_mw":16.2,"synthetic":false}},{"type":"Feature","geometry":{"type":"LineString","coordinates":[[130.69436961666668,32.8315239],[130.6886041,32.8323145],[130.6865935,32.8321082],[130.6837305,32.8302785],[130.682754,32.8274134],[130.6826493,32.8271042],[130.6823851,32.8263447],[130.682031,32.8253095],[130.6821579,32.822497],[130.6820059,32.8211685],[130.6817637,32.8191778],[130.6790902,32.8155611],[130.6789923,32.8154287],[130.676805,32.8137867],[130.6756846,32.8129456],[130.675316,32.812442],[130.6752535,32.8123565],[130.6743657,32.8111436],[130.6737969,32.8079884],[130.6731395,32.8053894],[130.6728022,32.8040739],[130.6724067,32.8020999],[130.6729295,32.7994749],[130.6734307,32.7969709],[130.6735265,32.7965481],[130.6739066,32.7948718],[130.6739717,32.7945849],[130.674263,32.7929082],[130.6743528,32.7924006],[130.6748882,32.7901399],[130.6751775,32.7884775],[130.6751776,32.7883721],[130.6753329,32.7875003],[130.6760005,32.7851865],[130.6737969,32.8079884]]},"properties":{"name":"kyushu_line_598","loading_pct":40.0,"p_mw":27.4,"synthetic":false}},{"type":"Feature","geometry":{"type":"LineString","coordinates":[[130.54645721111112,33.26002088888889],[130.5462795,33.2593927],[130.5454299,33.2568388],[130.5463717,33.2549381],[130.5451172,33.252695],[130.5431179,33.2522153],[130.5418028,33.2515383],[130.5411972,33.2507313],[130.5383933,33.2506342],[130.5362102,33.2506447],[130.5352132,33.2493065],[130.5334921,33.2485591],[130.5327936,33.246715],[130.5319741,33.2444843],[130.531295,33.2432818],[130.5304726,33.2419869],[130.5289127,33.2395814],[130.5280803,33.2382945],[130.5272309,33.2370039],[130.5264104,33.2357522],[130.5247974,33.2334841],[130.5212738,33.2317909],[130.5212222,33.2299565],[130.5189467,33.2274345],[130.5175245,33.225869],[130.5164372,33.2246773],[130.5153358,33.2234707],[130.5141463,33.2221642],[130.5132185,33.221127],[130.5122045,33.2200092],[130.5115942,33.2188897],[130.5109588,33.2177624],[130.509544325,33.21536635]]},"properties":{"name":"kyushu_line_599","loading_pct":80.0,"p_mw":-93.1,"synthetic":false}},{"type":"Feature","geometry":{"type":"LineString","coordinates":[[130.509544325,33.21536635],[130.49684175714285,33.20266442857143]]},"properties":{"name":"kyushu_line_600","loading_pct":80.0,"p_mw":-80.9,"synthetic":false}},{"type":"Feature","geometry":{"type":"LineString","coordinates":[[129.9788726857143,33.19488821428571],[129.917798,33.1745369]]},"properties":{"name":"kyushu_line_601","loading_pct":30.8,"p_mw":-21.1,"synthetic":false}},{"type":"Feature","geometry":{"type":"LineString","coordinates":[[129.9788726857143,33.19488821428571],[129.9004904,33.2610288]]},"properties":{"name":"kyushu_line_602","loading_pct":26.6,"p_mw":18.2,"synthetic":false}},{"type":"Feature","geometry":{"type":"LineString","coordinates":[[129.917798,33.1745369],[129.8788835,33.1727817]]},"properties":{"name":"kyushu_line_603","loading_pct":54.4,"p_mw":-37.3,"synthetic":false}},{"type":"Feature","geometry":{"type":"LineString","coordinates":[[129.75135861666666,33.15242638333333],[129.7380824,33.1825321]]},"properties":{"name":"kyushu_line_604","loading_pct":36.6,"p_mw":-69.6,"synthetic":false}},{"type":"Feature","geometry":{"type":"LineString","coordinates":[[129.8930759,32.7721565],[129.87227672,32.768985980000004]]},"properties":{"name":"kyushu_line_608","loading_pct":29.9,"p_mw":20.5,"synthetic":false}},{"type":"Feature","geometry":{"type":"LineString","coordinates":[[129.8930759,32.7721565],[129.8891526,32.783414]]},"properties":{"name":"kyushu_line_609","loading_pct":50.8,"p_mw":-34.9,"synthetic":false}},{"type":"Feature","geometry":{"type":"LineString","coordinates":[[129.87227672,32.768985980000004],[129.8860682,32.7729571],[129.8831054,32.7740398],[129.8796415,32.7715521],[129.8762933,32.7662398],[129.86966007142857,32.760817257142854]]},"properties":{"name":"kyushu_line_610","loading_pct":56.3,"p_mw":38.6,"synthetic":false}},{"type":"Feature","geometry":{"type":"LineString","coordinates":[[129.87227672,32.768985980000004],[129.8837982,32.7846898]]},"properties":{"name":"kyushu_line_611","loading_pct":50.1,"p_mw":-34.4,"synthetic":false}},{"type":"Feature","geometry":{"type":"LineString","coordinates":[[129.85896107142858,32.747847914285714],[129.8533015,32.7646961]]},"properties":{"name":"kyushu_line_612","loading_pct":9.0,"p_mw":-6.2,"synthetic":false}},{"type":"Feature","geometry":{"type":"LineString","coordinates":[[130.7094632,32.6217604],[130.7125181,32.5963649]]},"properties":{"name":"kyushu_line_613","loading_pct":27.8,"p_mw":19.1,"synthetic":false}},{"type":"Feature","geometry":{"type":"LineString","coordinates":[[130.7094632,32.6217604],[130.6955595,32.619934]]},"properties":{"name":"kyushu_line_614","loading_pct":44.6,"p_mw":-30.6,"synthetic":false}},{"type":"Feature","geometry":{"type":"LineString","coordinates":[[130.7125181,32.5963649],[130.630020325,32.513918437499996]]},"properties":{"name":"kyushu_line_615","loading_pct":4.1,"p_mw":2.8,"synthetic":false}},{"type":"Feature","geometry":{"type":"LineString","coordinates":[[129.8976473,33.4765299],[129.8796147,33.4879661]]},"properties":{"name":"kyushu_line_616","loading_pct":5.8,"p_mw":4.0,"synthetic":false}},{"type":"Feature","geometry":{"type":"LineString","coordinates":[[129.8796147,33.4879661],[129.89159074285715,33.523857142857146]]},"properties":{"name":"kyushu_line_617","loading_pct":23.7,"p_mw":16.2,"synthetic":false}},{"type":"Feature","geometry":{"type":"LineString","coordinates":[[129.69651358333334,33.26810485],[129.6774647,33.2975027],[129.6735352,33.2969378],[129.6695575,33.2963504],[129.6656924,33.2970095],[129.6629888,33.2975207],[129.6593946,33.2981663],[129.6568787,33.2986595],[129.6549824,33.2995473],[129.6528768,33.3004575],[129.6495348,33.3020133],[129.6469116,33.3032014],[129.6451038,33.3040308],[129.6424538,33.3065998],[129.6412522,33.3079672],[129.6405816,33.3107109],[129.6393981,33.3118666],[129.6370528,33.3130273],[129.6354643,33.3137814],[129.6316427,33.3156579],[129.6293914,33.3164804],[129.6269427,33.3192341],[129.6252667,33.3209516],[129.6230378,33.3231703],[129.6214264,33.3248238],[129.6203973,33.3258729],[129.6186654,33.3276394],[129.6172775,33.3290251],[129.6159455,33.330369],[129.6142341,33.3312878],[129.6120876,33.3324572],[129.6102792,33.3334178],[129.6082533,33.3343341],[129.6060538,33.3355182],[129.6046777,33.3361987],[129.6023283,33.3374491],[129.60022,33.3385472],[129.5985763,33.3394168],[129.5969384,33.3402938],[129.5946419,33.3414533],[129.5930482,33.3427896],[129.5913692,33.3442487],[129.5898108,33.3455997],[129.5869145,33.3474714],[129.5850149,33.3487217],[129.58368,33.349518],[129.5813262,33.3510716],[129.5806342,33.3539797],[129.5802104,33.3561461],[129.5783007,33.357394],[129.5778635,33.3576404],[129.5776784,33.3573694],[129.5767879,33.3574097],[129.5692939,33.3576875],[129.5661181,33.3576404],[129.7085541,33.3211244]]},"properties":{"name":"kyushu_line_619","loading_pct":80.0,"p_mw":-596.3,"synthetic":false}},{"type":"Feature","geometry":{"type":"LineString","coordinates":[[129.6635027,33.058273992857146],[129.6706089,33.0446759]]},"properties":{"name":"kyushu_line_620","loading_pct":41.7,"p_mw":28.6,"synthetic":false}},{"type":"Feature","geometry":{"type":"LineString","coordinates":[[129.6706089,33.0446759],[129.64036451111113,32.937501833333336]]},"properties":{"name":"kyushu_line_621","loading_pct":18.0,"p_mw":12.3,"synthetic":false}},{"type":"Feature","geometry":{"type":"LineString","coordinates":[[129.64036451111113,32.937501833333336],[129.6393481,32.92659068]]},"properties":{"name":"kyushu_line_622","loading_pct":23.7,"p_mw":16.2,"synthetic":false}},{"type":"Feature","geometry":{"type":"LineString","coordinates":[[130.55057002222222,32.92267754444444],[130.53187814285715,32.924449228571426]]},"properties":{"name":"kyushu_line_623","loading_pct":79.9,"p_mw":-54.8,"synthetic":false}},{"type":"Feature","geometry":{"type":"LineString","coordinates":[[130.84730026666668,33.86132236666666],[130.8479415,33.8610514],[130.8480944,33.8618029],[130.8486315,33.8628284],[130.8491061,33.8637774],[130.8490749,33.8642245],[130.8489718,33.866166],[130.8489625,33.8679317],[130.8481318,33.8690725],[130.84739586,33.86995088]]},"properties":{"name":"kyushu_line_624","loading_pct":29.8,"p_mw":68.2,"synthetic":false}},{"type":"Feature","geometry":{"type":"LineString","coordinates":[[130.8699294,33.8473987],[130.86804956,33.86672766]]},"properties":{"name":"kyushu_line_625","loading_pct":23.7,"p_mw":16.2,"synthetic":false}},{"type":"Feature","geometry":{"type":"LineString","coordinates":[[130.656898575,33.728991975],[130.6624603,33.7295151],[130.6625676,33.7319777],[130.6600785,33.7353504],[130.6590271,33.736082],[130.6574821,33.7369921],[130.6527507,33.7348686],[130.6512487,33.7357162],[130.6499505,33.7383125],[130.6461418,33.7394545],[130.6441998,33.7388568],[130.6418931,33.7406411],[130.6426227,33.7433087],[130.640316,33.7451821],[130.6391787,33.7454408],[130.63807213333334,33.74770138333333]]},"properties":{"name":"kyushu_line_626","loading_pct":47.6,"p_mw":98.0,"synthetic":false}},{"type":"Feature","geometry":{"type":"LineString","coordinates":[[130.63807213333334,33.74770138333333],[130.6373978,33.7487684],[130.6357187,33.7510052],[130.63544906666667,33.75357073333333]]},"properties":{"name":"kyushu_line_627","loading_pct":23.7,"p_mw":16.2,"synthetic":false}},{"type":"Feature","geometry":{"type":"LineString","coordinates":[[130.8125033,33.8434294],[130.8115524,33.8586494],[130.8116211,33.8579773],[130.8112468,33.8564862],[130.8108264,33.8548361],[130.8104405,33.8532669],[130.8101982,33.8520709],[130.8100583,33.8495363],[130.8100359,33.8480864],[130.8099794,33.8466981],[130.8103166,33.8450811],[130.80486515454547,33.860234954545454]]},"properties":{"name":"kyushu_line_630","loading_pct":75.8,"p_mw":-519.8,"synthetic":false}},{"type":"Feature","geometry":{"type":"LineString","coordinates":[[130.5347826,33.476632625],[130.5354592,33.4810357],[130.5337546,33.48296],[130.5326388,33.4842246],[130.5326184,33.4842477],[130.5325988,33.4842824],[130.53223508333335,33.48501705]]},"properties":{"name":"kyushu_line_634","loading_pct":47.3,"p_mw":32.5,"synthetic":false}},{"type":"Feature","geometry":{"type":"LineString","coordinates":[[132.0913902611111,33.96506563333334],[132.0910853,33.9633193],[132.0900688,33.9600735],[132.0854124,33.9602025],[132.0819363,33.9601936],[132.0798549,33.9597087],[132.077339,33.9591302],[132.0748714,33.9585652],[132.0726237,33.958158],[132.0706683,33.9578021],[132.05517644,33.962027899999995]]},"properties":{"name":"kyushu_line_635","loading_pct":8.0,"p_mw":-55.2,"synthetic":false}},{"type":"Feature","geometry":{"type":"LineString","coordinates":[[132.05517644,33.962027899999995],[131.8890107,34.157137]]},"properties":{"name":"kyushu_line_638","loading_pct":7.0,"p_mw":-48.0,"synthetic":false}},{"type":"Feature","geometry":{"type":"LineString","coordinates":[[131.8890107,34.157137],[131.84944866842105,34.12279460526316]]},"properties":{"name":"kyushu_line_640","loading_pct":23.9,"p_mw":-163.9,"synthetic":false}},{"type":"Feature","geometry":{"type":"LineString","coordinates":[[131.84944866842105,34.12279460526316],[131.61024177142858,34.13403066428571]]},"properties":{"name":"kyushu_line_641","loading_pct":3.0,"p_mw":20.9,"synthetic":false}},{"type":"Feature","geometry":{"type":"LineString","coordinates":[[131.84944866842105,34.12279460526316],[131.8597303,34.0836519]]},"properties":{"name":"kyushu_line_643","loading_pct":20.8,"p_mw":-142.3,"synthetic":false}},{"type":"Feature","geometry":{"type":"LineString","coordinates":[[131.84944866842105,34.12279460526316],[131.848342,34.1231191],[131.8482285,34.1230279],[131.8481456,34.1229614],[131.8465465,34.1221478],[131.842427,34.1208878],[131.8380335,34.1195237],[131.8337651,34.1189771],[131.8302115,34.1185293],[131.8264144,34.1180271],[131.8192364,34.1159085],[131.8171983,34.1153699],[131.8137222,34.1146047],[131.809437,34.1136109],[131.806405,34.1129192],[131.8002473,34.1116491],[131.7985885,34.1112675],[131.7955637,34.1097788],[131.7924933,34.1082125],[131.7884522,34.1058295],[131.7838345,34.1059084],[131.7802139,34.1059536],[131.7741081,34.1060371],[131.771365,34.1045876],[131.7683628,34.1039947],[131.764538,34.103239],[131.7584195,34.1022149],[131.7548961,34.1015899],[131.7491143,34.1005388],[131.74813,34.0999649],[131.7425593,34.0967782],[131.7409179,34.0958775],[131.7350232,34.0924793],[131.7330301,34.0913897],[131.7304768,34.089971],[131.726712,34.0878673],[131.7230971,34.0860602],[131.72110972580646,34.085640322580645]]},"properties":{"name":"kyushu_line_644","loading_pct":14.1,"p_mw":-96.6,"synthetic":false}},{"type":"Feature","geometry":{"type":"LineString","coordinates":[[131.52142218333336,34.14263199444444],[131.4925991,34.1318813],[131.4925614,34.1297322],[131.4921193,34.1281546],[131.4908283,34.1244698],[131.4894849,34.1219239],[131.4882255,34.1196336],[131.4886656,34.1170253],[131.4898207,34.1152336],[131.492571,34.1338204]]},"properties":{"name":"kyushu_line_649","loading_pct":47.2,"p_mw":80.9,"synthetic":false}},{"type":"Feature","geometry":{"type":"LineString","coordinates":[[131.4978373,34.1310127],[131.49574501818182,34.1083787]]},"properties":{"name":"kyushu_line_651","loading_pct":6.4,"p_mw":-43.8,"synthetic":false}},{"type":"Feature","geometry":{"type":"LineString","coordinates":[[131.824636615,34.05900638],[131.79339171428572,34.064285885714284]]},"properties":{"name":"kyushu_line_653","loading_pct":80.0,"p_mw":-189.9,"synthetic":false}},{"type":"Feature","geometry":{"type":"LineString","coordinates":[[131.824636615,34.05900638],[131.8256365,34.0610529],[131.8261195,34.0640851],[131.8254234,34.0653696],[131.8239061,34.0674857],[131.8232618,34.0685477],[131.8207028,34.0705706],[131.8181248,34.0711301],[131.8156408,34.0716004],[131.8133061,34.071908],[131.8101438,34.072305],[131.8068257,34.0727198],[131.8023536,34.0736895],[131.7990196,34.0743727],[131.795809,34.0750614],[131.7942836,34.0762988],[131.791209,34.0771276],[131.7876738,34.0776696],[131.7857748,34.0779873],[131.7820573,34.0773453],[131.7803782,34.0765188],[131.78803987999999,34.070069260000004]]},"properties":{"name":"kyushu_line_654","loading_pct":98.4,"p_mw":-168.7,"synthetic":false}},{"type":"Feature","geometry":{"type":"LineString","coordinates":[[131.824636615,34.05900638],[131.8270279,34.0590807],[131.8296305,34.0574292],[131.8321133,34.0563233],[131.8341581,34.055516],[131.8366827,34.0544447],[131.8411245,34.052697],[131.8451698,34.0511131],[131.8494715,34.0494092],[131.8521325,34.0462391],[131.8537045,34.0444073],[131.8544097,34.0428855],[131.8554125,34.0406943],[131.8553375,34.0384979],[131.84786753636365,34.030668872727276]]},"properties":{"name":"kyushu_line_655","loading_pct":36.4,"p_mw":62.4,"synthetic":false}},{"type":"Feature","geometry":{"type":"LineString","coordinates":[[131.492571,34.1338204],[131.4366451,34.1354804]]},"properties":{"name":"kyushu_line_658","loading_pct":42.4,"p_mw":72.7,"synthetic":false}},{"type":"Feature","geometry":{"type":"LineString","coordinates":[[130.3810683,33.2824558],[130.42689091666668,33.325207416666665]]},"properties":{"name":"kyushu_line_659","loading_pct":7.9,"p_mw":5.4,"synthetic":false}},{"type":"Feature","geometry":{"type":"LineString","coordinates":[[130.3810683,33.2824558],[130.37108994285714,33.3091182]]},"properties":{"name":"kyushu_line_660","loading_pct":23.7,"p_mw":16.2,"synthetic":false}},{"type":"Feature","geometry":{"type":"LineString","coordinates":[[130.21220853333332,33.247687588888894],[130.1982565,33.2569498]]},"properties":{"name":"kyushu_line_661","loading_pct":10.1,"p_mw":-17.3,"synthetic":false}},{"type":"Feature","geometry":{"type":"LineString","coordinates":[[130.21220853333332,33.247687588888894],[130.28405586666665,33.28444715]]},"properties":{"name":"kyushu_line_662","loading_pct":2.5,"p_mw":4.3,"synthetic":false}},{"type":"Feature","geometry":{"type":"LineString","coordinates":[[130.28405586666665,33.28444715],[130.32268312000002,33.2790975]]},"properties":{"name":"kyushu_line_664","loading_pct":4.0,"p_mw":6.8,"synthetic":false}},{"type":"Feature","geometry":{"type":"LineString","coordinates":[[130.32268312000002,33.2790975],[130.3523842,33.2737532]]},"properties":{"name":"kyushu_line_665","loading_pct":3.6,"p_mw":-6.1,"synthetic":false}},{"type":"Feature","geometry":{"type":"LineString","coordinates":[[130.7747628,33.2891548],[130.8279574,33.2984501]]},"properties":{"name":"kyushu_line_666","loading_pct":18.1,"p_mw":124.5,"synthetic":false}},{"type":"Feature","geometry":{"type":"LineString","coordinates":[[130.4869541,33.09697844],[130.4585373,33.1245463]]},"properties":{"name":"kyushu_line_669","loading_pct":32.0,"p_mw":219.5,"synthetic":false}},{"type":"Feature","geometry":{"type":"LineString","coordinates":[[130.43135828333334,33.1279231],[130.430274,33.1301383],[130.4293279,33.1320454],[130.428649,33.1337409],[130.4278462,33.1357425],[130.4272114,33.1373498],[130.4264519,33.1392396],[130.4245779,33.1406847],[130.4226443,33.1421758],[130.4211444,33.1433239],[130.4195886,33.1445374],[130.4179707,33.1461024],[130.4168679,33.1471254],[130.4170915,33.1490635],[130.4172866,33.1508567],[130.4179367,33.1529907],[130.4190144,33.154391],[130.4206262,33.1559756],[130.4217643,33.1571052],[130.4236512,33.1589703],[130.4223225,33.1620635],[130.4234949,33.1636588],[130.4234494,33.1651833],[130.4234226,33.167309],[130.42277,33.1702858],[130.4215317,33.16238238]]},"properties":{"name":"kyushu_line_671","loading_pct":13.8,"p_mw":9.4,"synthetic":false}},{"type":"Feature","geometry":{"type":"LineString","coordinates":[[130.82661066,32.920404559999994],[130.8539674,33.0026712]]},"properties":{"name":"kyushu_line_673","loading_pct":34.3,"p_mw":23.5,"synthetic":false}},{"type":"Feature","geometry":{"type":"LineString","coordinates":[[130.5477623625,33.7946468],[130.543914425,33.80133535]]},"properties":{"name":"kyushu_line_674","loading_pct":71.0,"p_mw":48.7,"synthetic":false}},{"type":"Feature","geometry":{"type":"LineString","coordinates":[[130.5477623625,33.7946468],[130.5452115,33.7872124],[130.5444928,33.785362],[130.5445127,33.7828284],[130.5445564,33.7812505],[130.5445636,33.779406],[130.5443634,33.7775422],[130.5444904,33.7761169],[130.544566,33.7747252],[130.5446901,33.7732696],[130.5447328,33.772316],[130.5433253,33.7705485],[130.5422458,33.7691675],[130.5413474,33.7680746],[130.5405848,33.7670906],[130.5392239,33.7655111],[130.5376276,33.7643804],[130.5355928,33.7629771],[130.53351,33.7615964],[130.5326665,33.7607312],[130.5315252,33.7596824],[130.5306925,33.7588845],[130.5295247,33.7582819],[130.5277052,33.7575432],[130.5266326,33.7571898],[130.5247013,33.7564426],[130.5222934,33.7555188],[130.5211038,33.7551142],[130.5190021,33.7543315],[130.5171367,33.7536061],[130.5157721,33.7531019],[130.5148179,33.7527478],[130.5125733,33.751909],[130.5108905,33.7511106],[130.5082375,33.7503075],[130.5063424,33.7497427],[130.5048094,33.7490122],[130.5033898,33.7485057],[130.5020428,33.7480014],[130.498736,33.7478809],[130.4964976,33.7472662],[130.4939374,33.7465463],[130.4926735,33.7449141],[130.4920235,33.7431811],[130.4894189,33.7433524],[130.4879229,33.7436605],[130.4856566,33.7438911],[130.4964976,33.7472662]]},"properties":{"name":"kyushu_line_675","loading_pct":94.7,"p_mw":-64.9,"synthetic":false}},{"type":"Feature","geometry":{"type":"LineString","coordinates":[[130.543914425,33.80133535],[130.56559529999998,33.80768498]]},"properties":{"name":"kyushu_line_676","loading_pct":47.3,"p_mw":32.5,"synthetic":false}},{"type":"Feature","geometry":{"type":"LineString","coordinates":[[130.56559529999998,33.80768498],[130.5623587,33.8084703],[130.5631134,33.8085018],[130.5659361,33.8083582],[130.56607164444443,33.808138544444446]]},"properties":{"name":"kyushu_line_677","loading_pct":23.7,"p_mw":16.2,"synthetic":false}},{"type":"Feature","geometry":{"type":"LineString","coordinates":[[130.13674354615384,33.28499227692308],[130.16220178333333,33.28935991666666]]},"properties":{"name":"kyushu_line_678","loading_pct":30.9,"p_mw":-21.2,"synthetic":false}},{"type":"Feature","geometry":{"type":"LineString","coordinates":[[130.13674354615384,33.28499227692308],[130.1119295,33.3465475],[130.1121845,33.3482005],[130.1116422,33.3492937],[130.0414463,33.3146054]]},"properties":{"name":"kyushu_line_680","loading_pct":8.4,"p_mw":-5.8,"synthetic":false}},{"type":"Feature","geometry":{"type":"LineString","coordinates":[[130.13674354615384,33.28499227692308],[130.06054532000002,33.23732264]]},"properties":{"name":"kyushu_line_681","loading_pct":20.5,"p_mw":14.1,"synthetic":false}},{"type":"Feature","geometry":{"type":"LineString","coordinates":[[130.1982565,33.2569498],[130.11126732857142,33.21609535714286]]},"properties":{"name":"kyushu_line_682","loading_pct":19.6,"p_mw":-33.7,"synthetic":false}},{"type":"Feature","geometry":{"type":"LineString","coordinates":[[130.46554266666666,32.95710663333333],[130.5045748,32.9916574]]},"properties":{"name":"kyushu_line_684","loading_pct":45.1,"p_mw":77.4,"synthetic":false}},{"type":"Feature","geometry":{"type":"LineString","coordinates":[[130.4215317,33.16238238],[130.4109155857143,33.17022260714286]]},"properties":{"name":"kyushu_line_685","loading_pct":9.0,"p_mw":6.2,"synthetic":false}},{"type":"Feature","geometry":{"type":"LineString","coordinates":[[129.8533015,32.7646961],[129.86966007142857,32.760817257142854]]},"properties":{"name":"kyushu_line_686","loading_pct":32.7,"p_mw":-22.4,"synthetic":false}},{"type":"Feature","geometry":{"type":"LineString","coordinates":[[130.11126732857142,33.21609535714286],[130.09545788333332,33.21388448333334]]},"properties":{"name":"kyushu_line_687","loading_pct":36.7,"p_mw":-62.9,"synthetic":false}},{"type":"Feature","geometry":{"type":"LineString","coordinates":[[129.8837982,32.7846898],[129.8891526,32.783414]]},"properties":{"name":"kyushu_line_690","loading_pct":4.9,"p_mw":-3.3,"synthetic":false}},{"type":"Feature","geometry":{"type":"LineString","coordinates":[[129.8916997,32.7036835],[129.87450007142857,32.74044274285715]]},"properties":{"name":"kyushu_line_691","loading_pct":23.7,"p_mw":16.2,"synthetic":false}},{"type":"Feature","geometry":{"type":"LineString","coordinates":[[129.8916997,32.7036835],[129.84197538571428,32.68474818571429]]},"properties":{"name":"kyushu_line_692","loading_pct":47.3,"p_mw":32.5,"synthetic":false}},{"type":"Feature","geometry":{"type":"LineString","coordinates":[[131.1608203,33.5958228],[131.1618288,33.5969979],[131.1630417,33.5984823],[131.1646886,33.6001847],[131.1666734,33.60224],[131.1678697,33.603491],[131.1692698,33.6055462],[131.1704334,33.6072744],[131.1719037,33.6094198],[131.1726546,33.6105214],[131.173893,33.6122768],[131.1746679,33.6140686],[131.1712233,33.5906089]]},"properties":{"name":"kyushu_line_693","loading_pct":80.0,"p_mw":100.2,"synthetic":false}},{"type":"Feature","geometry":{"type":"LineString","coordinates":[[131.1876618,33.58748715555556],[131.1712233,33.5906089]]},"properties":{"name":"kyushu_line_694","loading_pct":80.0,"p_mw":-119.7,"synthetic":false}},{"type":"Feature","geometry":{"type":"LineString","coordinates":[[131.1876618,33.58748715555556],[131.21961582,33.59333318]]},"properties":{"name":"kyushu_line_695","loading_pct":80.0,"p_mw":77.9,"synthetic":false}},{"type":"Feature","geometry":{"type":"LineString","coordinates":[[131.1876618,33.58748715555556],[131.1903618,33.5872517],[131.1936192,33.5871058],[131.1969531,33.5870193],[131.2004363,33.5871495],[131.2028336,33.5875268],[131.2064016,33.5877572],[131.2087405,33.5878824],[131.2114441,33.5882399],[131.212753,33.588365],[131.2159932,33.588651],[131.2185359,33.5888744],[131.2211859,33.5891515],[131.2239969,33.5894464],[131.2257242,33.587793],[131.2274112,33.5861736],[131.2270819125,33.5856603375]]},"properties":{"name":"kyushu_line_696","loading_pct":37.4,"p_mw":25.6,"synthetic":false}},{"type":"Feature","geometry":{"type":"LineString","coordinates":[[131.39163525714284,33.541834699999995],[131.3876883,33.542384],[131.3838617,33.5399678],[131.3817836,33.5382566],[131.3794233,33.5370046],[131.3767625,33.5358331],[131.3729323,33.5346928],[131.3709711,33.5341511],[131.3676698,33.5331904],[131.3656496,33.5615573]]},"properties":{"name":"kyushu_line_697","loading_pct":5.0,"p_mw":3.4,"synthetic":false}},{"type":"Feature","geometry":{"type":"LineString","coordinates":[[131.39163525714284,33.541834699999995],[131.3876883,33.542384],[131.3838617,33.5399678],[131.3817836,33.5382566],[131.3794233,33.5370046],[131.3767625,33.5358331],[131.3729323,33.5346928],[131.3709711,33.5341511],[131.3676698,33.5331904],[131.35039816,33.53511662]]},"properties":{"name":"kyushu_line_698","loading_pct":13.5,"p_mw":-9.2,"synthetic":false}},{"type":"Feature","geometry":{"type":"LineString","coordinates":[[131.3656496,33.5615573],[131.3502376,33.5599794]]},"properties":{"name":"kyushu_line_699","loading_pct":18.7,"p_mw":-12.8,"synthetic":false}},{"type":"Feature","geometry":{"type":"LineString","coordinates":[[131.3502376,33.5599794],[131.2611615,33.5712659]]},"properties":{"name":"kyushu_line_700","loading_pct":39.9,"p_mw":-27.4,"synthetic":false}},{"type":"Feature","geometry":{"type":"LineString","coordinates":[[131.3502376,33.5599794],[131.35039816,33.53511662]]},"properties":{"name":"kyushu_line_701","loading_pct":2.4,"p_mw":-1.7,"synthetic":false}},{"type":"Feature","geometry":{"type":"LineString","coordinates":[[131.2611615,33.5712659],[131.2562155,33.5723431]]},"properties":{"name":"kyushu_line_702","loading_pct":63.6,"p_mw":-43.6,"synthetic":false}},{"type":"Feature","geometry":{"type":"LineString","coordinates":[[131.2562155,33.5723431],[131.2614449,33.58561234]]},"properties":{"name":"kyushu_line_703","loading_pct":23.7,"p_mw":16.2,"synthetic":false}},{"type":"Feature","geometry":{"type":"LineString","coordinates":[[131.2562155,33.5723431],[131.2270819125,33.5856603375]]},"properties":{"name":"kyushu_line_704","loading_pct":80.0,"p_mw":-76.1,"synthetic":false}},{"type":"Feature","geometry":{"type":"LineString","coordinates":[[130.97075776666668,33.792553177777776],[130.9682369,33.79384],[130.9644624,33.794816],[130.9620382,33.796569],[130.9602466,33.797869],[130.9583245,33.7993102],[130.95977466,33.80275748]]},"properties":{"name":"kyushu_line_705","loading_pct":80.0,"p_mw":227.4,"synthetic":false}},{"type":"Feature","geometry":{"type":"LineString","coordinates":[[130.95977466,33.80275748],[130.9555594,33.801259],[130.9525556,33.8026856],[130.9519223,33.8033417],[130.9498398,33.8029885],[130.9477333,33.803521],[130.9466665,33.8038018],[130.94617,33.8061556],[130.9453283,33.8080737],[130.945899,33.809615],[130.945048,33.810497],[130.9435581,33.8113925],[130.942087,33.8122304],[130.9406809,33.8130904],[130.9389597,33.8140864],[130.9370308,33.8152263],[130.9361204,33.8157472],[130.934696,33.8164681],[130.9332398,33.8164477],[130.930366,33.8163688],[130.9281568,33.8163403],[130.9265798,33.816311],[130.9250699,33.8158287]]},"properties":{"name":"kyushu_line_706","loading_pct":80.0,"p_mw":100.4,"synthetic":false}},{"type":"Feature","geometry":{"type":"LineString","coordinates":[[130.95977466,33.80275748],[130.9555594,33.801259],[130.9525556,33.8026856],[130.9519223,33.8033417],[130.9498398,33.8029885],[130.9477333,33.803521],[130.9466665,33.8038018],[130.94617,33.8061556],[130.9453283,33.8080737],[130.945899,33.809615],[130.945048,33.810497],[130.9435581,33.8113925],[130.942087,33.8122304],[130.9406809,33.8130904],[130.9389597,33.8140864],[130.9370308,33.8152263],[130.9361204,33.8157472],[130.934696,33.8164681],[130.9332398,33.8164477],[130.930366,33.8163688],[130.9281568,33.8163403],[130.9265798,33.816311],[130.9249904,33.8170967]]},"properties":{"name":"kyushu_line_707","loading_pct":80.0,"p_mw":110.7,"synthetic":false}},{"type":"Feature","geometry":{"type":"LineString","coordinates":[[130.9250699,33.8158287],[130.9249904,33.8170967]]},"properties":{"name":"kyushu_line_708","loading_pct":36.2,"p_mw":24.9,"synthetic":false}},{"type":"Feature","geometry":{"type":"LineString","coordinates":[[130.9250699,33.8158287],[130.9224257,33.8169629],[130.9192259,33.81692],[130.9175673,33.8189816],[130.915248,33.8206186],[130.9128204,33.8223488],[130.9112763,33.8233535],[130.9076572,33.8239612],[130.9060718,33.8227516],[130.9028241,33.8230009],[130.9003461,33.8243126],[130.8980701,33.8244181],[130.8948529,33.8243982],[130.8916523,33.8244083],[130.8895696,33.8248029],[130.886701,33.8251951],[130.8841949,33.8255391],[130.8805224,33.8260754],[130.8786405,33.8262854],[130.8749357,33.8267819],[130.872523,33.8271184],[130.8916523,33.8244083]]},"properties":{"name":"kyushu_line_709","loading_pct":86.5,"p_mw":59.3,"synthetic":false}},{"type":"Feature","geometry":{"type":"LineString","coordinates":[[130.9904124,32.8795547],[131.12036938,32.8176288]]},"properties":{"name":"kyushu_line_710","loading_pct":23.7,"p_mw":16.2,"synthetic":false}},{"type":"Feature","geometry":{"type":"LineString","coordinates":[[130.9904124,32.8795547],[130.9694973,32.8758474]]},"properties":{"name":"kyushu_line_711","loading_pct":94.7,"p_mw":-64.9,"synthetic":false}},{"type":"Feature","geometry":{"type":"LineString","coordinates":[[130.9904124,32.8795547],[131.01817074000002,32.92580902]]},"properties":{"name":"kyushu_line_712","loading_pct":47.3,"p_mw":32.5,"synthetic":false}},{"type":"Feature","geometry":{"type":"LineString","coordinates":[[130.87284319999998,32.873480719999996],[130.8898151,32.8652494]]},"properties":{"name":"kyushu_line_713","loading_pct":80.0,"p_mw":107.1,"synthetic":false}},{"type":"Feature","geometry":{"type":"LineString","coordinates":[[130.21251191666667,33.56026105],[130.213123,33.5585506],[130.209904,33.5585576],[130.20580511666665,33.55857594166667]]},"properties":{"name":"kyushu_line_715","loading_pct":9.0,"p_mw":6.2,"synthetic":false}},{"type":"Feature","geometry":{"type":"LineString","coordinates":[[130.22649482857145,33.554722842857146],[130.2183653,33.5506402],[130.2185494,33.5502589],[130.2190042,33.5494039],[130.2197269,33.5479308],[130.2210073,33.5453679],[130.221619,33.5441136],[130.222312,33.5427441],[130.2224798,33.5423155],[130.2226124,33.5417853],[130.2226368,33.5416251],[130.2226693,33.5411513],[130.2226503,33.540691],[130.2223634,33.5382521],[130.2222876,33.5374421],[130.2223201,33.5369547],[130.2224148,33.536429],[130.2229132,33.5350484],[130.2239401,33.5322315],[130.2241091,33.5317548],[130.2244309,33.5308245],[130.224644,33.5299329],[130.2248662,33.5286146],[130.2249774,33.5282575],[130.2250561,33.5279545],[130.2250654,33.5275994],[130.2251255,33.5273871],[130.2252506,33.5271863],[130.2254844,33.5266618],[130.226713,33.5238219],[130.227512,33.5218721],[130.2275205,33.5214844],[130.2274064,33.5205159],[130.227052,33.5205471],[130.2267659,33.5205386],[130.2273706,33.5184779],[130.2277193875,33.51820235]]},"properties":{"name":"kyushu_line_716","loading_pct":19.4,"p_mw":-133.3,"synthetic":false}},{"type":"Feature","geometry":{"type":"LineString","coordinates":[[130.86848382,33.89053732],[130.8713216,33.8905058],[130.8694203,33.8895884],[130.8692292,33.8894605],[130.8685341,33.8889951],[130.8682563,33.8888091],[130.8675734,33.8881406],[130.8683708,33.887405799999996]]},"properties":{"name":"kyushu_line_717","loading_pct":23.7,"p_mw":-16.2,"synthetic":false}},{"type":"Feature","geometry":{"type":"LineString","coordinates":[[130.4901414,33.16194392],[130.4915909,33.1618165],[130.4934854,33.1611789],[130.4940181,33.1593825],[130.494603,33.1574101],[130.495373,33.1559429],[130.4951234,33.15583274]]},"properties":{"name":"kyushu_line_719","loading_pct":16.3,"p_mw":-11.2,"synthetic":false}},{"type":"Feature","geometry":{"type":"LineString","coordinates":[[130.4951234,33.15583274],[130.49799837999998,33.19392254]]},"properties":{"name":"kyushu_line_720","loading_pct":3.3,"p_mw":-2.3,"synthetic":false}},{"type":"Feature","geometry":{"type":"LineString","coordinates":[[130.36093312,33.5612227],[130.3609748,33.5609239],[130.3612317,33.5609316],[130.3616258,33.5610293],[130.3619893,33.5611133],[130.3623785,33.5611868],[130.3624876,33.5611743],[130.3627184,33.5616483],[130.3630961,33.5623663],[130.3633503,33.5628061],[130.3637939,33.5634982],[130.3645354,33.5647015],[130.3649612,33.5654017],[130.3655877,33.5663959],[130.36554700000002,33.56654638]]},"properties":{"name":"kyushu_line_721","loading_pct":80.0,"p_mw":258.8,"synthetic":false}},{"type":"Feature","geometry":{"type":"LineString","coordinates":[[131.21961582,33.59333318],[131.2270819125,33.5856603375]]},"properties":{"name":"kyushu_line_722","loading_pct":89.9,"p_mw":61.6,"synthetic":false}},{"type":"Feature","geometry":{"type":"LineString","coordinates":[[130.81299552608695,33.59585353043478],[130.8134552,33.5963064],[130.8140614,33.5959685],[130.8152778,33.5953933],[130.8172344,33.5949117],[130.8189302,33.5944356],[130.82121,33.5934093],[130.8228144,33.5926506],[130.8250239,33.5897043],[130.8265443,33.5879281],[130.8276974,33.5865223],[130.8295443,33.5842989],[130.8306133,33.5825522],[130.832577,33.5809928],[130.8345398,33.5794351],[130.8356718,33.5778195],[130.8365897,33.5763982],[130.8363151,33.5739573],[130.8369897,33.5713708],[130.8404796,33.5708838],[130.8428372,33.5727855],[130.84539386,33.57349582]]},"properties":{"name":"kyushu_line_723","loading_pct":16.3,"p_mw":11.2,"synthetic":false}},{"type":"Feature","geometry":{"type":"LineString","coordinates":[[130.81299552608695,33.59585353043478],[130.8133953,33.5951871],[130.8124996,33.5933902],[130.8109815,33.5913445],[130.8093951,33.5899653],[130.8078495,33.588609],[130.8061645,33.587123],[130.8050305,33.5859168],[130.8034881,33.5843343],[130.8012521,33.5823182],[130.8000914,33.5812941],[130.7983427,33.5797422],[130.7965414,33.5785069],[130.7939008,33.5767204],[130.7920591,33.5750399],[130.789864,33.5731103],[130.7886277,33.5720015],[130.7865167,33.5699674],[130.7846542,33.568361],[130.7814663,33.5684393],[130.7792972,33.5699371],[130.7782538,33.5715133],[130.7778348,33.5726119],[130.7768751,33.5726845],[130.7741343,33.5724725],[130.7729276,33.5723828],[130.7710907,33.5721925],[130.7692071,33.5720038],[130.7672233,33.5704473],[130.7664909090909,33.56832337272727]]},"properties":{"name":"kyushu_line_724","loading_pct":16.3,"p_mw":11.2,"synthetic":false}},{"type":"Feature","geometry":{"type":"LineString","coordinates":[[130.81299552608695,33.59585353043478],[130.8561166,33.6639995]]},"properties":{"name":"kyushu_line_725","loading_pct":13.3,"p_mw":-9.1,"synthetic":false}},{"type":"Feature","geometry":{"type":"LineString","coordinates":[[130.8561166,33.6639995],[130.86511897142856,33.75145617142857]]},"properties":{"name":"kyushu_line_726","loading_pct":63.9,"p_mw":-43.8,"synthetic":false}},{"type":"Feature","geometry":{"type":"LineString","coordinates":[[130.8561166,33.6639995],[130.81853741111112,33.6557118]]},"properties":{"name":"kyushu_line_727","loading_pct":26.9,"p_mw":18.5,"synthetic":false}},{"type":"Feature","geometry":{"type":"LineString","coordinates":[[130.64450332857143,33.576159114285716],[130.6564172375,33.58488995]]},"properties":{"name":"kyushu_line_728","loading_pct":35.0,"p_mw":24.0,"synthetic":false}},{"type":"Feature","geometry":{"type":"LineString","coordinates":[[130.76815559166667,33.665392516666664],[130.7674387,33.6657044],[130.7663408,33.6646017],[130.7655356,33.6637221],[130.7640973,33.6623177],[130.76434,33.6601288],[130.7644835,33.658787],[130.7646116,33.6576166],[130.7660413,33.6562041],[130.7676093,33.6545164],[130.7689153,33.6529519],[130.7706576,33.6514638],[130.7715461,33.6505029],[130.7730215,33.6486418],[130.7750876,33.6449794],[130.7764292,33.6428027],[130.7785126,33.6407392],[130.7800442,33.6392646],[130.7799959,33.6391182],[130.78096720588235,33.6388953]]},"properties":{"name":"kyushu_line_729","loading_pct":12.7,"p_mw":8.7,"synthetic":false}},{"type":"Feature","geometry":{"type":"LineString","coordinates":[[130.78096720588235,33.6388953],[130.7831483,33.6393139],[130.7841663,33.6411538],[130.7857598,33.6439521],[130.7861582,33.6456953],[130.786512,33.6467479],[130.7889117,33.6473647],[130.7909433,33.647691],[130.7933323,33.6475679],[130.79763,33.6488816],[130.7988333,33.6497651],[130.8006991,33.6508374],[130.8027074,33.6519928],[130.8044791,33.6521092],[130.8074437,33.6517983],[130.8099754,33.6529941],[130.8122262,33.6542121],[130.8143688,33.6553858],[130.8167448,33.6554477],[130.8006991,33.6508374]]},"properties":{"name":"kyushu_line_730","loading_pct":22.1,"p_mw":15.1,"synthetic":false}},{"type":"Feature","geometry":{"type":"LineString","coordinates":[[130.8006991,33.6508374],[130.81488278,33.63768886]]},"properties":{"name":"kyushu_line_731","loading_pct":16.3,"p_mw":11.2,"synthetic":false}},{"type":"Feature","geometry":{"type":"LineString","coordinates":[[130.8006991,33.6508374],[130.81853741111112,33.6557118]]},"properties":{"name":"kyushu_line_732","loading_pct":17.9,"p_mw":-12.3,"synthetic":false}},{"type":"Feature","geometry":{"type":"LineString","coordinates":[[130.7612944,33.81145],[130.7589769,33.8091679]]},"properties":{"name":"kyushu_line_733","loading_pct":8.5,"p_mw":-5.9,"synthetic":false}},{"type":"Feature","geometry":{"type":"LineString","coordinates":[[130.7589769,33.8091679],[130.7682347,33.8285824],[130.7683539,33.8250254],[130.7698345,33.8208362],[130.7687831,33.8173778],[130.7669806,33.8148373],[130.7660794,33.8136339],[130.7612944,33.81145],[130.7589769,33.8091679],[130.7587087,33.8064756],[130.7578611,33.8012246],[130.7562947,33.797177],[130.7560158,33.7945022],[130.7559514,33.7927546],[130.7564664,33.7907039],[130.7574963,33.787155],[130.7582688,33.7843194],[130.7589555,33.7816799],[130.759685,33.7795219],[130.7608652,33.7778632],[130.7623351,33.7754643],[130.7637727,33.773315],[130.7652039,33.7713377],[130.767388,33.7679358],[130.7680331,33.7662166],[130.7693129,33.7624105],[130.7700521,33.7603676],[130.7707349,33.7575963],[130.7596095,33.760580616666665]]},"properties":{"name":"kyushu_line_734","loading_pct":16.6,"p_mw":11.4,"synthetic":false}},{"type":"Feature","geometry":{"type":"LineString","coordinates":[[130.67296834444446,33.64440587777778],[130.6716869,33.6470201],[130.6698765,33.6469654],[130.6675541,33.6463479],[130.667639,33.64611],[130.6667646,33.6457675],[130.6646574,33.6458667],[130.6624909,33.6462548],[130.6603661,33.646703],[130.660383,33.6470292],[130.6595297,33.6470152],[130.65921785999998,33.64708116]]},"properties":{"name":"kyushu_line_735","loading_pct":20.3,"p_mw":-13.9,"synthetic":false}},{"type":"Feature","geometry":{"type":"LineString","coordinates":[[130.74381346,33.85248938],[130.7393244,33.8514836],[130.7412609,33.8514814],[130.7422641,33.8516841],[130.742471,33.8526698],[130.74340125,33.85454975]]},"properties":{"name":"kyushu_line_738","loading_pct":59.8,"p_mw":-41.0,"synthetic":false}},{"type":"Feature","geometry":{"type":"LineString","coordinates":[[130.74340125,33.85454975],[130.72676815999998,33.86419488]]},"properties":{"name":"kyushu_line_739","loading_pct":80.0,"p_mw":-105.9,"synthetic":false}},{"type":"Feature","geometry":{"type":"LineString","coordinates":[[130.74340125,33.85454975],[130.74800178,33.867190640000004]]},"properties":{"name":"kyushu_line_740","loading_pct":71.0,"p_mw":48.7,"synthetic":false}},{"type":"Feature","geometry":{"type":"LineString","coordinates":[[130.72676815999998,33.86419488],[130.72685319333334,33.86866456]]},"properties":{"name":"kyushu_line_741","loading_pct":80.0,"p_mw":-133.4,"synthetic":false}},{"type":"Feature","geometry":{"type":"LineString","coordinates":[[130.72685319333334,33.86866456],[130.72772984,33.89625962]]},"properties":{"name":"kyushu_line_742","loading_pct":80.0,"p_mw":-150.8,"synthetic":false}},{"type":"Feature","geometry":{"type":"LineString","coordinates":[[130.72685319333334,33.86866456],[130.7209969,33.8793143],[130.7172401,33.8780092],[130.7155852,33.8774503],[130.7146883,33.8787354],[130.712961,33.8798265],[130.7116038,33.880352],[130.7104933,33.8780139],[130.708589,33.8769004],[130.7075643,33.8757068],[130.7059292,33.8740222],[130.7033265,33.8728564],[130.70004622857144,33.87172624285714]]},"properties":{"name":"kyushu_line_743","loading_pct":1.7,"p_mw":1.1,"synthetic":false}},{"type":"Feature","geometry":{"type":"LineString","coordinates":[[130.71465045,33.830000633333334],[130.73302284285714,33.82466501428571]]},"properties":{"name":"kyushu_line_744","loading_pct":16.3,"p_mw":-11.2,"synthetic":false}},{"type":"Feature","geometry":{"type":"LineString","coordinates":[[130.9603475,33.8713899],[130.97097731666668,33.8590036]]},"properties":{"name":"kyushu_line_745","loading_pct":13.0,"p_mw":-8.9,"synthetic":false}},{"type":"Feature","geometry":{"type":"LineString","coordinates":[[130.86982074285714,33.827502071428576],[130.8916523,33.8244083]]},"properties":{"name":"kyushu_line_746","loading_pct":62.9,"p_mw":-43.1,"synthetic":false}},{"type":"Feature","geometry":{"type":"LineString","coordinates":[[130.84711174,33.870329500000004],[130.84739586,33.86995088]]},"properties":{"name":"kyushu_line_747","loading_pct":27.0,"p_mw":-61.7,"synthetic":false}},{"type":"Feature","geometry":{"type":"LineString","coordinates":[[131.2914992,34.0195586],[131.2764039,33.9972073]]},"properties":{"name":"kyushu_line_750","loading_pct":10.1,"p_mw":-17.4,"synthetic":false}},{"type":"Feature","geometry":{"type":"LineString","coordinates":[[131.2914992,34.0195586],[131.31573063333335,34.042866016666665]]},"properties":{"name":"kyushu_line_751","loading_pct":2.6,"p_mw":4.4,"synthetic":false}},{"type":"Feature","geometry":{"type":"LineString","coordinates":[[131.2764039,33.9972073],[131.25076625600002,33.973441292]]},"properties":{"name":"kyushu_line_755","loading_pct":17.7,"p_mw":-30.4,"synthetic":false}},{"type":"Feature","geometry":{"type":"LineString","coordinates":[[131.25076625600002,33.973441292],[131.25013903571428,33.97377406785714]]},"properties":{"name":"kyushu_line_756","loading_pct":28.9,"p_mw":-49.5,"synthetic":false}},{"type":"Feature","geometry":{"type":"LineString","coordinates":[[131.25013903571428,33.97377406785714],[131.2508169,33.9783957],[131.2529047,33.9825486],[131.2547603,33.9867779],[131.2552087,33.9897215],[131.2570505,33.9927959],[131.2577289,33.9952563],[131.2583022,33.9972833],[131.2607506,34.0013864],[131.2633075,34.0062516],[131.2648538,34.0097391],[131.2658088,34.0119875],[131.2671753,34.0148661],[131.2687697,34.0183483],[131.2695916,34.0201218],[131.2717567,34.0251473],[131.2724137,34.0268854],[131.2737783,34.0305238],[131.2747352,34.0330031],[131.2761472,34.0367465],[131.276451,34.0388096],[131.2761251,34.0410323],[131.275291,34.043402],[131.2746845,34.0451403],[131.2738587,34.0474917],[131.2729742,34.0500346],[131.2720866,34.0525136],[131.2712442,34.0549526],[131.2705465,34.0569567],[131.2701904,34.0579705],[131.2747352,34.0330031]]},"properties":{"name":"kyushu_line_759","loading_pct":1.4,"p_mw":-2.4,"synthetic":false}},{"type":"Feature","geometry":{"type":"LineString","coordinates":[[131.2747352,34.0330031],[131.2766441,34.0341793]]},"properties":{"name":"kyushu_line_761","loading_pct":12.3,"p_mw":14.1,"synthetic":false}},{"type":"Feature","geometry":{"type":"LineString","coordinates":[[131.2369013,33.971923585714286],[131.20572926,33.999826999999996]]},"properties":{"name":"kyushu_line_762","loading_pct":20.4,"p_mw":-14.0,"synthetic":false}},{"type":"Feature","geometry":{"type":"LineString","coordinates":[[131.2766441,34.0341793],[131.2727198,34.0566837],[131.2736214,34.0544021],[131.2747241,34.0520045],[131.274676,34.0500214],[131.2746744,34.0474605],[131.2754863,34.0448869],[131.2762581,34.0424328],[131.2777657,34.038664],[131.277777,34.0365089],[131.2766441,34.0341793],[131.2774956,34.0323706],[131.2782775,34.0299733],[131.2791561,34.0272831],[131.2800127,34.0246135],[131.31573063333335,34.042866016666665]]},"properties":{"name":"kyushu_line_763","loading_pct":18.0,"p_mw":30.9,"synthetic":false}},{"type":"Feature","geometry":{"type":"LineString","coordinates":[[131.31573063333335,34.042866016666665],[131.3321918,34.047268],[131.334356,34.048392],[131.3368398,34.0500258],[131.3388186,34.0525453],[131.3395301,34.0531181],[131.3406535,34.0541705],[131.3417941,34.0552301],[131.3440006,34.0566906],[131.3453947,34.0576571],[131.3471193,34.0592699],[131.3493927,34.060628],[131.352302,34.0623605],[131.3560703,34.0637432],[131.3577477,34.0644209],[131.360116,34.0654058],[131.361955,34.067284],[131.3630685,34.0694281],[131.3649543,34.0712925],[131.3661047,34.0725418],[131.3681781,34.0744147],[131.3705863,34.0759624],[131.372209,34.0781306],[131.3745632,34.0808245],[131.3768333,34.0832556],[131.3775238,34.0854816],[131.3777398,34.0876898],[131.3798023,34.09016],[131.3817917,34.0928804],[131.3844951,34.0933978],[131.38695874,34.092959155]]},"properties":{"name":"kyushu_line_764","loading_pct":2.9,"p_mw":4.9,"synthetic":false}},{"type":"Feature","geometry":{"type":"LineString","coordinates":[[131.38695874,34.092959155],[131.3875812,34.1171798]]},"properties":{"name":"kyushu_line_766","loading_pct":17.8,"p_mw":-30.5,"synthetic":false}},{"type":"Feature","geometry":{"type":"LineString","coordinates":[[131.1848955,34.0548746],[131.1622794352941,34.04551779411764]]},"properties":{"name":"kyushu_line_773","loading_pct":2.9,"p_mw":5.0,"synthetic":false}},{"type":"Feature","geometry":{"type":"LineString","coordinates":[[131.79339171428572,34.064285885714284],[131.7908938,34.065511],[131.7901897,34.0659642],[131.7893153,34.0665497],[131.7870086,34.0668586],[131.7870677,34.0678928],[131.78803987999999,34.070069260000004]]},"properties":{"name":"kyushu_line_775","loading_pct":57.7,"p_mw":99.0,"synthetic":false}},{"type":"Feature","geometry":{"type":"LineString","coordinates":[[131.78803987999999,34.070069260000004],[131.7915797,34.0783384],[131.7870965,34.0815638],[131.7849278,34.083141],[131.7825937,34.0848907],[131.7785099,34.088296],[131.7744317,34.0905536],[131.7718986,34.0920991],[131.769341,34.0907421],[131.7665586,34.0891166],[131.7614955,34.0861291],[131.7581373,34.0841165],[131.7542923,34.0814297],[131.7540787,34.0794692],[131.75518111851852,34.07802242962963]]},"properties":{"name":"kyushu_line_776","loading_pct":48.2,"p_mw":-82.7,"synthetic":false}},{"type":"Feature","geometry":{"type":"LineString","coordinates":[[131.84786753636365,34.030668872727276],[131.861709,34.0400144]]},"properties":{"name":"kyushu_line_778","loading_pct":62.1,"p_mw":106.5,"synthetic":false}},{"type":"Feature","geometry":{"type":"LineString","coordinates":[[131.75518111851852,34.07802242962963],[131.61463004615385,34.053493384615386]]},"properties":{"name":"kyushu_line_783","loading_pct":62.4,"p_mw":107.0,"synthetic":false}},{"type":"Feature","geometry":{"type":"LineString","coordinates":[[131.61463004615385,34.053493384615386],[131.5775651,34.0361685]]},"properties":{"name":"kyushu_line_785","loading_pct":54.8,"p_mw":94.0,"synthetic":false}},{"type":"Feature","geometry":{"type":"LineString","coordinates":[[131.5775651,34.0361685],[131.54115406,34.00921746]]},"properties":{"name":"kyushu_line_786","loading_pct":47.2,"p_mw":81.0,"synthetic":false}},{"type":"Feature","geometry":{"type":"LineString","coordinates":[[131.54115406,34.00921746],[131.538203,34.0058102],[131.5375729,34.0054142],[131.5349114,34.0055704],[131.5332281,34.0063015],[131.5333121,34.0090964],[131.5328066,34.0111696],[131.5318834,34.0141638],[131.530086,34.0173892],[131.5293152,34.018915],[131.5284249,34.020008],[131.528677,34.0226774],[131.5290075,34.0251652],[131.5272538,34.0267639],[131.5244328,34.0279134],[131.5225248,34.0289337],[131.5194323,34.0303817],[131.5177104,34.0321102],[131.5164835,34.034333],[131.5152417,34.0366017],[131.5137575,34.0389104],[131.5111652,34.0398932],[131.5089913,34.0425823],[131.5080574,34.0442242],[131.5075958,34.045365],[131.5059181,34.0459971],[131.502855,34.0461834],[131.501213,34.0455892],[131.5010405,34.0457846],[131.5009686625,34.0461212]]},"properties":{"name":"kyushu_line_787","loading_pct":39.7,"p_mw":68.0,"synthetic":false}},{"type":"Feature","geometry":{"type":"LineString","coordinates":[[131.3875812,34.1171798],[131.3896643,34.119978],[131.3899838,34.1214883],[131.3903078,34.122867],[131.3903342,34.1254497],[131.3927782,34.1273432],[131.3960298,34.129153],[131.3987388,34.1314112],[131.4002663,34.132595],[131.4027847,34.1349884],[131.4046124,34.1366849],[131.4063077,34.1376469],[131.4089416,34.1391721],[131.4129988,34.1407586],[131.4159633,34.1421592],[131.4184954,34.1433166],[131.4210096,34.1445246],[131.4236476,34.1453323],[131.4259083,34.1461781],[131.4366451,34.1354804]]},"properties":{"name":"kyushu_line_789","loading_pct":25.4,"p_mw":-43.5,"synthetic":false}},{"type":"Feature","geometry":{"type":"LineString","coordinates":[[131.43708566666666,34.070822855555555],[131.4341266,34.0772095],[131.4363705,34.0757275],[131.4381602,34.0741092],[131.4395524,34.0730294],[131.4414746,34.0709784],[131.4440767,34.0700221],[131.4461096,34.0689816],[131.4472027,34.0682544],[131.4491812,34.067235],[131.4522977,34.0658165],[131.4562333,34.0637301],[131.4577096,34.0630332],[131.4596544,34.0621136],[131.4626965,34.0606664],[131.4645863,34.0597662],[131.4666096,34.0588047],[131.4686149,34.0577824],[131.4708179,34.0565422],[131.4732126,34.0554488],[131.4765551,34.054576],[131.4792947,34.0535647],[131.4816282,34.0536073],[131.4829578,34.0550941],[131.4846667,34.0543737],[131.4851626,34.054821614285714]]},"properties":{"name":"kyushu_line_790","loading_pct":9.0,"p_mw":6.2,"synthetic":false}},{"type":"Feature","geometry":{"type":"LineString","coordinates":[[131.9730725,33.9948245],[131.9722111,33.9925356]]},"properties":{"name":"kyushu_line_792","loading_pct":13.1,"p_mw":22.5,"synthetic":false}},{"type":"Feature","geometry":{"type":"LineString","coordinates":[[131.9730725,33.9948245],[131.9724021857143,34.01795634285715]]},"properties":{"name":"kyushu_line_793","loading_pct":28.3,"p_mw":-48.5,"synthetic":false}},{"type":"Feature","geometry":{"type":"LineString","coordinates":[[131.861709,34.0400144],[131.9557449,34.0211811]]},"properties":{"name":"kyushu_line_794","loading_pct":53.4,"p_mw":91.6,"synthetic":false}},{"type":"Feature","geometry":{"type":"LineString","coordinates":[[131.9557449,34.0211811],[131.9724021857143,34.01795634285715]]},"properties":{"name":"kyushu_line_795","loading_pct":45.8,"p_mw":78.6,"synthetic":false}},{"type":"Feature","geometry":{"type":"LineString","coordinates":[[131.9724021857143,34.01795634285715],[131.9677909,33.996106],[131.9705804,33.9932918],[131.9722111,33.9925356],[131.9710645,33.98939],[131.9701391,33.9870904],[131.9703095,33.9824043],[131.970056,33.9785854],[131.9701928,33.9748843],[131.970343,33.9732116],[131.9709572,33.96937],[131.9700453,33.9665894],[131.9690743,33.9638398],[131.9677842,33.9607231],[131.9664592,33.956396],[131.9647184,33.9543914],[131.958444845,33.955124495]]},"properties":{"name":"kyushu_line_796","loading_pct":10.0,"p_mw":17.2,"synthetic":false}},{"type":"Feature","geometry":{"type":"LineString","coordinates":[[131.958444845,33.955124495],[132.04901542857144,33.94793851428572]]},"properties":{"name":"kyushu_line_797","loading_pct":8.0,"p_mw":13.7,"synthetic":false}},{"type":"Feature","geometry":{"type":"LineString","coordinates":[[131.958444845,33.955124495],[131.9647184,33.9543914],[131.9664592,33.956396],[131.9677842,33.9607231],[131.9690743,33.9638398],[131.9700453,33.9665894],[131.9709572,33.96937],[131.970343,33.9732116],[131.9701928,33.9748843],[131.970056,33.9785854],[131.9703095,33.9824043],[131.9701391,33.9870904],[131.9710645,33.98939],[131.9722111,33.9925356],[131.9705804,33.9932918],[131.9677909,33.996106],[131.9722111,33.9925356]]},"properties":{"name":"kyushu_line_798","loading_pct":8.3,"p_mw":-9.5,"synthetic":false}},{"type":"Feature","geometry":{"type":"LineString","coordinates":[[130.6955595,32.619934],[130.7097317,32.6202119],[130.7099737,32.6181773],[130.7101697,32.6159054],[130.7104126,32.6136039],[130.7106271,32.6115841],[130.7108444,32.6093996],[130.7110663,32.6073491],[130.711275,32.6051719],[130.7114964,32.6028806],[130.7118558,32.6008243],[130.7121529,32.5988195],[130.7125181,32.5963649],[130.7109066,32.5961771],[130.709871,32.5942974],[130.67787221818182,32.55950742727273]]},"properties":{"name":"kyushu_line_799","loading_pct":27.2,"p_mw":18.7,"synthetic":false}},{"type":"Feature","geometry":{"type":"LineString","coordinates":[[131.2234865,33.2428644],[131.2700766,33.2363449]]},"properties":{"name":"kyushu_line_800","loading_pct":80.0,"p_mw":-88.5,"synthetic":false}},{"type":"Feature","geometry":{"type":"LineString","coordinates":[[131.3129211,33.2322549],[131.33748561111113,33.256971988888886]]},"properties":{"name":"kyushu_line_801","loading_pct":23.7,"p_mw":16.2,"synthetic":false}},{"type":"Feature","geometry":{"type":"LineString","coordinates":[[131.3129211,33.2322549],[131.2700766,33.2363449]]},"properties":{"name":"kyushu_line_802","loading_pct":80.0,"p_mw":104.7,"synthetic":false}},{"type":"Feature","geometry":{"type":"LineString","coordinates":[[131.3129211,33.2322549],[131.35588173076923,33.196565615384614]]},"properties":{"name":"kyushu_line_803","loading_pct":80.0,"p_mw":-137.2,"synthetic":false}},{"type":"Feature","geometry":{"type":"LineString","coordinates":[[130.8233113,32.091499],[130.8290347,32.0921971]]},"properties":{"name":"kyushu_line_804","loading_pct":0.0,"p_mw":0.0,"synthetic":false}},{"type":"Feature","geometry":{"type":"LineString","coordinates":[[130.8233113,32.091499],[130.8242234,32.0866324]]},"properties":{"name":"kyushu_line_805","loading_pct":0.0,"p_mw":0.0,"synthetic":false}},{"type":"Feature","geometry":{"type":"LineString","coordinates":[[130.8233113,32.091499],[130.8258801,32.0930531]]},"properties":{"name":"kyushu_line_806","loading_pct":0.0,"p_mw":0.0,"synthetic":false}},{"type":"Feature","geometry":{"type":"LineString","coordinates":[[130.8290347,32.0921971],[130.830842,32.0824631]]},"properties":{"name":"kyushu_line_807","loading_pct":0.0,"p_mw":-0.0,"synthetic":false}},{"type":"Feature","geometry":{"type":"LineString","coordinates":[[130.8290347,32.0921971],[130.8258801,32.0930531]]},"properties":{"name":"kyushu_line_808","loading_pct":0.0,"p_mw":0.0,"synthetic":false}},{"type":"Feature","geometry":{"type":"LineString","coordinates":[[130.830842,32.0824631],[130.8317105,32.0775629]]},"properties":{"name":"kyushu_line_809","loading_pct":0.0,"p_mw":0.0,"synthetic":false}},{"type":"Feature","geometry":{"type":"LineString","coordinates":[[130.830842,32.0824631],[130.8250996,32.0816958]]},"properties":{"name":"kyushu_line_810","loading_pct":0.0,"p_mw":0.0,"synthetic":false}},{"type":"Feature","geometry":{"type":"LineString","coordinates":[[130.8317105,32.0775629],[130.8259767,32.076817]]},"properties":{"name":"kyushu_line_811","loading_pct":0.0,"p_mw":0.0,"synthetic":false}},{"type":"Feature","geometry":{"type":"LineString","coordinates":[[130.8317105,32.0775629],[130.8289301,32.0769521]]},"properties":{"name":"kyushu_line_812","loading_pct":0.0,"p_mw":-0.0,"synthetic":false}},{"type":"Feature","geometry":{"type":"LineString","coordinates":[[130.8259767,32.076817],[130.8289301,32.0769521]]},"properties":{"name":"kyushu_line_813","loading_pct":0.0,"p_mw":-0.0,"synthetic":false}},{"type":"Feature","geometry":{"type":"LineString","coordinates":[[130.8259767,32.076817],[130.8250996,32.0816958]]},"properties":{"name":"kyushu_line_814","loading_pct":0.0,"p_mw":-0.0,"synthetic":false}},{"type":"Feature","geometry":{"type":"LineString","coordinates":[[130.8242234,32.0866324],[130.8250996,32.0816958]]},"properties":{"name":"kyushu_line_815","loading_pct":0.0,"p_mw":-0.0,"synthetic":false}},{"type":"Feature","geometry":{"type":"LineString","coordinates":[[131.45555954000002,33.17855696],[131.41959242222222,33.18092114444445]]},"properties":{"name":"kyushu_line_816","loading_pct":80.0,"p_mw":169.6,"synthetic":false}},{"type":"Feature","geometry":{"type":"LineString","coordinates":[[131.45555954000002,33.17855696],[131.456126,33.1678296],[131.456244,33.1650197],[131.4568341,33.1629989],[131.4577246,33.1603494],[131.4589155,33.1573944],[131.4590502,33.1543428],[131.4594405,33.1528147],[131.4599293,33.1506443],[131.4602626,33.1487995],[131.4590717,33.1472623],[131.45926345,33.147226683333336]]},"properties":{"name":"kyushu_line_817","loading_pct":23.7,"p_mw":16.2,"synthetic":false}},{"type":"Feature","geometry":{"type":"LineString","coordinates":[[131.41959242222222,33.18092114444445],[131.35588173076923,33.196565615384614]]},"properties":{"name":"kyushu_line_818","loading_pct":80.0,"p_mw":153.4,"synthetic":false}},{"type":"Feature","geometry":{"type":"LineString","coordinates":[[130.910157225,33.9361696375],[130.9113225,33.9316362],[130.9127867,33.9314826],[130.9147972,33.9313065],[130.9162897,33.9316987],[130.9180238,33.9323058],[130.9200852,33.9327545],[130.9200843,33.9341044],[130.9157025,33.93660346]]},"properties":{"name":"kyushu_line_821","loading_pct":6.3,"p_mw":10.9,"synthetic":false}},{"type":"Feature","geometry":{"type":"LineString","coordinates":[[130.9157025,33.93660346],[130.91883878,33.93900712]]},"properties":{"name":"kyushu_line_822","loading_pct":1.2,"p_mw":-2.1,"synthetic":false}},{"type":"Feature","geometry":{"type":"LineString","coordinates":[[130.8452341,32.7893717],[130.86041026,32.79640704]]},"properties":{"name":"kyushu_line_823","loading_pct":1.7,"p_mw":1.1,"synthetic":false}},{"type":"Feature","geometry":{"type":"LineString","coordinates":[[130.49684175714285,33.20266442857143],[130.49799837999998,33.19392254]]},"properties":{"name":"kyushu_line_824","loading_pct":12.3,"p_mw":8.5,"synthetic":false}},{"type":"Feature","geometry":{"type":"LineString","coordinates":[[131.3242295,32.1968727],[131.3375639,32.2162188]]},"properties":{"name":"kyushu_line_825","loading_pct":12.0,"p_mw":82.5,"synthetic":false}},{"type":"Feature","geometry":{"type":"LineString","coordinates":[[131.3375639,32.2162188],[131.3359811,32.3079342]]},"properties":{"name":"kyushu_line_826","loading_pct":28.3,"p_mw":193.9,"synthetic":false}},{"type":"Feature","geometry":{"type":"LineString","coordinates":[[131.413039,32.1612269],[131.485362,32.1435778]]},"properties":{"name":"kyushu_line_827","loading_pct":15.1,"p_mw":-26.0,"synthetic":false}},{"type":"Feature","geometry":{"type":"LineString","coordinates":[[131.413039,32.1612269],[131.41687612,32.11815188]]},"properties":{"name":"kyushu_line_828","loading_pct":7.6,"p_mw":13.0,"synthetic":false}},{"type":"Feature","geometry":{"type":"LineString","coordinates":[[131.485362,32.1435778],[131.49924670000001,32.13373678461539]]},"properties":{"name":"kyushu_line_829","loading_pct":26.9,"p_mw":-46.1,"synthetic":false}},{"type":"Feature","geometry":{"type":"LineString","coordinates":[[131.3359811,32.3079342],[131.5885172857143,32.42973762857143]]},"properties":{"name":"kyushu_line_831","loading_pct":27.3,"p_mw":187.4,"synthetic":false}},{"type":"Feature","geometry":{"type":"LineString","coordinates":[[131.5657639,32.4290932],[131.5653241,32.4268111],[131.5660429,32.4249999],[131.5648413,32.4232248],[131.5645087,32.4222286],[131.5646267,32.4208883],[131.5647545,32.4195293],[131.5636535,32.4177033],[131.5633821,32.4170935],[131.5623093,32.4151191],[131.5597665,32.4127823],[131.5586722,32.4113422],[131.5569878,32.4089419],[131.5555608,32.4070397],[131.5551853,32.4055089],[131.5548634,32.4042951],[131.5561187,32.3969486],[131.5565157,32.395019],[131.5560973,32.3937508],[131.5561187,32.3925368],[131.55563055000002,32.39141605]]},"properties":{"name":"kyushu_line_836","loading_pct":23.7,"p_mw":16.2,"synthetic":false}},{"type":"Feature","geometry":{"type":"LineString","coordinates":[[131.62278445714284,32.44186082857143],[131.6224283,32.4426644],[131.6224846,32.4431171],[131.6242039,32.4436355],[131.6268325,32.4425309],[131.6290859,32.44386472]]},"properties":{"name":"kyushu_line_837","loading_pct":17.0,"p_mw":29.2,"synthetic":false}},{"type":"Feature","geometry":{"type":"LineString","coordinates":[[130.9673068,31.6610762],[130.92697572,31.49606454]]},"properties":{"name":"kyushu_line_840","loading_pct":59.2,"p_mw":205.8,"synthetic":false}},{"type":"Feature","geometry":{"type":"LineString","coordinates":[[130.9673068,31.6610762],[131.00212704,31.6995324]]},"properties":{"name":"kyushu_line_841","loading_pct":11.5,"p_mw":19.7,"synthetic":false}},{"type":"Feature","geometry":{"type":"LineString","coordinates":[[130.9673068,31.6610762],[130.99424158000002,31.63634874]]},"properties":{"name":"kyushu_line_842","loading_pct":80.0,"p_mw":-238.5,"synthetic":false}},{"type":"Feature","geometry":{"type":"LineString","coordinates":[[131.4768337,32.0726141],[131.4424097,32.0522073]]},"properties":{"name":"kyushu_line_846","loading_pct":80.0,"p_mw":-99.5,"synthetic":false}},{"type":"Feature","geometry":{"type":"LineString","coordinates":[[131.4020513,31.9764171],[131.39972514,31.95818995]]},"properties":{"name":"kyushu_line_850","loading_pct":16.9,"p_mw":-115.6,"synthetic":false}},{"type":"Feature","geometry":{"type":"LineString","coordinates":[[131.4067775,31.9936192],[131.42643716,32.05119514]]},"properties":{"name":"kyushu_line_851","loading_pct":80.0,"p_mw":92.9,"synthetic":false}},{"type":"Feature","geometry":{"type":"LineString","coordinates":[[131.42643716,32.05119514],[131.4424097,32.0522073]]},"properties":{"name":"kyushu_line_852","loading_pct":80.0,"p_mw":115.8,"synthetic":false}},{"type":"Feature","geometry":{"type":"LineString","coordinates":[[131.42643716,32.05119514],[131.441693,32.0432465],[131.4435162,32.0411095],[131.4477164,32.0404632],[131.450248,32.0396585],[131.4528646,32.0382132],[131.4566993,32.0373035],[131.459113,32.036131],[131.4615461,32.0344699],[131.4642992,32.0339034],[131.4662533,32.0329181],[131.4684338,32.0315341],[131.4692883,32.0295359],[131.4688951,32.0278576],[131.4692107,32.0266384],[131.4695737,32.0247513],[131.46955,32.0236766],[131.46941926666668,32.02351438333333]]},"properties":{"name":"kyushu_line_853","loading_pct":57.0,"p_mw":-39.1,"synthetic":false}},{"type":"Feature","geometry":{"type":"LineString","coordinates":[[130.39927812307693,33.210646000000004],[130.3882024,33.2207269],[130.3870076,33.2192617],[130.3864538,33.2188941],[130.3856776,33.2179739],[130.3844903,33.2166591],[130.3832502,33.2153584],[130.3820043,33.2140417],[130.379641,33.2143068],[130.3775137,33.2145708],[130.3768698,33.2146501],[130.3750125,33.2148848],[130.3747793,33.214782],[130.374655,33.2147281],[130.3744535,33.2146447],[130.3736549,33.2143],[130.3731635,33.2140884],[130.3730351,33.2140331],[130.3708423,33.2135529],[130.3706169,33.2135036],[130.3688179,33.2129002],[130.3680019,33.212256385714284]]},"properties":{"name":"kyushu_line_854","loading_pct":23.7,"p_mw":16.2,"synthetic":false}},{"type":"Feature","geometry":{"type":"LineString","coordinates":[[130.53223508333335,33.48501705],[130.52356062500002,33.4889549375]]},"properties":{"name":"kyushu_line_855","loading_pct":23.7,"p_mw":16.2,"synthetic":false}},{"type":"Feature","geometry":{"type":"LineString","coordinates":[[130.53187814285715,32.924449228571426],[130.47005884545453,32.95445568181818]]},"properties":{"name":"kyushu_line_856","loading_pct":66.9,"p_mw":-45.9,"synthetic":false}},{"type":"Feature","geometry":{"type":"LineString","coordinates":[[130.6737969,32.8079884],[130.67611656,32.78520473]]},"properties":{"name":"kyushu_line_857","loading_pct":16.3,"p_mw":11.2,"synthetic":false}},{"type":"Feature","geometry":{"type":"LineString","coordinates":[[130.4961204,33.0458855],[130.4997468,33.0287787]]},"properties":{"name":"kyushu_line_858","loading_pct":33.6,"p_mw":-38.4,"synthetic":false}},{"type":"Feature","geometry":{"type":"LineString","coordinates":[[130.358752,32.130886],[130.37154230000002,32.158905419999996]]},"properties":{"name":"kyushu_line_859","loading_pct":47.7,"p_mw":32.7,"synthetic":false}},{"type":"Feature","geometry":{"type":"LineString","coordinates":[[130.358752,32.130886],[130.34114968,32.11608986]]},"properties":{"name":"kyushu_line_860","loading_pct":4.7,"p_mw":-3.2,"synthetic":false}},{"type":"Feature","geometry":{"type":"LineString","coordinates":[[130.37154230000002,32.158905419999996],[130.3997433,32.1905451]]},"properties":{"name":"kyushu_line_861","loading_pct":38.7,"p_mw":26.5,"synthetic":false}},{"type":"Feature","geometry":{"type":"LineString","coordinates":[[130.3997433,32.1905451],[130.39960807142856,32.20558058571429]]},"properties":{"name":"kyushu_line_862","loading_pct":22.0,"p_mw":15.1,"synthetic":false}},{"type":"Feature","geometry":{"type":"LineString","coordinates":[[130.39960807142856,32.20558058571429],[130.4051023,32.1963377],[130.4071516,32.1960654],[130.4102274,32.1974635],[130.4121941,32.1983079],[130.4155683,32.1995607],[130.4167217,32.2005231],[130.4178858,32.2018077],[130.437203,32.2083077]]},"properties":{"name":"kyushu_line_863","loading_pct":8.8,"p_mw":6.1,"synthetic":false}},{"type":"Feature","geometry":{"type":"LineString","coordinates":[[130.34114968,32.11608986],[130.2817615,32.0900387]]},"properties":{"name":"kyushu_line_864","loading_pct":80.0,"p_mw":76.1,"synthetic":false}},{"type":"Feature","geometry":{"type":"LineString","coordinates":[[131.363524,31.9061359],[131.39225529,31.90178111]]},"properties":{"name":"kyushu_line_865","loading_pct":24.2,"p_mw":166.3,"synthetic":false}},{"type":"Feature","geometry":{"type":"LineString","coordinates":[[131.381727,31.9517284],[131.38861604,31.923331280000003]]},"properties":{"name":"kyushu_line_870","loading_pct":43.6,"p_mw":-29.9,"synthetic":false}},{"type":"Feature","geometry":{"type":"LineString","coordinates":[[130.97574772000002,33.70931876],[130.9765588,33.71905674]]},"properties":{"name":"kyushu_line_872","loading_pct":50.8,"p_mw":-34.8,"synthetic":false}},{"type":"Feature","geometry":{"type":"LineString","coordinates":[[130.9765588,33.71905674],[130.96433805714284,33.73023641428572]]},"properties":{"name":"kyushu_line_873","loading_pct":74.4,"p_mw":-51.0,"synthetic":false}},{"type":"Feature","geometry":{"type":"LineString","coordinates":[[129.84197538571428,32.68474818571429],[129.8419815,32.6845506],[129.841698,32.6839556],[129.8406363,32.6838318],[129.8371957,32.6826316],[129.8334533,32.6807738],[129.8309296,32.6794909],[129.8295786,32.6789135],[129.827654,32.6784717],[129.8253914,32.6789051],[129.8227025,32.6794945],[129.8188412,32.6807165],[129.8112023,32.6832721],[129.8089707,32.6840577],[129.8072326,32.6850329],[129.8057949,32.6872272],[129.8059827,32.6882611],[129.8066908,32.6898954],[129.8082518,32.6905681],[129.8100543,32.6916336],[129.8124897,32.6927622],[129.8150754,32.6952452],[129.8161805,32.6948479],[129.841868125,32.684589325000005]]},"properties":{"name":"kyushu_line_874","loading_pct":23.7,"p_mw":16.2,"synthetic":false}},{"type":"Feature","geometry":{"type":"LineString","coordinates":[[130.0576848,32.8196606],[130.15388043000002,32.81523714]]},"properties":{"name":"kyushu_line_875","loading_pct":34.0,"p_mw":-23.3,"synthetic":false}},{"type":"Feature","geometry":{"type":"LineString","coordinates":[[130.15388043000002,32.81523714],[130.1619923,32.8089009],[130.1644438,32.8073769],[130.1693255,32.8034768],[130.1714444,32.8019257],[130.1735312,32.8004241],[130.1774311,32.7998064],[130.1801938,32.7990353],[130.1837933,32.7985889],[130.1879454,32.7988955],[130.1910031,32.7994998],[130.1949566,32.7984761],[130.1970541,32.7990624],[130.2001119,32.7989542],[130.2028155,32.7984131],[130.2053046,32.7983815],[130.2079814,32.7978809],[130.2104598,32.7970467],[130.2119511,32.7967085],[130.2140808,32.7962847],[130.2156043,32.7949363],[130.2167737,32.7918834],[130.2158832,32.7897594],[130.2151322,32.7876714],[130.216645,32.7846453],[130.2172512,32.7810102],[130.2185279,32.77696],[130.221709,32.7701447],[130.2241981,32.7665541],[130.2227068,32.7633965],[130.2209902,32.7617184],[130.2188766,32.7598959],[130.2165913,32.7608071],[130.21602664166667,32.76109865833333]]},"properties":{"name":"kyushu_line_876","loading_pct":74.8,"p_mw":-51.3,"synthetic":false}},{"type":"Feature","geometry":{"type":"LineString","coordinates":[[130.15388043000002,32.81523714],[130.3188157,32.8111191]]},"properties":{"name":"kyushu_line_877","loading_pct":31.8,"p_mw":21.8,"synthetic":false}},{"type":"Feature","geometry":{"type":"LineString","coordinates":[[130.42740472,33.62277676],[130.4266181,33.6203183],[130.4265352,33.6198962],[130.4257054,33.6200354],[130.4250786,33.620291],[130.4245382,33.6204786],[130.4240052,33.6204893],[130.4234886,33.6203581],[130.4231864,33.6200592],[130.4226076,33.619054],[130.4222412,33.6184316],[130.4220214,33.6180335],[130.421777,33.617475],[130.4216997,33.6172159],[130.4214857,33.6168858],[130.41863468333332,33.61716368333333]]},"properties":{"name":"kyushu_line_878","loading_pct":29.4,"p_mw":20.2,"synthetic":false}},{"type":"Feature","geometry":{"type":"LineString","coordinates":[[130.41399215,33.66408526666667],[130.4146272,33.6640845],[130.415653,33.6623444],[130.416684,33.6606357],[130.4170774,33.6600164],[130.4172597,33.6597974],[130.41848,33.6577599],[130.4186762,33.6574326],[130.4189439,33.6569497],[130.4190516,33.6563559],[130.4189979,33.6556774],[130.4205093,33.6546364],[130.4208332,33.6546852],[130.4226265,33.6577549],[130.4231472,33.6585812],[130.4235783,33.6590152],[130.4241599,33.6593866],[130.4259271,33.6601311],[130.4322164,33.6587502],[130.4330232,33.6584028],[130.43373431666666,33.65810913333333]]},"properties":{"name":"kyushu_line_879","loading_pct":23.7,"p_mw":-16.2,"synthetic":false}},{"type":"Feature","geometry":{"type":"LineString","coordinates":[[130.9694973,32.8758474],[130.9439336,32.8709051]]},"properties":{"name":"kyushu_line_880","loading_pct":80.0,"p_mw":-81.2,"synthetic":false}},{"type":"Feature","geometry":{"type":"LineString","coordinates":[[130.9439336,32.8709051],[130.8898151,32.8652494]]},"properties":{"name":"kyushu_line_881","loading_pct":80.0,"p_mw":-97.4,"synthetic":false}},{"type":"Feature","geometry":{"type":"LineString","coordinates":[[131.1095829,32.93885826],[131.1102979,32.9405701],[131.1088111,32.941916],[131.1065211,32.9419968],[131.1037942,32.9420503],[131.1005866,32.942117],[131.0974719,32.9424989],[131.0946354,32.9428456],[131.0893274,32.9436362],[131.0870027,32.9439767],[131.0835317,32.9444616],[131.0812018,32.9445412],[131.0757446,32.9452033],[131.0723674,32.9456245],[131.0696625,32.9466253],[131.0664497,32.9476971],[131.0635647,32.9483775],[131.0609979,32.9483923],[131.0583899,32.9485563],[131.01817074000002,32.92580902]]},"properties":{"name":"kyushu_line_882","loading_pct":23.7,"p_mw":-16.2,"synthetic":false}},{"type":"Feature","geometry":{"type":"LineString","coordinates":[[131.77822473333333,33.13447576666667],[131.7751803,33.1315568],[131.7726609,33.1289572],[131.7710331,33.1282326],[131.7722719,33.1264385],[131.7732888,33.1250675],[131.7751621,33.1226202],[131.7769384,33.1202304],[131.7784987,33.1181904],[131.7805257,33.1154828],[131.782795,33.1127359],[131.7840781,33.111192],[131.7858671,33.1096702],[131.80049175333335,33.116471080000004]]},"properties":{"name":"kyushu_line_884","loading_pct":50.7,"p_mw":34.8,"synthetic":false}},{"type":"Feature","geometry":{"type":"LineString","coordinates":[[131.77822473333333,33.13447576666667],[131.7473387,33.2189705]]},"properties":{"name":"kyushu_line_885","loading_pct":15.5,"p_mw":-10.6,"synthetic":false}},{"type":"Feature","geometry":{"type":"LineString","coordinates":[[131.8550026,33.0746009],[131.8516713,33.0761944]]},"properties":{"name":"kyushu_line_886","loading_pct":2.4,"p_mw":1.7,"synthetic":false}},{"type":"Feature","geometry":{"type":"LineString","coordinates":[[131.8550026,33.0746009],[131.8609142,33.0461688]]},"properties":{"name":"kyushu_line_887","loading_pct":31.9,"p_mw":-21.9,"synthetic":false}},{"type":"Feature","geometry":{"type":"LineString","coordinates":[[131.8550026,33.0746009],[131.8463016,33.078089]]},"properties":{"name":"kyushu_line_888","loading_pct":5.8,"p_mw":4.0,"synthetic":false}},{"type":"Feature","geometry":{"type":"LineString","coordinates":[[131.8516713,33.0761944],[131.8463016,33.078089]]},"properties":{"name":"kyushu_line_889","loading_pct":14.5,"p_mw":9.9,"synthetic":false}},{"type":"Feature","geometry":{"type":"LineString","coordinates":[[131.8516713,33.0761944],[131.8553312,33.0452695]]},"properties":{"name":"kyushu_line_890","loading_pct":35.7,"p_mw":-24.5,"synthetic":false}},{"type":"Feature","geometry":{"type":"LineString","coordinates":[[131.8463016,33.078089],[131.8419939,33.0797657]]},"properties":{"name":"kyushu_line_891","loading_pct":3.4,"p_mw":-2.3,"synthetic":false}},{"type":"Feature","geometry":{"type":"LineString","coordinates":[[131.8419939,33.0797657],[131.80049175333335,33.116471080000004]]},"properties":{"name":"kyushu_line_892","loading_pct":27.0,"p_mw":-18.6,"synthetic":false}},{"type":"Feature","geometry":{"type":"LineString","coordinates":[[131.7473387,33.2189705],[131.7744827,33.224212]]},"properties":{"name":"kyushu_line_893","loading_pct":98.3,"p_mw":-67.4,"synthetic":false}},{"type":"Feature","geometry":{"type":"LineString","coordinates":[[131.7473387,33.2189705],[131.7219972,33.2071488]]},"properties":{"name":"kyushu_line_894","loading_pct":59.1,"p_mw":40.5,"synthetic":false}},{"type":"Feature","geometry":{"type":"LineString","coordinates":[[130.90782434,32.626183780000005],[130.8924889,32.6315394]]},"properties":{"name":"kyushu_line_895","loading_pct":23.7,"p_mw":-16.2,"synthetic":false}},{"type":"Feature","geometry":{"type":"LineString","coordinates":[[131.5785776,33.1761813],[131.5815452,33.1765042]]},"properties":{"name":"kyushu_line_896","loading_pct":8.0,"p_mw":5.5,"synthetic":false}},{"type":"Feature","geometry":{"type":"LineString","coordinates":[[131.5815452,33.1765042],[131.6164872,33.1964187]]},"properties":{"name":"kyushu_line_897","loading_pct":15.6,"p_mw":-10.7,"synthetic":false}},{"type":"Feature","geometry":{"type":"LineString","coordinates":[[130.96610575714286,31.39263045714286],[131.09178488571428,31.481931142857142]]},"properties":{"name":"kyushu_line_898","loading_pct":39.6,"p_mw":27.2,"synthetic":false}},{"type":"Feature","geometry":{"type":"LineString","coordinates":[[131.09178488571428,31.481931142857142],[131.0920897,31.482038],[131.0930393,31.4834642],[131.0946007,31.4853365],[131.0963703,31.487215],[131.0987406,31.4891162],[131.1007433,31.4901112],[131.1042447,31.4917512],[131.106011,31.4924332],[131.110594,31.493349],[131.1156281,31.4941564],[131.1213918,31.494208],[131.124261,31.494192],[131.1276889,31.4941892],[131.1304378,31.4942016],[131.1335136,31.4930724],[131.1360674,31.492022],[131.1391445,31.4910747],[131.1430891,31.4907318],[131.1453862,31.4905097],[131.1497889,31.4903178],[131.1544655,31.4899402],[131.1566234,31.489676],[131.160869,31.4891004],[131.1636989,31.4886086],[131.1659266,31.4883511],[131.1689618,31.4880041],[131.171417,31.4863022],[131.1747332,31.4841198],[131.1765462,31.4831338],[131.1794074,31.4816188],[131.1822058,31.4801116],[131.184322,31.4789408],[131.1879958,31.4768506],[131.1914846,31.4753946],[131.1942738,31.4742299],[131.1976369,31.4727722],[131.2009833,31.4718798],[131.2050734,31.4710935],[131.2085551,31.4709367],[131.2091508,31.4709688],[131.2107831,31.4710569],[131.2138286,31.4710577],[131.2174769,31.4712483],[131.21889186,31.465771359999998]]},"properties":{"name":"kyushu_line_899","loading_pct":30.7,"p_mw":21.0,"synthetic":false}},{"type":"Feature","geometry":{"type":"LineString","coordinates":[[130.3622207,31.4016941],[130.3517465,31.412756719999997]]},"properties":{"name":"kyushu_line_900","loading_pct":5.0,"p_mw":3.4,"synthetic":false}},{"type":"Feature","geometry":{"type":"LineString","coordinates":[[130.3622207,31.4016941],[130.4010577,31.3496283]]},"properties":{"name":"kyushu_line_901","loading_pct":21.5,"p_mw":-14.8,"synthetic":false}},{"type":"Feature","geometry":{"type":"LineString","coordinates":[[130.3622207,31.4016941],[130.29390656666666,31.283536100000003]]},"properties":{"name":"kyushu_line_902","loading_pct":34.3,"p_mw":23.5,"synthetic":false}},{"type":"Feature","geometry":{"type":"LineString","coordinates":[[130.3517465,31.412756719999997],[130.3210005,31.42820582]]},"properties":{"name":"kyushu_line_903","loading_pct":18.0,"p_mw":12.3,"synthetic":false}},{"type":"Feature","geometry":{"type":"LineString","coordinates":[[130.4010577,31.3496283],[130.46586657692308,31.301938153846155]]},"properties":{"name":"kyushu_line_904","loading_pct":40.2,"p_mw":-27.6,"synthetic":false}},{"type":"Feature","geometry":{"type":"LineString","coordinates":[[130.4739228,31.3366349],[130.54111776,31.387789520000002]]},"properties":{"name":"kyushu_line_905","loading_pct":5.7,"p_mw":-3.9,"synthetic":false}},{"type":"Feature","geometry":{"type":"LineString","coordinates":[[130.4739228,31.3366349],[130.50107545999998,31.469410700000005]]},"properties":{"name":"kyushu_line_906","loading_pct":11.5,"p_mw":7.9,"synthetic":false}},{"type":"Feature","geometry":{"type":"LineString","coordinates":[[130.4739228,31.3366349],[130.4691458,31.32165]]},"properties":{"name":"kyushu_line_907","loading_pct":29.5,"p_mw":-20.3,"synthetic":false}},{"type":"Feature","geometry":{"type":"LineString","coordinates":[[130.49641338,31.53013404],[130.4963594,31.5302503],[130.497885,31.5308188],[130.4993274,31.5313802],[130.5007583,31.5319318],[130.5024857,31.5326083],[130.5034305,31.5329783],[130.5036684,31.5328357],[130.5039403,31.5327744],[130.5042725,31.532707],[130.5044723,31.5326453],[130.5048088,31.5325176],[130.505339,31.5323255],[130.5055255,31.5322343],[130.5056428,31.5321361],[130.506121,31.5314287],[130.5064772,31.5308717],[130.5067674,31.530407],[130.5072067,31.529724],[130.5075662,31.5291257],[130.5077675,31.5287758],[130.5080446,31.5282777],[130.5082054,31.5279925],[130.5088747,31.5271055],[130.509676,31.5271512],[130.5101492,31.527149],[130.5107048,31.5271211],[130.5110564,31.5270832],[130.5131872,31.5265295],[130.5139124,31.5263095],[130.5140448,31.5265297],[130.5145153,31.5272618],[130.5146714,31.5275522],[130.5148467,31.5278276],[130.5148952,31.5278958],[130.5144514,31.5282261],[130.51460298,31.528372339999997]]},"properties":{"name":"kyushu_line_908","loading_pct":23.7,"p_mw":16.2,"synthetic":false}},{"type":"Feature","geometry":{"type":"LineString","coordinates":[[130.49641338,31.53013404],[130.51598291666667,31.506847500000003]]},"properties":{"name":"kyushu_line_909","loading_pct":5.7,"p_mw":-3.9,"synthetic":false}},{"type":"Feature","geometry":{"type":"LineString","coordinates":[[130.53212882,31.5758327],[130.53462043999997,31.57555754]]},"properties":{"name":"kyushu_line_910","loading_pct":77.8,"p_mw":53.4,"synthetic":false}},{"type":"Feature","geometry":{"type":"LineString","coordinates":[[130.53212882,31.5758327],[130.53235561666668,31.597563433333335]]},"properties":{"name":"kyushu_line_911","loading_pct":94.1,"p_mw":-64.6,"synthetic":false}},{"type":"Feature","geometry":{"type":"LineString","coordinates":[[130.53462043999997,31.57555754],[130.53500807777777,31.575503427777775]]},"properties":{"name":"kyushu_line_912","loading_pct":23.7,"p_mw":16.2,"synthetic":false}},{"type":"Feature","geometry":{"type":"LineString","coordinates":[[130.53462043999997,31.57555754],[130.54099779999999,31.57296076]]},"properties":{"name":"kyushu_line_913","loading_pct":30.5,"p_mw":20.9,"synthetic":false}},{"type":"Feature","geometry":{"type":"LineString","coordinates":[[130.4981317,31.6077021],[130.5143242,31.6306635]]},"properties":{"name":"kyushu_line_914","loading_pct":4.2,"p_mw":-2.9,"synthetic":false}},{"type":"Feature","geometry":{"type":"LineString","coordinates":[[130.46586657692308,31.301938153846155],[130.4996287,31.279994979999998]]},"properties":{"name":"kyushu_line_915","loading_pct":80.0,"p_mw":-75.2,"synthetic":false}},{"type":"Feature","geometry":{"type":"LineString","coordinates":[[130.46586657692308,31.301938153846155],[130.4691458,31.32165]]},"properties":{"name":"kyushu_line_916","loading_pct":53.2,"p_mw":36.5,"synthetic":false}},{"type":"Feature","geometry":{"type":"LineString","coordinates":[[130.6206973,31.2512852],[130.6192892,31.2500001],[130.6159091,31.2482985],[130.6132501,31.248372],[130.6121334,31.2467047],[130.6113722,31.2439197],[130.6084653,31.2426978],[130.6083081,31.2396547],[130.608405,31.2373418],[130.60905152,31.23549896]]},"properties":{"name":"kyushu_line_917","loading_pct":35.0,"p_mw":-24.0,"synthetic":false}},{"type":"Feature","geometry":{"type":"LineString","coordinates":[[130.6206973,31.2512852],[130.6222138,31.2505643],[130.6254198,31.2493443],[130.6281512,31.2481902],[130.6294034,31.2465723],[130.6305982,31.2445819],[130.6313956,31.2433165],[130.6316665,31.2417645],[130.6319539,31.240138],[130.6323247,31.2380273],[130.6327685,31.2355645],[130.6332044,31.2332261],[130.6347229,31.2310467],[130.6352928,31.2302075],[130.6355493,31.229033],[130.633536,31.2261656],[130.6309042,31.2239173],[130.6298342,31.2223929],[130.6280571,31.2198305],[130.6282871,31.2173848],[130.6272331,31.2159612],[130.62568916666666,31.210349025]]},"properties":{"name":"kyushu_line_918","loading_pct":80.0,"p_mw":107.2,"synthetic":false}},{"type":"Feature","geometry":{"type":"LineString","coordinates":[[130.6206973,31.2512852],[130.62069686666666,31.268596783333333]]},"properties":{"name":"kyushu_line_919","loading_pct":80.0,"p_mw":-99.5,"synthetic":false}},{"type":"Feature","geometry":{"type":"LineString","coordinates":[[130.3029051,31.7279963],[130.27197446,31.72718084]]},"properties":{"name":"kyushu_line_920","loading_pct":47.3,"p_mw":32.5,"synthetic":false}},{"type":"Feature","geometry":{"type":"LineString","coordinates":[[130.3029051,31.7279963],[130.3040891,31.72646],[130.3043754,31.7250395],[130.3046808,31.7227472],[130.3049684,31.720972],[130.3050252,31.7188348],[130.3051084,31.7157043],[130.3054714,31.7135325],[130.3057227,31.711722],[130.3048075,31.709304],[130.3034469,31.7067201],[130.3024836,31.7038098],[130.3024984,31.700973],[130.3023712,31.698573],[130.3036534,31.6943539],[130.3047469,31.6917368],[130.305874,31.6891521],[130.3070043,31.6868197],[130.3088142,31.6845093],[130.3099791,31.6826409],[130.3137279,31.6789194],[130.3147288,31.6775748],[130.3157432,31.6755716],[130.3182976,31.6744499],[130.3213358,31.673529],[130.3237987,31.6728589],[130.325643,31.6720737],[130.3273959,31.6702446],[130.3291607,31.6683923],[130.3314261,31.6664328],[130.3334804,31.6646176],[130.3359092,31.6624473],[130.337445,31.6612277],[130.3401621,31.6590738],[130.3421265,31.6575118],[130.3442229,31.6563849],[130.3453864,31.6550707],[130.3462335,31.6527492],[130.3479334,31.6508947],[130.3489566,31.648765],[130.3503575,31.645572],[130.35118,31.6445254],[130.3513047,31.6442905],[130.3520625,31.6428627],[130.3531691,31.6409546],[130.3547108,31.6392608],[130.3569322,31.6377385],[130.3592899,31.6361723],[130.3628364,31.6345631],[130.367671275,31.6326448]]},"properties":{"name":"kyushu_line_921","loading_pct":38.4,"p_mw":-26.3,"synthetic":false}},{"type":"Feature","geometry":{"type":"LineString","coordinates":[[130.3029051,31.7279963],[130.303557,31.7297595],[130.3055596,31.7322663],[130.3070688,31.7341481],[130.3101116,31.7382082],[130.3116014,31.7415218],[130.3126252,31.7437915],[130.3130703,31.7468716],[130.3132286,31.7480241],[130.3134969,31.7499374],[130.3136689,31.7514825],[130.3145282,31.7549383],[130.3159832,31.7576696],[130.3169988,31.7594452],[130.3188862,31.7628275],[130.3205161,31.7644316],[130.321505,31.7679474],[130.3222296,31.7692576],[130.3232071,31.7711381],[130.3232549,31.7739761],[130.3231075,31.774825],[130.3231173,31.7763815],[130.3230623,31.7786237],[130.3231962,31.7811809],[130.3238347,31.7825233],[130.3240907,31.784705],[130.3233283,31.787837],[130.31523946666667,31.800914849999998]]},"properties":{"name":"kyushu_line_922","loading_pct":32.6,"p_mw":-22.4,"synthetic":false}},{"type":"Feature","geometry":{"type":"LineString","coordinates":[[130.27197446,31.72718084],[130.2998609,31.727603],[130.2974598,31.7277319],[130.2948681,31.7278159],[130.2919829,31.7276894],[130.2897987,31.7277025],[130.288275,31.7275315],[130.2855919,31.7271514],[130.2849576,31.7271055],[130.2843805,31.7270638],[130.2836733,31.7270127],[130.2809868,31.7269951],[130.2775301,31.7266766],[130.2744072,31.7250832],[130.2721437,31.726578],[130.2704141,31.7260069],[130.2706607,31.7243964],[130.2707146,31.7239243],[130.2707642,31.7234906],[130.27077024,31.72199936]]},"properties":{"name":"kyushu_line_923","loading_pct":23.7,"p_mw":16.2,"synthetic":false}},{"type":"Feature","geometry":{"type":"LineString","coordinates":[[130.56813062857142,31.617810314285716],[130.5679011,31.6178202],[130.5661097,31.6165172],[130.56845,31.6140694],[130.5692883,31.6132502],[130.56926994,31.6127791]]},"properties":{"name":"kyushu_line_929","loading_pct":71.0,"p_mw":48.7,"synthetic":false}},{"type":"Feature","geometry":{"type":"LineString","coordinates":[[130.54592259999998,31.60437024],[130.5463493,31.6024149],[130.5467808,31.6003321],[130.5468588,31.5983106],[130.5482929,31.5976267]]},"properties":{"name":"kyushu_line_930","loading_pct":23.7,"p_mw":16.2,"synthetic":false}},{"type":"Feature","geometry":{"type":"LineString","coordinates":[[130.56926994,31.6127791],[130.5691967,31.6127065],[130.5692699,31.6124434],[130.5687353,31.6123464],[130.5684812,31.6122806],[130.568341,31.6122322],[130.5680747,31.6121387],[130.5678572,31.6120469],[130.5675685,31.6119898],[130.5666583,31.6118325],[130.5662212,31.6117321],[130.5657801,31.6115953],[130.5655017,31.6113253],[130.5651785,31.6110448],[130.5649955,31.6108994],[130.5646337,31.6107211],[130.5643897,31.6106276],[130.5640259,31.6104164],[130.5639629,31.6096859],[130.5638612,31.6089553],[130.5637596,31.6082179],[130.5636844,31.6075098],[130.5636125,31.606824],[130.5635991,31.6055763],[130.5636194,31.6047402],[130.5636296,31.6041723],[130.5636357,31.6039161],[130.5624323,31.6034521],[130.5607838,31.6028687],[130.5606211,31.6027475],[130.5605866,31.6020584],[130.5605175,31.6011772],[130.5605195,31.6007201],[130.5605032,31.6005262],[130.5605114,31.6003669],[130.5607899,31.6000137],[130.5609464,31.5997662],[130.5617932,31.5989532],[130.561931,31.5988289],[130.5620571,31.5986967],[130.5622287,31.598452],[130.5623479,31.5982441],[130.5618878,31.5976607],[130.5614613,31.5971136],[130.5610684,31.5965861],[130.5607216,31.5961429],[130.5605216,31.5958656],[130.5604668,31.5957224],[130.5604155,31.5953818],[130.560419,31.5951361],[130.5604951,31.5947909],[130.56059588571426,31.594857685714285]]},"properties":{"name":"kyushu_line_931","loading_pct":47.3,"p_mw":32.5,"synthetic":false}},{"type":"Feature","geometry":{"type":"LineString","coordinates":[[130.367671275,31.6326448],[130.3688513,31.6332057],[130.3704382,31.6324533],[130.3722144,31.6323878],[130.3753208,31.633271],[130.3765717,31.6338832],[130.3787446,31.6348096],[130.3818352,31.6352895],[130.3835061,31.6374836],[130.3852978,31.6386944],[130.3882957,31.6387508],[130.38938234285715,31.638422628571426]]},"properties":{"name":"kyushu_line_932","loading_pct":14.0,"p_mw":-9.6,"synthetic":false}},{"type":"Feature","geometry":{"type":"LineString","coordinates":[[130.367671275,31.6326448],[130.34569586,31.58518798]]},"properties":{"name":"kyushu_line_933","loading_pct":11.3,"p_mw":-7.8,"synthetic":false}},{"type":"Feature","geometry":{"type":"LineString","coordinates":[[130.33483090588234,31.806879105882352],[130.3358775,31.813041],[130.3370042,31.8158524],[130.337854,31.8181499],[130.3380651,31.8198206],[130.3370781,31.8218119],[130.336413,31.8238547],[130.3360911,31.8249356],[130.3360119,31.8264693],[130.3351674,31.8301848],[130.3343202,31.8328642],[130.3337132,31.8343822],[130.3335681,31.8363194],[130.33351,31.8383462],[130.3327895,31.8398349],[130.3318342,31.8416845],[130.3308471,31.8439623],[130.3291765,31.8467445],[130.3275561,31.8475493],[130.3243997,31.8491186],[130.3183772,31.8522907],[130.3162897,31.8527457],[130.3132811,31.8536155],[130.3113888,31.8527637],[130.3070991,31.8509221],[130.3050264,31.8517794],[130.3006625,31.8519495],[130.2984724,31.8507036],[130.2968093,31.8498818],[130.29543096,31.846389520000002]]},"properties":{"name":"kyushu_line_936","loading_pct":2.8,"p_mw":19.2,"synthetic":false}},{"type":"Feature","geometry":{"type":"LineString","coordinates":[[130.31523946666667,31.800914849999998],[130.3223981,31.7916141],[130.3207431,31.7936275],[130.3190331,31.7958884],[130.3172756,31.7978474],[130.3151641,31.79914],[130.3148282,31.8017848],[130.3147435,31.80375],[130.3140723,31.8057896],[130.3140626,31.8066948],[130.3143667,31.8079469],[130.3138201,31.8096236],[130.320104925,31.8111352625]]},"properties":{"name":"kyushu_line_938","loading_pct":9.2,"p_mw":6.3,"synthetic":false}},{"type":"Feature","geometry":{"type":"LineString","coordinates":[[130.62568916666666,31.210349025],[130.5955257,31.2110629]]},"properties":{"name":"kyushu_line_939","loading_pct":80.0,"p_mw":151.4,"synthetic":false}},{"type":"Feature","geometry":{"type":"LineString","coordinates":[[130.62956285714284,31.72901104285714],[130.6564407,31.741553666666665]]},"properties":{"name":"kyushu_line_940","loading_pct":80.0,"p_mw":-159.8,"synthetic":false}},{"type":"Feature","geometry":{"type":"LineString","coordinates":[[130.62956285714284,31.72901104285714],[130.59562494,31.68091476]]},"properties":{"name":"kyushu_line_941","loading_pct":80.0,"p_mw":168.7,"synthetic":false}},{"type":"Feature","geometry":{"type":"LineString","coordinates":[[130.59562494,31.68091476],[130.59705132,31.67693084]]},"properties":{"name":"kyushu_line_942","loading_pct":80.0,"p_mw":167.6,"synthetic":false}},{"type":"Feature","geometry":{"type":"LineString","coordinates":[[130.59705132,31.67693084],[130.57521938,31.64867408]]},"properties":{"name":"kyushu_line_943","loading_pct":80.0,"p_mw":181.5,"synthetic":false}},{"type":"Feature","geometry":{"type":"LineString","coordinates":[[130.57521938,31.64867408],[130.5752573,31.6484812],[130.574187,31.6483175],[130.5740856,31.6483043],[130.5737557,31.6482615],[130.5730908,31.6481751],[130.5729745,31.64816],[130.5704159,31.6478062],[130.5684208,31.6475664],[130.5673337,31.647429],[130.5668618,31.649947],[130.565754,31.649776],[130.5645671,31.6499044],[130.5644789,31.6498729],[130.5642913,31.6497438],[130.5641874,31.6495568],[130.5631955,31.6487925],[130.5631562,31.6487742],[130.56307936000002,31.648988959999997]]},"properties":{"name":"kyushu_line_944","loading_pct":80.0,"p_mw":225.7,"synthetic":false}},{"type":"Feature","geometry":{"type":"LineString","coordinates":[[130.7694885,31.7680398],[130.76653717142855,31.73762375714286]]},"properties":{"name":"kyushu_line_945","loading_pct":16.3,"p_mw":11.2,"synthetic":false}},{"type":"Feature","geometry":{"type":"LineString","coordinates":[[130.7694885,31.7680398],[130.754815,31.7548631]]},"properties":{"name":"kyushu_line_946","loading_pct":80.0,"p_mw":-81.0,"synthetic":false}},{"type":"Feature","geometry":{"type":"LineString","coordinates":[[130.4996287,31.279994979999998],[130.5221789,31.2741241]]},"properties":{"name":"kyushu_line_947","loading_pct":80.0,"p_mw":-91.5,"synthetic":false}},{"type":"Feature","geometry":{"type":"LineString","coordinates":[[130.5221789,31.2741241],[130.52598471666667,31.26058145]]},"properties":{"name":"kyushu_line_948","loading_pct":80.0,"p_mw":-107.7,"synthetic":false}},{"type":"Feature","geometry":{"type":"LineString","coordinates":[[130.52598471666667,31.26058145],[130.52174564,31.24405128]]},"properties":{"name":"kyushu_line_949","loading_pct":80.0,"p_mw":-118.9,"synthetic":false}},{"type":"Feature","geometry":{"type":"LineString","coordinates":[[130.52174564,31.24405128],[130.5955257,31.2110629]]},"properties":{"name":"kyushu_line_950","loading_pct":80.0,"p_mw":-135.1,"synthetic":false}},{"type":"Feature","geometry":{"type":"LineString","coordinates":[[130.50107545999998,31.469410700000005],[130.500955,31.4694441],[130.5010161,31.4696696],[130.5011622,31.4701823],[130.5013389,31.4708479],[130.501541,31.4715873],[130.501696,31.4720989],[130.5017876,31.472371],[130.5018727,31.4725325],[130.5020138,31.4726854],[130.5021549,31.4727862],[130.5023341,31.4728621],[130.5025832,31.4729651],[130.5029734,31.4731038],[130.5034716,31.473274],[130.5041198,31.4734767],[130.5044554,31.4735949],[130.504735,31.4737087],[130.5049371,31.4733694],[130.5052396,31.4728729],[130.5056501,31.473055],[130.5058624,31.4727331],[130.5061979,31.4721867],[130.5062297,31.472203],[130.5063149,31.4723081],[130.5063581,31.4723894],[130.5064572,31.4727266],[130.506475,31.4727667],[130.5066263,31.4729455],[130.5067559,31.4731038],[130.5068258,31.4730984],[130.5069326,31.4730301],[130.5071537,31.4728361],[130.507455,31.4726897],[130.507788,31.4725683],[130.50799,31.4723808],[130.5082595,31.4721314],[130.5085201,31.4719753],[130.5087882,31.4719569],[130.5088823,31.4719753],[130.5090412,31.4720263],[130.5092534,31.4721477],[130.5096576,31.4723992],[130.5097911,31.472448],[130.5098876,31.4724556],[130.510105,31.4723764],[130.5106045,31.4721553],[130.5107774,31.4721293],[130.5108765,31.472151],[130.5109146,31.4722691],[130.5109578,31.472538],[130.5110036,31.4725737],[130.5111599,31.4725618],[130.5117471,31.4725033],[130.5117675,31.472887],[130.5118119,31.4733217],[130.5118259,31.4736285],[130.5118386,31.473906],[130.5118914,31.4743684],[130.5121761,31.4743502],[130.5126079,31.4742212],[130.514097,31.474078],[130.51430143333334,31.474484216666667]]},"properties":{"name":"kyushu_line_951","loading_pct":9.0,"p_mw":6.2,"synthetic":false}},{"type":"Feature","geometry":{"type":"LineString","coordinates":[[130.38938234285715,31.638422628571426],[130.3891192,31.637842],[130.3899656,31.6376321],[130.3937304,31.6363754],[130.3958654,31.6363378],[130.3963909,31.6346265],[130.3971954,31.6338869],[130.3963942,31.6332467],[130.39552758,31.633452899999998]]},"properties":{"name":"kyushu_line_952","loading_pct":37.7,"p_mw":-25.9,"synthetic":false}},{"type":"Feature","geometry":{"type":"LineString","coordinates":[[130.39552758,31.633452899999998],[130.4151908,31.641506099999997]]},"properties":{"name":"kyushu_line_953","loading_pct":46.7,"p_mw":-32.0,"synthetic":false}},{"type":"Feature","geometry":{"type":"LineString","coordinates":[[130.34569586,31.58518798],[130.34269192,31.51017958]]},"properties":{"name":"kyushu_line_954","loading_pct":5.7,"p_mw":-3.9,"synthetic":false}},{"type":"Feature","geometry":{"type":"LineString","coordinates":[[130.29543096,31.846389520000002],[130.294121,31.8468656],[130.2926933,31.8455339],[130.29217691333332,31.84437278]]},"properties":{"name":"kyushu_line_955","loading_pct":0.9,"p_mw":6.5,"synthetic":false}},{"type":"Feature","geometry":{"type":"LineString","coordinates":[[130.4210409,31.8368784],[130.4211342,31.8377146],[130.4222014,31.839284],[130.4240379,31.8416773],[130.4254395,31.8440586],[130.4258142,31.8471898],[130.425845,31.8499896],[130.4262096,31.8523837],[130.4272415,31.8555191],[130.4298033,31.8574072],[130.4315437,31.8603854],[130.4333508,31.8606427],[130.4359794,31.8635336],[130.4376017,31.8653388],[130.4384796,31.8675842],[130.4394243,31.8710679],[130.4390649,31.8733917],[130.4389725,31.8758244],[130.4401584,31.8776424],[130.4412673,31.8791116],[130.4427664,31.881566],[130.4426792,31.883689],[130.4439678,31.8854719],[130.4453539,31.8872025],[130.446776,31.8890072],[130.4487731,31.8905656],[130.4509602,31.892004],[130.4523669,31.8929412],[130.4541535,31.8941224],[130.4556269,31.8952884],[130.457126,31.8969848],[130.4581374,31.8987884],[130.459349,31.899464],[130.4629119,31.9013164],[130.4633843,31.9017958],[130.4656637,31.9041276],[130.4670704,31.9057598],[130.4685747,31.9073723],[130.4708233,31.9093291],[130.4724251,31.910898],[130.4737028,31.9122035],[130.474932,31.9146553],[130.4761523,31.9173695],[130.476383,31.9189884],[130.47568777142857,31.91879614285714]]},"properties":{"name":"kyushu_line_957","loading_pct":16.3,"p_mw":11.2,"synthetic":false}},{"type":"Feature","geometry":{"type":"LineString","coordinates":[[130.4210409,31.8368784],[130.43160373333333,31.824175]]},"properties":{"name":"kyushu_line_958","loading_pct":16.3,"p_mw":11.2,"synthetic":false}},{"type":"Feature","geometry":{"type":"LineString","coordinates":[[130.3210005,31.42820582],[130.3203497,31.427618012499998]]},"properties":{"name":"kyushu_line_959","loading_pct":16.3,"p_mw":11.2,"synthetic":false}},{"type":"Feature","geometry":{"type":"LineString","coordinates":[[131.07782098,31.741675739999998],[131.0820645,31.7493307],[131.0844249,31.7528066],[131.09635631999998,31.762213659999997]]},"properties":{"name":"kyushu_line_960","loading_pct":35.3,"p_mw":-24.2,"synthetic":false}},{"type":"Feature","geometry":{"type":"LineString","coordinates":[[131.09635631999998,31.762213659999997],[131.0967746,31.7635373],[131.095176,31.7645279],[131.09480724,31.76487554]]},"properties":{"name":"kyushu_line_961","loading_pct":42.3,"p_mw":-29.0,"synthetic":false}},{"type":"Feature","geometry":{"type":"LineString","coordinates":[[131.09635631999998,31.762213659999997],[131.3550937,31.640046485714286]]},"properties":{"name":"kyushu_line_962","loading_pct":56.7,"p_mw":38.9,"synthetic":false}},{"type":"Feature","geometry":{"type":"LineString","coordinates":[[131.3550937,31.640046485714286],[131.3815662,31.604851885714286]]},"properties":{"name":"kyushu_line_963","loading_pct":23.7,"p_mw":16.2,"synthetic":false}},{"type":"Feature","geometry":{"type":"LineString","coordinates":[[131.3550937,31.640046485714286],[131.2286301,31.468517514285715]]},"properties":{"name":"kyushu_line_964","loading_pct":9.4,"p_mw":6.4,"synthetic":false}},{"type":"Feature","geometry":{"type":"LineString","coordinates":[[131.05090607777777,31.7277024],[131.05154846,31.7272716]]},"properties":{"name":"kyushu_line_965","loading_pct":80.0,"p_mw":-104.5,"synthetic":false}},{"type":"Feature","geometry":{"type":"LineString","coordinates":[[130.754815,31.7548631],[130.73422244,31.73918964]]},"properties":{"name":"kyushu_line_967","loading_pct":80.0,"p_mw":-97.2,"synthetic":false}},{"type":"Feature","geometry":{"type":"LineString","coordinates":[[130.7517389,31.9622322],[130.7850811857143,32.05857972857143]]},"properties":{"name":"kyushu_line_968","loading_pct":23.7,"p_mw":16.2,"synthetic":false}},{"type":"Feature","geometry":{"type":"LineString","coordinates":[[130.7517389,31.9622322],[130.740613,31.9673626]]},"properties":{"name":"kyushu_line_969","loading_pct":84.8,"p_mw":58.1,"synthetic":false}},{"type":"Feature","geometry":{"type":"LineString","coordinates":[[130.740613,31.9673626],[130.7254686,31.9763974]]},"properties":{"name":"kyushu_line_970","loading_pct":61.1,"p_mw":41.9,"synthetic":false}},{"type":"Feature","geometry":{"type":"LineString","coordinates":[[130.7254686,31.9763974],[130.71097552,31.9563693]]},"properties":{"name":"kyushu_line_971","loading_pct":79.0,"p_mw":-54.2,"synthetic":false}},{"type":"Feature","geometry":{"type":"LineString","coordinates":[[130.21602664166667,32.76109865833333],[130.2175998,32.7584433],[130.217868,32.7570087],[130.2173745,32.753589],[130.2182006,32.7502505],[130.2154112,32.74776],[130.2141881,32.7460996],[130.21407,32.7413981],[130.2144778,32.7385103],[130.2145421,32.7372288],[130.2151215,32.7349365],[130.2160227,32.7331992],[130.2180343,32.7294176],[130.2191609,32.7264121],[130.2194345,32.724115],[130.2207595,32.7217457],[130.2210277,32.7196154],[130.2205664,32.7166412],[130.2201372,32.7139331],[130.2196866,32.7106833],[130.2209365,32.7071445],[130.2224761,32.7043595],[130.2244609,32.7017729],[130.2247667,32.6996738],[130.2249759,32.6978997],[130.2272773,32.6949563],[130.2291548,32.6925862],[130.2312899,32.6906178],[130.232647,32.6893582],[130.234369,32.6872813],[130.2364826,32.6848253],[130.2400821,32.6826445],[130.2432096,32.6807797],[130.2455055,32.6794071],[130.2486491,32.6785198],[130.2507412,32.6768966],[130.252195,32.6757226],[130.2536755,32.6725482],[130.2548986,32.6706471],[130.2572751,32.6687143],[130.2601987,32.6677931],[130.2612984,32.6655035],[130.2623016,32.663451],[130.2634844,32.6609491],[130.2650642,32.6588874],[130.26793385294118,32.65734551176471]]},"properties":{"name":"kyushu_line_974","loading_pct":48.2,"p_mw":33.1,"synthetic":false}},{"type":"Feature","geometry":{"type":"LineString","coordinates":[[130.26793385294118,32.65734551176471],[130.269734,32.6576364],[130.2706835,32.6583838],[130.2745271,32.6599487],[130.2778798,32.6613578],[130.2795803,32.6634804],[130.2816832,32.6656164],[130.2836519,32.6675628],[130.2863019,32.6692382],[130.2870959,32.6712612],[130.2893114,32.6734151],[130.2904701,32.6745982],[130.293104,32.6766573],[130.2952498,32.6787795],[130.2964461,32.6800392],[130.2959257,32.6826625],[130.2960759,32.6845498],[130.2955931,32.6864551],[130.2948475,32.6890873],[130.2950245,32.6908074],[130.295223,32.6927893],[130.2953893,32.6942791],[130.2972132,32.6974437],[130.2989512,32.7002742],[130.2992999,32.7027569],[130.3000349,32.7072709],[130.3000885,32.7090177],[130.3001261,32.7107916],[130.2999007,32.7136217],[130.2990478,32.7163252],[130.2984577,32.7181531],[130.2978676,32.7199133],[130.2989566,32.7202698],[130.3021699,32.7215832],[130.3061288,32.7231718],[130.3081995,32.7237675],[130.3112304,32.7240789],[130.3151947,32.7247333],[130.317142,32.725505],[130.3190249,32.7260014],[130.3205216,32.7270033],[130.3226298,32.7281676],[130.3266048,32.7303608],[130.3284287,32.7310286],[130.3338361,32.7327163],[130.3398549,32.7345394],[130.3411263,32.7351666],[130.3434169,32.7366918],[130.3463083,32.7383343],[130.3484112,32.7396745],[130.3500956,32.7415876],[130.3520483,32.7438797],[130.3534484,32.7460184],[130.3551221,32.749127],[130.3577667,32.7495286],[130.3607279,32.7524521],[130.3617793,32.7544191],[130.3621924,32.7563455],[130.3620422,32.7579245],[130.3608995,32.7600808],[130.3620958,32.7619349],[130.3625733,32.7634596],[130.3629942,32.7648839],[130.3630398,32.7650383],[130.3634047,32.7665541],[130.3637749,32.7681645],[130.3642845,32.7702755],[130.3648424,32.7717189],[130.3646815,32.7728781],[130.3644642,32.7756385],[130.3644817,32.7778046],[130.36392785833334,32.782945258333335]]},"properties":{"name":"kyushu_line_975","loading_pct":31.9,"p_mw":21.9,"synthetic":false}},{"type":"Feature","geometry":{"type":"LineString","coordinates":[[132.05189772,34.09654302],[132.1250449,34.0918288]]},"properties":{"name":"kyushu_line_976","loading_pct":23.7,"p_mw":-16.2,"synthetic":false}},{"type":"Feature","geometry":{"type":"LineString","coordinates":[[132.095055,33.9822798],[132.1250449,34.0918288]]},"properties":{"name":"kyushu_line_977","loading_pct":47.3,"p_mw":32.5,"synthetic":false}},{"type":"Feature","geometry":{"type":"LineString","coordinates":[[131.04230398888888,34.0687105],[131.12557448,34.04880276]]},"properties":{"name":"kyushu_line_979","loading_pct":4.6,"p_mw":3.2,"synthetic":false}},{"type":"Feature","geometry":{"type":"LineString","coordinates":[[131.12557448,34.04880276],[131.13239018,34.04884432]]},"properties":{"name":"kyushu_line_980","loading_pct":32.3,"p_mw":22.2,"synthetic":false}},{"type":"Feature","geometry":{"type":"LineString","coordinates":[[131.13239018,34.04884432],[131.13328175,34.0493168375]]},"properties":{"name":"kyushu_line_981","loading_pct":8.6,"p_mw":5.9,"synthetic":false}},{"type":"Feature","geometry":{"type":"LineString","coordinates":[[130.2817615,32.0900387],[130.2457806777778,32.07671087777778]]},"properties":{"name":"kyushu_line_982","loading_pct":63.7,"p_mw":43.7,"synthetic":false}},{"type":"Feature","geometry":{"type":"LineString","coordinates":[[130.2817615,32.0900387],[130.32992054000002,32.063527480000005]]},"properties":{"name":"kyushu_line_983","loading_pct":23.7,"p_mw":16.2,"synthetic":false}},{"type":"Feature","geometry":{"type":"LineString","coordinates":[[130.2457806777778,32.07671087777778],[130.2453941,32.0767674],[130.2419923,32.0772898],[130.2375251,32.0779507],[130.2378612,32.0814971],[130.234821,32.0829945],[130.2324784,32.0861914],[130.2310207,32.0881114],[130.2296916,32.0924611],[130.229317,32.0962649],[130.2293542,32.0997626],[130.2271644,32.1004703],[130.2236147,32.101151],[130.2180998,32.1020479],[130.2144892,32.103071],[130.2094572,32.1035553],[130.2048511,32.1039454],[130.1997069,32.1058273],[130.1958873,32.1072354],[130.1929448,32.1062351],[130.1893076,32.10505],[130.1856421,32.1063642],[130.1818669,32.1083912],[130.1730538,32.1129641],[130.1698244,32.1146507],[130.1704963,32.1178859],[130.1711893,32.1197153],[130.1713701,32.1216434],[130.1715022,32.1232268],[130.1690486,32.1266093],[130.1679754,32.128542],[130.1666355,32.1311157],[130.1640326,32.1320654],[130.161885,32.1328636],[130.1601976,32.1335022],[130.1591722,32.135631],[130.1555806,32.1384873],[130.1556037,32.1416049],[130.1557931,32.1446393],[130.1558037,32.1472026],[130.1551331,32.14772658]]},"properties":{"name":"kyushu_line_984","loading_pct":23.7,"p_mw":16.2,"synthetic":false}},{"type":"Feature","geometry":{"type":"LineString","coordinates":[[130.2457806777778,32.07671087777778],[130.249207,32.0765656],[130.251621,32.0772565],[130.2542496,32.0779656],[130.255301,32.0754929],[130.2559125,32.0727201],[130.2565884,32.0700563],[130.2584016,32.067356],[130.2584016,32.0648739],[130.2575219,32.0623735],[130.2567816,32.0599731],[130.2561164,32.0569998],[130.2551508,32.053799],[130.25455,32.0519804],[130.2531874,32.0485066],[130.2526188,32.0456511],[130.2505481,32.0417679],[130.2496683,32.0396944],[130.2475119,32.0367204],[130.2457094,32.0340919],[130.2444649,32.0316089],[130.2435315,32.029717],[130.2406132,32.0264698],[130.2394223,32.0247598],[130.239079,32.0237774],[130.2385747,32.0230042],[130.2373946,32.0208756],[130.2350449,32.0183286],[130.234015,32.0168185],[130.2334893,32.0160908],[130.2326739,32.0150082],[130.2304101,32.0109781],[130.2293265,32.0085491],[130.2285862,32.0062382],[130.2275562,32.0049736],[130.2253783,32.0022987],[130.2229643,32.0011341],[130.2210438,31.9997238],[130.2164197,31.9975947],[130.2121925,31.9984227],[130.2083409,31.999096],[130.2053797,32.0001515],[130.2017319,32.0009976],[130.1995218,32.0020894],[130.19892298333335,32.002173075]]},"properties":{"name":"kyushu_line_985","loading_pct":23.7,"p_mw":16.2,"synthetic":false}},{"type":"Feature","geometry":{"type":"LineString","coordinates":[[130.29390656666666,31.283536100000003],[130.29543257142856,31.275338842857142]]},"properties":{"name":"kyushu_line_986","loading_pct":16.3,"p_mw":11.2,"synthetic":false}},{"type":"Feature","geometry":{"type":"LineString","coordinates":[[130.29390656666666,31.283536100000003],[130.2933858,31.2838059],[130.293119,31.2838568],[130.2905357,31.2842704],[130.288511,31.2856415],[130.2860746,31.2852031],[130.2800909,31.2842196],[130.2783377,31.283707],[130.2757509,31.2836711],[130.2732978,31.2825476],[130.270747,31.2818523],[130.2674802,31.2821693],[130.2656164,31.2825623],[130.2615973,31.2818121],[130.2601269,31.2796476],[130.2580258,31.2773141],[130.2568648,31.2763986],[130.2538571,31.2743011],[130.2520321,31.2740941],[130.2486306,31.2747847],[130.24845986,31.274632959999998]]},"properties":{"name":"kyushu_line_987","loading_pct":9.0,"p_mw":6.2,"synthetic":false}},{"type":"Feature","geometry":{"type":"LineString","coordinates":[[131.21889186,31.465771359999998],[131.2231746,31.4703169],[131.2255814,31.4695538],[131.2286301,31.468517514285715]]},"properties":{"name":"kyushu_line_988","loading_pct":14.3,"p_mw":9.8,"synthetic":false}},{"type":"Feature","geometry":{"type":"LineString","coordinates":[[130.94416952,31.265734079999998],[130.8748588,31.3528972]]},"properties":{"name":"kyushu_line_989","loading_pct":23.7,"p_mw":-16.2,"synthetic":false}},{"type":"Feature","geometry":{"type":"LineString","coordinates":[[130.8748588,31.3528972],[130.80533165,31.21029395]]},"properties":{"name":"kyushu_line_990","loading_pct":23.7,"p_mw":16.2,"synthetic":false}},{"type":"Feature","geometry":{"type":"LineString","coordinates":[[130.8748588,31.3528972],[130.85256465,31.3773395125]]},"properties":{"name":"kyushu_line_991","loading_pct":71.0,"p_mw":-48.7,"synthetic":false}},{"type":"Feature","geometry":{"type":"LineString","coordinates":[[130.73422244,31.73918964],[130.7272065,31.738432820000003]]},"properties":{"name":"kyushu_line_992","loading_pct":84.7,"p_mw":-58.1,"synthetic":false}},{"type":"Feature","geometry":{"type":"LineString","coordinates":[[131.38861604,31.923331280000003],[131.41820011428572,31.9187227]]},"properties":{"name":"kyushu_line_993","loading_pct":23.7,"p_mw":16.2,"synthetic":false}},{"type":"Feature","geometry":{"type":"LineString","coordinates":[[131.02125666,31.72288586],[131.00212704,31.6995324]]},"properties":{"name":"kyushu_line_994","loading_pct":133.0,"p_mw":-228.1,"synthetic":false}},{"type":"Feature","geometry":{"type":"LineString","coordinates":[[131.3886523,31.85810976666667],[131.40010665,31.856235316666666]]},"properties":{"name":"kyushu_line_995","loading_pct":47.3,"p_mw":32.5,"synthetic":false}},{"type":"Feature","geometry":{"type":"LineString","coordinates":[[131.3886523,31.85810976666667],[131.3782935,31.8499103],[131.3753675,31.8506338],[131.37202,31.8518984],[131.3689464,31.8500474],[131.3653224,31.8493812],[131.3620473,31.8479458],[131.3578143,31.8461047],[131.3542428,31.8447724],[131.3524352,31.8432862],[131.3506838,31.8403032],[131.349113,31.8388947],[131.3458741,31.8364553],[131.3433965,31.8346876],[131.3404806,31.8324427],[131.337591,31.8321991],[131.3353396,31.8325302],[131.3331526,31.8324081],[131.3304538,31.8324229],[131.3281584,31.8310873],[131.3260145,31.8295297],[131.3246126,31.8272007],[131.3221314,31.8262793],[131.3162298,31.8266548],[131.3131122,31.8284968],[131.3120483,31.8291051],[131.3090459,31.8286325],[131.30629368,31.82844776]]},"properties":{"name":"kyushu_line_996","loading_pct":23.7,"p_mw":16.2,"synthetic":false}},{"type":"Feature","geometry":{"type":"LineString","coordinates":[[131.3886523,31.85810976666667],[131.4196508,31.829888116666666]]},"properties":{"name":"kyushu_line_997","loading_pct":23.7,"p_mw":16.2,"synthetic":false}},{"type":"Feature","geometry":{"type":"LineString","coordinates":[[131.40010665,31.856235316666666],[131.40492296,31.85563808]]},"properties":{"name":"kyushu_line_998","loading_pct":23.7,"p_mw":16.2,"synthetic":false}},{"type":"Feature","geometry":{"type":"LineString","coordinates":[[129.84870017999998,33.28192198],[129.8480974,33.2820492],[129.8459221,33.2802476],[129.8448077,33.2786286],[129.8423052,33.2761889],[129.8395948,33.274738],[129.8357365,33.2732244],[129.8338884,33.2739307],[129.8311418,33.2739801],[129.8256183,33.28175592]]},"properties":{"name":"kyushu_line_999","loading_pct":16.3,"p_mw":-11.2,"synthetic":false}},{"type":"Feature","geometry":{"type":"LineString","coordinates":[[129.8256183,33.28175592],[129.8276389,33.2810773],[129.82979,33.2791264],[129.8302996,33.2772294],[129.8311418,33.2739801],[129.8315495,33.2722421],[129.8339581,33.2680395],[129.8367584,33.2665056],[129.8387647,33.265299],[129.8416722,33.26359],[129.8443919,33.2626481],[129.8478842,33.2614325],[129.8503947,33.2608897],[129.8535919,33.2602214],[129.856773,33.259387],[129.859938,33.2588129],[129.8617619,33.2585213],[129.8657101,33.2579381],[129.8688912,33.2573909],[129.8717826,33.2568885],[129.874481,33.2564937],[129.8770827,33.256099],[129.8792714,33.2557849],[129.8829406,33.2560676],[129.8868298,33.2562918],[129.8898017,33.2565431],[129.8930955,33.2568122],[129.8960084,33.2580503],[129.898932,33.2594812],[129.9004904,33.2610288]]},"properties":{"name":"kyushu_line_1000","loading_pct":35.3,"p_mw":24.2,"synthetic":false}},{"type":"Feature","geometry":{"type":"LineString","coordinates":[[131.5033471,33.4474125],[131.49843744,33.46664944]]},"properties":{"name":"kyushu_line_1002","loading_pct":29.2,"p_mw":20.0,"synthetic":false}},{"type":"Feature","geometry":{"type":"LineString","coordinates":[[130.72625615714284,31.738218585714286],[130.7272065,31.738432820000003]]},"properties":{"name":"kyushu_line_1003","loading_pct":79.1,"p_mw":54.2,"synthetic":false}},{"type":"Feature","geometry":{"type":"LineString","coordinates":[[130.72625615714284,31.738218585714286],[130.6564407,31.741553666666665]]},"properties":{"name":"kyushu_line_1004","loading_pct":36.6,"p_mw":25.1,"synthetic":false}},{"type":"Feature","geometry":{"type":"LineString","coordinates":[[129.8891526,32.783414],[129.8885689,32.7747635],[129.8885582,32.7774005],[129.8885006,32.7799276],[129.8881899,32.7810567],[129.8880783,32.7815872],[129.8865655,32.7817769],[129.885798,32.7830024],[129.8849056,32.7839019],[129.8837982,32.7846898],[129.8807517,32.787261],[129.878645,32.7889733],[129.8779115,32.7902965],[129.8766301,32.7927525],[129.8750042,32.7950948],[129.8741782,32.7962282],[129.8723046,32.7981109],[129.8710509,32.7993563],[129.868374,32.8008582],[129.8664763,32.801817],[129.8827053,32.800343]]},"properties":{"name":"kyushu_line_1005","loading_pct":29.9,"p_mw":-20.5,"synthetic":false}},{"type":"Feature","geometry":{"type":"LineString","coordinates":[[129.8827053,32.800343],[129.9474209,32.8019392]]},"properties":{"name":"kyushu_line_1006","loading_pct":10.8,"p_mw":7.4,"synthetic":false}},{"type":"Feature","geometry":{"type":"LineString","coordinates":[[131.1334562,31.9247481],[131.0354376,31.9634679]]},"properties":{"name":"kyushu_line_1007","loading_pct":24.6,"p_mw":42.2,"synthetic":false}},{"type":"Feature","geometry":{"type":"LineString","coordinates":[[131.0354376,31.9634679],[130.9680072625,31.987554062500003]]},"properties":{"name":"kyushu_line_1008","loading_pct":7.6,"p_mw":13.0,"synthetic":false}},{"type":"Feature","geometry":{"type":"LineString","coordinates":[[130.3188157,32.8111191],[130.36392785833334,32.782945258333335]]},"properties":{"name":"kyushu_line_1010","loading_pct":8.2,"p_mw":-5.6,"synthetic":false}},{"type":"Feature","geometry":{"type":"LineString","coordinates":[[130.3188157,32.8111191],[130.33431217142856,32.84629844285714]]},"properties":{"name":"kyushu_line_1011","loading_pct":16.3,"p_mw":11.2,"synthetic":false}},{"type":"Feature","geometry":{"type":"LineString","coordinates":[[129.99423654444445,33.12769828888889],[129.98540104,33.10137228]]},"properties":{"name":"kyushu_line_1012","loading_pct":5.7,"p_mw":3.9,"synthetic":false}},{"type":"Feature","geometry":{"type":"LineString","coordinates":[[129.98540104,33.10137228],[129.9625526,33.0679669]]},"properties":{"name":"kyushu_line_1013","loading_pct":2.2,"p_mw":1.5,"synthetic":false}},{"type":"Feature","geometry":{"type":"LineString","coordinates":[[129.98540104,33.10137228],[129.9583706,32.9721975]]},"properties":{"name":"kyushu_line_1014","loading_pct":12.8,"p_mw":-8.8,"synthetic":false}},{"type":"Feature","geometry":{"type":"LineString","coordinates":[[129.9625526,33.0679669],[129.93901424,32.96880964]]},"properties":{"name":"kyushu_line_1015","loading_pct":21.4,"p_mw":-14.7,"synthetic":false}},{"type":"Feature","geometry":{"type":"LineString","coordinates":[[129.93901424,32.96880964],[129.9371893,32.9691765],[129.9345778,32.9671051],[129.9318249,32.9645146],[129.9338977,32.9626827],[129.93410543333334,32.96056105]]},"properties":{"name":"kyushu_line_1016","loading_pct":93.7,"p_mw":-64.3,"synthetic":false}},{"type":"Feature","geometry":{"type":"LineString","coordinates":[[129.93901424,32.96880964],[129.9583706,32.9721975]]},"properties":{"name":"kyushu_line_1017","loading_pct":66.6,"p_mw":45.7,"synthetic":false}},{"type":"Feature","geometry":{"type":"LineString","coordinates":[[129.93901424,32.96880964],[129.9722763,32.9388439]]},"properties":{"name":"kyushu_line_1018","loading_pct":62.7,"p_mw":43.0,"synthetic":false}},{"type":"Feature","geometry":{"type":"LineString","coordinates":[[129.9583706,32.9721975],[129.9606603,32.9718846],[129.9615988,32.9704767],[129.9627558,32.968741],[129.9642279,32.9665325],[129.9652705,32.9649684],[129.9659177,32.9639974],[129.9680879,32.9606998],[129.9688102,32.9593284],[129.9693031,32.958414],[129.9712,32.9548618],[129.9723773,32.9526882],[129.9736275,32.9492842],[129.974379,32.9472616],[129.9764874,32.9418141],[129.9782289,32.9372602],[129.9788155,32.9357672],[129.9802136,32.9325222],[129.981704,32.9289095],[129.982568,32.9256998],[129.9833974,32.9222786],[129.9840921,32.9194529],[129.9855398,32.9143131],[129.9861203,32.9118757],[129.9872557,32.9064198],[129.9881382,32.9012028],[129.9885086,32.8991403],[129.9892596,32.894474],[129.9904485,32.8910659],[129.9912329,32.8887966],[129.9918496,32.8869487],[129.9927684,32.8852703],[129.9939689,32.8830525],[129.9961573,32.8790363],[129.9982248,32.876232],[129.9999385,32.8742141],[130.0008046,32.8714997],[130.0014115,32.8695562],[130.0023893,32.8668435],[130.0031673,32.8646864],[130.004161,32.861919],[130.0048705,32.859382],[130.0047242,32.8565093],[130.0046577,32.8547334],[130.0045359,32.8523799]]},"properties":{"name":"kyushu_line_1019","loading_pct":30.1,"p_mw":20.6,"synthetic":false}},{"type":"Feature","geometry":{"type":"LineString","coordinates":[[130.8539674,33.0026712],[130.8252302,32.9966943]]},"properties":{"name":"kyushu_line_1020","loading_pct":10.7,"p_mw":7.3,"synthetic":false}},{"type":"Feature","geometry":{"type":"LineString","coordinates":[[130.8283255,32.2102086],[130.85650142,32.21130932]]},"properties":{"name":"kyushu_line_1021","loading_pct":23.7,"p_mw":16.2,"synthetic":false}},{"type":"Feature","geometry":{"type":"LineString","coordinates":[[130.8283255,32.2102086],[130.84104568,32.195380539999995]]},"properties":{"name":"kyushu_line_1022","loading_pct":9.0,"p_mw":6.2,"synthetic":false}},{"type":"Feature","geometry":{"type":"LineString","coordinates":[[130.76163582,33.88777548],[130.7601249,33.8968687],[130.7625282,33.897728],[130.7640839,33.8985251],[130.767324,33.9002348],[130.769754,33.9014281],[130.7738954,33.9016151],[130.7759607,33.9017799],[130.7778382,33.9018288],[130.7828218,33.9031512],[130.7862335,33.9036944],[130.7898974,33.9038502],[130.7915689,33.90427],[130.7944894,33.9050034],[130.7951867,33.9061031],[130.7968604,33.9068778],[130.797987,33.9079374],[130.79804366000002,33.90888209]]},"properties":{"name":"kyushu_line_1023","loading_pct":1.7,"p_mw":1.1,"synthetic":false}},{"type":"Feature","geometry":{"type":"LineString","coordinates":[[131.8652272,33.0162837],[131.88094324285714,32.99615715714286]]},"properties":{"name":"kyushu_line_1025","loading_pct":2.0,"p_mw":13.8,"synthetic":false}},{"type":"Feature","geometry":{"type":"LineString","coordinates":[[131.8634891,33.0307036],[131.8609142,33.0461688]]},"properties":{"name":"kyushu_line_1026","loading_pct":69.1,"p_mw":47.4,"synthetic":false}},{"type":"Feature","geometry":{"type":"LineString","coordinates":[[131.8634891,33.0307036],[131.8553312,33.0452695]]},"properties":{"name":"kyushu_line_1027","loading_pct":69.5,"p_mw":47.7,"synthetic":false}},{"type":"Feature","geometry":{"type":"LineString","coordinates":[[131.8609142,33.0461688],[131.8553312,33.0452695]]},"properties":{"name":"kyushu_line_1028","loading_pct":10.1,"p_mw":-7.0,"synthetic":false}},{"type":"Feature","geometry":{"type":"LineString","coordinates":[[131.8609142,33.0461688],[131.8886944,33.070862160000004]]},"properties":{"name":"kyushu_line_1029","loading_pct":23.7,"p_mw":16.2,"synthetic":false}},{"type":"Feature","geometry":{"type":"LineString","coordinates":[[130.06054532000002,33.23732264],[130.0373255,33.2274961]]},"properties":{"name":"kyushu_line_1032","loading_pct":49.1,"p_mw":33.7,"synthetic":false}},{"type":"Feature","geometry":{"type":"LineString","coordinates":[[129.7085541,33.3211244],[129.7080015882353,33.337067129411764]]},"properties":{"name":"kyushu_line_1033","loading_pct":80.0,"p_mw":-612.6,"synthetic":false}},{"type":"Feature","geometry":{"type":"LineString","coordinates":[[129.97728426666666,33.43761385],[129.9826222,33.3641641]]},"properties":{"name":"kyushu_line_1034","loading_pct":23.7,"p_mw":-16.2,"synthetic":false}},{"type":"Feature","geometry":{"type":"LineString","coordinates":[[129.9826222,33.3641641],[129.9391519857143,33.37480647142857]]},"properties":{"name":"kyushu_line_1035","loading_pct":11.5,"p_mw":7.9,"synthetic":false}},{"type":"Feature","geometry":{"type":"LineString","coordinates":[[131.680644375,33.2152603625],[131.6775584,33.1976509]]},"properties":{"name":"kyushu_line_1036","loading_pct":0.5,"p_mw":0.4,"synthetic":false}},{"type":"Feature","geometry":{"type":"LineString","coordinates":[[131.680644375,33.2152603625],[131.6835532,33.2104567],[131.6821369,33.2118615],[131.6808092,33.2151468],[131.68084838333334,33.215413775]]},"properties":{"name":"kyushu_line_1037","loading_pct":23.7,"p_mw":16.2,"synthetic":false}},{"type":"Feature","geometry":{"type":"LineString","coordinates":[[131.680644375,33.2152603625],[131.6835532,33.2104567],[131.6821369,33.2118615],[131.6808092,33.2151468],[131.6999683,33.2051492]]},"properties":{"name":"kyushu_line_1038","loading_pct":11.8,"p_mw":-8.1,"synthetic":false}},{"type":"Feature","geometry":{"type":"LineString","coordinates":[[131.680644375,33.2152603625],[131.685831,33.1989872]]},"properties":{"name":"kyushu_line_1039","loading_pct":24.0,"p_mw":-16.4,"synthetic":false}},{"type":"Feature","geometry":{"type":"LineString","coordinates":[[131.58001157333334,32.994094526666665],[131.5822649,32.9951849],[131.5871036,32.9964536],[131.5894157,32.996962],[131.5931171,32.9976189],[131.5971511,32.9981723],[131.6003698,32.9989821],[131.6031486,33.0002373],[131.6061687,33.0008312],[131.6102672,33.001821],[131.6145211,33.0026668],[131.6179778,33.0034552],[131.6198963,33.0040794],[131.6227233,33.0047182],[131.6270363,33.0058114],[131.6305366,33.0062579],[131.634348,33.0072824],[131.6377062,33.0081147],[131.6392685,33.0086489],[131.6365635,33.0120463],[131.6325402,33.0135668],[131.6290426,33.0173723],[131.6258669,33.0193154],[131.6243756,33.0221851],[131.6241074,33.0267907],[131.6216397,33.0296692],[131.6189253,33.0328983],[131.618979,33.0358395],[131.6184854,33.0400667],[131.6170049,33.042567],[131.6179343,33.0458046],[131.61658319999998,33.04530312]]},"properties":{"name":"kyushu_line_1040","loading_pct":23.7,"p_mw":16.2,"synthetic":false}},{"type":"Feature","geometry":{"type":"LineString","coordinates":[[131.7219972,33.2071488],[131.6999683,33.2051492]]},"properties":{"name":"kyushu_line_1041","loading_pct":35.4,"p_mw":24.3,"synthetic":false}},{"type":"Feature","geometry":{"type":"LineString","coordinates":[[130.75715513333333,33.867158866666664],[130.7505915,33.86777],[130.7486558,33.8692753],[130.7473361,33.8703621],[130.7456088,33.8709946],[130.74800178,33.867190640000004]]},"properties":{"name":"kyushu_line_1042","loading_pct":47.3,"p_mw":-32.5,"synthetic":false}},{"type":"Feature","geometry":{"type":"LineString","coordinates":[[130.75715513333333,33.867158866666664],[130.7579645,33.8670542],[130.7598299,33.8673043],[130.7602242,33.8684268],[130.7600766,33.8693043],[130.75982443333334,33.8703813]]},"properties":{"name":"kyushu_line_1043","loading_pct":23.7,"p_mw":16.2,"synthetic":false}},{"type":"Feature","geometry":{"type":"LineString","coordinates":[[130.075078,32.4830673],[130.061658,32.502766671428574]]},"properties":{"name":"kyushu_line_1045","loading_pct":80.0,"p_mw":-285.6,"synthetic":false}},{"type":"Feature","geometry":{"type":"LineString","coordinates":[[130.075078,32.4830673],[130.0678038,32.4754647],[130.0693488,32.4762974],[130.0709796,32.4782343],[130.0723743,32.4800806],[130.0735545,32.481402],[130.075078,32.4830673],[130.077374,32.484099],[130.0791549,32.4845696],[130.0811505,32.4839723],[130.0834894,32.4834474],[130.0874805,32.4818364],[130.0892186,32.4801892],[130.0904846,32.4785601],[130.0929951,32.4773292],[130.0952697,32.4762069],[130.0972652,32.4753561],[130.1008057,32.4741432],[130.1034879,32.4725502],[130.1066208,32.4715184],[130.1101398,32.468296],[130.1121783,32.4670468],[130.1139593,32.466558],[130.1165128,32.4661416],[130.1184225,32.465345],[130.1220703,32.4644398],[130.1248812,32.4638967],[130.1287222,32.4625932],[130.1321769,32.4631725],[130.1358676,32.4631906],[130.1401591,32.4643131],[130.1443004,32.4642769],[130.1474333,32.4648743],[130.1508665,32.4653994],[130.1526904,32.4657976],[130.1567888,32.4666123],[130.1597285,32.4676442],[130.1624751,32.4673908],[130.164961,32.4680851],[130.168281,32.4700502],[130.1699849,32.4708997],[130.1698898,32.471884],[130.16990244285714,32.472345742857144]]},"properties":{"name":"kyushu_line_1046","loading_pct":80.8,"p_mw":55.5,"synthetic":false}},{"type":"Feature","geometry":{"type":"LineString","coordinates":[[130.0758523,32.328953292307695],[130.02993405,32.20313575]]},"properties":{"name":"kyushu_line_1047","loading_pct":23.7,"p_mw":16.2,"synthetic":false}},{"type":"Feature","geometry":{"type":"LineString","coordinates":[[131.2963736,31.9647422],[131.3235482,31.988134900000002]]},"properties":{"name":"kyushu_line_1048","loading_pct":16.3,"p_mw":11.2,"synthetic":false}},{"type":"Feature","geometry":{"type":"LineString","coordinates":[[131.4859655,32.147761],[131.5131712,32.2451018]]},"properties":{"name":"kyushu_line_1049","loading_pct":1.6,"p_mw":-1.1,"synthetic":false}},{"type":"Feature","geometry":{"type":"LineString","coordinates":[[131.63168146,32.39735468],[131.55449787,32.25626774]]},"properties":{"name":"kyushu_line_1050","loading_pct":34.3,"p_mw":23.5,"synthetic":false}},{"type":"Feature","geometry":{"type":"LineString","coordinates":[[131.63168146,32.39735468],[131.6221118,32.3945344],[131.6223907,32.3959431],[131.6216236,32.3978364],[131.6210765,32.399621],[131.6202986,32.4014961],[131.619612,32.4033803],[131.6192955,32.4053097],[131.6190433,32.4070986],[131.6186893,32.4092499],[131.6183138,32.4109165],[131.618523,32.412506],[131.6186947,32.4146617],[131.62400824000002,32.427855799999996]]},"properties":{"name":"kyushu_line_1051","loading_pct":58.0,"p_mw":-39.8,"synthetic":false}},{"type":"Feature","geometry":{"type":"LineString","coordinates":[[131.55449787,32.25626774],[131.5131712,32.2451018]]},"properties":{"name":"kyushu_line_1052","loading_pct":25.3,"p_mw":17.4,"synthetic":false}},{"type":"Feature","geometry":{"type":"LineString","coordinates":[[131.2926463090909,32.7138549],[131.2919466,32.7134704],[131.291787,32.7128351],[131.2941688,32.7106382],[131.2945658,32.7071174],[131.294091,32.7042262],[131.2940467,32.6992302],[131.2940615,32.6969359],[131.2939194,32.693322],[131.2937021,32.6904146],[131.293627,32.6880037],[131.2943995,32.6852406],[131.2953329,32.6833353],[131.2967706,32.6801656],[131.2977683,32.6744808],[131.2980044,32.6697665],[131.2984228,32.6685788],[131.2987769,32.6669712],[131.3000536,32.6614346],[131.2995279,32.6592848],[131.2999463,32.6559789],[131.3006973,32.65438],[131.3030255,32.6521759],[131.3033903,32.6483096],[131.3006544,32.6459699],[131.3005149,32.6435397],[131.300236,32.6325174],[131.299088,32.6295673],[131.2958264,32.626075],[131.2950432,32.6230841],[131.2956655,32.6196457],[131.2960303,32.6170748],[131.2967706,32.6153216],[131.2986749,32.6105545],[131.2990022,32.6074727],[131.3010192,32.6023707],[131.3005847,32.5983983],[131.3001394,32.5954471],[131.2996888,32.593567],[131.299485,32.5906925],[131.2993562,32.5892371],[131.2987769,32.5866065],[131.2989271,32.5826831],[131.2990773,32.5780273],[131.3000214,32.573561],[131.30081,32.5704825],[131.3013732,32.5667708],[131.3024676,32.5633982],[131.3053161,32.5578867],[131.3063085,32.5556396],[131.3074833,32.5518369],[131.3089049,32.5484863],[131.3103104,32.5447331],[131.3124668,32.5426167],[131.3141513,32.5399938],[131.3148916,32.5385376],[131.3154924,32.5356433],[131.3162541,32.5320885],[131.3168871,32.5282984],[131.3174879,32.5268782],[131.3183463,32.5243001],[131.3197732,32.519207],[131.3203633,32.5174067],[131.3206637,32.5161763],[131.3208353,32.5116979],[131.32215271428572,32.51015498571429]]},"properties":{"name":"kyushu_line_1053","loading_pct":7.1,"p_mw":12.2,"synthetic":false}},{"type":"Feature","geometry":{"type":"LineString","coordinates":[[131.32215271428572,32.51015498571429],[131.3461125,32.4979561]]},"properties":{"name":"kyushu_line_1054","loading_pct":40.8,"p_mw":69.9,"synthetic":false}},{"type":"Feature","geometry":{"type":"LineString","coordinates":[[131.32215271428572,32.51015498571429],[131.2460661,32.4908864]]},"properties":{"name":"kyushu_line_1055","loading_pct":26.6,"p_mw":-45.6,"synthetic":false}},{"type":"Feature","geometry":{"type":"LineString","coordinates":[[131.6230828,32.5907919],[131.623131,32.5566162]]},"properties":{"name":"kyushu_line_1056","loading_pct":36.3,"p_mw":-24.9,"synthetic":false}},{"type":"Feature","geometry":{"type":"LineString","coordinates":[[131.6230828,32.5907919],[131.65473814285716,32.58677695714285]]},"properties":{"name":"kyushu_line_1057","loading_pct":12.6,"p_mw":8.7,"synthetic":false}},{"type":"Feature","geometry":{"type":"LineString","coordinates":[[131.65473814285716,32.58677695714285],[131.6681814,32.5997676],[131.6682029,32.5988547],[131.6674089,32.5967397],[131.6625059,32.5922473],[131.6603547,32.5910247],[131.6575277,32.5846268],[131.6551459,32.579745],[131.6522705,32.5738413],[131.6538262,32.5712465],[131.6555428,32.5678559],[131.67106272222222,32.568970766666666]]},"properties":{"name":"kyushu_line_1058","loading_pct":11.0,"p_mw":-7.6,"synthetic":false}},{"type":"Feature","geometry":{"type":"LineString","coordinates":[[131.67106272222222,32.568970766666666],[131.6697948,32.5680649],[131.6692476,32.5665968],[131.6688251,32.5651523],[131.668632,32.5642029],[131.668396,32.562512],[131.6679702,32.5602691],[131.6689002,32.557828],[131.6689539,32.5546629],[131.6704023,32.5530623],[131.6727841,32.5507076],[131.6730311875,32.55034375]]},"properties":{"name":"kyushu_line_1059","loading_pct":34.7,"p_mw":-23.8,"synthetic":false}},{"type":"Feature","geometry":{"type":"LineString","coordinates":[[131.6730311875,32.55034375],[131.623131,32.5566162]]},"properties":{"name":"kyushu_line_1060","loading_pct":47.4,"p_mw":-32.5,"synthetic":false}},{"type":"Feature","geometry":{"type":"LineString","coordinates":[[131.3461125,32.4979561],[131.3727629,32.4795014]]},"properties":{"name":"kyushu_line_1061","loading_pct":33.2,"p_mw":57.0,"synthetic":false}},{"type":"Feature","geometry":{"type":"LineString","coordinates":[[131.3727629,32.4795014],[131.4272225,32.4458628]]},"properties":{"name":"kyushu_line_1062","loading_pct":25.6,"p_mw":44.0,"synthetic":false}},{"type":"Feature","geometry":{"type":"LineString","coordinates":[[130.4997468,33.0287787],[130.5172391375,33.0114025]]},"properties":{"name":"kyushu_line_1063","loading_pct":30.0,"p_mw":-51.4,"synthetic":false}},{"type":"Feature","geometry":{"type":"LineString","coordinates":[[130.5172391375,33.0114025],[130.5045748,32.9916574]]},"properties":{"name":"kyushu_line_1064","loading_pct":37.5,"p_mw":-64.4,"synthetic":false}},{"type":"Feature","geometry":{"type":"LineString","coordinates":[[130.9770727,33.2844227],[131.03439576,33.257347419999995]]},"properties":{"name":"kyushu_line_1065","loading_pct":94.7,"p_mw":-64.9,"synthetic":false}},{"type":"Feature","geometry":{"type":"LineString","coordinates":[[130.9770727,33.2844227],[130.9751308,33.2892657]]},"properties":{"name":"kyushu_line_1066","loading_pct":71.0,"p_mw":48.7,"synthetic":false}},{"type":"Feature","geometry":{"type":"LineString","coordinates":[[130.014621,33.2024449],[130.0135015,33.1803749],[130.0153398,33.1807172],[130.0196099,33.1801874],[130.0235689,33.1819025],[130.025543,33.1827286],[130.0271737,33.1833572],[130.0298238,33.1844347],[130.0316691,33.1853685],[130.0353169,33.1867512],[130.0383317,33.1879454],[130.0403917,33.188538],[130.0429559,33.189795],[130.0451553,33.191061],[130.047462,33.1924436],[130.049972,33.1938496],[130.0522788,33.1951432],[130.0545324,33.1964042],[130.0565282,33.1975189],[130.0601845,33.1995892],[130.04133794,33.207235479999994]]},"properties":{"name":"kyushu_line_1067","loading_pct":80.1,"p_mw":96.3,"synthetic":false}},{"type":"Feature","geometry":{"type":"LineString","coordinates":[[129.8518646,33.3334415],[129.886209175,33.2739027625]]},"properties":{"name":"kyushu_line_1068","loading_pct":36.6,"p_mw":-25.1,"synthetic":false}},{"type":"Feature","geometry":{"type":"LineString","coordinates":[[129.8518646,33.3334415],[129.8269415,33.3726673]]},"properties":{"name":"kyushu_line_1069","loading_pct":12.9,"p_mw":8.9,"synthetic":false}},{"type":"Feature","geometry":{"type":"LineString","coordinates":[[129.886209175,33.2739027625],[129.9004904,33.2610288]]},"properties":{"name":"kyushu_line_1070","loading_pct":38.3,"p_mw":-26.3,"synthetic":false}},{"type":"Feature","geometry":{"type":"LineString","coordinates":[[130.67787221818182,32.55950742727273],[130.6200318,32.4611798]]},"properties":{"name":"kyushu_line_1071","loading_pct":14.3,"p_mw":9.8,"synthetic":false}},{"type":"Feature","geometry":{"type":"LineString","coordinates":[[130.67787221818182,32.55950742727273],[130.7127356,32.5939737],[130.7128858,32.5911444],[130.7129824,32.5894269],[130.713079,32.5873749],[130.7131755,32.5861726],[130.7134062,32.5834877],[130.712564,32.5817836],[130.7113731,32.5797179],[130.7104504,32.578529],[130.7082295,32.5760699],[130.7069421,32.5743702],[130.7056868,32.5726298],[130.7047748,32.5702157],[130.7041418,32.5684797],[130.7044208,32.5658847],[130.7024038,32.5636965],[130.7011307,32.5629283],[130.6958079,32.5551208],[130.6953335,32.553935],[130.6926244,32.5519138],[130.6897008,32.5493047],[130.6878639,32.5480736],[130.6860784,32.5458461],[130.6843042,32.5426484],[130.6810468,32.5410899],[130.6782401,32.5401645],[130.6761986,32.5383477],[130.6752725,32.5371274],[130.6740796,32.5355664],[130.667608,32.5278146],[130.6662422,32.5260414],[130.6642816,32.5235131],[130.663037,32.5215591],[130.6617981,32.5198439],[130.6599386,32.5170682],[130.6582423,32.515319],[130.6560445,32.5125665],[130.6545639,32.5107751],[130.6539631,32.5100513],[130.6532954,32.5100162],[130.6493998,32.510526],[130.6455695,32.5111007],[130.6425285,32.5115209],[130.6392557,32.5119688],[130.6506843,32.5272236]]},"properties":{"name":"kyushu_line_1072","loading_pct":3.9,"p_mw":2.7,"synthetic":false}},{"type":"Feature","geometry":{"type":"LineString","coordinates":[[130.6200318,32.4611798],[130.59254467142858,32.45149262857142]]},"properties":{"name":"kyushu_line_1073","loading_pct":4.9,"p_mw":3.3,"synthetic":false}},{"type":"Feature","geometry":{"type":"LineString","coordinates":[[130.6200318,32.4611798],[130.6222834,32.4627505],[130.6249006,32.4645047],[130.6272043,32.4661091],[130.6281872,32.4676986],[130.6292365,32.4693648],[130.6297558,32.4702105],[130.6311857,32.4720365],[130.6344241,32.4761706],[130.6362131,32.4785143],[130.6376159,32.4802751],[130.6382078,32.4814292],[130.6385469,32.4842862],[130.6394147,32.4862866],[130.6403239,32.4895983],[130.6397439,32.4911827],[130.6394628,32.4927354]]},"properties":{"name":"kyushu_line_1074","loading_pct":14.3,"p_mw":-9.8,"synthetic":false}},{"type":"Feature","geometry":{"type":"LineString","coordinates":[[130.59254467142858,32.45149262857142],[130.5084990357143,32.35110275714286]]},"properties":{"name":"kyushu_line_1075","loading_pct":3.5,"p_mw":-2.4,"synthetic":false}},{"type":"Feature","geometry":{"type":"LineString","coordinates":[[130.59254467142858,32.45149262857142],[130.6583216,32.4657922]]},"properties":{"name":"kyushu_line_1076","loading_pct":6.7,"p_mw":4.6,"synthetic":false}},{"type":"Feature","geometry":{"type":"LineString","coordinates":[[130.5084990357143,32.35110275714286],[130.49496714,32.30045864]]},"properties":{"name":"kyushu_line_1077","loading_pct":1.6,"p_mw":-1.1,"synthetic":false}},{"type":"Feature","geometry":{"type":"LineString","coordinates":[[130.49496714,32.30045864],[130.437203,32.2083077]]},"properties":{"name":"kyushu_line_1082","loading_pct":3.2,"p_mw":-2.2,"synthetic":false}},{"type":"Feature","geometry":{"type":"LineString","coordinates":[[129.9722763,32.9388439],[129.9760549,32.9188608]]},"properties":{"name":"kyushu_line_1083","loading_pct":39.0,"p_mw":26.8,"synthetic":false}},{"type":"Feature","geometry":{"type":"LineString","coordinates":[[129.9760549,32.9188608],[130.0045359,32.8523799]]},"properties":{"name":"kyushu_line_1084","loading_pct":15.3,"p_mw":10.5,"synthetic":false}},{"type":"Feature","geometry":{"type":"LineString","coordinates":[[129.9944015,33.422453716666666],[129.9920717,33.4201701],[129.9946868,33.419297],[129.9969238,33.4185806],[130.0000298,33.4185829],[130.0020978,33.4184911],[130.0051743,33.4184799],[130.0079048,33.4185045],[130.0101042,33.4166239],[130.0117859,33.4162098],[130.0142723,33.4154038],[130.0177565,33.415959],[130.020723,33.4156098],[130.0232148,33.4172418],[130.025256,33.4196351],[130.0280669,33.4212335],[130.0299767,33.4217641],[130.0329217,33.4231297],[130.0349253,33.4240609],[130.0370765,33.4259234],[130.0400698,33.4290417],[130.0426742,33.4304766],[130.0463837,33.4318219],[130.0489747,33.4346445],[130.0502086,33.436359],[130.0497499,33.4388189],[130.0490981,33.4402558],[130.0484946,33.4415249],[130.0479569,33.4419064]]},"properties":{"name":"kyushu_line_1085","loading_pct":5.7,"p_mw":-3.9,"synthetic":false}},{"type":"Feature","geometry":{"type":"LineString","coordinates":[[129.8269415,33.3726673],[129.8173795857143,33.38911442857143]]},"properties":{"name":"kyushu_line_1086","loading_pct":10.7,"p_mw":-7.4,"synthetic":false}},{"type":"Feature","geometry":{"type":"LineString","coordinates":[[131.6164872,33.1964187],[131.6163424,33.1982277]]},"properties":{"name":"kyushu_line_1087","loading_pct":5.3,"p_mw":-3.7,"synthetic":false}},{"type":"Feature","geometry":{"type":"LineString","coordinates":[[131.6164872,33.1964187],[131.6181958,33.1974534]]},"properties":{"name":"kyushu_line_1088","loading_pct":34.0,"p_mw":-23.3,"synthetic":false}},{"type":"Feature","geometry":{"type":"LineString","coordinates":[[131.6163424,33.1982277],[131.6181958,33.1974534]]},"properties":{"name":"kyushu_line_1089","loading_pct":29.0,"p_mw":-19.9,"synthetic":false}},{"type":"Feature","geometry":{"type":"LineString","coordinates":[[131.7744827,33.224212],[131.8628760875,33.2399286875]]},"properties":{"name":"kyushu_line_1090","loading_pct":16.3,"p_mw":11.2,"synthetic":false}},{"type":"Feature","geometry":{"type":"LineString","coordinates":[[130.55726826,31.565757],[130.5537319,31.57969764]]},"properties":{"name":"kyushu_line_1091","loading_pct":47.3,"p_mw":32.5,"synthetic":false}},{"type":"Feature","geometry":{"type":"LineString","coordinates":[[130.9738527,33.2940451],[130.9739707,33.2939846]]},"properties":{"name":"kyushu_line_1092","loading_pct":0.3,"p_mw":-0.2,"synthetic":false}},{"type":"Feature","geometry":{"type":"LineString","coordinates":[[130.9738527,33.2940451],[130.9751308,33.2892657]]},"properties":{"name":"kyushu_line_1093","loading_pct":23.3,"p_mw":-16.0,"synthetic":false}},{"type":"Feature","geometry":{"type":"LineString","coordinates":[[130.9751308,33.2892657],[130.9739707,33.2939846]]},"properties":{"name":"kyushu_line_1094","loading_pct":24.0,"p_mw":16.5,"synthetic":false}},{"type":"Feature","geometry":{"type":"LineString","coordinates":[[130.69938182,32.783276619999995],[130.7001011,32.7712351],[130.6992474,32.7706487],[130.6980204,32.7698059],[130.68470761666666,32.773545516666665]]},"properties":{"name":"kyushu_line_1095","loading_pct":64.3,"p_mw":-44.1,"synthetic":false}},{"type":"Feature","geometry":{"type":"LineString","coordinates":[[130.8252302,32.9966943],[130.8041978375,32.9807073375]]},"properties":{"name":"kyushu_line_1096","loading_pct":13.0,"p_mw":-8.9,"synthetic":false}},{"type":"Feature","geometry":{"type":"LineString","coordinates":[[130.0174371,33.3257837],[130.0414463,33.3146054]]},"properties":{"name":"kyushu_line_1097","loading_pct":3.0,"p_mw":2.1,"synthetic":false}},{"type":"Feature","geometry":{"type":"LineString","coordinates":[[130.04133794,33.207235479999994],[130.0373255,33.2274961]]},"properties":{"name":"kyushu_line_1098","loading_pct":80.1,"p_mw":80.1,"synthetic":false}},{"type":"Feature","geometry":{"type":"LineString","coordinates":[[129.83527388888888,33.4346027],[129.8361649,33.434199],[129.8354494,33.431701],[129.8354924,33.4293372],[129.8356909,33.4228543],[129.835605,33.4194336],[129.8324561,33.4175799],[129.8302728,33.416156],[129.8283067,33.4148754],[129.8272151,33.41415],[129.8257881,33.4129813],[129.8213732,33.4069585],[129.8214054,33.4051762],[129.8205954,33.4028206],[129.8198068,33.4002769],[129.8187715,33.3970478],[129.8181438,33.3953907],[129.8179132,33.3926631],[129.8176128,33.3906656],[129.8173795857143,33.38911442857143]]},"properties":{"name":"kyushu_line_1099","loading_pct":34.4,"p_mw":23.6,"synthetic":false}},{"type":"Feature","geometry":{"type":"LineString","coordinates":[[130.36554700000002,33.56654638],[130.38346144,33.58302632]]},"properties":{"name":"kyushu_line_1100","loading_pct":89.7,"p_mw":61.5,"synthetic":false}},{"type":"Feature","geometry":{"type":"LineString","coordinates":[[130.36554700000002,33.56654638],[130.3620874,33.584346499999995]]},"properties":{"name":"kyushu_line_1101","loading_pct":80.0,"p_mw":146.8,"synthetic":false}},{"type":"Feature","geometry":{"type":"LineString","coordinates":[[130.36554700000002,33.56654638],[130.35073038333334,33.57414936666667]]},"properties":{"name":"kyushu_line_1102","loading_pct":46.4,"p_mw":31.8,"synthetic":false}},{"type":"Feature","geometry":{"type":"LineString","coordinates":[[130.38346144,33.58302632],[130.3792171,33.5940843]]},"properties":{"name":"kyushu_line_1103","loading_pct":65.8,"p_mw":45.1,"synthetic":false}},{"type":"Feature","geometry":{"type":"LineString","coordinates":[[130.3253641,33.579237866666666],[130.3254516,33.5790026],[130.3264142,33.5789373],[130.326398,33.5785526],[130.3279249,33.5788282],[130.3293109,33.578756],[130.3296849,33.5788331],[130.3302797,33.5788236],[130.3303395,33.5795983],[130.3303901,33.5802219],[130.3306117,33.5827843],[130.330656,33.5832167],[130.33106331666667,33.583109066666665]]},"properties":{"name":"kyushu_line_1105","loading_pct":4.6,"p_mw":3.2,"synthetic":false}},{"type":"Feature","geometry":{"type":"LineString","coordinates":[[130.3253641,33.579237866666666],[130.3287559,33.5755795],[130.3305826,33.5744348],[130.3319116,33.5684398],[130.3319284,33.5683262],[130.3332898,33.5682679],[130.3381045,33.5675358],[130.3384915,33.5674884],[130.3416186,33.5670053],[130.3427942,33.5669505],[130.3434471,33.5670125],[130.3482742,33.5676611],[130.350059,33.5679195],[130.3512413,33.5681649],[130.3508911,33.5709965],[130.3505416,33.5740247],[130.35073038333334,33.57414936666667]]},"properties":{"name":"kyushu_line_1106","loading_pct":28.3,"p_mw":-19.4,"synthetic":false}},{"type":"Feature","geometry":{"type":"LineString","coordinates":[[130.33106331666667,33.583109066666665],[130.34501766666668,33.588351238095235]]},"properties":{"name":"kyushu_line_1107","loading_pct":19.0,"p_mw":-13.1,"synthetic":false}},{"type":"Feature","geometry":{"type":"LineString","coordinates":[[130.34501766666668,33.588351238095235],[130.35073038333334,33.57414936666667]]},"properties":{"name":"kyushu_line_1108","loading_pct":75.1,"p_mw":-51.5,"synthetic":false}},{"type":"Feature","geometry":{"type":"LineString","coordinates":[[130.34501766666668,33.588351238095235],[130.34843132,33.590489860000005]]},"properties":{"name":"kyushu_line_1109","loading_pct":32.4,"p_mw":22.2,"synthetic":false}},{"type":"Feature","geometry":{"type":"LineString","coordinates":[[130.35073038333334,33.57414936666667],[130.3620874,33.584346499999995]]},"properties":{"name":"kyushu_line_1110","loading_pct":80.7,"p_mw":-55.3,"synthetic":false}},{"type":"Feature","geometry":{"type":"LineString","coordinates":[[130.3620874,33.584346499999995],[130.3617425,33.5849296],[130.3627033,33.5855271],[130.3633452,33.5859285],[130.36340783333333,33.586342175]]},"properties":{"name":"kyushu_line_1111","loading_pct":80.0,"p_mw":75.2,"synthetic":false}},{"type":"Feature","geometry":{"type":"LineString","coordinates":[[130.36340783333333,33.586342175],[130.3792171,33.5940843]]},"properties":{"name":"kyushu_line_1113","loading_pct":86.0,"p_mw":59.0,"synthetic":false}},{"type":"Feature","geometry":{"type":"LineString","coordinates":[[130.3888536,33.5914853],[130.3792171,33.5940843]]},"properties":{"name":"kyushu_line_1114","loading_pct":89.5,"p_mw":-61.4,"synthetic":false}},{"type":"Feature","geometry":{"type":"LineString","coordinates":[[130.3888536,33.5914853],[130.39736866153845,33.595804746153846]]},"properties":{"name":"kyushu_line_1115","loading_pct":70.1,"p_mw":48.1,"synthetic":false}},{"type":"Feature","geometry":{"type":"LineString","coordinates":[[130.3792171,33.5940843],[130.3585552,33.5953393375]]},"properties":{"name":"kyushu_line_1116","loading_pct":38.6,"p_mw":26.5,"synthetic":false}},{"type":"Feature","geometry":{"type":"LineString","coordinates":[[130.3585552,33.5953393375],[130.34843132,33.590489860000005]]},"properties":{"name":"kyushu_line_1117","loading_pct":8.7,"p_mw":-6.0,"synthetic":false}},{"type":"Feature","geometry":{"type":"LineString","coordinates":[[130.3585552,33.5953393375],[130.362424,33.5969958],[130.3624944,33.5969585],[130.3632029,33.5963723],[130.3639706,33.5957368],[130.3640602,33.5956249],[130.3640954,33.5955503],[130.3641242,33.5954503],[130.3641162,33.5953731],[130.3640282,33.59504],[130.3640186,33.5949081],[130.364057,33.5947482],[130.3641978,33.5945164],[130.364588,33.5939955],[130.3648007,33.5937663],[130.36135746,33.59202512]]},"properties":{"name":"kyushu_line_1118","loading_pct":23.7,"p_mw":16.2,"synthetic":false}},{"type":"Feature","geometry":{"type":"LineString","coordinates":[[130.39736866153845,33.595804746153846],[130.3974704,33.595662],[130.3977673,33.5959364],[130.3978364,33.5959797],[130.3980926,33.5962175],[130.398374,33.5959438],[130.3986367,33.5956695],[130.3989547,33.5953666],[130.3995256,33.5959479],[130.3998957,33.596292],[130.4010571,33.5974294],[130.4015117,33.5979097],[130.4022168,33.5984551],[130.4028593,33.5989354],[130.4040541,33.5998113],[130.40526122857142,33.59736797142857]]},"properties":{"name":"kyushu_line_1119","loading_pct":52.7,"p_mw":36.1,"synthetic":false}},{"type":"Feature","geometry":{"type":"LineString","coordinates":[[130.40526122857142,33.59736797142857],[130.4054808,33.59765],[130.4058584,33.5973498],[130.4066345,33.5967481],[130.4076056,33.5959856],[130.4085763,33.5952925],[130.409792,33.5944148],[130.4101237,33.5941321],[130.41037366,33.59431482]]},"properties":{"name":"kyushu_line_1120","loading_pct":12.6,"p_mw":8.7,"synthetic":false}},{"type":"Feature","geometry":{"type":"LineString","coordinates":[[130.40526122857142,33.59736797142857],[130.4058103,33.6048218],[130.4061731,33.6050661],[130.4063817,33.6053301],[130.4063714,33.6054749],[130.4058443,33.6058948],[130.4051861,33.6064131],[130.4050679,33.6067558],[130.4058992,33.6080841],[130.4061363,33.6084227],[130.4064293,33.6088071],[130.4067033,33.6091232],[130.4082885,33.6107785],[130.4089761,33.6115003],[130.4102886,33.6130423],[130.4106013,33.6137743],[130.41093064,33.61389592]]},"properties":{"name":"kyushu_line_1121","loading_pct":16.4,"p_mw":11.2,"synthetic":false}},{"type":"Feature","geometry":{"type":"LineString","coordinates":[[130.4115813888889,33.58878498888888],[130.41191,33.5886315],[130.4106335,33.5878891],[130.4104996,33.5879449],[130.4102245,33.5889267],[130.4101761,33.5895781],[130.4102112,33.5903891],[130.4102493,33.5912678],[130.4103286,33.5917218],[130.41037366,33.59431482]]},"properties":{"name":"kyushu_line_1122","loading_pct":16.1,"p_mw":-11.0,"synthetic":false}},{"type":"Feature","geometry":{"type":"LineString","coordinates":[[130.42534252000002,33.64344518],[130.4176884,33.6375299],[130.4172661,33.6364751],[130.4168204,33.6354021],[130.4162352,33.6339468],[130.41565,33.6324996],[130.4152062,33.6313589],[130.4142489,33.6289886],[130.41395615714285,33.62898261428571]]},"properties":{"name":"kyushu_line_1123","loading_pct":1.7,"p_mw":-1.1,"synthetic":false}},{"type":"Feature","geometry":{"type":"LineString","coordinates":[[130.41395615714285,33.62898261428571],[130.41863468333332,33.61716368333333]]},"properties":{"name":"kyushu_line_1124","loading_pct":25.3,"p_mw":-17.4,"synthetic":false}},{"type":"Feature","geometry":{"type":"LineString","coordinates":[[130.41863468333332,33.61716368333333],[130.4184827,33.6169816],[130.4177187,33.6172657],[130.4168357,33.6176529],[130.4155166,33.616224],[130.413482,33.6167575],[130.412797,33.61509],[130.4123109,33.6138256],[130.411087,33.6142163],[130.41093064,33.61389592]]},"properties":{"name":"kyushu_line_1125","loading_pct":7.3,"p_mw":5.0,"synthetic":false}},{"type":"Feature","geometry":{"type":"LineString","coordinates":[[130.43574308,33.52081712],[130.43450976,33.5241544]]},"properties":{"name":"kyushu_line_1126","loading_pct":18.1,"p_mw":-12.4,"synthetic":false}},{"type":"Feature","geometry":{"type":"LineString","coordinates":[[130.56059588571426,31.594857685714285],[130.5608001,31.5947985],[130.5608387,31.5946695],[130.5608773,31.5945301],[130.5609231,31.5943838],[130.5610034,31.5941103],[130.5610623,31.5939337],[130.561136,31.5937072],[130.5612084,31.5935014],[130.5612656,31.5933383],[130.5613228,31.5932199],[130.5613777,31.5931006],[130.5615259,31.5927744],[130.561666,31.5925109],[130.561798,31.5922563],[130.5619311,31.5919739],[130.5621027,31.5916168],[130.5622206,31.5913603],[130.5622755,31.59122],[130.5623233,31.5910798],[130.5623607,31.5909436],[130.5624004,31.5907636],[130.5624144,31.5905756],[130.5624364,31.5901879],[130.5624628,31.5897273],[130.5624933,31.5891299],[130.562536,31.5884339],[130.5625575,31.5880212],[130.5625441,31.5879504],[130.5625092,31.5879024],[130.5622128,31.587875],[130.5620868,31.5878533],[130.5613559,31.5875517],[130.5609294,31.5873403],[130.5602387,31.587025],[130.5595293,31.5866834],[130.5588574,31.5863738],[130.557803,31.5858921],[130.5567876,31.5854441],[130.5565682,31.5858179],[130.5564779,31.5859596],[130.5563965,31.5861194],[130.5563045,31.5863772],[130.5554693,31.5859506],[130.55551348,31.585806639999998]]},"properties":{"name":"kyushu_line_1127","loading_pct":23.7,"p_mw":16.2,"synthetic":false}},{"type":"Feature","geometry":{"type":"LineString","coordinates":[[130.56049546666668,31.5804436],[130.5537319,31.57969764]]},"properties":{"name":"kyushu_line_1128","loading_pct":23.7,"p_mw":-16.2,"synthetic":false}},{"type":"Feature","geometry":{"type":"LineString","coordinates":[[131.34302751666667,34.029937716666666],[131.3425612,34.0272951],[131.3422172153846,34.02506157692308]]},"properties":{"name":"kyushu_line_1129","loading_pct":23.7,"p_mw":16.2,"synthetic":false}},{"type":"Feature","geometry":{"type":"LineString","coordinates":[[131.28069318000001,31.410238219999997],[131.28063196666668,31.41006588333333]]},"properties":{"name":"kyushu_line_1130","loading_pct":0.0,"p_mw":0.0,"synthetic":false}},{"type":"Feature","geometry":{"type":"LineString","coordinates":[[131.3767015,31.6807208],[130.0373255,33.2274961]]},"properties":{"name":"recon_line_0_2","loading_pct":23.7,"p_mw":-16.2,"synthetic":true}},{"type":"Feature","geometry":{"type":"LineString","coordinates":[[131.7982749,34.0560425],[130.0373255,33.2274961]]},"properties":{"name":"recon_line_1_2","loading_pct":80.0,"p_mw":300.7,"synthetic":true}},{"type":"Feature","geometry":{"type":"LineString","coordinates":[[130.52502995,33.3851966625],[130.0373255,33.2274961]]},"properties":{"name":"recon_line_31_2","loading_pct":23.7,"p_mw":-16.2,"synthetic":true}},{"type":"Feature","geometry":{"type":"LineString","coordinates":[[130.53381824000002,33.41215262],[130.53769268888888,33.44046487777778]]},"properties":{"name":"recon_line_34_15","loading_pct":7.6,"p_mw":-13.0,"synthetic":true}},{"type":"Feature","geometry":{"type":"LineString","coordinates":[[130.8482573727273,33.90120497272727],[130.0373255,33.2274961]]},"properties":{"name":"recon_line_46_2","loading_pct":80.0,"p_mw":200.1,"synthetic":true}},{"type":"Feature","geometry":{"type":"LineString","coordinates":[[130.4185595,33.601791600000006],[130.0373255,33.2274961]]},"properties":{"name":"recon_line_144_2","loading_pct":23.7,"p_mw":-16.2,"synthetic":true}},{"type":"Feature","geometry":{"type":"LineString","coordinates":[[130.42845305999998,33.6406507],[130.0373255,33.2274961]]},"properties":{"name":"recon_line_165_2","loading_pct":23.7,"p_mw":-16.2,"synthetic":true}},{"type":"Feature","geometry":{"type":"LineString","coordinates":[[130.09194484,33.50460078],[130.0373255,33.2274961]]},"properties":{"name":"recon_line_168_2","loading_pct":23.7,"p_mw":-16.2,"synthetic":true}},{"type":"Feature","geometry":{"type":"LineString","coordinates":[[130.60516074285715,32.92397022857143],[130.72676815999998,33.86419488]]},"properties":{"name":"recon_line_177_148","loading_pct":43.1,"p_mw":-11.2,"synthetic":true}},{"type":"Feature","geometry":{"type":"LineString","coordinates":[[130.72170644,32.82861186],[130.0373255,33.2274961]]},"properties":{"name":"recon_line_179_2","loading_pct":16.3,"p_mw":-11.2,"synthetic":true}},{"type":"Feature","geometry":{"type":"LineString","coordinates":[[130.5160799,31.50679932222222],[130.0373255,33.2274961]]},"properties":{"name":"recon_line_184_2","loading_pct":23.7,"p_mw":-16.2,"synthetic":true}},{"type":"Feature","geometry":{"type":"LineString","coordinates":[[132.0618902,34.20986072],[130.0373255,33.2274961]]},"properties":{"name":"recon_line_236_2","loading_pct":13.0,"p_mw":8.9,"synthetic":true}},{"type":"Feature","geometry":{"type":"LineString","coordinates":[[130.5349208,31.57570534285714],[130.0373255,33.2274961]]},"properties":{"name":"recon_line_246_2","loading_pct":23.7,"p_mw":-16.2,"synthetic":true}},{"type":"Feature","geometry":{"type":"LineString","coordinates":[[130.98379095714284,33.1639464],[130.0373255,33.2274961]]},"properties":{"name":"recon_line_249_2","loading_pct":23.7,"p_mw":-16.2,"synthetic":true}},{"type":"Feature","geometry":{"type":"LineString","coordinates":[[131.08954894,33.09971936],[130.0373255,33.2274961]]},"properties":{"name":"recon_line_250_2","loading_pct":23.7,"p_mw":-16.2,"synthetic":true}},{"type":"Feature","geometry":{"type":"LineString","coordinates":[[131.24811004,33.95986366],[130.0373255,33.2274961]]},"properties":{"name":"recon_line_261_2","loading_pct":23.7,"p_mw":-16.2,"synthetic":true}},{"type":"Feature","geometry":{"type":"LineString","coordinates":[[131.64281865,33.04931583333333],[130.0373255,33.2274961]]},"properties":{"name":"recon_line_305_2","loading_pct":13.0,"p_mw":8.9,"synthetic":true}},{"type":"Feature","geometry":{"type":"LineString","coordinates":[[130.54838328,31.591181999999996],[130.0373255,33.2274961]]},"properties":{"name":"recon_line_311_2","loading_pct":23.7,"p_mw":-16.2,"synthetic":true}},{"type":"Feature","geometry":{"type":"LineString","coordinates":[[131.87708395384615,33.999892438461536],[130.0373255,33.2274961]]},"properties":{"name":"recon_line_312_2","loading_pct":13.0,"p_mw":8.9,"synthetic":true}},{"type":"Feature","geometry":{"type":"LineString","coordinates":[[129.70703752,33.75371132],[130.6237713111111,33.49187337777778]]},"properties":{"name":"recon_line_315_11","loading_pct":71.0,"p_mw":-16.2,"synthetic":true}},{"type":"Feature","geometry":{"type":"LineString","coordinates":[[130.62343286,33.83986804],[130.0373255,33.2274961]]},"properties":{"name":"recon_line_320_2","loading_pct":5.7,"p_mw":3.9,"synthetic":true}},{"type":"Feature","geometry":{"type":"LineString","coordinates":[[130.27011596,33.268120859999996],[130.0373255,33.2274961]]},"properties":{"name":"recon_line_325_2","loading_pct":23.7,"p_mw":-16.2,"synthetic":true}},{"type":"Feature","geometry":{"type":"LineString","coordinates":[[130.36792355,33.212185925],[130.0373255,33.2274961]]},"properties":{"name":"recon_line_331_2","loading_pct":16.3,"p_mw":-11.2,"synthetic":true}},{"type":"Feature","geometry":{"type":"LineString","coordinates":[[130.4128613,31.615607699999998],[130.0373255,33.2274961]]},"properties":{"name":"recon_line_333_2","loading_pct":16.3,"p_mw":-11.2,"synthetic":true}},{"type":"Feature","geometry":{"type":"LineString","coordinates":[[130.22806857999998,31.36629148],[130.0373255,33.2274961]]},"properties":{"name":"recon_line_345_2","loading_pct":23.7,"p_mw":-16.2,"synthetic":true}},{"type":"Feature","geometry":{"type":"LineString","coordinates":[[130.37154230000002,32.158905419999996],[130.0373255,33.2274961]]},"properties":{"name":"recon_line_350_2","loading_pct":23.7,"p_mw":-16.2,"synthetic":true}},{"type":"Feature","geometry":{"type":"LineString","coordinates":[[131.07433056666665,31.720920699999997],[130.0373255,33.2274961]]},"properties":{"name":"recon_line_419_2","loading_pct":80.0,"p_mw":144.7,"synthetic":true}},{"type":"Feature","geometry":{"type":"LineString","coordinates":[[130.44012028333336,31.62786271666667],[130.0373255,33.2274961]]},"properties":{"name":"recon_line_427_2","loading_pct":23.7,"p_mw":-16.2,"synthetic":true}},{"type":"Feature","geometry":{"type":"LineString","coordinates":[[130.49795702,33.193827320000004],[130.0373255,33.2274961]]},"properties":{"name":"recon_line_429_2","loading_pct":13.0,"p_mw":8.9,"synthetic":true}},{"type":"Feature","geometry":{"type":"LineString","coordinates":[[130.67533436000002,32.72449504],[130.0373255,33.2274961]]},"properties":{"name":"recon_line_443_2","loading_pct":1.7,"p_mw":-1.1,"synthetic":true}},{"type":"Feature","geometry":{"type":"LineString","coordinates":[[131.43729538,31.919806670000003],[130.0373255,33.2274961]]},"properties":{"name":"recon_line_476_2","loading_pct":23.7,"p_mw":-16.2,"synthetic":true}},{"type":"Feature","geometry":{"type":"LineString","coordinates":[[130.30272025,31.82910228333333],[130.0373255,33.2274961]]},"properties":{"name":"recon_line_482_2","loading_pct":23.7,"p_mw":-16.2,"synthetic":true}},{"type":"Feature","geometry":{"type":"LineString","coordinates":[[130.19627398,32.002074640000004],[130.0373255,33.2274961]]},"properties":{"name":"recon_line_483_2","loading_pct":23.7,"p_mw":-16.2,"synthetic":true}},{"type":"Feature","geometry":{"type":"LineString","coordinates":[[131.3880967625,32.9650367625],[130.0373255,33.2274961]]},"properties":{"name":"recon_line_488_2","loading_pct":23.7,"p_mw":-16.2,"synthetic":true}},{"type":"Feature","geometry":{"type":"LineString","coordinates":[[130.79804366000002,33.90888209],[130.0373255,33.2274961]]},"properties":{"name":"recon_line_507_2","loading_pct":23.7,"p_mw":-16.2,"synthetic":true}},{"type":"Feature","geometry":{"type":"LineString","coordinates":[[130.8109243,33.91006173333333],[130.0373255,33.2274961]]},"properties":{"name":"recon_line_508_2","loading_pct":23.7,"p_mw":-16.2,"synthetic":true}},{"type":"Feature","geometry":{"type":"LineString","coordinates":[[130.98446352857144,32.679822328571426],[130.0373255,33.2274961]]},"properties":{"name":"recon_line_518_2","loading_pct":23.7,"p_mw":-16.2,"synthetic":true}},{"type":"Feature","geometry":{"type":"LineString","coordinates":[[130.4397229153846,33.662381938461536],[130.0373255,33.2274961]]},"properties":{"name":"recon_line_544_2","loading_pct":23.7,"p_mw":-16.2,"synthetic":true}},{"type":"Feature","geometry":{"type":"LineString","coordinates":[[130.68214208,33.340935380000005],[130.0373255,33.2274961]]},"properties":{"name":"recon_line_546_2","loading_pct":23.7,"p_mw":-16.2,"synthetic":true}},{"type":"Feature","geometry":{"type":"LineString","coordinates":[[130.39598316666667,31.285071766666665],[130.0373255,33.2274961]]},"properties":{"name":"recon_line_552_2","loading_pct":9.0,"p_mw":-6.2,"synthetic":true}},{"type":"Feature","geometry":{"type":"LineString","coordinates":[[129.93901424,32.96880964],[130.0373255,33.2274961]]},"properties":{"name":"recon_line_563_2","loading_pct":23.7,"p_mw":-16.2,"synthetic":true}},{"type":"Feature","geometry":{"type":"LineString","coordinates":[[130.44874906,31.367777519999997],[130.0373255,33.2274961]]},"properties":{"name":"recon_line_569_2","loading_pct":23.7,"p_mw":-16.2,"synthetic":true}},{"type":"Feature","geometry":{"type":"LineString","coordinates":[[130.3532489857143,32.39546684285715],[130.0373255,33.2274961]]},"properties":{"name":"recon_line_572_2","loading_pct":23.7,"p_mw":-16.2,"synthetic":true}},{"type":"Feature","geometry":{"type":"LineString","coordinates":[[130.536911,31.543374840000002],[130.6237713111111,33.49187337777778]]},"properties":{"name":"recon_line_614_11","loading_pct":19.1,"p_mw":-660.4,"synthetic":true}},{"type":"Feature","geometry":{"type":"LineString","coordinates":[[129.97881899411763,33.44246042941177],[130.0373255,33.2274961]]},"properties":{"name":"recon_line_624_2","loading_pct":23.7,"p_mw":-16.2,"synthetic":true}},{"type":"Feature","geometry":{"type":"LineString","coordinates":[[129.98167863999998,33.45270802],[130.0373255,33.2274961]]},"properties":{"name":"recon_line_625_2","loading_pct":23.7,"p_mw":-16.2,"synthetic":true}},{"type":"Feature","geometry":{"type":"LineString","coordinates":[[129.98179915999998,33.45264236],[130.0373255,33.2274961]]},"properties":{"name":"recon_line_626_2","loading_pct":23.7,"p_mw":-16.2,"synthetic":true}},{"type":"Feature","geometry":{"type":"LineString","coordinates":[[130.14788955555557,33.21928995555556],[130.0373255,33.2274961]]},"properties":{"name":"recon_line_649_2","loading_pct":16.3,"p_mw":-11.2,"synthetic":true}},{"type":"Feature","geometry":{"type":"LineString","coordinates":[[130.17029685,33.03989605],[130.0373255,33.2274961]]},"properties":{"name":"recon_line_657_2","loading_pct":23.7,"p_mw":-16.2,"synthetic":true}},{"type":"Feature","geometry":{"type":"LineString","coordinates":[[131.2481679777778,33.96043054444445],[130.0373255,33.2274961]]},"properties":{"name":"recon_line_658_2","loading_pct":23.7,"p_mw":-16.2,"synthetic":true}},{"type":"Feature","geometry":{"type":"LineString","coordinates":[[129.86983388000002,32.75716398],[130.0373255,33.2274961]]},"properties":{"name":"recon_line_659_2","loading_pct":23.7,"p_mw":-16.2,"synthetic":true}},{"type":"Feature","geometry":{"type":"LineString","coordinates":[[131.28069318000001,31.410238219999997],[130.0373255,33.2274961]]},"properties":{"name":"recon_line_663_2","loading_pct":23.7,"p_mw":-16.2,"synthetic":true}},{"type":"Feature","geometry":{"type":"LineString","coordinates":[[131.28063196666668,31.41006588333333],[130.0373255,33.2274961]]},"properties":{"name":"recon_line_664_2","loading_pct":23.7,"p_mw":-16.2,"synthetic":true}},{"type":"Feature","geometry":{"type":"LineString","coordinates":[[130.6891472,33.01728072],[130.0373255,33.2274961]]},"properties":{"name":"recon_line_665_2","loading_pct":23.7,"p_mw":-16.2,"synthetic":true}},{"type":"Feature","geometry":{"type":"LineString","coordinates":[[130.8233113,32.091499],[130.0373255,33.2274961]]},"properties":{"name":"recon_line_840_2","loading_pct":23.7,"p_mw":-16.2,"synthetic":true}},{"type":"Feature","geometry":{"type":"LineString","coordinates":[[130.8290347,32.0921971],[130.0373255,33.2274961]]},"properties":{"name":"recon_line_841_2","loading_pct":23.7,"p_mw":-16.2,"synthetic":true}},{"type":"Feature","geometry":{"type":"LineString","coordinates":[[130.830842,32.0824631],[130.0373255,33.2274961]]},"properties":{"name":"recon_line_842_2","loading_pct":23.7,"p_mw":-16.2,"synthetic":true}},{"type":"Feature","geometry":{"type":"LineString","coordinates":[[130.8317105,32.0775629],[130.0373255,33.2274961]]},"properties":{"name":"recon_line_843_2","loading_pct":23.7,"p_mw":-16.2,"synthetic":true}},{"type":"Feature","geometry":{"type":"LineString","coordinates":[[130.8259767,32.076817],[130.0373255,33.2274961]]},"properties":{"name":"recon_line_844_2","loading_pct":23.7,"p_mw":-16.2,"synthetic":true}},{"type":"Feature","geometry":{"type":"LineString","coordinates":[[130.8242234,32.0866324],[130.0373255,33.2274961]]},"properties":{"name":"recon_line_845_2","loading_pct":23.7,"p_mw":-16.2,"synthetic":true}},{"type":"Feature","geometry":{"type":"LineString","coordinates":[[130.8289301,32.0769521],[130.0373255,33.2274961]]},"properties":{"name":"recon_line_846_2","loading_pct":23.7,"p_mw":-16.2,"synthetic":true}},{"type":"Feature","geometry":{"type":"LineString","coordinates":[[130.8258801,32.0930531],[130.0373255,33.2274961]]},"properties":{"name":"recon_line_847_2","loading_pct":23.7,"p_mw":-16.2,"synthetic":true}},{"type":"Feature","geometry":{"type":"LineString","coordinates":[[130.8250996,32.0816958],[130.0373255,33.2274961]]},"properties":{"name":"recon_line_848_2","loading_pct":23.7,"p_mw":-16.2,"synthetic":true}},{"type":"Feature","geometry":{"type":"LineString","coordinates":[[131.51180174545453,33.188383754545455],[131.5070735,33.186771],[131.5047954,33.1879802],[131.4983115,33.1911261],[131.4947354,33.1928459],[131.4921651,33.194832],[131.4901256,33.1942911],[131.488021,33.1935741],[131.485894,33.1913499],[131.4999788,33.2004463]]},"properties":{"name":"trafo_220/66kV","loading_pct":29.8,"p_mw":74.5,"is_trafo":true}},{"type":"Feature","geometry":{"type":"LineString","coordinates":[[131.51180174545453,33.188383754545455],[131.5070735,33.186771],[131.5047954,33.1879802],[131.4983115,33.1911261],[131.4947354,33.1928459],[131.4921651,33.194832],[131.4901256,33.1942911],[131.488021,33.1935741],[131.485894,33.1913499],[131.48557946666668,33.19168394166667]]},"properties":{"name":"trafo_220/66kV","loading_pct":30.9,"p_mw":77.1,"is_trafo":true}},{"type":"Feature","geometry":{"type":"LineString","coordinates":[[131.51180174545453,33.188383754545455],[131.5126659,33.1894145],[131.5169686,33.1895071],[131.5194907,33.1902515],[131.5222797,33.1913184],[131.5247181,33.1922563],[131.526848,33.1935381],[131.5264586,33.1947535],[131.5289437,33.1988315],[131.5318969,33.1990252],[131.5342043,33.2021706],[131.5354612,33.2035236],[131.5376624,33.2045012],[131.5408962,33.2056468],[131.5420587,33.2066244],[131.5443484,33.2067133],[131.5463666,33.2058838],[131.5478998,33.2053913],[131.5512874,33.203994],[131.5523034,33.2053128],[131.554101,33.2066338],[131.5553657,33.20861],[131.5568359,33.2110206],[131.556859,33.2145095],[131.5592891,33.2171686],[131.5619498,33.2189637],[131.5659544,33.2203953],[131.5692267,33.2212547],[131.5712356,33.2226055],[131.571925,33.2234379],[131.5739715,33.2258724],[131.5767583,33.2268147],[131.5798348,33.2267586],[131.5819108,33.2262314],[131.5827289,33.2263548],[131.583488,33.2295924],[131.5833056,33.2314321],[131.5834665,33.2327805],[131.5836623,33.2351317],[131.5848398,33.2373976],[131.5862748,33.2383981],[131.5869266,33.2387414],[131.5880665,33.2397688],[131.5891448,33.2405091],[131.5903357,33.2414469],[131.5827289,33.2263548]]},"properties":{"name":"trafo_220/66kV","loading_pct":2.6,"p_mw":6.5,"is_trafo":true}},{"type":"Feature","geometry":{"type":"LineString","coordinates":[[131.51180174545453,33.188383754545455],[131.5087283,33.1882767],[131.5081786,33.1877765],[131.5074098,33.187077],[131.5070735,33.186771],[131.5063224,33.1852329],[131.5050228,33.1826664],[131.5037508,33.1797869],[131.5038447,33.1764274],[131.5041022,33.1726737],[131.5042845,33.1693015],[131.5044669,33.1663266],[131.5046748,33.1622346],[131.5054017,33.1594615],[131.5065899,33.1580244],[131.5092587,33.1547415],[131.5123191,33.1513103],[131.513455,33.1502728],[131.5151153,33.147578],[131.5169097,33.1447865],[131.5196724,33.1408069],[131.5211074,33.1372515],[131.5196375,33.1339387],[131.5183501,33.1316027],[131.5169178,33.1297991],[131.5161753,33.1259534],[131.5159897,33.1249921],[131.5158073,33.1221258],[131.5160635,33.1186045],[131.5159428,33.1139453],[131.516667,33.1106809],[131.5166428,33.1071356],[131.5165275,33.1053337],[131.5176648,33.1024914],[131.519148,33.0977661],[131.5195584,33.0956449],[131.5197489,33.0925912],[131.52017,33.0890698],[131.5207118,33.0872586],[131.5207359,33.0856495],[131.5210846,33.082274],[131.5215004,33.0783005],[131.5218598,33.0748101],[131.5215889,33.0726771],[131.5214467,33.0707104],[131.5211248,33.0662104],[131.5211839,33.063304],[131.5243354,33.0596781],[131.5252957,33.0575605],[131.5266341,33.0549752],[131.5274629,33.0528013],[131.5289676,33.0498292],[131.5296489,33.0485027],[131.5289971,33.0456384],[131.5257785,33.0436576],[131.5252527,33.0406964],[131.5272322,33.0363658],[131.5284553,33.0336608],[131.5290829,33.0310298],[131.5298205,33.0279535],[131.5298742,33.0249221],[131.5287638,33.0215375],[131.5282597,33.0196446],[131.5280127,33.0187173],[131.5288228,33.0159622],[131.5311536,33.0131756],[131.5325135,33.0115517],[131.5336025,33.0100424],[131.5357831,33.0070262],[131.5376553,33.0044462],[131.5391574,33.0025319],[131.5401069,33.0004377],[131.5409598,32.9974009],[131.5416277,32.9949331],[131.5440899,32.9926294],[131.5466327,32.9902515],[131.5476707,32.9892796],[131.5488962,32.988958811764704]]},"properties":{"name":"trafo_220/66kV","loading_pct":9.4,"p_mw":23.5,"is_trafo":true}},{"type":"Feature","geometry":{"type":"LineString","coordinates":[[131.51180174545453,33.188383754545455],[131.5785776,33.1761813]]},"properties":{"name":"trafo_220/66kV","loading_pct":8.7,"p_mw":21.7,"is_trafo":true}},{"type":"Feature","geometry":{"type":"LineString","coordinates":[[131.42935377999999,33.26353272],[131.4317759,33.2642944],[131.4324061,33.2623313],[131.4330541,33.2600605],[131.434526,33.2564808],[131.4350504,33.2546794],[131.4355886,33.2531501],[131.4381453,33.2491461],[131.4404111,33.245629],[131.442556,33.242281],[131.4461542,33.2366616],[131.4479029,33.2339343],[131.4495519,33.2321409],[131.4513391,33.230398],[131.4541595,33.2274731],[131.4560704,33.2254725],[131.4591432,33.222262],[131.4623943,33.218876],[131.4644675,33.2166913],[131.4688335,33.2131466],[131.4704042,33.2118785],[131.4720504,33.2105471],[131.4747228,33.2083762],[131.478293,33.2054431],[131.4800172,33.2040244],[131.4809382,33.2015164],[131.4817598,33.1991998],[131.4824203,33.1972082],[131.4838649,33.1949316],[131.4850802,33.1928457],[131.4858565,33.1921924],[131.48557946666668,33.19168394166667]]},"properties":{"name":"trafo_220/66kV","loading_pct":45.1,"p_mw":112.7,"is_trafo":true}},{"type":"Feature","geometry":{"type":"LineString","coordinates":[[130.8279574,33.2984501],[130.832155,33.3422735]]},"properties":{"name":"trafo_220/66kV","loading_pct":1.1,"p_mw":2.7,"is_trafo":true}},{"type":"Feature","geometry":{"type":"LineString","coordinates":[[130.74880494,33.33848274],[130.832155,33.3422735]]},"properties":{"name":"trafo_220/66kV","loading_pct":5.4,"p_mw":13.5,"is_trafo":true}},{"type":"Feature","geometry":{"type":"LineString","coordinates":[[131.6421133,33.1938169],[131.6337478,33.2065973]]},"properties":{"name":"trafo_220/66kV","loading_pct":13.4,"p_mw":33.5,"is_trafo":true}},{"type":"Feature","geometry":{"type":"LineString","coordinates":[[131.53455798333334,33.41299933333334],[131.5366994,33.4134876],[131.539476,33.4109312],[131.541345,33.4083021],[131.5405993,33.4052031],[131.5399773,33.403136],[131.5398121,33.4020786],[131.5376471,33.3996113],[131.5388576,33.3962304],[131.539445,33.3946105],[131.5384318,33.3925634],[131.537983,33.3913095],[131.5363217,33.3905508],[131.5329403,33.3897611],[131.5303875,33.3897611],[131.5287873,33.387726],[131.5280335,33.3844847],[131.5261923,33.3818077],[131.5225823,33.381465],[131.5202882,33.3806633],[131.5201202,33.3773896],[131.5217565,33.375022],[131.5225018,33.3740162]]},"properties":{"name":"trafo_220/66kV","loading_pct":25.0,"p_mw":62.6,"is_trafo":true}},{"type":"Feature","geometry":{"type":"LineString","coordinates":[[131.53455798333334,33.41299933333334],[131.539049,33.4138411],[131.5409695,33.4118753],[131.5430294,33.4097214],[131.5456419,33.4070839],[131.5485064,33.4050927],[131.5517804,33.4034655],[131.5541977,33.4022319],[131.5548728,33.4005648],[131.5556499,33.3984563],[131.5565621,33.3954274],[131.5579133,33.3931712],[131.5599784,33.3900661],[131.5604824,33.3875576],[131.5605082,33.3853195],[131.5606125,33.382514]]},"properties":{"name":"trafo_220/66kV","loading_pct":39.4,"p_mw":98.5,"is_trafo":true}},{"type":"Feature","geometry":{"type":"LineString","coordinates":[[131.53455798333334,33.41299933333334],[131.5033471,33.4474125]]},"properties":{"name":"trafo_220/66kV","loading_pct":14.5,"p_mw":36.2,"is_trafo":true}},{"type":"Feature","geometry":{"type":"LineString","coordinates":[[131.63889190681817,33.22897316590909],[131.6273121857143,33.230265814285715]]},"properties":{"name":"trafo_220/66kV","loading_pct":21.4,"p_mw":53.4,"is_trafo":true}},{"type":"Feature","geometry":{"type":"LineString","coordinates":[[131.63889190681817,33.22897316590909],[131.6434292,33.2300378],[131.6440912,33.2308949],[131.6456809,33.2329621],[131.6481947,33.2360887],[131.6510994,33.2370607],[131.6540554,33.2379923],[131.657381,33.2390676],[131.6594229,33.2397486],[131.6621291,33.2401229],[131.6640594,33.2403765],[131.666615,33.2407469],[131.6698731,33.2406784],[131.6715234,33.2415994],[131.6728521,33.2437321],[131.6758385,33.2449426],[131.6792248,33.2465719],[131.6820712,33.2484745],[131.68349614,33.24925838]]},"properties":{"name":"trafo_220/66kV","loading_pct":23.4,"p_mw":-58.5,"is_trafo":true}},{"type":"Feature","geometry":{"type":"LineString","coordinates":[[131.63889190681817,33.22897316590909],[131.6337478,33.2065973]]},"properties":{"name":"trafo_220/66kV","loading_pct":16.9,"p_mw":42.2,"is_trafo":true}},{"type":"Feature","geometry":{"type":"LineString","coordinates":[[131.63889190681817,33.22897316590909],[131.6557633,33.2077211],[131.6584738,33.2057367],[131.661132,33.2031897],[131.6643182,33.2027448],[131.6663573,33.2031963],[131.6700779,33.203464],[131.672595,33.2027939],[131.6755275,33.2020292],[131.6762284,33.2006482],[131.6803721,33.2003253],[131.683947,33.1986407],[131.6889021,33.1962589],[131.6909435,33.1947313],[131.6936531,33.1930136],[131.6948813,33.1913372],[131.6954846,33.1903723],[131.6963031,33.188994],[131.6969255,33.1872259],[131.6988695,33.1876294],[131.680644375,33.2152603625]]},"properties":{"name":"trafo_220/66kV","loading_pct":0.3,"p_mw":0.7,"is_trafo":true}},{"type":"Feature","geometry":{"type":"LineString","coordinates":[[130.6073818,33.4993479],[130.6201409,33.4898277],[130.6184233,33.4893088],[130.6174933,33.4890278],[130.6152882,33.4875924],[130.6119056,33.4854775],[130.6102458,33.4844407],[130.6060348,33.4818648],[130.6013496,33.4820581],[130.5992309,33.4821286],[130.5965141,33.4821885],[130.5917686,33.4803283],[130.5875733,33.479329],[130.583618008,33.479420372]]},"properties":{"name":"trafo_500/220kV","loading_pct":12.5,"p_mw":99.9,"is_trafo":true}},{"type":"Feature","geometry":{"type":"LineString","coordinates":[[130.6073818,33.4993479],[130.6201409,33.4898277],[130.6184233,33.4893088],[130.6174933,33.4890278],[130.6152882,33.4875924],[130.6119056,33.4854775],[130.6102458,33.4844407],[130.6060348,33.4818648],[130.6013496,33.4820581],[130.5992309,33.4821286],[130.5965141,33.4821885],[130.5917686,33.4803283],[130.5875733,33.479329],[130.5786847,33.5090955]]},"properties":{"name":"trafo_500/220kV","loading_pct":14.5,"p_mw":115.6,"is_trafo":true}},{"type":"Feature","geometry":{"type":"LineString","coordinates":[[130.583618008,33.479420372],[130.53769268888888,33.44046487777778]]},"properties":{"name":"trafo_220/110kV","loading_pct":72.6,"p_mw":-217.7,"is_trafo":true}},{"type":"Feature","geometry":{"type":"LineString","coordinates":[[130.62249808181818,33.49066136363636],[130.6201409,33.4898277],[130.6184233,33.4893088],[130.6174933,33.4890278],[130.6152882,33.4875924],[130.6119056,33.4854775],[130.6102458,33.4844407],[130.6060348,33.4818648],[130.6013496,33.4820581],[130.5992309,33.4821286],[130.5965141,33.4821885],[130.5917686,33.4803283],[130.5875733,33.479329],[130.583618008,33.479420372]]},"properties":{"name":"trafo_500/220kV","loading_pct":12.6,"p_mw":100.6,"is_trafo":true}},{"type":"Feature","geometry":{"type":"LineString","coordinates":[[130.583618008,33.479420372],[130.5994356,33.4798627],[130.6032372,33.4795292],[130.6055524,33.4787153],[130.6075094,33.475473],[130.6090891,33.4729882],[130.6104126,33.4709309],[130.6121521,33.4698514],[130.6135218,33.4689822],[130.6154251,33.4678221],[130.6173605,33.4667217],[130.6202426,33.4650551],[130.6220824,33.4639211],[130.6247456,33.4622632],[130.6271745,33.4607606],[130.6301416,33.4588946],[130.6324182,33.45748],[130.6356902,33.4554555],[130.6390391,33.4534948],[130.6401702,33.4511499],[130.6416415,33.4476454],[130.6425583,33.4456456],[130.6429682,33.4448151],[130.6436976,33.4431316],[130.6445843,33.4408535],[130.6451736,33.4395851],[130.6465965,33.436548],[130.6480933,33.4332543],[130.64827322000002,33.431601]]},"properties":{"name":"trafo_220/66kV","loading_pct":15.9,"p_mw":39.8,"is_trafo":true}},{"type":"Feature","geometry":{"type":"LineString","coordinates":[[130.583618008,33.479420372],[130.5815495,33.4788631],[130.5799638,33.479225],[130.5780075,33.4778545],[130.5754905,33.476105],[130.5735038,33.4747102],[130.5708798,33.4730436],[130.5688792,33.4728596],[130.5668628,33.4726801],[130.5644474,33.4724392],[130.5623207,33.4721939],[130.5603621,33.4725618],[130.5347826,33.476632625]]},"properties":{"name":"trafo_220/66kV","loading_pct":19.5,"p_mw":48.7,"is_trafo":true}},{"type":"Feature","geometry":{"type":"LineString","coordinates":[[130.36461375,33.47021671666667],[130.53769268888888,33.44046487777778]]},"properties":{"name":"trafo_500/110kV","loading_pct":0.8,"p_mw":4.7,"is_trafo":true}},{"type":"Feature","geometry":{"type":"LineString","coordinates":[[129.92936985882352,33.34973471764706],[130.53769268888888,33.44046487777778]]},"properties":{"name":"trafo_500/110kV","loading_pct":69.1,"p_mw":414.7,"is_trafo":true}},{"type":"Feature","geometry":{"type":"LineString","coordinates":[[130.62249808181818,33.49066136363636],[130.53769268888888,33.44046487777778]]},"properties":{"name":"trafo_500/110kV","loading_pct":47.9,"p_mw":-287.3,"is_trafo":true}},{"type":"Feature","geometry":{"type":"LineString","coordinates":[[130.49114560833334,33.38086646666667],[130.4939751,33.3843966],[130.4950811,33.38645],[130.4962565,33.388566],[130.4971344,33.3901354],[130.4982909,33.3924158],[130.4987154,33.3932695],[130.5012279,33.3956996],[130.5031905,33.3976595],[130.5037135,33.398953],[130.5048844,33.4021417],[130.5060462,33.4051316],[130.5072357,33.4081457],[130.5081164,33.41039],[130.5091986,33.4122524],[130.510184,33.4139777],[130.511365,33.4160104],[130.5125049,33.4180178],[130.5136866,33.4200517],[130.5157288,33.4218248],[130.5179535,33.4236782],[130.5193224,33.4248544],[130.5208374,33.4261397],[130.5221318,33.4269632],[130.5231833,33.4284639],[130.5248975,33.4296401],[130.5259379,33.4305033],[130.5279065,33.4322098],[130.531603,33.4322192],[130.5329892,33.433783],[130.5327797,33.4362342],[130.53769268888888,33.44046487777778]]},"properties":{"name":"trafo_220/110kV","loading_pct":40.8,"p_mw":122.5,"is_trafo":true}},{"type":"Feature","geometry":{"type":"LineString","coordinates":[[130.36461375,33.47021671666667],[130.3608644,33.4760959],[130.3606925,33.4796863],[130.361899,33.4818945],[130.3651443,33.484297],[130.3673515,33.4859501],[130.3689462,33.4885444],[130.3699304,33.4913229],[130.3684462,33.4942461],[130.3684357,33.4962432],[130.3684936,33.4991531],[130.3711515,33.5016811],[130.3725463,33.5029363],[130.374434,33.5067015],[130.3779361,33.5107984],[130.3780809,33.5126281]]},"properties":{"name":"trafo_500/220kV","loading_pct":48.5,"p_mw":388.3,"is_trafo":true}},{"type":"Feature","geometry":{"type":"LineString","coordinates":[[130.36461375,33.47021671666667],[130.3615726,33.4699923],[130.3621357,33.4685588],[130.3662359,33.4673608],[130.3689238,33.4666747],[130.3722359,33.4644896],[130.3742761,33.4631664],[130.3758261,33.4572804],[130.3803109,33.4554463],[130.3830037,33.4543107],[130.3849866,33.4534978],[130.3890747,33.451823],[130.3917235,33.449711],[130.3948791,33.4473628],[130.396906,33.4449606],[130.3987763,33.4429915],[130.4006074,33.4407445],[130.3995212,33.4345316],[130.3985,33.4318068],[130.3972956,33.4274021],[130.3940005,33.4236596],[130.3949748,33.4205662],[130.3961792,33.4170599],[130.3974277,33.4144567],[130.3985184,33.412124],[130.4015871,33.4094806],[130.4036243,33.4076341],[130.4053505,33.4048981],[130.4095947,33.4008134],[130.4123743,33.3986999],[130.4143263,33.3972375],[130.4167728,33.3966148],[130.4207626,33.3951614],[130.4221985,33.394799],[130.4256114,33.3938097],[130.4306301,33.3933146],[130.4335098,33.3929603],[130.4391826,33.3923482],[130.4438368,33.3918394],[130.449582,33.3909284],[130.4550886,33.3900281],[130.4595359,33.3898577],[130.4629279,33.389183],[130.4688209,33.387974],[130.4709607,33.3865564],[130.4743028,33.3842808],[130.4778908,33.3833608],[130.4688209,33.387974]]},"properties":{"name":"trafo_500/220kV","loading_pct":33.0,"p_mw":-264.3,"is_trafo":true}},{"type":"Feature","geometry":{"type":"LineString","coordinates":[[130.36461375,33.47021671666667],[130.3628029,33.4721223],[130.3610444,33.4734912],[130.3579706,33.4750931],[130.3548914,33.4765026],[130.3529602,33.4771782],[130.3501975,33.4784534],[130.3473008,33.4780821],[130.3441733,33.4764847],[130.3415823,33.4754018],[130.3366685,33.4758896],[130.3321248,33.476035],[130.3287426,33.4761536],[130.3262132,33.4760529],[130.3210688,33.4752586],[130.3182578,33.4761267],[130.3148916,33.478968],[130.311158,33.4808226],[130.3060296,33.4830553],[130.3028887,33.4860485],[130.2979723,33.4895426],[130.2923852,33.4915737],[130.289408,33.4932312],[130.2868223,33.494372],[130.2837807,33.4967072],[130.2815491,33.4984921],[130.2773112,33.5007645],[130.2735078,33.5018963],[130.2677625,33.5014042],[130.2636319,33.504777],[130.2601612,33.5052645],[130.256744,33.5065572],[130.2537936,33.5075636],[130.2473026,33.5073176],[130.2424318,33.5090173],[130.2391326,33.5091202],[130.2358872,33.5122243],[130.2330869,33.5134453],[130.2309143,33.514483],[130.2277762,33.5173409],[130.2277193875,33.51820235]]},"properties":{"name":"trafo_500/220kV","loading_pct":17.5,"p_mw":139.8,"is_trafo":true}},{"type":"Feature","geometry":{"type":"LineString","coordinates":[[130.49114560833334,33.38086646666667],[130.4932109,33.3802569],[130.491284,33.3776755],[130.4904366,33.3757843],[130.4896684,33.3736017],[130.4924211,33.3725673],[130.4948839,33.3712234],[130.4952381,33.3696708],[130.4923619,33.3676027],[130.4924011,33.3654778],[130.4941978,33.3631449],[130.4953869,33.3634661],[130.4971066,33.3633173],[130.4972179,33.3613149],[130.4972449,33.3595864],[130.4986833,33.3580018],[130.5007325,33.3593305],[130.5030418,33.3607961],[130.5049455,33.358588],[130.5072557,33.3558468],[130.5092844,33.3533977],[130.50088281428572,33.36388084285714]]},"properties":{"name":"trafo_220/66kV","loading_pct":8.4,"p_mw":21.1,"is_trafo":true}},{"type":"Feature","geometry":{"type":"LineString","coordinates":[[130.5567984,33.5198242],[130.53340694,33.51553886000001]]},"properties":{"name":"trafo_220/66kV","loading_pct":10.0,"p_mw":25.1,"is_trafo":true}},{"type":"Feature","geometry":{"type":"LineString","coordinates":[[130.4997503857143,33.542643057142854],[130.5009907,33.5437176],[130.5025623,33.5465956],[130.504831,33.5487438],[130.5092543,33.5500054],[130.5145079,33.5517798],[130.5177221,33.552739],[130.5201867,33.5533948],[130.5246256,33.550408],[130.5269353,33.5485041],[130.5311181,33.545046],[130.5336714,33.5435935],[130.5370688,33.5400233],[130.5391937,33.53744],[130.5420284,33.5362674],[130.5458667,33.5367539],[130.5488134,33.5352287],[130.55189,33.5339377],[130.5543167,33.5317319],[130.5557517,33.5296563],[130.5555617,33.526782],[130.5554689,33.52313],[130.53340694,33.51553886000001]]},"properties":{"name":"trafo_220/66kV","loading_pct":3.5,"p_mw":-8.8,"is_trafo":true}},{"type":"Feature","geometry":{"type":"LineString","coordinates":[[130.48805587222222,33.54758102222222],[130.4895199,33.5498998],[130.4892054,33.5507993],[130.4901624,33.5518392],[130.4906266,33.552529],[130.4916463,33.5537453],[130.4920805,33.5547162],[130.494207,33.5569329],[130.4956886,33.5574731],[130.5002866,33.5582214],[130.5011748,33.5599918],[130.5035062,33.5612742],[130.5039807,33.5636227],[130.5063569,33.5648457],[130.5076462,33.5643284],[130.5072386375,33.56426755]]},"properties":{"name":"trafo_220/66kV","loading_pct":6.5,"p_mw":16.2,"is_trafo":true}},{"type":"Feature","geometry":{"type":"LineString","coordinates":[[130.48805587222222,33.54758102222222],[130.47486438,33.536636720000004]]},"properties":{"name":"trafo_220/66kV","loading_pct":54.8,"p_mw":137.0,"is_trafo":true}},{"type":"Feature","geometry":{"type":"LineString","coordinates":[[130.48805587222222,33.54758102222222],[130.4851397,33.5487466],[130.4840725,33.5504019],[130.4829977,33.5507685],[130.4823237,33.5525247],[130.4815574,33.5541546],[130.4809037,33.5556872],[130.4797257,33.5565801],[130.4782879,33.5576443],[130.4771045,33.55849],[130.4756228,33.5595446],[130.4742636,33.5604902],[130.4734003,33.5619718],[130.4713513,33.5637756],[130.4706003,33.5646386],[130.4709222,33.5654704],[130.4712995,33.5664546],[130.4710502,33.5678793],[130.47033676666666,33.56911461666667]]},"properties":{"name":"trafo_220/66kV","loading_pct":55.5,"p_mw":138.7,"is_trafo":true}},{"type":"Feature","geometry":{"type":"LineString","coordinates":[[131.82627523846153,34.200047161538464],[131.8890107,34.157137]]},"properties":{"name":"trafo_500/220kV","loading_pct":13.7,"p_mw":-109.4,"is_trafo":true}},{"type":"Feature","geometry":{"type":"LineString","coordinates":[[131.82627523846153,34.200047161538464],[131.8277225,34.1978873],[131.8331556,34.1964326],[131.836738,34.1942057],[131.8384888,34.1905307],[131.8395436,34.186581],[131.840717,34.1822763],[131.842743,34.1785873],[131.8439002,34.1761904],[131.845858,34.1723746],[131.847596,34.1690819],[131.8494036,34.1657396],[131.8502734,34.1635659],[131.8520349,34.1594141],[131.8528771,34.1574916],[131.8552744,34.1512534],[131.8544746,34.1467594],[131.8540286,34.1442251],[131.8530964,34.1388454],[131.8518804,34.1357975],[131.8501404,34.1313578],[131.8487415,34.1261272],[131.84944866842105,34.12279460526316]]},"properties":{"name":"trafo_500/220kV","loading_pct":17.3,"p_mw":-138.8,"is_trafo":true}},{"type":"Feature","geometry":{"type":"LineString","coordinates":[[130.50946642,33.29993081333333],[130.5103549,33.2986575],[130.5117706,33.298211],[130.5133621,33.2981376],[130.5154573,33.2977927],[130.5174901,33.2974422],[130.5197304,33.2970188],[130.5220447,33.2966101],[130.5231861,33.2971679],[130.5244791,33.297737],[130.5259535,33.2979248],[130.5279417,33.2985955],[130.5290883,33.298821],[130.5311032,33.2993826],[130.5334365,33.3000405],[130.5336018,33.3000805],[130.5360096,33.3006794],[130.5375205,33.301042],[130.538152,33.302083],[130.5391527,33.3037705],[130.5396463,33.3047785],[130.5399989,33.3054986],[130.5406309,33.3067496],[130.5406274,33.306768],[130.5417647,33.3086622],[130.5432192,33.3099175],[130.5438132,33.3107447],[130.5439964631579,33.31093009473684]]},"properties":{"name":"trafo_220/66kV","loading_pct":17.9,"p_mw":44.8,"is_trafo":true}},{"type":"Feature","geometry":{"type":"LineString","coordinates":[[130.50946642,33.29993081333333],[130.5071908,33.2981128],[130.5063209,33.2966225],[130.505923,33.2952412],[130.5061648,33.2943478],[130.5066485,33.2925961],[130.5070668,33.2910701],[130.5074612,33.2896867],[130.5082215,33.2888515],[130.5082749,33.2887929],[130.5085068,33.2885068],[130.5085587,33.2884428],[130.509465,33.2873249],[130.5103999,33.2861639],[130.5119161,33.2857411],[130.5141877,33.2848895],[130.5157819,33.2843164],[130.5171699,33.2837898],[130.5188032,33.2831933],[130.5205618,33.2832865],[130.5224153,33.2834357],[130.5256048,33.2836149],[130.5277848,33.2837623],[130.529489,33.2834165],[130.5309826,33.2831308],[130.5314043,33.2831214],[130.5321254,33.2831054],[130.5331587375,33.282659875]]},"properties":{"name":"trafo_220/66kV","loading_pct":70.5,"p_mw":-176.3,"is_trafo":true}},{"type":"Feature","geometry":{"type":"LineString","coordinates":[[129.83463531428572,33.515607485714284],[129.8355667,33.5155778],[129.8360583,33.5145871],[129.8377159,33.5134877],[129.8387982,33.5138945],[129.83860586999998,33.51462156]]},"properties":{"name":"trafo_500/220kV","loading_pct":62.7,"p_mw":501.4,"is_trafo":true}},{"type":"Feature","geometry":{"type":"LineString","coordinates":[[129.9236435,33.3937678],[129.83860586999998,33.51462156]]},"properties":{"name":"trafo_500/220kV","loading_pct":49.4,"p_mw":-395.2,"is_trafo":true}},{"type":"Feature","geometry":{"type":"LineString","coordinates":[[129.83860586999998,33.51462156],[129.8796147,33.4879661]]},"properties":{"name":"trafo_220/66kV","loading_pct":11.4,"p_mw":28.5,"is_trafo":true}},{"type":"Feature","geometry":{"type":"LineString","coordinates":[[129.9236435,33.3937678],[129.9391519857143,33.37480647142857]]},"properties":{"name":"trafo_500/66kV","loading_pct":23.0,"p_mw":-137.9,"is_trafo":true}},{"type":"Feature","geometry":{"type":"LineString","coordinates":[[130.3780809,33.5126281],[130.3240275,33.5131946]]},"properties":{"name":"trafo_220/66kV","loading_pct":60.2,"p_mw":150.5,"is_trafo":true}},{"type":"Feature","geometry":{"type":"LineString","coordinates":[[130.49118276666667,33.30056885833333],[130.4911344,33.299727],[130.4914282,33.2978496],[130.4916998,33.2962241],[130.491974,33.2944308],[130.4917542,33.2922986],[130.4915905,33.2905711],[130.491296,33.2877897],[130.4905278,33.2859005],[130.4897226,33.2841856],[130.488907,33.2824609],[130.4884958,33.2816358],[130.4881523,33.2809464],[130.4873546,33.2792577],[130.4873093,33.2791628],[130.4863707,33.277196],[130.4853055,33.2750541],[130.4844101,33.2731483],[130.4835149,33.2712424],[130.4826573,33.2693949],[130.4818811,33.2677762],[130.4809301,33.2658545],[130.4799776,33.2638232],[130.4790958,33.261966],[130.4789636,33.2616942],[130.4786009,33.2609485],[130.4785763,33.2608978],[130.4780988,33.259916],[130.4778689,33.2590125],[130.4778491,33.2589348],[130.4778284,33.2588532],[130.47711935,33.25777358333333]]},"properties":{"name":"trafo_220/66kV","loading_pct":18.4,"p_mw":-45.9,"is_trafo":true}},{"type":"Feature","geometry":{"type":"LineString","coordinates":[[130.49118276666667,33.30056885833333],[130.4899115,33.3047341],[130.489185,33.3067347],[130.4878662,33.3080644],[130.4835157,33.3108393],[130.4820869,33.3118649],[130.4802543,33.3134623],[130.4790309,33.3146099],[130.4774624,33.3160794],[130.4785747,33.3172213],[130.4803983,33.3186149],[130.4819832,33.3198036],[130.484269,33.3207251],[130.486183,33.321502],[130.4884729,33.3224031],[130.4974899,33.32239903333333]]},"properties":{"name":"trafo_220/66kV","loading_pct":24.0,"p_mw":60.1,"is_trafo":true}},{"type":"Feature","geometry":{"type":"LineString","coordinates":[[129.92936985882352,33.34973471764706],[129.9886191,33.3463335]]},"properties":{"name":"trafo_500/220kV","loading_pct":7.5,"p_mw":60.0,"is_trafo":true}},{"type":"Feature","geometry":{"type":"LineString","coordinates":[[129.92936985882352,33.34973471764706],[129.878408,33.4544991]]},"properties":{"name":"trafo_500/220kV","loading_pct":0.9,"p_mw":-7.0,"is_trafo":true}},{"type":"Feature","geometry":{"type":"LineString","coordinates":[[129.92936985882352,33.34973471764706],[129.9260158,33.3522869],[129.9251898,33.3553915],[129.9240748,33.3574309],[129.9227999,33.3596593],[129.920411,33.3639133],[129.9187147,33.3669098],[129.9187636,33.3701324],[129.9187591,33.3720162],[129.9187481,33.3738589],[129.9194793,33.3774212],[129.9207485,33.3817166],[129.9215994,33.3845373],[129.9234042,33.3876755],[129.9241651,33.3897042],[129.9250504,33.3919246],[129.9261558,33.3945485],[129.9265643,33.3976135],[129.9268024,33.3998625],[129.928171,33.4030218],[129.9296685,33.4063201],[129.9311453,33.4097363],[129.9320241,33.4119279],[129.9332095,33.4146873],[129.9345648,33.417857],[129.9359894,33.4211856],[129.9373533,33.4243622],[129.9377863,33.4262704],[129.9388818,33.4310549],[129.9408817,33.4346996],[129.9425925,33.4367115],[129.9439089,33.4382533],[129.9450651,33.4404245],[129.9464983,33.4449879],[129.9470828,33.446928],[129.9478579,33.4494643],[129.94904,33.4532324],[129.9497631,33.4573327],[129.9501745,33.4595255],[129.9439089,33.4382533]]},"properties":{"name":"trafo_500/220kV","loading_pct":4.3,"p_mw":34.1,"is_trafo":true}},{"type":"Feature","geometry":{"type":"LineString","coordinates":[[129.92936985882352,33.34973471764706],[129.9270308,33.3465456],[129.9268484,33.3434894],[129.9250138,33.3402],[129.9228787,33.3363368],[129.9207866,33.3330382],[129.9205506,33.3284306],[129.9203896,33.3233836],[129.9202716,33.3196362],[129.9208832,33.3171887],[129.9223208,33.3119796],[129.9236083,33.3067791],[129.9260759,33.3026096],[129.9264729,33.3008341],[129.9272025,33.2977493],[129.9273956,33.2940278],[129.927578,33.2905213],[129.9274063,33.2889249],[129.9270093,33.2862344],[129.9266016,33.283158],[129.9241876,33.2791399],[129.9234044,33.2771576],[129.9229109,33.2738657],[129.9223423,33.271677],[129.9223101,33.2680081],[129.9228358,33.264994],[129.9237585,33.2600958],[129.9237907,33.2572787],[129.9238121,33.2551614],[129.92378,33.2522904],[129.9242198,33.2495179],[129.9245953,33.2467723],[129.9250889,33.242564],[129.9255824,33.239217],[129.9261832,33.2351609],[129.9283075,33.231302],[129.9295521,33.2289866],[129.9312794,33.2258185],[129.9304855,33.2228568],[129.9295199,33.2187191],[129.9303675,33.2159546],[129.9315798,33.212068],[129.9308932,33.2092584],[129.9304211,33.2074451],[129.928683,33.2033785],[129.9268377,33.2001646],[129.9248528,33.1966723],[129.9237907,33.1950024],[129.9226534,33.1932607],[129.920851,33.1891486],[129.9207222,33.1872271],[129.9205398,33.1841204],[129.9202287,33.1801785],[129.9216731,33.1735704],[129.9208597,33.1702521],[129.9198794,33.1659919],[129.9168599,33.1642754],[129.9138005,33.1639044],[129.9089849,33.1631022],[129.9073434,33.1606548],[129.9037599,33.1594872],[129.8993397,33.1583465],[129.8957455,33.1570711],[129.8916578,33.1567836],[129.8876881,33.1563615],[129.8834824,33.1557866],[129.8808968,33.1554094],[129.8763263,33.1562447],[129.8735475,33.1567836],[129.86902,33.1576728],[129.8651683,33.1572597],[129.8622179,33.1565321],[129.858613,33.1551938],[129.8553944,33.1520231],[129.852916,33.1486097],[129.8501474,33.1454205],[129.8499058,33.1427933],[129.8413634,33.13817481428571]]},"properties":{"name":"trafo_500/220kV","loading_pct":44.7,"p_mw":-357.2,"is_trafo":true}},{"type":"Feature","geometry":{"type":"LineString","coordinates":[[129.92936985882352,33.34973471764706],[129.9296383,33.3551221],[129.928682,33.3573722],[129.9276215,33.3599935],[129.9265624,33.362417],[129.9245695,33.3671644],[129.925497,33.3705193],[129.9262365,33.3745231],[129.9247888,33.3790657],[129.9253967,33.3843093],[129.9251899,33.3885323],[129.9244582,33.3912823],[129.9391519857143,33.37480647142857]]},"properties":{"name":"trafo_500/66kV","loading_pct":22.7,"p_mw":136.2,"is_trafo":true}},{"type":"Feature","geometry":{"type":"LineString","coordinates":[[129.92936985882352,33.34973471764706],[129.9328451,33.3477537],[129.9344042,33.3476141],[129.9357347,33.3448628],[129.9376464,33.343433],[129.9375912,33.3403335],[129.9384265,33.337978],[129.9392467,33.3354944],[129.9388747,33.331895],[129.9386248,33.32978],[129.938332,33.3226577],[129.9383747,33.3185864],[129.9393991,33.3144054],[129.9401857,33.3111287],[129.9411309,33.3074009],[129.9416553,33.3052528],[129.9426798,33.3026944],[129.9436737,33.3002811],[129.9444878,33.2982679],[129.945747,33.2952633],[129.9451599,33.2929834],[129.944567,33.2908821],[129.9438211,33.2880689],[129.9430363,33.2852935],[129.9422839,33.2824387],[129.9427711,33.2800885],[129.9434729,33.2767955],[129.9439868,33.2743132],[129.9449541,33.271215],[129.9457491,33.2684501],[129.9465862,33.2661141],[129.9455729,33.2627539],[129.9447795,33.2599614],[129.9455642,33.2580054],[129.9465883,33.2554291],[129.9483928,33.2518035],[129.9500076,33.2485437],[129.951506,33.2461295],[129.9533213,33.2432517],[129.9541923,33.2418705],[129.9562555,33.2404028],[129.9579072,33.2392596],[129.960226,33.2375279],[129.9625089,33.2364078],[129.9657599,33.234674],[129.9683917,33.2320797],[129.9691046,33.2290982],[129.9700295,33.2255806],[129.9714425,33.2228364],[129.9724721,33.2209223],[129.9742244,33.2176779],[129.9756969,33.2149344],[129.9787705,33.2124523],[129.9812792,33.2102982],[129.9834275,33.2090471],[129.9861735,33.207374],[129.9883997,33.2058197],[129.9906678,33.2043546],[129.9937366,33.2021234],[129.9949148,33.2005861],[129.9975306,33.1971459],[129.9991791,33.1957874],[130.0025095,33.1937004],[130.0040183,33.1926083],[130.0073173,33.1901959],[130.0086261,33.1869642],[130.0093395,33.1849855],[130.0098545,33.1824728],[130.01155884285714,33.18088777857143]]},"properties":{"name":"trafo_500/220kV","loading_pct":22.4,"p_mw":-178.9,"is_trafo":true}},{"type":"Feature","geometry":{"type":"LineString","coordinates":[[130.62249808181818,33.49066136363636],[130.74880494,33.33848274]]},"properties":{"name":"trafo_500/220kV","loading_pct":2.5,"p_mw":-20.4,"is_trafo":true}},{"type":"Feature","geometry":{"type":"LineString","coordinates":[[130.6237713111111,33.49187337777778],[130.76029506,33.60313274]]},"properties":{"name":"trafo_500/220kV","loading_pct":0.5,"p_mw":-4.3,"is_trafo":true}},{"type":"Feature","geometry":{"type":"LineString","coordinates":[[130.48510393333333,33.38498947777778],[130.4534984,33.3723374]]},"properties":{"name":"trafo_220/66kV","loading_pct":4.3,"p_mw":10.8,"is_trafo":true}},{"type":"Feature","geometry":{"type":"LineString","coordinates":[[130.9026083,32.909090400000004],[130.9087474,32.9058393],[130.9109417,32.9015118],[130.9119068,32.8989904],[130.91327235714286,32.89632738571429]]},"properties":{"name":"trafo_500/66kV","loading_pct":59.1,"p_mw":-354.7,"is_trafo":true}},{"type":"Feature","geometry":{"type":"LineString","coordinates":[[130.9026083,32.909090400000004],[130.9002342,32.9052726],[130.8992432,32.9014894],[130.8972147,32.8997168],[130.8953454,32.9000504],[130.8930057,32.9006156],[130.8906823,32.9005032],[130.8890076,32.9008096],[130.8871627,32.9012182],[130.8844703,32.9021987],[130.87871394444446,32.90235998888889]]},"properties":{"name":"trafo_500/220kV","loading_pct":6.7,"p_mw":-53.4,"is_trafo":true}},{"type":"Feature","geometry":{"type":"LineString","coordinates":[[130.9026083,32.909090400000004],[130.7747628,33.2891548]]},"properties":{"name":"trafo_500/220kV","loading_pct":17.6,"p_mw":141.2,"is_trafo":true}},{"type":"Feature","geometry":{"type":"LineString","coordinates":[[129.81028475,33.31323831666666],[129.8166847,33.3033359],[129.8151719,33.3021881],[129.8138308,33.2993007],[129.8125219,33.295633],[129.8138416,33.293122],[129.8148018,33.2924539],[129.8152149,33.2909517],[129.8165345,33.2866648],[129.8197532,33.2849967],[129.8226982,33.2833419],[129.8256183,33.28175592]]},"properties":{"name":"trafo_500/66kV","loading_pct":16.7,"p_mw":-100.2,"is_trafo":true}},{"type":"Feature","geometry":{"type":"LineString","coordinates":[[130.462394,33.35171057],[130.4534984,33.3723374]]},"properties":{"name":"trafo_220/66kV","loading_pct":13.0,"p_mw":32.5,"is_trafo":true}},{"type":"Feature","geometry":{"type":"LineString","coordinates":[[130.46579290357144,33.72156856428571],[130.4668514,33.7216229],[130.4690602,33.7221099],[130.4714734,33.7225079],[130.4725126,33.7226991],[130.4737546,33.7229179],[130.4739894,33.7231737],[130.4751773,33.7243534],[130.4764505,33.7256788],[130.4780385,33.7272824],[130.4795169,33.7288205],[130.4810458,33.7303819],[130.4824793,33.7318311],[130.4837384,33.7331424],[130.48520556,33.73468422]]},"properties":{"name":"trafo_220/66kV","loading_pct":45.5,"p_mw":113.6,"is_trafo":true}},{"type":"Feature","geometry":{"type":"LineString","coordinates":[[130.46579290357144,33.72156856428571],[130.4640863,33.7213613],[130.461963,33.7209562],[130.4589662,33.7196275],[130.4573142,33.7208223],[130.4559999375,33.72058525]]},"properties":{"name":"trafo_220/66kV","loading_pct":32.5,"p_mw":81.2,"is_trafo":true}},{"type":"Feature","geometry":{"type":"LineString","coordinates":[[130.47613073333335,33.714022633333336],[130.43919306,33.64639222]]},"properties":{"name":"trafo_220/66kV","loading_pct":36.4,"p_mw":91.0,"is_trafo":true}},{"type":"Feature","geometry":{"type":"LineString","coordinates":[[130.5786847,33.5090955],[130.58558,33.496907],[130.5836373,33.4983252],[130.581465,33.5026535],[130.5799143,33.505562],[130.5786847,33.5090955],[130.5781768,33.5116154],[130.577676,33.5145657],[130.5767175,33.5161852],[130.5754995,33.5195305],[130.5739589,33.5246489],[130.5707284,33.5272475],[130.5696715,33.5292081],[130.5650016,33.5304242],[130.5613472,33.5326367],[130.5597406,33.5343933],[130.5583923,33.5369188],[130.5579307,33.5399486],[130.5578644,33.5412943],[130.5576524,33.5448433],[130.5573927,33.5490075],[130.5566193,33.5523653],[130.5567752,33.5564109],[130.556594,33.5585628],[130.5562837,33.5630757],[130.5555386,33.5652278],[130.554444,33.5680063],[130.5529326,33.5718115],[130.552871,33.5747407],[130.5527763,33.5783723],[130.5510873,33.5813165],[130.5482059,33.5829017],[130.5454259,33.5867092],[130.542432,33.589016],[130.5407883,33.5896893],[130.5380212,33.5908382],[130.5346893,33.5923261],[130.5320773,33.5935855],[130.5279309,33.5955111],[130.5226128,33.5966727],[130.5193323,33.5991541],[130.5175439,33.6009241],[130.5164386,33.6047192],[130.514399,33.6060197],[130.5099076,33.6076847],[130.5045107,33.609322],[130.5007636,33.612616],[130.4996375,33.6137143],[130.4952945,33.6159597],[130.4923347,33.6176354],[130.47872142857142,33.61520072857143]]},"properties":{"name":"trafo_220/66kV","loading_pct":39.3,"p_mw":98.3,"is_trafo":true}},{"type":"Feature","geometry":{"type":"LineString","coordinates":[[131.01551418333335,33.60801320833333],[131.0210075,33.607417],[131.0224419,33.6058725],[131.0250955,33.6029541],[131.027329,33.6011962],[131.0296036,33.5992847],[131.0345807,33.598743],[131.0394542,33.5984996],[131.0410667,33.5979889],[131.0454703,33.5975233],[131.0498391,33.5971444],[131.055057,33.5966495],[131.060305,33.5971063],[131.06461,33.5973663],[131.0705321,33.5969727],[131.074194,33.5983193],[131.0766443,33.6002555],[131.0817736,33.6009615],[131.0843487,33.6013553],[131.0888042,33.6019887],[131.0935804,33.6026424],[131.0967195,33.6030764],[131.1013018,33.6051075],[131.1049647,33.6059584],[131.1096502,33.6075301],[131.1100007,33.6108255],[131.1111972,33.6145754],[131.111929,33.6168793],[131.112814,33.6213267],[131.1175043,33.6240587],[131.1096502,33.6075301]]},"properties":{"name":"trafo_500/220kV","loading_pct":3.7,"p_mw":29.3,"is_trafo":true}},{"type":"Feature","geometry":{"type":"LineString","coordinates":[[131.01551418333335,33.60801320833333],[131.3489513,33.3471529]]},"properties":{"name":"trafo_500/220kV","loading_pct":46.3,"p_mw":370.5,"is_trafo":true}},{"type":"Feature","geometry":{"type":"LineString","coordinates":[[131.72938898333334,33.134381016666666],[131.7792904,33.2261032]]},"properties":{"name":"trafo_500/220kV","loading_pct":2.9,"p_mw":23.2,"is_trafo":true}},{"type":"Feature","geometry":{"type":"LineString","coordinates":[[131.72938898333334,33.134381016666666],[131.7327475,33.1633133]]},"properties":{"name":"trafo_500/220kV","loading_pct":45.7,"p_mw":365.4,"is_trafo":true}},{"type":"Feature","geometry":{"type":"LineString","coordinates":[[131.72938898333334,33.134381016666666],[131.7310579,33.133703],[131.733329,33.1329218],[131.734606,33.1325995],[131.7338084,33.1294028],[131.7330836,33.1260963],[131.7334238,33.1218987],[131.7347162,33.1189235],[131.736166,33.1156368],[131.7369481,33.1138314],[131.7384768,33.1103368],[131.7414593,33.1035316],[131.740601,33.0998107],[131.7401075,33.0970424],[131.7391634,33.0921887],[131.7390346,33.0884494],[131.7390561,33.0867955],[131.7387771,33.0834514],[131.7397213,33.0802332],[131.7423391,33.077698],[131.7453217,33.0750549],[131.7482614,33.0723038],[131.7495489,33.0711171],[131.752553,33.0677725],[131.7552566,33.0653269],[131.7584753,33.0624136],[131.7621231,33.0599859],[131.7660069,33.0573422],[131.7666507,33.0522166],[131.7648268,33.0482957],[131.7636466,33.0457776],[131.7618227,33.0416766],[131.7619514,33.0383129],[131.7629385,33.0329882],[131.7625737,33.0301459],[131.7642903,33.0293184],[131.7666936,33.028203],[131.769011,33.0259182],[131.7749655,33.0241371],[131.7771113,33.0249467],[131.7804158,33.0266198],[131.7872071,33.0312073],[131.7898142,33.0330692],[131.7940468,33.0329388],[131.7983919,33.0328938],[131.8005001,33.0328623],[131.8065083,33.0326914],[131.8134284,33.0323676],[131.8182456,33.0310094],[131.8227088,33.0297681],[131.8274188,33.0284998],[131.8329334,33.0270606],[131.8370747,33.0257473],[131.8392634,33.0250636],[131.8426967,33.0239212],[131.8461728,33.0237683],[131.8503249,33.0233905],[131.8543267,33.0231296],[131.8576634,33.0213934],[131.8606245,33.0196303],[131.8652272,33.0162837],[131.8661606,33.0121993],[131.8681669,33.010139],[131.8700552,33.007278],[131.8714285,33.0054245],[131.8737459,33.0027972],[131.8769002,33.0017715],[131.8787241,33.0000979],[131.880548,32.9982263],[131.8810952,32.9977989],[131.8652272,33.0162837]]},"properties":{"name":"trafo_500/220kV","loading_pct":16.5,"p_mw":131.6,"is_trafo":true}},{"type":"Feature","geometry":{"type":"LineString","coordinates":[[130.87500792857142,33.3051374],[130.8768175,33.3037078],[130.8798902,33.3033816],[130.8846223,33.3028859],[130.8881706,33.3006272],[130.8898374,33.299193],[130.8924057,33.2969805],[130.8944637,33.2946114],[130.8966604,33.2930907],[130.9012223,33.2932091]]},"properties":{"name":"trafo_220/66kV","loading_pct":9.3,"p_mw":23.3,"is_trafo":true}},{"type":"Feature","geometry":{"type":"LineString","coordinates":[[130.87500792857142,33.3051374],[130.888048,33.3028091],[130.8922951,33.3016036],[130.8961029,33.3015488],[130.8989647,33.3015076],[130.9023035,33.3014609],[130.9056862,33.2996006],[130.9095907,33.2985225],[130.9141841,33.2976777],[130.9176633,33.2955983],[130.9197755,33.2952699]]},"properties":{"name":"trafo_220/110kV","loading_pct":4.4,"p_mw":13.3,"is_trafo":true}},{"type":"Feature","geometry":{"type":"LineString","coordinates":[[130.87500792857142,33.3051374],[130.8724469,33.3051325],[130.872299,33.3071697],[130.8741774,33.3085707],[130.8744304,33.3133796],[130.8757335,33.316276],[130.8760256,33.3184954],[130.8761964,33.3212258],[130.8779707,33.3236293],[130.8787807,33.3278651],[130.8797229,33.3305354],[130.8767033,33.3333483],[130.8767783,33.3360973],[130.8769077,33.3394671],[130.8782664,33.3416381],[130.8807323,33.3434448],[130.8839836,33.3449274],[130.886017,33.3465388],[130.8906007,33.3468586],[130.8952441,33.3491884],[130.9031837,33.3473445],[130.9070316,33.3464599],[130.9107012,33.3472824],[130.9138194,33.3474322],[130.9187263,33.3469076],[130.9236717,33.3494766],[130.9268606,33.3493341],[130.9284,33.3481737],[130.9297999,33.3470269],[130.930582,33.3463863],[130.9318851,33.3444655],[130.932974,33.3427912]]},"properties":{"name":"trafo_220/66kV","loading_pct":39.0,"p_mw":97.4,"is_trafo":true}},{"type":"Feature","geometry":{"type":"LineString","coordinates":[[130.9197755,33.2952699],[130.916049,33.2943549],[130.9132861,33.2922244],[130.9112403,33.2906709],[130.907321,33.2920056],[130.9049914,33.2921136],[130.9029786,33.2926954],[130.9012223,33.2932091]]},"properties":{"name":"trafo_110/66kV","loading_pct":6.1,"p_mw":9.2,"is_trafo":true}},{"type":"Feature","geometry":{"type":"LineString","coordinates":[[130.46108874210526,33.62207130526316],[130.4652248,33.623458],[130.4666103,33.6241469],[130.4679371,33.624893],[130.4693242,33.6256057],[130.4705427,33.6262605],[130.4718223,33.6269793],[130.47522371999997,33.61815228]]},"properties":{"name":"trafo_220/66kV","loading_pct":34.1,"p_mw":-85.2,"is_trafo":true}},{"type":"Feature","geometry":{"type":"LineString","coordinates":[[130.46108874210526,33.62207130526316],[130.4578869,33.6225572],[130.455641,33.6231638],[130.4535686,33.623723],[130.4506489,33.6244211],[130.4476047,33.6240378],[130.444423,33.6236504],[130.4412482,33.6232637],[130.43814918571428,33.62291757142857]]},"properties":{"name":"trafo_220/66kV","loading_pct":5.2,"p_mw":-12.9,"is_trafo":true}},{"type":"Feature","geometry":{"type":"LineString","coordinates":[[130.46108874210526,33.62207130526316],[130.4590639,33.6200206],[130.4580786,33.6182211],[130.4569475,33.6161503],[130.4549868,33.6125441],[130.4570541,33.6112295],[130.4587496,33.6096456],[130.4614579,33.6070633],[130.4632024,33.6054012],[130.4649169,33.6037709],[130.4666223,33.602141],[130.4663958,33.6002535],[130.466383,33.5985501]]},"properties":{"name":"trafo_220/66kV","loading_pct":1.0,"p_mw":2.5,"is_trafo":true}},{"type":"Feature","geometry":{"type":"LineString","coordinates":[[130.48519600833333,33.65157165],[130.4788749,33.6346136],[130.4765104,33.6329968],[130.47522371999997,33.61815228]]},"properties":{"name":"trafo_220/66kV","loading_pct":14.2,"p_mw":35.6,"is_trafo":true}},{"type":"Feature","geometry":{"type":"LineString","coordinates":[[130.038777625,33.3309473],[130.0414463,33.3146054]]},"properties":{"name":"trafo_220/66kV","loading_pct":8.0,"p_mw":19.9,"is_trafo":true}},{"type":"Feature","geometry":{"type":"LineString","coordinates":[[130.0119867,33.3333651],[130.0174371,33.3257837]]},"properties":{"name":"trafo_220/66kV","loading_pct":7.3,"p_mw":18.3,"is_trafo":true}},{"type":"Feature","geometry":{"type":"LineString","coordinates":[[129.9886191,33.3463335],[129.9826222,33.3641641]]},"properties":{"name":"trafo_220/66kV","loading_pct":16.1,"p_mw":40.3,"is_trafo":true}},{"type":"Feature","geometry":{"type":"LineString","coordinates":[[129.878408,33.4544991],[129.8976473,33.4765299]]},"properties":{"name":"trafo_220/66kV","loading_pct":7.2,"p_mw":17.9,"is_trafo":true}},{"type":"Feature","geometry":{"type":"LineString","coordinates":[[129.878408,33.4544991],[129.83527388888888,33.4346027]]},"properties":{"name":"trafo_220/66kV","loading_pct":15.9,"p_mw":39.8,"is_trafo":true}},{"type":"Feature","geometry":{"type":"LineString","coordinates":[[130.25945585384616,33.335102892307695],[130.28405586666665,33.28444715]]},"properties":{"name":"trafo_220/110kV","loading_pct":14.8,"p_mw":44.5,"is_trafo":true}},{"type":"Feature","geometry":{"type":"LineString","coordinates":[[130.25945585384616,33.335102892307695],[130.2559263,33.3354446],[130.2515678,33.3360054],[130.2471944,33.3383027],[130.2450407,33.3419977],[130.2423887,33.3428605],[130.2372185,33.3449952],[130.2332583,33.34445],[130.2289172,33.3438972],[130.22658,33.3438854],[130.2228161,33.343854],[130.2194652,33.3443323],[130.2160902,33.3447882],[130.2140346,33.345001],[130.2097495,33.3456056],[130.2083008,33.3458235],[130.2044014,33.3464047],[130.1997685,33.3471282],[130.1967317,33.3475776],[130.193342,33.3482485],[130.1894042,33.3487828],[130.1858747,33.3491895],[130.1831551,33.3498325],[130.1804566,33.3492702],[130.16220178333333,33.28935991666666]]},"properties":{"name":"trafo_220/66kV","loading_pct":15.0,"p_mw":37.4,"is_trafo":true}},{"type":"Feature","geometry":{"type":"LineString","coordinates":[[130.01155884285714,33.18088777857143],[129.9788726857143,33.19488821428571]]},"properties":{"name":"trafo_220/66kV","loading_pct":5.3,"p_mw":13.4,"is_trafo":true}},{"type":"Feature","geometry":{"type":"LineString","coordinates":[[130.01155884285714,33.18088777857143],[130.09545788333332,33.21388448333334]]},"properties":{"name":"trafo_220/110kV","loading_pct":37.2,"p_mw":111.7,"is_trafo":true}},{"type":"Feature","geometry":{"type":"LineString","coordinates":[[130.01155884285714,33.18088777857143],[129.99423654444445,33.12769828888889]]},"properties":{"name":"trafo_220/66kV","loading_pct":28.2,"p_mw":-70.4,"is_trafo":true}},{"type":"Feature","geometry":{"type":"LineString","coordinates":[[130.01155884285714,33.18088777857143],[130.0109035,33.1780907],[130.0124001,33.177049],[130.0144333,33.1752934],[130.0160104,33.1741664],[130.0193953,33.1713511],[130.0212032,33.1696942],[130.0231826,33.1674086],[130.0268626,33.1636096],[130.0290191,33.1613463],[130.0335789,33.1587776],[130.0360787,33.1577357],[130.0396407,33.1562223],[130.0408852,33.1556519],[130.0427627,33.1540441],[130.0451875,33.1519422],[130.0481969,33.1492744],[130.0496185,33.1478192],[130.0513351,33.1461484],[130.0531322,33.1444326],[130.0549829,33.1419936],[130.0567907,33.1390919],[130.0585288,33.1366034],[130.059827,33.1349728],[130.0609339,33.1336546],[130.06145417142858,33.1331097]]},"properties":{"name":"trafo_220/66kV","loading_pct":3.6,"p_mw":-8.9,"is_trafo":true}},{"type":"Feature","geometry":{"type":"LineString","coordinates":[[130.01155884285714,33.18088777857143],[130.014621,33.2024449]]},"properties":{"name":"trafo_220/66kV","loading_pct":45.0,"p_mw":112.6,"is_trafo":true}},{"type":"Feature","geometry":{"type":"LineString","coordinates":[[130.43813704285714,33.622892314285714],[130.43814918571428,33.62291757142857]]},"properties":{"name":"trafo_220/66kV","loading_pct":5.2,"p_mw":-13.1,"is_trafo":true}},{"type":"Feature","geometry":{"type":"LineString","coordinates":[[130.38866754,33.53277479333333],[130.3862456,33.5334344],[130.3847617,33.5344345],[130.3856914,33.5371826],[130.3861271,33.5382718],[130.3873354,33.5392932],[130.3881216,33.5409846],[130.3874943,33.5429513],[130.3876291,33.5453492],[130.3871814,33.5471108],[130.3866729,33.5489705],[130.38619,33.550687],[130.3869439090909,33.552589554545456]]},"properties":{"name":"trafo_220/66kV","loading_pct":89.9,"p_mw":224.9,"is_trafo":true}},{"type":"Feature","geometry":{"type":"LineString","coordinates":[[130.3845828,33.55500705714286],[130.3855215,33.5536874],[130.3869439090909,33.552589554545456]]},"properties":{"name":"trafo_220/66kV","loading_pct":5.3,"p_mw":-13.1,"is_trafo":true}},{"type":"Feature","geometry":{"type":"LineString","coordinates":[[131.63540565,33.245529366666666],[131.65696664285716,33.25511768571429]]},"properties":{"name":"trafo_220/66kV","loading_pct":21.7,"p_mw":-54.3,"is_trafo":true}},{"type":"Feature","geometry":{"type":"LineString","coordinates":[[131.7792904,33.2261032],[131.7744827,33.224212]]},"properties":{"name":"trafo_220/66kV","loading_pct":37.9,"p_mw":94.8,"is_trafo":true}},{"type":"Feature","geometry":{"type":"LineString","coordinates":[[130.664931,33.775939],[130.6502169,33.7761809]]},"properties":{"name":"trafo_500/220kV","loading_pct":31.5,"p_mw":252.2,"is_trafo":true}},{"type":"Feature","geometry":{"type":"LineString","coordinates":[[130.7054657,33.787632],[130.7331187,33.79842223636364]]},"properties":{"name":"trafo_500/66kV","loading_pct":0.9,"p_mw":-5.3,"is_trafo":true}},{"type":"Feature","geometry":{"type":"LineString","coordinates":[[130.7054657,33.787632],[130.7041855,33.7871638],[130.7031171,33.7898353],[130.7021905,33.792135],[130.7008947,33.7953622],[130.6999068,33.7978213],[130.6988619,33.8004045],[130.6978258,33.8029647],[130.6954348,33.8041271],[130.6926624,33.8054752],[130.68919,33.8059145],[130.6860524,33.8062242],[130.6829615,33.8065461],[130.6813377,33.8077727],[130.6796053125,33.8097479125]]},"properties":{"name":"trafo_500/66kV","loading_pct":1.9,"p_mw":11.2,"is_trafo":true}},{"type":"Feature","geometry":{"type":"LineString","coordinates":[[130.7574015,33.806061],[130.7331187,33.79842223636364]]},"properties":{"name":"trafo_500/66kV","loading_pct":3.6,"p_mw":21.6,"is_trafo":true}},{"type":"Feature","geometry":{"type":"LineString","coordinates":[[130.7574015,33.806061],[130.7589769,33.8091679]]},"properties":{"name":"trafo_500/66kV","loading_pct":5.6,"p_mw":33.5,"is_trafo":true}},{"type":"Feature","geometry":{"type":"LineString","coordinates":[[130.80435629411767,33.80978334117647],[130.8068366,33.8117797],[130.8089393,33.8126224],[130.8113208,33.8135365],[130.8150094,33.8149131],[130.8179816,33.8158191],[130.8202502,33.8164897],[130.823064,33.817307],[130.826444,33.8182906],[130.8293758,33.8188135],[130.8314254,33.8191545],[130.8370042,33.8201527],[130.8388131,33.8208972],[130.8428819,33.8226102],[130.850102625,33.8276725]]},"properties":{"name":"trafo_500/220kV","loading_pct":5.2,"p_mw":-41.2,"is_trafo":true}},{"type":"Feature","geometry":{"type":"LineString","coordinates":[[130.80435629411767,33.80978334117647],[130.8067562,33.8120074],[130.8082793,33.8129612],[130.8097871,33.813886],[130.8133399,33.8165057],[130.8154521,33.8177326],[130.8202293,33.820542],[130.8247565,33.8236353],[130.8274635,33.8254894],[130.8297957,33.8273751],[130.8317824,33.8289287],[130.8324036,33.8309405],[130.8335634,33.8347008],[130.8366522,33.8377149],[130.8394206,33.8391478],[130.8411366,33.8412002],[130.8414111,33.8435566],[130.8395945,33.8463993],[130.8393199,33.8506139],[130.8409444,33.8523468],[130.8410306,33.8532788],[130.8432774,33.8555474],[130.84730026666668,33.86132236666666]]},"properties":{"name":"trafo_500/220kV","loading_pct":3.9,"p_mw":-30.9,"is_trafo":true}},{"type":"Feature","geometry":{"type":"LineString","coordinates":[[130.80435629411767,33.80978334117647],[130.8068366,33.8117797],[130.8089393,33.8126224],[130.8113208,33.8135365],[130.8150094,33.8149131],[130.8179816,33.8158191],[130.8202502,33.8164897],[130.823064,33.817307],[130.826444,33.8182906],[130.8293758,33.8188135],[130.8314254,33.8191545],[130.8370042,33.8201527],[130.8388131,33.8208972],[130.8428819,33.8226102],[130.8466632,33.8071272]]},"properties":{"name":"trafo_500/220kV","loading_pct":4.7,"p_mw":-37.7,"is_trafo":true}},{"type":"Feature","geometry":{"type":"LineString","coordinates":[[130.80435629411767,33.80978334117647],[130.8060963,33.8153875],[130.8103968,33.8190568],[130.812717,33.8209539],[130.8135222,33.8227024],[130.8145734,33.824894],[130.8159024,33.8277023],[130.815414,33.8297954],[130.8150029,33.831503],[130.8134389,33.8351822],[130.813131,33.8396166],[130.8125033,33.8434294]]},"properties":{"name":"trafo_500/220kV","loading_pct":57.2,"p_mw":-457.6,"is_trafo":true}},{"type":"Feature","geometry":{"type":"LineString","coordinates":[[130.80435629411767,33.80978334117647],[130.8014255,33.8129787],[130.7971199,33.813855],[130.7925819,33.8149222],[130.789171,33.8155732],[130.7854971,33.8174634],[130.7811792,33.8195212],[130.7766546,33.8217707],[130.7745271,33.8228016],[130.7730558,33.8256018],[130.7710905,33.8298784],[130.7702609,33.8321693],[130.7672447,33.834005],[130.76288465428573,33.834906114285715]]},"properties":{"name":"trafo_500/220kV","loading_pct":2.4,"p_mw":19.5,"is_trafo":true}},{"type":"Feature","geometry":{"type":"LineString","coordinates":[[130.80435629411767,33.80978334117647],[130.7596095,33.760580616666665]]},"properties":{"name":"trafo_500/66kV","loading_pct":9.4,"p_mw":56.2,"is_trafo":true}},{"type":"Feature","geometry":{"type":"LineString","coordinates":[[130.80435629411767,33.80978334117647],[130.8013652,33.8118308],[130.7956247,33.8100857],[130.7906181,33.8077265],[130.7858822,33.8071456],[130.7825725,33.8063817],[130.7796766,33.8051509],[130.779314,33.8010598],[130.7741874,33.7987054],[130.7695895,33.7983588],[130.7632577,33.7933163],[130.7602966,33.7914885],[130.7560909,33.7886263],[130.7533014,33.7866914],[130.7519925,33.7853092],[130.7482374,33.7829997],[130.7467139,33.7807168],[130.7450938,33.7803869],[130.7419824,33.7796824],[130.7369614,33.7775065],[130.7341611,33.7762045],[130.7300734,33.774296],[130.7243979,33.7692303],[130.7200634,33.7675714],[130.7161689,33.7659393],[130.7126284,33.7643873],[130.7100212,33.7624429],[130.7076824,33.7607928],[130.7052801,33.7590812],[130.7033694,33.7574479],[130.6985736,33.7539245],[130.6959128,33.7515516],[130.6931877,33.7492858],[130.690012,33.746663],[130.6864285,33.7437726],[130.6822014,33.7401861],[130.6797552,33.7387229],[130.6778669,33.7375809],[130.6756353,33.7362962],[130.656898575,33.728991975]]},"properties":{"name":"trafo_500/66kV","loading_pct":12.0,"p_mw":71.9,"is_trafo":true}},{"type":"Feature","geometry":{"type":"LineString","coordinates":[[130.79893333333334,32.6147428],[130.7818747,32.6287063]]},"properties":{"name":"trafo_500/220kV","loading_pct":19.0,"p_mw":152.0,"is_trafo":true}},{"type":"Feature","geometry":{"type":"LineString","coordinates":[[130.79893333333334,32.6147428],[130.91327235714286,32.89632738571429]]},"properties":{"name":"trafo_500/66kV","loading_pct":52.6,"p_mw":315.6,"is_trafo":true}},{"type":"Feature","geometry":{"type":"LineString","coordinates":[[130.79893333333334,32.6147428],[130.8924889,32.6315394]]},"properties":{"name":"trafo_500/66kV","loading_pct":5.4,"p_mw":32.5,"is_trafo":true}},{"type":"Feature","geometry":{"type":"LineString","coordinates":[[130.76479108666666,32.668051213333335],[130.7373369,32.7244238]]},"properties":{"name":"trafo_220/110kV","loading_pct":17.5,"p_mw":52.6,"is_trafo":true}},{"type":"Feature","geometry":{"type":"LineString","coordinates":[[130.76479108666666,32.668051213333335],[130.7147024,32.6559955]]},"properties":{"name":"trafo_220/110kV","loading_pct":2.9,"p_mw":-8.7,"is_trafo":true}},{"type":"Feature","geometry":{"type":"LineString","coordinates":[[130.76479108666666,32.668051213333335],[130.79842088,32.71290758]]},"properties":{"name":"trafo_220/66kV","loading_pct":30.9,"p_mw":77.2,"is_trafo":true}},{"type":"Feature","geometry":{"type":"LineString","coordinates":[[130.7071651,32.7100901],[130.7373369,32.7244238]]},"properties":{"name":"trafo_220/110kV","loading_pct":15.4,"p_mw":46.1,"is_trafo":true}},{"type":"Feature","geometry":{"type":"LineString","coordinates":[[130.66111986,32.6546537],[130.6542247,32.6688745]]},"properties":{"name":"trafo_500/110kV","loading_pct":3.2,"p_mw":-19.1,"is_trafo":true}},{"type":"Feature","geometry":{"type":"LineString","coordinates":[[130.66111986,32.6546537],[130.6668846,32.6638581],[130.6682973,32.6625082],[130.6698267,32.661069],[130.6713104,32.6605525],[130.6725207,32.6601236],[130.6752444,32.6590298],[130.6787043,32.6576121],[130.6813561,32.6568138],[130.6836695,32.6559498],[130.6857409,32.6542541],[130.6874523,32.6528088],[130.6886315,32.6518071],[130.68995328,32.65069284]]},"properties":{"name":"trafo_500/66kV","loading_pct":8.6,"p_mw":51.7,"is_trafo":true}},{"type":"Feature","geometry":{"type":"LineString","coordinates":[[130.66111986,32.6546537],[130.40475898,32.46696816]]},"properties":{"name":"trafo_500/66kV","loading_pct":28.1,"p_mw":-168.7,"is_trafo":true}},{"type":"Feature","geometry":{"type":"LineString","coordinates":[[130.6486322,33.7756465],[130.66823935,33.87928805]]},"properties":{"name":"trafo_220/66kV","loading_pct":17.0,"p_mw":-42.6,"is_trafo":true}},{"type":"Feature","geometry":{"type":"LineString","coordinates":[[130.861366475,33.7862208625],[130.97731342,33.774913659999996]]},"properties":{"name":"trafo_500/220kV","loading_pct":18.1,"p_mw":-145.1,"is_trafo":true}},{"type":"Feature","geometry":{"type":"LineString","coordinates":[[130.861366475,33.7862208625],[130.8605111,33.7836112],[130.860701,33.781052],[130.8609653,33.7781112],[130.8613054,33.7755297],[130.8616407,33.7727683],[130.8621165,33.7689819],[130.8626016,33.7656958],[130.8613446,33.7623808],[130.860733,33.7607782],[130.86511897142856,33.75145617142857]]},"properties":{"name":"trafo_500/66kV","loading_pct":10.0,"p_mw":60.1,"is_trafo":true}},{"type":"Feature","geometry":{"type":"LineString","coordinates":[[130.861366475,33.7862208625],[130.8841539,33.7970753],[130.8809924,33.7972837],[130.8765417,33.7976085],[130.8720125,33.7979222],[130.8691088,33.8009171],[130.8679371,33.8021746],[130.8652724,33.8049385],[130.8627265,33.8075311],[130.860015,33.8103844],[130.8572286,33.8120218],[130.8544383,33.8137142],[130.8529607,33.8156913],[130.8518423,33.8172084],[130.8511596,33.8193766],[130.8502983,33.8221674],[130.8514436,33.824804],[130.850102625,33.8276725]]},"properties":{"name":"trafo_500/220kV","loading_pct":3.9,"p_mw":-30.9,"is_trafo":true}},{"type":"Feature","geometry":{"type":"LineString","coordinates":[[130.861366475,33.7862208625],[130.8841539,33.7970753],[130.8809924,33.7972837],[130.8765417,33.7976085],[130.8720125,33.7979222],[130.8691088,33.8009171],[130.8679371,33.8021746],[130.8652724,33.8049385],[130.8627265,33.8075311],[130.860015,33.8103844],[130.8572286,33.8120218],[130.8544383,33.8137142],[130.8529607,33.8156913],[130.8518423,33.8172084],[130.8511596,33.8193766],[130.8502983,33.8221674],[130.8514436,33.824804],[130.8466632,33.8071272]]},"properties":{"name":"trafo_500/220kV","loading_pct":3.4,"p_mw":-27.3,"is_trafo":true}},{"type":"Feature","geometry":{"type":"LineString","coordinates":[[130.9083233,33.8245569],[130.9062845,33.8221415],[130.9052932,33.8214575],[130.9035737,33.8191915],[130.9011765,33.8161994],[130.8972994,33.815836],[130.8929397,33.8155274],[130.8917021,33.8109403],[130.8906275,33.8050769],[130.8911159,33.7995523],[130.8893666,33.7966875]]},"properties":{"name":"trafo_500/220kV","loading_pct":6.6,"p_mw":-52.9,"is_trafo":true}},{"type":"Feature","geometry":{"type":"LineString","coordinates":[[130.91627534,33.84512504],[130.92746934000002,33.84062242]]},"properties":{"name":"trafo_500/66kV","loading_pct":12.6,"p_mw":-75.7,"is_trafo":true}},{"type":"Feature","geometry":{"type":"LineString","coordinates":[[130.91627534,33.84512504],[130.9231256,33.85065],[130.9275814,33.8516107],[130.9296379,33.8520824],[130.9317011,33.8525522],[130.9341421,33.8549194],[130.9362519,33.8570063],[130.9376936,33.8584237],[130.9388608,33.8601072],[130.9404742,33.8624343],[130.9414579,33.8638497],[130.9445983,33.8663894],[130.9476624,33.8670214],[130.9496029,33.8674034],[130.9512189,33.86777],[130.9556998,33.8686624],[130.9589685,33.8709994],[130.9631702,33.8741508],[130.9633115,33.8771893],[130.9634957,33.8823046],[130.9639729,33.8837402],[130.9652169,33.8876959],[130.9662598,33.8910514],[130.97095131818182,33.895823945454545]]},"properties":{"name":"trafo_500/220kV","loading_pct":7.6,"p_mw":-60.8,"is_trafo":true}},{"type":"Feature","geometry":{"type":"LineString","coordinates":[[130.97095131818182,33.895823945454545],[130.9718215,33.8955348],[130.9741991,33.8934885],[130.971703,33.8901909],[130.9722961,33.8892496],[130.9740057,33.8882683],[130.976316,33.8880834],[130.9799652,33.8877817],[130.9814719,33.8871963],[130.9847727,33.88587708]]},"properties":{"name":"trafo_220/66kV","loading_pct":4.5,"p_mw":11.2,"is_trafo":true}},{"type":"Feature","geometry":{"type":"LineString","coordinates":[[130.97095131818182,33.895823945454545],[130.92746934000002,33.84062242]]},"properties":{"name":"trafo_220/66kV","loading_pct":6.0,"p_mw":-15.1,"is_trafo":true}},{"type":"Feature","geometry":{"type":"LineString","coordinates":[[130.97095131818182,33.895823945454545],[130.971606,33.8906646],[130.9703341,33.8884198],[130.9699616,33.8865149],[130.9685104,33.8840091],[130.9669621,33.8785132],[130.9651669,33.8767124],[130.9640281,33.8742901],[130.9603475,33.8713899]]},"properties":{"name":"trafo_220/66kV","loading_pct":2.0,"p_mw":-5.0,"is_trafo":true}},{"type":"Feature","geometry":{"type":"LineString","coordinates":[[130.97975925555556,33.95714862222222],[130.965904,33.9393368],[130.9645843,33.9376367],[130.9638441,33.9357497],[130.9629857,33.9327588],[130.9633505,33.9305066],[130.96909717777777,33.9106905]]},"properties":{"name":"trafo_500/220kV","loading_pct":8.1,"p_mw":64.9,"is_trafo":true}},{"type":"Feature","geometry":{"type":"LineString","coordinates":[[130.97975925555556,33.95714862222222],[130.9512696,33.9715786],[130.9515182,33.9729181],[130.9550274,33.9743674],[130.9564738,33.9752322],[130.9578895,33.9772753],[130.9592253,33.9791637],[130.9589628,33.9821233],[130.9587892,33.9843994],[130.9589946,33.9873795],[130.9591278,33.9896124],[130.9599846,33.9917678],[130.960818,33.9938973],[130.9615415,33.9955928],[130.9627155,33.9966728],[130.9632242,33.9983497],[130.96349958,33.9990128]]},"properties":{"name":"trafo_500/110kV","loading_pct":11.1,"p_mw":-66.5,"is_trafo":true}},{"type":"Feature","geometry":{"type":"LineString","coordinates":[[131.09300737647058,34.16307129705882],[131.094991,34.1610671],[131.0953083,34.1585588],[131.0956651,34.155939],[131.092838,34.1530525],[131.0915843,34.1511817],[131.0900121,34.1486567],[131.0895751,34.1474616],[131.0879843,34.1473806],[131.0854955,34.1467882],[131.0833258,34.144783],[131.0817871,34.1425824],[131.0807992,34.1410448],[131.0782667,34.1376608],[131.0723299,34.1358233],[131.0688778,34.13402],[131.0687963,34.1305489],[131.0681354,34.1286062],[131.0679534,34.1251568],[131.0677187,34.1215962],[131.0674121,34.1169886],[131.0676468,34.1123649],[131.0640115,34.1095136],[131.0599187,34.107729],[131.0567467,34.1071852],[131.051987,34.1056212],[131.0493192,34.1054071],[131.0462131,34.1006122],[131.0438195,34.098345],[131.0424833,34.0945146],[131.0404046,34.0933918],[131.0364887,34.0905507],[131.032605,34.0874694],[131.0307805,34.0865543],[131.0248759,34.085421],[131.020769,34.0857273],[131.0173061,34.0846903],[131.013891,34.0836504],[131.0091384,34.0824901],[131.0067914,34.0811208],[131.0053317,34.0802951],[131.0012363,34.0779276],[130.9962195,34.075031],[130.991721,34.0725018],[130.9890663,34.0687331],[130.9865264,34.064792],[130.9852127,34.0627418],[130.9825635,34.0586936],[130.9805112,34.0542112],[130.9793529,34.0517978],[130.9797816,34.0488729],[130.9796558,34.0468524],[130.9793182,34.0426563],[130.9790321,34.0390015],[130.9797546,34.0353268],[130.9811267,34.0339672],[130.983053,34.0320002],[130.985461,34.0290934],[130.9859619,34.0253122],[130.987257,34.0236039],[130.9878953,34.0204626],[130.9879366,34.0178719],[130.98560663333333,34.003923911111116]]},"properties":{"name":"trafo_500/110kV","loading_pct":18.1,"p_mw":108.8,"is_trafo":true}},{"type":"Feature","geometry":{"type":"LineString","coordinates":[[130.98560663333333,34.003923911111116],[131.00982582,34.0262959]]},"properties":{"name":"trafo_110/66kV","loading_pct":1.7,"p_mw":-2.6,"is_trafo":true}},{"type":"Feature","geometry":{"type":"LineString","coordinates":[[131.09300737647058,34.16307129705882],[131.0916252,34.1612837],[131.0893998,34.1582427],[131.0891614,34.155948],[131.0887901,34.152535],[131.0885038,34.1493391],[131.0888251,34.1450321],[131.089062,34.1418099],[131.0884512,34.1390562],[131.0873976,34.1344226],[131.0859418,34.1297871],[131.0866617,34.1244226],[131.0871008,34.1215236],[131.0877436,34.1168064],[131.0869382,34.1125314],[131.0872828,34.1085462],[131.0912085,34.1090683],[131.0960225,34.1096517],[131.099414,34.1100619],[131.1047346,34.1098403],[131.1087523,34.1096729],[131.1119047,34.1095465],[131.115626,34.1094028],[131.1208438,34.1091691],[131.1244464,34.1090397],[131.1290541,34.1069968],[131.1317539,34.1061112],[131.1362193,34.1046645],[131.1389656,34.1037639],[131.1416735,34.1028638],[131.1444593,34.1019463],[131.1473253,34.1010166],[131.1506555,34.1003139],[131.1571448,34.0989496],[131.1611033,34.097168],[131.1635237,34.09609],[131.1656518,34.0951363],[131.169653,34.0933598],[131.1721716,34.0922426],[131.1776076,34.0898199],[131.1812268,34.0881905],[131.1862589,34.0865283],[131.1882465,34.0858661],[131.1901131,34.085267],[131.1943673,34.0838597],[131.1989864,34.0823542],[131.201644,34.081103],[131.2036578,34.0800272],[131.2072609,34.0781032],[131.2102872,34.0764556],[131.2125377,34.0751492],[131.2147474,34.0739171],[131.2184606,34.0726319],[131.2222296,34.0713767],[131.2249847,34.0704235],[131.2282959,34.0692742],[131.2322636,34.0679288],[131.2366717,34.066431],[131.2403517,34.066937],[131.2452293,34.0676192],[131.2491465,34.0681463],[131.2526423,34.0675572],[131.2563912,34.0669181]]},"properties":{"name":"trafo_500/220kV","loading_pct":7.2,"p_mw":57.7,"is_trafo":true}},{"type":"Feature","geometry":{"type":"LineString","coordinates":[[131.09300737647058,34.16307129705882],[131.035680012,34.076243708]]},"properties":{"name":"trafo_500/110kV","loading_pct":13.1,"p_mw":78.4,"is_trafo":true}},{"type":"Feature","geometry":{"type":"LineString","coordinates":[[130.74007585,33.9256746],[130.66823935,33.87928805]]},"properties":{"name":"trafo_220/66kV","loading_pct":36.5,"p_mw":91.3,"is_trafo":true}},{"type":"Feature","geometry":{"type":"LineString","coordinates":[[130.43813704285714,33.622892314285714],[130.42740472,33.62277676]]},"properties":{"name":"trafo_220/66kV","loading_pct":7.3,"p_mw":18.2,"is_trafo":true}},{"type":"Feature","geometry":{"type":"LineString","coordinates":[[130.43121674,33.61402398],[130.42740472,33.62277676]]},"properties":{"name":"trafo_220/66kV","loading_pct":7.3,"p_mw":18.2,"is_trafo":true}},{"type":"Feature","geometry":{"type":"LineString","coordinates":[[130.43121674,33.61402398],[130.4251578,33.6168436],[130.4250685,33.6167147],[130.4248323,33.6160785],[130.4246716,33.6157017],[130.4239096,33.6159959],[130.4229373,33.6163957],[130.4228521,33.616248],[130.4221594,33.6165731],[130.41863468333332,33.61716368333333]]},"properties":{"name":"trafo_220/66kV","loading_pct":7.4,"p_mw":18.4,"is_trafo":true}},{"type":"Feature","geometry":{"type":"LineString","coordinates":[[130.42557054,33.59114468],[130.425344,33.5908699],[130.4258913,33.5903344],[130.4254127,33.5898235],[130.4253531,33.5896961],[130.4256338,33.5894698],[130.4271419,33.5882615],[130.4279777,33.5875839],[130.4288177,33.5869216],[130.4293293,33.5865165],[130.429958,33.5860166],[130.4288949,33.5851473],[130.4279517,33.5842055],[130.4274521,33.5837629],[130.4269495,33.5832741],[130.425903,33.5822699],[130.4264444,33.5818359],[130.4269161,33.5814566],[130.4279741,33.5806087],[130.429012,33.5797647],[130.4300783,33.5789079],[130.4311055,33.5780748],[130.4316759,33.5776321],[130.4321434,33.5772614],[130.4327304,33.5767484],[130.4326505909091,33.576479272727276]]},"properties":{"name":"trafo_220/66kV","loading_pct":1.8,"p_mw":4.5,"is_trafo":true}},{"type":"Feature","geometry":{"type":"LineString","coordinates":[[130.42557054,33.59114468],[130.41037366,33.59431482]]},"properties":{"name":"trafo_220/66kV","loading_pct":7.4,"p_mw":18.6,"is_trafo":true}},{"type":"Feature","geometry":{"type":"LineString","coordinates":[[130.42557054,33.59114468],[130.42121235000002,33.5763512125]]},"properties":{"name":"trafo_220/66kV","loading_pct":1.9,"p_mw":4.7,"is_trafo":true}},{"type":"Feature","geometry":{"type":"LineString","coordinates":[[131.69047048333334,33.26332231666667],[131.6914234,33.2548943],[131.6916629,33.253837],[131.68349614,33.24925838]]},"properties":{"name":"trafo_220/66kV","loading_pct":52.1,"p_mw":130.2,"is_trafo":true}},{"type":"Feature","geometry":{"type":"LineString","coordinates":[[130.97830148,33.77724154],[130.9954499,33.789548],[130.9970036,33.790556],[130.9947122,33.7916684],[130.9946674,33.7940256],[130.9975888,33.8013217],[130.9956203,33.8057728],[130.97075776666668,33.792553177777776]]},"properties":{"name":"trafo_220/66kV","loading_pct":43.4,"p_mw":-108.5,"is_trafo":true}},{"type":"Feature","geometry":{"type":"LineString","coordinates":[[130.97731342,33.774913659999996],[130.9715187,33.7704538],[130.9713454,33.7691308],[130.9704672,33.7666756],[130.9694343,33.76383],[130.9685404,33.7611249],[130.9679247,33.7592995],[130.9678688,33.7584396],[130.9677468,33.7565612],[130.9657805,33.7530034],[130.9649682,33.7506814],[130.96461,33.7482348],[130.9646475,33.7457784],[130.9648816,33.7431896],[130.9648629,33.7405306],[130.9648886,33.7380019],[130.9648886,33.7338574],[130.9649214,33.7321287],[130.9643315,33.7304973],[130.96433805714284,33.73023641428572]]},"properties":{"name":"trafo_220/66kV","loading_pct":26.9,"p_mw":67.3,"is_trafo":true}},{"type":"Feature","geometry":{"type":"LineString","coordinates":[[130.850102625,33.8276725],[130.8540717,33.8297806],[130.8559557,33.8299239],[130.8585802,33.8294546],[130.860324,33.8291594],[130.8622108,33.8288306],[130.8653576,33.8282539],[130.8677026,33.8278429],[130.86982074285714,33.827502071428576]]},"properties":{"name":"trafo_220/66kV","loading_pct":10.8,"p_mw":-26.9,"is_trafo":true}},{"type":"Feature","geometry":{"type":"LineString","coordinates":[[130.850102625,33.8276725],[130.8512529,33.8312998],[130.8499726,33.8325751],[130.8489936,33.8347636],[130.8484543,33.8359329],[130.8465619,33.8368994],[130.8465975,33.8393929],[130.8493345,33.8395032],[130.8513049,33.8407698],[130.8549543,33.8427515],[130.8579119,33.8441064],[130.8593021,33.8455312],[130.8615589,33.8449008],[130.8632909,33.8445148],[130.868266,33.8436706],[130.8684048,33.8459172],[130.8699294,33.8473987]]},"properties":{"name":"trafo_220/66kV","loading_pct":13.0,"p_mw":32.5,"is_trafo":true}},{"type":"Feature","geometry":{"type":"LineString","coordinates":[[130.850102625,33.8276725],[130.8304628,33.8420147]]},"properties":{"name":"trafo_220/66kV","loading_pct":40.2,"p_mw":-100.6,"is_trafo":true}},{"type":"Feature","geometry":{"type":"LineString","coordinates":[[129.95452476666665,33.46255752222223],[129.8976473,33.4765299]]},"properties":{"name":"trafo_220/66kV","loading_pct":0.9,"p_mw":2.3,"is_trafo":true}},{"type":"Feature","geometry":{"type":"LineString","coordinates":[[129.9450651,33.4404245],[129.9463695,33.4374491],[129.9477053,33.434302],[129.9497116,33.4313249],[129.951396,33.4287373],[129.9536008,33.4256257],[129.9570125,33.4241393],[129.9623072,33.4218066],[129.9675804,33.4194291],[129.9688786,33.4190843],[129.969592,33.4191023],[129.9721455,33.419344],[129.9759006,33.4208485],[129.9791407,33.4216096],[129.9822816,33.4209022],[129.9838695,33.4216006],[129.9861091,33.4219298],[129.9913019,33.4225185],[129.9944015,33.422453716666666]]},"properties":{"name":"trafo_220/66kV","loading_pct":4.9,"p_mw":12.3,"is_trafo":true}},{"type":"Feature","geometry":{"type":"LineString","coordinates":[[131.1096502,33.6075301],[131.1216785,33.6218427],[131.121802,33.6202855],[131.1218561,33.6186372],[131.1223128,33.6166644],[131.1229824,33.613833],[131.1232372,33.6127428],[131.1250101,33.6130998],[131.1282958,33.6126489],[131.1307098,33.6116482],[131.1335101,33.6106519],[131.1360319,33.6097459],[131.1387565,33.6081188],[131.1416801,33.607261],[131.1442764,33.6055051],[131.1466636,33.6042318],[131.1433667,33.5945865]]},"properties":{"name":"trafo_220/66kV","loading_pct":39.5,"p_mw":98.6,"is_trafo":true}},{"type":"Feature","geometry":{"type":"LineString","coordinates":[[131.12045684,33.623575360000004],[131.1216171,33.621962],[131.1246386,33.6218839],[131.12829284,33.622050560000005]]},"properties":{"name":"trafo_220/66kV","loading_pct":34.4,"p_mw":86.0,"is_trafo":true}},{"type":"Feature","geometry":{"type":"LineString","coordinates":[[131.12045684,33.623575360000004],[131.1144403,33.6193608],[131.1126279,33.6163824],[131.1100209,33.6145923],[131.107667,33.6139751],[131.1057358,33.6134418],[131.1025339,33.6125717],[131.0998849,33.6126778],[131.0975435,33.6132784],[131.0957625,33.6147919],[131.0938301,33.6164326],[131.0933842,33.6172347],[131.0921552,33.6194199],[131.091769,33.6201217],[131.0907952,33.6213517],[131.0887422,33.6219111],[131.0871457,33.6224179],[131.0854781,33.6231873],[131.0839177,33.6239072],[131.0860948857143,33.62836021428571]]},"properties":{"name":"trafo_220/66kV","loading_pct":0.9,"p_mw":-2.3,"is_trafo":true}},{"type":"Feature","geometry":{"type":"LineString","coordinates":[[130.3570736,33.2709335],[130.3523842,33.2737532]]},"properties":{"name":"trafo_220/110kV","loading_pct":16.1,"p_mw":48.3,"is_trafo":true}},{"type":"Feature","geometry":{"type":"LineString","coordinates":[[130.4233519,33.2155966],[130.39927812307693,33.210646000000004]]},"properties":{"name":"trafo_220/66kV","loading_pct":21.2,"p_mw":53.1,"is_trafo":true}},{"type":"Feature","geometry":{"type":"LineString","coordinates":[[130.3523842,33.2737532],[130.328212,33.264852059999996]]},"properties":{"name":"trafo_110/66kV","loading_pct":19.5,"p_mw":29.2,"is_trafo":true}},{"type":"Feature","geometry":{"type":"LineString","coordinates":[[130.41923663333333,33.01031167777778],[130.4218368,33.0107554],[130.423636,33.0113392],[130.4242841,33.013156],[130.4248557,33.0155124],[130.424579,33.0167146],[130.423379375,33.0191394625]]},"properties":{"name":"trafo_110/66kV","loading_pct":46.8,"p_mw":-70.2,"is_trafo":true}},{"type":"Feature","geometry":{"type":"LineString","coordinates":[[130.43278476,33.04718334],[130.43975181428573,33.03453122857143]]},"properties":{"name":"trafo_110/66kV","loading_pct":75.5,"p_mw":-209.2,"is_trafo":true}},{"type":"Feature","geometry":{"type":"LineString","coordinates":[[130.43278476,33.04718334],[130.4500456,33.0483228]]},"properties":{"name":"trafo_110/66kV","loading_pct":75.8,"p_mw":226.4,"is_trafo":true}},{"type":"Feature","geometry":{"type":"LineString","coordinates":[[130.45818356,33.051338529999995],[130.456991,33.0494559],[130.4553539,33.0483504],[130.4529494,33.0479407],[130.4500456,33.0483228]]},"properties":{"name":"trafo_110/66kV","loading_pct":60.0,"p_mw":-90.1,"is_trafo":true}},{"type":"Feature","geometry":{"type":"LineString","coordinates":[[130.47038855384613,33.06063074615385],[130.4936012,33.0465096]]},"properties":{"name":"trafo_220/110kV","loading_pct":16.4,"p_mw":-49.2,"is_trafo":true}},{"type":"Feature","geometry":{"type":"LineString","coordinates":[[130.47038855384613,33.06063074615385],[130.4678331,33.0615257],[130.4663107,33.0624481],[130.4648046,33.0631604],[130.4641367,33.0641501],[130.4634419,33.0652063],[130.4629881,33.0666263],[130.4626421,33.0677175],[130.4618878,33.0687738],[130.4611558,33.0703298],[130.4597729,33.0718661],[130.4576224,33.0734287],[130.4556714,33.0747989],[130.4541402,33.0759098],[130.4521753,33.0762961],[130.4487621,33.0769662],[130.4470416,33.0773458],[130.4446179,33.0778002],[130.4427016,33.0781745],[130.4405224,33.0784793],[130.437938,33.0788382],[130.4355285,33.0791626],[130.4333391,33.0794759],[130.4314732,33.0797394],[130.4286196,33.0801283],[130.4269751,33.0805759],[130.4248383,33.0805713],[130.422678,33.0806044],[130.4205176,33.0805713],[130.46041066666666,33.082941616666666]]},"properties":{"name":"trafo_220/66kV","loading_pct":47.6,"p_mw":-119.0,"is_trafo":true}},{"type":"Feature","geometry":{"type":"LineString","coordinates":[[130.47038855384613,33.06063074615385],[130.45818356,33.051338529999995]]},"properties":{"name":"trafo_220/110kV","loading_pct":25.7,"p_mw":-77.1,"is_trafo":true}},{"type":"Feature","geometry":{"type":"LineString","coordinates":[[130.47038855384613,33.06063074615385],[130.4860679,33.0455164]]},"properties":{"name":"trafo_220/110kV","loading_pct":19.3,"p_mw":-58.0,"is_trafo":true}},{"type":"Feature","geometry":{"type":"LineString","coordinates":[[130.47038855384613,33.06063074615385],[130.62975332000002,33.00117064]]},"properties":{"name":"trafo_220/110kV","loading_pct":28.5,"p_mw":85.4,"is_trafo":true}},{"type":"Feature","geometry":{"type":"LineString","coordinates":[[130.4860679,33.0455164],[130.4861726,33.0439599],[130.4861907,33.0432676],[130.4862163,33.0421926],[130.4862274,33.0420074],[130.4844365,33.0360139],[130.4839589,33.0348524],[130.4838158,33.0345044],[130.4822401,33.0318315],[130.4808846,33.0296156],[130.4786308,33.02959],[130.4758264,33.0295382],[130.4736906,33.0294925],[130.4717877,33.0288116],[130.4616892,33.033772725]]},"properties":{"name":"trafo_110/66kV","loading_pct":93.0,"p_mw":-190.8,"is_trafo":true}},{"type":"Feature","geometry":{"type":"LineString","coordinates":[[130.448796195,33.210922284999995],[130.4477712,33.2131966],[130.446815,33.2148676],[130.4458478,33.2167127],[130.4448686,33.2185208],[130.4441294,33.2205722],[130.4439334,33.2215473],[130.4438577,33.2219241],[130.4433107,33.2225401],[130.4429114,33.2229898],[130.4433593,33.2246908],[130.44376,33.2262288],[130.4447286,33.2281689],[130.4456141,33.2298355],[130.4461712,33.2311104],[130.4467725,33.232393],[130.4457574,33.2343681],[130.4454897,33.2349019],[130.4446661,33.2365228],[130.4435915,33.2386369],[130.445064,33.239785],[130.446497,33.2409351],[130.4476995,33.2418813],[130.4495688,33.2433412],[130.4521615,33.243511],[130.4541968,33.2446909],[130.4552235,33.2461063],[130.4555668,33.2475864],[130.4556851,33.2485368],[130.4557609,33.2491458],[130.4559666,33.2508266],[130.4561615,33.2526849],[130.4564741,33.254815],[130.4572072,33.2560128],[130.4589026,33.2541664],[130.4590481,33.2540422],[130.4606933,33.2526378],[130.461242,33.2521694],[130.463175,33.2513131],[130.4641066,33.2509145],[130.46428772857143,33.24958902857143]]},"properties":{"name":"trafo_220/66kV","loading_pct":5.2,"p_mw":13.0,"is_trafo":true}},{"type":"Feature","geometry":{"type":"LineString","coordinates":[[130.448796195,33.210922284999995],[130.4560807,33.2132074],[130.4576856,33.2132105],[130.459953,33.2132071],[130.4616603,33.2134941],[130.463558,33.2139637],[130.4658244,33.2144079],[130.4681729,33.2148103],[130.4702195,33.2152171],[130.4722925,33.2156281],[130.4744154,33.2160432],[130.4769496,33.2166313],[130.479541,33.2170704],[130.4813959,33.217409],[130.4838559,33.2178611],[130.4858435,33.218228],[130.48818,33.2187517],[130.490722,33.219334],[130.4930708,33.2197941],[130.4966487,33.2204849],[130.5006293,33.2204531],[130.5028003,33.2200158],[130.5050247,33.2195842],[130.5071385,33.2191541],[130.5096724,33.2186502],[130.509544325,33.21536635]]},"properties":{"name":"trafo_220/66kV","loading_pct":80.8,"p_mw":-201.9,"is_trafo":true}},{"type":"Feature","geometry":{"type":"LineString","coordinates":[[130.448796195,33.210922284999995],[130.4635354,33.1241259]]},"properties":{"name":"trafo_220/110kV","loading_pct":7.4,"p_mw":-22.1,"is_trafo":true}},{"type":"Feature","geometry":{"type":"LineString","coordinates":[[130.448796195,33.210922284999995],[130.4215317,33.16238238]]},"properties":{"name":"trafo_220/66kV","loading_pct":0.8,"p_mw":-2.1,"is_trafo":true}},{"type":"Feature","geometry":{"type":"LineString","coordinates":[[131.2705360142857,34.060182647619044],[131.035680012,34.076243708]]},"properties":{"name":"trafo_220/110kV","loading_pct":6.9,"p_mw":20.8,"is_trafo":true}},{"type":"Feature","geometry":{"type":"LineString","coordinates":[[131.2705360142857,34.060182647619044],[131.2747352,34.0330031]]},"properties":{"name":"trafo_220/110kV","loading_pct":9.8,"p_mw":29.5,"is_trafo":true}},{"type":"Feature","geometry":{"type":"LineString","coordinates":[[131.2705360142857,34.060182647619044],[131.2766441,34.0341793]]},"properties":{"name":"trafo_220/110kV","loading_pct":9.9,"p_mw":29.8,"is_trafo":true}},{"type":"Feature","geometry":{"type":"LineString","coordinates":[[131.035680012,34.076243708],[131.0437516,34.0745796],[131.0419219,34.073195],[131.04230398888888,34.0687105]]},"properties":{"name":"trafo_110/66kV","loading_pct":12.9,"p_mw":19.4,"is_trafo":true}},{"type":"Feature","geometry":{"type":"LineString","coordinates":[[131.035680012,34.076243708],[131.00982582,34.0262959]]},"properties":{"name":"trafo_110/66kV","loading_pct":5.9,"p_mw":8.8,"is_trafo":true}},{"type":"Feature","geometry":{"type":"LineString","coordinates":[[130.69416970909091,33.656569781818185],[130.6945057,33.65937],[130.69407057,33.66160747]]},"properties":{"name":"trafo_110/66kV","loading_pct":10.5,"p_mw":-15.7,"is_trafo":true}},{"type":"Feature","geometry":{"type":"LineString","coordinates":[[130.69416970909091,33.656569781818185],[130.7123494,33.6559952]]},"properties":{"name":"trafo_110/66kV","loading_pct":15.5,"p_mw":23.3,"is_trafo":true}},{"type":"Feature","geometry":{"type":"LineString","coordinates":[[130.69416970909091,33.656569781818185],[130.67296834444446,33.64440587777778]]},"properties":{"name":"trafo_110/66kV","loading_pct":1.5,"p_mw":2.3,"is_trafo":true}},{"type":"Feature","geometry":{"type":"LineString","coordinates":[[130.69416970909091,33.656569781818185],[130.6960367,33.6560415],[130.6984461,33.6552395],[130.6996406,33.6532964],[130.7003722,33.6519128],[130.7008713,33.6506757],[130.7017758,33.6490448],[130.7025845,33.6472506],[130.7032514,33.6462347],[130.7037504,33.6453018],[130.7043029,33.6438663],[130.7052002,33.64159],[130.7056492,33.6404684],[130.7062399,33.6392814],[130.7074211,33.6371288],[130.7078356,33.6362133],[130.708256,33.6337873],[130.7084984,33.6322965],[130.7083999,33.6309946],[130.70798336666667,33.62909308333334]]},"properties":{"name":"trafo_110/66kV","loading_pct":5.5,"p_mw":8.3,"is_trafo":true}},{"type":"Feature","geometry":{"type":"LineString","coordinates":[[130.69416970909091,33.656569781818185],[130.7596095,33.760580616666665]]},"properties":{"name":"trafo_110/66kV","loading_pct":20.7,"p_mw":-31.1,"is_trafo":true}},{"type":"Feature","geometry":{"type":"LineString","coordinates":[[130.76029506,33.60313274],[130.7541992,33.6164521],[130.7491202,33.6160561],[130.7464043,33.6156971],[130.7438318,33.6151667],[130.7400648,33.6143081],[130.7381003,33.6145064],[130.7359585,33.6147229],[130.7339244,33.6139539],[130.7314853,33.6165594],[130.7300919,33.6176136],[130.7289144,33.6205492],[130.7287108,33.622463],[130.7270911,33.6248248],[130.7238898,33.6266533],[130.7212047,33.6282518],[130.7184508,33.6286286],[130.7149333,33.6294336],[130.7118394,33.6299738],[130.7106322,33.6302735],[130.7085594,33.6292365],[130.70798336666667,33.62909308333334]]},"properties":{"name":"trafo_220/66kV","loading_pct":10.1,"p_mw":-25.3,"is_trafo":true}},{"type":"Feature","geometry":{"type":"LineString","coordinates":[[130.74007585,33.9256746],[130.7434056,33.9224388],[130.7449382,33.9195165],[130.745759,33.917954],[130.747202,33.9152741],[130.73932502380953,33.90314524761905]]},"properties":{"name":"trafo_220/66kV","loading_pct":35.1,"p_mw":-87.7,"is_trafo":true}},{"type":"Feature","geometry":{"type":"LineString","coordinates":[[130.0638627,32.4734436],[130.075078,32.4830673]]},"properties":{"name":"trafo_500/66kV","loading_pct":35.7,"p_mw":-213.9,"is_trafo":true}},{"type":"Feature","geometry":{"type":"LineString","coordinates":[[130.1274748,32.4303132],[130.40475898,32.46696816]]},"properties":{"name":"trafo_500/66kV","loading_pct":31.0,"p_mw":185.9,"is_trafo":true}},{"type":"Feature","geometry":{"type":"LineString","coordinates":[[130.1274748,32.4303132],[130.16990244285714,32.472345742857144]]},"properties":{"name":"trafo_500/66kV","loading_pct":1.3,"p_mw":-7.7,"is_trafo":true}},{"type":"Feature","geometry":{"type":"LineString","coordinates":[[130.1274748,32.4303132],[130.0758523,32.328953292307695]]},"properties":{"name":"trafo_500/66kV","loading_pct":5.4,"p_mw":32.5,"is_trafo":true}},{"type":"Feature","geometry":{"type":"LineString","coordinates":[[130.1891907,31.831921633333334],[130.2119512,31.8270345]]},"properties":{"name":"trafo_500/220kV","loading_pct":7.1,"p_mw":57.2,"is_trafo":true}},{"type":"Feature","geometry":{"type":"LineString","coordinates":[[130.1891907,31.831921633333334],[130.2117008,31.8320824]]},"properties":{"name":"trafo_500/220kV","loading_pct":7.0,"p_mw":55.9,"is_trafo":true}},{"type":"Feature","geometry":{"type":"LineString","coordinates":[[130.65521572,31.957996279999996],[130.3719049,31.8764354]]},"properties":{"name":"trafo_500/220kV","loading_pct":16.8,"p_mw":134.5,"is_trafo":true}},{"type":"Feature","geometry":{"type":"LineString","coordinates":[[130.65521572,31.957996279999996],[130.69946608333333,31.910173099999998]]},"properties":{"name":"trafo_500/220kV","loading_pct":69.8,"p_mw":-558.8,"is_trafo":true}},{"type":"Feature","geometry":{"type":"LineString","coordinates":[[130.65521572,31.957996279999996],[130.6603681,31.9560539],[130.6650019,31.9536123],[130.664265,31.9493759],[130.6593078,31.9471317],[130.658384,31.9442258],[130.6573745,31.9414141],[130.6559711,31.9371196],[130.6561232,31.9350023],[130.6552519,31.9331235],[130.6544746,31.9315047],[130.6550646,31.9275564],[130.65417,31.9248529],[130.652208,31.9220661],[130.6502528,31.9202139],[130.6480423,31.9177584],[130.6477201,31.9142873],[130.6483821,31.9122314],[130.6491615,31.9097911],[130.6523189,31.9072072],[130.6529014,31.9026399],[130.6524822,31.9003809],[130.651863,31.8970797],[130.6490928,31.8948954],[130.647872,31.8939328],[130.6465965,31.8912045],[130.644125,31.889609],[130.641964,31.888043],[130.6415593,31.8854677],[130.6390344,31.8840622],[130.6349845,31.8847147],[130.6295931,31.8823559],[130.6274185,31.8809266],[130.625063,31.8797552],[130.6228496,31.8778508],[130.6206851,31.8746087],[130.6196329,31.871617],[130.6183266,31.8701742],[130.6165645,31.8666404],[130.6169056,31.8641037],[130.6169515,31.8637622],[130.6164461,31.8616263],[130.6142746,31.8574169],[130.6132097,31.8555111],[130.6098238,31.8542186],[130.6081195,31.8523078],[130.6064065,31.8503871],[130.6042499,31.8491352],[130.6023788,31.8445662],[130.5983597,31.8404237],[130.5956272,31.8376939],[130.5921588,31.8353704],[130.5868537,31.8328675],[130.5826862,31.8289076],[130.5773868,31.826695],[130.5730339,31.8246498],[130.5717765,31.8221932],[130.5711164,31.8192688],[130.5693239,31.8162754],[130.5663334,31.815277],[130.5621871,31.8135489],[130.5591511,31.8127168],[130.5573777,31.8122308],[130.5561555,31.8093581],[130.5553899,31.8062343],[130.5539563,31.8039679],[130.5524251,31.801027],[130.5501183,31.7968969],[130.5491599,31.7932786],[130.5482844,31.7902802],[130.5466095,31.7890067],[130.5439903,31.7870518],[130.5391095,31.7837558],[130.5354863,31.7829564],[130.5325207,31.7791189],[130.5311575,31.7761139],[130.5282303,31.7737818],[130.5263525,31.7713964],[130.5242583,31.7664463],[130.5266797,31.7632498],[130.5278176,31.7588256],[130.5268717,31.7550059],[130.5281455,31.7507102],[130.5292906,31.7484278],[130.5311334,31.7456916],[130.5323408,31.7420464],[130.5347417,31.7399063],[130.5355223,31.7364679],[130.5345298,31.7339352],[130.534255,31.7291684],[130.533653,31.7269385],[130.5343054,31.7222328],[130.533423,31.7181807],[130.532993,31.7162373],[130.5338113,31.7143335],[130.53562,31.7109983],[130.5359432,31.7071596],[130.535988,31.7029472],[130.536409,31.6997614],[130.5365262,31.6974214],[130.5355983,31.6929606],[130.5357549,31.6907637],[130.534427,31.6860865],[130.5355485,31.6825141],[130.5351719,31.680859],[130.5353782,31.6786181],[130.5331682,31.6742147],[130.532869,31.6721784],[130.5337317,31.6690982],[130.534711,31.6667754],[130.5344626,31.6626601],[130.5348946,31.6606602],[130.5345494,31.6569608],[130.5367511,31.655049],[130.5376686,31.650751],[130.5388645,31.6480952],[130.5413637,31.6439252],[130.543294,31.6396097],[130.5409449,31.6357535],[130.5387988,31.6342732],[130.5367781,31.6327551],[130.5354264,31.6315265],[130.5327774,31.6319004],[130.53327176153846,31.63101123846154]]},"properties":{"name":"trafo_500/220kV","loading_pct":5.6,"p_mw":-44.8,"is_trafo":true}},{"type":"Feature","geometry":{"type":"LineString","coordinates":[[130.69946608333333,31.910173099999998],[130.7596204,31.9164777]]},"properties":{"name":"trafo_220/66kV","loading_pct":12.7,"p_mw":31.6,"is_trafo":true}},{"type":"Feature","geometry":{"type":"LineString","coordinates":[[130.79573894545453,31.796414854545457],[130.7872978,31.8765705]]},"properties":{"name":"trafo_220/66kV","loading_pct":19.8,"p_mw":49.6,"is_trafo":true}},{"type":"Feature","geometry":{"type":"LineString","coordinates":[[130.79573894545453,31.796414854545457],[130.790408,31.7920927],[130.7895845,31.7912912],[130.7885588,31.7902928],[130.7883175,31.790058],[130.7864781,31.7882882],[130.7829238,31.7862735],[130.7810485,31.7836463],[130.7804487,31.7828065],[130.7795675,31.7815729],[130.7774233,31.7789579],[130.7764358,31.7761872],[130.7731909,31.772995],[130.7704632,31.7702581],[130.7694885,31.7680398]]},"properties":{"name":"trafo_220/66kV","loading_pct":21.4,"p_mw":-53.6,"is_trafo":true}},{"type":"Feature","geometry":{"type":"LineString","coordinates":[[130.69256756,32.01205358],[130.6812741,31.9894079],[130.6816597,31.9932408],[130.6817705,31.9950791],[130.6820287,31.9976643],[130.6829991,32.0013613],[130.6838183,32.004778],[130.6843155,32.0065775],[130.6852455,32.0103589],[130.6862141,32.0134388],[130.6870148,32.0161885],[130.6881537,32.0198362],[130.688678,32.0216531],[130.6884736,32.0245238],[130.6881312,32.0289395],[130.6878799,32.0331011],[130.6876317,32.0362655],[130.6873635,32.0409157],[130.6872343,32.0445389],[130.6871045,32.0471857],[130.6876199,32.0504138],[130.6882404,32.0542178],[130.6889919,32.0553124],[130.6901882,32.0568687],[130.6923235,32.0598323],[130.694806,32.0633325],[130.693805,32.0663429],[130.6926926,32.0684103],[130.6917316,32.0701283],[130.6919406,32.0740507],[130.6917755,32.075593],[130.6916286,32.0774464],[130.6914339,32.0806445],[130.6917837,32.0838458],[130.6919539,32.0858808],[130.6921347,32.0872524],[130.6924158,32.0908023],[130.6931162,32.0916102],[130.6941446,32.0927964],[130.6961451,32.0951053],[130.6972863,32.0965894],[130.6990187,32.0986714],[130.701339,32.1014087],[130.7047007,32.1054888],[130.7074348,32.1083353],[130.7109071,32.1119397],[130.7128002,32.113913],[130.7143382,32.1154082],[130.716912,32.1181466],[130.7183691,32.1203062],[130.719906,32.1225757],[130.7211565,32.1244924],[130.7230756,32.1290279],[130.7253976,32.1314816],[130.7282063,32.1351006],[130.730976,32.1368141],[130.7329586,32.1380257],[130.7375627,32.1408723],[130.7423033,32.1440078],[130.7457304,32.1467919],[130.7464078,32.1501313],[130.7482423,32.1511797],[130.7499618,32.1524111],[130.7532485,32.1546622],[130.7549255,32.1557721],[130.7579774,32.1579165],[130.7602085,32.1594284],[130.7631842,32.1615111],[130.7674293,32.165519],[130.7689587,32.1669726],[130.7717855,32.169647],[130.7743633,32.1730044],[130.7759399,32.1750788],[130.7783334,32.1782733],[130.7795938,32.179947],[130.780934,32.1816981],[130.7823906,32.1835904],[130.7832146,32.1854564],[130.7851067,32.1898453],[130.7862925,32.1930375],[130.7867707,32.194684],[130.7873847,32.1962993],[130.7867356,32.198357],[130.7856073,32.2014888],[130.7847952,32.2035958],[130.7837619,32.2068798],[130.7797931,32.2098809],[130.7782206,32.213044],[130.7765744,32.2165984],[130.7759977,32.2177981],[130.7750947,32.2194452],[130.7735252,32.2215385],[130.7734084,32.223697],[130.77235095384614,32.223095769230774]]},"properties":{"name":"trafo_500/220kV","loading_pct":37.9,"p_mw":303.2,"is_trafo":true}},{"type":"Feature","geometry":{"type":"LineString","coordinates":[[130.77235095384614,32.223095769230774],[130.769615,32.2251829],[130.7674085,32.2266556],[130.7651267,32.2282102],[130.7649821,32.2283088],[130.7647496,32.2284545],[130.7631063,32.2306953],[130.761639,32.2327209],[130.7591019,32.2336863],[130.7564388,32.2346656],[130.7552998,32.2358395],[130.7538704,32.237313],[130.7524455,32.2387599],[130.7493907,32.2405538],[130.7453647,32.2428948],[130.7412326,32.2441103],[130.7383027,32.2449512],[130.7354731,32.2458063],[130.73287,32.2465155],[130.7308489,32.2471444],[130.7260292,32.2478871],[130.7233831,32.24832],[130.7201613,32.2488065],[130.717764,32.2491809],[130.7126937,32.2500051],[130.710366,32.2516958],[130.707938,32.2522939],[130.7054989,32.2528755],[130.6988766,32.2532379],[130.6958574,32.2522979],[130.6911741,32.2508292],[130.6890788,32.2501776],[130.6850918,32.2500019],[130.6809837,32.2509101],[130.6780947,32.2509701],[130.6711975,32.2512404],[130.6689003,32.250661],[130.6653625,32.2493212],[130.6626754,32.2489852],[130.6564251,32.2475084],[130.6502755,32.245297],[130.643945,32.2437452],[130.6400403,32.2422676],[130.6373523,32.241928],[130.6332422,32.2413421],[130.6299964,32.241184],[130.6259169,32.240974],[130.6226221,32.2407848],[130.6184998,32.2405476],[130.6161705,32.2404543],[130.6102158,32.2401839],[130.6068653,32.239656],[130.6045124,32.2392534],[130.6007283,32.2385257],[130.5977743,32.2379273],[130.5955938,32.2375097],[130.5914589,32.2366981],[130.5867433,32.2393128],[130.5810833,32.240968],[130.5775724,32.2400441],[130.5750072,32.239379],[130.567551,32.237431],[130.56518,32.2368004],[130.5595841,32.2357702],[130.5557654,32.2350231],[130.5508062,32.2341147],[130.5452453,32.2330522],[130.5428968,32.2325928],[130.537398,32.2320279],[130.5354319,32.2318323],[130.5306159,32.2309573],[130.5274322,32.2302873],[130.5249751,32.2297907],[130.5213659,32.2278248],[130.5202421,32.2271972],[130.5164678,32.2244609],[130.5147384,32.2228885],[130.5110657,32.2195453],[130.5063665,32.2175575],[130.5032122,32.2161143],[130.4995644,32.2155152],[130.4965496,32.2150159],[130.492419,32.2145802],[130.4895437,32.2134365],[130.4864001,32.2121475],[130.4821622,32.2118843],[130.4775596,32.2114395],[130.4773882,32.2113948],[130.4740083,32.2105135],[130.4696631,32.2095513],[130.4664552,32.2087252],[130.4626572,32.2073908],[130.4598141,32.2058385],[130.4574001,32.2043859],[130.4548573,32.2027882],[130.4506624,32.2025884],[130.4455769,32.2022435],[130.4431736,32.202071],[130.4411352,32.2013992],[130.4373586,32.2002008],[130.4358029,32.1996833],[130.4320693,32.1985485],[130.4294944,32.1979674],[130.4217482,32.1992475],[130.4199618,32.2005594],[130.4196856,32.2015966],[130.41898275,32.2020323375]]},"properties":{"name":"trafo_220/110kV","loading_pct":18.3,"p_mw":54.9,"is_trafo":true}},{"type":"Feature","geometry":{"type":"LineString","coordinates":[[130.77235095384614,32.223095769230774],[130.770714,32.2255583],[130.7691476,32.2279301],[130.7675461,32.2302663],[130.7666219,32.2316148],[130.765678,32.2336628],[130.7645792,32.2359834],[130.7634228,32.238331],[130.762322,32.2404756],[130.7614314,32.2422208],[130.7608564,32.2433315],[130.7601329,32.2455524],[130.7593376,32.248688],[130.7588197,32.2504896],[130.7585634,32.2519343],[130.7581063,32.2539687],[130.7568386,32.2589605],[130.7562645,32.2610045],[130.7557927,32.2626938],[130.7554725,32.2638702],[130.7547025,32.2672877],[130.7537337,32.270753],[130.7515748,32.2738764],[130.7502217,32.2762492],[130.7484741,32.2794573],[130.7478364,32.2810711],[130.7480186,32.2840742],[130.747977,32.2872353],[130.7474524,32.2897129],[130.7471889,32.2918355],[130.7502582,32.2932453],[130.7506239,32.2963225],[130.7506643,32.3003027],[130.7503117,32.3046408],[130.7498309,32.3080876],[130.7498177,32.3102847],[130.7486284,32.3153318],[130.7479756,32.3182053],[130.7471883,32.3216945],[130.746803,32.3234018],[130.7436466,32.3270495],[130.7417162,32.3292421],[130.7404013,32.3307358],[130.7376387,32.3339401],[130.7355906,32.3363149],[130.7328869,32.3394187],[130.7310962,32.3413337],[130.7301995,32.3434441],[130.7300686,32.3453851],[130.7298794,32.3507224],[130.7300148,32.3520028],[130.7301745,32.353806],[130.7319664,32.3558706],[130.7331009,32.3586261],[130.732353,32.3615084],[130.7320037,32.362258],[130.7314352,32.3641534],[130.730879,32.365942],[130.7290266,32.3695479],[130.7279771,32.3716145],[130.7269892,32.3726242],[130.726793,32.3747601],[130.7235285,32.3771457],[130.720758,32.3789332],[130.7197124,32.3797692],[130.7189778,32.3804137],[130.7166383,32.3815682],[130.7152037,32.3825794],[130.7138739,32.3835148],[130.7120385,32.3845289],[130.7108783,32.3867186],[130.7097789,32.3888216],[130.7081543,32.3921969],[130.7067197,32.395374],[130.7053481,32.3971379],[130.7039764,32.3993267],[130.7021995,32.4011844],[130.6994102,32.403329],[130.6990709,32.4045815],[130.698019,32.4076087],[130.6975605,32.4112688],[130.6978557,32.4137698],[130.698389,32.4162045],[130.6999319,32.4199404],[130.7011185,32.422863],[130.7000572,32.4242085],[130.6966104,32.4256455],[130.6959094,32.4278318],[130.6945449,32.4288753],[130.6920995,32.4299091],[130.6900488,32.4307653],[130.6864929,32.4322536],[130.683977,32.4331727],[130.6809831,32.4342026],[130.6769666,32.4353542],[130.6744143,32.4371111],[130.6730695,32.4379856],[130.6705379,32.4396405],[130.6686877,32.4409976],[130.6661691,32.4425695],[130.6640275,32.4437561],[130.662888,32.4446657],[130.6610605,32.4476351],[130.660235,32.44898],[130.6595147,32.4507214],[130.6591734,32.4515148],[130.6582746,32.4536852],[130.6561989,32.457846],[130.65531,32.4607285],[130.6542285,32.4637379],[130.6535952,32.4652494],[130.6525546,32.4674706],[130.6500107,32.4705426],[130.6477658,32.4732019],[130.6455892,32.4756005],[130.6429553,32.4787864],[130.6415927,32.480506],[130.6404112,32.4829994],[130.6406155,32.4841713],[130.6408471,32.4856285],[130.6414535,32.4884175]]},"properties":{"name":"trafo_220/110kV","loading_pct":13.7,"p_mw":41.0,"is_trafo":true}},{"type":"Feature","geometry":{"type":"LineString","coordinates":[[130.77235095384614,32.223095769230774],[130.7831152,32.2260272],[130.7850332,32.2264327],[130.7879647,32.2277347],[130.7909215,32.2291224],[130.792455,32.229832],[130.7953017,32.2300971],[130.7982205,32.230348],[130.8001271,32.2305037],[130.8023805,32.2308604],[130.8046596,32.2312259],[130.8069804,32.2313942],[130.8090377,32.231862],[130.8112769,32.2323621],[130.8139948,32.2329559],[130.8164191,32.233502],[130.8190184,32.2345021],[130.8208683,32.2354268],[130.8231575,32.2363058],[130.8253053,32.2370867],[130.8272204,32.2379613],[130.8298499,32.2388336],[130.8323317,32.2396564],[130.8346857,32.2403466],[130.8379068,32.2415019],[130.8401345,32.2422881],[130.8418518,32.2429489],[130.8433018,32.2436495],[130.845843,32.2442511],[130.8484707,32.2452267],[130.8504689,32.2459481],[130.852838,32.2468],[130.8544072,32.247393],[130.8566393,32.2482123],[130.8588597,32.2490376],[130.860107,32.2495841],[130.8617223,32.2502466],[130.8649887,32.2513717],[130.8664567,32.2519458],[130.8689341,32.2527691],[130.8712338,32.2535918],[130.8739313,32.2545909],[130.8764568,32.2554799],[130.8784552,32.2561896],[130.8804676,32.2568246],[130.8841274,32.2580466],[130.8878132,32.2607155],[130.8891165,32.2616127],[130.8906364,32.2626647],[130.892403,32.2638991],[130.8945085,32.2655314],[130.8966583,32.2663408],[130.8993678,32.2669534],[130.9014733,32.267739],[130.9045458,32.2684525],[130.9069334,32.2691005],[130.9088734,32.2697845],[130.9118736,32.2706102],[130.9151298,32.2713087],[130.9172192,32.2721456],[130.9204271,32.2732364],[130.9228384,32.2737875],[130.9251961,32.2745268],[130.927256,32.2751164],[130.9302601,32.2759668],[130.9323388,32.2767878],[130.9345999,32.2778332],[130.93817,32.2797267],[130.9424213,32.2819377],[130.9452188,32.2833685],[130.9482121,32.2849694],[130.9508112,32.2863435],[130.9521872,32.2871032],[130.9544805,32.2885067],[130.9557706,32.2892006],[130.9584126,32.2898377],[130.9594962,32.2900078],[130.9614676,32.2903297],[130.9638494,32.2907379],[130.9667569,32.2912276],[130.9695572,32.2917174],[130.9726363,32.2920756],[130.9752864,32.2923659],[130.977754,32.2927876],[130.9814608,32.2934587],[130.9844434,32.2938986],[130.986793,32.2942614],[130.9886545,32.295336],[130.990988,32.296574],[130.9929299,32.297821],[130.9947485,32.2988639],[130.9959501,32.3008227],[130.9973502,32.3031488],[130.9987879,32.3050032],[130.9996837,32.3069755],[131.0005635,32.3083357],[131.0018241,32.3101856],[131.003015,32.3118359],[131.0035622,32.3153993],[131.0040718,32.3179743],[131.0046351,32.320912],[131.0049109,32.3222542],[131.0050589,32.3231786],[131.0055202,32.3257715],[131.0061747,32.3285276],[131.0064483,32.3300098],[131.0070062,32.3330649],[131.0078967,32.3377878],[131.0081756,32.3392246],[131.0084975,32.3409786],[131.0086584,32.3420482],[131.0092592,32.3450032],[131.0105574,32.3471514],[131.0131484,32.3508403],[131.0143474,32.3528048],[131.015541,32.3562013],[131.0165199,32.3581589],[131.0169732,32.3611496],[131.019296,32.3661112],[131.020731,32.3683155],[131.0228097,32.3697631],[131.024631,32.3726968],[131.0231879,32.3756259],[131.0219031,32.376686],[131.0219434,32.3784506],[131.0212272,32.3792819],[130.94018517777778,32.26840488888889]]},"properties":{"name":"trafo_220/66kV","loading_pct":4.5,"p_mw":11.2,"is_trafo":true}},{"type":"Feature","geometry":{"type":"LineString","coordinates":[[130.77235095384614,32.223095769230774],[130.8283255,32.2102086]]},"properties":{"name":"trafo_220/66kV","loading_pct":15.5,"p_mw":38.6,"is_trafo":true}},{"type":"Feature","geometry":{"type":"LineString","coordinates":[[130.69256756,32.01205358],[130.6927714,32.011682],[130.6940472,32.0093011],[130.6947436,32.0068103],[130.696427,32.0043155],[130.6982366,32.0016568],[130.6993202,31.9986396],[130.700009,31.9968226],[130.7008285,31.9945088],[130.7028268,31.9924982],[130.7057631,31.9893912],[130.7102598,31.9845027],[130.714007,31.9826447],[130.7164924,31.9814072],[130.719846,31.9796226],[130.7224446,31.9783373],[130.7254686,31.9763974],[130.7285715,31.9751825],[130.7307009,31.9735892],[130.7343694,31.9723009],[130.7352781,31.9707207],[130.7366085,31.9685211],[130.740613,31.9673626],[130.7428307,31.9666425],[130.7452148,31.9657899],[130.7489219,31.9636755],[130.7254686,31.9763974]]},"properties":{"name":"trafo_500/66kV","loading_pct":13.3,"p_mw":-79.9,"is_trafo":true}},{"type":"Feature","geometry":{"type":"LineString","coordinates":[[130.41898275,32.2020323375],[130.4178858,32.2018077],[130.4167217,32.2005231],[130.4155683,32.1995607],[130.4121941,32.1983079],[130.4102274,32.1974635],[130.4071516,32.1960654],[130.4051023,32.1963377],[130.39960807142856,32.20558058571429]]},"properties":{"name":"trafo_110/66kV","loading_pct":4.8,"p_mw":7.2,"is_trafo":true}},{"type":"Feature","geometry":{"type":"LineString","coordinates":[[130.41898275,32.2020323375],[130.4178858,32.2018077],[130.4167217,32.2005231],[130.4155683,32.1995607],[130.4121941,32.1983079],[130.4102274,32.1974635],[130.4071516,32.1960654],[130.4051023,32.1963377],[130.3997433,32.1905451]]},"properties":{"name":"trafo_110/66kV","loading_pct":3.2,"p_mw":4.8,"is_trafo":true}},{"type":"Feature","geometry":{"type":"LineString","coordinates":[[130.41898275,32.2020323375],[130.4206914,32.2026242],[130.4230463,32.2018894],[130.4258036,32.2016716],[130.4277241,32.2026883],[130.4300308,32.203923],[130.4331743,32.205893],[130.4347837,32.207309],[130.437203,32.2083077],[130.4392898,32.2096421],[130.4412317,32.2107586],[130.4430181,32.2116301],[130.4454589,32.2125106],[130.4465328,32.213276],[130.4490474,32.2140919],[130.4518291,32.2150749],[130.4529691,32.2161341],[130.4545301,32.2171332],[130.4559382,32.218522],[130.4572296,32.2210366],[130.4584622,32.2237636],[130.4592722,32.2261893],[130.4615715,32.2289845],[130.462392,32.2301438],[130.4639727,32.2321341],[130.4658035,32.2341758],[130.4681289,32.2368239],[130.4703283,32.2382959],[130.472517,32.2395573],[130.4755318,32.2413631],[130.4775917,32.2426971],[130.4804134,32.2444938],[130.4828489,32.2459547],[130.4841578,32.2474519],[130.486207,32.24992],[130.4875374,32.2515805],[130.4891252,32.2540031],[130.4913247,32.2579862],[130.4925156,32.2599913],[130.4930627,32.2609439],[130.4937494,32.2623592],[130.4947042,32.2658248],[130.494318,32.2699071],[130.4941141,32.2727012],[130.4936957,32.2781892],[130.4930292,32.2807834],[130.4948008,32.2816179],[130.4986873,32.2841191],[130.5014473,32.2876133],[130.5013642,32.2900735],[130.5026758,32.2932184],[130.5016029,32.2948463],[130.5002296,32.2970456],[130.4982877,32.2987324],[130.4957879,32.2993491],[130.4948196,32.3002695],[130.4940105,32.2996255],[130.4927248,32.3004736],[130.4915821,32.3018883],[130.4904127,32.3037654],[130.4894686,32.3061776],[130.4891038,32.3083176],[130.4886532,32.3108384],[130.4902625,32.3126338],[130.4930091,32.3161156],[130.4914212,32.3187632],[130.4911637,32.3205765],[130.4917431,32.3213018],[130.4923224,32.3223173],[130.4933095,32.3254361],[130.4936528,32.3272312],[130.4942107,32.3294614],[130.4941892,32.3311113],[130.4961633,32.3351363],[130.4974079,32.3360428],[130.4988026,32.3374026],[130.4997897,32.3382728],[130.5015278,32.3398319],[130.5027079,32.3408834],[130.505948,32.3434396],[130.5066347,32.3443823],[130.5079651,32.3466121],[130.508244,32.3482436],[130.5088743,32.3507429],[130.5084990357143,32.35110275714286]]},"properties":{"name":"trafo_110/66kV","loading_pct":11.7,"p_mw":17.5,"is_trafo":true}},{"type":"Feature","geometry":{"type":"LineString","coordinates":[[130.41898275,32.2020323375],[130.437203,32.2083077]]},"properties":{"name":"trafo_110/66kV","loading_pct":8.3,"p_mw":12.4,"is_trafo":true}},{"type":"Feature","geometry":{"type":"LineString","coordinates":[[130.7147024,32.6559955],[130.68995328,32.65069284]]},"properties":{"name":"trafo_110/66kV","loading_pct":17.6,"p_mw":-26.4,"is_trafo":true}},{"type":"Feature","geometry":{"type":"LineString","coordinates":[[130.7147024,32.6559955],[130.7094632,32.6217604]]},"properties":{"name":"trafo_110/66kV","loading_pct":3.1,"p_mw":4.7,"is_trafo":true}},{"type":"Feature","geometry":{"type":"LineString","coordinates":[[130.675406,32.6630316],[130.6668846,32.6638581],[130.6682973,32.6625082],[130.6698267,32.661069],[130.6713104,32.6605525],[130.6725207,32.6601236],[130.6752444,32.6590298],[130.6787043,32.6576121],[130.6813561,32.6568138],[130.6836695,32.6559498],[130.6857409,32.6542541],[130.6874523,32.6528088],[130.6886315,32.6518071],[130.68995328,32.65069284]]},"properties":{"name":"trafo_500/66kV","loading_pct":8.6,"p_mw":51.4,"is_trafo":true}},{"type":"Feature","geometry":{"type":"LineString","coordinates":[[130.7080878,32.4596069],[130.6820365,32.4718962]]},"properties":{"name":"trafo_220/66kV","loading_pct":4.6,"p_mw":11.6,"is_trafo":true}},{"type":"Feature","geometry":{"type":"LineString","coordinates":[[130.7080878,32.4596069],[130.81228921666667,32.399678466666664]]},"properties":{"name":"trafo_220/66kV","loading_pct":1.1,"p_mw":2.7,"is_trafo":true}},{"type":"Feature","geometry":{"type":"LineString","coordinates":[[130.6414535,32.4884175],[130.6394628,32.4927354]]},"properties":{"name":"trafo_110/66kV","loading_pct":15.5,"p_mw":23.3,"is_trafo":true}},{"type":"Feature","geometry":{"type":"LineString","coordinates":[[130.6414535,32.4884175],[130.6820365,32.4718962]]},"properties":{"name":"trafo_110/66kV","loading_pct":3.1,"p_mw":4.7,"is_trafo":true}},{"type":"Feature","geometry":{"type":"LineString","coordinates":[[130.78534009,32.84850973],[130.794492,32.8719034]]},"properties":{"name":"trafo_220/66kV","loading_pct":15.2,"p_mw":38.1,"is_trafo":true}},{"type":"Feature","geometry":{"type":"LineString","coordinates":[[130.78534009,32.84850973],[130.73452600000002,32.86353206]]},"properties":{"name":"trafo_220/66kV","loading_pct":22.0,"p_mw":-54.9,"is_trafo":true}},{"type":"Feature","geometry":{"type":"LineString","coordinates":[[130.78534009,32.84850973],[130.7866049,32.8510184],[130.786625,32.8511218],[130.7868443,32.8518914],[130.7868037,32.8525262],[130.7867916,32.8528767],[130.7867428,32.8537901],[130.7867024,32.8552912],[130.7865554,32.8574263],[130.7864421,32.8589569],[130.7859931,32.86137],[130.7856809,32.8635465],[130.7854583,32.8650739],[130.784698,32.8669731],[130.7840259,32.8686446],[130.7832375,32.8706103],[130.7824919,32.8724553],[130.7817087,32.8743588],[130.7814766,32.8749478],[130.7812285,32.8755775],[130.7805576,32.8773363],[130.7798147,32.8793248],[130.7788015,32.8814499],[130.7773182,32.8844502],[130.7764456,32.8861518],[130.7752482,32.8880162],[130.7745356,32.8897869],[130.7736485,32.891521],[130.7718161,32.8938819],[130.7696492,32.8960433],[130.7681949,32.8974882],[130.7666582,32.8990349],[130.7654609,32.9002031],[130.7637739,32.9019125],[130.7614083,32.9038173],[130.7594305,32.9052092],[130.7571424,32.906422],[130.75566865,32.907121233333335]]},"properties":{"name":"trafo_220/110kV","loading_pct":17.2,"p_mw":-51.7,"is_trafo":true}},{"type":"Feature","geometry":{"type":"LineString","coordinates":[[130.78534009,32.84850973],[130.8079375,32.8549577],[130.8096944,32.8551671],[130.8114572,32.8553487],[130.8132171,32.8555379],[130.8157488,32.8558407],[130.8180103,32.8560803],[130.8205089,32.856378],[130.8213189,32.8564575],[130.8234941,32.8567136],[130.825245,32.856928],[130.8269899,32.8571273],[130.8287469,32.857312],[130.8304288,32.8575581],[130.8311593,32.8575831],[130.8321786,32.8576901],[130.8338945,32.8578721],[130.8356655,32.8580505],[130.837409,32.8582747],[130.8390464,32.8584605],[130.840792,32.8587726],[130.8424803,32.8590788],[130.8442887,32.8593943],[130.845967,32.8596943],[130.8477157,32.8600355],[130.8494417,32.8603225],[130.8511772,32.8606135],[130.8528678,32.860925],[130.8562995,32.8615049],[130.8598966,32.8621547],[130.8615787,32.8624526],[130.8633598,32.8627933],[130.8650638,32.8630661],[130.8668113,32.8633806],[130.8689912,32.8637889],[130.8740508,32.8644229],[130.8754796,32.864491],[130.8776522,32.864624],[130.8792332,32.8647429],[130.87284319999998,32.873480719999996]]},"properties":{"name":"trafo_220/66kV","loading_pct":49.3,"p_mw":123.3,"is_trafo":true}},{"type":"Feature","geometry":{"type":"LineString","coordinates":[[130.822714,32.8187662],[130.8238278,32.8171338],[130.8253386,32.8150507],[130.8268507,32.8129379],[130.8283741,32.8107792],[130.8299263,32.8086415],[130.8315289,32.806453],[130.8328393,32.8043009],[130.8345429,32.8026534],[130.8362027,32.8006591],[130.8371344,32.7995853],[130.8389191,32.7976169],[130.8406765,32.7956459],[130.8424679,32.7936077],[130.8441204,32.7916356],[130.8452341,32.7893717]]},"properties":{"name":"trafo_220/66kV","loading_pct":7.0,"p_mw":17.4,"is_trafo":true}},{"type":"Feature","geometry":{"type":"LineString","coordinates":[[130.80707134,32.80209608],[130.79842088,32.71290758]]},"properties":{"name":"trafo_220/66kV","loading_pct":16.8,"p_mw":-41.9,"is_trafo":true}},{"type":"Feature","geometry":{"type":"LineString","coordinates":[[130.80707134,32.80209608],[130.78749829999998,32.78046804]]},"properties":{"name":"trafo_220/66kV","loading_pct":13.3,"p_mw":-33.4,"is_trafo":true}},{"type":"Feature","geometry":{"type":"LineString","coordinates":[[130.87871394444446,32.90235998888889],[130.8788462,32.9028387],[130.8760727,32.9027604],[130.8737168,32.9028285],[130.8713958,32.9029729],[130.8689672,32.9030981],[130.8662399,32.9032987],[130.8634353,32.9035506],[130.8601145,32.9041175],[130.8563872,32.9039368],[130.8527675,32.9028334],[130.8499657,32.9024388],[130.8465227,32.9029151],[130.8428082,32.9031488],[130.840353,32.9033094],[130.8385895,32.9056443],[130.8379314,32.9073344],[130.8369774,32.9091848],[130.8345086,32.9114699],[130.8324512,32.9124034],[130.83055646,32.91488468]]},"properties":{"name":"trafo_220/66kV","loading_pct":26.6,"p_mw":-66.4,"is_trafo":true}},{"type":"Feature","geometry":{"type":"LineString","coordinates":[[130.87871394444446,32.90235998888889],[130.8802475,32.9016941],[130.8798653,32.8977666],[130.8796272,32.8948414],[130.8810838,32.8938734],[130.8812617,32.8937552],[130.8828854,32.8927447],[130.8847895,32.8911484],[130.8851119,32.8904478],[130.8854984,32.8896515],[130.8871807,32.8883277],[130.8887797,32.8870695],[130.8906674,32.8855209],[130.8918027,32.8831375],[130.8925231,32.8817197],[130.8923186,32.8788397],[130.8925917,32.8773314],[130.8919688,32.8752053],[130.890988,32.8723073],[130.8907161,32.871027],[130.8899097,32.8672299],[130.8898151,32.8652494]]},"properties":{"name":"trafo_220/66kV","loading_pct":2.6,"p_mw":6.5,"is_trafo":true}},{"type":"Feature","geometry":{"type":"LineString","coordinates":[[130.7624629,32.7592075],[130.764006,32.7730394],[130.7662984,32.7730047],[130.7687371,32.7737278],[130.7707847,32.7743507],[130.7728482,32.7749576],[130.7752726,32.7756967],[130.777414,32.7763343],[130.7780773,32.7768494],[130.7792851,32.7777873],[130.7809862,32.7791493],[130.7819951,32.7799379],[130.7845138,32.7800221],[130.78749829999998,32.78046804]]},"properties":{"name":"trafo_110/66kV","loading_pct":11.9,"p_mw":17.8,"is_trafo":true}},{"type":"Feature","geometry":{"type":"LineString","coordinates":[[130.7417587,32.7269974],[130.78749829999998,32.78046804]]},"properties":{"name":"trafo_110/66kV","loading_pct":19.3,"p_mw":28.9,"is_trafo":true}},{"type":"Feature","geometry":{"type":"LineString","coordinates":[[130.64262199166666,32.89370456666666],[130.68071738181817,32.89672940909091]]},"properties":{"name":"trafo_220/66kV","loading_pct":5.3,"p_mw":13.4,"is_trafo":true}},{"type":"Feature","geometry":{"type":"LineString","coordinates":[[130.68271585,32.8645667875],[130.6742528,32.8702944],[130.6743317,32.8714862],[130.6743577,32.871879],[130.6749166,32.8741115],[130.6752605,32.8759768],[130.6754722,32.8778139],[130.6759163,32.8803099],[130.6762323,32.8822187],[130.6789723,32.8851967],[130.6810343,32.887403],[130.68071738181817,32.89672940909091]]},"properties":{"name":"trafo_220/66kV","loading_pct":3.9,"p_mw":9.8,"is_trafo":true}},{"type":"Feature","geometry":{"type":"LineString","coordinates":[[130.7032256,32.9589595],[130.75566865,32.907121233333335]]},"properties":{"name":"trafo_220/110kV","loading_pct":13.0,"p_mw":39.1,"is_trafo":true}},{"type":"Feature","geometry":{"type":"LineString","coordinates":[[130.779711,32.9014225],[130.75566865,32.907121233333335]]},"properties":{"name":"trafo_220/110kV","loading_pct":17.7,"p_mw":-53.0,"is_trafo":true}},{"type":"Feature","geometry":{"type":"LineString","coordinates":[[130.70018359333332,32.72962426],[130.6993548,32.7323367],[130.6989643,32.7347142],[130.6984851,32.737812],[130.6980301,32.7406667],[130.6982354,32.7429887],[130.698384,32.7443937],[130.6880261125,32.7455628]]},"properties":{"name":"trafo_220/66kV","loading_pct":4.7,"p_mw":-11.7,"is_trafo":true}},{"type":"Feature","geometry":{"type":"LineString","coordinates":[[130.65528184761905,32.689580261904766],[130.6590489,32.6902281],[130.6606171,32.6914574],[130.6620893,32.6928627],[130.6639058,32.6941227],[130.6662334,32.695707],[130.6675536,32.6970487],[130.6692434,32.6984925],[130.65644425714285,32.69736924285714]]},"properties":{"name":"trafo_110/66kV","loading_pct":22.7,"p_mw":-34.1,"is_trafo":true}},{"type":"Feature","geometry":{"type":"LineString","coordinates":[[130.9197755,33.2952699],[130.94569448,33.29497622]]},"properties":{"name":"trafo_110/66kV","loading_pct":5.9,"p_mw":-8.9,"is_trafo":true}},{"type":"Feature","geometry":{"type":"LineString","coordinates":[[131.6954846,33.1903723],[131.685831,33.1989872]]},"properties":{"name":"trafo_220/66kV","loading_pct":8.0,"p_mw":20.0,"is_trafo":true}},{"type":"Feature","geometry":{"type":"LineString","coordinates":[[131.683947,33.1986407],[131.685831,33.1989872]]},"properties":{"name":"trafo_220/66kV","loading_pct":5.1,"p_mw":12.6,"is_trafo":true}},{"type":"Feature","geometry":{"type":"LineString","coordinates":[[131.683947,33.1986407],[131.6775584,33.1976509]]},"properties":{"name":"trafo_220/66kV","loading_pct":6.3,"p_mw":15.9,"is_trafo":true}},{"type":"Feature","geometry":{"type":"LineString","coordinates":[[131.6663573,33.2031963],[131.680644375,33.2152603625]]},"properties":{"name":"trafo_220/66kV","loading_pct":3.0,"p_mw":7.6,"is_trafo":true}},{"type":"Feature","geometry":{"type":"LineString","coordinates":[[131.38554833636363,32.25098099090909],[131.3375639,32.2162188]]},"properties":{"name":"trafo_500/220kV","loading_pct":14.7,"p_mw":117.9,"is_trafo":true}},{"type":"Feature","geometry":{"type":"LineString","coordinates":[[131.38554833636363,32.25098099090909],[131.1740283,32.4723256]]},"properties":{"name":"trafo_500/110kV","loading_pct":11.9,"p_mw":71.6,"is_trafo":true}},{"type":"Feature","geometry":{"type":"LineString","coordinates":[[131.19423835,31.92208595],[131.2138092,31.9067369]]},"properties":{"name":"trafo_500/220kV","loading_pct":56.7,"p_mw":-453.3,"is_trafo":true}},{"type":"Feature","geometry":{"type":"LineString","coordinates":[[130.93843984,31.39213792],[130.9382766,31.3918087],[130.9383634,31.3915193],[130.9392612,31.3907043],[130.9418124,31.3908484],[130.9449854,31.3906607],[130.947547,31.3904661],[130.9502667,31.3897677],[130.9531742,31.3883298],[130.955033,31.3873613],[130.9572539,31.3862874],[130.9593728,31.3862828],[130.9618887,31.3880505],[130.963136,31.3893899],[130.96533,31.3911781],[130.96610575714286,31.39263045714286]]},"properties":{"name":"trafo_220/66kV","loading_pct":15.4,"p_mw":38.4,"is_trafo":true}},{"type":"Feature","geometry":{"type":"LineString","coordinates":[[130.93843984,31.39213792],[130.92697572,31.49606454]]},"properties":{"name":"trafo_220/110kV","loading_pct":66.0,"p_mw":-197.9,"is_trafo":true}},{"type":"Feature","geometry":{"type":"LineString","coordinates":[[130.93843984,31.39213792],[130.9335935,31.401219],[130.9287342,31.4014312],[130.9265282,31.4005869],[130.9248512,31.4008111],[130.922112,31.4000374],[130.9189311,31.4001536],[130.9166442,31.4011528],[130.9143022,31.4016879],[130.9115843,31.4022322],[130.9097662,31.4027121],[130.9059113,31.4014297],[130.9035414,31.4010954],[130.9013531,31.4008142],[130.8987566,31.4000553],[130.8966161,31.3997969],[130.8945469,31.3995921],[130.8923976,31.3992962],[130.8901838,31.3988295],[130.8889525,31.3970005],[130.8878261,31.3955705],[130.88767002,31.39533708]]},"properties":{"name":"trafo_220/110kV","loading_pct":8.9,"p_mw":-26.6,"is_trafo":true}},{"type":"Feature","geometry":{"type":"LineString","coordinates":[[131.04704778333334,31.757442549999997],[131.0532652,31.749047],[131.0558964,31.7494779],[131.0579745,31.7499579],[131.0608786,31.7509294],[131.0645416,31.7501944],[131.0666128,31.7497751],[131.0695404,31.7491237],[131.0720022,31.7486119],[131.074976,31.7477184],[131.0774416,31.7477167],[131.07782098,31.741675739999998]]},"properties":{"name":"trafo_220/66kV","loading_pct":39.4,"p_mw":-98.5,"is_trafo":true}},{"type":"Feature","geometry":{"type":"LineString","coordinates":[[131.04704778333334,31.757442549999997],[131.0510328,31.7483117],[131.0504614,31.7460899],[131.0502617,31.7441988],[131.0495367,31.7415625],[131.0487556,31.7389299],[131.048773,31.7372963],[131.0488313,31.7346611],[131.0488867,31.7325985],[131.0511786,31.7310222],[131.0516978,31.7300565],[131.052008,31.7279683],[131.0510463,31.7276118],[131.05090607777777,31.7277024]]},"properties":{"name":"trafo_220/66kV","loading_pct":95.4,"p_mw":-449.2,"is_trafo":true}},{"type":"Feature","geometry":{"type":"LineString","coordinates":[[131.04704778333334,31.757442549999997],[131.0476977,31.757962],[131.0479855,31.7579371],[131.0479,31.7586057],[131.0506947,31.7588121],[131.0535786,31.7591416],[131.0532625,31.7611379],[131.0530379,31.7631826],[131.0528622,31.7648847],[131.0542402,31.7688744],[131.0550029,31.7713103],[131.0556552,31.7737691],[131.0561052,31.7755695],[131.0565152,31.7776005],[131.0581905,31.779432],[131.0599597,31.7814968],[131.0615744,31.7832928],[131.0627665,31.7846244],[131.0641957,31.7862627],[131.0652125,31.787384],[131.0670059,31.789396],[131.067934,31.7904266],[131.069089,31.7920376],[131.0716022,31.7934944],[131.0735112,31.7946456],[131.0755131,31.7958673],[131.0772122,31.7967519],[131.0793937,31.7979388],[131.0813914,31.7991518],[131.083746,31.8005363],[131.0860706,31.8018795],[131.0882888,31.8032049],[131.0899634,31.804221],[131.0910952,31.8047643],[131.0915483125,31.805117000000003]]},"properties":{"name":"trafo_220/110kV","loading_pct":46.0,"p_mw":-137.9,"is_trafo":true}},{"type":"Feature","geometry":{"type":"LineString","coordinates":[[131.4085009,33.2956976],[131.36314162,33.43314842]]},"properties":{"name":"trafo_220/66kV","loading_pct":17.8,"p_mw":44.5,"is_trafo":true}},{"type":"Feature","geometry":{"type":"LineString","coordinates":[[130.40429668,33.58282504],[130.40964386000002,33.574958800000005]]},"properties":{"name":"trafo_220/66kV","loading_pct":3.5,"p_mw":-8.7,"is_trafo":true}},{"type":"Feature","geometry":{"type":"LineString","coordinates":[[130.40429668,33.58282504],[130.3989682,33.587482],[130.3988762,33.5877472],[130.3986702,33.5883069],[130.3985301,33.5886214],[130.3982711,33.5892979],[130.39736866153845,33.595804746153846]]},"properties":{"name":"trafo_220/66kV","loading_pct":1.7,"p_mw":4.3,"is_trafo":true}},{"type":"Feature","geometry":{"type":"LineString","coordinates":[[130.40429668,33.58282504],[130.4041441,33.5862236],[130.404432,33.5862646],[130.404682,33.5863593],[130.4053185,33.5866496],[130.4055515,33.5868579],[130.4062605,33.5867013],[130.406173,33.5860713],[130.4061433,33.5859713],[130.4060925,33.5854835],[130.4061292,33.5852989],[130.407474,33.5855046],[130.4083475,33.5855846],[130.4090389,33.5855458],[130.4099068,33.5854788],[130.4103795,33.5854611],[130.4110498,33.5855552],[130.4111979,33.585534],[130.4113419,33.58546],[130.4114604,33.5854588],[130.4115813888889,33.58878498888888]]},"properties":{"name":"trafo_220/66kV","loading_pct":2.1,"p_mw":5.2,"is_trafo":true}},{"type":"Feature","geometry":{"type":"LineString","coordinates":[[130.3845828,33.55500705714286],[130.36554700000002,33.56654638]]},"properties":{"name":"trafo_220/66kV","loading_pct":1.0,"p_mw":-2.4,"is_trafo":true}},{"type":"Feature","geometry":{"type":"LineString","coordinates":[[130.3845828,33.55500705714286],[130.36408111666665,33.54587506666667]]},"properties":{"name":"trafo_220/66kV","loading_pct":3.0,"p_mw":-7.5,"is_trafo":true}},{"type":"Feature","geometry":{"type":"LineString","coordinates":[[130.22649482857145,33.554722842857146],[130.2265273,33.5554682],[130.228512,33.5571504],[130.2310183,33.5593194],[130.2334283,33.5613843],[130.2348504,33.5625274],[130.2358684,33.5631509],[130.236957,33.5636727],[130.2379364,33.56405],[130.2398952,33.5647216],[130.2429008,33.565741],[130.24223486666668,33.56734096666667]]},"properties":{"name":"trafo_220/66kV","loading_pct":43.8,"p_mw":109.5,"is_trafo":true}},{"type":"Feature","geometry":{"type":"LineString","coordinates":[[130.76029506,33.60313274],[130.7597281,33.6040432],[130.7563774,33.6030687],[130.7530011,33.6016988],[130.7533354,33.5997852],[130.751865,33.5976164],[130.7507629,33.5953737],[130.7498393,33.5934582],[130.7488868,33.5907881],[130.7467593,33.5878703],[130.7440942,33.5876731],[130.7421136,33.5877457],[130.7387242,33.5866347],[130.7364568,33.5834935],[130.7370006,33.5815287],[130.7346163,33.5785825],[130.73295,33.576758],[130.7311434,33.5757616],[130.7276877,33.577427],[130.725394,33.578033],[130.7233594,33.5768849],[130.7208305,33.5764838],[130.7157927,33.5777001],[130.7141142,33.5790769],[130.7120924,33.5798093],[130.7053760727273,33.58014886363637]]},"properties":{"name":"trafo_220/66kV","loading_pct":9.0,"p_mw":-22.5,"is_trafo":true}},{"type":"Feature","geometry":{"type":"LineString","coordinates":[[130.76029506,33.60313274],[130.7590911,33.6178831],[130.7592304,33.6179834],[130.7630798,33.6207539],[130.7626818,33.6220728],[130.7625733,33.6246646],[130.7655002,33.629259],[130.7646962,33.6318645],[130.7654385,33.6341985],[130.7662452,33.6366482],[130.7664302,33.6393749],[130.7673733,33.6390127],[130.7701466,33.640097],[130.7721259,33.6403951],[130.7747229,33.640843],[130.7766244,33.6397503],[130.78096720588235,33.6388953]]},"properties":{"name":"trafo_220/66kV","loading_pct":7.0,"p_mw":17.6,"is_trafo":true}},{"type":"Feature","geometry":{"type":"LineString","coordinates":[[130.76029506,33.60313274],[130.7638364,33.6043217],[130.7647843,33.6065336],[130.763818,33.6091487],[130.7625872,33.6110762],[130.7615465,33.612262],[130.761142,33.6138804],[130.7618027,33.6156822],[130.7642883,33.6160347],[130.7688396,33.615945],[130.7732996,33.6158914],[130.7780795,33.6157444],[130.7816403,33.6146561],[130.7841779,33.6136206],[130.7869974,33.6127369],[130.7903177,33.6114682],[130.7926416,33.6102807],[130.7954845,33.6088398],[130.7983805,33.6078917],[130.8021328,33.6066555],[130.8024039,33.6052788],[130.8026815,33.602323],[130.8028805,33.5997863],[130.8037558,33.5983686],[130.8045219,33.5968427],[130.8078565,33.5962481],[130.8109434,33.5956996],[130.81299552608695,33.59585353043478]]},"properties":{"name":"trafo_220/66kV","loading_pct":9.8,"p_mw":24.5,"is_trafo":true}},{"type":"Feature","geometry":{"type":"LineString","coordinates":[[130.41923663333333,33.01031167777778],[130.4191478,33.0072334],[130.4217186,33.0067966],[130.4237462,33.0052757],[130.4255657,33.0038376],[130.4264841,33.003028],[130.4284031,33.001794],[130.4290239,33.0012927],[130.4298215,33.0009574],[130.4308211,33.0007047],[130.4318792,33.000609],[130.4329374,33.0004768],[130.4340159,33.0003928],[130.43607658000002,32.99712428]]},"properties":{"name":"trafo_110/66kV","loading_pct":82.8,"p_mw":374.1,"is_trafo":true}},{"type":"Feature","geometry":{"type":"LineString","coordinates":[[130.46554266666666,32.95710663333333],[130.4627813,32.955777],[130.4604097,32.9560574],[130.4573772,32.9564963],[130.4555735,32.9567715],[130.4533587,32.9570885],[130.4514782,32.957247],[130.4497554,32.9573863],[130.4482028,32.9585027],[130.4475407,32.9603558],[130.446974,32.9619162],[130.4463534,32.9636107],[130.445739,32.9653504],[130.4451371,32.9670309],[130.4445123,32.968748],[130.4439124,32.9703988],[130.4432752,32.9721785],[130.4426608,32.9738902],[130.4420962,32.9754556],[130.4415717,32.9769405],[130.4414572,32.9784426],[130.4413369,32.9800752],[130.4411813,32.9818777],[130.4405117,32.9845808],[130.4405456,32.9871362],[130.4411989,32.9893899],[130.4399837,32.9912396],[130.4388711,32.9929414],[130.4375528,32.9948533],[130.43607658000002,32.99712428]]},"properties":{"name":"trafo_110/66kV","loading_pct":88.2,"p_mw":-132.4,"is_trafo":true}},{"type":"Feature","geometry":{"type":"LineString","coordinates":[[129.64634887777777,33.19670221111111],[129.648489,33.1977656],[129.6489568,33.1986339],[129.6497499,33.199963],[129.6486471,33.2021346],[129.64864233333333,33.20364765555556]]},"properties":{"name":"trafo_220/66kV","loading_pct":57.8,"p_mw":144.4,"is_trafo":true}},{"type":"Feature","geometry":{"type":"LineString","coordinates":[[129.8091063,33.2257576],[129.64864233333333,33.20364765555556]]},"properties":{"name":"trafo_220/66kV","loading_pct":91.5,"p_mw":-652.7,"is_trafo":true}},{"type":"Feature","geometry":{"type":"LineString","coordinates":[[129.8091063,33.2257576],[129.8256183,33.28175592]]},"properties":{"name":"trafo_220/66kV","loading_pct":60.7,"p_mw":151.9,"is_trafo":true}},{"type":"Feature","geometry":{"type":"LineString","coordinates":[[129.8091063,33.2257576],[129.7915176,33.1948565]]},"properties":{"name":"trafo_220/66kV","loading_pct":14.2,"p_mw":35.6,"is_trafo":true}},{"type":"Feature","geometry":{"type":"LineString","coordinates":[[129.8487652,33.1791528],[129.7915176,33.1948565]]},"properties":{"name":"trafo_220/66kV","loading_pct":7.8,"p_mw":-19.4,"is_trafo":true}},{"type":"Feature","geometry":{"type":"LineString","coordinates":[[129.8562639,33.1773741],[129.8788835,33.1727817]]},"properties":{"name":"trafo_220/66kV","loading_pct":12.7,"p_mw":31.9,"is_trafo":true}},{"type":"Feature","geometry":{"type":"LineString","coordinates":[[131.1498565,31.9343094],[131.1334562,31.9247481]]},"properties":{"name":"trafo_500/110kV","loading_pct":9.2,"p_mw":55.2,"is_trafo":true}},{"type":"Feature","geometry":{"type":"LineString","coordinates":[[130.01210162,32.83848542],[130.0045359,32.8523799]]},"properties":{"name":"trafo_220/66kV","loading_pct":6.0,"p_mw":-14.9,"is_trafo":true}},{"type":"Feature","geometry":{"type":"LineString","coordinates":[[130.01966699444446,32.83097700555555],[130.0576848,32.8196606]]},"properties":{"name":"trafo_220/66kV","loading_pct":2.8,"p_mw":-7.1,"is_trafo":true}},{"type":"Feature","geometry":{"type":"LineString","coordinates":[[130.01966699444446,32.83097700555555],[129.9474209,32.8019392]]},"properties":{"name":"trafo_220/66kV","loading_pct":3.5,"p_mw":8.8,"is_trafo":true}},{"type":"Feature","geometry":{"type":"LineString","coordinates":[[129.8413634,33.13817481428571],[129.6635027,33.058273992857146]]},"properties":{"name":"trafo_220/66kV","loading_pct":15.9,"p_mw":39.8,"is_trafo":true}},{"type":"Feature","geometry":{"type":"LineString","coordinates":[[129.8413634,33.13817481428571],[129.8293877,33.1444281],[129.8267805,33.1425731],[129.8237228,33.1402373],[129.8206758,33.1378836],[129.8175859,33.1349099],[129.8143458,33.1319271],[129.8127687,33.1303638],[129.8113418,33.1290565],[129.80884450000002,33.13121562]]},"properties":{"name":"trafo_220/66kV","loading_pct":0.5,"p_mw":1.1,"is_trafo":true}},{"type":"Feature","geometry":{"type":"LineString","coordinates":[[129.8413634,33.13817481428571],[129.8788835,33.1727817]]},"properties":{"name":"trafo_220/66kV","loading_pct":8.7,"p_mw":21.7,"is_trafo":true}},{"type":"Feature","geometry":{"type":"LineString","coordinates":[[129.8413634,33.13817481428571],[129.8403828,33.137437],[129.8388249,33.1371151],[129.8356139,33.1380576],[129.8350944,33.1390659],[129.8325601,33.1408651],[129.8312891,33.1426642],[129.8309231,33.1446214],[129.8298008,33.1456309],[129.8251529,33.1473663],[129.8230082,33.1477354],[129.8185574,33.1495574],[129.8170974,33.151297],[129.8156689,33.1526017],[129.8138036,33.1535143],[129.8097955,33.1521842],[129.8070348,33.1530648],[129.8027268,33.1540706],[129.8005689,33.1547629],[129.7977001,33.1554457],[129.7942989,33.1560455],[129.7914443,33.1566761],[129.788383,33.1574396],[129.7862079,33.157763],[129.7817212,33.1587492],[129.7791029,33.1581327],[129.7761702,33.1587357],[129.7743702,33.1589915],[129.7721847,33.1608161],[129.7678039,33.1611365],[129.7644294,33.1605055],[129.7624548,33.1617495],[129.7584014,33.1625086],[129.7547204,33.1632133],[129.7521295,33.1634691],[129.7487612,33.1637615],[129.7469125,33.1640201],[129.7453878,33.1654778],[129.7435189,33.166203],[129.7433485,33.1668146],[129.7424959,33.1689044],[129.7419853,33.1702283],[129.7422114,33.1724428],[129.7418604,33.1754673],[129.7418151,33.1767814],[129.7412744,33.1785957],[129.7402888,33.1816383],[129.7380824,33.1825321],[129.7370904,33.1842139],[129.7381977,33.1862126],[129.7401075,33.1891314],[129.740011,33.1915626],[129.7407402,33.195382],[129.7408405,33.1994531],[129.739531,33.2010207],[129.7391191,33.203728],[129.7385182,33.2053304],[129.7363037,33.2071059],[129.75135861666666,33.15242638333333]]},"properties":{"name":"trafo_220/66kV","loading_pct":21.3,"p_mw":-53.3,"is_trafo":true}},{"type":"Feature","geometry":{"type":"LineString","coordinates":[[129.835012,32.8220925],[129.8396322,32.8198288],[129.8406433,32.8173961],[129.8427807,32.8150534],[129.8435008,32.8144474],[129.8471747,32.8155592],[129.8493306,32.8143117],[129.8504181,32.8136133],[129.8542942,32.812487],[129.8573853,32.8116395],[129.85785858,32.81048424]]},"properties":{"name":"trafo_220/66kV","loading_pct":56.6,"p_mw":141.6,"is_trafo":true}},{"type":"Feature","geometry":{"type":"LineString","coordinates":[[130.45008038,31.64315636],[130.4151908,31.641506099999997]]},"properties":{"name":"trafo_220/66kV","loading_pct":19.3,"p_mw":48.3,"is_trafo":true}},{"type":"Feature","geometry":{"type":"LineString","coordinates":[[130.45008038,31.64315636],[130.5143242,31.6306635]]},"properties":{"name":"trafo_220/66kV","loading_pct":3.6,"p_mw":9.0,"is_trafo":true}},{"type":"Feature","geometry":{"type":"LineString","coordinates":[[130.48138072857142,31.616833200000002],[130.4981317,31.6077021]]},"properties":{"name":"trafo_220/66kV","loading_pct":3.8,"p_mw":9.5,"is_trafo":true}},{"type":"Feature","geometry":{"type":"LineString","coordinates":[[130.484103125,31.5701057375],[130.4981317,31.6077021]]},"properties":{"name":"trafo_220/66kV","loading_pct":1.6,"p_mw":3.9,"is_trafo":true}},{"type":"Feature","geometry":{"type":"LineString","coordinates":[[130.46476959999998,31.5366926],[130.4816009,31.5327488],[130.4852708,31.5313323],[130.4882221,31.5304242],[130.4914944,31.5285548],[130.4945513,31.5274029],[130.4959965,31.5287218],[130.4965401,31.5300194],[130.49641338,31.53013404]]},"properties":{"name":"trafo_220/66kV","loading_pct":7.4,"p_mw":18.5,"is_trafo":true}},{"type":"Feature","geometry":{"type":"LineString","coordinates":[[130.46476959999998,31.5366926],[130.53492534000003,31.54859988]]},"properties":{"name":"trafo_220/66kV","loading_pct":30.6,"p_mw":76.5,"is_trafo":true}},{"type":"Feature","geometry":{"type":"LineString","coordinates":[[130.46476959999998,31.5366926],[130.50107545999998,31.469410700000005]]},"properties":{"name":"trafo_220/66kV","loading_pct":0.2,"p_mw":-0.6,"is_trafo":true}},{"type":"Feature","geometry":{"type":"LineString","coordinates":[[130.46476959999998,31.5366926],[130.4010577,31.3496283]]},"properties":{"name":"trafo_220/66kV","loading_pct":1.4,"p_mw":3.5,"is_trafo":true}},{"type":"Feature","geometry":{"type":"LineString","coordinates":[[130.46476959999998,31.5366926],[130.3622207,31.4016941]]},"properties":{"name":"trafo_220/66kV","loading_pct":11.4,"p_mw":28.4,"is_trafo":true}},{"type":"Feature","geometry":{"type":"LineString","coordinates":[[130.36519716666666,32.06686736666667],[130.34763674,32.073445019999994]]},"properties":{"name":"trafo_220/66kV","loading_pct":6.5,"p_mw":16.2,"is_trafo":true}},{"type":"Feature","geometry":{"type":"LineString","coordinates":[[130.7032256,32.9589595],[130.62975332000002,33.00117064]]},"properties":{"name":"trafo_220/110kV","loading_pct":18.3,"p_mw":-55.0,"is_trafo":true}},{"type":"Feature","geometry":{"type":"LineString","coordinates":[[130.64262199166666,32.89370456666666],[130.5778775,32.9122542]]},"properties":{"name":"trafo_220/66kV","loading_pct":30.6,"p_mw":-76.5,"is_trafo":true}},{"type":"Feature","geometry":{"type":"LineString","coordinates":[[130.68271585,32.8645667875],[130.6840538,32.8639854],[130.6832649,32.8622262],[130.6826379,32.8608399],[130.6817545,32.8582672],[130.6805374,32.8561772],[130.6791612,32.8537879],[130.6780845,32.8519177],[130.6769808,32.8499998],[130.6767622,32.8485217],[130.6783651,32.8464496],[130.6792163,32.8451581],[130.6802703,32.843559],[130.682326,32.8404304],[130.6839761,32.8378639],[130.6853903,32.8371466],[130.6864078,32.8363335],[130.6892258,32.8345348],[130.6900341,32.8331454],[130.69436961666668,32.8315239]]},"properties":{"name":"trafo_220/66kV","loading_pct":24.0,"p_mw":59.9,"is_trafo":true}},{"type":"Feature","geometry":{"type":"LineString","coordinates":[[129.9117164,32.7449873625],[129.9099563,32.7452811],[129.9085687,32.7464071],[129.906174,32.7472457],[129.9048284,32.7475694],[129.9026836,32.7481958],[129.9009752,32.7482731],[129.897556,32.748573],[129.8957614,32.7492934],[129.8950124,32.7496235],[129.89512384,32.74976366]]},"properties":{"name":"trafo_220/66kV","loading_pct":6.5,"p_mw":16.2,"is_trafo":true}},{"type":"Feature","geometry":{"type":"LineString","coordinates":[[129.9117164,32.7449873625],[129.9108171,32.7469491],[129.9131425,32.7464927],[129.9158145,32.7459379],[129.9171212,32.7465172],[129.9190793,32.7474583],[129.9204779,32.7493298],[129.9220685,32.7523038],[129.9204737,32.7547335],[129.9201804,32.7568249],[129.9198527,32.759238],[129.9192386,32.7614499],[129.918474,32.7641012],[129.9133138,32.7661393],[129.9101827,32.7671871],[129.907248,32.7680853],[129.9021026,32.7683167],[129.8997829,32.7693158],[129.8982282,32.7699303],[129.8930759,32.7721565],[129.8930759,32.7721565]]},"properties":{"name":"trafo_220/66kV","loading_pct":0.8,"p_mw":1.9,"is_trafo":true}},{"type":"Feature","geometry":{"type":"LineString","coordinates":[[129.9117164,32.7449873625],[129.8916997,32.7036835]]},"properties":{"name":"trafo_220/66kV","loading_pct":26.0,"p_mw":64.9,"is_trafo":true}},{"type":"Feature","geometry":{"type":"LineString","coordinates":[[130.3684995047619,32.06758514285715],[130.3693687,32.0681834],[130.3697187,32.0697519],[130.371758,32.0709213],[130.373833,32.072786],[130.3740226,32.0746069],[130.3737247,32.0769805],[130.3736911,32.078663],[130.3749429,32.0802012],[130.3766312,32.0812453],[130.3765755,32.0853952],[130.3759976,32.087504],[130.3739951,32.0893891],[130.3720083,32.0916034],[130.3691886,32.0935204],[130.3686526,32.0951571],[130.3676221,32.0985514],[130.3666857,32.1010727],[130.3656623,32.1041572],[130.3658398,32.1069821],[130.365262,32.1094059],[130.3649348,32.1113873],[130.3647572,32.1134719],[130.3634794,32.1159624],[130.3631313,32.1179496],[130.3625325,32.1199161],[130.3620034,32.1225283],[130.3610113,32.1258272],[130.3608337,32.1291997],[130.3597163,32.1305057],[130.358752,32.130886]]},"properties":{"name":"trafo_220/66kV","loading_pct":18.3,"p_mw":45.7,"is_trafo":true}},{"type":"Feature","geometry":{"type":"LineString","coordinates":[[130.6502169,33.7761809],[130.6357187,33.7510052],[130.6373978,33.7487684],[130.63807213333334,33.74770138333333]]},"properties":{"name":"trafo_220/66kV","loading_pct":26.2,"p_mw":-65.5,"is_trafo":true}},{"type":"Feature","geometry":{"type":"LineString","coordinates":[[130.8125033,33.8434294],[130.8150385,33.8438627],[130.8172581,33.8442916],[130.8202683,33.8448697],[130.8225569,33.8454133],[130.8240396,33.8452263],[130.8282291,33.8447609],[130.8292395,33.8446454],[130.8304628,33.8420147]]},"properties":{"name":"trafo_220/66kV","loading_pct":22.3,"p_mw":55.7,"is_trafo":true}},{"type":"Feature","geometry":{"type":"LineString","coordinates":[[130.76288465428573,33.834906114285715],[130.74381346,33.85248938]]},"properties":{"name":"trafo_220/66kV","loading_pct":9.9,"p_mw":-24.8,"is_trafo":true}},{"type":"Feature","geometry":{"type":"LineString","coordinates":[[130.76288465428573,33.834906114285715],[130.7566917,33.8114589],[130.756284,33.8129297],[130.73302284285714,33.82466501428571]]},"properties":{"name":"trafo_220/66kV","loading_pct":11.0,"p_mw":27.4,"is_trafo":true}},{"type":"Feature","geometry":{"type":"LineString","coordinates":[[130.76288465428573,33.834906114285715],[130.7612944,33.81145]]},"properties":{"name":"trafo_220/66kV","loading_pct":4.2,"p_mw":10.4,"is_trafo":true}},{"type":"Feature","geometry":{"type":"LineString","coordinates":[[132.0913902611111,33.96506563333334],[132.095055,33.9822798]]},"properties":{"name":"trafo_220/66kV","loading_pct":19.5,"p_mw":48.7,"is_trafo":true}},{"type":"Feature","geometry":{"type":"LineString","coordinates":[[132.05517644,33.962027899999995],[132.04901542857144,33.94793851428572]]},"properties":{"name":"trafo_220/110kV","loading_pct":0.2,"p_mw":-0.7,"is_trafo":true}},{"type":"Feature","geometry":{"type":"LineString","coordinates":[[132.05517644,33.962027899999995],[131.9730725,33.9948245]]},"properties":{"name":"trafo_220/110kV","loading_pct":4.3,"p_mw":-13.0,"is_trafo":true}},{"type":"Feature","geometry":{"type":"LineString","coordinates":[[131.84944866842105,34.12279460526316],[131.8491005,34.1199287],[131.8488389,34.1176926],[131.8485493,34.1138636],[131.8484532,34.1125348],[131.8482757,34.1103828],[131.8479707,34.1070209],[131.8472161,34.1044273],[131.8461241,34.1007446],[131.8450121,34.0968685],[131.8441026,34.0938167],[131.842771,34.088776],[131.8422137,34.086785],[131.8412071,34.0829891],[131.8406589,34.0806622],[131.8397019,34.0769213],[131.8390346,34.0741045],[131.838592,34.0715454],[131.8382781,34.069811],[131.8376984,34.0665099],[131.8374836,34.064201],[131.8366681,34.0634671],[131.8340475,34.0617389],[131.8307107,34.0602285],[131.8277884,34.0592688],[131.824636615,34.05900638]]},"properties":{"name":"trafo_220/110kV","loading_pct":30.4,"p_mw":-91.2,"is_trafo":true}},{"type":"Feature","geometry":{"type":"LineString","coordinates":[[131.2563912,34.0669181],[131.2043413625,34.01235545]]},"properties":{"name":"trafo_220/66kV","loading_pct":4.5,"p_mw":11.2,"is_trafo":true}},{"type":"Feature","geometry":{"type":"LineString","coordinates":[[131.61024177142858,34.13403066428571],[131.5775549,34.1397766],[131.5730327,34.1411174],[131.5699053,34.1414504],[131.5654367,34.1423162],[131.5612417,34.1417923],[131.5560061,34.1423872],[131.5521222,34.1430976],[131.5490913,34.1439944],[131.5454543,34.1437858],[131.52142218333336,34.14263199444444]]},"properties":{"name":"trafo_220/110kV","loading_pct":38.1,"p_mw":114.3,"is_trafo":true}},{"type":"Feature","geometry":{"type":"LineString","coordinates":[[131.61024177142858,34.13403066428571],[131.824636615,34.05900638]]},"properties":{"name":"trafo_220/110kV","loading_pct":33.3,"p_mw":-99.9,"is_trafo":true}},{"type":"Feature","geometry":{"type":"LineString","coordinates":[[131.4978373,34.1310127],[131.4898207,34.1152336],[131.4886656,34.1170253],[131.4882255,34.1196336],[131.4894849,34.1219239],[131.4908283,34.1244698],[131.4921193,34.1281546],[131.4925614,34.1297322],[131.4925991,34.1318813],[131.52142218333336,34.14263199444444]]},"properties":{"name":"trafo_220/110kV","loading_pct":3.1,"p_mw":-9.2,"is_trafo":true}},{"type":"Feature","geometry":{"type":"LineString","coordinates":[[131.52142218333336,34.14263199444444],[131.5268259,34.146821],[131.5257604,34.1504902],[131.5255565,34.152272],[131.5252519,34.1555843],[131.5271922,34.1588908],[131.5273977,34.161521],[131.5294483,34.1637321],[131.5302504,34.1663746],[131.5302454,34.1685234],[131.5308721,34.1710952],[131.5312531,34.1727358],[131.5320403,34.1748699],[131.5329136,34.1768025],[131.5317805,34.1783183],[131.5293361,34.1788347],[131.5275224,34.178451],[131.5226017,34.1778845],[131.5199355,34.1781798],[131.5161039,34.1782612],[131.5099346,34.1789675],[131.509740875,34.180676291666664]]},"properties":{"name":"trafo_110/66kV","loading_pct":10.8,"p_mw":16.2,"is_trafo":true}},{"type":"Feature","geometry":{"type":"LineString","coordinates":[[131.824636615,34.05900638],[131.8385868,34.0506025]]},"properties":{"name":"trafo_110/66kV","loading_pct":7.4,"p_mw":11.2,"is_trafo":true}},{"type":"Feature","geometry":{"type":"LineString","coordinates":[[131.8597303,34.0836519],[131.824636615,34.05900638]]},"properties":{"name":"trafo_220/110kV","loading_pct":27.0,"p_mw":-80.9,"is_trafo":true}},{"type":"Feature","geometry":{"type":"LineString","coordinates":[[131.49574501818182,34.1083787],[131.492571,34.1338204]]},"properties":{"name":"trafo_220/110kV","loading_pct":1.6,"p_mw":4.7,"is_trafo":true}},{"type":"Feature","geometry":{"type":"LineString","coordinates":[[130.28405586666665,33.28444715],[130.2857387,33.2729059],[130.2861088,33.2713765],[130.286302,33.2699816],[130.2865756,33.2683221],[130.2875787,33.2684387],[130.2877343,33.2672232],[130.2886087,33.2656713],[130.2896923,33.2642898],[130.2909261,33.2631908],[130.29226306666666,33.26214183333334]]},"properties":{"name":"trafo_110/66kV","loading_pct":19.3,"p_mw":29.0,"is_trafo":true}},{"type":"Feature","geometry":{"type":"LineString","coordinates":[[130.4869541,33.09697844],[130.4635354,33.1241259]]},"properties":{"name":"trafo_220/110kV","loading_pct":8.5,"p_mw":25.6,"is_trafo":true}},{"type":"Feature","geometry":{"type":"LineString","coordinates":[[130.4585373,33.1245463],[130.4635354,33.1241259]]},"properties":{"name":"trafo_220/110kV","loading_pct":3.2,"p_mw":9.5,"is_trafo":true}},{"type":"Feature","geometry":{"type":"LineString","coordinates":[[130.4585373,33.1245463],[130.43135828333334,33.1279231]]},"properties":{"name":"trafo_220/66kV","loading_pct":8.3,"p_mw":20.6,"is_trafo":true}},{"type":"Feature","geometry":{"type":"LineString","coordinates":[[130.779711,32.9014225],[130.82661066,32.920404559999994]]},"properties":{"name":"trafo_220/66kV","loading_pct":24.1,"p_mw":60.3,"is_trafo":true}},{"type":"Feature","geometry":{"type":"LineString","coordinates":[[130.1982565,33.2569498],[130.1968746,33.2575462],[130.1949479,33.2582921],[130.192525,33.2592499],[130.1902082,33.2601533],[130.187763,33.2610736],[130.1855636,33.2619259],[130.1840669,33.2625225],[130.18242,33.263146],[130.1808429,33.2638188],[130.1797485,33.2642584],[130.1777315,33.264994],[130.1755214,33.2657924],[130.1733327,33.2665728],[130.1714444,33.2672277],[130.1689553,33.2681248],[130.1659512,33.2691564],[130.1638698,33.2699458],[130.1608229,33.2708069],[130.1581085,33.2714348],[130.1546538,33.2734082],[130.1529372,33.2743501],[130.1503622,33.2755789],[130.1480445,33.2765952],[130.1455397,33.2776935],[130.1417335,33.2797386],[130.1398211,33.2812297],[130.1379168,33.2829966],[130.136522,33.2841177],[130.13674354615384,33.28499227692308]]},"properties":{"name":"trafo_110/66kV","loading_pct":2.2,"p_mw":3.4,"is_trafo":true}},{"type":"Feature","geometry":{"type":"LineString","coordinates":[[130.46554266666666,32.95710663333333],[130.4656735,32.955416],[130.4677409,32.9551518],[130.47005884545453,32.95445568181818]]},"properties":{"name":"trafo_110/66kV","loading_pct":31.4,"p_mw":47.0,"is_trafo":true}},{"type":"Feature","geometry":{"type":"LineString","coordinates":[[130.11126732857142,33.21609535714286],[130.1192866,33.2189738],[130.1227368,33.2173621],[130.1267236,33.2151548],[130.1269333,33.2138416],[130.1264939,33.2115913],[130.1260345,33.2093467],[130.1254017,33.2063021],[130.1248109,33.2033437],[130.1248212,33.2014747],[130.1247989,33.1994934],[130.1263821,33.197152],[130.1266658,33.1955659],[130.1277293,33.1946328],[130.1279483,33.1924788],[130.1283954,33.1903164],[130.1290249,33.1880456],[130.1285478,33.1861887],[130.1297605,33.183815],[130.13048684,33.1811317]]},"properties":{"name":"trafo_110/66kV","loading_pct":10.8,"p_mw":16.2,"is_trafo":true}},{"type":"Feature","geometry":{"type":"LineString","coordinates":[[130.09545788333332,33.21388448333334],[130.06054532000002,33.23732264]]},"properties":{"name":"trafo_110/66kV","loading_pct":23.9,"p_mw":35.8,"is_trafo":true}},{"type":"Feature","geometry":{"type":"LineString","coordinates":[[130.22649482857145,33.554722842857146],[130.21251191666667,33.56026105]]},"properties":{"name":"trafo_220/66kV","loading_pct":7.0,"p_mw":17.4,"is_trafo":true}},{"type":"Feature","geometry":{"type":"LineString","coordinates":[[130.8599007153846,33.88651631538461],[130.8618575,33.8881037],[130.8634781,33.8890843],[130.8659718,33.8885462],[130.8683708,33.887405799999996]]},"properties":{"name":"trafo_220/66kV","loading_pct":13.0,"p_mw":32.5,"is_trafo":true}},{"type":"Feature","geometry":{"type":"LineString","coordinates":[[130.80486515454547,33.860234954545454],[130.8049792,33.8584232],[130.8058716,33.8569856],[130.8083943,33.8554551],[130.8101092,33.854431],[130.8103825,33.8495066],[130.8104196,33.8479332],[130.8104154,33.845129],[130.8117789,33.8442194],[130.8128226,33.8440882],[130.8169073,33.8435749],[130.8196288,33.843802],[130.8237291,33.8441655],[130.8292381,33.8432924],[130.8304628,33.8420147]]},"properties":{"name":"trafo_220/66kV","loading_pct":24.5,"p_mw":61.1,"is_trafo":true}},{"type":"Feature","geometry":{"type":"LineString","coordinates":[[130.80486515454547,33.860234954545454],[130.8103166,33.8450811],[130.8099794,33.8466981],[130.8100359,33.8480864],[130.8100583,33.8495363],[130.8101982,33.8520709],[130.8104405,33.8532669],[130.8108264,33.8548361],[130.8112468,33.8564862],[130.8116211,33.8579773],[130.8115524,33.8586494],[130.81009031333332,33.86113592666667]]},"properties":{"name":"trafo_220/66kV","loading_pct":6.5,"p_mw":16.2,"is_trafo":true}},{"type":"Feature","geometry":{"type":"LineString","coordinates":[[130.84711174,33.870329500000004],[130.8449851,33.8776014],[130.8438509,33.8804154],[130.843204,33.8819946],[130.8435191,33.8842752],[130.8436394727273,33.88584267272727]]},"properties":{"name":"trafo_220/66kV","loading_pct":22.1,"p_mw":55.2,"is_trafo":true}},{"type":"Feature","geometry":{"type":"LineString","coordinates":[[130.8599007153846,33.88651631538461],[130.8436394727273,33.88584267272727]]},"properties":{"name":"trafo_220/66kV","loading_pct":15.6,"p_mw":-39.0,"is_trafo":true}},{"type":"Feature","geometry":{"type":"LineString","coordinates":[[131.17282222857145,33.96687167142857],[131.1872039,33.9642094],[131.1899905,33.9615624],[131.1950906,33.9601472],[131.1968294,33.958885],[131.1993673,33.9593253],[131.2025736,33.9595259],[131.2060742,33.9587983],[131.2094121,33.9578312],[131.21007773333335,33.955215788888886]]},"properties":{"name":"trafo_220/110kV","loading_pct":8.8,"p_mw":-26.3,"is_trafo":true}},{"type":"Feature","geometry":{"type":"LineString","coordinates":[[131.17282222857145,33.96687167142857],[131.20572926,33.999826999999996]]},"properties":{"name":"trafo_220/66kV","loading_pct":16.0,"p_mw":39.9,"is_trafo":true}},{"type":"Feature","geometry":{"type":"LineString","coordinates":[[131.21007773333335,33.955215788888886],[131.2369013,33.971923585714286]]},"properties":{"name":"trafo_110/66kV","loading_pct":34.2,"p_mw":51.3,"is_trafo":true}},{"type":"Feature","geometry":{"type":"LineString","coordinates":[[131.25076625600002,33.973441292],[131.2536018,33.9722646],[131.2557066,33.9719494],[131.256906,33.9717796],[131.2581995,33.9716485],[131.2603471,33.9714906],[131.2628863,33.971262],[131.2656866,33.9710609],[131.267678,33.9706625],[131.2692639,33.9703086],[131.2704081,33.9694522],[131.2712103,33.9675786],[131.2718888,33.9658793],[131.2724418,33.9645345],[131.2721294,33.9625401],[131.2718385,33.9615813],[131.2711613,33.9606547],[131.270205,33.9594295],[131.2693449,33.9582707],[131.268992,33.9568735],[131.2686568,33.9554737],[131.268189,33.9536725],[131.2679529,33.9521919],[131.2673532,33.9499593],[131.2669978,33.9462292],[131.2670687,33.9445936],[131.2664943,33.9425074],[131.265574675,33.941365375]]},"properties":{"name":"trafo_110/66kV","loading_pct":10.8,"p_mw":16.2,"is_trafo":true}},{"type":"Feature","geometry":{"type":"LineString","coordinates":[[131.25013903571428,33.97377406785714],[131.2440957,33.9751997],[131.2369013,33.971923585714286]]},"properties":{"name":"trafo_110/66kV","loading_pct":32.7,"p_mw":-49.0,"is_trafo":true}},{"type":"Feature","geometry":{"type":"LineString","coordinates":[[131.25013903571428,33.97377406785714],[131.2043413625,34.01235545]]},"properties":{"name":"trafo_110/66kV","loading_pct":7.4,"p_mw":-11.1,"is_trafo":true}},{"type":"Feature","geometry":{"type":"LineString","coordinates":[[131.31573063333335,34.042866016666665],[131.3155548,34.0450889],[131.3179791,34.0454473],[131.3188961,34.0474958],[131.3210767,34.048837],[131.3238475,34.048177],[131.3284501,34.0457254],[131.3297242,34.044031],[131.3303837,34.0425811],[131.3320175,34.0405783],[131.3325499,34.0383918],[131.3332352,34.0368287],[131.3317043,34.0341348],[131.3334659,34.0325477],[131.3353575,34.0309445],[131.3379827,34.028748],[131.34302751666667,34.029937716666666]]},"properties":{"name":"trafo_110/66kV","loading_pct":18.3,"p_mw":27.4,"is_trafo":true}},{"type":"Feature","geometry":{"type":"LineString","coordinates":[[131.38695874,34.092959155],[131.3904523,34.0912309],[131.3931067,34.0898439],[131.3950424,34.0886497],[131.3980437,34.0876008],[131.4009273,34.0864343],[131.4034076,34.0859893],[131.4057138,34.0854142],[131.4085536,34.0848169],[131.4117403,34.0840095],[131.4145082,34.0836876],[131.4174027,34.0827944],[131.420387,34.0817552],[131.4231068,34.0810976],[131.4258077,34.0804371],[131.4284576,34.0799145],[131.4303524,34.0793084],[131.43708566666666,34.070822855555555]]},"properties":{"name":"trafo_110/66kV","loading_pct":14.9,"p_mw":22.4,"is_trafo":true}},{"type":"Feature","geometry":{"type":"LineString","coordinates":[[131.19625855714284,34.003663728571425],[131.2023257,34.0092322],[131.2043413625,34.01235545]]},"properties":{"name":"trafo_220/66kV","loading_pct":18.9,"p_mw":47.3,"is_trafo":true}},{"type":"Feature","geometry":{"type":"LineString","coordinates":[[131.1848955,34.0548746],[131.1653464,34.0447603],[131.1677351,34.0443027],[131.1700637,34.043856],[131.1715326,34.0431286],[131.1732713,34.0430905],[131.1752673,34.041441],[131.1770472,34.0389439],[131.1792187,34.0364498],[131.1810212,34.0341334],[131.1825198,34.0320978],[131.1839195,34.0302771],[131.1858318,34.0277711],[131.1871598,34.0255065],[131.1889007,34.0231487],[131.1909655,34.0214698],[131.1934308,34.0209542],[131.1948475,34.0189945],[131.1968276,34.0166919],[131.2007291,34.0148347],[131.2043413625,34.01235545]]},"properties":{"name":"trafo_110/66kV","loading_pct":12.0,"p_mw":-18.0,"is_trafo":true}},{"type":"Feature","geometry":{"type":"LineString","coordinates":[[131.1622794352941,34.04551779411764],[131.1653464,34.0447603],[131.1677351,34.0443027],[131.1700637,34.043856],[131.1715326,34.0431286],[131.1732713,34.0430905],[131.1752673,34.041441],[131.1770472,34.0389439],[131.1792187,34.0364498],[131.1810212,34.0341334],[131.1825198,34.0320978],[131.1839195,34.0302771],[131.1858318,34.0277711],[131.1871598,34.0255065],[131.1889007,34.0231487],[131.1909655,34.0214698],[131.1934308,34.0209542],[131.1948475,34.0189945],[131.1968276,34.0166919],[131.2007291,34.0148347],[131.2043413625,34.01235545]]},"properties":{"name":"trafo_110/66kV","loading_pct":12.2,"p_mw":-18.3,"is_trafo":true}},{"type":"Feature","geometry":{"type":"LineString","coordinates":[[131.19625855714284,34.003663728571425],[131.20572926,33.999826999999996]]},"properties":{"name":"trafo_220/66kV","loading_pct":3.9,"p_mw":-9.7,"is_trafo":true}},{"type":"Feature","geometry":{"type":"LineString","coordinates":[[131.19625855714284,34.003663728571425],[131.2007217,34.0055496],[131.1988443,34.0069144],[131.1967584,34.0075372],[131.1947105,34.0081487],[131.1923312,34.0082653],[131.1899519,34.0083818],[131.1881764,34.0084525],[131.18805873333335,34.00818806666667]]},"properties":{"name":"trafo_220/66kV","loading_pct":6.5,"p_mw":16.2,"is_trafo":true}},{"type":"Feature","geometry":{"type":"LineString","coordinates":[[131.1622794352941,34.04551779411764],[131.13328175,34.0493168375]]},"properties":{"name":"trafo_110/66kV","loading_pct":6.9,"p_mw":10.3,"is_trafo":true}},{"type":"Feature","geometry":{"type":"LineString","coordinates":[[131.85113309,34.0130932],[131.8494258,34.0149584],[131.8474254,34.0167199],[131.8454665,34.0184267],[131.8434049,34.020249],[131.8431035,34.0226198],[131.8453083,34.0259752],[131.8463669,34.0273946],[131.8478047,34.0293226],[131.84786753636365,34.030668872727276]]},"properties":{"name":"trafo_220/110kV","loading_pct":48.1,"p_mw":144.4,"is_trafo":true}},{"type":"Feature","geometry":{"type":"LineString","coordinates":[[131.84786753636365,34.030668872727276],[131.8553375,34.0384979],[131.8554125,34.0406943],[131.8544097,34.0428855],[131.8537045,34.0444073],[131.8521325,34.0462391],[131.8494715,34.0494092],[131.8451698,34.0511131],[131.8411245,34.052697],[131.8366827,34.0544447],[131.8341581,34.055516],[131.8321133,34.0563233],[131.8296305,34.0574292],[131.8270279,34.0590807],[131.8385868,34.0506025]]},"properties":{"name":"trafo_110/66kV","loading_pct":2.1,"p_mw":3.1,"is_trafo":true}},{"type":"Feature","geometry":{"type":"LineString","coordinates":[[131.84786753636365,34.030668872727276],[131.81131222,34.01387096]]},"properties":{"name":"trafo_110/66kV","loading_pct":10.8,"p_mw":16.2,"is_trafo":true}},{"type":"Feature","geometry":{"type":"LineString","coordinates":[[131.8597303,34.0836519],[131.84786753636365,34.030668872727276]]},"properties":{"name":"trafo_220/110kV","loading_pct":22.7,"p_mw":-68.0,"is_trafo":true}},{"type":"Feature","geometry":{"type":"LineString","coordinates":[[131.861709,34.0400144],[131.8553375,34.0384979],[131.8554125,34.0406943],[131.8544097,34.0428855],[131.8537045,34.0444073],[131.8521325,34.0462391],[131.8494715,34.0494092],[131.8451698,34.0511131],[131.8411245,34.052697],[131.8366827,34.0544447],[131.8341581,34.055516],[131.8321133,34.0563233],[131.8296305,34.0574292],[131.8270279,34.0590807],[131.8385868,34.0506025]]},"properties":{"name":"trafo_110/66kV","loading_pct":1.3,"p_mw":2.0,"is_trafo":true}},{"type":"Feature","geometry":{"type":"LineString","coordinates":[[131.72110972580646,34.085640322580645],[131.75518111851852,34.07802242962963]]},"properties":{"name":"trafo_220/110kV","loading_pct":39.8,"p_mw":-119.3,"is_trafo":true}},{"type":"Feature","geometry":{"type":"LineString","coordinates":[[131.49574501818182,34.1083787],[131.495477,34.1075881],[131.4941464,34.1060215],[131.4977269,34.1030913],[131.5009061,34.1006574],[131.5019617,34.099549],[131.5031007,34.0982867],[131.505512,34.0957124],[131.5066161,34.0925869],[131.5077152,34.0895715],[131.5077989,34.0873315],[131.5078547,34.0849595],[131.5079304,34.0824027],[131.5079861,34.0807959],[131.5080897,34.0774405],[131.507532,34.0753058],[131.5064724,34.0712144],[131.5060104,34.0694029],[131.5054567,34.0671723],[131.5046291,34.0641642],[131.5042019,34.0604108],[131.5035247,34.0576123],[131.5039549,34.0551734],[131.502262,34.0531438],[131.5012843,34.0518868],[131.5002219,34.0484994],[131.5005333,34.0464155],[131.5009686625,34.0461212]]},"properties":{"name":"trafo_220/110kV","loading_pct":18.3,"p_mw":-55.0,"is_trafo":true}},{"type":"Feature","geometry":{"type":"LineString","coordinates":[[131.4366451,34.1354804],[131.44776998,34.14908062]]},"properties":{"name":"trafo_110/66kV","loading_pct":10.8,"p_mw":16.2,"is_trafo":true}},{"type":"Feature","geometry":{"type":"LineString","coordinates":[[130.910157225,33.9361696375],[130.9083023,33.9392689],[130.9064654,33.9405306],[130.90557871176472,33.94031955882353]]},"properties":{"name":"trafo_110/66kV","loading_pct":15.9,"p_mw":-23.9,"is_trafo":true}},{"type":"Feature","geometry":{"type":"LineString","coordinates":[[130.9452027,33.9929259],[130.9376053,34.0241529],[130.9395218,34.0240062],[130.9402339,34.0214796],[130.9408348,34.0193154],[130.9415415,34.016791],[130.9421691,34.0145256],[130.9428745,34.0121222],[130.9435558,34.0095653],[130.9442559,34.0069505],[130.9441191,34.0029637],[130.9440601,34.0011938],[130.9424615,33.9995661],[130.9435558,33.9964529],[130.9456801,33.9962661],[130.9452027,33.9929259],[130.941292,33.9923255],[130.938819,33.9918096],[130.9367645,33.9915383],[130.9349567,33.9914804],[130.9324475,33.9911335],[130.9303647,33.9907955],[130.9281653,33.9905331],[130.925467,33.9897725],[130.9234285,33.9876375],[130.9215832,33.9853245],[130.9200221,33.9833051],[130.9183538,33.9820685],[130.9177905,33.9806005],[130.9166908,33.9770641],[130.9155106,33.9736164],[130.9156608,33.9703243],[130.9149742,33.9684202],[130.9141266,33.9683312],[130.9135902,33.9666584],[130.9147489,33.9638465],[130.9144485,33.9620579],[130.9151888,33.9611058],[130.9140944,33.9598866],[130.9121954,33.9579111],[130.9119272,33.9567809],[130.91241,33.9560423],[130.9119058,33.9529987],[130.9113264,33.9515837],[130.911423,33.9507738],[130.9095776,33.9482551],[130.9084833,33.9473117],[130.9058976,33.9451934],[130.9061748,33.9433377],[130.90557871176472,33.94031955882353]]},"properties":{"name":"trafo_110/66kV","loading_pct":26.7,"p_mw":40.1,"is_trafo":true}},{"type":"Feature","geometry":{"type":"LineString","coordinates":[[131.485362,32.1435778],[131.4859655,32.147761]]},"properties":{"name":"trafo_110/66kV","loading_pct":4.8,"p_mw":7.1,"is_trafo":true}},{"type":"Feature","geometry":{"type":"LineString","coordinates":[[131.5885172857143,32.42973762857143],[131.5850405,32.4258408],[131.5886644,32.426651],[131.5902471,32.4289664],[131.5900004,32.4303247],[131.5889382,32.4305511],[131.5889704,32.4320634],[131.5883052,32.4343373],[131.5902257,32.4361926],[131.5928221,32.4388547],[131.5952039,32.4413357],[131.5971994,32.4432371],[131.5977573,32.4448035],[131.5992808,32.4464785],[131.6034329,32.4476102],[131.6077888,32.4492852],[131.6106963,32.4487148],[131.6127884,32.4483345],[131.6158569,32.4489683],[131.62278445714284,32.44186082857143]]},"properties":{"name":"trafo_220/110kV","loading_pct":35.2,"p_mw":105.7,"is_trafo":true}},{"type":"Feature","geometry":{"type":"LineString","coordinates":[[131.5885172857143,32.42973762857143],[131.623131,32.5566162]]},"properties":{"name":"trafo_220/66kV","loading_pct":29.5,"p_mw":73.7,"is_trafo":true}},{"type":"Feature","geometry":{"type":"LineString","coordinates":[[131.5885172857143,32.42973762857143],[131.5657639,32.4290932]]},"properties":{"name":"trafo_220/66kV","loading_pct":13.0,"p_mw":32.5,"is_trafo":true}},{"type":"Feature","geometry":{"type":"LineString","coordinates":[[131.5885172857143,32.42973762857143],[131.4272225,32.4458628]]},"properties":{"name":"trafo_220/110kV","loading_pct":10.3,"p_mw":-31.0,"is_trafo":true}},{"type":"Feature","geometry":{"type":"LineString","coordinates":[[131.62278445714284,32.44186082857143],[131.6236728,32.4380692],[131.6242938,32.4353595],[131.6244963,32.4336198],[131.6247162,32.431871],[131.6245379,32.4307028],[131.6251065,32.4293433],[131.6246505,32.4286709],[131.62400824000002,32.427855799999996]]},"properties":{"name":"trafo_110/66kV","loading_pct":37.3,"p_mw":56.0,"is_trafo":true}},{"type":"Feature","geometry":{"type":"LineString","coordinates":[[131.62278445714284,32.44186082857143],[131.6195851,32.4517161],[131.6203684,32.4546448],[131.6212374,32.457999],[131.6218758,32.4601671],[131.623249,32.4638424],[131.6242039,32.4664222],[131.6247028,32.4689115],[131.6253197,32.4720705],[131.6257542,32.4742428],[131.6278195,32.4776505],[131.6295361,32.4805648],[131.6306949,32.4824428],[131.6325831,32.485728],[131.634466,32.4890629],[131.6355657,32.4921986],[131.6366279,32.4949858],[131.6380441,32.4987139],[131.6392618,32.5017588],[131.6408121,32.5058259],[131.6424,32.5097708],[131.6437411,32.5130098],[131.645211,32.5160768],[131.6470134,32.5195507],[131.6473889,32.5205459],[131.6489553,32.5245263],[131.64976,32.5270682],[131.6504681,32.5295739],[131.6513801,32.5326403],[131.6520774,32.5349197],[131.6528284,32.5373799],[131.6532361,32.5393155],[131.6540515,32.5429785],[131.6552049,32.546266],[131.6558379,32.5487486],[131.6570663,32.5515385],[131.6730311875,32.55034375]]},"properties":{"name":"trafo_110/66kV","loading_pct":5.0,"p_mw":7.5,"is_trafo":true}},{"type":"Feature","geometry":{"type":"LineString","coordinates":[[130.88767002,31.39533708],[130.85256465,31.3773395125]]},"properties":{"name":"trafo_110/66kV","loading_pct":16.5,"p_mw":24.7,"is_trafo":true}},{"type":"Feature","geometry":{"type":"LineString","coordinates":[[130.88767002,31.39533708],[130.8902276,31.4007395],[130.8902602,31.4033316],[130.890309,31.4053164],[130.8903374,31.4077591],[130.8903781,31.4102886],[130.8889755,31.4115307],[130.8863091,31.4127519],[130.8845962,31.4129029],[130.8819099,31.4132986],[130.8804341,31.4146457],[130.8778151,31.4144615],[130.8746475,31.4145038],[130.8709349,31.4147243],[130.868914,31.4140839],[130.8662242,31.4143648],[130.8636371,31.4143407],[130.8606606,31.414534],[130.8578682,31.4143286],[130.8554049,31.4151622],[130.8534159,31.4159022],[130.8507898,31.4160774],[130.847647,31.4154431],[130.8450244,31.4151199],[130.8423134,31.4141836],[130.8395918,31.4133258],[130.8358044,31.4129387],[130.8328712,31.4132674],[130.8308285,31.4134357],[130.8287796,31.4136381],[130.825147,31.4117291],[130.8224881,31.4114583],[130.819595,31.4105353],[130.8163814,31.4102592],[130.8142524,31.4101015],[130.8107151,31.4108396],[130.8084709,31.4114119],[130.8056454,31.4101142],[130.8029204,31.4097998],[130.799921,31.409479],[130.798199,31.4092429],[130.7947352,31.4088786],[130.792548,31.409805],[130.7900111,31.4099646],[130.787641,31.4097183],[130.785344,31.4098779],[130.7829657,31.4100583],[130.7806321,31.4110923],[130.7774457,31.4123712],[130.7759359,31.4144468],[130.7746236,31.4163644],[130.7729763,31.4185585],[130.7712828,31.4211886],[130.769834,31.4240681],[130.7683141,31.426018],[130.76681,31.4281063],[130.7655692,31.4292271],[130.7635206,31.4304701],[130.7603327,31.4318749],[130.7577147,31.4352554],[130.7549547,31.4379327],[130.753019,31.4401203],[130.7503681,31.441628],[130.7488531,31.4430884],[130.7476554,31.4445413],[130.746371,31.4462566],[130.7455909,31.4479297],[130.742906,31.4514754],[130.7408077,31.4539073],[130.7409361,31.4571184],[130.7404522,31.4587186],[130.7399704,31.460844],[130.739696,31.4631801],[130.7395076,31.4653799],[130.7401067,31.4684689],[130.739914,31.4715213],[130.7408919,31.4738293],[130.7406574,31.4754367],[130.7428504,31.4763285],[130.7447875,31.4771668],[130.7466051,31.4780035],[130.7488079,31.4790865],[130.7509367,31.4798515],[130.75162037142857,31.47977917142857]]},"properties":{"name":"trafo_110/66kV","loading_pct":5.9,"p_mw":-8.9,"is_trafo":true}},{"type":"Feature","geometry":{"type":"LineString","coordinates":[[131.49924670000001,32.13373678461539],[131.4768337,32.0726141]]},"properties":{"name":"trafo_110/66kV","loading_pct":55.5,"p_mw":-83.3,"is_trafo":true}},{"type":"Feature","geometry":{"type":"LineString","coordinates":[[131.49924670000001,32.13373678461539],[131.4868748,32.1479336],[131.4891225,32.1471615],[131.4915848,32.1466664],[131.4945245,32.1459988],[131.4982098,32.1457171],[131.5024638,32.143353],[131.5045828,32.1414929],[131.5061304,32.1403665],[131.5081662,32.1389356],[131.5099794,32.1376161],[131.5115672,32.1368279],[131.5138954,32.1360648],[131.5158212,32.135397],[131.5176398,32.1340206],[131.5194261,32.1326397],[131.5236238,32.1292144],[131.5256998,32.128483],[131.5275183,32.1278129],[131.52813098000001,32.1276406]]},"properties":{"name":"trafo_110/66kV","loading_pct":10.8,"p_mw":16.2,"is_trafo":true}},{"type":"Feature","geometry":{"type":"LineString","coordinates":[[131.49924670000001,32.13373678461539],[131.4859655,32.147761]]},"properties":{"name":"trafo_110/66kV","loading_pct":5.3,"p_mw":8.0,"is_trafo":true}},{"type":"Feature","geometry":{"type":"LineString","coordinates":[[131.4020513,31.9764171],[131.4067775,31.9936192]]},"properties":{"name":"trafo_220/66kV","loading_pct":43.6,"p_mw":109.1,"is_trafo":true}},{"type":"Feature","geometry":{"type":"LineString","coordinates":[[131.363524,31.9061359],[131.3925567,31.9006766],[131.3915959,31.8999965],[131.3905502,31.8992253],[131.3882107,31.8984503],[131.3854281,31.8994088],[131.3828916,31.89912],[131.3801594,31.8985922],[131.3759124,31.8980528],[131.3726774,31.8988946],[131.3698354,31.8988851],[131.3686228,31.8988175],[131.3658021,31.8977745],[131.3635486,31.8983434],[131.362223,31.9003505],[131.3624859,31.9030436],[131.3641384,31.9050389],[131.363524,31.9061359],[131.3644053,31.9076971],[131.364245,31.9100771],[131.3638217,31.911604],[131.3642813,31.9133378],[131.3630336,31.9156387],[131.3607655,31.9188522],[131.3599174,31.9214348],[131.3575768,31.9239807],[131.3567331,31.9259081],[131.3589517,31.9280854],[131.3598268,31.9307829],[131.361081,31.9326343],[131.3639326,31.9350061],[131.3662402,31.9369257],[131.3672272,31.9391508],[131.368296,31.9414841],[131.3691433,31.9425254],[131.3704163,31.94418],[131.3715359,31.9456499],[131.3754618,31.9463546],[131.3771328,31.9474777],[131.379158,31.9499288],[131.381727,31.9517284]]},"properties":{"name":"trafo_220/66kV","loading_pct":32.7,"p_mw":81.6,"is_trafo":true}},{"type":"Feature","geometry":{"type":"LineString","coordinates":[[131.39225529,31.90178111],[131.3931005,31.9013717],[131.3935359,31.9023447],[131.3908802,31.9030532],[131.3872871,31.9035221],[131.3849428,31.9038666],[131.3847171,31.906738],[131.3849676,31.9091652],[131.3849776,31.9114206],[131.3846939,31.9139419],[131.385728,31.9161563],[131.3863336,31.9184904],[131.3869633,31.9195874],[131.3880609,31.9213894],[131.3886039,31.923429],[131.38861604,31.923331280000003]]},"properties":{"name":"trafo_220/66kV","loading_pct":25.0,"p_mw":62.4,"is_trafo":true}},{"type":"Feature","geometry":{"type":"LineString","coordinates":[[131.39225529,31.90178111],[131.3933822,31.9005334],[131.3948621,31.8991965],[131.3960276,31.8990525],[131.3983844,31.8987983],[131.3986198,31.8964937],[131.3992102,31.8949594],[131.4004797,31.8952017],[131.4047512,31.8951904],[131.4065602,31.8946393],[131.4084575,31.8934237],[131.41073236,31.89204122]]},"properties":{"name":"trafo_220/66kV","loading_pct":6.5,"p_mw":16.2,"is_trafo":true}},{"type":"Feature","geometry":{"type":"LineString","coordinates":[[131.39225529,31.90178111],[131.3886523,31.85810976666667]]},"properties":{"name":"trafo_220/66kV","loading_pct":32.5,"p_mw":81.2,"is_trafo":true}},{"type":"Feature","geometry":{"type":"LineString","coordinates":[[131.39972514,31.95818995],[131.381727,31.9517284]]},"properties":{"name":"trafo_220/66kV","loading_pct":38.1,"p_mw":-95.3,"is_trafo":true}},{"type":"Feature","geometry":{"type":"LineString","coordinates":[[131.7327475,33.1633133],[131.77822473333333,33.13447576666667]]},"properties":{"name":"trafo_220/66kV","loading_pct":14.1,"p_mw":35.4,"is_trafo":true}},{"type":"Feature","geometry":{"type":"LineString","coordinates":[[130.53327176153846,31.63101123846154],[130.5409096,31.6262045],[130.5448557,31.6254217],[130.5482519,31.624724],[130.550646,31.6241733],[130.554492,31.6234527],[130.5558749,31.6232153],[130.5592381,31.6225906],[130.5613732,31.6220325],[130.5632409,31.6209213],[130.5653042,31.6188913],[130.5679621,31.6179276],[130.56813062857142,31.617810314285716]]},"properties":{"name":"trafo_220/66kV","loading_pct":21.9,"p_mw":54.9,"is_trafo":true}},{"type":"Feature","geometry":{"type":"LineString","coordinates":[[130.53327176153846,31.63101123846154],[130.5404627,31.6257629],[130.5418642,31.624895],[130.5439736,31.6228819],[130.5438391,31.6201816],[130.5421851,31.6175595],[130.5440084,31.6162663],[130.5458664,31.615175],[130.5461884,31.6134721],[130.5456151,31.6103375],[130.5451534,31.6080469],[130.5455642,31.6061416],[130.54592259999998,31.60437024]]},"properties":{"name":"trafo_220/66kV","loading_pct":13.0,"p_mw":32.5,"is_trafo":true}},{"type":"Feature","geometry":{"type":"LineString","coordinates":[[130.53327176153846,31.63101123846154],[130.5143242,31.6306635]]},"properties":{"name":"trafo_220/66kV","loading_pct":4.0,"p_mw":10.1,"is_trafo":true}},{"type":"Feature","geometry":{"type":"LineString","coordinates":[[130.53327176153846,31.63101123846154],[130.53235561666668,31.597563433333335]]},"properties":{"name":"trafo_220/66kV","loading_pct":32.3,"p_mw":80.8,"is_trafo":true}},{"type":"Feature","geometry":{"type":"LineString","coordinates":[[130.53327176153846,31.63101123846154],[130.5353141,31.6316092],[130.5369225,31.6327145],[130.5387721,31.6340346],[130.541318,31.6357618],[130.5440255,31.6389256],[130.5431542,31.6422855],[130.5430147,31.6453333],[130.543593,31.6464519],[130.545224,31.6471359],[130.5490412,31.6481072],[130.5518152,31.6481037],[130.5536441,31.6470119],[130.5568181,31.6483875],[130.5592744,31.6489581],[130.5611997,31.6496163],[130.56307936000002,31.648988959999997]]},"properties":{"name":"trafo_220/66kV","loading_pct":91.8,"p_mw":-229.5,"is_trafo":true}},{"type":"Feature","geometry":{"type":"LineString","coordinates":[[130.33483090588234,31.806879105882352],[130.3347102,31.8053317],[130.3337794,31.8043111],[130.3332234,31.8017997],[130.3313306,31.7996969],[130.3293349,31.7968846],[130.3284138,31.7944254],[130.3262339,31.7925439],[130.3241189,31.7913631],[130.31523946666667,31.800914849999998]]},"properties":{"name":"trafo_220/66kV","loading_pct":3.9,"p_mw":9.7,"is_trafo":true}},{"type":"Feature","geometry":{"type":"LineString","coordinates":[[130.33483090588234,31.806879105882352],[130.3320892,31.8084996],[130.3297836,31.8080125],[130.327552,31.8075964],[130.3251211,31.8081963],[130.3221868,31.8086769],[130.3198621,31.8091995],[130.320104925,31.8111352625]]},"properties":{"name":"trafo_220/66kV","loading_pct":4.0,"p_mw":9.9,"is_trafo":true}},{"type":"Feature","geometry":{"type":"LineString","coordinates":[[130.33483090588234,31.806879105882352],[130.3386495,31.8111552],[130.3411159,31.8115067],[130.3445921,31.8117588],[130.3485209,31.8131849],[130.3505824,31.8146756],[130.3527214,31.8162905],[130.3546418,31.8180501],[130.3557737,31.8193583],[130.3582789,31.820826],[130.3602637,31.82192],[130.3619267,31.8228042],[130.3645123,31.8233193],[130.3667815,31.8241078],[130.3708174,31.8250673],[130.3735049,31.8252131],[130.3764071,31.8256461],[130.3785797,31.8264347],[130.3814496,31.8265623],[130.3840782,31.8261019],[130.3871574,31.8259925],[130.3891047,31.8260108],[130.3914489,31.8260062],[130.3945496,31.8260472],[130.3968724,31.82607],[130.3992005,31.8257874],[130.4008903,31.8263982],[130.4028269,31.8271776],[130.4048171,31.8278567],[130.4065708,31.8289856],[130.4084889,31.8292],[130.4115814,31.8297575],[130.4132443,31.831473],[130.4155316,31.8327539],[130.4171892,31.8343855],[130.4187349,31.8353859],[130.4210409,31.8368784]]},"properties":{"name":"trafo_220/66kV","loading_pct":15.5,"p_mw":38.6,"is_trafo":true}},{"type":"Feature","geometry":{"type":"LineString","coordinates":[[130.29543096,31.846389520000002],[130.3094923,31.8499754],[130.310576,31.8478702],[130.312145,31.8448832],[130.3130248,31.8438852],[130.3121102,31.8419279],[130.3115764,31.8405813],[130.3111553,31.839385],[130.3102326,31.8371793],[130.3082156,31.8357939],[130.3077945,31.83331],[130.3079179,31.8318698],[130.305929,31.8302906],[130.3040019,31.8285769],[130.3032265,31.8289686],[130.30272025,31.82910228333333]]},"properties":{"name":"trafo_220/66kV","loading_pct":6.5,"p_mw":16.2,"is_trafo":true}},{"type":"Feature","geometry":{"type":"LineString","coordinates":[[131.02125666,31.72288586],[131.05090607777777,31.7277024]]},"properties":{"name":"trafo_110/66kV","loading_pct":104.3,"p_mw":310.7,"is_trafo":true}},{"type":"Feature","geometry":{"type":"LineString","coordinates":[[131.39972514,31.95818995],[131.2963736,31.9647422]]},"properties":{"name":"trafo_220/66kV","loading_pct":11.0,"p_mw":27.4,"is_trafo":true}},{"type":"Feature","geometry":{"type":"LineString","coordinates":[[131.39972514,31.95818995],[131.4001428,31.9590786],[131.3995821,31.9606894],[131.3997241,31.9626625],[131.4011965,31.9640586],[131.4032629,31.9639733],[131.4045718,31.9648944],[131.405919,31.9658754],[131.4084095,31.9670619],[131.4101069,31.9664091],[131.4129017,31.9669171],[131.4158255,31.9671178],[131.4163415,31.9649985],[131.4170084,31.9623876],[131.4176257,31.9600787],[131.4188313,31.9600509],[131.4218986,31.9599769],[131.4248668,31.9598969],[131.4278557,31.9598412],[131.4309076,31.9597831],[131.4338736,31.9596748],[131.4366575,31.9587821],[131.4374046,31.9587072],[131.4365686,31.9567737],[131.4363424,31.9556933],[131.4392984,31.9552767],[131.4420663,31.9537755],[131.4440203,31.951859],[131.4438396,31.9487164],[131.442743,31.9464654],[131.44349728,31.943833239999996]]},"properties":{"name":"trafo_220/66kV","loading_pct":21.7,"p_mw":-54.2,"is_trafo":true}},{"type":"Feature","geometry":{"type":"LineString","coordinates":[[131.72110972580646,34.085640322580645],[131.7018657,34.06930263333333]]},"properties":{"name":"trafo_220/66kV","loading_pct":6.5,"p_mw":16.2,"is_trafo":true}},{"type":"Feature","geometry":{"type":"LineString","coordinates":[[131.6290859,32.44386472],[131.6372891,32.441098],[131.638488,32.4376108],[131.6404018,32.4359396],[131.6427232,32.4348168],[131.6451211,32.4337182],[131.6473232,32.4325546],[131.649817,32.4310831],[131.64853956666664,32.445837266666665]]},"properties":{"name":"trafo_110/66kV","loading_pct":10.8,"p_mw":16.2,"is_trafo":true}},{"type":"Feature","geometry":{"type":"LineString","coordinates":[[131.0354376,31.9634679],[131.0270861875,31.940460275]]},"properties":{"name":"trafo_110/66kV","loading_pct":10.8,"p_mw":16.2,"is_trafo":true}},{"type":"Feature","geometry":{"type":"LineString","coordinates":[[131.8652272,33.0162837],[131.8634891,33.0307036]]},"properties":{"name":"trafo_220/66kV","loading_pct":44.5,"p_mw":111.3,"is_trafo":true}},{"type":"Feature","geometry":{"type":"LineString","coordinates":[[131.88094324285714,32.99615715714286],[131.8822941,32.9951736],[131.880206,32.993383],[131.8807156,32.9914527],[131.8816007,32.9882806],[131.8808283,32.9863772],[131.8814505,32.9842534],[131.8838109,32.981297],[131.8829526,32.9779849],[131.8797259,32.9761601],[131.8783928,32.9740674],[131.8772878,32.969792],[131.8754692,32.9661173],[131.8739833,32.9631805],[131.873015,32.9613126],[131.8712032,32.960534],[131.8713675,32.9600068],[131.87155495555555,32.95980725555555]]},"properties":{"name":"trafo_220/66kV","loading_pct":6.5,"p_mw":16.2,"is_trafo":true}},{"type":"Feature","geometry":{"type":"LineString","coordinates":[[131.88094324285714,32.99615715714286],[131.880206,32.993383],[131.8825543,32.9911782],[131.8844452,32.9894437],[131.8873849,32.9865122],[131.8888266,32.9850543],[131.8898606,32.9828269],[131.8904293,32.9816411],[131.8910918,32.9800774],[131.89206,32.9781851],[131.8937981,32.9775439],[131.8951312,32.9767001],[131.89863482,32.974715960000005]]},"properties":{"name":"trafo_220/66kV","loading_pct":6.5,"p_mw":16.2,"is_trafo":true}},{"type":"Feature","geometry":{"type":"LineString","coordinates":[[130.47450890000002,32.61437435833333],[130.4734021,32.6149218],[130.4713046,32.615159],[130.4693091,32.6139119],[130.4681611,32.6125382],[130.4666912,32.6109748],[130.4648888,32.6103783],[130.4633117,32.6105681],[130.4613268,32.6117249],[130.4566598,32.6137854],[130.4536557,32.6147885],[130.4501688,32.6154482],[130.4471969,32.6136588],[130.4461348,32.6130714],[130.4423797,32.6105319],[130.4408884,32.6089955],[130.4385602,32.6065102],[130.4365647,32.6053352],[130.4359102,32.6030395],[130.4345798,32.6014217],[130.4321229,32.597987],[130.4304063,32.5957996],[130.4273915,32.5930246],[130.4275846,32.5918224],[130.4277885,32.5905478],[130.42804998000003,32.587425159999995]]},"properties":{"name":"trafo_110/66kV","loading_pct":10.8,"p_mw":16.2,"is_trafo":true}},{"type":"Feature","geometry":{"type":"LineString","coordinates":[[130.62504697333333,32.50789927333334],[130.6254056,32.507897],[130.6254874,32.5082383],[130.6266442,32.509427],[130.6278976,32.5107867],[130.6290731,32.5120874],[130.630020325,32.513918437499996]]},"properties":{"name":"trafo_220/66kV","loading_pct":3.7,"p_mw":-9.2,"is_trafo":true}},{"type":"Feature","geometry":{"type":"LineString","coordinates":[[130.6492493,32.5255834],[130.630020325,32.513918437499996]]},"properties":{"name":"trafo_220/66kV","loading_pct":7.0,"p_mw":17.6,"is_trafo":true}},{"type":"Feature","geometry":{"type":"LineString","coordinates":[[130.62504697333333,32.50789927333334],[130.6394628,32.4927354]]},"properties":{"name":"trafo_220/66kV","loading_pct":1.1,"p_mw":2.7,"is_trafo":true}},{"type":"Feature","geometry":{"type":"LineString","coordinates":[[130.6492493,32.5255834],[130.6506843,32.5272236]]},"properties":{"name":"trafo_220/66kV","loading_pct":5.4,"p_mw":13.5,"is_trafo":true}},{"type":"Feature","geometry":{"type":"LineString","coordinates":[[130.38965303999998,33.58778064],[130.3900844,33.584755],[130.3887916,33.584221],[130.3880889,33.5840802],[130.3871206,33.5839193],[130.3857741,33.583687],[130.3848729,33.5834255],[130.3838134,33.5829741],[130.38346144,33.58302632]]},"properties":{"name":"trafo_220/66kV","loading_pct":0.1,"p_mw":-0.2,"is_trafo":true}},{"type":"Feature","geometry":{"type":"LineString","coordinates":[[130.38965303999998,33.58778064],[130.3888536,33.5914853]]},"properties":{"name":"trafo_220/66kV","loading_pct":1.2,"p_mw":2.9,"is_trafo":true}}]}