{"type": "FeatureCollection", "features": [{"type": "Feature", "geometry": {"type": "LineString", "coordinates": [[140.911342, 41.50870286666667], [140.9178845, 41.5121546], [140.9232947, 41.5111592], [140.9292009, 41.5100097], [140.9350199, 41.5088528], [140.9394475, 41.5042422], [140.9416774, 41.5018823], [140.94526, 41.4981619], [140.949526, 41.4944341], [140.9528387, 41.491505], [140.9568654, 41.4880655], [140.9617063, 41.4848582], [140.9669284, 41.4814738], [140.9709002, 41.4790255], [140.9776804, 41.4770327], [140.9842516, 41.47524], [140.9897534, 41.474528], [140.9968683, 41.4748734], [141.0030106, 41.4751974], [141.0094238, 41.4735118], [141.0110777, 41.4730752], [141.011279, 41.4730221], [141.0116138, 41.4729337], [141.0119601, 41.4728422], [141.0126645, 41.4726563], [141.0129916, 41.4725699], [141.0133353, 41.4724792], [141.0144618, 41.4721818], [141.0203019, 41.4688096], [141.0208017, 41.4685235], [141.02572, 41.4657078], [141.0329382, 41.4637937], [141.0389848, 41.4621418], [141.0394807, 41.4620097], [141.04354, 41.4609283], [141.0489457, 41.459489], [141.0543298, 41.4587829], [141.0586021, 41.4582252], [141.064002, 41.4557513], [141.0678822, 41.4518951], [141.0710919, 41.4486469], [141.0739462, 41.445769], [141.077124, 41.4433499], [141.0799387, 41.4411748], [141.0822351, 41.4380285], [141.0878956, 41.4364974], [141.0951895, 41.4345159], [141.100978, 41.431125], [141.103346, 41.4288753], [141.104218, 41.4231144], [141.1048962, 41.41851], [141.1058678, 41.412481], [141.1064535, 41.4083813], [141.1073434, 41.4025626], [141.1077884, 41.3996972], [141.1084097, 41.3959121], [141.1075911, 41.3906695], [141.1100936, 41.3877498], [141.1128278, 41.3846873], [141.1193516, 41.3819765], [141.1237753, 41.380147], [141.1280204, 41.3783906], [141.1337927, 41.3760158], [141.1385851, 41.3747233], [141.1435415, 41.3721892], [141.1474543, 41.3692698], [141.1508869, 41.3666983], [141.1532564, 41.3649225], [141.1576981, 41.3616058], [141.1635102, 41.3577568], [141.1660249, 41.3560812], [141.1718352, 41.3522607], [141.1765796, 41.3494913], [141.1825586, 41.3481405], [141.1894517, 41.3465604], [141.193945, 41.3455467], [141.1980657, 41.3446121], [141.2020229, 41.3437344], [141.2068353, 41.3431865], [141.2111404, 41.3427094], [141.2157698, 41.3426838], [141.219638, 41.3418375], [141.2236214, 41.3409578], [141.227351, 41.3401213], [141.2326657, 41.3382498], [141.2383752, 41.3362625], [141.2437474, 41.3347641], [141.2478981, 41.3336034], [141.2530637, 41.3321875], [141.2585961, 41.3325821], [141.2631712, 41.3329093], [141.269109, 41.3322491], [141.2748518, 41.3328789], [141.2805175, 41.3335408], [141.2870733, 41.334267], [141.2920103, 41.3348254], [141.2964607, 41.3339964], [141.3013904, 41.3330711], [141.3054728, 41.3322742], [141.3117376, 41.3302241], [141.3183634, 41.3279738], [141.323745, 41.3250473], [141.3290492, 41.3221978], [141.3345677, 41.3191683], [141.3373089, 41.3159382], [141.3397304, 41.3130846], [141.3423018, 41.3100543], [141.3439316, 41.3058604], [141.3449746, 41.3031712], [141.3470496, 41.2997417], [141.3499724, 41.2949106], [141.352833, 41.2901817], [141.3543986, 41.2875937], [141.356584, 41.2839808], [141.358356, 41.2810511], [141.3615907, 41.2757029], [141.3634175, 41.2726823], [141.3620067, 41.2677875], [141.3631932, 41.2627388], [141.3642275, 41.2583376], [141.365654, 41.2545992], [141.3673359, 41.2503398], [141.3683139, 41.2467649], [141.3693566, 41.2432169], [141.3707787, 41.2407966], [141.3733134, 41.2366168], [141.3764539, 41.2314658], [141.3794553, 41.2265342], [141.381627, 41.2219468], [141.3839533, 41.2169519], [141.386046, 41.2124837], [141.3875708, 41.2092436], [141.3878041, 41.2061159], [141.3862577, 41.2015606], [141.3845453, 41.1964573], [141.3844648, 41.1919504], [141.3844169, 41.1887692], [141.3843762, 41.186661], [141.3861252, 41.1863491]]}, "properties": {"kv": 500, "name": "大間町変電所~東通変電所線", "region": "hokkaido", "loading": 0.0, "xfmr": false, "npts_orig": 139}}, {"type": "Feature", "geometry": {"type": "LineString", "coordinates": [[140.80506187058822, 37.381971029411766], [140.7980323, 37.3790157], [140.7933354, 37.3757444], [140.7892183, 37.372827], [140.7851171, 37.3683923], [140.7823262, 37.3654264], [140.7805284, 37.3600275], [140.7806063, 37.3565499], [140.7807453, 37.3533773], [140.7823132, 37.3459084], [140.7811335, 37.3412298], [140.7791436, 37.333188], [140.7764105, 37.330987], [140.772498, 37.3279458], [140.7653187, 37.3254248], [140.7605149, 37.3234845], [140.7574289, 37.3188739], [140.7558326, 37.3143453], [140.7546028, 37.3108135], [140.7496646, 37.3071708], [140.7438902, 37.3028513], [140.7376427, 37.3001145], [140.73444, 37.2973347], [140.7282628, 37.2920783], [140.7249259, 37.2880531], [140.7205258, 37.2833162], [140.7165189, 37.2788683], [140.7135811, 37.2737031], [140.7102406, 37.2677004], [140.7051864, 37.2630162], [140.7021786, 37.2602676], [140.697216, 37.2556912], [140.6927229, 37.2514837], [140.6888632, 37.2483614], [140.6846976, 37.2439712], [140.6819576, 37.2397234], [140.6798371, 37.2365575], [140.6759937, 37.2330684], [140.6721053, 37.2295431], [140.6672898, 37.2258363], [140.6603856, 37.2226586], [140.6553884, 37.220328], [140.6516075, 37.2185718], [140.6472493, 37.2161621], [140.6420897, 37.212544], [140.6359962, 37.2084292], [140.6322993, 37.2056932], [140.6282244, 37.2028252], [140.6225735, 37.1988613], [140.619617, 37.1965281], [140.6151533, 37.1938011], [140.6106587, 37.1909951], [140.6076491, 37.1862203], [140.6038605, 37.1838689], [140.5975334, 37.1799308], [140.5890006, 37.1783506], [140.5827074, 37.1751964], [140.5763829, 37.1720243], [140.5697851, 37.1703984], [140.5643651, 37.1679454], [140.5614151, 37.1642006], [140.5584107, 37.1604452], [140.5556867, 37.1564286], [140.5504983, 37.1515919], [140.5464541, 37.1464151], [140.5428691, 37.1417561], [140.5406689, 37.1379264], [140.5363894, 37.1351067], [140.5307833, 37.1304438], [140.5261647, 37.1282071], [140.5215257, 37.1259141], [140.5174003, 37.1228432], [140.5122094, 37.1189795], [140.5071668, 37.1174291], [140.4985769, 37.1154047], [140.4940165, 37.1123328], [140.491713, 37.1094544], [140.4889869, 37.106206], [140.4857046, 37.1039251], [140.4814072, 37.1008952], [140.4775338, 37.0981061], [140.4728654, 37.0932531], [140.4685711, 37.0897498], [140.4625525, 37.084738], [140.4580642, 37.083014], [140.4530769, 37.0820107], [140.4496473, 37.0813619], [140.4431697, 37.0833238], [140.4379073, 37.082099], [140.434092, 37.0781518], [140.4289798, 37.074637], [140.4256826, 37.0724139], [140.4202241, 37.0682756], [140.4147429, 37.0646943], [140.4103414, 37.0649802], [140.4051872, 37.0643002], [140.4008013, 37.0612282], [140.3952461, 37.0587077], [140.3909259, 37.0577647], [140.3864331, 37.0563043], [140.3821055, 37.0537157], [140.376921, 37.0515096], [140.3723274, 37.0495543], [140.3664621, 37.0475538], [140.3614093, 37.0432793], [140.3578615, 37.0384503], [140.3573235, 37.0352308], [140.352188, 37.029485], [140.3467238, 37.0243415], [140.3408418, 37.0193952], [140.3320807, 37.0182159], [140.3233826, 37.0189491], [140.3167541, 37.0172578], [140.3113358, 37.0133873], [140.3066778, 37.0108352], [140.2978868, 37.0061667], [140.2913278, 37.0041986], [140.2828861, 37.0002347], [140.2789426, 36.998464], [140.2730354, 36.9951077], [140.266439, 36.988191], [140.2594578, 36.9826928], [140.2502869, 36.9793766], [140.2433682, 36.9770253], [140.2405007, 36.9736871], [140.2387641, 36.9675874], [140.2358605, 36.961748], [140.2342432, 36.953614], [140.2336551, 36.9505766], [140.2326039, 36.9431254], [140.2269455, 36.9368672], [140.2214625, 36.9329515], [140.2158039, 36.9288376], [140.2097987, 36.9245624], [140.2073256, 36.9195537], [140.2050829, 36.9144504], [140.20293, 36.9094466], [140.2024036, 36.9032596], [140.2024063, 36.8973418], [140.202661, 36.8939793], [140.2032925, 36.8913269], [140.2040753, 36.8880603], [140.2056028, 36.8826263], [140.2054303, 36.8771275], [140.2034856, 36.870897], [140.2019428, 36.865913], [140.1957126, 36.8621918], [140.1911407, 36.8577608], [140.1894593, 36.8546823], [140.184365, 36.8501417], [140.1820409, 36.844321], [140.1794473, 36.837915], [140.1789898, 36.8321752], [140.1771168, 36.8275377], [140.1752612, 36.8230098], [140.1718134, 36.8177759], [140.1684368, 36.8140089], [140.1649918, 36.8116226], [140.1614932, 36.8091797], [140.154712, 36.8079939], [140.1503613, 36.8052578], [140.1482419, 36.8027926], [140.1423829, 36.801776], [140.1363695, 36.800761], [140.1291194, 36.8030014], [140.1238099, 36.802578], [140.1168648, 36.8016104], [140.1114012, 36.800042], [140.1063497, 36.7985132], [140.1016443, 36.7969713], [140.0972232, 36.7955356], [140.0909834, 36.7969438], [140.0862039, 36.7987366], [140.0821949, 36.8011278], [140.0773824, 36.8023094], [140.072572, 36.8035204], [140.0686333, 36.8054848], [140.0638729, 36.8091674], [140.061046, 36.8113739], [140.0559123, 36.8133279], [140.0509318, 36.8131311], [140.046426, 36.8129753], [140.0402327, 36.8122395], [140.0344657, 36.8116366], [140.0271952, 36.810868], [140.023335, 36.8075626], [140.0200177, 36.8047391], [140.0180095, 36.8018401], [140.0122152, 36.7995402], [140.0054979, 36.7962455], [139.9979895, 36.7950894], [139.9925517, 36.7933336], [139.9879906, 36.790822], [139.9828138, 36.78793], [139.97789, 36.7860084], [139.9738798, 36.785509], [139.9700141, 36.7836499], [139.9646422, 36.7810689], [139.9585671, 36.7781409], [139.9547522, 36.7759467], [139.9513759, 36.7762751], [139.9477621, 36.777252], [139.9438628, 36.7785673], [139.9380037, 36.7788522], [139.9322485, 36.7814146], [139.9266935, 36.7821561], [139.9213169, 36.780606], [139.9168708, 36.7820474], [139.9116469, 36.7838239], [139.9064698, 36.7852668], [139.9015007, 36.7835019], [139.8944726, 36.7856614], [139.8903677, 36.7866843], [139.8862711, 36.7828791], [139.8837329, 36.7796459], [139.8793314, 36.7768806], [139.8736425, 36.7750248], [139.867994, 36.7726385], [139.8631022, 36.7705549], [139.8611092, 36.7659517], [139.8554032, 36.7638236], [139.8505268, 36.7622682], [139.8467814, 36.7581129], [139.8416917, 36.7549565], [139.836063, 36.7523768], [139.8329938, 36.7468234], [139.8321141, 36.7436941], [139.8314694, 36.7369154], [139.8309842, 36.7314483], [139.8305614, 36.7269529], [139.8315947, 36.7225233], [139.831205, 36.7186726], [139.8306159, 36.7166547], [139.8306345, 36.7147387], [139.8285848, 36.7124793], [139.834443, 36.7085129], [139.837797, 36.705371], [139.8402291, 36.7008156], [139.839771, 36.6944184], [139.8396366, 36.6893517], [139.839503, 36.6834812], [139.8392239, 36.6794559], [139.833195, 36.6748015], [139.8261883, 36.670672], [139.8181044, 36.6710074], [139.8124282, 36.6652544], [139.8095605, 36.6617189], [139.8036415, 36.6598876], [139.7971237, 36.6579016], [139.7928033, 36.656321], [139.7905483, 36.6530974], [139.783845, 36.6497148], [139.7755988, 36.6450789], [139.7715514, 36.6442394], [139.7643803, 36.6404473], [139.756284, 36.6373718], [139.7514431, 36.6330159], [139.7419616, 36.6304309], [139.7330467, 36.6295152], [139.7284528, 36.6280461], [139.7204857, 36.6261273], [139.7145074, 36.6282675], [139.7053704, 36.6298835], [139.6989669, 36.6312485], [139.6937901, 36.6314226], [139.6868105, 36.6294086], [139.6772672, 36.626758], [139.6710853, 36.6252616], [139.6627395, 36.6232558], [139.6576145, 36.6220659], [139.6528909, 36.6204322], [139.6442908, 36.6154654], [139.6344709, 36.6130733], [139.6249112, 36.6114393], [139.6187279, 36.6057722], [139.6184926, 36.5990094], [139.6151268, 36.5955893], [139.6113396, 36.5939613], [139.6055443, 36.5873605], [139.597716, 36.584616], [139.5879936, 36.5811943], [139.583466, 36.5796435], [139.5738316, 36.5740992], [139.5673996, 36.5736598], [139.5615918, 36.5733589], [139.5553766, 36.5728499], [139.5487282, 36.5723772], [139.5398255, 36.5697851], [139.5288285, 36.5687635], [139.5244331, 36.5701205], [139.5171119, 36.5716037], [139.5127464, 36.5722511], [139.5018039, 36.573533], [139.4982658, 36.573749], [139.4924946, 36.5743062], [139.4866022, 36.5774869], [139.4821322, 36.5800485], [139.477081, 36.5828816], [139.4673852, 36.585768], [139.4617771, 36.5847751], [139.4505805, 36.5852814], [139.444169, 36.5856389], [139.4359681, 36.5841123], [139.4293336, 36.5829474], [139.4212381, 36.5806604], [139.4156907, 36.5807784], [139.4108523, 36.5809692], [139.4031224, 36.5812597], [139.3984715, 36.5830739], [139.3932571, 36.5850346], [139.3888008, 36.585429], [139.381576, 36.5860386], [139.3731165, 36.5884998], [139.3674888, 36.5893822], [139.3621456, 36.5903382], [139.3556712, 36.5900812], [139.3490964, 36.591556], [139.3396742, 36.5911942], [139.3317599, 36.5918814], [139.3251594, 36.5925375], [139.314592, 36.5910423], [139.3087904, 36.5884686], [139.3003789, 36.5847306], [139.2909865, 36.5825831], [139.2815172, 36.5829287], [139.2709672, 36.5818755], [139.2611633, 36.5827252], [139.2519035, 36.5834028], [139.243856, 36.5841172], [139.239409, 36.5844331], [139.2284604, 36.5852466], [139.2258297, 36.5817088]]}, "properties": {"kv": 500, "name": "南いわき幹線", "region": "tohoku", "loading": 0.0, "xfmr": false, "npts_orig": 332}}, {"type": "Feature", "geometry": {"type": "LineString", "coordinates": [[140.80506187058822, 37.381971029411766], [140.8076337, 37.3786858], [140.8041289, 37.3767417], [140.7989747, 37.3726169], [140.7931011, 37.3722714], [140.7872601, 37.3671368], [140.7832063, 37.3621672], [140.7836296, 37.358007], [140.7839337, 37.3550348], [140.7843591, 37.3509868], [140.7864373, 37.3442716], [140.7850067, 37.3391805], [140.780747, 37.3331523], [140.7769986, 37.3298351], [140.7727215, 37.3261473], [140.7668862, 37.3241107], [140.7623076, 37.3217012], [140.7583388, 37.3167944], [140.7578336, 37.313406], [140.7574676, 37.3107487], [140.7532271, 37.3050126], [140.7498021, 37.3001715], [140.7498926, 37.2953083], [140.7500814, 37.288679], [140.7535413, 37.2839015], [140.7558432, 37.2788154], [140.7559219, 37.2735352], [140.7559815, 37.2685438], [140.7560045, 37.2648131], [140.7550362, 37.2615521], [140.7542535, 37.2550655], [140.7537514, 37.2505408], [140.7540708, 37.2467526], [140.7544653, 37.2426479], [140.7539959, 37.2392552], [140.7513358, 37.2346925], [140.7475698, 37.2300572], [140.7465673, 37.2272076], [140.7454321, 37.2240087], [140.7451814, 37.2199761], [140.7454268, 37.2156844], [140.7425577, 37.2130961], [140.7365451, 37.2068197], [140.7378298, 37.203133], [140.736916, 37.1988949], [140.7377432, 37.1934606], [140.7378595, 37.18841], [140.7368396, 37.1836179], [140.735179, 37.1787007], [140.7318605, 37.1736504], [140.7298943, 37.1687963], [140.7243191, 37.1640361], [140.7219245, 37.1611178], [140.7196344, 37.1583435], [140.7159971, 37.1539251], [140.7193622, 37.1473735], [140.72281976800002, 37.142196864]]}, "properties": {"kv": 500, "name": "川内線", "region": "tohoku", "loading": 0.0, "xfmr": false, "npts_orig": 57}}, {"type": "Feature", "geometry": {"type": "LineString", "coordinates": [[140.80506187058822, 37.381971029411766], [140.8009368, 37.3836478], [140.7968967, 37.3869658], [140.7947425, 37.3912165], [140.7941923, 37.3951787], [140.7936414, 37.399048], [140.7932603, 37.4023936], [140.7923259, 37.4069025], [140.7915178, 37.410699], [140.789243, 37.414529], [140.7875559, 37.4172623], [140.7866348, 37.4208991], [140.7864729, 37.42467], [140.7862449, 37.4299811], [140.7860677, 37.4341975], [140.7861791, 37.4384352], [140.7876244, 37.4407021], [140.7892729, 37.4433384], [140.7917476, 37.4472954], [140.7942036, 37.4509724], [140.796476, 37.4546747], [140.7978449, 37.4573663], [140.7992459, 37.4612477], [140.8006114, 37.46497], [140.8059678, 37.4710449], [140.8098686, 37.4751607], [140.8128983, 37.4783483], [140.8150378, 37.4804997], [140.8175896, 37.4830799], [140.821144, 37.4869437], [140.8234755, 37.4895154], [140.8298982, 37.4948991], [140.8384135, 37.5005112], [140.8496508, 37.5060722], [140.8538522, 37.5071886], [140.8565696, 37.5088361], [140.8618348, 37.5121682], [140.8664083, 37.5150343], [140.8754088, 37.5200505], [140.8799758, 37.5238989], [140.8849636, 37.5259948], [140.8906687, 37.525941], [140.8947355, 37.5255974], [140.9003947, 37.5269335], [140.9055435, 37.5270187], [140.9101075, 37.5270684], [140.9137172, 37.5271251], [140.9171424, 37.5270129], [140.9213793, 37.5268818], [140.9263882, 37.5268637], [140.9306201, 37.5273982], [140.9352359, 37.527996], [140.9397536, 37.5285632], [140.943425, 37.5290398], [140.9476945, 37.5309595], [140.95033708367347, 37.53620695918367]]}, "properties": {"kv": 500, "name": "南相馬変電所~南いわき開閉所線", "region": "tohoku", "loading": 0.0, "xfmr": false, "npts_orig": 56}}, {"type": "Feature", "geometry": {"type": "LineString", "coordinates": [[139.8338518, 36.7124675], [139.8363215, 36.7115834], [139.841023, 36.7118195], [139.8454453, 36.7142127], [139.8489802, 36.716157], [139.8497777, 36.7217351], [139.8496165, 36.7254018], [139.8492088, 36.7323927], [139.84889, 36.7379156], [139.8503452, 36.7412302], [139.8530511, 36.7421215], [139.8563797, 36.7432659], [139.8588876, 36.7460208], [139.8608127, 36.7485905], [139.8632743, 36.7517282], [139.8665783, 36.7548057], [139.8691108, 36.7571179], [139.8726084, 36.7586566], [139.8764386, 36.7597224], [139.8812666, 36.7608226], [139.8853114, 36.7616993], [139.891856, 36.7630402], [139.8985186, 36.764381], [139.9041619, 36.7659023], [139.9083998, 36.7659195], [139.9125626, 36.7659538], [139.9165645, 36.7659796], [139.921253, 36.7660226], [139.9296858, 36.7664437], [139.934973, 36.7666545], [139.9390307, 36.7671227], [139.9445775, 36.7678103], [139.9477355, 36.7682061], [139.9528065, 36.7688416], [139.9539008, 36.7721848], [139.9548235, 36.7752528], [139.9602737, 36.7777019], [139.9640712, 36.7794893], [139.9699184, 36.7814572], [139.9741546, 36.7829775], [139.9781796, 36.784731], [139.9819562, 36.786398], [139.9850037, 36.7877728], [139.9882702, 36.789278], [139.992986, 36.7913127], [139.999198, 36.7929967], [140.005646, 36.7944401], [140.0096693, 36.7953766], [140.0134024, 36.7978594], [140.0186166, 36.8013817], [140.0219753, 36.8044653], [140.0266531, 36.8081935], [140.0298073, 36.809933], [140.0356438, 36.8098965], [140.03982, 36.8109272], [140.0461178, 36.8108907], [140.0506616, 36.8109422], [140.0547519, 36.8106438], [140.0586647, 36.8092719], [140.0647834, 36.8075643], [140.0689837, 36.8043322], [140.0738224, 36.8022705], [140.0785109, 36.8008852], [140.0829038, 36.7992727], [140.0870505, 36.7976962], [140.0911603, 36.7961675], [140.0960043, 36.7945174], [140.1010039, 36.7942683], [140.1054993, 36.7924726], [140.1092579, 36.7895309], [140.1127547, 36.7877684], [140.1162925, 36.7863765], [140.1203233, 36.7856053], [140.1265758, 36.7852383], [140.1299498, 36.785049], [140.136666, 36.7854313], [140.1405981, 36.7873819], [140.1442808, 36.7906469], [140.1483067, 36.7942554], [140.1514798, 36.7984092], [140.1553663, 36.8016481], [140.1592408, 36.8048504], [140.1638951, 36.8088047], [140.1660797, 36.8105898], [140.170344, 36.8124627], [140.1743819, 36.8141658], [140.1788063, 36.8132634], [140.1842302, 36.8148508], [140.1880942, 36.8175359], [140.1933729, 36.8193265], [140.1974252, 36.8208525], [140.2023833, 36.8237232], [140.2055455, 36.8253788], [140.2102133, 36.8278114], [140.2182945, 36.8296666], [140.2227447, 36.8306804], [140.2272196, 36.8317637], [140.2312409, 36.832251], [140.2353529, 36.8327492], [140.2419406, 36.833467], [140.2460392, 36.8346895], [140.2486897, 36.8360853], [140.2514897, 36.8382575], [140.2535365, 36.8417372], [140.2557947, 36.8440166], [140.257623, 36.8458128], [140.2606226, 36.8492055], [140.2673306, 36.8493568], [140.2701575, 36.8506564], [140.2769676, 36.8528124], [140.2812021, 36.8543639], [140.2842794, 36.8553861], [140.2881468, 36.8567639], [140.2948166, 36.8589759], [140.3009426, 36.861003], [140.3051446, 36.86241], [140.3098698, 36.8666775], [140.3138672, 36.869844], [140.3198879, 36.872906], [140.3229869, 36.8743493], [140.3272465, 36.8766224], [140.3304072, 36.8790227], [140.3354582, 36.8821162], [140.3387315, 36.8843134], [140.343182, 36.8853394], [140.3461165, 36.8873886], [140.3488039, 36.8893402], [140.3536181, 36.8932964], [140.3567719, 36.8958047], [140.3606631, 36.8988004], [140.3648254, 36.9008094], [140.3675632, 36.9019535], [140.3703132, 36.9031699], [140.3747272, 36.9069695], [140.3767899, 36.9089975], [140.3829525, 36.9105363], [140.3860769, 36.9121941], [140.3888825, 36.9144255], [140.3915374, 36.9165371], [140.3955928, 36.9200577], [140.3995365, 36.9235413], [140.4032646, 36.9251854], [140.4081109, 36.9275029], [140.4115999, 36.9292636], [140.4160408, 36.9312324], [140.4195701, 36.9328107], [140.4247334, 36.9351149], [140.4274062, 36.9368636], [140.4308153, 36.9394371], [140.4334122, 36.941664], [140.4369518, 36.9450401], [140.4430358, 36.9484455], [140.4446052, 36.9509129], [140.44659, 36.9536811], [140.4483581, 36.9561248], [140.4500402, 36.9585519], [140.4515022, 36.9614875], [140.4524997, 36.9635681], [140.4547081, 36.9675616], [140.4579347, 36.9732313], [140.4592488, 36.9758915], [140.4608535, 36.9809934], [140.4616629, 36.98436], [140.4632982, 36.9881652], [140.464678, 36.9908275], [140.4661581, 36.993832], [140.4672506, 36.9981926], [140.4694516, 37.0011102], [140.4709691, 37.0042424], [140.4733382, 37.0083205], [140.4748535, 37.0108538], [140.4762901, 37.0132637], [140.4763027, 37.0160107], [140.4763752, 37.0191876], [140.4763972, 37.0223645], [140.476476, 37.0257575], [140.4765012, 37.0286247], [140.476516, 37.031401], [140.4769118, 37.034957], [140.4793231, 37.0392839], [140.4805824, 37.0420741], [140.4815761, 37.0442997], [140.4831984, 37.0481843], [140.4850134, 37.0521173], [140.4865242, 37.0555969], [140.4876396, 37.0599988], [140.4884305, 37.0630007], [140.4881567, 37.0655089], [140.488248, 37.068462], [140.4883899, 37.0714069], [140.4885473, 37.0743057], [140.488699, 37.0778718], [140.4899867, 37.0817304], [140.4908384, 37.0844159], [140.4942372, 37.087574], [140.496777, 37.0899337], [140.4991303, 37.0921202], [140.502369, 37.094866], [140.5050816, 37.0983558], [140.5115714, 37.1016464], [140.5124707, 37.1038495], [140.5152072, 37.1080695], [140.5175288, 37.1116103], [140.5197778, 37.1151741], [140.5235649, 37.1196865], [140.5276131, 37.1246729], [140.5306456, 37.1280625], [140.5342586, 37.1301101], [140.53777, 37.1328055], [140.5407735, 37.1357783], [140.5465145, 37.1411997], [140.5525349, 37.1447561], [140.5569915, 37.1471911], [140.5593285, 37.1498258], [140.564624, 37.1535268], [140.5684653, 37.156241], [140.5722743, 37.1588779], [140.5768015, 37.1621064], [140.5817645, 37.163219], [140.5853153, 37.1641258], [140.59048, 37.1655213], [140.5955042, 37.166997], [140.5990506, 37.1684387], [140.6026015, 37.1699444], [140.6072551, 37.1718099], [140.6112023, 37.1734546], [140.6160049, 37.1746144], [140.6205114, 37.175879], [140.625832, 37.1773533], [140.6311402, 37.1788357], [140.6350978, 37.179966], [140.6383667, 37.1801543], [140.6414505, 37.1804], [140.646549, 37.1802362], [140.650558, 37.1786474], [140.6535287, 37.1775007], [140.6589665, 37.1753139], [140.6646443, 37.1731143], [140.6708408, 37.1720874], [140.6772844, 37.1704415], [140.6822098, 37.169077], [140.6869234, 37.167839], [140.690481, 37.1663518], [140.6947066, 37.1649112], [140.6979945, 37.1628493], [140.702254, 37.1602921], [140.7054628, 37.158005], [140.7091799, 37.1554206], [140.7118351, 37.1526741], [140.7147106, 37.1482011], [140.7172264, 37.1444226], [140.72281976800002, 37.142196864]]}, "properties": {"kv": 500, "name": "新いわき幹線", "region": "tohoku", "loading": 0.0, "xfmr": false, "npts_orig": 252}}, {"type": "Feature", "geometry": {"type": "LineString", "coordinates": [[139.6673601, 37.012264], [139.6664705, 37.0089376], [139.6657053, 37.0063247], [139.6649408, 37.0043648], [139.6636266, 37.0014688], [139.6637124, 36.9972702], [139.6621835, 36.9945496], [139.6617944, 36.9913463], [139.6606439, 36.9876641], [139.659453, 36.9845403], [139.6571786, 36.9824363], [139.6557569, 36.9798994], [139.6540939, 36.9770025], [139.6541369, 36.9716454], [139.6537185, 36.9690696], [139.6532678, 36.9656579], [139.6537828, 36.9623832], [139.6534073, 36.9598199], [139.6520984, 36.9553619], [139.6514332, 36.9521725], [139.6497702, 36.9496174], [139.6472782, 36.9457124], [139.6455016, 36.9438955], [139.6417013, 36.9400087], [139.6376761, 36.9350387], [139.6323325, 36.9304738], [139.6331849, 36.925412], [139.6352854, 36.9206958], [139.6348217, 36.9169022], [139.6346479, 36.9144345], [139.6350975, 36.9110413], [139.6363843, 36.9091549], [139.6370627, 36.9059237], [139.6390518, 36.9017157], [139.639641, 36.8975442], [139.6383458, 36.8954668], [139.635324, 36.8910056], [139.6349879, 36.8860479], [139.6367171, 36.8825855], [139.6380865, 36.8798513], [139.6400428, 36.8756657], [139.6418276, 36.8725082], [139.646014, 36.8692331], [139.6518656, 36.8654507], [139.6574414, 36.8645449], [139.661256, 36.8639216], [139.6677571, 36.8606735], [139.6693977, 36.8570286], [139.6699025, 36.8547643], [139.6705042, 36.8519493], [139.6739829, 36.8468553], [139.6764435, 36.8432951], [139.676882, 36.8384375], [139.6762812, 36.835591], [139.6734273, 36.8292235]]}, "properties": {"kv": 500, "name": "下郷線 / 塩原線", "region": "tohoku", "loading": 0.0, "xfmr": false, "npts_orig": 55}}, {"type": "Feature", "geometry": {"type": "LineString", "coordinates": [[139.6673601, 37.012264], [139.6678462, 37.0156887], [139.6668076, 37.0206764], [139.6666267, 37.0237829], [139.6676713, 37.0262613], [139.6703538, 37.0290904], [139.6736971, 37.0318675], [139.676119, 37.0354617], [139.6785255, 37.0390378], [139.6792078, 37.04108], [139.6795834, 37.045036], [139.6801288, 37.0483183], [139.6805236, 37.0505424], [139.6813533, 37.0549771], [139.6816492, 37.0586938], [139.683659, 37.0644271], [139.6862278, 37.0679788], [139.6882484, 37.0701094], [139.6897955, 37.0740749], [139.6892527, 37.0773426], [139.6885096, 37.0816456], [139.6886296, 37.0859297], [139.6887288, 37.0908439], [139.689442, 37.0960796], [139.6914582, 37.1015262], [139.6922261, 37.1055663], [139.692946, 37.1113944], [139.6927878, 37.1141753], [139.6913755, 37.1193593], [139.6913661, 37.1240724], [139.6904781, 37.1288952], [139.6916407, 37.1326177], [139.6957212, 37.1353649], [139.6988955, 37.1373497], [139.7037514, 37.1403466], [139.7065068, 37.1438932], [139.7074095, 37.1467251], [139.7092935, 37.1527917], [139.7102749, 37.156665], [139.7127976, 37.1586517], [139.7158165, 37.1624934], [139.7173877, 37.1648075], [139.7192348, 37.1684406], [139.7208069, 37.1727139], [139.7241086, 37.1743817], [139.7288093, 37.176754], [139.7311473, 37.1794256], [139.7351121, 37.1836864], [139.7389351, 37.1892734], [139.7429261, 37.1943168], [139.7430288, 37.1980714], [139.7436053, 37.2043677], [139.7435281, 37.2092379], [139.7447916, 37.211526], [139.7447009, 37.2146752], [139.7445475, 37.220446], [139.7475892, 37.2250169], [139.7492806, 37.2275137], [139.7545238, 37.2318388], [139.7564553, 37.2333552], [139.7584248, 37.236649], [139.758183, 37.2408462], [139.7598909, 37.2442773], [139.7614085, 37.2469157], [139.7632326, 37.2487877], [139.7670208, 37.2527651], [139.7718009, 37.2577094], [139.7770784, 37.2609377], [139.7805193, 37.2637745], [139.7836865, 37.2648893], [139.7906762, 37.2674699], [139.7956723, 37.2693342], [139.8015429, 37.2710016], [139.80487, 37.2713868], [139.8079325, 37.2720135], [139.8156516, 37.2746831], [139.819955, 37.2768024], [139.8253141, 37.2773143], [139.8287033, 37.2779008], [139.8342867, 37.2791592], [139.8407438, 37.2812627], [139.8454407, 37.284302], [139.8495564, 37.2883589], [139.8503452, 37.291058], [139.8526995, 37.2962837], [139.8514523, 37.3004257], [139.8519512, 37.3031956], [139.8540917, 37.3061514], [139.854674, 37.3109186], [139.8552838, 37.3142059], [139.855904, 37.3175813], [139.8583483, 37.3210822], [139.8614954, 37.3229003], [139.868488, 37.3264061], [139.873059, 37.3312536], [139.8759647, 37.335629], [139.8823339, 37.3392717], [139.8877398, 37.340609], [139.8939977, 37.3421923], [139.8969035, 37.3429958], [139.9033274, 37.3428545], [139.90842756, 37.34494398]]}, "properties": {"kv": 500, "name": "下郷線", "region": "tohoku", "loading": 0.0, "xfmr": false, "npts_orig": 102}}, {"type": "Feature", "geometry": {"type": "LineString", "coordinates": [[139.6673601, 37.012264], [139.6710831, 37.0117993], [139.6751686, 37.011972], [139.6779868, 37.0105995], [139.6800195, 37.0096035], [139.6842614, 37.0071848], [139.6902486, 37.003193], [139.6967493, 37.0042758], [139.7022432, 37.00494], [139.7074112, 37.002566], [139.7140758, 37.0000708], [139.7214396, 36.99787], [139.7280039, 36.997965], [139.7341409, 36.9973544], [139.73875, 36.9962732], [139.7418568, 36.9963668], [139.7503863, 36.996174], [139.7550898, 36.9963269], [139.7616492, 36.9965793], [139.76483, 36.9962792], [139.7719216, 36.9956349], [139.7788774, 36.9970981], [139.7820568, 36.9976172], [139.7887624, 36.9987697], [139.79193, 36.9988383], [139.7950279, 36.9984805], [139.8023236, 37.0001932], [139.8098499, 37.0016101], [139.8140556, 37.0003913], [139.8207839, 36.9988318], [139.826737, 36.9963534], [139.8321846, 36.9940418], [139.8371681, 36.9931164], [139.842369, 36.9921631], [139.8469233, 36.9925059], [139.8536986, 36.9938855], [139.8572177, 36.9937955], [139.8625928, 36.9928593], [139.8642624, 36.993516]]}, "properties": {"kv": 500, "name": "塩原線", "region": "tohoku", "loading": 0.0, "xfmr": false, "npts_orig": 39}}, {"type": "Feature", "geometry": {"type": "LineString", "coordinates": [[139.6734273, 36.8292235], [139.6757174, 36.8266117], [139.6772848, 36.8245795], [139.6769917, 36.8187893], [139.6755889, 36.8150919], [139.6750627, 36.8124569], [139.6758721, 36.8060115], [139.6751951, 36.8001965], [139.6754763, 36.796496], [139.6742035, 36.7932077], [139.677788, 36.7906267], [139.6805584, 36.7867092], [139.6810348, 36.7834594], [139.6820767, 36.7794621], [139.6844964, 36.7739688], [139.687279, 36.7723562], [139.6928202, 36.7703619], [139.6977001, 36.7711776], [139.7010897, 36.7699606], [139.7045112, 36.7681906], [139.7089532, 36.7670216], [139.7130704, 36.7677935], [139.7181269, 36.7673596], [139.7229717, 36.7661182], [139.7256959, 36.7648255], [139.7297547, 36.7628838], [139.7340625, 36.7608302], [139.7384406, 36.7590611], [139.7417218, 36.7577478], [139.745944, 36.7557249], [139.7495758, 36.7539698], [139.7518601, 36.7506975], [139.754102, 36.7474626], [139.7569424, 36.7438338], [139.7579477, 36.7409219], [139.7603309, 36.7376116], [139.7614852, 36.734351], [139.7607954, 36.7311863], [139.7612608, 36.7268936], [139.7631517, 36.7237526], [139.7663254, 36.7213931], [139.7716771, 36.7210471], [139.7766663, 36.7206493], [139.7811294, 36.719281], [139.7857576, 36.7191628], [139.7894608, 36.7192351], [139.7936576, 36.7191103], [139.7982183, 36.7180169], [139.8028979, 36.7171583], [139.8077046, 36.7158328], [139.8126007, 36.7150912], [139.8159919, 36.7157289], [139.820145, 36.7165718]]}, "properties": {"kv": 500, "name": "下郷線 / 塩原線", "region": "tohoku", "loading": 0.0, "xfmr": false, "npts_orig": 53}}, {"type": "Feature", "geometry": {"type": "LineString", "coordinates": [[139.6734273, 36.8292235], [139.6712279, 36.8295433], [139.6706754, 36.8321454], [139.6698654, 36.8328366]]}, "properties": {"kv": 500, "name": "今市線", "region": "tohoku", "loading": 0.0, "xfmr": false, "npts_orig": 4}}, {"type": "Feature", "geometry": {"type": "LineString", "coordinates": [[140.64359786222224, 38.254560437777776], [140.6345642, 38.2527207], [140.6304247, 38.2531748], [140.6267745, 38.2535295], [140.6237144, 38.254312], [140.6204754, 38.2552072], [140.616081, 38.2562778], [140.6116831, 38.2574301], [140.6080393, 38.2572291], [140.6036357, 38.257011], [140.6001662, 38.2568485], [140.5958987, 38.2570965], [140.5929058, 38.2572227], [140.5898339, 38.2573467], [140.5861873, 38.2571585], [140.5814079, 38.2570281], [140.5773447, 38.255745], [140.5735565, 38.253816], [140.5706807, 38.2523468], [140.568551, 38.250869], [140.5658411, 38.2490257], [140.5634519, 38.2484298], [140.5589808, 38.2479006], [140.5547792, 38.2474456], [140.5516943, 38.2469783], [140.5472131, 38.2462], [140.5413502, 38.2445246], [140.5393829, 38.2438382], [140.5359133, 38.2423258], [140.5333881, 38.2413843], [140.5303429, 38.2403035], [140.5267181, 38.2396505], [140.5222721, 38.2388549], [140.5187875, 38.2382521], [140.5163259, 38.2370785], [140.5136674, 38.235775], [140.5111956, 38.2346289], [140.5068836, 38.2349155], [140.5021016, 38.2341477], [140.4998605, 38.2333324], [140.4977904, 38.2326923], [140.4936174, 38.2327576], [140.490012, 38.2316446], [140.4861743, 38.2290558], [140.4833412, 38.2284649], [140.4789555, 38.2284098], [140.4759811, 38.2283757], [140.4737051, 38.2283438], [140.4706488, 38.2281276], [140.4685183, 38.2272717], [140.4657629, 38.2265468], [140.4635869, 38.2264812], [140.4603642, 38.2270689], [140.4580806, 38.22701], [140.4542667, 38.2263705], [140.4522332, 38.2252613], [140.4495513, 38.2243935], [140.4460582, 38.2226429], [140.4411625, 38.2205887], [140.437185, 38.219954], [140.433858, 38.2204987], [140.4289623, 38.2190417], [140.4241609, 38.2180603], [140.4224225, 38.2166801], [140.4161184, 38.2153549], [140.4127268, 38.2155505], [140.4088101, 38.216428], [140.4066365, 38.2174871], [140.4030806, 38.2192817], [140.400556, 38.2199239], [140.3948426, 38.2202932], [140.3917899, 38.2204029], [140.3890888, 38.2191322], [140.3860513, 38.21674], [140.3854248, 38.2144679], [140.383113, 38.2107327], [140.3813696, 38.2078622], [140.3793162, 38.2044931], [140.378348, 38.2022481], [140.3772765, 38.200304], [140.3754634, 38.1982425], [140.3733201, 38.1956993], [140.3730963, 38.1921967], [140.3709059, 38.1903905], [140.3668249, 38.1905207], [140.3639739, 38.1893319], [140.3602687, 38.1874387], [140.356729, 38.1855948], [140.3553058, 38.1839221], [140.3527525, 38.1810589], [140.3517525, 38.1791074], [140.3502793, 38.1761443], [140.3495532, 38.1734384], [140.3486414, 38.1698885], [140.3487462, 38.1648272], [140.3490436, 38.1620875], [140.3492528, 38.1598394], [140.3495479, 38.1566547], [140.3495049, 38.1543347], [140.3493837, 38.1510318], [140.349278, 38.1467915], [140.3488997, 38.1445102], [140.3482347, 38.1405934], [140.3477562, 38.1376277], [140.3467032, 38.1340375], [140.3457103, 38.1308719], [140.3437801, 38.1281477], [140.3412402, 38.1248163], [140.3389507, 38.1217372], [140.3376426, 38.1198973], [140.3362336, 38.1182365], [140.33413, 38.1164149], [140.331663, 38.114219], [140.3285261, 38.1115244], [140.3267461, 38.1099537], [140.322921, 38.1075397], [140.319395, 38.1051829], [140.3162336, 38.1036986], [140.3127533, 38.103079], [140.3092001, 38.1024131], [140.3059448, 38.1018468], [140.3016161, 38.0997417], [140.2958734, 38.0985593], [140.292754, 38.0979196], [140.2881386, 38.0984804], [140.2853707, 38.098849], [140.2814868, 38.0998674], [140.2756594, 38.1013687], [140.270471, 38.1027392], [140.2657688, 38.103929], [140.2624565, 38.1047907], [140.2578771, 38.1059372], [140.2525492, 38.1055628], [140.2485684, 38.1052833], [140.2437708, 38.104929], [140.2395469, 38.1052238], [140.235609, 38.104786], [140.2310539, 38.1042621], [140.2277672, 38.1042242], [140.224202, 38.1040869], [140.2204621, 38.1028364], [140.2165766, 38.1043353], [140.2128923, 38.1057312], [140.2089534, 38.1070238], [140.2051239, 38.1087316], [140.2018938, 38.110451], [140.1960853, 38.110808], [140.1937983, 38.1099419], [140.1913235, 38.1089952], [140.1875424, 38.1085109], [140.1838438, 38.1080149], [140.1794154, 38.1061504], [140.1746197, 38.1040926], [140.1714536, 38.1025842], [140.1660114, 38.1012323], [140.1627763, 38.1010295], [140.1592995, 38.1007989], [140.1563752, 38.1005694], [140.1534676, 38.1003246], [140.1492941, 38.1001473], [140.1448899, 38.1001009], [140.1426131, 38.0995957], [140.1380392, 38.0984167], [140.1318995, 38.0980714], [140.1267171, 38.0989965], [140.1247222, 38.0982187], [140.1203447, 38.0965031], [140.1176464, 38.0962068], [140.1141612, 38.0951409], [140.1090478, 38.093525], [140.1066742, 38.0920114], [140.1037847, 38.0900854], [140.0999922, 38.0888533], [140.0977846, 38.0881177], [140.0934003, 38.087156], [140.0894222, 38.085898], [140.0859451, 38.0844101], [140.0822693, 38.0828075], [140.0794014, 38.0815685], [140.0761255, 38.0801551], [140.0726934, 38.0788132], [140.0696778, 38.0776367], [140.066936, 38.0763119], [140.0640527, 38.0749244], [140.060772, 38.0733785], [140.0556169, 38.0712222], [140.0528164, 38.0688502], [140.0502657, 38.0662569], [140.0481245, 38.0640684], [140.0455461, 38.0622394], [140.0433343, 38.0597852], [140.0396727, 38.057069], [140.0388183, 38.0543599], [140.0390806, 38.0518497], [140.0395009, 38.0494317], [140.0390857, 38.0469295], [140.0379332, 38.0442676], [140.035844, 38.0423088], [140.0338751, 38.0402983], [140.0319664, 38.0374033], [140.0318309, 38.0355974], [140.031561, 38.0327553], [140.0277598, 38.031508], [140.0244897, 38.0298004], [140.0223065, 38.0286176], [140.0202054, 38.0268105], [140.0180309, 38.0249219], [140.0167097, 38.022351], [140.0153101, 38.0197469], [140.0142408, 38.0176561], [140.010907, 38.0151936], [140.0081664, 38.0143112], [140.0054406, 38.0126609], [140.0016785, 38.0103038], [139.9982318, 38.0083487], [139.9941635, 38.0060409], [139.9920758, 38.0046654], [139.988929, 38.0027778], [139.9861993, 38.0003949], [139.9835092, 37.99804], [139.9801701, 37.9958441], [139.9761424, 37.9931308], [139.9722048, 37.9903448], [139.9678174, 37.9875538], [139.9658773, 37.9868319], [139.9632278, 37.9858688], [139.9593408, 37.9859943], [139.9562385, 37.9871523], [139.8740835, 38.0030206], [139.870284, 38.0028117], [139.8594359, 38.004547], [139.8573866, 38.0047425], [139.8532166, 38.0053075], [139.8419658, 38.0062912], [139.8388225, 38.0061359], [139.8277493, 38.0070295], [139.8243754, 38.0076051], [139.8217512, 38.0080198], [139.8177453, 38.0087214], [139.8081043, 38.0112075], [139.8045491, 38.0114421], [139.7922126, 38.0132001], [139.7876341, 38.014313], [139.7832205, 38.0163101], [139.7806713, 38.0175247], [139.7764549, 38.0194878], [139.7722099, 38.0203663], [139.7673607, 38.0208778], [139.7630255, 38.0201588], [139.7583252, 38.0194377], [139.7548559, 38.0185672], [139.7469041, 38.0170399], [139.739416, 38.0177035], [139.7301193, 38.0165171], [139.7247598, 38.015824], [139.721175, 38.0153826], [139.7182747, 38.0160078], [139.7153972, 38.016599], [139.7115468, 38.0179907], [139.70913, 38.0179915], [139.7052743, 38.0179637], [139.7005406, 38.0194483], [139.6975742, 38.020465], [139.6900203, 38.0229237], [139.68674, 38.0233636], [139.6841748, 38.0247978], [139.6817072, 38.0262194], [139.6763975, 38.0289482], [139.6730901, 38.0296724], [139.6705635, 38.0302303], [139.6659938, 38.0317036], [139.6633378, 38.0327407], [139.6603073, 38.0350955], [139.6574992, 38.0374431], [139.65564, 38.038178], [139.6522916, 38.0389092], [139.6481374, 38.0397745], [139.6448072, 38.0405094], [139.6411547, 38.0421774], [139.6359426, 38.0431249], [139.632088, 38.0448895], [139.6277544, 38.0459925], [139.6219589, 38.0468202], [139.6176912, 38.0474656], [139.6125358, 38.0468138], [139.6081219, 38.0468665], [139.6045868, 38.0468975], [139.599819, 38.0461661], [139.5974369, 38.0452521], [139.5932868, 38.0437164], [139.5894619, 38.0421215], [139.5859641, 38.0417032], [139.5834596, 38.041444], [139.5793468, 38.0389565], [139.5752722, 38.0375732], [139.5723665, 38.0371129], [139.569671, 38.0365131], [139.5657419, 38.0364023], [139.56139554, 38.03528578]]}, "properties": {"kv": 500, "name": "朝日幹線", "region": "tohoku", "loading": 0.0, "xfmr": false, "npts_orig": 299}}, {"type": "Feature", "geometry": {"type": "LineString", "coordinates": [[140.64359786222224, 38.254560437777776], [140.6434149, 38.2497712], [140.6390578, 38.2498091], [140.6350226, 38.2498597], [140.6318165, 38.249552], [140.6282561, 38.2491875], [140.6249562, 38.2483026], [140.6210014, 38.2458036], [140.6195634, 38.2431971], [140.6182326, 38.2411699], [140.6166443, 38.239737], [140.6150694, 38.2382935], [140.611544, 38.2349955], [140.6092447, 38.2332695], [140.6061137, 38.2308332], [140.6027009, 38.2281503], [140.598934, 38.225248], [140.5962457, 38.2215005], [140.5940376, 38.2186275], [140.592393, 38.2168884], [140.5888058, 38.213248], [140.5878628, 38.2098508], [140.5870458, 38.2054102], [140.5866557, 38.2013706], [140.588551, 38.199487], [140.5892339, 38.1951192], [140.5899251, 38.1933124], [140.5914973, 38.1893452], [140.5930498, 38.1854404], [140.5924513, 38.1817137], [140.5920925, 38.179643], [140.5914656, 38.1758976], [140.5898891, 38.1721955], [140.5882493, 38.1684399], [140.5868653, 38.1649248], [140.5860537, 38.1628782], [140.5847632, 38.1588583], [140.583474, 38.1548704], [140.5822241, 38.1508081], [140.5831674, 38.1481393], [140.5840909, 38.1454799], [140.5847239, 38.1436532], [140.5855157, 38.1395979], [140.5860812, 38.1365468], [140.5866833, 38.1337897], [140.58727, 38.1311157], [140.587791, 38.1266611], [140.5881726, 38.1233757], [140.588442, 38.1213065], [140.5877391, 38.1176525], [140.5898405, 38.1133534], [140.5881785, 38.1099891], [140.5866083, 38.1067726], [140.5854538, 38.0997409], [140.5844275, 38.0936009], [140.5840751, 38.0915815], [140.5815895, 38.0822286], [140.5803505, 38.0795116], [140.5784832, 38.0754094], [140.5773193, 38.0726192], [140.5763206, 38.0688378], [140.5757699, 38.06641], [140.5748213, 38.0626933], [140.574122, 38.0599657], [140.5738005, 38.0575253], [140.5734129, 38.054916], [140.5729684, 38.0516871], [140.57244, 38.0485929], [140.5711234, 38.0459077], [140.5701125, 38.0437653], [140.5687008, 38.0409464], [140.5673635, 38.0380676], [140.5661578, 38.0354052], [140.5647113, 38.0319028], [140.5662315, 38.0247954], [140.5674002, 38.0209138], [140.5694599, 38.0176976], [140.5714981, 38.0150108], [140.5735903, 38.0123432], [140.5751114, 38.0100356], [140.5789937, 38.0088341], [140.58320294285713, 38.00549227142857]]}, "properties": {"kv": 500, "name": "常磐幹線", "region": "tohoku", "loading": 0.0, "xfmr": false, "npts_orig": 82}}, {"type": "Feature", "geometry": {"type": "LineString", "coordinates": [[140.64359786222224, 38.254560437777776], [140.6388809, 38.2535871], [140.6358577, 38.2552096], [140.6326262, 38.2569787], [140.6303307, 38.2582959], [140.6279638, 38.2596577], [140.6266611, 38.2624679], [140.6289815, 38.2655573], [140.6319815, 38.2687543], [140.6350947, 38.2701311], [140.637431, 38.2725101], [140.6406114, 38.2757772], [140.6423828, 38.2787477], [140.6445134, 38.2823364], [140.6472203, 38.2854738], [140.6501813, 38.2887563], [140.6527582, 38.2906042], [140.6557882, 38.2924466], [140.6589147, 38.2937968], [140.6604068, 38.2957416], [140.6626787, 38.2983125], [140.6647002, 38.3018878], [140.6691124, 38.3049391], [140.6735987, 38.3078151], [140.6778521, 38.3101483], [140.682528, 38.3104302], [140.6877798, 38.3120044], [140.691669, 38.3120697], [140.6959176, 38.3121181], [140.6987768, 38.3120465], [140.7030871, 38.3119118], [140.7063675, 38.3118403], [140.7117278, 38.3131717], [140.7156518, 38.3141814], [140.7204245, 38.3154097], [140.7229368, 38.3175267], [140.7254756, 38.3197278], [140.7277621, 38.3217273], [140.7301305, 38.3251527], [140.732401, 38.3284162], [140.7362003, 38.3314924], [140.741824, 38.3360464], [140.7425042, 38.3400134], [140.7431562, 38.3448026], [140.7435408, 38.3475892], [140.7447093, 38.3508583], [140.7457152, 38.3537752], [140.7472458, 38.3580949], [140.7485713, 38.3618178], [140.7482124, 38.3678258], [140.7476794, 38.3712468], [140.7472032, 38.3763172], [140.7477083, 38.3783032], [140.7483088, 38.3808857], [140.7490153, 38.3839064], [140.7496619, 38.386608], [140.7515404, 38.3892663], [140.756204, 38.3957852], [140.7565378, 38.3994307], [140.7567345, 38.4021328], [140.7588135, 38.4076662], [140.7596416, 38.4100588], [140.7594703, 38.4123396], [140.7593363, 38.415962], [140.75918, 38.4197067], [140.7584951, 38.4230604], [140.7577209, 38.4268105], [140.7560756, 38.4304847], [140.7562915, 38.4340886], [140.7563734, 38.436876], [140.7548696, 38.4400307], [140.7530159, 38.4435351], [140.7507676, 38.445809], [140.7477079, 38.4486951], [140.7441643, 38.4521174], [140.7405811, 38.4555309], [140.7386042, 38.4568736], [140.7373755, 38.4583627], [140.7350964, 38.461064], [140.7327839, 38.463792], [140.7311792, 38.4657794], [140.7290009, 38.4682923], [140.7266091, 38.4695917], [140.7232655, 38.4713783], [140.720056, 38.4730885], [140.7172188, 38.4736808], [140.7142168, 38.4742684], [140.7092868, 38.4760071], [140.7058028, 38.4772061], [140.7016415, 38.4779942], [140.6990606, 38.4785101], [140.6958939, 38.479045], [140.6920275, 38.4796968], [140.6888963, 38.4814872], [140.6871773, 38.4831792], [140.6842188, 38.4859841], [140.6840296, 38.488439], [140.6862262, 38.4914668], [140.6878126, 38.4932004], [140.6900153, 38.4957219], [140.6928249, 38.4987873], [140.6953264, 38.5025564], [140.6983452, 38.5052032], [140.7010078, 38.5075463], [140.7035382, 38.509114], [140.707544, 38.5116059], [140.7108776, 38.5136736], [140.7165683, 38.5172059], [140.7193374, 38.5189276], [140.7210948, 38.5216419], [140.7235651, 38.5254781], [140.7244355, 38.5289703], [140.72502, 38.5314248], [140.7266986, 38.5352119], [140.7291192, 38.5382433], [140.7304373, 38.5399356], [140.7319888, 38.5418806], [140.7334483, 38.5436594], [140.7358751, 38.5468869], [140.7380087, 38.5496834], [140.7420768, 38.5509624], [140.7470651, 38.5529794], [140.7514966, 38.554758], [140.7560628, 38.5564311], [140.7591578, 38.5575312], [140.7619304, 38.5585351], [140.7654416, 38.559736], [140.7695448, 38.5611065], [140.7745097, 38.5629719], [140.7780853, 38.5642645], [140.7827044, 38.5653094], [140.786052, 38.5660457], [140.7900616, 38.5669813], [140.7932284, 38.5689131], [140.7958786, 38.5727212], [140.7979713, 38.575723], [140.8002938, 38.5774498], [140.8041611, 38.5787735], [140.8068415, 38.5796705], [140.8103418, 38.5808344], [140.8134078, 38.5818585], [140.8176049, 38.5834091], [140.8202923, 38.5844694], [140.8221458, 38.5866808], [140.8243986, 38.5910569], [140.8255154, 38.5931788], [140.826547, 38.5954061], [140.8277118, 38.5977434], [140.8291743, 38.6009834], [140.8361824, 38.6037722], [140.839836, 38.6052881], [140.8431289, 38.60586], [140.84928335714284, 38.605703428571424]]}, "properties": {"kv": 500, "name": "青葉幹線", "region": "tohoku", "loading": 0.0, "xfmr": false, "npts_orig": 153}}, {"type": "Feature", "geometry": {"type": "LineString", "coordinates": [[139.56139554, 38.03528578], [139.5555262, 38.0381551], [139.5513243, 38.039489], [139.5461508, 38.0390712], [139.5391398, 38.0384467], [139.5367991, 38.0376972], [139.5341522, 38.0369155], [139.5312373, 38.0359657], [139.5270045, 38.0346476], [139.5247705, 38.0339541], [139.520606, 38.0316302], [139.5165674, 38.0293802], [139.5154476, 38.0268012], [139.514636, 38.024759], [139.5129811, 38.0208269], [139.5138644, 38.0160058], [139.513895, 38.011732], [139.5109693, 38.007636], [139.5103929, 38.004493], [139.5062763, 38.0018027], [139.5025734, 38.0004322], [139.4998234, 38.000206], [139.4958863, 37.9979742], [139.4931834, 37.9976376], [139.4890778, 37.9981974], [139.4862761, 37.9987431], [139.4816211, 37.9990241], [139.4775627, 37.9987221], [139.4741628, 37.9958511], [139.4692308, 37.9937699], [139.4648291, 37.991852], [139.4604775, 37.9885983], [139.4580442, 37.9850633], [139.4569781, 37.9816935], [139.4568209, 37.9795822], [139.4565688, 37.9765492], [139.4562599, 37.9735602], [139.4546603, 37.9714971], [139.4522938, 37.9684867], [139.4496182, 37.96666], [139.4476924, 37.9653231], [139.4448844, 37.9629275], [139.4426334, 37.9594105], [139.4397855, 37.9572599], [139.4361645, 37.9538761], [139.4346258, 37.9509268], [139.4342025, 37.9493276], [139.4332462, 37.9456443], [139.432599, 37.9430059], [139.4316161, 37.9388807], [139.4305578, 37.934447], [139.4309235, 37.9312766], [139.4297925, 37.927582], [139.4299632, 37.9251242], [139.4300812, 37.922471], [139.430217, 37.9202372], [139.4297969, 37.9166776], [139.4292665, 37.9124242], [139.4290158, 37.9104273], [139.4287473, 37.9083435], [139.4279455, 37.905949], [139.4271006, 37.9035183], [139.4248582, 37.9008816], [139.4235294, 37.8993358], [139.4218634, 37.8974229], [139.4181786, 37.8947665], [139.4134661, 37.8944144], [139.4107054, 37.8937017], [139.4110341142857, 37.88929509285715]]}, "properties": {"kv": 500, "name": "朝日幹線", "region": "tohoku", "loading": 0.0, "xfmr": false, "npts_orig": 69}}, {"type": "Feature", "geometry": {"type": "LineString", "coordinates": [[140.72281976800002, 37.142196864], [140.7141633, 37.139533], [140.7126501, 37.1366139], [140.7080705, 37.1334454], [140.7051451, 37.1315234], [140.7000861, 37.1282186], [140.6970175, 37.1255199], [140.6941804, 37.1228808], [140.6910754, 37.1199148], [140.6875133, 37.1165968], [140.6845453, 37.1136991], [140.6832577, 37.1124869], [140.6805309, 37.110149], [140.6759601, 37.1061769], [140.6720512, 37.1028457], [140.6690092, 37.1008344], [140.6638394, 37.0975533], [140.6596955, 37.0944884], [140.6555681, 37.0921959], [140.6515642, 37.0893346], [140.6481949, 37.08683], [140.645162, 37.084943], [140.6416314, 37.0812714], [140.6397243, 37.0793475], [140.6369029, 37.0764553], [140.6340659, 37.0735881], [140.6311342, 37.0709975], [140.6253497, 37.0659921], [140.6203818, 37.0615334], [140.6184148, 37.0598128], [140.6151616, 37.0568041], [140.6131189, 37.0544192], [140.610017, 37.0503537], [140.6090158, 37.0469179], [140.6044967, 37.0416281], [140.6012284, 37.0398728], [140.5969816, 37.0376585], [140.5933392, 37.03379], [140.5913168, 37.0328864], [140.5882269, 37.0316916], [140.5842251, 37.0300257], [140.5810922, 37.028651], [140.5785495, 37.0275547], [140.5758083, 37.0263084], [140.5712539, 37.0243084], [140.5676812, 37.0222654], [140.563733, 37.016753], [140.5578858, 37.0141659], [140.5554771, 37.0117372], [140.5509549, 37.0073335], [140.5494529, 37.0053758], [140.5468565, 37.0017537], [140.542307, 36.9981899], [140.5396666, 36.9961098], [140.534993, 36.9924469], [140.5327077, 36.9906586], [140.5286569, 36.9874641], [140.525651, 36.9850713], [140.5246267, 36.9832581], [140.5228509, 36.9801972], [140.5216922, 36.9777967], [140.5202653, 36.9752902], [140.5184917, 36.9715169], [140.5156815, 36.9693494], [140.5136098, 36.967822], [140.5113733, 36.9659876], [140.5096583, 36.9644419], [140.5070057, 36.9605902], [140.5051535, 36.9568042], [140.5038958, 36.9535588], [140.5028118, 36.9509018], [140.5021009, 36.9487944], [140.5013134, 36.9464995], [140.5000237, 36.9433634], [140.4984344, 36.9396276], [140.4971676, 36.9356833], [140.4953313, 36.9324737], [140.49304, 36.9277704], [140.4909968, 36.9238033], [140.4886114, 36.9189995], [140.4862776, 36.9165092], [140.481952, 36.9119747], [140.4792173, 36.908584], [140.4763162, 36.9049543], [140.4741072, 36.9023925], [140.4716846, 36.8993916], [140.4680484, 36.895038], [140.4654992, 36.8922059], [140.4629689, 36.8893861], [140.460924, 36.8870893], [140.4591214, 36.8835768], [140.457181, 36.880002], [140.4554218, 36.8764063], [140.4541508, 36.8728], [140.4524304, 36.8705208], [140.4501617, 36.8674859], [140.4470774, 36.8631868], [140.4455257, 36.8609005], [140.4439275, 36.8573486], [140.4422572, 36.8534536], [140.441257, 36.8506634], [140.439265, 36.846495], [140.4376209, 36.8431306], [140.4344091, 36.8407377], [140.4296658, 36.837173], [140.4263288, 36.8346666], [140.4222365, 36.8314092], [140.4155005, 36.829495], [140.4123697, 36.8282658], [140.40708, 36.8261154], [140.4013569, 36.8238526], [140.3981053, 36.8225446], [140.3939794, 36.8212431], [140.3902621, 36.8201018], [140.3854295, 36.8182084], [140.3795022, 36.8178421], [140.3734564, 36.8186335], [140.3697454, 36.8191494], [140.3651442, 36.8166495], [140.3619553, 36.8149036], [140.3564873, 36.8132826], [140.3525473, 36.8110093], [140.3486218, 36.8087383], [140.3453318, 36.8072975], [140.3429834, 36.8045939], [140.3400371, 36.8013489], [140.3383415, 36.7993968], [140.3353035, 36.7959959], [140.3347931, 36.7935867], [140.3336015, 36.7876905], [140.3329859, 36.7846607], [140.3320765, 36.7801098], [140.3295055, 36.7779468], [140.3256737, 36.7744966], [140.3226957, 36.7717307], [140.3170448, 36.7667124], [140.3135395, 36.7631892], [140.3115887, 36.7615845], [140.3071591, 36.7576674], [140.3020107, 36.753444], [140.2994192, 36.7493499], [140.2972427, 36.7444959], [140.2952929, 36.740688], [140.293978, 36.7382607], [140.2923456, 36.7351357], [140.2903143, 36.7326428], [140.2865518, 36.7279457], [140.2831505, 36.7240011], [140.2811699, 36.7217785], [140.2777768, 36.7178503], [140.2754382, 36.7151583], [140.2734356, 36.7131616], [140.2693869, 36.7090556], [140.2674967, 36.707071], [140.2645222, 36.7023533], [140.2614329, 36.698281], [140.2599126, 36.696094], [140.25662, 36.6927857], [140.254793, 36.6908561], [140.2524141, 36.6869803], [140.2495129, 36.682183], [140.2482649, 36.6801259], [140.2460143, 36.6758006], [140.2437188, 36.6713029], [140.2425605, 36.669438], [140.2380261, 36.6648148], [140.2348684, 36.6614061], [140.2329086, 36.6591858], [140.22993, 36.6560004], [140.2269988, 36.6523426], [140.2234336, 36.6477653], [140.2197388, 36.643105], [140.2189041, 36.6385264], [140.2178901, 36.6334142], [140.2156518, 36.6296677], [140.2134189, 36.6267314], [140.2111531, 36.6234477], [140.209561, 36.6204214], [140.2080755, 36.6176386], [140.2064269, 36.6144813], [140.2028828, 36.6115247], [140.2004479, 36.6091574], [140.1999675, 36.6059383], [140.1994598, 36.6011155], [140.1988998, 36.5957747], [140.1976356, 36.5942043], [140.1950625, 36.592543], [140.1913503, 36.5901791], [140.1892763, 36.5862554], [140.1868502, 36.5826958], [140.184325, 36.5788455], [140.1822281, 36.5756676], [140.1796773, 36.5717965], [140.1803572, 36.5660663], [140.1806895, 36.5631214], [140.1799159, 36.5595321], [140.1790657, 36.5557834], [140.1782725, 36.552155], [140.1766591, 36.5493917], [140.1741414, 36.54504], [140.1722532, 36.5418068], [140.1694208, 36.536949], [140.1663119, 36.5330334], [140.164114, 36.530228], [140.1605282, 36.5257377], [140.1597016, 36.5230327], [140.1560872, 36.5211745], [140.1544184, 36.5208065], [140.1546135, 36.5200416], [140.1573089, 36.520193], [140.1586611, 36.5196213], [140.1574683, 36.5157572], [140.1563583, 36.5120528], [140.1552922, 36.5084505], [140.1539451, 36.5040578], [140.1536578, 36.5009479], [140.1533449, 36.4972527], [140.1530321, 36.4938962], [140.1526873, 36.4902161], [140.1521413, 36.4864659], [140.1516728, 36.4837167], [140.1511385, 36.4798307], [140.1506289, 36.4763476], [140.1500042, 36.4724149], [140.1497905, 36.4676359], [140.1495746, 36.4635584], [140.146369, 36.4591226], [140.144427, 36.4559482], [140.1448093, 36.4523417], [140.1451708, 36.4489167], [140.1401981, 36.4459956], [140.1377207, 36.4417703], [140.1354123, 36.438661], [140.1336805, 36.4364517], [140.1316956, 36.4337452], [140.1291587, 36.4304692], [140.1236371, 36.4274651], [140.1199297, 36.4241457], [140.1170546, 36.4216023], [140.1146222, 36.4194375], [140.1110198, 36.4182279], [140.1088662, 36.4139905], [140.1068489, 36.4120174], [140.1010587, 36.4102685], [140.0987831, 36.4060088], [140.0955316, 36.4038401], [140.0922721, 36.4016517], [140.0878044, 36.3983391], [140.0849743, 36.3939244], [140.0848253, 36.3897741], [140.0815021, 36.3870216], [140.0792707, 36.3836493], [140.0777181, 36.3807867], [140.0726857, 36.3792028], [140.0673401, 36.3775051], [140.0615803, 36.3748436], [140.0588308, 36.3735188], [140.0564283, 36.3703734], [140.0538401, 36.3670273], [140.050472, 36.3642206], [140.047091, 36.3614364], [140.0432748, 36.3582812], [140.039845, 36.3561718], [140.0367922, 36.3529877], [140.0331642, 36.349197], [140.0296023, 36.3454043], [140.0260234, 36.3417119], [140.0216019, 36.3386531], [140.0173068, 36.3356937], [140.0132874, 36.3329563], [140.0087926, 36.3298766], [140.006593, 36.3253468], [140.0039412, 36.3205689], [140.0064165, 36.3168658], [140.0067417, 36.3131477], [140.0050022, 36.3087676], [140.0045865, 36.3044036], [140.0037869, 36.2995032], [140.0026794, 36.2949398], [140.0016873, 36.2909743], [140.0007934, 36.2871707], [139.9999569, 36.2828424], [139.9990884, 36.2783139], [139.9976368, 36.2742204], [139.9963105, 36.2704201], [139.9948997, 36.2664369], [139.9935888, 36.2626613], [139.9925271, 36.2596609], [139.9912496, 36.2559851], [139.99015, 36.2528907], [139.9876493, 36.2486666], [139.9857648, 36.2455001], [139.9836846, 36.2420541], [139.9816154, 36.2386114], [139.9792323, 36.2362864], [139.975576, 36.232721], [139.9728512, 36.2299348], [139.970203, 36.2265939], [139.9673772, 36.2229282], [139.9647095, 36.2195417], [139.9620021, 36.2160344], [139.9598808, 36.2121459], [139.9574212, 36.2075533], [139.9555485, 36.2041468], [139.9511141, 36.2019548], [139.9459488, 36.1990624], [139.9413629, 36.1968095], [139.9375103, 36.1948556], [139.9330067, 36.1925801], [139.9306138, 36.1906822], [139.9310721, 36.1875553], [139.9277739, 36.183392], [139.924787, 36.1796746], [139.9214507, 36.1774775], [139.9180371, 36.1751983], [139.9152989, 36.1734206], [139.9111448, 36.1707177], [139.9077113, 36.1704196], [139.9035248, 36.1696233]]}, "properties": {"kv": 500, "name": "福島東幹線", "region": "tohoku", "loading": 0.0, "xfmr": false, "npts_orig": 319}}, {"type": "Feature", "geometry": {"type": "LineString", "coordinates": [[140.72281976800002, 37.142196864], [140.7241782, 37.1460913], [140.7269237, 37.1499122], [140.7300822, 37.1556423], [140.7333465, 37.1590183], [140.7348678, 37.161081], [140.7373947, 37.1639753], [140.7401653, 37.1680181], [140.7432838, 37.1726344], [140.7453501, 37.1756899], [140.7476002, 37.1778766], [140.7496602, 37.1799573], [140.7531209, 37.1834165], [140.7570253, 37.1872996], [140.759529, 37.1902081], [140.760803, 37.1951815], [140.7647834, 37.1994832], [140.7682695, 37.2044762], [140.7711582, 37.2061612], [140.7759867, 37.2087458], [140.7809193, 37.2116113], [140.7855608, 37.2140243], [140.7883428, 37.2159221], [140.7908729, 37.2175909], [140.7943933, 37.2200492], [140.7970515, 37.2218447], [140.8001924, 37.2257095], [140.8019202, 37.2279964], [140.8040522, 37.2307795], [140.8059906, 37.233345], [140.8079632, 37.2359013], [140.8102593, 37.2390767], [140.8125741, 37.2420591], [140.8151494, 37.2452267], [140.8175314, 37.2483869], [140.8208566, 37.2524068], [140.8226683, 37.25473], [140.8243789, 37.2568345], [140.8274025, 37.2601338], [140.8314364, 37.2643717], [140.8340373, 37.2671204], [140.83713, 37.2704315], [140.8387859, 37.2734429], [140.8407606, 37.2769127], [140.8430004, 37.2795172], [140.8474915, 37.2831701], [140.8549693, 37.2889758], [140.8574875, 37.2909178], [140.8594933, 37.2925086], [140.8618278, 37.2950382], [140.8643344, 37.2977741], [140.8666846, 37.3003549], [140.8695071, 37.3034296], [140.8718535, 37.3059676], [140.8733879, 37.3076627], [140.8761376, 37.3106227], [140.8793062, 37.3141307], [140.8813325, 37.3163273], [140.8853633, 37.319314], [140.8872289, 37.3206679], [140.8927961, 37.324793], [140.8977176, 37.3276733], [140.90096, 37.3295157], [140.9044199, 37.3315405], [140.9077861, 37.3335074], [140.9124872, 37.336227], [140.9163715, 37.3383228], [140.9211847, 37.3408949], [140.9254695, 37.3431304], [140.9307447, 37.3444271], [140.9340993, 37.3452394], [140.9402749, 37.3450884], [140.9481451, 37.3459973], [140.9519375, 37.3478907], [140.9571214, 37.350453], [140.9589008, 37.3527789], [140.96060825531916, 37.35938245957447]]}, "properties": {"kv": 500, "name": "福島東幹線", "region": "tohoku", "loading": 0.0, "xfmr": false, "npts_orig": 77}}, {"type": "Feature", "geometry": {"type": "LineString", "coordinates": [[140.72281976800002, 37.142196864], [140.7153273, 37.1436878], [140.7113845, 37.1438182], [140.7089059, 37.1424945], [140.7052462, 37.1398911], [140.7025173, 37.1386811], [140.6970679, 37.1349187], [140.6955604, 37.1329416], [140.6932276, 37.129693], [140.6907496, 37.1263865], [140.6884272, 37.1232369], [140.6861644, 37.1207796], [140.682743, 37.1171006], [140.6788938, 37.1138142], [140.676574, 37.1119333], [140.6731785, 37.1090291], [140.6690701, 37.1055976], [140.6627992, 37.1031903], [140.6583208, 37.1014187], [140.654727, 37.0979663], [140.6518115, 37.0952567], [140.6488822, 37.0924118], [140.6464502, 37.0902956], [140.6436411, 37.0874498], [140.6407477, 37.0846598], [140.6372363, 37.0821723], [140.6328962, 37.0791693], [140.6302697, 37.0773428], [140.627573, 37.0747206], [140.6241037, 37.0714819], [140.6219547, 37.0694647], [140.6200828, 37.0678015], [140.6175098, 37.0654412], [140.6152715, 37.0639206], [140.6126583, 37.0621271], [140.6107934, 37.0594748], [140.6087545, 37.0563595], [140.6054309, 37.0540576], [140.6045772, 37.0506245], [140.6029522, 37.0486867], [140.6010854, 37.0468756], [140.5980867, 37.0438399], [140.5956566, 37.0414164], [140.5930281, 37.0388258], [140.5906355, 37.0373742], [140.5885434, 37.0358412], [140.5821544, 37.0343809], [140.5775356, 37.0332782], [140.5735445, 37.0302441], [140.5703205, 37.0276403], [140.5666244, 37.0247709], [140.5633923, 37.0218339], [140.5594763, 37.0182415], [140.5573118, 37.0162733], [140.5545706, 37.013759], [140.5519447, 37.0113474], [140.5504614, 37.0096318], [140.5476934, 37.0063054], [140.5458748, 37.004202], [140.5420752, 37.0003875], [140.540284, 36.99855], [140.5378443, 36.9960835], [140.5345501, 36.9935347], [140.5317449, 36.9913805], [140.5279, 36.9883752], [140.5246625, 36.9858714], [140.52332, 36.9840423], [140.5210287, 36.981021], [140.5190804, 36.9790298], [140.5158035, 36.9748976], [140.5130801, 36.9712291], [140.5115905, 36.9693712], [140.5092812, 36.9666459], [140.5070863, 36.9640018], [140.5054124, 36.961959], [140.503455, 36.959178], [140.5017079, 36.9573398], [140.5000889, 36.9552566], [140.4987764, 36.9511962], [140.4981132, 36.948784], [140.4973449, 36.9457576], [140.4963785, 36.9421546], [140.4947223, 36.9401168], [140.4912374, 36.935233], [140.4895589, 36.9326119], [140.4875923, 36.9301991], [140.4860648, 36.9280311], [140.482557, 36.9256035], [140.4787747, 36.9232416], [140.4732991, 36.9198865], [140.4686912, 36.9177111], [140.4657966, 36.9174188], [140.4605343, 36.916889], [140.4568801, 36.9165051], [140.4533823, 36.9137135], [140.4509852, 36.911731], [140.447716, 36.909141], [140.4449834, 36.9082718], [140.4411995, 36.9070831], [140.4347719, 36.9051456], [140.4310293, 36.9040235], [140.4277246, 36.9030453], [140.4222791, 36.9006847], [140.4171261, 36.8985201], [140.4135561, 36.8962764], [140.4095311, 36.8926217], [140.4056992, 36.8892505], [140.403775, 36.8875072], [140.4001563, 36.8842973], [140.398106, 36.8822228], [140.3960977, 36.8799982], [140.3920424, 36.8767413], [140.3876604, 36.8733602], [140.3832516, 36.8687712], [140.3800791, 36.8653041], [140.3795151, 36.8646549], [140.3750971, 36.8597846], [140.3707981, 36.855108], [140.3693254, 36.8533295], [140.367496, 36.8501827], [140.3645073, 36.8455191], [140.3630643, 36.8434561], [140.3615651, 36.8392555], [140.359441, 36.8357492], [140.357958, 36.8332431], [140.3567696, 36.8312683], [140.3523012, 36.8273418], [140.3501674, 36.8223757], [140.3481741, 36.818967], [140.34571, 36.8148817], [140.3441153, 36.8122194], [140.3419566, 36.8093464], [140.3395229, 36.8061745], [140.3372194, 36.8031164], [140.3336625, 36.7992667], [140.3316145, 36.7964961], [140.3282919, 36.7920432], [140.3259038, 36.7889261], [140.3239219, 36.7862355], [140.322433, 36.7842466], [140.3212722, 36.7819159], [140.3198049, 36.7788828], [140.3173485, 36.7736923], [140.3153706, 36.7696716], [140.3140055, 36.7668546], [140.3094839, 36.7628604], [140.3064564, 36.759719], [140.3021564, 36.755436], [140.2988569, 36.7520457], [140.2958189, 36.7487178], [140.2933432, 36.745971], [140.2902254, 36.7425571], [140.288876, 36.7403479], [140.2869679, 36.7373305], [140.2840297, 36.7325512], [140.282901, 36.7307148], [140.2790588, 36.7268957], [140.2768074, 36.7247139], [140.2746833, 36.7226687], [140.271549, 36.7180385], [140.2693406, 36.7149394], [140.2673007, 36.7119543], [140.2651313, 36.708829], [140.2625215, 36.7050857], [140.2592479, 36.7013085], [140.257277, 36.6990381], [140.2548927, 36.6960524], [140.2518852, 36.6922367], [140.2496657, 36.6893717], [140.2481715, 36.6875459], [140.2434866, 36.684801], [140.2402816, 36.6829422], [140.2373258, 36.6812192], [140.234273, 36.6794224], [140.2314507, 36.6763437], [140.2276769, 36.6721452], [140.22524, 36.6677737], [140.2230493, 36.6638154], [140.2209732, 36.6600823], [140.2187693, 36.6560718], [140.2168719, 36.651903], [140.2144451, 36.6464611], [140.2134633, 36.6443451], [140.2120214, 36.6411266], [140.2106573, 36.6381834], [140.2064907, 36.635437], [140.201366, 36.6319885], [140.199905, 36.6300101], [140.196762, 36.6256001], [140.1946138, 36.6226514], [140.1932666, 36.6197776], [140.1920914, 36.6173238], [140.1897496, 36.6123209], [140.1876273, 36.6077919], [140.1865979, 36.6045598], [140.1856319, 36.6015015], [140.1840891, 36.5965686], [140.1832387, 36.5939285], [140.1813836, 36.5880496], [140.1795102, 36.5820807], [140.1774682, 36.5794978], [140.1748028, 36.5760658], [140.1746944, 36.5715888], [140.174595, 36.5676194], [140.1745498, 36.5638386], [140.1744323, 36.5593608], [140.1719025, 36.5538014], [140.1705214, 36.5506973], [140.1690677, 36.5474336], [140.1677698, 36.5447273], [140.166592, 36.5421194], [140.1637116, 36.5369224], [140.1611817, 36.5324968], [140.1596493, 36.5297206], [140.1587747, 36.5264446], [140.1580608, 36.5236821], [140.1554395, 36.5240555], [140.1536741, 36.5243772]]}, "properties": {"kv": 500, "name": "福島幹線", "region": "tohoku", "loading": 0.0, "xfmr": false, "npts_orig": 218}}, {"type": "Feature", "geometry": {"type": "LineString", "coordinates": [[140.72281976800002, 37.142196864], [140.7304824, 37.1438238], [140.7361313, 37.1464791], [140.7406273, 37.1474771], [140.7466577, 37.1473814], [140.7516302, 37.1469507], [140.7552867, 37.1466271], [140.7606151, 37.1480086], [140.764358, 37.1489892], [140.7682983, 37.1494841], [140.7736513, 37.150408], [140.7774857, 37.1510855], [140.7802882, 37.1515081], [140.7847671, 37.1528659], [140.7888279, 37.1541178], [140.7939547, 37.1556421], [140.7986345, 37.1552239], [140.8043532, 37.1539356], [140.8100179, 37.1541869], [140.8168295, 37.1551944], [140.8221702, 37.1576751], [140.8297025, 37.1571874], [140.8349867, 37.1579726], [140.8387253, 37.1593002], [140.8435394, 37.1610209], [140.8467518, 37.1621512], [140.8510794, 37.1630261], [140.8564497, 37.1661623], [140.8587039, 37.1694948], [140.8606994, 37.1719347], [140.8629857, 37.1736013], [140.8656754, 37.1756847], [140.869754, 37.1767207], [140.8722441, 37.1785928], [140.8769314, 37.1783664], [140.8804426, 37.1804144], [140.8819961, 37.1838584], [140.8816721, 37.1865543], [140.8814817, 37.1891338], [140.8823291, 37.1924772], [140.8858976, 37.1955524], [140.8902549, 37.1987115], [140.89225, 37.2002789], [140.8968271, 37.2034824], [140.9021054, 37.2082349], [140.9074589, 37.2120688], [140.914342, 37.2143629], [140.9213221, 37.2144772], [140.9274986, 37.2146349], [140.9313186, 37.2147184], [140.9365323, 37.214907], [140.939541, 37.2159241], [140.9430698, 37.2172257], [140.9479769, 37.2207098], [140.9525772, 37.2237516], [140.9554203, 37.2255485], [140.9601795, 37.2279188], [140.9644181, 37.2305235], [140.9688588, 37.2318079], [140.9714026, 37.2339289], [140.9749208, 37.2369733], [140.9799883, 37.2380999], [140.9829856, 37.2392796], [140.9868564, 37.239677], [140.9900028, 37.2401154], [140.9972766, 37.2399422], [141.0012756, 37.2394345], [141.0043298, 37.2400936], [141.00996667692309, 37.23647796153846]]}, "properties": {"kv": 500, "name": "広野火力線", "region": "tohoku", "loading": 0.0, "xfmr": false, "npts_orig": 69}}, {"type": "Feature", "geometry": {"type": "LineString", "coordinates": [[140.96060825531916, 37.35938245957447], [140.9603472, 37.3541602], [140.9593945, 37.351765], [140.9578258, 37.3477505], [140.9554635, 37.3436568], [140.9563285, 37.3401598], [140.958687, 37.3358988], [140.9608568, 37.3345193], [140.9640117, 37.3325134], [140.9681848, 37.3294284], [140.9725724, 37.3262911], [140.9776566, 37.3239095], [140.9813528, 37.3226313], [140.9845979, 37.3215346], [140.9880368, 37.3203462], [140.9933317, 37.3185391], [140.9985003, 37.3164643], [141.002958, 37.3165662], [141.0086152, 37.3155108], [141.0131333, 37.3162126], [141.02179737333333, 37.31623946]]}, "properties": {"kv": 500, "name": "新福島変電所~楢葉町変電所線", "region": "tohoku", "loading": 0.0, "xfmr": false, "npts_orig": 21}}, {"type": "Feature", "geometry": {"type": "LineString", "coordinates": [[140.94065904285713, 37.84380111428572], [140.93842836000002, 37.83992402]]}, "properties": {"kv": 500, "name": "今泉変電所~丸森変電所線", "region": "tohoku", "loading": 0.0, "xfmr": false, "npts_orig": 2}}, {"type": "Feature", "geometry": {"type": "LineString", "coordinates": [[140.94065904285713, 37.84380111428572], [140.9412151, 37.8447029]]}, "properties": {"kv": 500, "name": "東北電力ネットワーク 500.0kV線", "region": "tohoku", "loading": 0.0, "xfmr": false, "npts_orig": 2}}, {"type": "Feature", "geometry": {"type": "LineString", "coordinates": [[140.94065904285713, 37.84380111428572], [140.9345772, 37.8470325], [140.9306222, 37.849049], [140.9320902, 37.8516158], [140.93619, 37.8518357], [140.9402377, 37.8519506], [140.9430331, 37.8512334], [140.94898836, 37.850972160000005]]}, "properties": {"kv": 500, "name": "東北電力ネットワーク 500.0kV線", "region": "tohoku", "loading": 0.0, "xfmr": false, "npts_orig": 8}}, {"type": "Feature", "geometry": {"type": "LineString", "coordinates": [[140.93842836000002, 37.83992402], [140.9307757, 37.8395764], [140.9267686, 37.8405325], [140.923063, 37.841419], [140.9189127, 37.8418877], [140.91312044999998, 37.840225925]]}, "properties": {"kv": 500, "name": "今泉変電所~丸森変電所線", "region": "tohoku", "loading": 0.0, "xfmr": false, "npts_orig": 6}}, {"type": "Feature", "geometry": {"type": "LineString", "coordinates": [[140.91312044999998, 37.840225925], [140.9096948, 37.8443187], [140.9052748, 37.8452983], [140.9016313, 37.8466921], [140.8995122, 37.8498158], [140.8976816, 37.8525477], [140.8943211, 37.8544479], [140.8903351, 37.8536533], [140.8862124, 37.8528189], [140.882166, 37.8520047], [140.8786271, 37.8525211], [140.8749543, 37.8535125], [140.8710774, 37.8545495], [140.8668961, 37.8556698], [140.8631985, 37.8566738], [140.8588246, 37.8569169], [140.8555706, 37.8569092], [140.8510193, 37.8568784], [140.8467999, 37.8575243], [140.8435566, 37.8577387], [140.8396964, 37.8579339], [140.8354746, 37.8578035], [140.8326417, 37.8579322], [140.8274734, 37.8581562], [140.8248628, 37.8569309], [140.8209776, 37.8551355], [140.8178695, 37.8542662], [140.8135354, 37.8530391], [140.8105099, 37.8514008], [140.8082677, 37.849423], [140.8055237, 37.8469319], [140.8020492, 37.8438037], [140.7984435, 37.8415147], [140.7956847, 37.8397925], [140.7908087, 37.8373128], [140.7870975, 37.8354273], [140.7815185, 37.8342434], [140.7783023, 37.8335795], [140.7727932, 37.8347049], [140.7676271, 37.8358453], [140.7625875, 37.8380829], [140.7591895, 37.8395615], [140.7556844, 37.841094], [140.7529093, 37.8424088], [140.7502563, 37.8426624]]}, "properties": {"kv": 500, "name": "今泉変電所~丸森変電所線", "region": "tohoku", "loading": 0.0, "xfmr": false, "npts_orig": 45}}, {"type": "Feature", "geometry": {"type": "LineString", "coordinates": [[140.7502563, 37.8426624], [140.7507029, 37.8397097], [140.7508423, 37.8360866], [140.7509839, 37.833491], [140.7510667, 37.8303315], [140.7520411, 37.8274708], [140.753299, 37.8240088], [140.754105, 37.8216437], [140.7543345, 37.8191688], [140.7545731, 37.8159594], [140.755688, 37.8135391], [140.757219, 37.8103264], [140.7580776, 37.8083763], [140.759616, 37.8050158], [140.7593788, 37.8010974], [140.7605105, 37.7986493], [140.7624898, 37.794419], [140.7627262, 37.7918359], [140.7629865, 37.7887804], [140.7631998, 37.7862161], [140.7635029, 37.7824201], [140.7620065, 37.7798039], [140.7602197, 37.7762991], [140.7573365, 37.7735412], [140.755077, 37.7721476], [140.7525407, 37.7704388], [140.7512585, 37.766744], [140.7502728, 37.7639022], [140.7490489, 37.7608898], [140.7483474, 37.7574138], [140.7477152, 37.7545308], [140.7482961, 37.7522739], [140.74734, 37.7485375], [140.7493192, 37.7444927], [140.7501765, 37.7409754], [140.7514632, 37.737183], [140.7547187, 37.734453], [140.7581636, 37.7316151], [140.7602534, 37.7286686], [140.7628637, 37.7259206], [140.7659091, 37.7228641], [140.7690384, 37.7174395], [140.7698439, 37.7153515], [140.7703057, 37.7141544], [140.777252, 37.6961459], [140.7782403, 37.6921787], [140.7798775, 37.6892858], [140.7810768, 37.6871887], [140.7813263, 37.6869467], [140.7854792, 37.6828019], [140.7866722, 37.6799209], [140.7879974, 37.6767586], [140.788118, 37.6727627], [140.7882658, 37.6702669], [140.7884391, 37.6670276], [140.7898763, 37.6629547], [140.790911, 37.6601045], [140.7917919, 37.6561861], [140.7925966, 37.65268], [140.7914949, 37.6488512], [140.7906751, 37.64608], [140.7899541, 37.6437181], [140.7897705, 37.6411398], [140.7915965, 37.6383001], [140.7932517, 37.6357238], [140.7956412, 37.6344868], [140.7989831, 37.6327075], [140.8014567, 37.6313966], [140.8052342, 37.6293962], [140.8095439, 37.6270982], [140.8135206, 37.6250632], [140.8166849, 37.6238827], [140.8194594, 37.622882], [140.8246035, 37.6210219], [140.8281386, 37.6196324], [140.831936, 37.6181992], [140.8343788, 37.6178998], [140.8368242, 37.6175954], [140.8411937, 37.6153829], [140.845438, 37.6131946], [140.849119, 37.6112875], [140.8523478, 37.6102525], [140.855348, 37.6092354], [140.8592076, 37.6082097], [140.8622907, 37.6073754], [140.86411, 37.6055142], [140.8683846, 37.602572], [140.8710803, 37.5995548], [140.8742822, 37.5959719], [140.8745955, 37.594179], [140.8750026, 37.5917983], [140.8774976, 37.5889331], [140.8773775, 37.5863394], [140.8784298, 37.5818089], [140.8823198, 37.5790987], [140.8868256, 37.5772763], [140.8905937, 37.5772852], [140.8947717, 37.5762077], [140.8975363, 37.5754833], [140.9010833, 37.572625], [140.9033616, 37.570797], [140.9064271, 37.5673948], [140.908594, 37.5649525], [140.9109397, 37.5620619], [140.9125082, 37.5601313], [140.9140235, 37.5568322], [140.9154203, 37.5538401], [140.9172725, 37.5509044], [140.9196599, 37.5481203], [140.9215738, 37.5459013], [140.9227855, 37.5435391], [140.9238949, 37.5413514], [140.9253899, 37.5384174], [140.9263256, 37.5365677], [140.9286317, 37.5333149], [140.9322217, 37.5316627], [140.9358777, 37.529959], [140.9392275, 37.529036], [140.9436811, 37.5309836], [140.95033708367347, 37.53620695918367]]}, "properties": {"kv": 500, "name": "常磐幹線", "region": "tohoku", "loading": 0.0, "xfmr": false, "npts_orig": 120}}, {"type": "Feature", "geometry": {"type": "LineString", "coordinates": [[140.7502563, 37.8426624], [140.7495009, 37.8458633], [140.7488553, 37.8485893], [140.7484284, 37.8503672], [140.7465663, 37.8535523], [140.7456703, 37.8556717], [140.7448379, 37.8575855], [140.7434966, 37.8606939], [140.7411943, 37.8642567], [140.7400765, 37.8672536], [140.7386893, 37.8710529], [140.737342, 37.8743444], [140.7361495, 37.8770967], [140.7342618, 37.8790248], [140.7328014, 37.8805164], [140.7293012, 37.8840308], [140.7275752, 37.8857931], [140.7244805, 37.888864], [140.7208231, 37.8907963], [140.7187816, 37.8918538], [140.714246, 37.8942221], [140.7101326, 37.897166], [140.707419, 37.8990895], [140.7036291, 37.9023248], [140.7007806, 37.9047258], [140.6969738, 37.9077785], [140.6946648, 37.9096033], [140.6904336, 37.9107657], [140.6877152, 37.9115173], [140.6839631, 37.9125516], [140.6800224, 37.915424], [140.6765645, 37.9179659], [140.6738141, 37.9199689], [140.6696376, 37.9230642], [140.6669117, 37.9248335], [140.6629351, 37.9273914], [140.6602922, 37.9291279], [140.6572551, 37.931095], [140.6504766, 37.937328], [140.6477885, 37.9399021], [140.6462808, 37.9420222], [140.6442132, 37.9450639], [140.64245, 37.94769], [140.63999, 37.951249], [140.6384004, 37.9535797], [140.635452, 37.9561074], [140.6333025, 37.9579167], [140.6282862, 37.9582593], [140.6224314, 37.9586546], [140.6196893, 37.9599854], [140.615773, 37.9618594], [140.6134928, 37.9630043], [140.6098969, 37.9636229], [140.6073808, 37.9641378], [140.6014444, 37.9664502], [140.5996112, 37.9679703], [140.595668, 37.9749665], [140.5908829, 37.9824274], [140.5876928, 37.996181], [140.5864041, 37.9985893], [140.58320294285713, 38.00549227142857]]}, "properties": {"kv": 500, "name": "常磐幹線", "region": "tohoku", "loading": 0.0, "xfmr": false, "npts_orig": 61}}, {"type": "Feature", "geometry": {"type": "LineString", "coordinates": [[140.84928335714284, 38.605703428571424], [140.841044, 38.6100699], [140.839596, 38.612755], [140.838077, 38.6167972], [140.8351651, 38.6203072], [140.8321668, 38.6237693], [140.8296139, 38.6268335], [140.8268117, 38.6290188], [140.8237501, 38.6313072], [140.8196536, 38.6343809], [140.8165992, 38.636677], [140.8151618, 38.6402866], [140.8147485, 38.643795], [140.8144646, 38.6469131], [140.8142634, 38.6494614], [140.8139113, 38.6533482], [140.8134405, 38.6554977], [140.8126284, 38.6590503], [140.8136525, 38.6632592], [140.8132824, 38.667698], [140.8130848, 38.6705569], [140.8128512, 38.6729445], [140.8145581, 38.6762156], [140.8172603, 38.6810659], [140.8174903, 38.6850576], [140.8178066, 38.6897306], [140.8194344, 38.6948829], [140.8205591, 38.6985176], [140.8214108, 38.7037282], [140.8222301, 38.7090225], [140.8239837, 38.7141145], [140.8253851, 38.7177287], [140.8266177, 38.7207594], [140.8279077, 38.7243536], [140.8298338, 38.7266889], [140.8342178, 38.7287213], [140.8392919, 38.7310504], [140.8439255, 38.7334669], [140.8475405, 38.7353141], [140.8515652, 38.7364802], [140.8570702, 38.738109], [140.861569, 38.7394147], [140.8652582, 38.7414692], [140.8695151, 38.7437453], [140.8743802, 38.7464148], [140.8762649, 38.7494234], [140.8781863, 38.7525763], [140.8814038, 38.7560469], [140.8857398, 38.7563705], [140.8899316, 38.7567128], [140.8938166, 38.7578102], [140.8980386, 38.7593471], [140.9010394, 38.7613508], [140.9027533, 38.7638631], [140.9067934, 38.7652553], [140.9143323, 38.7687915], [140.9192509, 38.7699127], [140.9237534, 38.7701507], [140.9264242, 38.7715495], [140.9302482, 38.7731265], [140.9338204, 38.7736211], [140.9382643, 38.7731972], [140.941057, 38.7741946], [140.9459241, 38.7749322], [140.9515714, 38.7759816], [140.9560538, 38.7767005], [140.9610238, 38.7771407], [140.9659097, 38.7776005], [140.9696074, 38.7807985], [140.973373, 38.78268], [140.9776313, 38.784813], [140.980892, 38.7864549], [140.9854797, 38.7886446], [140.9911598, 38.7886223], [140.9969781, 38.7908476], [141.0005956, 38.7922212], [141.0047806, 38.7967319], [141.007111, 38.7992747], [141.0094674, 38.8018199], [141.011689, 38.8047539], [141.0137142, 38.8070876], [141.0174827, 38.8083631], [141.0219138, 38.8101616], [141.0250523, 38.8131243], [141.0289511, 38.8149074], [141.0320564, 38.8159917], [141.0359191, 38.8173032], [141.040869, 38.8188104], [141.0450478, 38.8200565], [141.0489442, 38.822131], [141.0560243, 38.82385], [141.0594623, 38.8253337], [141.0639126, 38.8293174], [141.0654609, 38.8323622], [141.0677278, 38.8366246], [141.0729547, 38.8424239], [141.0751158, 38.8463851], [141.0764263, 38.8485778], [141.0782838, 38.8505781], [141.080474, 38.8527596], [141.0847502, 38.8544064], [141.0883847, 38.8557609], [141.0934181, 38.8560824], [141.0968753, 38.8563508], [141.1008833, 38.8562056], [141.1052528, 38.8560626], [141.1101759, 38.8558999], [141.1149352, 38.8557481], [141.1227308, 38.8555017], [141.127781, 38.8553192]]}, "properties": {"kv": 500, "name": "北上幹線", "region": "tohoku", "loading": 0.0, "xfmr": false, "npts_orig": 110}}, {"type": "Feature", "geometry": {"type": "LineString", "coordinates": [[141.17587500645163, 39.90488360967742], [141.1843024, 39.904626], [141.1869731, 39.9011389], [141.1886757, 39.8989045], [141.1912743, 39.8954615], [141.1937845, 39.8921522], [141.1973791, 39.8891556], [141.201296, 39.8883235], [141.2045264, 39.8868863], [141.2077716, 39.8854406], [141.211765, 39.8836361], [141.2158462, 39.87969], [141.2191125, 39.8772196], [141.221948, 39.875129], [141.2255881, 39.8735822], [141.2287486, 39.8722507], [141.2327488, 39.8705632], [141.237057, 39.868757], [141.2410146, 39.8673021], [141.2451619, 39.8657156], [141.2493016, 39.8641744], [141.2539663, 39.8624248], [141.2570112, 39.8596406], [141.2592587, 39.8556862], [141.2607088, 39.8523124], [141.2620105, 39.8493114], [141.2636053, 39.8456468], [141.265128, 39.842111], [141.2679721, 39.8386138], [141.2684976, 39.8348496], [141.2690373, 39.8310707], [141.2723266, 39.8224532], [141.2680087, 39.8159828], [141.2663597, 39.8108852], [141.2661223, 39.8077913], [141.2674176, 39.8052604], [141.2690586, 39.8021503], [141.2703498, 39.7996224], [141.2706955, 39.7959296], [141.269775, 39.7920222], [141.2686255, 39.7875577], [141.2679258, 39.7847252], [141.265685, 39.7813709], [141.2635025, 39.778202], [141.2613492, 39.775001], [141.2592459, 39.7727154], [141.2571259, 39.7703017], [141.254545, 39.7674394], [141.2529458, 39.7640754], [141.2531254, 39.76101], [141.2533375, 39.7564593], [141.2554815, 39.7535997], [141.2577374, 39.7506336], [141.2606649, 39.7468113], [141.2641224, 39.7434259], [141.2663607, 39.7399566], [141.2694884, 39.73564], [141.2709226, 39.7328294], [141.2727751, 39.7292146], [141.2729106, 39.7254772], [141.2730755, 39.7220636], [141.2732051, 39.7185275], [141.2710257, 39.7136908], [141.2694707, 39.7103196], [141.2680306, 39.7055345], [141.2672428, 39.7029688], [141.2669617, 39.6993702], [141.2667055, 39.6969315], [141.2652395, 39.6942491], [141.2634667, 39.6907404], [141.2617276, 39.6875063], [141.2597338, 39.6854416], [141.2563232, 39.6819894], [141.2538825, 39.67955], [141.2523844, 39.67713], [141.2521824, 39.6748235], [141.2531029, 39.6700228], [141.2554894, 39.6661355], [141.2579467, 39.6620379], [141.2601709, 39.6584868], [141.2634737, 39.6554278], [141.2645066, 39.6523173], [141.2659352, 39.6478357], [141.2666828, 39.6454705], [141.2676554, 39.642629], [141.2689632, 39.6388155], [141.272418, 39.6352633], [141.2754793, 39.6322016], [141.2766476, 39.6296306], [141.2785427, 39.6251844], [141.279436, 39.6209272], [141.2802274, 39.6177029], [141.2826743, 39.6133795], [141.2844965, 39.610073], [141.2856252, 39.6071722], [141.2872433, 39.6031546], [141.2890218, 39.5981885], [141.2901172, 39.5950465], [141.2912001, 39.5920344], [141.2932992, 39.5882262], [141.2937761, 39.5833232], [141.2941072, 39.5785048], [141.2944175, 39.5752882], [141.2946862, 39.5720441], [141.2950506, 39.5673726], [141.2954234, 39.5633736], [141.2970852, 39.5598865], [141.2986513, 39.5567187], [141.3006192, 39.5526243], [141.3020728, 39.5497373], [141.3042698, 39.5451334], [141.3061399, 39.5414703], [141.3076643, 39.538427], [141.3085764, 39.5336007], [141.3092803, 39.5297058], [141.3098468, 39.5268482], [141.3126061, 39.5231183], [141.3148823, 39.5200742], [141.3184475, 39.5172581], [141.3214671, 39.5148097], [141.3259591, 39.5113314], [141.3311382, 39.5090821], [141.335601, 39.5074641], [141.3397514, 39.5059409], [141.3436811, 39.5022533], [141.3488374, 39.4990234], [141.3539124, 39.4960425], [141.356703, 39.4929747], [141.3588209, 39.4907103], [141.3600537, 39.486657], [141.360818, 39.4840999], [141.36006, 39.4793229], [141.3587334, 39.4743044], [141.3587126, 39.4706762], [141.3586772, 39.467813], [141.359456, 39.4628549], [141.3601307, 39.4582127], [141.3591832, 39.455177], [141.3561542, 39.4520282], [141.3533555, 39.4474762], [141.351223, 39.4437774], [141.3495154, 39.4410048], [141.3484116, 39.4363825], [141.3478427, 39.4338626], [141.3445678, 39.430869], [141.3414872, 39.4280528], [141.3386422, 39.4247474], [141.3362862, 39.4219354], [141.3345957, 39.419947], [141.3328797, 39.4167572], [141.3312746, 39.4137152], [141.3304058, 39.4107435], [141.3293397, 39.4070277], [141.3292778, 39.4047453], [141.3292572, 39.4016867], [141.3293161, 39.3977405], [141.3293367, 39.3942971], [141.3293642, 39.3908759], [141.3296235, 39.3874639], [141.3294682, 39.3839832], [141.3293646, 39.3812925], [141.3307234, 39.3770613], [141.3319011, 39.3728297], [141.3319787, 39.3699886], [141.3324141, 39.3661984], [141.3327881, 39.3617492], [141.3319383, 39.358142], [141.331061, 39.3551692], [141.3302482, 39.3514511], [141.3326053, 39.3488943], [141.3355242, 39.3457566], [141.3380677, 39.3435648], [141.3425414, 39.3400615], [141.3454585, 39.3381539], [141.3489515, 39.3342952], [141.3522942, 39.3312061], [141.3543156, 39.3293012], [141.3581964, 39.3255982], [141.3598661, 39.3214631], [141.3602546, 39.3172449], [141.3605806, 39.3134117], [141.3600921, 39.3106737], [141.3592983, 39.3063942], [141.3568401, 39.3029557], [141.3555914, 39.2984061], [141.3543987, 39.2939646], [141.3542035, 39.2900022], [141.354027, 39.2856527], [141.3570287, 39.2828081], [141.3597251, 39.2802677], [141.3639139, 39.2763074], [141.3683661, 39.2734494], [141.3709961, 39.2714466], [141.3737774, 39.2693173], [141.3763267, 39.2673784], [141.3794195, 39.2636367], [141.3823512, 39.2600551], [141.3841957, 39.2577699], [141.386313, 39.2551722], [141.3870144, 39.2522497], [141.3877532, 39.2491875], [141.3884957, 39.2461577], [141.3890411, 39.2426135], [141.3895716, 39.2390597], [141.388745, 39.234859], [141.3855276, 39.2322178], [141.381943, 39.2292574], [141.3796586, 39.2274111], [141.3752895, 39.22323], [141.3724222, 39.2185334], [141.3702386, 39.2149075], [141.3699006, 39.2095678], [141.3694009, 39.2037565], [141.3698809, 39.1993814], [141.3699211, 39.1956611], [141.3699388, 39.1923206], [141.3699753, 39.1888932], [141.3700463, 39.1852621], [141.3710745, 39.1814846], [141.3719889, 39.1781985], [141.3728705, 39.1743011], [141.373395, 39.1720334], [141.3739661, 39.1695252], [141.3746013, 39.1666528], [141.3751755, 39.1622523], [141.3730771, 39.159641], [141.3677225, 39.1545148], [141.3645223, 39.1517703], [141.3610193, 39.1486519], [141.3549334, 39.1429786], [141.3528255, 39.140578], [141.3518556, 39.1377163], [141.3506244, 39.1343018], [141.3516158, 39.1307584], [141.3527927, 39.1265709], [141.3540363, 39.1222127], [141.3563209, 39.1140724], [141.3571919, 39.110861], [141.3580103, 39.108236], [141.3583043, 39.1052289], [141.3568424, 39.1017351], [141.3547411, 39.0978257], [141.3521085, 39.0943907], [141.3488241, 39.0901773], [141.344455, 39.0870789], [141.3414854, 39.0850032], [141.3380816, 39.0826109], [141.3353811, 39.0809884], [141.3313685, 39.0786487], [141.3269411, 39.0761044], [141.3230818, 39.0737516], [141.3216773, 39.0693688], [141.3206338, 39.0657138], [141.3177684, 39.0627001], [141.3156878, 39.0605569], [141.3128999, 39.0570809], [141.311519, 39.0526027], [141.3108442, 39.0483618], [141.3102754, 39.044343], [141.3096595, 39.0414088], [141.3088865, 39.0383071], [141.3075439, 39.0360167], [141.305738, 39.0332047], [141.3043288, 39.0309033], [141.3027643, 39.0266258], [141.3015104, 39.02321], [141.3011997, 39.0196389], [141.3010249, 39.0171883], [141.3008197, 39.0145222], [141.3011997, 39.011427], [141.3015243, 39.0087304], [141.3015021, 39.0062967], [141.3014854, 39.0038888], [141.3014577, 39.0012373], [141.300975, 38.998674], [141.3019015, 38.9960158], [141.3022594, 38.9920293], [141.3018461, 38.9887541], [141.301441, 38.9855867], [141.3003675, 38.9826649], [141.2984922, 38.9803661], [141.2959826, 38.9775083], [141.2929698, 38.9739236], [141.2889099, 38.9703814], [141.2845188, 38.967983], [141.2817327, 38.9660838], [141.2787608, 38.9637436], [141.2712282, 38.9583271], [141.2686405, 38.9536178], [141.2666825, 38.9501218], [141.2651906, 38.9459264], [141.2618468, 38.9419111], [141.2586817, 38.9397471], [141.2558955, 38.9379342], [141.2511902, 38.9366008], [141.2467798, 38.9353882], [141.2432631, 38.9334335], [141.2407849, 38.9314329], [141.2380803, 38.9275607], [141.2353441, 38.9256589], [141.2326179, 38.9236452], [141.228271, 38.9238151], [141.2252981, 38.9233717], [141.2222443, 38.922859], [141.2200674, 38.921027], [141.2185355, 38.9178975], [141.2165163, 38.9135836], [141.2151242, 38.9106604], [141.2131849, 38.9067269], [141.2118348, 38.9039076], [141.2101845, 38.9004918], [141.2068269, 38.8970063], [141.2040734, 38.8940158], [141.2023721, 38.8921823], [141.1996336, 38.8900576], [141.1956547, 38.8870327], [141.1927718, 38.8848704], [141.1888288, 38.8818959], [141.1851874, 38.8802406], [141.1816133, 38.8786287], [141.1783985, 38.8771957], [141.173612, 38.876256], [141.1696328, 38.8755502], [141.1655471, 38.8747373], [141.1614853, 38.8725614], [141.1569807, 38.8701403], [141.1541195, 38.8686119], [141.1509306, 38.8664743], [141.1475327, 38.8642575], [141.1451037, 38.8625597], [141.1414911, 38.8601888], [141.1374182, 38.8580861], [141.1342548, 38.8564233], [141.1308032, 38.8558691], [141.127781, 38.8553192]]}, "properties": {"kv": 500, "name": "北上幹線", "region": "tohoku", "loading": 0.0, "xfmr": false, "npts_orig": 335}}, {"type": "Feature", "geometry": {"type": "LineString", "coordinates": [[141.17587500645163, 39.90488360967742], [141.1768141, 39.9097701], [141.1744126, 39.9121621], [141.1710426, 39.9146638], [141.1675475, 39.917237], [141.1640502, 39.9198311], [141.1591622, 39.920582], [141.1553007, 39.9244912], [141.1520501, 39.9283973], [141.1497507, 39.9313379], [141.1468356, 39.9346766], [141.1425929, 39.9370624], [141.1415582, 39.9401022], [141.1419995, 39.9440518], [141.1398659, 39.9479082], [141.1378606, 39.9512991], [141.1361651, 39.9542908], [141.1348893, 39.9565238], [141.1331313, 39.9595599], [141.1316924, 39.9620757], [141.1298006, 39.9653634], [141.1286731, 39.968814], [141.1285545, 39.9732593], [141.1284247, 39.9767977], [141.1283235, 39.9802396], [141.128591, 39.9844333], [141.1286552, 39.9871808], [141.1285584, 39.9909275], [141.1284801, 39.9948731], [141.1276513, 39.9990231], [141.1268532, 40.0028602], [141.1250081, 40.0069652], [141.1237073, 40.010063], [141.1219226, 40.0140363], [141.1178812, 40.0179608], [141.1145744, 40.0215618], [141.1099159, 40.0233392], [141.1046458, 40.0257624], [141.1013396, 40.0271869], [141.0965497, 40.0294384], [141.0920522, 40.0316231], [141.0875869, 40.0337705], [141.0840949, 40.035471], [141.0785797, 40.038161], [141.0738402, 40.0404777], [141.0703247, 40.042178], [141.0666643, 40.0462681], [141.0647645, 40.048514], [141.0621127, 40.0515753], [141.0599036, 40.0541299], [141.057097, 40.0573169], [141.0541221, 40.0607241], [141.052099, 40.0657634], [141.0521359, 40.0716456], [141.0522027, 40.0747594], [141.0538256, 40.0781068], [141.0549716, 40.0805129], [141.0584289, 40.0845228], [141.0604557, 40.0886783], [141.0626323, 40.0932714], [141.0643729, 40.0968764], [141.0664696, 40.101306], [141.0693251, 40.1040375], [141.0721739, 40.1067128], [141.0742074, 40.1103222], [141.0736616, 40.1146644], [141.0732289, 40.1183192], [141.0749515, 40.1222027], [141.0764152, 40.1253878], [141.0778013, 40.1284953], [141.0792769, 40.1318132], [141.0814043, 40.134701], [141.0840259, 40.1382273], [141.0862074, 40.1411903], [141.0888219, 40.1447253], [141.0905563, 40.1470477], [141.092286, 40.1517353], [141.0940063, 40.1536348], [141.0965973, 40.1564838], [141.0995331, 40.1597754], [141.1027418, 40.1632671], [141.1077991, 40.166147], [141.1131869, 40.1691678], [141.1157616, 40.1706709], [141.1186167, 40.1733413], [141.1200278, 40.1758572], [141.122224, 40.1797801], [141.1219338, 40.1848229], [141.1198935, 40.1873663], [141.1178134, 40.189842], [141.1159533, 40.1940464], [141.1143515, 40.1977297], [141.115812, 40.201868], [141.115289, 40.2050468], [141.1146641, 40.2097466], [141.1149253, 40.2142286], [141.1151596, 40.2179479], [141.1154073, 40.221905], [141.1165951, 40.225763], [141.1178726, 40.2295893], [141.1179351, 40.2340439], [141.1179468, 40.2377642], [141.1168174, 40.2428388], [141.1157973, 40.2474356], [141.1151389, 40.2505576], [141.1142068, 40.2546969], [141.1132595, 40.2587147], [141.1121333, 40.2634254], [141.111871, 40.2666583], [141.1115887, 40.2699833], [141.1110175, 40.2749438], [141.1126763, 40.2779954], [141.114878, 40.2819257], [141.1170908, 40.2845784], [141.1198115, 40.2881971], [141.1217316, 40.2907489], [141.1217802, 40.2942583], [141.1208148, 40.2988657], [141.1178548, 40.3037075], [141.1163986, 40.3088985], [141.1159623, 40.3125415], [141.1163039, 40.3173839], [141.117755, 40.3207108], [141.1190167, 40.3232943], [141.1202135, 40.3280942], [141.1230311, 40.332063], [141.1232356, 40.3366855], [141.1228865, 40.3402319], [141.1225299, 40.3451312], [141.122111, 40.349559], [141.1206, 40.3519969], [141.1194007, 40.3559473], [141.1206823, 40.3600399], [141.1193907, 40.3625098], [141.1171491, 40.366602], [141.1155345, 40.3699181], [141.1136088, 40.3735626], [141.1133086, 40.3775942], [141.1130033, 40.3816936], [141.1142749, 40.3852263], [141.1152922, 40.3904604], [141.1144869, 40.3935502], [141.1133025, 40.3981779], [141.1137189, 40.4023477], [141.1140467, 40.4058394], [141.1159666, 40.4099905], [141.1177243, 40.4136902], [141.1196638, 40.4179857], [141.1212365, 40.4215454], [141.1227491, 40.4249442], [141.1218866, 40.4277685], [141.1210998, 40.4306371], [141.1225038, 40.4337697], [141.1245627, 40.4380249], [141.1236343, 40.442885], [141.1245098, 40.4463492], [141.1253669, 40.449941], [141.1260404, 40.4529262], [141.1279545, 40.4565462], [141.1299043, 40.4601735], [141.1322213, 40.463761], [141.1340118, 40.4665856], [141.1347283, 40.4716659], [141.1350809, 40.4744235], [141.1335991, 40.4783773], [141.1322862, 40.4816549], [141.1310254, 40.4850831], [141.1302438, 40.4888831], [141.1297434, 40.4918364], [141.1298701, 40.4970376], [141.1290888, 40.4998928], [141.1293502, 40.502787], [141.1318635, 40.5062835], [141.1333206, 40.5107116], [141.1328472, 40.5144326], [141.1323923, 40.5173464], [141.1315145, 40.5207911], [141.1303564, 40.5254513], [141.1292166, 40.5296501], [141.1263673, 40.5336774], [141.1227735, 40.5379525], [141.1178193, 40.5398141], [141.1119552, 40.5419734], [141.1073363, 40.5448423], [141.1035482, 40.5471874], [141.0989216, 40.5487167], [141.0953237, 40.5497187], [141.0910334, 40.5510768], [141.085132, 40.5528181], [141.0821354, 40.5548565], [141.0772465, 40.558053], [141.0735283, 40.560169], [141.0715614, 40.5626855], [141.0682044, 40.5669302], [141.0685656, 40.5708001], [141.0689027, 40.5742943], [141.069413, 40.5796015], [141.0696545, 40.5849323], [141.0658929, 40.5887249], [141.0638954, 40.5908557], [141.0608436, 40.59407], [141.0574777, 40.5976765], [141.0563983, 40.6014986], [141.0556064, 40.6043841], [141.0544564, 40.6085779], [141.0544648, 40.6114778], [141.0544816, 40.6143074], [141.0545144, 40.6190907], [141.0545287, 40.6227884], [141.0553576, 40.6250707], [141.0566992, 40.6286692], [141.0579737, 40.6337462], [141.0569439, 40.6372389], [141.056015, 40.6403041], [141.0545774, 40.6450256], [141.0521724, 40.6479112], [141.0504095, 40.6500657], [141.0488812, 40.65277], [141.0490678, 40.6569345], [141.0495924, 40.661095], [141.0502044, 40.6660369], [141.0517209, 40.6699622], [141.0536258, 40.6747683], [141.0552937, 40.6799209], [141.0576677, 40.6825615], [141.0597878, 40.6849036], [141.0620794, 40.6874286], [141.0658236, 40.6904659], [141.0684297, 40.6926318], [141.0694468, 40.6971508], [141.0704808, 40.7017472], [141.0714442, 40.7061381], [141.0722109, 40.7094544], [141.0726245, 40.7148311], [141.0729994, 40.7192925], [141.0753734, 40.7226018], [141.0794808, 40.7269977], [141.0826736, 40.7304129], [141.0861261, 40.7343159], [141.0886792, 40.7373606], [141.0912936, 40.7423033], [141.0952951, 40.744237], [141.1013141, 40.7461438], [141.1057141, 40.7475603], [141.1096483, 40.7488212], [141.112641, 40.7510948], [141.1163836, 40.753921], [141.1206945, 40.7549335], [141.1264428, 40.7562593], [141.131253, 40.7555092], [141.1357652, 40.7547352], [141.1409687, 40.7553122], [141.1459764, 40.7557829], [141.1489161, 40.758859], [141.1521133, 40.7619674], [141.1553426, 40.7650431], [141.1573033, 40.7674002], [141.1598933, 40.7704026], [141.1628126, 40.7730757], [141.1656906, 40.7760813], [141.17184307999997, 40.78022998]]}, "properties": {"kv": 500, "name": "十和田幹線", "region": "tohoku", "loading": 0.0, "xfmr": false, "npts_orig": 261}}, {"type": "Feature", "geometry": {"type": "LineString", "coordinates": [[141.127781, 38.8553192], [141.11021684, 38.84469152]]}, "properties": {"kv": 500, "name": "leadin", "region": "tohoku", "loading": 0.0, "xfmr": false, "npts_orig": 2}}, {"type": "Feature", "geometry": {"type": "LineString", "coordinates": [[140.9127596, 41.5086725], [140.9178845, 41.5121546], [140.9232947, 41.5111592], [140.9292009, 41.5100097], [140.9350199, 41.5088528], [140.9394475, 41.5042422], [140.9416774, 41.5018823], [140.94526, 41.4981619], [140.949526, 41.4944341], [140.9528387, 41.491505], [140.9568654, 41.4880655], [140.9617063, 41.4848582], [140.9669284, 41.4814738], [140.9709002, 41.4790255], [140.9776804, 41.4770327], [140.9842516, 41.47524], [140.9897534, 41.474528], [140.9968683, 41.4748734], [141.0030106, 41.4751974], [141.0094238, 41.4735118], [141.0110777, 41.4730752], [141.011279, 41.4730221], [141.0116138, 41.4729337], [141.0119601, 41.4728422], [141.0126645, 41.4726563], [141.0129916, 41.4725699], [141.0133353, 41.4724792], [141.0144618, 41.4721818], [141.0203019, 41.4688096], [141.0208017, 41.4685235], [141.02572, 41.4657078], [141.0329382, 41.4637937], [141.0389848, 41.4621418], [141.0394807, 41.4620097], [141.04354, 41.4609283], [141.0489457, 41.459489], [141.0543298, 41.4587829], [141.0586021, 41.4582252], [141.064002, 41.4557513], [141.0678822, 41.4518951], [141.0710919, 41.4486469], [141.0739462, 41.445769], [141.077124, 41.4433499], [141.0799387, 41.4411748], [141.0822351, 41.4380285], [141.0878956, 41.4364974], [141.0951895, 41.4345159], [141.100978, 41.431125], [141.103346, 41.4288753], [141.104218, 41.4231144], [141.1048962, 41.41851], [141.1058678, 41.412481], [141.1064535, 41.4083813], [141.1073434, 41.4025626], [141.1077884, 41.3996972], [141.1084097, 41.3959121], [141.1075911, 41.3906695], [141.1100936, 41.3877498], [141.1128278, 41.3846873], [141.1193516, 41.3819765], [141.1237753, 41.380147], [141.1280204, 41.3783906], [141.1337927, 41.3760158], [141.1385851, 41.3747233], [141.1435415, 41.3721892], [141.1474543, 41.3692698], [141.1508869, 41.3666983], [141.1532564, 41.3649225], [141.1576981, 41.3616058], [141.1635102, 41.3577568], [141.1660249, 41.3560812], [141.1718352, 41.3522607], [141.1765796, 41.3494913], [141.1825586, 41.3481405], [141.1894517, 41.3465604], [141.193945, 41.3455467], [141.1980657, 41.3446121], [141.2020229, 41.3437344], [141.2068353, 41.3431865], [141.2111404, 41.3427094], [141.2157698, 41.3426838], [141.219638, 41.3418375], [141.2236214, 41.3409578], [141.227351, 41.3401213], [141.2326657, 41.3382498], [141.2383752, 41.3362625], [141.2437474, 41.3347641], [141.2478981, 41.3336034], [141.2530637, 41.3321875], [141.2585961, 41.3325821], [141.2631712, 41.3329093], [141.269109, 41.3322491], [141.2748518, 41.3328789], [141.2805175, 41.3335408], [141.2870733, 41.334267], [141.2920103, 41.3348254], [141.2964607, 41.3339964], [141.3013904, 41.3330711], [141.3054728, 41.3322742], [141.3117376, 41.3302241], [141.3183634, 41.3279738], [141.323745, 41.3250473], [141.3290492, 41.3221978], [141.3345677, 41.3191683], [141.3373089, 41.3159382], [141.3397304, 41.3130846], [141.3423018, 41.3100543], [141.3439316, 41.3058604], [141.3449746, 41.3031712], [141.3470496, 41.2997417], [141.3499724, 41.2949106], [141.352833, 41.2901817], [141.3543986, 41.2875937], [141.356584, 41.2839808], [141.358356, 41.2810511], [141.3615907, 41.2757029], [141.3634175, 41.2726823], [141.3620067, 41.2677875], [141.3631932, 41.2627388], [141.3642275, 41.2583376], [141.365654, 41.2545992], [141.3673359, 41.2503398], [141.3683139, 41.2467649], [141.3693566, 41.2432169], [141.3707787, 41.2407966], [141.3733134, 41.2366168], [141.3764539, 41.2314658], [141.3794553, 41.2265342], [141.381627, 41.2219468], [141.3839533, 41.2169519], [141.386046, 41.2124837], [141.3875708, 41.2092436], [141.3878041, 41.2061159], [141.3862577, 41.2015606], [141.3845453, 41.1964573], [141.3844648, 41.1919504], [141.38640523333333, 41.1884802]]}, "properties": {"kv": 500, "name": "大間町変電所~東通村変電所線", "region": "tohoku", "loading": 0.0, "xfmr": false, "npts_orig": 137}}, {"type": "Feature", "geometry": {"type": "LineString", "coordinates": [[141.38640523333333, 41.1884802], [141.38663698, 41.187522939999994]]}, "properties": {"kv": 500, "name": "大間町変電所~東通村変電所線", "region": "tohoku", "loading": 0.0, "xfmr": false, "npts_orig": 2}}, {"type": "Feature", "geometry": {"type": "LineString", "coordinates": [[141.38663698, 41.187522939999994], [141.3848745, 41.1822488], [141.3800445, 41.1805495], [141.3742335, 41.1785596], [141.3685781, 41.1765776], [141.3662218, 41.1722793], [141.3639607, 41.1681271], [141.3622668, 41.1638697], [141.3603853, 41.159195], [141.3585211, 41.1545351], [141.3559717, 41.1507271], [141.3533539, 41.1468573], [141.3508768, 41.1421249], [141.3487378, 41.1373223], [141.3458571, 41.1345437], [141.3438776, 41.1303194], [141.3418955, 41.1262585], [141.3404444, 41.1239017], [141.3386406, 41.1211174], [141.3368502, 41.1166124], [141.3350531, 41.1142279], [141.331691, 41.1109825], [141.3287929, 41.1081623], [141.3266847, 41.1052156], [141.3239354, 41.1013381], [141.322782, 41.0974503], [141.3220243, 41.0948397], [141.3207825, 41.0905816], [141.3194507, 41.0860795], [141.3159129, 41.0818258], [141.3141319, 41.0779166], [141.3128833, 41.0751769], [141.3118105, 41.0727879], [141.3091108, 41.0685233], [141.3061322, 41.0637598], [141.3055703, 41.0596918], [141.3051304, 41.0564558], [141.3046584, 41.0530072], [141.3041784, 41.0495269], [141.3034557, 41.0443573], [141.3028743, 41.040194], [141.3024663, 41.0371469], [141.3027064, 41.0341006], [141.3030503, 41.029837], [141.3033969, 41.0256341], [141.3037044, 41.021591], [141.3039746, 41.0180805], [141.3045963, 41.015446], [141.30543, 41.0116774], [141.3027565, 41.0071561], [141.3008446, 41.0039553], [141.2974229, 41.0011573], [141.2956085, 40.9977158], [141.2937106, 40.9941241], [141.2920808, 40.9910064], [141.2878405, 40.9880871], [141.284514, 40.985817], [141.2800498, 40.9827891], [141.2773208, 40.9811904], [141.2740611, 40.9793072], [141.2715253, 40.9771937], [141.2707095, 40.9737573], [141.2699087, 40.9702047], [141.269072, 40.9668318], [141.2678337, 40.9617821], [141.2669702, 40.9583323], [141.2662269, 40.9554485], [141.2642814, 40.9522066], [141.2625481, 40.9494208], [141.2605631, 40.9460338], [141.2600533, 40.9408868], [141.2597598, 40.9377694], [141.2590763, 40.9341418], [141.2581929, 40.9295765], [141.2577899, 40.9263407], [141.257163, 40.9214933], [141.2557972, 40.9176595], [141.2545493, 40.9141903], [141.2539632, 40.9105568], [141.2523344, 40.905845], [141.2511138, 40.9024723], [141.2505181, 40.899334], [141.2496918, 40.8954784], [141.251841, 40.8907728], [141.2535948, 40.8868095], [141.2543117, 40.8834647], [141.2536741, 40.8791059], [141.2530532, 40.8749793], [141.2503729, 40.8718931], [141.2481683, 40.8676837], [141.2458669, 40.8633185], [141.2425785, 40.8591519], [141.2392933, 40.855285], [141.235225, 40.8519107], [141.2328046, 40.8498967], [141.2301438, 40.8477136], [141.2274402, 40.8454046], [141.224538, 40.8434202], [141.2211886, 40.8410038], [141.2180363, 40.8387288], [141.2142973, 40.8360461], [141.2093084, 40.8325028], [141.2066691, 40.8306113], [141.2036919, 40.8285615], [141.1998939, 40.8254725], [141.1964073, 40.8226553], [141.1934381, 40.8190959], [141.1903187, 40.8153885], [141.1902006, 40.8106666], [141.1901902, 40.8062815], [141.18894, 40.8017379], [141.1862953, 40.798071], [141.1817356, 40.7943145], [141.1776747, 40.7909355], [141.1764063, 40.7873047], [141.17210555789472, 40.78381158947368]]}, "properties": {"kv": 500, "name": "東通村変電所~上北変電所線", "region": "tohoku", "loading": 0.0, "xfmr": false, "npts_orig": 116}}, {"type": "Feature", "geometry": {"type": "LineString", "coordinates": [[141.17210555789472, 40.78381158947368], [141.17184307999997, 40.78022998]]}, "properties": {"kv": 500, "name": "十和田幹線", "region": "tohoku", "loading": 0.0, "xfmr": false, "npts_orig": 2}}, {"type": "Feature", "geometry": {"type": "LineString", "coordinates": [[139.22299957659575, 35.714603234042556], [139.2151713, 35.7121313], [139.2115795, 35.7105178], [139.20694, 35.7084261], [139.2046565, 35.7041296], [139.2022143, 35.6996043], [139.2009654, 35.6964689], [139.1984595, 35.6947001], [139.1970969, 35.6883769], [139.1963916, 35.6836775], [139.1982278, 35.680318], [139.2006572, 35.6754676], [139.2032102, 35.6720515], [139.2058103, 35.6658387], [139.2067892, 35.6636639], [139.2076032, 35.6591409], [139.2070965, 35.656653], [139.2065881, 35.6539494], [139.2056062, 35.6521821], [139.2052934, 35.6501593], [139.2048645, 35.6471042], [139.2050147, 35.6424933], [139.2081301, 35.6385694], [139.2098906, 35.6337823], [139.2112325, 35.6291171], [139.2115254, 35.6260783], [139.2140632, 35.6237528], [139.2159834, 35.6211579], [139.2177638, 35.6186503], [139.219218, 35.6166111], [139.2253775, 35.6140079], [139.2300453, 35.6106417], [139.2316799, 35.609491], [139.2328647, 35.6063636], [139.2331445, 35.6043927], [139.2316273, 35.6024396], [139.2285416, 35.5991768], [139.2246031, 35.5967193], [139.2166085, 35.5952896], [139.2133581, 35.5903797], [139.2118726, 35.5858537], [139.2146203, 35.5832172], [139.2169033, 35.5805838], [139.2180918, 35.5780204], [139.2197355, 35.5738568], [139.2187804, 35.5701932], [139.2185425, 35.5652803], [139.218396, 35.5617605], [139.2150637, 35.5567745], [139.2124088, 35.553029], [139.2093533, 35.5486006], [139.205287, 35.5430505], [139.2033113, 35.5403134], [139.2039843, 35.5375382], [139.2049797, 35.5334216], [139.2065921, 35.5289261], [139.2079711, 35.5247143], [139.2066462, 35.5189651], [139.2083236, 35.5152809], [139.2096066, 35.5124492], [139.2091521, 35.5073333], [139.2086317, 35.50111], [139.2098245, 35.4972441], [139.2100096, 35.4938762], [139.2142453, 35.4902043], [139.2167724, 35.4849996], [139.2187163, 35.4832545], [139.2206467, 35.4819442], [139.221645, 35.4797499], [139.2225724, 35.4776349], [139.223713, 35.4758299], [139.2265341, 35.4712692], [139.2274107, 35.4662631], [139.2271424, 35.4615038], [139.2238782, 35.4586226], [139.2210199, 35.4532859], [139.2195422, 35.4475315], [139.2186513, 35.4440924], [139.217909, 35.4379174], [139.2162627, 35.4349322], [139.2164734, 35.4288668], [139.2165565, 35.4261565], [139.2168658, 35.423901], [139.2168507, 35.4207295], [139.2181591, 35.4160156], [139.2191537, 35.4124114], [139.219962, 35.410118], [139.2220396, 35.4043173], [139.2226683, 35.4032237], [139.22593224888888, 35.400643339999995]]}, "properties": {"kv": 500, "name": "新多摩線", "region": "tokyo", "loading": 0.0, "xfmr": false, "npts_orig": 90}}, {"type": "Feature", "geometry": {"type": "LineString", "coordinates": [[139.22299957659575, 35.714603234042556], [139.2132599, 35.7169436], [139.2089488, 35.7165485], [139.2058533, 35.7169896], [139.1999582, 35.7185383], [139.196432, 35.7236025], [139.1939096, 35.7259475], [139.1926225, 35.7314887], [139.191715, 35.7354627], [139.1912063, 35.7381718], [139.1925828, 35.7433983], [139.1895285, 35.7492126], [139.1875881, 35.7545104], [139.1865885, 35.7581555], [139.1852902, 35.7624997], [139.1837382, 35.7676769], [139.1850402, 35.7705734], [139.1864061, 35.7735537], [139.1879089, 35.7768774], [139.1897776, 35.7810279], [139.1911346, 35.7840685], [139.191754, 35.7888243], [139.1920793, 35.7912325], [139.1926431, 35.7955817], [139.1906602, 35.7980215], [139.1880657, 35.8011274], [139.1840138, 35.8042657], [139.1812023, 35.8071154], [139.1765644, 35.8108326], [139.1712289, 35.8136354], [139.1652941, 35.8180313], [139.1590528, 35.8216943], [139.1581386, 35.8262802], [139.157301, 35.830986], [139.1567734, 35.8336778], [139.1548786, 35.8396282], [139.1524982, 35.8415039], [139.1491304, 35.8442065], [139.1447978, 35.8476426], [139.1404115, 35.851104], [139.1368361, 35.8539626], [139.1327973, 35.8546672], [139.1264444, 35.8557128], [139.1212985, 35.8581166], [139.1172241, 35.8600184], [139.1112381, 35.8617815], [139.1079826, 35.8655487], [139.1042924, 35.8697671], [139.1020501, 35.8722479], [139.0978426, 35.8768906], [139.096196, 35.8821955], [139.0941534, 35.8887636], [139.0939833, 35.8932138], [139.0927617, 35.8969976], [139.0920122, 35.8994574], [139.0883605, 35.9036539], [139.0850225, 35.9065627], [139.0774252, 35.9097389], [139.0721755, 35.9137505], [139.0677357, 35.9171107], [139.0643443, 35.9196727], [139.063309, 35.9251484], [139.0607488, 35.9280872], [139.0558991, 35.9335945], [139.0517335, 35.9349732], [139.0457023, 35.9368398], [139.0424137, 35.9403078], [139.0392397, 35.941081], [139.0321496, 35.9428161], [139.0245558, 35.9428379], [139.0204588, 35.9472399], [139.0176364, 35.9495284], [139.0133547, 35.949336], [139.0067985, 35.951991], [139.0037308, 35.9558125], [139.0031126, 35.9596223], [139.0016491, 35.9633154], [138.9999076, 35.967024], [138.9947216, 35.9687697], [138.9882935, 35.9709452], [138.9846937, 35.9740902], [138.9804389, 35.9794061], [138.9783565, 35.9820798], [138.9718296, 35.9840405], [138.9698172, 35.986874], [138.9685842, 35.9885939], [138.9656153, 35.9927192], [138.9632162, 35.997158], [138.958581, 36.0005876], [138.9562454, 36.0022653], [138.9539838, 36.0039509], [138.9506498, 36.0063876], [138.9468444, 36.0091443], [138.9456716, 36.0124877], [138.9425442, 36.0146421], [138.9402629, 36.0161798], [138.9378905, 36.0177521], [138.9362986, 36.0218957], [138.9350823, 36.0264013], [138.93704968148148, 36.0310997537037]]}, "properties": {"kv": 500, "name": "新秩父線", "region": "tokyo", "loading": 0.0, "xfmr": false, "npts_orig": 100}}, {"type": "Feature", "geometry": {"type": "LineString", "coordinates": [[139.22299957659575, 35.714603234042556], [139.2180629, 35.7176554], [139.212397, 35.7177591], [139.2088033, 35.7179586], [139.2046152, 35.7201106], [139.199402, 35.7209589], [139.196275, 35.7249759], [139.1946312, 35.7260737], [139.1942179, 35.7311759], [139.1930739, 35.7345575], [139.1933359, 35.7379987], [139.1937274, 35.7439026], [139.1955061, 35.7463441], [139.1978416, 35.7495586], [139.199288, 35.751494], [139.2013618, 35.7543341], [139.2018679, 35.756922], [139.2026416, 35.7607496], [139.2027774, 35.7644149], [139.2028555, 35.7667502], [139.2031696, 35.7709346], [139.2035538, 35.7761501], [139.203508, 35.7801458], [139.2047891, 35.7825188], [139.2048138, 35.7866975], [139.2048234, 35.7911612], [139.2048371, 35.7946187], [139.2040134, 35.7961568], [139.2017104, 35.8004873], [139.2026341, 35.8065989], [139.204392, 35.8086403], [139.2045583, 35.8120872], [139.2047526, 35.8138006], [139.2073046, 35.8166188], [139.2083324, 35.8196994], [139.2092772, 35.8225121], [139.2089851, 35.826387], [139.2108642, 35.829248], [139.2113054, 35.8329602], [139.2115836, 35.8353679], [139.2113035, 35.8388999], [139.2139512, 35.8421036], [139.2171681, 35.8439395], [139.2203395, 35.8457762], [139.2227893, 35.8471917], [139.2263401, 35.849731], [139.2288007, 35.8514832], [139.231627, 35.853501], [139.2333947, 35.8549822], [139.2365562, 35.8576647], [139.2407534, 35.8610227], [139.2418526, 35.864763], [139.2430764, 35.8689013], [139.2449609, 35.8725515], [139.2445516, 35.8760348], [139.2510814, 35.87893], [139.2549466, 35.8785286], [139.2600776, 35.88268], [139.2639454, 35.8858177], [139.2677572, 35.8872487], [139.2723277, 35.8901388], [139.2744733, 35.8923932], [139.2796002, 35.895201], [139.283634, 35.8974175], [139.2882552, 35.8987794], [139.291738, 35.8998121], [139.2945648, 35.9012132], [139.2969853, 35.9031935], [139.3003757, 35.9060028], [139.3037089, 35.908727], [139.3085147, 35.9120446], [139.3112036, 35.9159371], [139.3162681, 35.9173447], [139.3198845, 35.9183657], [139.3246947, 35.919507], [139.3281818, 35.9203504], [139.3314903, 35.9220951], [139.3347026, 35.9223801], [139.3376533, 35.9238589], [139.3412359, 35.9256454], [139.3449368, 35.9252887], [139.3505041888889, 35.926727722222225]]}, "properties": {"kv": 500, "name": "新所沢線", "region": "tokyo", "loading": 0.0, "xfmr": false, "npts_orig": 82}}, {"type": "Feature", "geometry": {"type": "LineString", "coordinates": [[139.22593224888888, 35.400643339999995], [139.2177957, 35.4043601], [139.2146481, 35.4054439], [139.2118021, 35.4064444], [139.207002, 35.4081516], [139.2055935, 35.410707], [139.2029132, 35.4154752], [139.1971063, 35.4167407], [139.1922453, 35.4177917], [139.1864207, 35.416291], [139.1840321, 35.4156721], [139.1804164, 35.4149301], [139.1750023, 35.4141618], [139.1714289, 35.4136615], [139.1640932, 35.4130247], [139.1606317, 35.4127726], [139.1540551, 35.4122709], [139.149353, 35.4101338], [139.1458601, 35.4088374], [139.1414667, 35.4074612], [139.1334899, 35.4070509], [139.1299488, 35.4060316], [139.1272356, 35.4052169], [139.1219157, 35.4038711], [139.1186739, 35.4030007], [139.1131663, 35.4020322], [139.1076671, 35.4012988], [139.1013532, 35.401044], [139.094296, 35.4007363], [139.0879494, 35.4021908], [139.0841352, 35.4005043], [139.0787737, 35.3980804], [139.0727895, 35.3987949], [139.0673395, 35.3989127], [139.0618617, 35.3978658], [139.058044, 35.3970853], [139.0545942, 35.3956141], [139.0512659, 35.3941872], [139.0465876, 35.392166], [139.0385433, 35.3917415], [139.0320986, 35.3894343], [139.0273763, 35.3873372], [139.0231842, 35.3870386], [139.0179011, 35.3866645], [139.01258, 35.3880744], [139.0058017, 35.3898992], [138.9998469, 35.3879747], [138.9942997, 35.3862648], [138.9887151, 35.3862072], [138.9830955, 35.3861784], [138.9786242, 35.384401], [138.9744635, 35.3814673], [138.9700653, 35.3783933], [138.96239882857142, 35.37233810714286]]}, "properties": {"kv": 500, "name": "新秦野線", "region": "tokyo", "loading": 0.0, "xfmr": false, "npts_orig": 54}}, {"type": "Feature", "geometry": {"type": "LineString", "coordinates": [[138.96239882857142, 35.37233810714286], [138.9651709, 35.3793948], [138.9658507, 35.3826101], [138.9642742, 35.3859088], [138.961116, 35.3890167], [138.9589418, 35.3911733], [138.9562043, 35.3925055], [138.9524019, 35.394302], [138.946395, 35.3964499], [138.9434757, 35.3993547], [138.9408255, 35.4019685], [138.9382417, 35.4054146], [138.9347794, 35.41008], [138.9337008, 35.4156572], [138.9336622, 35.4209714], [138.9349451, 35.4286307], [138.9312727, 35.4333275], [138.9336865, 35.4388281], [138.9334293, 35.4443103], [138.9343204, 35.4505872], [138.9302001, 35.4559224], [138.9279608, 35.4609246], [138.9253793, 35.4636118], [138.9221111, 35.4668432], [138.9199431, 35.4686461], [138.9158021, 35.4713401], [138.9108344, 35.4758394], [138.9075662, 35.4776951], [138.9047871, 35.4791604], [138.8996402, 35.4842797], [138.8972724, 35.487107], [138.8937814, 35.4910917], [138.892486, 35.49515], [138.8913377, 35.4989717], [138.8853938, 35.5018288], [138.8813333, 35.5033883], [138.8753618, 35.5059032], [138.8719742, 35.5085673], [138.8683294, 35.5145571], [138.8659729, 35.5202346], [138.8638761, 35.5254756], [138.8634006, 35.5278894], [138.8607732, 35.5304089]]}, "properties": {"kv": 500, "name": "東山梨変電所~山中湖村変電所線", "region": "tokyo", "loading": 0.0, "xfmr": false, "npts_orig": 43}}, {"type": "Feature", "geometry": {"type": "LineString", "coordinates": [[138.79996020444443, 35.59050594888889], [138.7943009, 35.6017148], [138.7915465, 35.6042424], [138.7911158, 35.6057822], [138.7892972, 35.612284], [138.7900974, 35.6169993], [138.792192, 35.6227738], [138.7992624, 35.6302793], [138.8058042, 35.6371227], [138.8110807, 35.6430081], [138.8167395, 35.6494508], [138.8234998, 35.6572367], [138.8261013, 35.6614394], [138.8275915, 35.6693656], [138.8255627, 35.6755312], [138.8249315, 35.6813385], [138.8242805, 35.6872291], [138.8234747, 35.6947354], [138.822919, 35.6993558], [138.8240146, 35.7061396], [138.8234509, 35.7107124], [138.8231175, 35.7135704], [138.8224863, 35.7190165], [138.8220299, 35.7226446], [138.8197911, 35.7283685], [138.8158971, 35.7342234], [138.8141148, 35.737014], [138.8109511, 35.7417336], [138.8049811, 35.7455284], [138.799531, 35.7483031], [138.7946804, 35.7511571], [138.7884166, 35.7548447], [138.7841494, 35.7569049], [138.7795528, 35.7595684], [138.7729714, 35.7598581], [138.7625596, 35.7602749], [138.7586854, 35.7597986], [138.7509418, 35.7588777], [138.7461348, 35.7575471], [138.737007, 35.7584021], [138.728054, 35.7632422], [138.7204067, 35.7689969], [138.7164762, 35.7719312], [138.711836, 35.7753886], [138.7064543, 35.7781681], [138.6973513, 35.7827947], [138.6887506, 35.7848776], [138.6863059, 35.7854696], [138.6795002, 35.7870846], [138.6732678, 35.7885449], [138.6674994, 35.7931168], [138.6622815, 35.7958919], [138.6601977, 35.7970194], [138.6587168, 35.7978207], [138.6563038, 35.7991263], [138.6490433, 35.8030205], [138.6434705, 35.803762], [138.6363874, 35.8046991], [138.6282488, 35.8055498], [138.622281, 35.8061968], [138.6139256, 35.8081149], [138.6072737, 35.8085314], [138.5999113, 35.8120938], [138.592539, 35.8186098], [138.5908527, 35.8251253], [138.5888366, 35.8294222], [138.5864944, 35.8344358], [138.5834502, 35.840801], [138.5789655, 35.8487191], [138.5755264, 35.8548269], [138.5725555, 35.859116], [138.5672498, 35.8670818], [138.5628893, 35.8715318], [138.5602447, 35.8762361], [138.5600863, 35.8843256], [138.559995, 35.889615], [138.5599073, 35.8954263], [138.5614912, 35.9006044], [138.5655763, 35.9043406], [138.5699021, 35.9083093], [138.5736838, 35.9114618], [138.5795809, 35.9164311], [138.5843493, 35.9237347], [138.5842355, 35.9295775], [138.584105, 35.9346082], [138.58239, 35.938806], [138.5804026, 35.9473234], [138.5840932, 35.9551287], [138.5854551, 35.9580157], [138.5868338, 35.9608124], [138.5890201, 35.9654489], [138.5897689, 35.9707524], [138.5910102, 35.9792988], [138.5915535, 35.9830399], [138.5921629, 35.987148], [138.5945454, 35.9940432], [138.6010163, 36.004605], [138.6052543, 36.0095537], [138.609259, 36.0143531], [138.6115807, 36.0186752], [138.6156806, 36.0264343], [138.6167664, 36.0301504], [138.617331, 36.0374345], [138.6197544, 36.0416839], [138.6207794, 36.0447532], [138.6200063, 36.0488266], [138.6181475, 36.0537776], [138.618078, 36.0590794], [138.6193375, 36.0626675], [138.6206926, 36.0662064], [138.622314, 36.0743732], [138.6257141, 36.0813671]]}, "properties": {"kv": 500, "name": "西群馬幹線", "region": "tokyo", "loading": 0.0, "xfmr": false, "npts_orig": 112}}, {"type": "Feature", "geometry": {"type": "LineString", "coordinates": [[138.79996020444443, 35.59050594888889], [138.8118193, 35.5851953], [138.8186368, 35.5811544], [138.820943, 35.5771052], [138.8258188, 35.5719351], [138.826781, 35.5684251], [138.8295485, 35.5656844], [138.8340172, 35.5615163], [138.8372858, 35.5560823], [138.8402292, 35.5511942], [138.8423534, 35.5476935], [138.8464189, 35.5438216], [138.8498157, 35.5403054], [138.8538969, 35.5360841], [138.8559984, 35.5338057], [138.8607732, 35.5304089]]}, "properties": {"kv": 500, "name": "東山梨変電所~山中湖村変電所線", "region": "tokyo", "loading": 0.0, "xfmr": false, "npts_orig": 16}}, {"type": "Feature", "geometry": {"type": "LineString", "coordinates": [[138.79996020444443, 35.59050594888889], [138.807958, 35.590583], [138.8122417, 35.5912796], [138.8151154, 35.5913041], [138.8189614, 35.5913368], [138.8234152, 35.5915118], [138.8294147, 35.5905797], [138.8376142, 35.5916053], [138.8424449, 35.5924568], [138.8456855, 35.5941544], [138.8516209, 35.5966917], [138.8562908, 35.6014843], [138.8618965, 35.6054089], [138.8648988, 35.6108728], [138.8666441, 35.6188893], [138.8673085, 35.623561], [138.8695109, 35.6309103], [138.8714405, 35.6374753], [138.8782411, 35.6420386], [138.8828974, 35.6449751], [138.8863624, 35.6484387], [138.890204, 35.6523469], [138.8969922, 35.6537162], [138.9002213, 35.6576332], [138.9022589, 35.6632482], [138.9035802, 35.6688176], [138.9037369, 35.6740219], [138.9036462, 35.6802151], [138.9045379, 35.6861218], [138.9037067, 35.6899547], [138.9037176, 35.6936337], [138.9029355, 35.6998228], [138.9024733, 35.7032844], [138.90852725, 35.70880605]]}, "properties": {"kv": 500, "name": "葛野川線", "region": "tokyo", "loading": 0.0, "xfmr": false, "npts_orig": 34}}, {"type": "Feature", "geometry": {"type": "LineString", "coordinates": [[138.8017563142857, 36.62219266428571], [138.7888235, 36.6177852], [138.7830144, 36.6148354], [138.7787149, 36.6103646], [138.7754446, 36.6067229], [138.7713439, 36.6021377], [138.7700307, 36.5986169], [138.76887, 36.5913149], [138.7679936, 36.5861354], [138.766478, 36.5829811], [138.7637723, 36.5772991], [138.7614619, 36.5724225], [138.7591338, 36.5671729], [138.7569526, 36.5622742], [138.7554861, 36.5559206], [138.7519355, 36.5524566], [138.7481901, 36.5451663], [138.7466808, 36.5402351], [138.7455983, 36.5355027], [138.7443947, 36.5301569], [138.7432001, 36.5247801], [138.7396533, 36.5184974], [138.7378001, 36.511573], [138.7369062, 36.5037364], [138.7363119, 36.4986153], [138.7356843, 36.4931039], [138.7329918, 36.4873613], [138.7312115, 36.4834794], [138.7288596, 36.4785816], [138.7252175, 36.4707248], [138.7242209, 36.4651882], [138.7229994, 36.4564503], [138.72026, 36.4495762], [138.7183034, 36.4445621], [138.7161171, 36.4389461], [138.7140327, 36.4337437], [138.7119003, 36.4284401], [138.7103045, 36.42304], [138.7075827, 36.4150397], [138.706378, 36.408593], [138.7048378, 36.4004077], [138.7040315, 36.3960932], [138.7044004, 36.3917942], [138.704854, 36.3870581], [138.7053994, 36.3811383], [138.7057825, 36.377078], [138.7074296, 36.3722568], [138.7086418, 36.3685876], [138.7100201, 36.3646045], [138.7120329, 36.3577625], [138.7122498, 36.3518851], [138.7106271, 36.3470269], [138.7079546, 36.3421913], [138.7045653, 36.3361937], [138.6958533, 36.3316747], [138.6903926, 36.3285542], [138.6877875, 36.3221211], [138.6875031, 36.3169299], [138.6880279, 36.3134543], [138.6894668, 36.3070866], [138.6871882, 36.3026068], [138.6878996, 36.299628], [138.6868974, 36.2919536], [138.6861363, 36.2854442], [138.6867311, 36.2830706], [138.6868092, 36.2769488], [138.6863113, 36.2701608], [138.6836803, 36.2630827], [138.6819189, 36.2584652], [138.6823554, 36.2500575], [138.6814096, 36.2455306], [138.6775156, 36.2404506], [138.6740964, 36.2329984], [138.6737044, 36.228099], [138.673379, 36.2240327], [138.6730151, 36.2194851], [138.6726816, 36.2153163], [138.6742714, 36.2096505], [138.6766621, 36.2035319], [138.676754, 36.199234], [138.6778222, 36.1954829], [138.677045, 36.1895344], [138.6768152, 36.1837432], [138.6775504, 36.180118], [138.6761557, 36.1767172], [138.6751535, 36.1742735], [138.6724847, 36.1704964], [138.6674228, 36.1635197], [138.6653475, 36.1593094], [138.6621657, 36.155918], [138.6632799, 36.1518711], [138.6606111, 36.1451618], [138.659539, 36.1414111], [138.6543049, 36.1352112], [138.6507095, 36.1278758], [138.6492545, 36.1247892], [138.6462526, 36.1185942], [138.6418914, 36.11208], [138.637626, 36.1056705], [138.634873, 36.1010022], [138.6318098, 36.0958417], [138.6300064, 36.0916092], [138.6272534, 36.0851051], [138.6257141, 36.0813671]]}, "properties": {"kv": 500, "name": "西群馬幹線", "region": "tokyo", "loading": 0.0, "xfmr": false, "npts_orig": 104}}, {"type": "Feature", "geometry": {"type": "LineString", "coordinates": [[138.8017563142857, 36.62219266428571], [138.8022346, 36.6184767], [138.8022676, 36.6144214], [138.8010201, 36.6107463], [138.8001239, 36.6080958], [138.7991988, 36.6054215], [138.8002433, 36.6010881], [138.8008443, 36.5970151], [138.8016981, 36.591989], [138.8018881, 36.5874886], [138.8020826, 36.5830175], [138.8022212, 36.5794405], [138.8023557, 36.5767576], [138.8055727, 36.5725518], [138.80778, 36.5696804], [138.8100872, 36.5666783], [138.8136303, 36.5642248], [138.8174308, 36.5599631], [138.8206569, 36.5590311], [138.8236448, 36.5562034], [138.8271233, 36.5530264], [138.8331495548387, 36.54779360967742]]}, "properties": {"kv": 500, "name": "新吾妻線", "region": "tokyo", "loading": 0.0, "xfmr": false, "npts_orig": 22}}, {"type": "Feature", "geometry": {"type": "LineString", "coordinates": [[138.8017563142857, 36.62219266428571], [138.8008535, 36.6301602], [138.8033527, 36.6330218], [138.8068232, 36.6370331], [138.8102311, 36.6429749], [138.8130985, 36.6476803], [138.8141528, 36.6537233], [138.8150184, 36.6562699], [138.8186073, 36.6607702], [138.8174881, 36.6655246], [138.8187426, 36.6690958], [138.8194787, 36.6750803], [138.8201951, 36.6810324], [138.8207976, 36.6861405], [138.8210874, 36.6889682], [138.8215647, 36.6932279], [138.8219132, 36.6960835], [138.8224796, 36.7006691], [138.8230304, 36.7051517], [138.8212091, 36.707635], [138.8196142, 36.7101022], [138.8170816, 36.7123647], [138.8136291, 36.7154774], [138.8083827, 36.7201903], [138.8052542, 36.7229978], [138.804112, 36.725264], [138.8020239, 36.7292811], [138.7993377, 36.7346623], [138.7978943, 36.7372939], [138.795837, 36.7422002], [138.7960881, 36.7478907], [138.7945039, 36.7529244], [138.7936142, 36.7552321], [138.7922532, 36.7587371], [138.7915304, 36.7606033], [138.7904418, 36.7633772], [138.7858656, 36.7681324], [138.7834113, 36.7725542], [138.7815305, 36.7785312], [138.7802964, 36.7825648], [138.7789286, 36.7871203], [138.7776804, 36.7901939], [138.7748951, 36.7952401], [138.7697732, 36.8007729], [138.7655199, 36.8063768], [138.7629739, 36.8096066], [138.7596743, 36.8141511], [138.7590647, 36.8196442], [138.7537556, 36.825372], [138.748599, 36.8302344], [138.7466912, 36.8333937]]}, "properties": {"kv": 500, "name": "新新潟幹線", "region": "tokyo", "loading": 0.0, "xfmr": false, "npts_orig": 51}}, {"type": "Feature", "geometry": {"type": "LineString", "coordinates": [[138.8017563142857, 36.62219266428571], [138.8058182, 36.6308405], [138.8106503, 36.6357292], [138.8151515, 36.6402348], [138.8194542, 36.644512], [138.8267059, 36.6483017], [138.8307234, 36.6493486], [138.838563, 36.6499357], [138.8475308, 36.6477434], [138.8535439, 36.649124], [138.8577027, 36.6502891], [138.8656048, 36.651973], [138.8729225, 36.6535491], [138.8820607, 36.65543], [138.8920403, 36.6541954], [138.8965462, 36.6544555], [138.9034186, 36.654852], [138.9107269, 36.6546252], [138.9196867, 36.6543471], [138.9263246, 36.6541411], [138.9326517, 36.6540026], [138.941932, 36.6513331], [138.9466519, 36.6499419], [138.9556734, 36.6483184], [138.9643397, 36.6445723], [138.9698261, 36.6411155], [138.9758691, 36.6374313], [138.9823269, 36.6331487], [138.9868682, 36.6266668], [138.9884358, 36.62202], [138.9923727, 36.6191842], [138.9989587, 36.6146569], [139.0051542, 36.609224], [139.0089253, 36.6062484], [139.0162317, 36.600426], [139.0206037, 36.5964337], [139.0268211, 36.59105], [139.032958, 36.5856356], [139.0405648, 36.5826764], [139.0460686, 36.5804924], [139.0561913, 36.5783493], [139.0604452, 36.5769134], [139.0648943, 36.5754423], [139.0696929, 36.5731212], [139.0754208, 36.5703446], [139.0813243, 36.5688001], [139.0892683, 36.5667753], [139.0956841, 36.565151], [139.1047715, 36.5667129], [139.1119008, 36.5699549], [139.1159463, 36.5718116], [139.1218786, 36.5745604], [139.1298769, 36.5782868], [139.1374354, 36.5785238], [139.148588, 36.5788469], [139.1559802, 36.5790967], [139.1645311, 36.5809146], [139.1688708, 36.5817158], [139.1772555, 36.5833312], [139.1835272, 36.5839684], [139.1911769, 36.5855105], [139.1989009, 36.5870485], [139.2028383, 36.5868159], [139.2096405, 36.5864326], [139.2157934, 36.5860793], [139.2202819, 36.5858065], [139.2225634, 36.5856679], [139.22354018717948, 36.57933195897436]]}, "properties": {"kv": 500, "name": "東群馬幹線", "region": "tokyo", "loading": 0.0, "xfmr": false, "npts_orig": 68}}, {"type": "Feature", "geometry": {"type": "LineString", "coordinates": [[138.8017563142857, 36.62219266428571], [138.8048408, 36.6312722], [138.8091685, 36.6361485], [138.8142722, 36.6406072], [138.8178126, 36.6454443], [138.8195362, 36.6495502], [138.821124, 36.655871], [138.8220795, 36.6596156], [138.8228659, 36.6645979], [138.8237009, 36.6697162], [138.8237723, 36.6733274], [138.8222953, 36.6785967], [138.8228616, 36.6829532], [138.8241489, 36.6871499], [138.8256094, 36.6918295], [138.8268454, 36.6957695], [138.8258548, 36.7025143], [138.8237346, 36.7105626], [138.8243508, 36.716791], [138.8238791, 36.7233916], [138.8221895, 36.7277881], [138.8211554, 36.7304965], [138.819561, 36.7345356], [138.8195302, 36.7387176], [138.8183392, 36.7439969], [138.8172806, 36.7477112], [138.816055, 36.7520411], [138.8150662, 36.7554335], [138.8157564, 36.757894], [138.8160009, 36.7619264], [138.8174319, 36.7660106], [138.8173822, 36.7711375], [138.8164485, 36.7771716], [138.8161209, 36.7800284], [138.8158614, 36.7867498], [138.8100724, 36.7943177], [138.8072333, 36.7968097], [138.8039048, 36.7997513], [138.8014412, 36.8051443], [138.8002816, 36.8076064], [138.7960645, 36.81147], [138.7933911, 36.8175112], [138.7915723, 36.8237011], [138.7917833, 36.828109], [138.7925843, 36.8329349], [138.7915811, 36.8364546], [138.7924233, 36.8428109], [138.7899493, 36.8479526], [138.7846992, 36.8520001], [138.7800098, 36.8537656], [138.7757092, 36.8552995], [138.7733121, 36.8602333], [138.7696357, 36.8671691], [138.7667155, 36.8708173], [138.7655567, 36.8792063], [138.7632933, 36.8863452], [138.7601556, 36.8905057], [138.7598365, 36.8984331], [138.7563808, 36.9046551], [138.7527115, 36.9110862], [138.7471497, 36.9132292], [138.7392741, 36.9152102], [138.7327843, 36.9190646], [138.7294358, 36.9227515], [138.7263957, 36.9260517], [138.7234204, 36.9293346], [138.7208612, 36.9321207], [138.719519, 36.9362348], [138.7198438, 36.9398315], [138.7184331, 36.9452799], [138.7183306, 36.9494274], [138.717259, 36.9535587], [138.7185044, 36.9580337], [138.7195254, 36.9635061], [138.7214872, 36.9682418], [138.7240578, 36.9738134], [138.7257705, 36.9780235], [138.7279728, 36.9840241], [138.7336273, 36.9882561], [138.7404065, 36.9950328], [138.7433671, 37.0001822], [138.7460709, 37.0053747], [138.7503376, 37.0097958], [138.7502137, 37.0152412], [138.7488937, 37.0182687], [138.746274, 37.0210807], [138.7451119, 37.0252449]]}, "properties": {"kv": 500, "name": "南新潟幹線", "region": "tokyo", "loading": 0.0, "xfmr": false, "npts_orig": 87}}, {"type": "Feature", "geometry": {"type": "LineString", "coordinates": [[138.6257141, 36.0813671], [138.626188, 36.0814929], [138.6274849, 36.0771315], [138.6317107, 36.0762562], [138.6368496, 36.0752207], [138.6401269, 36.0730639], [138.6449119, 36.0732755], [138.6479202, 36.0709241], [138.6527689, 36.066919], [138.6593241, 36.0640328], [138.6695383, 36.0637181], [138.6731482, 36.0617039], [138.6762132, 36.0586597], [138.6791932, 36.0510373], [138.6848488, 36.0473975], [138.6876236, 36.0449938], [138.6918847, 36.0428647], [138.6983329, 36.0396561], [138.7035856, 36.0370256], [138.7065813, 36.0353228], [138.7053942, 36.0339515]]}, "properties": {"kv": 500, "name": "神流川線", "region": "tokyo", "loading": 0.0, "xfmr": false, "npts_orig": 21}}, {"type": "Feature", "geometry": {"type": "LineString", "coordinates": [[138.93704968148148, 36.0310997537037], [138.9395607, 36.0341331], [138.942121, 36.0358406], [138.9429079, 36.0385793], [138.9400828, 36.0416863], [138.9376112, 36.0429635], [138.9333271, 36.0456143], [138.9315941, 36.0490276], [138.9310089, 36.051545], [138.9292247, 36.0566485], [138.9281793, 36.0596939], [138.9266963, 36.0641446], [138.9237077, 36.0659037], [138.9211421, 36.0675103], [138.9042582, 36.0867401], [138.8977334, 36.093795], [138.8947438, 36.095321], [138.8889322, 36.0983894], [138.882403, 36.1017219], [138.877827, 36.1036458], [138.8757665, 36.1049795], [138.869111, 36.1089661], [138.8663202, 36.1164268], [138.8646363, 36.1197626], [138.8633238, 36.1224961], [138.8627484, 36.1282436], [138.86209, 36.1329359], [138.859397, 36.1377818], [138.8594156, 36.1413768], [138.8474483, 36.1512172], [138.8454277, 36.1551267], [138.8428844, 36.160171], [138.8391484, 36.1636872], [138.8341789, 36.1675538], [138.8322373, 36.1689935], [138.8316512, 36.1732156], [138.8309338, 36.17814], [138.8305435, 36.1807422], [138.8304283, 36.1840688], [138.8302947, 36.1879273], [138.8324746, 36.1903473], [138.8331208, 36.1928543], [138.8332714, 36.1972671], [138.8288822, 36.2011344], [138.8258436, 36.2038577], [138.8237701, 36.2058108], [138.8180617, 36.2071314], [138.8156103, 36.2077623], [138.8101345, 36.2093302], [138.8039811, 36.2109072], [138.799149, 36.2140778], [138.7952289, 36.2186607], [138.7911907, 36.2235049], [138.7890327, 36.2285727], [138.7873138, 36.2325998], [138.7866785, 36.2374274], [138.785913, 36.2435369], [138.7871776, 36.246564], [138.7889595, 36.2510245], [138.7910185, 36.2561305], [138.7904955, 36.2610628], [138.7900965, 36.2645455], [138.7897789, 36.2673628], [138.7893992, 36.2709171], [138.7902398, 36.2732626], [138.7912978, 36.2763264], [138.7922678, 36.2789556], [138.7935056, 36.2826417], [138.7936084, 36.2857806], [138.7937374, 36.2892732], [138.7938981, 36.2926878], [138.7952323, 36.2968611], [138.7927586, 36.2986305], [138.7897082, 36.2996849], [138.7867047, 36.300793], [138.7832909, 36.3029639], [138.7818187, 36.3070678], [138.7815219, 36.3106767], [138.7811429, 36.3154994], [138.780784, 36.3201166], [138.7815712, 36.3239638], [138.7798824, 36.3252649], [138.7774034, 36.3273427], [138.7749001, 36.329362], [138.7724975, 36.3319136], [138.7704713, 36.3340714], [138.7670273, 36.3376398], [138.7648663, 36.3398679], [138.7630145, 36.3434603], [138.7618816, 36.3457329], [138.7601347, 36.3490132], [138.7589931, 36.3513066], [138.7603177, 36.3554014], [138.7622654, 36.3589162], [138.7639646, 36.3620119], [138.7670902, 36.3643144], [138.7690138, 36.3672512], [138.7721165, 36.3704491], [138.7734586, 36.3741659], [138.7753504, 36.3789333], [138.7771721, 36.3835801], [138.7805783, 36.3859125], [138.7833055, 36.3895766], [138.785997, 36.3933769], [138.7885198, 36.3954312], [138.7911869, 36.4003297], [138.7937406, 36.4027103], [138.7964062, 36.4051746], [138.7987686, 36.4071714], [138.8031652, 36.4109861], [138.806373, 36.413903], [138.8078171, 36.4179943], [138.8088929, 36.4211793], [138.8103768, 36.4254245], [138.8116359, 36.4295286], [138.8137995, 36.4345483], [138.8153544, 36.4382496], [138.8167491, 36.4415391], [138.8178551, 36.4441286], [138.8195122, 36.4479519], [138.8215874, 36.4528645], [138.8242197, 36.4563148], [138.8258459, 36.4585481], [138.8280373, 36.4607225], [138.8305739, 36.46323], [138.833512, 36.4681558], [138.8384998, 36.4738898], [138.8422457, 36.4763878], [138.8427682, 36.4826392], [138.8414014, 36.4863703], [138.8399273, 36.49052], [138.8390405, 36.492907], [138.8394574, 36.4952269], [138.8399595, 36.4977677], [138.8406587, 36.5019625], [138.8401433, 36.5066809], [138.8398288, 36.5094832], [138.8376611, 36.5118788], [138.8361301, 36.5136271], [138.8341266, 36.5157676], [138.8306613, 36.5196185], [138.827622, 36.5230051], [138.8258863, 36.5273538], [138.8253394, 36.5321679], [138.8248839, 36.5365043], [138.826422, 36.5388037], [138.8288659, 36.5426144], [138.8331495548387, 36.54779360967742]]}, "properties": {"kv": 500, "name": "新榛名線", "region": "tokyo", "loading": 0.0, "xfmr": false, "npts_orig": 148}}, {"type": "Feature", "geometry": {"type": "LineString", "coordinates": [[138.93704968148148, 36.0310997537037], [138.92797, 36.0347485], [138.9279934, 36.0384269], [138.9257548, 36.0399467], [138.9242008, 36.0417966]]}, "properties": {"kv": 500, "name": "安曇幹線１号線", "region": "tokyo", "loading": 0.0, "xfmr": false, "npts_orig": 5}}, {"type": "Feature", "geometry": {"type": "LineString", "coordinates": [[138.93704968148148, 36.0310997537037], [138.9258032, 36.0290412], [138.9228165, 36.0284739], [138.9180502, 36.0293232], [138.9103657, 36.0323751], [138.9064014, 36.0339813], [138.9009002, 36.0361665], [138.893988, 36.038891], [138.8893604, 36.0410275], [138.885967, 36.0425701], [138.8796906, 36.043519], [138.8755748, 36.0441284], [138.8726377, 36.0445751], [138.8683449, 36.045216], [138.861178, 36.0477186], [138.8582128, 36.048752], [138.8551524, 36.0498092], [138.8528015, 36.0506246], [138.8497102, 36.0516958], [138.8419238, 36.0549952], [138.839196, 36.0561482], [138.8358513, 36.0575691], [138.831325, 36.0595097], [138.8278824, 36.0632847], [138.822526, 36.0668394], [138.8148442, 36.0693598], [138.808195, 36.0678562], [138.799113, 36.0684221], [138.7937104, 36.0682974], [138.7881951, 36.0681088], [138.7854351, 36.0686497], [138.7805615, 36.0702346], [138.7729575, 36.0727202], [138.7689127, 36.0739862], [138.7632358, 36.0756176], [138.7566724, 36.0774906], [138.7490843, 36.0786712], [138.7431894, 36.0783902], [138.7401606, 36.0780094], [138.7349819, 36.0772709], [138.7292282, 36.0765224], [138.7248717, 36.0753634], [138.7216368, 36.0745474], [138.718936, 36.0738464], [138.7150679, 36.0726701], [138.7114305, 36.0716397], [138.7089538, 36.0699456], [138.7020724, 36.065717], [138.6967498, 36.0628463], [138.693465, 36.0609596], [138.688541, 36.061212], [138.6851034, 36.0622805], [138.6818118, 36.0650167], [138.6795074, 36.0676809], [138.6746214, 36.0685317], [138.6700695, 36.0709516], [138.6680165, 36.072043], [138.6610771, 36.0736984], [138.6545661, 36.0737288], [138.6485173, 36.074323], [138.6462791, 36.074177], [138.6403552, 36.0738306], [138.6377756, 36.0736574], [138.6338327, 36.0734294], [138.6303433, 36.0732312], [138.6235035, 36.07503], [138.6173484, 36.0766675], [138.6128663, 36.077503], [138.6083147, 36.0776574], [138.6029467, 36.0791808], [138.5987947, 36.0803461], [138.5922366, 36.080304], [138.5848186, 36.0802057], [138.5795374, 36.0801285], [138.5773311, 36.0801426], [138.5738827, 36.0802619], [138.5676199, 36.0813009], [138.5608013, 36.083456], [138.5564582, 36.0842773], [138.5525494, 36.0842282], [138.5500651, 36.0844879], [138.5464603, 36.0849091], [138.5428201, 36.0878333], [138.5393226, 36.0892272], [138.5363962, 36.0903519], [138.5316854, 36.0916497], [138.5266634, 36.0904677], [138.5238064, 36.0916221], [138.5183459, 36.0933908], [138.5156041, 36.0942565], [138.5110306, 36.0958483], [138.5054124, 36.0979167], [138.5010861, 36.099406], [138.4963666, 36.1013814], [138.4936633, 36.1020401], [138.489821, 36.102795], [138.4828865, 36.1050927], [138.4780849, 36.1065855], [138.472943, 36.1078981], [138.4679131, 36.1095683], [138.4651425, 36.1104587], [138.4612684, 36.1124202], [138.4562755, 36.114887], [138.4517779, 36.1169723], [138.4463205, 36.1194979], [138.4441393, 36.120498], [138.4398709, 36.1224425], [138.4348323, 36.1272584], [138.4321405, 36.1298441], [138.4295419, 36.1359368], [138.4271694, 36.1367388], [138.425192, 36.1374023], [138.4176934, 36.1399165], [138.4130013, 36.1413841], [138.4104703, 36.1431033], [138.4065221, 36.1472439], [138.4047934, 36.1498526], [138.4031486, 36.1523698], [138.401143, 36.1553829], [138.3982582, 36.1568826], [138.3947714, 36.1586519], [138.389356, 36.1613999], [138.3849035, 36.1620323], [138.3807729, 36.1625975], [138.3786258, 36.162879], [138.3738206, 36.1635383], [138.3711329, 36.1639175], [138.3675215, 36.1637408], [138.3632822, 36.1635258], [138.3581176, 36.1632991], [138.3547354, 36.1618764], [138.3522064, 36.1608144], [138.3450741, 36.1578073], [138.3396694, 36.157764], [138.3360404, 36.1577142], [138.3287019, 36.1576427], [138.3235064, 36.1583638], [138.3207062, 36.1587666], [138.3132631, 36.1597975], [138.3094516, 36.160001], [138.3060265, 36.1601743], [138.3024994, 36.1603237], [138.2995597, 36.1604666], [138.2932779, 36.1585891], [138.288325, 36.1566771], [138.2826671, 36.1544993], [138.2800439, 36.1534825], [138.2768802, 36.1522837], [138.2705033, 36.1498212], [138.2655922, 36.1477355], [138.2629582, 36.1466157], [138.2581919, 36.1445603], [138.253085, 36.143421], [138.2480398, 36.1422654], [138.2452422, 36.1416416], [138.2387996, 36.1401773], [138.2352088, 36.1393721], [138.2298692, 36.1381704], [138.225237, 36.1371285], [138.2187635, 36.1375465], [138.2136136, 36.137892], [138.2082298, 36.1382852], [138.2034937, 36.1407492], [138.1990063, 36.1436386], [138.1946504, 36.1432964], [138.1903616, 36.142939], [138.1826274, 36.1422654], [138.1780234, 36.14188], [138.1711974, 36.1412782], [138.1675648, 36.1409684], [138.163024, 36.1405723], [138.1567581, 36.140039], [138.1539697, 36.1395194], [138.1508821, 36.1389795], [138.1478433, 36.1385202], [138.1453986, 36.1356063], [138.1429632, 36.133828], [138.137727, 36.1293063], [138.1347292, 36.126454], [138.1303196, 36.12231], [138.1265568, 36.1206719], [138.1238552, 36.1195084], [138.1194317, 36.1176207], [138.1159924, 36.1162657], [138.1116831, 36.1145839], [138.1082604, 36.1144477], [138.1043355, 36.1142863], [138.1007782, 36.1146886], [138.0947994, 36.1150321], [138.0913339, 36.114542], [138.0861167, 36.1131153], [138.0813402, 36.1099324], [138.07578, 36.1077612], [138.0725361, 36.1072025], [138.0691796, 36.1066232], [138.06274, 36.1057456], [138.0570879, 36.1049597], [138.04978, 36.1036546], [138.0447283, 36.1049481], [138.0414308, 36.1054794], [138.0354016, 36.1059358], [138.0330278, 36.1051856], [138.0281347, 36.1036476], [138.0226381, 36.1019214], [138.0184211, 36.1011916], [138.0148854, 36.1005899], [138.011066, 36.0998721], [138.0095378, 36.0982095], [138.007873, 36.0963041], [138.0059128, 36.0939833], [138.0037832, 36.0914383], [138.002086, 36.0894389], [137.9990724, 36.0889773], [137.9962885, 36.0874214], [137.9930609, 36.0855664], [137.9894009, 36.083564], [137.986792, 36.0820995], [137.9834037, 36.080236], [137.9783014, 36.0790177], [137.9725877, 36.0781745], [137.9673493, 36.0789116], [137.9635718, 36.079381], [137.9560955, 36.0762887], [137.9487943, 36.0739989], [137.9418803, 36.0726805], [137.9382902, 36.0712329], [137.9291599, 36.0678198], [137.9223835, 36.0641706], [137.9173091, 36.0609116], [137.9117853, 36.0572568], [137.9082058, 36.0549846], [137.9019094, 36.0554571], [137.8980947, 36.0583627], [137.8945286, 36.0611304], [137.894251, 36.0644707], [137.8904049, 36.0673013], [137.8835904, 36.0696685], [137.8807616, 36.0706705], [137.8790433, 36.072643], [137.8745896, 36.0779435], [137.8725615, 36.0834011], [137.8705024, 36.0865876], [137.870216, 36.0893541], [137.8711767, 36.0932521], [137.8721475, 36.0971036], [137.873063, 36.1010322], [137.8737047, 36.1049278], [137.8742331, 36.1091739], [137.8729932, 36.1131302], [137.8734431, 36.1176358], [137.875917, 36.1199745], [137.8771946, 36.1228407], [137.8789141, 36.1274494], [137.8811445, 36.1291023], [137.8832558, 36.1309468], [137.8844212, 36.1346038]]}, "properties": {"kv": 500, "name": "安曇幹線2号線", "region": "tokyo", "loading": 0.0, "xfmr": false, "npts_orig": 256}}, {"type": "Feature", "geometry": {"type": "LineString", "coordinates": [[138.93704968148148, 36.0310997537037], [138.9432358, 36.0344675], [138.9440009, 36.0372406], [138.9450629, 36.0407718], [138.9469332, 36.0457246], [138.9489108, 36.0518079], [138.9509097, 36.0557734], [138.9552173, 36.0579105], [138.9592085, 36.0594612], [138.9631518, 36.0632792], [138.9710875, 36.0655742], [138.9748544, 36.0662229], [138.9824203, 36.0674646], [138.986416, 36.0688194], [138.9919021, 36.0715219], [138.9948929, 36.0729975], [138.9995993, 36.0749251], [139.005522, 36.0773488], [139.0102085, 36.0792688], [139.0149672, 36.0812085], [139.0176807, 36.0855182], [139.0199773, 36.0887345], [139.0238386, 36.0940439], [139.026913, 36.0983682], [139.0300482, 36.1008816], [139.0340481, 36.1042472], [139.0364694, 36.1078016], [139.039966, 36.1133807], [139.0437368, 36.1186616], [139.0470711, 36.1207682], [139.0538759, 36.1250134], [139.0575014, 36.1275296], [139.0614075, 36.1302519], [139.0672417, 36.1343139], [139.072667, 36.1386079], [139.0755952, 36.140872], [139.0795681, 36.1440542], [139.0861708, 36.1453455], [139.0898082, 36.1445626], [139.0968543, 36.1430639], [139.1039257, 36.1419971], [139.1096989, 36.1452164], [139.1145488, 36.1478849], [139.118505, 36.1500542], [139.1233423, 36.1531721], [139.1269007, 36.1554495], [139.1330329, 36.1570737], [139.1369459, 36.1581043], [139.141936, 36.1614971], [139.1441456, 36.1651216], [139.1478252, 36.1677689], [139.1505765, 36.1704338], [139.152711, 36.1736897], [139.1548476, 36.1762457], [139.1572305, 36.1784166], [139.1606327, 36.1815352], [139.1638149, 36.1844701], [139.166984, 36.1873604], [139.1701713, 36.1902588], [139.1727931, 36.192686], [139.1740525, 36.1967072], [139.1753893, 36.20098], [139.1767151, 36.2053815], [139.1800085, 36.2083358], [139.1835627, 36.210301], [139.1867351, 36.212435], [139.1905405, 36.2127599], [139.1938646, 36.2150519], [139.1971616, 36.2173938], [139.2001736, 36.219508], [139.20451, 36.2204345], [139.21234755, 36.22024410882353]]}, "properties": {"kv": 500, "name": "新岡部線;下児玉線", "region": "tokyo", "loading": 0.0, "xfmr": false, "npts_orig": 72}}, {"type": "Feature", "geometry": {"type": "LineString", "coordinates": [[139.36912979090908, 35.928050036363636], [139.3625818, 35.9265209], [139.3597817, 35.9241633], [139.356253, 35.9241256], [139.3505041888889, 35.926727722222225]]}, "properties": {"kv": 500, "name": "新所沢線", "region": "tokyo", "loading": 0.0, "xfmr": false, "npts_orig": 5}}, {"type": "Feature", "geometry": {"type": "LineString", "coordinates": [[139.36912979090908, 35.928050036363636], [139.3770772, 35.9286111], [139.3808911, 35.9297202], [139.3846053, 35.9307926], [139.3887394, 35.9318175], [139.3919959, 35.9326209], [139.395719, 35.933529], [139.3991612, 35.9343791], [139.4022218, 35.9361803], [139.4055309, 35.9381778], [139.4086236, 35.939916], [139.4114816, 35.9420402], [139.4142785, 35.9440271], [139.417482, 35.9463528], [139.4206962, 35.9486334], [139.4234893, 35.9506786], [139.4259199, 35.9531677], [139.4283996, 35.9556553], [139.4304428, 35.9578109], [139.43660128082192, 35.96206375890411]]}, "properties": {"kv": 500, "name": "新鶴ヶ島線", "region": "tokyo", "loading": 0.0, "xfmr": false, "npts_orig": 20}}, {"type": "Feature", "geometry": {"type": "LineString", "coordinates": [[139.36912979090908, 35.928050036363636], [139.3726482, 35.9347031], [139.3738741, 35.9380012], [139.3744676, 35.9416549], [139.3721349, 35.9456441], [139.3725775, 35.9493972], [139.3730238, 35.9529369], [139.3734903, 35.9564932], [139.3739213, 35.9598243], [139.3751854, 35.9628204], [139.3765546, 35.9660143], [139.37782, 35.9690033], [139.3793897, 35.9726607], [139.3809056, 35.9762101], [139.3819846, 35.9786885], [139.3863659, 35.9799451], [139.3914393, 35.9813894], [139.3968325, 35.9829308], [139.4001776, 35.9838522], [139.4037278, 35.983411], [139.4072745, 35.982962], [139.4111847, 35.9824983], [139.4148259, 35.9843657], [139.4188492, 35.9864739], [139.4230349, 35.9886913], [139.4277834, 35.9911853], [139.4315875, 35.9936273], [139.4354953, 35.9960937], [139.4399276, 35.9984237], [139.4433986, 36.0002713], [139.4466881, 36.0020087], [139.4481639, 36.004626], [139.4499451, 36.0078014], [139.4519607, 36.011413], [139.4539996, 36.0149931], [139.4559729, 36.0185589], [139.4577843, 36.0218222], [139.4578712, 36.0250293], [139.4588788, 36.0281997], [139.460046, 36.031971], [139.4610584, 36.0352153], [139.4619858, 36.0381239], [139.4629889, 36.0412574], [139.4638034, 36.0437941], [139.4671529, 36.0455882], [139.4704481, 36.0472966], [139.4726577, 36.0496663], [139.4760097, 36.0533131], [139.4768726, 36.0565498], [139.4783329, 36.0621402], [139.4796604, 36.0668367], [139.4831706, 36.0696557], [139.4864688, 36.0722619], [139.4899005, 36.0752068], [139.49240106, 36.080526559999996]]}, "properties": {"kv": 500, "name": "新古河線", "region": "tokyo", "loading": 0.0, "xfmr": false, "npts_orig": 55}}, {"type": "Feature", "geometry": {"type": "LineString", "coordinates": [[139.3505041888889, 35.926727722222225], [139.345069, 35.9270288], [139.3415589, 35.9272667], [139.3378226, 35.9266508], [139.3340087, 35.9260038], [139.3306648, 35.9255816], [139.3247414, 35.924819], [139.3205644, 35.9242974], [139.3181747, 35.9231935], [139.3150901, 35.9217936], [139.3112314, 35.9219567], [139.3070122, 35.9221631], [139.3031815, 35.9223269], [139.2989988, 35.9214001], [139.2945217, 35.9204068], [139.2926985, 35.9206675], [139.2903295, 35.9208864], [139.2852395, 35.9213811], [139.2792637, 35.9219336], [139.2757764, 35.9211748], [139.2696581, 35.924006], [139.2669544, 35.9285063], [139.2651198, 35.9323114], [139.2627846, 35.9372556], [139.2613003, 35.9423272], [139.26024, 35.9470254], [139.260494, 35.9500622], [139.2612438, 35.9539284], [139.2602275, 35.9583559], [139.2599311, 35.9597763], [139.2584633, 35.9662002], [139.2569462, 35.9688029], [139.2540646, 35.9737253], [139.2521234, 35.9771224], [139.2506941, 35.9795859], [139.2503033, 35.9826387], [139.2496548, 35.9880962], [139.2489825, 35.9937578], [139.2487017, 36.0005745], [139.2486473, 36.0052904], [139.2485334, 36.0084025], [139.2459583, 36.0122223], [139.2425919, 36.0153302], [139.2396376, 36.0186113], [139.2346484, 36.02144], [139.2312014, 36.0249304], [139.2279618, 36.027488], [139.2251621, 36.0292205], [139.219292, 36.0327668], [139.2160845, 36.0347517], [139.2126219, 36.0368589], [139.2100188, 36.0388006], [139.2048395, 36.0426023], [139.2020075, 36.0458368], [139.1988637, 36.0495325], [139.1943935, 36.0527587], [139.1916947, 36.0547752], [139.1896917, 36.0585358], [139.1877791, 36.0633012], [139.1858728, 36.0678693], [139.1837658, 36.0727439], [139.1809137, 36.0769345], [139.1789979, 36.0797221], [139.1768441, 36.0823808], [139.1751026, 36.084532], [139.1718868, 36.0872857], [139.1674022, 36.0902253], [139.1625004, 36.0934665], [139.1593741, 36.0964587], [139.1581782, 36.0988866], [139.1567547, 36.1018616], [139.1546395, 36.1054242], [139.1527308, 36.1086768], [139.1505102, 36.1120317], [139.1475374, 36.1158816], [139.1438872, 36.1202133], [139.1397895, 36.1245377], [139.1373957, 36.1271209], [139.1346686, 36.1293887], [139.1308998, 36.1325687], [139.1283549, 36.1349801], [139.1255902, 36.137974], [139.122005, 36.1424239], [139.1179819, 36.1455529], [139.1144225, 36.1484316], [139.1130516, 36.1517004], [139.111621, 36.1553775], [139.109866, 36.1598943], [139.1077044, 36.1643328], [139.1036356, 36.1706983], [139.0998038, 36.1768816], [139.0972238, 36.1811882], [139.095524, 36.1840042], [139.0930244, 36.1881822], [139.0880512, 36.1914957], [139.0846098, 36.1938063], [139.0817641, 36.1966474], [139.0789022, 36.1993933], [139.076352, 36.2020321], [139.0731388, 36.2033323], [139.0670455, 36.2058552], [139.0607262875, 36.20726195]]}, "properties": {"kv": 500, "name": "西上武幹線", "region": "tokyo", "loading": 0.0, "xfmr": false, "npts_orig": 102}}, {"type": "Feature", "geometry": {"type": "LineString", "coordinates": [[138.8607732, 35.5304089], [138.86952355555556, 35.535579266666666]]}, "properties": {"kv": 500, "name": "leadin", "region": "tokyo", "loading": 0.0, "xfmr": false, "npts_orig": 2}}, {"type": "Feature", "geometry": {"type": "LineString", "coordinates": [[139.23965823783783, 35.852028421621625], [139.23781, 35.8566096]]}, "properties": {"kv": 500, "name": "新飯能線", "region": "tokyo", "loading": 0.0, "xfmr": false, "npts_orig": 2}}, {"type": "Feature", "geometry": {"type": "LineString", "coordinates": [[140.02732282777777, 35.343132511111115], [140.02586312, 35.34178882]]}, "properties": {"kv": 500, "name": "富津火力線", "region": "tokyo", "loading": 0.0, "xfmr": false, "npts_orig": 2}}, {"type": "Feature", "geometry": {"type": "LineString", "coordinates": [[140.02732282777777, 35.343132511111115], [140.0352477, 35.3449276], [140.0411968, 35.346608], [140.0451958, 35.3471762], [140.0480908, 35.344166], [140.051025, 35.3410791], [140.0553323, 35.341048], [140.0592031, 35.3422712], [140.0616784, 35.3430476], [140.0649114, 35.3442404], [140.0677907, 35.3456288], [140.0733189, 35.348282], [140.0781895, 35.3503498], [140.0816472, 35.3518293], [140.0836852, 35.3528201], [140.0840209, 35.3529833], [140.0856878, 35.3537915], [140.0885747, 35.3551279], [140.0900846, 35.3558496], [140.0901816, 35.355896], [140.0919711, 35.3567514], [140.0964263, 35.3587433], [140.0995151, 35.3601244], [140.101932, 35.3630276], [140.1040764, 35.3682591], [140.1050415, 35.3706546], [140.1052901, 35.3737201], [140.1054773, 35.3763419], [140.1058826, 35.3804254], [140.1063418, 35.385385], [140.1067704, 35.3895912], [140.1098585, 35.3930995], [140.1136633, 35.3973006], [140.1170939, 35.4006326], [140.1204167, 35.4037484], [140.123464, 35.4065491], [140.1270718, 35.409893], [140.1305881, 35.4131864], [140.1340874, 35.4168962], [140.1374609, 35.4205141], [140.1412869, 35.4244682], [140.1450267, 35.428217], [140.1475625, 35.4307584], [140.1501229, 35.4339879], [140.1539117, 35.4370651], [140.1580963, 35.4401837], [140.1628219, 35.4416356], [140.1659055, 35.4452969], [140.1693218, 35.4488115], [140.1728292, 35.4522911], [140.1758037, 35.4552605], [140.1781172, 35.4577042], [140.1810408, 35.4607912], [140.184014, 35.4638781], [140.1881298, 35.4683543], [140.1908979, 35.4714005], [140.1936525, 35.4744203], [140.1957151, 35.476941], [140.1982981, 35.4800284], [140.2015984, 35.4839803], [140.2054086, 35.4864987], [140.2087024, 35.4884381], [140.2124709, 35.4914912], [140.2159578, 35.4941325], [140.2214093, 35.4956874], [140.2272083, 35.4974769], [140.2312879, 35.4986212], [140.234579, 35.4995471], [140.2386841, 35.502079], [140.2432412, 35.50478], [140.2466087, 35.5068336], [140.2466208, 35.5107538], [140.2466208, 35.5144894], [140.2466047, 35.5182227], [140.2466087, 35.5207168], [140.2476937, 35.5247598], [140.2481305, 35.5293116], [140.2485299, 35.5330807], [140.2490244, 35.5371072], [140.2497547, 35.5410646], [140.2534545, 35.5436014], [140.2562742, 35.5458398], [140.2601869, 35.5488453], [140.2633997, 35.551426], [140.2670542, 35.5543478], [140.2700016, 35.5566519], [140.2727742, 35.5588011], [140.2776497, 35.5597214], [140.2824521, 35.560453], [140.2873584, 35.5629023], [140.2919861, 35.5652794], [140.2968142, 35.5664918], [140.299392, 35.5704471], [140.3042133, 35.5736938], [140.3087113, 35.5766772], [140.3144599, 35.5790734], [140.3189259, 35.58083], [140.3224003, 35.5833668], [140.3256385, 35.5857641], [140.3316286, 35.5854226], [140.3359767, 35.5888947], [140.3402071, 35.5920789], [140.3439039, 35.5950305], [140.3478038, 35.5980615], [140.3505125, 35.6005319], [140.3546967, 35.6043485], [140.3580207, 35.6061732], [140.3620938, 35.6083233], [140.3676952, 35.6116565], [140.3715256, 35.6134916], [140.373617, 35.6176279], [140.3777672, 35.621063], [140.3815857, 35.6242166], [140.3843681, 35.6265144], [140.3879314, 35.6295055], [140.3914372, 35.632437], [140.3947605, 35.6352626], [140.3982673, 35.639405], [140.4011276, 35.6422806], [140.4041922, 35.6454089], [140.407417, 35.6488161], [140.4098582, 35.6512387], [140.4134277, 35.6548493], [140.4156777, 35.6573376], [140.4192431, 35.6612428], [140.4212018, 35.6633626], [140.4259267, 35.6670964], [140.4295756, 35.6699324], [140.4330321, 35.6733694], [140.4359161, 35.676202], [140.4394224, 35.6795389], [140.442642, 35.682612], [140.4456871, 35.6851046], [140.4492033, 35.6892705], [140.4522756, 35.6928152], [140.4521575, 35.6965605], [140.4520432, 35.6999882], [140.4518947, 35.7044884], [140.4517936, 35.7073835], [140.4516333, 35.7125656], [140.4494975, 35.7161666], [140.4487877, 35.7204403], [140.4468627, 35.7244067], [140.4454239, 35.7276983], [140.4455642, 35.7321495], [140.4490705, 35.7362781], [140.4518658, 35.7395054], [140.4549017, 35.7429951], [140.4586161, 35.7463728], [140.4610466, 35.7492638], [140.4628445, 35.7515031], [140.4643402, 35.753366], [140.4664844, 35.7561447], [140.4689546, 35.7597371], [140.4706667, 35.7622709], [140.472338, 35.7692301], [140.4739441, 35.7738075], [140.4750855, 35.7769758], [140.4778329, 35.7845157], [140.4809798, 35.7926698], [140.4827164, 35.7972194], [140.4828108, 35.7974696], [140.4837518, 35.7999967], [140.483605, 35.8024366], [140.4833686, 35.8063376], [140.483124, 35.8106484], [140.4829609, 35.8135177], [140.4827653, 35.8170943], [140.4825289, 35.8209352], [140.4820152, 35.8243462], [140.4814853, 35.8278958], [140.4810777, 35.8313777], [140.4806787, 35.8349746], [140.4801358, 35.8395437], [140.4795541, 35.8429677], [140.4787879, 35.8473181], [140.4764567, 35.8510323], [140.4748821, 35.8535929], [140.4729652, 35.856786], [140.4709353, 35.8600138], [140.4672205, 35.8613715], [140.4619264, 35.8632532], [140.45855127666667, 35.86581733]]}, "properties": {"kv": 500, "name": "新袖ヶ浦線", "region": "tokyo", "loading": 0.0, "xfmr": false, "npts_orig": 183}}, {"type": "Feature", "geometry": {"type": "LineString", "coordinates": [[140.02732282777777, 35.343132511111115], [140.0289932, 35.3466054], [140.0246817, 35.3464743], [140.0215036, 35.3489486], [140.0185851, 35.3507312], [140.0158688, 35.3523722], [140.0125304, 35.3543938], [140.0128828, 35.3578674], [140.0108349, 35.36265], [140.009506, 35.3658921], [140.0079353, 35.3699543], [140.0063833, 35.3738509], [140.0048228, 35.3778459], [140.0036714, 35.3820392], [140.0053638, 35.3856601], [140.0089818, 35.3896641], [140.0095907, 35.3936795], [140.0104503, 35.3971944], [140.0116593, 35.4010341], [140.0129494, 35.4050458], [140.0141484, 35.4088738], [140.015299, 35.4127715], [140.0118121, 35.415434], [140.0088311, 35.4177816], [140.0049403, 35.4207019], [140.0005361, 35.4240789], [139.9973899, 35.4264853], [139.9947479, 35.4293517], [139.9942819, 35.4326737], [139.990091, 35.434291], [139.9894478, 35.4374614], [139.9885948, 35.439942], [139.9849644, 35.4422637], [139.9839228, 35.4457361], [139.9874659, 35.4469879], [139.9900411, 35.4484948], [139.989357, 35.4505321], [139.9881469, 35.4526309], [139.9871036, 35.4544696], [139.9860602, 35.4563007], [139.9847564, 35.4587014], [139.9833423, 35.4612008], [139.98034054210527, 35.46413096315789]]}, "properties": {"kv": 500, "name": "新袖ヶ浦線", "region": "tokyo", "loading": 0.0, "xfmr": false, "npts_orig": 43}}, {"type": "Feature", "geometry": {"type": "LineString", "coordinates": [[140.45855127666667, 35.86581733], [140.4531167, 35.8706729], [140.4514413, 35.8742761], [140.4489674, 35.8768679], [140.4460772, 35.8800033], [140.4418541, 35.8811769], [140.4361784, 35.8827305], [140.431952, 35.8839323], [140.425693, 35.8841465], [140.4222569, 35.8842696], [140.4163809, 35.885618], [140.4118674, 35.8866498], [140.4078058, 35.8875785], [140.4026984, 35.8899366], [140.3983699, 35.8918926], [140.3951257, 35.8947374], [140.3917347, 35.8977245], [140.3882004, 35.9010477], [140.3870669, 35.9031157], [140.3839421, 35.9087096], [140.3823551, 35.9115939], [140.3778702, 35.9129377], [140.3731715, 35.9143339], [140.3675765, 35.9143604], [140.3622125, 35.9143994], [140.3568527, 35.914421], [140.3522548, 35.9144463], [140.3473583, 35.9160578], [140.3417951, 35.9178646], [140.3361542, 35.9197226], [140.3306034, 35.9216562], [140.3266768, 35.9244094], [140.3231508, 35.9270977], [140.3206278, 35.9290169], [140.3181153, 35.9309063], [140.3148188, 35.9333004], [140.3115844, 35.935633], [140.3082673, 35.9380014], [140.3043215, 35.9403416], [140.3002005, 35.9427776], [140.2978262, 35.9441917], [140.2953564, 35.9456627], [140.2916573, 35.9478198], [140.2877937, 35.9498128], [140.2833333, 35.9519883], [140.2791125, 35.9541266], [140.2753084, 35.9560408], [140.2708517, 35.9563938], [140.2658503, 35.9570129], [140.261984, 35.9567783], [140.2567623, 35.9563824], [140.2525593, 35.9560559], [140.24835, 35.955969], [140.2425197, 35.9571556], [140.2368123, 35.9583309], [140.2324824, 35.9586261], [140.2277109, 35.9589679], [140.2230067, 35.9592912], [140.2187115, 35.9595773], [140.2138057, 35.9600399], [140.2098521, 35.9604222], [140.2045383, 35.9609146], [140.1998711, 35.9621098], [140.1952623, 35.9632858], [140.1893338, 35.9647936], [140.1840209, 35.9660615], [140.1798307, 35.9691262], [140.1757937, 35.9718404], [140.17238, 35.97522], [140.170019, 35.9775933], [140.1674283, 35.9801441], [140.1644954, 35.9830481], [140.1637119, 35.9877178], [140.1630639, 35.9918483], [140.1607962, 35.993684], [140.1574823, 35.9963134], [140.1535116, 35.9977718], [140.1486832, 35.9998844], [140.1448775, 36.0043224], [140.1396019, 36.0050397], [140.1349855, 36.0056738], [140.1307703, 36.0062453], [140.1264531, 36.00484], [140.121811, 36.0047832], [140.1175938, 36.0047138], [140.1128161, 36.0046528], [140.1079191, 36.0045479], [140.1041615, 36.0069374], [140.1006431, 36.0091787], [140.0957939, 36.0113017], [140.0912527, 36.0132963], [140.086796, 36.015196], [140.0818854, 36.0173407], [140.0769408, 36.0184312], [140.0734264, 36.0223119], [140.0708353, 36.025109], [140.0674529, 36.0286923], [140.064624, 36.031727], [140.0616994, 36.0349055], [140.0577516, 36.037698], [140.0535065, 36.0406754], [140.0516637, 36.0444403], [140.0496572, 36.0485251], [140.0469695, 36.0516711], [140.0442468, 36.0548036], [140.0415221, 36.0579639], [140.0386512, 36.0613066], [140.0363168, 36.0639789], [140.0351581, 36.0679093], [140.0341973, 36.071205], [140.0333171, 36.0742655], [140.0323395, 36.0776314], [140.0340112, 36.0818947], [140.0356091, 36.0858164], [140.0337217, 36.0884491], [140.0312233, 36.091924], [140.0282902, 36.0959504], [140.0261813, 36.0988286], [140.0232664, 36.1011378], [140.0225957, 36.1037587], [140.0235588, 36.1063684], [140.0231067, 36.1085624], [140.0185641, 36.11445012]]}, "properties": {"kv": 500, "name": "新佐原線", "region": "tokyo", "loading": 0.0, "xfmr": false, "npts_orig": 123}}, {"type": "Feature", "geometry": {"type": "LineString", "coordinates": [[140.45855127666667, 35.86581733], [140.4511781, 35.8646532], [140.4447106, 35.8651574], [140.4388165, 35.8645607], [140.4327611, 35.863917], [140.4289347, 35.8635266], [140.4250278, 35.8644716], [140.4206111, 35.8655402], [140.4180042, 35.8672847], [140.4146748, 35.8694859], [140.4132193, 35.8704464], [140.4113925, 35.871652], [140.4083484, 35.8728585], [140.4055929, 35.8739239], [140.4023853, 35.8751757], [140.3990322, 35.8764516], [140.3949518, 35.8797775], [140.3920203, 35.8821928], [140.3886327, 35.8850352], [140.3852424, 35.8868341], [140.3840655, 35.8902614], [140.3779431, 35.8917917], [140.3737482, 35.8912455], [140.3695224, 35.890617], [140.3653355, 35.8899965], [140.3604856, 35.889261], [140.3555614, 35.8884545], [140.3486535, 35.8903921], [140.3438669, 35.8905923], [140.3387305, 35.8887991], [140.3332468, 35.8868636], [140.3285988, 35.8852179], [140.3242124, 35.8837835], [140.3190044, 35.8820808], [140.3140442, 35.8804524], [140.3089881, 35.8788184], [140.3038878, 35.8794551], [140.2987183, 35.8801137], [140.2938953, 35.8807166], [140.289474, 35.8806953], [140.2851532, 35.8806707], [140.2807657, 35.8806288], [140.2764277, 35.8797542], [140.2734205, 35.8791555], [140.2714093, 35.8787154], [140.266796, 35.8777761], [140.2626219, 35.8769188], [140.2580522, 35.8761247], [140.2540232, 35.875408], [140.249932, 35.8746939], [140.245962, 35.8739946], [140.2414119, 35.8734574], [140.2363439, 35.8728773], [140.2314672, 35.8723075], [140.2266796, 35.8717426], [140.2218828, 35.8711976], [140.2156601, 35.8702367], [140.2097849, 35.8693407], [140.2035245, 35.8683716], [140.1988343, 35.8676611], [140.193419, 35.8663142], [140.189511, 35.8653262], [140.1844931, 35.8658359], [140.1790546, 35.866392], [140.174019, 35.8669026], [140.1692307, 35.8673788], [140.1635693, 35.8672265], [140.1572333, 35.8670364], [140.1512458, 35.8668629], [140.1462512, 35.8675527], [140.1419138, 35.8681398], [140.1379485, 35.869399], [140.1349847, 35.868001], [140.1282836, 35.8648365], [140.124977, 35.8633042], [140.1209238, 35.8614543], [140.1161767, 35.859212], [140.1134975, 35.8579247], [140.1110257, 35.8543442], [140.1089058, 35.8511968], [140.1064729, 35.8476425], [140.1041948, 35.8442854], [140.1012132, 35.8399544], [140.0983021, 35.8357234], [140.0955723, 35.8316896], [140.0916694, 35.8302382], [140.0857981, 35.8280097], [140.0803041, 35.8259462], [140.0767754, 35.823795], [140.0732232, 35.821584], [140.0699232, 35.8186797], [140.067219, 35.8162277], [140.0662984, 35.8126077], [140.0672882, 35.8077157], [140.068112, 35.8035889], [140.0702609, 35.8011756], [140.0705561, 35.7987258], [140.0688956, 35.7953686], [140.0676558, 35.7927721], [140.0679901, 35.7899955], [140.0683215, 35.7872226], [140.0695277, 35.7854423], [140.06952175245902, 35.780960680327865]]}, "properties": {"kv": 500, "name": "印旛線", "region": "tokyo", "loading": 0.0, "xfmr": false, "npts_orig": 103}}, {"type": "Feature", "geometry": {"type": "LineString", "coordinates": [[139.90378449428573, 36.16662808571429], [139.9098811, 36.1668529], [139.9135709, 36.1653282], [139.915125, 36.160893], [139.9165189, 36.1575743], [139.9204932, 36.1560296], [139.9230615, 36.1540237], [139.9259457, 36.1518563], [139.9261203, 36.1478529], [139.9288442, 36.1449298], [139.9316814, 36.1419299], [139.9347382, 36.138644], [139.9393603, 36.1361898], [139.9438713, 36.1338402], [139.9480721, 36.1317604], [139.9527431, 36.129432], [139.9601701, 36.1309549], [139.9647742, 36.1319775], [139.9690385, 36.132456], [139.9742265, 36.1330387], [139.9770404, 36.1302986], [139.9800606, 36.1274076], [139.983501, 36.1240998], [139.9870218, 36.1207029], [139.9903853, 36.1174254], [139.9933775, 36.114482], [139.9983342, 36.1147048], [140.0045215, 36.1149923], [140.0086372, 36.1151528], [140.0132047, 36.1144773], [140.0185641, 36.11445012]]}, "properties": {"kv": 500, "name": "新佐原線", "region": "tokyo", "loading": 0.0, "xfmr": false, "npts_orig": 31}}, {"type": "Feature", "geometry": {"type": "LineString", "coordinates": [[139.90378449428573, 36.16662808571429], [139.9077113, 36.1704196], [139.9111448, 36.1707177], [139.9152989, 36.1734206], [139.9180371, 36.1751983], [139.9214507, 36.1774775], [139.924787, 36.1796746], [139.9277739, 36.183392], [139.9310721, 36.1875553], [139.9306138, 36.1906822], [139.9330067, 36.1925801], [139.9375103, 36.1948556], [139.9413629, 36.1968095], [139.9459488, 36.1990624], [139.9511141, 36.2019548], [139.9555485, 36.2041468], [139.9574212, 36.2075533], [139.9598808, 36.2121459], [139.9620021, 36.2160344], [139.9647095, 36.2195417], [139.9673772, 36.2229282], [139.970203, 36.2265939], [139.9728512, 36.2299348], [139.975576, 36.232721], [139.9792323, 36.2362864], [139.9816154, 36.2386114], [139.9836846, 36.2420541], [139.9857648, 36.2455001], [139.9876493, 36.2486666], [139.99015, 36.2528907], [139.9912496, 36.2559851], [139.9925271, 36.2596609], [139.9935888, 36.2626613], [139.9948997, 36.2664369], [139.9963105, 36.2704201], [139.9976368, 36.2742204], [139.9990884, 36.2783139], [139.9999569, 36.2828424], [140.0007934, 36.2871707], [140.0016873, 36.2909743], [140.0026794, 36.2949398], [140.0037869, 36.2995032], [140.0045865, 36.3044036], [140.0050022, 36.3087676], [140.0067417, 36.3131477], [140.0064165, 36.3168658], [140.0039412, 36.3205689], [140.006593, 36.3253468], [140.0087926, 36.3298766], [140.0132874, 36.3329563], [140.0173068, 36.3356937], [140.0216019, 36.3386531], [140.0260234, 36.3417119], [140.03287227777776, 36.345010088888884]]}, "properties": {"kv": 500, "name": "福島東幹線", "region": "tokyo", "loading": 0.0, "xfmr": false, "npts_orig": 54}}, {"type": "Feature", "geometry": {"type": "LineString", "coordinates": [[139.90378449428573, 36.16662808571429], [139.9002378, 36.163583], [139.8959466, 36.1607029], [139.8918627, 36.1580371], [139.8881731, 36.1556016], [139.8850217, 36.1535349], [139.8807852, 36.1502407], [139.8775505, 36.1477153], [139.8735766, 36.1445909], [139.8692682, 36.1412414], [139.866624, 36.1391686], [139.8639728, 36.1360273], [139.860628, 36.1319946], [139.857517, 36.1282349], [139.8548304, 36.1250612], [139.8506755, 36.1235138], [139.8463511, 36.1219245], [139.8421714, 36.1206526], [139.8406791, 36.1176832], [139.8382422, 36.1147228], [139.8365821, 36.1099629], [139.83227593043478, 36.10648712391304]]}, "properties": {"kv": 500, "name": "新筑波線", "region": "tokyo", "loading": 0.0, "xfmr": false, "npts_orig": 22}}, {"type": "Feature", "geometry": {"type": "LineString", "coordinates": [[140.16646302380954, 35.4991757047619], [140.1743203, 35.4998458], [140.1781646, 35.5003626], [140.1806137, 35.5007968], [140.1828411, 35.5025464], [140.185333, 35.50455], [140.1877717, 35.5064941], [140.1897405, 35.5080801], [140.1916418, 35.5111598], [140.192933, 35.5133062], [140.1947356, 35.5162997], [140.1960765, 35.5184477], [140.1976421, 35.5209813], [140.1992106, 35.5235509], [140.2013994, 35.5271435], [140.2021641, 35.5307424], [140.2028979, 35.5341552], [140.2033725, 35.5364477], [140.2041109, 35.5398851], [140.2047567, 35.5429052], [140.2060347, 35.5458142], [140.2078067, 35.5483174], [140.2079928, 35.5513821], [140.2080999, 35.5534171], [140.2082634, 35.556551], [140.2084469, 35.5600572], [140.2086148, 35.5634232], [140.2089537, 35.5660724], [140.2093327, 35.568964], [140.2097055, 35.5718201], [140.2101165, 35.5750528], [140.2105442, 35.5783773], [140.2109654, 35.5818384], [140.21136, 35.5846247], [140.2116284, 35.587061], [140.2123107, 35.5900791], [140.2129853, 35.5929963], [140.2139169, 35.5973007], [140.2138032, 35.6002111], [140.2136322, 35.6041906], [140.2134428, 35.6072314], [140.2129266, 35.6102404], [140.21237, 35.6133762], [140.2118447, 35.6164561], [140.2113769, 35.6193166], [140.2107506, 35.6228157], [140.2101788, 35.6260391], [140.2094401, 35.6302291], [140.2087962, 35.6334421], [140.2079118, 35.6377548], [140.2071622, 35.6413528], [140.2065311, 35.6444514], [140.2058845, 35.6475623], [140.2052709, 35.6506358], [140.2052327, 35.6533226], [140.2051939, 35.6564267], [140.2051458, 35.6587925], [140.2035451, 35.661952], [140.2019769, 35.6649827], [140.200297, 35.6682965], [140.1984985, 35.6717888], [140.1970221, 35.6746879], [140.1959808, 35.6783792], [140.195027, 35.6820192], [140.1937883, 35.6864958], [140.1930589, 35.6902474], [140.1906047, 35.6942523], [140.188208, 35.698158], [140.18606, 35.7016381], [140.1839268, 35.7050706], [140.1823698, 35.7075917], [140.1809655, 35.7099384], [140.1788364, 35.7134888], [140.1772069, 35.7162243], [140.1756085, 35.7189025], [140.1737274, 35.7220344], [140.1722275, 35.724838]]}, "properties": {"kv": 500, "name": "房総線", "region": "tokyo", "loading": 0.0, "xfmr": false, "npts_orig": 77}}, {"type": "Feature", "geometry": {"type": "LineString", "coordinates": [[140.1722275, 35.724838], [140.18514236666667, 35.73289925]]}, "properties": {"kv": 500, "name": "leadin", "region": "tokyo", "loading": 0.0, "xfmr": false, "npts_orig": 2}}, {"type": "Feature", "geometry": {"type": "LineString", "coordinates": [[140.1722275, 35.724838], [140.1681074, 35.727996], [140.1648524, 35.7304435], [140.1610334, 35.7333383], [140.1569443, 35.7364384], [140.153375, 35.7406073], [140.1509888, 35.7434483], [140.148398, 35.7465035], [140.1451217, 35.7503222], [140.1420715, 35.7521555], [140.1376554, 35.7547762], [140.1346438, 35.7565576], [140.1320504, 35.7580966], [140.1291107, 35.7598729], [140.1267014, 35.761304], [140.1238095, 35.7630031], [140.1214884, 35.7640042], [140.1177272, 35.7655536], [140.1131864, 35.7674487], [140.1080025, 35.7696259], [140.1070022, 35.7705626], [140.1052367, 35.7722133], [140.1015882, 35.7756526], [140.0993537, 35.7777451], [140.0968557, 35.780071], [140.0940932, 35.7820314], [140.090837, 35.7843066], [140.0877941, 35.7864726], [140.0843314, 35.7871982], [140.0804563, 35.7879358], [140.0764043, 35.7875791], [140.0726195, 35.7857544], [140.06952175245902, 35.780960680327865]]}, "properties": {"kv": 500, "name": "房総線", "region": "tokyo", "loading": 0.0, "xfmr": false, "npts_orig": 33}}, {"type": "Feature", "geometry": {"type": "LineString", "coordinates": [[140.06952175245902, 35.780960680327865], [140.0677085, 35.7870706], [140.0673514, 35.7899617], [140.0669892, 35.7927637], [140.0684511, 35.7955242], [140.0700473, 35.7985073], [140.0698828, 35.8009457], [140.0676653, 35.8027681], [140.0651469, 35.8048718], [140.063035, 35.8064925], [140.0602728, 35.8085758], [140.0564731, 35.8114093], [140.0545023, 35.8128766], [140.0518671, 35.8148321], [140.0492655, 35.8187385], [140.0468686, 35.8223803], [140.04256462, 35.82366678]]}, "properties": {"kv": 500, "name": "新京葉線", "region": "tokyo", "loading": 0.0, "xfmr": false, "npts_orig": 17}}, {"type": "Feature", "geometry": {"type": "LineString", "coordinates": [[140.06952175245902, 35.780960680327865], [140.0714166, 35.7770566], [140.0710405, 35.7764633], [140.0705632, 35.775575], [140.0704484, 35.7753829], [140.06874758333333, 35.7716704]]}, "properties": {"kv": 500, "name": "新京葉変電所~高瀬分岐所線", "region": "tokyo", "loading": 0.0, "xfmr": false, "npts_orig": 6}}, {"type": "Feature", "geometry": {"type": "LineString", "coordinates": [[140.04256462, 35.82366678], [140.0428734, 35.8283541], [140.0414518, 35.8309772], [140.0397863, 35.8339803], [140.0379857, 35.8371897], [140.0363831, 35.8399886], [140.0350617, 35.8423233], [140.0298693, 35.8449173], [140.0259479, 35.8468887], [140.0227896, 35.8484466], [140.0196026, 35.8500856], [140.0158209, 35.8519899], [140.0122044, 35.8543053], [140.0089115, 35.8564496], [140.0061395, 35.8582095], [140.0023075, 35.8606875], [139.9983576, 35.8631979], [139.9950132, 35.8653224], [139.9906364, 35.8680075], [139.986251, 35.8707471], [139.9847432, 35.8747524], [139.9830217, 35.8793245], [139.97935078571427, 35.881876014285716]]}, "properties": {"kv": 500, "name": "新京葉線", "region": "tokyo", "loading": 0.0, "xfmr": false, "npts_orig": 23}}, {"type": "Feature", "geometry": {"type": "LineString", "coordinates": [[139.8362937, 35.3262968], [139.8348482222222, 35.329336600000005]]}, "properties": {"kv": 500, "name": "富津火力線", "region": "tokyo", "loading": 0.0, "xfmr": false, "npts_orig": 2}}, {"type": "Feature", "geometry": {"type": "LineString", "coordinates": [[139.8362937, 35.3262968], [139.8343626, 35.320787], [139.8326191, 35.3183556], [139.8350961, 35.3136128], [139.8377663, 35.3103035], [139.8413511, 35.3073365], [139.8449291, 35.3079067], [139.8499113, 35.3086575], [139.8550142, 35.3090657], [139.859798, 35.3108835], [139.8641847, 35.3132451], [139.8695786, 35.3119138], [139.8750235, 35.3110334], [139.8777285, 35.3079166], [139.8800433, 35.3052976], [139.884131, 35.3037062], [139.8863746, 35.3012579], [139.8895745, 35.2999324], [139.893001, 35.2985872], [139.8962586, 35.2964397], [139.8970605, 35.2924214], [139.8992774, 35.2888539], [139.9042314, 35.2843394], [139.9077505, 35.2842923], [139.9106795, 35.2847565], [139.9163993, 35.2834001], [139.9204963, 35.282556], [139.9252365, 35.2824816], [139.9292873, 35.2826239], [139.9354148, 35.2830716], [139.9403179, 35.2834077], [139.9448904, 35.2834444], [139.9512296, 35.2834647], [139.9548645, 35.2838733], [139.9589203, 35.2843109], [139.9646938, 35.2828461], [139.9671748, 35.2811941], [139.9721007, 35.2828691], [139.9754307, 35.2833661], [139.9817017, 35.2858183], [139.9865538, 35.285479], [139.9917814, 35.2853279], [139.9986318, 35.2865343], [140.003844, 35.2851511], [140.0100419, 35.2857899], [140.0156437, 35.2887893], [140.0191426, 35.2919212], [140.0198387, 35.2953834], [140.0204167, 35.298261], [140.0229031, 35.3012223], [140.0260212, 35.3049156], [140.027715, 35.3081535], [140.029614, 35.3117278], [140.0296784, 35.3156728], [140.0273148, 35.3199584], [140.0262708, 35.3236532], [140.0277134, 35.3277398], [140.0268373, 35.3304213], [140.027042, 35.3333503], [140.02586312, 35.34178882]]}, "properties": {"kv": 500, "name": "富津火力線 / 上総線", "region": "tokyo", "loading": 0.0, "xfmr": false, "npts_orig": 60}}, {"type": "Feature", "geometry": {"type": "LineString", "coordinates": [[139.8348482222222, 35.329336600000005], [139.8410178, 35.3327065], [139.8432598, 35.335365], [139.8412085, 35.3380634], [139.83696033076924, 35.342818092307695]]}, "properties": {"kv": 500, "name": "富津火力線", "region": "tokyo", "loading": 0.0, "xfmr": false, "npts_orig": 5}}, {"type": "Feature", "geometry": {"type": "LineString", "coordinates": [[139.8365460777778, 35.34392524444444], [139.83696033076924, 35.342818092307695]]}, "properties": {"kv": 500, "name": "富津火力線", "region": "tokyo", "loading": 0.0, "xfmr": false, "npts_orig": 2}}, {"type": "Feature", "geometry": {"type": "LineString", "coordinates": [[140.06874758333333, 35.7716704], [140.0663494, 35.7683755], [140.0653154, 35.7674779], [140.0650043, 35.7672367], [140.0642868, 35.7667523], [140.05926761999999, 35.764080639999996]]}, "properties": {"kv": 500, "name": "新京葉変電所~高瀬分岐所線", "region": "tokyo", "loading": 0.0, "xfmr": false, "npts_orig": 6}}, {"type": "Feature", "geometry": {"type": "LineString", "coordinates": [[140.05926761999999, 35.764080639999996], [140.05254354000002, 35.76146422]]}, "properties": {"kv": 500, "name": "新京葉変電所~高瀬分岐所線", "region": "tokyo", "loading": 0.0, "xfmr": false, "npts_orig": 2}}, {"type": "Feature", "geometry": {"type": "LineString", "coordinates": [[140.05254354000002, 35.76146422], [140.0476028, 35.7594189], [140.0471885, 35.7591794], [140.04312232, 35.75715066]]}, "properties": {"kv": 500, "name": "新京葉変電所~高瀬分岐所線", "region": "tokyo", "loading": 0.0, "xfmr": false, "npts_orig": 4}}, {"type": "Feature", "geometry": {"type": "LineString", "coordinates": [[140.04312232, 35.75715066], [140.03657049999998, 35.75295234]]}, "properties": {"kv": 500, "name": "新京葉変電所~高瀬分岐所線", "region": "tokyo", "loading": 0.0, "xfmr": false, "npts_orig": 2}}, {"type": "Feature", "geometry": {"type": "LineString", "coordinates": [[140.03657049999998, 35.75295234], [140.0313747, 35.749695], [140.0294208, 35.7487353], [140.0259802, 35.7471008], [140.02074484545454, 35.74553321818182]]}, "properties": {"kv": 500, "name": "新京葉変電所~高瀬分岐所線", "region": "tokyo", "loading": 0.0, "xfmr": false, "npts_orig": 5}}, {"type": "Feature", "geometry": {"type": "LineString", "coordinates": [[140.02074484545454, 35.74553321818182], [140.0211449, 35.7405206], [140.0210285, 35.7402198], [140.0209411, 35.7400699], [140.0197819, 35.7385582], [140.0196237, 35.7383238], [140.0187871, 35.7369725], [140.01486982, 35.732973720000004]]}, "properties": {"kv": 500, "name": "新京葉変電所~高瀬分岐所線", "region": "tokyo", "loading": 0.0, "xfmr": false, "npts_orig": 8}}, {"type": "Feature", "geometry": {"type": "LineString", "coordinates": [[140.01486982, 35.732973720000004], [140.01047381111113, 35.72915436666667]]}, "properties": {"kv": 500, "name": "新京葉変電所~高瀬分岐所線", "region": "tokyo", "loading": 0.0, "xfmr": false, "npts_orig": 2}}, {"type": "Feature", "geometry": {"type": "LineString", "coordinates": [[140.01047381111113, 35.72915436666667], [140.0097247, 35.7253634], [140.009793, 35.72524], [140.0097784, 35.7251057], [140.0097143, 35.7250052], [140.0095613, 35.7249377], [140.0089458, 35.7247193], [140.0082577, 35.7245107], [140.0080353, 35.724403], [140.0076147, 35.7240804], [140.0074229, 35.723948], [140.0070765, 35.7237441], [140.0063728, 35.7234101], [140.0055557, 35.7229268], [140.0053153, 35.722724], [140.005311, 35.722458], [140.0053849, 35.7220321], [140.0056485, 35.7216068], [140.006044, 35.7205809], [140.0066059, 35.7191226], [140.00807952, 35.714949159999996]]}, "properties": {"kv": 500, "name": "新京葉変電所~高瀬分岐所線", "region": "tokyo", "loading": 0.0, "xfmr": false, "npts_orig": 21}}, {"type": "Feature", "geometry": {"type": "LineString", "coordinates": [[140.00807952, 35.714949159999996], [140.0089712, 35.7107705], [140.00903, 35.7103174], [140.0090887, 35.7099669], [140.009149, 35.709707], [140.01029136, 35.70464728]]}, "properties": {"kv": 500, "name": "新京葉変電所~高瀬分岐所線", "region": "tokyo", "loading": 0.0, "xfmr": false, "npts_orig": 6}}, {"type": "Feature", "geometry": {"type": "LineString", "coordinates": [[140.01029136, 35.70464728], [140.0111826, 35.7011229], [140.0111661, 35.7007868], [140.0110953, 35.7004443], [140.0108739, 35.7000882], [140.0108463, 35.7000244], [140.0107717, 35.6997964], [140.0102438, 35.6987358], [140.0097658, 35.6978741], [140.0095306, 35.6974573], [140.0046650818182, 35.69661179090909]]}, "properties": {"kv": 500, "name": "新京葉変電所~高瀬分岐所線", "region": "tokyo", "loading": 0.0, "xfmr": false, "npts_orig": 11}}, {"type": "Feature", "geometry": {"type": "LineString", "coordinates": [[140.0046650818182, 35.69661179090909], [140.006893, 35.6931966], [140.0064518, 35.6924758], [140.0054415, 35.6909579], [140.0043721, 35.6895831], [140.0035945, 35.6887027], [140.0032977, 35.6880338], [140.0026444, 35.6872103], [140.0016327, 35.6860607], [140.0014, 35.685647], [140.0011102, 35.6851982], [140.0009799, 35.6848374], [140.0006185, 35.6842124], [140.0000573, 35.6832925], [139.9995585, 35.6824526], [139.9990611, 35.6817031], [139.9987492, 35.6813877], [139.9981952, 35.6812119], [139.9961938, 35.6821473], [139.9918355, 35.6842033], [139.9910141, 35.6845674], [139.9904881, 35.6847759], [139.9898552, 35.6850014], [139.9891032, 35.6852341], [139.9885498, 35.6853873], [139.9843226, 35.6864911], [139.9794738, 35.6877688], [139.975872, 35.6887141], [139.9719943, 35.6897315], [139.97419396363637, 35.693444909090914]]}, "properties": {"kv": 500, "name": "新京葉変電所~高瀬分岐所線", "region": "tokyo", "loading": 0.0, "xfmr": false, "npts_orig": 30}}, {"type": "Feature", "geometry": {"type": "LineString", "coordinates": [[139.97419396363637, 35.693444909090914], [139.9681944, 35.6907378], [139.9662766, 35.6912414], [139.964708, 35.6916508], [139.9635743, 35.69195], [139.9628549, 35.6921252], [139.962328, 35.6922428], [139.9615285, 35.6923917], [139.9609224, 35.6924667], [139.9603407, 35.6925205], [139.9601173, 35.6923279], [139.959705, 35.6923325], [139.9591939, 35.6923169], [139.9585262, 35.6922674], [139.9581999, 35.6922327], [139.9577253, 35.6921634], [139.9572984, 35.6920808], [139.956841, 35.6919768], [139.9563585, 35.6918442], [139.9562464, 35.6917828], [139.9558806, 35.6915678], [139.9557923, 35.6915365], [139.9555098, 35.6914358], [139.9546233, 35.6913194], [139.9537143, 35.6908273], [139.951500225, 35.6964518375]]}, "properties": {"kv": 500, "name": "海神変電所~新西船橋変電所線", "region": "tokyo", "loading": 0.0, "xfmr": false, "npts_orig": 26}}, {"type": "Feature", "geometry": {"type": "LineString", "coordinates": [[139.951500225, 35.6964518375], [139.9531647, 35.6913389]]}, "properties": {"kv": 500, "name": "東京電力パワーグリッド 500.0kV線", "region": "tokyo", "loading": 0.0, "xfmr": false, "npts_orig": 2}}, {"type": "Feature", "geometry": {"type": "LineString", "coordinates": [[139.951500225, 35.6964518375], [139.951921, 35.6905989], [139.9518489, 35.6905019], [139.951251, 35.6901614], [139.9508398, 35.6899834], [139.950158, 35.6895843], [139.9490924, 35.6889179], [139.9489985, 35.6888162], [139.9491657, 35.6886195], [139.9490851, 35.6884874], [139.9483515, 35.688055], [139.9477069, 35.6878735], [139.9476361, 35.687831], [139.9471083, 35.6874276], [139.9445341, 35.685923], [139.9436433, 35.6853953], [139.9422988, 35.6845732], [139.9389228, 35.6825068], [139.9381276, 35.6819753], [139.9363689, 35.6806299], [139.9356749, 35.6801683], [139.9356048, 35.6801071], [139.9352168, 35.6798153], [139.9345864, 35.6792775], [139.9338917, 35.6786791], [139.9337797, 35.6786725], [139.932826, 35.6778313], [139.9330229, 35.6776779], [139.9312781, 35.6761671], [139.9312232, 35.6762073], [139.92643053333333, 35.67066776666667]]}, "properties": {"kv": 500, "name": "東京電力パワーグリッド 500.0kV線", "region": "tokyo", "loading": 0.0, "xfmr": false, "npts_orig": 31}}, {"type": "Feature", "geometry": {"type": "LineString", "coordinates": [[139.92643053333333, 35.67066776666667], [139.9287713, 35.6739374]]}, "properties": {"kv": 500, "name": "東京電力パワーグリッド 500.0kV線", "region": "tokyo", "loading": 0.0, "xfmr": false, "npts_orig": 2}}, {"type": "Feature", "geometry": {"type": "LineString", "coordinates": [[139.92643053333333, 35.67066776666667], [139.9291944, 35.6736772]]}, "properties": {"kv": 500, "name": "東京電力パワーグリッド 500.0kV線", "region": "tokyo", "loading": 0.0, "xfmr": false, "npts_orig": 2}}, {"type": "Feature", "geometry": {"type": "LineString", "coordinates": [[139.92643053333333, 35.67066776666667], [139.9221649, 35.6678802], [139.9214162, 35.6671135], [139.920862, 35.6665252], [139.9208375, 35.6664998], [139.9202028, 35.6658108], [139.9195465, 35.6650881], [139.9181618, 35.663655], [139.9168185, 35.6622059], [139.9153009, 35.6608002], [139.9146197, 35.6602441], [139.9132191, 35.6590354], [139.9125091, 35.6584473], [139.9116885, 35.6577731], [139.9109578, 35.6571438], [139.9109267, 35.6571185], [139.9101543, 35.6564654], [139.910154, 35.6564339], [139.9101184, 35.6564341], [139.9078815, 35.6545615], [139.9078212, 35.654511], [139.907056, 35.6538386], [139.9062743, 35.6532228], [139.9056134, 35.6527262], [139.9051454, 35.6523029], [139.905302, 35.6521798], [139.9040061, 35.6510939], [139.9038605, 35.6512035], [139.9036616, 35.6512086], [139.903336, 35.6514682], [139.9032759, 35.6514221], [139.9028146, 35.6510315], [139.9027119, 35.6509483], [139.9031668, 35.6505932], [139.9016841, 35.6493528], [139.9016585, 35.6493284], [139.9014719, 35.649178], [139.9012517, 35.6491425], [139.9003537, 35.6484131], [139.8996356, 35.64779], [139.8988553, 35.6471339], [139.898108, 35.6464918], [139.8972931, 35.6458086], [139.8957917, 35.6445557], [139.8950112, 35.6439132], [139.8942167, 35.643265], [139.8932535, 35.6424358], [139.8917602, 35.6411435], [139.8910279, 35.6405178], [139.8907902, 35.6404843], [139.8900357, 35.6398712], [139.8895132, 35.6394565], [139.8889825, 35.639114], [139.8884337, 35.6395611], [139.8882995, 35.6395844], [139.8882521, 35.6395438], [139.8879339, 35.6392779], [139.887802, 35.6391783], [139.8872848, 35.6389619], [139.8867057, 35.638767], [139.8865366, 35.6387256], [139.8860367, 35.6386033], [139.8861416, 35.6381281], [139.884993, 35.6379319], [139.8846149, 35.6379013], [139.8841039, 35.6378795], [139.8834776, 35.6379013], [139.8827667, 35.637958], [139.8825976, 35.6380029], [139.8823119, 35.6380409], [139.8821319, 35.6380649], [139.8815087, 35.638199], [139.8812952, 35.6382449], [139.8806481, 35.6384398], [139.8784661, 35.6392027], [139.8722696, 35.6414196], [139.8700424, 35.6422408], [139.8700721, 35.6422996], [139.8694805, 35.6425212], [139.8693773, 35.6426151], [139.8673253, 35.6433575], [139.8668787, 35.6435577], [139.862856, 35.6450343], [139.8613448, 35.6455736], [139.8607732, 35.6457893], [139.8596964, 35.646179], [139.8587859, 35.6464709], [139.8580657, 35.646665], [139.8570323, 35.6468246], [139.8558316, 35.6469303], [139.8544221, 35.6470188], [139.8517854, 35.647164], [139.851781, 35.6470783], [139.8511466, 35.6471149], [139.841208, 35.647713], [139.8412149, 35.6478158], [139.8411448, 35.6478794], [139.8407094, 35.6479059], [139.8406136, 35.6478205], [139.839766, 35.6478993], [139.8387545, 35.6479929], [139.8379272, 35.6480214], [139.8371394, 35.6479946], [139.8363848, 35.647947], [139.8357841, 35.6478907], [139.8340906, 35.6477282], [139.8331376, 35.6476357], [139.8310702, 35.6474383], [139.8275773, 35.6471065], [139.8242368, 35.6467745], [139.8227701, 35.6466217], [139.8206256, 35.6464202], [139.8198206, 35.6463527], [139.8178268, 35.6461561], [139.8168089, 35.6459818], [139.8157803, 35.6456995], [139.8145663, 35.6452942], [139.8135186, 35.6448745], [139.81091, 35.6440295], [139.8082024, 35.6431741], [139.8061332, 35.6425656], [139.8058636, 35.6424811], [139.8055145, 35.6423967], [139.8049786, 35.6422212], [139.8046114, 35.6421187], [139.8028304, 35.6414403], [139.8010394, 35.6406888], [139.79695357999998, 35.63891964]]}, "properties": {"kv": 500, "name": "市川塩浜変電所~葛南変電所線", "region": "tokyo", "loading": 0.0, "xfmr": false, "npts_orig": 128}}, {"type": "Feature", "geometry": {"type": "LineString", "coordinates": [[139.79695357999998, 35.63891964], [139.7940212, 35.6419354], [139.7933113, 35.6428253], [139.7931942, 35.6432808], [139.7927733, 35.6438589], [139.7908115333333, 35.64785215238095]]}, "properties": {"kv": 500, "name": "有明二丁目変電所~新豊洲変電所線", "region": "tokyo", "loading": 0.0, "xfmr": false, "npts_orig": 6}}, {"type": "Feature", "geometry": {"type": "LineString", "coordinates": [[139.90983097647057, 35.92916789215686], [139.9137356, 35.9361173], [139.9181503, 35.9348566], [139.92371, 35.933324], [139.9273859, 35.932864], [139.9302578, 35.9318335], [139.9352946, 35.9301298], [139.9382581, 35.9295415], [139.9424887, 35.92871], [139.9485213, 35.9275351], [139.9505264, 35.9258109], [139.9535327, 35.9231576], [139.9563729, 35.9206588], [139.9591378, 35.9182623], [139.9623587, 35.9154805], [139.9650054, 35.9131487], [139.9676477, 35.9106269], [139.9701412, 35.9082849], [139.9730702, 35.9054213], [139.9758442, 35.9026991], [139.978697, 35.8999448], [139.9813284, 35.897368], [139.9806376, 35.8937221], [139.9799823, 35.8902556], [139.979254, 35.8862473], [139.97935078571427, 35.881876014285716]]}, "properties": {"kv": 500, "name": "新京葉線", "region": "tokyo", "loading": 0.0, "xfmr": false, "npts_orig": 26}}, {"type": "Feature", "geometry": {"type": "LineString", "coordinates": [[139.90983097647057, 35.92916789215686], [139.9137272, 35.9383574], [139.9147757, 35.9418027], [139.915969, 35.9443173], [139.9139299, 35.948048], [139.9136552, 35.9485507], [139.9122521, 35.9516485], [139.9106741, 35.955159], [139.9094538, 35.957003], [139.9074769, 35.9599468], [139.9052844, 35.9623871], [139.9035331, 35.9643464], [139.9037566, 35.9672248], [139.90802164444443, 35.96969734444444]]}, "properties": {"kv": 500, "name": "新京葉線", "region": "tokyo", "loading": 0.0, "xfmr": false, "npts_orig": 14}}, {"type": "Feature", "geometry": {"type": "LineString", "coordinates": [[138.8331495548387, 36.54779360967742], [138.8351168, 36.5435675], [138.8407359, 36.5420441], [138.8451294, 36.5408489], [138.8510644, 36.5393131], [138.8551496, 36.5382046], [138.8594738, 36.5370712], [138.866434, 36.5352009], [138.8729626, 36.533442], [138.8777106, 36.5332314], [138.8816956, 36.5330952], [138.8881779, 36.5328722], [138.8938895, 36.5339808], [138.8996473, 36.5350956], [138.9041179, 36.5363404], [138.9087349, 36.5375295], [138.9139686, 36.5373313], [138.918285, 36.5361361], [138.9229714, 36.5347798], [138.926887, 36.5336526], [138.9322517, 36.5341047], [138.9374776, 36.5345692], [138.9428809, 36.5336712], [138.9478147, 36.5310494], [138.952691, 36.5296786], [138.9586176, 36.5279634], [138.9621518, 36.5271504], [138.9637693, 36.5244301], [138.9663437, 36.5224108], [138.9704289, 36.5192207], [138.9740747, 36.5149464], [138.9750068, 36.5137968], [138.9732956, 36.511253], [138.9708869, 36.5076053], [138.9685615, 36.5041141], [138.9677032, 36.4984954], [138.9671107, 36.4942375], [138.9669712, 36.4885879], [138.9665742, 36.4838263], [138.9661612, 36.4799272], [138.9658393, 36.4762176], [138.9661612, 36.4729738], [138.966585, 36.4693847], [138.9670863, 36.465853], [138.9675613, 36.4628704], [138.9681996, 36.4584179], [138.9686843, 36.4548775], [138.9717721, 36.4512813], [138.9748718, 36.4475944], [138.9778302, 36.4441228], [138.9791607, 36.4394104], [138.9803467, 36.4378183], [138.9822133, 36.4356028], [138.9834661, 36.4327774], [138.9848149, 36.4297178], [138.9856108, 36.4254696], [138.9863526, 36.4215671], [138.985031, 36.4166], [138.9838018, 36.4118497], [138.9820715, 36.4073249], [138.9805334, 36.4031094], [138.9787993, 36.3985926], [138.9775389, 36.3951654], [138.9749682, 36.390706], [138.9728423, 36.3870424], [138.9704091, 36.3828118], [138.9660133666667, 36.37726422222222]]}, "properties": {"kv": 500, "name": "中東京幹線", "region": "tokyo", "loading": 0.0, "xfmr": false, "npts_orig": 67}}, {"type": "Feature", "geometry": {"type": "LineString", "coordinates": [[138.5981443, 37.4252654], [138.6006992, 37.424457], [138.6025893, 37.4228575], [138.6047692, 37.4189794], [138.6071041, 37.4162712], [138.6070152, 37.4125444], [138.6101804, 37.4096123], [138.6116629, 37.406262], [138.6134864, 37.4030941], [138.6176819, 37.4005798], [138.6218789, 37.3976371], [138.623208, 37.3946603], [138.6245245, 37.3916686], [138.6256156, 37.38895], [138.6268372, 37.3859722], [138.627442, 37.3828435], [138.6302707, 37.3792623], [138.6325893, 37.3755066], [138.6319014, 37.3700965], [138.6329807, 37.3654496], [138.6335737, 37.3630977], [138.6343387, 37.358719], [138.6361296, 37.3534821], [138.6371792, 37.351012], [138.6416208, 37.3479667], [138.6458726, 37.3443226], [138.655352, 37.3320726], [138.6571423, 37.3289316], [138.6592402, 37.3257967], [138.660906, 37.3233023], [138.6633514, 37.3188483], [138.6651431, 37.315397], [138.6670887, 37.3105501], [138.6714723, 37.3068916], [138.6723958, 37.3036352], [138.6735939, 37.2981309], [138.6716026, 37.294664], [138.6705005, 37.289506], [138.6704553, 37.28617], [138.670606, 37.2854876], [138.6708074, 37.2824633], [138.6694801, 37.2794941], [138.6693163, 37.2749282], [138.6690888, 37.2726504], [138.6716859, 37.2684189], [138.6755341, 37.2643305], [138.6776288, 37.2609435], [138.6805102, 37.2585823], [138.6833443, 37.2549158], [138.6839174, 37.2486411], [138.6854674, 37.2426478], [138.6887374, 37.2368753], [138.6924257, 37.2321383], [138.6980831, 37.2285892], [138.6998651, 37.2275352], [138.7025824, 37.2259278], [138.7054453, 37.2206868], [138.7070363, 37.2190664], [138.7093808, 37.2166787], [138.7121584, 37.2145205], [138.7145591, 37.2127621], [138.7172133, 37.2088903], [138.7197447, 37.2046903], [138.7194917, 37.201688], [138.7195515, 37.1950795], [138.7180141, 37.1903269], [138.7180367, 37.1872544], [138.717798, 37.1824071], [138.7196498, 37.1799159], [138.719928, 37.1774148], [138.7195005, 37.1729094], [138.7187333, 37.1685114], [138.7164206, 37.1641283], [138.7164514, 37.1603594], [138.717302, 37.1561226], [138.7157843, 37.1521326], [138.7144775, 37.1491708], [138.7146408, 37.1459591], [138.7149906, 37.1406147], [138.7151876, 37.1357788], [138.7142741, 37.1321035], [138.713196, 37.1277665], [138.7123587, 37.1244801], [138.712285, 37.1241909], [138.7122194, 37.1239335], [138.7107518, 37.1197008], [138.7080604, 37.1156323], [138.7077574, 37.1114702], [138.7087837, 37.1077836], [138.7095385, 37.1049173], [138.7095761, 37.1047096], [138.7103313, 37.1005351], [138.7108733, 37.0976657], [138.712469, 37.0936407], [138.7141552, 37.0914162], [138.7178948, 37.0896245], [138.721501, 37.0879894], [138.7245056, 37.0854413], [138.726539, 37.0822933], [138.7261264, 37.0776833], [138.7267204, 37.0737226], [138.727311, 37.0696663], [138.7265965, 37.066203], [138.7265377, 37.0659287], [138.7264476, 37.065508], [138.7257994, 37.0624824], [138.7251085, 37.0591658], [138.7242871, 37.0554722], [138.7227962, 37.0515921], [138.7213499, 37.0478673], [138.7199164, 37.0439505], [138.7185227, 37.0403267], [138.7172974, 37.0358226], [138.7162108, 37.0320142], [138.7140001, 37.0287694], [138.7110505, 37.0261968], [138.7073027, 37.0229731], [138.7032394, 37.0194472], [138.6995973, 37.0161062], [138.6975707, 37.0130147], [138.6974884, 37.009211], [138.6973986, 37.0053964], [138.6970595, 37.0015408], [138.6967698, 36.9979492], [138.6966721, 36.9937375], [138.6965809, 36.9897979], [138.6963315, 36.9858756], [138.6969344, 36.9820652], [138.6975101, 36.9784265], [138.6980346, 36.9745004], [138.6987201, 36.970805], [138.7019119, 36.967493], [138.7040828, 36.9651858], [138.7067389, 36.9613899], [138.7080023, 36.9569167], [138.7083471, 36.9537764], [138.7087777, 36.9499936], [138.7092172, 36.9461843], [138.7106045, 36.9424497], [138.7116654, 36.9366335], [138.7125084, 36.9328583], [138.716377, 36.9296115], [138.720527, 36.9260452], [138.7221248, 36.9237947], [138.7239654, 36.921334], [138.7255538, 36.9190916], [138.7308724, 36.9163268], [138.7381267, 36.9125465], [138.7445547, 36.9091781], [138.7474351, 36.9060998], [138.7496107, 36.9029585], [138.752233, 36.8980074], [138.7558704, 36.8920633], [138.7565404, 36.8884458], [138.7563566, 36.8851615], [138.7548631, 36.8809272], [138.7531093, 36.8758958], [138.7502141, 36.8720772], [138.7469772, 36.8664358], [138.7480728, 36.8630052], [138.7490318, 36.8600243], [138.7501274, 36.8566019], [138.7501064, 36.852456], [138.7501037, 36.8500898], [138.7501395, 36.8467936], [138.7487277, 36.8439426], [138.7494358, 36.8393947], [138.7466912, 36.8333937]]}, "properties": {"kv": 500, "name": "新新潟幹線", "region": "tokyo", "loading": 0.0, "xfmr": false, "npts_orig": 168}}, {"type": "Feature", "geometry": {"type": "LineString", "coordinates": [[138.7466912, 36.8333937], [138.7514521, 36.8360661], [138.7560165, 36.8371405], [138.7597607, 36.8395787], [138.7623331, 36.8443771], [138.7668437, 36.8458972]]}, "properties": {"kv": 500, "name": "東京電力パワーグリッド 500.0kV線", "region": "tokyo", "loading": 0.0, "xfmr": false, "npts_orig": 6}}, {"type": "Feature", "geometry": {"type": "LineString", "coordinates": [[139.22354018717948, 36.57933195897436], [139.2284604, 36.5852466], [139.239409, 36.5844331], [139.243856, 36.5841172], [139.2519035, 36.5834028], [139.2611633, 36.5827252], [139.2709672, 36.5818755], [139.2815172, 36.5829287], [139.2909865, 36.5825831], [139.3003789, 36.5847306], [139.3087904, 36.5884686], [139.314592, 36.5910423], [139.3251594, 36.5925375], [139.3317599, 36.5918814], [139.3396742, 36.5911942], [139.3490964, 36.591556], [139.3556712, 36.5900812], [139.3621456, 36.5903382], [139.3674888, 36.5893822], [139.3731165, 36.5884998], [139.381576, 36.5860386], [139.3888008, 36.585429], [139.3932571, 36.5850346], [139.3984715, 36.5830739], [139.4031224, 36.5812597], [139.4108523, 36.5809692], [139.4156907, 36.5807784], [139.4212381, 36.5806604], [139.4293336, 36.5829474], [139.4359681, 36.5841123], [139.444169, 36.5856389], [139.4505805, 36.5852814], [139.4617771, 36.5847751], [139.4673852, 36.585768], [139.477081, 36.5828816], [139.4821322, 36.5800485], [139.4866022, 36.5774869], [139.4924946, 36.5743062], [139.4982658, 36.573749], [139.5018039, 36.573533], [139.5127464, 36.5722511], [139.5171119, 36.5716037], [139.5244331, 36.5701205], [139.5288285, 36.5687635], [139.5398255, 36.5697851], [139.5487282, 36.5723772], [139.5553766, 36.5728499], [139.5615918, 36.5733589], [139.5673996, 36.5736598], [139.5738316, 36.5740992], [139.583466, 36.5796435], [139.5879936, 36.5811943], [139.597716, 36.584616], [139.6055443, 36.5873605], [139.6113396, 36.5939613], [139.6151268, 36.5955893], [139.6184926, 36.5990094], [139.6187279, 36.6057722], [139.6249112, 36.6114393], [139.6344709, 36.6130733], [139.6442908, 36.6154654], [139.6528909, 36.6204322], [139.6576145, 36.6220659], [139.6627395, 36.6232558], [139.6710853, 36.6252616], [139.6772672, 36.626758], [139.6868105, 36.6294086], [139.6937901, 36.6314226], [139.6989669, 36.6312485], [139.7053704, 36.6298835], [139.7145074, 36.6282675], [139.7204857, 36.6261273], [139.7284528, 36.6280461], [139.7330467, 36.6295152], [139.7419616, 36.6304309], [139.7514431, 36.6330159], [139.756284, 36.6373718], [139.7643803, 36.6404473], [139.7715514, 36.6442394], [139.7755988, 36.6450789], [139.783845, 36.6497148], [139.7905483, 36.6530974], [139.7928033, 36.656321], [139.7971237, 36.6579016], [139.8036415, 36.6598876], [139.8095605, 36.6617189], [139.8124282, 36.6652544], [139.8181044, 36.6710074], [139.8261883, 36.670672], [139.833195, 36.6748015], [139.8392239, 36.6794559], [139.839503, 36.6834812], [139.8396366, 36.6893517], [139.839771, 36.6944184], [139.8402291, 36.7008156], [139.837797, 36.705371], [139.834443, 36.7085129], [139.83258021666668, 36.71310935]]}, "properties": {"kv": 500, "name": "南いわき幹線", "region": "tokyo", "loading": 0.0, "xfmr": false, "npts_orig": 98}}, {"type": "Feature", "geometry": {"type": "LineString", "coordinates": [[139.22354018717948, 36.57933195897436], [139.225892, 36.5754392], [139.2310438, 36.5749232], [139.2367155, 36.5743157], [139.2378317, 36.5709344], [139.237313, 36.5686047], [139.2366388, 36.5640701], [139.2367592, 36.5616193], [139.2369121, 36.5597977], [139.2376955, 36.5545844], [139.2378961, 36.5514802], [139.2380922, 36.5486427], [139.2385914, 36.5454403], [139.2390537, 36.5405003], [139.239403, 36.5384069], [139.2398647, 36.5359928], [139.2404882, 36.5315758], [139.2408919, 36.5291112], [139.241491, 36.5240932], [139.2417683, 36.5217208], [139.2421855, 36.5192117], [139.2420962, 36.5150402], [139.2419624, 36.5127245], [139.241787, 36.5099967], [139.2416914, 36.5065656], [139.2413967, 36.501248], [139.2413011, 36.4990465], [139.2412458, 36.496019], [139.2411685, 36.4931601], [139.2410502, 36.4890453], [139.2409691, 36.484372], [139.2408888, 36.4802667], [139.240808, 36.4768284], [139.2407228, 36.4732731], [139.2419353, 36.4689166], [139.2430642, 36.4648623], [139.2437849, 36.4621961], [139.2446397, 36.4590493], [139.245485, 36.4560386], [139.2461476, 36.4536326], [139.2471847, 36.4499864], [139.2472727, 36.4449471], [139.24731, 36.4413278], [139.2473036, 36.4384552], [139.2473157, 36.4358438], [139.2473053, 36.4321308], [139.2482857, 36.4287334], [139.2490902, 36.4258458], [139.249994, 36.423013], [139.2509406, 36.4199789], [139.2506197, 36.4170092], [139.2501321, 36.4135291], [139.2507645, 36.4101747], [139.2514011, 36.4067735], [139.2518264, 36.4040747], [139.2529084, 36.4013357], [139.2540752, 36.3983522], [139.2554029, 36.3949971], [139.256578, 36.3919535], [139.2577002, 36.3890779], [139.2589273, 36.3859415], [139.2604079, 36.3822081], [139.2611951, 36.380217], [139.2625975, 36.3766367], [139.2636593, 36.3739198], [139.2661108, 36.3712566], [139.2678515, 36.3692894], [139.2707641, 36.3660186], [139.2732938, 36.3632225], [139.2753738, 36.3609264], [139.277065, 36.3585656], [139.2794494, 36.3552736], [139.281142, 36.3529406], [139.2831563, 36.3501042], [139.285699, 36.3465613], [139.2881752, 36.3431359], [139.2895024, 36.3412444], [139.2923403, 36.3384211], [139.2946843, 36.3360677], [139.296874, 36.3338938], [139.2992763, 36.3316036], [139.305225525, 36.326174075000004]]}, "properties": {"kv": 500, "name": "電源開発 只見幹線（新赤城線）", "region": "tokyo", "loading": 0.0, "xfmr": false, "npts_orig": 82}}, {"type": "Feature", "geometry": {"type": "LineString", "coordinates": [[140.801794, 37.3806394], [140.7980323, 37.3790157], [140.7933354, 37.3757444], [140.7892183, 37.372827], [140.7851171, 37.3683923], [140.7823262, 37.3654264], [140.7805284, 37.3600275], [140.7806063, 37.3565499], [140.7807453, 37.3533773], [140.7823132, 37.3459084], [140.7811335, 37.3412298], [140.7791436, 37.333188], [140.7764105, 37.330987], [140.772498, 37.3279458], [140.7653187, 37.3254248], [140.7605149, 37.3234845], [140.7574289, 37.3188739], [140.7558326, 37.3143453], [140.7546028, 37.3108135], [140.7496646, 37.3071708], [140.7438902, 37.3028513], [140.7376427, 37.3001145], [140.73444, 37.2973347], [140.7282628, 37.2920783], [140.7249259, 37.2880531], [140.7205258, 37.2833162], [140.7165189, 37.2788683], [140.7135811, 37.2737031], [140.7102406, 37.2677004], [140.7051864, 37.2630162], [140.7021786, 37.2602676], [140.697216, 37.2556912], [140.6927229, 37.2514837], [140.6888632, 37.2483614], [140.6846976, 37.2439712], [140.6819576, 37.2397234], [140.6798371, 37.2365575], [140.6759937, 37.2330684], [140.6721053, 37.2295431], [140.6672898, 37.2258363], [140.6603856, 37.2226586], [140.6553884, 37.220328], [140.6516075, 37.2185718], [140.6472493, 37.2161621], [140.6420897, 37.212544], [140.6359962, 37.2084292], [140.6322993, 37.2056932], [140.6282244, 37.2028252], [140.6225735, 37.1988613], [140.619617, 37.1965281], [140.6151533, 37.1938011], [140.6106587, 37.1909951], [140.6076491, 37.1862203], [140.6038605, 37.1838689], [140.5975334, 37.1799308], [140.5890006, 37.1783506], [140.5827074, 37.1751964], [140.5763829, 37.1720243], [140.5697851, 37.1703984], [140.5643651, 37.1679454], [140.5614151, 37.1642006], [140.5584107, 37.1604452], [140.5556867, 37.1564286], [140.5504983, 37.1515919], [140.5464541, 37.1464151], [140.5428691, 37.1417561], [140.5406689, 37.1379264], [140.5363894, 37.1351067], [140.5307833, 37.1304438], [140.5261647, 37.1282071], [140.5215257, 37.1259141], [140.5174003, 37.1228432], [140.5122094, 37.1189795], [140.5071668, 37.1174291], [140.4985769, 37.1154047], [140.4940165, 37.1123328], [140.491713, 37.1094544], [140.4889869, 37.106206], [140.4857046, 37.1039251], [140.4814072, 37.1008952], [140.4775338, 37.0981061], [140.4728654, 37.0932531], [140.4685711, 37.0897498], [140.4625525, 37.084738], [140.4580642, 37.083014], [140.4530769, 37.0820107], [140.4496473, 37.0813619], [140.4431697, 37.0833238], [140.4379073, 37.082099], [140.434092, 37.0781518], [140.4289798, 37.074637], [140.4256826, 37.0724139], [140.4202241, 37.0682756], [140.4147429, 37.0646943], [140.4103414, 37.0649802], [140.4051872, 37.0643002], [140.4008013, 37.0612282], [140.3952461, 37.0587077], [140.3909259, 37.0577647], [140.3864331, 37.0563043], [140.3821055, 37.0537157], [140.376921, 37.0515096], [140.3723274, 37.0495543], [140.3664621, 37.0475538], [140.3614093, 37.0432793], [140.3578615, 37.0384503], [140.3573235, 37.0352308], [140.352188, 37.029485], [140.3467238, 37.0243415], [140.3408418, 37.0193952], [140.3320807, 37.0182159], [140.3233826, 37.0189491], [140.3167541, 37.0172578], [140.3113358, 37.0133873], [140.3066778, 37.0108352], [140.2978868, 37.0061667], [140.2913278, 37.0041986], [140.2828861, 37.0002347], [140.2789426, 36.998464], [140.2730354, 36.9951077], [140.266439, 36.988191], [140.2594578, 36.9826928], [140.2502869, 36.9793766], [140.2433682, 36.9770253], [140.2405007, 36.9736871], [140.2387641, 36.9675874], [140.2358605, 36.961748], [140.2342432, 36.953614], [140.2336551, 36.9505766], [140.2326039, 36.9431254], [140.2269455, 36.9368672], [140.2214625, 36.9329515], [140.2158039, 36.9288376], [140.2097987, 36.9245624], [140.2073256, 36.9195537], [140.2050829, 36.9144504], [140.20293, 36.9094466], [140.2024036, 36.9032596], [140.2024063, 36.8973418], [140.202661, 36.8939793], [140.2032925, 36.8913269], [140.2040753, 36.8880603], [140.2056028, 36.8826263], [140.2054303, 36.8771275], [140.2034856, 36.870897], [140.2019428, 36.865913], [140.1957126, 36.8621918], [140.1911407, 36.8577608], [140.1894593, 36.8546823], [140.184365, 36.8501417], [140.1820409, 36.844321], [140.1794473, 36.837915], [140.1789898, 36.8321752], [140.1771168, 36.8275377], [140.1752612, 36.8230098], [140.1718134, 36.8177759], [140.1684368, 36.8140089], [140.1649918, 36.8116226], [140.1614932, 36.8091797], [140.154712, 36.8079939], [140.1503613, 36.8052578], [140.1482419, 36.8027926], [140.1423829, 36.801776], [140.1363695, 36.800761], [140.1291194, 36.8030014], [140.1238099, 36.802578], [140.1168648, 36.8016104], [140.1114012, 36.800042], [140.1063497, 36.7985132], [140.1016443, 36.7969713], [140.0972232, 36.7955356], [140.0909834, 36.7969438], [140.0862039, 36.7987366], [140.0821949, 36.8011278], [140.0773824, 36.8023094], [140.072572, 36.8035204], [140.0686333, 36.8054848], [140.0638729, 36.8091674], [140.061046, 36.8113739], [140.0559123, 36.8133279], [140.0509318, 36.8131311], [140.046426, 36.8129753], [140.0402327, 36.8122395], [140.0344657, 36.8116366], [140.0271952, 36.810868], [140.023335, 36.8075626], [140.0200177, 36.8047391], [140.0180095, 36.8018401], [140.0122152, 36.7995402], [140.0054979, 36.7962455], [139.9979895, 36.7950894], [139.9925517, 36.7933336], [139.9879906, 36.790822], [139.9828138, 36.78793], [139.97789, 36.7860084], [139.9738798, 36.785509], [139.9700141, 36.7836499], [139.9646422, 36.7810689], [139.9585671, 36.7781409], [139.9547522, 36.7759467], [139.9513759, 36.7762751], [139.9477621, 36.777252], [139.9438628, 36.7785673], [139.9380037, 36.7788522], [139.9322485, 36.7814146], [139.9266935, 36.7821561], [139.9213169, 36.780606], [139.9168708, 36.7820474], [139.9116469, 36.7838239], [139.9064698, 36.7852668], [139.9015007, 36.7835019], [139.8944726, 36.7856614], [139.8903677, 36.7866843], [139.8862711, 36.7828791], [139.8837329, 36.7796459], [139.8793314, 36.7768806], [139.8736425, 36.7750248], [139.867994, 36.7726385], [139.8631022, 36.7705549], [139.8611092, 36.7659517], [139.8554032, 36.7638236], [139.8505268, 36.7622682], [139.8467814, 36.7581129], [139.8416917, 36.7549565], [139.836063, 36.7523768], [139.8329938, 36.7468234], [139.8321141, 36.7436941], [139.8314694, 36.7369154], [139.8309842, 36.7314483], [139.8305614, 36.7269529], [139.8315947, 36.7225233], [139.831205, 36.7186726], [139.8306159, 36.7166547], [139.83258021666668, 36.71310935]]}, "properties": {"kv": 500, "name": "南いわき幹線", "region": "tokyo", "loading": 0.0, "xfmr": false, "npts_orig": 234}}, {"type": "Feature", "geometry": {"type": "LineString", "coordinates": [[139.83258021666668, 36.71310935], [139.8367161, 36.7101804], [139.8414033, 36.7096221], [139.8436546, 36.706195], [139.8440539, 36.7016487], [139.8438162, 36.6995095], [139.843373, 36.6952456], [139.846815, 36.6919376], [139.8492927, 36.6896145], [139.8538503, 36.6841706], [139.8574981, 36.6791824], [139.8597173, 36.6748285], [139.8632451, 36.6724362], [139.867909, 36.6714253], [139.8724633, 36.6718903], [139.8757803, 36.6720259], [139.8801392, 36.6721869], [139.8845342, 36.6727003], [139.8888667, 36.6712682], [139.8936758, 36.6708873], [139.8977984, 36.67056], [139.9012071, 36.6702988], [139.9049715, 36.6696707], [139.907602, 36.6676095], [139.9105161, 36.6652781], [139.9133045, 36.6630211], [139.9162351, 36.6600848], [139.91733393536586, 36.655270359756095]]}, "properties": {"kv": 500, "name": "中栃木線", "region": "tokyo", "loading": 0.0, "xfmr": false, "npts_orig": 28}}, {"type": "Feature", "geometry": {"type": "LineString", "coordinates": [[139.83258021666668, 36.71310935], [139.841023, 36.7118195], [139.8454453, 36.7142127], [139.8489802, 36.716157], [139.8497777, 36.7217351], [139.8496165, 36.7254018], [139.8492088, 36.7323927], [139.84889, 36.7379156], [139.8503452, 36.7412302], [139.8530511, 36.7421215], [139.8563797, 36.7432659], [139.8588876, 36.7460208], [139.8608127, 36.7485905], [139.8632743, 36.7517282], [139.8665783, 36.7548057], [139.8691108, 36.7571179], [139.8726084, 36.7586566], [139.8764386, 36.7597224], [139.8812666, 36.7608226], [139.8853114, 36.7616993], [139.891856, 36.7630402], [139.8985186, 36.764381], [139.9041619, 36.7659023], [139.9083998, 36.7659195], [139.9125626, 36.7659538], [139.9165645, 36.7659796], [139.921253, 36.7660226], [139.9296858, 36.7664437], [139.934973, 36.7666545], [139.9390307, 36.7671227], [139.9445775, 36.7678103], [139.9477355, 36.7682061], [139.9528065, 36.7688416], [139.9539008, 36.7721848], [139.9548235, 36.7752528], [139.9602737, 36.7777019], [139.9640712, 36.7794893], [139.9699184, 36.7814572], [139.9741546, 36.7829775], [139.9781796, 36.784731], [139.9819562, 36.786398], [139.9850037, 36.7877728], [139.9882702, 36.789278], [139.992986, 36.7913127], [139.999198, 36.7929967], [140.005646, 36.7944401], [140.0096693, 36.7953766], [140.0134024, 36.7978594], [140.0186166, 36.8013817], [140.0219753, 36.8044653], [140.0266531, 36.8081935], [140.0298073, 36.809933], [140.0356438, 36.8098965], [140.03982, 36.8109272], [140.0461178, 36.8108907], [140.0506616, 36.8109422], [140.0547519, 36.8106438], [140.0586647, 36.8092719], [140.0647834, 36.8075643], [140.0689837, 36.8043322], [140.0738224, 36.8022705], [140.0785109, 36.8008852], [140.0829038, 36.7992727], [140.0870505, 36.7976962], [140.0911603, 36.7961675], [140.0960043, 36.7945174], [140.1010039, 36.7942683], [140.1054993, 36.7924726], [140.1092579, 36.7895309], [140.1127547, 36.7877684], [140.1162925, 36.7863765], [140.1203233, 36.7856053], [140.1265758, 36.7852383], [140.1299498, 36.785049], [140.136666, 36.7854313], [140.1405981, 36.7873819], [140.1442808, 36.7906469], [140.1483067, 36.7942554], [140.1514798, 36.7984092], [140.1553663, 36.8016481], [140.1592408, 36.8048504], [140.1638951, 36.8088047], [140.1660797, 36.8105898], [140.170344, 36.8124627], [140.1743819, 36.8141658], [140.1788063, 36.8132634], [140.1842302, 36.8148508], [140.1880942, 36.8175359], [140.1933729, 36.8193265], [140.1974252, 36.8208525], [140.2023833, 36.8237232], [140.2055455, 36.8253788], [140.2102133, 36.8278114], [140.2182945, 36.8296666], [140.2227447, 36.8306804], [140.2272196, 36.8317637], [140.2312409, 36.832251], [140.2353529, 36.8327492], [140.2419406, 36.833467], [140.2460392, 36.8346895], [140.2486897, 36.8360853], [140.2514897, 36.8382575], [140.2535365, 36.8417372], [140.2557947, 36.8440166], [140.257623, 36.8458128], [140.2606226, 36.8492055], [140.2673306, 36.8493568], [140.2701575, 36.8506564], [140.2769676, 36.8528124], [140.2812021, 36.8543639], [140.2842794, 36.8553861], [140.2881468, 36.8567639], [140.2948166, 36.8589759], [140.3009426, 36.861003], [140.3051446, 36.86241], [140.3098698, 36.8666775], [140.3138672, 36.869844], [140.3198879, 36.872906], [140.3229869, 36.8743493], [140.3272465, 36.8766224], [140.3304072, 36.8790227], [140.3354582, 36.8821162], [140.3387315, 36.8843134], [140.343182, 36.8853394], [140.3461165, 36.8873886], [140.3488039, 36.8893402], [140.3536181, 36.8932964], [140.3567719, 36.8958047], [140.3606631, 36.8988004], [140.3648254, 36.9008094], [140.3675632, 36.9019535], [140.3703132, 36.9031699], [140.3747272, 36.9069695], [140.3767899, 36.9089975], [140.3829525, 36.9105363], [140.3860769, 36.9121941], [140.3888825, 36.9144255], [140.3915374, 36.9165371], [140.3955928, 36.9200577], [140.3995365, 36.9235413], [140.4032646, 36.9251854], [140.4081109, 36.9275029], [140.4115999, 36.9292636], [140.4160408, 36.9312324], [140.4195701, 36.9328107], [140.4247334, 36.9351149], [140.4274062, 36.9368636], [140.4308153, 36.9394371], [140.4334122, 36.941664], [140.4369518, 36.9450401], [140.4430358, 36.9484455], [140.4446052, 36.9509129], [140.44659, 36.9536811], [140.4483581, 36.9561248], [140.4500402, 36.9585519], [140.4515022, 36.9614875], [140.4524997, 36.9635681], [140.4547081, 36.9675616], [140.4579347, 36.9732313], [140.4592488, 36.9758915], [140.4608535, 36.9809934], [140.4616629, 36.98436], [140.4632982, 36.9881652], [140.464678, 36.9908275], [140.4661581, 36.993832], [140.4672506, 36.9981926], [140.4694516, 37.0011102], [140.4709691, 37.0042424], [140.4733382, 37.0083205], [140.4748535, 37.0108538], [140.4762901, 37.0132637], [140.4763027, 37.0160107], [140.4763752, 37.0191876], [140.4763972, 37.0223645], [140.476476, 37.0257575], [140.4765012, 37.0286247], [140.476516, 37.031401], [140.4769118, 37.034957], [140.4793231, 37.0392839], [140.4805824, 37.0420741], [140.4815761, 37.0442997], [140.4831984, 37.0481843], [140.4850134, 37.0521173], [140.4865242, 37.0555969], [140.4876396, 37.0599988], [140.4884305, 37.0630007], [140.4881567, 37.0655089], [140.488248, 37.068462], [140.4883899, 37.0714069], [140.4885473, 37.0743057], [140.488699, 37.0778718], [140.4899867, 37.0817304], [140.4908384, 37.0844159], [140.4942372, 37.087574], [140.496777, 37.0899337], [140.4991303, 37.0921202], [140.502369, 37.094866], [140.5050816, 37.0983558], [140.5115714, 37.1016464], [140.5124707, 37.1038495], [140.5152072, 37.1080695], [140.5175288, 37.1116103], [140.5197778, 37.1151741], [140.5235649, 37.1196865], [140.5276131, 37.1246729], [140.5306456, 37.1280625], [140.5342586, 37.1301101], [140.53777, 37.1328055], [140.5407735, 37.1357783], [140.5465145, 37.1411997], [140.5525349, 37.1447561], [140.5569915, 37.1471911], [140.5593285, 37.1498258], [140.564624, 37.1535268], [140.5684653, 37.156241], [140.5722743, 37.1588779], [140.5768015, 37.1621064], [140.5817645, 37.163219], [140.5853153, 37.1641258], [140.59048, 37.1655213], [140.5955042, 37.166997], [140.5990506, 37.1684387], [140.6026015, 37.1699444], [140.6072551, 37.1718099], [140.6112023, 37.1734546], [140.6160049, 37.1746144], [140.6205114, 37.175879], [140.625832, 37.1773533], [140.6311402, 37.1788357], [140.6350978, 37.179966], [140.6383667, 37.1801543], [140.6414505, 37.1804], [140.646549, 37.1802362], [140.650558, 37.1786474], [140.6535287, 37.1775007], [140.6589665, 37.1753139], [140.6646443, 37.1731143], [140.6708408, 37.1720874], [140.6772844, 37.1704415], [140.6822098, 37.169077], [140.6869234, 37.167839], [140.690481, 37.1663518], [140.6947066, 37.1649112], [140.6979945, 37.1628493], [140.702254, 37.1602921], [140.7054628, 37.158005], [140.7091799, 37.1554206], [140.7118351, 37.1526741], [140.7147106, 37.1482011], [140.7172264, 37.1444226], [140.7190022, 37.1430671], [140.7153273, 37.1436878]]}, "properties": {"kv": 500, "name": "新いわき幹線", "region": "tokyo", "loading": 0.0, "xfmr": false, "npts_orig": 252}}, {"type": "Feature", "geometry": {"type": "LineString", "coordinates": [[139.83258021666668, 36.71310935], [139.8245979, 36.7149094], [139.820145, 36.7165718], [139.8159919, 36.7157289], [139.8126007, 36.7150912], [139.8077046, 36.7158328], [139.8028979, 36.7171583], [139.7982183, 36.7180169], [139.7936576, 36.7191103], [139.7894608, 36.7192351], [139.7857576, 36.7191628], [139.7811294, 36.719281], [139.7766663, 36.7206493], [139.7716771, 36.7210471], [139.7663254, 36.7213931], [139.7631517, 36.7237526], [139.7612608, 36.7268936], [139.7607954, 36.7311863], [139.7614852, 36.734351], [139.7603309, 36.7376116], [139.7579477, 36.7409219], [139.7569424, 36.7438338], [139.754102, 36.7474626], [139.7518601, 36.7506975], [139.7495758, 36.7539698], [139.745944, 36.7557249], [139.7417218, 36.7577478], [139.7384406, 36.7590611], [139.7340625, 36.7608302], [139.7297547, 36.7628838], [139.7256959, 36.7648255], [139.7229717, 36.7661182], [139.7181269, 36.7673596], [139.7130704, 36.7677935], [139.7089532, 36.7670216], [139.7045112, 36.7681906], [139.7010897, 36.7699606], [139.6977001, 36.7711776], [139.6928202, 36.7703619], [139.687279, 36.7723562], [139.6844964, 36.7739688], [139.6820767, 36.7794621], [139.6810348, 36.7834594], [139.6805584, 36.7867092], [139.677788, 36.7906267], [139.6742035, 36.7932077], [139.6754763, 36.796496], [139.6751951, 36.8001965], [139.6758721, 36.8060115], [139.6750627, 36.8124569], [139.6755889, 36.8150919], [139.6769917, 36.8187893], [139.6772848, 36.8245795], [139.6757174, 36.8266117], [139.6734273, 36.8292235]]}, "properties": {"kv": 500, "name": "下郷線 / 塩原線", "region": "tokyo", "loading": 0.0, "xfmr": false, "npts_orig": 55}}, {"type": "Feature", "geometry": {"type": "LineString", "coordinates": [[139.83657169, 36.66274367], [139.8274171, 36.6633929], [139.8217442, 36.6618786], [139.8181517, 36.6609339], [139.8124687, 36.6593849], [139.8067576, 36.659077], [139.8033554, 36.6588994], [139.7972975, 36.6569771], [139.7936784, 36.655833], [139.7921694, 36.6530812], [139.790008, 36.6495718], [139.7876487, 36.6453673], [139.784155, 36.6451417], [139.7808762, 36.6448749], [139.773638, 36.6439159], [139.7677973, 36.6399181], [139.7656639, 36.63847], [139.7627526, 36.635336], [139.7604217, 36.6329942], [139.7569228, 36.6293645], [139.7527126, 36.624937], [139.7497316, 36.6226931], [139.7471342, 36.6207405], [139.7440376, 36.6183693], [139.7382267, 36.6180512], [139.7346504, 36.6163192], [139.7304119, 36.6142182], [139.724583, 36.611316], [139.7213423, 36.6097055], [139.71756, 36.6089071], [139.7151616, 36.6078609], [139.7087404, 36.6046375], [139.7053464, 36.6065435], [139.6996001, 36.6098072], [139.6964899, 36.6103557], [139.6928556, 36.6110157], [139.6879929, 36.6119124], [139.6823617, 36.6129402], [139.6775713, 36.6138397], [139.6729314, 36.6147007], [139.6660424, 36.6160397], [139.6613961, 36.6170353], [139.6567912, 36.6163969], [139.6500455, 36.6157233], [139.6469353, 36.6119825], [139.6444273, 36.609017], [139.6418035, 36.6059545], [139.636536, 36.601108], [139.6319269, 36.596989], [139.626792, 36.5922552], [139.6239573, 36.5886404], [139.6204684, 36.5841945], [139.6180143, 36.5810737], [139.6153677, 36.5802462], [139.6117151, 36.5791007], [139.6072411, 36.5776361], [139.6010745, 36.5748419], [139.5971063, 36.5730243], [139.593476, 36.5711826], [139.5860826, 36.5679495], [139.5834768, 36.5656592], [139.5799752, 36.562496], [139.5768356, 36.5604543], [139.5725119, 36.5576276], [139.5692594, 36.5556336], [139.5619492, 36.5526687], [139.558621, 36.5511376], [139.5547986, 36.5494487], [139.5508216, 36.5475625], [139.5443431, 36.5436222], [139.5410657, 36.5411309], [139.5374613, 36.5381612], [139.5308978, 36.5366561], [139.5268947, 36.5357179], [139.5199503, 36.5340964], [139.5161004, 36.5332027], [139.5113219, 36.5305939], [139.505335, 36.52735], [139.5028869, 36.5243808], [139.5009562, 36.5221329], [139.4996418, 36.5206451], [139.4974572, 36.5180695], [139.4954625, 36.5154636], [139.4916839, 36.5104613], [139.487282, 36.509343], [139.4792544, 36.5072611], [139.4737605, 36.5050136], [139.4697404, 36.502142], [139.4639715, 36.497686], [139.4591989, 36.4939911], [139.4565224, 36.492141], [139.4509971, 36.4883162], [139.4476191, 36.4859788], [139.4428325, 36.4821831], [139.4389933, 36.4790516], [139.4371247, 36.4775419], [139.4339174, 36.4749426], [139.4327688, 36.4719472], [139.4313419, 36.4681639], [139.4303596, 36.4652819], [139.4302564, 36.4623094], [139.4302086, 36.4573783], [139.4299561, 36.4529719], [139.4313308, 36.4497918], [139.4331327, 36.4455933], [139.4339567, 36.4416366], [139.4330644, 36.4374983], [139.431809, 36.4327891], [139.4312021, 36.4264898], [139.4290431, 36.4218794], [139.4273181, 36.4194104], [139.4251742, 36.4164162], [139.4236184, 36.4116127], [139.4224673, 36.4079476], [139.4203105, 36.4046227], [139.4186173, 36.4019037], [139.4139099, 36.4000439], [139.4081308, 36.3977877], [139.4039927, 36.3952375], [139.3974038, 36.3912093], [139.3931666, 36.3886334], [139.3877815, 36.3851685], [139.3870241, 36.3826418], [139.3862654, 36.3792725], [139.384518, 36.3754686], [139.383357, 36.3729489], [139.3820579, 36.3711237], [139.3792013, 36.3687324], [139.377888, 36.3677697], [139.3753419, 36.3659032], [139.3726896, 36.3608393], [139.370328, 36.3564684], [139.3659048, 36.3563572], [139.3606732, 36.3550279], [139.3564325, 36.3542296], [139.3511473, 36.3552686], [139.3472738, 36.3529195], [139.345259, 36.3493573], [139.3447958, 36.3459038], [139.3431286, 36.3412326], [139.3386346, 36.3397606], [139.3369716, 36.3368688], [139.3334541, 36.3337916], [139.3288627, 36.3333765], [139.3247148, 36.3318365], [139.3203538, 36.3302991], [139.3159186, 36.3287446], [139.3109526, 36.3270134], [139.305225525, 36.326174075000004]]}, "properties": {"kv": 500, "name": "新栃木線 / 桐生機械線", "region": "tokyo", "loading": 0.0, "xfmr": false, "npts_orig": 149}}, {"type": "Feature", "geometry": {"type": "LineString", "coordinates": [[139.83657169, 36.66274367], [139.8434145, 36.6629226], [139.8485876, 36.662671], [139.8530168, 36.6624311], [139.8585947, 36.6622545], [139.8639231, 36.6620313], [139.8682572, 36.6617932], [139.8737625, 36.6615592], [139.8788878, 36.6621169], [139.8824116, 36.6625226], [139.8865614, 36.6630181], [139.8916479, 36.6636168], [139.8961715, 36.6618576], [139.8998661, 36.660412], [139.9038712, 36.6593071], [139.9076514, 36.6582627], [139.91362306666667, 36.654787725]]}, "properties": {"kv": 500, "name": "新栃木線", "region": "tokyo", "loading": 0.0, "xfmr": false, "npts_orig": 17}}, {"type": "Feature", "geometry": {"type": "LineString", "coordinates": [[139.43660128082192, 35.96206375890411], [139.4368234, 35.9678877], [139.4342384, 35.9707915], [139.433849, 35.9736513], [139.4316836, 35.9768084], [139.4296487, 35.9798168], [139.4274305, 35.9830639], [139.4250298, 35.9865256], [139.4232704, 35.9892884], [139.4212882, 35.9923593], [139.4193706, 35.9954123], [139.4172461, 35.9987197], [139.4159023, 36.0008138], [139.4149233, 36.0041294], [139.4140972, 36.0068046], [139.4126849, 36.0114592], [139.4119569, 36.0139522], [139.4094284, 36.0162926], [139.4071067, 36.0184372], [139.4047215, 36.0206846], [139.4026329, 36.0226458], [139.3994405, 36.0241265], [139.395743, 36.0258164], [139.3923165, 36.0274598], [139.3883614, 36.0293075], [139.3852608, 36.0308089], [139.3826742, 36.0329828], [139.3807246, 36.0346277], [139.3777947, 36.0371278], [139.375276, 36.0392852], [139.3713928, 36.0425949], [139.3687572, 36.0448711], [139.3669329, 36.0472139], [139.3650523, 36.0496616], [139.3631478, 36.0521216], [139.3612334, 36.0545926], [139.3591848, 36.0572946], [139.3561141, 36.0612701], [139.3539489, 36.0641287], [139.3527528, 36.0673906], [139.351581, 36.0706946], [139.3517937, 36.0733641], [139.3520114, 36.0760126], [139.3523517, 36.0799701], [139.3515927, 36.0823117], [139.3506221, 36.0852772], [139.3498763, 36.0888812], [139.348795, 36.0938337], [139.3481418, 36.0970427], [139.3477168, 36.1008573], [139.3473278, 36.1045973], [139.345287, 36.1074277], [139.3431049, 36.110519], [139.3411083, 36.1133875], [139.3405487, 36.1163476], [139.3399916, 36.1192269], [139.3393602, 36.1225592], [139.33983976, 36.12796762]]}, "properties": {"kv": 500, "name": "新坂戸線（只見幹線）", "region": "tokyo", "loading": 0.0, "xfmr": false, "npts_orig": 58}}, {"type": "Feature", "geometry": {"type": "LineString", "coordinates": [[138.8059755, 36.0824114], [138.7937091166667, 36.07844083333333]]}, "properties": {"kv": 500, "name": "leadin", "region": "tokyo", "loading": 0.0, "xfmr": false, "npts_orig": 2}}, {"type": "Feature", "geometry": {"type": "LineString", "coordinates": [[138.8059755, 36.0824114], [138.7993316, 36.0860064], [138.7931854, 36.0867965], [138.7849993, 36.0878288], [138.7790173, 36.087871], [138.7746808, 36.0878976], [138.7715708, 36.0879106], [138.7637079, 36.0887581], [138.7574972, 36.0894279], [138.7491113, 36.0903317], [138.7432976, 36.0909678], [138.7363985, 36.0917321], [138.7282067, 36.0932977], [138.7222873, 36.0943964], [138.7140993, 36.0959916], [138.7106859, 36.0978611], [138.7079654, 36.0999068], [138.7059665, 36.1023566], [138.7034014, 36.1055532], [138.7008745, 36.1073002], [138.6983477, 36.1089064], [138.6926066, 36.1093859], [138.6874074, 36.1111685], [138.6842636, 36.1110991], [138.6808643, 36.1119937], [138.6766704, 36.1123731], [138.6735562, 36.1125609], [138.670446, 36.1155685], [138.665637, 36.1171695], [138.6613167, 36.1170452], [138.6581104, 36.1169535], [138.6513832, 36.1175716], [138.6475968, 36.1179198], [138.6426044, 36.1183499], [138.6401255, 36.1180051], [138.637819, 36.117729], [138.6349474, 36.1173187], [138.6307, 36.1182673], [138.6263553, 36.117998], [138.6217625, 36.1176142], [138.6165568, 36.1190097], [138.6114941, 36.1203453], [138.6060451, 36.1210223], [138.6037961, 36.1213085], [138.6003902, 36.1217317], [138.5976662, 36.1220822], [138.5923868, 36.1230536], [138.5876285, 36.1248005], [138.5840981, 36.1245488], [138.5802102, 36.1242856], [138.5749444, 36.1250827], [138.5711494, 36.1256322], [138.5691426, 36.125954], [138.565204, 36.1282487], [138.5600131, 36.13134], [138.5550168, 36.1341965], [138.5519688, 36.1349904], [138.5462494, 36.1364175], [138.5407221, 36.1377865], [138.5369357, 36.138442], [138.5328674, 36.1391199], [138.52861, 36.1397976], [138.5248666, 36.1404146], [138.520339, 36.1425085], [138.517512, 36.1438153], [138.5102299, 36.144337], [138.5054521, 36.1447189], [138.4987055, 36.1464557], [138.4930405, 36.1479751], [138.4884158, 36.1492101], [138.484388, 36.150262], [138.4804939, 36.1513392], [138.4736993, 36.1550358], [138.4698398, 36.1551712], [138.4648803, 36.1553103], [138.4611011, 36.1554101], [138.4552607, 36.153938], [138.4521024, 36.1531392], [138.4448504, 36.1539915], [138.4416557, 36.1550958], [138.4346763, 36.1571214], [138.4315434, 36.1579915], [138.4270134, 36.1592144], [138.4227188, 36.1592721], [138.417499, 36.1592993], [138.4136313, 36.1593492], [138.4099914, 36.1593566], [138.4057047, 36.1598836], [138.3982048, 36.1608365], [138.389345, 36.1619612], [138.3850391, 36.1625489], [138.3813555, 36.1630457], [138.3787167, 36.1634088], [138.3745001, 36.1639827], [138.3713924, 36.1643943], [138.3682839, 36.1644069], [138.3645185, 36.1644053], [138.3591911, 36.1643915], [138.354738, 36.1625246], [138.3524842, 36.1615628], [138.3462892, 36.1589778], [138.3402509, 36.1588975], [138.336031, 36.1588623], [138.3291394, 36.1587951], [138.3235837, 36.1594158], [138.3202565, 36.1597977], [138.3151819, 36.1603743], [138.3097052, 36.1605856], [138.3060481, 36.1607254], [138.3024947, 36.1608398], [138.2995055, 36.1609466], [138.2934536, 36.1592805], [138.2888043, 36.1576528], [138.2836139, 36.1584375], [138.2796937, 36.159035], [138.2755583, 36.1576935], [138.2697967, 36.1551403], [138.2651119, 36.151832], [138.2621636, 36.1497408], [138.2594089, 36.1477597], [138.2526632, 36.1452259], [138.2480916, 36.1435055], [138.2445368, 36.1421813], [138.2388938, 36.1411059], [138.2305472, 36.1407234], [138.2241559, 36.1404328], [138.2165876, 36.139665], [138.2127302, 36.139261], [138.2084693, 36.1388604], [138.2038432, 36.1411092], [138.1991925, 36.1441285], [138.194584, 36.1437796], [138.1903082, 36.1434285], [138.1827842, 36.1427878], [138.1779672, 36.1424103], [138.1713946, 36.1418715], [138.1676115, 36.1415644], [138.163294, 36.1412127], [138.1574053, 36.1407058], [138.153103, 36.1401968], [138.1505053, 36.1398806], [138.1481101, 36.1395957], [138.1417599, 36.138804], [138.138902, 36.1384942], [138.1337079, 36.1378996], [138.1304837, 36.1376937], [138.1287029, 36.137591], [138.1250598, 36.1373583], [138.1207019, 36.1370894], [138.1176151, 36.1350084], [138.1154247, 36.133496], [138.1122995, 36.1313826], [138.1083262, 36.1288457], [138.106364, 36.1273371], [138.1008917, 36.1251791], [138.0960574, 36.1213933], [138.093904, 36.1197148], [138.0914345, 36.1177887], [138.0890187, 36.1158845], [138.0852167, 36.11339], [138.0812624, 36.11078], [138.0785159, 36.1099194], [138.0755815, 36.1089032], [138.0720035, 36.1079239], [138.0696877, 36.1072029], [138.0628889, 36.1062507], [138.0574503, 36.1054706], [138.0498428, 36.1047321], [138.0460501, 36.1053003], [138.0413049, 36.1060237], [138.036313, 36.1068124], [138.0329638, 36.1057366], [138.0278847, 36.1040809], [138.0226346, 36.1026877], [138.0195675, 36.1024427], [138.0168448, 36.1024005], [138.0104346, 36.1001855], [138.0088942, 36.0984074], [138.0071487, 36.0963724], [138.0037421, 36.0923323], [137.9983224, 36.089827], [137.9930609, 36.087346], [137.9899451, 36.085474], [137.9858082, 36.0830064], [137.9782967, 36.0809406], [137.9756575, 36.0813774], [137.9690729, 36.0826173], [137.9647288, 36.0830497], [137.9603246, 36.0834584], [137.953434, 36.0821913], [137.9504326, 36.0833706], [137.9469913, 36.0847839], [137.9435809, 36.0861614], [137.940837, 36.0867412], [137.9347577, 36.0881934], [137.9299714, 36.0893585], [137.9253405, 36.0904629], [137.9212917, 36.0932675], [137.9186833, 36.0950631], [137.9147753, 36.0968089], [137.910571, 36.0986619], [137.9087726, 36.1019918], [137.9078257, 36.1037721], [137.9059583, 36.1072745], [137.9038856, 36.1112471], [137.900907, 36.1144572], [137.896622, 36.1191338], [137.8952532, 36.1213727], [137.8933866, 36.1245981], [137.8914123, 36.1279584], [137.8898139, 36.1306171], [137.8862052, 36.1340638], [137.8844212, 36.1346038]]}, "properties": {"kv": 500, "name": "東京電力パワーグリッド 500.0kV線", "region": "tokyo", "loading": 0.0, "xfmr": false, "npts_orig": 213}}, {"type": "Feature", "geometry": {"type": "LineString", "coordinates": [[138.8059755, 36.0824114], [138.8115974, 36.0821881], [138.8174982, 36.080765], [138.8221271, 36.0799223], [138.8274586, 36.0776564], [138.829485, 36.0759671], [138.8336084, 36.0742488], [138.8368834, 36.0728842], [138.8391411, 36.0722211], [138.8439859, 36.0707243], [138.8500586, 36.0680831], [138.8553757, 36.065767], [138.8605201, 36.0635177], [138.8657194, 36.0612448], [138.8735074, 36.0578243], [138.8786797, 36.0555895], [138.8836637, 36.0534239], [138.8913403, 36.0500424], [138.8957211, 36.0487769], [138.8997907, 36.0476033], [138.9029058, 36.0466836], [138.9074231, 36.0455852], [138.9113248, 36.0446038], [138.917465, 36.0430955], [138.9242008, 36.0417966]]}, "properties": {"kv": 500, "name": "東京電力パワーグリッド 500.0kV線", "region": "tokyo", "loading": 0.0, "xfmr": false, "npts_orig": 25}}, {"type": "Feature", "geometry": {"type": "LineString", "coordinates": [[138.9660133666667, 36.37726422222222], [138.9673442, 36.3734369], [138.9679126, 36.3707621], [138.9685054, 36.3679367], [138.9692056, 36.3652761], [138.9692694, 36.3617027], [138.9693369, 36.3583726], [138.9694149, 36.3538127], [138.9694627, 36.3497998], [138.9689012, 36.3474443], [138.9680171, 36.3438783], [138.9674127, 36.3415313], [138.9666203, 36.3383723], [138.9680278, 36.3349035], [138.9691749, 36.3318275], [138.9708521, 36.3275385], [138.9717452, 36.3251981], [138.9726622, 36.3228144], [138.9738163, 36.319863], [138.9759241, 36.3144098], [138.9766735, 36.3107253], [138.9776072, 36.3080831], [138.9778524, 36.3063527], [138.9781085, 36.3044047], [138.9800708, 36.3024744], [138.9842251, 36.2982894], [138.9871023, 36.2950174], [138.9906904, 36.2906755], [138.9915923, 36.2881114], [138.992633, 36.2852068], [138.9947545, 36.282676], [138.9967703, 36.2803303], [138.9993331, 36.2785311], [139.0024405, 36.2763861], [139.0069465, 36.2736388], [139.0101956, 36.2705489], [139.0128004, 36.2683317], [139.0145858, 36.2651543], [139.0169247, 36.2612567], [139.0195909, 36.2568059], [139.0211299, 36.2539555], [139.0187485, 36.2494146], [139.0174153, 36.2444051], [139.0184165, 36.2412832], [139.0209497, 36.2385724], [139.0259484, 36.233277], [139.0295936, 36.229386], [139.033112, 36.2265409], [139.04139670476192, 36.22191670952381]]}, "properties": {"kv": 500, "name": "東日本旅客鉄道新箕郷変電所~西毛変電所線", "region": "tokyo", "loading": 0.0, "xfmr": false, "npts_orig": 49}}, {"type": "Feature", "geometry": {"type": "LineString", "coordinates": [[139.04139670476192, 36.22191670952381], [139.0445088, 36.2175766], [139.0474749, 36.2152669], [139.0509972, 36.2135565], [139.054693, 36.2117441], [139.0607262875, 36.20726195]]}, "properties": {"kv": 500, "name": "樋口変電所~西毛変電所線", "region": "tokyo", "loading": 0.0, "xfmr": false, "npts_orig": 6}}, {"type": "Feature", "geometry": {"type": "LineString", "coordinates": [[139.32847626, 36.298888219999995], [139.3290393, 36.2934066], [139.3305443, 36.2905115], [139.3321509, 36.2874231], [139.3338161, 36.2842068], [139.3352263, 36.2815235], [139.3365811, 36.2790232], [139.3378885, 36.2757153], [139.3391234, 36.2726751], [139.3402775, 36.2698147], [139.3414652, 36.2669051], [139.3427113, 36.2638933], [139.3435539, 36.2617623], [139.3451696, 36.2577851], [139.3464111, 36.2546724], [139.3455975, 36.2519589], [139.3448443, 36.2491921], [139.3457295, 36.245214], [139.3471207, 36.2386397], [139.3480689, 36.2342611], [139.3486487, 36.2315907], [139.3484765, 36.2288427], [139.3482909, 36.2256327], [139.3481236, 36.2226042], [139.3471371, 36.2195238], [139.3462484, 36.2165117], [139.34529, 36.2134041], [139.3443306, 36.2102098], [139.34486880869565, 36.20583957826087]]}, "properties": {"kv": 500, "name": "新坂戸線（只見幹線）", "region": "tokyo", "loading": 0.0, "xfmr": false, "npts_orig": 29}}, {"type": "Feature", "geometry": {"type": "LineString", "coordinates": [[139.32847626, 36.298888219999995], [139.3239733, 36.3015156], [139.3218033, 36.303895], [139.3197712, 36.3061144], [139.3176097, 36.3085148], [139.315435, 36.3109334], [139.313351, 36.3132583], [139.3118582, 36.3163375], [139.3103232, 36.3193994], [139.3089047, 36.3222878], [139.305225525, 36.326174075000004]]}, "properties": {"kv": 500, "name": "新坂戸線（只見幹線）/新新田東毛線", "region": "tokyo", "loading": 0.0, "xfmr": false, "npts_orig": 11}}, {"type": "Feature", "geometry": {"type": "LineString", "coordinates": [[139.34486880869565, 36.20583957826087], [139.3459098, 36.2005573], [139.3463552, 36.197846], [139.3467417, 36.1955658], [139.3471188, 36.1932511], [139.3473551142857, 36.1882859]]}, "properties": {"kv": 500, "name": "新坂戸線（只見幹線）", "region": "tokyo", "loading": 0.0, "xfmr": false, "npts_orig": 6}}, {"type": "Feature", "geometry": {"type": "LineString", "coordinates": [[139.3473551142857, 36.1882859], [139.3451208, 36.1815129], [139.3437376, 36.1785449], [139.3422987, 36.1753866], [139.3415645, 36.1726642], [139.34361562857143, 36.16782594285714]]}, "properties": {"kv": 500, "name": "新坂戸線（只見幹線）", "region": "tokyo", "loading": 0.0, "xfmr": false, "npts_orig": 6}}, {"type": "Feature", "geometry": {"type": "LineString", "coordinates": [[139.34361562857143, 36.16782594285714], [139.3379019, 36.1644868], [139.3368093, 36.1610628], [139.3355138, 36.1572829], [139.33645872857144, 36.15251391428571]]}, "properties": {"kv": 500, "name": "新坂戸線（只見幹線）", "region": "tokyo", "loading": 0.0, "xfmr": false, "npts_orig": 5}}, {"type": "Feature", "geometry": {"type": "LineString", "coordinates": [[139.33645872857144, 36.15251391428571], [139.3353128, 36.1486567], [139.33972601, 36.14590983]]}, "properties": {"kv": 500, "name": "新坂戸線（只見幹線）", "region": "tokyo", "loading": 0.0, "xfmr": false, "npts_orig": 3}}, {"type": "Feature", "geometry": {"type": "LineString", "coordinates": [[139.33972601, 36.14590983], [139.3362641, 36.1416909], [139.3370444, 36.1356904], [139.3375794, 36.1316332], [139.33983976, 36.12796762]]}, "properties": {"kv": 500, "name": "新坂戸線（只見幹線）", "region": "tokyo", "loading": 0.0, "xfmr": false, "npts_orig": 5}}, {"type": "Feature", "geometry": {"type": "LineString", "coordinates": [[138.9242008, 36.0417966], [138.926523, 36.0417036], [138.9323136, 36.0401004], [138.93645, 36.0377733], [138.9387705, 36.0368629], [138.9474164, 36.0329068], [138.9515298, 36.0312214], [138.9542662, 36.0300888], [138.9597451, 36.0279563], [138.9643279, 36.0256381], [138.9686382, 36.0212893], [138.970668, 36.0191508], [138.9745742, 36.0150996], [138.978722, 36.0114734], [138.9807216, 36.0096977], [138.9833732, 36.0073739], [138.9855107, 36.0052353], [138.9887204, 36.0020512], [138.9920822, 35.9987379], [138.9964931, 35.9948375], [139.0009332, 35.9902125], [139.0052247, 35.9860933], [139.0096657, 35.9818131], [139.0158407, 35.977846], [139.021365, 35.9745888], [139.0250452, 35.9718218], [139.0286356, 35.9690776], [139.0334262, 35.9654238], [139.04465505714285, 35.962392814285714]]}, "properties": {"kv": 500, "name": "新榛名線", "region": "tokyo", "loading": 0.0, "xfmr": false, "npts_orig": 29}}, {"type": "Feature", "geometry": {"type": "LineString", "coordinates": [[139.04465505714285, 35.962392814285714], [139.046097905, 35.961004759999994]]}, "properties": {"kv": 500, "name": "新榛名線", "region": "tokyo", "loading": 0.0, "xfmr": false, "npts_orig": 2}}, {"type": "Feature", "geometry": {"type": "LineString", "coordinates": [[139.6734273, 36.8292235], [139.6762812, 36.835591], [139.676882, 36.8384375], [139.6764435, 36.8432951], [139.6739829, 36.8468553], [139.6705042, 36.8519493], [139.6699025, 36.8547643], [139.6693977, 36.8570286], [139.6677571, 36.8606735], [139.661256, 36.8639216], [139.6574414, 36.8645449], [139.6518656, 36.8654507], [139.646014, 36.8692331], [139.6418276, 36.8725082], [139.6400428, 36.8756657], [139.6380865, 36.8798513], [139.6367171, 36.8825855], [139.6349879, 36.8860479], [139.635324, 36.8910056], [139.6383458, 36.8954668], [139.639641, 36.8975442], [139.6390518, 36.9017157], [139.6370627, 36.9059237], [139.6363843, 36.9091549], [139.6350975, 36.9110413], [139.6346479, 36.9144345], [139.6348217, 36.9169022], [139.6352854, 36.9206958], [139.6331849, 36.925412], [139.6323325, 36.9304738], [139.6376761, 36.9350387], [139.6417013, 36.9400087], [139.6455016, 36.9438955], [139.6472782, 36.9457124], [139.6497702, 36.9496174], [139.6514332, 36.9521725], [139.6520984, 36.9553619], [139.6534073, 36.9598199], [139.6537828, 36.9623832], [139.6532678, 36.9656579], [139.6537185, 36.9690696], [139.6541369, 36.9716454], [139.6540939, 36.9770025], [139.6557569, 36.9798994], [139.6571786, 36.9824363], [139.659453, 36.9845403], [139.6606439, 36.9876641], [139.6617944, 36.9913463], [139.6621835, 36.9945496], [139.6637124, 36.9972702], [139.6636266, 37.0014688], [139.6649408, 37.0043648], [139.6657053, 37.0063247], [139.6664705, 37.0089376], [139.6673601, 37.012264], [139.6710831, 37.0117993], [139.6751686, 37.011972], [139.6779868, 37.0105995], [139.6800195, 37.0096035], [139.6842614, 37.0071848], [139.6902486, 37.003193], [139.6967493, 37.0042758], [139.7022432, 37.00494], [139.7074112, 37.002566], [139.7140758, 37.0000708], [139.7214396, 36.99787], [139.7280039, 36.997965], [139.7341409, 36.9973544], [139.73875, 36.9962732], [139.7418568, 36.9963668], [139.7503863, 36.996174], [139.7550898, 36.9963269], [139.7616492, 36.9965793], [139.76483, 36.9962792], [139.7719216, 36.9956349], [139.7788774, 36.9970981], [139.7820568, 36.9976172], [139.7887624, 36.9987697], [139.79193, 36.9988383], [139.7950279, 36.9984805], [139.8023236, 37.0001932], [139.8098499, 37.0016101], [139.8140556, 37.0003913], [139.8207839, 36.9988318], [139.826737, 36.9963534], [139.8321846, 36.9940418], [139.8371681, 36.9931164], [139.842369, 36.9921631], [139.8469233, 36.9925059], [139.8536986, 36.9938855], [139.8572177, 36.9937955], [139.8625928, 36.9928593], [139.8642624, 36.993516]]}, "properties": {"kv": 500, "name": "下郷線 / 塩原線", "region": "tokyo", "loading": 0.0, "xfmr": false, "npts_orig": 93}}, {"type": "Feature", "geometry": {"type": "LineString", "coordinates": [[139.6734273, 36.8292235], [139.6712279, 36.8295433], [139.6706754, 36.8321454], [139.6698654, 36.8328366]]}, "properties": {"kv": 500, "name": "今市線", "region": "tokyo", "loading": 0.0, "xfmr": false, "npts_orig": 4}}, {"type": "Feature", "geometry": {"type": "LineString", "coordinates": [[139.21234755, 36.22024410882353], [139.2169862, 36.224854], [139.2212613, 36.2271273], [139.2251519, 36.2291438], [139.2285242, 36.2309178], [139.2322979, 36.2328981], [139.2360526, 36.2348744], [139.240978, 36.2374584], [139.2444923, 36.2393189], [139.248748, 36.241489], [139.252554, 36.2435474], [139.2532571, 36.2472862], [139.2545235, 36.2538272], [139.2553374, 36.2581002], [139.2562036, 36.2626875], [139.2607688, 36.2635807], [139.266473, 36.2646707], [139.2699715, 36.2653401], [139.2724859, 36.2684212], [139.2718855, 36.2723094], [139.2724866, 36.2761592], [139.2717363, 36.2797482], [139.2756247, 36.2820889], [139.2793595, 36.2843432], [139.2801729, 36.2884235], [139.2809863, 36.2925128], [139.2816914, 36.2961193], [139.2825993, 36.3007713], [139.2834249, 36.3046465], [139.2836934, 36.3058936], [139.2838031, 36.3064032], [139.2841486, 36.3080083], [139.2849663, 36.3118917], [139.2861715, 36.3156213], [139.2872289, 36.3188743], [139.2884826, 36.32273], [139.29002927142855, 36.326388914285715]]}, "properties": {"kv": 500, "name": "新新田線", "region": "tokyo", "loading": 0.0, "xfmr": false, "npts_orig": 37}}, {"type": "Feature", "geometry": {"type": "LineString", "coordinates": [[139.305225525, 36.326174075000004], [139.2963894, 36.3258783], [139.29002927142855, 36.326388914285715]]}, "properties": {"kv": 500, "name": "新新田線", "region": "tokyo", "loading": 0.0, "xfmr": false, "npts_orig": 3}}, {"type": "Feature", "geometry": {"type": "LineString", "coordinates": [[139.49240106, 36.080526559999996], [139.49450678, 36.08100022]]}, "properties": {"kv": 500, "name": "新古河線", "region": "tokyo", "loading": 0.0, "xfmr": false, "npts_orig": 2}}, {"type": "Feature", "geometry": {"type": "LineString", "coordinates": [[139.49450678, 36.08100022], [139.5013316, 36.0811898], [139.5063588, 36.0808277], [139.5119013, 36.0803876], [139.5148475, 36.0801608], [139.5169136, 36.0799955], [139.5215666, 36.0796462], [139.5256932, 36.0824175], [139.5317211, 36.0841467], [139.5361776, 36.0848504], [139.5407394, 36.0863485], [139.5448631, 36.0877565], [139.5498156, 36.0880221], [139.5546396, 36.0882848], [139.5573531, 36.0910641], [139.5598009, 36.0927256], [139.5624686, 36.094551], [139.5663265, 36.0936152], [139.5704842, 36.0925663], [139.5746809, 36.0915116], [139.5786538, 36.0905066], [139.5821047, 36.089838], [139.5853141, 36.0892331], [139.5882112, 36.0887956], [139.5912878, 36.0883214], [139.5948167, 36.0877879], [139.5980469, 36.0873026], [139.6015658, 36.0883003], [139.6048363, 36.089241], [139.6086856, 36.0903634], [139.6118299, 36.0912002], [139.6163848, 36.0924286], [139.620195, 36.0932227], [139.624281, 36.0941017], [139.6262812, 36.097679], [139.6281971, 36.1002114], [139.6319047, 36.1018563], [139.6367926, 36.1039697], [139.6407394, 36.1040289], [139.6447582, 36.1040809], [139.6502339, 36.1041456], [139.6556954, 36.1042237], [139.6596842, 36.1037802], [139.6630822, 36.1045611], [139.6687832, 36.1078972], [139.6754936, 36.108409], [139.6798661, 36.1101722], [139.6832198, 36.107454], [139.6879514, 36.1075707], [139.6930373, 36.105817], [139.6966541, 36.1065589], [139.7009421, 36.1074396], [139.7055121, 36.1083765], [139.7101927, 36.1093397], [139.7151993, 36.11065967142857]]}, "properties": {"kv": 500, "name": "新古河線", "region": "tokyo", "loading": 0.0, "xfmr": false, "npts_orig": 55}}, {"type": "Feature", "geometry": {"type": "LineString", "coordinates": [[139.7151993, 36.11065967142857], [139.7198423, 36.1113204], [139.7248087, 36.1130442], [139.728692, 36.1149886], [139.7321483, 36.1166724], [139.7354018, 36.1182539], [139.7385442, 36.1197576], [139.7418404, 36.1199525], [139.7449929, 36.1201261], [139.7496205, 36.1203886], [139.7531355, 36.1206048], [139.7565044, 36.1238597], [139.7612802, 36.1285655], [139.7643919, 36.131622], [139.7670472, 36.1342143], [139.7718065, 36.1347469], [139.7759149, 36.1348529], [139.7789053, 36.134461], [139.7826449, 36.1337196], [139.7864561, 36.1340402], [139.7913693, 36.1344587], [139.7954494, 36.1348104], [139.7998276, 36.1351782], [139.8037327, 36.1354906], [139.8057713, 36.1326985], [139.8079312, 36.1296957], [139.8111315, 36.127491], [139.8142641, 36.1253589], [139.8174439, 36.1231744], [139.8201303, 36.1201424], [139.8226077, 36.1173146], [139.8252561, 36.1143238], [139.8287601, 36.1132583], [139.8330894, 36.1119611], [139.83227593043478, 36.10648712391304]]}, "properties": {"kv": 500, "name": "新古河線", "region": "tokyo", "loading": 0.0, "xfmr": false, "npts_orig": 35}}, {"type": "Feature", "geometry": {"type": "LineString", "coordinates": [[139.83227593043478, 36.10648712391304], [139.837302, 36.1014284], [139.837547, 36.098098], [139.8377858, 36.0949867], [139.8379882, 36.091724], [139.8382414, 36.0885593], [139.8388021, 36.0857285], [139.8392946, 36.0830614], [139.8397759, 36.080571], [139.8403812, 36.077442], [139.8428804, 36.0750463], [139.8453176, 36.0727355], [139.8478872, 36.0703172], [139.8504636, 36.0678998], [139.8538525, 36.0664451], [139.8573815, 36.0649785], [139.8608062, 36.0635787], [139.864164, 36.0621063], [139.8654233, 36.0591172], [139.8666828, 36.0558952], [139.8678773, 36.0528331], [139.8676241, 36.0496201], [139.8673255, 36.0459089], [139.8670738, 36.042893], [139.8679603, 36.039605], [139.8687982, 36.0365742], [139.8695834, 36.0338205], [139.8704596, 36.0307368], [139.8722549, 36.0283128], [139.8746151, 36.0252711], [139.8789089, 36.0248927], [139.8808179, 36.0220371], [139.8830575, 36.0186374], [139.8849185, 36.0157647], [139.8853921, 36.0130856], [139.8859289, 36.0099697], [139.8863272, 36.0072089], [139.8868025, 36.0044788], [139.8873354, 36.0012578], [139.8880435, 35.9973626], [139.8885117, 35.9947094], [139.8920146, 35.99251], [139.8954287, 35.9903883], [139.89868, 35.9883722], [139.9020903, 35.9862703], [139.9052931, 35.9842445], [139.905005, 35.9808873], [139.9046981, 35.9775285], [139.9042927, 35.9728011], [139.90802164444443, 35.96969734444444]]}, "properties": {"kv": 500, "name": "新京葉線", "region": "tokyo", "loading": 0.0, "xfmr": false, "npts_orig": 50}}, {"type": "Feature", "geometry": {"type": "LineString", "coordinates": [[139.83227593043478, 36.10648712391304], [139.8355385, 36.1121271], [139.8380867, 36.1153096], [139.8402405, 36.1180709], [139.8403295, 36.1215172], [139.8404123, 36.1249861], [139.8388839, 36.1291323], [139.8371229, 36.133844], [139.8356632, 36.137925], [139.8377816, 36.14148], [139.8397281, 36.1448223], [139.8416009, 36.1485814], [139.8431143, 36.1515999], [139.8461935, 36.1548245], [139.8495653, 36.15826], [139.8516442, 36.1605118], [139.8535754, 36.1644957], [139.8557388, 36.1690614], [139.8578721, 36.1721983], [139.8596567, 36.1747682], [139.8620197, 36.1782698], [139.8628641, 36.1820482], [139.8638464, 36.1865617], [139.8647682, 36.1908305], [139.8655541, 36.1944779], [139.8656618, 36.1979596], [139.865721, 36.2013094], [139.8658059, 36.2053464], [139.8669585, 36.2098683], [139.8691475, 36.2130716], [139.8720668, 36.2172301], [139.8736478, 36.2195205], [139.8768266, 36.2219303], [139.8798688, 36.2242878], [139.8831976, 36.2273408], [139.8866846, 36.2305024], [139.8900201, 36.2335803], [139.8936557, 36.2368843], [139.8970571, 36.2399676], [139.9019841, 36.2444858], [139.9054441, 36.2476617], [139.9062919, 36.2510222], [139.9072322, 36.2546572], [139.9088956, 36.2586725], [139.9108022, 36.2632762], [139.912508, 36.267316], [139.9154744, 36.2692794], [139.9172766, 36.2724225], [139.9194022, 36.2762271], [139.9213026, 36.2796644], [139.9232103, 36.2830819], [139.9250681, 36.2862847], [139.9289374, 36.2876481], [139.9305868, 36.2904036], [139.9323281, 36.29333], [139.9343683, 36.2968029], [139.9348125, 36.3000563], [139.9353375, 36.3041837], [139.9358409, 36.307968], [139.9363063, 36.3114929], [139.93916138333333, 36.317406225]]}, "properties": {"kv": 500, "name": "福島幹線", "region": "tokyo", "loading": 0.0, "xfmr": false, "npts_orig": 61}}, {"type": "Feature", "geometry": {"type": "LineString", "coordinates": [[137.8844212, 36.1346038], [137.8839606, 36.1353754]]}, "properties": {"kv": 500, "name": "東京電力パワーグリッド 500.0kV線", "region": "tokyo", "loading": 0.0, "xfmr": false, "npts_orig": 2}}, {"type": "Feature", "geometry": {"type": "LineString", "coordinates": [[140.7232238, 37.1397515], [140.7194124, 37.1402343]]}, "properties": {"kv": 500, "name": "福島東幹線", "region": "tokyo", "loading": 0.0, "xfmr": false, "npts_orig": 2}}, {"type": "Feature", "geometry": {"type": "LineString", "coordinates": [[140.7194124, 37.1402343], [140.7141633, 37.139533], [140.7126501, 37.1366139], [140.7080705, 37.1334454], [140.7051451, 37.1315234], [140.7000861, 37.1282186], [140.6970175, 37.1255199], [140.6941804, 37.1228808], [140.6910754, 37.1199148], [140.6875133, 37.1165968], [140.6845453, 37.1136991], [140.6832577, 37.1124869], [140.6805309, 37.110149], [140.6759601, 37.1061769], [140.6720512, 37.1028457], [140.6690092, 37.1008344], [140.6638394, 37.0975533], [140.6596955, 37.0944884], [140.6555681, 37.0921959], [140.6515642, 37.0893346], [140.6481949, 37.08683], [140.645162, 37.084943], [140.6416314, 37.0812714], [140.6397243, 37.0793475], [140.6369029, 37.0764553], [140.6340659, 37.0735881], [140.6311342, 37.0709975], [140.6253497, 37.0659921], [140.6203818, 37.0615334], [140.6184148, 37.0598128], [140.6151616, 37.0568041], [140.6131189, 37.0544192], [140.610017, 37.0503537], [140.6090158, 37.0469179], [140.6044967, 37.0416281], [140.6012284, 37.0398728], [140.5969816, 37.0376585], [140.5933392, 37.03379], [140.5913168, 37.0328864], [140.5882269, 37.0316916], [140.5842251, 37.0300257], [140.5810922, 37.028651], [140.5785495, 37.0275547], [140.5758083, 37.0263084], [140.5712539, 37.0243084], [140.5676812, 37.0222654], [140.563733, 37.016753], [140.5578858, 37.0141659], [140.5554771, 37.0117372], [140.5509549, 37.0073335], [140.5494529, 37.0053758], [140.5468565, 37.0017537], [140.542307, 36.9981899], [140.5396666, 36.9961098], [140.534993, 36.9924469], [140.5327077, 36.9906586], [140.5286569, 36.9874641], [140.525651, 36.9850713], [140.5246267, 36.9832581], [140.5228509, 36.9801972], [140.5216922, 36.9777967], [140.5202653, 36.9752902], [140.5184917, 36.9715169], [140.5156815, 36.9693494], [140.5136098, 36.967822], [140.5113733, 36.9659876], [140.5096583, 36.9644419], [140.5070057, 36.9605902], [140.5051535, 36.9568042], [140.5038958, 36.9535588], [140.5028118, 36.9509018], [140.5021009, 36.9487944], [140.5013134, 36.9464995], [140.5000237, 36.9433634], [140.4984344, 36.9396276], [140.4971676, 36.9356833], [140.4953313, 36.9324737], [140.49304, 36.9277704], [140.4909968, 36.9238033], [140.4886114, 36.9189995], [140.4862776, 36.9165092], [140.481952, 36.9119747], [140.4792173, 36.908584], [140.4763162, 36.9049543], [140.4741072, 36.9023925], [140.4716846, 36.8993916], [140.4680484, 36.895038], [140.4654992, 36.8922059], [140.4629689, 36.8893861], [140.460924, 36.8870893], [140.4591214, 36.8835768], [140.457181, 36.880002], [140.4554218, 36.8764063], [140.4541508, 36.8728], [140.4524304, 36.8705208], [140.4501617, 36.8674859], [140.4470774, 36.8631868], [140.4455257, 36.8609005], [140.4439275, 36.8573486], [140.4422572, 36.8534536], [140.441257, 36.8506634], [140.439265, 36.846495], [140.4376209, 36.8431306], [140.4344091, 36.8407377], [140.4296658, 36.837173], [140.4263288, 36.8346666], [140.4222365, 36.8314092], [140.4155005, 36.829495], [140.4123697, 36.8282658], [140.40708, 36.8261154], [140.4013569, 36.8238526], [140.3981053, 36.8225446], [140.3939794, 36.8212431], [140.3902621, 36.8201018], [140.3854295, 36.8182084], [140.3795022, 36.8178421], [140.3734564, 36.8186335], [140.3697454, 36.8191494], [140.3651442, 36.8166495], [140.3619553, 36.8149036], [140.3564873, 36.8132826], [140.3525473, 36.8110093], [140.3486218, 36.8087383], [140.3453318, 36.8072975], [140.3429834, 36.8045939], [140.3400371, 36.8013489], [140.3383415, 36.7993968], [140.3353035, 36.7959959], [140.3347931, 36.7935867], [140.3336015, 36.7876905], [140.3329859, 36.7846607], [140.3320765, 36.7801098], [140.3295055, 36.7779468], [140.3256737, 36.7744966], [140.3226957, 36.7717307], [140.3170448, 36.7667124], [140.3135395, 36.7631892], [140.3115887, 36.7615845], [140.3071591, 36.7576674], [140.3020107, 36.753444], [140.2994192, 36.7493499], [140.2972427, 36.7444959], [140.2952929, 36.740688], [140.293978, 36.7382607], [140.2923456, 36.7351357], [140.2903143, 36.7326428], [140.2865518, 36.7279457], [140.2831505, 36.7240011], [140.2811699, 36.7217785], [140.2777768, 36.7178503], [140.2754382, 36.7151583], [140.2734356, 36.7131616], [140.2693869, 36.7090556], [140.2674967, 36.707071], [140.2645222, 36.7023533], [140.2614329, 36.698281], [140.2599126, 36.696094], [140.25662, 36.6927857], [140.254793, 36.6908561], [140.2524141, 36.6869803], [140.2495129, 36.682183], [140.2482649, 36.6801259], [140.2460143, 36.6758006], [140.2437188, 36.6713029], [140.2425605, 36.669438], [140.2380261, 36.6648148], [140.2348684, 36.6614061], [140.2329086, 36.6591858], [140.22993, 36.6560004], [140.2269988, 36.6523426], [140.2234336, 36.6477653], [140.2197388, 36.643105], [140.2189041, 36.6385264], [140.2178901, 36.6334142], [140.2156518, 36.6296677], [140.2134189, 36.6267314], [140.2111531, 36.6234477], [140.209561, 36.6204214], [140.2080755, 36.6176386], [140.2064269, 36.6144813], [140.2028828, 36.6115247], [140.2004479, 36.6091574], [140.1999675, 36.6059383], [140.1994598, 36.6011155], [140.1988998, 36.5957747], [140.1976356, 36.5942043], [140.1950625, 36.592543], [140.1913503, 36.5901791], [140.1892763, 36.5862554], [140.1868502, 36.5826958], [140.184325, 36.5788455], [140.1822281, 36.5756676], [140.1796773, 36.5717965], [140.1803572, 36.5660663], [140.1806895, 36.5631214], [140.1799159, 36.5595321], [140.1790657, 36.5557834], [140.1782725, 36.552155], [140.1766591, 36.5493917], [140.1741414, 36.54504], [140.1722532, 36.5418068], [140.1694208, 36.536949], [140.1663119, 36.5330334], [140.164114, 36.530228], [140.1605282, 36.5257377], [140.1597016, 36.5230327], [140.15242855365852, 36.52292753658537]]}, "properties": {"kv": 500, "name": "福島東幹線", "region": "tokyo", "loading": 0.0, "xfmr": false, "npts_orig": 207}}, {"type": "Feature", "geometry": {"type": "LineString", "coordinates": [[140.7194124, 37.1402343], [140.7212529, 37.1411973], [140.7153273, 37.1436878]]}, "properties": {"kv": 500, "name": "福島幹線", "region": "tokyo", "loading": 0.0, "xfmr": false, "npts_orig": 3}}, {"type": "Feature", "geometry": {"type": "LineString", "coordinates": [[140.15242855365852, 36.52292753658537], [140.1573089, 36.520193], [140.1586611, 36.5196213], [140.1574683, 36.5157572], [140.1563583, 36.5120528], [140.1552922, 36.5084505], [140.1539451, 36.5040578], [140.1536578, 36.5009479], [140.1533449, 36.4972527], [140.1530321, 36.4938962], [140.1526873, 36.4902161], [140.1521413, 36.4864659], [140.1516728, 36.4837167], [140.1511385, 36.4798307], [140.1506289, 36.4763476], [140.1500042, 36.4724149], [140.1497905, 36.4676359], [140.1495746, 36.4635584], [140.146369, 36.4591226], [140.144427, 36.4559482], [140.1448093, 36.4523417], [140.1451708, 36.4489167], [140.1401981, 36.4459956], [140.1377207, 36.4417703], [140.1354123, 36.438661], [140.1336805, 36.4364517], [140.1316956, 36.4337452], [140.1291587, 36.4304692], [140.1236371, 36.4274651], [140.1199297, 36.4241457], [140.1170546, 36.4216023], [140.1146222, 36.4194375], [140.1110198, 36.4182279], [140.1088662, 36.4139905], [140.1068489, 36.4120174], [140.1010587, 36.4102685], [140.0987831, 36.4060088], [140.0955316, 36.4038401], [140.0922721, 36.4016517], [140.0878044, 36.3983391], [140.0849743, 36.3939244], [140.0848253, 36.3897741], [140.0815021, 36.3870216], [140.0792707, 36.3836493], [140.0777181, 36.3807867], [140.0726857, 36.3792028], [140.0673401, 36.3775051], [140.0615803, 36.3748436], [140.0588308, 36.3735188], [140.0564283, 36.3703734], [140.0538401, 36.3670273], [140.050472, 36.3642206], [140.047091, 36.3614364], [140.0432748, 36.3582812], [140.039845, 36.3561718], [140.0367922, 36.3529877], [140.0331642, 36.349197], [140.03287227777776, 36.345010088888884]]}, "properties": {"kv": 500, "name": "福島東幹線", "region": "tokyo", "loading": 0.0, "xfmr": false, "npts_orig": 58}}, {"type": "Feature", "geometry": {"type": "LineString", "coordinates": [[140.15242855365852, 36.52292753658537], [140.1580608, 36.5236821], [140.1587747, 36.5264446], [140.1596493, 36.5297206], [140.1611817, 36.5324968], [140.1637116, 36.5369224], [140.166592, 36.5421194], [140.1677698, 36.5447273], [140.1690677, 36.5474336], [140.1705214, 36.5506973], [140.1719025, 36.5538014], [140.1744323, 36.5593608], [140.1745498, 36.5638386], [140.174595, 36.5676194], [140.1746944, 36.5715888], [140.1748028, 36.5760658], [140.1774682, 36.5794978], [140.1795102, 36.5820807], [140.1813836, 36.5880496], [140.1832387, 36.5939285], [140.1840891, 36.5965686], [140.1856319, 36.6015015], [140.1865979, 36.6045598], [140.1876273, 36.6077919], [140.1897496, 36.6123209], [140.1920914, 36.6173238], [140.1932666, 36.6197776], [140.1946138, 36.6226514], [140.196762, 36.6256001], [140.199905, 36.6300101], [140.201366, 36.6319885], [140.2064907, 36.635437], [140.2106573, 36.6381834], [140.2120214, 36.6411266], [140.2134633, 36.6443451], [140.2144451, 36.6464611], [140.2168719, 36.651903], [140.2187693, 36.6560718], [140.2209732, 36.6600823], [140.2230493, 36.6638154], [140.22524, 36.6677737], [140.2276769, 36.6721452], [140.2314507, 36.6763437], [140.234273, 36.6794224], [140.2373258, 36.6812192], [140.2402816, 36.6829422], [140.2434866, 36.684801], [140.2481715, 36.6875459], [140.2496657, 36.6893717], [140.2518852, 36.6922367], [140.2548927, 36.6960524], [140.257277, 36.6990381], [140.2592479, 36.7013085], [140.2625215, 36.7050857], [140.2651313, 36.708829], [140.2673007, 36.7119543], [140.2693406, 36.7149394], [140.271549, 36.7180385], [140.2746833, 36.7226687], [140.2768074, 36.7247139], [140.2790588, 36.7268957], [140.282901, 36.7307148], [140.2840297, 36.7325512], [140.2869679, 36.7373305], [140.288876, 36.7403479], [140.2902254, 36.7425571], [140.2933432, 36.745971], [140.2958189, 36.7487178], [140.2988569, 36.7520457], [140.3021564, 36.755436], [140.3064564, 36.759719], [140.3094839, 36.7628604], [140.3140055, 36.7668546], [140.3153706, 36.7696716], [140.3173485, 36.7736923], [140.3198049, 36.7788828], [140.3212722, 36.7819159], [140.322433, 36.7842466], [140.3239219, 36.7862355], [140.3259038, 36.7889261], [140.3282919, 36.7920432], [140.3316145, 36.7964961], [140.3336625, 36.7992667], [140.3372194, 36.8031164], [140.3395229, 36.8061745], [140.3419566, 36.8093464], [140.3441153, 36.8122194], [140.34571, 36.8148817], [140.3481741, 36.818967], [140.3501674, 36.8223757], [140.3523012, 36.8273418], [140.3567696, 36.8312683], [140.357958, 36.8332431], [140.359441, 36.8357492], [140.3615651, 36.8392555], [140.3630643, 36.8434561], [140.3645073, 36.8455191], [140.367496, 36.8501827], [140.3693254, 36.8533295], [140.3707981, 36.855108], [140.3750971, 36.8597846], [140.3795151, 36.8646549], [140.3800791, 36.8653041], [140.3832516, 36.8687712], [140.3876604, 36.8733602], [140.3920424, 36.8767413], [140.3960977, 36.8799982], [140.398106, 36.8822228], [140.4001563, 36.8842973], [140.403775, 36.8875072], [140.4056992, 36.8892505], [140.4095311, 36.8926217], [140.4135561, 36.8962764], [140.4171261, 36.8985201], [140.4222791, 36.9006847], [140.4277246, 36.9030453], [140.4310293, 36.9040235], [140.4347719, 36.9051456], [140.4411995, 36.9070831], [140.4449834, 36.9082718], [140.447716, 36.909141], [140.4509852, 36.911731], [140.4533823, 36.9137135], [140.4568801, 36.9165051], [140.4605343, 36.916889], [140.4657966, 36.9174188], [140.4686912, 36.9177111], [140.4732991, 36.9198865], [140.4787747, 36.9232416], [140.482557, 36.9256035], [140.4860648, 36.9280311], [140.4875923, 36.9301991], [140.4895589, 36.9326119], [140.4912374, 36.935233], [140.4947223, 36.9401168], [140.4963785, 36.9421546], [140.4973449, 36.9457576], [140.4981132, 36.948784], [140.4987764, 36.9511962], [140.5000889, 36.9552566], [140.5017079, 36.9573398], [140.503455, 36.959178], [140.5054124, 36.961959], [140.5070863, 36.9640018], [140.5092812, 36.9666459], [140.5115905, 36.9693712], [140.5130801, 36.9712291], [140.5158035, 36.9748976], [140.5190804, 36.9790298], [140.5210287, 36.981021], [140.52332, 36.9840423], [140.5246625, 36.9858714], [140.5279, 36.9883752], [140.5317449, 36.9913805], [140.5345501, 36.9935347], [140.5378443, 36.9960835], [140.540284, 36.99855], [140.5420752, 37.0003875], [140.5458748, 37.004202], [140.5476934, 37.0063054], [140.5504614, 37.0096318], [140.5519447, 37.0113474], [140.5545706, 37.013759], [140.5573118, 37.0162733], [140.5594763, 37.0182415], [140.5633923, 37.0218339], [140.5666244, 37.0247709], [140.5703205, 37.0276403], [140.5735445, 37.0302441], [140.5775356, 37.0332782], [140.5821544, 37.0343809], [140.5885434, 37.0358412], [140.5906355, 37.0373742], [140.5930281, 37.0388258], [140.5956566, 37.0414164], [140.5980867, 37.0438399], [140.6010854, 37.0468756], [140.6029522, 37.0486867], [140.6045772, 37.0506245], [140.6054309, 37.0540576], [140.6087545, 37.0563595], [140.6107934, 37.0594748], [140.6126583, 37.0621271], [140.6152715, 37.0639206], [140.6175098, 37.0654412], [140.6200828, 37.0678015], [140.6219547, 37.0694647], [140.6241037, 37.0714819], [140.627573, 37.0747206], [140.6302697, 37.0773428], [140.6328962, 37.0791693], [140.6372363, 37.0821723], [140.6407477, 37.0846598], [140.6436411, 37.0874498], [140.6464502, 37.0902956], [140.6488822, 37.0924118], [140.6518115, 37.0952567], [140.654727, 37.0979663], [140.6583208, 37.1014187], [140.6627992, 37.1031903], [140.6690701, 37.1055976], [140.6731785, 37.1090291], [140.676574, 37.1119333], [140.6788938, 37.1138142], [140.682743, 37.1171006], [140.6861644, 37.1207796], [140.6884272, 37.1232369], [140.6907496, 37.1263865], [140.6932276, 37.129693], [140.6955604, 37.1329416], [140.6970679, 37.1349187], [140.7025173, 37.1386811], [140.7052462, 37.1398911], [140.7089059, 37.1424945], [140.7113845, 37.1438182], [140.7153273, 37.1436878]]}, "properties": {"kv": 500, "name": "福島幹線", "region": "tokyo", "loading": 0.0, "xfmr": false, "npts_orig": 216}}, {"type": "Feature", "geometry": {"type": "LineString", "coordinates": [[140.15242855365852, 36.52292753658537], [140.1478728, 36.5236596], [140.1435067, 36.5270458], [140.1397681, 36.5299242], [140.135777, 36.5330148], [140.132933, 36.5364451], [140.130983, 36.5386834], [140.1284434, 36.5416659], [140.1251394, 36.5455122], [140.1199632, 36.5478647], [140.1145926, 36.5502899], [140.1119947, 36.5514713], [140.1078901, 36.5542975], [140.105452, 36.5560477], [140.1028793, 36.5578459], [140.1010295, 36.5607815], [140.09908, 36.5639172], [140.0958641, 36.5678896], [140.0923803, 36.5721492], [140.0896618, 36.5754494], [140.0874084, 36.578194], [140.082647, 36.5802437], [140.0797654, 36.5815068], [140.0758895, 36.5831909], [140.0714938, 36.5850939], [140.0684319, 36.5864356], [140.0645865, 36.5892533], [140.0612549, 36.5916767], [140.0565755, 36.5929191], [140.0518435, 36.5941853], [140.0470529, 36.595561], [140.0443195, 36.5982836], [140.0402293, 36.6015439], [140.0361129, 36.6048589], [140.0324475, 36.6080594], [140.0290487, 36.6110388], [140.0246086, 36.6133517], [140.020285, 36.6155864], [140.016237, 36.6177069], [140.0143269, 36.6216754], [140.0123572, 36.6258266], [140.010058, 36.6292279], [140.0079821, 36.6323028], [140.0057744, 36.6355921], [140.0021248, 36.6385121], [139.99907, 36.6409624], [139.9958336, 36.643519], [139.9906313, 36.6448073], [139.9854589, 36.6460958], [139.980567, 36.6472784], [139.9750416, 36.6486231], [139.9694478, 36.649669], [139.9641844, 36.6505839], [139.9602421, 36.6504379], [139.9575016, 36.6507907], [139.9497141, 36.6517931], [139.9455907, 36.6545683], [139.9412788, 36.6574835], [139.9367902, 36.6590304], [139.9321492, 36.6582619], [139.9259494, 36.6572001], [139.921982, 36.656539], [139.91733393536586, 36.655270359756095]]}, "properties": {"kv": 500, "name": "新茂木線", "region": "tokyo", "loading": 0.0, "xfmr": false, "npts_orig": 63}}, {"type": "Feature", "geometry": {"type": "LineString", "coordinates": [[140.15242855365852, 36.52292753658537], [140.1533893, 36.5186007], [140.1549466, 36.5193044], [140.1569929, 36.5196238], [140.1560707, 36.5162848], [140.1550926, 36.5126188], [140.1540058, 36.5086407], [140.1511957, 36.5052389], [140.149505, 36.5031331], [140.1487497, 36.4984419], [140.1482755, 36.495286], [140.1474631, 36.4900753], [140.1475553, 36.4849631], [140.1475992, 36.4822056], [140.1476607, 36.477951], [140.1477397, 36.4732758], [140.1477836, 36.470126], [140.1478276, 36.467421], [140.1464575, 36.4638224], [140.1451972, 36.4605485], [140.1438666, 36.4570661], [140.1428567, 36.4544066], [140.141693, 36.4517822], [140.1395676, 36.4470031], [140.1377321, 36.4429231], [140.13515, 36.439984], [140.13295, 36.4375075], [140.1299595, 36.4341549], [140.127821, 36.4317524], [140.1260864, 36.429788], [140.1227886, 36.4277458], [140.1181295, 36.4248203], [140.1154245, 36.423096], [140.111525, 36.4207038], [140.1068527, 36.4177497], [140.1045607, 36.4164795], [140.0995484, 36.413719], [140.0947893, 36.4109828], [140.0894546, 36.4078819], [140.0832503, 36.4055664], [140.0783017, 36.4037172], [140.0723687, 36.4014793], [140.0693365, 36.4001729], [140.065231, 36.3983812], [140.0614538, 36.3967565], [140.0564573, 36.3936933], [140.0528668, 36.3914534], [140.0498432, 36.3895688], [140.0471812, 36.3880866], [140.0437866, 36.3862725], [140.0403661, 36.3844248], [140.0347919, 36.3818938], [140.0298445, 36.3796401], [140.0254606, 36.3776875], [140.0212275, 36.3757678], [140.0175407, 36.3740958], [140.0141689, 36.3725821], [140.0104027, 36.3701811], [140.0054323, 36.3698073], [140.002304, 36.3695605], [139.9982545, 36.3667373], [139.9944917, 36.3641159], [139.9902914, 36.361147], [139.9864111, 36.3592514], [139.9825189, 36.3573636], [139.9782814, 36.3552875], [139.9745775, 36.3534816], [139.9710285, 36.3517291], [139.9679983, 36.3497839], [139.964396, 36.3475043], [139.9613879, 36.3461291], [139.9584265, 36.3447403], [139.9557379, 36.3419032], [139.9523716, 36.338397], [139.9494996, 36.3353903], [139.9465849, 36.3323351], [139.9432858, 36.3288933], [139.9406764, 36.3261141], [139.9394716, 36.3220787], [139.93916138333333, 36.317406225]]}, "properties": {"kv": 500, "name": "新茂木~益子町変電所線", "region": "tokyo", "loading": 0.0, "xfmr": false, "npts_orig": 80}}, {"type": "Feature", "geometry": {"type": "LineString", "coordinates": [[139.91733393536586, 36.655270359756095], [139.91362306666667, 36.654787725]]}, "properties": {"kv": 500, "name": "新栃木線", "region": "tokyo", "loading": 0.0, "xfmr": false, "npts_orig": 2}}, {"type": "Feature", "geometry": {"type": "LineString", "coordinates": [[138.8029714, 36.6214355], [138.8022346, 36.6184767]]}, "properties": {"kv": 500, "name": "新吾妻線", "region": "chubu", "loading": 0.0, "xfmr": false, "npts_orig": 2}}, {"type": "Feature", "geometry": {"type": "LineString", "coordinates": [[138.06385273448277, 34.80865657586207], [138.06442233125, 34.810475331250004]]}, "properties": {"kv": 500, "name": "駿遠変電所~500 kV switching station線", "region": "chubu", "loading": 0.0, "xfmr": false, "npts_orig": 2}}, {"type": "Feature", "geometry": {"type": "LineString", "coordinates": [[138.06385273448277, 34.80865657586207], [138.0586201, 34.8095785], [138.0586043, 34.8121047], [138.0578519, 34.8140033], [138.055777, 34.8189512], [138.0537535, 34.8230179], [138.0533417, 34.827403], [138.0536743, 34.8316676], [138.0526804, 34.8353599], [138.0510173, 34.837362], [138.0482296, 34.840963], [138.0453033, 34.8443169], [138.0419849, 34.8480509], [138.039914, 34.8497765], [138.0445038, 34.8538275], [138.0481988, 34.8573728], [138.0493088, 34.8594469], [138.0490479714286, 34.86343253809524]]}, "properties": {"kv": 500, "name": "静岡変電所~駿遠変電所線", "region": "chubu", "loading": 0.0, "xfmr": false, "npts_orig": 18}}, {"type": "Feature", "geometry": {"type": "LineString", "coordinates": [[138.06385273448277, 34.80865657586207], [138.0586437, 34.8086529], [138.0566766, 34.8106685], [138.0537763, 34.8136156], [138.0523067, 34.8170697], [138.0503078, 34.8213921], [138.0489664, 34.82423], [138.0482559, 34.8281864], [138.0477098, 34.8313984], [138.0481021, 34.8356982], [138.0463842, 34.8405113], [138.0443959, 34.8433704], [138.0390142, 34.8463859], [138.0360397, 34.848022], [138.0325456, 34.8499279], [138.0272541, 34.8532739], [138.0243061, 34.8550361], [138.0189775, 34.8583253], [138.0129914, 34.8621147], [138.0101653, 34.8641029], [138.0080127, 34.8656908], [138.0041845, 34.8684185], [137.9994444, 34.8703456], [137.9953087, 34.8719725], [137.9899854, 34.8735168], [137.9865019, 34.8746347], [137.9826048, 34.8757744], [137.9802719, 34.876988], [137.9764172, 34.8786409], [137.9732624, 34.8800936], [137.967043, 34.8832383], [137.9642011, 34.8844562], [137.9595988, 34.8863786], [137.9559775, 34.886322], [137.9519107, 34.8862003], [137.947282, 34.8871354], [137.9408558, 34.8884532], [137.9392757, 34.8903885], [137.9372556, 34.8928892], [137.9349704, 34.8955159], [137.9305537, 34.9006865], [137.8891365, 34.9375828], [137.8833177, 34.9425161], [137.8805943, 34.9450716], [137.8725127, 34.9468357], [137.8693376, 34.9482876], [137.85711, 34.9525147], [137.8524444, 34.9553531], [137.8516782, 34.9604534], [137.8506892, 34.9668318], [137.8475563, 34.9705244], [137.8432648, 34.9749553], [137.8394883, 34.977663], [137.8378146, 34.9788937], [137.8333677, 34.9817043], [137.8302148, 34.9836906], [137.8214537, 34.9841451], [137.8186642, 34.9835122], [137.814201, 34.9827739], [137.8102099, 34.9839693], [137.8077208, 34.9848132], [137.8054034, 34.9865009], [137.8030001, 34.9885753], [137.7977645, 34.9914583], [137.7941596, 34.9941654], [137.7928721, 34.9965209], [137.7906834, 34.9989817], [137.7871644, 35.0028135], [137.7849757, 35.0052039], [137.7804052, 35.0110125], [137.7775513, 35.0145889], [137.775309, 35.0173655], [137.7692257, 35.020599], [137.7652239, 35.0225056], [137.7616512, 35.0243682], [137.7576815, 35.027496], [137.754656, 35.0303688], [137.7503645, 35.0326178], [137.7441417, 35.0357979], [137.7421891, 35.0390482], [137.7407514, 35.0414902], [137.7382189, 35.0451096], [137.7345716, 35.0478672], [137.7301942, 35.051117], [137.7276837, 35.0529263], [137.7228772, 35.0572825], [137.7209889, 35.0593902], [137.7171694, 35.062341], [137.7137791, 35.0647999], [137.7118479, 35.06624], [137.7082468433333, 35.07158623333333]]}, "properties": {"kv": 500, "name": "駿遠幹線", "region": "chubu", "loading": 0.0, "xfmr": false, "npts_orig": 91}}, {"type": "Feature", "geometry": {"type": "LineString", "coordinates": [[138.06442233125, 34.810475331250004], [138.0732168, 34.810639], [138.0765214, 34.8115517], [138.0800607, 34.8121073], [138.0849924, 34.8096131], [138.0879377, 34.8076785], [138.0939794, 34.8054479], [138.0965548, 34.8041488], [138.09858, 34.802226], [138.1000795, 34.7986121], [138.1007756, 34.7968811], [138.1015156, 34.7942305], [138.1038036, 34.7907811], [138.1040667, 34.7903844], [138.1064376, 34.7883373], [138.1122017, 34.786642], [138.1155852, 34.7856864], [138.1180301, 34.7839092], [138.1211042, 34.7807815], [138.1229235, 34.7790097], [138.1263935, 34.7754413], [138.1307276, 34.7733008], [138.1343077, 34.7704815], [138.1367863, 34.767924], [138.1380229, 34.7641738], [138.1396002, 34.7617501], [138.141348, 34.7596064], [138.1419809, 34.7559546], [138.1423265, 34.7539307], [138.1428864, 34.7487867], [138.143568, 34.7448424], [138.1440353, 34.7415941], [138.1445368, 34.7380016], [138.1448532, 34.734769], [138.1451404, 34.730652], [138.1454228, 34.7266709], [138.1456711, 34.7231418], [138.1460314, 34.718296], [138.1468931, 34.7156348], [138.1479641, 34.7122853], [138.1493662, 34.7081752], [138.1507683, 34.7057219], [138.1531002, 34.7014634], [138.1557438, 34.6966604], [138.1594525, 34.69251], [138.1592295, 34.6898796], [138.1602275, 34.6866731], [138.1622479, 34.6826378], [138.1645555, 34.6779738], [138.1654464, 34.6745587], [138.1663276, 34.6718922], [138.1668485, 34.6694097], [138.1658895, 34.6658781], [138.1667219, 34.6626988], [138.167238, 34.6607447], [138.1681873, 34.6572327], [138.1705095, 34.6527835], [138.1704268, 34.6504807], [138.1694628, 34.6480497], [138.1686498, 34.6448256], [138.1674181, 34.6419499], [138.1675447, 34.639094], [138.1676226, 34.6352287], [138.1717364, 34.6320762], [138.1696722, 34.6287113], [138.1706507, 34.6248277], [138.1691034, 34.6212345], [138.1644923, 34.6211979], [138.1604868, 34.6191735], [138.1559736, 34.6194333], [138.1524298, 34.6201212], [138.14662812, 34.6236885]]}, "properties": {"kv": 500, "name": "駿遠変電所~500 kV switching station線", "region": "chubu", "loading": 0.0, "xfmr": false, "npts_orig": 72}}, {"type": "Feature", "geometry": {"type": "LineString", "coordinates": [[138.14662812, 34.6236885], [138.14730474, 34.6268734]]}, "properties": {"kv": 500, "name": "500 kV switching station~上ノ原変電所線", "region": "chubu", "loading": 0.0, "xfmr": false, "npts_orig": 2}}, {"type": "Feature", "geometry": {"type": "LineString", "coordinates": [[138.14730474, 34.6268734], [138.14195616, 34.62965082]]}, "properties": {"kv": 500, "name": "中部電力パワーグリッド 500.0kV線", "region": "chubu", "loading": 0.0, "xfmr": false, "npts_orig": 2}}, {"type": "Feature", "geometry": {"type": "LineString", "coordinates": [[137.72910635, 35.16227095], [137.7289677, 35.162304]]}, "properties": {"kv": 500, "name": "下黒川変電所~静岡変電所線", "region": "chubu", "loading": 0.0, "xfmr": false, "npts_orig": 2}}, {"type": "Feature", "geometry": {"type": "LineString", "coordinates": [[137.72910635, 35.16227095], [137.7347293, 35.1592937], [137.7347293, 35.1573078], [137.7349485, 35.154202], [137.7365739, 35.150678], [137.738108, 35.1474226], [137.7403908, 35.1443911], [137.7418154, 35.1425393], [137.7420711, 35.1395375], [137.7422172, 35.1374317], [137.7401748, 35.1322125], [137.7379871, 35.1278939], [137.7357995, 35.1234054], [137.7322446, 35.1172043], [137.7293215, 35.1146898], [137.7255837, 35.1103865], [137.7249215, 35.1053682], [137.722312, 35.0988518], [137.7203145, 35.0941904], [137.7189638, 35.0929253], [137.7150642, 35.0893608], [137.7128459, 35.0850498], [137.713073, 35.0825751], [137.7131333, 35.0804522], [137.7129524, 35.0769468], [137.7115092, 35.0752268], [137.7082468433333, 35.07158623333333]]}, "properties": {"kv": 500, "name": "中部電力(株)豊根開閉所~門前変電所線", "region": "chubu", "loading": 0.0, "xfmr": false, "npts_orig": 27}}, {"type": "Feature", "geometry": {"type": "LineString", "coordinates": [[137.72910635, 35.16227095], [137.7360476, 35.1631896], [137.7379417, 35.1675909], [137.7398172, 35.1704919], [137.7407954, 35.17408], [137.7421858, 35.1779455], [137.7417762, 35.1817001], [137.7413875, 35.1854095], [137.7409302, 35.1890441], [137.7407473, 35.190838], [137.7405529, 35.1930242], [137.7399356, 35.1983867], [137.7419456, 35.2019393], [137.7454724, 35.2063077], [137.7468255, 35.2080708], [137.749227, 35.211019], [137.7514457, 35.2139671], [137.7530305, 35.2168952], [137.7542739, 35.2205004], [137.7551272, 35.223239], [137.7564072, 35.2259875], [137.7572118, 35.2291841], [137.7581627, 35.2330078], [137.7586991, 35.238275], [137.7591745, 35.2422974], [137.7593573, 35.2443285], [137.7597962, 35.2481515], [137.7602472, 35.2520539], [137.7613566, 35.2561155], [137.7627463, 35.2594601], [137.7645505, 35.2636108], [137.7635874, 35.2665371], [137.7628804, 35.2688264], [137.7639897, 35.2721008], [137.7654526, 35.2771764], [137.7663791, 35.2803709], [137.7658671, 35.2852669], [137.7654289, 35.289756], [137.7672088, 35.2921491], [137.7727988, 35.2959997], [137.7758608, 35.2994287], [137.7765195, 35.3015645], [137.7779259, 35.3069545], [137.7791899, 35.3111094], [137.7820205, 35.317385], [137.784446, 35.319415], [137.7880526, 35.3210212], [137.788116, 35.3210734], [137.7901438, 35.3227407], [137.7945242, 35.3261747], [137.8013238, 35.3286269], [137.8066863, 35.3306489], [137.8115041, 35.3324321], [137.8133308, 35.3354059], [137.8152901, 35.3373541], [137.8184153, 35.3395935], [137.8270702, 35.345737], [137.8302904, 35.3495043], [137.8338319, 35.3536655], [137.8349577, 35.3557186], [137.8339772, 35.360224], [137.834635, 35.364368], [137.8349849, 35.3666136], [137.8381429, 35.3699566], [137.8412192, 35.3722065], [137.8440602, 35.3742804], [137.846548, 35.376093], [137.8507341, 35.3800197], [137.8524896, 35.3825332], [137.8541602, 35.384956], [137.8566317, 35.3876399], [137.8607477, 35.3925171], [137.8626471, 35.3947318], [137.8660863, 35.3963494], [137.8679988, 35.3972288], [137.8714118, 35.3998697], [137.8746124, 35.4033979], [137.8778122, 35.4069633], [137.8792532, 35.4099202], [137.8801007, 35.4116593], [137.8821537, 35.415869], [137.8842558, 35.4205873], [137.8853216, 35.423001], [137.8868581, 35.4256703], [137.8896963, 35.4306634], [137.8926534, 35.433303], [137.8962198, 35.4366101], [137.8991672, 35.4393595], [137.901998, 35.4418927], [137.9037004, 35.4457157], [137.9030925, 35.4511279], [137.9026047, 35.4552085], [137.9023088, 35.4578862], [137.9020268, 35.4604112], [137.9035132, 35.4636949], [137.9046344, 35.4661877], [137.9044055, 35.468575], [137.9041466, 35.4708003], [137.9039362, 35.4728148], [137.9035987, 35.4758212], [137.9032543, 35.4788069], [137.9031017, 35.4805444], [137.9037582, 35.4842113], [137.9066686, 35.4883203], [137.9079319, 35.4900677], [137.909439, 35.4930809], [137.9111619, 35.4971639], [137.9145357, 35.5017151], [137.9161376, 35.5047438], [137.9189262, 35.5075834], [137.9211689, 35.5098454], [137.9249023, 35.5136295], [137.9269914, 35.5157158], [137.9283742, 35.5184832], [137.9294956, 35.5207635], [137.9305679, 35.5236451], [137.9337423, 35.5269896], [137.9377041, 35.5283163], [137.9398868, 35.5304681], [137.9425497, 35.5331528]]}, "properties": {"kv": 500, "name": "南信幹線", "region": "chubu", "loading": 0.0, "xfmr": false, "npts_orig": 120}}, {"type": "Feature", "geometry": {"type": "LineString", "coordinates": [[137.7082468433333, 35.07158623333333], [137.7090267, 35.0675681], [137.7072868, 35.0656408], [137.7019865, 35.0632674], [137.6957827, 35.0640587], [137.6893179, 35.0649096], [137.6849209, 35.0661372], [137.681893, 35.0669555], [137.6786408, 35.0680265], [137.6728321, 35.0700196], [137.6699235, 35.0710053], [137.6591185, 35.0728464], [137.652839, 35.0737918], [137.6472434, 35.074903], [137.6430939, 35.0757183], [137.6381329, 35.0760207], [137.6329752, 35.0763002], [137.6261947, 35.0770287], [137.6202884, 35.0760492], [137.6166516, 35.0754552], [137.6117053, 35.0765599], [137.6051621, 35.0782603], [137.5982611, 35.0787352], [137.5915035, 35.0801347], [137.5867394, 35.0808842], [137.580967, 35.0817258], [137.5740923, 35.0820279], [137.5717102, 35.0821529], [137.5647397, 35.0824945], [137.5601468, 35.0827084], [137.5565694, 35.0812879], [137.5530392, 35.0798581], [137.5479234, 35.0790598], [137.5445769, 35.0792753], [137.5395144, 35.0796392], [137.5341969, 35.0800099], [137.5307738, 35.0808591], [137.528227, 35.0814672], [137.5217959, 35.0814771], [137.5190322, 35.0814508], [137.5079936, 35.0821707], [137.5040288, 35.0819241], [137.5012411, 35.082197], [137.4921346, 35.0829629], [137.4872385, 35.0834383], [137.4846139, 35.0835824], [137.4810123, 35.0838799], [137.4784047, 35.0840612], [137.474644, 35.0838753], [137.4701732, 35.0844517], [137.4625211, 35.0854419], [137.4601636, 35.0857673], [137.4537094, 35.085408], [137.4481565, 35.0853909], [137.4441487, 35.0847215], [137.4410157, 35.0842915], [137.4370974, 35.0836778], [137.433146, 35.084274], [137.4288739, 35.0849429], [137.4251689, 35.0855065], [137.4195903, 35.0864501], [137.4169106, 35.0869166], [137.4123877, 35.08772], [137.4059606, 35.0884957], [137.4011253, 35.0892491], [137.3919877, 35.0903299], [137.388322, 35.0907198], [137.3827059, 35.091242], [137.3764415, 35.0920477], [137.3704519, 35.092658], [137.367812, 35.0928935], [137.3652669, 35.0931987], [137.3585707, 35.0928935], [137.3516553, 35.0927811], [137.3483971, 35.0927142], [137.3460783, 35.0927093], [137.3402598, 35.0926333], [137.336883, 35.0925432], [137.3322873, 35.0924502], [137.3277686, 35.0922059], [137.3252205, 35.0921153], [137.3211155, 35.092167], [137.3097444, 35.0942088], [137.3058093, 35.0942692], [137.3014868, 35.0943793], [137.2978299, 35.0953333], [137.2953675, 35.0959972], [137.2910533, 35.0970128], [137.2860687, 35.0982044], [137.2817029, 35.1006166], [137.2791396, 35.1020484], [137.2752243, 35.1042093], [137.2731669, 35.1050219], [137.2668343, 35.1073059], [137.26176081538463, 35.106377984615385]]}, "properties": {"kv": 500, "name": "東部変電所~門前変電所線", "region": "chubu", "loading": 0.0, "xfmr": false, "npts_orig": 95}}, {"type": "Feature", "geometry": {"type": "LineString", "coordinates": [[137.7289677, 35.162304], [137.7276434, 35.1544381], [137.7281548, 35.1496], [137.7310404, 35.1441643], [137.7346199, 35.140147], [137.7387874, 35.1366419], [137.7415782, 35.1340534], [137.7431853, 35.1316786], [137.7443724, 35.1273769], [137.7433131, 35.1231945], [137.7419252, 35.117757], [137.7440071, 35.1122145], [137.745596, 35.1092564], [137.7475684, 35.1054914], [137.7484999, 35.1026675], [137.7484451, 35.0994102], [137.7485364, 35.0956746], [137.749687, 35.0927458], [137.7508923, 35.0896824], [137.7519698, 35.0867982], [137.7530108, 35.083884], [137.7571566, 35.0792659], [137.7599508, 35.0763365], [137.7668542, 35.0722859], [137.7692221, 35.0689897], [137.7708356, 35.0671589], [137.7733742, 35.0645879], [137.7784464, 35.0609822], [137.7823991, 35.0590425], [137.7858508, 35.0572486], [137.7938318, 35.0543034], [137.7981236, 35.0512385], [137.8005343, 35.0495341], [137.8039313, 35.0485174], [137.8075474, 35.0473064], [137.8109623, 35.0457921], [137.8143695, 35.0442001], [137.8168445, 35.0430772], [137.8217369, 35.0407883], [137.8243014, 35.0378152], [137.8267239, 35.0350271], [137.8299242, 35.0339643], [137.8325884, 35.032398], [137.8359473, 35.030474], [137.8405029, 35.0275651], [137.8451626, 35.0236033], [137.8488115, 35.0205603], [137.8522301, 35.0176145], [137.8542961, 35.0159164], [137.8578261, 35.0138227], [137.8615271, 35.0114975], [137.8644928, 35.0087691], [137.8680805, 35.0071015], [137.8705562, 35.0059195], [137.8723611, 35.0045507], [137.8756648, 35.0020198], [137.8805804, 34.9891768], [137.8828037, 34.9822086], [137.884338, 34.9781778], [137.8857771, 34.9737427], [137.8918003, 34.9699832], [137.8961808, 34.968476], [137.9019882, 34.9667357], [137.9075222, 34.9654385], [137.9102149, 34.9642801], [137.9172237, 34.9612913], [137.921825, 34.9595648], [137.9274875, 34.9563519], [137.9303742, 34.9556476], [137.9344093, 34.9538431], [137.9378345, 34.9522593], [137.9406816, 34.9508994], [137.9465025, 34.9494129], [137.9517651, 34.9480984], [137.9552616, 34.9463262], [137.9619022, 34.94297], [137.9648387, 34.9414928], [137.9709287, 34.9381302], [137.9769597, 34.9347956], [137.9812773, 34.932422], [137.9858671, 34.9281699], [137.9899377, 34.9244084], [137.9925262, 34.9206002], [137.9950881, 34.9168446], [137.9982293, 34.9121744], [137.999075, 34.9090654], [137.9999374, 34.9057635], [138.0018974, 34.8987458], [138.0051118, 34.89249], [138.0081358, 34.8865736], [138.0084494, 34.8825403], [138.0087406, 34.87864], [138.0094014, 34.8730259], [138.0123526, 34.8671449], [138.014419, 34.8626512], [138.0212342, 34.8593703], [138.0242246, 34.8578309], [138.0303006, 34.8540765], [138.0338734, 34.8523303], [138.0387339, 34.8502412], [138.0444011, 34.8559961], [138.0475696, 34.8589271], [138.0477878, 34.8591289], [138.0490479714286, 34.86343253809524]]}, "properties": {"kv": 500, "name": "下黒川変電所~静岡変電所線", "region": "chubu", "loading": 0.0, "xfmr": false, "npts_orig": 104}}, {"type": "Feature", "geometry": {"type": "LineString", "coordinates": [[137.7289677, 35.162304], [137.7222193, 35.1661631], [137.7141619, 35.1642818], [137.7113027, 35.1620671], [137.7068612, 35.158699], [137.702151, 35.1550763], [137.7004236, 35.1537342], [137.6942948, 35.1511968], [137.6875646, 35.1492344], [137.6810098, 35.1482602], [137.6763857, 35.1473567], [137.6709456, 35.1463298], [137.6646456, 35.146021], [137.6588816, 35.1465803], [137.655958, 35.1462118], [137.6500947, 35.1463917], [137.645846, 35.1464882], [137.6375205, 35.1498349], [137.630472, 35.1523413], [137.6221725, 35.1495284], [137.6138995, 35.1481382], [137.6096736, 35.1472471], [137.6050974, 35.1485857], [137.5889132, 35.1571377], [137.5855206, 35.1593271], [137.5806919, 35.1624467], [137.5766641, 35.1653274], [137.5741723, 35.1675398], [137.5704051, 35.1707385], [137.5671374, 35.1738491], [137.5618994, 35.1778556], [137.559322, 35.1805718], [137.5525854, 35.184079], [137.5468096, 35.1871267], [137.5444256, 35.1883607], [137.5398019, 35.1918507], [137.5375183, 35.1930694], [137.533552, 35.1952163], [137.5304466, 35.1968178], [137.5276331, 35.1986238], [137.5228917, 35.2002213], [137.5191486, 35.201476], [137.5156434, 35.2017747], [137.5106223, 35.2015522], [137.5059668, 35.2010631], [137.5003619, 35.2005981], [137.4964054, 35.2008367], [137.4921717, 35.201015], [137.4887794, 35.2012776], [137.4835424, 35.2015462], [137.4786784, 35.2012896], [137.4726835, 35.2011934], [137.4653138, 35.2011914], [137.4624116, 35.200661], [137.4578197, 35.2006511], [137.4521224, 35.2000059], [137.4463484, 35.2002837], [137.4404151, 35.2016572], [137.4325262, 35.2035416], [137.4252244, 35.2052336], [137.421498, 35.2057745], [137.4171892, 35.2064197], [137.4142972, 35.2068528], [137.4081249, 35.207418], [137.4025096, 35.2081748], [137.3973357, 35.2075753], [137.392662, 35.2056659], [137.389047, 35.2051004], [137.3856864, 35.2044364], [137.3816065, 35.2036635], [137.3772645, 35.2044401], [137.3745271, 35.2051436], [137.3706687, 35.2060415], [137.3649657, 35.2066648], [137.3613011, 35.2071999], [137.356822, 35.2077333], [137.3529268, 35.2098156], [137.3477537, 35.2108076], [137.3424137, 35.2107816], [137.3387001, 35.2108237], [137.3353643, 35.2092114], [137.3303064, 35.2085761], [137.3248, 35.2082617], [137.315902, 35.2130545], [137.3125439, 35.2139709], [137.3096094, 35.2116209], [137.3061253, 35.2092264], [137.29784297142857, 35.21026628571428]]}, "properties": {"kv": 500, "name": "豊根幹線", "region": "chubu", "loading": 0.0, "xfmr": false, "npts_orig": 88}}, {"type": "Feature", "geometry": {"type": "LineString", "coordinates": [[138.0490479714286, 34.86343253809524], [138.0534023, 34.8653522], [138.0576083, 34.8658072], [138.0628895, 34.8637626], [138.0685145, 34.8614743], [138.0720526, 34.8588512], [138.0747279, 34.8567361], [138.0772026, 34.8543422], [138.081829, 34.8496765], [138.0849357, 34.8470099], [138.0882045, 34.8453439], [138.0935487, 34.8425919], [138.0968046, 34.8397973], [138.0968752, 34.839739], [138.1005586, 34.8366247]]}, "properties": {"kv": 500, "name": "上ノ原変電所~静岡変電所線", "region": "chubu", "loading": 0.0, "xfmr": false, "npts_orig": 15}}, {"type": "Feature", "geometry": {"type": "LineString", "coordinates": [[137.9425497, 35.5331528], [137.9436807, 35.5356016], [137.9453545, 35.5388391], [137.9450178, 35.5433348], [137.9448805, 35.5456756], [137.9456749, 35.5501842], [137.9451747, 35.5523227], [137.9438735, 35.5574771], [137.9438637, 35.5599692], [137.9439062, 35.5622164], [137.9444064, 35.5651923], [137.9441482, 35.570088], [137.9467248, 35.5730192], [137.9478939, 35.5766141], [137.9495667, 35.5815422], [137.9488885, 35.5861377], [137.9491574, 35.5897179], [137.9507419, 35.5917456], [137.9548448, 35.5952468], [137.9562247, 35.5983808], [137.9580715, 35.6056668], [137.956074, 35.6103182], [137.9570417, 35.617215], [137.9578688, 35.6207549], [137.9605692, 35.6249457], [137.9642634, 35.6281663], [137.9665028, 35.6317243], [137.9674263, 35.6332137], [137.9685444, 35.6349786], [137.9706955, 35.6384672], [137.9731148, 35.642944], [137.975972, 35.6482281], [137.9785384, 35.6529726], [137.9808922, 35.6548534], [137.9825268, 35.6561603], [137.984691, 35.6579108], [137.9870481, 35.6627052], [137.9891862, 35.6668327], [137.9899741, 35.6692549], [137.9915106, 35.674046], [137.9924554, 35.677201], [137.9937631, 35.6798273], [137.9963402, 35.6851785], [137.9984181, 35.6896125], [137.9979392, 35.6941049], [137.9976295, 35.6968647], [137.997218, 35.7014603], [137.9986466, 35.7059317], [137.99687445714287, 35.70997981428572]]}, "properties": {"kv": 500, "name": "南信幹線", "region": "chubu", "loading": 0.0, "xfmr": false, "npts_orig": 49}}, {"type": "Feature", "geometry": {"type": "LineString", "coordinates": [[137.9425497, 35.5331528], [137.9418657, 35.5341105], [137.9398977, 35.5338896], [137.9372999, 35.5336916], [137.9327116, 35.5327203], [137.9278079, 35.532365], [137.9217478, 35.5325859], [137.9165925, 35.5320199], [137.9125926, 35.5312125]]}, "properties": {"kv": 500, "name": "中部送電線_1117", "region": "chubu", "loading": 0.0, "xfmr": false, "npts_orig": 9}}, {"type": "Feature", "geometry": {"type": "LineString", "coordinates": [[137.99687445714287, 35.70997981428572], [138.0037183, 35.7129508], [138.0055883, 35.7145143], [138.0081514, 35.7184878], [138.010819, 35.7225461], [138.0124079, 35.7247012], [138.0155626, 35.7286901], [138.0190967, 35.7329628], [138.0223757, 35.7361499], [138.0265341, 35.7381667], [138.0310881, 35.7403824], [138.0351452, 35.7446677], [138.0363417, 35.7475652], [138.037401, 35.7504758], [138.0393167, 35.755323], [138.039964, 35.7570262], [138.0410821, 35.7599179], [138.0428246, 35.764356], [138.0454922, 35.7677302], [138.0469405, 35.7695552], [138.0493793, 35.7727382], [138.0530343, 35.7774276], [138.0566695, 35.7809608], [138.0594389, 35.783755], [138.0627412, 35.786824], [138.0631823, 35.7918156], [138.0648453, 35.7952173], [138.06793, 35.7980611], [138.0693383, 35.8001763], [138.072097, 35.8048581], [138.0742548, 35.8093022], [138.075408, 35.8118182], [138.0764814, 35.8140285], [138.0806325, 35.8185439], [138.0835591, 35.8212676], [138.0863598, 35.8244565], [138.0877357, 35.8295232], [138.0890294, 35.8344687], [138.0895865, 35.8366126], [138.0863726, 35.8408765], [138.0835186, 35.8446697], [138.0813796, 35.8475475], [138.0806959, 35.8527435], [138.079581, 35.857502], [138.0787279, 35.8594694], [138.0778027, 35.8613783], [138.0758841, 35.8656892], [138.074138, 35.8695413], [138.0748844, 35.8738886], [138.0752388, 35.8767729], [138.0759821, 35.8814512], [138.0763177, 35.8838144], [138.0762707, 35.8872473], [138.0756026, 35.8920088], [138.0749817, 35.8945469], [138.0747778, 35.8977278], [138.0752075, 35.901315], [138.0757657, 35.90619], [138.0740815, 35.9102036], [138.0722813, 35.9145751], [138.0696987, 35.9195205], [138.0682465, 35.9222718], [138.065713, 35.9270762], [138.0633375, 35.9298149], [138.0614839, 35.9316383], [138.0584418, 35.9343986], [138.0553557, 35.9384997], [138.0538471, 35.9404472], [138.0520971, 35.9427909], [138.051288, 35.9446571], [138.0504537, 35.9467645], [138.0483829, 35.9517878], [138.0469423, 35.9555366], [138.0462172, 35.9582293], [138.0455696, 35.9614245], [138.0449997, 35.9648026], [138.0437113, 35.9666404], [138.0416512, 35.9696339], [138.0388679, 35.9729994], [138.0363083, 35.9760717], [138.0330167, 35.9804572], [138.0314234, 35.9826475], [138.0291082, 35.9857168], [138.0268696, 35.9877613], [138.0235968, 35.9907449], [138.0203187, 35.993736], [138.0174251, 35.9973334], [138.0151817, 36.0001368], [138.0123559, 36.0036344], [138.0100887, 36.0052278], [138.0052124, 36.007737], [138.0036009, 36.0094294], [138.0019645, 36.0118912], [137.9997383, 36.0155039], [137.997912, 36.0194601], [137.9964477, 36.0223219], [137.9955002, 36.0246916], [137.9940416, 36.027149], [137.9928835, 36.0298414], [137.9910218, 36.0339084], [137.9889549, 36.0384237], [137.9871548, 36.0423121], [137.9870943, 36.0465118], [137.9870824, 36.0490165], [137.9870366, 36.0540649], [137.9870152, 36.0567928], [137.987856, 36.0639579]]}, "properties": {"kv": 500, "name": "信濃幹線", "region": "chubu", "loading": 0.0, "xfmr": false, "npts_orig": 107}}, {"type": "Feature", "geometry": {"type": "LineString", "coordinates": [[137.29784297142857, 35.21026628571428], [137.3049585, 35.2108512], [137.3080613, 35.2145115], [137.310229, 35.2209442], [137.3145927, 35.2244995], [137.3183046, 35.2285657], [137.3231443, 35.2328153], [137.3288792, 35.2361441], [137.3313326, 35.2396303], [137.3337926, 35.2431758], [137.3378544, 35.2467288], [137.3404866, 35.2500737], [137.3431479, 35.2529894], [137.3495706, 35.259722], [137.3533697, 35.2622501], [137.3555599, 35.2652608], [137.3609286, 35.2674929], [137.3652829, 35.2697625], [137.3699859, 35.2712161], [137.3766358, 35.2723081], [137.3827592, 35.2733013], [137.3882004, 35.2742156], [137.3929524, 35.2747001], [137.4025213, 35.2801865], [137.411815, 35.2852528], [137.4178356, 35.2890286], [137.4184991, 35.2919513], [137.4186844, 35.2952187], [137.4174529, 35.2971419], [137.4188754, 35.3016021], [137.4190695, 35.3073727], [137.4195364, 35.3119493], [137.4214105, 35.3165335], [137.4220764, 35.321484], [137.4219799, 35.325288], [137.4212944, 35.3279818], [137.4226401, 35.330646], [137.4239515, 35.3334137], [137.4243045, 35.3369979], [137.4271128, 35.3412134], [137.4285096, 35.3455751], [137.427231, 35.3509109], [137.422894, 35.3545073], [137.4229528, 35.3594591], [137.4207774, 35.3634218], [137.4196806, 35.3668355], [137.4162522, 35.3689751], [137.4137682, 35.3688395], [137.4087538, 35.3712663], [137.406931, 35.3742489], [137.4051562, 35.3768444], [137.4022889, 35.381163], [137.4025758, 35.3834026], [137.4038587, 35.386199], [137.4028966, 35.3898061], [137.4006139, 35.3930051], [137.3975262, 35.3943504], [137.3928343, 35.3969502], [137.3875021, 35.3982439], [137.3851676, 35.4011681], [137.3813345, 35.4052597], [137.3801356, 35.4077215], [137.379282, 35.4120471], [137.3773127, 35.4157438], [137.3778226, 35.4187012], [137.3769266, 35.4209182], [137.3759677, 35.4258522], [137.3723485, 35.4293551], [137.3714702, 35.4320437], [137.3702952, 35.4342642], [137.3686354, 35.4379688], [137.3669492, 35.441141], [137.3636194, 35.4414752], [137.3591579, 35.4419175], [137.3546205, 35.4433158], [137.350927, 35.4464701], [137.3470582, 35.4483084], [137.3445557, 35.4511331], [137.3418662, 35.4552739], [137.3355787, 35.456396], [137.3310247, 35.4598388], [137.3262619, 35.4611835], [137.3215812, 35.4624824], [137.3186704, 35.4670155], [137.316622, 35.4702934], [137.3114113, 35.47442], [137.3096752, 35.4772333], [137.3097492, 35.481469], [137.311299, 35.4842636], [137.3105129, 35.4872995], [137.3101221, 35.4906351], [137.3072382, 35.4925699], [137.3006186, 35.4956694], [137.2973398, 35.5001877], [137.2942448, 35.5017529], [137.2920168, 35.5028573], [137.2892632, 35.5067225], [137.2856651, 35.5077208], [137.2826464, 35.5106717], [137.2787204, 35.5146682], [137.273604, 35.5159552], [137.2683842, 35.517308], [137.2641437, 35.520456], [137.2616686, 35.5253989], [137.2572844, 35.5280822], [137.2562198, 35.5308825], [137.2515211, 35.534103], [137.2495716, 35.5376707], [137.2458118, 35.5401673], [137.2399003, 35.5416841], [137.2326816, 35.540573], [137.2293485, 35.5409568], [137.2231405, 35.5417244], [137.2183071, 35.5416988], [137.2123012, 35.5420095], [137.2056755, 35.5424079], [137.2028455, 35.5430146], [137.1970373, 35.5442537], [137.193812, 35.5449554], [137.1894278, 35.5473129], [137.1850616, 35.5497908], [137.1824832, 35.5541362], [137.179487, 35.5572352], [137.177497, 35.5600198], [137.1779642, 35.5632831], [137.1765582, 35.5685522], [137.1751909, 35.5722593], [137.1709531, 35.5753448], [137.1673922, 35.5759642], [137.1635564, 35.5793019], [137.1588956, 35.5826739], [137.1570622, 35.586063], [137.1539597, 35.5902031], [137.1520771, 35.5917512], [137.1475643, 35.5928923], [137.1435451, 35.5943544], [137.1384048, 35.5986259], [137.1383272, 35.6005638], [137.1338991, 35.6057178], [137.1299998, 35.6092148], [137.1245704, 35.6119436], [137.1205159, 35.6126945], [137.1161371, 35.6136231], [137.1102705, 35.6149129], [137.1038469, 35.616965], [137.0996938, 35.6173835], [137.0943278, 35.6221295], [137.0886516, 35.6251272], [137.0861907, 35.6277178], [137.0830953, 35.6296664], [137.0787376, 35.6295804], [137.0707627, 35.6285488], [137.0587765, 35.6326703], [137.0500375, 35.6323885], [137.0419602, 35.6311117], [137.0381924, 35.6312421], [137.0336801, 35.6313069], [137.0256439, 35.632903], [137.0198532, 35.6340821], [137.013561, 35.6353626], [137.0074432, 35.6333932], [137.0047109, 35.6342523], [136.9999045, 35.6351721], [136.9945953, 35.6360428], [136.9879571, 35.6365569], [136.9828581, 35.6353442], [136.9759902, 35.6335591], [136.971662, 35.6325127], [136.96271074642857, 35.63576854285714]]}, "properties": {"kv": 500, "name": "Gifu Substation~愛知変電所線", "region": "chubu", "loading": 0.0, "xfmr": false, "npts_orig": 169}}, {"type": "Feature", "geometry": {"type": "LineString", "coordinates": [[135.9220609, 34.8404201], [135.9254669, 34.8421645], [135.9282038, 34.8434276], [135.9320121, 34.8452901], [135.9349147, 34.8467769], [135.9389957, 34.8488472], [135.9436001, 34.850697], [135.9490918, 34.8476699], [135.9515963, 34.8462918], [135.9575799, 34.8441022], [135.9614931, 34.8426832], [135.9654917, 34.8412], [135.9702302, 34.8394481], [135.9770889, 34.8382919], [135.9821974, 34.8386656], [135.9875915, 34.8390351], [135.9934195, 34.8394836], [135.997583, 34.8391912], [136.0039215, 34.8388241], [136.0086045, 34.8386291], [136.0117122, 34.8393724], [136.0149237, 34.840096], [136.0181431, 34.8408917], [136.0225075, 34.8412878], [136.0270593, 34.8417397], [136.0325168, 34.8422734], [136.0366338, 34.8427874], [136.040679, 34.8432949], [136.0441657, 34.84375], [136.0488173, 34.8459699], [136.0528306, 34.8475086], [136.0570155, 34.8489263], [136.0610487, 34.8486709], [136.0644477, 34.8492831], [136.0687999, 34.8507616], [136.073043, 34.8521457], [136.0775257, 34.8533317], [136.0806821, 34.8568516], [136.0823024, 34.8584722], [136.0861331, 34.8599276], [136.0893674, 34.8612187], [136.0918089, 34.8621437], [136.0965293, 34.863854], [136.0990264, 34.8649049], [136.1030489, 34.8666002], [136.1067037, 34.867996], [136.1094663, 34.8692813], [136.1110646, 34.8728034], [136.1123351, 34.8756158], [136.1142021, 34.8798008], [136.1163806, 34.8847696], [136.1172713, 34.8871047], [136.1183543, 34.8899847], [136.1191131, 34.8920042], [136.1207234, 34.8963471], [136.1224782, 34.901085], [136.124377, 34.905171], [136.1263141, 34.9085777], [136.1281598, 34.9117431], [136.1295101, 34.9139566], [136.1316902, 34.9174965], [136.1342429, 34.9208944], [136.1364132, 34.9236529], [136.1396068, 34.9280286], [136.1427085, 34.9312927], [136.1448954, 34.9341451], [136.1469295, 34.9366431], [136.1489392, 34.939322], [136.1511863, 34.9408429], [136.1543379, 34.9430419], [136.1571254, 34.9451908], [136.1590718, 34.9466851], [136.1620001, 34.9489288], [136.1649535, 34.9512088], [136.167602, 34.9529449], [136.1724497, 34.9546177], [136.1751485, 34.9564058], [136.1787963, 34.9588327], [136.1815952, 34.9619289], [136.1836262, 34.9632534], [136.1886957, 34.9659029], [136.1922799, 34.967773], [136.197795, 34.9695403], [136.2029282, 34.971178], [136.2058488, 34.9721043], [136.2101313, 34.9734732], [136.2131753, 34.9744406], [136.2168193, 34.9756008], [136.2197399, 34.9765508], [136.2229299, 34.9775661], [136.2275196, 34.9790364], [136.2307411, 34.9809315], [136.2341709, 34.9829688], [136.2370797, 34.9846789], [136.2400502, 34.9864365], [136.2436836, 34.9885804], [136.248957, 34.9917049], [136.2539058, 34.9946237], [136.2585435, 34.9964853], [136.262143, 34.9979422], [136.2635489, 35.0004526], [136.2657535, 35.0043841], [136.2688021, 35.0053411], [136.2748354, 35.0047044], [136.2785447, 35.0040455], [136.2827861, 35.0032701], [136.285188, 35.0069809], [136.2870515, 35.0111353], [136.2888704, 35.0152088], [136.290751, 35.0186945], [136.2922247, 35.0213474], [136.2942056, 35.0250127], [136.295383, 35.0290849], [136.296022, 35.0311654], [136.2971077, 35.0350849], [136.2983229, 35.0393482], [136.2991094, 35.0419429], [136.301658, 35.0453688], [136.3041861, 35.0486624], [136.3040199, 35.0508765], [136.30375, 35.0542959], [136.3034467, 35.0585127], [136.3030936, 35.0622446], [136.3028651, 35.0656292], [136.3052543, 35.0694658], [136.3073475, 35.0726978], [136.3084812, 35.074459], [136.3064262, 35.0790335], [136.3061401, 35.0829686], [136.3053077, 35.0850889], [136.3052018, 35.0902464], [136.3034698, 35.0922905], [136.2999449, 35.0910461], [136.2955022, 35.091354], [136.29347133157893, 35.09528761578947]]}, "properties": {"kv": 500, "name": "南近江線", "region": "chubu", "loading": 0.0, "xfmr": false, "npts_orig": 135}}, {"type": "Feature", "geometry": {"type": "LineString", "coordinates": [[136.29347133157893, 35.09528761578947], [136.2887039, 35.0921309], [136.2860114, 35.0910099], [136.2827706, 35.0896868], [136.2767642, 35.0872342], [136.2740517, 35.086137], [136.2710968, 35.0839928], [136.2678136, 35.0816162], [136.2643714, 35.0799096], [136.2613373, 35.0784003], [136.2579031, 35.076698], [136.2540343, 35.0748004], [136.2499561, 35.0727922], [136.2452808, 35.0705068], [136.2420267, 35.0689025], [136.2369351, 35.0663138], [136.2342887, 35.065021], [136.2289571, 35.0624262], [136.2256517, 35.0607913], [136.2211999, 35.0585734], [136.2176776, 35.0568117], [136.2154654, 35.05411], [136.2130278, 35.0510703], [136.2103738, 35.047764], [136.2080782, 35.044894], [136.2056367, 35.041851], [136.2035519, 35.0392289], [136.2009144, 35.035894], [136.198045, 35.0351406], [136.1944748, 35.0341872], [136.1916426, 35.0317973], [136.1879578, 35.0287169], [136.1842252, 35.0255062], [136.1805511, 35.0214972], [136.1781343, 35.0188931], [136.1749496, 35.0153832], [136.1727521, 35.0129151], [136.1707637, 35.0107329], [136.1691782, 35.0089809], [136.1668468, 35.0064795], [136.1641111, 35.0035138], [136.1606412, 34.9997122], [136.1567448, 34.9955272], [136.1535702, 34.9920874], [136.1505215, 34.9887598], [136.1480383, 34.9857034], [136.1460256, 34.9832185], [136.1431405, 34.9797219], [136.1410689, 34.9771517], [136.1392824, 34.974955], [136.136156, 34.971144], [136.1327939, 34.9669996], [136.129757, 34.9633181], [136.1270047, 34.9598831], [136.125438, 34.9579264], [136.1235356, 34.9553143], [136.1218762, 34.9529079], [136.1192873, 34.9496965], [136.1178184, 34.947812], [136.1160748, 34.945524], [136.1141814, 34.9430392], [136.1111757, 34.9409357], [136.1076897, 34.9387249], [136.1040805, 34.9365141], [136.1008181, 34.9350697], [136.0958468, 34.932969], [136.0929815, 34.93172], [136.0902182, 34.9305298], [136.0863478, 34.9288526], [136.0816628, 34.9291679], [136.0776255, 34.929392], [136.0745278, 34.9287876], [136.0684106, 34.9275027], [136.0644129, 34.9249458], [136.0612563, 34.9232453], [136.0583336, 34.9216455], [136.0554484, 34.9200215], [136.0510142, 34.9174497], [136.0469491, 34.9149176], [136.0433429, 34.9126322], [136.039864, 34.9103872], [136.0374788, 34.9088888], [136.0338984, 34.9067815], [136.0300856, 34.9045958], [136.0261898, 34.9022852], [136.0240972, 34.9011149], [136.0195832, 34.8998743], [136.0138917, 34.8983709], [136.0077131, 34.896744], [136.0033851, 34.8954519], [136.0004799, 34.8946971], [135.9970762, 34.8937485], [135.9949493, 34.8931558], [135.9922618, 34.8922057], [135.9895889, 34.8912208], [135.9873878, 34.890445], [135.9834169, 34.8890585], [135.9804092, 34.8880987], [135.9743915, 34.8861681], [135.970544, 34.8849328], [135.966417, 34.8837615], [135.9633132, 34.8829478], [135.9611194, 34.8823167], [135.9553876, 34.8807098], [135.9499919, 34.8784441], [135.9474846, 34.8777004], [135.9427379, 34.8762035], [135.9393907, 34.8751355], [135.9340558, 34.8734774], [135.9317954, 34.8727826], [135.9293506, 34.8719839], [135.9272444, 34.8713173], [135.9221533, 34.8700725], [135.9183143, 34.8691364], [135.9132588, 34.8679361], [135.9072944, 34.8665], [135.9039503, 34.8657106], [135.9007803, 34.8663368]]}, "properties": {"kv": 500, "name": "山城東線", "region": "chubu", "loading": 0.0, "xfmr": false, "npts_orig": 118}}, {"type": "Feature", "geometry": {"type": "LineString", "coordinates": [[136.29347133157893, 35.09528761578947], [136.2974108, 35.1013701], [136.2985137, 35.1034472], [136.3161582, 35.1174097], [136.3238016, 35.1239866], [136.3310123, 35.130119], [136.3341282, 35.1325323], [136.3380183, 35.1354536], [136.340461, 35.1372956], [136.3429856, 35.1392567], [136.3476941, 35.1427744], [136.3509808, 35.145224], [136.354622, 35.1491398], [136.3557318, 35.1503269], [136.3598243, 35.1545946], [136.3635051, 35.1592776], [136.365186, 35.1614299], [136.3665805, 35.1632528], [136.3688096, 35.1672742], [136.3715903, 35.1705881], [136.3733345, 35.172887], [136.3757643, 35.1761815], [136.3808152, 35.1831647], [136.3839701, 35.1885689], [136.3875747, 35.1909726], [136.3929079, 35.194614], [136.3967451, 35.1972143], [136.4015977, 35.1981295], [136.4078515, 35.1994265], [136.4122427, 35.2003113], [136.4143224, 35.2006891], [136.4183949, 35.2008865], [136.4220096, 35.2014571], [136.4253996, 35.2018892], [136.4300688, 35.202351], [136.434191, 35.2027307], [136.4398724, 35.20286], [136.443304, 35.2032301], [136.4468129, 35.2036814], [136.45125723076924, 35.20325022307692]]}, "properties": {"kv": 500, "name": "東近江開閉所~三重開閉所線", "region": "chubu", "loading": 0.0, "xfmr": false, "npts_orig": 40}}, {"type": "Feature", "geometry": {"type": "LineString", "coordinates": [[136.29347133157893, 35.09528761578947], [136.2965368, 35.0979617], [136.2976482, 35.0996956], [136.3040362, 35.1012016], [136.30543, 35.1050561], [136.3064375, 35.1077278], [136.3077372, 35.1111381], [136.3093049, 35.1138878], [136.3083952, 35.1182012], [136.3088426, 35.1233447], [136.3101185, 35.1261533], [136.3130192, 35.1331592], [136.315739, 35.1385194], [136.3192755, 35.1454097], [136.3209367, 35.1503518], [136.3224157, 35.1545843], [136.3235018, 35.157771], [136.3242877, 35.1599699], [136.3238239, 35.164547], [136.3237068, 35.1681643], [136.3237068, 35.1708995], [136.3249564, 35.1804393], [136.3260156, 35.182881], [136.328095, 35.1876303], [136.3287369, 35.1919546], [136.3294715, 35.1964781], [136.3290371, 35.2015917], [136.3286149, 35.2066191], [136.3280544, 35.2105114], [136.3278925, 35.2142146], [136.3281536, 35.2165476], [136.3286808, 35.2209839], [136.3304553, 35.2231461], [136.3315791, 35.2266174], [136.3307271, 35.2316622], [136.3302182, 35.23698], [136.3302909, 35.2404282], [136.3302439, 35.2449889], [136.3277357, 35.2506645], [136.3259209, 35.2542491], [136.3244522, 35.2594265], [136.323589, 35.2624096], [136.322847, 35.2671716], [136.3222401, 35.2724914], [136.321787, 35.2759884], [136.3207961, 35.2794517], [136.3193029, 35.2847064], [136.3180585, 35.2891437], [136.3196206, 35.2918541], [136.3217947, 35.2941835], [136.3258897, 35.2985544], [136.3286665, 35.3012989], [136.3302411, 35.3028671], [136.3332079, 35.3057747], [136.3376343, 35.310049], [136.3408411, 35.3120676], [136.3457348, 35.3151852], [136.349092, 35.316881], [136.3519658, 35.3183336], [136.3557662, 35.3204414], [136.358829, 35.3221459], [136.3637856, 35.325607], [136.3667133, 35.3275099], [136.3682311, 35.3299328], [136.3696425, 35.332186], [136.3714606, 35.3364789], [136.373405, 35.3398383], [136.375039, 35.3425753], [136.3778304, 35.3459665], [136.379699, 35.3480464], [136.3814082, 35.3498888], [136.3829131, 35.3515112], [136.385609, 35.3543767], [136.3882653, 35.357019], [136.3916826, 35.3603608], [136.3945383, 35.3642155], [136.3963964, 35.3662555], [136.3972006, 35.3689329], [136.4038769, 35.3722724], [136.4110398, 35.3759169], [136.4105649, 35.3797489], [136.4101755, 35.3828903], [136.4064371, 35.3857795], [136.4045318, 35.3909776], [136.4036777, 35.3933329], [136.4017948, 35.3984569], [136.4003817, 35.4035551], [136.3997885, 35.4055698], [136.395662, 35.4076832], [136.391593, 35.407164], [136.3856197, 35.4061646], [136.3802492, 35.4075436], [136.3780708, 35.4099221], [136.3763377, 35.4132774], [136.3719536, 35.4159571], [136.3692547, 35.4190498], [136.3678298, 35.4207246], [136.3655419, 35.4231361], [136.3626237, 35.4277468], [136.3604865, 35.4307833], [136.358541, 35.4338196], [136.3564586, 35.4371349], [136.3551297, 35.4393115], [136.3538418, 35.44141], [136.3528965, 35.4437204], [136.3517183, 35.4469014], [136.3509785, 35.448888], [136.3494714, 35.4514996], [136.3478822, 35.454457], [136.3456764, 35.4585414], [136.3433063, 35.4627819], [136.3405662, 35.46546], [136.3382235, 35.4676024], [136.3338394, 35.4715969], [136.3319487, 35.4731924], [136.3287429, 35.4765507], [136.326222, 35.4809687], [136.325126, 35.4828875], [136.322427, 35.4877403], [136.3180018, 35.4913545], [136.3137547, 35.4946897], [136.3099323, 35.4975675], [136.3050139, 35.5000102], [136.3025753, 35.5011367], [136.2990406, 35.5026535], [136.2932591, 35.5067132], [136.2882996, 35.5095794], [136.2834497, 35.5121667], [136.2813535, 35.5132819], [136.2769283, 35.5158802], [136.2726401, 35.5185788], [136.2674477, 35.5219018], [136.2624608, 35.5251911], [136.2599262, 35.5266741], [136.2544324, 35.5296065], [136.2489112, 35.5325833], [136.2452669, 35.534055], [136.2432393, 35.5348912], [136.2385812, 35.5372993], [136.2337586, 35.5393617], [136.231046, 35.5405768], [136.2276072, 35.5421152], [136.224689, 35.5432746], [136.2210448, 35.5443671], [136.2166059, 35.5455041], [136.2105503, 35.5470759], [136.2069197, 35.5480679], [136.2038098, 35.5470145], [136.1986174, 35.5466021], [136.1956581, 35.5443949], [136.1917063, 35.5428905], [136.1873763, 35.5417641], [136.1846088, 35.5402926], [136.1826839, 35.5392781], [136.179067, 35.5371655], [136.1758817, 35.5353037], [136.172758, 35.5352145], [136.1658805, 35.5349803], [136.1632637, 35.5348744], [136.1583111, 35.5345846], [136.1555162, 35.5344062], [136.1500224, 35.5324272], [136.1467617, 35.5286699], [136.1441389, 35.5256407], [136.1416446, 35.5237249], [136.1381442, 35.5212439], [136.1356097, 35.51985], [136.1313215, 35.5185231], [136.1277731, 35.5180157], [136.1231861, 35.5173488], [136.1188542, 35.5167333], [136.1156004, 35.5162984], [136.1105518, 35.5156182], [136.1074898, 35.5162761], [136.1045237, 35.5155847], [136.1005506, 35.5145253], [136.0958651, 35.5133042], [136.0942279, 35.5129306], [136.0889875, 35.5120998], [136.0854186, 35.5108229], [136.0819798, 35.5098471], [136.078267, 35.5087765], [136.0736021, 35.5085032], [136.0690673, 35.5081909], [136.0660943, 35.5080738], [136.0635118, 35.5080738], [136.0575179, 35.5079623], [136.0542983, 35.5079177], [136.0508596, 35.5079344], [136.047825, 35.5079735], [136.0416872, 35.5083917], [136.0368262, 35.5102585], [136.0339191, 35.5113749], [136.028302, 35.5143859], [136.0240549, 35.5160865], [136.0224931, 35.517999], [136.0198352, 35.5191252], [136.0167253, 35.5200898], [136.0111013, 35.5219519], [136.0077516, 35.5248399], [136.0034428, 35.5288594], [136.0017885, 35.5295646], [135.9978257, 35.5313402], [135.9949692, 35.5326168], [135.9887218, 35.5337484]]}, "properties": {"kv": 500, "name": "西浅井町塩津浜変電所~東近江開閉所線", "region": "chubu", "loading": 0.0, "xfmr": false, "npts_orig": 205}}, {"type": "Feature", "geometry": {"type": "LineString", "coordinates": [[136.51443443333332, 35.192789966666666], [136.5096231, 35.1940078], [136.5050807, 35.1969387], [136.4999144, 35.2002779], [136.4946527, 35.2034027], [136.4898954, 35.2049353], [136.4862242, 35.205496], [136.4809819, 35.2050976], [136.4766864, 35.2040984], [136.472703, 35.2034512], [136.467809, 35.2026164], [136.4632065, 35.2018133], [136.4607788, 35.2016699], [136.4566788, 35.2014476], [136.45125723076924, 35.20325022307692]]}, "properties": {"kv": 500, "name": "三重開閉所~西部変電所線", "region": "chubu", "loading": 0.0, "xfmr": false, "npts_orig": 15}}, {"type": "Feature", "geometry": {"type": "LineString", "coordinates": [[136.51443443333332, 35.192789966666666], [136.510256, 35.1957853], [136.5090478, 35.1995728], [136.5072077, 35.2053482], [136.5060433, 35.2090335], [136.5056175, 35.2131113], [136.5053621, 35.2163524], [136.505201, 35.2185978], [136.5034091, 35.2222266], [136.5022892, 35.2245163], [136.5070991, 35.2296035], [136.5064949, 35.2360577], [136.5011042, 35.2381644], [136.5003053, 35.2420474], [136.4988314, 35.2469911], [136.4979919, 35.2496613], [136.4970704, 35.2527644], [136.4963192, 35.2546741], [136.4953314, 35.257058], [136.4943348, 35.2628472], [136.4932949, 35.2689327], [136.4922313, 35.2742782], [136.4914832, 35.2776925], [136.4918954, 35.2809456], [136.4924076, 35.2860173], [136.4928068, 35.2888546], [136.4930861, 35.2908336], [136.4932087, 35.2960987], [136.4942255, 35.2991642], [136.4950042, 35.3017398], [136.4960682, 35.3051049], [136.4960273, 35.3094324], [136.4960043, 35.3123137], [136.4969019, 35.3178694], [136.4981805, 35.3209438], [136.4983015, 35.3231205], [136.4986726, 35.3261588], [136.4990241, 35.3291624], [136.4995222, 35.3332627], [136.5009477, 35.3365697], [136.500904, 35.3387335], [136.5009026, 35.3388031], [136.5008298, 35.3424133], [136.4994264, 35.346475], [136.4973321, 35.3521868], [136.496091, 35.3553614], [136.493801, 35.3589033], [136.4909977, 35.3630599], [136.4898488, 35.3665728], [136.4886652, 35.3692552], [136.4874217, 35.3721363], [136.4859053, 35.3761672], [136.4858756, 35.380486], [136.4860072, 35.3859485], [136.4860684, 35.3909429], [136.4867489, 35.3955963], [136.4869474, 35.3979143], [136.4877737, 35.4010754], [136.4918437, 35.4063982], [136.4937631, 35.4124637], [136.4957907, 35.4165099], [136.497328, 35.4198317], [136.5005652, 35.424714], [136.5042494, 35.4287111], [136.5057622, 35.4315947], [136.5102965, 35.4352271], [136.5141354, 35.4394984], [136.5155292, 35.4414843], [136.5162212, 35.4458407], [136.5167851, 35.4495704], [136.5172968, 35.4533293], [136.5172524, 35.4561479], [136.5177169, 35.4596696], [136.5178416, 35.463381], [136.5174978, 35.4688207], [136.5182498, 35.474953], [136.5179598, 35.4798808], [136.5180492, 35.4817521], [136.5180683, 35.4856948], [136.5173279, 35.4956637], [136.5188184, 35.4979271], [136.5198788, 35.4994868], [136.5214542, 35.5043737], [136.5227644, 35.5085062], [136.523992, 35.5125195], [136.5267205, 35.5142917], [136.530459, 35.5166236], [136.5313782, 35.5172663], [136.5357918, 35.5219039], [136.5384312, 35.5234849], [136.5428785, 35.5244145], [136.5469296, 35.5242241], [136.5513412, 35.5258076], [136.5546795, 35.5270216], [136.5581884, 35.5282759], [136.5631069, 35.5297613], [136.5653063, 35.5303725], [136.5677096, 35.5310884], [136.57228, 35.532529], [136.5758849, 35.5342665], [136.5808309, 35.5366936], [136.5832127, 35.5377325], [136.5872038, 35.5394611], [136.5904547, 35.5409191], [136.595862, 35.5420365], [136.6019019, 35.5438811], [136.6056241, 35.5450757], [136.6117281, 35.5458834], [136.6153401, 35.5463713], [136.6206956, 35.546287], [136.6236976, 35.5464656], [136.6282954, 35.5466723], [136.6325706, 35.5476042], [136.6358814, 35.5484195], [136.6381861, 35.5500187], [136.6414114, 35.5493155], [136.6458824, 35.5483493], [136.6503031, 35.5508401], [136.6538011, 35.5521924], [136.6559521, 35.5529967], [136.661122, 35.5542228], [136.6683288, 35.5559817], [136.6713252, 35.5567039], [136.6736065, 35.5569779], [136.6769309, 35.5575047], [136.6797925, 35.5585643], [136.6843294, 35.5618319], [136.6885953, 35.564931], [136.6930032, 35.5678898], [136.6956467, 35.5689876], [136.6990712, 35.5727465], [136.7002092, 35.5743756], [136.7024981, 35.5775659], [136.7055971, 35.5795452], [136.712522, 35.5800106], [136.718264, 35.5800575]]}, "properties": {"kv": 500, "name": "西部幹線", "region": "chubu", "loading": 0.0, "xfmr": false, "npts_orig": 136}}, {"type": "Feature", "geometry": {"type": "LineString", "coordinates": [[136.8347629, 35.6053383], [136.8346207, 35.6054505], [136.8327497, 35.6050697], [136.8297353, 35.6055604], [136.8213478, 35.6021868], [136.8148151, 35.6016325], [136.8057139, 35.5999714], [136.7922438, 35.5964592], [136.7683297, 35.5897466], [136.7669372, 35.5897811], [136.7638848, 35.5896238], [136.7581587, 35.5904683], [136.7499133, 35.5905002], [136.7460162, 35.5901565], [136.7437562, 35.5888714], [136.7409398, 35.5870438], [136.7285931, 35.5758026], [136.7224858, 35.5709104], [136.720125, 35.5708191], [136.7160307, 35.5692367], [136.7114773, 35.5648156], [136.7045574, 35.5628893], [136.7022029, 35.5607695], [136.6964669, 35.5580302], [136.6924688, 35.5566978], [136.686589, 35.5554305], [136.6790887, 35.5555205], [136.6746525, 35.5556181], [136.6694057, 35.5545291], [136.6679374, 35.554215], [136.662299, 35.5531605], [136.6585761, 35.5524491], [136.6550839, 35.5505767], [136.6523373, 35.5490884], [136.6510016, 35.5483726], [136.6485769, 35.5470501], [136.64406, 35.5486127], [136.6417058, 35.5518758], [136.6399665, 35.5521293], [136.637536, 35.5515482], [136.634838, 35.5507683]]}, "properties": {"kv": 500, "name": "揖斐洞戸幹線", "region": "chubu", "loading": 0.0, "xfmr": false, "npts_orig": 41}}, {"type": "Feature", "geometry": {"type": "LineString", "coordinates": [[136.634838, 35.5507683], [136.6336861, 35.5493635], [136.6317552, 35.5456581], [136.6307589, 35.5440706], [136.6301054, 35.5429613], [136.6286449, 35.5405178], [136.6275825, 35.5387635], [136.6265648, 35.5370236], [136.6257196, 35.5354637], [136.6244774, 35.5335274], [136.6226697, 35.5305353], [136.6206999, 35.5273257], [136.6189886, 35.5236933], [136.6172661, 35.520004], [136.6161298, 35.5179955], [136.6150973, 35.5161793], [136.6142196, 35.5146814], [136.6127122, 35.5120834], [136.6118381, 35.5105291], [136.6104645, 35.5080485], [136.6092522, 35.5058651], [136.6092625, 35.5049705], [136.6086491, 35.5023584], [136.6082812, 35.5009827], [136.6078253, 35.4989694], [136.6075141, 35.4975675], [136.6071493, 35.496017], [136.6065914, 35.4952309], [136.6026701, 35.4923788], [136.6008408, 35.4912607], [136.5985587, 35.4899231], [136.5975016, 35.4892998], [136.5953588, 35.4872951], [136.5928653, 35.4850098], [136.5902848, 35.482637], [136.5886408, 35.4811212], [136.587481, 35.4800422], [136.5865126, 35.4791757], [136.5843756, 35.4772537], [136.5828413, 35.4757964], [136.5786414, 35.4719286], [136.5774098, 35.4707887], [136.5762849, 35.4694774], [136.5751995, 35.4681947], [136.5741217, 35.4669098], [136.5729984, 35.4655735], [136.56977824444445, 35.46282957777778]]}, "properties": {"kv": 500, "name": "山県市変電所~揖斐変電所線", "region": "chubu", "loading": 0.0, "xfmr": false, "npts_orig": 47}}, {"type": "Feature", "geometry": {"type": "LineString", "coordinates": [[136.634838, 35.5507683], [136.6356479, 35.5522159], [136.6367248, 35.5540825], [136.6371536, 35.5571336], [136.6373001, 35.5587178], [136.6374794, 35.5600361], [136.6375972, 35.5613314], [136.6375274, 35.5632093], [136.6373194, 35.5652475], [136.6372532, 35.5662335], [136.6370485, 35.5689576], [136.6373548, 35.5699892], [136.6379406, 35.5722032], [136.6385288, 35.5743134], [136.6389575, 35.5752932], [136.6401616, 35.5766484], [136.6404055, 35.5769754], [136.6418333, 35.5777855], [136.6401493, 35.5792486], [136.6380424, 35.58199], [136.6368389, 35.5847818], [136.6359816, 35.5868569], [136.6355195, 35.588064], [136.6349323, 35.5893481], [136.6341533, 35.5911073], [136.6338354, 35.5918063], [136.6318251, 35.5934754], [136.6304991, 35.5953145], [136.6295169, 35.5969092], [136.6266525, 35.6006372], [136.6265707, 35.6035388], [136.6260599, 35.6061349], [136.6252213, 35.608093], [136.6249278, 35.609441], [136.62193, 35.6123925], [136.6207124, 35.6144433], [136.6189519, 35.6167611], [136.6173569, 35.619049], [136.6173942, 35.6213314], [136.6175383, 35.6240287], [136.61688, 35.6271148], [136.6157021, 35.6297106], [136.6146614, 35.6319994], [136.6141515, 35.6328711], [136.6091382, 35.6365873], [136.6031547, 35.6390837], [136.5985562, 35.6442622], [136.5966594, 35.646171], [136.5950692, 35.6476883], [136.5938682, 35.6488352], [136.5926995, 35.6498069], [136.5903842, 35.651378], [136.5857906, 35.6554103], [136.5822828, 35.6627553], [136.579193, 35.6685151], [136.5757491, 35.6737616], [136.5743459, 35.6762444], [136.575413, 35.6769292], [136.5775349, 35.6824784], [136.580555, 35.686503], [136.5844457, 35.6872368], [136.5899482, 35.6927493], [136.5938687, 35.6937044], [136.599159, 35.6944002], [136.6014698, 35.6961428], [136.6030972, 35.6967906], [136.6088928, 35.6984985], [136.612712, 35.700524], [136.6149171, 35.7011222], [136.6173831, 35.7047592], [136.6188175, 35.7064031], [136.6238776, 35.7077112], [136.6256333, 35.7073614], [136.6293904, 35.7085059], [136.6322159, 35.7082164], [136.6375175, 35.7084971], [136.6400418, 35.7103179], [136.6422974, 35.7117896], [136.648106, 35.7151536], [136.6505596, 35.717158], [136.6524133, 35.7181602], [136.6575915, 35.7224707], [136.6606957, 35.7245551]]}, "properties": {"kv": 500, "name": "山県市変電所~本巣市変電所線", "region": "chubu", "loading": 0.0, "xfmr": false, "npts_orig": 83}}, {"type": "Feature", "geometry": {"type": "LineString", "coordinates": [[137.26176081538463, 35.106377984615385], [137.2664474, 35.1067029], [137.2710732, 35.1021091], [137.2741133, 35.0978365], [137.2770151, 35.0936882], [137.2805643, 35.0894953], [137.2837105, 35.0866003], [137.2874987, 35.0830743], [137.2904389, 35.0811763], [137.2937324, 35.0789742], [137.2966454, 35.077024], [137.2999351, 35.0748287], [137.3038609, 35.0723834], [137.3068133, 35.0692913], [137.3087762, 35.0666777], [137.3116001, 35.0628648], [137.3126114, 35.0607547], [137.3136723, 35.0586968], [137.3161428, 35.0537054], [137.3301369, 35.0460389], [137.3334451, 35.0429774], [137.3356105, 35.0411093], [137.3374071, 35.0395917], [137.3418574, 35.0358324], [137.3474569, 35.0304675], [137.3492114, 35.0287565], [137.3517187, 35.0261527], [137.3536586, 35.0227443], [137.3562217, 35.0179532], [137.3589769, 35.0134032], [137.3622937, 35.0091182], [137.3649814, 35.0057519], [137.3669822, 35.0034024], [137.3692224, 35.0007716], [137.3706676, 34.9990738], [137.371987, 34.9973567], [137.3729949, 34.9960449], [137.3741236, 34.9931321], [137.3741534, 34.9930248], [137.3742006, 34.9929335], [137.3743952, 34.9924312], [137.3768325, 34.9899073], [137.3799099, 34.986654], [137.381527, 34.9849631], [137.383941, 34.9823844], [137.3856547, 34.9805458], [137.3894457, 34.976489], [137.3930633, 34.9726122], [137.3960773, 34.9689593], [137.3976277, 34.966451], [137.4002884, 34.9622131], [137.4023156, 34.9604015], [137.4040927, 34.9588412], [137.407917, 34.9554609], [137.4118509, 34.9519783], [137.4119113, 34.9519248], [137.4141886, 34.9492848], [137.415939, 34.9472406], [137.4165269, 34.9445925], [137.417292, 34.9411104], [137.4185838, 34.9377429], [137.4227144, 34.935865], [137.4277471, 34.9335323], [137.4321249, 34.9300635], [137.4339354, 34.9286366], [137.4379764, 34.9248697], [137.43911, 34.923224], [137.4420763, 34.9188498], [137.4436767, 34.9164445], [137.4441546, 34.9112356], [137.4445981, 34.9068991], [137.4465886, 34.9034319], [137.4499427, 34.899538], [137.4525467, 34.8965026], [137.45234032222223, 34.89079697777778]]}, "properties": {"kv": 500, "name": "新三河幹線", "region": "chubu", "loading": 0.0, "xfmr": false, "npts_orig": 75}}, {"type": "Feature", "geometry": {"type": "LineString", "coordinates": [[137.26176081538463, 35.106377984615385], [137.2631627, 35.1109459], [137.2643111, 35.1145584], [137.2664802, 35.1183149], [137.2690673, 35.1224438], [137.2696829, 35.124808], [137.2708531, 35.1291494], [137.2712055, 35.131302], [137.2720974, 35.1365035], [137.2727732, 35.1405031], [137.2744942, 35.1447772], [137.275701, 35.1477966], [137.2766112, 35.1510911], [137.2784931, 35.1547974], [137.2799503, 35.1577256], [137.2816856, 35.1611501], [137.2825504, 35.1641029], [137.2838887, 35.168725], [137.284132, 35.17094], [137.2841373, 35.1728826], [137.2845389, 35.1774831], [137.2850177, 35.1823626], [137.2846646, 35.1845712], [137.283871, 35.1898695], [137.2831955, 35.1955895], [137.2825607, 35.1992923], [137.283178, 35.2042662], [137.2841527, 35.208532], [137.2852695, 35.2130455], [137.2843529, 35.2165035], [137.2817175, 35.2188784], [137.2815131, 35.222852], [137.2815299, 35.2258386], [137.2815249, 35.2310417], [137.2815501, 35.2342532], [137.281608, 35.2382685], [137.2825047, 35.2407181], [137.2835691, 35.2435872], [137.2852581, 35.2479499], [137.2862756, 35.2504919], [137.2871118, 35.2537981], [137.2881189, 35.2575477], [137.2890844, 35.2611309], [137.2887263, 35.2639451], [137.2884473, 35.2671874], [137.2879565, 35.272096], [137.2876427, 35.2757726], [137.2870879, 35.2812549], [137.2856605, 35.2839152], [137.2832331, 35.2881501], [137.2805697, 35.2927772], [137.2777024, 35.29796], [137.2782831, 35.3007423], [137.2792178, 35.3052144], [137.2801901, 35.3097333], [137.2809023, 35.3130766], [137.2813723, 35.3151974], [137.284715, 35.3192397], [137.2866315, 35.3215639], [137.2894451, 35.3249166], [137.293998, 35.3303395], [137.2958904, 35.3338972], [137.2973764, 35.3372384], [137.3001042, 35.3401309], [137.30225, 35.3424108], [137.3042214, 35.3445374], [137.3071115, 35.3475937], [137.3078028, 35.3500134], [137.3093471, 35.3558248], [137.3101826, 35.3603911], [137.3133617, 35.3635295], [137.3157871, 35.3645887], [137.3180455, 35.367536], [137.3197299, 35.3697724], [137.3206258, 35.3725632], [137.3215176, 35.3753932], [137.324411, 35.3793046], [137.3267063, 35.3816304], [137.3288602, 35.3852353], [137.3281789, 35.3891046], [137.3275995, 35.3924621], [137.3270161, 35.3967192], [137.3263013, 35.4024672], [137.3259023, 35.4059233], [137.3261484, 35.4117255], [137.3263, 35.4150482], [137.3253726, 35.4194172], [137.3214076, 35.4234527], [137.3200263, 35.4248362], [137.3180227, 35.4268339], [137.3122948, 35.4295757], [137.3080355, 35.4316399], [137.3050556, 35.4329916], [137.3014869, 35.4346646], [137.2976312, 35.4365145], [137.2936736, 35.4384146], [137.2903986, 35.4399629], [137.2856679, 35.4411943], [137.2815621, 35.4422629], [137.2785915, 35.4435494], [137.273211, 35.4460432], [137.2684287, 35.4482927], [137.2634344, 35.4506558], [137.2596905, 35.4524162], [137.2538687, 35.4533763], [137.2494741, 35.4537546], [137.2456654, 35.454113], [137.2416047, 35.4545101], [137.2384671, 35.4548072], [137.2335591, 35.4563512], [137.2294628, 35.4589612], [137.2252039, 35.4626417], [137.2233442, 35.4641972], [137.219716, 35.4673479], [137.2155938, 35.4695468], [137.2121581, 35.4713569], [137.2076371, 35.4737661], [137.2057297, 35.4749414], [137.1998634, 35.4786891], [137.1976971, 35.4805681], [137.1962999, 35.4818121], [137.1915264, 35.4859088], [137.1893566, 35.4877761], [137.1824344, 35.4937426], [137.179379, 35.4963968], [137.1741879, 35.5004592], [137.172307, 35.501789], [137.16717, 35.5053413], [137.1620916, 35.5073917], [137.1597432, 35.5091579], [137.1572023, 35.5110696], [137.1547768, 35.5128961], [137.1501844, 35.5163231], [137.1453528, 35.5185669], [137.1406024, 35.5207151], [137.1372845, 35.5223455], [137.1349054, 35.5235237], [137.1305364, 35.5257283], [137.1257743, 35.5274828], [137.1204986, 35.5281468], [137.1137073, 35.528073], [137.1113226, 35.5287163], [137.1053761, 35.5303676], [137.1012596, 35.5315734], [137.0944655, 35.533602], [137.091156, 35.5345625], [137.0855597, 35.5347999], [137.0784001, 35.5351021], [137.0744003, 35.5354708], [137.0702682, 35.5358426], [137.0674682, 35.5361037], [137.0628554, 35.5359267], [137.0483213, 35.5336853], [137.0448657, 35.5331449], [137.0407926, 35.5335664], [137.0353294, 35.5341281], [137.0325466, 35.5344306], [137.0265992, 35.5350334], [137.0234855, 35.5350619], [137.0194305, 35.5350769], [137.0144525, 35.5350958], [137.0086807, 35.535132], [137.0024094, 35.5347181], [136.9976912, 35.534432], [136.9927397, 35.5341015], [136.9862487, 35.533739], [136.9835084, 35.5340609], [136.9791059, 35.5350929], [136.9770561, 35.5355682], [136.972745, 35.5361545], [136.9665406, 35.5369008], [136.9618319, 35.5365705], [136.9587427, 35.5363224], [136.9548264, 35.5360217], [136.9501271, 35.5345818], [136.9446556, 35.5310464], [136.93648833333333, 35.52766058888889]]}, "properties": {"kv": 500, "name": "東部変電所~愛知変電所線", "region": "chubu", "loading": 0.0, "xfmr": false, "npts_orig": 177}}, {"type": "Feature", "geometry": {"type": "LineString", "coordinates": [[136.72526466666667, 36.501692123809526], [136.71694313461538, 36.501026884615385]]}, "properties": {"kv": 500, "name": "北陸電力送配電 500.0kV線", "region": "chubu", "loading": 0.0, "xfmr": false, "npts_orig": 2}}, {"type": "Feature", "geometry": {"type": "LineString", "coordinates": [[136.72526466666667, 36.501692123809526], [136.7253034, 36.4969277], [136.7272244, 36.4943151], [136.7316247, 36.4904629], [136.7324149, 36.4867184], [136.7329927, 36.4838982], [136.7339932, 36.4789327], [136.7326958, 36.4763544], [136.7300972, 36.4722062], [136.7272115, 36.4679876], [136.7254288, 36.4627712], [136.7243412, 36.4594664], [136.7219299, 36.4582659], [136.7165829, 36.4582346], [136.7106968, 36.45774], [136.7059895, 36.453963], [136.7028809, 36.4514313], [136.6973099, 36.4485705], [136.6935307, 36.4466556], [136.6875869, 36.4442024], [136.6835046, 36.442528], [136.6781321, 36.4394489], [136.6751817, 36.4379449], [136.671727, 36.4339765], [136.6693532, 36.4334888], [136.6646567, 36.4348052], [136.6606522, 36.4327853], [136.6590013, 36.4314711], [136.6577876, 36.4292807], [136.6567844, 36.4273211], [136.6546246, 36.4253167], [136.6516252, 36.4223864], [136.6465129, 36.4200425], [136.6440912, 36.4186064], [136.63988, 36.4162931], [136.637275, 36.4139403], [136.6360343, 36.411863], [136.6369961, 36.4073987], [136.6386382, 36.4043626], [136.6410795, 36.3998895], [136.6429245, 36.3983213], [136.6431539, 36.3939531], [136.6389933, 36.3918851], [136.6332849, 36.3892445], [136.6306546, 36.3878087], [136.6259471, 36.3866189], [136.6217387, 36.3855457], [136.6184637, 36.384736], [136.6149554, 36.382758], [136.6115624, 36.3804895], [136.6090585, 36.3788645], [136.6054121, 36.3764761], [136.6028063, 36.3747463], [136.599817, 36.3727875], [136.5969899, 36.3709237], [136.5924892, 36.3675524], [136.5894824, 36.3645524], [136.5856495, 36.3608913], [136.5825462, 36.3578921], [136.5831028, 36.3537436], [136.5809919, 36.3492406], [136.5791586, 36.3448572], [136.5782386, 36.342646], [136.5773468, 36.3405816], [136.5756007, 36.3364516], [136.5744406, 36.3336881], [136.5738463, 36.3316481], [136.5727317, 36.3269591], [136.5717797, 36.3229668], [136.5709423, 36.3194201], [136.5703549, 36.3166146], [136.5686423, 36.3079751], [136.5679417, 36.3042624], [136.5674278, 36.2999242], [136.5670946, 36.2966599], [136.567533, 36.2925333], [136.5612714, 36.2852514], [136.5575894, 36.2786433], [136.5558992, 36.2758259], [136.5527229, 36.2714881], [136.5514387, 36.2689651], [136.55013, 36.2663517], [136.5488279, 36.2638153], [136.5466988, 36.2600737], [136.5461375, 36.2567242], [136.5451586, 36.2541302], [136.5363297, 36.2228568], [136.5366038, 36.2182081], [136.5370562, 36.2155285], [136.5372053, 36.2121852], [136.5358994, 36.2092316], [136.534902, 36.2064771], [136.5335653, 36.2027932], [136.5326656, 36.2002127], [136.531591, 36.1973541], [136.5301104, 36.1932133], [136.5292209, 36.1889266], [136.5286943, 36.1854487], [136.5279808, 36.1808391], [136.5276622, 36.1780222], [136.5274269, 36.1735422], [136.5258164, 36.1694577], [136.524684, 36.1664113], [136.5244517, 36.1621105], [136.5242829, 36.1590095], [136.5239561, 36.1544852], [136.5222609, 36.1518257], [136.5220973, 36.1500714], [136.5210298, 36.147859], [136.5178567, 36.1435997], [136.5151034, 36.1398394], [136.5133466, 36.1374729], [136.5106496, 36.1341044], [136.5078494, 36.1307055], [136.5050814, 36.1278437], [136.5020585, 36.1248041], [136.5004505, 36.1231576], [136.4975899, 36.1205089], [136.4955354, 36.1186369], [136.4913109, 36.114688], [136.4879487, 36.1116252], [136.4853671, 36.1092655], [136.4827359, 36.1072534], [136.4800537, 36.1051991], [136.4766164, 36.1025802], [136.4735144, 36.1002266], [136.4710669, 36.0977061], [136.4675412, 36.0942168], [136.4651218, 36.0918565], [136.4611441, 36.0879203], [136.458491, 36.0853895], [136.4547747, 36.0818255], [136.4501516, 36.0798232], [136.4465188, 36.0782562], [136.4433092, 36.0736506], [136.4401533, 36.0705514], [136.4376997, 36.0681112], [136.4368383, 36.0633257], [136.4368114, 36.0589909], [136.4373219, 36.0545272], [136.4374535, 36.0501507], [136.4369439, 36.0447725], [136.4368332, 36.0424763], [136.4365831, 36.0372792], [136.4362491, 36.0329025], [136.4361061, 36.0309359], [136.4349766, 36.0275534], [136.4342961, 36.0254226], [136.4326298, 36.020674], [136.4315567, 36.0187195], [136.4296636, 36.0155088], [136.4286298, 36.0136353], [136.4270115, 36.0098775], [136.4255764, 36.0062537], [136.424467, 36.0034525], [136.4241396, 36.0001977], [136.4213369, 35.9949606], [136.419312, 35.9907247], [136.4169137, 35.9902713], [136.41599387142858, 35.9954246]]}, "properties": {"kv": 500, "name": "加賀変電所~越前変電所線", "region": "chubu", "loading": 0.0, "xfmr": false, "npts_orig": 160}}, {"type": "Feature", "geometry": {"type": "LineString", "coordinates": [[136.72526466666667, 36.501692123809526], [136.7307866, 36.5000227], [136.7364867, 36.5022958], [136.7400214, 36.5044609], [136.7430536, 36.5064158], [136.7445382, 36.5105761], [136.7475651, 36.5134384], [136.7509239, 36.5145396], [136.7537313, 36.5176817], [136.7567462, 36.5209825], [136.7584218, 36.5226945], [136.7614763, 36.5256297], [136.7605125, 36.5279611], [136.7594745, 36.5305228], [136.760809, 36.5352249], [136.761239, 36.5381676], [136.7634286, 36.5431791], [136.7653414, 36.5454385], [136.7682723, 36.5482061], [136.7700615, 36.5499015], [136.7741886, 36.5536655], [136.776388, 36.5552338], [136.7788642, 36.5591496], [136.7816554, 36.5635265], [136.7833197, 36.5660843], [136.7863837, 36.5674341], [136.7890918, 36.5698972], [136.7907689, 36.5722742], [136.7930103, 36.5784635], [136.7923958, 36.5809544], [136.7911724, 36.5857193], [136.7902643, 36.5911434], [136.7903416, 36.5956243], [136.790452, 36.6000738], [136.7906373, 36.6045098], [136.7880926, 36.6079033], [136.786136, 36.6106167], [136.7859529, 36.6138148], [136.7846735, 36.6174676], [136.7846757, 36.6214424], [136.784682, 36.6244721], [136.7847104, 36.6280894], [136.7842835, 36.631104], [136.7840341, 36.6328655], [136.7834863, 36.6369211], [136.7831124, 36.6395392], [136.7839732, 36.644738], [136.7853871, 36.646885], [136.7871598, 36.6495767], [136.7886834, 36.6518902], [136.79184, 36.6566054], [136.7949839, 36.6613025], [136.7961267, 36.6635525], [136.7974686, 36.6661947], [136.8002663, 36.6703594], [136.7998352, 36.6736122], [136.798325, 36.6775445], [136.8001904, 36.6806377], [136.8028703, 36.6849417], [136.8074651, 36.6868033], [136.8101446, 36.6916951], [136.810163, 36.6958685], [136.8101909, 36.7009198], [136.8098538, 36.7039145], [136.809366, 36.7087846], [136.8085544, 36.7129845], [136.8079718, 36.7168544], [136.8073549, 36.720933], [136.8069366, 36.7237288], [136.8062479, 36.7283325], [136.8037464, 36.7314388], [136.8035918, 36.7355211], [136.8035401, 36.7368873], [136.8021252, 36.7414763], [136.7998503, 36.7450058], [136.7986097, 36.7470591], [136.7969246, 36.7497084], [136.794824, 36.7543758], [136.7929616, 36.7580932], [136.7919447, 36.7606467], [136.7900853, 36.7644592], [136.7882113, 36.7681808], [136.7877, 36.7733382], [136.7882346, 36.7765543], [136.7898006, 36.7791909], [136.7933219, 36.7840846], [136.7944608, 36.7865325], [136.7963173, 36.7905834], [136.7979066, 36.7940524], [136.7987985, 36.7959928], [136.8005301, 36.799778], [136.8045337, 36.8041562], [136.8058935, 36.8057753], [136.8093799, 36.8095251], [136.8115909, 36.8121327], [136.8125758, 36.815731], [136.8136886, 36.8202177], [136.8144353, 36.8233435], [136.8160884, 36.8264018], [136.8180446, 36.8299032], [136.8202046, 36.8330307], [136.8231731, 36.8373117], [136.8226153, 36.8404275], [136.8218657, 36.8444011], [136.8212236, 36.8480793], [136.8204309, 36.8523738], [136.820381, 36.8526361], [136.8230889, 36.8549168], [136.825573, 36.8569323], [136.8295359, 36.8601357], [136.8320549, 36.8638991], [136.8341753, 36.8672885], [136.8370203, 36.8723355], [136.839057, 36.8759101], [136.8420239, 36.8847197], [136.8431877, 36.8903122], [136.8431831, 36.8957705], [136.8432026, 36.8988249], [136.8425781, 36.9027569], [136.8420959, 36.9064904], [136.8414625, 36.9113829], [136.837833, 36.914609], [136.8369738, 36.9189348], [136.8359384, 36.9240723], [136.8349522, 36.9289401], [136.8340072, 36.933778], [136.8322199, 36.9365532], [136.8301367, 36.9397979], [136.8273509, 36.9441229], [136.827318, 36.9462278], [136.8293813, 36.9488817], [136.8310694, 36.9514062], [136.8335265, 36.9547126], [136.8342702, 36.9586297], [136.8350796, 36.9626581], [136.8356466, 36.96536], [136.8358932, 36.9701661], [136.837245, 36.9754511], [136.8370806, 36.9780804], [136.8369122, 36.9805782], [136.8369592, 36.9829159], [136.8367627, 36.9866186], [136.8372717, 36.9903427], [136.83914889, 36.995691699999995]]}, "properties": {"kv": 500, "name": "能登幹線", "region": "chubu", "loading": 0.0, "xfmr": false, "npts_orig": 144}}, {"type": "Feature", "geometry": {"type": "LineString", "coordinates": [[136.72526466666667, 36.501692123809526], [136.7287173, 36.494907], [136.7331547, 36.4908248], [136.7351586, 36.4863075], [136.7376731, 36.4821518], [136.7398122, 36.4779097], [136.7426097, 36.472536], [136.7494829, 36.4723645], [136.7513189, 36.46987], [136.7576811, 36.4684162], [136.7625949, 36.4691647], [136.7712376, 36.4692548], [136.7750843, 36.4691618], [136.7805793, 36.4720559], [136.7843703, 36.4729424], [136.7892515, 36.4733759], [136.793473, 36.4777063], [136.7961721, 36.4812525], [136.7994645, 36.4835094], [136.8015593, 36.4873631], [136.8041879, 36.4925244], [136.8081287, 36.4953292], [136.8126603, 36.4963448], [136.8160969, 36.4978913], [136.8193719, 36.4989392], [136.8252726923077, 36.49941449230769]]}, "properties": {"kv": 500, "name": "加賀福光線", "region": "chubu", "loading": 0.0, "xfmr": false, "npts_orig": 26}}, {"type": "Feature", "geometry": {"type": "LineString", "coordinates": [[136.41599387142858, 35.9954246], [136.4124145, 35.9922794], [136.4141575, 35.9887169], [136.4165734, 35.9870857], [136.4137287, 35.9827076], [136.411947, 35.9800291], [136.4106028, 35.9778313], [136.4088571, 35.9753754], [136.4071791, 35.9728041], [136.4047868, 35.9696971], [136.4016302, 35.9653534], [136.398184, 35.9607868], [136.3962995, 35.9569339], [136.3944429, 35.9528628], [136.3929214, 35.9502901], [136.391648, 35.9481467], [136.3900401, 35.9456365], [136.3862064, 35.9412673], [136.3840252, 35.9386919], [136.3805522, 35.9361738], [136.3759145, 35.9328718], [136.3713446, 35.9295372], [136.3701208, 35.9287086], [136.3660057, 35.9259223], [136.3632959, 35.9224101], [136.3600194, 35.9203351], [136.3572318, 35.9179108], [136.354884, 35.9153998], [136.3498796, 35.9116749], [136.3467791, 35.9093774], [136.3429583, 35.9066734], [136.3374392, 35.9027761], [136.3325892, 35.9008222], [136.3277294, 35.8963817], [136.3255616, 35.8946986], [136.3211425, 35.891301], [136.3156878, 35.8843647], [136.3124137, 35.8798253], [136.3085674, 35.8732738], [136.3054027, 35.8672533], [136.3026753, 35.862322], [136.3009643, 35.8596946], [136.3001216, 35.858386], [136.2970598, 35.8536366], [136.2952651, 35.8507743], [136.2941176, 35.8488959], [136.2923448, 35.8463164], [136.290689, 35.8436887], [136.2878571, 35.8393464], [136.2852139, 35.8362282], [136.2846264, 35.8346861], [136.2835309, 35.8318106], [136.281614, 35.8271152], [136.2809541, 35.8255215], [136.2798644, 35.8229371], [136.2778306, 35.8196266], [136.2765878, 35.8175227], [136.2737319, 35.8132874], [136.2721531, 35.8102756], [136.2706925, 35.8077423], [136.2701011, 35.8056708], [136.2695548, 35.8039654], [136.2679231, 35.8018387], [136.2657558, 35.799029], [136.26427, 35.7974501], [136.2604287, 35.7933681], [136.2577139, 35.7914444], [136.2553725, 35.7898635], [136.252817, 35.7863919], [136.250852, 35.7839468], [136.2477569, 35.7792788], [136.2466586, 35.7757384], [136.2451525, 35.7708931], [136.2437738, 35.766441], [136.2431543, 35.7625642], [136.2427989, 35.7603137], [136.2425347, 35.7587597], [136.2416831, 35.7548679], [136.2409408, 35.7533431], [136.2395836, 35.7506254], [136.2387193, 35.7465083], [136.2380658, 35.7418756], [136.2378502, 35.740347], [136.2371421, 35.7353309], [136.2354544, 35.7303974], [136.2344196, 35.7271486], [136.232671, 35.7219447], [136.2320461, 35.7199778], [136.231209, 35.7172341], [136.230395, 35.7144058], [136.2293958, 35.7111075], [136.2287169, 35.7088365], [136.2280357, 35.7037249], [136.2277007, 35.7010019], [136.2272999, 35.6979297], [136.2260163, 35.6940141], [136.2251472, 35.6910341], [136.2229586, 35.6881498], [136.2213066, 35.6860658], [136.2193649, 35.6844001], [136.2182168, 35.6834152], [136.2166688, 35.6821252], [136.2133709, 35.679258], [136.2127252, 35.6766649], [136.2121312, 35.6740381], [136.2110309, 35.6709497], [136.2101218, 35.6685158], [136.2082777, 35.6674667], [136.2027157, 35.664309], [136.2014136, 35.6633905], [136.200263, 35.6625819], [136.1958882, 35.6593268], [136.1941838, 35.6573224], [136.1907958, 35.6535312], [136.1892451, 35.651366], [136.1879603, 35.649626], [136.1853213, 35.6458476], [136.1846237, 35.6449126], [136.1832211, 35.6431257], [136.1814533, 35.6408164], [136.1793841, 35.638078], [136.177461, 35.6351198], [136.175443, 35.6299187], [136.173568, 35.6250509], [136.1728143, 35.6233306], [136.1712992, 35.6196344], [136.1695922, 35.6156327], [136.1699472, 35.6129616], [136.1703562, 35.6100259], [136.1698424, 35.6075371], [136.1691733, 35.6045195], [136.1673903, 35.6004603], [136.1656915, 35.5973461], [136.1642396, 35.5943102], [136.1626764, 35.591779], [136.1619511, 35.5900493], [136.1612409, 35.5882715], [136.1604474, 35.5863375], [136.1589475, 35.5848603], [136.1572076, 35.5831199], [136.1534508, 35.5795117], [136.152203, 35.5783104], [136.1491744, 35.5753822], [136.1458146, 35.5706833], [136.1444309, 35.5687846], [136.1403781, 35.5658964], [136.1382054, 35.564348], [136.135676, 35.5625454], [136.1304629, 35.5597877], [136.1270896, 35.5579672], [136.1216115, 35.5534881], [136.1169438, 35.549677], [136.1120543, 35.547914], [136.1062484, 35.545852], [136.0999218, 35.5444334], [136.0939443, 35.5430923], [136.0886921, 35.5426218], [136.0860857, 35.5423826], [136.0821672, 35.5420448], [136.0777129, 35.5404952], [136.076121, 35.5400117], [136.0714969, 35.5384163], [136.0680033, 35.5353366], [136.0663658, 35.5338709], [136.0633937, 35.5327316], [136.0607567, 35.5317081], [136.0584622, 35.5316785], [136.0564198, 35.5316516], [136.0510961, 35.5316388], [136.0467875, 35.5321428], [136.0408104, 35.5328487], [136.0359795, 35.5334273], [136.0310202, 35.5359077], [136.0281284, 35.5365539], [136.0263684, 35.5369258], [136.024205, 35.5374077], [136.0192134, 35.5384968], [136.0134687, 35.5391357], [136.0092926, 35.5395936], [136.0057548, 35.540502], [135.9947971, 35.5433842], [135.9863389, 35.5455655], [135.9815982, 35.5491232], [135.9749521, 35.5514474], [135.9733805, 35.5520355], [135.9721923, 35.554164], [135.9732227, 35.5535169], [135.9758386, 35.5564342], [135.9778961, 35.5587939], [135.9795976, 35.5607519], [135.9828653, 35.5653485], [135.9844957, 35.5674708], [135.9874207, 35.5711258], [135.9917516, 35.5735933], [135.9961858, 35.5760967], [135.9969856, 35.5789488], [135.9982496, 35.5834447], [135.9997804, 35.5856927], [136.0019437, 35.5888786], [136.0022556, 35.5925768], [136.0014469, 35.595862], [136.0008849, 35.5982032], [136.0010687, 35.6015553], [136.0011908, 35.6039466], [136.0018627, 35.607113], [136.0023803, 35.6097103], [136.0027009, 35.6115376], [136.0041963, 35.6146504], [136.0048319, 35.616434], [136.0055816, 35.6193503], [136.0062388, 35.6218065], [136.0068019, 35.6236193], [136.0075811, 35.6267022], [136.0086258, 35.6288693], [136.0096021, 35.6317034], [136.010836, 35.6348164], [136.0103746, 35.6387838], [136.009527, 35.641696], [136.0086044, 35.6452272], [136.0076549, 35.6474712], [136.0091837, 35.6527249], [136.0098811, 35.655131], [136.0107447, 35.6583343], [136.0109002, 35.6613654], [136.0111255, 35.6636405], [136.011721, 35.668526], [136.0122306, 35.6704915], [136.0126598, 35.6728099], [136.0133464, 35.6775511], [136.0141135, 35.682218], [136.014709, 35.6855033], [136.0193719, 35.6893217], [136.0213534, 35.6908338], [136.0235475, 35.6945545], [136.0250227, 35.6969985], [136.0267125, 35.6997648], [136.0271872, 35.7024875], [136.0273577, 35.7055113], [136.0275812, 35.7095515], [136.0287301, 35.7146455], [136.0291164, 35.7176247], [136.0281079, 35.7201246], [136.0270243, 35.7231123], [136.0251467, 35.7277808], [136.0241275, 35.7306549], [136.0236018, 35.732179], [136.022934, 35.7340636], [136.0215096, 35.7380837], [136.0195784, 35.740583], [136.0169294, 35.7439487], [136.0149876, 35.7467212], [136.0130457, 35.7494989], [136.0173662, 35.75356342]]}, "properties": {"kv": 500, "name": "越前変電所~疋田変電所線", "region": "chubu", "loading": 0.0, "xfmr": false, "npts_orig": 253}}, {"type": "Feature", "geometry": {"type": "LineString", "coordinates": [[136.83914889, 36.995691699999995], [136.8384445, 36.9887094], [136.8395573, 36.9847701], [136.8401237, 36.9806535], [136.8410891, 36.9778115], [136.8411449, 36.9745973], [136.8417305, 36.9689705], [136.8430092, 36.9645973], [136.8441286, 36.9599279], [136.8448735, 36.9568116], [136.8479169, 36.9533609], [136.8550116, 36.9508683], [136.8600469, 36.9505659], [136.866062, 36.9506677], [136.8726628, 36.9504385], [136.8793352, 36.9503048], [136.8832351, 36.9481687], [136.8876728, 36.9457459], [136.8895928, 36.9418904], [136.8920985, 36.9392987], [136.8930585, 36.9366242], [136.8938513, 36.9327363], [136.8966666, 36.930004], [136.8978285, 36.924276], [136.8965141, 36.9221597], [136.8953236, 36.9172811], [136.895396, 36.9155415], [136.895487, 36.9133557], [136.8955951, 36.9127915], [136.8956047, 36.9127415], [136.8962616, 36.909313], [136.8970193, 36.9053173], [136.897093, 36.9049296], [136.897701, 36.9017315], [136.8988229, 36.9007762], [136.899077, 36.9005598], [136.9010051, 36.898918], [136.9016331, 36.8983712], [136.9041148, 36.8962104], [136.9054021, 36.8933878], [136.908647, 36.8906934], [136.9113765, 36.8865549], [136.909985, 36.8814653], [136.9088497, 36.8775109], [136.9080886, 36.8746737], [136.9073738, 36.8720092], [136.9055023, 36.8686056], [136.9020924, 36.8670599], [136.8946255, 36.8650962], [136.8904326, 36.862567], [136.8861862, 36.8594627], [136.8842302, 36.8563486], [136.8823838, 36.8537721], [136.8813134, 36.8497059], [136.8805444, 36.8451797], [136.8798205, 36.8420756], [136.8787191, 36.8393502], [136.8761643, 36.8350668], [136.8737222, 36.8333737], [136.8708659, 36.8313852], [136.8675449, 36.8290945], [136.8659512, 36.8281803], [136.8628521, 36.8264025], [136.8593987, 36.8234645], [136.8575425, 36.8218816], [136.856243, 36.8180309], [136.8545445, 36.8154842], [136.8537783, 36.8113618], [136.8517643, 36.8092307], [136.8506968, 36.8045757], [136.8536193, 36.7994613], [136.8539017, 36.7941944], [136.853105, 36.7915499], [136.8522072, 36.7884782], [136.852428, 36.7856942], [136.851781, 36.7823658], [136.8511089, 36.7784994], [136.8511717, 36.7736127], [136.8536651, 36.7690571], [136.8537581, 36.764587], [136.8538283, 36.7610779], [136.8530151, 36.7581641], [136.8517136, 36.7534307], [136.8506068, 36.7494251], [136.8498277, 36.7470648], [136.8484776, 36.7431897], [136.8467515, 36.7404734], [136.8449909, 36.7365033], [136.8435524, 36.7317116], [136.8416568, 36.7287701], [136.8397798, 36.7240618], [136.8386141, 36.7201822], [136.8358697, 36.7160105], [136.8375003, 36.7108642], [136.8406934, 36.7070516], [136.8426106, 36.7042306], [136.8456475, 36.7009078], [136.8471346, 36.6981327], [136.8474696, 36.692926], [136.8464042, 36.6889825], [136.8454922, 36.6853901], [136.8423733, 36.682533], [136.8386846, 36.6781546], [136.8359276, 36.6726084], [136.8381839, 36.6672383], [136.8379679, 36.6647289], [136.8378134, 36.6620027], [136.837661, 36.6591764], [136.8346953, 36.6553595], [136.8308006, 36.6525388], [136.8253802, 36.649688], [136.8197997, 36.6472762], [136.8147015, 36.6437487], [136.8115911, 36.6405889], [136.8096385, 36.6348803], [136.8106117, 36.6298759], [136.8086436, 36.6252184], [136.8057959, 36.6216369], [136.8028328, 36.6179741], [136.8009079, 36.6132406], [136.7999599, 36.6108709], [136.7973372, 36.6061485], [136.7954585, 36.6025917], [136.7949416, 36.5989583], [136.7943517, 36.5948625], [136.7947953, 36.5902518], [136.7962912, 36.5871328], [136.8003915, 36.5838852], [136.8005838, 36.5796533], [136.7993743, 36.5743078], [136.7977448, 36.5714632], [136.7927188, 36.5685092], [136.7917801, 36.5669086], [136.7889958, 36.5620578], [136.786198, 36.5596626], [136.7831211, 36.5576569], [136.7781813, 36.5536111], [136.7739595, 36.5501542], [136.7693036, 36.5462967], [136.7686235, 36.5414369], [136.7685989, 36.5372059], [136.7685938, 36.5322619], [136.7732986, 36.5289977], [136.7741451, 36.526417], [136.775858, 36.5210422], [136.7756796, 36.5179081], [136.774869, 36.5128932], [136.7758988, 36.5072676], [136.7799362, 36.504768], [136.7852226, 36.5029487], [136.7883807, 36.5018648], [136.7925572, 36.5004399], [136.7960528, 36.4992594], [136.799608, 36.499723], [136.8053131, 36.500455], [136.8078853, 36.5007838], [136.8123619, 36.501201], [136.8168808, 36.5016214], [136.8206875, 36.5012505], [136.8252726923077, 36.49941449230769]]}, "properties": {"kv": 500, "name": "中能登変電所~南福光変電所線", "region": "chubu", "loading": 0.0, "xfmr": false, "npts_orig": 160}}, {"type": "Feature", "geometry": {"type": "LineString", "coordinates": [[136.83914889, 36.995691699999995], [136.8324727, 36.9954647], [136.831912, 36.9993121], [136.8311005, 37.0038839], [136.8328563, 37.0083671], [136.8364268, 37.0113066], [136.8387727, 37.016078], [136.8390297, 37.0201219], [136.8392017, 37.0231698], [136.8375639, 37.0277777], [136.8329828, 37.0307459], [136.8297958, 37.0321299], [136.8251187, 37.0334431], [136.8202203, 37.0348153], [136.8159342, 37.0369588], [136.8122235, 37.0393437], [136.8075612, 37.0424352], [136.8052374, 37.0465922], [136.803202, 37.0507294], [136.7987847, 37.0520654], [136.794565, 37.0533194], [136.7905666, 37.0553859], [136.7868097, 37.057367], [136.7826433, 37.0611621], [136.7789695, 37.064029], [136.7750551, 37.0649722], [136.7705128, 37.0650228], [136.7657521, 37.0649582], [136.759894, 37.0650997], [136.7563469, 37.0652121], [136.7520225, 37.0670727], [136.7489448, 37.0684879], [136.7444378, 37.0669728], [136.7395359, 37.0677133], [136.736649, 37.0663017], [136.7326426, 37.0639315], [136.7296439, 37.0622534]]}, "properties": {"kv": 500, "name": "志賀中能登線", "region": "chubu", "loading": 0.0, "xfmr": false, "npts_orig": 37}}, {"type": "Feature", "geometry": {"type": "LineString", "coordinates": [[136.8252726923077, 36.49941449230769], [136.82481875555555, 36.49955028888889]]}, "properties": {"kv": 500, "name": "leadin", "region": "chubu", "loading": 0.0, "xfmr": false, "npts_orig": 2}}, {"type": "Feature", "geometry": {"type": "LineString", "coordinates": [[136.8252726923077, 36.49941449230769], [136.8224135, 36.4959658], [136.8194929, 36.4937802], [136.8176284, 36.4879723], [136.8228172, 36.4838135], [136.8254596, 36.4823401], [136.827216, 36.4813344], [136.8308903, 36.4765509], [136.8348308, 36.4741752], [136.8369323, 36.4715859], [136.8440241, 36.4684367], [136.8492651, 36.4649984], [136.8535566, 36.4598741], [136.8558472, 36.4570804], [136.8563247, 36.4512425], [136.8596935, 36.443609], [136.8610936, 36.4409162], [136.8632716, 36.4368336], [136.8641674, 36.4344297], [136.8665492, 36.4324314], [136.8678904, 36.4276449], [136.8673378, 36.4252061], [136.865868, 36.4227328], [136.8611205, 36.414531], [136.8620968, 36.4081934], [136.8631267, 36.4061988], [136.8641996, 36.4027966], [136.8639099, 36.3992042], [136.863513, 36.3944717], [136.8609702, 36.3889616], [136.8587065, 36.3829761], [136.8574834, 36.3752538], [136.8573224, 36.3702521], [136.8574726, 36.3655351], [136.8589961, 36.3616905], [136.8604553, 36.3577074], [136.8615925, 36.3539574], [136.8668818, 36.347831], [136.8695319, 36.344599], [136.8766236, 36.3372705], [136.8839407, 36.3300536], [136.8963003, 36.3269333], [136.9030702, 36.3230954], [136.9081235, 36.3210727], [136.9125652, 36.3192574], [136.917994, 36.3165429], [136.9211376, 36.3135431], [136.9250643, 36.3099985], [136.9290447, 36.3092809], [136.9347954, 36.3096008], [136.9394731, 36.306056], [136.9446874, 36.3027878], [136.9480133, 36.3012228], [136.9521975, 36.2981878], [136.9559634, 36.2952651], [136.9602442, 36.2919791], [136.9614887, 36.2887016], [136.9627654, 36.2855883], [136.9648361, 36.280157], [136.9656193, 36.2776833], [136.9664454, 36.2746388], [136.9671428, 36.2722428], [136.9682372, 36.268212], [136.9691813, 36.2648989], [136.9739878, 36.2596218], [136.9789338, 36.2584107], [136.9815838, 36.2546646], [136.9833755, 36.2473622], [136.9840729, 36.2445587], [136.9868946, 36.2398169], [136.9886756, 36.2367189], [136.9898987, 36.2344083], [136.9915831, 36.2295447], [136.9929564, 36.225451], [136.998117, 36.2188989], [137.0051229, 36.2130908], [137.00773, 36.210892], [137.0115495, 36.2055854], [137.0128584, 36.2037068], [137.0167744, 36.199023], [137.0186949, 36.1951269], [137.0212269, 36.1895421], [137.0208943, 36.1867366], [137.0203042, 36.1824761], [137.0226538, 36.1770117], [137.0232868, 36.1734089], [137.0239305, 36.1684289], [137.0236087, 36.1649556], [137.024349, 36.1593514], [137.0266449, 36.1530017], [137.0267415, 36.1498137], [137.0272779, 36.1431946], [137.0293701, 36.1384293], [137.0315909, 36.1342095], [137.0319235, 36.1319219], [137.0321703, 36.1279271], [137.0318591, 36.1241315], [137.0340156, 36.1192783], [137.0365584, 36.1130814], [137.0384467, 36.1076988], [137.0395571, 36.1030309], [137.0410752, 36.0990217], [137.0422769, 36.0955714], [137.0440471, 36.0920992], [137.0448625, 36.0881154], [137.0464826, 36.0844652], [137.0477378, 36.0818294], [137.0490253, 36.0799478], [137.0518148, 36.076618], [137.0540035, 36.0739559], [137.05957642, 36.07047318]]}, "properties": {"kv": 500, "name": "越美幹線", "region": "chubu", "loading": 0.0, "xfmr": false, "npts_orig": 111}}, {"type": "Feature", "geometry": {"type": "LineString", "coordinates": [[136.93648833333333, 35.52766058888889], [136.9356773, 35.5341011], [136.9345241, 35.5385682], [136.933831, 35.5414144], [136.9368805, 35.5444473], [136.9388857, 35.5472977], [136.9402578, 35.5495142], [136.9419215, 35.5525774], [136.945532, 35.5557167], [136.9492828, 35.5617827], [136.9511622, 35.5647922], [136.9539528, 35.5693402], [136.9559264, 35.57154], [136.9607644, 35.5751155], [136.9628466, 35.5791642], [136.9642231, 35.5819909], [136.9644238, 35.5881667], [136.9651597, 35.591639], [136.9665731, 35.5956545], [136.9694664, 35.6002051], [136.9696436, 35.6026245], [136.969796, 35.6091429], [136.9695052, 35.6161323], [136.9669765, 35.6225848], [136.9660771, 35.6246722], [136.9640148, 35.6295952], [136.96271074642857, 35.63576854285714]]}, "properties": {"kv": 500, "name": "Gifu Substation~北部変電所線", "region": "chubu", "loading": 0.0, "xfmr": false, "npts_orig": 27}}, {"type": "Feature", "geometry": {"type": "LineString", "coordinates": [[136.93648833333333, 35.52766058888889], [136.9348101, 35.5348782], [136.9337835, 35.5384621], [136.932893, 35.5425533], [136.932032, 35.5463785], [136.9283802, 35.5497125], [136.9268446, 35.5516673], [136.9217035, 35.55464], [136.9193861, 35.5573665], [136.9175021, 35.5589075], [136.9144116, 35.5586981], [136.9098368, 35.5599035], [136.9066042, 35.5611697], [136.9008419, 35.5624063], [136.8975147, 35.5631125], [136.8939147, 35.5638778], [136.88985, 35.5647886], [136.8829549, 35.5663704], [136.8797157, 35.5673877], [136.876437, 35.5684104], [136.8706765, 35.5690526], [136.8672879, 35.5694144], [136.8611789, 35.5700686], [136.8556422, 35.5718846], [136.8505568, 35.5716537], [136.8474361, 35.5718587], [136.8397264, 35.5715967], [136.8326547, 35.5711316], [136.8252931, 35.570725], [136.8195758, 35.5736729], [136.8156539, 35.5745083], [136.8104785, 35.5755613], [136.805522, 35.5748159], [136.8001936, 35.5748659], [136.795631, 35.5751595], [136.7927209, 35.5753533], [136.7881035, 35.5762568], [136.7840956, 35.5775181], [136.7798262, 35.5788122], [136.7767625, 35.5794565], [136.7733576, 35.5783444], [136.7695946, 35.5771134], [136.7659653, 35.5770926], [136.7607508, 35.5771181], [136.7572509, 35.5773303], [136.7527568, 35.5776063], [136.7456523, 35.5776344], [136.7364831, 35.5775779], [136.7318227, 35.5775735], [136.7297858, 35.5779269], [136.7244845, 35.5787928], [136.718264, 35.5800575]]}, "properties": {"kv": 500, "name": "西部幹線", "region": "chubu", "loading": 0.0, "xfmr": false, "npts_orig": 52}}, {"type": "Feature", "geometry": {"type": "LineString", "coordinates": [[136.96271074642857, 35.63576854285714], [136.9577194, 35.634089], [136.9569431, 35.6304537], [136.9563417, 35.6275404], [136.9565051, 35.624369], [136.9521346, 35.6192741], [136.9484873, 35.6167503], [136.9435067, 35.6162039], [136.9381829, 35.6159093], [136.9324787, 35.6139661], [136.9285809, 35.6126356], [136.9211878, 35.6114431], [136.9179337, 35.6104429], [136.91575, 35.6078652], [136.9125788, 35.6053614], [136.9055131, 35.6039259], [136.90206, 35.6024848], [136.8958092, 35.602275], [136.8904921, 35.602195], [136.8858303, 35.6027885], [136.8779157, 35.6049418], [136.873787, 35.6070205], [136.8679776, 35.6105732], [136.863859, 35.6140705], [136.8569223, 35.6155555], [136.8545456, 35.617046], [136.8523454, 35.6186745], [136.8497752, 35.6199966], [136.8459792, 35.6223509], [136.8415822, 35.6261624], [136.838085, 35.6272608], [136.8334911, 35.6285606], [136.8293454, 35.6297032], [136.8250571, 35.6311355], [136.8194989, 35.6292313], [136.8148065, 35.6300923], [136.8090548, 35.6308926], [136.804376, 35.6317674], [136.7996972, 35.6326919], [136.7938403, 35.6326781], [136.7907607, 35.6330893], [136.7871209, 35.6318116], [136.7775509, 35.6287024], [136.7742988, 35.6276199], [136.7682773, 35.6256452], [136.7619913, 35.6250958], [136.7557666, 35.6247203], [136.7471927, 35.6254507], [136.7367799, 35.6258319], [136.7330322, 35.6233855], [136.7252176, 35.6210031], [136.7211903, 35.620405], [136.7176639, 35.6199439], [136.7115425, 35.6188536], [136.7063561, 35.6196734], [136.699783, 35.6197503], [136.6949608, 35.6188991], [136.6896028, 35.617917], [136.6836425, 35.6182358], [136.6790865, 35.6169766], [136.6765511, 35.6125753], [136.6755854, 35.6091239], [136.6725471, 35.6075878], [136.6665663, 35.6058927], [136.6617065, 35.6027403], [136.6586396, 35.6008597], [136.6557467, 35.5976494], [136.6530652, 35.5968492], [136.6501591, 35.595982], [136.64527, 35.5949624], [136.6426359, 35.5945897], [136.6374835, 35.5939557], [136.6319728, 35.5905412], [136.6259616, 35.5880392], [136.6211095, 35.5851644], [136.6161415, 35.5809655], [136.6141764, 35.5794187], [136.6102166, 35.5770443], [136.6071706, 35.5760708], [136.6035548, 35.5742637], [136.5991408, 35.5708443], [136.5966263, 35.5700027], [136.5939739, 35.5691815], [136.5911036, 35.5669134], [136.587911, 35.5653916], [136.5845862, 35.5656738], [136.5791002, 35.5660302], [136.574317, 35.5659787], [136.5684944, 35.5659741], [136.5653219, 35.5663455], [136.5608877, 35.5668979], [136.5558753, 35.565075], [136.5525642, 35.5631826], [136.5497041, 35.5584994], [136.5485493, 35.5567823], [136.5435724, 35.5524414], [136.5397651, 35.5490438], [136.5367998, 35.5465584], [136.5323034, 35.545743], [136.5265761, 35.5447988], [136.5229552, 35.5420617], [136.5208132, 35.5404066], [136.5187605, 35.5388182], [136.5171032, 35.5358983], [136.515486, 35.5319777], [136.5102334, 35.5271316], [136.5075408, 35.5246], [136.5037701, 35.5228339], [136.4883623, 35.5135579], [136.4823853, 35.5067224], [136.4805358, 35.503839], [136.4790227, 35.4997465], [136.4777897, 35.4964796], [136.4768874, 35.4931624], [136.4757441, 35.4890134], [136.4755424, 35.4828483], [136.4742141, 35.4778921], [136.4745056, 35.4755782], [136.4748418, 35.4729037], [136.4752987, 35.4692415], [136.4787817, 35.4633008], [136.4798578, 35.4583023], [136.4809842, 35.4531255], [136.4807601, 35.4496513], [136.4804266, 35.4445766], [136.4812357, 35.4394457], [136.4813744, 35.4364946], [136.4814319, 35.4336985], [136.4799934, 35.4304468], [136.4785928, 35.4275264], [136.4766208, 35.4231886], [136.4724616, 35.4196422], [136.4691514, 35.4169924], [136.4673511, 35.4146861], [136.4641912, 35.4106164], [136.4622345, 35.4062151], [136.4612605, 35.4039358], [136.4597638, 35.4005174], [136.4575632, 35.3982569], [136.4534718, 35.3940955], [136.450905, 35.3919697], [136.4494622, 35.3881245], [136.4478744, 35.3848584], [136.442516, 35.3817838], [136.438743, 35.3805283], [136.4360104, 35.3768797], [136.4334768, 35.3742021], [136.4310254, 35.3713318], [136.4288357, 35.3687032], [136.4257618, 35.3662704], [136.4255935, 35.3633771], [136.4273544, 35.3608277], [136.4302154, 35.3593561], [136.4336385, 35.358546], [136.4373336, 35.3576996], [136.4399223, 35.3541039], [136.4411613, 35.3516641], [136.4423535, 35.3493478], [136.4440266, 35.3460567], [136.4443483, 35.3427513], [136.4429613, 35.3405169], [136.4435838, 35.3374739], [136.4482849, 35.3331448], [136.4492115, 35.3255316], [136.4478223, 35.320001], [136.4472259, 35.3178026], [136.4449904, 35.3139346], [136.4430574, 35.310571], [136.4420642, 35.3079764], [136.440972, 35.3050237], [136.4386927, 35.3000189], [136.4369, 35.2946043], [136.4351576, 35.2889113], [136.4336981, 35.2844648], [136.4324542, 35.278656], [136.4319359, 35.2760675], [136.430881, 35.2713383], [136.4300274, 35.2663748], [136.4290639, 35.2637361], [136.4274481, 35.2595738], [136.4268749, 35.2551772], [136.4263017, 35.2498941], [136.425198, 35.2461743], [136.4232529, 35.2424443], [136.4233139, 35.2366922], [136.4238161, 35.2329833], [136.4249723, 35.2302146], [136.4265849, 35.2263263], [136.4319091, 35.2234251], [136.4332492, 35.2199843], [136.4345699, 35.2164951], [136.4358088, 35.2090189], [136.437466, 35.2056325], [136.4395227, 35.2044168], [136.4435438, 35.2036476], [136.4466427, 35.2043266], [136.45125723076924, 35.20325022307692]]}, "properties": {"kv": 500, "name": "三岐幹線", "region": "chubu", "loading": 0.0, "xfmr": false, "npts_orig": 197}}, {"type": "Feature", "geometry": {"type": "LineString", "coordinates": [[136.96271074642857, 35.63576854285714], [136.9668696, 35.6407425], [136.9709152, 35.6431385], [136.9759812, 35.6466471], [136.9819861, 35.6513609], [136.9846838, 35.6542892], [136.9855071, 35.6609541], [136.9874056, 35.6640694], [136.990716, 35.6670049], [136.9930295, 35.6690834], [136.9938324, 35.6722592], [136.9960847, 35.674415], [136.9975783, 35.6786297], [137.0021035, 35.6833518], [137.0057852, 35.6876037], [137.0081223, 35.6911084], [137.0119147, 35.6955728], [137.0161615, 35.7007849], [137.0177679, 35.7029556], [137.0214186, 35.707934], [137.0250556, 35.7134839], [137.0261545, 35.7154121], [137.0314688, 35.7195086], [137.0331563, 35.7221603], [137.0382155, 35.7272618], [137.0405358, 35.7290019], [137.0410258, 35.7349287], [137.0428698, 35.7404795], [137.04502, 35.7447211], [137.0454011, 35.7496721], [137.0470375, 35.7556471], [137.0476806, 35.7577841], [137.0490449, 35.7622262], [137.0499941, 35.7650173], [137.0515694, 35.7704115], [137.0531786, 35.776015], [137.0527976, 35.780804], [137.054036, 35.784323], [137.0550839, 35.7873534], [137.0562304, 35.7906349], [137.0564346, 35.7948793], [137.0570266, 35.7988862], [137.0573362, 35.8009088], [137.0574519, 35.8062702], [137.0571456, 35.8103234], [137.0565264, 35.815949], [137.0565809, 35.8192955], [137.056717, 35.823908], [137.0565571, 35.8273727], [137.0560501, 35.8305836], [137.0551791, 35.8350355], [137.0536515, 35.8390624], [137.0501642, 35.8432463], [137.0479391, 35.8464785], [137.0462006, 35.8516438], [137.0447785, 35.8560366], [137.0460543, 35.8606029], [137.0468028, 35.8637407], [137.04716, 35.8681218], [137.0473812, 35.8710222], [137.0476091, 35.8737791], [137.0467926, 35.8772251], [137.0460067, 35.8814043], [137.0453875, 35.8847259], [137.0459726, 35.888075], [137.0467075, 35.892237], [137.0479119, 35.8966579], [137.0525084, 35.8997199], [137.0557459, 35.9040596], [137.0566187, 35.909171], [137.0569847, 35.9113143], [137.0591658, 35.9173781], [137.0636968, 35.9229119], [137.0631577, 35.9290468], [137.0629297, 35.9327577], [137.0637395, 35.9356942], [137.0632087, 35.940311], [137.062399, 35.9426909], [137.0613511, 35.9457236], [137.0580757, 35.9493234], [137.0564272, 35.9524552], [137.0552132, 35.9556079], [137.0553679, 35.961788], [137.0557264, 35.9669144], [137.0536908, 35.9709823], [137.0526536, 35.973133], [137.0513832, 35.9777856], [137.0511201, 35.9805505], [137.0492592, 35.9835924], [137.049083, 35.9865901], [137.0518918, 35.9905834], [137.0525494, 35.9924866], [137.0509638, 35.9973087], [137.0460533, 36.0015564], [137.0445299, 36.0036059], [137.0424914, 36.0078631], [137.0432371, 36.0117945], [137.0453024, 36.0163593], [137.0483065, 36.0202253], [137.0516056, 36.0249587], [137.0533973, 36.0274143], [137.0567125, 36.0313491], [137.0589012, 36.0337481], [137.0628387, 36.0364854], [137.0650166, 36.0402549], [137.0671302, 36.0439419], [137.0693564, 36.0479106], [137.0709068, 36.0519441], [137.0704025, 36.0547068], [137.0678222, 36.0594338], [137.0645177, 36.0626299], [137.0615673, 36.0643471], [137.0598397, 36.0656759], [137.05957642, 36.07047318]]}, "properties": {"kv": 500, "name": "越美幹線", "region": "chubu", "loading": 0.0, "xfmr": false, "npts_orig": 114}}, {"type": "Feature", "geometry": {"type": "LineString", "coordinates": [[138.1592204, 34.6755298], [138.155687, 34.6774575], [138.1552442, 34.6804349], [138.1524553, 34.6843343], [138.1501144, 34.6894221], [138.1452598, 34.6916712], [138.1413485, 34.6941375], [138.1395312, 34.6972189], [138.1411976, 34.6997883], [138.1395186, 34.7037225], [138.1376258, 34.7076617], [138.1359657, 34.7119419], [138.1350036, 34.7150226], [138.1330731, 34.7210752], [138.132111, 34.7241814], [138.1319664, 34.7278561], [138.1273708, 34.7302884], [138.1262114, 34.7324714], [138.1253876, 34.7354428], [138.1252304, 34.7392048], [138.1250229, 34.7439949], [138.1266013, 34.7478185], [138.1272741, 34.751864], [138.1279863, 34.7571519], [138.1287846, 34.7602789], [138.1301051, 34.7639829], [138.1324129, 34.7666639], [138.1341988, 34.7688903], [138.1363368, 34.7730123], [138.1325029, 34.7789475], [138.1327266, 34.7828233], [138.1311663, 34.7865633], [138.1271449, 34.7880526], [138.124319, 34.7898839], [138.1229412, 34.7907767], [138.1218659, 34.7930567], [138.12224, 34.7953934], [138.1196463, 34.7985611], [138.1172363, 34.8014565], [138.1148396, 34.8052427], [138.1131499, 34.8073931], [138.110937, 34.8102183], [138.110113, 34.8112703], [138.1079965, 34.8132708], [138.1067337, 34.8161402], [138.1054931, 34.8189182], [138.1072018, 34.8238466], [138.1072399, 34.8266521]]}, "properties": {"kv": 500, "name": "上ノ原変電所~静岡変電所線", "region": "chubu", "loading": 0.0, "xfmr": false, "npts_orig": 48}}, {"type": "Feature", "geometry": {"type": "LineString", "coordinates": [[138.1592204, 34.6755298], [138.1613075, 34.6722489], [138.1598549, 34.6695183], [138.1574968, 34.6648584], [138.1558241, 34.6537429], [138.1568347, 34.649604], [138.1541447, 34.6460871], [138.1511169, 34.6457173], [138.1494663, 34.642621], [138.14824, 34.6401894], [138.1476615, 34.6375638], [138.1453253, 34.6341223], [138.14195616, 34.62965082]]}, "properties": {"kv": 500, "name": "中部電力パワーグリッド 500.0kV線", "region": "chubu", "loading": 0.0, "xfmr": false, "npts_orig": 13}}, {"type": "Feature", "geometry": {"type": "LineString", "coordinates": [[138.1592204, 34.6755298], [138.1571465, 34.6760618], [138.1572837, 34.6796612], [138.1597355, 34.6818082], [138.1623781, 34.6830124], [138.1651281, 34.6838346], [138.1688294, 34.6848349], [138.1709198, 34.686326], [138.1739594, 34.68749]]}, "properties": {"kv": 500, "name": "中部送電線_711", "region": "chubu", "loading": 0.0, "xfmr": false, "npts_orig": 9}}, {"type": "Feature", "geometry": {"type": "LineString", "coordinates": [[138.1072399, 34.8266521], [138.1036996, 34.8306061], [138.1023843, 34.8331235], [138.1005586, 34.8366247]]}, "properties": {"kv": 500, "name": "上ノ原変電所~静岡変電所線", "region": "chubu", "loading": 0.0, "xfmr": false, "npts_orig": 4}}, {"type": "Feature", "geometry": {"type": "LineString", "coordinates": [[138.1072399, 34.8266521], [138.110371, 34.8244673], [138.1121793, 34.8226887], [138.113857, 34.8210311], [138.1157227, 34.8200074], [138.116568, 34.8178911], [138.1171027, 34.8158112], [138.1192411, 34.8143894], [138.1214556, 34.812917], [138.1234297, 34.8116067], [138.1259164, 34.8091812], [138.1271888, 34.8079355], [138.1284951, 34.8059821], [138.129808, 34.8040473], [138.1318907, 34.8030221], [138.1339681, 34.8019958]]}, "properties": {"kv": 500, "name": "金谷天王町変電所~大柳南変電所線", "region": "chubu", "loading": 0.0, "xfmr": false, "npts_orig": 16}}, {"type": "Feature", "geometry": {"type": "LineString", "coordinates": [[136.72339766666667, 35.58409584444444], [136.7202827, 35.5808358], [136.718264, 35.5800575]]}, "properties": {"kv": 500, "name": "中部電力パワーグリッド 500.0kV線", "region": "chubu", "loading": 0.0, "xfmr": false, "npts_orig": 3}}, {"type": "Feature", "geometry": {"type": "LineString", "coordinates": [[136.72339766666667, 35.58409584444444], [136.7151594, 35.5854045], [136.7108598, 35.5878164], [136.7059952, 35.59056], [136.7040023, 35.591919], [136.6998493, 35.5946511], [136.6946028, 35.5977695], [136.6929647, 35.5987384], [136.6872946, 35.6012916], [136.6823791, 35.6041696], [136.6787508, 35.6062716], [136.6750624, 35.6090124], [136.6725685, 35.6119336], [136.6685717, 35.6167449], [136.6675755, 35.6225958], [136.6659049, 35.6277402], [136.6639207, 35.6320454], [136.6633563, 35.6335747], [136.6607086, 35.6373813], [136.6594057, 35.6414984], [136.6586959, 35.6443272], [136.6565843, 35.6501006], [136.6545241, 35.6533636], [136.6524881, 35.6565379], [136.6508876, 35.6591225], [136.6489322, 35.6640851], [136.6531078, 35.6681089], [136.6543097, 35.6713469], [136.6540762, 35.675361], [136.6548034, 35.6794763], [136.6523978, 35.6833868], [136.652428, 35.6864669], [136.6525418, 35.6888169], [136.6535363, 35.6938655], [136.6539849, 35.6960676], [136.6605954, 35.6999415], [136.6630589, 35.7019393], [136.6639787, 35.706361], [136.6653779, 35.711357], [136.6669316, 35.7176428], [136.6665476, 35.7194274], [136.6653426, 35.7242292], [136.6644458, 35.7275545]]}, "properties": {"kv": 500, "name": "中部電力パワーグリッド 500.0kV線", "region": "chubu", "loading": 0.0, "xfmr": false, "npts_orig": 43}}, {"type": "Feature", "geometry": {"type": "LineString", "coordinates": [[136.6644458, 35.7275545], [136.66089457142857, 35.735055471428566]]}, "properties": {"kv": 500, "name": "中部電力パワーグリッド 500.0kV線", "region": "chubu", "loading": 0.0, "xfmr": false, "npts_orig": 2}}, {"type": "Feature", "geometry": {"type": "LineString", "coordinates": [[136.6644458, 35.7275545], [136.6606957, 35.7245551]]}, "properties": {"kv": 500, "name": "山県市変電所~本巣市変電所線", "region": "chubu", "loading": 0.0, "xfmr": false, "npts_orig": 2}}, {"type": "Feature", "geometry": {"type": "LineString", "coordinates": [[136.66089457142857, 35.735055471428566], [136.6596222, 35.7276319], [136.6606957, 35.7245551]]}, "properties": {"kv": 500, "name": "leadin", "region": "chubu", "loading": 0.0, "xfmr": false, "npts_orig": 3}}, {"type": "Feature", "geometry": {"type": "LineString", "coordinates": [[135.9654894, 35.7040235], [135.9727706, 35.7042475], [135.9766325, 35.7043731], [135.9812899, 35.6994432], [135.9833579, 35.6979217], [135.9861684, 35.6959822], [135.9873377, 35.6933488], [135.9879093, 35.6916901], [135.9891109, 35.6879545], [135.9898633, 35.685518], [135.9918272, 35.6807774], [135.9937087, 35.6774136], [135.9946346, 35.675772], [135.9972524, 35.6709196], [135.9990792, 35.6675788], [136.0001295, 35.6641976], [136.0008189, 35.6616002], [136.0007648, 35.6590742], [136.000704, 35.6544887], [136.0006567, 35.651523], [136.0014272, 35.6471403], [136.0021909, 35.6430649], [136.0028938, 35.6390442], [136.0030216, 35.634388], [136.0030752, 35.6303898], [136.0031342, 35.6259849], [136.0018789, 35.6237011], [135.9998941, 35.6200381], [135.9986979, 35.6177836], [135.997122, 35.6147859], [135.995151, 35.6102935], [135.9932004, 35.6081341], [135.992005, 35.6061558], [135.9902912, 35.603343], [135.988119, 35.5999684], [135.986588, 35.5968826], [135.9844997, 35.5927468], [135.9836825, 35.5911115], [135.982276, 35.5883554], [135.9803018, 35.5845123], [135.9791446, 35.5820495], [135.9770072, 35.5792861], [135.9752829, 35.5778816], [135.9718276, 35.5749405], [135.9700829, 35.5725999], [135.9670617, 35.5685467], [135.9651026, 35.5659667], [135.9668444, 35.5617303], [135.9677239, 35.5595295], [135.9712214, 35.5586165]]}, "properties": {"kv": 500, "name": "色浜変電所~疋田変電所線", "region": "chubu", "loading": 0.0, "xfmr": false, "npts_orig": 50}}, {"type": "Feature", "geometry": {"type": "LineString", "coordinates": [[138.1953076, 34.6150693], [138.1952539, 34.6146675], [138.1929392, 34.6150627], [138.1900397, 34.6151267], [138.1876686, 34.6137846], [138.1861666, 34.6161553], [138.1846689, 34.6175841], [138.1838492, 34.6193516], [138.1847537, 34.6222676], [138.1875475, 34.6240042], [138.1871255, 34.6271397]]}, "properties": {"kv": 500, "name": "上ノ原変電所~500 kV switching station線", "region": "chubu", "loading": 0.0, "xfmr": false, "npts_orig": 11}}, {"type": "Feature", "geometry": {"type": "LineString", "coordinates": [[138.1739594, 34.68749], [138.177413, 34.6858898], [138.1811434, 34.6842014]]}, "properties": {"kv": 500, "name": "中部電力南山変電所~上ノ原変電所線", "region": "chubu", "loading": 0.0, "xfmr": false, "npts_orig": 3}}, {"type": "Feature", "geometry": {"type": "LineString", "coordinates": [[138.1739594, 34.68749], [138.1710686, 34.6899774], [138.1705908, 34.6923661], [138.1695872, 34.6953543], [138.1681892, 34.7003873], [138.1676902, 34.7031228], [138.1670864, 34.7062246], [138.1670325, 34.7101623], [138.1670103, 34.712266], [138.1682059, 34.7151099], [138.1691047, 34.7172613], [138.169966, 34.7193228]]}, "properties": {"kv": 500, "name": "中部電力南山変電所~大柳南変電所線", "region": "chubu", "loading": 0.0, "xfmr": false, "npts_orig": 12}}, {"type": "Feature", "geometry": {"type": "LineString", "coordinates": [[138.1811434, 34.6842014], [138.1826032, 34.6814171], [138.1843847, 34.6779573], [138.1851674, 34.6765297], [138.1862175, 34.6745302], [138.1867999, 34.6712825], [138.1870317, 34.6681712], [138.1872931, 34.664952], [138.1864732, 34.6617439], [138.1858943, 34.659249], [138.1865946, 34.6562246], [138.1870797, 34.6541312], [138.1875385, 34.6521534], [138.1876311, 34.6484101], [138.1872261, 34.6459299], [138.1853405, 34.6427546], [138.1835581, 34.6397612], [138.1831486, 34.6377509]]}, "properties": {"kv": 500, "name": "上ノ原変電所~500 kV switching station線", "region": "chubu", "loading": 0.0, "xfmr": false, "npts_orig": 18}}, {"type": "Feature", "geometry": {"type": "LineString", "coordinates": [[138.1811434, 34.6842014], [138.18462, 34.6857351], [138.187339, 34.6855917]]}, "properties": {"kv": 500, "name": "中部送電線_714", "region": "chubu", "loading": 0.0, "xfmr": false, "npts_orig": 3}}, {"type": "Feature", "geometry": {"type": "LineString", "coordinates": [[138.1831486, 34.6377509], [138.1821902, 34.6356123], [138.1822371, 34.6333414], [138.1826676, 34.6316145], [138.1834301, 34.6296591], [138.1843038, 34.6285688], [138.1871255, 34.6271397]]}, "properties": {"kv": 500, "name": "上ノ原変電所~500 kV switching station線", "region": "chubu", "loading": 0.0, "xfmr": false, "npts_orig": 7}}, {"type": "Feature", "geometry": {"type": "LineString", "coordinates": [[138.1831486, 34.6377509], [138.1879757, 34.6344598], [138.189897, 34.6330443]]}, "properties": {"kv": 500, "name": "中部送電線_713", "region": "chubu", "loading": 0.0, "xfmr": false, "npts_orig": 3}}, {"type": "Feature", "geometry": {"type": "LineString", "coordinates": [[138.1871255, 34.6271397], [138.1846686, 34.6264224]]}, "properties": {"kv": 500, "name": "中部送電線_712", "region": "chubu", "loading": 0.0, "xfmr": false, "npts_orig": 2}}, {"type": "Feature", "geometry": {"type": "LineString", "coordinates": [[138.187339, 34.6855917], [138.1874964, 34.6855817]]}, "properties": {"kv": 500, "name": "中部送電線_714", "region": "chubu", "loading": 0.0, "xfmr": false, "npts_orig": 2}}, {"type": "Feature", "geometry": {"type": "LineString", "coordinates": [[138.187339, 34.6855917], [138.1843062, 34.6901253], [138.184866, 34.6920094], [138.1839214, 34.6948068]]}, "properties": {"kv": 500, "name": "上ノ原変電所~奥の谷変電所線", "region": "chubu", "loading": 0.0, "xfmr": false, "npts_orig": 4}}, {"type": "Feature", "geometry": {"type": "LineString", "coordinates": [[138.169966, 34.7193228], [138.1704817, 34.719456], [138.1737642, 34.7203603], [138.1745183, 34.7229335], [138.1738216, 34.7253759], [138.1740959, 34.7257857], [138.1755403, 34.7274373], [138.1760136, 34.7287754], [138.1767317, 34.7301101], [138.1778456, 34.7314597], [138.178279, 34.7322953], [138.1787445, 34.733193], [138.1792403, 34.7338438], [138.1804618, 34.7346734], [138.1825148, 34.7358188], [138.1836111, 34.7364467], [138.1847934, 34.7370508], [138.186261, 34.7379237], [138.1871716, 34.738477], [138.1882561, 34.7390987], [138.189309, 34.7396793], [138.1900435, 34.740072], [138.1925662, 34.7421609], [138.1933243, 34.7425961], [138.1943774, 34.7433111], [138.1963299, 34.7446877], [138.1972546, 34.7453437], [138.1987122, 34.7464367], [138.1993947, 34.7469598], [138.2006461, 34.7477038], [138.2014527, 34.7480107], [138.2024343, 34.7484169], [138.2037081, 34.7492425], [138.2052694, 34.7500218], [138.2064815, 34.7504252], [138.2073649, 34.7512226], [138.2082483, 34.7520199], [138.2094092, 34.7528649], [138.2107244, 34.7536502], [138.2128339, 34.7548928], [138.2143237, 34.7553269]]}, "properties": {"kv": 500, "name": "中部電力南山変電所~大柳南変電所線", "region": "chubu", "loading": 0.0, "xfmr": false, "npts_orig": 41}}, {"type": "Feature", "geometry": {"type": "LineString", "coordinates": [[138.169966, 34.7193228], [138.1692279, 34.7220933], [138.1696103, 34.7269871], [138.1681613, 34.7313502]]}, "properties": {"kv": 500, "name": "中部送電線_715", "region": "chubu", "loading": 0.0, "xfmr": false, "npts_orig": 4}}, {"type": "Feature", "geometry": {"type": "LineString", "coordinates": [[138.2143237, 34.7553269], [138.2121405, 34.7567057], [138.2083418, 34.7593454]]}, "properties": {"kv": 500, "name": "中部送電線_720", "region": "chubu", "loading": 0.0, "xfmr": false, "npts_orig": 3}}, {"type": "Feature", "geometry": {"type": "LineString", "coordinates": [[138.2143237, 34.7553269], [138.2167474, 34.7543019], [138.2218762, 34.7521692], [138.2240167, 34.7508183], [138.2287574, 34.7508117], [138.2300533, 34.7506687]]}, "properties": {"kv": 500, "name": "中部送電線_720", "region": "chubu", "loading": 0.0, "xfmr": false, "npts_orig": 6}}, {"type": "Feature", "geometry": {"type": "LineString", "coordinates": [[138.1681613, 34.7313502], [138.167968, 34.7318327], [138.1659612, 34.734917], [138.1664391, 34.7376139], [138.1659243, 34.7400328], [138.1655178, 34.7437609], [138.167053, 34.7460289], [138.1685844, 34.7485977], [138.1696462, 34.751015], [138.1706855, 34.7533973], [138.1722133, 34.7559659], [138.1734368, 34.7579947], [138.1747972, 34.7603029], [138.1763965, 34.7630017], [138.1778838, 34.7654923], [138.1789281, 34.767497], [138.1798692, 34.769868], [138.1817351, 34.7726645], [138.1834487, 34.7753072], [138.1848956, 34.7777498]]}, "properties": {"kv": 500, "name": "奥の谷変電所~大柳南変電所線", "region": "chubu", "loading": 0.0, "xfmr": false, "npts_orig": 20}}, {"type": "Feature", "geometry": {"type": "LineString", "coordinates": [[138.1681613, 34.7313502], [138.1693394, 34.7315831], [138.1723383, 34.7312164], [138.1733843, 34.7295328], [138.1772669, 34.7305496], [138.1790286, 34.7300996], [138.1839016, 34.7290056], [138.1847183, 34.7312544], [138.1849299, 34.7312614]]}, "properties": {"kv": 500, "name": "中部送電線_716", "region": "chubu", "loading": 0.0, "xfmr": false, "npts_orig": 9}}, {"type": "Feature", "geometry": {"type": "LineString", "coordinates": [[138.1848956, 34.7777498], [138.1875311, 34.7804123], [138.1891496, 34.7818139]]}, "properties": {"kv": 500, "name": "奥の谷変電所~大柳南変電所線", "region": "chubu", "loading": 0.0, "xfmr": false, "npts_orig": 3}}, {"type": "Feature", "geometry": {"type": "LineString", "coordinates": [[138.1848956, 34.7777498], [138.1824759, 34.7790718], [138.1783547, 34.7807153], [138.1753323, 34.7809622], [138.171301, 34.7812952], [138.1680811, 34.7815748], [138.1657023, 34.7817677], [138.1632792, 34.7819779], [138.1611508, 34.7821561], [138.1578122, 34.7824355], [138.1554464, 34.7826343], [138.1521977, 34.7842202]]}, "properties": {"kv": 500, "name": "金谷天王町変電所~大柳南変電所線", "region": "chubu", "loading": 0.0, "xfmr": false, "npts_orig": 12}}, {"type": "Feature", "geometry": {"type": "LineString", "coordinates": [[138.1848956, 34.7777498], [138.1886644, 34.7749004], [138.19092, 34.7736345], [138.1938373, 34.7719972], [138.1954817, 34.7699157], [138.1984559, 34.7662317]]}, "properties": {"kv": 500, "name": "金谷天王町変電所~大柳南変電所線", "region": "chubu", "loading": 0.0, "xfmr": false, "npts_orig": 6}}, {"type": "Feature", "geometry": {"type": "LineString", "coordinates": [[138.1891496, 34.7818139], [138.1900868, 34.7857721], [138.1907935, 34.7887926], [138.1922655, 34.790215], [138.1944077, 34.7891212]]}, "properties": {"kv": 500, "name": "奥の谷変電所~大柳南変電所線", "region": "chubu", "loading": 0.0, "xfmr": false, "npts_orig": 5}}, {"type": "Feature", "geometry": {"type": "LineString", "coordinates": [[138.1891496, 34.7818139], [138.1862951, 34.7838168], [138.1861954, 34.7837198]]}, "properties": {"kv": 500, "name": "中部送電線_718", "region": "chubu", "loading": 0.0, "xfmr": false, "npts_orig": 3}}, {"type": "Feature", "geometry": {"type": "LineString", "coordinates": [[138.1339681, 34.8019958], [138.1353414, 34.8005917], [138.1366839, 34.7991898], [138.138155, 34.79768], [138.1389778, 34.7953166], [138.1400044, 34.7933981], [138.1414778, 34.7921058], [138.1428945, 34.7908793], [138.1445336, 34.7888509], [138.1456572, 34.7872965]]}, "properties": {"kv": 500, "name": "金谷天王町変電所~大柳南変電所線", "region": "chubu", "loading": 0.0, "xfmr": false, "npts_orig": 10}}, {"type": "Feature", "geometry": {"type": "LineString", "coordinates": [[138.1339681, 34.8019958], [138.1342605, 34.8018416], [138.1359787, 34.8020666], [138.1381329, 34.8027868], [138.1401219, 34.8034521], [138.1404004, 34.8049398], [138.1417265, 34.8083028], [138.1423232, 34.8097963], [138.1432362, 34.8120967], [138.1445646, 34.8137085], [138.1461657, 34.8156525], [138.14844671999998, 34.81938754]]}, "properties": {"kv": 500, "name": "中部送電線_724", "region": "chubu", "loading": 0.0, "xfmr": false, "npts_orig": 12}}, {"type": "Feature", "geometry": {"type": "LineString", "coordinates": [[138.1456572, 34.7872965], [138.1521977, 34.7842202]]}, "properties": {"kv": 500, "name": "金谷天王町変電所~大柳南変電所線", "region": "chubu", "loading": 0.0, "xfmr": false, "npts_orig": 2}}, {"type": "Feature", "geometry": {"type": "LineString", "coordinates": [[138.1456572, 34.7872965], [138.1476447, 34.7892151], [138.1501552, 34.7904817], [138.1521535, 34.7919399], [138.1539103, 34.7930545], [138.1551907, 34.7935067]]}, "properties": {"kv": 500, "name": "新菊川変電所~金谷天王町変電所線", "region": "chubu", "loading": 0.0, "xfmr": false, "npts_orig": 6}}, {"type": "Feature", "geometry": {"type": "LineString", "coordinates": [[138.1521977, 34.7842202], [138.1506005, 34.7815491], [138.1498351, 34.7802595], [138.1485466, 34.7778683]]}, "properties": {"kv": 500, "name": "中部送電線_722", "region": "chubu", "loading": 0.0, "xfmr": false, "npts_orig": 4}}, {"type": "Feature", "geometry": {"type": "LineString", "coordinates": [[138.1984559, 34.7662317], [138.1979589, 34.7652355], [138.1956541, 34.7646678], [138.1947995, 34.7626595], [138.1933021, 34.7615017], [138.1931382, 34.761499]]}, "properties": {"kv": 500, "name": "中部送電線_719", "region": "chubu", "loading": 0.0, "xfmr": false, "npts_orig": 6}}, {"type": "Feature", "geometry": {"type": "LineString", "coordinates": [[138.1984559, 34.7662317], [138.2026693, 34.7632959], [138.206405, 34.7606836], [138.2083418, 34.7593454]]}, "properties": {"kv": 500, "name": "中部送電線_720", "region": "chubu", "loading": 0.0, "xfmr": false, "npts_orig": 4}}, {"type": "Feature", "geometry": {"type": "LineString", "coordinates": [[138.2083418, 34.7593454], [138.2095246, 34.7607096], [138.2116401, 34.7631074], [138.2132162, 34.7649278], [138.2173493, 34.765319], [138.2188048, 34.7669853], [138.2212352, 34.768443], [138.2239967, 34.7699887], [138.2265755, 34.7712367]]}, "properties": {"kv": 500, "name": "中部送電線_721", "region": "chubu", "loading": 0.0, "xfmr": false, "npts_orig": 9}}, {"type": "Feature", "geometry": {"type": "LineString", "coordinates": [[138.1485466, 34.7778683], [138.1471153, 34.7763143]]}, "properties": {"kv": 500, "name": "中部送電線_723", "region": "chubu", "loading": 0.0, "xfmr": false, "npts_orig": 2}}, {"type": "Feature", "geometry": {"type": "LineString", "coordinates": [[138.1485466, 34.7778683], [138.148037, 34.7749388], [138.1478765, 34.7749487]]}, "properties": {"kv": 500, "name": "中部送電線_722", "region": "chubu", "loading": 0.0, "xfmr": false, "npts_orig": 3}}, {"type": "Feature", "geometry": {"type": "LineString", "coordinates": [[136.72526466666667, 36.501692123809526], [136.71694313461538, 36.501026884615385]]}, "properties": {"kv": 500, "name": "北陸電力送配電 500.0kV線", "region": "hokuriku", "loading": 0.0, "xfmr": false, "npts_orig": 2}}, {"type": "Feature", "geometry": {"type": "LineString", "coordinates": [[136.72526466666667, 36.501692123809526], [136.7253034, 36.4969277], [136.7272244, 36.4943151], [136.7316247, 36.4904629], [136.7324149, 36.4867184], [136.7329927, 36.4838982], [136.7339932, 36.4789327], [136.7326958, 36.4763544], [136.7300972, 36.4722062], [136.7272115, 36.4679876], [136.7254288, 36.4627712], [136.7243412, 36.4594664], [136.7219299, 36.4582659], [136.7165829, 36.4582346], [136.7106968, 36.45774], [136.7059895, 36.453963], [136.7028809, 36.4514313], [136.6973099, 36.4485705], [136.6935307, 36.4466556], [136.6875869, 36.4442024], [136.6835046, 36.442528], [136.6781321, 36.4394489], [136.6751817, 36.4379449], [136.671727, 36.4339765], [136.6693532, 36.4334888], [136.6646567, 36.4348052], [136.6606522, 36.4327853], [136.6590013, 36.4314711], [136.6577876, 36.4292807], [136.6567844, 36.4273211], [136.6546246, 36.4253167], [136.6516252, 36.4223864], [136.6465129, 36.4200425], [136.6440912, 36.4186064], [136.63988, 36.4162931], [136.637275, 36.4139403], [136.6360343, 36.411863], [136.6369961, 36.4073987], [136.6386382, 36.4043626], [136.6410795, 36.3998895], [136.6429245, 36.3983213], [136.6431539, 36.3939531], [136.6389933, 36.3918851], [136.6332849, 36.3892445], [136.6306546, 36.3878087], [136.6259471, 36.3866189], [136.6217387, 36.3855457], [136.6184637, 36.384736], [136.6149554, 36.382758], [136.6115624, 36.3804895], [136.6090585, 36.3788645], [136.6054121, 36.3764761], [136.6028063, 36.3747463], [136.599817, 36.3727875], [136.5969899, 36.3709237], [136.5924892, 36.3675524], [136.5894824, 36.3645524], [136.5856495, 36.3608913], [136.5825462, 36.3578921], [136.5831028, 36.3537436], [136.5809919, 36.3492406], [136.5791586, 36.3448572], [136.5782386, 36.342646], [136.5773468, 36.3405816], [136.5756007, 36.3364516], [136.5744406, 36.3336881], [136.5738463, 36.3316481], [136.5727317, 36.3269591], [136.5717797, 36.3229668], [136.5709423, 36.3194201], [136.5703549, 36.3166146], [136.5686423, 36.3079751], [136.5679417, 36.3042624], [136.5674278, 36.2999242], [136.5670946, 36.2966599], [136.567533, 36.2925333], [136.5612714, 36.2852514], [136.5575894, 36.2786433], [136.5558992, 36.2758259], [136.5527229, 36.2714881], [136.5514387, 36.2689651], [136.55013, 36.2663517], [136.5488279, 36.2638153], [136.5466988, 36.2600737], [136.5461375, 36.2567242], [136.5451586, 36.2541302], [136.5363297, 36.2228568], [136.5366038, 36.2182081], [136.5370562, 36.2155285], [136.5372053, 36.2121852], [136.5358994, 36.2092316], [136.534902, 36.2064771], [136.5335653, 36.2027932], [136.5326656, 36.2002127], [136.531591, 36.1973541], [136.5301104, 36.1932133], [136.5292209, 36.1889266], [136.5286943, 36.1854487], [136.5279808, 36.1808391], [136.5276622, 36.1780222], [136.5274269, 36.1735422], [136.5258164, 36.1694577], [136.524684, 36.1664113], [136.5244517, 36.1621105], [136.5242829, 36.1590095], [136.5239561, 36.1544852], [136.5222609, 36.1518257], [136.5220973, 36.1500714], [136.5210298, 36.147859], [136.5178567, 36.1435997], [136.5151034, 36.1398394], [136.5133466, 36.1374729], [136.5106496, 36.1341044], [136.5078494, 36.1307055], [136.5050814, 36.1278437], [136.5020585, 36.1248041], [136.5004505, 36.1231576], [136.4975899, 36.1205089], [136.4955354, 36.1186369], [136.4913109, 36.114688], [136.4879487, 36.1116252], [136.4853671, 36.1092655], [136.4827359, 36.1072534], [136.4800537, 36.1051991], [136.4766164, 36.1025802], [136.4735144, 36.1002266], [136.4710669, 36.0977061], [136.4675412, 36.0942168], [136.4651218, 36.0918565], [136.4611441, 36.0879203], [136.458491, 36.0853895], [136.4547747, 36.0818255], [136.4501516, 36.0798232], [136.4465188, 36.0782562], [136.4433092, 36.0736506], [136.4401533, 36.0705514], [136.4376997, 36.0681112], [136.4368383, 36.0633257], [136.4368114, 36.0589909], [136.4373219, 36.0545272], [136.4374535, 36.0501507], [136.4369439, 36.0447725], [136.4368332, 36.0424763], [136.4365831, 36.0372792], [136.4362491, 36.0329025], [136.4361061, 36.0309359], [136.4349766, 36.0275534], [136.4342961, 36.0254226], [136.4326298, 36.020674], [136.4315567, 36.0187195], [136.4296636, 36.0155088], [136.4286298, 36.0136353], [136.4270115, 36.0098775], [136.4255764, 36.0062537], [136.424467, 36.0034525], [136.4241396, 36.0001977], [136.4213369, 35.9949606], [136.419312, 35.9907247], [136.4169137, 35.9902713], [136.41599387142858, 35.9954246]]}, "properties": {"kv": 500, "name": "加賀変電所~越前変電所線", "region": "hokuriku", "loading": 0.0, "xfmr": false, "npts_orig": 160}}, {"type": "Feature", "geometry": {"type": "LineString", "coordinates": [[136.72526466666667, 36.501692123809526], [136.7307866, 36.5000227], [136.7364867, 36.5022958], [136.7400214, 36.5044609], [136.7430536, 36.5064158], [136.7445382, 36.5105761], [136.7475651, 36.5134384], [136.7509239, 36.5145396], [136.7537313, 36.5176817], [136.7567462, 36.5209825], [136.7584218, 36.5226945], [136.7614763, 36.5256297], [136.7605125, 36.5279611], [136.7594745, 36.5305228], [136.760809, 36.5352249], [136.761239, 36.5381676], [136.7634286, 36.5431791], [136.7653414, 36.5454385], [136.7682723, 36.5482061], [136.7700615, 36.5499015], [136.7741886, 36.5536655], [136.776388, 36.5552338], [136.7788642, 36.5591496], [136.7816554, 36.5635265], [136.7833197, 36.5660843], [136.7863837, 36.5674341], [136.7890918, 36.5698972], [136.7907689, 36.5722742], [136.7930103, 36.5784635], [136.7923958, 36.5809544], [136.7911724, 36.5857193], [136.7902643, 36.5911434], [136.7903416, 36.5956243], [136.790452, 36.6000738], [136.7906373, 36.6045098], [136.7880926, 36.6079033], [136.786136, 36.6106167], [136.7859529, 36.6138148], [136.7846735, 36.6174676], [136.7846757, 36.6214424], [136.784682, 36.6244721], [136.7847104, 36.6280894], [136.7842835, 36.631104], [136.7840341, 36.6328655], [136.7834863, 36.6369211], [136.7831124, 36.6395392], [136.7839732, 36.644738], [136.7853871, 36.646885], [136.7871598, 36.6495767], [136.7886834, 36.6518902], [136.79184, 36.6566054], [136.7949839, 36.6613025], [136.7961267, 36.6635525], [136.7974686, 36.6661947], [136.8002663, 36.6703594], [136.7998352, 36.6736122], [136.798325, 36.6775445], [136.8001904, 36.6806377], [136.8028703, 36.6849417], [136.8074651, 36.6868033], [136.8101446, 36.6916951], [136.810163, 36.6958685], [136.8101909, 36.7009198], [136.8098538, 36.7039145], [136.809366, 36.7087846], [136.8085544, 36.7129845], [136.8079718, 36.7168544], [136.8073549, 36.720933], [136.8069366, 36.7237288], [136.8062479, 36.7283325], [136.8037464, 36.7314388], [136.8035918, 36.7355211], [136.8035401, 36.7368873], [136.8021252, 36.7414763], [136.7998503, 36.7450058], [136.7986097, 36.7470591], [136.7969246, 36.7497084], [136.794824, 36.7543758], [136.7929616, 36.7580932], [136.7919447, 36.7606467], [136.7900853, 36.7644592], [136.7882113, 36.7681808], [136.7877, 36.7733382], [136.7882346, 36.7765543], [136.7898006, 36.7791909], [136.7933219, 36.7840846], [136.7944608, 36.7865325], [136.7963173, 36.7905834], [136.7979066, 36.7940524], [136.7987985, 36.7959928], [136.8005301, 36.799778], [136.8045337, 36.8041562], [136.8058935, 36.8057753], [136.8093799, 36.8095251], [136.8115909, 36.8121327], [136.8125758, 36.815731], [136.8136886, 36.8202177], [136.8144353, 36.8233435], [136.8160884, 36.8264018], [136.8180446, 36.8299032], [136.8202046, 36.8330307], [136.8231731, 36.8373117], [136.8226153, 36.8404275], [136.8218657, 36.8444011], [136.8212236, 36.8480793], [136.8204309, 36.8523738], [136.820381, 36.8526361], [136.8230889, 36.8549168], [136.825573, 36.8569323], [136.8295359, 36.8601357], [136.8320549, 36.8638991], [136.8341753, 36.8672885], [136.8370203, 36.8723355], [136.839057, 36.8759101], [136.8420239, 36.8847197], [136.8431877, 36.8903122], [136.8431831, 36.8957705], [136.8432026, 36.8988249], [136.8425781, 36.9027569], [136.8420959, 36.9064904], [136.8414625, 36.9113829], [136.837833, 36.914609], [136.8369738, 36.9189348], [136.8359384, 36.9240723], [136.8349522, 36.9289401], [136.8340072, 36.933778], [136.8322199, 36.9365532], [136.8301367, 36.9397979], [136.8273509, 36.9441229], [136.827318, 36.9462278], [136.8293813, 36.9488817], [136.8310694, 36.9514062], [136.8335265, 36.9547126], [136.8342702, 36.9586297], [136.8350796, 36.9626581], [136.8356466, 36.96536], [136.8358932, 36.9701661], [136.837245, 36.9754511], [136.8370806, 36.9780804], [136.8369122, 36.9805782], [136.8369592, 36.9829159], [136.8367627, 36.9866186], [136.8372717, 36.9903427], [136.83914889, 36.995691699999995]]}, "properties": {"kv": 500, "name": "能登幹線", "region": "hokuriku", "loading": 0.0, "xfmr": false, "npts_orig": 144}}, {"type": "Feature", "geometry": {"type": "LineString", "coordinates": [[136.72526466666667, 36.501692123809526], [136.7287173, 36.494907], [136.7331547, 36.4908248], [136.7351586, 36.4863075], [136.7376731, 36.4821518], [136.7398122, 36.4779097], [136.7426097, 36.472536], [136.7494829, 36.4723645], [136.7513189, 36.46987], [136.7576811, 36.4684162], [136.7625949, 36.4691647], [136.7712376, 36.4692548], [136.7750843, 36.4691618], [136.7805793, 36.4720559], [136.7843703, 36.4729424], [136.7892515, 36.4733759], [136.793473, 36.4777063], [136.7961721, 36.4812525], [136.7994645, 36.4835094], [136.8015593, 36.4873631], [136.8041879, 36.4925244], [136.8081287, 36.4953292], [136.8126603, 36.4963448], [136.8160969, 36.4978913], [136.8193719, 36.4989392], [136.8252726923077, 36.49941449230769]]}, "properties": {"kv": 500, "name": "加賀福光線", "region": "hokuriku", "loading": 0.0, "xfmr": false, "npts_orig": 26}}, {"type": "Feature", "geometry": {"type": "LineString", "coordinates": [[136.41599387142858, 35.9954246], [136.4124145, 35.9922794], [136.4141575, 35.9887169], [136.4165734, 35.9870857], [136.4137287, 35.9827076], [136.411947, 35.9800291], [136.4106028, 35.9778313], [136.4088571, 35.9753754], [136.4071791, 35.9728041], [136.4047868, 35.9696971], [136.4016302, 35.9653534], [136.398184, 35.9607868], [136.3962995, 35.9569339], [136.3944429, 35.9528628], [136.3929214, 35.9502901], [136.391648, 35.9481467], [136.3900401, 35.9456365], [136.3862064, 35.9412673], [136.3840252, 35.9386919], [136.3805522, 35.9361738], [136.3759145, 35.9328718], [136.3713446, 35.9295372], [136.3701208, 35.9287086], [136.3660057, 35.9259223], [136.3632959, 35.9224101], [136.3600194, 35.9203351], [136.3572318, 35.9179108], [136.354884, 35.9153998], [136.3498796, 35.9116749], [136.3467791, 35.9093774], [136.3429583, 35.9066734], [136.3374392, 35.9027761], [136.3325892, 35.9008222], [136.3277294, 35.8963817], [136.3255616, 35.8946986], [136.3211425, 35.891301], [136.3156878, 35.8843647], [136.3124137, 35.8798253], [136.3085674, 35.8732738], [136.3054027, 35.8672533], [136.3026753, 35.862322], [136.3009643, 35.8596946], [136.3001216, 35.858386], [136.2970598, 35.8536366], [136.2952651, 35.8507743], [136.2941176, 35.8488959], [136.2923448, 35.8463164], [136.290689, 35.8436887], [136.2878571, 35.8393464], [136.2852139, 35.8362282], [136.2846264, 35.8346861], [136.2835309, 35.8318106], [136.281614, 35.8271152], [136.2809541, 35.8255215], [136.2798644, 35.8229371], [136.2778306, 35.8196266], [136.2765878, 35.8175227], [136.2737319, 35.8132874], [136.2721531, 35.8102756], [136.2706925, 35.8077423], [136.2701011, 35.8056708], [136.2695548, 35.8039654], [136.2679231, 35.8018387], [136.2657558, 35.799029], [136.26427, 35.7974501], [136.2604287, 35.7933681], [136.2577139, 35.7914444], [136.2553725, 35.7898635], [136.252817, 35.7863919], [136.250852, 35.7839468], [136.2477569, 35.7792788], [136.2466586, 35.7757384], [136.2451525, 35.7708931], [136.2437738, 35.766441], [136.2431543, 35.7625642], [136.2427989, 35.7603137], [136.2425347, 35.7587597], [136.2416831, 35.7548679], [136.2409408, 35.7533431], [136.2395836, 35.7506254], [136.2387193, 35.7465083], [136.2380658, 35.7418756], [136.2378502, 35.740347], [136.2371421, 35.7353309], [136.2354544, 35.7303974], [136.2344196, 35.7271486], [136.232671, 35.7219447], [136.2320461, 35.7199778], [136.231209, 35.7172341], [136.230395, 35.7144058], [136.2293958, 35.7111075], [136.2287169, 35.7088365], [136.2280357, 35.7037249], [136.2277007, 35.7010019], [136.2272999, 35.6979297], [136.2260163, 35.6940141], [136.2251472, 35.6910341], [136.2229586, 35.6881498], [136.2213066, 35.6860658], [136.2193649, 35.6844001], [136.2182168, 35.6834152], [136.2166688, 35.6821252], [136.2133709, 35.679258], [136.2127252, 35.6766649], [136.2121312, 35.6740381], [136.2110309, 35.6709497], [136.2101218, 35.6685158], [136.2082777, 35.6674667], [136.2027157, 35.664309], [136.2014136, 35.6633905], [136.200263, 35.6625819], [136.1958882, 35.6593268], [136.1941838, 35.6573224], [136.1907958, 35.6535312], [136.1892451, 35.651366], [136.1879603, 35.649626], [136.1853213, 35.6458476], [136.1846237, 35.6449126], [136.1832211, 35.6431257], [136.1814533, 35.6408164], [136.1793841, 35.638078], [136.177461, 35.6351198], [136.175443, 35.6299187], [136.173568, 35.6250509], [136.1728143, 35.6233306], [136.1712992, 35.6196344], [136.1695922, 35.6156327], [136.1699472, 35.6129616], [136.1703562, 35.6100259], [136.1698424, 35.6075371], [136.1691733, 35.6045195], [136.1673903, 35.6004603], [136.1656915, 35.5973461], [136.1642396, 35.5943102], [136.1626764, 35.591779], [136.1619511, 35.5900493], [136.1612409, 35.5882715], [136.1604474, 35.5863375], [136.1589475, 35.5848603], [136.1572076, 35.5831199], [136.1534508, 35.5795117], [136.152203, 35.5783104], [136.1491744, 35.5753822], [136.1458146, 35.5706833], [136.1444309, 35.5687846], [136.1403781, 35.5658964], [136.1382054, 35.564348], [136.135676, 35.5625454], [136.1304629, 35.5597877], [136.1270896, 35.5579672], [136.1216115, 35.5534881], [136.1169438, 35.549677], [136.1120543, 35.547914], [136.1062484, 35.545852], [136.0999218, 35.5444334], [136.0939443, 35.5430923], [136.0886921, 35.5426218], [136.0860857, 35.5423826], [136.0821672, 35.5420448], [136.0777129, 35.5404952], [136.076121, 35.5400117], [136.0714969, 35.5384163], [136.0680033, 35.5353366], [136.0663658, 35.5338709], [136.0633937, 35.5327316], [136.0607567, 35.5317081], [136.0584622, 35.5316785], [136.0564198, 35.5316516], [136.0510961, 35.5316388], [136.0467875, 35.5321428], [136.0408104, 35.5328487], [136.0359795, 35.5334273], [136.0310202, 35.5359077], [136.0281284, 35.5365539], [136.0263684, 35.5369258], [136.024205, 35.5374077], [136.0192134, 35.5384968], [136.0134687, 35.5391357], [136.0092926, 35.5395936], [136.0057548, 35.540502], [135.9947971, 35.5433842], [135.9863389, 35.5455655], [135.9815982, 35.5491232], [135.9749521, 35.5514474], [135.9733805, 35.5520355], [135.9721923, 35.554164], [135.9732227, 35.5535169], [135.9758386, 35.5564342], [135.9778961, 35.5587939], [135.9795976, 35.5607519], [135.9828653, 35.5653485], [135.9844957, 35.5674708], [135.9874207, 35.5711258], [135.9917516, 35.5735933], [135.9961858, 35.5760967], [135.9969856, 35.5789488], [135.9982496, 35.5834447], [135.9997804, 35.5856927], [136.0019437, 35.5888786], [136.0022556, 35.5925768], [136.0014469, 35.595862], [136.0008849, 35.5982032], [136.0010687, 35.6015553], [136.0011908, 35.6039466], [136.0018627, 35.607113], [136.0023803, 35.6097103], [136.0027009, 35.6115376], [136.0041963, 35.6146504], [136.0048319, 35.616434], [136.0055816, 35.6193503], [136.0062388, 35.6218065], [136.0068019, 35.6236193], [136.0075811, 35.6267022], [136.0086258, 35.6288693], [136.0096021, 35.6317034], [136.010836, 35.6348164], [136.0103746, 35.6387838], [136.009527, 35.641696], [136.0086044, 35.6452272], [136.0076549, 35.6474712], [136.0091837, 35.6527249], [136.0098811, 35.655131], [136.0107447, 35.6583343], [136.0109002, 35.6613654], [136.0111255, 35.6636405], [136.011721, 35.668526], [136.0122306, 35.6704915], [136.0126598, 35.6728099], [136.0133464, 35.6775511], [136.0141135, 35.682218], [136.014709, 35.6855033], [136.0193719, 35.6893217], [136.0213534, 35.6908338], [136.0235475, 35.6945545], [136.0250227, 35.6969985], [136.0267125, 35.6997648], [136.0271872, 35.7024875], [136.0273577, 35.7055113], [136.0275812, 35.7095515], [136.0287301, 35.7146455], [136.0291164, 35.7176247], [136.0281079, 35.7201246], [136.0270243, 35.7231123], [136.0251467, 35.7277808], [136.0241275, 35.7306549], [136.0236018, 35.732179], [136.022934, 35.7340636], [136.0215096, 35.7380837], [136.0195784, 35.740583], [136.0169294, 35.7439487], [136.0149876, 35.7467212], [136.0130457, 35.7494989], [136.0173662, 35.75356342]]}, "properties": {"kv": 500, "name": "越前変電所~色浜変電所_2線", "region": "hokuriku", "loading": 0.0, "xfmr": false, "npts_orig": 253}}, {"type": "Feature", "geometry": {"type": "LineString", "coordinates": [[136.83914889, 36.995691699999995], [136.8384445, 36.9887094], [136.8395573, 36.9847701], [136.8401237, 36.9806535], [136.8410891, 36.9778115], [136.8411449, 36.9745973], [136.8417305, 36.9689705], [136.8430092, 36.9645973], [136.8441286, 36.9599279], [136.8448735, 36.9568116], [136.8479169, 36.9533609], [136.8550116, 36.9508683], [136.8600469, 36.9505659], [136.866062, 36.9506677], [136.8726628, 36.9504385], [136.8793352, 36.9503048], [136.8832351, 36.9481687], [136.8876728, 36.9457459], [136.8895928, 36.9418904], [136.8920985, 36.9392987], [136.8930585, 36.9366242], [136.8938513, 36.9327363], [136.8966666, 36.930004], [136.8978285, 36.924276], [136.8965141, 36.9221597], [136.8953236, 36.9172811], [136.895396, 36.9155415], [136.895487, 36.9133557], [136.8955951, 36.9127915], [136.8956047, 36.9127415], [136.8962616, 36.909313], [136.8970193, 36.9053173], [136.897093, 36.9049296], [136.897701, 36.9017315], [136.8988229, 36.9007762], [136.899077, 36.9005598], [136.9010051, 36.898918], [136.9016331, 36.8983712], [136.9041148, 36.8962104], [136.9054021, 36.8933878], [136.908647, 36.8906934], [136.9113765, 36.8865549], [136.909985, 36.8814653], [136.9088497, 36.8775109], [136.9080886, 36.8746737], [136.9073738, 36.8720092], [136.9055023, 36.8686056], [136.9020924, 36.8670599], [136.8946255, 36.8650962], [136.8904326, 36.862567], [136.8861862, 36.8594627], [136.8842302, 36.8563486], [136.8823838, 36.8537721], [136.8813134, 36.8497059], [136.8805444, 36.8451797], [136.8798205, 36.8420756], [136.8787191, 36.8393502], [136.8761643, 36.8350668], [136.8737222, 36.8333737], [136.8708659, 36.8313852], [136.8675449, 36.8290945], [136.8659512, 36.8281803], [136.8628521, 36.8264025], [136.8593987, 36.8234645], [136.8575425, 36.8218816], [136.856243, 36.8180309], [136.8545445, 36.8154842], [136.8537783, 36.8113618], [136.8517643, 36.8092307], [136.8506968, 36.8045757], [136.8536193, 36.7994613], [136.8539017, 36.7941944], [136.853105, 36.7915499], [136.8522072, 36.7884782], [136.852428, 36.7856942], [136.851781, 36.7823658], [136.8511089, 36.7784994], [136.8511717, 36.7736127], [136.8536651, 36.7690571], [136.8537581, 36.764587], [136.8538283, 36.7610779], [136.8530151, 36.7581641], [136.8517136, 36.7534307], [136.8506068, 36.7494251], [136.8498277, 36.7470648], [136.8484776, 36.7431897], [136.8467515, 36.7404734], [136.8449909, 36.7365033], [136.8435524, 36.7317116], [136.8416568, 36.7287701], [136.8397798, 36.7240618], [136.8386141, 36.7201822], [136.8358697, 36.7160105], [136.8375003, 36.7108642], [136.8406934, 36.7070516], [136.8426106, 36.7042306], [136.8456475, 36.7009078], [136.8471346, 36.6981327], [136.8474696, 36.692926], [136.8464042, 36.6889825], [136.8454922, 36.6853901], [136.8423733, 36.682533], [136.8386846, 36.6781546], [136.8359276, 36.6726084], [136.8381839, 36.6672383], [136.8379679, 36.6647289], [136.8378134, 36.6620027], [136.837661, 36.6591764], [136.8346953, 36.6553595], [136.8308006, 36.6525388], [136.8253802, 36.649688], [136.8197997, 36.6472762], [136.8147015, 36.6437487], [136.8115911, 36.6405889], [136.8096385, 36.6348803], [136.8106117, 36.6298759], [136.8086436, 36.6252184], [136.8057959, 36.6216369], [136.8028328, 36.6179741], [136.8009079, 36.6132406], [136.7999599, 36.6108709], [136.7973372, 36.6061485], [136.7954585, 36.6025917], [136.7949416, 36.5989583], [136.7943517, 36.5948625], [136.7947953, 36.5902518], [136.7962912, 36.5871328], [136.8003915, 36.5838852], [136.8005838, 36.5796533], [136.7993743, 36.5743078], [136.7977448, 36.5714632], [136.7927188, 36.5685092], [136.7917801, 36.5669086], [136.7889958, 36.5620578], [136.786198, 36.5596626], [136.7831211, 36.5576569], [136.7781813, 36.5536111], [136.7739595, 36.5501542], [136.7693036, 36.5462967], [136.7686235, 36.5414369], [136.7685989, 36.5372059], [136.7685938, 36.5322619], [136.7732986, 36.5289977], [136.7741451, 36.526417], [136.775858, 36.5210422], [136.7756796, 36.5179081], [136.774869, 36.5128932], [136.7758988, 36.5072676], [136.7799362, 36.504768], [136.7852226, 36.5029487], [136.7883807, 36.5018648], [136.7925572, 36.5004399], [136.7960528, 36.4992594], [136.799608, 36.499723], [136.8053131, 36.500455], [136.8078853, 36.5007838], [136.8123619, 36.501201], [136.8168808, 36.5016214], [136.8206875, 36.5012505], [136.8252726923077, 36.49941449230769]]}, "properties": {"kv": 500, "name": "中能登変電所~南福光変電所線", "region": "hokuriku", "loading": 0.0, "xfmr": false, "npts_orig": 160}}, {"type": "Feature", "geometry": {"type": "LineString", "coordinates": [[136.83914889, 36.995691699999995], [136.8324727, 36.9954647], [136.831912, 36.9993121], [136.8311005, 37.0038839], [136.8328563, 37.0083671], [136.8364268, 37.0113066], [136.8387727, 37.016078], [136.8390297, 37.0201219], [136.8392017, 37.0231698], [136.8375639, 37.0277777], [136.8329828, 37.0307459], [136.8297958, 37.0321299], [136.8251187, 37.0334431], [136.8202203, 37.0348153], [136.8159342, 37.0369588], [136.8122235, 37.0393437], [136.8075612, 37.0424352], [136.8052374, 37.0465922], [136.803202, 37.0507294], [136.7987847, 37.0520654], [136.794565, 37.0533194], [136.7905666, 37.0553859], [136.7868097, 37.057367], [136.7826433, 37.0611621], [136.7789695, 37.064029], [136.7750551, 37.0649722], [136.7705128, 37.0650228], [136.7657521, 37.0649582], [136.759894, 37.0650997], [136.7563469, 37.0652121], [136.7520225, 37.0670727], [136.7489448, 37.0684879], [136.7444378, 37.0669728], [136.73971687142858, 37.06962082857143]]}, "properties": {"kv": 500, "name": "志賀中能登線", "region": "hokuriku", "loading": 0.0, "xfmr": false, "npts_orig": 34}}, {"type": "Feature", "geometry": {"type": "LineString", "coordinates": [[136.8252726923077, 36.49941449230769], [136.82481875555555, 36.49955028888889]]}, "properties": {"kv": 500, "name": "leadin", "region": "hokuriku", "loading": 0.0, "xfmr": false, "npts_orig": 2}}, {"type": "Feature", "geometry": {"type": "LineString", "coordinates": [[136.8252726923077, 36.49941449230769], [136.8224135, 36.4959658], [136.8194929, 36.4937802], [136.8176284, 36.4879723], [136.8228172, 36.4838135], [136.8254596, 36.4823401], [136.827216, 36.4813344], [136.8308903, 36.4765509], [136.8348308, 36.4741752], [136.8369323, 36.4715859], [136.8440241, 36.4684367], [136.8492651, 36.4649984], [136.8535566, 36.4598741], [136.8558472, 36.4570804], [136.8563247, 36.4512425], [136.8596935, 36.443609], [136.8610936, 36.4409162], [136.8632716, 36.4368336], [136.8641674, 36.4344297], [136.8665492, 36.4324314], [136.8678904, 36.4276449], [136.8673378, 36.4252061], [136.865868, 36.4227328], [136.8611205, 36.414531], [136.8620968, 36.4081934], [136.8631267, 36.4061988], [136.8641996, 36.4027966], [136.8639099, 36.3992042], [136.863513, 36.3944717], [136.8609702, 36.3889616], [136.8587065, 36.3829761], [136.8574834, 36.3752538], [136.8573224, 36.3702521], [136.8574726, 36.3655351], [136.8589961, 36.3616905], [136.8604553, 36.3577074], [136.8615925, 36.3539574], [136.8668818, 36.347831], [136.8695319, 36.344599], [136.8766236, 36.3372705], [136.8839407, 36.3300536], [136.8963003, 36.3269333], [136.9030702, 36.3230954], [136.9081235, 36.3210727], [136.9125652, 36.3192574], [136.917994, 36.3165429], [136.9211376, 36.3135431], [136.9250643, 36.3099985], [136.9290447, 36.3092809], [136.9347954, 36.3096008], [136.9394731, 36.306056], [136.9446874, 36.3027878], [136.9480133, 36.3012228], [136.9521975, 36.2981878], [136.9559634, 36.2952651], [136.9602442, 36.2919791], [136.9614887, 36.2887016], [136.9627654, 36.2855883], [136.9648361, 36.280157], [136.9656193, 36.2776833], [136.9664454, 36.2746388], [136.9671428, 36.2722428], [136.9682372, 36.268212], [136.9691813, 36.2648989], [136.9739878, 36.2596218], [136.9789338, 36.2584107], [136.9815838, 36.2546646], [136.9833755, 36.2473622], [136.9840729, 36.2445587], [136.9868946, 36.2398169], [136.9886756, 36.2367189], [136.9898987, 36.2344083], [136.9915831, 36.2295447], [136.9929564, 36.225451], [136.998117, 36.2188989], [137.0051229, 36.2130908], [137.00773, 36.210892], [137.0115495, 36.2055854], [137.0128584, 36.2037068], [137.0167744, 36.199023], [137.0186949, 36.1951269], [137.0212269, 36.1895421], [137.0208943, 36.1867366], [137.0203042, 36.1824761], [137.0226538, 36.1770117], [137.0232868, 36.1734089], [137.0239305, 36.1684289], [137.0236087, 36.1649556], [137.024349, 36.1593514], [137.0266449, 36.1530017], [137.0267415, 36.1498137], [137.0272779, 36.1431946], [137.0293701, 36.1384293], [137.0315909, 36.1342095], [137.0319235, 36.1319219], [137.0321703, 36.1279271], [137.0318591, 36.1241315], [137.0340156, 36.1192783], [137.0365584, 36.1130814], [137.0384467, 36.1076988], [137.0395571, 36.1030309], [137.0410752, 36.0990217], [137.0422769, 36.0955714], [137.0440471, 36.0920992], [137.0448625, 36.0881154], [137.0464826, 36.0844652], [137.0477378, 36.0818294], [137.0490253, 36.0799478], [137.0518148, 36.076618], [137.0540035, 36.0739559], [137.05957642, 36.07047318]]}, "properties": {"kv": 500, "name": "越美幹線", "region": "hokuriku", "loading": 0.0, "xfmr": false, "npts_orig": 111}}, {"type": "Feature", "geometry": {"type": "LineString", "coordinates": [[136.9623689, 35.6360576], [136.9636036, 35.6389582], [136.9668696, 35.6407425], [136.9709152, 35.6431385], [136.9759812, 35.6466471], [136.9819861, 35.6513609], [136.9846838, 35.6542892], [136.9855071, 35.6609541], [136.9874056, 35.6640694], [136.990716, 35.6670049], [136.9930295, 35.6690834], [136.9938324, 35.6722592], [136.9960847, 35.674415], [136.9975783, 35.6786297], [137.0021035, 35.6833518], [137.0057852, 35.6876037], [137.0081223, 35.6911084], [137.0119147, 35.6955728], [137.0161615, 35.7007849], [137.0177679, 35.7029556], [137.0214186, 35.707934], [137.0250556, 35.7134839], [137.0261545, 35.7154121], [137.0314688, 35.7195086], [137.0331563, 35.7221603], [137.0382155, 35.7272618], [137.0405358, 35.7290019], [137.0410258, 35.7349287], [137.0428698, 35.7404795], [137.04502, 35.7447211], [137.0454011, 35.7496721], [137.0470375, 35.7556471], [137.0476806, 35.7577841], [137.0490449, 35.7622262], [137.0499941, 35.7650173], [137.0515694, 35.7704115], [137.0531786, 35.776015], [137.0527976, 35.780804], [137.054036, 35.784323], [137.0550839, 35.7873534], [137.0562304, 35.7906349], [137.0564346, 35.7948793], [137.0570266, 35.7988862], [137.0573362, 35.8009088], [137.0574519, 35.8062702], [137.0571456, 35.8103234], [137.0565264, 35.815949], [137.0565809, 35.8192955], [137.056717, 35.823908], [137.0565571, 35.8273727], [137.0560501, 35.8305836], [137.0551791, 35.8350355], [137.0536515, 35.8390624], [137.0501642, 35.8432463], [137.0479391, 35.8464785], [137.0462006, 35.8516438], [137.0447785, 35.8560366], [137.0460543, 35.8606029], [137.0468028, 35.8637407], [137.04716, 35.8681218], [137.0473812, 35.8710222], [137.0476091, 35.8737791], [137.0467926, 35.8772251], [137.0460067, 35.8814043], [137.0453875, 35.8847259], [137.0459726, 35.888075], [137.0467075, 35.892237], [137.0479119, 35.8966579], [137.0525084, 35.8997199], [137.0557459, 35.9040596], [137.0566187, 35.909171], [137.0569847, 35.9113143], [137.0591658, 35.9173781], [137.0636968, 35.9229119], [137.0631577, 35.9290468], [137.0629297, 35.9327577], [137.0637395, 35.9356942], [137.0632087, 35.940311], [137.062399, 35.9426909], [137.0613511, 35.9457236], [137.0580757, 35.9493234], [137.0564272, 35.9524552], [137.0552132, 35.9556079], [137.0553679, 35.961788], [137.0557264, 35.9669144], [137.0536908, 35.9709823], [137.0526536, 35.973133], [137.0513832, 35.9777856], [137.0511201, 35.9805505], [137.0492592, 35.9835924], [137.049083, 35.9865901], [137.0518918, 35.9905834], [137.0525494, 35.9924866], [137.0509638, 35.9973087], [137.0460533, 36.0015564], [137.0445299, 36.0036059], [137.0424914, 36.0078631], [137.0432371, 36.0117945], [137.0453024, 36.0163593], [137.0483065, 36.0202253], [137.0516056, 36.0249587], [137.0533973, 36.0274143], [137.0567125, 36.0313491], [137.0589012, 36.0337481], [137.0628387, 36.0364854], [137.0650166, 36.0402549], [137.0671302, 36.0439419], [137.0693564, 36.0479106], [137.0709068, 36.0519441], [137.0704025, 36.0547068], [137.0678222, 36.0594338], [137.0645177, 36.0626299], [137.0615673, 36.0643471], [137.0598397, 36.0656759], [137.05957642, 36.07047318]]}, "properties": {"kv": 500, "name": "越美幹線", "region": "hokuriku", "loading": 0.0, "xfmr": false, "npts_orig": 115}}, {"type": "Feature", "geometry": {"type": "LineString", "coordinates": [[136.6626175, 35.7023044], [136.6639787, 35.706361], [136.6653779, 35.711357], [136.6669316, 35.7176428], [136.6665476, 35.7194274], [136.6653426, 35.7242292], [136.6644458, 35.7275545]]}, "properties": {"kv": 500, "name": "中部電力パワーグリッド 500.0kV線", "region": "hokuriku", "loading": 0.0, "xfmr": false, "npts_orig": 7}}, {"type": "Feature", "geometry": {"type": "LineString", "coordinates": [[136.6644458, 35.7275545], [136.66089457142857, 35.735055471428566]]}, "properties": {"kv": 500, "name": "中部電力パワーグリッド 500.0kV線", "region": "hokuriku", "loading": 0.0, "xfmr": false, "npts_orig": 2}}, {"type": "Feature", "geometry": {"type": "LineString", "coordinates": [[136.6644458, 35.7275545], [136.6606957, 35.7245551]]}, "properties": {"kv": 500, "name": "北陸送電線_17", "region": "hokuriku", "loading": 0.0, "xfmr": false, "npts_orig": 2}}, {"type": "Feature", "geometry": {"type": "LineString", "coordinates": [[136.66089457142857, 35.735055471428566], [136.6596222, 35.7276319], [136.6606957, 35.7245551]]}, "properties": {"kv": 500, "name": "leadin", "region": "hokuriku", "loading": 0.0, "xfmr": false, "npts_orig": 3}}, {"type": "Feature", "geometry": {"type": "LineString", "coordinates": [[136.73971687142858, 37.06962082857143], [136.736649, 37.0663017], [136.7326426, 37.0639315], [136.7296439, 37.0622534], [136.7287416, 37.0624712]]}, "properties": {"kv": 500, "name": "志賀中能登線", "region": "hokuriku", "loading": 0.0, "xfmr": false, "npts_orig": 5}}, {"type": "Feature", "geometry": {"type": "LineString", "coordinates": [[136.6336861, 35.5493635], [136.634838, 35.5507683], [136.6356479, 35.5522159], [136.6367248, 35.5540825], [136.6371536, 35.5571336], [136.6373001, 35.5587178], [136.6374794, 35.5600361], [136.6375972, 35.5613314], [136.6375274, 35.5632093], [136.6373194, 35.5652475], [136.6372532, 35.5662335], [136.6370485, 35.5689576], [136.6373548, 35.5699892], [136.6379406, 35.5722032], [136.6385288, 35.5743134], [136.6389575, 35.5752932], [136.6401616, 35.5766484], [136.6404055, 35.5769754], [136.6418333, 35.5777855], [136.6401493, 35.5792486], [136.6380424, 35.58199], [136.6368389, 35.5847818], [136.6359816, 35.5868569], [136.6355195, 35.588064], [136.6349323, 35.5893481], [136.6341533, 35.5911073], [136.6338354, 35.5918063], [136.6318251, 35.5934754], [136.6304991, 35.5953145], [136.6295169, 35.5969092], [136.6266525, 35.6006372], [136.6265707, 35.6035388], [136.6260599, 35.6061349], [136.6252213, 35.608093], [136.6249278, 35.609441], [136.62193, 35.6123925], [136.6207124, 35.6144433], [136.6189519, 35.6167611], [136.6173569, 35.619049], [136.6173942, 35.6213314], [136.6175383, 35.6240287], [136.61688, 35.6271148], [136.6157021, 35.6297106], [136.6146614, 35.6319994], [136.6141515, 35.6328711], [136.6091382, 35.6365873], [136.6031547, 35.6390837], [136.5985562, 35.6442622], [136.5966594, 35.646171], [136.5950692, 35.6476883], [136.5938682, 35.6488352], [136.5926995, 35.6498069], [136.5903842, 35.651378], [136.5857906, 35.6554103], [136.5822828, 35.6627553], [136.579193, 35.6685151], [136.5757491, 35.6737616], [136.5743459, 35.6762444], [136.575413, 35.6769292], [136.5775349, 35.6824784], [136.580555, 35.686503], [136.5844457, 35.6872368], [136.5899482, 35.6927493], [136.5938687, 35.6937044], [136.599159, 35.6944002], [136.6014698, 35.6961428], [136.6030972, 35.6967906], [136.6088928, 35.6984985], [136.612712, 35.700524], [136.6149171, 35.7011222], [136.6173831, 35.7047592], [136.6188175, 35.7064031], [136.6238776, 35.7077112], [136.6256333, 35.7073614], [136.6293904, 35.7085059], [136.6322159, 35.7082164], [136.6375175, 35.7084971], [136.6400418, 35.7103179], [136.6422974, 35.7117896], [136.648106, 35.7151536], [136.6505596, 35.717158], [136.6524133, 35.7181602], [136.6575915, 35.7224707], [136.6606957, 35.7245551]]}, "properties": {"kv": 500, "name": "北陸送電線_17", "region": "hokuriku", "loading": 0.0, "xfmr": false, "npts_orig": 84}}, {"type": "Feature", "geometry": {"type": "LineString", "coordinates": [[135.58676278000002, 34.403017580000004], [135.5896061, 34.3988833], [135.5884734, 34.396318], [135.5881093, 34.392986], [135.5886951, 34.3888118], [135.588788, 34.3863257], [135.5888345, 34.3836323], [135.5887044, 34.3788591], [135.5876308, 34.3753647], [135.5874262, 34.3725444], [135.5871794, 34.3700104], [135.5867331, 34.3674776], [135.5851059, 34.3591727], [135.5846131, 34.3566933], [135.5838599, 34.3526863], [135.5820468, 34.3485255], [135.5805843, 34.3449001], [135.5806148, 34.3416007], [135.581461, 34.3391361], [135.5821676, 34.3371015], [135.5850408, 34.3332394], [135.5882301, 34.3298993], [135.5888854, 34.3264029], [135.589708, 34.3221126], [135.5913457, 34.319247], [135.593386, 34.3163201], [135.5937487, 34.3144679], [135.5944536, 34.3114614], [135.5976823, 34.3072253], [135.5983182, 34.3047444], [135.5965179, 34.3012471], [135.5950917, 34.2969026], [135.5927257, 34.2930162], [135.590679, 34.2909192], [135.58888, 34.2890748], [135.5880378, 34.2864198], [135.5866477, 34.2814809], [135.5854376, 34.2771635], [135.5843909, 34.2754945], [135.5826656, 34.2725282], [135.5792366, 34.2665968], [135.5779602, 34.2645045], [135.5751648, 34.2597269], [135.5735297, 34.2580878], [135.5715876, 34.2559293], [135.5684362, 34.251735], [135.5661676, 34.2483271], [135.5646026, 34.2458635], [135.5605035, 34.2435106], [135.556908, 34.2413744], [135.5539306, 34.240074], [135.5519783, 34.239238], [135.54622, 34.2368462], [135.5445346, 34.2351742], [135.540013, 34.2302848], [135.5382301, 34.2284272], [135.5354616, 34.2267973], [135.5314755, 34.2242086], [135.5251389, 34.2203663], [135.5201733, 34.2179673], [135.5162202, 34.2160842], [135.5136615, 34.2148485], [135.5091253, 34.2127703], [135.5022216857143, 34.21431460714286]]}, "properties": {"kv": 500, "name": "金剛線", "region": "kansai", "loading": 0.0, "xfmr": false, "npts_orig": 64}}, {"type": "Feature", "geometry": {"type": "LineString", "coordinates": [[135.58676278000002, 34.403017580000004], [135.5930415, 34.4057224], [135.5966939, 34.407955], [135.5994502, 34.4097197], [135.6076096, 34.4148637], [135.6091356, 34.4158021], [135.6128675, 34.4182281], [135.6201874, 34.4215127], [135.626752, 34.4249796], [135.6322453, 34.430013], [135.6347069, 34.4324066], [135.6400567, 34.436657], [135.6432793, 34.4393148], [135.6463268, 34.4417512], [135.6492128, 34.4457859], [135.6506979, 34.4481634], [135.6513479, 34.4488736], [135.6535677, 34.4533971], [135.6565652, 34.4586226], [135.6584162, 34.4618936], [135.6598739, 34.4643904], [135.6624477, 34.4695438], [135.6639971, 34.4727203], [135.6657421, 34.4770297], [135.6687226, 34.48286], [135.6704368, 34.4859469], [135.6702142, 34.4896597], [135.6701064, 34.4916656], [135.6695118, 34.4995717], [135.6688554, 34.501589], [135.6677667, 34.5050442], [135.6662244, 34.5100131], [135.6648812, 34.5142128], [135.6642842, 34.5163341], [135.6640604, 34.5200538], [135.663829, 34.5240809], [135.6634155, 34.5263795], [135.6629987, 34.5290791], [135.6605778, 34.5381064], [135.6584923, 34.5424284], [135.6569216, 34.5453091], [135.6575698, 34.5487581], [135.6579277, 34.5516959], [135.6576685, 34.5562828], [135.6585462, 34.559326], [135.6600465, 34.5640328], [135.6643738, 34.5672954], [135.6664519, 34.5711759], [135.665893, 34.5745874], [135.6623471, 34.5773832], [135.6607383, 34.5809623], [135.6603997, 34.5816742], [135.660045, 34.5824201], [135.6595312, 34.5835837], [135.6573135, 34.5882415], [135.6581304, 34.5922677], [135.6584614, 34.5961895], [135.6523768, 34.5965755], [135.6476730826087, 34.597281769565214]]}, "properties": {"kv": 500, "name": "阪奈線", "region": "kansai", "loading": 0.0, "xfmr": false, "npts_orig": 59}}, {"type": "Feature", "geometry": {"type": "LineString", "coordinates": [[135.58676278000002, 34.403017580000004], [135.5833127, 34.3992777], [135.5810234, 34.3982264], [135.5770529, 34.3960237], [135.5746024, 34.394795], [135.5717514, 34.3932044], [135.5692787, 34.3918667], [135.5650778, 34.3895296], [135.5595838, 34.3877234], [135.5545869, 34.3849908], [135.5504072, 34.3827549], [135.5471535, 34.3809468], [135.5447178, 34.3792527], [135.5415893, 34.3769915], [135.5396098, 34.3755843], [135.5379193, 34.3743826], [135.5342121, 34.3728761], [135.5303259, 34.3712968], [135.5243253, 34.3670827], [135.5212567, 34.3650209], [135.5185154, 34.3608627], [135.5169632, 34.3585496], [135.5129832, 34.3548204], [135.5109827, 34.3511285], [135.5092539, 34.3480143], [135.50771, 34.3455195], [135.5068559, 34.3441002], [135.5059091, 34.342766], [135.5047806, 34.3411781], [135.5028383, 34.3383225], [135.5000897, 34.3362452], [135.4967869, 34.3336188], [135.4927375, 34.330116], [135.4892663, 34.3260084], [135.4857858, 34.3213273], [135.4836765, 34.3188285], [135.4818209, 34.3167642], [135.4795443, 34.3141676], [135.4753187, 34.3117386], [135.4723036, 34.3101516], [135.4695967, 34.3075339], [135.4660773, 34.3041365], [135.4636495, 34.3011651], [135.4614494, 34.2984138], [135.4596333, 34.2961556], [135.4584335, 34.2939003], [135.455943, 34.28938], [135.4541789, 34.2858102], [135.4544582, 34.2830619], [135.4546754, 34.281144], [135.4552895, 34.2765787], [135.4558654, 34.2719917], [135.4563115, 34.2684238], [135.4544765, 34.2613162], [135.4529195, 34.2587446], [135.4519622, 34.2571294], [135.4515577, 34.2561501], [135.4489393, 34.2505588], [135.4430056, 34.24446], [135.4342656, 34.236315], [135.4251637, 34.2269043], [135.4049871, 34.2222482], [135.4017754, 34.2204322], [135.3988679, 34.2185597], [135.3879258, 34.2170213], [135.3825185, 34.217406], [135.3783025, 34.2177176], [135.3747471, 34.2175185], [135.3702967, 34.2163997], [135.3675397, 34.2157037], [135.3558178, 34.2132831], [135.3525448, 34.2126755], [135.3504191, 34.2125932], [135.3463848, 34.2124215], [135.3436794, 34.2122221], [135.33619393333333, 34.211315875000004]]}, "properties": {"kv": 500, "name": "関西電力送配電㈱笠田変電所~金剛変電所線", "region": "kansai", "loading": 0.0, "xfmr": false, "npts_orig": 76}}, {"type": "Feature", "geometry": {"type": "LineString", "coordinates": [[135.5022216857143, 34.21431460714286], [135.509828, 34.2144254], [135.5126514, 34.2161256], [135.5152522, 34.2176389], [135.5195808, 34.2200644], [135.5241224, 34.222506], [135.5261259, 34.2236068], [135.5300848, 34.2257996], [135.5317982, 34.2277556], [135.5362332, 34.2328524], [135.5384237, 34.2354279], [135.5403513, 34.2377619], [135.5414553, 34.2390349], [135.5460918, 34.2433298], [135.5504017, 34.2462485], [135.5527439, 34.247305], [135.556656, 34.2490792], [135.5609758, 34.2494921], [135.5664385, 34.2499743], [135.5736776, 34.2506543], [135.5774166, 34.2508179], [135.5848474, 34.251134], [135.5886444, 34.2509841], [135.5929512, 34.2508474], [135.6003247, 34.250583], [135.6047659, 34.2504386], [135.6085778, 34.2511388], [135.6161891, 34.2526699], [135.6206242, 34.2534417], [135.6284016, 34.25488], [135.6336537, 34.2559937], [135.6413462, 34.2573618], [135.6448051, 34.2589491], [135.6522111, 34.2621148], [135.6580998, 34.2642632], [135.6622477, 34.265853], [135.66586, 34.2672109], [135.6717182, 34.2695322], [135.6774417, 34.2716306], [135.6892309, 34.2775776], [135.6922666, 34.2786047], [135.6963678, 34.2784004], [135.6997374, 34.2782727], [135.7044465, 34.2780938], [135.7104695, 34.2776298], [135.7144831, 34.277319], [135.7188986, 34.2789581], [135.7217375, 34.2801757], [135.7277089, 34.2820701], [135.7313592, 34.2886626], [135.7343494, 34.2939521], [135.7371553, 34.2992786], [135.7387163, 34.3022078], [135.7401807, 34.3049557], [135.7420996, 34.3067949], [135.7458998, 34.3102504], [135.7488258, 34.3119443], [135.7533355, 34.314436], [135.758272, 34.317373], [135.762567, 34.3197797], [135.767702, 34.3242996], [135.7697596, 34.3260183], [135.7727498, 34.3318696], [135.7773987, 34.3344297], [135.7803569, 34.3364849], [135.7843469, 34.3387644], [135.7886375, 34.3444897], [135.7926215, 34.3482674], [135.7956602, 34.3507042], [135.7990849, 34.3543626], [135.7999133, 34.3581845], [135.8047804, 34.3603574], [135.8102575, 34.3626724], [135.8135353, 34.3640423], [135.8172651, 34.3656607], [135.8224283, 34.368782], [135.8220055, 34.3740293], [135.821656, 34.3786276], [135.8215184, 34.3809202], [135.8213513, 34.382992], [135.821104, 34.3859064], [135.81885384, 34.395064379999994]]}, "properties": {"kv": 500, "name": "紀北変換所~東大和開閉所線", "region": "kansai", "loading": 0.0, "xfmr": false, "npts_orig": 82}}, {"type": "Feature", "geometry": {"type": "LineString", "coordinates": [[135.5022216857143, 34.21431460714286], [135.4994474, 34.2102317], [135.4966925, 34.2095891], [135.492719, 34.208302], [135.4891035, 34.2075478], [135.4847638, 34.2065629], [135.4804534, 34.2052098], [135.477511, 34.2043491], [135.4716772, 34.2033819], [135.467281, 34.2031934], [135.464218, 34.2024613], [135.4588141, 34.2012721], [135.4537464, 34.200157], [135.4506326, 34.2000278], [135.4460996, 34.1993534], [135.444214, 34.1990672], [135.4397911, 34.198954], [135.4363793, 34.1989385], [135.4329576, 34.1988768], [135.4293841, 34.198608], [135.4253377, 34.1990182], [135.4196036, 34.1996556], [135.4148864, 34.2015875], [135.412904, 34.2019194], [135.4085956, 34.2021725], [135.4046579, 34.2023862], [135.3997545, 34.2026703], [135.3958576, 34.2025831], [135.392073, 34.202479], [135.3852249, 34.2032405], [135.3795152, 34.2038824], [135.3752205, 34.2043717], [135.3712522, 34.2049032], [135.3691609, 34.2051648], [135.3652393, 34.2057025], [135.3622104, 34.2061237], [135.3571064, 34.2081879], [135.3541089, 34.2093943], [135.3495793, 34.2095302], [135.3445008, 34.2096543], [135.33619393333333, 34.211315875000004]]}, "properties": {"kv": 500, "name": "金剛線", "region": "kansai", "loading": 0.0, "xfmr": false, "npts_orig": 41}}, {"type": "Feature", "geometry": {"type": "LineString", "coordinates": [[135.6476730826087, 34.597281769565214], [135.6503129, 34.5921061], [135.6517051, 34.588868], [135.6542815, 34.5869205], [135.6566177, 34.5846836], [135.6604061, 34.5807188], [135.6642263, 34.5794416], [135.6666835, 34.5769833], [135.6677859, 34.5742524], [135.6700945, 34.5697811], [135.6678584, 34.5684589], [135.6642232, 34.5663666], [135.6604497, 34.5637771], [135.6580595, 34.5621941], [135.6571235, 34.5592009], [135.6559051, 34.5551491], [135.6567712, 34.5498761], [135.6562106, 34.5455464], [135.6580176, 34.541435], [135.6587183, 34.5384242], [135.6594754, 34.5352782], [135.6605692, 34.530773], [135.6611277, 34.5284595], [135.6635325, 34.5273795], [135.6661777, 34.5255069], [135.6671009, 34.5244907], [135.6694774, 34.5210603], [135.6711388, 34.5171063], [135.6713957, 34.5128533], [135.6717409, 34.5079187], [135.6723108, 34.5054447], [135.6728005, 34.5031426], [135.6731938, 34.5016079], [135.6738681, 34.4988823], [135.6746869, 34.4952701], [135.675313, 34.4922929], [135.6749027, 34.4888432], [135.674936, 34.4860156], [135.6756464, 34.4830218], [135.6746585, 34.4796905], [135.6732024, 34.4750053], [135.6724198, 34.4727843], [135.6714255, 34.4698492], [135.6700976, 34.4657347], [135.6679872, 34.4624715], [135.6653633, 34.457993], [135.6637008, 34.4553284], [135.6606092, 34.4506766], [135.6583022, 34.4463095], [135.6564623, 34.4427201], [135.6536883, 34.4387609], [135.651839, 34.4361033], [135.6501017, 34.4335227], [135.6475052, 34.4300715], [135.6461229, 34.4275446], [135.6427979, 34.4246632], [135.6395382, 34.4218434], [135.6384204, 34.4192274], [135.6367602, 34.4142779], [135.6353312, 34.4101257], [135.6340493, 34.40606], [135.631968, 34.4030175], [135.6288745, 34.4005848], [135.6265068, 34.3987659], [135.6240937, 34.3969619], [135.620021, 34.3938494], [135.6167819, 34.3913267], [135.6134094, 34.3898371], [135.6100735, 34.3866501], [135.6051847, 34.383615], [135.6000358, 34.3803836], [135.5971382, 34.3785317], [135.5895895, 34.3738467], [135.5880877, 34.3727159], [135.5852128, 34.3711793], [135.5812252, 34.367901], [135.5773953, 34.3646788], [135.5755144, 34.3616214], [135.5736862, 34.3587113], [135.5710698, 34.3566382], [135.5688528, 34.354925], [135.5658792, 34.352444], [135.5639773, 34.3466882], [135.5630317, 34.3438903], [135.5613032, 34.3406933], [135.5595537, 34.3368845], [135.5582981, 34.3340256], [135.5570267, 34.3311796], [135.5557658, 34.3284203], [135.5543473, 34.325214], [135.5533333, 34.3230316], [135.5462346, 34.3147396], [135.5437616, 34.312265], [135.5432305, 34.3099254], [135.5417844, 34.3015671], [135.5413921, 34.2984245], [135.5431362, 34.2961384], [135.5446382, 34.2940245], [135.5450889, 34.2909975], [135.5455824, 34.287669], [135.5428367, 34.2810159], [135.5410605, 34.2763173], [135.5363482, 34.2671677], [135.5351305, 34.2647936], [135.5325395, 34.2625503], [135.5296645, 34.2600381], [135.5263976, 34.2565754], [135.5230984, 34.2531701], [135.5210674, 34.2489293], [135.5186286, 34.2442663], [135.5157393, 34.2404648], [135.5109888, 34.2372431], [135.5072792, 34.2347374], [135.5037687, 34.2323323], [135.5000657, 34.2292462], [135.4958258, 34.2257467], [135.4930619, 34.2234036], [135.4905433, 34.2207997], [135.4867995, 34.2179447], [135.483432, 34.2154558], [135.4810002, 34.2136793], [135.478123, 34.2116419], [135.4738713, 34.2086036], [135.472141, 34.2060317], [135.4698548, 34.2030014], [135.4684284, 34.2013103], [135.4666558, 34.1978254], [135.4655692, 34.1958963], [135.4640161, 34.1921604], [135.4618676, 34.1895866], [135.4589183, 34.1860463], [135.4574536, 34.1842766], [135.4554036, 34.1796901], [135.4542342, 34.1770526], [135.4524496, 34.1749969], [135.4505476, 34.1728096], [135.4476105, 34.1689049], [135.4460429, 34.1668396], [135.4440165, 34.1641822], [135.4422741, 34.1608739], [135.4401548, 34.1569688], [135.4375658, 34.1521414], [135.4351709, 34.147638], [135.431226, 34.1436537], [135.4280551, 34.1407141], [135.4265318, 34.1393094], [135.4231499, 34.135592], [135.4215189, 34.1323095], [135.4211422, 34.1277865], [135.4207779, 34.1236265], [135.4202357, 34.1174375], [135.4187454, 34.1141818], [135.4157029, 34.1085404], [135.4127763, 34.1052912], [135.4102512, 34.1024497], [135.4084961, 34.1005679], [135.4058841, 34.0976441], [135.4029119, 34.0918817], [135.4004903, 34.0885598], [135.3984785, 34.0857623], [135.3956968, 34.0818814], [135.3926046, 34.0788026], [135.3903279, 34.0764677], [135.3882333, 34.0745098], [135.3828892, 34.0696031], [135.3806374, 34.0675389], [135.3782116, 34.0653031], [135.3744654, 34.0618567], [135.3702887, 34.0573094], [135.3679126, 34.0546995], [135.3662899, 34.0522713], [135.3636779, 34.0475451], [135.3621711, 34.0459262], [135.3582262, 34.041697], [135.355432, 34.0383423], [135.3541364, 34.0367712], [135.3512801, 34.0331522], [135.3481921, 34.0297114], [135.3458421, 34.0270938], [135.3421808, 34.0229453], [135.3406256, 34.0205356], [135.339394, 34.0186583], [135.337769, 34.0161464], [135.3337848, 34.0113669], [135.3304531, 34.006816], [135.3288469, 34.0045222], [135.3269395, 34.00085], [135.3244298, 33.9963973], [135.3228675, 33.9937756], [135.3204206, 33.9896971], [135.3186387, 33.9868774], [135.3172458, 33.9846612], [135.3148051, 33.9807488], [135.3133244, 33.9783503], [135.3109528, 33.9746192], [135.3080552, 33.9702541], [135.3062925, 33.9673205], [135.3037397, 33.9630221], [135.3030816, 33.961501], [135.29746374444443, 33.95821768333334]]}, "properties": {"kv": 500, "name": "御坊幹線", "region": "kansai", "loading": 0.0, "xfmr": false, "npts_orig": 200}}, {"type": "Feature", "geometry": {"type": "LineString", "coordinates": [[135.6476730826087, 34.597281769565214], [135.6526663, 34.5970624], [135.6585856, 34.5968276], [135.6598718, 34.6022627], [135.6599385, 34.6054559], [135.6607389, 34.6093226], [135.6612068, 34.6115923], [135.6619447, 34.6149384], [135.6629624, 34.6196732], [135.6646396, 34.6238402], [135.6659046, 34.6271836], [135.6682739, 34.6331812], [135.6743423, 34.6404845], [135.6765877, 34.6435144], [135.6765066, 34.6459842], [135.6764624, 34.6494305], [135.6764154, 34.6516997], [135.6762981, 34.6564888], [135.6763237, 34.6620792], [135.672651, 34.6687179], [135.6722226, 34.6717684], [135.6715686, 34.6761352], [135.6707042, 34.6814875], [135.6693946, 34.6848305], [135.6693249, 34.6876971], [135.6691977, 34.6900858], [135.6694307, 34.6923186], [135.6701943, 34.7007313], [135.6737579, 34.7058123], [135.6746851, 34.7071342], [135.6800483, 34.7081554], [135.6850576, 34.7090728], [135.6887305, 34.7108899], [135.6914428, 34.7125572], [135.696441, 34.7129181], [135.7007065, 34.7145482], [135.7059462, 34.714525], [135.7094451, 34.7145411], [135.7118857, 34.7185888], [135.7128616, 34.72158], [135.713776, 34.7249029], [135.7150854, 34.7283826], [135.71457692857143, 34.732173842857144]]}, "properties": {"kv": 500, "name": "阪奈線", "region": "kansai", "loading": 0.0, "xfmr": false, "npts_orig": 43}}, {"type": "Feature", "geometry": {"type": "LineString", "coordinates": [[135.81885384, 34.395064379999994], [135.820172, 34.4002764], [135.8215888, 34.4021152], [135.8229366, 34.4041214], [135.8259054, 34.406395], [135.8305137, 34.4099948], [135.8367005, 34.4127701], [135.8417506, 34.4146884], [135.8458999, 34.4162113], [135.8503115, 34.4178617], [135.8529073, 34.4189047], [135.8591716, 34.4212069], [135.8634823, 34.4258056], [135.8699047, 34.4302821], [135.8735799, 34.432817], [135.8761421, 34.4343062], [135.8823862, 34.4377922], [135.8857084, 34.4404045], [135.8926855, 34.4431221], [135.8967878, 34.4446888], [135.9025683, 34.44891556428571]]}, "properties": {"kv": 500, "name": "紀北変換所~東大和開閉所線", "region": "kansai", "loading": 0.0, "xfmr": false, "npts_orig": 21}}, {"type": "Feature", "geometry": {"type": "LineString", "coordinates": [[135.9025683, 34.44891556428571], [135.9064619, 34.4529292], [135.9082045, 34.4545134], [135.9080752, 34.458112], [135.9071198, 34.4609683]]}, "properties": {"kv": 500, "name": "北大和線", "region": "kansai", "loading": 0.0, "xfmr": false, "npts_orig": 5}}, {"type": "Feature", "geometry": {"type": "LineString", "coordinates": [[135.9025683, 34.44891556428571], [135.9082187, 34.4498378], [135.9115358, 34.4509949], [135.9142812, 34.4482136], [135.9158895, 34.4455324], [135.9172429, 34.4433687], [135.9194142, 34.4412768], [135.9235055, 34.4376075], [135.9258605, 34.4355243], [135.9251266, 34.4312194], [135.9255288, 34.4283186], [135.925884, 34.4259157], [135.9250839, 34.4215903], [135.9244698, 34.4175621], [135.9238207, 34.4131844], [135.9230728, 34.4083558], [135.9226037, 34.40522], [135.9222383, 34.4031622], [135.9217907, 34.4004797], [135.9214798, 34.3955004], [135.9178368, 34.3927317], [135.9140616, 34.3898174], [135.9106563, 34.3868135], [135.9053752, 34.3821911], [135.9041598, 34.3784188], [135.9018084, 34.3737257], [135.9012829, 34.3706679], [135.9006811, 34.3671204], [135.9001733, 34.3638855], [135.8998085, 34.3604968], [135.8992133, 34.3553953], [135.8988695, 34.3509416], [135.8951747, 34.3465049], [135.8922981, 34.3384736], [135.8917837, 34.3312825], [135.8905328, 34.327656], [135.8890937, 34.3252846], [135.8858253, 34.3203026], [135.8842786, 34.3161814], [135.8823082, 34.3107157], [135.8792214, 34.3065995], [135.8770358, 34.303683], [135.8733981, 34.2997013], [135.8714756, 34.2955668], [135.8693503, 34.290909], [135.8673568, 34.2866826], [135.8666614, 34.2839722], [135.8685717, 34.2805068], [135.87113, 34.2772547], [135.8696472, 34.2735427], [135.8683358, 34.2685911], [135.8680322, 34.2642922], [135.8661063, 34.2602363], [135.8642694, 34.2567734], [135.8655638, 34.251204], [135.8664245, 34.247573], [135.8690383, 34.2406394], [135.8685659, 34.2326863], [135.8671081, 34.2295119], [135.867121, 34.2251113], [135.8664637, 34.2201436], [135.8658568, 34.2178577], [135.8652339, 34.2136305], [135.8649343, 34.2102486], [135.8644041, 34.2070908], [135.8619633, 34.2030634], [135.8593543, 34.1984235], [135.857831, 34.1967187], [135.8551209, 34.1934091], [135.8520005, 34.1891981], [135.8514154, 34.1853208], [135.8474645, 34.1804613], [135.8467315, 34.1787644], [135.8460792, 34.1741633], [135.8447308, 34.1677424], [135.8447112, 34.1644339], [135.8452073, 34.1591962], [135.8428838, 34.1567653], [135.8382859, 34.1531683], [135.8361112, 34.1508554], [135.8337339, 34.1486321], [135.8302933, 34.1423055], [135.8283458, 34.1386388], [135.8250466, 34.1339758], [135.8228293, 34.1306628], [135.8188159, 34.1249787], [135.8185282, 34.118564], [135.8223919105263, 34.11304527368421]]}, "properties": {"kv": 500, "name": "東大和開閉所~十津川村変電所線", "region": "kansai", "loading": 0.0, "xfmr": false, "npts_orig": 88}}, {"type": "Feature", "geometry": {"type": "LineString", "coordinates": [[134.4077661, 34.0000073], [134.4084723, 33.9996007], [134.4098588, 33.9979371], [134.412164, 33.9960831], [134.4144813, 33.9941131], [134.4133296, 33.9895214], [134.4123718, 33.985674], [134.412141, 33.9814288], [134.4106372, 33.97807], [134.4075808, 33.9741283], [134.4052743, 33.9713145], [134.4036672, 33.9675091], [134.4019684, 33.9634936], [134.4005026, 33.9600456], [134.3996586, 33.9571862], [134.3995097, 33.9546889], [134.3994458, 33.9524897], [134.400551, 33.9498213], [134.4025953, 33.946656], [134.4042875, 33.9433124], [134.4064248, 33.9394345], [134.410451, 33.9358266], [134.4127736, 33.9336882], [134.4127908, 33.9296291], [134.4129565, 33.9260285], [134.4174301, 33.9215486], [134.4219941, 33.9188368], [134.4235861, 33.9127896], [134.4242373, 33.9108588], [134.4274828, 33.9068958], [134.4324678, 33.9013485], [134.433706, 33.8990521], [134.4359407, 33.8952333], [134.4371833, 33.8920719], [134.4378929, 33.8902768], [134.4397138, 33.8860063], [134.4422371, 33.8801321], [134.443809, 33.877994], [134.4447476, 33.8765769], [134.4471111, 33.873636], [134.4501933, 33.8702158], [134.4553709, 33.8668756], [134.457486, 33.8650139], [134.4606884, 33.860868], [134.4625708, 33.8574099], [134.4645417, 33.854036], [134.4663423, 33.8515036], [134.4702935, 33.8490192], [134.4718447, 33.846485], [134.4750752, 33.8431572], [134.4772277, 33.8400817], [134.4785827, 33.8377624], [134.4798778, 33.8330399], [134.4833218, 33.8303982], [134.487403, 33.8284205], [134.4944027, 33.8255898], [134.5003267, 33.8231571], [134.5069878, 33.8205652], [134.5110422, 33.8195703], [134.5166385, 33.8176181], [134.5214518, 33.8174881], [134.5259174, 33.8165235], [134.5307913, 33.8163857], [134.5357617, 33.8174678], [134.5385494, 33.818], [134.5432047, 33.818862], [134.5458842, 33.8190793], [134.5517371, 33.8183036], [134.557015, 33.817576], [134.5608618, 33.8173216], [134.5639558, 33.8171997], [134.5675602, 33.8171043], [134.5718726, 33.8166379], [134.5743415, 33.8163782], [134.5807974, 33.8164365], [134.5831387, 33.8178198], [134.5869089, 33.8186996], [134.5922293, 33.8201147], [134.5958719, 33.8202578], [134.5989596, 33.8193568], [134.603859, 33.8189487], [134.6093006, 33.8202101], [134.6121905, 33.8205069], [134.6170898, 33.8208143], [134.6223273, 33.8211535], [134.6259253, 33.8225156], [134.6308005, 33.8253319], [134.6366772846154, 33.82773606153846]]}, "properties": {"kv": 500, "name": "南庄町一丁目変電所~阿南周波数変換所線", "region": "kansai", "loading": 0.0, "xfmr": false, "npts_orig": 88}}, {"type": "Feature", "geometry": {"type": "LineString", "coordinates": [[134.6366772846154, 33.82773606153846], [134.6389067, 33.8324888], [134.6382904, 33.8370428], [134.6349457, 33.8391214], [134.6330923, 33.8398811], [134.6320479, 33.8430391], [134.6328767, 33.8463472], [134.6349836, 33.8477239], [134.6374485, 33.8502055], [134.6387105, 33.853598], [134.6400945, 33.8556317], [134.6420177, 33.8586943], [134.6446046, 33.8608148], [134.6503714, 33.8607346]]}, "properties": {"kv": 500, "name": "阿南発電所 (Anan Power Station)~阿南周波数変換所線", "region": "kansai", "loading": 0.0, "xfmr": false, "npts_orig": 14}}, {"type": "Feature", "geometry": {"type": "LineString", "coordinates": [[135.29746374444443, 33.95821768333334], [135.2988401, 33.9528212], [135.2944463, 33.9489129], [135.2903226, 33.9475778], [135.2860384, 33.9450245], [135.2824927, 33.9428266], [135.2804931, 33.9406325], [135.2771605, 33.9368959], [135.2777832, 33.932481], [135.2770509, 33.929896], [135.2753944, 33.927304], [135.2731669, 33.9238254], [135.2722469, 33.9217794], [135.2699188, 33.9162397], [135.2687922, 33.9134899], [135.2669951, 33.9092823], [135.2649325, 33.9059485], [135.2633152, 33.9032939], [135.2611855, 33.9002767], [135.2577147, 33.8950165], [135.2553034, 33.8924617], [135.2532949, 33.8908532], [135.2509609, 33.8888637], [135.2482545, 33.886649], [135.2449635, 33.8856376], [135.2411418, 33.8842159], [135.2379683, 33.8830971], [135.2350018, 33.8819339], [135.2307183, 33.8805646], [135.2275264, 33.8793687], [135.2237257, 33.8777634], [135.2195281, 33.8739913], [135.2150943, 33.8699344], [135.2124581, 33.8674316], [135.2092065, 33.864738], [135.205468, 33.8615411], [135.2017791, 33.8611396], [135.1978422, 33.8607094], [135.1942027, 33.8602198], [135.1906406, 33.8599109], [135.1873729, 33.8595494], [135.18427, 33.8591986], [135.1799618, 33.8590196], [135.1752547, 33.8586794], [135.1704421, 33.8584047], [135.1653566, 33.8581463], [135.1615371, 33.8586987], [135.1590588, 33.8592689], [135.15430462, 33.860464920000005]]}, "properties": {"kv": 500, "name": "御坊幹線", "region": "kansai", "loading": 0.0, "xfmr": false, "npts_orig": 49}}, {"type": "Feature", "geometry": {"type": "LineString", "coordinates": [[135.9255835, 34.5263753], [135.9355463, 34.53148868333333]]}, "properties": {"kv": 500, "name": "leadin", "region": "kansai", "loading": 0.0, "xfmr": false, "npts_orig": 2}}, {"type": "Feature", "geometry": {"type": "LineString", "coordinates": [[135.9255835, 34.5263753], [135.9370176125, 34.5303791375]]}, "properties": {"kv": 500, "name": "leadin", "region": "kansai", "loading": 0.0, "xfmr": false, "npts_orig": 2}}, {"type": "Feature", "geometry": {"type": "LineString", "coordinates": [[135.9255835, 34.5263753], [135.925189, 34.5238343], [135.9248789, 34.5217179], [135.9204339, 34.5190972], [135.9158197, 34.5163271], [135.9136375, 34.5150332], [135.9117934, 34.5125052], [135.9097078, 34.5096419], [135.9080288, 34.5073626], [135.9077067, 34.5061566], [135.9066961, 34.5023723], [135.9057245, 34.4996323], [135.9046777, 34.4968906], [135.9025346, 34.4922113], [135.9013165, 34.4894858], [135.9014687, 34.4837567], [135.9015936, 34.4798352], [135.9013087, 34.4742277], [135.903104, 34.4696494], [135.9051919, 34.4655213], [135.9071198, 34.4609683]]}, "properties": {"kv": 500, "name": "北大和線", "region": "kansai", "loading": 0.0, "xfmr": false, "npts_orig": 21}}, {"type": "Feature", "geometry": {"type": "LineString", "coordinates": [[135.9255835, 34.5263753], [135.9265499, 34.5321469], [135.9258734, 34.5345318], [135.9249111, 34.5383526], [135.9244844, 34.5398551], [135.9237314, 34.5423989], [135.9229423, 34.5449459], [135.9226081, 34.5508025], [135.9238401, 34.5546856], [135.9238885, 34.5570101], [135.9239236, 34.5593175], [135.9239154, 34.5630349], [135.9240724, 34.5657935], [135.9227961, 34.5691886], [135.921858, 34.572693], [135.9216526, 34.574775], [135.9206702, 34.5776989], [135.9197672, 34.5804695], [135.9196025, 34.5830277], [135.9193207, 34.5861304], [135.9191758, 34.5879336], [135.9189463, 34.5913377], [135.9183826, 34.5945528], [135.9178833, 34.5974926], [135.9171223, 34.6020894], [135.9184067, 34.6042502], [135.919977, 34.6068683], [135.9199126, 34.6101192], [135.9198481, 34.6132242], [135.9201823, 34.6166968], [135.9204239, 34.6194437], [135.9201622, 34.6227571], [135.9200092, 34.6253712], [135.9210077, 34.6303276], [135.9222519, 34.6358502], [135.9226344, 34.6379008], [135.9233712, 34.643138], [135.9241925, 34.648259], [135.9251065, 34.6520713], [135.9256622, 34.6544825], [135.9268539, 34.6581654], [135.9281947, 34.6622124], [135.9289476, 34.6643385], [135.9301153, 34.6679846], [135.931299, 34.6708158], [135.9318063, 34.6744682], [135.9324183, 34.6794316], [135.9324666, 34.6823718], [135.932523, 34.6865235], [135.9321507, 34.6869972], [135.9312426, 34.6881524], [135.9293261, 34.6906354], [135.927463, 34.6930698], [135.9263669, 34.6944392], [135.9246188, 34.6967402], [135.9230473, 34.6998791], [135.9220778, 34.7018376], [135.9213772, 34.7054058], [135.9207289, 34.7092222], [135.9201492, 34.7124128], [135.9195827, 34.7153396], [135.9202663, 34.7204611], [135.9205329, 34.7251398], [135.9207957, 34.7288155], [135.9209701, 34.7308492], [135.9211939, 34.7344919], [135.9209454, 34.7380937], [135.9207999, 34.7409888], [135.9202264, 34.7454155], [135.920174, 34.7460677], [135.9200585, 34.7475039], [135.9200085, 34.7481259], [135.9197852, 34.7524256], [135.9198991, 34.754257], [135.9199735, 34.7562034], [135.9191283, 34.7605855], [135.9187999, 34.7624022], [135.9182481, 34.7666616], [135.9172234, 34.7694424], [135.9177839, 34.7729028], [135.9186904, 34.7748021], [135.919667, 34.7767876], [135.9214011, 34.7803377], [135.9222594, 34.7851356], [135.9219529, 34.7887717], [135.9224959, 34.7926305], [135.9228725, 34.7946084], [135.9238052, 34.7977766], [135.9235907, 34.8020018], [135.9234656, 34.8045446], [135.9234111, 34.8061513], [135.9237005, 34.8074311], [135.924103, 34.8092111], [135.9242081, 34.8107536], [135.924415, 34.8143344], [135.9240845, 34.8171081], [135.9236948, 34.8202998], [135.9245571, 34.8238497], [135.9242908, 34.8256984], [135.9238271, 34.8282074], [135.9238565, 34.8303234], [135.9240577, 34.8328829], [135.9234756, 34.8358033], [135.9219428, 34.8375925], [135.918899, 34.838937], [135.9174219, 34.8407795], [135.9166633, 34.8422015], [135.9140793, 34.8470681], [135.9123468, 34.8512], [135.9109933, 34.8555308], [135.9098778, 34.859044], [135.9088603, 34.861483], [135.9070206, 34.8622667], [135.8974177909091, 34.86575875454546]]}, "properties": {"kv": 500, "name": "北大和線;南京都奈良線", "region": "kansai", "loading": 0.0, "xfmr": false, "npts_orig": 114}}, {"type": "Feature", "geometry": {"type": "LineString", "coordinates": [[135.9071198, 34.4609683], [135.9340711, 34.4726968]]}, "properties": {"kv": 500, "name": "leadin", "region": "kansai", "loading": 0.0, "xfmr": false, "npts_orig": 2}}, {"type": "Feature", "geometry": {"type": "LineString", "coordinates": [[135.71517081621622, 34.7346887945946], [135.71457692857143, 34.732173842857144]]}, "properties": {"kv": 500, "name": "阪奈線", "region": "kansai", "loading": 0.0, "xfmr": false, "npts_orig": 2}}, {"type": "Feature", "geometry": {"type": "LineString", "coordinates": [[135.71517081621622, 34.7346887945946], [135.7075931, 34.7396237], [135.7057314, 34.7417577], [135.7044931, 34.7432134], [135.7015091, 34.7465945], [135.6981296, 34.7490498], [135.693636, 34.7504869], [135.6921917, 34.7542924], [135.6945351, 34.759298], [135.69693, 34.7627031], [135.6988175, 34.7655642], [135.7018789, 34.7699899], [135.7037535, 34.7727412], [135.706998, 34.7748253], [135.7068832, 34.7770817], [135.7066481, 34.7808454], [135.7064303, 34.7842007], [135.7054616, 34.7886895], [135.7062271, 34.7911856], [135.70221944615383, 34.79466324230769]]}, "properties": {"kv": 500, "name": "淀川変電所~新生駒 変電所線", "region": "kansai", "loading": 0.0, "xfmr": false, "npts_orig": 20}}, {"type": "Feature", "geometry": {"type": "LineString", "coordinates": [[135.71517081621622, 34.7346887945946], [135.7206157, 34.7352106], [135.7244231, 34.7339251], [135.7285853, 34.7333126], [135.7309144, 34.7347687], [135.7343748, 34.7368705], [135.7402893, 34.7404615], [135.7443268, 34.7429182], [135.7450084, 34.743227], [135.747388, 34.7443052], [135.7507506, 34.745816], [135.7526372, 34.7466655], [135.7579946, 34.7470244], [135.7613706, 34.7477409], [135.7656516, 34.7485082], [135.7701959, 34.7497528], [135.7722888, 34.7524851], [135.7758559, 34.7525119], [135.779032, 34.7531676], [135.7823702, 34.749586], [135.7854261, 34.7508607], [135.7890727, 34.7514858], [135.7927181, 34.7528504], [135.7957722, 34.7555809], [135.7960696, 34.7558493], [135.799394, 34.7588496], [135.8030906, 34.7598866], [135.8109401, 34.7620802], [135.8134596, 34.7627762], [135.8176984, 34.7654073], [135.8213864, 34.7677912], [135.8252717, 34.7702501], [135.8282146, 34.7733412], [135.8310606, 34.7763166], [135.8327094, 34.7780219], [135.8346837, 34.7802235], [135.8373683, 34.7828962], [135.8392254, 34.7848362], [135.8424936, 34.7885501], [135.8434081, 34.790149], [135.8453774, 34.7936737], [135.8462807, 34.7960143], [135.8477619, 34.7996172], [135.8493946, 34.8035239], [135.8501969, 34.8071264], [135.8514593, 34.8106966], [135.8526992, 34.8142159], [135.8542509, 34.8185703], [135.8556556, 34.8205534], [135.8568183, 34.8220977], [135.8587021, 34.8246699], [135.8612008, 34.8278439], [135.8638053, 34.8296878], [135.868012, 34.832559], [135.8723013, 34.8354189], [135.8752254, 34.8373783], [135.8780962, 34.8392918], [135.8809665, 34.841279], [135.8830068, 34.8439282], [135.8862, 34.848164], [135.8882712, 34.8509685], [135.8914658, 34.8551564], [135.893853, 34.8583195], [135.8974177909091, 34.86575875454546]]}, "properties": {"kv": 500, "name": "北大和線", "region": "kansai", "loading": 0.0, "xfmr": false, "npts_orig": 64}}, {"type": "Feature", "geometry": {"type": "LineString", "coordinates": [[135.71517081621622, 34.7346887945946], [135.7120934, 34.7381007], [135.711299, 34.7405271], [135.7103308, 34.7435607], [135.7089268, 34.7476841], [135.7099253, 34.7513825], [135.7122638, 34.7547344], [135.7188892, 34.7587506], [135.7239187, 34.7613277], [135.7294401, 34.7641013], [135.7315444, 34.7647079], [135.7341629, 34.7654641], [135.7396291, 34.7668559], [135.7438433, 34.7679285], [135.7473237, 34.7713754], [135.749308, 34.7733465], [135.7513107, 34.7752948], [135.7544961, 34.7784118], [135.755817, 34.779747], [135.7573313, 34.7820085], [135.7595668, 34.7852828], [135.7627753, 34.7882694], [135.76659, 34.7921222], [135.7693354, 34.7933381], [135.7721574, 34.7945349], [135.7739361, 34.796142], [135.7755142, 34.7975411], [135.7784963, 34.8002011], [135.7815409, 34.8005848], [135.7849418, 34.8010633], [135.7885507, 34.8015494], [135.7925661, 34.8020789], [135.7973898, 34.8027645], [135.8052924, 34.8038055], [135.8111543, 34.8045635], [135.8149966, 34.8051], [135.8198131, 34.8062798], [135.8220995, 34.8068286], [135.8244359, 34.8074134], [135.8289276, 34.8084957], [135.8326028, 34.8094674], [135.8364053, 34.8104242], [135.8380748, 34.8108479], [135.8395788, 34.8112295], [135.8452136, 34.8126861], [135.8492617, 34.8136093], [135.8516834, 34.8143072], [135.8542573, 34.8150542], [135.8565555, 34.815927], [135.8603565, 34.8173274], [135.8630108, 34.8183358], [135.8667899, 34.8198978], [135.8705424, 34.8212446], [135.8747569, 34.8228622], [135.8790185, 34.824356], [135.8822336, 34.8256176], [135.886382, 34.8277228], [135.8887674, 34.8289843], [135.8932741, 34.8312596], [135.897894, 34.8327842], [135.8995817, 34.833295], [135.9035888, 34.8346106], [135.9066435, 34.8356089], [135.9110466, 34.8369864], [135.9140825, 34.8380156], [135.9169204, 34.8387972], [135.918756, 34.8393666], [135.9220609, 34.8404201], [135.9254669, 34.8421645], [135.9282038, 34.8434276], [135.9320121, 34.8452901], [135.9349147, 34.8467769], [135.9389957, 34.8488472], [135.9436001, 34.850697], [135.9490918, 34.8476699], [135.9515963, 34.8462918], [135.9575799, 34.8441022], [135.9614931, 34.8426832], [135.9654917, 34.8412], [135.9702302, 34.8394481], [135.9770889, 34.8382919], [135.9821974, 34.8386656], [135.9875915, 34.8390351], [135.9934195, 34.8394836], [135.997583, 34.8391912], [136.0039215, 34.8388241], [136.0086045, 34.8386291], [136.0117122, 34.8393724], [136.0149237, 34.840096], [136.0181431, 34.8408917], [136.0225075, 34.8412878], [136.0270593, 34.8417397], [136.0325168, 34.8422734], [136.0366338, 34.8427874], [136.040679, 34.8432949], [136.0441657, 34.84375], [136.0488173, 34.8459699], [136.0528306, 34.8475086], [136.0570155, 34.8489263], [136.0610487, 34.8486709], [136.0644477, 34.8492831], [136.0687999, 34.8507616], [136.073043, 34.8521457], [136.0775257, 34.8533317], [136.0806821, 34.8568516], [136.0823024, 34.8584722], [136.0861331, 34.8599276], [136.0893674, 34.8612187], [136.0918089, 34.8621437], [136.0965293, 34.863854], [136.0990264, 34.8649049], [136.1030489, 34.8666002], [136.1067037, 34.867996], [136.1094663, 34.8692813], [136.1110646, 34.8728034], [136.1123351, 34.8756158], [136.1142021, 34.8798008], [136.1163806, 34.8847696], [136.1172713, 34.8871047], [136.1183543, 34.8899847], [136.1191131, 34.8920042], [136.1207234, 34.8963471], [136.1224782, 34.901085], [136.124377, 34.905171], [136.1263141, 34.9085777], [136.1281598, 34.9117431], [136.1295101, 34.9139566], [136.1316902, 34.9174965], [136.1342429, 34.9208944], [136.1364132, 34.9236529], [136.1396068, 34.9280286], [136.1427085, 34.9312927], [136.1448954, 34.9341451], [136.1469295, 34.9366431], [136.1489392, 34.939322], [136.1511863, 34.9408429], [136.1543379, 34.9430419], [136.1571254, 34.9451908], [136.1590718, 34.9466851], [136.1620001, 34.9489288], [136.1649535, 34.9512088], [136.167602, 34.9529449], [136.1724497, 34.9546177], [136.1751485, 34.9564058], [136.1787963, 34.9588327], [136.1815952, 34.9619289], [136.1836262, 34.9632534], [136.1886957, 34.9659029], [136.1922799, 34.967773], [136.197795, 34.9695403], [136.2029282, 34.971178], [136.2058488, 34.9721043], [136.2101313, 34.9734732], [136.2131753, 34.9744406], [136.2168193, 34.9756008], [136.2197399, 34.9765508], [136.2229299, 34.9775661], [136.2275196, 34.9790364], [136.2307411, 34.9809315], [136.2341709, 34.9829688], [136.2370797, 34.9846789], [136.2400502, 34.9864365], [136.2436836, 34.9885804], [136.248957, 34.9917049], [136.2539058, 34.9946237], [136.2585435, 34.9964853], [136.262143, 34.9979422], [136.2635489, 35.0004526], [136.2657535, 35.0043841], [136.2688021, 35.0053411], [136.2748354, 35.0047044], [136.2785447, 35.0040455], [136.2827861, 35.0032701], [136.285188, 35.0069809], [136.2870515, 35.0111353], [136.2888704, 35.0152088], [136.290751, 35.0186945], [136.2922247, 35.0213474], [136.2942056, 35.0250127], [136.295383, 35.0290849], [136.296022, 35.0311654], [136.2971077, 35.0350849], [136.2983229, 35.0393482], [136.2991094, 35.0419429], [136.301658, 35.0453688], [136.3041861, 35.0486624], [136.3040199, 35.0508765], [136.30375, 35.0542959], [136.3034467, 35.0585127], [136.3030936, 35.0622446], [136.3028651, 35.0656292], [136.3052543, 35.0694658], [136.3073475, 35.0726978], [136.3084812, 35.074459], [136.3064262, 35.0790335], [136.3061401, 35.0829686], [136.3053077, 35.0850889], [136.3052018, 35.0902464], [136.3034698, 35.0922905], [136.2999449, 35.0910461], [136.2955022, 35.091354], [136.29347133157893, 35.09528761578947]]}, "properties": {"kv": 500, "name": "南近江線", "region": "kansai", "loading": 0.0, "xfmr": false, "npts_orig": 202}}, {"type": "Feature", "geometry": {"type": "LineString", "coordinates": [[135.62009770666666, 34.96973578], [135.6145613, 34.9707995], [135.6116107, 34.9700554], [135.6077553, 34.9690975], [135.6055045, 34.969279], [135.5995835, 34.9697817], [135.596171, 34.9680057], [135.5922866, 34.9659917], [135.5881153, 34.9652836], [135.5845213, 34.9646767], [135.5788925, 34.9637589], [135.5733127, 34.9625153], [135.5702742, 34.961834], [135.5666475, 34.9610336], [135.5622185, 34.9600608], [135.557804, 34.9590968], [135.5527406, 34.9608725], [135.547775, 34.9625955], [135.5444415, 34.9636642], [135.5404994, 34.9649485], [135.5356674, 34.9658559], [135.5312457, 34.9667127], [135.525292, 34.9684858], [135.5204782, 34.9699137], [135.5144289, 34.9716464], [135.5108393, 34.9727077], [135.508298, 34.975152], [135.5037738, 34.9795127], [135.4991984, 34.9838853], [135.4962638, 34.9861875], [135.4922136, 34.9892797], [135.487849, 34.9926763], [135.4855476, 34.9946212], [135.48419924615385, 34.99032801538461]]}, "properties": {"kv": 500, "name": "西京都変電所~能勢変電所線", "region": "kansai", "loading": 0.0, "xfmr": false, "npts_orig": 34}}, {"type": "Feature", "geometry": {"type": "LineString", "coordinates": [[135.62009770666666, 34.96973578], [135.6213175, 34.9741555], [135.6232939, 34.9779674], [135.6259233, 34.9818921], [135.6286899, 34.9859393], [135.6282965, 34.9885325], [135.6278935, 34.9906798], [135.6275715, 34.9924592], [135.6270523, 34.9965268], [135.6266732, 34.9997605], [135.6260281, 35.0040777], [135.6241852, 35.0082755], [135.6222231, 35.0128537], [135.6226865, 35.0141731], [135.6245614, 35.0198171], [135.6244121, 35.0231923], [135.624216, 35.0266788], [135.6226998, 35.0291744], [135.6209685, 35.0319647], [135.6174604, 35.0355477], [135.6158579, 35.0372165], [135.6139883, 35.0391266], [135.6101745, 35.0431057], [135.6076259, 35.046798], [135.6050739, 35.0507066], [135.6032436, 35.0534289], [135.6011407, 35.0566755], [135.5991902, 35.0598183], [135.5981442, 35.0614085], [135.5952542, 35.0659568], [135.592293, 35.0703028], [135.5897921, 35.0739622], [135.5875987, 35.077281], [135.5849032, 35.0811992], [135.5820419, 35.0853882], [135.5777803, 35.0900612], [135.5759391, 35.0920828], [135.5732408, 35.0969378], [135.5708352, 35.1012391], [135.5680729, 35.1062991], [135.567331, 35.1094327], [135.5661444, 35.1145741], [135.5652098, 35.1188152], [135.5643219, 35.1216919], [135.5638801, 35.1231415], [135.562513, 35.1271871], [135.5617993, 35.1292252], [135.559318, 35.1337818], [135.5578087, 35.1365533], [135.5541291, 35.1385695], [135.5501166, 35.1407975], [135.5448374, 35.143796], [135.5427142, 35.1449174], [135.5402665, 35.1463119], [135.5352561, 35.1495773], [135.5308662, 35.1528894], [135.5280997, 35.154766], [135.523037, 35.1582561], [135.5209895, 35.1596005], [135.5192764, 35.160726], [135.516658, 35.1656244], [135.5152438, 35.168199], [135.5127435, 35.1713205], [135.5100702, 35.1745929], [135.5063936, 35.1790653], [135.5045766, 35.1825069], [135.5031996, 35.1851013], [135.5009778, 35.1894196], [135.4989521, 35.1932879], [135.4970054, 35.1974131], [135.4952531, 35.2009549], [135.4941212, 35.2033972], [135.4903847, 35.2081895], [135.4927637, 35.2109518], [135.495387, 35.2142029], [135.4969843, 35.2157394], [135.5004031, 35.2188913], [135.5024803, 35.2208969], [135.5048652, 35.2232734], [135.5083395, 35.2267011], [135.5105598, 35.2296644], [135.5141801, 35.2343553], [135.5169853, 35.2379389], [135.517892, 35.2417277], [135.5183626, 35.2442699], [135.5190953, 35.247868], [135.5201302, 35.2528078], [135.5201417, 35.2560982], [135.5201456, 35.2596235], [135.5201481, 35.2633835], [135.520322, 35.266165], [135.5208248, 35.2694819], [135.5210094, 35.2723072], [135.5222068, 35.2801338], [135.52272, 35.2834251], [135.5246348, 35.2885589], [135.5256261, 35.2910671], [135.5262139, 35.2928152], [135.5281735, 35.2980132], [135.5292859, 35.3005751], [135.5307181, 35.3035205], [135.5329682, 35.3085281], [135.5342216, 35.3112677], [135.5362056, 35.3157382], [135.5383413, 35.3203273], [135.5408049, 35.3234239], [135.5444023, 35.3279466], [135.5458283, 35.332276], [135.5467704, 35.3349174], [135.5475709, 35.3374288], [135.5485439, 35.3406146], [135.5490801, 35.3432912], [135.549665, 35.3457977], [135.5504998, 35.3504149], [135.551375, 35.354986], [135.5517877, 35.3572515], [135.5523753, 35.3603083], [135.5539765, 35.3630599], [135.5551082, 35.3649426], [135.5565643, 35.3687063], [135.558225, 35.3729844], [135.5598159, 35.3764632], [135.5622652, 35.3787613], [135.5659375, 35.3819656], [135.5670068, 35.3849734], [135.5688008, 35.3909447], [135.5706382, 35.3940575], [135.5740561, 35.3966241], [135.5768974, 35.3986843], [135.5798919, 35.4027214], [135.5834041, 35.4074399], [135.585861, 35.4125287], [135.5877021, 35.4162463], [135.5889855, 35.4185356], [135.5909471, 35.422029], [135.5936558, 35.4268161], [135.5951524, 35.4292528], [135.5986927, 35.4342563], [135.600558, 35.4367288], [135.6031622, 35.4405367], [135.6043567, 35.4431017], [135.6057223, 35.4459786], [135.6047962, 35.4499904], [135.604724, 35.4544208], [135.6035759, 35.4592516], [135.6001742, 35.4634744], [135.5986384, 35.4655204], [135.5964682, 35.4690423], [135.5963221, 35.4717699], [135.5963721, 35.4768087], [135.5964095, 35.4796898], [135.5964407, 35.4826299], [135.596431, 35.4860938], [135.6010971, 35.4920942], [135.6033957, 35.4942311], [135.6090359, 35.4960216], [135.6126475, 35.4971725], [135.6172206, 35.500869], [135.6217727, 35.5045296], [135.6240427, 35.5063064], [135.6257856, 35.510148], [135.6256364, 35.5144195], [135.6268741, 35.5196207], [135.6279625, 35.5240737], [135.6327598, 35.5268257], [135.6377749, 35.5297096], [135.6431099, 35.5325399], [135.6474069, 35.5347844], [135.6497894, 35.5360233], [135.65615371111113, 35.54067873333334]]}, "properties": {"kv": 500, "name": "大飯幹線", "region": "kansai", "loading": 0.0, "xfmr": false, "npts_orig": 170}}, {"type": "Feature", "geometry": {"type": "LineString", "coordinates": [[135.62009770666666, 34.96973578], [135.6205658, 34.9762538], [135.6225637, 34.9805605], [135.6219149, 34.9824193], [135.6205051, 34.986259], [135.6188994, 34.9907929], [135.6214844, 34.9945977], [135.6221006, 34.9990231], [135.6225277, 35.0021776], [135.6234683, 35.0065633], [135.6239071, 35.0086164], [135.6253728, 35.012218], [135.6263367, 35.0145214], [135.6275217, 35.0169111], [135.6285053, 35.0206172], [135.6289938, 35.0225823], [135.6278452, 35.0278207], [135.6273171, 35.0301181], [135.6266041, 35.0333533], [135.6258878, 35.0364613], [135.6234882, 35.0400909], [135.6215078, 35.0430132], [135.6193923, 35.0461476], [135.6181809, 35.0483175], [135.6181643, 35.0528433], [135.6183304, 35.0569434], [135.6185581, 35.0612042], [135.6187975, 35.065916], [135.6188899, 35.0681502], [135.6190731, 35.0720363], [135.6191803, 35.0746839], [135.6189834, 35.0775629], [135.6188473, 35.0795545], [135.6182836, 35.0837441], [135.6177369, 35.0879558], [135.6173226, 35.0909728], [135.6174283, 35.0951238], [135.6194417, 35.0985252], [135.6208094, 35.1008994], [135.6223545, 35.1035326], [135.6237712, 35.1059709], [135.6248379, 35.107781], [135.6267844, 35.1114603], [135.628962, 35.1157235], [135.6304933, 35.120374], [135.6315758, 35.1237804], [135.6319429, 35.1249358], [135.6356841, 35.1288278], [135.6384479, 35.1316702], [135.6408287, 35.1341666], [135.64444853333333, 35.136846222222225]]}, "properties": {"kv": 500, "name": "西京都変電所~京北開閉所線", "region": "kansai", "loading": 0.0, "xfmr": false, "npts_orig": 51}}, {"type": "Feature", "geometry": {"type": "LineString", "coordinates": [[135.62009770666666, 34.96973578], [135.6243865, 34.9678864], [135.6267464, 34.9651174], [135.6297512, 34.9613121], [135.6301344, 34.9564224], [135.6302995, 34.9540934], [135.6305884, 34.9495366], [135.6313725, 34.9456369], [135.6321084, 34.9418682], [135.6307349, 34.9395448], [135.630983, 34.9348541], [135.6324337, 34.930592], [135.6335231, 34.9254586], [135.6341163, 34.9224474], [135.6346879, 34.9193211], [135.6354645, 34.9156154], [135.6365215, 34.9103617], [135.6369044, 34.9050413], [135.6369799, 34.9020913], [135.6353081, 34.8984423], [135.6349306, 34.8930901], [135.6362681, 34.890582], [135.6384661, 34.8865951], [135.6402242, 34.8853653], [135.6438429, 34.8829719], [135.6468683, 34.881021], [135.648044, 34.8794106], [135.6496726, 34.8773135], [135.6524554, 34.8727962], [135.65262786, 34.863612]]}, "properties": {"kv": 500, "name": "西京都変電所~梶原六丁目変電所線", "region": "kansai", "loading": 0.0, "xfmr": false, "npts_orig": 30}}, {"type": "Feature", "geometry": {"type": "LineString", "coordinates": [[135.48419924615385, 34.99032801538461], [135.481703, 34.9966441], [135.4794489, 34.9973965], [135.4736791, 34.9978419], [135.4692976, 34.9982354], [135.4656076, 35.0003197], [135.4619282, 35.0024386], [135.4598906, 35.0035974], [135.4557519, 35.005954], [135.4535612, 35.0072339], [135.4540099, 35.0114495], [135.4546908, 35.0160584], [135.4550287, 35.0188728], [135.4547542, 35.0221671], [135.4545114, 35.0266716], [135.4543108, 35.0296543], [135.4543319, 35.0331469], [135.4519617, 35.0380787], [135.4502196, 35.0415321], [135.4475412, 35.0439324], [135.4430835, 35.0479112], [135.4403184, 35.0504323], [135.4375421, 35.0529337], [135.4317563, 35.0548038], [135.4284433, 35.0559062], [135.4235346, 35.0574682], [135.4219799, 35.0603802], [135.4212408, 35.062112], [135.4187049, 35.0670857], [135.4141402, 35.0709048], [135.4119134, 35.0722963], [135.407827, 35.0739765], [135.4031398, 35.0759297], [135.4006877, 35.0787637], [135.4009837, 35.0830244], [135.4014099, 35.0873816], [135.4016322, 35.0908194], [135.4021719, 35.0942261], [135.4025613, 35.0972191], [135.4030394, 35.0998907], [135.4086423, 35.1034068], [135.4146965, 35.1071169], [135.4171069, 35.1085908], [135.4199883, 35.1121378], [135.4213528, 35.1138027], [135.4243449, 35.117563], [135.4274798, 35.1213836], [135.430634, 35.1238766], [135.4354161, 35.1275508], [135.4378941, 35.1296169], [135.4412511, 35.1329037], [135.4432847, 35.1348235], [135.4452603, 35.1385367], [135.4481875, 35.1440745], [135.450081, 35.147886], [135.4522692, 35.1514406], [135.4545249, 35.1552043], [135.4569594, 35.1592601], [135.4591379, 35.1629327], [135.4629781, 35.1673158], [135.4659246, 35.1705655], [135.467678, 35.1724766], [135.4692865, 35.174356], [135.4730783, 35.1786912], [135.4761939, 35.182122], [135.4792805, 35.184092], [135.48468943999998, 35.18543248]]}, "properties": {"kv": 500, "name": "能勢変電所~新綾部変電所線", "region": "kansai", "loading": 0.0, "xfmr": false, "npts_orig": 67}}, {"type": "Feature", "geometry": {"type": "LineString", "coordinates": [[135.48419924615385, 34.99032801538461], [135.4797505, 34.99376], [135.4727361, 34.993985], [135.4701995, 34.9943601], [135.4671044, 34.9947577], [135.4630844, 34.9953203], [135.4594765, 34.9958454], [135.455017, 34.996438], [135.4520226, 34.9967456], [135.4471968, 34.9970607], [135.4428471, 34.9966406], [135.4371115, 34.9941688], [135.430876, 34.9934421], [135.4277939, 34.9934421], [135.4242326, 34.9934368], [135.4207166, 34.9933678], [135.4131796, 34.9928426], [135.408295, 34.9924335], [135.4045728, 34.9946448], [135.4006179, 34.9967202], [135.3977689, 34.9982372], [135.3920587, 35.0027039], [135.3885537, 35.0054042], [135.3852872, 35.0074482], [135.3812343, 35.0099948], [135.3766687, 35.012573], [135.3702982, 35.0156009], [135.3658062, 35.0183864], [135.3637952, 35.0196302], [135.3608486, 35.0214584], [135.3562564, 35.0242814], [135.3527845, 35.0271887], [135.3484684, 35.0308097], [135.3421131, 35.036024], [135.3379868, 35.0389698], [135.3339472, 35.0395476], [135.3299462, 35.040103], [135.3244175, 35.0394746], [135.3182926, 35.0387442], [135.3155671, 35.0382744], [135.3121331, 35.037652], [135.3054932, 35.0364603], [135.2994109, 35.0356102], [135.2937315, 35.0347911], [135.2886494, 35.0337653], [135.2855771, 35.0331381], [135.2795536, 35.0319298], [135.2748726, 35.0309856], [135.2710384, 35.0302163], [135.2665308, 35.0298631], [135.2614394, 35.0294608], [135.2577091, 35.0291729], [135.2531752, 35.0298199], [135.2506987, 35.030169], [135.2449724, 35.0308054], [135.2410605, 35.0312435], [135.2363286, 35.0320284], [135.2249341, 35.0300627], [135.2197884, 35.0289021], [135.2144209, 35.027133], [135.210635, 35.0258784], [135.2065971, 35.0245375], [135.2020147, 35.0242774], [135.1983801, 35.0258358], [135.196182, 35.026794], [135.1903843, 35.0279071], [135.1863241, 35.0294091], [135.1841313, 35.0327172], [135.1800641, 35.0388561], [135.1766363, 35.039991], [135.1728213, 35.0411804], [135.170633, 35.0443325], [135.1665668, 35.0487676], [135.1608661, 35.0514667], [135.1545776, 35.052858], [135.1504679, 35.0531912], [135.1450477, 35.053565], [135.141871, 35.0537763], [135.1380094, 35.0539551], [135.1315941, 35.0544724], [135.1287533, 35.0551222], [135.1221681, 35.0565453], [135.1184563, 35.0569598], [135.1138328, 35.0574609], [135.1085268, 35.0596509], [135.1037122, 35.0607397], [135.0964009, 35.0602116], [135.0893425, 35.0618965], [135.0899172, 35.0679831], [135.0867653, 35.0698488], [135.0818114, 35.0727812], [135.0799901, 35.0760357], [135.0787195, 35.0783335], [135.0771612, 35.0811023], [135.0743955, 35.0881044], [135.0725705, 35.0928142], [135.071672, 35.0951402], [135.0704189, 35.0984059], [135.0692659, 35.1028006], [135.068373, 35.1061102], [135.0664704, 35.1094898], [135.064454, 35.1116911], [135.0609407, 35.1136889], [135.055818, 35.116483], [135.0523888, 35.1183829], [135.0494184, 35.1190933], [135.0431196, 35.1206821], [135.0367693, 35.1221924], [135.0327288, 35.1232028], [135.0252977, 35.1245973], [135.0211736, 35.1249815], [135.0178987, 35.1253814], [135.0145573, 35.1256775], [135.0108118, 35.1259546], [134.996693, 35.1274009], [134.9899787, 35.1285359], [134.9868776, 35.1293409], [134.9838311, 35.1300436], [134.9815837, 35.1306761], [134.9751198, 35.131303], [134.966654, 35.1318289], [134.9612869, 35.1309817], [134.9458087, 35.1247026], [134.9365798, 35.1177947], [134.9326161, 35.1151407], [134.9300481, 35.1136504], [134.9260418, 35.1132314], [134.9162182, 35.1121368], [134.8887066, 35.1209874], [134.8666561, 35.1219062], [134.8625116, 35.1220457], [134.8559644, 35.1223517], [134.8502589, 35.1217461], [134.8448652, 35.1201586], [134.8400405, 35.1216122], [134.8325735, 35.1200184], [134.8287153, 35.1198016], [134.8251206, 35.1200345], [134.822464, 35.1201427], [134.8179043, 35.1204846], [134.8136757, 35.1195107], [134.8006396, 35.1155533], [134.796395, 35.1150753], [134.7921913, 35.114011], [134.7882816, 35.1130854], [134.7832428, 35.1151859], [134.7784845, 35.1132356], [134.7618926, 35.106445], [134.7574018, 35.10453], [134.752144, 35.1022629], [134.7484593, 35.101119], [134.7455418, 35.100259], [134.7400481, 35.0986787], [134.7344217, 35.0964637], [134.730447, 35.0947715], [134.726396, 35.0930861], [134.7217716, 35.0910886], [134.7140855, 35.0879479], [134.7070834, 35.0868474], [134.7011063, 35.0859865], [134.6948942, 35.0844476], [134.6911985, 35.0834543], [134.6856416, 35.0822616], [134.6786677, 35.0807824], [134.674315, 35.0798863], [134.667765, 35.0796679], [134.6603544, 35.080204], [134.6509154, 35.0804414], [134.6396777, 35.0794686], [134.6336973, 35.0789026], [134.6288725, 35.0788616], [134.6227876, 35.0785935], [134.6195042, 35.0774267], [134.6161939, 35.0748469], [134.6093374, 35.0697097], [134.6062961, 35.0674826], [134.6023912357143, 35.0629625]]}, "properties": {"kv": 500, "name": "能勢変電所~氷上町新郷変電所線", "region": "kansai", "loading": 0.0, "xfmr": false, "npts_orig": 177}}, {"type": "Feature", "geometry": {"type": "LineString", "coordinates": [[135.65615371111113, 35.54067873333334], [135.6514089, 35.5357441], [135.6494075, 35.5346607], [135.6466522, 35.5331623], [135.6427805, 35.5310233], [135.6386674, 35.5287715], [135.633848, 35.5264402], [135.6328216, 35.5245441], [135.6301901, 35.5196773], [135.6295024, 35.5171392], [135.6284034, 35.5135262], [135.6275518, 35.5105856], [135.6264945, 35.5068108], [135.6221411, 35.5030505], [135.6188759, 35.5002256], [135.614652, 35.4965358], [135.6090249, 35.4949731], [135.604665, 35.4937024], [135.6032109, 35.4920792], [135.5977369, 35.4858712], [135.5977626, 35.4811959], [135.5977543, 35.478916], [135.59776, 35.4766464], [135.5973413, 35.471553], [135.599376, 35.4680977], [135.6014582, 35.4644616], [135.6043883, 35.4597759], [135.6058776, 35.4545159], [135.6066263, 35.4493121], [135.6072864, 35.4455336], [135.6077593, 35.4406899], [135.6082007, 35.4356369], [135.6084502, 35.432803], [135.6091144, 35.4285344], [135.6097974, 35.4253979], [135.6104507, 35.4218536], [135.6110365, 35.4186666], [135.6117009, 35.4158313], [135.6128579, 35.4104771], [135.6140697, 35.4048102], [135.6152009, 35.3998507], [135.6162944, 35.3946173], [135.6178127, 35.3893684], [135.6186233, 35.3862444], [135.6199981, 35.3814337], [135.6214647, 35.3765211], [135.6220701, 35.3742591], [135.6229286, 35.3700178], [135.6238367, 35.3669124], [135.6247187, 35.3602668], [135.6243041, 35.3559498], [135.6236408, 35.3498598], [135.6232213, 35.3461472], [135.6225297, 35.3403704], [135.6221812, 35.3379177], [135.6208268, 35.3325601], [135.6196798, 35.3276712], [135.6200504, 35.323214], [135.6192159, 35.3193315], [135.6185809, 35.3163826], [135.617749, 35.3126607], [135.6177917, 35.3084599], [135.6178585, 35.3059755], [135.6186652, 35.3002383], [135.6198283, 35.2975082], [135.6210572, 35.2946117], [135.6220914, 35.292152], [135.6234392, 35.2887651], [135.6239915, 35.2870044], [135.6252956, 35.2832419], [135.6260532, 35.2812653], [135.6261601, 35.2772329], [135.6259906, 35.2729551], [135.6261735, 35.2692085], [135.6260953, 35.2648174], [135.626805, 35.2622142], [135.6281307, 35.2570055], [135.62825, 35.2527729], [135.6282896, 35.2478779], [135.6276722, 35.2454413], [135.6266549, 35.241278], [135.6258441, 35.2383339], [135.6246136, 35.2336384], [135.623671, 35.2297925], [135.6224713, 35.2255644], [135.6215568, 35.2222729], [135.6205185, 35.2189255], [135.6201145, 35.2157329], [135.6195214, 35.2110749], [135.6191949, 35.2081937], [135.6185794, 35.2036233], [135.6181485, 35.2000097], [135.6180743, 35.1946331], [135.6179638, 35.1908359], [135.6180146, 35.1874699], [135.6181218, 35.1837916], [135.6182239, 35.1799147], [135.6182657, 35.1773998], [135.6171154, 35.1737029], [135.6170967, 35.1694684], [135.6171282, 35.1670112], [135.6178809, 35.1634875], [135.6186906, 35.1600222], [135.6194056, 35.1566811], [135.6201806, 35.153394], [135.6235927, 35.1508629], [135.6280141, 35.1475079], [135.63296, 35.1438767], [135.6353862, 35.1421038], [135.64444853333333, 35.136846222222225]]}, "properties": {"kv": 500, "name": "第二大飯幹線", "region": "kansai", "loading": 0.0, "xfmr": false, "npts_orig": 110}}, {"type": "Feature", "geometry": {"type": "LineString", "coordinates": [[135.64444853333333, 35.136846222222225], [135.6386748, 35.1374885], [135.6333491, 35.1372571], [135.628736, 35.1362294], [135.6231946, 35.1350513], [135.6201557, 35.134532], [135.61561, 35.1319669], [135.6106567, 35.1291978], [135.6064907, 35.1275412], [135.6028076, 35.1275982], [135.597064, 35.1277503], [135.5955408, 35.1289667], [135.5923169, 35.1317307], [135.5878469, 35.1352885], [135.5843502, 35.1362988], [135.5816766, 35.1370424], [135.574053, 35.138485], [135.5656714, 35.1387166], [135.5599132, 35.1388817], [135.5542458, 35.1381781], [135.5433358, 35.1364949], [135.5379071, 35.135668], [135.5322185, 35.1346834], [135.5302643, 35.134896], [135.529617, 35.1349664], [135.5294824, 35.134981], [135.526908, 35.135261], [135.5217116, 35.1358252], [135.5190832, 35.1361667], [135.5128902, 35.1366375], [135.507272, 35.1371405], [135.5018397, 35.1375831], [135.4977855, 35.1378723], [135.4969787, 35.1378837], [135.4912599, 35.1379645], [135.4860346, 35.1380666], [135.4815581, 35.1381011], [135.4762422, 35.1381615], [135.4713328, 35.1377946], [135.465468, 35.1367887], [135.4625223, 35.1362793], [135.4586054, 35.1339136], [135.4546568, 35.1314182], [135.4513733, 35.1289703], [135.4466328, 35.1256761], [135.4419874, 35.1207711], [135.4380018, 35.1166216], [135.4368827, 35.1154168], [135.4323059, 35.1105588], [135.4290065, 35.1072163], [135.4265413, 35.1048756], [135.4237223, 35.1020857], [135.4210987, 35.0995764], [135.420006, 35.098501], [135.4158673, 35.0944885], [135.4131012, 35.0919099], [135.408783, 35.0884371], [135.4064656, 35.0866919], [135.4019878, 35.0832032], [135.3993339, 35.0811069], [135.3947161, 35.0774117], [135.3921203, 35.0757206], [135.3898694, 35.0742251], [135.3872599, 35.0725954], [135.3839775, 35.0705017], [135.3806815, 35.06831], [135.378253, 35.0662049], [135.3761896, 35.0644738], [135.3729529, 35.0616437], [135.370464, 35.0595049], [135.3670875, 35.0565151], [135.3639998, 35.0537582], [135.3598533, 35.0498045], [135.3571823, 35.0472041], [135.3553515, 35.0423552], [135.3538005, 35.037964], [135.3536416, 35.0349936], [135.3534845, 35.0317382], [135.3532659, 35.0266647], [135.3530521, 35.024635], [135.3528848, 35.0199034], [135.3529895, 35.0150086], [135.3532984, 35.0120705], [135.3535873, 35.007638], [135.3537192, 35.0058022], [135.3540648, 35.001986], [135.3510958, 34.9971594], [135.3495057, 34.9938168], [135.348475, 34.9918691], [135.3475294, 34.9900283], [135.3472345, 34.9883171], [135.34557659677418, 34.98433562903226]]}, "properties": {"kv": 500, "name": "京北開閉所~猪名川変電所線", "region": "kansai", "loading": 0.0, "xfmr": false, "npts_orig": 92}}, {"type": "Feature", "geometry": {"type": "LineString", "coordinates": [[135.64444853333333, 35.136846222222225], [135.6513329, 35.138903], [135.6559119, 35.1408004], [135.6591885, 35.1421883], [135.6620196, 35.1432475], [135.6667627, 35.1450484], [135.669283, 35.1459813], [135.6735594, 35.1472341], [135.6794845, 35.1489782], [135.6830021, 35.1500138], [135.687881, 35.1516385], [135.6904654, 35.1525105], [135.6938855, 35.1537787], [135.6956136, 35.1544265], [135.6981312, 35.1554054], [135.7034615, 35.1565373], [135.7069071, 35.1567273], [135.7138713, 35.1569676], [135.7169916, 35.1572664], [135.7205529, 35.1576392], [135.7359723, 35.1571813], [135.7420053, 35.1565974], [135.7452222, 35.1562636], [135.7498394, 35.1559469], [135.7556926, 35.156792], [135.7614031, 35.1571308], [135.766371, 35.1546533], [135.7691421, 35.1532231], [135.7734284, 35.1526711], [135.7778185, 35.1520869], [135.7832641, 35.151349], [135.7898526, 35.1505129], [135.7949438, 35.1498356], [135.7986668, 35.1491703], [135.804703, 35.1480574], [135.8113738, 35.1462857], [135.8140421, 35.1456552], [135.8198199, 35.1438659], [135.822687, 35.1428489], [135.827586, 35.1412819], [135.8306686, 35.1403917], [135.8341595, 35.139687], [135.8409356, 35.1409825], [135.8451123, 35.1386106], [135.8480968, 35.1368825], [135.8495685, 35.1315995], [135.8503481, 35.1276043], [135.8510597, 35.12393], [135.8517383, 35.1201546], [135.8523897, 35.1169728], [135.8550359, 35.1132164], [135.8574546, 35.1099553], [135.8590481, 35.1071438], [135.8618786, 35.1027418], [135.8640551, 35.0992705], [135.8634687, 35.096271], [135.8629842, 35.0938444], [135.8625194, 35.0912282], [135.8619388, 35.088595], [135.860564, 35.0845836], [135.8593065, 35.0808783], [135.858642, 35.0791119], [135.8573638, 35.0754192], [135.8563912, 35.0730862], [135.858293, 35.0686133], [135.8596604, 35.063454], [135.8603685, 35.0598022], [135.8584706, 35.0575744], [135.8567109, 35.055312], [135.8550136, 35.0534838], [135.8524794, 35.0504825], [135.850603, 35.0479609], [135.849756, 35.0451775], [135.846818, 35.0417866], [135.8437995, 35.0384732], [135.8432838, 35.0339331], [135.8418625, 35.0315069], [135.8395567, 35.0275217], [135.8350793, 35.0233358], [135.8351706, 35.0208015], [135.8352686, 35.0162905], [135.8388715, 35.012027], [135.8418391, 35.0084419], [135.8448812, 35.0047816], [135.8479643, 34.9975828], [135.8495101, 34.993912], [135.8526217, 34.9909316], [135.8538084, 34.9862279], [135.853563, 34.9841572], [135.8529711, 34.979018], [135.8529011, 34.9767176], [135.8536175, 34.9737862], [135.854621, 34.9698501], [135.8551861, 34.9676683], [135.8585258, 34.9638427], [135.8590118, 34.9585692], [135.8591428, 34.9571429], [135.859509, 34.9530596], [135.8598896, 34.9496468], [135.860115, 34.9472809], [135.860326, 34.944635], [135.8605481, 34.9425158], [135.86079, 34.9395848], [135.8611966, 34.9354965], [135.8618013, 34.9316341], [135.8624325, 34.9278051], [135.8666951, 34.9250088], [135.8666432, 34.9204111], [135.8642898, 34.9167316], [135.8658651, 34.9125949], [135.8662539, 34.9106451], [135.8667918, 34.9087583], [135.868999, 34.904798], [135.8707395, 34.9016076], [135.8727604, 34.8980081], [135.8742977, 34.8952473], [135.8766977, 34.8908804], [135.8786088, 34.8878347], [135.8802198, 34.8856617], [135.8833544, 34.8835967], [135.8870939, 34.8811195], [135.8898822, 34.8778647], [135.8932006, 34.8740377], [135.8944608, 34.8706868], [135.8974177909091, 34.86575875454546]]}, "properties": {"kv": 500, "name": "山城北線", "region": "kansai", "loading": 0.0, "xfmr": false, "npts_orig": 125}}, {"type": "Feature", "geometry": {"type": "LineString", "coordinates": [[135.64444853333333, 35.136846222222225], [135.6483266, 35.1398489], [135.6529692, 35.1417277], [135.6548917, 35.1424189], [135.6579391, 35.1436621], [135.6612251, 35.1449443], [135.6640339, 35.1460146], [135.6677971, 35.1473915], [135.6729306, 35.1492867], [135.6783164, 35.1512879], [135.6815887, 35.1524306], [135.684118, 35.1533614], [135.6878607, 35.1547048], [135.6929124, 35.1565441], [135.6987822, 35.1587012], [135.7018501, 35.1607968], [135.7042566, 35.1624187], [135.7085175, 35.164492], [135.7131056, 35.1667213], [135.7170393, 35.1685994], [135.720148, 35.1701319], [135.7233386, 35.1727177], [135.7266041, 35.1754093], [135.7294061, 35.1777608], [135.7322762, 35.1792765], [135.7356304, 35.1810596], [135.7382823, 35.1847928], [135.7394277, 35.1863473], [135.7419024, 35.1896792], [135.7444521, 35.1928326], [135.7475131, 35.1951391], [135.7519581, 35.1982979], [135.7545214, 35.2016849], [135.7574052, 35.205523], [135.7604185, 35.2082135], [135.7634591, 35.2135664], [135.7662337, 35.216368], [135.7706446, 35.2197543], [135.7723626, 35.2230012], [135.7733307, 35.2247833], [135.7761531, 35.2297397], [135.7778779, 35.2321398], [135.7814298, 35.2343616], [135.7864815, 35.2374799], [135.7888335, 35.2390668], [135.7905611, 35.2429664], [135.7915945, 35.2452987], [135.793742, 35.2501355], [135.794976, 35.2537487], [135.7956918, 35.2555858], [135.7974916, 35.260223], [135.7991687, 35.2626556], [135.8014048, 35.2657505], [135.8046021, 35.268478], [135.8073973, 35.2709215], [135.810097, 35.2733649], [135.8144397, 35.2763982], [135.8173439, 35.279103], [135.8196141, 35.2812456], [135.8238204, 35.2862152], [135.8270519, 35.290105], [135.8295539, 35.2930152], [135.8312651, 35.2951019], [135.8335693, 35.2978172], [135.8377075, 35.3019679], [135.8407072, 35.3034924], [135.8436318, 35.3060517], [135.8468019, 35.3085886], [135.8515128, 35.3108083], [135.8539193, 35.3120044], [135.8582279, 35.3133062], [135.8616775, 35.3159208], [135.8675064, 35.3201929], [135.8709151, 35.3228518], [135.8731649, 35.3257887], [135.8749101, 35.331206], [135.8761577, 35.3354273], [135.8772826, 35.3392869], [135.8822729, 35.3434133], [135.888095, 35.3469722], [135.8904811, 35.349152], [135.8925672, 35.3520657], [135.8946534, 35.3548569], [135.8964668, 35.3585377], [135.8983757, 35.3624073], [135.8994665, 35.3644754], [135.902013, 35.3693617], [135.9037865, 35.3743979], [135.9050952, 35.3781301], [135.9067952, 35.3832186], [135.9088462, 35.3874599], [135.9107213, 35.3904696], [135.9137312, 35.3951936], [135.9168873, 35.3998642], [135.9183979, 35.4035633], [135.9185216, 35.408902], [135.9186127, 35.411428], [135.9197391, 35.4154185], [135.9204488, 35.4179018], [135.9214776, 35.4215311], [135.9217185, 35.4238498], [135.9221222, 35.4281473], [135.9222761, 35.4297493], [135.9226087, 35.433211], [135.9228561, 35.4366911], [135.9227649, 35.4412744], [135.922804, 35.4432212], [135.9225826, 35.445709], [135.9223222, 35.4485467], [135.9220357, 35.4515251], [135.9219185, 35.4554765], [135.9231621, 35.459714], [135.9241453, 35.4626997], [135.9264827, 35.4684641], [135.9290676, 35.4719427], [135.9316004, 35.4755643], [135.9332477, 35.4778496], [135.9351294, 35.4805271], [135.9385086, 35.4853518], [135.940195, 35.4891584], [135.9424869, 35.4945657], [135.9440105, 35.4981332], [135.944948, 35.5034869], [135.9456317, 35.5072661], [135.9460028, 35.5118136], [135.9461265, 35.5134672], [135.9464716, 35.5171028], [135.9489536, 35.521915], [135.9515083, 35.5235986], [135.9547627, 35.5257706], [135.9562431, 35.5268535], [135.9580759, 35.5281659], [135.9609221, 35.5304822], [135.964676, 35.5330781], [135.9687118, 35.5359608], [135.9703596, 35.5380617], [135.971276, 35.5391158], [135.9704261, 35.5462704], [135.970037, 35.5495434], [135.9703978, 35.5523519], [135.9700060642857, 35.55649276190476]]}, "properties": {"kv": 500, "name": "京北開閉所~嶺南変電所線", "region": "kansai", "loading": 0.0, "xfmr": false, "npts_orig": 141}}, {"type": "Feature", "geometry": {"type": "LineString", "coordinates": [[135.11038747142857, 34.9320899], [135.1094721, 34.9375719], [135.1114851, 34.94092], [135.1150596, 34.9433855], [135.1151976, 34.945882], [135.1150854, 34.9487804], [135.116211, 34.9504926], [135.1193018, 34.953354], [135.1230384, 34.9555819], [135.1250316, 34.956777], [135.1281025, 34.9586184], [135.1314865, 34.9619893], [135.1347556, 34.9652334], [135.1368715, 34.9674155], [135.1395383, 34.9700814], [135.141159, 34.9730329], [135.1422638, 34.9749829], [135.1439868, 34.978185], [135.1453429, 34.9807416], [135.147195, 34.9840634], [135.1500713, 34.9869142], [135.1523819, 34.9888205], [135.1576945, 34.9876583], [135.1635343, 34.9878643], [135.167107, 34.9880093], [135.1704164, 34.9880744], [135.1745642, 34.9881356], [135.1780504, 34.9893498], [135.1838601, 34.9917273], [135.1873305, 34.9916089], [135.1906033, 34.9915753], [135.1964845, 34.9914573], [135.2018502, 34.9915918], [135.2077701, 34.9917594], [135.2110292, 34.9927084], [135.217042, 34.9942463], [135.2229288, 34.9957519], [135.2270748, 34.9968123], [135.2322949, 34.9985393], [135.2354699, 34.9995372], [135.2400746, 35.0009772], [135.2465444, 35.0025981], [135.2494209, 35.0028167], [135.2539482, 35.003168], [135.2592943, 35.0040132], [135.2647574, 35.0015472], [135.270881, 35.0005783], [135.2752417, 35.0002273], [135.2796961, 34.9990903], [135.2860518, 34.9980665], [135.2908097, 34.9972951], [135.2936796, 34.9968454], [135.2994953, 34.9959093], [135.3030883, 34.9953316], [135.3069937, 34.9931316], [135.312892, 34.9909852], [135.3190446, 34.9906845], [135.3238548, 34.9905848], [135.3289139, 34.9904452], [135.3352213, 34.990269], [135.3381271, 34.9890277], [135.34557659677418, 34.98433562903226]]}, "properties": {"kv": 500, "name": "北摂変電所~猪名川変電所線", "region": "kansai", "loading": 0.0, "xfmr": false, "npts_orig": 62}}, {"type": "Feature", "geometry": {"type": "LineString", "coordinates": [[135.11038747142857, 34.9320899], [135.1071344, 34.9359116], [135.1038431, 34.9384655], [135.101338, 34.9403948], [135.1018796, 34.9449307], [135.1031776, 34.9467724], [135.1001877, 34.947615], [135.0962432, 34.9494781], [135.0944671, 34.9529504], [135.0941087, 34.955456], [135.0939606, 34.9585028], [135.093866, 34.9605125]]}, "properties": {"kv": 500, "name": "関西電力送配電 500.0kV線", "region": "kansai", "loading": 0.0, "xfmr": false, "npts_orig": 12}}, {"type": "Feature", "geometry": {"type": "LineString", "coordinates": [[135.11038747142857, 34.9320899], [135.1013005, 34.9332877], [135.0966504, 34.9343902], [135.0921613, 34.9355222], [135.091939, 34.9381072], [135.0920678, 34.9413968], [135.0915439, 34.9438873], [135.0908434, 34.9473723], [135.0922565, 34.9506442], [135.0936239, 34.9536679], [135.093289, 34.9568759], [135.0929159, 34.9603319], [135.0936137, 34.9626744]]}, "properties": {"kv": 500, "name": "関西電力送配電 500.0kV線", "region": "kansai", "loading": 0.0, "xfmr": false, "npts_orig": 13}}, {"type": "Feature", "geometry": {"type": "LineString", "coordinates": [[135.34557659677418, 34.98433562903226], [135.3466026, 34.9892188], [135.3497916, 34.9967652], [135.3509177, 34.9985775], [135.3529105, 35.0019311], [135.3527176, 35.0051018], [135.3525626, 35.007515], [135.3522828, 35.012107], [135.3517066, 35.017739], [135.3518239, 35.0200575], [135.3520714, 35.0247053], [135.3522468, 35.0272052], [135.352444, 35.0306573], [135.3525578, 35.0326748], [135.3527556, 35.0361841], [135.3528038, 35.0379514], [135.3543276, 35.0421033], [135.3549631, 35.0437013], [135.3564351, 35.0476405], [135.3567788, 35.0500268], [135.356995, 35.0518084], [135.3575203, 35.0555348], [135.3578056, 35.0573662], [135.3603087, 35.061395], [135.3621827, 35.0644894], [135.3644069, 35.0679234], [135.3655158, 35.0697651], [135.366796, 35.0717119], [135.3650643, 35.0764176], [135.3642022, 35.0788567], [135.36116, 35.0831595], [135.3602418, 35.0859663], [135.3593504, 35.0889217], [135.358611, 35.0915577], [135.3576912, 35.0946403], [135.3570427, 35.0969323], [135.3557717, 35.1012244], [135.3545007, 35.1056277], [135.3522571, 35.1085295], [135.3494097, 35.1122223], [135.3480066, 35.1140152], [135.3472637, 35.1156056], [135.3458065, 35.118833], [135.3445939, 35.1228534], [135.3440557, 35.1249166], [135.3429079, 35.1288678], [135.3422724, 35.1334234], [135.3417217, 35.1363913], [135.3404592, 35.1416341], [135.3400871, 35.1447514], [135.3394847, 35.1496984], [135.3390047, 35.1536404], [135.3386036, 35.1571509], [135.3379136, 35.1594754], [135.3366557, 35.1642607], [135.3356288, 35.1680593], [135.3346789, 35.1732559], [135.3339986, 35.1774423], [135.33353, 35.1805112], [135.3330455, 35.1832101], [135.3325545, 35.1858984], [135.3321598, 35.1882195], [135.3317779, 35.191503], [135.3313286, 35.1952138], [135.3306226, 35.2002015], [135.3300968, 35.2040969], [135.3297485, 35.2069396], [135.3291131, 35.2108998], [135.3288408, 35.2126388], [135.3276233, 35.2199135], [135.3269238, 35.22453], [135.3264649, 35.2270597], [135.3259546, 35.2300454], [135.3254219, 35.2328685], [135.3251973, 35.2353298], [135.3247384, 35.2391487], [135.3241447, 35.2436934], [135.3239714, 35.2472026], [135.3235469, 35.2515634], [135.3229478, 35.2585447], [135.3215409, 35.2619651], [135.3206242, 35.2640439], [135.3187816, 35.2685571], [135.3173975, 35.2727848], [135.3160133, 35.2774642], [135.3149286, 35.2808282], [135.3130198, 35.2834317], [135.3123118, 35.2856904], [135.3114691, 35.2885305], [135.3107654, 35.2908139], [135.3071296, 35.2926859], [135.3057222, 35.295033], [135.3041888, 35.2975821], [135.3028813, 35.2996631], [135.299832, 35.3043143], [135.2978164, 35.307565], [135.295449, 35.3109218], [135.2939547, 35.3129742], [135.2915439, 35.316345], [135.2895588, 35.3190246], [135.2843809, 35.3217643], [135.2835602, 35.3221918], [135.2817561, 35.3231388], [135.2811524, 35.3234549], [135.2765605, 35.3258981], [135.275991, 35.3264029], [135.2745348, 35.3290547], [135.2724375, 35.3324025], [135.2708482, 35.3349477], [135.2696041, 35.3383378], [135.2687248, 35.3408616], [135.2670313, 35.3454521], [135.26766763999998, 35.35009404]]}, "properties": {"kv": 500, "name": "猪名川変電所~新綾部変電所線", "region": "kansai", "loading": 0.0, "xfmr": false, "npts_orig": 113}}, {"type": "Feature", "geometry": {"type": "LineString", "coordinates": [[135.093866, 34.9605125], [135.0936137, 34.9626744]]}, "properties": {"kv": 500, "name": "関西電力送配電 500.0kV線", "region": "kansai", "loading": 0.0, "xfmr": false, "npts_orig": 2}}, {"type": "Feature", "geometry": {"type": "LineString", "coordinates": [[135.093866, 34.9605125], [135.0948528, 34.9650072], [135.0955467, 34.9695833], [135.0953898, 34.9711027], [135.094994, 34.9749347], [135.0942689, 34.9790262], [135.0927309, 34.981454], [135.0905368, 34.9847428], [135.0887371, 34.9872364], [135.0872193, 34.9892452], [135.0834952, 34.9925633], [135.0812809, 34.994529], [135.0808278, 34.99676], [135.080401, 35.0003845], [135.0792073, 35.0049908], [135.0778047, 35.0102606], [135.076994, 35.0132906], [135.075733, 35.0180804], [135.0743947, 35.0229912], [135.0738865, 35.0250038], [135.0732693, 35.0272693], [135.0722869, 35.0299945], [135.0714662, 35.0322465], [135.0714469, 35.0371195], [135.0714791, 35.0407332], [135.0708035, 35.043504], [135.0698706, 35.0474703], [135.0694267, 35.049277], [135.0682107, 35.0543333], [135.0673137, 35.0562435], [135.0660672, 35.0589621], [135.0647297, 35.0627307], [135.0632465, 35.0683535], [135.0620091, 35.0720546], [135.0606898, 35.075778], [135.0595342, 35.0800447], [135.0566316, 35.0840282], [135.0532378, 35.0880041], [135.0482789, 35.0907589], [135.0442117, 35.0937145], [135.0418694, 35.0953963], [135.0386138, 35.0977862], [135.033248, 35.099518], [135.0301597, 35.1014288], [135.0275154, 35.1029816], [135.0236422, 35.1049502], [135.0215383, 35.1060029], [135.0169381, 35.1082925], [135.0132965, 35.1098768], [135.0104463, 35.1110452], [135.006721, 35.1131767], [135.0015482, 35.1161714], [134.9966327, 35.1189711], [134.9921547, 35.1214761], [134.9896262, 35.1229338], [134.9861455, 35.1248651], [134.9820406, 35.1270647], [134.9797792, 35.1282872], [134.9752754, 35.1316583], [134.9716893, 35.1339682], [134.9694657, 35.135633], [134.9645626, 35.1383705], [134.9631947, 35.1394145], [134.9593699, 35.1417219], [134.9551427, 35.1444548], [134.9516773, 35.1458277], [134.9471497, 35.147863], [134.9423432, 35.1503719], [134.9404764, 35.1514685], [134.9378264, 35.152758], [134.9340176, 35.1551001], [134.9313784, 35.1567229], [134.9267542, 35.1596087], [134.9225914, 35.1623804], [134.9191582, 35.1644855], [134.9169829, 35.1658712], [134.9120986, 35.1698267], [134.9073243, 35.1736505], [134.9036121, 35.1778774], [134.902153, 35.179491], [134.8991918, 35.1832266], [134.8960859, 35.1865017], [134.8932481, 35.1898555], [134.8906946, 35.1926525], [134.8886669, 35.1948357], [134.8857164, 35.1980182], [134.8820043, 35.2020598], [134.8800677, 35.2044049], [134.878056, 35.2074425], [134.876039, 35.2101161], [134.8747516, 35.2118167], [134.8704775, 35.2154646], [134.8682529, 35.2173633], [134.8656467, 35.2195411], [134.8635122, 35.2227961], [134.8623803, 35.2245451], [134.8597801, 35.2285554], [134.8583183, 35.2309858], [134.8576197, 35.2336275], [134.8572907, 35.2360475], [134.8566596, 35.2365372], [134.8564072, 35.2370022]]}, "properties": {"kv": 500, "name": "北摂変電所~和田山町竹田変電所線", "region": "kansai", "loading": 0.0, "xfmr": false, "npts_orig": 102}}, {"type": "Feature", "geometry": {"type": "LineString", "coordinates": [[135.0936137, 34.9626744], [135.0903776, 34.9645929], [135.0859308, 34.9667299], [135.0805901, 34.9666646], [135.0754032, 34.9667859], [135.0712297, 34.9671218], [135.0668342, 34.9673038], [135.0628941, 34.9672758], [135.0576332, 34.9672338], [135.0541145, 34.96596], [135.0509886, 34.9650081], [135.048546, 34.9642709], [135.0433705, 34.9636643], [135.037654, 34.9629924], [135.03204, 34.9625771], [135.0268132, 34.9621898], [135.0239152, 34.9619752], [135.0191552, 34.9615179], [135.0151127, 34.9609393], [135.0086788, 34.9612706], [135.0058228, 34.9612127], [135.0013855, 34.9603614], [134.9992918, 34.9600747], [134.9946458, 34.9585041], [134.9921899, 34.9584777], [134.9888287, 34.9583777], [134.9832495, 34.958704], [134.979395, 34.9593247], [134.9749045, 34.9596901], [134.970387, 34.9575394], [134.9653168, 34.9579672], [134.9618138, 34.9583375], [134.9582908, 34.9587356], [134.9550105, 34.958728], [134.9490503, 34.9586813], [134.9434136, 34.9586048], [134.9380752, 34.9588843], [134.9349286, 34.9590728], [134.9294439, 34.9593356], [134.923993, 34.9595866], [134.9192078, 34.9613622], [134.9160724, 34.9625304], [134.9129171, 34.9636169], [134.9103067, 34.9644113], [134.9042402, 34.9662705], [134.9010292, 34.9672343], [134.8966853, 34.9709343], [134.8941187, 34.9731475], [134.8917544, 34.975029], [134.8893951, 34.9764509], [134.8862199, 34.9791064], [134.8831265, 34.981643], [134.8790823, 34.9819262], [134.8765762, 34.9819868], [134.8726219, 34.9820733], [134.8674421, 34.9821836], [134.8652189, 34.9822784], [134.8615708, 34.982367], [134.8584225, 34.9825746], [134.8520552, 34.9827399], [134.8495765, 34.9827658], [134.8460946, 34.9828956], [134.8402719, 34.9831654], [134.8366237, 34.9832842], [134.8326181, 34.9833505], [134.8287575, 34.9831737], [134.8237741, 34.9829168], [134.8200686, 34.9827123], [134.815542, 34.9825306], [134.8099231, 34.9807592], [134.8044273, 34.9787259], [134.80232, 34.9779469], [134.7970871, 34.9759964], [134.7939109, 34.9750791], [134.7883645, 34.9734905], [134.7843724, 34.9722832], [134.780795, 34.9712194], [134.7770052, 34.9700701], [134.7730906, 34.9689069], [134.7704472, 34.9695423], [134.7670687, 34.9706757], [134.7615125, 34.9714424], [134.7556645, 34.9733445], [134.750064, 34.9720082], [134.747576, 34.9714807], [134.7438413, 34.9707773], [134.7399542, 34.9701202], [134.7342387, 34.96923], [134.7309184, 34.9699861], [134.7289818, 34.9704345], [134.7263985, 34.9710399], [134.7239178, 34.9716213], [134.718489, 34.9729225], [134.7147498, 34.9737623], [134.7111697, 34.974598], [134.7060174, 34.9757896], [134.6998257, 34.9774521], [134.6966473, 34.9786764], [134.6910903, 34.9808015], [134.6856332, 34.9831599], [134.6806508, 34.9849778], [134.6777024, 34.9853177], [134.672695, 34.9858704], [134.6681275, 34.9863617], [134.6656038, 34.9867261], [134.6604515, 34.9877824], [134.6560963, 34.9885378], [134.6525536, 34.9874223], [134.6482054, 34.9859652], [134.6443525, 34.9851094], [134.64166, 34.9845827], [134.6367375, 34.9858731], [134.6326246, 34.9879069], [134.6256434, 34.989779], [134.6194912, 34.986866], [134.6149922, 34.9850937], [134.6109459, 34.9835995], [134.605423, 34.9814631], [134.6019702, 34.9796114], [134.5988518, 34.9780016], [134.5940882, 34.9753477], [134.5923448, 34.9743668], [134.5883523, 34.9721672], [134.5846679, 34.9700395], [134.5810555, 34.9692715], [134.5754251, 34.9707781], [134.5698557, 34.9722347], [134.5657117, 34.9732051]]}, "properties": {"kv": 500, "name": "西脇変電所~北条町東南変電所線", "region": "kansai", "loading": 0.0, "xfmr": false, "npts_orig": 128}}, {"type": "Feature", "geometry": {"type": "LineString", "coordinates": [[134.5657117, 34.9732051], [134.561998, 34.9738968], [134.556262, 34.974885], [134.5499231, 34.9742428], [134.5470531, 34.9727401], [134.5444769, 34.9714078], [134.5419002, 34.9699798], [134.5399031, 34.9689431], [134.5370024, 34.9672675], [134.5316192, 34.9642167], [134.5265831, 34.9613677], [134.5236729, 34.959717], [134.519363, 34.9575584], [134.5163487, 34.9560498], [134.5137244, 34.9547549], [134.5078176, 34.9516221], [134.5044502, 34.9497828], [134.5014515, 34.9466543], [134.5002752, 34.94547], [134.4978594, 34.9428674], [134.4973064, 34.9378133], [134.4973763, 34.9341665], [134.4971584, 34.9312194], [134.496972, 34.9276693], [134.4968441, 34.9254433], [134.4966067, 34.9214319], [134.4953395, 34.9165318], [134.49401, 34.9114608], [134.4932296, 34.9085287], [134.4922398, 34.9048095], [134.491444, 34.9018188], [134.4889796, 34.8997934], [134.4828041, 34.8993687], [134.4804123, 34.8990445], [134.4758901, 34.8983009], [134.4698166, 34.8973599], [134.4671305, 34.8972136], [134.463882, 34.8970247], [134.4576127, 34.8966336], [134.4527444, 34.896348], [134.4480234, 34.8949152], [134.4444738, 34.8940412], [134.4402338, 34.8909491], [134.4371609, 34.8888654], [134.4324273, 34.8855131], [134.4311069, 34.881657], [134.42969, 34.8775999], [134.4285231, 34.8739978], [134.427838, 34.8712002], [134.4273294, 34.8694012], [134.426689, 34.8666663], [134.4247336, 34.8652925], [134.4250881, 34.864355]]}, "properties": {"kv": 500, "name": "山崎町変電所~揖保川町変電所線", "region": "kansai", "loading": 0.0, "xfmr": false, "npts_orig": 53}}, {"type": "Feature", "geometry": {"type": "LineString", "coordinates": [[134.6023912357143, 35.0629625], [134.5991582, 35.0602037], [134.5955017, 35.0612245], [134.5907468, 35.0607784], [134.586053, 35.0612669], [134.5815583, 35.0621828], [134.5782008, 35.0650933], [134.5760036, 35.0715597], [134.5675702, 35.0718919], [134.5596252, 35.0722377], [134.5548505, 35.0703832], [134.5502415, 35.0687178], [134.5453859, 35.0669705], [134.5388154, 35.0642168], [134.534927, 35.0641364], [134.5239485, 35.0611571], [134.5166724, 35.0586274], [134.5127339, 35.0580622], [134.5075065, 35.0546384], [134.5047679, 35.0528271], [134.4974133, 35.0495211], [134.491372, 35.0467772], [134.4846986, 35.0453695], [134.4821562, 35.0447203], [134.4783032, 35.0438792], [134.476085, 35.0433527], [134.4741258, 35.0428708], [134.4682129, 35.0387656], [134.4646551, 35.0364343], [134.4608557, 35.0339473], [134.4564545, 35.0309834], [134.451096, 35.0267455], [134.4476146, 35.0240887], [134.4447908, 35.021943], [134.4404028, 35.0186718], [134.4333663, 35.0174363], [134.4296981, 35.0133098], [134.4285451, 35.010764], [134.4263503, 35.0059711], [134.4260467, 35.0036509], [134.4253643, 34.9985495], [134.4248129, 34.9942373], [134.4244981, 34.9919693], [134.4246068, 34.9872322], [134.4261052, 34.9848705], [134.4262581, 34.9819485], [134.4223644, 34.9781968], [134.4194037, 34.9754445], [134.4159417, 34.9720165], [134.4124524, 34.9710694], [134.4081109, 34.9697731], [134.4038847, 34.9685854], [134.4012388, 34.967814], [134.39793, 34.9668645], [134.3940084, 34.9639429], [134.3884881, 34.9598388], [134.3846197, 34.9571285], [134.3787951, 34.9531589], [134.3733063, 34.9501305]]}, "properties": {"kv": 500, "name": "関西電力(株) 揖保変電所~山崎開閉所線", "region": "kansai", "loading": 0.0, "xfmr": false, "npts_orig": 59}}, {"type": "Feature", "geometry": {"type": "LineString", "coordinates": [[134.6023912357143, 35.0629625], [134.6027903, 35.0670317], [134.6030612, 35.0711951], [134.6069465, 35.0719916], [134.6097483, 35.0740246], [134.6133374, 35.0766013], [134.6160854, 35.0785437], [134.6196823, 35.0810976], [134.6248062, 35.0835479], [134.6342857, 35.0868033], [134.6380735, 35.0879288], [134.6409832, 35.0885667], [134.6432196, 35.0891908], [134.6550826, 35.0881646], [134.6671522, 35.0914691], [134.6717135, 35.0927576], [134.6778695, 35.0931898], [134.6820727, 35.0934468], [134.6863224, 35.0948735], [134.6893411, 35.0958927], [134.6936117, 35.0998516], [134.6967381, 35.1027129], [134.6985628, 35.1043452], [134.700866, 35.1065092], [134.705086, 35.1103631], [134.7066892, 35.1168159], [134.7079201, 35.1196115], [134.7091444, 35.1224216], [134.7115838, 35.1280773], [134.71789361904763, 35.12830120952381]]}, "properties": {"kv": 500, "name": "山崎開閉所~開閉所線", "region": "kansai", "loading": 0.0, "xfmr": false, "npts_orig": 30}}, {"type": "Feature", "geometry": {"type": "LineString", "coordinates": [[134.6023912357143, 35.0629625], [134.5991418, 35.068069], [134.5964851, 35.0699111], [134.5925958, 35.0691298], [134.5897666, 35.0702373], [134.5837594, 35.0726805], [134.5801326, 35.0721357], [134.5786481, 35.0737531], [134.5766779, 35.0748018], [134.5752222, 35.0756163], [134.5721127, 35.0771912], [134.5651746, 35.0801993], [134.5612275, 35.0817421], [134.5561837, 35.0835863], [134.5506012, 35.0849213], [134.541017, 35.0913204], [134.5374897, 35.0932889], [134.5315551, 35.0962287], [134.5236673, 35.1003064], [134.5214465, 35.101592], [134.5171812, 35.1044015], [134.5106824, 35.1085999], [134.5055682, 35.1119456], [134.5018764, 35.113582], [134.4966988, 35.1157983], [134.4931957, 35.1173112], [134.4882293, 35.1193665], [134.4839464, 35.1192787], [134.4770695, 35.1192086], [134.4728718, 35.1191185], [134.4691099, 35.1190494], [134.4623444, 35.1212313], [134.4578043, 35.1229734], [134.4544955, 35.1243374], [134.4482352, 35.1268329], [134.4405607, 35.1298575], [134.4345855, 35.1317489], [134.4318781, 35.1325863], [134.4280527, 35.1338069], [134.423222, 35.1342472], [134.4208339, 35.1344675], [134.4153088, 35.1350217], [134.4118664, 35.1353406], [134.4073563, 35.1357843], [134.4022913, 35.1366459], [134.397531, 35.1374297], [134.3916008, 35.1374445], [134.3870601, 35.1374994], [134.3806312, 35.1384915], [134.3775091, 35.1389712], [134.3731763, 35.139639], [134.3671025, 35.1401155], [134.3627318, 35.1404746], [134.357975, 35.1407429], [134.3503123, 35.1426393], [134.3458185, 35.1438241], [134.3401307, 35.1454315], [134.336445, 35.1460031], [134.3311967, 35.1468415], [134.3269322, 35.1475285], [134.3207974, 35.1502611], [134.3160494, 35.1524482], [134.3113331, 35.1545564], [134.3076534, 35.1559992], [134.2971996, 35.1602196], [134.2946353, 35.1626907], [134.2899664, 35.1669199], [134.286274, 35.1702918], [134.281695, 35.1727238], [134.276654, 35.176018], [134.2744525, 35.1773151], [134.2699151, 35.1802839], [134.2659541, 35.1828323], [134.262334, 35.186408], [134.2587261, 35.1899396], [134.2566629, 35.191997], [134.2498576, 35.1950792], [134.2450385, 35.1961099], [134.2404649, 35.1971003], [134.2334292, 35.198598], [134.2277542, 35.199849], [134.2236615, 35.2002183], [134.2200487, 35.2005462], [134.2145645, 35.2021491], [134.2119322, 35.2028997], [134.2089541, 35.2037594], [134.2067175, 35.2043303], [134.202298, 35.2056533], [134.1956944, 35.2075085], [134.1929319, 35.2074179], [134.187925, 35.2071134], [134.1882821, 35.2081255]]}, "properties": {"kv": 500, "name": "山崎開閉所~山崎町変電所線", "region": "kansai", "loading": 0.0, "xfmr": false, "npts_orig": 92}}, {"type": "Feature", "geometry": {"type": "LineString", "coordinates": [[134.71789361904763, 35.12830120952381], [134.7247104, 35.1275277], [134.7284453, 35.1291444], [134.7322168, 35.1311433], [134.7346008, 35.1323866], [134.7392839, 35.133966], [134.7422549, 35.1350419], [134.7483576, 35.1370739], [134.7530132, 35.1387055], [134.7579523, 35.1405213], [134.7616443, 35.1427574], [134.7658957, 35.1453448], [134.76852, 35.1489681], [134.7698407, 35.1509124], [134.7720515, 35.1542254], [134.773862, 35.1569845], [134.7756294, 35.1595975], [134.778302, 35.163761], [134.7802664, 35.1696459], [134.7810485, 35.1718558], [134.7843677, 35.1762804], [134.7863137, 35.1787166], [134.790532, 35.1801108], [134.7988455, 35.1827784], [134.8028113, 35.1840468], [134.8081381, 35.1848772], [134.8154847, 35.1886469], [134.8208115, 35.1911783], [134.8230161, 35.1921949], [134.8291389, 35.1932137], [134.8343072, 35.1942303], [134.8378747, 35.1962038], [134.8433722, 35.2003449], [134.8453481, 35.2020416], [134.8526934, 35.205136], [134.8592228, 35.2080432], [134.8644818, 35.210257], [134.8686693, 35.2121589], [134.8722998, 35.2138305], [134.8751188, 35.2159743], [134.8871077, 35.2259023], [134.8949277, 35.2321633], [134.8994102, 35.2355498], [134.9062988, 35.2400668], [134.9102573, 35.2433474], [134.918032, 35.2489362], [134.935328, 35.263667], [134.9383357, 35.266033], [134.9420807, 35.2688954], [134.950263, 35.2766052], [134.9533241, 35.2775151], [134.9575502, 35.2789414], [134.964795, 35.2810323], [134.9698992, 35.2821001], [134.9737685, 35.2848181], [134.9791848, 35.2878872], [134.9826077, 35.2918574], [134.9868967, 35.2915679], [134.9892267, 35.2913884], [134.9925319, 35.2923734], [134.9957436, 35.2945396], [134.9995221, 35.2966956], [135.004813, 35.2995778], [135.0103024, 35.3024919], [135.0141411, 35.3039601], [135.018829, 35.3058921], [135.0217588, 35.307047], [135.02662, 35.311153], [135.0289807, 35.3149675], [135.0317976, 35.3194589], [135.0339428, 35.3230051], [135.0373469, 35.3283315], [135.0395846, 35.3309319], [135.0423573, 35.3321857], [135.0466703, 35.3342926], [135.0493895, 35.3356405], [135.0533252, 35.3375404], [135.059258, 35.340528], [135.0629225, 35.342343], [135.0673304, 35.3443292], [135.0708757, 35.345876], [135.0741739, 35.347107], [135.0796643, 35.3496009], [135.0839058, 35.3513518], [135.0876118, 35.3517379], [135.0937755, 35.3523136], [135.0981991, 35.3529556], [135.1046979, 35.3536029], [135.1089396, 35.354048]]}, "properties": {"kv": 500, "name": "新綾部変電所~開閉所線", "region": "kansai", "loading": 0.0, "xfmr": false, "npts_orig": 89}}, {"type": "Feature", "geometry": {"type": "LineString", "coordinates": [[135.48468943999998, 35.18543248], [135.486429, 35.1924027], [135.4880396, 35.1976118], [135.4886605, 35.1998984], [135.4894073, 35.2030777], [135.4898631, 35.2079588], [135.4875837, 35.2105341], [135.4838815, 35.2147019], [135.4820894, 35.2198648], [135.4809576, 35.2234093], [135.4791497, 35.2264849], [135.4768624, 35.2287835], [135.4740878, 35.2316278], [135.4692144, 35.2365008], [135.4654337, 35.2403399], [135.4606468, 35.2451802], [135.4587368, 35.2471252], [135.4561744, 35.2495131], [135.4520163, 35.25348], [135.4495876, 35.2556751], [135.447936, 35.2572475], [135.4476594, 35.2578083], [135.4456572, 35.2622442], [135.4439509, 35.2650442], [135.4421946, 35.267894], [135.4398714, 35.2726904], [135.4380428, 35.2763204], [135.4345302, 35.2779675], [135.4302449, 35.2799004], [135.4253317, 35.2820011], [135.4209742, 35.2838295], [135.4169558, 35.2855309], [135.4147715, 35.2864609], [135.4119317, 35.2876494], [135.4060276, 35.290132], [135.4026714, 35.2911794], [135.3984089, 35.2924905], [135.3934015, 35.2940652], [135.3881788, 35.2957132], [135.384347, 35.296907], [135.3793665, 35.299302], [135.3762706, 35.3007961], [135.3714158, 35.3030957], [135.3659059, 35.3057614], [135.3617331, 35.3067647], [135.3578205, 35.3076801], [135.3548771, 35.3083904], [135.3485686, 35.309855], [135.3452662, 35.3106166], [135.339209, 35.3111512], [135.3342644, 35.3116491], [135.3298942, 35.3118761], [135.3261611, 35.3119933], [135.3198705, 35.313575], [135.3161823, 35.314505], [135.3120427, 35.3155191], [135.3056471, 35.3167062], [135.2990155, 35.3179876], [135.2928415, 35.3191152], [135.2898802, 35.3196571], [135.2848148, 35.3223606], [135.2835422, 35.3230763], [135.2820116, 35.3239371], [135.2806601, 35.3246971], [135.2758074, 35.3281836], [135.2749061, 35.3319183], [135.2754404, 35.3351196], [135.2764954, 35.3402081], [135.276554, 35.3436616], [135.2765671, 35.3470831], [135.26766763999998, 35.35009404]]}, "properties": {"kv": 500, "name": "能勢変電所~新綾部変電所線", "region": "kansai", "loading": 0.0, "xfmr": false, "npts_orig": 71}}, {"type": "Feature", "geometry": {"type": "LineString", "coordinates": [[135.26766763999998, 35.35009404], [135.2622859, 35.3469927], [135.2580203, 35.3456656], [135.2531485, 35.3441417], [135.2497924, 35.343106], [135.2423736, 35.3427374], [135.2367597, 35.342449], [135.2327604, 35.3422711], [135.2283472, 35.3426589], [135.2227873, 35.3432338], [135.2181258, 35.3467228], [135.2156063, 35.3508969], [135.2131148, 35.3532421], [135.2090295, 35.3569984], [135.2032463, 35.3589667], [135.1982958, 35.359614], [135.1930265, 35.3602082], [135.1883427, 35.3607493], [135.1831125, 35.3614072], [135.1773488, 35.3609138], [135.1736213, 35.3607228], [135.1673632, 35.3602878], [135.1601358, 35.3597891], [135.1536436, 35.3593222], [135.1471123, 35.3593753], [135.1424582, 35.3593434], [135.1373999, 35.358033], [135.1329629, 35.3569564], [135.1287804, 35.3560594], [135.1248382, 35.3551468], [135.1205838, 35.3539478], [135.1183199, 35.3533376], [135.1089396, 35.354048]]}, "properties": {"kv": 500, "name": "新綾部変電所~開閉所線", "region": "kansai", "loading": 0.0, "xfmr": false, "npts_orig": 33}}, {"type": "Feature", "geometry": {"type": "LineString", "coordinates": [[135.26766763999998, 35.35009404], [135.2672512, 35.3544003], [135.2679519, 35.3560838], [135.2697463, 35.3565742], [135.273534, 35.3575473], [135.2765262, 35.3586439], [135.2807258, 35.3602038], [135.2839744, 35.3614404], [135.2863446, 35.3623658], [135.2918047, 35.3644008], [135.294243, 35.3657599], [135.2972399, 35.367254], [135.3011081, 35.3689567], [135.3043749, 35.3704006], [135.3084041, 35.3721649], [135.3106767, 35.3730914], [135.3159031, 35.3752512], [135.3216047, 35.3777548], [135.3233376, 35.3791136], [135.3256473, 35.3809968], [135.3272341, 35.3822906], [135.3294357, 35.3837458], [135.3325984, 35.385838], [135.3355102, 35.3877602], [135.3385971, 35.3884009], [135.3423327, 35.3891536], [135.3454756, 35.389797], [135.3500999, 35.3909891], [135.3538233, 35.3919989], [135.3587781, 35.393953], [135.3610547, 35.3947827], [135.3644226, 35.3961035], [135.3679981, 35.3974462], [135.3709978, 35.3998586], [135.3741046, 35.4022764], [135.3765485, 35.4039028], [135.3807601, 35.4066479], [135.3824876, 35.4078376], [135.3848018, 35.409359], [135.390378, 35.4122255], [135.3925776, 35.412442], [135.397405, 35.4129293], [135.4017525, 35.4133745], [135.4047164, 35.4135876], [135.4074722, 35.4139789], [135.4137353, 35.4145999], [135.4175405, 35.4163254], [135.4206438, 35.4179522], [135.4241616, 35.419662], [135.4271366, 35.4210656], [135.4288383, 35.4223017], [135.4315694, 35.4242145], [135.4329974, 35.4252578], [135.4344884, 35.4272788], [135.4358982, 35.4287283], [135.4386588, 35.4301477], [135.4420615, 35.4315069], [135.4437518, 35.4321865], [135.4460326, 35.4331067], [135.449738, 35.4355785], [135.4516792, 35.4373225], [135.4544988, 35.440143], [135.4569494, 35.4424461], [135.4603595, 35.4449477], [135.4633858, 35.4471245], [135.4655116, 35.448754], [135.4681467, 35.4520851], [135.4699699, 35.4545022], [135.4714461, 35.4564142], [135.4740738, 35.4598532], [135.475587, 35.4616809], [135.4786502, 35.4651137], [135.4805324, 35.4682398], [135.4820824, 35.4706564], [135.4834111, 35.4728385], [135.4862381, 35.4776353], [135.486895, 35.4793363], [135.4884155, 35.4824979], [135.4914049, 35.4861522], [135.4939219, 35.4891211], [135.4960458, 35.4918541], [135.4973737, 35.494544], [135.4984645, 35.4967345], [135.4999274, 35.4998706], [135.4995457, 35.5044025], [135.4993376, 35.5069366], [135.4999535, 35.5118395], [135.5020725, 35.515748], [135.5030329, 35.5175322], [135.50507021428572, 35.520729114285714]]}, "properties": {"kv": 500, "name": "高浜線", "region": "kansai", "loading": 0.0, "xfmr": false, "npts_orig": 90}}, {"type": "Feature", "geometry": {"type": "LineString", "coordinates": [[135.26766763999998, 35.35009404], [135.2663836, 35.3545188], [135.2675223, 35.3562061], [135.2714804, 35.3584077], [135.2757075, 35.3610254], [135.2794549, 35.3633324], [135.2816575, 35.3646008], [135.2865949, 35.3676312], [135.2933358, 35.3697343], [135.2968886, 35.370872], [135.3031098, 35.3728775], [135.3084917, 35.3746299], [135.3127402, 35.3760045], [135.3161171, 35.3771025], [135.3214617, 35.3788217], [135.3257806, 35.3820049], [135.3282259, 35.3841665], [135.3312792, 35.3867706], [135.33475, 35.3897577], [135.3390298, 35.3935189], [135.3422658, 35.3945401], [135.3495781, 35.3968759], [135.353289, 35.3980714], [135.3568433, 35.399135], [135.3616566, 35.4020991], [135.3643294, 35.403264], [135.3676102, 35.404694], [135.3730277, 35.4079716], [135.3758459, 35.4096766], [135.3802756, 35.4124615], [135.3864491, 35.4162714], [135.3920395, 35.4203872], [135.3946776, 35.4223624], [135.3981058, 35.4244631], [135.4040315, 35.4278677], [135.4090131, 35.4283587], [135.4154811, 35.4290462], [135.4195521, 35.4311139], [135.4249221, 35.4335417], [135.4275468, 35.4348237], [135.4325619, 35.4372241], [135.4379094, 35.4382144], [135.4444578, 35.4390927], [135.4482744, 35.4417276], [135.4502362, 35.4429986], [135.4548629, 35.447706], [135.4583112, 35.4501388], [135.4620914, 35.4539042], [135.4651341, 35.4568147], [135.4669085, 35.4604416], [135.4691247, 35.4649081], [135.4692587, 35.4689762], [135.4693926, 35.4744619], [135.4695533, 35.4773137], [135.4696604, 35.4813158]]}, "properties": {"kv": 500, "name": "青葉線", "region": "kansai", "loading": 0.0, "xfmr": false, "npts_orig": 55}}, {"type": "Feature", "geometry": {"type": "LineString", "coordinates": [[135.50507021428572, 35.520729114285714], [135.5039245, 35.521409885714284]]}, "properties": {"kv": 500, "name": "青葉線", "region": "kansai", "loading": 0.0, "xfmr": false, "npts_orig": 2}}, {"type": "Feature", "geometry": {"type": "LineString", "coordinates": [[135.50507021428572, 35.520729114285714], [135.5015145, 35.5169313], [135.4988974, 35.5113465], [135.4985152, 35.5073969], [135.4991915, 35.5019192], [135.4978879, 35.4994056], [135.4939136, 35.4943812], [135.4918599, 35.4917846], [135.4848811, 35.4885524], [135.4804401, 35.4866156], [135.4764312, 35.4848878], [135.4727284, 35.4832585], [135.4696604, 35.4813158]]}, "properties": {"kv": 500, "name": "青葉線", "region": "kansai", "loading": 0.0, "xfmr": false, "npts_orig": 13}}, {"type": "Feature", "geometry": {"type": "LineString", "coordinates": [[135.4696604, 35.4813158], [135.4683748, 35.4845272], [135.4667344, 35.4884417], [135.4623758, 35.4925827], [135.4606684, 35.4947742], [135.4573205, 35.4987155], [135.4572268, 35.5025912], [135.4554725, 35.5064231], [135.4548273, 35.5079333], [135.4496984, 35.5107839], [135.4444824, 35.5136671], [135.438771, 35.5170679], [135.4357713, 35.5188391], [135.4345527, 35.521444], [135.4327047, 35.5251006], [135.4316468, 35.5271441], [135.4283458, 35.5310293], [135.4236856, 35.5324678], [135.4176862, 35.5343041], [135.4112785, 35.5363909], [135.4077297, 35.5375951], [135.4033976, 35.5390825], [135.4008064, 35.5399597], [135.3952958, 35.5419102], [135.3920082, 35.5429344], [135.3877766, 35.544084], [135.3828485, 35.5438443], [135.3788847, 35.543561], [135.3740705, 35.5432286], [135.3693567, 35.5411855], [135.3632302, 35.5384505], [135.3588669, 35.5365342], [135.3567578, 35.5356624], [135.3538318, 35.5343493], [135.3494461, 35.532415], [135.3474374, 35.5295434], [135.3458304, 35.5262793], [135.344893, 35.5242358]]}, "properties": {"kv": 500, "name": "市場変電所~西屋変電所線", "region": "kansai", "loading": 0.0, "xfmr": false, "npts_orig": 38}}, {"type": "Feature", "geometry": {"type": "LineString", "coordinates": [[135.65262786, 34.863612], [135.6576959, 34.8666585], [135.657236164, 34.86036704]]}, "properties": {"kv": 500, "name": "梶原六丁目変電所~淀川変電所線", "region": "kansai", "loading": 0.0, "xfmr": false, "npts_orig": 3}}, {"type": "Feature", "geometry": {"type": "LineString", "coordinates": [[136.29347133157893, 35.09528761578947], [136.2887039, 35.0921309], [136.2860114, 35.0910099], [136.2827706, 35.0896868], [136.2767642, 35.0872342], [136.2740517, 35.086137], [136.2710968, 35.0839928], [136.2678136, 35.0816162], [136.2643714, 35.0799096], [136.2613373, 35.0784003], [136.2579031, 35.076698], [136.2540343, 35.0748004], [136.2499561, 35.0727922], [136.2452808, 35.0705068], [136.2420267, 35.0689025], [136.2369351, 35.0663138], [136.2342887, 35.065021], [136.2289571, 35.0624262], [136.2256517, 35.0607913], [136.2211999, 35.0585734], [136.2176776, 35.0568117], [136.2154654, 35.05411], [136.2130278, 35.0510703], [136.2103738, 35.047764], [136.2080782, 35.044894], [136.2056367, 35.041851], [136.2035519, 35.0392289], [136.2009144, 35.035894], [136.198045, 35.0351406], [136.1944748, 35.0341872], [136.1916426, 35.0317973], [136.1879578, 35.0287169], [136.1842252, 35.0255062], [136.1805511, 35.0214972], [136.1781343, 35.0188931], [136.1749496, 35.0153832], [136.1727521, 35.0129151], [136.1707637, 35.0107329], [136.1691782, 35.0089809], [136.1668468, 35.0064795], [136.1641111, 35.0035138], [136.1606412, 34.9997122], [136.1567448, 34.9955272], [136.1535702, 34.9920874], [136.1505215, 34.9887598], [136.1480383, 34.9857034], [136.1460256, 34.9832185], [136.1431405, 34.9797219], [136.1410689, 34.9771517], [136.1392824, 34.974955], [136.136156, 34.971144], [136.1327939, 34.9669996], [136.129757, 34.9633181], [136.1270047, 34.9598831], [136.125438, 34.9579264], [136.1235356, 34.9553143], [136.1218762, 34.9529079], [136.1192873, 34.9496965], [136.1178184, 34.947812], [136.1160748, 34.945524], [136.1141814, 34.9430392], [136.1111757, 34.9409357], [136.1076897, 34.9387249], [136.1040805, 34.9365141], [136.1008181, 34.9350697], [136.0958468, 34.932969], [136.0929815, 34.93172], [136.0902182, 34.9305298], [136.0863478, 34.9288526], [136.0816628, 34.9291679], [136.0776255, 34.929392], [136.0745278, 34.9287876], [136.0684106, 34.9275027], [136.0644129, 34.9249458], [136.0612563, 34.9232453], [136.0583336, 34.9216455], [136.0554484, 34.9200215], [136.0510142, 34.9174497], [136.0469491, 34.9149176], [136.0433429, 34.9126322], [136.039864, 34.9103872], [136.0374788, 34.9088888], [136.0338984, 34.9067815], [136.0300856, 34.9045958], [136.0261898, 34.9022852], [136.0240972, 34.9011149], [136.0195832, 34.8998743], [136.0138917, 34.8983709], [136.0077131, 34.896744], [136.0033851, 34.8954519], [136.0004799, 34.8946971], [135.9970762, 34.8937485], [135.9949493, 34.8931558], [135.9922618, 34.8922057], [135.9895889, 34.8912208], [135.9873878, 34.890445], [135.9834169, 34.8890585], [135.9804092, 34.8880987], [135.9743915, 34.8861681], [135.970544, 34.8849328], [135.966417, 34.8837615], [135.9633132, 34.8829478], [135.9611194, 34.8823167], [135.9553876, 34.8807098], [135.9499919, 34.8784441], [135.9474846, 34.8777004], [135.9427379, 34.8762035], [135.9393907, 34.8751355], [135.9340558, 34.8734774], [135.9317954, 34.8727826], [135.9293506, 34.8719839], [135.9272444, 34.8713173], [135.9221533, 34.8700725], [135.9183143, 34.8691364], [135.9132588, 34.8679361], [135.9072944, 34.8665], [135.9039503, 34.8657106], [135.8974177909091, 34.86575875454546]]}, "properties": {"kv": 500, "name": "山城東線", "region": "kansai", "loading": 0.0, "xfmr": false, "npts_orig": 118}}, {"type": "Feature", "geometry": {"type": "LineString", "coordinates": [[136.29347133157893, 35.09528761578947], [136.2974108, 35.1013701], [136.2985137, 35.1034472], [136.3161582, 35.1174097], [136.3238016, 35.1239866], [136.3310123, 35.130119], [136.3341282, 35.1325323], [136.3380183, 35.1354536], [136.340461, 35.1372956], [136.3429856, 35.1392567], [136.3476941, 35.1427744], [136.3509808, 35.145224], [136.354622, 35.1491398], [136.3557318, 35.1503269], [136.3598243, 35.1545946], [136.3635051, 35.1592776], [136.365186, 35.1614299], [136.3665805, 35.1632528], [136.3688096, 35.1672742], [136.3715903, 35.1705881], [136.3733345, 35.172887], [136.3757643, 35.1761815], [136.3808152, 35.1831647], [136.3839701, 35.1885689], [136.3875747, 35.1909726], [136.3929079, 35.194614], [136.3967451, 35.1972143], [136.4015977, 35.1981295], [136.4078515, 35.1994265], [136.4122427, 35.2003113], [136.4143224, 35.2006891], [136.4183949, 35.2008865], [136.4220096, 35.2014571], [136.4253996, 35.2018892], [136.4300688, 35.202351], [136.434191, 35.2027307], [136.4398724, 35.20286], [136.443304, 35.2032301], [136.4468129, 35.2036814], [136.45125723076924, 35.20325022307692]]}, "properties": {"kv": 500, "name": "東近江開閉所~三重開閉所線", "region": "kansai", "loading": 0.0, "xfmr": false, "npts_orig": 40}}, {"type": "Feature", "geometry": {"type": "LineString", "coordinates": [[136.29347133157893, 35.09528761578947], [136.2965368, 35.0979617], [136.2976482, 35.0996956], [136.3040362, 35.1012016], [136.30543, 35.1050561], [136.3064375, 35.1077278], [136.3077372, 35.1111381], [136.3093049, 35.1138878], [136.3083952, 35.1182012], [136.3088426, 35.1233447], [136.3101185, 35.1261533], [136.3130192, 35.1331592], [136.315739, 35.1385194], [136.3192755, 35.1454097], [136.3209367, 35.1503518], [136.3224157, 35.1545843], [136.3235018, 35.157771], [136.3242877, 35.1599699], [136.3238239, 35.164547], [136.3237068, 35.1681643], [136.3237068, 35.1708995], [136.3249564, 35.1804393], [136.3260156, 35.182881], [136.328095, 35.1876303], [136.3287369, 35.1919546], [136.3294715, 35.1964781], [136.3290371, 35.2015917], [136.3286149, 35.2066191], [136.3280544, 35.2105114], [136.3278925, 35.2142146], [136.3281536, 35.2165476], [136.3286808, 35.2209839], [136.3304553, 35.2231461], [136.3315791, 35.2266174], [136.3307271, 35.2316622], [136.3302182, 35.23698], [136.3302909, 35.2404282], [136.3302439, 35.2449889], [136.3277357, 35.2506645], [136.3259209, 35.2542491], [136.3244522, 35.2594265], [136.323589, 35.2624096], [136.322847, 35.2671716], [136.3222401, 35.2724914], [136.321787, 35.2759884], [136.3207961, 35.2794517], [136.3193029, 35.2847064], [136.3180585, 35.2891437], [136.3196206, 35.2918541], [136.3217947, 35.2941835], [136.3258897, 35.2985544], [136.3286665, 35.3012989], [136.3302411, 35.3028671], [136.3332079, 35.3057747], [136.3376343, 35.310049], [136.3408411, 35.3120676], [136.3457348, 35.3151852], [136.349092, 35.316881], [136.3519658, 35.3183336], [136.3557662, 35.3204414], [136.358829, 35.3221459], [136.3637856, 35.325607], [136.3667133, 35.3275099], [136.3682311, 35.3299328], [136.3696425, 35.332186], [136.3714606, 35.3364789], [136.373405, 35.3398383], [136.375039, 35.3425753], [136.3778304, 35.3459665], [136.379699, 35.3480464], [136.3814082, 35.3498888], [136.3829131, 35.3515112], [136.385609, 35.3543767], [136.3882653, 35.357019], [136.3916826, 35.3603608], [136.3945383, 35.3642155], [136.3963964, 35.3662555], [136.3972006, 35.3689329], [136.4038769, 35.3722724], [136.4110398, 35.3759169], [136.4105649, 35.3797489], [136.4101755, 35.3828903], [136.4064371, 35.3857795], [136.4045318, 35.3909776], [136.4036777, 35.3933329], [136.4017948, 35.3984569], [136.4003817, 35.4035551], [136.3997885, 35.4055698], [136.395662, 35.4076832], [136.391593, 35.407164], [136.3856197, 35.4061646], [136.3802492, 35.4075436], [136.3780708, 35.4099221], [136.3763377, 35.4132774], [136.3719536, 35.4159571], [136.3692547, 35.4190498], [136.3678298, 35.4207246], [136.3655419, 35.4231361], [136.3626237, 35.4277468], [136.3604865, 35.4307833], [136.358541, 35.4338196], [136.3564586, 35.4371349], [136.3551297, 35.4393115], [136.3538418, 35.44141], [136.3528965, 35.4437204], [136.3517183, 35.4469014], [136.3509785, 35.448888], [136.3494714, 35.4514996], [136.3478822, 35.454457], [136.3456764, 35.4585414], [136.3433063, 35.4627819], [136.3405662, 35.46546], [136.3382235, 35.4676024], [136.3338394, 35.4715969], [136.3319487, 35.4731924], [136.3287429, 35.4765507], [136.326222, 35.4809687], [136.325126, 35.4828875], [136.322427, 35.4877403], [136.3180018, 35.4913545], [136.3137547, 35.4946897], [136.3099323, 35.4975675], [136.3050139, 35.5000102], [136.3025753, 35.5011367], [136.2990406, 35.5026535], [136.2932591, 35.5067132], [136.2882996, 35.5095794], [136.2834497, 35.5121667], [136.2813535, 35.5132819], [136.2769283, 35.5158802], [136.2726401, 35.5185788], [136.2674477, 35.5219018], [136.2624608, 35.5251911], [136.2599262, 35.5266741], [136.2544324, 35.5296065], [136.2489112, 35.5325833], [136.2452669, 35.534055], [136.2432393, 35.5348912], [136.2385812, 35.5372993], [136.2337586, 35.5393617], [136.231046, 35.5405768], [136.2276072, 35.5421152], [136.224689, 35.5432746], [136.2210448, 35.5443671], [136.2166059, 35.5455041], [136.2105503, 35.5470759], [136.2069197, 35.5480679], [136.2038098, 35.5470145], [136.1986174, 35.5466021], [136.1956581, 35.5443949], [136.1917063, 35.5428905], [136.1873763, 35.5417641], [136.1846088, 35.5402926], [136.1826839, 35.5392781], [136.179067, 35.5371655], [136.1758817, 35.5353037], [136.172758, 35.5352145], [136.1658805, 35.5349803], [136.1632637, 35.5348744], [136.1583111, 35.5345846], [136.1555162, 35.5344062], [136.1500224, 35.5324272], [136.1467617, 35.5286699], [136.1441389, 35.5256407], [136.1416446, 35.5237249], [136.1381442, 35.5212439], [136.1356097, 35.51985], [136.1313215, 35.5185231], [136.1277731, 35.5180157], [136.1231861, 35.5173488], [136.1188542, 35.5167333], [136.1156004, 35.5162984], [136.1105518, 35.5156182], [136.1079556, 35.5144807], [136.1047634, 35.5139399], [136.100393, 35.5131314], [136.0962144, 35.5124121], [136.0946731, 35.5121221], [136.0887272, 35.5104604], [136.086679, 35.5099642], [136.0850966, 35.5095571], [136.0824182, 35.5088489], [136.078178, 35.5077114], [136.0739857, 35.5075664], [136.0694372, 35.507388], [136.0657381, 35.5073489], [136.063731, 35.507321], [136.0580522, 35.5072151], [136.0545929, 35.5072207], [136.0513596, 35.5072151], [136.0493046, 35.5071705], [136.0465851, 35.5071426], [136.040324, 35.5074828], [136.0354604, 35.5092672], [136.032508, 35.5103935], [136.0230959, 35.5146313], [136.0210751, 35.5157074], [136.0178007, 35.5174024], [136.0148004, 35.518997], [136.0107862, 35.5209651], [136.0073954, 35.5236301], [136.0030455, 35.5275159], [136.0008535, 35.5286532], [135.9974352, 35.5304594], [135.9915783, 35.5316468], [135.9883245, 35.5323603], [135.9863715, 35.5338059], [135.9828357, 35.5356021], [135.9785745, 35.537558], [135.975938, 35.5408632], [135.9742741, 35.5444572], [135.9722124, 35.5490048], [135.9710147, 35.5516774], [135.9700060642857, 35.55649276190476]]}, "properties": {"kv": 500, "name": "西浅井町塩津浜変電所~東近江開閉所線", "region": "kansai", "loading": 0.0, "xfmr": false, "npts_orig": 214}}, {"type": "Feature", "geometry": {"type": "LineString", "coordinates": [[136.51443443333332, 35.192789966666666], [136.5096231, 35.1940078], [136.5050807, 35.1969387], [136.4999144, 35.2002779], [136.4946527, 35.2034027], [136.4898954, 35.2049353], [136.4862242, 35.205496], [136.4809819, 35.2050976], [136.4766864, 35.2040984], [136.472703, 35.2034512], [136.467809, 35.2026164], [136.4632065, 35.2018133], [136.4607788, 35.2016699], [136.4566788, 35.2014476], [136.45125723076924, 35.20325022307692]]}, "properties": {"kv": 500, "name": "三重開閉所~西部変電所線", "region": "kansai", "loading": 0.0, "xfmr": false, "npts_orig": 15}}, {"type": "Feature", "geometry": {"type": "LineString", "coordinates": [[136.51443443333332, 35.192789966666666], [136.510256, 35.1957853], [136.5090478, 35.1995728], [136.5072077, 35.2053482], [136.5060433, 35.2090335], [136.5056175, 35.2131113], [136.5053621, 35.2163524], [136.505201, 35.2185978], [136.5034091, 35.2222266], [136.5022892, 35.2245163], [136.5070991, 35.2296035], [136.5064949, 35.2360577], [136.5011042, 35.2381644], [136.5003053, 35.2420474], [136.4988314, 35.2469911], [136.4979919, 35.2496613], [136.4970704, 35.2527644], [136.4963192, 35.2546741], [136.4953314, 35.257058], [136.4943348, 35.2628472], [136.4932949, 35.2689327], [136.4922313, 35.2742782], [136.4914832, 35.2776925], [136.4918954, 35.2809456], [136.4924076, 35.2860173], [136.4928068, 35.2888546], [136.4930861, 35.2908336], [136.4932087, 35.2960987], [136.4942255, 35.2991642], [136.4950042, 35.3017398], [136.4960682, 35.3051049], [136.4960273, 35.3094324], [136.4960043, 35.3123137], [136.4969019, 35.3178694], [136.4981805, 35.3209438], [136.4983015, 35.3231205], [136.4986726, 35.3261588], [136.4990241, 35.3291624], [136.4995222, 35.3332627], [136.5009477, 35.3365697], [136.500904, 35.3387335], [136.5009026, 35.3388031], [136.5008298, 35.3424133], [136.4994264, 35.346475], [136.4973321, 35.3521868], [136.496091, 35.3553614], [136.493801, 35.3589033], [136.4909977, 35.3630599], [136.4898488, 35.3665728], [136.4886652, 35.3692552], [136.4874217, 35.3721363], [136.4859053, 35.3761672], [136.4858756, 35.380486], [136.4860072, 35.3859485], [136.4860684, 35.3909429], [136.4867489, 35.3955963], [136.4869474, 35.3979143], [136.4877737, 35.4010754], [136.4918437, 35.4063982], [136.4937631, 35.4124637], [136.4957907, 35.4165099], [136.497328, 35.4198317], [136.5005652, 35.424714], [136.5042494, 35.4287111], [136.5057622, 35.4315947], [136.5102965, 35.4352271], [136.5141354, 35.4394984], [136.5155292, 35.4414843], [136.5162212, 35.4458407], [136.5167851, 35.4495704], [136.5172968, 35.4533293], [136.5172524, 35.4561479], [136.5177169, 35.4596696], [136.5178416, 35.463381], [136.5174978, 35.4688207], [136.5182498, 35.474953], [136.5179598, 35.4798808], [136.5180492, 35.4817521], [136.5180683, 35.4856948], [136.5173279, 35.4956637], [136.5188184, 35.4979271], [136.5198788, 35.4994868], [136.5214542, 35.5043737], [136.5227644, 35.5085062], [136.523992, 35.5125195], [136.5267205, 35.5142917], [136.530459, 35.5166236], [136.5313782, 35.5172663], [136.5357918, 35.5219039], [136.5384312, 35.5234849], [136.5428785, 35.5244145], [136.5469296, 35.5242241], [136.5513412, 35.5258076], [136.5546795, 35.5270216], [136.5581884, 35.5282759], [136.5631069, 35.5297613], [136.5653063, 35.5303725], [136.5677096, 35.5310884], [136.57228, 35.532529], [136.5758849, 35.5342665], [136.5808309, 35.5366936], [136.5832127, 35.5377325], [136.5872038, 35.5394611], [136.5904547, 35.5409191], [136.595862, 35.5420365], [136.6019019, 35.5438811], [136.6056241, 35.5450757], [136.6117281, 35.5458834], [136.6153401, 35.5463713], [136.6206956, 35.546287], [136.6236976, 35.5464656], [136.6282954, 35.5466723], [136.6325706, 35.5476042], [136.6358814, 35.5484195], [136.6381861, 35.5500187], [136.6414114, 35.5493155], [136.6458824, 35.5483493], [136.6503031, 35.5508401], [136.6538011, 35.5521924], [136.6559521, 35.5529967], [136.661122, 35.5542228], [136.6683288, 35.5559817], [136.6713252, 35.5567039], [136.6736065, 35.5569779], [136.6769309, 35.5575047], [136.6797925, 35.5585643], [136.6843294, 35.5618319], [136.6885953, 35.564931], [136.6930032, 35.5678898], [136.6956467, 35.5689876], [136.6990712, 35.5727465], [136.7002092, 35.5743756], [136.7024981, 35.5775659], [136.7055971, 35.5795452], [136.712522, 35.5800106], [136.718264, 35.5800575]]}, "properties": {"kv": 500, "name": "西部幹線", "region": "kansai", "loading": 0.0, "xfmr": false, "npts_orig": 136}}, {"type": "Feature", "geometry": {"type": "LineString", "coordinates": [[136.8347629, 35.6053383], [136.8346207, 35.6054505], [136.8327497, 35.6050697], [136.8297353, 35.6055604], [136.8213478, 35.6021868], [136.8148151, 35.6016325], [136.8057139, 35.5999714], [136.7922438, 35.5964592], [136.7683297, 35.5897466], [136.7669372, 35.5897811], [136.7638848, 35.5896238], [136.7581587, 35.5904683], [136.7499133, 35.5905002], [136.7460162, 35.5901565], [136.7437562, 35.5888714], [136.7409398, 35.5870438], [136.7285931, 35.5758026], [136.7224858, 35.5709104], [136.720125, 35.5708191], [136.7160307, 35.5692367], [136.7114773, 35.5648156], [136.7045574, 35.5628893], [136.7022029, 35.5607695], [136.6964669, 35.5580302], [136.6924688, 35.5566978], [136.686589, 35.5554305], [136.6790887, 35.5555205], [136.6746525, 35.5556181], [136.6694057, 35.5545291], [136.6679374, 35.554215], [136.662299, 35.5531605], [136.6585761, 35.5524491], [136.6550839, 35.5505767], [136.6523373, 35.5490884], [136.6510016, 35.5483726], [136.6485769, 35.5470501], [136.64406, 35.5486127], [136.6417058, 35.5518758], [136.6399665, 35.5521293], [136.637536, 35.5515482], [136.634838, 35.5507683]]}, "properties": {"kv": 500, "name": "揖斐洞戸幹線", "region": "kansai", "loading": 0.0, "xfmr": false, "npts_orig": 41}}, {"type": "Feature", "geometry": {"type": "LineString", "coordinates": [[136.634838, 35.5507683], [136.6336861, 35.5493635], [136.6317552, 35.5456581], [136.6307589, 35.5440706], [136.6301054, 35.5429613], [136.6286449, 35.5405178], [136.6275825, 35.5387635], [136.6265648, 35.5370236], [136.6257196, 35.5354637], [136.6244774, 35.5335274], [136.6226697, 35.5305353], [136.6206999, 35.5273257], [136.6189886, 35.5236933], [136.6172661, 35.520004], [136.6161298, 35.5179955], [136.6150973, 35.5161793], [136.6142196, 35.5146814], [136.6127122, 35.5120834], [136.6118381, 35.5105291], [136.6104645, 35.5080485], [136.6092522, 35.5058651], [136.6092625, 35.5049705], [136.6086491, 35.5023584], [136.6082812, 35.5009827], [136.6078253, 35.4989694], [136.6075141, 35.4975675], [136.6071493, 35.496017], [136.6065914, 35.4952309], [136.6026701, 35.4923788], [136.6008408, 35.4912607], [136.5985587, 35.4899231], [136.5975016, 35.4892998], [136.5953588, 35.4872951], [136.5928653, 35.4850098], [136.5902848, 35.482637], [136.5886408, 35.4811212], [136.587481, 35.4800422], [136.5865126, 35.4791757], [136.5843756, 35.4772537], [136.5828413, 35.4757964], [136.5786414, 35.4719286], [136.5774098, 35.4707887], [136.5762849, 35.4694774], [136.5751995, 35.4681947], [136.5741217, 35.4669098], [136.5729984, 35.4655735], [136.56977824444445, 35.46282957777778]]}, "properties": {"kv": 500, "name": "山県市変電所~揖斐変電所線", "region": "kansai", "loading": 0.0, "xfmr": false, "npts_orig": 47}}, {"type": "Feature", "geometry": {"type": "LineString", "coordinates": [[136.634838, 35.5507683], [136.6356479, 35.5522159], [136.6367248, 35.5540825], [136.6371536, 35.5571336], [136.6373001, 35.5587178], [136.6374794, 35.5600361], [136.6375972, 35.5613314], [136.6375274, 35.5632093], [136.6373194, 35.5652475], [136.6372532, 35.5662335], [136.6370485, 35.5689576], [136.6373548, 35.5699892], [136.6379406, 35.5722032], [136.6385288, 35.5743134], [136.6389575, 35.5752932], [136.6401616, 35.5766484], [136.6404055, 35.5769754], [136.6418333, 35.5777855], [136.6401493, 35.5792486], [136.6380424, 35.58199], [136.6368389, 35.5847818], [136.6359816, 35.5868569], [136.6355195, 35.588064], [136.6349323, 35.5893481], [136.6341533, 35.5911073], [136.6338354, 35.5918063], [136.6318251, 35.5934754], [136.6304991, 35.5953145], [136.6295169, 35.5969092], [136.6266525, 35.6006372], [136.6265707, 35.6035388], [136.6260599, 35.6061349], [136.6252213, 35.608093], [136.6249278, 35.609441], [136.62193, 35.6123925], [136.6207124, 35.6144433], [136.6189519, 35.6167611], [136.6173569, 35.619049], [136.6173942, 35.6213314], [136.6175383, 35.6240287], [136.61688, 35.6271148], [136.6157021, 35.6297106], [136.6146614, 35.6319994], [136.6141515, 35.6328711], [136.6091382, 35.6365873], [136.6031547, 35.6390837], [136.5985562, 35.6442622], [136.5966594, 35.646171], [136.5950692, 35.6476883], [136.5938682, 35.6488352], [136.5926995, 35.6498069], [136.5903842, 35.651378], [136.5857906, 35.6554103], [136.5822828, 35.6627553], [136.579193, 35.6685151], [136.5757491, 35.6737616], [136.5743459, 35.6762444], [136.575413, 35.6769292], [136.5775349, 35.6824784], [136.580555, 35.686503], [136.5844457, 35.6872368], [136.5899482, 35.6927493], [136.5938687, 35.6937044], [136.599159, 35.6944002], [136.6014698, 35.6961428], [136.6030972, 35.6967906], [136.6088928, 35.6984985], [136.612712, 35.700524], [136.6149171, 35.7011222], [136.6173831, 35.7047592], [136.6188175, 35.7064031], [136.6238776, 35.7077112], [136.6256333, 35.7073614], [136.6293904, 35.7085059], [136.6322159, 35.7082164], [136.6375175, 35.7084971], [136.6400418, 35.7103179], [136.6422974, 35.7117896], [136.648106, 35.7151536], [136.6505596, 35.717158], [136.6524133, 35.7181602], [136.6575915, 35.7224707], [136.6606957, 35.7245551]]}, "properties": {"kv": 500, "name": "山県市変電所~本巣市変電所線", "region": "kansai", "loading": 0.0, "xfmr": false, "npts_orig": 83}}, {"type": "Feature", "geometry": {"type": "LineString", "coordinates": [[135.657236164, 34.86036704], [135.6603845, 34.8547321], [135.6616724, 34.8490864], [135.6624394, 34.8458062], [135.66174445000001, 34.8421967375]]}, "properties": {"kv": 500, "name": "淀川変電所~新生駒 変電所線", "region": "kansai", "loading": 0.0, "xfmr": false, "npts_orig": 5}}, {"type": "Feature", "geometry": {"type": "LineString", "coordinates": [[135.66174445000001, 34.8421967375], [135.66504375, 34.842568316666664]]}, "properties": {"kv": 500, "name": "leadin", "region": "kansai", "loading": 0.0, "xfmr": false, "npts_orig": 2}}, {"type": "Feature", "geometry": {"type": "LineString", "coordinates": [[135.66174445000001, 34.8421967375], [135.6671544, 34.8389931], [135.6699019, 34.8377349], [135.6736734, 34.8360166], [135.6767107, 34.8346018], [135.6785278, 34.8318191], [135.6803048, 34.8290724], [135.68366042727274, 34.82664911818182]]}, "properties": {"kv": 500, "name": "淀川変電所~新生駒 変電所線", "region": "kansai", "loading": 0.0, "xfmr": false, "npts_orig": 8}}, {"type": "Feature", "geometry": {"type": "LineString", "coordinates": [[135.68366042727274, 34.82664911818182], [135.6851879, 34.8216142], [135.6876037, 34.8200411], [135.6904465, 34.8173049], [135.6932856, 34.8157239], [135.6974174, 34.8146375], [135.7010268, 34.8139033], [135.7049126, 34.8131425], [135.7096031, 34.8121845], [135.7102304, 34.8099991], [135.7094429, 34.8067569], [135.7083633, 34.8028778], [135.7075473, 34.8009421], [135.7060271, 34.7975468], [135.70221944615383, 34.79466324230769]]}, "properties": {"kv": 500, "name": "淀川変電所~新生駒 変電所線", "region": "kansai", "loading": 0.0, "xfmr": false, "npts_orig": 15}}, {"type": "Feature", "geometry": {"type": "LineString", "coordinates": [[136.45125723076924, 35.20325022307692], [136.4466427, 35.2043266], [136.4435438, 35.2036476], [136.4395227, 35.2044168], [136.437466, 35.2056325], [136.4358088, 35.2090189], [136.4345699, 35.2164951], [136.4332492, 35.2199843], [136.4319091, 35.2234251], [136.4265849, 35.2263263], [136.4249723, 35.2302146], [136.4238161, 35.2329833], [136.4233139, 35.2366922], [136.4232529, 35.2424443], [136.425198, 35.2461743], [136.4263017, 35.2498941], [136.4268749, 35.2551772], [136.4274481, 35.2595738], [136.4290639, 35.2637361], [136.4300274, 35.2663748], [136.430881, 35.2713383], [136.4319359, 35.2760675], [136.4324542, 35.278656], [136.4336981, 35.2844648], [136.4351576, 35.2889113], [136.4369, 35.2946043], [136.4386927, 35.3000189], [136.440972, 35.3050237], [136.4420642, 35.3079764], [136.4430574, 35.310571], [136.4449904, 35.3139346], [136.4472259, 35.3178026], [136.4478223, 35.320001], [136.4492115, 35.3255316], [136.4482849, 35.3331448], [136.4435838, 35.3374739], [136.4429613, 35.3405169], [136.4443483, 35.3427513], [136.4440266, 35.3460567], [136.4423535, 35.3493478], [136.4411613, 35.3516641], [136.4399223, 35.3541039], [136.4373336, 35.3576996], [136.4336385, 35.358546], [136.4302154, 35.3593561], [136.4273544, 35.3608277], [136.4255935, 35.3633771], [136.4257618, 35.3662704], [136.4288357, 35.3687032], [136.4310254, 35.3713318], [136.4334768, 35.3742021], [136.4360104, 35.3768797], [136.438743, 35.3805283], [136.442516, 35.3817838], [136.4478744, 35.3848584], [136.4494622, 35.3881245], [136.450905, 35.3919697], [136.4534718, 35.3940955], [136.4575632, 35.3982569], [136.4597638, 35.4005174], [136.4612605, 35.4039358], [136.4622345, 35.4062151], [136.4641912, 35.4106164], [136.4673511, 35.4146861], [136.4691514, 35.4169924], [136.4724616, 35.4196422], [136.4766208, 35.4231886], [136.4785928, 35.4275264], [136.4799934, 35.4304468], [136.4814319, 35.4336985], [136.4813744, 35.4364946], [136.4812357, 35.4394457], [136.4804266, 35.4445766], [136.4807601, 35.4496513], [136.4809842, 35.4531255], [136.4798578, 35.4583023], [136.4787817, 35.4633008], [136.4752987, 35.4692415], [136.4748418, 35.4729037], [136.4745056, 35.4755782], [136.4742141, 35.4778921], [136.4755424, 35.4828483], [136.4757441, 35.4890134], [136.4768874, 35.4931624], [136.4777897, 35.4964796], [136.4790227, 35.4997465], [136.4805358, 35.503839], [136.4823853, 35.5067224], [136.4883623, 35.5135579], [136.5037701, 35.5228339], [136.5075408, 35.5246], [136.5102334, 35.5271316], [136.515486, 35.5319777], [136.5171032, 35.5358983], [136.5187605, 35.5388182], [136.5208132, 35.5404066], [136.5229552, 35.5420617], [136.5265761, 35.5447988], [136.5323034, 35.545743], [136.5367998, 35.5465584], [136.5397651, 35.5490438], [136.5435724, 35.5524414], [136.5485493, 35.5567823], [136.5497041, 35.5584994], [136.5525642, 35.5631826], [136.5558753, 35.565075], [136.5608877, 35.5668979], [136.5653219, 35.5663455], [136.5684944, 35.5659741], [136.574317, 35.5659787], [136.5791002, 35.5660302], [136.5845862, 35.5656738], [136.587911, 35.5653916], [136.5911036, 35.5669134], [136.5939739, 35.5691815], [136.5966263, 35.5700027], [136.5991408, 35.5708443], [136.6035548, 35.5742637], [136.6071706, 35.5760708], [136.6102166, 35.5770443], [136.6141764, 35.5794187], [136.6161415, 35.5809655], [136.6211095, 35.5851644], [136.6259616, 35.5880392], [136.6319728, 35.5905412], [136.6374835, 35.5939557], [136.6426359, 35.5945897], [136.64527, 35.5949624], [136.6501591, 35.595982], [136.6530652, 35.5968492], [136.6557467, 35.5976494], [136.6586396, 35.6008597], [136.6617065, 35.6027403], [136.6665663, 35.6058927], [136.6725471, 35.6075878], [136.6755854, 35.6091239], [136.6765511, 35.6125753], [136.6790865, 35.6169766], [136.6836425, 35.6182358], [136.6896028, 35.617917], [136.6949608, 35.6188991], [136.699783, 35.6197503], [136.7063561, 35.6196734], [136.7115425, 35.6188536], [136.7176639, 35.6199439], [136.7211903, 35.620405], [136.7252176, 35.6210031], [136.7330322, 35.6233855], [136.7367799, 35.6258319], [136.7471927, 35.6254507], [136.7557666, 35.6247203], [136.7619913, 35.6250958], [136.7682773, 35.6256452], [136.7742988, 35.6276199], [136.7775509, 35.6287024], [136.7871209, 35.6318116], [136.7907607, 35.6330893], [136.7938403, 35.6326781], [136.7996972, 35.6326919], [136.804376, 35.6317674], [136.8090548, 35.6308926], [136.8148065, 35.6300923], [136.8194989, 35.6292313], [136.8250571, 35.6311355], [136.8293454, 35.6297032], [136.8334911, 35.6285606], [136.838085, 35.6272608], [136.8415822, 35.6261624], [136.8459792, 35.6223509], [136.8497752, 35.6199966], [136.8523454, 35.6186745], [136.8545456, 35.617046], [136.8569223, 35.6155555], [136.863859, 35.6140705], [136.8679776, 35.6105732], [136.873787, 35.6070205], [136.8779157, 35.6049418], [136.8858303, 35.6027885], [136.8904921, 35.602195], [136.8958092, 35.602275], [136.90206, 35.6024848], [136.9055131, 35.6039259], [136.9125788, 35.6053614], [136.91575, 35.6078652], [136.9179337, 35.6104429], [136.9211878, 35.6114431], [136.9285809, 35.6126356], [136.9324787, 35.6139661], [136.9381829, 35.6159093], [136.9435067, 35.6162039], [136.9484873, 35.6167503], [136.9521346, 35.6192741], [136.9565051, 35.624369], [136.9563417, 35.6275404], [136.9569431, 35.6304537], [136.9577194, 35.634089], [136.9616632, 35.6359476]]}, "properties": {"kv": 500, "name": "三岐幹線", "region": "kansai", "loading": 0.0, "xfmr": false, "npts_orig": 197}}, {"type": "Feature", "geometry": {"type": "LineString", "coordinates": [[136.4161205, 35.9952429], [136.4153208, 35.99425], [136.4124145, 35.9922794], [136.4141575, 35.9887169], [136.4165734, 35.9870857], [136.4137287, 35.9827076], [136.411947, 35.9800291], [136.4106028, 35.9778313], [136.4088571, 35.9753754], [136.4071791, 35.9728041], [136.4047868, 35.9696971], [136.4016302, 35.9653534], [136.398184, 35.9607868], [136.3962995, 35.9569339], [136.3944429, 35.9528628], [136.3929214, 35.9502901], [136.391648, 35.9481467], [136.3900401, 35.9456365], [136.3862064, 35.9412673], [136.3840252, 35.9386919], [136.3805522, 35.9361738], [136.3759145, 35.9328718], [136.3713446, 35.9295372], [136.3701208, 35.9287086], [136.3660057, 35.9259223], [136.3632959, 35.9224101], [136.3600194, 35.9203351], [136.3572318, 35.9179108], [136.354884, 35.9153998], [136.3498796, 35.9116749], [136.3467791, 35.9093774], [136.3429583, 35.9066734], [136.3374392, 35.9027761], [136.3325892, 35.9008222], [136.3277294, 35.8963817], [136.3255616, 35.8946986], [136.3211425, 35.891301], [136.3156878, 35.8843647], [136.3124137, 35.8798253], [136.3085674, 35.8732738], [136.3054027, 35.8672533], [136.3026753, 35.862322], [136.3009643, 35.8596946], [136.3001216, 35.858386], [136.2970598, 35.8536366], [136.2952651, 35.8507743], [136.2941176, 35.8488959], [136.2923448, 35.8463164], [136.290689, 35.8436887], [136.2878571, 35.8393464], [136.2852139, 35.8362282], [136.2846264, 35.8346861], [136.2835309, 35.8318106], [136.281614, 35.8271152], [136.2809541, 35.8255215], [136.2798644, 35.8229371], [136.2778306, 35.8196266], [136.2765878, 35.8175227], [136.2737319, 35.8132874], [136.2721531, 35.8102756], [136.2706925, 35.8077423], [136.2701011, 35.8056708], [136.2695548, 35.8039654], [136.2679231, 35.8018387], [136.2657558, 35.799029], [136.26427, 35.7974501], [136.2604287, 35.7933681], [136.2577139, 35.7914444], [136.2553725, 35.7898635], [136.252817, 35.7863919], [136.250852, 35.7839468], [136.2477569, 35.7792788], [136.2466586, 35.7757384], [136.2451525, 35.7708931], [136.2437738, 35.766441], [136.2431543, 35.7625642], [136.2427989, 35.7603137], [136.2425347, 35.7587597], [136.2416831, 35.7548679], [136.2409408, 35.7533431], [136.2395836, 35.7506254], [136.2387193, 35.7465083], [136.2380658, 35.7418756], [136.2378502, 35.740347], [136.2371421, 35.7353309], [136.2354544, 35.7303974], [136.2344196, 35.7271486], [136.232671, 35.7219447], [136.2320461, 35.7199778], [136.231209, 35.7172341], [136.230395, 35.7144058], [136.2293958, 35.7111075], [136.2287169, 35.7088365], [136.2280357, 35.7037249], [136.2277007, 35.7010019], [136.2272999, 35.6979297], [136.2260163, 35.6940141], [136.2251472, 35.6910341], [136.2229586, 35.6881498], [136.2213066, 35.6860658], [136.2193649, 35.6844001], [136.2182168, 35.6834152], [136.2166688, 35.6821252], [136.2133709, 35.679258], [136.2127252, 35.6766649], [136.2121312, 35.6740381], [136.2110309, 35.6709497], [136.2101218, 35.6685158], [136.2082777, 35.6674667], [136.2027157, 35.664309], [136.2014136, 35.6633905], [136.200263, 35.6625819], [136.1958882, 35.6593268], [136.1941838, 35.6573224], [136.1907958, 35.6535312], [136.1892451, 35.651366], [136.1879603, 35.649626], [136.1853213, 35.6458476], [136.1846237, 35.6449126], [136.1832211, 35.6431257], [136.1814533, 35.6408164], [136.1793841, 35.638078], [136.177461, 35.6351198], [136.175443, 35.6299187], [136.173568, 35.6250509], [136.1728143, 35.6233306], [136.1712992, 35.6196344], [136.1695922, 35.6156327], [136.1699472, 35.6129616], [136.1703562, 35.6100259], [136.1698424, 35.6075371], [136.1691733, 35.6045195], [136.1673903, 35.6004603], [136.1656915, 35.5973461], [136.1642396, 35.5943102], [136.1626764, 35.591779], [136.1619511, 35.5900493], [136.1612409, 35.5882715], [136.1604474, 35.5863375], [136.1589475, 35.5848603], [136.1572076, 35.5831199], [136.1534508, 35.5795117], [136.152203, 35.5783104], [136.1491744, 35.5753822], [136.1458146, 35.5706833], [136.1444309, 35.5687846], [136.1403781, 35.5658964], [136.1382054, 35.564348], [136.135676, 35.5625454], [136.1304629, 35.5597877], [136.1270896, 35.5579672], [136.1216115, 35.5534881], [136.1169438, 35.549677], [136.1120543, 35.547914], [136.1062484, 35.545852], [136.0999218, 35.5444334], [136.0939443, 35.5430923], [136.0886921, 35.5426218], [136.0860857, 35.5423826], [136.0821672, 35.5420448], [136.0777129, 35.5404952], [136.076121, 35.5400117], [136.0714969, 35.5384163], [136.0680033, 35.5353366], [136.0663658, 35.5338709], [136.0633937, 35.5327316], [136.0607567, 35.5317081], [136.0584622, 35.5316785], [136.0564198, 35.5316516], [136.0510961, 35.5316388], [136.0467875, 35.5321428], [136.0408104, 35.5328487], [136.0359795, 35.5334273], [136.0310202, 35.5359077], [136.0281284, 35.5365539], [136.0263684, 35.5369258], [136.024205, 35.5374077], [136.0192134, 35.5384968], [136.0134687, 35.5391357], [136.0092926, 35.5395936], [136.0057548, 35.540502], [135.9947971, 35.5433842], [135.9863389, 35.5455655], [135.9815982, 35.5491232], [135.9749521, 35.5514474], [135.9733805, 35.5520355], [135.9700060642857, 35.55649276190476]]}, "properties": {"kv": 500, "name": "八乙女変電所~嶺南変電所線", "region": "kansai", "loading": 0.0, "xfmr": false, "npts_orig": 187}}, {"type": "Feature", "geometry": {"type": "LineString", "coordinates": [[135.9700060642857, 35.55649276190476], [135.9778961, 35.5587939], [135.9795976, 35.5607519], [135.9828653, 35.5653485], [135.9844957, 35.5674708], [135.9874207, 35.5711258], [135.9917516, 35.5735933], [135.9961858, 35.5760967], [135.9969856, 35.5789488], [135.9982496, 35.5834447], [135.9997804, 35.5856927], [136.0019437, 35.5888786], [136.0022556, 35.5925768], [136.0014469, 35.595862], [136.0008849, 35.5982032], [136.0010687, 35.6015553], [136.0011908, 35.6039466], [136.0018627, 35.607113], [136.0023803, 35.6097103], [136.0027009, 35.6115376], [136.0041963, 35.6146504], [136.0048319, 35.616434], [136.0055816, 35.6193503], [136.0062388, 35.6218065], [136.0068019, 35.6236193], [136.0075811, 35.6267022], [136.0086258, 35.6288693], [136.0096021, 35.6317034], [136.010836, 35.6348164], [136.0103746, 35.6387838], [136.009527, 35.641696], [136.0086044, 35.6452272], [136.0076549, 35.6474712], [136.0091837, 35.6527249], [136.0098811, 35.655131], [136.0107447, 35.6583343], [136.0109002, 35.6613654], [136.0111255, 35.6636405], [136.011721, 35.668526], [136.0122306, 35.6704915], [136.0126598, 35.6728099], [136.0133464, 35.6775511], [136.0141135, 35.682218], [136.014709, 35.6855033], [136.0193719, 35.6893217], [136.0213534, 35.6908338], [136.0235475, 35.6945545], [136.0250227, 35.6969985], [136.0267125, 35.6997648], [136.0271872, 35.7024875], [136.0273577, 35.7055113], [136.0275812, 35.7095515], [136.0287301, 35.7146455], [136.0291164, 35.7176247], [136.0281079, 35.7201246], [136.0270243, 35.7231123], [136.0251467, 35.7277808], [136.0241275, 35.7306549], [136.0236018, 35.732179], [136.022934, 35.7340636], [136.0215096, 35.7380837], [136.0195784, 35.740583], [136.0169294, 35.7439487], [136.0149876, 35.7467212], [136.0130457, 35.7494989], [136.0173662, 35.75356342]]}, "properties": {"kv": 500, "name": "色浜変電所~嶺南変電所線", "region": "kansai", "loading": 0.0, "xfmr": false, "npts_orig": 66}}, {"type": "Feature", "geometry": {"type": "LineString", "coordinates": [[135.9700060642857, 35.55649276190476], [135.9668444, 35.5617303], [135.9651026, 35.5659667], [135.9670617, 35.5685467], [135.9700829, 35.5725999], [135.9718276, 35.5749405], [135.9752829, 35.5778816], [135.9770072, 35.5792861], [135.9791446, 35.5820495], [135.9803018, 35.5845123], [135.982276, 35.5883554], [135.9836825, 35.5911115], [135.9844997, 35.5927468], [135.986588, 35.5968826], [135.988119, 35.5999684], [135.9902912, 35.603343], [135.992005, 35.6061558], [135.9932004, 35.6081341], [135.995151, 35.6102935], [135.997122, 35.6147859], [135.9986979, 35.6177836], [135.9998941, 35.6200381], [136.0018789, 35.6237011], [136.0031342, 35.6259849], [136.0030752, 35.6303898], [136.0030216, 35.634388], [136.0028938, 35.6390442], [136.0021909, 35.6430649], [136.0014272, 35.6471403], [136.0006567, 35.651523], [136.000704, 35.6544887], [136.0007648, 35.6590742], [136.0008189, 35.6616002], [136.0001295, 35.6641976], [135.9990792, 35.6675788], [135.9972524, 35.6709196], [135.9946346, 35.675772], [135.9937087, 35.6774136], [135.9918272, 35.6807774], [135.9898633, 35.685518], [135.9891109, 35.6879545], [135.9879093, 35.6916901], [135.9873377, 35.6933488], [135.9861684, 35.6959822], [135.9833579, 35.6979217], [135.9812899, 35.6994432], [135.9766325, 35.7043731], [135.9727706, 35.7042475], [135.9654894, 35.7040235]]}, "properties": {"kv": 500, "name": "白木一丁目変電所~嶺南変電所線", "region": "kansai", "loading": 0.0, "xfmr": false, "npts_orig": 49}}, {"type": "Feature", "geometry": {"type": "LineString", "coordinates": [[136.72339766666667, 35.58409584444444], [136.7202827, 35.5808358], [136.718264, 35.5800575]]}, "properties": {"kv": 500, "name": "中部電力パワーグリッド 500.0kV線", "region": "kansai", "loading": 0.0, "xfmr": false, "npts_orig": 3}}, {"type": "Feature", "geometry": {"type": "LineString", "coordinates": [[136.72339766666667, 35.58409584444444], [136.7151594, 35.5854045], [136.7108598, 35.5878164], [136.7059952, 35.59056], [136.7040023, 35.591919], [136.6998493, 35.5946511], [136.6946028, 35.5977695], [136.6929647, 35.5987384], [136.6872946, 35.6012916], [136.6823791, 35.6041696], [136.6787508, 35.6062716], [136.6750624, 35.6090124], [136.6725685, 35.6119336], [136.6685717, 35.6167449], [136.6675755, 35.6225958], [136.6659049, 35.6277402], [136.6639207, 35.6320454], [136.6633563, 35.6335747], [136.6607086, 35.6373813], [136.6594057, 35.6414984], [136.6586959, 35.6443272], [136.6565843, 35.6501006], [136.6545241, 35.6533636], [136.6524881, 35.6565379], [136.6508876, 35.6591225], [136.6489322, 35.6640851], [136.6531078, 35.6681089], [136.6543097, 35.6713469], [136.6540762, 35.675361], [136.6548034, 35.6794763], [136.6523978, 35.6833868], [136.652428, 35.6864669], [136.6525418, 35.6888169], [136.6535363, 35.6938655], [136.6539849, 35.6960676], [136.6605954, 35.6999415], [136.6630589, 35.7019393], [136.6639787, 35.706361], [136.6653779, 35.711357], [136.6669316, 35.7176428], [136.6665476, 35.7194274], [136.6653426, 35.7242292], [136.6644458, 35.7275545]]}, "properties": {"kv": 500, "name": "中部電力パワーグリッド 500.0kV線", "region": "kansai", "loading": 0.0, "xfmr": false, "npts_orig": 43}}, {"type": "Feature", "geometry": {"type": "LineString", "coordinates": [[136.718264, 35.5800575], [136.7244845, 35.5787928], [136.7297858, 35.5779269], [136.7318227, 35.5775735], [136.7364831, 35.5775779], [136.7456523, 35.5776344], [136.7527568, 35.5776063], [136.7572509, 35.5773303], [136.7607508, 35.5771181], [136.7659653, 35.5770926], [136.7695946, 35.5771134], [136.7733576, 35.5783444], [136.7767625, 35.5794565], [136.7798262, 35.5788122], [136.7840956, 35.5775181], [136.7881035, 35.5762568], [136.7927209, 35.5753533], [136.795631, 35.5751595], [136.8001936, 35.5748659], [136.805522, 35.5748159], [136.8104785, 35.5755613], [136.8156539, 35.5745083], [136.8195758, 35.5736729], [136.8252931, 35.570725], [136.8326547, 35.5711316], [136.8397264, 35.5715967], [136.8474361, 35.5718587], [136.8505568, 35.5716537], [136.8556422, 35.5718846], [136.8611789, 35.5700686], [136.8672879, 35.5694144], [136.8706765, 35.5690526], [136.876437, 35.5684104], [136.8797157, 35.5673877], [136.8829549, 35.5663704], [136.88985, 35.5647886], [136.8939147, 35.5638778], [136.8975147, 35.5631125], [136.9008419, 35.5624063], [136.9066042, 35.5611697], [136.9098368, 35.5599035], [136.9144116, 35.5586981], [136.9175021, 35.5589075], [136.9193861, 35.5573665], [136.9217035, 35.55464], [136.9268446, 35.5516673], [136.9283802, 35.5497125], [136.932032, 35.5463785], [136.932893, 35.5425533], [136.9337835, 35.5384621], [136.9348101, 35.5348782], [136.9359098, 35.5310333], [136.9367608, 35.5278311]]}, "properties": {"kv": 500, "name": "西部幹線", "region": "kansai", "loading": 0.0, "xfmr": false, "npts_orig": 53}}, {"type": "Feature", "geometry": {"type": "LineString", "coordinates": [[136.6644458, 35.7275545], [136.66089457142857, 35.735055471428566]]}, "properties": {"kv": 500, "name": "中部電力パワーグリッド 500.0kV線", "region": "kansai", "loading": 0.0, "xfmr": false, "npts_orig": 2}}, {"type": "Feature", "geometry": {"type": "LineString", "coordinates": [[136.6644458, 35.7275545], [136.6606957, 35.7245551]]}, "properties": {"kv": 500, "name": "山県市変電所~本巣市変電所線", "region": "kansai", "loading": 0.0, "xfmr": false, "npts_orig": 2}}, {"type": "Feature", "geometry": {"type": "LineString", "coordinates": [[136.66089457142857, 35.735055471428566], [136.6596222, 35.7276319], [136.6606957, 35.7245551]]}, "properties": {"kv": 500, "name": "leadin", "region": "kansai", "loading": 0.0, "xfmr": false, "npts_orig": 3}}, {"type": "Feature", "geometry": {"type": "LineString", "coordinates": [[133.95348848823528, 34.16501259019608], [133.9559489, 34.1697789], [133.9562282, 34.173681], [133.9553665, 34.1765786], [133.9534692, 34.1779203], [133.9523516, 34.1815565], [133.9506887, 34.1847433], [133.9461491, 34.1880795], [133.9431767, 34.1902642], [133.94144, 34.1930879], [133.9391083, 34.196835], [133.9343932, 34.1991435], [133.9291842, 34.2031002], [133.9258474, 34.2038792], [133.923711, 34.2056936], [133.9220168, 34.2070948], [133.9190189, 34.2100252], [133.9163368, 34.2126374], [133.9123741, 34.2151877], [133.9099103, 34.2170874], [133.9062117, 34.2201362], [133.9013071, 34.2241537], [133.8990673, 34.2277673], [133.8971778, 34.228717], [133.8951493, 34.231592], [133.8944326, 34.2346286], [133.8937894, 34.237164], [133.8926005, 34.2402738], [133.8940278, 34.2434011], [133.8952037, 34.2452315], [133.8978455, 34.2493067], [133.8984263, 34.2525619], [133.8982699, 34.2558961], [133.8954477, 34.2586783], [133.891973, 34.2630352], [133.8902818, 34.2652443], [133.8902183, 34.2668683], [133.8901867, 34.2676754], [133.8921698, 34.2688546], [133.8902672, 34.2717512], [133.8850881, 34.2761058], [133.8851701, 34.2789287], [133.8835977, 34.2802701], [133.8818792, 34.2831143], [133.877932, 34.2844324], [133.8747957, 34.2890849], [133.8741304, 34.291313], [133.8730784, 34.2946008], [133.8690909, 34.2969797], [133.8653936, 34.298871], [133.8623396526316, 34.30214687894737]]}, "properties": {"kv": 500, "name": "讃岐変電所~福江町三丁目変電所線", "region": "chugoku", "loading": 0.0, "xfmr": false, "npts_orig": 51}}, {"type": "Feature", "geometry": {"type": "LineString", "coordinates": [[133.95348848823528, 34.16501259019608], [133.959135, 34.1652329], [133.9630018, 34.1632874], [133.9653475, 34.1615206], [133.9694865, 34.1581601], [133.9714081, 34.1571732], [133.976174, 34.1546102], [133.9803265, 34.1517196], [133.9840014, 34.150212], [133.9878054, 34.1482263], [133.9921133, 34.1450968], [133.9934035, 34.144471], [133.9966607, 34.1427081], [134.002828, 34.141216], [134.0098351, 34.1401278], [134.0127335, 34.1396827], [134.0165583, 34.138038], [134.0224896, 34.1390397], [134.0249249, 34.1394354], [134.0290186, 34.1418961], [134.0336054, 34.1432316], [134.0382967, 34.1441466], [134.041987, 34.144938], [134.0477018, 34.1443137], [134.0496804, 34.1424261], [134.0523314, 34.1399415], [134.0585986, 34.1360047], [134.061542, 34.1341492], [134.0673511, 34.1335038], [134.0715519, 34.1330036], [134.0745344, 34.1331165], [134.0784428, 34.1308334], [134.0787254, 34.1284372], [134.0793395, 34.1261216], [134.080821, 34.1234509], [134.0834301, 34.1198167], [134.0870265, 34.1169462], [134.0916562, 34.1134422], [134.0940307, 34.1101931], [134.0951335, 34.1083916], [134.0986505, 34.1029129], [134.1031709, 34.0980838], [134.1056149, 34.0969567], [134.1116554, 34.0940772], [134.1145838, 34.0897174], [134.1191448, 34.0848563], [134.1192423, 34.0847523], [134.1177921, 34.0812832], [134.1151915, 34.077908], [134.1127286, 34.0746467], [134.1130688, 34.069627], [134.1158315, 34.0675667], [134.1200524, 34.066513], [134.1223371, 34.061862], [134.1256506, 34.0552105], [134.1268578, 34.0519819], [134.1282721, 34.0485308], [134.1293831, 34.0459202], [134.1319596, 34.0444367], [134.1358046, 34.0422306], [134.1433695, 34.0394282], [134.1466735, 34.0372135], [134.1505561, 34.0358707], [134.1564316, 34.0329722], [134.1589422, 34.0324177], [134.162677, 34.0316041], [134.1677584, 34.0313237], [134.1700252, 34.031213], [134.176572, 34.0317747], [134.1811368, 34.0323792], [134.1845861, 34.03282], [134.1883357, 34.0332609], [134.1944792, 34.0344128], [134.2015495, 34.0358349], [134.2075042, 34.0324289], [134.2111337, 34.0311988], [134.2141712, 34.0302957], [134.2181097, 34.030472], [134.2221329, 34.0311272], [134.2250436, 34.0316433], [134.2285911, 34.031997], [134.2307322, 34.0323507], [134.2372463, 34.034183], [134.2406188, 34.0355689], [134.2452858, 34.0358182], [134.2499387, 34.0347571], [134.2526955, 34.0341135], [134.2581811, 34.0350644], [134.2613927, 34.0348441], [134.2680748, 34.0355399], [134.2710275, 34.0358994], [134.276352, 34.0363178], [134.2823341, 34.0367907], [134.2853742, 34.0370492], [134.2882449, 34.0366281], [134.2901749, 34.036338], [134.2922745, 34.0360223], [134.2980159, 34.0351653], [134.3036057, 34.034855], [134.3063346, 34.0347899], [134.3108683, 34.034213], [134.3142369, 34.0338157], [134.3189187, 34.0317011], [134.3235861, 34.0296466], [134.3262905, 34.0277306], [134.3280353, 34.0265436], [134.334167, 34.022412], [134.3371493, 34.0211978], [134.3426272, 34.0200496], [134.3474546, 34.0195576], [134.350248, 34.0192732], [134.3570327, 34.0200112], [134.3607913, 34.0204429], [134.3679712, 34.0163419], [134.3762506, 34.0142098], [134.3796537, 34.0114649], [134.3839459, 34.00901], [134.3859828, 34.0081949], [134.3890147, 34.0069948], [134.392109, 34.0057656], [134.3945283, 34.0046949], [134.4004126, 34.0030128], [134.4082959, 34.00079834]]}, "properties": {"kv": 500, "name": "讃岐変電所~阿波変電所線", "region": "chugoku", "loading": 0.0, "xfmr": false, "npts_orig": 123}}, {"type": "Feature", "geometry": {"type": "LineString", "coordinates": [[133.95348848823528, 34.16501259019608], [133.9572153, 34.1607354], [133.9547829, 34.1589372], [133.9512991, 34.1564179], [133.9478993, 34.15438], [133.9429579, 34.1528265], [133.9418305, 34.1504502], [133.939422, 34.1492914], [133.9368902, 34.1468583], [133.934094, 34.1461926], [133.9312404, 34.1457568], [133.9284157, 34.1434109], [133.9243363, 34.1391866], [133.9225839, 34.1353901], [133.9198643, 34.1342328], [133.9163785, 34.1320453], [133.9150762, 34.1312013], [133.9139294, 34.1304041], [133.9087393, 34.1272037], [133.9053632, 34.1250755], [133.9013221, 34.1225521], [133.8956134, 34.1222235], [133.8898034, 34.119929], [133.8854897, 34.118025], [133.883213, 34.1171511], [133.8796262, 34.1156518], [133.8758915, 34.1137333], [133.8721378, 34.112544], [133.8680393, 34.1105778], [133.8658177, 34.1088969], [133.8633279, 34.1073905], [133.8584634, 34.1055351], [133.855517, 34.1043014], [133.8517602, 34.1020352], [133.8501279, 34.0996938], [133.8484208, 34.0971819], [133.8462802, 34.0941691], [133.843227, 34.0917006], [133.8390063, 34.0882776], [133.8360079, 34.0851544], [133.8332975, 34.0831909], [133.8283723, 34.0801785], [133.8254159, 34.0753038], [133.8228583, 34.0741436], [133.8195973, 34.0724987], [133.8159581, 34.0709004], [133.8107721, 34.0707419], [133.8076543, 34.0697486], [133.8033026, 34.0684685], [133.8002083, 34.068122], [133.7951825, 34.066762], [133.7905483, 34.0650448], [133.7869929, 34.0622483], [133.7843508, 34.0576147], [133.7831627, 34.0541229], [133.7803307, 34.0513522], [133.7770532, 34.049498], [133.7735656, 34.0476023], [133.7686743, 34.0449278], [133.7652226, 34.0427339], [133.7607903, 34.039948], [133.7553075, 34.0373502], [133.752856, 34.0362039], [133.7478162, 34.0338258], [133.7451683, 34.0325825], [133.7410043, 34.0306071], [133.7384124, 34.0297774], [133.7343926, 34.0293264], [133.7311033, 34.0285825], [133.7257658, 34.0273962], [133.7226603, 34.0255079], [133.7186028, 34.0217971], [133.7144781, 34.0183314], [133.7111411, 34.0172376], [133.7106196, 34.0170258], [133.7049346, 34.0154559], [133.7031846, 34.0136697], [133.699288, 34.0109454], [133.694435, 34.0080501], [133.6899439, 34.0056081], [133.6877907, 34.0044192], [133.6863327, 33.9991106], [133.6857252, 33.9939487], [133.6855809, 33.991136], [133.6813984, 33.9872641], [133.6801809, 33.9843798], [133.6771551, 33.9826139], [133.6747005, 33.9812501], [133.6717157, 33.9795884], [133.667944, 33.9779974], [133.6657302, 33.9770047], [133.6628276, 33.9756448], [133.6606138, 33.9759983], [133.6577604, 33.9765695], [133.6545993, 33.9753947], [133.6508237, 33.9737001], [133.6465764, 33.9731425], [133.6417716, 33.9726393], [133.6372947, 33.9719321], [133.615857, 33.9694282], [133.6140012, 33.9662889], [133.6121981, 33.963446], [133.6105021, 33.9615359], [133.6078242, 33.9600108], [133.6049654, 33.9586535], [133.602647, 33.9575527], [133.5963272, 33.9562496], [133.593435, 33.9556128], [133.5899716, 33.9553167], [133.5866332, 33.9529473], [133.5832412, 33.9526215], [133.5777783, 33.9521773], [133.5728741, 33.9515947], [133.5693051, 33.9489901], [133.5637812, 33.9482444], [133.5611302, 33.947637], [133.5564721, 33.9462861], [133.5529159, 33.945794], [133.5498489, 33.9453497], [133.545475, 33.9469047], [133.5407441, 33.9468899], [133.5356769, 33.9456214], [133.5337343, 33.9452051], [133.5280159, 33.9442721], [133.5219333, 33.9434749], [133.5190296, 33.9420973], [133.5152134, 33.9418762], [133.5119297, 33.9415883], [133.5090364, 33.9416476], [133.5036642, 33.9424431], [133.4989103, 33.9435581], [133.4930512, 33.944027], [133.4889346, 33.9447788], [133.4851324, 33.9449678], [133.4807494, 33.9472478], [133.476556, 33.9480251], [133.472808, 33.9486611], [133.4690499, 33.9479943], [133.464097, 33.9472555], [133.4618161, 33.9470573], [133.4548028, 33.9443765], [133.4524241, 33.9440702], [133.4464828, 33.9440612], [133.4432461, 33.9436107], [133.4364358, 33.9426555], [133.4322162, 33.9406784], [133.428979, 33.9384273], [133.4249055, 33.9358248], [133.4187773, 33.9362999], [133.4119962, 33.9379639], [133.4086044, 33.9393154], [133.4063835, 33.9403819], [133.4041626, 33.9415381], [133.4000144, 33.9433961], [133.3948043972222, 33.94401255555555]]}, "properties": {"kv": 500, "name": "四国中央東幹線", "region": "chugoku", "loading": 0.0, "xfmr": false, "npts_orig": 155}}, {"type": "Feature", "geometry": {"type": "LineString", "coordinates": [[133.8623396526316, 34.30214687894737], [133.8647604, 34.3069755], [133.8679898, 34.3104051], [133.8699532, 34.3121155], [133.8684404, 34.3138214], [133.8700712, 34.3173836], [133.8705915, 34.3189432], [133.8704467, 34.320166], [133.8697708, 34.3212648], [133.8667721, 34.3247337], [133.86050184, 34.32751648]]}, "properties": {"kv": 500, "name": "菰池二丁目変電所~福江町三丁目変電所線", "region": "chugoku", "loading": 0.0, "xfmr": false, "npts_orig": 11}}, {"type": "Feature", "geometry": {"type": "LineString", "coordinates": [[134.4082959, 34.00079834], [134.412164, 33.9960831], [134.4144813, 33.9941131], [134.4133296, 33.9895214], [134.4123718, 33.985674], [134.412141, 33.9814288], [134.4106372, 33.97807], [134.4075808, 33.9741283], [134.4052743, 33.9713145], [134.4036672, 33.9675091], [134.4019684, 33.9634936], [134.4005026, 33.9600456], [134.3996586, 33.9571862], [134.3995097, 33.9546889], [134.3994458, 33.9524897], [134.400551, 33.9498213], [134.4025953, 33.946656], [134.4042875, 33.9433124], [134.4064248, 33.9394345], [134.410451, 33.9358266], [134.4127736, 33.9336882], [134.4127908, 33.9296291], [134.4129565, 33.9260285], [134.4174301, 33.9215486], [134.4219941, 33.9188368], [134.4235861, 33.9127896], [134.4242373, 33.9108588], [134.4274828, 33.9068958], [134.4324678, 33.9013485], [134.433706, 33.8990521], [134.4359407, 33.8952333], [134.4371833, 33.8920719], [134.4378929, 33.8902768], [134.4397138, 33.8860063], [134.4422371, 33.8801321], [134.443809, 33.877994], [134.4447476, 33.8765769], [134.4471111, 33.873636], [134.4501933, 33.8702158], [134.4553709, 33.8668756], [134.457486, 33.8650139], [134.4606884, 33.860868], [134.4625708, 33.8574099], [134.4645417, 33.854036], [134.4663423, 33.8515036], [134.4702935, 33.8490192], [134.4718447, 33.846485], [134.4750752, 33.8431572], [134.4772277, 33.8400817], [134.4785827, 33.8377624], [134.4798778, 33.8330399], [134.4833218, 33.8303982], [134.487403, 33.8284205], [134.4944027, 33.8255898], [134.5003267, 33.8231571], [134.5069878, 33.8205652], [134.5110422, 33.8195703], [134.5166385, 33.8176181], [134.5214518, 33.8174881], [134.5259174, 33.8165235], [134.5307913, 33.8163857], [134.5357617, 33.8174678], [134.5385494, 33.818], [134.5432047, 33.818862], [134.5458842, 33.8190793], [134.5517371, 33.8183036], [134.557015, 33.817576], [134.5608618, 33.8173216], [134.5639558, 33.8171997], [134.5675602, 33.8171043], [134.5718726, 33.8166379], [134.5743415, 33.8163782], [134.5807974, 33.8164365], [134.5831387, 33.8178198], [134.5869089, 33.8186996], [134.5922293, 33.8201147], [134.5958719, 33.8202578], [134.5989596, 33.8193568], [134.603859, 33.8189487], [134.6093006, 33.8202101], [134.6121905, 33.8205069], [134.6170898, 33.8208143], [134.6223273, 33.8211535], [134.6259253, 33.8225156], [134.6308005, 33.8253319], [134.6342997, 33.8274433]]}, "properties": {"kv": 500, "name": "阿波変電所~鉢変電所線", "region": "chugoku", "loading": 0.0, "xfmr": false, "npts_orig": 86}}, {"type": "Feature", "geometry": {"type": "LineString", "coordinates": [[132.70949825333335, 34.489238873333335], [132.7165568, 34.4890466], [132.720073, 34.4897342], [132.7217165, 34.4948497], [132.7197889, 34.4997529], [132.7179855, 34.5019226], [132.7161503, 34.5041241], [132.7131786, 34.5073084], [132.7111554, 34.5095147], [132.7083706, 34.5125371], [132.7037775, 34.5162909], [132.6991568, 34.5200858], [132.6953323, 34.5212369], [132.6908487, 34.5225781], [132.6853505, 34.5235982], [132.6811313, 34.5244028], [132.6732768, 34.5242758], [132.6696789, 34.5242257], [132.6616796, 34.5258156], [132.6555306, 34.5268704], [132.652414, 34.5273824], [132.6489096, 34.5279829], [132.6447698, 34.5286796], [132.6411345, 34.5294803], [132.634878, 34.5308853], [132.6323782, 34.5323018], [132.6273646, 34.5339493], [132.6239199, 34.5350842], [132.6185775, 34.5366186], [132.6153049, 34.5375674], [132.609782, 34.5391686], [132.6041749, 34.5407967], [132.5996851, 34.5426548], [132.596741, 34.5438659], [132.591557, 34.5460312], [132.5885566, 34.5472608], [132.5824045, 34.5484446], [132.5792528, 34.5497219], [132.5760617, 34.5510267], [132.5707431, 34.5532314], [132.5664571, 34.5540793], [132.560145, 34.5553057], [132.5560803, 34.5591175], [132.5547577, 34.5621579], [132.5502906, 34.5659041], [132.5438586, 34.5649896], [132.5392769, 34.5643165], [132.532031, 34.5632908], [132.5262312, 34.5611842], [132.5222232, 34.5605855], [132.51659162727273, 34.560847190909094]]}, "properties": {"kv": 500, "name": "新西広島幹線", "region": "chugoku", "loading": 0.0, "xfmr": false, "npts_orig": 51}}, {"type": "Feature", "geometry": {"type": "LineString", "coordinates": [[132.70949825333335, 34.489238873333335], [132.7151938, 34.487907], [132.7204236, 34.4885001], [132.7263274, 34.4919367], [132.7294087, 34.4936582], [132.7779407, 34.5185898], [132.7813921, 34.5202056], [132.785794, 34.5213836], [132.7903705, 34.5220966], [132.7945452, 34.5247153], [132.7975936, 34.5267075], [132.8016747, 34.5296597], [132.8066497, 34.5326276], [132.8091678, 34.5340561], [132.8141732, 34.5362865], [132.8195883, 34.5399313], [132.8323449, 34.5484679], [132.8337266, 34.54939], [132.8370897, 34.5516148], [132.8403595, 34.5535979], [132.8445756, 34.5562141], [132.8474584, 34.557406], [132.8534302, 34.5598845], [132.8574695, 34.5629392], [132.8607033, 34.5653538], [132.8645062, 34.5682952], [132.8675227, 34.5709328], [132.870255, 34.5733215], [132.8746354, 34.5771844], [132.8776831, 34.5794596], [132.8811484, 34.5820712], [132.8857901, 34.5857348], [132.8892968, 34.59], [132.8919568, 34.5932932], [132.8951194, 34.5973715], [132.8965955, 34.599411], [132.8993579, 34.6029677], [132.9019914, 34.6064711], [132.9045925, 34.6113987], [132.9071391, 34.6161782], [132.9088072, 34.6185629], [132.9109268, 34.6214896], [132.9125485, 34.6236868], [132.9145045, 34.6263865], [132.9172948, 34.6291714], [132.9200547, 34.6308661], [132.9248569, 34.633517], [132.9284191, 34.6354612], [132.9323892, 34.6376599], [132.9365058, 34.639819], [132.9410494, 34.6421516], [132.9440463, 34.6436818], [132.9484619, 34.6459714], [132.9515861, 34.6476063], [132.9533578, 34.6494009], [132.9558417, 34.6519885], [132.9578654, 34.6541283], [132.9617893, 34.6581888], [132.965619, 34.662156], [132.9681698, 34.6643585], [132.9714258, 34.6672572], [132.9741998, 34.6696996], [132.9771511, 34.6723064], [132.9809942, 34.6757377], [132.9841618, 34.6785668], [132.9870607, 34.6814055], [132.989005, 34.683379], [132.990787, 34.6850856], [132.9962899, 34.687734], [132.9996988, 34.6901636], [133.0026516, 34.6920851], [133.0050676, 34.6934254], [133.0077617, 34.6949871], [133.01014, 34.6964633], [133.0130122, 34.6982758], [133.016617, 34.7002277], [133.0189449, 34.701629], [133.0221099, 34.7036126], [133.0271074, 34.7066688], [133.0296827, 34.708238], [133.0334443, 34.7098132], [133.0367681, 34.7120363], [133.0399026, 34.7141422], [133.0421963, 34.7153431], [133.0459468, 34.7177396], [133.0522918, 34.7217313], [133.0580928, 34.7244667], [133.0603993, 34.7253113], [133.0663235, 34.7280003], [133.0688885, 34.7291466], [133.0719086, 34.7306194], [133.0766626, 34.7327676], [133.0810875, 34.734834], [133.0829742, 34.7359139], [133.0880112, 34.7385336], [133.0920283, 34.7405966], [133.0952239, 34.7422307], [133.0999651, 34.7449262], [133.1036872, 34.7470453], [133.1070308, 34.7491323], [133.1127197, 34.7523433], [133.1195701, 34.7563364], [133.1228726, 34.7584376], [133.1285106, 34.7605795], [133.1335209, 34.7624613], [133.1376462, 34.7640963], [133.1415783, 34.7655351], [133.1465297, 34.7674455], [133.1500433, 34.7689922], [133.153903, 34.7707152], [133.1582898, 34.7726408], [133.1609854, 34.7737931], [133.1642805, 34.7749696], [133.1686686, 34.7764644], [133.1740062, 34.7787644], [133.1781153, 34.7805026], [133.1813809, 34.7818057], [133.1850877, 34.7833896], [133.1877699, 34.7845131], [133.1907954, 34.7857776], [133.1954732, 34.7872094], [133.1984585, 34.7881148], [133.2043567, 34.7899012], [133.2099598, 34.7915621], [133.2141722, 34.7932483], [133.2165835, 34.7942417], [133.2196895, 34.7944619], [133.2243392, 34.7947802], [133.2272493, 34.7949719], [133.2305485, 34.7952208], [133.2341748, 34.7954542], [133.2405853, 34.7959608], [133.2470763, 34.796441], [133.2506436, 34.796974], [133.2538462, 34.797463], [133.2595325, 34.7980488], [133.2646716, 34.7988682], [133.2710123, 34.7996875], [133.2766101, 34.8004738], [133.2808218, 34.8010137], [133.2835126, 34.801454], [133.2921289, 34.8027754], [133.2999467, 34.8039548], [133.3035667, 34.8042163], [133.3069768, 34.804366], [133.3117329, 34.8045749], [133.3174589, 34.8055136], [133.3218225, 34.8061085], [133.3241659, 34.8064902], [133.3295562, 34.8066398], [133.3344126, 34.8069235], [133.340293, 34.807264]]}, "properties": {"kv": 500, "name": "新広島幹線", "region": "chugoku", "loading": 0.0, "xfmr": false, "npts_orig": 152}}, {"type": "Feature", "geometry": {"type": "LineString", "coordinates": [[132.25757821666664, 34.412572383333334], [132.2538776, 34.4179644], [132.2524268, 34.421881], [132.2518025, 34.4259249], [132.2508511, 34.4306822], [132.2507352, 34.4352504], [132.2506906, 34.4399876], [132.2502119, 34.4438541], [132.2498909, 34.4460043], [132.2501882, 34.4489512], [132.2549509, 34.4506452], [132.2588514, 34.4518661], [132.2634952, 34.4533223], [132.2663879, 34.4542171], [132.2702528, 34.4554281], [132.2734993, 34.4564552], [132.2762344, 34.4577152], [132.2800696, 34.4594728], [132.2838928, 34.4611642], [132.2874693, 34.4627894], [132.2908704, 34.4643336], [132.2927196, 34.465194], [132.2946491, 34.4660837], [132.2975552, 34.4674134], [132.302138, 34.470089], [132.3051668, 34.4715147], [132.3085628, 34.4731034], [132.3136897, 34.4755226], [132.3164014, 34.4768299], [132.3201055, 34.4785807], [132.3241905, 34.4805154], [132.3295461, 34.4830839], [132.3311093, 34.4852456], [132.3330059, 34.4876877], [132.3359924, 34.4916819], [132.3381606, 34.493233], [132.3411184, 34.4961389], [132.3507741, 34.5047979], [132.3557352, 34.5084053], [132.359858, 34.5114429], [132.3643893, 34.5147929], [132.3684047, 34.5174448], [132.3725231, 34.5202598], [132.3749268, 34.5218165], [132.3770832, 34.5232264], [132.3805132, 34.5255881], [132.3859035, 34.5278197], [132.3878402, 34.5291809], [132.3910287, 34.5315168], [132.3947652, 34.5337853], [132.3974476, 34.5356668], [132.4050908, 34.5389369], [132.4077854, 34.5406218], [132.4117972, 34.5431284], [132.4162479, 34.5458587], [132.4182989, 34.5474849], [132.4206945, 34.5486414], [132.4262485, 34.5512827], [132.4315136, 34.5538217], [132.4371619, 34.5554341], [132.4419007, 34.5557241], [132.4469848, 34.5560027], [132.4526508, 34.5572184], [132.4574987, 34.558305], [132.4606555, 34.5586679], [132.4641934, 34.5590438], [132.4688737, 34.5595795], [132.4732117, 34.5595872], [132.4781679, 34.5595491], [132.4850876, 34.5595336], [132.4877955, 34.5595296], [132.4903876, 34.5595221], [132.4939275, 34.5595597], [132.4978844, 34.5594076], [132.5029612, 34.5592329], [132.5078376, 34.5590614], [132.5107296, 34.5586277], [132.51659162727273, 34.560847190909094]]}, "properties": {"kv": 500, "name": "新西広島幹線", "region": "chugoku", "loading": 0.0, "xfmr": false, "npts_orig": 78}}, {"type": "Feature", "geometry": {"type": "LineString", "coordinates": [[132.25757821666664, 34.412572383333334], [132.25221, 34.412664], [132.2486157, 34.4148052], [132.2456962, 34.4167893], [132.2420484, 34.4192737], [132.2386592, 34.4219591], [132.2342266, 34.425608], [132.2295743, 34.4269578], [132.2264204, 34.4278314], [132.2237031, 34.4286804], [132.2185064, 34.4309415], [132.2152269, 34.4324604], [132.2105222, 34.4326684], [132.2081551, 34.4327794], [132.2055904, 34.432925], [132.1978668, 34.4335042], [132.1951508, 34.4337192], [132.1910557, 34.4341422], [132.1865401, 34.4357755], [132.1834709, 34.4387437], [132.1788082, 34.4411536], [132.1763654, 34.4423915], [132.1724973, 34.4443367], [132.1687343, 34.4453526], [132.16519, 34.446209], [132.1601573, 34.447374], [132.1552346, 34.4485377], [132.1519075, 34.4486985], [132.1494459, 34.4504451], [132.1463641, 34.4527532], [132.1442026, 34.4544309], [132.1404216, 34.4571182], [132.1367622, 34.4598091], [132.1348874, 34.4605424], [132.1317647, 34.4618456], [132.126556, 34.4646207], [132.1238877, 34.4662719], [132.1212834, 34.4679759], [132.1167655, 34.4717949], [132.1141346, 34.4739133], [132.1128546, 34.4777655], [132.111495, 34.4820823], [132.109734, 34.4864767], [132.1077373, 34.4913317], [132.1068991, 34.4934782], [132.1060768, 34.4955182], [132.1050589, 34.4980412], [132.1033469, 34.5007919], [132.1010167, 34.5044211], [132.0994436, 34.5070117], [132.0982259, 34.5088891], [132.0971883, 34.5106164], [132.0951719, 34.5128535], [132.0927787, 34.5152688], [132.0885951, 34.516993], [132.0861452, 34.5179427], [132.0832212, 34.5193101], [132.0779131, 34.5226482], [132.0759572, 34.5240333], [132.0726151, 34.5264512], [132.0673584, 34.5297818], [132.0618065, 34.5317167], [132.059002, 34.5313916], [132.0526995, 34.5320182], [132.050143, 34.5332196], [132.0459966, 34.5343504], [132.043932, 34.534911], [132.040266, 34.5355329], [132.0355705, 34.5363385], [132.0304919, 34.5373467], [132.0258594, 34.5383643], [132.0203861, 34.5399002], [132.0166475, 34.5425666], [132.0146618, 34.5459309], [132.0134729, 34.5479828], [132.0119442, 34.5507607], [132.0082803, 34.5539582], [132.003476, 34.5583546], [132.0002731, 34.5599399], [131.9961562, 34.5630837], [131.9930471, 34.5653708], [131.9912628, 34.569049], [131.9889335, 34.5736783], [131.9874241, 34.5769353], [131.9856544, 34.5806708], [131.9853595, 34.582792], [131.9849171, 34.5860344], [131.9813344, 34.590298], [131.9802587, 34.5939614], [131.9802153, 34.5970677], [131.9801633, 34.6030658], [131.9805536, 34.6057576], [131.9809093, 34.6083209], [131.9811609, 34.6132115], [131.9809006, 34.6156817], [131.9805363, 34.6198295], [131.9793044, 34.6250764], [131.978116, 34.6278104], [131.9779425, 34.6301303], [131.977743, 34.6328569], [131.9775348, 34.6354764], [131.977422, 34.6387025], [131.9765979, 34.6411862], [131.9757478, 34.6438055], [131.9760861, 34.6465388], [131.9762596, 34.6502426], [131.9753921, 34.6545385], [131.9740649, 34.658877], [131.9728764, 34.6634079], [131.974195, 34.6686449], [131.9750972, 34.6713846], [131.9774654, 34.6748519], [131.9784977, 34.6789539], [131.9791874, 34.6824532], [131.9798857, 34.6856165], [131.9803888, 34.6880632], [131.9804872, 34.691312], [131.9805384, 34.6941207], [131.97935086, 34.69763578]]}, "properties": {"kv": 500, "name": "新西広島変電所~西島根変電所線", "region": "chugoku", "loading": 0.0, "xfmr": false, "npts_orig": 119}}, {"type": "Feature", "geometry": {"type": "LineString", "coordinates": [[132.25757821666664, 34.412572383333334], [132.2544825, 34.4151993], [132.2507068, 34.4178751], [132.2499879, 34.4192149], [132.2477832, 34.423407], [132.2460825, 34.4284408], [132.243773, 34.4320075], [132.2408265, 34.4345664], [132.2395501, 34.4358477], [132.2376329, 34.4387466], [132.2358473, 34.4416595], [132.2354373, 34.4453277], [132.2282445, 34.4444895], [132.2233283, 34.4441364], [132.2204517, 34.4439251], [132.2181565, 34.4437545], [132.2157523, 34.443583], [132.2121534, 34.4418215], [132.2074167, 34.4398572], [132.2015336, 34.4383549], [132.1952695, 34.4377159], [132.1906319, 34.436947], [132.1820898, 34.435661], [132.1775406, 34.4350784], [132.1739374, 34.4346276], [132.1713222, 34.4342808], [132.1687323, 34.4339479], [132.1624469, 34.4331025], [132.1586545, 34.4323673], [132.1539643, 34.4313652], [132.1491098, 34.4295908], [132.1451912, 34.4281682], [132.1392718, 34.426222], [132.1332559, 34.4244465], [132.1272628, 34.4226369], [132.1229665, 34.4211403], [132.1185682, 34.4196685], [132.1148501, 34.4179146], [132.109504, 34.4154277], [132.1073933, 34.4140678], [132.1054289, 34.4128349], [132.1033875, 34.4115638], [132.1014001, 34.4103055], [132.0995282, 34.4083464], [132.0979798, 34.4061633], [132.0929411, 34.4027811], [132.0901095, 34.3990153], [132.0831609, 34.3891463], [132.081298, 34.3862561], [132.0790404, 34.3827944], [132.0767556, 34.3792], [132.075537, 34.3763562], [132.0721613, 34.3719862], [132.0701583, 34.3693271], [132.0659143, 34.3667142], [132.0591535, 34.3626427], [132.0536423, 34.3573], [132.0519425, 34.3556004], [132.0495142, 34.3532383], [132.0434962, 34.3475377], [132.0395476, 34.3439288], [132.0377316, 34.342229], [132.0344376, 34.3391168], [132.0316925, 34.3365711], [132.0294437, 34.334505], [132.0254951, 34.3314186], [132.0231407, 34.3296662], [132.0191815, 34.3266582], [132.0159613, 34.3241906], [132.0141243, 34.3214091], [132.0111575, 34.3166656], [132.0052029, 34.3115467], [132.0005891, 34.3060438], [131.9974723, 34.3014888], [131.9945604, 34.2984898], [131.9924072, 34.2963704], [131.9893485, 34.2943448], [131.9820052, 34.2925689], [131.9770054, 34.2911976], [131.9741429, 34.2903103], [131.9705822, 34.2889327], [131.9649064, 34.2869661], [131.9603298, 34.2841542], [131.9579197, 34.2827073], [131.9544112, 34.280607], [131.95175, 34.2788774], [131.9456149, 34.2745287], [131.9416828, 34.2717305], [131.9380394, 34.2691787], [131.9325664, 34.2653274], [131.9296291, 34.2631333], [131.925653, 34.2602803], [131.9228161, 34.2578474], [131.9197407, 34.2555182], [131.9145408, 34.2516015], [131.9108409, 34.2494329], [131.9046273, 34.2460036], [131.9004536, 34.2437675], [131.8979054, 34.2405532], [131.8918644, 34.2360339], [131.8893413, 34.2340388], [131.8868716, 34.2322122], [131.8839092, 34.2302118], [131.8805101, 34.2288099], [131.8748294, 34.2262486], [131.8716438, 34.2247473], [131.8661614, 34.2221686], [131.8612062, 34.2210502], [131.8554822, 34.2197787], [131.8494852, 34.2173654], [131.8421011, 34.2144927], [131.8364398, 34.210857], [131.8339356, 34.2093647], [131.8309606, 34.2066994], [131.82627523846153, 34.200047161538464]]}, "properties": {"kv": 500, "name": "東山口幹線 (Higashi Yamaguchi Kansen)", "region": "chugoku", "loading": 0.0, "xfmr": false, "npts_orig": 115}}, {"type": "Feature", "geometry": {"type": "LineString", "coordinates": [[131.97935086, 34.69763578], [131.9749819, 34.6917029], [131.9729138, 34.6887608], [131.9711835, 34.6862244], [131.9688365, 34.68403], [131.967146, 34.6823354], [131.964865, 34.6801092], [131.9612633, 34.6780904], [131.9590371, 34.6759381], [131.9539936, 34.6749037], [131.9492517, 34.6725595], [131.9444652, 34.6700244], [131.9401159, 34.667757], [131.9368417, 34.6663518], [131.9339867, 34.6651668], [131.9311283, 34.6639744], [131.9253076, 34.6615198], [131.9224064, 34.6600153], [131.9207248, 34.6591266], [131.9153493, 34.6563314], [131.9109019, 34.6541114], [131.9081406, 34.6531389], [131.9059504, 34.6525151], [131.9035906, 34.6517151], [131.8982956, 34.6500051], [131.892211, 34.6479868], [131.8901189, 34.64675], [131.8880758, 34.6454686], [131.8843545, 34.6430503], [131.8788686, 34.6401992], [131.8742606, 34.6382503], [131.8722933, 34.6374649], [131.8684659, 34.6335377], [131.8657671, 34.6311152], [131.8635055, 34.629056], [131.8592945, 34.6256753], [131.8565332, 34.6233994], [131.8540565, 34.6215407], [131.85013, 34.6184008], [131.8482112, 34.6166808], [131.8459351, 34.6147621], [131.841473, 34.6119231], [131.8387523, 34.6092912], [131.8367717, 34.6073489], [131.8343278, 34.603653], [131.832128, 34.5989567], [131.8293486, 34.5957674], [131.8284478, 34.5935024], [131.8274218, 34.5907262], [131.825807, 34.587814], [131.8244999, 34.5854746], [131.8225595, 34.5819893], [131.8208306, 34.5788329], [131.8202984, 34.5751979], [131.817627, 34.5719326], [131.8135443, 34.5678489], [131.8110568, 34.5654039], [131.8088487, 34.5624761], [131.8076621, 34.5606503], [131.8057528, 34.5578289], [131.8015106, 34.5527774], [131.7996281, 34.5506171], [131.7961442, 34.5464837], [131.793655, 34.543919], [131.7921785, 34.5423794], [131.7887169, 34.538411], [131.7856255, 34.5348649], [131.7835331, 34.5323895], [131.7807852, 34.5291261], [131.7782864, 34.5268365], [131.7760567, 34.5249145], [131.7734561, 34.5224778], [131.7694901, 34.5187843], [131.7674335, 34.5168403], [131.7635538, 34.5132432], [131.7612133, 34.5109455], [131.7559772, 34.5078732], [131.7515864, 34.5052843], [131.7498074, 34.5042601], [131.7456199, 34.5017266], [131.7409817, 34.4991808], [131.737165, 34.4970231], [131.7334407, 34.4948255], [131.7291995, 34.4915766], [131.7257212, 34.489593], [131.7237116, 34.4884469], [131.7209629, 34.4868542], [131.7173529, 34.4848001], [131.7150559, 34.483571], [131.7124995, 34.4813376], [131.7081469, 34.4791214], [131.7027476, 34.476376], [131.7003687, 34.4752251], [131.6966651, 34.473322], [131.6924967, 34.4704476], [131.6897072, 34.4685368], [131.6847045, 34.4655826], [131.679971, 34.4629197], [131.6774181, 34.4615516], [131.6711095, 34.4591172], [131.6681114, 34.4583039], [131.6627754, 34.4568616], [131.6603639, 34.4562391], [131.6559493, 34.4546032], [131.6510254, 34.452529], [131.6463615, 34.45044], [131.6416516, 34.4483488], [131.6373286, 34.4460473], [131.6333532, 34.444187], [131.6280626, 34.4417299], [131.6256072, 34.4405723], [131.6216292, 34.4384503], [131.6170082, 34.4366448], [131.6137331, 34.4346656], [131.6105079, 34.4327201], [131.6054901, 34.4299899], [131.6003304, 34.4272867], [131.5973047, 34.4256181], [131.5940675, 34.4233644], [131.5865161, 34.4201941], [131.583123, 34.4185976], [131.579749, 34.4169064], [131.5766046, 34.4162744], [131.5716082, 34.4152082], [131.5693778, 34.4147372], [131.5665139, 34.4141484], [131.5608665, 34.4130922], [131.554153, 34.4121722], [131.5508832, 34.411414], [131.5480149, 34.41077], [131.5446112, 34.4099861], [131.5412968, 34.409055], [131.5377865, 34.407934], [131.5324428, 34.4063046], [131.5293726, 34.405353], [131.5247735, 34.4034428], [131.5217119, 34.4022186], [131.5182611, 34.4007924], [131.5144255, 34.399007], [131.5088109, 34.3964615], [131.5041898, 34.3940175], [131.5017047, 34.3927451], [131.4958533, 34.3904512], [131.4905856, 34.3882178], [131.4860311, 34.3872813], [131.4801638, 34.3862499], [131.4765806, 34.3845111], [131.4741202, 34.3833188], [131.4691364, 34.3808978], [131.4650169, 34.3786486], [131.4614084, 34.3766545], [131.4572466, 34.374415], [131.4551819, 34.3711612], [131.4530754, 34.3679586], [131.4518902, 34.3660401], [131.4494195, 34.3629703], [131.4450549, 34.3590259], [131.442395, 34.3572954], [131.435806, 34.3561085], [131.4299458, 34.3555312], [131.4269791, 34.3549167], [131.4235712, 34.3541637], [131.416781, 34.3533824], [131.4120146, 34.3529551], [131.4073758, 34.3520107], [131.4019645, 34.3509501], [131.3959052, 34.3494109], [131.3908195, 34.3479007], [131.3875311, 34.3470415], [131.3831591, 34.3450483], [131.3804534, 34.3442713], [131.3769096, 34.3433342], [131.3722801, 34.342125], [131.364727, 34.3401407], [131.361267, 34.3392659], [131.3579222, 34.3373301], [131.352303, 34.3361298], [131.3503611, 34.3352992], [131.3464558, 34.33374], [131.3420167, 34.3319237], [131.3379907, 34.33036], [131.3346433, 34.3286588], [131.3315051, 34.327033], [131.3279044, 34.3252168], [131.3250304, 34.3237671], [131.3210872, 34.3224103], [131.3174537, 34.3210963], [131.3151497, 34.3202997], [131.311604, 34.3188303], [131.308299, 34.3178589], [131.3044633, 34.3168117], [131.3008468, 34.3147573], [131.2976162, 34.3137528], [131.2934195, 34.3124101], [131.2892567, 34.3132228], [131.2861926, 34.3139137], [131.2830543, 34.3154179], [131.2808139, 34.3165007], [131.2747432, 34.3193511], [131.2707824, 34.3204309], [131.2670056, 34.3195114], [131.2626169, 34.3153526], [131.2597024, 34.3129162], [131.2577249, 34.3111956], [131.2531639, 34.3073507], [131.2504047, 34.3036736], [131.2474696, 34.3022627], [131.2429288, 34.3002087], [131.2407534, 34.2992563], [131.2346556, 34.2984686], [131.2298154, 34.297886], [131.2228076, 34.2970667], [131.2196054, 34.2965463], [131.2144597, 34.2956582], [131.2098335, 34.2948271], [131.2066139, 34.294302], [131.2007856, 34.2905941], [131.1975579, 34.2885108], [131.1937732, 34.2847537], [131.1924296, 34.2833881], [131.1889962, 34.2796979], [131.1874431, 34.2779555], [131.1830518, 34.2740094], [131.1796941, 34.2721139], [131.175756, 34.2699467], [131.1722135, 34.2678855], [131.1679456, 34.2650234], [131.1620158, 34.2611817], [131.158962, 34.2588894], [131.1560013, 34.2564117], [131.1536721, 34.2542974], [131.1513076, 34.2522631], [131.1491797, 34.2485626], [131.1469808, 34.2464065], [131.1436864, 34.2430702], [131.1412904, 34.2406382], [131.1380366, 34.2373277], [131.134597, 34.2349464], [131.1318623, 34.2328735], [131.1296609, 34.2310378], [131.1267135, 34.2287525], [131.1230679, 34.2256153], [131.1191073, 34.222169], [131.1149486, 34.2184014], [131.1123982, 34.2162329], [131.1097614, 34.2134805], [131.1082049, 34.2116863], [131.1056519, 34.2084763], [131.1032206, 34.2055519], [131.1023197, 34.2038954], [131.1003868, 34.2005192], [131.0987735, 34.1976478], [131.0966453, 34.1943335], [131.0948127, 34.1905238], [131.0936265, 34.1880531], [131.0927931, 34.1854068], [131.0915917, 34.1819953], [131.090726, 34.1795768], [131.0907247, 34.1763133], [131.0907943, 34.1734998], [131.0924806, 34.1701005], [131.094211, 34.1666184], [131.09300737647058, 34.16307129705882]]}, "properties": {"kv": 500, "name": "新山口変電所~西島根変電所線", "region": "chugoku", "loading": 0.0, "xfmr": false, "npts_orig": 263}}, {"type": "Feature", "geometry": {"type": "LineString", "coordinates": [[131.97935086, 34.69763578], [131.9863669, 34.6987752], [131.9922891, 34.7009751], [131.9940943, 34.7019658], [131.9977834, 34.7039473], [132.0000707, 34.7052251], [132.0030318, 34.7068103], [132.0062585, 34.7085409], [132.0099526, 34.7105142], [132.0124612, 34.7118525], [132.015137, 34.7132556], [132.0177932, 34.714699], [132.0208182, 34.7166964], [132.0231276, 34.7182534], [132.0262757, 34.7225732], [132.0281399, 34.7266078], [132.0314994, 34.7301249], [132.0341064, 34.7328697], [132.0379323, 34.7368992], [132.0405821, 34.7401747], [132.0438019, 34.7441248], [132.0477185, 34.746722], [132.0513552, 34.7491221], [132.0557383, 34.7519943], [132.0589399, 34.752858], [132.0616772, 34.7535982], [132.0670301, 34.754324], [132.0699899, 34.7550613], [132.0767966, 34.7568273], [132.0827721, 34.7587161], [132.085836, 34.7597189], [132.0913057, 34.76144], [132.097366, 34.7627072], [132.1017484, 34.763433], [132.1040301, 34.7637816], [132.1092577, 34.7634987], [132.1129549, 34.7642759], [132.1168331, 34.7659131], [132.120652, 34.7674674], [132.1256953, 34.770736], [132.1295769, 34.7732245], [132.1320951, 34.7748672], [132.1344811, 34.7764128], [132.139827, 34.778344], [132.1421464, 34.7791667], [132.1446813, 34.7801241], [132.1476424, 34.7811543], [132.1533384, 34.7836066], [132.1575091, 34.7856544], [132.160427, 34.7870911], [132.1648021, 34.789237], [132.1699188, 34.7917875], [132.1751037, 34.7943288], [132.1792749, 34.7969705], [132.1817835, 34.7985619], [132.184843, 34.7996727], [132.1908538, 34.8011348], [132.1935001, 34.8023102], [132.1990731, 34.8048143], [132.2032689, 34.806765], [132.2062989, 34.8086551], [132.2113456, 34.8120193], [132.2136476, 34.8135337], [132.2166923, 34.81483], [132.2204306, 34.8163888], [132.2255842, 34.8177156], [132.229984, 34.8192803], [132.2344951, 34.8208508], [132.2407071, 34.8230391], [132.2439181, 34.8242622], [132.2572755, 34.8293735], [132.2617369, 34.8313527], [132.2646768, 34.8330378], [132.2667406, 34.8342086], [132.2712905, 34.8366149], [132.2735581, 34.8378584], [132.2784269, 34.8395289], [132.2835845, 34.8413468], [132.2898906, 34.842426], [132.2958402, 34.8434984], [132.3027332, 34.8448908], [132.3048574, 34.8456795], [132.3103377, 34.8476439], [132.3143792, 34.8490518], [132.3174101, 34.850236], [132.3200762, 34.8511165], [132.3234236, 34.8522875], [132.3287183, 34.8542508], [132.3346728, 34.8556111], [132.338106, 34.856738], [132.340284, 34.8580233], [132.3423868, 34.8592162], [132.3463619, 34.8624735], [132.3489046, 34.8647711], [132.3523244, 34.8673328], [132.3574769, 34.8717869], [132.3609638, 34.8749997], [132.362777, 34.8761439], [132.3659634, 34.8780099], [132.3698366, 34.8819309], [132.3721111, 34.8842236], [132.3740637, 34.8879375], [132.3762685, 34.8895216], [132.3789936, 34.8916557], [132.3867119, 34.8969102], [132.3908197, 34.8999784], [132.3937275, 34.9020769], [132.3993154, 34.9052852], [132.4022536, 34.9070587], [132.4056226, 34.9090318], [132.4093391, 34.911153], [132.4123559, 34.9128884], [132.4145926, 34.91413], [132.4194332, 34.9148026], [132.4227196, 34.9142194], [132.4276462, 34.9145063], [132.4319591, 34.915588], [132.4362319, 34.9166461], [132.4412334, 34.9179456], [132.4447431, 34.9176452], [132.4504521, 34.9171231], [132.4532369, 34.9168728], [132.4560185, 34.9166047], [132.4615015, 34.9171832], [132.4659406, 34.917597], [132.4696743, 34.9189044], [132.4725993, 34.9198778], [132.478197, 34.922121], [132.4810531, 34.9233389], [132.4843567, 34.9247685], [132.4879814, 34.926325], [132.491847, 34.9279473], [132.4957585, 34.9326776], [132.501878, 34.9350614], [132.507425, 34.9372104], [132.5119157, 34.9389735], [132.5165957, 34.9404356], [132.5235469, 34.9425607], [132.5294715, 34.9444271], [132.5323048, 34.9452875], [132.5377189, 34.9480282], [132.5432191, 34.9507689], [132.5469069, 34.9525834], [132.5526364, 34.9547035], [132.5593066, 34.9564756], [132.5621712, 34.9573196], [132.5658596, 34.9584002], [132.5732971, 34.958537], [132.576359, 34.9585831], [132.5828799, 34.9584615], [132.5878114, 34.958395], [132.5916641, 34.9593955], [132.5957641, 34.9605056], [132.5989112, 34.9614229], [132.6029991, 34.9626626], [132.607087, 34.9638957], [132.6099137, 34.9653613], [132.6150155, 34.9680433], [132.6183369, 34.9699775], [132.6206607, 34.9719182], [132.6239984, 34.9745302], [132.6306453, 34.9780327], [132.6357391, 34.9825493], [132.6380931, 34.9846854], [132.6430091, 34.9871351], [132.648854, 34.9884168], [132.6556918, 34.989732], [132.6608243, 34.9925899], [132.6650825, 34.994601], [132.6682748, 34.9959431], [132.6724065, 34.9994177], [132.6745655, 35.0011683], [132.678679, 35.0046198], [132.6819963, 35.0072905], [132.6856463, 35.0098947], [132.6887, 35.0122697], [132.6914659, 35.0141164], [132.694754, 35.0163077], [132.6979673, 35.0185066], [132.7014595, 35.0205593], [132.7040076, 35.0220453], [132.7078164, 35.0242725], [132.7099138, 35.0255597], [132.7128643, 35.0282437], [132.7147606, 35.0309034], [132.7167223, 35.0337547], [132.7190615, 35.0370548], [132.7206142, 35.0393397], [132.7222019, 35.0416189], [132.7240134, 35.0442701], [132.7253772, 35.0483986], [132.7278064, 35.0501726], [132.7308833, 35.0521336], [132.7330654, 35.0538297], [132.7355268, 35.0557263], [132.7390688, 35.0585016], [132.7425452, 35.0612615], [132.745927, 35.0636466], [132.7478374, 35.0650107], [132.750763, 35.067174], [132.7534202, 35.0695717], [132.7569095, 35.0728175], [132.75925, 35.0750459], [132.7628823, 35.0784876], [132.766248, 35.0818772], [132.7713067, 35.0822072], [132.7736584, 35.0826206], [132.7770874, 35.0832547], [132.7803251, 35.0838042], [132.783813, 35.0846363], [132.7879256, 35.0856473], [132.7940968, 35.0871492], [132.7972627, 35.0878875], [132.8035627, 35.090414], [132.8083395, 35.091912], [132.8113911, 35.0928962], [132.8151647, 35.094092], [132.8181416, 35.0960377], [132.8204537, 35.097552], [132.823778, 35.0996887], [132.8287196, 35.1040011], [132.8330563, 35.1076567], [132.8365902, 35.1114689], [132.8384112, 35.1133847], [132.8406813, 35.1157855], [132.8449221, 35.1189359], [132.8482345, 35.1214199], [132.8526969, 35.1241439], [132.8557757, 35.1259418], [132.8582255, 35.1274213], [132.862646, 35.1294984], [132.8663513, 35.1316417], [132.8688163, 35.1335698], [132.8739079, 35.1355629], [132.878069, 35.1368936], [132.8798331, 35.1375085], [132.8844319, 35.1390398], [132.8867648, 35.1398426], [132.8922834, 35.1418204], [132.8992694, 35.144241], [132.9019493, 35.1451785], [132.9059806, 35.1467708], [132.9091054, 35.1482929], [132.9126996, 35.1502316], [132.9149526, 35.1514553], [132.9200327, 35.154337], [132.9259872, 35.1574948], [132.928707, 35.1589596], [132.931416, 35.1603894], [132.9371506, 35.163354], [132.9418766, 35.1659195], [132.9441994, 35.1671781], [132.9473001, 35.1688269], [132.9506367, 35.1705064], [132.9538286, 35.1721026], [132.9582756, 35.1744003], [132.960864, 35.1759218], [132.9638309, 35.1775237], [132.9669974, 35.1792804], [132.9704242, 35.1808353], [132.9741789, 35.184664], [132.9766012, 35.1886432], [132.9785999, 35.1918621], [132.9835549, 35.195712], [132.9845995, 35.197247], [132.9864727, 35.2001079], [132.9891092, 35.2038035], [132.9922778, 35.2067526], [132.9968479, 35.2094771], [133.0001839, 35.2102696], [133.0031598, 35.2109527], [133.0050296, 35.2122591], [133.0089352, 35.2150789], [133.0128869, 35.2175162], [133.016017, 35.218906], [133.019615, 35.2204928], [133.022177, 35.2215668], [133.0264925, 35.2235961], [133.0281351, 35.2244267], [133.0333009, 35.2268853], [133.0371139, 35.2285864], [133.0415927, 35.2305988], [133.0475289, 35.2330752], [133.0494624, 35.2339459], [133.0539073, 35.235824], [133.0579698, 35.2375068], [133.0603237, 35.2385086], [133.0650767, 35.2403686], [133.0682781, 35.2412176], [133.0709852, 35.2419071], [133.0771206, 35.2436398], [133.0815097, 35.2448247], [133.0845276, 35.2455134], [133.0875502, 35.24622], [133.0925237, 35.2475387], [133.0973188, 35.2487953], [133.1015236, 35.2488617], [133.1080897, 35.2490738], [133.1127581, 35.2494076], [133.1152306, 35.2495875], [133.1185722, 35.2497872], [133.1209609, 35.2499837], [133.1245467, 35.2501002], [133.1270868, 35.2497417], [133.130958, 35.2492068], [133.1347025, 35.2492873], [133.1387709, 35.2493353], [133.1439474, 35.2481121], [133.1466143, 35.2492222], [133.1503564, 35.2508882], [133.1545422, 35.2520653], [133.1587961, 35.2529989], [133.161632, 35.2535223], [133.1671325, 35.2538904], [133.1719804, 35.2541818], [133.1756591, 35.2544118], [133.1810412, 35.2557381], [133.1858595, 35.2562296], [133.1909397, 35.256914], [133.1945316, 35.2572859], [133.1978013, 35.2577925], [133.2038404, 35.2585814], [133.2069347, 35.2593568], [133.2120243, 35.2608586], [133.2161113, 35.2620135], [133.218691, 35.2628565], [133.2236777, 35.26438], [133.2266225, 35.2649276], [133.2293682, 35.2654833], [133.2355734, 35.2651689], [133.2391258, 35.2655375], [133.2422334, 35.2657761], [133.2483157, 35.265917], [133.2508555, 35.2660499], [133.2579969, 35.2659143], [133.2606961, 35.2660526], [133.2638601, 35.2660146], [133.2700221, 35.265852], [133.2730001, 35.2662288], [133.2761641, 35.2666056], [133.2793281, 35.2668739], [133.2835612, 35.26737], [133.2891289, 35.2683323], [133.2937072, 35.2683811], [133.2994011, 35.2693054], [133.301828, 35.2697093], [133.3091122, 35.2702677], [133.3134282, 35.2706878], [133.3186208, 35.2708938], [133.3223392, 35.2712462], [133.3263465, 35.2715444], [133.33047, 35.2712733], [133.333883, 35.2711296], [133.3385808, 35.2706932], [133.3410044, 35.2708071], [133.344112, 35.2709399], [133.3470668, 35.2710646], [133.3544904, 35.2716067], [133.3567547, 35.2720458], [133.3613629, 35.2729728], [133.3645999, 35.2736233], [133.3685906, 35.2742061], [133.3735574, 35.2742494], [133.3782547, 35.2742629], [133.3852182, 35.2736675], [133.3898499, 35.2735753], [133.3947658, 35.275787], [133.3965265, 35.2770366], [133.3987004, 35.2785851], [133.4022688, 35.2818738], [133.4026491, 35.2872223], [133.4030824, 35.2892556], [133.4035243, 35.29146], [133.40582379999998, 35.296155713333334]]}, "properties": {"kv": 500, "name": "西島根変電所~日野変電所線", "region": "chugoku", "loading": 0.0, "xfmr": false, "npts_orig": 374}}, {"type": "Feature", "geometry": {"type": "LineString", "coordinates": [[131.82627523846153, 34.200047161538464], [131.8227994, 34.2053547], [131.8196126, 34.2081971], [131.8164094, 34.208733], [131.8103382, 34.2095883], [131.8077045, 34.2117269], [131.8029902, 34.2136664], [131.7985061, 34.2154902], [131.7945288, 34.217068], [131.7887494, 34.2189588], [131.7854003, 34.2201032], [131.7804237, 34.2218943], [131.7746325, 34.2227523], [131.7699733, 34.2235153], [131.7673074, 34.2241698], [131.7625254, 34.2249571], [131.7597, 34.2255548], [131.7544945, 34.2264472], [131.7490208, 34.2275182], [131.7458448, 34.2280727], [131.7417408, 34.2288586], [131.7377709, 34.2295204], [131.735036, 34.2301157], [131.7276638, 34.2314585], [131.7246756, 34.2320553], [131.7215396, 34.2325139], [131.7179381, 34.2336471], [131.7150573, 34.2345262], [131.7095493, 34.2370997], [131.703222, 34.2393961], [131.7003779, 34.2404614], [131.6962435, 34.2417885], [131.694199, 34.2424046], [131.6886423, 34.2443225], [131.6839952, 34.2466057], [131.6765171, 34.2483455], [131.6742648, 34.248865], [131.6687455, 34.2498247], [131.6646365, 34.2518118], [131.6610199, 34.2535713], [131.6572543, 34.2544129], [131.6546411, 34.2549799], [131.6515455, 34.256062], [131.6459765, 34.2580349], [131.6418311, 34.258825], [131.6378579, 34.2598581], [131.6328728, 34.2614905], [131.6308021, 34.2625723], [131.6275513, 34.2630955], [131.6213179, 34.2638935], [131.6166723, 34.2635565], [131.6104603, 34.2646738], [131.6049671, 34.2655693], [131.6011584, 34.2657821], [131.5953219, 34.266252], [131.5893674, 34.2654984], [131.5865725, 34.2659772], [131.5840727, 34.2656934], [131.5784454, 34.2650728], [131.5740466, 34.2646826], [131.5691972, 34.2652501], [131.5643585, 34.2662166], [131.5564406, 34.2677859], [131.5521001, 34.2677844], [131.5498323, 34.2678834], [131.5459468, 34.2680875], [131.543621, 34.2681383], [131.5387352, 34.2712884], [131.5336178, 34.2745634], [131.530298, 34.2766346], [131.526309, 34.2788402], [131.5241309, 34.2796287], [131.5187736, 34.2824987], [131.5127501, 34.2836895], [131.5052271, 34.2851694], [131.5014006, 34.2859062], [131.4946002, 34.2872056], [131.4902962, 34.2881036], [131.4864905, 34.2888424], [131.4802571, 34.2902301], [131.4766907, 34.2910771], [131.4701401, 34.2931158], [131.4675925, 34.2936545], [131.463921, 34.2944605], [131.4595378, 34.2953521], [131.4555908, 34.2961737], [131.4510029, 34.2964641], [131.4472771, 34.2967254], [131.4441344, 34.2969355], [131.4386802, 34.2967972], [131.4362033, 34.2967425], [131.4310364, 34.2971337], [131.4251707, 34.2976], [131.4205828, 34.2975948], [131.4165345, 34.2976273], [131.4109335, 34.2980287], [131.406167, 34.2983463], [131.401284, 34.2986769], [131.3952592, 34.2992834], [131.3871337, 34.300113], [131.3844148, 34.3007564], [131.3800523, 34.3009084], [131.3746635, 34.3033206], [131.3717222, 34.3046269], [131.3663578, 34.3072502], [131.3617544, 34.30972], [131.3551438, 34.3097061], [131.3503289, 34.3097494], [131.3449637, 34.3097543], [131.3372473, 34.3089138], [131.3346332, 34.3083993], [131.3301479, 34.3075274], [131.3243145, 34.3064067], [131.3184929, 34.3061821], [131.3152573, 34.306008], [131.3092917, 34.3054273], [131.3061027, 34.3042727], [131.3012976, 34.3026279], [131.2980945, 34.3015374], [131.2941816, 34.3001469], [131.2922134, 34.2994243], [131.2885249, 34.2980737], [131.2826228, 34.2962449], [131.2770383, 34.293911], [131.2734986, 34.2926826], [131.2685675, 34.291208], [131.2665833, 34.2906792], [131.2624896, 34.2894694], [131.2571771, 34.2877176], [131.252232, 34.2849764], [131.2483728, 34.2827705], [131.2440927, 34.2814526], [131.2390329, 34.2799013], [131.2336188, 34.2779774], [131.2315919, 34.2772964], [131.2285622, 34.2762055], [131.2238015, 34.2744534], [131.2202117, 34.2736005], [131.2125013, 34.2715751], [131.2096076, 34.2704246], [131.2075382, 34.2695737], [131.2052875, 34.2685217], [131.1996357, 34.2660324], [131.1952565, 34.2646131], [131.1908791, 34.2627968], [131.1876504, 34.2625119], [131.1829644, 34.2622496], [131.1796542, 34.2620049], [131.1758044, 34.2597411], [131.1733661, 34.2582313], [131.170577, 34.2539312], [131.1690038, 34.251457], [131.1678881, 34.2489734], [131.1660424, 34.2450123], [131.1639076, 34.2432968], [131.1608331, 34.240889], [131.1554935, 34.236265], [131.1513797, 34.2328864], [131.1462412, 34.2294408], [131.1413778, 34.2256722], [131.138144, 34.2231786], [131.1350742, 34.220744], [131.1324712, 34.2191297], [131.1279542, 34.2161833], [131.12323, 34.2125729], [131.1203469, 34.2102372], [131.1181413, 34.2076479], [131.1147755, 34.2036511], [131.1093182, 34.1987354], [131.1071156, 34.1968413], [131.105125, 34.1955081], [131.101741, 34.1927838], [131.0984578, 34.190238], [131.0978311, 34.1849829], [131.0973699, 34.1807948], [131.09885, 34.1775502], [131.1000927, 34.1736222], [131.0990596, 34.1697417], [131.0952147, 34.1661771], [131.09300737647058, 34.16307129705882]]}, "properties": {"kv": 500, "name": "東山口変電所 (Higashi Yamaguchi Hendensho)~新山口変電所線", "region": "chugoku", "loading": 0.0, "xfmr": false, "npts_orig": 180}}, {"type": "Feature", "geometry": {"type": "LineString", "coordinates": [[133.11544375454545, 35.47027760454545], [133.1196006888889, 35.46812628888889]]}, "properties": {"kv": 500, "name": "北松江幹線", "region": "chugoku", "loading": 0.0, "xfmr": false, "npts_orig": 2}}, {"type": "Feature", "geometry": {"type": "LineString", "coordinates": [[133.11544375454545, 35.47027760454545], [133.1148943, 35.4772134], [133.1137414, 35.4796942], [133.1131422, 35.4815593], [133.1120558, 35.4853828], [133.1140262, 35.4885506], [133.1150562, 35.4900357], [133.1147075, 35.494233], [133.1141174, 35.4964561], [133.1112152, 35.4974999], [133.1074655, 35.4976091], [133.1045258, 35.4966788], [133.1011891, 35.4967312], [133.0993277, 35.4987882], [133.0949074, 35.5008845], [133.0923358, 35.50068], [133.0913354, 35.5019453], [133.0902408, 35.5033883], [133.0883963, 35.5060777], [133.0879209, 35.5074404], [133.0862046, 35.5094767], [133.0842949, 35.5127315], [133.0814914, 35.5142864], [133.0783883, 35.5160835], [133.0746688, 35.5184827], [133.0705729, 35.521286], [133.0656714, 35.5221093], [133.0639296, 35.5224006], [133.0618785, 35.5227329], [133.0551684, 35.5236529], [133.0503596, 35.5233804], [133.0450645, 35.5230087], [133.0408586, 35.522735], [133.0364942, 35.5248045], [133.0333292, 35.5272712], [133.0308562, 35.5282448], [133.0274284, 35.5296069], [133.0237967, 35.5293755], [133.0201971, 35.5291179], [133.0161524, 35.5288647], [133.0110025, 35.5305673], [133.0073279, 35.5309602], [133.0032563, 35.5312745], [133.0004346, 35.5315059], [132.9972428, 35.532964], [132.9929793, 35.5359281], [132.9922056, 35.5378968], [132.9916664, 35.5393842]]}, "properties": {"kv": 500, "name": "島根原子力幹線", "region": "chugoku", "loading": 0.0, "xfmr": false, "npts_orig": 48}}, {"type": "Feature", "geometry": {"type": "LineString", "coordinates": [[132.92878036, 33.792162755999996], [132.9339884, 33.786243], [132.9373832, 33.7855749], [132.9414179, 33.7849352], [132.9449214, 33.7843261], [132.9490775, 33.7845529], [132.9516505, 33.7858526], [132.9530796, 33.7866994], [132.9572812, 33.7916251], [132.9615756, 33.7925727], [132.9651469, 33.7937788], [132.9696858, 33.79526], [132.971924, 33.7964759], [132.974128, 33.7978333], [132.9802706, 33.8009628], [132.9839521, 33.8036869], [132.9888931, 33.8068337], [132.9940688, 33.8079819], [132.9963541, 33.8081873], [132.9993245, 33.8085656], [133.0024553, 33.8092322], [133.007221, 33.8093439], [133.0123465, 33.8093691], [133.0168867, 33.8094772], [133.0223679, 33.8095997], [133.0253296, 33.8096033], [133.030685, 33.8094772], [133.0367515, 33.8115777], [133.0402987, 33.8139953], [133.0448475, 33.8152346], [133.0479783, 33.8160381], [133.0544092, 33.8173278], [133.0605114, 33.8188321], [133.0650469, 33.8193107], [133.0680185, 33.8198695], [133.0738865, 33.8218617], [133.0781875, 33.8256625], [133.0805078, 33.8299916], [133.0846793, 33.831699], [133.0873288, 33.8322177], [133.0904163, 33.8338566], [133.0927363, 33.8351029], [133.0968948, 33.8400375], [133.099037, 33.8425875], [133.1017602, 33.84459], [133.1052943, 33.8472659], [133.107172, 33.8500065], [133.1101349, 33.8525653], [133.115755, 33.856094], [133.1205279, 33.8587712], [133.1256424, 33.8616128], [133.1290385, 33.8660926], [133.1325409, 33.8707617], [133.1356799, 33.8721791], [133.1414288, 33.8727952], [133.1447897, 33.8725938], [133.1474332, 33.8724974], [133.150534, 33.8723806], [133.155169, 33.8723135], [133.1591333, 33.8724013], [133.1647902, 33.8731816], [133.1684669, 33.8757717], [133.172194, 33.8775146], [133.1769715, 33.8776217], [133.1829501, 33.8794398], [133.1885915, 33.8806564], [133.193976, 33.8808524], [133.1991626, 33.8806881], [133.2020047, 33.8801312], [133.2083259, 33.8812939], [133.2148972, 33.8794234], [133.2190334, 33.8791423], [133.2252609, 33.8785565], [133.2287834, 33.8783132], [133.2328771, 33.8794378], [133.2359898, 33.8805966], [133.238587, 33.8815483], [133.2436926, 33.8832971], [133.2492804, 33.8838695], [133.2550204, 33.8844524], [133.2607944, 33.8852179], [133.2675665, 33.8854778], [133.2718642, 33.8850915], [133.2749563, 33.8850739], [133.2777565, 33.8852003], [133.2829298, 33.8850599], [133.2859923, 33.8869807], [133.288636, 33.8883396], [133.2909964, 33.8897055], [133.2952179, 33.890615], [133.300408, 33.8908011], [133.3044984, 33.8932554], [133.3063681, 33.8947652], [133.311131, 33.8974653], [133.3149126, 33.8982974], [133.3187069, 33.9003934], [133.3223383, 33.9046106], [133.3256347, 33.9064579], [133.3299823, 33.9067715], [133.3326683, 33.9101034], [133.337328, 33.9132418], [133.3395526, 33.914027], [133.3453082, 33.9162372], [133.3518167, 33.9185158], [133.3551786, 33.9197568], [133.3597429, 33.9212063], [133.3641756, 33.9230231], [133.3676752, 33.9246959], [133.3713302, 33.9268948], [133.3736572, 33.9279669], [133.381164, 33.9288866], [133.3831373, 33.9299238], [133.3831164, 33.93183], [133.3867816, 33.9346063], [133.3904366, 33.9373112], [133.3938763, 33.9398274], [133.3948043972222, 33.94401255555555]]}, "properties": {"kv": 500, "name": "四国中央中幹線", "region": "chugoku", "loading": 0.0, "xfmr": false, "npts_orig": 117}}, {"type": "Feature", "geometry": {"type": "LineString", "coordinates": [[132.92878036, 33.792162755999996], [132.9264978, 33.7871881], [132.9263441, 33.7847655], [132.9231556, 33.7783906], [132.9254084, 33.7745986], [132.9250411, 33.7722146], [132.9234157, 33.7687844], [132.9221801, 33.7663822], [132.9202714, 33.7639334], [132.9163077, 33.7600494], [132.9135549, 33.7589935], [132.9095319, 33.7578094], [132.9071551, 33.757346], [132.9039026, 33.7562714], [132.9007804, 33.7532237], [132.8976778, 33.7484735], [132.8953821, 33.746498], [132.8929026, 33.7443964], [132.8886546, 33.7402137], [132.8864471, 33.7383076], [132.8827531, 33.7350767], [132.8765779, 33.7335668], [132.8734598, 33.7326884], [132.8687091, 33.7319133], [132.8653463, 33.729758], [132.8601228, 33.7271998], [132.857032, 33.7246171], [132.8547896, 33.7227751], [132.8504353, 33.7214071], [132.8462951, 33.7189911], [132.843456, 33.7162488], [132.8409871, 33.7111952], [132.8400018, 33.7085879], [132.8384681, 33.705355]]}, "properties": {"kv": 500, "name": "四国中央西幹線", "region": "chugoku", "loading": 0.0, "xfmr": false, "npts_orig": 34}}, {"type": "Feature", "geometry": {"type": "LineString", "coordinates": [[130.6135841, 33.7789087], [130.6198668, 33.777346], [130.623697, 33.776414], [130.6269881, 33.7772791], [130.6303596, 33.7777205], [130.6341147, 33.7780951], [130.6379476, 33.7785097], [130.6400478, 33.781457], [130.6434059, 33.7837666], [130.6451091, 33.7848154], [130.6480408, 33.7855678], [130.6514311, 33.7863703], [130.655549, 33.78627], [130.6579353, 33.784344], [130.6589849, 33.7823741], [130.6590354, 33.7788299], [130.661812, 33.7755158], [130.664931, 33.775939], [130.6685577, 33.7760373], [130.6725665, 33.7764456], [130.6758415, 33.7766977], [130.6797593, 33.7774689], [130.6825127, 33.7779377], [130.6856057, 33.7784519], [130.6886987, 33.7791627], [130.692829, 33.7799705], [130.6963156, 33.7808531], [130.7003993, 33.7818247], [130.7016363, 33.7838247], [130.7027829, 33.786268], [130.7054657, 33.787632], [130.7083049, 33.789445], [130.7124194, 33.7919496], [130.7157769, 33.7940528], [130.7192853, 33.7953971], [130.7224703, 33.7967892], [130.7256444, 33.7981454], [130.7293542, 33.7979512], [130.7321117, 33.797825], [130.7363495, 33.7986238], [130.7406471, 33.7998308], [130.7438403, 33.8007378], [130.7474319, 33.8018054], [130.750967, 33.8026909], [130.7548904, 33.803628], [130.7574015, 33.806061], [130.762929, 33.8065033], [130.7679304, 33.8074946], [130.7740914, 33.8068556], [130.7794683, 33.8054246], [130.7827144, 33.8052528], [130.7876042, 33.8062321], [130.7912028, 33.8069937], [130.7951, 33.8072605], [130.80435629411767, 33.80978334117647]]}, "properties": {"kv": 500, "name": "九州電力送配電 500.0kV線", "region": "chugoku", "loading": 0.0, "xfmr": false, "npts_orig": 55}}, {"type": "Feature", "geometry": {"type": "LineString", "coordinates": [[130.80435629411767, 33.80978334117647], [130.8063542, 33.8038878], [130.8080284, 33.7995807], [130.8102668, 33.796139], [130.8127949, 33.794293], [130.8167377, 33.7947982], [130.8202203, 33.7950673], [130.8241631, 33.7949634], [130.8301286, 33.7947287], [130.8335272, 33.7945082], [130.836169, 33.7932382], [130.8407765, 33.791038], [130.8435091, 33.7898009], [130.8474544, 33.7885676], [130.8511985, 33.7886975], [130.8556696, 33.7907287], [130.8586401, 33.791945], [130.8609741, 33.7929566], [130.8651761, 33.7924992], [130.869354, 33.7920634], [130.873469, 33.7916462], [130.8792547, 33.7909759], [130.8841051, 33.7901753], [130.8886642, 33.7893375], [130.8933224, 33.7907758], [130.8946736, 33.7919867], [130.8987957, 33.7958628], [130.9003411, 33.7972895], [130.9015167, 33.8007864], [130.902787, 33.8046367], [130.9033037, 33.8091224], [130.9025912, 33.8137816], [130.9038109, 33.8190729], [130.9055931, 33.8211918], [130.9083233, 33.8245569], [130.9097515, 33.8271811], [130.9102724, 33.8293679], [130.9107057, 33.8323886], [130.9110591, 33.8352357], [130.911526, 33.837065], [130.91359821999998, 33.842083880000004]]}, "properties": {"kv": 500, "name": "関門連系線", "region": "chugoku", "loading": 0.0, "xfmr": false, "npts_orig": 41}}, {"type": "Feature", "geometry": {"type": "LineString", "coordinates": [[130.80435629411767, 33.80978334117647], [130.8045108, 33.8054243], [130.8048403, 33.8034039], [130.8054709, 33.8007932], [130.8068457, 33.7971061], [130.8072384, 33.794062], [130.8069652, 33.791311], [130.8079676, 33.7861326], [130.808448, 33.7824308], [130.8097738, 33.7791594], [130.8110167, 33.7766283], [130.8125911, 33.7732103], [130.8141747, 33.7707273], [130.8153348, 33.7687384], [130.8188771, 33.7647087], [130.8232273, 33.7625733], [130.8267342, 33.7611561], [130.8313745, 33.758013], [130.8323895, 33.7558343], [130.8346268, 33.7506845], [130.8352068, 33.7483248], [130.8362426, 33.7451727], [130.8373819, 33.7415812], [130.8402141, 33.7382929], [130.8424822, 33.7358284], [130.8442689, 33.7339422], [130.8497361, 33.7319786], [130.8534021, 33.7296427], [130.8558387, 33.7287096], [130.8586735, 33.7270668], [130.8592016, 33.7235331], [130.8618923, 33.7207059], [130.8638716, 33.7160072], [130.8656583, 33.7127233], [130.8692317, 33.7108811], [130.871655, 33.7080197], [130.8751375, 33.7040991], [130.8775876, 33.7015179], [130.8788821, 33.7000937], [130.8822854, 33.6964189], [130.8834591, 33.6928323], [130.8849085, 33.687645], [130.8854324, 33.6855381], [130.8867596, 33.6809316], [130.8900427, 33.6772696], [130.8927669, 33.6740724], [130.8938846, 33.6705118], [130.8946529, 33.6676632], [130.8956658, 33.6646546], [130.8965215, 33.6619366], [130.8974296, 33.6584336], [130.896993, 33.6530844], [130.8984424, 33.6494211], [130.8995775, 33.6465137], [130.9017224, 33.6430901], [130.9063501, 33.6407494], [130.9098253, 33.6385977], [130.9129337, 33.6349339], [130.916087, 33.6310575], [130.9185144, 33.6275532], [130.9202432, 33.6250377], [130.9213329, 33.6230628], [130.9222759, 33.6205616], [130.926013, 33.6180022], [130.9279295, 33.6160889], [130.9311461, 33.6143151], [130.9338267, 33.6128068], [130.9382749, 33.6111416], [130.9437664, 33.6087885], [130.9476061, 33.6074007], [130.9509676, 33.6056147], [130.9550247, 33.6033218], [130.9588951, 33.6005614], [130.9598641, 33.5998703], [130.9638922, 33.5982652], [130.9688331, 33.5976859], [130.9715281, 33.5979393], [130.9754547, 33.598591], [130.9812794, 33.5995324], [130.9875099, 33.6009444], [130.9933307, 33.5999686], [130.9969241, 33.5994134], [131.0026764, 33.5996548], [131.0053424, 33.6017426], [131.007313, 33.6032149], [131.0099645, 33.6061233], [131.0114425, 33.6076076], [131.0142563, 33.6083376]]}, "properties": {"kv": 500, "name": "豊前北幹線", "region": "chugoku", "loading": 0.0, "xfmr": false, "npts_orig": 88}}, {"type": "Feature", "geometry": {"type": "LineString", "coordinates": [[130.91359821999998, 33.842083880000004], [130.91627534, 33.84512504]]}, "properties": {"kv": 500, "name": "関門連系線", "region": "chugoku", "loading": 0.0, "xfmr": false, "npts_orig": 2}}, {"type": "Feature", "geometry": {"type": "LineString", "coordinates": [[130.91627534, 33.84512504], [130.919706, 33.8498759], [130.9216106, 33.8538782], [130.9241109, 33.8566749], [130.9260198, 33.8589751], [130.9298249, 33.8632049], [130.9331709, 33.8671169], [130.9360309, 33.8689323], [130.9406448, 33.8717169], [130.944379, 33.8740031], [130.9475352, 33.8759987], [130.9508148, 33.8779862], [130.9536093, 33.8824963], [130.95776, 33.8850425], [130.9617176, 33.8873366], [130.9618437, 33.8912627], [130.9619829, 33.8935981], [130.9609498, 33.8951936], [130.9631473, 33.8974537], [130.9638662, 33.9011813], [130.9640632, 33.9034128], [130.9643488, 33.9071157], [130.9639253, 33.9117255], [130.96687, 33.9149213], [130.9689331, 33.9166723], [130.9709865, 33.9179105], [130.974525, 33.9175508], [130.9776482, 33.9148683], [130.9818626, 33.9153404], [130.9850174, 33.9185952], [130.98614, 33.9211423], [130.9875611, 33.9241375], [130.9883427, 33.9258473], [130.9898963, 33.931012], [130.9910378, 33.9343335], [130.9912509, 33.9372928], [130.9915325, 33.9419258], [130.9917924, 33.9458027], [130.9903655, 33.9475115], [130.98822, 33.9492091], [130.9867629, 33.9502844], [130.9858586, 33.9509096], [130.981898, 33.9529092], [130.97975925555556, 33.95714862222222]]}, "properties": {"kv": 500, "name": "関門連系線", "region": "chugoku", "loading": 0.0, "xfmr": false, "npts_orig": 44}}, {"type": "Feature", "geometry": {"type": "LineString", "coordinates": [[130.97975925555556, 33.95714862222222], [130.9751119, 33.9556244], [130.9737007, 33.9558039], [130.9699605, 33.9590966], [130.9642536, 33.961398], [130.9544821, 33.9652313], [130.9516206, 33.9664381], [130.9510592, 33.968318], [130.9520389, 33.9698173], [130.9544375, 33.971551], [130.9562857, 33.974315], [130.9584011, 33.9767528], [130.9596012, 33.9791328], [130.959839, 33.9813743], [130.9600317, 33.9837474], [130.9609291, 33.98707], [130.960872, 33.9897497], [130.9641544, 33.9927836], [130.9679867, 33.9960808], [130.9722746, 33.99805], [130.9747994, 34.0006623], [130.9769537, 34.0027541], [130.9771465, 34.0050867], [130.9753255, 34.0083516], [130.9759575, 34.0097132], [130.9799281, 34.0119479], [130.9820206, 34.0131555], [130.9837559, 34.015837], [130.9809983, 34.0193224], [130.9799835, 34.0219997], [130.9786895, 34.0253268], [130.9773397, 34.0291029], [130.9758854, 34.0326499], [130.9759327, 34.0350134], [130.9769637, 34.0396073], [130.9779082, 34.0430382], [130.9779844, 34.0464672], [130.9780882, 34.0513404], [130.9784648, 34.0546279], [130.9792733, 34.0581166], [130.9794285, 34.0621455], [130.9795941, 34.06576], [130.9798657, 34.0682236], [130.9830535, 34.0716239], [130.9861132, 34.0749459], [130.9897947, 34.0788557], [130.9942714, 34.0830074], [130.9983919, 34.0850807], [131.0023449, 34.0870815], [131.0064577, 34.0904554], [131.0089762, 34.0923057], [131.0108337, 34.0936225], [131.0130123, 34.096306], [131.0172361, 34.0999961], [131.0194303, 34.1019131], [131.0230213, 34.1032131], [131.0279547, 34.1042645], [131.0335111, 34.1054217], [131.0381603, 34.1064887], [131.0415111, 34.1093404], [131.0428283, 34.110588], [131.0438325, 34.1136716], [131.0446875, 34.1161617], [131.0474912, 34.1200928], [131.0505434, 34.1246594], [131.0554597, 34.1269854], [131.0569678, 34.1278749], [131.0622626, 34.1309412], [131.0645164, 34.1327255], [131.0670179, 34.1347498], [131.0701744, 34.1372775], [131.0728612, 34.140665], [131.0750071, 34.1448198], [131.0774068, 34.1475565], [131.0802916, 34.1508689], [131.0833674, 34.1533064], [131.0839563, 34.1561266], [131.0845778, 34.1590539], [131.0873304, 34.1625199], [131.0899453, 34.1658358], [131.09300737647058, 34.16307129705882]]}, "properties": {"kv": 500, "name": "関門連系線", "region": "chugoku", "loading": 0.0, "xfmr": false, "npts_orig": 81}}, {"type": "Feature", "geometry": {"type": "LineString", "coordinates": [[134.0243834764706, 34.88774002941176], [134.029496, 34.8905768], [134.0344085, 34.8920951], [134.0372719, 34.8934799], [134.042327, 34.895902], [134.0452175, 34.8972892], [134.0506524, 34.8998975], [134.0564235, 34.9012083], [134.0607442, 34.9021696], [134.0639039, 34.9028665], [134.0687351, 34.9019849], [134.0735867, 34.9011333], [134.0787644, 34.9002128], [134.0814222, 34.8997302], [134.0840042, 34.8992518], [134.0916795, 34.9018627], [134.0942031, 34.9026867], [134.0975793, 34.9043769], [134.1001458, 34.9056717], [134.1024916, 34.9065431], [134.1055615, 34.907736], [134.1096104, 34.909268], [134.1121383, 34.910308], [134.1149297, 34.91142], [134.1208338, 34.9134965], [134.1237227, 34.9145658], [134.1270901, 34.9157544], [134.1324639, 34.9176495], [134.135177, 34.9186092], [134.1397153, 34.9202293], [134.1458705, 34.9205014], [134.1481355, 34.9205837], [134.1499495, 34.9210909], [134.1560331, 34.9227503], [134.1621045, 34.9244096], [134.1668631, 34.925744], [134.1709363, 34.9269644], [134.1742547, 34.9277773], [134.1793762, 34.9305088], [134.1818279, 34.9316961], [134.1861553, 34.9338142], [134.1894201, 34.9354054], [134.1964426, 34.9380327], [134.2022696, 34.9402489], [134.2062414, 34.9397853], [134.2110007, 34.9392316], [134.2157478, 34.9394369], [134.2223277, 34.9397108], [134.2277642, 34.9399911], [134.2319124, 34.9401195], [134.2372066, 34.9403464], [134.2436259, 34.9401966], [134.2482649, 34.9400553], [134.2533842, 34.939897], [134.2590386, 34.9398841], [134.26214, 34.939837], [134.2644799, 34.9397599], [134.2707323, 34.9396641], [134.2764265, 34.9396279], [134.2825675, 34.9397472], [134.2870123, 34.9403025], [134.2920047, 34.9407851], [134.2969058, 34.9412799], [134.3013204, 34.9413707], [134.3074096, 34.9414977], [134.3104143, 34.941579], [134.3147217, 34.9416496], [134.3200359, 34.9425267], [134.3226709, 34.9430128], [134.3275396, 34.9438045], [134.3315598, 34.9444058], [134.3367795, 34.9452973], [134.3438112, 34.9443811], [134.3457045, 34.942099], [134.3472348, 34.9405047], [134.3517201, 34.9365032], [134.3546901, 34.9342961], [134.3583915, 34.9316715], [134.3599, 34.930596], [134.3656594, 34.9263746], [134.3692593, 34.9239416], [134.3732323, 34.920978], [134.3777335, 34.9172393], [134.3793925, 34.9157704], [134.3824089, 34.9132188], [134.385005, 34.9110629], [134.3872092, 34.909354], [134.3907992, 34.9064181], [134.3945245, 34.9031497], [134.3984061, 34.8987493], [134.400725, 34.897479], [134.4039748, 34.8951603], [134.4075309, 34.8926031], [134.4089706, 34.8888602], [134.4093615, 34.887998], [134.4101684, 34.8860494], [134.4109835, 34.8839638], [134.4131302, 34.8790908], [134.4151233, 34.8746796], [134.4177961, 34.8710155], [134.4192214, 34.8694545], [134.4203535, 34.8680683], [134.42557804444445, 34.861569591666665]]}, "properties": {"kv": 500, "name": "東岡山変電所~西播変電所線", "region": "chugoku", "loading": 0.0, "xfmr": false, "npts_orig": 103}}, {"type": "Feature", "geometry": {"type": "LineString", "coordinates": [[134.0243834764706, 34.88774002941176], [134.0158852, 34.8902757], [134.0105184, 34.8901249], [134.0040737, 34.890158], [133.9989515, 34.8901552], [133.9945405, 34.889375], [133.9898738, 34.8885758], [133.9856417, 34.8878302], [133.9819032, 34.8871575], [133.9776258, 34.886392], [133.9725041, 34.8859618], [133.9687733, 34.8856361], [133.9650968, 34.8852792], [133.9613367, 34.8849135], [133.9582422, 34.8846187], [133.9524831, 34.884049], [133.948747, 34.8832981], [133.9419754, 34.8819727], [133.9374595, 34.8810442], [133.9319233, 34.8799769], [133.9279045, 34.8791831], [133.9236514, 34.8783408], [133.9172586, 34.8770814], [133.9132531, 34.8762677], [133.9078871, 34.8752143], [133.8994322, 34.8733985], [133.8954517, 34.8731114], [133.8895692, 34.8726535], [133.8866042, 34.8720547], [133.8837935, 34.8714711], [133.877724, 34.8706551], [133.8719773, 34.869877], [133.8691039, 34.8694793], [133.8643944, 34.8681713], [133.8589143, 34.8666216], [133.8546809, 34.8628174], [133.8511072, 34.8595916], [133.8488356, 34.8549336], [133.8475386, 34.8522903], [133.8439971, 34.8501317], [133.8410232, 34.8483298], [133.8326463, 34.8455457], [133.8299199, 34.8446834], [133.8266701, 34.8437296], [133.8217017, 34.8430069], [133.8186471, 34.842556], [133.8152957, 34.8420377], [133.8112029, 34.8414339], [133.8072195, 34.8408277], [133.803399, 34.8402225], [133.7948364, 34.8395983], [133.7913838, 34.8405629], [133.7862916, 34.8419556], [133.7826658, 34.8429858], [133.7792114, 34.8444334], [133.775635, 34.8459013], [133.771102, 34.8480179], [133.7657062, 34.8495992], [133.759068, 34.8514989], [133.7524573, 34.8515931], [133.7476585, 34.8516471], [133.7398263, 34.849689], [133.7366443, 34.8466991], [133.7345244, 34.8446022], [133.7318763, 34.842075], [133.7291001, 34.8394245], [133.7213755, 34.8381503], [133.7176366, 34.8370994], [133.7138182, 34.8359128], [133.7095348, 34.8346427], [133.7057868, 34.8335685], [133.6996117, 34.8316871], [133.6960569, 34.8306498], [133.6915962, 34.8292943], [133.6868306, 34.8278471], [133.6812079, 34.8261909], [133.6766175, 34.8256301], [133.6693697, 34.8247778], [133.6648, 34.8256386], [133.6583545, 34.8268883], [133.6540537, 34.8290482], [133.6501646, 34.8309175], [133.647884, 34.8320364], [133.6404854, 34.835354], [133.6351888, 34.835785], [133.6254602, 34.8364749], [133.6220975, 34.8362242], [133.617041, 34.8357848], [133.613599, 34.8350193], [133.610028, 34.8341839], [133.6061796, 34.8336559], [133.600613, 34.8329534], [133.5960865, 34.833138], [133.5886831, 34.8332596], [133.5850267, 34.8333614], [133.5810895, 34.83347], [133.5754122, 34.8331107], [133.5697179, 34.8326281], [133.5635641, 34.832221], [133.5579623, 34.8317004], [133.5541896, 34.8314922], [133.5492512, 34.83031], [133.5451981, 34.8293538], [133.5417916, 34.8285501], [133.5377842, 34.8276046], [133.5337149, 34.8266506], [133.529091, 34.8255556], [133.5233558, 34.8240398], [133.5185677, 34.8229813], [133.5141066, 34.8222905], [133.5077775, 34.8212351], [133.5026739, 34.8202952], [133.4963071, 34.8192439], [133.4917076, 34.8184845], [133.485314, 34.8174732], [133.4799633, 34.8190088], [133.4765415, 34.8199908], [133.4719307, 34.8190616], [133.4657696, 34.8178198], [133.4612687, 34.8169127], [133.4572795, 34.8150427], [133.4540158, 34.812957], [133.4506392, 34.8108451], [133.4473349, 34.8087498], [133.4444454, 34.8069805], [133.4403097, 34.804554], [133.4373083, 34.8030193], [133.4295678, 34.80016], [133.4216181, 34.800803], [133.4177277, 34.8013622], [133.4146948, 34.8017824], [133.4113134, 34.8022638], [133.4039982, 34.8033042], [133.4005375, 34.8037902], [133.3971868, 34.8042519], [133.38835020384616, 34.803883934615385]]}, "properties": {"kv": 500, "name": "新岡山幹線 (Shin Okayama Kansen)", "region": "chugoku", "loading": 0.0, "xfmr": false, "npts_orig": 136}}, {"type": "Feature", "geometry": {"type": "LineString", "coordinates": [[134.0243834764706, 34.88774002941176], [134.0317684, 34.8886503], [134.0362758, 34.8886594], [134.0401797, 34.8886987], [134.0443671, 34.8886974], [134.0497176, 34.8886808], [134.0541878, 34.8876432], [134.0562835, 34.8841069], [134.060602, 34.8817078], [134.0645078, 34.8807402], [134.066815, 34.8798014], [134.0707017, 34.8781062], [134.0720499, 34.8760444], [134.0750278, 34.8715335], [134.0784069, 34.8670398], [134.0800754, 34.8636665], [134.0817861, 34.8600821], [134.0828914, 34.8578379], [134.0844648, 34.8537045], [134.0854575, 34.850969], [134.0833455, 34.8472425], [134.0853061, 34.8445386], [134.0867458, 34.8407454], [134.0875448, 34.8385815], [134.0880658, 34.8357039], [134.0905192, 34.8336468], [134.0932683, 34.8314192], [134.0978408, 34.8276745], [134.0979077, 34.8255507], [134.0994776, 34.8223202], [134.1014488, 34.8189334], [134.1032158, 34.8171591], [134.1068343, 34.8136334], [134.1092679, 34.8112931], [134.1127126, 34.8079375], [134.1153937, 34.8052955], [134.1157006, 34.8024219], [134.1178032, 34.7986463], [134.1171546, 34.7960948], [134.1177719, 34.789764], [134.1183106, 34.7845249], [134.1185572, 34.782369], [134.1179296, 34.7776307], [134.1153958, 34.774562], [134.1153087, 34.7722006], [134.1169347, 34.7688325], [134.1158722, 34.7652227], [134.1151433, 34.7629955], [134.113604, 34.7578981], [134.1141883, 34.7539181], [134.1182724, 34.7498398], [134.1201856, 34.7482264], [134.1242382, 34.7447725], [134.1262583, 34.7406112], [134.128241, 34.7356344], [134.1284221, 34.7337608], [134.1307053, 34.7306139], [134.1357178, 34.7303959], [134.1390116, 34.727757], [134.1430885, 34.7244427], [134.1467233, 34.7221609], [134.1509795, 34.7194801], [134.1519677, 34.7157589], [134.15402, 34.7144982], [134.1559296, 34.7102429], [134.1564239, 34.7068476], [134.1568657, 34.7036448], [134.1574975, 34.6998854], [134.1585613, 34.6935038], [134.1596521, 34.6887049], [134.1591309, 34.6851157], [134.1582408, 34.6794055], [134.1569391, 34.6773268], [134.1554444, 34.6750131], [134.1541728, 34.6730021], [134.1522556, 34.6700821], [134.1516758, 34.6669311], [134.1508615, 34.662546], [134.1503811, 34.6601965], [134.1471826, 34.6565367]]}, "properties": {"kv": 500, "name": "菰池二丁目変電所~東岡山変電所線", "region": "chugoku", "loading": 0.0, "xfmr": false, "npts_orig": 80}}, {"type": "Feature", "geometry": {"type": "LineString", "coordinates": [[134.42557804444445, 34.861569591666665], [134.4244006, 34.8660376], [134.4213814, 34.8692186], [134.4216544, 34.8738893], [134.4227518, 34.8771614], [134.423291, 34.8814763], [134.4223565, 34.8856654], [134.4216673, 34.8885284], [134.420579, 34.892535], [134.4189202, 34.8963624], [134.4169554, 34.9004462], [134.414506, 34.9041292], [134.4128814, 34.906662], [134.4117767, 34.9081938], [134.4092598, 34.9140238], [134.4055646, 34.9183045], [134.4037213, 34.9196596], [134.4001278, 34.9213787], [134.3945633, 34.9253854], [134.3925374, 34.9267482], [134.388523, 34.9299622], [134.3856036, 34.9321558], [134.3796796, 34.935445], [134.3784533, 34.9373837], [134.3754698, 34.9419908], [134.3728049, 34.9464236], [134.3729467, 34.9484184], [134.3733063, 34.9501305]]}, "properties": {"kv": 500, "name": "西播変電所~久崎変電所線", "region": "chugoku", "loading": 0.0, "xfmr": false, "npts_orig": 28}}, {"type": "Feature", "geometry": {"type": "LineString", "coordinates": [[134.42557804444445, 34.861569591666665], [134.4247336, 34.8652925], [134.426689, 34.8666663], [134.4273294, 34.8694012], [134.427838, 34.8712002], [134.4285231, 34.8739978], [134.42969, 34.8775999], [134.4311069, 34.881657], [134.4324273, 34.8855131]]}, "properties": {"kv": 500, "name": "光都一丁目変電所~西播変電所線", "region": "chugoku", "loading": 0.0, "xfmr": false, "npts_orig": 9}}, {"type": "Feature", "geometry": {"type": "LineString", "coordinates": [[134.3733063, 34.9501305], [134.3787951, 34.9531589], [134.3846197, 34.9571285], [134.3884881, 34.9598388], [134.3940084, 34.9639429], [134.39793, 34.9668645], [134.4012388, 34.967814], [134.4038847, 34.9685854], [134.4081109, 34.9697731], [134.4124524, 34.9710694], [134.4159417, 34.9720165], [134.4194037, 34.9754445], [134.4223644, 34.9781968], [134.4262581, 34.9819485], [134.4261052, 34.9848705], [134.4246068, 34.9872322], [134.4244981, 34.9919693], [134.4248129, 34.9942373], [134.4253643, 34.9985495], [134.4260467, 35.0036509], [134.4263503, 35.0059711], [134.4285451, 35.010764], [134.4296981, 35.0133098], [134.4333663, 35.0174363], [134.4404028, 35.0186718], [134.4447908, 35.021943], [134.4476146, 35.0240887], [134.451096, 35.0267455], [134.4564545, 35.0309834], [134.4608557, 35.0339473], [134.4646551, 35.0364343], [134.4682129, 35.0387656], [134.4741258, 35.0428708], [134.476085, 35.0433527], [134.4783032, 35.0438792], [134.4821562, 35.0447203], [134.4846986, 35.0453695], [134.491372, 35.0467772], [134.4974133, 35.0495211], [134.5047679, 35.0528271], [134.5075065, 35.0546384], [134.5127339, 35.0580622], [134.5166724, 35.0586274], [134.5239485, 35.0611571], [134.534927, 35.0641364], [134.5388154, 35.0642168], [134.5453859, 35.0669705], [134.5502415, 35.0687178], [134.5548505, 35.0703832], [134.5596252, 35.0722377], [134.5675702, 35.0718919], [134.5760036, 35.0715597], [134.5782008, 35.0650933], [134.5815583, 35.0621828], [134.586053, 35.0612669], [134.5907468, 35.0607784], [134.5955017, 35.0612245], [134.5991582, 35.0602037], [134.6024809, 35.0607659]]}, "properties": {"kv": 500, "name": "久崎変電所~光都一丁目変電所線", "region": "chugoku", "loading": 0.0, "xfmr": false, "npts_orig": 59}}, {"type": "Feature", "geometry": {"type": "LineString", "coordinates": [[134.3733063, 34.9501305], [134.372811, 34.9505852], [134.3715645, 34.9520823], [134.3697749, 34.9541662], [134.3687875, 34.9566479], [134.3682733, 34.9577673], [134.3673106, 34.960785], [134.366422, 34.9630035], [134.3676274, 34.964905], [134.3678413, 34.9676595], [134.3680223, 34.9725073], [134.3680141, 34.9747525], [134.3674175, 34.9788044], [134.3667792, 34.9821596], [134.3648175, 34.9857279], [134.3652824, 34.9875851]]}, "properties": {"kv": 500, "name": "久崎変電所~長尾変電所線", "region": "chugoku", "loading": 0.0, "xfmr": false, "npts_orig": 16}}, {"type": "Feature", "geometry": {"type": "LineString", "coordinates": [[133.38835020384616, 34.803883934615385], [133.3849353, 34.8080989], [133.3811098, 34.8093126], [133.3790423, 34.8135622], [133.3767981, 34.8182149], [133.3758601, 34.8201379], [133.3735569, 34.8249272], [133.37526, 34.8290321], [133.3783633, 34.8362504], [133.382812, 34.8432468], [133.3847045, 34.8470941], [133.3868574, 34.8518189], [133.3899236, 34.8559166], [133.3933371, 34.8584184], [133.3960525, 34.8604186], [133.3996674, 34.8662225], [133.4015807, 34.868875], [133.4034871, 34.8715559], [133.4065464, 34.8758548], [133.40722, 34.8784045], [133.4083173, 34.882498], [133.4095674, 34.8871467], [133.4101161, 34.8917553], [133.4106647, 34.8965886], [133.411064, 34.8997698], [133.4115571, 34.9038879], [133.4121474, 34.9091875], [133.4101091, 34.9115424], [133.4081402, 34.9137863], [133.4047268, 34.9177727], [133.4051105, 34.9212816], [133.4054648, 34.9242613], [133.4057613, 34.927024], [133.4061481, 34.9297523], [133.4066186, 34.9331919], [133.4069654, 34.9357841], [133.4074081, 34.9391347], [133.408076, 34.943913], [133.4088368, 34.9495064], [133.4097862, 34.9540401], [133.4107481, 34.9584449], [133.412312, 34.9606731], [133.414693, 34.9639682], [133.4175568, 34.966957], [133.4199364, 34.969508], [133.4265816, 34.9764854], [133.4267522, 34.9812227], [133.4279397, 34.9858917], [133.4243721, 34.9908248], [133.423304, 34.9922447], [133.4212152, 34.9995525], [133.4203503, 35.0025342], [133.4194355, 35.0058409], [133.4185652, 35.0091187], [133.41717, 35.0120509], [133.4147544, 35.0169552], [133.4133547, 35.0201362], [133.4133774, 35.023149], [133.4134735, 35.0291283], [133.4130223, 35.032917], [133.4102976, 35.0553965], [133.4098011, 35.0601585], [133.4087112, 35.0717643], [133.4103704, 35.0750285], [133.4114236, 35.0770262], [133.4128594, 35.0798407], [133.4149853, 35.0841517], [133.4161105, 35.086499], [133.4233957, 35.103316], [133.4241139, 35.1054407], [133.4261672, 35.1143528], [133.4264084, 35.1170782], [133.4266596, 35.1200189], [133.4238634, 35.124209], [133.4220482, 35.1269545], [133.4196135, 35.1306781], [133.4179797, 35.1331209], [133.4153053, 35.1384182], [133.4139315, 35.1425171], [133.4139004, 35.1472271], [133.413879, 35.1503108], [133.413878, 35.1530658], [133.4134535, 35.1573331], [133.4131878, 35.1605183], [133.4153895, 35.1651252], [133.4172012, 35.1702819], [133.4182123, 35.1743693], [133.4191647, 35.178211], [133.4198652, 35.1811838], [133.4226339, 35.185405], [133.4248727, 35.1905667], [133.4278598, 35.1969362], [133.4315785, 35.204439], [133.4327977, 35.2069092], [133.4318927, 35.2102856], [133.4307401, 35.2144752], [133.429346, 35.21964], [133.4286676, 35.2220122], [133.4259656, 35.2266043], [133.4234396, 35.2308777], [133.4222215, 35.2329523], [133.4185228, 35.2390309], [133.4135597, 35.2453614], [133.4115375, 35.2493295], [133.4105431, 35.2513279], [133.4083825, 35.2554975], [133.4081532, 35.2588299], [133.4077943, 35.2636736], [133.4074699, 35.2685056], [133.4071455, 35.2736023], [133.406873, 35.2779144], [133.4066925, 35.2813715], [133.4065248, 35.2836563], [133.406022, 35.2887538], [133.4057514, 35.2913402], [133.40582379999998, 35.296155713333334]]}, "properties": {"kv": 500, "name": "新岡山変電所~日野変電所線", "region": "chugoku", "loading": 0.0, "xfmr": false, "npts_orig": 116}}, {"type": "Feature", "geometry": {"type": "LineString", "coordinates": [[133.38835020384616, 34.803883934615385], [133.3830319, 34.8049478], [133.3809836, 34.8049978], [133.3767835, 34.8050837], [133.3759014, 34.8052056], [133.3706013, 34.8058408], [133.3687548, 34.8059179], [133.3663309, 34.8061734], [133.3644563, 34.8062131], [133.3600929, 34.806057], [133.3581721, 34.8062172], [133.3533142, 34.8066119], [133.3503176, 34.8064763], [133.3471995, 34.8066054], [133.3443917, 34.8065448], [133.340293, 34.807264]]}, "properties": {"kv": 500, "name": "新広島幹線 (Shin Hiroshima Kansen)", "region": "chugoku", "loading": 0.0, "xfmr": false, "npts_orig": 16}}, {"type": "Feature", "geometry": {"type": "LineString", "coordinates": [[133.38835020384616, 34.803883934615385], [133.3930711, 34.8065612], [133.3955026, 34.8051633], [133.397508, 34.8048161], [133.3993956, 34.8045036], [133.4020176, 34.8046247], [133.4033371, 34.8046825], [133.4064566, 34.8048211], [133.4095896, 34.8049656], [133.4108598, 34.8050143], [133.4143684, 34.8051743], [133.4168739, 34.8052475], [133.4191204, 34.8056493], [133.4207259, 34.8059142], [133.4235435, 34.806384], [133.425103, 34.8066598], [133.4265215, 34.807194], [133.4268545, 34.8091688], [133.426013, 34.8099756]]}, "properties": {"kv": 500, "name": "新岡山変電所~高梁市変電所線", "region": "chugoku", "loading": 0.0, "xfmr": false, "npts_orig": 19}}, {"type": "Feature", "geometry": {"type": "LineString", "coordinates": [[133.40582379999998, 35.296155713333334], [133.4048282, 35.2917605], [133.4051034, 35.2887807], [133.4052951, 35.2867908], [133.4056822, 35.2829657], [133.406331, 35.2780453], [133.4106742, 35.2743418], [133.41082, 35.2726177], [133.4120671, 35.2678074], [133.4132497, 35.2633872], [133.4140712, 35.2620961], [133.4156259, 35.2597047], [133.4176698, 35.2565177], [133.4217598, 35.2538659], [133.425136, 35.2522362], [133.4290656, 35.2503234], [133.4314518, 35.2457889], [133.4310274, 35.2419526], [133.4282863, 35.2346556], [133.4285969, 35.2311826], [133.4295572, 35.2289635], [133.4317171, 35.2272808], [133.4342704, 35.2252972], [133.4356778, 35.2242186], [133.4428394, 35.2209542], [133.4464442, 35.2170008], [133.4482415, 35.2150539], [133.4502029, 35.2128946], [133.454507, 35.2100442], [133.4570667, 35.2086458], [133.4607649, 35.2066616], [133.4637335, 35.2050487], [133.4676589, 35.2029118], [133.4747296, 35.2017608], [133.4794224, 35.2006056], [133.4850391, 35.1992133], [133.4884318, 35.1983861], [133.4967092, 35.1963645], [133.499438, 35.195692], [133.5025405, 35.1949391], [133.5082405, 35.1935383], [133.5123047, 35.1917477], [133.5169142, 35.1904253], [133.5208093, 35.1881312], [133.5231014, 35.1867428], [133.5269308, 35.1842278], [133.531096, 35.1812114], [133.5353799, 35.1778338], [133.5373295, 35.1762681], [133.5409566, 35.1728393], [133.5427023, 35.1711935], [133.545976, 35.1680592], [133.5479787, 35.1661477], [133.5525697, 35.1627127], [133.5581425, 35.1605734], [133.5615686, 35.1594811], [133.5681525, 35.1582955], [133.5718438, 35.1576974], [133.5793851, 35.1565579], [133.5826287, 35.1560644], [133.5866378, 35.1554821], [133.589546, 35.1540005], [133.5926188, 35.1524745], [133.5981084, 35.1497503], [133.6021756, 35.1476833], [133.6068173, 35.1453387], [133.6108389, 35.1433522], [133.6150745, 35.1412074], [133.6181426, 35.1391887], [133.6194117, 35.1360609], [133.6234406, 35.1334927], [133.6303618, 35.1313231], [133.6362904, 35.1330894], [133.6393207, 35.1332465], [133.6446411, 35.1335546], [133.6515076, 35.1337981], [133.6583405, 35.1339295], [133.6617237, 35.1329189], [133.6658365, 35.1318327], [133.6703786, 35.1304944], [133.6754923, 35.1299064], [133.6788987, 35.1273886], [133.6815972, 35.1254529], [133.6848607, 35.1240725], [133.6882177, 35.1239], [133.6914408, 35.1237424], [133.6957187, 35.1241791], [133.7021672, 35.1246541], [133.7056343, 35.1250772], [133.712785, 35.1260074], [133.7164051, 35.1259167], [133.7211078, 35.1250525], [133.7247017, 35.1247625], [133.7323549, 35.1244894], [133.7353175, 35.1249167], [133.7397028, 35.125508], [133.7436648, 35.1264842], [133.7504519, 35.1281352], [133.753484, 35.1288577], [133.7562579, 35.1296038], [133.7596592, 35.1305287], [133.7623981, 35.1311439], [133.7685982, 35.1328581], [133.7725089, 35.1336627], [133.7763732, 35.1344176], [133.7831662, 35.1352137], [133.7892442, 35.1358422], [133.7924064, 35.1361068], [133.7978633, 35.1365241], [133.8043723, 35.1381886], [133.8111211, 35.1392464], [133.8157304, 35.13992], [133.8195483, 35.1407027], [133.821236, 35.1410493], [133.8259018, 35.1421525], [133.8322597, 35.1448443], [133.8350883, 35.1458782], [133.8400111, 35.1474126], [133.8434072, 35.1484072], [133.847743, 35.1496519], [133.8498819, 35.1503063], [133.8563261, 35.1522101], [133.860579, 35.1535284], [133.8668069, 35.1561631], [133.8703567, 35.1577416], [133.8760507, 35.160057], [133.8819503, 35.1622975], [133.8846353, 35.1637167], [133.8865201, 35.1648067], [133.8907204, 35.1670916], [133.8968934, 35.1675816], [133.9014553, 35.166912], [133.9069883, 35.1649716], [133.9114823, 35.1633692], [133.9160269, 35.1635448], [133.9215316, 35.1636637], [133.9253248, 35.1638222], [133.9287036, 35.1641092], [133.9352659, 35.166619], [133.9427251, 35.1676948], [133.9500544, 35.1690562], [133.9533052, 35.170394], [133.958686, 35.1741009], [133.9617168, 35.1761885], [133.967239, 35.1786991], [133.9709992, 35.1803388], [133.9753856, 35.182241], [133.9801427, 35.1850905], [133.9861625, 35.188429], [133.9892004, 35.189424], [133.9914096, 35.1901729], [133.9942849, 35.1910889], [133.9961584, 35.1918571], [133.9995901, 35.1933136], [134.006042, 35.1958409], [134.008047, 35.1966221], [134.0099318, 35.1972645], [134.0145056, 35.1988158], [134.0194335, 35.2020683], [134.022463, 35.204764], [134.0266888, 35.2068989], [134.0309664, 35.2090254], [134.0351092, 35.2104093], [134.0400301, 35.2113237], [134.0456001, 35.2120014], [134.0495513, 35.2124541], [134.0549081, 35.2130861], [134.0590475, 35.2140513], [134.0620468, 35.2147205], [134.0670049, 35.2154477], [134.069704, 35.2158793], [134.0740675, 35.216479], [134.0788011, 35.217176], [134.0827107, 35.2177692], [134.084728, 35.2180451], [134.0897793, 35.2196199], [134.0946757, 35.2201628], [134.0987134, 35.2205732], [134.1025811, 35.221029], [134.1066688, 35.2211648], [134.1106278, 35.2196573], [134.1146833, 35.218062], [134.1174835, 35.2163967], [134.1213244, 35.2140453], [134.1255999, 35.211431], [134.1323054, 35.2084287], [134.1389358, 35.2074688], [134.1429591, 35.2077756], [134.1479802, 35.2087749], [134.1514832, 35.2088429], [134.1566037, 35.2076425], [134.1619528, 35.2075414], [134.1654432, 35.2068877], [134.1722113, 35.2054963], [134.1756923, 35.2051851], [134.178493, 35.2050142], [134.1811695, 35.2056023], [134.1837593, 35.2061447], [134.18793675714286, 35.208410542857145]]}, "properties": {"kv": 500, "name": "日野変電所~開閉所線", "region": "chugoku", "loading": 0.0, "xfmr": false, "npts_orig": 199}}, {"type": "Feature", "geometry": {"type": "LineString", "coordinates": [[133.40582379999998, 35.296155713333334], [133.4004976, 35.2933163], [133.3953077, 35.2925241], [133.3902129, 35.2918437], [133.3845545, 35.2910787], [133.3814439, 35.2906618], [133.3778022, 35.2901787], [133.3720887, 35.2907258], [133.3643324, 35.2914908], [133.3568054, 35.2912374], [133.3518493, 35.2910574], [133.3489533, 35.2906074], [133.3452478, 35.2900247], [133.339871, 35.2891792], [133.3376511, 35.2888263], [133.3312296, 35.2878007], [133.3244628, 35.2867656], [133.321416, 35.2862611], [133.3185317, 35.2863748], [133.3144751, 35.2869835], [133.3089648, 35.287732], [133.3063822, 35.2881299], [133.3018875, 35.2887978], [133.2984344, 35.2894894], [133.2914935, 35.2910053], [133.2880521, 35.2917324], [133.2849269, 35.2927816], [133.2824256, 35.2935963], [133.27704, 35.2948326], [133.2710393, 35.2961115], [133.2680012, 35.2966728], [133.2640926, 35.2985982], [133.2579583, 35.2998486], [133.2545985, 35.3013563], [133.2505474, 35.3032493], [133.2462491, 35.3038114], [133.2405849, 35.3046682], [133.2353738, 35.3052891], [133.228811, 35.3063743], [133.2237205, 35.3069509], [133.219297, 35.307476], [133.2163612, 35.3078099], [133.2106121, 35.3085068], [133.2072827, 35.3089095], [133.2027021, 35.3119646], [133.1967996, 35.3149367], [133.1903785, 35.3177159], [133.1830374, 35.3203112], [133.1793082, 35.3216708], [133.172996, 35.3242638], [133.1699465, 35.3255033], [133.1635243, 35.3275288], [133.1613432, 35.3290878], [133.1565917, 35.3325017], [133.1521084, 35.334964], [133.1476724, 35.3373492], [133.144646, 35.3389862], [133.1415148, 35.3406959], [133.1387921, 35.3436173], [133.1367733, 35.347001], [133.1341403, 35.3514541], [133.1313395, 35.3562556], [133.1298195, 35.3612542], [133.1288008, 35.3646738], [133.125862, 35.3695317], [133.1236412, 35.3732022], [133.1214516, 35.3769231], [133.1200032, 35.3793439], [133.1171608, 35.3832075], [133.115166, 35.3858746], [133.1135678, 35.3881394], [133.1103023, 35.3926508], [133.1115004, 35.3970515], [133.1122958, 35.3999658], [133.1132823, 35.4036402], [133.1134778, 35.4069284], [133.1127539, 35.4095784], [133.1117244, 35.4131127], [133.1110352, 35.4155881], [133.1092589, 35.4206393], [133.1080998, 35.4245586], [133.1072489, 35.4274312], [133.1067927, 35.4301908], [133.1063874, 35.4326297], [133.1059613, 35.4351678], [133.1056154, 35.4372602], [133.105261, 35.4390971], [133.1066521, 35.4424814], [133.1080375, 35.4458641], [133.1087807, 35.4478234], [133.1115712, 35.4519706], [133.113111, 35.4546697], [133.1146131, 35.4573098], [133.1173754, 35.4620933], [133.1196006888889, 35.46812628888889]]}, "properties": {"kv": 500, "name": "北松江幹線", "region": "chugoku", "loading": 0.0, "xfmr": false, "npts_orig": 95}}, {"type": "Feature", "geometry": {"type": "LineString", "coordinates": [[133.340293, 34.807264], [133.3374273, 34.8075278], [133.3344421, 34.8078539], [133.3300184, 34.8083561], [133.3257083, 34.8088411], [133.3230911, 34.8091077], [133.3209809, 34.8089271], [133.3167675, 34.8085529], [133.3133214, 34.809623], [133.3115253, 34.8101829], [133.30843, 34.8113809], [133.3068982, 34.8119599], [133.3043033, 34.8129673], [133.3003344, 34.8145073], [133.2986092, 34.8154393], [133.291342, 34.8177612], [133.2893824, 34.819453], [133.2877322, 34.8208448], [133.2857328, 34.8225596], [133.2841531, 34.8233745]]}, "properties": {"kv": 500, "name": "新岡山変電所~高梁市変電所線", "region": "chugoku", "loading": 0.0, "xfmr": false, "npts_orig": 20}}, {"type": "Feature", "geometry": {"type": "LineString", "coordinates": [[133.78332696666666, 34.458112311111115], [133.7840183, 34.4646869], [133.7824271, 34.4684042], [133.7854153, 34.4701239], [133.7865525, 34.4752534], [133.785753, 34.4786126], [133.7871897, 34.4814552], [133.786389, 34.4850896], [133.7858733, 34.4880762], [133.7852661, 34.4913207], [133.7865726, 34.4949193], [133.7874747, 34.4985871], [133.7889144, 34.5042139], [133.7912384, 34.5059561], [133.7932379, 34.508957], [133.7956453, 34.5110252], [133.7980775, 34.5130683], [133.8000474, 34.516486], [133.8037623, 34.5169937], [133.8093373, 34.5205718], [133.8126822, 34.5208416], [133.8158611, 34.519416], [133.8194165, 34.5205746], [133.8220424, 34.5213271], [133.8297609, 34.5228145], [133.8325571, 34.5231777], [133.8376734, 34.5236773], [133.8403919, 34.5259404], [133.8444927, 34.5253042], [133.8481422, 34.5231399], [133.8509701, 34.5214636], [133.8517881, 34.5195259], [133.8560828, 34.515932], [133.8598557, 34.5122741], [133.8638382, 34.5084548], [133.8677278, 34.504703], [133.8688398, 34.5028312], [133.87047, 34.5000255], [133.8705412, 34.4985863], [133.8707118, 34.495139], [133.8708438, 34.4929133], [133.8749752, 34.4914933], [133.8791814, 34.4902993], [133.881284, 34.4872753], [133.8859631, 34.4854065], [133.8916012, 34.4846798], [133.8963473, 34.4883535], [133.8997711, 34.490972], [133.903886, 34.4935963], [133.9071934, 34.4957207], [133.9097883, 34.4974108], [133.9146303, 34.5005012], [133.9164404, 34.5024615], [133.9178766, 34.5064969], [133.9181458, 34.5095089], [133.9173779, 34.5132768], [133.9176871, 34.5152902], [133.9202951, 34.5172172], [133.9219905, 34.5227514], [133.9243541, 34.5243044], [133.9266081, 34.5257711], [133.9286476, 34.5271309], [133.9325171, 34.5281744], [133.9378777, 34.5296123], [133.9400519, 34.530627], [133.9433829, 34.5322003], [133.9457765, 34.5332561], [133.9500898, 34.5371873], [133.9519797, 34.5429913], [133.9528424, 34.5456118], [133.9536852, 34.5481994], [133.9551911, 34.5539575], [133.9561884, 34.557785], [133.9566621, 34.5618054], [133.9569264, 34.5640598], [133.9598835, 34.5665565], [133.9620975, 34.5679239], [133.9673234, 34.5711225], [133.9703952, 34.5748672], [133.9716867, 34.5781231], [133.9730331, 34.5812023], [133.9752197, 34.5848972], [133.9810041, 34.5865455], [133.9826372, 34.5856423], [133.9862462, 34.5836108], [133.9898166, 34.5831489], [133.9932157, 34.5827004], [133.9975015, 34.581807], [134.004939, 34.5838884], [134.0079601, 34.5838635], [134.0138944, 34.5845972], [134.0189159, 34.5879143], [134.0221871, 34.5872862], [134.0277022, 34.5847532], [134.0297916, 34.5838048], [134.0346784, 34.5848024], [134.0392649, 34.5855332], [134.0561726, 34.5881547], [134.060096, 34.5869797], [134.0648835, 34.5866229], [134.0675029, 34.5864643], [134.0717739, 34.5870595], [134.0765037, 34.5877187], [134.0802712, 34.58993], [134.0849885, 34.5926762], [134.088489, 34.5947164], [134.0909075, 34.5957303], [134.0967817, 34.5978689], [134.1008109, 34.6004179], [134.1041822, 34.6025319], [134.1057609, 34.6074118], [134.1067539, 34.6105278], [134.1083157, 34.6151913], [134.1100773, 34.6174369], [134.1144673, 34.6230329], [134.1151594, 34.6265004], [134.1156487, 34.6291573], [134.117122, 34.6325094], [134.1200547, 34.6355508], [134.1218455, 34.6374135], [134.1241227, 34.6398206], [134.1271808, 34.6425745], [134.1298744, 34.6450927], [134.132775, 34.6470089], [134.1350977, 34.648591], [134.1380411, 34.6506054], [134.1425379, 34.6536205], [134.1447684, 34.6550018], [134.1471826, 34.6565367]]}, "properties": {"kv": 500, "name": "菰池二丁目変電所~東岡山変電所線", "region": "chugoku", "loading": 0.0, "xfmr": false, "npts_orig": 129}}, {"type": "Feature", "geometry": {"type": "LineString", "coordinates": [[133.78332696666666, 34.458112311111115], [133.7816763, 34.4536163], [133.7750888, 34.4511922], [133.7776851, 34.4442027], [133.7834358, 34.4338148], [133.808155, 34.4285406], [133.8256643, 34.4053519], [133.8569067, 34.3768792], [133.8602113, 34.3579628], [133.8604259, 34.3504517], [133.8602972, 34.332947], [133.86050184, 34.32751648]]}, "properties": {"kv": 500, "name": "菰池二丁目変電所~福江町三丁目変電所線", "region": "chugoku", "loading": 0.0, "xfmr": false, "npts_orig": 12}}, {"type": "Feature", "geometry": {"type": "LineString", "coordinates": [[134.1471826, 34.6565367], [134.147175, 34.6566653]]}, "properties": {"kv": 500, "name": "中国電力ネットワーク 500.0kV線", "region": "chugoku", "loading": 0.0, "xfmr": false, "npts_orig": 2}}, {"type": "Feature", "geometry": {"type": "LineString", "coordinates": [[134.18793675714286, 35.208410542857145], [134.1929319, 35.2074179], [134.1956944, 35.2075085], [134.202298, 35.2056533], [134.2067175, 35.2043303], [134.2089541, 35.2037594], [134.2119322, 35.2028997], [134.2145645, 35.2021491], [134.2200487, 35.2005462], [134.2236615, 35.2002183], [134.2277542, 35.199849], [134.2334292, 35.198598], [134.2404649, 35.1971003], [134.2450385, 35.1961099], [134.2498576, 35.1950792], [134.2566629, 35.191997], [134.2587261, 35.1899396], [134.262334, 35.186408], [134.2659541, 35.1828323], [134.2699151, 35.1802839], [134.2744525, 35.1773151], [134.276654, 35.176018], [134.281695, 35.1727238], [134.286274, 35.1702918], [134.2899664, 35.1669199], [134.2946353, 35.1626907], [134.2971996, 35.1602196], [134.3076534, 35.1559992], [134.3113331, 35.1545564], [134.3160494, 35.1524482], [134.3207974, 35.1502611], [134.3269322, 35.1475285], [134.3311967, 35.1468415], [134.336445, 35.1460031], [134.3401307, 35.1454315], [134.3458185, 35.1438241], [134.3503123, 35.1426393], [134.357975, 35.1407429], [134.3627318, 35.1404746], [134.3671025, 35.1401155], [134.3731763, 35.139639], [134.3775091, 35.1389712], [134.3806312, 35.1384915], [134.3870601, 35.1374994], [134.3916008, 35.1374445], [134.397531, 35.1374297], [134.4022913, 35.1366459], [134.4073563, 35.1357843], [134.4118664, 35.1353406], [134.4153088, 35.1350217], [134.4208339, 35.1344675], [134.423222, 35.1342472], [134.4280527, 35.1338069], [134.4318781, 35.1325863], [134.4345855, 35.1317489], [134.4405607, 35.1298575], [134.4482352, 35.1268329], [134.4544955, 35.1243374], [134.4578043, 35.1229734], [134.4623444, 35.1212313], [134.4691099, 35.1190494], [134.4728718, 35.1191185], [134.4770695, 35.1192086], [134.4839464, 35.1192787], [134.4882293, 35.1193665], [134.4931957, 35.1173112], [134.4966988, 35.1157983], [134.5018764, 35.113582], [134.5055682, 35.1119456], [134.5106824, 35.1085999], [134.5171812, 35.1044015], [134.5214465, 35.101592], [134.5236673, 35.1003064], [134.5315551, 35.0962287], [134.5374897, 35.0932889], [134.541017, 35.0913204], [134.5506012, 35.0849213], [134.5561837, 35.0835863], [134.5612275, 35.0817421], [134.5651746, 35.0801993], [134.5721127, 35.0771912], [134.5752222, 35.0756163], [134.5766779, 35.0748018], [134.5786481, 35.0737531], [134.5801326, 35.0721357], [134.5837594, 35.0726805], [134.5897666, 35.0702373], [134.5925958, 35.0691298], [134.5964851, 35.0699111], [134.5991418, 35.068069], [134.5977753, 35.0638925]]}, "properties": {"kv": 500, "name": "光都一丁目変電所~開閉所線", "region": "chugoku", "loading": 0.0, "xfmr": false, "npts_orig": 91}}, {"type": "Feature", "geometry": {"type": "LineString", "coordinates": [[134.365377875, 34.8783222], [134.36408, 34.88335], [134.3642282, 34.885266], [134.3643804, 34.8866175], [134.3632056, 34.8889627], [134.3625137, 34.8902619], [134.361761, 34.8916689], [134.3607165, 34.8936137], [134.3601542, 34.8947081], [134.3595631, 34.8957872], [134.3603731, 34.8980003], [134.3610008, 34.8997823], [134.3620254, 34.9026067], [134.3630607, 34.9045568], [134.363963, 34.9056988], [134.3638735, 34.9074835], [134.3637984, 34.909197], [134.3637123, 34.9110259], [134.3636368, 34.9128261], [134.362651, 34.9143064], [134.3620576, 34.9152675], [134.3609176, 34.9169149], [134.3591259, 34.9197894], [134.3594291, 34.9203172], [134.3576776, 34.9226682], [134.3557852, 34.9236045], [134.3541303, 34.926332], [134.352749, 34.9274613], [134.3499139, 34.9288973], [134.3484521, 34.9307741], [134.3475522, 34.9319637], [134.3469742, 34.9326531], [134.3448902, 34.9358514], [134.3442236, 34.9371531], [134.3433644, 34.9388143], [134.3426787, 34.9402601], [134.3427457, 34.9410592], [134.3431185, 34.9427841], [134.3440036, 34.9441429], [134.3461135, 34.9469825], [134.3474032, 34.9484057], [134.3486376, 34.9499877], [134.3497359, 34.951298], [134.3508745, 34.9525691], [134.3532635, 34.955064], [134.3549259, 34.9566917]]}, "properties": {"kv": 500, "name": "上郡変電所~久崎変電所線", "region": "chugoku", "loading": 0.0, "xfmr": false, "npts_orig": 46}}, {"type": "Feature", "geometry": {"type": "LineString", "coordinates": [[134.3549259, 34.9566917], [134.3526301, 34.9579224], [134.34905588571428, 34.961749157142854]]}, "properties": {"kv": 500, "name": "久崎変電所~光都一丁目変電所線", "region": "chugoku", "loading": 0.0, "xfmr": false, "npts_orig": 3}}, {"type": "Feature", "geometry": {"type": "LineString", "coordinates": [[134.3549259, 34.9566917], [134.3570675, 34.9565415], [134.3623498, 34.9552654], [134.3647791, 34.9535577], [134.3676102, 34.9515], [134.3697588, 34.9479496], [134.3710087, 34.9459559], [134.3718228, 34.9445863], [134.3736088, 34.9416412], [134.3757345, 34.9412493], [134.3780073, 34.9408792], [134.3801115, 34.9410399], [134.3831743, 34.9394856], [134.3847371, 34.9372564], [134.3855262, 34.9352839], [134.3865748, 34.9337356], [134.3877073, 34.9328002], [134.3887101, 34.9319619], [134.3906227, 34.9303448], [134.3938372, 34.9273493], [134.3982163, 34.9244052], [134.4006586, 34.9213744], [134.4023814, 34.9192699], [134.4041259, 34.9170183], [134.4057839, 34.9152502], [134.408071, 34.9127444], [134.4115159, 34.9106081], [134.4145875, 34.9089593]]}, "properties": {"kv": 500, "name": "久崎変電所~光都一丁目変電所線", "region": "chugoku", "loading": 0.0, "xfmr": false, "npts_orig": 28}}, {"type": "Feature", "geometry": {"type": "LineString", "coordinates": [[134.3549259, 34.9566917], [134.3569158, 34.9596934], [134.3571075, 34.9607362], [134.3572818, 34.9617432], [134.3578831, 34.9626502], [134.3592648, 34.963623], [134.3616473, 34.966169], [134.3623421, 34.9671558], [134.3630021, 34.9680573], [134.3637199, 34.9690251], [134.3643684, 34.9699549], [134.3650052, 34.9708848], [134.3656884, 34.9718051], [134.3663275, 34.9727515], [134.3669765, 34.9736756], [134.3680086, 34.9756111], [134.3679713, 34.977947], [134.3717889, 34.9799955], [134.3669201, 34.9802439], [134.3664666, 34.9814345], [134.3662193, 34.9826504], [134.3663533, 34.9839339], [134.3663636, 34.9851161], [134.366343, 34.9862728], [134.3663223, 34.9874634], [134.3662605, 34.9886286], [134.3652824, 34.9875851]]}, "properties": {"kv": 500, "name": "久崎変電所~長尾変電所線", "region": "chugoku", "loading": 0.0, "xfmr": false, "npts_orig": 27}}, {"type": "Feature", "geometry": {"type": "LineString", "coordinates": [[134.4145875, 34.9089593], [134.4181735, 34.9103533], [134.4179705, 34.9128862], [134.4170896, 34.9170861], [134.417465, 34.9191291], [134.4179062, 34.9219558], [134.4183581, 34.9251129], [134.4194727, 34.9274949], [134.420865, 34.9307469], [134.4211867, 34.9343095], [134.4214582, 34.9366115], [134.4218062, 34.9400064], [134.4209805, 34.9425581], [134.421473, 34.9452634], [134.4272798, 34.951288840000004]]}, "properties": {"kv": 500, "name": "中国送電線_161", "region": "chugoku", "loading": 0.0, "xfmr": false, "npts_orig": 15}}, {"type": "Feature", "geometry": {"type": "LineString", "coordinates": [[134.4145875, 34.9089593], [134.4155156, 34.9059326], [134.4162729, 34.9035221], [134.417149, 34.9006484], [134.420492, 34.8964539], [134.4229659, 34.894575], [134.4259425, 34.8922559], [134.4286591, 34.8894835], [134.4297534, 34.8883399], [134.4320771, 34.8859222], [134.4324273, 34.8855131]]}, "properties": {"kv": 500, "name": "光都一丁目変電所~西播変電所線", "region": "chugoku", "loading": 0.0, "xfmr": false, "npts_orig": 11}}, {"type": "Feature", "geometry": {"type": "LineString", "coordinates": [[134.4324273, 34.8855131], [134.4371609, 34.8888654], [134.4402338, 34.8909491], [134.4444738, 34.8940412], [134.4480234, 34.8949152], [134.4527444, 34.896348], [134.4576127, 34.8966336], [134.463882, 34.8970247], [134.4671305, 34.8972136], [134.4698166, 34.8973599], [134.4758901, 34.8983009], [134.4804123, 34.8990445], [134.4828041, 34.8993687], [134.4889796, 34.8997934], [134.491444, 34.9018188], [134.4922398, 34.9048095], [134.4932296, 34.9085287], [134.49401, 34.9114608], [134.4953395, 34.9165318], [134.4966067, 34.9214319], [134.4968441, 34.9254433], [134.496972, 34.9276693], [134.4971584, 34.9312194], [134.4973763, 34.9341665], [134.4973064, 34.9378133], [134.4978594, 34.9428674], [134.5002752, 34.94547], [134.5014515, 34.9466543], [134.5044502, 34.9497828], [134.5078176, 34.9516221], [134.5137244, 34.9547549], [134.5163487, 34.9560498], [134.519363, 34.9575584], [134.5236729, 34.959717], [134.5265831, 34.9613677], [134.5316192, 34.9642167], [134.5370024, 34.9672675], [134.5399031, 34.9689431], [134.5419002, 34.9699798], [134.5444769, 34.9714078], [134.5470531, 34.9727401], [134.5499231, 34.9742428], [134.556262, 34.974885], [134.561998, 34.9738968], [134.5657117, 34.9732051]]}, "properties": {"kv": 500, "name": "光都一丁目変電所~西播変電所線", "region": "chugoku", "loading": 0.0, "xfmr": false, "npts_orig": 45}}, {"type": "Feature", "geometry": {"type": "LineString", "coordinates": [[134.3652824, 34.9875851], [134.3661874, 34.9915319], [134.3664178, 34.9940562], [134.368479, 34.9978544], [134.3703894, 35.0027204], [134.3697808, 35.0054134], [134.3683439, 35.0076716], [134.3660308, 35.0100323], [134.36078312, 35.00907583]]}, "properties": {"kv": 500, "name": "久崎変電所~長尾変電所線", "region": "chugoku", "loading": 0.0, "xfmr": false, "npts_orig": 9}}, {"type": "Feature", "geometry": {"type": "LineString", "coordinates": [[133.95348848823528, 34.16501259019608], [133.9559489, 34.1697789], [133.9562282, 34.173681], [133.9553665, 34.1765786], [133.9534692, 34.1779203], [133.9523516, 34.1815565], [133.9506887, 34.1847433], [133.9461491, 34.1880795], [133.9431767, 34.1902642], [133.94144, 34.1930879], [133.9391083, 34.196835], [133.9343932, 34.1991435], [133.9291842, 34.2031002], [133.9258474, 34.2038792], [133.923711, 34.2056936], [133.9220168, 34.2070948], [133.9190189, 34.2100252], [133.9163368, 34.2126374], [133.9123741, 34.2151877], [133.9099103, 34.2170874], [133.9062117, 34.2201362], [133.9013071, 34.2241537], [133.8990673, 34.2277673], [133.8971778, 34.228717], [133.8951493, 34.231592], [133.8944326, 34.2346286], [133.8937894, 34.237164], [133.8926005, 34.2402738], [133.8940278, 34.2434011], [133.8952037, 34.2452315], [133.8978455, 34.2493067], [133.8984263, 34.2525619], [133.8982699, 34.2558961], [133.8954477, 34.2586783], [133.891973, 34.2630352], [133.8902818, 34.2652443], [133.8902183, 34.2668683], [133.8901867, 34.2676754], [133.8921698, 34.2688546], [133.8902672, 34.2717512], [133.8850881, 34.2761058], [133.8851701, 34.2789287], [133.8835977, 34.2802701], [133.8818792, 34.2831143], [133.877932, 34.2844324], [133.8747957, 34.2890849], [133.8741304, 34.291313], [133.8730784, 34.2946008], [133.8690909, 34.2969797], [133.8653936, 34.298871], [133.8623396526316, 34.30214687894737]]}, "properties": {"kv": 500, "name": "讃岐変電所~福江町三丁目変電所線", "region": "shikoku", "loading": 0.0, "xfmr": false, "npts_orig": 51}}, {"type": "Feature", "geometry": {"type": "LineString", "coordinates": [[133.95348848823528, 34.16501259019608], [133.959135, 34.1652329], [133.9630018, 34.1632874], [133.9653475, 34.1615206], [133.9694865, 34.1581601], [133.9714081, 34.1571732], [133.976174, 34.1546102], [133.9803265, 34.1517196], [133.9840014, 34.150212], [133.9878054, 34.1482263], [133.9921133, 34.1450968], [133.9934035, 34.144471], [133.9966607, 34.1427081], [134.002828, 34.141216], [134.0098351, 34.1401278], [134.0127335, 34.1396827], [134.0165583, 34.138038], [134.0224896, 34.1390397], [134.0249249, 34.1394354], [134.0290186, 34.1418961], [134.0336054, 34.1432316], [134.0382967, 34.1441466], [134.041987, 34.144938], [134.0477018, 34.1443137], [134.0496804, 34.1424261], [134.0523314, 34.1399415], [134.0585986, 34.1360047], [134.061542, 34.1341492], [134.0673511, 34.1335038], [134.0715519, 34.1330036], [134.0745344, 34.1331165], [134.0784428, 34.1308334], [134.0787254, 34.1284372], [134.0793395, 34.1261216], [134.080821, 34.1234509], [134.0834301, 34.1198167], [134.0870265, 34.1169462], [134.0916562, 34.1134422], [134.0940307, 34.1101931], [134.0951335, 34.1083916], [134.0986505, 34.1029129], [134.1031709, 34.0980838], [134.1056149, 34.0969567], [134.1116554, 34.0940772], [134.1145838, 34.0897174], [134.1191448, 34.0848563], [134.1192423, 34.0847523], [134.1177921, 34.0812832], [134.1151915, 34.077908], [134.1127286, 34.0746467], [134.1130688, 34.069627], [134.1158315, 34.0675667], [134.1200524, 34.066513], [134.1223371, 34.061862], [134.1256506, 34.0552105], [134.1268578, 34.0519819], [134.1282721, 34.0485308], [134.1293831, 34.0459202], [134.1319596, 34.0444367], [134.1358046, 34.0422306], [134.1433695, 34.0394282], [134.1466735, 34.0372135], [134.1505561, 34.0358707], [134.1564316, 34.0329722], [134.1589422, 34.0324177], [134.162677, 34.0316041], [134.1677584, 34.0313237], [134.1700252, 34.031213], [134.176572, 34.0317747], [134.1811368, 34.0323792], [134.1845861, 34.03282], [134.1883357, 34.0332609], [134.1944792, 34.0344128], [134.2015495, 34.0358349], [134.2075042, 34.0324289], [134.2111337, 34.0311988], [134.2141712, 34.0302957], [134.2181097, 34.030472], [134.2221329, 34.0311272], [134.2250436, 34.0316433], [134.2285911, 34.031997], [134.2307322, 34.0323507], [134.2372463, 34.034183], [134.2406188, 34.0355689], [134.2452858, 34.0358182], [134.2499387, 34.0347571], [134.2526955, 34.0341135], [134.2581811, 34.0350644], [134.2613927, 34.0348441], [134.2680748, 34.0355399], [134.2710275, 34.0358994], [134.276352, 34.0363178], [134.2823341, 34.0367907], [134.2853742, 34.0370492], [134.2882449, 34.0366281], [134.2901749, 34.036338], [134.2922745, 34.0360223], [134.2980159, 34.0351653], [134.3036057, 34.034855], [134.3063346, 34.0347899], [134.3108683, 34.034213], [134.3142369, 34.0338157], [134.3189187, 34.0317011], [134.3235861, 34.0296466], [134.3262905, 34.0277306], [134.3280353, 34.0265436], [134.334167, 34.022412], [134.3371493, 34.0211978], [134.3426272, 34.0200496], [134.3474546, 34.0195576], [134.350248, 34.0192732], [134.3570327, 34.0200112], [134.3607913, 34.0204429], [134.3679712, 34.0163419], [134.3762506, 34.0142098], [134.3796537, 34.0114649], [134.3839459, 34.00901], [134.3859828, 34.0081949], [134.3890147, 34.0069948], [134.392109, 34.0057656], [134.3945283, 34.0046949], [134.4004126, 34.0030128], [134.4082959, 34.00079834]]}, "properties": {"kv": 500, "name": "讃岐変電所~阿波変電所線", "region": "shikoku", "loading": 0.0, "xfmr": false, "npts_orig": 123}}, {"type": "Feature", "geometry": {"type": "LineString", "coordinates": [[133.95348848823528, 34.16501259019608], [133.9572153, 34.1607354], [133.9547829, 34.1589372], [133.9512991, 34.1564179], [133.9478993, 34.15438], [133.9429579, 34.1528265], [133.9418305, 34.1504502], [133.939422, 34.1492914], [133.9368902, 34.1468583], [133.934094, 34.1461926], [133.9312404, 34.1457568], [133.9284157, 34.1434109], [133.9243363, 34.1391866], [133.9225839, 34.1353901], [133.9198643, 34.1342328], [133.9163785, 34.1320453], [133.9150762, 34.1312013], [133.9139294, 34.1304041], [133.9087393, 34.1272037], [133.9053632, 34.1250755], [133.9013221, 34.1225521], [133.8956134, 34.1222235], [133.8898034, 34.119929], [133.8854897, 34.118025], [133.883213, 34.1171511], [133.8796262, 34.1156518], [133.8758915, 34.1137333], [133.8721378, 34.112544], [133.8680393, 34.1105778], [133.8658177, 34.1088969], [133.8633279, 34.1073905], [133.8584634, 34.1055351], [133.855517, 34.1043014], [133.8517602, 34.1020352], [133.8501279, 34.0996938], [133.8484208, 34.0971819], [133.8462802, 34.0941691], [133.843227, 34.0917006], [133.8390063, 34.0882776], [133.8360079, 34.0851544], [133.8332975, 34.0831909], [133.8283723, 34.0801785], [133.8254159, 34.0753038], [133.8228583, 34.0741436], [133.8195973, 34.0724987], [133.8159581, 34.0709004], [133.8107721, 34.0707419], [133.8076543, 34.0697486], [133.8033026, 34.0684685], [133.8002083, 34.068122], [133.7951825, 34.066762], [133.7905483, 34.0650448], [133.7869929, 34.0622483], [133.7843508, 34.0576147], [133.7831627, 34.0541229], [133.7803307, 34.0513522], [133.7770532, 34.049498], [133.7735656, 34.0476023], [133.7686743, 34.0449278], [133.7652226, 34.0427339], [133.7607903, 34.039948], [133.7553075, 34.0373502], [133.752856, 34.0362039], [133.7478162, 34.0338258], [133.7451683, 34.0325825], [133.7410043, 34.0306071], [133.7384124, 34.0297774], [133.7343926, 34.0293264], [133.7311033, 34.0285825], [133.7257658, 34.0273962], [133.7226603, 34.0255079], [133.7186028, 34.0217971], [133.7144781, 34.0183314], [133.7111411, 34.0172376], [133.7106196, 34.0170258], [133.7049346, 34.0154559], [133.7031846, 34.0136697], [133.699288, 34.0109454], [133.694435, 34.0080501], [133.6899439, 34.0056081], [133.6877907, 34.0044192], [133.6863327, 33.9991106], [133.6857252, 33.9939487], [133.6855809, 33.991136], [133.6813984, 33.9872641], [133.6801809, 33.9843798], [133.6771551, 33.9826139], [133.6747005, 33.9812501], [133.6717157, 33.9795884], [133.667944, 33.9779974], [133.6657302, 33.9770047], [133.6628276, 33.9756448], [133.6606138, 33.9759983], [133.6577604, 33.9765695], [133.6545993, 33.9753947], [133.6508237, 33.9737001], [133.6465764, 33.9731425], [133.6417716, 33.9726393], [133.6372947, 33.9719321], [133.615857, 33.9694282], [133.6140012, 33.9662889], [133.6121981, 33.963446], [133.6105021, 33.9615359], [133.6078242, 33.9600108], [133.6049654, 33.9586535], [133.602647, 33.9575527], [133.5963272, 33.9562496], [133.593435, 33.9556128], [133.5899716, 33.9553167], [133.5866332, 33.9529473], [133.5832412, 33.9526215], [133.5777783, 33.9521773], [133.5728741, 33.9515947], [133.5693051, 33.9489901], [133.5637812, 33.9482444], [133.5611302, 33.947637], [133.5564721, 33.9462861], [133.5529159, 33.945794], [133.5498489, 33.9453497], [133.545475, 33.9469047], [133.5407441, 33.9468899], [133.5356769, 33.9456214], [133.5337343, 33.9452051], [133.5280159, 33.9442721], [133.5219333, 33.9434749], [133.5190296, 33.9420973], [133.5152134, 33.9418762], [133.5119297, 33.9415883], [133.5090364, 33.9416476], [133.5036642, 33.9424431], [133.4989103, 33.9435581], [133.4930512, 33.944027], [133.4889346, 33.9447788], [133.4851324, 33.9449678], [133.4807494, 33.9472478], [133.476556, 33.9480251], [133.472808, 33.9486611], [133.4690499, 33.9479943], [133.464097, 33.9472555], [133.4618161, 33.9470573], [133.4548028, 33.9443765], [133.4524241, 33.9440702], [133.4464828, 33.9440612], [133.4432461, 33.9436107], [133.4364358, 33.9426555], [133.4322162, 33.9406784], [133.428979, 33.9384273], [133.4249055, 33.9358248], [133.4187773, 33.9362999], [133.4119962, 33.9379639], [133.4086044, 33.9393154], [133.4063835, 33.9403819], [133.4041626, 33.9415381], [133.4000144, 33.9433961], [133.3948043972222, 33.94401255555555]]}, "properties": {"kv": 500, "name": "四国中央東幹線", "region": "shikoku", "loading": 0.0, "xfmr": false, "npts_orig": 155}}, {"type": "Feature", "geometry": {"type": "LineString", "coordinates": [[133.8623396526316, 34.30214687894737], [133.8647604, 34.3069755], [133.8679898, 34.3104051], [133.8699532, 34.3121155], [133.8684404, 34.3138214], [133.8700712, 34.3173836], [133.8705915, 34.3189432], [133.8704467, 34.320166], [133.8697708, 34.3212648], [133.8667721, 34.3247337], [133.86050184, 34.32751648]]}, "properties": {"kv": 500, "name": "受電所~福江町三丁目変電所線", "region": "shikoku", "loading": 0.0, "xfmr": false, "npts_orig": 11}}, {"type": "Feature", "geometry": {"type": "LineString", "coordinates": [[134.4082959, 34.00079834], [134.4082959, 34.00079834]]}, "properties": {"kv": 500, "name": "阿波変電所~阿南周波数変換所線", "region": "shikoku", "loading": 0.0, "xfmr": false, "npts_orig": 2}}, {"type": "Feature", "geometry": {"type": "LineString", "coordinates": [[132.2564574, 34.4134344], [132.2544825, 34.4151993], [132.2507068, 34.4178751], [132.2499879, 34.4192149], [132.2477832, 34.423407], [132.2460825, 34.4284408], [132.243773, 34.4320075], [132.2408265, 34.4345664], [132.2395501, 34.4358477], [132.2376329, 34.4387466], [132.2358473, 34.4416595], [132.2354373, 34.4453277], [132.2282445, 34.4444895], [132.2233283, 34.4441364], [132.2204517, 34.4439251], [132.2181565, 34.4437545], [132.2157523, 34.443583], [132.2121534, 34.4418215], [132.2074167, 34.4398572], [132.2015336, 34.4383549], [132.1952695, 34.4377159], [132.1906319, 34.436947], [132.1820898, 34.435661], [132.1775406, 34.4350784], [132.1739374, 34.4346276], [132.1713222, 34.4342808], [132.1687323, 34.4339479], [132.1624469, 34.4331025], [132.1586545, 34.4323673], [132.1539643, 34.4313652], [132.1491098, 34.4295908], [132.1451912, 34.4281682], [132.1392718, 34.426222], [132.1332559, 34.4244465], [132.1272628, 34.4226369], [132.1229665, 34.4211403], [132.1185682, 34.4196685], [132.1148501, 34.4179146], [132.109504, 34.4154277], [132.1073933, 34.4140678], [132.1054289, 34.4128349], [132.1033875, 34.4115638], [132.1014001, 34.4103055], [132.0995282, 34.4083464], [132.0979798, 34.4061633], [132.0929411, 34.4027811], [132.0901095, 34.3990153], [132.0831609, 34.3891463], [132.081298, 34.3862561], [132.0790404, 34.3827944], [132.0767556, 34.3792], [132.075537, 34.3763562], [132.0721613, 34.3719862], [132.0701583, 34.3693271], [132.0659143, 34.3667142], [132.0591535, 34.3626427], [132.0536423, 34.3573], [132.0519425, 34.3556004], [132.0495142, 34.3532383], [132.0434962, 34.3475377], [132.0395476, 34.3439288], [132.0377316, 34.342229], [132.0344376, 34.3391168], [132.0316925, 34.3365711], [132.0294437, 34.334505], [132.0254951, 34.3314186], [132.0231407, 34.3296662], [132.0191815, 34.3266582], [132.0159613, 34.3241906], [132.0141243, 34.3214091], [132.0111575, 34.3166656], [132.0052029, 34.3115467], [132.0005891, 34.3060438], [131.9974723, 34.3014888], [131.9945604, 34.2984898], [131.9924072, 34.2963704], [131.9893485, 34.2943448], [131.9820052, 34.2925689], [131.9770054, 34.2911976], [131.9741429, 34.2903103], [131.9705822, 34.2889327], [131.9649064, 34.2869661], [131.9603298, 34.2841542], [131.9579197, 34.2827073], [131.9544112, 34.280607], [131.95175, 34.2788774], [131.9456149, 34.2745287], [131.9416828, 34.2717305], [131.9380394, 34.2691787], [131.9325664, 34.2653274], [131.9296291, 34.2631333], [131.925653, 34.2602803], [131.9228161, 34.2578474], [131.9197407, 34.2555182], [131.9145408, 34.2516015], [131.9108409, 34.2494329], [131.9046273, 34.2460036], [131.9004536, 34.2437675], [131.8979054, 34.2405532], [131.8918644, 34.2360339], [131.8893413, 34.2340388], [131.8868716, 34.2322122], [131.8839092, 34.2302118], [131.8805101, 34.2288099], [131.8748294, 34.2262486], [131.8716438, 34.2247473], [131.8661614, 34.2221686], [131.8612062, 34.2210502], [131.8554822, 34.2197787], [131.8494852, 34.2173654], [131.8421011, 34.2144927], [131.8364398, 34.210857], [131.8339356, 34.2093647], [131.8309606, 34.2066994], [131.8283088, 34.2031308], [131.8274427, 34.2019576], [131.826977, 34.2013077]]}, "properties": {"kv": 500, "name": "東山口幹線 (Higashi Yamaguchi Kansen)", "region": "shikoku", "loading": 0.0, "xfmr": false, "npts_orig": 117}}, {"type": "Feature", "geometry": {"type": "LineString", "coordinates": [[132.92878036, 33.792162755999996], [132.9339884, 33.786243], [132.9373832, 33.7855749], [132.9414179, 33.7849352], [132.9449214, 33.7843261], [132.9490775, 33.7845529], [132.9516505, 33.7858526], [132.9530796, 33.7866994], [132.9572812, 33.7916251], [132.9615756, 33.7925727], [132.9651469, 33.7937788], [132.9696858, 33.79526], [132.971924, 33.7964759], [132.974128, 33.7978333], [132.9802706, 33.8009628], [132.9839521, 33.8036869], [132.9888931, 33.8068337], [132.9940688, 33.8079819], [132.9963541, 33.8081873], [132.9993245, 33.8085656], [133.0024553, 33.8092322], [133.007221, 33.8093439], [133.0123465, 33.8093691], [133.0168867, 33.8094772], [133.0223679, 33.8095997], [133.0253296, 33.8096033], [133.030685, 33.8094772], [133.0367515, 33.8115777], [133.0402987, 33.8139953], [133.0448475, 33.8152346], [133.0479783, 33.8160381], [133.0544092, 33.8173278], [133.0605114, 33.8188321], [133.0650469, 33.8193107], [133.0680185, 33.8198695], [133.0738865, 33.8218617], [133.0781875, 33.8256625], [133.0805078, 33.8299916], [133.0846793, 33.831699], [133.0873288, 33.8322177], [133.0904163, 33.8338566], [133.0927363, 33.8351029], [133.0968948, 33.8400375], [133.099037, 33.8425875], [133.1017602, 33.84459], [133.1052943, 33.8472659], [133.107172, 33.8500065], [133.1101349, 33.8525653], [133.115755, 33.856094], [133.1205279, 33.8587712], [133.1256424, 33.8616128], [133.1290385, 33.8660926], [133.1325409, 33.8707617], [133.1356799, 33.8721791], [133.1414288, 33.8727952], [133.1447897, 33.8725938], [133.1474332, 33.8724974], [133.150534, 33.8723806], [133.155169, 33.8723135], [133.1591333, 33.8724013], [133.1647902, 33.8731816], [133.1684669, 33.8757717], [133.172194, 33.8775146], [133.1769715, 33.8776217], [133.1829501, 33.8794398], [133.1885915, 33.8806564], [133.193976, 33.8808524], [133.1991626, 33.8806881], [133.2020047, 33.8801312], [133.2083259, 33.8812939], [133.2148972, 33.8794234], [133.2190334, 33.8791423], [133.2252609, 33.8785565], [133.2287834, 33.8783132], [133.2328771, 33.8794378], [133.2359898, 33.8805966], [133.238587, 33.8815483], [133.2436926, 33.8832971], [133.2492804, 33.8838695], [133.2550204, 33.8844524], [133.2607944, 33.8852179], [133.2675665, 33.8854778], [133.2718642, 33.8850915], [133.2749563, 33.8850739], [133.2777565, 33.8852003], [133.2829298, 33.8850599], [133.2859923, 33.8869807], [133.288636, 33.8883396], [133.2909964, 33.8897055], [133.2952179, 33.890615], [133.300408, 33.8908011], [133.3044984, 33.8932554], [133.3063681, 33.8947652], [133.311131, 33.8974653], [133.3149126, 33.8982974], [133.3187069, 33.9003934], [133.3223383, 33.9046106], [133.3256347, 33.9064579], [133.3299823, 33.9067715], [133.3326683, 33.9101034], [133.337328, 33.9132418], [133.3395526, 33.914027], [133.3453082, 33.9162372], [133.3518167, 33.9185158], [133.3551786, 33.9197568], [133.3597429, 33.9212063], [133.3641756, 33.9230231], [133.3676752, 33.9246959], [133.3713302, 33.9268948], [133.3736572, 33.9279669], [133.381164, 33.9288866], [133.3831373, 33.9299238], [133.3831164, 33.93183], [133.3867816, 33.9346063], [133.3904366, 33.9373112], [133.3938763, 33.9398274], [133.3948043972222, 33.94401255555555]]}, "properties": {"kv": 500, "name": "四国中央中幹線", "region": "shikoku", "loading": 0.0, "xfmr": false, "npts_orig": 117}}, {"type": "Feature", "geometry": {"type": "LineString", "coordinates": [[132.92878036, 33.792162755999996], [132.9264978, 33.7871881], [132.9263441, 33.7847655], [132.9231556, 33.7783906], [132.9254084, 33.7745986], [132.9250411, 33.7722146], [132.9234157, 33.7687844], [132.9221801, 33.7663822], [132.9202714, 33.7639334], [132.9163077, 33.7600494], [132.9135549, 33.7589935], [132.9095319, 33.7578094], [132.9071551, 33.757346], [132.9039026, 33.7562714], [132.9007804, 33.7532237], [132.8976778, 33.7484735], [132.8953821, 33.746498], [132.8929026, 33.7443964], [132.8886546, 33.7402137], [132.8864471, 33.7383076], [132.8827531, 33.7350767], [132.8765779, 33.7335668], [132.8734598, 33.7326884], [132.8687091, 33.7319133], [132.8653463, 33.729758], [132.8601228, 33.7271998], [132.857032, 33.7246171], [132.8547896, 33.7227751], [132.8504353, 33.7214071], [132.8462951, 33.7189911], [132.843456, 33.7162488], [132.8409871, 33.7111952], [132.8400018, 33.7085879], [132.8384681, 33.705355], [132.8365448, 33.7000808], [132.8331386, 33.6968605], [132.8272517, 33.6940645], [132.8212166, 33.6950218], [132.8187721, 33.6949771], [132.8152525, 33.6949558], [132.8100201, 33.6927287], [132.8063014, 33.6923218], [132.801456, 33.6899599], [132.7960698, 33.6875907], [132.7898836, 33.6847438], [132.7866295, 33.6834306], [132.7815219, 33.68095], [132.7775524, 33.6795142], [132.7749896, 33.6759949], [132.7726319, 33.6731176], [132.7720597, 33.6699038], [132.7700866, 33.6665519], [132.7685114, 33.6636737], [132.7657237, 33.6606733], [132.7642254, 33.6584039], [132.7624155, 33.6555506], [132.7601249, 33.6519862], [132.7568236, 33.6498126], [132.7528644, 33.6472695], [132.7487499, 33.6457741], [132.7447597, 33.6444403], [132.7396703, 33.6415714], [132.7373071, 33.6402837], [132.7329933, 33.6376074], [132.7302743, 33.6359408], [132.7245532, 33.6327747], [132.7204071, 33.6304926], [132.7160132, 33.6281061], [132.7114276, 33.6279551], [132.7056704, 33.6283068], [132.7003691, 33.6293293], [132.6952042, 33.6286166], [132.6917816, 33.6279648], [132.6874396, 33.6271387], [132.6836242, 33.6263026], [132.6802107, 33.6248516], [132.6751182, 33.6233553], [132.6683008, 33.6214828], [132.661698, 33.621273], [132.6581039, 33.6210504], [132.6526806, 33.6215344], [132.6465847, 33.622283], [132.6433435, 33.621251], [132.6416561, 33.6207191], [132.6348019, 33.6199412], [132.6298548, 33.6208546], [132.6258642, 33.6203831], [132.6198304, 33.6190897], [132.6170822, 33.6176368], [132.6123016, 33.6173649], [132.6101969, 33.6156547], [132.6055787, 33.6139146], [132.5995303, 33.6150168], [132.596664, 33.616183], [132.5927171, 33.615822], [132.5908935, 33.6156755], [132.5878176, 33.6134958], [132.5812625, 33.6123234], [132.577343, 33.6116887], [132.5742531, 33.6108577], [132.5690204, 33.6082638], [132.5637128, 33.6056996], [132.5605925, 33.6017152], [132.5591987, 33.5987515], [132.5558853, 33.5946121], [132.5514221, 33.5918148], [132.5476777, 33.5905278], [132.5455105, 33.589795], [132.5421552, 33.5885957], [132.5369325, 33.5873161], [132.5324184, 33.588023], [132.5307813, 33.5882863], [132.5256899, 33.5885998], [132.5208367, 33.5875664], [132.5169463, 33.5891299], [132.5129452, 33.5891649], [132.5066823, 33.5869012], [132.5035393, 33.5837332], [132.4998754, 33.580293], [132.4958219, 33.5791222], [132.4909393, 33.578542], [132.4849788, 33.577728], [132.4808354, 33.5779777], [132.4780687, 33.5781811], [132.4726896, 33.5769709], [132.4677185, 33.5750306], [132.4662762, 33.5732047], [132.4636356, 33.5701499], [132.4611013, 33.5672366], [132.4583993, 33.5639125], [132.4569893, 33.5618718], [132.4550492, 33.5589951], [132.4522506, 33.5573944], [132.4500591, 33.5533725], [132.4477486, 33.5518473], [132.445931, 33.5497693], [132.4439922, 33.5476577], [132.4418826, 33.5450888], [132.4389923, 33.541872], [132.4339735, 33.5389176], [132.4335444, 33.5368518], [132.431345, 33.5338381], [132.42856, 33.5315538], [132.4240956, 33.527795], [132.4205531, 33.5257927], [132.4162334, 33.5245929], [132.4121708, 33.5221067], [132.4026661, 33.5175687], [132.3961454, 33.5167921], [132.3941333, 33.5165375], [132.3911217, 33.516131], [132.3877017, 33.5156286], [132.3847079, 33.5147821], [132.3818979, 33.5137683], [132.3758074, 33.5125117], [132.3732328, 33.51186], [132.3690478, 33.5113508], [132.3631096, 33.5093573], [132.3575952, 33.5078095], [132.3535441, 33.505825], [132.3505704, 33.5041909], [132.3491192, 33.5021353], [132.3465374, 33.4989263], [132.3431361, 33.4978323], [132.3396571, 33.4974514], [132.3351771, 33.4962142], [132.3314195, 33.4967598], [132.3262755, 33.4954362], [132.3223656, 33.4939153], [132.3177107, 33.4915326], [132.31185744166666, 33.488889666666665]]}, "properties": {"kv": 500, "name": "四国中央西幹線", "region": "shikoku", "loading": 0.0, "xfmr": false, "npts_orig": 171}}, {"type": "Feature", "geometry": {"type": "LineString", "coordinates": [[134.4082959, 34.00079834], [134.412164, 33.9960831], [134.4144813, 33.9941131], [134.4133296, 33.9895214], [134.4123718, 33.985674], [134.412141, 33.9814288], [134.4106372, 33.97807], [134.4075808, 33.9741283], [134.4052743, 33.9713145], [134.4036672, 33.9675091], [134.4019684, 33.9634936], [134.4005026, 33.9600456], [134.3996586, 33.9571862], [134.3995097, 33.9546889], [134.3994458, 33.9524897], [134.400551, 33.9498213], [134.4025953, 33.946656], [134.4042875, 33.9433124], [134.4064248, 33.9394345], [134.410451, 33.9358266], [134.4127736, 33.9336882], [134.4127908, 33.9296291], [134.4129565, 33.9260285], [134.4174301, 33.9215486], [134.4219941, 33.9188368], [134.4235861, 33.9127896], [134.4242373, 33.9108588], [134.4274828, 33.9068958], [134.4324678, 33.9013485], [134.433706, 33.8990521], [134.4359407, 33.8952333], [134.4371833, 33.8920719], [134.4378929, 33.8902768], [134.4397138, 33.8860063], [134.4422371, 33.8801321], [134.443809, 33.877994], [134.4447476, 33.8765769], [134.4471111, 33.873636], [134.4501933, 33.8702158], [134.4553709, 33.8668756], [134.457486, 33.8650139], [134.4606884, 33.860868], [134.4625708, 33.8574099], [134.4645417, 33.854036], [134.4663423, 33.8515036], [134.4702935, 33.8490192], [134.4718447, 33.846485], [134.4750752, 33.8431572], [134.4772277, 33.8400817], [134.4785827, 33.8377624], [134.4798778, 33.8330399], [134.4833218, 33.8303982], [134.487403, 33.8284205], [134.4944027, 33.8255898], [134.5003267, 33.8231571], [134.5069878, 33.8205652], [134.5110422, 33.8195703], [134.5166385, 33.8176181], [134.5214518, 33.8174881], [134.5259174, 33.8165235], [134.5307913, 33.8163857], [134.5357617, 33.8174678], [134.5385494, 33.818], [134.5432047, 33.818862], [134.5458842, 33.8190793], [134.5517371, 33.8183036], [134.557015, 33.817576], [134.5608618, 33.8173216], [134.5639558, 33.8171997], [134.5675602, 33.8171043], [134.5718726, 33.8166379], [134.5743415, 33.8163782], [134.5807974, 33.8164365], [134.5831387, 33.8178198], [134.5869089, 33.8186996], [134.5922293, 33.8201147], [134.5958719, 33.8202578], [134.5989596, 33.8193568], [134.603859, 33.8189487], [134.6093006, 33.8202101], [134.6121905, 33.8205069], [134.6170898, 33.8208143], [134.6223273, 33.8211535], [134.6259253, 33.8225156], [134.6308005, 33.8253319], [134.6366772846154, 33.82773606153846]]}, "properties": {"kv": 500, "name": "阿波変電所~阿南周波数変換所線", "region": "shikoku", "loading": 0.0, "xfmr": false, "npts_orig": 86}}, {"type": "Feature", "geometry": {"type": "LineString", "coordinates": [[134.6366772846154, 33.82773606153846], [134.6389067, 33.8324888], [134.6382904, 33.8370428], [134.6349457, 33.8391214], [134.6330923, 33.8398811], [134.6320479, 33.8430391], [134.6328767, 33.8463472], [134.6349836, 33.8477239], [134.6374485, 33.8502055], [134.6387105, 33.853598], [134.6400945, 33.8556317], [134.6420177, 33.8586943], [134.6446046, 33.8608148], [134.6503714, 33.8607346]]}, "properties": {"kv": 500, "name": "阿南発電所 (Anan Power Station)~阿南周波数変換所線", "region": "shikoku", "loading": 0.0, "xfmr": false, "npts_orig": 14}}, {"type": "Feature", "geometry": {"type": "LineString", "coordinates": [[133.7830871, 34.4573518], [133.7816763, 34.4536163], [133.7750888, 34.4511922], [133.7776851, 34.4442027], [133.7834358, 34.4338148], [133.808155, 34.4285406], [133.8256643, 34.4053519], [133.8569067, 34.3768792], [133.8602113, 34.3579628], [133.8604259, 34.3504517], [133.8602972, 34.332947], [133.86050184, 34.32751648]]}, "properties": {"kv": 500, "name": "受電所~福江町三丁目変電所線", "region": "shikoku", "loading": 0.0, "xfmr": false, "npts_orig": 12}}, {"type": "Feature", "geometry": {"type": "LineString", "coordinates": [[130.583618008, 33.479420372], [130.5775999, 33.4767092], [130.575097, 33.4741218], [130.5724373, 33.4716296], [130.5698738, 33.4691016], [130.5674315, 33.4663712], [130.5646006, 33.4636408], [130.5617982, 33.4609995], [130.5598765, 33.4591732], [130.5583541, 33.4577424], [130.5555125, 33.4555264], [130.5523856, 33.4542592], [130.5519772, 33.451711], [130.5489821, 33.4488271], [130.5456348, 33.4461694], [130.5423061, 33.443587], [130.53769268888888, 33.44046487777778]]}, "properties": {"kv": 500, "name": "背振幹線", "region": "kyushu", "loading": 0.0, "xfmr": false, "npts_orig": 17}}, {"type": "Feature", "geometry": {"type": "LineString", "coordinates": [[130.583618008, 33.479420372], [130.581639, 33.4826731], [130.5851484, 33.4867397], [130.590246, 33.4885437], [130.5935507, 33.4897925], [130.5980181, 33.49287], [130.6003106, 33.4949484], [130.6014872, 33.4980941], [130.6040828, 33.4997055], [130.6073818, 33.4993479], [130.6105415, 33.4969932], [130.6131282, 33.4951346], [130.6155787, 33.4941675], [130.62249808181818, 33.49066136363636]]}, "properties": {"kv": 500, "name": "背振幹線", "region": "kyushu", "loading": 0.0, "xfmr": false, "npts_orig": 14}}, {"type": "Feature", "geometry": {"type": "LineString", "coordinates": [[130.53769268888888, 33.44046487777778], [130.5328452, 33.4417579], [130.5296262, 33.4426077], [130.5257131, 33.4428123], [130.5230279, 33.4458155], [130.5193656, 33.4478085], [130.516181, 33.4496281], [130.513031, 33.4513957], [130.5099294, 33.4531343], [130.507561, 33.4543206], [130.5028332, 33.4534174], [130.4985339, 33.451361], [130.4929954, 33.4486576], [130.4896516, 33.4460639], [130.4860031, 33.4432102], [130.4808314, 33.4418493], [130.476906, 33.4408333], [130.4736274, 33.4399339], [130.4706543, 33.4382056], [130.4656587, 33.4364712], [130.463082, 33.4356429], [130.4600641, 33.4368812], [130.4558981, 33.4360654], [130.4534567, 33.4361491], [130.4494713, 33.434505], [130.4461375, 33.4330533], [130.4416708, 33.4315262], [130.4380713, 33.4299019], [130.4337926, 33.4302999], [130.4285847, 33.4311149], [130.4249113, 33.4309888], [130.4199141, 33.4285318], [130.4159957, 33.4287559], [130.4133358, 33.4305169], [130.409054, 33.4340896], [130.4036499, 33.4357999], [130.4028323, 33.4383538], [130.4013911, 33.4429225], [130.3993812, 33.4466325], [130.3964666, 33.4492365], [130.3933699, 33.4511273], [130.3892496, 33.453642], [130.3866638, 33.4552758], [130.3825105, 33.4577255], [130.3775254, 33.4607749], [130.3753316, 33.4631735], [130.3722168, 33.4653316], [130.3694907, 33.467238], [130.36461375, 33.47021671666667]]}, "properties": {"kv": 500, "name": "背振幹線", "region": "kyushu", "loading": 0.0, "xfmr": false, "npts_orig": 49}}, {"type": "Feature", "geometry": {"type": "LineString", "coordinates": [[130.53769268888888, 33.44046487777778], [130.5327353, 33.4398129], [130.5287381, 33.4385194], [130.5236722, 33.4407376], [130.5180985, 33.4408074], [130.5142684, 33.438658], [130.5113623, 33.437053], [130.5085567, 33.4353677], [130.5071688, 33.4313614], [130.5048591, 33.4289665], [130.5024157, 33.4265298], [130.4969281, 33.4253352], [130.4932878, 33.4220272], [130.4913908, 33.4202939], [130.4891134, 33.4182341], [130.4869313, 33.4162209], [130.4839363, 33.4134441], [130.4814415, 33.4091567], [130.4800457, 33.4067178], [130.4753619, 33.4039826], [130.4715593, 33.4022146], [130.4676926, 33.4004733], [130.464539, 33.3989251], [130.4588904, 33.397738], [130.4543669, 33.3964465], [130.4502964, 33.3952398], [130.4468276, 33.3948876], [130.4430775, 33.3944636], [130.4393899, 33.3940787], [130.4338428, 33.3945027], [130.42884, 33.3948762], [130.425991, 33.3950702], [130.4225393, 33.3956486], [130.4165352, 33.3940759], [130.413387, 33.3930922], [130.4094259, 33.3919833], [130.4058281, 33.3936775], [130.4034877, 33.3946965], [130.4011059, 33.3957535], [130.3993297, 33.3966722], [130.3951037, 33.3978079], [130.390252, 33.3991252], [130.3855362, 33.3999126], [130.3806119, 33.400647], [130.3759416, 33.400541], [130.3708268, 33.4002912], [130.3653947, 33.3987694], [130.3629008, 33.3980199], [130.357172, 33.3986006], [130.3524382, 33.3994864], [130.3497901, 33.4000391], [130.3460715, 33.4007842], [130.3418457, 33.4002006], [130.3388702, 33.3998473], [130.3360024, 33.3994582], [130.3313566, 33.3990526], [130.3289756, 33.398847], [130.325779, 33.3985535], [130.3225085, 33.3976395], [130.3168507, 33.3959877], [130.3111102, 33.3946979], [130.3056421, 33.3950958], [130.3011606, 33.3953128], [130.2954344, 33.3945069], [130.2913053, 33.3950992], [130.2880362, 33.3956474], [130.284727, 33.3955908], [130.2807021, 33.3955563], [130.2763622, 33.3953612], [130.2739738, 33.3952804], [130.2696835, 33.3950399], [130.2668331, 33.3931967], [130.2641334, 33.3924768], [130.2589374, 33.3909608], [130.2567055, 33.3910311], [130.2531788, 33.3911196], [130.2486769, 33.3911786], [130.2444859, 33.3912022], [130.2396588, 33.3912258], [130.2360544, 33.3912612], [130.2311567, 33.3909072], [130.2263063, 33.3904282], [130.2223777, 33.3907998], [130.2132941, 33.3907185], [130.2077454, 33.388659], [130.2011502, 33.3868859], [130.194962, 33.386388], [130.1925319, 33.386191], [130.186957, 33.3858015], [130.1828116, 33.3850353], [130.1786756, 33.3842739], [130.1757673, 33.383644], [130.1716858, 33.3811204], [130.1671821, 33.3784005], [130.1652053, 33.3779805], [130.1624, 33.3773844], [130.1584627, 33.3766389], [130.1545791, 33.3763982], [130.151521, 33.3745667], [130.147959, 33.3722999], [130.1460385, 33.3711172], [130.1419513, 33.3691121], [130.1372597, 33.369042], [130.1329868, 33.3689781], [130.1297453, 33.3689297], [130.1271876, 33.3694077], [130.1240427, 33.3698979], [130.1211379, 33.3694589], [130.1191586, 33.369156], [130.1140724, 33.3683866], [130.1107155, 33.3677967], [130.1045609, 33.3677471], [130.1002406, 33.368541], [130.096661, 33.369267], [130.0924419, 33.3701191], [130.0880228, 33.3712792], [130.085198, 33.3719244], [130.0814896, 33.3728922], [130.0776825, 33.3731167], [130.0739821, 33.3731434], [130.0698857, 33.3732017], [130.066465, 33.3724808], [130.0638756, 33.3713662], [130.0609424, 33.3701715], [130.0563446, 33.3687484], [130.0523064, 33.3685346], [130.0481701, 33.3663952], [130.04494, 33.3647845], [130.042846, 33.3631024], [130.0410238, 33.3616072], [130.0394809, 33.3597723], [130.0367073, 33.3564625], [130.0342896, 33.3555847], [130.02983, 33.3539825], [130.0242098, 33.3553273], [130.0200304, 33.3563049], [130.0147042, 33.3575508], [130.0111429, 33.357874], [130.0075816, 33.3581972], [130.0023193, 33.3591045], [130.0001462, 33.3588413], [129.9967766, 33.3584331], [129.9923031, 33.3572152], [129.9900386, 33.3563261], [129.9847725, 33.3542208], [129.9821389, 33.3531398], [129.9788272, 33.3518653], [129.9761089, 33.3507937], [129.9722005, 33.3522505], [129.9679149, 33.353745], [129.9642136, 33.3536706], [129.9610039, 33.3535052], [129.9571034, 33.3543589], [129.9505166, 33.3546521], [129.944957, 33.3546651], [129.9418339, 33.3546694], [129.9386076, 33.3534233], [129.9348754, 33.3519831], [129.92936985882352, 33.34973471764706]]}, "properties": {"kv": 500, "name": "佐賀幹線", "region": "kyushu", "loading": 0.0, "xfmr": false, "npts_orig": 159}}, {"type": "Feature", "geometry": {"type": "LineString", "coordinates": [[130.53769268888888, 33.44046487777778], [130.5449355, 33.4385814], [130.5482066, 33.4372485], [130.5489143, 33.4369601], [130.5511409, 33.4365386], [130.5523292, 33.4363137], [130.5556696, 33.4358005], [130.5575668, 33.4354547], [130.55906, 33.4351826], [130.561939, 33.4359449], [130.5658025, 33.4370181], [130.5685513, 33.4397904], [130.56983, 33.4417367], [130.5738108, 33.4435128], [130.5779287, 33.4453774], [130.5804902, 33.4481837], [130.5829997, 33.4509302], [130.5853788, 33.4535895], [130.5875167, 33.4559442], [130.588918, 33.4574994], [130.5916621, 33.4585544], [130.5954295, 33.4600008], [130.5991643, 33.4614908], [130.6029187, 33.4629535], [130.6064384, 33.4642911], [130.61046, 33.4659115], [130.6124676, 33.4692011], [130.6142405, 33.4722296], [130.6173756, 33.4746653], [130.6198329, 33.4765954], [130.6208171, 33.4797812], [130.6227738, 33.482343], [130.624625, 33.4849944], [130.6249414, 33.4857553], [130.6257878, 33.4881371], [130.6237713111111, 33.49187337777778]]}, "properties": {"kv": 500, "name": "佐賀幹線", "region": "kyushu", "loading": 0.0, "xfmr": false, "npts_orig": 36}}, {"type": "Feature", "geometry": {"type": "LineString", "coordinates": [[130.36461375, 33.47021671666667], [130.3605025, 33.4729038], [130.3563938, 33.474189], [130.3521884, 33.4753066], [130.3505136, 33.4757722], [130.3426014, 33.4746919], [130.3389318, 33.4728293], [130.3348231, 33.473475], [130.3304985, 33.4742325], [130.3278562, 33.4748658], [130.3254966, 33.4753935], [130.3202044, 33.474425], [130.3174355, 33.4756543], [130.3142126, 33.4784171], [130.3108705, 33.4792987], [130.3086822, 33.4798698], [130.3040301, 33.4788392], [130.3006285, 33.4791124], [130.2955894, 33.4794787], [130.2914435, 33.4797581], [130.2871487, 33.4800871], [130.2838513, 33.4804162], [130.2799882, 33.4795346], [130.2772061, 33.4782992], [130.2749979, 33.4773699], [130.2711777, 33.4752252], [130.2665358, 33.4735718], [130.2627232, 33.4705181], [130.2612467, 33.4674895], [130.2588904, 33.4648363], [130.2551941, 33.4648447], [130.2520743, 33.4646675], [130.2477864, 33.4633177], [130.2432706, 33.4619281], [130.2399958, 33.4593588], [130.2342545, 33.4577777], [130.2306035, 33.4579056], [130.227259, 33.4581148], [130.222103, 33.4583241], [130.2176716, 33.4585101], [130.2120139, 33.4574987], [130.2062726, 33.4569522], [130.2020363, 33.4564639], [130.1959884, 33.4546502], [130.1917521, 33.4528365], [130.189188, 33.4497088], [130.1862756, 33.4459764], [130.1829033, 33.4448951], [130.1800465, 33.4433369], [130.1763816, 33.439895], [130.1744641, 33.4363452], [130.173635, 33.4348101], [130.1705693, 33.4320999], [130.1674747, 33.4292924], [130.1647426, 33.4264692], [130.1614666, 33.4252989], [130.1585483, 33.424296], [130.1544714, 33.422917], [130.1493644, 33.4212873], [130.1456952, 33.4201052], [130.1429139, 33.4193057], [130.137172, 33.4197559], [130.1320267, 33.4191381], [130.1287436, 33.4187441], [130.1260102, 33.4184184], [130.1223865, 33.418484], [130.1177666, 33.4179512], [130.1137485, 33.4175471], [130.1097393, 33.4172563], [130.1043089, 33.4154495], [130.1006926, 33.4127879], [130.0970914, 33.4125286], [130.0939572, 33.4111398], [130.0895605, 33.4093191], [130.0848909, 33.4073159], [130.0787019, 33.4062878], [130.0750777, 33.4053879], [130.0704598, 33.4038676], [130.0667524, 33.4028743], [130.0611452, 33.4008746], [130.0567669, 33.4007562], [130.0510017, 33.4009855], [130.0472672, 33.4002079], [130.0427457, 33.3999867], [130.038077, 33.3998702], [130.031594, 33.3992379], [130.0277638, 33.3994887], [130.0224657, 33.3996243], [130.0194513, 33.4001684], [130.0147768, 33.4026017], [130.0096778, 33.4020621], [130.0067292, 33.399065], [130.0046863, 33.3963679], [130.001859, 33.3943441], [129.9974663, 33.390772], [129.9950124, 33.3883131], [129.9922521, 33.3863974], [129.9881347, 33.3853197], [129.9824447, 33.3869885], [129.9795027, 33.3867138], [129.9748829, 33.3863782], [129.9688347, 33.3853598], [129.9648238, 33.3850301], [129.9623671, 33.3855168], [129.9585192, 33.3864012], [129.9539494, 33.3874675], [129.9499373, 33.3905251], [129.9469683, 33.3917905], [129.9420139, 33.3920421], [129.9372633, 33.3920791], [129.9291206, 33.3931685], [129.924477, 33.3936003], [129.9236435, 33.3937678]]}, "properties": {"kv": 500, "name": "玄海幹線2号線北線", "region": "kyushu", "loading": 0.0, "xfmr": false, "npts_orig": 113}}, {"type": "Feature", "geometry": {"type": "LineString", "coordinates": [[130.36461375, 33.47021671666667], [130.3713766, 33.4708685], [130.3764067, 33.4702134], [130.3824346, 33.4688062], [130.3900882, 33.4687741], [130.3931648, 33.4686225], [130.3980535, 33.4697989], [130.3995151, 33.4724475], [130.4013816, 33.4749551], [130.4057079, 33.4761576], [130.4082338, 33.4760946], [130.4127487, 33.475452], [130.4177592, 33.4742798], [130.421511, 33.4730445], [130.4260164, 33.4716189], [130.4297686, 33.4710464], [130.4344625, 33.4699305], [130.437386, 33.4699544], [130.4425935, 33.4684621], [130.4461462, 33.4674436], [130.4504486, 33.466594], [130.4538053, 33.463779], [130.4580063, 33.461603], [130.4604622, 33.4600476], [130.4631691, 33.4590744], [130.4665662, 33.4584667], [130.470937, 33.457629], [130.4753099, 33.458609], [130.4788534, 33.4602871], [130.4829653, 33.4617726], [130.4853276, 33.4625024], [130.489065, 33.4637624], [130.4929276, 33.4631113], [130.4970534, 33.4641224], [130.5013262, 33.4645939], [130.5069595, 33.4626671], [130.5098681, 33.4624486], [130.5133014, 33.4611112], [130.5153537, 33.4602242], [130.5186952, 33.4572706], [130.5237521, 33.4560851], [130.5274419, 33.4571404], [130.5302097, 33.45884], [130.5348236, 33.4598665], [130.5387198, 33.4607218], [130.5427993, 33.4627638], [130.5470666, 33.4647462], [130.5498306, 33.4665298], [130.553269, 33.468468], [130.5518839, 33.4713732], [130.5518317, 33.474323], [130.5516361, 33.4770811], [130.5514867, 33.479667], [130.5512274, 33.4839493], [130.5539923, 33.4851965], [130.5603523, 33.4872131], [130.5635022, 33.4888024], [130.5655897, 33.4913918], [130.5674262, 33.4935514], [130.568721, 33.4963169], [130.5694506, 33.5000991], [130.5711427, 33.5017267], [130.5731672, 33.504459], [130.5737503, 33.5070581], [130.5759573, 33.509205], [130.5793622, 33.5125053], [130.5813065, 33.5145759], [130.5846594, 33.5186093], [130.5892702, 33.5205867], [130.5907498, 33.5226841], [130.5932986, 33.5262625], [130.5951, 33.5283606], [130.5970177, 33.5310045], [130.5993478, 33.5341146], [130.6007824, 33.5360769], [130.6030391, 33.539678], [130.6043421, 33.5439352], [130.6060266, 33.5481727], [130.6069069, 33.5503121], [130.6076672, 33.5545535], [130.6084337, 33.5591421], [130.6060914, 33.5619677], [130.6036019, 33.5645377], [130.6022443, 33.5663539], [130.6001901, 33.5680757], [130.596289, 33.5713649], [130.5970983, 33.5763409], [130.5976198, 33.5794701], [130.59892, 33.5833722], [130.5986917, 33.586371], [130.5994642, 33.5896777], [130.6035486, 33.5923056], [130.6051475, 33.5957379], [130.6086874, 33.5985542], [130.6106841, 33.6006057], [130.6127159, 33.6027929], [130.614151, 33.6070125], [130.6174376, 33.6088488], [130.6208867, 33.6106958], [130.6245656, 33.6128803], [130.6252702, 33.6162546], [130.6263476, 33.6181827], [130.6275985, 33.6203635], [130.6275594, 33.6246436], [130.6256322, 33.6288008], [130.623783, 33.6343928], [130.6243791, 33.6381308], [130.6252832, 33.6409789], [130.6227051, 33.6454729], [130.621258, 33.648168], [130.6186704, 33.6510979], [130.6154206, 33.6528639], [130.6109735, 33.6569875], [130.6091825, 33.660405], [130.6023451, 33.6629779], [130.5991962, 33.6678394], [130.5984845, 33.6713215], [130.594377, 33.6765841], [130.586988, 33.676623], [130.583392, 33.6747953], [130.5786235, 33.6722754], [130.5711416, 33.6728537], [130.5664821, 33.6743325], [130.5627046, 33.6764536], [130.5607884, 33.6808113], [130.5577987, 33.6861266], [130.5548765, 33.6917263], [130.5564033, 33.6953208], [130.5608188, 33.6990013], [130.5638713, 33.7018324], [130.5649484, 33.7058155], [130.5633474, 33.710391], [130.5623857, 33.7132346], [130.5652234, 33.7166658], [130.5679441, 33.7182718], [130.5714693, 33.7196102], [130.5744533, 33.7241482], [130.5745264, 33.7274694], [130.5774372, 33.731496], [130.5810795, 33.7340385], [130.5838879, 33.7377972], [130.5863136, 33.7405842], [130.5877245, 33.7446369], [130.5911382, 33.7461845], [130.5949917, 33.7479377], [130.5985089, 33.7528267], [130.6032293, 33.7559224], [130.6047267, 33.7598222], [130.6046166, 33.7628474], [130.6044605, 33.7664821], [130.6024423, 33.7701168], [130.6039893, 33.7736893], [130.60498, 33.7758746], [130.607961, 33.7780996], [130.6135841, 33.7789087], [130.6198668, 33.777346], [130.623697, 33.776414], [130.6269881, 33.7772791], [130.6303596, 33.7777205], [130.6341147, 33.7780951], [130.6379476, 33.7785097], [130.6400478, 33.781457], [130.6434059, 33.7837666], [130.6451091, 33.7848154], [130.6480408, 33.7855678], [130.6514311, 33.7863703], [130.655549, 33.78627], [130.6579353, 33.784344], [130.6589849, 33.7823741], [130.6590354, 33.7788299], [130.661812, 33.7755158], [130.664931, 33.775939]]}, "properties": {"kv": 500, "name": "北九州幹線", "region": "kyushu", "loading": 0.0, "xfmr": false, "npts_orig": 172}}, {"type": "Feature", "geometry": {"type": "LineString", "coordinates": [[132.2564574, 34.4134344], [132.2544825, 34.4151993], [132.2507068, 34.4178751], [132.2499879, 34.4192149], [132.2477832, 34.423407], [132.2460825, 34.4284408], [132.243773, 34.4320075], [132.2408265, 34.4345664], [132.2395501, 34.4358477], [132.2376329, 34.4387466], [132.2358473, 34.4416595], [132.2354373, 34.4453277], [132.2282445, 34.4444895], [132.2233283, 34.4441364], [132.2204517, 34.4439251], [132.2181565, 34.4437545], [132.2157523, 34.443583], [132.2121534, 34.4418215], [132.2074167, 34.4398572], [132.2015336, 34.4383549], [132.1952695, 34.4377159], [132.1906319, 34.436947], [132.1820898, 34.435661], [132.1775406, 34.4350784], [132.1739374, 34.4346276], [132.1713222, 34.4342808], [132.1687323, 34.4339479], [132.1624469, 34.4331025], [132.1586545, 34.4323673], [132.1539643, 34.4313652], [132.1491098, 34.4295908], [132.1451912, 34.4281682], [132.1392718, 34.426222], [132.1332559, 34.4244465], [132.1272628, 34.4226369], [132.1229665, 34.4211403], [132.1185682, 34.4196685], [132.1148501, 34.4179146], [132.109504, 34.4154277], [132.1073933, 34.4140678], [132.1054289, 34.4128349], [132.1033875, 34.4115638], [132.1014001, 34.4103055], [132.0995282, 34.4083464], [132.0979798, 34.4061633], [132.0929411, 34.4027811], [132.0901095, 34.3990153], [132.0831609, 34.3891463], [132.081298, 34.3862561], [132.0790404, 34.3827944], [132.0767556, 34.3792], [132.075537, 34.3763562], [132.0721613, 34.3719862], [132.0701583, 34.3693271], [132.0659143, 34.3667142], [132.0591535, 34.3626427], [132.0536423, 34.3573], [132.0519425, 34.3556004], [132.0495142, 34.3532383], [132.0434962, 34.3475377], [132.0395476, 34.3439288], [132.0377316, 34.342229], [132.0344376, 34.3391168], [132.0316925, 34.3365711], [132.0294437, 34.334505], [132.0254951, 34.3314186], [132.0231407, 34.3296662], [132.0191815, 34.3266582], [132.0159613, 34.3241906], [132.0141243, 34.3214091], [132.0111575, 34.3166656], [132.0052029, 34.3115467], [132.0005891, 34.3060438], [131.9974723, 34.3014888], [131.9945604, 34.2984898], [131.9924072, 34.2963704], [131.9893485, 34.2943448], [131.9820052, 34.2925689], [131.9770054, 34.2911976], [131.9741429, 34.2903103], [131.9705822, 34.2889327], [131.9649064, 34.2869661], [131.9603298, 34.2841542], [131.9579197, 34.2827073], [131.9544112, 34.280607], [131.95175, 34.2788774], [131.9456149, 34.2745287], [131.9416828, 34.2717305], [131.9380394, 34.2691787], [131.9325664, 34.2653274], [131.9296291, 34.2631333], [131.925653, 34.2602803], [131.9228161, 34.2578474], [131.9197407, 34.2555182], [131.9145408, 34.2516015], [131.9108409, 34.2494329], [131.9046273, 34.2460036], [131.9004536, 34.2437675], [131.8979054, 34.2405532], [131.8918644, 34.2360339], [131.8893413, 34.2340388], [131.8868716, 34.2322122], [131.8839092, 34.2302118], [131.8805101, 34.2288099], [131.8748294, 34.2262486], [131.8716438, 34.2247473], [131.8661614, 34.2221686], [131.8612062, 34.2210502], [131.8554822, 34.2197787], [131.8494852, 34.2173654], [131.8421011, 34.2144927], [131.8364398, 34.210857], [131.8339356, 34.2093647], [131.8309606, 34.2066994], [131.82627523846153, 34.200047161538464]]}, "properties": {"kv": 500, "name": "東山口幹線 (Higashi Yamaguchi Kansen)", "region": "kyushu", "loading": 0.0, "xfmr": false, "npts_orig": 115}}, {"type": "Feature", "geometry": {"type": "LineString", "coordinates": [[131.82627523846153, 34.200047161538464], [131.8227994, 34.2053547], [131.8196126, 34.2081971], [131.8164094, 34.208733], [131.8103382, 34.2095883], [131.8077045, 34.2117269], [131.8029902, 34.2136664], [131.7985061, 34.2154902], [131.7945288, 34.217068], [131.7887494, 34.2189588], [131.7854003, 34.2201032], [131.7804237, 34.2218943], [131.7746325, 34.2227523], [131.7699733, 34.2235153], [131.7673074, 34.2241698], [131.7625254, 34.2249571], [131.7597, 34.2255548], [131.7544945, 34.2264472], [131.7490208, 34.2275182], [131.7458448, 34.2280727], [131.7417408, 34.2288586], [131.7377709, 34.2295204], [131.735036, 34.2301157], [131.7276638, 34.2314585], [131.7246756, 34.2320553], [131.7215396, 34.2325139], [131.7179381, 34.2336471], [131.7150573, 34.2345262], [131.7095493, 34.2370997], [131.703222, 34.2393961], [131.7003779, 34.2404614], [131.6962435, 34.2417885], [131.694199, 34.2424046], [131.6886423, 34.2443225], [131.6839952, 34.2466057], [131.6765171, 34.2483455], [131.6742648, 34.248865], [131.6687455, 34.2498247], [131.6646365, 34.2518118], [131.6610199, 34.2535713], [131.6572543, 34.2544129], [131.6546411, 34.2549799], [131.6515455, 34.256062], [131.6459765, 34.2580349], [131.6418311, 34.258825], [131.6378579, 34.2598581], [131.6328728, 34.2614905], [131.6308021, 34.2625723], [131.6275513, 34.2630955], [131.6213179, 34.2638935], [131.6166723, 34.2635565], [131.6104603, 34.2646738], [131.6049671, 34.2655693], [131.6011584, 34.2657821], [131.5953219, 34.266252], [131.5893674, 34.2654984], [131.5865725, 34.2659772], [131.5840727, 34.2656934], [131.5784454, 34.2650728], [131.5740466, 34.2646826], [131.5691972, 34.2652501], [131.5643585, 34.2662166], [131.5564406, 34.2677859], [131.5521001, 34.2677844], [131.5498323, 34.2678834], [131.5459468, 34.2680875], [131.543621, 34.2681383], [131.5387352, 34.2712884], [131.5336178, 34.2745634], [131.530298, 34.2766346], [131.526309, 34.2788402], [131.5241309, 34.2796287], [131.5187736, 34.2824987], [131.5127501, 34.2836895], [131.5052271, 34.2851694], [131.5014006, 34.2859062], [131.4946002, 34.2872056], [131.4902962, 34.2881036], [131.4864905, 34.2888424], [131.4802571, 34.2902301], [131.4766907, 34.2910771], [131.4701401, 34.2931158], [131.4675925, 34.2936545], [131.463921, 34.2944605], [131.4595378, 34.2953521], [131.4555908, 34.2961737], [131.4510029, 34.2964641], [131.4472771, 34.2967254], [131.4441344, 34.2969355], [131.4386802, 34.2967972], [131.4362033, 34.2967425], [131.4310364, 34.2971337], [131.4251707, 34.2976], [131.4205828, 34.2975948], [131.4165345, 34.2976273], [131.4109335, 34.2980287], [131.406167, 34.2983463], [131.401284, 34.2986769], [131.3952592, 34.2992834], [131.3871337, 34.300113], [131.3844148, 34.3007564], [131.3800523, 34.3009084], [131.3746635, 34.3033206], [131.3717222, 34.3046269], [131.3663578, 34.3072502], [131.3617544, 34.30972], [131.3551438, 34.3097061], [131.3503289, 34.3097494], [131.3449637, 34.3097543], [131.3372473, 34.3089138], [131.3346332, 34.3083993], [131.3301479, 34.3075274], [131.3243145, 34.3064067], [131.3184929, 34.3061821], [131.3152573, 34.306008], [131.3092917, 34.3054273], [131.3061027, 34.3042727], [131.3012976, 34.3026279], [131.2980945, 34.3015374], [131.2941816, 34.3001469], [131.2922134, 34.2994243], [131.2885249, 34.2980737], [131.2826228, 34.2962449], [131.2770383, 34.293911], [131.2734986, 34.2926826], [131.2685675, 34.291208], [131.2665833, 34.2906792], [131.2624896, 34.2894694], [131.2571771, 34.2877176], [131.252232, 34.2849764], [131.2483728, 34.2827705], [131.2440927, 34.2814526], [131.2390329, 34.2799013], [131.2336188, 34.2779774], [131.2315919, 34.2772964], [131.2285622, 34.2762055], [131.2238015, 34.2744534], [131.2202117, 34.2736005], [131.2125013, 34.2715751], [131.2096076, 34.2704246], [131.2075382, 34.2695737], [131.2052875, 34.2685217], [131.1996357, 34.2660324], [131.1952565, 34.2646131], [131.1908791, 34.2627968], [131.1876504, 34.2625119], [131.1829644, 34.2622496], [131.1796542, 34.2620049], [131.1758044, 34.2597411], [131.1733661, 34.2582313], [131.170577, 34.2539312], [131.1690038, 34.251457], [131.1678881, 34.2489734], [131.1660424, 34.2450123], [131.1639076, 34.2432968], [131.1608331, 34.240889], [131.1554935, 34.236265], [131.1513797, 34.2328864], [131.1462412, 34.2294408], [131.1413778, 34.2256722], [131.138144, 34.2231786], [131.1350742, 34.220744], [131.1324712, 34.2191297], [131.1279542, 34.2161833], [131.12323, 34.2125729], [131.1203469, 34.2102372], [131.1181413, 34.2076479], [131.1147755, 34.2036511], [131.1093182, 34.1987354], [131.1071156, 34.1968413], [131.105125, 34.1955081], [131.101741, 34.1927838], [131.0984578, 34.190238], [131.0978311, 34.1849829], [131.0973699, 34.1807948], [131.09885, 34.1775502], [131.1000927, 34.1736222], [131.0990596, 34.1697417], [131.0952147, 34.1661771], [131.09300737647058, 34.16307129705882]]}, "properties": {"kv": 500, "name": "東山口変電所 (Higashi Yamaguchi Hendensho)~新山口変電所線", "region": "kyushu", "loading": 0.0, "xfmr": false, "npts_orig": 180}}, {"type": "Feature", "geometry": {"type": "LineString", "coordinates": [[129.83463531428572, 33.515607485714284], [129.83860586999998, 33.51462156]]}, "properties": {"kv": 500, "name": "玄海幹線1号線", "region": "kyushu", "loading": 0.0, "xfmr": false, "npts_orig": 2}}, {"type": "Feature", "geometry": {"type": "LineString", "coordinates": [[129.83860586999998, 33.51462156], [129.8433826, 33.5138014], [129.8449135, 33.5153013], [129.8506577, 33.5152934], [129.8531249, 33.515292], [129.857726, 33.5151625], [129.8609063, 33.5144643], [129.8647923, 33.5128954], [129.8689841, 33.5112322], [129.8716799, 33.5103143], [129.8757164, 33.5090355], [129.880268, 33.5075188], [129.8827452, 33.5041966], [129.8836491, 33.501223], [129.8858204, 33.4987132], [129.8890509, 33.4950088], [129.8910792, 33.492513], [129.8920989, 33.4891024], [129.8927849, 33.4867481], [129.8940538, 33.4839458], [129.8963198, 33.4801443], [129.8999064, 33.4763481], [129.9020817, 33.4743555], [129.9043754, 33.4722617], [129.9065217, 33.4657824], [129.9105151, 33.462365], [129.913003, 33.4582596], [129.9137226, 33.4537367], [129.9140452, 33.4510083], [129.9143126, 33.447407], [129.9147222, 33.4453347], [129.9151835, 33.4428845], [129.9158691, 33.4391569], [129.9162874, 33.4352061], [129.9166194, 33.4318236], [129.916227, 33.4291859], [129.915632, 33.4248028], [129.9167707, 33.4207654], [129.9178934, 33.4183331], [129.9177148, 33.4162329], [129.9177399, 33.4130523], [129.9179843, 33.4089457], [129.9184669, 33.404729], [129.9190309, 33.4016788], [129.9208609, 33.4002976], [129.9227535, 33.3981106], [129.9236435, 33.3937678]]}, "properties": {"kv": 500, "name": "玄海幹線1号線", "region": "kyushu", "loading": 0.0, "xfmr": false, "npts_orig": 47}}, {"type": "Feature", "geometry": {"type": "LineString", "coordinates": [[129.9236435, 33.3937678], [129.9244582, 33.3912823], [129.9251899, 33.3885323], [129.9253967, 33.3843093], [129.9247888, 33.3790657], [129.9262365, 33.3745231], [129.925497, 33.3705193], [129.9245695, 33.3671644], [129.9265624, 33.362417], [129.9276215, 33.3599935], [129.928682, 33.3573722], [129.9296383, 33.3551221], [129.92936985882352, 33.34973471764706]]}, "properties": {"kv": 500, "name": "玄海幹線2号線南線", "region": "kyushu", "loading": 0.0, "xfmr": false, "npts_orig": 13}}, {"type": "Feature", "geometry": {"type": "LineString", "coordinates": [[129.92936985882352, 33.34973471764706], [129.925572, 33.3556221], [129.9227176, 33.3559758], [129.9188922, 33.3563051], [129.9148881, 33.3566127], [129.9120196, 33.3570059], [129.9087469, 33.3565942], [129.9055809, 33.3561009], [129.9015312, 33.3530038], [129.898121, 33.3505669], [129.8922152, 33.3476143], [129.8877481, 33.3415308], [129.8851538, 33.337578], [129.8832499, 33.3358167], [129.8796627, 33.3335492], [129.8757647, 33.3310641], [129.87299, 33.3285599], [129.870085, 33.326255], [129.8677961, 33.3243925], [129.865708, 33.3226187], [129.8622667, 33.319995], [129.8603495, 33.3184595], [129.8552334, 33.3164792], [129.8512206, 33.3141334], [129.8479803, 33.3123072], [129.8429377, 33.3113258], [129.8387114, 33.3106278], [129.8349247, 33.3107065], [129.8309936, 33.3113048], [129.8286533, 33.3099182], [129.8233328, 33.3070617], [129.8193881, 33.3050629], [129.8165525, 33.303807]]}, "properties": {"kv": 500, "name": "松浦火力線", "region": "kyushu", "loading": 0.0, "xfmr": false, "npts_orig": 33}}, {"type": "Feature", "geometry": {"type": "LineString", "coordinates": [[130.6237713111111, 33.49187337777778], [130.62249808181818, 33.49066136363636]]}, "properties": {"kv": 500, "name": "背振幹線", "region": "kyushu", "loading": 0.0, "xfmr": false, "npts_orig": 2}}, {"type": "Feature", "geometry": {"type": "LineString", "coordinates": [[130.6237713111111, 33.49187337777778], [130.6325628, 33.489381], [130.6350043, 33.4884267], [130.638406, 33.4870939], [130.640949, 33.4863725], [130.6465048, 33.4847802], [130.6501888, 33.4836731], [130.6534775, 33.4821617], [130.6567119, 33.4806382], [130.6637023, 33.4789517], [130.6670085, 33.4781613], [130.6733366, 33.4773182], [130.6767375, 33.4770371], [130.6817074, 33.4766331], [130.6861734, 33.4770128], [130.6896927, 33.4777925], [130.6940002, 33.4786589], [130.6974022, 33.4766389], [130.7001235, 33.4748898], [130.7051697, 33.4721725], [130.7082286, 33.4696786], [130.7098444, 33.4678622], [130.7134044, 33.4654186], [130.7154004, 33.4622757], [130.7183383, 33.4592553], [130.7222439, 33.457763], [130.7268926, 33.4556796], [130.7293553, 33.4512243], [130.730902, 33.4485279], [130.7326992, 33.4452042], [130.7348681, 33.442695], [130.7379356, 33.4389529], [130.7405796, 33.4357369], [130.7464295, 33.4333213], [130.7482786, 33.4307974], [130.7514198, 33.4286785], [130.7538644, 33.4269893], [130.756448, 33.4252658], [130.7595501, 33.4231672], [130.7617362, 33.421631], [130.7648814, 33.4194819], [130.7674204, 33.4174163], [130.7710178, 33.4146559], [130.7720402, 33.4121693], [130.7735675, 33.4083024], [130.7739967, 33.4041192], [130.7765969, 33.4010843], [130.7801439, 33.3984709], [130.7844229, 33.39532], [130.787263, 33.3936549], [130.7911128, 33.3925167], [130.793814, 33.3915893], [130.7967551, 33.3906724], [130.8003778, 33.389471], [130.8038616, 33.3883749], [130.8090621, 33.3866991], [130.8118516, 33.3848863], [130.8148305, 33.382968], [130.8177975, 33.381492], [130.8236545, 33.3812536], [130.8289055, 33.3810639], [130.8333612, 33.3803577], [130.836643, 33.3763273], [130.8386312, 33.3728236], [130.8383552, 33.3697775], [130.8379953, 33.3652383], [130.8392431, 33.3602377], [130.840215, 33.3567202], [130.8417268, 33.3547359], [130.8431905, 33.3526813], [130.8456742, 33.3504063], [130.8483978, 33.3478204], [130.8497176, 33.3453247], [130.8508215, 33.3433101], [130.8532091, 33.3406939], [130.8560167, 33.3375966], [130.8585004, 33.33487], [130.8605881, 33.331983], [130.8592083, 33.3270909], [130.8588723, 33.3219979], [130.8585724, 33.3189801], [130.8580924, 33.3156815], [130.8558864, 33.3097493], [130.8547265, 33.3047057], [130.8534742, 33.3027934], [130.8534829, 33.2999793], [130.8534022, 33.2965729], [130.8534477, 33.2945033], [130.8534309, 33.2915887], [130.8529259, 33.2883815], [130.8524506, 33.2854657], [130.8512074, 33.2811685], [130.8497128, 33.2765868], [130.8488658, 33.2739829], [130.8469397, 33.2693916], [130.8460927, 33.2671529], [130.8451638, 33.2629496], [130.8440163, 33.2591002], [130.8435519, 33.2575695], [130.8424727, 33.2537541], [130.8409701, 33.2485791], [130.8384737, 33.2452852], [130.8368617, 33.2432288], [130.8348673, 33.240601], [130.8333647, 33.2382245], [130.8318547, 33.2355069], [130.8306949, 33.2341357], [130.8288825, 33.2318954], [130.8265932, 33.2283845], [130.824678, 33.2254516], [130.8238298, 33.222268], [130.8227454, 33.2187483], [130.8222935, 33.2140524], [130.821671, 33.2084742], [130.8216408, 33.204055], [130.8193049, 33.1998234], [130.8190173, 33.1961933], [130.8187191, 33.1935968], [130.8186197, 33.1919569], [130.8204373, 33.1888434], [130.8218006, 33.1870608], [130.8237602, 33.1846008], [130.8270263, 33.1820694], [130.8280345, 33.1799538], [130.8298238, 33.1761268], [130.831684, 33.1721926], [130.8328998, 33.1691153], [130.8339409, 33.1665808], [130.8348546, 33.1640551], [130.836096, 33.161872], [130.8390894, 33.1567254], [130.8412789, 33.1532316], [130.8441486, 33.1509548], [130.8463271, 33.1492189], [130.8485958, 33.1473949], [130.8527212, 33.1445681], [130.8549576, 33.1431786], [130.8573479, 33.1401897], [130.8586228, 33.1357683], [130.8595577, 33.132788], [130.8603014, 33.1303503], [130.86147, 33.1270584], [130.8644799, 33.1242017], [130.8671259, 33.1204852], [130.8686451, 33.1184209], [130.8694632, 33.1168104], [130.8708199, 33.1139408], [130.8705149, 33.1090953], [130.8701933, 33.1068149], [130.8697471, 33.1017155], [130.8695832, 33.0988601], [130.8694029, 33.0958015], [130.8692264, 33.0933213], [130.8690874, 33.0906029], [130.8687869, 33.0849761], [130.8688921, 33.0829241], [130.8688621, 33.0812068], [130.8684414, 33.0785379], [130.8679524, 33.0744989], [130.8689155, 33.0703762], [130.8722921, 33.0688857], [130.8758511, 33.0672742], [130.8781671, 33.0654847], [130.8813756, 33.0611753], [130.8825631, 33.0564854], [130.8852143, 33.052889], [130.8863636, 33.0514118], [130.8884631, 33.0497162], [130.8907329, 33.0479177], [130.8927861, 33.0450024], [130.893458, 33.0422682], [130.8944657, 33.0376354], [130.8948992, 33.0358367], [130.8969798, 33.0333476], [130.8986485, 33.0313399], [130.8995046, 33.0277604], [130.8997972, 33.0237083], [130.9000247, 33.0208099], [130.9003065, 33.0157853], [130.9002306, 33.0106876], [130.8999164, 33.0080705], [130.8998626, 33.0064254], [130.8997213, 33.0029997], [130.8994124, 32.9985421], [130.8992285, 32.9963314], [130.8985849, 32.9922697], [130.8979719, 32.9887478], [130.8978493, 32.9865626], [130.8977583, 32.9846225], [130.8974202, 32.9812407], [130.897152, 32.9778854], [130.8975811, 32.9735015], [130.8978939, 32.9700576], [130.898463, 32.9671415], [130.8991112, 32.9631424], [130.8997855, 32.959555], [130.9002146, 32.9571633], [130.9004445, 32.954913], [130.9009349, 32.9518268], [130.9007703, 32.9504137], [130.9009078, 32.9469818], [130.9008673, 32.9452626], [130.9015487, 32.9420619], [130.9036195, 32.9362004], [130.9045833, 32.9333395], [130.9049964, 32.9315429], [130.9049517, 32.9296198], [130.9048102, 32.9275447], [130.904459, 32.9244116], [130.9046467, 32.9205323], [130.9059556, 32.9176254], [130.9052122, 32.9143312], [130.9026083, 32.909090400000004]]}, "properties": {"kv": 500, "name": "熊本幹線", "region": "kyushu", "loading": 0.0, "xfmr": false, "npts_orig": 213}}, {"type": "Feature", "geometry": {"type": "LineString", "coordinates": [[130.6237713111111, 33.49187337777778], [130.6291644, 33.4960436], [130.6313209, 33.497474], [130.6349426, 33.4992414], [130.6369209, 33.5001207], [130.6409038, 33.5016033], [130.6451655, 33.5032602], [130.6497522, 33.5035511], [130.6556312, 33.5038389], [130.659563, 33.5040136], [130.6639366, 33.5039215], [130.6691482, 33.5037471], [130.6726517, 33.5042413], [130.6749003, 33.5046773], [130.6790661, 33.5053749], [130.6820118, 33.5052732], [130.6849507, 33.5052873], [130.6877855, 33.5051948], [130.6927642, 33.5041922], [130.6966836, 33.5033084], [130.6998069, 33.5026383], [130.7057875, 33.5015057], [130.7107885, 33.5027719], [130.7136418, 33.5034371], [130.7161524, 33.5037858], [130.7195904, 33.5040282], [130.725223, 33.5044599], [130.7300051, 33.5034527], [130.7329015, 33.5028772], [130.7355279, 33.5022133], [130.7385782, 33.5017191], [130.7425174, 33.5007307], [130.7446265, 33.5003238], [130.7477988, 33.5005418], [130.753882, 33.501065], [130.7582919, 33.5018644], [130.7616908, 33.5024458], [130.7662924, 33.503812], [130.7693253, 33.5038557], [130.7744847, 33.5026202], [130.7785111, 33.5016319], [130.7810559, 33.4997424], [130.7831475, 33.4981435], [130.7864767, 33.4957015], [130.7900151, 33.493027], [130.7936755, 33.4913698], [130.7974962, 33.4899616], [130.8026699, 33.4900219], [130.8068569, 33.4900641], [130.8112461, 33.4915812], [130.8149061, 33.4928936], [130.8194179, 33.4958014], [130.8226304, 33.4978602], [130.8281516, 33.5014394], [130.8327253, 33.5043763], [130.8354613, 33.5060108], [130.8410457, 33.5085816], [130.8447517, 33.510267], [130.8511426, 33.5110927], [130.8543687, 33.5115013], [130.8567474, 33.5121482], [130.8625999, 33.5137806], [130.8646691, 33.5167406], [130.8686302, 33.5200176], [130.8689314, 33.5214599], [130.8692938, 33.5234901], [130.8720605, 33.5268859], [130.8761748, 33.5292348], [130.8809323, 33.5317709], [130.8849036, 33.5337707], [130.8870271, 33.5347919], [130.8919786, 33.5372427], [130.8973996, 33.5399487], [130.9035966, 33.5407231], [130.9063326, 33.5419314], [130.9101729, 33.5436578], [130.9146415, 33.5478237], [130.9168831, 33.5499395], [130.9197762, 33.5521995], [130.9228112, 33.5545578], [130.9261337, 33.5558169], [130.9287956, 33.5566631], [130.9334935, 33.5574843], [130.9387384, 33.5588892], [130.9421299, 33.560409], [130.9470495, 33.5626272], [130.9505297, 33.5642045], [130.9552324, 33.5654368], [130.9582887, 33.5662747], [130.96099, 33.5679834], [130.9647591, 33.570309], [130.9661955, 33.5711953], [130.9696067, 33.5748424], [130.9725151, 33.5779391], [130.9751927, 33.5806793], [130.9774593, 33.5824045], [130.9804605, 33.5847679], [130.983228, 33.5868802], [130.9868161, 33.5895983], [130.991688, 33.5910519], [130.9963907, 33.592803], [131.0008969, 33.59506], [131.0040236, 33.596608], [131.0054895, 33.5974073], [131.0091259, 33.5993901], [131.0092894, 33.5996077], [131.0113902, 33.6024025], [131.0126811, 33.6041202], [131.01551418333335, 33.60801320833333]]}, "properties": {"kv": 500, "name": "豊前西幹線", "region": "kyushu", "loading": 0.0, "xfmr": false, "npts_orig": 109}}, {"type": "Feature", "geometry": {"type": "LineString", "coordinates": [[130.9026083, 32.909090400000004], [130.903101, 32.9040581], [130.901471, 32.9015014], [130.9021312, 32.8974778], [130.9032802, 32.896056], [130.9047979, 32.8945249], [130.9061497, 32.8930384], [130.9069559, 32.8910897], [130.9092962, 32.8900807], [130.9117569, 32.8878171], [130.9133259, 32.8861803], [130.9164081, 32.8834929], [130.919541, 32.8804822], [130.9223958, 32.8784434], [130.9240204, 32.8759332], [130.9231519, 32.8743206], [130.9216668, 32.8714708], [130.920035, 32.8683888], [130.9187743, 32.8654924], [130.9170251, 32.8619611], [130.9155749, 32.8590732], [130.9174479, 32.8567807], [130.920222, 32.8550216], [130.9235745, 32.8518663], [130.9261816, 32.8506135], [130.9286856, 32.8493978], [130.9328484, 32.8474329], [130.9377746, 32.8414992], [130.940276, 32.83844], [130.9409306, 32.8348105], [130.9406835, 32.8307927], [130.9404271, 32.827212], [130.9379945, 32.824494], [130.934971, 32.8210201], [130.9316459, 32.817262], [130.9287697, 32.8153844], [130.9270372, 32.8142938], [130.9243831, 32.8123848], [130.9244203, 32.8082546], [130.92425, 32.8044699], [130.9240608, 32.8004784], [130.924394, 32.7957936], [130.9247782, 32.7918853], [130.9250418, 32.7879573], [130.9253395, 32.7836826], [130.9247764, 32.7807111], [130.9238688, 32.7760562], [130.921859, 32.7734146], [130.9197381, 32.7705026], [130.9157538, 32.7686792], [130.911444, 32.7666944], [130.9082138, 32.7643417], [130.9051744, 32.7621511], [130.9021977, 32.7599608], [130.8990083, 32.7576065], [130.895943, 32.7553267], [130.8919389, 32.7526907], [130.8899781, 32.7505148], [130.8882053, 32.7481817], [130.8862524, 32.7455562], [130.8831327, 32.7414358], [130.8811455, 32.7388143], [130.8787021, 32.7354175], [130.8774332, 32.7331674], [130.8758728, 32.7302537], [130.8727692, 32.7273111], [130.8710888, 32.7235749], [130.8709259, 32.7192242], [130.8709501, 32.7161231], [130.8710592, 32.7126036], [130.8680644, 32.7094512], [130.8656758, 32.7067986], [130.8631175, 32.7027788], [130.8612382, 32.6996261], [130.8616835, 32.6951967], [130.8620307, 32.6925732], [130.8628873, 32.6887614], [130.8617022, 32.6838928], [130.8597075, 32.6813744], [130.8576394, 32.680003], [130.8527227, 32.6766944], [130.8521205, 32.6723361], [130.8517699, 32.6692584], [130.8493718, 32.6631859], [130.8466863, 32.6604305], [130.8436395, 32.6571335], [130.8411348, 32.6536552], [130.8386733, 32.649626], [130.8337329, 32.6463503], [130.830686, 32.6442197], [130.8283466, 32.6400455], [130.8264488, 32.6372116], [130.8252395, 32.6352728], [130.821549, 32.6329243], [130.8177757, 32.6304539], [130.8145258, 32.6283832], [130.8108341, 32.6261055], [130.8086281, 32.6220907], [130.8065888, 32.6189638], [130.8053404, 32.6171085], [130.8034906, 32.6143502], [130.79893333333334, 32.6147428]]}, "properties": {"kv": 500, "name": "中九州幹線", "region": "kyushu", "loading": 0.0, "xfmr": false, "npts_orig": 102}}, {"type": "Feature", "geometry": {"type": "LineString", "coordinates": [[129.6843304, 33.3485659], [129.684655, 33.3474008], [129.6829006, 33.3451472], [129.6812649, 33.3414512], [129.6817209, 33.339206], [129.6820814, 33.3367491], [129.6828796, 33.3338996], [129.6843602, 33.3304395], [129.6864582, 33.3256875], [129.6881367, 33.3226673], [129.6894135, 33.3203543], [129.6916987, 33.3162571], [129.6927667, 33.3142927], [129.6957005, 33.3117294], [129.6988656, 33.3105997], [129.7014464, 33.309756], [129.7039033, 33.3089131], [129.7070361, 33.3091104], [129.7099865, 33.3091821], [129.7125217, 33.3099489], [129.7168852, 33.3115671], [129.7210118, 33.3129213], [129.7246636, 33.31423], [129.7303177, 33.3133693], [129.7336865, 33.3128403], [129.7374738, 33.3121947], [129.7420872, 33.3116568], [129.7452078, 33.3111326], [129.7481696, 33.3104795], [129.7512513, 33.309741], [129.753951, 33.3090619], [129.7566775, 33.3084496], [129.7601632, 33.307648], [129.7639643, 33.3066609], [129.7668747, 33.3056929], [129.7702519, 33.3047794], [129.7753096, 33.3029423], [129.7777605, 33.302233], [129.7821968, 33.300118], [129.7848654, 33.2989601], [129.7896051, 33.2968885], [129.7925296, 33.2956161], [129.7973786, 33.2952597], [129.8001894, 33.296054], [129.8035464, 33.2970116], [129.8066458, 33.2991568], [129.8104646, 33.2996653], [129.8125783, 33.3009457], [129.8165525, 33.303807]]}, "properties": {"kv": 500, "name": "松浦火力線", "region": "kyushu", "loading": 0.0, "xfmr": false, "npts_orig": 49}}, {"type": "Feature", "geometry": {"type": "LineString", "coordinates": [[129.8165525, 33.303807], [129.8166847, 33.3033359], [129.8151719, 33.3021881], [129.8138308, 33.2993007], [129.8125219, 33.295633]]}, "properties": {"kv": 500, "name": "山代変電所~久原変電所線", "region": "kyushu", "loading": 0.0, "xfmr": false, "npts_orig": 5}}, {"type": "Feature", "geometry": {"type": "LineString", "coordinates": [[131.01551418333335, 33.60801320833333], [131.0139413, 33.601643], [131.0154784, 33.5980232], [131.0163912, 33.5935697], [131.0178401, 33.5913489], [131.0198107, 33.5883797], [131.0213321, 33.5860019], [131.0230418, 33.5834912], [131.0263744, 33.5799544], [131.0294172, 33.5763087], [131.0321557, 33.5750412], [131.0358782, 33.5733914], [131.04078, 33.5715014], [131.0424894, 33.5693842], [131.0458629, 33.5651065], [131.0489491, 33.5610719], [131.0501503, 33.5574376], [131.050871, 33.5522784], [131.0521277, 33.5492598], [131.0529778, 33.5467185], [131.0530332, 33.5430374], [131.0531626, 33.5382932], [131.0534398, 33.5349814], [131.0538094, 33.5325476], [131.0542159, 33.5303755], [131.055029, 33.526555], [131.054105, 33.5238436], [131.0551769, 33.5207463], [131.0562302, 33.5180039], [131.057875, 33.5141674], [131.0592055, 33.5120874], [131.0604217, 33.5092772], [131.0626595, 33.5042664], [131.0632688, 33.5025231], [131.0644665, 33.4991852], [131.0652124, 33.4951376], [131.06703, 33.4923865], [131.0690366, 33.4893375], [131.0709067, 33.4865074], [131.0722094, 33.484606], [131.0731549, 33.4824592], [131.0733651, 33.4773066], [131.0748569, 33.4739854], [131.0787126, 33.4715842], [131.0815072, 33.4698665], [131.0833772, 33.4687622], [131.0858566, 33.46736], [131.089103, 33.4652741], [131.09174, 33.4637053], [131.0941879, 33.4611197], [131.0960733, 33.4591856], [131.0981618, 33.456144], [131.1007816, 33.4532093], [131.1047571, 33.4485318], [131.1056914, 33.4472631], [131.109612, 33.4423713], [131.113276, 33.4421879], [131.1174531, 33.440812], [131.1180576, 33.4382284], [131.1194866, 33.4331526], [131.1226011, 33.4309357], [131.1266682, 33.4276026], [131.1304971, 33.4234743], [131.1306803, 33.4207831], [131.1298742, 33.4176637], [131.1295078, 33.4151252], [131.1309735, 33.4107822], [131.131633, 33.4087177], [131.1334467, 33.4056896], [131.1360866, 33.4012125], [131.1370452, 33.3981411], [131.1381593, 33.3935337], [131.1386257, 33.3910677], [131.1407243, 33.3864599], [131.1415173, 33.3830135], [131.1419936, 33.3811166], [131.1429279, 33.3788218], [131.14476, 33.3750125], [131.1450897, 33.371616], [131.1454195, 33.3685866], [131.1453829, 33.3654653], [131.1452729, 33.361028], [131.1456356, 33.3578993], [131.1460235, 33.3550456], [131.145382, 33.3536561], [131.144278, 33.3511263], [131.1445465, 33.3478363], [131.1440094, 33.345082], [131.1434724, 33.3422404], [131.1449493, 33.338065], [131.1462622, 33.3349614], [131.1498279, 33.3339019], [131.1526177, 33.3332912], [131.1570636, 33.3322317], [131.1618825, 33.3308107], [131.1667909, 33.3301749], [131.1705831, 33.3296164], [131.1726231, 33.3292901], [131.1748368, 33.3289999], [131.1788843, 33.3272682], [131.1830728, 33.324258], [131.1844727, 33.3217373], [131.1860244, 33.3188448], [131.187728, 33.3150817], [131.1890546, 33.31213], [131.189608, 33.3102982], [131.1900203, 33.3081309], [131.1900312, 33.3043673], [131.190042, 33.3021725], [131.1911272, 33.3005038], [131.1950119, 33.298835], [131.1975836, 33.2975924], [131.1999492, 33.2975833], [131.2047346, 33.2975652], [131.2087387, 33.2959508], [131.2109523, 33.2922048], [131.2131885, 33.2882359], [131.2144009, 33.2860295], [131.2168814, 33.2818228], [131.2173744, 33.2776747], [131.2179548, 33.2732702], [131.2184682, 33.2693974], [131.2189926, 33.2643593], [131.220429, 33.2612972], [131.2223863, 33.2567124], [131.2243731, 33.2527175], [131.226226, 33.2500666], [131.2293512, 33.2461088], [131.2307576, 33.2437937], [131.2325881, 33.2401156], [131.2343873, 33.2369242], [131.2377106, 33.2343405], [131.240397, 33.2325622], [131.2427236, 33.2313876], [131.2458304, 33.2294101], [131.2482688, 33.2278881], [131.2499281, 33.2251939], [131.2512935, 33.2228363], [131.2531315, 33.219805], [131.2551128, 33.2165299], [131.2558491, 33.2150602], [131.2573389, 33.2130657], [131.2566458, 33.2096275], [131.2562992, 33.2067692], [131.2593152, 33.2029], [131.2627562, 33.1998964], [131.2652875, 33.1976385], [131.2680848, 33.1951527], [131.2695687, 33.1927359], [131.2695789, 33.1900893], [131.2695789, 33.1868372], [131.2696489, 33.1839805], [131.2704804, 33.1810797], [131.271557, 33.1763768], [131.2740689, 33.1730069], [131.2760557, 33.1719812], [131.2786201, 33.170538], [131.2820144, 33.1687004], [131.2861511, 33.1677996], [131.2904605, 33.1669128], [131.2948454, 33.1671253], [131.2993617, 33.167367], [131.3024425, 33.1679458], [131.3056547, 33.1688323], [131.308793, 33.1696314], [131.3109762, 33.1698365], [131.3145297, 33.1701882], [131.3187798, 33.1695976], [131.3215304, 33.1683846], [131.3243696, 33.1670972], [131.3279926, 33.1654013], [131.3302404, 33.1644729], [131.3328874, 33.162517], [131.336052, 33.1582461], [131.3374568, 33.1555225], [131.338979, 33.1523002], [131.341005, 33.1482578], [131.3444727, 33.1461159], [131.3480365, 33.1440357], [131.3527834, 33.1431504], [131.3573602, 33.1421289], [131.3611903, 33.1407855], [131.363926, 33.1398011], [131.3696784, 33.1378137], [131.3725473, 33.1350028], [131.3746102, 33.1335354], [131.3770871, 33.1318636], [131.3812129, 33.1309906], [131.3859598, 33.1299875], [131.3894349, 33.1292568], [131.3953648, 33.1280927], [131.4000821, 33.127102], [131.4033724, 33.1260927], [131.4072172, 33.1247985], [131.4097459, 33.1232381], [131.4132757, 33.121137], [131.4174165, 33.1184436], [131.4217303, 33.1145339], [131.4236026, 33.1119379], [131.4250068, 33.1099564], [131.4275464, 33.1061442], [131.4293301, 33.1038129], [131.4313162, 33.100443], [131.4348963, 33.0981115], [131.4374264, 33.0955468], [131.4398047, 33.0931834], [131.4447161, 33.0917971], [131.4485114, 33.0906848], [131.4521814, 33.0910836], [131.4567157, 33.0915138], [131.4619639, 33.0921959], [131.4655212, 33.0920595], [131.4680639, 33.0918811], [131.4726608, 33.0925212], [131.4774957, 33.0924897], [131.4823056, 33.0923743], [131.4855372, 33.0930984], [131.48937, 33.0939379], [131.492514, 33.0944626], [131.4953461, 33.0937795], [131.4983008, 33.0930669], [131.5033486, 33.0928046], [131.5075197, 33.0906533], [131.5112147, 33.089457], [131.5171895, 33.0875995], [131.521849, 33.0864871], [131.526471, 33.0867494], [131.5293268, 33.0868334], [131.5356147, 33.086655], [131.5416145, 33.0868649], [131.5435935, 33.0877989], [131.5480527, 33.0895199], [131.5531882, 33.0915243], [131.5577976, 33.0922904], [131.5620814, 33.0929935], [131.5655009, 33.0935286], [131.5681689, 33.0943157], [131.5721144, 33.0956169], [131.573843, 33.0960891], [131.5792666, 33.0965718], [131.583613, 33.097044], [131.587784, 33.0974322], [131.5916169, 33.0981038], [131.5967148, 33.0989642], [131.6004725, 33.1005382], [131.6047939, 33.1022485], [131.6096413, 33.1044624], [131.6149647, 33.1048087], [131.6184593, 33.105008], [131.6204384, 33.1051444], [131.6227181, 33.1070761], [131.6247581, 33.1086959], [131.6305062, 33.1111451], [131.6366876, 33.1122205], [131.6401447, 33.1131909], [131.643965, 33.1137784], [131.6478229, 33.1132277], [131.6504157, 33.113065], [131.6555966, 33.1152683], [131.6573132, 33.11738], [131.6599847, 33.1189795], [131.6630424, 33.1186021], [131.6659499, 33.1181438], [131.6681606, 33.1193753], [131.6720337, 33.1232477], [131.6744047, 33.1247833], [131.6780898, 33.1249861], [131.6805113, 33.1260517], [131.6823438, 33.1281845], [131.6848538, 33.1311944], [131.6887803, 33.1332653], [131.6925676, 33.1342851], [131.6963096, 33.136505], [131.7005934, 33.1386603], [131.7036434, 33.1403542], [131.7085472, 33.1419222], [131.7142526, 33.1437313], [131.7180917, 33.1440459], [131.7192065, 33.1407999], [131.7199142, 33.138933], [131.7224318, 33.1359594], [131.72938898333334, 33.134381016666666]]}, "properties": {"kv": 500, "name": "東九州幹線", "region": "kyushu", "loading": 0.0, "xfmr": false, "npts_orig": 282}}, {"type": "Feature", "geometry": {"type": "LineString", "coordinates": [[131.01551418333335, 33.60801320833333], [131.0099645, 33.6061233], [131.007313, 33.6032149], [131.0053424, 33.6017426], [131.0026764, 33.5996548], [130.9969241, 33.5994134], [130.9933307, 33.5999686], [130.9875099, 33.6009444], [130.9812794, 33.5995324], [130.9754547, 33.598591], [130.9715281, 33.5979393], [130.9688331, 33.5976859], [130.9638922, 33.5982652], [130.9598641, 33.5998703], [130.9588951, 33.6005614], [130.9550247, 33.6033218], [130.9509676, 33.6056147], [130.9476061, 33.6074007], [130.9437664, 33.6087885], [130.9382749, 33.6111416], [130.9338267, 33.6128068], [130.9311461, 33.6143151], [130.9279295, 33.6160889], [130.926013, 33.6180022], [130.9222759, 33.6205616], [130.9213329, 33.6230628], [130.9202432, 33.6250377], [130.9185144, 33.6275532], [130.916087, 33.6310575], [130.9129337, 33.6349339], [130.9098253, 33.6385977], [130.9063501, 33.6407494], [130.9017224, 33.6430901], [130.8995775, 33.6465137], [130.8984424, 33.6494211], [130.896993, 33.6530844], [130.8974296, 33.6584336], [130.8965215, 33.6619366], [130.8956658, 33.6646546], [130.8946529, 33.6676632], [130.8938846, 33.6705118], [130.8927669, 33.6740724], [130.8900427, 33.6772696], [130.8867596, 33.6809316], [130.8854324, 33.6855381], [130.8849085, 33.687645], [130.8834591, 33.6928323], [130.8822854, 33.6964189], [130.8788821, 33.7000937], [130.8775876, 33.7015179], [130.8751375, 33.7040991], [130.871655, 33.7080197], [130.8692317, 33.7108811], [130.8656583, 33.7127233], [130.8638716, 33.7160072], [130.8618923, 33.7207059], [130.8592016, 33.7235331], [130.8586735, 33.7270668], [130.8558387, 33.7287096], [130.8534021, 33.7296427], [130.8497361, 33.7319786], [130.8442689, 33.7339422], [130.8424822, 33.7358284], [130.8402141, 33.7382929], [130.8373819, 33.7415812], [130.8362426, 33.7451727], [130.8352068, 33.7483248], [130.8346268, 33.7506845], [130.8323895, 33.7558343], [130.8313745, 33.758013], [130.8267342, 33.7611561], [130.8232273, 33.7625733], [130.8188771, 33.7647087], [130.8153348, 33.7687384], [130.8141747, 33.7707273], [130.8125911, 33.7732103], [130.8110167, 33.7766283], [130.8097738, 33.7791594], [130.808448, 33.7824308], [130.8079676, 33.7861326], [130.8069652, 33.791311], [130.8072384, 33.794062], [130.8068457, 33.7971061], [130.8054709, 33.8007932], [130.8048403, 33.8034039], [130.8045108, 33.8054243], [130.80435629411767, 33.80978334117647]]}, "properties": {"kv": 500, "name": "豊前北幹線", "region": "kyushu", "loading": 0.0, "xfmr": false, "npts_orig": 87}}, {"type": "Feature", "geometry": {"type": "LineString", "coordinates": [[131.72938898333334, 33.134381016666666], [131.7325759, 33.12907], [131.7359447, 33.1291958], [131.7387986, 33.1273629], [131.7420172, 33.1243978], [131.7471242, 33.1228523], [131.749624, 33.1188986], [131.7505681, 33.1156547], [131.74986, 33.1144416], [131.7482185, 33.1110716], [131.7464912, 33.106012], [131.7456221, 33.1034417], [131.7449462, 33.1011588], [131.745547, 33.097321], [131.745708, 33.0937887], [131.7440665, 33.0903371], [131.7441952, 33.0878831], [131.744281, 33.0857707], [131.7439699, 33.08213], [131.7444098, 33.0787768], [131.7454398, 33.0757202], [131.7460728, 33.072106], [131.7480683, 33.0697684], [131.7509544, 33.0679343], [131.7541516, 33.0643468], [131.7536473, 33.0601747], [131.7522311, 33.0558675], [131.7512548, 33.0506968], [131.7521346, 33.0467579], [131.7520594, 33.0444466], [131.7523813, 33.041092], [131.7512119, 33.0376383], [131.7489052, 33.0339057], [131.748755, 33.0290665], [131.7454719, 33.0260261], [131.7415666, 33.0219962], [131.7411375, 33.0157889], [131.7442918, 33.0120823], [131.7466735, 33.0078718], [131.7453324, 33.0049926], [131.7419743, 33.0019964], [131.7418027, 32.9976144], [131.7394853, 32.9949689], [131.7368245, 32.9917474], [131.7345714, 32.9889037], [131.7300868, 32.9865639], [131.7290676, 32.9826311], [131.7280912, 32.9800212], [131.7280912, 32.9769161], [131.7258167, 32.973478], [131.7247546, 32.9698956], [131.7234671, 32.9667362], [131.7219758, 32.9626765], [131.7224908, 32.9593097], [131.7226624, 32.956465], [131.7208707, 32.9535662], [131.7194652, 32.9509284], [131.7157638, 32.9481464], [131.7143476, 32.9460847], [131.7118907, 32.9430504], [131.709702, 32.9412947], [131.7057645, 32.9381433], [131.702975, 32.9350457], [131.7010116, 32.9327225], [131.6957867, 32.92813], [131.6948855, 32.9199077], [131.6972458, 32.914648], [131.6997778, 32.9096762], [131.6998851, 32.9067128], [131.6998422, 32.903443], [131.6999602, 32.899966], [131.7039192, 32.8963446], [131.7077386, 32.8938402], [131.7079103, 32.8908132], [131.7070198, 32.8869753], [131.706655, 32.8831822], [131.7066336, 32.8805333], [131.7091656, 32.8770913], [131.7097556, 32.8743701], [131.7111719, 32.8718741], [131.7107427, 32.8682246], [131.7096376, 32.8650976], [131.7091977, 32.8583385], [131.7070091, 32.851597], [131.7039943, 32.8458285], [131.7014193, 32.84289], [131.6992521, 32.8402759], [131.6982221, 32.8370307], [131.6973853, 32.8331003], [131.6974067, 32.829945], [131.697042, 32.8262036], [131.6940057, 32.8200908], [131.6950786, 32.8114347], [131.6829014, 32.7946252], [131.6772473, 32.7879781], [131.6762142, 32.7857856], [131.6750586, 32.7833329], [131.6690719, 32.7732029], [131.6659498, 32.7667165], [131.6651881, 32.7620612], [131.6659713, 32.7569004], [131.6667008, 32.7531018], [131.6657245, 32.7491676], [131.6636324, 32.7466591], [131.6599309, 32.7448002], [131.6565943, 32.7405137], [131.6543412, 32.7384922], [131.6503072, 32.7357578], [131.6481936, 32.7325629], [131.648494, 32.7262], [131.646831, 32.7234922], [131.6438055, 32.7189429], [131.6390097, 32.716939], [131.6370571, 32.7146191], [131.634053, 32.7120555], [131.6309202, 32.7086702], [131.6296971, 32.7065667], [131.6292894, 32.7021701], [131.6295576, 32.6991546], [131.6288602, 32.696744], [131.6285062, 32.6940443], [131.6263819, 32.6897284], [131.6231954, 32.6846356], [131.6230345, 32.6804366], [131.6188288, 32.6771314], [131.6085934, 32.6662396], [131.6050315, 32.6638191], [131.600461, 32.6621933], [131.595633, 32.6603868], [131.590805, 32.658508], [131.5879726, 32.6569364], [131.5833163, 32.6559427], [131.571536, 32.6553104], [131.5669441, 32.6535761], [131.5626311, 32.6511552], [131.5588546, 32.6490413], [131.5542626, 32.6464758], [131.5474176, 32.6466745], [131.5445208, 32.6469997], [131.5404653, 32.6461144], [131.5374398, 32.6450303], [131.5349722, 32.6426092], [131.5321398, 32.6388328], [131.5288353, 32.6350021], [131.515789, 32.6170929], [131.5155423, 32.6125563], [131.5151453, 32.6066096], [131.5141368, 32.5999394], [131.515274, 32.5952754], [131.5170121, 32.5925275], [131.5191901, 32.5889931], [131.5212285, 32.583994], [131.5209818, 32.5816616], [131.5173125, 32.5777199], [131.51492, 32.5761829], [131.5116048, 32.5732446], [131.5121519, 32.5700168], [131.5125918, 32.5666533], [131.5131068, 32.5623131], [131.5123558, 32.5584791], [131.5116048, 32.5541565], [131.5120983, 32.5511361], [131.5127849, 32.5477538], [131.5133643, 32.5442085], [131.514759, 32.5412601], [131.5158319, 32.5383839], [131.5180635, 32.5362493], [131.5198874, 32.5334091], [131.5238571, 32.5320343], [131.5252948, 32.5283256], [131.5265608, 32.5255756], [131.5237421, 32.5205092], [131.5216577, 32.518447], [131.5204879, 32.5143737], [131.5205622, 32.5109654], [131.5201825, 32.5087917], [131.5217543, 32.5040073], [131.5243626, 32.5002618], [131.5261852, 32.4980899], [131.5278911, 32.4962798], [131.5293932, 32.49228], [131.5306806, 32.4885878], [131.5321612, 32.48428], [131.5338564, 32.4801168], [131.5320325, 32.4760621], [131.5300369, 32.4709029], [131.5281915, 32.4685132], [131.5266681, 32.4659063], [131.5247583, 32.461706], [131.524179, 32.45689], [131.5237069, 32.4540835], [131.5232992, 32.4510235], [131.5224731, 32.4467682], [131.5202737, 32.4426395], [131.518439, 32.4399141], [131.5174305, 32.4375599], [131.5141797, 32.4358123], [131.5111005, 32.4328693], [131.5079677, 32.4282963], [131.5078604, 32.4264307], [131.5077317, 32.4242029], [131.506573, 32.4204807], [131.5052211, 32.4176732], [131.5014167, 32.4136363], [131.4981292, 32.4103949], [131.4948249, 32.4076466], [131.4908981, 32.4025741], [131.4896214, 32.3982712], [131.4868748, 32.3966769], [131.4850376, 32.3950276], [131.4839423, 32.3934186], [131.4822936, 32.3887499], [131.4794762, 32.3855973], [131.4758706, 32.3831053], [131.4738393, 32.3807769], [131.4711494, 32.3788727], [131.4683508, 32.3774567], [131.4606039, 32.3758538], [131.4558148, 32.3740175], [131.4513731, 32.3733288], [131.4484545, 32.3710894], [131.4440649, 32.3677213], [131.4391207, 32.3662245], [131.4322972, 32.3654089], [131.4278126, 32.3646658], [131.4235639, 32.3608052], [131.4218671, 32.3556631], [131.4205372, 32.3516878], [131.418457, 32.3489687], [131.4163005, 32.3469474], [131.4135432, 32.346322], [131.4096057, 32.3452525], [131.4037263, 32.343349], [131.4016664, 32.3410829], [131.3985121, 32.3393402], [131.3955831, 32.336351], [131.3944244, 32.3308846], [131.390326, 32.3284913], [131.3858843, 32.3269048], [131.3818073, 32.3260344], [131.3788462, 32.3253726], [131.3744702, 32.3237086], [131.3706601, 32.3234959], [131.3645339, 32.3202592], [131.3605857, 32.3195338], [131.3548994, 32.3181285], [131.3515369, 32.314997], [131.3487956, 32.3116965], [131.3481486, 32.3073899], [131.3472914, 32.3044074], [131.3458113, 32.3014625], [131.346602, 32.2981261], [131.3480957, 32.2959609], [131.3503802, 32.2905618], [131.352597, 32.285608], [131.3534689, 32.2822254], [131.3526849, 32.2781169], [131.3527362, 32.2752646], [131.3539224, 32.2718987], [131.3565651, 32.2675783], [131.3568625, 32.2646465], [131.357203, 32.2605694], [131.3576843, 32.2572326], [131.3618363, 32.2556902], [131.3673295, 32.2551005], [131.3706232, 32.2556902], [131.3739599, 32.2550279], [131.3786913, 32.2539209], [131.38554833636363, 32.25098099090909]]}, "properties": {"kv": 500, "name": "ひむか変電所~東九州変電所線", "region": "kyushu", "loading": 0.0, "xfmr": false, "npts_orig": 269}}, {"type": "Feature", "geometry": {"type": "LineString", "coordinates": [[130.664931, 33.775939], [130.6685577, 33.7760373], [130.6725665, 33.7764456], [130.6758415, 33.7766977], [130.6797593, 33.7774689], [130.6825127, 33.7779377], [130.6856057, 33.7784519], [130.6886987, 33.7791627], [130.692829, 33.7799705], [130.6963156, 33.7808531], [130.7003993, 33.7818247], [130.7016363, 33.7838247], [130.7027829, 33.786268], [130.7054657, 33.787632]]}, "properties": {"kv": 500, "name": "下有木変電所~北九州変電所線", "region": "kyushu", "loading": 0.0, "xfmr": false, "npts_orig": 14}}, {"type": "Feature", "geometry": {"type": "LineString", "coordinates": [[130.7054657, 33.787632], [130.7083049, 33.789445], [130.7124194, 33.7919496], [130.7157769, 33.7940528], [130.7192853, 33.7953971], [130.7224703, 33.7967892], [130.7256444, 33.7981454], [130.7331187, 33.79842223636364]]}, "properties": {"kv": 500, "name": "下有木変電所~北九州変電所線", "region": "kyushu", "loading": 0.0, "xfmr": false, "npts_orig": 8}}, {"type": "Feature", "geometry": {"type": "LineString", "coordinates": [[130.7054657, 33.787632], [130.7041855, 33.7871638], [130.7031171, 33.7898353], [130.7021905, 33.792135], [130.7008947, 33.7953622], [130.6999068, 33.7978213], [130.6988619, 33.8004045], [130.6978258, 33.8029647], [130.6954348, 33.8041271], [130.6926624, 33.8054752], [130.68919, 33.8059145], [130.6860524, 33.8062242], [130.6829615, 33.8065461], [130.6796053125, 33.8097479125]]}, "properties": {"kv": 500, "name": "大字木月変電所~香月変電所線", "region": "kyushu", "loading": 0.0, "xfmr": false, "npts_orig": 14}}, {"type": "Feature", "geometry": {"type": "LineString", "coordinates": [[130.7331187, 33.79842223636364], [130.7406471, 33.7998308], [130.7438403, 33.8007378], [130.7474319, 33.8018054], [130.750967, 33.8026909], [130.7548904, 33.803628], [130.7574015, 33.806061]]}, "properties": {"kv": 500, "name": "下有木変電所~北九州変電所線", "region": "kyushu", "loading": 0.0, "xfmr": false, "npts_orig": 7}}, {"type": "Feature", "geometry": {"type": "LineString", "coordinates": [[130.7574015, 33.806061], [130.762929, 33.8065033], [130.7679304, 33.8074946], [130.7740914, 33.8068556], [130.7794683, 33.8054246], [130.7827144, 33.8052528], [130.7876042, 33.8062321], [130.7912028, 33.8069937], [130.7951, 33.8072605], [130.80435629411767, 33.80978334117647]]}, "properties": {"kv": 500, "name": "下有木変電所~北九州変電所線", "region": "kyushu", "loading": 0.0, "xfmr": false, "npts_orig": 10}}, {"type": "Feature", "geometry": {"type": "LineString", "coordinates": [[130.80435629411767, 33.80978334117647], [130.8063542, 33.8038878], [130.8080284, 33.7995807], [130.8102668, 33.796139], [130.8127949, 33.794293], [130.8167377, 33.7947982], [130.8202203, 33.7950673], [130.8241631, 33.7949634], [130.8301286, 33.7947287], [130.8335272, 33.7945082], [130.836169, 33.7932382], [130.8407765, 33.791038], [130.8435091, 33.7898009], [130.8474544, 33.7885676], [130.8511985, 33.7886975], [130.8556696, 33.7907287], [130.8586401, 33.791945], [130.8609741, 33.7929566], [130.8651761, 33.7924992], [130.869354, 33.7920634], [130.873469, 33.7916462], [130.8792547, 33.7909759], [130.8841051, 33.7901753], [130.8886642, 33.7893375], [130.8933224, 33.7907758], [130.8946736, 33.7919867], [130.8987957, 33.7958628], [130.9003411, 33.7972895], [130.9015167, 33.8007864], [130.902787, 33.8046367], [130.9033037, 33.8091224], [130.9025912, 33.8137816], [130.9038109, 33.8190729], [130.9055931, 33.8211918], [130.9083233, 33.8245569], [130.9097515, 33.8271811], [130.9102724, 33.8293679], [130.9107057, 33.8323886], [130.9110591, 33.8352357], [130.911526, 33.837065], [130.91359821999998, 33.842083880000004]]}, "properties": {"kv": 500, "name": "関門連系線", "region": "kyushu", "loading": 0.0, "xfmr": false, "npts_orig": 41}}, {"type": "Feature", "geometry": {"type": "LineString", "coordinates": [[130.91359821999998, 33.842083880000004], [130.91627534, 33.84512504]]}, "properties": {"kv": 500, "name": "関門連系線", "region": "kyushu", "loading": 0.0, "xfmr": false, "npts_orig": 2}}, {"type": "Feature", "geometry": {"type": "LineString", "coordinates": [[130.91627534, 33.84512504], [130.919706, 33.8498759], [130.9216106, 33.8538782], [130.9241109, 33.8566749], [130.9260198, 33.8589751], [130.9298249, 33.8632049], [130.9331709, 33.8671169], [130.9360309, 33.8689323], [130.9406448, 33.8717169], [130.944379, 33.8740031], [130.9475352, 33.8759987], [130.9508148, 33.8779862], [130.9536093, 33.8824963], [130.95776, 33.8850425], [130.9617176, 33.8873366], [130.9618437, 33.8912627], [130.9619829, 33.8935981], [130.9609498, 33.8951936], [130.9631473, 33.8974537], [130.9638662, 33.9011813], [130.9640632, 33.9034128], [130.9643488, 33.9071157], [130.9639253, 33.9117255], [130.96687, 33.9149213], [130.9689331, 33.9166723], [130.9709865, 33.9179105], [130.974525, 33.9175508], [130.9776482, 33.9148683], [130.9818626, 33.9153404], [130.9850174, 33.9185952], [130.98614, 33.9211423], [130.9875611, 33.9241375], [130.9883427, 33.9258473], [130.9898963, 33.931012], [130.9910378, 33.9343335], [130.9912509, 33.9372928], [130.9915325, 33.9419258], [130.9917924, 33.9458027], [130.9903655, 33.9475115], [130.98822, 33.9492091], [130.9867629, 33.9502844], [130.9858586, 33.9509096], [130.981898, 33.9529092], [130.97975925555556, 33.95714862222222]]}, "properties": {"kv": 500, "name": "関門連系線", "region": "kyushu", "loading": 0.0, "xfmr": false, "npts_orig": 44}}, {"type": "Feature", "geometry": {"type": "LineString", "coordinates": [[130.97975925555556, 33.95714862222222], [130.9751119, 33.9556244], [130.9737007, 33.9558039], [130.9699605, 33.9590966], [130.9642536, 33.961398], [130.9544821, 33.9652313], [130.9516206, 33.9664381], [130.9510592, 33.968318], [130.9520389, 33.9698173], [130.9544375, 33.971551], [130.9562857, 33.974315], [130.9584011, 33.9767528], [130.9596012, 33.9791328], [130.959839, 33.9813743], [130.9600317, 33.9837474], [130.9609291, 33.98707], [130.960872, 33.9897497], [130.9641544, 33.9927836], [130.9679867, 33.9960808], [130.9722746, 33.99805], [130.9747994, 34.0006623], [130.9769537, 34.0027541], [130.9771465, 34.0050867], [130.9753255, 34.0083516], [130.9759575, 34.0097132], [130.9799281, 34.0119479], [130.9820206, 34.0131555], [130.9837559, 34.015837], [130.9809983, 34.0193224], [130.9799835, 34.0219997], [130.9786895, 34.0253268], [130.9773397, 34.0291029], [130.9758854, 34.0326499], [130.9759327, 34.0350134], [130.9769637, 34.0396073], [130.9779082, 34.0430382], [130.9779844, 34.0464672], [130.9780882, 34.0513404], [130.9784648, 34.0546279], [130.9792733, 34.0581166], [130.9794285, 34.0621455], [130.9795941, 34.06576], [130.9798657, 34.0682236], [130.9830535, 34.0716239], [130.9861132, 34.0749459], [130.9897947, 34.0788557], [130.9942714, 34.0830074], [130.9983919, 34.0850807], [131.0023449, 34.0870815], [131.0064577, 34.0904554], [131.0089762, 34.0923057], [131.0108337, 34.0936225], [131.0130123, 34.096306], [131.0172361, 34.0999961], [131.0194303, 34.1019131], [131.0230213, 34.1032131], [131.0279547, 34.1042645], [131.0335111, 34.1054217], [131.0381603, 34.1064887], [131.0415111, 34.1093404], [131.0428283, 34.110588], [131.0438325, 34.1136716], [131.0446875, 34.1161617], [131.0474912, 34.1200928], [131.0505434, 34.1246594], [131.0554597, 34.1269854], [131.0569678, 34.1278749], [131.0622626, 34.1309412], [131.0645164, 34.1327255], [131.0670179, 34.1347498], [131.0701744, 34.1372775], [131.0728612, 34.140665], [131.0750071, 34.1448198], [131.0774068, 34.1475565], [131.0802916, 34.1508689], [131.0833674, 34.1533064], [131.0839563, 34.1561266], [131.0845778, 34.1590539], [131.0873304, 34.1625199], [131.0899453, 34.1658358], [131.09300737647058, 34.16307129705882]]}, "properties": {"kv": 500, "name": "関門連系線", "region": "kyushu", "loading": 0.0, "xfmr": false, "npts_orig": 81}}, {"type": "Feature", "geometry": {"type": "LineString", "coordinates": [[131.09300737647058, 34.16307129705882], [131.094211, 34.1666184], [131.0924806, 34.1701005], [131.0907943, 34.1734998], [131.0907247, 34.1763133], [131.090726, 34.1795768], [131.0915917, 34.1819953], [131.0927931, 34.1854068], [131.0936265, 34.1880531], [131.0948127, 34.1905238], [131.0966453, 34.1943335], [131.0987735, 34.1976478], [131.1003868, 34.2005192], [131.1023197, 34.2038954], [131.1032206, 34.2055519], [131.1056519, 34.2084763], [131.1082049, 34.2116863], [131.1097614, 34.2134805], [131.1123982, 34.2162329], [131.1149486, 34.2184014], [131.1191073, 34.222169], [131.1230679, 34.2256153], [131.1267135, 34.2287525], [131.1296609, 34.2310378], [131.1318623, 34.2328735], [131.134597, 34.2349464], [131.1380366, 34.2373277], [131.1412904, 34.2406382], [131.1436864, 34.2430702], [131.1469808, 34.2464065], [131.1491797, 34.2485626], [131.1513076, 34.2522631], [131.1536721, 34.2542974], [131.1560013, 34.2564117], [131.158962, 34.2588894], [131.1620158, 34.2611817], [131.1679456, 34.2650234], [131.1722135, 34.2678855], [131.175756, 34.2699467], [131.1796941, 34.2721139], [131.1830518, 34.2740094], [131.1874431, 34.2779555], [131.1889962, 34.2796979], [131.1924296, 34.2833881], [131.1937732, 34.2847537], [131.1975579, 34.2885108], [131.2007856, 34.2905941], [131.2066139, 34.294302], [131.2098335, 34.2948271], [131.2144597, 34.2956582], [131.2196054, 34.2965463], [131.2228076, 34.2970667], [131.2298154, 34.297886], [131.2346556, 34.2984686], [131.2407534, 34.2992563], [131.2429288, 34.3002087], [131.2474696, 34.3022627], [131.2504047, 34.3036736], [131.2531639, 34.3073507], [131.2577249, 34.3111956], [131.2597024, 34.3129162], [131.2626169, 34.3153526], [131.2670056, 34.3195114], [131.2707824, 34.3204309], [131.2747432, 34.3193511], [131.2808139, 34.3165007], [131.2830543, 34.3154179], [131.2861926, 34.3139137], [131.2892567, 34.3132228], [131.2934195, 34.3124101], [131.2976162, 34.3137528], [131.3008468, 34.3147573], [131.3044633, 34.3168117], [131.308299, 34.3178589], [131.311604, 34.3188303], [131.3151497, 34.3202997], [131.3174537, 34.3210963], [131.3210872, 34.3224103], [131.3250304, 34.3237671], [131.3279044, 34.3252168], [131.3315051, 34.327033], [131.3346433, 34.3286588], [131.3379907, 34.33036], [131.3420167, 34.3319237], [131.3464558, 34.33374], [131.3503611, 34.3352992], [131.352303, 34.3361298], [131.3579222, 34.3373301], [131.361267, 34.3392659], [131.364727, 34.3401407], [131.3722801, 34.342125], [131.3769096, 34.3433342], [131.3804534, 34.3442713], [131.3831591, 34.3450483], [131.3875311, 34.3470415], [131.3908195, 34.3479007], [131.3959052, 34.3494109], [131.4019645, 34.3509501], [131.4073758, 34.3520107], [131.4120146, 34.3529551], [131.416781, 34.3533824], [131.4235712, 34.3541637], [131.4269791, 34.3549167], [131.4299458, 34.3555312], [131.435806, 34.3561085], [131.442395, 34.3572954], [131.4450549, 34.3590259], [131.4494195, 34.3629703], [131.4518902, 34.3660401], [131.4530754, 34.3679586], [131.4551819, 34.3711612], [131.4572466, 34.374415], [131.4614084, 34.3766545], [131.4650169, 34.3786486], [131.4691364, 34.3808978], [131.4741202, 34.3833188], [131.4765806, 34.3845111], [131.4801638, 34.3862499], [131.4860311, 34.3872813], [131.4905856, 34.3882178], [131.4958533, 34.3904512], [131.5017047, 34.3927451], [131.5041898, 34.3940175], [131.5088109, 34.3964615], [131.5144255, 34.399007], [131.5182611, 34.4007924], [131.5217119, 34.4022186], [131.5247735, 34.4034428], [131.5293726, 34.405353], [131.5324428, 34.4063046], [131.5377865, 34.407934], [131.5412968, 34.409055], [131.5446112, 34.4099861], [131.5480149, 34.41077], [131.5508832, 34.411414], [131.554153, 34.4121722], [131.5608665, 34.4130922], [131.5665139, 34.4141484], [131.5693778, 34.4147372], [131.5716082, 34.4152082], [131.5766046, 34.4162744], [131.579749, 34.4169064], [131.583123, 34.4185976], [131.5865161, 34.4201941], [131.5940675, 34.4233644], [131.5973047, 34.4256181], [131.6003304, 34.4272867], [131.6054901, 34.4299899], [131.6105079, 34.4327201], [131.6137331, 34.4346656], [131.6170082, 34.4366448], [131.6216292, 34.4384503], [131.6256072, 34.4405723], [131.6280626, 34.4417299], [131.6333532, 34.444187], [131.6373286, 34.4460473], [131.6416516, 34.4483488], [131.6463615, 34.45044], [131.6510254, 34.452529], [131.6559493, 34.4546032], [131.6603639, 34.4562391], [131.6627754, 34.4568616], [131.6681114, 34.4583039], [131.6711095, 34.4591172], [131.6774181, 34.4615516], [131.679971, 34.4629197], [131.6847045, 34.4655826], [131.6897072, 34.4685368], [131.6924967, 34.4704476], [131.6966651, 34.473322], [131.7003687, 34.4752251], [131.7027476, 34.476376], [131.7081469, 34.4791214], [131.7124995, 34.4813376], [131.7150559, 34.483571], [131.7173529, 34.4848001], [131.7209629, 34.4868542], [131.7237116, 34.4884469], [131.7257212, 34.489593], [131.7291995, 34.4915766], [131.7334407, 34.4948255], [131.737165, 34.4970231], [131.7409817, 34.4991808], [131.7456199, 34.5017266], [131.7498074, 34.5042601], [131.7515864, 34.5052843], [131.7559772, 34.5078732], [131.7612133, 34.5109455], [131.7635538, 34.5132432], [131.7674335, 34.5168403], [131.7694901, 34.5187843], [131.7734561, 34.5224778], [131.7760567, 34.5249145], [131.7782864, 34.5268365], [131.7807852, 34.5291261], [131.7835331, 34.5323895], [131.7856255, 34.5348649], [131.7887169, 34.538411], [131.7921785, 34.5423794], [131.793655, 34.543919], [131.7961442, 34.5464837], [131.7996281, 34.5506171], [131.8015106, 34.5527774], [131.8057528, 34.5578289], [131.8076621, 34.5606503], [131.8088487, 34.5624761], [131.8110568, 34.5654039], [131.8135443, 34.5678489], [131.817627, 34.5719326], [131.8202984, 34.5751979], [131.8208306, 34.5788329], [131.8225595, 34.5819893], [131.8244999, 34.5854746], [131.825807, 34.587814], [131.8274218, 34.5907262], [131.8284478, 34.5935024], [131.8293486, 34.5957674], [131.832128, 34.5989567], [131.8343278, 34.603653], [131.8367717, 34.6073489], [131.8387523, 34.6092912], [131.841473, 34.6119231], [131.8459351, 34.6147621], [131.8482112, 34.6166808], [131.85013, 34.6184008], [131.8540565, 34.6215407], [131.8565332, 34.6233994], [131.8592945, 34.6256753], [131.8635055, 34.629056], [131.8657671, 34.6311152], [131.8684659, 34.6335377], [131.8722933, 34.6374649], [131.8742606, 34.6382503], [131.8788686, 34.6401992], [131.8843545, 34.6430503], [131.8880758, 34.6454686], [131.8901189, 34.64675], [131.892211, 34.6479868], [131.8982956, 34.6500051], [131.9035906, 34.6517151], [131.9059504, 34.6525151], [131.9081406, 34.6531389], [131.9109019, 34.6541114], [131.9153493, 34.6563314], [131.9207248, 34.6591266], [131.9224064, 34.6600153], [131.9253076, 34.6615198], [131.9311283, 34.6639744], [131.9339867, 34.6651668], [131.9368417, 34.6663518], [131.9401159, 34.667757], [131.9444652, 34.6700244], [131.9492517, 34.6725595], [131.9539936, 34.6749037], [131.9590371, 34.6759381], [131.9612633, 34.6780904], [131.964865, 34.6801092], [131.967146, 34.6823354], [131.9688365, 34.68403], [131.9711835, 34.6862244], [131.9729138, 34.6887608], [131.9749819, 34.6917029], [131.9781064, 34.6945013], [131.97974, 34.6959508]]}, "properties": {"kv": 500, "name": "中国電力ネットワーク 500.0kV線", "region": "kyushu", "loading": 0.0, "xfmr": false, "npts_orig": 264}}, {"type": "Feature", "geometry": {"type": "LineString", "coordinates": [[130.0443314, 32.4847385], [130.0455174, 32.482829], [130.0476686, 32.4811786], [130.0514299, 32.4783196], [130.0535681, 32.4766717], [130.0562777, 32.474942], [130.060248, 32.4744568], [130.0638627, 32.4734436]]}, "properties": {"kv": 500, "name": "苓北火力線・苓北一の勢線", "region": "kyushu", "loading": 0.0, "xfmr": false, "npts_orig": 8}}, {"type": "Feature", "geometry": {"type": "LineString", "coordinates": [[130.0638627, 32.4734436], [130.0678038, 32.4754647], [130.0693488, 32.4762974], [130.0709796, 32.4782343], [130.0723743, 32.4800806], [130.0735545, 32.481402], [130.075078, 32.4830673]]}, "properties": {"kv": 500, "name": "九州電力 志岐変電所~九州電力 一の勢変電所線", "region": "kyushu", "loading": 0.0, "xfmr": false, "npts_orig": 7}}, {"type": "Feature", "geometry": {"type": "LineString", "coordinates": [[130.0638627, 32.4734436], [130.0657236, 32.4711772], [130.0673501, 32.4689107], [130.0722404, 32.4656515], [130.0743784, 32.4627216], [130.0767187, 32.4611711], [130.0796361, 32.4599666], [130.0832639, 32.4596254], [130.0885813, 32.4590682], [130.0905601, 32.457873], [130.0953951, 32.4549324], [130.0999028, 32.4527327], [130.1026136, 32.4497744], [130.1066527, 32.4472685], [130.1129773, 32.4428455], [130.1177125, 32.4394919], [130.1224244, 32.4362117], [130.1245524, 32.4324507], [130.1274748, 32.4303132], [130.1333497, 32.4266035], [130.138012, 32.4250901], [130.1411736, 32.4231901], [130.1445312, 32.4211436], [130.1499445, 32.4199226], [130.1523187, 32.4193907], [130.1570076, 32.4176006], [130.161182, 32.4160237], [130.1654597, 32.4143679], [130.1691116, 32.4130196], [130.1734762, 32.412831], [130.1769401, 32.4110987], [130.1815422, 32.408611], [130.1867072, 32.4059275], [130.1912762, 32.4067102], [130.1962425, 32.4078003], [130.198825, 32.4106235], [130.2010102, 32.4125242], [130.20479, 32.4155963], [130.2091725, 32.4174784], [130.2165557, 32.4205388], [130.2211413, 32.4225371], [130.2222173, 32.4260794], [130.225611, 32.4281055], [130.2313702, 32.4285007], [130.2351629, 32.4288169], [130.2384873, 32.430951], [130.2401175, 32.4338227], [130.2414051, 32.4360753], [130.2438783, 32.4383306], [130.2465385, 32.440725], [130.2503879, 32.4406889], [130.255973, 32.441178], [130.2594553, 32.4414891], [130.2632948, 32.4420028], [130.2659637, 32.4425165], [130.2700373, 32.4428129], [130.2750708, 32.4431685], [130.2788166, 32.4446305], [130.2842715, 32.4468631], [130.2881812, 32.4490165], [130.2926762, 32.449708], [130.2960708, 32.449708], [130.3012448, 32.450439], [130.3072615, 32.4517231], [130.3125759, 32.4531257], [130.3157599, 32.454153], [130.3189672, 32.4551605], [130.3216472, 32.4560379], [130.3257033, 32.4582434], [130.3306789, 32.4610736], [130.3353687, 32.463616], [130.3410948, 32.4643139], [130.3457123, 32.4649253], [130.3509799, 32.4664561], [130.3557324, 32.4686288], [130.3584489, 32.4705291], [130.3610984, 32.4724959], [130.3640482, 32.4749055], [130.3660382, 32.4764658], [130.3686837, 32.4776113], [130.3735299, 32.4776903], [130.3775098, 32.4742932], [130.3819732, 32.4730177], [130.3882473, 32.4738138], [130.3926176, 32.4725848], [130.3956655, 32.4717436], [130.3987659, 32.4733767], [130.4027059, 32.4726923], [130.4060002, 32.4728809], [130.4109334, 32.4743054], [130.4147243, 32.4766795], [130.4167605, 32.4780342], [130.4212468, 32.4798078], [130.4242514, 32.4810786], [130.4267407, 32.4840887], [130.431882, 32.4869266], [130.4366522, 32.4888583], [130.4396008, 32.4927495], [130.4412315, 32.4943643], [130.4444748, 32.4978869], [130.4479002, 32.5016876], [130.4490269, 32.5052291], [130.4500772, 32.5084394], [130.4511469, 32.512921], [130.4537427, 32.5163845], [130.4564453, 32.5180156], [130.45875, 32.5226946], [130.458798, 32.5242273], [130.4606706, 32.5289696], [130.4654227, 32.5415477], [130.4667061, 32.5445998], [130.4683358, 32.5466277], [130.4687141, 32.5512231], [130.4716164, 32.5536719], [130.4740761, 32.5557181], [130.4761753, 32.5582776], [130.4787071, 32.5613501], [130.4795404, 32.5646048], [130.480606, 32.5666576], [130.4821844, 32.5695745], [130.4846636, 32.5725441], [130.4895041, 32.5781408], [130.4910147, 32.5799801], [130.4906693, 32.584629], [130.4937018, 32.5882373], [130.494768, 32.5907295], [130.4978934, 32.5953115], [130.5006533, 32.59917], [130.5028685, 32.6028451], [130.5045594, 32.6062746], [130.5083056, 32.6136175], [130.5092378, 32.6152084], [130.508061, 32.6193925], [130.5090067, 32.6217547], [130.5102505, 32.6242217], [130.514167, 32.6261458], [130.5174252, 32.6283541], [130.5202003, 32.6300961], [130.5238262, 32.6324912], [130.5272311, 32.6350723], [130.5301885, 32.6372478], [130.5338313, 32.6395378], [130.5374203, 32.6417633], [130.5415021, 32.6428648], [130.5460369, 32.6449427], [130.5508144, 32.6476482], [130.5538908, 32.6493941], [130.5569671, 32.6511448], [130.5620382, 32.6501093], [130.5641649, 32.64972], [130.5700416, 32.6484224], [130.5726922, 32.6485176], [130.5785072, 32.6488117], [130.5821031, 32.6495643], [130.5870037, 32.6506542], [130.5904043, 32.6513462], [130.5934762, 32.6519085], [130.5996508, 32.6530849], [130.6043357, 32.6539326], [130.6068322, 32.6546246], [130.6108653, 32.6555995], [130.6150389, 32.6568144], [130.6178605, 32.6578306], [130.6206715, 32.6586887], [130.6267977, 32.6607029], [130.6316704, 32.6599799], [130.6358726, 32.6592861], [130.6389234, 32.6587449], [130.6426464, 32.6581101], [130.647043, 32.6574241], [130.6528196, 32.6576339], [130.6577399, 32.6599695], [130.6615521, 32.6616606], [130.6668581, 32.6633211], [130.6718354, 32.6631308], [130.675406, 32.6630316], [130.6789737, 32.6652219], [130.6838338, 32.6668744], [130.6898593, 32.6675458], [130.6941077, 32.6661995], [130.6977279, 32.6634266], [130.7010878, 32.6628526], [130.7039518, 32.6622785], [130.7094276, 32.6621428], [130.7145604, 32.6620454], [130.7179988, 32.6619236], [130.7217513, 32.6599474], [130.7231068, 32.6587193], [130.7249795, 32.6563794], [130.7307813, 32.6550485], [130.7348602, 32.6527938], [130.7395591, 32.6542308], [130.7439067, 32.6548884], [130.749428, 32.6550172], [130.7552055, 32.6538759], [130.7591509, 32.6529822], [130.7639379, 32.6517534], [130.7688448, 32.6524032], [130.7741466, 32.6513644], [130.776841, 32.648604], [130.7767159, 32.6462434], [130.7757409, 32.6443102], [130.7778237, 32.639857], [130.7805266, 32.6363758], [130.7832541, 32.6343572], [130.785928, 32.632457], [130.7894119, 32.6318897], [130.7914906, 32.6315208], [130.7961978, 32.6289522], [130.7986608, 32.6239959], [130.7987394, 32.6219318], [130.7991113, 32.6193665], [130.79893333333334, 32.6147428]]}, "properties": {"kv": 500, "name": "苓北火力線・苓北一の勢線", "region": "kyushu", "loading": 0.0, "xfmr": false, "npts_orig": 213}}, {"type": "Feature", "geometry": {"type": "LineString", "coordinates": [[130.1891907, 31.831921633333334], [130.1909888, 31.8278842], [130.1942745, 31.8254465], [130.1973356, 31.8244439], [130.2005163, 31.8233251], [130.2028933, 31.8224969], [130.2063391, 31.8200412], [130.209537, 31.817709], [130.2127092, 31.8135022], [130.2136897, 31.8094607], [130.2145165, 31.8060301], [130.2175859, 31.8027637], [130.2201717, 31.8000429], [130.2233379, 31.7967016], [130.2254311, 31.7957], [130.2297495, 31.7923959], [130.2319306, 31.7899663], [130.234181, 31.7877996], [130.2370107, 31.7853424], [130.2391699, 31.7835459], [130.2423249, 31.7803509], [130.2469535, 31.7780994], [130.2514755, 31.7771547], [130.2547483, 31.776478], [130.2576273, 31.7756918], [130.2605245, 31.774965], [130.2638754, 31.7745538], [130.2675341, 31.7745613], [130.2714332, 31.7719105], [130.2744546, 31.7707197], [130.2788463, 31.769057], [130.2829827, 31.76954], [130.2860275, 31.7699523], [130.2914794, 31.7705938], [130.2938287, 31.7707842], [130.2988181, 31.7711871], [130.3008594, 31.7713914], [130.3059158, 31.7718958], [130.3080937, 31.773179], [130.3104578, 31.7745148], [130.3128653, 31.7759068], [130.316111, 31.7768929], [130.3203776, 31.7752521], [130.3239752, 31.7745402], [130.326229, 31.7741359], [130.3311706, 31.7727883], [130.3352851, 31.7713528], [130.3394278, 31.769825], [130.3442443, 31.7694111], [130.3473636, 31.7687312], [130.352571, 31.7669393], [130.3561135, 31.765029], [130.3578641, 31.7641149], [130.3619235, 31.7612728], [130.3658589, 31.7601711], [130.3685743, 31.7594445], [130.3743361, 31.7578974], [130.3790056, 31.7577356], [130.3852631, 31.7575864], [130.3892496, 31.7559288], [130.3954389, 31.7553736], [130.3988503, 31.7562189], [130.4020082, 31.756998], [130.4041477, 31.7575366], [130.408546, 31.7585857], [130.4119359, 31.7582345], [130.4164939, 31.7567448], [130.4189723, 31.7562846], [130.4234875, 31.755461], [130.4254104, 31.7554852], [130.4303957, 31.7555821], [130.4339138, 31.7567085], [130.4381727, 31.7571324], [130.4422463, 31.7576289], [130.4484779, 31.7586508], [130.4504934, 31.7616861], [130.4517287, 31.7634844], [130.4574261, 31.7652525], [130.4592208, 31.767287], [130.4628814, 31.7712347], [130.4652166, 31.7735182], [130.46892, 31.7769443], [130.471142, 31.7798139], [130.4722459, 31.7812548], [130.4751374, 31.7832223], [130.479503, 31.7861281], [130.4840254, 31.7886525], [130.4892243, 31.7915702], [130.4938962, 31.7940279], [130.4947366, 31.7978655], [130.4979272, 31.8005529], [130.5020863, 31.8042087], [130.5033397, 31.8064844], [130.5048923, 31.8092685], [130.5086384, 31.8112172], [130.5108939, 31.815998], [130.5129124, 31.8204752], [130.5149778, 31.8238519], [130.5190942, 31.8271558], [130.5227652, 31.8304719], [130.5250171, 31.8325477], [130.5267833, 31.8353987], [130.5292413, 31.839725], [130.5318612, 31.8423133], [130.5348343, 31.8451515], [130.5375278, 31.8482022], [130.5376897, 31.8513777], [130.5390585, 31.8539031], [130.5382217, 31.8579783], [130.5380656, 31.8615494], [130.5379928, 31.8636443], [130.5393145, 31.8670562], [130.5405947, 31.8702911], [130.5423627, 31.8747623], [130.5432752, 31.8772371], [130.5439959, 31.8804402], [130.5444785, 31.8831954], [130.5473176, 31.8880024], [130.5480496, 31.8922756], [130.5486872, 31.8959642], [130.5473047, 31.8994866], [130.5478702, 31.9039134], [130.5485862, 31.9083483], [130.5492745, 31.9119407], [130.5512903, 31.9151828], [130.5533682, 31.9185066], [130.5557251, 31.9223548], [130.5583086, 31.9272192], [130.5603056, 31.9299425], [130.5622624, 31.9326128], [130.5644758, 31.9347621], [130.5680081, 31.9362176], [130.5702961, 31.9371255], [130.5762686, 31.9394618], [130.5781181, 31.9408349], [130.5809678, 31.9427678], [130.5855919, 31.9452075], [130.5879729, 31.9466702], [130.5912406, 31.9486529], [130.5943215, 31.9505728], [130.5983635, 31.9529303], [130.6025207, 31.9553107], [130.6073791, 31.9552782], [130.6108859, 31.9551376], [130.6134873, 31.9550185], [130.6165223, 31.9551051], [130.6206029, 31.9551267], [130.6268896, 31.9541422], [130.6319266, 31.9542828], [130.636479, 31.9543694], [130.6401579, 31.9549266], [130.6446613, 31.9555628], [130.6502968, 31.9563821], [130.65521572, 31.957996279999996]]}, "properties": {"kv": 500, "name": "川内原子力線", "region": "kyushu", "loading": 0.0, "xfmr": false, "npts_orig": 154}}, {"type": "Feature", "geometry": {"type": "LineString", "coordinates": [[130.65521572, 31.957996279999996], [130.6597621, 31.9624685], [130.6632512, 31.9644763], [130.6651395, 31.9656225], [130.6694922, 31.9693825], [130.6720106, 31.9717281], [130.6738508, 31.9733053], [130.6762839, 31.9754899], [130.6775644, 31.9806193], [130.6784441, 31.9841664], [130.6790634, 31.9867208], [130.6794647, 31.9919725], [130.679589, 31.9954567], [130.6798991, 31.9998497], [130.6777239, 32.0031614], [130.67511, 32.0072374], [130.6728236, 32.0107738], [130.6732063, 32.0143683], [130.6738245, 32.0192939], [130.6741189, 32.0219313], [130.6740404, 32.0269647], [130.6740796, 32.0290195], [130.6769666, 32.0323488], [130.678993, 32.0346573], [130.6807986, 32.0372402], [130.6791991, 32.0416904], [130.6790126, 32.0468142], [130.6805827, 32.0519542], [130.6818976, 32.0563954], [130.6816917, 32.0613795], [130.6816457, 32.064708], [130.682553, 32.067843], [130.6834813, 32.0710553], [130.6854998, 32.0760433], [130.6864773, 32.0797559], [130.6874361, 32.0840471], [130.6883223, 32.0866689], [130.6874855, 32.0917804], [130.6869239, 32.0949983], [130.6865635, 32.097088], [130.6856476, 32.1022467], [130.6850758, 32.1053431], [130.6843202, 32.1097626], [130.6835749, 32.1138447], [130.6831971, 32.1156435], [130.6820433, 32.120884], [130.6805526, 32.1248186], [130.6789291, 32.1290556], [130.6780737, 32.133299], [130.6778767, 32.1368066], [130.6777746, 32.140533], [130.678132, 32.1450805], [130.6783362, 32.1481927], [130.6786425, 32.1520483], [130.6763962, 32.1568891], [130.6750762, 32.1595077], [130.6741072, 32.1619091], [130.6729796, 32.164206], [130.6709006, 32.1687997], [130.6708301, 32.1717526], [130.670601, 32.1753169], [130.6723453, 32.1801038], [130.6746886, 32.1833696], [130.6763448, 32.1860536], [130.6790581, 32.190169], [130.6798686, 32.1944035], [130.6807143, 32.1981458], [130.6815071, 32.2022309], [130.682578, 32.2068115], [130.6833847, 32.2109937], [130.6840325, 32.2138608], [130.6875083, 32.2178558], [130.6876012, 32.2209761], [130.6875733, 32.2252674], [130.687499, 32.2301714], [130.6847862, 32.2344622], [130.6831511, 32.2387842], [130.6818505, 32.2408273], [130.6806201, 32.2428277], [130.6796388, 32.2476431], [130.6792052, 32.25301], [130.6786534, 32.2569432], [130.6810088, 32.2600643], [130.6823466, 32.2630417], [130.6842418, 32.2656498], [130.6838144, 32.269177], [130.6837215, 32.2728689], [130.6831641, 32.2760659], [130.681111, 32.279899], [130.6778779, 32.2831978], [130.6747285, 32.2868028], [130.6736601, 32.2909574], [130.6743197, 32.2928893], [130.6755646, 32.2960542], [130.6762521, 32.3001987], [130.6770124, 32.3052999], [130.67827, 32.3080288], [130.680849, 32.3117002], [130.6822023, 32.3136101], [130.6845568, 32.3165137], [130.6884962, 32.3192989], [130.6904928, 32.3207389], [130.6944475, 32.3236479], [130.6966284, 32.3252133], [130.698787, 32.3283995], [130.6996969, 32.3319315], [130.7011322, 32.3370652], [130.7025401, 32.3420145], [130.704909, 32.3451591], [130.7063772, 32.3498275], [130.7076319, 32.352481], [130.7092247, 32.3565552], [130.7101576, 32.3596652], [130.7113953, 32.3634004], [130.7128373, 32.3677242], [130.7134834, 32.3704666], [130.7147749, 32.3751204], [130.7182752, 32.3794613], [130.7203133, 32.385235], [130.7229658, 32.3876357], [130.7249807, 32.3894442], [130.7273402, 32.3905683], [130.7308309, 32.3938733], [130.7337116, 32.3984369], [130.735598, 32.4044698], [130.7348807, 32.4095376], [130.7359252, 32.4148388], [130.7379135, 32.4181107], [130.7411979, 32.4208196], [130.7429822, 32.4240933], [130.7448278, 32.4260063], [130.7488133, 32.4402429], [130.7501849, 32.4422538], [130.7505352, 32.4450077], [130.7503324, 32.4514642], [130.7514891, 32.4579074], [130.7568597, 32.4712986], [130.7589064, 32.4751919], [130.7609207, 32.4787104], [130.7609729, 32.4819793], [130.7602885, 32.4854763], [130.7615334, 32.4905675], [130.7627393, 32.4953781], [130.7617551, 32.4992868], [130.7615334, 32.5007821], [130.7611228, 32.5031569], [130.7577529, 32.5077799], [130.7565405, 32.5099016], [130.7544417, 32.5143814], [130.754207, 32.5182563], [130.7523047, 32.522523], [130.7510936, 32.525467], [130.7509468, 32.5303452], [130.7512645, 32.5320489], [130.7520734, 32.535818], [130.7524509, 32.5378863], [130.7545627, 32.5414166], [130.7565038, 32.5449771], [130.7592963, 32.5491663], [130.7608533, 32.5516356], [130.7647085, 32.5558925], [130.7656407, 32.5613642], [130.7693182, 32.5665812], [130.7713731, 32.569469], [130.7732849, 32.5729953], [130.7771865, 32.5769686], [130.7792199, 32.5789391], [130.7827657, 32.5821196], [130.7845449, 32.583833], [130.7872392, 32.5878808], [130.7876205, 32.590547], [130.7879763, 32.5928599], [130.7882223, 32.5948514], [130.7885908, 32.5977316], [130.790853, 32.6000764], [130.7922764, 32.6016181], [130.7940938, 32.6039628], [130.7953774, 32.6056651], [130.7979891, 32.6085097], [130.8003185, 32.6111104], [130.79893333333334, 32.6147428]]}, "properties": {"kv": 500, "name": "南九州幹線", "region": "kyushu", "loading": 0.0, "xfmr": false, "npts_orig": 181}}, {"type": "Feature", "geometry": {"type": "LineString", "coordinates": [[130.65521572, 31.957996279999996], [130.6653075, 31.9596095], [130.6673524, 31.9600107], [130.6699018, 31.9603724], [130.6724961, 31.9615805], [130.6765004, 31.9635437], [130.6779795, 31.9683375], [130.6779117, 31.972658], [130.6788929, 31.9751799], [130.6792479, 31.9798359], [130.6808485, 31.9849801], [130.6811764, 31.9876786], [130.6819785, 31.9901323], [130.6836567, 31.993355], [130.6850401, 31.9960477], [130.6882394, 32.0023506], [130.6930011, 32.0050439], [130.6974255, 32.0090334], [130.7008138, 32.0149244], [130.7021302, 32.0187894], [130.7040559, 32.0237497], [130.7051772, 32.0266637], [130.7059196, 32.0303825], [130.7067941, 32.0342212], [130.7092504, 32.0367126], [130.7124306, 32.0398906], [130.716102, 32.0428055], [130.7198941, 32.045713], [130.7221321, 32.0474727], [130.7238313, 32.0495658], [130.7253643, 32.0514157], [130.727139, 32.0536303], [130.7309678, 32.0581298], [130.7327791, 32.060439], [130.7366849, 32.0623307], [130.7408993, 32.064237], [130.7451496, 32.067795], [130.7442081, 32.0729075], [130.7469982, 32.0770656], [130.7486075, 32.0817382], [130.7529688, 32.0867969], [130.7634777, 32.0893784], [130.7708752, 32.0963545], [130.772447, 32.1004036], [130.7752955, 32.1023576], [130.7774895, 32.1033482], [130.7801127, 32.1044615], [130.7853319, 32.1051071], [130.80208, 32.1070925], [130.8110582, 32.1078435], [130.8171701, 32.1083682], [130.8198764, 32.1085104], [130.8235856, 32.1086762], [130.8319897, 32.1086987], [130.8356066, 32.1079478], [130.8390813, 32.1072467], [130.8418073, 32.1058012], [130.8463416, 32.1051531], [130.8488992, 32.1047071], [130.851181, 32.1035601], [130.8544155, 32.1017759], [130.8575247, 32.1001829], [130.8614363, 32.0994607], [130.865724, 32.0985686], [130.8685824, 32.0958496], [130.8705131, 32.0924084], [130.8742743, 32.0887333], [130.8746002, 32.0866515], [130.8757894, 32.0834503], [130.8778383, 32.0823639], [130.882602, 32.0797901], [130.8857384, 32.078595], [130.8887071, 32.0772663], [130.8925043, 32.0757119], [130.8943635, 32.0748963], [130.8975642, 32.0733085], [130.9019718, 32.0711338], [130.905403, 32.0678952], [130.9112023, 32.0655215], [130.9142091, 32.0658162], [130.9173961, 32.0656218], [130.9213609, 32.0636326], [130.9239055, 32.0622952], [130.9280084, 32.0603393], [130.9322889, 32.0595536], [130.9369046, 32.0586175], [130.9399577, 32.0579971], [130.9439526, 32.0560663], [130.9486671, 32.0539857], [130.9524888, 32.0516687], [130.9555853, 32.0495407], [130.9597466, 32.0485094], [130.9657925, 32.0482007], [130.9704233, 32.0460963], [130.9741055, 32.0455761], [130.9791268, 32.0448194], [130.9849013, 32.0420529], [130.9870493, 32.0416272], [130.9917916, 32.0422657], [130.9971523, 32.0431206], [131.0014204, 32.0436644], [131.0053537, 32.0441374], [131.009315, 32.0429787], [131.012523, 32.0429078], [131.0160379, 32.0405431], [131.021115, 32.0390534], [131.0234304, 32.0383676], [131.0274474, 32.0370906], [131.0296037, 32.0347072], [131.0326347, 32.0318021], [131.0362905, 32.0291985], [131.0403165, 32.0275045], [131.0442011, 32.0248494], [131.0475932, 32.0232074], [131.0509186, 32.0209595], [131.0532511, 32.0193539], [131.0562099, 32.0173386], [131.0595518, 32.0148277], [131.0663673, 32.0139392], [131.0693171, 32.0135435], [131.0724493, 32.0124086], [131.0750205, 32.0107136], [131.0787064, 32.008399], [131.0819815, 32.0062976], [131.0859913, 32.0053261], [131.0884951, 32.0047065], [131.0942168, 32.003543], [131.0961556, 32.0017806], [131.0983175, 31.9998525], [131.1010234, 31.9960968], [131.1010234, 31.9940208], [131.1015987, 31.9893016], [131.1037989, 31.9852969], [131.1068959, 31.9830848], [131.1094225, 31.981322], [131.1108488, 31.9790406], [131.1126418, 31.9760333], [131.1162686, 31.9734752], [131.119278, 31.9713785], [131.1218763, 31.9688509], [131.1246284, 31.9673315], [131.1282756, 31.9653264], [131.1325402, 31.9629026], [131.135856, 31.9597702], [131.1389286, 31.9550297], [131.1417705, 31.9529355], [131.1438029, 31.9493288], [131.1421935, 31.9447166], [131.1449028, 31.9403614], [131.1468095, 31.9380707], [131.1498565, 31.9343094], [131.1539296, 31.9329347], [131.1578755, 31.9309685], [131.1623872, 31.9288728], [131.1655903, 31.9258015], [131.1678723, 31.9232075], [131.172823, 31.9213924], [131.1757466, 31.9208812], [131.1790705, 31.9201887], [131.1817918, 31.9196925], [131.1857352, 31.9189018], [131.1894393, 31.9194619], [131.19423835, 31.92208595]]}, "properties": {"kv": 500, "name": "宮崎幹線", "region": "kyushu", "loading": 0.0, "xfmr": false, "npts_orig": 163}}, {"type": "Feature", "geometry": {"type": "LineString", "coordinates": [[131.38554833636363, 32.25098099090909], [131.3829689, 32.247319], [131.3805355, 32.2465381], [131.3762003, 32.2438222], [131.3735545, 32.2412501], [131.3692602, 32.2372911], [131.3630336, 32.2309102], [131.3603998, 32.2288033], [131.359999, 32.2230636], [131.3582005, 32.2183184], [131.3589772, 32.2129837], [131.359187, 32.2102929], [131.3574791, 32.2063811], [131.3551601, 32.2045497], [131.3534448, 32.2009616], [131.3554472, 32.1944827], [131.3530031, 32.1905989], [131.3495031, 32.1866178], [131.3444133, 32.1828708], [131.3413755, 32.1794132], [131.3381272, 32.1752804], [131.3340772, 32.1724869], [131.3296004, 32.1662738], [131.3308642, 32.1622027], [131.3307317, 32.1602707], [131.3251882, 32.156646], [131.3230059, 32.1504543], [131.324631, 32.1439428], [131.3274831, 32.1411777], [131.3306413, 32.1349969], [131.3302249, 32.1300076], [131.3290133, 32.1261214], [131.3252704, 32.1213726], [131.3220898, 32.1172866], [131.3191662, 32.113652], [131.3180204, 32.1099421], [131.3163497, 32.1047534], [131.313898, 32.1025564], [131.3122167, 32.0992724], [131.3105461, 32.0963966], [131.3072798, 32.0922051], [131.3051594, 32.0898824], [131.3031086, 32.0883283], [131.3005973, 32.0866362], [131.2980486, 32.0867813], [131.2947073, 32.0856245], [131.291508, 32.0836047], [131.2883434, 32.0815768], [131.2835202, 32.0784483], [131.2800181, 32.0783702], [131.2744532, 32.0784351], [131.270847, 32.0772557], [131.267729, 32.0745256], [131.2619116, 32.0692385], [131.2598603, 32.0678423], [131.2568746, 32.0656002], [131.2548521, 32.0641743], [131.2515832, 32.0588737], [131.2487109, 32.0550757], [131.246796, 32.0526941], [131.2449944, 32.0515416], [131.2407454, 32.0465861], [131.2399182, 32.0447229], [131.2370969, 32.0389025], [131.2348101, 32.0361577], [131.232102, 32.0337771], [131.2277755, 32.0300414], [131.2234891, 32.0309651], [131.2208451, 32.0300889], [131.2163146, 32.026575], [131.2157193, 32.0223238], [131.2134278, 32.0194232], [131.2103352, 32.0152249], [131.2061129, 32.009559], [131.2038296, 32.0060629], [131.1994711, 32.0037936], [131.1955412, 31.9974951], [131.1936114, 31.9916459], [131.1940967, 31.9883421], [131.1961158, 31.9851753], [131.1991283, 31.9830415], [131.2029741, 31.9802823], [131.2045444, 31.9758512], [131.2041598, 31.9726976], [131.2037279, 31.9693326], [131.2031405, 31.9652746], [131.2020985, 31.9617534], [131.1985468, 31.9579065], [131.1933887, 31.955316], [131.1901917, 31.9518266], [131.1903821, 31.9482385], [131.1921016, 31.945272], [131.1943434, 31.9417674], [131.1966332, 31.936762], [131.1973921, 31.9323294], [131.1957891, 31.9277559], [131.19423835, 31.92208595]]}, "properties": {"kv": 500, "name": "小丸川幹線", "region": "kyushu", "loading": 0.0, "xfmr": false, "npts_orig": 97}}, {"type": "Feature", "geometry": {"type": "LineString", "coordinates": [[130.6796053125, 33.8097479125], [130.683918, 33.813108], [130.6860423, 33.8155237], [130.6882042, 33.8179304], [130.6900844, 33.8198089], [130.6905752, 33.8213353]]}, "properties": {"kv": 500, "name": "九州送電線_373", "region": "kyushu", "loading": 0.0, "xfmr": false, "npts_orig": 6}}, {"type": "Feature", "geometry": {"type": "LineString", "coordinates": [[129.8256183, 33.28175592], [129.8197532, 33.2849967], [129.8165345, 33.2866648], [129.8152149, 33.2909517], [129.8148018, 33.2924539], [129.8138416, 33.293122], [129.8125219, 33.295633]]}, "properties": {"kv": 500, "name": "山代変電所~久原変電所線", "region": "kyushu", "loading": 0.0, "xfmr": false, "npts_orig": 7}}, {"type": "Feature", "geometry": {"type": "LineString", "coordinates": [[129.8125219, 33.295633], [129.8115456, 33.2980811], [129.8109555, 33.2998477], [129.8097753, 33.3021074], [129.8084772, 33.304125], [129.8069537, 33.3065101], [129.8055696, 33.3094152], [129.81028475, 33.31323831666666]]}, "properties": {"kv": 500, "name": "山代変電所~久原変電所線", "region": "kyushu", "loading": 0.0, "xfmr": false, "npts_orig": 8}}, {"type": "Feature", "geometry": {"type": "LineString", "coordinates": [[130.075078, 32.4830673], [130.0744557, 32.4849135], [130.0736189, 32.4861805], [130.0726104, 32.4873027], [130.0703144, 32.4892394], [130.0693273, 32.4901263], [130.0685978, 32.4922438], [130.0675893, 32.4936012], [130.0662803, 32.495393], [130.0647783, 32.4971847], [130.0643492, 32.4994288], [130.061658, 32.502766671428574]]}, "properties": {"kv": 500, "name": "九州送電線_189", "region": "kyushu", "loading": 0.0, "xfmr": false, "npts_orig": 12}}, {"type": "Feature", "geometry": {"type": "LineString", "coordinates": [[130.075078, 32.4830673], [130.077374, 32.484099], [130.0791549, 32.4845696], [130.0811505, 32.4839723], [130.0834894, 32.4834474], [130.0874805, 32.4818364], [130.0892186, 32.4801892], [130.0904846, 32.4785601], [130.0929951, 32.4773292], [130.0952697, 32.4762069], [130.0972652, 32.4753561], [130.1008057, 32.4741432], [130.1034879, 32.4725502], [130.1066208, 32.4715184], [130.1101398, 32.468296], [130.1121783, 32.4670468], [130.1139593, 32.466558], [130.1165128, 32.4661416], [130.1184225, 32.465345], [130.1220703, 32.4644398], [130.1248812, 32.4638967], [130.1287222, 32.4625932], [130.1321769, 32.4631725], [130.1358676, 32.4631906], [130.1401591, 32.4643131], [130.1443004, 32.4642769], [130.1474333, 32.4648743], [130.1508665, 32.4653994], [130.1526904, 32.4657976], [130.1567888, 32.4666123], [130.1597285, 32.4676442], [130.1624751, 32.4673908], [130.164961, 32.4680851], [130.16990244285714, 32.472345742857144]]}, "properties": {"kv": 500, "name": "九州電力 志岐変電所~九州電力 一の勢変電所線", "region": "kyushu", "loading": 0.0, "xfmr": false, "npts_orig": 34}}]}