muni_code,pref_code,pref_name,muni_name,n_bus,load_mw,customers,intensity_mean,expected_outage_days,served_t0,outage_customers_t0,phys_t0,outage_customers_phys_t0,served_t0.25,outage_customers_t0.25,phys_t0.25,outage_customers_phys_t0.25,served_t0.5,outage_customers_t0.5,phys_t0.5,outage_customers_phys_t0.5,served_t1,outage_customers_t1,phys_t1,outage_customers_phys_t1,served_t2,outage_customers_t2,phys_t2,outage_customers_phys_t2,served_t3,outage_customers_t3,phys_t3,outage_customers_phys_t3,served_t4,outage_customers_t4,phys_t4,outage_customers_phys_t4,served_t5,outage_customers_t5,phys_t5,outage_customers_phys_t5,served_t7,outage_customers_t7,phys_t7,outage_customers_phys_t7,served_t10,outage_customers_t10,phys_t10,outage_customers_phys_t10,served_t14,outage_customers_t14,phys_t14,outage_customers_phys_t14,served_t21,outage_customers_t21,phys_t21,outage_customers_phys_t21,served_t30,outage_customers_t30,phys_t30,outage_customers_phys_t30,served_t45,outage_customers_t45,phys_t45,outage_customers_phys_t45,served_t60,outage_customers_t60,phys_t60,outage_customers_phys_t60,served_t90,outage_customers_t90,phys_t90,outage_customers_phys_t90
08201,08,茨城県,水戸市,27,323.9108179739188,224245.95090502064,4.572936960559547,1.4921364280958815,0.7869889171590543,47766.872824975944,0.9349999999999997,14575.986808826332,0.8209655663051445,40147.746828644704,0.937222222222222,14077.662473481849,0.8460258432351235,34528.08119853842,0.9449999999999998,12333.527299776146,0.9287896555301411,15968.63140991758,0.9671604938271605,7364.126288979698,0.94835019257414,11582.260180273115,0.9888888888888888,2491.6216767224546,0.9588255813925951,9233.196653578862,0.9970370370370367,664.4324471259879,0.961471935165241,8639.762535400783,0.9990740740740741,207.63513972687122,0.9603857926000771,8883.325607744402,0.9996913580246912,69.2117132422904,0.9583907828982745,9330.698455389846,1.0,0.0,0.9561308988990881,9837.468291722442,1.0,0.0,0.9639669396988702,8080.267871244786,1.0,0.0,0.9639117024038676,8092.654610988058,1.0,0.0,0.9978777375762108,475.9087552925708,1.0,0.0,0.9964214409529059,802.4773763853807,1.0,0.0,0.9935585937152308,1444.4592774936862,1.0,0.0,0.9899800346681367,2246.936653879067,1.0,0.0
08202,08,茨城県,日立市,40,265.9267826576,184103.1572244923,4.062310048099073,0.15959860278643612,0.8525221061706544,27151.14587480102,0.935,11966.70521959199,0.8654874516048827,24764.184845853422,0.9366165413533833,11669.094852650147,0.8813304719754628,21847.43477565767,0.9448872180451128,10146.437161319773,0.9680226901711378,5887.123699039317,0.9687593984962407,5751.493370434333,0.989001432567611,2024.8709892493287,0.9898872180451127,1861.7950862176117,0.9952344931471617,877.3448573824837,0.9961278195488722,712.8806463955912,0.9974911881411884,461.88018408948915,0.9983834586466165,297.6103669418487,0.99910912334919,164.0132041117438,1.0,0.0,0.9990974986553193,166.15334695509227,1.0,0.0,0.9990729767084121,170.66791480195155,1.0,0.0,0.9990297561883927,178.6249489944431,1.0,0.0,0.998924337923527,198.03278438537848,1.0,0.0,1.0,0.0,1.0,0.0,1.0,0.0,1.0,0.0,1.0,0.0,1.0,0.0,1.0,0.0,1.0,0.0
08203,08,茨城県,土浦市,27,307.9152220245895,213172.07678625418,4.769422083309827,0.16106473278302644,0.8493223786354063,32120.26147150327,0.9349999999999997,13856.184991106515,0.8625558197575728,29299.261344462415,0.9372077922077919,13385.545341058949,0.8821744344373801,25117.12050949861,0.9479220779220776,11101.558804063376,0.969658157233294,6468.0336361007085,0.97038961038961,6312.108247696885,0.9881659162896019,2522.6962014079136,0.9890259740259739,2339.3559075894154,0.9953538591017969,990.4275043114612,0.996168831168831,816.6982162590268,0.9968180091388812,678.3116001795302,0.9976623376623375,498.3243353444909,0.9987844480245142,259.1217390558885,0.9996753246753246,69.2117132422904,0.9990974986553188,192.3880859480016,1.0,0.0,0.999072976708412,197.6154802969965,1.0,0.0,0.9990297561883922,206.82888830935516,1.0,0.0,0.9989243379235265,229.3011187620172,1.0,0.0,1.0,0.0,1.0,0.0,1.0,0.0,1.0,0.0,1.0,0.0,1.0,0.0,1.0,0.0,1.0,0.0
08204,08,茨城県,古河市,30,247.9317372146045,171645.04884088,5.096526197222358,0.16372133132490896,0.8489641772162528,25924.551178438756,0.9345967741935486,11226.139887899484,0.8617934097061233,23722.47694112394,0.9362903225806453,10935.450692281871,0.880631072814426,20489.08533685128,0.9460483870967741,9260.527231818454,0.9696650793523558,5206.838936149109,0.9703225806451613,5093.982094632573,0.9879338779084142,2071.090115730224,0.9888709677419354,1910.243285487215,0.9936228026305473,1094.6143539475909,0.9945161290322578,941.2793000951493,0.9974141811074749,443.84301010113404,0.998306451612903,290.68919561761965,0.9984639620588672,263.65330742718515,0.9993548387096773,110.73874118766463,0.9990974986553193,154.9098873867026,1.0,0.0,0.999072976708412,159.118958161218,1.0,0.0,0.9990297561883926,166.53754643090934,1.0,0.0,0.9989243379235266,184.63206965253335,1.0,0.0,1.0,0.0,1.0,0.0,1.0,0.0,1.0,0.0,1.0,0.0,1.0,0.0,1.0,0.0,1.0,0.0
08205,08,茨城県,石岡市,19,91.9746767086436,63674.77618290711,4.698280662674148,0.18966558406539458,0.8493223786354065,9594.363816163313,0.9350000000000002,4138.860451888959,0.8618993472388905,8793.52815527702,0.9371739130434784,4000.4370254043793,0.8844297115942059,7358.912247632967,0.9510869565217391,3114.5270959030677,0.9621401156122676,2410.719664699605,0.9639130434782609,2297.828879644041,0.9840032562613487,1018.5890772139378,0.9849999999999999,955.1216427436075,0.993032039309366,443.68333742741777,0.9950000000000001,318.37388091453585,0.9947722256404308,332.8773622803126,0.9967391304347827,207.63513972687122,0.9969475325385272,194.36518241489534,0.9989130434782609,69.2117132422904,0.9980228643663956,125.89366895300967,1.0,0.0,0.9979983424194887,127.45509843387983,1.0,0.0,0.9979551218994692,130.2071553726363,1.0,0.0,0.9989243379235268,68.49254196787527,1.0,0.0,1.0,0.0,1.0,0.0,1.0,0.0,1.0,0.0,1.0,0.0,1.0,0.0,1.0,0.0,1.0,0.0
08207,08,茨城県,結城市,4,39.988989873323305,27684.685296916134,4.935717453242505,0.1539368287660182,0.8493223786354065,4171.462528766659,0.9349999999999999,1799.5045442995472,0.860987052321434,3848.5297086777673,0.9349999999999999,1799.5045442995472,0.877549793869257,3389.9954212721314,0.9424999999999999,1591.869404572679,0.9688414216041565,862.6154371882162,0.97,830.5405589074848,0.9915032562613487,235.22967645310334,0.9925,207.6351397268712,0.9991066735982895,24.731460298780853,1.0,0.0,0.9991077294945718,24.702228142502317,1.0,0.0,0.9991091233491899,24.663639716051694,1.0,0.0,0.9990974986553193,24.985465707532676,1.0,0.0,0.9990729767084122,25.66434809051903,1.0,0.0,0.9990297561883926,26.86089458563054,1.0,0.0,0.9989243379235269,29.779366072989244,1.0,0.0,1.0,0.0,1.0,0.0,1.0,0.0,1.0,0.0,1.0,0.0,1.0,0.0,1.0,0.0,1.0,0.0
08208,08,茨城県,龍ケ崎市,7,119.96696961996992,83054.05589074841,5.051783818795707,0.17314878304178521,0.8493223786354065,12514.387586299974,0.935,5398.513632898642,0.860987052321434,11545.589126033303,0.935,5398.513632898642,0.8789426750441391,10054.301832868554,0.9433333333333334,4706.3965004757465,0.9635374158124128,3028.3655050369744,0.9641666666666666,2976.103669418487,0.9874136425554754,1045.3480346584968,0.9883333333333333,968.9639853920655,0.9957733402649561,351.0412338655041,0.9966666666666667,276.8468529691616,0.9957743961612385,350.95353739666854,0.9966666666666667,276.8468529691616,0.9957757900158565,350.8377721173166,0.9966666666666667,276.8468529691616,0.9990974986553194,74.95639712259803,1.0,0.0,0.9990729767084121,76.9930442715571,1.0,0.0,0.9990297561883927,80.58268375689163,1.0,0.0,0.9989243379235268,89.33809821896773,1.0,0.0,1.0,0.0,1.0,0.0,1.0,0.0,1.0,0.0,1.0,0.0,1.0,0.0,1.0,0.0,1.0,0.0
08210,08,茨城県,下妻市,5,19.994494936661653,13842.342648458067,5.085329691950067,0.1523552939668298,0.8493223786354065,2085.7312643833293,0.9349999999999999,899.7522721497736,0.860987052321434,1924.2648543388837,0.9349999999999999,899.7522721497736,0.8796426066756248,1666.0282786712398,0.9449999999999998,761.3288456651943,0.9793162342905997,286.3117722099453,0.9800000000000001,276.8468529691616,0.9894438767433167,146.1214751583675,0.99,138.4234264845808,0.9941066735982895,81.57744339168082,0.995,69.2117132422904,0.9991077294945718,12.351114071251159,1.0,0.0,0.9991091233491899,12.331819858025847,1.0,0.0,0.9990974986553193,12.492732853766338,1.0,0.0,0.9990729767084122,12.832174045259515,1.0,0.0,0.9990297561883926,13.43044729281527,1.0,0.0,0.9989243379235269,14.889683036494622,1.0,0.0,1.0,0.0,1.0,0.0,1.0,0.0,1.0,0.0,1.0,0.0,1.0,0.0,1.0,0.0,1.0,0.0
08211,08,茨城県,常総市,12,119.96696961996992,83054.05589074841,5.132820790695465,0.15088643470779062,0.8493223786354065,12514.387586299974,0.935,5398.513632898642,0.8622869400680065,11437.628176477772,0.9366666666666666,5260.090206414062,0.8804975177347659,9925.165841139913,0.9458333333333332,4498.761360748876,0.9685737590491772,2610.0767723657614,0.9691666666666668,2560.8333899647446,0.9933240288496016,554.4664810501988,0.9941666666666665,484.48199269603276,0.9991066735982895,74.19438089634257,1.0,0.0,0.9991077294945718,74.10668442750695,1.0,0.0,0.9991091233491899,73.99091914815509,1.0,0.0,0.9990974986553194,74.95639712259803,1.0,0.0,0.9990729767084121,76.9930442715571,1.0,0.0,0.9990297561883927,80.58268375689163,1.0,0.0,0.9989243379235268,89.33809821896773,1.0,0.0,1.0,0.0,1.0,0.0,1.0,0.0,1.0,0.0,1.0,0.0,1.0,0.0,1.0,0.0,1.0,0.0
08212,08,茨城県,常陸太田市,7,79.97797974664661,55369.37059383227,4.307534933925801,0.1557254801504314,0.8525221061706544,8165.758157834893,0.9349999999999999,3599.0090885990944,0.8661867515742779,7409.155342448349,0.9375000000000001,3460.585662114515,0.8797004443407058,6660.910679572808,0.9425000000000001,3183.7388091453568,0.9647813735157252,1950.0331816135686,0.965,1937.927970784131,0.9927532562613487,401.2476396639147,0.9937500000000001,346.058566211452,0.9978566735982897,118.67463383985209,0.9987499999999999,69.2117132422904,0.9978577294945717,118.61616952729503,0.9987499999999999,69.2117132422904,0.9991091233491899,49.32727943210339,1.0,0.0,0.9990974986553193,49.97093141506535,1.0,0.0,0.9990729767084122,51.32869618103806,1.0,0.0,0.9990297561883926,53.72178917126108,1.0,0.0,0.9989243379235269,59.55873214597849,1.0,0.0,1.0,0.0,1.0,0.0,1.0,0.0,1.0,0.0,1.0,0.0,1.0,0.0,1.0,0.0,1.0,0.0
08214,08,茨城県,高萩市,10,59.98348480998496,41527.0279453742,4.12587891140099,1.6187256703774136,0.8343183998266857,6880.264440431543,0.9166666666666666,3460.585662114515,0.8493674219648044,6255.323277551328,0.9216666666666666,3252.9505223876467,0.8683447102705637,5467.252895750635,0.9333333333333333,2768.468529691614,0.9347702768445015,2708.7965363474073,0.9466666666666668,2214.774823753291,0.9594209555784862,1685.127111688786,0.9716666666666667,1176.5991251189353,0.9628577062487602,1542.4090705630306,0.9749999999999999,1038.1756986343544,0.9645254288117092,1473.1535090863224,0.9766666666666667,968.963985392064,0.9645268226663272,1473.0956264466465,0.9766666666666667,968.963985392064,0.9661818646391234,1404.3666521915761,0.9783333333333334,899.7522721497736,0.9661573426922163,1405.384975766057,0.9783333333333334,899.7522721497736,0.9661141221721967,1407.1797955087243,0.9783333333333334,899.7522721497736,0.9672585891683896,1359.6534825752617,0.9783333333333334,899.7522721497736,0.9804172403613727,813.2138067608244,0.9866666666666666,553.6937059383232,0.9879170108834903,501.7706267049536,0.9916666666666667,346.058566211452,0.9920834480722744,328.75087313366214,0.9933333333333333,276.8468529691616,0.9966666666666667,138.4234264845808,0.9966666666666667,138.4234264845808
08215,08,茨城県,北茨城市,15,59.98348480998496,41527.0279453742,3.977639770328225,0.13469309041897462,0.8525221061706544,6124.31861837617,0.9349999999999999,2699.256816449321,0.8654491391777994,5587.497357437684,0.9366666666666666,2630.045103207032,0.8882472616434097,4640.759088706216,0.9533333333333331,1937.927970784131,0.9793525775273642,857.4260900210976,0.98,830.5405589074848,0.9973365895946821,110.60351833163935,0.9983333333333333,69.2117132422904,0.9991066735982896,37.097190448171276,1.0,0.0,0.9991077294945717,37.053342213753474,1.0,0.0,0.9991091233491899,36.99545957407754,1.0,0.0,0.9990974986553193,37.47819856129901,1.0,0.0,0.9990729767084122,38.49652213577855,1.0,0.0,0.9990297561883926,40.291341878445806,1.0,0.0,0.9989243379235269,44.669049109483865,1.0,0.0,1.0,0.0,1.0,0.0,1.0,0.0,1.0,0.0,1.0,0.0,1.0,0.0,1.0,0.0,1.0,0.0
08216,08,茨城県,笠間市,12,79.97797974664661,55369.37059383227,4.350629173614823,0.6643182057473316,0.8029803993360837,10908.85128340922,0.9349999999999999,3599.0090885990944,0.8308736628299812,9364.418839944203,0.9349999999999999,3599.0090885990944,0.8563063648680692,7956.2261355947985,0.9462499999999999,2976.1036694184872,0.954582855750923,2514.718691240678,0.96625,1868.7162575418406,0.9693468431814108,1697.2459997593212,0.98625,761.3288456651944,0.9781562761939131,1209.473238568542,0.99125,484.48199269603276,0.9781570681161247,1209.429390334124,0.99125,484.48199269603276,0.9806606141955126,1070.8096196657607,0.9962499999999999,207.63513972687122,0.9817742951307447,1009.1458072396169,0.9974999999999999,138.4234264845808,0.9796194709098199,1128.4570680925592,1.0,0.0,0.9771323770924937,1266.1658873657243,1.0,0.0,0.9795694663980977,1131.2257864334792,1.0,0.0,1.0,0.0,1.0,0.0,1.0,0.0,1.0,0.0,1.0,0.0,1.0,0.0,1.0,0.0,1.0,0.0
08217,08,茨城県,取手市,10,79.97797974664661,55369.37059383227,5.264760765381212,0.15762788813561202,0.8493223786354065,8342.925057533317,0.9349999999999999,3599.0090885990944,0.860987052321434,7697.059417355535,0.9349999999999999,3599.0090885990944,0.8775361619889737,6780.745631175563,0.9424999999999999,3183.738809145358,0.9680934917181729,1766.6432814116533,0.96875,1730.2928310572597,0.9940032562613488,332.0359264216243,0.995,276.8468529691616,0.9966066735982897,187.8863470821425,0.9974999999999999,138.4234264845808,0.9978577294945717,118.61616952729503,0.9987499999999999,69.2117132422904,0.9978591233491898,118.53899267439378,0.9987499999999999,69.2117132422904,0.9990974986553193,49.97093141506535,1.0,0.0,0.9990729767084122,51.32869618103806,1.0,0.0,0.9990297561883926,53.72178917126108,1.0,0.0,0.9989243379235269,59.55873214597849,1.0,0.0,1.0,0.0,1.0,0.0,1.0,0.0,1.0,0.0,1.0,0.0,1.0,0.0,1.0,0.0,1.0,0.0
08219,08,茨城県,牛久市,7,85.9763282276451,59522.073388369696,4.808320607663158,0.16750901686850678,0.8493223786354066,8968.644436848315,0.9350000000000002,3868.9347702440264,0.8609870523214341,8274.3388736572,0.9350000000000002,3868.9347702440264,0.8790762788403866,7197.630605257262,0.9438372093023256,3342.925749602626,0.9667254896496619,1980.5678470348973,0.967325581395349,1944.8491421083602,0.9873850315116173,750.869080157488,0.9881395348837212,705.9594750713621,0.9951607563953068,288.0418129827517,0.9958139534883721,249.16216767224546,0.996673009256984,198.02938716822888,0.997325581395349,159.18694045726792,0.9977365841421971,134.723204796548,0.9984883720930234,89.97522721497752,0.9990974986553193,53.71875127119526,1.0,0.0,0.9990729767084122,55.17834839461591,1.0,0.0,0.9990297561883927,57.750923359105656,1.0,0.0,0.9989243379235269,64.02563705692688,1.0,0.0,1.0,0.0,1.0,0.0,1.0,0.0,1.0,0.0,1.0,0.0,1.0,0.0,1.0,0.0,1.0,0.0
08220,08,茨城県,つくば市,48,217.93999480961202,150881.53486819292,4.930002543036899,0.16979208935154683,0.8493223786354065,22734.470781778287,0.9349999999999999,9807.299766432534,0.8617909080118213,20853.19993191565,0.9359174311926606,9668.876339947954,0.8804117041990297,18043.66562272186,0.945045871559633,8291.563246426387,0.963428262198737,5517.99993225168,0.9640825688073394,5419.277146871338,0.985501198809628,2187.601377352091,0.9863302752293578,2062.5090546202537,0.9950666826580643,744.3464925431332,0.9959174311926605,615.9842478563845,0.997915068944113,314.5775978065927,0.9988073394495413,179.95045442995502,0.9986504077528595,203.62854969477212,0.9995412844036697,69.2117132422904,0.998638783058989,205.38250134834192,0.9995412844036697,69.2117132422904,0.9990729767084122,139.87069709332872,1.0,0.0,0.9990297561883925,146.39187549168645,1.0,0.0,0.9989243379235268,162.29754509779139,1.0,0.0,1.0,0.0,1.0,0.0,1.0,0.0,1.0,0.0,1.0,0.0,1.0,0.0,1.0,0.0,1.0,0.0
08221,08,茨城県,ひたちなか市,17,215.94054531594585,149497.3006033471,4.513537573361134,2.381223074455867,0.8030040953018599,29450.355982286168,0.9349999999999999,9717.324539217556,0.8220994562655687,26595.65106416517,0.9366666666666665,9468.162371545315,0.8454478951453887,23105.122478329857,0.9446296296296296,8277.72090377793,0.912628049577276,13061.870736646722,0.9660185185185185,5080.139751984115,0.9349421150761622,9725.978179076941,0.9864814814814813,2020.9820266748798,0.9452975945312667,8177.861954085386,0.995,747.4865030167364,0.950065590441227,7465.059436258542,0.9983333333333332,249.16216767224543,0.950197114766472,7445.396904670744,0.9995370370370369,69.2117132422904,0.9517243531677458,7217.0788863025355,1.0,0.0,0.9460378547178375,8067.195054448944,1.0,0.0,0.949826776418421,7500.761488014258,1.0,0.0,0.9578664378601093,6298.853804717063,1.0,0.0,0.9834724232554437,2470.8281088258436,1.0,0.0,0.9860378454404849,2087.304417254229,1.0,0.0,0.9860756280521551,2081.6560187997748,1.0,0.0,0.9799600693362731,2995.9155385054223,1.0,0.0
08222,08,茨城県,鹿嶋市,9,131.9636665819669,91359.46147982325,4.677893746907863,46.32705462793588,0.20888768237253483,72275.5953085001,0.6084848484848486,35768.61340361564,0.209468326759948,72222.54794995475,0.6107575757575758,35560.97826388878,0.21164148454131054,72024.00942533878,0.613030303030303,35353.343124161904,0.18674950305795807,74298.1274488236,0.6351515151515152,33332.36109748703,0.19227902593867235,73792.95321620116,0.6480303030303031,32155.76197236809,0.1914672689944167,73867.11489348087,0.6495454545454546,32017.33854588351,0.19388669542742498,73646.07739747118,0.651818181818182,31809.703406156637,0.196903609235517,73370.45377663286,0.651818181818182,31809.703406156637,0.1969122071123936,73369.66827923154,0.651818181818182,31809.703406156637,0.19734099853473408,73330.49412579935,0.651818181818182,31809.703406156637,0.20264090580752855,72846.29745146385,0.6545454545454547,31560.54123848439,0.23642823394670184,69759.5053478269,0.6703030303030304,30120.937603044753,0.3334628528463796,60894.474820252464,0.708939393939394,26591.140227687945,0.5065919345916448,45077.49514550876,0.7793939393939395,20154.450896154947,0.6355771049795051,33293.47943999057,0.8377272727272729,14825.14897649859,0.8274805507086445,15761.28398205393,0.9212121212121213,7198.018177198193
08223,08,茨城県,潮来市,2,19.994494936661653,13842.342648458067,4.753370384708099,31.23360449960455,0.49548692855983967,6983.642805500701,0.9349999999999999,899.7522721497736,0.4974475858733058,6956.502715151499,0.9349999999999999,899.7522721497736,0.4772548515163362,7236.017463129964,0.9449999999999998,761.3288456651943,0.6587861516699195,4723.199004983976,0.965,484.48199269603276,0.6591448398120702,4718.233920816388,1.0,0.0,0.6253302510967478,5186.307044330563,1.0,0.0,0.6247130554541945,5194.85047789592,1.0,0.0,0.6187436111317948,5277.481571627471,1.0,0.0,0.579873240729794,5815.538557604448,1.0,0.0,0.5468454547971487,6272.720487404047,1.0,0.0,0.533616076959297,6455.8460684615075,1.0,0.0,0.533188904565759,6461.759135102823,1.0,0.0,0.5355431448761374,6429.170934049753,1.0,0.0,0.6537103977426887,4793.459330043961,1.0,0.0,0.7024328106828034,4119.026995467227,1.0,0.0,0.831252012886107,2335.867458868094,1.0,0.0
08224,08,茨城県,守谷市,7,39.988989873323305,27684.685296916134,5.005193797645503,0.17011350572109218,0.8493223786354065,4171.462528766659,0.9349999999999999,1799.5045442995472,0.860987052321434,3848.5297086777673,0.9349999999999999,1799.5045442995472,0.8761028245091439,3430.0543126411435,0.9400000000000001,1661.0811178149695,0.9546626703441143,1255.1497037257377,0.955,1245.810838361227,0.9890032562613488,304.4413896953922,0.99,276.8468529691616,0.9966066735982897,93.94317354107125,0.9974999999999999,69.2117132422904,0.9991077294945718,24.702228142502317,1.0,0.0,0.9991091233491899,24.663639716051694,1.0,0.0,0.9990974986553193,24.985465707532676,1.0,0.0,0.9990729767084122,25.66434809051903,1.0,0.0,0.9990297561883926,26.86089458563054,1.0,0.0,0.9989243379235269,29.779366072989244,1.0,0.0,1.0,0.0,1.0,0.0,1.0,0.0,1.0,0.0,1.0,0.0,1.0,0.0,1.0,0.0,1.0,0.0
08225,08,茨城県,常陸大宮市,11,71.98018177198195,49832.43353444904,4.231279382637644,0.1816917537794345,0.8525221061706544,7349.182342051403,0.9350000000000002,3239.108179739185,0.8652213321460619,6716.3490076929575,0.9363888888888889,3169.896466496896,0.8809203115933472,5934.030657827432,0.9447222222222222,2754.6261870431554,0.9612118293179407,1932.9089374365876,0.9619444444444445,1896.4009428387567,0.9814702676402198,923.3816562298749,0.9822222222222221,885.909929501317,0.9913288958205118,432.1022226946318,0.9922222222222222,387.58559415682623,0.9954966183834606,224.41446508645922,0.9963888888888889,179.95045442995502,0.9968869011269677,155.1332926765577,0.9977777777777779,110.73874118766463,0.9990974986553194,44.97383827355881,1.0,0.0,0.9990729767084123,46.19582656293425,1.0,0.0,0.9990297561883925,48.34961025413497,1.0,0.0,0.9989243379235269,53.602858931380645,1.0,0.0,1.0,0.0,1.0,0.0,1.0,0.0,1.0,0.0,1.0,0.0,1.0,0.0,1.0,0.0,1.0,0.0
08226,08,茨城県,那珂市,17,87.97577772131127,60906.307653215496,4.449730269564917,0.5075346301237798,0.8370619433068415,9923.955409370574,0.9190909090909091,4927.87398285107,0.85412132112648,8884.931695515235,0.9269318181818181,4450.313161479267,0.8738174968382174,7685.310358024368,0.9393181818181819,3695.9054871383055,0.9616543663293122,2335.4909615044025,0.9625,2283.9865369955814,0.977621016565033,1363.021250056313,0.9805681818181818,1183.5202964431642,0.9861333706162192,844.5651953616652,0.9879545454545454,733.6441603682782,0.9879529722576792,733.7399779806145,0.9897727272727274,622.9054191806135,0.9879543627256697,733.6552897094007,0.9897727272727274,622.9054191806135,0.9856714420156045,872.6995608245292,0.9874999999999999,761.3288456651943,0.9832748492603952,1018.6671764927712,0.9852272727272727,899.7522721497736,0.9866407196494666,813.6644390551437,0.9886363636363636,692.117132422904,0.9841516106507995,965.2668775103499,0.9852272727272727,899.7522721497736,0.9988636363636363,69.2117132422904,0.9988636363636363,69.2117132422904,1.0,0.0,1.0,0.0,1.0,0.0,1.0,0.0,1.0,0.0,1.0,0.0
08227,08,茨城県,筑西市,23,123.96586860730224,85822.52442044002,4.797594886247204,0.16048361825125834,0.8493223786354064,12931.533839176638,0.9350000000000002,5578.464087328596,0.86363251600054,11703.401725697619,0.938467741935484,5280.853720386753,0.8822417269118371,10106.312267817706,0.9475806451612904,4498.761360748876,0.9669036160938201,2840.4152160163767,0.9674193548387097,2796.153214988532,0.9866502704206975,1145.7074928259626,0.9874193548387097,1079.7027265797303,0.9973324800499024,228.93329605925953,0.998225806451613,152.26576913303887,0.9982206327203784,152.70979180827663,0.9991129032258064,76.13288456651944,0.9991091233491899,76.45728311976025,1.0,0.0,0.9990974986553194,77.4549436933513,1.0,0.0,0.9990729767084121,79.55947908060901,1.0,0.0,0.9990297561883925,83.26877321545469,1.0,0.0,0.9989243379235268,92.31603482626664,1.0,0.0,1.0,0.0,1.0,0.0,1.0,0.0,1.0,0.0,1.0,0.0,1.0,0.0,1.0,0.0,1.0,0.0
08228,08,茨城県,坂東市,10,99.97247468330826,69211.71324229034,5.065992874621392,0.1611256194710732,0.8493223786354065,10428.656321916646,0.935,4498.761360748868,0.8617651985287667,9567.467439531938,0.936,4429.549647506579,0.8821639418601989,8155.6354655737605,0.9469999999999998,3668.2208018413908,0.9674330027699471,2254.0176734488864,0.968,2214.7748237532924,0.9883600921034813,805.6179675005229,0.989,761.3288456651944,0.9951925191283225,332.7339875083302,0.996,276.8468529691616,0.9981077294945718,130.96728359854617,0.999,69.2117132422904,0.9991091233491899,61.659099290129234,1.0,0.0,0.9990974986553193,62.46366426883169,1.0,0.0,0.9990729767084122,64.16087022629758,1.0,0.0,0.9990297561883927,67.15223646407635,1.0,0.0,0.9989243379235268,74.44841518247311,1.0,0.0,1.0,0.0,1.0,0.0,1.0,0.0,1.0,0.0,1.0,0.0,1.0,0.0,1.0,0.0,1.0,0.0
08229,08,茨城県,稲敷市,5,59.98348480998496,41527.0279453742,4.878547546843128,0.17301116175949569,0.8493223786354066,6257.193793149988,0.9349999999999999,2699.256816449321,0.8609870523214341,5772.7945630166505,0.9349999999999999,2699.256816449321,0.8774204671382904,5090.363686679129,0.9416666666666667,2422.4099634801637,0.9577222540974619,1755.669135562136,0.9583333333333333,1730.29283105726,0.9874834630886714,519.77457809605,0.9883333333333333,484.48199269603276,0.9941066735982895,244.73233017504248,0.995,207.63513972687122,0.9974410628279051,106.26505545604388,0.9983333333333333,69.2117132422904,0.9991091233491899,36.99545957407754,1.0,0.0,0.9990974986553193,37.47819856129901,1.0,0.0,0.9990729767084122,38.49652213577855,1.0,0.0,0.9990297561883926,40.291341878445806,1.0,0.0,0.9989243379235269,44.669049109483865,1.0,0.0,1.0,0.0,1.0,0.0,1.0,0.0,1.0,0.0,1.0,0.0,1.0,0.0,1.0,0.0,1.0,0.0
08230,08,茨城県,かすみがうら市,7,59.98348480998496,41527.0279453742,4.763585996364122,0.1638572853182753,0.8493223786354066,6257.193793149988,0.9349999999999999,2699.256816449321,0.8609870523214341,5772.7945630166505,0.9349999999999999,2699.256816449321,0.8829282370209693,4861.64237284443,0.9483333333333333,2145.5631105110024,0.9740360357364019,1078.206269547136,0.9749999999999999,1038.175698634356,0.9906699229280155,387.4503713007979,0.9916666666666667,346.058566211452,0.9941066735982895,244.73233017504245,0.995,207.63513972687122,0.9941077294945717,244.68848194062468,0.995,207.63513972687122,0.9957757900158565,175.41888605865833,0.9966666666666667,138.4234264845808,0.9990974986553193,37.47819856129901,1.0,0.0,0.9990729767084122,38.49652213577855,1.0,0.0,0.9990297561883926,40.291341878445806,1.0,0.0,0.9989243379235269,44.669049109483865,1.0,0.0,1.0,0.0,1.0,0.0,1.0,0.0,1.0,0.0,1.0,0.0,1.0,0.0,1.0,0.0,1.0,0.0
08231,08,茨城県,桜川市,2,39.988989873323305,27684.685296916134,4.6877635297426234,0.20415636771009266,0.8473445146484301,4226.219070806206,0.9349999999999999,1799.5045442995472,0.8630069564282894,3792.609299149528,0.9374999999999999,1730.2928310572584,0.8781382730603217,3373.703560063718,0.9424999999999999,1591.869404572679,0.9643707491457463,986.3845972648948,0.965,968.9639853920655,0.9865032562613488,373.65310293768255,0.9874999999999998,346.058566211452,0.9991066735982895,24.731460298780853,1.0,0.0,0.9991077294945718,24.702228142502317,1.0,0.0,0.9991091233491899,24.663639716051694,1.0,0.0,0.9990974986553193,24.985465707532676,1.0,0.0,0.99658209686575,94.62357264705608,1.0,0.0,0.9965388763457304,95.82011914216605,1.0,0.0,0.9964334580808646,98.73859062952475,1.0,0.0,1.0,0.0,1.0,0.0,1.0,0.0,1.0,0.0,1.0,0.0,1.0,0.0,1.0,0.0,1.0,0.0
08232,08,茨城県,神栖市,36,271.92513113859843,188255.8600190297,4.579567396435405,19.466008378003973,0.601015100317925,75111.24542425534,0.7869852941176473,40101.266652583006,0.5995274979671847,75391.29528416028,0.7883823529411766,39838.262142262305,0.5957085828122903,76110.22844098465,0.7952573529411766,38544.00310463148,0.6426039077790099,67281.90870850298,0.8099632352941178,35775.53457493988,0.6564648496973164,64672.505166998344,0.830919117647059,31830.46692012932,0.652436313707902,65430.90067430317,0.8365073529411765,30778.44887884651,0.6536546919344213,65201.53383344132,0.8385294117647061,30397.784456013913,0.6564762048560251,64670.36749183001,0.8393750000000003,30238.597515556645,0.6479349751052831,66278.30404417605,0.8393750000000003,30238.597515556645,0.6410464004508001,67575.11859006103,0.8393750000000003,30238.597515556645,0.6422333784878035,67351.66301888127,0.8409191176470591,29947.908319939026,0.6595091421765221,64099.39926817602,0.8454044117647062,29103.525418383084,0.7021021532124897,56081.015344799955,0.8605514705882354,26252.00283280072,0.8012533801059953,37415.21585402109,0.8941176470588238,19932.973413779615,0.8615924174502932,26056.03848604994,0.9179411764705885,15448.054395679203,0.9436437704496307,10609.390461434668,0.9612867647058827,7287.993404413172
08233,08,茨城県,行方市,5,39.988989873323305,27684.685296916134,4.541737416322268,0.1534601463004947,0.8493223786354065,4171.462528766659,0.9349999999999999,1799.5045442995472,0.8650064235925675,3737.254679944972,0.9400000000000001,1661.081117814968,0.8817493778467178,3273.7312604781564,0.9475,1453.4459780880984,0.9693707491457463,847.961170780314,0.97,830.5405589074849,0.9915032562613487,235.22967645310334,0.9925,207.6351397268712,0.9966066735982897,93.94317354107125,0.9974999999999999,69.2117132422904,0.9991077294945718,24.702228142502317,1.0,0.0,0.9991091233491899,24.663639716051694,1.0,0.0,0.9990974986553193,24.985465707532676,1.0,0.0,0.9990729767084122,25.66434809051903,1.0,0.0,0.9990297561883926,26.86089458563054,1.0,0.0,0.9989243379235269,29.779366072989244,1.0,0.0,1.0,0.0,1.0,0.0,1.0,0.0,1.0,0.0,1.0,0.0,1.0,0.0,1.0,0.0,1.0,0.0
08234,08,茨城県,鉾田市,5,39.988989873323305,27684.685296916134,4.541821299902329,0.18344844559207543,0.8493223786354065,4171.462528766659,0.9349999999999999,1799.5045442995472,0.860987052321434,3848.5297086777673,0.9349999999999999,1799.5045442995472,0.8755188156664372,3446.2224136620935,0.9400000000000001,1661.081117814968,0.9638414216041565,1001.038863672797,0.965,968.9639853920655,0.9865032562613488,373.65310293768255,0.9874999999999998,346.058566211452,0.9916066735982895,232.36660002565205,0.9925,207.63513972687122,0.9966077294945719,93.91394138479272,0.9974999999999999,69.2117132422904,0.9966091233491897,93.87535295834209,0.9974999999999999,69.2117132422904,0.9965974986553191,94.19717894982153,0.9974999999999999,69.2117132422904,0.9990729767084122,25.66434809051903,1.0,0.0,0.9990297561883926,26.86089458563054,1.0,0.0,0.9989243379235269,29.779366072989244,1.0,0.0,1.0,0.0,1.0,0.0,1.0,0.0,1.0,0.0,1.0,0.0,1.0,0.0,1.0,0.0,1.0,0.0
08235,08,茨城県,つくばみらい市,7,45.9873383543218,31837.388091453555,5.000109625905513,0.17324415235091817,0.8493223786354066,4797.181908081657,0.935,2069.4302259444794,0.8634057443038279,4348.804329662276,0.9378260869565217,1979.4549987295036,0.8851448888882347,3656.6867467522925,0.9506521739130434,1571.1058905999919,0.9580483396804852,1335.6312906732269,0.9584782608695651,1321.9437229277466,0.986617789786795,426.0546200792228,0.9871739130434782,408.3491081295133,0.9942932943157529,181.6866035930824,0.9950000000000001,159.18694045726792,0.9971211333767229,91.65559394880978,0.9978260869565218,69.2117132422904,0.9971225207525752,91.61142352537067,0.9978260869565218,69.2117132422904,0.9990974986553193,28.733285563662577,1.0,0.0,0.9990729767084122,29.514000304096882,1.0,0.0,0.9990297561883926,30.89002877347512,1.0,0.0,0.998924337923527,34.246270983937634,1.0,0.0,1.0,0.0,1.0,0.0,1.0,0.0,1.0,0.0,1.0,0.0,1.0,0.0,1.0,0.0,1.0,0.0
08236,08,茨城県,小美玉市,6,59.98348480998496,41527.0279453742,4.7086715702549276,0.21040618166094627,0.8493223786354066,6257.193793149988,0.9349999999999999,2699.256816449321,0.8611150454233091,5767.479389898273,0.9383333333333334,2560.8333899647414,0.879031094883879,5023.479103278476,0.9466666666666665,2214.774823753293,0.9642320948125175,1485.3347982680843,0.9683333333333334,1315.0225516035175,0.9906699229280155,387.4503713007979,0.9916666666666666,346.058566211452,0.9924777951122573,312.37481258412413,0.9966666666666665,138.4234264845808,0.9958121843418727,173.90753786512556,1.0,0.0,0.9958135781964909,173.84965522544962,1.0,0.0,0.9958019535026204,174.33239421266802,1.0,0.0,0.9957774315557134,175.35071778715064,1.0,0.0,0.9957342110356937,177.1455375298179,1.0,0.0,0.9989243379235269,44.669049109483865,1.0,0.0,1.0,0.0,1.0,0.0,1.0,0.0,1.0,0.0,1.0,0.0,1.0,0.0,1.0,0.0,1.0,0.0
08309,08,茨城県,大洗町,5,19.994494936661653,13842.342648458067,4.478196945521314,9.401675532497467,0.648128786496818,4870.721905439789,0.9349999999999999,899.7522721497736,0.6724804400280118,4533.6379732044725,0.9349999999999999,899.7522721497736,0.7042635992728173,4093.6845924873655,0.9449999999999998,761.3288456651943,0.7326522099133581,3700.719716687338,0.965,484.48199269603276,0.7690328371431678,3197.1266088064876,0.9849999999999999,207.6351397268712,0.7710142369475216,3169.6993937910356,0.99,138.4234264845808,0.7798817378934473,3046.952407262006,0.995,69.2117132422904,0.7810182730760425,3031.2200978324945,1.0,0.0,0.7848883188795298,2977.6495977553964,1.0,0.0,0.7733103318419308,3137.9160615092483,1.0,0.0,0.7893913367856293,2915.3172809470248,1.0,0.0,0.8160930018965156,2545.7036831977607,1.0,0.0,0.9113295331038535,1227.4069855752186,1.0,0.0,0.9394044847227634,838.7838854273862,1.0,0.0,0.9462016101367772,744.6957464220635,1.0,0.0,0.9458921872079373,748.9788846263556,1.0,0.0
08310,08,茨城県,城里町,1,11.996696961996992,8305.40558907484,4.585981574075289,0.16199808355420825,0.8525221061706542,1224.863723675234,0.935,539.8513632898641,0.864177465736866,1128.0612351913417,0.935,539.8513632898641,0.8819099709391593,980.7855873759163,0.9450000000000001,456.7973073991166,0.9643162342905999,296.368147162089,0.965,290.6891956176197,0.9840032562613487,132.8594448539919,0.985,124.58108383612272,0.9991066735982895,7.419438089634256,1.0,0.0,0.9991077294945716,7.410668442750695,1.0,0.0,0.9991091233491898,7.399091914815509,1.0,0.0,0.9990974986553192,7.495639712259803,1.0,0.0,0.9990729767084122,7.69930442715571,1.0,0.0,0.9990297561883926,8.058268375689162,1.0,0.0,0.9989243379235268,8.933809821896775,1.0,0.0,1.0,0.0,1.0,0.0,1.0,0.0,1.0,0.0,1.0,0.0,1.0,0.0,1.0,0.0,1.0,0.0
08341,08,茨城県,東海村,9,75.97908075931429,52600.90206414066,4.4114930472239156,0.16478657844035247,0.8525221061706543,7757.470249943149,0.9349999999999999,3419.0586341691396,0.8641774657368659,7144.387822878498,0.9349999999999999,3419.0586341691396,0.876286725495991,6507.42983621953,0.9386842105263159,3225.2658370907307,0.9648133726025883,1850.848341698663,0.9652631578947367,1827.1892295964665,0.9866348352087171,703.0197242573679,0.9876315789473683,650.5901044775297,0.9954224630719737,240.78257164609676,0.9963157894736842,193.79279707841312,0.9991077294945716,46.93423347075441,1.0,0.0,0.9991091233491898,46.86091546049822,1.0,0.0,0.9990974986553193,47.47238484431208,1.0,0.0,0.9990729767084122,48.762261371986156,1.0,0.0,0.9990297561883925,51.035699712698026,1.0,0.0,0.9989243379235268,56.58079553867957,1.0,0.0,1.0,0.0,1.0,0.0,1.0,0.0,1.0,0.0,1.0,0.0,1.0,0.0,1.0,0.0,1.0,0.0
08364,08,茨城県,大子町,1,19.994494936661653,13842.342648458067,3.969919306679591,0.1760413014888763,0.8525221061706544,2041.4395394587232,0.9349999999999999,899.7522721497736,0.864177465736866,1880.102058652236,0.9349999999999999,899.7522721497736,0.8732937049865721,1753.911951292481,0.9349999999999999,899.7522721497736,0.949900076687336,693.5003051553674,0.9499999999999998,692.117132422904,0.9940032562613488,83.0089816054057,0.995,69.2117132422904,0.9941066735982895,81.57744339168082,0.995,69.2117132422904,0.9941077294945717,81.56282731354156,0.995,69.2117132422904,0.9991091233491899,12.331819858025847,1.0,0.0,0.9990974986553193,12.492732853766338,1.0,0.0,0.9990729767084122,12.832174045259515,1.0,0.0,0.9990297561883926,13.43044729281527,1.0,0.0,0.9989243379235269,14.889683036494622,1.0,0.0,1.0,0.0,1.0,0.0,1.0,0.0,1.0,0.0,1.0,0.0,1.0,0.0,1.0,0.0,1.0,0.0
08442,08,茨城県,美浦村,2,0.0,0.0,4.751201060801572,0.08093750000000001,0.935,0.0,0.935,0.0,0.935,0.0,0.935,0.0,0.9375,0.0,0.9375,0.0,0.9724999999999999,0.0,0.9724999999999999,0.0,0.9924999999999999,0.0,0.9924999999999999,0.0,0.995,0.0,0.995,0.0,1.0,0.0,1.0,0.0,1.0,0.0,1.0,0.0,1.0,0.0,1.0,0.0,1.0,0.0,1.0,0.0,1.0,0.0,1.0,0.0,1.0,0.0,1.0,0.0,1.0,0.0,1.0,0.0,1.0,0.0,1.0,0.0,1.0,0.0,1.0,0.0,1.0,0.0,1.0,0.0
08443,08,茨城県,阿見町,9,45.9873383543218,31837.388091453555,4.879641743070384,0.1505571940800418,0.8493223786354066,4797.181908081657,0.935,2069.4302259444794,0.860987052321434,4425.809164979432,0.935,2069.4302259444794,0.8768520081043243,3920.7104106658016,0.9406521739130435,1889.4797715145262,0.9694935955172,971.2442387937615,0.9706521739130435,934.3581287709203,0.9968293432178705,100.94543047745758,0.9978260869565218,69.2117132422904,0.9969327605548113,97.65289258588837,0.9978260869565218,69.2117132422904,0.9991077294945717,28.407562363877666,1.0,0.0,0.99910912334919,28.363185673459448,1.0,0.0,0.9990974986553193,28.733285563662577,1.0,0.0,0.9990729767084122,29.514000304096882,1.0,0.0,0.9990297561883926,30.89002877347512,1.0,0.0,0.998924337923527,34.246270983937634,1.0,0.0,1.0,0.0,1.0,0.0,1.0,0.0,1.0,0.0,1.0,0.0,1.0,0.0,1.0,0.0,1.0,0.0
08521,08,茨城県,八千代町,6,25.99284341766015,17995.045442995488,4.941957104355179,0.158202981390059,0.8493223786354065,2711.4506436983274,0.935,1169.6779537947057,0.8609870523214339,2501.544310640549,0.935,1169.6779537947057,0.8830964637948916,2103.6844464577925,0.95,899.7522721497751,0.9811491139118488,339.2225517970122,0.9823076923076923,318.37388091453585,0.9890032562613488,197.88690330200492,0.9899999999999999,179.95045442995502,0.9917989812905972,147.5777043545593,0.9926923076923077,131.50225516035175,0.9968000371868794,57.58347623800074,0.9976923076923077,41.527027945374236,0.9968014310414974,57.558393760807846,0.9976923076923077,41.527027945374236,0.9990974986553192,16.24055270989624,1.0,0.0,0.9990729767084123,16.68182625883737,1.0,0.0,0.9990297561883925,17.45958148065985,1.0,0.0,0.9989243379235268,19.35658794744301,1.0,0.0,1.0,0.0,1.0,0.0,1.0,0.0,1.0,0.0,1.0,0.0,1.0,0.0,1.0,0.0,1.0,0.0
08542,08,茨城県,五霞町,1,11.996696961996992,8305.40558907484,5.1858001521955055,0.16337723203003404,0.8493223786354066,1251.4387586299974,0.935,539.8513632898641,0.860987052321434,1154.5589126033303,0.935,539.8513632898641,0.8802580749988557,994.5052531510854,0.9450000000000001,456.7973073991166,0.964900076687336,291.5190992570977,0.965,290.6891956176197,0.9890032562613487,91.33241690861766,0.99,83.05405589074847,0.9941066735982895,48.9464660350085,0.995,41.527027945374236,0.9991077294945716,7.410668442750695,1.0,0.0,0.9991091233491898,7.399091914815509,1.0,0.0,0.9990974986553192,7.495639712259803,1.0,0.0,0.9990729767084122,7.69930442715571,1.0,0.0,0.9990297561883926,8.058268375689162,1.0,0.0,0.9989243379235268,8.933809821896775,1.0,0.0,1.0,0.0,1.0,0.0,1.0,0.0,1.0,0.0,1.0,0.0,1.0,0.0,1.0,0.0,1.0,0.0
08546,08,茨城県,境町,5,47.98678784798796,33221.62235629936,5.1119786561480085,0.16958562465384605,0.8493223786354067,5005.755034519991,0.935,2159.4054531594566,0.8644878823310137,4501.932397901466,0.9391666666666667,2020.9820266748789,0.8812162907918296,3946.1875293943226,0.9462500000000001,1785.6622016510923,0.9616428352892401,1274.2872406792437,0.9620833333333333,1259.6531810096853,0.9860865895946823,462.22606617367717,0.9870833333333333,429.1126221022005,0.9941066735982896,195.78586414003396,0.9950000000000001,166.10811178149697,0.9970243961612385,98.85438701329319,0.9979166666666666,69.2117132422904,0.9991091233491899,29.596367659262032,1.0,0.0,0.9990974986553193,29.98255884903921,1.0,0.0,0.9990729767084123,30.79721770862284,1.0,0.0,0.9990297561883927,32.233073502756646,1.0,0.0,0.9989243379235269,35.73523928758709,1.0,0.0,1.0,0.0,1.0,0.0,1.0,0.0,1.0,0.0,1.0,0.0,1.0,0.0,1.0,0.0,1.0,0.0
08564,08,茨城県,利根町,1,0.0,0.0,5.107192778537258,0.1487500000000001,0.935,0.0,0.915,0.0,0.935,0.0,0.91,0.0,0.945,0.0,0.915,0.0,0.975,0.0,0.97,0.0,0.99,0.0,0.985,0.0,0.995,0.0,0.99,0.0,0.995,0.0,0.99,0.0,0.995,0.0,0.985,0.0,0.995,0.0,0.985,0.0,0.995,0.0,0.985,0.0,0.995,0.0,0.99,0.0,1.0,0.0,0.98,0.0,1.0,0.0,0.99,0.0,1.0,0.0,0.99,0.0,1.0,0.0,1.0,0.0,1.0,0.0,0.99,0.0
12101,12,千葉県,千葉市中央区,19,245.18511290833743,169743.53970577204,5.067138200252413,0.5507299696340094,0.8442481960029828,26437.862526013294,0.9286190476190477,12116.455524712006,0.8593804180579525,23869.26559078899,0.9330476190476191,11364.734134586452,0.8786605757006578,20596.58338643093,0.943,9675.381763229014,0.9625438113553185,6357.946044435402,0.9635714285714287,6183.514660710271,0.9830201715060644,2882.216192157573,0.9839047619047618,2732.0626866929038,0.9886953700071289,1918.887910053966,0.9895714285714287,1770.1826283601958,0.9911724554811208,1498.4186535448864,0.9920476190476191,1349.8652919459028,0.9913164940817016,1473.969031627998,0.9921904761904761,1325.6162148450783,0.991306640769754,1475.6415676757854,0.9921904761904761,1325.6162148450783,0.9923570945433211,1297.333825853283,0.993142857142857,1163.955700839581,0.9924604419129236,1279.7912775176403,0.9932857142857142,1139.7066237387562,0.9923667335425103,1295.6976680116186,0.9932857142857142,1139.7066237387562,0.9953333333333332,792.136518626937,0.9953333333333332,792.136518626937,0.9954761904761904,767.8874415261124,0.9954761904761904,767.8874415261124,0.9969047619047618,525.3966705178664,0.9969047619047618,525.3966705178664,0.998142857142857,315.2380023107198,0.998142857142857,315.2380023107198
12102,12,千葉県,千葉市花見川区,12,205.48847558032088,142261.25232483752,5.001926879755806,0.17571988214908002,0.8487592958591204,21515.691973571815,0.9344318181818184,9327.81165811718,0.8604188705032523,19856.986283122664,0.9344318181818184,9327.81165811718,0.8769272945685821,17508.477201679358,0.940965909090909,8398.263702585582,0.9645303076810459,5045.962848871097,0.9651136363636365,4962.977779968768,0.9841160794381393,2259.6664309585663,0.9848295454545456,2158.1678619733893,0.9912138454108077,1249.92935497813,0.9918750000000001,1155.872675139306,0.9972963746772572,384.62112423054396,0.998125,266.73984810907064,0.998434129966931,222.76263188234188,0.9992613636363636,105.07933410357327,0.9990974986553193,128.39097151914606,1.0,0.0,0.9990729767084123,131.87949439557073,1.0,0.0,0.9990297561883926,138.02809969968877,1.0,0.0,0.9989243379235268,153.02503407741963,1.0,0.0,1.0,0.0,1.0,0.0,1.0,0.0,1.0,0.0,1.0,0.0,1.0,0.0,1.0,0.0,1.0,0.0
12103,12,千葉県,千葉市稲毛区,9,140.10577880476424,96996.30840329833,5.05982835933526,0.19793725270157073,0.8455257995923362,14983.427183094687,0.9316666666666669,6628.08107422538,0.8579366581638656,13779.619717540903,0.9325000000000002,6547.250817222632,0.8752423331638179,12101.033128118279,0.9408333333333334,5738.948247195154,0.9624302289386593,3644.1291005071384,0.9641666666666667,3475.7010511181934,0.9807027475039164,1871.7622544464402,0.9825000000000003,1697.4353970577222,0.9882275099058946,1141.8880798426214,0.99,969.9630840329842,0.9914899183313052,825.446506073977,0.9933333333333336,646.6420560219894,0.99391440525651,590.2802245570689,0.9958333333333335,404.1512850137434,0.9990974986553194,87.53929876305415,1.0,0.0,0.9990729767084123,89.91783708788914,1.0,0.0,0.9990297561883928,94.11006797706054,1.0,0.0,0.9989243379235269,104.33525050733157,1.0,0.0,1.0,0.0,1.0,0.0,1.0,0.0,1.0,0.0,1.0,0.0,1.0,0.0,1.0,0.0,1.0,0.0
12104,12,千葉県,千葉市若葉区,7,81.72837096944582,56581.17990192401,5.000428237044464,0.15789812547926388,0.8493223786354064,8525.517601624055,0.935,3677.7766936250578,0.8630422334330421,7749.232029090753,0.9377142857142855,3524.1992053198387,0.8842856374723568,6547.255163413022,0.9504285714285713,2804.809917995379,0.9670305200048854,1865.4520788764537,0.9677142857142854,1826.76380826212,0.9885746848327771,646.4578129128062,0.9895714285714283,590.0608761200652,0.9963923878840037,204.12295015154103,0.9972857142857143,153.57748830522246,0.9991077294945715,50.48571798881835,1.0,0.0,0.9991091233491897,50.406852049916814,1.0,0.0,0.9990974986553192,51.06459094511491,1.0,0.0,0.999072976708412,52.45207163460199,1.0,0.0,0.9990297561883925,54.89753965328531,1.0,0.0,0.9989243379235266,60.862229462610074,1.0,0.0,1.0,0.0,1.0,0.0,1.0,0.0,1.0,0.0,1.0,0.0,1.0,0.0,1.0,0.0,1.0,0.0
12105,12,千葉県,千葉市緑区,5,23.350963134127376,16166.05140054972,5.010571802086867,0.17811135098338107,0.8493223786354065,2435.8621718925874,0.9350000000000002,1050.793341035731,0.8647729122638701,2186.088051088921,0.94,969.963084032984,0.883877003788948,1877.250325533706,0.95,808.3025700274868,0.9749000766873359,405.7666504223838,0.9750000000000001,404.1512850137434,0.9894655740261079,170.3000717692274,0.99,161.66051400549736,0.9941066735982895,95.27181753026827,0.9950000000000001,80.83025700274868,0.9941077294945717,95.25474785669678,0.9950000000000001,80.83025700274868,0.9941091233491897,95.23221473129634,0.9950000000000001,80.83025700274868,0.9940974986553193,95.42014012992257,0.9950000000000001,80.83025700274868,0.9990729767084122,14.986306181314855,1.0,0.0,0.9990297561883926,15.68501132951009,1.0,0.0,0.9989243379235268,17.389208417888593,1.0,0.0,1.0,0.0,1.0,0.0,1.0,0.0,1.0,0.0,1.0,0.0,1.0,0.0,1.0,0.0,1.0,0.0
12106,12,千葉県,千葉市美浜区,1,23.350963134127376,16166.05140054972,5.157548026586926,0.20508122026920297,0.8450204753875732,2505.4069609172525,0.93,1131.6235980384797,0.8649530377984047,2183.1761324390845,0.94,969.963084032984,0.8887870424985885,1797.8743873749695,0.955,727.4723130247381,0.9744252640008927,413.44249671705813,0.9750000000000001,404.1512850137434,0.9840032562613488,258.6041815204577,0.9850000000000001,242.490771008246,0.9891066735982895,176.10207453301695,0.99,161.66051400549736,0.9941077294945717,95.25474785669678,0.9950000000000001,80.83025700274868,0.9941091233491897,95.23221473129634,0.9950000000000001,80.83025700274868,0.9940974986553193,95.42014012992257,0.9950000000000001,80.83025700274868,0.9940729767084122,95.81656318406353,0.9950000000000001,80.83025700274868,0.9990297561883926,15.68501132951009,1.0,0.0,0.9989243379235268,17.389208417888593,1.0,0.0,1.0,0.0,1.0,0.0,1.0,0.0,1.0,0.0,1.0,0.0,1.0,0.0,1.0,0.0,1.0,0.0
12202,12,千葉県,銚子市,14,70.05288940238214,48498.15420164916,4.47066008284519,16.87750466648955,0.6375705949217081,17577.157174698972,0.935,3152.3800231071928,0.6358665741235018,17659.799038133195,0.9366666666666666,3071.549766104446,0.614992459664742,18672.155059976994,0.9516666666666665,2344.0774530797116,0.7403316595715781,12593.435215383935,0.9699999999999999,1454.944626049476,0.7436395196678737,12433.010106356305,0.9916666666666666,404.1512850137434,0.7163430972894033,13756.836208020712,0.9983333333333332,80.83025700274868,0.717551831305027,13698.214839342218,1.0,0.0,0.7212698233127594,13517.899089630711,1.0,0.0,0.6922296070307493,14926.29597692488,1.0,0.0,0.6641751432418822,16286.885687801932,1.0,0.0,0.6605811701714991,16461.18674796595,1.0,0.0,0.6851609141379593,15269.114534843502,1.0,0.0,0.706224928498268,14247.5487182915,1.0,0.0,0.8344059595465658,8031.00530878477,1.0,0.0,0.8968501053005455,5002.57949901801,1.0,0.0,0.9665957061946391,1620.046591969582,1.0,0.0
12203,12,千葉県,市川市,25,249.8553055351629,172976.74998588202,5.362574138873203,20.475392103235052,0.532393090873683,80885.123411614,0.5820560747663551,72294.58186325835,0.5354157558210312,80362.27265272546,0.5813084112149532,72423.91027446276,0.5475263230426356,78267.42609424677,0.590747663551402,70791.13908300722,0.6354039961959521,63066.631795864494,0.6376168224299067,62683.86430563154,0.6511104272093534,60349.78440528885,0.6533177570093459,59967.96767033919,0.6560492449800351,59495.483758543814,0.6582710280373834,59111.166946110054,0.6590867888645399,58970.05928946271,0.6613084112149533,58585.770275592185,0.6649283811307205,57959.5996445161,0.6671495327102803,57575.392063057836,0.6687555175960611,57297.59401698903,0.6728504672897196,56589.262927624295,0.6757540561575746,56087.009561967556,0.6798598130841121,55376.80907258307,0.6787488048652612,55568.9876634875,0.6830373831775701,54827.16332496438,0.7000120353250328,51890.94316435541,0.7026635514018691,51432.292530848936,0.739439513183706,45070.9061842218,0.7450467289719626,44100.98822069964,0.7878505835912272,36696.91656179108,0.7934579439252335,35726.973595214884,0.812944158557992,32356.311518513005,0.8218224299065421,30820.576995148043,0.8884114160589308,19302.230585652953,0.8982242990654207,17604.829975198645
12204,12,千葉県,船橋市,51,609.4601378007244,421933.94155434764,5.099756694704302,10.98354945583263,0.6863422061427665,132342.86926142362,0.7875287356321841,89648.83804174847,0.6942126491695563,129022.0622133513,0.7893869731800767,88864.78454882182,0.7076521197548697,123351.49341688624,0.797183908045977,85574.99308880995,0.7897428328828948,88714.63526177144,0.8263984674329503,73248.3788958908,0.8054784557922149,82075.24186482916,0.8432567049808429,66135.3162796489,0.8104203992585777,79990.06817912788,0.8495019157088123,63500.2499013593,0.8140874809942887,78442.80192837736,0.8534099616858238,61851.31265850323,0.8161792268198517,77560.22336746774,0.8555172413793104,60962.179831473,0.8157172687156312,77755.13917121447,0.8564367816091953,60574.194597859794,0.8167904895465099,77302.31087588359,0.8577203065134099,60032.63187594139,0.8204938629441352,75739.73194117604,0.8616666666666668,58367.52858168477,0.8343359329468765,69899.29278564823,0.8727394636015325,53695.539726925905,0.8475768715197642,64312.49138371063,0.8872222222222224,47584.7722975181,0.8835516974123299,49133.49129812906,0.9138122605363985,36365.532625536594,0.9119212580474009,37163.41075920843,0.938352490421456,26011.1767034845,0.9478188626535854,22016.992955361537,0.9644827586206897,14985.92964830959
12205,12,千葉県,館山市,2,23.350963134127376,16166.05140054972,5.227767426463595,0.6196743621607309,0.834555528908968,2674.5838235943856,0.9350000000000002,1050.793341035731,0.8489878785982728,2441.2697166863754,0.94,969.963084032984,0.8678991767205297,2135.5486991908515,0.945,889.1328270302354,0.9400138246733696,969.7395936526948,0.96,646.6420560219894,0.9598805009946227,648.5738830852322,0.9850000000000001,242.490771008246,0.9698977227136493,486.6349618847463,0.99,161.66051400549736,0.9798995196260512,324.94539890099793,1.0,0.0,0.9799018081463875,324.90840256361116,1.0,0.0,0.9846912010898814,247.4828300616569,1.0,0.0,0.9894206982618199,171.02553568134653,1.0,0.0,0.9893778120493516,171.71883639648192,1.0,0.0,0.9892701879935338,173.45869241476578,1.0,0.0,0.9953080940060318,75.84959346503875,1.0,0.0,0.9953079444542527,75.85201112678448,1.0,0.0,1.0,0.0,1.0,0.0,1.0,0.0,1.0,0.0
12206,12,千葉県,木更津市,19,149.44616405841518,103462.72896351821,5.152060144466728,0.4177665491229233,0.8397927208756302,16575.4822980274,0.9334375000000001,6886.737896634175,0.8559681893715606,14901.924185175005,0.9396875000000002,6240.095840612194,0.880136649715496,12401.389323144893,0.9528125000000003,4882.147522966018,0.9586204045360412,4281.245870107623,0.9700000000000001,3103.8818689055497,0.9748172836955474,2605.472551572759,0.99,1034.627289635183,0.9789979753871286,2172.9267802066656,0.9918750000000003,840.6346728285862,0.9855345268835302,1496.6373243784037,0.9976562500000002,242.49077100824604,0.9855365674601855,1496.4262007489742,0.9976562500000002,242.49077100824604,0.991618558441078,867.1668163343402,1.0,0.0,0.995306202979082,485.6330489850387,1.0,0.0,0.9952631391657271,490.08854863429974,1.0,0.0,0.9951569159493011,501.07869248500583,1.0,0.0,0.9962495543863045,388.0313380222251,1.0,0.0,0.9962520518034581,387.77294842812813,1.0,0.0,1.0,0.0,1.0,0.0,1.0,0.0,1.0,0.0
12207,12,千葉県,松戸市,17,242.85001659492468,168126.93456571706,5.1642293215698984,0.1711508017370047,0.8488416094046374,25413.796844685654,0.934519230769231,11009.081003774349,0.861237136962322,23329.77479408724,0.9354807692307694,10847.420489768852,0.8789090917832576,20358.643202259496,0.9438461538461539,9440.97401792104,0.9644675532556499,5973.961348747203,0.9651923076923077,5852.110606999005,0.9865286766737701,2264.89229538269,0.9875,2101.5866820714655,0.9937220582136741,1055.4911079169888,0.9946153846153848,905.2988784307852,0.9973769602638026,441.0036300909555,0.9982692307692308,290.9889252098952,0.998339892579959,279.1087715812935,0.9992307692307693,129.32841120439787,0.99861672942455,232.56504152537403,0.9995192307692309,80.83025700274868,0.9990729767084122,155.8575842856745,1.0,0.0,0.9990297561883926,163.12411782690492,1.0,0.0,0.9989243379235268,180.84776754604138,1.0,0.0,1.0,0.0,1.0,0.0,1.0,0.0,1.0,0.0,1.0,0.0,1.0,0.0,1.0,0.0,1.0,0.0
12208,12,千葉県,野田市,27,273.2062686692903,189142.8013864317,5.122903065859641,0.23153380785917502,0.8454312149498961,29235.57301127384,0.9309829059829061,13054.086505943891,0.8576374043116712,26926.860161134453,0.9318376068376067,12892.425991938395,0.8766676429410776,23327.427515716245,0.942094017094017,10952.499823872438,0.9617895556002473,7227.230495989711,0.9629059829059831,7016.066307838584,0.9834691313977362,3126.694796783192,0.9846581196581198,2901.806226398677,0.9915255900146042,1602.8736447349108,0.9927350427350426,1374.1143690467275,0.9928850405515195,1345.743361836449,0.9941452991452991,1107.3745209376568,0.9951001203848191,926.7769568715585,0.9964102564102565,678.9741588230888,0.9960714016738548,743.0660929291771,0.9973931623931623,493.06456771676693,0.996516965197033,658.790959959591,0.9978632478632478,404.15128501374335,0.9973284455317144,505.30529618797607,0.9987179487179485,242.490771008246,0.9980776890879896,363.5912710333762,0.9995726495726497,80.83025700274868,0.9991533015289495,160.14692074409857,0.9995726495726497,80.83025700274868,1.0,0.0,1.0,0.0,1.0,0.0,1.0,0.0,1.0,0.0,1.0,0.0
12210,12,千葉県,茂原市,13,116.75481567063687,80830.2570027486,4.93539544344819,0.36538753139111224,0.8420301189348103,12768.746085192925,0.9350000000000002,5253.966705178655,0.8549719980694354,11722.650668642662,0.937,5092.306191173161,0.8751558863818647,10091.181789034234,0.9450000000000001,4445.664135151177,0.959556010442786,3269.098070126092,0.9689999999999999,2505.7379670852088,0.9743887544441969,2070.1635604360727,0.9870000000000001,1050.7933410357327,0.9833653839677573,1344.580289028225,0.9930000000000002,565.8117990192408,0.9892806534618139,866.4475355831053,0.9989999999999999,80.83025700274868,0.9902822247073055,785.4902744034613,1.0,0.0,0.9931696246098728,552.1009982092405,1.0,0.0,0.9961090396856889,314.50732219325886,1.0,0.0,0.9960658191656695,318.0008479342332,1.0,0.0,0.9959602269232274,326.53589602832193,1.0,0.0,0.997035667766817,239.6077362497224,1.0,0.0,0.9970353050427514,239.63705532917714,1.0,0.0,1.0,0.0,1.0,0.0,1.0,0.0,1.0,0.0
12211,12,千葉県,成田市,16,233.50963134127377,161660.5140054972,4.789644231734029,21.614861332206505,0.5863023238762398,66878.57896504678,0.9155,13660.313433464506,0.5889887829228536,66444.28461471647,0.9185,13175.331891448019,0.561493781413068,70889.14069137032,0.9209999999999998,12771.180606434285,0.723172015395161,44752.15428232414,0.9399999999999998,9699.630840329837,0.7223152986117785,44890.6515578829,0.9614999999999999,6223.929789211645,0.7029165801038179,48026.658362927745,0.9689999999999999,5011.475934170415,0.7041977033317235,47819.55132340016,0.9734999999999999,4284.003621145676,0.7051399110597703,47667.233537784145,0.9744999999999999,4122.343107140179,0.6734396725036349,52791.910396865875,0.9705,4768.985163162169,0.6383331903964425,58467.242339239376,0.9690000000000001,5011.475934170414,0.6314182129154942,59585.12115314594,0.967,5334.796962181407,0.6446435142790287,57447.11213683934,0.9690000000000001,5011.475934170414,0.6537325445115566,55977.77483763738,0.9715,4607.324649156671,0.7760101227406411,36210.31868977616,0.983,2748.228738093453,0.822832942912355,28640.917513629953,0.985,2424.9077100824584,0.9118751886449754,14246.302300290752,0.989,1778.2656540604692
12212,12,千葉県,佐倉市,17,149.4461640584152,103462.72896351821,5.001591176429841,12.053674997232207,0.6909629776575458,31973.81368231007,0.93421875,6805.907639631427,0.6962443967608124,31427.383649086045,0.9358593750000002,6636.164099925656,0.6781729573306802,33297.10408882645,0.944140625,5779.363375696529,0.8129883553376022,19348.735104727453,0.9699218749999998,3111.964894605824,0.8182012462629245,18809.395183804434,0.9867187499999999,1374.1143690467275,0.8082386688198857,19840.150633571608,0.9942968750000001,590.0608761200654,0.8081953029017859,19844.637389802232,0.99765625,242.49077100824604,0.8134430033058561,19301.695985214174,0.9984375000000001,161.66051400549736,0.793370869157061,21378.41376037035,0.9992187500000002,80.83025700274868,0.766773694580188,24130.230024812725,1.0,0.0,0.7638944020576309,24428.12948668074,1.0,0.0,0.7807535925961565,22683.83162544895,1.0,0.0,0.786642086401116,22074.591986903062,1.0,0.0,0.8843226205790417,11968.29735424068,1.0,0.0,0.9217496377532373,8095.996020433957,1.0,0.0,0.9739028954645619,2700.0776532826367,1.0,0.0
12213,12,千葉県,東金市,2,23.350963134127376,16166.05140054972,5.083658648523848,0.164936630576849,0.8493223786354065,2435.8621718925874,0.9350000000000002,1050.793341035731,0.8648020726442337,2185.6166428811052,0.94,969.963084032984,0.8799397766590118,1940.8997416918946,0.945,889.1328270302354,0.9744252640008927,413.44249671705813,0.9750000000000001,404.1512850137434,0.9844655740261078,251.13032877197608,0.9850000000000001,242.490771008246,0.9891066735982895,176.10207453301695,0.99,161.66051400549736,0.9991077294945717,14.424490853948104,1.0,0.0,0.9991091233491898,14.401957728547664,1.0,0.0,0.9990974986553193,14.58988312717569,1.0,0.0,0.9990729767084122,14.986306181314855,1.0,0.0,0.9990297561883926,15.68501132951009,1.0,0.0,0.9989243379235268,17.389208417888593,1.0,0.0,1.0,0.0,1.0,0.0,1.0,0.0,1.0,0.0,1.0,0.0,1.0,0.0,1.0,0.0,1.0,0.0
12215,12,千葉県,旭市,5,70.05288940238214,48498.15420164916,4.712675121759739,24.43778675338137,0.5717299756594002,20770.30568041445,0.935,3152.3800231071928,0.5720275529163578,20755.873732719607,0.9366666666666666,3071.549766104446,0.5470468881974617,21967.389862316333,0.9466666666666665,2586.568224087958,0.665202923415539,16237.040246454526,0.9666666666666666,1616.6051400549736,0.6705778893642126,15976.364319047141,0.9916666666666666,404.1512850137434,0.6413889619366576,17391.973422409454,0.9949999999999998,242.49077100824604,0.6425976415133724,17333.354693917558,0.9966666666666666,161.66051400549736,0.646754909461985,17131.73487188817,0.9983333333333332,80.83025700274868,0.6193827339727431,18459.234859600023,1.0,0.0,0.588768241458262,19943.981238372566,1.0,0.0,0.5818729282077401,20278.391203665047,1.0,0.0,0.5970791015867143,19540.919862314542,1.0,0.0,0.6096008708731582,18933.637164583117,1.0,0.0,0.7344615233130752,12878.125988833495,1.0,0.0,0.8050410852270821,9455.147511643147,1.0,0.0,0.9124907442089168,4244.0373814275035,1.0,0.0
12216,12,千葉県,習志野市,15,116.75481567063687,80830.2570027486,5.0659924732329324,23.70051338572333,0.525718601973611,38336.287294095935,0.8350000000000002,13336.992405453515,0.531047158985879,37905.57866134051,0.8560000000000001,11639.557008395797,0.5398260111083947,37195.98178808845,0.8690000000000001,10588.76366736007,0.6057229514535575,31869.515164294135,0.916,6789.741588230885,0.6175876630419808,30910.487477338396,0.9400000000000001,4849.815420164917,0.6196539313853429,30743.4704761078,0.9550000000000001,3637.361565123687,0.6215626576754147,30589.187639533367,0.9600000000000001,3233.2102801099436,0.6235638054411684,30427.434351327036,0.9630000000000002,2990.7195091016974,0.6215583728353631,30589.53398425597,0.9680000000000001,2586.568224087954,0.6215442607168481,30590.674670422402,0.9700000000000001,2424.9077100824566,0.6235189748166851,30431.058022225625,0.9740000000000001,2101.586682071462,0.6374519698064833,29304.850456382217,0.9740000000000001,2101.586682071462,0.66409381986659,27151.382868995104,0.994,484.981542016492,0.7300768416574429,21817.9582598225,1.0,0.0,0.8040524919689817,15838.487433195372,1.0,0.0,0.892026838277292,8727.49841144583,1.0,0.0
12217,12,千葉県,柏市,21,280.2115576095285,193992.6168065966,5.072807044124812,0.1650132704408219,0.8489674766932925,29299.19441917149,0.9345416666666669,12698.433375131794,0.8631453599855305,26548.78973853174,0.9380000000000002,12027.542242008993,0.8816019938414296,22968.339039384624,0.9472500000000001,10233.110536547976,0.9659209335868559,6611.087271811651,0.9665833333333333,6482.586611620443,0.9890171988060077,2130.582343489174,0.9899166666666669,1956.0922194665177,0.9952472372849784,922.0008761478922,0.9960833333333335,759.8044158258375,0.9969568400184315,590.350568185613,0.9977916666666667,428.40036211456794,0.9982700245181723,335.6024707310743,0.9991250000000002,169.74353970577224,0.9986391653219859,263.99188022912983,0.9995416666666668,88.91328270302355,0.9990729767084123,179.83567417577825,1.0,0.0,0.9990297561883926,188.22013595412102,1.0,0.0,0.9989243379235269,208.67050101466313,1.0,0.0,1.0,0.0,1.0,0.0,1.0,0.0,1.0,0.0,1.0,0.0,1.0,0.0,1.0,0.0,1.0,0.0
12218,12,千葉県,勝浦市,9,23.350963134127376,16166.05140054972,4.675365945130215,0.4885428162058817,0.8387850532121957,2606.2091163085333,0.9350000000000002,1050.793341035731,0.8500672117993235,2423.8211606798704,0.9350000000000002,1050.793341035731,0.8722428886219858,2065.328029322731,0.945,889.1328270302354,0.9499638624209911,808.8867719872359,0.965,565.8117990192408,0.9748305387422441,406.8908044170245,0.9950000000000001,80.83025700274868,0.9798477604612708,325.7821402192873,0.9950000000000001,80.83025700274868,0.9798495573736729,325.75309124103455,0.9950000000000001,80.83025700274868,0.9798518458940088,325.7160949036496,0.9950000000000001,80.83025700274868,0.989640049263835,167.4794961080067,1.0,0.0,0.9943671672791241,91.06066329637619,1.0,0.0,0.9943242810666562,91.7539640115098,1.0,0.0,0.9942171992920339,93.4850534841154,1.0,0.0,0.9953080940060318,75.84959346503875,1.0,0.0,0.9953079444542527,75.85201112678448,1.0,0.0,1.0,0.0,1.0,0.0,1.0,0.0,1.0,0.0
12219,12,千葉県,市原市,54,326.9134838777832,226324.71960769602,5.106579360366508,0.2146054117960655,0.8474177084637008,34533.14434905266,0.9346428571428573,14791.937031502981,0.8600751336887479,31668.4561340385,0.9356785714285716,14557.529286195015,0.8779282218404116,27627.860963981766,0.943607142857143,12763.097580734016,0.9620983349200607,8578.083721882123,0.9642499999999998,8091.108725975141,0.9837730527498229,3672.559286485245,0.9868928571428572,2966.470432000877,0.9918285196228618,1849.4080051355843,0.99475,1188.2047779404056,0.9960437547965642,895.3960863669281,0.9989642857142855,234.40774530797114,0.9967268804365638,740.7878674372053,0.9996785714285713,72.74723130247379,0.9977312286198141,513.4790464745901,1.0,0.0,0.9983855004422368,365.4011597175271,1.0,0.0,0.9983423038013279,375.1776273591987,1.0,0.0,0.998236738753372,399.06960723819964,1.0,0.0,0.9993134533201476,155.38248481515834,1.0,0.0,0.9993133843430717,155.39809603254952,1.0,0.0,1.0,0.0,1.0,0.0,1.0,0.0,1.0,0.0
12220,12,千葉県,流山市,9,135.43558617793877,93763.09812318838,5.132366056814522,0.1596854756926668,0.8493223786354065,14128.000596977006,0.9350000000000002,6094.601378007239,0.8609870523214339,13034.284653579034,0.9350000000000002,6094.601378007239,0.8821417257909118,11050.756929296387,0.9467241379310344,4995.309882769867,0.970987344250597,2720.3164878455723,0.9713793103448274,2683.5645324912557,0.9878593348840188,1138.3463745505187,0.9886206896551724,1066.9593924362823,0.9956400057365156,408.80656994363846,0.9963793103448276,339.4870794115444,0.998319941378873,157.52750134544,0.9991379310344829,80.83025700274868,0.9983213326643253,157.39705011105525,0.9991379310344829,80.83025700274868,0.9990974986553193,84.621322137619,1.0,0.0,0.9990729767084121,86.92057585162615,1.0,0.0,0.9990297561883925,90.97306571115851,1.0,0.0,0.9989243379235268,100.85740882375384,1.0,0.0,1.0,0.0,1.0,0.0,1.0,0.0,1.0,0.0,1.0,0.0,1.0,0.0,1.0,0.0,1.0,0.0
12221,12,千葉県,八千代市,10,116.75481567063687,80830.2570027486,5.018688938099741,0.16817754393815992,0.8493223786354066,12179.310859462938,0.9350000000000002,5253.966705178655,0.860987052321434,11236.452287568134,0.9350000000000002,5253.966705178655,0.8802291823625564,9681.105971063897,0.9450000000000001,4445.664135151177,0.967359846174717,2638.312022306875,0.968,2586.568224087958,0.9871838439106941,1035.9331904859328,0.988,969.9630840329842,0.9921994933485986,630.5169573844319,0.9930000000000001,565.8117990192408,0.9962000178098679,307.1535370342461,0.9970000000000001,242.49077100824604,0.9991091233491898,72.00978864273833,1.0,0.0,0.9990974986553193,72.94941563587845,1.0,0.0,0.9990729767084123,74.93153090657428,1.0,0.0,0.9990297561883927,78.42505664755045,1.0,0.0,0.9989243379235269,86.94604208944297,1.0,0.0,1.0,0.0,1.0,0.0,1.0,0.0,1.0,0.0,1.0,0.0,1.0,0.0,1.0,0.0,1.0,0.0
12222,12,千葉県,我孫子市,4,93.4038525365095,64664.20560219888,5.219105056512399,6.667218990729889,0.7659859402327855,15132.333274592405,0.93125,4445.66413515117,0.7759853741402912,14485.727824491863,0.9324999999999999,4364.833878148423,0.7775094087939942,14387.177334299937,0.9362499999999999,4122.343107140179,0.8944587806524213,6824.739107398591,0.96125,2505.737967085209,0.912759967629281,5641.307389962647,0.9874999999999999,808.3025700274868,0.9139396241460417,5565.025838422868,0.9949999999999999,323.3210280109947,0.9137860425633335,5574.957069463827,0.9949999999999999,323.3210280109947,0.9124345417545192,5662.350795636535,0.9949999999999999,323.3210280109947,0.9040249423290152,6206.1508619194565,0.99625,242.49077100824604,0.9023095865178402,6317.072982774201,1.0,0.0,0.901672188364355,6358.289828021635,1.0,0.0,0.9022715357860943,6319.533503115133,1.0,0.0,0.9086608357308433,5906.37449783377,1.0,0.0,0.9324801200814546,4366.119397288606,1.0,0.0,0.9372096311021597,4060.289324247864,1.0,0.0,0.9598416734486819,2596.806284754681,1.0,0.0
12223,12,千葉県,鴨川市,8,23.350963134127376,16166.05140054972,4.870058059184877,51.656612765486344,0.12360354386270046,14167.870157175203,0.135,13983.634461475509,0.1243878749012947,14155.190621290241,0.135,13983.634461475509,0.12463529832661152,14151.19076147887,0.135,13983.634461475509,0.140245118830353,13898.84160086203,0.145,13821.97394747001,0.14480577647686005,13825.113774928288,0.15,13741.143690467263,0.144818163421005,13824.913526952543,0.15,13741.143690467263,0.1448169881850481,13824.932525877432,0.15,13741.143690467263,0.1448172871209681,13824.927693263984,0.15,13741.143690467263,0.14481141563504935,13825.022612007144,0.15,13741.143690467263,0.14954184353351593,13748.550271453938,0.15,13741.143690467263,0.15950197130441665,13587.534333953514,0.16,13579.483176461765,0.18944563180208207,13103.463579227646,0.18999999999999997,13094.501634445274,0.27,11801.217522401295,0.27,11801.217522401295,0.4,9699.630840329832,0.4,9699.630840329832,0.56,7113.062616241877,0.56,7113.062616241877,0.825,2829.0589950962017,0.825,2829.0589950962017
12224,12,千葉県,鎌ケ谷市,3,28.021155760952844,19399.26168065966,5.05519159201662,0.14581514500081547,0.8493223786354065,2923.034606271104,0.935,1260.9520092428768,0.8628799822926521,2660.027105161528,0.9375,1212.4538550412287,0.8774708512425422,2376.9750202543974,0.9425,1115.4575466379304,0.9690788279473781,599.8479081215103,0.97,581.9778504197903,0.9990032562613486,19.33609261465617,1.0,0.0,0.9991066735982895,17.329872633023506,1.0,0.0,0.9991077294945717,17.30938902473772,1.0,0.0,0.9991091233491898,17.282349274257193,1.0,0.0,0.9990974986553193,17.507859752610823,1.0,0.0,0.9990729767084121,17.98356741757782,1.0,0.0,0.9990297561883926,18.822013595412102,1.0,0.0,0.9989243379235268,20.867050101466308,1.0,0.0,1.0,0.0,1.0,0.0,1.0,0.0,1.0,0.0,1.0,0.0,1.0,0.0,1.0,0.0,1.0,0.0
12225,12,千葉県,君津市,15,130.7653935511133,90529.88784307844,5.219960265272545,0.9894086759153913,0.8302228435646145,15369.90693041224,0.9248214285714287,6805.907639631428,0.8428011274642112,14231.196299723346,0.9266071428571429,6644.247125625933,0.8625442819400425,12443.850739357767,0.9342857142857143,5949.106915402302,0.9372240729192604,5683.097637864621,0.9516071428571428,4380.999929548977,0.959210211933823,3692.694938773917,0.9782142857142857,1972.2582708670661,0.9701295260404835,2704.170657374622,0.9846428571428573,1390.280420447276,0.9742343615294834,2332.560360941179,0.9878571428571427,1099.2914952373808,0.9742365541927782,2332.361859379014,0.9878571428571427,1099.2914952373808,0.9785104902700655,1945.4429056537197,0.9878571428571427,1099.2914952373808,0.9827285040036906,1563.5865954280512,0.9878571428571427,1099.2914952373808,0.9835784391154136,1486.6420650898874,0.9887499999999999,1018.461238234632,0.9845429641454081,1399.3237223026442,0.9898214285714285,921.4649298313336,0.9867036553625284,1203.7165887532287,0.990892857142857,824.4686214280352,0.9904535218341542,864.2415976504142,0.9946428571428569,484.9815420164919,0.9978571428571428,193.99261680659677,0.9978571428571428,193.99261680659677,0.9989285714285713,96.99630840329839,0.9989285714285713,96.99630840329839
12226,12,千葉県,富津市,17,149.4461640584152,103462.72896351821,5.176505958933741,0.47410697402920066,0.8373122071143007,16832.123021006093,0.9289062500000002,7355.553387250118,0.8485846365604084,15665.846708463072,0.9289062500000002,7355.553387250118,0.8682759318430908,13628.531561690299,0.9365625000000002,6563.416868623182,0.9469873776030727,5484.830582698625,0.9578125,4364.833878148429,0.9707393311185296,3027.388653774816,0.984921875,1560.0239601530495,0.9804167821924783,2026.1331562531475,0.991484375,881.0498013299607,0.9819808976066998,1864.3055070839062,0.993046875,719.3892873244632,0.9828423024041695,1775.182215995423,0.9939062500000001,630.4760046214398,0.9868400131032102,1361.5681574659945,0.994765625,541.5627219184162,0.9943441642704419,585.168199149445,0.998359375,169.74353970577224,0.9943011631397529,589.6172134790355,0.998359375,169.74353970577224,0.9941946531966095,600.6370228584117,0.998359375,169.74353970577224,0.9961600440653273,397.29232010088845,0.998359375,169.74353970577224,0.9961599739629311,397.29957308612563,0.998359375,169.74353970577224,1.0,0.0,1.0,0.0,1.0,0.0,1.0,0.0
12227,12,千葉県,浦安市,8,123.76010461087509,85680.07242291351,5.472366851874854,69.2764665976975,0.05029533861943011,81370.7641674658,0.05349056603773585,81096.99685085767,0.051067224499189615,81304.62892938577,0.05349056603773585,81096.99685085767,0.05124605194015323,81289.3069812928,0.05349056603773585,81096.99685085767,0.060849056603773585,80466.52084623624,0.060849056603773585,80466.52084623624,0.06715607422140409,79926.13511998506,0.06726415094339622,79916.87509861754,0.06715886868958203,79925.89568974919,0.06726415094339622,79916.87509861754,0.06838489101742798,79820.85000790724,0.06849056603773584,79811.79576451397,0.06715847957809017,79925.92902884999,0.06726415094339622,79916.87509861754,0.06838334999556811,79820.9820427718,0.06849056603773584,79811.79576451397,0.06837818803652276,79821.42431979664,0.06849056603773584,79811.79576451397,0.06959945133272206,79716.78639213085,0.06971698113207547,79706.7164304104,0.08355490460710706,78521.08214488695,0.08367924528301886,78510.42862676972,0.10396226415094341,76772.57810121062,0.10396226415094341,76772.57810121062,0.18160377358490568,70120.24794988442,0.18160377358490568,70120.24794988442,0.29084905660377364,60760.10418896613,0.29084905660377364,60760.10418896613,0.5572641509433962,37933.639611389925,0.5572641509433962,37933.639611389925
12228,12,千葉県,四街道市,3,0.0,0.0,5.037828456484691,0.0729166666666667,0.935,0.0,0.935,0.0,0.9366666666666666,0.0,0.9366666666666666,0.0,0.945,0.0,0.945,0.0,0.9733333333333333,0.0,0.9733333333333333,0.0,0.995,0.0,0.995,0.0,0.9983333333333334,0.0,0.9983333333333334,0.0,0.9983333333333334,0.0,0.9983333333333334,0.0,1.0,0.0,1.0,0.0,1.0,0.0,1.0,0.0,1.0,0.0,1.0,0.0,1.0,0.0,1.0,0.0,1.0,0.0,1.0,0.0,1.0,0.0,1.0,0.0,1.0,0.0,1.0,0.0,1.0,0.0,1.0,0.0,1.0,0.0,1.0,0.0
12229,12,千葉県,袖ケ浦市,19,95.73894884992222,66280.81074225386,5.167261419896295,0.251666814839104,0.8456807013591982,10228.40822708836,0.933658536585366,4397.16598094952,0.8581731582978152,9400.398053034123,0.9348780487804881,4316.335723946773,0.8742321697222752,8335.993756101792,0.9397560975609759,3993.0146959357808,0.9595504862220006,2681.02656733578,0.9635365853658538,2416.8246843821853,0.9807720167516938,1274.4463186362289,0.9862195121951222,913.3819041310601,0.9907420847237839,613.6221302907122,0.9950000000000002,331.4040537112696,0.9930691509284991,459.38229559129724,0.9974390243902441,169.74353970577224,0.9944122264089019,370.36216386214727,0.998780487804878,80.83025700274868,0.9967908036817866,212.70813380225133,1.0,0.0,0.9979252183110251,137.51821245845224,1.0,0.0,0.9978820793294327,140.3774991329911,1.0,0.0,0.99777625533048,147.39159957957003,1.0,0.0,0.9988556326843983,75.84959346503875,1.0,0.0,0.9988555962083545,75.85201112678448,1.0,0.0,1.0,0.0,1.0,0.0,1.0,0.0,1.0,0.0
12230,12,千葉県,八街市,4,46.70192626825475,32332.10280109944,4.862346554909363,19.051076014743888,0.6295747717469931,11976.626559996945,0.9350000000000002,2101.586682071462,0.626961280144751,12061.126239150444,0.9350000000000002,2101.586682071462,0.5991228056699036,12961.202657696991,0.945,1778.2656540604708,0.7136946057202295,9256.85544036285,0.9625,1212.45385504123,0.7093276819423774,9398.047268872931,0.9874999999999999,404.1512850137434,0.686987612992525,10120.348674743202,0.9975000000000002,80.83025700274868,0.6924057484790683,9945.168961202002,1.0,0.0,0.6883380307909102,10076.686827661382,1.0,0.0,0.6635325492732227,10878.700206122025,1.0,0.0,0.633105238955468,11862.479131276625,1.0,0.0,0.624215218834579,12149.912175729049,1.0,0.0,0.6564611269440501,11107.33415981882,1.0,0.0,0.6666186231281608,10778.92094899238,1.0,0.0,0.8063143404573201,6262.26465543267,1.0,0.0,0.8785420760978013,3926.9900816140007,1.0,0.0,0.9607605998311192,1268.6923201137338,1.0,0.0
12231,12,千葉県,印西市,19,228.83943871444828,158427.30372538723,4.984695718766519,10.735493866849918,0.7180036925294968,44675.91465306709,0.9350000000000002,10297.774742150163,0.7256099875282249,43470.86984507871,0.9350000000000002,10297.774742150163,0.7257443847364689,43449.577657748385,0.9456122448979593,8616.505396493007,0.8549673611450967,22977.129925960133,0.962857142857143,5884.442709800103,0.8650441756516776,21380.687373541692,0.986938775510204,2069.254579270366,0.8641518981548677,21522.048491536116,0.9958163265306123,662.8081074225391,0.8669938354159121,21071.80803391214,0.9989795918367348,161.66051400549736,0.8657628676844213,21266.826932585165,1.0,0.0,0.8499994475103331,23764.183088256377,1.0,0.0,0.8410919314993152,25175.376832772654,1.0,0.0,0.8400786250471066,25335.91224184358,1.0,0.0,0.8411238446379228,25170.32092026962,1.0,0.0,0.8508748338462746,23625.49799133508,1.0,0.0,0.8897634613574767,17464.477589154423,1.0,0.0,0.897485112003526,16241.157296991456,1.0,0.0,0.9344353852223377,10387.225139018725,1.0,0.0
12232,12,千葉県,白井市,8,79.39327465603309,54964.57476186905,5.055875545461431,0.2035264512962276,0.845840288584723,8473.32298335314,0.9314705882352942,3766.689976328082,0.8595939129590988,7717.3608681811065,0.9345588235294117,3596.9464366223115,0.8731013472904177,6974.930484036289,0.9376470588235295,3427.2028969165412,0.9644222488648752,1955.5159621257405,0.965441176470588,1899.511039564594,0.9888561974378192,612.5143690604857,0.9898529411764706,557.7287733189659,0.9920478500688776,437.08653940676027,0.9929411764705881,387.98523361319366,0.9936665530239834,348.1152198135936,0.9945588235294116,299.07195091017013,0.9955797115844837,242.95927308365887,0.9964705882352941,193.99261680659683,0.9955680868906134,243.59821943898987,0.9964705882352941,193.99261680659683,0.9974553296495886,139.86672371949405,0.9983823529411765,88.91328270302355,0.9974121091295691,142.24232122335786,0.9983823529411765,88.91328270302355,0.9989243379235266,59.12330862082121,1.0,0.0,1.0,0.0,1.0,0.0,1.0,0.0,1.0,0.0,1.0,0.0,1.0,0.0,1.0,0.0,1.0,0.0
12233,12,千葉県,富里市,1,23.350963134127376,16166.05140054972,4.761512229506877,15.368983678766526,0.6494954685866833,5666.274270953272,0.9350000000000002,1050.793341035731,0.6500616421923041,5657.121479343172,0.9350000000000002,1050.793341035731,0.6182917101308704,6170.715834040282,0.9350000000000002,1050.793341035731,0.7649957380257547,3799.0909784239016,0.955,727.4723130247381,0.7648968157498165,3800.6901610213763,0.97,484.981542016492,0.7619864427670836,3847.739400255009,0.99,161.66051400549736,0.7609991395100951,3863.7001954554153,1.0,0.0,0.7647185104712844,3803.5726533191178,1.0,0.0,0.7387656097486616,4223.128580394402,1.0,0.0,0.7017298955842852,4821.849839231777,1.0,0.0,0.6980565029010176,4881.234094163885,1.0,0.0,0.7196657839044928,4531.897346732781,1.0,0.0,0.7269018705934286,4414.918397380613,1.0,0.0,0.8519329543411732,2393.659470848136,1.0,0.0,0.8998395363241434,1619.1992040867915,1.0,0.0,0.9665957061946392,540.0155306565274,1.0,0.0
12234,12,千葉県,南房総市,6,23.350963134127376,16166.05140054972,5.02591406664538,0.6047515841876155,0.834555528908968,2674.5838235943856,0.9350000000000002,1050.793341035731,0.8458284789696335,2492.3447334778366,0.9350000000000002,1050.793341035731,0.8733509104885161,2047.4156908754712,0.95,808.3025700274868,0.9449047949630766,890.6719165507285,0.965,565.8117990192408,0.9648805009946227,567.7436260824835,0.99,161.66051400549736,0.9748977227136492,405.8047048819976,0.9950000000000001,80.83025700274868,0.9798995196260512,324.94539890099793,1.0,0.0,0.9799018081463875,324.90840256361116,1.0,0.0,0.9846912010898814,247.4828300616569,1.0,0.0,0.9894206982618199,171.02553568134653,1.0,0.0,0.9893778120493516,171.71883639648192,1.0,0.0,0.9892701879935338,173.45869241476578,1.0,0.0,0.9953080940060318,75.84959346503875,1.0,0.0,0.9953079444542527,75.85201112678448,1.0,0.0,1.0,0.0,1.0,0.0,1.0,0.0,1.0,0.0
12235,12,千葉県,匝瑳市,4,70.05288940238214,48498.15420164916,4.810665488397397,23.09036186295484,0.578223486598581,20455.382385575962,0.935,3152.3800231071928,0.5796517019594708,20386.11657677036,0.935,3152.3800231071928,0.5559797856584191,21534.1608237873,0.9466666666666665,2586.568224087958,0.70142037990503,14480.560456835674,0.9666666666666666,1616.6051400549736,0.7021029604893799,14447.45655840083,0.9899999999999999,484.9815420164921,0.6769689967405671,15666.407407989409,0.9966666666666666,161.66051400549736,0.6786168614697331,15586.48901025085,1.0,0.0,0.6823357727797701,15406.128676074422,1.0,0.0,0.6532963724077369,16814.48599324072,1.0,0.0,0.6208356694333875,18388.770171584645,1.0,0.0,0.6155302415539821,18646.073630985782,1.0,0.0,0.6287604091657946,18004.43492203443,1.0,0.0,0.6263169021438807,18122.940502376026,1.0,0.0,0.7460573166515677,12315.75141541283,1.0,0.0,0.8116003546118735,9137.035053569374,1.0,0.0,0.912490744208917,4244.0373814275035,1.0,0.0
12236,12,千葉県,香取市,19,126.09520092428781,87296.6775629685,4.752491130934198,28.944729130322596,0.5216969618987706,41754.26609451126,0.9350000000000003,5674.284041592947,0.5264550433597632,41338.901391392654,0.9377777777777779,5431.793270584704,0.5080875737213151,42942.320466067875,0.9459259259259262,4720.487008960523,0.6827358760643337,27696.10392950954,0.9694444444444446,2667.398481090706,0.6770623109193037,28191.38731660772,0.9894444444444446,921.464929831335,0.6503079125000579,30526.957408803824,0.9959259259259261,355.65313081209416,0.6509054165623255,30474.79728933748,0.9977777777777779,193.99261680659683,0.6457486269197048,30924.967892029388,0.9981481481481483,161.66051400549736,0.6100009635390922,34045.62013579627,0.9990740740740742,80.83025700274868,0.5803437897535387,36634.59287318265,1.0,0.0,0.5680911643096005,37704.20636586195,1.0,0.0,0.5676878255552233,37739.41649905147,1.0,0.0,0.569947356366794,37542.16696635019,1.0,0.0,0.6793614793913785,27990.677547838066,1.0,0.0,0.7244748247062994,24052.432388094552,1.0,0.0,0.8437518637834324,13639.943167112486,1.0,0.0
12237,12,千葉県,山武市,8,116.75481567063687,80830.2570027486,4.845221838368304,15.3475305069061,0.6494954685866834,28331.37135476636,0.9350000000000002,5253.966705178655,0.6535701985433697,28002.009885150594,0.9400000000000001,4849.815420164917,0.6282043932601811,30052.334445272427,0.9500000000000001,4041.512850137434,0.7758593273125589,18117.348178094817,0.9740000000000001,2101.586682071466,0.7782491901544853,17924.17495038058,0.9920000000000001,646.6420560219894,0.7618821510002017,19247.12693159538,0.9970000000000001,242.49077100824604,0.7600914278253914,19391.871546036084,0.9990000000000002,80.83025700274868,0.7638105229958893,19091.25612758706,0.9990000000000002,80.83025700274868,0.7378586877062917,21188.949643738222,0.9990000000000002,80.83025700274868,0.7017298955842852,24109.249196158886,1.0,0.0,0.6980565029010176,24406.170470819423,1.0,0.0,0.7196657839044929,22659.486733663907,1.0,0.0,0.7269018705934286,22074.591986903066,1.0,0.0,0.8519329543411732,11968.29735424068,1.0,0.0,0.8998395363241435,8095.996020433958,1.0,0.0,0.9665957061946393,2700.077653282637,1.0,0.0
12238,12,千葉県,いすみ市,5,46.70192626825475,32332.10280109944,4.857656229572217,0.4823099178215491,0.8387850532121957,5212.418232617067,0.9350000000000002,2101.586682071462,0.8500672117993235,4847.642321359741,0.9350000000000002,2101.586682071462,0.8783734230324626,3932.442989860254,0.9525,1535.7748830522248,0.9526467539090663,1531.0300205778276,0.9674999999999999,1050.7933410357327,0.9680023181065917,1034.5523403745551,0.9874999999999999,404.1512850137434,0.9823477604612707,570.734023435826,0.9975000000000002,80.83025700274868,0.9823495573736727,570.6759254793204,0.9975000000000002,80.83025700274868,0.9823518458940088,570.6019328045505,0.9975000000000002,80.83025700274868,0.989640049263835,334.9589922160134,1.0,0.0,0.9943671672791241,182.12132659275238,1.0,0.0,0.9943242810666562,183.5079280230196,1.0,0.0,0.9942171992920339,186.9701069682308,1.0,0.0,0.9953080940060318,151.6991869300775,1.0,0.0,0.9953079444542527,151.70402225356895,1.0,0.0,1.0,0.0,1.0,0.0,1.0,0.0,1.0,0.0
12239,12,千葉県,大網白里市,9,84.06346728285854,58197.78504197899,4.861242768616193,0.17417226911418973,0.8493223786354067,8769.103818813315,0.9350000000000003,3782.856027728631,0.8632830724120142,7956.622363365415,0.9377777777777779,3621.1955137231375,0.8841934089859327,6739.687090281068,0.9500000000000002,2909.889252098952,0.9668282280531196,1930.5236532261006,0.9672222222222223,1907.5940652648687,0.9794595470031104,1195.4088681778626,0.9800000000000002,1163.955700839581,0.9913766140573554,501.8619614240492,0.9919444444444445,468.8154906159423,0.9970905924174521,169.32107708862634,0.9977777777777781,129.32841120439787,0.9991091233491898,51.84704782277159,1.0,0.0,0.9990974986553193,52.52357925783248,1.0,0.0,0.9990729767084123,53.95070225273348,1.0,0.0,0.9990297561883928,56.46604078623632,1.0,0.0,0.9989243379235269,62.60115030439893,1.0,0.0,1.0,0.0,1.0,0.0,1.0,0.0,1.0,0.0,1.0,0.0,1.0,0.0,1.0,0.0,1.0,0.0
12322,12,千葉県,酒々井町,4,30.356252074365585,21015.866820714637,4.854817698795459,11.845871862411643,0.6956093709056195,6397.032922521048,0.9350000000000002,1366.03134334645,0.6987367368374879,6331.30861659726,0.9350000000000002,1366.03134334645,0.6809359248039814,6705.408111594007,0.94,1260.9520092428793,0.8199282557202073,3784.3637959579055,0.97,630.4760046214396,0.8301395809901162,3569.7639440225034,0.9950000000000001,105.07933410357327,0.813730494053318,3914.6151297357833,0.9950000000000001,105.07933410357327,0.8109472756603591,3973.1068768151727,0.9950000000000001,105.07933410357327,0.8188086519046471,3807.893240637682,1.0,0.0,0.7988421994963518,4227.505545332555,1.0,0.0,0.7703475296898531,4826.345731086171,1.0,0.0,0.767511869044258,4885.939597562738,1.0,0.0,0.7841100656011929,4537.114109258148,1.0,0.0,0.7899245158410989,4414.918397380613,1.0,0.0,0.8861022725701333,2393.659470848136,1.0,0.0,0.9229534894801105,1619.1992040867915,1.0,0.0,0.9743043893804918,540.0155306565274,1.0,0.0
12329,12,千葉県,栄町,7,93.4038525365095,64664.20560219888,4.967592250151768,27.339435476858522,0.5169462484981341,31236.287104030143,0.9312500000000001,4445.66413515117,0.5239208510503522,30785.27997059989,0.9337500000000001,4284.003621145674,0.4936239801006741,32744.403062793164,0.94125,3799.022079129184,0.6922546953765414,19900.105651282658,0.965,2263.247196076963,0.6853266092472405,20348.104837177514,0.98875,727.4723130247381,0.6674852572568851,21501.80169050304,0.99625,242.49077100824604,0.6681178086857472,21460.898254853153,0.9975000000000002,161.66051400549736,0.6624759335956697,21825.72562565985,0.9987499999999999,80.83025700274868,0.6238057628764,24326.301495722833,0.9987499999999999,80.83025700274868,0.5997086489713911,25884.522223695934,0.9987499999999999,80.83025700274868,0.5934824597814805,26287.133801590502,0.9975000000000002,161.66051400549736,0.5941460491174438,26244.223324334336,0.9975000000000002,161.66051400549736,0.6116558614047244,25111.96522253372,0.9987499999999999,80.83025700274868,0.7074909568717703,18914.864905346305,0.9949999999999999,323.3210280109947,0.7369738146802411,17008.37932627896,0.9987499999999999,80.83025700274868,0.83573735460639,10621.913474493487,0.9987499999999999,80.83025700274868
12342,12,千葉県,神崎町,5,23.350963134127376,16166.05140054972,4.630232817006266,31.23034202100709,0.49548692855983967,8155.984245150844,0.9350000000000002,1050.793341035731,0.4974475858733058,8124.288158242487,0.9350000000000002,1050.793341035731,0.48978385483846065,8248.18042807178,0.96,646.6420560219894,0.6635382881388068,5439.257328264999,0.9750000000000001,404.1512850137434,0.6541448398120702,5591.112296743431,0.9950000000000001,80.83025700274868,0.6253302510967478,6056.9304190010325,1.0,0.0,0.6247130554541945,6066.908035482744,1.0,0.0,0.6187436111317948,6163.410379231378,1.0,0.0,0.579873240729794,6791.79078510853,1.0,0.0,0.5468454547971487,7325.719670142025,1.0,0.0,0.533616076959297,7539.58647226603,1.0,0.0,0.533188904565759,7546.492163136862,1.0,0.0,0.5355431448761374,7508.433393270037,1.0,0.0,0.6537103977426887,5598.135509567614,1.0,0.0,0.7024328106828034,4810.486477618911,1.0,0.0,0.831252012886107,2727.988633422497,1.0,0.0
12349,12,千葉県,東庄町,5,70.05288940238214,48498.15420164916,4.632286132322536,37.088153383943926,0.4362220568345704,27342.189623125603,0.8633333333333333,6628.081074225384,0.43792022383577806,27259.83165804088,0.8649999999999999,6547.250817222637,0.4136603965311466,28436.388503566275,0.8749999999999999,6062.269275206147,0.5642626750846587,21132.455975158326,0.9016666666666665,4768.985163162169,0.5529802504567002,21679.63274453354,0.9149999999999999,4122.343107140179,0.5270201125520786,22938.65151572796,0.9216666666666666,3799.022079129184,0.5280326992813691,22889.542928388284,0.9233333333333332,3718.1918221264355,0.5289590302417247,22844.617586631182,0.9249999999999998,3637.361565123687,0.4966420959197178,24411.92925070445,0.9249999999999998,3637.361565123687,0.46026611710170984,26176.097080656127,0.9216666666666666,3799.022079129184,0.44846333882121436,26748.51004171147,0.9199999999999999,3879.852336131933,0.4446939822127266,26931.316879750913,0.9099999999999999,4364.833878148424,0.44945161650325943,26700.580398293598,0.9033333333333332,4688.15490615942,0.5759882315409292,20563.788130041976,0.9033333333333332,4688.15490615942,0.650456243349666,16952.227010251623,0.9099999999999999,4364.833878148424,0.8148601548622051,8978.94075836222,0.9466666666666665,2586.568224087956
12403,12,千葉県,九十九里町,2,23.350963134127376,16166.05140054972,4.913129838066346,58.98102701220661,0.06516691327095031,15112.559730996372,0.075,14953.597545508492,0.06657931476831436,15089.726775791773,0.075,14953.597545508492,0.06781945317983627,15069.678634487313,0.075,14953.597545508492,0.075,14953.597545508492,0.075,14953.597545508492,0.075,14953.597545508492,0.075,14953.597545508492,0.075,14953.597545508492,0.075,14953.597545508492,0.075,14953.597545508492,0.075,14953.597545508492,0.075,14953.597545508492,0.075,14953.597545508492,0.075,14953.597545508492,0.075,14953.597545508492,0.075,14953.597545508492,0.075,14953.597545508492,0.08,14872.767288505744,0.08,14872.767288505744,0.12,14226.125232483755,0.12,14226.125232483755,0.175,13336.992405453519,0.175,13336.992405453519,0.31,11154.575466379307,0.31,11154.575466379307,0.48,8406.346728285855,0.48,8406.346728285855,0.745,4122.343107140179,0.745,4122.343107140179
12409,12,千葉県,芝山町,1,0.0,0.0,4.7584812274930135,0.09312500000000004,0.935,0.0,0.935,0.0,0.935,0.0,0.935,0.0,0.94,0.0,0.94,0.0,0.965,0.0,0.965,0.0,0.985,0.0,0.985,0.0,0.995,0.0,0.995,0.0,1.0,0.0,1.0,0.0,1.0,0.0,1.0,0.0,1.0,0.0,1.0,0.0,1.0,0.0,1.0,0.0,1.0,0.0,1.0,0.0,1.0,0.0,1.0,0.0,1.0,0.0,1.0,0.0,1.0,0.0,1.0,0.0,1.0,0.0,1.0,0.0,1.0,0.0,1.0,0.0
12410,12,千葉県,横芝光町,5,0.0,0.0,4.758106267669005,0.08225000000000003,0.9350000000000002,0.0,0.905,0.0,0.9359999999999999,0.0,0.9120000000000001,0.0,0.9490000000000001,0.0,0.924,0.0,0.968,0.0,0.95,0.0,0.991,0.0,0.969,0.0,0.9959999999999999,0.0,0.962,0.0,0.998,0.0,0.968,0.0,1.0,0.0,0.97,0.0,1.0,0.0,0.966,0.0,1.0,0.0,0.974,0.0,1.0,0.0,0.974,0.0,1.0,0.0,0.978,0.0,1.0,0.0,0.974,0.0,1.0,0.0,0.984,0.0,1.0,0.0,0.9960000000000001,0.0,1.0,0.0,1.0,0.0
12421,12,千葉県,一宮町,3,46.70192626825475,32332.10280109944,4.739493018773252,0.47559879404958355,0.8387850532121957,5212.418232617067,0.9350000000000002,2101.586682071462,0.8500672117993235,4847.642321359741,0.9350000000000002,2101.586682071462,0.8735359774157404,4088.847778834839,0.9474999999999999,1697.4353970577222,0.9499093475658447,1619.5361238752523,0.965,1131.6235980384815,0.9698305387422442,975.4421228395463,0.9900000000000001,323.3210280109947,0.9848477604612708,489.90376643307735,1.0,0.0,0.9848495573736727,489.8456684765718,1.0,0.0,0.9848518458940089,489.7716758018018,1.0,0.0,0.989640049263835,334.9589922160134,1.0,0.0,0.9943671672791241,182.12132659275238,1.0,0.0,0.9943242810666562,183.5079280230196,1.0,0.0,0.9942171992920339,186.9701069682308,1.0,0.0,0.9953080940060318,151.6991869300775,1.0,0.0,0.9953079444542527,151.70402225356895,1.0,0.0,1.0,0.0,1.0,0.0,1.0,0.0,1.0,0.0
12423,12,千葉県,長生村,2,0.0,0.0,5.099764654234192,0.08843750000000003,0.935,0.0,0.935,0.0,0.935,0.0,0.935,0.0,0.9475,0.0,0.9475,0.0,0.9675,0.0,0.9675,0.0,0.99,0.0,0.99,0.0,0.9924999999999999,0.0,0.9924999999999999,0.0,0.9975,0.0,0.9975,0.0,1.0,0.0,1.0,0.0,1.0,0.0,1.0,0.0,1.0,0.0,1.0,0.0,1.0,0.0,1.0,0.0,1.0,0.0,1.0,0.0,1.0,0.0,1.0,0.0,1.0,0.0,1.0,0.0,1.0,0.0,1.0,0.0,1.0,0.0,1.0,0.0
12424,12,千葉県,白子町,1,23.350963134127376,16166.05140054972,5.036097437142021,7.788672783896329,0.680145083963871,5170.791013358577,0.7500000000000001,4041.51285013743,0.689207713007927,5024.284086408254,0.7500000000000001,4041.51285013743,0.7015496125817299,4824.7643035177325,0.755,3960.6825931346816,0.7793162342905998,3567.5850997250354,0.7799999999999999,3556.5313081209383,0.7940032562613486,3330.1539476249054,0.795,3314.040537112692,0.8041066735982895,3166.8215836347163,0.805,3152.3800231071946,0.8091077294945717,3085.974256958396,0.81,3071.549766104446,0.8091091233491896,3085.9517238329954,0.81,3071.549766104446,0.8090974986553192,3086.1396492316217,0.81,3071.549766104446,0.8090729767084122,3086.5360722857627,0.81,3071.549766104446,0.8140297561883928,3006.4045204312074,0.815,2990.7195091016993,0.8439243379235268,2523.1271755030957,0.845,2505.737967085207,0.895,1697.4353970577204,0.895,1697.4353970577204,0.94,969.963084032984,0.94,969.963084032984,0.965,565.8117990192408,0.965,565.8117990192408,0.99,161.66051400549736,0.99,161.66051400549736
12426,12,千葉県,長柄町,1,23.350963134127376,16166.05140054972,5.032715458767396,0.15326319597661492,0.8493223786354065,2435.8621718925874,0.9350000000000002,1050.793341035731,0.860987052321434,2247.2904575136267,0.9350000000000002,1050.793341035731,0.8848451298475266,1861.5995499085154,0.95,808.3025700274868,0.9694252640008927,494.2727537198068,0.97,484.981542016492,0.9940032562613488,96.94366751496037,0.9950000000000001,80.83025700274868,0.9941066735982895,95.27181753026827,0.9950000000000001,80.83025700274868,0.9991077294945717,14.424490853948104,1.0,0.0,0.9991091233491898,14.401957728547664,1.0,0.0,0.9990974986553193,14.58988312717569,1.0,0.0,0.9990729767084122,14.986306181314855,1.0,0.0,0.9990297561883926,15.68501132951009,1.0,0.0,0.9989243379235268,17.389208417888593,1.0,0.0,1.0,0.0,1.0,0.0,1.0,0.0,1.0,0.0,1.0,0.0,1.0,0.0,1.0,0.0,1.0,0.0
12427,12,千葉県,長南町,1,23.350963134127376,16166.05140054972,4.938483369252802,0.4602194355195389,0.8387850532121957,2606.2091163085333,0.9350000000000002,1050.793341035731,0.8500672117993235,2423.8211606798704,0.9350000000000002,1050.793341035731,0.8811052371188999,1922.0588479920357,0.955,727.4723130247381,0.9599638624209911,647.2262579817385,0.9750000000000001,404.1512850137434,0.9748305387422441,406.8908044170245,0.9950000000000001,80.83025700274868,0.9848477604612708,244.95188321653868,1.0,0.0,0.9848495573736727,244.9228342382859,1.0,0.0,0.9848518458940089,244.8858379009009,1.0,0.0,0.989640049263835,167.4794961080067,1.0,0.0,0.9943671672791241,91.06066329637619,1.0,0.0,0.9943242810666562,91.7539640115098,1.0,0.0,0.9942171992920339,93.4850534841154,1.0,0.0,0.9953080940060318,75.84959346503875,1.0,0.0,0.9953079444542527,75.85201112678448,1.0,0.0,1.0,0.0,1.0,0.0,1.0,0.0,1.0,0.0
12441,12,千葉県,大多喜町,3,23.350963134127376,16166.05140054972,4.780149763846154,0.46852842667605743,0.8387850532121957,2606.2091163085333,0.9350000000000002,1050.793341035731,0.8500672117993235,2423.8211606798704,0.9350000000000002,1050.793341035731,0.8758326534554361,2007.2957065092871,0.95,808.3025700274868,0.9448548327106983,891.4796088907651,0.96,646.6420560219894,0.9798305387422442,326.06054741427585,1.0,0.0,0.9848477604612708,244.95188321653868,1.0,0.0,0.9848495573736727,244.9228342382859,1.0,0.0,0.9848518458940089,244.8858379009009,1.0,0.0,0.989640049263835,167.4794961080067,1.0,0.0,0.9943671672791241,91.06066329637619,1.0,0.0,0.9943242810666562,91.7539640115098,1.0,0.0,0.9942171992920339,93.4850534841154,1.0,0.0,0.9953080940060318,75.84959346503875,1.0,0.0,0.9953079444542527,75.85201112678448,1.0,0.0,1.0,0.0,1.0,0.0,1.0,0.0,1.0,0.0
12443,12,千葉県,御宿町,3,46.70192626825475,32332.10280109944,4.6256962134056705,4.856998238527086,0.7613100276171463,7717.348724674013,0.875,4041.51285013743,0.7716996589826886,7381.430095297773,0.8775,3960.6825931346816,0.7899830063211265,6790.291029603186,0.8825000000000001,3799.022079129184,0.8599002495221794,4529.719534857278,0.9050000000000001,3071.549766104446,0.8898782094898343,3560.4690514158137,0.94,1939.926168065968,0.8948998263842077,3398.109617759195,0.94,1939.926168065968,0.8949016232966095,3398.051519802693,0.94,1939.926168065968,0.8949039118169457,3397.9775271279213,0.94,1939.926168065968,0.8996921151867718,3243.164843542135,0.94,1939.926168065968,0.9094106682451094,2928.943586982028,0.94,1939.926168065968,0.9093677820326411,2930.330188412299,0.94,1939.926168065968,0.9242518664128145,2449.0964421322883,0.95,1616.6051400549736,0.9278384233399993,2333.1355148605617,0.95,1616.6051400549736,0.947829487498675,1686.7823733788828,0.965,1131.6235980384815,0.9750000000000001,808.3025700274868,0.9750000000000001,808.3025700274868,0.9850000000000001,484.981542016492,0.9850000000000001,484.981542016492
12463,12,千葉県,鋸南町,3,46.70192626825475,32332.10280109944,5.016609022241583,0.5926755644683726,0.834555528908968,5349.167647188771,0.9350000000000002,2101.586682071462,0.8458284789696335,4984.689466955673,0.9350000000000002,2101.586682071462,0.8743617757596075,4062.1479818879525,0.9525,1535.774883052225,0.9571673886198551,1384.8683943823896,0.9775,727.472313024738,0.9673805009946228,1054.6569951622182,0.9925,242.49077100824604,0.9773977227136492,730.7791527612466,0.9975000000000002,80.83025700274868,0.9773995196260511,730.7210548047445,0.9975000000000002,80.83025700274868,0.9799018081463875,649.8168051272223,1.0,0.0,0.9846912010898814,494.9656601233138,1.0,0.0,0.9894206982618199,342.05107136269305,1.0,0.0,0.9893778120493516,343.43767279296384,1.0,0.0,0.9892701879935338,346.91738482953156,1.0,0.0,0.9953080940060318,151.6991869300775,1.0,0.0,0.9953079444542527,151.70402225356895,1.0,0.0,1.0,0.0,1.0,0.0,1.0,0.0,1.0,0.0
13101,13,東京都,千代田区,10,144.14902564682365,99795.47929395484,5.244174324333242,0.887647111156947,0.7871793655572973,21238.537217853063,0.8697058823529412,13002.763919771172,0.7945167511648125,20506.299304386528,0.8710294117647059,12870.681667764467,0.8117578509308847,18785.71548967647,0.8805882352941177,11916.754292160487,0.9031537068605094,9664.822241698308,0.9082352941176471,9157.702805798204,0.9267909003561362,7305.9371876382775,0.9364705882352942,6339.948096321841,0.934412696908009,6545.316347663129,0.9441176470588234,5576.806195838657,0.9357373303380413,6413.123919624272,0.9454411764705882,5444.723943831952,0.9448562469495023,5503.097265741908,0.9545588235294118,4534.823985563538,0.9530490603538996,4685.491525284129,0.9627941176470589,3712.9788619662622,0.9739578359535732,2598.890242864972,0.9792647058823529,2069.2886147717113,0.9853450735357097,1462.4954105215133,0.990735294117647,924.5757640469343,0.9918655143941151,811.7848898490711,0.9929411764705883,704.4386773690926,0.9977941176470589,220.13708667784172,0.9977941176470589,220.13708667784172,1.0,0.0,1.0,0.0,1.0,0.0,1.0,0.0,1.0,0.0,1.0,0.0
13102,13,東京都,中央区,4,139.9093484219171,96860.31813825028,5.305089322395663,0.34358248329517327,0.8534702308595489,14192.920055668455,0.9140909090909091,8321.181876422408,0.8618669099486854,13379.615047789906,0.9156060606060604,8174.423818637179,0.8754961263017839,12059.484815853739,0.9225757575757575,7499.336752825135,0.9514277337265737,4704.725163939874,0.9518181818181818,4666.906237570244,0.9666000897053517,3235.1259369286618,0.967121212121212,3184.649853939444,0.9781828318852367,2113.2178444716665,0.9786363636363636,2069.2886147717127,0.9805692747777158,1882.0662266873665,0.981060606060606,1834.4757223153479,0.9854396920312535,1410.3160620436897,0.986060606060606,1350.174131624096,0.9854315899718892,1411.10083009129,0.986060606060606,1350.174131624096,0.9923841958876812,737.6692091977902,0.9930303030303029,675.087065812048,0.9923540724949403,740.5869706020799,0.9930303030303029,675.087065812048,0.9992502961285188,72.61655550116201,1.0,0.0,1.0,0.0,1.0,0.0,1.0,0.0,1.0,0.0,1.0,0.0,1.0,0.0,1.0,0.0,1.0,0.0
13103,13,東京都,港区,5,152.62838009663682,105665.80160536394,5.239434551529237,11.042699131736713,0.7994702848876554,21189.13309304116,0.8020833333333335,20913.02323439494,0.7997810034126118,21156.300771028007,0.8020833333333335,20913.02323439494,0.8040120359265216,20709.22532882737,0.8059722222222222,20502.100672596313,0.8413409942222967,16764.8310274111,0.8413888888888889,16759.770199073006,0.8590836046884458,14890.043869933732,0.8591666666666666,14881.267059422089,0.8620088894665242,14580.941308934109,0.8620833333333334,14573.075138073109,0.8653423107912143,14228.712672572306,0.8654166666666667,14220.855799388562,0.8668702047235437,14067.26653544476,0.8669444444444444,14059.421935824814,0.8674247915546099,14008.665673380357,0.8674999999999999,14000.718712710723,0.866589414725701,14096.936435649564,0.8666666666666668,14088.773547381857,0.8645024796823662,14317.454099901879,0.8645833333333334,14308.910634059699,0.8674103614936273,14010.190437341309,0.8674999999999999,14000.718712710723,0.8629166666666668,14485.020303401972,0.8629166666666668,14485.020303401972,0.8708333333333335,13648.499374026174,0.8708333333333335,13648.499374026174,0.8825,12415.731688630261,0.8825,12415.731688630261,0.91125,9377.83989247605,0.91125,9377.83989247605
13104,13,東京都,新宿区,11,377.33127301668554,261229.3428577053,5.224888903251036,0.5308314251179079,0.8316241974980267,43984.700240729224,0.8885955056179774,29102.122858810653,0.836818794004726,42627.71920887321,0.890449438202247,28617.8212681194,0.8503030294474822,39105.24124522343,0.8980337078651685,26636.587488018835,0.9256187446692727,19430.566450977047,0.9291573033707864,18506.19108671721,0.9485300168352137,13445.469879034232,0.9556179775280897,11593.886565032992,0.9506193821842707,12899.666341910406,0.957640449438202,11065.557557006174,0.9541596418978081,11974.846623397467,0.9611797752808986,10140.98179295924,0.961688653624857,10008.04783757247,0.968707865168539,8174.4238186371895,0.9687573088328821,8161.507682692349,0.9758426966292132,6310.5964847647965,0.9863662265033952,3561.5416911888374,0.9902247191011233,2553.5902054629646,0.9961128555968655,1015.4361780238329,1.0,0.0,0.9992869206459333,186.2772510681982,1.0,0.0,1.0,0.0,1.0,0.0,1.0,0.0,1.0,0.0,1.0,0.0,1.0,0.0,1.0,0.0,1.0,0.0
13105,13,東京都,文京区,2,84.79354449813157,58703.22311409108,5.226968054840868,0.4156356671254618,0.8595362904854119,8245.672479067744,0.9025,5723.564253623879,0.8667755830287933,7820.702673705445,0.9075,5430.048138053424,0.8813091948628425,6967.532815557662,0.9175,4843.015906912516,0.9401858301414177,3511.284558592501,0.9475000000000001,3081.919213489781,0.95275987949688,2773.147333831211,0.9624999999999999,2201.3708667784176,0.9550804292829707,2636.9235819909627,0.965,2054.6128089931894,0.9625809572311117,2196.61841637776,0.9724999999999999,1614.3386356375063,0.9725816541584209,1609.5452733575323,0.9824999999999999,1027.3064044965947,0.9773671234212815,1328.6228035141944,0.985,880.548346711367,0.9920897810067981,464.3553504392508,0.995,293.51611557045567,0.9970681707467883,172.1078267837005,1.0,0.0,0.9994621689617634,31.57241543528783,1.0,0.0,1.0,0.0,1.0,0.0,1.0,0.0,1.0,0.0,1.0,0.0,1.0,0.0,1.0,0.0,1.0,0.0
13106,13,東京都,台東区,2,12.719031674719734,8805.483467113661,5.289288880860095,0.5892984606766563,0.802845812839314,1736.037935515653,0.89,968.6031813825026,0.8089980592303709,1681.8644316335915,0.89,968.6031813825026,0.8300582384043174,1496.4193721029549,0.905,836.5209293757976,0.9239412822853774,669.7337813659741,0.93,616.3838426979559,0.9442109056282788,491.2499481354348,0.955,396.24675602011513,0.9443143229652197,490.3393084847891,0.955,396.24675602011513,0.9493153788615019,446.302593471965,0.96,352.21933868454676,0.9593167727161199,358.2354852370334,0.97,264.16450401341007,0.9693118726462125,270.2237980504539,0.9800000000000001,176.10966934227338,0.9841795620135962,139.30660513177523,0.99,88.05483467113669,0.9941363414935767,51.63234803511014,1.0,0.0,0.9989243379235266,9.47172463058635,1.0,0.0,1.0,0.0,1.0,0.0,1.0,0.0,1.0,0.0,1.0,0.0,1.0,0.0,1.0,0.0,1.0,0.0
13107,13,東京都,墨田区,3,84.79354449813157,58703.22311409108,5.399013383431875,7.68459801619076,0.7356548282844051,15517.913594353287,0.8350000000000001,9686.03181382503,0.720004339254565,16436.64774371663,0.8175,10713.338218321625,0.7213914562407899,16355.219505788917,0.815,10860.096276106853,0.914370862379037,5026.706370830596,0.92,4696.257849127284,0.9369548386180031,3700.954174871239,0.9424999999999999,3375.4353290602403,0.9493214006566632,2974.9971243615328,0.955,2641.645040134101,0.9591078427278626,2400.5014319627876,0.965,2054.6128089931894,0.9741092365824806,1519.871261492788,0.98,1174.0644622818227,0.9790977108547212,1227.0317432905395,0.99,587.0322311409113,0.9890731889078144,641.4390294701047,1.0,0.0,0.9890299683877948,643.9762132999155,1.0,0.0,0.9939244508185947,356.65431913666185,1.0,0.0,0.965000307067512,2054.5947831405165,0.98,1174.0644622818227,0.9300004148087101,4109.201267378117,0.95,2935.1611557045567,0.8600006501608823,8218.413069433414,0.89,6457.354542550018,0.8400007172768528,9392.47359179145,0.8749999999999999,7337.902889261385
13108,13,東京都,江東区,17,457.8851402899105,316997.4048160918,5.441053032913564,24.113227581899054,0.545563727392341,144055.11907092592,0.5812037037037037,132757.33907251697,0.5509567397749574,142345.54814149553,0.5824999999999999,132346.41651071835,0.5474798119785096,143447.7252297023,0.5753703703703703,134606.49060061082,0.6945541912124111,96825.52869761785,0.694861111111111,96728.23588624358,0.7183991109607396,89266.75101934979,0.7189351851851851,89096.81688141171,0.7135214952462248,90812.94254254112,0.714074074074074,90637.77648815664,0.7049571383275365,93527.82145968401,0.7055092592592591,93352.80055718333,0.700007934084645,95096.7063605855,0.7006018518518518,94908.43596970677,0.6964816657702128,96214.52426494572,0.6970833333333334,96023.79720887449,0.6946597622500525,96792.0629526618,0.6952777777777777,96596.15363423686,0.680297724753618,101344.7915669029,0.6809722222222221,101130.9776198004,0.6997786885003249,95169.37661588051,0.7005555555555555,94923.11177548527,0.6592129629629628,108028.6063357061,0.6592129629629628,108028.6063357061,0.6953703703703703,96566.80202267983,0.6953703703703703,96566.80202267983,0.7536574074074074,78089.96254751965,0.7536574074074074,78089.96254751965,0.8637962962962962,43176.22060041399,0.8637962962962962,43176.22060041399
13109,13,東京都,品川区,11,356.1328868921526,246553.53707918254,5.371528977974856,0.14574066868140587,0.8895636648507343,27228.46905311345,0.9310714285714284,16994.583091529355,0.8965372696696291,25509.102118822517,0.9326190476190477,16613.01214128777,0.9108246378174847,21986.50096641625,0.9422619047619047,14235.531605167096,0.9664566187986304,8270.239280792992,0.966785714285714,8189.099624415712,0.9899396031527291,2480.4264271148695,0.9903571428571429,2377.48053612069,0.9929054546462636,1749.1852509323376,0.9932738095238095,1658.3660529730744,0.9945214432619865,1350.7575418461681,0.9949404761904761,1247.4434911744365,0.9963673124426885,895.6519663586313,0.9967857142857142,792.4935120402303,0.9970761144551491,720.8943230976398,0.9974999999999998,616.3838426979569,0.9984928410180979,371.59537792865626,0.9989285714285714,264.16450401341007,0.9995264286157629,116.76069984310038,1.0,0.0,0.9994749744626737,129.4469032846801,1.0,0.0,1.0,0.0,1.0,0.0,1.0,0.0,1.0,0.0,1.0,0.0,1.0,0.0,1.0,0.0,1.0,0.0
13110,13,東京都,目黒区,4,169.58708899626313,117406.44622818216,5.241902313762678,1.4131098779860627,0.8192954885721428,21215.87450414464,0.8825,13795.2574318114,0.8213077545401074,20979.621507980002,0.8787499999999999,14235.531605167083,0.8379793252285935,19022.27164040292,0.8887499999999999,13061.467142885267,0.9298562846845017,8235.324340433981,0.9325,7924.935120402297,0.9521706337109207,5615.475921346804,0.9562499999999999,5136.532022482968,0.9632641896232962,4313.020945641163,0.9675000000000001,3815.709502415917,0.9645153818652034,4166.122910970576,0.9687499999999999,3668.9514446306925,0.9682664235308767,3725.726439350039,0.9724999999999999,3228.6772712750126,0.9768767174892127,2714.8224247218104,0.98,2348.1289245636453,0.9880813788576052,1399.322952268651,0.99,1174.0644622818227,0.9930489634675905,816.0964968724657,0.995,587.0322311409113,0.9954432534426452,534.991419661547,0.99625,440.2741733556835,1.0,0.0,1.0,0.0,0.9874999999999999,1467.5805778522783,0.9874999999999999,1467.5805778522783,0.98375,1907.8547512079585,0.98375,1907.8547512079585,0.9775000000000001,2641.6450401340976,0.9775000000000001,2641.6450401340976
13111,13,東京都,大田区,31,1131.9938190500566,783688.0285731155,5.386658412191101,35.94732088364081,0.4694870648806063,415756.636256255,0.5075280898876404,385944.3403635919,0.46115521215564675,422286.20949264,0.4939700374531835,396569.6237472423,0.4624540809524454,421268.3015659017,0.4905805243445692,399225.944593155,0.6448696823674165,278311.3785120237,0.645505617977528,277813.00338743604,0.655052583740487,270331.16060980776,0.6558801498127341,269682.60698613443,0.6383300830434296,283436.38421389717,0.6391198501872658,282817.4531579123,0.6380929118399733,283622.252446768,0.6389325842696627,282964.2112156976,0.6262400535479438,292911.1955946052,0.6270786516853931,292253.9962735024,0.6085499136858663,306774.74642829935,0.6092134831460673,306254.71498621313,0.6041880012406836,310193.12499327306,0.6048689138576777,309659.5019268304,0.5981262658195994,314943.6344751545,0.5988389513108612,314385.1113875148,0.5897698582759063,321492.4510290248,0.5905617977528088,320871.81754162186,0.49797752808988766,393429.0013106384,0.49797752808988766,393429.0013106384,0.5311985018726592,367394.121859539,0.5311985018726592,367394.121859539,0.5982397003745316,314854.73717242747,0.5982397003745316,314854.73717242747,0.7535205992509362,193162.9556569167,0.7535205992509362,193162.9556569167
13112,13,東京都,世田谷区,15,411.2486908159382,284710.63210334175,5.307772281131084,0.41676902921864384,0.8176586870606594,51914.51046551286,0.9032989690721647,27531.811640508713,0.8263371154183881,49443.66964212041,0.9030927835051544,27590.514863622804,0.8460101002986582,43842.56168149912,0.9146907216494843,24288.45856345519,0.9400212520322541,17076.587246663938,0.9428350515463916,16275.468608381754,0.9617116292458526,10901.106239620372,0.966701030927835,9480.570532925707,0.9699582019609578,8553.219309216527,0.9748453608247419,7161.793219919115,0.9712552137695942,8183.946257334199,0.976185567010309,6780.222269677525,0.9755349581396763,6965.4575324874395,0.9804639175257729,5562.130390060134,0.9798044570020789,5749.885812608216,0.9847422680412369,4344.038510442744,0.9900447644631271,2834.3614024406706,0.9929896907216492,1995.9095858790984,0.9963417501286745,1041.5426332569816,0.9993298969072163,190.78547512079618,0.9989243379235266,306.252429722292,1.0,0.0,1.0,0.0,1.0,0.0,1.0,0.0,1.0,0.0,1.0,0.0,1.0,0.0,1.0,0.0,1.0,0.0
13113,13,東京都,渋谷区,3,67.83483559850525,46962.57849127286,5.320145262206,0.7914393487361677,0.7743523241103141,10596.996690342681,0.8599999999999999,6574.760988778202,0.7790868552499252,10374.650900079316,0.8599999999999999,6574.760988778202,0.7968623175942139,9539.869354516992,0.8690625,6149.162621201041,0.8840100358705968,5447.187794627022,0.889375,5195.23524559706,0.9167564097698778,3909.333640077468,0.9271875,3419.462746395804,0.9296268229652196,3304.905850176113,0.9403125,2803.0789036978504,0.9315028788615018,3216.801427892946,0.9421874999999998,2715.0240690267137,0.9424417727161198,2703.0827666377418,0.9531249999999999,2201.370866778417,0.9543118726462125,2145.6322669715146,0.965,1643.6902471945516,0.9782420620135964,1021.8088704947289,0.9840625000000001,748.4660947046619,0.9931988414935767,319.39994018948914,0.9990625000000002,44.027417335568344,0.9989243379235269,50.51586469646053,1.0,0.0,1.0,0.0,1.0,0.0,1.0,0.0,1.0,0.0,1.0,0.0,1.0,0.0,1.0,0.0,1.0,0.0
13114,13,東京都,中野区,2,84.79354449813157,58703.22311409108,5.21283528461244,0.7856118863889434,0.7742683629215208,13251.174655327,0.8599999999999999,8218.451235972752,0.7792077969484762,12961.213957585303,0.8599999999999999,8218.451235972752,0.7892992638521628,12368.812324389726,0.8599999999999999,8218.451235972752,0.8922625310253353,6324.536678967213,0.8975,6017.080369194335,0.9142109056282789,5036.09634765896,0.925,4402.741733556828,0.9268143229652196,4296.235127728523,0.9375,3668.951444630692,0.9318153788615018,4002.6570276430284,0.9424999999999999,3375.4353290602403,0.9418167727161199,3415.542972743485,0.9524999999999999,2788.4030979193285,0.9543118726462124,2682.0403337143935,0.965,2054.6128089931894,0.9791795620135962,1222.2268164489508,0.985,880.548346711367,0.9941363414935768,344.215653567401,1.0,0.0,0.9989243379235269,63.14483087057566,1.0,0.0,1.0,0.0,1.0,0.0,1.0,0.0,1.0,0.0,1.0,0.0,1.0,0.0,1.0,0.0,1.0,0.0
13115,13,東京都,杉並区,10,279.8186968438342,193720.63627650056,5.3111393689787665,0.7085273563891311,0.7900427970182081,40673.04295246711,0.8743939393939393,24332.485980790752,0.7982159663615344,39089.73138688234,0.875151515151515,24185.72792300553,0.8100860994797305,36790.24164653864,0.8774242424242423,23745.45374964984,0.9099475830310785,17445.011513456182,0.9127272727272727,16906.52825685823,0.9342377386295773,12739.50711565982,0.9395454545454546,11711.293011261163,0.9423016806971283,11177.355127437022,0.9475757575757576,10155.657598737753,0.9469293882977218,10280.87266654844,0.9522727272727273,9245.757640469343,0.9545065397280973,8813.022070292674,0.9598484848484847,7778.177062617072,0.962831305014816,7200.3432420969875,0.9681818181818181,6163.838426979569,0.9824547579077383,3398.87546173817,0.9856060606060605,2788.403097919329,0.993775173751355,1205.8773015981496,0.996969696969697,587.0322311409113,0.9989243379235268,208.3779418728997,1.0,0.0,1.0,0.0,1.0,0.0,1.0,0.0,1.0,0.0,0.9992424242424242,146.75805778522783,0.9992424242424242,146.75805778522783,0.9977272727272726,440.2741733556835,0.9977272727272726,440.2741733556835
13116,13,東京都,豊島区,8,279.8186968438342,193720.63627650056,5.178091307260504,0.5473506720339864,0.834670022631918,32027.828411324277,0.9034848484848484,18696.976561838004,0.8395438469334684,31083.66806652808,0.9044696969696969,18506.19108671721,0.8536810905348772,28344.992240867276,0.9129545454545455,16862.500839522658,0.931359412689044,13297.098248271059,0.9429545454545454,11050.881751227644,0.9472245069325085,10223.702096840532,0.9618939393939394,7381.930306596956,0.9511732021857504,9458.758339920467,0.9659090909090909,6604.112600335253,0.9533816308937401,9030.940125437399,0.9681818181818181,6163.838426979569,0.9596203043043725,7822.380342808407,0.9738636363636363,5063.15299359036,0.9681033318845385,6179.042842427556,0.9790909090909091,4050.522394872288,0.9874584826155367,2429.550727591006,0.9915151515151515,1643.6902471945516,0.9951556319500687,938.45406099025,0.9992424242424244,146.75805778522783,0.9984927203709429,291.9911687875518,0.9992424242424244,146.75805778522783,0.9992424242424244,146.75805778522783,0.9992424242424244,146.75805778522783,1.0,0.0,1.0,0.0,1.0,0.0,1.0,0.0,1.0,0.0,1.0,0.0
13117,13,東京都,北区,4,169.58708899626313,117406.44622818216,5.374493393026532,0.280963365076168,0.8768813588167541,14454.922125767616,0.92,9392.515698254567,0.8825188750028611,13793.041384802944,0.9187500000000001,9539.2737560398,0.8937808969616889,12470.8074092732,0.925,8805.48346711366,0.9472126320004463,6197.577282566864,0.9474999999999999,6163.838426979565,0.9720016281306744,3287.189341352628,0.9724999999999999,3228.677271275012,0.9783033367991448,2547.3281214221906,0.97875,2494.886982348873,0.9808038647472859,2253.7500213366966,0.98125,2201.370866778417,0.9820545616745948,2106.9101397928366,0.9824999999999999,2054.6128089931894,0.9870487493276597,1520.5603156498382,0.9874999999999999,1467.580577852278,0.9957864883542061,494.69342847372013,0.99625,440.2741733556835,0.9982648780941963,203.71449673308166,0.99875,146.75805778522783,0.9994621689617634,63.14483087057566,1.0,0.0,1.0,0.0,1.0,0.0,1.0,0.0,1.0,0.0,1.0,0.0,1.0,0.0,1.0,0.0,1.0,0.0
13118,13,東京都,荒川区,7,233.18224736986178,161433.86356375046,5.456093338869686,0.26373155499557926,0.868351629517406,21252.50507887716,0.9223636363636365,12533.138134858438,0.8753068283849048,20129.700453842623,0.9223636363636365,12533.138134858438,0.8890889213354654,17904.803940838865,0.9303636363636364,11241.667226348438,0.9493094901904803,8183.164844566968,0.95,8071.693178187529,0.9780855000288311,3537.7423984135007,0.9791818181818182,3360.7595232817166,0.9852844401271167,2375.58968478324,0.9863636363636363,2201.370866778416,0.9878980632801966,1953.6624012819218,0.989,1775.7724992012554,0.9890807684604078,1762.733734583519,0.9901818181818182,1584.9870240804603,0.9931646468165245,1103.457473231212,0.9942727272727272,924.5757640469353,0.9945067989219996,886.7886733541582,0.9953636363636363,748.4660947046619,0.9962065676819872,612.3884352644053,0.997090909090909,469.62578491272905,0.998224578678608,286.6131233657808,0.9989090909090909,176.10966934227338,1.0,0.0,1.0,0.0,1.0,0.0,1.0,0.0,1.0,0.0,1.0,0.0,1.0,0.0,1.0,0.0
13119,13,東京都,板橋区,20,729.2244826839313,504847.7187811833,5.275763263812692,0.45985273965304646,0.8426200834990313,79452.89182748731,0.9053488372093025,47784.42361487013,0.8479801779163744,76746.86038843989,0.9001162790697675,50426.06865500424,0.8652408030743127,68032.87315271757,0.9112209302325582,44819.91084760854,0.934396743111984,33119.65458453092,0.9355813953488374,32521.585605206456,0.9576687101184846,21370.855129748074,0.9593023255813956,20546.12808993188,0.9625210616058605,18921.156550621836,0.9641860465116281,18080.59271914007,0.9657074700465949,17312.505518212136,0.9674418604651165,16436.90247194552,0.9668712494085913,16724.974162143568,0.9686046511627909,15849.870240804605,0.970908501847799,14686.776478065813,0.9723837209302327,13942.01548959664,0.989464936113245,5318.602970442315,0.990406976744186,4843.015906912518,0.9958296285350916,2105.402520529188,0.9968023255813957,1614.3386356375058,0.9992370303876179,385.1834683105115,1.0,0.0,1.0,0.0,1.0,0.0,1.0,0.0,1.0,0.0,1.0,0.0,1.0,0.0,1.0,0.0,1.0,0.0
13120,13,東京都,練馬区,27,936.9686667043538,648670.6154107063,5.303090890676633,0.25345933093936635,0.8428090335740772,101965.16092850704,0.9253167420814479,48444.83487490364,0.8516478101276039,96231.70630205312,0.9228959276018099,50015.14609320558,0.8700468868186447,84296.76590188702,0.9326018099547511,43719.22541421934,0.9570841886765192,27838.225742051967,0.9585067873303166,26915.42779781077,0.9799206410195443,13024.890146904723,0.9819004524886877,11740.644622818225,0.9852045816009889,9597.353158145372,0.9871719457013575,8321.181876422419,0.9880110195834122,7776.899304974888,0.9899773755656109,6501.381959885593,0.9898449295532058,6587.295796260969,0.9918099547511312,5312.641691825247,0.9912119906909796,5700.523406717195,0.9929185520361992,4593.52720867763,0.9963610121920469,2360.5044608569756,0.9975339366515837,1599.6628298589835,0.998039204365241,1271.9105110938153,0.9992533936651584,484.3015906912518,0.9989730104156749,666.1779656845731,1.0,0.0,1.0,0.0,1.0,0.0,1.0,0.0,1.0,0.0,1.0,0.0,1.0,0.0,1.0,0.0,1.0,0.0
13121,13,東京都,足立区,32,792.8196410575301,548875.1361167516,5.499968494509948,3.211435417821185,0.797164511169655,111331.35654106343,0.889090909090909,60875.242369312444,0.7977589982465797,111005.05736579672,0.8841711229946523,63575.590632560634,0.8116699215926472,103369.69742071422,0.8906684491978608,60009.36982837961,0.9431577109085746,31199.319162243883,0.945427807486631,29953.319593964985,0.9632271176551175,20183.720802452626,0.9656951871657754,18829.058813844727,0.969439535520937,16773.879100736835,0.971898395721925,15424.271873227444,0.9759135553836884,13220.450567346674,0.9784491978609626,11828.699457489363,0.9839629595952298,8802.332735078056,0.9864973262032085,7411.281918154005,0.9869335012643016,7171.876272125892,0.9911229946524065,4872.367518469564,0.9927913322585709,3956.6584877973314,0.997005347593583,1643.6902471945516,0.9935235128080699,3554.7827890289414,0.9977807486631016,1218.091879617391,0.9965179570342438,1911.2068067938244,0.9991978609625669,440.2741733556835,0.9852942161713941,8071.639100629508,0.9901069518716576,5430.048138053427,0.9716578871043988,15556.281073409362,0.9780748663101605,12034.16073838868,0.9441178612280989,30672.316524922426,0.9540106951871659,25242.385939059164,0.9382355297300449,33900.98202660064,0.9497326203208557,27590.51486362281
13122,13,東京都,葛飾区,22,568.1167481374815,393311.59486441023,5.4268125671710505,6.296051446956612,0.7621770563088809,93538.5212785028,0.8588059701492539,55533.24906593017,0.7513113479815353,97812.13035006262,0.8438059701492536,61432.922988896324,0.7608743924622913,94050.87407357724,0.8478358208955222,59847.935964815864,0.9345332846619968,25748.81822012435,0.9382835820895523,24273.782757676658,0.9569991269081165,16912.741976330784,0.9607462686567163,15438.947679005963,0.9628881408648483,14596.524504829824,0.9666417910447761,13120.170365999365,0.9695899942291096,11960.607869584826,0.9734328358208956,10449.173714308221,0.9829897879660797,6690.313624042925,0.9868656716417911,5165.883634040019,0.9850677967518529,5873.008674368299,0.9930597014925375,2729.6998748052374,0.9898940210736025,3974.798689207517,0.9979104477611941,821.8451235972759,0.9904478154789559,3756.984928410903,0.9985074626865672,587.0322311409113,0.9948199277116271,2037.382493252885,0.9988805970149254,440.2741733556835,0.9712689087867635,11300.271307272842,0.9835820895522388,6457.354542550023,0.9425376286462662,22600.616921827976,0.9578358208955222,16583.660529730747,0.8850750370019457,45201.32048649808,0.9041044776119401,37716.82085080352,0.8686572092829926,51658.64249084862,0.8929104477611938,42119.562584360356
13123,13,東京都,江戸川区,19,542.678684788042,375700.6279301829,5.4591457181489105,32.80068113204433,0.40895315123714165,222056.6722163617,0.457890625,203670.83259433898,0.41606541128284874,219384.59165118684,0.4597265625,202981.06972274842,0.41105904852427194,221265.48528323043,0.4485546875,207178.35017540594,0.5761351038794966,159246.30763003495,0.5767578124999999,159012.3556102942,0.5932651811977847,152810.52682506142,0.5940234375,152525.64945618715,0.5897651265282184,154125.49956220746,0.5905859375,153817.12036469718,0.5808204547408968,157486.0183693336,0.581640625,157177.87988797884,0.5707075657416134,161285.43711655252,0.5715625,160964.23777883773,0.5658135447325185,163124.12388277307,0.5666796875,162798.71350115308,0.5591877319291235,165613.44591355644,0.560078125,165278.92467772344,0.5376228096149861,173715.40076824342,0.5385546875,173365.29366168947,0.56228908282239,164448.26643552442,0.5633203124999999,164060.83279810604,0.5309375,176227.07578850142,0.5309375,176227.07578850142,0.598046875,151014.04146099926,0.598046875,151014.04146099926,0.6793750000000001,120459.01383011488,0.6793750000000001,120459.01383011488,0.8255468750000001,65542.14860688269,0.8255468750000001,65542.14860688269
13201,13,東京都,八王子市,41,860.6544766560354,595837.7146080243,5.271220507143876,0.18156478607742654,0.847868785960921,90645.51489358909,0.933472906403941,39639.351407789974,0.8604908603062771,83124.8069620395,0.934729064039409,38890.885313085324,0.8781707352840254,72590.4706607423,0.9433990147783251,33725.001679045345,0.964684399107994,21042.36692550188,0.9653448275862068,20648.85873038155,0.9862569729271781,8188.613842866406,0.9870689655172414,7704.798033724461,0.9933114728669227,3985.2767210664824,0.9941379310344829,3492.8417752884225,0.9963718399170585,2161.7946120519496,0.9972413793103448,1643.6902471945518,0.9973583875178116,1573.972344267139,0.9982266009852218,1056.6580160536405,0.9976672222902035,1389.9569392937146,0.9985467980295567,865.8725409328442,0.998186277201023,1080.6844474748918,0.9991133004926108,528.3290080268202,0.9987834507696733,724.8659131059443,0.9997536945812809,146.75805778522783,0.9989243379235266,640.920033336343,1.0,0.0,1.0,0.0,1.0,0.0,1.0,0.0,1.0,0.0,1.0,0.0,1.0,0.0,1.0,0.0,1.0,0.0
13202,13,東京都,立川市,9,288.29805129364735,199590.95858790967,5.25908236011304,0.18791019306244217,0.8489011371311019,30157.966881546472,0.9345588235294118,13061.467142885254,0.8614495809902162,27653.410942919265,0.935735294117647,12826.654250428895,0.8770117941498756,24547.33390063348,0.9411764705882352,11740.644622818218,0.9610774621367453,7768.586642801176,0.9616176470588234,7660.770616388893,0.9830016397640984,3392.7190139061686,0.9838235294117647,3228.677271275012,0.9901633992002291,1963.2965828728702,0.9908823529411763,1819.799916536825,0.9944398614588906,1109.7533813016064,0.9952941176470588,939.2515698254581,0.9951765481163473,962.7173851608849,0.9960294117647059,792.4935120402303,0.999097498655319,180.1311085117262,1.0,0.0,0.9990729767084121,185.02546740132448,1.0,0.0,0.9990297561883926,193.65189242270304,1.0,0.0,0.9989243379235268,214.69242495995724,1.0,0.0,1.0,0.0,1.0,0.0,1.0,0.0,1.0,0.0,1.0,0.0,1.0,0.0,1.0,0.0,1.0,0.0
13203,13,東京都,武蔵野市,3,110.23160784757104,76314.1900483184,5.347227776261864,0.201778724090411,0.8457907852071981,11768.351324899828,0.9311538461538461,5253.938468711149,0.857450885612231,10878.52020660768,0.9311538461538461,5253.938468711149,0.8684415544684116,10039.776214758978,0.9311538461538461,5253.938468711149,0.9613736686798241,2947.7371892372034,0.9623076923076922,2876.457932590465,0.9870801793382719,985.965649369313,0.988076923076923,909.8999582684125,0.9902605197521356,743.2605466073612,0.991153846153846,675.087065812048,0.9921846525714949,596.4219089525833,0.993076923076923,528.3290080268202,0.9952629695030358,361.50264560999653,0.9961538461538462,293.51611557045567,0.9971744217322421,215.63171692206106,0.9980769230769231,146.75805778522783,0.9971498997853351,217.50308943867543,0.9980769230769231,146.75805778522783,0.9990297561883926,74.04337063220999,1.0,0.0,0.9989243379235268,82.08828013174835,1.0,0.0,1.0,0.0,1.0,0.0,1.0,0.0,1.0,0.0,1.0,0.0,1.0,0.0,1.0,0.0,1.0,0.0
13204,13,東京都,三鷹市,5,152.62838009663682,105665.80160536394,5.3476149429939195,0.19385090571517732,0.8471001564131841,16156.284537935648,0.9327777777777779,7103.089996805015,0.8587648300992119,14923.727442436557,0.9327777777777779,7103.089996805015,0.8757817782792781,13125.61797211292,0.9399999999999998,6339.948096321843,0.9643465203212368,3767.3535102770716,0.9649999999999999,3698.303056187741,0.9851548154983256,1568.6283203489513,0.9858333333333332,1496.932189409324,0.9920752192205853,837.3783136036346,0.9927777777777776,763.1419004831847,0.9941077294945718,622.611486231723,0.995,528.3290080268202,0.9968869011269674,328.9480878957288,0.9977777777777778,234.81289245636452,0.9968752764330968,330.176420491979,0.9977777777777778,234.81289245636452,0.99685075448619,332.76755166883044,0.9977777777777778,234.81289245636452,0.9990297561883926,102.5215901061369,1.0,0.0,0.9989243379235269,113.66069556703619,1.0,0.0,1.0,0.0,1.0,0.0,1.0,0.0,1.0,0.0,1.0,0.0,1.0,0.0,1.0,0.0,1.0,0.0
13205,13,東京都,青梅市,38,182.30612067098286,126211.92969529582,5.21399221212414,0.19447018492620363,0.8405986000562822,20118.358283028232,0.9274418604651163,9157.702805798202,0.852257170684116,18646.90758660046,0.9274418604651163,9157.702805798202,0.876193840739339,15625.814268451159,0.9427906976744187,7220.496443033205,0.9608465988691463,4941.6263108590265,0.9636046511627906,4593.527208677631,0.9834218609125115,2092.3589249889333,0.9844186046511628,1966.5579743220528,0.9885252782494526,1448.2467748532067,0.9894186046511628,1335.4983258455732,0.991549589959688,1066.5425579042812,0.9924418604651163,953.9273756039809,0.9960858675352363,494.010211460833,0.9969767441860464,381.57095024159236,0.999097498655319,113.90643626476805,1.0,0.0,0.9990729767084122,117.0013985037787,1.0,0.0,0.9990297561883927,122.45634373788576,1.0,0.0,0.9989243379235269,135.76138637173767,1.0,0.0,1.0,0.0,1.0,0.0,1.0,0.0,1.0,0.0,1.0,0.0,1.0,0.0,1.0,0.0,1.0,0.0
13206,13,東京都,府中市,12,436.6867541653777,302321.5990375691,5.283575182313886,0.17712117236967498,0.8550579572215818,43819.110140543045,0.9321844660194172,20502.100672596294,0.8666482549556606,40315.112796254856,0.9336407766990289,20061.82649924062,0.8831183162271752,35335.85753640379,0.9416990291262133,17625.64274000586,0.9641309127053334,10843.999826941677,0.9649514563106795,10595.931772093449,0.9878794013642822,3664.3187608427334,0.9889320388349512,3346.083717503194,0.9926911124296809,2209.6345774445863,0.9937378640776698,1893.1789454294383,0.9955596290397665,1342.4200490177473,0.9966504854368929,1012.630598718071,0.9963375865978196,1107.2266760837413,0.9974271844660193,777.8177062617075,0.9971039854069645,875.5277626025695,0.9982038834951455,543.004813805343,0.9985835591242512,428.22067049850745,0.9995631067961164,132.08225200670503,0.9989814279751073,307.93632330045244,1.0,0.0,0.9990287711348347,293.6234635481768,1.0,0.0,1.0,0.0,1.0,0.0,1.0,0.0,1.0,0.0,1.0,0.0,1.0,0.0,1.0,0.0,1.0,0.0
13207,13,東京都,昭島市,3,110.23160784757104,76314.1900483184,5.195714955920742,0.16228458239481994,0.8493223786354065,11498.84063284615,0.9349999999999999,4960.422353140692,0.8609870523214339,10608.660508319026,0.9349999999999999,4960.422353140692,0.8748427352996972,9551.275284266592,0.9384615384615383,4696.257849127283,0.9642232688802939,2730.2722579768338,0.9646153846153847,2700.348263248192,0.9914804179851826,650.1650010110134,0.9923076923076923,587.0322311409113,0.9952605197521357,361.6895963657689,0.9961538461538462,293.51611557045567,0.9991077294945716,68.09290092576312,1.0,0.0,0.9991091233491897,67.98653003954081,1.0,0.0,0.999097498655319,68.8736591368365,1.0,0.0,0.999072976708412,70.74503165344758,1.0,0.0,0.9990297561883926,74.04337063220999,1.0,0.0,0.9989243379235268,82.08828013174835,1.0,0.0,1.0,0.0,1.0,0.0,1.0,0.0,1.0,0.0,1.0,0.0,1.0,0.0,1.0,0.0,1.0,0.0
13208,13,東京都,調布市,7,178.06644344607628,123276.76853959127,5.273410656508125,0.14361390602020999,0.888475932847886,13748.326612905003,0.9330952380952382,8247.80284752979,0.8983264714763278,12533.984042416268,0.9376190476190477,7690.122227945931,0.9088858295338493,11232.26050323251,0.9426190476190475,7073.738385247981,0.9622452055414518,4654.289057726294,0.9623809523809522,4637.5546260132,0.9784562469664073,2655.844256196312,0.9785714285714285,2641.645040134101,0.9958860586086908,507.1534006818564,0.9961904761904761,469.62578491272905,0.9976278583066804,292.42996247047176,0.998095238095238,234.81289245636452,0.9976285884210041,292.339956335976,0.998095238095238,234.81289245636452,0.9995272612004052,58.27771157732318,1.0,0.0,0.999514416371073,59.86118062984026,1.0,0.0,0.9994917770510628,62.652082842639224,1.0,0.0,0.9994365579599426,69.45931395763323,1.0,0.0,1.0,0.0,1.0,0.0,1.0,0.0,1.0,0.0,1.0,0.0,1.0,0.0,1.0,0.0,1.0,0.0
13209,13,東京都,町田市,41,415.2930453933546,287510.56988770695,5.4021972154419995,0.19290203447056778,0.8466013556776343,44103.73164912497,0.931989555956699,19553.721525205434,0.8585808026142763,40659.51403343152,0.9324477797834954,19421.97733162708,0.8786344596715758,34893.87566455469,0.9438781989169123,16135.611012523046,0.9668963940523778,9517.636611338914,0.9676067920573578,9313.389676080045,0.988073938629601,3428.8687011191446,0.9889292433212424,3182.959561797702,0.993180649255467,1960.6354188247794,0.9940301563177282,1716.3931592304689,0.9936412682633633,1828.2025853634395,0.9944895559566989,1584.310907223764,0.9947644616798269,1505.272606101803,0.9956113570397864,1261.7812385246111,0.9957743679797654,1214.913870273385,0.9966322451263883,968.2651229541553,0.9969801561308783,868.2370317830149,0.9979071794224662,601.7080369194341,0.9990297561883925,278.95535120525716,1.0,0.0,0.9989243379235266,309.26421661341817,1.0,0.0,1.0,0.0,1.0,0.0,1.0,0.0,1.0,0.0,1.0,0.0,1.0,0.0,1.0,0.0,1.0,0.0
13210,13,東京都,小金井市,5,135.6696711970105,93925.15698254573,5.328583599763273,0.16491720686201003,0.8493223786354065,14152.419240426028,0.935,6105.135203865468,0.8644111544825137,12735.203600312043,0.9396875,5664.861030509787,0.8836505251750351,10928.142687771586,0.9503125,4666.906237570245,0.9651942469738424,3269.135816877566,0.965625,3228.677271275012,0.9922149408422412,731.2129035109139,0.993125,645.7354542550024,0.9932561921142044,633.4132143334999,0.9940624999999998,557.6806195838658,0.9966077294945719,318.6195397496114,0.9974999999999999,234.81289245636452,0.9966091233491897,318.4886217357994,0.9974999999999999,234.81289245636452,0.999097498655319,84.76758047610646,1.0,0.0,0.9990729767084121,87.07080818885856,1.0,0.0,0.9990297561883926,91.13030231656614,1.0,0.0,0.9989243379235269,101.03172939292105,1.0,0.0,1.0,0.0,1.0,0.0,1.0,0.0,1.0,0.0,1.0,0.0,1.0,0.0,1.0,0.0,1.0,0.0
13211,13,東京都,小平市,5,139.9093484219171,96860.31813825028,5.305823591185503,0.18926525386671225,0.8423758563218693,15267.524702932998,0.926969696969697,7073.738385247971,0.8555796774499344,13988.598387828077,0.928939393939394,6882.952910127175,0.8745943361430456,12146.832497523068,0.9398484848484847,5826.294894073538,0.9547606542616179,4381.897420585979,0.9554545454545454,4314.686898885698,0.9815790138371062,1784.262580158186,0.9825757575757574,1687.7176645301201,0.987591522083138,1201.8891186387061,0.9884848484848484,1115.3612391677316,0.9991077294945718,86.42560502116088,1.0,0.0,0.9991091233491898,86.2905958194172,1.0,0.0,0.999097498655319,87.41656736598479,1.0,0.0,0.9990729767084122,89.7917709447604,1.0,0.0,0.9990297561883925,93.97812426395885,1.0,0.0,0.9989243379235268,104.18897093644983,1.0,0.0,1.0,0.0,1.0,0.0,1.0,0.0,1.0,0.0,1.0,0.0,1.0,0.0,1.0,0.0,1.0,0.0
13212,13,東京都,日野市,18,211.9838612453289,146758.0577852277,5.349959889424093,0.1729127112999558,0.847444874227047,22388.693963619717,0.933,9832.789871610248,0.8599078747034071,20559.648219532708,0.9339999999999998,9686.031813825024,0.8776856427192689,17950.617513768535,0.9419999999999998,8511.96735154321,0.9606883456707,5769.302037692289,0.961,5723.564253623886,0.9890957198143004,1600.2909815991893,0.99,1467.5805778522786,0.9941066735982897,864.8931366094339,0.995,733.7902889261392,0.9971077294945718,424.46400196615394,0.998,293.51611557045567,0.9971091233491898,424.2594425695727,0.998,293.51611557045567,0.999097498655319,132.44934449391633,1.0,0.0,0.9990729767084122,136.04813779509152,1.0,0.0,0.9990297561883926,142.3910973696346,1.0,0.0,0.9989243379235269,157.86207717643916,1.0,0.0,1.0,0.0,1.0,0.0,1.0,0.0,1.0,0.0,1.0,0.0,1.0,0.0,1.0,0.0,1.0,0.0
13213,13,東京都,東村山市,3,50.876126698878934,35221.933868454646,5.282893214761525,2.1465232436178496,0.7627158463129308,8357.606769198179,0.9175000000000001,2905.809544147507,0.7739552768727298,7961.73228930185,0.9175000000000001,2905.809544147507,0.8092334017914253,6719.168506412474,0.9475000000000001,1849.1515280938684,0.954403646388091,1605.991751561328,0.97,1056.6580160536403,0.9644978642213391,1250.453878584892,0.9825,616.3838426979569,0.9743818618106889,902.3203691368492,0.9924999999999999,264.16450401341007,0.97166948941187,997.8553703946678,0.9975,88.05483467113669,0.9666832973202691,1173.4786985004498,0.9975,88.05483467113669,0.9716592585726175,998.215720338238,0.9975,88.05483467113669,0.9741223225719294,911.4618430406991,0.995,176.10966934227338,0.9790728950250196,737.09310748697,0.9975,88.05483467113669,0.9839611200115177,564.9203702784023,1.0,0.0,0.9900248634500894,351.3435998897545,1.0,0.0,0.9750605858379278,878.4143963345135,1.0,0.0,0.9775539011525689,790.595009209016,1.0,0.0,0.9725648634281242,966.3185660066308,1.0,0.0
13214,13,東京都,国分寺市,3,42.39677224906578,29351.61155704554,5.389303350663684,0.20173247683793305,0.8493223786354065,4422.631012633135,0.935,1907.8547512079585,0.8647175627946855,3970.7575473408006,0.9399999999999998,1761.096693422734,0.8887742218375206,3264.6558357552126,0.955,1320.8225200670504,0.964900076687336,1030.2393147554003,0.965,1027.3064044965947,0.9749061945080756,736.5436312870182,0.975,733.7902889261392,0.9895707723498345,306.11463882765713,0.99,293.51611557045567,0.9895691710710525,306.1616389404581,0.99,293.51611557045567,0.9895691859722138,306.161201567363,0.99,293.51611557045567,0.999097498655319,26.489868898783268,1.0,0.0,0.9990729767084122,27.209627559018305,1.0,0.0,0.9990297561883926,28.47821947392692,1.0,0.0,0.9989243379235269,31.57241543528783,1.0,0.0,1.0,0.0,1.0,0.0,1.0,0.0,1.0,0.0,1.0,0.0,1.0,0.0,1.0,0.0,1.0,0.0
13215,13,東京都,国立市,2,42.39677224906578,29351.61155704554,5.28990959172917,0.17908438742160804,0.8493223786354065,4422.631012633135,0.935,1907.8547512079585,0.8641276952624322,3988.071110017613,0.9399999999999998,1761.096693422734,0.875126655101776,3665.233913281642,0.9399999999999998,1761.096693422734,0.9643162342905999,1047.3760299949342,0.965,1027.3064044965947,0.9744438767433167,750.1134027341467,0.975,733.7902889261392,0.994535901248455,160.38010406468533,0.995,146.75805778522783,0.9991077294945717,26.18957727913966,1.0,0.0,0.9991091233491898,26.148665399823393,1.0,0.0,0.999097498655319,26.489868898783268,1.0,0.0,0.9990729767084122,27.209627559018305,1.0,0.0,0.9990297561883926,28.47821947392692,1.0,0.0,0.9989243379235269,31.57241543528783,1.0,0.0,1.0,0.0,1.0,0.0,1.0,0.0,1.0,0.0,1.0,0.0,1.0,0.0,1.0,0.0,1.0,0.0
13218,13,東京都,福生市,2,84.79354449813157,58703.22311409108,5.147540266498132,0.1600242110900581,0.8493223786354065,8845.26202526627,0.935,3815.709502415917,0.860987052321434,8160.508083322328,0.935,3815.709502415917,0.8884498415887355,6548.35383762866,0.955,2641.645040134101,0.9716333428025246,1665.2142064643353,0.9724999999999999,1614.3386356375063,0.9892344151437282,631.9745297713987,0.99,587.0322311409113,0.9916066735982896,492.7153124290014,0.9924999999999999,440.2741733556835,0.9966077294945718,199.13721234350714,0.9974999999999999,146.75805778522783,0.9991091233491898,52.29733079964679,1.0,0.0,0.999097498655319,52.979737797566536,1.0,0.0,0.9990729767084122,54.41925511803661,1.0,0.0,0.9990297561883926,56.95643894785384,1.0,0.0,0.9989243379235269,63.14483087057566,1.0,0.0,1.0,0.0,1.0,0.0,1.0,0.0,1.0,0.0,1.0,0.0,1.0,0.0,1.0,0.0,1.0,0.0
13219,13,東京都,狛江市,1,25.438063349439467,17610.966934227323,5.250759446106908,0.13868901994079355,0.8493223786354065,2653.5786075798806,0.935,1144.712850724775,0.8692848753929138,2302.0197372588,0.945,968.6031813825036,0.8850624433159828,2024.1615102631051,0.95,880.5483467113669,0.9793162342905998,364.2611139835523,0.9800000000000001,352.21933868454676,0.9940032562613488,105.60845569442141,0.995,88.05483467113669,0.9991066735982895,15.732341721995367,1.0,0.0,0.9991077294945717,15.713746367483795,1.0,0.0,0.9991091233491898,15.689199239894034,1.0,0.0,0.999097498655319,15.893921339269959,1.0,0.0,0.9990729767084122,16.32577653541098,1.0,0.0,0.9990297561883926,17.086931684356152,1.0,0.0,0.9989243379235266,18.9434492611727,1.0,0.0,1.0,0.0,1.0,0.0,1.0,0.0,1.0,0.0,1.0,0.0,1.0,0.0,1.0,0.0,1.0,0.0
13220,13,東京都,東大和市,1,42.39677224906578,29351.61155704554,5.245705412860048,0.16123663723468779,0.8493223786354065,4422.631012633135,0.935,1907.8547512079585,0.860987052321434,4080.254041661164,0.935,1907.8547512079585,0.8871340125799178,3312.7986207566396,0.955,1320.8225200670504,0.9643162342905999,1047.3760299949342,0.965,1027.3064044965947,0.9940032562613488,176.01409282403569,0.995,146.75805778522783,0.9941066735982896,172.9786273218868,0.995,146.75805778522783,0.9941077294945717,172.9476350643675,0.995,146.75805778522783,0.9991091233491898,26.148665399823393,1.0,0.0,0.999097498655319,26.489868898783268,1.0,0.0,0.9990729767084122,27.209627559018305,1.0,0.0,0.9990297561883926,28.47821947392692,1.0,0.0,0.9989243379235269,31.57241543528783,1.0,0.0,1.0,0.0,1.0,0.0,1.0,0.0,1.0,0.0,1.0,0.0,1.0,0.0,1.0,0.0,1.0,0.0
13222,13,東京都,東久留米市,3,110.23160784757104,76314.1900483184,5.267796918774398,0.2212509432807564,0.837072451206354,12433.683922744973,0.9219230769230768,5958.377146080241,0.8405844436242029,12165.669065920987,0.9130769230769231,6633.464211892289,0.8494017309638169,11492.784924175052,0.9103846153846153,6838.925492791608,0.9481789948848576,3954.6780328518425,0.9484615384615384,3933.115948644104,0.9799503015554868,1530.0764975060501,0.9807692307692307,1467.5805778522783,0.9941066735982895,449.74443103690567,0.9949999999999999,381.57095024159236,0.9960308064176486,302.9057933821276,0.9969230769230769,234.81289245636452,0.9979552771953436,156.0413647106775,0.9988461538461538,88.05483467113669,0.9979436525014729,156.92849380797122,0.9988461538461538,88.05483467113669,0.9979191305545659,158.7998663245843,0.9988461538461538,88.05483467113669,0.9978759100345465,162.09820530334667,0.9988461538461538,88.05483467113669,0.9989243379235268,82.08828013174836,1.0,0.0,1.0,0.0,1.0,0.0,1.0,0.0,1.0,0.0,1.0,0.0,1.0,0.0,1.0,0.0,1.0,0.0
13223,13,東京都,武蔵村山市,1,25.438063349439467,17610.966934227323,5.178692009403072,0.14192416030913588,0.8493223786354065,2653.5786075798806,0.935,1144.712850724775,0.8650268605351449,2377.0074961244186,0.94,1056.6580160536403,0.8802237042784691,2109.3763834561146,0.945,968.6031813825036,0.9788414216041564,372.62302450445566,0.9800000000000001,352.21933868454676,0.9940032562613488,105.60845569442141,0.995,88.05483467113669,0.9991066735982895,15.732341721995367,1.0,0.0,0.9991077294945717,15.713746367483795,1.0,0.0,0.9991091233491898,15.689199239894034,1.0,0.0,0.999097498655319,15.893921339269959,1.0,0.0,0.9990729767084122,16.32577653541098,1.0,0.0,0.9990297561883926,17.086931684356152,1.0,0.0,0.9989243379235266,18.9434492611727,1.0,0.0,1.0,0.0,1.0,0.0,1.0,0.0,1.0,0.0,1.0,0.0,1.0,0.0,1.0,0.0,1.0,0.0
13224,13,東京都,多摩市,6,178.06644344607628,123276.76853959127,5.222793998918676,0.19027158776475547,0.8466453091658297,18905.07072642459,0.931904761904762,8394.560905315018,0.8617952491910683,17037.435076544545,0.9369047619047619,7778.177062617066,0.875235332151254,15380.585080308841,0.940357142857143,7352.57869503991,0.9593160663899921,5015.383866921038,0.9599999999999999,4931.070741583655,0.9872415927123457,1572.8152221340044,0.9880952380952379,1467.580577852278,0.9906542926459088,1152.1086023290852,0.9915476190476189,1041.9822102751175,0.9960124913993338,491.5671748139789,0.9969047619047618,381.57095024159236,0.9960138852539516,491.39534492085056,0.9969047619047618,381.57095024159236,0.9960022605600812,492.8283996164736,0.9969047619047618,381.57095024159236,0.9990729767084121,114.28043574787687,1.0,0.0,0.9990297561883926,119.60852179049306,1.0,0.0,0.9989243379235269,132.6041448282089,1.0,0.0,1.0,0.0,1.0,0.0,1.0,0.0,1.0,0.0,1.0,0.0,1.0,0.0,1.0,0.0,1.0,0.0
13225,13,東京都,稲城市,12,203.50450679551574,140887.73547381858,5.2435546665596435,0.20376041776811077,0.8443316190751889,21931.765673372396,0.9296875000000002,9906.168900502864,0.858038116650035,20000.688268774964,0.9323958333333334,9524.597950261275,0.8784704209305347,17122.02718818336,0.9444791666666665,7822.2044799526375,0.9538461902116737,6502.505744566667,0.9541666666666666,6457.354542550024,0.9777692744570473,3132.0365796865676,0.9784375,3037.891796154216,0.9935085003264249,914.5726888390327,0.994375,792.4935120402303,0.9937952294945719,874.1760656445323,0.9946875000000001,748.4660947046619,0.9937966233491897,873.9796886238142,0.9946875000000001,748.4660947046619,0.9971183319886525,405.9916805060863,0.9980208333333332,278.8403097919329,0.9990729767084122,130.60621228328787,1.0,0.0,0.9990297561883926,136.69545347484922,1.0,0.0,0.998924337923527,151.5475940893816,1.0,0.0,1.0,0.0,1.0,0.0,1.0,0.0,1.0,0.0,1.0,0.0,1.0,0.0,1.0,0.0,1.0,0.0
13227,13,東京都,羽村市,5,169.58708899626313,117406.44622818216,5.106528346535515,0.16394085677340622,0.8493223786354065,17690.52405053254,0.935,7631.419004831834,0.860987052321434,16321.016166644657,0.935,7631.419004831834,0.876534912288189,14495.597181494539,0.9412499999999999,6897.628715905705,0.964343491718173,4186.303922275045,0.965,4109.225617986379,0.9902532562613487,1144.3305446518261,0.99125,1027.306404496595,0.9953566735982896,545.1564515023193,0.99625,440.2741733556835,0.9978577294945717,251.51636690178645,0.99875,146.75805778522783,0.9991091233491898,104.59466159929357,1.0,0.0,0.999097498655319,105.95947559513307,1.0,0.0,0.9990729767084122,108.83851023607322,1.0,0.0,0.9990297561883926,113.91287789570768,1.0,0.0,0.9989243379235269,126.28966174115132,1.0,0.0,1.0,0.0,1.0,0.0,1.0,0.0,1.0,0.0,1.0,0.0,1.0,0.0,1.0,0.0,1.0,0.0
13228,13,東京都,あきる野市,9,207.74418402042235,143822.89662952314,5.026706706876317,0.1641769243715977,0.8493223786354065,21670.891961902358,0.9349999999999999,9348.488280918997,0.8630421046091586,19697.681231394028,0.9376530612244898,8966.917330677408,0.878739327046336,17440.061231441236,0.9426530612244896,8247.802847529805,0.9630445523651278,5315.039525087963,0.9633673469387753,5268.614274489679,0.9886305664084395,1635.1848721752237,0.9893877551020407,1526.2838009663694,0.995127081761555,700.8372160920175,0.9960204081632652,572.3564253623886,0.9991077294945717,128.32892866778434,1.0,0.0,0.9991091233491897,128.12846045913463,1.0,0.0,0.9990974986553189,129.800357604038,1.0,0.0,0.9990729767084121,133.3271750391897,1.0,0.0,0.9990297561883925,139.5432754222419,1.0,0.0,0.9989243379235266,154.70483563291037,1.0,0.0,1.0,0.0,1.0,0.0,1.0,0.0,1.0,0.0,1.0,0.0,1.0,0.0,1.0,0.0,1.0,0.0
13229,13,東京都,西東京市,4,93.27289894794473,64573.54542550018,5.342902345099583,0.17643006084317506,0.8493223786354064,9729.788227792895,0.9349999999999999,4197.280452657509,0.8591250446167857,9096.795330753286,0.934090909090909,4255.983675771602,0.871899348768321,8271.913221344983,0.9368181818181818,4079.8740064293306,0.9592660342563282,2630.336587309755,0.9599999999999999,2582.9418170200097,0.9849123471704397,974.2632353537898,0.9859090909090907,909.8999582684125,0.9963794008710167,233.79492232292307,0.9972727272727272,176.10966934227338,0.9977440931309353,145.67190468524393,0.9986363636363635,88.05483467113669,0.9977454869855534,145.58189855074815,0.9986363636363635,88.05483467113669,0.999097498655319,58.27771157732318,1.0,0.0,0.9990729767084121,59.86118062984026,1.0,0.0,0.9990297561883926,62.652082842639224,1.0,0.0,0.9989243379235266,69.45931395763323,1.0,0.0,1.0,0.0,1.0,0.0,1.0,0.0,1.0,0.0,1.0,0.0,1.0,0.0,1.0,0.0,1.0,0.0
13303,13,東京都,瑞穂町,1,42.39677224906578,29351.61155704554,5.183745561219638,0.1553954290226101,0.8493223786354065,4422.631012633135,0.935,1907.8547512079585,0.860987052321434,4080.254041661164,0.935,1907.8547512079585,0.8760439011454584,3638.3112637052463,0.9399999999999998,1761.096693422734,0.9643162342905999,1047.3760299949342,0.965,1027.3064044965947,0.9940032562613488,176.01409282403569,0.995,146.75805778522783,0.9991066735982896,26.220569536658946,1.0,0.0,0.9991077294945717,26.18957727913966,1.0,0.0,0.9991091233491898,26.148665399823393,1.0,0.0,0.999097498655319,26.489868898783268,1.0,0.0,0.9990729767084122,27.209627559018305,1.0,0.0,0.9990297561883926,28.47821947392692,1.0,0.0,0.9989243379235269,31.57241543528783,1.0,0.0,1.0,0.0,1.0,0.0,1.0,0.0,1.0,0.0,1.0,0.0,1.0,0.0,1.0,0.0,1.0,0.0
13305,13,東京都,日の出町,3,42.39677224906578,29351.61155704554,5.013838193476901,0.17795153684914108,0.8493223786354065,4422.631012633135,0.935,1907.8547512079585,0.860987052321434,4080.254041661164,0.935,1907.8547512079585,0.8835105723142623,3419.1524319343152,0.95,1467.5805778522783,0.9738414216041564,767.7964319593206,0.975,733.7902889261392,0.9840032562613487,469.53020839449135,0.985,440.2741733556835,0.9891066735982896,319.7366851071146,0.99,293.51611557045567,0.9941077294945717,172.9476350643675,0.995,146.75805778522783,0.9941091233491898,172.90672318505122,0.995,146.75805778522783,0.999097498655319,26.489868898783268,1.0,0.0,0.9990729767084122,27.209627559018305,1.0,0.0,0.9990297561883926,28.47821947392692,1.0,0.0,0.9989243379235269,31.57241543528783,1.0,0.0,1.0,0.0,1.0,0.0,1.0,0.0,1.0,0.0,1.0,0.0,1.0,0.0,1.0,0.0,1.0,0.0
13308,13,東京都,奥多摩町,8,127.19031674719736,88054.83467113662,4.9586477538384095,0.1341885264962912,0.8752061081926028,10988.70551106807,0.9349999999999999,5723.564253623876,0.8859761598706245,10040.35039116027,0.9383333333333332,5430.048138053427,0.9034285716215769,8503.581159817555,0.95,4402.741733556835,0.9646733880539734,3110.6789743987656,0.9683333333333333,2788.4030979193285,0.9910021708408991,792.3023590037549,0.9916666666666667,733.7902889261392,0.9960711157321931,345.9572546437736,0.9966666666666667,293.51611557045567,0.9994051529963812,52.37915455827932,1.0,0.0,0.9994060822327931,52.29733079964679,1.0,0.0,0.9993983324368794,52.979737797566536,1.0,0.0,0.9993819844722748,54.41925511803661,1.0,0.0,0.9993531707922617,56.95643894785384,1.0,0.0,0.9992828919490179,63.14483087057566,1.0,0.0,1.0,0.0,1.0,0.0,1.0,0.0,1.0,0.0,1.0,0.0,1.0,0.0,1.0,0.0,1.0,0.0
14101,14,神奈川県,横浜市鶴見区,18,344.62946754944386,238589.6313803842,5.449238741441064,15.733027840554168,0.6470319496927892,84214.51701185032,0.7108088235294118,68998.01619257727,0.6566522969042555,81919.2019169153,0.7121323529411765,68682.23579810323,0.6712261649177355,78442.02811979271,0.72,66805.09678650758,0.7368182987544467,62792.42508623896,0.7372058823529412,62699.951658345075,0.7542602633509566,58630.953182607955,0.7548529411764706,58489.546398691244,0.7580701103105265,57721.963200908496,0.7586764705882353,57577.29192576625,0.759785095216597,57312.78558434625,0.7604411764705883,57156.25139980086,0.7601220896664788,57232.38220277168,0.7608088235294117,57068.53462355807,0.7612895496321075,56953.83835992097,0.7619852941176473,56787.840939581154,0.7622258537218851,56730.44591228097,0.7629411764705883,56559.77732134991,0.763516058965641,56422.61631876825,0.764264705882353,56243.996926875865,0.7693923861664884,55020.585578047525,0.7702205882352942,54822.9851517427,0.7892647058823531,50279.256142366256,0.7892647058823531,50279.256142366256,0.82125,42647.896609243675,0.82125,42647.896609243675,0.8593382352941178,33560.438590490805,0.8593382352941178,33560.438590490805,0.9169852941176471,19806.4480756216,0.9169852941176471,19806.4480756216
14102,14,神奈川県,横浜市神奈川区,5,91.22544729249985,63156.07889480758,5.347503179402187,0.1585718439395229,0.8493223786354063,9516.207742584213,0.935,4105.14512816249,0.8627588070101208,8667.615612086323,0.9372222222222222,3964.7982861740315,0.8797696097360717,7593.280013062162,0.9441666666666666,3526.214404960093,0.9648717898461554,2218.5600119095907,0.9655555555555555,2175.376050821152,0.9927367619507843,458.7176352680346,0.9936111111111111,403.4971707168266,0.9963288958205119,231.8525451908178,0.9972222222222223,175.43355248557677,0.9977188406056827,144.06908267912686,0.9986111111111111,87.71677624278838,0.9991091233491898,56.26427604411244,1.0,0.0,0.9990974986553192,56.998446127333025,1.0,0.0,0.9990729767084122,58.5471561408421,1.0,0.0,0.9990297561883926,61.27679471307415,1.0,0.0,0.9989243379235268,67.9345989658971,1.0,0.0,1.0,0.0,1.0,0.0,1.0,0.0,1.0,0.0,1.0,0.0,1.0,0.0,1.0,0.0,1.0,0.0
14103,14,神奈川県,横浜市西区,2,50.680804051388805,35086.710497115324,5.4732098660265045,0.23791050285100943,0.844964732825756,5439.677536185622,0.93,2456.069734798071,0.8564190241694449,5037.784131859994,0.93,2456.069734798071,0.8698255988955498,4567.391525687217,0.9325000000000001,2368.3529585552824,0.9474000766873362,1845.558281441909,0.9475,1842.0523010985562,0.9744438767433168,896.6802981358439,0.975,877.1677624278839,0.9841066735982896,557.6445422929753,0.985,526.3006574567303,0.9866077294945719,469.89071812301887,0.9875,438.58388121394194,0.9866091233491897,469.84181234956,0.9875,438.58388121394194,0.9990974986553192,31.665803404073905,1.0,0.0,0.9990729767084122,32.52619785602339,1.0,0.0,0.9990297561883927,34.04266372948564,1.0,0.0,0.9989243379235268,37.74144386994283,1.0,0.0,1.0,0.0,1.0,0.0,1.0,0.0,1.0,0.0,1.0,0.0,1.0,0.0,1.0,0.0,1.0,0.0
14105,14,神奈川県,横浜市南区,3,76.0212060770832,52630.06574567298,5.49976202641342,1.3010007070998362,0.861214919090271,7304.267932797582,0.9183333333333333,4298.122035896626,0.870337970952193,6824.121113503447,0.9199999999999999,4210.405259653839,0.8905377229054768,5761.0068401558265,0.9349999999999998,3420.9542734687448,0.9529138327638309,2478.148077351335,0.9533333333333333,2456.069734798073,0.9676688375075659,1701.5912076108452,0.9683333333333335,1666.6187486129775,0.9744044490655264,1347.095528478069,0.975,1315.7516436418239,0.9794051529963812,1083.9081518225375,0.98,1052.6013149134606,0.9794060822327932,1083.8592460490786,0.98,1052.6013149134606,0.981064999103546,996.5503420747461,0.9816666666666666,964.8845386706722,0.9810486511389415,997.4107365266956,0.9816666666666666,964.8845386706722,0.9810198374589285,998.9272024001579,0.9816666666666666,964.8845386706722,0.9809495586156846,1002.625982540615,0.9816666666666666,964.8845386706722,0.9816666666666666,964.8845386706722,0.9816666666666666,964.8845386706722,0.985,789.4509861850955,0.985,789.4509861850955,0.9899999999999999,526.3006574567303,0.9899999999999999,526.3006574567303,0.9983333333333334,87.71677624278838,0.9983333333333334,87.71677624278838
14106,14,神奈川県,横浜市保土ケ谷区,6,50.680804051388805,35086.710497115324,5.3056763306151495,0.1628698591887951,0.8493223786354065,5286.782079213451,0.935,2280.6361823124944,0.8609870523214339,4877.507050548485,0.935,2280.6361823124944,0.8841947799921036,4063.2242284718095,0.95,1754.3355248557677,0.9666333428025246,1170.7262413443084,0.9675,1140.318091156249,0.9867344151437283,465.44573542692297,0.9875,438.58388121394194,0.9941066735982896,206.7774373218218,0.995,175.43355248557677,0.9991077294945718,31.30683690907694,1.0,0.0,0.9991091233491898,31.257931135618026,1.0,0.0,0.9990974986553192,31.665803404073905,1.0,0.0,0.9990729767084122,32.52619785602339,1.0,0.0,0.9990297561883927,34.04266372948564,1.0,0.0,0.9989243379235268,37.74144386994283,1.0,0.0,1.0,0.0,1.0,0.0,1.0,0.0,1.0,0.0,1.0,0.0,1.0,0.0,1.0,0.0,1.0,0.0
14107,14,神奈川県,横浜市磯子区,1,25.340402025694402,17543.355248557662,5.36457706075492,31.353125000000002,0.46,9473.411834221139,0.46,9473.411834221139,0.46,9473.411834221139,0.46,9473.411834221139,0.465,9385.695057978348,0.465,9385.695057978348,0.48,9122.544729249985,0.48,9122.544729249985,0.5,8771.677624278831,0.5,8771.677624278831,0.5,8771.677624278831,0.5,8771.677624278831,0.5,8771.677624278831,0.5,8771.677624278831,0.5,8771.677624278831,0.5,8771.677624278831,0.5,8771.677624278831,0.5,8771.677624278831,0.5,8771.677624278831,0.5,8771.677624278831,0.5,8771.677624278831,0.5,8771.677624278831,0.52,8420.810519307677,0.52,8420.810519307677,0.565,7631.359533122584,0.565,7631.359533122584,0.62,6666.474994451912,0.62,6666.474994451912,0.72,4912.139469596146,0.72,4912.139469596146,0.9,1754.3355248557657,0.9,1754.3355248557657
14108,14,神奈川県,横浜市金沢区,11,167.24665336958304,115786.14464048058,5.244280548604923,0.16225428421388974,0.8512677672505379,17221.13181383084,0.9350000000000003,7526.099401631231,0.8644331798950832,15696.75944111791,0.9357575757575759,7438.3826253884445,0.8872663640885643,13052.993073488777,0.9503030303030304,5754.220521526918,0.9667845182798126,3845.8925707568587,0.9677272727272729,3736.734667942785,0.9878578957283137,1405.8874414412794,0.9887878787878788,1298.208288393268,0.9949292838483148,587.1186737698664,0.9957575757575758,491.213946959615,0.9964457338777457,411.5347713221121,0.9972727272727275,315.7803944740382,0.9984168224443091,183.31002545481226,0.9992424242424245,87.71677624278838,0.9990974986553194,104.49715123344387,1.0,0.0,0.9990729767084123,107.33645292487716,1.0,0.0,0.9990297561883927,112.34079030730261,1.0,0.0,0.9989243379235269,124.54676477081134,1.0,0.0,1.0,0.0,1.0,0.0,1.0,0.0,1.0,0.0,1.0,0.0,1.0,0.0,1.0,0.0,1.0,0.0
14109,14,神奈川県,横浜市港北区,23,337.0273469417355,233326.6248058169,5.518161035253811,0.2081488589373858,0.8439436550225532,36412.1002531199,0.9290977443609024,16543.383999389865,0.857151778727994,33330.29332891168,0.9311278195488724,16069.713407678813,0.8745794957472867,29263.94293872923,0.9392105263157895,14183.802718458872,0.9625801733763595,8731.041846912894,0.9633458646616543,8552.385683671868,0.9792188731866673,4848.790179016605,0.9800000000000002,4666.532496116342,0.9867512533270327,3091.2853441107563,0.9875187969924814,2912.1969712605746,0.9922746584581256,1802.5278674377796,0.9930827067669172,1613.9886828673064,0.9938226047359912,1441.3507870426301,0.9946616541353384,1245.578222647595,0.9969922354974246,701.791539596697,0.9978947368421054,491.213946959615,0.9984714729490137,356.64605773101687,0.9993984962406016,140.34684198846142,0.9990297561883928,226.38371380107947,1.0,0.0,0.9989243379235266,250.98060173511982,1.0,0.0,1.0,0.0,1.0,0.0,1.0,0.0,1.0,0.0,1.0,0.0,1.0,0.0,1.0,0.0,1.0,0.0
14110,14,神奈川県,横浜市戸塚区,7,98.82756790020818,68419.08546937488,5.4920003797341215,0.17776674702962061,0.8493901507441812,10304.588148763518,0.9346153846153845,4473.5555883822,0.8612672597169875,9491.967214824012,0.9346153846153845,4473.5555883822,0.8790660246671774,8274.19199444766,0.9429487179487178,3903.396542804083,0.9643459384257977,2439.4182861757,0.9648717948717948,2403.4396690524018,0.9806613259357907,1323.1343936635135,0.9828205128205127,1175.4048016533645,0.9925600717308816,509.0330881308174,0.9946153846153845,368.41046021971124,0.9953908458959986,315.35410858319176,0.9975641025641026,166.66187486129795,0.9991091233491896,60.952965714455146,1.0,0.0,0.999097498655319,61.748316637944114,1.0,0.0,0.9990729767084121,63.42608581924561,1.0,0.0,0.9990297561883926,66.383194272497,1.0,0.0,0.9989243379235266,73.59581554638851,1.0,0.0,1.0,0.0,1.0,0.0,1.0,0.0,1.0,0.0,1.0,0.0,1.0,0.0,1.0,0.0,1.0,0.0
14111,14,神奈川県,横浜市港南区,5,88.69140708993041,61401.743369951815,5.2418247607908555,0.16089867251685688,0.8751912623218128,7663.474081243687,0.9349999999999999,3991.113319046865,0.8868955792699541,6944.808615673332,0.9385714285714285,3771.821378439899,0.9008567564572606,6087.567996875911,0.9442857142857142,3420.9542734687475,0.9631609028577804,2261.9847887072883,0.9635714285714286,2236.7777941911036,0.9774754100186485,1383.0490935483379,0.9778571428571428,1359.6100317632197,0.9907904811416355,565.4805135020365,0.9914285714285713,526.3006574567303,0.994362663924694,346.1422629861055,0.995,307.00871684975937,0.9993636595351355,39.07241391952253,1.0,0.0,0.9993553561823708,39.58225425509238,1.0,0.0,0.9993378405060087,40.65774732002923,1.0,0.0,0.9993069687059948,42.55332966185705,1.0,0.0,0.9992316699453762,47.17680483742853,1.0,0.0,1.0,0.0,1.0,0.0,1.0,0.0,1.0,0.0,1.0,0.0,1.0,0.0,1.0,0.0,1.0,0.0
14112,14,神奈川県,横浜市旭区,12,139.3722111413192,96488.45386706715,5.240411455716249,0.16484415652873846,0.8484288306669755,14624.867779766952,0.9340909090909091,6359.466277602147,0.8613576250726527,13377.388397197981,0.9359090909090909,6184.032725116573,0.8786152332858606,11712.228463261947,0.9433636363636364,5464.755159925713,0.9651773834716192,3359.980428429259,0.9653636363636363,3342.0091748502373,0.987483737474138,1207.6748193147287,0.988181818181818,1140.318091156249,0.9954171621257608,442.19094080876863,0.9961818181818182,368.41046021971124,0.9982769711180166,166.2523927908699,0.9990909090909091,87.71677624278838,0.9991091233491898,85.95931062294957,1.0,0.0,0.9990974986553192,87.08095936120324,1.0,0.0,0.9990729767084121,89.4470441040643,1.0,0.0,0.9990297561883927,93.61732525608551,1.0,0.0,0.9989243379235268,103.78897064234278,1.0,0.0,1.0,0.0,1.0,0.0,1.0,0.0,1.0,0.0,1.0,0.0,1.0,0.0,1.0,0.0,1.0,0.0
14113,14,神奈川県,横浜市緑区,5,76.0212060770832,52630.06574567298,5.446912953039332,0.1705866654962301,0.8450627467036246,8154.357827442222,0.93,3684.104602197106,0.8567268469929696,7540.475462349879,0.93,3684.104602197106,0.8740769101182619,6627.340499374162,0.9383333333333334,3245.5207209831665,0.9605080882708231,2078.461910728889,0.9616666666666666,2017.4858535841329,0.9840032562613488,841.9096746818971,0.985,789.4509861850954,0.9991066735982895,47.01582725436752,1.0,0.0,0.9991077294945717,46.96025536361541,1.0,0.0,0.9991091233491898,46.88689670342704,1.0,0.0,0.9990974986553192,47.49870510611086,1.0,0.0,0.9990729767084122,48.78929678403508,1.0,0.0,0.9990297561883927,51.06399559422846,1.0,0.0,0.9989243379235266,56.61216580491424,1.0,0.0,1.0,0.0,1.0,0.0,1.0,0.0,1.0,0.0,1.0,0.0,1.0,0.0,1.0,0.0,1.0,0.0
14114,14,神奈川県,横浜市瀬谷区,2,32.942522633402724,22806.36182312496,5.500615755399488,0.17963179515817976,0.8484188016332112,3457.0156555358617,0.9338461538461539,1508.7285513759577,0.8600779214272132,3191.1135509746955,0.9338461538461539,1508.7285513759577,0.8727833701555545,2901.3484901509796,0.9361538461538462,1456.0984856302853,0.9566490873006674,988.6766003836813,0.9573076923076922,973.6562162949512,0.9840032562613488,364.8275256954887,0.9849999999999999,342.09542734687466,0.9979528274444434,46.688558016395774,0.9988461538461538,26.315032872836515,0.9979538833407254,46.664476863736525,0.9988461538461538,26.315032872836515,0.9979552771953436,46.632688110988234,0.9988461538461538,26.315032872836515,0.9979436525014729,46.89780508548397,0.9988461538461538,26.315032872836515,0.9990729767084122,21.142028606415202,1.0,0.0,0.9990297561883926,22.127731424165667,1.0,0.0,0.9989243379235268,24.531938515462837,1.0,0.0,1.0,0.0,1.0,0.0,1.0,0.0,1.0,0.0,1.0,0.0,1.0,0.0,1.0,0.0,1.0,0.0
14115,14,神奈川県,横浜市栄区,8,32.942522633402724,22806.36182312496,5.433101236592801,0.15138675891436057,0.8497713144696676,3426.169758417218,0.9349999999999999,1482.4135185031214,0.8616518751016029,3155.2173939837253,0.9349999999999999,1482.4135185031214,0.880204642025324,2732.096278701238,0.9449999999999998,1254.3499002718738,0.9739509937625664,594.0830613837469,0.975,570.1590455781245,0.9928494101075026,163.0789403370754,0.9938461538461538,140.34684198846142,0.9952605197521358,108.09030138634765,0.9961538461538461,87.71677624278838,0.9991077294945717,20.34944399090001,1.0,0.0,0.9991091233491898,20.317655238151715,1.0,0.0,0.9990974986553192,20.582772212648038,1.0,0.0,0.9990729767084122,21.142028606415202,1.0,0.0,0.9990297561883926,22.127731424165667,1.0,0.0,0.9989243379235268,24.531938515462837,1.0,0.0,1.0,0.0,1.0,0.0,1.0,0.0,1.0,0.0,1.0,0.0,1.0,0.0,1.0,0.0,1.0,0.0
14116,14,神奈川県,横浜市泉区,2,22.80636182312496,15789.019723701895,5.536740179817579,0.45215955007821323,0.8283401733636856,2710.340388528016,0.91,1421.01177513317,0.8394680774211883,2534.641691880643,0.91,1421.01177513317,0.8503369572758676,2363.0327334805684,0.91,1421.01177513317,0.924900076687336,1185.7541704321518,0.9250000000000002,1184.1764792776414,0.9594438767433168,640.3414300166584,0.96,631.5607889480764,0.9691066735982895,487.7753398873675,0.9700000000000001,473.6705917110573,0.9741077294945718,408.81356970163233,0.9750000000000001,394.7254930925477,0.9791091233491899,329.84646348506624,0.98,315.7803944740382,0.9790974986553195,330.0300060058697,0.98,315.7803944740382,0.9840729767084122,251.47208489073915,0.9850000000000001,236.83529585552864,0.9940297561883926,94.26429729677807,0.9950000000000001,78.94509861850955,0.998924337923527,16.98364974147427,1.0,0.0,1.0,0.0,1.0,0.0,1.0,0.0,1.0,0.0,1.0,0.0,1.0,0.0,1.0,0.0,1.0,0.0
14117,14,神奈川県,横浜市青葉区,11,174.8487739772914,121049.15121504788,5.2304718771122,0.2044277360619625,0.8458019559063772,18665.54235655355,0.9311594202898551,8333.093743064883,0.8580440393781317,17183.648543193925,0.9318840579710144,8245.376966822096,0.8754905650840289,15071.76141484354,0.9402173913043479,7236.634040030036,0.9658202537980632,4137.429266490196,0.9664492753623186,4061.286740041102,0.9833676866344784,2013.3274156390876,0.9842028985507245,1912.2257220927868,0.9900219681686249,1207.8322839846792,0.9907971014492754,1114.0030582834124,0.9951596856333208,585.9159457005235,0.9960144927536231,482.4422693353361,0.9955583987115086,537.6520660075453,0.9964492753623188,429.8122035896631,0.995546774017638,539.0592253337104,0.9964492753623188,429.8122035896631,0.9959570346794266,489.39752044727067,0.9968840579710144,377.18213784399006,0.9990297561883926,117.44718986672545,1.0,0.0,0.9989243379235266,130.20798135130275,1.0,0.0,1.0,0.0,1.0,0.0,1.0,0.0,1.0,0.0,1.0,0.0,1.0,0.0,1.0,0.0,1.0,0.0
14118,14,神奈川県,横浜市都筑区,8,93.7594874950693,64910.41441966334,5.50101973808169,0.2995444022682872,0.8365353221748326,10610.559980608366,0.9214864864864862,5096.344699705998,0.8514019733022999,9645.559494891912,0.9252702702702701,4850.73772622619,0.8672447436161943,8617.198708261481,0.9314864864864866,4447.240555509366,0.9513656721405082,3156.874376381397,0.9517567567567565,3131.4889118675455,0.965839233793117,2217.3894913820113,0.9666216216216215,2166.604373196873,0.979886755999681,1305.5590033845058,0.9806756756756756,1254.3499002718738,0.9840424585100767,1035.8106312298942,0.9848648648648648,982.42789391923,0.9882330391374793,763.7983060461698,0.989054054054054,710.5058875665859,0.9931515527093733,444.53555176580136,0.994054054054054,385.95381546826894,0.9935324361678716,419.8122486290756,0.9944594594594593,359.6387825954324,0.9964621886208251,229.64080276084636,0.9974324324324324,166.66187486129795,0.9989243379235266,69.82167115939421,1.0,0.0,1.0,0.0,1.0,0.0,1.0,0.0,1.0,0.0,1.0,0.0,1.0,0.0,1.0,0.0,1.0,0.0
14131,14,神奈川県,川崎市川崎区,30,433.3208746393743,299991.374750336,5.524567785460665,60.85414843709323,0.14984872684144138,255038.04918058444,0.16058479532163739,251817.32123779666,0.1519141114106652,254418.4516242748,0.1609941520467836,251694.51775105676,0.15570965970468797,253279.81987361962,0.16368421052631574,250887.52340962313,0.1756711041230207,247291.5587205616,0.1757894736842105,247256.04887317168,0.179304743196532,246201.49833955243,0.17953216374269002,246133.274137264,0.17967068688562735,246091.71838917947,0.1798830409356725,246028.01400577265,0.18066486797137563,245793.47263851506,0.18087719298245608,245729.77696654716,0.18148384382850247,245547.78694524828,0.1816959064327485,245484.16999306736,0.18165644414592208,245496.00833874324,0.18187134502923974,245431.5399273217,0.18211747624720745,245357.70268487456,0.1823391812865497,245291.19308533322,0.1873045729928546,243801.61840118485,0.18754385964912282,243729.83446821163,0.19779721068011386,240653.91759662682,0.19807017543859648,240572.0305234712,0.23555555555555555,229326.73980914574,0.23555555555555555,229326.73980914574,0.2942105263157894,211730.7544948424,0.2942105263157894,211730.7544948424,0.3843567251461988,184687.67237919077,0.3843567251461988,184687.67237919077,0.566345029239766,130092.75084567933,0.566345029239766,130092.75084567933
14132,14,神奈川県,川崎市幸区,5,91.22544729249985,63156.07889480758,5.50129799144991,2.008103943229136,0.846597353087531,9688.309671076187,0.9061111111111111,5929.654074012487,0.8550682235095237,9153.322710397146,0.9069444444444444,5877.024008266815,0.8714941209389104,8115.927436428778,0.9161111111111111,5298.093285064414,0.9266389101909266,4633.1987757909,0.9266666666666666,4631.445785619224,0.9563946868975957,2753.9405945282315,0.9569444444444444,2719.2200635264367,0.9699103753765423,1900.3427066342324,0.9705555555555556,1859.5956563471138,0.9713000268571906,1812.5777680861254,0.9719444444444445,1771.8788801043254,0.9713010335299704,1812.5141905806288,0.9719444444444445,1771.8788801043254,0.9726815268066193,1725.32764828683,0.9733333333333333,1684.162103861537,0.972663816511631,1726.4461610743672,0.9733333333333333,1684.162103861537,0.9726326016916168,1728.4175667098652,0.9733333333333333,1684.162103861537,0.9725564662781027,1733.2259808924598,0.9733333333333333,1684.162103861537,0.9733333333333333,1684.162103861537,0.9733333333333333,1684.162103861537,0.9755555555555555,1543.8152618730755,0.9755555555555555,1543.8152618730755,0.9844444444444445,982.42789391923,0.9844444444444445,982.42789391923,0.991111111111111,561.3873679538457,0.991111111111111,561.3873679538457
14133,14,神奈川県,川崎市中原区,2,50.680804051388805,35086.710497115324,5.464075660257954,0.15475875556468954,0.8874657610058786,3948.4562645999276,0.93,2456.069734798071,0.897195635586977,3607.066971999682,0.935,2280.636182312496,0.9147307908535004,2991.8160556412113,0.9475,1842.0523010985562,0.9747126320004463,887.2505602343579,0.975,877.1677624278839,0.9847327870130539,535.6762821707774,0.985,526.3006574567303,0.9920533367991448,278.82227114648765,0.9924999999999999,263.15032872836514,0.992053864747286,278.80374718290363,0.9924999999999999,263.15032872836514,0.994554561674595,191.0625180533858,0.995,175.43355248557677,0.9970487493276596,103.54967794482339,0.9975,87.71677624278838,0.9970364883542061,103.97987517080009,0.9975,87.71677624278838,0.9995148780941963,17.02133186474282,1.0,0.0,0.9994621689617634,18.870721934971414,1.0,0.0,1.0,0.0,1.0,0.0,1.0,0.0,1.0,0.0,1.0,0.0,1.0,0.0,1.0,0.0,1.0,0.0
14134,14,神奈川県,川崎市高津区,11,202.72321620555522,140346.8419884613,5.399186046873252,0.15369150838255885,0.8493223786354065,21147.128316853803,0.935,9122.544729249976,0.8609870523214339,19510.028202193935,0.935,9122.544729249976,0.8799670797586442,16846.24129052715,0.9450000000000001,7719.076309365376,0.9711699211001397,4046.210527873574,0.9720000000000001,3929.71157567692,0.9910957198143007,1249.6876042433466,0.9919999999999999,1122.7747359076914,0.9971066735982894,406.0692233219029,0.998,280.69368397692284,0.9991077294945718,125.22734763630775,1.0,0.0,0.9991091233491899,125.0317245424721,1.0,0.0,0.9990974986553192,126.66321361629561,1.0,0.0,0.9990729767084122,130.10479142409355,1.0,0.0,0.9990297561883927,136.17065491794256,1.0,0.0,0.9989243379235268,150.9657754797713,1.0,0.0,1.0,0.0,1.0,0.0,1.0,0.0,1.0,0.0,1.0,0.0,1.0,0.0,1.0,0.0,1.0,0.0
14135,14,神奈川県,川崎市多摩区,5,126.70201012847201,87716.77624278831,5.156045128156212,0.17218739198893307,0.8493223786354064,13216.955198033627,0.935,5701.5904557812355,0.8609870523214339,12193.767626371211,0.935,5701.5904557812355,0.8799043383002281,10534.404285048491,0.944,4912.139469596149,0.95961518907547,3542.42542347431,0.96,3508.6710497115355,0.9852806469202042,1291.1342005390466,0.9859999999999999,1228.0348673990372,0.9953851328492166,404.80126925547,0.9960000000000001,350.86710497115354,0.998200017809868,157.88863501282233,0.999,87.71677624278838,0.9982011358737946,157.79056204954009,0.999,87.71677624278838,0.9990974986553192,79.16450851018476,1.0,0.0,0.9990729767084122,81.31549464005846,1.0,0.0,0.9990297561883926,85.1066593237141,1.0,0.0,0.9989243379235268,94.35360967485707,1.0,0.0,1.0,0.0,1.0,0.0,1.0,0.0,1.0,0.0,1.0,0.0,1.0,0.0,1.0,0.0,1.0,0.0
14136,14,神奈川県,川崎市宮前区,4,55.74888445652769,38595.38154682686,5.178723516813376,0.1794004250690341,0.8493223786354063,5815.460287134796,0.9349999999999998,2508.6998005437435,0.8620742654258553,5323.296351015477,0.9363636363636363,2456.0697347980717,0.8864802943305534,4381.336353395769,0.9527272727272726,1824.5089458499983,0.9674681196700442,1255.5803337703512,0.9677272727272727,1245.578222647595,0.9813961527564308,718.0225826044316,0.9822727272727272,684.1908546937493,0.9914964629574253,328.1972566557357,0.9922727272727272,298.23703922548054,0.9942252282933755,222.879517362991,0.9949999999999999,192.97690773413444,0.995472759712826,174.73056623764126,0.9963636363636363,140.34684198846142,0.999097498655319,34.83238374448129,1.0,0.0,0.9990729767084121,35.77881764162573,1.0,0.0,0.9990297561883925,37.4469301024342,1.0,0.0,0.9989243379235265,41.51558825693711,1.0,0.0,1.0,0.0,1.0,0.0,1.0,0.0,1.0,0.0,1.0,0.0,1.0,0.0,1.0,0.0,1.0,0.0
14137,14,神奈川県,川崎市麻生区,9,111.49776891305537,77190.7630936537,5.180051984802195,0.16035597563128587,0.8476822730627928,11757.521574973805,0.9331818181818183,5157.746443075948,0.8611910139430653,10714.771557991127,0.9353409090909091,4991.084568214655,0.878499082326889,9378.748551766634,0.9430681818181817,4394.610489763698,0.9668410753255541,2559.5626989854636,0.9672727272727273,2526.2431557923055,0.9915828465534884,649.7264976126208,0.9923863636363636,587.7024008266822,0.9952562181312931,366.1761423953341,0.9960227272727273,307.00871684975937,0.9977577471326697,173.08120987815008,0.9985227272727273,114.0318091156249,0.9991091233491898,68.76744849835966,1.0,0.0,0.9990974986553192,69.66476748896258,1.0,0.0,0.9990729767084121,71.55763528325144,1.0,0.0,0.9990297561883926,74.8938602048684,1.0,0.0,0.9989243379235269,83.03117651387421,1.0,0.0,1.0,0.0,1.0,0.0,1.0,0.0,1.0,0.0,1.0,0.0,1.0,0.0,1.0,0.0,1.0,0.0
14151,14,神奈川県,相模原市緑区,59,359.83370876486055,249115.64452951882,5.458889153425608,0.19699696248423454,0.845160275731288,38572.997709973104,0.9305633802816901,17297.748275077844,0.858244727996873,35313.455950516196,0.9326056338028168,16788.990972869673,0.8742370440464623,31329.519830302994,0.9388732394366197,15227.63235574805,0.9621899539987806,9419.073979284523,0.9628169014084507,9262.891571238453,0.9856263936909153,3580.690199901217,0.9864788732394366,3368.324207723074,0.9917425347004136,2057.0637902865383,0.9926056338028167,1842.0523010985562,0.99301130899661,1740.992263727084,0.9938732394366194,1526.271906624518,0.9943507299708647,1407.3215444292944,0.9952112676056337,1192.948156901922,0.9965226473564832,866.26294504609,0.9973943661971829,649.104144196634,0.998298328821088,423.91291251190046,0.9992253521126759,192.97690773413444,0.9990297561883927,241.70291247934802,1.0,0.0,0.9989243379235263,267.9642514765941,1.0,0.0,1.0,0.0,1.0,0.0,1.0,0.0,1.0,0.0,1.0,0.0,1.0,0.0,1.0,0.0,1.0,0.0
14152,14,神奈川県,相模原市中央区,15,306.6188645109023,212274.59850754772,5.459677820803971,0.19799334346247474,0.8471241170438849,32451.666675996097,0.9327272727272727,14280.291172325926,0.8597259851551251,29776.61018223757,0.9339669421487602,14017.140843597565,0.8786676501636662,25755.775847485067,0.9436363636363636,11964.568279516334,0.9587926570633963,8747.272177430328,0.9598347107438016,8526.070650799029,0.9820803424512797,3803.888111547318,0.9833057851239669,3543.7577602086503,0.9920572508705303,1686.0438825043564,0.9931818181818179,1447.3268080060086,0.9944979768566601,1167.9397537316775,0.9957438016528923,903.4827953007203,0.9963691407214266,770.7391955965861,0.9977272727272727,482.44226933533616,0.9972379945230877,586.3036036871861,0.9981404958677682,394.72549309254777,0.9972134725761808,591.5089901214892,0.9981404958677682,394.72549309254777,0.9990297561883926,205.9581155633881,1.0,0.0,0.9989243379235265,228.3357354131541,1.0,0.0,1.0,0.0,1.0,0.0,1.0,0.0,1.0,0.0,1.0,0.0,1.0,0.0,1.0,0.0,1.0,0.0
14153,14,神奈川県,相模原市南区,14,200.18917600298576,138592.50646360553,5.480148709733407,0.22694485741019058,0.8397125081925453,22214.645244359795,0.9244303797468355,10473.383083388919,0.8534269737669183,20313.92308559858,0.9275316455696203,10043.570879799254,0.8690165497758721,18153.324671812807,0.9339873417721519,9148.85976212282,0.9543196807433911,6330.9499418311425,0.9558860759493671,6113.85930412235,0.9802492487307971,2737.3061229381055,0.9819620253164557,2499.928122919469,0.9839669578786516,2222.059493834249,0.9863291139240506,1894.682366844229,0.9883351023825289,1616.6673984466959,0.9906962025316457,1289.436610768989,0.992703443518545,1011.2480513181061,0.9950632911392405,684.1908546937493,0.9966291442249398,467.1753507929615,0.9975316455696203,342.0954273468747,0.998250191898286,242.51029064691724,0.9991772151898735,114.0318091156249,0.999029756188393,134.46852173146826,1.0,0.0,0.9989243379235269,149.07870328627416,1.0,0.0,1.0,0.0,1.0,0.0,1.0,0.0,1.0,0.0,1.0,0.0,1.0,0.0,1.0,0.0,1.0,0.0
14201,14,神奈川県,横須賀市,36,623.3738898320823,431566.5391145184,5.225157408295637,30.88544135910921,0.43712236907423996,242919.15112360957,0.4805284552845529,224186.53672131832,0.44421942476576903,239856.29936091325,0.4813414634146342,223835.6696163472,0.45560182902871105,234944.03454635307,0.4881300813008129,220905.92928983807,0.49818792234712495,216565.30163851727,0.4984349593495935,216458.68873432875,0.510605694731561,211206.20658705427,0.5110569105691057,211011.47692965154,0.5139312270768289,209771.01810209372,0.5143699186991869,209581.6934768941,0.5156186517564262,209042.78207310347,0.5160569105691056,208853.64423407894,0.5160071119593411,208875.13564774778,0.5164634146341464,208678.21068159337,0.5162044098803668,208789.98846679623,0.5166666666666667,208590.49390535057,0.517411362053902,208269.10829438677,0.5178861788617886,208064.19324789385,0.518607202865244,207753.02341410413,0.5191056910569105,207537.89259043714,0.5342012917147417,201023.13645868204,0.5347560975609755,200783.70081974246,0.5630081300813008,188591.06892199485,0.5630081300813008,188591.06892199485,0.6414634146341462,154732.39329227858,0.6414634146341462,154732.39329227858,0.7349593495934958,114382.67622059595,0.7349593495934958,114382.67622059595,0.8632113821138211,59033.39041139653,0.8632113821138211,59033.39041139653
14203,14,神奈川県,平塚市,13,182.4508945849997,126312.15778961517,5.737337775441885,10.106807446920623,0.7075869720511966,36935.32052600841,0.7833333333333334,27367.63418774995,0.7183129735497964,35580.49613226561,0.7854166666666667,27104.483859021584,0.7341216063126922,33583.67361628065,0.7937500000000001,26051.882544108124,0.8034896145740317,24821.650811223,0.8073611111111112,24332.63372974948,0.825733672092772,22011.95590803458,0.8297222222222222,21508.153534731697,0.8276916137027243,21764.644078455447,0.8362500000000002,20683.61583804948,0.8330708522390988,21085.18085166093,0.8370833333333333,20578.355706558137,0.8364399224188593,20659.626327510745,0.8370833333333333,20578.355706558137,0.8368481934732862,20608.05672966305,0.8375,20525.725640812467,0.8382193720671866,20434.86020275255,0.838888888888889,20350.29208832689,0.8423548239138391,19912.502356566823,0.8430555555555556,19823.99143087016,0.8478342440558805,19220.3849749897,0.8486111111111111,19122.25722092785,0.8569444444444444,18069.65590601439,0.8569444444444444,18069.65590601439,0.8881944444444445,14122.40097508892,0.8881944444444445,14122.40097508892,0.9138888888888889,10876.88025410575,0.9138888888888889,10876.88025410575,0.9597222222222223,5087.573022081722,0.9597222222222223,5087.573022081722
14204,14,神奈川県,鎌倉市,7,152.0424121541664,105260.13149134598,5.418084984338007,10.180625712585945,0.7068797050416471,30853.880790098356,0.7775000000000001,23420.37925682448,0.7158230737845104,29912.500620248968,0.7766666666666668,23508.096033067264,0.729033591300249,28521.959809473574,0.7816666666666666,22981.795375610538,0.8020820171634357,20832.872897878722,0.8025,20788.875969540833,0.8175797665119172,19201.577763637637,0.8183333333333332,19122.25722092785,0.8284222279985746,18060.29884186222,0.8291666666666666,17981.939129771607,0.8292564412454765,17972.489445801508,0.83,17894.222353528818,0.8309242694576581,17796.933628882285,0.8316666666666667,17718.78880104324,0.8317479155460994,17710.23653331063,0.8325,17631.07202480045,0.8333941472570101,17536.953966954934,0.8341666666666666,17455.638472314877,0.8366914634903272,17189.878026667437,0.8375,17104.77136734372,0.8407702816029389,16760.541095804634,0.8416666666666667,16666.187486129777,0.8583333333333334,14911.851961274013,0.8583333333333334,14911.851961274013,0.8916666666666666,11403.18091156248,0.8916666666666666,11403.18091156248,0.9175,8683.960848036042,0.9175,8683.960848036042,0.9541666666666666,4824.422693353357,0.9541666666666666,4824.422693353357
14205,14,神奈川県,藤沢市,19,293.94866349805505,203502.92088326887,5.6081995807619505,0.2865564173010403,0.8519290582013542,30132.86915396094,0.9221551724137932,15841.649789447561,0.8628054135215693,27919.49907773286,0.9238793103448277,15490.78268447641,0.8801159287475306,24396.758667255446,0.9336206896551724,13508.383541389403,0.9516091930301026,9847.670562272584,0.9525862068965518,9648.845386706716,0.9719241389323927,5713.519733570973,0.9732758620689654,5438.440127052878,0.9785941514629742,4356.1527012695915,0.9806034482758619,3947.2549309254778,0.9853424695750763,2982.850254407358,0.9867241379310345,2701.676708277882,0.9881420331165708,2413.1308965149065,0.9888793103448275,2263.0928270639406,0.9939082747492298,1239.6838817501236,0.9946551724137932,1087.688025410576,0.9961293600345481,787.6865386569887,0.9968965517241379,631.5607889480763,0.9969556602938423,619.5320223640307,0.9977586206896552,456.1272364624996,0.9968684175918843,637.2861670382254,0.9977586206896552,456.1272364624996,1.0,0.0,1.0,0.0,1.0,0.0,1.0,0.0,1.0,0.0,1.0,0.0,1.0,0.0,1.0,0.0
14206,14,神奈川県,小田原市,41,344.62946754944386,238589.6313803842,5.740574550864101,0.3323066475070494,0.82837945512989,40946.882537860256,0.9265073529411765,17534.583570933373,0.8481414924118229,36231.865347438434,0.9275735294117647,17280.204919829288,0.8648182872567766,32252.95501277471,0.9361029411764706,15245.175710996606,0.9425603950889233,13704.494162368694,0.9571691176470589,10219.004432284846,0.9632939819186268,8757.67532347654,0.9832720588235294,3991.1133190468713,0.9663516021065196,8028.158849946014,0.9872426470588237,3043.772135624757,0.9787890059983029,5060.723240076453,0.9922058823529414,1859.5956563471136,0.9799866051884261,4774.988490763571,0.9932720588235295,1605.2170052430274,0.9893492159269311,2541.1666459055637,0.9943750000000001,1342.0666765146625,0.997376434303382,625.9555724583315,0.9982352941176471,421.0405259653842,0.9980349211745403,468.84743259984583,0.9989338235294118,254.37865110408632,0.9986357836644439,325.4878726234282,0.9996323529411764,87.71677624278838,1.0,0.0,1.0,0.0,1.0,0.0,1.0,0.0,1.0,0.0,1.0,0.0,1.0,0.0,1.0,0.0
14207,14,神奈川県,茅ヶ崎市,8,116.56584931819425,80699.43414336524,5.598483944147475,0.20924425347485454,0.8412535774383856,12810.746473005831,0.9310869565217392,5561.243613792775,0.8538971286218452,11790.41904693797,0.9321739130434783,5473.526837549987,0.8751359331138108,10076.45954255478,0.9454347826086955,4403.382167387977,0.9634157733700197,2952.32638761204,0.9691304347826087,2491.15644529519,0.983691827834624,1316.060265658398,0.9893478260869566,859.6244071793261,0.9825079257672895,1411.6004925734765,0.9926086956521738,596.474078450961,0.9898790395551402,816.7557808875674,0.9954347826086957,368.41046021971124,0.9945439059578854,440.30370183163274,0.9954347826086957,368.41046021971124,0.9962714116987975,300.8949660606147,0.9971739130434782,228.0636182312498,0.9990729767084121,74.81025506885379,1.0,0.0,0.9990297561883925,78.29812657781697,1.0,0.0,0.9989243379235268,86.80532090086851,1.0,0.0,1.0,0.0,1.0,0.0,1.0,0.0,1.0,0.0,1.0,0.0,1.0,0.0,1.0,0.0,1.0,0.0
14208,14,神奈川県,逗子市,5,83.62332668479152,57893.07232024029,5.250626209204463,0.1675965709645639,0.8497526157353864,8698.28268315821,0.9334848484848486,3850.766477058404,0.8650914694052755,7810.269318337739,0.9369696969696971,3649.017891699993,0.8825154367811754,6801.542314939266,0.9445454545454546,3210.434010486055,0.9748467701492888,1456.19775483485,0.9754545454545455,1421.0117751331718,0.9902459875020114,564.6897509585805,0.991060606060606,517.5289798324515,0.9941066735982896,341.18277158100597,0.9950000000000001,289.46536160120166,0.9956228810097234,253.4048662583902,0.9965151515151516,201.74858535841327,0.9975939718340383,139.29236261655814,0.9984848484848485,87.71677624278838,0.9975823471401678,139.9653518595084,0.9984848484848485,87.71677624278838,0.9975578251932606,141.38500270522698,0.9984848484848485,87.71677624278838,0.9990297561883927,56.170395153651306,1.0,0.0,0.9989243379235268,62.27338238540567,1.0,0.0,1.0,0.0,1.0,0.0,1.0,0.0,1.0,0.0,1.0,0.0,1.0,0.0,1.0,0.0,1.0,0.0
14210,14,神奈川県,三浦市,3,76.0212060770832,52630.06574567298,5.313839553425395,0.18111474353820076,0.8512677672505379,7827.787188104929,0.935,3420.9542734687416,0.8651967670520148,7094.703012781736,0.9366666666666666,3333.237497225955,0.88026748696963,6301.530032683024,0.9416666666666668,3070.087168497592,0.963038795888424,1945.270602431487,0.9633333333333332,1929.7690773413447,0.990824028849602,482.93196492585673,0.9916666666666665,438.58388121394194,0.9925947065154712,389.7410829567557,0.9933333333333333,350.86710497115354,0.9959282100200655,214.29857434653377,0.9966666666666668,175.43355248557677,0.9959291442235311,214.24940715671045,0.9966666666666668,175.43355248557677,0.9974308319886526,135.2154813488973,0.9983333333333334,87.71677624278838,0.9974063100417455,136.50607302682346,0.9983333333333334,87.71677624278838,0.9990297561883927,51.06399559422846,1.0,0.0,0.9989243379235266,56.61216580491424,1.0,0.0,1.0,0.0,1.0,0.0,1.0,0.0,1.0,0.0,1.0,0.0,1.0,0.0,1.0,0.0,1.0,0.0
14211,14,神奈川県,秦野市,20,309.15290471347174,214028.9340324035,5.611729656440442,0.30026537541782417,0.8294329350975678,36506.28708210334,0.9245901639344263,16139.886828673041,0.8431212073139708,33576.600770881225,0.9258196721311475,15876.736499944675,0.8589383669603294,30191.270952350736,0.9316393442622951,14631.158277297085,0.9417804084730629,12460.677114312231,0.951229508196721,10438.296372891818,0.9677982623368256,6892.103586040289,0.9754098360655737,5263.006574567303,0.9736321344342633,5643.486159744357,0.9833606557377046,3561.301115457208,0.9798339435481845,4316.119566019274,0.9859836065573767,2999.913747503363,0.9868140413819766,2822.176667210921,0.9877049180327867,2631.503287283652,0.9933597937372864,1421.1962681638706,0.994262295081967,1228.0348673990375,0.9966139603149694,724.7104643784729,0.9975409836065573,526.3006574567303,0.9986199201228189,295.3770249926508,0.9995901639344261,87.71677624278838,0.9989243379235264,230.22280760665123,1.0,0.0,1.0,0.0,1.0,0.0,1.0,0.0,1.0,0.0,1.0,0.0,1.0,0.0,1.0,0.0,1.0,0.0
14212,14,神奈川県,厚木市,26,423.1847138290965,292974.03265091294,5.758335264323342,0.3519178925989892,0.8231853242626228,51802.10858264296,0.9118562874251497,25823.818925876865,0.8347265845543391,48420.819013104985,0.9125449101796407,25622.070340518454,0.8498593289397928,43987.317865423145,0.9184131736526946,23902.8215261598,0.9375513172384894,18295.842422377315,0.9445808383233533,16236.375282540128,0.9645809102962862,10376.873543321515,0.9721856287425149,8148.888512955039,0.9697474487396802,8863.211940714393,0.9781437125748503,6403.3246657235495,0.9777144224027227,6529.095538629211,0.9833233532934132,4885.82443672331,0.9792725482043302,6072.605139154822,0.984880239520958,4429.697200260811,0.9867328079870269,3886.9427459946914,0.990748502994012,2710.448385902159,0.9963486745506618,1069.743541413575,0.9975748502994013,710.5058875665859,0.9978623402581871,626.2787949944834,0.9991317365269461,254.37865110408632,0.9989243379235266,315.1410563140226,1.0,0.0,1.0,0.0,1.0,0.0,1.0,0.0,1.0,0.0,1.0,0.0,1.0,0.0,1.0,0.0,1.0,0.0
14213,14,神奈川県,大和市,8,177.38281417986082,122803.48673990363,5.51558220008103,0.1771272140954222,0.8473676282167434,18743.787444365185,0.9328571428571429,8245.376966822096,0.8596651784437044,17233.605398135296,0.9335714285714286,8157.660190579307,0.879812183550426,14759.482923663238,0.9442857142857142,6841.908546937494,0.967136698109763,4035.728057907165,0.967857142857143,3947.2549309254773,0.9863380503654482,1677.7350507879355,0.9871428571428572,1578.9019723701908,0.9928007386411941,884.0943968132387,0.9935714285714285,789.4509861850954,0.9955363009231433,548.1578103957112,0.9964285714285713,438.58388121394194,0.9955376947777612,547.9866401886051,0.9964285714285713,438.58388121394194,0.9983832129410336,198.5470881570451,0.9992857142857143,87.71677624278838,0.9990729767084122,113.84169249608186,1.0,0.0,0.9990297561883927,119.14932305319974,1.0,0.0,0.9989243379235268,132.0950535447999,1.0,0.0,1.0,0.0,1.0,0.0,1.0,0.0,1.0,0.0,1.0,0.0,1.0,0.0,1.0,0.0,1.0,0.0
14214,14,神奈川県,伊勢原市,14,139.3722111413192,96488.45386706713,5.8308298636488916,0.5186503857721321,0.8205725568966431,17312.676566364054,0.8886363636363637,10745.305089741563,0.8315608827105978,16252.429997988002,0.8912727272727272,10490.926438637478,0.8456703272150321,14891.031512831936,0.8978181818181818,9859.365649689407,0.9141940283653411,8279.285535589657,0.9168181818181819,8026.085026215133,0.937396071061492,6040.556309280382,0.940181818181818,5771.763876775472,0.9408700796948237,5705.354587529353,0.9457272727272727,5236.691541694463,0.9525778780118985,4575.687229727353,0.9553636363636364,4306.893713520905,0.9701801918311552,2877.267184824369,0.9709090909090908,2806.936839769225,0.9805343170816249,1878.2136482606002,0.9812727272727273,1806.9655906014407,0.9888778900341554,1073.15519434384,0.9896363636363635,999.9712491677876,0.9957516186995939,409.9197431139386,0.9965454545454545,333.32374972259584,0.9991199128465219,84.91824870737136,1.0,0.0,1.0,0.0,1.0,0.0,1.0,0.0,1.0,0.0,1.0,0.0,1.0,0.0,1.0,0.0,1.0,0.0
14215,14,神奈川県,海老名市,14,177.38281417986082,122803.48673990364,5.743982027822268,0.2408068014601511,0.842293625814574,19366.89263107823,0.9271428571428572,8947.111176764402,0.853789760512965,17955.12720608423,0.9271428571428572,8947.111176764402,0.8700855700884547,15953.944970964596,0.9357142857142858,7894.5098618509455,0.9510851327542748,6006.916251194561,0.9535714285714285,5701.590455781243,0.9787589318518127,2608.4772306772966,0.9814285714285713,2280.636182312498,0.9852216201275587,1814.836576702602,0.9878571428571429,1491.1851961274026,0.9886714681237937,1391.1832140422864,0.9914285714285715,1052.6013149134606,0.9901023794604201,1215.4623126889187,0.9928571428571429,877.1677624278839,0.9940974986553194,724.8477456137696,0.995,614.0174336995187,0.9976444052798408,289.2752449816586,0.9985714285714287,175.43355248557677,0.9990297561883927,119.14932305319974,1.0,0.0,0.9989243379235268,132.0950535447999,1.0,0.0,1.0,0.0,1.0,0.0,1.0,0.0,1.0,0.0,1.0,0.0,1.0,0.0,1.0,0.0,1.0,0.0
14216,14,神奈川県,座間市,7,177.38281417986082,122803.48673990364,5.521683223145071,0.17607402899435584,0.847414928802422,18737.97876751901,0.932857142857143,8245.376966822094,0.8605863279955728,17120.485021356955,0.9349999999999999,7982.226638093733,0.8788313448003361,14879.933342103888,0.9435714285714286,6929.62532318028,0.9637320816516876,4453.826829970882,0.9642857142857141,4385.838812139419,0.9862090591873443,1693.575617217774,0.9871428571428572,1578.901972370191,0.9913108489768847,1067.0580424481725,0.992142857142857,964.8845386706721,0.9948220152088576,635.8745866384996,0.9957142857142857,526.3006574567303,0.998394837634904,197.1195352174515,0.9992857142857143,87.71677624278838,0.9990974986553192,110.83031191425866,1.0,0.0,0.9990729767084123,113.84169249608183,1.0,0.0,0.9990297561883927,119.14932305319974,1.0,0.0,0.9989243379235268,132.0950535447999,1.0,0.0,1.0,0.0,1.0,0.0,1.0,0.0,1.0,0.0,1.0,0.0,1.0,0.0,1.0,0.0,1.0,0.0
14217,14,神奈川県,南足柄市,17,103.89564830534705,71927.75651908641,5.695473267636567,0.30552793832495817,0.8233043855428696,12709.319134662845,0.9299999999999999,5034.942956336045,0.850491401851177,10753.818045158458,0.9400000000000001,4315.665391145189,0.8741796000301838,9049.979094163007,0.9550000000000001,3236.7490433588914,0.9507100012898445,3545.319026050148,0.965,2517.471478168027,0.9614783374220133,2770.776766619832,0.9800000000000001,1438.5551303817297,0.966177494302392,2432.776954682963,0.985,1078.9163477862971,0.9809491211175918,1370.2869777284618,0.995,359.6387825954324,0.9810909593105315,1360.0848747215819,0.995,359.6387825954324,0.9900124557316303,718.381652358891,0.995,359.6387825954324,0.9990729767084121,66.67870560484795,1.0,0.0,0.9990297561883926,69.78746064544556,1.0,0.0,0.9989243379235266,77.3699599333828,1.0,0.0,1.0,0.0,1.0,0.0,1.0,0.0,1.0,0.0,1.0,0.0,1.0,0.0,1.0,0.0,1.0,0.0
14218,14,神奈川県,綾瀬市,11,91.22544729249985,63156.07889480758,5.590143136006244,0.33381833466494243,0.8317816299862333,10624.012648145392,0.915138888888889,5359.495028434363,0.844636404522591,9812.155493352202,0.9169444444444445,5245.463219318739,0.8594641039851639,8875.696136265464,0.9215277777777777,4955.997857717539,0.9374344512406323,3951.394733543558,0.9379166666666665,3920.939898052638,0.9641421451502377,2264.64150989015,0.9651388888888889,2201.691083693988,0.9760511180427339,1512.5174783355283,0.9769444444444444,1456.0984856302873,0.9796632850501272,1284.387173835376,0.9805555555555556,1228.0348673990375,0.9832757900158564,1056.2355252119,0.9841666666666666,999.9712491677875,0.9882641653219859,741.1893008210773,0.9891666666666666,684.1908546937494,0.995461865597301,286.6107743720919,0.9963888888888888,228.0636182312498,0.997224200632837,175.30860382869906,0.9981944444444445,114.0318091156249,0.9989243379235268,67.9345989658971,1.0,0.0,1.0,0.0,1.0,0.0,1.0,0.0,1.0,0.0,1.0,0.0,1.0,0.0,1.0,0.0,1.0,0.0
14301,14,神奈川県,葉山町,1,25.340402025694402,17543.355248557662,5.163183357484615,0.14250661902129647,0.8512677672505379,2609.262396034976,0.935,1140.3180911562472,0.8638679510354996,2388.212895698276,0.935,1140.3180911562472,0.8876269397139549,1971.400516965676,0.95,877.1677624278839,0.9744252640008927,448.66667902041587,0.975,438.58388121394194,0.9940032562613488,105.20300574172222,0.995,87.71677624278838,0.9991066735982896,15.671942418122509,1.0,0.0,0.9991077294945718,15.65341845453847,1.0,0.0,0.9991091233491898,15.628965567809013,1.0,0.0,0.9990974986553192,15.832901702036953,1.0,0.0,0.9990729767084122,16.263098928011694,1.0,0.0,0.9990297561883927,17.02133186474282,1.0,0.0,0.9989243379235268,18.870721934971414,1.0,0.0,1.0,0.0,1.0,0.0,1.0,0.0,1.0,0.0,1.0,0.0,1.0,0.0,1.0,0.0,1.0,0.0
14321,14,神奈川県,寒川町,8,50.680804051388805,35086.710497115324,5.677363691439611,0.21674098188290356,0.8383715947717428,5671.0090623543,0.925,2631.5032872836478,0.851336353737861,5216.118317845234,0.9275,2543.7865110408593,0.874651857111603,4398.054000876231,0.9425,2017.485853584131,0.9669865827076136,1158.3322150584181,0.97,1052.6013149134606,0.9818939392454922,635.2821119365956,0.985,526.3006574567303,0.9820029518567026,631.4572180065243,0.9875,438.58388121394194,0.9892759932205082,376.2701212411332,0.9924999999999999,263.15032872836514,0.9941091233491898,206.6914836211948,0.995,175.43355248557677,0.9940974986553194,207.09935588964677,0.995,175.43355248557677,0.9990729767084122,32.52619785602339,1.0,0.0,0.9990297561883927,34.04266372948564,1.0,0.0,0.9989243379235268,37.74144386994283,1.0,0.0,1.0,0.0,1.0,0.0,1.0,0.0,1.0,0.0,1.0,0.0,1.0,0.0,1.0,0.0,1.0,0.0
14341,14,神奈川県,大磯町,6,50.680804051388805,35086.710497115324,5.5072215569488945,0.3030085730156863,0.8192001440376042,6343.672204072727,0.92,2806.936839769224,0.8396370145864785,5626.609643657357,0.9225000000000001,2719.220063526436,0.8597572368569674,4920.657229715105,0.935,2280.636182312496,0.9533839120715857,1635.6051816523475,0.9724999999999999,964.8845386706723,0.9641864404082299,1256.5799972676282,0.9875,438.58388121394194,0.9686851277388632,1098.7358572806531,0.99,350.86710497115354,0.9805182921886444,683.5490419664244,0.995,175.43355248557677,0.9805621705204248,682.009495642148,0.995,175.43355248557677,0.9920753441751003,278.0501047175346,0.9975,87.71677624278838,0.9990729767084122,32.52619785602339,1.0,0.0,0.9990297561883927,34.04266372948564,1.0,0.0,0.9989243379235268,37.74144386994283,1.0,0.0,1.0,0.0,1.0,0.0,1.0,0.0,1.0,0.0,1.0,0.0,1.0,0.0,1.0,0.0,1.0,0.0
14361,14,神奈川県,中井町,3,0.0,0.0,5.661610258518636,0.08125000000000003,0.935,0.0,0.9266666666666667,0.0,0.935,0.0,0.9316666666666668,0.0,0.9483333333333333,0.0,0.945,0.0,0.9700000000000001,0.0,0.9666666666666667,0.0,0.9899999999999999,0.0,0.9866666666666667,0.0,0.995,0.0,0.9883333333333333,0.0,1.0,0.0,1.0,0.0,1.0,0.0,1.0,0.0,1.0,0.0,1.0,0.0,1.0,0.0,1.0,0.0,1.0,0.0,1.0,0.0,1.0,0.0,1.0,0.0,1.0,0.0,1.0,0.0,1.0,0.0,1.0,0.0,1.0,0.0,1.0,0.0,1.0,0.0,1.0,0.0
14362,14,神奈川県,大井町,2,50.680804051388805,35086.710497115324,5.545395212838313,0.5182759761952915,0.8004401570488698,7001.8984364761045,0.91,3157.803944740378,0.8158565595676193,6460.987584393747,0.91,3157.803944740378,0.8315690706600435,5909.687256511142,0.915,2982.370392254801,0.9113325198122766,3111.05020785536,0.935,2280.6361823124944,0.9315068782866001,2403.198332601747,0.955,1578.901972370191,0.9507482666522264,1728.0813094544512,0.97,1052.6013149134606,0.9598695687204599,1408.044824429604,0.97,1052.6013149134606,0.9606601452827453,1380.3060934628907,0.975,877.1677624278839,0.9845753441751003,541.2004334458998,0.99,350.86710497115354,0.9940729767084122,207.95975034160017,0.995,175.43355248557677,0.9940297561883927,209.4762162150624,0.995,175.43355248557677,0.9989243379235268,37.74144386994283,1.0,0.0,1.0,0.0,1.0,0.0,1.0,0.0,1.0,0.0,1.0,0.0,1.0,0.0,1.0,0.0,1.0,0.0
14363,14,神奈川県,松田町,2,50.680804051388805,35086.710497115324,5.810371465091309,0.21245505787432198,0.8791962054371835,4238.60776677854,0.9325000000000001,2368.3529585552824,0.8894737894833089,3878.0011507423674,0.9325000000000001,2368.3529585552824,0.9085289634019136,3209.417779988097,0.9475,1842.0523010985562,0.9582338772341609,1465.435858071975,0.9675,1140.318091156249,0.9610743790864944,1365.7719919126266,0.9724999999999999,964.8845386706722,0.9756984950602055,852.6598684667894,0.9875,438.58388121394194,0.9852591460943222,517.2080734687889,0.9924999999999999,263.15032872836514,0.9928300726413726,251.56916551750336,1.0,0.0,0.9972876720875501,95.16666423737313,1.0,0.0,0.999536488354206,16.263098928011694,1.0,0.0,0.9995148780941963,17.02133186474282,1.0,0.0,0.9994621689617634,18.870721934971414,1.0,0.0,1.0,0.0,1.0,0.0,1.0,0.0,1.0,0.0,1.0,0.0,1.0,0.0,1.0,0.0,1.0,0.0
14364,14,神奈川県,山北町,13,0.0,0.0,5.546557256157058,0.09264423076923081,0.9350000000000003,0.0,0.9288461538461541,0.0,0.9369230769230771,0.0,0.9307692307692309,0.0,0.9446153846153847,0.0,0.9384615384615386,0.0,0.9657692307692306,0.0,0.9569230769230768,0.0,0.9888461538461536,0.0,0.9811538461538463,0.0,0.9938461538461536,0.0,0.9911538461538462,0.0,0.9976923076923077,0.0,0.9946153846153846,0.0,0.9988461538461538,0.0,0.9965384615384614,0.0,0.9996153846153846,0.0,0.9973076923076921,0.0,1.0,0.0,0.9976923076923074,0.0,1.0,0.0,0.9980769230769229,0.0,1.0,0.0,1.0,0.0,1.0,0.0,1.0,0.0,1.0,0.0,1.0,0.0,1.0,0.0,1.0,0.0,1.0,0.0,1.0,0.0
14366,14,神奈川県,開成町,4,0.0,0.0,5.674003336262381,0.08312500000000003,0.935,0.0,0.9299999999999999,0.0,0.935,0.0,0.9299999999999999,0.0,0.9425,0.0,0.9375,0.0,0.96875,0.0,0.9637499999999999,0.0,0.99,0.0,0.985,0.0,0.9975,0.0,0.9925,0.0,0.99875,0.0,0.9937500000000001,0.0,1.0,0.0,0.9950000000000001,0.0,1.0,0.0,0.9950000000000001,0.0,1.0,0.0,0.9950000000000001,0.0,1.0,0.0,1.0,0.0,1.0,0.0,1.0,0.0,1.0,0.0,1.0,0.0,1.0,0.0,1.0,0.0,1.0,0.0,1.0,0.0,1.0,0.0,1.0,0.0
14382,14,神奈川県,箱根町,18,98.82756790020817,68419.08546937488,5.66214920442102,0.3514815938116955,0.8223401563187751,12155.324029301508,0.93,4789.335982856239,0.8427419236505955,10759.453766499399,0.93,4789.335982856239,0.8571416911724598,9774.234841681835,0.933846153846154,4526.185654127875,0.946026046056396,3692.848567987552,0.9624358974358974,2570.1015439137,0.9543709928649966,3121.8949390525113,0.9801282051282051,1359.61003176322,0.9640892978127187,2456.9774022168735,0.9876923076923076,842.0810519307685,0.9756464973168495,1666.2443815571235,0.9901282051282053,675.4191770694706,0.9783524529750531,1481.105370102157,0.9926923076923078,499.9856245838938,0.9872676518674081,871.135615109649,0.9926923076923078,499.9856245838938,0.9966370792725149,230.08796068054352,0.9975641025641027,166.66187486129792,0.9990297561883927,66.383194272497,1.0,0.0,0.9989243379235269,73.59581554638851,1.0,0.0,1.0,0.0,1.0,0.0,1.0,0.0,1.0,0.0,1.0,0.0,1.0,0.0,1.0,0.0,1.0,0.0
14384,14,神奈川県,湯河原町,4,86.82582835991155,60110.188864554155,5.6449237636796665,0.32156579410909014,0.8250788640884147,10514.542516047744,0.9318777990669989,4094.8383639518083,0.8455902159669934,9281.601280759049,0.9318777990669989,4094.8383639518083,0.8578492346572367,8544.709351994425,0.9339592663556663,3969.720972114614,0.9429593725535997,3428.7228887557985,0.9618777990669987,2291.532698015189,0.9587476668992153,2479.685533791673,0.9818777990669988,1089.3289207241046,0.9653562564760773,2082.441966198176,0.9889592663556663,663.6605845641393,0.9803146239669757,1183.2916712148603,0.9947963317783314,312.79347959298565,0.9825379443497442,1049.647463100235,0.9968777990669988,187.6760877557914,0.9924938768864328,451.1944779971193,0.9979185327113328,125.11739183719426,0.9969915094197449,180.84093697637644,0.9979185327113328,125.11739183719426,0.9990297561883928,58.32153876038416,1.0,0.0,0.9989243379235269,64.65825057124552,1.0,0.0,1.0,0.0,1.0,0.0,1.0,0.0,1.0,0.0,1.0,0.0,1.0,0.0,1.0,0.0,1.0,0.0
14401,14,神奈川県,愛川町,5,91.22544729249985,63156.07889480758,5.385857129454634,0.15542326859819394,0.8467342557178603,9679.663437754218,0.9322222222222222,4280.578680648066,0.8638705427116818,8597.402744408364,0.9394444444444444,3824.4514441855717,0.8906144957906671,6908.359533792941,0.9594444444444443,2561.329866289421,0.9777949121221898,1402.3862818771008,0.98,1263.1215778961528,0.9950167905580667,314.7199686640957,0.9972222222222221,175.43355248557677,0.9952383500544563,300.7271396302237,0.9986111111111111,87.71677624278838,0.9952394059507382,300.6604533613212,0.9986111111111111,87.71677624278838,0.9952405612419047,300.587489701259,0.9986111111111111,87.71677624278838,0.9977086097664303,144.71522237011948,0.9986111111111111,87.71677624278838,0.9990729767084122,58.5471561408421,1.0,0.0,0.9990297561883926,61.27679471307415,1.0,0.0,0.9989243379235268,67.9345989658971,1.0,0.0,1.0,0.0,1.0,0.0,1.0,0.0,1.0,0.0,1.0,0.0,1.0,0.0,1.0,0.0,1.0,0.0
22103,22,静岡県,静岡市清水区,5,32.53052187767048,22521.13053069495,5.999921077155626,0.6696037527119431,0.7824167617410421,4900.22051012129,0.8658333333333333,3021.585012868239,0.7975996345095335,4558.285050671158,0.87,2927.7469689903437,0.8112912230752408,4249.934997410296,0.875,2815.141316336869,0.9101653481336932,2023.1779208606358,0.915,1914.29609510907,0.9118092395924032,1986.1556267407313,0.9208333333333335,1782.9228336800156,0.9210140421738228,1778.853066295304,0.9308333333333335,1557.711528373066,0.9351817647367716,1459.7799371324609,0.945,1238.6621791882233,0.9501822997629641,1121.9509297773159,0.96,900.8452212277987,0.9690974986553194,695.9592665085315,0.97,675.6339159208491,0.9840729767084123,358.6945705152674,0.985,337.81695796042453,0.9990297561883926,21.85098752780867,1.0,0.0,0.9989243379235269,24.225126031172422,1.0,0.0,1.0,0.0,1.0,0.0,1.0,0.0,1.0,0.0,1.0,0.0,1.0,0.0,1.0,0.0,1.0,0.0
22140,22,静岡県,浜松市天竜区,2,0.0,0.0,5.430991363782269,0.09593750000000004,0.935,0.0,0.875,0.0,0.935,0.0,0.875,0.0,0.9424999999999999,0.0,0.8825000000000001,0.0,0.97,0.0,0.91,0.0,0.9875,0.0,0.94,0.0,0.9924999999999999,0.0,0.9450000000000001,0.0,0.9924999999999999,0.0,0.9450000000000001,0.0,1.0,0.0,0.96,0.0,1.0,0.0,0.96,0.0,1.0,0.0,0.96,0.0,1.0,0.0,0.9675,0.0,1.0,0.0,0.99,0.0,1.0,0.0,1.0,0.0,1.0,0.0,1.0,0.0,1.0,0.0,1.0,0.0,1.0,0.0,1.0,0.0
22203,22,静岡県,沼津市,22,187.95412640431832,130122.08751068191,6.265069616419174,1.1708349481349367,0.7276554259429955,35438.04449850494,0.8323557692307694,21814.2172668148,0.75199499566408,32270.928877285656,0.8398076923076925,20844.557480076546,0.7687789284582519,30086.968505469,0.8484615384615387,19718.5009535418,0.8517657111183955,19288.55510993585,0.8719711538461541,16659.380723122402,0.8678219716093303,17199.280977240138,0.8969711538461539,13406.328535355353,0.8864608742941457,14773.948050983478,0.9090384615384617,11836.105267798568,0.9087228061402073,11877.179007153416,0.9223076923076923,10109.485260445286,0.914125944221249,11174.111400939822,0.9275961538461539,9421.33960534072,0.9439451054053811,7293.979899843056,0.9509615384615385,6380.986983696905,0.9671498997853354,4274.523614867276,0.9680769230769232,4153.897408994847,0.9854756924853876,1889.933213448463,0.9864423076923076,1764.1552249044391,0.9951743379235267,627.9252230118316,0.9962499999999999,487.9578281650576,0.9980769230769232,250.23478367438852,0.9980769230769232,250.23478367438852,0.9990384615384617,125.11739183719426,0.9990384615384617,125.11739183719426,1.0,0.0,1.0,0.0,1.0,0.0,1.0,0.0
22205,22,静岡県,熱海市,11,124.7003338644035,86331.00036766396,5.620250898018083,0.47067514050467935,0.8140168328014324,16056.112875798848,0.9265217391304348,6343.451766145739,0.8346219884629187,14277.24917481131,0.9272463768115942,6280.893070227142,0.8545230261650125,12559.172681634942,0.9393478260869565,5236.162848386574,0.9431814177732146,4905.205043110763,0.9657246376811593,2959.0263169496448,0.950915731903876,4237.493967052998,0.9807971014492755,1657.8054418428242,0.9637115710588726,3132.8163722584227,0.9886231884057971,982.171525921975,0.9742095984765695,2226.511163401487,0.9928260869565217,619.3310895941116,0.9765251647658215,2026.606009232709,0.995,431.65500183832023,0.9854408368579975,1256.9071185650937,0.9921739130434782,675.6339159208491,0.9926971085524471,630.4659242437051,0.9950000000000002,431.65500183832023,0.9976538880324276,202.54219313508702,1.0,0.0,0.997548454678297,211.64436006930075,1.0,0.0,0.9986250076926503,118.70446139134872,1.0,0.0,0.9986249485822645,118.70956445008738,1.0,0.0,0.9986248931920231,118.71434634503763,1.0,0.0,1.0,0.0,1.0,0.0
22206,22,静岡県,三島市,7,18.07251215426138,12511.739183719415,6.16524831911451,0.5319511248237725,0.7922029742796439,2599.90218896573,0.905,1188.6152224533441,0.8121393254597206,2350.4637627255747,0.905,1188.6152224533441,0.8305215312738438,2120.4703979578144,0.915,1063.49783061615,0.9069705858454108,1163.9597663164354,0.9299999999999999,875.8217428603584,0.9321561949896204,848.8439935209856,0.965,437.91087143017995,0.9413969901204109,733.2255749943511,0.965,437.91087143017995,0.9555188209287372,556.5369111239603,0.9750000000000001,312.79347959298565,0.9656606740228381,429.64469037097103,0.9849999999999999,187.6760877557914,0.9795753441751004,255.5479665983808,0.9849999999999999,187.6760877557914,0.9890729767084121,136.71606547877366,0.99,125.11739183719426,0.9990297561883926,12.139437515449261,1.0,0.0,0.9989243379235268,13.458403350651345,1.0,0.0,1.0,0.0,1.0,0.0,1.0,0.0,1.0,0.0,1.0,0.0,1.0,0.0,1.0,0.0,1.0,0.0
22207,22,静岡県,富士宮市,20,36.14502430852276,25023.47836743883,6.275314198219066,1.745247143359155,0.6879176643397659,7809.385575253653,0.82,4504.226106138991,0.6977354546170682,7563.710312633527,0.82,4504.226106138991,0.7151898917835205,7126.939581782986,0.83,4253.9913224646025,0.7840046599088236,5404.954720239145,0.855,3628.404363278631,0.7950049032969401,5129.690367780051,0.88,3002.8174040926597,0.8126346257282421,4688.5333898964145,0.8899999999999999,2752.5826204182713,0.8446868945006281,3886.4741356432787,0.91,2252.113053069494,0.8596874295268208,3511.108571915337,0.9250000000000002,1876.7608775579113,0.905191390365362,2372.4411922393138,0.9499999999999998,1251.1739183719426,0.9629036142677069,928.2806058822035,0.9849999999999999,375.3521755115828,0.9888971449434757,277.83205332374484,1.0,0.0,0.9924706846475602,188.40965984340332,1.0,0.0,0.9939903050661089,150.38347117313447,1.0,0.0,0.9971031634509564,72.48892671899873,1.0,0.0,1.0,0.0,1.0,0.0,1.0,0.0,1.0,0.0
22208,22,静岡県,伊東市,7,90.36256077130689,62558.69591859708,5.543744818492849,0.6512225798105683,0.7951170906627085,12817.207624149112,0.9180000000000003,5129.813065324958,0.8116650834882166,11781.986772915023,0.9180000000000003,5129.813065324958,0.8240602383518125,11006.562048939404,0.9210000000000002,4942.136977569166,0.9113255704166949,5547.3566760570275,0.9490000000000001,3190.493491848453,0.9406933032490997,3710.1496079760213,0.982,1126.0565265347484,0.9523403060075943,2981.528304044295,0.9879999999999999,750.7043510231656,0.9633678312035115,2291.660708578229,0.9910000000000002,563.0282632673742,0.9635115857453856,2282.667611906222,0.9910000000000002,563.0282632673742,0.9705804502305693,1840.4486680878595,0.9920000000000001,500.46956734877705,0.979076275983418,1308.960888238007,0.9939999999999999,375.3521755115828,0.9890307610946476,686.2212811383948,0.9979999999999999,125.11739183719426,0.9949248311466071,317.4959450349371,1.0,0.0,1.0,0.0,1.0,0.0,1.0,0.0,1.0,0.0,1.0,0.0,1.0,0.0,1.0,0.0,1.0,0.0
22210,22,静岡県,富士市,35,276.5094359601991,191429.60951090706,6.39231076286162,2.083873347807093,0.6570172832733524,65657.04753197217,0.769313725490196,44160.18344893768,0.6719500894326067,62798.46628000412,0.7711764705882354,43803.59888220167,0.6880242182487422,59721.40207750327,0.7804575163398693,42026.93191811352,0.7572587080452334,46467.87073107402,0.8036274509803921,37591.52037748498,0.7770744380884761,42674.55326672255,0.8311764705882353,32317.82231154725,0.7915456251136873,39904.33958532706,0.8402941176470589,30572.434695418393,0.8195362410283484,34546.10691081373,0.8572875816993464,27319.382507651342,0.836211534294245,31353.962032443273,0.8738235294117646,24153.912494170327,0.888300962836232,21382.50306700439,0.9140196078431373,16459.192896182893,0.9501800254805416,9537.018268103277,0.9651633986928103,6668.756984922452,0.9767485424160371,4451.017445857402,0.984248366013072,3015.3291432763817,0.9890025876783858,2105.230346357057,0.9940522875816993,1138.568265718468,0.9931312351717668,1314.884968890921,0.9968627450980391,600.5634808185325,0.9966326831885024,644.6041423245101,0.9984313725490197,300.28174040926626,1.0,0.0,1.0,0.0,1.0,0.0,1.0,0.0
22215,22,静岡県,御殿場市,11,112.04957535642055,77572.78293906037,6.090157397421057,0.5538761630307567,0.7889405656924036,16372.467684784053,0.9022580645161289,7582.113945333964,0.8101516187965734,14727.067266425394,0.9035483870967741,7482.020031864207,0.8273971516428319,13389.283290274148,0.9114516129032257,6868.944811861956,0.9097304208180116,7002.462471884711,0.9319354838709677,5279.953935529592,0.9225533430161946,6007.752711560612,0.9553225806451612,3465.751753890281,0.9363105544351763,4940.567536309178,0.9598387096774191,3115.4230567461373,0.9486629228563528,3982.3599419899374,0.9651612903225806,2702.5356636833963,0.9596053166735556,3133.5280015743474,0.9738709677419355,2026.9017477625473,0.9829624409492939,1321.650870051853,0.9883870967741936,900.8452212277987,0.9911697509019606,684.9869965800441,0.9920967741935482,613.075220002252,0.9977394336077474,175.35842606554084,0.9987096774193548,100.09391346975542,0.9989243379235269,83.44210077403835,1.0,0.0,1.0,0.0,1.0,0.0,1.0,0.0,1.0,0.0,1.0,0.0,1.0,0.0,1.0,0.0,1.0,0.0
22219,22,静岡県,下田市,1,18.07251215426138,12511.739183719415,6.254614201964802,61.00749999999999,0.005,12449.180487800819,0.005,12449.180487800819,0.005,12449.180487800819,0.005,12449.180487800819,0.005,12449.180487800819,0.005,12449.180487800819,0.005,12449.180487800819,0.005,12449.180487800819,0.005,12449.180487800819,0.005,12449.180487800819,0.005,12449.180487800819,0.005,12449.180487800819,0.005,12449.180487800819,0.005,12449.180487800819,0.005,12449.180487800819,0.005,12449.180487800819,0.005,12449.180487800819,0.005,12449.180487800819,0.015,12324.063095963624,0.015,12324.063095963624,0.02,12261.504400045027,0.02,12261.504400045027,0.05,11886.152224533444,0.05,11886.152224533444,0.125,10947.771785754489,0.125,10947.771785754489,0.34,8257.747861254813,0.34,8257.747861254813,0.4749999999999999,6568.663071452694,0.4749999999999999,6568.663071452694,0.74,3253.052187767048,0.74,3253.052187767048
22220,22,静岡県,裾野市,12,81.3263046941762,56302.82632673737,6.039250432480254,0.4953240459630302,0.7981968398189379,11362.088279861102,0.9081111111111112,5173.604152467977,0.8166480139787826,10323.235025614978,0.9087777777777777,5136.068934916819,0.8331168065398105,9395.995458240372,0.9165555555555557,4698.15806348664,0.9114023116630722,4988.30025938445,0.932888888888889,3778.5452334832626,0.926519944456565,4137.134805741025,0.9597777777777777,2264.6247922532166,0.9489073382535651,2876.6612608802593,0.9747777777777777,1420.0823973521549,0.9667284220335294,1873.2838758626986,0.9854444444444443,819.5189165336225,0.9686480495940388,1765.203418711308,0.9872222222222222,719.425003063867,0.9862420108417671,774.6136741811308,0.9916666666666667,469.1902193894785,0.9950729767084123,277.4053366940569,0.996,225.21130530694967,0.9961408672995038,217.28007820787423,0.9971111111111112,162.65260938835254,0.9978132268124157,123.12151099652817,0.998888888888889,62.55869591859713,1.0,0.0,1.0,0.0,1.0,0.0,1.0,0.0,1.0,0.0,1.0,0.0,1.0,0.0,1.0,0.0
22222,22,静岡県,伊豆市,8,90.36256077130689,62558.69591859708,5.80441917299312,25.320749424579063,0.48017145713831993,32519.79574269125,0.553,27963.737075612895,0.4896052931215964,31929.627266067546,0.553,27963.737075612895,0.4993970968690119,31317.064792938392,0.558,27650.943596019904,0.5552100707774517,27825.47792988772,0.577,26462.32837356657,0.5687177380381618,26980.455881155365,0.592,25523.947934787608,0.5725848304917454,26738.535620262526,0.5930000000000001,25461.38923886901,0.5800576117326856,26271.04817094436,0.595,25336.271847031818,0.582144563361013,26140.491198631003,0.597,25211.15445519462,0.5847470299889683,25977.684280214442,0.597,25211.15445519462,0.5934456095089554,25433.512489099834,0.603,24835.80227968304,0.6004186073927268,24997.290834847965,0.6070000000000001,24585.56749600865,0.6123549726714264,24250.567389004493,0.616,24022.539232741277,0.643,22333.454442939157,0.643,22333.454442939157,0.713,17954.34572863736,0.713,17954.34572863736,0.7910000000000001,13074.767446986789,0.7910000000000001,13074.767446986789,0.89,6881.456551045679,0.89,6881.456551045679
22225,22,静岡県,伊豆の国市,11,133.7365899415342,92586.86995952367,5.869041292622703,1.0090062359371574,0.7734905726719109,20971.79889263196,0.8854054054054054,10609.954827794063,0.7916329758749988,19292.050566514412,0.8854054054054054,10609.954827794063,0.8067560457412823,17891.85286341603,0.8915540540540542,10040.670694934828,0.884710219769646,10674.319889849867,0.909054054054054,8420.400470643168,0.9071973696833988,8592.305065024904,0.937027027027027,5830.470459613247,0.9164962493884375,7731.350899005212,0.9441891891891893,5167.348282876117,0.9285898638133979,6611.640992900808,0.9492567567567569,4698.15806348664,0.932786844479465,6223.055689749014,0.9533108108108109,4322.805887975057,0.9505243518963029,4580.795397140162,0.9625000000000002,3472.0076234821386,0.9632652276728579,3401.1575884458134,0.9707432432432431,2708.791533275256,0.9802464137485722,1828.9227214951902,0.9847297297297298,1413.826527760295,0.9933840140012311,612.5534353220562,0.996216216216216,350.3286971441439,0.9993918918918918,56.30282632673742,0.9993918918918918,56.30282632673742,1.0,0.0,1.0,0.0,1.0,0.0,1.0,0.0,1.0,0.0,1.0,0.0
22301,22,静岡県,東伊豆町,1,18.07251215426138,12511.739183719415,5.562964330085652,0.697953040297252,0.7901883650288801,2625.1084544683954,0.9200000000000002,1000.9391346975527,0.8094955844149808,2383.5415611466524,0.9250000000000002,938.3804387789556,0.824172724680684,2199.9050101793073,0.9299999999999999,875.8217428603584,0.9097846431717336,1128.7510150014514,0.955,563.0282632673742,0.9262341854198896,922.9386327009502,0.9750000000000001,312.79347959298565,0.9409814043452208,738.4252758219945,0.9849999999999999,187.6760877557914,0.9601027064134542,499.1845314911426,0.995,62.55869591859713,0.9602476257939998,497.37133799908963,0.995,62.55869591859713,0.9695850701739255,380.54366927497296,1.0,0.0,0.9790781857560797,261.76828307015745,1.0,0.0,0.9890310123212113,137.24111294643785,1.0,0.0,0.9939249544523773,76.00938542107144,1.0,0.0,1.0,0.0,1.0,0.0,1.0,0.0,1.0,0.0,1.0,0.0,1.0,0.0,1.0,0.0,1.0,0.0
22302,22,静岡県,河津町,1,0.0,0.0,5.516443298760285,0.09437500000000007,0.935,0.0,0.915,0.0,0.94,0.0,0.92,0.0,0.95,0.0,0.93,0.0,0.96,0.0,0.945,0.0,0.995,0.0,0.98,0.0,0.995,0.0,0.985,0.0,0.995,0.0,0.99,0.0,0.995,0.0,0.99,0.0,1.0,0.0,0.995,0.0,1.0,0.0,0.995,0.0,1.0,0.0,1.0,0.0,1.0,0.0,1.0,0.0,1.0,0.0,1.0,0.0,1.0,0.0,1.0,0.0,1.0,0.0,1.0,0.0,1.0,0.0,1.0,0.0
22304,22,静岡県,南伊豆町,3,18.07251215426138,12511.739183719415,5.6137710861842365,54.748125,0.11,11135.44787351028,0.11,11135.44787351028,0.11,11135.44787351028,0.11,11135.44787351028,0.11500000000000002,11072.889177591684,0.11500000000000002,11072.889177591684,0.12,11010.330481673085,0.12,11010.330481673085,0.125,10947.771785754489,0.125,10947.771785754489,0.125,10947.771785754489,0.125,10947.771785754489,0.125,10947.771785754489,0.125,10947.771785754489,0.125,10947.771785754489,0.125,10947.771785754489,0.125,10947.771785754489,0.125,10947.771785754489,0.125,10947.771785754489,0.125,10947.771785754489,0.13,10885.213089835892,0.13,10885.213089835892,0.175,10322.184826568517,0.175,10322.184826568517,0.225,9696.597867382547,0.225,9696.597867382547,0.365,7944.954381661829,0.365,7944.954381661829,0.53,5880.517416348125,0.53,5880.517416348125,0.77,2877.7000122554655,0.77,2877.7000122554655
22305,22,静岡県,松崎町,2,18.07251215426138,12511.739183719415,6.018056973424546,0.14750000000000005,0.9250000000000002,938.3804387789556,0.9250000000000002,938.3804387789556,0.9250000000000002,938.3804387789556,0.9250000000000002,938.3804387789556,0.9349999999999999,813.2630469417613,0.9349999999999999,813.2630469417613,0.96,500.46956734877705,0.96,500.46956734877705,0.9800000000000001,250.23478367438852,0.9800000000000001,250.23478367438852,0.9849999999999999,187.6760877557914,0.9849999999999999,187.6760877557914,0.99,125.11739183719426,0.99,125.11739183719426,0.995,62.55869591859713,0.995,62.55869591859713,0.995,62.55869591859713,0.995,62.55869591859713,1.0,0.0,1.0,0.0,1.0,0.0,1.0,0.0,1.0,0.0,1.0,0.0,1.0,0.0,1.0,0.0,1.0,0.0,1.0,0.0,1.0,0.0,1.0,0.0,1.0,0.0,1.0,0.0
22306,22,静岡県,西伊豆町,3,36.14502430852276,25023.47836743883,6.08313921680546,61.0420562345162,0.012299407720565796,24715.704404410943,0.015,24648.126191927247,0.012313467562198638,24715.352578267994,0.015,24648.126191927247,0.012657921612262726,24706.733139797638,0.015,24648.126191927247,0.014900076687335968,24650.6266207801,0.015,24648.126191927247,0.014906194508075713,24650.47353162516,0.015,24648.126191927247,0.015,24648.126191927247,0.015,24648.126191927247,0.015,24648.126191927247,0.015,24648.126191927247,0.015,24648.126191927247,0.015,24648.126191927247,0.015,24648.126191927247,0.015,24648.126191927247,0.025,24397.89140825286,0.025,24397.89140825286,0.03,24272.774016415664,0.03,24272.774016415664,0.055,23647.187057229694,0.055,23647.187057229694,0.12,22020.66096334617,0.12,22020.66096334617,0.315,17141.0826816956,0.315,17141.0826816956,0.49000000000000005,12761.973967393804,0.49000000000000005,12761.973967393804,0.73,6756.3391592084845,0.73,6756.3391592084845
22325,22,静岡県,函南町,4,36.14502430852276,25023.47836743883,5.717279277474356,0.4620972671239908,0.8028715303738135,4932.8399952971995,0.9175,2064.436965313703,0.8232112996478099,4423.868218870653,0.9175,2064.436965313703,0.8475276503164787,3815.3885439381643,0.9324999999999999,1689.0847898021198,0.9344705858454109,1639.7738775283024,0.9574999999999998,1063.4978306161513,0.9446561949896204,1384.8945074489857,0.9774999999999999,563.0282632673742,0.9488969901204111,1278.7750622329108,0.9725000000000001,688.1456551045685,0.9580188209287371,1050.5151263293235,0.9774999999999999,563.0282632673742,0.968160674022838,796.730684823345,0.9875,312.79347959298565,0.9845753441751004,385.9785413595673,0.99,250.23478367438852,0.9890729767084121,273.4321309575473,0.99,250.23478367438852,0.9990297561883926,24.278875030898522,1.0,0.0,0.9989243379235268,26.91680670130269,1.0,0.0,1.0,0.0,1.0,0.0,1.0,0.0,1.0,0.0,1.0,0.0,1.0,0.0,1.0,0.0,1.0,0.0
22341,22,静岡県,清水町,2,36.14502430852276,25023.47836743883,6.196023643549855,0.5335722622155482,0.7910093556542415,5229.67286778319,0.9025000000000001,2439.7891408252854,0.811194860507967,4724.561323740159,0.9025000000000001,2439.7891408252854,0.8212690858740826,4472.469163222463,0.9025000000000001,2439.7891408252854,0.9193615561351182,2017.8543556368054,0.9424999999999999,1438.850006127734,0.9250968154715883,1874.338217698988,0.9574999999999998,1063.4978306161513,0.938896990120411,1529.0098459072992,0.9625,938.380438778957,0.9480188209287372,1300.749910003712,0.9674999999999999,813.2630469417627,0.9606606740228381,984.4067725791364,0.9800000000000001,500.46956734877705,0.9795753441751004,511.0959331967616,0.9849999999999999,375.3521755115828,0.9940729767084122,148.31473912035304,0.995,125.11739183719426,0.9990297561883926,24.278875030898522,1.0,0.0,0.9989243379235268,26.91680670130269,1.0,0.0,1.0,0.0,1.0,0.0,1.0,0.0,1.0,0.0,1.0,0.0,1.0,0.0,1.0,0.0,1.0,0.0
22342,22,静岡県,長泉町,3,28.916019446818204,20018.782693951063,6.1631553922186555,0.5582400181358755,0.7911056003172418,4181.8115932325,0.9000000000000001,2001.8782693951061,0.8111402067739982,3780.7431602158604,0.9000000000000001,2001.8782693951061,0.8292402769823093,3418.4017879704243,0.91,1801.6904424555953,0.9057100012898446,1887.57099439153,0.92,1601.5026155160845,0.9064789306568491,1872.177964486466,0.93,1401.3147885765734,0.9357482666522265,1286.241487598768,0.955,900.8452212277987,0.9448695687204599,1103.6441236089156,0.955,900.8452212277987,0.9456601452827454,1087.817743205593,0.9600000000000001,800.7513077580434,0.9845753441751004,308.7828330876539,0.99,200.18782693951084,0.9990729767084122,18.55787782652702,1.0,0.0,0.9990297561883927,19.42310002471882,1.0,0.0,0.9989243379235269,21.533445361042155,1.0,0.0,1.0,0.0,1.0,0.0,1.0,0.0,1.0,0.0,1.0,0.0,1.0,0.0,1.0,0.0,1.0,0.0
22344,22,静岡県,小山町,19,75.90455104789778,52549.30457162154,5.758035516131133,0.8196394361334095,0.7837090703097196,11365.937940373735,0.8811904761904762,6243.3578526759875,0.8014592327210233,10433.179249626386,0.8838095238095239,6105.728721655074,0.815656089771794,9687.144284505659,0.8888095238095239,5842.982198796966,0.8945465294041094,5541.506544477991,0.9066666666666667,4904.601760018013,0.9047397898914381,5005.857794551475,0.9221428571428574,4091.33871307625,0.9245920774908294,3962.6338870476466,0.9373809523809523,3290.5874053182065,0.929139415341585,3723.6744453382403,0.9397619047619048,3165.4700134810128,0.9365882300762904,3332.24441114661,0.9445238095238097,2915.2352298066235,0.9555382748799665,2336.4327351123598,0.9588095238095238,2164.530878783458,0.9824063100417455,924.5361721549934,0.9833333333333333,875.8217428603599,0.9895059466645831,551.4552049136639,0.9904761904761904,500.4695673487771,0.9965433855425746,181.6426859099299,0.9976190476190475,125.11739183719428,1.0,0.0,1.0,0.0,1.0,0.0,1.0,0.0,1.0,0.0,1.0,0.0,1.0,0.0,1.0,0.0
