col,pp_bus,built_node_id,kv,lat,lon
0,0,hokkaido_jct_41.1863:141.3861:500,500.0,41.18635,141.38613
1,1,hokkaido_jct_41.2462:141.1327:66,66.0,41.24621,141.13268
2,2,hokkaido_jct_41.2898:141.1829:66,66.0,41.28982,141.1829
3,3,hokkaido_jct_41.4471:140.8899:66,66.0,41.44708,140.88993
4,4,hokkaido_jct_41.2035:140.9964:66,66.0,41.20354,140.99636
5,5,hokkaido_jct_41.4714:140.9129:66,66.0,41.47137,140.91285
6,6,hokkaido_jct_41.337:141.2024:66,66.0,41.33696,141.2024
7,7,hokkaido_jct_41.1881:141.31:154,154.0,41.18808,141.30998
8,8,hokkaido_sub_1@154,154.0,41.41063,141.44214
9,9,hokkaido_sub_1@66,66.0,41.41063,141.44214
10,10,hokkaido_sub_23,66.0,41.46523,140.88999
11,11,hokkaido_sub_30@154,154.0,41.30572,141.19351
12,12,hokkaido_sub_30@66,66.0,41.30572,141.19351
13,13,hokkaido_sub_61,66.0,41.46118,140.8871
14,14,hokkaido_sub_62,66.0,41.39963,141.15657
15,15,hokkaido_sub_63@154,154.0,41.35383,141.34125
16,16,hokkaido_sub_63@66,66.0,41.35383,141.34125
17,17,hokkaido_sub_67,66.0,41.50811,140.91146
18,18,hokkaido_sub_73@154,154.0,41.37949,141.40299
19,19,hokkaido_sub_73@66,66.0,41.37949,141.40299
20,20,hokkaido_sub_74@154,154.0,41.3768,141.40013
21,21,hokkaido_sub_74@66,66.0,41.3768,141.40013
22,22,hokkaido_sub_75@500,500.0,41.50864,140.91221
23,23,hokkaido_sub_75@66,66.0,41.50864,140.91221
24,24,hokkaido_sub_82,66.0,41.50814,140.91138
25,25,hokkaido_sub_83,66.0,41.50618,140.916
26,26,tohoku_jct_38.0553:139.3451:66,66.0,38.05531,139.34505
27,27,tohoku_jct_38.0217:139.3892:66,66.0,38.02173,139.38924
28,28,tohoku_jct_38.1266:139.4659:66,66.0,38.12663,139.46594
29,29,tohoku_jct_38.0653:139.7254:66,66.0,38.0653,139.72536
30,32,tohoku_jct_36.5817:139.2258:500,500.0,36.58171,139.22583
31,33,tohoku_jct_36.9325:140.0466:154,154.0,36.93246,140.04661
32,34,tohoku_jct_36.7616:139.9607:154,154.0,36.76156,139.96066
33,35,tohoku_jct_36.6061:139.9659:154,154.0,36.60605,139.96589
34,36,tohoku_jct_36.8777:140.0304:66,66.0,36.87766,140.0304
35,37,tohoku_jct_36.8786:140.0454:66,66.0,36.87862,140.04544
36,38,tohoku_jct_37.4673:140.0122:154,154.0,37.46733,140.01223
37,39,tohoku_jct_37.1305:140.1822:154,154.0,37.13048,140.18221
38,40,tohoku_jct_37.0583:140.1155:154,154.0,37.05831,140.11547
39,41,tohoku_jct_37.7963:139.0842:66,66.0,37.79627,139.08415
40,42,tohoku_jct_37.9052:139.1754:154,154.0,37.90524,139.17542
41,43,tohoku_jct_37.7518:138.8921:66,66.0,37.75181,138.89213
42,44,tohoku_jct_37.7964:139.0784:66,66.0,37.79635,139.07842
43,45,tohoku_jct_37.8987:139.0256:66,66.0,37.89867,139.02559
44,46,tohoku_jct_37.9242:139.2301:66,66.0,37.92416,139.23014
45,48,tohoku_jct_36.7125:139.8339:500,500.0,36.71247,139.83385
46,49,tohoku_jct_37.4699:138.9004:154,154.0,37.46995,138.90036
47,50,tohoku_jct_37.4428:138.8671:154,154.0,37.44277,138.86709
48,51,tohoku_jct_37.3802:139.0457:154,154.0,37.38016,139.04566
49,52,tohoku_jct_36.8479:139.9674:66,66.0,36.84786,139.96738
50,53,tohoku_jct_36.9156:140.0207:66,66.0,36.91556,140.02066
51,55,tohoku_jct_37.5626:139.0147:154,154.0,37.56259,139.01466
52,56,tohoku_jct_37.5641:139.0156:154,154.0,37.56411,139.01561
53,57,tohoku_jct_37.6505:139.1157:154,154.0,37.65053,139.1157
54,58,tohoku_jct_37.5583:139.7653:154,154.0,37.55834,139.76535
55,59,tohoku_jct_37.5748:139.8635:154,154.0,37.57483,139.86349
56,60,tohoku_jct_37.5613:139.969:66,66.0,37.56131,139.969
57,61,tohoku_jct_37.4357:139.9126:66,66.0,37.43572,139.91256
58,62,tohoku_jct_37.3513:139.9184:66,66.0,37.35131,139.91843
59,63,tohoku_jct_37.5152:139.907:66,66.0,37.51525,139.90698
60,64,tohoku_jct_37.496:139.9018:66,66.0,37.49596,139.90177
61,65,tohoku_jct_37.4917:139.9024:66,66.0,37.49171,139.90244
62,66,tohoku_jct_37.5513:139.8292:66,66.0,37.55127,139.82924
63,67,tohoku_jct_37.5282:139.9213:66,66.0,37.52821,139.92131
64,68,tohoku_jct_37.5389:139.9207:66,66.0,37.53893,139.92072
65,69,tohoku_jct_37.5438:139.9489:66,66.0,37.54384,139.94887
66,70,tohoku_jct_37.5525:139.9448:66,66.0,37.55253,139.94484
67,71,tohoku_jct_37.4406:139.6936:66,66.0,37.44062,139.69363
68,72,tohoku_jct_37.196:138.8515:275,275.0,37.19598,138.85154
69,73,tohoku_jct_37.4052:139.4488:154,154.0,37.40517,139.44875
70,74,tohoku_jct_37.2181:139.2242:275,275.0,37.21814,139.22415
71,75,tohoku_jct_37.3764:139.3964:275,275.0,37.37643,139.39636
72,76,tohoku_jct_37.3295:139.3073:275,275.0,37.32949,139.30729
73,77,tohoku_jct_37.1549:139.2485:275,275.0,37.15491,139.24846
74,78,tohoku_jct_37.3094:139.904:66,66.0,37.30944,139.90395
75,79,tohoku_jct_37.0123:139.6674:500,500.0,37.01226,139.66736
76,80,tohoku_jct_36.8292:139.6734:500,500.0,36.82922,139.67343
77,81,tohoku_jct_36.7166:139.8201:500,500.0,36.71657,139.82014
78,82,tohoku_jct_37.0677:139.261:275,275.0,37.06772,139.26098
79,83,tohoku_jct_36.5783:139.2251:275,275.0,36.57833,139.22511
80,84,tohoku_jct_37.5463:139.9526:66,66.0,37.54631,139.95263
81,85,tohoku_jct_37.4557:139.5993:275,275.0,37.45565,139.59925
82,86,tohoku_jct_37.4717:139.545:154,154.0,37.47174,139.54503
83,87,tohoku_jct_37.6308:139.896:66,66.0,37.63082,139.89598
84,88,tohoku_jct_37.6751:139.8871:66,66.0,37.67508,139.88706
85,89,tohoku_jct_37.6079:139.9054:66,66.0,37.6079,139.90542
86,90,tohoku_jct_37.5817:140.1143:154,154.0,37.58171,140.11432
87,91,tohoku_jct_37.6103:140.1216:154,154.0,37.61026,140.12155
88,92,tohoku_jct_37.6604:140.1092:154,154.0,37.66036,140.10922
89,93,tohoku_jct_37.619:139.6851:154,154.0,37.61902,139.68511
90,94,tohoku_jct_37.5633:139.7633:154,154.0,37.56335,139.76333
91,95,tohoku_jct_37.6155:139.6741:66,66.0,37.61546,139.67414
92,96,tohoku_jct_37.4837:139.9078:66,66.0,37.48371,139.90776
93,97,tohoku_jct_37.4854:139.9066:66,66.0,37.48542,139.90657
94,98,tohoku_jct_37.4839:139.9068:66,66.0,37.48387,139.90678
95,103,tohoku_jct_37.6277:138.9904:66,66.0,37.62774,138.99045
96,104,tohoku_jct_37.6747:139.045:66,66.0,37.67467,139.04505
97,105,tohoku_jct_37.3132:139.4461:154,154.0,37.31318,139.44607
98,108,tohoku_jct_36.9935:139.8643:500,500.0,36.99352,139.86426
99,111,tohoku_jct_37.5635:139.0135:154,154.0,37.56352,139.0135
100,113,tohoku_jct_37.3354:139.3023:275,275.0,37.33537,139.30229
101,114,tohoku_jct_37.7043:139.129:66,66.0,37.70429,139.12896
102,115,tohoku_jct_38.0583:139.4149:66,66.0,38.0583,139.41485
103,116,tohoku_jct_38.2343:139.5825:66,66.0,38.23427,139.58248
104,117,tohoku_jct_38.0719:139.5737:154,154.0,38.07193,139.57372
105,118,tohoku_jct_37.7302:139.2808:154,154.0,37.73024,139.28076
106,119,tohoku_jct_37.7198:139.3224:154,154.0,37.71985,139.32244
107,120,tohoku_jct_37.6288:139.73:66,66.0,37.62879,139.73004
108,121,tohoku_jct_37.7254:139.564:66,66.0,37.72538,139.56399
109,122,tohoku_jct_36.7951:139.8889:66,66.0,36.79509,139.88887
110,123,tohoku_jct_36.8364:139.966:66,66.0,36.83638,139.96602
111,124,tohoku_jct_36.8466:139.9837:66,66.0,36.84656,139.98373
112,125,tohoku_jct_36.8792:140.018:66,66.0,36.87915,140.01803
113,126,tohoku_jct_37.5102:139.9473:66,66.0,37.51017,139.94729
114,127,tohoku_jct_37.5415:139.8702:154,154.0,37.54151,139.87018
115,128,tohoku_jct_37.5437:139.8759:154,154.0,37.54365,139.87594
116,129,tohoku_jct_36.7255:139.225:154,154.0,36.72555,139.22497
117,130,tohoku_jct_36.9102:139.0558:275,275.0,36.91016,139.05577
118,131,tohoku_jct_36.7155:138.8442:275,275.0,36.71545,138.84416
119,132,tohoku_jct_36.7168:138.9795:154,154.0,36.71679,138.97952
120,133,tohoku_jct_37.0574:139.9118:275,275.0,37.05737,139.91177
121,134,tohoku_jct_36.7685:139.8406:275,275.0,36.76847,139.84061
122,135,tohoku_jct_36.8769:139.7059:66,66.0,36.87691,139.70595
123,136,tohoku_jct_36.9849:139.8931:66,66.0,36.98486,139.89312
124,137,tohoku_jct_37.0519:139.9282:66,66.0,37.05187,139.92822
125,138,tohoku_jct_36.9858:139.8928:66,66.0,36.98578,139.89278
126,139,tohoku_jct_36.9537:139.908:66,66.0,36.95372,139.90805
127,140,tohoku_jct_36.939:139.9497:66,66.0,36.93895,139.94969
128,141,tohoku_jct_36.936:139.9515:66,66.0,36.93597,139.9515
129,142,tohoku_jct_36.9243:139.9584:66,66.0,36.92433,139.95836
130,143,tohoku_jct_36.9543:139.8891:66,66.0,36.95432,139.88907
131,144,tohoku_jct_36.9174:139.9514:66,66.0,36.91737,139.95138
132,145,tohoku_jct_36.8926:140.0022:66,66.0,36.89257,140.00222
133,146,tohoku_jct_37.604:139.8876:66,66.0,37.60399,139.88763
134,147,tohoku_jct_36.8328:139.6699:500,500.0,36.83284,139.66987
135,150,tohoku_jct_37.2164:139.2107:275,275.0,37.21637,139.21073
136,151,tohoku_jct_37.0712:139.2682:275,275.0,37.07123,139.26818
137,153,tohoku_jct_36.8853:139.9957:66,66.0,36.8853,139.99573
138,154,tohoku_jct_38.0598:139.579:66,66.0,38.05984,139.57902
139,155,tohoku_jct_38.0396:139.6847:66,66.0,38.03963,139.68475
140,156,tohoku_jct_38.0387:139.8247:66,66.0,38.03873,139.82465
141,157,tohoku_jct_37.0704:139.918:66,66.0,37.07042,139.91799
142,158,tohoku_jct_37.0542:139.8989:66,66.0,37.05423,139.89889
143,159,tohoku_jct_38.28:140.0223:66,66.0,38.28002,140.02231
144,160,tohoku_jct_37.7135:139.5587:66,66.0,37.71353,139.55866
145,161,tohoku_jct_37.7684:139.65:66,66.0,37.76837,139.65001
146,162,tohoku_jct_36.811:139.6324:66,66.0,36.81102,139.63241
147,163,tohoku_jct_36.7686:139.6795:66,66.0,36.76865,139.67946
148,168,tohoku_jct_37.3177:139.0342:154,154.0,37.31772,139.03421
149,169,tohoku_jct_37.9969:140.0093:66,66.0,37.99687,140.00934
150,173,tohoku_jct_37.4467:139.9115:66,66.0,37.44668,139.91148
151,174,tohoku_jct_37.4469:139.904:66,66.0,37.44686,139.90403
152,177,tohoku_jct_37.909:139.3379:0,275.0,37.90902,139.33786
153,178,tohoku_jct_37.9084:139.3377:0,66.0,37.90842,139.33774
154,179,tohoku_jct_37.841:139.2236:66,66.0,37.841,139.22365
155,182,tohoku_jct_37.73:139.3218:154,154.0,37.73004,139.32179
156,183,tohoku_jct_37.8416:139.223:0,154.0,37.84159,139.22295
157,185,tohoku_jct_37.644:139.2921:154,154.0,37.64398,139.29209
158,186,tohoku_jct_37.3887:139.3846:275,275.0,37.3887,139.3846
159,187,tohoku_jct_38.0765:139.5975:66,66.0,38.07647,139.5975
160,188,tohoku_jct_37.9749:139.925:66,66.0,37.9749,139.92499
161,189,tohoku_jct_37.699:138.9916:154,154.0,37.69901,138.99158
162,190,tohoku_jct_37.926:139.1743:154,154.0,37.92598,139.17427
163,191,tohoku_jct_37.9493:139.1736:66,66.0,37.94934,139.17363
164,193,tohoku_jct_37.4568:139.6005:275,275.0,37.4568,139.60049
165,194,tohoku_jct_37.4417:139.4932:154,154.0,37.44172,139.49324
166,195,tohoku_jct_36.7819:139.7583:154,154.0,36.78186,139.75832
167,196,tohoku_jct_36.954:140.0382:66,66.0,36.95399,140.03816
168,197,tohoku_jct_36.9714:140.0338:66,66.0,36.97137,140.03383
169,198,tohoku_jct_36.8427:139.9903:66,66.0,36.84274,139.99032
170,199,tohoku_jct_36.8732:139.7024:66,66.0,36.87322,139.70245
171,200,tohoku_jct_36.9471:139.9119:66,66.0,36.94713,139.91193
172,203,tohoku_jct_36.8088:139.3134:154,154.0,36.80882,139.31342
173,204,tohoku_jct_38.0058:139.5116:66,66.0,38.00579,139.51163
174,205,tohoku_jct_38.0063:139.5126:66,66.0,38.0063,139.51262
175,206,tohoku_jct_37.9822:139.5349:66,66.0,37.98225,139.53492
176,207,tohoku_jct_36.8774:139.0778:154,154.0,36.87737,139.07781
177,208,tohoku_jct_37.6457:139.8841:66,66.0,37.64565,139.88411
178,209,tohoku_jct_36.7377:139.9638:0,66.0,36.73772,139.9638
179,210,tohoku_jct_36.936:139.9518:66,66.0,36.93603,139.95178
180,211,tohoku_jct_36.9387:139.9494:66,66.0,36.93873,139.94939
181,216,tohoku_jct_37.9154:139.1257:66,66.0,37.91543,139.12568
182,217,tohoku_jct_37.9964:140.1119:66,66.0,37.99638,140.11192
183,218,tohoku_jct_38.0511:140.0989:66,66.0,38.05109,140.09894
184,219,tohoku_jct_38.1857:140.0937:0,66.0,38.18566,140.09368
185,220,tohoku_jct_38.3637:140.272:66,66.0,38.36371,140.27202
186,221,tohoku_jct_38.3637:140.277:66,66.0,38.36367,140.27699
187,222,tohoku_jct_37.8001:140.4449:66,66.0,37.80012,140.44494
188,225,tohoku_jct_38.2422:140.9637:154,154.0,38.2422,140.96369
189,226,tohoku_jct_38.2638:140.9913:154,154.0,38.26376,140.99127
190,227,tohoku_jct_38.2422:140.9637:66,66.0,38.2422,140.96369
191,228,tohoku_jct_38.2983:140.9635:66,66.0,38.29831,140.96347
192,229,tohoku_jct_38.2933:140.9775:66,66.0,38.2933,140.97745
193,230,tohoku_jct_38.2806:141.0059:154,154.0,38.28055,141.00586
194,231,tohoku_jct_38.2864:141.0439:154,154.0,38.28639,141.04394
195,232,tohoku_jct_38.2784:141.0079:275,275.0,38.27845,141.0079
196,233,tohoku_jct_38.2624:141.0084:154,154.0,38.26245,141.00836
197,234,tohoku_jct_38.2886:140.9398:66,66.0,38.28863,140.93985
198,235,tohoku_jct_38.3401:140.8702:154,154.0,38.34009,140.87023
199,236,tohoku_jct_38.3089:140.7916:154,154.0,38.30891,140.79159
200,237,tohoku_jct_38.2329:140.9051:66,66.0,38.23288,140.90506
201,240,tohoku_jct_38.273:140.8252:66,66.0,38.27301,140.82525
202,241,tohoku_jct_38.2426:140.854:66,66.0,38.24261,140.854
203,242,tohoku_jct_38.2518:140.8483:66,66.0,38.25181,140.84825
204,243,tohoku_jct_37.3825:140.4206:66,66.0,37.38247,140.42064
205,244,tohoku_jct_36.1696:139.9035:500,500.0,36.16962,139.90352
206,245,tohoku_jct_36.5244:140.1537:500,500.0,36.52438,140.15367
207,246,tohoku_jct_37.3239:140.9777:66,66.0,37.32391,140.97766
208,247,tohoku_jct_38.1766:140.8751:66,66.0,38.17664,140.87509
209,248,tohoku_jct_38.2626:141.0089:154,154.0,38.26265,141.00892
210,249,tohoku_jct_36.8847:140.0564:66,66.0,36.88465,140.05636
211,250,tohoku_jct_36.8768:140.0633:66,66.0,36.87681,140.06331
212,251,tohoku_jct_36.6787:140.6524:275,275.0,36.67868,140.6524
213,252,tohoku_jct_36.9859:140.74:275,275.0,36.98592,140.74005
214,253,tohoku_jct_36.9252:140.7706:66,66.0,36.9252,140.77055
215,254,tohoku_jct_36.9348:140.7861:66,66.0,36.93478,140.78614
216,255,tohoku_jct_36.9404:140.7426:66,66.0,36.94039,140.74264
217,256,tohoku_jct_37.4737:140.991:66,66.0,37.47372,140.99096
218,257,tohoku_jct_37.4181:140.9665:66,66.0,37.41809,140.96654
219,258,tohoku_jct_38.2909:140.9804:66,66.0,38.29086,140.98039
220,259,tohoku_jct_38.2911:140.9804:66,66.0,38.29107,140.98038
221,260,tohoku_jct_38.2813:140.994:154,154.0,38.28127,140.994
222,261,tohoku_jct_36.9495:140.8275:154,154.0,36.94949,140.82749
223,262,tohoku_jct_37.7013:140.3558:154,154.0,37.70127,140.35581
224,263,tohoku_jct_37.7698:140.4394:66,66.0,37.76979,140.43941
225,264,tohoku_jct_37.798:140.4482:66,66.0,37.79805,140.44816
226,265,tohoku_jct_37.8007:140.4484:66,66.0,37.80072,140.44837
227,266,tohoku_jct_37.7089:140.4629:66,66.0,37.70886,140.46287
228,267,tohoku_jct_37.5998:140.9641:66,66.0,37.59976,140.96408
229,268,tohoku_jct_37.6276:140.9359:66,66.0,37.62757,140.93593
230,269,tohoku_jct_37.0112:140.764:154,154.0,37.01124,140.76404
231,270,tohoku_jct_37.8427:140.7503:500,500.0,37.84266,140.75026
232,271,tohoku_jct_37.6085:140.1306:154,154.0,37.60849,140.1306
233,272,tohoku_jct_37.6901:140.5472:66,66.0,37.6901,140.54719
234,273,tohoku_jct_37.6476:140.9487:66,66.0,37.64761,140.94869
235,274,tohoku_jct_36.8596:140.7717:66,66.0,36.85963,140.77175
236,275,tohoku_jct_37.8102:140.2642:66,66.0,37.8102,140.26418
237,276,tohoku_jct_37.1588:140.1882:66,66.0,37.15878,140.1882
238,277,tohoku_jct_37.1425:140.226:66,66.0,37.14246,140.226
239,278,tohoku_jct_37.5797:140.1233:154,154.0,37.57968,140.12328
240,279,tohoku_jct_37.112:140.2387:66,66.0,37.11204,140.23868
241,280,tohoku_jct_37.1318:140.1703:154,154.0,37.13183,140.17034
242,281,tohoku_jct_37.1229:140.1803:0,66.0,37.1229,140.18035
243,282,tohoku_jct_38.262:140.7152:154,154.0,38.262,140.71523
244,283,tohoku_jct_38.2417:140.6807:154,154.0,38.24172,140.68074
245,284,tohoku_jct_37.757:140.4101:66,66.0,37.75696,140.4101
246,285,tohoku_jct_37.7489:140.3948:66,66.0,37.74895,140.39482
247,286,tohoku_jct_37.7437:140.4112:154,154.0,37.74374,140.41121
248,287,tohoku_jct_38.0322:140.1373:66,66.0,38.03219,140.13729
249,288,tohoku_jct_38.0572:140.137:66,66.0,38.05719,140.13703
250,289,tohoku_jct_37.494:140.2187:0,66.0,37.49396,140.21866
251,290,tohoku_jct_37.9892:140.135:66,66.0,37.98919,140.13503
252,291,tohoku_jct_37.7856:140.8852:66,66.0,37.78563,140.88517
253,292,tohoku_jct_38.0474:140.789:66,66.0,38.04739,140.78902
254,293,tohoku_jct_38.0751:140.7706:66,66.0,38.07509,140.7706
255,294,tohoku_jct_38.0645:140.7485:66,66.0,38.06455,140.74848
256,295,tohoku_jct_38.273:140.2458:154,154.0,38.27296,140.24578
257,296,tohoku_jct_38.2921:140.2374:154,154.0,38.29214,140.23739
258,297,tohoku_jct_38.0916:140.8527:66,66.0,38.09157,140.85273
259,298,tohoku_jct_37.9656:140.6339:154,154.0,37.96563,140.63392
260,299,tohoku_jct_38.2515:140.649:154,154.0,38.25154,140.64902
261,300,tohoku_jct_38.2101:140.5613:154,154.0,38.21006,140.56125
262,301,tohoku_jct_38.2033:140.7069:66,66.0,38.20332,140.70695
263,302,tohoku_jct_38.3891:141.0647:66,66.0,38.38907,141.06472
264,303,tohoku_jct_38.3462:141.0157:66,66.0,38.34616,141.01574
265,304,tohoku_jct_36.9126:140.1115:66,66.0,36.91261,140.11147
266,305,tohoku_jct_36.973:140.8553:66,66.0,36.97303,140.85526
267,306,tohoku_jct_37.0235:140.8443:66,66.0,37.02348,140.84427
268,307,tohoku_jct_37.0436:140.888:66,66.0,37.04359,140.88805
269,308,tohoku_jct_37.8878:140.1407:66,66.0,37.88784,140.14073
270,309,tohoku_jct_37.8884:140.1422:66,66.0,37.88842,140.14218
271,310,tohoku_jct_37.8906:140.1678:66,66.0,37.89064,140.16777
272,311,tohoku_jct_37.9091:140.1688:66,66.0,37.90909,140.16882
273,312,tohoku_jct_38.3534:140.3315:66,66.0,38.35336,140.3315
274,313,tohoku_jct_38.2174:140.382:154,154.0,38.21741,140.38199
275,314,tohoku_jct_38.2625:140.3717:66,66.0,38.26254,140.37173
276,315,tohoku_jct_37.365:140.3774:66,66.0,37.36504,140.37744
277,316,tohoku_jct_37.361:140.381:66,66.0,37.36102,140.381
278,317,tohoku_jct_37.1966:140.8011:66,66.0,37.1966,140.80111
279,318,tohoku_jct_37.1598:140.836:66,66.0,37.15977,140.83604
280,319,tohoku_jct_37.1895:140.8015:66,66.0,37.1895,140.80152
281,322,tohoku_jct_37.0782:140.8852:66,66.0,37.0782,140.88517
282,323,tohoku_jct_38.2934:140.344:66,66.0,38.29336,140.34404
283,324,tohoku_jct_37.4499:140.3214:66,66.0,37.44986,140.3214
284,325,tohoku_jct_37.4439:140.3196:66,66.0,37.4439,140.31961
285,326,tohoku_jct_37.4624:140.3351:66,66.0,37.46238,140.33507
286,327,tohoku_jct_37.5804:140.4452:66,66.0,37.58041,140.44523
287,328,tohoku_jct_37.5962:140.4606:66,66.0,37.59625,140.46058
288,329,tohoku_jct_37.5207:140.9707:66,66.0,37.52067,140.9707
289,330,tohoku_jct_36.7346:140.1162:66,66.0,36.73462,140.11621
290,331,tohoku_jct_37.3042:140.3462:66,66.0,37.30417,140.34618
291,332,tohoku_jct_37.3305:140.341:66,66.0,37.33051,140.34098
292,333,tohoku_jct_37.266:140.3785:66,66.0,37.26596,140.37847
293,334,tohoku_jct_37.2522:140.3293:66,66.0,37.25215,140.32931
294,335,tohoku_jct_37.0295:140.8469:66,66.0,37.02946,140.84693
295,336,tohoku_jct_37.0095:140.8388:66,66.0,37.00953,140.8388
296,337,tohoku_jct_38.0877:140.8577:66,66.0,38.08765,140.85768
297,338,tohoku_jct_38.0932:140.8531:66,66.0,38.09318,140.85309
298,339,tohoku_jct_37.1209:140.9533:66,66.0,37.12091,140.95332
299,340,tohoku_jct_37.2422:140.9837:66,66.0,37.24222,140.98373
300,341,tohoku_jct_37.379:140.4205:154,154.0,37.37902,140.42053
301,342,tohoku_jct_37.0759:140.7989:66,66.0,37.07595,140.79891
302,343,tohoku_jct_37.7824:140.3623:66,66.0,37.78237,140.36226
303,344,tohoku_jct_37.8208:140.2231:66,66.0,37.82082,140.22306
304,345,tohoku_jct_37.8051:140.539:66,66.0,37.8051,140.53897
305,346,tohoku_jct_37.3785:140.4197:66,66.0,37.37847,140.41971
306,347,tohoku_jct_37.4326:140.5036:66,66.0,37.43256,140.50361
307,348,tohoku_jct_37.4389:140.5059:66,66.0,37.43893,140.5059
308,349,tohoku_jct_37.2476:140.3693:66,66.0,37.24764,140.36928
309,350,tohoku_jct_37.2307:140.3759:66,66.0,37.23069,140.37588
310,351,tohoku_jct_36.9688:140.8488:66,66.0,36.96875,140.84883
311,352,tohoku_jct_36.9482:140.8459:66,66.0,36.94822,140.84593
312,353,tohoku_jct_36.9443:140.8286:154,154.0,36.9443,140.82862
313,354,tohoku_jct_37.3766:140.3492:66,66.0,37.37662,140.34916
314,355,tohoku_jct_37.6875:140.4903:66,66.0,37.68751,140.49026
315,356,tohoku_jct_37.5907:140.4742:66,66.0,37.59069,140.47423
316,357,tohoku_jct_37.8666:140.5193:66,66.0,37.8666,140.51933
317,358,tohoku_jct_37.49:140.4121:66,66.0,37.49001,140.41209
318,359,tohoku_jct_37.4942:140.4141:66,66.0,37.49422,140.41405
319,360,tohoku_jct_37.5067:140.4179:66,66.0,37.50675,140.41789
320,361,tohoku_jct_37.5285:140.429:66,66.0,37.52846,140.42902
321,362,tohoku_jct_37.5442:140.437:66,66.0,37.54419,140.437
322,363,tohoku_jct_37.5638:140.4489:66,66.0,37.56385,140.44887
323,364,tohoku_jct_37.5046:140.4222:66,66.0,37.5046,140.42215
324,365,tohoku_jct_37.4797:140.3855:66,66.0,37.47971,140.38555
325,366,tohoku_jct_37.0087:140.8607:66,66.0,37.0087,140.86068
326,367,tohoku_jct_36.9103:140.8118:66,66.0,36.91029,140.81177
327,368,tohoku_jct_36.863:140.7709:66,66.0,36.86303,140.77095
328,369,tohoku_jct_36.9104:140.8116:66,66.0,36.91038,140.81161
329,370,tohoku_jct_36.8949:140.7776:66,66.0,36.89489,140.77763
330,371,tohoku_jct_38.0226:140.8588:66,66.0,38.02261,140.85883
331,372,tohoku_jct_37.3644:140.9867:66,66.0,37.36438,140.98667
332,373,tohoku_jct_38.1232:140.84:66,66.0,38.12318,140.83997
333,374,tohoku_jct_38.1212:140.897:66,66.0,38.1212,140.89704
334,375,tohoku_jct_38.1385:140.8492:66,66.0,38.1385,140.84916
335,376,tohoku_jct_37.458:140.3653:154,154.0,37.45805,140.36534
336,377,tohoku_jct_37.4767:140.374:0,66.0,37.47668,140.37398
337,378,tohoku_jct_37.4793:140.3741:0,66.0,37.47933,140.37415
338,379,tohoku_jct_37.4763:140.3798:0,66.0,37.47625,140.37978
339,380,tohoku_jct_38.0582:140.7198:66,66.0,38.05823,140.71979
340,381,tohoku_jct_38.0674:140.7902:66,66.0,38.0674,140.79015
341,382,tohoku_jct_37.4878:140.2737:66,66.0,37.48777,140.27367
342,383,tohoku_jct_37.4814:140.2671:66,66.0,37.48136,140.26712
343,384,tohoku_jct_37.465:140.3311:66,66.0,37.465,140.33109
344,385,tohoku_jct_38.1119:140.0414:66,66.0,38.1119,140.04144
345,386,tohoku_jct_38.2941:140.1475:66,66.0,38.29407,140.14749
346,387,tohoku_jct_38.2961:140.1359:66,66.0,38.29611,140.1359
347,388,tohoku_jct_38.2874:140.1366:66,66.0,38.28741,140.13661
348,389,tohoku_jct_38.1788:140.2875:66,66.0,38.17877,140.28746
349,390,tohoku_jct_38.2103:140.2823:66,66.0,38.21034,140.28227
350,391,tohoku_jct_38.1794:140.2944:66,66.0,38.17936,140.29443
351,392,tohoku_jct_38.2145:140.3146:66,66.0,38.21446,140.31457
352,393,tohoku_jct_37.8157:140.2718:66,66.0,37.81571,140.27183
353,394,tohoku_jct_37.8769:140.1613:66,66.0,37.87689,140.16128
354,395,tohoku_jct_36.9218:140.7103:0,66.0,36.92181,140.7103
355,398,tohoku_jct_38.2079:140.7646:66,66.0,38.2079,140.7646
356,399,tohoku_jct_36.8021:140.7171:66,66.0,36.80214,140.71709
357,400,tohoku_jct_36.7795:140.6851:66,66.0,36.77953,140.68506
358,401,tohoku_jct_36.7779:140.6833:66,66.0,36.77787,140.68331
359,402,tohoku_jct_36.8049:140.7152:66,66.0,36.80486,140.7152
360,405,tohoku_jct_37.8283:140.9051:66,66.0,37.82829,140.9051
361,406,tohoku_jct_38.3037:140.4071:66,66.0,38.30372,140.40712
362,407,tohoku_jct_38.2411:140.3743:66,66.0,38.24106,140.37434
363,408,tohoku_jct_38.3589:140.9068:66,66.0,38.35886,140.90682
364,409,tohoku_jct_37.2909:140.629:66,66.0,37.29087,140.62901
365,410,tohoku_jct_37.08:140.3716:66,66.0,37.08,140.37156
366,411,tohoku_jct_37.0768:140.3588:66,66.0,37.07683,140.35885
367,412,tohoku_jct_37.1117:140.2426:66,66.0,37.11167,140.24259
368,413,tohoku_jct_37.1059:140.2448:66,66.0,37.1059,140.24484
369,414,tohoku_jct_37.0561:140.353:66,66.0,37.05606,140.35303
370,415,tohoku_jct_37.0532:140.3584:66,66.0,37.05316,140.35841
371,416,tohoku_jct_37.1591:140.2794:66,66.0,37.15907,140.27943
372,417,tohoku_jct_37.1579:140.2787:66,66.0,37.15792,140.27868
373,418,tohoku_jct_37.1622:140.282:66,66.0,37.1622,140.28203
374,419,tohoku_jct_37.1608:140.2842:66,66.0,37.16077,140.28419
375,420,tohoku_jct_37.1781:140.3033:66,66.0,37.17812,140.30335
376,421,tohoku_jct_37.1807:140.307:66,66.0,37.18067,140.307
377,422,tohoku_jct_37.1801:140.304:66,66.0,37.18008,140.30401
378,423,tohoku_jct_37.1684:140.3964:66,66.0,37.16839,140.39641
379,424,tohoku_jct_37.5273:140.3936:66,66.0,37.52731,140.39363
380,425,tohoku_jct_37.4538:140.3261:66,66.0,37.4538,140.32614
381,429,tohoku_jct_37.9775:140.7607:66,66.0,37.97747,140.76071
382,430,tohoku_jct_37.9773:140.7695:66,66.0,37.97732,140.7695
383,431,tohoku_jct_37.0153:140.8614:66,66.0,37.01531,140.86145
384,432,tohoku_jct_37.5535:140.9748:66,66.0,37.55348,140.97481
385,433,tohoku_jct_37.6809:140.9324:66,66.0,37.68088,140.93237
386,434,tohoku_jct_37.2884:140.6469:66,66.0,37.28842,140.64691
387,435,tohoku_jct_37.3867:140.3868:66,66.0,37.38669,140.38679
388,437,tohoku_jct_38.2501:141.003:66,66.0,38.25015,141.00301
389,438,tohoku_jct_37.2586:140.9917:66,66.0,37.25856,140.99172
390,439,tohoku_jct_38.3015:140.6589:0,66.0,38.30151,140.65888
391,440,tohoku_jct_37.2571:140.9811:66,66.0,37.25707,140.98112
392,441,tohoku_jct_38.0264:140.6249:66,66.0,38.02641,140.62491
393,442,tohoku_jct_38.0157:140.6085:66,66.0,38.01574,140.60852
394,443,tohoku_jct_38.0417:140.7001:66,66.0,38.04166,140.70014
395,444,tohoku_jct_38.0347:140.6975:66,66.0,38.03467,140.69748
396,445,tohoku_jct_38.0181:140.6844:66,66.0,38.01811,140.68443
397,446,tohoku_jct_37.8221:140.4876:66,66.0,37.82212,140.48764
398,447,tohoku_jct_37.8085:140.4688:66,66.0,37.80848,140.46883
399,448,tohoku_jct_38.0097:140.6547:66,66.0,38.00972,140.65465
400,449,tohoku_jct_37.3235:140.9776:66,66.0,37.32349,140.97757
401,450,tohoku_jct_37.6253:140.9695:66,66.0,37.6253,140.96951
402,451,tohoku_jct_36.9432:140.8187:0,66.0,36.94319,140.81871
403,452,tohoku_jct_38.2132:140.8521:66,66.0,38.21316,140.85207
404,453,tohoku_jct_37.9967:140.4608:66,66.0,37.99672,140.46079
405,454,tohoku_jct_37.9928:140.4596:66,66.0,37.99277,140.45957
406,455,tohoku_jct_37.9592:140.5162:66,66.0,37.95916,140.51617
407,456,tohoku_jct_37.9605:140.5221:66,66.0,37.96052,140.52211
408,457,tohoku_jct_38.0348:140.6979:66,66.0,38.03481,140.69791
409,460,tohoku_jct_37.4468:140.2972:66,66.0,37.44683,140.29721
410,461,tohoku_jct_37.5854:140.4696:66,66.0,37.58542,140.46962
411,462,tohoku_jct_37.5858:140.5108:66,66.0,37.58583,140.51078
412,463,tohoku_jct_37.8089:140.5399:66,66.0,37.80889,140.53987
413,464,tohoku_jct_37.5151:140.9782:66,66.0,37.51506,140.97825
414,465,tohoku_jct_36.9192:140.1041:66,66.0,36.91917,140.10415
415,466,tohoku_jct_36.9197:140.1677:66,66.0,36.91973,140.16767
416,467,tohoku_jct_36.9106:140.812:66,66.0,36.91057,140.81197
417,468,tohoku_jct_36.9105:140.812:66,66.0,36.91053,140.81204
418,469,tohoku_jct_36.9106:140.8119:66,66.0,36.91062,140.81189
419,470,tohoku_jct_36.8072:140.7424:66,66.0,36.80719,140.74239
420,471,tohoku_jct_38.2451:140.913:66,66.0,38.24513,140.913
421,472,tohoku_jct_38.251:140.9145:66,66.0,38.25096,140.91451
422,479,tohoku_jct_37.8065:140.4752:66,66.0,37.80647,140.47519
423,484,tohoku_jct_37.0376:140.6214:66,66.0,37.03755,140.6214
424,485,tohoku_jct_37.0529:140.3763:66,66.0,37.05287,140.37633
425,486,tohoku_jct_37.0572:140.3574:66,66.0,37.05718,140.35745
426,487,tohoku_jct_37.1992:140.4051:66,66.0,37.19916,140.40507
427,488,tohoku_jct_37.0223:140.3931:66,66.0,37.02233,140.39313
428,492,tohoku_jct_38.3935:140.9121:66,66.0,38.39351,140.91209
429,493,tohoku_jct_38.3917:141.47:66,66.0,38.39167,141.46999
430,494,tohoku_jct_38.3379:141.4995:66,66.0,38.33792,141.49955
431,495,tohoku_jct_38.3449:141.519:66,66.0,38.34486,141.51904
432,502,tohoku_jct_39.2016:139.9842:66,66.0,39.20155,139.9842
433,503,tohoku_jct_39.2144:139.9574:66,66.0,39.21441,139.95737
434,504,tohoku_jct_39.2175:139.9543:66,66.0,39.21746,139.95427
435,505,tohoku_jct_39.222:139.9572:66,66.0,39.22204,139.95717
436,506,tohoku_jct_38.9499:139.9645:154,154.0,38.94987,139.96451
437,507,tohoku_jct_38.9594:139.9265:154,154.0,38.95939,139.92646
438,508,tohoku_jct_38.9619:139.9232:154,154.0,38.96189,139.9232
439,509,tohoku_jct_38.9902:139.9438:154,154.0,38.99015,139.9438
440,510,tohoku_jct_39.1834:139.96:66,66.0,39.18338,139.95999
441,511,tohoku_jct_39.0132:139.8829:66,66.0,39.01318,139.88293
442,512,tohoku_jct_38.7584:139.8631:66,66.0,38.75845,139.86313
443,513,tohoku_jct_38.8516:139.8561:66,66.0,38.85158,139.8561
444,514,tohoku_jct_38.7076:139.8675:66,66.0,38.70762,139.8675
445,515,tohoku_jct_38.7684:139.8791:66,66.0,38.76843,139.87913
446,516,tohoku_jct_38.7477:139.8355:0,66.0,38.74769,139.83554
447,517,tohoku_jct_38.6305:139.8641:66,66.0,38.63054,139.86408
448,518,tohoku_jct_38.7588:139.9023:66,66.0,38.7588,139.9023
449,521,tohoku_jct_38.8359:139.8585:66,66.0,38.83593,139.8585
450,522,tohoku_jct_38.9155:139.8742:154,154.0,38.91546,139.87424
451,523,tohoku_jct_38.9383:139.8689:66,66.0,38.93831,139.86889
452,524,tohoku_jct_38.5913:139.8992:66,66.0,38.59127,139.89917
453,525,tohoku_jct_38.4634:139.9944:66,66.0,38.46341,139.99437
454,526,tohoku_jct_38.4664:140.0116:66,66.0,38.46642,140.01162
455,527,tohoku_jct_38.9914:139.9594:66,66.0,38.9914,139.95942
456,528,tohoku_jct_39.2632:140.0667:66,66.0,39.26319,140.06666
457,529,tohoku_jct_39.2133:139.9719:154,154.0,39.21326,139.97191
458,530,tohoku_jct_38.7138:139.7403:66,66.0,38.7138,139.74033
459,531,tohoku_jct_38.7056:139.7237:66,66.0,38.70557,139.72368
460,532,tohoku_jct_39.8681:139.8507:66,66.0,39.86807,139.85067
461,533,tohoku_jct_39.8806:139.8402:66,66.0,39.88057,139.84021
462,534,tohoku_jct_39.1729:140.0002:0,154.0,39.17293,140.00022
463,535,tohoku_jct_38.59:139.8881:66,66.0,38.58995,139.88814
464,536,tohoku_jct_38.8853:139.8659:66,66.0,38.88531,139.86588
465,537,tohoku_jct_39.1789:139.9178:0,66.0,39.17892,139.91779
466,540,tohoku_jct_38.4532:140.3674:66,66.0,38.45324,140.36744
467,541,tohoku_jct_39.7189:140.1595:66,66.0,39.71894,140.15954
468,542,tohoku_jct_39.6759:140.1709:66,66.0,39.67593,140.1709
469,543,tohoku_jct_39.4064:140.0914:154,154.0,39.40645,140.09139
470,544,tohoku_jct_39.6781:140.168:66,66.0,39.67809,140.16804
471,545,tohoku_jct_39.8422:141.1341:275,275.0,39.84216,141.13406
472,546,tohoku_jct_39.6511:140.1656:66,66.0,39.65109,140.16559
473,547,tohoku_jct_39.372:140.1217:66,66.0,39.37197,140.12174
474,548,tohoku_jct_39.6574:140.1772:66,66.0,39.6574,140.17722
475,549,tohoku_jct_39.636:140.406:154,154.0,39.636,140.40601
476,550,tohoku_jct_38.8553:141.1278:500,500.0,38.85532,141.12778
477,551,tohoku_jct_38.6571:140.9235:275,275.0,38.65711,140.92352
478,552,tohoku_jct_38.6522:140.9206:275,275.0,38.6522,140.92056
479,553,tohoku_jct_39.3448:140.5406:66,66.0,39.34478,140.54063
480,554,tohoku_jct_39.3477:140.5386:66,66.0,39.34775,140.5386
481,555,tohoku_jct_39.425:140.495:66,66.0,39.42495,140.49497
482,556,tohoku_jct_39.452:140.4942:66,66.0,39.45198,140.49419
483,557,tohoku_jct_39.2205:140.4943:66,66.0,39.22054,140.49434
484,558,tohoku_jct_39.2736:140.5418:66,66.0,39.27357,140.54183
485,559,tohoku_jct_39.1487:140.4844:66,66.0,39.14871,140.48442
486,560,tohoku_jct_38.5356:140.5184:66,66.0,38.53559,140.51836
487,561,tohoku_jct_38.488:140.3685:66,66.0,38.48799,140.3685
488,562,tohoku_jct_39.7061:140.9737:66,66.0,39.70607,140.97371
489,563,tohoku_jct_39.7109:141.0093:66,66.0,39.71091,141.00932
490,564,tohoku_jct_39.7121:141.035:66,66.0,39.71211,141.03504
491,565,tohoku_jct_39.7009:140.948:66,66.0,39.70089,140.948
492,566,tohoku_jct_39.6893:140.706:66,66.0,39.68928,140.70602
493,567,tohoku_jct_39.7433:140.7206:66,66.0,39.74326,140.72056
494,568,tohoku_jct_39.4879:140.5209:66,66.0,39.48794,140.52089
495,569,tohoku_jct_39.8154:140.5906:66,66.0,39.8154,140.59056
496,570,tohoku_jct_40.0118:140.4391:66,66.0,40.01181,140.43914
497,571,tohoku_jct_38.699:140.3065:66,66.0,38.69897,140.3065
498,572,tohoku_jct_38.553:141.0442:66,66.0,38.553,141.04425
499,573,tohoku_jct_38.5293:141.0964:66,66.0,38.5293,141.09638
500,574,tohoku_jct_38.5622:140.9878:66,66.0,38.56224,140.98778
501,575,tohoku_jct_38.7345:141.0037:66,66.0,38.7345,141.00374
502,576,tohoku_jct_38.7892:140.9963:66,66.0,38.78925,140.99631
503,577,tohoku_jct_38.8108:141.0009:66,66.0,38.81078,141.00085
504,578,tohoku_jct_38.9727:141.0032:154,154.0,38.97271,141.0032
505,579,tohoku_jct_38.518:140.9537:154,154.0,38.51804,140.95367
506,580,tohoku_jct_38.5876:140.866:66,66.0,38.58759,140.86602
507,581,tohoku_jct_38.5628:141.0511:66,66.0,38.56283,141.05112
508,582,tohoku_jct_39.3751:140.9826:154,154.0,39.37512,140.98258
509,583,tohoku_jct_39.6321:140.7056:66,66.0,39.6321,140.70557
510,584,tohoku_jct_39.7817:140.0486:154,154.0,39.78167,140.04856
511,585,tohoku_jct_39.7819:140.0502:275,275.0,39.78192,140.05019
512,586,tohoku_jct_39.8542:140.0703:66,66.0,39.85421,140.07028
513,587,tohoku_jct_39.7882:140.1113:66,66.0,39.78823,140.11126
514,588,tohoku_jct_39.7728:140.1217:66,66.0,39.77279,140.12171
515,589,tohoku_jct_39.9056:140.0883:66,66.0,39.90562,140.08829
516,590,tohoku_jct_39.5856:140.5957:66,66.0,39.58558,140.59573
517,591,tohoku_jct_39.7627:140.6938:66,66.0,39.7627,140.69384
518,592,tohoku_jct_38.4245:140.2592:66,66.0,38.42446,140.25919
519,593,tohoku_jct_38.4764:140.2874:154,154.0,38.47644,140.28741
520,594,tohoku_jct_38.6415:140.9584:275,275.0,38.64149,140.95841
521,595,tohoku_jct_38.7292:141.1517:66,66.0,38.72918,141.15167
522,596,tohoku_jct_38.7348:141.1324:66,66.0,38.73479,141.13238
523,597,tohoku_jct_38.8116:140.2652:66,66.0,38.81158,140.26519
524,598,tohoku_jct_39.7363:140.0655:0,66.0,39.73631,140.06549
525,599,tohoku_jct_39.7418:140.0585:0,66.0,39.74179,140.05854
526,600,tohoku_jct_39.1251:140.993:66,66.0,39.12515,140.99299
527,601,tohoku_jct_39.1311:141.0853:66,66.0,39.13113,141.08531
528,602,tohoku_jct_39.1287:140.989:66,66.0,39.12869,140.98896
529,603,tohoku_jct_39.6752:141.1042:154,154.0,39.67524,141.10421
530,604,tohoku_jct_39.7:141.04:66,66.0,39.70002,141.03999
531,605,tohoku_jct_39.6957:141.0303:66,66.0,39.6957,141.03026
532,606,tohoku_jct_39.3062:141.0594:66,66.0,39.30624,141.05944
533,607,tohoku_jct_39.9235:140.9654:66,66.0,39.92346,140.96544
534,608,tohoku_jct_39.9392:140.9372:66,66.0,39.93923,140.93717
535,609,tohoku_jct_39.8718:140.9198:66,66.0,39.87179,140.9198
536,610,tohoku_jct_39.8981:140.9609:66,66.0,39.89806,140.96086
537,611,tohoku_jct_39.9076:140.9581:66,66.0,39.90758,140.95809
538,612,tohoku_jct_39.9065:140.9529:66,66.0,39.9065,140.95291
539,613,tohoku_jct_39.321:141.0147:66,66.0,39.32099,141.01467
540,614,tohoku_jct_39.3301:141.008:66,66.0,39.33009,141.00802
541,615,tohoku_jct_38.4151:140.2408:154,154.0,38.41515,140.24083
542,616,tohoku_jct_39.7317:140.0668:0,66.0,39.73173,140.0668
543,617,tohoku_jct_39.7324:140.0662:0,66.0,39.73242,140.06616
544,620,tohoku_jct_38.4168:140.1682:66,66.0,38.41678,140.16816
545,621,tohoku_jct_38.3825:140.1704:66,66.0,38.38251,140.17038
546,622,tohoku_jct_38.4344:140.0757:66,66.0,38.4344,140.07568
547,623,tohoku_jct_38.4499:140.0469:154,154.0,38.4499,140.04689
548,625,tohoku_jct_38.8726:140.2252:66,66.0,38.8726,140.22515
549,626,tohoku_jct_39.5144:140.1899:66,66.0,39.51438,140.18985
550,627,tohoku_jct_38.7335:140.306:66,66.0,38.73348,140.30597
551,628,tohoku_jct_38.6994:140.3221:66,66.0,38.69937,140.32211
552,629,tohoku_jct_39.6565:140.2595:66,66.0,39.6565,140.25952
553,630,tohoku_jct_39.6526:140.1692:66,66.0,39.65257,140.16916
554,631,tohoku_jct_39.6679:140.1636:66,66.0,39.66787,140.16365
555,632,tohoku_jct_39.2964:141.0543:66,66.0,39.2964,141.05425
556,633,tohoku_jct_39.0492:140.6195:66,66.0,39.04915,140.61955
557,634,tohoku_jct_39.002:140.6042:66,66.0,39.00197,140.6042
558,635,tohoku_jct_39.6804:140.1095:0,66.0,39.68045,140.10955
559,636,tohoku_jct_39.9141:140.248:66,66.0,39.91408,140.24797
560,637,tohoku_jct_39.771:140.7547:66,66.0,39.771,140.75469
561,638,tohoku_jct_39.1581:140.119:66,66.0,39.15813,140.119
562,639,tohoku_jct_38.4348:140.0736:66,66.0,38.43485,140.07356
563,640,tohoku_jct_38.6441:140.8401:66,66.0,38.64408,140.84011
564,641,tohoku_jct_38.451:140.8976:66,66.0,38.45098,140.89756
565,642,tohoku_jct_38.5047:140.8889:66,66.0,38.50469,140.88895
566,643,tohoku_jct_38.4695:140.9249:66,66.0,38.4695,140.92493
567,644,tohoku_jct_38.4446:140.9337:66,66.0,38.44456,140.93375
568,645,tohoku_jct_38.5029:140.9334:66,66.0,38.5029,140.93344
569,646,tohoku_jct_38.571:140.9429:66,66.0,38.57104,140.94294
570,647,tohoku_jct_38.8097:140.7082:66,66.0,38.8097,140.70822
571,648,tohoku_jct_38.7817:140.7136:66,66.0,38.78174,140.71355
572,649,tohoku_jct_38.7434:140.8181:66,66.0,38.74343,140.81815
573,650,tohoku_jct_39.5161:140.1385:66,66.0,39.51608,140.13851
574,651,tohoku_jct_39.6846:140.1081:0,66.0,39.68456,140.10807
575,652,tohoku_jct_39.6802:140.0891:0,66.0,39.68015,140.08914
576,653,tohoku_jct_39.6606:140.1103:0,66.0,39.66055,140.11034
577,654,tohoku_jct_38.7862:140.8957:66,66.0,38.78622,140.89567
578,655,tohoku_jct_38.7859:140.8959:66,66.0,38.78594,140.89592
579,656,tohoku_jct_38.7564:140.8224:66,66.0,38.75643,140.82244
580,657,tohoku_jct_38.6627:140.9043:275,275.0,38.66275,140.90429
581,658,tohoku_jct_38.4237:141.156:66,66.0,38.42371,141.15595
582,659,tohoku_jct_38.4205:141.1495:66,66.0,38.42054,141.14952
583,660,tohoku_jct_38.3945:141.0788:66,66.0,38.39452,141.07883
584,661,tohoku_jct_39.9057:140.0841:66,66.0,39.90565,140.0841
585,662,tohoku_jct_39.9454:140.095:66,66.0,39.94544,140.09497
586,664,tohoku_jct_38.3718:140.8455:66,66.0,38.3718,140.84548
587,665,tohoku_jct_39.8922:140.9573:66,66.0,39.89216,140.95735
588,666,tohoku_jct_38.4854:141.2245:66,66.0,38.48543,141.22448
589,667,tohoku_jct_38.5185:141.2223:66,66.0,38.51854,141.2223
590,668,tohoku_jct_39.6276:141.9298:66,66.0,39.62764,141.92982
591,669,tohoku_jct_39.5866:141.9296:66,66.0,39.58662,141.92955
592,670,tohoku_jct_39.1438:141.6968:66,66.0,39.14379,141.69683
593,671,tohoku_jct_39.1439:141.6959:66,66.0,39.14389,141.6959
594,672,tohoku_jct_39.1507:141.6454:66,66.0,39.15074,141.64535
595,673,tohoku_jct_39.1516:141.7025:66,66.0,39.15162,141.70248
596,674,tohoku_jct_39.1118:141.7002:66,66.0,39.1118,141.70022
597,675,tohoku_jct_39.0831:141.7015:66,66.0,39.08314,141.70147
598,676,tohoku_jct_38.996:141.2948:154,154.0,38.99596,141.29477
599,677,tohoku_jct_39.0746:141.7045:154,154.0,39.07461,141.70452
600,678,tohoku_jct_39.1119:141.7005:66,66.0,39.11187,141.7005
601,679,tohoku_jct_38.9744:141.119:66,66.0,38.97438,141.11896
602,680,tohoku_jct_39.7142:141.101:66,66.0,39.71415,141.101
603,681,tohoku_jct_38.889:141.569:66,66.0,38.88905,141.56897
604,682,tohoku_jct_39.3377:141.291:275,275.0,39.33773,141.29104
605,683,tohoku_jct_40.4521:141.1933:275,275.0,40.45215,141.19332
606,684,tohoku_jct_39.1506:141.5346:66,66.0,39.15062,141.53463
607,685,tohoku_jct_39.9885:141.2491:154,154.0,39.98851,141.24906
608,686,tohoku_jct_40.2048:141.3286:154,154.0,40.20478,141.32857
609,687,tohoku_jct_40.0033:141.8393:66,66.0,40.00327,141.83931
610,688,tohoku_jct_39.842:141.7955:66,66.0,39.84204,141.79553
611,689,tohoku_jct_39.7449:141.0888:154,154.0,39.74493,141.08883
612,690,tohoku_jct_39.7868:141.1045:66,66.0,39.78675,141.10446
613,691,tohoku_jct_39.947:141.191:66,66.0,39.947,141.191
614,692,tohoku_jct_38.4298:141.2645:66,66.0,38.42982,141.26449
615,693,tohoku_jct_38.4379:141.2467:66,66.0,38.43793,141.24669
616,694,tohoku_jct_38.4416:141.2449:66,66.0,38.44157,141.24492
617,695,tohoku_jct_38.6582:141.2252:66,66.0,38.65818,141.22519
618,696,tohoku_jct_38.7466:141.3249:66,66.0,38.74655,141.32494
619,697,tohoku_jct_38.8043:141.127:66,66.0,38.80433,141.12696
620,698,tohoku_jct_38.4425:141.3389:66,66.0,38.44251,141.33889
621,699,tohoku_jct_38.4419:141.3645:66,66.0,38.44195,141.36447
622,700,tohoku_jct_38.4415:141.3708:66,66.0,38.44152,141.37081
623,703,tohoku_jct_39.3603:141.2864:66,66.0,39.36028,141.28641
624,704,tohoku_jct_39.3556:141.2902:66,66.0,39.35564,141.29023
625,705,tohoku_jct_39.1566:141.1246:66,66.0,39.15657,141.12456
626,706,tohoku_jct_39.1549:141.1549:66,66.0,39.1549,141.15489
627,707,tohoku_jct_39.16:141.2129:66,66.0,39.16003,141.21295
628,710,tohoku_jct_39.625:141.1411:66,66.0,39.625,141.14109
629,711,tohoku_jct_39.5521:141.1533:66,66.0,39.55215,141.1533
630,712,tohoku_jct_39.3396:141.077:66,66.0,39.33959,141.07701
631,713,tohoku_jct_39.3914:141.1016:66,66.0,39.39136,141.10162
632,714,tohoku_jct_38.4205:141.2863:154,154.0,38.42045,141.28627
633,715,tohoku_jct_38.4264:141.2886:66,66.0,38.42643,141.28856
634,716,tohoku_jct_38.9087:141.1252:66,66.0,38.90868,141.12519
635,717,tohoku_jct_38.8938:141.1285:66,66.0,38.89375,141.12851
636,718,tohoku_jct_38.8745:141.1337:66,66.0,38.87453,141.13369
637,719,tohoku_jct_39.4549:141.1281:66,66.0,39.45493,141.12811
638,720,tohoku_jct_39.1764:141.1177:66,66.0,39.17639,141.11774
639,721,tohoku_jct_39.2182:141.0946:66,66.0,39.21816,141.09457
640,722,tohoku_jct_39.2269:141.089:66,66.0,39.22694,141.08905
641,723,tohoku_jct_39.23:141.0929:66,66.0,39.23001,141.09292
642,724,tohoku_jct_39.6898:141.094:154,154.0,39.68977,141.09402
643,725,tohoku_jct_39.2609:141.8662:66,66.0,39.26085,141.8662
644,726,tohoku_jct_39.3224:141.511:66,66.0,39.32236,141.51095
645,727,tohoku_jct_39.8256:141.1101:154,154.0,39.82562,141.11009
646,728,tohoku_jct_39.158:141.7114:66,66.0,39.15797,141.71144
647,729,tohoku_jct_39.2749:141.7197:66,66.0,39.27493,141.71975
648,730,tohoku_jct_39.2859:141.7104:66,66.0,39.28593,141.71043
649,731,tohoku_jct_39.3245:141.1431:66,66.0,39.32452,141.14307
650,732,tohoku_jct_39.0672:141.7048:66,66.0,39.06718,141.70484
651,733,tohoku_jct_39.4649:141.9246:66,66.0,39.46487,141.92462
652,734,tohoku_jct_39.3545:141.1566:66,66.0,39.35453,141.15663
653,735,tohoku_jct_39.6326:141.598:66,66.0,39.63263,141.59805
654,736,tohoku_jct_39.0384:141.1123:66,66.0,39.03844,141.11233
655,737,tohoku_jct_38.9464:141.1198:66,66.0,38.9464,141.11983
656,738,tohoku_jct_39.0221:141.1408:66,66.0,39.02207,141.14075
657,739,tohoku_jct_39.2144:141.0761:66,66.0,39.21443,141.07607
658,740,tohoku_jct_38.8919:141.3349:66,66.0,38.89188,141.33492
659,741,tohoku_jct_38.9819:141.2451:66,66.0,38.98194,141.24509
660,742,tohoku_jct_38.925:141.1426:66,66.0,38.92498,141.14255
661,743,tohoku_jct_39.7524:141.1492:66,66.0,39.75243,141.14924
662,744,tohoku_jct_39.6917:141.1873:66,66.0,39.69173,141.18732
663,745,tohoku_jct_38.4675:141.212:66,66.0,38.46753,141.21204
664,746,tohoku_jct_39.3556:141.8936:66,66.0,39.35557,141.89359
665,747,tohoku_jct_39.3418:141.8863:66,66.0,39.34175,141.88629
666,748,tohoku_jct_38.4513:141.3697:66,66.0,38.45133,141.36971
667,749,tohoku_jct_40.6324:139.9984:66,66.0,40.63239,139.99842
668,750,tohoku_jct_40.5303:139.9499:66,66.0,40.53029,139.94988
669,751,tohoku_jct_40.5438:139.9787:66,66.0,40.54383,139.97873
670,752,tohoku_jct_40.2043:140.052:66,66.0,40.20427,140.05199
671,753,tohoku_jct_41.1696:140.4782:66,66.0,41.16959,140.47821
672,754,tohoku_jct_40.9922:140.6198:66,66.0,40.99224,140.61978
673,755,tohoku_jct_40.9896:140.6206:66,66.0,40.98959,140.62056
674,756,tohoku_jct_40.9758:140.6235:66,66.0,40.97576,140.62349
675,757,tohoku_jct_40.9416:140.6263:66,66.0,40.94158,140.62632
676,758,tohoku_jct_40.8551:140.6514:66,66.0,40.8551,140.65139
677,759,tohoku_jct_40.8317:140.6599:66,66.0,40.8317,140.65988
678,760,tohoku_jct_40.8072:140.6765:66,66.0,40.80716,140.67647
679,761,tohoku_jct_40.9618:140.4314:66,66.0,40.96176,140.43141
680,762,tohoku_jct_41.5087:140.9128:500,500.0,41.50867,140.91276
681,763,tohoku_jct_40.2318:140.3549:66,66.0,40.23185,140.35494
682,764,tohoku_jct_40.2458:140.3447:66,66.0,40.24583,140.34471
683,765,tohoku_jct_40.2773:140.4288:66,66.0,40.27734,140.42875
684,766,tohoku_jct_40.7893:140.778:66,66.0,40.78929,140.77805
685,767,tohoku_jct_40.578:140.6192:154,154.0,40.57795,140.61919
686,768,tohoku_jct_41.127:140.5089:275,275.0,41.12695,140.50895
687,769,tohoku_jct_41.1394:140.507:275,275.0,41.13942,140.50699
688,770,tohoku_jct_40.1584:140.0586:66,66.0,40.15843,140.05864
689,771,tohoku_jct_40.1601:140.0603:66,66.0,40.16011,140.06031
690,772,tohoku_jct_40.6668:140.5805:66,66.0,40.66677,140.5805
691,773,tohoku_jct_40.6393:140.4646:66,66.0,40.63929,140.46463
692,774,tohoku_jct_40.6464:140.4524:66,66.0,40.64642,140.45241
693,775,tohoku_jct_40.7721:140.4111:66,66.0,40.77209,140.41107
694,776,tohoku_jct_40.7779:140.4475:66,66.0,40.77787,140.44745
695,777,tohoku_jct_40.7056:140.4469:66,66.0,40.7056,140.44689
696,778,tohoku_jct_40.6095:140.4161:66,66.0,40.60951,140.41611
697,779,tohoku_jct_40.7778:140.7932:66,66.0,40.77776,140.79318
698,780,tohoku_jct_40.8041:140.7502:66,66.0,40.80406,140.75021
699,781,tohoku_jct_40.2135:140.0721:66,66.0,40.21352,140.07206
700,782,tohoku_jct_40.2289:140.2198:66,66.0,40.22892,140.21983
701,783,tohoku_jct_40.2277:140.2261:66,66.0,40.22769,140.22611
702,784,tohoku_jct_40.2279:140.602:66,66.0,40.2279,140.60197
703,785,tohoku_jct_40.3009:140.5933:66,66.0,40.30085,140.59325
704,786,tohoku_jct_40.2417:140.5798:66,66.0,40.24168,140.57976
705,787,tohoku_jct_40.2596:140.5663:66,66.0,40.25964,140.56633
706,788,tohoku_jct_40.6022:140.9588:66,66.0,40.60217,140.95875
707,789,tohoku_jct_41.0551:140.5791:66,66.0,41.05512,140.57905
708,790,tohoku_jct_40.5736:140.5389:66,66.0,40.57362,140.53892
709,791,tohoku_jct_40.3179:140.7541:0,66.0,40.31788,140.75406
710,792,tohoku_jct_40.7279:140.8487:66,66.0,40.72785,140.84875
711,793,tohoku_jct_40.746:140.8212:66,66.0,40.74602,140.82116
712,794,tohoku_jct_40.7681:140.799:66,66.0,40.76811,140.79904
713,795,tohoku_jct_40.9196:140.9594:66,66.0,40.91961,140.95944
714,796,tohoku_jct_40.811:140.693:66,66.0,40.811,140.69297
715,797,tohoku_jct_41.2089:140.9992:66,66.0,41.20894,140.99922
716,798,tohoku_jct_41.5081:140.9115:66,66.0,41.50811,140.91153
717,799,tohoku_jct_40.5907:140.4214:66,66.0,40.5907,140.4214
718,800,tohoku_jct_40.5679:140.4492:66,66.0,40.56791,140.44921
719,801,tohoku_jct_40.5376:140.2619:66,66.0,40.53755,140.2619
720,802,tohoku_jct_40.8568:140.3388:66,66.0,40.85677,140.33885
721,803,tohoku_jct_40.6873:140.5768:66,66.0,40.68732,140.57677
722,804,tohoku_jct_40.4334:140.6324:66,66.0,40.43341,140.6324
723,805,tohoku_jct_39.939:140.9369:66,66.0,39.93901,140.93694
724,806,tohoku_jct_39.9472:140.9338:66,66.0,39.94722,140.93376
725,807,tohoku_jct_40.5603:140.6846:66,66.0,40.56028,140.68463
726,808,tohoku_jct_40.6713:140.7839:66,66.0,40.67134,140.78389
727,809,tohoku_jct_40.6819:140.8274:66,66.0,40.68185,140.82738
728,810,tohoku_jct_40.1333:140.8023:66,66.0,40.1333,140.8023
729,811,tohoku_jct_39.9818:140.7819:66,66.0,39.98181,140.78192
730,812,tohoku_jct_39.9979:140.7879:66,66.0,39.99788,140.78789
731,813,tohoku_jct_40.1386:140.8067:66,66.0,40.13859,140.80671
732,814,tohoku_jct_40.3308:140.8321:66,66.0,40.33083,140.83207
733,815,tohoku_jct_40.3307:140.8321:66,66.0,40.33073,140.83206
734,816,tohoku_jct_40.2984:140.8291:66,66.0,40.29836,140.82906
735,817,tohoku_jct_40.3536:140.8456:66,66.0,40.35359,140.84558
736,818,tohoku_jct_40.3534:140.8452:66,66.0,40.35344,140.84517
737,819,tohoku_jct_40.3544:140.8455:66,66.0,40.35443,140.84548
738,820,tohoku_jct_40.378:140.8947:66,66.0,40.37803,140.89469
739,821,tohoku_jct_40.2354:140.844:66,66.0,40.2354,140.844
740,822,tohoku_jct_40.1385:140.809:66,66.0,40.13845,140.80896
741,823,tohoku_jct_39.986:140.8052:66,66.0,39.98598,140.80524
742,824,tohoku_jct_40.3333:140.2208:66,66.0,40.33326,140.2208
743,825,tohoku_jct_40.171:140.046:66,66.0,40.17096,140.04598
744,826,tohoku_jct_40.0327:140.0871:66,66.0,40.03274,140.08712
745,827,tohoku_jct_40.0389:140.5631:66,66.0,40.03885,140.56312
746,828,tohoku_jct_40.0471:140.6062:66,66.0,40.04715,140.60618
747,829,tohoku_jct_40.801:140.6261:66,66.0,40.80104,140.62608
748,830,tohoku_jct_40.0415:140.5657:66,66.0,40.04151,140.56567
749,831,tohoku_jct_40.6433:140.4638:66,66.0,40.64326,140.46376
750,832,tohoku_jct_40.0321:140.074:66,66.0,40.03209,140.07404
751,833,tohoku_jct_40.5936:141.0903:66,66.0,40.59362,141.09032
752,834,tohoku_jct_40.2588:140.565:66,66.0,40.25877,140.56504
753,835,tohoku_jct_40.1602:140.0572:66,66.0,40.16024,140.05722
754,836,tohoku_jct_40.7407:140.9541:0,66.0,40.74066,140.95414
755,837,tohoku_jct_40.5354:141.4738:154,154.0,40.53542,141.47384
756,838,tohoku_jct_40.5378:141.418:154,154.0,40.53781,141.41802
757,839,tohoku_jct_40.7674:141.2012:154,154.0,40.76735,141.20122
758,840,tohoku_jct_40.6708:141.3277:66,66.0,40.67082,141.3277
759,843,tohoku_jct_40.9527:141.3165:66,66.0,40.95272,141.31652
760,844,tohoku_jct_40.9555:141.316:66,66.0,40.95554,141.31598
761,845,tohoku_jct_40.3162:141.3855:154,154.0,40.31625,141.38548
762,846,tohoku_jct_40.4672:141.4189:154,154.0,40.46717,141.41885
763,847,tohoku_jct_41.1864:141.3123:154,154.0,41.18643,141.31234
764,848,tohoku_jct_41.1881:141.3104:154,154.0,41.18812,141.31039
765,849,tohoku_jct_40.9569:141.2565:154,154.0,40.95688,141.25651
766,850,tohoku_jct_40.9652:141.259:154,154.0,40.96515,141.25902
767,851,tohoku_jct_40.8049:141.1799:154,154.0,40.80494,141.17986
768,852,tohoku_jct_40.901:141.2166:154,154.0,40.90105,141.21664
769,853,tohoku_jct_40.4479:141.4296:66,66.0,40.4479,141.42963
770,854,tohoku_jct_40.4028:141.6732:66,66.0,40.4028,141.67323
771,855,tohoku_jct_40.443:141.5713:66,66.0,40.44304,141.57128
772,856,tohoku_jct_40.4625:141.6083:66,66.0,40.46249,141.60828
773,857,tohoku_jct_40.4406:141.4212:66,66.0,40.44056,141.42118
774,858,tohoku_jct_40.3346:141.3658:66,66.0,40.33465,141.36579
775,859,tohoku_jct_40.283:141.3275:66,66.0,40.28295,141.32752
776,860,tohoku_jct_40.1052:141.7957:66,66.0,40.10523,141.79567
777,861,tohoku_jct_40.2245:141.7721:66,66.0,40.22451,141.77205
778,862,tohoku_jct_40.5049:141.5277:66,66.0,40.50486,141.52773
779,863,tohoku_jct_40.0867:141.265:66,66.0,40.08667,141.26499
780,864,tohoku_jct_40.5283:141.4705:66,66.0,40.52825,141.47054
781,867,tohoku_jct_40.5394:141.3874:66,66.0,40.53939,141.38736
782,868,tohoku_jct_40.8451:141.1661:154,154.0,40.84511,141.16607
783,869,tohoku_jct_40.5906:141.0901:66,66.0,40.59057,141.09012
784,870,tohoku_jct_40.3283:141.43:66,66.0,40.32829,141.42997
785,871,tohoku_jct_40.2413:141.3048:66,66.0,40.24129,141.30476
786,872,tohoku_jct_40.5257:141.4648:66,66.0,40.52565,141.46479
787,873,tohoku_jct_40.7892:141.1751:154,154.0,40.78915,141.1751
788,874,tohoku_jct_40.8067:141.1799:154,154.0,40.8067,141.17989
789,875,tohoku_jct_40.1065:141.7979:66,66.0,40.10652,141.79786
790,876,tohoku_sub_0@154,154.0,37.90599,139.0849
791,877,tohoku_sub_0@66,66.0,37.90599,139.0849
792,878,tohoku_sub_1@154,154.0,37.90181,139.05048
793,879,tohoku_sub_1@66,66.0,37.90181,139.05048
794,880,tohoku_sub_2,66.0,37.91061,139.04612
795,881,tohoku_sub_3,66.0,37.92223,139.0948
796,883,tohoku_sub_5,66.0,36.87308,140.02671
797,884,tohoku_sub_6@154,154.0,37.96262,139.24963
798,885,tohoku_sub_6@66,66.0,37.96262,139.24963
799,886,tohoku_sub_7,66.0,37.7985,139.13881
800,887,tohoku_sub_8@154,154.0,37.80756,139.1425
801,888,tohoku_sub_8@66,66.0,37.80756,139.1425
802,889,tohoku_sub_9,66.0,37.80801,139.11976
803,890,tohoku_sub_10@275,275.0,37.31479,139.28857
804,891,tohoku_sub_10@154,154.0,37.31479,139.28857
805,892,tohoku_sub_11@275,275.0,37.72791,139.24579
806,893,tohoku_sub_11@154,154.0,37.72791,139.24579
807,894,tohoku_sub_12@154,154.0,37.95455,139.21433
808,895,tohoku_sub_12@66,66.0,37.95455,139.21433
809,896,tohoku_sub_13@154,154.0,37.89709,139.02112
810,897,tohoku_sub_13@66,66.0,37.89709,139.02112
811,898,tohoku_sub_14@275,275.0,37.98055,139.28431
812,899,tohoku_sub_14@154,154.0,37.98055,139.28431
813,900,tohoku_sub_14@66,66.0,37.98055,139.28431
814,901,tohoku_sub_15,66.0,37.82416,139.06703
815,902,tohoku_sub_16,66.0,37.79647,139.0689
816,903,tohoku_sub_17@154,154.0,37.92442,139.22061
817,904,tohoku_sub_17@66,66.0,37.92442,139.22061
818,905,tohoku_sub_18,66.0,37.945,139.25636
819,906,tohoku_sub_19,66.0,37.7657,139.07192
820,907,tohoku_sub_20@154,154.0,37.90888,139.12669
821,908,tohoku_sub_20@66,66.0,37.90888,139.12669
822,909,tohoku_sub_21@154,154.0,37.93274,139.09869
823,910,tohoku_sub_21@66,66.0,37.93274,139.09869
824,912,tohoku_sub_23@154,154.0,37.918,139.09841
825,913,tohoku_sub_23@66,66.0,37.918,139.09841
826,914,tohoku_sub_24@154,154.0,37.92005,139.09221
827,915,tohoku_sub_24@66,66.0,37.92005,139.09221
828,917,tohoku_sub_26,66.0,36.86159,139.94976
829,919,tohoku_sub_28,66.0,37.51196,139.95489
830,920,tohoku_sub_29@154,154.0,37.49726,139.89535
831,921,tohoku_sub_29@66,66.0,37.49726,139.89535
832,922,tohoku_sub_30,66.0,37.44877,139.87879
833,923,tohoku_sub_31,154.0,37.55269,139.98333
834,924,tohoku_sub_32,275.0,37.16041,139.24373
835,925,tohoku_sub_33,66.0,37.53221,139.9308
836,926,tohoku_sub_34,66.0,37.50597,139.91275
837,927,tohoku_sub_35@275,275.0,37.44097,139.50102
838,928,tohoku_sub_35@154,154.0,37.44097,139.50102
839,929,tohoku_sub_36@154,154.0,37.57726,139.92351
840,930,tohoku_sub_36@66,66.0,37.57726,139.92351
841,931,tohoku_sub_37@154,154.0,37.60785,139.68442
842,932,tohoku_sub_37@66,66.0,37.60785,139.68442
843,933,tohoku_sub_38@154,154.0,37.60634,139.68661
844,934,tohoku_sub_38@66,66.0,37.60634,139.68661
845,935,tohoku_sub_39,66.0,37.4857,139.93661
846,936,tohoku_sub_40,154.0,37.57935,139.93009
847,937,tohoku_sub_41,154.0,37.45868,139.99159
848,938,tohoku_sub_42,66.0,37.67381,139.89096
849,939,tohoku_sub_43@154,154.0,37.56572,140.03096
850,940,tohoku_sub_43@66,66.0,37.56572,140.03096
851,942,tohoku_sub_45@154,154.0,36.81086,139.70879
852,943,tohoku_sub_45@66,66.0,36.81086,139.70879
853,947,tohoku_sub_49,66.0,37.97644,139.21476
854,948,tohoku_sub_50,66.0,37.7371,139.1717
855,949,tohoku_sub_51@500,500.0,37.88911,139.41186
856,950,tohoku_sub_51@275,275.0,37.88911,139.41186
857,951,tohoku_sub_52@154,154.0,37.9042,139.08333
858,952,tohoku_sub_52@66,66.0,37.9042,139.08333
859,953,tohoku_sub_53@154,154.0,37.90287,139.07663
860,954,tohoku_sub_53@66,66.0,37.90287,139.07663
861,955,tohoku_sub_54,66.0,37.80626,139.12684
862,956,tohoku_sub_55,66.0,37.68449,139.03582
863,957,tohoku_sub_56,66.0,37.75478,139.01084
864,958,tohoku_sub_57,66.0,37.66756,139.05313
865,959,tohoku_sub_58@275,275.0,37.48376,139.04163
866,960,tohoku_sub_58@154,154.0,37.48376,139.04163
867,961,tohoku_sub_59@154,154.0,38.09394,139.53123
868,962,tohoku_sub_59@66,66.0,38.09394,139.53123
869,963,tohoku_sub_60,66.0,38.11671,139.4617
870,964,tohoku_sub_61,66.0,38.15382,139.46261
871,965,tohoku_sub_62,66.0,38.04603,139.40229
872,966,tohoku_sub_63@66,66.0,37.94504,139.31741
873,967,tohoku_sub_64@154,154.0,37.69732,139.38124
874,968,tohoku_sub_64@66,66.0,37.69732,139.38124
875,969,tohoku_sub_65,154.0,37.63467,139.63172
876,970,tohoku_sub_66,154.0,37.70384,139.47054
877,971,tohoku_sub_67,66.0,37.69522,139.38007
878,972,tohoku_sub_68,66.0,37.68269,139.47202
879,973,tohoku_sub_69,66.0,36.81503,139.92845
880,976,tohoku_sub_72,66.0,37.07048,140.01203
881,977,tohoku_sub_73,66.0,38.12044,139.44712
882,978,tohoku_sub_74,66.0,37.91286,139.06605
883,980,tohoku_sub_76,154.0,36.86566,139.06128
884,981,tohoku_sub_77@154,154.0,36.82955,139.71197
885,982,tohoku_sub_77@66,66.0,36.82955,139.71197
886,983,tohoku_sub_78,154.0,37.92332,139.16412
887,984,tohoku_sub_79,66.0,38.06554,139.4039
888,985,tohoku_sub_80,66.0,37.57605,140.02684
889,987,tohoku_sub_82,66.0,36.92486,140.01303
890,988,tohoku_sub_83,66.0,38.06482,139.73711
891,989,tohoku_sub_84@154,154.0,38.06713,139.75333
892,990,tohoku_sub_84@66,66.0,38.06713,139.75333
893,991,tohoku_sub_85,154.0,38.0649,139.75335
894,992,tohoku_sub_86@154,154.0,37.93176,139.08051
895,993,tohoku_sub_86@66,66.0,37.93176,139.08051
896,994,tohoku_sub_87,66.0,36.9784,139.69202
897,995,tohoku_sub_88,66.0,37.95994,139.1499
898,996,tohoku_sub_89@275,275.0,37.09858,139.90536
899,997,tohoku_sub_90,66.0,37.78722,139.2456
900,998,tohoku_sub_91,66.0,37.7723,139.24382
901,999,tohoku_sub_92,154.0,37.7054,139.46607
902,1000,tohoku_sub_93,66.0,37.53147,139.93163
903,1001,tohoku_sub_94@154,154.0,37.55712,139.97639
904,1002,tohoku_sub_94@66,66.0,37.55712,139.97639
905,1003,tohoku_sub_95,66.0,37.57455,139.92412
906,1004,tohoku_sub_96,66.0,37.54603,139.93391
907,1005,tohoku_sub_97,66.0,37.56192,139.95368
908,1006,tohoku_sub_98@154,154.0,37.55671,139.96126
909,1007,tohoku_sub_98@66,66.0,37.55671,139.96126
910,1008,tohoku_sub_99,154.0,37.54354,140.00344
911,1009,tohoku_sub_100,66.0,37.99926,139.67654
912,1010,tohoku_sub_101@500,500.0,38.03624,139.56166
913,1011,tohoku_sub_101@154,154.0,38.03624,139.56166
914,1012,tohoku_sub_102,66.0,38.02615,140.00386
915,1013,tohoku_sub_103,66.0,37.94034,139.15462
916,1014,tohoku_sub_104,66.0,37.94667,139.16581
917,1015,tohoku_sub_105@154,154.0,37.94029,139.18661
918,1016,tohoku_sub_105@66,66.0,37.94029,139.18661
919,1017,tohoku_sub_106,154.0,37.99496,139.23844
920,1018,tohoku_sub_107@275,275.0,37.99707,139.24289
921,1019,tohoku_sub_107@154,154.0,37.99707,139.24289
922,1020,tohoku_sub_108@275,275.0,37.99915,139.24645
923,1021,tohoku_sub_108@154,154.0,37.99915,139.24645
924,1022,tohoku_sub_109@500,500.0,37.34492,139.90859
925,1023,tohoku_sub_109@66,66.0,37.34492,139.90859
926,1024,tohoku_sub_110,154.0,37.3974,139.46204
927,1025,tohoku_sub_111,154.0,37.48452,139.54029
928,1026,tohoku_sub_112@66,66.0,36.88879,139.99304
929,1027,tohoku_sub_113@66,66.0,36.8054,139.93238
930,1028,tohoku_sub_114,66.0,36.87276,139.52129
931,1029,tohoku_sub_115,66.0,36.8948,139.70182
932,1030,tohoku_sub_116,66.0,36.89431,139.70215
933,1031,tohoku_sub_117@275,275.0,36.95329,139.88887
934,1032,tohoku_sub_117@66,66.0,36.95329,139.88887
935,1033,tohoku_sub_118,154.0,37.69715,139.56972
936,1034,tohoku_sub_119,66.0,36.90667,139.98399
937,1037,tohoku_sub_122,66.0,36.86754,139.60546
938,1038,tohoku_sub_123@154,154.0,37.72008,139.17938
939,1039,tohoku_sub_123@66,66.0,37.72008,139.17938
940,1040,tohoku_sub_124,66.0,36.85472,139.95438
941,1041,tohoku_sub_125,66.0,36.88835,139.98998
942,1042,tohoku_sub_126,66.0,38.26172,140.87309
943,1044,tohoku_sub_128,66.0,37.42719,140.33318
944,1046,tohoku_sub_130@154,154.0,38.23534,140.95227
945,1047,tohoku_sub_130@66,66.0,38.23534,140.95227
946,1048,tohoku_sub_131@275,275.0,38.2783,141.01767
947,1049,tohoku_sub_131@154,154.0,38.2783,141.01767
948,1050,tohoku_sub_131@66,66.0,38.2783,141.01767
949,1051,tohoku_sub_132@500,500.0,37.23729,141.00997
950,1052,tohoku_sub_132@66,66.0,37.23729,141.00997
951,1053,tohoku_sub_133,66.0,38.29519,140.85353
952,1054,tohoku_sub_134,275.0,37.42056,141.03089
953,1055,tohoku_sub_135,275.0,37.42287,141.02992
954,1056,tohoku_sub_136@500,500.0,37.42964,141.02983
955,1057,tohoku_sub_136@132,132.0,37.42964,141.02983
956,1058,tohoku_sub_137@275,275.0,38.31853,140.90752
957,1059,tohoku_sub_137@154,154.0,38.31853,140.90752
958,1060,tohoku_sub_137@66,66.0,38.31853,140.90752
959,1061,tohoku_sub_138@275,275.0,38.31336,140.89562
960,1062,tohoku_sub_138@66,66.0,38.31336,140.89562
961,1063,tohoku_sub_139@154,154.0,38.29693,140.91823
962,1064,tohoku_sub_139@66,66.0,38.29693,140.91823
963,1065,tohoku_sub_140,66.0,38.31324,141.00657
964,1066,tohoku_sub_141@154,154.0,38.21597,140.89686
965,1067,tohoku_sub_141@66,66.0,38.21597,140.89686
966,1068,tohoku_sub_142,66.0,38.21314,140.84519
967,1069,tohoku_sub_143,66.0,38.2223,140.86234
968,1070,tohoku_sub_144,66.0,38.26721,140.83985
969,1071,tohoku_sub_145,66.0,37.55921,140.99227
970,1072,tohoku_sub_146@500,500.0,37.31602,141.01961
971,1073,tohoku_sub_146@66,66.0,37.31602,141.01961
972,1074,tohoku_sub_147@154,154.0,37.38153,140.41161
973,1075,tohoku_sub_147@66,66.0,37.38153,140.41161
974,1076,tohoku_sub_148@275,275.0,37.30586,140.42603
975,1077,tohoku_sub_148@154,154.0,37.30586,140.42603
976,1078,tohoku_sub_148@66,66.0,37.30586,140.42603
977,1079,tohoku_sub_149@275,275.0,37.79467,140.47622
978,1080,tohoku_sub_149@66,66.0,37.79467,140.47622
979,1081,tohoku_sub_150,500.0,37.14221,140.72229
980,1082,tohoku_sub_151,66.0,38.34324,140.95881
981,1083,tohoku_sub_152@500,500.0,37.84031,140.91343
982,1084,tohoku_sub_152@154,154.0,37.84031,140.91343
983,1085,tohoku_sub_152@66,66.0,37.84031,140.91343
984,1086,tohoku_sub_153@500,500.0,37.35927,140.96077
985,1087,tohoku_sub_153@275,275.0,37.35927,140.96077
986,1088,tohoku_sub_153@132,132.0,37.35927,140.96077
987,1089,tohoku_sub_153@66,66.0,37.35927,140.96077
988,1090,tohoku_sub_154,66.0,36.93324,140.78912
989,1091,tohoku_sub_155@275,275.0,37.67595,140.42341
990,1092,tohoku_sub_155@154,154.0,37.67595,140.42341
991,1093,tohoku_sub_155@66,66.0,37.67595,140.42341
992,1094,tohoku_sub_156,66.0,37.68645,140.4735
993,1096,tohoku_sub_158@275,275.0,37.41524,141.00636
994,1097,tohoku_sub_158@66,66.0,37.41524,141.00636
995,1098,tohoku_sub_159,66.0,37.26794,140.99176
996,1099,tohoku_sub_160@500,500.0,37.5357,140.95126
997,1100,tohoku_sub_160@275,275.0,37.5357,140.95126
998,1101,tohoku_sub_160@66,66.0,37.5357,140.95126
999,1102,tohoku_sub_161,66.0,37.64254,140.95585
1000,1103,tohoku_sub_162@275,275.0,36.98903,140.74838
1001,1104,tohoku_sub_162@154,154.0,36.98903,140.74838
1002,1105,tohoku_sub_163@154,154.0,36.93822,140.03825
1003,1106,tohoku_sub_163@66,66.0,36.93822,140.03825
1004,1107,tohoku_sub_164,154.0,37.41192,140.0773
1005,1109,tohoku_sub_166,66.0,37.10921,140.22755
1006,1110,tohoku_sub_167@275,275.0,37.85851,140.11659
1007,1111,tohoku_sub_167@66,66.0,37.85851,140.11659
1008,1112,tohoku_sub_168,500.0,37.38109,140.80564
1009,1113,tohoku_sub_169,275.0,37.02957,140.10356
1010,1114,tohoku_sub_170@154,154.0,37.7492,140.41974
1011,1115,tohoku_sub_170@66,66.0,37.7492,140.41974
1012,1116,tohoku_sub_171,66.0,38.29109,140.34329
1013,1117,tohoku_sub_172@275,275.0,38.09163,140.19564
1014,1118,tohoku_sub_172@66,66.0,38.09163,140.19564
1015,1119,tohoku_sub_173,154.0,38.34816,140.86027
1016,1120,tohoku_sub_174@154,154.0,38.11256,140.82078
1017,1121,tohoku_sub_174@66,66.0,38.11256,140.82078
1018,1122,tohoku_sub_175@154,154.0,38.25993,140.94999
1019,1123,tohoku_sub_175@66,66.0,38.25993,140.94999
1020,1124,tohoku_sub_176,66.0,38.33871,140.29151
1021,1125,tohoku_sub_177,66.0,38.28698,140.35994
1022,1126,tohoku_sub_178@275,275.0,38.31148,140.96381
1023,1127,tohoku_sub_178@154,154.0,38.31148,140.96381
1024,1128,tohoku_sub_178@66,66.0,38.31148,140.96381
1025,1129,tohoku_sub_179,66.0,38.27109,140.91118
1026,1131,tohoku_sub_181,275.0,37.80328,140.50378
1027,1132,tohoku_sub_182@154,154.0,38.00421,140.67634
1028,1133,tohoku_sub_182@66,66.0,38.00421,140.67634
1029,1134,tohoku_sub_183@275,275.0,38.27647,140.18266
1030,1135,tohoku_sub_183@154,154.0,38.27647,140.18266
1031,1136,tohoku_sub_184@154,154.0,38.2558,140.28184
1032,1137,tohoku_sub_184@66,66.0,38.2558,140.28184
1033,1138,tohoku_sub_185,66.0,37.90909,140.77883
1034,1139,tohoku_sub_186,66.0,38.05922,140.78128
1035,1140,tohoku_sub_187@154,154.0,38.23761,140.38235
1036,1141,tohoku_sub_187@66,66.0,38.23761,140.38235
1037,1142,tohoku_sub_188@275,275.0,38.29465,140.8184
1038,1143,tohoku_sub_188@154,154.0,38.29465,140.8184
1039,1144,tohoku_sub_189@154,154.0,38.26695,140.74689
1040,1145,tohoku_sub_189@66,66.0,38.26695,140.74689
1041,1146,tohoku_sub_190,66.0,38.21752,140.78743
1042,1147,tohoku_sub_191,66.0,38.21542,140.86715
1043,1148,tohoku_sub_192,66.0,38.2696,140.91417
1044,1149,tohoku_sub_193@154,154.0,37.44833,140.38361
1045,1150,tohoku_sub_193@66,66.0,37.44833,140.38361
1046,1151,tohoku_sub_194,66.0,36.96101,140.90043
1047,1152,tohoku_sub_195,66.0,36.94635,140.87079
1048,1153,tohoku_sub_196,66.0,37.96547,140.12362
1049,1154,tohoku_sub_197,66.0,37.92202,140.12543
1050,1155,tohoku_sub_198,66.0,37.92036,140.12531
1051,1156,tohoku_sub_199,66.0,37.90295,140.16983
1052,1157,tohoku_sub_200,66.0,38.068,140.13885
1053,1158,tohoku_sub_201,66.0,36.99977,140.89588
1054,1159,tohoku_sub_202,66.0,37.77496,140.45479
1055,1161,tohoku_sub_204,66.0,38.23831,140.89427
1056,1162,tohoku_sub_205,66.0,38.00799,140.18997
1057,1163,tohoku_sub_206,66.0,38.01065,140.15316
1058,1164,tohoku_sub_207,66.0,37.45683,140.32835
1059,1165,tohoku_sub_208,66.0,37.2618,140.99766
1060,1166,tohoku_sub_209,66.0,37.27711,140.95902
1061,1167,tohoku_sub_210,66.0,37.40643,140.38901
1062,1168,tohoku_sub_211@275,275.0,38.27716,140.99367
1063,1169,tohoku_sub_211@154,154.0,38.27716,140.99367
1064,1170,tohoku_sub_211@66,66.0,38.27716,140.99367
1065,1171,tohoku_sub_212,66.0,37.27655,140.36446
1066,1172,tohoku_sub_213,66.0,37.2841,140.27511
1067,1173,tohoku_sub_214,66.0,38.3119,141.03064
1068,1174,tohoku_sub_215,66.0,37.01446,140.84508
1069,1175,tohoku_sub_216@66,66.0,36.90355,140.76881
1070,1176,tohoku_sub_217,66.0,36.93487,140.84591
1071,1177,tohoku_sub_218@66,66.0,36.94513,140.86097
1072,1178,tohoku_sub_219@154,154.0,37.11406,140.87453
1073,1179,tohoku_sub_219@66,66.0,37.11406,140.87453
1074,1180,tohoku_sub_220,66.0,37.55426,140.12107
1075,1181,tohoku_sub_221,66.0,37.41255,140.37903
1076,1182,tohoku_sub_222,66.0,37.06701,140.87008
1077,1183,tohoku_sub_223,66.0,37.0684,140.84762
1078,1184,tohoku_sub_224,66.0,36.94323,140.88096
1079,1185,tohoku_sub_225@275,275.0,37.82486,140.22288
1080,1186,tohoku_sub_225@66,66.0,37.82486,140.22288
1081,1187,tohoku_sub_226,66.0,37.90744,140.09603
1082,1188,tohoku_sub_227,66.0,36.84778,140.77384
1083,1189,tohoku_sub_228,66.0,37.38815,140.39503
1084,1190,tohoku_sub_229,66.0,37.43062,140.58672
1085,1191,tohoku_sub_230,66.0,37.40074,140.62017
1086,1192,tohoku_sub_231,66.0,37.24639,140.36346
1087,1193,tohoku_sub_232,66.0,37.25471,140.38256
1088,1194,tohoku_sub_233,66.0,36.92826,140.83946
1089,1195,tohoku_sub_234@154,154.0,36.98508,140.83882
1090,1196,tohoku_sub_234@66,66.0,36.98508,140.83882
1091,1197,tohoku_sub_235@154,154.0,36.91459,140.82091
1092,1198,tohoku_sub_235@66,66.0,36.91459,140.82091
1093,1199,tohoku_sub_236@500,500.0,38.25533,140.64467
1094,1200,tohoku_sub_236@275,275.0,38.25533,140.64467
1095,1201,tohoku_sub_236@154,154.0,38.25533,140.64467
1096,1202,tohoku_sub_237,66.0,37.3833,140.35554
1097,1203,tohoku_sub_238,66.0,37.50545,140.39724
1098,1204,tohoku_sub_239,66.0,37.00456,140.87691
1099,1205,tohoku_sub_240,66.0,37.00219,140.87134
1100,1206,tohoku_sub_241,66.0,37.43842,140.50253
1101,1207,tohoku_sub_242,66.0,37.27746,140.86339
1102,1208,tohoku_sub_243@154,154.0,36.96737,140.05902
1103,1209,tohoku_sub_243@66,66.0,36.96737,140.05902
1104,1210,tohoku_sub_244,66.0,37.35552,140.98967
1105,1211,tohoku_sub_245,66.0,37.4835,140.99556
1106,1212,tohoku_sub_246,66.0,38.33315,140.36433
1107,1213,tohoku_sub_247@66,66.0,38.05007,140.75536
1108,1214,tohoku_sub_248,66.0,38.04468,140.76241
1109,1215,tohoku_sub_249,66.0,37.95474,140.89424
1110,1216,tohoku_sub_250,66.0,38.12385,140.90005
1111,1217,tohoku_sub_251,66.0,38.117,140.91839
1112,1218,tohoku_sub_252@275,275.0,38.16629,140.85397
1113,1219,tohoku_sub_252@154,154.0,38.16629,140.85397
1114,1220,tohoku_sub_253,66.0,38.05736,140.85674
1115,1221,tohoku_sub_254,66.0,38.19729,140.85991
1116,1222,tohoku_sub_255,66.0,37.57326,140.41938
1117,1223,tohoku_sub_256,66.0,38.04937,140.66118
1118,1224,tohoku_sub_257,66.0,37.36574,140.99236
1119,1225,tohoku_sub_258@275,275.0,38.16482,140.85075
1120,1226,tohoku_sub_258@154,154.0,38.16482,140.85075
1121,1227,tohoku_sub_259@66,66.0,37.48475,140.17119
1122,1228,tohoku_sub_260,66.0,38.29694,140.14992
1123,1229,tohoku_sub_261,66.0,38.16322,140.28646
1124,1230,tohoku_sub_262,66.0,38.21192,140.29115
1125,1231,tohoku_sub_263,66.0,38.23189,140.29644
1126,1232,tohoku_sub_264,66.0,38.01682,140.14332
1127,1233,tohoku_sub_265,66.0,38.16502,140.28853
1128,1234,tohoku_sub_266@66,66.0,38.18851,140.08372
1129,1235,tohoku_sub_267@154,154.0,38.03249,140.11205
1130,1236,tohoku_sub_267@66,66.0,38.03249,140.11205
1131,1237,tohoku_sub_268,66.0,38.22482,140.87931
1132,1238,tohoku_sub_269@500,500.0,38.35279,140.75129
1133,1239,tohoku_sub_269@275,275.0,38.35279,140.75129
1134,1240,tohoku_sub_270,66.0,38.22609,140.85803
1135,1241,tohoku_sub_271@275,275.0,38.21584,140.74105
1136,1242,tohoku_sub_271@154,154.0,38.21584,140.74105
1137,1243,tohoku_sub_271@66,66.0,38.21584,140.74105
1138,1244,tohoku_sub_272,66.0,36.80291,140.74367
1139,1245,tohoku_sub_273,66.0,38.18298,140.62456
1140,1246,tohoku_sub_274,66.0,38.17405,140.8801
1141,1247,tohoku_sub_275,66.0,38.07169,140.85256
1142,1248,tohoku_sub_276,66.0,38.30614,140.38267
1143,1249,tohoku_sub_277@154,154.0,38.21576,140.31439
1144,1250,tohoku_sub_277@66,66.0,38.21576,140.31439
1145,1251,tohoku_sub_278,66.0,38.16277,140.37583
1146,1252,tohoku_sub_279@275,275.0,38.27882,141.04068
1147,1253,tohoku_sub_279@154,154.0,38.27882,141.04068
1148,1254,tohoku_sub_280,154.0,38.33404,140.82987
1149,1255,tohoku_sub_281,154.0,38.32688,140.80819
1150,1256,tohoku_sub_282,66.0,38.10252,140.86008
1151,1257,tohoku_sub_283@275,275.0,37.33716,140.36613
1152,1258,tohoku_sub_283@154,154.0,37.33716,140.36613
1153,1259,tohoku_sub_283@66,66.0,37.33716,140.36613
1154,1260,tohoku_sub_284@154,154.0,37.16908,140.21994
1155,1261,tohoku_sub_284@66,66.0,37.16908,140.21994
1156,1262,tohoku_sub_285,66.0,37.10387,140.35786
1157,1263,tohoku_sub_286,66.0,37.03755,140.38248
1158,1264,tohoku_sub_287@66,66.0,37.1346,140.19773
1159,1265,tohoku_sub_288@154,154.0,37.16324,140.31997
1160,1266,tohoku_sub_288@66,66.0,37.16324,140.31997
1161,1267,tohoku_sub_289,66.0,37.20123,140.31438
1162,1268,tohoku_sub_290,66.0,37.35142,140.35552
1163,1269,tohoku_sub_291,66.0,37.15661,140.46109
1164,1270,tohoku_sub_292,66.0,37.77421,140.44975
1165,1271,tohoku_sub_293@275,275.0,37.605,140.62826
1166,1272,tohoku_sub_293@154,154.0,37.605,140.62826
1167,1273,tohoku_sub_293@66,66.0,37.605,140.62826
1168,1275,tohoku_sub_295,66.0,37.85654,140.5977
1169,1276,tohoku_sub_296@154,154.0,37.86936,140.54722
1170,1277,tohoku_sub_296@66,66.0,37.86936,140.54722
1171,1278,tohoku_sub_297,66.0,38.23889,140.85622
1172,1279,tohoku_sub_298@66,66.0,38.31761,140.70615
1173,1280,tohoku_sub_299,66.0,38.28008,140.74793
1174,1281,tohoku_sub_300,66.0,38.03408,140.86321
1175,1282,tohoku_sub_301,66.0,37.95603,140.77431
1176,1283,tohoku_sub_302@154,154.0,38.19845,140.89412
1177,1284,tohoku_sub_302@66,66.0,38.19845,140.89412
1178,1285,tohoku_sub_303,66.0,38.21852,140.89273
1179,1286,tohoku_sub_304,66.0,38.15789,140.86049
1180,1287,tohoku_sub_305,66.0,37.0457,140.8964
1181,1288,tohoku_sub_306,66.0,37.61198,140.98485
1182,1289,tohoku_sub_307,66.0,37.66272,140.60555
1183,1290,tohoku_sub_308,66.0,37.7899,140.90844
1184,1291,tohoku_sub_309,66.0,37.67885,140.98179
1185,1292,tohoku_sub_310,500.0,37.85097,140.94826
1186,1293,tohoku_sub_311@500,500.0,37.84332,140.93978
1187,1294,tohoku_sub_311@154,154.0,37.84332,140.93978
1188,1295,tohoku_sub_312,500.0,37.84456,140.94101
1189,1296,tohoku_sub_313,154.0,37.82819,140.9406
1190,1297,tohoku_sub_314,66.0,37.29538,140.639
1191,1298,tohoku_sub_315,66.0,37.28053,140.63388
1192,1300,tohoku_sub_317,66.0,37.86622,140.11982
1193,1301,tohoku_sub_318,66.0,37.4079,140.3184
1194,1302,tohoku_sub_319,154.0,37.07914,140.10657
1195,1303,tohoku_sub_320,66.0,38.30412,141.01267
1196,1304,tohoku_sub_321,66.0,38.24152,140.91114
1197,1305,tohoku_sub_322,66.0,36.97924,140.04555
1198,1306,tohoku_sub_323,66.0,38.25245,140.92035
1199,1307,tohoku_sub_324,66.0,38.26885,140.91038
1200,1309,tohoku_sub_326,66.0,37.33661,140.80719
1201,1310,tohoku_sub_327,66.0,37.10183,140.9826
1202,1311,tohoku_sub_328,66.0,37.16212,140.82594
1203,1312,tohoku_sub_329,66.0,37.0819,140.84552
1204,1313,tohoku_sub_330,66.0,37.07339,140.85744
1205,1314,tohoku_sub_331,66.0,38.00877,140.61691
1206,1315,tohoku_sub_332,66.0,38.04326,140.67289
1207,1316,tohoku_sub_333,154.0,37.90373,140.59644
1208,1317,tohoku_sub_334,66.0,37.82117,140.49326
1209,1318,tohoku_sub_335,66.0,37.82148,140.49477
1210,1319,tohoku_sub_336,66.0,37.80506,140.47458
1211,1320,tohoku_sub_337@154,154.0,37.8149,140.45937
1212,1321,tohoku_sub_337@66,66.0,37.8149,140.45937
1213,1322,tohoku_sub_338@154,154.0,37.84402,140.49982
1214,1323,tohoku_sub_338@66,66.0,37.84402,140.49982
1215,1324,tohoku_sub_339@154,154.0,38.21944,140.92073
1216,1325,tohoku_sub_339@66,66.0,38.21944,140.92073
1217,1326,tohoku_sub_340,66.0,38.25163,140.31956
1218,1327,tohoku_sub_341,66.0,38.25166,140.30658
1219,1328,tohoku_sub_342,66.0,38.25142,140.30935
1220,1329,tohoku_sub_343,66.0,38.26965,140.33378
1221,1330,tohoku_sub_344,66.0,38.27234,140.32578
1222,1331,tohoku_sub_345,66.0,38.30307,140.32658
1223,1332,tohoku_sub_346,66.0,37.92917,140.12646
1224,1333,tohoku_sub_347,66.0,37.98491,140.15177
1225,1334,tohoku_sub_348,66.0,38.00141,140.05363
1226,1335,tohoku_sub_349@275,275.0,37.4215,141.02648
1227,1336,tohoku_sub_349@66,66.0,37.4215,141.02648
1228,1337,tohoku_sub_350,66.0,37.79821,140.49908
1229,1338,tohoku_sub_351@66,66.0,37.75572,140.48487
1230,1339,tohoku_sub_352,66.0,37.7176,140.4975
1231,1340,tohoku_sub_353,66.0,37.73521,140.46029
1232,1341,tohoku_sub_354,66.0,37.72686,140.45057
1233,1342,tohoku_sub_355,66.0,37.72904,140.44459
1234,1343,tohoku_sub_356,66.0,37.6971,140.46217
1235,1344,tohoku_sub_357,66.0,37.69842,140.4956
1236,1345,tohoku_sub_358,66.0,37.67115,140.62392
1237,1346,tohoku_sub_359,154.0,37.83305,140.93915
1238,1347,tohoku_sub_360@500,500.0,37.83939,140.93794
1239,1348,tohoku_sub_360@154,154.0,37.83939,140.93794
1240,1349,tohoku_sub_361,66.0,37.83352,140.88809
1241,1351,tohoku_sub_363,275.0,37.6644,141.01563
1242,1352,tohoku_sub_364,66.0,37.53703,140.94736
1243,1353,tohoku_sub_365,66.0,37.63275,140.97777
1244,1354,tohoku_sub_366,66.0,37.62014,140.97888
1245,1355,tohoku_sub_367,66.0,37.64912,140.96519
1246,1356,tohoku_sub_368,66.0,38.03687,140.64172
1247,1357,tohoku_sub_369,66.0,38.03618,140.64475
1248,1358,tohoku_sub_370,66.0,38.21449,140.80966
1249,1359,tohoku_sub_371,66.0,38.20296,140.69836
1250,1360,tohoku_sub_372@66,66.0,38.11044,140.62326
1251,1361,tohoku_sub_373,66.0,38.09447,140.64414
1252,1362,tohoku_sub_374,66.0,38.11309,140.71472
1253,1363,tohoku_sub_375,66.0,38.06444,140.73258
1254,1364,tohoku_sub_376,66.0,37.99008,140.45865
1255,1365,tohoku_sub_377,66.0,37.96455,140.55474
1256,1366,tohoku_sub_378@500,500.0,38.00427,140.58468
1257,1367,tohoku_sub_378@66,66.0,38.00427,140.58468
1258,1368,tohoku_sub_380,66.0,37.99017,140.63695
1259,1369,tohoku_sub_381,66.0,38.27891,140.86675
1260,1370,tohoku_sub_382,66.0,38.25184,140.8827
1261,1371,tohoku_sub_383,66.0,37.35125,140.26604
1262,1372,tohoku_sub_384,66.0,36.8179,140.09539
1263,1373,tohoku_sub_385,66.0,37.30758,140.354
1264,1374,tohoku_sub_386,66.0,36.91661,140.12528
1265,1375,tohoku_sub_387,66.0,38.25252,140.87704
1266,1376,tohoku_sub_388,66.0,37.00487,140.72687
1267,1377,tohoku_sub_389,66.0,38.22721,140.8898
1268,1378,tohoku_sub_390,66.0,38.25717,140.84378
1269,1379,tohoku_sub_391,66.0,37.45531,141.01868
1270,1380,tohoku_sub_392,154.0,38.35284,140.85803
1271,1381,tohoku_sub_393,66.0,37.79549,140.37778
1272,1383,tohoku_sub_395,66.0,38.30396,141.50265
1273,1384,tohoku_sub_396,66.0,39.91665,139.93787
1274,1385,tohoku_sub_397@154,154.0,39.21641,139.97005
1275,1386,tohoku_sub_397@66,66.0,39.21641,139.97005
1276,1387,tohoku_sub_398@154,154.0,38.8973,139.85317
1277,1388,tohoku_sub_398@66,66.0,38.8973,139.85317
1278,1389,tohoku_sub_399,66.0,38.72183,139.80132
1279,1390,tohoku_sub_400,66.0,38.52542,139.78641
1280,1391,tohoku_sub_401@66,66.0,38.75117,139.83647
1281,1392,tohoku_sub_402@154,154.0,38.76583,139.88673
1282,1393,tohoku_sub_402@66,66.0,38.76583,139.88673
1283,1394,tohoku_sub_403,66.0,38.73871,139.77204
1284,1395,tohoku_sub_404,66.0,38.71301,139.828
1285,1396,tohoku_sub_405,66.0,38.76545,139.90289
1286,1398,tohoku_sub_407,66.0,39.01116,139.90538
1287,1399,tohoku_sub_408@154,154.0,38.96784,139.84491
1288,1400,tohoku_sub_408@66,66.0,38.96784,139.84491
1289,1401,tohoku_sub_409,154.0,38.9705,139.83544
1290,1402,tohoku_sub_410,66.0,38.89713,139.85167
1291,1403,tohoku_sub_411,66.0,38.99693,139.96799
1292,1404,tohoku_sub_412@154,154.0,38.98905,139.97109
1293,1405,tohoku_sub_412@66,66.0,38.98905,139.97109
1294,1406,tohoku_sub_413,66.0,38.71489,139.73733
1295,1407,tohoku_sub_414,66.0,39.88376,139.84843
1296,1408,tohoku_sub_415,66.0,39.90498,139.86682
1297,1409,tohoku_sub_416,66.0,39.20168,139.91389
1298,1410,tohoku_sub_417,66.0,39.22839,139.91351
1299,1411,tohoku_sub_418,66.0,39.28161,139.95948
1300,1412,tohoku_sub_419,66.0,38.58472,139.89506
1301,1413,tohoku_sub_420,66.0,38.5893,139.88079
1302,1414,tohoku_sub_421@154,154.0,38.54189,139.80726
1303,1415,tohoku_sub_421@66,66.0,38.54189,139.80726
1304,1416,tohoku_sub_422,66.0,38.53076,139.9527
1305,1417,tohoku_sub_423,66.0,38.83854,139.81353
1306,1418,tohoku_sub_424,66.0,38.7896,139.99689
1307,1419,tohoku_sub_425,66.0,38.85036,139.89015
1308,1420,tohoku_sub_426,66.0,38.88841,139.93931
1309,1421,tohoku_sub_427,66.0,38.91321,139.85961
1310,1422,tohoku_sub_428,154.0,38.91034,139.86798
1311,1423,tohoku_sub_429,66.0,38.66913,140.00393
1312,1424,tohoku_sub_430,66.0,38.72539,140.01267
1313,1425,tohoku_sub_431@66,66.0,39.17812,139.9419
1314,1426,tohoku_sub_432,154.0,38.9246,139.84129
1315,1427,tohoku_sub_433,66.0,38.56029,141.04979
1316,1428,tohoku_sub_434@500,500.0,38.60451,140.84931
1317,1429,tohoku_sub_434@275,275.0,38.60451,140.84931
1318,1430,tohoku_sub_434@154,154.0,38.60451,140.84931
1319,1431,tohoku_sub_434@66,66.0,38.60451,140.84931
1320,1432,tohoku_sub_435@154,154.0,39.65385,140.17461
1321,1433,tohoku_sub_435@66,66.0,39.65385,140.17461
1322,1434,tohoku_sub_436,66.0,39.35189,140.54667
1323,1435,tohoku_sub_437,66.0,39.47325,140.47212
1324,1436,tohoku_sub_438,154.0,39.6949,140.13807
1325,1437,tohoku_sub_439@66,66.0,39.69258,140.10714
1326,1438,tohoku_sub_440@154,154.0,39.69091,140.10874
1327,1439,tohoku_sub_440@66,66.0,39.69091,140.10874
1328,1440,tohoku_sub_441@275,275.0,38.63688,141.00773
1329,1441,tohoku_sub_441@66,66.0,38.63688,141.00773
1330,1442,tohoku_sub_442,66.0,38.85265,140.25251
1331,1443,tohoku_sub_443@275,275.0,39.69321,140.92789
1332,1444,tohoku_sub_443@66,66.0,39.69321,140.92789
1333,1445,tohoku_sub_444,154.0,39.63843,140.65997
1334,1446,tohoku_sub_445@275,275.0,39.81297,140.08561
1335,1447,tohoku_sub_445@154,154.0,39.81297,140.08561
1336,1448,tohoku_sub_445@66,66.0,39.81297,140.08561
1337,1449,tohoku_sub_446,66.0,39.82966,140.6411
1338,1450,tohoku_sub_447,66.0,39.77485,140.66838
1339,1451,tohoku_sub_448,66.0,39.8621,140.7048
1340,1452,tohoku_sub_449@275,275.0,38.70142,140.2505
1341,1453,tohoku_sub_449@154,154.0,38.70142,140.2505
1342,1454,tohoku_sub_449@66,66.0,38.70142,140.2505
1343,1455,tohoku_sub_450@275,275.0,39.16885,140.42713
1344,1456,tohoku_sub_450@66,66.0,39.16885,140.42713
1345,1457,tohoku_sub_451,66.0,38.57631,140.84902
1346,1458,tohoku_sub_452,66.0,38.58367,140.94518
1347,1459,tohoku_sub_453,66.0,39.75744,140.13346
1348,1460,tohoku_sub_454,66.0,39.86184,140.06282
1349,1461,tohoku_sub_455,66.0,39.15915,140.48257
1350,1462,tohoku_sub_456,66.0,39.1956,140.39
1351,1463,tohoku_sub_457,66.0,39.29022,140.43614
1352,1464,tohoku_sub_458@154,154.0,39.48818,140.50159
1353,1465,tohoku_sub_458@66,66.0,39.48818,140.50159
1354,1466,tohoku_sub_459,66.0,39.45488,140.48865
1355,1467,tohoku_sub_460,66.0,39.30266,140.56559
1356,1468,tohoku_sub_461,66.0,39.69666,140.97208
1357,1469,tohoku_sub_462,66.0,38.48789,140.38772
1358,1470,tohoku_sub_463,66.0,38.42363,140.39243
1359,1471,tohoku_sub_464,66.0,38.41695,140.30509
1360,1472,tohoku_sub_465@154,154.0,38.46007,140.30798
1361,1473,tohoku_sub_465@66,66.0,38.46007,140.30798
1362,1474,tohoku_sub_466,66.0,38.73744,141.02048
1363,1475,tohoku_sub_467,66.0,38.6585,140.99836
1364,1476,tohoku_sub_468,66.0,38.82429,140.98704
1365,1477,tohoku_sub_469,66.0,38.39904,140.37392
1366,1478,tohoku_sub_470,66.0,38.42099,140.37813
1367,1479,tohoku_sub_471,66.0,38.60254,140.37202
1368,1480,tohoku_sub_472,66.0,39.72734,140.08274
1369,1481,tohoku_sub_473,66.0,38.4218,140.39814
1370,1482,tohoku_sub_474,66.0,38.75399,140.51457
1371,1483,tohoku_sub_475,66.0,39.58745,140.56776
1372,1484,tohoku_sub_476@275,275.0,38.40001,141.02457
1373,1485,tohoku_sub_476@66,66.0,38.40001,141.02457
1374,1486,tohoku_sub_477@154,154.0,39.70273,141.06583
1375,1487,tohoku_sub_477@66,66.0,39.70273,141.06583
1376,1488,tohoku_sub_478,66.0,39.78015,140.9462
1377,1489,tohoku_sub_479,66.0,39.30374,141.04145
1378,1490,tohoku_sub_480,66.0,39.92459,141.00689
1379,1491,tohoku_sub_481,66.0,39.65941,140.23835
1380,1492,tohoku_sub_482,66.0,39.31282,141.00253
1381,1493,tohoku_sub_483,66.0,38.3804,140.26102
1382,1495,tohoku_sub_485,66.0,38.61961,140.41037
1383,1496,tohoku_sub_486,66.0,38.61447,140.40858
1384,1497,tohoku_sub_487,66.0,39.3832,140.05892
1385,1498,tohoku_sub_488,66.0,39.38269,140.07875
1386,1499,tohoku_sub_489,66.0,39.44888,140.1126
1387,1500,tohoku_sub_490,66.0,39.45089,140.15382
1388,1501,tohoku_sub_491,66.0,39.79791,140.93497
1389,1502,tohoku_sub_492,66.0,39.82993,140.86462
1390,1503,tohoku_sub_493,66.0,39.82765,140.86454
1391,1504,tohoku_sub_494,66.0,39.60755,140.33535
1392,1505,tohoku_sub_495,66.0,39.60684,140.08035
1393,1506,tohoku_sub_496,66.0,39.61999,140.15901
1394,1507,tohoku_sub_497,66.0,39.71985,140.13866
1395,1508,tohoku_sub_498,66.0,39.74912,140.08241
1396,1509,tohoku_sub_499,66.0,39.78313,140.07674
1397,1510,tohoku_sub_500,66.0,39.3064,140.91683
1398,1511,tohoku_sub_501,66.0,39.29354,140.8382
1399,1512,tohoku_sub_502,66.0,39.31183,140.78004
1400,1513,tohoku_sub_503,66.0,38.974,140.94922
1401,1514,tohoku_sub_504,66.0,39.74253,140.3424
1402,1515,tohoku_sub_505,66.0,39.5461,140.37265
1403,1516,tohoku_sub_506,66.0,39.60905,140.65023
1404,1517,tohoku_sub_507,66.0,39.06846,140.59593
1405,1518,tohoku_sub_508,66.0,39.05799,140.62611
1406,1519,tohoku_sub_509,66.0,39.02284,140.65168
1407,1520,tohoku_sub_510,66.0,39.06786,140.46282
1408,1521,tohoku_sub_511,66.0,39.35244,140.54886
1409,1522,tohoku_sub_512,66.0,39.46586,140.57962
1410,1523,tohoku_sub_513,154.0,39.40718,140.05634
1411,1524,tohoku_sub_514,66.0,39.21361,140.52787
1412,1525,tohoku_sub_515,66.0,39.71494,140.10791
1413,1526,tohoku_sub_516,66.0,39.70988,140.09006
1414,1527,tohoku_sub_517,66.0,39.7085,140.09085
1415,1528,tohoku_sub_518,66.0,39.12198,140.9557
1416,1529,tohoku_sub_519,66.0,39.67531,140.11297
1417,1530,tohoku_sub_520,66.0,39.74975,140.67587
1418,1531,tohoku_sub_521,66.0,39.75375,140.71864
1419,1532,tohoku_sub_522,66.0,39.73344,140.15387
1420,1535,tohoku_sub_525,66.0,39.16245,140.14344
1421,1536,tohoku_sub_526,66.0,39.22066,140.1624
1422,1537,tohoku_sub_527@154,154.0,38.40504,140.23644
1423,1538,tohoku_sub_527@66,66.0,38.40504,140.23644
1424,1539,tohoku_sub_528,66.0,39.01689,140.05187
1425,1540,tohoku_sub_529,66.0,38.79089,140.30332
1426,1541,tohoku_sub_530,66.0,38.74741,140.30353
1427,1542,tohoku_sub_531,66.0,38.74624,140.18075
1428,1543,tohoku_sub_532,66.0,38.71958,140.81328
1429,1544,tohoku_sub_533,66.0,38.64316,140.86676
1430,1545,tohoku_sub_534,66.0,38.44288,140.89825
1431,1546,tohoku_sub_535,66.0,38.4681,140.92524
1432,1547,tohoku_sub_536,66.0,38.56305,140.96473
1433,1548,tohoku_sub_537@154,154.0,38.51172,140.94987
1434,1549,tohoku_sub_537@66,66.0,38.51172,140.94987
1435,1550,tohoku_sub_538,66.0,38.59098,140.78226
1436,1552,tohoku_sub_540,66.0,39.69732,140.09886
1437,1553,tohoku_sub_541,66.0,38.75054,140.71847
1438,1555,tohoku_sub_543,275.0,39.05319,140.429
1439,1556,tohoku_sub_544,66.0,38.82331,140.80145
1440,1557,tohoku_sub_545,66.0,38.79749,140.83619
1441,1558,tohoku_sub_546,66.0,38.79364,140.65698
1442,1559,tohoku_sub_547,66.0,38.60465,140.16314
1443,1560,tohoku_sub_548,66.0,38.37064,140.36068
1444,1561,tohoku_sub_549,66.0,38.42189,140.4016
1445,1562,tohoku_sub_550,66.0,38.41803,140.4049
1446,1563,tohoku_sub_551,66.0,38.42214,140.39282
1447,1564,tohoku_sub_552@275,275.0,39.78183,140.05221
1448,1565,tohoku_sub_552@154,154.0,39.78183,140.05221
1449,1566,tohoku_sub_553@275,275.0,39.78342,140.05771
1450,1567,tohoku_sub_553@154,154.0,39.78342,140.05771
1451,1568,tohoku_sub_554,66.0,39.27615,140.55385
1452,1569,tohoku_sub_555,66.0,38.37011,140.85312
1453,1570,tohoku_sub_556@275,275.0,38.37775,140.88161
1454,1571,tohoku_sub_556@66,66.0,38.37775,140.88161
1455,1572,tohoku_sub_557,66.0,38.43449,141.3039
1456,1573,tohoku_sub_558@154,154.0,38.47364,141.21997
1457,1574,tohoku_sub_558@66,66.0,38.47364,141.21997
1458,1575,tohoku_sub_559@154,154.0,39.21656,141.08292
1459,1576,tohoku_sub_559@66,66.0,39.21656,141.08292
1460,1577,tohoku_sub_560@500,500.0,39.90491,141.17618
1461,1578,tohoku_sub_560@275,275.0,39.90491,141.17618
1462,1579,tohoku_sub_560@154,154.0,39.90491,141.17618
1463,1580,tohoku_sub_561@154,154.0,39.8981,141.16119
1464,1581,tohoku_sub_561@66,66.0,39.8981,141.16119
1465,1582,tohoku_sub_562,275.0,39.85116,141.16111
1466,1583,tohoku_sub_563,66.0,39.34368,141.8936
1467,1584,tohoku_sub_564,66.0,39.6416,141.92854
1468,1585,tohoku_sub_565,66.0,38.58659,141.23205
1469,1586,tohoku_sub_566@275,275.0,39.07462,141.19729
1470,1587,tohoku_sub_566@154,154.0,39.07462,141.19729
1471,1588,tohoku_sub_567@154,154.0,38.87552,141.54041
1472,1589,tohoku_sub_567@66,66.0,38.87552,141.54041
1473,1590,tohoku_sub_568@275,275.0,39.08541,141.1985
1474,1591,tohoku_sub_568@66,66.0,39.08541,141.1985
1475,1592,tohoku_sub_569,66.0,38.88926,141.57641
1476,1593,tohoku_sub_570@275,275.0,38.48117,141.23749
1477,1594,tohoku_sub_570@154,154.0,38.48117,141.23749
1478,1595,tohoku_sub_570@66,66.0,38.48117,141.23749
1479,1596,tohoku_sub_571@154,154.0,39.68034,141.11194
1480,1597,tohoku_sub_571@66,66.0,39.68034,141.11194
1481,1598,tohoku_sub_572@154,154.0,39.07539,141.71346
1482,1599,tohoku_sub_572@66,66.0,39.07539,141.71346
1483,1600,tohoku_sub_573@154,154.0,39.27802,141.86196
1484,1601,tohoku_sub_573@66,66.0,39.27802,141.86196
1485,1602,tohoku_sub_574@154,154.0,39.62442,141.87813
1486,1603,tohoku_sub_574@66,66.0,39.62442,141.87813
1487,1604,tohoku_sub_575,66.0,39.84267,141.79003
1488,1605,tohoku_sub_576,66.0,39.72978,141.13277
1489,1606,tohoku_sub_577@154,154.0,39.74367,141.10041
1490,1607,tohoku_sub_577@66,66.0,39.74367,141.10041
1491,1608,tohoku_sub_578,66.0,39.62481,141.15005
1492,1609,tohoku_sub_579,66.0,38.39203,141.0728
1493,1610,tohoku_sub_580,66.0,38.42012,141.14041
1494,1611,tohoku_sub_581,66.0,38.44837,141.25943
1495,1612,tohoku_sub_582,66.0,38.68632,141.2049
1496,1613,tohoku_sub_583,66.0,38.75193,141.14352
1497,1614,tohoku_sub_584,66.0,38.65301,141.27406
1498,1615,tohoku_sub_585,66.0,38.50957,141.29981
1499,1616,tohoku_sub_586,66.0,38.80738,141.0846
1500,1617,tohoku_sub_587,66.0,38.43713,141.44186
1501,1618,tohoku_sub_588,66.0,38.38527,141.08005
1502,1619,tohoku_sub_589,66.0,39.33296,141.52477
1503,1620,tohoku_sub_590@154,154.0,38.9421,141.09763
1504,1621,tohoku_sub_590@66,66.0,38.9421,141.09763
1505,1622,tohoku_sub_591,66.0,39.42274,141.12037
1506,1623,tohoku_sub_592,66.0,39.55308,141.16041
1507,1624,tohoku_sub_593@275,275.0,39.5753,141.15646
1508,1625,tohoku_sub_593@66,66.0,39.5753,141.15646
1509,1626,tohoku_sub_594,66.0,39.33743,141.12815
1510,1627,tohoku_sub_595,66.0,39.14283,141.12771
1511,1628,tohoku_sub_596,66.0,38.57145,141.1868
1512,1629,tohoku_sub_597,66.0,38.43472,141.29191
1513,1630,tohoku_sub_598,66.0,38.43278,141.24084
1514,1631,tohoku_sub_599,66.0,38.53104,141.40617
1515,1632,tohoku_sub_600,66.0,38.42325,141.3682
1516,1633,tohoku_sub_601,66.0,38.42565,141.32467
1517,1634,tohoku_sub_602,66.0,38.40899,141.1596
1518,1635,tohoku_sub_603,66.0,38.71335,141.12668
1519,1636,tohoku_sub_604,66.0,39.43348,141.12112
1520,1637,tohoku_sub_605,66.0,39.18132,141.12777
1521,1638,tohoku_sub_606,66.0,39.30011,141.11299
1522,1639,tohoku_sub_607@154,154.0,39.20589,141.08144
1523,1640,tohoku_sub_607@66,66.0,39.20589,141.08144
1524,1641,tohoku_sub_608,66.0,38.92173,141.14962
1525,1642,tohoku_sub_609@154,154.0,39.85034,141.12696
1526,1643,tohoku_sub_609@66,66.0,39.85034,141.12696
1527,1644,tohoku_sub_610,66.0,39.44788,141.11676
1528,1645,tohoku_sub_611,66.0,39.25804,141.88843
1529,1646,tohoku_sub_612,66.0,39.11955,141.71833
1530,1647,tohoku_sub_613,66.0,39.25253,141.80836
1531,1648,tohoku_sub_614@275,275.0,39.34989,141.25854
1532,1649,tohoku_sub_614@154,154.0,39.34989,141.25854
1533,1650,tohoku_sub_614@66,66.0,39.34989,141.25854
1534,1651,tohoku_sub_615@154,154.0,39.33526,141.06913
1535,1652,tohoku_sub_615@66,66.0,39.33526,141.06913
1536,1653,tohoku_sub_616,66.0,39.65015,141.95595
1537,1654,tohoku_sub_617,66.0,39.58413,141.93577
1538,1655,tohoku_sub_618,66.0,39.46996,141.94827
1539,1656,tohoku_sub_619,66.0,39.24626,141.08985
1540,1657,tohoku_sub_620,66.0,39.59789,141.76297
1541,1658,tohoku_sub_621,66.0,39.6298,141.61262
1542,1659,tohoku_sub_622,66.0,39.8336,141.91391
1543,1660,tohoku_sub_623,66.0,39.8467,141.6974
1544,1661,tohoku_sub_624,66.0,38.83279,141.57151
1545,1662,tohoku_sub_625,66.0,39.33906,141.11974
1546,1663,tohoku_sub_626,66.0,39.44664,141.11651
1547,1664,tohoku_sub_627,66.0,39.7929,141.14
1548,1665,tohoku_sub_628,66.0,39.84494,141.44242
1549,1666,tohoku_sub_629,66.0,39.88673,141.48642
1550,1667,tohoku_sub_630,66.0,39.80148,141.24179
1551,1669,tohoku_sub_632,66.0,39.39268,141.10868
1552,1670,tohoku_sub_633,66.0,39.63104,141.17889
1553,1671,tohoku_sub_634,66.0,39.65326,141.13077
1554,1672,tohoku_sub_635,66.0,39.33684,141.10552
1555,1673,tohoku_sub_636,66.0,38.94008,141.12004
1556,1674,tohoku_sub_637,66.0,39.05384,141.11825
1557,1675,tohoku_sub_638,66.0,39.14705,141.15803
1558,1676,tohoku_sub_639,66.0,39.21296,141.18933
1559,1677,tohoku_sub_640,66.0,39.17997,141.19223
1560,1678,tohoku_sub_641,66.0,38.86972,141.26655
1561,1679,tohoku_sub_642,66.0,38.86424,141.33352
1562,1680,tohoku_sub_643,66.0,38.90845,141.32472
1563,1681,tohoku_sub_644,66.0,38.91226,141.32916
1564,1682,tohoku_sub_645,66.0,38.99491,141.26656
1565,1683,tohoku_sub_646,66.0,38.99539,141.11371
1566,1684,tohoku_sub_647,66.0,39.17403,141.29385
1567,1685,tohoku_sub_648,66.0,38.92249,141.16542
1568,1686,tohoku_sub_649,66.0,38.91979,141.13596
1569,1687,tohoku_sub_650,66.0,38.90808,141.24227
1570,1688,tohoku_sub_651,66.0,38.83141,141.17938
1571,1689,tohoku_sub_652@154,154.0,39.69858,141.13516
1572,1690,tohoku_sub_652@66,66.0,39.69858,141.13516
1573,1691,tohoku_sub_653,66.0,39.82769,141.72694
1574,1692,tohoku_sub_654@154,154.0,38.92054,141.58572
1575,1693,tohoku_sub_654@66,66.0,38.92054,141.58572
1576,1694,tohoku_sub_655,66.0,39.74191,141.16594
1577,1695,tohoku_sub_656,66.0,39.72375,141.18547
1578,1696,tohoku_sub_657,66.0,39.70009,141.17292
1579,1697,tohoku_sub_658,66.0,38.53803,141.12011
1580,1698,tohoku_sub_659,66.0,38.48781,141.09276
1581,1699,tohoku_sub_660,66.0,38.475,141.10023
1582,1700,tohoku_sub_661@154,154.0,38.41901,141.25945
1583,1701,tohoku_sub_661@66,66.0,38.41901,141.25945
1584,1702,tohoku_sub_662@154,154.0,38.42092,141.26443
1585,1703,tohoku_sub_662@66,66.0,38.42092,141.26443
1586,1704,tohoku_sub_663@154,154.0,38.4234,141.28888
1587,1705,tohoku_sub_663@66,66.0,38.4234,141.28888
1588,1706,tohoku_sub_664,66.0,38.78708,141.50562
1589,1707,tohoku_sub_665@154,154.0,39.03123,141.63306
1590,1708,tohoku_sub_665@66,66.0,39.03123,141.63306
1591,1709,tohoku_sub_666,66.0,39.03456,141.71351
1592,1710,tohoku_sub_667,66.0,39.35969,141.76726
1593,1711,tohoku_sub_668,66.0,39.36882,141.90524
1594,1712,tohoku_sub_669,66.0,38.73722,141.29685
1595,1713,tohoku_sub_670,66.0,38.68938,141.4585
1596,1715,tohoku_sub_672,66.0,38.80777,141.07957
1597,1716,tohoku_sub_673,66.0,38.39607,141.49886
1598,1717,tohoku_sub_674,275.0,38.39716,141.5009
1599,1718,tohoku_sub_675,275.0,38.39986,141.49838
1600,1719,tohoku_sub_676,500.0,38.84469,141.11022
1601,1721,tohoku_sub_678,66.0,38.66688,141.16393
1602,1724,tohoku_sub_681,275.0,38.39469,141.49986
1603,1726,tohoku_sub_683,66.0,40.65169,139.94416
1604,1727,tohoku_sub_684,66.0,40.53702,139.96717
1605,1728,tohoku_sub_685,66.0,40.3292,140.03403
1606,1729,tohoku_sub_686,275.0,40.19012,139.99481
1607,1730,tohoku_sub_687,66.0,40.84234,140.70102
1608,1731,tohoku_sub_689,66.0,40.82379,140.74776
1609,1732,tohoku_sub_690,66.0,40.58827,140.4173
1610,1733,tohoku_sub_691,66.0,40.80907,140.78296
1611,1734,tohoku_sub_692,66.0,41.05791,140.58558
1612,1735,tohoku_sub_693,66.0,40.98618,140.65266
1613,1737,tohoku_sub_696,66.0,40.22415,140.33293
1614,1738,tohoku_sub_697@275,275.0,40.16237,140.07198
1615,1739,tohoku_sub_697@66,66.0,40.16237,140.07198
1616,1740,tohoku_sub_700@154,154.0,40.77765,140.71257
1617,1741,tohoku_sub_700@66,66.0,40.77765,140.71257
1618,1742,tohoku_sub_701@275,275.0,40.77451,140.71043
1619,1743,tohoku_sub_701@154,154.0,40.77451,140.71043
1620,1744,tohoku_sub_701@66,66.0,40.77451,140.71043
1621,1745,tohoku_sub_702@154,154.0,40.22138,140.59464
1622,1746,tohoku_sub_702@66,66.0,40.22138,140.59464
1623,1747,tohoku_sub_703,66.0,40.77688,140.75286
1624,1748,tohoku_sub_704,66.0,40.81587,140.729
1625,1749,tohoku_sub_705,66.0,40.19585,140.03702
1626,1750,tohoku_sub_706,66.0,40.61266,140.44105
1627,1751,tohoku_sub_707@154,154.0,40.77873,140.43942
1628,1752,tohoku_sub_707@66,66.0,40.77873,140.43942
1629,1753,tohoku_sub_708,66.0,40.62107,140.48665
1630,1754,tohoku_sub_709,66.0,40.80416,140.45045
1631,1755,tohoku_sub_710@66,66.0,40.22076,140.36564
1632,1756,tohoku_sub_711,66.0,40.26437,140.56253
1633,1757,tohoku_sub_712,66.0,40.26503,140.76873
1634,1758,tohoku_sub_713@275,275.0,41.15362,140.50835
1635,1759,tohoku_sub_713@66,66.0,41.15362,140.50835
1636,1760,tohoku_sub_714,66.0,40.84134,140.69424
1637,1761,tohoku_sub_715@66,66.0,40.70378,140.92918
1638,1762,tohoku_sub_716,66.0,40.59489,141.04947
1639,1763,tohoku_sub_717,66.0,41.25473,140.34514
1640,1764,tohoku_sub_718,66.0,41.00913,140.42042
1641,1765,tohoku_sub_719,66.0,40.59711,140.48724
1642,1766,tohoku_sub_720@154,154.0,40.76796,140.75022
1643,1767,tohoku_sub_720@66,66.0,40.76796,140.75022
1644,1768,tohoku_sub_721,66.0,40.83783,140.81877
1645,1769,tohoku_sub_722,66.0,40.82199,140.7662
1646,1770,tohoku_sub_723,66.0,40.80769,140.75131
1647,1771,tohoku_sub_724,66.0,40.84331,140.68612
1648,1772,tohoku_sub_725,66.0,40.83989,140.70208
1649,1773,tohoku_sub_726,66.0,40.92681,140.96571
1650,1774,tohoku_sub_727,66.0,41.20389,140.99613
1651,1775,tohoku_sub_729@154,154.0,40.58475,140.54595
1652,1776,tohoku_sub_729@66,66.0,40.58475,140.54595
1653,1777,tohoku_sub_730,66.0,40.58306,140.46123
1654,1778,tohoku_sub_731,66.0,40.5592,140.51711
1655,1779,tohoku_sub_732,66.0,40.60057,140.50887
1656,1780,tohoku_sub_733,66.0,40.56103,140.2867
1657,1781,tohoku_sub_734,66.0,40.70388,140.45853
1658,1782,tohoku_sub_735,66.0,40.52059,140.58436
1659,1783,tohoku_sub_736,66.0,40.80349,140.37953
1660,1784,tohoku_sub_737,66.0,40.86311,140.33677
1661,1785,tohoku_sub_738,66.0,40.65438,140.59396
1662,1786,tohoku_sub_739,66.0,40.7095,140.57636
1663,1787,tohoku_sub_740,66.0,40.88159,140.45112
1664,1788,tohoku_sub_741,66.0,40.81586,140.45986
1665,1789,tohoku_sub_742,66.0,40.96316,140.43782
1666,1790,tohoku_sub_743,66.0,40.77104,140.21869
1667,1791,tohoku_sub_744,66.0,40.70584,140.23714
1668,1792,tohoku_sub_745,66.0,41.00066,140.64477
1669,1793,tohoku_sub_746,275.0,41.13367,140.51401
1670,1794,tohoku_sub_747,66.0,41.17784,140.48916
1671,1795,tohoku_sub_749,66.0,40.29815,140.56763
1672,1796,tohoku_sub_750,66.0,40.03759,140.43697
1673,1797,tohoku_sub_751,66.0,39.99628,140.40651
1674,1798,tohoku_sub_752,66.0,40.12525,140.36454
1675,1799,tohoku_sub_753,66.0,40.21893,140.05243
1676,1800,tohoku_sub_754,66.0,40.12417,140.83192
1677,1801,tohoku_sub_755,66.0,40.06911,140.79954
1678,1802,tohoku_sub_756,66.0,40.20572,140.80159
1679,1803,tohoku_sub_757@66,66.0,40.33527,140.75093
1680,1804,tohoku_sub_758,66.0,40.3733,140.8787
1681,1805,tohoku_sub_759,66.0,40.59952,140.68886
1682,1806,tohoku_sub_760,66.0,40.69508,140.77757
1683,1807,tohoku_sub_761,66.0,40.7136,140.75418
1684,1808,tohoku_sub_762,66.0,40.72842,140.86422
1685,1809,tohoku_sub_763,66.0,40.75,140.83242
1686,1810,tohoku_sub_764,66.0,40.42101,140.67393
1687,1811,tohoku_sub_765,66.0,40.20968,140.2323
1688,1812,tohoku_sub_766,66.0,40.21886,140.05347
1689,1813,tohoku_sub_767,66.0,40.10623,140.07974
1690,1814,tohoku_sub_768,66.0,39.94379,140.08585
1691,1815,tohoku_sub_769,66.0,40.19481,140.06469
1692,1816,tohoku_sub_770@154,154.0,40.22704,140.55948
1693,1817,tohoku_sub_770@66,66.0,40.22704,140.55948
1694,1819,tohoku_sub_772,66.0,40.37027,140.37557
1695,1820,tohoku_sub_775,66.0,40.8185,140.76804
1696,1821,tohoku_sub_776,66.0,40.67992,140.5525
1697,1823,tohoku_sub_778,66.0,40.77001,140.80309
1698,1824,tohoku_sub_779,66.0,40.63776,140.4794
1699,1825,tohoku_sub_780,66.0,40.63708,140.48333
1700,1826,tohoku_sub_781,66.0,40.81804,140.46188
1701,1827,tohoku_sub_782,66.0,40.81329,140.45438
1702,1828,tohoku_sub_783,66.0,40.58256,140.56139
1703,1829,tohoku_sub_784,66.0,40.8323,140.68813
1704,1830,tohoku_sub_785,66.0,40.94314,140.63263
1705,1831,tohoku_sub_786,66.0,40.86366,140.67461
1706,1833,tohoku_sub_788,66.0,40.52541,141.50664
1707,1834,tohoku_sub_789,66.0,40.52524,141.5019
1708,1835,tohoku_sub_790,66.0,40.51164,141.48464
1709,1836,tohoku_sub_792,66.0,40.56742,141.47775
1710,1837,tohoku_sub_793,66.0,40.55443,141.48646
1711,1838,tohoku_sub_794,66.0,40.68189,141.35816
1712,1839,tohoku_sub_795@154,154.0,40.51254,141.45815
1713,1840,tohoku_sub_795@66,66.0,40.51254,141.45815
1714,1841,tohoku_sub_796,66.0,40.96556,141.35919
1715,1842,tohoku_sub_797,66.0,40.95012,141.32435
1716,1845,tohoku_sub_799@275,275.0,40.52785,141.35731
1717,1846,tohoku_sub_799@154,154.0,40.52785,141.35731
1718,1847,tohoku_sub_800@154,154.0,40.43799,141.45266
1719,1848,tohoku_sub_800@66,66.0,40.43799,141.45266
1720,1849,tohoku_sub_801@154,154.0,40.95062,141.29966
1721,1850,tohoku_sub_801@66,66.0,40.95062,141.29966
1722,1851,tohoku_sub_803@154,154.0,40.53486,141.49729
1723,1852,tohoku_sub_803@66,66.0,40.53486,141.49729
1724,1853,tohoku_sub_804@154,154.0,40.66479,141.3139
1725,1854,tohoku_sub_804@66,66.0,40.66479,141.3139
1726,1855,tohoku_sub_805,66.0,40.48487,141.45053
1727,1856,tohoku_sub_806,66.0,40.51783,141.54691
1728,1857,tohoku_sub_807,66.0,40.49651,141.43893
1729,1858,tohoku_sub_808,66.0,40.1974,141.77395
1730,1859,tohoku_sub_809,66.0,40.41118,141.70522
1731,1860,tohoku_sub_810,66.0,40.47641,141.58226
1732,1861,tohoku_sub_811@154,154.0,40.20218,141.30901
1733,1862,tohoku_sub_811@66,66.0,40.20218,141.30901
1734,1863,tohoku_sub_812,66.0,40.50903,141.51909
1735,1864,tohoku_sub_813,66.0,40.5243,141.50515
1736,1865,tohoku_sub_814,66.0,39.96358,141.19961
1737,1866,tohoku_sub_815,66.0,40.52775,141.50156
1738,1867,tohoku_sub_816,66.0,40.55819,141.42692
1739,1868,tohoku_sub_817,66.0,40.49811,141.49598
1740,1869,tohoku_sub_818,66.0,40.51426,141.52206
1741,1870,tohoku_sub_819,66.0,40.577,141.4693
1742,1871,tohoku_sub_820,66.0,40.60363,141.41413
1743,1872,tohoku_sub_821,66.0,40.6073,141.4228
1744,1873,tohoku_sub_822,66.0,40.59469,141.24038
1745,1875,tohoku_sub_824,66.0,40.4594,141.35196
1746,1876,tohoku_sub_825,66.0,40.52862,141.30803
1747,1877,tohoku_sub_826,66.0,40.37483,141.23911
1748,1878,tohoku_sub_827,66.0,40.43988,141.33392
1749,1879,tohoku_sub_828,66.0,40.63248,141.21443
1750,1880,tohoku_sub_829,66.0,40.7053,141.15631
1751,1881,tohoku_sub_830,66.0,40.95211,141.29832
1752,1882,tohoku_sub_831@154,154.0,41.18922,141.38011
1753,1883,tohoku_sub_831@66,66.0,41.18922,141.38011
1754,1884,tohoku_sub_832@154,154.0,40.95409,141.27922
1755,1885,tohoku_sub_832@66,66.0,40.95409,141.27922
1756,1886,tohoku_sub_833@154,154.0,40.9648,141.3193
1757,1887,tohoku_sub_833@66,66.0,40.9648,141.3193
1758,1888,tohoku_sub_834@154,154.0,40.9614,141.31423
1759,1889,tohoku_sub_834@66,66.0,40.9614,141.31423
1760,1890,tohoku_sub_835,154.0,40.96261,141.3139
1761,1891,tohoku_sub_836@154,154.0,40.46483,141.40399
1762,1892,tohoku_sub_836@66,66.0,40.46483,141.40399
1763,1893,tohoku_sub_837,66.0,40.73247,141.37348
1764,1894,tohoku_sub_838@500,500.0,40.78362,141.17285
1765,1895,tohoku_sub_838@275,275.0,40.78362,141.17285
1766,1896,tohoku_sub_838@154,154.0,40.78362,141.17285
1767,1897,tohoku_sub_838@66,66.0,40.78362,141.17285
1768,1898,tohoku_sub_839,275.0,40.80175,141.19728
1769,1899,tohoku_sub_840,66.0,40.8481,141.12453
1770,1900,tohoku_sub_841,66.0,40.51738,141.47695
1771,1901,tohoku_sub_842@154,154.0,40.54322,141.49626
1772,1902,tohoku_sub_842@66,66.0,40.54322,141.49626
1773,1903,tohoku_sub_843,66.0,40.32041,141.45529
1774,1904,tohoku_sub_844,66.0,40.29014,141.30237
1775,1905,tohoku_sub_845,66.0,40.87761,141.08886
1776,1906,tohoku_sub_846,66.0,41.29155,141.18535
1777,1907,tohoku_sub_847,66.0,41.20044,141.27656
1778,1908,tohoku_sub_848,66.0,41.24608,141.13189
1779,1909,tohoku_sub_850,66.0,40.67969,141.3482
1780,1910,tohoku_sub_851,66.0,40.46082,141.53838
1781,1911,tohoku_sub_852,66.0,40.04336,141.42719
1782,1912,tohoku_sub_853,66.0,40.04194,141.24221
1783,1913,tohoku_sub_854@154,154.0,39.98709,141.22435
1784,1914,tohoku_sub_854@66,66.0,39.98709,141.22435
1785,1916,tohoku_sub_857,66.0,40.24974,141.28432
1786,1917,tohoku_sub_858,66.0,40.35146,141.29066
1787,1918,tohoku_sub_859,66.0,40.36708,141.28931
1788,1920,tohoku_sub_861,66.0,39.93629,141.20606
1789,1921,tohoku_sub_862,66.0,40.96743,141.28153
1790,1922,tohoku_sub_863@154,154.0,40.95172,141.28664
1791,1923,tohoku_sub_863@66,66.0,40.95172,141.28664
1792,1924,tohoku_sub_864,154.0,40.95298,141.30856
1793,1925,tohoku_sub_865@154,154.0,40.95117,141.29739
1794,1926,tohoku_sub_865@66,66.0,40.95117,141.29739
1795,1927,tohoku_sub_866@154,154.0,40.96051,141.31839
1796,1928,tohoku_sub_866@66,66.0,40.96051,141.31839
1797,1929,tohoku_sub_867,66.0,40.95972,141.30625
1798,1930,tohoku_sub_868,66.0,40.97918,141.3503
1799,1931,tohoku_sub_869@500,500.0,41.18859,141.38533
1800,1932,tohoku_sub_869@66,66.0,41.18859,141.38533
1801,1933,tohoku_sub_870,66.0,40.49486,141.49879
1802,1934,tohoku_sub_871,66.0,40.7195,141.34815
1803,1936,tohoku_sub_873,66.0,40.22144,141.81423
1804,1937,tohoku_sub_874,66.0,40.21788,141.80904
1805,1938,tohoku_sub_875,66.0,40.66853,141.33524
1806,1940,tohoku_sub_877,154.0,40.77203,141.21718
1807,1941,tohoku_sub_878,154.0,40.96245,141.25089
1808,1942,tohoku_sub_879@500,500.0,40.77987,141.17073
1809,1943,tohoku_sub_879@66,66.0,40.77987,141.17073
1810,1944,tohoku_sub_880,66.0,40.00913,141.8797
1811,1945,tohoku_sub_881,154.0,40.54812,141.44919
1812,1948,tohoku_sub_884,66.0,40.68365,141.35502
1813,1949,tohoku_sub_885,154.0,40.30358,141.41827
1814,1950,tohoku_sub_886,154.0,40.30263,141.41953
1815,1951,tohoku_sub_887,66.0,40.0753,141.23239
1816,1952,tohoku_sub_888,66.0,40.40823,141.69113
1817,1953,tohoku_sub_889,66.0,40.33301,141.42893
1818,1954,tohoku_sub_890,154.0,40.98803,141.27143
1819,1955,tohoku_sub_893@154,154.0,40.54004,141.49656
1820,1956,tohoku_sub_893@66,66.0,40.54004,141.49656
1821,1957,tohoku_sub_894@154,154.0,40.53596,141.50066
1822,1958,tohoku_sub_894@66,66.0,40.53596,141.50066
1823,1959,tohoku_sub_895,154.0,40.53538,141.50505
1824,1960,tohoku_sub_896@500,500.0,41.1869,141.38591
1825,1961,tohoku_sub_896@66,66.0,41.1869,141.38591
1826,1962,tohoku_sub_897,66.0,40.64612,141.20822
1827,1963,tohoku_sub_898,66.0,40.73925,141.13124
1828,1964,tohoku_sub_899,66.0,40.51055,141.48646
1829,1965,tohoku_sub_900,66.0,40.48142,141.47363
1830,1966,tokyo_jct_35.6876:139.6383:66,66.0,35.68763,139.63828
1831,1967,tokyo_jct_35.5606:139.4228:66,66.0,35.56063,139.42277
1832,1968,tokyo_jct_35.5338:139.4499:66,66.0,35.53377,139.44993
1833,1969,tokyo_jct_35.4331:139.3531:66,66.0,35.43307,139.3531
1834,1970,tokyo_jct_35.6002:139.3677:66,66.0,35.60017,139.36766
1835,1971,tokyo_jct_35.6001:139.368:66,66.0,35.60014,139.36796
1836,1972,tokyo_jct_35.6322:139.4137:66,66.0,35.63223,139.41367
1837,1973,tokyo_jct_35.6346:139.4159:66,66.0,35.63465,139.41593
1838,1974,tokyo_jct_35.5905:139.3802:66,66.0,35.59048,139.38018
1839,1975,tokyo_jct_35.433:139.3807:66,66.0,35.43303,139.38075
1840,1976,tokyo_jct_35.4329:139.3806:66,66.0,35.43294,139.38062
1841,1977,tokyo_jct_35.6719:139.6382:154,154.0,35.67185,139.63817
1842,1978,tokyo_jct_35.4644:139.3858:66,66.0,35.46444,139.38579
1843,1979,tokyo_jct_35.5844:139.5197:66,66.0,35.58436,139.51974
1844,1980,tokyo_jct_35.5928:139.5095:66,66.0,35.59277,139.50951
1845,1981,tokyo_jct_35.4947:139.4578:66,66.0,35.49465,139.45775
1846,1982,tokyo_jct_35.777:139.4892:154,154.0,35.77703,139.48921
1847,1983,tokyo_jct_35.5993:139.4292:66,66.0,35.59927,139.42923
1848,1984,tokyo_jct_35.6604:139.3722:275,275.0,35.66043,139.37216
1849,1985,tokyo_jct_35.6905:139.5328:66,66.0,35.69047,139.5328
1850,1986,tokyo_jct_35.458:139.4303:66,66.0,35.45795,139.43027
1851,1987,tokyo_jct_35.6883:139.5079:66,66.0,35.68829,139.50789
1852,1988,tokyo_jct_35.4941:138.775:66,66.0,35.49406,138.77503
1853,1989,tokyo_jct_35.4988:138.8223:66,66.0,35.49881,138.82233
1854,1990,tokyo_jct_35.6846:139.4996:66,66.0,35.6846,139.49962
1855,1991,tokyo_jct_35.6496:139.4323:66,66.0,35.6496,139.43226
1856,1992,tokyo_jct_35.6594:139.4356:66,66.0,35.65944,139.43561
1857,1993,tokyo_jct_35.7063:139.4451:66,66.0,35.70626,139.44515
1858,1994,tokyo_jct_35.7001:139.4513:66,66.0,35.70006,139.4513
1859,1995,tokyo_jct_35.7016:139.6454:66,66.0,35.70157,139.64537
1860,1996,tokyo_jct_35.3873:139.2283:154,154.0,35.38732,139.22828
1861,1997,tokyo_jct_35.3989:139.3432:154,154.0,35.39895,139.34321
1862,1998,tokyo_jct_35.6012:139.549:66,66.0,35.60122,139.54902
1863,1999,tokyo_jct_35.5717:139.6338:66,66.0,35.57175,139.6338
1864,2000,tokyo_jct_35.5483:139.4709:154,154.0,35.54835,139.47092
1865,2001,tokyo_jct_35.5548:139.4121:66,66.0,35.55479,139.41207
1866,2002,tokyo_jct_35.6892:139.4027:154,154.0,35.6892,139.40268
1867,2003,tokyo_jct_35.5554:139.6071:154,154.0,35.55539,139.60711
1868,2004,tokyo_jct_35.5975:139.6476:154,154.0,35.59746,139.64763
1869,2005,tokyo_jct_35.5671:139.4771:275,275.0,35.5671,139.47714
1870,2006,tokyo_jct_35.4646:139.5085:275,275.0,35.46463,139.50847
1871,2007,tokyo_jct_35.4197:139.4723:66,66.0,35.41968,139.47229
1872,2008,tokyo_jct_35.5649:139.5529:66,66.0,35.56492,139.55291
1873,2009,tokyo_jct_35.5699:138.7758:154,154.0,35.56986,138.77582
1874,2010,tokyo_jct_35.5652:138.8901:154,154.0,35.56523,138.89008
1875,2011,tokyo_jct_35.5919:139.3325:66,66.0,35.59192,139.33251
1876,2012,tokyo_jct_35.6846:139.453:66,66.0,35.68458,139.45296
1877,2013,tokyo_jct_35.6516:139.4911:66,66.0,35.65158,139.49106
1878,2014,tokyo_jct_35.6464:139.4777:66,66.0,35.64645,139.47767
1879,2015,tokyo_jct_35.6466:139.4745:66,66.0,35.6466,139.47455
1880,2016,tokyo_jct_35.494:139.6187:66,66.0,35.49404,139.61874
1881,2017,tokyo_jct_35.4964:139.6119:66,66.0,35.49642,139.61186
1882,2020,tokyo_jct_35.4144:139.3929:66,66.0,35.41442,139.39287
1883,2021,tokyo_jct_35.4065:139.3944:66,66.0,35.40655,139.39439
1884,2022,tokyo_jct_35.6429:139.3698:66,66.0,35.64287,139.3698
1885,2023,tokyo_jct_35.656:139.3629:66,66.0,35.65604,139.36286
1886,2024,tokyo_jct_35.3956:138.9226:275,275.0,35.39562,138.92261
1887,2025,tokyo_jct_35.5302:139.6237:154,154.0,35.53017,139.62369
1888,2026,tokyo_jct_35.4613:139.5826:66,66.0,35.46128,139.58256
1889,2027,tokyo_jct_35.1944:138.5642:66,66.0,35.19444,138.5642
1890,2028,tokyo_jct_35.1889:138.5609:66,66.0,35.18887,138.56085
1891,2029,tokyo_jct_35.4391:138.4047:154,154.0,35.43911,138.40473
1892,2030,tokyo_jct_35.4888:138.3281:154,154.0,35.48878,138.32805
1893,2031,tokyo_jct_35.5846:138.5309:66,66.0,35.58459,138.53087
1894,2032,tokyo_jct_35.5904:138.7167:154,154.0,35.59042,138.71673
1895,2033,tokyo_jct_35.6162:138.5695:154,154.0,35.61615,138.56949
1896,2034,tokyo_jct_35.638:138.5931:66,66.0,35.63798,138.59314
1897,2035,tokyo_jct_35.5102:139.6124:66,66.0,35.51022,139.61245
1898,2036,tokyo_jct_35.396:139.3243:154,154.0,35.396,139.32431
1899,2037,tokyo_jct_35.396:139.3241:66,66.0,35.39597,139.32415
1900,2038,tokyo_jct_35.3948:139.3237:66,66.0,35.39479,139.32366
1901,2039,tokyo_jct_35.6887:138.4984:66,66.0,35.68871,138.49841
1902,2040,tokyo_jct_35.53:139.6234:154,154.0,35.53004,139.62337
1903,2041,tokyo_jct_35.5292:139.6383:154,154.0,35.52925,139.63833
1904,2042,tokyo_jct_35.3711:139.5239:66,66.0,35.37114,139.52389
1905,2043,tokyo_jct_35.3692:139.5237:66,66.0,35.36919,139.52365
1906,2044,tokyo_jct_35.734:139.4716:66,66.0,35.73401,139.47161
1907,2045,tokyo_jct_35.6664:139.4278:66,66.0,35.66644,139.42777
1908,2046,tokyo_jct_35.6648:139.4302:66,66.0,35.66478,139.43024
1909,2047,tokyo_jct_35.8018:139.3168:66,66.0,35.80183,139.31679
1910,2048,tokyo_jct_35.7575:139.328:66,66.0,35.75745,139.32801
1911,2049,tokyo_jct_35.6933:139.3161:66,66.0,35.69329,139.31607
1912,2050,tokyo_jct_35.7665:139.2918:66,66.0,35.76646,139.29178
1913,2051,tokyo_jct_35.8295:139.4555:66,66.0,35.82954,139.4555
1914,2052,tokyo_jct_35.8249:139.4959:66,66.0,35.82492,139.49589
1915,2053,tokyo_jct_35.8075:139.5441:66,66.0,35.80746,139.54406
1916,2054,tokyo_jct_35.9293:139.3302:154,154.0,35.92925,139.33018
1917,2055,tokyo_jct_35.8249:139.3799:154,154.0,35.82491,139.37987
1918,2056,tokyo_jct_35.3821:139.3488:154,154.0,35.38214,139.3488
1919,2057,tokyo_jct_35.5688:139.4857:66,66.0,35.5688,139.48566
1920,2060,tokyo_jct_35.7061:138.9357:66,66.0,35.70611,138.93569
1921,2061,tokyo_jct_35.3884:138.9317:275,275.0,35.38841,138.93166
1922,2062,tokyo_jct_35.3511:138.959:66,66.0,35.35109,138.95901
1923,2063,tokyo_jct_35.3087:138.9162:66,66.0,35.30872,138.91617
1924,2064,tokyo_jct_35.3553:139.0095:154,154.0,35.35534,139.00955
1925,2065,tokyo_jct_35.5039:139.4892:66,66.0,35.50391,139.48918
1926,2066,tokyo_jct_35.5893:139.2841:66,66.0,35.58934,139.28406
1927,2067,tokyo_jct_35.5879:139.2445:66,66.0,35.58787,139.24446
1928,2068,tokyo_jct_35.89:139.3866:66,66.0,35.89004,139.38661
1929,2069,tokyo_jct_35.1766:138.6656:66,66.0,35.17665,138.66564
1930,2070,tokyo_jct_35.1623:138.704:66,66.0,35.16227,138.70395
1931,2071,tokyo_jct_35.2625:138.7143:154,154.0,35.26249,138.71426
1932,2072,tokyo_jct_35.1606:138.7626:66,66.0,35.16062,138.76263
1933,2073,tokyo_jct_35.1425:138.8166:66,66.0,35.14245,138.81656
1934,2074,tokyo_jct_35.1341:138.8414:66,66.0,35.13409,138.84145
1935,2075,tokyo_jct_35.1605:138.7085:66,66.0,35.16053,138.70855
1936,2078,tokyo_jct_35.1977:138.632:66,66.0,35.19771,138.63203
1937,2079,tokyo_jct_35.1958:138.6069:66,66.0,35.19583,138.60687
1938,2080,tokyo_jct_35.1885:138.5659:66,66.0,35.18855,138.56589
1939,2081,tokyo_jct_35.2:138.5619:66,66.0,35.20005,138.56187
1940,2082,tokyo_jct_35.4726:139.5092:275,275.0,35.47256,139.50919
1941,2083,tokyo_jct_35.3525:139.3671:66,66.0,35.35251,139.36714
1942,2084,tokyo_jct_36.1268:137.9356:154,154.0,36.12684,137.93563
1943,2085,tokyo_jct_35.7885:138.4135:154,154.0,35.78845,138.41351
1944,2086,tokyo_jct_35.3837:139.2516:66,66.0,35.3837,139.25162
1945,2087,tokyo_jct_35.377:139.0535:154,154.0,35.37699,139.05351
1946,2088,tokyo_jct_35.8312:139.454:66,66.0,35.83121,139.45404
1947,2089,tokyo_jct_35.8828:139.3979:154,154.0,35.88278,139.39788
1948,2090,tokyo_jct_35.8893:139.4079:154,154.0,35.8893,139.40788
1949,2091,tokyo_jct_35.8527:139.4715:154,154.0,35.85272,139.47154
1950,2092,tokyo_jct_35.8294:139.601:154,154.0,35.82935,139.60101
1951,2093,tokyo_jct_35.3466:139.3675:66,66.0,35.34665,139.36751
1952,2094,tokyo_jct_35.4425:139.3455:66,66.0,35.44249,139.34552
1953,2095,tokyo_jct_35.4426:139.3454:66,66.0,35.44259,139.34538
1954,2096,tokyo_jct_35.445:139.343:66,66.0,35.44504,139.34303
1955,2097,tokyo_jct_35.4452:139.3427:66,66.0,35.44522,139.34272
1956,2098,tokyo_jct_35.3669:139.5743:275,275.0,35.36686,139.57432
1957,2099,tokyo_jct_35.4773:139.5588:66,66.0,35.47734,139.55883
1958,2100,tokyo_jct_35.3496:139.3281:66,66.0,35.34956,139.32814
1959,2101,tokyo_jct_35.3481:139.3235:66,66.0,35.34813,139.32348
1960,2102,tokyo_jct_35.4194:139.4203:275,275.0,35.41944,139.42034
1961,2103,tokyo_jct_35.4196:139.4204:0,66.0,35.41962,139.42044
1962,2104,tokyo_jct_35.3782:139.4049:66,66.0,35.37817,139.4049
1963,2105,tokyo_jct_35.3694:139.3837:66,66.0,35.36944,139.38375
1964,2106,tokyo_jct_35.3672:139.3809:66,66.0,35.36717,139.38086
1965,2107,tokyo_jct_35.3427:139.4066:0,66.0,35.34274,139.40658
1966,2108,tokyo_jct_35.3503:139.3886:66,66.0,35.35026,139.38856
1967,2109,tokyo_jct_35.3827:139.3203:66,66.0,35.38265,139.32035
1968,2110,tokyo_jct_35.4122:139.4694:66,66.0,35.41218,139.46937
1969,2111,tokyo_jct_35.3581:139.457:66,66.0,35.35808,139.45698
1970,2112,tokyo_jct_36.0814:138.6257:500,500.0,36.08137,138.62571
1971,2113,tokyo_jct_35.6919:139.3165:66,66.0,35.69187,139.31651
1972,2114,tokyo_jct_35.7382:139.2391:66,66.0,35.73823,139.23906
1973,2115,tokyo_jct_35.8012:139.3185:66,66.0,35.80123,139.31853
1974,2116,tokyo_jct_35.3601:139.3811:66,66.0,35.36012,139.38113
1975,2117,tokyo_jct_35.3374:139.4224:0,66.0,35.33744,139.42235
1976,2118,tokyo_jct_35.3513:139.2334:66,66.0,35.35126,139.23344
1977,2119,tokyo_jct_35.3266:139.2287:66,66.0,35.32664,139.22873
1978,2120,tokyo_jct_35.3156:139.2641:66,66.0,35.31558,139.2641
1979,2121,tokyo_jct_35.3767:139.4921:66,66.0,35.37669,139.4921
1980,2122,tokyo_jct_35.3674:139.5059:66,66.0,35.36739,139.50586
1981,2123,tokyo_jct_35.3916:139.3877:66,66.0,35.39161,139.38772
1982,2124,tokyo_jct_35.393:139.3892:66,66.0,35.39298,139.38925
1983,2125,tokyo_jct_35.3957:139.3777:66,66.0,35.3957,139.37771
1984,2126,tokyo_jct_35.3831:139.2949:66,66.0,35.38307,139.29489
1985,2127,tokyo_jct_35.67:139.3913:66,66.0,35.67003,139.39131
1986,2128,tokyo_jct_35.66:139.3723:66,66.0,35.66003,139.37232
1987,2129,tokyo_jct_35.6619:139.3758:66,66.0,35.66185,139.37578
1988,2130,tokyo_jct_35.663:139.3779:66,66.0,35.66297,139.3779
1989,2131,tokyo_jct_35.8688:139.497:66,66.0,35.8688,139.49702
1990,2132,tokyo_jct_35.8497:139.5095:66,66.0,35.84966,139.50951
1991,2133,tokyo_jct_35.9078:139.4719:66,66.0,35.90776,139.47194
1992,2134,tokyo_jct_35.8191:139.5516:66,66.0,35.81914,139.55159
1993,2135,tokyo_jct_35.4428:139.5997:66,66.0,35.44277,139.59971
1994,2136,tokyo_jct_35.4375:139.5603:66,66.0,35.43747,139.56025
1995,2137,tokyo_jct_35.2007:138.7072:154,154.0,35.20065,138.7072
1996,2138,tokyo_jct_35.261:138.7209:154,154.0,35.261,138.72092
1997,2141,tokyo_jct_35.639:139.3102:66,66.0,35.63903,139.31023
1998,2142,tokyo_jct_35.7824:139.4479:66,66.0,35.78237,139.4479
1999,2143,tokyo_jct_35.8044:139.4489:66,66.0,35.80442,139.44889
2000,2144,tokyo_jct_35.809:139.4508:66,66.0,35.809,139.45079
2001,2145,tokyo_jct_35.8822:139.3396:66,66.0,35.88223,139.33959
2002,2146,tokyo_jct_35.3586:139.4595:66,66.0,35.35861,139.45949
2003,2147,tokyo_jct_35.6322:139.4141:66,66.0,35.63222,139.4141
2004,2148,tokyo_jct_35.87:139.6606:66,66.0,35.87004,139.66055
2005,2149,tokyo_jct_35.8823:139.6332:66,66.0,35.88228,139.63323
2006,2150,tokyo_jct_35.8944:139.6226:66,66.0,35.89439,139.62256
2007,2151,tokyo_jct_35.912:139.5972:66,66.0,35.91202,139.59718
2008,2152,tokyo_jct_35.3261:139.4953:66,66.0,35.3261,139.49528
2009,2153,tokyo_jct_35.3272:139.5797:66,66.0,35.32717,139.57975
2010,2154,tokyo_jct_35.4442:139.436:66,66.0,35.44423,139.43601
2011,2155,tokyo_jct_35.4454:139.4283:66,66.0,35.44537,139.42827
2012,2156,tokyo_jct_35.1111:139.0772:66,66.0,35.11107,139.07725
2013,2157,tokyo_jct_35.1389:139.0805:66,66.0,35.13887,139.08048
2014,2158,tokyo_jct_35.1261:138.8109:66,66.0,35.12608,138.8109
2015,2159,tokyo_jct_35.1256:138.8123:66,66.0,35.12558,138.81227
2016,2160,tokyo_jct_35.1506:138.9563:154,154.0,35.15057,138.95633
2017,2161,tokyo_jct_35.1243:138.8433:66,66.0,35.12433,138.84329
2018,2162,tokyo_jct_35.1228:138.8441:66,66.0,35.12284,138.84411
2019,2163,tokyo_jct_35.1219:138.8117:66,66.0,35.12192,138.81173
2020,2164,tokyo_jct_35.6715:138.7306:66,66.0,35.67146,138.73057
2021,2165,tokyo_jct_35.6053:138.9111:66,66.0,35.60532,138.91113
2022,2166,tokyo_jct_35.0977:138.9409:66,66.0,35.09771,138.94091
2023,2167,tokyo_jct_35.119:138.9812:66,66.0,35.11904,138.98121
2024,2168,tokyo_jct_35.1316:139.0259:66,66.0,35.13162,139.02586
2025,2169,tokyo_jct_35.4255:138.403:154,154.0,35.42548,138.40299
2026,2170,tokyo_jct_35.5616:138.909:66,66.0,35.56157,138.909
2027,2171,tokyo_jct_35.7848:138.4187:154,154.0,35.78483,138.4187
2028,2172,tokyo_jct_35.0288:138.9634:66,66.0,35.0288,138.96343
2029,2173,tokyo_jct_35.0986:138.9344:66,66.0,35.09865,138.9344
2030,2174,tokyo_jct_35.3:139.1306:66,66.0,35.30002,139.1306
2031,2175,tokyo_jct_35.32:139.1159:66,66.0,35.32005,139.11593
2032,2176,tokyo_jct_35.3214:139.1146:66,66.0,35.32143,139.11461
2033,2177,tokyo_jct_35.3436:139.0918:66,66.0,35.34364,139.09179
2034,2178,tokyo_jct_35.3164:139.2654:66,66.0,35.31643,139.26543
2035,2179,tokyo_jct_35.2701:139.166:66,66.0,35.27012,139.16599
2036,2180,tokyo_jct_35.2686:139.1686:66,66.0,35.26859,139.16857
2037,2181,tokyo_jct_35.3008:139.1429:66,66.0,35.3008,139.14287
2038,2182,tokyo_jct_35.3313:139.1282:66,66.0,35.33129,139.1282
2039,2183,tokyo_jct_34.9449:138.9402:66,66.0,34.94488,138.94016
2040,2184,tokyo_jct_35.0001:138.956:66,66.0,35.00012,138.95598
2041,2185,tokyo_jct_35.1232:138.8829:66,66.0,35.12317,138.88291
2042,2186,tokyo_jct_34.8691:139.083:66,66.0,34.86908,139.08302
2043,2187,tokyo_jct_35.6228:138.5536:154,154.0,35.62276,138.55365
2044,2188,tokyo_jct_35.616:138.4654:66,66.0,35.61603,138.46535
2045,2189,tokyo_jct_35.79:139.0524:66,66.0,35.79004,139.05244
2046,2190,tokyo_jct_35.8108:139.1866:66,66.0,35.81081,139.18661
2047,2191,tokyo_jct_35.2206:139.6996:66,66.0,35.22058,139.69958
2048,2192,tokyo_jct_35.2543:139.6498:66,66.0,35.25434,139.64978
2049,2193,tokyo_jct_35.6717:139.378:66,66.0,35.67171,139.37799
2050,2194,tokyo_jct_35.6584:139.373:275,275.0,35.65843,139.37299
2051,2195,tokyo_jct_35.2779:139.1674:66,66.0,35.27788,139.1674
2052,2196,tokyo_jct_35.2809:139.1891:66,66.0,35.28087,139.18913
2053,2197,tokyo_jct_35.2818:139.1899:66,66.0,35.28177,139.1899
2054,2198,tokyo_jct_35.2877:139.2003:66,66.0,35.2877,139.2003
2055,2199,tokyo_jct_35.3103:139.2659:66,66.0,35.31026,139.2659
2056,2200,tokyo_jct_35.49:139.5265:275,275.0,35.48999,139.52646
2057,2201,tokyo_jct_35.2304:139.6324:66,66.0,35.23039,139.63239
2058,2202,tokyo_jct_35.3013:139.6162:66,66.0,35.30126,139.61621
2059,2203,tokyo_jct_35.3079:139.632:66,66.0,35.3079,139.63198
2060,2204,tokyo_jct_35.3327:139.6109:66,66.0,35.33265,139.6109
2061,2205,tokyo_jct_35.3479:139.5951:66,66.0,35.34791,139.59513
2062,2206,tokyo_jct_35.3527:139.5944:66,66.0,35.3527,139.59439
2063,2207,tokyo_jct_35.3566:139.608:66,66.0,35.35657,139.60804
2064,2208,tokyo_jct_35.7134:139.2619:275,275.0,35.71343,139.26188
2065,2209,tokyo_jct_35.5304:138.8608:500,500.0,35.53041,138.86077
2066,2210,tokyo_jct_35.5753:138.9164:66,66.0,35.57527,138.91642
2067,2211,tokyo_jct_35.5963:139.1986:154,154.0,35.59626,139.1986
2068,2212,tokyo_jct_35.4722:138.8143:66,66.0,35.4722,138.81426
2069,2213,tokyo_jct_35.4404:138.834:66,66.0,35.4404,138.83402
2070,2214,tokyo_jct_35.4344:138.8414:66,66.0,35.43444,138.84141
2071,2215,tokyo_jct_35.4443:138.8368:66,66.0,35.44431,138.83677
2072,2216,tokyo_jct_35.252:139.1332:66,66.0,35.25199,139.13316
2073,2217,tokyo_jct_35.2068:139.1282:66,66.0,35.20676,139.12817
2074,2218,tokyo_jct_35.2823:139.1428:77,77.0,35.28234,139.14285
2075,2219,tokyo_jct_35.2041:139.1394:66,66.0,35.20406,139.13936
2076,2220,tokyo_jct_35.2406:139.1361:66,66.0,35.24064,139.1361
2077,2223,tokyo_jct_34.9689:138.7941:66,66.0,34.96889,138.79414
2078,2224,tokyo_jct_34.9078:138.8177:66,66.0,34.90779,138.81765
2079,2225,tokyo_jct_34.8485:138.8066:66,66.0,34.84855,138.80662
2080,2226,tokyo_jct_34.749:138.805:66,66.0,34.74902,138.80501
2081,2227,tokyo_jct_35.2002:138.6302:66,66.0,35.20021,138.63015
2082,2228,tokyo_jct_35.2082:138.6246:66,66.0,35.20822,138.62457
2083,2229,tokyo_jct_35.21:138.6282:66,66.0,35.21001,138.62816
2084,2230,tokyo_jct_35.2111:138.6275:66,66.0,35.21112,138.62752
2085,2231,tokyo_jct_34.9651:138.9937:66,66.0,34.9651,138.99365
2086,2232,tokyo_jct_35.2032:139.0561:66,66.0,35.20315,139.05607
2087,2233,tokyo_jct_35.2353:139.0901:66,66.0,35.23534,139.0901
2088,2234,tokyo_jct_35.2426:139.1252:66,66.0,35.24256,139.12523
2089,2235,tokyo_jct_35.2408:139.1253:66,66.0,35.24076,139.12529
2090,2236,tokyo_jct_35.0385:139.0621:66,66.0,35.03854,139.06208
2091,2237,tokyo_jct_35.0378:138.9671:66,66.0,35.03782,138.96708
2092,2238,tokyo_jct_35.3508:139.0923:66,66.0,35.35079,139.09225
2093,2239,tokyo_jct_35.3716:139.0988:66,66.0,35.37157,139.09885
2094,2240,tokyo_jct_35.3496:139.095:66,66.0,35.34963,139.09505
2095,2241,tokyo_jct_35.3735:139.0343:66,66.0,35.37345,139.0343
2096,2242,tokyo_jct_35.3582:139.0073:66,66.0,35.35824,139.00734
2097,2243,tokyo_jct_35.3695:139.0656:66,66.0,35.36946,139.06557
2098,2244,tokyo_jct_35.3566:139.0685:66,66.0,35.35664,139.0685
2099,2245,tokyo_jct_35.409:139.0483:66,66.0,35.40899,139.04826
2100,2246,tokyo_jct_35.4156:139.0394:66,66.0,35.41556,139.0394
2101,2247,tokyo_jct_35.4183:139.0725:66,66.0,35.41829,139.07254
2102,2248,tokyo_jct_35.4399:139.1047:66,66.0,35.43988,139.10473
2103,2249,tokyo_jct_35.3574:139.0061:66,66.0,35.35739,139.00613
2104,2250,tokyo_jct_35.3584:139.0016:66,66.0,35.35845,139.00163
2105,2251,tokyo_jct_35.3555:138.9959:66,66.0,35.3555,138.99586
2106,2252,tokyo_jct_35.421:139.0699:66,66.0,35.42103,139.06987
2107,2253,tokyo_jct_35.3733:139.1675:66,66.0,35.3733,139.1675
2108,2254,tokyo_jct_35.2409:139.1301:66,66.0,35.2409,139.13011
2109,2255,tokyo_jct_35.2448:139.1356:66,66.0,35.24477,139.13564
2110,2258,tokyo_jct_35.2506:139.0609:66,66.0,35.2506,139.06087
2111,2259,tokyo_jct_35.2583:139.0486:66,66.0,35.25834,139.04862
2112,2260,tokyo_jct_35.2646:139.0237:66,66.0,35.26465,139.02369
2113,2261,tokyo_jct_35.2552:139.0474:66,66.0,35.25524,139.04744
2114,2262,tokyo_jct_35.2477:139.0597:66,66.0,35.24767,139.05967
2115,2263,tokyo_jct_35.7852:138.3988:154,154.0,35.78515,138.39882
2116,2267,tokyo_jct_35.3201:139.1182:66,66.0,35.3201,139.11817
2117,2268,tokyo_jct_35.2791:139.1358:66,66.0,35.27914,139.13578
2118,2270,tokyo_jct_35.3309:139.127:66,66.0,35.33085,139.127
2119,2271,tokyo_jct_35.3156:139.1084:66,66.0,35.31558,139.10838
2120,2272,tokyo_jct_35.3213:139.2242:66,66.0,35.32129,139.22418
2121,2273,tokyo_jct_35.275:139.1316:66,66.0,35.27495,139.1316
2122,2274,tokyo_jct_35.2806:139.1904:66,66.0,35.28061,139.19042
2123,2277,tokyo_jct_35.7128:138.719:66,66.0,35.71283,138.71899
2124,2278,tokyo_jct_35.2585:139.6339:66,66.0,35.25852,139.63387
2125,2279,tokyo_jct_35.1429:138.6842:66,66.0,35.14288,138.68422
2126,2280,tokyo_jct_35.754:139.6195:66,66.0,35.75401,139.61955
2127,2281,tokyo_jct_35.8109:139.0987:0,66.0,35.8109,139.09869
2128,2282,tokyo_jct_35.8169:139.0982:0,66.0,35.81686,139.09816
2129,2283,tokyo_jct_35.8419:139.062:0,66.0,35.84192,139.06202
2130,2284,tokyo_jct_35.5917:138.5556:66,66.0,35.59173,138.5556
2131,2285,tokyo_jct_35.5846:138.5653:66,66.0,35.58456,138.56528
2132,2286,tokyo_jct_35.5693:138.4748:66,66.0,35.56935,138.47482
2133,2287,tokyo_jct_35.6662:139.3598:66,66.0,35.6662,139.35981
2134,2288,tokyo_jct_35.6676:139.3588:66,66.0,35.66762,139.35882
2135,2289,tokyo_jct_35.3914:138.9204:275,275.0,35.39143,138.92036
2136,2292,tokyo_jct_35.7849:138.4245:154,154.0,35.78494,138.42454
2137,2293,tokyo_jct_35.2336:139.0909:66,66.0,35.23356,139.09092
2138,2294,tokyo_jct_35.5787:138.751:154,154.0,35.57872,138.75102
2139,2296,tokyo_jct_34.7607:138.9732:66,66.0,34.76072,138.97322
2140,2297,tokyo_jct_35.2319:138.4999:66,66.0,35.23186,138.49992
2141,2298,tokyo_jct_35.161:138.7008:66,66.0,35.16098,138.70078
2142,2299,tokyo_jct_35.1517:138.7107:66,66.0,35.15172,138.71072
2143,2301,tokyo_jct_35.6159:139.1964:154,154.0,35.61591,139.19637
2144,2302,tokyo_jct_35.609:139.2414:66,66.0,35.60898,139.24138
2145,2303,tokyo_jct_35.7784:139.5785:66,66.0,35.77837,139.57854
2146,2304,tokyo_jct_35.8043:139.6227:66,66.0,35.80426,139.62271
2147,2305,tokyo_jct_35.8043:139.6227:154,154.0,35.80426,139.62271
2148,2306,tokyo_jct_35.8059:139.6243:154,154.0,35.80594,139.62432
2149,2307,tokyo_jct_35.6173:139.0216:66,66.0,35.61734,139.02165
2150,2308,tokyo_jct_35.6235:139.1283:66,66.0,35.62347,139.12833
2151,2309,tokyo_jct_35.6222:138.5501:154,154.0,35.6222,138.55013
2152,2310,tokyo_jct_35.6219:138.5508:154,154.0,35.62192,138.55078
2153,2311,tokyo_jct_35.3553:138.9844:66,66.0,35.35528,138.98439
2154,2312,tokyo_jct_35.7826:139.3065:66,66.0,35.78257,139.3065
2155,2313,tokyo_jct_35.605:139.3163:0,66.0,35.60499,139.3163
2156,2314,tokyo_jct_35.6052:139.3163:0,66.0,35.60518,139.31635
2157,2315,tokyo_jct_35.6058:139.3161:0,66.0,35.60577,139.31612
2158,2316,tokyo_jct_35.6057:139.3156:0,66.0,35.6057,139.31564
2159,2317,tokyo_jct_35.6056:139.314:0,66.0,35.60561,139.31398
2160,2318,tokyo_jct_35.6055:139.3126:0,66.0,35.60553,139.3126
2161,2319,tokyo_jct_35.6055:139.3118:0,66.0,35.60549,139.31179
2162,2320,tokyo_jct_35.6055:139.3116:0,66.0,35.60549,139.31164
2163,2321,tokyo_jct_35.6055:139.3113:0,66.0,35.60548,139.31131
2164,2322,tokyo_jct_35.6055:139.3157:0,66.0,35.60555,139.31569
2165,2323,tokyo_jct_35.6061:139.3178:0,66.0,35.60607,139.31775
2166,2324,tokyo_jct_35.6052:139.3156:0,66.0,35.60519,139.31563
2167,2325,tokyo_jct_35.6066:139.3155:0,66.0,35.60657,139.31555
2168,2326,tokyo_jct_35.6039:139.3175:0,66.0,35.60389,139.31746
2169,2327,tokyo_jct_35.6039:139.3174:0,66.0,35.60391,139.31739
2170,2328,tokyo_jct_35.6048:139.3174:0,66.0,35.60479,139.31744
2171,2329,tokyo_jct_35.6051:139.3176:0,66.0,35.60509,139.3176
2172,2330,tokyo_jct_35.604:139.3148:0,66.0,35.60404,139.31482
2173,2331,tokyo_jct_35.6041:139.3153:0,66.0,35.60407,139.31534
2174,2332,tokyo_jct_35.604:139.316:0,66.0,35.60397,139.31604
2175,2333,tokyo_jct_35.6039:139.3167:0,66.0,35.60387,139.31673
2176,2334,tokyo_jct_35.6039:139.3176:0,66.0,35.60392,139.31759
2177,2335,tokyo_jct_35.6043:139.3148:0,66.0,35.60433,139.31482
2178,2336,tokyo_jct_35.6033:139.3149:0,66.0,35.60325,139.31488
2179,2337,tokyo_jct_35.6046:139.3155:0,66.0,35.60456,139.31552
2180,2338,tokyo_jct_35.6049:139.3155:0,66.0,35.60488,139.31549
2181,2339,tokyo_jct_35.6048:139.3156:0,66.0,35.60481,139.31558
2182,2340,tokyo_jct_35.6051:139.3157:0,66.0,35.60514,139.31571
2183,2341,tokyo_jct_35.6035:139.3152:0,66.0,35.60345,139.31519
2184,2342,tokyo_jct_35.6049:139.3166:0,66.0,35.60493,139.31659
2185,2343,tokyo_jct_35.6054:139.3155:0,66.0,35.60542,139.31545
2186,2344,tokyo_jct_35.605:139.317:0,66.0,35.60502,139.31697
2187,2345,tokyo_jct_35.605:139.3171:0,66.0,35.60499,139.31714
2188,2346,tokyo_jct_35.6049:139.317:0,66.0,35.60485,139.317
2189,2347,tokyo_jct_35.6053:139.3169:0,66.0,35.60529,139.31692
2190,2348,tokyo_jct_35.6048:139.3178:0,66.0,35.60475,139.31779
2191,2349,tokyo_jct_35.604:139.3119:0,66.0,35.60401,139.31192
2192,2350,tokyo_jct_35.6045:139.3136:0,66.0,35.60447,139.31361
2193,2351,tokyo_jct_35.603:139.3135:0,66.0,35.60296,139.31347
2194,2352,tokyo_jct_35.6036:139.312:0,66.0,35.60359,139.31199
2195,2353,tokyo_jct_35.603:139.3127:0,66.0,35.60304,139.31267
2196,2354,tokyo_jct_35.6026:139.3109:0,66.0,35.60259,139.31092
2197,2355,tokyo_jct_35.6037:139.3109:0,66.0,35.60366,139.31094
2198,2356,tokyo_jct_35.6025:139.3105:0,66.0,35.60251,139.31047
2199,2357,tokyo_jct_35.6046:139.3113:0,66.0,35.60463,139.31128
2200,2358,tokyo_jct_35.6053:139.3116:0,66.0,35.60531,139.31156
2201,2359,tokyo_jct_35.6047:139.3116:0,66.0,35.60468,139.31164
2202,2360,tokyo_jct_35.6052:139.3125:0,66.0,35.60521,139.31247
2203,2361,tokyo_jct_35.6051:139.3128:0,66.0,35.60506,139.31278
2204,2362,tokyo_jct_35.6052:139.313:0,66.0,35.60522,139.31296
2205,2363,tokyo_jct_35.6047:139.3137:0,66.0,35.60475,139.31367
2206,2364,tokyo_jct_35.6048:139.3142:0,66.0,35.60478,139.31415
2207,2365,tokyo_jct_35.7576:138.5654:66,66.0,35.75759,138.56541
2208,2374,tokyo_jct_35.8566:139.2378:500,500.0,35.85661,139.23781
2209,2375,tokyo_jct_35.7515:139.2272:66,66.0,35.75148,139.22719
2210,2376,tokyo_jct_35.6822:139.3202:66,66.0,35.68219,139.32017
2211,2377,tokyo_jct_35.6684:139.3588:66,66.0,35.66835,139.3588
2212,2378,tokyo_jct_35.6683:139.3544:66,66.0,35.66833,139.35441
2213,2379,tokyo_jct_35.6683:139.3522:66,66.0,35.66832,139.35224
2214,2380,tokyo_jct_35.8929:139.481:66,66.0,35.89294,139.481
2215,2381,tokyo_jct_35.8929:139.481:154,154.0,35.89294,139.481
2216,2382,tokyo_jct_35.6683:139.3537:66,66.0,35.66834,139.3537
2217,2383,tokyo_jct_35.7632:139.2538:66,66.0,35.76323,139.25378
2218,2388,tokyo_jct_35.6037:139.2732:154,154.0,35.60375,139.27324
2219,2389,tokyo_jct_35.9107:139.6402:66,66.0,35.91065,139.64021
2220,2390,tokyo_jct_35.8037:139.6262:154,154.0,35.80374,139.62625
2221,2391,tokyo_jct_35.813:139.1569:66,66.0,35.81301,139.15695
2222,2392,tokyo_jct_34.9452:139.0771:66,66.0,34.94517,139.07706
2223,2393,tokyo_jct_35.0462:139.0739:66,66.0,35.04617,139.07394
2224,2394,tokyo_jct_35.3375:139.0919:66,66.0,35.33752,139.09195
2225,2395,tokyo_jct_35.3783:139.0948:66,66.0,35.37832,139.09477
2226,2396,tokyo_jct_35.6034:138.9117:66,66.0,35.60338,138.91173
2227,2397,tokyo_jct_35.5928:139.1426:77,77.0,35.59283,139.14262
2228,2398,tokyo_jct_35.5751:138.9222:66,66.0,35.5751,138.92221
2229,2403,tokyo_jct_35.8396:139.6654:66,66.0,35.83961,139.6654
2230,2404,tokyo_jct_35.8039:139.6241:66,66.0,35.80387,139.62408
2231,2405,tokyo_jct_35.7805:139.5891:66,66.0,35.78055,139.58912
2232,2406,tokyo_jct_35.7809:139.589:66,66.0,35.78086,139.58904
2233,2407,tokyo_jct_35.7994:139.5994:66,66.0,35.79944,139.59936
2234,2408,tokyo_jct_35.882:139.3972:275,275.0,35.88198,139.39719
2235,2409,tokyo_jct_35.5343:139.6586:66,66.0,35.53426,139.65858
2236,2410,tokyo_jct_35.3778:139.5482:66,66.0,35.37785,139.54823
2237,2411,tokyo_jct_35.378:139.5481:66,66.0,35.37796,139.54814
2238,2412,tokyo_jct_35.403:139.5435:66,66.0,35.40304,139.54349
2239,2413,tokyo_jct_35.4568:139.599:66,66.0,35.45678,139.59898
2240,2414,tokyo_jct_35.3468:138.5694:66,66.0,35.34684,138.56942
2241,2415,tokyo_jct_35.2878:138.5816:66,66.0,35.28782,138.58164
2242,2416,tokyo_jct_35.2872:138.5869:66,66.0,35.28718,138.58689
2243,2417,tokyo_jct_35.2593:138.5803:66,66.0,35.25926,138.5803
2244,2418,tokyo_jct_35.2391:138.5894:66,66.0,35.23909,138.58939
2245,2419,tokyo_jct_35.2627:138.562:66,66.0,35.26265,138.56198
2246,2420,tokyo_jct_35.2393:138.6121:66,66.0,35.23931,138.61206
2247,2423,tokyo_jct_35.4984:139.3478:66,66.0,35.49836,139.34781
2248,2424,tokyo_jct_35.5352:139.3267:66,66.0,35.53517,139.3267
2249,2425,tokyo_jct_35.2176:138.914:66,66.0,35.2176,138.91404
2250,2426,tokyo_jct_35.2286:138.8921:66,66.0,35.22859,138.89211
2251,2427,tokyo_jct_35.2307:138.8875:66,66.0,35.23071,138.8875
2252,2428,tokyo_jct_35.2318:138.8945:66,66.0,35.23178,138.89455
2253,2429,tokyo_jct_35.2875:138.9105:0,66.0,35.28753,138.91052
2254,2430,tokyo_jct_35.2156:138.915:66,66.0,35.21557,138.91504
2255,2435,tokyo_jct_35.8258:139.5543:66,66.0,35.82581,139.55432
2256,2436,tokyo_jct_35.827:139.5505:66,66.0,35.82704,139.55051
2257,2437,tokyo_jct_35.4578:139.4309:66,66.0,35.45782,139.43085
2258,2439,tokyo_jct_35.5376:139.4018:66,66.0,35.53759,139.40184
2259,2440,tokyo_jct_35.5338:138.4328:154,154.0,35.53382,138.43276
2260,2441,tokyo_jct_35.6148:138.4655:66,66.0,35.61484,138.46549
2261,2442,tokyo_jct_35.6516:139.4908:66,66.0,35.65161,139.49084
2262,2443,tokyo_jct_35.6467:139.4745:66,66.0,35.64667,139.47454
2263,2444,tokyo_jct_35.6154:139.2986:66,66.0,35.61538,139.29861
2264,2445,tokyo_jct_35.634:139.3323:66,66.0,35.63397,139.3323
2265,2446,tokyo_jct_35.5317:139.4978:66,66.0,35.53171,139.49782
2266,2447,tokyo_jct_35.5317:139.4975:66,66.0,35.53171,139.49755
2267,2448,tokyo_jct_35.6663:139.3598:66,66.0,35.66634,139.35981
2268,2449,tokyo_jct_35.6495:139.4323:66,66.0,35.64953,139.43232
2269,2450,tokyo_jct_35.5868:139.3501:66,66.0,35.5868,139.35009
2270,2453,tokyo_jct_35.557:139.3937:66,66.0,35.55703,139.39374
2271,2454,tokyo_jct_35.5321:139.402:66,66.0,35.53213,139.40202
2272,2457,tokyo_jct_35.4897:138.7782:66,66.0,35.48965,138.77815
2273,2458,tokyo_jct_35.2461:139.6479:66,66.0,35.24606,139.64789
2274,2459,tokyo_jct_35.2379:139.6691:66,66.0,35.23785,139.66905
2275,2460,tokyo_jct_35.3709:139.524:66,66.0,35.37094,139.52402
2276,2461,tokyo_jct_35.4387:139.2899:66,66.0,35.43873,139.28991
2277,2462,tokyo_jct_35.6668:139.6604:66,66.0,35.66685,139.66041
2278,2463,tokyo_jct_35.6317:139.6761:66,66.0,35.63167,139.67613
2279,2464,tokyo_jct_35.5311:139.6719:66,66.0,35.53107,139.67193
2280,2465,tokyo_jct_35.5011:139.7209:66,66.0,35.50105,139.7209
2281,2466,tokyo_jct_35.5006:139.72:66,66.0,35.5006,139.72001
2282,2467,tokyo_jct_35.5007:139.7199:66,66.0,35.50067,139.71994
2283,2468,tokyo_jct_35.5002:139.719:66,66.0,35.50017,139.71899
2284,2469,tokyo_jct_35.5257:139.69:154,154.0,35.52573,139.68995
2285,2470,tokyo_jct_35.5939:139.6823:66,66.0,35.59395,139.68235
2286,2471,tokyo_jct_35.4995:139.7166:66,66.0,35.4995,139.71665
2287,2472,tokyo_jct_35.7824:139.6648:66,66.0,35.78242,139.66482
2288,2473,tokyo_jct_35.8431:139.7138:66,66.0,35.84314,139.71383
2289,2474,tokyo_jct_35.8396:139.7161:66,66.0,35.83956,139.71611
2290,2475,tokyo_jct_35.8344:139.7228:66,66.0,35.83443,139.72275
2291,2476,tokyo_jct_35.8132:139.7888:66,66.0,35.81323,139.78879
2292,2477,tokyo_jct_35.7596:139.8356:66,66.0,35.75963,139.83559
2293,2478,tokyo_jct_35.7585:139.8376:66,66.0,35.75847,139.83758
2294,2479,tokyo_jct_36.0086:139.713:154,154.0,36.00862,139.71301
2295,2480,tokyo_jct_35.832:139.7359:154,154.0,35.83205,139.73587
2296,2482,tokyo_jct_35.818:139.8438:154,154.0,35.81797,139.84381
2297,2483,tokyo_jct_35.8093:139.8482:154,154.0,35.80925,139.84823
2298,2484,tokyo_jct_35.7585:139.8354:66,66.0,35.7585,139.8354
2299,2485,tokyo_jct_35.6744:139.8696:66,66.0,35.6744,139.86961
2300,2486,tokyo_jct_35.8356:139.874:154,154.0,35.83557,139.87397
2301,2487,tokyo_jct_35.7936:139.7772:66,66.0,35.79357,139.77717
2302,2488,tokyo_jct_35.755:139.8509:66,66.0,35.75502,139.85095
2303,2489,tokyo_jct_35.7529:139.8645:66,66.0,35.75295,139.86448
2304,2490,tokyo_jct_35.8023:140.7169:66,66.0,35.80227,140.71687
2305,2491,tokyo_jct_35.6988:140.2318:66,66.0,35.69885,140.23179
2306,2492,tokyo_jct_35.7038:140.2445:66,66.0,35.70377,140.24454
2307,2493,tokyo_jct_35.6826:140.205:275,275.0,35.68258,140.205
2308,2494,tokyo_jct_35.6753:140.4061:66,66.0,35.67534,140.40611
2309,2495,tokyo_jct_35.6755:140.4601:66,66.0,35.67546,140.4601
2310,2496,tokyo_jct_35.7993:140.3167:66,66.0,35.79933,140.31666
2311,2497,tokyo_jct_35.7359:140.7957:66,66.0,35.73592,140.79572
2312,2498,tokyo_jct_35.7352:140.7885:66,66.0,35.73516,140.78851
2313,2499,tokyo_jct_35.7351:140.7778:66,66.0,35.73506,140.77783
2314,2500,tokyo_jct_35.7273:140.7542:66,66.0,35.72726,140.75424
2315,2501,tokyo_jct_35.7227:140.7187:66,66.0,35.72265,140.71874
2316,2502,tokyo_jct_35.8118:139.9407:66,66.0,35.81179,139.94069
2317,2503,tokyo_jct_35.8093:139.9389:66,66.0,35.80934,139.93894
2318,2504,tokyo_jct_35.8048:139.9347:66,66.0,35.8048,139.93471
2319,2505,tokyo_jct_35.6041:140.4229:66,66.0,35.60406,140.42288
2320,2506,tokyo_jct_35.6562:140.1741:66,66.0,35.65618,140.17408
2321,2507,tokyo_jct_35.6736:140.3246:66,66.0,35.67365,140.32459
2322,2508,tokyo_jct_35.7035:140.1603:275,275.0,35.70353,140.1603
2323,2509,tokyo_jct_35.6627:140.1802:275,275.0,35.6627,140.18023
2324,2510,tokyo_jct_35.5843:140.1732:275,275.0,35.5843,140.17319
2325,2511,tokyo_jct_35.7248:140.1722:500,500.0,35.72484,140.17223
2326,2512,tokyo_jct_35.6331:139.9013:66,66.0,35.63315,139.90132
2327,2513,tokyo_jct_35.8807:139.7678:66,66.0,35.88072,139.76784
2328,2514,tokyo_jct_35.8695:139.7139:66,66.0,35.86946,139.71394
2329,2515,tokyo_jct_35.8629:139.6811:66,66.0,35.86287,139.68111
2330,2516,tokyo_jct_35.8676:139.7676:0,66.0,35.8676,139.76757
2331,2517,tokyo_jct_35.7364:140.2887:66,66.0,35.7364,140.28867
2332,2518,tokyo_jct_35.8493:139.9261:66,66.0,35.84926,139.92607
2333,2519,tokyo_jct_35.8181:139.9072:66,66.0,35.8181,139.90718
2334,2520,tokyo_jct_35.9097:140.5204:66,66.0,35.90968,140.52037
2335,2521,tokyo_jct_35.8974:140.5228:66,66.0,35.89744,140.52276
2336,2522,tokyo_jct_35.8837:140.5071:66,66.0,35.8837,140.5071
2337,2523,tokyo_jct_35.8783:140.4917:66,66.0,35.87826,140.49169
2338,2524,tokyo_jct_35.8782:140.4894:66,66.0,35.87824,140.48943
2339,2525,tokyo_jct_35.8718:140.4229:66,66.0,35.87177,140.42287
2340,2526,tokyo_jct_35.8712:140.4195:66,66.0,35.87124,140.41951
2341,2527,tokyo_jct_35.8974:140.5189:66,66.0,35.89736,140.51891
2342,2528,tokyo_jct_35.3958:139.9461:66,66.0,35.39577,139.94612
2343,2529,tokyo_jct_35.3963:139.956:66,66.0,35.39625,139.95599
2344,2530,tokyo_jct_35.3998:139.971:66,66.0,35.39977,139.97099
2345,2531,tokyo_jct_35.378:140.0524:66,66.0,35.37797,140.05239
2346,2532,tokyo_jct_35.3165:140.0544:66,66.0,35.31655,140.05437
2347,2533,tokyo_jct_35.542:140.0703:275,275.0,35.54203,140.07026
2348,2534,tokyo_jct_35.483:140.0197:275,275.0,35.48303,140.01974
2349,2535,tokyo_jct_35.72:140.1219:66,66.0,35.71996,140.12188
2350,2536,tokyo_jct_35.6875:140.1338:66,66.0,35.68751,140.13378
2351,2537,tokyo_jct_35.7498:140.0124:154,154.0,35.74976,140.01241
2352,2538,tokyo_jct_35.8706:140.4155:66,66.0,35.87064,140.41549
2353,2539,tokyo_jct_35.8396:140.2532:66,66.0,35.83955,140.25322
2354,2540,tokyo_jct_35.7273:140.0773:66,66.0,35.72732,140.07729
2355,2541,tokyo_jct_35.5213:139.7437:66,66.0,35.52129,139.74365
2356,2542,tokyo_jct_35.3147:139.9181:66,66.0,35.31474,139.91809
2357,2543,tokyo_jct_35.3298:139.885:66,66.0,35.32981,139.88503
2358,2544,tokyo_jct_35.3454:139.8686:66,66.0,35.34535,139.86861
2359,2545,tokyo_jct_35.2374:139.8915:66,66.0,35.23744,139.89148
2360,2546,tokyo_jct_35.3458:139.8696:154,154.0,35.34582,139.86965
2361,2547,tokyo_jct_35.8117:140.0046:66,66.0,35.81174,140.00456
2362,2548,tokyo_jct_35.811:140.0253:66,66.0,35.81102,140.02532
2363,2549,tokyo_jct_35.5112:140.3226:66,66.0,35.51119,140.32256
2364,2550,tokyo_jct_35.4931:140.368:66,66.0,35.49315,140.36797
2365,2551,tokyo_jct_35.2681:140.3621:66,66.0,35.26806,140.36209
2366,2552,tokyo_jct_35.407:140.3258:66,66.0,35.40697,140.32579
2367,2553,tokyo_jct_35.36:140.3577:66,66.0,35.36004,140.35767
2368,2554,tokyo_jct_35.5169:140.2994:66,66.0,35.5169,140.29935
2369,2555,tokyo_jct_35.8529:139.717:154,154.0,35.85286,139.71698
2370,2556,tokyo_jct_35.6821:140.0367:66,66.0,35.68207,140.03671
2371,2557,tokyo_jct_35.647:140.0898:66,66.0,35.64695,140.08984
2372,2558,tokyo_jct_35.6436:140.1106:66,66.0,35.64361,140.11056
2373,2559,tokyo_jct_35.6391:140.1143:66,66.0,35.63912,140.11432
2374,2560,tokyo_jct_35.6217:140.1303:66,66.0,35.6217,140.13025
2375,2561,tokyo_jct_35.6178:140.1391:66,66.0,35.61775,140.13908
2376,2562,tokyo_jct_35.8409:140.6057:66,66.0,35.84093,140.60568
2377,2563,tokyo_jct_35.8222:140.6716:66,66.0,35.82217,140.67156
2378,2564,tokyo_jct_35.8485:140.5882:66,66.0,35.84846,140.58815
2379,2565,tokyo_jct_35.8121:140.2882:66,66.0,35.81212,140.28822
2380,2566,tokyo_jct_35.3133:139.9173:66,66.0,35.31332,139.91732
2381,2567,tokyo_jct_35.73:139.8776:154,154.0,35.72999,139.87756
2382,2568,tokyo_jct_35.798:139.9988:66,66.0,35.79803,139.99878
2383,2569,tokyo_jct_35.5611:140.257:154,154.0,35.56106,140.25703
2384,2570,tokyo_jct_35.5466:140.1528:154,154.0,35.54661,140.15284
2385,2571,tokyo_jct_35.7722:140.0174:154,154.0,35.77225,140.01741
2386,2574,tokyo_jct_35.8336:139.796:154,154.0,35.83358,139.79598
2387,2575,tokyo_jct_35.7046:139.9875:66,66.0,35.70461,139.98752
2388,2576,tokyo_jct_35.6686:139.9958:66,66.0,35.66856,139.99583
2389,2577,tokyo_jct_35.6553:140.0211:66,66.0,35.65533,140.0211
2390,2578,tokyo_jct_35.8805:139.7751:66,66.0,35.88054,139.7751
2391,2579,tokyo_jct_35.7776:139.7489:66,66.0,35.77763,139.74888
2392,2580,tokyo_jct_35.7877:139.7486:66,66.0,35.78772,139.74864
2393,2581,tokyo_jct_35.7144:139.9826:66,66.0,35.71442,139.9826
2394,2582,tokyo_jct_35.5211:139.7441:66,66.0,35.5211,139.74409
2395,2583,tokyo_jct_35.9178:139.8397:66,66.0,35.91781,139.83974
2396,2584,tokyo_jct_35.4961:140.3759:66,66.0,35.49607,140.37586
2397,2585,tokyo_jct_35.522:140.4054:66,66.0,35.52195,140.40544
2398,2586,tokyo_jct_35.6007:140.149:66,66.0,35.60069,140.14903
2399,2587,tokyo_jct_35.823:140.2807:66,66.0,35.82304,140.28068
2400,2588,tokyo_jct_35.1566:140.2666:66,66.0,35.15664,140.26661
2401,2589,tokyo_jct_35.2948:140.1667:66,66.0,35.29477,140.16674
2402,2590,tokyo_jct_35.4761:140.2887:66,66.0,35.47606,140.28869
2403,2591,tokyo_jct_35.1322:140.1188:66,66.0,35.1322,140.11885
2404,2592,tokyo_jct_35.514:140.302:66,66.0,35.51401,140.30201
2405,2593,tokyo_jct_35.6788:139.9628:66,66.0,35.67882,139.96285
2406,2594,tokyo_jct_35.8303:140.1531:66,66.0,35.83027,140.15312
2407,2595,tokyo_jct_35.8406:140.1626:66,66.0,35.84059,140.16262
2408,2596,tokyo_jct_35.8518:140.2104:66,66.0,35.85181,140.21044
2409,2597,tokyo_jct_35.1278:140.12:66,66.0,35.12783,140.11996
2410,2598,tokyo_jct_35.1204:140.1244:66,66.0,35.1204,140.1244
2411,2599,tokyo_jct_34.9839:139.9413:66,66.0,34.98394,139.9413
2412,2600,tokyo_jct_35.0531:140.0148:66,66.0,35.0531,140.01478
2413,2601,tokyo_jct_35.0282:139.8966:66,66.0,35.02816,139.89661
2414,2602,tokyo_jct_35.4429:140.2811:66,66.0,35.44291,140.28108
2415,2603,tokyo_jct_35.2171:139.7099:66,66.0,35.2171,139.7099
2416,2604,tokyo_jct_35.4418:139.9658:66,66.0,35.44183,139.9658
2417,2605,tokyo_jct_35.4526:139.9574:66,66.0,35.45261,139.95738
2418,2606,tokyo_jct_35.318:140.0526:66,66.0,35.31799,140.05258
2419,2607,tokyo_jct_35.8148:139.8811:66,66.0,35.81477,139.88112
2420,2608,tokyo_jct_35.2443:139.7035:66,66.0,35.24434,139.70346
2421,2609,tokyo_jct_35.2414:139.7077:66,66.0,35.24136,139.7077
2422,2610,tokyo_jct_35.9032:139.9248:154,154.0,35.90322,139.92478
2423,2611,tokyo_jct_35.8615:139.9171:154,154.0,35.86146,139.91711
2424,2612,tokyo_jct_35.9086:140.6557:66,66.0,35.9086,140.65573
2425,2613,tokyo_jct_35.8931:140.6668:66,66.0,35.89308,140.66678
2426,2614,tokyo_jct_35.8866:140.6802:66,66.0,35.88656,140.68024
2427,2615,tokyo_jct_35.8544:140.734:66,66.0,35.85437,140.73405
2428,2616,tokyo_jct_35.1221:139.8354:66,66.0,35.12215,139.83539
2429,2617,tokyo_jct_35.283:140.36:66,66.0,35.28296,140.35999
2430,2618,tokyo_jct_35.4823:140.0207:66,66.0,35.4823,140.02068
2431,2619,tokyo_jct_35.4714:140.0272:66,66.0,35.47142,140.02717
2432,2620,tokyo_jct_35.4697:140.0258:66,66.0,35.46974,140.02579
2433,2621,tokyo_jct_35.4901:140.0681:66,66.0,35.4901,140.0681
2434,2622,tokyo_jct_35.4827:140.021:66,66.0,35.48273,140.02105
2435,2623,tokyo_jct_35.4831:140.0213:66,66.0,35.48306,140.02133
2436,2624,tokyo_jct_35.5086:140.0538:66,66.0,35.50863,140.05381
2437,2625,tokyo_jct_35.5106:140.055:66,66.0,35.51055,140.055
2438,2626,tokyo_jct_35.4957:140.0752:66,66.0,35.49571,140.07518
2439,2627,tokyo_jct_35.4:139.9487:66,66.0,35.39999,139.94869
2440,2628,tokyo_jct_35.3151:140.0554:66,66.0,35.31511,140.05544
2441,2629,tokyo_jct_35.7314:140.8065:66,66.0,35.73145,140.80649
2442,2632,tokyo_jct_35.514:140.0489:66,66.0,35.51403,140.04894
2443,2633,tokyo_jct_35.5273:140.0555:66,66.0,35.52733,140.05551
2444,2634,tokyo_jct_35.5243:140.0609:66,66.0,35.52429,140.06086
2445,2635,tokyo_jct_35.4564:139.9856:66,66.0,35.45638,139.98564
2446,2636,tokyo_jct_35.4586:139.9844:66,66.0,35.45858,139.98442
2447,2637,tokyo_jct_35.215:140.351:66,66.0,35.21503,140.35104
2448,2638,tokyo_jct_35.8541:140.726:66,66.0,35.85413,140.72602
2449,2639,tokyo_jct_35.5638:140.1418:66,66.0,35.56382,140.14177
2450,2640,tokyo_jct_35.7768:139.7495:66,66.0,35.77681,139.74951
2451,2641,tokyo_jct_35.826:139.7819:66,66.0,35.82604,139.78193
2452,2642,tokyo_jct_35.826:139.7819:154,154.0,35.82604,139.78193
2453,2645,tokyo_jct_35.6864:140.203:0,66.0,35.68644,140.20303
2454,2648,tokyo_jct_35.6222:140.1298:66,66.0,35.62222,140.12982
2455,2649,tokyo_jct_35.8416:140.743:66,66.0,35.84159,140.74297
2456,2650,tokyo_jct_35.8144:140.7435:66,66.0,35.81435,140.74352
2457,2651,tokyo_jct_35.6758:139.8435:66,66.0,35.67575,139.84354
2458,2652,tokyo_jct_35.7563:140.0894:66,66.0,35.75626,140.08941
2459,2653,tokyo_jct_35.7914:140.123:66,66.0,35.79139,140.12296
2460,2654,tokyo_jct_35.8415:140.1147:66,66.0,35.84149,140.11465
2461,2655,tokyo_jct_35.8235:140.1468:66,66.0,35.8235,140.14679
2462,2656,tokyo_jct_35.7728:140.0184:154,154.0,35.77283,140.0184
2463,2657,tokyo_jct_35.7723:140.0177:154,154.0,35.77226,140.01771
2464,2658,tokyo_jct_35.7498:140.0121:154,154.0,35.74984,140.01205
2465,2659,tokyo_jct_35.7317:140.0475:154,154.0,35.7317,140.04753
2466,2660,tokyo_jct_35.6913:139.9532:500,500.0,35.69134,139.95316
2467,2661,tokyo_jct_35.6739:139.9288:500,500.0,35.67394,139.92877
2468,2662,tokyo_jct_35.6737:139.9292:500,500.0,35.67368,139.92919
2469,2665,tokyo_jct_35.7824:139.8313:66,66.0,35.78237,139.83128
2470,2666,tokyo_jct_35.7766:139.7532:66,66.0,35.7766,139.75319
2471,2667,tokyo_jct_35.8183:139.6831:66,66.0,35.8183,139.68312
2472,2668,tokyo_jct_35.8214:139.6995:66,66.0,35.82141,139.69953
2473,2669,tokyo_jct_35.8827:139.984:66,66.0,35.88271,139.98402
2474,2670,tokyo_jct_35.8649:139.9965:66,66.0,35.8649,139.99652
2475,2672,tokyo_jct_35.8499:140.1708:66,66.0,35.84986,140.17083
2476,2673,tokyo_jct_35.7792:140.1907:66,66.0,35.77921,140.19072
2477,2674,tokyo_jct_35.7849:140.1695:66,66.0,35.78487,140.16946
2478,2675,tokyo_jct_35.6768:140.4631:66,66.0,35.67685,140.46306
2479,2676,tokyo_jct_35.6783:140.4769:66,66.0,35.67833,140.47693
2480,2677,tokyo_jct_35.711:140.5659:66,66.0,35.711,140.56589
2481,2678,tokyo_jct_35.72:140.838:66,66.0,35.72001,140.83803
2482,2679,tokyo_jct_35.7224:140.8416:66,66.0,35.72235,140.84156
2483,2680,tokyo_jct_35.5794:140.3057:0,66.0,35.57941,140.3057
2484,2681,tokyo_jct_35.8731:139.9442:66,66.0,35.87311,139.94419
2485,2682,tokyo_jct_35.2767:140.3903:66,66.0,35.27666,140.39033
2486,2683,tokyo_jct_35.4509:139.9901:66,66.0,35.45086,139.99009
2487,2684,tokyo_jct_35.457:139.9866:66,66.0,35.45697,139.98664
2488,2685,tokyo_jct_35.4504:139.9888:66,66.0,35.45036,139.98881
2489,2686,tokyo_jct_35.4545:139.9803:66,66.0,35.45453,139.98025
2490,2687,tokyo_jct_35.4585:139.9857:66,66.0,35.45853,139.98574
2491,2688,tokyo_jct_35.4825:140.0208:66,66.0,35.48248,140.02084
2492,2689,tokyo_jct_35.4714:140.0273:66,66.0,35.47137,140.02728
2493,2690,tokyo_jct_35.4697:140.0259:66,66.0,35.46968,140.02589
2494,2691,tokyo_jct_35.523:140.0631:66,66.0,35.52302,140.06309
2495,2692,tokyo_jct_35.1451:140.2113:66,66.0,35.14512,140.21129
2496,2693,tokyo_jct_35.1609:140.2969:66,66.0,35.16092,140.29689
2497,2694,tokyo_jct_35.1568:140.2786:66,66.0,35.15681,140.27863
2498,2695,tokyo_jct_35.2392:139.8933:66,66.0,35.23919,139.89331
2499,2696,tokyo_jct_35.089:140.0863:66,66.0,35.08902,140.08632
2500,2697,tokyo_jct_35.3364:139.8442:66,66.0,35.33637,139.84421
2501,2698,tokyo_jct_35.3351:139.8438:66,66.0,35.33513,139.8438
2502,2699,tokyo_jct_35.3356:139.8427:66,66.0,35.33559,139.84271
2503,2700,tokyo_jct_35.3464:139.8696:154,154.0,35.34643,139.8696
2504,2701,tokyo_jct_35.2951:140.2239:66,66.0,35.29509,140.22389
2505,2702,tokyo_jct_35.355:140.1735:66,66.0,35.35498,140.17346
2506,2703,tokyo_jct_35.4611:140.2803:66,66.0,35.46112,140.28025
2507,2704,tokyo_jct_35.4722:140.285:66,66.0,35.47224,140.28503
2508,2707,tokyo_jct_35.8303:140.6816:66,66.0,35.83028,140.68162
2509,2708,tokyo_jct_35.7008:140.068:66,66.0,35.70075,140.06804
2510,2709,tokyo_jct_35.8868:140.73:275,275.0,35.88682,140.72996
2511,2710,tokyo_jct_35.8865:140.7005:66,66.0,35.8865,140.70051
2512,2711,tokyo_jct_35.8935:140.6677:66,66.0,35.89349,140.66773
2513,2712,tokyo_jct_35.887:140.6808:66,66.0,35.88702,140.68076
2514,2713,tokyo_jct_35.7225:140.8416:66,66.0,35.72247,140.84164
2515,2714,tokyo_jct_35.726:140.8332:66,66.0,35.72604,140.83319
2516,2715,tokyo_jct_35.8666:140.5179:66,66.0,35.86663,140.51787
2517,2716,tokyo_jct_35.8495:140.511:66,66.0,35.84953,140.51096
2518,2717,tokyo_jct_35.872:140.4228:66,66.0,35.87203,140.42282
2519,2718,tokyo_jct_35.7605:140.2831:66,66.0,35.76052,140.28305
2520,2719,tokyo_jct_35.7277:140.7542:66,66.0,35.72766,140.75418
2521,2720,tokyo_jct_35.7225:140.7185:66,66.0,35.72246,140.71846
2522,2721,tokyo_jct_35.9053:140.6556:66,66.0,35.90534,140.65561
2523,2722,tokyo_jct_35.6717:140.4816:66,66.0,35.67168,140.48163
2524,2723,tokyo_jct_35.682:140.4722:66,66.0,35.68196,140.47223
2525,2724,tokyo_jct_35.6012:140.3884:66,66.0,35.60118,140.3884
2526,2725,tokyo_jct_35.6793:140.4064:66,66.0,35.67932,140.4064
2527,2726,tokyo_jct_35.6981:140.2283:66,66.0,35.69812,140.22832
2528,2727,tokyo_jct_35.6978:140.2262:66,66.0,35.69777,140.22621
2529,2728,tokyo_jct_35.495:140.3832:66,66.0,35.49498,140.38319
2530,2729,tokyo_jct_35.53:140.4023:66,66.0,35.52997,140.40226
2531,2730,tokyo_jct_35.4728:140.2765:66,66.0,35.47281,140.27653
2532,2731,tokyo_jct_35.4072:140.3261:66,66.0,35.40716,140.32615
2533,2732,tokyo_jct_35.1635:140.2968:66,66.0,35.16348,140.29676
2534,2733,tokyo_jct_35.1587:140.2783:66,66.0,35.15874,140.2783
2535,2734,tokyo_jct_35.1412:140.279:66,66.0,35.14115,140.27897
2536,2735,tokyo_jct_35.1456:140.2103:66,66.0,35.14558,140.21027
2537,2736,tokyo_jct_35.0891:140.0906:66,66.0,35.08908,140.09058
2538,2737,tokyo_jct_35.0424:140.0196:66,66.0,35.04235,140.01964
2539,2738,tokyo_jct_34.984:139.9412:66,66.0,34.98404,139.9412
2540,2739,tokyo_jct_35.0311:139.8503:66,66.0,35.03112,139.85034
2541,2740,tokyo_jct_35.2386:139.8749:66,66.0,35.2386,139.87487
2542,2741,tokyo_jct_35.2393:139.893:66,66.0,35.23929,139.89304
2543,2742,tokyo_jct_35.3687:139.8999:66,66.0,35.36872,139.89993
2544,2743,tokyo_jct_35.3779:140.0523:66,66.0,35.37788,140.05226
2545,2744,tokyo_jct_35.3951:139.9703:66,66.0,35.39514,139.97033
2546,2745,tokyo_jct_35.396:139.9564:66,66.0,35.396,139.95641
2547,2746,tokyo_jct_35.2952:140.224:66,66.0,35.29524,140.22397
2548,2747,tokyo_jct_35.4511:139.9627:66,66.0,35.45105,139.96268
2549,2748,tokyo_jct_35.4525:139.9576:66,66.0,35.45246,139.95755
2550,2749,tokyo_jct_35.4425:139.9658:66,66.0,35.44247,139.96585
2551,2750,tokyo_jct_35.4827:140.0206:66,66.0,35.48265,140.0206
2552,2751,tokyo_jct_35.4826:140.0205:66,66.0,35.48257,140.02053
2553,2752,tokyo_jct_35.4826:140.0206:66,66.0,35.4826,140.02056
2554,2753,tokyo_jct_35.4825:140.0205:66,66.0,35.4825,140.02047
2555,2754,tokyo_jct_35.4828:140.0207:66,66.0,35.4828,140.02072
2556,2755,tokyo_jct_35.483:140.0209:66,66.0,35.48297,140.02086
2557,2756,tokyo_jct_35.4829:140.0208:66,66.0,35.48293,140.02083
2558,2757,tokyo_jct_35.4832:140.021:66,66.0,35.48315,140.02102
2559,2758,tokyo_jct_35.5089:140.0533:66,66.0,35.50886,140.05331
2560,2759,tokyo_jct_35.5233:140.0626:66,66.0,35.52325,140.06257
2561,2760,tokyo_jct_35.5231:140.0624:66,66.0,35.52313,140.06243
2562,2761,tokyo_jct_35.5275:140.055:66,66.0,35.52755,140.05499
2563,2762,tokyo_jct_35.5232:140.0459:66,66.0,35.52324,140.0459
2564,2763,tokyo_jct_35.4656:140.01:66,66.0,35.46556,140.01001
2565,2764,tokyo_jct_35.4686:139.98:66,66.0,35.46857,139.98002
2566,2765,tokyo_jct_35.5422:140.0706:154,154.0,35.54215,140.07063
2567,2766,tokyo_jct_35.5906:140.1473:66,66.0,35.59061,140.14734
2568,2767,tokyo_jct_35.723:140.1203:66,66.0,35.72295,140.12034
2569,2768,tokyo_jct_35.7302:140.1349:66,66.0,35.73022,140.13492
2570,2769,tokyo_jct_35.6233:140.129:66,66.0,35.62328,140.12896
2571,2770,tokyo_jct_35.7014:140.0709:66,66.0,35.70142,140.07087
2572,2771,tokyo_jct_35.7036:140.0732:66,66.0,35.70363,140.0732
2573,2772,tokyo_jct_35.7025:140.0706:66,66.0,35.70248,140.07055
2574,2773,tokyo_jct_35.7026:140.0676:66,66.0,35.70258,140.06759
2575,2774,tokyo_jct_35.7048:140.0658:66,66.0,35.70479,140.0658
2576,2775,tokyo_jct_35.7025:140.0663:66,66.0,35.70253,140.0663
2577,2776,tokyo_jct_35.6751:139.9638:66,66.0,35.67513,139.96378
2578,2777,tokyo_jct_35.6683:139.9876:66,66.0,35.66829,139.98765
2579,2778,tokyo_jct_35.6771:139.9525:66,66.0,35.67706,139.95246
2580,2779,tokyo_jct_35.6671:139.933:66,66.0,35.66706,139.93301
2581,2780,tokyo_jct_35.6681:139.9405:66,66.0,35.6681,139.94046
2582,2781,tokyo_jct_35.6672:139.9331:66,66.0,35.66718,139.93305
2583,2782,tokyo_jct_35.6593:139.9119:66,66.0,35.65934,139.91189
2584,2783,tokyo_jct_35.6623:139.9148:66,66.0,35.66229,139.91481
2585,2784,tokyo_jct_35.7236:139.9038:66,66.0,35.72357,139.90381
2586,2785,tokyo_jct_35.7529:139.8644:66,66.0,35.75288,139.86441
2587,2786,tokyo_jct_35.7807:140.196:66,66.0,35.78073,140.19604
2588,2787,tokyo_jct_35.8232:140.3501:66,66.0,35.82323,140.35014
2589,2788,tokyo_jct_35.8265:140.3599:66,66.0,35.82655,140.35986
2590,2789,tokyo_jct_35.8104:140.3554:66,66.0,35.81037,140.35539
2591,2790,tokyo_jct_35.8684:139.9042:154,154.0,35.86841,139.90421
2592,2791,tokyo_jct_35.8129:140.015:66,66.0,35.81286,140.01498
2593,2792,tokyo_jct_35.7731:139.8237:66,66.0,35.77312,139.82366
2594,2793,tokyo_jct_35.773:139.8572:66,66.0,35.77304,139.8572
2595,2794,tokyo_jct_35.7177:139.8513:66,66.0,35.71773,139.85131
2596,2795,tokyo_jct_35.8734:139.6569:66,66.0,35.87339,139.65687
2597,2796,tokyo_jct_35.8166:139.6639:66,66.0,35.8166,139.66388
2598,2797,tokyo_jct_35.7897:139.6728:66,66.0,35.78968,139.6728
2599,2798,tokyo_jct_35.7765:139.7531:66,66.0,35.77647,139.75313
2600,2799,tokyo_jct_35.7761:139.7543:66,66.0,35.7761,139.75431
2601,2800,tokyo_jct_35.7752:139.7546:66,66.0,35.77519,139.75458
2602,2801,tokyo_jct_35.7737:139.7594:66,66.0,35.77369,139.75938
2603,2802,tokyo_jct_35.5382:139.7319:154,154.0,35.53821,139.73189
2604,2804,tokyo_jct_35.7546:140.2817:66,66.0,35.75458,140.28169
2605,2805,tokyo_jct_35.6565:139.9917:0,66.0,35.65649,139.99174
2606,2806,tokyo_jct_35.8177:139.6748:66,66.0,35.81771,139.67481
2607,2807,tokyo_jct_35.6968:139.7549:275,275.0,35.69682,139.75493
2608,2808,tokyo_jct_36.6261:138.8016:0,66.0,36.62608,138.80157
2609,2809,tokyo_jct_36.3387:139.0367:66,66.0,36.33873,139.03668
2610,2810,tokyo_jct_36.3026:139.0513:66,66.0,36.30258,139.05135
2611,2811,tokyo_jct_36.2702:139.0696:66,66.0,36.27021,139.06963
2612,2812,tokyo_jct_36.0188:139.5593:275,275.0,36.01875,139.55932
2613,2813,tokyo_jct_36.0432:139.5297:66,66.0,36.04318,139.52965
2614,2814,tokyo_jct_36.0122:139.5637:66,66.0,36.01217,139.56372
2615,2815,tokyo_jct_37.3806:140.8018:500,500.0,37.38064,140.80179
2616,2816,tokyo_jct_36.0173:139.4203:66,66.0,36.01728,139.42032
2617,2817,tokyo_jct_36.0978:139.4732:66,66.0,36.09782,139.47318
2618,2818,tokyo_jct_36.3699:139.0444:66,66.0,36.36988,139.04445
2619,2819,tokyo_jct_36.3553:139.0172:66,66.0,36.35525,139.01723
2620,2820,tokyo_jct_36.4223:139.0222:154,154.0,36.42227,139.02216
2621,2821,tokyo_jct_36.468:139.0108:154,154.0,36.46798,139.01079
2622,2822,tokyo_jct_36.1025:139.2654:154,154.0,36.10248,139.26536
2623,2823,tokyo_jct_35.919:139.5176:66,66.0,35.91903,139.51764
2624,2824,tokyo_jct_35.918:139.5358:66,66.0,35.91797,139.53584
2625,2825,tokyo_jct_35.9117:139.5996:66,66.0,35.91169,139.59958
2626,2826,tokyo_jct_36.0824:138.806:500,500.0,36.08241,138.80598
2627,2827,tokyo_jct_36.3157:139.3311:66,66.0,36.31568,139.33113
2628,2828,tokyo_jct_36.3157:139.3311:154,154.0,36.31568,139.33113
2629,2829,tokyo_jct_36.8913:138.7491:275,275.0,36.89126,138.74913
2630,2830,tokyo_jct_36.8746:138.7711:154,154.0,36.87457,138.77114
2631,2831,tokyo_jct_37.0099:138.6784:154,154.0,37.0099,138.67839
2632,2832,tokyo_jct_36.3103:139.0904:154,154.0,36.31031,139.0904
2633,2833,tokyo_jct_36.3185:139.1774:66,66.0,36.31852,139.17737
2634,2834,tokyo_jct_36.3551:138.9691:66,66.0,36.35512,138.96912
2635,2835,tokyo_jct_36.3805:139.032:66,66.0,36.38046,139.03203
2636,2836,tokyo_jct_36.1756:139.3625:66,66.0,36.17558,139.36253
2637,2837,tokyo_jct_36.1572:139.3858:66,66.0,36.15721,139.38576
2638,2838,tokyo_jct_36.151:139.396:66,66.0,36.15101,139.39602
2639,2839,tokyo_jct_36.1494:139.4011:66,66.0,36.14937,139.40112
2640,2840,tokyo_jct_36.1288:139.4489:66,66.0,36.12884,139.44894
2641,2841,tokyo_jct_35.9753:139.4269:66,66.0,35.97533,139.42694
2642,2842,tokyo_jct_36.1828:139.369:154,154.0,36.1828,139.36903
2643,2843,tokyo_jct_36.1495:139.3282:66,66.0,36.14952,139.32824
2644,2844,tokyo_jct_35.9937:139.4038:66,66.0,35.99366,139.40382
2645,2845,tokyo_jct_36.0146:139.3683:66,66.0,36.01459,139.36828
2646,2846,tokyo_jct_36.039:139.3187:66,66.0,36.03904,139.31865
2647,2847,tokyo_jct_36.1806:139.052:66,66.0,36.18059,139.05197
2648,2848,tokyo_jct_36.1347:139.0238:66,66.0,36.13471,139.0238
2649,2849,tokyo_jct_36.0418:138.9242:500,500.0,36.0418,138.9242
2650,2850,tokyo_jct_36.0469:139.687:66,66.0,36.04688,139.68701
2651,2851,tokyo_jct_36.2737:139.6033:66,66.0,36.2737,139.60326
2652,2852,tokyo_jct_36.2571:139.5985:66,66.0,36.25713,139.59852
2653,2853,tokyo_jct_36.2725:139.5908:154,154.0,36.27245,139.59079
2654,2854,tokyo_jct_36.2157:139.5183:66,66.0,36.21571,139.51829
2655,2855,tokyo_jct_36.1402:139.59:66,66.0,36.14021,139.59003
2656,2856,tokyo_jct_36.1061:139.5278:66,66.0,36.10613,139.52782
2657,2857,tokyo_jct_36.1608:139.545:66,66.0,36.16085,139.54501
2658,2858,tokyo_jct_35.9512:139.6099:66,66.0,35.95123,139.60991
2659,2859,tokyo_jct_36.137:139.5948:66,66.0,36.13698,139.59475
2660,2860,tokyo_jct_36.1109:139.6428:66,66.0,36.11091,139.64283
2661,2861,tokyo_jct_36.2296:139.2272:154,154.0,36.22964,139.22725
2662,2862,tokyo_jct_36.2391:139.2248:154,154.0,36.23913,139.22479
2663,2863,tokyo_jct_35.9313:139.5999:66,66.0,35.93129,139.59987
2664,2864,tokyo_jct_35.9338:139.5254:66,66.0,35.93379,139.52537
2665,2865,tokyo_jct_35.9396:139.6714:66,66.0,35.93961,139.67145
2666,2866,tokyo_jct_35.953:139.635:154,154.0,35.95299,139.63497
2667,2867,tokyo_jct_36.3255:139.3704:66,66.0,36.32546,139.37038
2668,2868,tokyo_jct_36.3789:139.6002:66,66.0,36.37887,139.60022
2669,2869,tokyo_jct_36.0356:138.9351:154,154.0,36.03561,138.93515
2670,2870,tokyo_jct_37.1606:139.2432:275,275.0,37.16057,139.24316
2671,2871,tokyo_jct_36.3446:139.2542:66,66.0,36.34458,139.25424
2672,2872,tokyo_jct_36.2993:139.2055:66,66.0,36.29934,139.20555
2673,2873,tokyo_jct_36.2818:139.2433:66,66.0,36.28181,139.24331
2674,2874,tokyo_jct_36.3118:139.2564:66,66.0,36.31176,139.25638
2675,2875,tokyo_jct_36.5401:138.9367:66,66.0,36.54012,138.93672
2676,2876,tokyo_jct_36.5392:138.9411:66,66.0,36.53917,138.94113
2677,2877,tokyo_jct_36.358:139.0467:154,154.0,36.35795,139.04671
2678,2878,tokyo_jct_37.112:138.7089:154,154.0,37.11201,138.70889
2679,2879,tokyo_jct_36.7697:138.9635:154,154.0,36.76968,138.96351
2680,2880,tokyo_jct_36.767:138.962:154,154.0,36.76704,138.962
2681,2881,tokyo_jct_36.4:139.3496:66,66.0,36.40002,139.34956
2682,2882,tokyo_jct_35.9804:139.0749:66,66.0,35.98044,139.0749
2683,2883,tokyo_jct_36.0907:139.2021:66,66.0,36.09069,139.20205
2684,2884,tokyo_jct_36.0962:139.1931:66,66.0,36.0962,139.19308
2685,2885,tokyo_jct_36.1035:139.1834:66,66.0,36.1035,139.18344
2686,2886,tokyo_jct_36.1048:139.1813:66,66.0,36.10484,139.1813
2687,2887,tokyo_jct_36.1109:139.1653:66,66.0,36.11094,139.16535
2688,2888,tokyo_jct_36.8288:138.7808:154,154.0,36.82879,138.78083
2689,2889,tokyo_jct_36.8459:138.7668:500,500.0,36.8459,138.76684
2690,2890,tokyo_jct_36.8875:138.7736:154,154.0,36.88749,138.77364
2691,2891,tokyo_jct_36.3022:138.8953:66,66.0,36.30221,138.89531
2692,2892,tokyo_jct_36.3265:138.9211:66,66.0,36.32646,138.92109
2693,2893,tokyo_jct_36.7829:138.7808:154,154.0,36.78291,138.78077
2694,2894,tokyo_jct_36.4129:139.087:66,66.0,36.41292,139.08695
2695,2895,tokyo_jct_36.3694:139.1096:66,66.0,36.36939,139.10963
2696,2896,tokyo_jct_36.2629:139.34:66,66.0,36.26292,139.34005
2697,2897,tokyo_jct_36.279:139.3377:66,66.0,36.27902,139.33775
2698,2898,tokyo_jct_36.295:139.309:66,66.0,36.29501,139.309
2699,2899,tokyo_jct_36.293:139.3091:66,66.0,36.29303,139.30915
2700,2900,tokyo_jct_36.2785:139.3361:66,66.0,36.2785,139.33614
2701,2901,tokyo_jct_36.2728:139.3385:66,66.0,36.27279,139.33849
2702,2902,tokyo_jct_36.2536:139.329:66,66.0,36.25362,139.32895
2703,2903,tokyo_jct_36.2558:139.4819:66,66.0,36.25579,139.48188
2704,2904,tokyo_jct_36.7908:139.2667:154,154.0,36.79077,139.26672
2705,2905,tokyo_jct_36.7733:139.2378:154,154.0,36.77326,139.23781
2706,2906,tokyo_jct_36.5626:138.8154:0,66.0,36.56263,138.81539
2707,2907,tokyo_jct_36.493:139.0387:66,66.0,36.49303,139.03871
2708,2908,tokyo_jct_36.4535:139.0562:66,66.0,36.45353,139.05622
2709,2909,tokyo_jct_36.4193:139.0801:66,66.0,36.41932,139.08012
2710,2910,tokyo_jct_36.497:139.0354:66,66.0,36.49697,139.03539
2711,2911,tokyo_jct_36.7813:138.9447:154,154.0,36.78127,138.94467
2712,2912,tokyo_jct_36.2598:139.0746:66,66.0,36.25981,139.07457
2713,2913,tokyo_jct_36.7138:138.8457:275,275.0,36.7138,138.84568
2714,2914,tokyo_jct_36.5227:138.9796:275,275.0,36.52272,138.97965
2715,2915,tokyo_jct_36.7198:138.8388:275,275.0,36.71975,138.8388
2716,2916,tokyo_jct_36.4232:139.0862:66,66.0,36.42325,139.08624
2717,2917,tokyo_jct_36.5039:139.0521:66,66.0,36.50393,139.05214
2718,2918,tokyo_jct_36.5645:139.0611:66,66.0,36.56452,139.0611
2719,2919,tokyo_jct_36.3239:139.0161:66,66.0,36.32386,139.01614
2720,2920,tokyo_jct_36.1367:139.4958:66,66.0,36.13671,139.49576
2721,2921,tokyo_jct_35.9579:138.9628:66,66.0,35.95787,138.96275
2722,2922,tokyo_jct_36.0047:139.0994:66,66.0,36.00468,139.0994
2723,2923,tokyo_jct_36.0148:139.1068:66,66.0,36.01476,139.10682
2724,2924,tokyo_jct_35.977:139.0759:66,66.0,35.97695,139.07588
2725,2925,tokyo_jct_35.9859:139.091:66,66.0,35.98587,139.09102
2726,2926,tokyo_jct_36.749:139.6397:66,66.0,36.74901,139.63968
2727,2927,tokyo_jct_36.7492:139.6393:66,66.0,36.74922,139.63933
2728,2928,tokyo_jct_36.2974:138.897:66,66.0,36.29739,138.89697
2729,2929,tokyo_jct_36.269:138.898:66,66.0,36.26898,138.89804
2730,2930,tokyo_jct_36.2682:138.9205:66,66.0,36.26822,138.92054
2731,2931,tokyo_jct_36.2667:139.0905:66,66.0,36.26672,139.09049
2732,2932,tokyo_jct_36.2752:139.0962:66,66.0,36.27517,139.09617
2733,2933,tokyo_jct_36.2682:139.0702:66,66.0,36.26824,139.07017
2734,2934,tokyo_jct_36.3937:139.3145:66,66.0,36.39367,139.31451
2735,2935,tokyo_jct_36.4544:139.289:66,66.0,36.45441,139.28904
2736,2936,tokyo_jct_36.3917:139.1613:66,66.0,36.39166,139.16132
2737,2937,tokyo_jct_36.3911:139.179:66,66.0,36.39113,139.17903
2738,2938,tokyo_jct_36.287:139.4011:66,66.0,36.28703,139.40115
2739,2939,tokyo_jct_36.2892:139.3935:66,66.0,36.28915,139.39346
2740,2940,tokyo_jct_36.2818:139.3809:66,66.0,36.28179,139.38094
2741,2941,tokyo_jct_36.2829:139.3757:66,66.0,36.28292,139.37566
2742,2942,tokyo_jct_36.2662:139.3914:66,66.0,36.26617,139.39139
2743,2943,tokyo_jct_36.5543:138.6308:66,66.0,36.5543,138.6308
2744,2944,tokyo_jct_36.5508:138.6129:66,66.0,36.55077,138.61286
2745,2945,tokyo_jct_36.5539:138.6024:66,66.0,36.55392,138.60242
2746,2946,tokyo_jct_36.5491:138.5716:66,66.0,36.54909,138.57161
2747,2947,tokyo_jct_36.5247:138.6203:66,66.0,36.52471,138.62029
2748,2948,tokyo_jct_36.5469:138.7771:66,66.0,36.54691,138.77714
2749,2949,tokyo_jct_36.4247:138.8053:66,66.0,36.42474,138.8053
2750,2950,tokyo_jct_36.3862:138.9051:66,66.0,36.38616,138.90514
2751,2951,tokyo_jct_36.3834:138.9116:66,66.0,36.38338,138.91155
2752,2952,tokyo_jct_36.5664:138.8442:66,66.0,36.56637,138.84422
2753,2953,tokyo_jct_36.5463:138.9085:66,66.0,36.54627,138.90849
2754,2955,tokyo_jct_36.6638:139.0471:66,66.0,36.6638,139.04706
2755,2956,tokyo_jct_36.6572:139.081:66,66.0,36.6572,139.08101
2756,2957,tokyo_jct_36.6032:139.053:66,66.0,36.60317,139.05298
2757,2958,tokyo_jct_36.6008:139.0518:154,154.0,36.60083,139.05184
2758,2959,tokyo_jct_36.205:139.2889:66,66.0,36.20497,139.2889
2759,2960,tokyo_jct_36.2245:139.2309:66,66.0,36.22446,139.23086
2760,2961,tokyo_jct_36.034:138.7054:500,500.0,36.03395,138.70539
2761,2962,tokyo_jct_36.9563:138.9222:154,154.0,36.95627,138.92215
2762,2963,tokyo_jct_36.1923:139.3611:66,66.0,36.19234,139.36106
2763,2964,tokyo_jct_36.3339:139.0714:66,66.0,36.33394,139.07141
2764,2965,tokyo_jct_36.2949:139.0823:66,66.0,36.29491,139.08225
2765,2966,tokyo_jct_36.2525:139.2802:66,66.0,36.25252,139.28019
2766,2967,tokyo_jct_36.2095:139.2994:66,66.0,36.2095,139.29937
2767,2968,tokyo_jct_36.2004:139.3251:66,66.0,36.20039,139.32509
2768,2969,tokyo_jct_36.2369:139.4225:66,66.0,36.23687,139.42247
2769,2970,tokyo_jct_36.2331:139.4478:66,66.0,36.23313,139.44779
2770,2971,tokyo_jct_36.3409:139.4268:66,66.0,36.34088,139.42678
2771,2972,tokyo_jct_36.5774:139.3863:66,66.0,36.57744,139.38633
2772,2973,tokyo_jct_36.6134:139.4142:66,66.0,36.61344,139.41416
2773,2974,tokyo_jct_36.5427:139.3648:66,66.0,36.54271,139.36476
2774,2975,tokyo_jct_36.541:139.3729:66,66.0,36.54097,139.3729
2775,2976,tokyo_jct_36.3372:139.2767:66,66.0,36.33722,139.27674
2776,2979,tokyo_jct_36.2547:139.2937:66,66.0,36.25475,139.29366
2777,2980,tokyo_jct_36.2875:139.172:154,154.0,36.28752,139.17197
2778,2981,tokyo_jct_36.7387:139.6731:66,66.0,36.73867,139.67314
2779,2982,tokyo_jct_36.7421:139.5736:66,66.0,36.74213,139.57359
2780,2985,tokyo_jct_36.2073:139.1597:154,154.0,36.2073,139.15971
2781,2989,tokyo_jct_36.2062:139.0527:66,66.0,36.20618,139.05274
2782,2992,tokyo_jct_36.6521:138.6502:66,66.0,36.65214,138.65015
2783,2993,tokyo_jct_36.6338:138.6388:66,66.0,36.63376,138.63876
2784,2994,tokyo_jct_36.6636:138.6057:66,66.0,36.66364,138.60572
2785,2995,tokyo_jct_36.6019:138.6299:66,66.0,36.60191,138.62987
2786,3003,tokyo_jct_36.1544:139.5725:66,66.0,36.15437,139.57251
2787,3004,tokyo_jct_35.9383:138.8469:66,66.0,35.93827,138.84694
2788,3005,tokyo_jct_36.3049:139.0442:66,66.0,36.30489,139.04424
2789,3006,tokyo_jct_36.5544:138.9117:66,66.0,36.55441,138.91174
2790,3007,tokyo_jct_36.1962:139.1742:154,154.0,36.19623,139.17415
2791,3008,tokyo_jct_36.208:139.3353:66,66.0,36.20804,139.33533
2792,3009,tokyo_jct_36.1451:139.4015:66,66.0,36.14507,139.40152
2793,3010,tokyo_jct_36.1989:139.2904:66,66.0,36.19886,139.2904
2794,3011,tokyo_jct_36.1805:139.1892:66,66.0,36.1805,139.18919
2795,3012,tokyo_jct_36.1858:139.1842:154,154.0,36.18575,139.18418
2796,3013,tokyo_jct_36.185:139.1819:0,66.0,36.18502,139.18194
2797,3014,tokyo_jct_36.3111:139.6028:66,66.0,36.31112,139.60281
2798,3019,tokyo_jct_35.9449:139.5887:66,66.0,35.94494,139.58874
2799,3020,tokyo_jct_35.9362:139.5978:66,66.0,35.93621,139.59785
2800,3021,tokyo_jct_36.3304:139.4235:66,66.0,36.33041,139.42351
2801,3022,tokyo_jct_36.3076:139.4263:66,66.0,36.30765,139.42627
2802,3023,tokyo_jct_36.2183:139.5171:66,66.0,36.21834,139.51713
2803,3024,tokyo_jct_36.2965:139.3087:66,66.0,36.29649,139.30866
2804,3025,tokyo_jct_36.2178:139.0451:66,66.0,36.21785,139.04506
2805,3026,tokyo_jct_36.5477:138.9249:154,154.0,36.54768,138.92491
2806,3027,tokyo_jct_36.3016:139.099:154,154.0,36.30157,139.09901
2807,3028,tokyo_jct_36.6165:139.413:66,66.0,36.61654,139.41303
2808,3029,tokyo_jct_35.9175:139.3489:66,66.0,35.91753,139.3489
2809,3030,tokyo_jct_36.3005:139.0977:154,154.0,36.30048,139.09768
2810,3031,tokyo_jct_36.3037:139.4262:66,66.0,36.30367,139.4262
2811,3032,tokyo_jct_36.3481:139.7281:66,66.0,36.34811,139.72812
2812,3033,tokyo_jct_36.349:139.7257:66,66.0,36.349,139.72575
2813,3034,tokyo_jct_36.3498:139.7236:66,66.0,36.34981,139.72363
2814,3035,tokyo_jct_36.3484:139.7049:66,66.0,36.34838,139.70487
2815,3036,tokyo_jct_36.4001:139.6985:66,66.0,36.40011,139.6985
2816,3037,tokyo_jct_36.257:139.5986:66,66.0,36.25696,139.59859
2817,3038,tokyo_jct_36.218:139.6512:66,66.0,36.21803,139.65122
2818,3039,tokyo_jct_36.2766:139.6327:66,66.0,36.27659,139.63269
2819,3040,tokyo_jct_36.2259:139.6241:66,66.0,36.22587,139.62414
2820,3041,tokyo_jct_36.2681:139.542:66,66.0,36.26808,139.54205
2821,3042,tokyo_jct_36.2644:139.5487:66,66.0,36.26445,139.54872
2822,3043,tokyo_jct_36.2783:139.4323:66,66.0,36.27828,139.43234
2823,3044,tokyo_jct_36.2832:139.4192:66,66.0,36.28323,139.41923
2824,3045,tokyo_jct_36.3156:139.4656:66,66.0,36.31556,139.46564
2825,3046,tokyo_jct_36.3155:139.4657:66,66.0,36.31545,139.46572
2826,3047,tokyo_jct_36.3657:139.379:66,66.0,36.3657,139.37902
2827,3048,tokyo_jct_36.4146:139.604:66,66.0,36.41462,139.604
2828,3049,tokyo_jct_36.4164:139.6178:66,66.0,36.4164,139.61776
2829,3050,tokyo_jct_36.4286:139.5959:66,66.0,36.42857,139.59588
2830,3051,tokyo_jct_36.448:139.5954:66,66.0,36.44804,139.59543
2831,3052,tokyo_jct_36.4377:139.5796:66,66.0,36.43767,139.57959
2832,3053,tokyo_jct_36.7395:139.5614:66,66.0,36.73953,139.56135
2833,3054,tokyo_jct_36.7429:139.5133:0,66.0,36.74288,139.51332
2834,3055,tokyo_jct_36.7422:139.5731:66,66.0,36.74223,139.57308
2835,3056,tokyo_jct_36.7378:139.563:66,66.0,36.73785,139.56301
2836,3057,tokyo_jct_36.5758:139.389:66,66.0,36.57581,139.38901
2837,3058,tokyo_jct_36.7912:139.2669:154,154.0,36.79116,139.2669
2838,3059,tokyo_jct_36.7988:139.2303:0,66.0,36.79879,139.2303
2839,3060,tokyo_jct_36.2183:139.5537:66,66.0,36.21835,139.55374
2840,3061,tokyo_jct_36.1365:139.4956:66,66.0,36.13653,139.49558
2841,3062,tokyo_jct_36.2308:139.4472:66,66.0,36.23079,139.44722
2842,3063,tokyo_jct_36.2288:139.447:66,66.0,36.22884,139.447
2843,3064,tokyo_jct_36.2307:139.4472:66,66.0,36.23067,139.44721
2844,3065,tokyo_jct_36.2377:139.4977:66,66.0,36.23768,139.49767
2845,3066,tokyo_jct_36.2386:139.4035:66,66.0,36.23859,139.40348
2846,3067,tokyo_jct_36.2547:139.3967:66,66.0,36.25474,139.39675
2847,3068,tokyo_jct_36.4038:139.2004:66,66.0,36.40377,139.20044
2848,3069,tokyo_jct_36.2743:139.6037:66,66.0,36.2743,139.6037
2849,3070,tokyo_jct_36.2743:139.6037:154,154.0,36.2743,139.6037
2850,3071,tokyo_jct_36.4516:139.0319:66,66.0,36.45157,139.03189
2851,3072,tokyo_jct_36.4353:139.0463:0,66.0,36.43528,139.04626
2852,3073,tokyo_jct_36.4354:139.0465:0,66.0,36.43542,139.04646
2853,3074,tokyo_jct_36.4124:139.0553:0,66.0,36.41239,139.05529
2854,3075,tokyo_jct_36.6033:139.0495:66,66.0,36.60327,139.04948
2855,3076,tokyo_jct_36.6026:139.0463:154,154.0,36.60263,139.04633
2856,3077,tokyo_jct_36.3568:139.0343:154,154.0,36.35675,139.03432
2857,3078,tokyo_jct_36.3191:139.1791:66,66.0,36.31912,139.17905
2858,3079,tokyo_jct_36.3349:139.1929:66,66.0,36.33492,139.19292
2859,3080,tokyo_jct_36.3036:139.2167:66,66.0,36.30356,139.21671
2860,3081,tokyo_jct_36.2929:139.3092:66,66.0,36.2929,139.30916
2861,3082,tokyo_jct_36.2905:139.3078:66,66.0,36.2905,139.30781
2862,3083,tokyo_jct_36.2952:139.3086:66,66.0,36.29521,139.30858
2863,3084,tokyo_jct_36.2787:139.3364:66,66.0,36.27871,139.3364
2864,3085,tokyo_jct_36.2726:139.3166:66,66.0,36.27262,139.31658
2865,3086,tokyo_jct_36.2728:139.3384:66,66.0,36.27281,139.33841
2866,3087,tokyo_jct_36.2727:139.3384:66,66.0,36.27273,139.33844
2867,3088,tokyo_jct_36.2729:139.3392:66,66.0,36.27295,139.3392
2868,3089,tokyo_jct_36.3621:138.996:66,66.0,36.3621,138.99603
2869,3090,tokyo_jct_36.4155:138.7877:66,66.0,36.4155,138.78769
2870,3091,tokyo_jct_36.5422:138.9428:66,66.0,36.54225,138.94276
2871,3092,tokyo_jct_36.5238:138.5449:66,66.0,36.52385,138.5449
2872,3093,tokyo_jct_36.4858:138.484:66,66.0,36.48583,138.48404
2873,3094,tokyo_jct_36.5465:138.5709:66,66.0,36.5465,138.57094
2874,3095,tokyo_jct_36.5316:138.5576:66,66.0,36.53163,138.55759
2875,3096,tokyo_jct_36.5472:138.5711:66,66.0,36.54723,138.57112
2876,3097,tokyo_jct_36.5472:138.5712:66,66.0,36.54721,138.57121
2877,3098,tokyo_jct_36.5507:138.6119:66,66.0,36.55067,138.61188
2878,3099,tokyo_jct_36.4857:138.4839:66,66.0,36.48569,138.48388
2879,3100,tokyo_jct_36.3384:138.3515:66,66.0,36.33843,138.3515
2880,3101,tokyo_jct_36.2914:139.1399:66,66.0,36.29144,139.13993
2881,3102,tokyo_jct_36.2948:139.0825:66,66.0,36.29481,139.08253
2882,3103,tokyo_jct_36.2422:139.12:66,66.0,36.24218,139.12
2883,3104,tokyo_jct_36.2379:139.1475:66,66.0,36.23791,139.14748
2884,3105,tokyo_jct_36.2241:139.1579:66,66.0,36.22405,139.15788
2885,3106,tokyo_jct_36.225:139.1595:66,66.0,36.225,139.15953
2886,3107,tokyo_jct_36.2385:139.1474:66,66.0,36.23849,139.1474
2887,3108,tokyo_jct_36.2034:139.0535:66,66.0,36.20338,139.05349
2888,3109,tokyo_jct_36.1816:139.0571:66,66.0,36.18159,139.05708
2889,3110,tokyo_jct_36.2504:138.9108:66,66.0,36.25043,138.91076
2890,3111,tokyo_jct_36.3074:138.93:66,66.0,36.30738,138.93003
2891,3112,tokyo_jct_36.3357:138.7517:66,66.0,36.33566,138.75166
2892,3113,tokyo_jct_36.3287:138.6378:66,66.0,36.32872,138.63781
2893,3114,tokyo_jct_35.9367:138.9624:66,66.0,35.93669,138.96238
2894,3115,tokyo_jct_35.9827:139.0552:66,66.0,35.98272,139.0552
2895,3116,tokyo_jct_36.0932:139.2123:66,66.0,36.09318,139.21227
2896,3117,tokyo_jct_36.1046:139.1813:66,66.0,36.10465,139.1813
2897,3118,tokyo_jct_36.0293:139.0973:66,66.0,36.02935,139.09731
2898,3119,tokyo_jct_36.0293:139.0956:66,66.0,36.02926,139.09555
2899,3120,tokyo_jct_36.0365:139.0847:66,66.0,36.0365,139.08472
2900,3121,tokyo_jct_36.0306:139.0827:66,66.0,36.03062,139.08274
2901,3122,tokyo_jct_35.9665:139.1073:66,66.0,35.96652,139.1073
2902,3123,tokyo_jct_35.9829:139.1044:66,66.0,35.98291,139.10436
2903,3124,tokyo_jct_35.9825:139.1043:66,66.0,35.98247,139.10431
2904,3125,tokyo_jct_36.3789:139.6004:66,66.0,36.37887,139.60041
2905,3126,tokyo_jct_36.0685:139.6362:66,66.0,36.06847,139.63622
2906,3127,tokyo_jct_35.952:139.5821:66,66.0,35.95197,139.58212
2907,3128,tokyo_jct_35.9396:139.6188:66,66.0,35.93957,139.61876
2908,3129,tokyo_jct_35.9339:139.5222:66,66.0,35.93394,139.52216
2909,3132,tokyo_jct_36.4074:139.3256:66,66.0,36.4074,139.32558
2910,3133,tokyo_jct_36.028:139.3746:66,66.0,36.02799,139.37459
2911,3134,tokyo_jct_36.0344:139.3862:66,66.0,36.03443,139.38622
2912,3135,tokyo_jct_36.0798:139.2423:154,154.0,36.07982,139.24235
2913,3136,tokyo_jct_36.0882:139.235:154,154.0,36.08824,139.235
2914,3137,tokyo_jct_36.0882:139.2348:154,154.0,36.08816,139.23484
2915,3138,tokyo_jct_36.7071:139.5108:0,66.0,36.70708,139.51079
2916,3139,tokyo_jct_36.7106:139.5105:0,66.0,36.71061,139.51048
2917,3140,tokyo_jct_36.7002:139.5072:0,66.0,36.70025,139.50717
2918,3141,tokyo_jct_36.6487:139.4479:0,66.0,36.64865,139.44791
2919,3144,tokyo_jct_36.9702:138.8003:0,154.0,36.97017,138.80026
2920,3145,tokyo_jct_36.5233:138.6172:0,66.0,36.52332,138.61718
2921,3146,tokyo_jct_36.5229:138.6203:0,66.0,36.52294,138.6203
2922,3147,tokyo_jct_37.1444:140.7172:500,500.0,37.14442,140.71723
2923,3148,tokyo_jct_37.1398:140.7232:500,500.0,37.13975,140.72322
2924,3149,tokyo_jct_37.1402:140.7194:500,500.0,37.14023,140.71941
2925,3150,tokyo_jct_37.1437:140.7153:500,500.0,37.14369,140.71533
2926,3151,tokyo_jct_36.4848:140.0603:66,66.0,36.48481,140.06026
2927,3152,tokyo_jct_36.4828:140.4218:275,275.0,36.48276,140.42179
2928,3153,tokyo_jct_36.6461:139.9799:154,154.0,36.64606,139.97995
2929,3154,tokyo_jct_36.7119:139.9327:66,66.0,36.71189,139.93274
2930,3155,tokyo_jct_37.5423:140.0032:154,154.0,37.54234,140.00323
2931,3156,tokyo_jct_37.2938:140.1602:154,154.0,37.29379,140.16016
2932,3157,tokyo_jct_36.6818:140.656:275,275.0,36.68178,140.65598
2933,3158,tokyo_jct_36.4368:140.4493:154,154.0,36.43676,140.44925
2934,3159,tokyo_jct_36.3968:140.4828:66,66.0,36.39678,140.48276
2935,3160,tokyo_jct_36.3822:140.4816:66,66.0,36.38224,140.48163
2936,3161,tokyo_jct_36.353:140.5768:66,66.0,36.35296,140.57684
2937,3162,tokyo_jct_36.0675:140.1675:66,66.0,36.06746,140.1675
2938,3163,tokyo_jct_36.096:140.2059:66,66.0,36.09605,140.20588
2939,3164,tokyo_jct_36.1468:140.1277:66,66.0,36.14684,140.12772
2940,3165,tokyo_jct_36.0529:140.0645:154,154.0,36.05287,140.06454
2941,3166,tokyo_jct_35.9561:139.9582:154,154.0,35.95606,139.95819
2942,3167,tokyo_jct_36.0839:139.9856:66,66.0,36.08394,139.98555
2943,3168,tokyo_jct_36.2586:140.0256:66,66.0,36.25857,140.02561
2944,3169,tokyo_jct_36.2964:139.971:66,66.0,36.29639,139.97097
2945,3170,tokyo_jct_36.3002:139.9607:66,66.0,36.30018,139.96065
2946,3171,tokyo_jct_36.0611:139.7935:66,66.0,36.06115,139.79348
2947,3172,tokyo_jct_36.0048:139.7537:66,66.0,36.00482,139.75374
2948,3173,tokyo_jct_36.0375:139.7252:66,66.0,36.03753,139.72525
2949,3174,tokyo_jct_36.0648:139.7124:66,66.0,36.06481,139.71236
2950,3175,tokyo_jct_36.0718:139.6958:66,66.0,36.0718,139.69577
2951,3176,tokyo_jct_36.0012:139.6726:66,66.0,36.00119,139.67264
2952,3177,tokyo_jct_36.0982:139.7149:66,66.0,36.09819,139.71491
2953,3178,tokyo_jct_35.9353:139.7597:66,66.0,35.93532,139.75965
2954,3179,tokyo_jct_35.9968:140.0796:275,275.0,35.99679,140.07956
2955,3180,tokyo_jct_35.9171:140.0665:66,66.0,35.91709,140.06651
2956,3181,tokyo_jct_36.5275:140.5841:66,66.0,36.52751,140.58414
2957,3182,tokyo_jct_36.4852:140.5597:66,66.0,36.48523,140.55973
2958,3183,tokyo_jct_36.1273:140.1071:66,66.0,36.12726,140.10707
2959,3184,tokyo_jct_36.1227:140.0951:66,66.0,36.12273,140.09514
2960,3185,tokyo_jct_36.1204:140.0905:66,66.0,36.12037,140.0905
2961,3186,tokyo_jct_35.9406:140.5575:66,66.0,35.9406,140.5575
2962,3187,tokyo_jct_36.6748:140.0445:66,66.0,36.67482,140.0445
2963,3188,tokyo_jct_35.9991:139.7366:66,66.0,35.99909,139.73664
2964,3189,tokyo_jct_35.9935:139.7093:66,66.0,35.99348,139.70934
2965,3190,tokyo_jct_36.0153:139.6839:66,66.0,36.01534,139.68391
2966,3191,tokyo_jct_35.9928:139.707:66,66.0,35.99285,139.70701
2967,3192,tokyo_jct_36.2397:139.7453:66,66.0,36.23966,139.74527
2968,3193,tokyo_jct_35.9933:139.7891:66,66.0,35.99331,139.78909
2969,3194,tokyo_jct_36.1863:139.7226:66,66.0,36.18628,139.72255
2970,3195,tokyo_jct_35.9642:139.7882:66,66.0,35.96421,139.78818
2971,3196,tokyo_jct_35.9982:140.0824:275,275.0,35.99821,140.08245
2972,3197,tokyo_jct_35.9621:139.8943:66,66.0,35.96209,139.8943
2973,3198,tokyo_jct_36.0183:140.0156:66,66.0,36.01831,140.01555
2974,3199,tokyo_jct_36.6875:139.9769:66,66.0,36.68745,139.97694
2975,3200,tokyo_jct_36.7862:139.9535:154,154.0,36.78623,139.95349
2976,3201,tokyo_jct_36.3688:139.8602:66,66.0,36.36877,139.86015
2977,3202,tokyo_jct_36.4659:139.8792:66,66.0,36.46587,139.87916
2978,3203,tokyo_jct_36.4673:139.8772:66,66.0,36.46726,139.87724
2979,3204,tokyo_jct_36.4504:139.8716:66,66.0,36.45035,139.87161
2980,3205,tokyo_jct_37.3052:140.4285:275,275.0,37.30516,140.42846
2981,3206,tokyo_jct_36.3302:139.7199:66,66.0,36.33019,139.71991
2982,3207,tokyo_jct_35.9685:140.0512:66,66.0,35.96851,140.05122
2983,3208,tokyo_jct_35.9411:140.0263:66,66.0,35.94108,140.02628
2984,3209,tokyo_jct_35.9458:140.0179:66,66.0,35.94581,140.01788
2985,3210,tokyo_jct_35.909:140.1578:66,66.0,35.90903,140.15776
2986,3211,tokyo_jct_35.938:140.112:66,66.0,35.93801,140.11197
2987,3212,tokyo_jct_36.2458:139.7653:154,154.0,36.24578,139.76531
2988,3213,tokyo_jct_36.2666:140.0337:66,66.0,36.2666,140.03368
2989,3214,tokyo_jct_36.1669:140.2961:66,66.0,36.1669,140.29607
2990,3215,tokyo_jct_36.156:140.3521:66,66.0,36.15596,140.35207
2991,3216,tokyo_jct_36.1587:140.4626:66,66.0,36.15872,140.4626
2992,3217,tokyo_jct_36.2003:140.03:66,66.0,36.20028,140.02999
2993,3218,tokyo_jct_36.0501:140.2131:66,66.0,36.0501,140.2131
2994,3219,tokyo_jct_36.0564:140.2152:66,66.0,36.05641,140.21522
2995,3220,tokyo_jct_36.0305:140.1262:66,66.0,36.03047,140.12623
2996,3221,tokyo_jct_36.0261:140.1335:66,66.0,36.02609,140.13353
2997,3222,tokyo_jct_36.0471:140.1159:66,66.0,36.04713,140.11594
2998,3223,tokyo_jct_35.9147:140.2979:66,66.0,35.91465,140.29789
2999,3224,tokyo_jct_36.0991:140.2049:66,66.0,36.09907,140.20494
3000,3225,tokyo_jct_36.0188:140.3005:66,66.0,36.01878,140.30051
3001,3226,tokyo_jct_36.0561:140.2197:66,66.0,36.05613,140.21967
3002,3227,tokyo_jct_36.0296:140.2316:66,66.0,36.02955,140.23163
3003,3228,tokyo_jct_36.0246:140.2255:66,66.0,36.02458,140.22551
3004,3229,tokyo_jct_36.024:140.238:66,66.0,36.02403,140.23801
3005,3230,tokyo_jct_36.0125:140.2572:66,66.0,36.01248,140.25722
3006,3234,tokyo_jct_36.6661:140.6807:66,66.0,36.6661,140.68066
3007,3235,tokyo_jct_36.6357:140.6675:66,66.0,36.63566,140.66747
3008,3236,tokyo_jct_36.5389:139.8655:66,66.0,36.53895,139.86546
3009,3237,tokyo_jct_36.5932:139.8671:66,66.0,36.59319,139.86709
3010,3240,tokyo_jct_36.7003:139.9497:66,66.0,36.70027,139.94966
3011,3241,tokyo_jct_35.9077:140.7058:66,66.0,35.90767,140.70584
3012,3242,tokyo_jct_36.7723:139.7521:66,66.0,36.7723,139.7521
3013,3243,tokyo_jct_36.9601:140.9016:66,66.0,36.9601,140.90157
3014,3244,tokyo_jct_36.0664:139.9171:66,66.0,36.06641,139.91714
3015,3245,tokyo_jct_35.9985:139.9682:66,66.0,35.9985,139.96823
3016,3246,tokyo_jct_35.9997:139.9714:66,66.0,35.9997,139.97142
3017,3247,tokyo_jct_35.9393:139.8799:66,66.0,35.93933,139.87986
3018,3248,tokyo_jct_35.931:139.9:66,66.0,35.93101,139.89999
3019,3249,tokyo_jct_35.9321:139.8992:66,66.0,35.93212,139.89917
3020,3250,tokyo_jct_35.9318:139.8995:66,66.0,35.93183,139.89949
3021,3251,tokyo_jct_35.9333:139.8983:66,66.0,35.93331,139.89828
3022,3252,tokyo_jct_35.9953:139.966:66,66.0,35.99532,139.96597
3023,3253,tokyo_jct_35.9318:139.8994:66,66.0,35.9318,139.89943
3024,3254,tokyo_jct_36.0221:139.962:66,66.0,36.02212,139.96197
3025,3255,tokyo_jct_35.9538:140.2506:66,66.0,35.95375,140.2506
3026,3256,tokyo_jct_35.9928:140.0856:66,66.0,35.99285,140.08563
3027,3257,tokyo_jct_35.9877:140.087:66,66.0,35.98772,140.087
3028,3258,tokyo_jct_35.9992:140.0849:275,275.0,35.99917,140.08492
3029,3259,tokyo_jct_36.2339:139.7901:154,154.0,36.23395,139.79013
3030,3260,tokyo_jct_36.2384:139.7916:154,154.0,36.23843,139.79162
3031,3261,tokyo_jct_36.2932:139.8179:154,154.0,36.29317,139.81787
3032,3262,tokyo_jct_36.4651:139.9044:154,154.0,36.46509,139.9044
3033,3263,tokyo_jct_36.4787:139.9048:154,154.0,36.47872,139.9048
3034,3264,tokyo_jct_36.4834:139.905:154,154.0,36.48341,139.90496
3035,3265,tokyo_jct_36.6005:140.6387:66,66.0,36.60045,140.63874
3036,3266,tokyo_jct_36.5998:140.64:66,66.0,36.59978,140.63998
3037,3267,tokyo_jct_36.6809:140.6559:66,66.0,36.6809,140.65592
3038,3268,tokyo_jct_36.4565:140.5767:66,66.0,36.45647,140.57665
3039,3269,tokyo_jct_36.4201:140.4996:66,66.0,36.42013,140.49963
3040,3270,tokyo_jct_36.3974:140.4837:66,66.0,36.39736,140.48372
3041,3271,tokyo_jct_36.4121:140.4576:66,66.0,36.41211,140.45765
3042,3272,tokyo_jct_36.4075:140.4652:66,66.0,36.4075,140.46525
3043,3273,tokyo_jct_36.397:140.4828:66,66.0,36.397,140.48281
3044,3274,tokyo_jct_36.3744:140.3879:66,66.0,36.37438,140.3879
3045,3275,tokyo_jct_36.3734:140.387:66,66.0,36.37344,140.38703
3046,3276,tokyo_jct_36.411:139.8142:66,66.0,36.41096,139.8142
3047,3277,tokyo_jct_36.4102:139.8096:66,66.0,36.41017,139.80962
3048,3278,tokyo_jct_36.4345:139.8296:66,66.0,36.43453,139.82964
3049,3279,tokyo_jct_36.5395:139.8719:66,66.0,36.53949,139.87189
3050,3280,tokyo_jct_36.7674:139.7522:66,66.0,36.76736,139.75221
3051,3281,tokyo_jct_36.7698:139.753:66,66.0,36.76983,139.753
3052,3282,tokyo_jct_36.771:139.7637:66,66.0,36.77097,139.76367
3053,3283,tokyo_jct_36.7705:139.7712:66,66.0,36.7705,139.77121
3054,3284,tokyo_jct_36.7255:139.9069:66,66.0,36.72551,139.90691
3055,3285,tokyo_jct_36.7354:140.1186:66,66.0,36.73542,140.11855
3056,3286,tokyo_jct_36.7413:140.1355:66,66.0,36.74135,140.13555
3057,3287,tokyo_jct_36.6716:139.7207:66,66.0,36.67157,139.72066
3058,3288,tokyo_jct_36.6533:139.724:66,66.0,36.6533,139.724
3059,3289,tokyo_jct_36.7361:139.7072:66,66.0,36.73613,139.70719
3060,3290,tokyo_jct_36.7066:139.7096:66,66.0,36.7066,139.70957
3061,3291,tokyo_jct_36.772:139.7539:66,66.0,36.77198,139.75389
3062,3292,tokyo_jct_36.3054:140.5406:66,66.0,36.3054,140.54065
3063,3293,tokyo_jct_36.267:140.544:66,66.0,36.26701,140.54398
3064,3294,tokyo_jct_36.3535:140.5685:66,66.0,36.35353,140.56846
3065,3295,tokyo_jct_36.4721:140.5201:66,66.0,36.47207,140.52013
3066,3296,tokyo_jct_36.1389:140.178:154,154.0,36.13888,140.17799
3067,3297,tokyo_jct_36.0816:140.092:154,154.0,36.08156,140.09203
3068,3298,tokyo_jct_36.5572:140.6383:66,66.0,36.5572,140.6383
3069,3299,tokyo_jct_36.5715:140.6226:66,66.0,36.57154,140.6226
3070,3300,tokyo_jct_36.5444:140.6038:66,66.0,36.54443,140.60375
3071,3301,tokyo_jct_37.1153:140.8741:154,154.0,37.11532,140.87409
3072,3302,tokyo_jct_36.2252:140.2746:66,66.0,36.22516,140.27462
3073,3303,tokyo_jct_36.2359:140.2848:66,66.0,36.23592,140.28478
3074,3304,tokyo_jct_36.2162:140.2633:66,66.0,36.21619,140.26325
3075,3305,tokyo_jct_36.2117:140.2469:66,66.0,36.21173,140.24694
3076,3306,tokyo_jct_36.1619:140.2886:66,66.0,36.16193,140.28861
3077,3307,tokyo_jct_36.2155:140.2669:66,66.0,36.21546,140.26694
3078,3308,tokyo_jct_36.2147:140.2706:66,66.0,36.21474,140.27064
3079,3309,tokyo_jct_36.0579:139.9163:66,66.0,36.05792,139.91626
3080,3310,tokyo_jct_36.6231:140.6256:66,66.0,36.62312,140.62563
3081,3312,tokyo_jct_36.6289:140.6629:66,66.0,36.62886,140.6629
3082,3313,tokyo_jct_36.7297:140.6829:66,66.0,36.72967,140.68293
3083,3314,tokyo_jct_36.7327:140.7248:66,66.0,36.73272,140.72477
3084,3315,tokyo_jct_36.6899:140.6798:66,66.0,36.68991,140.67981
3085,3316,tokyo_jct_36.7023:140.6858:66,66.0,36.70233,140.68576
3086,3317,tokyo_jct_36.7354:140.6831:66,66.0,36.73542,140.68314
3087,3318,tokyo_jct_36.7461:140.6836:66,66.0,36.74606,140.68364
3088,3319,tokyo_jct_36.7571:140.6837:66,66.0,36.7571,140.68373
3089,3320,tokyo_jct_36.4739:140.5215:66,66.0,36.47388,140.52152
3090,3321,tokyo_jct_36.4883:140.5354:275,275.0,36.48835,140.5354
3091,3322,tokyo_jct_36.5371:140.5325:66,66.0,36.53711,140.53254
3092,3323,tokyo_jct_36.0494:140.114:66,66.0,36.04941,140.11399
3093,3324,tokyo_jct_36.0629:140.1256:66,66.0,36.06286,140.12564
3094,3325,tokyo_jct_35.935:140.116:66,66.0,35.93503,140.11595
3095,3326,tokyo_jct_36.723:139.7048:66,66.0,36.72303,139.7048
3096,3327,tokyo_jct_36.72:139.7033:66,66.0,36.72003,139.70326
3097,3328,tokyo_jct_36.6761:140.028:66,66.0,36.67608,140.02797
3098,3329,tokyo_jct_36.6505:140.0173:66,66.0,36.65046,140.01734
3099,3330,tokyo_jct_36.1292:140.0718:66,66.0,36.12915,140.0718
3100,3331,tokyo_jct_36.1569:140.0651:66,66.0,36.15686,140.0651
3101,3332,tokyo_jct_36.3832:140.2326:66,66.0,36.38323,140.23264
3102,3333,tokyo_jct_36.3548:140.2404:66,66.0,36.35478,140.24041
3103,3334,tokyo_jct_36.354:140.2405:66,66.0,36.35396,140.24048
3104,3335,tokyo_jct_36.3812:140.2948:66,66.0,36.38119,140.29484
3105,3336,tokyo_jct_35.9148:140.7054:66,66.0,35.91476,140.70538
3106,3337,tokyo_jct_35.9872:140.282:66,66.0,35.98719,140.28201
3107,3338,tokyo_jct_36.0546:140.1873:66,66.0,36.0546,140.18728
3108,3339,tokyo_jct_36.5116:140.4044:154,154.0,36.51161,140.40441
3109,3340,tokyo_jct_36.6191:140.5437:66,66.0,36.61907,140.54367
3110,3341,tokyo_jct_36.4782:140.5346:275,275.0,36.47822,140.53465
3111,3342,tokyo_jct_36.3793:140.5178:66,66.0,36.37934,140.51783
3112,3343,tokyo_jct_36.3716:140.5316:66,66.0,36.37162,140.53163
3113,3344,tokyo_jct_36.1059:140.0985:66,66.0,36.10588,140.09848
3114,3345,tokyo_jct_36.6879:139.7161:66,66.0,36.68786,139.71613
3115,3346,tokyo_jct_36.3228:139.8338:154,154.0,36.3228,139.83375
3116,3347,tokyo_jct_36.3172:139.903:66,66.0,36.31723,139.90298
3117,3348,tokyo_jct_36.336:139.7983:66,66.0,36.33602,139.79832
3118,3349,tokyo_jct_36.2049:139.9327:66,66.0,36.20487,139.93274
3119,3350,tokyo_jct_36.2363:139.9597:66,66.0,36.23628,139.95973
3120,3351,tokyo_jct_36.0512:139.688:66,66.0,36.05121,139.68801
3121,3352,tokyo_jct_36.6383:140.5355:66,66.0,36.63831,140.53553
3122,3353,tokyo_jct_36.6475:140.5879:66,66.0,36.64754,140.58789
3123,3354,tokyo_jct_36.672:140.571:66,66.0,36.67196,140.57103
3124,3355,tokyo_jct_36.0343:140.1298:66,66.0,36.03428,140.12976
3125,3356,tokyo_jct_36.4641:139.9683:66,66.0,36.46414,139.96833
3126,3357,tokyo_jct_36.4666:139.9684:66,66.0,36.46659,139.96843
3127,3358,tokyo_jct_36.4298:139.9711:66,66.0,36.4298,139.97112
3128,3359,tokyo_jct_36.4286:139.963:66,66.0,36.42864,139.96304
3129,3360,tokyo_jct_36.4564:139.9603:66,66.0,36.4564,139.96029
3130,3361,tokyo_jct_36.4272:139.9719:66,66.0,36.42721,139.97185
3131,3362,tokyo_jct_36.4194:139.9679:66,66.0,36.41944,139.96787
3132,3363,tokyo_jct_36.4177:139.9684:66,66.0,36.41768,139.96835
3133,3364,tokyo_jct_36.4176:139.9674:66,66.0,36.4176,139.96736
3134,3365,tokyo_jct_36.3028:139.7089:66,66.0,36.30282,139.70891
3135,3366,tokyo_jct_36.2502:139.7459:66,66.0,36.25023,139.74591
3136,3367,tokyo_jct_36.2204:139.7187:66,66.0,36.2204,139.71871
3137,3368,tokyo_jct_36.2202:139.7206:66,66.0,36.22023,139.72059
3138,3369,tokyo_jct_36.3267:139.8439:66,66.0,36.32666,139.84393
3139,3370,tokyo_jct_36.3147:139.8369:66,66.0,36.31466,139.83685
3140,3371,tokyo_jct_36.323:139.8432:66,66.0,36.32295,139.84325
3141,3372,tokyo_jct_36.3229:139.8417:66,66.0,36.32294,139.84166
3142,3373,tokyo_jct_36.3133:139.829:66,66.0,36.31329,139.82905
3143,3374,tokyo_jct_36.3198:139.8845:66,66.0,36.31981,139.88448
3144,3375,tokyo_jct_36.3164:139.9181:66,66.0,36.31645,139.91813
3145,3376,tokyo_jct_36.3158:139.9272:66,66.0,36.31576,139.9272
3146,3377,tokyo_jct_36.3206:139.9596:66,66.0,36.32064,139.95956
3147,3378,tokyo_jct_36.3227:139.9667:66,66.0,36.3227,139.96675
3148,3379,tokyo_jct_36.4214:139.9825:66,66.0,36.42144,139.98247
3149,3380,tokyo_jct_36.3288:139.9184:66,66.0,36.32878,139.91836
3150,3381,tokyo_jct_36.3293:139.9179:66,66.0,36.32926,139.91793
3151,3382,tokyo_jct_36.3414:139.9324:66,66.0,36.34135,139.93235
3152,3383,tokyo_jct_36.3002:139.9215:66,66.0,36.30024,139.92151
3153,3384,tokyo_jct_36.1993:139.808:66,66.0,36.19928,139.80804
3154,3385,tokyo_jct_36.1272:139.8142:66,66.0,36.12722,139.81416
3155,3386,tokyo_jct_36.1425:139.8145:66,66.0,36.14253,139.81451
3156,3387,tokyo_jct_36.159:139.7202:154,154.0,36.15901,139.72022
3157,3388,tokyo_jct_36.1766:139.7129:66,66.0,36.17664,139.71289
3158,3389,tokyo_jct_36.4304:139.828:66,66.0,36.4304,139.82803
3159,3390,tokyo_jct_36.3325:139.8126:66,66.0,36.33245,139.81259
3160,3391,tokyo_jct_36.4094:139.8088:66,66.0,36.40944,139.80877
3161,3392,tokyo_jct_36.1833:139.7506:66,66.0,36.18325,139.75062
3162,3393,tokyo_jct_36.1942:139.7574:66,66.0,36.19421,139.75743
3163,3394,tokyo_jct_36.1977:139.7558:66,66.0,36.1977,139.75584
3164,3395,tokyo_jct_36.2012:139.7544:66,66.0,36.20121,139.75437
3165,3396,tokyo_jct_36.1958:139.7524:66,66.0,36.19575,139.75241
3166,3397,tokyo_jct_36.1942:139.7579:66,66.0,36.19422,139.75792
3167,3398,tokyo_jct_36.2423:139.7401:66,66.0,36.24233,139.74005
3168,3399,tokyo_jct_36.1711:139.7664:66,66.0,36.17111,139.76641
3169,3400,tokyo_jct_36.2928:139.8142:66,66.0,36.29282,139.81422
3170,3401,tokyo_jct_36.294:139.824:66,66.0,36.29395,139.82401
3171,3402,tokyo_jct_36.293:139.8329:66,66.0,36.29305,139.83287
3172,3403,tokyo_jct_36.2748:139.8622:66,66.0,36.27477,139.86217
3173,3404,tokyo_jct_36.2785:139.8646:66,66.0,36.27852,139.8646
3174,3405,tokyo_jct_36.294:139.8252:66,66.0,36.29401,139.82524
3175,3406,tokyo_jct_36.3055:139.8224:66,66.0,36.30549,139.82244
3176,3407,tokyo_jct_36.4638:139.7946:66,66.0,36.46379,139.79457
3177,3408,tokyo_jct_36.482:139.7829:66,66.0,36.48204,139.78294
3178,3409,tokyo_jct_36.4823:139.7835:66,66.0,36.48226,139.78351
3179,3410,tokyo_jct_36.4974:139.7824:66,66.0,36.49736,139.78236
3180,3411,tokyo_jct_36.5544:139.7699:66,66.0,36.55441,139.76987
3181,3412,tokyo_jct_36.4877:139.785:66,66.0,36.48768,139.78502
3182,3413,tokyo_jct_36.5306:139.8163:66,66.0,36.53057,139.81635
3183,3414,tokyo_jct_36.5423:139.8056:66,66.0,36.54234,139.80563
3184,3415,tokyo_jct_36.5421:139.8057:66,66.0,36.54209,139.80572
3185,3416,tokyo_jct_36.5676:139.7897:66,66.0,36.56765,139.78969
3186,3417,tokyo_jct_36.5403:139.8025:66,66.0,36.54032,139.80254
3187,3418,tokyo_jct_36.1848:139.8798:154,154.0,36.18478,139.87981
3188,3419,tokyo_jct_36.4801:140.0576:66,66.0,36.48007,140.05761
3189,3420,tokyo_jct_36.5121:140.0787:66,66.0,36.51205,140.07874
3190,3421,tokyo_jct_36.5241:140.0905:66,66.0,36.52406,140.09054
3191,3422,tokyo_jct_36.5202:140.1171:66,66.0,36.52016,140.11715
3192,3423,tokyo_jct_36.3644:139.8681:66,66.0,36.36445,139.8681
3193,3425,tokyo_jct_36.4618:139.9099:154,154.0,36.46183,139.90989
3194,3426,tokyo_jct_36.4162:139.8677:66,66.0,36.41617,139.86774
3195,3427,tokyo_jct_36.4176:139.8604:66,66.0,36.41762,139.86044
3196,3428,tokyo_jct_36.6872:139.7143:66,66.0,36.68725,139.71433
3197,3429,tokyo_jct_36.7717:139.754:66,66.0,36.77175,139.75403
3198,3430,tokyo_jct_36.7929:139.7556:66,66.0,36.79294,139.75561
3199,3431,tokyo_jct_36.7725:139.754:66,66.0,36.77254,139.754
3200,3432,tokyo_jct_36.7405:139.8655:66,66.0,36.74051,139.86554
3201,3433,tokyo_jct_36.7313:139.8796:66,66.0,36.73132,139.87962
3202,3434,tokyo_jct_36.7299:140.0014:66,66.0,36.72985,140.00144
3203,3435,tokyo_jct_36.7623:139.9776:66,66.0,36.76233,139.97755
3204,3436,tokyo_jct_36.6092:139.9923:66,66.0,36.60915,139.99228
3205,3437,tokyo_jct_36.5937:139.975:66,66.0,36.59373,139.97496
3206,3438,tokyo_jct_36.5269:140.0079:66,66.0,36.52695,140.00792
3207,3439,tokyo_jct_36.5308:140.0022:66,66.0,36.53082,140.00222
3208,3440,tokyo_jct_36.603:139.96:66,66.0,36.60298,139.96005
3209,3441,tokyo_jct_37.0706:140.0122:66,66.0,37.07055,140.0122
3210,3442,tokyo_jct_36.7346:140.121:66,66.0,36.73458,140.12099
3211,3443,tokyo_jct_36.7417:140.1356:66,66.0,36.74167,140.13561
3212,3444,tokyo_jct_36.6409:139.8243:154,154.0,36.64089,139.82432
3213,3445,tokyo_jct_36.7853:139.947:154,154.0,36.78533,139.94699
3214,3446,tokyo_jct_36.5686:139.9827:66,66.0,36.56863,139.98267
3215,3447,tokyo_jct_36.5756:140.006:66,66.0,36.57563,140.00598
3216,3448,tokyo_jct_36.5741:140.0041:66,66.0,36.57406,140.00411
3217,3449,tokyo_jct_36.5749:140.014:66,66.0,36.57493,140.01403
3218,3450,tokyo_jct_36.5738:140.0035:66,66.0,36.57378,140.0035
3219,3451,tokyo_jct_36.6842:140.1647:66,66.0,36.68421,140.16468
3220,3452,tokyo_jct_36.2048:139.9548:66,66.0,36.20483,139.95479
3221,3453,tokyo_jct_36.1745:139.9902:66,66.0,36.17449,139.99017
3222,3454,tokyo_jct_36.1883:139.9888:66,66.0,36.18831,139.98882
3223,3455,tokyo_jct_36.271:140.0413:66,66.0,36.27097,140.04131
3224,3456,tokyo_jct_36.1154:140.1184:66,66.0,36.11542,140.11836
3225,3457,tokyo_jct_36.123:140.0949:66,66.0,36.12303,140.09491
3226,3458,tokyo_jct_36.1271:140.0737:66,66.0,36.12711,140.07369
3227,3459,tokyo_jct_36.1605:140.0694:66,66.0,36.16046,140.06943
3228,3460,tokyo_jct_36.1574:140.0579:66,66.0,36.15741,140.05792
3229,3461,tokyo_jct_36.1576:140.0587:66,66.0,36.15758,140.05866
3230,3462,tokyo_jct_36.3532:140.2351:66,66.0,36.35321,140.23511
3231,3463,tokyo_jct_36.3535:140.2346:66,66.0,36.3535,140.23463
3232,3464,tokyo_jct_36.3533:140.2346:66,66.0,36.35327,140.23459
3233,3465,tokyo_jct_36.3532:140.2346:66,66.0,36.35322,140.23458
3234,3466,tokyo_jct_36.2623:140.5489:66,66.0,36.26225,140.54888
3235,3467,tokyo_jct_36.1333:140.2724:66,66.0,36.13326,140.27242
3236,3468,tokyo_jct_36.2139:140.247:66,66.0,36.2139,140.24697
3237,3469,tokyo_jct_36.2137:140.2468:66,66.0,36.21373,140.2468
3238,3470,tokyo_jct_36.1167:140.4962:66,66.0,36.11665,140.49621
3239,3471,tokyo_jct_36.1134:140.5067:66,66.0,36.11336,140.50672
3240,3472,tokyo_jct_36.1613:140.4472:66,66.0,36.1613,140.44725
3241,3473,tokyo_jct_36.2151:140.2707:66,66.0,36.21507,140.27069
3242,3474,tokyo_jct_36.2151:140.2708:66,66.0,36.21505,140.27077
3243,3475,tokyo_jct_36.2147:140.2705:66,66.0,36.21466,140.27053
3244,3476,tokyo_jct_36.2146:140.2705:66,66.0,36.21461,140.27051
3245,3477,tokyo_jct_36.2157:140.2673:66,66.0,36.21574,140.26731
3246,3478,tokyo_jct_36.2159:140.2633:66,66.0,36.21586,140.26327
3247,3479,tokyo_jct_36.3852:140.5228:66,66.0,36.38525,140.52283
3248,3480,tokyo_jct_36.0781:139.9142:66,66.0,36.07808,139.91424
3249,3481,tokyo_jct_36.0798:139.9124:66,66.0,36.07976,139.91244
3250,3482,tokyo_jct_36.0579:139.9166:66,66.0,36.05789,139.91659
3251,3483,tokyo_jct_36.0391:139.9798:66,66.0,36.03912,139.97978
3252,3484,tokyo_jct_35.9944:139.7027:66,66.0,35.99445,139.70267
3253,3485,tokyo_jct_35.9915:139.7073:66,66.0,35.99152,139.7073
3254,3488,tokyo_jct_35.9995:140.2494:66,66.0,35.99946,140.2494
3255,3489,tokyo_jct_36.0549:140.0918:66,66.0,36.05493,140.09176
3256,3490,tokyo_jct_36.0493:140.1144:66,66.0,36.04925,140.11439
3257,3491,tokyo_jct_36.0498:140.1142:66,66.0,36.0498,140.11417
3258,3492,tokyo_jct_36.0498:140.1141:66,66.0,36.04982,140.11409
3259,3493,tokyo_jct_36.0624:140.1264:66,66.0,36.06242,140.12642
3260,3494,tokyo_jct_36.0653:140.1292:66,66.0,36.06529,140.12921
3261,3495,tokyo_jct_35.9358:140.0291:66,66.0,35.93579,140.02913
3262,3496,tokyo_jct_35.9856:140.0807:66,66.0,35.98563,140.08067
3263,3497,tokyo_jct_35.9954:140.0948:66,66.0,35.99542,140.09477
3264,3498,tokyo_jct_35.9074:140.0746:66,66.0,35.90744,140.07461
3265,3499,tokyo_jct_36.6387:140.5371:66,66.0,36.6387,140.53714
3266,3500,tokyo_jct_36.6784:140.5929:66,66.0,36.67838,140.59292
3267,3501,tokyo_jct_36.6537:140.6007:66,66.0,36.65375,140.60072
3268,3502,tokyo_jct_36.5379:140.3794:66,66.0,36.53787,140.37937
3269,3503,tokyo_jct_36.5535:140.4488:66,66.0,36.55345,140.44883
3270,3504,tokyo_jct_36.4741:140.5258:66,66.0,36.47408,140.52576
3271,3505,tokyo_jct_36.4576:140.4374:66,66.0,36.45756,140.43744
3272,3506,tokyo_jct_36.1194:140.5103:66,66.0,36.11943,140.51029
3273,3507,tokyo_jct_36.1624:140.0811:154,154.0,36.16239,140.08113
3274,3508,tokyo_jct_36.1586:140.0758:154,154.0,36.15864,140.07582
3275,3510,tokyo_jct_36.5555:140.6389:66,66.0,36.55546,140.63891
3276,3511,tokyo_jct_36.564:140.6435:66,66.0,36.56404,140.64346
3277,3512,tokyo_jct_36.5975:140.6462:66,66.0,36.59746,140.64621
3278,3513,tokyo_jct_36.6046:140.6712:66,66.0,36.6046,140.67125
3279,3514,tokyo_jct_36.7757:140.6798:66,66.0,36.77572,140.67984
3280,3515,tokyo_jct_36.777:140.6801:66,66.0,36.77704,140.68005
3281,3518,tokyo_jct_36.3441:139.7081:66,66.0,36.34413,139.70809
3282,3521,tokyo_jct_35.9108:140.7061:275,275.0,35.91078,140.70609
3283,3522,tokyo_jct_35.9098:140.6583:66,66.0,35.90982,140.6583
3284,3523,tokyo_jct_35.9096:140.6665:66,66.0,35.90964,140.66651
3285,3524,tokyo_jct_35.9502:140.6873:275,275.0,35.95022,140.68735
3286,3525,tokyo_jct_36.4802:139.8823:66,66.0,36.48021,139.88226
3287,3526,tokyo_jct_36.3892:139.8587:66,66.0,36.38915,139.85866
3288,3527,tokyo_jct_36.3518:139.8308:66,66.0,36.35177,139.83079
3289,3528,tokyo_jct_36.7254:140.1056:66,66.0,36.7254,140.10562
3290,3529,tokyo_jct_36.7256:140.1055:66,66.0,36.72564,140.10555
3291,3530,tokyo_jct_36.7228:140.1007:66,66.0,36.72284,140.10066
3292,3531,tokyo_jct_36.7235:140.0995:66,66.0,36.72348,140.09954
3293,3532,tokyo_jct_36.6984:139.9446:66,66.0,36.69841,139.94462
3294,3533,tokyo_jct_36.5481:139.9883:66,66.0,36.54808,139.98831
3295,3534,tokyo_jct_36.5462:139.9937:154,154.0,36.54616,139.99367
3296,3535,tokyo_jct_36.4302:139.9271:66,66.0,36.43025,139.92709
3297,3536,tokyo_jct_36.4526:139.9708:66,66.0,36.45264,139.97078
3298,3537,tokyo_jct_36.588:140.3728:66,66.0,36.588,140.37285
3299,3538,tokyo_jct_36.6028:140.3642:66,66.0,36.60278,140.36424
3300,3539,tokyo_jct_36.4422:140.5767:66,66.0,36.44217,140.57673
3301,3540,tokyo_jct_36.4985:140.4209:154,154.0,36.49852,140.42093
3302,3541,tokyo_jct_36.4945:140.4175:154,154.0,36.49455,140.4175
3303,3542,tokyo_jct_36.5979:140.3493:66,66.0,36.59794,140.34932
3304,3543,tokyo_jct_36.5549:139.9863:66,66.0,36.55492,139.98626
3305,3544,tokyo_jct_36.5441:139.9896:66,66.0,36.54411,139.98961
3306,3545,tokyo_jct_36.5428:139.99:66,66.0,36.54279,139.99002
3307,3546,tokyo_jct_36.5436:139.9902:66,66.0,36.5436,139.99021
3308,3547,tokyo_jct_36.5419:139.9907:66,66.0,36.54188,139.99072
3309,3548,tokyo_jct_36.5394:139.9915:66,66.0,36.53943,139.99151
3310,3549,tokyo_jct_36.5385:139.9899:66,66.0,36.53853,139.98991
3311,3550,tokyo_jct_36.5425:139.9941:154,154.0,36.54246,139.99405
3312,3551,tokyo_jct_36.1828:139.8788:154,154.0,36.1828,139.87885
3313,3552,tokyo_jct_36.5651:139.8896:66,66.0,36.56506,139.88961
3314,3553,tokyo_jct_35.9534:139.9639:154,154.0,35.95337,139.96395
3315,3554,tokyo_jct_35.9522:139.7426:66,66.0,35.95218,139.74256
3316,3555,tokyo_jct_36.2122:139.713:66,66.0,36.21222,139.71295
3317,3556,tokyo_jct_36.1634:139.8136:66,66.0,36.16343,139.81365
3318,3557,tokyo_jct_35.9934:139.6621:66,66.0,35.99344,139.66214
3319,3558,tokyo_jct_36.0022:139.6666:66,66.0,36.00223,139.66659
3320,3559,tokyo_jct_36.4631:139.9711:66,66.0,36.46308,139.97111
3321,3560,tokyo_jct_36.4668:139.9655:66,66.0,36.46683,139.9655
3322,3561,tokyo_jct_36.4667:139.9685:66,66.0,36.4667,139.96848
3323,3562,tokyo_jct_36.5649:139.7664:66,66.0,36.56485,139.76644
3324,3563,tokyo_jct_36.7162:139.9677:66,66.0,36.71617,139.96771
3325,3564,tokyo_jct_36.6389:139.8144:154,154.0,36.63893,139.81438
3326,3565,tokyo_jct_36.7712:139.7721:66,66.0,36.77118,139.77214
3327,3566,tokyo_jct_36.1785:139.814:66,66.0,36.1785,139.814
3328,3567,tokyo_jct_36.2911:139.814:66,66.0,36.29112,139.81398
3329,3568,tokyo_jct_36.214:139.8144:66,66.0,36.21402,139.81437
3330,3569,tokyo_jct_36.2167:139.8003:66,66.0,36.21671,139.80031
3331,3570,tokyo_jct_36.6991:140.711:66,66.0,36.69912,140.71101
3332,3571,tokyo_jct_36.667:140.6264:66,66.0,36.66698,140.62641
3333,3572,tokyo_jct_36.666:140.6273:66,66.0,36.66598,140.62726
3334,3573,tokyo_jct_35.9146:140.2975:66,66.0,35.91464,140.29745
3335,3574,tokyo_jct_35.9534:140.2508:66,66.0,35.95344,140.25076
3336,3575,tokyo_jct_36.5517:140.4219:66,66.0,36.55169,140.42191
3337,3576,tokyo_jct_36.391:139.8545:66,66.0,36.39097,139.85446
3338,3577,tokyo_jct_36.304:140.5164:66,66.0,36.30398,140.5164
3339,3578,tokyo_jct_36.5865:140.3731:66,66.0,36.58649,140.37305
3340,3579,tokyo_jct_36.1016:140.5785:66,66.0,36.10158,140.57847
3341,3582,tokyo_jct_36.558:139.8879:66,66.0,36.55796,139.88792
3342,3583,tokyo_jct_36.5638:139.8893:66,66.0,36.56381,139.88933
3343,3584,tokyo_jct_36.7384:139.857:66,66.0,36.73837,139.85697
3344,3585,tokyo_jct_36.2668:140.5442:66,66.0,36.26683,140.54418
3345,3626,tokyo_jct_37.0539:138.6829:154,154.0,37.05388,138.68287
3346,3693,tokyo_jct_35.8337:138.373:66,66.0,35.83368,138.37299
3347,3732,tokyo_jct_35.782:138.3916:154,154.0,35.78201,138.39161
3348,3741,tokyo_jct_37.0684:138.2546:0,66.0,37.06844,138.25464
3349,3744,tokyo_jct_37.4189:138.8392:66,66.0,37.41893,138.83922
3350,3745,tokyo_jct_37.3054:138.8219:66,66.0,37.30544,138.82193
3351,3746,tokyo_jct_37.2771:138.7813:66,66.0,37.27709,138.78132
3352,3748,tokyo_jct_37.315:139.2883:275,275.0,37.31496,139.28828
3353,3749,tokyo_jct_37.039:138.8446:0,66.0,37.03898,138.84456
3354,3750,tokyo_jct_37.0834:138.2683:66,66.0,37.08339,138.26827
3355,3751,tokyo_jct_37.1294:138.2846:66,66.0,37.12942,138.28463
3356,3753,tokyo_jct_37.1565:138.7277:66,66.0,37.15654,138.72774
3357,3754,tokyo_jct_37.1283:138.2115:66,66.0,37.12833,138.21148
3358,3755,tokyo_jct_37.1252:138.2088:66,66.0,37.12519,138.20885
3359,3756,tokyo_jct_37.1237:138.2075:66,66.0,37.12365,138.20751
3360,3757,tokyo_jct_37.0873:138.1075:66,66.0,37.08727,138.10752
3361,3759,tokyo_jct_37.2343:138.8303:154,154.0,37.23425,138.8303
3362,3760,tokyo_jct_37.2969:138.8338:66,66.0,37.29691,138.83379
3363,3761,tokyo_jct_37.3151:138.7803:66,66.0,37.31505,138.78031
3364,3762,tokyo_jct_37.1556:138.7483:66,66.0,37.15562,138.74826
3365,3763,tokyo_jct_37.2242:138.7596:66,66.0,37.22424,138.75957
3366,3764,tokyo_jct_37.0972:138.764:66,66.0,37.09718,138.76398
3367,3765,tokyo_jct_37.0555:138.6881:154,154.0,37.05551,138.68809
3368,3766,tokyo_jct_37.042:137.873:66,66.0,37.04199,137.87303
3369,3767,tokyo_jct_37.116:138.2108:66,66.0,37.11602,138.21079
3370,3768,tokyo_jct_37.09:138.119:66,66.0,37.09002,138.11897
3371,3769,tokyo_jct_37.1872:138.263:66,66.0,37.18717,138.26298
3372,3772,tokyo_jct_37.0414:138.6682:0,66.0,37.04135,138.6682
3373,3773,tokyo_jct_37.3393:138.8451:154,154.0,37.3393,138.84506
3374,3774,tokyo_jct_37.199:138.8482:275,275.0,37.19898,138.84819
3375,3778,tokyo_jct_37.051:138.2639:66,66.0,37.05104,138.26392
3376,3782,tokyo_jct_37.081:138.8917:66,66.0,37.08098,138.89167
3377,3789,tokyo_jct_37.3447:139.9085:500,500.0,37.34475,139.90851
3378,3790,tokyo_jct_37.11:138.9138:66,66.0,37.10998,138.91375
3379,3791,tokyo_jct_37.1313:138.9245:66,66.0,37.13135,138.92447
3380,3794,tokyo_jct_37.1369:138.9104:66,66.0,37.13692,138.9104
3381,3795,tokyo_jct_37.1698:138.9526:66,66.0,37.16984,138.95264
3382,3796,tokyo_jct_37.2614:138.9832:66,66.0,37.26138,138.98315
3383,3801,tokyo_jct_37.1717:138.9617:66,66.0,37.17168,138.96174
3384,3802,tokyo_jct_37.0572:138.989:66,66.0,37.05718,138.98899
3385,3803,tokyo_jct_37.0609:138.9939:66,66.0,37.06087,138.99387
3386,3804,tokyo_jct_37.0562:138.9946:66,66.0,37.05623,138.99462
3387,3809,tokyo_jct_37.3804:140.8073:500,500.0,37.3804,140.80729
3388,3812,tokyo_jct_37.1135:140.1686:66,66.0,37.11355,140.16864
3389,3813,tokyo_jct_37.1094:140.2276:66,66.0,37.10943,140.22759
3390,3814,tokyo_jct_37.11:140.2287:66,66.0,37.10996,140.22868
3391,3817,tokyo_jct_37.3036:140.4232:66,66.0,37.30363,140.42318
3392,3820,tokyo_jct_37.1693:140.2192:154,154.0,37.1693,140.21924
3393,3821,tokyo_jct_37.3305:140.341:154,154.0,37.33051,140.34098
3394,3822,tokyo_jct_37.3059:140.424:66,66.0,37.30586,140.42397
3395,3823,tokyo_jct_37.2464:140.3631:66,66.0,37.24642,140.3631
3396,3824,tokyo_jct_37.2548:140.3832:66,66.0,37.25477,140.38322
3397,3825,tokyo_jct_37.1004:139.9049:275,275.0,37.10039,139.9049
3398,3828,tokyo_jct_37.1097:140.2273:66,66.0,37.10968,140.22729
3399,3829,tokyo_jct_37.1626:140.3203:66,66.0,37.16259,140.3203
3400,3830,tokyo_jct_37.0368:140.3865:66,66.0,37.03678,140.38654
3401,3831,tokyo_jct_37.1689:140.2207:66,66.0,37.16889,140.22068
3402,3832,tokyo_jct_37.1986:140.3125:66,66.0,37.19856,140.31248
3403,3833,tokyo_jct_37.2017:140.3148:66,66.0,37.20169,140.31483
3404,3834,tokyo_jct_37.3357:140.8054:66,66.0,37.33567,140.80539
3405,3835,tokyo_jct_37.1619:140.8269:66,66.0,37.16187,140.82688
3406,3838,tokyo_jct_37.0794:140.1066:154,154.0,37.07938,140.10661
3407,3841,tokyo_jct_37.0047:140.727:66,66.0,37.00473,140.72696
3408,3851,tokyo_sub_0,66.0,35.43052,139.36882
3409,3852,tokyo_sub_1,66.0,35.1395,139.0974
3410,3853,tokyo_sub_2,66.0,35.50554,139.42767
3411,3854,tokyo_sub_3,66.0,35.3376,139.36044
3412,3855,tokyo_sub_4@275,275.0,35.84376,139.46021
3413,3856,tokyo_sub_4@154,154.0,35.84376,139.46021
3414,3857,tokyo_sub_4@66,66.0,35.84376,139.46021
3415,3858,tokyo_sub_5,66.0,35.33295,139.56902
3416,3859,tokyo_sub_6,66.0,35.43744,139.3612
3417,3860,tokyo_sub_7@154,154.0,35.49553,139.63044
3418,3861,tokyo_sub_7@66,66.0,35.49553,139.63044
3419,3862,tokyo_sub_8,66.0,35.67643,139.49365
3420,3863,tokyo_sub_9,154.0,35.6919,139.41079
3421,3864,tokyo_sub_10,66.0,35.53498,139.50325
3422,3865,tokyo_sub_11,66.0,35.22415,139.62326
3423,3866,tokyo_sub_12,66.0,35.22547,139.62119
3424,3867,tokyo_sub_13,66.0,35.226,139.62112
3425,3868,tokyo_sub_14,66.0,35.22678,139.62189
3426,3869,tokyo_sub_15,66.0,35.67227,139.29537
3427,3870,tokyo_sub_16,66.0,35.54085,139.447
3428,3873,tokyo_sub_19@275,275.0,35.7948,139.31683
3429,3874,tokyo_sub_19@66,66.0,35.7948,139.31683
3430,3875,tokyo_sub_20@275,275.0,35.53448,139.36807
3431,3876,tokyo_sub_20@66,66.0,35.53448,139.36807
3432,3877,tokyo_sub_21@154,154.0,35.68042,139.64768
3433,3878,tokyo_sub_21@66,66.0,35.68042,139.64768
3434,3879,tokyo_sub_22,66.0,35.54865,139.43275
3435,3880,tokyo_sub_23,154.0,35.54957,139.45087
3436,3881,tokyo_sub_24@154,154.0,35.63757,139.59864
3437,3882,tokyo_sub_24@66,66.0,35.63757,139.59864
3438,3883,tokyo_sub_25,66.0,35.44222,139.39039
3439,3884,tokyo_sub_26,154.0,35.60181,139.51171
3440,3885,tokyo_sub_27@154,154.0,35.67534,139.61381
3441,3886,tokyo_sub_27@66,66.0,35.67534,139.61381
3442,3887,tokyo_sub_28@154,154.0,35.67402,139.58872
3443,3888,tokyo_sub_28@66,66.0,35.67402,139.58872
3444,3889,tokyo_sub_29,66.0,35.69055,139.6027
3445,3890,tokyo_sub_30,66.0,35.69014,139.59557
3446,3891,tokyo_sub_31@154,154.0,35.68928,139.58845
3447,3892,tokyo_sub_31@66,66.0,35.68928,139.58845
3448,3893,tokyo_sub_32@154,154.0,35.42899,139.34558
3449,3894,tokyo_sub_32@66,66.0,35.42899,139.34558
3450,3895,tokyo_sub_33,66.0,35.45572,139.39098
3451,3896,tokyo_sub_34@275,275.0,35.59692,139.50078
3452,3897,tokyo_sub_34@66,66.0,35.59692,139.50078
3453,3898,tokyo_sub_35,66.0,35.61667,139.56277
3454,3899,tokyo_sub_36,66.0,35.50007,139.41019
3455,3900,tokyo_sub_37,66.0,35.50171,139.42103
3456,3901,tokyo_sub_38,66.0,35.50542,139.41949
3457,3902,tokyo_sub_39,154.0,35.70521,139.52948
3458,3903,tokyo_sub_40@154,154.0,35.70308,139.53061
3459,3904,tokyo_sub_40@66,66.0,35.70308,139.53061
3460,3905,tokyo_sub_41,66.0,35.61438,139.53665
3461,3906,tokyo_sub_42,154.0,35.66794,139.6278
3462,3907,tokyo_sub_43,66.0,35.68814,139.62928
3463,3908,tokyo_sub_44,66.0,35.61418,139.58422
3464,3909,tokyo_sub_45,66.0,35.44304,139.37874
3465,3910,tokyo_sub_46@275,275.0,35.61158,139.46978
3466,3911,tokyo_sub_46@154,154.0,35.61158,139.46978
3467,3912,tokyo_sub_47@275,275.0,35.60543,139.45697
3468,3913,tokyo_sub_47@154,154.0,35.60543,139.45697
3469,3914,tokyo_sub_48@154,154.0,35.60956,139.60216
3470,3915,tokyo_sub_48@66,66.0,35.60956,139.60216
3471,3916,tokyo_sub_49@154,154.0,35.39972,139.52659
3472,3917,tokyo_sub_49@66,66.0,35.39972,139.52659
3473,3918,tokyo_sub_50@275,275.0,35.58918,139.45614
3474,3919,tokyo_sub_50@66,66.0,35.58918,139.45614
3475,3920,tokyo_sub_51,66.0,35.51658,139.40642
3476,3921,tokyo_sub_52@154,154.0,35.67151,139.55661
3477,3922,tokyo_sub_52@66,66.0,35.67151,139.55661
3478,3923,tokyo_sub_53,66.0,35.50742,139.41856
3479,3924,tokyo_sub_54,66.0,35.68943,139.5229
3480,3925,tokyo_sub_55,66.0,35.47018,139.42719
3481,3926,tokyo_sub_56,66.0,35.46096,139.39824
3482,3927,tokyo_sub_57,66.0,35.60891,139.54821
3483,3928,tokyo_sub_58,66.0,35.6902,139.60781
3484,3929,tokyo_sub_59,66.0,35.69098,139.55007
3485,3930,tokyo_sub_60,66.0,35.68974,139.56002
3486,3931,tokyo_sub_61,66.0,35.6566,139.63489
3487,3932,tokyo_sub_62,66.0,35.67022,138.74283
3488,3933,tokyo_sub_63,66.0,35.6149,138.94218
3489,3934,tokyo_sub_64,66.0,35.49621,138.76569
3490,3935,tokyo_sub_65,154.0,35.65521,139.56986
3491,3936,tokyo_sub_66,66.0,35.67804,139.47557
3492,3937,tokyo_sub_67,154.0,35.69173,139.39624
3493,3938,tokyo_sub_68,66.0,35.61442,139.53249
3494,3939,tokyo_sub_69,66.0,35.5384,139.41232
3495,3940,tokyo_sub_70@275,275.0,35.89114,139.4663
3496,3941,tokyo_sub_70@154,154.0,35.89114,139.4663
3497,3942,tokyo_sub_71,66.0,35.46187,139.39084
3498,3943,tokyo_sub_72,154.0,35.70897,139.38395
3499,3944,tokyo_sub_73@154,154.0,35.58063,139.62572
3500,3945,tokyo_sub_73@66,66.0,35.58063,139.62572
3501,3946,tokyo_sub_74@154,154.0,35.59643,139.63337
3502,3947,tokyo_sub_74@66,66.0,35.59643,139.63337
3503,3948,tokyo_sub_75@154,154.0,35.71004,139.58729
3504,3949,tokyo_sub_75@66,66.0,35.71004,139.58729
3505,3950,tokyo_sub_76,66.0,35.53578,139.45687
3506,3951,tokyo_sub_77@275,275.0,35.53609,139.48263
3507,3952,tokyo_sub_77@154,154.0,35.53609,139.48263
3508,3953,tokyo_sub_78@154,154.0,35.72347,139.5822
3509,3954,tokyo_sub_78@66,66.0,35.72347,139.5822
3510,3955,tokyo_sub_79@154,154.0,35.72638,139.58115
3511,3956,tokyo_sub_79@66,66.0,35.72638,139.58115
3512,3957,tokyo_sub_80@275,275.0,35.55527,139.54881
3513,3958,tokyo_sub_80@66,66.0,35.55527,139.54881
3514,3959,tokyo_sub_81@154,154.0,35.57766,139.56648
3515,3960,tokyo_sub_81@66,66.0,35.57766,139.56648
3516,3961,tokyo_sub_82@154,154.0,35.7523,139.57169
3517,3962,tokyo_sub_82@66,66.0,35.7523,139.57169
3518,3963,tokyo_sub_83@154,154.0,35.76018,139.56386
3519,3964,tokyo_sub_83@66,66.0,35.76018,139.56386
3520,3965,tokyo_sub_84@154,154.0,35.74737,139.5748
3521,3966,tokyo_sub_84@66,66.0,35.74737,139.5748
3522,3967,tokyo_sub_85@154,154.0,35.73713,139.57813
3523,3968,tokyo_sub_85@66,66.0,35.73713,139.57813
3524,3969,tokyo_sub_86,154.0,35.57414,139.37473
3525,3970,tokyo_sub_87@154,154.0,35.59168,139.34261
3526,3971,tokyo_sub_87@66,66.0,35.59168,139.34261
3527,3972,tokyo_sub_88,66.0,35.68714,139.45492
3528,3973,tokyo_sub_89@66,66.0,35.65263,139.50193
3529,3974,tokyo_sub_89@u,275.0,35.65263,139.50193
3530,3975,tokyo_sub_90@275,275.0,35.64662,139.49822
3531,3976,tokyo_sub_90@u,66.0,35.64662,139.49822
3532,3977,tokyo_sub_91,154.0,35.52427,139.63048
3533,3978,tokyo_sub_92@154,154.0,35.5364,139.6471
3534,3979,tokyo_sub_92@66,66.0,35.5364,139.6471
3535,3980,tokyo_sub_93,66.0,35.42181,139.39335
3536,3981,tokyo_sub_94,66.0,35.66381,139.50599
3537,3982,tokyo_sub_95,66.0,35.6788,139.51768
3538,3983,tokyo_sub_96,66.0,35.50336,139.44848
3539,3984,tokyo_sub_97@154,154.0,35.59569,139.3581
3540,3985,tokyo_sub_97@66,66.0,35.59569,139.3581
3541,3986,tokyo_sub_98@154,154.0,35.59496,139.35663
3542,3987,tokyo_sub_98@66,66.0,35.59496,139.35663
3543,3988,tokyo_sub_99@154,154.0,35.59191,139.34958
3544,3989,tokyo_sub_99@66,66.0,35.59191,139.34958
3545,3990,tokyo_sub_100,66.0,35.68301,139.49492
3546,3991,tokyo_sub_101@275,275.0,35.53606,139.57286
3547,3992,tokyo_sub_101@154,154.0,35.53606,139.57286
3548,3993,tokyo_sub_101@66,66.0,35.53606,139.57286
3549,3994,tokyo_sub_102,275.0,35.53621,139.57837
3550,3995,tokyo_sub_103@275,275.0,35.53565,139.6028
3551,3996,tokyo_sub_103@154,154.0,35.53565,139.6028
3552,3997,tokyo_sub_104@275,275.0,35.62867,139.49011
3553,3998,tokyo_sub_104@154,154.0,35.62867,139.49011
3554,3999,tokyo_sub_104@66,66.0,35.62867,139.49011
3555,4000,tokyo_sub_105@154,154.0,35.63125,139.47961
3556,4001,tokyo_sub_105@66,66.0,35.63125,139.47961
3557,4002,tokyo_sub_106,66.0,35.58582,139.49348
3558,4003,tokyo_sub_107@154,154.0,35.5996,139.60386
3559,4004,tokyo_sub_107@66,66.0,35.5996,139.60386
3560,4005,tokyo_sub_108@154,154.0,35.52875,139.65133
3561,4006,tokyo_sub_108@66,66.0,35.52875,139.65133
3562,4007,tokyo_sub_109@275,275.0,35.43124,139.50031
3563,4008,tokyo_sub_109@154,154.0,35.43124,139.50031
3564,4009,tokyo_sub_110,66.0,35.22839,138.59273
3565,4010,tokyo_sub_111@154,154.0,35.6292,138.54784
3566,4011,tokyo_sub_111@66,66.0,35.6292,138.54784
3567,4012,tokyo_sub_112@154,154.0,35.72737,139.3804
3568,4013,tokyo_sub_112@66,66.0,35.72737,139.3804
3569,4014,tokyo_sub_113,154.0,35.81929,139.40264
3570,4015,tokyo_sub_114@154,154.0,35.55616,139.44041
3571,4016,tokyo_sub_114@66,66.0,35.55616,139.44041
3572,4017,tokyo_sub_115,66.0,35.75755,139.65004
3573,4018,tokyo_sub_116@500,500.0,35.8519,139.23963
3574,4019,tokyo_sub_116@275,275.0,35.8519,139.23963
3575,4020,tokyo_sub_117@275,275.0,35.82154,139.36955
3576,4021,tokyo_sub_117@154,154.0,35.82154,139.36955
3577,4022,tokyo_sub_117@66,66.0,35.82154,139.36955
3578,4023,tokyo_sub_118,154.0,35.56882,139.58396
3579,4024,tokyo_sub_119,154.0,35.53542,139.6457
3580,4025,tokyo_sub_120,66.0,35.68939,139.43436
3581,4026,tokyo_sub_121,154.0,35.51601,139.58
3582,4027,tokyo_sub_122,154.0,35.5314,139.60961
3583,4028,tokyo_sub_123,275.0,35.42084,139.55079
3584,4029,tokyo_sub_124,154.0,35.77559,139.55984
3585,4030,tokyo_sub_125@275,275.0,35.79554,139.54987
3586,4031,tokyo_sub_125@154,154.0,35.79554,139.54987
3587,4032,tokyo_sub_126,66.0,35.80305,139.55194
3588,4033,tokyo_sub_127,66.0,35.72971,139.47384
3589,4034,tokyo_sub_128,66.0,35.73273,139.46221
3590,4035,tokyo_sub_129,66.0,35.70726,139.42996
3591,4036,tokyo_sub_130,66.0,35.67577,139.4048
3592,4037,tokyo_sub_131,66.0,35.6628,139.41637
3593,4038,tokyo_sub_132@154,154.0,35.65294,139.44344
3594,4039,tokyo_sub_132@66,66.0,35.65294,139.44344
3595,4040,tokyo_sub_133@154,154.0,35.51552,139.64795
3596,4041,tokyo_sub_133@66,66.0,35.51552,139.64795
3597,4042,tokyo_sub_134@154,154.0,35.51558,139.62888
3598,4043,tokyo_sub_134@66,66.0,35.51558,139.62888
3599,4044,tokyo_sub_135@154,154.0,35.4907,139.63677
3600,4045,tokyo_sub_135@66,66.0,35.4907,139.63677
3601,4046,tokyo_sub_136@500,500.0,35.7151,139.22348
3602,4047,tokyo_sub_136@275,275.0,35.7151,139.22348
3603,4048,tokyo_sub_137@275,275.0,35.676,139.35792
3604,4049,tokyo_sub_137@66,66.0,35.676,139.35792
3605,4050,tokyo_sub_138,66.0,35.73467,139.30054
3606,4051,tokyo_sub_139,66.0,35.79066,139.27853
3607,4052,tokyo_sub_140,66.0,35.65713,139.48305
3608,4053,tokyo_sub_141@275,275.0,35.40389,139.35744
3609,4054,tokyo_sub_141@66,66.0,35.40389,139.35744
3610,4055,tokyo_sub_142,66.0,35.55913,139.50192
3611,4056,tokyo_sub_143,66.0,35.54959,139.53975
3612,4057,tokyo_sub_144,66.0,35.54848,139.53938
3613,4058,tokyo_sub_145,154.0,35.46387,139.5225
3614,4059,tokyo_sub_146@500,500.0,35.40029,139.22536
3615,4060,tokyo_sub_146@275,275.0,35.40029,139.22536
3616,4061,tokyo_sub_146@154,154.0,35.40029,139.22536
3617,4062,tokyo_sub_147,66.0,35.77775,139.30421
3618,4063,tokyo_sub_148@500,500.0,35.59035,138.80008
3619,4064,tokyo_sub_148@154,154.0,35.59035,138.80008
3620,4065,tokyo_sub_149@500,500.0,35.37275,138.96282
3621,4066,tokyo_sub_149@275,275.0,35.37275,138.96282
3622,4067,tokyo_sub_149@154,154.0,35.37275,138.96282
3623,4068,tokyo_sub_149@66,66.0,35.37275,138.96282
3624,4069,tokyo_sub_150,154.0,35.63797,139.57831
3625,4070,tokyo_sub_151,66.0,35.33202,139.37571
3626,4071,tokyo_sub_152@275,275.0,35.73485,139.44103
3627,4072,tokyo_sub_152@66,66.0,35.73485,139.44103
3628,4073,tokyo_sub_153@154,154.0,35.17546,138.69219
3629,4074,tokyo_sub_153@66,66.0,35.17546,138.69219
3630,4075,tokyo_sub_154@275,275.0,35.50069,139.5054
3631,4076,tokyo_sub_154@66,66.0,35.50069,139.5054
3632,4077,tokyo_sub_155@154,154.0,35.56767,139.63713
3633,4078,tokyo_sub_155@66,66.0,35.56767,139.63713
3634,4079,tokyo_sub_156@275,275.0,35.83901,139.44514
3635,4080,tokyo_sub_156@154,154.0,35.83901,139.44514
3636,4081,tokyo_sub_156@66,66.0,35.83901,139.44514
3637,4082,tokyo_sub_157@275,275.0,35.84148,139.48117
3638,4083,tokyo_sub_157@154,154.0,35.84148,139.48117
3639,4084,tokyo_sub_158,154.0,35.85822,139.49832
3640,4085,tokyo_sub_159@275,275.0,35.41755,139.40988
3641,4086,tokyo_sub_159@66,66.0,35.41755,139.40988
3642,4087,tokyo_sub_160@275,275.0,35.42521,139.43255
3643,4088,tokyo_sub_160@66,66.0,35.42521,139.43255
3644,4089,tokyo_sub_161@154,154.0,35.36664,139.45543
3645,4090,tokyo_sub_161@66,66.0,35.36664,139.45543
3646,4091,tokyo_sub_162@154,154.0,35.36389,139.43788
3647,4092,tokyo_sub_162@66,66.0,35.36389,139.43788
3648,4093,tokyo_sub_163@154,154.0,35.3595,139.34401
3649,4094,tokyo_sub_163@66,66.0,35.3595,139.34401
3650,4095,tokyo_sub_164@66,66.0,35.35179,139.39537
3651,4096,tokyo_sub_165@275,275.0,35.86746,139.42786
3652,4097,tokyo_sub_165@154,154.0,35.86746,139.42786
3653,4098,tokyo_sub_165@66,66.0,35.86746,139.42786
3654,4099,tokyo_sub_166,66.0,35.83343,139.40208
3655,4100,tokyo_sub_167,66.0,35.33187,139.57211
3656,4101,tokyo_sub_168,66.0,35.49728,139.46535
3657,4102,tokyo_sub_169@275,275.0,35.05744,138.502
3658,4103,tokyo_sub_169@154,154.0,35.05744,138.502
3659,4104,tokyo_sub_170,66.0,35.77721,139.30075
3660,4105,tokyo_sub_171,66.0,35.30491,139.26814
3661,4106,tokyo_sub_172,66.0,35.63947,139.23216
3662,4108,tokyo_sub_174,66.0,35.38114,139.48331
3663,4109,tokyo_sub_175,66.0,35.6524,139.64318
3664,4110,tokyo_sub_176,154.0,35.38486,139.36015
3665,4111,tokyo_sub_177,66.0,35.46449,139.46845
3666,4112,tokyo_sub_178,66.0,35.4356,139.4672
3667,4114,tokyo_sub_180@275,275.0,35.7182,139.23356
3668,4115,tokyo_sub_180@66,66.0,35.7182,139.23356
3669,4116,tokyo_sub_181@154,154.0,35.50432,139.60747
3670,4117,tokyo_sub_181@66,66.0,35.50432,139.60747
3671,4118,tokyo_sub_182@154,154.0,35.4942,139.63428
3672,4119,tokyo_sub_182@66,66.0,35.4942,139.63428
3673,4120,tokyo_sub_183,66.0,35.34824,139.52482
3674,4121,tokyo_sub_185,66.0,35.20411,139.13938
3675,4122,tokyo_sub_186,66.0,35.74449,139.63969
3676,4123,tokyo_sub_187,66.0,35.8133,139.4489
3677,4124,tokyo_sub_188,66.0,35.1482,139.10705
3678,4125,tokyo_sub_189,66.0,35.71342,139.44309
3679,4126,tokyo_sub_190@154,154.0,35.2875,138.90292
3680,4127,tokyo_sub_190@66,66.0,35.2875,138.90292
3681,4128,tokyo_sub_191@154,154.0,35.13824,138.88056
3682,4129,tokyo_sub_191@66,66.0,35.13824,138.88056
3683,4130,tokyo_sub_192,66.0,35.73164,139.41389
3684,4131,tokyo_sub_193,66.0,35.75738,139.53656
3685,4132,tokyo_sub_194,66.0,35.76597,139.58447
3686,4133,tokyo_sub_195,66.0,35.78221,139.6261
3687,4134,tokyo_sub_196,66.0,35.57086,139.40477
3688,4135,tokyo_sub_197,66.0,35.84748,139.33081
3689,4137,tokyo_sub_199@154,154.0,35.89041,139.48131
3690,4138,tokyo_sub_199@66,66.0,35.89041,139.48131
3691,4139,tokyo_sub_200,66.0,35.89997,139.64079
3692,4140,tokyo_sub_201,66.0,35.58517,139.42122
3693,4141,tokyo_sub_202@154,154.0,35.37547,139.62201
3694,4142,tokyo_sub_202@66,66.0,35.37547,139.62201
3695,4143,tokyo_sub_203,66.0,35.37425,139.62396
3696,4144,tokyo_sub_204@275,275.0,35.64048,139.41044
3697,4145,tokyo_sub_204@66,66.0,35.64048,139.41044
3698,4146,tokyo_sub_205,66.0,35.6696,139.37077
3699,4147,tokyo_sub_206,66.0,35.32523,139.52461
3700,4148,tokyo_sub_207,66.0,35.44342,139.42794
3701,4149,tokyo_sub_208,66.0,35.10709,139.07775
3702,4150,tokyo_sub_209,66.0,35.30568,139.56924
3703,4151,tokyo_sub_210@154,154.0,35.0097,138.97341
3704,4152,tokyo_sub_210@66,66.0,35.0097,138.97341
3705,4153,tokyo_sub_211,66.0,35.60128,138.88769
3706,4154,tokyo_sub_212,66.0,35.11643,138.97501
3707,4155,tokyo_sub_213,66.0,35.33418,139.36113
3708,4156,tokyo_sub_214@154,154.0,35.6363,138.57415
3709,4157,tokyo_sub_214@66,66.0,35.6363,138.57415
3710,4158,tokyo_sub_215,154.0,35.43964,138.91859
3711,4159,tokyo_sub_216,154.0,35.22677,138.95501
3712,4160,tokyo_sub_217,66.0,35.77253,139.3145
3713,4161,tokyo_sub_218,66.0,35.71648,138.44867
3714,4162,tokyo_sub_219@154,154.0,35.29235,139.1177
3715,4163,tokyo_sub_219@66,66.0,35.29235,139.1177
3716,4164,tokyo_sub_220,66.0,35.29135,139.62586
3717,4165,tokyo_sub_221,66.0,35.11488,138.92698
3718,4166,tokyo_sub_222,66.0,35.10987,138.88217
3719,4167,tokyo_sub_223@154,154.0,35.64307,138.49674
3720,4168,tokyo_sub_223@66,66.0,35.64307,138.49674
3721,4169,tokyo_sub_224,66.0,35.66113,138.63759
3722,4170,tokyo_sub_225,66.0,35.88791,139.34229
3723,4171,tokyo_sub_226,154.0,35.82345,139.37607
3724,4172,tokyo_sub_227,66.0,35.81392,139.15627
3725,4173,tokyo_sub_228,66.0,35.7518,139.33105
3726,4174,tokyo_sub_229,66.0,35.72127,139.35265
3727,4175,tokyo_sub_230,66.0,35.7191,139.35025
3728,4176,tokyo_sub_231,66.0,35.19443,139.62489
3729,4177,tokyo_sub_232@275,275.0,35.88198,139.39037
3730,4178,tokyo_sub_232@66,66.0,35.88198,139.39037
3731,4179,tokyo_sub_233,66.0,35.43695,139.61085
3732,4180,tokyo_sub_234,66.0,35.41758,139.59258
3733,4181,tokyo_sub_235,66.0,35.34053,139.61297
3734,4182,tokyo_sub_236@275,275.0,35.63389,139.43693
3735,4183,tokyo_sub_236@66,66.0,35.63389,139.43693
3736,4184,tokyo_sub_237,154.0,35.84386,139.52251
3737,4186,tokyo_sub_239,66.0,35.67524,139.39203
3738,4187,tokyo_sub_240,66.0,35.43958,139.57569
3739,4188,tokyo_sub_241,66.0,35.83318,139.46376
3740,4189,tokyo_sub_242,66.0,35.37475,139.37712
3741,4190,tokyo_sub_243,500.0,35.53558,138.86952
3742,4191,tokyo_sub_244,66.0,35.33197,139.33766
3743,4192,tokyo_sub_245,66.0,35.66365,139.37544
3744,4193,tokyo_sub_246,66.0,35.15708,139.6355
3745,4194,tokyo_sub_247,66.0,35.34903,139.46131
3746,4195,tokyo_sub_248,66.0,35.46569,139.55756
3747,4196,tokyo_sub_249,66.0,35.42799,139.55922
3748,4198,tokyo_sub_251,66.0,35.30635,138.92138
3749,4199,tokyo_sub_252,275.0,35.46763,139.49704
3750,4200,tokyo_sub_253,66.0,35.29554,139.59084
3751,4201,tokyo_sub_254,66.0,35.7848,139.46217
3752,4202,tokyo_sub_255,66.0,35.45196,139.61009
3753,4203,tokyo_sub_256,66.0,35.26554,139.16503
3754,4204,tokyo_sub_257,66.0,35.22758,139.62317
3755,4205,tokyo_sub_258@275,275.0,35.31068,139.60675
3756,4206,tokyo_sub_258@66,66.0,35.31068,139.60675
3757,4207,tokyo_sub_259,66.0,35.26459,139.63512
3758,4208,tokyo_sub_260,66.0,35.2837,139.64097
3759,4209,tokyo_sub_261,66.0,35.29638,139.62664
3760,4210,tokyo_sub_262,66.0,35.29639,139.6212
3761,4211,tokyo_sub_263,66.0,35.32583,139.6071
3762,4212,tokyo_sub_264,66.0,35.33106,139.61949
3763,4214,tokyo_sub_266@275,275.0,35.37274,139.57056
3764,4215,tokyo_sub_266@154,154.0,35.37274,139.57056
3765,4216,tokyo_sub_266@66,66.0,35.37274,139.57056
3766,4217,tokyo_sub_267,275.0,35.36481,139.56665
3767,4218,tokyo_sub_268,154.0,35.48519,139.55209
3768,4219,tokyo_sub_269,500.0,35.70793,138.90717
3769,4220,tokyo_sub_270,66.0,35.59338,138.93081
3770,4221,tokyo_sub_271,66.0,35.598,138.93155
3771,4222,tokyo_sub_272@154,154.0,35.55958,138.91335
3772,4223,tokyo_sub_272@66,66.0,35.55958,138.91335
3773,4224,tokyo_sub_273,154.0,35.58005,138.92824
3774,4225,tokyo_sub_274,66.0,35.53006,138.86912
3775,4226,tokyo_sub_275,66.0,35.509,139.59838
3776,4227,tokyo_sub_276,66.0,35.73727,139.42037
3777,4228,tokyo_sub_277,66.0,35.25539,139.15331
3778,4229,tokyo_sub_278,66.0,35.14033,139.09198
3779,4230,tokyo_sub_279,66.0,35.09938,139.06283
3780,4232,tokyo_sub_281,66.0,35.10827,138.84235
3781,4233,tokyo_sub_282,66.0,34.90656,138.79407
3782,4234,tokyo_sub_283,66.0,34.90615,138.92716
3783,4235,tokyo_sub_284,66.0,34.82798,138.77478
3784,4236,tokyo_sub_285,66.0,35.00663,138.95093
3785,4237,tokyo_sub_286,66.0,34.86837,139.09214
3786,4238,tokyo_sub_287,66.0,34.82704,139.05587
3787,4239,tokyo_sub_288,66.0,34.96077,138.99112
3788,4240,tokyo_sub_289,66.0,35.11588,139.08833
3789,4241,tokyo_sub_290,66.0,34.96283,139.09771
3790,4242,tokyo_sub_291,66.0,34.94669,139.08035
3791,4243,tokyo_sub_292,66.0,35.10316,138.90361
3792,4244,tokyo_sub_293,66.0,35.21614,139.06937
3793,4245,tokyo_sub_294,66.0,35.01493,139.07627
3794,4246,tokyo_sub_295,66.0,35.23232,139.11397
3795,4247,tokyo_sub_296,66.0,35.48809,139.59617
3796,4248,tokyo_sub_297@154,154.0,35.50056,139.60858
3797,4249,tokyo_sub_297@66,66.0,35.50056,139.60858
3798,4250,tokyo_sub_298,66.0,35.65762,138.60277
3799,4251,tokyo_sub_299,154.0,35.53957,139.51518
3800,4252,tokyo_sub_301,66.0,35.87602,139.63813
3801,4253,tokyo_sub_302,66.0,35.89228,139.61609
3802,4254,tokyo_sub_303,66.0,35.53498,139.5033
3803,4255,tokyo_sub_304,66.0,35.66815,138.55947
3804,4256,tokyo_sub_305@154,154.0,35.60608,138.55988
3805,4257,tokyo_sub_305@66,66.0,35.60608,138.55988
3806,4258,tokyo_sub_306,66.0,35.58632,138.56139
3807,4259,tokyo_sub_307,66.0,35.60892,138.53303
3808,4262,tokyo_sub_310,66.0,35.20531,139.03657
3809,4263,tokyo_sub_311,66.0,35.38182,139.27831
3810,4264,tokyo_sub_312,66.0,35.27564,139.15547
3811,4265,tokyo_sub_313,66.0,35.37424,139.19212
3812,4266,tokyo_sub_314,66.0,35.37027,139.26591
3813,4267,tokyo_sub_315,66.0,35.22585,139.62145
3814,4268,tokyo_sub_316,66.0,35.22664,139.62341
3815,4269,tokyo_sub_317,66.0,35.34683,139.44386
3816,4270,tokyo_sub_318,66.0,35.87971,139.30609
3817,4271,tokyo_sub_319,66.0,35.42663,139.34588
3818,4272,tokyo_sub_320@154,154.0,35.4262,139.34331
3819,4273,tokyo_sub_320@66,66.0,35.4262,139.34331
3820,4274,tokyo_sub_321,66.0,35.18526,138.59222
3821,4282,tokyo_sub_327@66,66.0,35.23928,138.50992
3822,4286,tokyo_sub_329,66.0,35.42876,139.36541
3823,4287,tokyo_sub_330,66.0,35.14961,138.90489
3824,4288,tokyo_sub_331,154.0,35.42657,139.34598
3825,4289,tokyo_sub_332@154,154.0,35.3907,139.31072
3826,4290,tokyo_sub_332@66,66.0,35.3907,139.31072
3827,4291,tokyo_sub_333,66.0,35.33967,139.40296
3828,4292,tokyo_sub_334@77,77.0,35.27445,139.15308
3829,4293,tokyo_sub_334@66,66.0,35.27445,139.15308
3830,4294,tokyo_sub_335,66.0,35.56799,138.49697
3831,4295,tokyo_sub_336,66.0,35.09272,139.06159
3832,4296,tokyo_sub_337,66.0,35.15096,138.66485
3833,4297,tokyo_sub_338,66.0,35.16976,138.67907
3834,4298,tokyo_sub_339,66.0,35.14613,138.7106
3835,4299,tokyo_sub_340@154,154.0,35.14961,138.68274
3836,4300,tokyo_sub_340@66,66.0,35.14961,138.68274
3837,4301,tokyo_sub_341,66.0,35.39631,139.45038
3838,4302,tokyo_sub_342,66.0,35.8763,139.59255
3839,4303,tokyo_sub_343@275,275.0,35.73494,139.6475
3840,4304,tokyo_sub_343@66,66.0,35.73494,139.6475
3841,4305,tokyo_sub_344,66.0,35.63224,139.31973
3842,4306,tokyo_sub_345,275.0,35.56271,139.46308
3843,4307,tokyo_sub_346,66.0,35.75085,138.41497
3844,4308,tokyo_sub_347@66,66.0,35.1467,138.72319
3845,4310,tokyo_sub_349,154.0,35.79204,139.60222
3846,4311,tokyo_sub_350,66.0,35.2534,138.90498
3847,4312,tokyo_sub_351@154,154.0,35.25361,138.90648
3848,4313,tokyo_sub_351@66,66.0,35.25361,138.90648
3849,4314,tokyo_sub_352,66.0,35.48796,139.39768
3850,4315,tokyo_sub_353,66.0,35.37573,139.19809
3851,4316,tokyo_sub_354@154,154.0,35.36508,138.96327
3852,4317,tokyo_sub_354@66,66.0,35.36508,138.96327
3853,4318,tokyo_sub_355,154.0,35.38332,139.1938
3854,4319,tokyo_sub_356,66.0,35.34185,139.15477
3855,4320,tokyo_sub_357,66.0,35.37839,139.19456
3856,4321,tokyo_sub_358,66.0,35.7748,139.31694
3857,4322,tokyo_sub_359,66.0,35.72634,139.34158
3858,4323,tokyo_sub_360,66.0,35.88783,139.62882
3859,4324,tokyo_sub_361,66.0,35.12573,138.85057
3860,4325,tokyo_sub_362,66.0,35.59262,139.23044
3861,4326,tokyo_sub_363,66.0,35.75889,139.63068
3862,4327,tokyo_sub_364,66.0,35.466,139.5417
3863,4328,tokyo_sub_365@154,154.0,35.58734,139.36323
3864,4329,tokyo_sub_365@66,66.0,35.58734,139.36323
3865,4330,tokyo_sub_366,66.0,35.67787,138.57985
3866,4331,tokyo_sub_367,66.0,35.74934,139.62212
3867,4332,tokyo_sub_368@154,154.0,35.71489,139.58519
3868,4333,tokyo_sub_368@66,66.0,35.71489,139.58519
3869,4334,tokyo_sub_369@154,154.0,35.71951,139.58357
3870,4335,tokyo_sub_369@66,66.0,35.71951,139.58357
3871,4337,tokyo_sub_371,66.0,35.74407,139.60121
3872,4338,tokyo_sub_372,66.0,35.46487,139.55766
3873,4339,tokyo_sub_373,66.0,35.65106,139.34748
3874,4340,tokyo_sub_374,154.0,35.88817,139.18053
3875,4341,tokyo_sub_375@275,275.0,35.73279,139.24904
3876,4342,tokyo_sub_375@66,66.0,35.73279,139.24904
3877,4343,tokyo_sub_376@275,275.0,35.73097,139.2507
3878,4344,tokyo_sub_376@66,66.0,35.73097,139.2507
3879,4345,tokyo_sub_377,66.0,35.74227,139.23184
3880,4346,tokyo_sub_378@275,275.0,35.68939,139.32583
3881,4347,tokyo_sub_378@66,66.0,35.68939,139.32583
3882,4348,tokyo_sub_379,66.0,35.69171,139.30199
3883,4349,tokyo_sub_380,66.0,35.66495,139.326
3884,4350,tokyo_sub_381,66.0,35.84514,139.32726
3885,4352,tokyo_sub_383,66.0,35.86587,139.33943
3886,4353,tokyo_sub_384,66.0,35.64747,139.33734
3887,4354,tokyo_sub_385,66.0,35.80009,139.17707
3888,4355,tokyo_sub_386,154.0,35.37518,139.58621
3889,4356,tokyo_sub_387,66.0,35.79573,139.26976
3890,4357,tokyo_sub_388@66,66.0,35.80279,139.11022
3891,4358,tokyo_sub_389,66.0,35.4425,139.46741
3892,4359,tokyo_sub_390,66.0,35.3627,139.5407
3893,4360,tokyo_sub_391@154,154.0,35.72927,139.5801
3894,4361,tokyo_sub_391@66,66.0,35.72927,139.5801
3895,4362,tokyo_sub_392,154.0,35.57394,139.27116
3896,4363,tokyo_sub_393,66.0,35.71953,139.56557
3897,4364,tokyo_sub_394,66.0,35.58996,139.29372
3898,4365,tokyo_sub_395,66.0,35.30922,139.27642
3899,4366,tokyo_sub_396,66.0,35.53038,139.50355
3900,4367,tokyo_sub_397,66.0,35.35766,139.54415
3901,4368,tokyo_sub_398,66.0,35.75802,139.53279
3902,4369,tokyo_sub_399,66.0,35.79612,139.60035
3903,4370,tokyo_sub_400@154,154.0,35.8253,139.59059
3904,4371,tokyo_sub_400@66,66.0,35.8253,139.59059
3905,4372,tokyo_sub_401,66.0,35.64206,139.29071
3906,4373,tokyo_sub_402,66.0,35.52683,139.43509
3907,4374,tokyo_sub_403,154.0,35.74684,139.37585
3908,4376,tokyo_sub_405,66.0,35.6053,139.02609
3909,4377,tokyo_sub_406,66.0,35.70789,138.91205
3910,4378,tokyo_sub_407,66.0,35.61317,138.99958
3911,4379,tokyo_sub_408,66.0,35.61394,138.95922
3912,4380,tokyo_sub_409@77,77.0,35.6191,139.10133
3913,4381,tokyo_sub_409@66,66.0,35.6191,139.10133
3914,4382,tokyo_sub_410,66.0,35.55906,139.55155
3915,4384,tokyo_sub_412,66.0,35.81102,139.45568
3916,4385,tokyo_sub_413,66.0,35.48883,139.32166
3917,4386,tokyo_sub_414,66.0,35.81026,139.45565
3918,4387,tokyo_sub_415@154,154.0,35.82367,139.58553
3919,4388,tokyo_sub_415@66,66.0,35.82367,139.58553
3920,4389,tokyo_sub_416,66.0,35.8864,139.59701
3921,4390,tokyo_sub_417,66.0,35.8799,139.52618
3922,4391,tokyo_sub_418,66.0,35.85119,139.63647
3923,4392,tokyo_sub_419,66.0,35.85111,139.63619
3924,4394,tokyo_sub_421,66.0,35.82894,139.64686
3925,4395,tokyo_sub_422,66.0,35.83351,139.56845
3926,4396,tokyo_sub_423,66.0,35.79758,139.58133
3927,4397,tokyo_sub_424@154,154.0,35.79563,139.60585
3928,4398,tokyo_sub_424@66,66.0,35.79563,139.60585
3929,4399,tokyo_sub_425,154.0,35.84069,139.5895
3930,4400,tokyo_sub_426,66.0,35.6165,139.37487
3931,4401,tokyo_sub_427,66.0,35.78554,139.45963
3932,4402,tokyo_sub_428,66.0,35.49165,139.34105
3933,4403,tokyo_sub_429,66.0,35.43215,139.36752
3934,4404,tokyo_sub_430,66.0,35.39862,139.54503
3935,4405,tokyo_sub_431,66.0,35.45791,139.32676
3936,4406,tokyo_sub_432,66.0,35.45063,139.60837
3937,4407,tokyo_sub_433,66.0,35.48043,139.32116
3938,4408,tokyo_sub_434,66.0,35.47958,139.58879
3939,4409,tokyo_sub_435@275,275.0,35.53443,139.58487
3940,4410,tokyo_sub_435@154,154.0,35.53443,139.58487
3941,4411,tokyo_sub_436,66.0,35.30734,139.63897
3942,4413,tokyo_sub_438,66.0,35.51688,139.34282
3943,4414,tokyo_sub_439,66.0,35.13623,138.66463
3944,4415,tokyo_sub_440@154,154.0,35.29242,139.12049
3945,4416,tokyo_sub_440@66,66.0,35.29242,139.12049
3946,4417,tokyo_sub_441,66.0,35.17885,138.91661
3947,4418,tokyo_sub_442@154,154.0,35.13827,138.89794
3948,4419,tokyo_sub_442@66,66.0,35.13827,138.89794
3949,4420,tokyo_sub_443,66.0,35.25139,138.86355
3950,4421,tokyo_sub_444,66.0,35.35093,139.48031
3951,4422,tokyo_sub_445@154,154.0,35.60032,139.50158
3952,4423,tokyo_sub_445@66,66.0,35.60032,139.50158
3953,4424,tokyo_sub_446,154.0,35.88044,139.43575
3954,4425,tokyo_sub_447,66.0,35.29372,139.16652
3955,4426,tokyo_sub_448@154,154.0,35.58238,139.29056
3956,4427,tokyo_sub_448@66,66.0,35.58238,139.29056
3957,4428,tokyo_sub_449,66.0,35.63183,139.12251
3958,4429,tokyo_sub_450,66.0,35.61952,139.1134
3959,4430,tokyo_sub_451,66.0,35.60268,138.82472
3960,4431,tokyo_sub_452,154.0,35.8422,139.57473
3961,4432,tokyo_sub_453,154.0,35.77859,139.49569
3962,4433,tokyo_sub_454,66.0,35.48084,139.57365
3963,4434,tokyo_sub_455,66.0,35.3507,139.37851
3964,4435,tokyo_sub_456,66.0,35.56794,139.56147
3965,4436,tokyo_sub_457,66.0,35.78313,139.60638
3966,4437,tokyo_sub_458,66.0,35.65935,139.42186
3967,4438,tokyo_sub_459,66.0,35.83293,139.55922
3968,4439,tokyo_sub_460,66.0,35.85818,139.52548
3969,4442,tokyo_sub_464,66.0,35.69788,139.4257
3970,4443,tokyo_sub_465,66.0,35.06202,138.94834
3971,4446,tokyo_sub_468,66.0,35.81211,139.4566
3972,4447,tokyo_sub_469,66.0,35.81242,139.45487
3973,4448,tokyo_sub_470@275,275.0,35.54498,139.38667
3974,4449,tokyo_sub_470@66,66.0,35.54498,139.38667
3975,4450,tokyo_sub_471,66.0,35.28945,139.19433
3976,4452,tokyo_sub_473,66.0,35.26165,138.49759
3977,4453,tokyo_sub_474,66.0,35.23677,138.51039
3978,4454,tokyo_sub_475,66.0,35.65084,139.35041
3979,4455,tokyo_sub_476,66.0,35.6588,139.34284
3980,4456,tokyo_sub_477,66.0,35.65236,139.34535
3981,4457,tokyo_sub_478,66.0,35.63032,139.31272
3982,4458,tokyo_sub_479,66.0,35.64286,139.36491
3983,4459,tokyo_sub_480@275,275.0,35.62757,139.42418
3984,4460,tokyo_sub_480@66,66.0,35.62757,139.42418
3985,4461,tokyo_sub_481,154.0,35.76267,139.48442
3986,4462,tokyo_sub_482,66.0,35.70388,139.46725
3987,4463,tokyo_sub_483,66.0,35.65891,139.49725
3988,4464,tokyo_sub_484,66.0,35.57719,139.64688
3989,4465,tokyo_sub_485,66.0,35.62017,139.39721
3990,4466,tokyo_sub_486@154,154.0,35.7991,139.49942
3991,4467,tokyo_sub_486@66,66.0,35.7991,139.49942
3992,4468,tokyo_sub_487,154.0,35.75071,139.50467
3993,4469,tokyo_sub_488@154,154.0,35.58998,139.30739
3994,4470,tokyo_sub_488@66,66.0,35.58998,139.30739
3995,4471,tokyo_sub_489,66.0,35.5832,139.3789
3996,4472,tokyo_sub_490,66.0,35.57619,139.3519
3997,4473,tokyo_sub_491,66.0,35.57565,139.34591
3998,4474,tokyo_sub_492,66.0,35.57797,139.34803
3999,4475,tokyo_sub_493@154,154.0,35.58578,139.35954
4000,4476,tokyo_sub_493@66,66.0,35.58578,139.35954
4001,4477,tokyo_sub_494,66.0,35.55852,139.34137
4002,4478,tokyo_sub_495,66.0,35.56049,139.34029
4003,4479,tokyo_sub_496,66.0,35.53283,139.43136
4004,4480,tokyo_sub_497@275,275.0,35.53493,139.36781
4005,4481,tokyo_sub_497@66,66.0,35.53493,139.36781
4006,4482,tokyo_sub_498,66.0,35.14706,138.67353
4007,4483,tokyo_sub_499,66.0,35.15469,138.74203
4008,4484,tokyo_sub_500@154,154.0,35.42503,139.34233
4009,4485,tokyo_sub_500@66,66.0,35.42503,139.34233
4010,4486,tokyo_sub_501,66.0,35.83142,139.56108
4011,4487,tokyo_sub_504,66.0,35.12587,138.84965
4012,4488,tokyo_sub_505,66.0,35.12655,138.84952
4013,4489,tokyo_sub_506,66.0,35.76576,139.34776
4014,4490,tokyo_sub_507@154,154.0,35.82951,139.52321
4015,4491,tokyo_sub_507@66,66.0,35.82951,139.52321
4016,4492,tokyo_sub_508,66.0,35.47397,138.79797
4017,4493,tokyo_sub_509,66.0,35.17696,139.63178
4018,4494,tokyo_sub_510,66.0,35.81691,139.5216
4019,4495,tokyo_sub_511,66.0,35.31419,139.63697
4020,4496,tokyo_sub_512,66.0,35.31985,139.59713
4021,4497,tokyo_sub_513,66.0,35.32477,139.49029
4022,4498,tokyo_sub_514,66.0,35.32805,139.49275
4023,4499,tokyo_sub_515,66.0,35.46198,139.46846
4024,4500,tokyo_sub_516,66.0,35.47077,139.46687
4025,4501,tokyo_sub_517,66.0,35.47712,139.46466
4026,4502,tokyo_sub_518,66.0,35.50135,139.42738
4027,4503,tokyo_sub_519@275,275.0,35.55356,139.40633
4028,4504,tokyo_sub_519@66,66.0,35.55356,139.40633
4029,4505,tokyo_sub_520,66.0,35.59485,139.3287
4030,4506,tokyo_sub_521,66.0,35.59419,139.33219
4031,4507,tokyo_sub_522,154.0,35.84985,139.46793
4032,4508,tokyo_sub_523,66.0,35.34376,139.13848
4033,4509,tokyo_sub_524,66.0,35.38044,139.21761
4034,4510,tokyo_sub_525,66.0,35.39174,139.29178
4035,4511,tokyo_sub_526,66.0,35.38235,139.28387
4036,4512,tokyo_sub_527@275,275.0,35.40733,139.33015
4037,4513,tokyo_sub_527@154,154.0,35.40733,139.33015
4038,4514,tokyo_sub_527@66,66.0,35.40733,139.33015
4039,4515,tokyo_sub_528,66.0,35.5995,139.69053
4040,4516,tokyo_sub_529,66.0,35.87321,140.01051
4041,4517,tokyo_sub_530,66.0,35.66153,139.66154
4042,4518,tokyo_sub_531,275.0,35.69515,139.76205
4043,4519,tokyo_sub_532,66.0,35.22436,139.70871
4044,4525,tokyo_sub_539,154.0,35.83903,139.80512
4045,4526,tokyo_sub_540,66.0,35.86709,139.65195
4046,4527,tokyo_sub_541,66.0,35.60361,139.68268
4047,4528,tokyo_sub_542,500.0,35.64706,139.7904
4048,4529,tokyo_sub_543,66.0,35.79509,139.91881
4049,4530,tokyo_sub_544,66.0,35.64875,139.66424
4050,4531,tokyo_sub_545,275.0,35.71545,139.69578
4051,4532,tokyo_sub_546,66.0,35.71507,139.65757
4052,4533,tokyo_sub_547@154,154.0,35.50951,139.71099
4053,4534,tokyo_sub_547@66,66.0,35.50951,139.71099
4054,4535,tokyo_sub_548@154,154.0,35.52896,139.68671
4055,4536,tokyo_sub_548@66,66.0,35.52896,139.68671
4056,4537,tokyo_sub_549,66.0,35.49781,139.69627
4057,4538,tokyo_sub_550@154,154.0,35.50223,139.7081
4058,4539,tokyo_sub_550@66,66.0,35.50223,139.7081
4059,4540,tokyo_sub_551@154,154.0,35.50005,139.71186
4060,4541,tokyo_sub_551@66,66.0,35.50005,139.71186
4061,4542,tokyo_sub_552@154,154.0,35.51203,139.7151
4062,4543,tokyo_sub_552@66,66.0,35.51203,139.7151
4063,4544,tokyo_sub_553,154.0,35.52045,139.69571
4064,4545,tokyo_sub_554,66.0,35.61147,139.67951
4065,4546,tokyo_sub_555,66.0,35.63052,139.66764
4066,4547,tokyo_sub_556,66.0,35.52115,139.77458
4067,4548,tokyo_sub_557@500,500.0,35.86498,140.45831
4068,4549,tokyo_sub_557@275,275.0,35.86498,140.45831
4069,4550,tokyo_sub_558,66.0,35.71925,139.66301
4070,4551,tokyo_sub_559,66.0,35.59864,139.68746
4071,4552,tokyo_sub_560,275.0,35.69577,139.7718
4072,4554,tokyo_sub_562@154,154.0,35.52738,139.68056
4073,4555,tokyo_sub_562@66,66.0,35.52738,139.68056
4074,4556,tokyo_sub_563@66,66.0,35.86891,139.77324
4075,4557,tokyo_sub_564@154,154.0,35.82284,139.73626
4076,4558,tokyo_sub_564@66,66.0,35.82284,139.73626
4077,4559,tokyo_sub_565,66.0,35.82194,139.74996
4078,4560,tokyo_sub_566@275,275.0,35.77951,139.8187
4079,4561,tokyo_sub_566@154,154.0,35.77951,139.8187
4080,4562,tokyo_sub_566@66,66.0,35.77951,139.8187
4081,4564,tokyo_sub_568,66.0,35.89455,140.40894
4082,4565,tokyo_sub_569@275,275.0,35.86972,139.87106
4083,4566,tokyo_sub_569@154,154.0,35.86972,139.87106
4084,4567,tokyo_sub_570,275.0,35.68677,139.73042
4085,4568,tokyo_sub_571,154.0,35.70718,139.84986
4086,4569,tokyo_sub_572,154.0,35.71181,139.85583
4087,4570,tokyo_sub_573,66.0,35.75579,139.84469
4088,4571,tokyo_sub_574@154,154.0,35.68767,139.8693
4089,4572,tokyo_sub_574@66,66.0,35.68767,139.8693
4090,4575,tokyo_sub_577,66.0,35.66932,139.82538
4091,4576,tokyo_sub_578,66.0,35.729,140.81918
4092,4577,tokyo_sub_579@275,275.0,35.71198,140.26555
4093,4578,tokyo_sub_579@66,66.0,35.71198,140.26555
4094,4579,tokyo_sub_580@500,500.0,35.49944,140.16515
4095,4580,tokyo_sub_580@275,275.0,35.49944,140.16515
4096,4581,tokyo_sub_580@154,154.0,35.49944,140.16515
4097,4582,tokyo_sub_580@66,66.0,35.49944,140.16515
4098,4583,tokyo_sub_581,66.0,35.70562,140.55411
4099,4584,tokyo_sub_582,66.0,35.72307,140.67738
4100,4585,tokyo_sub_583,66.0,35.71452,140.58168
4101,4586,tokyo_sub_584,66.0,35.72765,140.67475
4102,4587,tokyo_sub_585,66.0,35.6086,140.40704
4103,4588,tokyo_sub_586,66.0,35.74328,140.783
4104,4589,tokyo_sub_587,66.0,35.66652,140.31202
4105,4590,tokyo_sub_588,66.0,35.63695,140.46571
4106,4591,tokyo_sub_589,66.0,35.6376,139.90656
4107,4593,tokyo_sub_591@275,275.0,35.89089,139.75144
4108,4594,tokyo_sub_591@66,66.0,35.89089,139.75144
4109,4595,tokyo_sub_592,154.0,35.76159,139.95724
4110,4596,tokyo_sub_593,154.0,35.76458,139.8938
4111,4598,tokyo_sub_595,66.0,35.54544,139.76352
4112,4599,tokyo_sub_596,66.0,35.551,139.67528
4113,4605,tokyo_sub_602,66.0,35.72816,139.90324
4114,4606,tokyo_sub_603,66.0,35.89803,140.53216
4115,4610,tokyo_sub_607,66.0,35.89542,140.48827
4116,4611,tokyo_sub_608,154.0,35.7678,139.93874
4117,4612,tokyo_sub_609@500,500.0,35.78098,140.06954
4118,4613,tokyo_sub_609@275,275.0,35.78098,140.06954
4119,4614,tokyo_sub_609@154,154.0,35.78098,140.06954
4120,4615,tokyo_sub_609@66,66.0,35.78098,140.06954
4121,4616,tokyo_sub_610,66.0,35.81455,139.81633
4122,4617,tokyo_sub_611@66,66.0,35.65639,139.99915
4123,4618,tokyo_sub_613,66.0,35.29833,140.35777
4124,4619,tokyo_sub_614@154,154.0,35.62187,140.15056
4125,4620,tokyo_sub_614@66,66.0,35.62187,140.15056
4126,4621,tokyo_sub_615,66.0,35.46257,140.35821
4127,4622,tokyo_sub_616,66.0,35.25172,140.38794
4128,4623,tokyo_sub_617,66.0,35.55652,140.37501
4129,4624,tokyo_sub_618,66.0,35.29493,140.24703
4130,4625,tokyo_sub_619,66.0,35.38387,140.35937
4131,4626,tokyo_sub_620,66.0,35.42127,140.30245
4132,4627,tokyo_sub_621,66.0,35.29878,140.07288
4133,4628,tokyo_sub_622,66.0,35.68999,139.85547
4134,4629,tokyo_sub_623,66.0,35.64181,139.6999
4135,4630,tokyo_sub_624,154.0,35.71511,139.88327
4136,4631,tokyo_sub_625@275,275.0,35.70695,139.98161
4137,4632,tokyo_sub_625@66,66.0,35.70695,139.98161
4138,4633,tokyo_sub_626@154,154.0,35.5216,140.29453
4139,4634,tokyo_sub_626@66,66.0,35.5216,140.29453
4140,4635,tokyo_sub_627@154,154.0,35.85676,139.93612
4141,4636,tokyo_sub_627@66,66.0,35.85676,139.93612
4142,4637,tokyo_sub_628@154,154.0,35.82785,139.66213
4143,4638,tokyo_sub_628@66,66.0,35.82785,139.66213
4144,4639,tokyo_sub_630@275,275.0,35.6629,139.84068
4145,4640,tokyo_sub_630@154,154.0,35.6629,139.84068
4146,4641,tokyo_sub_630@66,66.0,35.6629,139.84068
4147,4642,tokyo_sub_631,154.0,35.78143,140.00471
4148,4643,tokyo_sub_632,66.0,35.56815,139.6904
4149,4645,tokyo_sub_634,275.0,35.73249,139.79866
4150,4646,tokyo_sub_635,66.0,35.6342,140.06243
4151,4647,tokyo_sub_636,154.0,35.74933,139.76594
4152,4648,tokyo_sub_637,66.0,35.77337,139.74029
4153,4649,tokyo_sub_638,66.0,35.8205,139.72108
4154,4650,tokyo_sub_639@154,154.0,35.85104,139.70946
4155,4651,tokyo_sub_639@66,66.0,35.85104,139.70946
4156,4652,tokyo_sub_640@154,154.0,35.82773,139.83713
4157,4653,tokyo_sub_640@66,66.0,35.82773,139.83713
4158,4654,tokyo_sub_641,154.0,35.77753,139.86891
4159,4655,tokyo_sub_642,66.0,35.80756,139.79668
4160,4656,tokyo_sub_643,154.0,35.80641,139.845
4161,4657,tokyo_sub_644@154,154.0,35.86776,139.80856
4162,4658,tokyo_sub_644@66,66.0,35.86776,139.80856
4163,4659,tokyo_sub_645,154.0,35.80272,139.876
4164,4660,tokyo_sub_646,66.0,35.87488,139.65856
4165,4661,tokyo_sub_647,66.0,35.86039,139.66471
4166,4662,tokyo_sub_648,66.0,35.87329,139.74921
4167,4663,tokyo_sub_649,66.0,35.76988,139.8517
4168,4664,tokyo_sub_650,66.0,35.75488,139.79008
4169,4665,tokyo_sub_651,66.0,35.73495,139.82214
4170,4666,tokyo_sub_652,66.0,35.76928,139.82472
4171,4667,tokyo_sub_653@154,154.0,35.74188,139.87593
4172,4668,tokyo_sub_653@66,66.0,35.74188,139.87593
4173,4669,tokyo_sub_654,66.0,35.74157,139.83503
4174,4670,tokyo_sub_655,275.0,35.69598,139.75964
4175,4671,tokyo_sub_656,66.0,35.80056,140.11997
4176,4672,tokyo_sub_657,66.0,35.52601,139.74849
4177,4673,tokyo_sub_658,66.0,35.6555,140.06784
4178,4674,tokyo_sub_659,66.0,35.66323,140.31293
4179,4675,tokyo_sub_660,66.0,35.84733,140.61117
4180,4676,tokyo_sub_661,66.0,35.82677,140.33242
4181,4677,tokyo_sub_662,154.0,35.53151,139.71313
4182,4678,tokyo_sub_663,66.0,35.8801,140.02147
4183,4679,tokyo_sub_664,66.0,35.8511,139.95882
4184,4680,tokyo_sub_665,66.0,35.8341,140.24584
4185,4681,tokyo_sub_666,66.0,35.77776,140.34326
4186,4682,tokyo_sub_667,275.0,35.70007,139.75293
4187,4683,tokyo_sub_668@275,275.0,35.66916,140.07047
4188,4684,tokyo_sub_668@66,66.0,35.66916,140.07047
4189,4685,tokyo_sub_669,66.0,35.67834,139.90604
4190,4686,tokyo_sub_670@154,154.0,35.79445,139.67301
4191,4687,tokyo_sub_670@66,66.0,35.79445,139.67301
4192,4688,tokyo_sub_671,66.0,35.68832,140.07869
4193,4689,tokyo_sub_672@275,275.0,35.56489,140.128
4194,4690,tokyo_sub_672@66,66.0,35.56489,140.128
4195,4691,tokyo_sub_673@500,500.0,35.46341,139.98153
4196,4692,tokyo_sub_673@66,66.0,35.46341,139.98153
4197,4693,tokyo_sub_674,66.0,35.7092,140.24181
4198,4694,tokyo_sub_675,66.0,35.69135,140.11889
4199,4695,tokyo_sub_676,66.0,35.56964,139.68865
4200,4696,tokyo_sub_677,275.0,35.72827,139.79044
4201,4697,tokyo_sub_678,66.0,35.66588,139.6741
4202,4698,tokyo_sub_679,66.0,35.71263,139.95654
4203,4699,tokyo_sub_680,66.0,35.11099,140.09964
4204,4700,tokyo_sub_681,66.0,35.43607,140.29525
4205,4701,tokyo_sub_682,66.0,35.51044,140.23203
4206,4702,tokyo_sub_683,66.0,35.69384,140.02506
4207,4703,tokyo_sub_684,66.0,35.75311,140.02557
4208,4704,tokyo_sub_685,154.0,35.7266,140.03524
4209,4705,tokyo_sub_686,154.0,35.72881,140.05366
4210,4706,tokyo_sub_687,66.0,35.69927,139.96214
4211,4707,tokyo_sub_688@500,500.0,35.693,139.97179
4212,4708,tokyo_sub_688@66,66.0,35.693,139.97179
4213,4709,tokyo_sub_689,66.0,35.70508,140.0456
4214,4710,tokyo_sub_690,66.0,35.54742,139.74007
4215,4711,tokyo_sub_691,154.0,35.727,139.87172
4216,4712,tokyo_sub_692,66.0,35.54715,140.10051
4217,4713,tokyo_sub_693,154.0,35.35448,139.85519
4218,4714,tokyo_sub_694@500,500.0,35.34246,139.8376
4219,4715,tokyo_sub_694@66,66.0,35.34246,139.8376
4220,4716,tokyo_sub_695,500.0,35.34381,139.83676
4221,4717,tokyo_sub_696,66.0,35.52802,140.11745
4222,4718,tokyo_sub_697@500,500.0,35.34073,140.02615
4223,4719,tokyo_sub_697@275,275.0,35.34073,140.02615
4224,4720,tokyo_sub_697@154,154.0,35.34073,140.02615
4225,4721,tokyo_sub_697@66,66.0,35.34073,140.02615
4226,4722,tokyo_sub_698@500,500.0,35.34364,140.02836
4227,4723,tokyo_sub_698@275,275.0,35.34364,140.02836
4228,4724,tokyo_sub_699,66.0,35.81744,139.88017
4229,4725,tokyo_sub_700@275,275.0,35.22808,139.66357
4230,4726,tokyo_sub_700@66,66.0,35.22808,139.66357
4231,4727,tokyo_sub_701,66.0,35.23862,139.67912
4232,4728,tokyo_sub_702,66.0,35.25803,139.70778
4233,4729,tokyo_sub_703,66.0,35.25709,139.65664
4234,4730,tokyo_sub_704,66.0,35.87976,139.84659
4235,4731,tokyo_sub_705,66.0,35.89511,139.8106
4236,4732,tokyo_sub_706@275,275.0,35.89712,140.65631
4237,4733,tokyo_sub_706@154,154.0,35.89712,140.65631
4238,4734,tokyo_sub_706@66,66.0,35.89712,140.65631
4239,4735,tokyo_sub_707@500,500.0,35.69751,140.0065
4240,4736,tokyo_sub_707@66,66.0,35.69751,140.0065
4241,4737,tokyo_sub_708,66.0,35.70917,139.94946
4242,4738,tokyo_sub_709,66.0,35.70202,139.97978
4243,4739,tokyo_sub_710,66.0,35.68969,140.02992
4244,4740,tokyo_sub_711,66.0,35.77669,140.28489
4245,4741,tokyo_sub_712,275.0,35.72887,139.99084
4246,4742,tokyo_sub_713,66.0,35.75304,140.02884
4247,4743,tokyo_sub_714@500,500.0,35.7449,140.02083
4248,4744,tokyo_sub_714@154,154.0,35.7449,140.02083
4249,4745,tokyo_sub_715,66.0,35.67359,139.99497
4250,4746,tokyo_sub_716,66.0,35.86295,139.94951
4251,4748,tokyo_sub_718,66.0,35.86778,139.95553
4252,4749,tokyo_sub_719,66.0,35.70908,139.99619
4253,4750,tokyo_sub_720,66.0,35.28035,139.67227
4254,4751,tokyo_sub_721,66.0,35.23534,139.70964
4255,4752,tokyo_sub_724,66.0,35.53731,140.06746
4256,4753,tokyo_sub_725,66.0,35.79953,139.96708
4257,4754,tokyo_sub_726,66.0,35.47494,140.04792
4258,4755,tokyo_sub_727,66.0,35.83023,140.29392
4259,4756,tokyo_sub_728,66.0,35.80602,140.44345
4260,4757,tokyo_sub_729,66.0,35.89144,140.5102
4261,4758,tokyo_sub_730,66.0,35.73689,140.18738
4262,4759,tokyo_sub_731,66.0,35.72795,140.21305
4263,4760,tokyo_sub_732,66.0,35.74013,140.19573
4264,4761,tokyo_sub_733,66.0,35.82943,139.91413
4265,4762,tokyo_sub_734,66.0,35.84334,140.13727
4266,4763,tokyo_sub_735,66.0,35.42009,140.30442
4267,4764,tokyo_sub_736,66.0,35.71638,140.11298
4268,4765,tokyo_sub_737,66.0,35.71954,140.09686
4269,4766,tokyo_sub_738,66.0,35.52344,140.30579
4270,4767,tokyo_sub_739,66.0,35.85315,140.72686
4271,4768,tokyo_sub_740@275,275.0,35.66187,139.85121
4272,4769,tokyo_sub_740@154,154.0,35.66187,139.85121
4273,4770,tokyo_sub_740@66,66.0,35.66187,139.85121
4274,4771,tokyo_sub_741,154.0,35.89573,139.90554
4275,4772,tokyo_sub_742,275.0,35.56448,140.11321
4276,4773,tokyo_sub_743,66.0,35.58905,140.14235
4277,4774,tokyo_sub_744,66.0,35.58847,140.14498
4278,4775,tokyo_sub_745,66.0,35.65579,140.14168
4279,4776,tokyo_sub_746,66.0,35.52452,139.77836
4280,4777,tokyo_sub_747,66.0,35.52096,139.75577
4281,4778,tokyo_sub_748,66.0,35.52282,139.75362
4282,4779,tokyo_sub_749,66.0,35.51511,139.76196
4283,4780,tokyo_sub_750,66.0,35.51531,139.7591
4284,4782,tokyo_sub_752,66.0,35.77452,139.73499
4285,4783,tokyo_sub_753,154.0,35.74749,139.76594
4286,4784,tokyo_sub_754@154,154.0,35.82412,139.79145
4287,4785,tokyo_sub_754@66,66.0,35.82412,139.79145
4288,4786,tokyo_sub_755@275,275.0,35.82781,139.78548
4289,4787,tokyo_sub_755@154,154.0,35.82781,139.78548
4290,4788,tokyo_sub_755@66,66.0,35.82781,139.78548
4291,4789,tokyo_sub_756,66.0,35.16339,140.30623
4292,4790,tokyo_sub_757,66.0,35.11615,139.8724
4293,4791,tokyo_sub_758,66.0,35.12001,139.86937
4294,4793,tokyo_sub_760@500,500.0,35.32978,139.83608
4295,4794,tokyo_sub_760@66,66.0,35.32978,139.83608
4296,4795,tokyo_sub_762,66.0,35.86932,139.67145
4297,4796,tokyo_sub_764,66.0,35.6176,140.1237
4298,4797,tokyo_sub_766,66.0,35.87388,140.72047
4299,4798,tokyo_sub_767,66.0,34.99243,139.87945
4300,4799,tokyo_sub_768,66.0,35.84544,140.73436
4301,4800,tokyo_sub_769,66.0,35.79512,140.77165
4302,4801,tokyo_sub_770,66.0,35.73385,139.8644
4303,4802,tokyo_sub_771,66.0,35.27698,139.88722
4304,4804,tokyo_sub_773,66.0,35.66379,139.87056
4305,4805,tokyo_sub_774,66.0,35.55309,139.75415
4306,4806,tokyo_sub_775,275.0,35.72903,139.72594
4307,4808,tokyo_sub_777,66.0,35.84175,140.23302
4308,4809,tokyo_sub_778,66.0,35.82704,140.14088
4309,4810,tokyo_sub_779@275,275.0,35.72182,140.15076
4310,4811,tokyo_sub_779@66,66.0,35.72182,140.15076
4311,4812,tokyo_sub_780@275,275.0,35.78447,140.06277
4312,4813,tokyo_sub_780@66,66.0,35.78447,140.06277
4313,4814,tokyo_sub_781,66.0,35.80549,140.03449
4314,4815,tokyo_sub_782@500,500.0,35.82371,140.04296
4315,4816,tokyo_sub_782@66,66.0,35.82371,140.04296
4316,4817,tokyo_sub_783,66.0,35.80789,139.9945
4317,4818,tokyo_sub_784,154.0,35.75122,140.00327
4318,4819,tokyo_sub_785@275,275.0,35.67532,140.12328
4319,4820,tokyo_sub_785@154,154.0,35.67532,140.12328
4320,4821,tokyo_sub_785@66,66.0,35.67532,140.12328
4321,4822,tokyo_sub_786,500.0,35.76489,140.06087
4322,4823,tokyo_sub_787,500.0,35.75767,140.04432
4323,4824,tokyo_sub_788@500,500.0,35.77238,140.06826
4324,4825,tokyo_sub_788@154,154.0,35.77238,140.06826
4325,4826,tokyo_sub_788@66,66.0,35.77238,140.06826
4326,4827,tokyo_sub_789,500.0,35.7613,140.05191
4327,4828,tokyo_sub_790@500,500.0,35.75396,140.03612
4328,4829,tokyo_sub_790@66,66.0,35.75396,140.03612
4329,4830,tokyo_sub_791,500.0,35.73302,140.01489
4330,4831,tokyo_sub_792,500.0,35.72878,140.01063
4331,4832,tokyo_sub_793,500.0,35.71431,140.00836
4332,4833,tokyo_sub_794@500,500.0,35.70368,140.00951
4333,4834,tokyo_sub_794@66,66.0,35.70368,140.00951
4334,4835,tokyo_sub_795,500.0,35.63968,139.79692
4335,4836,tokyo_sub_796,66.0,35.32272,139.8826
4336,4837,tokyo_sub_797,66.0,35.76807,139.65543
4337,4838,tokyo_sub_798@154,154.0,35.52751,139.67685
4338,4839,tokyo_sub_798@66,66.0,35.52751,139.67685
4339,4840,tokyo_sub_799@154,154.0,35.53666,139.73913
4340,4841,tokyo_sub_799@66,66.0,35.53666,139.73913
4341,4843,tokyo_sub_801,66.0,35.82614,139.90924
4342,4845,tokyo_sub_803,66.0,35.26504,139.89437
4343,4846,tokyo_sub_804,66.0,35.64678,140.46768
4344,4847,tokyo_sub_805@275,275.0,35.50561,140.16681
4345,4848,tokyo_sub_805@154,154.0,35.50561,140.16681
4346,4849,tokyo_sub_806,66.0,35.83947,139.81717
4347,4851,tokyo_sub_808,66.0,35.87349,140.0105
4348,4852,tokyo_sub_809,66.0,35.74802,140.32262
4349,4853,tokyo_sub_810,66.0,35.45741,140.22024
4350,4854,tokyo_sub_811,66.0,35.89375,140.08454
4351,4856,tokyo_sub_813,66.0,35.75288,139.7789
4352,4861,tokyo_sub_818,275.0,35.72879,139.72021
4353,4864,tokyo_sub_821,66.0,35.73416,139.82139
4354,4866,tokyo_sub_823,154.0,35.82626,139.96254
4355,4867,tokyo_sub_824@275,275.0,35.89492,140.66045
4356,4868,tokyo_sub_824@154,154.0,35.89492,140.66045
4357,4869,tokyo_sub_824@66,66.0,35.89492,140.66045
4358,4870,tokyo_sub_825,66.0,35.73252,140.85597
4359,4871,tokyo_sub_826,66.0,35.80915,140.70742
4360,4872,tokyo_sub_827,66.0,35.80919,140.68853
4361,4873,tokyo_sub_828,66.0,35.84425,140.64865
4362,4874,tokyo_sub_829,66.0,35.84159,140.56997
4363,4875,tokyo_sub_830,66.0,35.80551,140.44179
4364,4876,tokyo_sub_831,66.0,35.85004,140.27344
4365,4877,tokyo_sub_832,66.0,35.79025,140.32962
4366,4878,tokyo_sub_833,66.0,35.79796,140.28442
4367,4879,tokyo_sub_834,66.0,35.77409,140.34457
4368,4880,tokyo_sub_835,66.0,35.72403,140.60951
4369,4881,tokyo_sub_836,66.0,35.67318,140.58565
4370,4882,tokyo_sub_837,66.0,35.85827,140.35912
4371,4883,tokyo_sub_838,66.0,35.58688,140.42995
4372,4884,tokyo_sub_839,66.0,35.60855,140.43535
4373,4885,tokyo_sub_840,66.0,35.71402,140.24215
4374,4886,tokyo_sub_841,500.0,35.7329,140.18514
4375,4887,tokyo_sub_842,66.0,35.70583,139.65635
4376,4888,tokyo_sub_843,66.0,35.89385,139.94402
4377,4889,tokyo_sub_844,66.0,35.84767,140.13375
4378,4890,tokyo_sub_845@154,154.0,35.79831,140.12275
4379,4891,tokyo_sub_845@66,66.0,35.79831,140.12275
4380,4892,tokyo_sub_846@154,154.0,35.8048,140.13065
4381,4893,tokyo_sub_846@66,66.0,35.8048,140.13065
4382,4894,tokyo_sub_847,66.0,35.52034,140.41419
4383,4895,tokyo_sub_848,66.0,35.51863,140.32621
4384,4896,tokyo_sub_849,66.0,35.43783,140.29022
4385,4897,tokyo_sub_850,66.0,35.4201,140.29056
4386,4898,tokyo_sub_851,66.0,35.36172,140.36677
4387,4899,tokyo_sub_852,66.0,35.19476,140.35908
4388,4900,tokyo_sub_853,66.0,35.20618,140.35474
4389,4901,tokyo_sub_856,66.0,35.03271,139.85171
4390,4902,tokyo_sub_858,66.0,35.22096,139.88531
4391,4903,tokyo_sub_859,66.0,35.32261,139.92271
4392,4904,tokyo_sub_860,66.0,35.37195,139.93277
4393,4905,tokyo_sub_861,66.0,35.40759,139.92976
4394,4906,tokyo_sub_862,66.0,35.40898,139.93098
4395,4907,tokyo_sub_863,66.0,35.33541,139.87716
4396,4908,tokyo_sub_864,66.0,35.36923,139.90981
4397,4909,tokyo_sub_865,66.0,35.3134,139.99848
4398,4910,tokyo_sub_866@500,500.0,35.32585,139.83704
4399,4911,tokyo_sub_866@66,66.0,35.32585,139.83704
4400,4912,tokyo_sub_867,66.0,35.3909,140.03739
4401,4913,tokyo_sub_868,66.0,35.37053,140.15738
4402,4914,tokyo_sub_869,66.0,35.37157,140.22887
4403,4915,tokyo_sub_870,66.0,35.50951,140.09019
4404,4916,tokyo_sub_871,66.0,35.4458,139.97727
4405,4917,tokyo_sub_872,66.0,35.46161,140.01382
4406,4918,tokyo_sub_873,66.0,35.50303,140.07015
4407,4919,tokyo_sub_874@275,275.0,35.5386,140.0736
4408,4920,tokyo_sub_874@154,154.0,35.5386,140.0736
4409,4921,tokyo_sub_874@66,66.0,35.5386,140.0736
4410,4922,tokyo_sub_875,66.0,35.61119,140.14482
4411,4923,tokyo_sub_876,66.0,35.60865,140.14377
4412,4924,tokyo_sub_877@275,275.0,35.56599,140.13975
4413,4925,tokyo_sub_877@154,154.0,35.56599,140.13975
4414,4926,tokyo_sub_877@66,66.0,35.56599,140.13975
4415,4927,tokyo_sub_878,275.0,35.50168,140.1662
4416,4928,tokyo_sub_879@275,275.0,35.50301,140.16401
4417,4929,tokyo_sub_879@154,154.0,35.50301,140.16401
4418,4930,tokyo_sub_879@66,66.0,35.50301,140.16401
4419,4931,tokyo_sub_880@275,275.0,35.60373,140.18191
4420,4932,tokyo_sub_880@154,154.0,35.60373,140.18191
4421,4933,tokyo_sub_880@66,66.0,35.60373,140.18191
4422,4934,tokyo_sub_881,66.0,35.74189,140.10856
4423,4935,tokyo_sub_882,66.0,35.72425,140.11862
4424,4936,tokyo_sub_883,66.0,35.7222,140.13205
4425,4937,tokyo_sub_884,66.0,35.60824,140.12342
4426,4938,tokyo_sub_885,66.0,35.61884,140.1252
4427,4939,tokyo_sub_886,66.0,35.62872,140.12444
4428,4940,tokyo_sub_887,66.0,35.63388,140.09932
4429,4941,tokyo_sub_888,66.0,35.6312,140.0967
4430,4942,tokyo_sub_889,66.0,35.62891,140.09373
4431,4943,tokyo_sub_890,66.0,35.68596,140.04289
4432,4944,tokyo_sub_891,66.0,35.66664,140.05093
4433,4945,tokyo_sub_892,66.0,35.68079,140.03003
4434,4946,tokyo_sub_893@154,154.0,35.7193,139.98256
4435,4947,tokyo_sub_893@66,66.0,35.7193,139.98256
4436,4948,tokyo_sub_894@275,275.0,35.71145,139.96346
4437,4949,tokyo_sub_894@66,66.0,35.71145,139.96346
4438,4950,tokyo_sub_895,66.0,35.65136,140.1174
4439,4951,tokyo_sub_896,66.0,35.66447,140.0085
4440,4952,tokyo_sub_897@154,154.0,35.69817,140.10357
4441,4953,tokyo_sub_897@66,66.0,35.69817,140.10357
4442,4954,tokyo_sub_898@275,275.0,35.69804,139.95608
4443,4955,tokyo_sub_898@66,66.0,35.69804,139.95608
4444,4956,tokyo_sub_899@500,500.0,35.69387,139.95161
4445,4957,tokyo_sub_899@275,275.0,35.69387,139.95161
4446,4958,tokyo_sub_899@66,66.0,35.69387,139.95161
4447,4959,tokyo_sub_900,66.0,35.68366,139.92286
4448,4960,tokyo_sub_901@500,500.0,35.67118,139.92621
4449,4961,tokyo_sub_901@66,66.0,35.67118,139.92621
4450,4962,tokyo_sub_902@275,275.0,35.66648,139.90776
4451,4963,tokyo_sub_902@66,66.0,35.66648,139.90776
4452,4964,tokyo_sub_903,66.0,35.62934,139.89675
4453,4965,tokyo_sub_904,66.0,35.71164,139.94083
4454,4966,tokyo_sub_905,66.0,35.7184,139.92399
4455,4967,tokyo_sub_906,154.0,35.77064,139.92299
4456,4968,tokyo_sub_907,154.0,35.75747,139.89173
4457,4969,tokyo_sub_908,66.0,35.79875,140.17846
4458,4970,tokyo_sub_909,66.0,35.78545,140.20961
4459,4971,tokyo_sub_910,66.0,35.88214,139.79235
4460,4972,tokyo_sub_911@154,154.0,35.69948,139.87927
4461,4973,tokyo_sub_911@66,66.0,35.69948,139.87927
4462,4974,tokyo_sub_912,154.0,35.78728,139.86178
4463,4975,tokyo_sub_913,66.0,35.83106,139.99089
4464,4976,tokyo_sub_914,66.0,35.80803,139.99731
4465,4977,tokyo_sub_915,66.0,35.76952,139.94425
4466,4978,tokyo_sub_916,66.0,35.79333,139.94695
4467,4979,tokyo_sub_917,66.0,35.8177,139.93143
4468,4980,tokyo_sub_918,66.0,35.85091,139.908
4469,4981,tokyo_sub_919,66.0,35.81157,139.90707
4470,4982,tokyo_sub_920@275,275.0,35.82051,139.8453
4471,4983,tokyo_sub_920@154,154.0,35.82051,139.8453
4472,4984,tokyo_sub_920@66,66.0,35.82051,139.8453
4473,4985,tokyo_sub_921@154,154.0,35.83929,139.94276
4474,4986,tokyo_sub_921@66,66.0,35.83929,139.94276
4475,4987,tokyo_sub_922,66.0,35.87963,139.93881
4476,4988,tokyo_sub_923,66.0,35.83858,139.96555
4477,4989,tokyo_sub_924@500,500.0,35.88254,139.98071
4478,4990,tokyo_sub_924@66,66.0,35.88254,139.98071
4479,4991,tokyo_sub_925,66.0,35.67492,139.8619
4480,4992,tokyo_sub_926,66.0,35.73983,139.8313
4481,4993,tokyo_sub_927,66.0,35.7626,139.82993
4482,4994,tokyo_sub_928,66.0,35.76741,139.82274
4483,4995,tokyo_sub_929,66.0,35.77104,139.84298
4484,4996,tokyo_sub_930,66.0,35.784,139.83642
4485,4997,tokyo_sub_931,66.0,35.76188,139.8446
4486,4998,tokyo_sub_932,66.0,35.77136,139.79932
4487,4999,tokyo_sub_933@275,275.0,35.77265,139.80395
4488,5000,tokyo_sub_933@66,66.0,35.77265,139.80395
4489,5001,tokyo_sub_934,66.0,35.72526,139.85614
4490,5002,tokyo_sub_935@154,154.0,35.72135,139.85664
4491,5003,tokyo_sub_935@66,66.0,35.72135,139.85664
4492,5004,tokyo_sub_936@154,154.0,35.78753,139.817
4493,5005,tokyo_sub_936@66,66.0,35.78753,139.817
4494,5006,tokyo_sub_937,66.0,35.80128,139.80774
4495,5007,tokyo_sub_938@154,154.0,35.8199,139.82557
4496,5008,tokyo_sub_938@66,66.0,35.8199,139.82557
4497,5009,tokyo_sub_939@154,154.0,35.83863,139.83166
4498,5010,tokyo_sub_939@66,66.0,35.83863,139.83166
4499,5011,tokyo_sub_940@154,154.0,35.8236,139.80796
4500,5012,tokyo_sub_940@66,66.0,35.8236,139.80796
4501,5013,tokyo_sub_941@154,154.0,35.85669,139.82069
4502,5014,tokyo_sub_941@66,66.0,35.85669,139.82069
4503,5015,tokyo_sub_942,66.0,35.85371,139.78661
4504,5016,tokyo_sub_943@275,275.0,35.82973,139.77187
4505,5017,tokyo_sub_943@154,154.0,35.82973,139.77187
4506,5018,tokyo_sub_944,66.0,35.79778,139.78823
4507,5019,tokyo_sub_945,66.0,35.89118,139.77436
4508,5020,tokyo_sub_946,66.0,35.84607,139.64989
4509,5021,tokyo_sub_947,66.0,35.85594,139.65172
4510,5022,tokyo_sub_948@154,154.0,35.82402,139.6571
4511,5023,tokyo_sub_948@66,66.0,35.82402,139.6571
4512,5024,tokyo_sub_949,66.0,35.81651,139.67065
4513,5025,tokyo_sub_950,66.0,35.81202,139.67315
4514,5026,tokyo_sub_951,66.0,35.79076,139.67252
4515,5027,tokyo_sub_952,66.0,35.78217,139.6885
4516,5028,tokyo_sub_953,66.0,35.787,139.6531
4517,5029,tokyo_sub_954,66.0,35.77099,139.65741
4518,5034,tokyo_sub_959,66.0,35.81062,139.70711
4519,5035,tokyo_sub_960,66.0,35.80625,139.67532
4520,5036,tokyo_sub_961,66.0,35.823,139.67569
4521,5037,tokyo_sub_962,66.0,35.83474,139.70086
4522,5038,tokyo_sub_963,66.0,35.8309,139.71189
4523,5039,tokyo_sub_964,66.0,35.83136,139.68797
4524,5040,tokyo_sub_965,66.0,35.86841,139.70283
4525,5042,tokyo_sub_967,66.0,35.77578,139.67892
4526,5043,tokyo_sub_968,66.0,35.7459,139.6748
4527,5049,tokyo_sub_974,154.0,35.54722,139.7335
4528,5050,tokyo_sub_975,66.0,35.51735,139.66994
4529,5051,tokyo_sub_976,66.0,35.5161,139.67504
4530,5056,tokyo_sub_981,154.0,35.83803,139.88379
4531,5057,tokyo_sub_982@154,154.0,35.79749,140.12424
4532,5058,tokyo_sub_982@66,66.0,35.79749,140.12424
4533,5059,tokyo_sub_983,66.0,35.85094,140.23675
4534,5060,tokyo_sub_984@275,275.0,35.21525,139.71235
4535,5061,tokyo_sub_984@66,66.0,35.21525,139.71235
4536,5063,tokyo_sub_986@154,154.0,35.53433,139.67457
4537,5064,tokyo_sub_986@66,66.0,35.53433,139.67457
4538,5065,tokyo_sub_987,66.0,35.73633,139.92641
4539,5066,tokyo_sub_988,66.0,35.62891,139.88419
4540,5067,tokyo_sub_989@154,154.0,35.77925,139.76758
4541,5068,tokyo_sub_989@66,66.0,35.77925,139.76758
4542,5069,tokyo_sub_990,66.0,35.24146,139.68689
4543,5070,tokyo_sub_991,66.0,35.23847,139.70118
4544,5071,tokyo_sub_992,66.0,35.28115,139.65948
4545,5072,tokyo_sub_993@154,154.0,36.65512,139.11498
4546,5073,tokyo_sub_993@66,66.0,36.65512,139.11498
4547,5074,tokyo_sub_994,66.0,36.00765,139.6056
4548,5075,tokyo_sub_995,66.0,36.0085,139.61177
4549,5076,tokyo_sub_996,66.0,35.90801,139.63406
4550,5077,tokyo_sub_997@154,154.0,35.96431,139.62024
4551,5078,tokyo_sub_997@66,66.0,35.96431,139.62024
4552,5079,tokyo_sub_998@500,500.0,36.62266,138.80178
4553,5080,tokyo_sub_999@500,500.0,35.96201,139.0434
4554,5081,tokyo_sub_999@154,154.0,35.96201,139.0434
4555,5082,tokyo_sub_999@66,66.0,35.96201,139.0434
4556,5083,tokyo_sub_1000@500,500.0,35.96087,139.04603
4557,5084,tokyo_sub_1000@154,154.0,35.96087,139.04603
4558,5085,tokyo_sub_1000@66,66.0,35.96087,139.04603
4559,5086,tokyo_sub_1001,66.0,36.00486,139.56948
4560,5087,tokyo_sub_1002,66.0,36.00014,139.55801
4561,5088,tokyo_sub_1003,66.0,36.33715,139.01107
4562,5089,tokyo_sub_1004@154,154.0,36.35374,139.03407
4563,5090,tokyo_sub_1004@66,66.0,36.35374,139.03407
4564,5091,tokyo_sub_1005,66.0,36.40106,139.03956
4565,5092,tokyo_sub_1006,66.0,36.38131,139.04931
4566,5093,tokyo_sub_1007,66.0,36.37549,139.04158
4567,5094,tokyo_sub_1008@500,500.0,35.96229,139.43663
4568,5095,tokyo_sub_1008@275,275.0,35.96229,139.43663
4569,5096,tokyo_sub_1008@154,154.0,35.96229,139.43663
4570,5097,tokyo_sub_1008@66,66.0,35.96229,139.43663
4571,5099,tokyo_sub_1011,66.0,35.9795,139.6179
4572,5100,tokyo_sub_1012@500,500.0,35.92921,139.3706
4573,5101,tokyo_sub_1012@275,275.0,35.92921,139.3706
4574,5102,tokyo_sub_1013,66.0,35.93138,139.35918
4575,5103,tokyo_sub_1014@275,275.0,35.91534,139.35302
4576,5104,tokyo_sub_1014@154,154.0,35.91534,139.35302
4577,5105,tokyo_sub_1014@66,66.0,35.91534,139.35302
4578,5106,tokyo_sub_1015@500,500.0,35.92573,139.35156
4579,5107,tokyo_sub_1015@66,66.0,35.92573,139.35156
4580,5108,tokyo_sub_1016,66.0,36.1217,139.33349
4581,5109,tokyo_sub_1017@500,500.0,36.20526,139.34438
4582,5110,tokyo_sub_1017@275,275.0,36.20526,139.34438
4583,5111,tokyo_sub_1017@66,66.0,36.20526,139.34438
4584,5112,tokyo_sub_1018@500,500.0,36.5473,138.83313
4585,5113,tokyo_sub_1018@275,275.0,36.5473,138.83313
4586,5114,tokyo_sub_1019@500,500.0,36.22178,139.0418
4587,5115,tokyo_sub_1019@275,275.0,36.22178,139.0418
4588,5116,tokyo_sub_1019@66,66.0,36.22178,139.0418
4589,5117,tokyo_sub_1020,154.0,36.30368,139.08156
4590,5118,tokyo_sub_1021@154,154.0,36.33179,139.06387
4591,5119,tokyo_sub_1021@66,66.0,36.33179,139.06387
4592,5120,tokyo_sub_1022,66.0,36.35983,139.00761
4593,5121,tokyo_sub_1023@500,500.0,36.08084,139.49471
4594,5122,tokyo_sub_1023@154,154.0,36.08084,139.49471
4595,5123,tokyo_sub_1023@66,66.0,36.08084,139.49471
4596,5124,tokyo_sub_1024,66.0,36.55006,138.8085
4597,5125,tokyo_sub_1026@154,154.0,36.52326,138.98833
4598,5126,tokyo_sub_1026@66,66.0,36.52326,138.98833
4599,5127,tokyo_sub_1027@154,154.0,36.28035,139.55495
4600,5128,tokyo_sub_1027@66,66.0,36.28035,139.55495
4601,5129,tokyo_sub_1028,66.0,36.25422,139.53027
4602,5130,tokyo_sub_1029,66.0,36.17594,139.54418
4603,5131,tokyo_sub_1030,66.0,36.22355,139.51401
4604,5132,tokyo_sub_1031,66.0,36.11991,139.54711
4605,5133,tokyo_sub_1032,66.0,36.16358,139.56349
4606,5134,tokyo_sub_1033,66.0,36.18546,139.52918
4607,5135,tokyo_sub_1034,154.0,36.07438,139.60062
4608,5136,tokyo_sub_1035,66.0,36.05893,139.52159
4609,5137,tokyo_sub_1036,66.0,35.96902,139.59879
4610,5138,tokyo_sub_1037@275,275.0,35.96902,139.61256
4611,5139,tokyo_sub_1037@154,154.0,35.96902,139.61256
4612,5140,tokyo_sub_1037@66,66.0,35.96902,139.61256
4613,5141,tokyo_sub_1038@500,500.0,36.03084,138.93664
4614,5142,tokyo_sub_1038@154,154.0,36.03084,138.93664
4615,5143,tokyo_sub_1039,66.0,35.90709,139.61431
4616,5144,tokyo_sub_1040,66.0,35.94925,139.51482
4617,5145,tokyo_sub_1041,66.0,36.3231,139.62178
4618,5146,tokyo_sub_1042,66.0,36.05797,139.26876
4619,5147,tokyo_sub_1043,66.0,36.13627,139.45232
4620,5148,tokyo_sub_1044@154,154.0,36.31739,139.40492
4621,5149,tokyo_sub_1044@66,66.0,36.31739,139.40492
4622,5150,tokyo_sub_1045,66.0,36.39495,139.60592
4623,5151,tokyo_sub_1046@500,500.0,36.299,139.32907
4624,5152,tokyo_sub_1046@275,275.0,36.299,139.32907
4625,5153,tokyo_sub_1046@154,154.0,36.299,139.32907
4626,5154,tokyo_sub_1046@66,66.0,36.299,139.32907
4627,5155,tokyo_sub_1047,66.0,36.34082,139.43293
4628,5156,tokyo_sub_1048,66.0,36.32572,139.46979
4629,5157,tokyo_sub_1049,66.0,35.99797,139.3985
4630,5158,tokyo_sub_1050,66.0,36.40775,139.3306
4631,5159,tokyo_sub_1051@500,500.0,36.57928,139.22324
4632,5160,tokyo_sub_1051@275,275.0,36.57928,139.22324
4633,5161,tokyo_sub_1052@154,154.0,36.29199,139.21983
4634,5162,tokyo_sub_1052@66,66.0,36.29199,139.21983
4635,5163,tokyo_sub_1053,66.0,36.34749,138.95409
4636,5164,tokyo_sub_1054@275,275.0,36.52524,138.97219
4637,5165,tokyo_sub_1054@154,154.0,36.52524,138.97219
4638,5166,tokyo_sub_1055,154.0,36.67878,138.98311
4639,5167,tokyo_sub_1056,66.0,36.45105,139.28285
4640,5168,tokyo_sub_1057,66.0,36.40166,139.23439
4641,5169,tokyo_sub_1058,66.0,36.29549,139.02824
4642,5170,tokyo_sub_1059,66.0,36.04294,139.31335
4643,5171,tokyo_sub_1060,66.0,36.12109,139.11243
4644,5172,tokyo_sub_1061,66.0,35.98422,139.07961
4645,5173,tokyo_sub_1062@500,500.0,36.14593,139.33691
4646,5174,tokyo_sub_1062@66,66.0,36.14593,139.33691
4647,5175,tokyo_sub_1063@275,275.0,35.98378,139.46971
4648,5176,tokyo_sub_1063@66,66.0,35.98378,139.46971
4649,5177,tokyo_sub_1064@154,154.0,35.94929,139.32716
4650,5178,tokyo_sub_1064@66,66.0,35.94929,139.32716
4651,5179,tokyo_sub_1065@154,154.0,36.20816,139.2303
4652,5180,tokyo_sub_1066@500,500.0,36.22004,139.21329
4653,5181,tokyo_sub_1066@275,275.0,36.22004,139.21329
4654,5182,tokyo_sub_1066@154,154.0,36.22004,139.21329
4655,5183,tokyo_sub_1067,154.0,36.99174,138.81634
4656,5184,tokyo_sub_1068@154,154.0,36.69228,138.90548
4657,5185,tokyo_sub_1068@66,66.0,36.69228,138.90548
4658,5186,tokyo_sub_1069,66.0,36.37744,139.03875
4659,5187,tokyo_sub_1070,66.0,36.37999,139.10473
4660,5188,tokyo_sub_1071,66.0,36.37121,139.08503
4661,5189,tokyo_sub_1072,66.0,36.36446,139.07396
4662,5190,tokyo_sub_1073,66.0,36.32641,139.0049
4663,5191,tokyo_sub_1074@500,500.0,36.15282,139.33402
4664,5192,tokyo_sub_1074@154,154.0,36.15282,139.33402
4665,5193,tokyo_sub_1074@66,66.0,36.15282,139.33402
4666,5194,tokyo_sub_1075,66.0,36.36239,138.99663
4667,5196,tokyo_sub_1077,66.0,36.2653,139.3694
4668,5197,tokyo_sub_1078,66.0,36.32652,139.01536
4669,5198,tokyo_sub_1079,66.0,36.71771,139.48817
4670,5199,tokyo_sub_1080,66.0,36.28917,139.25207
4671,5200,tokyo_sub_1081,66.0,36.29338,139.26338
4672,5201,tokyo_sub_1082,66.0,36.29354,139.25309
4673,5202,tokyo_sub_1083,66.0,36.2927,139.2616
4674,5203,tokyo_sub_1084@66,66.0,36.45022,139.0429
4675,5204,tokyo_sub_1085,66.0,36.27017,139.28753
4676,5205,tokyo_sub_1086@500,500.0,36.32578,139.30518
4677,5206,tokyo_sub_1086@275,275.0,36.32578,139.30518
4678,5207,tokyo_sub_1086@154,154.0,36.32578,139.30518
4679,5208,tokyo_sub_1087,66.0,36.51688,139.01282
4680,5209,tokyo_sub_1088,275.0,36.80026,139.04712
4681,5210,tokyo_sub_1089,66.0,36.41582,139.06965
4682,5212,tokyo_sub_1092@154,154.0,36.71645,138.97919
4683,5213,tokyo_sub_1092@66,66.0,36.71645,138.97919
4684,5214,tokyo_sub_1093,66.0,36.32974,138.91997
4685,5215,tokyo_sub_1094,66.0,36.49111,139.01192
4686,5216,tokyo_sub_1095,66.0,36.04719,139.24118
4687,5217,tokyo_sub_1096,66.0,36.09456,139.31611
4688,5218,tokyo_sub_1097,66.0,36.13098,139.59198
4689,5219,tokyo_sub_1098,66.0,36.14035,139.48794
4690,5220,tokyo_sub_1099,66.0,36.11411,139.52186
4691,5221,tokyo_sub_1100,66.0,36.02434,139.11519
4692,5222,tokyo_sub_1101,66.0,36.24089,139.57505
4693,5223,tokyo_sub_1102,66.0,36.2983,138.84476
4694,5224,tokyo_sub_1103,66.0,36.30669,138.80227
4695,5225,tokyo_sub_1104,66.0,36.20952,138.77677
4696,5226,tokyo_sub_1105,66.0,36.25778,138.8608
4697,5227,tokyo_sub_1106,66.0,36.27075,139.06022
4698,5228,tokyo_sub_1107@154,154.0,36.34207,139.32695
4699,5229,tokyo_sub_1107@66,66.0,36.34207,139.32695
4700,5230,tokyo_sub_1108,66.0,36.55034,138.62654
4701,5231,tokyo_sub_1109,66.0,36.3802,138.92448
4702,5232,tokyo_sub_1110,66.0,36.66669,139.10916
4703,5233,tokyo_sub_1111@154,154.0,36.61375,139.06054
4704,5234,tokyo_sub_1111@66,66.0,36.61375,139.06054
4705,5235,tokyo_sub_1112,66.0,36.57069,139.04399
4706,5236,tokyo_sub_1113,66.0,36.26684,139.64673
4707,5237,tokyo_sub_1114,66.0,36.25465,139.08071
4708,5238,tokyo_sub_1115,66.0,35.90809,139.23404
4709,5239,tokyo_sub_1116,66.0,35.95985,139.41247
4710,5240,tokyo_sub_1118,66.0,36.29319,139.12896
4711,5241,tokyo_sub_1119@154,154.0,36.27798,139.11589
4712,5242,tokyo_sub_1119@66,66.0,36.27798,139.11589
4713,5243,tokyo_sub_1120,66.0,36.29409,138.84756
4714,5244,tokyo_sub_1121,66.0,36.30057,139.05228
4715,5245,tokyo_sub_1122@154,154.0,36.21689,139.15751
4716,5246,tokyo_sub_1122@66,66.0,36.21689,139.15751
4717,5247,tokyo_sub_1123,66.0,36.25948,139.33344
4718,5248,tokyo_sub_1124,66.0,36.2013,139.37233
4719,5249,tokyo_sub_1125,66.0,36.33057,139.57842
4720,5250,tokyo_sub_1126,66.0,36.23129,139.46432
4721,5251,tokyo_sub_1127,66.0,36.22533,139.46844
4722,5252,tokyo_sub_1128,66.0,36.21202,139.50843
4723,5253,tokyo_sub_1129,66.0,36.20757,139.47849
4724,5254,tokyo_sub_1130,66.0,36.20859,139.48374
4725,5255,tokyo_sub_1131,66.0,35.95588,139.42083
4726,5256,tokyo_sub_1132,66.0,36.33207,139.07386
4727,5257,tokyo_sub_1133@154,154.0,36.17248,139.29037
4728,5258,tokyo_sub_1133@66,66.0,36.17248,139.29037
4729,5259,tokyo_sub_1134@154,154.0,36.17517,139.293
4730,5260,tokyo_sub_1134@66,66.0,36.17517,139.293
4731,5261,tokyo_sub_1135,66.0,36.24872,139.15979
4732,5262,tokyo_sub_1136,66.0,35.95765,139.61695
4733,5263,tokyo_sub_1137,66.0,36.99291,138.59129
4734,5264,tokyo_sub_1138,66.0,36.36114,139.00922
4735,5265,tokyo_sub_1139@500,500.0,36.3278,139.28962
4736,5266,tokyo_sub_1139@66,66.0,36.3278,139.28962
4737,5267,tokyo_sub_1140,66.0,36.26559,139.43552
4738,5268,tokyo_sub_1141,66.0,36.27462,139.40817
4739,5269,tokyo_sub_1142,66.0,36.40867,139.32912
4740,5270,tokyo_sub_1143,66.0,36.41017,139.3435
4741,5271,tokyo_sub_1144,66.0,36.40056,139.30729
4742,5272,tokyo_sub_1145,66.0,36.39545,139.31945
4743,5273,tokyo_sub_1146,66.0,36.33682,139.25263
4744,5274,tokyo_sub_1147,66.0,36.33045,139.25168
4745,5278,tokyo_sub_1151,66.0,36.27359,139.28043
4746,5279,tokyo_sub_1152,66.0,36.27416,139.28062
4747,5280,tokyo_sub_1153,66.0,36.33411,139.20412
4748,5281,tokyo_sub_1154,66.0,36.3152,139.49715
4749,5282,tokyo_sub_1155,66.0,36.73581,139.50138
4750,5283,tokyo_sub_1156,66.0,36.40753,139.33198
4751,5284,tokyo_sub_1157,66.0,36.30224,139.28883
4752,5285,tokyo_sub_1159,66.0,36.23517,139.41113
4753,5286,tokyo_sub_1160@154,154.0,36.28871,139.20377
4754,5287,tokyo_sub_1160@u,66.0,36.28871,139.20377
4755,5288,tokyo_sub_1161,66.0,36.39056,139.24492
4756,5289,tokyo_sub_1162,66.0,36.41949,139.10362
4757,5290,tokyo_sub_1163,66.0,36.18287,139.32674
4758,5291,tokyo_sub_1164,66.0,36.17032,139.3072
4759,5292,tokyo_sub_1165,154.0,36.20603,139.15368
4760,5293,tokyo_sub_1166,66.0,36.28628,139.26846
4761,5294,tokyo_sub_1167,66.0,36.48588,139.01042
4762,5295,tokyo_sub_1168@66,66.0,36.72694,139.54329
4763,5296,tokyo_sub_1169@154,154.0,36.47845,139.02988
4764,5297,tokyo_sub_1169@66,66.0,36.47845,139.02988
4765,5298,tokyo_sub_1170,66.0,36.33035,139.36849
4766,5299,tokyo_sub_1171@154,154.0,36.23863,139.14063
4767,5300,tokyo_sub_1171@66,66.0,36.23863,139.14063
4768,5301,tokyo_sub_1172,66.0,36.3246,139.03909
4769,5302,tokyo_sub_1173@500,500.0,36.20721,139.06146
4770,5303,tokyo_sub_1173@275,275.0,36.20721,139.06146
4771,5304,tokyo_sub_1173@66,66.0,36.20721,139.06146
4772,5305,tokyo_sub_1174,66.0,36.31982,139.57822
4773,5306,tokyo_sub_1175,66.0,36.28053,139.55127
4774,5309,tokyo_sub_1178,500.0,36.07844,138.79371
4775,5312,tokyo_sub_1181,66.0,36.3259,139.62171
4776,5313,tokyo_sub_1182,154.0,36.29222,139.58829
4777,5316,tokyo_sub_1185,66.0,36.21611,139.64288
4778,5318,tokyo_sub_1187,66.0,36.50371,138.93007
4779,5319,tokyo_sub_1188,66.0,36.14236,139.54477
4780,5320,tokyo_sub_1189@154,154.0,36.06246,139.64193
4781,5321,tokyo_sub_1189@66,66.0,36.06246,139.64193
4782,5322,tokyo_sub_1190@154,154.0,36.06998,139.62926
4783,5323,tokyo_sub_1190@66,66.0,36.06998,139.62926
4784,5324,tokyo_sub_1191,66.0,36.0523,139.62118
4785,5325,tokyo_sub_1192,66.0,36.2606,138.90233
4786,5326,tokyo_sub_1193,66.0,36.29403,139.36949
4787,5327,tokyo_sub_1194,66.0,36.46354,139.20629
4788,5328,tokyo_sub_1195,66.0,36.46629,139.20711
4789,5331,tokyo_sub_1198,66.0,36.31543,139.61089
4790,5332,tokyo_sub_1199,66.0,36.24531,139.12696
4791,5333,tokyo_sub_1200@500,500.0,36.37711,138.96692
4792,5334,tokyo_sub_1200@275,275.0,36.37711,138.96692
4793,5335,tokyo_sub_1201,66.0,36.40952,139.15792
4794,5336,tokyo_sub_1202,66.0,36.28393,139.07146
4795,5337,tokyo_sub_1203,66.0,36.34969,139.13722
4796,5338,tokyo_sub_1204,66.0,36.32271,138.76311
4797,5339,tokyo_sub_1205,66.0,36.25971,139.04933
4798,5340,tokyo_sub_1206,66.0,36.28532,139.23625
4799,5341,tokyo_sub_1207@154,154.0,36.2599,139.2241
4800,5342,tokyo_sub_1207@66,66.0,36.2599,139.2241
4801,5343,tokyo_sub_1208@154,154.0,36.2655,139.22183
4802,5344,tokyo_sub_1208@66,66.0,36.2655,139.22183
4803,5345,tokyo_sub_1209,66.0,36.26467,139.21934
4804,5346,tokyo_sub_1210,66.0,36.26314,139.21659
4805,5347,tokyo_sub_1211,66.0,36.26512,139.21799
4806,5348,tokyo_sub_1212@275,275.0,36.2095,139.33545
4807,5349,tokyo_sub_1212@66,66.0,36.2095,139.33545
4808,5350,tokyo_sub_1213,66.0,36.1821,139.32346
4809,5351,tokyo_sub_1214,66.0,36.17832,139.32114
4810,5352,tokyo_sub_1215,66.0,36.15258,139.38222
4811,5353,tokyo_sub_1216@500,500.0,36.07996,139.49254
4812,5354,tokyo_sub_1216@66,66.0,36.07996,139.49254
4813,5355,tokyo_sub_1217,66.0,36.10143,139.45107
4814,5356,tokyo_sub_1218,66.0,35.91123,139.34518
4815,5357,tokyo_sub_1219,66.0,35.98181,139.44619
4816,5358,tokyo_sub_1220@500,500.0,36.12854,139.33809
4817,5359,tokyo_sub_1220@66,66.0,36.12854,139.33809
4818,5360,tokyo_sub_1221,66.0,36.13393,139.35859
4819,5361,tokyo_sub_1222@500,500.0,36.1876,139.34842
4820,5362,tokyo_sub_1222@66,66.0,36.1876,139.34842
4821,5363,tokyo_sub_1223,66.0,36.18904,139.37073
4822,5364,tokyo_sub_1224,66.0,36.24993,139.15539
4823,5365,tokyo_sub_1225,66.0,36.24659,139.16546
4824,5366,tokyo_sub_1226,66.0,36.24966,139.20731
4825,5367,tokyo_sub_1227,66.0,36.23776,139.20354
4826,5368,tokyo_sub_1228,66.0,36.20198,139.22761
4827,5369,tokyo_sub_1229,66.0,36.20494,139.22582
4828,5370,tokyo_sub_1230@275,275.0,36.16922,139.18787
4829,5371,tokyo_sub_1230@66,66.0,36.16922,139.18787
4830,5372,tokyo_sub_1231,66.0,35.97043,139.0745
4831,5373,tokyo_sub_1232,66.0,35.91992,139.4953
4832,5374,tokyo_sub_1233,66.0,35.90787,139.23596
4833,5375,tokyo_sub_1234,66.0,36.37017,139.18446
4834,5376,tokyo_sub_1235,66.0,36.3661,139.18496
4835,5377,tokyo_sub_1236,66.0,36.41192,139.15636
4836,5378,tokyo_sub_1237,66.0,36.22852,139.03663
4837,5379,tokyo_sub_1238,66.0,36.33678,138.99453
4838,5380,tokyo_sub_1239,66.0,36.31367,139.21883
4839,5381,tokyo_sub_1240,66.0,36.38757,138.98875
4840,5382,tokyo_sub_1241,66.0,36.38565,138.99018
4841,5383,tokyo_sub_1242,66.0,36.34888,139.27589
4842,5384,tokyo_sub_1243,66.0,36.25095,138.96944
4843,5385,tokyo_sub_1244,66.0,36.61347,138.59142
4844,5386,tokyo_sub_1245,275.0,35.97212,139.62229
4845,5387,tokyo_sub_1246,66.0,36.33412,138.9223
4846,5388,tokyo_sub_1247,66.0,35.90642,139.4305
4847,5389,tokyo_sub_1248,66.0,36.31985,139.17622
4848,5390,tokyo_sub_1249,66.0,36.03124,139.52707
4849,5391,tokyo_sub_1250@154,154.0,36.40998,139.02643
4850,5392,tokyo_sub_1250@66,66.0,36.40998,139.02643
4851,5393,tokyo_sub_1251,66.0,36.43982,139.28199
4852,5394,tokyo_sub_1252,66.0,36.64075,139.05179
4853,5395,tokyo_sub_1253,66.0,36.30772,139.44572
4854,5396,tokyo_sub_1254,66.0,36.31144,139.45651
4855,5397,tokyo_sub_1255,66.0,36.29052,139.49067
4856,5398,tokyo_sub_1256,66.0,36.30031,139.56051
4857,5399,tokyo_sub_1257,66.0,36.35535,139.57718
4858,5400,tokyo_sub_1258,66.0,36.25728,139.51854
4859,5401,tokyo_sub_1259,66.0,36.26804,139.48753
4860,5402,tokyo_sub_1260,66.0,36.3247,139.42765
4861,5403,tokyo_sub_1261,66.0,36.3601,139.39544
4862,5404,tokyo_sub_1262,66.0,36.36596,139.38958
4863,5405,tokyo_sub_1264@66,66.0,36.63199,139.43769
4864,5406,tokyo_sub_1265,66.0,36.54218,139.35288
4865,5407,tokyo_sub_1266@154,154.0,36.78193,139.23232
4866,5408,tokyo_sub_1266@u,66.0,36.78193,139.23232
4867,5409,tokyo_sub_1267,66.0,36.74978,139.62579
4868,5410,tokyo_sub_1268,66.0,36.2837,139.38899
4869,5411,tokyo_sub_1269,66.0,36.26228,139.4023
4870,5412,tokyo_sub_1270,66.0,36.39188,139.34428
4871,5413,tokyo_sub_1271,66.0,36.38884,139.34566
4872,5414,tokyo_sub_1272,66.0,36.38924,139.32053
4873,5415,tokyo_sub_1273,66.0,36.40491,139.30136
4874,5416,tokyo_sub_1274,66.0,36.42268,139.27704
4875,5417,tokyo_sub_1275,66.0,36.29586,139.25256
4876,5418,tokyo_sub_1276,66.0,36.39275,139.19379
4877,5419,tokyo_sub_1277,66.0,36.46709,139.1875
4878,5420,tokyo_sub_1278,66.0,36.39049,139.06748
4879,5421,tokyo_sub_1279,66.0,36.394,139.07654
4880,5422,tokyo_sub_1280,154.0,36.45198,139.00409
4881,5423,tokyo_sub_1281@154,154.0,36.53823,139.05913
4882,5424,tokyo_sub_1281@66,66.0,36.53823,139.05913
4883,5425,tokyo_sub_1282,66.0,36.65775,139.09059
4884,5426,tokyo_sub_1283,66.0,36.65056,139.03043
4885,5427,tokyo_sub_1284,154.0,36.72853,139.22343
4886,5428,tokyo_sub_1285,66.0,36.31574,139.19582
4887,5429,tokyo_sub_1286,66.0,36.3305,139.20981
4888,5430,tokyo_sub_1287@154,154.0,36.32048,139.39776
4889,5431,tokyo_sub_1287@66,66.0,36.32048,139.39776
4890,5432,tokyo_sub_1288,66.0,36.37897,138.89586
4891,5433,tokyo_sub_1289,66.0,36.41946,138.80122
4892,5434,tokyo_sub_1290,66.0,36.58459,138.84378
4893,5435,tokyo_sub_1291,66.0,36.53406,138.5572
4894,5436,tokyo_sub_1292,66.0,36.52369,138.54132
4895,5437,tokyo_sub_1293,66.0,36.31464,139.01683
4896,5438,tokyo_sub_1294,66.0,36.25763,138.93041
4897,5442,tokyo_sub_1299,66.0,35.9563,138.90593
4898,5443,tokyo_sub_1300,66.0,35.95247,138.92925
4899,5444,tokyo_sub_1301,66.0,35.95997,139.05398
4900,5445,tokyo_sub_1302,66.0,36.11628,139.1688
4901,5446,tokyo_sub_1303,66.0,36.0636,139.24997
4902,5447,tokyo_sub_1304,66.0,36.10076,139.19664
4903,5448,tokyo_sub_1305,66.0,36.11352,139.20796
4904,5449,tokyo_sub_1306,66.0,36.03973,139.06816
4905,5450,tokyo_sub_1307,66.0,35.97423,139.11053
4906,5451,tokyo_sub_1308,66.0,36.00088,139.0872
4907,5452,tokyo_sub_1309,66.0,36.03081,139.56654
4908,5453,tokyo_sub_1310,66.0,35.98026,139.56485
4909,5454,tokyo_sub_1311,66.0,35.96457,139.58468
4910,5455,tokyo_sub_1312,66.0,35.95064,139.56706
4911,5456,tokyo_sub_1313,66.0,35.91496,139.57124
4912,5457,tokyo_sub_1314,66.0,35.90471,139.51689
4913,5458,tokyo_sub_1315,66.0,35.93826,139.48043
4914,5459,tokyo_sub_1316,66.0,35.92012,139.64022
4915,5460,tokyo_sub_1317,66.0,35.92279,139.64998
4916,5461,tokyo_sub_1318@275,275.0,35.91466,139.38627
4917,5462,tokyo_sub_1318@66,66.0,35.91466,139.38627
4918,5463,tokyo_sub_1320,66.0,36.72793,139.54554
4919,5464,tokyo_sub_1321,66.0,36.74939,139.59362
4920,5465,tokyo_sub_1322,66.0,36.33546,139.46118
4921,5466,tokyo_sub_1323,66.0,36.42874,139.28005
4922,5469,tokyo_sub_1326@275,275.0,35.92727,139.45984
4923,5470,tokyo_sub_1326@154,154.0,35.92727,139.45984
4924,5471,tokyo_sub_1326@66,66.0,35.92727,139.45984
4925,5472,tokyo_sub_1327@500,500.0,36.16765,139.34411
4926,5473,tokyo_sub_1327@66,66.0,36.16765,139.34411
4927,5474,tokyo_sub_1328,66.0,36.10733,139.44411
4928,5475,tokyo_sub_1329,275.0,36.92354,138.81998
4929,5476,tokyo_sub_1330,154.0,36.28988,139.17644
4930,5477,tokyo_sub_1331,66.0,35.97452,139.60682
4931,5478,tokyo_sub_1332,66.0,35.90372,139.48737
4932,5479,tokyo_sub_1333,66.0,35.9117,139.47892
4933,5481,tokyo_sub_1335,66.0,36.04637,139.38301
4934,5482,tokyo_sub_1336,66.0,36.03454,139.36726
4935,5483,tokyo_sub_1337,66.0,36.03763,139.39318
4936,5484,tokyo_sub_1338,66.0,36.04536,139.37596
4937,5485,tokyo_sub_1339@154,154.0,36.04434,139.3268
4938,5486,tokyo_sub_1339@66,66.0,36.04434,139.3268
4939,5488,tokyo_sub_1341,66.0,36.72793,139.54073
4940,5489,tokyo_sub_1342,66.0,36.72704,139.54139
4941,5490,tokyo_sub_1343@154,154.0,35.97246,139.4157
4942,5491,tokyo_sub_1343@66,66.0,35.97246,139.4157
4943,5492,tokyo_sub_1344,66.0,36.12647,139.43383
4944,5493,tokyo_sub_1345,154.0,35.9579,139.645
4945,5494,tokyo_sub_1346,66.0,36.30361,139.43734
4946,5495,tokyo_sub_1347,66.0,36.49616,139.02118
4947,5496,tokyo_sub_1348,66.0,36.00908,139.43346
4948,5497,tokyo_sub_1349,66.0,36.172,139.63973
4949,5498,tokyo_sub_1350,66.0,36.14827,139.64345
4950,5499,tokyo_sub_1351,66.0,36.39509,139.31938
4951,5501,tokyo_sub_1353,66.0,35.91621,139.56384
4952,5503,tokyo_sub_1355,66.0,36.56255,139.88526
4953,5504,tokyo_sub_1356@500,500.0,35.93157,139.91119
4954,5505,tokyo_sub_1356@275,275.0,35.93157,139.91119
4955,5506,tokyo_sub_1356@154,154.0,35.93157,139.91119
4956,5507,tokyo_sub_1356@66,66.0,35.93157,139.91119
4957,5508,tokyo_sub_1357@500,500.0,36.10661,139.83273
4958,5509,tokyo_sub_1357@275,275.0,36.10661,139.83273
4959,5510,tokyo_sub_1358,66.0,35.98507,139.95051
4960,5511,tokyo_sub_1359,66.0,36.47448,140.06508
4961,5512,tokyo_sub_1360,66.0,36.46678,140.0721
4962,5513,tokyo_sub_1361,66.0,36.53817,140.10031
4963,5514,tokyo_sub_1362,66.0,36.52417,140.06653
4964,5515,tokyo_sub_1363@154,154.0,36.61408,139.98036
4965,5516,tokyo_sub_1363@66,66.0,36.61408,139.98036
4966,5517,tokyo_sub_1364@154,154.0,36.54692,139.98187
4967,5518,tokyo_sub_1364@66,66.0,36.54692,139.98187
4968,5519,tokyo_sub_1365@154,154.0,36.51432,140.01013
4969,5520,tokyo_sub_1365@66,66.0,36.51432,140.01013
4970,5521,tokyo_sub_1366@500,500.0,36.65501,139.91753
4971,5522,tokyo_sub_1366@275,275.0,36.65501,139.91753
4972,5523,tokyo_sub_1366@154,154.0,36.65501,139.91753
4973,5524,tokyo_sub_1368@275,275.0,36.46319,140.51878
4974,5525,tokyo_sub_1368@154,154.0,36.46319,140.51878
4975,5526,tokyo_sub_1368@66,66.0,36.46319,140.51878
4976,5527,tokyo_sub_1369@275,275.0,36.47914,140.44505
4977,5528,tokyo_sub_1369@154,154.0,36.47914,140.44505
4978,5529,tokyo_sub_1370@154,154.0,36.40647,140.41072
4979,5530,tokyo_sub_1370@66,66.0,36.40647,140.41072
4980,5531,tokyo_sub_1371@154,154.0,36.21892,140.25384
4981,5532,tokyo_sub_1371@66,66.0,36.21892,140.25384
4982,5533,tokyo_sub_1373,66.0,36.45421,139.9379
4983,5534,tokyo_sub_1374,66.0,36.31032,140.5487
4984,5535,tokyo_sub_1375,66.0,36.3809,140.59368
4985,5536,tokyo_sub_1376@154,154.0,36.11948,140.16637
4986,5537,tokyo_sub_1376@66,66.0,36.11948,140.16637
4987,5538,tokyo_sub_1377@500,500.0,36.11431,140.01838
4988,5539,tokyo_sub_1377@66,66.0,36.11431,140.01838
4989,5540,tokyo_sub_1378@500,500.0,36.16775,139.90391
4990,5541,tokyo_sub_1378@154,154.0,36.16775,139.90391
4991,5542,tokyo_sub_1379@275,275.0,36.02679,139.69062
4992,5543,tokyo_sub_1379@154,154.0,36.02679,139.69062
4993,5544,tokyo_sub_1379@66,66.0,36.02679,139.69062
4994,5545,tokyo_sub_1380@275,275.0,35.92337,139.71891
4995,5546,tokyo_sub_1380@154,154.0,35.92337,139.71891
4996,5547,tokyo_sub_1380@66,66.0,35.92337,139.71891
4997,5548,tokyo_sub_1381@154,154.0,36.58162,139.82257
4998,5549,tokyo_sub_1381@66,66.0,36.58162,139.82257
4999,5550,tokyo_sub_1382@500,500.0,36.52302,140.15291
5000,5551,tokyo_sub_1382@275,275.0,36.52302,140.15291
5001,5552,tokyo_sub_1383@275,275.0,35.93308,140.62765
5002,5553,tokyo_sub_1383@66,66.0,35.93308,140.62765
5003,5554,tokyo_sub_1384,500.0,36.71272,139.83219
5004,5555,tokyo_sub_1385,154.0,36.225,139.74238
5005,5556,tokyo_sub_1386,66.0,36.71902,140.06921
5006,5557,tokyo_sub_1387,66.0,36.73986,140.15452
5007,5558,tokyo_sub_1389@154,154.0,36.62399,139.94009
5008,5559,tokyo_sub_1389@66,66.0,36.62399,139.94009
5009,5560,tokyo_sub_1390,66.0,36.00985,139.99097
5010,5561,tokyo_sub_1391@154,154.0,36.32556,139.81691
5011,5562,tokyo_sub_1391@66,66.0,36.32556,139.81691
5012,5563,tokyo_sub_1393,154.0,36.25346,139.79767
5013,5564,tokyo_sub_1394@154,154.0,36.24483,139.75608
5014,5565,tokyo_sub_1394@66,66.0,36.24483,139.75608
5015,5566,tokyo_sub_1395@500,500.0,36.31739,139.93915
5016,5567,tokyo_sub_1395@66,66.0,36.31739,139.93915
5017,5568,tokyo_sub_1396@275,275.0,35.97967,139.71607
5018,5569,tokyo_sub_1396@154,154.0,35.97967,139.71607
5019,5570,tokyo_sub_1397@500,500.0,36.11047,139.71518
5020,5571,tokyo_sub_1397@66,66.0,36.11047,139.71518
5021,5572,tokyo_sub_1398,154.0,36.13222,139.70561
5022,5573,tokyo_sub_1399,66.0,36.09868,139.72082
5023,5574,tokyo_sub_1400,66.0,36.02023,139.67673
5024,5575,tokyo_sub_1401,66.0,36.15612,139.81376
5025,5576,tokyo_sub_1402,66.0,36.17313,139.81531
5026,5577,tokyo_sub_1403,66.0,36.19725,139.81371
5027,5578,tokyo_sub_1404,66.0,35.93007,139.78498
5028,5579,tokyo_sub_1405@154,154.0,36.17493,139.7221
5029,5580,tokyo_sub_1405@66,66.0,36.17493,139.7221
5030,5581,tokyo_sub_1406,66.0,36.23372,139.73905
5031,5582,tokyo_sub_1407@154,154.0,36.27753,139.66568
5032,5583,tokyo_sub_1407@66,66.0,36.27753,139.66568
5033,5584,tokyo_sub_1408,66.0,35.9711,139.80892
5034,5585,tokyo_sub_1409@154,154.0,36.02316,139.71768
5035,5586,tokyo_sub_1409@66,66.0,36.02316,139.71768
5036,5587,tokyo_sub_1410,66.0,36.07211,139.72017
5037,5588,tokyo_sub_1411,66.0,36.0936,139.67296
5038,5589,tokyo_sub_1412,66.0,36.02762,139.73768
5039,5590,tokyo_sub_1413,66.0,35.97704,139.86285
5040,5591,tokyo_sub_1414@275,275.0,35.99753,139.84302
5041,5592,tokyo_sub_1414@66,66.0,35.99753,139.84302
5042,5593,tokyo_sub_1415,66.0,35.93739,139.87185
5043,5594,tokyo_sub_1417@154,154.0,36.55438,139.90261
5044,5595,tokyo_sub_1417@66,66.0,36.55438,139.90261
5045,5596,tokyo_sub_1418@154,154.0,36.74642,139.96675
5046,5597,tokyo_sub_1418@66,66.0,36.74642,139.96675
5047,5598,tokyo_sub_1419,66.0,36.68712,139.96656
5048,5599,tokyo_sub_1420,66.0,36.6737,140.14611
5049,5600,tokyo_sub_1421@154,154.0,36.58953,139.93359
5050,5601,tokyo_sub_1421@66,66.0,36.58953,139.93359
5051,5602,tokyo_sub_1422@154,154.0,36.57153,139.93553
5052,5603,tokyo_sub_1422@66,66.0,36.57153,139.93553
5053,5604,tokyo_sub_1423,66.0,35.94389,139.68229
5054,5605,tokyo_sub_1424,66.0,36.35853,139.73688
5055,5606,tokyo_sub_1425,154.0,35.94559,139.65793
5056,5607,tokyo_sub_1426,66.0,35.90781,140.05539
5057,5608,tokyo_sub_1427,66.0,35.95839,139.99607
5058,5609,tokyo_sub_1428,66.0,35.90428,140.17448
5059,5610,tokyo_sub_1429,154.0,36.17538,139.89346
5060,5611,tokyo_sub_1430,66.0,36.04415,140.10931
5061,5612,tokyo_sub_1431,66.0,36.27522,140.03212
5062,5613,tokyo_sub_1432,66.0,35.9551,140.31801
5063,5615,tokyo_sub_1434,66.0,36.43246,140.0026
5064,5616,tokyo_sub_1435@275,275.0,35.97283,140.25032
5065,5617,tokyo_sub_1435@66,66.0,35.97283,140.25032
5066,5619,tokyo_sub_1437@275,275.0,35.9886,140.21411
5067,5620,tokyo_sub_1437@66,66.0,35.9886,140.21411
5068,5621,tokyo_sub_1438,66.0,36.56438,139.85424
5069,5622,tokyo_sub_1439,66.0,36.5453,139.86486
5070,5623,tokyo_sub_1440,66.0,36.59382,139.85426
5071,5624,tokyo_sub_1441,66.0,36.56648,139.76355
5072,5625,tokyo_sub_1442,66.0,36.5676,139.88826
5073,5626,tokyo_sub_1443,154.0,36.08467,140.06291
5074,5627,tokyo_sub_1444,66.0,36.10819,139.81067
5075,5628,tokyo_sub_1445,66.0,36.31848,139.71935
5076,5629,tokyo_sub_1447,66.0,36.72633,139.69211
5077,5630,tokyo_sub_1448,66.0,36.37811,140.46966
5078,5631,tokyo_sub_1451,66.0,36.00981,139.9527
5079,5632,tokyo_sub_1452@500,500.0,35.96949,139.90779
5080,5633,tokyo_sub_1452@66,66.0,35.96949,139.90779
5081,5634,tokyo_sub_1453,66.0,35.98009,139.86664
5082,5635,tokyo_sub_1454@275,275.0,35.99623,139.83691
5083,5636,tokyo_sub_1454@66,66.0,35.99623,139.83691
5084,5637,tokyo_sub_1455,66.0,36.06197,139.92278
5085,5638,tokyo_sub_1456,66.0,36.08808,139.94899
5086,5639,tokyo_sub_1457,66.0,36.09198,139.95155
5087,5640,tokyo_sub_1458@275,275.0,36.01767,140.04462
5088,5641,tokyo_sub_1458@66,66.0,36.01767,140.04462
5089,5642,tokyo_sub_1459,66.0,35.90951,139.82479
5090,5643,tokyo_sub_1460,66.0,35.96918,140.61372
5091,5644,tokyo_sub_1461,66.0,35.97929,140.6112
5092,5645,tokyo_sub_1462@275,275.0,35.93159,140.63071
5093,5646,tokyo_sub_1462@66,66.0,35.93159,140.63071
5094,5647,tokyo_sub_1463,66.0,35.96465,140.61723
5095,5648,tokyo_sub_1464@275,275.0,35.91824,140.65663
5096,5649,tokyo_sub_1464@66,66.0,35.91824,140.65663
5097,5650,tokyo_sub_1465@275,275.0,35.92321,140.64737
5098,5651,tokyo_sub_1465@66,66.0,35.92321,140.64737
5099,5652,tokyo_sub_1466@154,154.0,36.32052,139.82002
5100,5653,tokyo_sub_1466@66,66.0,36.32052,139.82002
5101,5654,tokyo_sub_1467,66.0,36.31978,139.82388
5102,5655,tokyo_sub_1468,66.0,36.31796,139.82215
5103,5656,tokyo_sub_1469,66.0,36.321,139.81215
5104,5658,tokyo_sub_1471,66.0,36.38989,139.85337
5105,5659,tokyo_sub_1472,154.0,36.22943,139.75937
5106,5660,tokyo_sub_1474,66.0,36.43784,139.85905
5107,5661,tokyo_sub_1475,66.0,36.5938,139.90776
5108,5662,tokyo_sub_1476,66.0,35.91917,140.10786
5109,5663,tokyo_sub_1477,66.0,36.18996,139.68836
5110,5664,tokyo_sub_1478,66.0,36.43819,139.65814
5111,5665,tokyo_sub_1479@275,275.0,36.45405,140.59814
5112,5666,tokyo_sub_1479@154,154.0,36.45405,140.59814
5113,5667,tokyo_sub_1479@66,66.0,36.45405,140.59814
5114,5668,tokyo_sub_1480,66.0,36.43553,139.81113
5115,5669,tokyo_sub_1481,66.0,36.49056,139.71041
5116,5670,tokyo_sub_1482,66.0,36.51364,139.84861
5117,5671,tokyo_sub_1483,66.0,36.53467,139.91648
5118,5672,tokyo_sub_1484@154,154.0,36.587,139.93048
5119,5673,tokyo_sub_1484@66,66.0,36.587,139.93048
5120,5674,tokyo_sub_1485,66.0,36.3205,139.68921
5121,5675,tokyo_sub_1486,66.0,36.38813,139.73771
5122,5676,tokyo_sub_1487,66.0,35.95231,139.745
5123,5677,tokyo_sub_1489,66.0,36.78576,139.70312
5124,5678,tokyo_sub_1490,66.0,36.71623,139.69577
5125,5679,tokyo_sub_1491,66.0,36.15938,140.50232
5126,5680,tokyo_sub_1492,66.0,36.7488,139.76379
5127,5681,tokyo_sub_1493,66.0,36.67461,140.05172
5128,5682,tokyo_sub_1494@154,154.0,36.02868,139.7208
5129,5683,tokyo_sub_1494@66,66.0,36.02868,139.7208
5130,5684,tokyo_sub_1495,66.0,36.39173,140.41508
5131,5685,tokyo_sub_1496,66.0,36.39667,140.42607
5132,5686,tokyo_sub_1497,66.0,36.34366,140.47873
5133,5687,tokyo_sub_1498,66.0,36.33836,140.50118
5134,5688,tokyo_sub_1499,66.0,36.34747,140.58445
5135,5689,tokyo_sub_1500,66.0,36.38802,140.46262
5136,5690,tokyo_sub_1501,66.0,36.37236,140.4903
5137,5691,tokyo_sub_1502,66.0,36.37703,140.47985
5138,5692,tokyo_sub_1503@154,154.0,36.11948,140.16911
5139,5693,tokyo_sub_1503@66,66.0,36.11948,140.16911
5140,5694,tokyo_sub_1504,66.0,36.50691,140.61508
5141,5695,tokyo_sub_1506@275,275.0,35.90907,140.69495
5142,5696,tokyo_sub_1506@154,154.0,35.90907,140.69495
5143,5697,tokyo_sub_1506@66,66.0,35.90907,140.69495
5144,5698,tokyo_sub_1509,66.0,36.5261,140.61553
5145,5699,tokyo_sub_1510,66.0,36.23598,140.36501
5146,5700,tokyo_sub_1511,66.0,36.55068,140.42067
5147,5701,tokyo_sub_1512,66.0,36.04154,139.89142
5148,5702,tokyo_sub_1513,66.0,36.05757,139.87067
5149,5703,tokyo_sub_1514,66.0,36.4353,139.96673
5150,5704,tokyo_sub_1515,66.0,36.15226,139.76991
5151,5705,tokyo_sub_1516,66.0,36.5026,140.62099
5152,5706,tokyo_sub_1517,66.0,36.60742,140.65191
5153,5707,tokyo_sub_1518,66.0,36.60953,140.64998
5154,5708,tokyo_sub_1519,66.0,36.61614,140.64145
5155,5709,tokyo_sub_1520,66.0,35.92999,140.24197
5156,5710,tokyo_sub_1521,66.0,35.93338,140.2364
5157,5711,tokyo_sub_1522,66.0,36.65485,140.67686
5158,5712,tokyo_sub_1523@275,275.0,36.68849,140.67239
5159,5713,tokyo_sub_1523@66,66.0,36.68849,140.67239
5160,5714,tokyo_sub_1524,66.0,36.61735,140.63888
5161,5716,tokyo_sub_1526,66.0,36.4178,140.55527
5162,5717,tokyo_sub_1527,66.0,36.33488,139.93262
5163,5719,tokyo_sub_1534,66.0,36.4774,139.87435
5164,5720,tokyo_sub_1535,66.0,36.42344,139.9075
5165,5721,tokyo_sub_1538@66,66.0,36.71238,139.95601
5166,5722,tokyo_sub_1539@500,500.0,36.65512,139.9134
5167,5723,tokyo_sub_1539@154,154.0,36.65512,139.9134
5168,5724,tokyo_sub_1539@66,66.0,36.65512,139.9134
5169,5725,tokyo_sub_1540,66.0,36.71974,139.88337
5170,5726,tokyo_sub_1541,66.0,36.13419,140.0729
5171,5727,tokyo_sub_1542,66.0,36.72837,139.72212
5172,5728,tokyo_sub_1543,66.0,36.72794,139.72482
5173,5729,tokyo_sub_1544@154,154.0,36.4549,139.96597
5174,5730,tokyo_sub_1544@66,66.0,36.4549,139.96597
5175,5731,tokyo_sub_1545,66.0,36.76876,139.99333
5176,5732,tokyo_sub_1546,66.0,36.28904,139.79938
5177,5733,tokyo_sub_1547,66.0,36.28597,139.79902
5178,5734,tokyo_sub_1548,66.0,36.35433,140.43444
5179,5735,tokyo_sub_1549@275,275.0,35.91321,140.70136
5180,5736,tokyo_sub_1549@66,66.0,35.91321,140.70136
5181,5737,tokyo_sub_1550@154,154.0,36.12632,140.17214
5182,5738,tokyo_sub_1550@66,66.0,36.12632,140.17214
5183,5739,tokyo_sub_1551@154,154.0,36.13128,140.17497
5184,5740,tokyo_sub_1551@66,66.0,36.13128,140.17497
5185,5741,tokyo_sub_1552,66.0,36.13746,140.19357
5186,5742,tokyo_sub_1553,66.0,36.14186,140.26252
5187,5743,tokyo_sub_1554,66.0,36.12426,140.22463
5188,5744,tokyo_sub_1555,66.0,36.11111,140.23068
5189,5745,tokyo_sub_1556,66.0,36.10592,140.22078
5190,5746,tokyo_sub_1557,66.0,36.10449,140.20676
5191,5747,tokyo_sub_1558,66.0,36.11634,140.02061
5192,5748,tokyo_sub_1559,66.0,36.06674,139.90906
5193,5749,tokyo_sub_1560@154,154.0,36.40925,140.5154
5194,5750,tokyo_sub_1560@66,66.0,36.40925,140.5154
5195,5751,tokyo_sub_1561,154.0,36.49919,140.38202
5196,5752,tokyo_sub_1562,66.0,36.53491,140.52705
5197,5753,tokyo_sub_1563,66.0,36.22325,140.06378
5198,5754,tokyo_sub_1564,66.0,36.06754,139.67993
5199,5755,tokyo_sub_1565,66.0,36.06903,139.68286
5200,5757,tokyo_sub_1567@154,154.0,36.55297,139.98279
5201,5758,tokyo_sub_1567@66,66.0,36.55297,139.98279
5202,5759,tokyo_sub_1568,66.0,36.70364,139.72891
5203,5760,tokyo_sub_1569,66.0,36.71673,139.69657
5204,5761,tokyo_sub_1570,66.0,36.73527,139.99269
5205,5762,tokyo_sub_1573,66.0,36.47553,140.57928
5206,5763,tokyo_sub_1574,66.0,36.34336,140.50063
5207,5764,tokyo_sub_1575,154.0,36.15772,139.71528
5208,5765,tokyo_sub_1577,66.0,35.92991,139.65609
5209,5766,tokyo_sub_1578,66.0,36.18941,139.68208
5210,5767,tokyo_sub_1579,66.0,36.3961,139.73966
5211,5768,tokyo_sub_1580,66.0,36.4172,139.74048
5212,5769,tokyo_sub_1581,66.0,36.43752,139.75145
5213,5770,tokyo_sub_1582,66.0,36.48184,139.72559
5214,5771,tokyo_sub_1583,66.0,36.48611,139.7268
5215,5772,tokyo_sub_1584,66.0,36.57143,139.87964
5216,5773,tokyo_sub_1585,66.0,36.55233,139.93944
5217,5774,tokyo_sub_1588@275,275.0,36.44506,140.59919
5218,5775,tokyo_sub_1588@154,154.0,36.44506,140.59919
5219,5776,tokyo_sub_1589,66.0,36.40538,139.79071
5220,5777,tokyo_sub_1590,154.0,36.49687,139.90537
5221,5778,tokyo_sub_1592@154,154.0,36.56161,139.90708
5222,5779,tokyo_sub_1592@66,66.0,36.56161,139.90708
5223,5780,tokyo_sub_1593,66.0,36.55828,139.93994
5224,5781,tokyo_sub_1594@154,154.0,36.47056,139.88296
5225,5782,tokyo_sub_1594@66,66.0,36.47056,139.88296
5226,5783,tokyo_sub_1595,66.0,36.31999,139.80062
5227,5784,tokyo_sub_1596,66.0,36.41352,139.70145
5228,5785,tokyo_sub_1597,66.0,36.20026,139.70789
5229,5786,tokyo_sub_1598,66.0,36.2594,139.75144
5230,5787,tokyo_sub_1599,66.0,36.30896,139.97052
5231,5788,tokyo_sub_1600,66.0,36.3871,139.96424
5232,5789,tokyo_sub_1601,66.0,36.37421,139.96224
5233,5790,tokyo_sub_1602,66.0,36.33117,139.87992
5234,5791,tokyo_sub_1603,66.0,36.30327,139.88355
5235,5792,tokyo_sub_1604,66.0,36.17556,139.76433
5236,5793,tokyo_sub_1605,66.0,36.11042,139.78611
5237,5794,tokyo_sub_1606@154,154.0,36.27881,139.78119
5238,5795,tokyo_sub_1606@66,66.0,36.27881,139.78119
5239,5796,tokyo_sub_1607@154,154.0,36.3001,139.80004
5240,5797,tokyo_sub_1607@66,66.0,36.3001,139.80004
5241,5798,tokyo_sub_1608@154,154.0,36.19818,139.73425
5242,5799,tokyo_sub_1608@66,66.0,36.19818,139.73425
5243,5800,tokyo_sub_1609,66.0,36.27912,139.85672
5244,5801,tokyo_sub_1610,66.0,36.47471,139.82276
5245,5802,tokyo_sub_1611,66.0,36.49903,139.85344
5246,5803,tokyo_sub_1612,66.0,36.55497,139.7453
5247,5804,tokyo_sub_1613,66.0,36.55304,139.75529
5248,5805,tokyo_sub_1614,66.0,36.53538,139.81255
5249,5806,tokyo_sub_1615,66.0,36.52506,139.86334
5250,5807,tokyo_sub_1616,66.0,36.59764,139.74854
5251,5808,tokyo_sub_1617,66.0,36.6522,139.7146
5252,5809,tokyo_sub_1618,66.0,36.68135,139.7485
5253,5810,tokyo_sub_1621@500,500.0,36.66238,139.83595
5254,5811,tokyo_sub_1621@154,154.0,36.66238,139.83595
5255,5812,tokyo_sub_1622,66.0,36.61455,139.92385
5256,5813,tokyo_sub_1623,66.0,36.55855,140.014
5257,5814,tokyo_sub_1624@154,154.0,36.56221,140.01085
5258,5815,tokyo_sub_1624@66,66.0,36.56221,140.01085
5259,5816,tokyo_sub_1625,66.0,36.56686,140.01095
5260,5817,tokyo_sub_1629,66.0,36.24759,139.92938
5261,5818,tokyo_sub_1630,66.0,36.18044,139.95452
5262,5819,tokyo_sub_1631,66.0,36.14956,140.04489
5263,5820,tokyo_sub_1632,66.0,36.37729,140.58617
5264,5821,tokyo_sub_1633,66.0,36.24039,140.20219
5265,5822,tokyo_sub_1634,66.0,36.18507,140.28131
5266,5823,tokyo_sub_1635,66.0,36.02677,140.50668
5267,5824,tokyo_sub_1636,66.0,36.16761,140.34524
5268,5825,tokyo_sub_1637,66.0,36.10334,140.55236
5269,5826,tokyo_sub_1638,66.0,36.15582,140.44427
5270,5827,tokyo_sub_1639,66.0,36.27959,140.33609
5271,5829,tokyo_sub_1641@154,154.0,36.45727,140.53582
5272,5830,tokyo_sub_1641@66,66.0,36.45727,140.53582
5273,5831,tokyo_sub_1642@154,154.0,36.44293,140.4551
5274,5832,tokyo_sub_1642@66,66.0,36.44293,140.4551
5275,5833,tokyo_sub_1643,66.0,36.34621,140.29984
5276,5834,tokyo_sub_1644,66.0,36.34494,140.29869
5277,5835,tokyo_sub_1645,66.0,36.36684,140.11429
5278,5836,tokyo_sub_1646,66.0,36.28861,140.08116
5279,5837,tokyo_sub_1647,66.0,36.09612,139.9023
5280,5839,tokyo_sub_1649@275,275.0,35.97078,139.74114
5281,5840,tokyo_sub_1649@66,66.0,35.97078,139.74114
5282,5841,tokyo_sub_1650,66.0,35.98684,139.75972
5283,5842,tokyo_sub_1651,66.0,36.0544,139.80085
5284,5843,tokyo_sub_1652@275,275.0,35.92751,139.90746
5285,5844,tokyo_sub_1652@154,154.0,35.92751,139.90746
5286,5845,tokyo_sub_1652@66,66.0,35.92751,139.90746
5287,5846,tokyo_sub_1653,66.0,36.04285,140.19023
5288,5847,tokyo_sub_1654,66.0,36.08266,140.20566
5289,5848,tokyo_sub_1655,66.0,35.99814,140.2737
5290,5849,tokyo_sub_1656,66.0,35.92617,140.1072
5291,5850,tokyo_sub_1657,66.0,36.01305,140.14456
5292,5851,tokyo_sub_1658,66.0,35.93293,140.00553
5293,5852,tokyo_sub_1659,66.0,35.97623,140.08986
5294,5853,tokyo_sub_1660,66.0,36.41227,140.56646
5295,5854,tokyo_sub_1661,66.0,36.70706,140.50437
5296,5855,tokyo_sub_1662,66.0,36.76437,140.36331
5297,5856,tokyo_sub_1663@154,154.0,36.53622,140.37553
5298,5857,tokyo_sub_1663@66,66.0,36.53622,140.37553
5299,5858,tokyo_sub_1664,66.0,36.74722,140.69645
5300,5859,tokyo_sub_1665,66.0,36.58956,140.64968
5301,5860,tokyo_sub_1666,66.0,36.36817,139.71423
5302,5861,tokyo_sub_1667,66.0,36.36334,139.71464
5303,5863,tokyo_sub_1669,66.0,35.94797,140.56312
5304,5864,tokyo_sub_1670,66.0,35.93843,140.40152
5305,5865,tokyo_sub_1671,66.0,36.55695,139.88326
5306,5866,tokyo_sub_1672@154,154.0,36.7373,139.96403
5307,5867,tokyo_sub_1672@66,66.0,36.7373,139.96403
5308,5868,tokyo_sub_1676,66.0,36.62067,140.35996
5309,5869,tokyo_sub_1677,154.0,36.53968,140.20443
5310,5871,tokyo_sub_1679,154.0,36.06418,140.07463
5311,5872,tokyo_sub_1680,154.0,36.086,140.09774
5312,5873,tokyo_sub_1681,66.0,35.90854,139.93809
5313,5874,tokyo_sub_1682@275,275.0,35.91021,139.94503
5314,5875,tokyo_sub_1682@66,66.0,35.91021,139.94503
5315,5876,tokyo_sub_1683,66.0,36.05698,139.67872
5316,5877,tokyo_sub_1684,66.0,35.98767,139.65825
5317,5878,tokyo_sub_1685,66.0,35.99879,139.65387
5318,5879,tokyo_sub_1686,66.0,36.40686,139.97067
5319,5880,tokyo_sub_1687@154,154.0,36.15719,139.76775
5320,5881,tokyo_sub_1687@66,66.0,36.15719,139.76775
5321,5882,tokyo_sub_1688,66.0,36.15715,139.85346
5322,5883,tokyo_sub_1689@154,154.0,36.35198,140.37001
5323,5884,tokyo_sub_1689@66,66.0,36.35198,140.37001
5324,5885,tokyo_sub_1690,66.0,36.3744,140.363
5325,5886,tokyo_sub_1691,66.0,36.54742,140.44341
5326,5887,tokyo_sub_1692,66.0,36.72785,140.71729
5327,5888,tokyo_sub_1693,66.0,36.70565,140.71126
5328,5889,tokyo_sub_1694,66.0,36.12504,140.24363
5329,5891,tokyo_sub_1696,66.0,35.90789,140.29046
5330,5892,tokyo_sub_1697,66.0,36.79138,140.71674
5331,5893,tokyo_sub_1698,66.0,36.66501,140.69289
5332,5894,tokyo_sub_1699,66.0,36.63232,140.67694
5333,5895,tokyo_sub_1700,66.0,36.56419,140.62919
5334,5896,tokyo_sub_1701,66.0,36.53257,140.55803
5335,5897,tokyo_sub_1702,66.0,36.37707,140.2483
5336,5898,tokyo_sub_1703@500,500.0,36.34542,140.0321
5337,5899,tokyo_sub_1703@66,66.0,36.34542,140.0321
5338,5900,tokyo_sub_1704,66.0,36.21447,140.29658
5339,5901,tokyo_sub_1705,154.0,36.10363,139.74345
5340,5902,tokyo_sub_1706,66.0,36.11059,140.00362
5341,5903,tokyo_sub_1707,66.0,35.98541,139.95012
5342,5904,tokyo_sub_1708,66.0,36.08128,140.19935
5343,5905,tokyo_sub_1709,66.0,36.07604,140.17853
5344,5906,tokyo_sub_1710,66.0,36.03176,140.04892
5345,5907,tokyo_sub_1711,66.0,36.06955,140.1342
5346,5909,tokyo_sub_1713,66.0,35.93668,140.22694
5347,5910,tokyo_sub_1715,66.0,36.7704,139.84763
5348,5911,tokyo_sub_1716,66.0,36.57457,139.93394
5349,5912,tokyo_sub_1717,154.0,36.62461,139.9902
5350,5913,tokyo_sub_1719,66.0,36.77283,139.97748
5351,5914,tokyo_sub_1720,66.0,36.02523,140.14462
5352,5915,tokyo_sub_1721@154,154.0,36.40153,140.52276
5353,5916,tokyo_sub_1721@66,66.0,36.40153,140.52276
5354,5917,tokyo_sub_1722,66.0,36.07132,140.16312
5355,5918,tokyo_sub_1723@154,154.0,36.28725,139.83276
5356,5919,tokyo_sub_1723@66,66.0,36.28725,139.83276
5357,5920,tokyo_sub_1724,66.0,36.71897,139.88345
5358,5923,tokyo_sub_1728@154,154.0,35.54162,139.25153
5359,5924,tokyo_sub_1728@66,66.0,35.54162,139.25153
5360,5925,tokyo_sub_1729,154.0,36.08323,138.08812
5361,5927,tokyo_sub_1731,500.0,36.13479,137.88469
5362,5938,tokyo_sub_1742@154,154.0,35.82277,139.80155
5363,5939,tokyo_sub_1742@66,66.0,35.82277,139.80155
5364,5941,tokyo_sub_1744,66.0,37.10475,138.89892
5365,5944,tokyo_sub_1747,66.0,37.15906,138.93176
5366,5947,tokyo_sub_1750,66.0,35.32906,139.3644
5367,5948,tokyo_sub_1751,154.0,35.53358,139.70784
5368,5961,tokyo_sub_1764,66.0,37.21365,138.32881
5369,5962,tokyo_sub_1765,66.0,37.15288,138.27468
5370,5965,tokyo_sub_1767,66.0,37.05495,137.91795
5371,5966,tokyo_sub_1768,66.0,37.28275,138.39601
5372,5967,tokyo_sub_1769,66.0,37.09271,137.98919
5373,5968,tokyo_sub_1770,66.0,37.17521,138.26652
5374,5969,tokyo_sub_1771@66,66.0,37.07402,138.25953
5375,5971,tokyo_sub_1773,66.0,37.12362,138.27003
5376,5972,tokyo_sub_1774,66.0,37.14983,138.23505
5377,5973,tokyo_sub_1775,66.0,37.162,138.23043
5378,5976,tokyo_sub_1778@66,66.0,37.04364,138.84745
5379,5977,tokyo_sub_1779@154,154.0,37.29878,138.8115
5380,5978,tokyo_sub_1779@66,66.0,37.29878,138.8115
5381,5979,tokyo_sub_1780@154,154.0,37.29464,138.80702
5382,5980,tokyo_sub_1780@66,66.0,37.29464,138.80702
5383,5981,tokyo_sub_1781,66.0,37.13883,138.75564
5384,5982,tokyo_sub_1782,66.0,37.11507,138.74138
5385,5983,tokyo_sub_1783@154,154.0,37.14952,138.73564
5386,5984,tokyo_sub_1783@66,66.0,37.14952,138.73564
5387,5985,tokyo_sub_1784,66.0,37.07076,138.87751
5388,5986,tokyo_sub_1785,66.0,37.13027,138.78976
5389,5987,tokyo_sub_1786@154,154.0,37.01658,138.65717
5390,5988,tokyo_sub_1786@66,66.0,37.01658,138.65717
5391,5991,tokyo_sub_1789@154,154.0,37.05699,138.8603
5392,5992,tokyo_sub_1789@66,66.0,37.05699,138.8603
