row,element,element_id,name,from_ppc_bus,to_ppc_bus,kv,capacity_mva,x_pu,is_bridge
0,line,0,下北変電所~東通変電所線,15,11,154.0,800.21,7.4e-05,0
1,line,1,東通変電所~東通村変電所線,15,20,154.0,533.47,4.2e-05,0
2,line,2,東北電力ネットワーク 66.0kV線,12,1,66.0,137.18,0.000433,1
3,line,3,東北電力ネットワーク 66.0kV線,12,2,66.0,137.18,8.7e-05,1
4,line,4,大畑線,12,6,66.0,137.18,0.000185,0
5,line,5,下北線,11,7,154.0,533.47,0.000144,0
6,line,6,大間町変電所~東通変電所線,22,0,500.0,6928.2,3.5e-05,1
7,line,7,佐井線,13,3,66.0,137.18,6.3e-05,1
8,line,8,佐井線,3,4,66.0,137.18,0.001648,1
9,line,9,大間町変電所~佐井変電所線,3,5,66.0,68.59,0.000332,1
10,line,10,大間町変電所~佐井変電所線,17,23,66.0,68.59,8e-06,1
11,line,11,leadin,17,24,66.0,68.59,1e-06,1
12,line,12,大間町変電所~佐井変電所線,23,25,66.0,68.59,3.8e-05,1
13,line,13,大間町変電所~佐井変電所線,25,5,66.0,68.59,0.00036,1
14,line,14,leadin,5,10,66.0,68.59,0.000186,1
15,line,15,大畑線,14,6,66.0,137.18,0.000364,1
16,line,16,東通支線,6,16,66.0,137.18,0.000555,0
17,line,17,東通変電所~東通村変電所線,9,19,66.0,68.59,0.00042,0
18,line,18,東通変電所~東通村変電所線,16,21,66.0,68.59,0.000486,0
19,line,19,東通変電所~東通村変電所線,21,19,66.0,68.59,3.5e-05,0
20,line,20,東通変電所~東通村変電所線,20,18,154.0,533.47,3e-06,0
21,line,21,東通変電所~東通村変電所線,18,8,154.0,533.47,3.9e-05,0
22,line,22,namebind,871,872,66.0,68.59,0.001346,0
23,line,23,中条変電所~胎内市変電所線,871,102,66.0,68.59,0.000145,0
24,line,24,東北電力ネットワーク 66.0kV線,871,27,66.0,68.59,0.00025,0
25,line,25,東北電力ネットワーク 66.0kV線,871,173,66.0,68.59,0.001272,1
26,line,26,東北電力ネットワーク 66.0kV線,26,27,66.0,68.59,0.000527,1
27,line,27,中条変電所~新発田変電所線,27,872,66.0,68.59,0.001201,0
28,line,28,佐々木変電所~宿田変電所線,869,28,66.0,137.18,4.2e-05,1
29,line,29,佐々木変電所~坂町変電所線,869,868,66.0,137.18,0.000292,0
30,line,30,佐々木変電所~胎内市変電所線,869,102,66.0,137.18,0.000346,0
31,line,31,leadin,28,881,66.0,68.59,0.000164,1
32,line,32,佐々木変電所~宿田変電所線,28,870,66.0,137.18,0.000141,1
33,line,33,東北電力ネットワーク 66.0kV線,870,103,66.0,137.18,0.000701,1
34,line,34,坂町変電所~鹿瀬変電所線,867,901,154.0,533.47,0.000379,0
35,line,35,北変電所~坂町変電所線,867,104,154.0,800.21,2.3e-05,0
36,line,36,坂町変電所~倉沢変電所線,867,1302,154.0,533.47,0.0005,0
37,line,37,小国小坂町三丁目変電所~北変電所線,29,890,66.0,137.18,3.8e-05,1
38,line,38,小国小坂町三丁目変電所~北変電所線,890,892,66.0,68.59,0.000104,0
39,line,39,坂町変電所~小国小坂町三丁目変電所線,890,139,66.0,137.18,0.000254,0
40,line,40,中田山崎変電所~小国小坂町三丁目変電所線,890,911,66.0,68.59,0.000942,0
41,line,41,北変電所~小国小坂町三丁目変電所線,890,140,66.0,68.59,0.001034,1
42,line,43,南いわき幹線,1008,30,500.0,6928.2,0.000113,1
43,line,44,川内線,1008,979,500.0,6928.2,1.7e-05,0
44,line,45,南相馬変電所~南いわき開閉所線,1008,996,500.0,6928.2,1.5e-05,0
45,line,46,猪苗代新幹線,31,32,154.0,533.47,0.000172,0
46,line,47,東那須野線,31,1002,154.0,533.47,4e-06,0
47,line,48,猪苗代旧幹線,31,1004,154.0,533.47,0.000495,0
48,line,49,猪苗代新幹線,32,33,154.0,533.47,0.000153,0
49,line,50,栃那線 / 西那須野線,32,1002,154.0,1066.94,8.8e-05,0
50,line,51,湯津上線,796,34,66.0,137.18,1.8e-05,0
51,line,52,大田原線,796,112,66.0,137.18,4.6e-05,0
52,line,53,湯津上線,34,35,66.0,137.18,7.5e-05,0
53,line,54,富池線,34,1003,66.0,274.36,0.000158,0
54,line,55,湯津上線,35,1262,66.0,137.18,0.000386,0
55,line,56,黒川線,35,210,66.0,137.18,5.4e-05,1
56,line,57,栃那線 / 西那須野線,1003,50,66.0,68.59,0.000258,0
57,line,58,那須線,1003,167,66.0,137.18,5.9e-05,0
58,line,59,猪苗代旧幹線,910,36,154.0,533.47,6.7e-05,0
59,line,60,喜多方市変電所~会津若松市変電所線,910,833,154.0,1066.94,6e-06,0
60,line,61,猪苗代旧幹線,910,1004,154.0,533.47,0.000131,0
61,line,62,長瀬川線,910,86,154.0,533.47,9e-05,1
62,line,63,leadin,36,847,154.0,266.74,3.3e-05,1
63,line,64,猪苗代旧幹線,36,1004,154.0,533.47,7.2e-05,0
64,line,65,猪苗代旧幹線,1004,37,154.0,533.47,0.000293,0
65,line,66,猪苗代旧幹線,37,38,154.0,533.47,8.4e-05,0
66,line,67,東北送電線_70,37,241,154.0,266.74,1.8e-05,1
67,line,68,猪苗代旧幹線,38,1102,154.0,533.47,9.3e-05,0
68,line,69,豊原線,38,1194,154.0,533.47,2e-05,1
69,line,70,猪苗代旧幹線,1102,1002,154.0,533.47,2.6e-05,0
70,line,71,西那須野‐黒磯線,928,1002,154.0,228.63,0.000279,0
71,line,72,西那須野‐黒磯線,1002,1102,154.0,533.47,2.8e-05,0
72,line,73,五新線,799,854,66.0,137.18,0.000355,1
73,line,74,木越線,854,939,66.0,137.18,7.4e-05,0
74,line,75,木越変電所~五泉変電所線,854,101,66.0,137.18,0.000241,0
75,line,76,西新潟線,800,809,154.0,533.47,0.000124,0
76,line,77,中新潟線,800,824,154.0,533.47,0.000118,0
77,line,78,阿賀野市変電所~新津変電所線,800,156,154.0,266.74,0.000167,1
78,line,79,五泉変電所~新潟変電所線,800,806,154.0,1066.94,5.3e-05,0
79,line,80,中西線;紫竹線,809,792,154.0,1066.94,9e-06,0
80,line,81,中新潟線,824,826,154.0,800.21,3e-06,0
81,line,82,牡丹山六丁目変電所~大形変電所線,824,820,154.0,1066.94,9e-06,0
82,line,83,大山一丁目変電所~東北電力ネットワーク(株)中新潟変電所線,824,822,154.0,266.74,2.2e-05,0
83,line,84,中西線;山木戸線,826,790,154.0,1066.94,6e-06,0
84,line,85,新津小須戸線,39,802,66.0,137.18,0.000147,1
85,line,86,大秋変電所~小須戸変電所線,39,819,66.0,68.59,0.000313,1
86,line,87,東北電力ネットワーク 66.0kV線,39,42,66.0,68.59,4.6e-05,1
87,line,88,紫竹変電所~新町三丁目変電所線,802,861,66.0,68.59,6e-05,0
88,line,89,紫竹変電所~新町三丁目変電所線,802,860,66.0,68.59,0.001013,0
89,line,90,新潟変電所~JR東日本 新崎変電所線,806,40,154.0,533.47,0.000169,0
90,line,91,新潟変電所~陣ケ峰変電所線,806,51,154.0,533.47,0.000232,0
91,line,92,東北電力ネットワーク 154.0kV線,806,105,154.0,533.47,2.5e-05,0
92,line,93,木越変電所~新潟変電所線,806,938,154.0,1066.94,2.8e-05,1
93,line,94,新潟変電所~陣ケ峰変電所線,806,53,154.0,533.47,0.000119,0
94,line,95,JR東日本 新崎変電所~大形変電所線,40,820,154.0,533.47,3.5e-05,0
95,line,96,JR東日本 新崎変電所~豊栄変電所線,40,162,154.0,1066.94,9e-06,0
96,line,97,本名変電所~新潟変電所線,837,805,275.0,1905.26,0.000108,0
97,line,98,本名変電所~田子倉発電所線,837,71,275.0,1905.26,2.8e-05,0
98,line,99,喜多方市変電所~本名変電所線,837,81,275.0,1905.26,2.2e-05,0
99,line,100,新潟変電所~米沢変電所線,805,1006,275.0,1905.26,0.000197,0
100,line,101,越後開閉所~新潟変電所線,805,856,275.0,1905.26,6.2e-05,0
101,line,102,白根水道町変電所~小須戸変電所線,41,863,66.0,137.18,0.000487,1
102,line,103,白根水道町変電所~小須戸変電所線,863,819,66.0,137.18,0.000243,1
103,line,104,福島変電所~米沢変電所線,1006,1079,275.0,1905.26,2.4e-05,0
104,line,105,蔵王幹線,1006,1135,275.0,1905.26,0.000155,0
105,line,106,喜多方市変電所~本名変電所線,1006,81,275.0,2857.88,9.7e-05,0
106,line,107,東港一丁目変電所~越後開閉所線,856,922,275.0,1905.26,5.6e-05,0
107,line,108,北新潟変電所~越後開閉所線,856,811,275.0,1905.26,5.8e-05,0
108,line,109,越後開閉所~中越変電所線,856,865,275.0,1905.26,0.000145,0
109,line,110,新発田変電所~越後開閉所線,856,152,275.0,952.63,4.6e-05,0
110,line,111,東港一丁目変電所~位守町変電所線,923,921,154.0,533.47,3e-06,0
111,line,112,東港一丁目変電所~北新潟変電所線,923,812,154.0,266.74,5.8e-05,0
112,line,113,笹山開閉所~北新潟変電所線,812,797,154.0,800.21,1.8e-05,0
113,line,114,東港一丁目変電所~位守町変電所線,922,920,275.0,2857.88,1e-06,0
114,line,115,東港一丁目変電所~北新潟変電所線,922,811,275.0,3810.51,4e-06,0
115,line,116,大秋変電所~覚路津変電所線,42,814,66.0,68.59,0.000328,1
116,line,117,東北電力ネットワーク 66.0kV線,42,815,66.0,68.59,6.8e-05,1
117,line,118,東北電力ネットワーク 66.0kV線,860,858,66.0,137.18,2.8e-05,0
118,line,119,中西線;紫竹線,860,793,66.0,68.59,0.000161,0
119,line,120,中西線;紫竹線,793,43,66.0,137.18,9.2e-05,0
120,line,121,中西線;紫竹線,859,792,154.0,1066.94,7e-06,0
121,line,122,中西線;山木戸線,859,857,154.0,1066.94,2e-06,0
122,line,123,牡丹山六丁目変電所~大形変電所線,825,821,66.0,68.59,0.000212,0
123,line,124,leadin,821,181,66.0,137.18,3.4e-05,1
124,line,125,佐々木変電所~大形変電所線,821,817,66.0,137.18,0.000355,0
125,line,126,大形変電所~紫竹変電所線,821,791,66.0,137.18,0.000147,0
126,line,127,北新潟変電所~新発田変電所線,813,872,66.0,274.36,0.000124,0
127,line,128,笹山開閉所~北新潟変電所線,813,798,66.0,68.59,0.000311,0
128,line,129,紫竹線,43,810,66.0,137.18,2e-05,0
129,line,130,leadin,43,794,66.0,68.59,0.000205,1
130,line,131,位守町変電所~東港一丁目変電所線,921,919,154.0,533.47,4e-06,1
131,line,132,新町三丁目変電所~新津変電所線,861,801,66.0,68.59,0.000103,0
132,line,133,佐々木変電所~大形変電所線,818,44,66.0,137.18,0.000193,1
133,line,134,佐々木変電所~大形変電所線,44,817,66.0,137.18,3e-05,1
134,line,135,阿賀野市変電所~葛塚変電所線,44,154,66.0,137.18,0.000434,1
135,line,136,葛塚変電所~豊栄変電所線,817,918,66.0,137.18,0.000148,0
136,line,137,namebind,822,894,154.0,266.74,5.6e-05,1
137,line,140,東北電力ネットワーク(株)中新潟変電所~小金町一丁目変電所線,827,795,66.0,137.18,1.5e-05,0
138,line,141,leadin,827,882,66.0,68.59,0.000223,1
139,line,142,中西線;山木戸線,827,791,66.0,68.59,0.000129,0
140,line,143,東北電力ネットワーク(株)中新潟変電所~大山一丁目変電所線,827,823,66.0,411.54,1.5e-05,0
141,line,144,中西線;山木戸線,791,858,66.0,205.77,7e-06,0
142,line,145,中西線;山木戸線,790,857,154.0,1066.94,1e-06,0
143,line,147,新いわき幹線,45,979,500.0,6928.2,6.3e-05,1
144,line,148,平五丁目変電所~中越変電所線,46,866,154.0,800.21,8.8e-05,1
145,line,149,平五丁目変電所~陣ケ峰変電所線,866,51,154.0,1066.94,6.1e-05,0
146,line,150,平五丁目変電所~渋川変電所線,47,48,154.0,533.47,0.000142,1
147,line,151,渋川変電所~越川変電所線,48,804,154.0,266.74,0.000385,1
148,line,152,東北電力ネットワーク 154.0kV線,48,148,154.0,266.74,0.000121,1
149,line,153,石上線,49,940,66.0,137.18,5e-05,1
150,line,154,栃那線 / 西那須野線,49,137,66.0,68.59,0.00045,0
151,line,155,栃那線 / 西那須野線,49,110,66.0,68.59,0.000118,0
152,line,156,石上線,940,828,66.0,137.18,3.3e-05,1
153,line,157,BS島方線,50,889,66.0,137.18,5.3e-05,1
154,line,158,栃那線 / 西那須野線,50,132,66.0,68.59,0.000289,0
155,line,162,平五丁目変電所~陣ケ峰変電所線,51,52,154.0,533.47,2e-06,0
156,line,163,新潟変電所~陣ケ峰変電所線,51,99,154.0,533.47,9.3e-05,0
157,line,164,東北送電線_39,52,99,154.0,266.74,3e-06,0
158,line,165,平五丁目変電所~陣ケ峰変電所線,52,53,154.0,533.47,0.000106,0
159,line,166,東北電力ネットワーク 154.0kV線,53,99,154.0,533.47,0.000108,0
160,line,167,喜多方市変電所~会津変電所線,54,55,154.0,533.47,7.6e-05,0
161,line,168,喜多方市変電所~上田変電所線,54,82,154.0,533.47,0.000198,0
162,line,169,東北送電線_6,54,90,154.0,266.74,1e-05,1
163,line,170,喜多方市変電所~会津変電所線,55,839,154.0,533.47,4.1e-05,0
164,line,171,河東町岡田変電所~若松変電所線,55,114,154.0,533.47,3.1e-05,0
165,line,172,字下園変電所~会津変電所線,839,846,154.0,1066.94,3e-06,0
166,line,173,会津変電所~喜多方市変電所線,839,89,154.0,533.47,0.000173,0
167,line,174,喜多方市変電所~会津若松市変電所線,846,908,154.0,1066.94,1.4e-05,0
168,line,175,字下園変電所~会津変電所線,846,849,154.0,1066.94,3.5e-05,0
169,line,176,喜多方市変電所~会津若松市変電所線,908,903,154.0,533.47,7e-06,0
170,line,177,喜多方市変電所~磐梯町変電所線,908,833,154.0,533.47,1.3e-05,0
171,line,178,喜多方市変電所~会津若松市変電所線,903,833,154.0,533.47,6e-06,0
172,line,179,大字更科変電所~磐梯町変電所線,850,56,66.0,137.18,0.000268,0
173,line,180,大字更科変電所~字下園変電所線,850,1074,66.0,137.18,0.000437,1
174,line,181,大字更科変電所~磐梯町変電所線,850,888,66.0,137.18,5.1e-05,1
175,line,182,東北電力ネットワーク 66.0kV線,56,904,66.0,137.18,3.3e-05,0
176,line,183,磐梯町変電所~会津変電所線,56,907,66.0,137.18,5.4e-05,0
177,line,184,字横堀下変電所~下郷町変電所線,57,58,66.0,68.59,0.000918,0
178,line,185,東北電力ネットワーク 66.0kV線,57,832,66.0,137.18,0.000197,1
179,line,186,若松変電所~字横堀下変電所線,57,150,66.0,137.18,5.8e-05,0
180,line,187,東北送電線_2,58,74,66.0,68.59,0.000547,1
181,line,188,東北電力ネットワーク 66.0kV線,58,925,66.0,68.59,6.3e-05,0
182,line,189,東北電力ネットワーク 66.0kV線,836,59,66.0,137.18,4.4e-05,0
183,line,190,若松変電所~神指変電所線,836,60,66.0,137.18,6.1e-05,0
184,line,191,若松変電所~神指変電所線,59,831,66.0,137.18,9.5e-05,0
185,line,192,神指変電所~河東町倉橋変電所線,59,63,66.0,137.18,9.4e-05,0
186,line,193,東北電力ネットワーク 66.0kV線,60,831,66.0,137.18,2.7e-05,0
187,line,194,東北電力ネットワーク 66.0kV線,60,61,66.0,137.18,2.2e-05,0
188,line,195,東北電力ネットワーク 66.0kV線,831,61,66.0,137.18,2.6e-05,0
189,line,196,東北電力ネットワーク 66.0kV線,831,62,66.0,137.18,0.000394,1
190,line,197,東北電力ネットワーク 66.0kV線,61,93,66.0,274.36,1.9e-05,0
191,line,198,河東町倉橋変電所~会津若松変電所線,63,902,66.0,137.18,0.000106,0
192,line,199,河東町倉橋変電所~河東町岡田変電所線,63,64,66.0,137.18,5.5e-05,0
193,line,200,東北電力ネットワーク 66.0kV線,902,835,66.0,68.59,1e-05,0
194,line,201,東北電力ネットワーク 66.0kV線,835,64,66.0,68.59,9.8e-05,0
195,line,202,河東町倉橋変電所~河東町岡田変電所線,64,905,66.0,137.18,0.000174,0
196,line,203,東北電力ネットワーク 66.0kV線,829,113,66.0,137.18,3.2e-05,1
197,line,204,北滝沢一丁目変電所~会津変電所線,829,65,66.0,137.18,0.000157,0
198,line,205,namebind,829,909,66.0,68.59,0.000524,0
199,line,206,北滝沢一丁目変電所~会津変電所線,65,66,66.0,137.18,4.7e-05,0
200,line,207,河東町広田変電所~会津若松市変電所線,65,80,66.0,137.18,2e-05,1
201,line,208,北滝沢一丁目変電所~会津変電所線,66,905,66.0,137.18,0.000142,0
202,line,209,河東町東長原変電所~河東町広田変電所線,66,907,66.0,137.18,4.5e-05,0
203,line,210,東北電力ネットワーク 66.0kV線,66,906,66.0,137.18,5.3e-05,1
204,line,211,北滝沢一丁目変電所~会津変電所線,905,840,66.0,548.71,4e-06,0
205,line,212,磐梯町変電所~会津変電所線,905,907,66.0,137.18,0.000142,0
206,line,213,喜多方市変電所~会津変電所線,840,85,66.0,137.18,0.000154,1
207,line,214,東北電力ネットワーク 66.0kV線,842,844,66.0,68.59,2.3e-05,0
208,line,215,leadin,842,91,66.0,137.18,4.5e-05,1
209,line,216,喜多方市変電所~上田変電所線,842,67,66.0,68.59,0.001878,1
210,line,217,田子倉発電所~渋川変電所線,803,68,275.0,1905.26,9.8e-05,0
211,line,218,田子倉発電所~魚沼市変電所線,803,70,275.0,1905.26,3e-05,1
212,line,219,本名変電所~田子倉発電所線,803,72,275.0,1905.26,5e-06,0
213,line,220,渋川変電所~越川変電所線,804,69,154.0,266.74,0.000287,0
214,line,221,本名変電所~越川変電所線,69,838,154.0,266.74,9.8e-05,0
215,line,222,東北電力ネットワーク 154.0kV線,69,926,154.0,533.47,1.3e-05,1
216,line,223,田子倉発電所~魚沼市変電所線,70,834,275.0,1905.26,1.4e-05,1
217,line,224,東北送電線_18,70,135,275.0,1905.26,3e-06,1
218,line,225,東北電力ネットワーク 275.0kV線,834,73,275.0,2857.88,1e-06,1
219,line,226,奥只見線,834,78,275.0,1905.26,2.6e-05,1
220,line,227,本名変電所~田子倉発電所線,71,72,275.0,1905.26,2.1e-05,0
221,line,228,東北送電線_40,71,158,275.0,952.63,8e-06,1
222,line,229,東北送電線_13,72,100,275.0,952.63,3e-06,1
223,line,230,下郷線 / 塩原線,75,76,500.0,6928.2,1.3e-05,0
224,line,231,下郷線,75,924,500.0,3464.1,5.5e-05,0
225,line,232,塩原線,75,98,500.0,3464.1,2.1e-05,1
226,line,233,下郷線 / 塩原線,76,77,500.0,6928.2,1.3e-05,1
227,line,234,今市線,76,134,500.0,3464.1,1e-06,1
228,line,235,奥只見線,78,79,275.0,1905.26,0.00013,1
229,line,236,東北送電線_19,78,136,275.0,952.63,4e-06,1
230,line,237,東北電力ネットワーク 154.0kV線,838,165,154.0,533.47,6e-06,1
231,line,238,本名変電所~上田変電所線,838,82,154.0,533.47,4.4e-05,0
232,line,239,鹿瀬変電所~本名変電所線,838,927,154.0,266.74,0.000105,0
233,line,240,東北電力ネットワーク 275.0kV線,81,164,275.0,3810.51,0.0,1
234,line,241,東北電力ネットワーク 154.0kV線,82,927,154.0,533.47,1.2e-05,0
235,line,242,喜久田変電所~会津変電所線,849,335,154.0,1066.94,0.000134,0
236,line,243,字下園変電所~福島変電所線,849,223,154.0,533.47,0.000275,0
237,line,244,東北送電線_3,83,848,66.0,68.59,0.000548,1
238,line,245,喜多方市変電所~会津変電所線,83,85,66.0,137.18,0.000123,1
239,line,246,東北電力ネットワーク 66.0kV線,83,177,66.0,137.18,9.7e-05,1
240,line,247,東北送電線_3,848,84,66.0,68.59,3.4e-05,1
241,line,248,東北送電線_14,85,133,66.0,68.59,0.00019,1
242,line,249,東北送電線_5,926,97,154.0,266.74,0.000183,1
243,line,250,長瀬川線,86,87,154.0,533.47,2.6e-05,1
244,line,251,東京電力パワーグリッド 154.0kV線,86,239,154.0,266.74,1.4e-05,1
245,line,252,長瀬川線,87,88,154.0,533.47,4.8e-05,1
246,line,253,東京電力パワーグリッド 154.0kV線,87,232,154.0,266.74,1.3e-05,1
247,line,254,群岡変電所~喜多方市変電所線,875,89,154.0,533.47,4.2e-05,0
248,line,255,群岡変電所~鹿瀬変電所線,875,935,154.0,533.47,7.6e-05,0
249,line,256,東北電力ネットワーク 154.0kV線,89,841,154.0,533.47,8e-06,1
250,line,257,朝日幹線,1093,912,500.0,6928.2,6.5e-05,0
251,line,258,常磐幹線,1093,1256,500.0,6928.2,1.8e-05,0
252,line,259,青葉幹線,1093,1316,500.0,6928.2,3.3e-05,0
253,line,260,朝日幹線,912,855,500.0,6928.2,1.4e-05,0
254,line,261,城東町変電所~若松変電所線,845,92,66.0,137.18,0.000147,1
255,line,262,城東町変電所~若松変電所線,92,93,66.0,137.18,1e-05,0
256,line,263,東北送電線_7,92,94,66.0,68.59,8e-06,0
257,line,264,若松変電所~字横堀下変電所線,93,94,66.0,137.18,8e-06,0
258,line,265,若松変電所~字横堀下変電所線,94,150,66.0,137.18,0.000196,0
259,line,270,東北電力ネットワーク 66.0kV線,95,96,66.0,137.18,0.000353,1
260,line,271,陣ケ峰変電所~加茂市変電所線,96,862,66.0,137.18,6.2e-05,1
261,line,272,陣ケ峰変電所~木越変電所線,96,864,66.0,137.18,3.5e-05,1
262,line,280,鬼怒川線,885,852,66.0,274.36,3.9e-05,0
263,line,281,川治線,885,122,66.0,137.18,0.000264,1
264,line,282,栗山変電所~鬼怒川変電所線,885,146,66.0,137.18,0.000406,0
265,line,286,太郎代変電所~笹山開閉所線,853,808,66.0,137.18,0.000124,1
266,line,287,豊栄変電所~笹山開閉所線,808,918,66.0,68.59,0.000232,0
267,line,288,笹山開閉所~北新潟変電所線,808,798,66.0,68.59,0.000264,0
268,line,289,東北電力ネットワーク(株)中新潟変電所~小金町一丁目変電所線,823,795,66.0,137.18,5e-05,0
269,line,292,陣ケ峰変電所~木越変電所線,864,101,66.0,137.18,0.000384,1
270,line,293,namebind,101,939,66.0,137.18,0.000221,0
271,line,294,東北電力ネットワーク 66.0kV線,102,887,66.0,68.59,0.00012,1
272,line,295,坂町変電所~小国小坂町三丁目変電所線,868,138,66.0,137.18,0.000272,0
273,line,296,北変電所~坂町変電所線,893,891,154.0,266.74,4e-06,1
274,line,297,北変電所~坂町変電所線,891,104,154.0,266.74,0.000291,0
275,line,298,東北電力ネットワーク 154.0kV線,104,913,154.0,266.74,6.8e-05,0
276,line,299,namebind,872,152,275.0,68.59,0.000424,0
277,line,300,黒岩変電所~鹿瀬変電所線,901,876,154.0,1333.68,1e-06,0
278,line,301,黒岩変電所~鹿瀬変電所線,901,873,154.0,266.74,0.000123,0
279,line,302,鹿瀬変電所~新潟変電所線,901,155,154.0,266.74,0.000218,0
280,line,303,新潟変電所~黒岩変電所線,105,106,154.0,266.74,6.2e-05,0
281,line,304,鹿瀬変電所~新潟変電所線,105,155,154.0,266.74,5.9e-05,0
282,line,305,新潟変電所~黒岩変電所線,106,873,154.0,266.74,9.6e-05,0
283,line,306,三川変電所~黒岩変電所線,106,157,154.0,266.74,0.000159,1
284,line,307,三川変電所~黒岩変電所線,106,155,154.0,266.74,2.1e-05,0
285,line,308,鹿瀬変電所~本名変電所線,876,927,154.0,266.74,0.000429,0
286,line,309,群岡変電所~鹿瀬変電所線,876,935,154.0,533.47,7.4e-05,0
287,line,310,東北電力ネットワーク 154.0kV線,841,843,154.0,533.47,2e-06,0
288,line,311,東北電力ネットワーク 66.0kV線,844,107,66.0,68.59,0.000441,1
289,line,312,津川変電所~阿賀町変電所線,878,108,66.0,137.18,0.000425,1
290,line,313,津川線,878,877,66.0,137.18,0.000404,1
291,line,314,東北送電線_26,108,144,66.0,68.59,0.000135,1
292,line,315,東北送電線_27,108,145,66.0,68.59,0.000907,1
293,line,316,大田原線 / 河内線,109,110,66.0,274.36,0.000193,0
294,line,317,大田原線 / 河内線,110,111,66.0,274.36,4.5e-05,0
295,line,318,大田原線 / 河内線,111,112,66.0,274.36,0.000114,0
296,line,319,桜電子線,111,169,66.0,137.18,4e-05,1
297,line,320,関谷線,112,132,66.0,137.18,9.4e-05,0
298,line,322,若松変電所~河東町広田変電所線,114,115,154.0,266.74,9e-06,1
299,line,323,河東町岡田変電所~若松変電所線,114,830,154.0,533.47,4.1e-05,0
300,line,324,上毛幹線,116,172,154.0,533.47,0.00011,1
301,line,325,八木沢線,117,118,275.0,1905.26,6.5e-05,1
302,line,326,須田貝線,883,119,154.0,266.74,0.000315,1
303,line,327,須田貝線,883,176,154.0,266.74,3e-05,1
304,line,328,沼原線,120,933,275.0,1905.26,2.6e-05,1
305,line,329,沼原線,120,898,275.0,1905.26,1.1e-05,1
306,line,330,新那須線,120,1009,275.0,1905.26,4.4e-05,1
307,line,331,沼原線,933,121,275.0,1905.26,4.9e-05,1
308,line,332,川治線,122,931,66.0,137.18,9.5e-05,1
309,line,333,野岩鉄道株式会社 66.0kV線,122,170,66.0,68.59,5.2e-05,1
310,line,334,三依線,931,932,66.0,342.95,1e-06,1
311,line,335,三依線,931,896,66.0,68.59,0.000981,1
312,line,336,蛇尾川線,123,125,66.0,68.59,1e-05,1
313,line,337,板室線,123,124,66.0,68.59,0.000903,0
314,line,338,蛇尾川線,123,934,66.0,68.59,0.000315,1
315,line,339,板室線,124,141,66.0,68.59,0.000256,0
316,line,340,木の俣線,124,142,66.0,68.59,0.000262,1
317,line,341,関谷線,934,130,66.0,137.18,5e-06,1
318,line,342,関谷線,934,126,66.0,137.18,8e-05,0
319,line,343,関谷線,126,127,66.0,137.18,0.000218,0
320,line,344,東京電力パワーグリッド 66.0kV線,126,171,66.0,137.18,3.7e-05,1
321,line,345,関谷線,127,128,66.0,137.18,1.7e-05,0
322,line,346,東京電力パワーグリッド 66.0kV線,127,180,66.0,137.18,2e-06,1
323,line,347,東京電力パワーグリッド 66.0kV線,128,179,66.0,137.18,1e-06,1
324,line,348,関谷線,128,129,66.0,137.18,8.3e-05,0
325,line,349,ABS線,129,131,66.0,137.18,5.2e-05,1
326,line,350,関谷線,129,936,66.0,137.18,0.000125,0
327,line,351,関谷線,936,132,66.0,137.18,9.3e-05,0
328,line,352,栃那線 / 西那須野線,132,137,66.0,68.59,9.1e-05,0
329,line,353,JR西那須野線,137,928,66.0,137.18,1.7e-05,0
330,line,354,坂町変電所~小国小坂町三丁目変電所線,138,139,66.0,137.18,0.000467,0
331,line,355,東北電力ネットワーク 66.0kV線,138,159,66.0,137.18,0.000125,1
332,line,356,東北電力ネットワーク 66.0kV線,139,911,66.0,68.59,0.000443,0
333,line,357,東北電力ネットワーク 66.0kV線,143,346,66.0,137.18,0.000475,1
334,line,358,栗山線,146,147,66.0,137.18,0.00031,0
335,line,359,栗山線,146,937,66.0,137.18,0.000323,1
336,line,360,川俣線,937,930,66.0,68.59,0.000728,1
337,line,362,飯豊町変電所~川西町変電所線,149,1225,66.0,205.77,0.00011,1
338,line,363,東北電力ネットワーク 33.0kV線,149,160,66.0,68.59,0.000736,1
339,line,364,東北電力ネットワーク 66.0kV線,149,914,66.0,137.18,0.000163,1
340,line,365,米沢市変電所~川西町変電所線,1225,182,66.0,137.18,0.00023,1
341,line,368,東北送電線_33,150,151,66.0,68.59,6.1e-05,1
342,line,369,東北送電線_37,872,152,275.0,228.63,0.000427,0
343,line,370,東北送電線_37,152,153,275.0,952.63,0.0,1
344,line,372,名目所二丁目変電所~豊栄変電所線,918,163,66.0,137.18,6.2e-05,1
345,line,373,安田変電所~三川変電所線,900,877,66.0,137.18,0.000763,1
346,line,374,安田変電所~阿賀野市変電所線,900,899,66.0,68.59,0.000168,1
347,line,375,三川変電所~黒岩変電所線,877,874,66.0,137.18,1.2e-05,1
348,line,376,加茂市変電所~木越変電所線,161,938,154.0,1066.94,7e-05,1
349,line,377,leadin,162,886,154.0,266.74,1.5e-05,1
350,line,378,JR東日本 新崎変電所~豊栄変電所線,162,917,154.0,1066.94,8e-06,0
351,line,379,豊栄変電所~笹山開閉所線,917,807,154.0,1600.41,7e-06,0
352,line,380,名目所二丁目変電所~西名目所変電所線,916,915,66.0,68.59,8.8e-05,1
353,line,381,名目所二丁目変電所~豊栄変電所線,916,163,66.0,137.18,2.3e-05,1
354,line,382,名目所二丁目変電所~北区変電所線,163,897,66.0,137.18,0.000102,1
355,line,383,笹山開閉所~北新潟変電所線,807,797,154.0,800.21,1.5e-05,0
356,line,384,下滝線,884,851,154.0,266.74,2.7e-05,0
357,line,385,下滝線,851,166,154.0,266.74,9e-05,1
358,line,386,那須線,167,168,66.0,137.18,0.000103,1
359,line,387,JR黒磯線,167,1103,66.0,137.18,0.000113,0
360,line,388,那須線,168,880,66.0,137.18,0.000624,1
361,line,389,BS豊浦線,168,1197,66.0,68.59,0.000116,1
362,line,391,東北送電線_45,173,174,66.0,68.59,1e-05,1
363,line,392,東北送電線_44,173,175,66.0,205.77,0.000116,1
364,line,393,蒲須坂-矢板線 / JR矢板線,178,929,66.0,137.18,0.000359,1
365,line,395,leadin,928,941,66.0,68.59,2.5e-05,1
366,line,397,JR矢板線,879,929,66.0,137.18,3.1e-05,1
367,line,398,花沢変電所~米沢市変電所線,182,1223,66.0,137.18,0.000364,0
368,line,399,米沢市変電所~置賜変電所線,182,1130,66.0,137.18,0.000172,0
369,line,400,東北電力ネットワーク 66.0kV線,1223,1049,66.0,274.36,1.8e-05,0
370,line,401,花沢変電所~米沢市変電所線,1223,1048,66.0,137.18,0.000169,0
371,line,402,大字夏茂変電所~大字根岸変電所線,1126,1057,66.0,68.59,7e-05,1
372,line,403,東北電力ネットワーク 66.0kV線,1126,248,66.0,137.18,7.1e-05,0
373,line,404,大字夏茂変電所~福沢南変電所線,1126,251,66.0,205.77,9.8e-05,0
374,line,405,大字夏茂変電所~大字根岸変電所線,1057,1056,66.0,68.59,0.00027,1
375,line,406,置賜変電所~宮内変電所線,183,249,66.0,137.18,0.00016,0
376,line,407,東北電力ネットワーク 154.0kV線,183,1130,66.0,68.59,0.000175,0
377,line,408,東北電力ネットワーク 154.0kV線,183,344,66.0,205.77,0.000268,1
378,line,409,東北送電線_53,184,1128,66.0,68.59,6.7e-05,1
379,line,410,六供町二丁目変電所~大字長崎変電所線,185,1020,66.0,137.18,0.000148,0
380,line,411,東北電力ネットワーク 66.0kV線,185,186,66.0,68.59,4e-05,1
381,line,412,東北電力ネットワーク 66.0kV線,185,1381,66.0,68.59,0.000206,0
382,line,413,大字長崎変電所~JR東日本 羽前千歳変電所線,1020,1222,66.0,68.59,0.000406,0
383,line,414,山形変電所~大字長崎変電所線,1020,1032,66.0,137.18,0.000402,0
384,line,415,小関二丁目変電所~大字長崎変電所線,1020,273,66.0,137.18,0.00017,0
385,line,416,東北電力ネットワーク 66.0kV線,187,226,66.0,137.18,1.4e-05,0
386,line,417,福島市変電所~飯坂変電所線,187,225,66.0,137.18,1.7e-05,0
387,line,418,飯坂変電所~西福島変電所線,187,1011,66.0,137.18,0.000323,0
388,line,419,西福島変電所~蓬莱町一丁目変電所線,1011,1233,66.0,137.18,0.00012,0
389,line,420,東北電力ネットワーク 66.0kV線,1011,245,66.0,137.18,4.3e-05,0
390,line,421,西福島変電所~泉変電所線,1011,224,66.0,68.59,0.000251,0
391,line,422,仙台変電所~青葉台三丁目変電所線,958,980,66.0,137.18,0.000271,0
392,line,423,七北田変電所~仙台変電所線,958,960,66.0,274.36,1.6e-05,0
393,line,424,東北電力ネットワーク 275.0kV線,958,363,66.0,68.59,0.000421,0
394,line,425,仙台変電所~鶴ヶ谷北二丁目変電所線,958,962,66.0,274.36,4.7e-05,0
395,line,426,青葉台三丁目変電所~飯土井変電所線,980,1024,66.0,68.59,0.000325,0
396,line,428,東若林変電所~仙台港変電所線,188,189,154.0,1066.94,1.5e-05,0
397,line,429,leadin,188,1018,154.0,1066.94,1e-05,0
398,line,430,東北電力ネットワーク 154.0kV線,188,944,154.0,1066.94,4e-06,0
399,line,431,仙台港変電所~宮内二丁目変電所線,189,196,154.0,533.47,1.2e-05,0
400,line,432,東北電力ネットワーク 154.0kV線,189,1063,154.0,1600.41,2e-06,0
401,line,433,仙台港変電所~東若林変電所線,190,388,66.0,68.59,0.000335,1
402,line,434,東若林変電所~鶴巻二丁目変電所線,190,1019,66.0,137.18,0.000113,0
403,line,435,東北電力ネットワーク 154.0kV線,190,945,66.0,68.59,9.1e-05,0
404,line,436,東日本旅客鉄道 66.0kV線,191,192,66.0,137.18,6.2e-05,0
405,line,437,青葉台三丁目変電所~飯土井変電所線,191,1024,66.0,68.59,0.000106,0
406,line,438,東日本旅客鉄道 66.0kV線,191,197,66.0,68.59,0.000263,0
407,line,439,塩釜線1号,192,963,66.0,137.18,0.000149,0
408,line,440,飯土井変電所~仙台港変電所線,192,219,66.0,137.18,1.7e-05,0
409,line,441,新仙台火力線,957,1023,154.0,266.74,7.9e-05,0
410,line,442,仙台変電所~鶴ヶ谷北二丁目変電所線,957,961,154.0,266.74,3.3e-05,0
411,line,443,明通変電所~仙台変電所線,957,198,154.0,533.47,3.9e-05,0
412,line,444,新仙台火力線,1023,1063,154.0,266.74,6.4e-05,0
413,line,445,東北電力ネットワーク 154.0kV線,1063,221,154.0,1600.41,1e-06,1
414,line,446,新仙台火力線,1063,947,154.0,266.74,3.1e-05,0
415,line,447,飯土井変電所~仙台港変電所線,1063,961,154.0,1066.94,2.5e-05,0
416,line,448,仙台港変電所~舟入一丁目変電所線,1063,193,154.0,1066.94,5e-06,0
417,line,449,新仙台火力線,956,1022,275.0,3810.51,5e-06,0
418,line,450,仙台幹線,956,959,275.0,1905.26,2e-06,0
419,line,451,東北電力ネットワーク 275.0kV線,956,1453,275.0,5715.77,5e-06,0
420,line,452,新仙台火力線,1022,1062,275.0,3810.51,4e-06,0
421,line,453,新仙台火力線,1062,195,275.0,3810.51,1e-06,0
422,line,454,仙台幹線,959,1037,275.0,1905.26,1.5e-05,0
423,line,455,仙台幹線,1037,1094,275.0,1905.26,4.5e-05,0
424,line,456,名取変電所~西仙台変電所線,1094,1119,275.0,2857.88,3.2e-05,0
425,line,457,蔵王幹線;秋柴線,1094,1135,275.0,3810.51,1.1e-05,0
426,line,458,東北送電線_119,193,195,275.0,533.47,4e-06,0
427,line,459,舟入一丁目変電所~東仙台変電所線,193,194,154.0,1066.94,5e-05,0
428,line,460,新仙台火力線,194,947,154.0,266.74,4e-05,0
429,line,461,新仙台火力線,194,1147,154.0,266.74,1.5e-05,0
430,line,462,namebind,947,196,154.0,533.47,2.2e-05,0
431,line,463,新仙台火力線,946,195,275.0,3810.51,1e-06,0
432,line,464,新仙台火力線,946,1146,275.0,3810.51,4e-06,0
433,line,465,東北送電線_58,196,209,154.0,266.74,1e-06,1
434,line,466,荒巻変電所~三居沢発電所 併設配電用変電所線,951,201,66.0,68.59,0.000321,0
435,line,467,東北電力ネットワーク 66.0kV線,951,960,66.0,274.36,9.9e-05,0
436,line,468,仙台変電所~鶴ヶ谷北二丁目変電所線,962,197,66.0,205.77,6e-05,0
437,line,469,東北電力ネットワーク 南小泉変電所~東北電力ネットワーク 苦竹変電所線,1043,1199,66.0,137.18,1.6e-05,1
438,line,470,原町六丁目変電所~鶴ヶ谷北二丁目変電所線,1043,197,66.0,137.18,0.000148,0
439,line,471,東北電力ネットワーク 南小泉変電所~東北電力ネットワーク 苦竹変電所線,1043,421,66.0,137.18,8.6e-05,0
440,line,472,新福島変電所~細谷変電所線,986,955,132.0,548.71,0.000136,1
441,line,473,北台変電所~新福島変電所線,1227,987,66.0,68.59,0.000819,0
442,line,474,北台変電所~富岡変電所線,1227,331,66.0,68.59,0.000697,0
443,line,475,新福島変電所~楢葉町変電所線,987,207,66.0,68.59,0.000421,0
444,line,476,大熊町変電所~新福島変電所線,1226,953,275.0,1905.26,1e-06,1
445,line,477,東京電力パワーグリッド 275.0kV線,1226,952,275.0,1905.26,1e-06,1
446,line,478,北台変電所~新福島変電所線,1226,985,275.0,3810.51,1e-05,0
447,line,479,大熊町変電所~新福島変電所線,1226,993,275.0,1905.26,3e-06,0
448,line,480,大熊町変電所~新福島変電所線,985,993,275.0,1905.26,1.5e-05,0
449,line,481,新福島変電所~南相馬変電所線,985,997,275.0,1905.26,4.3e-05,0
450,line,482,松島幹線,1372,1133,275.0,1905.26,6.9e-05,1
451,line,483,松島幹線,1372,1599,275.0,3810.51,5.5e-05,1
452,line,484,下馬支線(481C),963,1195,66.0,137.18,3.6e-05,0
453,line,485,富山線(4C1A),963,264,66.0,137.18,0.000176,0
454,line,486,仙台変電所~宮城変電所線,1453,1317,275.0,1905.26,6e-05,0
455,line,487,鳴瀬幹線,1317,1476,275.0,1905.26,9.2e-05,0
456,line,488,新庄変電所~宮城変電所線,1317,1340,275.0,1905.26,0.000128,0
457,line,489,宮城変電所~JR東日本 院内変電所線,1317,1438,275.0,1905.26,0.000144,0
458,line,490,水沢幹線,1317,478,275.0,1905.26,2e-05,0
459,line,491,中山線,198,199,154.0,266.74,0.00013,0
460,line,492,東北電力ネットワーク 154.0kV線,198,1015,154.0,266.74,2.4e-05,0
461,line,493,愛子線,199,243,154.0,266.74,0.000147,0
462,line,494,中山線;愛子線,199,1038,154.0,533.47,2.5e-05,0
463,line,495,南仙台変電所~長町変電所線,965,1178,66.0,274.36,1.1e-05,0
464,line,496,南仙台変電所~東若林変電所線,965,1216,66.0,68.59,0.000143,0
465,line,497,西多賀線;八木山線,965,1042,66.0,274.36,5.9e-05,0
466,line,498,名取開閉所~南仙台変電所線,965,1177,66.0,137.18,7.1e-05,0
467,line,499,南仙台変電所~東若林変電所線,1216,945,66.0,68.59,0.000255,0
468,line,500,南仙台変電所~東若林変電所線,964,1215,154.0,1066.94,6e-06,0
469,line,501,仙南線,964,1176,154.0,533.47,1.2e-05,0
470,line,502,南仙台変電所~東若林変電所線,1215,944,154.0,1066.94,1.1e-05,0
471,line,503,長町変電所~東北電力ネットワーク 南小泉変電所線,1178,200,66.0,137.18,8e-05,0
472,line,504,leadin,200,1267,66.0,68.59,0.000135,1
473,line,505,長町変電所~東北電力ネットワーク 南小泉変電所線,200,1196,66.0,137.18,4.1e-05,0
474,line,506,東北電力ネットワーク 南小泉変電所~東北電力ネットワーク 苦竹変電所線,1196,420,66.0,137.18,2e-05,0
475,line,507,八木山線,1042,967,66.0,137.18,4e-05,0
476,line,508,leadin,1042,1131,66.0,68.59,0.000137,1
477,line,509,西多賀線,1042,403,66.0,137.18,5.7e-05,0
478,line,510,南相馬市変電所~南相馬変電所線,1241,997,275.0,1905.26,3.8e-05,1
479,line,511,南相馬変電所~二本松市変電所線,997,1165,275.0,1905.26,7e-05,0
480,line,513,三居沢発電所 併設配電用変電所~大堀変電所線,201,1173,66.0,68.59,0.000635,0
481,line,514,東北電力ネットワーク 66.0kV線,201,968,66.0,137.18,6.4e-05,0
482,line,515,愛子変電所~大堀変電所線,1173,1040,66.0,68.59,7.5e-05,0
483,line,516,大堀変電所~青葉区変電所線,1173,1172,66.0,68.59,0.000478,1
484,line,517,八木山変電所~三居沢発電所 併設配電用変電所線,1171,202,66.0,68.59,4.2e-05,0
485,line,518,leadin,1171,1260,66.0,68.59,0.00025,1
486,line,519,八木山線,1171,1134,66.0,137.18,4.8e-05,0
487,line,520,leadin,202,1265,66.0,68.59,0.000211,1
488,line,521,八木山変電所~三居沢発電所 併設配電用変電所線,202,203,66.0,68.59,0.000106,0
489,line,522,leadin,203,942,66.0,68.59,0.000223,1
490,line,523,八木山変電所~三居沢発電所 併設配電用変電所線,203,1268,66.0,68.59,4.4e-05,0
491,line,524,八木山変電所~三居沢発電所 併設配電用変電所線,1268,968,66.0,68.59,7.4e-05,0
492,line,525,leadin,968,1259,66.0,68.59,0.000247,1
493,line,526,郡山変電所~日和田町変電所線,972,1044,154.0,533.47,6.5e-05,0
494,line,527,東北電力ネットワーク 154.0kV線,972,300,154.0,1066.94,2e-06,0
495,line,528,初森変電所~日和田町変電所線,1044,1166,154.0,1066.94,0.000129,0
496,line,529,東北電力ネットワーク 154.0kV線,1044,335,154.0,1066.94,7e-06,0
497,line,530,東北電力ネットワーク 66.0kV線,204,973,66.0,137.18,5.1e-05,0
498,line,531,船引町東部台五丁目変電所~郡山変電所線,204,1084,66.0,137.18,0.000858,0
499,line,532,日和田町変電所~郡山変電所線,204,1045,66.0,137.18,0.000379,0
500,line,533,諏訪変電所~郡山変電所線,973,1083,66.0,137.18,6e-05,1
501,line,534,若葉町変電所~郡山変電所線,973,1075,66.0,137.18,0.000233,0
502,line,535,東北電力ネットワーク 66.0kV線,973,305,66.0,274.36,1.5e-05,0
503,line,536,笹川線,973,276,66.0,137.18,0.000178,0
504,line,537,船引町東部台五丁目変電所~大越町下大越変電所線,1084,1085,66.0,137.18,0.000215,1
505,line,538,字師範場変電所~船引町東部台五丁目変電所線,1084,306,66.0,137.18,0.000336,0
506,line,539,東北電力ネットワーク 66.0kV線,1083,387,66.0,137.18,2.7e-05,1
507,line,540,若葉町変電所~日和田町変電所線,1045,1075,66.0,137.18,0.000149,0
508,line,541,東北電力ネットワーク 154.0kV線,1045,317,66.0,137.18,0.000231,0
509,line,542,東北電力ネットワーク 154.0kV線,1045,285,66.0,137.18,0.000228,0
510,line,543,須賀川変電所~泉崎村変電所線,975,1159,154.0,533.47,0.000163,0
511,line,544,郡山変電所~須賀川変電所線,975,300,154.0,1066.94,3.3e-05,0
512,line,545,東日本旅客鉄道 154.0kV線,975,1152,154.0,1066.94,2.7e-05,0
513,line,546,須賀川変電所~福島変電所線,974,989,275.0,1905.26,9.7e-05,0
514,line,547,植田変電所~須賀川変電所線,974,213,275.0,1905.26,0.000102,0
515,line,548,須賀川変電所~JR東日本 新郡山変電所線,974,1151,275.0,1905.26,1.5e-05,0
516,line,549,二本松市変電所~福島変電所線,989,1165,275.0,1905.26,4.7e-05,0
517,line,550,福島変電所~米沢変電所線,989,1079,275.0,1905.26,5.7e-05,0
518,line,551,福島変電所~瀬上町変電所線,989,1026,275.0,1905.26,5e-05,1
519,line,552,福島東幹線,979,205,500.0,6928.2,8e-05,1
520,line,553,福島東幹線,979,984,500.0,13856.41,1e-05,0
521,line,554,福島幹線,979,206,500.0,6928.2,5.2e-05,1
522,line,555,広野火力線,979,949,500.0,6928.2,1.7e-05,0
523,line,556,新福島変電所~楢葉町変電所線,984,970,500.0,13856.41,2e-06,0
524,line,557,東北電力ネットワーク 66.0kV線,207,400,66.0,137.18,2e-06,1
525,line,558,新福島変電所~楢葉町変電所線,207,971,66.0,68.59,0.000336,0
526,line,559,名取開閉所~南仙台変電所線,1179,208,66.0,137.18,0.000106,0
527,line,560,東北電力ネットワーク 66.0kV線,1179,334,66.0,137.18,0.000102,0
528,line,561,名取開閉所~南仙台変電所線,208,1177,66.0,137.18,0.000135,0
529,line,562,東北電力ネットワーク 66.0kV線,208,1140,66.0,137.18,2.2e-05,1
530,line,563,下馬支線(481C),1067,1195,66.0,137.18,9.3e-05,0
531,line,564,玉川三丁目変電所~舟入一丁目変電所線,1067,264,66.0,68.59,0.000522,0
532,line,565,東京電力パワーグリッド 66.0kV線,210,211,66.0,137.18,5.1e-05,1
533,line,566,大田原変電所~稲沢変電所線,210,265,66.0,137.18,0.000267,1
534,line,567,阿武隈線,212,213,275.0,3810.51,5.3e-05,1
535,line,568,東北電力ネットワーク 275.0kV線,1000,213,275.0,1905.26,1e-06,0
536,line,569,植田変電所~変電所線,214,1069,66.0,137.18,0.000107,0
537,line,570,東北送電線_59,214,216,66.0,68.59,0.00035,1
538,line,571,東北電力ネットワーク 66.0kV線,214,988,66.0,137.18,8.3e-05,0
539,line,572,namebind,1069,988,66.0,137.18,0.000194,0
540,line,573,柿ノ沢線,1069,329,66.0,68.59,8.6e-05,0
541,line,574,東北電力ネットワーク 66.0kV線,988,215,66.0,137.18,1.4e-05,1
542,line,575,東北電力ネットワーク 66.0kV線,988,1092,66.0,137.18,0.000181,0
543,line,576,牛渡変電所~大熊変電所線,1105,217,66.0,137.18,5.7e-05,0
544,line,577,牛渡変電所~南相馬変電所線,1105,288,66.0,137.18,0.00029,0
545,line,578,牛渡変電所~大熊変電所線,217,218,66.0,137.18,0.000323,0
546,line,579,牛渡変電所~舘ノ内変電所線,217,1269,66.0,68.59,0.000346,1
547,line,580,富岡変電所~大熊変電所線,218,1104,66.0,137.18,0.000388,0
548,line,581,東北電力ネットワーク 66.0kV線,218,994,66.0,137.18,0.000159,0
549,line,582,東北送電線_62,219,220,66.0,137.18,1e-06,1
550,line,583,東北電力ネットワーク 66.0kV線,219,1064,66.0,137.18,8.8e-05,0
551,line,584,宮内二丁目変電所~仙台港変電所線,948,1064,66.0,137.18,7.3e-05,0
552,line,585,仙南線,1176,1113,154.0,533.47,3.7e-05,0
553,line,586,仙南線,1113,1120,154.0,533.47,3e-06,0
554,line,587,名取変電所~柴田町変電所線,1120,1016,154.0,533.47,4.7e-05,0
555,line,588,小浜町変電所~いわき変電所線,222,1001,154.0,266.74,0.000159,0
556,line,589,平変電所~小浜町変電所線,222,312,154.0,1066.94,2e-06,0
557,line,590,平変電所~小浜町変電所線,222,1089,154.0,1066.94,1.7e-05,0
558,line,591,北平変電所~いわき変電所線,1001,1072,154.0,533.47,0.000182,0
559,line,592,東北電力ネットワーク 154.0kV線,1001,230,154.0,1066.94,1.1e-05,0
560,line,593,西福島変電所~福島変電所線,1010,223,154.0,266.74,0.000146,0
561,line,594,東北電力ネットワーク 154.0kV線,1010,247,154.0,800.21,3e-06,0
562,line,595,西福島変電所~泉変電所線,1010,1211,154.0,1066.94,3.2e-05,0
563,line,596,西福島変電所~福島変電所線,223,247,154.0,266.74,0.00011,0
564,line,597,北海道電力ネットワーク 154.0kV線,223,990,154.0,533.47,6.1e-05,0
565,line,598,福島変電所~金谷川変電所線,991,992,66.0,137.18,0.000235,0
566,line,599,東裏変電所~福島変電所線,991,287,66.0,137.18,0.000482,0
567,line,600,金谷川変電所~福島市変電所線,992,314,66.0,274.36,2.6e-05,0
568,line,601,泉変電所~飯坂変電所線,224,225,66.0,68.59,0.000297,0
569,line,602,東北電力ネットワーク 66.0kV線,224,1164,66.0,137.18,4.3e-05,1
570,line,603,泉変電所~飯坂変電所線,225,226,66.0,68.59,2.7e-05,0
571,line,604,福島市変電所~飯坂変電所線,225,1210,66.0,137.18,0.000104,0
572,line,605,東北電力ネットワーク 154.0kV線,226,1212,66.0,68.59,0.000156,0
573,line,606,太平寺変電所~大森変電所線,1233,1232,66.0,68.59,5.3e-05,1
574,line,607,西福島変電所~蓬莱町一丁目変電所線,1233,227,66.0,137.18,0.000136,0
575,line,608,大森変電所~郷野目変電所線,1233,1231,66.0,68.59,0.000121,1
576,line,609,福島市変電所~蓬莱町一丁目変電所線,227,1235,66.0,137.18,0.000135,0
577,line,610,東北電力ネットワーク 66.0kV線,227,1234,66.0,137.18,4.9e-05,1
578,line,611,原町南変電所~原町変電所線,228,229,66.0,137.18,0.000198,0
579,line,612,東北電力ネットワーク 66.0kV線,228,1181,66.0,137.18,0.000124,1
580,line,613,小高変電所~原町南変電所線,228,384,66.0,137.18,0.000246,0
581,line,614,原町変電所~原町区下太田変電所線,229,401,66.0,68.59,0.000309,1
582,line,615,東北電力ネットワーク 66.0kV線,229,999,66.0,137.18,0.000118,0
583,line,616,いわき変電所~平変電所線,230,1089,154.0,533.47,6.3e-05,0
584,line,617,郡山変電所~いわき変電所線,230,300,154.0,533.47,0.000423,0
585,line,618,福島市変電所~腰浜変電所線,1235,1230,66.0,137.18,9e-05,1
586,line,619,東北電力ネットワーク 66.0kV線,1235,314,66.0,137.18,5.3e-05,0
587,line,620,東北電力ネットワーク 66.0kV線,1235,233,66.0,137.18,0.000205,0
588,line,621,今泉変電所~丸森変電所線,1186,1238,500.0,6928.2,0.0,0
589,line,622,東北電力ネットワーク 500.0kV線,1186,1188,500.0,6928.2,0.0,1
590,line,623,東北電力ネットワーク 500.0kV線,1186,1185,500.0,6928.2,1e-06,1
591,line,624,今泉変電所~丸森変電所線,1238,981,500.0,6928.2,1e-06,0
592,line,625,今泉変電所~丸森変電所線,981,231,500.0,6928.2,9e-06,0
593,line,626,常磐幹線,231,996,500.0,6928.2,2.6e-05,0
594,line,627,常磐幹線,231,1256,500.0,6928.2,1.4e-05,0
595,line,628,福島市変電所~川俣変電所線,233,1182,66.0,137.18,0.000345,0
596,line,629,瀬上町変電所~福島市変電所線,233,304,66.0,137.18,0.000621,1
597,line,630,川俣変電所~原町変電所線,1182,1236,66.0,137.18,9.4e-05,0
598,line,631,川俣変電所~原町変電所線,1236,234,66.0,137.18,0.001367,0
599,line,632,原町変電所~中村変電所線,234,252,66.0,137.18,0.000844,0
600,line,633,鹿島変電所~原町変電所線,234,385,66.0,68.59,0.000368,0
601,line,634,東北電力ネットワーク 66.0kV線,234,999,66.0,274.36,1.3e-05,0
602,line,635,名取変電所~愛島郷一丁目変電所線,1119,1112,275.0,1905.26,1e-06,0
603,line,636,北上幹線,1316,476,500.0,6928.2,2.7e-05,0
604,line,637,勿来線 / 北茨城線,235,327,66.0,274.36,9e-06,0
605,line,638,北茨城線,235,1082,66.0,137.18,6.2e-05,0
606,line,639,勿来線,235,356,66.0,137.18,0.000392,0
607,line,640,北茨城線,1082,1138,66.0,137.18,0.000251,0
608,line,641,磯原線,1138,419,66.0,137.18,2.2e-05,1
609,line,642,北茨城線,1138,357,66.0,137.18,0.000287,0
610,line,643,東北電力ネットワーク 66.0kV線,1080,303,66.0,137.18,2.1e-05,1
611,line,644,東北電力ネットワーク 66.0kV線,1080,236,66.0,68.59,0.000358,0
612,line,645,八幡原変電所~米沢市変電所線,1080,353,66.0,68.59,0.000773,0
613,line,646,西福島変電所~米沢市変電所線,236,302,66.0,68.59,0.000892,0
614,line,647,東北電力ネットワーク 66.0kV線,236,352,66.0,68.59,8.4e-05,1
615,line,648,東北電力ネットワーク 66.0kV線,1158,237,66.0,137.18,0.000153,1
616,line,649,東北電力ネットワーク 66.0kV線,1158,238,66.0,274.36,5.5e-05,0
617,line,650,合戦坂変電所~米村道北変電所線,1158,1005,66.0,137.18,0.000432,0
618,line,651,米村道北変電所~合戦坂変電所線,238,1005,66.0,137.18,0.000212,0
619,line,652,豊地変電所~米村道北変電所線,238,1155,66.0,274.36,7.5e-05,0
620,line,653,泉崎村変電所~米村道北変電所線,238,371,66.0,137.18,0.000237,0
621,line,654,東北電力ネットワーク 66.0kV線,1005,240,66.0,274.36,1.7e-05,0
622,line,655,東北電力ネットワーク 66.0kV線,240,367,66.0,205.77,1.1e-05,0
623,line,656,合戦坂変電所~花園変電所線,240,368,66.0,68.59,8.1e-05,0
624,line,657,東北送電線_71,242,1158,66.0,68.59,0.000176,1
625,line,658,仙山線,1095,260,154.0,533.47,5e-06,1
626,line,659,蔵王幹線;秋柴線,1095,1136,154.0,266.74,0.00016,0
627,line,660,西仙台線;仙山線,1095,244,154.0,533.47,2.5e-05,0
628,line,661,仙山線,1095,261,154.0,266.74,0.000149,0
629,line,662,秋根線,1095,1149,154.0,266.74,0.000264,0
630,line,663,秋柴線,1136,1016,154.0,533.47,0.000119,0
631,line,664,西仙台線,243,244,154.0,266.74,6.2e-05,0
632,line,665,西仙台線;愛子線,243,1039,154.0,533.47,2.1e-05,0
633,line,666,仙山線,244,261,154.0,266.74,0.00018,0
634,line,667,東北電力ネットワーク 66.0kV線,245,246,66.0,137.18,8.8e-05,1
635,line,668,西福島変電所~米沢市変電所線,245,302,66.0,68.59,0.000489,0
636,line,669,福島変電所~西福島変電所線,247,990,154.0,533.47,6.2e-05,0
637,line,670,大字夏茂変電所~宮内変電所線,248,249,66.0,137.18,0.00013,0
638,line,671,大字夏茂変電所~置賜変電所線,248,1130,66.0,274.36,5.4e-05,0
639,line,672,東北電力ネットワーク 66.0kV線,249,1052,66.0,274.36,2.3e-05,0
640,line,673,東北送電線_72,250,1121,66.0,68.59,0.000545,1
641,line,674,明通変電所~明通二丁目変電所線,1015,1270,154.0,266.74,9e-06,1
642,line,675,高森変電所~明通変電所線,1015,1148,154.0,266.74,5.3e-05,0
643,line,676,福沢南変電所~米沢市変電所線,251,1048,66.0,137.18,0.000122,0
644,line,677,東北電力ネットワーク 66.0kV線,251,1224,66.0,68.59,0.000133,1
645,line,678,柴田町変電所~東白石変電所線,1016,1027,154.0,533.47,0.000138,0
646,line,679,国見変電所~東白石変電所線,1027,259,154.0,533.47,4.5e-05,0
647,line,680,東北電力ネットワーク 66.0kV線,1041,355,66.0,137.18,9.8e-05,0
648,line,681,東北電力ネットワーク 66.0kV線,1041,1248,66.0,205.77,5e-05,0
649,line,682,大字長崎変電所~JR東日本 羽前千歳変電所線,1222,1012,66.0,68.59,0.000149,0
650,line,683,東北電力ネットワーク 66.0kV線,1012,282,66.0,137.18,1.2e-05,1
651,line,684,JR東日本 羽前千歳変電所~北町三丁目変電所線,1012,1221,66.0,68.59,0.000201,1
652,line,685,JR東日本 羽前千歳変電所~大野目変電所線,1012,1021,66.0,137.18,5.5e-05,0
653,line,686,新庄変電所~西山形変電所線,1340,1029,275.0,1905.26,0.000112,0
654,line,687,namebind,1029,1013,275.0,1905.26,5.5e-05,0
655,line,688,東北電力ネットワーク 66.0kV線,252,1183,66.0,137.18,8.5e-05,0
656,line,689,中村変電所~駒ヶ嶺変電所線,252,360,66.0,137.18,0.000239,0
657,line,690,瀬上町変電所~JR東日本 新福島変電所線,1026,977,275.0,1905.26,5e-06,1
658,line,691,leadin,1034,340,66.0,137.18,4.6e-05,1
659,line,692,東北電力ネットワーク 66.0kV線,1034,253,66.0,205.77,3.8e-05,0
660,line,693,東北電力ネットワーク 66.0kV線,1034,254,66.0,137.18,7.8e-05,0
661,line,694,亘理変電所~船岡変電所線,253,330,66.0,68.59,0.000686,0
662,line,695,船岡変電所~角田変電所線,253,381,66.0,137.18,0.000404,1
663,line,696,船岡変電所~沼辺変電所線,254,255,66.0,137.18,0.000104,0
664,line,697,柴田町変電所~船岡変電所線,254,1017,66.0,274.36,0.000133,0
665,line,698,沼辺変電所~船岡西二丁目変電所線,255,1107,66.0,68.59,0.000142,1
666,line,699,東北電力ネットワーク 66.0kV線,255,1253,66.0,205.77,3.8e-05,0
667,line,700,山形変電所~高堂二丁目変電所線,1032,1218,66.0,274.36,4.4e-05,1
668,line,701,谷柏変電所~山形変電所線,1032,349,66.0,137.18,0.000227,0
669,line,702,山形変電所~桜田変電所線,1032,1125,66.0,137.18,0.000125,0
670,line,703,東北電力ネットワーク 66.0kV線,1032,1122,66.0,137.18,0.000582,1
671,line,704,山形変電所~高堂二丁目変電所線,1218,1219,66.0,274.36,6e-06,1
672,line,705,春日町変電所~高堂二丁目変電所線,1219,1217,66.0,137.18,3.2e-05,1
673,line,706,東北電力ネットワーク 154.0kV線,256,1031,154.0,1066.94,1.7e-05,0
674,line,707,西山形変電所~山形変電所線,256,257,154.0,533.47,1.9e-05,0
675,line,708,西山形変電所~山形変電所線,256,1030,154.0,1066.94,2.8e-05,0
676,line,709,山形変電所~桜田変電所線,1031,1143,154.0,1066.94,2.4e-05,0
677,line,710,東北電力ネットワーク 154.0kV線,1030,257,154.0,1066.94,2.1e-05,0
678,line,711,西山形変電所~置賜変電所線,1030,1129,154.0,1066.94,0.000128,0
679,line,712,西山形変電所~大字清助新田変電所線,257,1422,154.0,533.47,0.000102,0
680,line,713,新庄変電所~大字清助新田変電所線,1422,541,154.0,533.47,8e-06,0
681,line,714,東北電力ネットワーク 154.0kV線,1143,274,154.0,1066.94,2.5e-05,0
682,line,715,東北電力株式会社 岩沼変電所~亘理変電所線,258,1141,66.0,68.59,0.00021,0
683,line,716,東北電力ネットワーク 66.0kV線,258,296,66.0,68.59,5.8e-05,1
684,line,717,柴田町変電所~東北電力株式会社 岩沼変電所線,258,1017,66.0,137.18,0.000206,0
685,line,718,東北電力株式会社 岩沼変電所~亘理変電所線,1141,1114,66.0,68.59,0.000115,0
686,line,719,東北電力株式会社 岩沼変電所~亘理変電所線,1114,1174,66.0,68.59,0.000215,0
687,line,720,東北電力ネットワーク 66.0kV線,1174,330,66.0,68.59,0.000159,0
688,line,721,東北電力ネットワーク 66.0kV線,1028,396,66.0,274.36,3.6e-05,0
689,line,722,東白石変電所~丸森変電所線,1028,1033,66.0,205.77,0.00052,1
690,line,723,北福島変電所~旭町五丁目変電所線,1213,259,154.0,266.74,0.000296,0
691,line,724,北福島変電所~国見変電所線,1213,1169,154.0,1066.94,2.1e-05,0
692,line,725,飯坂変電所~北福島変電所線,1213,1211,154.0,1066.94,1.9e-05,0
693,line,726,国見変電所~東白石変電所線,259,1207,154.0,533.47,6e-05,0
694,line,727,川崎変電所~東山形変電所線,261,274,154.0,533.47,0.00013,0
695,line,728,八木山線,967,1134,66.0,137.18,2.6e-05,0
696,line,729,西多賀線,966,403,66.0,137.18,2.8e-05,0
697,line,730,西多賀変電所~太白区変電所線,966,1248,66.0,68.59,0.000243,0
698,line,731,川崎町変電所~川崎変電所線,262,1139,66.0,68.59,0.000976,0
699,line,732,東北電力ネットワーク 66.0kV線,262,1249,66.0,68.59,5.5e-05,1
700,line,733,字町北変電所~川崎町変電所線,262,355,66.0,68.59,0.000479,0
701,line,734,蔵王町変電所~川崎変電所線,1139,1250,66.0,68.59,0.000768,0
702,line,735,富山線(4C1A),263,264,66.0,137.18,0.000294,0
703,line,736,大郷町変電所~城内一変電所線,263,1373,66.0,68.59,0.000429,1
704,line,737,富山線(4C1A),263,1492,66.0,137.18,2.6e-05,0
705,line,738,大田原変電所~稲沢変電所線,265,1264,66.0,137.18,7e-05,1
706,line,739,東京電力パワーグリッド 66.0kV線,265,414,66.0,68.59,9.4e-05,1
707,line,740,東京電力パワーグリッド 66.0kV線,1264,415,66.0,137.18,0.000179,1
708,line,741,小平線,266,1046,66.0,137.18,0.000204,1
709,line,742,泉線,266,1071,66.0,137.18,0.000146,0
710,line,743,泉線;小平線,266,1090,66.0,274.36,4.5e-05,0
711,line,744,namebind,1071,310,66.0,68.59,0.000275,0
712,line,745,東北送電線_85,1071,311,66.0,68.59,0.000116,0
713,line,746,需要家線,1071,1047,66.0,137.18,2.6e-05,1
714,line,747,湯本第一変電所~東平変電所線,267,268,66.0,137.18,0.000235,0
715,line,748,東北電力ネットワーク 66.0kV線,267,294,66.0,137.18,3.2e-05,0
716,line,749,東北電力ネットワーク 66.0kV線,267,295,66.0,137.18,0.0001,0
717,line,750,東北電力ネットワーク 66.0kV線,268,1180,66.0,274.36,1.5e-05,0
718,line,751,東平変電所~いわき市変電所線,268,383,66.0,137.18,0.000183,0
719,line,752,米沢変電所~松岬変電所線,1007,1192,66.0,137.18,2.6e-05,1
720,line,753,米沢変電所~南原石垣町変電所線,1007,269,66.0,274.36,0.000115,0
721,line,754,米沢変電所~松岬変電所線,1192,1081,66.0,137.18,0.000289,1
722,line,755,南原石垣町変電所~八幡原変電所線,269,270,66.0,205.77,4e-06,0
723,line,756,南原石垣町変電所~花沢変電所線,269,1050,66.0,274.36,8.7e-05,0
724,line,757,南原石垣町変電所~花沢変電所線,1050,1049,66.0,411.54,3e-06,0
725,line,758,東北電力ネットワーク 66.0kV線,270,271,66.0,137.18,0.000105,0
726,line,759,南原石垣町変電所~八幡原変電所線,270,353,66.0,68.59,0.000194,0
727,line,760,東北電力ネットワーク 66.0kV線,271,353,66.0,137.18,7.9e-05,0
728,line,761,東北電力ネットワーク 66.0kV線,271,1051,66.0,274.36,2.9e-05,1
729,line,762,leadin,1051,272,66.0,205.77,1.3e-05,1
730,line,763,村神線(521B),1365,1366,66.0,137.18,0.000113,0
731,line,764,神町変電所~小関二丁目変電所線,1365,1443,66.0,137.18,0.000158,0
732,line,765,神町変電所~小関二丁目変電所線,1443,273,66.0,137.18,0.00014,0
733,line,766,小関二丁目変電所~天童変電所線,273,1106,66.0,137.18,0.000172,0
734,line,767,東北電力ネットワーク 154.0kV線,274,1035,154.0,1066.94,9e-06,0
735,line,768,東山形変電所~大野目変電所線,275,1021,66.0,137.18,0.000125,0
736,line,769,東山形変電所~天童変電所線,275,361,66.0,137.18,0.000267,0
737,line,770,東北電力ネットワーク 66.0kV線,275,1036,66.0,274.36,6.2e-05,0
738,line,771,東山形変電所~桜田変電所線,1036,1144,66.0,137.18,0.000385,0
739,line,772,東北電力ネットワーク 66.0kV線,1036,362,66.0,411.54,1.3e-05,1
740,line,773,東北電力ネットワーク 66.0kV線,276,277,66.0,68.59,5.5e-05,1
741,line,774,笹川線,276,313,66.0,137.18,0.000144,0
742,line,775,小野新町変電所~小川町塩田変電所線,1191,278,66.0,68.59,0.00168,0
743,line,776,郡山変電所~小野新町変電所線,1191,364,66.0,137.18,4.2e-05,0
744,line,777,田村市変電所~小野新町変電所線,1191,386,66.0,137.18,6e-05,0
745,line,778,小野新町変電所~小川町塩田変電所線,278,279,66.0,68.59,0.000536,0
746,line,779,東北電力ネットワーク 66.0kV線,278,280,66.0,68.59,7.4e-05,1
747,line,780,東北電力ネットワーク 66.0kV線,279,1202,66.0,68.59,7.8e-05,1
748,line,781,北平変電所~小川町塩田変電所線,279,1073,66.0,137.18,0.0003,0
749,line,783,北平変電所~好間変電所線,1073,281,66.0,274.36,9.3e-05,0
750,line,784,北平変電所~四倉変電所線,1073,298,66.0,274.36,0.00017,0
751,line,785,東北電力ネットワーク 66.0kV線,281,1076,66.0,137.18,7.7e-05,1
752,line,786,東平変電所~好間変電所線,281,1180,66.0,137.18,0.000219,0
753,line,787,好間線,1076,1077,66.0,68.59,0.000147,1
754,line,788,好間変電所~いわき市変電所線,1076,1204,66.0,137.18,4e-05,1
755,line,789,好間線,1077,301,66.0,137.18,0.000218,1
756,line,790,東北電力ネットワーク 66.0kV線,1058,380,66.0,274.36,9e-06,1
757,line,791,東北電力ネットワーク 66.0kV線,1058,283,66.0,137.18,2.3e-05,1
758,line,792,東北電力ネットワーク 66.0kV線,1058,285,66.0,137.18,2.5e-05,0
759,line,793,東北電力ネットワーク 66.0kV線,1058,343,66.0,137.18,3.6e-05,0
760,line,794,喜久田変電所~富田西五丁目変電所線,1058,943,66.0,137.18,0.000129,1
761,line,795,東北電力ネットワーク 66.0kV線,283,409,66.0,137.18,0.000117,1
762,line,796,東北送電線_75,283,284,66.0,137.18,4.1e-05,1
763,line,797,富田西五丁目変電所~郡山市変電所線,943,1193,66.0,137.18,0.000126,1
764,line,798,喜久田変電所~若葉町変電所線,285,1075,66.0,137.18,0.000296,0
765,line,799,東北電力ネットワーク 66.0kV線,285,343,66.0,137.18,2.1e-05,0
766,line,800,若葉町変電所~字東宿変電所線,1075,1061,66.0,137.18,2.9e-05,1
767,line,801,東北送電線_78,286,287,66.0,68.59,0.000208,1
768,line,802,東北送電線_116,287,410,66.0,137.18,0.000131,0
769,line,803,上小塙変電所~川内村変電所線,1060,1101,66.0,68.59,0.000859,0
770,line,804,木戸変電所~上小塙変電所線,1060,391,66.0,137.18,0.000127,0
771,line,805,上川内変電所~川内村変電所線,1101,1200,66.0,68.59,0.000746,0
772,line,806,東北送電線_117,288,413,66.0,68.59,8.9e-05,1
773,line,807,東北電力ネットワーク 66.0kV線,288,998,66.0,137.18,0.000171,0
774,line,808,湯津上線,1262,289,66.0,137.18,0.000485,0
775,line,809,屋敷ノ入変電所~須賀川変電所線,1163,976,66.0,137.18,0.000865,0
776,line,810,屋敷ノ入変電所~花咲変電所線,1163,378,66.0,137.18,0.000274,0
777,line,811,前田川扇町変電所~須賀川変電所線,976,292,66.0,137.18,0.000319,0
778,line,812,東日本旅客鉄道 66.0kV線,976,1153,66.0,137.18,0.000303,0
779,line,813,西山寺町変電所~笹川変電所線,290,291,66.0,137.18,0.000137,0
780,line,814,東北送電線_120,290,1263,66.0,68.59,6e-05,1
781,line,815,南須賀川変電所~西山寺町変電所線,290,1065,66.0,137.18,0.00021,0
782,line,816,西山寺町変電所~笹川変電所線,291,1162,66.0,137.18,0.00015,0
783,line,817,東北電力ネットワーク 154.0kV線,291,1153,66.0,68.59,0.000216,0
784,line,818,笹川線,1162,313,66.0,137.18,0.000131,0
785,line,819,豊地変電所~JR東日本 新郡山変電所線,1154,1152,154.0,1066.94,0.000117,0
786,line,820,前田川扇町変電所~南須賀川変電所線,292,1065,66.0,137.18,6.4e-05,0
787,line,821,東北電力ネットワーク 66.0kV線,292,1087,66.0,137.18,5.1e-05,1
788,line,822,南須賀川変電所~花咲変電所線,1065,293,66.0,137.18,0.000187,0
789,line,823,長沼変電所~岡の台変電所線,1066,293,66.0,137.18,0.000311,1
790,line,824,南須賀川変電所~花咲変電所線,293,1161,66.0,137.18,0.000254,0
791,line,825,平変電所~湯本第一変電所線,1090,295,66.0,137.18,0.000106,0
792,line,826,東北電力ネットワーク 66.0kV線,1090,310,66.0,274.36,4.5e-05,0
793,line,827,平変電所~いわき市変電所線,1090,325,66.0,137.18,0.000131,0
794,line,828,平変電所~小浜町変電所線,1090,1092,66.0,137.18,0.00037,0
795,line,829,東北電力ネットワーク 66.0kV線,295,1068,66.0,137.18,2.6e-05,1
796,line,830,6D1C,1068,1266,66.0,68.59,0.000977,1
797,line,831,東北電力ネットワーク 66.0kV線,1017,332,66.0,137.18,9.4e-05,0
798,line,832,東北電力株式会社 岩沼変電所~柴田町変電所線,1150,332,66.0,137.18,0.000127,1
799,line,833,東北電力ネットワーク 66.0kV線,1150,297,66.0,137.18,4.6e-05,1
800,line,834,東北送電線_80,1070,1088,66.0,68.59,0.000116,1
801,line,835,泉町変電所~小浜町変電所線,1070,311,66.0,68.59,0.00012,1
802,line,836,四倉変電所~広野町変電所線,298,299,66.0,137.18,0.000639,0
803,line,837,東北電力ネットワーク 66.0kV線,298,1201,66.0,137.18,0.000172,1
804,line,838,東北送電線_104,299,950,66.0,68.59,0.000249,0
805,line,839,広野町変電所~木戸変電所線,299,391,66.0,137.18,7.8e-05,0
806,line,840,東北電力ネットワーク 66.0kV線,302,1271,66.0,68.59,0.000195,1
807,line,841,鎌田変電所~瀬上町変電所線,304,1228,66.0,137.18,0.000219,1
808,line,842,東北電力ネットワーク 66.0kV線,304,412,66.0,137.18,2.3e-05,1
809,line,843,郡山変電所~字師範場変電所線,305,306,66.0,137.18,0.000451,0
810,line,844,東北電力ネットワーク 154.0kV線,305,364,66.0,137.18,0.001025,0
811,line,845,東北電力ネットワーク 66.0kV線,306,1100,66.0,137.18,2.7e-05,1
812,line,846,東北送電線_83,1100,307,66.0,137.18,1.4e-05,1
813,line,847,岡の台変電所~前田川扇町変電所線,1086,308,66.0,137.18,2.4e-05,1
814,line,848,岡の台変電所~前田川扇町変電所線,308,1087,66.0,137.18,5.1e-05,1
815,line,849,東北送電線_84,308,309,66.0,68.59,0.000205,1
816,line,850,平変電所~泉町変電所線,310,311,66.0,68.59,0.000215,0
817,line,851,東北送電線_109,312,402,154.0,266.74,1.6e-05,1
818,line,852,小浜町変電所~佐糠町変電所線,312,1091,154.0,1066.94,1.3e-05,0
819,line,853,6D1D,1266,423,66.0,137.18,0.000486,1
820,line,854,泉崎村変電所~花咲変電所線,1161,377,66.0,137.18,0.000103,0
821,line,855,屋敷ノ入変電所~花咲変電所線,1161,378,66.0,137.18,0.000393,0
822,line,856,東北電力ネットワーク 66.0kV線,313,1096,66.0,137.18,4.3e-05,1
823,line,857,関森線,1096,1261,66.0,68.59,0.000796,1
824,line,858,福島市変電所~東裏変電所線,314,315,66.0,137.18,0.00052,0
825,line,859,東北電力ネットワーク 66.0kV線,315,410,66.0,137.18,3.3e-05,0
826,line,860,東裏変電所~初森変電所線,315,411,66.0,137.18,0.000159,1
827,line,861,福島市変電所~腰浜変電所線,1230,1229,66.0,137.18,0.000226,1
828,line,862,北福島変電所~国見変電所線,316,1214,66.0,137.18,0.000146,0
829,line,863,東北電力ネットワーク 154.0kV線,316,1170,66.0,137.18,0.000108,0
830,line,864,白石市変電所~国見変電所線,316,1255,66.0,68.59,0.001083,0
831,line,865,日和田町変電所~東裏変電所線,317,318,66.0,137.18,2.3e-05,0
832,line,866,東北電力ネットワーク 66.0kV線,317,324,66.0,68.59,0.000284,1
833,line,867,日和田町変電所~東裏変電所線,318,319,66.0,137.18,6.6e-05,0
834,line,868,東北電力ネットワーク 66.0kV線,318,1097,66.0,137.18,8.3e-05,1
835,line,869,日和田町変電所~東裏変電所線,319,320,66.0,137.18,0.00012,0
836,line,870,東北電力ネットワーク 66.0kV線,319,323,66.0,68.59,4.8e-05,1
837,line,871,日和田町変電所~東裏変電所線,320,321,66.0,137.18,8.7e-05,0
838,line,872,東北電力ネットワーク 66.0kV線,320,379,66.0,68.59,0.000389,1
839,line,873,日和田町変電所~東裏変電所線,321,322,66.0,137.18,0.000111,0
840,line,874,二本松市変電所~初森変電所線,321,1167,66.0,137.18,0.000941,0
841,line,875,東北電力ネットワーク 66.0kV線,322,1116,66.0,274.36,6.2e-05,1
842,line,876,東北電力ネットワーク 66.0kV線,322,410,66.0,137.18,0.000139,0
843,line,877,常磐水野谷町変電所~いわき市変電所線,1098,1099,66.0,68.59,5.1e-05,1
844,line,878,常磐水野谷町変電所~いわき市変電所線,1099,325,66.0,68.59,0.000108,1
845,line,879,東平変電所~いわき市変電所線,325,383,66.0,137.18,3.6e-05,0
846,line,880,秋根線,1149,1148,154.0,266.74,3e-05,0
847,line,881,上川内変電所~田村市変電所線,1200,386,66.0,68.59,0.001487,0
848,line,882,東北電力ネットワーク 66.0kV線,326,416,66.0,68.59,3e-06,0
849,line,883,東北電力ネットワーク 66.0kV線,326,417,66.0,68.59,3e-06,0
850,line,884,北茨城線,326,327,66.0,137.18,0.000345,0
851,line,885,勿来線,327,329,66.0,137.18,0.000169,0
852,line,886,東北電力ネットワーク 66.0kV線,328,418,66.0,68.59,3e-06,0
853,line,887,tohoku_line_865,328,417,66.0,68.59,4e-06,0
854,line,888,勿来線,328,329,66.0,137.18,0.000169,0
855,line,889,東北電力ネットワーク 66.0kV線,328,416,66.0,68.59,5e-06,0
856,line,890,北台変電所~富岡変電所線,1104,331,66.0,68.59,6.4e-05,0
857,line,891,木戸変電所~富岡変電所線,1104,995,66.0,68.59,0.000842,0
858,line,892,東山形変電所~天童変電所線,1106,361,66.0,137.18,0.000452,0
859,line,893,柴田町変電所~船岡西二丁目変電所線,1108,1107,66.0,68.59,7.9e-05,1
860,line,894,亘理変電所~高瀬変電所線,330,1109,66.0,137.18,0.000376,1
861,line,895,leadin,331,1118,66.0,68.59,4.8e-05,1
862,line,896,柴田町変電所~名取開閉所線,332,334,66.0,137.18,8.7e-05,0
863,line,897,空港南四丁目変電所~玉浦変電所線,1111,1110,66.0,68.59,0.000142,1
864,line,898,空港南四丁目変電所~玉浦変電所線,1110,333,66.0,137.18,1.8e-05,1
865,line,899,玉浦変電所~名取開閉所線,1110,334,66.0,137.18,0.000227,1
866,line,900,高舘支線,1115,403,66.0,137.18,0.000115,1
867,line,901,東北送電線_90,335,336,154.0,266.74,4.2e-05,1
868,line,902,東北送電線_90,336,337,66.0,68.59,2.7e-05,1
869,line,903,東北送電線_91,336,338,66.0,68.59,4.7e-05,1
870,line,904,沼辺変電所~蔵王町変電所線,339,1251,66.0,68.59,0.000709,0
871,line,905,蔵王町変電所~沼辺変電所線,339,1206,66.0,68.59,0.000418,0
872,line,906,東北電力ネットワーク 66.0kV線,339,1253,66.0,137.18,5e-05,0
873,line,907,沼辺変電所~蔵王町変電所線,1251,1250,66.0,68.59,0.000203,0
874,line,908,蔵王町変電所~宮変電所線,1206,1117,66.0,137.18,3.9e-05,0
875,line,909,JR東日本 北白川変電所~蔵王町変電所線,1206,394,66.0,137.18,0.000109,0
876,line,910,宮変電所~白石市変電所線,1117,1246,66.0,68.59,0.000186,0
877,line,911,東北電力ネットワーク 66.0kV線,1246,1247,66.0,68.59,2.5e-05,1
878,line,912,東北電力ネットワーク 66.0kV線,1246,392,66.0,68.59,0.000177,0
879,line,913,東北送電線_94,341,342,66.0,68.59,9.3e-05,1
880,line,914,namebind,341,1121,66.0,68.59,0.000859,1
881,line,915,東北電力ネットワーク 66.0kV線,341,343,66.0,137.18,0.000275,1
882,line,916,東北電力ネットワーク 66.0kV線,1122,345,66.0,205.77,1.2e-05,1
883,line,917,宮宿変電所~鮎貝変電所線,1122,1128,66.0,137.18,0.000677,1
884,line,918,東北電力ネットワーク 66.0kV線,1122,346,66.0,68.59,9.6e-05,1
885,line,919,東北電力ネットワーク 66.0kV線,346,347,66.0,68.59,9.1e-05,1
886,line,920,旭町一丁目変電所~谷柏変電所線,348,349,66.0,137.18,0.000168,0
887,line,921,東北電力ネットワーク 66.0kV線,348,350,66.0,68.59,5.9e-05,1
888,line,922,上山変電所~旭町一丁目変電所線,348,1127,66.0,137.18,6.2e-05,0
889,line,923,東北電力ネットワーク 66.0kV線,349,1124,66.0,137.18,3.3e-05,1
890,line,924,上山変電所~旭町一丁目変電所線,1123,1127,66.0,137.18,1.2e-05,0
891,line,925,上山変電所~宮内変電所線,1123,1014,66.0,137.18,0.000548,0
892,line,926,蔵王変電所~旭町一丁目変電所線,1127,1145,66.0,137.18,0.00041,1
893,line,927,上山変電所~宮内変電所線,1014,1052,66.0,137.18,0.000368,0
894,line,928,山形変電所~桜田変電所線,1125,1144,66.0,137.18,9.5e-05,0
895,line,929,山形変電所~桜田変電所線,1144,351,66.0,137.18,7e-06,1
896,line,930,六供町二丁目変電所~大字清助新田変電所線,1381,1423,66.0,68.59,0.000275,0
897,line,931,東北送電線_96,1069,354,66.0,68.59,0.000657,1
898,line,933,太白区変電所~字町北変電所線,1137,355,66.0,68.59,0.000219,0
899,line,934,勿来線,356,357,66.0,137.18,0.000176,0
900,line,935,東北送電線_97,356,359,66.0,68.59,4e-05,1
901,line,936,勿来線,357,358,66.0,137.18,1.1e-05,1
902,line,938,駒ヶ嶺変電所~相馬市変電所線,360,1240,66.0,137.18,6.3e-05,1
903,line,939,東北電力ネットワーク 66.0kV線,360,983,66.0,137.18,5.3e-05,0
904,line,940,東北電力ネットワーク 66.0kV線,361,1142,66.0,137.18,0.000113,1
905,line,941,東北電力ネットワーク 66.0kV線,363,428,66.0,68.59,0.000391,0
906,line,942,あけの平二丁目変電所~テクノヒルズ変電所線,363,1452,66.0,137.18,0.000259,1
907,line,943,東北電力ネットワーク 66.0kV線,364,1190,66.0,137.18,4.1e-05,0
908,line,944,東北電力ネットワーク 66.0kV線,365,366,66.0,68.59,0.000121,1
909,line,945,白河市変電所~花園変電所線,365,1156,66.0,137.18,0.00012,0
910,line,946,白河市変電所~花園変電所線,365,1157,66.0,137.18,0.000251,0
911,line,947,泉崎村変電所~白河市変電所線,1160,1156,66.0,137.18,0.000368,0
912,line,948,合戦坂変電所~泉崎村変電所線,1160,367,66.0,137.18,0.000442,0
913,line,949,東北電力ネットワーク 66.0kV線,1160,375,66.0,274.36,6e-05,0
914,line,950,東北電力ネットワーク 66.0kV線,1157,370,66.0,68.59,0.000231,0
915,line,951,東北電力ネットワーク 66.0kV線,1157,427,66.0,137.18,8.2e-05,0
916,line,952,東北電力ネットワーク 66.0kV線,367,368,66.0,68.59,0.000104,0
917,line,953,合戦坂変電所~花園変電所線,368,369,66.0,68.59,0.001054,0
918,line,954,合戦坂変電所~花園変電所線,369,370,66.0,68.59,5.3e-05,0
919,line,955,東北送電線_129,369,425,66.0,68.59,3.8e-05,1
920,line,956,東北送電線_128,370,424,66.0,68.59,0.000148,1
921,line,957,東北電力ネットワーク 66.0kV線,371,372,66.0,137.18,7e-06,1
922,line,958,泉崎村変電所~米村道北変電所線,371,374,66.0,137.18,2.1e-05,0
923,line,959,東北電力ネットワーク 66.0kV線,373,374,66.0,137.18,1.1e-05,1
924,line,960,泉崎村変電所~米村道北変電所線,374,375,66.0,137.18,0.000125,0
925,line,961,泉崎村変電所~花咲変電所線,375,377,66.0,137.18,1e-05,0
926,line,962,東北電力ネットワーク 66.0kV線,376,377,66.0,68.59,2.7e-05,1
927,line,963,屋敷ノ入変電所~岡の台変電所線,378,426,66.0,137.18,0.000195,1
928,line,964,leadin,1164,1054,66.0,68.59,4.1e-05,1
929,line,969,国見変電所~東白石変電所線,1169,1207,154.0,533.47,4.5e-05,0
930,line,970,国見変電所~梁川町幸町変電所線,1170,1168,66.0,137.18,0.000288,1
931,line,971,東北電力ネットワーク 66.0kV線,381,382,66.0,68.59,7.1e-05,1
932,line,972,東北電力ネットワーク 66.0kV線,381,1175,66.0,205.77,8.4e-05,1
933,line,973,東北電力ネットワーク 66.0kV線,1242,998,66.0,68.59,3.4e-05,1
934,line,974,南相馬変電所~小高変電所線,998,384,66.0,137.18,0.000146,0
935,line,975,北小名浜変電所~湯本第一変電所線,1053,383,66.0,137.18,0.00016,1
936,line,976,東北電力ネットワーク 66.0kV線,384,969,66.0,137.18,7.3e-05,1
937,line,977,中村変電所~鹿島変電所線,1183,385,66.0,68.59,0.001153,0
938,line,978,東北電力ネットワーク 66.0kV線,385,1184,66.0,137.18,0.000235,1
939,line,979,JR東日本 原ノ町変電所~原町変電所線,999,1245,66.0,137.18,4.2e-05,1
940,line,980,東北電力ネットワーク 154.0kV線,1237,1189,154.0,533.47,4e-06,1
941,line,981,新地町変電所~駒ヶ嶺変電所線,1237,1239,154.0,533.47,6e-06,0
942,line,982,新地町変電所~駒ヶ嶺変電所線,1237,982,154.0,533.47,2.4e-05,0
943,line,983,今泉変電所~新地町変電所線,1239,1187,154.0,266.74,7e-06,0
944,line,984,leadin,386,1190,66.0,68.59,0.000229,0
945,line,986,東日本旅客鉄道株式会社 66.0kV線,389,995,66.0,137.18,3.3e-05,0
946,line,987,東日本旅客鉄道株式会社 66.0kV線,389,391,66.0,137.18,4.4e-05,0
947,line,988,東日本旅客鉄道株式会社 66.0kV線,389,1059,66.0,137.18,2.4e-05,1
948,line,989,東北送電線_107,390,1172,66.0,68.59,0.000401,1
949,line,990,東北電力ネットワーク 66.0kV線,1204,1203,66.0,68.59,0.000115,1
950,line,991,白石市変電所~東白石変電所線,392,399,66.0,137.18,0.000155,0
951,line,992,白石市変電所~白石変電所線,392,393,66.0,137.18,8.6e-05,0
952,line,993,東北電力ネットワーク 66.0kV線,1205,393,66.0,137.18,3.3e-05,1
953,line,994,白石市変電所~白石変電所線,393,1257,66.0,68.59,0.000239,0
954,line,995,JR東日本 北白川変電所~東白石変電所線,394,395,66.0,137.18,3.9e-05,0
955,line,996,沼辺変電所~JR東日本 北白川変電所線,394,1253,66.0,137.18,0.000169,0
956,line,997,JR東日本 66.0kV線,395,408,66.0,274.36,1e-06,1
957,line,998,JR東日本 北白川変電所~東白石変電所線,395,396,66.0,137.18,0.0001,0
958,line,999,東北電力ネットワーク 66.0kV線,396,399,66.0,137.18,0.000137,0
959,line,1000,干供田変電所~北福島変電所線,1214,397,66.0,137.18,0.000116,0
960,line,1001,干供田変電所~伊達変電所線,1208,1209,66.0,205.77,4e-06,1
961,line,1002,干供田変電所~伊達変電所線,1208,397,66.0,137.18,1.9e-05,0
962,line,1003,namebind,1208,1210,66.0,68.59,0.000214,0
963,line,1004,福島市変電所~干供田変電所線,397,398,66.0,137.18,0.000103,0
964,line,1005,福島市変電所~飯坂変電所線,1210,422,66.0,205.77,1e-06,1
965,line,1006,飯坂変電所~福島市変電所線,1210,398,66.0,205.77,2e-05,0
966,line,1007,飯坂変電所~福島市変電所線,1212,398,66.0,205.77,2.7e-05,0
967,line,1008,旭町五丁目変電所~東白石変電所線,1258,399,66.0,68.59,0.000288,1
968,line,1009,宮町二丁目変電所~北町三丁目変電所線,1220,1221,66.0,68.59,6.9e-05,1
969,line,1010,原町区下太田変電所~原町区青葉町一丁目変電所線,401,1243,66.0,68.59,8.9e-05,1
970,line,1011,原町変電所~原町区下太田変電所線,401,1244,66.0,68.59,7.9e-05,1
971,line,1012,泉町変電所~いわき市変電所線,1071,1078,66.0,68.59,0.000155,1
972,line,1013,村田変電所~沼辺変電所線,1252,1253,66.0,137.18,0.000265,1
973,line,1014,東北電力ネットワーク 33.0kV線,1254,405,66.0,68.59,2.8e-05,1
974,line,1015,leadin,1254,404,66.0,137.18,1.5e-05,1
975,line,1016,白石市変電所~字渡瀬根添変電所線,1254,407,66.0,68.59,0.0006,1
976,line,1017,東北電力ネットワーク 66.0kV線,406,407,66.0,68.59,5e-05,1
977,line,1018,白石市変電所~字渡瀬根添変電所線,407,1255,66.0,68.59,0.000268,1
978,line,1019,白石市変電所~白石変電所線,1255,1257,66.0,68.59,0.000456,0
979,line,1021,tohoku_line_999,416,418,66.0,68.59,1e-06,0
980,line,1022,tohoku_line_1000,417,418,66.0,68.59,2e-06,0
981,line,1023,leadin,420,1055,66.0,68.59,0.000166,1
982,line,1024,東北電力ネットワーク 南小泉変電所~東北電力ネットワーク 苦竹変電所線,420,421,66.0,137.18,3e-05,0
983,line,1025,leadin,421,1198,66.0,68.59,4.9e-05,1
984,line,1026,leadin,1199,1025,66.0,68.59,2.4e-05,1
985,line,1033,まいの一丁目変電所~あけの平二丁目変電所線,428,1430,66.0,68.59,0.000559,0
986,line,1034,まいの一丁目変電所~あけの平二丁目変電所線,428,1454,66.0,68.59,0.000279,0
987,line,1035,女川変電所~鮎川変電所線,1500,429,66.0,137.18,0.000257,1
988,line,1036,万石線,1500,622,66.0,137.18,0.000284,1
989,line,1037,女川変電所~鮎川変電所線,429,430,66.0,137.18,0.000307,1
990,line,1038,東北電力ネットワーク 66.0kV線,429,1597,66.0,68.59,0.000226,1
991,line,1039,女川変電所~鮎川変電所線,430,1272,66.0,137.18,0.000171,1
992,line,1040,東北送電線_136,430,431,66.0,68.59,0.000177,1
993,line,1044,由利本荘市変電所~由利変電所線,1421,432,66.0,137.18,0.000722,0
994,line,1045,由利本荘市変電所~古川端変電所線,1421,473,66.0,137.18,0.000809,0
995,line,1046,東北電力ネットワーク 66.0kV線,1421,1420,66.0,68.59,0.000608,1
996,line,1047,由利本荘市変電所~由利変電所線,432,433,66.0,137.18,0.000135,0
997,line,1048,由利変電所~遊佐町変電所線,432,440,66.0,68.59,0.000282,0
998,line,1049,由利本荘市変電所~由利変電所線,433,434,66.0,137.18,2e-05,0
999,line,1050,由利変電所~象潟変電しょ線,433,1297,66.0,137.18,0.000198,1
1000,line,1051,由利本荘市変電所~由利変電所線,434,435,66.0,137.18,3.2e-05,0
1001,line,1052,にかほ市変電所~由利変電所線,434,1298,66.0,137.18,0.000167,1
1002,line,1053,東北電力ネットワーク 66.0kV線,435,1275,66.0,274.36,2.3e-05,0
1003,line,1054,由利変電所~平沢変電所線,435,1299,66.0,137.18,0.000309,1
1004,line,1055,最上幹線,1341,436,154.0,533.47,0.00034,0
1005,line,1056,新庄変電所~大字清助新田変電所線,1341,519,154.0,533.47,0.000223,0
1006,line,1057,最上幹線,436,437,154.0,533.47,2.8e-05,0
1007,line,1058,八幡南線,436,1292,154.0,533.47,3.5e-05,0
1008,line,1059,最上幹線,437,438,154.0,533.47,3e-06,0
1009,line,1060,八幡開閉所~JR東日本 酒田変電所線,437,450,154.0,533.47,5.6e-05,0
1010,line,1061,酒田北港変電所~八幡開閉所線,438,1287,154.0,266.74,0.000112,0
1011,line,1062,羽後線,438,439,154.0,800.21,1.9e-05,0
1012,line,1063,船越線,1348,1273,66.0,137.18,0.000558,1
1013,line,1064,大久保線,1348,512,66.0,137.18,3.7e-05,0
1014,line,1065,八郎潟線,1348,515,66.0,68.59,0.000479,0
1015,line,1066,大久保変電所~八郎潟変電所線,1348,559,66.0,68.59,0.001559,1
1016,line,1067,船川線,1273,1296,66.0,137.18,0.000269,1
1017,line,1068,羽後線,1274,457,154.0,533.47,3e-06,1
1018,line,1069,にかほ市変電所~由利変電所線,1274,462,154.0,266.74,9.6e-05,1
1019,line,1070,羽後線,1274,439,154.0,533.47,0.000211,0
1020,line,1071,由利線,1274,469,154.0,533.47,0.000193,0
1021,line,1072,酒田北港変電所~宮海変電所線,1287,1289,154.0,266.74,7e-06,1
1022,line,1073,八幡西線,439,1292,154.0,533.47,1.8e-05,0
1023,line,1074,由利変電所~遊佐町変電所線,440,441,66.0,68.59,0.002042,0
1024,line,1075,東北電力ネットワーク 66.0kV線,440,1313,66.0,68.59,0.00014,1
1025,line,1076,東北電力ネットワーク 66.0kV線,441,1286,66.0,137.18,7.8e-05,1
1026,line,1077,遊佐町変電所~御成町変電所線,441,451,66.0,68.59,0.000777,0
1027,line,1078,庄内変電所~北鶴岡変電所線,442,1280,66.0,137.18,0.0001,1
1028,line,1079,庄内変電所~鶴岡変電所線,442,444,66.0,137.18,0.000264,0
1029,line,1080,東北電力ネットワーク 66.0kV線,442,445,66.0,274.36,4.1e-05,0
1030,line,1081,東北電力ネットワーク 66.0kV線,443,1307,66.0,137.18,0.000127,1
1031,line,1082,南酒田変電所~松陽一丁目変電所線,443,464,66.0,137.18,0.000179,0
1032,line,1083,南酒田変電所~松陽一丁目変電所線,443,449,66.0,137.18,8.1e-05,0
1033,line,1084,東北電力ネットワーク 33.0kV線,1307,1306,66.0,68.59,0.001089,1
1034,line,1085,鶴岡変電所~寺田変電所線,1284,1278,66.0,137.18,0.000123,1
1035,line,1086,東北電力ネットワーク 66.0kV線,1284,444,66.0,205.77,0.000148,1
1036,line,1087,寺田変電所~山田変電所線,1278,1283,66.0,137.18,0.000122,1
1037,line,1088,山田変電所~みずほ変電所線,1283,458,66.0,68.59,0.00034,1
1038,line,1089,鶴岡変電所~鶴岡市変電所線,444,447,66.0,68.59,0.000805,0
1039,line,1090,東北電力ネットワーク 66.0kV線,445,1282,66.0,411.54,7e-06,0
1040,line,1091,松陽一丁目変電所~庄内変電所線,445,449,66.0,137.18,0.00036,0
1041,line,1092,庄内変電所~藤島変電所線,1282,448,66.0,137.18,0.0001,0
1042,line,1093,東北送電線_141,1280,446,66.0,68.59,3.6e-05,1
1043,line,1094,鶴岡市変電所~庄内変電所線,1302,1281,154.0,533.47,0.000217,0
1044,line,1095,酒田変電所~庄内変電所線,1281,1276,154.0,533.47,0.000118,0
1045,line,1096,東北電力ネットワーク 66.0kV線,447,452,66.0,68.59,0.000519,0
1046,line,1097,東北電力ネットワーク 66.0kV線,447,1303,66.0,274.36,0.000264,0
1047,line,1098,藤島変電所~庄内町変電所線,448,1312,66.0,68.59,0.001103,0
1048,line,1099,東北電力ネットワーク 66.0kV線,448,1285,66.0,205.77,1.5e-05,1
1049,line,1101,松陽一丁目変電所~酒田市変電所線,449,1305,66.0,137.18,0.000192,1
1050,line,1102,JR東日本 酒田変電所~御成町変電所線,450,1314,154.0,266.74,0.000142,1
1051,line,1103,JR東日本 酒田変電所~酒田変電所線,450,1310,154.0,800.21,3e-06,0
1052,line,1104,御成町変電所~こあら三丁目変電所線,451,1309,66.0,137.18,0.000129,0
1053,line,1105,酒田市変電所~御成町変電所線,451,455,66.0,68.59,0.000906,0
1054,line,1106,酒田変電所~こあら三丁目変電所線,1309,1277,66.0,137.18,4.9e-05,0
1055,line,1107,東北電力ネットワーク 66.0kV線,1277,1290,66.0,137.18,6e-06,0
1056,line,1108,酒田変電所~酒田北港変電所線,1277,1288,66.0,137.18,0.000392,0
1057,line,1109,南酒田変電所~松陽一丁目変電所線,1277,464,66.0,137.18,6.5e-05,0
1058,line,1110,東北電力ネットワーク 66.0kV線,452,463,66.0,137.18,4.7e-05,1
1059,line,1111,東北電力ネットワーク 66.0kV線,452,1304,66.0,68.59,0.000767,0
1060,line,1112,東北電力ネットワーク 66.0kV線,453,454,66.0,68.59,0.000146,1
1061,line,1113,東北電力ネットワーク 66.0kV線,454,1304,66.0,68.59,0.000858,0
1062,line,1114,東北電力ネットワーク 66.0kV線,454,546,66.0,68.59,0.000707,0
1063,line,1115,東北電力ネットワーク 66.0kV線,1291,455,66.0,137.18,4.4e-05,1
1064,line,1116,酒田市変電所~升田変電所線,455,1293,66.0,68.59,8.1e-05,0
1065,line,1117,酒田市変電所~升田変電所線,1293,1424,66.0,137.18,0.000363,1
1066,line,1118,namebind,1385,1384,66.0,274.36,3.3e-05,1
1067,line,1119,本荘支線,1385,473,66.0,137.18,0.000181,1
1068,line,1120,平沢変電所~本荘変電所線,456,1384,66.0,68.59,0.001393,1
1069,line,1121,JR東日本 酒田変電所~酒田変電所線,1276,1310,154.0,1066.94,6e-06,0
1070,line,1122,津谷変電所~庄内町変電所線,1312,1427,66.0,68.59,0.001345,0
1071,line,1123,東北電力ネットワーク 66.0kV線,1312,1311,66.0,68.59,0.000573,1
1072,line,1124,東北送電線_143,458,1294,66.0,68.59,1.7e-05,1
1073,line,1125,山田変電所~みずほ変電所線,458,459,66.0,137.18,7.9e-05,1
1074,line,1126,新浜町変電所~船川変電所線,460,461,66.0,68.59,0.000192,1
1075,line,1127,leadin,461,1295,66.0,68.59,7.2e-05,1
1076,line,1128,新浜町変電所~船川変電所線,461,1296,66.0,68.59,0.000343,1
1077,line,1129,鶴岡市変電所~倉沢変電所線,1303,1279,66.0,68.59,0.000227,1
1078,line,1130,東北電力ネットワーク 66.0kV線,463,1301,66.0,205.77,2e-05,1
1079,line,1131,東北電力ネットワーク 66.0kV線,463,1300,66.0,68.59,6.3e-05,1
1080,line,1132,namebind,464,1290,66.0,137.18,0.000421,0
1081,line,1133,酒田変電所~石名坂変電所線,464,1308,66.0,137.18,0.0003,1
1082,line,1134,上金沢町変電所~津谷変電所線,1427,1426,66.0,68.59,0.000952,0
1083,line,1135,東北送電線_148,465,1313,66.0,68.59,0.000183,1
1084,line,1137,大字清助新田変電所~大字藤田変電所線,1423,544,66.0,137.18,0.000275,0
1085,line,1138,谷地変電所~大字清助新田変電所線,1423,518,66.0,137.18,0.000149,0
1086,line,1139,牡鹿幹線,1476,1602,275.0,1905.26,6e-05,1
1087,line,1140,村神線(521A),1361,466,66.0,137.18,0.000249,0
1088,line,1141,西村山変電所~大字清助新田変電所線,1361,518,66.0,137.18,0.000356,0
1089,line,1142,村神線(521B),466,1366,66.0,137.18,0.000171,0
1090,line,1143,長瀞支線(521B),466,487,66.0,137.18,0.000178,0
1091,line,1144,宮城変電所~大崎市変電所線,1319,563,66.0,137.18,0.000198,0
1092,line,1145,宮城変電所~字焼橋変電所線,1319,506,66.0,274.36,4.2e-05,0
1093,line,1146,宮城変電所~字下野目雷北変電所線,1319,1435,66.0,137.18,0.000291,1
1094,line,1147,宮城変電所~高清水変電所線,1319,1363,66.0,411.54,0.000232,0
1095,line,1148,高清水変電所~築館変電所線,1363,501,66.0,137.18,0.000394,0
1096,line,1149,御所野線,1347,1419,66.0,137.18,0.000129,0
1097,line,1150,添川線,1347,514,66.0,137.18,8e-05,0
1098,line,1151,御所野線,1419,467,66.0,137.18,6.7e-05,0
1099,line,1152,御所野線,467,468,66.0,137.18,0.000231,0
1100,line,1153,手形支線,467,1394,66.0,137.18,7.6e-05,1
1101,line,1154,牛島B線,468,470,66.0,137.18,1.7e-05,0
1102,line,1155,御所野線;牛島B線,468,1321,66.0,274.36,5e-05,0
1103,line,1156,新山支線,469,1410,154.0,533.47,2.4e-05,1
1104,line,1157,由利線,469,1320,154.0,533.47,0.000228,0
1105,line,1158,東北電力ネットワーク 66.0kV線,470,554,66.0,68.59,0.000124,1
1106,line,1159,牛島B線,470,1327,66.0,137.18,0.00023,0
1107,line,1160,牛島変電所~牛島西三丁目変電所線,1327,1325,66.0,274.36,5e-06,0
1108,line,1161,秋田中央線,1327,472,66.0,68.59,0.000651,0
1109,line,1162,岩手幹線,1331,471,275.0,1905.26,6.2e-05,0
1110,line,1163,秋盛幹線,1331,1334,275.0,1905.26,0.000178,0
1111,line,1164,新盛岡変電所~雫石開閉所線,1331,1507,275.0,1905.26,5.4e-05,1
1112,line,1165,leadin,471,1465,275.0,952.63,1.1e-05,1
1113,line,1166,岩手幹線,471,1461,275.0,1905.26,1.7e-05,0
1114,line,1167,早池峰幹線,1461,604,275.0,1905.26,0.000143,0
1115,line,1168,北部幹線,1461,605,275.0,1905.26,0.000137,0
1116,line,1169,秋田幹線,1334,1343,275.0,1905.26,0.000182,0
1117,line,1170,大潟幹線,1334,1614,275.0,1905.26,9.7e-05,0
1118,line,1171,秋田火力線;秋田臨海線,1334,1449,275.0,3810.51,5e-06,0
1119,line,1172,奥羽幹線,1343,1438,275.0,1905.26,3.2e-05,0
1120,line,1173,岩谷線,472,1393,66.0,137.18,0.000169,0
1121,line,1174,秋田中央線;352A;岩谷線,472,1321,66.0,68.59,4.4e-05,0
1122,line,1175,秋田中央線,1326,1320,154.0,1333.68,2.4e-05,0
1123,line,1176,牛島東七丁目変電所~御所野変電所線,1320,1324,154.0,1333.68,2e-05,1
1124,line,1177,西羽中線,1320,475,154.0,266.74,0.000331,0
1125,line,1178,南秋A線,1320,1335,154.0,800.21,0.000116,0
1126,line,1179,古川端変電所~加賀沢変電所線,473,1387,66.0,137.18,0.000411,0
1127,line,1180,東北電力ネットワーク 66.0kV線,1321,474,66.0,68.59,4.2e-05,1
1128,line,1181,岩谷線,1321,553,66.0,137.18,2.2e-05,1
1129,line,1182,協和線,1321,1379,66.0,137.18,0.000294,0
1130,line,1183,秋田火力線;秋田臨海線,1335,1450,154.0,266.74,6.8e-05,0
1131,line,1184,秋田変電所~阿仁変電所線,1335,1621,154.0,1066.94,0.000266,0
1132,line,1185,羽中線,475,1333,154.0,266.74,0.000349,0
1133,line,1186,羽中線;西羽中線,475,1352,154.0,533.47,0.000175,0
1134,line,1187,羽中線,1333,529,154.0,533.47,0.000349,0
1135,line,1188,北上幹線,1460,476,500.0,6928.2,8e-05,0
1136,line,1189,十和田幹線,1460,1808,500.0,10392.3,4.4e-05,0
1137,line,1190,leadin,476,1600,500.0,3464.1,2e-06,1
1138,line,1191,水沢幹線,1469,477,275.0,1905.26,0.000132,0
1139,line,1192,早池峰幹線,1469,604,275.0,1905.26,7.5e-05,0
1140,line,1193,水沢変電所~JR東日本 新水沢変電所線,1469,1473,275.0,1905.26,2e-06,1
1141,line,1194,水沢幹線,477,478,275.0,1905.26,1e-06,0
1142,line,1195,高清水変電所~大崎市変電所線,477,520,275.0,952.63,1.6e-05,0
1143,line,1196,高清水変電所~大崎市変電所線,477,580,275.0,952.63,8e-06,1
1144,line,1197,大崎市変電所~JR東日本 新古川変電所線,478,520,275.0,1905.26,8e-06,0
1145,line,1198,大横線,1355,479,66.0,137.18,0.000239,0
1146,line,1199,横手線,1355,484,66.0,137.18,0.000181,0
1147,line,1200,大横線,479,480,66.0,137.18,1.7e-05,0
1148,line,1201,沼美線,479,1351,66.0,137.18,0.000507,0
1149,line,1202,沼美線,479,1322,66.0,137.18,3.7e-05,0
1150,line,1203,大横線,480,481,66.0,137.18,0.000448,0
1151,line,1204,美入野支線,480,1322,66.0,137.18,2.9e-05,0
1152,line,1205,大横線,481,482,66.0,137.18,0.000146,0
1153,line,1206,大曲変電所~富士見町変電所線,481,1323,66.0,68.59,0.000869,1
1154,line,1207,大横線,482,1354,66.0,137.18,2.6e-05,0
1155,line,1208,千畑支線,482,1409,66.0,137.18,0.000344,1
1156,line,1209,大曲線,1354,494,66.0,137.18,0.000232,0
1157,line,1210,横手線,1344,483,66.0,137.18,0.000378,0
1158,line,1211,湯沢線,1344,1349,66.0,137.18,0.000202,1
1159,line,1212,西馬音内線,1344,1350,66.0,137.18,0.00018,0
1160,line,1213,横手線,483,484,66.0,137.18,0.000344,0
1161,line,1214,東北電力ネットワーク 66.0kV線,483,1411,66.0,68.59,0.000282,1
1162,line,1215,leadin,484,1451,66.0,68.59,9.9e-05,1
1163,line,1216,横堀線,1407,485,66.0,137.18,0.000434,1
1164,line,1217,横堀線,485,1349,66.0,137.18,4.5e-05,1
1165,line,1218,滝の原支線,485,1404,66.0,68.59,0.00127,1
1166,line,1219,楯岡変電所~大石田変電所線,486,1367,66.0,68.59,0.001531,1
1167,line,1220,北町二丁目変電所~大石田変電所線,1367,1382,66.0,137.18,0.00016,1
1168,line,1221,大石田変電所~新庄変電所線,1367,497,66.0,137.18,0.000565,0
1169,line,1222,楯岡線(512E),1367,487,66.0,137.18,0.000589,0
1170,line,1223,東北電力ネットワーク 66.0kV線,1382,1383,66.0,137.18,2.7e-05,1
1171,line,1224,北町二丁目変電所~最上町変電所線,1382,1370,66.0,137.18,0.00103,1
1172,line,1225,楯岡線(512E);長瀞支線(521B),1357,487,66.0,274.36,3.4e-05,1
1173,line,1226,東根支線(521C),1366,1446,66.0,137.18,5.6e-05,1
1174,line,1227,雫石線,488,489,66.0,137.18,0.000146,0
1175,line,1228,田沢線,488,491,66.0,137.18,0.000106,0
1176,line,1229,雫石線;田沢線,488,1356,66.0,274.36,2.1e-05,1
1177,line,1230,雫石線,489,490,66.0,137.18,0.000102,0
1178,line,1231,葛根田地熱線,489,1388,66.0,68.59,0.001218,0
1179,line,1232,葛根田地熱線,490,530,66.0,137.18,6.6e-05,0
1180,line,1233,雫石線,490,1375,66.0,137.18,0.00012,0
1181,line,1234,田沢線,1332,491,66.0,137.18,8e-05,0
1182,line,1235,田沢線,1332,492,66.0,205.77,0.000614,0
1183,line,1236,葛根田線,491,1376,66.0,137.18,0.000397,0
1184,line,1237,先達南線,492,493,66.0,68.59,0.000607,0
1185,line,1238,神代線,492,1403,66.0,205.77,0.000332,0
1186,line,1239,先達南線,493,1418,66.0,68.59,7.9e-05,0
1187,line,1240,東北電力ネットワーク 66.0kV線,493,560,66.0,68.59,0.000398,1
1188,line,1241,先達北線,1418,517,66.0,68.59,0.000195,0
1189,line,1242,荒川線,1391,1403,66.0,137.18,0.00134,0
1190,line,1243,協和線,1391,552,66.0,137.18,0.000439,0
1191,line,1244,刈和野支線,1391,1402,66.0,205.77,0.000229,1
1192,line,1245,夏瀬線,1403,509,66.0,68.59,0.000487,1
1193,line,1246,大神線,1403,516,66.0,137.18,0.000251,0
1194,line,1247,大神線;大曲線,1353,494,66.0,274.36,3.3e-05,0
1195,line,1248,大神線,494,516,66.0,137.18,0.000585,0
1196,line,1249,沼館線,1351,1350,66.0,137.18,0.000548,0
1197,line,1250,安本変電所~美入野変電所線,1322,1408,66.0,68.59,1.8e-05,1
1198,line,1251,能代変電所~能代市変電所線,1614,1606,275.0,1905.26,2.1e-05,1
1199,line,1252,北奥幹線,1614,1618,275.0,1905.26,0.000221,0
1200,line,1253,東北電力ネットワーク 66.0kV線,1337,495,66.0,68.59,0.000495,1
1201,line,1254,小又川線,495,1338,66.0,68.59,0.00073,0
1202,line,1255,小又川線,495,496,66.0,68.59,0.002578,0
1203,line,1256,仙北市変電所~鎧畑開閉所線,1339,1338,66.0,68.59,0.001052,1
1204,line,1257,先達北線,1338,517,66.0,68.59,0.000224,0
1205,line,1258,小又川線,496,1672,66.0,68.59,0.000252,0
1206,line,1259,東北電力ネットワーク 66.0kV線,496,745,66.0,68.59,0.001135,1
1207,line,1260,阿仁線,1672,1673,66.0,68.59,0.000742,1
1208,line,1261,小米線,1672,1674,66.0,68.59,0.001135,0
1209,line,1262,東北電力ネットワーク 66.0kV線,497,1342,66.0,274.36,0.00011,0
1210,line,1263,新庄変電所~上金沢町変電所線,497,550,66.0,137.18,0.000178,0
1211,line,1264,涌谷線,498,499,66.0,68.59,0.000498,0
1212,line,1265,古川中里三丁目変電所~小牛田変電所線,498,500,66.0,68.59,0.000465,0
1213,line,1266,東北電力ネットワーク 66.0kV線,498,1315,66.0,68.59,6.3e-05,1
1214,line,1267,涌谷線;南郷線,499,1579,66.0,137.18,9.7e-05,1
1215,line,1268,南郷線,499,1580,66.0,68.59,0.000451,0
1216,line,1269,古川中里三丁目変電所~三本木桑折変電所線,500,1434,66.0,137.18,0.000395,0
1217,line,1270,namebind,500,1346,66.0,137.18,0.000418,0
1218,line,1271,東北電力ネットワーク 66.0kV線,500,1432,66.0,68.59,0.000172,0
1219,line,1272,東北電力ネットワーク 66.0kV線,1434,568,66.0,274.36,3.5e-05,0
1220,line,1273,築館変電所~岩ケ崎変電所前線,501,502,66.0,137.18,0.000296,0
1221,line,1274,東北電力ネットワーク 66.0kV線,501,1362,66.0,137.18,6e-05,0
1222,line,1275,築館変電所~岩ケ崎変電所前線,502,503,66.0,137.18,0.000117,1
1223,line,1276,岩ケ崎変電所前~大崎市変電所線,502,578,66.0,68.59,0.000879,0
1224,line,1277,岩ケ崎変電所前~金成入生田変電所線,503,1596,66.0,137.18,0.000388,1
1225,line,1278,東北電力ネットワーク 66.0kV線,503,1364,66.0,137.18,8e-05,1
1226,line,1279,一関支線,1503,504,154.0,533.47,7.1e-05,0
1227,line,1280,栗駒線,504,508,154.0,533.47,0.000369,0
1228,line,1281,栗駒線,504,1318,154.0,533.47,0.00036,0
1229,line,1282,宮城変電所~三本木桑折変電所線,1318,505,154.0,533.47,0.000145,0
1230,line,1283,東北電力ネットワーク 154.0kV線,505,1433,154.0,1066.94,3e-06,0
1231,line,1284,三本木桑折変電所~鹿島台平渡変電所線,505,1456,154.0,533.47,0.000203,0
1232,line,1285,東北電力ネットワーク 66.0kV線,506,1345,66.0,137.18,8.9e-05,1
1233,line,1286,字焼橋変電所~古川諏訪三丁目変電所線,506,1346,66.0,137.18,0.000327,0
1234,line,1287,古川諏訪三丁目変電所~古川中里三丁目変電所線,1346,569,66.0,137.18,6.1e-05,0
1235,line,1288,東北電力ネットワーク 66.0kV線,1315,507,66.0,68.59,2.8e-05,1
1236,line,1289,盛岡線;栗駒線,508,1534,154.0,1066.94,3.5e-05,0
1237,line,1290,盛岡線,508,529,154.0,533.47,0.000306,0
1238,line,1291,東花巻変電所~北工業団地変電所線,1534,1532,154.0,533.47,0.000157,0
1239,line,1292,東北電力ネットワーク 154.0kV線,510,1448,154.0,800.21,1e-06,1
1240,line,1293,秋田火力線;秋田臨海線,1448,1450,154.0,266.74,8e-06,0
1241,line,1294,東北電力ネットワーク 275.0kV線,1447,511,275.0,1905.26,0.0,1
1242,line,1295,秋田火力線;秋田臨海線,1447,1449,275.0,3810.51,1e-06,0
1243,line,1296,大久保線,1336,512,66.0,274.36,0.000105,0
1244,line,1297,添川線,1336,513,66.0,137.18,0.00019,0
1245,line,1298,能代線,512,585,66.0,137.18,0.000538,0
1246,line,1299,添川線,513,514,66.0,137.18,8.9e-05,0
1247,line,1300,飯島支線,513,1396,66.0,137.18,0.000147,1
1248,line,1301,土崎支線,514,1395,66.0,137.18,0.000191,1
1249,line,1302,東北送電線_195,515,584,66.0,68.59,3.3e-05,1
1250,line,1303,八郎潟線,515,1690,66.0,68.59,0.000361,0
1251,line,1304,角館支線,516,1371,66.0,137.18,0.000113,1
1252,line,1305,東北電力ネットワーク 66.0kV線,517,1417,66.0,68.59,0.000197,1
1253,line,1306,谷地変電所~大字清助新田変電所線,1359,518,66.0,137.18,0.000192,1
1254,line,1307,東北電力ネットワーク 154.0kV線,519,1360,154.0,1066.94,1e-05,0
1255,line,1308,新庄変電所~大字清助新田変電所線,519,541,154.0,533.47,6.5e-05,0
1256,line,1309,大崎市変電所~JR東日本 新古川変電所線,520,1328,275.0,1905.26,1e-05,1
1257,line,1310,若柳変電所~築館変電所線,521,522,66.0,137.18,8.9e-05,0
1258,line,1311,若柳変電所~登米市変電所線,521,1518,66.0,68.59,0.000236,1
1259,line,1312,若柳変電所~迫町佐沼変電所線,521,1495,66.0,68.59,0.000655,0
1260,line,1313,若柳変電所~築館変電所線,522,1362,66.0,137.18,0.000454,0
1261,line,1314,東北電力ネットワーク 66.0kV線,522,1496,66.0,137.18,8.9e-05,1
1262,line,1315,金成入生田変電所~金成変電所線,1596,1499,66.0,205.77,1.3e-05,1
1263,line,1316,大蔵村変電所~新庄変電所線,1342,1442,66.0,68.59,0.001293,1
1264,line,1317,上金沢町変電所~新町変電所線,1426,523,66.0,137.18,0.000429,1
1265,line,1318,東北電力ネットワーク 66.0kV線,1426,550,66.0,205.77,4.1e-05,0
1266,line,1319,上金沢町変電所~新町変電所線,523,1330,66.0,137.18,0.000219,1
1267,line,1320,東北電力ネットワーク 66.0kV線,523,1425,66.0,137.18,0.000225,1
1268,line,1321,東北電力ネットワーク 33.0kV線,1330,548,66.0,68.59,0.000283,1
1269,line,1322,土崎変電所~寺内蛭根変電所線,524,525,66.0,68.59,9.8e-05,1
1270,line,1323,namebind,524,1395,66.0,68.59,0.000366,1
1271,line,1324,東北送電線_155,524,542,66.0,68.59,4.8e-05,1
1272,line,1325,東北送電線_156,1368,542,66.0,68.59,0.000171,1
1273,line,1326,柏台線,1378,1464,66.0,137.18,0.000656,1
1274,line,1327,東北電力ネットワーク 66.0kV線,1378,533,66.0,68.59,0.000303,1
1275,line,1328,沼宮内線,1464,613,66.0,137.18,0.000261,0
1276,line,1329,仙人変電所~北上市変電所線,1397,1380,66.0,68.59,0.000671,1
1277,line,1330,川尻変電所~仙人変電所線,1397,1398,66.0,137.18,0.00034,1
1278,line,1331,仙人変電所~北上市変電所線,1380,1377,66.0,68.59,0.000323,0
1279,line,1332,後藤野線,1380,539,66.0,137.18,6.1e-05,0
1280,line,1333,柳原変電所~北上市変電所線,1377,532,66.0,68.59,0.000158,0
1281,line,1334,奥州市変電所~日高変電所線,1415,526,66.0,68.59,0.000293,1
1282,line,1335,奥州市変電所~日高変電所線,526,527,66.0,68.59,0.000737,1
1283,line,1336,東北電力ネットワーク 66.0kV線,526,528,66.0,68.59,4.9e-05,1
1284,line,1337,六原線,527,1510,66.0,137.18,0.000171,0
1285,line,1338,水金線;六原線,527,1523,66.0,137.18,0.000374,0
1286,line,1339,駒形線,527,1504,66.0,68.59,0.002084,0
1287,line,1340,東根変電所~大字東根乙変電所線,1358,1446,66.0,274.36,4e-06,1
1288,line,1341,東根変電所~大字東根乙変電所線,1446,1369,66.0,68.59,4.3e-05,1
1289,line,1342,東根変電所~大字東根乙変電所線,1369,1444,66.0,68.59,2.8e-05,1
1290,line,1343,東根変電所~大字東根乙変電所線,1444,1445,66.0,68.59,4.7e-05,1
1291,line,1344,雫石線,1375,1480,66.0,137.18,0.000188,0
1292,line,1345,渋民線;岩盛線,1374,645,154.0,1066.94,7.1e-05,0
1293,line,1346,岩盛線,1374,642,154.0,1066.94,1.1e-05,0
1294,line,1347,羽中線;盛岡線;葛根田地熱線,529,1479,154.0,1066.94,3e-06,0
1295,line,1348,葛根田地熱線,530,1480,66.0,68.59,0.000742,0
1296,line,1349,東北電力ネットワーク 66.0kV線,530,531,66.0,68.59,9.8e-05,1
1297,line,1350,葛根田地熱線,1389,1390,66.0,68.59,2.3e-05,1
1298,line,1351,葛根田地熱線,1390,1388,66.0,68.59,0.000664,1
1299,line,1352,葛根田連絡線,1388,1376,66.0,68.59,0.000169,0
1300,line,1353,柳原変電所~北上市変電所線,532,1521,66.0,68.59,0.000422,0
1301,line,1354,東北電力ネットワーク 66.0kV線,532,555,66.0,137.18,5.5e-05,1
1302,line,1355,大堤線,1521,1539,66.0,137.18,0.000275,0
1303,line,1356,柳原線,1521,1535,66.0,274.36,0.000126,0
1304,line,1357,北工業団地変電所~柳原変電所線,1521,649,66.0,137.18,0.000166,0
1305,line,1358,東北電力ネットワーク 33.0kV線,533,534,66.0,68.59,0.000282,1
1306,line,1359,東北電力ネットワーク 66.0kV線,533,537,66.0,68.59,0.000174,1
1307,line,1360,東北電力ネットワーク 33.0kV線,534,723,66.0,68.59,3e-06,1
1308,line,1361,東北電力ネットワーク 33.0kV線,534,724,66.0,137.18,4.4e-05,1
1309,line,1362,雫石町変電所~柏台変電所線,535,536,66.0,68.59,0.000454,1
1310,line,1363,雫石町変電所~柏台変電所線,536,537,66.0,68.59,0.000104,1
1311,line,1364,東北送電線_200,536,587,66.0,68.59,7.1e-05,1
1312,line,1365,東北電力ネットワーク 33.0kV線,537,538,66.0,68.59,4.3e-05,1
1313,line,1366,後藤野線,1535,539,66.0,137.18,0.000219,0
1314,line,1367,宮野目線;飯豊線,1535,630,66.0,274.36,1.3e-05,0
1315,line,1368,東北電力ネットワーク 66.0kV線,539,540,66.0,68.59,0.000131,1
1316,line,1369,鶴岡市変電所~大字清助新田変電所線,541,547,154.0,533.47,0.000149,1
1317,line,1370,東北送電線_157,542,543,66.0,68.59,9e-06,1
1318,line,1374,東北送電線_159,544,545,66.0,68.59,0.000363,1
1319,line,1375,東北電力ネットワーク 66.0kV線,544,546,66.0,137.18,0.000405,0
1320,line,1376,東北電力ネットワーク 66.0kV線,546,562,66.0,342.95,4e-06,1
1321,line,1377,岩谷線,1387,549,66.0,137.18,0.000347,0
1322,line,1378,加賀沢変電所~大内三川変電所線,1387,1386,66.0,68.59,0.000333,1
1323,line,1379,岩谷線,549,1393,66.0,137.18,0.000569,0
1324,line,1380,東北送電線_183,549,573,66.0,68.59,0.000467,1
1325,line,1381,羽川線,1393,1392,66.0,68.59,0.000615,1
1326,line,1382,東北電力ネットワーク 33.0kV線,550,551,66.0,68.59,0.000432,1
1327,line,1383,協和線,552,1379,66.0,137.18,7.2e-05,0
1328,line,1384,南河辺変電所~秋田市変電所線,552,1401,66.0,68.59,0.001101,1
1329,line,1385,川尻変電所~仙人変電所線,1399,1398,66.0,68.59,0.000488,1
1330,line,1386,磐井川線,1504,1400,66.0,68.59,0.001231,1
1331,line,1387,花泉線,1504,634,66.0,137.18,0.000209,1
1332,line,1388,東山線,1504,601,66.0,137.18,0.000174,0
1333,line,1389,日高線,1504,655,66.0,137.18,0.000103,0
1334,line,1390,東北電力ネットワーク 66.0kV線,1405,556,66.0,68.59,0.000103,1
1335,line,1391,滝の原支線,556,1406,66.0,68.59,0.000357,1
1336,line,1392,滝の原支線,556,1404,66.0,68.59,0.000261,1
1337,line,1393,上の岱線,557,1406,66.0,68.59,0.000478,1
1338,line,1394,東北送電線_164,1416,558,66.0,68.59,4.4e-05,1
1339,line,1395,東北送電線_187,558,576,66.0,68.59,0.000266,1
1340,line,1396,御野場新町一丁目変電所~牛島西三丁目変電所線,558,574,66.0,68.59,4.4e-05,1
1341,line,1398,東北電力ネットワーク 66.0kV線,561,1420,66.0,137.18,9e-05,1
1342,line,1399,東北電力ネットワーク 66.0kV線,563,1429,66.0,137.18,0.000125,1
1343,line,1400,宮城変電所~大崎市変電所線,563,1428,66.0,137.18,0.000431,0
1344,line,1401,東北電力ネットワーク 66.0kV線,1428,572,66.0,137.18,0.000106,0
1345,line,1402,東北電力ネットワーク 66.0kV線,1430,564,66.0,137.18,2.6e-05,0
1346,line,1403,まいの一丁目変電所~大和町変電所線,564,565,66.0,68.59,0.000603,0
1347,line,1404,大和町変電所~まいの一丁目変電所線,564,1431,66.0,137.18,0.000193,0
1348,line,1405,東北電力ネットワーク 66.0kV線,1431,566,66.0,137.18,7e-06,1
1349,line,1406,東北電力ネットワーク 66.0kV線,1431,567,66.0,68.59,0.00029,1
1350,line,1407,三本木桑折変電所~大和町変電所線,1431,568,66.0,137.18,0.000213,0
1351,line,1408,三本木桑折変電所~大和町変電所線,565,568,66.0,137.18,0.000191,0
1352,line,1409,大和町変電所~古川諏訪三丁目変電所線,565,569,66.0,68.59,0.000834,0
1353,line,1410,古川諏訪三丁目変電所~古川中里三丁目変電所線,1432,569,66.0,137.18,8.8e-05,0
1354,line,1411,leadin,1414,1412,66.0,68.59,0.000149,1
1355,line,1412,leadin,1414,1413,66.0,68.59,1.5e-05,1
1356,line,1413,川尻若葉町変電所~茨島二丁目変電所線,1414,1436,66.0,68.59,9.7e-05,1
1357,line,1414,茨島二丁目変電所~牛島変電所線,1436,1325,66.0,137.18,2.1e-05,1
1358,line,1415,牛島変電所~牛島西三丁目変電所線,1325,1326,154.0,114.32,2e-05,0
1359,line,1416,御野場新町一丁目変電所~牛島西三丁目変電所線,1326,574,154.0,266.74,7e-06,1
1360,line,1417,東北電力ネットワーク 66.0kV線,570,571,66.0,68.59,0.000291,1
1361,line,1418,東北電力ネットワーク 66.0kV線,571,1437,66.0,68.59,0.000352,1
1362,line,1419,東北電力ネットワーク 66.0kV線,571,1441,66.0,68.59,0.000543,1
1363,line,1420,東北電力ネットワーク 66.0kV線,1437,572,66.0,137.18,0.000419,1
1364,line,1421,東北電力ネットワーク 66.0kV線,572,579,66.0,137.18,7e-05,0
1365,line,1422,牛島西三丁目変電所~茨島二丁目変電所線,574,575,66.0,68.59,0.000156,1
1366,line,1423,東北電力ネットワーク 66.0kV線,577,578,66.0,68.59,3e-06,1
1367,line,1424,岩ケ崎変電所前~大崎市変電所線,578,579,66.0,68.59,0.00068,0
1368,line,1425,東北電力ネットワーク 33.0kV線,1439,1440,66.0,68.59,0.000398,1
1369,line,1426,栗原市変電所~大崎市変電所線,1440,579,66.0,68.59,0.000441,1
1370,line,1427,富山線(4C1A),581,582,66.0,137.18,3e-05,0
1371,line,1428,小野支線(4C1D),581,1517,66.0,68.59,0.000147,1
1372,line,1429,富山線(4C1A),581,663,66.0,137.18,0.00032,0
1373,line,1430,leadin,582,1493,66.0,68.59,7.3e-05,1
1374,line,1431,富山線(4C1A),582,583,66.0,137.18,0.00032,0
1375,line,1432,富山線(4C1A),583,1492,66.0,137.18,2.7e-05,0
1376,line,1433,4C1E線,583,1501,66.0,68.59,9.2e-05,1
1377,line,1434,湖東支線,1690,585,66.0,137.18,2e-05,0
1378,line,1435,山本線,1690,744,66.0,68.59,0.0009,0
1379,line,1436,能代線,585,688,66.0,137.18,0.001215,0
1380,line,1438,leadin,1452,586,66.0,137.18,3.4e-05,1
1381,line,1439,牡鹿幹線,1598,1602,275.0,1905.26,1e-06,1
1382,line,1440,豊里線,1457,588,66.0,205.77,3.4e-05,0
1383,line,1441,万石線,1457,1478,66.0,137.18,6e-05,0
1384,line,1442,山下線,1457,1494,66.0,137.18,0.000182,0
1385,line,1443,富山線(4C1A),1457,663,66.0,137.18,2.9e-05,0
1386,line,1444,重吉線,1457,616,66.0,205.77,0.000122,0
1387,line,1445,豊里線,588,589,66.0,137.18,0.000169,0
1388,line,1446,4C7A,588,1511,66.0,68.59,0.000984,1
1389,line,1447,4C2B,589,1498,66.0,68.59,0.000626,1
1390,line,1448,石巻変電所~豊里町北谷地変電所線,589,1468,66.0,68.59,0.000717,0
1391,line,1449,42C2釜谷線,1498,1514,66.0,68.59,0.001281,1
1392,line,1450,宮釜線,1467,590,66.0,137.18,6e-05,0
1393,line,1451,近内線,1467,1486,66.0,137.18,0.000225,0
1394,line,1452,東宮古線,1467,1536,66.0,137.18,0.000109,0
1395,line,1453,宮釜線,590,591,66.0,137.18,0.00021,0
1396,line,1454,千徳変電所~東宮古変電所線,590,1536,66.0,68.59,0.000394,0
1397,line,1455,津軽石支線,591,1537,66.0,137.18,2e-05,1
1398,line,1456,宮釜線,591,651,66.0,137.18,0.000639,0
1399,line,1457,第二大釜線;遠野線,1484,1530,66.0,137.18,0.000271,0
1400,line,1458,第一大釜線;釜平線,1484,643,66.0,137.18,9.9e-05,0
1401,line,1459,宮釜線,1484,665,66.0,137.18,0.000341,0
1402,line,1460,第二大釜線,1530,646,66.0,68.59,0.001492,0
1403,line,1461,遠野線,1530,647,66.0,68.59,0.000873,0
1404,line,1462,東北電力ネットワーク 66.0kV線,592,593,66.0,68.59,7e-06,0
1405,line,1463,0547線;第一大釜線,592,595,66.0,68.59,9.2e-05,0
1406,line,1464,0547線;第一大釜線,592,600,66.0,68.59,0.000336,0
1407,line,1465,東北電力ネットワーク 66.0kV線,593,594,66.0,68.59,0.000419,1
1408,line,1466,第二大釜線,593,595,66.0,68.59,9.7e-05,0
1409,line,1467,第二大釜線,593,596,66.0,68.59,0.000344,0
1410,line,1468,0547線;第一大釜線;第二大釜線,595,646,66.0,68.59,9.7e-05,0
1411,line,1469,第二立根支線,596,600,66.0,68.59,2e-06,0
1412,line,1470,第二大釜線,596,597,66.0,68.59,0.000297,0
1413,line,1471,大船渡変電所~岩手高田変電所線,597,606,66.0,68.59,0.001667,1
1414,line,1472,0547線;第一大釜線,597,600,66.0,68.59,0.000299,0
1415,line,1473,第一大釜線;第二大釜線,597,1482,66.0,205.77,3.7e-05,0
1416,line,1474,氷上線,598,599,154.0,266.74,0.000609,0
1417,line,1475,室根線,598,1471,154.0,533.47,0.000217,0
1418,line,1476,室根線;氷上線,598,1470,154.0,800.21,6.6e-05,0
1419,line,1477,氷上線;大船渡線;0547線,599,1481,154.0,800.21,4e-06,0
1420,line,1478,0547線;第一大釜線,599,1483,154.0,800.21,0.000163,0
1421,line,1479,大船渡線,599,1589,154.0,266.74,0.000131,0
1422,line,1480,第一立根支線;第二立根支線,1529,600,66.0,137.18,8.5e-05,1
1423,line,1481,高気線,1472,1590,66.0,68.59,0.00204,0
1424,line,1482,牧沢線;本吉線,1472,603,66.0,205.77,8.4e-05,0
1425,line,1483,大高線,1590,650,66.0,68.59,0.000695,0
1426,line,1484,河南線,1456,1477,154.0,533.47,2.2e-05,0
1427,line,1485,重吉線,1456,1584,154.0,1066.94,2.8e-05,0
1428,line,1486,水金線,1470,1522,154.0,1066.94,8.9e-05,0
1429,line,1487,平泉支線,601,1565,66.0,137.18,0.000147,0
1430,line,1488,東山線,601,1564,66.0,137.18,0.000628,1
1431,line,1489,日高線,1565,654,66.0,137.18,0.000232,0
1432,line,1490,日高線,1565,655,66.0,137.18,0.000246,0
1433,line,1491,小本川線,1486,1487,66.0,137.18,0.001245,0
1434,line,1492,腹帯線,1486,1540,66.0,68.59,0.001137,1
1435,line,1493,松島幹線;万石線,1478,620,66.0,137.18,0.000503,1
1436,line,1494,namebind,602,1572,66.0,137.18,0.000161,0
1437,line,1495,太田線,602,1480,66.0,137.18,0.00017,0
1438,line,1496,太田線,602,1490,66.0,137.18,0.000139,0
1439,line,1497,姫神線,1525,1463,154.0,1066.94,2.2e-05,0
1440,line,1498,姫神線;岩盛線,1525,645,154.0,1600.41,8e-06,0
1441,line,1499,岩盛線,1463,1462,154.0,1066.94,3e-06,0
1442,line,1500,松岩変電所~岩井崎変電所線,603,1544,66.0,68.59,0.00056,0
1443,line,1501,牧沢線,603,1475,66.0,137.18,1.7e-05,0
1444,line,1502,豊里町北谷地変電所~迫町佐沼変電所線,1468,617,66.0,68.59,0.000736,0
1445,line,1503,東花巻支線,604,1531,275.0,1905.26,7e-06,0
1446,line,1504,北部幹線,605,1765,275.0,1905.26,8.5e-05,0
1447,line,1505,五戸幹線,605,1716,275.0,1905.26,4.1e-05,0
1448,line,1506,北青幹線,1765,1618,275.0,1905.26,9.7e-05,0
1449,line,1507,上北変換所~上北変電所線,1765,1768,275.0,1905.26,6e-06,1
1450,line,1508,北岩手線,1462,607,154.0,533.47,0.000101,0
1451,line,1509,宮古線,1485,1479,154.0,1066.94,0.000286,0
1452,line,1510,北盛岡線;岩盛線,1479,642,154.0,1066.94,7e-06,0
1453,line,1511,盛岡変電所~JR東日本 盛岡変電所線,1479,1571,154.0,266.74,3.9e-05,0
1454,line,1512,leadin,1541,653,66.0,137.18,6e-05,1
1455,line,1513,鈴久名線,1541,1540,66.0,68.59,0.001416,1
1456,line,1514,北岩手線,607,608,154.0,533.47,0.000204,0
1457,line,1515,東北電力ネットワーク 154.0kV線,607,1783,154.0,533.47,1.7e-05,0
1458,line,1516,九戸線,608,761,154.0,533.47,0.00011,0
1459,line,1517,九戸線;北岩手線,608,1732,154.0,1066.94,6e-06,0
1460,line,1518,久慈南線,609,610,66.0,137.18,0.000862,0
1461,line,1519,久慈南線,609,776,66.0,137.18,0.000587,0
1462,line,1520,普代支線,609,1810,66.0,137.18,0.000152,1
1463,line,1521,久慈南線,610,1487,66.0,205.77,1.5e-05,0
1464,line,1522,岩泉線,610,1542,66.0,68.59,0.000989,1
1465,line,1523,本銅線,1487,1543,66.0,68.59,0.000717,1
1466,line,1524,浅内線,1487,1573,66.0,68.59,0.000486,1
1467,line,1525,都南線,1480,1553,66.0,137.18,0.000147,0
1468,line,1526,宮古線;東盛岡線,1480,662,66.0,137.18,0.000333,1
1469,line,1527,姫神線;北盛岡線,611,1489,154.0,1066.94,3e-06,0
1470,line,1528,北盛岡線,611,642,154.0,533.47,5e-05,0
1471,line,1529,姫神線,611,645,154.0,533.47,7.6e-05,0
1472,line,1530,渋民線,1490,612,66.0,137.18,0.000212,0
1473,line,1531,高松線,1490,1488,66.0,137.18,0.000137,1
1474,line,1532,渋民線,612,1526,66.0,137.18,0.000334,0
1475,line,1533,巣子変電所~日戸変電所線,612,1547,66.0,137.18,0.000129,1
1476,line,1534,矢巾変電所~大字高田変電所線,1491,1552,66.0,137.18,0.000118,1
1477,line,1535,矢巾支線,1491,628,66.0,137.18,2.1e-05,1
1478,line,1536,沼宮内線,613,1736,66.0,137.18,8.4e-05,0
1479,line,1537,東北電力ネットワーク 66.0kV線,613,1788,66.0,68.59,0.000145,1
1480,line,1538,一戸線,1736,1784,66.0,137.18,0.000145,0
1481,line,1539,紫波線,1553,628,66.0,137.18,0.000158,0
1482,line,1540,重吉変電所~新館南変電所線,1585,1583,66.0,68.59,4.4e-05,0
1483,line,1541,重吉線,1585,614,66.0,68.59,7.1e-05,0
1484,line,1542,重吉線,614,615,66.0,68.59,0.000165,0
1485,line,1543,日本製紙線,614,633,66.0,68.59,0.000203,0
1486,line,1544,重吉線,615,616,66.0,68.59,4e-05,0
1487,line,1545,4C4B,615,1513,66.0,68.59,7e-05,1
1488,line,1546,第二蛇田支線,616,1494,66.0,68.59,0.000145,0
1489,line,1547,重吉変電所~新館南変電所線,1584,1582,154.0,266.74,8e-06,0
1490,line,1548,大街道東二丁目変電所~重吉変電所線,1584,1586,154.0,266.74,2.7e-05,0
1491,line,1549,迫町佐沼変電所~登米町寺池変電所線,617,1497,66.0,68.59,0.000387,1
1492,line,1550,東北電力ネットワーク 66.0kV線,617,1495,66.0,68.59,0.000389,0
1493,line,1551,東北電力ネットワーク 66.0kV線,1495,1601,66.0,68.59,0.000373,1
1494,line,1552,迫町佐沼変電所~米谷変電所線,1495,1594,66.0,68.59,0.000892,0
1495,line,1553,米谷変電所~津谷変電所線,618,1588,66.0,68.59,0.001663,0
1496,line,1554,米谷変電所~志津川変電所線,618,1595,66.0,137.18,0.000695,1
1497,line,1555,東北電力ネットワーク 66.0kV線,618,1594,66.0,68.59,0.00025,0
1498,line,1556,津谷変電所~岩井崎変電所線,1588,1544,66.0,68.59,0.000669,0
1499,line,1557,東北電力ネットワーク 66.0kV線,1499,619,66.0,68.59,0.000482,1
1500,line,1558,万石線,620,621,66.0,137.18,0.000102,1
1501,line,1559,東北電力ネットワーク 66.0kV線,620,1516,66.0,137.18,0.000103,1
1502,line,1560,万石線,621,622,66.0,137.18,2.5e-05,1
1503,line,1561,東北電力ネットワーク 66.0kV線,621,1515,66.0,137.18,8.6e-05,1
1504,line,1562,東北送電線_208,622,666,66.0,68.59,0.000102,1
1505,line,1564,東北電力ネットワーク 66.0kV線,623,624,66.0,137.18,2.8e-05,1
1506,line,1565,東花巻変電所~遠野変電所線,624,644,66.0,68.59,0.001907,0
1507,line,1566,東北電力ネットワーク 66.0kV線,624,1533,66.0,68.59,0.000239,0
1508,line,1567,岩谷堂線,625,626,66.0,137.18,0.000123,1
1509,line,1568,水沢線,625,638,66.0,137.18,0.000108,0
1510,line,1569,水沢線;岩谷堂線,625,1510,66.0,274.36,2.8e-05,0
1511,line,1570,岩谷堂線,626,627,66.0,137.18,0.000233,1
1512,line,1571,常磐支線,626,1557,66.0,137.18,3.2e-05,1
1513,line,1572,岩谷堂変電所~伊手変電所線,627,1566,66.0,68.59,0.000643,1
1514,line,1573,岩谷堂線,627,1559,66.0,137.18,0.000122,1
1515,line,1575,山下線,1494,1512,66.0,137.18,0.00013,1
1516,line,1576,紫波線,628,629,66.0,137.18,0.000377,0
1517,line,1577,日詰線,629,637,66.0,137.18,0.000514,0
1518,line,1578,紫波線;日詰線,629,1506,66.0,274.36,1.1e-05,1
1519,line,1579,宮野目線,630,631,66.0,137.18,0.000339,0
1520,line,1580,飯豊線,630,1554,66.0,137.18,0.000121,1
1521,line,1581,宮野目線,631,1505,66.0,137.18,0.000186,0
1522,line,1582,花巻支線,631,1551,66.0,137.18,2.2e-05,1
1523,line,1583,日詰線,1505,1519,66.0,137.18,6.2e-05,0
1524,line,1584,大街道東二丁目変電所~重吉変電所線,632,1586,154.0,533.47,3e-06,1
1525,line,1585,日本製紙線,1587,633,66.0,68.59,3.1e-05,0
1526,line,1586,leadin,633,1455,66.0,68.59,0.000148,1
1527,line,1587,花泉線,634,635,66.0,137.18,7.7e-05,1
1528,line,1588,東北電力ネットワーク 66.0kV線,634,1568,66.0,68.59,0.000141,1
1529,line,1589,花泉線,635,636,66.0,137.18,0.000101,1
1530,line,1590,沢支線,635,1524,66.0,137.18,0.000192,1
1531,line,1591,花泉線,636,1570,66.0,137.18,0.000398,1
1532,line,1592,一関市変電所~金成末野変電所線,636,1569,66.0,68.59,0.001015,1
1533,line,1593,日詰線,637,1519,66.0,137.18,0.000112,0
1534,line,1594,東北電力ネットワーク 66.0kV線,637,1527,66.0,68.59,0.000138,1
1535,line,1595,水沢線,638,639,66.0,137.18,0.000237,0
1536,line,1596,東北電力ネットワーク 66.0kV線,638,1520,66.0,68.59,8.1e-05,1
1537,line,1597,水沢線,639,1459,66.0,274.36,1.5e-05,0
1538,line,1598,相去線,639,640,66.0,137.18,5e-05,0
1539,line,1599,東北電力ネットワーク 66.0kV線,1459,657,66.0,137.18,2.9e-05,1
1540,line,1600,六原線;265A線,1459,1523,66.0,274.36,1.5e-05,0
1541,line,1601,東北電力ネットワーク 66.0kV線,640,641,66.0,68.59,4.4e-05,1
1542,line,1602,相去線,640,1539,66.0,137.18,8.7e-05,0
1543,line,1603,水金線,1522,1458,154.0,533.47,5e-06,0
1544,line,1604,日高線,1510,1556,66.0,137.18,0.000442,0
1545,line,1605,leadin,1524,660,66.0,205.77,1.2e-05,1
1546,line,1606,三関変電所~一関市変電所線,1524,1567,66.0,68.59,0.000108,1
1547,line,1607,東北電力ネットワーク 66.0kV線,1527,1546,66.0,68.59,1.3e-05,1
1548,line,1608,松園線,1576,1577,66.0,137.18,9.5e-05,1
1549,line,1609,東北電力ネットワーク 66.0kV線,1576,661,66.0,68.59,0.00015,1
1550,line,1610,米内線,1577,662,66.0,137.18,0.000158,1
1551,line,1611,0547線;第一大釜線,643,646,66.0,68.59,0.001701,0
1552,line,1612,第一大釜線;大平支線,643,1528,66.0,137.18,8.4e-05,1
1553,line,1613,遠野線;243C,644,1502,66.0,137.18,7.6e-05,1
1554,line,1614,遠野線,644,647,66.0,68.59,0.001892,0
1555,line,1615,東北電力ネットワーク 66.0kV線,647,648,66.0,68.59,0.000135,1
1556,line,1616,猿ヶ石線,649,652,66.0,68.59,0.00033,1
1557,line,1617,東花巻変電所~北工業団地変電所線,649,1533,66.0,68.59,0.000931,0
1558,line,1618,下船渡線,650,1591,66.0,137.18,0.000172,1
1559,line,1619,下船渡線;大高線,650,1482,66.0,205.77,4e-05,0
1560,line,1620,山田支線,651,1538,66.0,137.18,8.3e-05,1
1561,line,1621,宮釜線,651,1593,66.0,137.18,0.00049,0
1562,line,1622,千厩線,1564,1562,66.0,137.18,0.000523,1
1563,line,1623,東北電力ネットワーク 66.0kV線,1564,659,66.0,68.59,0.000204,1
1564,line,1624,前沢変電所~平泉変電所線,654,656,66.0,137.18,0.00016,1
1565,line,1625,日高線,654,1556,66.0,137.18,7.1e-05,0
1566,line,1626,山目支線,655,1555,66.0,137.18,2.3e-05,1
1567,line,1627,飯豊変電所~北工業団地変電所線,1554,1545,66.0,137.18,0.000121,1
1568,line,1628,東北電力ネットワーク 66.0kV線,1545,1509,66.0,137.18,3.5e-05,1
1569,line,1629,盛岡市変電所~日戸変電所線,1548,1550,66.0,68.59,0.001859,1
1570,line,1630,葛巻町変電所~盛岡市変電所線,1548,1549,66.0,68.59,0.000777,1
1571,line,1631,巣子変電所~日戸変電所線,1550,1547,66.0,137.18,0.00038,1
1572,line,1632,江刺線,1559,1558,66.0,137.18,0.000179,1
1573,line,1633,東北電力ネットワーク 66.0kV線,658,1560,66.0,68.59,0.000631,1
1574,line,1634,藤沢支線,658,1561,66.0,137.18,0.000137,1
1575,line,1635,藤沢支線,658,1562,66.0,137.18,0.000106,1
1576,line,1636,千厩線,1562,1563,66.0,137.18,2.6e-05,1
1577,line,1637,東盛岡線;米内線,662,1578,66.0,274.36,2.9e-05,1
1578,line,1638,鹿島台線,1580,1581,66.0,68.59,0.000124,0
1579,line,1639,鹿島台線,1581,663,66.0,68.59,0.00092,0
1580,line,1640,鹿折変電所~松岩変電所線,1575,1475,66.0,68.59,0.000439,0
1581,line,1641,大船渡線,1574,1589,154.0,266.74,0.000216,0
1582,line,1642,宮釜線,1593,664,66.0,205.77,4.8e-05,0
1583,line,1643,宮釜線,664,665,66.0,137.18,7.8e-05,0
1584,line,1644,釜石市変電所~片岸町変電所線,664,1592,66.0,68.59,0.001213,1
1585,line,1645,leadin,665,1466,66.0,68.59,6.1e-05,1
1586,line,1646,深浦線;大池線,1603,667,66.0,137.18,0.000235,1
1587,line,1647,大池線,667,1604,66.0,68.59,0.001025,1
1588,line,1648,深浦線,667,1667,66.0,68.59,0.002173,1
1589,line,1649,leadin,1604,669,66.0,137.18,5.2e-05,1
1590,line,1650,松神線,1604,668,66.0,137.18,6.2e-05,1
1591,line,1651,五滝線,1667,693,66.0,68.59,0.001501,0
1592,line,1652,滝渕線,1667,1666,66.0,68.59,0.00066,0
1593,line,1653,字一本木変電所~八峰町変電所線,670,1605,66.0,68.59,0.001422,1
1594,line,1654,東雲線,670,699,66.0,68.59,0.000183,0
1595,line,1655,東雲線,670,1625,66.0,68.59,0.000161,0
1596,line,1656,111A線,1639,671,66.0,137.18,0.000683,1
1597,line,1657,111A線,671,1635,66.0,137.18,0.000137,1
1598,line,1658,今別支線,671,1670,66.0,137.18,5.3e-05,1
1599,line,1659,111A線,1635,672,66.0,137.18,0.000927,0
1600,line,1660,111A線,672,673,66.0,137.18,1.4e-05,0
1601,line,1661,瀬辺地支線,672,1668,66.0,137.18,0.0001,0
1602,line,1662,111A線,673,674,66.0,137.18,7.2e-05,0
1603,line,1663,東北送電線_240,673,1668,66.0,68.59,0.00021,0
1604,line,1664,leadin,674,1612,66.0,68.59,0.000249,1
1605,line,1665,111A線,674,675,66.0,137.18,0.000175,0
1606,line,1666,leadin,675,1704,66.0,68.59,5.1e-05,1
1607,line,1667,111A線,675,676,66.0,137.18,0.000456,0
1608,line,1668,leadin,676,1705,66.0,68.59,0.000199,1
1609,line,1669,111A線,676,677,66.0,137.18,0.000125,0
1610,line,1670,111A線,677,678,66.0,137.18,0.000141,0
1611,line,1671,石江変電所~岡町変電所線,677,1703,66.0,68.59,0.000258,1
1612,line,1672,東北電力ネットワーク 66.0kV線,678,747,66.0,68.59,0.000502,1
1613,line,1673,111A線,678,1617,66.0,205.77,0.000167,0
1614,line,1674,とさ線,1640,679,66.0,68.59,0.00047,0
1615,line,1675,十三湖線,1640,707,66.0,68.59,0.001504,0
1616,line,1676,とさ線;中里線,679,1665,66.0,137.18,2.6e-05,1
1617,line,1677,中里線,679,1663,66.0,68.59,0.000819,0
1618,line,1678,大間町変電所~東通村変電所線,680,1799,500.0,6928.2,3.5e-05,1
1619,line,1679,大間町変電所~東通村変電所線,1799,1824,500.0,6928.2,0.0,0
1620,line,1680,東通村変電所~上北変電所線,1824,1764,500.0,6928.2,2.9e-05,0
1621,line,1681,青森線,1642,1616,154.0,533.47,2.3e-05,0
1622,line,1682,青森線,1642,1766,154.0,533.47,0.000313,0
1623,line,1683,津軽線,1616,1619,154.0,1066.94,2e-06,0
1624,line,1684,今別幹線,1618,686,275.0,1905.26,0.000107,0
1625,line,1685,桂鷹線,1631,681,66.0,137.18,7e-05,0
1626,line,1686,鷹ノ巣線,1631,1674,66.0,68.59,0.001128,0
1627,line,1687,leadin,681,1613,66.0,68.59,0.000189,1
1628,line,1688,桂鷹線,681,682,66.0,137.18,8.7e-05,0
1629,line,1689,桂鷹線,682,683,66.0,137.18,0.000369,0
1630,line,1690,二ツ井支線,682,701,66.0,68.59,0.001018,0
1631,line,1691,岩瀬変電所~大館市変電所線,683,1694,66.0,68.59,0.001081,1
1632,line,1692,桂鷹線,683,752,66.0,137.18,0.000644,0
1633,line,1693,第一浪打支線;第二浪打支線,1610,1695,66.0,137.18,5.7e-05,1
1634,line,1694,東北電力ネットワーク 66.0kV線,1610,684,66.0,205.77,6.5e-05,1
1635,line,1695,浪打変電所~松森一丁目変電所線,1695,1645,66.0,137.18,1.9e-05,1
1636,line,1696,沖館B線,684,697,66.0,137.18,8.7e-05,0
1637,line,1697,沖館B線,684,698,66.0,137.18,0.000132,0
1638,line,1698,津軽線,1619,685,154.0,533.47,0.000199,0
1639,line,1699,北津軽線,1619,1627,154.0,533.47,0.000196,0
1640,line,1700,津軽線;南津軽線,685,1651,154.0,1066.94,2.6e-05,0
1641,line,1701,南津軽線,685,1692,154.0,533.47,0.000359,0
1642,line,1702,今別幹線,686,687,275.0,1905.26,3e-06,0
1643,line,1703,北海道電力ネットワーク 275.0kV線,686,1669,275.0,1905.26,2e-06,0
1644,line,1704,今別幹線,687,1634,275.0,1905.26,3e-06,0
1645,line,1705,北海道電力ネットワーク 275.0kV線,687,1669,275.0,1905.26,1e-06,0
1646,line,1706,南津軽線,1621,1692,154.0,533.47,2.2e-05,0
1647,line,1707,青弘線,1617,1620,66.0,137.18,1.8e-05,0
1648,line,1708,新町野線;沖館B線,1617,1623,66.0,274.36,6.8e-05,0
1649,line,1709,沖館A線,1617,714,66.0,137.18,0.000181,0
1650,line,1710,矢別線,1617,1683,66.0,68.59,0.000737,0
1651,line,1711,八甲田線;沖館B線,1623,697,66.0,274.36,9.9e-05,0
1652,line,1712,東北電力ネットワーク 66.0kV線,688,689,66.0,274.36,5e-06,0
1653,line,1713,能代線,688,753,66.0,137.18,1.1e-05,0
1654,line,1714,東北送電線_239,689,753,66.0,68.59,2.4e-05,0
1655,line,1715,東北電力ネットワーク 66.0kV線,689,1615,66.0,274.36,1.8e-05,0
1656,line,1716,青弘線,1620,690,66.0,137.18,0.00077,0
1657,line,1717,青弘線,690,1699,66.0,137.18,0.000409,0
1658,line,1718,黒石支線,690,1661,66.0,137.18,6.8e-05,1
1659,line,1719,浪岡支線,690,721,66.0,137.18,0.000108,1
1660,line,1720,青弘線,1699,1698,66.0,137.18,1.6e-05,0
1661,line,1721,青弘線,1698,691,66.0,137.18,4.5e-05,0
1662,line,1722,東北電力ネットワーク 66.0kV線,1698,692,66.0,137.18,0.000151,0
1663,line,1723,青弘線,691,1626,66.0,137.18,0.000175,0
1664,line,1724,東北電力ネットワーク 66.0kV線,691,749,66.0,137.18,2.3e-05,1
1665,line,1725,北弘前線,1626,1629,66.0,137.18,0.000207,0
1666,line,1726,西弘前線;岩木川線,1626,696,66.0,205.77,7.4e-05,0
1667,line,1727,五弘線,1626,692,66.0,137.18,0.000167,0
1668,line,1728,五弘線,692,695,66.0,137.18,0.000304,0
1669,line,1729,菰槌線;五滝線,1628,693,66.0,205.77,6.8e-05,1
1670,line,1730,五弘線;十川線,1628,694,66.0,274.36,1e-05,0
1671,line,1731,菰槌線,693,1659,66.0,137.18,0.000191,0
1672,line,1732,十川線,694,1630,66.0,137.18,0.000121,0
1673,line,1733,五弘線,694,695,66.0,137.18,0.000374,0
1674,line,1734,字一ツ谷変電所~五所川原変電所線,1630,1701,66.0,137.18,1.9e-05,0
1675,line,1735,板柳支線,695,1657,66.0,137.18,4e-05,1
1676,line,1736,弘前城東線,1629,1655,66.0,137.18,0.000112,0
1677,line,1737,西弘前線,696,717,66.0,137.18,0.0001,0
1678,line,1738,岩木川線,696,1656,66.0,68.59,0.001117,1
1679,line,1739,八甲田線,697,712,66.0,137.18,5.4e-05,0
1680,line,1740,泉野支線,697,1644,66.0,137.18,0.000334,0
1681,line,1741,沖館B線,698,1624,66.0,137.18,9e-05,0
1682,line,1742,東北電力ネットワーク 66.0kV線,698,1646,66.0,137.18,2e-06,1
1683,line,1743,leadin,1624,1608,66.0,68.59,0.000166,1
1684,line,1744,沖館A線,1624,714,66.0,137.18,0.000135,0
1685,line,1745,米代線,699,700,66.0,68.59,0.001202,0
1686,line,1746,東雲線;米代線,699,1688,66.0,137.18,7.7e-05,1
1687,line,1747,米代線,700,701,66.0,68.59,5.1e-05,0
1688,line,1748,東北電力ネットワーク 66.0kV線,700,742,66.0,68.59,0.001235,1
1689,line,1749,二ツ井支線;米代線,701,1687,66.0,137.18,0.000135,1
1690,line,1750,釈迦内線,702,703,66.0,137.18,0.000396,0
1691,line,1751,鹿角線,702,1633,66.0,137.18,0.000705,1
1692,line,1752,釈迦内線;鹿角線,702,1622,66.0,274.36,1.4e-05,0
1693,line,1753,矢立線,703,722,66.0,68.59,0.001404,0
1694,line,1754,釈迦内線,703,1671,66.0,137.18,9.8e-05,1
1695,line,1755,桂線,1622,704,66.0,137.18,0.000125,0
1696,line,1756,桂線,704,705,66.0,137.18,0.000106,0
1697,line,1757,東北電力ネットワーク 66.0kV線,704,1693,66.0,68.59,0.00024,0
1698,line,1758,桂鷹線,705,752,66.0,137.18,7e-06,0
1699,line,1759,桂線;桂鷹線,705,1632,66.0,274.36,8e-06,0
1700,line,1760,花輪線,1633,1678,66.0,137.18,0.000319,1
1701,line,1761,毛馬内変電所~小坂町変電所線,1633,1679,66.0,68.59,0.00075,1
1702,line,1762,津軽線 青森西変電所~岡町変電所線,1648,1636,66.0,137.18,3.1e-05,1
1703,line,1763,津軽線 青森西変電所~岡町変電所線,1636,1647,66.0,137.18,3.3e-05,1
1704,line,1764,leadin,1636,1607,66.0,68.59,5.3e-05,1
1705,line,1765,岡町支線,1647,714,66.0,137.18,0.00038,1
1706,line,1766,八甲田線,1638,1637,66.0,137.18,0.000745,0
1707,line,1767,十和田東線,1638,751,66.0,137.18,0.000153,0
1708,line,1768,十和田西線,1638,706,66.0,205.77,0.000365,1
1709,line,1769,八甲田線,1637,710,66.0,137.18,0.000343,0
1710,line,1770,十三湖線,1668,707,66.0,68.59,0.000758,0
1711,line,1771,leadin,707,1611,66.0,68.59,5.8e-05,1
1712,line,1772,東弘前支線,1641,1655,66.0,137.18,6.7e-05,1
1713,line,1773,弘南線,1655,708,66.0,137.18,0.00017,0
1714,line,1774,大鰐支線,708,1658,66.0,68.59,0.000621,0
1715,line,1775,桔梗野線;弘南線,708,1652,66.0,274.36,2.4e-05,0
1716,line,1776,桔梗野線,708,718,66.0,137.18,0.000423,0
1717,line,1777,矢立線,1658,722,66.0,68.59,0.000977,0
1718,line,1778,弘南鉄道 大沢変電所~南津軽変電所線,1654,1702,66.0,68.59,0.000608,1
1719,line,1779,弘南鉄道 大沢変電所~南津軽変電所線,1702,1652,66.0,68.59,7.2e-05,1
1720,line,1780,浅瀬石川線,1652,1681,66.0,68.59,0.001315,0
1721,line,1781,東北送電線_226,1679,709,66.0,68.59,0.000164,1
1722,line,1782,上松沢支線,1684,710,66.0,137.18,5.4e-05,1
1723,line,1783,八甲田線,710,711,66.0,137.18,0.000143,0
1724,line,1784,八甲田線,711,712,66.0,137.18,0.000143,0
1725,line,1785,嘉瀬子内支線,711,1685,66.0,137.18,4.6e-05,1
1726,line,1786,東北電力ネットワーク 66.0kV線,712,1697,66.0,68.59,2.4e-05,1
1727,line,1787,小湊線,1644,713,66.0,68.59,0.001445,0
1728,line,1788,小湊線;平内線,1649,713,66.0,137.18,3.4e-05,1
1729,line,1789,平内線,713,1775,66.0,68.59,0.001093,0
1730,line,1790,佐井線,715,1650,66.0,411.54,9e-06,1
1731,line,1791,仲崎線,715,1778,66.0,137.18,0.000704,1
1732,line,1792,佐井線,715,3,66.0,137.18,0.001617,1
1733,line,1793,大湊変電所~下北変電所線,1778,12,66.0,137.18,0.000423,1
1734,line,1794,大間町変電所~佐井変電所線,716,5,66.0,68.59,0.000425,1
1735,line,1795,leadin,717,1609,66.0,68.59,4e-05,1
1736,line,1796,西弘前線,717,718,66.0,137.18,0.000188,0
1737,line,1797,桔梗野線;西弘前線,718,1653,66.0,274.36,4.2e-05,1
1738,line,1798,一の渡線,1681,725,66.0,137.18,0.000257,1
1739,line,1799,黒森線,1681,726,66.0,68.59,0.001302,0
1740,line,1800,西目屋支線,1656,719,66.0,68.59,0.000405,1
1741,line,1801,菰槌線;鰺ヶ沢線,1660,720,66.0,205.77,1.4e-05,1
1742,line,1802,菰槌線,720,1659,66.0,137.18,0.000305,0
1743,line,1803,鰺ヶ沢線,720,1666,66.0,68.59,0.001371,0
1744,line,1804,平内線;171C線,1775,1769,66.0,137.18,0.000267,0
1745,line,1805,浪岡支線,1662,721,66.0,137.18,0.000104,1
1746,line,1806,leadin,721,1696,66.0,68.59,0.000203,1
1747,line,1807,金木線,1663,1700,66.0,137.18,0.000329,0
1748,line,1808,東北電力ネットワーク 66.0kV線,1700,1664,66.0,137.18,1.4e-05,0
1749,line,1809,金木線,1664,1701,66.0,137.18,2.5e-05,0
1750,line,1810,坂梨支線,722,1686,66.0,68.59,0.000384,1
1751,line,1811,矢別線,726,1682,66.0,68.59,0.000258,0
1752,line,1812,東北電力ネットワーク 33.0kV線,726,727,66.0,137.18,0.000188,1
1753,line,1813,矢別線,1683,1682,66.0,68.59,0.00022,0
1754,line,1814,鹿角市変電所~蛇沢変電所線,728,1677,66.0,68.59,0.000677,1
1755,line,1815,澄川線,728,730,66.0,137.18,0.000767,1
1756,line,1816,澄川線,728,731,66.0,137.18,3.6e-05,1
1757,line,1817,湯瀬線,1676,1678,66.0,68.59,0.000888,1
1758,line,1818,澄川線,1678,731,66.0,137.18,0.00035,1
1759,line,1819,東北電力ネットワーク 33.0kV線,1678,739,66.0,68.59,0.000448,1
1760,line,1820,澄川線,729,730,66.0,137.18,8.9e-05,1
1761,line,1821,東北電力ネットワーク 66.0kV線,730,741,66.0,68.59,0.000191,1
1762,line,1822,東北電力ネットワーク 66.0kV線,731,740,66.0,137.18,9e-06,1
1763,line,1823,tohoku_line_1810,732,733,66.0,68.59,1e-06,1
1764,line,1824,東北電力ネットワーク 33.0kV線,732,735,66.0,205.77,9.6e-05,0
1765,line,1825,東北電力ネットワーク 33.0kV線,732,736,66.0,68.59,0.000278,0
1766,line,1826,小坂町変電所~鹿角市変電所線,733,1679,66.0,68.59,0.000651,1
1767,line,1827,毛馬内変電所~鹿角市変電所線,733,734,66.0,137.18,0.000189,1
1768,line,1828,東北電力ネットワーク 33.0kV線,735,736,66.0,137.18,2e-06,0
1769,line,1829,東北電力ネットワーク 33.0kV線,735,737,66.0,68.59,1.3e-05,0
1770,line,1830,東北電力ネットワーク 33.0kV線,736,737,66.0,68.59,1.1e-05,0
1771,line,1831,東北電力ネットワーク 33.0kV線,737,1680,66.0,137.18,0.000152,1
1772,line,1832,東北電力ネットワーク 33.0kV線,1680,738,66.0,274.36,2.5e-05,1
1773,line,1833,東雲線;米代線,1675,1688,66.0,274.36,2e-06,1
1774,line,1834,字一本木変電所~能代東変電所線,1691,1625,66.0,68.59,0.000245,1
1775,line,1835,能代線,1625,743,66.0,137.18,0.000129,0
1776,line,1836,森岳線,743,1689,66.0,68.59,0.000717,0
1777,line,1837,能代線,743,753,66.0,137.18,7e-05,0
1778,line,1838,山本線,1689,744,66.0,68.59,0.000765,0
1779,line,1839,東北送電線_237,744,750,66.0,68.59,0.000112,1
1780,line,1840,東北電力ネットワーク 66.0kV線,745,748,66.0,137.18,2.1e-05,1
1781,line,1841,東北電力ネットワーク 66.0kV線,745,746,66.0,137.18,0.000189,1
1782,line,1842,東北送電線_238,1632,752,66.0,68.59,6e-05,0
1783,line,1843,十和田東線,751,1744,66.0,137.18,0.000589,0
1784,line,1844,法量支線,751,783,66.0,137.18,1.6e-05,1
1785,line,1845,東北送電線_243,754,1637,66.0,68.59,0.000417,1
1786,line,1846,下北変電所~三本松変電所線,12,1776,66.0,137.18,7.3e-05,0
1787,line,1847,下北線,11,764,154.0,266.74,0.000288,0
1788,line,1848,下北線,11,7,154.0,266.74,0.000299,0
1789,line,1849,上北線,755,756,154.0,533.47,4.7e-05,0
1790,line,1850,南八戸線,755,1712,154.0,533.47,2.2e-05,0
1791,line,1851,南八戸線;上北線,755,1722,154.0,1066.94,8e-06,0
1792,line,1852,leadin,756,1811,154.0,266.74,4.6e-05,1
1793,line,1853,上北線,756,1724,154.0,533.47,0.000135,0
1794,line,1854,上北線,1724,757,154.0,533.47,0.000118,0
1795,line,1855,leadin,757,1806,154.0,266.74,2.3e-05,1
1796,line,1856,上北線,757,1766,154.0,533.47,3e-05,0
1797,line,1857,六ヶ所線,1766,787,154.0,266.74,1e-05,1
1798,line,1858,六ヶ所線,1766,767,154.0,533.47,1.8e-05,0
1799,line,1859,六ヶ所線,1766,788,154.0,266.74,3.5e-05,0
1800,line,1860,十和田幹線,1764,1808,500.0,6928.2,0.0,0
1801,line,1861,三沢支線,1711,1812,66.0,205.77,1e-05,1
1802,line,1862,古間木線,1812,1779,66.0,137.18,3.3e-05,1
1803,line,1863,古間木線,1725,758,66.0,137.18,4.8e-05,1
1804,line,1864,淋代平線,1725,1802,66.0,137.18,0.000342,1
1805,line,1865,三本木線,1725,1744,66.0,137.18,0.000436,0
1806,line,1866,古間木線,758,1779,66.0,137.18,7.5e-05,1
1807,line,1867,東北電力ネットワーク 66.0kV線,758,1805,66.0,68.59,4.7e-05,1
1808,line,1869,長苗代四丁目変電所~沼館変電所線,1723,1820,66.0,274.36,1.3e-05,0
1809,line,1870,小中野線,1723,1707,66.0,137.18,7.8e-05,0
1810,line,1871,八坂線;十和田東線,1723,780,66.0,274.36,5.3e-05,0
1811,line,1872,南八戸線,1712,1718,154.0,533.47,6.4e-05,0
1812,line,1873,下北線,1721,1794,66.0,68.59,1.8e-05,0
1813,line,1874,六ヶ所変電所~尾駮変電所線,1721,1751,66.0,68.59,1.8e-05,1
1814,line,1875,尾駮線,1721,759,66.0,137.18,7.2e-05,0
1815,line,1876,六ヶ所変電所~尾駮変電所線,1721,1796,66.0,68.59,0.000226,0
1816,line,1877,尾駮線,759,760,66.0,137.18,1.5e-05,0
1817,line,1878,尾駮変電所~中央受電所線,759,1715,66.0,137.18,2.1e-05,1
1818,line,1879,尾駮線,760,1759,66.0,137.18,2.1e-05,0
1819,line,1880,尾駮変電所~六ヶ所村変電所線,760,1797,66.0,137.18,3.4e-05,1
1820,line,1881,尾駮線,1759,1757,66.0,137.18,2.6e-05,0
1821,line,1882,六ヶ所変電所~尾駮変電所線,1757,1796,66.0,68.59,4.4e-05,0
1822,line,1883,尾駮線,1757,1714,66.0,137.18,0.000196,1
1823,line,1884,尾駮変電所~六ヶ所村変電所線,1757,1798,66.0,137.18,0.000131,1
1824,line,1885,九戸線,761,1718,154.0,533.47,0.000117,0
1825,line,1886,東北電力ネットワーク 154.0kV線,761,1813,154.0,533.47,2.6e-05,1
1826,line,1887,西八戸線,1718,762,154.0,533.47,3.9e-05,0
1827,line,1888,西八戸線,762,1717,154.0,533.47,8.2e-05,0
1828,line,1889,東北電力ネットワーク 154.0kV線,762,1761,154.0,533.47,8e-06,1
1829,line,1890,東北電力ネットワーク 66.0kV線,1791,1755,66.0,68.59,6.2e-05,0
1830,line,1891,下北線,1791,1794,66.0,68.59,4.2e-05,0
1831,line,1892,東北電力ネットワーク 66.0kV線,1755,1789,66.0,68.59,0.000103,1
1832,line,1893,白糠支線,763,7,154.0,266.74,4e-06,0
1833,line,1894,白糠支線,763,764,154.0,266.74,4e-06,0
1834,line,1895,白糠支線,763,1752,154.0,533.47,4.4e-05,0
1835,line,1896,下北線,764,1818,154.0,266.74,0.000357,0
1836,line,1897,下北線,1818,765,154.0,266.74,5.7e-05,0
1837,line,1898,下北線,1818,7,154.0,266.74,0.000358,0
1838,line,1899,下北線,1818,766,154.0,266.74,4.1e-05,0
1839,line,1900,下北線,765,1754,154.0,533.47,1.5e-05,0
1840,line,1901,下北線,765,766,154.0,266.74,1.9e-05,0
1841,line,1902,東北電力ネットワーク 154.0kV線,766,1807,154.0,266.74,1e-05,1
1842,line,1903,東北電力ネットワーク 154.0kV線,1793,1720,154.0,3467.57,0.0,0
1843,line,1904,六ヶ所線,1793,1790,154.0,1333.68,1e-06,0
1844,line,1905,六ヶ所線,1793,782,154.0,266.74,0.000282,0
1845,line,1906,東北電力ネットワーク 154.0kV線,1720,1792,154.0,266.74,1.3e-05,0
1846,line,1907,六ヶ所変電所~尾駮変電所線,1720,1795,154.0,1333.68,7e-06,0
1847,line,1908,六ヶ所線,1790,1754,154.0,1066.94,3e-06,0
1848,line,1909,東北電力ネットワーク 154.0kV線,1754,768,154.0,800.21,4.7e-05,0
1849,line,1910,六ヶ所線,767,788,154.0,266.74,3e-06,0
1850,line,1911,六ヶ所線,767,768,154.0,266.74,0.000216,0
1851,line,1912,六ヶ所線,768,782,154.0,266.74,0.000128,0
1852,line,1913,坂牛線;馬渕線,1719,769,66.0,274.36,5.5e-05,0
1853,line,1914,新井田線,1719,771,66.0,137.18,0.000546,0
1854,line,1915,坂牛線,769,1726,66.0,137.18,0.000192,0
1855,line,1916,馬渕線,769,773,66.0,137.18,5e-05,0
1856,line,1917,種市支線;久慈北線,770,1816,66.0,137.18,6.4e-05,1
1857,line,1918,種市支線,770,772,66.0,68.59,0.000797,0
1858,line,1919,久慈北線,770,777,66.0,68.59,0.002053,0
1859,line,1920,種市支線;久慈北線,1816,1730,66.0,137.18,3.5e-05,1
1860,line,1921,吹上線,1726,1829,66.0,137.18,7.2e-05,0
1861,line,1922,尻内線,1726,1728,66.0,137.18,5e-05,1
1862,line,1923,八坂線,1726,1713,66.0,137.18,0.000131,0
1863,line,1924,淋代平線,1802,1763,66.0,137.18,0.000123,1
1864,line,1925,新井田線,771,772,66.0,137.18,0.000181,0
1865,line,1926,東北電力ネットワーク 66.0kV線,771,1780,66.0,68.59,0.000364,1
1866,line,1927,新井田線,772,1731,66.0,137.18,0.000108,0
1867,line,1928,新井田線,1731,1727,66.0,137.18,0.000259,0
1868,line,1929,類家線,1727,778,66.0,137.18,8.7e-05,0
1869,line,1930,馬渕線,773,774,66.0,137.18,0.000591,0
1870,line,1931,剣吉支線,773,1745,66.0,137.18,0.000276,1
1871,line,1932,馬渕線,774,775,66.0,137.18,0.000304,0
1872,line,1933,軽米支線,774,784,66.0,68.59,0.000516,1
1873,line,1934,二戸線,775,785,66.0,137.18,0.000236,0
1874,line,1935,馬渕線;二戸線,775,1774,66.0,274.36,5.6e-05,1
1875,line,1936,十和田東線,1744,781,66.0,137.18,0.00065,0
1876,line,1937,稲生線,1744,1749,66.0,68.59,0.000412,0
1877,line,1938,東北送電線_250,776,789,66.0,137.18,1.1e-05,1
1878,line,1939,久慈南線,776,1729,66.0,137.18,0.000508,0
1879,line,1940,久慈北線,777,1729,66.0,68.59,0.000257,0
1880,line,1941,久慈市変電所~久慈変電所線,777,1803,66.0,68.59,0.000345,1
1881,line,1942,小中野変電所~江陽二丁目変電所線,1735,1707,66.0,205.77,9e-06,0
1882,line,1943,leadin,1735,1706,66.0,68.59,1.6e-05,1
1883,line,1944,類家線,1735,1734,66.0,137.18,8.3e-05,0
1884,line,1945,小中野変電所~江陽二丁目変電所線,1707,1737,66.0,68.59,2.6e-05,1
1885,line,1946,八戸市変電所~長苗代四丁目変電所線,1710,1709,66.0,68.59,0.000107,1
1886,line,1947,長苗代四丁目変電所~沼館変電所線,1710,1772,66.0,205.77,4.2e-05,1
1887,line,1948,長苗代四丁目変電所~沼館変電所線,1772,1820,66.0,205.77,1.1e-05,0
1888,line,1949,類家線,1734,778,66.0,137.18,2.8e-05,0
1889,line,1950,中居林変電所~湊町変電所線,1734,1801,66.0,68.59,0.000203,0
1890,line,1951,中居林変電所~湊町変電所線,1734,1740,66.0,68.59,3.9e-05,1
1891,line,1952,湊支線,778,1801,66.0,68.59,0.000258,0
1892,line,1953,一戸線,1784,1782,66.0,137.18,0.000268,0
1893,line,1954,葛巻線,1782,1781,66.0,68.59,0.001484,1
1894,line,1955,一戸線,1782,779,66.0,137.18,0.000243,0
1895,line,1956,leadin,779,1815,66.0,68.59,0.00028,1
1896,line,1957,一戸線,779,1733,66.0,137.18,0.000618,0
1897,line,1958,二戸線,1733,785,66.0,137.18,0.000195,0
1898,line,1959,堤町支線,1770,780,66.0,137.18,4.4e-05,1
1899,line,1960,堤町支線,1770,1708,66.0,137.18,3e-05,1
1900,line,1961,八坂線;十和田東線,780,786,66.0,274.36,1.3e-05,0
1901,line,1962,東北電力ネットワーク 66.0kV線,1803,1804,66.0,68.59,5.4e-05,1
1902,line,1964,湊支線;1A2D線,1801,1739,66.0,137.18,2e-05,0
1903,line,1965,吹上線,1829,1739,66.0,137.18,0.000129,0
1904,line,1966,前山支線,781,1738,66.0,137.18,0.000169,1
1905,line,1967,十和田東線,781,786,66.0,137.18,0.000315,0
1906,line,1968,市川線,1738,1741,66.0,137.18,0.000174,1
1907,line,1969,東下田線,1738,1742,66.0,137.18,0.000267,1
1908,line,1970,東下田線,1742,1743,66.0,137.18,2.6e-05,1
1909,line,1971,南部古館線,1746,1745,66.0,137.18,0.00039,1
1910,line,1972,三戸線,1745,1747,66.0,137.18,0.000678,1
1911,line,1973,青い森鉄道 剣吉変電所~剣吉変電所線,1745,1748,66.0,68.59,0.000235,1
1912,line,1974,小中島線,1747,1787,66.0,68.59,0.000448,1
1913,line,1975,六ヶ所変電所~尾駮変電所線,1795,1756,154.0,1066.94,2e-06,0
1914,line,1976,白糠変電所~東通村変電所線,1753,1825,66.0,68.59,5e-05,0
1915,line,1977,白近線,1753,1777,66.0,68.59,0.000835,0
1916,line,1978,白糠変電所~東通村変電所線,1825,1800,66.0,68.59,1.8e-05,0
1917,line,1979,六ヶ所線,782,788,154.0,533.47,3.6e-05,0
1918,line,1980,八戸変電所~長苗代四丁目変電所線,1722,1819,154.0,266.74,9e-06,0
1919,line,1981,豊洲変電所~八戸変電所線,1722,1821,154.0,533.47,2e-06,1
1920,line,1982,天間林線,1827,1750,66.0,68.59,0.000388,0
1921,line,1983,天間林線,1827,1809,66.0,68.59,0.000481,0
1922,line,1984,七戸線,1750,1826,66.0,68.59,0.000735,0
1923,line,1985,天間林線,1767,1809,66.0,137.18,2.1e-05,0
1924,line,1986,野辺地線,1767,1769,66.0,68.59,0.000895,0
1925,line,1987,舌崎線,1787,1786,66.0,68.59,0.000137,1
1926,line,1988,八戸変電所~長苗代四丁目変電所線,1819,1771,154.0,266.74,6e-06,0
1927,line,1989,軽米支線,1773,784,66.0,68.59,0.000207,1
1928,line,1990,東北電力ネットワーク 66.0kV線,784,1817,66.0,68.59,4.9e-05,1
1929,line,1991,岩手福岡支線,785,1785,66.0,137.18,8.4e-05,1
1930,line,1992,三本松変電所~近川変電所線,1776,1777,66.0,68.59,0.001182,0
1931,line,1993,八坂線,1713,786,66.0,137.18,5.8e-05,0
1932,line,1994,七戸線,1749,1826,66.0,68.59,0.000105,0
1933,line,1995,堤町支線,1828,1708,66.0,137.18,9e-06,1
1934,line,1996,東北電力ネットワーク 154.0kV線,1792,1758,154.0,266.74,1.1e-05,0
1935,line,1997,東北電力ネットワーク 154.0kV線,1760,1758,154.0,266.74,2e-06,1
1936,line,1998,東北電力ネットワーク 154.0kV線,1813,1814,154.0,800.21,1e-06,1
1937,line,1999,豊洲変電所~八戸変電所線,1823,1821,154.0,533.47,3e-06,1
1938,line,2000,高井戸線;杉並線,1830,3433,66.0,274.36,2.3e-05,0
1939,line,2001,高井戸線,1830,3462,66.0,137.18,2.1e-05,0
1940,line,2002,杉並線,1830,1859,66.0,137.18,8e-05,0
1941,line,2003,駒沢線,3433,2277,66.0,274.36,4.2e-05,1
1942,line,2004,高井戸線,3445,3444,66.0,137.18,3e-05,0
1943,line,2005,高井戸線,3445,3447,66.0,137.18,3e-05,0
1944,line,2006,高井戸線,3444,3483,66.0,137.18,2.1e-05,0
1945,line,2007,桜ヶ丘線,3553,3439,154.0,533.47,2.6e-05,0
1946,line,2008,桜ヶ丘線; 長峰線,3553,3555,154.0,1066.94,2e-06,0
1947,line,2009,国分寺線;車返線,3536,3537,66.0,411.54,2.3e-05,0
1948,line,2010,境八王子線,3536,3987,66.0,137.18,1.5e-05,0
1949,line,2011,国分寺線;車返線,3537,3479,66.0,411.54,1e-05,0
1950,line,2012,久我山線;車返線,3479,1849,66.0,274.36,1.3e-05,0
1951,line,2013,境八王子線,3479,3459,66.0,137.18,4.4e-05,0
1952,line,2014,久我山線;国分寺線,3479,1851,66.0,274.36,2.6e-05,0
1953,line,2015,川世線;千南線,3437,3443,66.0,68.59,0.00033,0
1954,line,2016,川世線;千南線,3437,3470,66.0,137.18,0.000111,0
1955,line,2017,和田堀線;北烏山線,3443,3441,66.0,68.59,0.000173,0
1956,line,2018,中富線;北歳線,3443,3477,66.0,68.59,0.000235,0
1957,line,2019,北多摩線;高井戸線,3443,3447,66.0,68.59,9.1e-05,0
1958,line,2020,川世線;千南線,3436,3442,154.0,1066.94,1.4e-05,0
1959,line,2021,川世線,3436,3469,154.0,1066.94,1e-05,0
1960,line,2022,北堀線,3442,3440,154.0,1600.41,5e-06,0
1961,line,2023,中富線;北歳線,3442,3476,154.0,1066.94,1e-05,0
1962,line,2024,北多摩線;高井戸線,3442,3446,154.0,1066.94,4e-06,0
1963,line,2025,渕野辺線,3687,1831,66.0,137.18,9.3e-05,0
1964,line,2026,渕野辺線;大野線,3687,1838,66.0,137.18,0.000136,0
1965,line,2027,大沼線,3687,1865,66.0,137.18,7.9e-05,0
1966,line,2028,渕野辺線,1831,3434,66.0,137.18,5.5e-05,0
1967,line,2029,木曽線,1831,3571,66.0,137.18,8.1e-05,0
1968,line,2030,渕野辺線,3434,3427,66.0,205.77,2.9e-05,0
1969,line,2031,渕野辺線;町田モディ線,3427,1832,66.0,137.18,2.4e-05,0
1970,line,2032,長津田町田線,3427,3505,66.0,68.59,3.9e-05,0
1971,line,2033,leadin,1832,3906,66.0,68.59,0.000142,1
1972,line,2034,渕野辺線;町田モディ線,1832,3505,66.0,137.18,2.4e-05,0
1973,line,2035,namebind,3505,1925,66.0,137.18,0.00021,0
1974,line,2036,長津田町田線,3505,2266,66.0,68.59,0.000338,1
1975,line,2037,厚木線,1833,3416,66.0,68.59,7.3e-05,1
1976,line,2038,厚木北線;海老名西線,1833,3449,66.0,274.36,1.3e-05,0
1977,line,2039,厚木北線;海老名西線,1833,3933,66.0,274.36,2.8e-05,0
1978,line,2040,生田線,3493,3460,66.0,137.18,1.7e-05,0
1979,line,2041,生田線,3493,3952,66.0,137.18,0.000143,0
1980,line,2042,菅生線,3460,3482,66.0,137.18,4e-05,0
1981,line,2043,長沼線;由木線,3544,3540,66.0,274.36,2e-05,0
1982,line,2044,南多摩線;鶴川線,3544,3542,66.0,205.77,2.2e-05,0
1983,line,2045,渕野辺線;大野線,3544,3526,66.0,617.3,2e-06,0
1984,line,2046,東日本旅客鉄道 66.0kV線,3544,2269,66.0,205.77,1.7e-05,1
1985,line,2047,みなみ野橋本線,3544,2264,66.0,68.59,0.000503,0
1986,line,2048,JR橋本変電所~小山一丁目変電所線,3544,4000,66.0,68.59,5.6e-05,0
1987,line,2049,南多摩線;鶴川線,3540,3542,66.0,274.36,4e-06,0
1988,line,2050,長沼線;由木線,3540,1834,66.0,274.36,2.2e-05,0
1989,line,2051,南多摩線;鶴川線,3540,1835,66.0,68.59,8.3e-05,0
1990,line,2052,渕野辺線;大野線,3540,1838,66.0,137.18,9.6e-05,0
1991,line,2053,三菱相模原線,3540,3864,66.0,411.54,1.7e-05,0
1992,line,2054,由木線,1834,1835,66.0,137.18,1e-06,0
1993,line,2055,長沼線;高幡線,1834,3930,66.0,137.18,8e-05,0
1994,line,2056,由木線,1835,3989,66.0,137.18,0.000187,0
1995,line,2057,南多摩線;鶴川線,1835,1847,66.0,137.18,0.00027,0
1996,line,2058,南多摩線;鶴川線,3543,3541,154.0,533.47,6e-06,0
1997,line,2059,橋本線,3543,3525,154.0,1600.41,2e-06,0
1998,line,2060,橋本線,3543,3999,154.0,1066.94,3e-06,0
1999,line,2061,南多摩線;鶴川線,3541,3539,154.0,533.47,1e-06,0
2000,line,2062,南多摩線,3539,3468,154.0,533.47,7.4e-05,0
2001,line,2063,由木線,3989,1836,66.0,137.18,9.3e-05,0
2002,line,2064,貝取線,1836,2003,66.0,137.18,2e-06,0
2003,line,2065,由木線,1836,1837,66.0,137.18,1.6e-05,0
2004,line,2066,東京西線;由木線,1837,3697,66.0,205.77,2.5e-05,0
2005,line,2067,府中線,1837,1855,66.0,137.18,0.000111,0
2006,line,2068,東京西線;愛宕線,1837,3984,66.0,68.59,8.7e-05,0
2007,line,2069,工廠線,1838,3995,66.0,137.18,3.7e-05,1
2008,line,2070,川尻線,3526,1875,66.0,137.18,3.5e-05,0
2009,line,2071,八ツ沢線,3526,3994,66.0,137.18,0.000122,0
2010,line,2072,田名線,3526,3998,66.0,137.18,6.4e-05,0
2011,line,2073,入谷線,3849,3455,66.0,137.18,0.000109,1
2012,line,2074,麻溝線,3455,3456,66.0,137.18,2e-05,0
2013,line,2075,瀬谷線,3455,4026,66.0,137.18,2.6e-05,0
2014,line,2076,leadin,3455,3410,66.0,68.59,6.8e-05,1
2015,line,2077,中綾線,3455,3480,66.0,137.18,0.000166,0
2016,line,2078,東京送電線_2,1839,1840,66.0,137.18,1e-06,1
2017,line,2079,厚木北線;海老名西線,1839,3408,66.0,274.36,2.7e-05,0
2018,line,2080,厚木北線;海老名西線,1839,3438,66.0,274.36,2.5e-05,0
2019,line,2081,北堀線,3440,1841,154.0,533.47,1.6e-05,0
2020,line,2082,和田堀線,3440,3432,154.0,533.47,2.2e-05,0
2021,line,2083,leadin,1841,3461,154.0,266.74,1.7e-05,1
2022,line,2084,北堀線,1841,3432,154.0,533.47,1.3e-05,0
2023,line,2085,柿生線;川崎火力線,3514,3578,154.0,1066.94,6e-06,0
2024,line,2086,柿生線;川崎火力線,3514,3439,154.0,2133.89,1.1e-05,0
2025,line,2087,柿生線;川崎火力線,3578,1867,154.0,1066.94,9e-06,0
2026,line,2088,北多摩線;吉祥寺線,3447,3504,66.0,68.59,0.00018,0
2027,line,2089,三井線,3447,3485,66.0,137.18,9.1e-05,0
2028,line,2090,北多摩線;吉武線,3504,3868,66.0,68.59,5.2e-05,0
2029,line,2091,北多摩線;吉祥寺線,3446,3503,154.0,1066.94,8e-06,0
2030,line,2092,北多摩線;吉武線,3503,3867,154.0,1066.94,2e-06,0
2031,line,2093,高井戸線,3483,3462,66.0,137.18,7.7e-05,0
2032,line,2094,中富線;久我山線,3477,1849,66.0,205.77,8.6e-05,0
2033,line,2095,新鶴見線,3476,3458,154.0,1600.41,1e-05,0
2034,line,2096,新鶴見線,3476,3490,154.0,533.47,1.3e-05,0
2035,line,2097,西厚木線;湘南北線,4038,1899,66.0,137.18,4.8e-05,0
2036,line,2098,西厚木線;湘南北線,4038,4009,66.0,68.59,0.00019,0
2037,line,2099,東秦野線;大神線,4038,1900,66.0,68.59,0.00027,0
2038,line,2100,西厚木線;湘南北線,4009,3819,66.0,68.59,1.4e-05,0
2039,line,2101,西厚木線;湘南北線,3819,3449,66.0,68.59,3.4e-05,0
2040,line,2102,leadin,3819,3817,66.0,68.59,2.2e-05,1
2041,line,2103,飯山線,3449,1952,66.0,205.77,5.4e-05,1
2042,line,2104,西厚木線;湘南北線,4037,1898,154.0,1066.94,4e-06,0
2043,line,2105,西厚木線;湘南北線,4037,4008,154.0,1066.94,8e-06,0
2044,line,2106,秦浜線;湘南線,4037,1861,154.0,266.74,1.9e-05,0
2045,line,2107,秦浜線;湘南線,4037,3616,154.0,266.74,0.000164,0
2046,line,2108,西厚木線;湘南北線,4008,3818,154.0,1066.94,1e-06,0
2047,line,2109,西厚木線;湘南北線,3818,3448,154.0,1066.94,1e-06,0
2048,line,2110,leadin,3818,3824,154.0,266.74,4e-06,1
2049,line,2111,麻溝線;厚木北線;大沼線,4005,3431,66.0,274.36,1e-06,0
2050,line,2112,厚木北線;相模川線,4005,3497,66.0,137.18,0.00041,0
2051,line,2113,麻溝線;大沼線,4005,3974,66.0,137.18,7.4e-05,0
2052,line,2114,中津線,4005,3942,66.0,137.18,0.00013,1
2053,line,2115,依知線,3497,1842,66.0,274.36,1.2e-05,1
2054,line,2116,相模川線,3497,3450,66.0,274.36,1.6e-05,0
2055,line,2117,leadin,3450,3481,66.0,68.59,8.1e-05,1
2056,line,2118,厚木北線;相模川線,3450,3438,66.0,274.36,2.6e-05,0
2057,line,2119,leadin,3438,3464,66.0,68.59,9.7e-05,1
2058,line,2120,相模川線;海老名西線,3438,3535,66.0,274.36,4.3e-05,0
2059,line,2121,leadin,3482,1862,66.0,205.77,1.8e-05,1
2060,line,2122,leadin,3482,3453,66.0,68.59,0.000145,1
2061,line,2123,菅生線,3482,3515,66.0,274.36,0.000166,0
2062,line,2124,港北線;生田線,1843,1844,66.0,68.59,0.000121,0
2063,line,2125,鴨志田線,1843,3610,66.0,137.18,0.000173,1
2064,line,2126,港北線 / 鴨志田線,1843,3513,66.0,68.59,0.000362,0
2065,line,2127,leadin,1844,3557,66.0,68.59,0.000151,1
2066,line,2128,港北線;生田線,1844,3452,66.0,68.59,6.6e-05,0
2067,line,2129,生田線,3452,3952,66.0,137.18,1.8e-05,0
2068,line,2130,港北線 / 鴨志田線,3451,3512,275.0,3810.51,6e-06,0
2069,line,2131,港北線,3451,3465,275.0,1905.26,6e-06,0
2070,line,2132,車返線,3485,3484,66.0,137.18,1.2e-05,0
2071,line,2133,麻溝線,3494,3475,66.0,137.18,0.000104,0
2072,line,2134,大沼線,3494,1865,66.0,137.18,6.6e-05,0
2073,line,2135,ニコン相模原線,3494,2258,66.0,274.36,1.5e-05,0
2074,line,2136,相模大野線,3494,4003,66.0,137.18,8.8e-05,1
2075,line,2137,麻溝線,3475,3478,66.0,137.18,5.5e-05,0
2076,line,2138,麻溝線,3478,3456,66.0,137.18,1.1e-05,0
2077,line,2139,leadin,3456,3454,66.0,68.59,9.5e-05,1
2078,line,2140,瀬谷線,4026,3538,66.0,137.18,7.4e-05,0
2079,line,2141,瀬谷線,3538,1845,66.0,137.18,5e-05,0
2080,line,2142,大和線;瀬谷線,1845,3656,66.0,274.36,1.7e-05,0
2081,line,2143,大和線,1845,4025,66.0,137.18,8.5e-05,0
2082,line,2144,中富線,3990,1846,154.0,533.47,1.8e-05,0
2083,line,2145,中富線,3990,3638,154.0,1066.94,1.9e-05,0
2084,line,2146,leadin,1846,3961,154.0,266.74,1e-05,1
2085,line,2147,中富線,1846,3992,154.0,533.47,2.5e-05,0
2086,line,2148,中富線,3992,3457,154.0,533.47,4.3e-05,0
2087,line,2149,中富線,3457,3458,154.0,1066.94,1e-06,0
2088,line,2150,岡部境線（前－境）,3457,3985,154.0,533.47,6.3e-05,0
2089,line,2151,新鶴見線,3490,3624,154.0,533.47,1.2e-05,0
2090,line,2152,新鶴見線,3624,4337,154.0,533.47,0.000127,0
2091,line,2153,柿生線,3468,3466,154.0,1066.94,3e-06,0
2092,line,2154,柿生線;川崎火力線,3466,3951,154.0,1066.94,1.1e-05,0
2093,line,2155,佐久間東幹線,4004,3430,275.0,3810.51,0.0,0
2094,line,2156,佐久間東幹線,4004,3973,275.0,1905.26,3e-06,0
2095,line,2157,佐久間東幹線,4004,1886,275.0,1905.26,0.000112,0
2096,line,2158,佐久間東幹線,3973,4027,275.0,1905.26,4e-06,0
2097,line,2159,登戸線,3463,3470,66.0,137.18,6.2e-05,1
2098,line,2160,川世線;千南線,3470,3559,66.0,68.59,7.7e-05,0
2099,line,2161,川世線;千南線,3559,3500,66.0,137.18,0.000119,0
2100,line,2162,川世線;千南線,3558,3469,154.0,1066.94,3e-06,0
2101,line,2163,川世線;千南線,3558,3499,154.0,1066.94,1e-05,0
2102,line,2164,鶴川線,1847,3474,66.0,137.18,0.00012,0
2103,line,2165,小山田線,1847,3692,66.0,137.18,7.5e-05,1
2104,line,2166,東京西線;秋留線;青梅南多摩線,3604,3881,66.0,68.59,0.000277,0
2105,line,2167,八王子線;北八王子線;長沼線;西平山線,3604,2216,66.0,548.71,9e-06,0
2106,line,2168,東京西線;由木線;府中線,3604,3697,66.0,205.77,0.000185,0
2107,line,2169,東京西線;由木線;府中線,3603,1848,275.0,1905.26,4e-06,0
2108,line,2170,東京西線;秋留線;青梅南多摩線,3603,3880,275.0,1905.26,6e-06,0
2109,line,2171,府中線,1848,1986,275.0,1905.26,0.0,0
2110,line,2172,東京西線;由木線,1848,2050,275.0,1905.26,1e-06,0
2111,line,2173,只見幹線,3626,3734,275.0,1905.26,2.7e-05,0
2112,line,2174,只見幹線,3626,3634,275.0,1905.26,2.6e-05,0
2113,line,2175,只見幹線,3734,3467,275.0,1905.26,9e-06,0
2114,line,2176,京浜線3・4号線,3467,3473,275.0,3810.51,2e-06,0
2115,line,2177,西北線,3467,3465,275.0,3810.51,1e-06,0
2116,line,2178,佐久間東幹線,3467,4027,275.0,1905.26,1.6e-05,0
2117,line,2179,東京西線,3467,3983,275.0,1905.26,9e-06,0
2118,line,2180,車返線,1849,3484,66.0,137.18,5.9e-05,0
2119,line,2181,戸田線,3459,3521,66.0,137.18,0.00028,0
2120,line,2182,境八王子線;是政線,3987,1877,66.0,274.36,2.1e-05,0
2121,line,2183,都南線,4065,3502,66.0,137.18,0.000225,1
2122,line,2184,都南線;下野毛線,3502,3500,66.0,274.36,2.9e-05,1
2123,line,2185,厚木基地向けの需要家線,1850,2257,66.0,137.18,3e-06,1
2124,line,2186,中綾線;綾瀬線,1850,3700,66.0,274.36,4e-05,0
2125,line,2187,leadin,1850,3480,66.0,411.54,1.6e-05,0
2126,line,2188,柿生線;川崎火力線,3951,3439,154.0,1066.94,4e-06,0
2127,line,2189,北多摩線;吉武線,3521,3517,66.0,68.59,5.7e-05,0
2128,line,2190,戸田線,3521,3965,66.0,137.18,0.000215,0
2129,line,2191,北多摩線;吉武線,3521,3523,66.0,68.59,6.2e-05,0
2130,line,2192,笹目線;和光線,3965,2231,66.0,137.18,9e-05,0
2131,line,2193,戸田線,3965,2597,66.0,137.18,0.000295,1
2132,line,2194,久我山線,1851,1854,66.0,137.18,3.9e-05,0
2133,line,2195,国分寺線,1851,3527,66.0,137.18,0.000224,0
2134,line,2196,大-勝 線,3487,3959,66.0,137.18,0.000558,1
2135,line,2197,勝沼-酒折線,3487,3798,66.0,137.18,0.0006,1
2136,line,2198,深城線,3909,3488,66.0,137.18,0.000493,1
2137,line,2199,小金沢西線,3909,1920,66.0,68.59,0.000187,1
2138,line,2200,大-勝 線,3488,3705,66.0,137.18,0.000225,0
2139,line,2201,苗駒線,3488,2021,66.0,137.18,0.000139,0
2140,line,2202,笛駒線,3488,3911,66.0,137.18,6.2e-05,0
2141,line,2203,上-大 線,3488,2149,66.0,137.18,0.000406,0
2142,line,2204,河口湖線,3489,1852,66.0,137.18,3.4e-05,1
2143,line,2205,河口湖線,1852,1853,66.0,137.18,0.00024,1
2144,line,2206,東京送電線_167,1852,2272,66.0,137.18,3.8e-05,1
2145,line,2207,"河口湖線,山中線",1853,3774,66.0,274.36,0.000122,1
2146,line,2208,河口湖線,1853,2068,66.0,137.18,0.00016,1
2147,line,2209,昭島線,3725,3857,66.0,137.18,0.00012,0
2148,line,2210,昭島線;福生線,3725,1910,66.0,274.36,8e-06,0
2149,line,2211,昭島線,3857,3726,66.0,137.18,3.5e-05,0
2150,line,2212,昭島線,3726,3727,66.0,205.77,1e-05,1
2151,line,2213,拝島線,3726,3568,66.0,68.59,0.000197,0
2152,line,2214,久我山線,3491,3545,66.0,137.18,5.8e-05,0
2153,line,2215,高木線,3491,3527,66.0,137.18,9.9e-05,0
2154,line,2216,府中線,3491,1856,66.0,137.18,0.000209,0
2155,line,2217,久我山線,3545,1854,66.0,137.18,2.1e-05,0
2156,line,2218,leadin,1854,3419,66.0,68.59,9.7e-05,1
2157,line,2219,多摩橋線,3527,1876,66.0,137.18,1.5e-05,1
2158,line,2220,国分寺線;多摩橋線;高木線,3527,1858,66.0,411.54,1.5e-05,0
2159,line,2221,多摩橋線,3527,3580,66.0,137.18,6.4e-05,0
2160,line,2222,東京電力パワーグリッド 66.0kV線,1855,2268,66.0,137.18,0.0,1
2161,line,2223,府中線,1855,1856,66.0,137.18,5.3e-05,0
2162,line,2224,高幡不動変電所~聖蹟桜ヶ丘変電所線,1856,1908,66.0,68.59,7.1e-05,0
2163,line,2225,桜ヶ丘線; 百草線,1856,3594,66.0,68.59,7.6e-05,0
2164,line,2226,国分寺線;多摩橋線;高木線,3627,3678,66.0,411.54,2.5e-05,0
2165,line,2227,拝島線,3627,3683,66.0,137.18,8.8e-05,0
2166,line,2228,小平線,3627,3589,66.0,274.36,3.3e-05,1
2167,line,2229,村山線,3627,3776,66.0,137.18,6.9e-05,0
2168,line,2230,東大和線; 村山線,3627,1998,66.0,274.36,0.000128,0
2169,line,2231,leadin,3678,3590,66.0,68.59,0.000126,1
2170,line,2232,国分寺線;多摩橋線;高木線,3678,1857,66.0,411.54,8e-06,0
2171,line,2233,leadin,1857,3969,66.0,68.59,0.000183,1
2172,line,2234,国分寺線;多摩橋線;高木線,1857,1858,66.0,411.54,1.4e-05,0
2173,line,2235,国分寺南線,1858,3986,66.0,137.18,5.5e-05,1
2174,line,2236,leadin,1859,4375,66.0,68.59,0.000101,1
2175,line,2237,杉並線,1859,4051,66.0,137.18,7.4e-05,0
2176,line,2238,野方線,4051,3840,66.0,137.18,8.9e-05,0
2177,line,2239,西武沼袋線,4051,4069,66.0,137.18,1.2e-05,1
2178,line,2240,leadin,3840,4526,66.0,68.59,0.000252,1
2179,line,2241,新鶴見線,4337,4072,154.0,1600.41,1e-06,0
2180,line,2242,島崎線,4337,3560,154.0,1066.94,7e-06,0
2181,line,2243,京南線（休止線）,4337,4536,154.0,533.47,3e-06,0
2182,line,2244,島崎線,4072,4054,154.0,1600.41,2e-06,0
2183,line,2245,東秦野線,1860,3616,154.0,1066.94,7e-06,0
2184,line,2246,秦野変電所~新秦野変電所線,1860,3825,154.0,1066.94,3e-05,0
2185,line,2247,田代幹線,1860,3853,154.0,533.47,2.4e-05,0
2186,line,2248,東秦野線;大神線,1861,1898,154.0,1066.94,7e-06,0
2187,line,2249,湘南線 / 東秦野線,1861,1918,154.0,1066.94,9e-06,0
2188,line,2250,秦浜線;湘南線,4036,3615,275.0,3810.51,1.1e-05,0
2189,line,2251,秦浜線;湘南線,4036,3608,275.0,5715.77,2e-06,0
2190,line,2252,市ヶ尾線,3515,1872,66.0,137.18,0.0001,0
2191,line,2253,島崎線,3579,3560,154.0,1066.94,4e-06,0
2192,line,2254,北島線,3579,3533,154.0,2667.36,0.0,0
2193,line,2255,北島線 / 大倉山線,3579,1887,154.0,1066.94,8e-06,0
2194,line,2256,横浜火力北線 / 保土ヶ谷線,3560,3597,154.0,1066.94,8e-06,0
2195,line,2257,横浜火力南線 / 子安線,3560,3595,154.0,1066.94,4e-06,0
2196,line,2258,北旭線 / 浜岡線,3560,1903,154.0,1066.94,3e-06,0
2197,line,2259,白石線,4054,2284,154.0,1066.94,2e-06,1
2198,line,2260,南武線 / 南崎線,4054,4536,154.0,1066.94,3e-06,0
2199,line,2261,南武線 / 南崎線,4055,4537,66.0,68.59,6.5e-05,0
2200,line,2262,市場線,4055,4073,66.0,137.18,1.7e-05,0
2201,line,2263,小倉線 / 市場線,4537,2279,66.0,274.36,1e-05,0
2202,line,2264,南武線 / 南崎線,4537,3633,66.0,68.59,0.000439,0
2203,line,2265,南武線 / 南崎線,3633,1863,66.0,68.59,5e-05,0
2204,line,2266,leadin,1863,3988,66.0,68.59,0.000122,1
2205,line,2267,南武線 / 南崎線,1863,3500,66.0,68.59,8.8e-05,0
2206,line,2268,南武線 / 南崎線,4536,3632,154.0,1066.94,1.9e-05,0
2207,line,2269,川崎火力線 / 柿生線,4536,1867,154.0,1066.94,2.6e-05,0
2208,line,2270,南武線 / 南崎線,3632,3499,154.0,1066.94,5e-06,0
2209,line,2271,野川線,3499,1867,154.0,1066.94,1.3e-05,0
2210,line,2272,成瀬線,1864,3507,154.0,533.47,1.5e-05,0
2211,line,2273,橋本線,1864,3435,154.0,1066.94,6e-06,0
2212,line,2274,橋本線,1864,3799,154.0,1066.94,1.6e-05,0
2213,line,2275,奈良線,3610,1919,66.0,205.77,5.7e-05,1
2214,line,2276,市ヶ尾線,3513,3914,66.0,137.18,2.2e-05,0
2215,line,2277,市ヶ尾線,3513,3611,66.0,137.18,2e-05,1
2216,line,2278,港北線 / 平台線,3513,3548,66.0,68.59,0.000249,0
2217,line,2279,港北線 / 平台線,3512,3546,275.0,3810.51,3e-06,0
2218,line,2280,凸版相模原線,1865,4028,66.0,137.18,1.8e-05,0
2219,line,2281,昭島変電所~郷地変電所線,3498,3492,154.0,266.74,3.2e-05,0
2220,line,2282,豊昭線,3498,3567,154.0,266.74,2.9e-05,0
2221,line,2283,桜ヶ丘線,3492,1866,154.0,533.47,3e-06,0
2222,line,2284,豊昭線,3567,3907,154.0,266.74,3.3e-05,0
2223,line,2285,豊昭線,3907,3576,154.0,266.74,0.000132,0
2224,line,2286,狭山線,3576,3723,154.0,533.47,5e-06,0
2225,line,2287,leadin,1866,3420,154.0,266.74,1.3e-05,1
2226,line,2288,桜ヶ丘線,1866,3593,154.0,1066.94,2.3e-05,0
2227,line,2289,野川線,3551,1867,154.0,1066.94,8e-06,0
2228,line,2290,北旭線 / 大倉山線,3551,1887,154.0,1066.94,7e-06,0
2229,line,2291,橋本線,3551,3940,154.0,1066.94,5e-06,0
2230,line,2292,北島線,3551,3582,154.0,533.47,6e-06,0
2231,line,2293,leadin,1868,3501,154.0,1066.94,5e-06,1
2232,line,2294,北多摩線;吉武線,3868,3870,66.0,68.59,4.9e-05,0
2233,line,2295,北多摩線;吉武線,3867,3869,154.0,1066.94,2e-06,0
2234,line,2296,北多摩線;吉武線,3870,3509,66.0,68.59,4.2e-05,0
2235,line,2297,北多摩線;吉武線,3509,3511,66.0,68.59,3.1e-05,0
2236,line,2298,北多摩線;吉武線,3511,3894,66.0,68.59,3.1e-05,0
2237,line,2299,leadin,3511,3896,66.0,68.59,0.000147,1
2238,line,2300,北多摩線;吉武線,3894,3523,66.0,68.59,3.2e-05,0
2239,line,2301,北多摩線 / 吉武線,3517,3519,66.0,68.59,5.9e-05,0
2240,line,2302,北多摩線;吉武線,3869,3508,154.0,1066.94,2e-06,0
2241,line,2303,北多摩線;吉武線,3508,3510,154.0,1066.94,1e-06,0
2242,line,2304,北多摩線;吉武線,3510,3893,154.0,1066.94,1e-06,0
2243,line,2305,北多摩線;吉武線,3893,3522,154.0,1066.94,1e-06,0
2244,line,2306,北多摩線;吉武線,3522,3520,154.0,1066.94,3e-06,0
2245,line,2307,北多摩線;吉武線,3520,3516,154.0,1066.94,2e-06,0
2246,line,2308,北多摩線 / 吉武線,3516,3518,154.0,1066.94,3e-06,0
2247,line,2309,京浜線3・4号線,3473,1869,275.0,1905.26,8e-06,0
2248,line,2310,"京浜線1,2号線",3473,3506,275.0,1905.26,1.4e-05,0
2249,line,2311,leadin,1869,3842,275.0,952.63,6e-06,1
2250,line,2312,京浜線3・4号線,1869,3506,275.0,1905.26,7e-06,0
2251,line,2313,京浜線3・4号線,3506,3630,275.0,3810.51,4e-06,0
2252,line,2314,"京浜線1,2号線",3630,1870,275.0,1905.26,1e-05,0
2253,line,2315,"京浜線3,4号線",3630,1940,275.0,1905.26,6e-06,0
2254,line,2316,川井線,3630,2056,275.0,1905.26,6e-06,1
2255,line,2317,"京浜線3,4号線",1870,1940,275.0,1905.26,2e-06,0
2256,line,2318,"京浜線1,2号線",1870,3562,275.0,3810.51,4e-06,0
2257,line,2319,大和線,3665,4023,66.0,137.18,1.3e-05,0
2258,line,2320,大和線,3665,4024,66.0,137.18,3.3e-05,0
2259,line,2321,大和線,4023,3891,66.0,137.18,8.6e-05,0
2260,line,2322,大和線,3891,3666,66.0,137.18,3.5e-05,0
2261,line,2323,大和線,3666,1871,66.0,137.18,6.9e-05,0
2262,line,2324,市沢線,1871,3862,66.0,137.18,0.000369,0
2263,line,2325,大和線,1871,1968,66.0,205.77,2.7e-05,0
2264,line,2326,leadin,1872,3964,66.0,68.59,7.7e-05,1
2265,line,2327,市ヶ尾線,1872,3914,66.0,137.18,2e-05,0
2266,line,2328,市が尾変電所~市ヶ尾変電所線,3611,3612,66.0,137.18,6e-06,1
2267,line,2329,久留米線,3519,3684,66.0,137.18,9.1e-05,1
2268,line,2330,namebind,3519,3902,66.0,137.18,0.00023,0
2269,line,2331,武練線,3519,3685,66.0,137.18,6.4e-05,1
2270,line,2332,笹目線;朝霞線,3519,2145,66.0,68.59,0.000189,0
2271,line,2333,片山線,3518,3584,154.0,533.47,9e-06,0
2272,line,2334,笹目線;朝霞線,3518,3845,154.0,1066.94,2e-05,0
2273,line,2335,本町一丁目変電所~本町四丁目変電所線,3684,3901,66.0,205.77,1.1e-05,1
2274,line,2336,片山線,3586,3584,154.0,533.47,1.4e-05,0
2275,line,2337,新座線 / 下清戸線,3586,3638,154.0,266.74,0.000142,0
2276,line,2338,都留線（廃線）,1873,1874,154.0,533.47,8.5e-05,0
2277,line,2339,東海高下線,1873,3619,154.0,1066.94,1.3e-05,0
2278,line,2340,東海高下線,1873,2138,154.0,533.47,2e-05,0
2279,line,2341,東海小形山線,1874,3619,154.0,533.47,7.3e-05,0
2280,line,2342,東海小形山線,1874,3771,154.0,533.47,1.5e-05,0
2281,line,2343,川尻線,1875,4029,66.0,137.18,1.5e-05,0
2282,line,2344,相模原金属団地線,1875,4030,66.0,137.18,1e-06,0
2283,line,2345,相模原金属団地線,4029,4030,66.0,137.18,1.5e-05,0
2284,line,2346,川尻線,4029,3994,66.0,137.18,8.2e-05,0
2285,line,2347,八ツ沢線,3994,3897,66.0,137.18,3.7e-05,0
2286,line,2348,namebind,3994,2163,66.0,68.59,0.00017,0
2287,line,2349,namebind,3994,2191,66.0,68.59,0.000148,0
2288,line,2350,namebind,3994,2192,66.0,68.59,0.000166,0
2289,line,2351,namebind,3994,2202,66.0,68.59,0.000163,0
2290,line,2352,橋本西線,3525,3993,154.0,533.47,2.3e-05,0
2291,line,2353,橋本線,3999,3863,154.0,1066.94,2e-06,0
2292,line,2354,橋本線,3863,3524,154.0,1066.94,5e-06,0
2293,line,2355,橋本線,3524,3570,154.0,1066.94,2.4e-05,0
2294,line,2356,橋本線,3570,3435,154.0,1066.94,2e-06,0
2295,line,2357,多摩橋線,3580,3591,66.0,274.36,6.9e-05,0
2296,line,2358,桜ヶ丘線; 高幡不動線,3591,1907,66.0,137.18,0.000113,0
2297,line,2359,高幡線,3591,1985,66.0,137.18,5e-05,0
2298,line,2360,境八王子線;大丸線,1877,1878,66.0,274.36,3.4e-05,0
2299,line,2361,東京電力パワーグリッド 66.0kV線,1877,2261,66.0,137.18,1e-06,1
2300,line,2362,西北線; 稲城線,3530,3528,275.0,3810.51,1e-06,1
2301,line,2363,西北線,3530,3552,275.0,1905.26,4e-06,1
2302,line,2364,西北線,3552,3465,275.0,1905.26,5e-06,0
2303,line,2365,境八王子線;多摩川衛生組合線,1878,1879,66.0,274.36,6e-06,0
2304,line,2366,leadin,1878,3607,66.0,137.18,5.9e-05,1
2305,line,2367,多摩川衛生組合線,1879,2262,66.0,137.18,0.0,1
2306,line,2368,桜ヶ丘線;武蔵境八王子線,1879,3735,66.0,137.18,0.000179,0
2307,line,2369,横浜火力北線 / 保土ヶ谷線,1880,1881,66.0,68.59,6.5e-05,0
2308,line,2370,保土ヶ谷線 / 妙蓮寺線,1880,3938,66.0,274.36,7e-05,0
2309,line,2371,横浜火力北線 / 妙蓮寺線,1880,3418,66.0,68.59,0.0001,0
2310,line,2372,leadin,1881,3795,66.0,68.59,0.000156,1
2311,line,2373,横浜火力北線 / 保土ヶ谷線,1881,3797,66.0,68.59,3.2e-05,0
2312,line,2374,横浜火力北線 / 保土ヶ谷線,3797,3670,66.0,68.59,3.9e-05,0
2313,line,2375,横浜火力北線 / 保土ヶ谷線,3670,3598,66.0,68.59,0.000191,0
2314,line,2376,新鶴見 - 大船線,3670,1897,66.0,137.18,2.7e-05,0
2315,line,2377,新鶴見 - 大船線,3670,1957,66.0,137.18,0.000237,0
2316,line,2378,横浜火力北線 / 保土ヶ谷線,3598,3561,66.0,68.59,0.000194,0
2317,line,2379,新鶴見 - 大船線,3598,4338,66.0,137.18,0.00019,0
2318,line,2380,新鶴見 - 大船線,3598,1897,66.0,137.18,7.3e-05,0
2319,line,2381,寺尾線 / 北の台線,3561,4528,66.0,274.36,4.8e-05,1
2320,line,2382,旭綱島線,3561,3534,66.0,137.18,2e-05,0
2321,line,2383,子安線,3561,3596,66.0,137.18,4.9e-05,0
2322,line,2384,小倉線,3561,2235,66.0,137.18,2.6e-05,0
2323,line,2385,横浜火力北線 / 保土ヶ谷線,3796,3669,154.0,1066.94,2e-06,0
2324,line,2386,横浜火力北線 / 妙蓮寺線,3796,3417,154.0,1066.94,9e-06,0
2325,line,2387,横浜火力北線 / 保土ヶ谷線,3669,3597,154.0,1066.94,8e-06,0
2326,line,2388,秦浜線 / 下沖線,3609,1882,66.0,137.18,0.000145,0
2327,line,2389,秦浜線 / 下沖線,3608,3640,275.0,5715.77,3e-06,0
2328,line,2391,相模川線 / 海老名西線,1882,3535,66.0,274.36,1.2e-05,0
2329,line,2392,富士フィルムBI海老名線,1882,1883,66.0,137.18,4.8e-05,1
2330,line,2393,秦浜線 / 相模川線 / 海老名西線,1882,3641,66.0,274.36,3.1e-05,0
2331,line,2394,横瀬線;大和線,3656,1925,66.0,274.36,6.1e-05,0
2332,line,2395,長沼線;高幡線,3930,1884,66.0,137.18,0.000128,0
2333,line,2396,長沼線;高幡線,1884,1885,66.0,137.18,7.3e-05,0
2334,line,2397,京王長沼線,1884,3982,66.0,68.59,3e-06,1
2335,line,2398,高幡線,1885,1986,66.0,137.18,4.4e-05,0
2336,line,2399,小比企線,1885,3978,66.0,137.18,3.9e-05,0
2337,line,2400,長沼線;西平山線,1885,2133,66.0,274.36,2.7e-05,0
2338,line,2401,麻溝線;大沼線,3974,2258,66.0,205.77,6e-05,0
2339,line,2402,宇宙研線,3974,2270,66.0,205.77,4.6e-05,1
2340,line,2403,荻野線,3942,2247,66.0,137.18,9.1e-05,1
2341,line,2404,愛川線,3942,2248,66.0,137.18,0.000124,1
2342,line,2405,佐久間東幹線,1886,2135,275.0,1905.26,1e-06,0
2343,line,2406,佐久間東幹線 東富士分岐線,1886,1921,275.0,1905.26,3e-06,0
2344,line,2407,港北線,3546,3549,275.0,1905.26,1e-06,0
2345,line,2408,港北線,3549,3939,275.0,1905.26,1e-06,0
2346,line,2409,港北線,3939,3550,275.0,1905.26,3e-06,0
2347,line,2410,北旭線,1887,1902,154.0,533.47,0.0,0
2348,line,2411,北島線,1887,3582,154.0,533.47,9e-06,0
2349,line,2412,橋本線,3799,3547,154.0,1066.94,2e-05,0
2350,line,2413,橋本線,3547,3940,154.0,1066.94,4e-06,0
2351,line,2414,桜ヶ丘線,3555,3593,154.0,1066.94,1.7e-05,0
2352,line,2415,桜ヶ丘線; 長峰線,3556,3554,66.0,68.59,5.1e-05,0
2353,line,2416,leadin,3588,1906,66.0,205.77,8e-06,1
2354,line,2417,小平線,3588,3589,66.0,274.36,2.2e-05,1
2355,line,2418,新鶴見 - 大船線,4073,4338,66.0,411.54,5e-06,0
2356,line,2419,市場線,4338,2279,66.0,137.18,2.2e-05,0
2357,line,2420,寺尾線 / 北の台連絡線,4528,4529,66.0,274.36,1.1e-05,1
2358,line,2421,保土ヶ谷線 / 妙蓮寺線,3938,1888,66.0,274.36,5e-05,0
2359,line,2422,保土ヶ谷線 / 妙蓮寺線,1888,3738,66.0,274.36,5.6e-05,0
2360,line,2423,市沢変電所~京換 39号線,1888,3746,66.0,137.18,9.6e-05,0
2361,line,2424,京換 39号~保土ヶ谷変電所線,1888,2239,66.0,205.77,5.2e-05,1
2362,line,2425,本牧線 / 保土ヶ谷線,3738,1993,66.0,274.36,4.9e-05,1
2363,line,2426,本牧線 / 妙蓮寺線,3738,1994,66.0,274.36,2.2e-05,0
2364,line,2427,弘明寺線,3738,3732,66.0,137.18,0.000122,1
2365,line,2428,相武線,3534,2235,66.0,137.18,4.7e-05,0
2366,line,2429,横浜火力北線 / 妙蓮寺線,3600,3672,66.0,68.59,4.1e-05,0
2367,line,2430,横浜火力南線 / 子安線,3600,3596,66.0,68.59,0.000247,0
2368,line,2431,横浜火力北線 / 妙蓮寺線,3599,3671,154.0,1066.94,2e-06,0
2369,line,2432,横浜火力南線 / 子安線,3599,3595,154.0,1066.94,1.1e-05,0
2370,line,2433,中綾線;綾瀬線,3643,3700,66.0,274.36,2.5e-05,0
2371,line,2434,秦浜線;中綾線;綾瀬線,3643,3641,66.0,68.59,0.000171,0
2372,line,2435,サントリー綾瀬線,3700,2011,66.0,137.18,1e-05,1
2373,line,2436,leadin,3700,2010,66.0,205.77,1.9e-05,1
2374,line,2437,東京送電線_113,3564,2244,66.0,68.59,9.7e-05,1
2375,line,2438,東京電力パワーグリッド 66.0kV線,3564,2082,66.0,137.18,0.000168,1
2376,line,2439,東京電力パワーグリッド 66.0kV線,1889,1890,66.0,68.59,6.3e-05,1
2377,line,2440,東京電力パワーグリッド 66.0kV線,1890,1938,66.0,68.59,4.2e-05,1
2378,line,2441,中野台二丁目変電所~富士川第一変電所線,1890,2140,66.0,68.59,0.00074,1
2379,line,2442,田代幹線,1891,1892,154.0,533.47,8.2e-05,1
2380,line,2443,早一線,1891,2025,154.0,533.47,1.3e-05,1
2381,line,2444,田代幹線,1891,1931,154.0,533.47,0.0003,1
2382,line,2445,市川大門線,3807,1893,66.0,68.59,0.00024,0
2383,line,2446,市川大門線,3807,3566,66.0,68.59,0.000216,0
2384,line,2447,市川大門線,1893,3830,66.0,68.59,0.000324,0
2385,line,2448,堀之内町変電所~乙黒変電所線,1893,2130,66.0,68.59,0.000232,0
2386,line,2449,釜無白根変電所~市川大門線,3830,2044,66.0,137.18,0.000518,0
2387,line,2450,東京電力パワーグリッド 66.0kV線,3830,2132,66.0,68.59,0.000215,1
2388,line,2451,市川大門線,3566,3709,66.0,68.59,0.000275,0
2389,line,2452,namebind,3566,3720,66.0,137.18,0.000217,0
2390,line,2453,天竜南線,1894,1895,154.0,533.47,0.000112,0
2391,line,2454,東海高下線（建設中）,1894,2259,154.0,266.74,0.000499,1
2392,line,2455,東海高下線、天竜南線,1894,2138,154.0,533.47,2.7e-05,0
2393,line,2456,天竜南線,1895,2043,154.0,266.74,2.7e-05,0
2394,line,2457,山梨線 (Yamanashi Sen),1895,3708,154.0,266.74,3.9e-05,0
2395,line,2458,飯田町線,3803,3709,66.0,68.59,0.000413,0
2396,line,2459,釜無白根変電所~飯田町変電所線,3803,1901,66.0,68.59,0.000549,0
2397,line,2460,飯田町変電所~東京電力パワーグリッド株式会社武田変電所線,3803,2207,66.0,68.59,0.001062,1
2398,line,2461,勝沼変電所~山梨変電所 (Yamanashi Hendensho)線,3709,1896,66.0,68.59,0.000136,0
2399,line,2462,東京電力パワーグリッド株式会社武田変電所~山梨変電所 (Yamanashi Hendensho)線,3865,1896,66.0,68.59,0.000551,1
2400,line,2463,勝沼変電所~山梨変電所 (Yamanashi Hendensho)線,1896,3721,66.0,68.59,0.000458,0
2401,line,2464,leadin,1897,3775,66.0,68.59,0.000118,1
2402,line,2465,村山線,3683,3776,66.0,137.18,2.5e-05,0
2403,line,2466,拝島線,3683,3568,66.0,205.77,7e-05,0
2404,line,2467,namebind,3568,3776,66.0,137.18,0.000153,0
2405,line,2468,厚木北線;海老名西線,3933,3408,66.0,274.36,8e-06,0
2406,line,2469,leadin,3408,3822,66.0,68.59,3.4e-05,1
2407,line,2470,東秦野線;善波線,1898,3825,154.0,1066.94,5e-06,0
2408,line,2471,湘南北線,1899,1900,66.0,137.18,6e-06,0
2409,line,2472,東秦野線;善波線,1899,3826,66.0,137.18,5.4e-05,0
2410,line,2473,湘南北線,1900,1967,66.0,68.59,0.000135,0
2411,line,2474,東秦野線;善波線,3826,1944,66.0,137.18,0.000294,0
2412,line,2475,namebind,1901,3720,66.0,68.59,0.000459,0
2413,line,2476,釜無白根変電所~若宮一丁目変電所線,1901,3713,66.0,68.59,0.000658,1
2414,line,2477,釜無白根変電所~韮崎市変電所線,3708,2027,154.0,266.74,0.000354,1
2415,line,2478,御坂線,3708,3619,154.0,533.47,0.000177,0
2416,line,2479,韮崎市変電所~若宮一丁目変電所線,3713,3843,66.0,68.59,0.000439,1
2417,line,2480,青梅線,3574,3428,275.0,1905.26,2.2e-05,0
2418,line,2481,青梅線（廃線）,3574,3875,275.0,1905.26,2.8e-05,0
2419,line,2482,豊岡線;上ノ原線,3428,3575,275.0,1905.26,1.1e-05,0
2420,line,2483,北旭線 / 浜岡線,1902,1903,154.0,1066.94,5e-06,0
2421,line,2484,北浜線 / 浜岡線,1902,3581,154.0,1066.94,1.6e-05,0
2422,line,2485,leadin,1903,3532,154.0,266.74,1.4e-05,1
2423,line,2486,北浜線 / 浜岡線,3581,3767,154.0,1066.94,1.5e-05,0
2424,line,2487,南横浜火力線 / 磯子火力線,3693,3888,154.0,1066.94,1.2e-05,1
2425,line,2488,南横浜火力線 / 磯子火力線,3888,3764,154.0,1066.94,4e-06,1
2426,line,2489,南横浜火力線 / 磯子火力線,3764,3471,154.0,1066.94,2.2e-05,0
2427,line,2490,戸岩線,3472,1904,66.0,274.36,7e-05,0
2428,line,2491,香川線;戸六線,3472,3662,66.0,274.36,0.000137,0
2429,line,2492,大和線;高倉線,3472,1968,66.0,274.36,0.000123,0
2430,line,2493,南横浜火力線;磯子火力線;吉田線,3472,2236,66.0,68.59,0.000338,1
2431,line,2494,本牧線 / 妙蓮寺線,3472,1994,66.0,548.71,6.8e-05,0
2432,line,2495,東京電力パワーグリッド 66.0kV線,1904,2275,66.0,137.18,1e-06,1
2433,line,2496,戸岩線,1904,1905,66.0,274.36,5e-06,0
2434,line,2497,戸岩線,1905,3892,66.0,274.36,3.3e-05,0
2435,line,2498,JR大船線,1905,3673,66.0,137.18,0.000101,0
2436,line,2499,戸岩線,3892,3900,66.0,274.36,1.5e-05,0
2437,line,2500,鎌倉線;片瀬線,3900,3699,66.0,274.36,9e-05,1
2438,line,2501,北鎌倉線,3900,3415,66.0,137.18,0.000151,0
2439,line,2502,武蔵赤坂線,3638,3413,154.0,800.21,7e-06,0
2440,line,2503,狭山線,3638,3496,154.0,533.47,4.4e-05,0
2441,line,2504,旭ヶ丘線,3638,1949,154.0,533.47,1e-05,0
2442,line,2505,新座線 / 下清戸線,3637,3585,275.0,3810.51,1e-05,0
2443,line,2506,新座線 / 狭山線,3637,3412,275.0,3810.51,2e-06,0
2444,line,2507,膝折線(武蔵野),3926,3587,66.0,137.18,0.000113,0
2445,line,2508,朝霞線,3926,2233,66.0,137.18,6.3e-05,0
2446,line,2509,朝霞線(武蔵野),3926,2145,66.0,137.18,9.1e-05,0
2447,line,2510,膝折線,3587,1915,66.0,137.18,3.3e-05,0
2448,line,2511,高幡不動変電所~聖蹟桜ヶ丘変電所線,1907,1908,66.0,68.59,2.7e-05,0
2449,line,2512,leadin,1907,3592,66.0,68.59,0.000102,1
2450,line,2513,leadin,1908,3966,66.0,68.59,8.9e-05,1
2451,line,2514,境八王子線;貝取線,3735,2003,66.0,342.95,3.5e-05,0
2452,line,2515,飯能線,1909,3429,66.0,68.59,7.2e-05,0
2453,line,2516,飯能線,1909,3884,66.0,137.18,0.000228,0
2454,line,2517,今井線,1909,1973,66.0,68.59,2.3e-05,0
2455,line,2518,飯能線,3884,3688,66.0,137.18,1.9e-05,0
2456,line,2519,高麗川線,3688,3885,66.0,137.18,0.000119,0
2457,line,2520,羽村台線,3712,3856,66.0,137.18,1.5e-05,1
2458,line,2521,昭島線;福生線,3712,1910,66.0,274.36,4.5e-05,0
2459,line,2522,昭島線;福生線,3712,2154,66.0,274.36,3.3e-05,0
2460,line,2523,leadin,1910,4013,66.0,68.59,0.000184,1
2461,line,2524,新多摩線,3601,3614,500.0,6928.2,2.3e-05,0
2462,line,2525,新秩父線,3601,4613,500.0,6928.2,2.8e-05,0
2463,line,2526,新所沢線,3601,4578,500.0,6928.2,1.9e-05,0
2464,line,2527,新秦野線,3614,3620,500.0,6928.2,1.5e-05,0
2465,line,2528,犬目線,1911,1971,66.0,137.18,7e-06,0
2466,line,2529,秋留線;青梅南多摩線,1911,3881,66.0,274.36,1.6e-05,0
2467,line,2530,秋留線;青梅南多摩線,1911,3605,66.0,274.36,0.000108,0
2468,line,2531,秋留線;青梅南多摩線,3605,1912,66.0,274.36,7.8e-05,0
2469,line,2532,大久野線;秋川線,3605,3878,66.0,274.36,0.000109,0
2470,line,2533,秋留線;青梅南多摩線,1912,3659,66.0,274.36,3.1e-05,0
2471,line,2534,二ツ塚処分場線,1912,2217,66.0,205.77,0.000117,1
2472,line,2535,水野線 / 東大和線 / 膝折線,1913,1946,66.0,411.54,3e-06,0
2473,line,2536,膝折線,1913,3739,66.0,137.18,3.2e-05,0
2474,line,2537,水野線 / 東大和線,1913,3676,66.0,274.36,3.7e-05,0
2475,line,2538,膝折線,3739,1914,66.0,137.18,0.000128,0
2476,line,2539,膝折線,1914,4018,66.0,137.18,0.000101,0
2477,line,2540,中富線;松郷線,1914,3991,66.0,137.18,0.000123,0
2478,line,2541,膝折線,4018,1915,66.0,137.18,9e-05,0
2479,line,2542,富士見線,1915,1992,66.0,137.18,6.9e-05,0
2480,line,2543,岡部境線（前－境）,4649,1916,154.0,533.47,1.6e-05,0
2481,line,2544,岡部前久保線（岡－前）,4649,4651,154.0,533.47,0.000246,0
2482,line,2545,岡部境線（前－境）,1916,1917,154.0,533.47,0.000104,0
2483,line,2546,中東京信濃川線,1916,4576,154.0,533.47,2.1e-05,0
2484,line,2547,狭山線,1917,3723,154.0,533.47,3e-06,0
2485,line,2548,岡部境線（前－境）,1917,3985,154.0,533.47,9.7e-05,0
2486,line,2549,狭山線,1917,3569,154.0,533.47,1.7e-05,0
2487,line,2550,leadin,1918,3664,154.0,266.74,1.7e-05,1
2488,line,2551,湘南線 / 東秦野線,1918,3648,154.0,1066.94,1e-05,0
2489,line,2552,藤沢線;湘南東線,3648,3646,154.0,1066.94,3.6e-05,0
2490,line,2555,leadin,3746,3872,66.0,68.59,8e-06,1
2491,line,2556,市沢線,3746,3862,66.0,137.18,3.5e-05,0
2492,line,2557,東山梨変電所~山中湖村変電所線,3620,2065,500.0,13856.41,6e-06,0
2493,line,2558,西群馬幹線,3618,1970,500.0,6928.2,4.2e-05,0
2494,line,2559,東山梨変電所~山中湖村変電所線,3618,2065,500.0,6928.2,5e-06,0
2495,line,2560,葛野川線,3618,3768,500.0,6928.2,1.1e-05,1
2496,line,2561,佐久間東幹線 東富士分岐線,1921,3621,275.0,3810.51,5e-06,0
2497,line,2562,佐久間東幹線 東富士分岐線,1921,2135,275.0,1905.26,4e-06,0
2498,line,2563,東富士線;富士岡線,3623,3852,66.0,68.59,7.8e-05,0
2499,line,2564,東富士線;富士岡線,3852,1922,66.0,68.59,0.000122,0
2500,line,2565,namebind,3852,2096,66.0,68.59,0.000401,0
2501,line,2566,東富士線;富士岡線,1922,1923,66.0,68.59,0.000585,0
2502,line,2567,小山連絡線,1922,2153,66.0,205.77,9.2e-05,1
2503,line,2568,東富士線;富士岡線,1923,3680,66.0,68.59,0.000235,0
2504,line,2569,御殿場線,1923,3748,66.0,137.18,1.8e-05,1
2505,line,2570,東富士線;富士岡線,3680,3848,66.0,274.36,7.4e-05,0
2506,line,2571,東富士線;富士岡線,3622,3851,154.0,1600.41,2e-06,0
2507,line,2572,田代幹線,3622,1945,154.0,533.47,6.6e-05,0
2508,line,2573,田代幹線,3622,1996,154.0,533.47,0.000233,0
2509,line,2574,新富士変電所~小山町変電所線,3622,1924,154.0,1066.94,2e-05,0
2510,line,2575,山中湖村変電所~新富士変電所線,3622,3710,154.0,533.47,7.3e-05,0
2511,line,2576,東富士線;富士岡線,3851,3679,154.0,1600.41,2.7e-05,0
2512,line,2577,東富士線;富士岡線,3679,3847,154.0,1600.41,9e-06,0
2513,line,2578,小山町変電所~北駿変電所線,1924,3711,154.0,266.74,0.000263,0
2514,line,2579,小山町変電所~西相模変電所線,1924,3714,154.0,533.47,0.000107,0
2515,line,2580,北駿変電所~函南町変電所線,3711,2016,154.0,266.74,0.000138,0
2516,line,2581,横瀬線;大和線,1925,3631,66.0,274.36,3.1e-05,0
2517,line,2582,八ツ沢線,1926,1927,66.0,137.18,0.000189,0
2518,line,2583,八ツ沢線,1926,3897,66.0,137.18,2.8e-05,0
2519,line,2584,城山線・GLP相模原線,1926,3956,66.0,68.59,7e-05,0
2520,line,2585,八ツ沢線,1927,3860,66.0,137.18,6e-05,0
2521,line,2586,宮ヶ瀬線,1927,5359,66.0,137.18,0.00029,0
2522,line,2587,南狭山線 / 笠幡線,4917,1928,66.0,68.59,0.000248,0
2523,line,2588,旭ヶ丘線 / 日高線,1928,4577,66.0,68.59,0.000376,0
2524,line,2589,南狭山線 / 日高線,1928,3730,66.0,68.59,8.6e-05,0
2525,line,2590,旭ヶ丘線 / 的場線,1928,4846,66.0,137.18,0.000222,1
2526,line,2591,南狭山線 / 笠幡線,4916,3729,275.0,3810.51,4e-06,0
2527,line,2592,南川越変電所~笠幡変電所線,4916,3495,275.0,952.63,4.2e-05,0
2528,line,2593,南狭山線,4916,4573,275.0,1905.26,3e-06,0
2529,line,2594,東京送電線_237,4577,2808,66.0,137.18,2e-05,1
2530,line,2595,太平洋セメント線 / 高麗川線,4577,4814,66.0,274.36,1.4e-05,0
2531,line,2596,武州線,4577,4579,66.0,137.18,2.4e-05,0
2532,line,2597,武蔵赤坂線,4576,1947,154.0,533.47,4.7e-05,0
2533,line,2598,旭ヶ丘線 / 日高線,4576,1948,154.0,1066.94,2.4e-05,0
2534,line,2599,奥秩父線,4576,3874,154.0,533.47,0.000175,0
2535,line,2600,浅間上町変電所~横割四丁目変電所線,1929,3832,66.0,137.18,0.000148,0
2536,line,2601,東京電力駿河変電所~浅間上町変電所線,1929,3629,66.0,274.36,5.5e-05,0
2537,line,2602,東京電力パワーグリッド 66.0kV線,1929,1936,66.0,205.77,0.000124,1
2538,line,2603,鈴川線,3629,1930,66.0,68.59,0.000172,0
2539,line,2604,東京電力駿河変電所~浅間上町変電所線,3629,3833,66.0,68.59,9e-05,1
2540,line,2605,愛鷹線,3629,1932,66.0,68.59,0.000609,0
2541,line,2606,鈴川線,1930,1935,66.0,68.59,4.3e-05,0
2542,line,2607,東京電力パワーグリッド 66.0kV線,1930,2141,66.0,137.18,1.9e-05,1
2543,line,2608,田代幹線,3628,1931,154.0,266.74,0.000155,0
2544,line,2609,愛鷹線,3628,3681,154.0,1066.94,7.4e-05,0
2545,line,2610,田代幹線,3628,1995,154.0,266.74,4.8e-05,0
2546,line,2611,岳南線,3628,3835,154.0,266.74,4.1e-05,0
2547,line,2612,田代幹線,1931,1996,154.0,533.47,5e-06,0
2548,line,2613,富士川線,3658,1995,154.0,533.47,0.000243,0
2549,line,2614,愛鷹線,1932,1933,66.0,68.59,0.000488,0
2550,line,2615,須津線,1932,4007,66.0,137.18,9.5e-05,1
2551,line,2616,愛鷹線,1933,1934,66.0,68.59,0.000229,0
2552,line,2617,原線,1933,2015,66.0,137.18,8.9e-05,1
2553,line,2618,愛鷹線,1934,3682,66.0,68.59,0.000366,0
2554,line,2619,中沢田変電所~小諏訪変電所線,1934,2017,66.0,137.18,5.1e-05,1
2555,line,2620,沼津市変電所~駿東変電所線,3682,2041,66.0,274.36,3.5e-05,0
2556,line,2621,深良線;JR三島線,3682,3948,66.0,274.36,2.8e-05,0
2557,line,2622,田方線,3681,3947,154.0,266.74,2.6e-05,0
2558,line,2623,東富士線,3681,3847,154.0,1600.41,4.2e-05,0
2559,line,2624,namebind,1935,3844,66.0,68.59,0.000238,0
2560,line,2625,鈴川線,1935,2142,66.0,274.36,2.4e-05,0
2561,line,2627,東京電力パワーグリッド 66.0kV線,1936,1937,66.0,68.59,0.000217,1
2562,line,2628,浅間上町変電所~中島町変電所線,1936,2081,66.0,68.59,3e-05,1
2563,line,2629,leadin,1937,3820,66.0,68.59,0.000163,1
2564,line,2630,東京電力パワーグリッド 66.0kV線,1937,1938,66.0,137.18,0.000178,1
2565,line,2631,東京送電線_13,1938,1939,66.0,68.59,0.000156,1
2566,line,2632,leadin,1940,3749,275.0,952.63,5e-06,1
2567,line,2633,湘南茅ヶ崎線;渋田川線,3649,1941,66.0,274.36,4.6e-05,0
2568,line,2634,遠藤線,3649,1964,66.0,274.36,8e-05,0
2569,line,2635,西湘線,3649,1959,66.0,137.18,9.9e-05,0
2570,line,2636,平塚線; 二宮線,3649,1958,66.0,274.36,3.3e-05,0
2571,line,2637,湘南北線,3649,1967,66.0,274.36,7e-05,0
2572,line,2638,馬入線,3411,3707,66.0,137.18,1.8e-05,1
2573,line,2639,馬入線,3411,1951,66.0,137.18,7.1e-05,1
2574,line,2640,東京送電線_15,3707,5366,66.0,68.59,5.9e-05,1
2575,line,2641,馬入線,1941,1951,66.0,137.18,3.2e-05,0
2576,line,2642,湘南茅ヶ崎線;渋田川線,1941,3963,66.0,274.36,1.9e-05,0
2577,line,2643,小海町変電所~韮崎市変電所線,1942,5360,154.0,533.47,0.000115,1
2578,line,2644,小海町変電所~韮崎市変電所線,5360,1943,154.0,533.47,0.000361,1
2579,line,2645,東京電力パワーグリッド 154.0kV線,1943,2115,154.0,266.74,2.3e-05,1
2580,line,2646,東京電力パワーグリッド 154.0kV線,1943,2027,154.0,266.74,1e-05,1
2581,line,2647,秦野変電所~新町変電所線,4033,3850,66.0,68.59,0.000122,0
2582,line,2648,善波線,4033,1944,66.0,137.18,0.000131,0
2583,line,2649,鶴巻線,1944,3809,66.0,68.59,0.00023,0
2584,line,2650,新富士変電所~小田急電鉄 松田変電所線,1945,3714,154.0,266.74,0.00018,0
2585,line,2651,田代幹線,1945,3853,154.0,800.21,6.8e-05,0
2586,line,2652,狭山線,3635,3569,154.0,533.47,3.4e-05,0
2587,line,2653,新座線 / 狭山線 / 脇田線,3635,3413,154.0,266.74,1.6e-05,0
2588,line,2654,新座線 / 狭山線 / 脇田線,3634,3412,275.0,5715.77,1e-06,0
2589,line,2655,西南川越線（只見幹線）,3634,3495,275.0,1905.26,1.3e-05,0
2590,line,2656,南狭山線 / 日高線,3634,3651,275.0,3810.51,4e-06,0
2591,line,2657,水野線 / 東大和線 / 川越線 / 膝折線,3636,1946,66.0,548.71,1e-05,0
2592,line,2658,新座線 / 狭山線 / 脇田線,3636,3414,66.0,68.59,9.1e-05,0
2593,line,2659,南狭山線 / 日高線,3636,3653,66.0,68.59,0.00031,0
2594,line,2660,川越線,1946,3414,66.0,137.18,5.3e-05,0
2595,line,2661,休止線,1947,2234,275.0,1066.94,1e-06,0
2596,line,2662,武蔵赤坂線,1947,3652,154.0,533.47,2.4e-05,0
2597,line,2663,休止線,1947,1948,154.0,533.47,1e-05,0
2598,line,2664,武蔵赤坂線,3652,3413,154.0,533.47,2.9e-05,0
2599,line,2665,川越線;脇田線,3414,3690,66.0,274.36,0.000102,0
2600,line,2666,京北線 / 脇田線,3690,2214,66.0,68.59,2.6e-05,0
2601,line,2667,京北線 / 三芳線,3690,1989,66.0,68.59,0.00024,0
2602,line,2668,群馬幹線;脇田線,3690,1991,66.0,68.59,0.000157,0
2603,line,2669,川越線,3690,4931,66.0,137.18,6.2e-05,0
2604,line,2670,志木線,3496,3639,154.0,533.47,3.5e-05,0
2605,line,2671,群馬幹線;京北線,3496,3689,154.0,1066.94,4e-06,0
2606,line,2672,旭ヶ丘線,1948,3953,154.0,533.47,2.3e-05,0
2607,line,2673,旭ヶ丘線,3953,1949,154.0,1066.94,1.8e-05,0
2608,line,2674,leadin,1949,4031,154.0,266.74,7e-06,1
2609,line,2675,坂戸川越線（只見幹線）,3495,4922,275.0,1905.26,8e-06,0
2610,line,2676,志木線,3639,3736,154.0,533.47,2.1e-05,0
2611,line,2677,志木線,3736,3960,154.0,533.47,3.5e-05,0
2612,line,2678,志木線,3960,3929,154.0,533.47,7e-06,0
2613,line,2679,志木線,3929,1950,154.0,533.47,1.1e-05,0
2614,line,2680,京北線 / 新倉線,1950,3903,154.0,1066.94,3e-06,0
2615,line,2681,京北線 / 白幡線,1950,4154,154.0,1066.94,4.1e-05,0
2616,line,2682,志木線 / 新倉線,1950,2148,154.0,1066.94,1.6e-05,0
2617,line,2683,leadin,1951,3963,66.0,137.18,6e-05,0
2618,line,2684,用田線 (Youda-sen),3641,3837,66.0,274.36,0.000113,0
2619,line,2685,秦浜線;中綾線;綾瀬線,3640,1960,275.0,5715.77,0.0,0
2620,line,2686,東京送電線_16,1952,1953,66.0,205.77,1e-06,1
2621,line,2687,飯山線,1952,1954,66.0,137.18,1.7e-05,1
2622,line,2688,東京送電線_17,1954,1955,66.0,137.18,2e-06,1
2623,line,2689,飯山線,1954,3935,66.0,274.36,5.5e-05,1
2624,line,2690,七沢線,3935,2276,66.0,137.18,0.00021,1
2625,line,2691,"東京南線3,4号線",4534,4229,275.0,3810.51,5e-06,0
2626,line,2692,"東京南線3,4号線",4229,3755,275.0,3810.51,1.1e-05,0
2627,line,2693,"東京南線3,4号線",3755,1956,275.0,1905.26,1.5e-05,0
2628,line,2694,"東京南線1,2号線",3755,3763,275.0,1905.26,1.7e-05,0
2629,line,2695,leadin,1956,3766,275.0,952.63,3e-06,1
2630,line,2696,"東京南線3,4号線",1956,3763,275.0,1905.26,1e-06,0
2631,line,2697,"東京南線3,4号線",3763,3583,275.0,3810.51,5e-06,0
2632,line,2698,"東京南線3,4号線",3583,3562,275.0,3810.51,5e-06,0
2633,line,2699,秦浜線,3562,3642,275.0,1905.26,1.4e-05,0
2634,line,2700,leadin,1957,3962,66.0,68.59,0.000128,1
2635,line,2701,新鶴見 - 大船線,1957,3673,66.0,137.18,0.000719,0
2636,line,2702,JR大船田浦線,3673,3655,66.0,137.18,0.000205,0
2637,line,2703,北浜線 / 浜岡線,3563,3613,154.0,1066.94,1.8e-05,0
2638,line,2704,南横浜火力線 / 戸塚線,3563,3471,154.0,1066.94,1.5e-05,0
2639,line,2705,北浜線 / 浜岡線,3613,3767,154.0,1066.94,1.3e-05,0
2640,line,2706,二宮線,1958,1959,66.0,137.18,2.2e-05,0
2641,line,2707,平塚線,1958,3742,66.0,274.36,4.9e-05,1
2642,line,2708,JR二宮線,1959,2055,66.0,137.18,0.000316,0
2643,line,2709,西湘線;二宮線,1959,2034,66.0,274.36,0.000148,0
2644,line,2710,遠藤線,3837,1962,66.0,137.18,0.000208,0
2645,line,2711,高倉線,3837,1968,66.0,137.18,9.8e-05,0
2646,line,2712,用田線 (Youda-sen),3837,3645,66.0,137.18,0.000164,0
2647,line,2713,綾瀬浄水場線,1960,1961,275.0,1905.26,0.0,1
2648,line,2714,秦浜線;中綾線;綾瀬線,1960,3642,275.0,5715.77,1e-06,0
2649,line,2715,namebind,3647,3650,66.0,548.71,4.3e-05,0
2650,line,2716,辻堂線,3647,3815,66.0,274.36,4.1e-05,1
2651,line,2717,湘南東線;日東化工線,3650,1966,66.0,137.18,1.8e-05,0
2652,line,2718,湘南茅ヶ崎線;渋田川線,3650,3963,66.0,274.36,2.4e-05,0
2653,line,2719,藤沢南口線,3645,1969,66.0,68.59,7.2e-05,1
2654,line,2720,香川線;戸六線,3645,3662,66.0,274.36,6.2e-05,0
2655,line,2721,遠藤線,1962,1963,66.0,137.18,0.0001,0
2656,line,2722,御所見線,1962,1981,66.0,68.59,0.00021,1
2657,line,2723,遠藤線,1963,1964,66.0,137.18,1.7e-05,0
2658,line,2724,水道寒川線,1963,3740,66.0,68.59,5.3e-05,1
2659,line,2725,湘南東線,1964,1974,66.0,137.18,3.6e-05,0
2660,line,2726,東陶線; 矢畑線,3650,1965,66.0,137.18,4.8e-05,1
2661,line,2727,東京送電線_19,1965,3827,66.0,137.18,8e-06,1
2662,line,2728,東陶線,1965,1975,66.0,68.59,0.000149,1
2663,line,2729,水道小雀線;西部水再生線,3662,1979,66.0,274.36,1.9e-05,1
2664,line,2730,アルバック線,1966,3963,66.0,137.18,4.6e-05,0
2665,line,2731,湘南東線;日東化工線,1966,1974,66.0,137.18,7e-05,0
2666,line,2732,leadin,3963,1974,66.0,137.18,6.4e-05,0
2667,line,2733,アルバック線,3963,3625,66.0,137.18,8.3e-05,1
2668,line,2734,鶴巻北一丁目変電所~伊勢原変電所線,1967,1984,66.0,68.59,0.000215,0
2669,line,2735,南狭山線 / 日高線,3730,3653,66.0,205.77,0.000109,0
2670,line,2736,藤沢南口線,1969,3745,66.0,68.59,9.2e-05,1
2671,line,2737,東京送電線_23,1969,2002,66.0,137.18,1.1e-05,1
2672,line,2738,藤沢線,3646,3644,154.0,533.47,1e-05,0
2673,line,2739,西群馬幹線,4552,1970,500.0,6928.2,3.7e-05,0
2674,line,2740,新吾妻線,4552,4584,500.0,13856.41,3e-06,0
2675,line,2741,東群馬幹線,4552,4631,500.0,6928.2,2.5e-05,0
2676,line,2742,新新潟幹線,4552,2689,500.0,13856.41,8e-06,1
2677,line,2743,神流川線,1970,2760,500.0,3464.1,1.1e-05,1
2678,line,2744,犬目線,1971,3882,66.0,137.18,6.4e-05,1
2679,line,2745,八王子連絡線,1971,2210,66.0,137.18,5.8e-05,0
2680,line,2746,大久野線;秋川線,3876,3878,66.0,411.54,4e-06,0
2681,line,2747,大久野線;秋川線,3876,1972,66.0,205.77,2.3e-05,0
2682,line,2748,大久野線;秋川線,1972,3879,66.0,205.77,2.2e-05,1
2683,line,2749,小峰線,1972,3668,66.0,137.18,0.000131,0
2684,line,2750,leadin,3879,2209,66.0,137.18,4.3e-05,1
2685,line,2751,豊岡線;上ノ原線,3429,1973,66.0,68.59,6.7e-05,0
2686,line,2752,昭島線;福生線;新町線,3429,2154,66.0,411.54,2.1e-05,0
2687,line,2753,青梅南多摩線,3429,3617,66.0,137.18,0.000102,0
2688,line,2754,豊岡線;上ノ原線,1973,3577,66.0,68.59,0.000462,0
2689,line,2755,坂戸川越線（只見幹線）,4568,4922,275.0,1905.26,8e-06,0
2690,line,2756,東京中線;川島町線,4568,4647,275.0,3810.51,3e-06,0
2691,line,2757,中井線,1976,1977,66.0,68.59,0.000335,1
2692,line,2758,中井線,1977,1978,66.0,68.59,0.000359,1
2693,line,2759,東京送電線_39,1977,2120,66.0,68.59,6.9e-05,1
2694,line,2760,西湘線; 二宮線,1978,2034,66.0,274.36,4e-06,0
2695,line,2761,西湘線,1978,2054,66.0,274.36,0.000158,0
2696,line,2762,水道小雀線,1979,1980,66.0,411.54,3e-05,1
2697,line,2763,西部水再生線,1979,3950,66.0,274.36,6.7e-05,1
2698,line,2764,日鉱倉見線,1981,1983,66.0,68.59,0.000127,1
2699,line,2765,キリン湘南線,1981,1982,66.0,137.18,1.3e-05,1
2700,line,2766,鶴巻線,1984,4035,66.0,68.59,7e-05,0
2701,line,2767,比々多線,1984,4034,66.0,68.59,7.8e-05,1
2702,line,2768,JR日野線,1985,3737,66.0,137.18,2.2e-05,1
2703,line,2769,高幡線,1985,1988,66.0,137.18,6.6e-05,0
2704,line,2770,府中線,1986,2050,275.0,457.26,7e-06,0
2705,line,2771,高幡線,1986,1987,66.0,137.18,1.7e-05,0
2706,line,2772,高幡線,1987,1988,66.0,137.18,1e-05,0
2707,line,2773,富士電機日野線,1987,3743,66.0,137.18,3e-06,0
2708,line,2774,台町日野線,1988,3743,66.0,137.18,5e-06,0
2709,line,2775,東大和線 / 所沢線,3676,2000,66.0,274.36,1.2e-05,0
2710,line,2776,leadin,3676,3971,66.0,68.59,6.5e-05,1
2711,line,2777,leadin,3676,3972,66.0,68.59,5e-05,1
2712,line,2778,水野線,3676,3654,66.0,137.18,0.000221,1
2713,line,2779,京北線 / 脇田線,3689,2215,154.0,1066.94,1e-06,0
2714,line,2780,群馬幹線;脇田線,3689,4923,154.0,1066.94,1.5e-05,0
2715,line,2781,京北線 / 三芳線,3689,4014,154.0,1066.94,3.1e-05,0
2716,line,2782,leadin,1989,3921,66.0,68.59,0.000267,1
2717,line,2783,京北線 / 三芳線,1989,1990,66.0,68.59,0.000221,0
2718,line,2784,leadin,1990,3968,66.0,68.59,0.000158,1
2719,line,2785,京北線 / 三芳線,1990,4015,66.0,137.18,0.000127,0
2720,line,2786,群馬幹線;脇田線,4570,4924,66.0,68.59,0.00038,0
2721,line,2787,東坂戸線;吉見線,4570,2641,66.0,274.36,3.6e-05,0
2722,line,2788,指扇線 / 川越線,4570,4913,66.0,274.36,9.5e-05,0
2723,line,2789,東京中線;川島町線,4570,4648,66.0,68.59,0.000296,0
2724,line,2790,群馬幹線;坂戸線,4570,4942,66.0,68.59,0.000165,0
2725,line,2791,群馬幹線;脇田線,4924,1991,66.0,68.59,0.000187,0
2726,line,2792,leadin,1991,4932,66.0,68.59,7e-05,1
2727,line,2793,群馬幹線;脇田線,4569,4923,154.0,1066.94,1.7e-05,0
2728,line,2794,群馬幹線;坂戸線,4569,4941,154.0,1066.94,7e-06,0
2729,line,2795,京急富岡線,3695,3694,66.0,137.18,1e-05,1
2730,line,2796,京北線 / 新倉線,1992,3919,66.0,68.59,0.000275,0
2731,line,2797,京北線 / 三芳線,1992,4015,66.0,68.59,0.000262,0
2732,line,2798,富士見線,1992,2255,66.0,137.18,3.9e-05,1
2733,line,2799,京北線 / 新倉線,3919,3904,66.0,68.59,4.5e-05,0
2734,line,2800,京北線 / 新倉線,3904,2146,66.0,137.18,0.000222,0
2735,line,2801,京北線 / 新倉線,3918,3903,154.0,1066.94,2e-06,0
2736,line,2802,京北線 / 三芳線,3918,4014,154.0,1066.94,2.3e-05,0
2737,line,2803,本牧線,1993,3731,66.0,137.18,5e-05,1
2738,line,2804,保土ヶ谷線,1993,3936,66.0,137.18,4.7e-05,1
2739,line,2805,namebind,1994,3747,66.0,137.18,5e-05,1
2740,line,2806,田代幹線,1995,1996,154.0,266.74,0.00011,0
2741,line,2808,小比企線,3978,3873,66.0,205.77,8e-06,0
2742,line,2809,八王子大月線（八王子ー上野原）,3978,2264,66.0,68.59,0.000219,0
2743,line,2810,片倉変電所~明神町変電所線,3873,3980,66.0,205.77,7e-06,0
2744,line,2811,片倉変電所~明神町変電所線,3873,3979,66.0,68.59,8.8e-05,1
2745,line,2812,小比企線,3873,3886,66.0,205.77,2.6e-05,0
2746,line,2813,小比企線,3886,1997,66.0,137.18,0.000113,0
2747,line,2814,片倉変電所~明神町変電所線,3886,3980,66.0,68.59,6.7e-05,0
2748,line,2815,小比企線,1997,3905,66.0,137.18,9.3e-05,1
2749,line,2816,東京電力パワーグリッド 66.0kV線,1997,3981,66.0,137.18,3.7e-05,0
2750,line,2817,東大和線 / 所沢線,1998,1999,66.0,274.36,6.1e-05,0
2751,line,2818,久米線,1998,3931,66.0,137.18,3.9e-05,1
2752,line,2819,東大和線 / 所沢線,1999,2000,66.0,274.36,1.2e-05,0
2753,line,2820,並木線,1999,3917,66.0,137.18,0.000113,1
2754,line,2821,leadin,2000,3915,66.0,68.59,4.5e-05,1
2755,line,2822,久米線,3931,3751,66.0,137.18,1.1e-05,1
2756,line,2823,高麗川線,4814,3722,66.0,137.18,0.000117,0
2757,line,2824,高麗川線,3722,2001,66.0,137.18,3.1e-05,0
2758,line,2825,高麗川線,2001,3885,66.0,137.18,8.1e-05,0
2759,line,2826,吾野線,2001,3816,66.0,137.18,0.000159,1
2760,line,2827,東京西線;由木線,3983,3696,275.0,1905.26,3e-06,0
2761,line,2828,東京西線;由木線,3696,2050,275.0,5715.77,3e-06,0
2762,line,2829,境八王子線,2003,3980,66.0,137.18,0.00035,0
2763,line,2830,八王子線,3883,2213,66.0,137.18,0.000111,0
2764,line,2831,八王子連絡線,3883,2210,66.0,137.18,8.2e-05,0
2765,line,2832,leadin,4165,3922,66.0,68.59,0.000252,1
2766,line,2833,leadin,4165,3923,66.0,68.59,0.000254,1
2767,line,2834,leadin,4165,4509,66.0,68.59,0.000117,1
2768,line,2835,大宮線,4165,2004,66.0,137.18,4.3e-05,0
2769,line,2836,芝川線,4165,2329,66.0,137.18,6.1e-05,0
2770,line,2837,leadin,2004,4045,66.0,68.59,7.7e-05,1
2771,line,2838,大宮線,2004,2005,66.0,137.18,0.000136,0
2772,line,2839,大宮線,2005,3858,66.0,137.18,2.4e-05,0
2773,line,2840,二度栗山線,2005,3800,66.0,205.77,2.8e-05,1
2774,line,2841,大宮線,3858,2006,66.0,137.18,3.1e-05,0
2775,line,2842,大宮線,2006,4615,66.0,137.18,6.4e-05,0
2776,line,2843,東京電力パワーグリッド 66.0kV線,2006,3801,66.0,137.18,2.9e-05,1
2777,line,2844,三橋線,4615,2625,66.0,137.18,5.5e-05,0
2778,line,2845,川越線,4931,4831,66.0,137.18,7.5e-05,0
2779,line,2846,指扇線,4831,2623,66.0,137.18,8.3e-05,0
2780,line,2847,指扇線 / 川越線,4831,4913,66.0,274.36,4.5e-05,0
2781,line,2848,指扇線,2007,2625,66.0,137.18,1e-05,0
2782,line,2849,植田谷線,2007,3920,66.0,137.18,0.000118,1
2783,line,2850,指扇線,2007,4911,66.0,137.18,9.3e-05,0
2784,line,2851,大久保浄水場線,3920,3838,66.0,137.18,3e-05,1
2785,line,2852,片瀬線,3699,2008,66.0,137.18,0.000125,1
2786,line,2853,片瀬線,2008,4021,66.0,137.18,2e-05,1
2787,line,2854,鵠沼線,2008,4022,66.0,137.18,3e-06,1
2788,line,2855,北鎌倉線,3655,3415,66.0,137.18,1.4e-05,0
2789,line,2856,JR大船田浦線,3655,4020,66.0,137.18,0.00011,0
2790,line,2857,北鎌倉線,3655,2009,66.0,137.18,2.8e-05,0
2791,line,2858,JR大船田浦線,4020,3756,66.0,274.36,1.6e-05,0
2792,line,2859,北鎌倉線,4020,2009,66.0,137.18,7.6e-05,0
2793,line,2860,JR逗子分岐,4020,3702,66.0,137.18,0.000152,1
2794,line,2861,JR大船田浦線,3756,3716,66.0,137.18,0.000117,0
2795,line,2862,貝山線,3756,2058,66.0,137.18,4.9e-05,0
2796,line,2863,大道線,3756,3761,66.0,137.18,5.7e-05,0
2797,line,2864,横須賀線,3716,3759,66.0,137.18,2.6e-05,1
2798,line,2865,田浦線;横須賀線,3716,3758,66.0,274.36,2.9e-05,0
2799,line,2866,桜山線,3716,3750,66.0,137.18,0.000157,1
2800,line,2867,田浦線;横須賀線,3716,3760,66.0,274.36,8e-06,0
2801,line,2868,中野町線,2009,2061,66.0,137.18,0.000159,0
2802,line,2869,熱海線,3701,2012,66.0,137.18,1.4e-05,1
2803,line,2870,leadin,2012,3788,66.0,68.59,0.000105,1
2804,line,2871,熱海線,2012,2013,66.0,137.18,0.000147,1
2805,line,2872,函南町変電所~土肥六丁目変電所線,2013,2024,66.0,68.59,0.000481,0
2806,line,2873,函南町変電所~土肥六丁目変電所線,2013,3778,66.0,68.59,8.3e-05,0
2807,line,2874,原線,2014,2015,66.0,137.18,6e-06,1
2808,line,2875,東京電力パワーグリッド 66.0kV線,2015,2019,66.0,68.59,3.8e-05,1
2809,line,2876,田方線,3947,2016,154.0,266.74,9e-05,0
2810,line,2877,田方線,2016,3703,154.0,1066.94,7.2e-05,0
2811,line,2878,中沢田変電所~小諏訪変電所線,2017,2018,66.0,137.18,8e-06,1
2812,line,2879,leadin,2017,4012,66.0,68.59,5.7e-05,1
2813,line,2880,leadin,2018,3859,66.0,68.59,6.1e-05,1
2814,line,2881,leadin,2018,4011,66.0,68.59,5.6e-05,1
2815,line,2882,中沢田変電所~小諏訪変電所線,2018,3780,66.0,137.18,8.3e-05,1
2816,line,2883,大-勝 線,3959,3705,66.0,137.18,0.00026,1
2817,line,2884,苗駒線,3705,2020,66.0,137.18,0.000795,0
2818,line,2885,苗駒線,3705,2021,66.0,137.18,9.7e-05,0
2819,line,2886,谷村線,3911,3770,66.0,137.18,0.000131,0
2820,line,2887,駒橋線,3911,3910,66.0,137.18,0.000169,0
2821,line,2888,東京電力パワーグリッド 66.0kV線,3770,3769,66.0,274.36,1.2e-05,0
2822,line,2889,勝沼変電所~山梨変電所 (Yamanashi Hendensho)線,2020,3721,66.0,68.59,0.00088,0
2823,line,2890,東京送電線_41,2020,2123,66.0,137.18,0.000219,1
2824,line,2891,東京電力パワーグリッド 66.0kV線,2021,2226,66.0,137.18,1e-05,1
2825,line,2892,三島変電所~函南町変電所線,2022,3706,66.0,137.18,0.000187,0
2826,line,2893,大仁線,2022,3970,66.0,137.18,0.000177,0
2827,line,2894,大仁線,2022,2029,66.0,137.18,2.8e-05,0
2828,line,2895,三島変電所~函南町変電所線,3706,2023,66.0,137.18,2.4e-05,0
2829,line,2896,三島変電所~函南町変電所線,2023,2024,66.0,137.18,0.000198,0
2830,line,2897,函南町変電所~須雲川変電所線,2023,2086,66.0,68.59,0.001285,0
2831,line,2898,田方線,2023,2091,66.0,68.59,0.000869,0
2832,line,2899,水口町二丁目変電所~函南町変電所線,2024,3831,66.0,137.18,0.000285,1
2833,line,2900,東海小形山線、谷村線,3771,3773,154.0,1066.94,1e-05,1
2834,line,2901,都留線,3771,2067,154.0,1066.94,0.000109,0
2835,line,2902,谷村線,3772,2026,66.0,274.36,1e-05,1
2836,line,2903,東海小形山線、谷村線,3772,2066,66.0,68.59,0.000138,0
2837,line,2904,"河口湖線,山中線",3772,3774,66.0,274.36,0.000137,1
2838,line,2905,東北電力ネットワーク 154.0kV線,2027,2136,154.0,266.74,9e-06,1
2839,line,2906,東京電力パワーグリッド 154.0kV線,3714,3944,154.0,533.47,2e-06,0
2840,line,2907,大仁線,2028,3970,66.0,137.18,0.000187,0
2841,line,2908,田方線,2028,3704,66.0,68.59,0.000192,0
2842,line,2909,田方線,2028,2091,66.0,68.59,0.0001,0
2843,line,2910,大仁線,2029,3791,66.0,137.18,0.000126,0
2844,line,2911,三島線,2029,3717,66.0,68.59,0.000194,0
2845,line,2912,大仁線,3791,3718,66.0,137.18,7.4e-05,0
2846,line,2913,玉川変電所~三島変電所線,3791,3717,66.0,68.59,0.000239,0
2847,line,2914,沼津市変電所~駿東変電所線,3718,2041,66.0,274.36,3e-05,0
2848,line,2915,大雄線,3715,3945,66.0,274.36,6e-06,0
2849,line,2916,箱根町変電所~西相模変電所線,3715,2088,66.0,274.36,0.000131,0
2850,line,2917,西湘線; 足柄線,3715,2117,66.0,274.36,4.9e-05,0
2851,line,2918,大雄線,3945,2030,66.0,274.36,3.4e-05,0
2852,line,2919,大雄線,2030,2031,66.0,274.36,6e-05,0
2853,line,2920,西相模変電所~中堀変電所線,2030,2037,66.0,68.59,0.000103,0
2854,line,2921,大雄線,2031,2032,66.0,274.36,4e-06,0
2855,line,2922,東京電力パワーグリッド 66.0kV線,2031,2116,66.0,68.59,1.9e-05,1
2856,line,2923,大雄線,2032,2033,66.0,274.36,7.7e-05,0
2857,line,2924,東京電力パワーグリッド 66.0kV線,2032,2119,66.0,68.59,7.9e-05,1
2858,line,2925,東京電力パワーグリッド 66.0kV線,2033,2224,66.0,68.59,8.9e-05,1
2859,line,2926,東京電力パワーグリッド 66.0kV線,2033,2092,66.0,68.59,8.6e-05,0
2860,line,2927,二宮線,2034,3898,66.0,137.18,4.8e-05,1
2861,line,2928,足柄線,2035,3810,66.0,68.59,8.8e-05,0
2862,line,2929,足柄線,2035,3753,66.0,68.59,2.8e-05,0
2863,line,2930,東京送電線_24,2035,2036,66.0,137.18,1.3e-05,1
2864,line,2931,足柄線,3829,3810,66.0,480.12,3e-06,0
2865,line,2932,西湘線; 足柄線,3829,2117,66.0,274.36,3.8e-05,0
2866,line,2933,松田線,3810,2037,66.0,137.18,0.000136,0
2867,line,2934,西湘線,3810,2051,66.0,274.36,2.5e-05,0
2868,line,2935,中堀線,3810,3954,66.0,137.18,0.000108,0
2869,line,2936,leadin,3753,2051,66.0,68.59,0.000148,0
2870,line,2937,松田線,2037,2038,66.0,137.18,0.00017,1
2871,line,2938,namebind,2037,3954,66.0,68.59,0.000218,0
2872,line,2939,東京送電線_38,2038,2118,66.0,137.18,5e-06,0
2873,line,2940,松田線,2038,4032,66.0,205.77,4.9e-05,1
2874,line,2941,伊豆市変電所~田方変電所線,2039,2040,66.0,137.18,0.000311,1
2875,line,2942,東京電力パワーグリッド 66.0kV線,2039,3782,66.0,68.59,0.000446,1
2876,line,2943,東京電力パワーグリッド 66.0kV線,2039,2078,66.0,68.59,0.001174,1
2877,line,2944,伊豆市変電所~田方変電所線,2040,3704,66.0,137.18,9.6e-05,1
2878,line,2945,梅木変電所~三福変電所線,2040,2085,66.0,68.59,0.000529,1
2879,line,2946,梅木変電所~三福変電所線,2040,3784,66.0,68.59,7e-05,1
2880,line,2947,伊東市変電所~田方変電所線,3704,2042,66.0,68.59,0.002025,1
2881,line,2948,namebind,2041,3948,66.0,137.18,0.000105,0
2882,line,2949,深良線,3948,3823,66.0,411.54,2.3e-05,0
2883,line,2950,東京電力パワーグリッド 66.0kV線,2042,3785,66.0,137.18,3.2e-05,1
2884,line,2951,奈良本変電所~伊東市変電所線,2042,3786,66.0,68.59,0.000473,1
2885,line,2952,天竜南線,2043,3565,154.0,266.74,1.3e-05,0
2886,line,2953,東京送電線_55,2043,2151,154.0,266.74,6e-06,0
2887,line,2954,天竜南線,3565,3719,154.0,266.74,8e-05,0
2888,line,2955,天竜東幹線,3719,3347,154.0,800.21,0.000102,1
2889,line,2956,釜無白根変電所~市川大門線,3720,2044,66.0,137.18,0.000187,0
2890,line,2957,東京送電線_128,2044,2260,66.0,68.59,1.2e-05,1
2891,line,2958,多摩川送電線,2045,3890,66.0,68.59,0.000503,1
2892,line,2959,奥多摩線,3890,3724,66.0,68.59,0.000392,1
2893,line,2960,GLP相模原線,4002,4001,66.0,274.36,6e-06,0
2894,line,2961,田名線,4002,3997,66.0,137.18,0.000163,0
2895,line,2962,GLP相模原線,4001,3956,66.0,137.18,0.000349,0
2896,line,2963,送電線,3887,2046,66.0,68.59,0.000129,1
2897,line,2964,JR古里線,2046,3889,66.0,137.18,0.000339,1
2898,line,2965,JR古里線,2046,3724,66.0,137.18,0.00012,1
2899,line,2966,JR古里線,3724,2221,66.0,137.18,5e-06,1
2900,line,2967,久里浜清掃線,4535,2415,66.0,137.18,3e-06,1
2901,line,2968,若松町線;大矢部線,4535,2047,66.0,274.36,3.1e-05,0
2902,line,2969,横須賀線;三崎線,4535,2274,66.0,274.36,0.000108,0
2903,line,2970,leadin,2047,4043,66.0,68.59,8.5e-05,1
2904,line,2971,若松町線;大矢部線,2047,4231,66.0,274.36,6.3e-05,0
2905,line,2972,岩戸線;京急久里浜線,4231,4542,66.0,137.18,3.5e-05,1
2906,line,2973,若松町線;大矢部線,4231,2048,66.0,274.36,7.9e-05,0
2907,line,2974,若松町線;大矢部線,2048,3757,66.0,274.36,3.6e-05,0
2908,line,2975,衣笠線,2048,4233,66.0,137.18,2.4e-05,1
2909,line,2976,若松町線;大矢部線,3757,3758,66.0,411.54,2.9e-05,0
2910,line,2977,横須賀線,3757,2124,66.0,137.18,2.4e-05,0
2911,line,2978,namebind,3757,2273,66.0,274.36,6.3e-05,0
2912,line,2979,子の神山線;若松町線,3758,4544,66.0,274.36,4.3e-05,1
2913,line,2980,leadin,3743,2049,66.0,205.77,1.8e-05,1
2914,line,2981,西湘線,2051,2052,66.0,274.36,4.6e-05,0
2915,line,2982,西湘線,2052,2053,66.0,274.36,3e-06,0
2916,line,2983,東京電力パワーグリッド 66.0kV線,2052,2122,66.0,137.18,6e-06,0
2917,line,2984,西湘線,2053,2054,66.0,274.36,2.9e-05,0
2918,line,2985,印刷局線,2053,2122,66.0,137.18,7e-06,0
2919,line,2986,東京電力パワーグリッド 66.0kV線,2054,3975,66.0,68.59,4.3e-05,0
2920,line,2987,JR二宮線,2055,3660,66.0,274.36,1e-05,1
2921,line,2988,JR 二宮-湯河原線,2055,2072,66.0,137.18,0.000744,0
2922,line,2989,黒部幹線,4557,4554,154.0,533.47,2e-06,0
2923,line,2990,奥秩父線,4557,3874,154.0,533.47,0.000128,0
2924,line,2991,八王子大月線（八王子ー上野原）,3981,2144,66.0,137.18,0.000309,0
2925,line,2992,寺田変電所~みなみ野変電所線,3981,3841,66.0,137.18,7e-06,0
2926,line,2993,東京電力パワーグリッド 66.0kV線,3981,2263,66.0,137.18,0.00012,1
2927,line,2994,三崎線,2057,3728,66.0,137.18,0.000194,1
2928,line,2995,長坂線,2057,3754,66.0,137.18,3e-05,1
2929,line,2996,三崎線,2057,2124,66.0,137.18,0.000156,1
2930,line,2997,三崎線,3728,4017,66.0,137.18,7.2e-05,1
2931,line,2998,三崎線,4017,3744,66.0,137.18,8.7e-05,1
2932,line,2999,長坂線,3754,3814,66.0,137.18,5e-06,1
2933,line,3000,leadin,3754,3425,66.0,68.59,1.3e-05,1
2934,line,3001,leadin,3814,3422,66.0,68.59,2.5e-05,1
2935,line,3002,leadin,3814,3423,66.0,68.59,2.2e-05,1
2936,line,3003,leadin,3814,3424,66.0,68.59,2e-05,1
2937,line,3004,leadin,3814,3813,66.0,68.59,1.8e-05,1
2938,line,3005,貝山線,2058,2059,66.0,137.18,8.8e-05,1
2939,line,3006,田浦線;横須賀線,2058,3760,66.0,274.36,1.6e-05,0
2940,line,3007,leadin,2059,3941,66.0,68.59,5.9e-05,1
2941,line,3008,貝山線,2059,4019,66.0,137.18,3e-05,1
2942,line,3009,大道線,3761,2060,66.0,137.18,3.4e-05,0
2943,line,3010,大道線,2060,3733,66.0,137.18,3.3e-05,0
2944,line,3011,京急瀬戸線,2060,3762,66.0,137.18,3.7e-05,1
2945,line,3012,金沢連絡線,3733,2061,66.0,137.18,9.3e-05,0
2946,line,3013,中野町線,2061,2062,66.0,137.18,3.5e-05,0
2947,line,3014,中野町線,2062,3765,66.0,137.18,0.000134,0
2948,line,3015,能見台線,2062,2063,66.0,137.18,6.3e-05,1
2949,line,3016,新榛名線,4613,4584,500.0,6928.2,3.9e-05,0
2950,line,3017,安曇幹線１号線,4613,2649,500.0,3464.1,2e-06,0
2951,line,3018,安曇幹線2号線,4613,5361,500.0,3464.1,0.000131,0
2952,line,3019,新岡部線;下児玉線,4613,4652,500.0,13856.41,1e-05,0
2953,line,3020,新所沢線,4572,4578,500.0,13856.41,0.0,0
2954,line,3021,新鶴ヶ島線,4572,4567,500.0,6928.2,4e-06,0
2955,line,3022,新古河線,4572,4811,500.0,6928.2,1.3e-05,0
2956,line,3023,西上武幹線,4578,4769,500.0,13856.41,1.3e-05,0
2957,line,3024,東京西線,2064,3880,275.0,1905.26,1.3e-05,0
2958,line,3025,東京西線;青梅線（廃線）,2064,3667,275.0,1905.26,6e-06,0
2959,line,3026,青梅線（廃線）,2064,3877,275.0,1905.26,4e-06,0
2960,line,3027,leadin,2065,3741,500.0,3464.1,1e-06,1
2961,line,3028,谷村線,3769,2066,66.0,137.18,0.000106,0
2962,line,3029,川茂線,2066,2228,66.0,137.18,2.6e-05,1
2963,line,3030,都留線,2067,3895,154.0,533.47,5.5e-05,0
2964,line,3031,相模湖線,2067,2143,154.0,533.47,1.9e-05,1
2965,line,3032,都留線,3895,3955,154.0,533.47,1.2e-05,0
2966,line,3033,東海鳥屋線（建設中）,3955,5358,154.0,533.47,5.1e-05,0
2967,line,3034,城山線,3955,2218,154.0,1066.94,1.1e-05,1
2968,line,3035,橋本西線,3955,3993,154.0,533.47,1.3e-05,0
2969,line,3036,河口湖線,2068,4016,66.0,137.18,5.7e-05,1
2970,line,3037,河口湖線,2068,2069,66.0,137.18,0.000212,1
2971,line,3038,河口湖線,2069,2070,66.0,137.18,4.4e-05,1
2972,line,3039,河口湖線,2069,2071,66.0,137.18,2.4e-05,1
2973,line,3040,JR 二宮-湯河原線,2072,2073,66.0,137.18,0.000233,0
2974,line,3041,JR小田原分岐線,2072,3777,66.0,137.18,7.5e-05,1
2975,line,3042,JR 二宮-湯河原線,2073,3677,66.0,137.18,0.000318,0
2976,line,3043,JR 根府川分岐線,2073,3674,66.0,137.18,5.8e-05,1
2977,line,3044,JR 湯河原-来宮線,3677,3409,66.0,137.18,5.1e-05,0
2978,line,3045,leadin,2074,3828,77.0,653.5,1.2e-05,1
2979,line,3046,東京電力パワーグリッド 66.0kV線,3674,2075,66.0,137.18,0.0,1
2980,line,3047,JR 湯河原-来宮線,3409,3778,66.0,137.18,2.3e-05,0
2981,line,3048,真鶴線,3778,2076,66.0,137.18,0.000565,0
2982,line,3049,JR 湯河原-来宮線,3778,3779,66.0,205.77,0.000386,1
2983,line,3050,早川線,2076,2109,66.0,137.18,2.1e-05,1
2984,line,3051,真鶴線;早川線,2076,2108,66.0,274.36,1.3e-05,0
2985,line,3053,東京電力パワーグリッド 66.0kV線,2077,2078,66.0,68.59,0.000699,1
2986,line,3054,東京電力パワーグリッド 66.0kV線,2078,3781,66.0,68.59,0.000208,1
2987,line,3055,東京電力パワーグリッド 66.0kV線,2079,3783,66.0,68.59,0.000348,1
2988,line,3056,東京電力パワーグリッド 66.0kV線,2079,2080,66.0,68.59,0.001204,1
2989,line,3057,安良里変電所~伊豆市変電所線,2079,3781,66.0,68.59,0.000655,1
2990,line,3058,浅間上町変電所~中島町変電所線,2081,2082,66.0,68.59,9.5e-05,0
2991,line,3059,中野台二丁目変電所~中島町変電所線,2081,2083,66.0,68.59,0.000124,0
2992,line,3060,中野台二丁目変電所~中島町変電所線,2082,2083,66.0,68.59,3.5e-05,0
2993,line,3061,東京送電線_29,2083,2084,66.0,68.59,1.3e-05,1
2994,line,3062,東京電力パワーグリッド 66.0kV線,3790,2222,66.0,68.59,3.2e-05,1
2995,line,3063,八代田変電所~梅木変電所線,3790,2085,66.0,68.59,0.000773,1
2996,line,3064,八代田変電所~伊東変電所線,3790,3789,66.0,68.59,0.000232,1
2997,line,3065,東京電力パワーグリッド 66.0kV線,2085,3787,66.0,137.18,2.5e-05,1
2998,line,3066,箱根町変電所~須雲川変電所線,3794,3792,66.0,68.59,0.000383,0
2999,line,3067,東京電力パワーグリッド 66.0kV線,3794,2087,66.0,137.18,0.000115,1
3000,line,3068,東京電力パワーグリッド 66.0kV線,3794,2089,66.0,68.59,0.000139,0
3001,line,3069,函南町変電所~須雲川変電所線,3792,2086,66.0,68.59,0.000162,0
3002,line,3070,元箱根線,2086,3808,66.0,137.18,7.6e-05,1
3003,line,3071,東京電力パワーグリッド 66.0kV線,2087,2137,66.0,68.59,2e-05,1
3004,line,3072,箱根町変電所~須雲川変電所線,2087,2110,66.0,137.18,0.000156,1
3005,line,3073,東京電力パワーグリッド 66.0kV線,2088,2089,66.0,68.59,1.8e-05,0
3006,line,3074,真鶴線,2088,2108,66.0,137.18,2.8e-05,0
3007,line,3075,早川線,2089,2108,66.0,137.18,2.1e-05,0
3008,line,3076,宇佐美変電所~立花二丁目変電所線,2090,2091,66.0,137.18,0.000411,1
3009,line,3077,東京電力パワーグリッド 66.0kV線,2090,3793,66.0,137.18,0.000128,1
3010,line,3078,東京電力パワーグリッド 66.0kV線,2090,2223,66.0,137.18,7.6e-05,1
3011,line,3079,東京電力パワーグリッド 66.0kV線,2092,2093,66.0,68.59,0.000254,0
3012,line,3080,東京電力パワーグリッド 66.0kV線,2092,2094,66.0,68.59,3.2e-05,1
3013,line,3081,東京電力パワーグリッド 66.0kV線,2093,2097,66.0,68.59,0.000281,0
3014,line,3082,渋沢二丁目変電所~小田急電鉄 松田変電所線,2093,2107,66.0,68.59,0.000592,0
3015,line,3083,東京電力パワーグリッド 66.0kV線,2093,2225,66.0,68.59,7.7e-05,1
3016,line,3084,小田急電鉄 松田変電所~小山町変電所線,2095,2096,66.0,68.59,0.000293,0
3017,line,3085,東京電力パワーグリッド 66.0kV線,2095,2099,66.0,68.59,0.000405,1
3018,line,3086,東京電力パワーグリッド 66.0kV線,2095,2097,66.0,68.59,0.000271,0
3019,line,3087,東京電力パワーグリッド 66.0kV線,2096,2103,66.0,68.59,1.3e-05,1
3020,line,3088,東京電力パワーグリッド 66.0kV線,2097,2098,66.0,68.59,0.000134,1
3021,line,3089,新富士変電所~三屋変電所線,2099,2101,66.0,68.59,0.000254,1
3022,line,3090,東京電力パワーグリッド 66.0kV線,2099,2100,66.0,137.18,6e-05,1
3023,line,3091,新富士変電所~三屋変電所線,2101,2102,66.0,68.59,0.000386,1
3024,line,3092,東京電力パワーグリッド 66.0kV線,2101,2106,66.0,68.59,3.7e-05,1
3025,line,3093,東京電力パワーグリッド 66.0kV線,2103,2104,66.0,68.59,4.1e-05,1
3026,line,3094,東京電力パワーグリッド 66.0kV線,2103,2105,66.0,68.59,8.9e-05,1
3027,line,3095,渋沢二丁目変電所~金子変電所線,2107,3854,66.0,68.59,0.000371,1
3028,line,3096,東京電力パワーグリッド 66.0kV線,2107,3811,66.0,68.59,0.000209,0
3029,line,3097,新町変電所~三屋変電所線,3850,3855,66.0,68.59,4e-05,1
3030,line,3098,新町変電所~渋沢二丁目変電所線,3850,3811,66.0,68.59,3.5e-05,0
3031,line,3099,横割四丁目変電所~富士市変電所線,3832,4006,66.0,274.36,2.1e-05,0
3032,line,3100,宮島線,4006,3943,66.0,137.18,6.7e-05,1
3033,line,3101,岳南変電所~富士市変電所線,4006,3836,66.0,274.36,8e-06,0
3034,line,3102,leadin,3836,2125,66.0,205.77,1.8e-05,1
3035,line,3103,鈴川線,3836,3834,66.0,274.36,5.3e-05,0
3036,line,3105,箱根町変電所~須雲川変電所線,2110,2111,66.0,68.59,0.00021,1
3037,line,3106,東京送電線_32,2110,2114,66.0,68.59,3.3e-05,1
3038,line,3107,箱根町変電所~須雲川変電所線,2111,2112,66.0,68.59,0.000238,1
3039,line,3108,東京送電線_31,2111,2113,66.0,68.59,3.4e-05,1
3040,line,3112,ミクニ小田原線,2117,2121,66.0,137.18,2.9e-05,1
3041,line,3113,leadin,2122,3975,66.0,274.36,4.9e-05,0
3042,line,3115,leadin,3936,3752,66.0,68.59,2e-05,1
3043,line,3116,横須賀線;三崎線,2124,2273,66.0,274.36,4.5e-05,0
3044,line,3117,鈴川線,3834,2142,66.0,274.36,1.2e-05,0
3045,line,3118,深良線,3946,2249,66.0,274.36,0.000133,0
3046,line,3119,深良線,3946,3823,66.0,411.54,4.9e-05,0
3047,line,3120,武練線,3685,2126,66.0,137.18,0.000155,1
3048,line,3121,武練線,2126,3866,66.0,137.18,2.6e-05,1
3049,line,3122,leadin,2126,3861,66.0,68.59,0.000105,1
3050,line,3123,leadin,3866,3871,66.0,68.59,0.000181,1
3051,line,3124,豊島園線,3866,3675,66.0,137.18,6.8e-05,1
3052,line,3125,東京送電線_42,2127,2128,66.0,68.59,6.4e-05,1
3053,line,3126,日原線,2128,3890,66.0,68.59,0.000154,1
3054,line,3127,日原線,2128,2129,66.0,68.59,0.000409,1
3055,line,3128,堀之内町変電所~乙黒変電所線,3805,2130,66.0,68.59,0.000143,0
3056,line,3129,東京送電線_43,2130,3806,66.0,68.59,4.3e-05,1
3057,line,3130,東京送電線_43,2131,3806,66.0,137.18,1.8e-05,1
3058,line,3131,吾野線,3816,4832,66.0,137.18,0.000317,1
3059,line,3132,吾野線,4832,4708,66.0,137.18,8e-06,1
3060,line,3133,鶴巻線,4035,3809,66.0,68.59,4.7e-05,0
3061,line,3134,leadin,4035,3812,66.0,68.59,0.000194,1
3062,line,3135,東京電力パワーグリッド 66.0kV線,2133,2267,66.0,274.36,0.0,1
3063,line,3136,長沼線;西平山線,2133,2134,66.0,274.36,6e-06,0
3064,line,3137,長沼線,2134,2211,66.0,137.18,4e-06,0
3065,line,3138,西平山線,2134,2212,66.0,205.77,1.4e-05,0
3066,line,3139,佐久間東幹線（山線）,2135,3657,275.0,5715.77,4.9e-05,0
3067,line,3145,韮崎市変電所~若宮一丁目変電所線,3843,3346,66.0,137.18,0.000498,1
3068,line,3146,天竜南線,2138,3710,154.0,800.21,0.000117,0
3069,line,3148,東京電力パワーグリッド 66.0kV線,3786,2139,66.0,137.18,0.000525,1
3070,line,3149,namebind,2140,3821,66.0,68.59,0.000428,1
3071,line,3150,JR十島線,2140,3977,66.0,68.59,0.000101,1
3072,line,3151,namebind,2142,3844,66.0,274.36,4e-05,0
3073,line,3152,JR八王子ー上野原線 高尾分岐,2144,3661,66.0,137.18,0.000169,1
3074,line,3153,JR八王子ー上野原（八王子ー大月）線,2144,3958,66.0,137.18,0.000585,0
3075,line,3154,笹目線;和光線,2145,2231,66.0,68.59,9e-05,0
3076,line,3155,笹目線 / 新倉線,2146,4511,66.0,68.59,0.000363,0
3077,line,3156,笹目線;朝霞線,2146,3928,66.0,68.59,0.000161,0
3078,line,3157,戸田線 / 荒川右岸線,2146,2230,66.0,137.18,7e-06,1
3079,line,3158,南葛線;武南線,4511,4143,66.0,68.59,5.7e-05,0
3080,line,3159,笹目線 / 新倉線,2147,2148,154.0,1066.94,1e-06,0
3081,line,3160,戸田線,2147,2220,154.0,1066.94,1e-06,0
3082,line,3161,笹目線;朝霞線,2147,3927,154.0,1066.94,7e-06,0
3083,line,3162,笹目線 / 新倉線,2148,4510,154.0,1066.94,1.5e-05,0
3084,line,3163,志木線,2148,2220,154.0,533.47,3e-06,0
3085,line,3164,南葛線;武南線,4510,4142,154.0,1066.94,2e-06,0
3086,line,3165,上-大 線,2149,3958,66.0,137.18,0.000443,0
3087,line,3166,梁川分岐線,2149,3908,66.0,137.18,7.9e-05,0
3088,line,3167,八ツ沢線,3958,3913,66.0,137.18,3.6e-05,0
3089,line,3168,八ツ沢線,3958,2150,66.0,137.18,5.8e-05,0
3090,line,3169,上野原線,2150,3957,66.0,137.18,5.4e-05,1
3091,line,3170,八ツ沢線,2150,3860,66.0,137.18,0.000465,0
3092,line,3171,東京送電線_56,2151,2152,154.0,533.47,1e-06,1
3093,line,3172,namebind,2151,3804,154.0,266.74,3.4e-05,0
3094,line,3173,東京送電線_57,3847,3846,154.0,266.74,2e-06,1
3095,line,3174,新町線,2154,3617,66.0,137.18,2.6e-05,0
3096,line,3175,青梅南多摩線,3617,3659,66.0,411.54,5e-06,0
3097,line,3176,東京送電線_60,2155,2156,66.0,68.59,2e-06,1
3098,line,3177,東京送電線_69,2155,2184,66.0,68.59,2e-06,0
3099,line,3178,東京送電線_69,2155,2182,66.0,68.59,5e-06,0
3100,line,3179,緑区変電所~川尻変電所線,2157,2158,66.0,68.59,4e-06,0
3101,line,3180,東京送電線_61,2157,2164,66.0,68.59,4e-06,0
3102,line,3181,東京送電線_61,2157,2165,66.0,68.59,1.4e-05,1
3103,line,3182,東京送電線_62,2158,2164,66.0,68.59,2e-06,0
3104,line,3183,緑区変電所~川尻変電所線,2158,2159,66.0,68.59,1.4e-05,1
3105,line,3184,東京送電線_62,2158,2167,66.0,68.59,9e-06,1
3106,line,3185,緑区変電所~川尻変電所線,2159,2160,66.0,68.59,1.1e-05,0
3107,line,3186,東京送電線_83,2159,2205,66.0,68.59,1e-05,0
3108,line,3187,緑区変電所~川尻変電所線,2160,2161,66.0,68.59,7e-06,0
3109,line,3188,緑区変電所~川尻変電所線,2160,2202,66.0,68.59,4e-06,0
3110,line,3189,緑区変電所~川尻変電所線,2161,2162,66.0,68.59,1e-06,0
3111,line,3190,東京送電線_80,2161,2201,66.0,68.59,9e-06,1
3112,line,3191,緑区変電所~川尻変電所線,2162,2163,66.0,68.59,3e-06,0
3113,line,3192,東京送電線_79,2162,2200,66.0,68.59,2e-06,1
3114,line,3193,東京送電線_78,2163,2199,66.0,68.59,9e-06,1
3115,line,3194,東京送電線_62,2164,2166,66.0,68.59,4e-06,1
3116,line,3195,東京送電線_69,2166,2182,66.0,68.59,1e-06,1
3117,line,3196,東京送電線_69,2166,2185,66.0,68.59,3e-06,1
3118,line,3197,東京送電線_63,2168,2169,66.0,68.59,1e-06,1
3119,line,3198,東京送電線_64,2169,2176,66.0,68.59,2e-06,1
3120,line,3199,東京送電線_63,2169,2170,66.0,68.59,9e-06,0
3121,line,3200,東京送電線_64,2169,2175,66.0,68.59,6e-06,0
3122,line,3201,東京送電線_63,2170,2171,66.0,68.59,3e-06,1
3123,line,3202,東京送電線_73,2170,2188,66.0,68.59,4e-06,0
3124,line,3203,東京送電線_73,2170,2190,66.0,68.59,3e-06,1
3125,line,3204,東京送電線_65,2172,2177,66.0,68.59,3e-06,1
3126,line,3205,東京送電線_64,2172,2173,66.0,68.59,4e-06,1
3127,line,3206,東京送電線_65,2172,2178,66.0,68.59,8e-06,1
3128,line,3207,東京送電線_64,2173,2174,66.0,68.59,6e-06,0
3129,line,3208,東京送電線_68,2173,2180,66.0,68.59,8e-06,0
3130,line,3209,東京送電線_68,2173,2183,66.0,68.59,6e-06,1
3131,line,3210,東京送電線_64,2174,2175,66.0,68.59,6e-06,0
3132,line,3211,東京送電線_66,2174,2179,66.0,68.59,9e-06,1
3133,line,3212,東京送電線_70,2175,2184,66.0,68.59,1.1e-05,0
3134,line,3213,東京送電線_68,2180,2182,66.0,68.59,3e-06,0
3135,line,3214,東京送電線_67,2180,2181,66.0,68.59,1e-06,1
3136,line,3215,東京送電線_73,2184,2188,66.0,68.59,4e-06,0
3137,line,3216,東京送電線_71,2186,2187,66.0,68.59,1e-06,1
3138,line,3217,東京送電線_72,2186,2188,66.0,68.59,2e-06,1
3139,line,3218,東京送電線_72,2186,2189,66.0,68.59,3e-06,1
3140,line,3219,東京送電線_77,2191,2194,66.0,68.59,4e-06,1
3141,line,3220,川尻変電所~緑区変電所線,2191,2192,66.0,68.59,1.5e-05,0
3142,line,3221,東京送電線_74,2192,2193,66.0,68.59,1.6e-05,1
3143,line,3222,東京送電線_75,2194,2195,66.0,68.59,1.1e-05,1
3144,line,3223,東京送電線_77,2194,2197,66.0,68.59,9e-06,1
3145,line,3224,東京送電線_76,2196,2197,66.0,68.59,1.1e-05,1
3146,line,3225,東京送電線_77,2197,2198,66.0,68.59,1.6e-05,1
3147,line,3226,緑区変電所~川尻変電所線,2202,2203,66.0,68.59,3e-06,0
3148,line,3227,東京送電線_81,2203,2204,66.0,68.59,2e-06,1
3149,line,3228,緑区変電所~川尻変電所線,2203,2205,66.0,68.59,8e-06,0
3150,line,3229,東京送電線_82,2205,2206,66.0,68.59,4e-06,1
3151,line,3234,東京西線;青梅線（廃線）,3602,3667,275.0,1905.26,1e-06,0
3152,line,3235,新飯能線,3573,2208,500.0,6928.2,0.0,1
3153,line,3236,秋留線,3889,3606,66.0,274.36,1.6e-05,1
3154,line,3237,leadin,2210,3426,66.0,68.59,0.000229,1
3155,line,3238,北八王子線,2211,3698,66.0,137.18,4.4e-05,1
3156,line,3239,北八王子線;長沼線,2211,2212,66.0,274.36,9e-06,0
3157,line,3240,北八王子線,2212,2213,66.0,137.18,9e-06,0
3158,line,3241,長沼線;西平山線,2212,2216,66.0,274.36,1e-06,0
3159,line,3242,八王子線;北八王子線,2213,2216,66.0,274.36,3e-06,0
3160,line,3243,秋留線,3659,3606,66.0,137.18,8.5e-05,1
3161,line,3246,岩槻線 / 七里線,4914,4915,66.0,274.36,2.1e-05,0
3162,line,3247,天沼線,4914,2219,66.0,137.18,4.5e-05,0
3163,line,3248,天沼線,4914,2907,66.0,137.18,0.000126,0
3164,line,3249,leadin,2219,4549,66.0,68.59,5.8e-05,1
3165,line,3250,天沼線,2219,3691,66.0,137.18,4.1e-05,0
3166,line,3251,天沼線,3691,4164,66.0,137.18,0.000131,0
3167,line,3252,大宮木崎線,4164,2596,66.0,274.36,5e-06,1
3168,line,3253,木崎線,4164,4296,66.0,137.18,3.3e-05,0
3169,line,3254,戸田線 / 志木線,2220,4190,154.0,1066.94,1.9e-05,1
3170,line,3255,青梅線（廃線）,3875,3877,275.0,1905.26,1e-06,0
3171,line,3256,白子線,3928,3686,66.0,137.18,0.000102,1
3172,line,3257,朝霞線,3928,2233,66.0,137.18,1.7e-05,0
3173,line,3258,駒橋線,3913,3908,66.0,137.18,0.000303,0
3174,line,3259,東武朝霞線,3902,2233,66.0,137.18,4e-06,0
3175,line,3260,駒橋線,3910,3908,66.0,137.18,0.000102,0
3176,line,3261,道志川線,2227,3912,77.0,93.36,0.00033,1
3177,line,3265,leadin,2229,3924,66.0,68.59,0.000188,1
3178,line,3266,京北線 / 白幡線,2229,4155,66.0,68.59,0.000371,1
3179,line,3267,京北線 / 白幡線,2229,4508,66.0,274.36,5.4e-05,1
3180,line,3268,鳩浦線,4155,2329,66.0,137.18,0.000123,0
3181,line,3269,美園線 / 鳩浦線,4155,4076,66.0,137.18,0.000175,0
3182,line,3270,京北線,4154,2369,154.0,533.47,6e-06,0
3183,line,3271,笹目線,3927,3845,154.0,533.47,4e-06,0
3184,line,3272,東京電力パワーグリッド 66.0kV線,2231,2232,66.0,137.18,2e-06,1
3185,line,3273,南狭山線 / 日高線,2234,3729,275.0,3810.51,1e-06,0
3186,line,3274,南狭山線 / 日高線,2234,3651,275.0,3810.51,3e-06,0
3187,line,3275,練馬線,3572,4336,66.0,137.18,3.5e-05,1
3188,line,3276,練馬線 / 板橋線,4336,4517,66.0,274.36,9e-06,1
3189,line,3277,小倉線,2235,2279,66.0,137.18,6.5e-05,0
3190,line,3278,相武線,2235,4112,66.0,137.18,9.9e-05,1
3191,line,3279,横浜火力北線 / 妙蓮寺線,3672,3418,66.0,68.59,3.5e-05,0
3192,line,3280,横浜火力北線 / 妙蓮寺線,3671,3417,154.0,1066.94,2e-06,0
3193,line,3281,栄第一水再生線,2236,2237,66.0,137.18,1e-06,1
3194,line,3282,吉田線,2236,3934,66.0,137.18,9.3e-05,1
3195,line,3283,上永谷線,3934,2238,66.0,274.36,1.2e-05,1
3196,line,3284,JR東海身延変電所~中島町変電所線,2240,2241,66.0,137.18,0.000323,1
3197,line,3285,東京送電線_113,2241,2243,66.0,68.59,0.000296,1
3198,line,3286,JR東海身延変電所~中島町変電所線,2241,2242,66.0,137.18,2.8e-05,0
3199,line,3287,東京送電線_113,2243,2244,66.0,68.59,0.00023,1
3200,line,3288,東京送電線_114,2243,2245,66.0,68.59,0.000161,1
3201,line,3289,東京送電線_115,2244,2246,66.0,68.59,0.000235,1
3202,line,3291,leadin,2247,3916,66.0,68.59,0.000238,1
3203,line,3292,荻野線,2247,3932,66.0,137.18,4.6e-05,1
3204,line,3293,leadin,3932,3937,66.0,68.59,0.000201,1
3205,line,3294,富士岡線,2249,2250,66.0,137.18,0.000117,0
3206,line,3295,岩波線,2249,2254,66.0,205.77,1.3e-05,1
3207,line,3296,東富士線;富士岡線,2250,2252,66.0,68.59,3.8e-05,0
3208,line,3297,エムエーパッケージング線,2250,2251,66.0,137.18,2.4e-05,1
3209,line,3298,須山線,2252,3949,66.0,137.18,0.000201,1
3210,line,3299,東富士線;富士岡線,2252,3848,66.0,68.59,0.000272,0
3211,line,3300,東京送電線_120,3679,2253,154.0,533.47,4e-06,1
3212,line,3304,富士見線,2255,4010,66.0,137.18,3.2e-05,1
3213,line,3305,竹間沢線,2255,2256,66.0,411.54,6e-06,1
3214,line,3306,東武柳瀬川線,4010,3967,66.0,137.18,1.1e-05,1
3215,line,3307,富士見線,4010,3925,66.0,137.18,3.1e-05,1
3216,line,3312,ニコン相模原線,2258,2271,66.0,205.77,2e-05,1
3217,line,3313,佐野川線,3976,3821,66.0,68.59,0.000245,1
3218,line,3314,八王子大月線（八王子ー上野原）,3841,2264,66.0,68.59,8.1e-05,0
3219,line,3315,長津田町田線,3899,2265,66.0,68.59,3e-05,1
3220,line,3316,長津田町田線,2265,2266,66.0,68.59,2e-06,1
3221,line,3317,leadin,2265,3802,66.0,68.59,5.6e-05,1
3222,line,3318,leadin,2266,3421,66.0,68.59,5.8e-05,1
3223,line,3319,東京電力パワーグリッド 66.0kV線,3864,4000,66.0,68.59,3.5e-05,0
3224,line,3320,田名線,3998,3997,66.0,205.77,1e-05,0
3225,line,3321,下九沢変電所~清新六丁目変電所線,3998,3996,66.0,68.59,3.7e-05,1
3226,line,3324,若松町線,4544,4253,66.0,137.18,5.3e-05,1
3227,line,3325,横須賀線;三崎線,2273,2274,66.0,274.36,5e-05,0
3228,line,3326,電々武山線,2274,4230,66.0,137.18,4.8e-05,0
3229,line,3327,大和線,4025,4024,66.0,137.18,3.4e-05,0
3230,line,3328,水道橋線,4186,3839,275.0,952.63,4.4e-05,0
3231,line,3329,上野水道橋線,4186,2607,275.0,952.63,2e-06,0
3232,line,3330,leadin,4186,4050,275.0,952.63,2.3e-05,1
3233,line,3331,leadin,4186,4306,275.0,952.63,1.7e-05,1
3234,line,3332,leadin,3839,4352,275.0,952.63,2.8e-05,1
3235,line,3333,leadin,2277,3486,66.0,68.59,0.000236,1
3236,line,3334,駒沢線;代田線,2277,4041,66.0,274.36,6e-06,1
3237,line,3335,leadin,4041,3663,66.0,68.59,0.000179,1
3238,line,3336,leadin,4041,4201,66.0,68.59,0.000113,1
3239,line,3337,駒沢線;代田線,4041,4049,66.0,274.36,1.7e-05,1
3240,line,3338,駒沢線,4049,2278,66.0,137.18,9.1e-05,1
3241,line,3339,leadin,4070,4039,66.0,68.59,2.7e-05,1
3242,line,3340,駒沢線,4070,4046,66.0,137.18,1.3e-05,1
3243,line,3341,leadin,4070,2285,66.0,411.54,9e-06,1
3244,line,3342,駒沢線,4046,4064,66.0,137.18,1.7e-05,1
3245,line,3343,駒沢線,4064,2278,66.0,137.18,9.1e-05,1
3246,line,3344,leadin,2278,4134,66.0,68.59,0.000223,1
3247,line,3345,江東線,4245,4136,275.0,1905.26,5e-06,0
3248,line,3346,江東線,4245,4118,275.0,3810.51,1e-05,0
3249,line,3347,江東線,4136,4436,275.0,1905.26,3e-06,0
3250,line,3348,江東線,4436,4442,275.0,1905.26,2e-06,0
3251,line,3349,江東線,4442,4445,275.0,1905.26,1e-06,0
3252,line,3350,江東線,4445,4450,275.0,1905.26,1.1e-05,0
3253,line,3351,江東線,4450,4271,275.0,1905.26,1.4e-05,0
3254,line,3352,江東線,4271,4144,275.0,3810.51,1e-06,0
3255,line,3353,北葛飾線/野田線,4954,5284,275.0,3810.51,1e-06,0
3256,line,3354,東京東線,4954,5313,275.0,1905.26,8e-06,0
3257,line,3355,鹿島線,4954,2954,275.0,1905.26,3.7e-05,0
3258,line,3356,東京北線,4954,5040,275.0,1905.26,2.1e-05,0
3259,line,3357,東京東線,5313,4311,275.0,1905.26,3.9e-05,0
3260,line,3358,東京東線,4311,4118,275.0,1905.26,2e-06,0
3261,line,3359,北千葉線,4118,4309,275.0,1905.26,2e-05,0
3262,line,3360,東京電力パワーグリッド 66.0kV線,2280,2281,66.0,68.59,9e-06,0
3263,line,3361,東京電力パワーグリッド 66.0kV線,2280,2282,66.0,68.59,9e-06,0
3264,line,3362,namebind,2280,4062,66.0,137.18,7e-05,0
3265,line,3363,東京送電線_171,2281,2282,66.0,205.77,0.0,0
3266,line,3364,東京電力パワーグリッド 66.0kV線,2281,2283,66.0,68.59,1e-05,0
3267,line,3365,東京電力パワーグリッド 66.0kV線,2282,2283,66.0,68.59,9e-06,0
3268,line,3366,昭和線,2283,4060,66.0,137.18,4.2e-05,0
3269,line,3367,leadin,2284,5367,154.0,266.74,2.9e-05,1
3270,line,3368,白石線,2284,4063,154.0,1066.94,2e-06,1
3271,line,3369,白石線,4063,4052,154.0,1066.94,5e-06,1
3272,line,3370,南川崎南太田線,4052,4061,154.0,533.47,4e-06,0
3273,line,3371,白石線,4052,4057,154.0,1600.41,1e-06,0
3274,line,3372,白石線,4057,4059,154.0,1600.41,1e-06,0
3275,line,3373,塩浜南線,4053,4062,66.0,137.18,2.1e-05,0
3276,line,3374,塩浜南線,4053,4058,66.0,137.18,3.3e-05,0
3277,line,3375,昭電川崎線,4058,4060,66.0,205.77,1.3e-05,0
3278,line,3376,末広町線 / 浅野線,4058,4056,66.0,274.36,1.3e-05,1
3279,line,3377,東京送電線_173,4060,2286,66.0,137.18,6e-06,1
3280,line,3378,坪井線,4209,2465,154.0,533.47,5e-06,0
3281,line,3379,長沼線,4209,4440,154.0,533.47,4.1e-05,0
3282,line,3380,長沼線,4440,4319,154.0,533.47,2.2e-05,0
3283,line,3381,東千葉長沼連絡線,4319,4124,154.0,533.47,4.6e-05,0
3284,line,3382,富津火力線,4226,4222,500.0,6928.2,0.0,0
3285,line,3383,新袖ヶ浦線,4226,4067,500.0,6928.2,4.6e-05,0
3286,line,3384,新袖ヶ浦線,4226,4195,500.0,6928.2,9e-06,0
3287,line,3385,新佐原線,4067,4987,500.0,6928.2,3.1e-05,0
3288,line,3386,印旛線,4067,4117,500.0,6928.2,2.5e-05,0
3289,line,3387,練馬線 / 板橋線,4517,2287,66.0,274.36,2.8e-05,1
3290,line,3388,高島平線,2287,4516,66.0,137.18,5.6e-05,1
3291,line,3389,練馬線 / 板橋線,2287,4514,66.0,411.54,2.2e-05,1
3292,line,3390,練馬線 / 板橋線,4514,4191,66.0,274.36,9e-06,1
3293,line,3391,北前野線,4514,2598,66.0,274.36,3e-06,1
3294,line,3392,北前野線,4514,4515,66.0,137.18,7.2e-05,1
3295,line,3393,戸田変電所~戸田公園変電所線,4191,4519,66.0,137.18,8.6e-05,1
3296,line,3394,山西線 / 大袋線,5027,4507,66.0,274.36,8.5e-05,0
3297,line,3395,山西線,5027,2970,66.0,137.18,0.000161,0
3298,line,3396,京西線 / 山西線 / 大袋線,4507,4108,66.0,411.54,2.6e-05,0
3299,line,3397,京西線,4507,2390,66.0,137.18,4.2e-05,0
3300,line,3398,東武越谷線,4507,4459,66.0,137.18,6.2e-05,0
3301,line,3399,南葛線;武南線,4143,2288,66.0,68.59,0.000465,0
3302,line,3400,南葛線;武南線,2288,2289,66.0,68.59,4.1e-05,0
3303,line,3401,leadin,2288,4523,66.0,68.59,0.000246,1
3304,line,3402,leadin,2289,4521,66.0,68.59,0.000135,1
3305,line,3403,南葛線;武南線,2289,2290,66.0,68.59,8e-05,0
3306,line,3404,leadin,2290,4522,66.0,68.59,9.7e-05,1
3307,line,3405,南葛線;武南線,2290,4076,66.0,68.59,0.000125,0
3308,line,3406,鳩ヶ谷線,4076,4077,66.0,137.18,3e-05,0
3309,line,3407,宮前線,4076,4153,66.0,137.18,4.5e-05,1
3310,line,3408,南葛線;武南線,4142,4075,154.0,1066.94,3.1e-05,0
3311,line,3409,北鳩線,4075,2295,154.0,2133.89,2e-06,0
3312,line,3410,北千代田線 / 田端線,4075,4540,154.0,1066.94,2.2e-05,0
3313,line,3411,南葛線,4075,4505,154.0,533.47,2.6e-05,0
3314,line,3412,鹿浜線,4290,4287,66.0,411.54,1e-05,0
3315,line,3413,南葛線;東尾久線,4290,2451,66.0,68.59,3.5e-05,0
3316,line,3414,草加青柳線,4290,4503,66.0,137.18,0.000108,0
3317,line,3415,京西線 / 松原線,4290,4074,66.0,274.36,9.9e-05,0
3318,line,3416,谷塚線 / 足立線,4290,2291,66.0,274.36,3.1e-05,0
3319,line,3417,東尾久線,4290,2301,66.0,137.18,0.000172,1
3320,line,3418,草加青柳線,4503,4162,66.0,137.18,0.000175,0
3321,line,3419,伊原線;草加青柳線,4162,4502,66.0,68.59,9.9e-05,0
3322,line,3420,鹿浜線,4287,4541,66.0,274.36,0.00012,0
3323,line,3421,瀬崎線,4287,5363,66.0,137.18,1.9e-05,0
3324,line,3422,鹿浜線,4541,2470,66.0,274.36,2.5e-05,1
3325,line,3423,谷塚線,2291,4159,66.0,274.36,1.5e-05,0
3326,line,3424,鳩ヶ谷線,2291,4077,66.0,137.18,0.000169,0
3327,line,3425,伊草線 / 横堀線,4121,4493,66.0,274.36,5.5e-05,0
3328,line,3426,伊草線 / 横堀線,4121,4496,66.0,274.36,1.4e-05,0
3329,line,3427,瀬崎線,4121,4500,66.0,137.18,5e-05,0
3330,line,3428,伊草線 / 横堀線,4493,4080,66.0,411.54,6e-06,0
3331,line,3429,足立線,4493,4494,66.0,137.18,5e-05,0
3332,line,3430,北千住線,4080,4488,66.0,137.18,4.6e-05,0
3333,line,3431,花川線,4080,4482,66.0,137.18,4.4e-05,0
3334,line,3432,青井線 / 千代田鉄鋼線,4080,4170,66.0,205.77,1.9e-05,0
3335,line,3433,leadin,4080,2469,66.0,137.18,7.1e-05,0
3336,line,3434,北千住線,4488,4486,66.0,137.18,2e-05,1
3337,line,3435,北千住線,4486,4168,66.0,137.18,9.3e-05,1
3338,line,3436,青井線,4170,4481,66.0,137.18,4e-05,0
3339,line,3437,加平ポンプ線,4170,4482,66.0,137.18,1.3e-05,0
3340,line,3438,加平ポンプ線,4170,2593,66.0,274.36,1e-05,1
3341,line,3439,東亀有線,4170,4483,66.0,137.18,4.5e-05,0
3342,line,3440,青井線,4481,2292,66.0,137.18,2.8e-05,0
3343,line,3441,花川線,4481,4482,66.0,137.18,3.9e-05,0
3344,line,3442,花川線,4481,2298,66.0,137.18,1.5e-05,0
3345,line,3443,青井線,2292,2293,66.0,137.18,1e-05,0
3346,line,3444,東京電力パワーグリッド 66.0kV線,2292,2298,66.0,68.59,1.2e-05,0
3347,line,3445,青井線,2293,4087,66.0,137.18,1.8e-05,0
3348,line,3446,東京電力パワーグリッド 66.0kV線,2293,2298,66.0,68.59,1.9e-05,0
3349,line,3447,西亀有線,4087,4485,66.0,274.36,1.6e-05,0
3350,line,3448,花総線,4087,2302,66.0,274.36,1.3e-05,0
3351,line,3449,花川線,4087,2298,66.0,137.18,2.6e-05,0
3352,line,3450,隅田線,4087,4173,66.0,137.18,4.7e-05,1
3353,line,3451,北鳩線,2294,5018,154.0,1066.94,1.2e-05,0
3354,line,3452,猪苗代新幹線,2294,5034,154.0,533.47,1.2e-05,0
3355,line,3453,北鳩線,2294,4992,154.0,1066.94,1e-05,0
3356,line,3454,北鳩線,5018,2295,154.0,1066.94,6.7e-05,0
3357,line,3455,西越谷線 / 白岡線,5018,4992,154.0,266.74,9.4e-05,0
3358,line,3456,西越谷線 / 白岡線,5018,4995,154.0,533.47,4.9e-05,0
3359,line,3457,美園線 / 鳩浦線,2295,2369,154.0,1066.94,1.2e-05,0
3360,line,3463,北葛飾線/野田線,4955,5285,154.0,266.74,9e-06,0
3361,line,3464,東葛線,4955,2422,154.0,1066.94,1.3e-05,0
3362,line,3465,湖西線,4955,2941,154.0,533.47,3.8e-05,0
3363,line,3466,北葛飾線/野田線,5285,4083,154.0,266.74,0.000126,0
3364,line,3467,潮止線,4083,2300,154.0,1066.94,1.5e-05,0
3365,line,3468,小松川線 / 亀戸線,4083,4501,154.0,1066.94,1.8e-05,0
3366,line,3469,北葛飾線/野田線,5284,4082,275.0,3810.51,8e-06,0
3367,line,3470,上野線,4082,4470,275.0,952.63,2.9e-05,0
3368,line,3471,新佐原線,4989,4987,500.0,6928.2,8e-06,0
3369,line,3472,福島東幹線,4989,5336,500.0,6928.2,1.4e-05,0
3370,line,3473,新筑波線,4989,4957,500.0,6928.2,5e-06,0
3371,line,3474,亀戸線,4471,2296,154.0,533.47,3e-06,0
3372,line,3475,亀戸線 / 鶴ヶ曽根線,4471,4156,154.0,1600.41,2e-06,0
3373,line,3476,亀戸線,2296,2297,154.0,533.47,8e-06,0
3374,line,3477,小松川線,2296,4495,154.0,533.47,1.4e-05,0
3375,line,3478,小松川線,2296,4163,154.0,533.47,2.5e-05,0
3376,line,3479,潮止線,2297,4160,154.0,1066.94,2e-06,0
3377,line,3480,亀戸線,2297,4462,154.0,533.47,1.9e-05,0
3378,line,3481,潮止線,2297,2300,154.0,1066.94,1.7e-05,0
3379,line,3482,亀戸線,4462,4158,154.0,533.47,5e-06,0
3380,line,3483,亀戸線,4158,4490,154.0,1066.94,2.6e-05,0
3381,line,3484,亀戸線,4490,4086,154.0,533.47,8e-06,1
3382,line,3485,亀戸線,4086,4085,154.0,533.47,6e-06,1
3383,line,3486,花総線,4485,4483,66.0,274.36,1.6e-05,0
3384,line,3487,西町線,4286,4289,154.0,533.47,5e-06,0
3385,line,3488,小松川線,4286,5362,154.0,533.47,4e-06,0
3386,line,3489,小松川線,4286,2386,154.0,533.47,8e-06,0
3387,line,3490,小松川線,5362,4499,154.0,533.47,5e-06,0
3388,line,3491,小松川線,4499,4495,154.0,533.47,9e-06,0
3389,line,3492,小松川線,4163,4110,154.0,533.47,3.3e-05,0
3390,line,3493,小松川線,4110,4456,154.0,533.47,4e-06,0
3391,line,3494,矢切線,4110,4455,154.0,533.47,1.6e-05,0
3392,line,3495,小松川線,4456,4171,154.0,533.47,1.8e-05,0
3393,line,3496,小松川線,4460,4135,154.0,533.47,1e-05,0
3394,line,3497,小松川線 / 一之江線,4460,4088,154.0,1066.94,5e-06,0
3395,line,3498,小松川線,4135,2381,154.0,533.47,1.3e-05,0
3396,line,3499,船堀橋線 / 亀松線,4089,4133,66.0,205.77,2.2e-05,1
3397,line,3500,長島線 / 葛西橋線,4089,2299,66.0,274.36,2.8e-05,0
3398,line,3501,小松川線 / 一之江線,4089,4461,66.0,68.59,0.00011,0
3399,line,3502,葛西橋線,2299,4479,66.0,137.18,1.9e-05,0
3400,line,3503,長島線 / メトロ葛西線,2299,4304,66.0,274.36,2.4e-05,1
3401,line,3504,相武線,4112,4148,66.0,137.18,8.5e-05,1
3402,line,3505,leadin,2300,4530,154.0,266.74,1.5e-05,1
3403,line,3506,潮止線,4160,4492,154.0,1066.94,1.2e-05,0
3404,line,3507,花畑線,4160,4079,154.0,533.47,2.7e-05,0
3405,line,3508,潮止線,4492,4079,154.0,1066.94,1e-06,0
3406,line,3509,leadin,2301,4506,66.0,68.59,0.000101,1
3407,line,3510,東尾久線,2301,4351,66.0,137.18,0.000213,1
3408,line,3511,上平井線,4302,4489,66.0,137.18,3.7e-05,0
3409,line,3512,奥戸線,4302,2302,66.0,137.18,0.000111,0
3410,line,3513,小松川線,4171,2381,154.0,533.47,8e-06,0
3411,line,3514,東亀有線,4483,4167,66.0,137.18,3.7e-05,1
3412,line,3515,花総線,4483,2469,66.0,137.18,7.1e-05,0
3413,line,3516,花総線,2302,2303,66.0,137.18,5.7e-05,0
3414,line,3517,高砂線,2303,2586,66.0,137.18,0.0,1
3415,line,3518,花総線,2303,4172,66.0,137.18,6.7e-05,0
3416,line,3519,花総線,4172,4113,66.0,137.18,0.000112,0
3417,line,3520,leadin,4113,2585,66.0,205.77,1.8e-05,1
3418,line,3521,leadin,4113,4538,66.0,68.59,0.000209,1
3419,line,3522,花総線 / 市川線,4113,4454,66.0,274.36,3.5e-05,0
3420,line,3523,銚子線/松岸線,2304,4103,66.0,274.36,0.000217,0
3421,line,3524,銚子線,2304,4359,66.0,137.18,4.7e-05,0
3422,line,3525,松岸線,2304,2456,66.0,137.18,0.000129,0
3423,line,3526,leadin,4103,2313,66.0,68.59,0.000124,0
3424,line,3527,銚子線/松岸線,4103,2311,66.0,274.36,2.8e-05,0
3425,line,3528,leadin,4103,2312,66.0,68.59,0.000105,0
3426,line,3529,角来線,2305,2527,66.0,137.18,1.5e-05,1
3427,line,3530,北総線/佐倉線,2305,2306,66.0,68.59,0.000117,0
3428,line,3531,佐倉線,2305,2320,66.0,137.18,0.000357,0
3429,line,3532,北総線/佐倉線,2306,4093,66.0,68.59,0.00018,0
3430,line,3533,高岡線,2306,4197,66.0,137.18,1.8e-05,1
3431,line,3534,七栄線/西成田線,4093,2331,66.0,411.54,4.9e-05,0
3432,line,3535,八街線/八日市場線/松尾線,4093,2321,66.0,411.54,0.000131,0
3433,line,3536,東京送電線_183,2307,2453,275.0,952.63,2e-06,1
3434,line,3537,北総線,2307,2323,275.0,3810.51,4e-06,0
3435,line,3538,北総線/佐倉線,2307,4092,275.0,3810.51,7e-06,0
3436,line,3539,八日市場線/松尾線,2308,2309,66.0,274.36,0.000117,0
3437,line,3540,八日市場線/松尾線,2308,2321,66.0,274.36,0.000171,0
3438,line,3541,ダイクレ線,2308,2526,66.0,137.18,2.2e-05,1
3439,line,3542,松尾線,2309,4343,66.0,137.18,0.000145,1
3440,line,3543,八日市場線,2309,2478,66.0,137.18,1.4e-05,0
3441,line,3544,JR久住線,2310,4180,66.0,137.18,0.000153,1
3442,line,3545,安食線/寺台線,2310,2379,66.0,274.36,7e-05,0
3443,line,3546,安食線/寺台線,2310,4365,66.0,274.36,3.8e-05,0
3444,line,3547,野毛平線,4180,2588,66.0,137.18,7.2e-05,1
3445,line,3548,網戸線,2311,2312,66.0,137.18,3e-05,0
3446,line,3549,銚子線/松岸線,2311,2441,66.0,274.36,2.5e-05,1
3447,line,3550,網戸線,2312,2313,66.0,137.18,4.4e-05,0
3448,line,3551,網戸線,2313,2314,66.0,137.18,0.000108,0
3449,line,3552,東日本旅客鉄道株式会社 66.0kV線,2314,2520,66.0,68.59,4e-06,1
3450,line,3553,網戸線,2314,2315,66.0,205.77,0.000103,0
3451,line,3554,東京電力パワーグリッド 66.0kV線,2315,2521,66.0,68.59,3e-06,1
3452,line,3555,網戸線,2315,4099,66.0,137.18,0.00016,0
3453,line,3556,網戸線,4099,4101,66.0,137.18,2.6e-05,0
3454,line,3557,網戸線,4101,4368,66.0,137.18,0.00025,0
3455,line,3558,網戸線,4368,4100,66.0,137.18,0.000119,0
3456,line,3559,松戸線,2316,2317,66.0,137.18,1.4e-05,1
3457,line,3560,東葛高柳線,2316,4467,66.0,274.36,2.5e-05,0
3458,line,3561,東葛高柳線,2316,4316,66.0,274.36,0.00011,0
3459,line,3562,松戸線,2317,2318,66.0,137.18,2.9e-05,1
3460,line,3563,八柱線,2317,4466,66.0,137.18,0.000114,1
3461,line,3564,松戸線,2318,4048,66.0,137.18,7.6e-05,1
3462,line,3565,JR大野線,2318,4465,66.0,137.18,0.000185,1
3463,line,3566,成東線,4105,4372,66.0,137.18,0.000176,1
3464,line,3567,松尾線,4105,4343,66.0,137.18,3.1e-05,1
3465,line,3568,作田川線,4372,2319,66.0,137.18,4.9e-05,1
3466,line,3569,作田川線,2319,4371,66.0,137.18,8.8e-05,1
3467,line,3570,JR成東線,2319,4102,66.0,137.18,6.5e-05,1
3468,line,3571,八街線,2320,4178,66.0,137.18,0.000613,0
3469,line,3572,八街線 / 佐倉線,2320,4125,66.0,274.36,9.3e-05,0
3470,line,3573,八街線,4178,4104,66.0,137.18,1.7e-05,0
3471,line,3574,八街線,4104,2321,66.0,137.18,6.3e-05,0
3472,line,3575,北千葉線,2322,2323,275.0,1905.26,1.1e-05,0
3473,line,3576,花見川線,2322,4318,275.0,1905.26,1e-05,0
3474,line,3577,北千葉線,2322,4309,275.0,1905.26,4e-06,0
3475,line,3578,北千葉線,2323,4419,275.0,1905.26,1.4e-05,0
3476,line,3579,北千葉線,4419,2324,275.0,1905.26,4e-06,0
3477,line,3580,北千葉線,2324,4344,275.0,1905.26,2e-05,0
3478,line,3581,千葉中央線,2324,4412,275.0,3810.51,4e-06,0
3479,line,3582,房総線,4094,2325,500.0,6928.2,1.6e-05,0
3480,line,3583,leadin,2325,4374,500.0,3464.1,2e-06,1
3481,line,3584,房総線,2325,4117,500.0,6928.2,7e-06,0
3482,line,3585,新京葉線,4117,4314,500.0,6928.2,3e-06,0
3483,line,3586,新京葉変電所~高瀬分岐所線,4117,4323,500.0,3464.1,0.0,0
3484,line,3587,舞浜線,4106,2326,66.0,137.18,2.3e-05,1
3485,line,3588,美浜線,4106,2583,66.0,137.18,0.000153,1
3486,line,3589,leadin,2326,4539,66.0,68.59,0.000149,1
3487,line,3590,舞浜線,2326,4452,66.0,137.18,2e-05,1
3488,line,3591,JFE条鋼東部線,4228,2419,66.0,137.18,1.4e-05,1
3489,line,3592,鶴ヶ曽根線,4228,4472,66.0,274.36,5.7e-05,1
3490,line,3593,西越谷線,4994,4107,275.0,1905.26,9e-06,0
3491,line,3594,西越谷線 / 白岡線,4994,5017,275.0,3810.51,7e-06,0
3492,line,3595,松原線 / 吉川線 / 荻島線,4108,2327,66.0,411.54,3.1e-05,0
3493,line,3596,荻島線,2327,4166,66.0,137.18,7.5e-05,0
3494,line,3597,松原線 / 吉川線,2327,2390,66.0,274.36,1.5e-05,0
3495,line,3598,荻島線,4166,2328,66.0,137.18,0.000137,0
3496,line,3599,芝川線;木崎線,2328,4524,66.0,274.36,1.7e-05,0
3497,line,3600,芝川線;木崎線,2328,4996,66.0,274.36,0.000166,0
3498,line,3601,木崎線,4296,2329,66.0,137.18,4.1e-05,0
3499,line,3602,芝川線;木崎線,2329,4524,66.0,274.36,4.2e-05,0
3500,line,3603,東京送電線_175,2330,4074,66.0,68.59,1.5e-05,1
3501,line,3604,leadin,4148,4199,66.0,68.59,2.1e-05,1
3502,line,3605,伊藤ハム線,4478,2473,66.0,274.36,7e-06,1
3503,line,3606,我孫子線,4478,4182,66.0,137.18,0.000176,1
3504,line,3607,我孫子線 / 柏高田線,4478,4251,66.0,274.36,4.8e-05,0
3505,line,3608,leadin,4182,4040,66.0,68.59,0.000115,1
3506,line,3609,leadin,4182,4347,66.0,68.59,0.000113,1
3507,line,3610,千葉火力線1・2L,4275,4193,275.0,3810.51,1e-06,1
3508,line,3611,千葉中央線,4193,4412,275.0,3810.51,1e-06,0
3509,line,3612,村田川線 / 生浜線,4277,2567,66.0,274.36,7e-06,0
3510,line,3613,生浜線,4277,4414,66.0,274.36,4.4e-05,0
3511,line,3614,村田川線,4414,2449,66.0,137.18,1.4e-05,1
3512,line,3615,千葉中央線,4414,4194,66.0,342.95,2e-05,0
3513,line,3616,蘇我線,4414,4221,66.0,274.36,0.0001,0
3514,line,3617,東千葉外房線 / 千葉大網線,4124,4420,154.0,1066.94,1.2e-05,0
3515,line,3618,東千葉房総線,4124,2384,154.0,533.47,0.000113,0
3516,line,3619,千葉中央線 / 生実線,4124,4413,154.0,533.47,5e-05,0
3517,line,3620,七栄線,2331,4348,66.0,274.36,8e-05,0
3518,line,3621,西成田線,2331,2519,66.0,137.18,0.000144,0
3519,line,3622,七栄線,4348,4185,66.0,274.36,8.5e-05,0
3520,line,3623,成田変電所~吉倉変電所線,4185,4367,66.0,137.18,2e-05,1
3521,line,3624,安食線,4185,4365,66.0,274.36,4.6e-05,0
3522,line,3625,東葛高柳線,4264,4341,66.0,274.36,1.3e-05,0
3523,line,3626,新松戸-北小金線,4264,4474,66.0,137.18,0.000168,0
3524,line,3627,東葛高柳線,4264,2332,66.0,274.36,6.2e-05,0
3525,line,3628,東葛高柳線,4141,2332,66.0,274.36,2.3e-05,0
3526,line,3629,我孫子線,4141,4250,66.0,411.54,9e-06,0
3527,line,3630,平和台線,2332,4468,66.0,137.18,9.5e-05,1
3528,line,3631,東葛高柳線,4341,2333,66.0,274.36,1.5e-05,0
3529,line,3632,東葛高柳線,2333,4467,66.0,274.36,4.6e-05,0
3530,line,3633,六和線,2333,4469,66.0,274.36,1e-05,1
3531,line,3634,湖南線,2334,2335,66.0,137.18,6.8e-05,0
3532,line,3635,湖南線,2334,2341,66.0,137.18,8.7e-05,0
3533,line,3636,湖南線,2334,2961,66.0,274.36,0.000115,0
3534,line,3637,JR香取線,2335,4114,66.0,137.18,3e-05,1
3535,line,3638,湖南線,2335,2341,66.0,137.18,1.8e-05,0
3536,line,3639,佐原線,4260,2336,66.0,137.18,3.4e-05,0
3537,line,3640,湖南線,4260,2341,66.0,274.36,2e-05,0
3538,line,3641,銚子線,4260,2378,66.0,137.18,0.000393,0
3539,line,3642,佐原線,2336,2337,66.0,137.18,7.6e-05,0
3540,line,3643,東京電力パワーグリッド 66.0kV線,2336,2516,66.0,137.18,0.000103,1
3541,line,3644,佐原線,2337,2338,66.0,137.18,9e-06,0
3542,line,3645,東京電力パワーグリッド 66.0kV線,2337,4115,66.0,137.18,9.9e-05,1
3543,line,3646,佐原線,2338,2339,66.0,137.18,0.00028,0
3544,line,3647,水資源返田線,2338,2517,66.0,137.18,0.0002,1
3545,line,3648,佐原線,2339,2340,66.0,137.18,1.4e-05,0
3546,line,3649,東日本旅客鉄道株式会社 66.0kV線,2339,2518,66.0,137.18,1e-06,1
3547,line,3650,佐原線,2340,2352,66.0,137.18,1.7e-05,0
3548,line,3651,神崎変電所~大栄変電所線,2340,4363,66.0,137.18,0.000392,1
3549,line,3653,北千葉線,4344,4416,275.0,1905.26,1e-06,0
3550,line,3654,北千葉線,4416,4415,275.0,1905.26,1e-06,0
3551,line,3655,東京電力パワーグリッド 275.0kV線,4415,4095,275.0,1905.26,1e-06,0
3552,line,3656,市津線,4221,4418,66.0,137.18,0.000217,0
3553,line,3657,姉原線,4221,4403,66.0,137.18,0.000135,0
3554,line,3658,市津線 / 五井環線,4221,4409,66.0,274.36,0.000101,0
3555,line,3659,八幡環線 / 市原環線,4221,4216,66.0,480.12,2.4e-05,1
3556,line,3660,横田線,2342,2343,66.0,137.18,4.2e-05,0
3557,line,3661,木内線,2342,4392,66.0,137.18,0.000124,0
3558,line,3662,木内線,2342,2439,66.0,137.18,2.4e-05,0
3559,line,3663,東京電力パワーグリッド 66.0kV線,2343,2546,66.0,137.18,2e-06,1
3560,line,3664,横田線,2343,2344,66.0,137.18,6.7e-05,0
3561,line,3665,横田線,2344,4400,66.0,137.18,0.000267,0
3562,line,3666,大寺浄水場線,2344,2545,66.0,137.18,3e-05,1
3563,line,3667,横田線,4400,2345,66.0,137.18,7.6e-05,0
3564,line,3668,東京電力パワーグリッド 66.0kV線,2345,2544,66.0,137.18,1e-06,1
3565,line,3669,横田線,2345,2346,66.0,137.18,0.00032,0
3566,line,3670,久留里線,2346,2418,66.0,137.18,1e-05,0
3567,line,3671,久留里線,2346,2440,66.0,137.18,9e-06,0
3568,line,3672,東京電力パワーグリッド 154.0kV線,4417,4096,154.0,1600.41,1e-06,0
3569,line,3673,生実線 / 東千葉房総線,4417,4345,154.0,1600.41,1e-06,0
3570,line,3674,北五井火力線,4417,4408,154.0,1066.94,3.9e-05,0
3571,line,3675,北五井火力線（休止中）,4408,2566,154.0,1066.94,2e-06,1
3572,line,3676,五井火力線／北五井火力線（休止中）,2347,4407,275.0,3810.51,1e-06,1
3573,line,3677,五井火力線／北五井火力線（休止中）,4407,4095,275.0,1905.26,2.1e-05,0
3574,line,3678,姉崎線3・4L,4095,2348,275.0,5715.77,1.2e-05,1
3575,line,3679,君津線,4095,4223,275.0,1905.26,4.8e-05,0
3576,line,3680,君津線,4223,4227,275.0,1905.26,1e-06,0
3577,line,3681,新京葉線,4314,4477,500.0,6928.2,5e-06,0
3578,line,3682,千葉新線,2349,2350,66.0,137.18,0.000173,0
3579,line,3683,八千代台線,2349,4267,66.0,137.18,3.2e-05,1
3580,line,3684,千葉新線,2349,4423,66.0,274.36,1.3e-05,0
3581,line,3685,阿蘇線,2349,4424,66.0,137.18,3.8e-05,0
3582,line,3686,千葉新線,2350,4278,66.0,137.18,0.000166,0
3583,line,3687,柏井浄水線,2350,4198,66.0,137.18,7.5e-05,1
3584,line,3688,吉橋線,4278,4320,66.0,137.18,0.000102,0
3585,line,3689,千葉新線,4278,4125,66.0,411.54,5.3e-05,0
3586,line,3690,下総線 / 北船橋線,4434,2351,154.0,1066.94,1.6e-05,0
3587,line,3691,北船橋線,2351,2464,154.0,533.47,0.0,0
3588,line,3692,下総線,2351,2463,154.0,533.47,2.3e-05,0
3589,line,3693,佐原線,2352,4370,66.0,137.18,0.000229,0
3590,line,3694,JR下総神崎線,2352,4081,66.0,137.18,0.000133,1
3591,line,3695,佐原線,4370,4364,66.0,137.18,0.000345,0
3592,line,3696,佐原線,4364,2353,66.0,137.18,8.2e-05,0
3593,line,3697,安食線/佐原線,2353,4184,66.0,274.36,1.6e-05,0
3594,line,3698,安食線,2353,2399,66.0,137.18,0.000155,0
3595,line,3699,小松川線,4501,2386,154.0,533.47,2.6e-05,0
3596,line,3700,亀戸線 / 東八潮線,4501,4497,154.0,1066.94,8e-06,0
3597,line,3701,伊原線;草加青柳線,4501,4161,154.0,1066.94,4e-06,0
3598,line,3702,吉橋線,4320,4441,66.0,137.18,0.000118,0
3599,line,3703,吉橋線,4441,2354,66.0,137.18,0.000171,1
3600,line,3704,葛西水再生センター線,4273,4146,66.0,137.18,4.4e-05,0
3601,line,3705,leadin,4146,2457,66.0,68.59,0.000133,0
3602,line,3706,南小松川線,4145,4272,154.0,533.47,8e-06,0
3603,line,3707,塩鳥線,4176,4281,66.0,274.36,1.3e-05,1
3604,line,3708,塩浜南線,4176,2355,66.0,137.18,2.2e-05,1
3605,line,3709,大同特殊鋼線,2355,2394,66.0,274.36,1e-06,1
3606,line,3710,塩浜南線,2355,4062,66.0,274.36,8.3e-05,1
3607,line,3711,レナウン線,4439,4122,66.0,68.59,0.000116,1
3608,line,3712,京葉港線,4439,2388,66.0,137.18,4.7e-05,1
3609,line,3713,京葉港線,4439,2389,66.0,137.18,5.8e-05,1
3610,line,3714,富津火力線,4398,4294,500.0,6928.2,0.0,0
3611,line,3715,富津火力線 / 上総線,4398,4222,500.0,27712.81,4e-06,0
3612,line,3716,富津火力線,4294,4218,500.0,13856.41,0.0,0
3613,line,3717,木内線 / 小糸川線,2356,2380,66.0,274.36,4e-06,0
3614,line,3718,潮見線 / 小糸川線,2356,2357,66.0,274.36,7.9e-05,0
3615,line,3719,木内線,2356,4391,66.0,137.18,3.5e-05,0
3616,line,3720,潮見線 / 小糸川線,2357,4395,66.0,274.36,1.9e-05,0
3617,line,3721,青堀線,2357,4335,66.0,137.18,3.1e-05,1
3618,line,3722,潮見線 / 小糸川線,4395,2358,66.0,411.54,2.3e-05,0
3619,line,3723,小糸川線 / 富津線,2358,2500,66.0,274.36,6.3e-05,0
3620,line,3724,潮見線,2358,4396,66.0,274.36,0.000122,1
3621,line,3725,内房線,2359,2498,66.0,137.18,1.2e-05,0
3622,line,3726,内房線,2359,4390,66.0,137.18,7.9e-05,0
3623,line,3727,JR佐貫線,2359,2541,66.0,137.18,7.3e-05,1
3624,line,3728,君津共火線,4217,2360,154.0,533.47,1.2e-05,1
3625,line,3729,東京送電線_197,2360,2503,154.0,266.74,1e-06,1
3626,line,3730,君津共火線,2360,4224,154.0,533.47,0.000117,1
3627,line,3731,東葛高柳線,4464,4316,66.0,411.54,4e-06,0
3628,line,3732,leadin,4464,2382,66.0,137.18,3.9e-05,1
3629,line,3733,高柳沼南線,4464,2361,66.0,274.36,1.3e-05,0
3630,line,3734,高柳沼南線,2361,2362,66.0,274.36,7.6e-05,0
3631,line,3735,増尾線,2361,4463,66.0,137.18,0.000111,1
3632,line,3736,高柳沼南線,2362,4313,66.0,274.36,2e-05,0
3633,line,3737,沼南給水線,2362,2592,66.0,205.77,3.8e-05,1
3634,line,3738,高柳沼南線,4313,4312,66.0,274.36,7.2e-05,0
3635,line,3739,富塚線,4313,4315,66.0,137.18,9e-05,0
3636,line,3740,北白子線,2363,2364,66.0,137.18,0.000219,1
3637,line,3741,東金線,2363,4383,66.0,137.18,2.9e-05,1
3638,line,3742,東金線,2363,2404,66.0,137.18,9.2e-05,1
3639,line,3743,北白子線,2364,4126,66.0,137.18,0.000159,1
3640,line,3744,九十九里線,2364,2396,66.0,137.18,3.7e-05,1
3641,line,3745,大原線,2365,4127,66.0,137.18,0.00013,1
3642,line,3746,外房線,2365,2447,66.0,137.18,0.000292,0
3643,line,3747,外房線,2365,2429,66.0,137.18,7.7e-05,0
3644,line,3748,東金線,4383,4128,66.0,137.18,0.000256,1
3645,line,3749,早野線,4266,4131,66.0,411.54,3e-06,0
3646,line,3750,岬町線,4266,2366,66.0,137.18,9.8e-05,0
3647,line,3751,東京電力パワーグリッド 66.0kV線,2366,2532,66.0,137.18,2e-06,1
3648,line,3752,岬町線,2366,4130,66.0,137.18,0.000179,0
3649,line,3753,岬町線,4130,2367,66.0,137.18,0.000116,0
3650,line,3754,JR一の宮線,2367,4386,66.0,137.18,3.1e-05,1
3651,line,3755,岬町線,2367,4123,66.0,137.18,0.000302,0
3652,line,3756,JR大網線,2368,4269,66.0,137.18,3.9e-05,1
3653,line,3757,茂原線 / 東金線,2368,4139,66.0,274.36,1.4e-05,0
3654,line,3758,茂原線 / 東金線,2368,2404,66.0,274.36,9e-06,0
3655,line,3759,leadin,4396,2543,66.0,205.77,2.7e-05,1
3656,line,3760,美園線,2369,4995,154.0,533.47,6.3e-05,0
3657,line,3761,京北線,2369,4505,154.0,533.47,4.6e-05,0
3658,line,3762,東埼玉線,4995,5055,154.0,533.47,4.4e-05,0
3659,line,3763,船橋線 / 幕張線,4243,2370,66.0,274.36,2.4e-05,0
3660,line,3764,田喜野井線,4243,4213,66.0,137.18,9.4e-05,1
3661,line,3765,藤崎線,4243,4431,66.0,137.18,7.3e-05,0
3662,line,3766,船橋線 / 藤崎線,4243,4206,66.0,274.36,9e-06,0
3663,line,3767,船橋線 / 幕張線,2370,4432,66.0,274.36,4.2e-05,0
3664,line,3768,鷺沼線,2370,4433,66.0,137.18,1.9e-05,1
3665,line,3769,船橋線 / 幕張線,4432,4188,66.0,274.36,5.9e-05,0
3666,line,3770,長作線,4188,4192,66.0,137.18,9e-05,1
3667,line,3771,千葉線 / 検見川線,4188,4177,66.0,274.36,2.8e-05,0
3668,line,3772,藤崎線,4188,4431,66.0,137.18,0.000124,0
3669,line,3773,習志野線,4188,2509,66.0,137.18,0.000167,1
3670,line,3774,千葉線 / 検見川線,4177,2371,66.0,274.36,4.8e-05,0
3671,line,3775,leadin,2371,4150,66.0,68.59,0.000262,1
3672,line,3776,千葉線 / 検見川線,2371,2372,66.0,274.36,4.6e-05,0
3673,line,3777,千葉線 / 検見川線,2372,2373,66.0,274.36,1.4e-05,0
3674,line,3778,園生線,2372,4438,66.0,137.18,4.2e-05,1
3675,line,3779,千葉線 / 検見川線,2373,4427,66.0,274.36,2.7e-05,0
3676,line,3780,西千葉線 / 出洲線,2373,4428,66.0,342.95,2.6e-05,1
3677,line,3781,千葉線 / 検見川線,4427,2570,66.0,274.36,9e-06,0
3678,line,3782,花見川線,4318,4187,275.0,1905.26,1.1e-05,0
3679,line,3783,検見川線,2374,2454,66.0,137.18,3e-06,0
3680,line,3784,千葉線,2374,2570,66.0,137.18,1e-05,0
3681,line,3785,千葉線 / 検見川線,2374,2375,66.0,274.36,2.1e-05,0
3682,line,3786,leadin,2375,4425,66.0,68.59,0.000162,1
3683,line,3787,千葉線 / 検見川線,2375,4125,66.0,274.36,1.7e-05,0
3684,line,3788,東千葉外房線 / 千葉大網線,4125,4421,66.0,68.59,0.000284,0
3685,line,3789,都町線,4125,4410,66.0,137.18,4.4e-05,1
3686,line,3790,村田川線,4125,2398,66.0,137.18,9.8e-05,0
3687,line,3791,新港清掃線 / 出洲線,4428,4429,66.0,274.36,9e-06,1
3688,line,3792,銚子線,2376,4361,66.0,137.18,0.000176,0
3689,line,3793,JR小見川線,2376,4179,66.0,137.18,3.6e-05,1
3690,line,3794,銚子線,2376,2378,66.0,137.18,8.3e-05,0
3691,line,3795,銚子線,4361,2377,66.0,137.18,0.000138,0
3692,line,3796,水資源東庄線,2377,2508,66.0,68.59,0.000144,1
3693,line,3797,銚子線,2377,4360,66.0,137.18,8.4e-05,0
3694,line,3798,小見川線,2378,4362,66.0,137.18,7.5e-05,1
3695,line,3799,寺台線,2379,4366,66.0,137.18,6.9e-05,0
3696,line,3800,安食線,2379,2399,66.0,137.18,6.4e-05,0
3697,line,3801,木内線 / 小糸川線 / 内房線,2380,4397,66.0,411.54,0.000118,0
3698,line,3802,内房線,2380,4342,66.0,137.18,0.000269,0
3699,line,3803,木内線 / 小糸川線 / 内房線,4397,4225,66.0,411.54,6.1e-05,0
3700,line,3804,夷隅線 / 久留里線,4225,2418,66.0,274.36,8.2e-05,0
3701,line,3805,富津火力線 / 上総線,4225,2403,66.0,137.18,0.00141,0
3702,line,3806,leadin,2381,4215,154.0,266.74,1e-05,1
3703,line,3807,金ヶ作線,4316,4256,66.0,137.18,0.000122,1
3704,line,3808,田中線,4316,4476,66.0,137.18,0.000179,0
3705,line,3809,東千葉外房線 / 千葉大網線,4421,4139,66.0,68.59,0.001253,0
3706,line,3810,東千葉外房線 / 千葉大網線,4420,2383,154.0,1066.94,3.3e-05,0
3707,line,3811,東千葉外房線 / 千葉大網線,2383,4138,154.0,1066.94,2.2e-05,0
3708,line,3812,大網変電所~外房変電所線,2383,2483,154.0,266.74,8.9e-05,1
3709,line,3813,生実線 / 東千葉房総線,2384,4345,154.0,1066.94,1.8e-05,0
3710,line,3814,生実線,2384,4413,154.0,533.47,1.6e-05,0
3711,line,3815,下葛線,4140,4473,154.0,533.47,1.4e-05,0
3712,line,3816,東葛線,4140,2423,154.0,1066.94,7e-06,0
3713,line,3817,下葛線,4473,4354,154.0,533.47,1.6e-05,0
3714,line,3818,下葛線,4354,4147,154.0,533.47,4.9e-05,0
3715,line,3819,下葛線,4147,2385,154.0,533.47,1.3e-05,0
3716,line,3820,下総線1L,2385,2462,154.0,266.74,2e-06,0
3717,line,3821,下総線1L / 下葛線2L,2385,2463,154.0,533.47,0.0,0
3718,line,3823,我孫子線 / 柏高田線,4250,4251,66.0,274.36,1.8e-05,0
3719,line,3824,田中線,4250,4183,66.0,137.18,4.4e-05,0
3720,line,3825,流山線,4250,2484,66.0,137.18,5.1e-05,0
3721,line,3826,田中線,4183,4476,66.0,137.18,4.4e-05,0
3722,line,3827,leadin,2386,4044,154.0,266.74,1.6e-05,1
3723,line,3828,船橋線 / 藤崎線,4437,4137,66.0,274.36,3.3e-05,0
3724,line,3829,船橋線 / 藤崎線,4137,2387,66.0,274.36,1.4e-05,0
3725,line,3830,東武塚田線,4137,4435,66.0,137.18,6.3e-05,0
3726,line,3831,leadin,4137,4242,66.0,68.59,5.3e-05,1
3727,line,3832,leadin,2387,4252,66.0,68.59,8.5e-05,1
3728,line,3833,船橋線 / 藤崎線,2387,4206,66.0,274.36,8e-05,0
3729,line,3834,京葉港線,4249,2388,66.0,137.18,2.1e-05,1
3730,line,3835,京葉港線,4249,2405,66.0,137.18,0.000148,1
3731,line,3836,京葉ユーティリティー線,2388,2578,66.0,137.18,3.7e-05,1
3732,line,3837,京西線 / 松原線,2390,4074,66.0,274.36,2.2e-05,0
3733,line,3838,吉川線,2390,4459,66.0,137.18,5.8e-05,0
3734,line,3839,北千代田線 / 田端線,4540,4151,154.0,1066.94,1.3e-05,1
3735,line,3840,北千代田線 / 田端線,4151,4285,154.0,1066.94,1e-06,1
3736,line,3841,領家線 / 大日精化線,2391,2450,66.0,274.36,2e-06,0
3737,line,3842,領家線 / 京セラ川口線,2391,2392,66.0,205.77,3.4e-05,1
3738,line,3843,大同精化線,2391,2599,66.0,137.18,2e-05,0
3739,line,3844,leadin,4153,4518,66.0,68.59,0.000153,1
3740,line,3845,亀戸線 / 東八潮線,4497,4156,154.0,1066.94,3e-06,0
3741,line,3846,亀戸線 / 鶴ヶ曽根線,4157,4472,66.0,68.59,6.4e-05,0
3742,line,3847,八条線,4157,4498,66.0,137.18,4e-05,0
3743,line,3848,伊草線 / 横堀線,4157,4496,66.0,274.36,2.5e-05,0
3744,line,3849,足立線,4159,4494,66.0,137.18,2.8e-05,0
3745,line,3850,隅田線,4173,4480,66.0,274.36,9e-06,1
3746,line,3851,隅田線 / 堀切ポンプ線,4480,4169,66.0,274.36,1.5e-05,1
3747,line,3852,東武塚田線,4435,2393,66.0,137.18,2.5e-05,1
3748,line,3853,吉川線,2395,4234,66.0,137.18,0.000186,1
3749,line,3854,吉川線,2395,5089,66.0,137.18,6.7e-05,0
3750,line,3855,水海道線,2395,5042,66.0,137.18,0.000155,0
3751,line,3856,八条線,4498,4346,66.0,137.18,5.5e-05,1
3752,line,3857,花総線 (Hanafusa Sen),4241,4210,66.0,137.18,7.3e-05,0
3753,line,3858,花総線,4241,4453,66.0,137.18,3.8e-05,0
3754,line,3859,leadin,4241,4202,66.0,68.59,6.9e-05,1
3755,line,3860,市船線 / 市川千鳥線,4210,4443,66.0,274.36,1.3e-05,0
3756,line,3861,海神線,4210,4212,66.0,411.54,1.2e-05,0
3757,line,3862,京葉港線,4210,2405,66.0,274.36,4.2e-05,1
3758,line,3863,九十九里線,2396,2397,66.0,137.18,0.000228,1
3759,line,3864,白里線,2396,2529,66.0,137.18,3.1e-05,1
3760,line,3865,九十九里線,2397,4382,66.0,137.18,3.4e-05,1
3761,line,3866,日本ペイント線,2397,2530,66.0,274.36,2.6e-05,1
3762,line,3867,村田川線 / 生浜線,2398,2567,66.0,274.36,2.6e-05,0
3763,line,3868,生浜線,2398,4411,66.0,137.18,4.2e-05,1
3764,line,3869,東取手線 / 取手線,5108,5290,66.0,274.36,1.8e-05,1
3765,line,3870,取手線,5108,2955,66.0,137.18,0.000161,1
3766,line,3871,東取手線,5108,4350,66.0,274.36,7.4e-05,1
3767,line,3872,東京電気化学線,2399,4258,66.0,137.18,5.9e-05,1
3768,line,3873,寺台線,4244,4366,66.0,137.18,9.3e-05,0
3769,line,3874,西成田線,4244,2519,66.0,137.18,8.3e-05,0
3770,line,3875,JR鵜原線,2400,2535,66.0,137.18,9.8e-05,1
3771,line,3876,外房線,2400,2495,66.0,137.18,0.000242,0
3772,line,3877,外房線,2400,2497,66.0,137.18,5.1e-05,0
3773,line,3878,夷隅線,4132,2401,66.0,137.18,0.000392,0
3774,line,3879,夷隅線 / 久留里線,4132,2440,66.0,274.36,5.2e-05,0
3775,line,3880,夷隅線,2401,2504,66.0,137.18,0.00024,0
3776,line,3881,高滝線,2401,2505,66.0,137.18,0.000357,1
3777,line,3882,夷隅線,4129,4123,66.0,137.18,0.000487,0
3778,line,3883,夷隅線,4129,2504,66.0,137.18,0.000115,0
3779,line,3884,外房線,4123,2429,66.0,137.18,6.7e-05,0
3780,line,3885,大木戸線,2402,4205,66.0,137.18,0.00034,1
3781,line,3886,茂原線 / 高師線,2402,2404,66.0,274.36,0.000104,0
3782,line,3887,茂原線 / 高師線,2402,2507,66.0,274.36,1.3e-05,0
3783,line,3888,上総線,2403,2409,66.0,137.18,2.3e-05,0
3784,line,3889,外房線,2403,2495,66.0,137.18,0.000408,0
3785,line,3890,JR御宿線,4388,4387,66.0,68.59,8.6e-05,1
3786,line,3891,御宿線,4388,2447,66.0,137.18,3.6e-05,1
3787,line,3892,鹿島南共発線 / 東深芝線,4238,4357,66.0,342.95,8e-06,0
3788,line,3893,湖南線,4238,5096,66.0,274.36,4.4e-05,0
3789,line,3894,鹿島線 / 船津線,4238,2424,66.0,68.59,0.000104,0
3790,line,3895,住友金属線 / 鹿島西部環線,4238,2522,66.0,68.59,6.8e-05,0
3791,line,3896,湖南線,5096,5002,66.0,274.36,5.8e-05,0
3792,line,3897,鹿島線 / 船津線,5096,2424,66.0,68.59,7e-05,0
3793,line,3898,鹿島線 / 船津線,5096,5098,66.0,68.59,6.3e-05,0
3794,line,3899,鹿島西部環線,5096,3283,66.0,137.18,7.4e-05,0
3795,line,3900,鹿島線/船津線,5002,5093,66.0,68.59,3e-05,0
3796,line,3901,香取線 / 湖南線,5002,2961,66.0,274.36,0.000144,0
3797,line,3902,船津線,5002,5094,66.0,137.18,0.000179,1
3798,line,3903,鹿島南共発線 / 東深芝線,4357,5143,66.0,68.59,0.000305,0
3799,line,3904,波崎線 / 土合線,4357,2425,66.0,274.36,1e-05,0
3800,line,3905,東深芝線,5143,5180,66.0,137.18,3.4e-05,0
3801,line,3906,南共発線,5143,2511,66.0,205.77,8.6e-05,1
3802,line,3907,鹿島南共発線 / 東深芝線,4237,4356,154.0,1066.94,2e-06,0
3803,line,3908,鹿島南共発線 / 東深芝線,4356,5142,154.0,1066.94,1.3e-05,0
3804,line,3909,東京電力パワーグリッド 66.0kV線,2405,2577,66.0,137.18,1.9e-05,1
3805,line,3910,県水木下線,2406,2407,66.0,137.18,7.3e-05,1
3806,line,3911,牧の原線,2406,2408,66.0,137.18,0.000307,0
3807,line,3912,牧の原線 / 県水木下線,2406,2461,66.0,274.36,2.2e-05,0
3808,line,3913,竜宗線,2408,2475,66.0,137.18,0.000217,1
3809,line,3914,木下線,2408,4307,66.0,137.18,9.9e-05,0
3810,line,3915,市川千鳥線,4447,4449,66.0,137.18,5.9e-05,0
3811,line,3916,市船線,4447,4189,66.0,137.18,5.1e-05,0
3812,line,3917,市船線 / 市川千鳥線,4447,4446,66.0,411.54,3.7e-05,0
3813,line,3918,丸一鋼管線,4449,2580,66.0,137.18,2.6e-05,1
3814,line,3919,上総線,2409,4203,66.0,137.18,0.000117,0
3815,line,3920,亀田総合病院線,2409,2410,66.0,137.18,5.5e-05,1
3816,line,3921,南房線,4203,2499,66.0,137.18,0.000116,0
3817,line,3922,下市場二丁目変電所~八千代台変電所線,4267,4268,66.0,137.18,5.1e-05,1
3818,line,3923,鹿島第二火力線,5179,5141,275.0,3810.51,1e-06,0
3819,line,3924,神栖火力線,5179,3282,275.0,1905.26,1e-06,1
3820,line,3925,鹿島海浜線,5179,2510,275.0,1905.26,1e-05,1
3821,line,3926,南房線,4299,2411,66.0,137.18,0.000251,0
3822,line,3927,内房線,4299,2413,66.0,137.18,0.00019,0
3823,line,3928,東日本旅客鉄道株式会社 66.0kV線,2411,2539,66.0,137.18,1e-06,1
3824,line,3929,南房線,2411,2412,66.0,137.18,0.000476,0
3825,line,3930,南房線,2412,2499,66.0,137.18,0.000359,0
3826,line,3931,JR和田浦線,2412,2538,66.0,205.77,4.3e-05,1
3827,line,3932,内房線,4293,4292,66.0,137.18,2.3e-05,0
3828,line,3933,内房線,4293,4390,66.0,137.18,0.000519,0
3829,line,3934,JR勝山線,4293,2428,66.0,137.18,0.000148,1
3830,line,3935,内房線,4292,2413,66.0,137.18,0.00049,0
3831,line,3936,富浦線,2413,4389,66.0,137.18,0.00019,1
3832,line,3937,茂原線,2414,4385,66.0,137.18,0.000136,0
3833,line,3938,茂原線 / 高師線,2414,2506,66.0,274.36,4.8e-05,0
3834,line,3939,高師線,2414,4384,66.0,137.18,4.2e-05,1
3835,line,3940,茂原線,4385,4131,66.0,137.18,4.3e-05,0
3836,line,3941,南袖ヶ浦線,4404,2416,66.0,137.18,3.6e-05,1
3837,line,3942,namebind,4404,2489,66.0,137.18,5e-05,0
3838,line,3943,中袖線 / 代宿環線,4404,2488,66.0,274.36,2.3e-05,0
3839,line,3944,東日本旅客鉄道株式会社 66.0kV線,2416,2550,66.0,137.18,3e-06,1
3840,line,3945,南袖ヶ浦線,2416,2417,66.0,137.18,0.00015,1
3841,line,3946,東日本旅客鉄道株式会社 66.0kV線,2417,2549,66.0,137.18,1e-06,1
3842,line,3947,南袖ヶ浦線,2417,2548,66.0,205.77,2.1e-05,1
3843,line,3948,市船線 / 市川千鳥線,4443,4446,66.0,274.36,1.4e-05,0
3844,line,3949,淀川製鋼線,4446,2579,66.0,137.18,9.3e-05,1
3845,line,3950,南川崎南大田線,4527,2603,154.0,533.47,7e-06,1
3846,line,3951,萩中線,4340,4214,66.0,137.18,3.6e-05,1
3847,line,3952,leadin,4214,4305,66.0,68.59,0.000131,1
3848,line,3953,鹿島第二火力線,5141,4355,275.0,3810.51,3e-06,0
3849,line,3954,鹿島火力線,4355,4236,275.0,3810.51,0.0,0
3850,line,3955,鹿島線 / 船津線,4236,5095,275.0,13336.79,1e-06,0
3851,line,3956,夷隅線,2418,2440,66.0,137.18,1.9e-05,0
3852,line,3957,富津火力線,4220,4218,500.0,6928.2,0.0,1
3853,line,3958,久里浜線,4542,2420,66.0,137.18,4.5e-05,1
3854,line,3959,久里浜線,2420,2421,66.0,137.18,2.5e-05,1
3855,line,3960,馬堀線,2420,4232,66.0,137.18,6.8e-05,1
3856,line,3961,leadin,2421,4543,66.0,68.59,6.2e-05,1
3857,line,3962,久里浜線,2421,4254,66.0,137.18,2.3e-05,1
3858,line,3963,leadin,2422,4274,154.0,266.74,3.1e-05,1
3859,line,3964,東葛線,2422,2423,154.0,1066.94,2.1e-05,0
3860,line,3965,北千葉浄水線,2423,2591,154.0,533.47,1.3e-05,1
3861,line,3966,吉川線,4459,4235,66.0,137.18,9.3e-05,0
3862,line,3967,吉川線,4235,5089,66.0,137.18,7.4e-05,0
3863,line,3968,香取線 / 湖南線,4068,5001,275.0,5715.77,1.3e-05,0
3864,line,3969,東京送電線_462,2424,3283,66.0,137.18,1.4e-05,0
3865,line,3970,香取線,5095,5092,275.0,1905.26,5e-06,0
3866,line,3971,鹿島線 / 船津線,5095,5097,275.0,3810.51,1e-06,0
3867,line,3972,鹿島パワー線,5095,3285,275.0,3810.51,6e-06,1
3868,line,3973,香取線,5092,5001,275.0,7621.02,0.0,0
3869,line,3974,鹿島線/船津線,5092,5097,275.0,3810.51,2e-06,0
3870,line,3975,鹿島線,5001,5064,275.0,1905.26,7.9e-05,0
3871,line,3976,春日部線,4504,4288,275.0,1905.26,2e-06,0
3872,line,3977,春日部線,4504,5280,275.0,5715.77,1.2e-05,0
3873,line,3978,二和線,4328,4246,66.0,137.18,3.1e-05,1
3874,line,3979,江東線 / 二和線,4328,4120,66.0,137.18,0.000185,0
3875,line,3980,新京成二和線,4246,4207,66.0,137.18,1.4e-05,1
3876,line,3981,東京電力パワーグリッド 66.0kV線,2425,2512,66.0,137.18,4e-06,1
3877,line,3982,波崎線 / 土合線,2425,2426,66.0,274.36,3.2e-05,0
3878,line,3983,東京電力パワーグリッド 66.0kV線,2426,2513,66.0,137.18,3e-06,1
3879,line,3984,波崎線 / 土合線,2426,4298,66.0,274.36,0.000115,0
3880,line,3985,波崎線 / 土合線,4298,2427,66.0,411.54,3.3e-05,0
3881,line,3986,波崎線,2427,4270,66.0,137.18,1.8e-05,1
3882,line,3987,土合線,2427,2455,66.0,137.18,7.5e-05,0
3883,line,3988,波崎工団線,2427,4300,66.0,137.18,5e-05,0
3884,line,3989,角来線,4262,4263,66.0,137.18,0.000107,1
3885,line,3990,角来線,4262,2527,66.0,137.18,0.000164,1
3886,line,3991,角来線,4263,4261,66.0,137.18,2.2e-05,1
3887,line,3992,JR三門線,2429,2485,66.0,137.18,0.000133,1
3888,line,3993,市船線,4451,4189,66.0,137.18,3.4e-05,0
3889,line,3994,浦安東線,4451,2583,66.0,137.18,3e-05,1
3890,line,3995,市津線,4097,4418,66.0,137.18,1.9e-05,0
3891,line,3996,東日本旅客鉄道株式会社 66.0kV線,2430,2554,66.0,68.59,3e-06,0
3892,line,3997,袖ヶ浦環線 / 長浦環線,2430,2431,66.0,274.36,4.1e-05,0
3893,line,3998,東日本旅客鉄道株式会社 66.0kV線,2430,2552,66.0,205.77,1e-06,0
3894,line,3999,袖ヶ浦環線 / 長浦環線,2431,2432,66.0,274.36,5e-06,0
3895,line,4000,長浦環線,2431,2492,66.0,137.18,5e-06,0
3896,line,4001,袖ヶ浦環線 / 長浦環線,2432,4405,66.0,274.36,2.4e-05,0
3897,line,4002,長浦環線,2432,2493,66.0,137.18,4e-06,0
3898,line,4003,代宿環線,4405,2486,66.0,274.36,5.1e-05,0
3899,line,4004,代宿環線,4405,2493,66.0,274.36,2.4e-05,0
3900,line,4005,leadin,4405,2564,66.0,274.36,1.3e-05,1
3901,line,4006,leadin,4405,4196,66.0,274.36,8e-05,0
3902,line,4007,木更津線,2433,4257,66.0,137.18,0.000109,0
3903,line,4008,姉原線 / 木更津線,2433,2434,66.0,274.36,0.000135,0
3904,line,4009,姉原線,2433,2438,66.0,137.18,4.1e-05,0
3905,line,4010,木更津線,4257,2439,66.0,137.18,0.000574,0
3906,line,4011,東日本旅客鉄道株式会社 66.0kV線,2434,2555,66.0,68.59,3e-06,0
3907,line,4012,東日本旅客鉄道株式会社 66.0kV線,2434,2556,66.0,68.59,3e-06,0
3908,line,4013,東日本旅客鉄道株式会社 66.0kV線,2434,2557,66.0,68.59,3e-06,0
3909,line,4014,東日本旅客鉄道株式会社 66.0kV線,2434,2551,66.0,68.59,5e-06,0
3910,line,4015,東日本旅客鉄道株式会社 66.0kV線,2435,2558,66.0,68.59,3e-06,0
3911,line,4016,tokyo_line_2017,2435,2557,66.0,68.59,4e-06,0
3912,line,4017,東日本旅客鉄道株式会社 66.0kV線,2435,2556,66.0,205.77,2e-06,0
3913,line,4018,青柳環線 / 前川環線,2435,2436,66.0,480.12,7e-05,1
3914,line,4019,青柳環線 / 前川環線,2436,2437,66.0,274.36,5e-06,1
3915,line,4020,前川環線,2436,2559,66.0,274.36,1e-06,1
3916,line,4021,前川環線,2437,2442,66.0,137.18,3.3e-05,1
3917,line,4022,青柳環線,2437,2494,66.0,137.18,7.2e-05,1
3918,line,4023,姉原線,4403,2438,66.0,137.18,9e-05,0
3919,line,4024,千種線,2438,4406,66.0,137.18,3.9e-05,1
3920,line,4025,木内線,4392,4391,66.0,137.18,0.000251,0
3921,line,4026,木更津線 / 木内線,2439,4393,66.0,274.36,4e-05,1
3922,line,4027,佐貫変電所~近藤変電所線,4342,4303,66.0,137.18,6e-05,1
3923,line,4028,内房線,4342,2498,66.0,205.77,7.5e-05,0
3924,line,4029,銚子線/松岸線,2441,4091,66.0,274.36,2.1e-05,1
3925,line,4030,犬吠線,2441,2481,66.0,137.18,0.000179,1
3926,line,4031,三野宮線,4996,2953,66.0,137.18,0.000225,1
3927,line,4032,岩槻線 / 七里線,4996,2665,66.0,274.36,0.000123,0
3928,line,4033,岩白線;鷲宮線,4996,3315,66.0,274.36,0.000113,0
3929,line,4035,住金波崎線,4270,2448,66.0,137.18,6e-06,1
3930,line,4036,青柳環線,2443,2444,66.0,137.18,2.7e-05,1
3931,line,4037,青柳環線,2443,2563,66.0,137.18,6.5e-05,1
3932,line,4038,青柳環線,2443,2562,66.0,137.18,3e-06,1
3933,line,4039,青柳環線,2444,2494,66.0,68.59,2.3e-05,0
3934,line,4040,青柳環線,2444,2560,66.0,68.59,1.8e-05,0
3935,line,4041,東京電力パワーグリッド 66.0kV線,2445,2446,66.0,137.18,1.2e-05,0
3936,line,4042,長浦変電所~中袖変電所線,2445,2489,66.0,205.77,1.6e-05,0
3937,line,4043,中袖線,2445,2488,66.0,137.18,3.3e-05,0
3938,line,4044,東京電力パワーグリッド 66.0kV線,2445,2487,66.0,137.18,8e-06,0
3939,line,4045,東京電力パワーグリッド 66.0kV線,2446,4196,66.0,137.18,2.1e-05,0
3940,line,4046,東京電力パワーグリッド 66.0kV線,2446,2490,66.0,137.18,1.1e-05,0
3941,line,4047,東京電力パワーグリッド 66.0kV線,4196,2565,66.0,137.18,2.7e-05,1
3942,line,4048,代宿環線,4196,2490,66.0,274.36,1.1e-05,0
3943,line,4049,外房線,2447,4291,66.0,137.18,0.000319,0
3944,line,4050,浮島陸線,4279,4066,66.0,137.18,2.3e-05,1
3945,line,4051,浮島陸線,4279,4111,66.0,137.18,0.000131,1
3946,line,4052,浮島陸線,4066,4283,66.0,137.18,6.4e-05,1
3947,line,4053,千鳥町線,4281,4280,66.0,274.36,7e-06,1
3948,line,4054,岩淵線 / 赤羽線 / 神谷ポンプ線,4152,4284,66.0,548.71,6e-06,1
3949,line,4055,鹿浜線 / 大日精化線,4152,2450,66.0,411.54,1e-05,1
3950,line,4056,鹿浜線,2450,2470,66.0,274.36,8e-06,0
3951,line,4057,南葛線;東尾久線,4289,2452,154.0,1066.94,2e-06,0
3952,line,4058,京北線,4289,4505,154.0,1066.94,2e-06,0
3953,line,4061,検見川線,2454,2570,66.0,137.18,6e-06,0
3954,line,4062,高品線,2454,4426,66.0,137.18,2e-05,1
3955,line,4063,leadin,4426,4297,66.0,68.59,1.8e-05,1
3956,line,4064,leadin,4283,4282,66.0,68.59,2.4e-05,1
3957,line,4065,千鳥町線,4283,4280,66.0,274.36,6e-06,1
3958,line,4066,土合線,2455,2456,66.0,137.18,0.000186,0
3959,line,4067,leadin,2455,4300,66.0,68.59,8e-05,0
3960,line,4068,土合線,2456,4301,66.0,137.18,0.000167,1
3961,line,4069,葛西橋線,4479,2457,66.0,137.18,6.4e-05,0
3962,line,4070,leadin,2457,4090,66.0,68.59,0.000164,1
3963,line,4071,高柳沼南線,4120,4312,66.0,274.36,1.7e-05,0
3964,line,4072,木下線 / 印西線 / 千葉新線,4120,4325,66.0,68.59,7.7e-05,0
3965,line,4073,木下線 / 印西線 / 千葉新線,4325,2458,66.0,68.59,0.000219,0
3966,line,4074,木下線 / 印西線,2458,2459,66.0,68.59,0.000458,0
3967,line,4075,千葉新線,2458,4422,66.0,274.36,4.9e-05,0
3968,line,4076,木下線 / 印西線 / 千葉新線,4119,4324,154.0,1600.41,2e-06,0
3969,line,4077,下総線,4119,2462,154.0,1066.94,2.1e-05,0
3970,line,4078,木下線 / 印西線 / 千葉新線,4324,4531,154.0,1600.41,2.1e-05,0
3971,line,4079,印旛西線,2459,2477,66.0,137.18,0.000231,1
3972,line,4080,木下線 / 印西線,2459,4532,66.0,68.59,4.8e-05,0
3973,line,4081,JR布佐線,4308,2460,66.0,137.18,0.000169,1
3974,line,4082,印西線,4308,2461,66.0,137.18,2e-05,1
3975,line,4083,leadin,2460,4377,66.0,137.18,9.8e-05,0
3976,line,4084,JR布佐線,2460,4265,66.0,137.18,0.000101,0
3977,line,4085,印西線,2461,4381,66.0,274.36,5.1e-05,0
3978,line,4086,千葉新線,4422,4423,66.0,274.36,4.7e-05,0
3979,line,4087,東葉高速村上線,4423,2568,66.0,274.36,1e-06,1
3980,line,4088,leadin,4424,2569,66.0,205.77,1.7e-05,1
3981,line,4089,阿蘇線,4424,4310,66.0,137.18,4.9e-05,0
3982,line,4090,下総線2L,2462,2463,154.0,266.74,1e-06,0
3983,line,4091,矢切線,2464,4317,154.0,533.47,4e-06,0
3984,line,4092,北船橋線,2464,4248,154.0,533.47,6e-06,0
3985,line,4093,矢切線,4317,4109,154.0,533.47,3e-05,0
3986,line,4094,矢切線,4109,4116,154.0,533.47,1.1e-05,0
3987,line,4095,矢切線,4116,4455,154.0,533.47,8e-06,0
3988,line,4096,坪井線,4248,2465,154.0,533.47,2.1e-05,0
3989,line,4097,leadin,2465,4208,154.0,266.74,2e-05,1
3990,line,4098,新京葉変電所~高瀬分岐所線,4323,4321,500.0,3464.1,1e-06,0
3991,line,4099,新京葉変電所~高瀬分岐所線,4321,4326,500.0,3464.1,1e-06,0
3992,line,4100,新京葉変電所~高瀬分岐所線,4326,4322,500.0,3464.1,0.0,0
3993,line,4101,新京葉変電所~高瀬分岐所線,4322,4327,500.0,3464.1,1e-06,0
3994,line,4102,新京葉変電所~高瀬分岐所線,4327,4247,500.0,3464.1,2e-06,0
3995,line,4103,新京葉変電所~高瀬分岐所線,4247,4329,500.0,3464.1,1e-06,0
3996,line,4104,新京葉変電所~高瀬分岐所線,4329,4330,500.0,3464.1,1e-06,0
3997,line,4105,新京葉変電所~高瀬分岐所線,4330,4331,500.0,3464.1,1e-06,0
3998,line,4106,新京葉変電所~高瀬分岐所線,4331,4332,500.0,3464.1,1e-06,0
3999,line,4107,新京葉変電所~高瀬分岐所線,4332,4239,500.0,3464.1,1e-06,0
4000,line,4108,新京葉変電所~高瀬分岐所線,4239,4211,500.0,3464.1,5e-06,0
4001,line,4109,海神変電所~新西船橋変電所線,4211,4444,500.0,6928.2,1e-06,0
4002,line,4110,東京電力パワーグリッド 500.0kV線,4444,2466,500.0,6928.2,0.0,1
4003,line,4111,東京電力パワーグリッド 500.0kV線,4444,4448,500.0,6928.2,2e-06,0
4004,line,4112,東京電力パワーグリッド 500.0kV線,4448,2467,500.0,6928.2,0.0,1
4005,line,4113,東京電力パワーグリッド 500.0kV線,4448,2468,500.0,6928.2,0.0,1
4006,line,4114,市川塩浜変電所~葛南変電所線,4448,4334,500.0,6928.2,8e-06,1
4007,line,4115,有明二丁目変電所~新豊洲変電所線,4334,4047,500.0,3464.1,1e-06,1
4008,line,4117,運河線,4475,5312,66.0,137.18,0.000157,0
4009,line,4118,流山線,4475,2484,66.0,137.18,2.9e-05,0
4010,line,4119,新都市鉄道柏線,5312,5314,66.0,274.36,7e-06,0
4011,line,4120,高岡線,4197,4373,66.0,137.18,2.5e-05,1
4012,line,4121,東武鐘ヶ淵線,4353,4169,66.0,274.36,3e-06,1
4013,line,4122,leadin,2469,4484,66.0,68.59,4.6e-05,1
4014,line,4123,水元給水線 / 葛飾清掃線,4167,2594,66.0,274.36,1.4e-05,1
4015,line,4124,熊の木ポンプ線,2470,2599,66.0,137.18,1e-06,0
4016,line,4125,蕨線,4512,2606,66.0,274.36,9e-06,1
4017,line,4126,蕨線,4512,2471,66.0,137.18,3.5e-05,1
4018,line,4127,戸田線,4512,2597,66.0,137.18,1e-05,1
4019,line,4128,leadin,2471,4513,66.0,68.59,0.000105,1
4020,line,4129,蕨線,2471,2472,66.0,205.77,4.7e-05,1
4021,line,4130,瀬崎線,5363,4500,66.0,137.18,2.7e-05,0
4022,line,4131,leadin,4363,4259,66.0,68.59,1.5e-05,1
4023,line,4132,安食線/佐原線,4307,4184,66.0,274.36,2.3e-05,0
4024,line,4133,須賀線,4307,4533,66.0,137.18,4.3e-05,1
4025,line,4134,JR布佐線,4265,4377,66.0,137.18,6e-06,0
4026,line,4135,第二機場線,4463,2474,66.0,137.18,0.000203,1
4027,line,4136,新京葉線,4953,4477,500.0,6928.2,6e-06,0
4028,line,4137,新京葉線,4953,5079,500.0,6928.2,2e-06,0
4029,line,4139,NRA松虫線,2476,2477,66.0,137.18,9.8e-05,1
4030,line,4140,NRA松虫線,2476,4458,66.0,137.18,0.000108,1
4031,line,4141,日本医科大線,2476,2587,66.0,137.18,2.9e-05,1
4032,line,4142,印旛西線,2477,4457,66.0,137.18,6.3e-05,1
4033,line,4143,木下線 / 印西線,4532,4379,66.0,68.59,1.5e-05,0
4034,line,4144,木下線 / 印西線,4532,4381,66.0,68.59,5.7e-05,0
4035,line,4145,leadin,4381,4175,66.0,68.59,9.8e-05,1
4036,line,4146,木下線 / 印西線,4531,4378,154.0,1066.94,1e-06,0
4037,line,4147,木下線 / 印西線,4531,4380,154.0,1066.94,2e-06,0
4038,line,4148,八日市場線,2478,2479,66.0,137.18,6.1e-05,0
4039,line,4149,大総線,2478,2524,66.0,274.36,2.4e-05,1
4040,line,4150,八日市場線,2479,4098,66.0,137.18,0.000349,0
4041,line,4151,東京電力パワーグリッド 66.0kV線,2479,2523,66.0,137.18,4.1e-05,1
4042,line,4152,網戸線,4100,2480,66.0,137.18,6.5e-05,0
4043,line,4153,野栄線,2480,4369,66.0,137.18,0.000211,1
4044,line,4154,網戸線,2480,4098,66.0,137.18,4e-05,0
4045,line,4155,犬吠線,2481,2482,66.0,137.18,1.9e-05,1
4046,line,4156,東京電力パワーグリッド 66.0kV線,2481,2515,66.0,137.18,4e-05,1
4047,line,4157,東京電力パワーグリッド 66.0kV線,2482,2514,66.0,137.18,1e-06,1
4048,line,4158,東京電力パワーグリッド 66.0kV線,2482,4358,66.0,137.18,9e-05,1
4049,line,4159,昭和ゴム線,2484,4376,66.0,137.18,0.000122,1
4050,line,4160,代宿環線,2486,2487,66.0,274.36,1.7e-05,0
4051,line,4161,代宿環線,2486,2488,66.0,137.18,6e-06,0
4052,line,4162,代宿環線,2487,2490,66.0,274.36,4e-06,0
4053,line,4163,中袖変電所~長浦変電所線,2487,2489,66.0,137.18,2.9e-05,0
4054,line,4164,東日本旅客鉄道株式会社 66.0kV線,2491,2551,66.0,137.18,1e-06,0
4055,line,4165,東日本旅客鉄道株式会社 66.0kV線,2491,2552,66.0,68.59,3e-06,0
4056,line,4166,東日本旅客鉄道株式会社 66.0kV線,2491,2553,66.0,68.59,3e-06,0
4057,line,4167,代宿環線,2491,2492,66.0,274.36,4.2e-05,0
4058,line,4168,代宿環線,2492,2493,66.0,274.36,5e-06,0
4059,line,4169,青柳環線,2494,2560,66.0,68.59,5e-06,0
4060,line,4170,青柳環線,2494,4255,66.0,274.36,5.5e-05,1
4061,line,4171,東日本旅客鉄道株式会社 66.0kV線,2495,2536,66.0,137.18,5e-06,1
4062,line,4172,外房線,4291,2496,66.0,137.18,2.8e-05,0
4063,line,4173,外房線,2496,2497,66.0,137.18,8e-05,0
4064,line,4174,東京電力パワーグリッド 66.0kV線,2496,2533,66.0,137.18,1.3e-05,1
4065,line,4175,東日本旅客鉄道株式会社 66.0kV線,2497,2534,66.0,137.18,1.1e-05,1
4066,line,4176,東日本旅客鉄道株式会社 66.0kV線,2498,2542,66.0,137.18,1e-06,1
4067,line,4177,JR太海線,2499,2537,66.0,205.77,1.2e-05,1
4068,line,4178,富津線,2500,2501,66.0,137.18,7e-06,0
4069,line,4179,小糸川線,2500,2502,66.0,137.18,7e-06,0
4070,line,4180,富津線,2501,4295,66.0,137.18,3.2e-05,0
4071,line,4181,富津市変電所~新富変電所線,2501,2502,66.0,137.18,1e-05,0
4072,line,4182,小糸川線,2502,4219,66.0,137.18,3e-05,0
4073,line,4183,東京電力パワーグリッド 66.0kV線,2504,2547,66.0,137.18,1e-06,1
4074,line,4184,長南線,2505,4402,66.0,137.18,0.000393,1
4075,line,4185,高滝線,2505,4401,66.0,137.18,0.000108,1
4076,line,4186,JR船形線,4389,2540,66.0,68.59,2e-05,1
4077,line,4187,長柄線,2506,4349,66.0,137.18,0.000263,1
4078,line,4188,茂原線 / 高師線,2506,2507,66.0,274.36,3e-05,0
4079,line,4189,東京電力パワーグリッド 66.0kV線,2507,2531,66.0,137.18,4.2e-05,1
4080,line,4191,両総用水成東線,4102,2525,66.0,137.18,8.9e-05,1
4081,line,4192,銚子線,4360,4359,66.0,137.18,5.4e-05,0
4082,line,4193,東京電力パワーグリッド 66.0kV線,2509,2571,66.0,68.59,2.4e-05,1
4083,line,4194,ニチハマテックス線,2509,2574,66.0,137.18,1e-05,1
4084,line,4195,東京送電線_206,2519,2604,66.0,137.18,5.3e-05,1
4085,line,4196,住友金属線 / 鹿島西部環線,2522,3283,66.0,137.18,2.8e-05,0
4086,line,4197,鹿島西部環線,2522,3284,66.0,274.36,2.6e-05,1
4087,line,4198,藤倉線,2527,2528,66.0,137.18,1e-05,1
4088,line,4199,高師変電所~茂原変電所線,4384,4204,66.0,137.18,2.3e-05,1
4089,line,4200,木更津線 / 木内線,4393,4394,66.0,274.36,4e-06,1
4090,line,4201,富津線,4295,4399,66.0,137.18,2e-05,0
4091,line,4202,tokyo_line_2203,2551,2555,66.0,68.59,2e-06,0
4092,line,4203,tokyo_line_2204,2551,2554,66.0,68.59,2e-06,0
4093,line,4204,tokyo_line_2205,2552,2554,66.0,68.59,1e-06,0
4094,line,4205,tokyo_line_2206,2553,2554,66.0,68.59,1e-06,0
4095,line,4206,tokyo_line_2207,2553,2555,66.0,68.59,2e-06,0
4096,line,4207,tokyo_line_2208,2556,2558,66.0,68.59,2e-06,0
4097,line,4208,tokyo_line_2209,2557,2558,66.0,68.59,3e-06,0
4098,line,4209,青柳環線,2560,2561,66.0,137.18,1e-06,1
4099,line,4210,leadin,2567,4276,66.0,68.59,4.4e-05,1
4100,line,4211,新港清掃線 / 出洲線,4429,4430,66.0,274.36,8e-06,1
4101,line,4212,宮船線,4333,4240,66.0,137.18,3.4e-05,0
4102,line,4213,東京電力パワーグリッド 66.0kV線,2571,2573,66.0,68.59,1.3e-05,1
4103,line,4214,東京電力パワーグリッド 66.0kV線,2571,2572,66.0,137.18,2.2e-05,1
4104,line,4215,ニチハマテックス線,2574,2576,66.0,137.18,5e-06,1
4105,line,4216,フジフーズ線,2574,2575,66.0,137.18,1.8e-05,1
4106,line,4217,東日本旅客鉄道株式会社 66.0kV線,2580,2582,66.0,137.18,1e-06,1
4107,line,4218,丸一鋼管線,2580,2581,66.0,205.77,2.1e-05,1
4108,line,4219,吉野工業市川線,2583,2584,66.0,137.18,2e-05,1
4109,line,4220,花総線 / 市川線,4453,4454,66.0,274.36,2.5e-05,0
4110,line,4221,水資源小泉線,2588,2589,66.0,137.18,4.9e-05,1
4111,line,4222,野毛平線,2588,2590,66.0,137.18,7.7e-05,1
4112,line,4223,上平井線,4489,4491,66.0,137.18,2e-05,0
4113,line,4224,新小岩ポンプ線,4491,2595,66.0,137.18,2.5e-05,1
4114,line,4225,leadin,2597,4520,66.0,68.59,0.000118,1
4115,line,4226,leadin,4515,4525,66.0,68.59,0.000103,1
4116,line,4227,大同精化線,2599,2600,66.0,274.36,3e-06,1
4117,line,4228,大同精化線,2600,2601,66.0,205.77,5e-06,1
4118,line,4229,熊の木ポンプ線,2600,2602,66.0,205.77,1.8e-05,1
4119,line,4230,南川崎南太田線,4061,4339,154.0,533.47,2.7e-05,1
4120,line,4231,南川崎南太田線,4339,2603,154.0,533.47,3e-06,1
4121,line,4232,leadin,2603,4181,154.0,266.74,3e-05,1
4122,line,4233,東京送電線_207,2605,4122,66.0,68.59,6.1e-05,1
4123,line,4234,leadin,4200,4149,275.0,952.63,4e-06,1
4124,line,4235,上野水道橋線,4200,4071,275.0,952.63,1.8e-05,0
4125,line,4236,上野線,4200,4487,275.0,952.63,2e-05,0
4126,line,4237,上野水道橋線,4071,4042,275.0,952.63,2e-06,0
4127,line,4238,上野水道橋線,4042,4174,275.0,952.63,1e-06,0
4128,line,4239,上野水道橋線,4174,2607,275.0,952.63,2e-06,0
4129,line,4240,leadin,2607,4084,275.0,952.63,1.1e-05,1
4130,line,4241,上野線,4487,4078,275.0,952.63,7e-06,0
4131,line,4242,上野線,4078,4470,275.0,952.63,2.2e-05,0
4132,line,4243,山田川線,4552,2608,500.0,3464.1,0.0,1
4133,line,4244,山田川線,4552,2706,500.0,3464.1,8e-06,1
4134,line,4245,中東京幹線,4584,4791,500.0,13856.41,9e-06,0
4135,line,4246,南いわき幹線,4631,5003,500.0,6928.2,3.8e-05,0
4136,line,4247,電源開発 只見幹線（新赤城線）,4631,4676,500.0,6928.2,1.8e-05,0
4137,line,4248,多野線,2609,4768,66.0,274.36,3.1e-05,0
4138,line,4249,多野線/烏川線,2609,4563,66.0,274.36,2.7e-05,0
4139,line,4250,大類線,2609,4591,66.0,274.36,5.9e-05,0
4140,line,4251,多野線,4768,4714,66.0,274.36,5.1e-05,0
4141,line,4252,多野線,4714,2610,66.0,274.36,5e-06,1
4142,line,4253,多野線,4714,4794,66.0,274.36,4.9e-05,0
4143,line,4254,宮原線,4714,2788,66.0,274.36,1.4e-05,1
4144,line,4255,多野線,4794,2611,66.0,274.36,3e-05,0
4145,line,4256,leadin,4794,2764,66.0,137.18,0.000116,1
4146,line,4257,上武線/多野線,2611,2733,66.0,411.54,3e-06,0
4147,line,4258,東邦亜鉛藤岡線,2611,4697,66.0,274.36,1.8e-05,1
4148,line,4259,高崎線,4895,4668,66.0,274.36,1.5e-05,0
4149,line,4260,高崎線/根小屋線,4895,4641,66.0,411.54,2.5e-05,0
4150,line,4261,高崎線/根小屋線,4641,4836,66.0,274.36,0.000194,0
4151,line,4262,西毛線,4896,4842,66.0,274.36,8.7e-05,0
4152,line,4263,西毛線,4896,2730,66.0,274.36,3e-05,0
4153,line,4264,田篠線,4896,2889,66.0,137.18,9.9e-05,1
4154,line,4265,多野線,4588,4836,66.0,548.71,1e-05,0
4155,line,4266,朝日工業線/美九里線,4588,2804,66.0,274.36,1.2e-05,1
4156,line,4267,西毛線,4588,4842,66.0,274.36,0.000185,0
4157,line,4268,朝日工業線/美九里線,4588,2781,66.0,274.36,3.2e-05,0
4158,line,4269,東埼玉線,4594,4611,154.0,533.47,0.000135,0
4159,line,4270,北埼玉線,4594,2642,154.0,533.47,0.000133,0
4160,line,4271,東埼玉線,4611,4550,154.0,533.47,6e-06,0
4161,line,4272,上尾線 / 東埼玉線,2612,4610,275.0,3810.51,8e-06,0
4162,line,4273,東京中線,2612,4647,275.0,1905.26,1.9e-05,0
4163,line,4274,東京中線,2612,4991,275.0,1905.26,2.5e-05,0
4164,line,4275,JR新大宮線,4610,4844,275.0,1905.26,1e-06,1
4165,line,4276,吉野町線 / 桶川線,2613,2614,66.0,274.36,0.000107,0
4166,line,4277,北本線,2613,4848,66.0,137.18,5.9e-05,1
4167,line,4278,吉野町線 / 桶川線,2613,4608,66.0,274.36,3.8e-05,0
4168,line,4279,吉野町線,2614,4560,66.0,137.18,6.4e-05,0
4169,line,4280,桶川線,2614,4559,66.0,137.18,4e-05,0
4170,line,4281,南いわき幹線,2615,5003,500.0,6928.2,7.5e-05,0
4171,line,4282,中栃木線,5003,4970,500.0,6928.2,7e-06,0
4172,line,4283,新いわき幹線,5003,2922,500.0,6928.2,6.3e-05,0
4173,line,4284,下郷線 / 塩原線,5003,76,500.0,6928.2,1.3e-05,0
4174,line,4285,新栃木線 / 桐生機械線,5253,4676,500.0,13856.41,2e-05,0
4175,line,4286,新栃木線,5253,5166,500.0,6928.2,4e-06,0
4176,line,4287,埼上線,4559,4609,66.0,137.18,0.000197,0
4177,line,4288,埼上線,4609,4612,66.0,137.18,5e-05,0
4178,line,4289,天沼線 / 井戸木線,4609,2658,66.0,274.36,4.2e-05,0
4179,line,4290,三井金属線,4612,4930,66.0,137.18,3.7e-05,1
4180,line,4291,天沼線 / 井戸木線,4612,4551,66.0,274.36,1.2e-05,0
4181,line,4292,吉野町線,4560,4908,66.0,137.18,0.000122,0
4182,line,4293,吉野町線,4908,4909,66.0,137.18,9.4e-05,0
4183,line,4294,井戸木線,4909,2799,66.0,137.18,0.000142,0
4184,line,4295,入間線;吉見線,2616,4812,66.0,274.36,0.000223,0
4185,line,4296,東京送電線_236,2616,4947,66.0,68.59,0.000134,1
4186,line,4297,入間線;吉見線,2616,2644,66.0,274.36,7.2e-05,0
4187,line,4298,パピヨン,4812,4595,66.0,548.71,3e-06,0
4188,line,4299,パピヨン,4812,2617,66.0,342.95,4.4e-05,0
4189,line,4300,富士電機吹上線,2617,4813,66.0,68.59,0.000258,0
4190,line,4301,パピヨン,2617,2640,66.0,274.36,9.7e-05,0
4191,line,4302,吹上変電所~榎戸一丁目変電所線,4813,4927,66.0,68.59,8.3e-05,0
4192,line,4303,井野線,2618,4660,66.0,137.18,0.000159,0
4193,line,4304,新前橋線,2618,4566,66.0,137.18,1.7e-05,0
4194,line,4305,井野線/新前橋線,2618,4563,66.0,274.36,3.8e-05,0
4195,line,4306,井野線,4660,4659,66.0,137.18,7.4e-05,0
4196,line,4307,碓氷線,2619,4563,66.0,137.18,7.8e-05,0
4197,line,4308,高崎問屋町線,2619,4561,66.0,137.18,0.000113,0
4198,line,4309,碓氷線,2619,4592,66.0,137.18,3.5e-05,0
4199,line,4310,高崎線,4563,4668,66.0,137.18,0.000116,0
4200,line,4311,野中旧線,4563,4661,66.0,137.18,0.000151,0
4201,line,4312,上越幹線/総社線,4563,4850,66.0,137.18,0.00026,0
4202,line,4313,namebind,4563,4566,66.0,274.36,5.4e-05,0
4203,line,4314,群馬幹線,4597,4880,154.0,533.47,6.6e-05,0
4204,line,4315,上越幹線,4597,2621,154.0,533.47,5.3e-05,0
4205,line,4316,水上線,4597,4656,154.0,266.74,0.000321,0
4206,line,4317,箱島線,4597,4637,154.0,266.74,1.6e-05,0
4207,line,4318,上毛幹線,4597,2757,154.0,533.47,8.2e-05,0
4208,line,4319,群馬幹線,4880,2620,154.0,533.47,2.7e-05,0
4209,line,4320,上越幹線,2620,2621,154.0,533.47,4.2e-05,0
4210,line,4321,群馬幹線,2620,4849,154.0,1066.94,5e-06,0
4211,line,4322,佐久線,2621,4763,154.0,533.47,1.7e-05,0
4212,line,4323,群馬幹線,4937,2622,154.0,533.47,6.7e-05,0
4213,line,4324,群馬幹線,4937,4941,154.0,1066.94,4.3e-05,0
4214,line,4325,群馬幹線,2622,2795,154.0,1066.94,4.8e-05,0
4215,line,4326,東京電力パワーグリッド 154.0kV線,2622,2913,154.0,533.47,3.2e-05,1
4216,line,4327,高崎線,4668,2719,66.0,137.18,1.4e-05,1
4217,line,4328,leadin,4668,4662,66.0,68.59,8.6e-05,1
4218,line,4329,新前橋線,4566,4658,66.0,274.36,8e-06,1
4219,line,4330,leadin,4658,2635,66.0,205.77,2.1e-05,1
4220,line,4331,leadin,4658,4565,66.0,68.59,9.5e-05,1
4221,line,4332,蓮田線 / 大針線,4571,4547,66.0,342.95,8e-05,1
4222,line,4333,蓮田線 / 大針線,4547,4548,66.0,274.36,1.3e-05,1
4223,line,4334,蓮田線 / 大針線,4548,5317,66.0,274.36,9.1e-05,1
4224,line,4335,加納線,4548,4907,66.0,274.36,0.000131,1
4225,line,4336,蓮田線 / 東久喜線,5317,3318,66.0,274.36,1.3e-05,1
4226,line,4337,指扇線,2623,2624,66.0,137.18,7.6e-05,0
4227,line,4338,上福岡線,2623,4912,66.0,137.18,6.6e-05,1
4228,line,4339,指扇線,2624,4951,66.0,137.18,0.000109,0
4229,line,4340,芳野台線,2624,2664,66.0,137.18,0.000115,1
4230,line,4341,指扇線,4951,4911,66.0,137.18,3.1e-05,0
4231,line,4342,三橋線 / 指扇線,2625,2663,66.0,274.36,5.7e-05,0
4232,line,4343,中沢線3・4L,4575,4573,275.0,3810.51,2e-06,0
4233,line,4344,新坂戸線（只見幹線）,4567,4816,500.0,6928.2,1.2e-05,0
4234,line,4345,時沢岡部線,4651,2661,154.0,533.47,1.8e-05,0
4235,line,4346,西大家線,4579,4574,66.0,68.59,6.6e-05,1
4236,line,4347,東京電力パワーグリッド 500.0kV線,5361,2626,500.0,3464.1,0.000105,0
4237,line,4348,leadin,2626,4774,500.0,3464.1,1e-06,1
4238,line,4349,東京電力パワーグリッド 500.0kV線,2626,2649,500.0,3464.1,1.4e-05,0
4239,line,4350,毛里田線/藪塚線/金山線,4626,2627,66.0,68.59,0.000144,0
4240,line,4351,新田線/豊里線,4626,2697,66.0,274.36,5.4e-05,0
4241,line,4352,邑楽線/内ケ島線,4626,4786,66.0,274.36,7.6e-05,0
4242,line,4353,植木線;境町線,4626,2803,66.0,342.95,2.8e-05,0
4243,line,4354,東太田線/毛里田線,2627,2667,66.0,68.59,0.000345,0
4244,line,4355,東太田線/藪塚線,2627,4699,66.0,68.59,0.000258,0
4245,line,4356,毛里田線/藪塚線/金山線,4625,2628,154.0,1600.41,4e-06,0
4246,line,4357,東太田線/毛里田線,2628,4888,154.0,1066.94,2.5e-05,0
4247,line,4358,東太田線/藪塚線,2628,4698,154.0,1066.94,1.1e-05,0
4248,line,4359,神立変電所~土樽変電所線,2629,2715,275.0,952.63,9.4e-05,0
4249,line,4360,神立変電所~灰雨変電所線,2629,68,275.0,1905.26,9.5e-05,0
4250,line,4361,新湯沢変電所~神立変電所線,2629,4928,275.0,1905.26,1.8e-05,1
4251,line,4362,神立変電所~灰雨変電所線,2630,2631,154.0,266.74,0.000299,1
4252,line,4363,神立変電所~土樽変電所線,2630,2688,154.0,266.74,8.5e-05,1
4253,line,4364,東京電力パワーグリッド 154.0kV線,2630,2690,154.0,266.74,2.4e-05,1
4254,line,4365,tokyo_line_2366,2631,3345,154.0,266.74,7.9e-05,1
4255,line,4366,leadin,2631,5389,154.0,266.74,5.9e-05,1
4256,line,4367,東日本旅客鉄道新箕郷変電所~西毛変電所線,4791,4586,500.0,6928.2,1.1e-05,0
4257,line,4368,樋口変電所~西毛変電所線,4586,4769,500.0,13856.41,0.0,0
4258,line,4369,西横手線,4591,4726,66.0,137.18,2.9e-05,1
4259,line,4370,東京送電線_208,2632,4589,154.0,266.74,1.9e-05,1
4260,line,4371,上越幹線,2632,4590,154.0,533.47,2.5e-05,0
4261,line,4372,上越幹線,2632,2806,154.0,533.47,1e-05,0
4262,line,4373,野中旧線,4795,4847,66.0,137.18,0.000207,0
4263,line,4374,野中旧線,4795,2695,66.0,274.36,7.1e-05,0
4264,line,4375,野中旧線,4847,2633,66.0,137.18,8e-06,1
4265,line,4376,宮郷線,4847,2857,66.0,137.18,1.2e-05,1
4266,line,4377,野中旧線/伊勢崎線,4847,2672,66.0,274.36,7.5e-05,0
4267,line,4378,伊勢崎線,4847,4886,66.0,137.18,5.7e-05,0
4268,line,4379,三郷線,4847,2858,66.0,205.77,9.1e-05,1
4269,line,4380,碓氷線,4635,2634,66.0,137.18,6.5e-05,0
4270,line,4381,碓氷線,4635,4845,66.0,137.18,0.000149,0
4271,line,4382,碓氷線,2634,4666,66.0,137.18,0.000121,0
4272,line,4383,榛名線,2634,4701,66.0,137.18,0.00022,0
4273,line,4384,北高崎線,2634,4837,66.0,137.18,0.000161,0
4274,line,4385,碓氷線,4666,2868,66.0,137.18,3e-06,1
4275,line,4386,碓氷線,4666,4592,66.0,137.18,4.7e-05,0
4276,line,4387,保渡田線,4666,4840,66.0,137.18,0.00011,1
4277,line,4388,パピヨン,2636,2637,66.0,274.36,7e-05,0
4278,line,4389,行田線;肥塚線;小川線,2636,4820,66.0,411.54,2.3e-05,0
4279,line,4390,上柴線;小川線,2636,4665,66.0,68.59,0.000345,0
4280,line,4391,熊谷線,2637,4810,66.0,137.18,2.8e-05,1
4281,line,4392,パピヨン,2637,2638,66.0,274.36,2.7e-05,0
4282,line,4393,パピヨン,2638,2639,66.0,274.36,1.1e-05,0
4283,line,4394,籠原吹上線,2638,4926,66.0,68.59,0.000438,0
4284,line,4395,籠原吹上線,2638,4943,66.0,68.59,0.000414,0
4285,line,4396,パピヨン,2639,2640,66.0,274.36,0.000112,0
4286,line,4397,中西線,2639,2792,66.0,137.18,2.2e-05,1
4287,line,4398,持田線,2640,4619,66.0,68.59,7.6e-05,1
4288,line,4399,吉野町線 / 桶川線,4595,4608,66.0,274.36,6.6e-05,0
4289,line,4400,館林線/鴻巣線,4595,2656,66.0,274.36,9.6e-05,0
4290,line,4401,三井精機線,2641,4815,66.0,137.18,8.2e-05,1
4291,line,4402,東坂戸線;吉見線,2641,2644,66.0,274.36,6.8e-05,0
4292,line,4403,玉原線,4680,4585,275.0,1905.26,8.1e-05,1
4293,line,4404,北熊谷線;北埼玉線,2642,4654,154.0,533.47,0.000126,0
4294,line,4405,上柴線,2642,4664,154.0,1066.94,1.9e-05,0
4295,line,4406,上柴線;小川線,2643,4665,66.0,68.59,5.1e-05,0
4296,line,4407,小川線,2643,4646,66.0,137.18,3.9e-05,0
4297,line,4408,上柴線;三ヶ尻線,2643,4728,66.0,137.18,0.000237,0
4298,line,4409,上柴線;三ヶ尻線,4728,4730,66.0,68.59,3.5e-05,0
4299,line,4410,上柴線;三ヶ尻線,4727,4729,154.0,1066.94,2e-06,0
4300,line,4411,上柴線;小川線,4727,4664,154.0,1066.94,2.3e-05,0
4301,line,4412,入間線;唐子線,2644,4629,66.0,274.36,1.2e-05,0
4302,line,4413,入間線;唐子線,4629,2645,66.0,274.36,7.1e-05,0
4303,line,4414,入間線;唐子線,2645,2646,66.0,274.36,0.000122,0
4304,line,4415,青鳥線;東松山線,2645,2910,66.0,274.36,4.4e-05,1
4305,line,4416,入間線;唐子線,2646,4642,66.0,274.36,1.5e-05,0
4306,line,4417,東武嵐山線,2646,4938,66.0,137.18,3.4e-05,0
4307,line,4418,(入間線);唐子線,4642,4618,66.0,274.36,8.7e-05,0
4308,line,4419,新坂戸線（只見幹線）,4623,4581,500.0,6928.2,6e-06,0
4309,line,4420,新坂戸線（只見幹線）/新新田東毛線,4623,4676,500.0,13856.41,1e-06,0
4310,line,4421,新坂戸線（只見幹線）,4581,4819,500.0,6928.2,1e-06,0
4311,line,4422,新坂戸線（只見幹線）,4819,4925,500.0,6928.2,1e-06,0
4312,line,4423,新坂戸線（只見幹線）,4925,4663,500.0,6928.2,1e-06,0
4313,line,4424,新坂戸線（只見幹線）,4663,4645,500.0,6928.2,0.0,0
4314,line,4425,新坂戸線（只見幹線）,4645,4816,500.0,6928.2,1e-06,0
4315,line,4426,児玉線,4828,4770,275.0,1905.26,3.5e-05,0
4316,line,4427,児玉線,4828,4653,275.0,3810.51,7e-06,0
4317,line,4428,樋口変電所~西毛変電所線,4770,4587,275.0,952.63,7e-06,0
4318,line,4429,下久保線,2647,2648,66.0,68.59,0.000578,1
4319,line,4430,朝日工業線/下久保線,2647,2887,66.0,205.77,8.3e-05,1
4320,line,4431,朝日工業線,2647,2888,66.0,137.18,2.2e-05,1
4321,line,4432,新榛名線,2649,4553,500.0,3464.1,1.6e-05,0
4322,line,4433,新榛名線,4553,4556,500.0,3464.1,0.0,0
4323,line,4434,久喜線 / 東洋製罐久喜線,2650,4781,66.0,68.59,0.000383,0
4324,line,4435,久喜線 / 東洋製罐久喜線 / 東久喜線,2650,4993,66.0,68.59,0.000174,0
4325,line,4436,東久喜線,2650,3120,66.0,137.18,2.2e-05,0
4326,line,4437,leadin,4781,4784,66.0,68.59,0.0002,1
4327,line,4438,菖蒲線 / NHK菖蒲線,4781,4783,66.0,68.59,5.2e-05,0
4328,line,4439,菖蒲線 / NHK菖蒲線,4780,4782,154.0,1066.94,2e-06,0
4329,line,4440,久喜線 / 東洋製罐久喜線,4780,4992,154.0,1600.41,1.6e-05,0
4330,line,4441,楠線,2651,2848,66.0,137.18,4e-06,0
4331,line,4442,楠線,2651,2652,66.0,137.18,8.8e-05,1
4332,line,4443,東京送電線_256,2651,2848,66.0,68.59,1.6e-05,0
4333,line,4444,東京電力パワーグリッド 66.0kV線,2652,2816,66.0,68.59,2e-06,1
4334,line,4445,楠線,2652,4692,66.0,137.18,0.000127,1
4335,line,4446,南佐野線,2653,4776,154.0,533.47,1.6e-05,1
4336,line,4447,佐野線 / 板倉線,2653,2849,154.0,1066.94,5e-06,0
4337,line,4448,佐野線 / 板倉線,2653,4599,154.0,1066.94,1.3e-05,0
4338,line,4449,館林線,2654,2802,66.0,137.18,1.4e-05,0
4339,line,4450,明和線,2654,4722,66.0,137.18,4.7e-05,1
4340,line,4451,館林線,2654,4606,66.0,137.18,0.000149,0
4341,line,4452,明和線,4722,4724,66.0,137.18,9.7e-05,1
4342,line,4453,明和線,4724,4723,66.0,137.18,2.2e-05,1
4343,line,4454,館林線/鴻巣線,2655,4604,66.0,137.18,0.000193,0
4344,line,4455,鴻巣線,2655,2659,66.0,137.18,2.6e-05,0
4345,line,4456,館林線,2655,2786,66.0,137.18,0.000104,0
4346,line,4457,館林線/鴻巣線,4604,2656,66.0,137.18,9.4e-05,0
4347,line,4458,川里線,2656,4690,66.0,137.18,3.8e-05,1
4348,line,4459,川里線,4690,2720,66.0,137.18,0.000152,1
4349,line,4460,小松台線,4605,2657,66.0,137.18,7.7e-05,1
4350,line,4461,館林線,4605,4602,66.0,137.18,8.4e-05,0
4351,line,4462,館林線,4605,2786,66.0,137.18,5.6e-05,0
4352,line,4463,天沼線 / 井戸木線,4551,4732,66.0,274.36,1.5e-05,0
4353,line,4464,天沼線 / 井戸木線,4732,2658,66.0,274.36,2.3e-05,0
4354,line,4465,天沼線 / 井戸木線,2658,2907,66.0,274.36,3.5e-05,0
4355,line,4466,東京電力パワーグリッド 66.0kV線,2659,4688,66.0,137.18,2.5e-05,1
4356,line,4467,鴻巣線,2659,2660,66.0,137.18,0.000241,0
4357,line,4468,鴻巣線,2660,5037,66.0,137.18,0.000145,0
4358,line,4469,鷲宮変電所~外野変電所線,2660,4949,66.0,68.59,0.000436,1
4359,line,4470,鷲宮線(上尾),5037,2950,66.0,137.18,0.000147,0
4360,line,4471,佐波線;JR時沢岡部線,2661,2662,154.0,1066.94,4e-06,0
4361,line,4472,新新田線;佐波線,2661,4654,154.0,533.47,1.1e-05,0
4362,line,4473,佐波線;JR時沢岡部線,2662,4799,154.0,1066.94,8e-06,0
4363,line,4474,上越幹線,2662,4711,154.0,533.47,8.4e-05,0
4364,line,4475,佐波線;JR時沢岡部線;明乳群馬線,4799,4801,154.0,1600.41,2e-06,0
4365,line,4476,佐波線;JR時沢岡部線;明乳群馬線,4802,4800,66.0,68.59,6e-05,0
4366,line,4477,八斗島線,4802,4803,66.0,137.18,1.1e-05,1
4367,line,4478,佐波線/八斗島線,4802,4634,66.0,68.59,0.000291,0
4368,line,4479,剛志線;境町線,4634,4798,66.0,274.36,2.6e-05,0
4369,line,4480,野中旧線/伊勢崎線,4634,2672,66.0,274.36,2.8e-05,0
4370,line,4481,佐波線/八斗島線,4801,4633,154.0,1066.94,1.3e-05,0
4371,line,4482,JR時沢岡部線,4801,4753,154.0,533.47,2.1e-05,0
4372,line,4483,JR桃野岡部線,4753,4881,154.0,533.47,0.000256,0
4373,line,4484,大正寺町変電所~堀口町変電所線,4753,4929,154.0,266.74,3.2e-05,0
4374,line,4485,井戸木線,2663,2799,66.0,137.18,2.9e-05,0
4375,line,4486,三橋線 / 井戸木線,2663,2907,66.0,274.36,4.6e-05,0
4376,line,4487,芳野台線,2664,4616,66.0,137.18,0.000112,1
4377,line,4488,埼玉医大線,2664,2908,66.0,137.18,1.3e-05,1
4378,line,4489,岩槻線 / 七里線,4915,5208,66.0,274.36,8e-06,0
4379,line,4490,岩槻線 / 七里線,5208,2665,66.0,274.36,3.9e-05,0
4380,line,4491,加倉線,2665,5053,66.0,137.18,4.5e-05,1
4381,line,4492,東埼玉線,4550,2666,154.0,533.47,1.3e-05,0
4382,line,4493,leadin,2666,4944,154.0,266.74,1.7e-05,1
4383,line,4494,東埼玉線,2666,5055,154.0,533.47,1.6e-05,0
4384,line,4495,籠原吹上線,4943,4927,66.0,68.59,0.000191,0
4385,line,4496,東太田線/毛里田線,2667,4889,66.0,68.59,0.000233,0
4386,line,4497,太田緑町線,2667,4765,66.0,137.18,2.1e-05,1
4387,line,4498,東太田線/毛里田線,4889,4621,66.0,68.59,6.7e-05,0
4388,line,4499,韮川線/内ケ島線,4621,2739,66.0,274.36,8.4e-05,0
4389,line,4500,東足利線 / 東山線,4621,2801,66.0,274.36,4.4e-05,0
4390,line,4501,足利線,4621,2800,66.0,137.18,9.1e-05,0
4391,line,4502,東太田線/毛里田線,4888,4620,154.0,1066.94,3e-06,0
4392,line,4503,葛生線,4719,4857,66.0,137.18,0.000105,0
4393,line,4504,堀米線,4719,4772,66.0,137.18,4.9e-05,1
4394,line,4505,関川線,4719,4775,66.0,137.18,0.000167,0
4395,line,4506,葛生線 / 関川線,4719,4856,66.0,274.36,7.8e-05,0
4396,line,4507,葛生線,4857,2668,66.0,137.18,0.000138,0
4397,line,4508,東京電力パワーグリッド 66.0kV線,2668,2904,66.0,137.18,1e-06,1
4398,line,4509,葛生線,2668,4622,66.0,137.18,7.2e-05,0
4399,line,4510,下都賀線,4622,2815,66.0,137.18,0.000381,0
4400,line,4511,牧町連系線,4622,2827,66.0,137.18,0.000136,1
4401,line,4512,黒部幹線,2669,4614,154.0,1066.94,2e-06,1
4402,line,4513,黒部幹線,4614,4554,154.0,533.47,9.8e-05,0
4403,line,4514,下郷線,75,3377,500.0,3464.1,5.5e-05,1
4404,line,4515,奥只見線,2670,4632,275.0,1905.26,0.000156,1
4405,line,4516,桐生線,2671,4755,66.0,137.18,0.000243,0
4406,line,4517,生品線,2671,2775,66.0,137.18,0.000104,0
4407,line,4518,桐生線/生品線,2671,4743,66.0,274.36,1.6e-05,0
4408,line,4519,桐生線,4755,4640,66.0,137.18,5.4e-05,0
4409,line,4520,桐生線,4640,4874,66.0,274.36,9.5e-05,0
4410,line,4521,泉沢線,4640,4876,66.0,137.18,0.000149,0
4411,line,4522,玉村線,4710,2764,66.0,137.18,0.000195,1
4412,line,4523,太陽誘電玉村線,4710,2880,66.0,137.18,3.9e-05,1
4413,line,4524,東京電力パワーグリッド 66.0kV線,2672,4753,154.0,68.59,6.5e-05,0
4414,line,4525,クリオン線,4875,4672,66.0,548.71,3e-06,0
4415,line,4526,桐生線;境町線,4875,2674,66.0,274.36,3.8e-05,0
4416,line,4527,藤澤電機線,4672,4673,66.0,137.18,3.5e-05,1
4417,line,4528,桐生線;境町線,4672,4670,66.0,274.36,1.1e-05,0
4418,line,4529,剛志線;境町線,2673,4798,66.0,274.36,1.1e-05,0
4419,line,4530,桐生線;境町線,2673,4670,66.0,274.36,2.4e-05,0
4420,line,4531,剛志線,2673,2765,66.0,137.18,0.000217,0
4421,line,4532,須川変電所~土樽変電所線,4656,2693,154.0,266.74,0.000269,1
4422,line,4533,須川変電所~小松変電所線,4656,4682,154.0,533.47,6.5e-05,0
4423,line,4534,植木線;境町線,4751,2674,66.0,274.36,7e-05,0
4424,line,4535,植木線/境町線,4751,2803,66.0,274.36,4.1e-05,0
4425,line,4536,植木線,2674,4838,66.0,137.18,0.000137,0
4426,line,4537,桐生線/生品線,2674,4744,66.0,274.36,4.5e-05,0
4427,line,4538,新岡部線;下児玉線,4654,2790,154.0,533.47,3.7e-05,0
4428,line,4539,新新田線,4652,4735,500.0,13856.41,4e-06,0
4429,line,4540,吾妻川線,2675,2676,66.0,137.18,1.9e-05,0
4430,line,4541,伊香保線,2675,4778,66.0,137.18,0.000184,1
4431,line,4542,吾妻川線,2675,2753,66.0,137.18,0.00012,0
4432,line,4543,吾妻川線,2676,4598,66.0,137.18,0.000218,0
4433,line,4544,岡崎線,2676,2870,66.0,68.59,4e-05,1
4434,line,4545,金井線/北橘線,4598,4679,66.0,274.36,4.3e-05,0
4435,line,4546,leadin,4598,4946,66.0,68.59,0.000334,0
4436,line,4547,上群線/野中旧線,2677,4562,154.0,1066.94,4e-06,0
4437,line,4548,上越幹線,2677,4590,154.0,533.47,2.4e-05,0
4438,line,4549,上越幹線/総社線,2677,4849,154.0,1066.94,2.4e-05,0
4439,line,4550,群馬幹線,4562,2856,154.0,533.47,3e-06,1
4440,line,4551,群馬幹線,4562,4849,154.0,1066.94,2.2e-05,0
4441,line,4552,群馬幹線,4562,4766,154.0,1066.94,6.5e-05,0
4442,line,4553,新新田線,4676,4735,500.0,6928.2,0.0,0
4443,line,4555,東京電力パワーグリッド 154.0kV線,4655,2678,154.0,266.74,0.000294,1
4444,line,4556,namebind,4655,2919,154.0,266.74,4.5e-05,1
4445,line,4557,tokyo_line_2561,2678,5385,154.0,266.74,9.4e-05,1
4446,line,4558,tokyo_line_2562,2678,3367,154.0,266.74,0.000107,1
4447,line,4559,JR桃野岡部線,2679,2680,154.0,533.47,3e-06,0
4448,line,4560,東京送電線_210,2679,2711,154.0,266.74,3.7e-05,1
4449,line,4561,土樽変電所~小松変電所線,2679,2761,154.0,266.74,0.000398,0
4450,line,4562,JR桃野岡部線,2680,4638,154.0,533.47,8e-05,1
4451,line,4563,小松変電所~土樽変電所線,2680,2761,154.0,266.74,0.000386,0
4452,line,4564,JR桃野岡部線,4638,4703,154.0,533.47,8e-05,0
4453,line,4565,JR桃野岡部線,4703,4881,154.0,533.47,6.5e-05,0
4454,line,4566,上毛幹線/片品川線,4703,2757,154.0,1066.94,5e-06,0
4455,line,4567,上毛幹線/片品川線,4703,4545,154.0,1066.94,2.7e-05,0
4456,line,4568,浅原線,4639,2735,66.0,137.18,3.1e-05,1
4457,line,4569,赤城南線,4639,4788,66.0,137.18,0.000337,1
4458,line,4570,黒保根線,4639,4864,66.0,68.59,0.001217,1
4459,line,4571,福岡線,4639,4851,66.0,137.18,5.1e-05,1
4460,line,4572,赤城南線,4788,4787,66.0,137.18,1.4e-05,1
4461,line,4573,神戸線,4864,2773,66.0,68.59,9.2e-05,1
4462,line,4574,藪塚線,4872,4699,66.0,137.18,0.000274,0
4463,line,4575,桐生線,4872,2734,66.0,137.18,2e-05,0
4464,line,4576,桐生線,4872,4870,66.0,274.36,4.6e-05,0
4465,line,4577,境野線,4870,4871,66.0,137.18,1.7e-05,1
4466,line,4578,桐生線,4870,2681,66.0,137.18,2.9e-05,0
4467,line,4579,桐生線,2681,4740,66.0,137.18,5.2e-05,1
4468,line,4580,小俣連絡線,2681,4862,66.0,137.18,0.000245,0
4469,line,4581,小川線,4618,4687,66.0,137.18,0.00026,0
4470,line,4582,秩父線,4618,4686,66.0,137.18,0.000112,0
4471,line,4583,樋口線,4618,4901,66.0,137.18,6.2e-05,1
4472,line,4584,秩父線,4558,4899,66.0,137.18,3.3e-05,0
4473,line,4585,川又線,4558,4555,66.0,274.36,6e-06,0
4474,line,4586,日野田線,4558,2682,66.0,137.18,0.000145,0
4475,line,4587,影森線,2682,2724,66.0,68.59,3.7e-05,0
4476,line,4588,日野田線 / 影森線,2682,4644,66.0,205.77,1.1e-05,1
4477,line,4589,樋口線,4901,2683,66.0,137.18,0.00024,1
4478,line,4590,樋口線,2683,2684,66.0,137.18,4.7e-05,1
4479,line,4591,オリックス寄居線,2683,2895,66.0,137.18,4.7e-05,1
4480,line,4592,樋口線,2684,2685,66.0,137.18,5.5e-05,1
4481,line,4593,鉢形線,2684,4902,66.0,137.18,2.1e-05,1
4482,line,4594,樋口線,2685,2686,66.0,137.18,1.1e-05,1
4483,line,4595,leadin,2685,4903,66.0,68.59,0.000227,1
4484,line,4596,東武鉄道 66.0kV線,2686,2896,66.0,137.18,1e-06,1
4485,line,4597,樋口線,2686,2687,66.0,137.18,7.3e-05,1
4486,line,4598,樋口線,2687,4643,66.0,137.18,0.00026,1
4487,line,4599,玉淀線,2687,4900,66.0,137.18,2.4e-05,1
4488,line,4600,小川線,4817,4580,66.0,137.18,2.9e-05,0
4489,line,4601,リンテック熊谷線,4817,4818,66.0,137.18,6.4e-05,1
4490,line,4602,小川線,4817,4646,66.0,137.18,8.2e-05,0
4491,line,4603,小川線,4580,4687,66.0,137.18,0.000139,0
4492,line,4604,毛呂山線,4650,4942,66.0,137.18,0.000472,0
4493,line,4605,北熊谷線;北埼玉線,4653,4806,275.0,5715.77,9e-06,0
4494,line,4606,碓氷線,2691,4684,66.0,137.18,0.00017,0
4495,line,4607,碓氷線,2691,4713,66.0,137.18,0.000199,1
4496,line,4608,磯部線,2691,2728,66.0,137.18,2.8e-05,0
4497,line,4609,碓氷線,4684,2692,66.0,137.18,1.7e-05,1
4498,line,4610,碓氷線,4684,4845,66.0,137.18,2.4e-05,0
4499,line,4611,金井線/片品川線,2694,4659,66.0,274.36,8.9e-05,0
4500,line,4612,片品川線,2694,2716,66.0,137.18,5.6e-05,0
4501,line,4613,金井線,2694,2709,66.0,137.18,4.3e-05,0
4502,line,4614,天野線,4659,2695,66.0,137.18,4.1e-05,0
4503,line,4615,泉沢線,4659,2736,66.0,137.18,0.000235,0
4504,line,4616,前橋線,4659,4879,66.0,274.36,6.3e-05,1
4505,line,4617,野中旧線,2695,4661,66.0,274.36,7.3e-05,0
4506,line,4618,新古河線,4811,4593,500.0,6928.2,0.0,0
4507,line,4619,新古河線,4593,5019,500.0,6928.2,1.2e-05,0
4508,line,4620,新古河線,5019,4957,500.0,6928.2,8e-06,0
4509,line,4621,新京葉線,4957,5079,500.0,6928.2,1e-05,0
4510,line,4622,福島幹線,4957,5015,500.0,6928.2,1.5e-05,0
4511,line,4623,沢野線,2696,4667,66.0,137.18,0.000172,1
4512,line,4624,新田線/豊里線,2696,2701,66.0,274.36,2.6e-05,0
4513,line,4625,新田線/豊里線,2696,2702,66.0,274.36,3.9e-05,0
4514,line,4626,豊里線,2697,2863,66.0,137.18,6e-06,0
4515,line,4627,新田線,2697,2700,66.0,137.18,7e-06,0
4516,line,4628,相田線,2698,2699,66.0,137.18,1e-05,1
4517,line,4629,相田線,2698,2803,66.0,205.77,5e-06,1
4518,line,4630,需要家線,2698,2862,66.0,137.18,2e-06,1
4519,line,4631,東京電力パワーグリッド 66.0kV線,2699,2860,66.0,205.77,0.0,1
4520,line,4632,反町線,2699,2861,66.0,137.18,1.7e-05,1
4521,line,4633,豊里線,2700,2863,66.0,137.18,2e-06,0
4522,line,4634,新田線/豊里線,2700,2701,66.0,274.36,1.5e-05,0
4523,line,4635,東京電力パワーグリッド 66.0kV線,2701,2865,66.0,68.59,1e-06,0
4524,line,4636,東京電力パワーグリッド 66.0kV線,2701,2866,66.0,68.59,1e-06,0
4525,line,4637,東京電力パワーグリッド 66.0kV線,2701,2867,66.0,137.18,3e-06,0
4526,line,4638,尾島線,2702,4717,66.0,137.18,2.1e-05,1
4527,line,4639,新田線/豊里線,2702,2776,66.0,274.36,7.3e-05,0
4528,line,4640,leadin,4859,2703,66.0,205.77,3.9e-05,1
4529,line,4641,館林線 / 多々良川線,4859,4858,66.0,274.36,5.9e-05,0
4530,line,4642,館林線 / 多々良川線,4859,2822,66.0,274.36,0.000116,0
4531,line,4643,藤澤電機線,4673,4671,66.0,137.18,8e-06,1
4532,line,4644,新田早川町線,4673,4760,66.0,137.18,2.8e-05,1
4533,line,4645,金井線/北橘線,4679,2710,66.0,274.36,6.5e-05,0
4534,line,4646,東京電力パワーグリッド 154.0kV線,2704,2837,154.0,533.47,0.0,1
4535,line,4647,上毛幹線,2704,2705,154.0,800.21,1.7e-05,1
4536,line,4648,上毛幹線,2704,172,154.0,800.21,2.6e-05,1
4537,line,4649,鎌田線,2705,4865,154.0,533.47,6e-06,1
4538,line,4650,上毛幹線,2705,4885,154.0,1066.94,2.3e-05,1
4539,line,4651,上毛幹線,4885,4545,154.0,533.47,0.000122,1
4540,line,4652,中東京幹線,118,2713,275.0,1905.26,0.0,0
4541,line,4653,東京電力パワーグリッド 275.0kV線,118,2715,275.0,952.63,3e-06,0
4542,line,4654,金井線,2707,2708,66.0,137.18,0.000219,0
4543,line,4655,日本カーリット線,2707,4764,66.0,68.59,0.000336,0
4544,line,4656,北橘町分郷八崎変電所~渋川市変電所線,2707,2710,66.0,137.18,2.4e-05,0
4545,line,4657,金井線,2708,2709,66.0,137.18,0.000202,0
4546,line,4658,田口線,2708,4674,66.0,137.18,4.7e-05,1
4547,line,4659,南橘線,2709,4681,66.0,137.18,4.7e-05,1
4548,line,4660,大崎線/北橘線,2710,4946,66.0,274.36,3e-05,0
4549,line,4661,大崎線,2710,2717,66.0,137.18,7.8e-05,0
4550,line,4662,須田貝線,4682,883,154.0,266.74,0.00031,1
4551,line,4663,西上武幹線/箱島線,4637,2805,154.0,266.74,8e-05,1
4552,line,4664,上久屋小松線,4683,2754,66.0,137.18,0.000407,0
4553,line,4665,namebind,4683,4657,66.0,137.18,0.000361,0
4554,line,4666,多野線,2712,4797,66.0,274.36,4.7e-05,0
4555,line,4667,藤岡線,2712,4707,66.0,137.18,2.9e-05,1
4556,line,4668,多野線,2712,2733,66.0,274.36,2.5e-05,0
4557,line,4669,多野線,4797,4836,66.0,274.36,8.4e-05,0
4558,line,4670,中東京幹線,2713,2714,275.0,1905.26,5.6e-05,0
4559,line,4671,須川変電所~土樽変電所線,2713,2715,275.0,952.63,4e-06,0
4560,line,4672,東日本旅客鉄道 275.0kV線,2714,4636,275.0,1905.26,2e-06,0
4561,line,4673,中東京幹線,2714,4792,275.0,1905.26,3.6e-05,0
4562,line,4674,鳥取町線,2716,4756,66.0,137.18,7.1e-05,1
4563,line,4675,片品川線,2716,2717,66.0,137.18,0.000449,0
4564,line,4676,片品川線,2717,4882,66.0,137.18,0.000168,0
4565,line,4677,片品川線,2718,4882,66.0,137.18,0.000128,0
4566,line,4678,片品川線,2718,2756,66.0,137.18,0.000207,0
4567,line,4679,JR津久田線,2718,4705,66.0,137.18,7.4e-05,1
4568,line,4680,大崎線/北橘線,4946,4685,66.0,274.36,1.6e-05,1
4569,line,4681,大同渋川線,4685,4761,66.0,68.59,2.2e-05,1
4570,line,4682,秩父線,4691,4686,66.0,137.18,0.000585,0
4571,line,4683,秩父線,4691,2723,66.0,137.18,4.7e-05,0
4572,line,4684,東京電力パワーグリッド 66.0kV線,2720,2840,66.0,137.18,1e-06,1
4573,line,4685,川里線,2720,4689,66.0,137.18,2.7e-05,1
4574,line,4686,三峰線 / 川又線,4898,2721,66.0,137.18,0.000139,1
4575,line,4687,滝沢線 / 川又線,4898,4897,66.0,205.77,6.6e-05,1
4576,line,4688,三峰線 / 川又線,2721,4555,66.0,137.18,0.000344,1
4577,line,4689,大洞線,2721,2893,66.0,68.59,0.000222,1
4578,line,4690,宮地線,2722,4906,66.0,137.18,6.2e-05,1
4579,line,4691,秩父線,2722,2723,66.0,137.18,6e-05,0
4580,line,4692,秩父線,2722,2725,66.0,137.18,0.000104,0
4581,line,4693,品沢線,2723,2897,66.0,137.18,0.000105,1
4582,line,4694,秩父線,2724,2725,66.0,137.18,9e-05,0
4583,line,4695,影森線 / 秩父線,2724,4830,66.0,205.77,2.1e-05,0
4584,line,4696,西武横瀬線,2725,2902,66.0,137.18,5.8e-05,1
4585,line,4697,中禅寺線,147,2726,66.0,137.18,0.000192,1
4586,line,4698,中禅寺線 / 栗山線,147,5123,66.0,274.36,6.3e-05,0
4587,line,4699,中禅寺線,2726,2727,66.0,137.18,2e-06,1
4588,line,4700,中央町変電所~所野変電所線,2726,2778,66.0,205.77,0.000106,1
4589,line,4701,中禅寺線,2727,4919,66.0,137.18,0.000227,1
4590,line,4702,所野第一線,2727,4867,66.0,137.18,4.5e-05,1
4591,line,4703,碓氷線,4693,4713,66.0,274.36,1.2e-05,1
4592,line,4704,九十九線,4693,2891,66.0,137.18,0.000491,1
4593,line,4705,松井田線,4713,4694,66.0,137.18,0.000218,1
4594,line,4706,磯部線,2728,2729,66.0,137.18,0.000156,0
4595,line,4707,東京電力パワーグリッド 66.0kV線,2728,2890,66.0,137.18,0.000183,1
4596,line,4708,西毛線,2729,2730,66.0,274.36,5.4e-05,0
4597,line,4709,小舟変電所~北甘変電所線,2729,4696,66.0,137.18,0.000209,1
4598,line,4710,leadin,2730,4785,66.0,68.59,0.000169,1
4599,line,4711,下仁田線,4696,4695,66.0,137.18,0.000491,1
4600,line,4712,吉野工業線,2731,2732,66.0,137.18,5.2e-05,1
4601,line,4713,群馬幹線/上武線,2731,2882,66.0,68.59,0.000351,0
4602,line,4714,上武線,2731,2733,66.0,137.18,0.000105,0
4603,line,4715,福岡線,4874,4921,66.0,137.18,3.3e-05,1
4604,line,4716,桐生線,4874,4873,66.0,137.18,0.000106,0
4605,line,4717,桐生線,4873,4741,66.0,137.18,3.3e-05,0
4606,line,4718,桐生線,4741,2734,66.0,137.18,4e-05,0
4607,line,4719,元宿線,4741,4739,66.0,137.18,7.9e-05,1
4608,line,4720,leadin,2734,4742,66.0,68.59,4.4e-05,1
4609,line,4721,leadin,2734,4950,66.0,68.59,4.3e-05,1
4610,line,4722,福岡線,4851,4921,66.0,137.18,4.6e-05,1
4611,line,4723,泉沢線,4876,2737,66.0,137.18,5.3e-05,0
4612,line,4724,西大室線,4876,2847,66.0,137.18,9.1e-05,1
4613,line,4725,泉沢線,2736,2737,66.0,137.18,7.5e-05,0
4614,line,4726,千貫沼線,2736,4793,66.0,137.18,7.9e-05,1
4615,line,4727,飯土井線,2737,4833,66.0,137.18,0.000104,1
4616,line,4728,富士重工大泉線,2738,4738,66.0,137.18,6.8e-05,1
4617,line,4729,邑楽線,2738,2739,66.0,137.18,3.4e-05,0
4618,line,4730,邑楽線,2738,2823,66.0,137.18,7.9e-05,0
4619,line,4731,邑楽線/内ケ島線,2739,4868,66.0,274.36,1.1e-05,0
4620,line,4732,邑楽線/内ケ島線,2740,4868,66.0,274.36,1.1e-05,0
4621,line,4733,邑楽線/内ケ島線,2740,2741,66.0,274.36,1.4e-05,0
4622,line,4734,坂田線,2740,2742,66.0,137.18,9.6e-05,1
4623,line,4735,leadin,4868,2741,66.0,137.18,7.7e-05,0
4624,line,4736,邑楽線/内ケ島線,4786,2741,66.0,274.36,3.1e-05,0
4625,line,4737,坂田線,2742,4869,66.0,137.18,4.3e-05,1
4626,line,4738,大泉線,2742,2846,66.0,137.18,6.3e-05,1
4627,line,4739,東太田線,4698,4678,154.0,533.47,2e-05,0
4628,line,4740,東本町線,4886,4838,66.0,137.18,7.4e-05,0
4629,line,4741,植木線,4838,4887,66.0,137.18,7.3e-05,1
4630,line,4742,北千木線,4838,2859,66.0,137.18,4.6e-05,1
4631,line,4743,東京電力パワーグリッド 66.0kV線,2743,4700,66.0,274.36,1.3e-05,1
4632,line,4744,上信線,4700,2744,66.0,137.18,5.6e-05,1
4633,line,4745,上信線,4700,2748,66.0,274.36,0.000376,1
4634,line,4746,東京電力パワーグリッド 66.0kV線,2744,2877,66.0,205.77,3e-06,1
4635,line,4747,東京電力パワーグリッド 66.0kV線,2744,2747,66.0,137.18,0.000149,1
4636,line,4748,上信線,2744,2745,66.0,137.18,5e-05,1
4637,line,4749,上信線,2745,2746,66.0,137.18,0.000131,1
4638,line,4750,草津変電所~大津変電所線,2745,2785,66.0,205.77,0.0002,1
4639,line,4751,上信線,2746,2876,66.0,68.59,1.9e-05,0
4640,line,4752,上信線,2746,2875,66.0,68.59,1.9e-05,0
4641,line,4753,川戸線,2748,4596,66.0,137.18,0.000142,0
4642,line,4754,榛名線,2748,2749,66.0,137.18,0.000666,0
4643,line,4755,吾妻川線,4596,2752,66.0,274.36,8.4e-05,0
4644,line,4756,榛名線,2749,2750,66.0,137.18,0.000469,0
4645,line,4757,東京電力パワーグリッド 66.0kV線,2749,4891,66.0,274.36,1.4e-05,1
4646,line,4758,榛名線,2750,2751,66.0,137.18,3e-05,0
4647,line,4759,上里見線,2750,4890,66.0,137.18,5.5e-05,0
4648,line,4760,榛名線,2751,4701,66.0,137.18,5.3e-05,0
4649,line,4761,leadin,2751,4890,66.0,137.18,0.0001,0
4650,line,4762,中之条線,2752,4892,66.0,137.18,8.6e-05,1
4651,line,4763,吾妻川線,2752,2753,66.0,137.18,0.000298,0
4652,line,4764,東京電力パワーグリッド 66.0kV線,2753,2789,66.0,68.59,9.7e-05,1
4653,line,4766,上久屋小松線,2754,2755,66.0,137.18,0.000143,0
4654,line,4767,JR沼田線,2754,4884,66.0,137.18,8.8e-05,1
4655,line,4768,上久屋小松線,4883,2755,66.0,137.18,4.2e-05,0
4656,line,4769,岩室線,4883,4702,66.0,137.18,8.5e-05,0
4657,line,4770,上毛幹線/片品川線,4883,4704,66.0,137.18,0.000259,0
4658,line,4771,池田線,2755,4852,66.0,137.18,0.000148,1
4659,line,4772,namebind,4702,4546,66.0,137.18,0.000476,0
4660,line,4773,上毛幹線/片品川線,4704,2756,66.0,68.59,9.3e-05,0
4661,line,4774,伏田線,2756,2854,66.0,137.18,1.7e-05,1
4662,line,4775,岩本線,2757,2855,154.0,533.47,4e-06,1
4663,line,4776,本庄線,2758,2759,66.0,137.18,0.000261,0
4664,line,4777,深谷線,2758,2793,66.0,68.59,8.3e-05,1
4665,line,4778,本庄線;深谷線,2758,2766,66.0,274.36,2.4e-05,0
4666,line,4779,本庄線,2759,4825,66.0,137.18,0.000124,1
4667,line,4780,岡部線,2759,4827,66.0,137.18,0.000111,0
4668,line,4781,DOWAハイテック線,4825,4824,66.0,137.18,4.7e-05,1
4669,line,4782,沖電気本庄線,4824,4823,66.0,137.18,0.00017,1
4670,line,4783,日本化学工業線,4823,4731,66.0,137.18,2.6e-05,1
4671,line,4784,南魚沼変電所~土樽変電所線,2761,5391,154.0,533.47,0.000102,1
4672,line,4785,秩父線,4899,4830,66.0,137.18,9.1e-05,0
4673,line,4786,秩父変電所~昭電秩父変電所線,4830,2894,66.0,137.18,0.000116,1
4674,line,4787,富士通熊谷線,2762,4821,66.0,137.18,3.8e-05,1
4675,line,4788,妻沼線,2762,4718,66.0,137.18,5.5e-05,1
4676,line,4789,妻沼線,2762,4820,66.0,137.18,5.3e-05,1
4677,line,4790,西横手線,4726,2763,66.0,137.18,1.4e-05,1
4678,line,4791,東京電力パワーグリッド 66.0kV線,2764,2881,66.0,137.18,1e-06,1
4679,line,4792,岡部線,4827,4826,66.0,137.18,1.7e-05,1
4680,line,4793,榛沢線,4827,2794,66.0,137.18,0.000242,0
4681,line,4794,新田線/豊里線,2765,2766,66.0,274.36,0.000127,0
4682,line,4795,新田線/豊里線,2765,2776,66.0,274.36,3.1e-05,0
4683,line,4796,新田線/豊里線,2766,2767,66.0,274.36,5.9e-05,0
4684,line,4797,JFE熊谷線,2767,4757,66.0,137.18,9.1e-05,1
4685,line,4798,新田線;豊里線,2767,4807,66.0,274.36,2.8e-05,0
4686,line,4799,行田線;肥塚線;小川線,4820,4583,66.0,411.54,2.3e-05,0
4687,line,4800,小泉線/鞍掛線,4737,2768,66.0,274.36,7.2e-05,1
4688,line,4801,龍舞線/多々良川線,4737,2822,66.0,274.36,2.7e-05,1
4689,line,4802,小泉線,2768,4752,66.0,137.18,3.7e-05,1
4690,line,4803,鞍掛線,2768,2769,66.0,137.18,0.000108,1
4691,line,4804,leadin,4752,2845,66.0,205.77,2.4e-05,1
4692,line,4805,サントリービール線,2769,2841,66.0,137.18,1.2e-05,1
4693,line,4806,鞍掛線,2769,4720,66.0,137.18,5.7e-05,1
4694,line,4807,北海線,4720,4721,66.0,137.18,2.2e-05,1
4695,line,4808,大谷原線,4720,2844,66.0,274.36,7.3e-05,1
4696,line,4809,戸宮変電所~千代田四丁目変電所線,4725,4709,66.0,68.59,7.6e-05,1
4697,line,4810,千代田四丁目変電所~北坂戸変電所線,4709,4941,154.0,114.32,0.000132,1
4698,line,4811,JFE熊谷線,4808,4809,66.0,137.18,2.2e-05,1
4699,line,4812,三菱電工線,4808,4757,66.0,274.36,7e-06,1
4700,line,4813,JFE熊谷線,4809,4758,66.0,137.18,5e-05,1
4701,line,4814,葉鹿線,2770,4861,66.0,137.18,0.000149,0
4702,line,4815,足利線,2770,2800,66.0,137.18,5.6e-05,0
4703,line,4816,足利線,2770,4627,66.0,137.18,1.7e-05,1
4704,line,4817,葉鹿線,4861,4862,66.0,137.18,3.8e-05,0
4705,line,4818,leadin,4862,2826,66.0,137.18,6e-05,1
4706,line,4819,leadin,4674,2850,66.0,205.77,2.7e-05,1
4707,line,4820,神戸線,2771,2772,66.0,68.59,0.000472,1
4708,line,4821,神戸線,2771,2773,66.0,68.59,0.000454,1
4709,line,4822,東京電力パワーグリッド 66.0kV線,2771,2836,66.0,68.59,3.2e-05,1
4710,line,4823,東京電力パワーグリッド 66.0kV線,2772,2807,66.0,68.59,3.4e-05,1
4711,line,4824,東京電力パワーグリッド 66.0kV線,2772,4863,66.0,68.59,0.000262,1
4712,line,4825,東京電力パワーグリッド 66.0kV線,2773,2774,66.0,68.59,0.00011,1
4713,line,4826,東京送電線_213,4733,5389,154.0,114.32,0.000603,1
4714,line,4827,生品線,2775,4736,66.0,137.18,9e-05,0
4715,line,4828,大久保線,2775,4841,66.0,137.18,5.6e-05,1
4716,line,4830,世良田線,2776,4675,66.0,137.18,9e-05,1
4717,line,4831,小角田線,4675,4746,66.0,137.18,3.5e-05,1
4718,line,4832,小角田町変電所~世良田変電所線,4746,4745,66.0,137.18,3e-06,1
4719,line,4833,大正寺町変電所~堀口町変電所線,4929,2777,154.0,533.47,4e-06,1
4720,line,4834,中禅寺線,4919,2779,66.0,137.18,8.6e-05,0
4721,line,4835,namebind,4919,2835,66.0,137.18,0.000142,0
4722,line,4836,東京電力パワーグリッド 66.0kV線,2779,2834,66.0,137.18,2e-06,1
4723,line,4837,中禅寺線,2779,4918,66.0,137.18,0.000137,0
4724,line,4838,中禅寺線,4918,4762,66.0,411.54,4e-06,1
4725,line,4839,桜ヶ丘線 / 細尾線,4918,2835,66.0,205.77,5.4e-05,0
4726,line,4841,共和線,2780,4759,154.0,533.47,4e-06,1
4727,line,4842,群馬幹線;キヤノン美里線,2780,2790,154.0,1066.94,7e-06,0
4728,line,4843,群馬幹線;キヤノン美里線,2780,4715,154.0,1066.94,3e-06,0
4729,line,4844,中禅寺線,4762,4749,66.0,137.18,0.000185,1
4730,line,4855,朝日工業線/下久保線/保美線,2781,2887,66.0,274.36,7e-06,0
4731,line,4856,美九里線,2781,4771,66.0,137.18,3e-05,0
4732,line,4857,leadin,4771,2887,66.0,68.59,7.6e-05,0
4733,line,4859,東京電力パワーグリッド 66.0kV線,2782,2783,66.0,137.18,0.00011,1
4734,line,4860,東京電力パワーグリッド 66.0kV線,2783,2784,66.0,68.59,0.000477,1
4735,line,4861,東京電力パワーグリッド 66.0kV線,2783,2785,66.0,137.18,0.000172,1
4736,line,4862,草津線,2785,4843,66.0,137.18,0.00017,1
4737,line,4871,館林線,4606,4602,66.0,137.18,4.6e-05,0
4738,line,4872,leadin,2786,4779,66.0,68.59,0.00026,1
4739,line,4873,川又線,2787,4897,66.0,68.59,0.000562,1
4740,line,4875,植木線,4887,4747,66.0,137.18,3e-05,1
4741,line,4876,八斗島線,4805,4804,66.0,137.18,1.2e-05,1
4742,line,4877,八斗島線,4805,4803,66.0,137.18,6e-06,1
4743,line,4878,群馬幹線;キヤノン美里線,2790,2795,154.0,1066.94,6e-06,0
4744,line,4879,前澤化成工業線,4807,2791,66.0,137.18,7e-06,1
4745,line,4880,北熊谷線;新田線;豊里線,4807,4583,66.0,68.59,5.4e-05,0
4746,line,4881,北熊谷線;新田線;豊里線,4806,4582,275.0,5715.77,0.0,0
4747,line,4882,日本化学工業線,4731,4822,66.0,137.18,1.9e-05,1
4748,line,4883,児玉線;キヤノン美里線,2794,4829,66.0,68.59,0.000111,0
4749,line,4884,群馬幹線;キヤノン美里線,2794,4716,66.0,68.59,0.00044,0
4750,line,4885,武州製薬美里線,2795,2796,154.0,266.74,3e-06,1
4751,line,4886,群馬幹線/上武線,4716,2884,66.0,68.59,7.3e-05,0
4752,line,4887,群馬幹線/上武線,4715,4766,154.0,1066.94,1e-05,0
4753,line,4888,飯土井線,4833,4834,66.0,137.18,2.1e-05,1
4754,line,4889,保渡田線,4840,4839,66.0,137.18,1.1e-05,1
4755,line,4890,JR佐野線,4617,4775,66.0,342.95,6e-06,1
4756,line,4891,三杉川線,4617,4789,66.0,137.18,5e-05,1
4757,line,4892,犬伏線,4775,2814,66.0,137.18,0.000364,0
4758,line,4893,leadin,2797,4789,66.0,274.36,2.1e-05,1
4759,line,4897,平方線,2798,2799,66.0,137.18,6e-05,1
4760,line,4898,平方線,2798,4910,66.0,137.18,0.000103,1
4761,line,4899,日産上尾線,2798,2906,66.0,137.18,5.4e-05,1
4762,line,4900,山辺線,2800,4860,66.0,137.18,3.4e-05,1
4763,line,4901,東足利線 / 東山線,2801,4945,66.0,274.36,2.5e-05,0
4764,line,4902,矢場線,2801,2810,66.0,205.77,1.7e-05,1
4765,line,4903,館林線,2802,4603,66.0,137.18,2.7e-05,0
4766,line,4904,赤生田線,2802,2839,66.0,137.18,0.000165,1
4767,line,4905,館林線,4858,4603,66.0,137.18,0.000169,0
4768,line,4906,館林線 / 多々良川線,4858,4601,66.0,274.36,1.5e-05,0
4769,line,4907,東京送電線_238,2806,2809,154.0,266.74,3e-06,1
4770,line,4908,上越幹線,2806,4711,154.0,533.47,2.2e-05,0
4771,line,4909,新坂戸線（只見幹線）/新新田東毛線,4677,4624,275.0,952.63,1.5e-05,0
4772,line,4910,JR足利線,4628,4748,66.0,68.59,0.000225,1
4773,line,4911,東足利線 / 東山線,4628,2824,66.0,274.36,2.2e-05,1
4774,line,4912,東山線,4628,4920,66.0,137.18,5.5e-05,1
4775,line,4913,犬伏線,2811,2812,66.0,137.18,1.1e-05,0
4776,line,4914,大平線,2811,5054,66.0,137.18,5.5e-05,0
4777,line,4915,犬伏線 / 大平線,2811,3117,66.0,274.36,0.000148,0
4778,line,4916,犬伏線,2812,2813,66.0,137.18,1e-05,0
4779,line,4917,水代線,2812,2981,66.0,137.18,0.000108,1
4780,line,4918,犬伏線,2813,2814,66.0,137.18,7.8e-05,0
4781,line,4919,日立栃木線,2813,3281,66.0,137.18,7e-05,1
4782,line,4920,片柳線,2814,5302,66.0,137.18,7.9e-05,1
4783,line,4921,宮町線,2815,5210,66.0,137.18,0.000163,0
4784,line,4922,宮町線 / 下都賀線,2815,5227,66.0,411.54,2.4e-05,1
4785,line,4923,上電大胡線,4793,4835,66.0,68.59,2.8e-05,1
4786,line,4924,苗ヶ島線,4793,4877,66.0,68.59,0.000653,1
4787,line,4925,板倉線,2817,4706,66.0,137.18,0.000265,0
4788,line,4926,海老瀬線,2817,5209,66.0,137.18,0.000192,0
4789,line,4927,海老瀬線,2817,4777,66.0,137.18,2e-05,1
4790,line,4928,leadin,4706,2818,66.0,205.77,4.8e-05,0
4791,line,4929,佐野線 / 板倉線,2818,2848,66.0,68.59,0.000244,0
4792,line,4930,佐野線 / 赤麻線,2818,5032,66.0,68.59,0.000271,0
4793,line,4931,東武新古河線,5209,5109,66.0,137.18,2.6e-05,1
4794,line,4932,小北線/向古河線,5209,2969,66.0,137.18,0.000178,0
4795,line,4933,長谷川香料線,4777,2819,66.0,137.18,9.1e-05,1
4796,line,4934,大協精工線,4600,4773,66.0,137.18,1.5e-05,1
4797,line,4935,館林線 / 多々良川線,4600,2820,66.0,274.36,3.4e-05,0
4798,line,4936,百頭線 / 瑞穂野線,4600,4855,66.0,274.36,0.000168,0
4799,line,4937,佐野線 / 板倉線,4600,2848,66.0,68.59,0.000408,0
4800,line,4938,葛生線 / 関川線,4600,4856,66.0,274.36,3.9e-05,0
4801,line,4939,足次線,2820,2821,66.0,137.18,3.4e-05,1
4802,line,4940,館林線 / 多々良川線,2820,4601,66.0,274.36,3.9e-05,0
4803,line,4941,竜舞線,2822,2823,66.0,137.18,6e-05,0
4804,line,4942,竜舞線,4945,2823,66.0,137.18,0.000112,0
4805,line,4943,東足利線 / 東山線,4945,4853,66.0,274.36,1.4e-05,0
4806,line,4944,東足利線 / 東山線,4853,4854,66.0,274.36,1.3e-05,1
4807,line,4945,百頭線 / 瑞穂野線,4853,4855,66.0,274.36,0.000109,0
4808,line,4946,東足利線 / 東山線,4854,2824,66.0,274.36,1.9e-05,1
4809,line,4947,東武鉄道株式会社 66.0kV線,2824,2825,66.0,137.18,1e-06,1
4810,line,4948,吉沢石灰特約線,2827,2828,66.0,68.59,0.000138,1
4811,line,4949,牧町連系線,2827,2829,66.0,68.59,0.000159,1
4812,line,4950,ドロマイト特約線,2829,2830,66.0,68.59,0.000211,1
4813,line,4951,牧町連系線,2829,2831,66.0,68.59,0.000167,1
4814,line,4952,桜ヶ丘線,2832,2835,66.0,137.18,1.1e-05,1
4815,line,4953,中禅寺変電所~清滝新細尾町変電所線,4939,4940,66.0,68.59,1.1e-05,1
4816,line,4954,中禅寺変電所~清滝新細尾町変電所線,4939,2833,66.0,68.59,0.000275,1
4817,line,4955,東京送電線_259,4940,4762,66.0,137.18,8e-06,1
4818,line,4956,清滝新細尾町変電所~日光市変電所線,4940,2915,66.0,68.59,0.000315,1
4819,line,4957,清滝新細尾町変電所~日光市変電所線,4940,2916,66.0,68.59,0.00033,1
4820,line,4958,namebind,4863,4669,66.0,68.59,0.001169,1
4821,line,4959,日光市変電所~通洞変電所線,4863,2917,66.0,68.59,0.000949,1
4822,line,4960,東京送電線_250,2838,4865,154.0,114.32,0.000163,1
4823,line,4961,東京送電線_254,2841,2843,66.0,137.18,1e-06,1
4824,line,4962,サントリービール線,2841,2842,66.0,137.18,1.1e-05,1
4825,line,4963,桐生線/生品線,4744,4743,66.0,274.36,1.6e-05,0
4826,line,4964,佐野線 / 赤麻線,2849,5031,154.0,1066.94,2.2e-05,0
4827,line,4965,佐野線 / 友沼線,5032,3135,66.0,68.59,0.00072,0
4828,line,4966,佐野線 / 友沼線,5031,5013,154.0,1066.94,3.5e-05,0
4829,line,4967,曲輪町線,4879,4878,66.0,137.18,3.2e-05,1
4830,line,4968,東京送電線_255,2851,2852,66.0,68.59,2e-06,1
4831,line,4969,広瀬川線,2852,2853,66.0,68.59,0.000255,1
4832,line,4970,広瀬川線,2852,4674,66.0,68.59,0.000132,1
4833,line,4971,総社線,4850,4564,66.0,137.18,6.3e-05,1
4834,line,4972,サッポロビール線,2863,2864,66.0,137.18,8.8e-05,1
4835,line,4973,tokyo_line_2985,2865,2866,66.0,68.59,1e-06,0
4836,line,4974,tokyo_line_2986,2865,2867,66.0,68.59,7e-06,0
4837,line,4975,tokyo_line_2987,2866,2867,66.0,68.59,7e-06,0
4838,line,4976,leadin,4592,4734,66.0,68.59,1.9e-05,1
4839,line,4977,三ノ倉線,4891,2869,66.0,137.18,6.2e-05,1
4840,line,4978,JR三原線,4893,2874,66.0,68.59,3e-06,1
4841,line,4979,西窪線,4894,2871,66.0,137.18,1.5e-05,1
4842,line,4980,上信線,4894,2872,66.0,137.18,0.000373,1
4843,line,4981,上信線,4894,2874,66.0,137.18,6.8e-05,1
4844,line,4982,東京電力パワーグリッド 66.0kV線,2872,2878,66.0,137.18,1e-06,1
4845,line,4983,上信線,2872,2879,66.0,137.18,0.001002,1
4846,line,4984,上信線,2873,2875,66.0,68.59,8e-06,0
4847,line,4985,上信線,2873,2874,66.0,137.18,9.6e-05,1
4848,line,4986,上信線,2873,2876,66.0,68.59,8e-06,0
4849,line,4987,tokyo_line_2999,2875,2876,66.0,68.59,1e-06,0
4850,line,4988,leadin,2882,4790,66.0,68.59,6.6e-05,1
4851,line,4989,群馬幹線/上武線,2882,4767,66.0,68.59,0.000149,0
4852,line,4990,群馬幹線/上武線,4767,2883,66.0,68.59,5.7e-05,0
4853,line,4991,東京電力パワーグリッド 66.0kV線,2883,2886,66.0,137.18,3e-06,1
4854,line,4992,群馬幹線/上武線,2883,2884,66.0,68.59,0.000173,0
4855,line,4993,共立印刷本庄線,2884,2885,66.0,205.77,6e-06,1
4856,line,4994,東京電力パワーグリッド 66.0kV線,2891,4796,66.0,137.18,9.5e-05,1
4857,line,4995,軽磯線,2891,2892,66.0,137.18,0.000564,1
4858,line,4996,秩父太平洋セメント線,2897,2898,66.0,274.36,4e-06,1
4859,line,4997,品沢線,2897,2899,66.0,137.18,8.7e-05,1
4860,line,4998,アルバック成膜線,2899,2900,66.0,137.18,3.7e-05,1
4861,line,4999,品沢線,2899,4904,66.0,137.18,0.000124,1
4862,line,5000,秩父石灰線,2901,4905,66.0,274.36,1.6e-05,1
4863,line,5001,西武横瀬線,4905,2902,66.0,137.18,4.3e-05,1
4864,line,5002,西武鉄道株式会社 66.0kV線,2902,2903,66.0,274.36,2e-06,0
4865,line,5003,leadin,4783,2905,66.0,205.77,7e-06,1
4866,line,5004,菖蒲線,4782,4607,154.0,533.47,2.8e-05,1
4867,line,5005,西越谷線 / 白岡線,4991,5017,275.0,3810.51,6e-06,0
4868,line,5006,河北線1・2L,4991,4958,275.0,5715.77,1.2e-05,0
4869,line,5007,東京北線,4991,5082,275.0,1905.26,2.9e-05,0
4870,line,5008,春日部線,4991,5280,275.0,5715.77,6e-06,0
4871,line,5010,元宿線,4739,2909,66.0,137.18,1.6e-05,1
4872,line,5011,元宿線,4739,4630,66.0,137.18,8e-06,1
4873,line,5012,leadin,4630,4750,66.0,68.59,1.2e-05,1
4874,line,5013,東松山線,2910,2911,66.0,137.18,5.8e-05,1
4875,line,5014,青鳥線,2910,4934,66.0,137.18,4.3e-05,1
4876,line,5015,東松山線,2911,4933,66.0,137.18,5.9e-05,1
4877,line,5016,箭弓線,2911,4935,66.0,137.18,2.5e-05,1
4878,line,5017,leadin,4933,4936,66.0,68.59,5.9e-05,1
4879,line,5018,東京電力パワーグリッド 154.0kV線,2912,2913,154.0,1066.94,6e-06,1
4880,line,5019,東京電力パワーグリッド 154.0kV線,2913,2914,154.0,533.47,0.0,1
4881,line,5020,東京送電線_265,2918,4863,66.0,68.59,0.000157,1
4882,line,5022,東京送電線_269,2920,2921,66.0,68.59,2.6e-05,0
4883,line,5023,鷲宮変電所~外野変電所線,4949,4948,66.0,68.59,0.000244,1
4884,line,5024,leadin,4973,5217,275.0,1905.26,2.6e-05,0
4885,line,5025,常陸那珂火力線 / 茨城線,4973,4976,275.0,3810.51,7e-06,0
4886,line,5026,新いわき幹線,2922,2925,500.0,6928.2,0.0,0
4887,line,5027,川内線,2922,3387,500.0,6928.2,1.7e-05,1
4888,line,5028,福島東幹線,2923,2924,500.0,6928.2,0.0,1
4889,line,5029,福島東幹線,2924,4999,500.0,6928.2,5.2e-05,0
4890,line,5030,福島幹線,2924,2925,500.0,6928.2,0.0,0
4891,line,5031,福島東幹線,4999,5336,500.0,6928.2,1.4e-05,0
4892,line,5032,福島幹線,4999,2925,500.0,6928.2,5.1e-05,0
4893,line,5033,新茂木線,4999,4970,500.0,6928.2,1.6e-05,0
4894,line,5034,新茂木~益子町変電所線,4999,5015,500.0,10392.3,1.3e-05,0
4895,line,5035,南赤羽線,4969,2926,66.0,137.18,0.00025,0
4896,line,5036,井頭線 / 下籠谷線,4969,5174,66.0,274.36,0.000217,0
4897,line,5037,芳賀線 / 氷室線,4969,3207,66.0,68.59,0.00015,0
4898,line,5038,市塙線,2926,3188,66.0,137.18,2.7e-05,0
4899,line,5039,市塙線,2926,3189,66.0,137.18,0.00016,1
4900,line,5040,那珂線,2927,5000,275.0,1905.26,5.5e-05,0
4901,line,5041,那珂線 / 阿武隈線,2927,4976,275.0,3810.51,2e-06,0
4902,line,5042,阿武隈線,2927,2932,275.0,3810.51,3.9e-05,0
4903,line,5043,猪苗代新幹線,31,5306,154.0,533.47,0.000192,0
4904,line,5044,猪苗代新幹線,31,2931,154.0,533.47,0.000372,0
4905,line,5045,猪苗代新幹線,5306,5349,154.0,533.47,0.000101,0
4906,line,5046,下滝線,5306,851,154.0,266.74,0.000404,0
4907,line,5047,栃那線 / 喜連川線,5306,5045,154.0,1066.94,3e-06,0
4908,line,5048,栃那線 / 喜連川線,5306,2928,154.0,1066.94,4e-05,0
4909,line,5049,猪苗代新幹線,5349,4964,154.0,533.47,1.1e-05,0
4910,line,5050,猪苗代新幹線,4964,33,154.0,533.47,1.3e-05,0
4911,line,5051,栃山線 / JR宝積寺線,4964,2928,154.0,1066.94,1.4e-05,0
4912,line,5052,芳賀線,4964,5200,154.0,1066.94,2.7e-05,0
4913,line,5053,栃山線 / 河宮線,4964,5049,154.0,1066.94,2e-05,0
4914,line,5054,猪苗代新幹線,33,5007,154.0,1066.94,1.2e-05,0
4915,line,5055,猪苗代新幹線,33,5051,154.0,533.47,3.6e-05,0
4916,line,5056,栃那線 / JR宝積寺線,4965,2974,66.0,68.59,0.000739,0
4917,line,5057,栃山線 / 栃那線,2928,4972,154.0,1066.94,2.4e-05,0
4918,line,5058,新栃木線,4970,5166,500.0,6928.2,0.0,0
4919,line,5059,烏山線 / 河内線,5008,2929,66.0,274.36,0.000259,0
4920,line,5060,河宮線 / 氷室線,5008,3208,66.0,274.36,6.8e-05,0
4921,line,5061,西河線 / 岩曽線,5008,5255,66.0,548.71,2.4e-05,0
4922,line,5062,烏山線,2929,3010,66.0,137.18,9.1e-05,0
4923,line,5063,河内線,2929,3054,66.0,137.18,0.000127,0
4924,line,5064,猪苗代旧幹線,2930,2931,154.0,533.47,0.000271,1
4925,line,5065,猪苗代旧幹線,2931,38,154.0,533.47,0.00025,0
4926,line,5066,豊原線,38,3406,154.0,533.47,2.1e-05,1
4927,line,5067,栃那線 / 西那須野線,1002,2975,154.0,1066.94,7.6e-05,0
4928,line,5068,十王線,2932,5158,275.0,5715.77,1e-06,0
4929,line,5069,阿武隈線,2932,213,275.0,3810.51,5.2e-05,0
4930,line,5070,植田変電所~いわき変電所線,213,2980,275.0,1905.26,0.000102,1
4931,line,5071,西水戸線 / 西茨線,4977,2933,154.0,1066.94,2.2e-05,0
4932,line,5072,常陸那珂火力線 / 茨城線,4977,4974,154.0,533.47,5.5e-05,0
4933,line,5073,茨城線,4977,3301,154.0,533.47,2.7e-05,1
4934,line,5074,西水戸線,2933,4978,154.0,533.47,3.8e-05,0
4935,line,5075,西茨線 / 飯田線,2933,5273,154.0,1066.94,2e-06,0
4936,line,5076,東海原子力線,4976,3090,275.0,1905.26,1.9e-05,0
4937,line,5077,北小名浜変電所~いわき変電所線,1001,3071,154.0,533.47,0.000184,1
4938,line,5078,湊線,2934,3040,66.0,137.18,5e-06,0
4939,line,5079,北見線,2934,3043,66.0,137.18,1e-06,0
4940,line,5080,北見線;湊線,2934,2935,66.0,274.36,3.7e-05,1
4941,line,5081,北見線;湊線,2935,5137,66.0,274.36,1.4e-05,1
4942,line,5082,leadin,2935,5077,66.0,68.59,0.000107,1
4943,line,5083,水府線,5137,5136,66.0,68.59,0.000125,1
4944,line,5084,常陸海浜線,2936,5263,66.0,137.18,0.000123,1
4945,line,5085,湊線,2936,3064,66.0,137.18,3.5e-05,1
4946,line,5086,湊線,2936,5134,66.0,137.18,3.4e-05,1
4947,line,5087,常陸那珂工団線,5263,4984,66.0,137.18,2.9e-05,1
4948,line,5088,筑南線 / 筑館線,5184,5182,66.0,68.59,5.6e-05,0
4949,line,5089,トステム土浦線,5184,5185,66.0,137.18,7.9e-05,1
4950,line,5090,筑南線 / 筑館線,5184,3221,66.0,137.18,0.000929,0
4951,line,5091,高浜線 / 神立線,4986,5139,66.0,342.95,5e-06,0
4952,line,5092,霞ヶ浦線 / 稲敷線,4986,5343,66.0,274.36,0.000114,0
4953,line,5093,大穂線 / 筑波線,4986,2939,66.0,274.36,0.000103,0
4954,line,5094,霞ヶ浦線 / 稲敷線,5343,2937,66.0,274.36,3e-05,0
4955,line,5095,東京電力パワーグリッド 66.0kV線,2937,5354,66.0,68.59,3.5e-05,1
4956,line,5096,霞ヶ浦線,2937,2997,66.0,137.18,0.000244,0
4957,line,5097,稲敷線,2937,3107,66.0,137.18,0.000114,0
4958,line,5098,土浦線,2938,5288,66.0,137.18,5.8e-05,0
4959,line,5099,高浜線 / 神立線,2938,2999,66.0,274.36,8e-06,0
4960,line,5100,高浜線 / 神立線,2938,5189,66.0,274.36,3e-05,0
4961,line,5101,leadin,5288,5342,66.0,68.59,5.4e-05,1
4962,line,5102,立の越線,5288,2994,66.0,137.18,0.000142,0
4963,line,5103,大穂線,2939,2958,66.0,137.18,0.000132,1
4964,line,5104,筑波線,2939,5197,66.0,137.18,0.000481,0
4965,line,5105,東光台線,2940,5073,154.0,533.47,2.8e-05,1
4966,line,5106,湖西線,2940,2941,154.0,1066.94,6e-05,0
4967,line,5107,湖西線,2940,5310,154.0,533.47,1e-05,0
4968,line,5108,東京電力パワーグリッド 154.0kV線,2941,3314,154.0,533.47,5e-06,1
4969,line,5109,筑波豊里線,2942,5340,66.0,137.18,0.00015,0
4970,line,5110,岩井線,2942,2973,66.0,137.18,0.000416,0
4971,line,5111,岩井線,2942,5085,66.0,137.18,0.000163,0
4972,line,5112,テクノパーク豊里線,5340,4988,66.0,137.18,5.5e-05,0
4973,line,5113,筑波線,5197,2943,66.0,137.18,0.000232,0
4974,line,5114,明野工団線,5197,2992,66.0,137.18,0.000191,1
4975,line,5115,筑波線,2943,2944,66.0,137.18,0.000299,0
4976,line,5116,明野線,2943,2988,66.0,137.18,5.3e-05,1
4977,line,5117,筑波線,2944,2945,66.0,137.18,4.7e-05,0
4978,line,5118,leadin,2944,5230,66.0,137.18,6.4e-05,0
4979,line,5119,筑館線,2945,5260,66.0,137.18,0.000278,0
4980,line,5120,筑館線,2945,5230,66.0,137.18,6.1e-05,0
4981,line,5121,関宿線,2946,5283,66.0,137.18,3.8e-05,1
4982,line,5122,山西線,2946,2968,66.0,137.18,0.000351,0
4983,line,5123,山西線,2946,5074,66.0,137.18,0.00026,0
4984,line,5124,鷲宮線,2947,5038,66.0,137.18,0.000139,0
4985,line,5125,岩白線;鷲宮線,2947,2963,66.0,274.36,4.3e-05,0
4986,line,5126,岩白線,2947,5282,66.0,137.18,9.3e-05,0
4987,line,5127,鷲宮線,5038,2948,66.0,137.18,6.1e-05,0
4988,line,5128,鷲宮線,2948,2949,66.0,137.18,0.00015,0
4989,line,5129,宮代線,2948,5129,66.0,137.18,3.8e-05,0
4990,line,5130,鷲宮線,2949,2950,66.0,137.18,8.2e-05,0
4991,line,5131,幸手線,2949,5036,66.0,137.18,4.4e-05,1
4992,line,5132,東武栗橋線,2950,2952,66.0,137.18,0.000162,0
4993,line,5133,東武栗橋線,2950,5199,66.0,137.18,5.1e-05,0
4994,line,5134,蓮田線 / 東久喜線,2951,3318,66.0,274.36,3e-05,1
4995,line,5135,蓮田線 / 東久喜線,2951,2965,66.0,274.36,4.6e-05,1
4996,line,5136,積水武蔵線,2951,3319,66.0,274.36,2.7e-05,1
4997,line,5137,東武栗橋線,2952,5020,66.0,137.18,4.6e-05,0
4998,line,5138,前沢工業線,2952,5022,66.0,137.18,1.7e-05,1
4999,line,5139,猪苗代新幹線 / 宮代線,5034,5128,154.0,1066.94,3e-06,0
5000,line,5140,小北線,4992,5021,154.0,533.47,0.000109,0
5001,line,5141,鹿島線,2954,2971,275.0,952.63,1e-06,0
5002,line,5142,鹿島線,2954,3028,275.0,952.63,2e-06,0
5003,line,5143,取手線,2955,5056,66.0,137.18,6.3e-05,1
5004,line,5144,キリンビール井野線,2955,3264,66.0,137.18,6e-05,1
5005,line,5145,常磐線 / 常北線,2956,2957,66.0,274.36,0.00012,0
5006,line,5146,真弓線,2956,5334,66.0,137.18,0.000105,1
5007,line,5147,常磐線 / 常北線,2956,3070,66.0,274.36,6.3e-05,0
5008,line,5148,JR白方線,2957,5205,66.0,137.18,8.7e-05,1
5009,line,5149,常磐線 / 常北線,2957,4975,66.0,274.36,9.8e-05,0
5010,line,5150,大穂線,2958,2959,66.0,137.18,5.6e-05,1
5011,line,5151,テクノパーク桜線,2958,3224,66.0,137.18,7.7e-05,1
5012,line,5152,防災科研線,2959,3225,66.0,274.36,1e-06,1
5013,line,5153,大穂線,2959,2960,66.0,137.18,2.3e-05,1
5014,line,5154,筑波大学線,2960,3113,66.0,137.18,8.2e-05,1
5015,line,5155,namebind,2960,5170,66.0,137.18,0.000115,1
5016,line,5156,潮来線,2961,5303,66.0,137.18,3.6e-05,1
5017,line,5157,幸田線,5062,5304,66.0,137.18,0.000372,1
5018,line,5158,角崎線,5062,2998,66.0,137.18,0.000231,1
5019,line,5159,江戸崎線,5062,3106,66.0,137.18,0.000209,1
5020,line,5160,烏山線,2962,5127,66.0,137.18,3e-05,1
5021,line,5161,馬頭線,2962,5005,66.0,137.18,0.000245,0
5022,line,5162,烏山線,2962,3097,66.0,137.18,6.9e-05,0
5023,line,5163,馬頭線,5005,3292,66.0,137.18,0.00012,0
5024,line,5164,小野川線,5060,5344,66.0,137.18,0.000232,0
5025,line,5165,霞ヶ浦線,5060,2997,66.0,137.18,2.6e-05,0
5026,line,5166,namebind,5060,5291,66.0,137.18,0.000236,0
5027,line,5167,牛久北部線,5060,2995,66.0,137.18,8.7e-05,0
5028,line,5168,小野川変電所~筑波西部変電所線,5060,3255,66.0,137.18,8.5e-05,1
5029,line,5169,小野川線,5344,5088,66.0,137.18,7.8e-05,0
5030,line,5170,猪苗代新幹線,5319,5339,154.0,533.47,4.7e-05,0
5031,line,5171,猪苗代新幹線,5319,3029,154.0,533.47,6.8e-05,0
5032,line,5172,猪苗代新幹線,5339,5128,154.0,533.47,6.6e-05,0
5033,line,5173,姫宮線,2963,2964,66.0,137.18,0.000127,0
5034,line,5174,春日部線;岩白線;鷲宮線,2963,5281,66.0,274.36,6.8e-05,0
5035,line,5175,北海製缶線,2964,2966,66.0,137.18,1e-05,1
5036,line,5176,姫宮線,2964,2965,66.0,137.18,0.000163,0
5037,line,5177,東洋製罐久喜線 / 東久喜線,2965,4993,66.0,274.36,3.8e-05,0
5038,line,5178,姫宮線,2965,5023,66.0,137.18,3.2e-05,1
5039,line,5179,北海製缶線,2966,3252,66.0,137.18,2.3e-05,1
5040,line,5180,東京電力パワーグリッド 66.0kV線,2966,3253,66.0,137.18,7e-06,1
5041,line,5181,JR間々田線,2967,5030,66.0,137.18,3.3e-05,1
5042,line,5182,総和線,2967,5014,66.0,137.18,4.6e-05,0
5043,line,5183,総和線,2967,3167,66.0,137.18,2.6e-05,0
5044,line,5184,幸松線,2968,5282,66.0,137.18,0.000119,0
5045,line,5185,山西線,2968,2970,66.0,137.18,0.000149,0
5046,line,5186,南古河線,2969,5029,66.0,137.18,4.6e-05,0
5047,line,5187,小北線 / 南古河線,2969,5242,66.0,68.59,0.000158,0
5048,line,5188,JR栗橋1号線,5029,3157,66.0,274.36,2e-05,1
5049,line,5189,庄和線,2970,5033,66.0,137.18,0.0001,1
5050,line,5190,猪苗代新幹線 / 宮代線,5129,5035,66.0,68.59,6.2e-05,0
5051,line,5191,鹿島線,2971,3028,275.0,952.63,1e-06,0
5052,line,5192,鹿島線 / 取手線,2971,5087,275.0,3810.51,5e-06,0
5053,line,5193,出口線,2972,5081,66.0,137.18,0.000144,0
5054,line,5194,水海道線 / 出口線,2972,5080,66.0,274.36,3.2e-05,0
5055,line,5195,水海道線,2972,3017,66.0,137.18,0.000148,0
5056,line,5196,川間線,5081,5039,66.0,137.18,2.2e-05,1
5057,line,5197,出口線,5081,5041,66.0,137.18,0.000122,0
5058,line,5198,谷和原線 / 岩井線,2973,5088,66.0,411.54,3.9e-05,0
5059,line,5199,谷和原線,2973,5009,66.0,274.36,5.3e-05,0
5060,line,5200,烏山線,2974,5047,66.0,137.18,4.4e-05,0
5061,line,5201,烏山線,2974,3097,66.0,137.18,0.000218,0
5062,line,5202,栃那線 / 喜連川線,2974,3324,66.0,68.59,0.000303,0
5063,line,5203,栃那線,2975,5045,154.0,1066.94,1.8e-05,0
5064,line,5204,シャープ矢板線,2975,3213,154.0,533.47,5e-06,1
5065,line,5205,烏山線,5127,5048,66.0,137.18,0.000375,1
5066,line,5206,那須ニコン線,5048,3219,66.0,274.36,6.1e-05,1
5067,line,5207,岡本線,5052,5348,66.0,137.18,1.7e-05,0
5068,line,5208,下栗線,5052,5223,66.0,137.18,4.3e-05,1
5069,line,5209,下栗線,5223,5216,66.0,137.18,3e-05,1
5070,line,5210,下栗線,5216,5117,66.0,137.18,0.000176,1
5071,line,5211,上三川線 / 南河内線,2976,3288,66.0,274.36,7.7e-05,0
5072,line,5212,上三川線 / 南河内線,2976,3296,66.0,274.36,0.00022,0
5073,line,5213,栃木ビデオ線,2976,3192,66.0,274.36,3.1e-05,1
5074,line,5214,河宮線,2977,5225,66.0,137.18,2.9e-05,0
5075,line,5215,栃山線/河宮線,2977,2979,66.0,137.18,8.5e-05,0
5076,line,5216,クリーンパーク茂原線,2977,2978,66.0,274.36,5e-06,1
5077,line,5217,leadin,2979,5106,66.0,137.18,0.0001,0
5078,line,5218,栃山線/河宮線,2979,3194,66.0,68.59,0.000353,0
5079,line,5219,水代線,2981,5075,66.0,137.18,4.5e-05,1
5080,line,5220,静和線,2981,5120,66.0,68.59,0.00026,1
5081,line,5221,いすゞ栃木線,5075,3134,66.0,137.18,0.00011,1
5082,line,5222,守谷線,2982,2983,66.0,137.18,0.000196,1
5083,line,5223,筑波南線,2982,5009,66.0,137.18,0.000318,0
5084,line,5224,筑波南線,2982,2986,66.0,137.18,0.000298,0
5085,line,5225,守谷線,2983,2984,66.0,137.18,4.3e-05,1
5086,line,5226,東京鉄骨線,2983,3261,66.0,137.18,3.8e-05,1
5087,line,5227,南守谷線,2984,5292,66.0,68.59,0.000148,1
5088,line,5228,守谷線,2984,5057,66.0,274.36,6.7e-05,1
5089,line,5229,竜ケ崎線,2985,5058,66.0,137.18,8.2e-05,1
5090,line,5230,筑波南線,2985,5346,66.0,137.18,0.000437,0
5091,line,5231,筑波南線,2985,3094,66.0,137.18,0.000225,0
5092,line,5232,水海道線 / 出口線,5009,3016,66.0,274.36,4e-05,0
5093,line,5233,飯沼川線,5009,3024,66.0,137.18,0.000128,0
5094,line,5234,取手線,2986,5293,66.0,137.18,0.000234,0
5095,line,5235,南筑波線 / 取手線,2986,3094,66.0,274.36,1.1e-05,0
5096,line,5236,野木線 / 八千代線,2987,5013,154.0,1066.94,3e-06,0
5097,line,5237,JR新野木線,2987,5105,154.0,533.47,1.4e-05,1
5098,line,5238,野木線 / 八千代線,2987,3030,154.0,1066.94,1e-05,0
5099,line,5239,北茨城線,1138,5330,66.0,137.18,0.000128,0
5100,line,5240,明野線,2988,5061,66.0,137.18,4.8e-05,0
5101,line,5241,真壁線,2988,3223,66.0,137.18,4.6e-05,0
5102,line,5242,leadin,5061,3223,66.0,137.18,4.8e-05,0
5103,line,5243,鉾田線,2989,2990,66.0,137.18,0.000244,1
5104,line,5244,鉾田線 / 貝地線,2989,3076,66.0,274.36,2e-05,1
5105,line,5245,貝地線,2989,5265,66.0,137.18,0.000107,1
5106,line,5246,鉾田線,2990,5269,66.0,137.18,0.000402,1
5107,line,5247,玉里線,2990,5267,66.0,137.18,5.5e-05,1
5108,line,5248,鉾田線,5269,2991,66.0,137.18,6.7e-05,1
5109,line,5249,東京電力パワーグリッド 66.0kV線,5269,3240,66.0,137.18,3.1e-05,1
5110,line,5250,鉾田線,2991,5125,66.0,137.18,0.000159,1
5111,line,5251,北浦線,2991,3238,66.0,137.18,0.000265,1
5112,line,5252,鹿島線 / 取手線,5088,3026,66.0,137.18,0.000227,0
5113,line,5253,立の越線,2993,2994,66.0,137.18,3.3e-05,0
5114,line,5254,稲敷線,2993,3107,66.0,137.18,0.000109,0
5115,line,5255,稲敷線,2993,3002,66.0,137.18,0.000133,0
5116,line,5256,霞ヶ浦水道線,2994,3001,66.0,137.18,1.8e-05,1
5117,line,5257,牛久北部線,2995,2996,66.0,137.18,4e-05,0
5118,line,5258,イオンモールつくば線,2995,3124,66.0,137.18,2.7e-05,1
5119,line,5259,牛久北部線,2996,5291,66.0,137.18,7.5e-05,0
5120,line,5260,東京電力パワーグリッド 66.0kV線,2996,5351,66.0,137.18,5.3e-05,1
5121,line,5261,学園中線,2997,3092,66.0,137.18,1.7e-05,1
5122,line,5262,東京電力パワーグリッド 66.0kV線,2998,3334,66.0,137.18,2e-06,1
5123,line,5263,角崎線,2998,5329,66.0,137.18,3.3e-05,1
5124,line,5264,高浜線 / 神立線,5139,2999,66.0,274.36,8.7e-05,0
5125,line,5265,筑南線 / 筑館線,5139,5182,66.0,68.59,4.6e-05,0
5126,line,5266,電線土浦線,2999,5190,66.0,137.18,2.2e-05,1
5127,line,5267,東京電力パワーグリッド 66.0kV線,5289,3000,66.0,137.18,0.000158,1
5128,line,5268,稲敷線,5289,3005,66.0,137.18,8.5e-05,0
5129,line,5269,稲敷線,5289,3106,66.0,137.18,4.3e-05,0
5130,line,5270,東京電力パワーグリッド 66.0kV線,3002,3003,66.0,68.59,7.3e-05,1
5131,line,5271,稲敷線,3002,3004,66.0,137.18,3.9e-05,0
5132,line,5272,福田線,3004,5067,66.0,137.18,0.000235,0
5133,line,5273,稲敷線,3004,3005,66.0,137.18,0.000109,0
5134,line,5274,桂町線,5067,5065,66.0,274.36,8.7e-05,0
5135,line,5275,雪印メグミルク阿見線,3005,3254,66.0,137.18,8e-05,1
5136,line,5285,取手線,5293,3027,66.0,137.18,4.6e-05,0
5137,line,5286,オカモト向陽台線,5346,5156,66.0,137.18,4.3e-05,1
5138,line,5287,筑波南線,5346,3025,66.0,137.18,0.000136,0
5139,line,5288,東京電力パワーグリッド 66.0kV線,5156,5155,66.0,137.18,2.9e-05,1
5140,line,5289,常磐線 / 常北線,3006,5157,66.0,274.36,2.4e-05,0
5141,line,5290,豊浦線,3006,5331,66.0,137.18,4e-05,1
5142,line,5291,常磐線 / 常北線,3006,5159,66.0,274.36,6.2e-05,0
5143,line,5292,常磐線 / 常北線,5157,3007,66.0,274.36,4.6e-05,0
5144,line,5293,常磐線 / 常北線,3007,3081,66.0,274.36,2e-05,0
5145,line,5294,小木津線,3007,5332,66.0,137.18,2.7e-05,1
5146,line,5295,江曽島線,3008,5069,66.0,137.18,2e-05,1
5147,line,5296,江曽島線,3008,5249,66.0,137.18,6e-05,1
5148,line,5297,滝の原線,3008,3049,66.0,137.18,2.7e-05,1
5149,line,5298,西河線,3009,5107,66.0,274.36,7.9e-05,0
5150,line,5299,西河線,3009,5070,66.0,274.36,2e-05,0
5151,line,5300,宇都宮線,3009,5215,66.0,274.36,5.5e-05,1
5152,line,5301,西河線 / 岩曽線,5107,5255,66.0,411.54,3.7e-05,0
5153,line,5302,クボタ宇都宮線,5107,5050,66.0,137.18,0.000116,0
5154,line,5304,烏山線,3010,5047,66.0,137.18,0.000103,0
5155,line,5305,東京電力パワーグリッド 66.0kV線,3010,3293,66.0,137.18,2.4e-05,1
5156,line,5306,JR鹿島線,5094,5090,66.0,137.18,2.7e-05,1
5157,line,5307,深芝処理場線,5180,3105,66.0,137.18,1.8e-05,1
5158,line,5308,leadin,5180,3011,66.0,342.95,1.5e-05,1
5159,line,5309,白沢線,5007,4972,154.0,1066.94,1.5e-05,0
5160,line,5310,鬼怒川線,852,5123,66.0,137.18,0.000104,0
5161,line,5311,大田原線,5123,3012,66.0,137.18,0.00021,0
5162,line,5312,岩沼線,5123,3059,66.0,137.18,0.000252,0
5163,line,5313,大渡連系線,3012,3051,66.0,137.18,1.3e-05,0
5164,line,5314,大田原線,3012,3061,66.0,137.18,8e-06,0
5165,line,5315,河内線,109,3054,66.0,137.18,0.000379,0
5166,line,5316,大田原線,109,5347,66.0,137.18,0.000193,0
5167,line,5317,小平線,266,3013,66.0,137.18,0.00022,1
5168,line,5318,沓掛線,3014,5084,66.0,137.18,3.2e-05,1
5169,line,5319,日本タイプライター線,3014,5192,66.0,137.18,2.8e-05,1
5170,line,5320,沓掛線,3014,3248,66.0,137.18,6.3e-05,1
5171,line,5321,水海道線,3015,3022,66.0,137.18,1.9e-05,0
5172,line,5322,水海道線,3015,3016,66.0,137.18,1.5e-05,0
5173,line,5323,坂手工団線,3015,5078,66.0,137.18,9.3e-05,1
5174,line,5324,出口線,3016,3022,66.0,137.18,3.2e-05,0
5175,line,5325,水海道線 / 出口線,5080,4959,66.0,274.36,0.000108,0
5176,line,5326,水海道線,5042,3017,66.0,137.18,2.7e-05,0
5177,line,5327,三ヶ尾線,3017,3021,66.0,137.18,9.1e-05,0
5178,line,5328,日本ミルク野田線,3018,3019,66.0,137.18,7e-06,0
5179,line,5329,tokyo_line_3396,3018,3023,66.0,68.59,9e-06,0
5180,line,5330,東京電力パワーグリッド 66.0kV線,3018,3020,66.0,137.18,6e-06,0
5181,line,5331,東京電力パワーグリッド 66.0kV線,3019,3020,66.0,68.59,4e-06,0
5182,line,5332,東京電力パワーグリッド 66.0kV線,3019,3023,66.0,68.59,4e-06,0
5183,line,5333,日本ミルク野田線,3019,3021,66.0,137.18,7e-06,1
5184,line,5334,tokyo_line_3401,3020,3023,66.0,68.59,1e-06,0
5185,line,5335,三ヶ尾線,3021,4956,66.0,137.18,6.4e-05,0
5186,line,5336,菅生変電所~内守谷町変電所線,4959,5341,66.0,137.18,2e-06,1
5187,line,5337,水海道線 / 出口線,4959,3022,66.0,274.36,3.6e-05,0
5188,line,5338,トステム野田線,5041,5083,66.0,137.18,2.6e-05,0
5189,line,5339,三菱金属大生郷線,5085,5086,66.0,137.18,2.3e-05,1
5190,line,5340,岩井線,5085,5084,66.0,137.18,0.000199,0
5191,line,5341,飯沼川線,3024,5084,66.0,137.18,0.000249,0
5192,line,5342,高砂製紙線,3024,3251,66.0,137.18,0.00013,1
5193,line,5343,岩井線,5084,3079,66.0,137.18,3.2e-05,1
5194,line,5344,東京電力パワーグリッド 66.0kV線,3025,3335,66.0,137.18,2e-06,1
5195,line,5345,筑波南線,3025,5065,66.0,274.36,5e-05,0
5196,line,5346,稲敷線 / 江戸崎線,5065,3106,66.0,274.36,7.2e-05,0
5197,line,5347,鹿島線/船津線,5093,5098,66.0,68.59,0.000142,0
5198,line,5348,鹿島変電所~爪木変電所線,5090,5091,66.0,137.18,2.8e-05,1
5199,line,5349,取手線,3026,3027,66.0,137.18,2.7e-05,0
5200,line,5350,キヤノン化成線,3026,3263,66.0,137.18,4.1e-05,1
5201,line,5351,東京電力パワーグリッド 66.0kV線,3027,3262,66.0,137.18,2.8e-05,1
5202,line,5352,鹿島線,3028,5066,275.0,1905.26,2.5e-05,0
5203,line,5353,鹿島線,5064,5066,275.0,1905.26,7e-06,0
5204,line,5354,東京北線,5082,5040,275.0,1905.26,1e-06,0
5205,line,5355,猪苗代新幹線 / 野木線 / 八千代線,3029,3030,154.0,1600.41,1e-06,0
5206,line,5356,野木線 / 八千代線,3029,3187,154.0,1066.94,4.1e-05,0
5207,line,5357,猪苗代新幹線,3030,5012,154.0,533.47,1.2e-05,0
5208,line,5358,小北線,5021,3156,154.0,533.47,2.4e-05,0
5209,line,5359,猪苗代新幹線,3031,5012,154.0,533.47,3.7e-05,0
5210,line,5360,東京鉄鋼小山線,3031,5355,154.0,533.47,1.5e-05,0
5211,line,5361,猪苗代新幹線 / 昭和アルミ小山線,3031,3115,154.0,1066.94,1.4e-05,0
5212,line,5362,猪苗代新幹線,3032,3033,154.0,533.47,1.2e-05,0
5213,line,5363,猪苗代新幹線,3032,3115,154.0,533.47,0.000137,0
5214,line,5364,日産栃木線,3032,3193,154.0,533.47,6e-06,1
5215,line,5365,猪苗代新幹線,3033,3034,154.0,1066.94,2e-06,0
5216,line,5366,コベルコパワー真岡線,3033,5224,154.0,533.47,1.5e-05,0
5217,line,5367,猪苗代新幹線,3034,5220,154.0,533.47,1e-05,0
5218,line,5368,leadin,3034,5173,154.0,533.47,6.4e-05,0
5219,line,5369,猪苗代新幹線,5220,5051,154.0,533.47,6.7e-05,0
5220,line,5370,助川線,3035,3036,66.0,137.18,6e-06,1
5221,line,5371,常磐線 / 常北線,3035,5153,66.0,274.36,2.6e-05,0
5222,line,5372,常磐線 / 常北線,3035,3069,66.0,274.36,8.1e-05,0
5223,line,5373,助川線,3035,5160,66.0,137.18,0.000114,0
5224,line,5374,助川線,3036,5300,66.0,137.18,7.7e-05,1
5225,line,5375,平沢線,3036,3277,66.0,137.18,2.9e-05,1
5226,line,5376,日立山手線,5153,5152,66.0,137.18,1.3e-05,1
5227,line,5377,日鉱ニッケル線,5153,5154,66.0,137.18,2.8e-05,0
5228,line,5378,常磐線 / 常北線,5153,3081,66.0,274.36,5.3e-05,0
5229,line,5379,十王線,3037,5159,66.0,274.36,3.5e-05,0
5230,line,5380,助川線,3037,5160,66.0,137.18,0.000383,0
5231,line,5381,大子線,3037,3332,66.0,137.18,0.000151,0
5232,line,5382,勿来線 / 北茨城線,5159,3084,66.0,274.36,1.6e-05,0
5233,line,5383,東京電力パワーグリッド 154.0kV線,5112,5218,154.0,533.47,5e-06,0
5234,line,5384,村松線 / 東海線,5112,5271,154.0,1066.94,2.4e-05,0
5235,line,5385,村松線 / 東海線,5272,3038,66.0,68.59,0.000345,0
5236,line,5386,村松線 / 孫目線,5272,4975,66.0,68.59,0.000118,0
5237,line,5387,村松線 / 原電石神線,3038,5113,66.0,68.59,0.00041,0
5238,line,5388,東海線,3038,3300,66.0,137.18,9.1e-05,1
5239,line,5389,村松線 / 孫目線,5271,4974,154.0,1066.94,5e-06,0
5240,line,5390,青柳線;勝田線,4975,3039,66.0,274.36,0.000121,0
5241,line,5391,大洗線,4975,3040,66.0,137.18,0.000367,0
5242,line,5392,常陸大宮線,4975,3065,66.0,137.18,3.2e-05,0
5243,line,5393,青柳線,3039,3043,66.0,137.18,0.000138,0
5244,line,5394,勝田線,3039,5194,66.0,137.18,6.3e-05,0
5245,line,5395,菅谷線,4974,5193,154.0,533.47,4.5e-05,0
5246,line,5396,西茨線,4974,5273,154.0,533.47,4.5e-05,0
5247,line,5397,菅谷線,5193,5352,154.0,800.21,3e-06,0
5248,line,5398,湊線;大洗線,3040,3111,66.0,274.36,8.4e-05,1
5249,line,5399,北見線;青柳線,4979,3041,66.0,274.36,0.000126,0
5250,line,5400,赤塚線,4979,5130,66.0,137.18,6e-05,1
5251,line,5401,水戸線,4979,3104,66.0,137.18,0.000514,0
5252,line,5402,石岡線;岩間線,4979,3044,66.0,68.59,0.000358,0
5253,line,5403,北見線;青柳線,3041,3042,66.0,274.36,2e-05,0
5254,line,5404,飯田線,3041,5274,66.0,137.18,0.000182,0
5255,line,5405,北見線;青柳線,3042,3043,66.0,274.36,4.5e-05,0
5256,line,5406,根本線,3042,5135,66.0,137.18,9.7e-05,1
5257,line,5407,石岡線;岩間線,3044,3045,66.0,68.59,1.2e-05,0
5258,line,5408,見川線,3044,5178,66.0,137.18,0.000288,1
5259,line,5409,イオン内原線,3045,5324,66.0,137.18,9.7e-05,1
5260,line,5410,石岡線;岩間線,3045,5323,66.0,68.59,0.000232,0
5261,line,5411,総社町線,3046,3047,66.0,137.18,2e-05,1
5262,line,5412,川中子線,3046,5114,66.0,137.18,0.000112,0
5263,line,5413,川中子線,3046,3159,66.0,137.18,0.000402,0
5264,line,5414,東京電力パワーグリッド 66.0kV線,3047,3160,66.0,205.77,3e-06,1
5265,line,5415,総社町線,3047,5219,66.0,274.36,4.4e-05,1
5266,line,5416,石橋線,5114,3048,66.0,137.18,7.1e-05,0
5267,line,5417,小倉川線,5114,5212,66.0,137.18,0.000229,1
5268,line,5418,壬生線,5114,3176,66.0,137.18,0.000149,0
5269,line,5419,石橋線,3048,5106,66.0,137.18,0.000114,0
5270,line,5420,藤井連系線,3048,3158,66.0,137.18,2.4e-05,1
5271,line,5421,西河線,4998,5070,66.0,274.36,5.6e-05,0
5272,line,5422,江曽島線 / 鶴田線,4998,5068,66.0,274.36,6.8e-05,1
5273,line,5423,鹿沼線 / 壬生線,4998,3185,66.0,274.36,7.2e-05,0
5274,line,5424,宇都宮線,5215,5072,66.0,274.36,9e-06,1
5275,line,5425,東京電力パワーグリッド 66.0kV線,5072,3313,66.0,274.36,7e-06,1
5276,line,5426,宇都宮変電所~馬場通変電所線,5072,3342,66.0,274.36,1e-05,1
5277,line,5427,宇都宮変電所~馬場通変電所線,5072,4952,66.0,274.36,3e-06,1
5278,line,5428,松下電子線,5050,5119,66.0,137.18,1.8e-05,0
5279,line,5429,栃山線 / 河宮線,5050,3208,66.0,68.59,0.000254,0
5280,line,5430,クボタ宇都宮線 / 岡本線,5050,5348,66.0,274.36,3e-05,0
5281,line,5431,栃山線 / 河宮線,5119,5222,66.0,68.59,0.000309,0
5282,line,5432,大渡連系線,3050,3051,66.0,137.18,1.3e-05,1
5283,line,5433,道谷原線,3051,3197,66.0,68.59,2.2e-05,0
5284,line,5434,大田原線,3052,3053,66.0,137.18,3.1e-05,0
5285,line,5435,大田原線,3052,3061,66.0,137.18,4e-05,0
5286,line,5436,サーキット東線,3052,5126,66.0,137.18,0.00012,1
5287,line,5437,東京電力パワーグリッド 66.0kV線,3053,3326,66.0,205.77,3e-06,1
5288,line,5438,大田原線,3053,5347,66.0,137.18,0.000318,0
5289,line,5439,沼原線,933,4971,275.0,1905.26,8.2e-05,0
5290,line,5440,沼原線,933,3397,275.0,3810.51,1.9e-05,1
5291,line,5441,上平線,3054,3201,66.0,137.18,0.000118,0
5292,line,5442,馬頭線,289,3055,66.0,137.18,1e-05,1
5293,line,5443,馬頭線,289,3289,66.0,137.18,7.2e-05,0
5294,line,5444,馬頭線,3055,3056,66.0,137.18,7.8e-05,1
5295,line,5445,東京電力パワーグリッド 66.0kV線,3055,3210,66.0,137.18,1.1e-05,1
5296,line,5446,東京電力パワーグリッド 66.0kV線,3056,3211,66.0,137.18,2e-06,1
5297,line,5447,馬頭線,3056,5006,66.0,137.18,6.7e-05,1
5298,line,5448,栃木線,5054,5121,66.0,137.18,0.000175,0
5299,line,5449,宮町線,5121,5210,66.0,137.18,1.8e-05,0
5300,line,5450,岩沼線,3057,3058,66.0,137.18,9.5e-05,0
5301,line,5451,南大沢線,3057,5252,66.0,137.18,0.000139,1
5302,line,5452,岩沼線,3057,3114,66.0,137.18,8.6e-05,0
5303,line,5453,岩沼線,3058,5250,66.0,137.18,0.000293,0
5304,line,5454,東武下小代線,3058,5251,66.0,68.59,5.7e-05,1
5305,line,5455,岩沼線,5250,5071,66.0,137.18,0.000155,0
5306,line,5456,鹿沼線 / 岩沼線,5071,3323,66.0,274.36,7e-06,1
5307,line,5457,壬生線,5071,3180,66.0,137.18,5.4e-05,0
5308,line,5458,鹿沼線 / 壬生線,5071,3185,66.0,274.36,4.8e-05,0
5309,line,5459,岩沼線,3059,3095,66.0,137.18,6.8e-05,0
5310,line,5460,古河サーキット線,3059,5171,66.0,137.18,6.9e-05,1
5311,line,5461,グラクソ今市線,3060,5202,66.0,137.18,8.7e-05,1
5312,line,5462,岩沼線,3060,3096,66.0,137.18,7.5e-05,0
5313,line,5463,岩沼線,3060,3114,66.0,137.18,0.0001,0
5314,line,5464,板室線,123,141,66.0,68.59,0.00116,0
5315,line,5465,塩谷線,3061,3199,66.0,68.59,6e-06,0
5316,line,5466,道谷原線,3061,3197,66.0,68.59,3e-06,0
5317,line,5467,動燃大洗線,4983,3062,66.0,137.18,2.9e-05,1
5318,line,5468,大洗線,4983,3064,66.0,137.18,0.000256,1
5319,line,5469,動燃大洗線,3062,3063,66.0,137.18,0.000202,1
5320,line,5470,東京電力パワーグリッド 66.0kV線,3062,3338,66.0,137.18,0.00011,1
5321,line,5471,原研大洗線,3063,3344,66.0,137.18,1e-06,1
5322,line,5472,動燃大洗線,3063,3234,66.0,137.18,3.8e-05,1
5323,line,5473,堀町線,5130,5131,66.0,137.18,4.9e-05,1
5324,line,5474,ニコン水戸線,5206,5133,66.0,137.18,2.6e-05,1
5325,line,5475,常澄線,5206,3112,66.0,137.18,0.000195,1
5326,line,5476,常澄線,5206,5132,66.0,137.18,7.1e-05,1
5327,line,5477,湊線;大洗線,3064,3112,66.0,274.36,8.9e-05,1
5328,line,5478,石岡線;岩間線,4978,5322,154.0,1066.94,2.6e-05,0
5329,line,5479,久慈線,3065,3089,66.0,137.18,1.1e-05,0
5330,line,5480,常陸大宮線,3065,5146,66.0,137.18,0.000604,1
5331,line,5481,東北電力ネットワーク 66.0kV線,1090,294,66.0,137.18,0.000238,0
5332,line,5482,新治線,3066,4980,154.0,1600.41,3e-05,0
5333,line,5483,筑南線,3066,5183,154.0,1066.94,2e-06,0
5334,line,5484,筑南線 / 筑館線,3066,3273,154.0,1066.94,4.1e-05,0
5335,line,5485,筑南線 / 筑館線,4985,5138,154.0,1066.94,1e-06,0
5336,line,5486,湖西線,4985,3067,154.0,533.47,6.9e-05,0
5337,line,5487,湖西線,3067,5310,154.0,533.47,1.9e-05,0
5338,line,5488,学園都市線,3067,5311,154.0,533.47,4e-06,1
5339,line,5489,鮎川線,5333,3068,66.0,137.18,3.7e-05,1
5340,line,5490,北多賀線,5333,3069,66.0,137.18,3.3e-05,1
5341,line,5491,東京電力パワーグリッド 66.0kV線,3068,3275,66.0,137.18,9e-06,1
5342,line,5492,東京電力パワーグリッド 66.0kV線,3068,3276,66.0,274.36,2.2e-05,1
5343,line,5493,多賀線,5144,3070,66.0,137.18,0.000104,1
5344,line,5494,大みか線,5144,5140,66.0,274.36,4.9e-05,1
5345,line,5495,日立大みか線,5140,5151,66.0,137.18,3.3e-05,1
5346,line,5496,常磐線 / 常北線,3069,3070,66.0,274.36,8.3e-05,0
5347,line,5497,日鉱ニッケル線,5160,5154,66.0,137.18,1.2e-05,0
5348,line,5498,東京電力パワーグリッド 66.0kV線,5160,3080,66.0,137.18,5.4e-05,1
5349,line,5499,leadin,5186,3235,66.0,205.77,4e-05,1
5350,line,5500,高浜線,5186,5328,66.0,137.18,8.8e-05,0
5351,line,5501,高浜線,5186,3076,66.0,137.18,0.000139,0
5352,line,5502,横浜ゴム線,3072,3073,66.0,137.18,0.000107,1
5353,line,5503,美野里線,3072,5338,66.0,137.18,9.5e-05,1
5354,line,5504,美野里線 / 横浜ゴム線,3072,3074,66.0,685.89,1.5e-05,1
5355,line,5505,東洋製罐石岡線,3074,3077,66.0,137.18,1.6e-05,1
5356,line,5506,東京送電線_416,3074,3246,66.0,137.18,2e-06,1
5357,line,5507,美野里線 / 横浜ゴム線 / 柏原工団線,3074,4981,66.0,411.54,8e-06,1
5358,line,5508,美野里線,5338,5145,66.0,137.18,0.000338,1
5359,line,5509,鉾田線,3075,3236,66.0,137.18,1.1e-05,0
5360,line,5510,高浜線,3075,3237,66.0,137.18,1e-05,0
5361,line,5511,鉾田線 / 高浜線,3075,3076,66.0,274.36,0.000174,0
5362,line,5512,高浜線 / 神立線,5328,5188,66.0,274.36,3.5e-05,0
5363,line,5513,東洋製罐石岡線,3077,3078,66.0,137.18,1.6e-05,1
5364,line,5514,東京電力パワーグリッド 66.0kV線,3077,3245,66.0,137.18,2e-06,1
5365,line,5515,東京電力パワーグリッド 66.0kV線,3078,3241,66.0,68.59,3e-06,0
5366,line,5516,東京電力パワーグリッド 66.0kV線,3078,3242,66.0,68.59,3e-06,0
5367,line,5517,東京電力パワーグリッド 66.0kV線,3078,3243,66.0,68.59,1e-06,0
5368,line,5518,東京電力パワーグリッド 66.0kV線,3078,3244,66.0,68.59,2e-06,0
5369,line,5519,トステム岩井線,3079,3250,66.0,274.36,1e-06,1
5370,line,5520,岩井線,3079,5147,66.0,137.18,0.000124,1
5371,line,5521,レンゴー線,5147,5148,66.0,137.18,0.000136,1
5372,line,5522,長砂線,5194,5161,66.0,137.18,0.000206,1
5373,line,5523,菅谷線,5194,5353,66.0,68.59,4.5e-05,0
5374,line,5524,長砂線,5161,5294,66.0,137.18,3.3e-05,1
5375,line,5525,日立山崎線,3081,3278,66.0,137.18,0.000151,1
5376,line,5526,松久保線,3082,5326,66.0,137.18,0.00013,1
5377,line,5527,勿来線,3082,3086,66.0,137.18,2.9e-05,0
5378,line,5528,勿来線,3082,3085,66.0,137.18,0.00014,0
5379,line,5529,leadin,5326,3083,66.0,205.77,2.6e-05,1
5380,line,5530,勿来線,3084,3085,66.0,137.18,8.2e-05,0
5381,line,5531,北茨城線,3084,3086,66.0,137.18,0.000235,0
5382,line,5532,高萩線,3085,5327,66.0,137.18,9.5e-05,1
5383,line,5533,leadin,5327,3331,66.0,205.77,2.2e-05,1
5384,line,5534,北茨城線,3086,3087,66.0,274.36,2.7e-05,0
5385,line,5535,手綱線,3087,5299,66.0,137.18,5.9e-05,1
5386,line,5536,北茨城線 / 勿来線,3087,3088,66.0,274.36,2.8e-05,0
5387,line,5537,北茨城線,3088,3279,66.0,137.18,9.7e-05,0
5388,line,5538,勿来線,3088,356,66.0,137.18,0.000299,0
5389,line,5539,久慈線,3089,3091,66.0,137.18,0.00034,0
5390,line,5540,東京電力パワーグリッド 66.0kV線,3089,3270,66.0,137.18,1.9e-05,1
5391,line,5541,leadin,3090,5111,275.0,1905.26,2e-05,0
5392,line,5542,原研那珂線,3090,3110,275.0,2857.88,2e-06,1
5393,line,5543,常陸太田線,3091,3109,66.0,68.59,0.000869,0
5394,line,5544,久慈線,3091,5196,66.0,137.18,1.8e-05,1
5395,line,5545,東京送電線_429,3092,3256,66.0,137.18,2e-06,0
5396,line,5546,東京送電線_430,3092,3257,66.0,68.59,4e-06,0
5397,line,5547,東京送電線_431,3092,3258,66.0,68.59,4e-06,0
5398,line,5548,学園中線,3092,3093,66.0,137.18,0.000117,1
5399,line,5549,東京電力パワーグリッド 66.0kV線,3093,3259,66.0,274.36,2e-06,1
5400,line,5550,leadin,3093,5345,66.0,137.18,5.5e-05,1
5401,line,5551,学園中線,3093,3260,66.0,205.77,1.3e-05,1
5402,line,5552,東取手線 / 取手線,3094,5290,66.0,274.36,2.2e-05,1
5403,line,5553,岩沼線,3095,3096,66.0,137.18,1.7e-05,0
5404,line,5554,東武今市線,3095,5076,66.0,137.18,4.7e-05,1
5405,line,5555,南今市線,3096,5203,66.0,137.18,3e-05,1
5406,line,5556,石岡線;岩間線,5270,5323,66.0,137.18,0.000472,1
5407,line,5557,(休止線),3097,3098,66.0,137.18,0.00018,1
5408,line,5558,大穂線,3099,5170,66.0,274.36,1.3e-05,1
5409,line,5559,大砂線,5170,3100,66.0,137.18,0.000113,1
5410,line,5560,土木研線,5170,3226,66.0,137.18,1e-05,1
5411,line,5561,大砂線,3100,3228,66.0,137.18,3.2e-05,1
5412,line,5562,クリーンセンター筑波線,3100,3227,66.0,137.18,3.2e-05,1
5413,line,5563,積水笠間線,3101,3102,66.0,137.18,0.00017,1
5414,line,5564,水戸線,3101,5335,66.0,137.18,5.9e-05,0
5415,line,5565,水戸線,3101,5277,66.0,137.18,0.000494,0
5416,line,5566,積水笠間線,3102,3103,66.0,274.36,2e-06,1
5417,line,5567,東京電力パワーグリッド 66.0kV線,3102,3230,66.0,137.18,2.5e-05,1
5418,line,5568,水戸線,5335,3104,66.0,137.18,0.000191,0
5419,line,5569,友部線,3104,5276,66.0,137.18,0.000187,1
5420,line,5570,西山工団八千代線,5321,3327,66.0,137.18,0.000217,1
5421,line,5571,阿見線,3107,5287,66.0,137.18,5.9e-05,1
5422,line,5572,高浜線 / 神立線,5189,5188,66.0,274.36,1.3e-05,0
5423,line,5573,千代田工団線,5189,5187,66.0,137.18,0.000123,1
5424,line,5574,東京電力パワーグリッド 154.0kV線,3108,5195,154.0,533.47,2e-05,1
5425,line,5575,茨城線,3108,5297,154.0,533.47,2.8e-05,1
5426,line,5576,茨城線,3108,3301,154.0,533.47,1.7e-05,1
5427,line,5577,大子線,3109,3122,66.0,137.18,0.000236,0
5428,line,5578,大子線,3109,3121,66.0,205.77,7.8e-05,1
5429,line,5579,湊線;大洗線,3111,3112,66.0,274.36,3.5e-05,1
5430,line,5580,日立武田線,3111,3247,66.0,137.18,3.7e-05,1
5431,line,5581,東日本旅客鉄道株式会社 66.0kV線,5276,5275,66.0,205.77,5e-06,1
5432,line,5582,岩瀬線,5277,5337,66.0,137.18,0.000338,0
5433,line,5583,千本木連系線,3114,3196,66.0,137.18,8e-06,1
5434,line,5584,ソニー那珂線,5274,3271,66.0,137.18,0.000117,1
5435,line,5585,leadin,356,5330,66.0,68.59,0.000175,0
5436,line,5586,北茨城線,5330,3279,66.0,137.18,0.000157,0
5437,line,5587,東日本旅客鉄道株式会社 154.0kV線,5167,4972,154.0,1600.41,1e-06,0
5438,line,5588,西宇都宮線,5167,5254,154.0,533.47,5.4e-05,0
5439,line,5589,猪苗代新幹線,3115,5010,154.0,1066.94,5e-06,0
5440,line,5590,結城線,3116,5234,66.0,137.18,0.000115,1
5441,line,5591,下館線,3116,3143,66.0,137.18,7.8e-05,0
5442,line,5592,下館線,3116,3144,66.0,137.18,6.2e-05,0
5443,line,5593,石岡線;岩間線,4980,5322,154.0,1066.94,7.1e-05,0
5444,line,5594,西小山線,3117,5226,66.0,137.18,8.5e-05,1
5445,line,5595,犬伏線 / 大平線,3117,3159,66.0,274.36,3.9e-05,0
5446,line,5596,筑館線,5261,3118,66.0,137.18,0.000147,0
5447,line,5597,筑南線 / 筑館線,5261,3221,66.0,137.18,0.000174,0
5448,line,5598,筑館線,3118,5260,66.0,137.18,0.000208,0
5449,line,5599,東洋サッシ下妻線,3118,3220,66.0,137.18,0.00011,1
5450,line,5600,関館工団線,5260,3119,66.0,137.18,0.000145,1
5451,line,5601,東武栗橋線,5198,5199,66.0,137.18,1.4e-05,0
5452,line,5602,東武栗橋線,5198,3120,66.0,137.18,8.9e-05,0
5453,line,5603,東久喜線,3120,5315,66.0,137.18,4.6e-05,1
5454,line,5604,東京送電線_436,3121,3265,66.0,137.18,9e-06,1
5455,line,5605,大子線,3121,5295,66.0,205.77,0.000249,1
5456,line,5606,里美変電所~白銀町三丁目変電所線,3122,3123,66.0,137.18,0.000146,1
5457,line,5607,阿武隈線 / 大子線,3122,3267,66.0,137.18,6.1e-05,0
5458,line,5608,武里線,5122,3315,66.0,68.59,8e-06,1
5459,line,5609,栃山線/河宮線,5224,5043,154.0,1066.94,3.5e-05,0
5460,line,5610,栃山線,5224,5010,154.0,1600.41,4.6e-05,0
5461,line,5611,南河内線,5174,3129,66.0,137.18,2.5e-05,1
5462,line,5612,南河内線,5174,5149,66.0,137.18,9.7e-05,0
5463,line,5613,井頭線 / 南河内線,5174,4982,66.0,274.36,3.7e-05,0
5464,line,5614,神鋼キャン材線,5174,3297,66.0,274.36,4e-06,1
5465,line,5615,富士ファイバーグラス線,5174,3125,66.0,274.36,3.2e-05,1
5466,line,5616,プラスチック真岡線,3125,3126,66.0,137.18,1.3e-05,1
5467,line,5617,日立金属真岡線,3125,3320,66.0,205.77,9e-06,1
5468,line,5618,プラスチック真岡線,3126,3322,66.0,137.18,1e-06,1
5469,line,5619,真岡製作所線,3126,3321,66.0,137.18,1.2e-05,1
5470,line,5620,南河内線,3127,3130,66.0,137.18,1.4e-05,0
5471,line,5621,南河内線,3127,5149,66.0,137.18,3.8e-05,0
5472,line,5622,宝永工業線,3127,3128,66.0,205.77,2.4e-05,1
5473,line,5623,真岡松山線,3130,3131,66.0,137.18,4.8e-05,1
5474,line,5624,南河内線,3130,3148,66.0,137.18,5.3e-05,0
5475,line,5625,真岡松山線,3131,3132,66.0,137.18,9e-06,0
5476,line,5626,leadin,3131,5318,66.0,137.18,8e-05,0
5477,line,5627,東京電力パワーグリッド 66.0kV線,3132,3133,66.0,137.18,4e-06,1
5478,line,5628,leadin,3132,5318,66.0,137.18,5.7e-05,0
5479,line,5629,旭光学益子線,4960,4961,66.0,137.18,4.2e-05,1
5480,line,5630,清水線,4960,3188,66.0,137.18,3.4e-05,1
5481,line,5631,JR小山線,5011,5103,66.0,137.18,3e-05,1
5482,line,5632,下館線,5011,5100,66.0,480.12,8e-06,0
5483,line,5633,犬伏線 / 大平線 / 川中子線,5011,3159,66.0,411.54,1e-05,0
5484,line,5634,上三川線 / 南河内線,5011,3288,66.0,274.36,7.2e-05,0
5485,line,5635,梅沢線,5227,5110,66.0,274.36,0.000111,1
5486,line,5636,乙女線,3135,5229,66.0,137.18,4.5e-05,1
5487,line,5637,佐野線 / 友沼線,3135,5014,66.0,68.59,8.6e-05,0
5488,line,5638,古河線,3135,3167,66.0,137.18,4.7e-05,0
5489,line,5639,日ピス野木線,3136,3137,66.0,137.18,8e-06,1
5490,line,5640,古河線 / 総和線,3136,3167,66.0,274.36,7.2e-05,0
5491,line,5641,古河線 / 総和線,3136,3316,66.0,274.36,2.4e-05,0
5492,line,5642,古河電工小山線,5102,5101,66.0,137.18,1.2e-05,1
5493,line,5643,下館線,5102,5100,66.0,137.18,1.6e-05,0
5494,line,5644,下館線,5102,3142,66.0,137.18,2.6e-05,0
5495,line,5645,高岳西山線,3138,3140,66.0,137.18,1.9e-05,1
5496,line,5646,高岳西山線,3139,3140,66.0,137.18,5e-05,1
5497,line,5647,下館線,3139,3142,66.0,137.18,3.3e-05,0
5498,line,5648,下館線,3139,3143,66.0,137.18,0.0002,0
5499,line,5649,イオン小山線,3140,3141,66.0,205.77,4e-06,1
5500,line,5650,小北線 / 間々田線,5100,5240,66.0,68.59,0.000233,0
5501,line,5651,三和線 / 山西線,5100,3169,66.0,274.36,7.3e-05,0
5502,line,5652,猪苗代新幹線 / 昭和アルミ小山線,3142,3175,66.0,205.77,3.8e-05,1
5503,line,5653,萱橋線,3143,5233,66.0,137.18,5.8e-05,1
5504,line,5654,下館線,3144,3145,66.0,137.18,3.7e-05,0
5505,line,5655,日立結城線,3144,3149,66.0,137.18,6.7e-05,1
5506,line,5656,下館線,3145,5016,66.0,137.18,5e-05,0
5507,line,5657,日立川島線,3145,3152,66.0,137.18,8.3e-05,1
5508,line,5658,下館線,5016,3146,66.0,137.18,7.3e-05,0
5509,line,5659,真岡線,3146,3147,66.0,137.18,3.2e-05,0
5510,line,5660,下館線 / 真岡線,3146,5230,66.0,274.36,3.1e-05,0
5511,line,5661,真岡線,3147,5232,66.0,137.18,0.000249,0
5512,line,5662,岩瀬線,3147,5230,66.0,137.18,6.1e-05,0
5513,line,5663,岩瀬線,3147,5337,66.0,137.18,0.000295,0
5514,line,5664,真岡線,5232,5231,66.0,137.18,4.1e-05,0
5515,line,5665,真岡線,5231,3148,66.0,137.18,0.00019,0
5516,line,5666,真岡線,3148,5063,66.0,137.18,9.5e-05,0
5517,line,5667,清水線,5063,3188,66.0,137.18,0.000363,0
5518,line,5668,東京送電線_306,3149,3150,66.0,137.18,3e-06,1
5519,line,5669,leadin,3149,5162,66.0,274.36,2.8e-05,1
5520,line,5670,leadin,5162,3151,66.0,205.77,2.2e-05,1
5521,line,5671,東京送電線_319,5026,3153,66.0,274.36,1.3e-05,1
5522,line,5672,三和線 / 山西線,5026,3327,66.0,274.36,4.1e-05,0
5523,line,5673,三和線 / 山西線,5026,3329,66.0,274.36,4.1e-05,0
5524,line,5674,長井戸沼線,3154,5236,66.0,68.59,0.000375,1
5525,line,5675,山西線,3154,3155,66.0,137.18,7.8e-05,0
5526,line,5676,山西線,3154,5074,66.0,137.18,7.8e-05,0
5527,line,5677,北利根線,3155,5150,66.0,137.18,0.00021,0
5528,line,5678,山西線,3155,5024,66.0,137.18,5.6e-05,0
5529,line,5679,北利根線,5150,5320,66.0,137.18,2.7e-05,0
5530,line,5680,小北線,5028,3156,154.0,533.47,1.3e-05,0
5531,line,5681,小北線 / 南古河線,5028,5241,154.0,1066.94,1.2e-05,0
5532,line,5682,leadin,3156,5207,154.0,266.74,7e-06,1
5533,line,5683,国際電電小山線,5240,5176,66.0,137.18,3.6e-05,1
5534,line,5684,小北線 / 間々田線,5240,5238,66.0,68.59,0.00022,0
5535,line,5685,丘里線,3161,3162,66.0,137.18,7e-05,0
5536,line,5686,総和線,3161,5242,66.0,137.18,7.8e-05,0
5537,line,5687,総和線,3161,5235,66.0,137.18,5.1e-05,0
5538,line,5688,牛谷変電所~総和変電所線,3162,3166,66.0,137.18,2e-06,1
5539,line,5689,丘里線,3162,3163,66.0,137.18,2.3e-05,1
5540,line,5690,namebind,3162,5235,66.0,68.59,0.000192,0
5541,line,5691,丘里線,3163,3164,66.0,137.18,2.1e-05,1
5542,line,5692,東セロ化学線,3163,3165,66.0,274.36,1.2e-05,1
5543,line,5693,小北線 / 間々田線,5014,5238,66.0,205.77,0.000119,0
5544,line,5694,三和線,5235,3317,66.0,137.18,0.000205,0
5545,line,5695,ウェーブロック総和線,5235,3168,66.0,274.36,6e-06,1
5546,line,5696,三和線 / 山西線,3169,3328,66.0,274.36,4e-06,0
5547,line,5697,南結城線,3169,3170,66.0,137.18,4.1e-05,0
5548,line,5698,小松横倉線,3170,3174,66.0,274.36,4e-06,1
5549,line,5699,南結城線,3170,3171,66.0,137.18,3.7e-05,0
5550,line,5700,南結城線,3171,5243,66.0,137.18,0.000138,1
5551,line,5701,日本酸素小山線,3171,5356,66.0,205.77,1.4e-05,0
5552,line,5702,leadin,5243,3172,66.0,205.77,1.4e-05,1
5553,line,5703,結城工団線,5243,3173,66.0,137.18,2.7e-05,1
5554,line,5704,エルディス線,5212,5211,66.0,137.18,0.000119,1
5555,line,5705,独協大学線,3176,5244,66.0,137.18,0.000127,1
5556,line,5706,壬生線,3176,3177,66.0,137.18,0.00012,0
5557,line,5707,東京送電線_371,3177,3178,66.0,137.18,3e-06,1
5558,line,5708,壬生線,3177,3181,66.0,137.18,3e-05,0
5559,line,5709,タマポリ西方線,5214,5213,66.0,137.18,2.2e-05,1
5560,line,5710,粟野線,5214,3181,66.0,137.18,0.00027,1
5561,line,5711,粟野線,5214,5115,66.0,137.18,5.5e-05,1
5562,line,5712,雀宮線,3179,5245,66.0,137.18,0.000283,1
5563,line,5713,壬生線,3179,3180,66.0,137.18,0.000296,0
5564,line,5714,壬生線,3179,3181,66.0,137.18,5.1e-05,0
5565,line,5715,貝島線,3180,5247,66.0,137.18,4.7e-05,1
5566,line,5716,東武鹿沼線,5247,5246,66.0,137.18,2.5e-05,1
5567,line,5717,leadin,5248,3182,66.0,205.77,1.5e-05,1
5568,line,5718,深津線,5248,3183,66.0,137.18,2.9e-05,1
5569,line,5719,住友深津線,3183,3184,66.0,411.54,0.0,1
5570,line,5720,深津線,3183,3185,66.0,137.18,0.000158,1
5571,line,5721,ソニー鹿沼線,3183,3186,66.0,274.36,8e-06,1
5572,line,5722,野木線・八千代線,4990,5059,154.0,1066.94,4e-06,0
5573,line,5723,筑南線,4990,3273,154.0,1066.94,7.2e-05,0
5574,line,5724,野木線・八千代線,5059,3187,154.0,1066.94,6e-06,0
5575,line,5725,東京電力パワーグリッド 154.0kV線,3187,3312,154.0,800.21,3e-06,1
5576,line,5726,西川田線,5249,5116,66.0,137.18,6.1e-05,1
5577,line,5727,市塙線,3189,3190,66.0,137.18,7.9e-05,1
5578,line,5728,花王線,3189,4963,66.0,274.36,4.2e-05,1
5579,line,5729,市塙線,3190,4962,66.0,137.18,8.2e-05,1
5580,line,5730,小宅連携線,3190,3191,66.0,137.18,0.000145,1
5581,line,5732,小北線 / 間々田線,5010,5099,154.0,1066.94,3e-06,0
5582,line,5733,栃山線/河宮線,3194,3287,66.0,137.18,0.000146,0
5583,line,5734,丸大食品石橋線,3194,3195,66.0,137.18,3.4e-05,1
5584,line,5735,JR今市線,5203,5124,66.0,137.18,4e-06,1
5585,line,5736,古河サーキット線,5171,5172,66.0,137.18,1.1e-05,1
5586,line,5737,道谷原線,3197,3199,66.0,68.59,8e-06,0
5587,line,5738,塩谷線,3198,3199,66.0,68.59,0.000212,1
5588,line,5739,風見線,3200,5347,66.0,68.59,0.000387,0
5589,line,5740,西鬼怒線,3200,3201,66.0,137.18,7.7e-05,0
5590,line,5741,風見線 / 西鬼怒線,3200,3343,66.0,137.18,3.7e-05,1
5591,line,5742,上平線,3201,5169,66.0,137.18,5e-05,1
5592,line,5743,宮山田連系線,5169,5357,66.0,137.18,4e-06,1
5593,line,5744,エアケミカルズ線,5046,5204,66.0,137.18,0.000111,1
5594,line,5745,栃那線 / 本田さくら線,5046,3203,66.0,137.18,0.000146,1
5595,line,5746,栃那線 / 喜連川線,5046,5307,66.0,68.59,7.3e-05,0
5596,line,5747,エアケミカルズ線,5204,3202,66.0,137.18,3.4e-05,1
5597,line,5748,本田さくら線,3203,5175,66.0,137.18,7.2e-05,1
5598,line,5749,東京電力パワーグリッド 66.0kV線,3203,5350,66.0,137.18,4.6e-05,1
5599,line,5750,ケーヒン栃木線,3204,3205,66.0,137.18,0.000118,1
5600,line,5751,氷室線,3205,3208,66.0,137.18,9.1e-05,0
5601,line,5752,芳賀線 / 氷室線,3205,3214,66.0,137.18,0.00014,0
5602,line,5753,赤羽吉野線,3206,3207,66.0,137.18,3.9e-05,1
5603,line,5754,芳賀線 / 氷室線,3207,3294,66.0,68.59,0.000256,0
5604,line,5755,那須線,168,3209,66.0,137.18,0.000633,1
5605,line,5756,江曽島線 / 鶴田線,5069,5068,66.0,274.36,4.4e-05,1
5606,line,5757,西宇都宮線,5254,3212,154.0,533.47,2.1e-05,0
5607,line,5758,西宇都宮線,3212,4997,154.0,533.47,5.8e-05,0
5608,line,5759,新里連系線,3212,3325,154.0,533.47,7e-06,1
5609,line,5760,蒲須坂‐矢板線,5165,5306,154.0,114.32,0.000218,0
5610,line,5761,蒲須坂-矢板線 / JR矢板線,5306,929,154.0,533.47,6e-05,1
5611,line,5762,高根沢線,3214,3215,66.0,137.18,0.000133,0
5612,line,5763,芳賀線 / 氷室線,3214,5201,66.0,205.77,4.5e-05,0
5613,line,5764,高根沢線,3215,3216,66.0,137.18,1.1e-05,0
5614,line,5765,本田高根沢線,3215,3217,66.0,137.18,3.7e-05,1
5615,line,5766,株式会社オートテクニックジャパン 66.0kV線,3216,3218,66.0,137.18,3e-06,1
5616,line,5767,高根沢線,3216,5259,66.0,137.18,5.8e-05,0
5617,line,5768,高根沢線,5259,5258,66.0,274.36,1.2e-05,0
5618,line,5769,高根沢線,5258,5256,66.0,137.18,3.5e-05,1
5619,line,5770,namebind,5258,5201,66.0,68.59,0.000295,0
5620,line,5771,イオン下妻線,3221,3222,66.0,137.18,7.3e-05,1
5621,line,5772,真壁線,3223,5278,66.0,137.18,0.000197,1
5622,line,5773,東京電力パワーグリッド 66.0kV線,3228,3229,66.0,205.77,2e-06,1
5623,line,5774,大砂線,3228,5262,66.0,274.36,3.4e-05,1
5624,line,5775,東京送電線_408,3230,3231,66.0,137.18,2e-06,0
5625,line,5776,東京送電線_409,3230,3232,66.0,68.59,4e-06,0
5626,line,5777,東京送電線_410,3230,3233,66.0,68.59,4e-06,0
5627,line,5778,tokyo_line_3892,3231,3232,66.0,68.59,2e-06,0
5628,line,5779,tokyo_line_3893,3231,3233,66.0,68.59,3e-06,0
5629,line,5780,tokyo_line_3894,3232,3233,66.0,68.59,1e-06,0
5630,line,5781,新治線 / 八郷線,5264,3237,66.0,137.18,0.000321,1
5631,line,5782,東京電力パワーグリッド 66.0kV線,3236,3237,66.0,137.18,1e-06,0
5632,line,5783,新治線 / 鉾田線 / 高浜線,3236,4981,66.0,68.59,5.1e-05,0
5633,line,5784,麻生線,3238,5266,66.0,137.18,0.000489,1
5634,line,5785,北浦線,3238,3239,66.0,205.77,3.5e-05,1
5635,line,5786,北浦線,3239,5268,66.0,137.18,0.000195,1
5636,line,5787,東京電力パワーグリッド 66.0kV線,3239,3272,66.0,137.18,4.3e-05,1
5637,line,5788,東京電力パワーグリッド 66.0kV線,5268,3340,66.0,137.18,0.000133,1
5638,line,5789,tokyo_line_3903,3241,3242,66.0,68.59,1e-06,0
5639,line,5790,tokyo_line_3904,3241,3244,66.0,68.59,5e-06,0
5640,line,5791,tokyo_line_3905,3242,3243,66.0,68.59,4e-06,0
5641,line,5792,tokyo_line_3906,3243,3244,66.0,68.59,1e-06,0
5642,line,5793,大日本つくば線,4988,5191,66.0,137.18,1.4e-05,1
5643,line,5794,沓掛線,3248,5279,66.0,137.18,0.00011,1
5644,line,5795,三和弓田線,3248,3249,66.0,137.18,1.1e-05,1
5645,line,5796,tokyo_line_3910,3256,3257,66.0,68.59,6e-06,0
5646,line,5797,tokyo_line_3911,3256,3258,66.0,68.59,6e-06,0
5647,line,5798,tokyo_line_3912,3257,3258,66.0,68.59,1e-06,0
5648,line,5799,大子線,5295,5296,66.0,205.77,0.000626,1
5649,line,5800,常磐変電所~白銀町三丁目変電所線,3266,3267,66.0,137.18,0.000139,1
5650,line,5801,阿武隈線 / 大子線,3267,3332,66.0,68.59,0.000251,0
5651,line,5802,茨城線 / 山方線,5297,5309,154.0,1066.94,7.6e-05,1
5652,line,5803,日立造船線,5298,3268,66.0,68.59,3.6e-05,1
5653,line,5804,茨城線 / 山方線,5298,3298,66.0,137.18,0.00029,1
5654,line,5805,常陸大宮線,5146,3336,66.0,274.36,4e-06,1
5655,line,5806,常陸大宮変電所~宮の郷町変電所線,5146,5325,66.0,137.18,7.2e-05,1
5656,line,5807,namebind,5325,3269,66.0,205.77,2.5e-05,1
5657,line,5808,東京電力パワーグリッド 154.0kV線,3273,3274,154.0,533.47,5e-06,1
5658,line,5809,大北線,3279,3280,66.0,137.18,7e-06,1
5659,line,5811,片柳線,5302,5301,66.0,137.18,2.5e-05,1
5660,line,5813,小北線 / 間々田線,5013,5237,154.0,1066.94,1.5e-05,0
5661,line,5814,小北線,5013,5004,154.0,533.47,1.5e-05,0
5662,line,5815,小北線 / 間々田線,5099,5239,154.0,1066.94,1e-05,0
5663,line,5816,小北線 / 間々田線,5239,5237,154.0,1066.94,1e-05,0
5664,line,5817,小北線,5004,5241,154.0,1066.94,1.4e-05,0
5665,line,5818,小北線 / 総和線,5242,3316,66.0,137.18,0.000105,0
5666,line,5819,栃山線 / 河宮線,5222,5044,66.0,68.59,4e-05,0
5667,line,5820,栃山線/河宮線,5044,3286,66.0,68.59,0.000758,0
5668,line,5821,栃山線 / 河宮線,5049,5118,154.0,1066.94,2e-06,0
5669,line,5822,栃山線 / 河宮線,5118,5221,154.0,1066.94,1.3e-05,0
5670,line,5823,栃山線 / 河宮線,5221,5043,154.0,1066.94,2e-06,0
5671,line,5824,leadin,3286,5163,66.0,68.59,7.1e-05,1
5672,line,5825,栃山線/河宮線,3286,5225,66.0,137.18,2.7e-05,0
5673,line,5826,栃山線/河宮線,3287,3288,66.0,137.18,0.000223,0
5674,line,5827,JR小金井線,3287,5104,66.0,137.18,2.1e-05,1
5675,line,5828,東京電力パワーグリッド 66.0kV線,3289,3290,66.0,137.18,1e-06,1
5676,line,5829,馬頭線,3289,3292,66.0,137.18,2.7e-05,0
5677,line,5830,東京電力パワーグリッド 66.0kV線,3291,3292,66.0,137.18,6e-06,1
5678,line,5831,芳賀線 / 氷室線,4967,3294,66.0,68.59,5.4e-05,0
5679,line,5832,芳賀線 / 氷室線,4967,5201,66.0,68.59,6.2e-05,0
5680,line,5833,leadin,4967,3309,66.0,137.18,7.2e-05,0
5681,line,5834,日本たばこ宇都宮線,3294,5201,66.0,137.18,2e-05,0
5682,line,5835,日本たばこ宇都宮線,3294,3305,66.0,137.18,2.1e-05,0
5683,line,5836,芳賀線 / 氷室線,4966,5200,154.0,1066.94,3e-06,0
5684,line,5837,芳賀線 / 氷室線,4966,3295,154.0,1066.94,4e-06,0
5685,line,5838,芳賀線 / 氷室線,3295,4968,154.0,1066.94,1.5e-05,0
5686,line,5839,東京製鐵線,3295,3311,154.0,533.47,3e-06,1
5687,line,5840,上三川線 / 南河内線,4982,3296,66.0,274.36,5.9e-05,0
5688,line,5841,leadin,3296,5164,66.0,68.59,0.000175,1
5689,line,5842,三ヶ尾線,4956,5286,66.0,137.18,2.6e-05,0
5690,line,5843,東京送電線_467,3298,3339,66.0,68.59,1.6e-05,1
5691,line,5844,山方線,3298,3299,66.0,137.18,8.8e-05,1
5692,line,5845,東京電力パワーグリッド 66.0kV線,3299,3303,66.0,68.59,0.000137,1
5693,line,5846,山方線,3299,5308,66.0,205.77,5.9e-05,1
5694,line,5847,東京電力パワーグリッド 154.0kV線,3301,3302,154.0,266.74,9e-06,1
5695,line,5848,日本たばこ宇都宮線,5201,3304,66.0,137.18,1.7e-05,1
5696,line,5849,日本たばこ宇都宮線,3305,3306,66.0,137.18,7e-06,0
5697,line,5850,ヒュルス宇都宮線,3305,3307,66.0,274.36,2e-06,0
5698,line,5851,日本たばこ宇都宮線,3306,3308,66.0,137.18,6e-06,0
5699,line,5852,宇都宮市 66.0kV線,3306,3307,66.0,137.18,6e-06,0
5700,line,5853,ヒュルス宇都宮線,3307,3308,66.0,137.18,9e-06,0
5701,line,5854,ヒュルス宇都宮線,3308,3309,66.0,137.18,1.3e-05,0
5702,line,5855,大同ほくさん線,3309,3310,66.0,205.77,5e-06,1
5703,line,5856,namebind,5200,5257,154.0,1066.94,1.3e-05,0
5704,line,5858,春日部線;岩白線;鷲宮線,5281,3315,66.0,68.59,0.000172,0
5705,line,5859,古河線,3316,5228,66.0,137.18,5.3e-05,1
5706,line,5860,山西線,3317,5024,66.0,137.18,2.3e-05,0
5707,line,5861,三和線 / 山西線,3317,5025,66.0,274.36,2.3e-05,0
5708,line,5862,JR蓮田線,3318,5316,66.0,68.59,4.6e-05,1
5709,line,5863,栃那線 / 喜連川線,5307,3324,66.0,68.59,0.000181,0
5710,line,5864,JR蒲須坂線,3324,5165,66.0,137.18,6.8e-05,0
5711,line,5865,三和線 / 山西線,3327,5025,66.0,274.36,1.4e-05,0
5712,line,5866,leadin,3328,5177,66.0,68.59,0.000134,1
5713,line,5867,三和線 / 山西線,3328,3329,66.0,274.36,0.000198,0
5714,line,5868,東京電力パワーグリッド 66.0kV線,3329,3330,66.0,137.18,6.4e-05,1
5715,line,5869,筑南線 / 筑館線,5183,5181,154.0,1066.94,2e-06,0
5716,line,5870,筑南線 / 筑館線,5138,5181,154.0,1066.94,2e-06,0
5717,line,5871,東京電力パワーグリッド 66.0kV線,3332,3333,66.0,137.18,6e-06,1
5718,line,5872,東京電力パワーグリッド 66.0kV線,4952,3341,66.0,411.54,9e-06,1
5719,line,5873,馬場通変電所~松ケ峰変電所線,4952,5305,66.0,137.18,1.5e-05,1
5720,line,5874,東京電力パワーグリッド 66.0kV線,5104,3337,66.0,274.36,4e-06,1
5721,line,5974,tokyo_line_4092,5374,3348,66.0,68.59,2.4e-05,1
5722,line,5976,tokyo_line_4094,3349,3350,66.0,137.18,0.00062,1
5723,line,5977,tokyo_line_4095,3350,5380,66.0,137.18,5.1e-05,1
5724,line,5978,tokyo_line_4096,3350,3362,66.0,68.59,0.000135,1
5725,line,5979,tokyo_line_4097,5380,5382,66.0,137.18,2.8e-05,0
5726,line,5980,tokyo_line_4098,5382,3351,66.0,137.18,0.000145,0
5727,line,5981,tokyo_line_4099,3351,3363,66.0,137.18,0.000199,1
5728,line,5982,tokyo_line_4100,3351,3364,66.0,137.18,0.000648,0
5729,line,5985,tokyo_line_4103,3352,68,275.0,1905.26,9.8e-05,1
5730,line,5986,tokyo_line_4104,68,3374,275.0,952.63,2e-06,1
5731,line,5987,tokyo_line_4105,5378,3353,66.0,68.59,5.3e-05,1
5732,line,5988,leadin,5391,5385,154.0,533.47,0.000133,0
5733,line,5989,tokyo_line_4107,3354,3355,66.0,68.59,0.000499,1
5734,line,5990,tokyo_line_4108,3354,3375,66.0,68.59,0.000342,1
5735,line,5991,tokyo_line_4109,3354,5374,66.0,68.59,8.8e-05,1
5736,line,5992,tokyo_line_4110,3355,5369,66.0,68.59,0.000223,1
5737,line,5993,7H3B,3355,5375,66.0,137.18,5.9e-05,1
5738,line,5994,tokyo_line_4112,5369,3356,66.0,68.59,0.003795,1
5739,line,5995,tokyo_line_4113,5369,3357,66.0,68.59,0.000567,1
5740,line,5996,春日山線,5369,5376,66.0,137.18,0.000142,1
5741,line,5997,leadin,5369,5373,66.0,205.77,6.7e-05,1
5742,line,5998,tokyo_line_4116,5369,5368,66.0,68.59,0.000779,1
5743,line,6000,tokyo_line_4118,3356,5386,66.0,68.59,6.8e-05,1
5744,line,6001,tokyo_line_4119,3356,3365,66.0,68.59,0.000758,1
5745,line,6002,tokyo_line_4120,3357,3358,66.0,68.59,3.9e-05,0
5746,line,6003,tokyo_line_4121,3357,3370,66.0,68.59,0.00086,0
5747,line,6004,tokyo_line_4122,3358,3359,66.0,68.59,1.9e-05,0
5748,line,6005,tokyo_line_4123,3358,3369,66.0,68.59,9.7e-05,0
5749,line,6006,tokyo_line_4124,3359,3360,66.0,68.59,0.00092,0
5750,line,6007,tokyo_line_4125,3359,3369,66.0,68.59,0.000119,0
5751,line,6008,tokyo_line_4126,3360,3370,66.0,68.59,9.8e-05,0
5752,line,6009,tokyo_line_4127,3360,5372,66.0,137.18,0.000614,1
5753,line,6010,tokyo_line_4128,5381,5379,154.0,533.47,5e-06,0
5754,line,6011,tokyo_line_4129,5381,3361,154.0,533.47,6.4e-05,1
5755,line,6012,leadin,5381,5385,154.0,533.47,0.000141,0
5756,line,6013,tokyo_line_4131,3364,5383,66.0,137.18,9.1e-05,1
5757,line,6014,tokyo_line_4132,3364,5386,66.0,137.18,4.7e-05,0
5758,line,6015,tokyo_line_4133,5386,5384,66.0,205.77,0.000147,0
5759,line,6016,tokyo_line_4134,5384,3366,66.0,68.59,0.000262,0
5760,line,6017,tokyo_line_4135,5384,5390,66.0,68.59,0.001281,1
5761,line,6018,tokyo_line_4136,3366,5392,66.0,68.59,0.000974,0
5762,line,6019,tokyo_line_4137,3366,5388,66.0,68.59,0.000423,1
5763,line,6020,tokyo_line_4138,5392,5387,66.0,68.59,0.000134,1
5764,line,6021,tokyo_line_4139,5392,5378,66.0,68.59,0.000136,1
5765,line,6022,tokyo_line_4140,5387,3376,66.0,68.59,0.000164,1
5766,line,6023,tokyo_line_4141,3368,5370,66.0,68.59,0.000379,1
5767,line,6024,tokyo_line_4142,5370,5372,66.0,68.59,0.000786,1
5768,line,6025,tokyo_line_4143,3369,3370,66.0,68.59,0.0009,0
5769,line,6026,tokyo_line_4144,5376,5377,66.0,137.18,4.8e-05,1
5770,line,6027,tokyo_line_4145,5373,3371,66.0,137.18,6.5e-05,1
5771,line,6028,tokyo_line_4146,5368,5371,66.0,68.59,0.000947,1
5772,line,6031,tokyo_line_4149,3372,5389,154.0,114.32,0.00026,1
5773,line,6032,tokyo_line_4150,3373,5379,154.0,533.47,4.2e-05,1
5774,line,6040,tokyo_line_4158,3376,3378,66.0,68.59,0.000361,1
5775,line,6041,tokyo_line_4159,3376,3384,66.0,68.59,0.000916,1
5776,line,6047,leadin,3378,5364,66.0,68.59,0.000132,1
5777,line,6048,tokyo_line_4166,3378,3379,66.0,68.59,0.00024,1
5778,line,6049,tokyo_line_4167,3379,3380,66.0,68.59,0.000129,1
5779,line,6050,tokyo_line_4168,3379,5365,66.0,68.59,0.000275,1
5780,line,6052,tokyo_line_4170,3381,3382,66.0,68.59,0.001112,1
5781,line,6053,tokyo_line_4171,3381,3383,66.0,68.59,7.7e-05,1
5782,line,6054,tokyo_line_4172,3381,5365,66.0,68.59,0.000252,1
5783,line,6058,tokyo_line_4177,3384,3385,66.0,68.59,5.5e-05,1
5784,line,6059,tokyo_line_4178,3384,3386,66.0,68.59,4.7e-05,1
5785,line,6063,tokyo_line_4183,3388,3389,66.0,137.18,0.000295,1
5786,line,6064,tokyo_line_4184,3389,3390,66.0,274.36,3e-06,0
5787,line,6065,tokyo_line_4185,3389,3398,66.0,68.59,4e-06,0
5788,line,6066,tokyo_line_4186,3390,3398,66.0,68.59,1.2e-05,0
5789,line,6067,tokyo_line_4187,3390,370,66.0,274.36,0.000319,1
5790,line,6069,tokyo_line_4189,3391,378,66.0,137.18,0.001152,1
5791,line,6071,tokyo_line_4191,3392,3393,154.0,533.47,0.000217,1
5792,line,6072,tokyo_line_4192,3394,290,66.0,137.18,0.000619,1
5793,line,6073,tokyo_line_4193,3395,308,66.0,137.18,2.6e-05,1
5794,line,6074,tokyo_line_4194,308,3396,66.0,137.18,7e-05,1
5795,line,6076,tokyo_line_4197,3398,3401,66.0,274.36,0.000193,1
5796,line,6077,tokyo_line_4198,3399,3400,66.0,137.18,0.000779,1
5797,line,6078,tokyo_line_4199,3400,370,66.0,137.18,0.000149,0
5798,line,6079,tokyo_line_4200,3400,427,66.0,137.18,8.2e-05,0
5799,line,6080,tokyo_line_4202,375,3402,66.0,137.18,0.000113,0
5800,line,6081,tokyo_line_4203,3402,3403,66.0,274.36,9e-06,1
5801,line,6082,tokyo_line_4204,3402,378,66.0,137.18,0.000393,0
5802,line,6083,tokyo_line_4206,3404,386,66.0,68.59,0.001487,1
5803,line,6084,tokyo_line_4207,3405,279,66.0,68.59,7.8e-05,1
5804,line,6087,6D1D,3407,423,66.0,137.18,0.000498,1
5805,line,6101,JR桃野岡部線,4638,4929,154.0,1066.94,0.000212,0
5806,line,6107,中部送電線_192,2038,2118,66.0,68.59,1.5e-05,0
5807,line,6112,軽井沢変電所~大津変電所線,2920,2747,66.0,80.02,2.9e-05,1
5808,line,6113,中部送電線_1053,2920,2921,66.0,80.02,2.6e-05,0
5809,line,6115,leadin,4561,4837,66.0,137.18,8.3e-05,0
5810,line,6117,西武鉄道株式会社 66.0kV線,2902,2903,66.0,137.18,2e-06,0
5811,line,6118,JR東海身延変電所~中島町変電所線,2241,2242,66.0,68.59,6.6e-05,0
5812,line,6121,東北東京間連系線,996,2615,500.0,3464.1,2.5e-05,0
5813,trafo,0,trafo_154/66kV,8,9,154.0,100.0,0.001199,0
5814,trafo,1,trafo_154/66kV,11,12,154.0,100.0,0.001199,0
5815,trafo,2,trafo_154/66kV,15,16,154.0,100.0,0.001199,0
5816,trafo,3,trafo_154/66kV,18,19,154.0,100.0,0.001199,0
5817,trafo,4,trafo_154/66kV,20,21,154.0,100.0,0.001199,0
5818,trafo,5,trafo_500/66kV,22,23,500.0,100.0,0.001199,1
5819,trafo,6,trafo_154/66kV,188,190,154.0,100.0,0.001199,0
5820,trafo,7,trafo_154/66kV,3393,291,154.0,100.0,0.001199,1
5821,trafo,8,trafo_154/66kV,790,791,154.0,100.0,0.001199,0
5822,trafo,9,trafo_154/66kV,792,793,154.0,100.0,0.001199,0
5823,trafo,10,trafo_154/66kV,797,798,154.0,100.0,0.001199,0
5824,trafo,11,trafo_154/66kV,800,801,154.0,100.0,0.001199,0
5825,trafo,12,trafo_275/154kV,803,804,275.0,266.74,0.000449,0
5826,trafo,13,trafo_275/154kV,805,806,275.0,266.74,0.000449,0
5827,trafo,14,trafo_154/66kV,807,808,154.0,100.0,0.001199,0
5828,trafo,15,trafo_154/66kV,809,810,154.0,100.0,0.001199,0
5829,trafo,16,trafo_275/154kV,811,812,275.0,266.74,0.000449,0
5830,trafo,17,trafo_154/66kV,812,813,154.0,100.0,0.001199,0
5831,trafo,18,trafo_154/66kV,816,817,154.0,100.0,0.001199,1
5832,trafo,19,trafo_154/66kV,820,821,154.0,100.0,0.001199,0
5833,trafo,20,trafo_154/66kV,822,823,154.0,100.0,0.001199,0
5834,trafo,21,trafo_154/66kV,824,825,154.0,100.0,0.001199,0
5835,trafo,22,trafo_154/66kV,826,827,154.0,100.0,0.001199,0
5836,trafo,23,trafo_154/66kV,830,831,154.0,100.0,0.001199,0
5837,trafo,24,trafo_275/154kV,837,838,275.0,266.74,0.000449,0
5838,trafo,25,trafo_154/66kV,839,840,154.0,100.0,0.001199,0
5839,trafo,26,trafo_154/66kV,841,842,154.0,100.0,0.001199,0
5840,trafo,27,trafo_154/66kV,843,844,154.0,100.0,0.001199,0
5841,trafo,28,trafo_154/66kV,849,850,154.0,100.0,0.001199,0
5842,trafo,29,trafo_154/66kV,851,852,154.0,100.0,0.001199,0
5843,trafo,30,trafo_500/275kV,855,856,500.0,952.63,0.000126,0
5844,trafo,31,trafo_154/66kV,857,858,154.0,100.0,0.001199,0
5845,trafo,32,trafo_154/66kV,859,860,154.0,100.0,0.001199,0
5846,trafo,33,trafo_275/154kV,865,866,275.0,266.74,0.000449,0
5847,trafo,34,trafo_154/66kV,867,868,154.0,100.0,0.001199,0
5848,trafo,35,trafo_154/66kV,873,874,154.0,100.0,0.001199,1
5849,trafo,36,trafo_154/66kV,884,885,154.0,100.0,0.001199,0
5850,trafo,37,trafo_154/66kV,891,892,154.0,100.0,0.001199,0
5851,trafo,38,trafo_154/66kV,894,895,154.0,100.0,0.001199,1
5852,trafo,39,trafo_154/66kV,903,904,154.0,100.0,0.001199,0
5853,trafo,40,trafo_154/66kV,908,909,154.0,100.0,0.001199,0
5854,trafo,41,trafo_500/154kV,912,913,500.0,266.74,0.000449,0
5855,trafo,42,trafo_154/66kV,917,918,154.0,100.0,0.001199,0
5856,trafo,43,trafo_275/154kV,920,921,275.0,266.74,0.000449,0
5857,trafo,44,trafo_275/154kV,922,923,275.0,266.74,0.000449,0
5858,trafo,45,trafo_500/66kV,924,925,500.0,100.0,0.001199,0
5859,trafo,46,trafo_275/66kV,933,934,275.0,100.0,0.001199,0
5860,trafo,47,trafo_154/66kV,938,939,154.0,100.0,0.001199,1
5861,trafo,48,trafo_154/66kV,944,945,154.0,100.0,0.001199,0
5862,trafo,49,trafo_275/154kV,946,947,275.0,266.74,0.000449,0
5863,trafo,50,trafo_154/66kV,947,948,154.0,100.0,0.001199,0
5864,trafo,51,trafo_500/66kV,949,950,500.0,100.0,0.001199,0
5865,trafo,52,trafo_500/132kV,954,955,500.0,274.36,0.000437,1
5866,trafo,53,trafo_275/154kV,956,957,275.0,266.74,0.000449,0
5867,trafo,54,trafo_154/66kV,957,958,154.0,100.0,0.001199,0
5868,trafo,55,trafo_275/66kV,959,960,275.0,100.0,0.001199,0
5869,trafo,56,trafo_154/66kV,961,962,154.0,100.0,0.001199,0
5870,trafo,57,trafo_154/66kV,964,965,154.0,100.0,0.001199,0
5871,trafo,58,trafo_500/66kV,970,971,500.0,100.0,0.001199,0
5872,trafo,59,trafo_154/66kV,972,973,154.0,100.0,0.001199,0
5873,trafo,60,trafo_275/154kV,974,975,275.0,266.74,0.000449,0
5874,trafo,61,trafo_154/66kV,975,976,154.0,100.0,0.001199,0
5875,trafo,62,trafo_275/66kV,977,978,275.0,100.0,0.001199,1
5876,trafo,63,trafo_500/154kV,981,982,500.0,266.74,0.000449,0
5877,trafo,64,trafo_154/66kV,982,983,154.0,100.0,0.001199,0
5878,trafo,65,trafo_500/275kV@nameplate,984,985,500.0,1000.0,0.00012,0
5879,trafo,66,trafo_275/132kV,985,986,275.0,274.36,0.000437,0
5880,trafo,67,trafo_132/66kV,986,987,132.0,100.0,0.001199,0
5881,trafo,68,trafo_275/154kV,989,990,275.0,266.74,0.000449,0
5882,trafo,69,trafo_154/66kV,990,991,154.0,100.0,0.001199,0
5883,trafo,70,trafo_275/66kV,993,994,275.0,100.0,0.001199,0
5884,trafo,71,trafo_500/275kV,996,997,500.0,952.63,0.000126,0
5885,trafo,72,trafo_275/66kV,997,998,275.0,100.0,0.001199,0
5886,trafo,73,trafo_275/154kV,1000,1001,275.0,266.74,0.000449,0
5887,trafo,74,trafo_154/66kV,1002,1003,154.0,100.0,0.001199,0
5888,trafo,75,trafo_275/66kV,1006,1007,275.0,100.0,0.001199,0
5889,trafo,76,trafo_154/66kV,1010,1011,154.0,100.0,0.001199,0
5890,trafo,77,trafo_275/66kV,1013,1014,275.0,100.0,0.001199,0
5891,trafo,78,trafo_154/66kV,1016,1017,154.0,100.0,0.001199,0
5892,trafo,79,trafo_154/66kV,1018,1019,154.0,100.0,0.001199,0
5893,trafo,80,trafo_275/154kV,1022,1023,275.0,266.74,0.000449,0
5894,trafo,81,trafo_154/66kV,1023,1024,154.0,100.0,0.001199,0
5895,trafo,82,trafo_154/66kV,1027,1028,154.0,100.0,0.001199,0
5896,trafo,83,trafo_275/154kV@nameplate,1029,1030,275.0,300.0,0.0004,0
5897,trafo,84,trafo_154/66kV,1031,1032,154.0,100.0,0.001199,0
5898,trafo,85,trafo_154/66kV,1035,1036,154.0,100.0,0.001199,0
5899,trafo,86,trafo_275/154kV,1037,1038,275.0,266.74,0.000449,0
5900,trafo,87,trafo_154/66kV,1039,1040,154.0,100.0,0.001199,0
5901,trafo,88,trafo_154/66kV,1044,1045,154.0,100.0,0.001199,0
5902,trafo,89,trafo_275/154kV,1062,1063,275.0,266.74,0.000449,0
5903,trafo,90,trafo_154/66kV,1063,1064,154.0,100.0,0.001199,0
5904,trafo,91,trafo_154/66kV,1072,1073,154.0,100.0,0.001199,0
5905,trafo,92,trafo_275/66kV,1079,1080,275.0,100.0,0.001199,0
5906,trafo,93,trafo_154/66kV,1089,1090,154.0,100.0,0.001199,0
5907,trafo,94,trafo_154/66kV,1091,1092,154.0,100.0,0.001199,0
5908,trafo,95,trafo_500/275kV,1093,1094,500.0,952.63,0.000126,0
5909,trafo,96,trafo_275/154kV,1094,1095,275.0,266.74,0.000449,0
5910,trafo,97,trafo_154/66kV,1102,1103,154.0,100.0,0.001199,0
5911,trafo,98,trafo_275/154kV,1112,1113,275.0,266.74,0.000449,0
5912,trafo,99,trafo_275/154kV,1119,1120,275.0,266.74,0.000449,0
5913,trafo,100,trafo_154/66kV,1129,1130,154.0,100.0,0.001199,0
5914,trafo,101,trafo_500/275kV,1132,1133,500.0,952.63,0.000126,1
5915,trafo,102,trafo_275/154kV,1135,1136,275.0,266.74,0.000449,0
5916,trafo,103,trafo_154/66kV,1136,1137,154.0,100.0,0.001199,0
5917,trafo,104,trafo_154/66kV,1143,1144,154.0,100.0,0.001199,0
5918,trafo,105,trafo_275/154kV,1146,1147,275.0,266.74,0.000449,0
5919,trafo,106,trafo_275/154kV,1151,1152,275.0,266.74,0.000449,0
5920,trafo,107,trafo_154/66kV,1152,1153,154.0,100.0,0.001199,0
5921,trafo,108,trafo_154/66kV,1154,1155,154.0,100.0,0.001199,0
5922,trafo,109,trafo_154/66kV,1159,1160,154.0,100.0,0.001199,0
5923,trafo,110,trafo_275/154kV,1165,1166,275.0,266.74,0.000449,0
5924,trafo,111,trafo_154/66kV,1166,1167,154.0,100.0,0.001199,0
5925,trafo,112,trafo_154/66kV,1169,1170,154.0,100.0,0.001199,0
5926,trafo,113,trafo_154/66kV,1176,1177,154.0,100.0,0.001199,0
5927,trafo,114,trafo_500/154kV,1186,1187,500.0,266.74,0.000449,0
5928,trafo,115,trafo_154/66kV,1211,1212,154.0,100.0,0.001199,0
5929,trafo,116,trafo_154/66kV,1213,1214,154.0,100.0,0.001199,0
5930,trafo,117,trafo_154/66kV,1215,1216,154.0,100.0,0.001199,0
5931,trafo,118,trafo_275/66kV,1226,1227,275.0,100.0,0.001199,0
5932,trafo,119,trafo_500/154kV,1238,1239,500.0,266.74,0.000449,0
5933,trafo,120,trafo_500/66kV,1256,1257,500.0,100.0,0.001199,0
5934,trafo,121,trafo_154/66kV,1274,1275,154.0,100.0,0.001199,0
5935,trafo,122,trafo_154/66kV,1276,1277,154.0,100.0,0.001199,0
5936,trafo,123,trafo_154/66kV,1281,1282,154.0,100.0,0.001199,0
5937,trafo,124,trafo_154/66kV,1287,1288,154.0,100.0,0.001199,0
5938,trafo,125,trafo_154/66kV,1292,1293,154.0,100.0,0.001199,0
5939,trafo,126,trafo_154/66kV,1302,1303,154.0,100.0,0.001199,0
5940,trafo,127,trafo_500/275kV,1316,1317,500.0,952.63,0.000126,0
5941,trafo,128,trafo_275/154kV,1317,1318,275.0,266.74,0.000449,0
5942,trafo,129,trafo_154/66kV,1318,1319,154.0,100.0,0.001199,0
5943,trafo,130,trafo_154/66kV,1320,1321,154.0,100.0,0.001199,0
5944,trafo,131,trafo_154/66kV,1326,1327,154.0,100.0,0.001199,0
5945,trafo,132,trafo_275/66kV,1328,1329,275.0,100.0,0.001199,1
5946,trafo,133,trafo_275/66kV,1331,1332,275.0,100.0,0.001199,0
5947,trafo,134,trafo_275/154kV,1334,1335,275.0,266.74,0.000449,0
5948,trafo,135,trafo_154/66kV,1335,1336,154.0,100.0,0.001199,0
5949,trafo,136,trafo_275/154kV,1340,1341,275.0,266.74,0.000449,0
5950,trafo,137,trafo_154/66kV,1341,1342,154.0,100.0,0.001199,0
5951,trafo,138,trafo_275/66kV,1343,1344,275.0,100.0,0.001199,0
5952,trafo,139,trafo_154/66kV,1352,1353,154.0,100.0,0.001199,0
5953,trafo,140,trafo_154/66kV,1360,1361,154.0,100.0,0.001199,0
5954,trafo,141,trafo_275/66kV,1372,1373,275.0,100.0,0.001199,1
5955,trafo,142,trafo_154/66kV,1374,1375,154.0,100.0,0.001199,0
5956,trafo,143,trafo_154/66kV,1422,1423,154.0,100.0,0.001199,0
5957,trafo,144,trafo_154/66kV,1433,1434,154.0,100.0,0.001199,0
5958,trafo,145,trafo_275/154kV,1447,1448,275.0,266.74,0.000449,0
5959,trafo,146,trafo_275/154kV,1449,1450,275.0,266.74,0.000449,0
5960,trafo,147,trafo_275/66kV,1453,1454,275.0,100.0,0.001199,0
5961,trafo,148,trafo_154/66kV,1456,1457,154.0,100.0,0.001199,0
5962,trafo,149,trafo_154/66kV,1458,1459,154.0,100.0,0.001199,0
5963,trafo,150,trafo_500/275kV@nameplate,1460,1461,500.0,1000.0,0.00012,0
5964,trafo,151,trafo_275/154kV,1461,1462,275.0,266.74,0.000449,0
5965,trafo,152,trafo_154/66kV,1463,1464,154.0,100.0,0.001199,0
5966,trafo,153,trafo_275/154kV,1469,1470,275.0,266.74,0.000449,0
5967,trafo,154,trafo_154/66kV,1471,1472,154.0,100.0,0.001199,0
5968,trafo,155,trafo_275/66kV,1473,1474,275.0,100.0,0.001199,1
5969,trafo,156,trafo_275/154kV,1476,1477,275.0,266.74,0.000449,0
5970,trafo,157,trafo_154/66kV,1477,1478,154.0,100.0,0.001199,0
5971,trafo,158,trafo_154/66kV,1479,1480,154.0,100.0,0.001199,0
5972,trafo,159,trafo_154/66kV,1481,1482,154.0,100.0,0.001199,0
5973,trafo,160,trafo_154/66kV,1483,1484,154.0,100.0,0.001199,0
5974,trafo,161,trafo_154/66kV,1485,1486,154.0,100.0,0.001199,0
5975,trafo,162,trafo_154/66kV,1489,1490,154.0,100.0,0.001199,0
5976,trafo,163,trafo_154/66kV,1503,1504,154.0,100.0,0.001199,0
5977,trafo,164,trafo_275/66kV,1507,1508,275.0,100.0,0.001199,1
5978,trafo,165,trafo_154/66kV,1522,1523,154.0,100.0,0.001199,0
5979,trafo,166,trafo_154/66kV,1525,1526,154.0,100.0,0.001199,0
5980,trafo,167,trafo_275/154kV,1531,1532,275.0,266.74,0.000449,0
5981,trafo,168,trafo_154/66kV,1532,1533,154.0,100.0,0.001199,0
5982,trafo,169,trafo_154/66kV,1534,1535,154.0,100.0,0.001199,0
5983,trafo,170,trafo_154/66kV,1571,1572,154.0,100.0,0.001199,0
5984,trafo,171,trafo_154/66kV,1574,1575,154.0,100.0,0.001199,0
5985,trafo,172,trafo_154/66kV,1582,1583,154.0,100.0,0.001199,0
5986,trafo,173,trafo_154/66kV,1584,1585,154.0,100.0,0.001199,0
5987,trafo,174,trafo_154/66kV,1586,1587,154.0,100.0,0.001199,0
5988,trafo,175,trafo_154/66kV,1589,1590,154.0,100.0,0.001199,0
5989,trafo,176,trafo_275/66kV,1614,1615,275.0,100.0,0.001199,0
5990,trafo,177,trafo_154/66kV,1616,1617,154.0,100.0,0.001199,0
5991,trafo,178,trafo_275/154kV,1618,1619,275.0,266.74,0.000449,0
5992,trafo,179,trafo_154/66kV,1619,1620,154.0,100.0,0.001199,0
5993,trafo,180,trafo_154/66kV,1621,1622,154.0,100.0,0.001199,0
5994,trafo,181,trafo_154/66kV,1627,1628,154.0,100.0,0.001199,0
5995,trafo,182,trafo_275/66kV,1634,1635,275.0,100.0,0.001199,0
5996,trafo,183,trafo_154/66kV,1642,1643,154.0,100.0,0.001199,1
5997,trafo,184,trafo_154/66kV,1651,1652,154.0,100.0,0.001199,0
5998,trafo,185,trafo_154/66kV,1692,1693,154.0,100.0,0.001199,0
5999,trafo,186,trafo_154/66kV,1712,1713,154.0,100.0,0.001199,0
6000,trafo,188,trafo_275/154kV,1716,1717,275.0,266.74,0.000449,0
6001,trafo,189,trafo_154/66kV,1718,1719,154.0,100.0,0.001199,0
6002,trafo,190,trafo_154/66kV,1720,1721,154.0,100.0,0.001199,0
6003,trafo,191,trafo_154/66kV,1722,1723,154.0,100.0,0.001199,0
6004,trafo,192,trafo_154/66kV,1724,1725,154.0,100.0,0.001199,0
6005,trafo,193,trafo_154/66kV,1732,1733,154.0,100.0,0.001199,0
6006,trafo,194,trafo_154/66kV,1752,1753,154.0,100.0,0.001199,0
6007,trafo,195,trafo_154/66kV,1754,1755,154.0,100.0,0.001199,0
6008,trafo,196,trafo_154/66kV,1756,1757,154.0,100.0,0.001199,0
6009,trafo,197,trafo_154/66kV,1758,1759,154.0,100.0,0.001199,0
6010,trafo,198,trafo_154/66kV,1761,1762,154.0,100.0,0.001199,1
6011,trafo,199,trafo_500/275kV,1764,1765,500.0,952.63,0.000126,0
6012,trafo,200,trafo_275/154kV,1765,1766,275.0,266.74,0.000449,0
6013,trafo,201,trafo_154/66kV,1766,1767,154.0,100.0,0.001199,0
6014,trafo,202,trafo_154/66kV,1771,1772,154.0,100.0,0.001199,0
6015,trafo,203,trafo_154/66kV,1783,1784,154.0,100.0,0.001199,0
6016,trafo,204,trafo_154/66kV,1790,1791,154.0,100.0,0.001199,0
6017,trafo,205,trafo_154/66kV,1793,1794,154.0,100.0,0.001199,0
6018,trafo,206,trafo_154/66kV,1795,1796,154.0,100.0,0.001199,0
6019,trafo,207,trafo_500/66kV,1799,1800,500.0,100.0,0.001199,0
6020,trafo,208,trafo_500/66kV,1808,1809,500.0,100.0,0.001199,0
6021,trafo,209,trafo_154/66kV,1819,1820,154.0,100.0,0.001199,0
6022,trafo,210,trafo_154/66kV,1821,1822,154.0,100.0,0.001199,1
6023,trafo,211,trafo_500/66kV,1824,1825,500.0,100.0,0.001199,0
6024,trafo,212,trafo_154/66kV,2147,2146,154.0,100.0,0.001199,0
6025,trafo,213,trafo_154/66kV,2215,2214,154.0,100.0,0.001199,0
6026,trafo,214,trafo_154/66kV,2452,2451,154.0,100.0,0.001199,0
6027,trafo,215,trafo_154/66kV,2628,2627,154.0,100.0,0.001199,0
6028,trafo,216,trafo_154/66kV,2849,2848,154.0,100.0,0.001199,0
6029,trafo,217,trafo_275/154kV,3412,3413,275.0,266.74,0.000449,0
6030,trafo,218,trafo_154/66kV,3413,3414,154.0,100.0,0.001199,0
6031,trafo,219,trafo_154/66kV,3417,3418,154.0,100.0,0.001199,0
6032,trafo,220,trafo_275/66kV,3428,3429,275.0,100.0,0.001199,0
6033,trafo,221,trafo_275/66kV,3430,3431,275.0,100.0,0.001199,0
6034,trafo,222,trafo_154/66kV,3432,3433,154.0,100.0,0.001199,0
6035,trafo,223,trafo_154/66kV,3436,3437,154.0,100.0,0.001199,0
6036,trafo,224,trafo_154/66kV,3440,3441,154.0,100.0,0.001199,0
6037,trafo,225,trafo_154/66kV,3442,3443,154.0,100.0,0.001199,0
6038,trafo,226,trafo_154/66kV,3446,3447,154.0,100.0,0.001199,0
6039,trafo,227,trafo_154/66kV,3448,3449,154.0,100.0,0.001199,0
6040,trafo,228,trafo_275/66kV,3451,3452,275.0,100.0,0.001199,0
6041,trafo,229,trafo_154/66kV,3458,3459,154.0,100.0,0.001199,0
6042,trafo,230,trafo_275/154kV,3465,3466,275.0,266.74,0.000449,0
6043,trafo,231,trafo_275/154kV,3467,3468,275.0,266.74,0.000449,0
6044,trafo,232,trafo_154/66kV,3469,3470,154.0,100.0,0.001199,0
6045,trafo,233,trafo_154/66kV,3471,3472,154.0,100.0,0.001199,0
6046,trafo,234,trafo_275/66kV,3473,3474,275.0,100.0,0.001199,0
6047,trafo,235,trafo_154/66kV,3476,3477,154.0,100.0,0.001199,0
6048,trafo,236,trafo_275/154kV,3495,3496,275.0,266.74,0.000449,0
6049,trafo,237,trafo_154/66kV,3499,3500,154.0,100.0,0.001199,0
6050,trafo,238,trafo_154/66kV,3501,3502,154.0,100.0,0.001199,1
6051,trafo,239,trafo_154/66kV,3503,3504,154.0,100.0,0.001199,0
6052,trafo,240,trafo_275/154kV,3506,3507,275.0,266.74,0.000449,0
6053,trafo,241,trafo_154/66kV,3508,3509,154.0,100.0,0.001199,0
6054,trafo,242,trafo_154/66kV,3510,3511,154.0,100.0,0.001199,0
6055,trafo,243,trafo_275/66kV,3512,3513,275.0,100.0,0.001199,0
6056,trafo,244,trafo_154/66kV,3514,3515,154.0,100.0,0.001199,0
6057,trafo,245,trafo_154/66kV,3516,3517,154.0,100.0,0.001199,0
6058,trafo,246,trafo_154/66kV,3518,3519,154.0,100.0,0.001199,0
6059,trafo,247,trafo_154/66kV,3520,3521,154.0,100.0,0.001199,0
6060,trafo,248,trafo_154/66kV,3522,3523,154.0,100.0,0.001199,0
6061,trafo,249,trafo_154/66kV,3525,3526,154.0,100.0,0.001199,0
6062,trafo,250,trafo_275/66kV,3529,3528,275.0,100.0,0.001199,1
6063,trafo,251,trafo_275/66kV,3530,3531,275.0,100.0,0.001199,1
6064,trafo,252,trafo_154/66kV,3533,3534,154.0,100.0,0.001199,0
6065,trafo,253,trafo_154/66kV,3539,3540,154.0,100.0,0.001199,0
6066,trafo,254,trafo_154/66kV,3541,3542,154.0,100.0,0.001199,0
6067,trafo,255,trafo_154/66kV,3543,3544,154.0,100.0,0.001199,0
6068,trafo,256,trafo_275/154kV,3546,3547,275.0,266.74,0.000449,0
6069,trafo,257,trafo_154/66kV,3547,3548,154.0,100.0,0.001199,0
6070,trafo,258,trafo_275/154kV,3550,3551,275.0,266.74,0.000449,0
6071,trafo,259,trafo_275/154kV,3552,3553,275.0,266.74,0.000449,0
6072,trafo,260,trafo_154/66kV,3553,3554,154.0,100.0,0.001199,0
6073,trafo,261,trafo_154/66kV,3555,3556,154.0,100.0,0.001199,0
6074,trafo,262,trafo_154/66kV,3558,3559,154.0,100.0,0.001199,0
6075,trafo,263,trafo_154/66kV,3560,3561,154.0,100.0,0.001199,0
6076,trafo,264,trafo_275/154kV,3562,3563,275.0,266.74,0.000449,0
6077,trafo,265,trafo_154/66kV,3565,3566,154.0,100.0,0.001199,0
6078,trafo,266,trafo_154/66kV,3567,3568,154.0,100.0,0.001199,0
6079,trafo,267,trafo_154/66kV,3570,3571,154.0,100.0,0.001199,0
6080,trafo,268,trafo_500/275kV,3573,3574,500.0,952.63,0.000126,1
6081,trafo,269,trafo_275/154kV,3575,3576,275.0,266.74,0.000449,0
6082,trafo,270,trafo_154/66kV,3576,3577,154.0,100.0,0.001199,0
6083,trafo,271,trafo_275/154kV,3585,3586,275.0,266.74,0.000449,0
6084,trafo,272,trafo_154/66kV,3593,3594,154.0,100.0,0.001199,0
6085,trafo,273,trafo_154/66kV,3595,3596,154.0,100.0,0.001199,0
6086,trafo,274,trafo_154/66kV,3597,3598,154.0,100.0,0.001199,0
6087,trafo,275,trafo_154/66kV,3599,3600,154.0,100.0,0.001199,0
6088,trafo,276,trafo_500/275kV,3601,3602,500.0,952.63,0.000126,0
6089,trafo,277,trafo_275/66kV@nameplate,3603,3604,275.0,200.0,0.000599,0
6090,trafo,278,trafo_275/66kV,3608,3609,275.0,100.0,0.001199,0
6091,trafo,279,trafo_500/275kV,3614,3615,500.0,952.63,0.000126,0
6092,trafo,280,trafo_275/154kV,3615,3616,275.0,266.74,0.000449,0
6093,trafo,281,trafo_500/154kV,3618,3619,500.0,266.74,0.000449,0
6094,trafo,282,trafo_500/275kV,3620,3621,500.0,952.63,0.000126,0
6095,trafo,283,trafo_275/154kV,3621,3622,275.0,266.74,0.000449,0
6096,trafo,284,trafo_154/66kV,3622,3623,154.0,100.0,0.001199,0
6097,trafo,285,trafo_275/66kV,3626,3627,275.0,100.0,0.001199,0
6098,trafo,286,trafo_154/66kV,3628,3629,154.0,100.0,0.001199,0
6099,trafo,287,trafo_275/66kV,3630,3631,275.0,100.0,0.001199,0
6100,trafo,288,trafo_154/66kV,3632,3633,154.0,100.0,0.001199,0
6101,trafo,289,trafo_275/154kV,3634,3635,275.0,266.74,0.000449,0
6102,trafo,290,trafo_154/66kV,3635,3636,154.0,100.0,0.001199,0
6103,trafo,291,trafo_275/154kV,3637,3638,275.0,266.74,0.000449,0
6104,trafo,292,trafo_275/66kV,3640,3641,275.0,100.0,0.001199,0
6105,trafo,293,trafo_275/66kV,3642,3643,275.0,100.0,0.001199,0
6106,trafo,294,trafo_154/66kV,3644,3645,154.0,100.0,0.001199,0
6107,trafo,295,trafo_154/66kV,3646,3647,154.0,100.0,0.001199,0
6108,trafo,296,trafo_154/66kV,3648,3649,154.0,100.0,0.001199,0
6109,trafo,297,trafo_275/154kV,3651,3652,275.0,266.74,0.000449,0
6110,trafo,298,trafo_154/66kV,3652,3653,154.0,100.0,0.001199,0
6111,trafo,299,trafo_275/154kV,3657,3658,275.0,266.74,0.000449,0
6112,trafo,300,trafo_275/66kV,3667,3668,275.0,100.0,0.001199,0
6113,trafo,301,trafo_154/66kV,3669,3670,154.0,100.0,0.001199,0
6114,trafo,302,trafo_154/66kV,3671,3672,154.0,100.0,0.001199,0
6115,trafo,303,trafo_154/66kV,3679,3680,154.0,100.0,0.001199,0
6116,trafo,304,trafo_154/66kV,3681,3682,154.0,100.0,0.001199,0
6117,trafo,305,trafo_154/66kV,3689,3690,154.0,100.0,0.001199,0
6118,trafo,306,trafo_154/66kV,3693,3694,154.0,100.0,0.001199,1
6119,trafo,307,trafo_275/66kV,3696,3697,275.0,100.0,0.001199,0
6120,trafo,308,trafo_154/66kV,3703,3704,154.0,100.0,0.001199,0
6121,trafo,309,trafo_154/66kV,3708,3709,154.0,100.0,0.001199,0
6122,trafo,310,trafo_154/66kV,3714,3715,154.0,100.0,0.001199,0
6123,trafo,311,trafo_154/66kV,3719,3720,154.0,100.0,0.001199,0
6124,trafo,312,trafo_275/66kV,3729,3730,275.0,100.0,0.001199,0
6125,trafo,313,trafo_275/66kV,3734,3735,275.0,100.0,0.001199,0
6126,trafo,314,trafo_275/66kV,3755,3756,275.0,100.0,0.001199,0
6127,trafo,315,trafo_275/154kV,3763,3764,275.0,266.74,0.000449,0
6128,trafo,316,trafo_154/66kV,3764,3765,154.0,100.0,0.001199,0
6129,trafo,317,trafo_154/66kV,3771,3772,154.0,100.0,0.001199,0
6130,trafo,318,trafo_154/66kV,3796,3797,154.0,100.0,0.001199,0
6131,trafo,319,trafo_154/66kV,3804,3805,154.0,100.0,0.001199,0
6132,trafo,320,trafo_154/66kV,3818,3819,154.0,100.0,0.001199,0
6133,trafo,325,trafo_154/66kV,3825,3826,154.0,100.0,0.001199,0
6134,trafo,326,trafo_77/66kV,3828,3829,77.0,100.0,0.001199,1
6135,trafo,327,trafo_154/66kV,3835,3836,154.0,100.0,0.001199,0
6136,trafo,328,trafo_275/66kV,3839,3840,275.0,100.0,0.001199,0
6137,trafo,329,trafo_154/66kV,3847,3848,154.0,100.0,0.001199,0
6138,trafo,330,trafo_154/66kV,3851,3852,154.0,100.0,0.001199,0
6139,trafo,331,trafo_154/66kV,3863,3864,154.0,100.0,0.001199,0
6140,trafo,332,trafo_154/66kV,3867,3868,154.0,100.0,0.001199,0
6141,trafo,333,trafo_154/66kV,3869,3870,154.0,100.0,0.001199,0
6142,trafo,334,trafo_275/66kV,3875,3876,275.0,100.0,0.001199,0
6143,trafo,335,trafo_275/66kV,3877,3878,275.0,100.0,0.001199,0
6144,trafo,336,trafo_275/66kV,3880,3881,275.0,100.0,0.001199,0
6145,trafo,337,trafo_154/66kV,3893,3894,154.0,100.0,0.001199,0
6146,trafo,338,trafo_154/66kV,3903,3904,154.0,100.0,0.001199,0
6147,trafo,339,trafo_77/66kV,3912,3913,77.0,100.0,0.001199,1
6148,trafo,340,trafo_154/66kV,3918,3919,154.0,100.0,0.001199,0
6149,trafo,341,trafo_154/66kV,3927,3928,154.0,100.0,0.001199,0
6150,trafo,342,trafo_275/154kV,3939,3940,275.0,266.74,0.000449,0
6151,trafo,343,trafo_154/66kV,3944,3945,154.0,100.0,0.001199,0
6152,trafo,344,trafo_154/66kV,3947,3948,154.0,100.0,0.001199,0
6153,trafo,345,trafo_154/66kV,3951,3952,154.0,100.0,0.001199,0
6154,trafo,346,trafo_154/66kV,3955,3956,154.0,100.0,0.001199,0
6155,trafo,347,trafo_275/66kV,3973,3974,275.0,100.0,0.001199,0
6156,trafo,348,trafo_275/66kV,3983,3984,275.0,100.0,0.001199,0
6157,trafo,349,trafo_154/66kV,3990,3991,154.0,100.0,0.001199,0
6158,trafo,350,trafo_154/66kV,3993,3994,154.0,100.0,0.001199,0
6159,trafo,351,trafo_154/66kV,3999,4000,154.0,100.0,0.001199,0
6160,trafo,352,trafo_275/66kV,4004,4005,275.0,100.0,0.001199,0
6161,trafo,353,trafo_154/66kV,4008,4009,154.0,100.0,0.001199,0
6162,trafo,354,trafo_154/66kV,4014,4015,154.0,100.0,0.001199,0
6163,trafo,355,trafo_275/66kV,4027,4028,275.0,100.0,0.001199,0
6164,trafo,356,trafo_275/154kV,4036,4037,275.0,266.74,0.000449,0
6165,trafo,357,trafo_154/66kV,4037,4038,154.0,100.0,0.001199,0
6166,trafo,358,trafo_154/66kV,4052,4053,154.0,100.0,0.001199,0
6167,trafo,359,trafo_154/66kV,4054,4055,154.0,100.0,0.001199,0
6168,trafo,360,trafo_154/66kV,4057,4058,154.0,100.0,0.001199,0
6169,trafo,361,trafo_154/66kV,4059,4060,154.0,100.0,0.001199,0
6170,trafo,362,trafo_154/66kV,4061,4062,154.0,100.0,0.001199,0
6171,trafo,363,trafo_500/275kV,4067,4068,500.0,952.63,0.000126,0
6172,trafo,364,trafo_154/66kV,4072,4073,154.0,100.0,0.001199,0
6173,trafo,365,trafo_154/66kV,4075,4076,154.0,100.0,0.001199,0
6174,trafo,366,trafo_275/154kV,4078,4079,275.0,266.74,0.000449,0
6175,trafo,367,trafo_154/66kV,4079,4080,154.0,100.0,0.001199,0
6176,trafo,368,trafo_275/154kV,4082,4083,275.0,266.74,0.000449,0
6177,trafo,369,trafo_154/66kV,4088,4089,154.0,100.0,0.001199,0
6178,trafo,370,trafo_275/66kV,4092,4093,275.0,100.0,0.001199,0
6179,trafo,371,trafo_500/275kV,4094,4095,500.0,952.63,0.000126,0
6180,trafo,372,trafo_275/154kV@nameplate,4095,4096,275.0,200.0,0.000599,0
6181,trafo,373,trafo_154/66kV,4096,4097,154.0,100.0,0.001199,0
6182,trafo,374,trafo_275/66kV,4107,4108,275.0,100.0,0.001199,0
6183,trafo,375,trafo_500/275kV,4117,4118,500.0,952.63,0.000126,0
6184,trafo,376,trafo_275/154kV,4118,4119,275.0,266.74,0.000449,0
6185,trafo,377,trafo_154/66kV,4119,4120,154.0,100.0,0.001199,0
6186,trafo,378,trafo_154/66kV,4124,4125,154.0,100.0,0.001199,0
6187,trafo,379,trafo_275/66kV,4136,4137,275.0,100.0,0.001199,0
6188,trafo,380,trafo_154/66kV,4138,4139,154.0,100.0,0.001199,0
6189,trafo,381,trafo_154/66kV,4140,4141,154.0,100.0,0.001199,0
6190,trafo,382,trafo_154/66kV,4142,4143,154.0,100.0,0.001199,0
6191,trafo,383,trafo_275/154kV,4144,4145,275.0,266.74,0.000449,0
6192,trafo,384,trafo_154/66kV,4145,4146,154.0,100.0,0.001199,0
6193,trafo,385,trafo_154/66kV,4154,4155,154.0,100.0,0.001199,0
6194,trafo,386,trafo_154/66kV,4156,4157,154.0,100.0,0.001199,0
6195,trafo,387,trafo_154/66kV,4161,4162,154.0,100.0,0.001199,0
6196,trafo,388,trafo_154/66kV,4171,4172,154.0,100.0,0.001199,0
6197,trafo,389,trafo_275/66kV,4187,4188,275.0,100.0,0.001199,0
6198,trafo,390,trafo_154/66kV,4190,4191,154.0,100.0,0.001199,1
6199,trafo,391,trafo_275/66kV,4193,4194,275.0,100.0,0.001199,0
6200,trafo,392,trafo_500/66kV,4195,4196,500.0,100.0,0.001199,0
6201,trafo,393,trafo_500/66kV,4211,4212,500.0,100.0,0.001199,0
6202,trafo,394,trafo_500/66kV,4218,4219,500.0,100.0,0.001199,0
6203,trafo,395,trafo_500/275kV,4222,4223,500.0,952.63,0.000126,0
6204,trafo,396,trafo_275/154kV,4223,4224,275.0,266.74,0.000449,0
6205,trafo,397,trafo_154/66kV,4224,4225,154.0,100.0,0.001199,0
6206,trafo,398,trafo_500/275kV,4226,4227,500.0,952.63,0.000126,0
6207,trafo,399,trafo_275/66kV,4229,4230,275.0,100.0,0.001199,0
6208,trafo,400,trafo_275/154kV,4236,4237,275.0,266.74,0.000449,0
6209,trafo,401,trafo_154/66kV,4237,4238,154.0,100.0,0.001199,0
6210,trafo,402,trafo_500/66kV,4239,4240,500.0,100.0,0.001199,0
6211,trafo,403,trafo_500/154kV,4247,4248,500.0,266.74,0.000449,0
6212,trafo,404,trafo_275/154kV,4271,4272,275.0,266.74,0.000449,0
6213,trafo,405,trafo_154/66kV,4272,4273,154.0,100.0,0.001199,0
6214,trafo,406,trafo_154/66kV,4286,4287,154.0,100.0,0.001199,0
6215,trafo,407,trafo_275/154kV,4288,4289,275.0,266.74,0.000449,0
6216,trafo,408,trafo_154/66kV,4289,4290,154.0,100.0,0.001199,0
6217,trafo,409,trafo_500/66kV,4294,4295,500.0,100.0,0.001199,0
6218,trafo,410,trafo_275/66kV,4309,4310,275.0,100.0,0.001199,0
6219,trafo,411,trafo_275/66kV,4311,4312,275.0,100.0,0.001199,0
6220,trafo,412,trafo_500/66kV,4314,4315,500.0,100.0,0.001199,0
6221,trafo,413,trafo_275/154kV,4318,4319,275.0,266.74,0.000449,0
6222,trafo,414,trafo_154/66kV,4319,4320,154.0,100.0,0.001199,0
6223,trafo,415,trafo_500/154kV,4323,4324,500.0,266.74,0.000449,0
6224,trafo,416,trafo_154/66kV,4324,4325,154.0,100.0,0.001199,0
6225,trafo,417,trafo_500/66kV,4327,4328,500.0,100.0,0.001199,0
6226,trafo,418,trafo_500/66kV,4332,4333,500.0,100.0,0.001199,0
6227,trafo,419,trafo_154/66kV,4337,4338,154.0,100.0,0.001199,0
6228,trafo,420,trafo_154/66kV,4339,4340,154.0,100.0,0.001199,1
6229,trafo,421,trafo_275/154kV,4344,4345,275.0,266.74,0.000449,0
6230,trafo,422,trafo_275/154kV,4355,4356,275.0,266.74,0.000449,0
6231,trafo,423,trafo_154/66kV,4356,4357,154.0,100.0,0.001199,0
6232,trafo,424,trafo_154/66kV,4378,4379,154.0,100.0,0.001199,0
6233,trafo,425,trafo_154/66kV,4380,4381,154.0,100.0,0.001199,0
6234,trafo,426,trafo_500/66kV,4398,4399,500.0,100.0,0.001199,0
6235,trafo,427,trafo_275/154kV,4407,4408,275.0,266.74,0.000449,0
6236,trafo,428,trafo_154/66kV,4408,4409,154.0,100.0,0.001199,0
6237,trafo,429,trafo_275/154kV,4412,4413,275.0,266.74,0.000449,0
6238,trafo,430,trafo_154/66kV,4413,4414,154.0,100.0,0.001199,0
6239,trafo,431,trafo_275/154kV,4416,4417,275.0,266.74,0.000449,0
6240,trafo,432,trafo_154/66kV,4417,4418,154.0,100.0,0.001199,0
6241,trafo,433,trafo_275/154kV,4419,4420,275.0,266.74,0.000449,0
6242,trafo,434,trafo_154/66kV,4420,4421,154.0,100.0,0.001199,0
6243,trafo,435,trafo_154/66kV,4434,4435,154.0,100.0,0.001199,0
6244,trafo,436,trafo_275/66kV,4436,4437,275.0,100.0,0.001199,0
6245,trafo,437,trafo_154/66kV,4440,4441,154.0,100.0,0.001199,0
6246,trafo,438,trafo_275/66kV,4442,4443,275.0,100.0,0.001199,0
6247,trafo,439,trafo_500/275kV,4444,4445,500.0,952.63,0.000126,0
6248,trafo,440,trafo_275/66kV,4445,4446,275.0,100.0,0.001199,0
6249,trafo,441,trafo_500/66kV,4448,4449,500.0,100.0,0.001199,0
6250,trafo,442,trafo_275/66kV,4450,4451,275.0,100.0,0.001199,0
6251,trafo,443,trafo_154/66kV,4460,4461,154.0,100.0,0.001199,0
6252,trafo,444,trafo_275/154kV,4470,4471,275.0,266.74,0.000449,0
6253,trafo,445,trafo_154/66kV,4471,4472,154.0,100.0,0.001199,0
6254,trafo,446,trafo_154/66kV,4473,4474,154.0,100.0,0.001199,0
6255,trafo,447,trafo_500/66kV,4477,4478,500.0,100.0,0.001199,0
6256,trafo,448,trafo_275/66kV,4487,4488,275.0,100.0,0.001199,0
6257,trafo,449,trafo_154/66kV,4490,4491,154.0,100.0,0.001199,0
6258,trafo,450,trafo_154/66kV,4492,4493,154.0,100.0,0.001199,0
6259,trafo,451,trafo_154/66kV,4495,4496,154.0,100.0,0.001199,0
6260,trafo,452,trafo_154/66kV,4497,4498,154.0,100.0,0.001199,0
6261,trafo,453,trafo_154/66kV,4499,4500,154.0,100.0,0.001199,0
6262,trafo,454,trafo_154/66kV,4501,4502,154.0,100.0,0.001199,0
6263,trafo,455,trafo_275/154kV,4504,4505,275.0,266.74,0.000449,0
6264,trafo,456,trafo_154/66kV,4510,4511,154.0,100.0,0.001199,0
6265,trafo,457,trafo_154/66kV,4531,4532,154.0,100.0,0.001199,0
6266,trafo,458,trafo_275/66kV,4534,4535,275.0,100.0,0.001199,0
6267,trafo,459,trafo_154/66kV,4536,4537,154.0,100.0,0.001199,0
6268,trafo,460,trafo_154/66kV,4540,4541,154.0,100.0,0.001199,0
6269,trafo,461,trafo_154/66kV,4545,4546,154.0,100.0,0.001199,0
6270,trafo,462,trafo_154/66kV,4550,4551,154.0,100.0,0.001199,0
6271,trafo,463,trafo_500/154kV,4553,4554,500.0,266.74,0.000449,0
6272,trafo,464,trafo_154/66kV,4554,4555,154.0,100.0,0.001199,0
6273,trafo,465,trafo_500/154kV,4556,4557,500.0,266.74,0.000449,0
6274,trafo,466,trafo_154/66kV,4557,4558,154.0,100.0,0.001199,0
6275,trafo,467,trafo_154/66kV,4562,4563,154.0,100.0,0.001199,0
6276,trafo,468,trafo_500/275kV,4567,4568,500.0,952.63,0.000126,0
6277,trafo,469,trafo_275/154kV,4568,4569,275.0,266.74,0.000449,0
6278,trafo,470,trafo_154/66kV,4569,4570,154.0,100.0,0.001199,0
6279,trafo,471,trafo_500/275kV,4572,4573,500.0,952.63,0.000126,0
6280,trafo,472,trafo_275/154kV,4575,4576,275.0,266.74,0.000449,0
6281,trafo,473,trafo_154/66kV,4576,4577,154.0,100.0,0.001199,0
6282,trafo,474,trafo_500/66kV,4578,4579,500.0,100.0,0.001199,0
6283,trafo,475,trafo_500/275kV,4581,4582,500.0,952.63,0.000126,0
6284,trafo,476,trafo_275/66kV,4582,4583,275.0,100.0,0.001199,0
6285,trafo,477,trafo_500/275kV,4584,4585,500.0,952.63,0.000126,1
6286,trafo,478,trafo_500/275kV,4586,4587,500.0,952.63,0.000126,0
6287,trafo,479,trafo_275/66kV,4587,4588,275.0,100.0,0.001199,0
6288,trafo,480,trafo_154/66kV,4590,4591,154.0,100.0,0.001199,0
6289,trafo,481,trafo_500/154kV,4593,4594,500.0,266.74,0.000449,0
6290,trafo,482,trafo_154/66kV,4594,4595,154.0,100.0,0.001199,0
6291,trafo,483,trafo_154/66kV,4597,4598,154.0,100.0,0.001199,0
6292,trafo,484,trafo_154/66kV,4599,4600,154.0,100.0,0.001199,0
6293,trafo,485,trafo_275/154kV,4610,4611,275.0,266.74,0.000449,0
6294,trafo,486,trafo_154/66kV,4611,4612,154.0,100.0,0.001199,0
6295,trafo,487,trafo_500/154kV,4613,4614,500.0,266.74,0.000449,0
6296,trafo,488,trafo_154/66kV,4620,4621,154.0,100.0,0.001199,0
6297,trafo,489,trafo_500/275kV,4623,4624,500.0,952.63,0.000126,0
6298,trafo,490,trafo_275/154kV,4624,4625,275.0,266.74,0.000449,0
6299,trafo,491,trafo_154/66kV,4625,4626,154.0,100.0,0.001199,0
6300,trafo,492,trafo_500/275kV,4631,4632,500.0,952.63,0.000126,1
6301,trafo,493,trafo_154/66kV,4633,4634,154.0,100.0,0.001199,0
6302,trafo,494,trafo_275/154kV,4636,4637,275.0,266.74,0.000449,0
6303,trafo,495,trafo_500/66kV,4645,4646,500.0,100.0,0.001199,0
6304,trafo,496,trafo_275/66kV,4647,4648,275.0,100.0,0.001199,0
6305,trafo,497,trafo_154/66kV,4649,4650,154.0,100.0,0.001199,0
6306,trafo,498,trafo_500/275kV,4652,4653,500.0,952.63,0.000126,0
6307,trafo,499,trafo_275/154kV,4653,4654,275.0,266.74,0.000449,0
6308,trafo,500,trafo_154/66kV,4656,4657,154.0,100.0,0.001199,0
6309,trafo,501,trafo_500/154kV,4663,4664,500.0,266.74,0.000449,0
6310,trafo,502,trafo_154/66kV,4664,4665,154.0,100.0,0.001199,0
6311,trafo,503,trafo_500/275kV,4676,4677,500.0,952.63,0.000126,0
6312,trafo,504,trafo_275/154kV,4677,4678,275.0,266.74,0.000449,0
6313,trafo,505,trafo_154/66kV,4682,4683,154.0,100.0,0.001199,0
6314,trafo,506,trafo_154/66kV,4698,4699,154.0,100.0,0.001199,0
6315,trafo,507,trafo_154/66kV,4703,4704,154.0,100.0,0.001199,0
6316,trafo,508,trafo_154/66kV,4711,4712,154.0,100.0,0.001199,1
6317,trafo,509,trafo_154/66kV,4715,4716,154.0,100.0,0.001199,0
6318,trafo,510,trafo_154/66kV,4727,4728,154.0,100.0,0.001199,0
6319,trafo,511,trafo_154/66kV,4729,4730,154.0,100.0,0.001199,0
6320,trafo,512,trafo_500/66kV,4735,4736,500.0,100.0,0.001199,0
6321,trafo,513,trafo_154/66kV,4753,4754,154.0,100.0,0.001199,1
6322,trafo,514,trafo_154/66kV,4763,4764,154.0,100.0,0.001199,0
6323,trafo,515,trafo_154/66kV,4766,4767,154.0,100.0,0.001199,0
6324,trafo,516,trafo_500/275kV,4769,4770,500.0,952.63,0.000126,0
6325,trafo,517,trafo_275/66kV,4770,4771,275.0,100.0,0.001199,0
6326,trafo,518,trafo_154/66kV,4780,4781,154.0,100.0,0.001199,0
6327,trafo,519,trafo_154/66kV,4782,4783,154.0,100.0,0.001199,0
6328,trafo,520,trafo_500/275kV,4791,4792,500.0,952.63,0.000126,0
6329,trafo,521,trafo_154/66kV,4799,4800,154.0,100.0,0.001199,0
6330,trafo,522,trafo_154/66kV,4801,4802,154.0,100.0,0.001199,0
6331,trafo,523,trafo_275/66kV,4806,4807,275.0,100.0,0.001199,0
6332,trafo,524,trafo_500/66kV,4811,4812,500.0,100.0,0.001199,0
6333,trafo,525,trafo_500/66kV,4816,4817,500.0,100.0,0.001199,0
6334,trafo,526,trafo_500/66kV,4819,4820,500.0,100.0,0.001199,0
6335,trafo,527,trafo_275/66kV,4828,4829,275.0,100.0,0.001199,0
6336,trafo,528,trafo_154/66kV,4849,4850,154.0,100.0,0.001199,0
6337,trafo,529,trafo_154/66kV,4865,4866,154.0,100.0,0.001199,1
6338,trafo,530,trafo_154/66kV,4881,4882,154.0,100.0,0.001199,0
6339,trafo,531,trafo_154/66kV,4888,4889,154.0,100.0,0.001199,0
6340,trafo,532,trafo_275/66kV,4916,4917,275.0,100.0,0.001199,0
6341,trafo,533,trafo_275/154kV,4922,4923,275.0,266.74,0.000449,0
6342,trafo,534,trafo_154/66kV,4923,4924,154.0,100.0,0.001199,0
6343,trafo,535,trafo_500/66kV,4925,4926,500.0,100.0,0.001199,0
6344,trafo,536,trafo_154/66kV,4937,4938,154.0,100.0,0.001199,0
6345,trafo,537,trafo_154/66kV,4941,4942,154.0,100.0,0.001199,0
6346,trafo,538,trafo_500/275kV,4953,4954,500.0,952.63,0.000126,0
6347,trafo,539,trafo_275/154kV,4954,4955,275.0,266.74,0.000449,0
6348,trafo,540,trafo_154/66kV,4955,4956,154.0,100.0,0.001199,0
6349,trafo,541,trafo_500/275kV,4957,4958,500.0,952.63,0.000126,0
6350,trafo,542,trafo_154/66kV,4964,4965,154.0,100.0,0.001199,0
6351,trafo,543,trafo_154/66kV,4966,4967,154.0,100.0,0.001199,0
6352,trafo,544,trafo_154/66kV,4968,4969,154.0,100.0,0.001199,0
6353,trafo,545,trafo_500/275kV,4970,4971,500.0,952.63,0.000126,0
6354,trafo,546,trafo_275/154kV,4971,4972,275.0,266.74,0.000449,0
6355,trafo,547,trafo_275/154kV,4973,4974,275.0,266.74,0.000449,0
6356,trafo,548,trafo_154/66kV,4974,4975,154.0,100.0,0.001199,0
6357,trafo,549,trafo_275/154kV,4976,4977,275.0,266.74,0.000449,0
6358,trafo,550,trafo_154/66kV,4978,4979,154.0,100.0,0.001199,0
6359,trafo,551,trafo_154/66kV,4980,4981,154.0,100.0,0.001199,0
6360,trafo,552,trafo_154/66kV@nameplate,4985,4986,154.0,150.0,0.000799,0
6361,trafo,553,trafo_500/66kV,4987,4988,500.0,100.0,0.001199,0
6362,trafo,554,trafo_500/154kV,4989,4990,500.0,266.74,0.000449,0
6363,trafo,555,trafo_275/154kV,4991,4992,275.0,266.74,0.000449,0
6364,trafo,556,trafo_154/66kV,4992,4993,154.0,100.0,0.001199,0
6365,trafo,557,trafo_275/154kV,4994,4995,275.0,266.74,0.000449,0
6366,trafo,558,trafo_154/66kV,4995,4996,154.0,100.0,0.001199,0
6367,trafo,559,trafo_154/66kV,4997,4998,154.0,100.0,0.001199,0
6368,trafo,560,trafo_500/275kV,4999,5000,500.0,952.63,0.000126,0
6369,trafo,561,trafo_275/66kV,5001,5002,275.0,100.0,0.001199,0
6370,trafo,562,trafo_154/66kV,5007,5008,154.0,100.0,0.001199,0
6371,trafo,563,trafo_154/66kV,5010,5011,154.0,100.0,0.001199,0
6372,trafo,564,trafo_154/66kV,5013,5014,154.0,100.0,0.001199,0
6373,trafo,565,trafo_500/66kV,5015,5016,500.0,100.0,0.001199,0
6374,trafo,566,trafo_275/154kV,5017,5018,275.0,266.74,0.000449,0
6375,trafo,567,trafo_500/66kV,5019,5020,500.0,100.0,0.001199,0
6376,trafo,568,trafo_154/66kV,5028,5029,154.0,100.0,0.001199,0
6377,trafo,569,trafo_154/66kV,5031,5032,154.0,100.0,0.001199,0
6378,trafo,570,trafo_154/66kV,5034,5035,154.0,100.0,0.001199,0
6379,trafo,571,trafo_275/66kV,5040,5041,275.0,100.0,0.001199,0
6380,trafo,572,trafo_154/66kV,5043,5044,154.0,100.0,0.001199,0
6381,trafo,573,trafo_154/66kV,5045,5046,154.0,100.0,0.001199,0
6382,trafo,574,trafo_154/66kV,5049,5050,154.0,100.0,0.001199,0
6383,trafo,575,trafo_154/66kV,5051,5052,154.0,100.0,0.001199,0
6384,trafo,576,trafo_275/66kV,5064,5065,275.0,100.0,0.001199,0
6385,trafo,577,trafo_275/66kV,5066,5067,275.0,100.0,0.001199,0
6386,trafo,578,trafo_500/66kV,5079,5080,500.0,100.0,0.001199,0
6387,trafo,579,trafo_275/66kV,5082,5083,275.0,100.0,0.001199,0
6388,trafo,580,trafo_275/66kV,5087,5088,275.0,100.0,0.001199,0
6389,trafo,581,trafo_275/66kV,5092,5093,275.0,100.0,0.001199,0
6390,trafo,582,trafo_275/66kV,5095,5096,275.0,100.0,0.001199,0
6391,trafo,583,trafo_275/66kV,5097,5098,275.0,100.0,0.001199,0
6392,trafo,584,trafo_154/66kV,5099,5100,154.0,100.0,0.001199,0
6393,trafo,585,trafo_275/154kV,5111,5112,275.0,266.74,0.000449,0
6394,trafo,586,trafo_154/66kV,5112,5113,154.0,100.0,0.001199,0
6395,trafo,587,trafo_154/66kV,5118,5119,154.0,100.0,0.001199,0
6396,trafo,588,trafo_154/66kV,5128,5129,154.0,100.0,0.001199,0
6397,trafo,589,trafo_154/66kV,5138,5139,154.0,100.0,0.001199,0
6398,trafo,590,trafo_275/154kV,5141,5142,275.0,266.74,0.000449,0
6399,trafo,591,trafo_154/66kV,5142,5143,154.0,100.0,0.001199,0
6400,trafo,592,trafo_275/66kV,5158,5159,275.0,100.0,0.001199,0
6401,trafo,593,trafo_500/154kV,5166,5167,500.0,266.74,0.000449,0
6402,trafo,594,trafo_154/66kV,5167,5168,154.0,100.0,0.001199,1
6403,trafo,595,trafo_154/66kV,5173,5174,154.0,100.0,0.001199,0
6404,trafo,596,trafo_275/66kV,5179,5180,275.0,100.0,0.001199,0
6405,trafo,597,trafo_154/66kV,5181,5182,154.0,100.0,0.001199,0
6406,trafo,598,trafo_154/66kV,5183,5184,154.0,100.0,0.001199,0
6407,trafo,599,trafo_154/66kV,5193,5194,154.0,100.0,0.001199,0
6408,trafo,600,trafo_154/66kV,5200,5201,154.0,100.0,0.001199,0
6409,trafo,601,trafo_275/154kV,5217,5218,275.0,266.74,0.000449,0
6410,trafo,602,trafo_154/66kV,5221,5222,154.0,100.0,0.001199,0
6411,trafo,603,trafo_154/66kV,5224,5225,154.0,100.0,0.001199,0
6412,trafo,604,trafo_154/66kV,5237,5238,154.0,100.0,0.001199,0
6413,trafo,605,trafo_154/66kV,5239,5240,154.0,100.0,0.001199,0
6414,trafo,606,trafo_154/66kV,5241,5242,154.0,100.0,0.001199,0
6415,trafo,607,trafo_500/154kV,5253,5254,500.0,266.74,0.000449,0
6416,trafo,608,trafo_154/66kV,5257,5258,154.0,100.0,0.001199,0
6417,trafo,609,trafo_154/66kV,5271,5272,154.0,100.0,0.001199,0
6418,trafo,610,trafo_154/66kV,5273,5274,154.0,100.0,0.001199,0
6419,trafo,611,trafo_275/66kV,5280,5281,275.0,100.0,0.001199,0
6420,trafo,612,trafo_275/154kV,5284,5285,275.0,266.74,0.000449,0
6421,trafo,613,trafo_154/66kV,5285,5286,154.0,100.0,0.001199,0
6422,trafo,614,trafo_154/66kV,5297,5298,154.0,100.0,0.001199,1
6423,trafo,615,trafo_154/66kV,5306,5307,154.0,100.0,0.001199,0
6424,trafo,616,trafo_275/66kV,5313,5314,275.0,100.0,0.001199,0
6425,trafo,617,trafo_154/66kV,5319,5320,154.0,100.0,0.001199,0
6426,trafo,618,trafo_154/66kV,5322,5323,154.0,100.0,0.001199,0
6427,trafo,619,trafo_500/66kV,5336,5337,500.0,100.0,0.001199,0
6428,trafo,620,trafo_154/66kV,5352,5353,154.0,100.0,0.001199,0
6429,trafo,621,trafo_154/66kV,5355,5356,154.0,100.0,0.001199,0
6430,trafo,622,trafo_154/66kV,5358,5359,154.0,100.0,0.001199,0
6431,trafo,623,trafo_154/66kV,5362,5363,154.0,100.0,0.001199,0
6432,trafo,625,trafo_154/66kV,5379,5380,154.0,100.0,0.001199,0
6433,trafo,626,trafo_154/66kV,5381,5382,154.0,100.0,0.001199,0
6434,trafo,627,trafo_154/66kV,5385,5386,154.0,100.0,0.001199,0
6435,trafo,628,trafo_154/66kV,5389,5390,154.0,100.0,0.001199,1
6436,trafo,629,trafo_154/66kV,5391,5392,154.0,100.0,0.001199,0
