row,element,element_id,name,from_ppc_bus,to_ppc_bus,kv,capacity_mva,x_pu,is_bridge
0,line,25,東京送電線_111,1118,1119,110.0,171.47,9.8e-05,1
1,line,36,小海町変電所~川上村変電所線,2161,2160,77.0,93.36,0.000683,1
2,line,50,東京送電線_263,436,1231,77.0,93.36,1.9e-05,1
3,line,52,東京送電線_269,755,1294,77.0,93.36,1.9e-05,1
4,line,53,tokyo_line_4027,1115,635,154.0,266.74,1.9e-05,0
5,line,54,tokyo_line_4028,1115,731,154.0,266.74,1.3e-05,0
6,line,55,tokyo_line_4037,35,1381,66.0,137.18,0.000367,1
7,line,56,tokyo_line_4038,35,1332,66.0,68.59,7.7e-05,1
8,line,57,tokyo_line_4042,39,1247,77.0,93.36,0.000175,0
9,line,58,tokyo_line_4047,241,533,154.0,266.74,1.5e-05,1
10,line,59,tokyo_line_4049,788,789,110.0,342.95,2.9e-05,1
11,line,62,tokyo_line_4057,580,87,275.0,266.74,0.000595,0
12,line,63,tokyo_line_4058,1104,326,77.0,186.72,0.000175,1
13,line,64,tokyo_line_4059,725,1110,154.0,266.74,9e-06,1
14,line,65,tokyo_line_4061,729,1117,110.0,171.47,7.9e-05,1
15,line,68,tokyo_line_4065,1320,40,500.0,3464.1,3e-06,1
16,line,70,tokyo_line_4070,776,351,77.0,93.36,0.00057,0
17,line,71,tokyo_line_4076,496,817,77.0,93.36,0.000148,1
18,line,72,tokyo_line_4077,491,823,77.0,93.36,0.000328,1
19,line,73,tokyo_line_4081,834,822,77.0,93.36,0.000245,0
20,line,74,tokyo_line_4082,750,837,77.0,93.36,1.1e-05,1
21,line,78,tokyo_line_4147,761,1063,66.0,68.59,0.002224,0
22,line,79,tokyo_line_4161,1246,1247,77.0,93.36,0.00028,0
23,line,80,tokyo_line_4163,1247,2371,77.0,93.36,0.000204,1
24,line,81,tokyo_line_4211,337,339,154.0,266.74,1e-06,1
25,line,82,tokyo_line_4214,1120,531,110.0,171.47,4.9e-05,1
26,line,83,leadin,1358,5,66.0,137.18,4.9e-05,1
27,line,84,正法寺新長浜線,1358,1353,66.0,137.18,3.5e-05,1
28,line,85,leadin,1353,890,66.0,137.18,2.9e-05,0
29,line,86,伊吹新長浜線,1353,6,66.0,137.18,0.00032,1
30,line,87,新長浜支線,0,1,77.0,280.07,4.5e-05,0
31,line,88,新長浜変電所~長浜変電所線,0,7,77.0,93.36,7.6e-05,1
32,line,89,新長浜支線,0,1352,77.0,466.79,8e-06,0
33,line,90,新長浜支線,1,2,77.0,280.07,2.1e-05,0
34,line,91,中部送電線_1,1,1360,77.0,186.72,1.3e-05,0
35,line,92,新長浜支線,2,3,77.0,280.07,9e-05,1
36,line,93,高月町変電所~小沢変電所線,2,1037,77.0,186.72,0.000238,0
37,line,94,湖東新長浜線,4,2098,77.0,186.72,0.000193,0
38,line,95,湖東新長浜線,4,1352,77.0,373.43,1.7e-05,0
39,line,96,新長浜変電所~湖東変電所線,4,1524,77.0,186.72,0.000275,0
40,line,97,東海旅客鉄道 77.0kV線,2098,1791,77.0,93.36,1.9e-05,0
41,line,98,湖東新長浜線,2098,1524,77.0,373.43,2e-05,0
42,line,99,leadin,2098,785,77.0,93.36,8.4e-05,0
43,line,101,毛受分岐線,1362,8,66.0,68.59,5e-06,1
44,line,102,namebind,1362,14,66.0,137.18,5.2e-05,1
45,line,103,起変電所~毛受変電所(Menjo-Hendensho)線,1362,17,66.0,411.54,6.3e-05,0
46,line,105,久居南勢線,9,10,77.0,186.72,0.000237,1
47,line,106,中勢久居線,9,603,77.0,186.72,0.000198,0
48,line,107,近鉄中川分岐線,9,1894,77.0,93.36,5.8e-05,1
49,line,108,中勢三雲線,11,12,77.0,186.72,1e-06,1
50,line,109,中勢三雲線,11,604,77.0,186.72,0.000198,0
51,line,110,三雲鎌田線,11,629,77.0,186.72,0.000221,1
52,line,111,東浦北豊田線,13,1423,275.0,3810.51,1.7e-05,0
53,line,112,中部電力東境変電所~東名古屋変電所線,13,1497,275.0,1905.26,3e-06,0
54,line,113,東浦北豊田線,13,2109,275.0,7621.02,6e-06,0
55,line,114,中部電力パワーグリッド 日進変電所~北豊田変電所 (Kita Toyota Hendensho)線,1423,83,275.0,1905.26,3e-06,0
56,line,115,中部電力パワーグリッド 275.0kV線,1423,66,275.0,5715.77,0.0,0
57,line,118,信楽支線,2321,15,77.0,186.72,0.000441,1
58,line,119,柏木変電所~深川変電所線,15,372,77.0,466.79,5e-05,1
59,line,120,中部電力パワーグリッド 77.0kV線,15,2210,77.0,466.79,3.5e-05,1
60,line,121,菊川変電所~中部電力パワーグリッド 菊川変電所線,1365,2335,77.0,186.72,3.9e-05,1
61,line,122,菊川分岐線,1365,16,77.0,186.72,0.000113,1
62,line,123,新菊川変電所~駿遠変電所線,1364,16,77.0,186.72,0.000103,1
63,line,124,中部電力パワーグリッド 77.0kV線,16,330,77.0,186.72,9.3e-05,1
64,line,125,駿遠変電所~500 kV switching station線,1613,1466,500.0,13856.41,0.0,0
65,line,126,静岡変電所~駿遠変電所線,1613,1903,500.0,6928.2,4e-06,0
66,line,127,駿遠幹線,1613,1369,500.0,13856.41,1.3e-05,0
67,line,128,駿遠変電所~500 kV switching station線,1466,2086,500.0,13856.41,8e-06,0
68,line,129,500 kV switching station~上ノ原変電所線,2086,2103,500.0,10392.3,0.0,0
69,line,132,中部送電線_1023,17,1283,66.0,68.59,5.1e-05,1
70,line,133,起変電所~祖父江町祖父江変電所線,17,2450,66.0,480.12,6e-05,0
71,line,134,長野市変電所~東塩田変電所線,18,19,77.0,186.72,0.000246,1
72,line,135,長野市変電所~東塩田変電所線,19,2464,77.0,186.72,0.000821,0
73,line,136,更埴八幡変電所~長野市変電所線,19,36,77.0,93.36,0.000183,1
74,line,137,更埴八幡変電所~長野市変電所線,19,37,77.0,93.36,0.000129,0
75,line,138,東塩田変電所~御所変電所線,2464,772,77.0,93.36,0.000216,0
76,line,141,中部送電線_37,20,51,154.0,266.74,0.000125,1
77,line,143,岩倉枇杷島線 (Iwakura Biwajima Sen),1367,1645,77.0,746.86,3.9e-05,0
78,line,144,岩倉北一宮-1,1367,1577,77.0,186.72,0.000104,0
79,line,145,岩倉枇杷島線 (Iwakura Biwajima Sen),1645,414,77.0,373.43,5e-06,1
80,line,146,名北変電所~楠町変電所線,1645,126,77.0,373.43,4.6e-05,0
81,line,147,岩倉枇杷島線 (Iwakura Biwajima Sen),1645,1496,77.0,560.15,3.9e-05,0
82,line,148,楠町変電所~新福寺町二丁目変電所線,1645,1622,77.0,186.72,0.00011,0
83,line,149,岩倉稲沢線 (Iwakura Inazawa Sen),1366,21,154.0,1600.41,1e-06,1
84,line,150,岩倉北一宮線,1366,53,154.0,533.47,2.2e-05,0
85,line,151,岩倉稲沢線,1366,2444,154.0,1600.41,1e-05,0
86,line,152,犬山岩倉線 (Inuyama Iwakura Sen),1366,267,154.0,533.47,2.2e-05,0
87,line,153,岩倉北一宮-2,1577,1368,77.0,186.72,5.8e-05,0
88,line,154,川口町五丁目変電所~新居町五丁目変電所線,1443,2430,154.0,266.74,6.8e-05,0
89,line,155,碧南岡崎線,1443,2238,154.0,266.74,0.000149,0
90,line,156,川口町五丁目変電所~新居町五丁目変電所線,2430,22,154.0,266.74,9.5e-05,0
91,line,157,新居町五丁目変電所~一本木町一丁目変電所線,22,2403,154.0,266.74,1.4e-05,0
92,line,158,新居町五丁目変電所~南起変電所線,22,2311,154.0,266.74,1.4e-05,0
93,line,159,leadin,23,2427,275.0,952.63,1.2e-05,0
94,line,160,上矢田町変電所~吉良町中野変電所線,23,24,275.0,7621.02,2e-06,0
95,line,161,上矢田町変電所~川口町五丁目変電所線,23,1442,275.0,952.63,2.6e-05,0
96,line,162,南安城分岐線,2238,138,154.0,266.74,7.6e-05,0
97,line,163,依佐美変電所~南安城変電所線,2238,322,154.0,1066.94,3.1e-05,0
98,line,164,石井町変電所~南安城変電所線,2238,1290,154.0,533.47,2.4e-05,0
99,line,165,leadin,24,2148,275.0,952.63,8e-06,1
100,line,166,上矢田町変電所~吉良町中野変電所線,24,25,275.0,7621.02,1e-06,0
101,line,167,吉良町中野変電所~幸田変電所線,25,1350,275.0,1905.26,3e-05,0
102,line,168,中部送電線_28,25,1323,275.0,3810.51,1e-06,0
103,line,169,新居町五丁目変電所~一本木町一丁目変電所線,2403,1608,154.0,266.74,1.1e-05,0
104,line,170,一本木町一丁目変電所~住吉町五丁目変電所線,1608,804,154.0,266.74,3.6e-05,0
105,line,171,新居町五丁目変電所~南起変電所線,2311,2055,154.0,266.74,4.5e-05,0
106,line,172,新居町五丁目変電所~南起変電所線,2055,389,154.0,533.47,7.8e-05,0
107,line,173,大和起線,1368,1361,77.0,93.36,0.000328,0
108,line,174,岩倉北一宮-2,1368,2475,77.0,186.72,3.6e-05,0
109,line,175,中部電力パワーグリッド 77.0kV線,26,2388,77.0,93.36,0.0002,0
110,line,176,中部電力パワーグリッド（株）大須賀変電所~上ノ原変電所線,26,432,77.0,186.72,0.000211,0
111,line,177,namebind,26,2105,77.0,186.72,0.000205,0
112,line,178,中部電力パワーグリッド 77.0kV線,2388,2105,77.0,93.36,4.1e-05,0
113,line,179,中部電力パワーグリッド 500.0kV線,2103,2386,500.0,6928.2,0.0,0
114,line,180,電源名古屋~瀬戸変電所線,1421,1969,275.0,3810.51,6e-06,0
115,line,181,愛知変電所~電源名古屋線,1421,71,275.0,3810.51,2.8e-05,0
116,line,182,電源名古屋~犬山変電所線,1421,1590,275.0,1905.26,1.6e-05,0
117,line,183,電源名古屋~瀬戸変電所線,1969,1425,275.0,3810.51,1.9e-05,0
118,line,184,北豊田変電所 (Kita Toyota Hendensho)~瀬戸変電所線,1425,66,275.0,1905.26,1.7e-05,0
119,line,185,瀬戸変電所~愛知変電所線,1425,1481,275.0,1905.26,3.7e-05,0
120,line,190,敦賀変電所~樋ノ水町変電所線,1371,27,154.0,266.74,5.1e-05,0
121,line,191,敦賀連絡線,1371,669,154.0,533.47,1.7e-05,0
122,line,192,敦賀変電所~樋ノ水町変電所線,27,669,154.0,266.74,9.4e-05,0
123,line,193,敦賀変電所~樋ノ水町変電所線,27,1044,154.0,266.74,8.2e-05,0
124,line,194,東紡線;第二東紡線,1371,2432,275.0,2133.89,3e-06,0
125,line,195,東紡線,2432,1045,275.0,1905.26,2e-06,1
126,line,196,第二東紡線,2432,1295,275.0,1905.26,5e-06,1
127,line,199,小海町変電所~東京電力海瀬発電所線,2317,2318,77.0,93.36,0.000132,1
128,line,200,小海町変電所~東京電力海瀬発電所線,2318,1374,77.0,93.36,7.4e-05,1
129,line,201,小海町変電所~東京電力海瀬発電所線,1374,2319,77.0,93.36,0.000262,1
130,line,202,小海町変電所~東京電力海瀬発電所線,2319,2130,77.0,93.36,0.000182,1
131,line,203,東京電力海瀬発電所~大字御代田変電所線,2130,28,77.0,186.72,0.000586,1
132,line,204,小諸市変電所~大字御代田変電所線,28,437,77.0,93.36,0.000463,1
133,line,205,小諸市変電所~大字御代田変電所線,28,763,77.0,93.36,5.5e-05,1
134,line,206,田中変電所~中部電力パワーグリッド 川中島変電所線,29,1348,77.0,746.86,4e-06,1
135,line,207,田中変電所~中部電力パワーグリッド 川中島変電所線,1348,1376,77.0,373.43,3e-06,1
136,line,208,田中変電所~中部電力パワーグリッド 川中島変電所線,1376,30,77.0,373.43,2.9e-05,1
137,line,209,田中変電所~中部電力パワーグリッド 川中島変電所線,30,1385,77.0,373.43,9.2e-05,0
138,line,210,稲田四丁目変電所~田中変電所線,30,31,77.0,373.43,0.000107,0
139,line,211,長野市変電所~中部電力パワーグリッド 川中島変電所線,1385,39,77.0,93.36,0.000369,0
140,line,212,大字須坂変電所~稲田四丁目変電所線,1378,31,77.0,186.72,0.000212,1
141,line,213,中部電力パワーグリッド 77.0kV線,31,1379,77.0,373.43,1.6e-05,0
142,line,214,新北信変電所~中郷区坂本変電所線,1579,259,275.0,1905.26,0.000134,1
143,line,215,新北信変電所~東信変電所線,1579,1639,275.0,3810.51,5e-05,0
144,line,216,稲田四丁目変電所~小玉変電所線,1379,32,77.0,186.72,9.1e-05,1
145,line,217,新北信変電所~稲田四丁目変電所線,1379,1943,77.0,373.43,5.8e-05,0
146,line,218,稲田四丁目変電所~東長野変電所 (Higashi-Nagano Hendensho)線,1379,1380,77.0,186.72,5.2e-05,1
147,line,219,稲田四丁目変電所~小玉変電所線,32,33,77.0,186.72,0.000217,1
148,line,220,長野市変電所~中越一丁目変電所線,32,1326,77.0,186.72,0.000252,1
149,line,221,中部電力パワーグリッド 77.0kV線,33,497,77.0,373.43,0.000118,1
150,line,222,中部電力パワーグリッド 77.0kV線,33,1789,77.0,186.72,2.9e-05,1
151,line,223,新北信変電所~稲田四丁目変電所線,34,1943,77.0,373.43,8.4e-05,0
152,line,224,中部電力パワーグリッド 77.0kV線,34,1580,77.0,373.43,3.6e-05,0
153,line,225,中部電力パワーグリッド 77.0kV線,34,427,77.0,186.72,0.000638,1
154,line,226,長野市変電所~新諏訪一丁目変電所線,1382,35,275.0,1905.26,9e-06,1
155,line,227,長野市変電所~新諏訪一丁目変電所線,1381,2113,66.0,137.18,0.000118,1
156,line,228,新諏訪一丁目変電所~根上変電所線,2113,2112,66.0,68.59,0.000899,1
157,line,229,中部送電線_1088,2113,1303,66.0,68.59,0.000154,1
158,line,230,更埴八幡変電所~日陰変電所線,36,2116,77.0,93.36,0.000746,1
159,line,231,中部送電線_312,36,794,77.0,93.36,4.1e-05,1
160,line,232,更埴八幡変電所~長野市変電所線,37,1383,77.0,93.36,0.000169,0
161,line,233,中部送電線_960,37,2369,77.0,93.36,0.000129,0
162,line,234,長野市変電所~中部電力パワーグリッド 川中島変電所線,1383,38,77.0,93.36,0.000194,0
163,line,235,中部送電線_279,38,748,77.0,93.36,8e-06,1
164,line,236,長野市変電所~中部電力パワーグリッド 川中島変電所線,38,39,77.0,93.36,3.2e-05,0
165,line,237,新屋代補助き電区分所~中部電力パワーグリッド(株) 屋代変電所線,38,2369,77.0,93.36,0.000441,0
166,line,238,新豊根佐久間線,2024,2022,275.0,1905.26,9e-06,0
167,line,239,新豊根東栄線,2024,1370,275.0,952.63,4.6e-05,0
168,line,240,佐久間周波数変換所連絡線,2022,2231,275.0,2857.88,0.0,0
169,line,241,東部変電所~下津具変電所線,2022,1428,275.0,1905.26,0.000145,0
170,line,242,namebind,2022,1061,275.0,2857.88,4.9e-05,0
171,line,243,佐久間周波数変換所~川根変電所線,2022,1623,275.0,1905.26,6.9e-05,0
172,line,244,下黒川変電所~静岡変電所線,1388,1322,500.0,27712.81,0.0,0
173,line,245,中部電力(株)豊根開閉所~門前変電所線,1388,1369,500.0,6928.2,6e-06,0
174,line,246,南信幹線,1388,40,500.0,6928.2,2.8e-05,0
175,line,247,東部変電所~門前変電所線,1369,1427,500.0,13856.41,1.2e-05,0
176,line,248,下黒川変電所~静岡変電所線,1322,1903,500.0,13856.41,1.4e-05,0
177,line,249,豊根幹線,1322,1480,500.0,13856.41,1.2e-05,0
178,line,250,上ノ原変電所~静岡変電所線,1903,90,500.0,13856.41,2e-06,0
179,line,251,佐久間周波数変換所連絡線,2231,1419,275.0,1905.26,2e-06,0
180,line,252,南信幹線,40,1598,500.0,6928.2,1.2e-05,0
181,line,253,信濃幹線,1598,1605,500.0,13856.41,1.3e-05,0
182,line,254,豊島福江線,1850,1849,77.0,186.72,0.000206,1
183,line,255,豊島福江線,1850,1852,77.0,186.72,0.000435,1
184,line,256,豊橋新本町線,1833,41,77.0,93.36,8.2e-05,0
185,line,257,豊橋牟呂線,1833,159,77.0,186.72,6.1e-05,0
186,line,258,幸田変電所~豊橋変電所線,1833,166,77.0,93.36,0.000183,0
187,line,259,玉川豊橋線,1833,1483,77.0,93.36,0.000363,0
188,line,260,namebind,1833,1883,77.0,93.36,0.00022,0
189,line,261,東田分岐線,41,103,77.0,93.36,0.000325,0
190,line,262,豊橋新本町線,41,567,77.0,93.36,0.000109,1
191,line,263,中部電力パワーグリッド 100.0kV線,2039,42,110.0,171.47,0.0001,1
192,line,264,中部電力パワーグリッド 100.0kV線,42,43,110.0,171.47,6.5e-05,0
193,line,265,Abe~田町一丁目変電所線,42,535,110.0,342.95,3e-05,0
194,line,266,Suruga~田町一丁目変電所線,42,532,110.0,342.95,6e-05,0
195,line,267,田町一丁目変電所~Suruga線,43,84,110.0,171.47,6.1e-05,0
196,line,268,中部電力パワーグリッド 100.0kV線,43,741,110.0,171.47,4e-05,1
197,line,269,Gifu Substation~愛知変電所線,1480,1450,500.0,20784.61,1.6e-05,0
198,line,271,中部電力パワーグリッド 日進変電所~中電猪高変電所線,1494,1391,154.0,266.74,0.0001,0
199,line,272,中部電力パワーグリッド 日進変電所~中部電力（株）豊明変電所線,1494,2330,154.0,1066.94,1.6e-05,0
200,line,273,中部電力パワーグリッド 日進変電所~愛知変電所線,1494,122,154.0,533.47,5.9e-05,0
201,line,274,有松変電所~中部電力パワーグリッド 日進変電所線,1494,406,154.0,1066.94,5e-06,0
202,line,275,春日井変電所~中電猪高変電所線,1391,356,154.0,266.74,7.7e-05,0
203,line,276,中部送電線_27,44,45,77.0,93.36,0.000173,1
204,line,277,富士市変電所~富士川第一変電所線,45,738,77.0,186.72,0.000231,1
205,line,278,富士市変電所~富士川第一変電所線,45,2462,77.0,93.36,0.000546,1
206,line,279,中部電力パワーグリッド 275.0kV線,1392,46,275.0,952.63,1.5e-05,0
207,line,280,namebind,1392,102,275.0,952.63,3.3e-05,1
208,line,281,静岡変電所~Suruga線,46,85,275.0,5715.77,1.8e-05,0
209,line,282,静岡変電所~Suruga線,46,1462,275.0,5715.77,9e-06,0
210,line,283,中部電力パワーグリッド 100.0kV線,47,1393,110.0,342.95,8.8e-05,0
211,line,284,Abe~田町一丁目変電所線,47,535,110.0,342.95,9.4e-05,0
212,line,285,駿河区変電所~Abe線,47,69,110.0,171.47,3.7e-05,1
213,line,286,中部電力パワーグリッド 100.0kV線,1393,258,110.0,171.47,0.000338,1
214,line,287,中部電力パワーグリッド 100.0kV線,1393,535,110.0,171.47,9e-05,0
215,line,288,佐久変電所~信濃変電所線,1697,1606,275.0,2857.88,6.6e-05,0
216,line,289,中信変電所~信濃変電所線,1606,1746,275.0,1905.26,2.3e-05,0
217,line,290,浅間温泉一丁目変電所~信濃変電所線,1606,48,275.0,1905.26,6.8e-05,0
218,line,291,諏訪変電所~塩尻送電所線,1386,2020,154.0,266.74,2e-06,0
219,line,292,諏訪変電所~塩尻送電所線,2020,1747,154.0,266.74,0.000265,0
220,line,293,諏訪変電所~ちの変電所線,2021,1387,77.0,280.07,3e-06,0
221,line,294,諏訪変電所~ちの変電所線,1387,1583,77.0,186.72,0.000644,0
222,line,295,新坂城変電所~北松本変電所線,2169,48,275.0,1905.26,4.9e-05,0
223,line,296,東信変電所~新坂城変電所線,2169,1639,275.0,952.63,6.7e-05,0
224,line,297,中部電力パワーグリッド 275.0kV線,48,1394,275.0,952.63,1.8e-05,0
225,line,298,中部電力パワーグリッド 77.0kV線,1684,735,77.0,93.36,2.5e-05,1
226,line,299,中部電力パワーグリッド 77.0kV線,1684,775,77.0,93.36,2e-05,1
227,line,300,岡谷変電所~中信変電所線,1684,49,77.0,186.72,0.000162,0
228,line,301,下諏訪変電所~岡谷変電所線,1684,1582,77.0,186.72,0.000172,1
229,line,302,中部電力パワーグリッド 77.0kV線,1684,408,77.0,93.36,0.000102,0
230,line,303,岡谷変電所~中信変電所線,49,1748,77.0,186.72,0.000218,0
231,line,304,中部送電線_769,49,1127,77.0,186.72,2.8e-05,1
232,line,305,額田幸田線,1350,1439,275.0,952.63,6.2e-05,0
233,line,306,幸田新三河線,1350,75,275.0,952.63,3.2e-05,0
234,line,307,中部電力パワーグリッド 275.0kV線,1350,671,275.0,952.63,9e-06,0
235,line,308,中部送電線_28,1978,1323,275.0,3810.51,0.0,0
236,line,309,西尾変電所~吉良町中野変電所線,1978,898,275.0,1905.26,5e-06,0
237,line,310,namebind,1323,898,275.0,952.63,2.2e-05,0
238,line,311,足近町一丁目変電所~六条大溝二丁目変電所線,1396,50,154.0,266.74,2.8e-05,0
239,line,312,namebind,1396,1416,154.0,266.74,8.4e-05,0
240,line,313,中部送電線_29,50,51,154.0,266.74,4.8e-05,0
241,line,314,中部送電線_308,50,790,154.0,266.74,8e-06,1
242,line,315,中部送電線_35,51,1415,154.0,266.74,2.1e-05,0
243,line,316,中部送電線_34,1397,52,154.0,533.47,1.3e-05,1
244,line,317,北一宮加納線 (Kita Ichinomiya Kanō Sen),1397,1399,154.0,266.74,0.000105,0
245,line,318,中部送電線_70,1397,286,154.0,533.47,1.5e-05,1
246,line,319,岩倉北一宮線;岩倉北一宮-4,1397,53,154.0,1066.94,2.3e-05,0
247,line,320,北一宮加納線 (Kita Ichinomiya Kanō Sen),1399,1415,154.0,266.74,5.8e-05,0
248,line,321,leadin,53,2500,154.0,266.74,2.6e-05,1
249,line,322,北一宮加納線 (Kita Ichinomiya Kanō Sen),1401,1415,154.0,533.47,1.2e-05,0
250,line,323,西濃加納線,1401,1409,154.0,1066.94,1.5e-05,0
251,line,324,南近江線,54,1473,500.0,13856.41,1.6e-05,1
252,line,325,山城東線,1473,97,500.0,13856.41,1.3e-05,1
253,line,326,東近江開閉所~三重開閉所線,1473,1472,500.0,6928.2,1.1e-05,0
254,line,327,西浅井町塩津浜変電所~東近江開閉所線,1473,881,500.0,13856.41,2.5e-05,1
255,line,328,北岐阜変電所 (Kita Gifu Hendensho)~鵜沼川崎町変電所線,1529,55,77.0,93.36,0.000194,0
256,line,329,北岐阜変電所 (Kita Gifu Hendensho)~鵜沼川崎町変電所線,55,2140,77.0,93.36,0.000748,1
257,line,330,北岐阜北町線,55,1989,77.0,186.72,0.000159,0
258,line,331,leadin,1647,2489,275.0,952.63,6e-06,0
259,line,332,西部西濃線,1647,56,275.0,3810.51,3e-06,0
260,line,333,西部西濃線,1647,1406,275.0,3810.51,8e-06,0
261,line,334,中部送電線_858,56,2332,275.0,1905.26,2e-06,1
262,line,335,西部西濃線,56,1471,275.0,3810.51,2.2e-05,0
263,line,336,中部電力パワーグリッド 154.0kV線,57,1407,154.0,1600.41,4e-06,0
264,line,337,中部電力パワーグリッド 154.0kV線,57,61,154.0,266.74,1.4e-05,0
265,line,338,中部送電線_38,57,2361,154.0,800.21,2.4e-05,0
266,line,339,西濃加納線,1407,240,154.0,2133.89,8e-06,0
267,line,340,北方開閉所 (Kitakata Kaiheisho)~下大榑新田変電所線,1552,2468,154.0,1066.94,2.7e-05,0
268,line,341,東海幹線,1552,1648,154.0,1600.41,3e-05,0
269,line,342,小坂町小坂町変電所~北方開閉所 (Kitakata Kaiheisho)線,1552,95,154.0,1600.41,7e-06,0
270,line,343,北方開閉所 (Kitakata Kaiheisho)~関市変電所線,1552,360,154.0,1066.94,0.000105,0
271,line,344,中勢亀山線,2468,311,154.0,1600.41,0.000123,0
272,line,345,東海幹線,1648,58,154.0,1600.41,4e-06,0
273,line,346,東海幹線,58,59,154.0,1600.41,5.9e-05,0
274,line,347,青野町変電所~荒尾町変電所線,58,1539,154.0,266.74,1.9e-05,0
275,line,348,東海幹線,59,60,154.0,1600.41,8e-06,0
276,line,349,新長浜変電所~湖東変電所線,59,170,154.0,1066.94,4.1e-05,0
277,line,350,東海幹線,60,1523,154.0,533.47,6e-06,0
278,line,351,高宮変電所~湖東変電所線,60,176,154.0,533.47,6.8e-05,0
279,line,352,加納変電所 (Kanō Hendensho)~本荘中ノ町一丁目変電所線,1400,361,275.0,2857.88,5e-06,0
280,line,353,日置江八丁目変電所~野白新田変電所線,2469,1414,77.0,93.36,0.000165,0
281,line,354,野白新田変電所~穂積変電所線,2469,1410,77.0,186.72,0.000144,0
282,line,355,中部送電線_929,2361,1239,154.0,1066.94,1e-06,0
283,line,356,中部送電線_39,61,62,154.0,266.74,1.7e-05,0
284,line,357,北岐阜変電所 (Kita Gifu Hendensho)~西濃変電所線,61,1993,154.0,533.47,0.000113,0
285,line,358,namebind,62,1983,154.0,266.74,8.8e-05,0
286,line,359,揖斐変電所~西濃変電所線,62,2359,154.0,1333.68,1.7e-05,0
287,line,360,丸山幹線,1402,1413,275.0,7621.02,8e-06,0
288,line,361,丸山幹線,1402,1568,275.0,3810.51,3.1e-05,0
289,line,362,関市変電所~関開閉所線,1402,1457,275.0,952.63,3.8e-05,0
290,line,363,関開閉所~白川村変電所線,1402,1554,275.0,3810.51,1e-05,0
291,line,364,北部西濃線,1402,712,275.0,3810.51,1.4e-05,0
292,line,365,北部西濃線,1402,1404,275.0,3810.51,7e-06,0
293,line,366,丸山幹線,1413,1985,275.0,7621.02,1e-06,0
294,line,367,下土居二丁目変電所~御望変電所線,1413,359,275.0,1905.26,7e-06,0
295,line,368,丸山幹線,1985,1982,275.0,7621.02,0.0,0
296,line,369,丸山幹線,1982,1526,275.0,8573.65,3.4e-05,0
297,line,370,甲賀線,1526,197,275.0,3810.51,3.2e-05,1
298,line,371,三橋一丁目変電所~北方開閉所 (Kitakata Kaiheisho)線,1984,63,77.0,186.72,0.000104,0
299,line,372,三橋一丁目変電所~上保変電所線,1984,1986,77.0,186.72,0.000266,0
300,line,373,北方開閉所 (Kitakata Kaiheisho)~穂積変電所線,63,1410,77.0,373.43,9.4e-05,0
301,line,374,leadin,63,1553,77.0,93.36,9.4e-05,0
302,line,375,三重開閉所~西部変電所線,1470,1472,500.0,6928.2,3e-06,0
303,line,376,西部幹線,1470,193,500.0,31176.91,7e-06,0
304,line,377,揖斐洞戸幹線,64,65,500.0,13856.41,6e-06,1
305,line,378,山県市変電所~揖斐変電所線,65,2358,500.0,6928.2,7e-06,0
306,line,379,山県市変電所~本巣市変電所線,65,530,500.0,3464.1,3e-05,0
307,line,380,福寿町平方九丁目変電所~下大榑新田変電所線,1416,2141,154.0,533.47,1e-05,0
308,line,381,福寿町平方九丁目変電所~下大榑新田変電所線,2141,2147,154.0,533.47,7e-06,0
309,line,382,氷取変電所~中須変電所線,2141,813,154.0,2133.89,8e-06,1
310,line,383,福寿町平方九丁目変電所~下大榑新田変電所線,2147,1562,154.0,533.47,4.8e-05,0
311,line,384,下大榑新田変電所~西名古屋変電所線,1562,1475,154.0,266.74,0.00036,0
312,line,385,下大榑新田変電所~大垣変電所 (Ogaki Hendensho)線,1562,1646,154.0,533.47,7.9e-05,0
313,line,386,東部変電所~愛知変電所線,1428,71,275.0,1905.26,2.8e-05,0
314,line,387,610,1428,1686,275.0,1905.26,6.2e-05,0
315,line,388,東豊田額田線,1428,72,275.0,3810.51,1e-05,0
316,line,389,中部電力パワーグリッド 275.0kV線,1428,1630,275.0,1905.26,4.8e-05,0
317,line,390,東部変電所~平戸橋町変電所線,1428,66,275.0,1905.26,3.1e-05,0
318,line,391,新三河幹線,1427,1437,500.0,13856.41,9e-06,0
319,line,392,東部変電所~愛知変電所線,1427,1403,500.0,20784.61,1.5e-05,0
320,line,393,北陸電力送配電 500.0kV線,1431,1701,500.0,3464.1,1e-06,0
321,line,394,加賀変電所~越前変電所線,1431,1739,500.0,20784.61,1.3e-05,0
322,line,395,能登幹線,1431,1354,500.0,13856.41,1.8e-05,0
323,line,396,加賀福光線,1431,1430,500.0,6928.2,7e-06,0
324,line,397,越前変電所~疋田変電所線,1739,2246,500.0,13856.41,2.8e-05,0
325,line,398,友江変電所~越前変電所線,1739,2282,500.0,3464.1,9e-06,0
326,line,399,中能登変電所~南福光変電所線,1354,1430,500.0,13856.41,2e-05,0
327,line,400,志賀中能登線,1354,457,500.0,6928.2,9e-06,1
328,line,401,越美幹線,1430,2257,500.0,13856.41,1.7e-05,0
329,line,402,東長江町変電所~加賀変電所線,2396,2484,154.0,533.47,4e-06,0
330,line,403,中部電力パワーグリッド 154.0kV線,2396,1273,154.0,1066.94,8e-06,1
331,line,404,東長江町変電所~加賀変電所線,2484,67,154.0,533.47,3.3e-05,0
332,line,405,leadin,67,2217,154.0,266.74,2.1e-05,1
333,line,406,東長江町変電所~加賀変電所線,67,1703,154.0,533.47,4.9e-05,0
334,line,407,加賀変電所~南金沢変電所線,1703,1707,154.0,1066.94,4.4e-05,0
335,line,408,中部電力パワーグリッド 100.0kV線,1373,68,110.0,171.47,6.6e-05,0
336,line,409,中部送電線_138,1373,549,110.0,342.95,0.000129,1
337,line,410,大村一丁目変電所~中部電力株式会社　日吉変電所線,1373,788,110.0,514.42,5.8e-05,0
338,line,411,leadin,68,1390,110.0,171.47,8.2e-05,1
339,line,412,中部電力パワーグリッド 100.0kV線,68,69,110.0,171.47,0.00012,0
340,line,413,駿河区変電所~大村一丁目変電所線,69,729,110.0,171.47,0.000101,0
341,line,414,中部電力パワーグリッド 275.0kV線,1434,275,275.0,952.63,2e-06,1
342,line,415,三河線,1434,70,275.0,952.63,1.5e-05,0
343,line,416,湖西三河線,1434,1446,275.0,1905.26,3.6e-05,0
344,line,417,三河遠江線,1434,76,275.0,3810.51,3.1e-05,0
345,line,418,額田三河線,1434,74,275.0,952.63,2.9e-05,0
346,line,419,西日本電線新城線,70,546,275.0,952.63,1.9e-05,0
347,line,420,三河線,70,1438,275.0,952.63,8e-06,0
348,line,421,西日本電線新城線,70,572,275.0,952.63,6e-06,0
349,line,422,愛知変電所~電源名古屋線,71,1481,275.0,3810.51,4e-06,0
350,line,423,612,1686,412,275.0,3810.51,0.0,0
351,line,424,611,1686,1497,275.0,3810.51,9e-06,0
352,line,425,東豊田額田線,1439,72,275.0,3810.51,1.1e-05,0
353,line,426,額田三河線,1439,74,275.0,952.63,6.6e-05,0
354,line,427,中部電力パワーグリッド 275.0kV線,72,1453,275.0,952.63,3e-06,0
355,line,428,花沢変電所~東豊田変電所線,2214,73,77.0,93.36,0.00016,1
356,line,429,花沢変電所~東豊田変電所線,73,1454,77.0,93.36,0.000244,0
357,line,430,花沢変電所~額田開閉所線,73,1441,77.0,186.72,0.000284,0
358,line,431,東豊田変電所~前田町三丁目変電所線,1454,133,77.0,373.43,5.2e-05,0
359,line,432,東豊田変電所~前田町三丁目変電所線,1454,396,77.0,186.72,0.000117,0
360,line,433,寿町変電所~東豊田変電所線,1454,1220,77.0,186.72,0.000353,0
361,line,434,幸田新三河線,1438,74,275.0,952.63,1.9e-05,0
362,line,435,幸田新三河線,74,75,275.0,952.63,5.8e-05,0
363,line,436,羽栗変電所~舞木町変電所線,75,538,275.0,952.63,1e-06,1
364,line,437,田原湖西線,1446,1448,275.0,1905.26,4.3e-05,0
365,line,438,遠江駿遠線,76,77,275.0,1905.26,3.7e-05,0
366,line,439,三河遠江線,76,1559,275.0,952.63,9e-06,0
367,line,440,遠江駿遠線,77,78,275.0,1905.26,4.1e-05,0
368,line,441,大井川笹岡線,77,1886,275.0,952.63,1e-05,0
369,line,442,大井川笹岡線,77,91,275.0,952.63,3e-06,1
370,line,443,静岡変電所~駿遠変電所線,78,87,275.0,1905.26,5e-06,0
371,line,444,中部電力パワーグリッド 275.0kV線,78,1904,275.0,1905.26,6e-06,0
372,line,445,三河植田線,79,80,154.0,533.47,0.000116,0
373,line,446,豊橋電力センター~植田変電所線,79,1858,154.0,533.47,3.7e-05,0
374,line,447,三河植田線,79,1302,154.0,1066.94,2e-06,0
375,line,448,東海鉄道二川線,80,1858,154.0,266.74,8e-05,0
376,line,449,東海鉄道二川線,80,169,154.0,266.74,0.000161,0
377,line,450,渥美田原線,1448,1445,275.0,1905.26,5.7e-05,1
378,line,451,三河遠江線,1559,1460,275.0,1905.26,0.0,0
379,line,452,庄内分岐線,1549,81,154.0,266.74,0.00014,1
380,line,453,遠江浜松線,81,82,154.0,266.74,3.3e-05,0
381,line,454,玉川遠江線,81,205,154.0,533.47,1.5e-05,1
382,line,455,遠江浜松線,81,1461,154.0,266.74,5.4e-05,0
383,line,456,遠江浜松線,1533,82,154.0,266.74,4.1e-05,0
384,line,457,遠江浜松線,1533,199,154.0,266.74,3e-05,0
385,line,458,本田技研浜松線,1533,224,154.0,266.74,2.9e-05,1
386,line,459,遠江高塚線,82,1561,154.0,266.74,0.000116,0
387,line,460,Gifu Substation~北部変電所線,1403,1450,500.0,6928.2,7e-06,0
388,line,461,西部幹線,1403,193,500.0,6928.2,1.3e-05,0
389,line,462,三岐幹線,1450,1472,500.0,20784.61,1.7e-05,0
390,line,463,越美幹線,1450,2257,500.0,13856.41,1.5e-05,0
391,line,464,関市変電所~北部変電所線,1457,1404,275.0,1905.26,2.4e-05,0
392,line,465,46,1457,520,275.0,3810.51,1.4e-05,0
393,line,466,高根町上ケ洞変電所~北部変電所線,1404,314,275.0,6668.4,3.8e-05,0
394,line,467,中部電力パワーグリッド 日進変電所~北豊田変電所 (Kita Toyota Hendensho)線,1493,83,275.0,1905.26,1.8e-05,0
395,line,468,大畑町変電所~中部電力八草変電所線,83,2325,275.0,952.63,6e-06,0
396,line,469,田町一丁目変電所~Suruga線,84,1464,110.0,171.47,0.000141,0
397,line,470,中部送電線_130,84,532,110.0,171.47,4.9e-05,0
398,line,471,namebind,1464,532,110.0,171.47,0.000133,0
399,line,472,静岡変電所~駿遠変電所線,85,1467,275.0,1905.26,1.3e-05,0
400,line,473,中部電力パワーグリッド 275.0kV線,85,1904,275.0,1905.26,4e-06,0
401,line,474,Suruga~葵区変電所線,1462,2034,275.0,1905.26,5e-06,0
402,line,475,中部電力パワーグリッド 77.0kV線,86,1418,77.0,373.43,1.3e-05,0
403,line,476,東清水変電所~富士市変電所線,86,2038,77.0,186.72,4.4e-05,0
404,line,477,東清水変電所~清水変電所線,86,1567,77.0,373.43,0.000104,0
405,line,478,中部電力パワーグリッド 275.0kV線,1467,1614,275.0,1905.26,1e-06,0
406,line,479,静岡変電所~駿遠変電所線,87,1614,275.0,1905.26,6e-06,0
407,line,480,浜岡駿遠線,1614,2387,275.0,3810.51,2.5e-05,0
408,line,481,浜岡駿遠線,2387,2104,275.0,3810.51,1e-06,0
409,line,482,上ノ原変電所~静岡変電所線,88,89,500.0,13856.41,6e-06,0
410,line,483,中部電力パワーグリッド 500.0kV線,88,2386,500.0,13856.41,2e-06,0
411,line,484,中部送電線_711,88,1076,500.0,3464.1,3e-06,0
412,line,485,上ノ原変電所~静岡変電所線,89,90,500.0,13856.41,0.0,0
413,line,486,金谷天王町変電所~大柳南変電所線,89,1092,500.0,13856.41,1e-06,0
414,line,487,中部送電線_725,90,329,500.0,3464.1,0.0,0
415,line,488,船明笹岡線,1886,593,275.0,952.63,1e-05,1
416,line,489,遠江磐田線,1872,1621,77.0,93.36,0.000445,1
417,line,490,小坂町小坂町変電所~北方開閉所 (Kitakata Kaiheisho)線,1626,92,154.0,1600.41,2.6e-05,0
418,line,491,小坂町小坂町変電所~北方開閉所 (Kitakata Kaiheisho)線,92,1451,154.0,1600.41,9.6e-05,0
419,line,492,三ツ渕変電所~旭ケ丘町変電所線,92,1827,154.0,533.47,0.000273,1
420,line,493,三ツ渕変電所~旭ケ丘町変電所線,92,233,154.0,800.21,8.6e-05,0
421,line,494,小坂町小坂町変電所~北方開閉所 (Kitakata Kaiheisho)線,1451,93,154.0,1600.41,2.6e-05,0
422,line,495,小坂町小坂町変電所~北方開閉所 (Kitakata Kaiheisho)線,93,94,154.0,1600.41,5.5e-05,0
423,line,496,中部電力パワーグリッド 154.0kV線,93,1555,154.0,266.74,4e-06,0
424,line,497,leadin,94,1980,154.0,266.74,2.2e-05,1
425,line,498,小坂町小坂町変電所~北方開閉所 (Kitakata Kaiheisho)線,94,95,154.0,1600.41,2e-06,0
426,line,499,leadin,95,1987,154.0,266.74,2.2e-05,1
427,line,500,西名古屋変電所~西部変電所線,1471,1474,275.0,3810.51,1.9e-05,0
428,line,501,西尾張~西部変電所線,1471,1477,275.0,3810.51,2.1e-05,0
429,line,502,伊勢幹線,1471,2026,275.0,3810.51,4.9e-05,0
430,line,503,六地蔵変電所~白鳥町大島変電所線,1334,96,275.0,9526.28,0.0,0
431,line,504,namebind,1334,2465,275.0,9526.28,6e-06,0
432,line,505,甲賀変電所~手原一丁目変電所線,96,1526,275.0,3810.51,9e-06,0
433,line,506,甲賀変電所~手原一丁目変電所線,96,187,275.0,3810.51,5e-06,0
434,line,507,六地蔵変電所~白鳥町大島変電所線,96,1899,275.0,11431.54,5.6e-05,0
435,line,508,西尾張~海部開閉所線,1478,1720,154.0,266.74,8.5e-05,0
436,line,509,関西幹線,1478,1596,154.0,533.47,8.1e-05,0
437,line,510,関西幹線,1478,147,154.0,533.47,5.6e-05,0
438,line,511,西尾張稲沢線,1478,365,154.0,1066.94,2.1e-05,0
439,line,512,海部開閉所~名南変電所線,1720,1432,154.0,533.47,5.9e-05,0
440,line,513,西尾張~海部開閉所線,1477,1719,275.0,3810.51,6e-06,0
441,line,514,西尾張~西名古屋変電所線,1477,100,275.0,952.63,4.2e-05,0
442,line,515,namebind,1719,2153,275.0,952.63,4.8e-05,0
443,line,516,西名古屋変電所~西部変電所線,98,99,275.0,952.63,2.2e-05,1
444,line,517,中勢亀山線,98,313,275.0,1905.26,1.1e-05,0
445,line,518,中部電力パワーグリッド 275.0kV線,98,1474,275.0,952.63,1.3e-05,0
446,line,519,西名古屋変電所~西部変電所線,99,757,275.0,1905.26,1e-05,1
447,line,520,中部電力パワーグリッド 275.0kV線,99,746,275.0,952.63,8e-06,1
448,line,521,西尾張~西名古屋変電所線,100,1474,275.0,4763.14,0.0,0
449,line,522,大字縄生変電所~西名古屋変電所線,100,111,275.0,3810.51,7e-06,0
450,line,523,大字縄生変電所~長深変電所線,1474,1507,275.0,3810.51,1.1e-05,0
451,line,524,伊勢幹線,2026,1667,275.0,1905.26,0.000173,0
452,line,525,namebind,101,2118,154.0,266.74,0.000135,0
453,line,526,関西幹線,101,245,154.0,1600.41,2.3e-05,0
454,line,527,関西幹線,101,1479,154.0,1600.41,7.6e-05,0
455,line,528,関西幹線,1570,245,154.0,1600.41,1.9e-05,0
456,line,529,木曽幹線,1570,248,154.0,1600.41,5.6e-05,0
457,line,531,玉川向山線,1324,103,77.0,93.36,0.000147,0
458,line,532,玉川向山線,1324,1483,77.0,93.36,0.000141,0
459,line,533,玉川向山線,103,1857,77.0,93.36,9e-05,0
460,line,534,玉川向山線,1857,104,77.0,93.36,0.000118,0
461,line,535,玉川向山線,104,1855,77.0,93.36,0.000197,1
462,line,536,向山植田線,104,566,77.0,186.72,3.8e-05,0
463,line,537,三河玉川線,105,1482,154.0,266.74,6e-05,0
464,line,538,三河玉川線,105,1435,154.0,266.74,2.1e-05,0
465,line,539,賀茂町変電所~三河変電所線,105,2253,154.0,266.74,2.3e-05,1
466,line,540,豊橋電力センター~三河変電所線,1482,169,154.0,266.74,8.1e-05,0
467,line,541,豊橋電力センター~植田変電所線,1482,1858,154.0,533.47,6.9e-05,0
468,line,542,飛島七宝線,106,1713,154.0,1066.94,7e-06,0
469,line,543,飛島七宝線 (Tobishima Shippō Sen),106,1490,154.0,1066.94,5e-06,0
470,line,544,楠三丁目変電所~大谷四丁目変電所線,106,2133,154.0,800.21,1.3e-05,1
471,line,545,飛島七宝線,1713,1503,154.0,1066.94,2.9e-05,0
472,line,546,飛島七宝線,1503,1584,154.0,1066.94,1.2e-05,0
473,line,547,吉津二丁目変電所~岩塚変電所線,107,108,77.0,186.72,4.9e-05,0
474,line,548,吉津二丁目変電所~七宝変電所線,107,1585,77.0,373.43,5.2e-05,0
475,line,549,稲沢変電所~吉津二丁目変電所線,107,2153,275.0,533.47,6.2e-05,0
476,line,550,稲沢変電所~吉津二丁目変電所線,107,1730,77.0,186.72,2.9e-05,0
477,line,551,吉津二丁目変電所~岩塚変電所線,108,1675,77.0,186.72,2e-05,0
478,line,552,岩倉変電所~岩塚変電所線,108,2404,77.0,186.72,0.000254,0
479,line,553,七宝西尾張線 (Shippō Nishi-Owari Sen),1584,109,154.0,1066.94,1.5e-05,0
480,line,554,西尾張稲沢線 (Nishi-Owari Inazawa Sen),109,365,154.0,1600.41,1e-06,0
481,line,555,西尾張稲沢線 (Nishi-Owari Inazawa Sen),109,1564,154.0,1066.94,3e-05,0
482,line,556,名南変電所~鎌倉町変電所線,1433,1504,77.0,373.43,0.000114,0
483,line,557,名南変電所~鎌倉町変電所線,1504,1722,77.0,373.43,8e-06,0
484,line,558,名南変電所~鎌倉町変電所線,1722,110,77.0,373.43,1.6e-05,0
485,line,559,神成町二丁目変電所~七宝変電所線,110,112,77.0,186.72,9.8e-05,0
486,line,560,神成町二丁目変電所~七宝変電所線,110,1721,77.0,186.72,3.1e-05,0
487,line,561,神成町二丁目変電所~七宝変電所線,1585,113,77.0,186.72,9.1e-05,0
488,line,562,大字縄生変電所~西名古屋変電所線,1507,1509,275.0,3810.51,1e-06,0
489,line,563,namebind,1507,1691,275.0,3810.51,9e-06,0
490,line,564,大字東金井変電所~安永変電所線,1509,2439,275.0,952.63,3e-06,1
491,line,565,大字縄生変電所~西名古屋変電所線,1509,111,275.0,3810.51,3e-06,0
492,line,566,leadin,111,2413,275.0,2857.88,1e-06,0
493,line,567,神成町二丁目変電所~七宝変電所線,2414,112,77.0,186.72,0.000152,0
494,line,568,鎌倉町変電所~楠三丁目変電所線,112,145,77.0,186.72,0.000291,1
495,line,569,神成町二丁目変電所~七宝変電所線,1721,113,77.0,186.72,6.7e-05,0
496,line,570,河田~海部開閉所線,113,1657,77.0,186.72,0.000149,0
497,line,571,有松変電所~中部電力パワーグリッド 鳴海変電所線,114,2370,77.0,373.43,3.3e-05,0
498,line,572,大高変電所~有松変電所線,114,1492,77.0,560.15,1.8e-05,0
499,line,573,中部電力パワーグリッド 77.0kV線,114,2498,77.0,186.72,4.7e-05,0
500,line,574,大脇変電所~有松変電所線,114,1499,77.0,186.72,7.7e-05,0
501,line,575,有松変電所~中部電力パワーグリッド 鳴海変電所線,2370,1683,77.0,373.43,3.3e-05,0
502,line,576,中部電力パワーグリッド 鳴海変電所~弥次ヱ町四丁目変電所線,1683,1489,77.0,93.36,8.3e-05,0
503,line,577,中部電力パワーグリッド 鳴海変電所~瑞穂変電所線,1683,1311,77.0,93.36,4.7e-05,0
504,line,578,昭和町築港連絡-1,2449,1486,77.0,186.72,5.1e-05,0
505,line,579,弥次ヱ町四丁目変電所~港区変電所線,2449,115,77.0,186.72,6.8e-05,0
506,line,580,昭和町寛政-2;昭和町築港連絡-1;需要家線,2449,1516,77.0,93.36,6.7e-05,0
507,line,581,築港西築港-1,1486,1835,77.0,93.36,8.6e-05,1
508,line,582,昭和町寛政-1;寛政築港連絡-2,1486,1488,77.0,93.36,9.4e-05,0
509,line,583,弥次ヱ町四丁目変電所~港区変電所線,1489,115,77.0,280.07,1.2e-05,0
510,line,584,leadin,115,2219,77.0,93.36,5.7e-05,1
511,line,585,昭和町寛政-1;寛政築港連絡-1,1488,1309,77.0,93.36,2.2e-05,0
512,line,586,寛政中川線,1488,1578,77.0,186.72,9e-05,0
513,line,587,中郷一丁目変電所~中川変電所線,1578,1641,77.0,186.72,4.9e-05,0
514,line,588,寛政稲永線,1487,116,154.0,533.47,8e-06,1
515,line,589,七宝寛政線,1487,117,154.0,533.47,4.3e-05,0
516,line,590,七宝寛政線,117,1674,154.0,266.74,5.6e-05,0
517,line,591,namebind,117,1641,77.0,373.43,1.7e-05,0
518,line,592,中部送電線_44,118,1490,154.0,533.47,6e-06,0
519,line,593,東浜三丁目変電所~名南変電所線,118,1661,154.0,1600.41,1e-05,0
520,line,594,東浜三丁目変電所~名南変電所線,118,1432,154.0,1600.41,1.1e-05,0
521,line,595,飛島七宝線 (Tobishima Shippō Sen),1490,801,154.0,1066.94,9e-06,0
522,line,596,昭和町寛政-1;寛政築港連絡-1,1487,1310,154.0,1066.94,1e-06,0
523,line,597,名南寛政線,1487,1432,154.0,1600.41,1.2e-05,0
524,line,598,昭和町寛政-1;寛政築港連絡-2,1487,1485,154.0,1066.94,6e-06,0
525,line,599,中部電力パワーグリッド 日進変電所~中部電力（株）豊明変電所線,1495,2331,77.0,93.36,0.000261,0
526,line,600,中部電力パワーグリッド 日進変電所~名古屋市営地下鉄 一社変電所線,1495,1339,77.0,93.36,0.000247,0
527,line,601,有松変電所~中部電力パワーグリッド 日進変電所線,1495,405,77.0,93.36,0.000463,0
528,line,602,中部電力パワーグリッド 日進変電所~中部電力（株）豊明変電所線,2331,1922,77.0,93.36,0.000172,0
529,line,603,中部電力（株）豊明変電所~東名古屋変電所線,1922,403,77.0,93.36,0.000242,0
530,line,604,有松変電所~中部電力（株）豊明変電所線,1922,405,77.0,186.72,5.6e-05,0
531,line,605,中部電力パワーグリッド 日進変電所~中部電力（株）豊明変電所線,2330,1921,154.0,1066.94,1e-05,0
532,line,606,中部電力（株）豊明変電所~東名古屋変電所線,1921,120,154.0,1066.94,1e-05,0
533,line,607,大高変電所~有松変電所線,1491,119,154.0,533.47,2.3e-05,0
534,line,608,大高変電所~東名古屋変電所線,1491,1498,154.0,1066.94,1.6e-05,0
535,line,609,南柴田町変電所~緑区変電所線,1491,2223,154.0,1066.94,1.8e-05,0
536,line,610,大高変電所~有松変電所線,119,120,154.0,533.47,0.0,0
537,line,611,有松変電所~大脇変電所線,119,2497,154.0,533.47,1e-05,0
538,line,612,有松変電所~大脇変電所線,119,1498,154.0,1066.94,5e-06,0
539,line,613,中部電力（株）豊明変電所~東名古屋変電所線,120,1498,154.0,1066.94,6e-06,0
540,line,614,名古屋市営地下鉄 一社変電所~中電猪高変電所線,121,1339,77.0,93.36,0.000232,0
541,line,615,中電猪高変電所~名北変電所線,121,1644,77.0,93.36,0.000208,0
542,line,616,中電猪高変電所~岩作色金変電所線,121,407,77.0,93.36,0.000528,0
543,line,617,中部電力パワーグリッド 日進変電所~愛知変電所線,122,2490,154.0,533.47,3.9e-05,0
544,line,618,中部電力パワーグリッド 154.0kV線,122,1424,154.0,266.74,6.1e-05,0
545,line,619,中部電力パワーグリッド 日進変電所~愛知変電所線,2490,123,154.0,533.47,9.2e-05,0
546,line,620,中部送電線_1073,123,1299,154.0,266.74,2.8e-05,0
547,line,621,中部送電線_1074,123,1300,154.0,266.74,1.3e-05,1
548,line,622,leadin,1339,2362,77.0,93.36,0.000174,1
549,line,623,南柴田町変電所~昭和町変電所線,2223,1515,154.0,266.74,2.7e-05,0
550,line,624,中部電力パワーグリッド 154.0kV線,2223,404,154.0,533.47,1.9e-05,1
551,line,625,原二丁目変電所~東浜三丁目変電所線,124,125,275.0,952.63,1e-06,1
552,line,626,原二丁目変電所~東名古屋変電所線,124,2109,275.0,6668.4,7e-06,0
553,line,627,東浜三丁目変電所~浅山一丁目変電所線,124,272,275.0,7621.02,4e-06,0
554,line,628,大字石浜変電所~原二丁目変電所線,2109,1669,275.0,952.63,1.3e-05,0
555,line,629,中部電力パワーグリッド 77.0kV線,126,1644,77.0,93.36,3e-05,0
556,line,630,名北変電所~知多町一丁目変電所線,126,1822,77.0,93.36,3.4e-05,0
557,line,631,大府緒川線 (Obu Ogawa Sen),127,128,77.0,186.72,1.1e-05,1
558,line,632,中部電力パワーグリッド 77.0kV線,128,129,77.0,93.36,6.8e-05,1
559,line,633,大府緒川線,128,131,77.0,373.43,2.5e-05,1
560,line,634,原二丁目変電所~東名古屋変電所線,2109,1497,275.0,3810.51,1.2e-05,0
561,line,635,大字石浜変電所~小垣江町変電所線,2110,130,154.0,266.74,7.9e-05,0
562,line,636,小垣江町変電所~刈谷市変電所線,130,2151,154.0,266.74,1.5e-05,0
563,line,637,小垣江町変電所~板倉町三丁目変電所線,130,2422,154.0,533.47,3.6e-05,0
564,line,638,中部電力パワーグリッド 77.0kV線,131,439,77.0,186.72,4e-06,1
565,line,639,大府緒川線,131,1723,77.0,186.72,4.7e-05,1
566,line,640,namebind,132,2057,77.0,280.07,9e-06,1
567,line,641,吉原町変電所~南豊田変電所線,2057,1501,77.0,93.36,0.000352,1
568,line,642,衣ケ原三丁目変電所~南豊田変電所線,1501,1679,77.0,93.36,0.000143,1
569,line,643,前田町三丁目変電所~中部電力八帖変電所線,133,134,77.0,373.43,2e-05,0
570,line,644,中部電力パワーグリッド 77.0kV線,133,396,77.0,186.72,3.5e-05,0
571,line,645,前田町三丁目変電所~中部電力八帖変電所線,134,2232,77.0,373.43,9.2e-05,0
572,line,646,前田町三丁目変電所~東豊田変電所線,134,883,77.0,93.36,9.8e-05,1
573,line,647,前田町三丁目変電所~中部電力八帖変電所線,2232,135,77.0,373.43,1.4e-05,0
574,line,648,岡崎変電所 (Okazaki Hendensho)~寿町変電所線,2232,423,77.0,93.36,0.000248,0
575,line,649,leadin,2232,1220,77.0,93.36,6.2e-05,0
576,line,650,前田町三丁目変電所~中部電力八帖変電所線,135,1909,77.0,373.43,3.3e-05,0
577,line,651,中部送電線_897,135,1220,77.0,93.36,8.6e-05,0
578,line,652,矢作町変電所~中部電力八帖変電所線,1909,423,77.0,93.36,9.8e-05,0
579,line,653,三河南豊田線,1500,1440,154.0,533.47,0.000133,0
580,line,654,南豊田変電所~駒新町変電所線,1500,1932,154.0,533.47,7.4e-05,0
581,line,655,namebind,136,1848,77.0,93.36,0.000289,1
582,line,656,名古屋鉄道~駒新町変電所線,136,273,77.0,746.86,3.6e-05,0
583,line,657,中部電力パワーグリッド 77.0kV線,136,277,77.0,93.36,7.8e-05,0
584,line,658,中原分岐線,137,2240,154.0,533.47,7e-06,0
585,line,659,中原変電所~安城市変電所線,137,2425,154.0,533.47,5.1e-05,0
586,line,660,中部電力パワーグリッド 154.0kV線,137,894,154.0,800.21,5e-06,0
587,line,661,中部電力パワーグリッド 154.0kV線,2425,323,154.0,266.74,9e-06,0
588,line,662,安城市変電所~田戸町四丁目変電所線,138,824,154.0,266.74,4.4e-05,0
589,line,663,安城市変電所~田戸町四丁目変電所線,138,1607,154.0,266.74,5e-06,1
590,line,664,平戸橋町変電所~豊田市変電所線,139,140,154.0,533.47,6.9e-05,0
591,line,665,平戸橋町変電所~北豊田変電所 (Kita Toyota Hendensho)線,139,1424,154.0,533.47,0.000166,0
592,line,666,豊田市変電所~愛知変電所線,139,1054,275.0,1066.94,5.6e-05,0
593,line,667,中部送電線_693,140,1055,154.0,266.74,4e-06,1
594,line,668,平戸橋町変電所~豊田市変電所線,140,141,154.0,533.47,1.4e-05,0
595,line,669,平戸橋町変電所~豊田市変電所線,141,142,154.0,533.47,1.5e-05,0
596,line,670,中部送電線_690,141,1051,154.0,266.74,2.3e-05,0
597,line,671,中部送電線_692,141,1054,275.0,266.74,0.000126,0
598,line,672,平戸橋町変電所~豊田市変電所線,142,143,154.0,533.47,1e-06,1
599,line,673,中部送電線_688,142,1051,154.0,266.74,2.4e-05,0
600,line,674,namebind,1630,1054,275.0,952.63,2.1e-05,0
601,line,675,namebind,2153,1564,275.0,952.63,1.2e-05,0
602,line,676,稲沢変電所~吉津二丁目変電所線,1730,144,154.0,228.63,3.3e-05,0
603,line,677,吉津二丁目変電所~岩塚変電所線,144,1674,154.0,1066.94,6e-06,0
604,line,678,中郷一丁目変電所~名南変電所線,144,1432,154.0,1600.41,1.7e-05,0
605,line,679,大脇変電所~北刈谷変電所 (Kita Kariya Hendensho)線,1923,1611,154.0,800.21,1.4e-05,0
606,line,680,岩塚変電所~水主町変電所線,1674,1502,154.0,266.74,4.5e-05,1
607,line,681,中部電力パワーグリッド 77.0kV線,1692,146,77.0,186.72,6.8e-05,0
608,line,682,富田変電所~大協町二丁目変電所線,1692,2053,77.0,373.43,0.000121,0
609,line,683,大字東金井変電所~富田変電所線,1692,416,77.0,186.72,0.000146,0
610,line,684,西名古屋変電所~大協町二丁目変電所線,147,1475,154.0,2133.89,7e-06,0
611,line,685,関西幹線,147,246,154.0,533.47,1.4e-05,1
612,line,686,関西幹線,1475,282,154.0,1600.41,1e-06,0
613,line,687,西名古屋変電所~大協町二丁目変電所線,1475,148,154.0,2133.89,1.4e-05,0
614,line,688,関西幹線,1475,283,154.0,1600.41,1.8e-05,0
615,line,689,西名古屋変電所~大協町二丁目変電所線,148,2226,154.0,2133.89,6e-06,0
616,line,690,垂坂町変電所~北勢変電所 (Hokusei Hendensho)線,148,308,154.0,533.47,6e-06,0
617,line,691,西名古屋変電所~大協町二丁目変電所線,2226,2052,154.0,2133.89,1.1e-05,0
618,line,692,西名古屋変電所~大協町二丁目変電所線,2052,2054,154.0,2133.89,1e-06,1
619,line,693,namebind,2052,309,154.0,533.47,6.7e-05,0
620,line,694,垂坂町変電所~北勢変電所 (Hokusei Hendensho)線,1604,310,154.0,533.47,1.7e-05,0
621,line,695,南勢北勢線,1604,316,154.0,533.47,9.3e-05,0
622,line,696,北勢変電所 (Hokusei Hendensho)~楠町北一色変電所線,1604,149,154.0,1066.94,2.9e-05,0
623,line,697,中部送電線_46,1604,158,154.0,1066.94,6e-06,0
624,line,698,塩浜町変電所~楠町北一色変電所線,2493,149,154.0,1066.94,1.4e-05,1
625,line,699,楠町北一色変電所~宮東町一丁目変電所線,149,444,154.0,266.74,3.1e-05,0
626,line,700,中部送電線_467,149,1505,154.0,266.74,3.3e-05,1
627,line,702,中部送電線_48,150,1506,77.0,93.36,7.1e-05,1
628,line,703,新鈴鹿河芸線,150,152,77.0,373.43,2.4e-05,0
629,line,704,新鈴鹿河芸線,150,1712,77.0,373.43,4.8e-05,0
630,line,705,新鈴鹿河芸線,151,152,77.0,373.43,2.8e-05,0
631,line,706,神戸六丁目変電所~住吉五丁目変電所線,151,157,77.0,186.72,8.3e-05,1
632,line,707,新鈴鹿河芸線,151,1711,77.0,746.86,8.5e-05,0
633,line,708,中部送電線_429,152,2225,77.0,93.36,0.000135,1
634,line,709,新鈴鹿河芸線,1712,153,77.0,373.43,9.7e-05,0
635,line,710,河芸中勢線,153,155,77.0,93.36,0.000185,0
636,line,711,中部電力パワーグリッド 77.0kV線,153,434,77.0,186.72,4e-05,1
637,line,713,津東丸之内線,154,155,77.0,93.36,0.000157,1
638,line,714,河芸中勢線,155,1666,77.0,93.36,4.7e-05,0
639,line,715,leadin,1666,156,77.0,186.72,4.5e-05,1
640,line,716,新鈴鹿津線,1666,378,77.0,93.36,0.000407,0
641,line,717,中勢津線,1666,442,77.0,93.36,4.3e-05,0
642,line,718,津北線,1666,443,77.0,93.36,0.000388,0
643,line,719,東清水変電所~葵区変電所線,1417,2034,275.0,1905.26,2.7e-05,0
644,line,720,神戸六丁目変電所~住吉五丁目変電所線,1896,157,77.0,186.72,0.000123,1
645,line,721,中部送電線_462,1896,910,77.0,93.36,0.000119,1
646,line,722,中部送電線_449,157,1926,77.0,93.36,6.6e-05,1
647,line,723,中部送電線_51,2051,158,154.0,266.74,1.7e-05,0
648,line,724,中部送電線_850,2051,444,154.0,266.74,1.2e-05,0
649,line,725,中部送電線_850,158,444,154.0,266.74,5e-06,0
650,line,726,大字縄生変電所~大字東金井変電所線,1508,1510,77.0,373.43,8e-06,0
651,line,727,大字東金井変電所~大字縄生変電所線,1508,416,77.0,186.72,6.9e-05,0
652,line,728,大字東金井変電所~富田変電所線,1510,416,77.0,186.72,4e-05,0
653,line,729,豊橋牟呂線,159,1929,77.0,186.72,2.1e-05,0
654,line,730,豊橋牟呂線,159,610,77.0,93.36,0.000172,1
655,line,731,豊橋牟呂線,1929,160,77.0,186.72,5.2e-05,0
656,line,732,川崎町変電所~野田変電所線,1929,1883,77.0,186.72,5.5e-05,0
657,line,733,豊橋牟呂線,160,161,77.0,186.72,0.000142,0
658,line,734,川崎町変電所~大塚変電所線,160,537,77.0,93.36,0.000194,0
659,line,735,豊橋牟呂線,161,1882,77.0,186.72,5.6e-05,1
660,line,736,植田分岐線,161,195,77.0,186.72,2.1e-05,0
661,line,737,幸田変電所~豊橋変電所線,1351,162,77.0,93.36,2.9e-05,0
662,line,738,幸田変電所~横落変電所線,1351,667,77.0,373.43,5e-05,0
663,line,739,幸田変電所~豊橋変電所線,162,163,77.0,93.36,0.000126,0
664,line,740,横落変電所,162,1935,77.0,93.36,4.5e-05,0
665,line,741,幸田変電所~豊橋変電所線,163,164,77.0,93.36,0.000537,0
666,line,742,幸田変電所~旭町変電所線,163,1933,77.0,93.36,0.000236,1
667,line,743,幸田変電所~豊橋変電所線,164,165,77.0,93.36,0.000223,0
668,line,744,中部送電線_180,164,545,77.0,93.36,4.7e-05,0
669,line,745,幸田変電所~豊橋変電所線,165,166,77.0,93.36,0.00039,0
670,line,746,namebind,165,1868,77.0,93.36,0.00032,0
671,line,747,leadin,166,1660,77.0,93.36,0.00016,1
672,line,748,羽黒大口町線,1511,167,77.0,560.15,1e-06,1
673,line,749,羽黒大口町線,1511,1576,77.0,560.15,5e-06,0
674,line,750,羽黒大口町線; 江南羽黒線; トヨタ紡績大口線,1511,1959,77.0,933.58,6e-06,0
675,line,751,namebind,1511,1654,77.0,93.36,0.000267,0
676,line,752,今市場町秋津変電所~大口町変電所線,1576,1600,77.0,186.72,6.6e-05,1
677,line,753,小牧牛山線; 名鉄間内線,168,1512,77.0,373.43,4.9e-05,0
678,line,754,小牧牛山線,168,1654,77.0,373.43,3.4e-05,0
679,line,755,上末変電所 (Kamizue Hendensho)~小牧変電所線,168,1659,77.0,186.72,7.5e-05,0
680,line,756,名鉄間内線,1512,1513,77.0,186.72,1.4e-05,1
681,line,757,牛山春日井線,1512,1681,77.0,186.72,4e-05,0
682,line,758,知多町一丁目変電所~Kasugai Substation線,1681,1822,77.0,93.36,0.000321,0
683,line,759,東海鉄道二川線,169,1435,154.0,266.74,2.4e-05,0
684,line,760,秋葉三河線,1435,1536,154.0,533.47,0.000262,0
685,line,761,三河南豊田線,1435,1440,154.0,533.47,0.000182,0
686,line,762,UACJ銅管線,1435,544,154.0,266.74,8.6e-05,0
687,line,766,中部送電線_678,170,1038,154.0,533.47,5e-06,1
688,line,767,中部送電線_678,170,1039,154.0,266.74,3e-05,1
689,line,768,namebind,170,1359,154.0,1066.94,4.7e-05,0
690,line,769,疋田変電所~湖東変電所線,171,172,275.0,3810.51,1e-06,1
691,line,770,疋田変電所~湖東変電所線,172,1522,275.0,3810.51,5.7e-05,0
692,line,771,城端開閉所~疋田変電所線,172,1752,275.0,7621.02,8.1e-05,0
693,line,772,中部送電線_530,1520,180,154.0,266.74,1e-05,0
694,line,773,正法寺変電所~湖東変電所線,1520,173,154.0,1066.94,2.7e-05,0
695,line,774,中部送電線_55,1520,174,154.0,266.74,2.4e-05,1
696,line,775,高宮変電所~正法寺変電所線,1520,176,154.0,266.74,1.8e-05,0
697,line,776,正法寺変電所~高宮変電所線,1520,175,154.0,266.74,2.4e-05,0
698,line,777,正法寺変電所~湖東変電所線,173,1523,154.0,1066.94,2e-06,0
699,line,778,湖東変電所~米原変電所線,173,2097,154.0,266.74,1.2e-05,0
700,line,779,正法寺変電所~湖東変電所線,1523,180,154.0,266.74,0.000106,0
701,line,780,高宮変電所~湖東変電所線,175,176,154.0,533.47,4e-06,0
702,line,781,中部送電線_528,175,926,154.0,800.21,2e-06,0
703,line,782,中部送電線_290,176,2073,154.0,533.47,1.2e-05,0
704,line,783,中部送電線_56,177,181,77.0,93.36,1.1e-05,0
705,line,784,勝堂変電所~東八日市変電所線,177,178,77.0,93.36,3.4e-05,0
706,line,785,雨降野変電所~勝堂変電所線,177,183,77.0,93.36,0.000426,0
707,line,786,勝堂変電所~東八日市変電所線,178,179,77.0,93.36,0.000319,0
708,line,787,勝堂変電所~新八幡変電所線,178,214,77.0,373.43,5e-05,0
709,line,788,中部送電線_57,179,184,77.0,93.36,7.5e-05,0
710,line,789,中部送電線_398,179,855,77.0,93.36,6.8e-05,1
711,line,790,東海幹線,180,2073,154.0,266.74,5.5e-05,0
712,line,791,新八幡変電所~五個荘町変電所線,1543,2412,77.0,186.72,0.000233,0
713,line,792,武佐変電所~新八幡変電所線,1543,1689,77.0,186.72,5.5e-05,0
714,line,793,勝堂変電所~新八幡変電所線,1543,214,77.0,373.43,0.000125,0
715,line,794,竜王変電所~栄変電所線,1543,2351,77.0,186.72,0.000113,0
716,line,795,新八幡線,1543,1279,77.0,186.72,6e-05,0
717,line,796,中部送電線_1020,2412,214,77.0,186.72,2.8e-05,0
718,line,797,中部電力パワーグリッド 77.0kV線,2412,1280,77.0,373.43,1.5e-05,0
719,line,798,五個荘町変電所~勝堂変電所線,181,1280,77.0,186.72,5.6e-05,0
720,line,799,五個荘町変電所~勝堂変電所線,181,1525,77.0,186.72,5.8e-05,1
721,line,800,東海幹線,182,1542,154.0,1066.94,5.3e-05,0
722,line,801,雨降野変電所~蓮台寺町変電所線,182,715,154.0,266.74,6.8e-05,0
723,line,802,五個荘町変電所~雨降野変電所線,182,713,154.0,266.74,7.3e-05,0
724,line,803,中部送電線_1022,182,2410,154.0,1066.94,9e-06,0
725,line,804,新八幡変電所~雨降野変電所線,1542,713,154.0,1066.94,5.1e-05,0
726,line,805,南京都新八幡線,1542,238,154.0,1066.94,1.7e-05,0
727,line,806,高宮変電所~雨降野変電所線,183,2073,154.0,133.37,0.000282,0
728,line,807,中部送電線_1064,183,928,77.0,373.43,1.2e-05,0
729,line,808,leadin,184,1992,77.0,93.36,4.4e-05,1
730,line,809,中部送電線_57,184,185,77.0,93.36,0.000155,0
731,line,810,中部送電線_57,185,186,77.0,93.36,6.8e-05,0
732,line,811,日野町変電所~東八日市変電所線,185,2145,77.0,93.36,0.000425,0
733,line,812,中部送電線_597,186,957,77.0,93.36,0.000345,0
734,line,813,中部送電線_598,186,958,77.0,93.36,2.7e-05,1
735,line,814,甲賀変電所~高松町変電所線,1526,1917,275.0,1905.26,2e-06,0
736,line,815,甲賀変電所~手原一丁目変電所線,187,188,154.0,1066.94,3e-06,0
737,line,816,南京都新八幡線,187,527,154.0,1066.94,7e-06,0
738,line,817,南京都新八幡線,187,238,154.0,1066.94,1e-05,0
739,line,818,甲賀変電所~手原一丁目変電所線,188,189,77.0,373.43,1.7e-05,0
740,line,819,新八幡線,188,1279,77.0,186.72,0.000185,0
741,line,820,甲賀変電所~手原一丁目変電所線,189,190,77.0,373.43,5.8e-05,0
742,line,821,中部送電線_470,189,916,77.0,93.36,4.6e-05,0
743,line,822,手原一丁目変電所~久野部変電所線,190,917,66.0,137.18,0.000141,1
744,line,823,甲賀変電所~手原一丁目変電所線,190,1198,66.0,274.36,3.2e-05,1
745,line,825,武芸川変電所~神洞変電所線,191,1555,154.0,266.74,0.000102,0
746,line,826,中部送電線_653,191,1022,154.0,266.74,3.6e-05,0
747,line,827,北岐阜変電所 (Kita Gifu Hendensho)~武芸川変電所線,191,2072,154.0,266.74,1.3e-05,0
748,line,828,神洞変電所~三ツ渕変電所線,1555,233,154.0,533.47,0.000299,0
749,line,829,中部電力パワーグリッド 154.0kV線,192,1528,154.0,266.74,3e-05,0
750,line,830,北岐阜変電所 (Kita Gifu Hendensho)~西濃変電所線,192,1993,154.0,533.47,4.8e-05,0
751,line,831,北岐阜変電所 (Kita Gifu Hendensho)~武芸川変電所線,192,2072,154.0,266.74,7.7e-05,0
752,line,832,中部電力パワーグリッド 500.0kV線,1530,193,500.0,6928.2,0.0,0
753,line,833,中部電力パワーグリッド 500.0kV線,1530,194,500.0,6928.2,1.1e-05,0
754,line,834,白鳥町大島変電所~関市変電所線,1625,1452,77.0,373.43,0.00049,1
755,line,835,郡上市変電所~白鳥町大島変電所線,1625,1278,77.0,93.36,0.000628,1
756,line,836,白鳥町大島変電所~関市変電所線,1452,1631,77.0,373.43,0.000111,1
757,line,837,中部電力パワーグリッド 500.0kV線,194,2215,500.0,6928.2,1e-06,0
758,line,838,山県市変電所~本巣市変電所線,194,530,500.0,3464.1,1e-06,0
759,line,839,leadin,2215,530,500.0,3464.1,1e-06,0
760,line,840,神野分岐線,195,1881,77.0,93.36,0.000165,1
761,line,841,植田分岐線,195,1880,77.0,186.72,2.3e-05,0
762,line,842,甲賀変電所~高松町変電所線,1917,1919,154.0,1066.94,0.0,0
763,line,843,中部送電線_231,1917,662,154.0,533.47,6e-06,0
764,line,844,甲賀変電所~柏木変電所線,1527,196,77.0,373.43,4.6e-05,0
765,line,845,中部送電線_330,196,1664,77.0,186.72,3.6e-05,1
766,line,846,中部送電線_905,196,373,77.0,373.43,1.7e-05,0
767,line,847,中部送電線_680,1541,1040,66.0,137.18,1.1e-05,0
768,line,848,中部送電線_681,1541,1042,66.0,68.59,4e-05,0
769,line,849,中部送電線_1099,1541,1312,66.0,137.18,2.7e-05,0
770,line,850,関ケ原町変電所~青野町変電所線,1541,198,66.0,137.18,0.000154,0
771,line,851,中部送電線_680,1541,1041,66.0,137.18,4.2e-05,0
772,line,852,関ケ原町変電所~青野町変電所線,198,1539,154.0,228.63,0.000149,0
773,line,853,中部送電線_60,198,213,66.0,68.59,3e-05,1
774,line,854,植田分岐線,1843,1880,77.0,186.72,9.8e-05,0
775,line,855,植田豊島線,1843,1853,77.0,186.72,0.000156,0
776,line,856,植田湖西線,1843,561,77.0,373.43,2.4e-05,0
777,line,857,遠江浜松線,199,1531,154.0,266.74,4.8e-05,0
778,line,858,葵町分岐線,199,204,154.0,266.74,5e-06,1
779,line,859,秋葉浜松線,1531,203,154.0,266.74,0.000129,0
780,line,860,貴布祢浜松線,200,1534,77.0,93.36,9e-05,0
781,line,861,leadin,200,1534,77.0,93.36,0.000122,0
782,line,862,浜松原島北線,200,1537,77.0,93.36,0.000127,0
783,line,863,貴布祢浜松線,1534,201,154.0,133.37,0.000163,0
784,line,864,遠江磐田線,201,203,154.0,266.74,3.7e-05,0
785,line,865,遠江磐田線,201,1455,154.0,266.74,1.4e-05,0
786,line,866,浜松原島北線,1537,1538,77.0,93.36,0.000139,0
787,line,867,浜松原島南線,1538,1532,77.0,186.72,9.6e-05,0
788,line,868,原島野口線,1538,212,77.0,93.36,0.00013,1
789,line,869,磐田原島線,1538,211,77.0,93.36,7.8e-05,0
790,line,870,秋葉浜松線,1536,202,154.0,266.74,0.000241,0
791,line,871,川根秋葉線,1536,237,154.0,266.74,2.4e-05,0
792,line,872,秋葉浜松線,202,203,154.0,266.74,6e-06,0
793,line,873,遠江磐田線,202,1716,154.0,266.74,1.5e-05,0
794,line,874,玉川遠江線,205,206,154.0,533.47,4.1e-05,1
795,line,875,気賀分岐線,205,1847,154.0,266.74,1.2e-05,1
796,line,876,玉川遠江線,206,1845,154.0,533.47,3.2e-05,1
797,line,877,都筑分岐線,206,1846,154.0,533.47,1.3e-05,1
798,line,878,都田変電所~遠江変電所線,1461,1560,154.0,800.21,1e-06,0
799,line,879,遠江磐田線,1455,228,154.0,266.74,7.2e-05,0
800,line,880,磐田西掛川線,1621,207,77.0,93.36,0.000209,0
801,line,881,磐田芳川線,1621,225,77.0,186.72,0.000168,0
802,line,882,磐田西掛川線,207,1874,77.0,93.36,0.000121,0
803,line,883,磐田西貝塚線,207,577,77.0,93.36,6.9e-05,0
804,line,884,磐田西掛川線,1874,208,77.0,93.36,9.7e-05,0
805,line,885,磐田西掛川線,208,209,77.0,93.36,0.000181,0
806,line,886,可睡連絡線,208,579,77.0,186.72,5.6e-05,0
807,line,887,磐田西掛川線,209,210,77.0,93.36,0.000134,0
808,line,888,森町分岐線,209,580,77.0,93.36,0.000363,0
809,line,889,駿遠西掛川線,210,1867,77.0,93.36,7.5e-05,0
810,line,890,駿遠西掛川線,210,798,77.0,93.36,0.00038,0
811,line,891,浜松高塚西線,1532,215,77.0,93.36,8.3e-05,0
812,line,892,磐田植松線,211,1930,77.0,186.72,9.8e-05,1
813,line,893,磐田原島線,211,588,77.0,93.36,0.00033,0
814,line,894,ヤマハファインテック線,1538,1557,77.0,93.36,0.000122,0
815,line,895,ヤマハファインテック線,1557,1729,77.0,93.36,7.4e-05,1
816,line,896,leadin,212,1950,77.0,93.36,9.7e-05,1
817,line,897,leadin,212,1714,77.0,93.36,0.000119,1
818,line,898,新八幡変電所~武佐変電所線,1544,1690,66.0,137.18,7.4e-05,0
819,line,899,leadin,1690,413,66.0,137.18,3.7e-05,1
820,line,900,浜松高塚西線,215,216,77.0,93.36,0.000205,0
821,line,901,浜松高塚分岐線,215,438,77.0,186.72,7.1e-05,1
822,line,902,ヤマハリビングテック線,216,222,77.0,93.36,1e-05,1
823,line,903,浜松高塚西線,216,219,77.0,93.36,0.0003,0
824,line,904,竜禅寺高塚線,1546,2175,77.0,560.15,3e-06,0
825,line,905,芳川高塚線,1546,2173,77.0,373.43,1.9e-05,0
826,line,906,leadin,2173,220,77.0,186.72,1.5e-05,1
827,line,907,芳川高塚線,2173,2324,77.0,373.43,1.7e-05,0
828,line,908,芳川高塚線,2324,217,77.0,373.43,3.1e-05,0
829,line,909,芳川高塚線,217,218,77.0,373.43,3.6e-05,0
830,line,910,浅田分岐線,217,1550,77.0,93.36,6.3e-05,0
831,line,911,芳川高塚線,218,1547,77.0,373.43,3.3e-05,0
832,line,912,浜松市南清掃事業所線,218,221,77.0,93.36,9.7e-05,1
833,line,913,磐田芳川線,1547,235,77.0,186.72,0.000156,0
834,line,914,西遠浄化センター線,1547,227,77.0,186.72,8.8e-05,1
835,line,915,遠江高塚線,2175,2177,77.0,93.36,2.3e-05,0
836,line,916,遠江高塚線,219,2177,77.0,93.36,8.3e-05,0
837,line,917,高塚舞阪線,219,2384,77.0,186.72,2e-05,1
838,line,918,遠江高塚線,2176,2174,154.0,1600.41,1e-06,0
839,line,919,遠江高塚線,2176,223,154.0,1600.41,1.1e-05,0
840,line,920,植松浅田線,1550,1557,77.0,186.72,8e-05,0
841,line,921,雄踏分岐線,1548,223,154.0,266.74,3.4e-05,1
842,line,922,遠江高塚線,223,1561,154.0,266.74,3.4e-05,0
843,line,923,高塚舞阪線,2093,2384,77.0,186.72,7e-05,1
844,line,924,磐田原島線,225,588,77.0,93.36,1.3e-05,0
845,line,925,磐田芳川線,225,1718,77.0,186.72,6.4e-05,0
846,line,926,見付連絡線,225,335,77.0,93.36,1.9e-05,0
847,line,927,磐田芳川線,1718,226,77.0,186.72,3.1e-05,0
848,line,928,JR東海磐田線,1718,335,77.0,93.36,0.000142,0
849,line,929,西貝塚変電所~長須賀変電所線,226,1124,77.0,186.72,0.00012,0
850,line,930,磐田芳川線,226,235,77.0,186.72,7.9e-05,0
851,line,931,遠江磐田線,228,229,154.0,266.74,3.5e-05,0
852,line,932,中瀬分岐線,228,1873,154.0,266.74,5e-05,1
853,line,933,豊町分岐線,229,232,154.0,266.74,2.4e-05,1
854,line,934,遠江磐田線,229,1620,154.0,266.74,7.3e-05,0
855,line,935,岩水寺分岐線,1884,230,66.0,68.59,0.000109,1
856,line,936,笹岡貴布祢線,230,231,66.0,68.59,0.000284,0
857,line,937,笹岡貴布祢線,230,1455,154.0,114.32,0.000527,0
858,line,938,笹岡貴布祢線,1886,231,275.0,952.63,7e-06,0
859,line,939,二俣分岐線,231,1885,66.0,68.59,0.000149,1
860,line,940,中部電力パワーグリッド 154.0kV線,233,1603,154.0,266.74,1.8e-05,0
861,line,941,引佐分岐線,234,1556,154.0,266.74,7e-05,1
862,line,942,遠江磐田線,234,1716,154.0,266.74,1.6e-05,0
863,line,943,遠江磐田線,234,1560,154.0,266.74,3.4e-05,0
864,line,944,吉野工業所静岡線,235,236,77.0,280.07,5.7e-05,1
865,line,945,相津変電所~春野町領家変電所線,237,2017,154.0,533.47,0.000107,0
866,line,946,秋葉線,237,1420,154.0,533.47,0.000128,0
867,line,947,中部送電線_900,238,2350,154.0,266.74,2.4e-05,0
868,line,948,竜王変電所~栄変電所線,2351,239,77.0,186.72,0.000161,0
869,line,949,中部送電線_484,239,916,77.0,93.36,1.3e-05,0
870,line,950,栄変電所~祇王変電所線,239,2247,77.0,466.79,1.1e-05,1
871,line,951,河田~海部開閉所線,1655,1657,77.0,186.72,0.000112,1
872,line,952,下大榑新田変電所~大垣変電所 (Ogaki Hendensho)線,1646,1411,154.0,533.47,5e-05,0
873,line,953,穂積変電所~大垣変電所 (Ogaki Hendensho)線,240,1411,154.0,1066.94,2.2e-05,0
874,line,954,西濃加納線,240,1409,154.0,1066.94,7e-06,0
875,line,955,清水変電所~青部変電所線,1565,1966,154.0,533.47,0.00029,0
876,line,956,葵区変電所~清水変電所線,1565,242,154.0,266.74,0.000178,0
877,line,957,葵区変電所~清水変電所線,2032,241,154.0,266.74,0.000254,0
878,line,958,川根本町変電所~葵区変電所線,2032,1973,154.0,533.47,7.5e-05,0
879,line,959,中部送電線_734,2032,701,154.0,266.74,1.8e-05,0
880,line,960,葵区変電所~清水変電所線,241,242,154.0,266.74,6.4e-05,0
881,line,961,富士市変電所~Suruga線,242,737,154.0,533.47,0.000179,0
882,line,962,富士市変電所~Suruga線,242,1463,154.0,533.47,3.9e-05,0
883,line,963,犬山開閉所~大針町変電所線,243,244,77.0,186.72,8e-05,0
884,line,964,土田羽黒線; 羽黒中濃線,243,257,77.0,746.86,1.7e-05,0
885,line,965,土田羽黒線; 羽黒中濃線,243,447,77.0,746.86,6e-06,0
886,line,966,犬山開閉所~大針町変電所線,244,2483,77.0,186.72,0.000186,0
887,line,967,犬山開閉所~西栃井変電所線,244,1570,154.0,400.1,0.000118,0
888,line,968,犬山開閉所~西栃井変電所線,244,252,154.0,400.1,3.9e-05,0
889,line,969,namebind,2483,253,77.0,280.07,0.000153,0
890,line,970,KEPCO 275.0kV線,1568,249,275.0,952.63,2e-06,1
891,line,971,丸山変電所 (Maruyama Hendensho)~西栃井変電所線,1568,2117,275.0,952.63,3.9e-05,0
892,line,972,関西幹線,245,252,154.0,533.47,2e-06,0
893,line,973,読書水力発電所~大井水力発電所線,1479,293,154.0,266.74,1.7e-05,0
894,line,974,関西幹線,1479,292,154.0,1066.94,2.8e-05,0
895,line,975,関西幹線,1573,1575,154.0,533.47,4.7e-05,0
896,line,976,関西幹線,1575,2474,154.0,533.47,7.5e-05,0
897,line,977,関西幹線,2474,2451,154.0,533.47,4.7e-05,0
898,line,978,関西幹線,2451,1596,154.0,533.47,2.7e-05,0
899,line,979,中部送電線_63,247,248,154.0,266.74,2e-06,1
900,line,980,木曽幹線,248,293,154.0,1600.41,5.8e-05,0
901,line,981,瑞浪変電所 (Mizunami Hendensho)~丸山変電所 (Maruyama Hendensho)線,1587,1569,154.0,533.47,0.000152,0
902,line,982,犬山虎渓線,1587,287,154.0,533.47,4.1e-05,0
903,line,983,瑞浪変電所 (Mizunami Hendensho)~和合町二丁目変電所線,1587,2197,154.0,266.74,4.6e-05,0
904,line,984,土田羽黒線;羽黒中濃線,1828,250,77.0,186.72,0.00072,1
905,line,985,中部電力パワーグリッド 77.0kV線,1828,1277,77.0,186.72,0.000229,1
906,line,986,土田羽黒線;羽黒中濃線,250,251,77.0,186.72,6e-05,1
907,line,987,中部送電線_64,250,255,77.0,93.36,0.0002,1
908,line,988,土田羽黒線;羽黒中濃線,251,2346,77.0,746.86,4.1e-05,0
909,line,989,中部電力パワーグリッド 77.0kV線,251,2119,77.0,186.72,2.8e-05,0
910,line,990,犬山開閉所~西栃井変電所線,252,253,154.0,800.21,1.5e-05,0
911,line,991,犬山開閉所~西栃井変電所線,253,254,77.0,280.07,0.000165,1
912,line,992,中部送電線_72,253,1572,77.0,186.72,2e-05,0
913,line,993,岩倉稲沢線,1564,256,154.0,1600.41,4e-06,0
914,line,994,岩倉稲沢線,2444,2437,154.0,1600.41,2e-06,0
915,line,995,井之口沖ノ田町変電所~稲島東一丁目変電所線,2437,1296,154.0,266.74,5e-06,1
916,line,996,岩倉稲沢線,2437,256,154.0,1600.41,4e-06,0
917,line,997,井之口沖ノ田町変電所~稲島東一丁目変電所線,2437,2438,154.0,266.74,3.9e-05,1
918,line,998,平和町上三宅変電所~平野町四丁目変電所線,256,2434,154.0,533.47,1e-05,0
919,line,999,岩倉変電所~岩塚変電所線,1366,2404,154.0,533.47,3.9e-05,0
920,line,1000,小牧岩倉線 (Komaki Iwakura Sen),1366,1653,154.0,266.74,9.8e-05,0
921,line,1001,中央二丁目変電所~関市変電所線,1652,1829,154.0,266.74,4.8e-05,0
922,line,1002,中部送電線_651,1652,1020,154.0,266.74,4.7e-05,0
923,line,1003,中央二丁目変電所~関市変電所線,1829,1650,154.0,266.74,3.1e-05,0
924,line,1004,北部変電所~寺田一丁目変電所線,1829,529,154.0,266.74,2.3e-05,0
925,line,1005,中央二丁目変電所~関市変電所線,1650,1458,154.0,266.74,9.7e-05,0
926,line,1006,関市変電所~可児市変電所線,1459,257,77.0,186.72,0.000269,0
927,line,1007,土田羽黒線; 羽黒中濃線,257,1572,77.0,746.86,2.5e-05,0
928,line,1011,トピー工業線,2084,260,66.0,137.18,3.6e-05,1
929,line,1012,明海変電所~豊橋市変電所線,260,1854,66.0,68.59,0.000147,1
930,line,1013,豊橋市変電所~植田変電所線,260,618,66.0,68.59,0.000208,1
931,line,1014,岡崎線,261,262,77.0,280.07,4.3e-05,0
932,line,1015,戸崎竜泉寺線,261,264,77.0,186.72,3e-05,0
933,line,1016,中部送電線_65,261,2352,77.0,186.72,2.8e-05,0
934,line,1017,ソニー幸田線,262,2352,77.0,186.72,0.000123,0
935,line,1018,岡崎線,262,263,77.0,373.43,6e-06,1
936,line,1019,大平分岐線; unknown,264,265,66.0,205.77,0.000189,1
937,line,1020,中部送電線_66,264,266,77.0,411.54,3.6e-05,0
938,line,1021,美合町変電所~羽栗変電所線,2352,1318,77.0,186.72,8.7e-05,0
939,line,1022,美合町変電所~中部電力八帖変電所線,266,1909,77.0,280.07,5.4e-05,0
940,line,1023,戸崎六ッ美線,266,2058,77.0,373.43,2.7e-05,0
941,line,1024,名鉄犬山分岐線,1363,1581,77.0,186.72,7e-06,1
942,line,1025,羽黒城東線,1363,270,77.0,186.72,4.9e-05,0
943,line,1026,犬山開閉所~城東変電所線,1363,447,77.0,93.36,0.000327,0
944,line,1036,谷川分岐線,2123,2122,77.0,186.72,5.8e-05,1
945,line,1037,駒ヶ根変電所~松尾寺所変電所線,2123,1357,77.0,93.36,0.000186,1
946,line,1038,中部送電線_399,267,856,154.0,266.74,9e-06,1
947,line,1039,犬山岩倉線 (Inuyama Iwakura Sen),267,268,154.0,800.21,8e-06,0
948,line,1040,犬山岩倉線 (Inuyama Iwakura Sen),268,269,154.0,266.74,9.3e-05,0
949,line,1041,犬山変電所~小牧変電所線,268,1653,154.0,266.74,2.7e-05,0
950,line,1042,犬山羽黒線,1574,1571,77.0,933.58,2e-06,0
951,line,1043,羽黒大口町線; 羽黒城東線,1574,270,77.0,373.43,1.4e-05,0
952,line,1044,江南羽黒線; トヨタ紡績大口線,1574,271,77.0,373.43,1.4e-05,0
953,line,1045,犬山羽黒線,1571,1592,77.0,186.72,0.000163,0
954,line,1046,土田羽黒線; 羽黒中濃線,1571,447,77.0,746.86,2.7e-05,0
955,line,1047,中沖変電所~小牧変電所線,269,1653,154.0,533.47,3e-05,0
956,line,1048,犬山岩倉線 (Inuyama Iwakura Sen),269,294,154.0,266.74,3.5e-05,0
957,line,1049,羽黒変電所~中沖変電所線,269,1573,154.0,533.47,3.1e-05,0
958,line,1050,犬山変電所~小牧変電所線,1653,295,154.0,266.74,8.2e-05,0
959,line,1051,羽黒大口町線,270,271,77.0,186.72,0.0,0
960,line,1052,羽黒大口町線; 江南羽黒線; トヨタ紡績大口線,271,1959,77.0,560.15,3.3e-05,0
961,line,1056,岡崎変電所 (Okazaki Hendensho)~東名古屋変電所線,1498,274,154.0,3200.83,1e-06,1
962,line,1057,大脇変電所~東名古屋変電所線,1498,1923,154.0,533.47,3e-06,0
963,line,1058,岡崎変電所 (Okazaki Hendensho)~東名古屋変電所線,1498,1932,154.0,3734.3,3e-06,0
964,line,1059,中部送電線_1036,272,385,275.0,1905.26,7e-06,0
965,line,1060,東浜三丁目変電所~浅山一丁目変電所線,272,2220,275.0,7621.02,1e-06,0
966,line,1061,北刈谷変電所 (Kita Kariya Hendensho)~駒新町変電所線,1612,1694,77.0,746.86,3.3e-05,0
967,line,1062,中部電力パワーグリッド 154.0kV線,1612,418,77.0,186.72,4.9e-05,0
968,line,1063,北刈谷変電所 (Kita Kariya Hendensho)~駒新町変電所線,1694,273,77.0,746.86,5e-06,0
969,line,1064,中部送電線_93,273,417,77.0,93.36,7.4e-05,1
970,line,1065,昭和町変電所~緑区変電所線,1516,1642,77.0,93.36,0.000192,0
971,line,1066,昭和町寛政-2;昭和町築港連絡-1;需要家線,1515,2448,154.0,1600.41,3e-06,0
972,line,1067,清水変電所~清水区変電所線,1567,2031,77.0,186.72,0.000325,1
973,line,1068,清水変電所~富士市変電所線,1567,449,77.0,186.72,0.000699,0
974,line,1069,岡崎変電所 (Okazaki Hendensho)~東名古屋変電所線,1609,1693,154.0,3200.83,1.2e-05,0
975,line,1070,岡崎変電所 (Okazaki Hendensho)~矢作町変電所線,1609,2012,154.0,266.74,3.9e-05,0
976,line,1071,中部送電線_859,1609,1203,154.0,266.74,2.4e-05,1
977,line,1072,安城市変電所~岡崎変電所 (Okazaki Hendensho)線,1609,323,154.0,1600.41,8e-06,0
978,line,1073,岡崎変電所 (Okazaki Hendensho)~東名古屋変電所線,1693,1932,154.0,3200.83,4e-06,0
979,line,1074,犬山上末線 (Inuyama Kamizue Sen),276,1659,154.0,533.47,7e-06,0
980,line,1075,犬山変電所~上末変電所 (Kamizue Hendensho)線,276,295,154.0,1066.94,1e-05,0
981,line,1076,電源名古屋岩倉線,276,1422,154.0,1066.94,1.7e-05,0
982,line,1077,中部電力パワーグリッド 77.0kV線,277,278,77.0,93.36,2.8e-05,1
983,line,1078,中部電力パワーグリッド 77.0kV線,277,1687,77.0,186.72,0.000115,0
984,line,1079,鳳来三河線,1860,279,77.0,93.36,5.9e-05,0
985,line,1080,中部送電線_156,279,569,77.0,186.72,3e-06,1
986,line,1081,鳳来三河線,279,280,77.0,93.36,4.4e-05,0
987,line,1082,鳳来三河線,280,281,77.0,93.36,0.000478,0
988,line,1083,中部送電線_862,280,1205,77.0,93.36,2.7e-05,1
989,line,1084,鳳来三河線,281,1436,77.0,93.36,0.000339,0
990,line,1085,中部送電線_945,281,1245,77.0,93.36,9.7e-05,1
991,line,1086,namebind,283,2069,154.0,266.74,8.6e-05,0
992,line,1087,関西幹線,283,1206,154.0,1600.41,0.000227,1
993,line,1091,中部送電線_69,284,285,77.0,93.36,8.9e-05,1
994,line,1092,川北変電所~鶴来変電所線,284,2296,77.0,186.72,7.8e-05,0
995,line,1093,川北変電所~鶴来変電所線,284,478,77.0,373.43,2.1e-05,0
996,line,1095,犬山虎渓線,287,288,154.0,533.47,2.1e-05,0
997,line,1096,和合町二丁目変電所~丸山変電所 (Maruyama Hendensho)線,287,1134,154.0,533.47,1e-05,0
998,line,1097,犬山虎渓線,288,2393,154.0,533.47,3.4e-05,0
999,line,1098,leadin,288,2391,154.0,266.74,0.000105,1
1000,line,1099,犬山虎渓線,2393,2392,154.0,533.47,4e-06,0
1001,line,1100,犬山虎渓線,2392,289,154.0,533.47,5.1e-05,0
1002,line,1101,中部送電線_260,289,1970,154.0,266.74,4.2e-05,0
1003,line,1102,namebind,289,1591,154.0,1066.94,2.8e-05,0
1004,line,1103,中部電力パワーグリッド 154.0kV線,1591,294,154.0,266.74,1.7e-05,0
1005,line,1104,土田羽黒線;羽黒中濃線,1572,2346,77.0,746.86,1.8e-05,0
1006,line,1105,関西電力送配電 154.0kV線,1589,290,154.0,266.74,1.3e-05,0
1007,line,1106,関西幹線,1589,1346,154.0,1066.94,1.5e-05,0
1008,line,1107,中部送電線_817,1589,1177,154.0,266.74,3.5e-05,0
1009,line,1108,中部送電線_819,1589,1179,154.0,266.74,1.1e-05,0
1010,line,1109,落合川~読書水力発電所線,1589,1180,154.0,266.74,9.5e-05,0
1011,line,1110,関西幹線,1589,1595,154.0,1066.94,0.000101,0
1012,line,1111,中部送電線_823,290,1185,154.0,266.74,1.6e-05,0
1013,line,1112,読書水力発電所~大桑村変電所線,290,2453,154.0,533.47,0.000178,0
1014,line,1113,大井変電所~瑞浪変電所 (Mizunami Hendensho)線,2333,291,77.0,186.72,0.000626,0
1015,line,1114,中部送電線_803,2333,1168,77.0,93.36,0.000191,0
1016,line,1115,大井坂本線-0,2333,2486,77.0,186.72,0.000127,0
1017,line,1116,大井変電所~瑞浪変電所 (Mizunami Hendensho)線,291,1588,77.0,186.72,1.3e-05,0
1018,line,1117,中部送電線_792,291,1155,77.0,93.36,3.2e-05,0
1019,line,1118,読書水力発電所~大井水力発電所線,292,293,154.0,266.74,0.000107,0
1020,line,1119,読書水力発電所~大井水力発電所線,292,1594,154.0,266.74,0.000255,0
1021,line,1120,関西幹線,292,1346,154.0,1066.94,3e-06,0
1022,line,1121,犬山変電所~小牧変電所線,294,295,154.0,266.74,6e-06,0
1023,line,1122,関西電力送配電 154.0kV線,2164,2453,154.0,800.21,1e-06,1
1024,line,1123,関西電力送配電 154.0kV線,2453,2480,154.0,266.74,1.1e-05,0
1025,line,1124,関西電力送配電 154.0kV線,2480,1595,154.0,266.74,4.1e-05,0
1026,line,1125,中部送電線_824,2480,301,154.0,266.74,1.4e-05,0
1027,line,1126,関西電力送配電 154.0kV線,1595,2165,154.0,1066.94,2e-06,0
1028,line,1127,須原開閉所~大桑村変電所線,1595,296,154.0,266.74,0.000122,1
1029,line,1128,読書水力発電所~須原開閉所線,1595,1594,154.0,533.47,0.00012,0
1030,line,1129,須原開閉所~木曽町変電所線,2165,297,154.0,533.47,7.5e-05,0
1031,line,1130,南信変電所~駒ヶ根変電所線,1599,1726,154.0,266.74,7.8e-05,0
1032,line,1131,駒ヶ根変電所~田畑変電所線,1726,350,154.0,533.47,6.2e-05,0
1033,line,1132,駒ヶ根変電所~中部電力 高森変電所線,1726,2202,154.0,266.74,2.7e-05,0
1034,line,1133,読書水力発電所~字渡島変電所線,1594,2452,154.0,266.74,1.2e-05,0
1035,line,1134,須原開閉所~木曽町変電所線,297,2495,154.0,533.47,2.2e-05,0
1036,line,1135,中部送電線_829,297,1191,154.0,266.74,9e-06,1
1037,line,1136,須原開閉所~木曽町変電所線,2495,2163,154.0,533.47,3.6e-05,0
1038,line,1137,木曽町変電所~松島変電所線,2163,1635,154.0,533.47,0.000269,0
1039,line,1138,関西電力送配電 154.0kV線,2163,340,154.0,266.74,5.8e-05,0
1040,line,1139,中部送電線_75,1596,298,154.0,266.74,1.3e-05,0
1041,line,1140,平和町上三宅変電所~平野町四丁目変電所線,298,2434,154.0,533.47,2.5e-05,0
1042,line,1141,平和町上三宅変電所~祖父江町大牧変電所線,298,2435,154.0,160.04,4.9e-05,0
1043,line,1142,字渡島変電所~平沢変電所線,299,300,154.0,800.21,1.3e-05,0
1044,line,1143,読書水力発電所~字渡島変電所線,299,2452,154.0,266.74,8e-06,0
1045,line,1144,字渡島変電所~読書水力発電所線,299,1187,154.0,266.74,0.000102,0
1046,line,1145,字渡島変電所~平沢変電所線,300,301,154.0,800.21,4.6e-05,0
1047,line,1146,中部送電線_825,300,1186,154.0,266.74,1.4e-05,1
1048,line,1147,字渡島変電所~平沢変電所線,301,1628,154.0,800.21,0.00015,0
1049,line,1148,字渡島変電所~平沢変電所線,1628,302,154.0,800.21,2.3e-05,0
1050,line,1149,字渡島変電所~平沢変電所線,302,303,154.0,800.21,3.1e-05,0
1051,line,1150,中部送電線_831,302,1192,154.0,266.74,7e-06,1
1052,line,1151,字渡島変電所~平沢変電所線,303,2162,154.0,800.21,2.5e-05,0
1053,line,1152,中部送電線_832,303,1193,154.0,266.74,7e-06,1
1054,line,1153,中信変電所~平沢変電所線,2162,816,154.0,533.47,8.8e-05,0
1055,line,1154,赤水町変電所~大字福村変電所線,304,305,154.0,533.47,5e-05,0
1056,line,1155,垂坂町変電所~北勢変電所 (Hokusei Hendensho)線,304,309,154.0,533.47,2.7e-05,0
1057,line,1156,垂坂町変電所~北勢変電所 (Hokusei Hendensho)線,304,310,154.0,533.47,3.4e-05,0
1058,line,1157,中勢亀山線,305,306,154.0,1600.41,1e-06,0
1059,line,1158,中勢亀山線,305,2027,154.0,1600.41,6e-05,0
1060,line,1159,大字福村変電所~大字音羽変電所線,306,307,154.0,800.21,2.5e-05,0
1061,line,1160,中勢亀山線,306,311,154.0,1600.41,3e-06,0
1062,line,1161,大字福村変電所~大字音羽変電所線,307,1602,154.0,800.21,1e-05,0
1063,line,1162,中部送電線_285,307,779,154.0,266.74,2.4e-05,1
1064,line,1163,垂坂町変電所~北勢変電所 (Hokusei Hendensho)線,308,309,154.0,533.47,2.6e-05,0
1065,line,1164,垂坂町変電所~北勢変電所 (Hokusei Hendensho)線,308,310,154.0,533.47,6.5e-05,0
1066,line,1165,大協町二丁目変電所~赤水町変電所線,309,2254,154.0,533.47,5e-06,0
1067,line,1166,中勢亀山線,2027,891,154.0,1600.41,0.000114,0
1068,line,1167,leadin,311,1897,154.0,266.74,1.5e-05,1
1069,line,1168,大字音羽変電所~長深変電所線,312,1601,275.0,5715.77,4e-06,1
1070,line,1169,大字音羽変電所~長深変電所線,1601,313,275.0,5715.77,6e-06,0
1071,line,1170,中部送電線_287,313,2068,275.0,1905.26,1.2e-05,0
1072,line,1171,高根町上ケ洞変電所~北部変電所線,1624,314,275.0,5715.77,1.6e-05,0
1073,line,1172,高根町上ケ洞変電所~中信変電所線,1624,445,275.0,1905.26,9.8e-05,0
1074,line,1173,高根町上ケ洞変電所~中信変電所線,1624,463,275.0,1905.26,9.4e-05,0
1075,line,1174,中部送電線_80,314,344,275.0,952.63,5e-06,1
1076,line,1175,三ツ渕変電所~関市変電所線,1603,360,154.0,1066.94,0.000141,0
1077,line,1176,三ツ渕変電所~西栃井変電所線,1603,2118,154.0,1066.94,0.000136,0
1078,line,1177,石薬師町変電所~能褒野町変電所線,2043,317,154.0,533.47,4.2e-05,0
1079,line,1178,namebind,2043,315,154.0,800.21,4.8e-05,0
1080,line,1179,能褒野町変電所~石薬師町変電所線,315,2492,154.0,533.47,2.4e-05,0
1081,line,1180,中部送電線_888,315,1212,154.0,533.47,4e-06,1
1082,line,1181,南勢北勢線,316,433,154.0,533.47,0.000347,1
1083,line,1182,namebind,316,2473,154.0,533.47,2.2e-05,0
1084,line,1183,中部電力パワーグリッド 154.0kV線,317,2492,154.0,266.74,2.2e-05,0
1085,line,1184,石薬師町変電所~住吉五丁目変電所線,317,2473,154.0,266.74,7.1e-05,1
1086,line,1185,北刈谷変電所 (Kita Kariya Hendensho)~矢場町三丁目変電所線,318,2420,154.0,533.47,2.3e-05,0
1087,line,1186,北刈谷南安城線;北刈谷依佐美線,318,420,154.0,2133.89,5e-06,0
1088,line,1187,中部電力パワーグリッド 154.0kV線,318,1611,154.0,1066.94,2e-06,0
1089,line,1188,岡崎変電所 (Okazaki Hendensho)~依佐美変電所線,1610,319,77.0,746.86,1.2e-05,0
1090,line,1189,岡崎変電所 (Okazaki Hendensho)~寿町変電所線,1610,422,77.0,93.36,5.7e-05,0
1091,line,1190,岡崎変電所 (Okazaki Hendensho)~依佐美変電所線,319,320,77.0,746.86,4.2e-05,0
1092,line,1191,中部電力パワーグリッド 77.0kV線,319,2349,77.0,186.72,4e-05,1
1093,line,1192,namebind,320,1617,77.0,746.86,1.1e-05,0
1094,line,1193,中部電力パワーグリッド 77.0kV線,320,663,77.0,93.36,3.5e-05,0
1095,line,1194,小垣江町変電所~刈谷市変電所線,2151,321,154.0,266.74,2.3e-05,0
1096,line,1195,小垣江町変電所~刈谷市変電所線,321,2150,154.0,266.74,9e-06,0
1097,line,1196,刈谷市変電所~小垣江町変電所線,321,934,154.0,266.74,7e-06,1
1098,line,1197,刈谷市変電所~安城市変電所線,2150,2149,154.0,266.74,1.5e-05,0
1099,line,1198,依佐美高棚線,2150,825,154.0,266.74,2.7e-05,0
1100,line,1199,依佐美変電所~安城市変電所線,322,323,154.0,533.47,2.9e-05,0
1101,line,1200,中部電力パワーグリッド 154.0kV線,322,1616,154.0,3200.83,4e-06,0
1102,line,1202,612,1687,411,77.0,93.36,2.6e-05,0
1103,line,1203,高口変電所 (Takaguchi Hendensho)~三好変電所線,1687,324,77.0,373.43,8.9e-05,0
1104,line,1204,高口変電所 (Takaguchi Hendensho)~三好変電所線,1688,324,77.0,373.43,3.8e-05,0
1105,line,1205,高口変電所 (Takaguchi Hendensho)~前田町三丁目変電所線,1688,2355,77.0,186.72,0.000109,0
1106,line,1206,高口変電所 (Takaguchi Hendensho)~中部電力パワーグリッド 日進変電所線,324,1493,275.0,533.47,0.00025,0
1107,line,1207,島田電力所~駿遠変電所線,325,326,77.0,186.72,2.1e-05,0
1108,line,1208,namebind,325,2003,77.0,186.72,0.00018,0
1109,line,1209,島田電力所~駿遠変電所線,325,1678,77.0,280.07,7.5e-05,0
1110,line,1210,島田電力所~駿遠変電所線,326,327,77.0,186.72,9.4e-05,0
1111,line,1211,中部送電線_728,326,1106,77.0,186.72,1.3e-05,1
1112,line,1212,島田電力所~駿遠変電所線,327,328,77.0,186.72,1.1e-05,0
1113,line,1213,中部送電線_959,327,1267,77.0,93.36,4.6e-05,1
1114,line,1214,中部送電線_959,327,1105,77.0,93.36,3.1e-05,0
1115,line,1215,中部送電線_745,328,1105,77.0,93.36,1.9e-05,0
1116,line,1216,島田電力所~駿遠変電所線,328,329,77.0,186.72,3.2e-05,0
1117,line,1217,島田電力所~駿遠変電所線,329,330,77.0,186.72,0.000113,0
1118,line,1218,島田電力所~駿遠変電所線,330,1469,77.0,186.72,3.8e-05,0
1119,line,1219,駿遠西掛川線,1469,798,77.0,93.36,0.00028,0
1120,line,1221,中部電力パワーグリッド 154.0kV線,1615,331,154.0,533.47,9e-06,1
1121,line,1222,中部電力パワーグリッド 154.0kV線,1615,1468,154.0,266.74,1e-05,0
1122,line,1223,駿遠変電所~島田電力所線,1468,731,154.0,533.47,0.000161,0
1123,line,1224,南磐田大須賀線,1878,332,77.0,93.36,0.000102,0
1124,line,1225,南磐田分岐線,1878,1879,77.0,186.72,4e-05,0
1125,line,1226,南磐田大須賀線,332,333,77.0,93.36,0.000316,0
1126,line,1227,西貝塚南磐田線,332,585,77.0,186.72,5.7e-05,0
1127,line,1228,南磐田大須賀線,333,334,77.0,93.36,1.7e-05,1
1128,line,1229,浅羽変電所~中部電力パワーグリッド（株）大須賀変電所線,333,1890,77.0,93.36,0.000498,0
1129,line,1230,駿遠西掛川線,1867,1618,77.0,93.36,1.9e-05,0
1130,line,1231,袋井変電所~西掛川変電所線,1618,579,77.0,93.36,0.000345,0
1131,line,1232,東海鉄道磐田線,335,1876,77.0,93.36,5.2e-05,0
1132,line,1233,青部変電所~島田電力所線,1967,1963,77.0,280.07,6e-06,0
1133,line,1234,青部変電所~島田電力所線,1963,336,77.0,280.07,0.000216,0
1134,line,1235,青部変電所~島田電力所線,336,1678,77.0,280.07,0.000451,0
1135,line,1236,中部送電線_730,336,1107,77.0,93.36,8.3e-05,1
1136,line,1237,新福寺町二丁目変電所~枇杷島変電所線,1622,1496,77.0,93.36,5.4e-05,0
1137,line,1238,青部変電所~川根本町変電所線,1966,1962,154.0,533.47,2e-06,0
1138,line,1239,青部変電所~春野町領家変電所線,1966,337,154.0,800.21,0.000128,0
1139,line,1240,青部変電所~春野町領家変電所線,337,2017,154.0,533.47,5.4e-05,0
1140,line,1241,中部電力パワーグリッド 154.0kV線,1962,1964,154.0,266.74,6e-06,0
1141,line,1242,川根本町変電所~平岡変電所線,1962,338,154.0,266.74,0.00057,0
1142,line,1243,葵区変電所~川根本町変電所線,1962,701,154.0,533.47,0.000155,0
1143,line,1244,川根本町変電所~平岡変電所線,338,1637,154.0,266.74,0.000185,0
1144,line,1245,中部送電線_697,338,1059,154.0,266.74,3.9e-05,1
1145,line,1246,namebind,1637,345,154.0,266.74,7.3e-05,0
1146,line,1247,平岡変電所~飯田市変電所線,1637,2205,154.0,266.74,5.8e-05,1
1147,line,1248,門島変電所~平岡変電所線,1637,2307,154.0,266.74,0.00018,0
1148,line,1249,田畑変電所~松島変電所線,1635,446,154.0,266.74,4.1e-05,0
1149,line,1250,中部電力パワーグリッド 154.0kV線,1635,1747,154.0,1066.94,9.2e-05,0
1150,line,1251,関西電力送配電 154.0kV線,340,341,154.0,266.74,3e-06,1
1151,line,1252,namebind,340,1629,154.0,533.47,4.5e-05,1
1152,line,1253,中部送電線_78,1626,342,154.0,266.74,1e-05,0
1153,line,1254,中部送電線_79,1626,343,154.0,266.74,0.000105,0
1154,line,1255,木曽町変電所~三岳変電所線,2315,1629,154.0,533.47,6.9e-05,1
1155,line,1256,小坂町小坂町変電所~三岳変電所線,1629,905,154.0,533.47,0.000199,1
1156,line,1257,平岡変電所~天竜区変電所線,345,346,154.0,266.74,0.000231,0
1157,line,1258,平岡変電所~門島変電所線,345,2307,154.0,266.74,0.000226,0
1158,line,1259,平岡変電所~天竜区変電所線,346,2023,154.0,266.74,0.000157,0
1159,line,1260,中部送電線_695,346,2025,154.0,266.74,2.3e-05,0
1160,line,1261,中部電力 高森変電所~門島変電所線,347,348,154.0,533.47,0.000217,0
1161,line,1262,中部送電線_425,347,885,154.0,266.74,4.8e-05,1
1162,line,1263,中部送電線_425,347,887,154.0,266.74,2.3e-05,1
1163,line,1264,駒ヶ根変電所~中部電力 高森変電所線,347,960,154.0,533.47,6.3e-05,0
1164,line,1265,中部電力 高森変電所~門島変電所線,348,2121,154.0,533.47,6e-06,0
1165,line,1266,中部送電線_431,348,2307,154.0,533.47,2.8e-05,0
1166,line,1267,門島変電所~平岡変電所線,2121,2307,154.0,266.74,1.6e-05,0
1167,line,1269,leadin,349,1632,154.0,266.74,2e-05,0
1168,line,1270,駒ヶ根変電所~田畑変電所線,349,350,154.0,533.47,4e-06,0
1169,line,1271,駒ヶ根変電所~田畑変電所線,349,2199,154.0,533.47,2.8e-05,0
1170,line,1272,中部電力パワーグリッド 154.0kV線,350,1632,154.0,266.74,1.1e-05,0
1171,line,1273,東春近変電所~飯坂一丁目変電所線,351,2200,77.0,186.72,6e-05,0
1172,line,1274,東春近変電所~下川手変電所線,351,2067,77.0,93.36,0.000175,0
1173,line,1275,中部電力パワーグリッド 77.0kV線,351,777,77.0,93.36,0.0001,0
1174,line,1276,東春近変電所~飯坂一丁目変電所線,2200,2120,77.0,186.72,0.000314,0
1175,line,1277,飯坂一丁目変電所~東春近変電所線,2120,777,77.0,186.72,0.000358,0
1176,line,1278,中部送電線_599,2120,959,77.0,93.36,0.000593,1
1177,line,1279,駒ヶ根変電所~田畑変電所線,2199,1633,154.0,533.47,4.3e-05,0
1178,line,1280,田畑変電所~松島変電所線,1633,446,154.0,266.74,6.1e-05,0
1179,line,1281,駒ヶ根変電所~松尾寺所変電所線,1727,352,77.0,93.36,0.001088,1
1180,line,1282,駒ヶ根変電所~松尾寺所変電所線,352,353,77.0,93.36,0.000137,1
1181,line,1283,中部送電線_468,352,914,77.0,93.36,5.1e-05,1
1182,line,1284,駒ヶ根変電所~松尾寺所変電所線,353,354,77.0,93.36,0.000297,1
1183,line,1285,中部送電線_601,353,2124,77.0,93.36,4e-05,1
1184,line,1286,駒ヶ根変電所~松尾寺所変電所線,354,1357,77.0,93.36,4.1e-05,1
1185,line,1287,座光寺変電所~下黒田変電所線,354,2460,77.0,93.36,0.000262,1
1186,line,1288,松島変電所~田畑変電所線,355,1638,77.0,93.36,6.7e-05,0
1187,line,1289,中部電力パワーグリッド 77.0kV線,355,1636,77.0,93.36,6.2e-05,0
1188,line,1290,松島変電所~辰野町変電所線,355,2066,77.0,93.36,0.000415,0
1189,line,1291,松島変電所~田畑変電所線,1638,1634,77.0,93.36,0.000455,0
1190,line,1292,田畑変電所~東春近変電所線,1634,777,77.0,93.36,0.000322,0
1191,line,1293,中部電力パワーグリッド 77.0kV線,1634,778,77.0,93.36,0.000104,1
1192,line,1294,namebind,1642,2224,77.0,93.36,0.000157,0
1193,line,1295,中部電力パワーグリッド 154.0kV線,1642,381,77.0,373.43,2.6e-05,0
1194,line,1296,春日井変電所~電源名古屋線,356,1342,154.0,266.74,2.6e-05,0
1195,line,1297,春日井変電所~名北変電所線,356,1643,154.0,266.74,8.5e-05,0
1196,line,1298,春日井変電所~電源名古屋線,1342,1422,154.0,266.74,2.5e-05,0
1197,line,1299,電源名古屋~知多町一丁目変電所線,1422,1821,154.0,266.74,8.3e-05,0
1198,line,1300,namebind,1649,1412,77.0,93.36,0.000119,0
1199,line,1301,namebind,1649,2088,77.0,186.72,6.9e-05,0
1200,line,1302,小島変電所~赤坂大門三丁目変電所線,1649,2213,77.0,186.72,2.5e-05,0
1201,line,1303,下土居二丁目変電所~御望変電所線,357,358,275.0,1905.26,0.0,0
1202,line,1304,北町変電所~下土居二丁目変電所線,357,712,275.0,1905.26,0.0,0
1203,line,1305,北町変電所~下土居二丁目変電所線,357,362,275.0,1905.26,1e-06,0
1204,line,1306,中部送電線_866,358,712,275.0,952.63,0.0,0
1205,line,1307,下土居二丁目変電所~御望変電所線,358,359,275.0,1905.26,3e-06,0
1206,line,1308,中部送電線_865,359,1207,275.0,952.63,1e-06,1
1207,line,1309,中部電力パワーグリッド 154.0kV線,360,363,154.0,266.74,1.4e-05,1
1208,line,1310,北部西濃線,2477,1551,275.0,3810.51,1e-06,0
1209,line,1311,曲路東一丁目変電所~加納変電所 (Kanō Hendensho)線,2477,361,275.0,952.63,4e-06,0
1210,line,1312,北部西濃線,2477,712,275.0,3810.51,6e-06,0
1211,line,1313,下土居二丁目変電所~曲路東一丁目変電所線,361,362,275.0,952.63,2e-05,0
1212,line,1314,北町変電所~下土居二丁目変電所線,362,1981,275.0,1905.26,2e-06,0
1213,line,1315,中部送電線_82,364,1650,154.0,114.32,0.000103,1
1214,line,1316,関開閉所~白川村変電所線,1554,1899,275.0,3810.51,7.2e-05,0
1215,line,1317,中部電力パワーグリッド 275.0kV線,1899,987,275.0,1905.26,1e-06,0
1216,line,1318,白川村変電所~飯島変電所線,1899,981,275.0,3810.51,1e-05,0
1217,line,1319,中部送電線_84,365,366,154.0,533.47,4e-06,0
1218,line,1320,中部送電線_83,366,367,154.0,533.47,1e-06,0
1219,line,1321,中部送電線_84,366,368,154.0,533.47,2e-06,0
1220,line,1322,中部送電線_1089,367,368,154.0,533.47,1e-06,0
1221,line,1323,namebind,367,1656,154.0,266.74,4.3e-05,0
1222,line,1324,七宝津島線,368,1658,154.0,1066.94,3e-06,1
1223,line,1325,飛島七宝線 (Tobishima Shippō Sen),1661,801,154.0,1066.94,8e-06,0
1224,line,1326,長谷三丁目変電所~中部電力パワーグリッド（株）大須賀変電所線,369,370,77.0,93.36,0.000191,1
1225,line,1327,namebind,369,1864,77.0,93.36,0.000307,1
1226,line,1328,浅羽変電所~長谷三丁目変電所線,369,2102,77.0,93.36,0.000392,1
1227,line,1329,長谷三丁目変電所~中部電力パワーグリッド（株）大須賀変電所線,370,371,77.0,93.36,7.4e-05,0
1228,line,1330,namebind,370,1898,77.0,93.36,0.000206,0
1229,line,1331,長谷三丁目変電所~中部電力パワーグリッド（株）大須賀変電所線,371,1890,77.0,93.36,8.5e-05,0
1230,line,1332,中部送電線_758,371,1121,77.0,93.36,5.6e-05,1
1231,line,1333,leadin,1890,430,77.0,186.72,5.9e-05,0
1232,line,1334,柏木変電所~深川変電所線,1664,372,77.0,373.43,1.2e-05,1
1233,line,1335,柏木変電所~水口変電所線,372,2323,77.0,373.43,2.4e-05,1
1234,line,1336,柏木変電所~土山町変電所線,373,374,77.0,186.72,0.000242,1
1235,line,1337,柏木変電所~日野町変電所線,373,2145,77.0,373.43,0.000125,0
1236,line,1338,柏木変電所~土山町変電所線,374,1665,77.0,186.72,0.000138,1
1237,line,1339,甲賀町鳥居野変電所~土山町変電所線,374,2280,77.0,186.72,0.000149,1
1238,line,1340,leadin,1711,2195,77.0,93.36,0.000103,0
1239,line,1341,新鈴鹿津線,1711,375,77.0,93.36,0.000311,0
1240,line,1342,新鈴鹿変電所~関町小野変電所線,1711,1939,77.0,186.72,9.7e-05,0
1241,line,1343,新鈴鹿壬生野線,1711,379,77.0,93.36,0.00165,0
1242,line,1344,新鈴鹿津線,375,376,77.0,93.36,0.000176,0
1243,line,1345,エイチワン亀山線,375,612,77.0,93.36,6.4e-05,1
1244,line,1346,新鈴鹿津線,376,377,77.0,93.36,0.000318,0
1245,line,1347,庄野新鈴鹿線,376,613,154.0,186.72,5e-05,0
1246,line,1348,新鈴鹿津線,377,378,77.0,93.36,0.000146,0
1247,line,1349,あのつ台分岐線,377,614,77.0,93.36,1.8e-05,1
1248,line,1350,内多分岐線,378,2488,77.0,93.36,0.000113,1
1249,line,1351,荒木壬生野線,379,649,77.0,93.36,1.3e-05,0
1250,line,1352,壬生野柏野線,379,651,77.0,186.72,5.6e-05,1
1251,line,1353,中勢亀山線,1667,429,275.0,952.63,6e-05,0
1252,line,1354,関町会下変電所~関町小野変電所線,380,2045,77.0,186.72,1.5e-05,1
1253,line,1355,関町会下変電所~関町小野変電所線,2045,1939,77.0,93.36,4.7e-05,0
1254,line,1356,緑区変電所~浅山一丁目変電所線,381,382,77.0,373.43,3.6e-05,0
1255,line,1357,大高変電所~緑区変電所線,381,1492,77.0,373.43,2.8e-05,0
1256,line,1358,中部電力パワーグリッド 77.0kV線,382,383,77.0,186.72,2.8e-05,1
1257,line,1359,浅山一丁目変電所~原二丁目変電所線,382,384,77.0,186.72,0.000118,0
1258,line,1360,有松変電所~中部電力パワーグリッド 日進変電所線,2497,406,154.0,1066.94,2.6e-05,0
1259,line,1361,浅山一丁目変電所~原二丁目変電所線,384,1670,77.0,186.72,0.000143,0
1260,line,1362,中部電力パワーグリッド 77.0kV線,384,1723,77.0,373.43,5.4e-05,1
1261,line,1363,中部電力パワーグリッド 77.0kV線,1670,387,77.0,186.72,2.3e-05,1
1262,line,1364,namebind,385,2221,154.0,2133.89,7e-06,0
1263,line,1365,浅山一丁目変電所~原二丁目変電所線,385,1669,154.0,2133.89,1.2e-05,0
1264,line,1366,中部電力パワーグリッド 154.0kV線,1669,386,154.0,1066.94,1.1e-05,1
1265,line,1367,中部電力パワーグリッド 154.0kV線,1669,390,154.0,1066.94,2.5e-05,0
1266,line,1368,中部電力パワーグリッド 154.0kV線,388,389,154.0,533.47,6e-06,0
1267,line,1369,中部送電線_89,388,391,154.0,533.47,4e-06,1
1268,line,1370,岩滑西町三丁目変電所~南起変電所線,388,393,154.0,1066.94,1.5e-05,0
1269,line,1371,中部送電線_551,389,849,154.0,266.74,6e-05,1
1270,line,1372,原二丁目変電所~岩滑西町三丁目変電所線,2137,1673,77.0,93.36,2e-05,0
1271,line,1373,原二丁目変電所~岩滑西町三丁目変電所線,2137,392,77.0,186.72,0.000175,1
1272,line,1374,岩滑西町三丁目変電所~南起変電所線,1673,2416,77.0,93.36,0.000906,0
1273,line,1375,原二丁目変電所~岩滑西町三丁目変電所線,390,2136,154.0,1066.94,2e-06,0
1274,line,1376,中部送電線_546,390,2136,154.0,266.74,9e-06,0
1275,line,1377,原二丁目変電所~岩滑西町三丁目変電所線,2136,1672,154.0,1066.94,1e-06,0
1276,line,1378,岩滑西町三丁目変電所~南起変電所線,1672,393,154.0,1066.94,3.4e-05,0
1277,line,1379,南起変電所~野間変電所線,393,2198,154.0,266.74,0.000131,1
1278,line,1380,中部送電線_1103,394,1314,77.0,93.36,1.5e-05,1
1279,line,1381,中部電力パワーグリッド 77.0kV線,394,1476,77.0,93.36,0.000157,0
1280,line,1382,長深変電所~西名古屋変電所線,394,2070,77.0,186.72,9.3e-05,0
1281,line,1383,namebind,2323,395,77.0,280.07,1e-05,1
1282,line,1384,中部電力パワーグリッド 77.0kV線,396,397,77.0,373.43,5e-06,0
1283,line,1385,中部電力パワーグリッド 77.0kV線,396,1680,77.0,560.15,2.9e-05,0
1284,line,1386,高口変電所 (Takaguchi Hendensho)~前田町三丁目変電所線,1680,2355,77.0,280.07,1e-05,0
1285,line,1387,前田町三丁目変電所~平戸橋町変電所線,397,398,77.0,186.72,0.000207,0
1286,line,1388,前田町三丁目変電所~愛知変電所線,397,399,77.0,186.72,7.4e-05,0
1287,line,1389,中部送電線_896,398,2454,77.0,93.36,7.3e-05,0
1288,line,1390,前田町三丁目変電所~平戸橋町変電所線,398,1299,77.0,186.72,0.000505,0
1289,line,1391,前田町三丁目変電所~愛知変電所線,399,400,77.0,186.72,6.7e-05,0
1290,line,1392,東部変電所~東豊田変電所線,399,1213,77.0,93.36,0.000207,0
1291,line,1393,前田町三丁目変電所~愛知変電所線,400,1429,77.0,186.72,0.000153,0
1292,line,1394,東部変電所~東豊田変電所線,400,1213,77.0,93.36,8e-05,0
1293,line,1395,前田町三丁目変電所~愛知変電所線,1429,401,77.0,186.72,0.000142,0
1294,line,1396,中部送電線_893,401,1216,77.0,93.36,2.6e-05,1
1295,line,1397,前田町三丁目変電所~愛知変電所線,401,402,77.0,186.72,0.000154,0
1296,line,1398,中部電力（株）豊明変電所~東名古屋変電所線,403,1499,77.0,280.07,1.4e-05,0
1297,line,1399,中部電力パワーグリッド 77.0kV線,403,1924,77.0,186.72,1.6e-05,0
1298,line,1400,中部電力パワーグリッド 154.0kV線,405,2498,77.0,93.36,5e-05,0
1299,line,1401,瑞穂変電所~中部電力パワーグリッド 日進変電所線,406,1960,154.0,266.74,8.3e-05,0
1300,line,1402,中部電力パワーグリッド 77.0kV線,407,1700,77.0,93.36,0.000156,1
1301,line,1403,岩作色金変電所~瀬戸変電所線,407,681,77.0,186.72,0.000232,0
1302,line,1404,岡谷変電所~ちの変電所線,408,1728,77.0,93.36,0.001079,0
1303,line,1405,岡谷変電所~辰野町変電所線,408,2066,77.0,93.36,0.000909,0
1304,line,1406,岡谷変電所~ちの変電所線,1728,409,77.0,93.36,0.000221,0
1305,line,1407,岡谷変電所~ちの変電所線,409,410,77.0,93.36,6e-05,0
1306,line,1408,中部送電線_881,409,1210,77.0,93.36,0.000112,1
1307,line,1409,中部送電線_336,410,805,77.0,93.36,2.2e-05,0
1308,line,1410,中部電力パワーグリッド 77.0kV線,410,1685,77.0,93.36,8.7e-05,1
1309,line,1411,leadin,1622,1916,77.0,93.36,0.000134,1
1310,line,1412,南柴田町変電所~東海町六丁目変電所線,415,2222,275.0,7621.02,0.0,1
1311,line,1413,南柴田町変電所~東海町六丁目変電所線,2222,1682,275.0,3810.51,1e-06,0
1312,line,1414,南柴田町変電所~東海町六丁目変電所線,1682,2220,275.0,4763.14,0.0,0
1313,line,1415,中部送電線_456,2243,2242,77.0,93.36,6e-06,1
1314,line,1416,中部電力パワーグリッド 77.0kV線,2243,418,77.0,93.36,6.5e-05,0
1315,line,1417,北刈谷南安城線;北刈谷依佐美線,418,419,77.0,186.72,8e-06,0
1316,line,1418,北刈谷南安城線;北刈谷依佐美線,419,2337,77.0,186.72,8e-05,0
1317,line,1419,namebind,419,2420,77.0,186.72,8e-05,0
1318,line,1420,北刈谷南安城線;北刈谷依佐美線,2337,2423,77.0,186.72,2e-05,0
1319,line,1421,leadin,2337,1209,77.0,186.72,2e-05,1
1320,line,1422,依佐美地蔵山線;名鉄知立線,2337,663,77.0,93.36,5.2e-05,0
1321,line,1423,北刈谷南安城線;北刈谷依佐美線,2423,1617,77.0,93.36,4.9e-05,0
1322,line,1424,北刈谷南安城線;北刈谷依佐美線,420,2336,154.0,2133.89,2e-06,0
1323,line,1425,新池分岐線;名鉄知立線,420,990,154.0,800.21,2e-06,0
1324,line,1426,名鉄知立線,420,2336,154.0,533.47,6e-06,0
1325,line,1427,北刈谷南安城線;北刈谷依佐美線,2336,2422,154.0,2133.89,1e-06,0
1326,line,1428,北刈谷南安城線;北刈谷依佐美線,2422,1616,154.0,1600.41,2e-06,0
1327,line,1429,佐久平駅東変電所~小諸市変電所線,421,2101,77.0,93.36,0.000264,0
1328,line,1430,小諸市変電所~佐久平駅東変電所線,421,1699,77.0,93.36,0.000677,0
1329,line,1431,中部電力パワーグリッド 77.0kV線,421,1375,77.0,93.36,5.6e-05,0
1330,line,1432,岡崎変電所 (Okazaki Hendensho)~寿町変電所線,422,423,77.0,93.36,4.3e-05,0
1331,line,1433,中部送電線_439,422,2013,77.0,93.36,5.9e-05,0
1332,line,1434,加賀変電所~城端開閉所線,1702,1752,275.0,1905.26,5.1e-05,0
1333,line,1435,北陸電力送配電 275.0kV線,1702,1737,275.0,5715.77,4e-05,0
1334,line,1436,城端開閉所~婦中町新屋変電所線,1752,2289,275.0,3810.51,3e-05,0
1335,line,1437,城端開閉所~新富山変電所線,1752,1941,275.0,3810.51,3e-05,0
1336,line,1438,城端開閉所~城変電所線,1752,2304,275.0,952.63,2.6e-05,0
1337,line,1439,成出変電所~城端開閉所線,1752,988,275.0,1905.26,3.4e-05,0
1338,line,1440,中ノ江変電所~太田変電所線,1704,2305,154.0,533.47,1.1e-05,0
1339,line,1441,山代温泉変電所~角間町変電所線,1704,2295,154.0,1066.94,0.000124,0
1340,line,1442,下吉江変電所~城端開閉所線,2305,2303,154.0,533.47,0.000104,0
1341,line,1443,中ノ江変電所~太田変電所線,2305,1256,154.0,533.47,8.2e-05,0
1342,line,1444,丸岡町舛田変電所~上野変電所線,1737,1734,275.0,1905.26,2.1e-05,0
1343,line,1445,城端変電所~下吉江変電所線,1706,424,66.0,68.59,0.000475,1
1344,line,1446,城端変電所~下吉江変電所線,424,1705,66.0,68.59,0.000169,0
1345,line,1447,中ノ江変電所~下吉江変電所線,424,942,66.0,137.18,5.1e-05,1
1346,line,1448,城端変電所~下吉江変電所線,1705,425,66.0,68.59,8.9e-05,0
1347,line,1449,城端変電所~下吉江変電所線,425,426,66.0,68.59,0.000574,0
1348,line,1450,中ノ江変電所~南福光変電所線,425,2271,66.0,68.59,0.000687,1
1349,line,1451,下吉江変電所~山王町変電所線,426,1709,66.0,137.18,0.000377,0
1350,line,1452,新富町変電所~下吉江変電所線,426,2139,66.0,137.18,0.000226,0
1351,line,1453,中部電力パワーグリッド 77.0kV線,1580,428,77.0,93.36,0.000855,1
1352,line,1454,浜岡駿遠線,2104,2389,275.0,3810.51,0.0,0
1353,line,1455,新鈴鹿分岐線,429,1710,275.0,952.63,1.3e-05,0
1354,line,1456,中勢亀山線,429,1938,275.0,952.63,5e-06,0
1355,line,1457,中部電力パワーグリッド（株）大須賀変電所~上ノ原変電所線,430,431,77.0,186.72,0.000151,0
1356,line,1458,中部電力パワーグリッド（株）大須賀変電所~掛川市変電所線,430,1898,77.0,93.36,0.000213,0
1357,line,1459,大東町変電所~奥の谷変電所線,431,1888,77.0,93.36,3.1e-05,1
1358,line,1460,中部電力パワーグリッド（株）大須賀変電所~上ノ原変電所線,431,432,77.0,186.72,5.1e-05,0
1359,line,1461,大東町変電所~奥の谷変電所線,431,1073,77.0,93.36,0.000177,1
1360,line,1462,大東町変電所~平組変電所線,432,1114,77.0,93.36,3.3e-05,1
1361,line,1463,中部送電線_1010,2105,2390,77.0,93.36,2.4e-05,0
1362,line,1464,大屋変電所~小諸市変電所線,435,2010,77.0,93.36,0.000326,0
1363,line,1465,東信大屋線,435,1640,77.0,186.72,0.000199,0
1364,line,1466,東信大屋線,435,2011,77.0,186.72,2.8e-05,0
1365,line,1467,大屋変電所~小諸市変電所線,2010,436,77.0,93.36,0.000503,0
1366,line,1468,大屋変電所~小諸市変電所線,436,437,77.0,93.36,4.8e-05,0
1367,line,1469,佐久平駅東変電所~小諸市変電所線,437,2101,77.0,93.36,0.000125,0
1368,line,1470,leadin,438,1831,77.0,93.36,8.2e-05,1
1369,line,1471,浜松高塚分岐線,438,1545,77.0,186.72,3.6e-05,1
1370,line,1475,中勢津線,1668,440,77.0,93.36,0.000121,0
1371,line,1476,中勢青山線,1668,443,77.0,93.36,0.000126,0
1372,line,1477,中勢荒木線,1668,2152,77.0,93.36,0.00055,0
1373,line,1478,中勢青山線,440,443,77.0,93.36,1.4e-05,0
1374,line,1479,中勢津線,440,441,77.0,93.36,8.2e-05,0
1375,line,1480,中勢青山線,440,596,77.0,93.36,0.000494,0
1376,line,1481,中勢津線,441,442,77.0,93.36,0.00036,0
1377,line,1482,羽野分岐線,441,630,77.0,186.72,9.3e-05,1
1378,line,1483,中勢三雲線,442,603,77.0,93.36,0.000161,0
1379,line,1484,高根町上ケ洞変電所~中信変電所線,445,463,275.0,1905.26,4e-06,0
1380,line,1485,中部電力パワーグリッド 275.0kV線,445,1749,275.0,1905.26,3e-06,0
1381,line,1486,南箕輪村変電所~大芝変電所線,446,2204,154.0,266.74,2.2e-05,1
1382,line,1487,富士市変電所~蒲原一丁目変電所線,2036,2049,77.0,93.36,6.8e-05,0
1383,line,1488,中部電力パワーグリッド 154.0kV線,2049,2041,77.0,93.36,3e-05,0
1384,line,1489,富士市変電所~蒲原一丁目変電所線,2049,738,77.0,186.72,3e-05,0
1385,line,1490,富士市変電所~蒲原一丁目変電所線,2049,728,77.0,186.72,8.7e-05,0
1386,line,1491,蒲原一丁目変電所~富士市変電所線,2049,2016,77.0,93.36,4e-05,0
1387,line,1492,富士市変電所~蒲原一丁目変電所線,2035,2048,154.0,1600.41,3e-06,0
1388,line,1493,中部電力パワーグリッド 154.0kV線,2048,2040,154.0,1600.41,1e-06,0
1389,line,1494,富士市変電所~蒲原一丁目変電所線,2048,737,154.0,533.47,1.3e-05,0
1390,line,1495,蒲原一丁目変電所~富士市変電所線,2048,2015,154.0,1066.94,2e-06,0
1391,line,1496,東清水変電所~富士市変電所線,2038,448,77.0,186.72,0.000119,0
1392,line,1497,東清水変電所~富士市変電所線,448,449,77.0,186.72,0.00029,0
1393,line,1498,富士市変電所~清水区変電所線,448,728,77.0,93.36,0.000593,0
1394,line,1499,東清水変電所~富士市変電所線,449,2016,77.0,186.72,2.1e-05,0
1395,line,1500,東海鉄道岩渕線,2016,738,77.0,93.36,3.4e-05,0
1396,line,1501,岩塚変電所~水主町変電所線,1502,1514,154.0,266.74,3.2e-05,1
1397,line,1502,leadin,1502,1330,154.0,266.74,1.4e-05,1
1398,line,1503,leadin,1502,1677,154.0,266.74,1.4e-05,1
1399,line,1504,leadin,1514,1344,154.0,266.74,2.8e-05,1
1400,line,1505,祖父江町祖父江変電所~祖父江町大牧変電所線,2450,450,66.0,68.59,3.9e-05,1
1401,line,1506,祖父江町祖父江変電所~祖父江町大牧変電所線,2450,2435,66.0,68.59,0.000229,0
1402,line,1507,友江変電所~荒土町松ヶ崎変電所線,451,452,154.0,533.47,4.1e-05,0
1403,line,1508,友江変電所~野向町薬師神谷変電所線,451,461,154.0,533.47,5.1e-05,1
1404,line,1509,中部送電線_916,451,458,154.0,266.74,3.3e-05,0
1405,line,1510,友江変電所~荒土町松ヶ崎変電所線,452,842,154.0,533.47,5e-05,0
1406,line,1511,中部送電線_1080,452,2458,154.0,266.74,3.7e-05,0
1407,line,1512,北陸電力送配電 66.0kV線,1733,453,66.0,137.18,0.00049,1
1408,line,1513,金丸変電所~最勝講変電所線,1733,1760,66.0,274.36,3.9e-05,0
1409,line,1514,最勝講変電所~東川原町変電所線,1733,456,66.0,137.18,0.000398,0
1410,line,1515,金丸変電所~中能登変電所線,1733,1005,66.0,137.18,0.000622,1
1411,line,1516,北陸電力送配電 154.0kV線,1356,912,154.0,533.47,0.000258,1
1412,line,1517,中能登変電所~金丸変電所線,1356,1732,154.0,1066.94,3e-05,0
1413,line,1518,長沢変電所~中能登変電所線,454,1355,275.0,1905.26,3e-05,1
1414,line,1519,中能登変電所~最勝講変電所線,1355,455,275.0,1905.26,4.7e-05,1
1415,line,1520,最勝講変電所~東川原町変電所線,456,2372,66.0,137.18,0.000196,1
1416,line,1521,麦生変電所~東川原町変電所線,456,2382,66.0,137.18,0.000537,0
1417,line,1522,友江変電所~東中変電所線,458,459,154.0,533.47,7.4e-05,0
1418,line,1523,中部送電線_915,458,1224,154.0,266.74,9e-06,0
1419,line,1524,中部送電線_377,459,839,154.0,266.74,4e-06,0
1420,line,1525,東中変電所~友江変電所線,459,844,154.0,533.47,8.3e-05,0
1421,line,1526,namebind,1518,2459,77.0,93.36,0.00122,0
1422,line,1527,丸岡町舛田変電所~松岡線,1518,1736,77.0,93.36,0.000366,0
1423,line,1528,開発変電所~松岡線,1518,1753,77.0,186.72,0.000119,0
1424,line,1529,松岡~春江町為国幸変電所線,1518,1757,77.0,186.72,0.00023,0
1425,line,1530,松岡~荒土町松ヶ崎変電所線,1518,468,77.0,93.36,0.0006,0
1426,line,1531,松岡~上東郷町変電所線,1518,470,77.0,186.72,0.000146,0
1427,line,1532,越前変電所~丸岡町舛田変電所線,1740,460,275.0,1905.26,2e-06,0
1428,line,1533,奥野々変電所~越前変電所線,1740,2029,275.0,3810.51,3.3e-05,0
1429,line,1534,越前変電所~丸岡町舛田変電所線,460,1734,275.0,1905.26,4.3e-05,0
1430,line,1535,越前変電所~上東郷町変電所線,460,845,275.0,952.63,1.4e-05,0
1431,line,1536,中部送電線_920,461,1232,154.0,533.47,0.000104,1
1432,line,1537,中部送電線_922,461,2481,154.0,266.74,7e-06,1
1433,line,1538,金津変電所~春江町為国幸変電所線,1736,1768,77.0,186.72,0.000364,0
1434,line,1539,丸岡町舛田変電所~松岡線,1735,1517,154.0,1066.94,2.2e-05,0
1435,line,1540,福井火力線,1735,1756,154.0,1066.94,2.7e-05,0
1436,line,1541,松岡~高木町変電所線,1517,2189,154.0,533.47,6.9e-05,0
1437,line,1542,北陸幹線,1517,499,154.0,533.47,0.000141,0
1438,line,1543,荒土町松ヶ崎変電所~松岡線,1517,842,154.0,533.47,9.4e-05,0
1439,line,1544,山代温泉変電所~角間町変電所線,1517,2295,154.0,1066.94,0.000189,0
1440,line,1545,松岡~高木町変電所線,2189,1793,154.0,533.47,9.5e-05,0
1441,line,1546,高木町変電所~奥野々変電所線,1793,501,154.0,533.47,1.9e-05,0
1442,line,1547,福井火力線,1742,462,154.0,533.47,8.9e-05,0
1443,line,1548,北陸電力送配電 154.0kV線,1742,2364,154.0,1066.94,5.7e-05,0
1444,line,1549,春江町為国幸変電所~天菅生町変電所線,1742,1756,154.0,533.47,4.1e-05,0
1445,line,1550,福井火力線,462,1744,154.0,533.47,9e-06,0
1446,line,1551,三国町新保変電所~上野変電所線,462,1784,154.0,533.47,2.1e-05,0
1447,line,1552,中信変電所~信濃変電所線,1749,1746,275.0,1905.26,0.0,0
1448,line,1553,塩尻送電所~長野市変電所線,1746,1382,275.0,1905.26,0.000126,0
1449,line,1554,東京電力パワーグリッド 275.0kV線,463,1751,275.0,952.63,9e-06,0
1450,line,1555,婦中町新屋変電所~富南変電所線,2289,1810,275.0,1905.26,1.1e-05,0
1451,line,1556,南福井連絡線,2363,464,77.0,186.72,3.3e-05,0
1452,line,1557,北福井線,2363,465,77.0,186.72,8.5e-05,0
1453,line,1558,福井開閉所~金津変電所線,2363,1128,77.0,93.36,0.000132,0
1454,line,1559,南福井連絡線,464,1754,77.0,186.72,7.8e-05,0
1455,line,1560,福井開閉所~天菅生町変電所線,464,1743,77.0,373.43,0.000121,0
1456,line,1561,江守線,1754,466,77.0,186.72,0.000193,0
1457,line,1562,上東郷町変電所~南福井変電所線,1754,1340,77.0,93.36,0.000153,0
1458,line,1563,開発北福井線,465,1753,77.0,186.72,5.5e-05,0
1459,line,1564,北福井線;開発北福井線,465,2367,77.0,746.86,4e-06,1
1460,line,1565,namebind,1743,1745,77.0,186.72,0.00048,0
1461,line,1566,江守線,466,467,77.0,186.72,1.5e-05,0
1462,line,1567,神明支線,466,2366,77.0,186.72,6.1e-05,1
1463,line,1568,西武生線;江守線,467,2365,77.0,373.43,5.6e-05,0
1464,line,1569,西武生線,467,498,77.0,186.72,0.000201,0
1465,line,1570,中部送電線_182,468,608,77.0,93.36,1e-05,1
1466,line,1571,松岡~荒土町松ヶ崎変電所線,468,469,77.0,186.72,7.9e-05,1
1467,line,1572,上東郷町変電所~南福井変電所線,470,471,77.0,93.36,8.9e-05,0
1468,line,1573,中部送電線_379,470,2190,77.0,93.36,0.000255,0
1469,line,1574,上東郷町変電所~南福井変電所線,471,1340,77.0,93.36,0.000288,0
1470,line,1575,上東郷町変電所~西別院変電所線,471,1345,77.0,93.36,0.000319,1
1471,line,1576,北陸電力送配電 66.0kV線,1755,472,66.0,68.59,0.000141,0
1472,line,1577,中部電力パワーグリッド 66.0kV線,1760,913,66.0,274.36,2.6e-05,0
1473,line,1578,川北変電所~松任変電所線,473,1762,66.0,274.36,6.5e-05,0
1474,line,1579,川北変電所~秋常町変電所線,473,1763,66.0,137.18,0.000268,0
1475,line,1580,北陸電力送配電 66.0kV線,473,480,66.0,137.18,3.6e-05,0
1476,line,1581,秋常町変電所~大成町変電所線,1763,1759,66.0,68.59,0.000361,0
1477,line,1582,秋常町変電所~荒木田町変電所線,1763,477,66.0,68.59,0.000439,0
1478,line,1583,leadin,474,2298,66.0,137.18,2.7e-05,1
1479,line,1584,南金沢変電所~川北変電所線,1708,1764,77.0,186.72,0.00027,0
1480,line,1585,北陸電力送配電 77.0kV線,1708,476,77.0,373.43,1e-05,0
1481,line,1586,南金沢変電所~額変電所線,1708,2294,77.0,186.72,6.3e-05,0
1482,line,1587,南金沢変電所~鶴来変電所線,1708,478,77.0,93.36,0.000392,0
1483,line,1588,鶴来変電所~南金沢変電所線,1708,1765,77.0,93.36,0.000346,0
1484,line,1589,南金沢変電所~川北変電所線,1707,475,154.0,2133.89,1.1e-05,0
1485,line,1590,南金沢変電所~鶴来変電所線,1707,2106,154.0,800.21,5.7e-05,0
1486,line,1591,川北変電所~新小松変電所線,475,1776,154.0,533.47,8.3e-05,0
1487,line,1592,川北変電所~北金沢変電所線,475,1766,154.0,1066.94,5.8e-05,0
1488,line,1593,南金沢変電所~増泉一丁目変電所線,476,2294,77.0,186.72,6.4e-05,0
1489,line,1594,長坂町変電所~南金沢変電所線,476,973,77.0,186.72,0.000183,1
1490,line,1595,南金沢変電所~増泉一丁目変電所線,2294,1758,77.0,186.72,0.000164,1
1491,line,1596,西金沢変電所~額変電所線,2294,974,77.0,186.72,4.4e-05,0
1492,line,1597,荒木田町変電所~新小松変電所線,477,1783,66.0,68.59,0.000308,0
1493,line,1598,北陸電力送配電 66.0kV線,477,1777,66.0,68.59,5.5e-05,0
1494,line,1599,川北変電所~鶴来変電所線,1764,2297,77.0,186.72,0.000123,0
1495,line,1600,川北変電所~鶴来変電所線,2297,2296,77.0,186.72,2.5e-05,0
1496,line,1601,北陸電力送配電 77.0kV線,478,1765,77.0,280.07,2.9e-05,0
1497,line,1602,川北変電所~新小松変電所線,1776,1781,154.0,533.47,2.8e-05,0
1498,line,1603,新小松変電所~箱宮町変電所線,1781,489,154.0,266.74,0.000135,0
1499,line,1604,新小松変電所~蓑輪町変電所線,1781,487,154.0,266.74,6.6e-05,0
1500,line,1605,北金沢変電所~福岡町下蓑新変電所線,1766,2385,154.0,1066.94,5.9e-05,0
1501,line,1606,北金沢変電所~福岡町下蓑新変電所線,2385,479,154.0,1066.94,7.2e-05,0
1502,line,1607,守護町一丁目変電所~福岡町下蓑新変電所線,479,694,154.0,1066.94,4.1e-05,0
1503,line,1608,中部電力パワーグリッド 154.0kV線,479,2080,154.0,1600.41,1.4e-05,0
1504,line,1609,松任連絡線,1767,2129,77.0,186.72,0.000295,0
1505,line,1610,北金沢変電所~西金沢変電所線,1767,485,77.0,186.72,8.2e-05,0
1506,line,1611,北金沢変電所~浅野町変電所線,1767,1274,77.0,373.43,3.4e-05,0
1507,line,1612,北陸電力送配電 154.0kV線,1767,1275,77.0,373.43,1e-05,0
1508,line,1613,松任連絡線,2129,1761,77.0,186.72,2.2e-05,0
1509,line,1614,浅野町変電所~太田変電所線,481,1778,77.0,186.72,0.000215,0
1510,line,1615,北陸電力送配電 77.0kV線,481,482,77.0,373.43,4.3e-05,1
1511,line,1616,東長江町変電所~浅野町変電所線,481,2397,77.0,186.72,0.000135,0
1512,line,1617,北金沢変電所~浅野町変電所線,481,1274,77.0,373.43,4.1e-05,0
1513,line,1618,leadin,1778,1779,77.0,93.36,1e-06,1
1514,line,1619,舟橋変電所~太田変電所線,1778,1771,77.0,186.72,0.000103,0
1515,line,1620,北陸電力送配電 154.0kV線,483,490,154.0,266.74,1e-06,0
1516,line,1621,北陸電力送配電 154.0kV線,483,1769,154.0,266.74,3.3e-05,1
1517,line,1622,蓑輪町変電所~箱宮町変電所線,483,487,154.0,266.74,0.0001,0
1518,line,1623,北陸電力送配電 154.0kV線,483,488,154.0,266.74,1.4e-05,0
1519,line,1624,小松線,1782,1780,77.0,373.43,4e-05,0
1520,line,1625,安宅線,1780,1770,77.0,186.72,0.000156,0
1521,line,1626,牛ノ谷変電所~金津変電所線,484,2436,77.0,186.72,9.1e-05,0
1522,line,1627,牛ノ谷変電所~上野変電所線,484,1738,77.0,373.43,6e-05,0
1523,line,1628,牛ノ谷変電所~南郷町変電所線,484,486,77.0,373.43,5.7e-05,0
1524,line,1629,牛ノ谷変電所~金津変電所線,2436,1768,77.0,280.07,1.2e-05,0
1525,line,1630,leadin,1768,1133,77.0,186.72,2.8e-05,0
1526,line,1631,三国町三国東四丁目変電所~金津変電所線,1768,1785,77.0,373.43,0.000116,0
1527,line,1632,福井開閉所~金津変電所線,1768,1130,77.0,186.72,9.3e-05,0
1528,line,1633,宇野気変電所~舟橋変電所線,1771,1001,77.0,186.72,0.000139,0
1529,line,1634,三国町新保変電所~上野変電所線,1784,1240,154.0,533.47,0.00019,0
1530,line,1635,leadin,485,2128,77.0,93.36,2.8e-05,1
1531,line,1636,北金沢変電所~西金沢変電所線,485,1775,77.0,186.72,3.9e-05,0
1532,line,1637,西金沢変電所~額変電所線,1775,974,77.0,186.72,5e-05,0
1533,line,1638,leadin,486,2131,77.0,93.36,6.4e-05,1
1534,line,1639,牛ノ谷変電所~南郷町変電所線,486,2132,77.0,373.43,8.4e-05,0
1535,line,1640,牛ノ谷変電所~南郷町変電所線,2132,1773,77.0,373.43,8e-06,0
1536,line,1641,中部送電線_937,487,2134,154.0,266.74,6.6e-05,1
1537,line,1642,箱宮町変電所~上野変電所線,488,1240,154.0,533.47,5.5e-05,0
1538,line,1643,北陸電力送配電 154.0kV線,488,490,154.0,266.74,1.5e-05,0
1539,line,1644,新小松変電所~箱宮町変電所線,489,490,154.0,533.47,1.6e-05,0
1540,line,1645,箱宮町変電所~河内町きりの里変電所線,489,838,154.0,1066.94,9.7e-05,1
1541,line,1646,namebind,1785,1130,77.0,93.36,0.0004,0
1542,line,1647,南郷町変電所~片山津町変電所線,1774,1786,66.0,137.18,0.000245,0
1543,line,1648,浅間温泉一丁目変電所~出川二丁目変電所線,491,1788,77.0,373.43,8.1e-05,0
1544,line,1649,北松本変電所~浅間温泉一丁目変電所線,491,822,77.0,93.36,0.00035,0
1545,line,1650,浅間温泉一丁目変電所~出川二丁目変電所線,1788,492,77.0,373.43,8.8e-05,0
1546,line,1651,中部電力パワーグリッド 77.0kV線,492,762,77.0,186.72,3.2e-05,0
1547,line,1652,中部送電線_626,492,2310,77.0,93.36,4.2e-05,0
1548,line,1653,中信変電所~松本市変電所線,493,494,77.0,186.72,0.000314,0
1549,line,1654,中部電力パワーグリッド 77.0kV線,493,1748,77.0,373.43,7e-06,0
1550,line,1655,中信出川線,493,762,77.0,186.72,0.000381,0
1551,line,1656,中部電力パワーグリッド 77.0kV線,494,502,77.0,186.72,0.000108,1
1552,line,1657,松本市変電所~新橋変電所線,494,1796,77.0,373.43,7.2e-05,0
1553,line,1658,松本市変電所~出川二丁目変電所線,494,518,77.0,186.72,2.2e-05,1
1554,line,1659,北松本変電所~安曇野市変電所線,1395,495,77.0,93.36,4.3e-05,0
1555,line,1660,中部電力パワーグリッド 77.0kV線,1395,822,77.0,93.36,4.4e-05,0
1556,line,1661,中部送電線_363,495,822,77.0,93.36,1e-06,0
1557,line,1662,北松本変電所~安曇野市変電所線,495,1787,77.0,93.36,0.000438,0
1558,line,1663,中部送電線_363,495,834,77.0,93.36,0.000244,0
1559,line,1664,中部電力パワーグリッド 77.0kV線,1787,496,77.0,93.36,0.000219,0
1560,line,1665,安曇野市変電所~穂高変電所線,496,1915,77.0,93.36,0.000186,0
1561,line,1666,中部電力パワーグリッド 77.0kV線,1915,1790,77.0,186.72,1.5e-05,0
1562,line,1667,出川二丁目変電所~塩尻送電所線,1748,762,77.0,186.72,0.000302,0
1563,line,1668,namebind,1791,785,77.0,373.43,1.7e-05,0
1564,line,1669,鯖江変電所~高木町変電所線,1795,1794,77.0,186.72,5.6e-05,0
1565,line,1670,鯖江変電所~上東郷町変電所線,1795,2190,77.0,186.72,0.000314,0
1566,line,1671,namebind,1794,2278,77.0,93.36,0.000312,0
1567,line,1672,北陸電力送配電 77.0kV線,1794,498,77.0,93.36,0.000203,0
1568,line,1673,北陸電力送配電 77.0kV線,2365,500,77.0,93.36,5.8e-05,0
1569,line,1674,西武生線,498,2278,77.0,186.72,0.000132,0
1570,line,1675,丹生変電所~高木町変電所線,498,500,77.0,93.36,0.000493,0
1571,line,1676,leadin,499,1325,154.0,266.74,9e-06,1
1572,line,1677,北陸幹線,499,743,154.0,1066.94,4.9e-05,0
1573,line,1678,北陸幹線,2234,2275,154.0,1066.94,5.9e-05,0
1574,line,1679,北陸幹線,2234,743,154.0,1066.94,0.000119,0
1575,line,1680,中部送電線_941,500,1244,77.0,93.36,0.000876,1
1576,line,1681,中部送電線_942,500,2364,154.0,133.37,8e-05,0
1577,line,1682,高木町変電所~奥野々変電所線,501,743,154.0,533.47,8e-05,0
1578,line,1683,高木町変電所~千原町変電所線,501,2368,154.0,533.47,1.8e-05,1
1579,line,1684,穂高変電所~安曇野市変電所線,1790,1797,77.0,93.36,0.00017,1
1580,line,1685,穂高変電所~安曇野市変電所線,1790,709,77.0,93.36,0.000271,0
1581,line,1686,中部電力パワーグリッド 77.0kV線,502,1820,77.0,186.72,0.000118,1
1582,line,1687,中部電力パワーグリッド 77.0kV線,502,1819,77.0,186.72,1.9e-05,1
1583,line,1688,穂高変電所~安曇野市変電所線,503,709,77.0,93.36,2.5e-05,0
1584,line,1689,安曇野市変電所~新橋変電所線,503,1798,77.0,93.36,0.000201,0
1585,line,1690,中部送電線_212,503,814,77.0,93.36,0.000155,1
1586,line,1691,安曇野市変電所~新橋変電所線,1798,1796,77.0,186.72,9.9e-05,0
1587,line,1692,中部電力パワーグリッド 154.0kV線,1800,504,154.0,533.47,2.5e-05,0
1588,line,1693,新愛本変電所~黒部市変電所線,1800,512,154.0,533.47,5.1e-05,0
1589,line,1694,中部送電線_266,1800,720,154.0,266.74,0.000157,0
1590,line,1695,新愛本変電所~黒部市変電所線,1800,2373,154.0,533.47,3.2e-05,0
1591,line,1696,内山変電所~大浦変電所線,1800,1971,154.0,1066.94,0.000187,0
1592,line,1697,新愛本変電所~袋変電所線,504,505,154.0,1600.41,1.2e-05,0
1593,line,1698,新愛本変電所~五郎八変電所線,504,1998,154.0,1066.94,1.2e-05,0
1594,line,1699,大浦変電所~富南変電所線,1957,1807,275.0,1905.26,2.4e-05,0
1595,line,1700,大浦変電所~新愛本変電所線,1957,2167,275.0,1905.26,3.7e-05,0
1596,line,1701,大浦変電所~富南変電所線,1807,1810,275.0,3810.51,0.0,0
1597,line,1702,新愛本変電所~富南変電所線,1807,511,275.0,1905.26,3.4e-05,0
1598,line,1703,新愛本変電所~袋変電所線,505,506,154.0,1600.41,1.5e-05,0
1599,line,1704,宇奈月町栃屋変電所~宮沢変電所線,505,1997,154.0,266.74,2.9e-05,1
1600,line,1705,袋変電所~立石変電所線,506,1802,154.0,533.47,7e-06,0
1601,line,1706,中部送電線_110,506,2191,154.0,266.74,1.1e-05,0
1602,line,1707,立石変電所~舟橋変電所 (Funahashi Hendensho)線,1802,507,154.0,533.47,1.7e-05,0
1603,line,1708,立石変電所~舟橋変電所 (Funahashi Hendensho)線,507,1817,154.0,533.47,0.000141,0
1604,line,1709,中部送電線_110,507,2191,154.0,266.74,1.1e-05,0
1605,line,1710,水橋開発変電所~舟橋変電所 (Funahashi Hendensho)線,1817,510,154.0,1066.94,7e-06,0
1606,line,1711,五郎八変電所~中野変電所線,508,1806,66.0,137.18,0.000272,0
1607,line,1712,下山変電所~五郎八変電所線,508,718,66.0,137.18,5.1e-05,1
1608,line,1713,namebind,508,2095,66.0,274.36,9.6e-05,1
1609,line,1714,中部電力パワーグリッド 66.0kV線,508,2376,66.0,137.18,3.2e-05,0
1610,line,1715,中部電力パワーグリッド 66.0kV線,1806,517,66.0,68.59,4e-05,0
1611,line,1716,中野変電所~立石変電所線,1806,1803,66.0,137.18,0.000143,0
1612,line,1717,黒部市変電所~立石変電所線,2374,1801,66.0,137.18,0.000231,0
1613,line,1718,黒部市変電所~立石変電所線,1801,1996,66.0,137.18,0.000208,0
1614,line,1719,黒部市変電所~立石変電所線,1996,1803,66.0,137.18,0.000345,0
1615,line,1720,立石変電所~菰原変電所線,1803,2096,66.0,137.18,0.000331,0
1616,line,1721,立石変電所~仏又変電所線,1803,1944,66.0,68.59,7.9e-05,0
1617,line,1722,namebind,1799,509,275.0,1905.26,3e-06,0
1618,line,1723,新愛本変電所~富南変電所線,1799,2167,275.0,2857.88,1.4e-05,0
1619,line,1724,新愛本変電所~黒部市変電所線,1799,733,275.0,3810.51,1.6e-05,0
1620,line,1725,水橋開発変電所~富山変電所線,510,2083,154.0,533.47,6e-06,0
1621,line,1726,水須変電所~前沢新町変電所線,510,2018,154.0,533.47,0.000144,0
1622,line,1727,水橋開発変電所~富山変電所線,2083,1955,154.0,533.47,5.1e-05,0
1623,line,1728,水橋開発変電所~富山変電所線,1955,1804,154.0,533.47,3.2e-05,0
1624,line,1729,富南線(H024),1804,1953,154.0,533.47,6e-06,0
1625,line,1730,富山変電所~新富山変電所線,1804,1942,154.0,1066.94,4.9e-05,0
1626,line,1731,草島変電所~富山変電所線,1804,2078,154.0,533.47,3.4e-05,0
1627,line,1737,新愛本変電所~富南変電所線,2167,1813,275.0,1905.26,1.4e-05,0
1628,line,1738,新愛本変電所~富南変電所線,1813,511,275.0,1905.26,1.6e-05,0
1629,line,1739,中部送電線_656,511,1027,275.0,952.63,4e-06,1
1630,line,1740,中部電力パワーグリッド 154.0kV線,512,2006,154.0,533.47,4e-06,0
1631,line,1741,中部電力パワーグリッド 154.0kV線,512,726,154.0,266.74,8e-06,0
1632,line,1742,中部送電線_112,1814,513,66.0,68.59,0.000132,0
1633,line,1743,中部送電線_112,513,514,66.0,68.59,0.000232,1
1634,line,1744,大浦変電所~宮窪変電所線,513,2218,66.0,68.59,0.000428,0
1635,line,1745,東小俣変電所~春日変電所線,1971,2060,154.0,1600.41,2e-06,0
1636,line,1746,北笹津線(H023),1971,1808,154.0,533.47,6.2e-05,0
1637,line,1747,寺津変電所~北笹津変電所線,1971,1825,154.0,533.47,8e-06,0
1638,line,1748,北笹津変電所~牛ケ増変電所線,1971,971,154.0,1066.94,5e-06,0
1639,line,1749,東小俣変電所~春日変電所線,2060,1815,154.0,533.47,4e-06,0
1640,line,1750,西大沢変電所~八尾町福島七丁目変電所線,2060,1942,154.0,1600.41,6.5e-05,0
1641,line,1751,八尾町福島七丁目変電所~春日変電所線,1815,753,154.0,533.47,4.9e-05,0
1642,line,1752,寺津変電所~春日変電所線,1815,708,154.0,1066.94,4.8e-05,0
1643,line,1753,北笹津線(H023),1811,1808,154.0,3734.3,0.0,0
1644,line,1754,富南線(H024),1808,1953,154.0,3200.83,1.4e-05,0
1645,line,1755,西大沢変電所~高内変電所線,2061,2063,66.0,137.18,3.9e-05,0
1646,line,1756,北笹津変電所~西大沢変電所線,2061,1972,66.0,68.59,5.2e-05,0
1647,line,1757,中部電力パワーグリッド 66.0kV線,2063,2062,66.0,205.77,1.1e-05,0
1648,line,1758,牛ケ増変電所~富山市変電所線,515,704,154.0,533.47,0.000108,0
1649,line,1759,北笹津変電所~牛ケ増変電所線,515,971,154.0,1066.94,2e-06,0
1650,line,1760,牛ケ増変電所~寺津変電所線,515,2378,154.0,1066.94,7.5e-05,0
1651,line,1761,富南線;南富山線;掛尾線,1812,1809,66.0,411.54,1e-06,0
1652,line,1762,富南線;南富山線;掛尾線,1809,2408,66.0,548.71,2.5e-05,0
1653,line,1763,長江変電所~富南変電所線,1809,687,66.0,274.36,0.000109,0
1654,line,1764,舟橋変電所 (Funahashi Hendensho)~菰原変電所線,516,719,66.0,137.18,0.000119,0
1655,line,1765,中部電力パワーグリッド 66.0kV線,516,1818,66.0,274.36,7.2e-05,0
1656,line,1766,犬島四丁目変電所~舟橋変電所 (Funahashi Hendensho)線,516,1956,66.0,274.36,0.000155,0
1657,line,1767,有沢線,2408,1823,66.0,137.18,0.000283,0
1658,line,1768,南富山線,2408,2407,66.0,274.36,1.9e-05,0
1659,line,1769,中部電力パワーグリッド 77.0kV線,1796,815,77.0,93.36,0.000121,1
1660,line,1770,中部電力パワーグリッド 77.0kV線,518,519,77.0,186.72,3.5e-05,1
1661,line,1771,中部送電線_624,518,993,77.0,186.72,3.2e-05,1
1662,line,1775,46,1590,520,275.0,3810.51,2e-06,0
1663,line,1776,leadin,520,1731,275.0,952.63,2e-06,1
1664,line,1777,中部送電線_120,1562,521,154.0,266.74,0.000148,1
1665,line,1778,婦中町東本郷変電所~婦中変電所線,1823,2287,66.0,274.36,8e-06,0
1666,line,1779,T104,1823,1954,66.0,137.18,0.000331,0
1667,line,1781,玉川遠江線(旧),1482,522,154.0,266.74,7.1e-05,1
1668,line,1782,豊川玉川線,1482,571,154.0,266.74,6.7e-05,0
1669,line,1783,中部電力パワーグリッド 154.0kV線,2118,528,154.0,533.47,4e-05,1
1670,line,1784,南京都新八幡線,523,524,154.0,1066.94,1e-05,0
1671,line,1785,南京都新八幡線,524,525,154.0,1066.94,2.2e-05,0
1672,line,1786,手原一丁目変電所~六地蔵変電所線,524,810,154.0,1066.94,9e-06,0
1673,line,1787,手原一丁目変電所~六地蔵変電所線,524,2479,154.0,1066.94,7e-06,0
1674,line,1788,leadin,525,1333,154.0,266.74,2.4e-05,1
1675,line,1789,leadin,525,1335,154.0,266.74,3.2e-05,1
1676,line,1790,南京都新八幡線,525,526,154.0,1066.94,3e-06,0
1677,line,1791,南京都新八幡線,526,527,154.0,1066.94,1e-06,0
1678,line,1792,leadin,526,1336,154.0,266.74,1.3e-05,1
1679,line,1793,leadin,526,1337,154.0,266.74,1.4e-05,1
1680,line,1794,leadin,527,1338,154.0,266.74,1.3e-05,1
1681,line,1795,加茂野町鷹之巣変電所~西栃井変電所線,1830,528,154.0,114.32,0.000182,1
1682,line,1796,太田分岐線-1,528,795,154.0,373.43,5e-06,1
1683,line,1797,寺田一丁目変電所~北部変電所線,529,796,154.0,533.47,1e-06,1
1684,line,1798,namebind,529,1405,154.0,266.74,2.7e-05,0
1685,line,1809,中部電力株式会社　日吉変電所~Suruga線,531,532,110.0,171.47,8.5e-05,0
1686,line,1810,中部送電線_756,531,1119,110.0,342.95,4.2e-05,0
1687,line,1812,国府変電所~豊川変電所線,1715,534,66.0,68.59,0.000233,1
1688,line,1813,国府変電所~豊川変電所線,534,1725,66.0,68.59,9.1e-05,0
1689,line,1814,馬場変電所~諏訪三丁目変電所線,534,1863,66.0,68.59,0.000491,0
1690,line,1815,国府変電所~豊川変電所線,1725,1862,77.0,80.02,0.000281,0
1691,line,1816,中部送電線_133,536,537,77.0,186.72,3e-06,1
1692,line,1817,川崎町変電所~大塚変電所線,537,591,77.0,93.36,4.6e-05,0
1693,line,1818,羽栗変電所~舞木町変電所線,538,539,66.0,68.59,0.000479,1
1694,line,1819,中部送電線_136,538,541,66.0,68.59,5e-06,1
1695,line,1820,羽栗豊川線,540,1832,77.0,186.72,0.000182,0
1696,line,1821,豊川玉川線,540,542,77.0,93.36,0.00011,0
1697,line,1822,豊川玉川線;羽栗豊川線,540,1862,77.0,560.15,6e-06,0
1698,line,1823,羽栗豊川線,1832,2353,77.0,186.72,0.000261,0
1699,line,1824,羽栗変電所~舞木町変電所線,2353,2354,77.0,186.72,1.9e-05,1
1700,line,1825,美合町変電所~羽栗変電所線,2353,1319,77.0,186.72,4.7e-05,0
1701,line,1826,中部送電線_137,542,543,66.0,68.59,2.8e-05,1
1702,line,1827,豊川玉川線,542,570,66.0,68.59,6.8e-05,0
1703,line,1828,中部電力麻生田変電所~大塚変電所線,544,545,154.0,266.74,0.000245,0
1704,line,1829,UACJ銅管線,544,573,154.0,266.74,1e-05,1
1705,line,1830,中部電力麻生田変電所~大塚変電所線,545,1868,77.0,93.36,5e-05,0
1706,line,1831,西日本電線新城線,1866,546,66.0,68.59,0.000149,0
1707,line,1832,麻生田分岐線,1866,571,66.0,68.59,0.0001,0
1708,line,1833,中部電力麻生田変電所~賀茂町変電所線,546,594,66.0,68.59,0.000115,1
1709,line,1834,namebind,547,1913,154.0,533.47,2.9e-05,0
1710,line,1835,高松町変電所~六地蔵変電所線,547,548,154.0,533.47,2.3e-05,0
1711,line,1836,高松町変電所~六地蔵変電所線,547,1917,154.0,533.47,2.9e-05,0
1712,line,1837,中部送電線_210,548,661,154.0,3200.83,1e-06,0
1713,line,1838,高松町変電所~六地蔵変電所線,548,809,154.0,1066.94,1.6e-05,0
1714,line,1839,湖西新居線,550,551,77.0,93.36,0.000165,0
1715,line,1840,湖西鷲津線,550,1838,77.0,93.36,3.6e-05,0
1716,line,1841,湖西新居線,550,555,77.0,373.43,1.8e-05,0
1717,line,1842,湖西新居線,551,1836,77.0,93.36,0.00016,0
1718,line,1843,namebind,551,1841,77.0,93.36,0.000151,0
1719,line,1844,東海鉄道鷲津線,1838,1840,77.0,93.36,2.4e-05,1
1720,line,1845,浜名湖電装線,1839,552,66.0,137.18,2.5e-05,1
1721,line,1846,FDK湖西線,1839,553,66.0,137.18,0.000114,0
1722,line,1847,FDK湖西線,553,554,66.0,137.18,1.1e-05,0
1723,line,1848,中部送電線_868,553,1208,66.0,137.18,1e-06,1
1724,line,1849,浜名湖競艇場線,554,1837,66.0,68.59,0.000317,0
1725,line,1850,FDK湖西線,554,782,66.0,137.18,1.6e-05,1
1726,line,1851,坊瀬分岐線,555,556,77.0,93.36,4.5e-05,0
1727,line,1852,湖西新居線,555,1447,77.0,373.43,8e-06,1
1728,line,1853,浜名湖電装吉美線,556,557,77.0,186.72,5e-06,1
1729,line,1854,坊瀬分岐線,556,1841,77.0,93.36,6.3e-05,0
1730,line,1855,植田湖西線,1447,558,77.0,373.43,2.2e-05,0
1731,line,1856,新所原分岐線,1447,1859,77.0,186.72,2.9e-05,1
1732,line,1857,アスモ豊橋線,558,559,77.0,93.36,6.8e-05,1
1733,line,1858,植田湖西線,558,560,77.0,373.43,0.00011,0
1734,line,1859,植田湖西線,560,561,77.0,93.36,0.000249,0
1735,line,1860,中部送電線_538,560,933,77.0,93.36,6.8e-05,1
1736,line,1861,向山植田線,561,566,77.0,186.72,7.2e-05,0
1737,line,1862,石堂山分岐線,562,1849,77.0,186.72,0.00014,1
1738,line,1863,田原臨海支線,1449,563,77.0,746.86,1.8e-05,0
1739,line,1864,田原臨海支線,563,564,77.0,746.86,9e-06,1
1740,line,1865,植田豊島線,563,2431,77.0,186.72,7.6e-05,0
1741,line,1866,植田豊島線,563,1852,77.0,186.72,2.5e-05,1
1742,line,1867,東京製鐵線,564,565,77.0,93.36,0.000353,1
1743,line,1868,田原臨海支線,564,1851,77.0,746.86,4.8e-05,1
1744,line,1869,植田豊島線,1853,2431,77.0,186.72,3.7e-05,0
1745,line,1870,二川町変電所~向山変電所線,566,2087,77.0,186.72,0.00017,1
1746,line,1871,二川町変電所~向山変電所線,566,616,77.0,186.72,9.1e-05,1
1747,line,1872,アスモ線,1859,568,77.0,186.72,5.4e-05,1
1748,line,1873,豊川玉川線,570,571,66.0,68.59,0.000185,0
1749,line,1874,住軽伸銅所線,570,574,66.0,68.59,0.000312,1
1750,line,1875,馬場分岐線,571,1863,66.0,68.59,0.000127,0
1751,line,1876,豊橋谷川線,1833,1863,77.0,93.36,0.000165,0
1752,line,1877,中部送電線_160,572,1437,500.0,457.26,5.1e-05,0
1753,line,1878,西日本電線新城線,572,621,66.0,68.59,3.9e-05,1
1754,line,1879,新城分岐線,575,1870,77.0,93.36,0.000179,1
1755,line,1880,新城横川線,1871,684,154.0,533.47,8.7e-05,1
1756,line,1881,青山名張線,576,1908,77.0,93.36,0.000316,1
1757,line,1882,上小波田分岐線,576,1902,77.0,93.36,6.6e-05,1
1758,line,1883,青山名張線,576,597,77.0,93.36,0.000361,1
1759,line,1884,夏秋分岐線,1908,1891,77.0,93.36,0.000112,1
1760,line,1885,磐田西貝塚線,577,578,77.0,93.36,7.3e-05,0
1761,line,1886,スズキ磐田線,577,589,77.0,186.72,1.1e-05,1
1762,line,1887,磐田西貝塚線,578,1875,77.0,93.36,5.1e-05,0
1763,line,1888,見付分岐線,578,1876,77.0,93.36,0.000121,0
1764,line,1889,磐田西貝塚線,1875,1877,77.0,93.36,0.00011,0
1765,line,1890,西掛川西線,1875,586,77.0,93.36,0.000113,0
1766,line,1891,西掛川西線,1875,1876,77.0,93.36,7.5e-05,0
1767,line,1892,西貝塚南磐田線,1877,585,77.0,186.72,7.1e-05,0
1768,line,1893,西掛川西線,579,659,77.0,93.36,0.000102,0
1769,line,1894,中部送電線_705,579,2334,77.0,93.36,8.7e-05,1
1770,line,1895,山科変電所~西掛川変電所線,580,1069,77.0,93.36,0.000172,1
1771,line,1896,山科変電所~新平山変電所線,580,1070,77.0,93.36,6.9e-05,0
1772,line,1897,東海鉄道袋井線,581,582,66.0,68.59,4.3e-05,1
1773,line,1898,ポーラ化成袋井線,582,583,66.0,68.59,2.8e-05,1
1774,line,1899,JR東海袋井線,582,1864,77.0,160.04,5.3e-05,1
1775,line,1900,西掛川大須賀線,1618,584,77.0,186.72,8.3e-05,1
1776,line,1901,西掛川西線,1876,588,77.0,93.36,7.8e-05,0
1777,line,1902,中部送電線_768,585,1126,77.0,93.36,6.7e-05,0
1778,line,1903,南磐田分岐線,1879,586,77.0,186.72,7e-05,0
1779,line,1904,南磐田分岐線,586,587,77.0,186.72,0.000178,0
1780,line,1905,西掛川西線,586,659,77.0,93.36,0.000112,0
1781,line,1906,新平山変電所~磐田変電所 (Iwata Hendensho)線,587,1070,77.0,93.36,0.000467,0
1782,line,1907,新平山変電所~磐田変電所 (Iwata Hendensho)線,587,1620,154.0,133.37,0.000125,0
1783,line,1908,中部送電線_170,590,1842,154.0,266.74,1.4e-05,0
1784,line,1909,中部送電線_1079,590,1302,154.0,266.74,1e-06,0
1785,line,1910,豊橋市変電所~植田変電所線,590,618,154.0,266.74,3.7e-05,1
1786,line,1911,三河植田線,1842,1302,154.0,533.47,6e-06,0
1787,line,1912,namebind,591,1868,77.0,93.36,0.000316,0
1788,line,1913,中部送電線_171,591,592,77.0,186.72,5e-06,1
1789,line,1914,コクヨ三重線,1891,2085,77.0,186.72,1.8e-05,1
1790,line,1915,瀬古口分岐線,1891,1892,77.0,93.36,0.000356,1
1791,line,1916,leadin,2085,595,77.0,186.72,2.9e-05,1
1792,line,1917,中勢青山線,596,1893,77.0,93.36,0.00092,0
1793,line,1918,二本木分岐線,596,626,77.0,93.36,0.000115,1
1794,line,1919,中勢青山線,1893,597,77.0,93.36,0.000157,1
1795,line,1920,上野連絡線,1893,638,77.0,93.36,0.000405,0
1796,line,1921,中勢青山線,597,598,77.0,93.36,1.5e-05,1
1797,line,1922,雲出分岐線,599,600,77.0,93.36,2.8e-05,1
1798,line,1923,藤方分岐線,599,628,77.0,280.07,2e-06,1
1799,line,1924,藤方分岐線,599,604,77.0,186.72,7.9e-05,1
1800,line,1925,雲出分岐線,600,601,77.0,93.36,0.000105,1
1801,line,1926,パナソニック津線,600,634,77.0,93.36,8.4e-05,1
1802,line,1927,雲出分岐線,601,602,77.0,93.36,5.6e-05,1
1803,line,1928,JFEエンジニアリング津線,601,631,77.0,93.36,3.8e-05,1
1804,line,1929,中勢三雲線,603,604,77.0,93.36,1.1e-05,0
1805,line,1930,美杉分岐線,1895,626,77.0,93.36,0.000559,1
1806,line,1931,神戸六丁目変電所~岸岡町変電所線,605,606,66.0,68.59,5.6e-05,1
1807,line,1932,神戸六丁目変電所~岸岡町変電所線,606,607,66.0,68.59,2.8e-05,1
1808,line,1933,中部送電線_564,606,1926,77.0,80.02,0.000223,1
1809,line,1934,豊橋牟呂線,609,610,77.0,93.36,2.1e-05,1
1810,line,1935,豊橋牟呂線,610,611,77.0,93.36,5e-06,1
1811,line,1942,中部送電線_451,613,2473,154.0,266.74,2.4e-05,0
1812,line,1943,中部送電線_885,613,1211,154.0,186.72,6e-06,1
1813,line,1944,芸濃分岐線,2488,615,77.0,186.72,0.00027,1
1814,line,1945,中部送電線_1013,616,937,77.0,186.72,3e-06,1
1815,line,1946,中部送電線_1014,616,938,77.0,186.72,2e-06,1
1816,line,1947,中部送電線_196,617,618,66.0,68.59,3e-05,1
1817,line,1948,中部送電線_197,619,798,77.0,93.36,0.00016,1
1818,line,1950,中部送電線_201,620,621,66.0,68.59,8.6e-05,1
1819,line,1951,西日本電線新城線,621,781,66.0,68.59,2e-06,1
1820,line,1952,中勢荒木線,2152,622,77.0,93.36,0.00039,0
1821,line,1953,ウインドパーク美里線,2152,2009,77.0,93.36,0.000148,1
1822,line,1954,中勢荒木線,622,623,77.0,93.36,0.00062,0
1823,line,1955,青山高原ウインドファーム線,622,2007,77.0,93.36,0.00037,1
1824,line,1956,中勢荒木線,623,624,77.0,93.36,0.000187,0
1825,line,1957,川原分岐線,623,646,77.0,93.36,6.8e-05,1
1826,line,1958,中勢荒木線,624,625,77.0,93.36,3e-06,0
1827,line,1959,荒木壬生野線,624,648,77.0,93.36,0.000198,0
1828,line,1960,荒木上野線,625,639,77.0,93.36,0.000255,0
1829,line,1961,中勢荒木線,625,641,77.0,186.72,2.7e-05,1
1830,line,1962,二本木分岐線,626,627,77.0,93.36,3.7e-05,1
1831,line,1963,JFEエンジニアリング津線,631,632,77.0,93.36,1e-05,1
1832,line,1964,雲出バイオマス分岐線,631,633,77.0,93.36,9e-06,1
1833,line,1965,中部送電線_204,635,636,154.0,266.74,1.3e-05,0
1834,line,1966,島田電力所~善左衛門三丁目変電所線,636,731,154.0,266.74,8e-06,0
1835,line,1967,善左衛門三丁目変電所~大村一丁目変電所線,636,1115,154.0,266.74,6e-06,0
1836,line,1968,中部送電線_205,636,637,154.0,266.74,5.4e-05,0
1837,line,1969,中部送電線_205,637,1994,154.0,533.47,9e-06,0
1838,line,1970,中部送電線_268,637,732,154.0,533.47,4e-06,1
1839,line,1971,善左衛門三丁目変電所~大柳南変電所線,1994,2447,154.0,1066.94,4e-06,0
1840,line,1972,上野連絡線,638,639,77.0,93.36,0.000154,0
1841,line,1973,ゆめが丘分岐線,638,640,77.0,186.72,5.2e-05,1
1842,line,1974,荒木上野線,639,644,77.0,93.36,0.000177,1
1843,line,1975,安永キャスティング線,641,643,77.0,93.36,1.6e-05,1
1844,line,1976,LIXIL上野線,641,642,77.0,186.72,2.1e-05,1
1845,line,1977,荒木上野線,644,645,77.0,93.36,8.6e-05,1
1846,line,1978,白樫分岐線,644,1912,77.0,93.36,0.000324,1
1847,line,1979,予野分岐線,1912,1911,77.0,93.36,8.2e-05,1
1848,line,1980,ウィンドパーク久居二本木線,647,2008,66.0,137.18,0.00033,1
1849,line,1981,荒木壬生野線,648,649,77.0,93.36,0.000128,0
1850,line,1982,佐那具分岐線,648,2211,77.0,93.36,0.000137,1
1851,line,1983,東亜バルブ線,649,650,77.0,93.36,1e-05,1
1852,line,1984,壬生野柏野線,651,652,77.0,93.36,3.8e-05,1
1853,line,1985,森精機線,651,654,77.0,93.36,3.5e-05,1
1854,line,1986,壬生野柏野線,652,653,77.0,93.36,4e-06,1
1855,line,1987,松下冷機阿山線,652,655,77.0,93.36,0.000122,1
1856,line,1988,エクセディ上野線,2211,656,77.0,93.36,0.000253,1
1857,line,1989,エクセディ上野線,656,657,77.0,93.36,0.000111,1
1858,line,1990,ケイミュー伊賀線,656,658,77.0,93.36,9.5e-05,1
1859,line,1991,新池変電所~山科変電所線,659,2193,77.0,186.72,5.7e-05,1
1860,line,2003,大甲線,2125,1918,66.0,274.36,4e-05,0
1861,line,2004,大甲線,1918,1920,66.0,274.36,1e-06,0
1862,line,2005,大甲線,1920,660,66.0,274.36,7.2e-05,0
1863,line,2006,大甲線,660,1914,66.0,274.36,0.000168,0
1864,line,2007,葵機械線,660,953,66.0,137.18,9.5e-05,1
1865,line,2008,中部送電線_210,1913,661,154.0,3200.83,1e-06,0
1866,line,2009,中部送電線_305,661,786,154.0,266.74,2.9e-05,1
1867,line,2010,依佐美地蔵山線;依佐美分岐線;依佐美野田線,663,1617,77.0,560.15,6e-06,0
1868,line,2011,岡崎西尾線,2240,664,77.0,373.43,2.8e-05,0
1869,line,2012,岡崎西尾線,2240,2236,77.0,560.15,1.2e-05,0
1870,line,2013,岡崎西尾線,664,665,77.0,373.43,3.4e-05,0
1871,line,2014,アイシンエイダブリュ城山線,664,895,77.0,93.36,5.5e-05,1
1872,line,2015,岡崎西尾線,665,666,77.0,373.43,5.4e-05,0
1873,line,2016,デンソー西尾線,665,902,77.0,93.36,8.5e-05,1
1874,line,2017,岡崎西尾線,666,1327,77.0,466.79,2e-05,0
1875,line,2018,横落変電所~下青野変電所線,666,899,77.0,560.15,1.3e-05,0
1876,line,2019,岡崎西尾線,1327,2426,77.0,373.43,7.7e-05,0
1877,line,2020,幸田六ッ美線,1327,2058,77.0,93.36,0.000138,0
1878,line,2021,横落変電所~下青野変電所線,667,1287,77.0,560.15,1.7e-05,0
1879,line,2022,中部送電線_1040,667,1288,77.0,186.72,1.9e-05,0
1880,line,2024,北陸電力送配電 154.0kV線,668,669,154.0,266.74,6e-06,0
1881,line,2025,奥野々変電所~敦賀変電所線,668,2030,154.0,533.47,0.000156,0
1882,line,2026,北陸電力送配電 154.0kV線,668,670,154.0,533.47,1e-05,0
1883,line,2028,鶴見町変電所~飯田町変電所線,2443,1930,77.0,80.02,4.4e-05,1
1884,line,2032,幸田変電所~古井町変電所線,671,672,275.0,1905.26,2e-06,0
1885,line,2033,中部電力パワーグリッド 275.0kV線,671,674,275.0,952.63,2e-06,1
1886,line,2034,中部送電線_239,672,677,275.0,952.63,1e-06,0
1887,line,2035,幸田変電所~古井町変電所線,672,673,275.0,1905.26,1.4e-05,0
1888,line,2036,幸田変電所~古井町変電所線,673,1928,275.0,1905.26,1.4e-05,1
1889,line,2037,下青野変電所~美合町変電所線,673,900,275.0,1905.26,3e-06,0
1890,line,2038,大畑町変電所~中部電力八草変電所線,2325,1662,77.0,80.02,6.8e-05,0
1891,line,2039,中部送電線_1041,1935,1288,77.0,93.36,8.8e-05,0
1892,line,2040,蒲郡市変電所~西尾市変電所線,675,1936,275.0,952.63,1.7e-05,1
1893,line,2041,浜町変電所~蒲郡市変電所線,675,676,275.0,1905.26,7e-06,1
1894,line,2042,浜町変電所~蒲郡市変電所線,675,1937,275.0,1905.26,4e-06,1
1895,line,2043,横落変電所~浜町変電所線,676,677,275.0,1905.26,6e-06,1
1896,line,2044,中部送電線_1043,676,2208,275.0,1905.26,5e-06,1
1897,line,2045,中部送電線_239,677,1934,275.0,952.63,6e-06,0
1898,line,2046,中部送電線_240,678,679,66.0,68.59,0.000155,1
1899,line,2047,中部電力八草変電所~吉野町変電所線,1662,1676,77.0,93.36,0.000131,0
1900,line,2048,吉野町変電所~瀬戸変電所線,1676,680,77.0,93.36,0.000156,0
1901,line,2049,岩作色金変電所~瀬戸変電所線,680,681,77.0,186.72,1.4e-05,0
1902,line,2050,中部電力パワーグリッド 77.0kV線,680,1426,77.0,93.36,9.3e-05,0
1903,line,2051,泉町変電所~吉野町変電所線,681,2229,77.0,93.36,0.000237,0
1904,line,2052,田口変電所~豊田市変電所線,682,683,154.0,266.74,0.000107,1
1905,line,2053,田口変電所~豊田市変電所線,682,1321,154.0,533.47,6.3e-05,1
1906,line,2054,中部送電線_244,682,1940,154.0,533.47,5.9e-05,1
1907,line,2055,中部送電線_686,683,1047,154.0,266.74,5.8e-05,1
1908,line,2056,中部送電線_687,683,1048,154.0,266.74,0.0001,1
1909,line,2057,鳳来変電所~田口変電所線,684,1321,154.0,533.47,0.000112,1
1910,line,2058,中部送電線_860,684,1204,154.0,266.74,2.5e-05,1
1911,line,2061,中部送電線_250,1957,685,275.0,952.63,2e-06,0
1912,line,2062,長江変電所~寺田変電所線,2283,2281,66.0,137.18,0.000299,1
1913,line,2063,稲荷町三丁目変電所~長江変電所線,2283,700,66.0,137.18,0.00011,0
1914,line,2064,中部電力パワーグリッド 66.0kV線,2283,687,66.0,274.36,8.3e-05,0
1915,line,2065,寺田変電所~前沢新町変電所線,2281,2284,66.0,137.18,0.000105,1
1916,line,2066,中部電力パワーグリッド 66.0kV線,2281,965,66.0,137.18,0.000153,1
1917,line,2067,leadin,2018,704,154.0,266.74,2.9e-05,0
1918,line,2068,水須変電所~中滝変電所線,686,2019,66.0,137.18,5.9e-05,0
1919,line,2069,富山市変電所~水須変電所線,686,2179,66.0,68.59,0.000554,1
1920,line,2070,中部送電線_664,686,1035,66.0,68.59,5e-05,1
1921,line,2071,水須変電所~中滝変電所線,2019,2285,66.0,137.18,0.000204,0
1922,line,2072,中部送電線_536,2019,930,66.0,68.59,7.2e-05,0
1923,line,2073,水須変電所~中滝変電所線,2285,2251,66.0,342.95,5.9e-05,0
1924,line,2074,東小俣変電所~水須変電所線,2285,970,66.0,68.59,0.000555,1
1925,line,2075,中部電力パワーグリッド 66.0kV線,2251,2252,66.0,68.59,2e-05,0
1926,line,2076,中滝変電所~長江変電所線,2251,969,66.0,274.36,1.6e-05,0
1927,line,2077,namebind,2251,1032,66.0,68.59,0.000203,0
1928,line,2078,中滝変電所~長江変電所線,687,967,66.0,274.36,5.8e-05,0
1929,line,2079,中部電力パワーグリッド 154.0kV線,1942,688,154.0,533.47,4e-06,0
1930,line,2080,伏木変電所~新富山変電所線,1942,697,154.0,1066.94,2.2e-05,0
1931,line,2081,新富山変電所~二塚変電所線,1942,2080,154.0,1066.94,5.1e-05,0
1932,line,2082,新富町変電所~戸出変電所線,2258,691,66.0,137.18,0.000146,0
1933,line,2083,中部電力パワーグリッド 66.0kV線,2258,689,66.0,274.36,1.2e-05,0
1934,line,2084,戸出変電所~二塚変電所線,2258,2265,66.0,274.36,7.9e-05,0
1935,line,2085,戸出変電所~福岡変電所線,689,1329,66.0,274.36,0.000139,0
1936,line,2086,戸出変電所~太田変電所線,689,690,66.0,274.36,0.000159,0
1937,line,2087,戸出変電所~福岡変電所線,1329,2270,66.0,274.36,2.5e-05,0
1938,line,2088,増山変電所~庄中変電所線,1329,2264,66.0,68.59,0.000314,0
1939,line,2089,増山変電所~八尾町福島七丁目変電所線,1329,1007,66.0,137.18,0.000169,0
1940,line,2090,山王町変電所~福岡町小伊勢領変電所線,1709,690,66.0,274.36,9e-06,0
1941,line,2091,山王町変電所~福岡町小伊勢領変電所線,690,691,66.0,274.36,0.000152,0
1942,line,2092,戸出変電所~太田変電所線,690,692,66.0,274.36,4.5e-05,1
1943,line,2093,新富町変電所~戸出変電所線,691,2274,66.0,137.18,0.000173,0
1944,line,2094,中部電力パワーグリッド 66.0kV線,691,940,66.0,274.36,2e-05,0
1945,line,2095,戸出変電所~太田変電所線,692,693,66.0,274.36,0.000171,1
1946,line,2096,山王町変電所~太田変電所線,692,2272,66.0,68.59,0.000217,1
1947,line,2097,清水町二丁目変電所~二塚変電所線,2266,2265,66.0,137.18,0.000103,0
1948,line,2098,大野変電所~清水町二丁目変電所線,2266,1951,66.0,137.18,9.8e-05,0
1949,line,2099,二塚変電所~広上変電所線,2265,2267,66.0,137.18,3.4e-05,1
1950,line,2100,二塚変電所~城東二丁目変電所線,2265,1952,66.0,137.18,0.000179,0
1951,line,2101,伏木変電所~守護町一丁目変電所線,694,2260,154.0,1066.94,1e-05,0
1952,line,2102,最勝講変電所~守護町一丁目変電所線,694,1006,154.0,1600.41,7e-06,0
1953,line,2103,中部送電線_253,1947,695,66.0,137.18,4.5e-05,1
1954,line,2104,中部電力パワーグリッド 66.0kV線,1947,696,66.0,137.18,1.9e-05,1
1955,line,2105,伏木変電所~万葉線株式会社 米島変電所線,1947,1949,66.0,68.59,8.3e-05,0
1956,line,2106,伏木変電所~射水変電所線,1947,2262,66.0,137.18,0.000164,0
1957,line,2107,中部電力パワーグリッド 66.0kV線,1947,945,66.0,205.77,1.2e-05,0
1958,line,2108,万葉線株式会社 米島変電所~下八ケ変電所線,1949,2394,66.0,137.18,2e-05,0
1959,line,2109,伏木変電所~万葉線株式会社 米島変電所線,1946,1948,154.0,1867.15,2e-06,0
1960,line,2110,伏木変電所~新富山変電所線,1946,697,154.0,1066.94,1.3e-05,0
1961,line,2111,塚原伏木線,1946,1976,154.0,533.47,3e-05,0
1962,line,2112,namebind,1946,1945,154.0,266.74,4.2e-05,1
1963,line,2113,伏木変電所~守護町一丁目変電所線,1948,2260,154.0,1066.94,3e-06,0
1964,line,2115,城東二丁目変電所~大野変電所線,1952,1951,66.0,274.36,1.7e-05,0
1965,line,2116,城東二丁目変電所~大門変電所線,1952,2471,66.0,137.18,6.2e-05,0
1966,line,2117,万葉線株式会社 米島変電所~城東二丁目変電所線,1952,879,66.0,137.18,0.00011,0
1967,line,2118,伏木変電所~城東二丁目変電所線,1952,945,66.0,137.18,0.000163,0
1968,line,2119,北陸電力送配電 154.0kV線,697,1976,154.0,1066.94,3e-06,0
1969,line,2120,三ケ変電所~大門変電所線,698,2471,66.0,68.59,0.000173,0
1970,line,2121,三ケ変電所~塚原変電所線,698,1977,66.0,68.59,0.000134,0
1971,line,2122,中部電力パワーグリッド 66.0kV線,698,2269,66.0,137.18,6e-05,1
1972,line,2123,三ケ変電所~大門変電所線,2470,1976,154.0,800.21,1.8e-05,0
1973,line,2124,犬島四丁目変電所~木場町変電所線,1956,2079,66.0,137.18,0.000102,0
1974,line,2125,富山変電所~犬島四丁目変電所線,1956,1805,66.0,137.18,0.000208,0
1975,line,2126,犬島四丁目変電所~鶴ヶ丘町変電所線,1956,1975,66.0,137.18,0.000132,1
1976,line,2127,森変電所~犬島四丁目変電所線,1956,699,66.0,274.36,1.2e-05,1
1977,line,2128,稲荷町三丁目変電所~犬島四丁目変電所線,1956,700,66.0,137.18,0.000162,0
1978,line,2129,富山変電所~木場町変電所線,2079,1805,66.0,137.18,0.000179,0
1979,line,2130,leadin,699,2142,66.0,274.36,1.3e-05,1
1980,line,2131,森変電所~草島変電所線,699,1025,66.0,137.18,6.6e-05,1
1981,line,2132,T106,1805,1954,66.0,205.77,2.2e-05,0
1982,line,2133,射水線,1805,2345,66.0,274.36,0.000117,0
1983,line,2134,稲荷町三丁目変電所~犬島四丁目変電所線,700,1026,66.0,274.36,4e-06,1
1984,line,2135,葵区変電所~川根本町変電所線,2316,701,154.0,266.74,0.000124,1
1985,line,2136,中部電力パワーグリッド 154.0kV線,2316,725,154.0,800.21,7.5e-05,1
1986,line,2137,中部電力パワーグリッド 154.0kV線,1973,1964,154.0,266.74,0.00014,0
1987,line,2138,中部送電線_258,702,703,66.0,68.59,0.000273,1
1988,line,2139,中部送電線_733,703,1108,66.0,68.59,4.4e-05,1
1989,line,2140,青部変電所~川根本町変電所線,703,1966,154.0,228.63,0.000406,1
1990,line,2141,牛ケ増変電所~富山市変電所線,704,705,154.0,533.47,6.3e-05,1
1991,line,2142,下八ケ変電所~守護町一丁目変電所線,706,707,66.0,137.18,0.00033,1
1992,line,2143,下八ケ変電所~平米町変電所線,706,2273,66.0,137.18,9.8e-05,1
1993,line,2144,中部電力パワーグリッド 66.0kV線,706,2261,66.0,137.18,5.9e-05,1
1994,line,2145,中部送電線_309,707,792,66.0,68.59,2.4e-05,1
1995,line,2146,中部送電線_309,707,791,66.0,68.59,0.000178,1
1996,line,2147,中ノ江変電所~南福光変電所線,2271,2299,66.0,68.59,0.000725,1
1997,line,2148,寺津変電所~飛驒市変電所線,708,1264,154.0,1066.94,1.9e-05,1
1998,line,2149,飛驒市変電所~小坂町小坂町変電所線,708,2378,154.0,1066.94,3.2e-05,0
1999,line,2150,中部送電線_261,709,710,77.0,186.72,1e-05,1
2000,line,2151,新富町変電所~戸出変電所線,1974,711,66.0,274.36,2.2e-05,1
2001,line,2152,新富町変電所~戸出変電所線,711,2274,66.0,137.18,6.2e-05,0
2002,line,2153,新富町変電所~下吉江変電所線,711,2139,66.0,137.18,0.000336,0
2003,line,2154,新富山変電所~射水市変電所線,1941,2344,275.0,3810.51,1.2e-05,0
2004,line,2155,寺津変電所~北笹津変電所線,2379,1825,154.0,533.47,4.2e-05,0
2005,line,2156,野村変電所~塚原変電所線,1976,878,154.0,2133.89,4e-06,0
2006,line,2157,射水線,2345,2343,66.0,274.36,4.8e-05,0
2007,line,2158,射水線,2343,2262,66.0,274.36,1.4e-05,0
2008,line,2159,北部西濃線,1406,1551,275.0,3810.51,5e-06,0
2009,line,2160,新八幡変電所~雨降野変電所線,713,714,154.0,1066.94,0.0,1
2010,line,2161,中部送電線_527,715,2250,154.0,533.47,1.1e-05,1
2011,line,2162,蓮台寺町変電所~高宮変電所線,715,926,154.0,533.47,2.6e-05,0
2012,line,2163,蓮台寺町変電所~高宮変電所線,715,927,154.0,800.21,9e-06,0
2013,line,2164,中部電力パワーグリッド 275.0kV線,716,717,275.0,952.63,2e-06,0
2014,line,2165,中部電力パワーグリッド 275.0kV線,716,1253,275.0,952.63,2e-06,0
2015,line,2166,白馬村変電所~黒部市変電所線,716,908,275.0,1905.26,1.2e-05,1
2016,line,2167,中部電力パワーグリッド 275.0kV線,717,1253,275.0,952.63,0.0,0
2017,line,2168,中部電力パワーグリッド 275.0kV線,717,734,275.0,952.63,1e-06,0
2018,line,2169,中部電力パワーグリッド 275.0kV線,717,1254,275.0,2857.88,1e-06,1
2019,line,2170,下山変電所~五郎八変電所線,1990,718,66.0,137.18,0.000184,1
2020,line,2171,道下変電所~下山変電所線,1990,1979,66.0,137.18,0.000272,1
2021,line,2172,下山変電所~君島変電所線,1990,1991,66.0,137.18,0.00027,1
2022,line,2173,中部電力パワーグリッド 66.0kV線,718,1249,66.0,137.18,1.4e-05,1
2023,line,2174,leadin,1979,1248,66.0,137.18,3e-05,1
2024,line,2175,道下変電所~朝日町変電所線,1979,2001,66.0,137.18,0.000329,1
2025,line,2177,立石変電所~菰原変電所線,2218,2096,66.0,137.18,0.000111,0
2026,line,2178,立石変電所~菰原変電所線,2218,719,66.0,137.18,0.000109,0
2027,line,2179,中部電力パワーグリッド 66.0kV線,719,2400,66.0,137.18,5.4e-05,1
2028,line,2180,二軒小屋畑一線,721,722,154.0,266.74,0.000199,1
2029,line,2181,中部送電線_737,722,1109,154.0,266.74,0.0,1
2030,line,2182,二軒小屋畑一線,722,725,154.0,533.47,4.9e-05,1
2031,line,2183,道下変電所~朝日町変電所線,2001,2000,66.0,205.77,4e-06,1
2032,line,2184,境変電所~朝日町変電所線,2001,1999,66.0,68.59,2.8e-05,1
2033,line,2185,中部電力パワーグリッド 66.0kV線,2001,806,66.0,68.59,0.00031,1
2034,line,2186,朝日町変電所~糸魚川市変電所線,2001,1066,66.0,274.36,0.000339,1
2035,line,2188,中部送電線_267,2004,2213,77.0,186.72,0.000332,0
2036,line,2189,小島変電所~揖斐変電所線,2004,2360,77.0,93.36,0.0001,0
2037,line,2190,小島変電所~揖斐川町変電所線,2004,2090,77.0,280.07,5.5e-05,0
2038,line,2191,小島変電所~揖斐川町変電所線,2090,2091,77.0,186.72,1.4e-05,1
2039,line,2192,小島変電所~揖斐川町変電所線,2091,723,77.0,186.72,0.000158,0
2040,line,2193,中部送電線_631,2091,995,77.0,186.72,0.000169,0
2041,line,2194,小島変電所~揖斐川町変電所線,723,724,77.0,186.72,0.000284,1
2042,line,2195,中部送電線_633,723,995,77.0,93.36,3.4e-05,0
2043,line,2196,新愛本変電所~黒部市変電所線,2373,726,154.0,533.47,2.2e-05,0
2044,line,2197,新愛本変電所~黒部市変電所線,726,2006,154.0,533.47,6e-06,0
2045,line,2198,中部電力パワーグリッド 154.0kV線,2006,1251,154.0,1066.94,6e-05,0
2046,line,2199,中部電力パワーグリッド 275.0kV線,1640,765,77.0,93.36,0.000825,1
2047,line,2200,東信坂城連絡線,1640,2456,77.0,186.72,4.7e-05,0
2048,line,2201,大屋変電所~島川原変電所線,727,1229,77.0,93.36,0.000272,1
2049,line,2202,富士市変電所~中野台二丁目変電所線,728,2014,77.0,93.36,0.000355,1
2050,line,2203,駿河区変電所~大村一丁目変電所線,729,730,110.0,171.47,5.5e-05,0
2051,line,2204,大村一丁目変電所~中部電力株式会社　日吉変電所線,730,1116,110.0,685.89,1.4e-05,1
2052,line,2205,大村一丁目変電所~中部電力株式会社　日吉変電所線,730,788,110.0,342.95,8e-06,0
2053,line,2206,落合川~中央新幹線 新中津川変電所計画地線,1346,1177,154.0,266.74,6.8e-05,0
2054,line,2207,新愛本変電所~黒部市変電所線,733,734,275.0,3810.51,8e-06,1
2055,line,2208,中部電力パワーグリッド 275.0kV線,733,1252,275.0,1905.26,1e-06,1
2056,line,2209,中部電力パワーグリッド 275.0kV線,734,1253,275.0,952.63,1e-06,0
2057,line,2210,新愛本変電所~五郎八変電所線,1998,2375,154.0,1066.94,5e-06,0
2058,line,2211,関西電力送配電 275.0kV線,2304,2302,275.0,952.63,1e-06,0
2059,line,2212,中勢亀山線,1938,2044,275.0,952.63,4e-06,0
2060,line,2213,中勢亀山線,2044,2028,275.0,952.63,7e-06,1
2061,line,2214,奥野々変電所~敦賀変電所線,736,2029,275.0,1905.26,4.1e-05,0
2062,line,2215,川根変電所~川根本町変電所線,1623,1964,275.0,952.63,1e-06,0
2063,line,2216,東海鉄道岩渕線,2015,737,154.0,1333.68,1e-06,0
2064,line,2217,中部送電線_271,739,2035,154.0,114.32,0.000103,1
2065,line,2218,中部送電線_272,2035,740,154.0,533.47,3e-06,1
2066,line,2219,富士市変電所~蒲原一丁目変電所線,2035,780,154.0,266.74,4.2e-05,1
2067,line,2220,富士市変電所~富士川第一変電所線,2462,2046,77.0,93.36,2e-05,1
2068,line,2221,中部送電線_276,1604,742,154.0,266.74,3.5e-05,0
2069,line,2223,高木町変電所~中央一丁目変電所線,1793,744,154.0,266.74,0.000123,0
2070,line,2224,高木町変電所~中央一丁目変電所線,744,745,66.0,68.59,0.000117,1
2071,line,2225,中央一丁目変電所~八乙女変電所線,744,2278,77.0,320.08,9.9e-05,0
2072,line,2226,中央一丁目変電所~八乙女変電所線,744,2277,66.0,274.36,0.000207,0
2073,line,2227,中部電力パワーグリッド 275.0kV線,746,759,275.0,952.63,0.0,1
2074,line,2228,西部変電所~西名古屋変電所線,746,747,275.0,952.63,9e-06,1
2075,line,2229,大屋変電所~国分変電所線,749,2059,77.0,93.36,0.000101,0
2076,line,2230,御所変電所~大屋変電所線,749,772,77.0,93.36,0.000313,0
2077,line,2231,中部電力パワーグリッド 77.0kV線,749,2011,77.0,186.72,3.1e-05,0
2078,line,2232,大屋変電所~国分変電所線,2059,750,77.0,93.36,0.000142,0
2079,line,2233,国分変電所~真田変電所線,750,766,77.0,93.36,0.000119,0
2080,line,2234,太田変電所~八尾町福島七丁目変電所線,751,752,154.0,533.47,8.1e-05,0
2081,line,2235,太田変電所~八尾町福島七丁目変電所線,751,753,154.0,533.47,0.000101,0
2082,line,2236,中部電力パワーグリッド 154.0kV線,751,1258,154.0,533.47,1.3e-05,0
2083,line,2237,太田変電所~八尾町福島七丁目変電所線,752,753,154.0,533.47,2e-05,0
2084,line,2238,中部送電線_647,752,1008,154.0,533.47,2.2e-05,0
2085,line,2239,中部電力パワーグリッド 66.0kV線,1816,2286,66.0,68.59,4.7e-05,0
2086,line,2240,春日変電所~寺津変電所線,1816,1265,66.0,68.59,0.000848,1
2087,line,2241,北笹津変電所~春日変電所線,1816,1972,66.0,137.18,2.2e-05,0
2088,line,2242,軽井沢変電所~大津変電所線,754,755,77.0,93.36,0.001503,1
2089,line,2243,大字御代田変電所~軽井沢変電所線,754,764,77.0,93.36,0.000441,0
2090,line,2244,中部送電線_841,754,1199,77.0,93.36,4.6e-05,0
2091,line,2245,軽井沢変電所~大津変電所線,755,756,77.0,93.36,2.1e-05,1
2092,line,2246,中部電力パワーグリッド 275.0kV線,757,758,275.0,1905.26,5e-06,1
2093,line,2247,中部送電線_1071,757,1298,275.0,952.63,2e-06,1
2094,line,2249,中部送電線_284,760,761,66.0,68.59,0.00093,0
2095,line,2250,中部送電線_701,760,2322,66.0,68.59,0.000495,0
2096,line,2251,中部送電線_703,760,1067,66.0,137.18,0.000327,1
2097,line,2252,中部送電線_417,762,2310,77.0,373.43,1.4e-05,0
2098,line,2253,中部電力パワーグリッド 77.0kV線,763,764,77.0,93.36,0.000216,1
2099,line,2254,中部電力パワーグリッド 77.0kV線,763,2100,77.0,93.36,7.4e-05,1
2100,line,2255,大字御代田変電所~軽井沢町変電所線,764,770,77.0,93.36,0.000182,0
2101,line,2256,東信坂城連絡線,766,767,77.0,93.36,0.000538,0
2102,line,2257,東信坂城連絡線,766,2456,77.0,186.72,6e-05,0
2103,line,2258,東信坂城連絡線,767,768,77.0,186.72,0.000132,0
2104,line,2259,東信坂城連絡線,767,2171,77.0,93.36,4e-05,0
2105,line,2260,東信坂城連絡線,768,2064,77.0,186.72,4.2e-05,1
2106,line,2261,四ツ屋変電所~坂城変電所線,768,962,77.0,186.72,5.1e-05,0
2107,line,2262,東信坂城連絡線,2172,2171,77.0,280.07,5e-06,0
2108,line,2263,東信坂城連絡線,2172,769,77.0,186.72,0.00011,0
2109,line,2264,中部電力パワーグリッド 77.0kV線,769,773,77.0,93.36,0.000252,0
2110,line,2265,中部電力パワーグリッド 77.0kV線,769,774,77.0,186.72,0.00021,1
2111,line,2266,中部電力パワーグリッド 77.0kV線,770,2494,77.0,93.36,0.000141,1
2112,line,2267,軽井沢変電所~軽井沢町変電所線,770,2320,77.0,93.36,0.000375,0
2113,line,2268,ちの変電所~茅野市変電所線,1583,1901,77.0,186.72,4.5e-05,0
2114,line,2269,ちの変電所~茅野市変電所線,1901,771,77.0,186.72,4.1e-05,0
2115,line,2270,茅野市変電所~ちの変電所線,771,805,77.0,93.36,0.000342,0
2116,line,2271,中部電力パワーグリッド 77.0kV線,771,854,77.0,186.72,0.000251,1
2117,line,2272,中部電力パワーグリッド 77.0kV線,772,773,77.0,93.36,6.9e-05,0
2118,line,2273,中部電力パワーグリッド 77.0kV線,773,2065,77.0,93.36,4.1e-05,1
2119,line,2274,中部電力パワーグリッド 77.0kV線,2067,776,77.0,93.36,0.000357,0
2120,line,2276,leadin,2073,929,154.0,533.47,7e-06,1
2121,line,2277,namebind,2073,926,154.0,266.74,8.4e-05,0
2122,line,2278,草島変電所~野村変電所線,2078,799,154.0,1066.94,4.2e-05,0
2123,line,2279,明海変電所~豊橋市変電所線,783,1854,66.0,68.59,4.5e-05,1
2124,line,2280,中部送電線_297,784,1646,154.0,114.32,7.1e-05,1
2125,line,2281,米原変電所~鳥居本変電所線,785,1196,77.0,373.43,3.9e-05,0
2126,line,2285,namebind,1944,787,66.0,137.18,6.3e-05,1
2127,line,2286,東海鉄道舞阪線,2093,1717,77.0,93.36,1.7e-05,1
2128,line,2293,中部電力パワーグリッド 66.0kV線,793,2108,66.0,68.59,0.000179,1
2129,line,2294,namebind,1765,2107,77.0,186.72,0.000166,0
2130,line,2295,新諏訪一丁目変電所~根上変電所線,2112,2115,66.0,68.59,0.001071,1
2131,line,2296,中部送電線_312,2114,794,77.0,93.36,3.7e-05,1
2132,line,2297,更埴八幡変電所~JR東日本 姨捨変電所線,794,2405,77.0,93.36,3.8e-05,1
2133,line,2298,中部電力パワーグリッド 77.0kV線,795,1307,77.0,186.72,3e-06,1
2134,line,2299,太田分岐線-0,795,2348,77.0,186.72,6.7e-05,1
2135,line,2313,中部送電線_320,797,1637,154.0,114.32,0.000177,1
2136,line,2316,中部電力パワーグリッド 154.0kV線,799,800,154.0,533.47,3e-06,0
2137,line,2317,中部電力パワーグリッド 154.0kV線,799,878,154.0,533.47,3e-06,0
2138,line,2318,中部電力パワーグリッド 154.0kV線,800,878,154.0,533.47,2e-06,0
2139,line,2319,野村変電所~射水市変電所線,800,2342,154.0,1066.94,4e-06,0
2140,line,2320,野村変電所~射水市変電所線,2342,2077,154.0,1066.94,1.1e-05,0
2141,line,2321,久々湊変電所~野村変電所線,2342,2340,154.0,533.47,7e-06,0
2142,line,2324,中部電力パワーグリッド 154.0kV線,801,802,154.0,266.74,1e-06,1
2143,line,2325,岩滑西町三丁目変電所~天神前二丁目変電所線,1672,2135,154.0,1066.94,9e-06,0
2144,line,2326,岩滑西町三丁目変電所~宮本町四丁目変電所線,1672,925,154.0,266.74,8.4e-05,1
2145,line,2327,岩滑西町三丁目変電所~天神前二丁目変電所線,2135,803,66.0,274.36,3.9e-05,0
2146,line,2328,中部送電線_1039,803,2312,66.0,137.18,6.2e-05,1
2147,line,2329,中部送電線_1037,803,2416,77.0,160.04,0.000185,0
2148,line,2330,住吉町五丁目変電所~岩滑西町三丁目変電所線,2126,2136,154.0,266.74,2.7e-05,0
2149,line,2331,一本木町一丁目変電所~住吉町五丁目変電所線,804,2126,154.0,266.74,2.9e-05,0
2150,line,2332,中部送電線_838,804,2326,154.0,266.74,1.4e-05,1
2151,line,2333,大字椋岡変電所~住吉町五丁目変電所線,2126,2418,154.0,266.74,3.5e-05,1
2152,line,2334,下川手変電所~茅野市変電所線,805,882,77.0,186.72,0.000866,1
2153,line,2335,中部電力パワーグリッド 77.0kV線,1696,1685,77.0,93.36,0.000475,1
2154,line,2336,中部電力パワーグリッド 66.0kV線,806,807,66.0,68.59,5e-06,1
2155,line,2337,中部送電線_704,806,1068,66.0,68.59,1.6e-05,1
2156,line,2338,石部南八丁目変電所~手原一丁目変電所線,808,1306,154.0,266.74,7.1e-05,1
2157,line,2339,中部送電線_339,808,2092,154.0,266.74,1e-05,1
2158,line,2340,六地蔵変電所~石部南八丁目変電所線,808,809,154.0,533.47,1.7e-05,1
2159,line,2341,手原一丁目変電所~六地蔵変電所線,809,2479,154.0,1066.94,5e-06,0
2160,line,2342,namebind,810,2466,154.0,266.74,3.1e-05,0
2161,line,2343,leadin,810,2467,154.0,266.74,3.1e-05,0
2162,line,2347,富山市変電所~森変電所線,2143,2142,66.0,68.59,3.1e-05,1
2163,line,2348,海岸通変電所~富山市変電所線,2143,812,66.0,68.59,4.8e-05,1
2164,line,2349,富山市変電所~海岸通変電所線,2143,2144,66.0,68.59,0.00015,1
2165,line,2350,海岸通変電所~富山市変電所線,811,812,66.0,68.59,3.2e-05,1
2166,line,2351,中部送電線_655,812,1024,66.0,68.59,2.4e-05,1
2167,line,2352,東近江開閉所~日野町変電所線,2145,957,77.0,93.36,0.000532,0
2168,line,2358,八尾町福島七丁目変電所~八尾町滅鬼変電所線,1824,2291,66.0,137.18,0.000172,1
2169,line,2359,婦中町新屋変電所~八尾町滅鬼変電所線,2291,2290,66.0,137.18,9e-05,0
2170,line,2360,leadin,816,1750,154.0,533.47,7.4e-05,0
2171,line,2361,中信変電所~信濃変電所線,816,994,154.0,266.74,1.2e-05,1
2172,line,2362,色浜変電所~疋田変電所線,818,819,275.0,1905.26,4e-06,1
2173,line,2363,色浜変電所~疋田変電所線,819,820,275.0,1905.26,3.8e-05,1
2174,line,2364,日本原子力発電 275.0kV線,819,2306,275.0,1905.26,1.4e-05,0
2175,line,2366,色浜変電所~樋ノ水町変電所線,2306,821,275.0,952.63,5e-05,0
2176,line,2367,namebind,821,2432,275.0,952.63,2.2e-05,0
2177,line,2368,中部送電線_683,821,1044,275.0,952.63,6e-06,0
2178,line,2370,勝間変電所~小海町変電所線,2158,2161,77.0,93.36,0.001045,1
2179,line,2371,中部電力パワーグリッド 77.0kV線,2158,828,77.0,186.72,6.3e-05,1
2180,line,2372,安城市変電所~田戸町四丁目変電所線,2149,824,154.0,266.74,9e-06,0
2181,line,2373,namebind,824,2209,154.0,800.21,2.9e-05,0
2182,line,2374,中部送電線_355,825,826,154.0,533.47,1e-06,1
2183,line,2375,依佐美高棚線,825,1616,154.0,266.74,3.2e-05,0
2184,line,2376,中丸子変電所~八重原変電所線,2155,827,77.0,93.36,0.000181,1
2185,line,2377,大屋変電所~八重原変電所線,827,847,77.0,93.36,0.000293,1
2186,line,2378,八重原変電所~諏訪変電所線,827,846,77.0,373.43,0.000292,1
2187,line,2379,佐久変電所~勝間変電所線,1699,828,77.0,186.72,0.000463,0
2188,line,2380,勝間変電所~佐久平駅東変電所線,828,2157,77.0,93.36,0.000423,0
2189,line,2381,八重原変電所~東京電力海瀬発電所線,2156,1698,154.0,533.47,5e-05,0
2190,line,2382,東塩田変電所~八重原変電所線,2156,2463,154.0,266.74,0.000125,0
2191,line,2383,八重原変電所~東京電力海瀬発電所線,1698,2159,154.0,1066.94,0.000189,1
2192,line,2384,勝間変電所~佐久平駅東変電所線,2157,1375,77.0,93.36,0.000106,0
2193,line,2385,新羽変電所~新秩父開閉所線,2159,829,154.0,1066.94,4.8e-05,1
2194,line,2386,中部送電線_357,830,831,66.0,68.59,1e-05,0
2195,line,2387,中部送電線_358,830,832,66.0,68.59,0.000178,0
2196,line,2388,竜島変電所~松本市変電所線,830,833,66.0,68.59,4.8e-05,0
2197,line,2389,石垣変電所~袋変電所線,835,2167,275.0,228.63,0.000242,0
2198,line,2390,中部送電線_659,835,1028,66.0,68.59,3.5e-05,1
2199,line,2391,石垣変電所~袋変電所線,835,1029,66.0,137.18,0.000302,1
2200,line,2392,石垣変電所~袋変電所線,2167,836,275.0,952.63,7e-06,0
2201,line,2394,中部電力パワーグリッド 77.0kV線,2011,847,77.0,93.36,8.1e-05,1
2202,line,2395,四ツ屋変電所~南条変電所線,2171,2170,77.0,186.72,9.5e-05,1
2203,line,2397,勝野変電所~安曇変電所線,2182,2180,77.0,186.72,0.000149,1
2204,line,2398,中部送電線_593,2182,952,77.0,93.36,0.000699,1
2205,line,2399,北陸幹線,4135,2184,154.0,1066.94,2.3e-05,0
2206,line,2400,新旭支線一号線,2180,999,77.0,186.72,6e-05,0
2207,line,2401,北陸幹線,2184,2186,154.0,1066.94,3e-06,0
2208,line,2402,北陸幹線,2186,2275,154.0,1066.94,3.2e-05,0
2209,line,2403,今津線,2185,2187,77.0,373.43,1.3e-05,0
2210,line,2404,今津線,2185,2180,77.0,186.72,0.000201,0
2211,line,2407,中部送電線_378,839,840,154.0,266.74,1.4e-05,1
2212,line,2408,大野市変電所~東中変電所線,839,841,154.0,266.74,6.1e-05,0
2213,line,2409,中部送電線_639,841,964,154.0,533.47,3e-06,1
2214,line,2410,中部送電線_641,841,1002,154.0,266.74,7.4e-05,0
2215,line,2411,友江変電所~荒土町松ヶ崎変電所線,842,843,154.0,533.47,8.3e-05,0
2216,line,2412,友江変電所~越前変電所線,843,1741,154.0,266.74,0.000139,0
2217,line,2413,中部送電線_914,843,844,154.0,266.74,2e-05,0
2218,line,2414,中部送電線_913,844,1225,154.0,266.74,7e-06,0
2219,line,2415,越前変電所~上東郷町変電所線,845,2188,275.0,952.63,4.1e-05,0
2220,line,2416,中部送電線_1107,845,1315,275.0,952.63,9e-06,1
2221,line,2417,中部電力パワーグリッド 77.0kV線,847,1229,77.0,93.36,6.5e-05,1
2222,line,2418,中部送電線_389,2011,848,77.0,93.36,7.6e-05,1
2223,line,2419,南起変電所~野間変電所線,849,851,154.0,266.74,8.4e-05,1
2224,line,2420,中部送電線_839,849,1197,154.0,266.74,2.4e-05,1
2225,line,2421,西浅井町塩津浜変電所~高月町変電所線,2216,850,77.0,93.36,2.3e-05,0
2226,line,2422,西浅井町塩津浜変電所~高月町変電所線,2216,1907,77.0,93.36,0.000527,0
2227,line,2423,西浅井町塩津浜変電所~高月町変電所線,2216,884,77.0,93.36,0.00057,0
2228,line,2424,今津塩津線,2216,2276,77.0,560.15,0.000114,0
2229,line,2425,中部送電線_673,1907,1037,77.0,93.36,9.5e-05,0
2230,line,2426,中部送電線_842,1907,1200,77.0,93.36,0.000163,1
2231,line,2427,中部送電線_396,851,852,154.0,266.74,1.1e-05,1
2232,line,2428,中部送電線_397,851,853,154.0,266.74,0.000108,1
2233,line,2429,南箕輪村変電所~大芝変電所線,2203,2204,154.0,266.74,5e-06,1
2234,line,2430,中部送電線_402,2402,857,154.0,266.74,4.1e-05,1
2235,line,2431,中部送電線_405,2402,861,154.0,266.74,1.5e-05,1
2236,line,2432,中部送電線_406,2402,862,154.0,266.74,1e-05,1
2237,line,2433,中部送電線_402,857,858,66.0,68.59,9e-05,1
2238,line,2434,中部送電線_579,857,949,66.0,68.59,5.9e-05,1
2239,line,2435,中部送電線_409,858,870,66.0,68.59,0.000102,1
2240,line,2436,中部送電線_411,858,871,66.0,68.59,0.000334,1
2241,line,2437,飛驒市変電所~小坂町小坂町変電所線,2378,859,154.0,1066.94,1.6e-05,0
2242,line,2438,中部電力パワーグリッド 154.0kV線,2378,948,154.0,533.47,3.2e-05,0
2243,line,2439,飛驒市変電所~小坂町小坂町変電所線,859,2402,154.0,1066.94,0.000101,0
2244,line,2440,中部送電線_650,859,948,154.0,266.74,7e-06,0
2245,line,2441,飛驒市変電所~小坂町小坂町変電所線,2402,860,154.0,1066.94,7.3e-05,1
2246,line,2442,中部電力パワーグリッド 154.0kV線,2402,865,154.0,533.47,4.6e-05,0
2247,line,2443,中部送電線_407,863,864,154.0,266.74,4.6e-05,1
2248,line,2444,飛驒市変電所~三福寺町変電所線,863,865,154.0,533.47,1.9e-05,0
2249,line,2445,飛驒市変電所~三福寺町変電所線,863,947,154.0,800.21,0.000129,0
2250,line,2446,三福寺町変電所~小坂町小坂町変電所線,865,866,154.0,533.47,6.5e-05,1
2251,line,2447,三福寺町変電所~小坂町小坂町変電所線,866,867,154.0,533.47,5.1e-05,1
2252,line,2448,高根町上ケ洞変電所~三福寺町変電所線,866,1276,154.0,266.74,0.000129,1
2253,line,2449,松本市変電所~三福寺町変電所線,868,869,66.0,137.18,0.000368,1
2254,line,2450,中部送電線_760,868,1906,66.0,205.77,0.000564,0
2255,line,2451,中部送電線_763,868,1123,66.0,68.59,3e-05,1
2256,line,2453,中部送電線_410,871,872,66.0,68.59,0.000169,1
2257,line,2454,旭ケ丘町変電所~三福寺町変電所線,871,873,66.0,68.59,0.000921,1
2258,line,2455,中部送電線_412,873,874,66.0,68.59,0.000177,1
2259,line,2456,飯島変電所~旭ケ丘町変電所線,873,875,66.0,137.18,0.00095,1
2260,line,2457,中部送電線_413,2205,876,154.0,533.47,0.000156,1
2261,line,2458,大鹿送電線,877,885,154.0,266.74,0.000213,1
2262,line,2459,塚原射水線,1977,2262,66.0,137.18,9.4e-05,0
2263,line,2460,塚原変電所~万葉線株式会社 米島変電所線,1977,879,66.0,137.18,0.000136,0
2264,line,2461,万葉線株式会社 米島変電所~二上新変電所線,879,2268,66.0,137.18,7.9e-05,0
2265,line,2462,伏木変電所~万葉線株式会社 米島変電所線,879,945,66.0,137.18,4.3e-05,0
2266,line,2463,namebind,2268,2394,66.0,68.59,0.000117,0
2267,line,2464,新富山変電所~射水市変電所線,2344,2076,275.0,3810.51,2e-06,0
2268,line,2465,中部電力パワーグリッド 154.0kV線,2303,989,154.0,533.47,1.4e-05,0
2269,line,2466,飯島変電所~宮川町野首変電所線,880,2300,275.0,1905.26,4.1e-05,1
2270,line,2467,関西電力送配電 275.0kV線,2300,976,275.0,1905.26,3e-06,0
2271,line,2468,namebind,2300,2301,275.0,952.63,3.9e-05,0
2272,line,2470,中部送電線_671,884,1036,77.0,93.36,7.7e-05,1
2273,line,2471,中部送電線_672,884,1037,77.0,93.36,0.000287,0
2274,line,2472,中部送電線_424,885,886,154.0,266.74,1.3e-05,1
2275,line,2473,中部送電線_427,888,889,77.0,93.36,1.5e-05,1
2276,line,2474,中部送電線_427,889,1280,77.0,280.07,2.4e-05,0
2277,line,2475,五個荘町変電所~勝堂変電所線,889,1281,77.0,186.72,3e-05,0
2278,line,2476,泉町変電所~八床町変電所線,2229,2230,77.0,93.36,4.6e-05,0
2279,line,2477,泉町変電所~八床町変電所線,2230,2227,77.0,93.36,5.6e-05,0
2280,line,2478,泉町変電所~八床町変電所線,2227,892,77.0,93.36,1.1e-05,1
2281,line,2479,日野町変電所~日野変電所線,2145,2233,77.0,93.36,0.000209,0
2282,line,2480,今津塩津線,2187,2276,77.0,373.43,0.00014,0
2283,line,2481,八乙女変電所~敦賀変電所線,2277,950,66.0,274.36,0.000235,0
2284,line,2482,南安城西尾線,893,2239,77.0,186.72,3.2e-05,0
2285,line,2483,南安城西尾線,893,2236,77.0,186.72,7.5e-05,0
2286,line,2484,namebind,893,2428,77.0,186.72,0.000174,0
2287,line,2485,西尾変電所~上矢田町変電所線,2428,1292,77.0,186.72,9.7e-05,0
2288,line,2486,中部送電線_1048,2428,896,77.0,186.72,3.9e-05,1
2289,line,2487,namebind,894,2209,154.0,266.74,4.9e-05,0
2290,line,2488,中原変電所~石井町変電所線,894,1290,154.0,266.74,1e-05,0
2291,line,2489,中部送電線_436,896,897,77.0,93.36,1.9e-05,1
2292,line,2490,中部送電線_1048,896,1291,77.0,93.36,4e-05,1
2293,line,2491,西尾変電所~吉良町中野変電所線,898,2235,275.0,1905.26,6e-06,0
2294,line,2492,横落変電所~下青野変電所線,899,900,77.0,560.15,2e-06,0
2295,line,2493,中部送電線_437,899,1287,77.0,93.36,2.9e-05,0
2296,line,2494,横落変電所~下青野変電所線,900,1287,77.0,560.15,2e-06,0
2297,line,2495,下青野変電所~美合町変電所線,900,901,77.0,186.72,0.000105,1
2298,line,2500,白馬村変電所~糸魚川市変電所線,903,904,66.0,68.59,0.002278,1
2299,line,2503,中部送電線_460,906,907,66.0,68.59,0.000168,1
2300,line,2504,中部送電線_461,909,910,77.0,93.36,3e-05,1
2301,line,2505,中部送電線_463,910,911,77.0,186.72,3e-06,1
2302,line,2506,金丸変電所~長沢変電所線,913,2245,66.0,137.18,0.000449,0
2303,line,2507,金丸変電所~中能登変電所線,913,1004,66.0,137.18,0.001437,1
2304,line,2508,上ノ原変電所~500 kV switching station線,915,1079,500.0,3464.1,3e-06,1
2305,line,2509,中部送電線_483,916,924,77.0,93.36,0.000112,1
2306,line,2510,手原一丁目変電所~久野部変電所線,918,2457,66.0,137.18,0.000336,1
2307,line,2511,久野部変電所~祇王変電所線,2457,2247,77.0,160.04,1.1e-05,1
2308,line,2512,中部送電線_480,919,921,77.0,186.72,0.000103,1
2309,line,2513,中部送電線_481,919,923,77.0,186.72,0.000114,1
2310,line,2514,久野部変電所~栄変電所線,919,2247,77.0,466.79,6e-05,1
2311,line,2515,中部送電線_478,920,921,77.0,93.36,7.7e-05,1
2312,line,2516,中部送電線_479,921,922,77.0,186.72,9.2e-05,1
2313,line,2521,namebind,927,2074,154.0,373.43,1.9e-05,0
2314,line,2522,高宮変電所~雨降野変電所線,927,928,154.0,373.43,1.9e-05,0
2315,line,2523,中部電力パワーグリッド 77.0kV線,928,2411,77.0,560.15,5e-06,0
2316,line,2524,中部送電線_536,930,931,66.0,68.59,0.000175,1
2317,line,2525,中部送電線_662,930,1034,66.0,68.59,0.000438,1
2318,line,2526,水須変電所~富山市変電所線,2018,932,154.0,266.74,0.000116,0
2319,line,2527,中部送電線_661,2018,1033,154.0,266.74,1.5e-05,0
2320,line,2528,中部送電線_543,934,936,154.0,533.47,1e-06,1
2321,line,2529,刈谷市変電所~小垣江町変電所線,934,935,154.0,533.47,5e-06,1
2322,line,2530,中部送電線_559,939,1926,77.0,80.02,0.000107,1
2323,line,2532,まきの木台二丁目変電所~赤水町変電所線,2254,1313,154.0,266.74,4.3e-05,0
2324,line,2533,中部電力パワーグリッド 66.0kV線,2255,946,66.0,137.18,1.8e-05,0
2325,line,2534,波岡変電所~福岡町下蓑新変電所線,2255,2256,66.0,137.18,6.7e-05,0
2326,line,2535,波岡変電所~福岡町下蓑新変電所線,2256,1271,66.0,274.36,0.000136,1
2327,line,2536,中部電力パワーグリッド 66.0kV線,940,2081,66.0,411.54,1e-05,0
2328,line,2537,福岡町小伊勢領変電所~福岡町下蓑新変電所線,940,2259,66.0,137.18,4.9e-05,1
2329,line,2538,福岡町下蓑新変電所~福岡町小伊勢領変電所線,2081,1271,66.0,68.59,5.3e-05,0
2330,line,2539,leadin,1951,2401,66.0,68.59,4e-06,1
2331,line,2540,下八ケ変電所~平米町変電所線,2273,2263,66.0,137.18,4.5e-05,1
2332,line,2541,久々湊変電所~射水変電所線,2262,2341,66.0,137.18,2.8e-05,0
2333,line,2542,北陸電力送配電 66.0kV線,941,2341,66.0,137.18,1.7e-05,0
2334,line,2543,中部送電線_572,943,944,154.0,266.74,1.4e-05,1
2335,line,2544,中部送電線_957,944,1257,154.0,533.47,2e-06,1
2336,line,2545,中部送電線_955,944,1255,154.0,266.74,6e-05,1
2337,line,2546,中部電力パワーグリッド 154.0kV線,947,948,154.0,533.47,2.7e-05,0
2338,line,2547,中部電力パワーグリッド 154.0kV線,947,1266,154.0,533.47,4e-06,1
2339,line,2548,西日本北小松線,2182,951,77.0,93.36,0.000444,1
2340,line,2549,中部送電線_594,954,955,77.0,186.72,0.000166,1
2341,line,2550,中部送電線_595,955,956,77.0,93.36,9e-06,1
2342,line,2551,東近江開閉所~日野町変電所線,955,957,77.0,93.36,0.000193,1
2343,line,2553,中部送電線_600,960,961,154.0,266.74,8e-05,1
2344,line,2554,駒ヶ根変電所~中部電力 高森変電所線,960,2202,154.0,266.74,0.000129,0
2345,line,2558,四ツ屋変電所~坂城変電所線,962,1246,77.0,186.72,0.000121,0
2346,line,2559,坂城変電所~上山田変電所線,962,2377,77.0,93.36,0.000257,1
2347,line,2560,東中変電所~友江変電所線,2282,2356,66.0,137.18,7.3e-05,0
2348,line,2561,友江変電所~東中変電所線,2282,963,66.0,137.18,0.000214,0
2349,line,2563,中部電力パワーグリッド 66.0kV線,966,967,66.0,274.36,5e-06,1
2350,line,2564,中滝変電所~長江変電所線,967,969,66.0,274.36,6.3e-05,0
2351,line,2565,中部電力パワーグリッド 66.0kV線,968,969,66.0,137.18,5.6e-05,1
2352,line,2566,leadin,971,1328,154.0,266.74,2e-05,1
2353,line,2567,寺津変電所~北笹津変電所線,1826,972,66.0,137.18,0.000567,0
2354,line,2568,寺津変電所~北笹津変電所線,1826,1972,66.0,274.36,3.1e-05,0
2355,line,2569,婦中町新屋変電所~婦中町東本郷変電所線,2287,2288,66.0,274.36,3.3e-05,0
2356,line,2570,婦中町新屋変電所~婦中町東本郷変電所線,2290,2288,66.0,274.36,6.1e-05,0
2357,line,2571,婦中町新屋変電所~高内変電所線,2290,2062,66.0,137.18,0.000245,0
2358,line,2572,北陸電力送配電 77.0kV線,2292,973,77.0,186.72,3.8e-05,1
2359,line,2573,田上変電所~長坂町変電所線,973,2293,77.0,186.72,8.9e-05,1
2360,line,2574,leadin,974,2005,77.0,93.36,0.000161,1
2361,line,2575,関西電力送配電 275.0kV線,975,976,275.0,952.63,1e-06,0
2362,line,2576,関西電力送配電 275.0kV線,975,977,275.0,952.63,2e-06,0
2363,line,2577,関西電力送配電 275.0kV線,975,978,275.0,1905.26,1.3e-05,0
2364,line,2578,関西電力送配電 275.0kV線,976,977,275.0,952.63,1e-06,0
2365,line,2579,白川村変電所~飯島変電所線,977,981,275.0,3810.51,6e-06,0
2366,line,2580,関西電力送配電 275.0kV線,978,979,275.0,952.63,1e-06,0
2367,line,2581,関西電力送配電 275.0kV線,978,980,275.0,952.63,1e-06,0
2368,line,2582,中部電力パワーグリッド 275.0kV線,979,980,275.0,1905.26,1e-06,0
2369,line,2583,関西電力送配電 275.0kV線,979,2301,275.0,952.63,1.7e-05,0
2370,line,2584,関西電力送配電 275.0kV線,980,2301,275.0,952.63,1.6e-05,0
2371,line,2585,成出変電所~城端開閉所線,2301,988,275.0,1905.26,1e-06,0
2372,line,2586,中部電力パワーグリッド 275.0kV線,981,982,275.0,952.63,3e-06,1
2373,line,2587,中部電力パワーグリッド 77.0kV線,1900,986,77.0,186.72,1.7e-05,0
2374,line,2588,leadin,1900,983,77.0,186.72,3.7e-05,0
2375,line,2589,中部電力パワーグリッド 77.0kV線,1900,984,77.0,93.36,0.000428,0
2376,line,2590,中部電力パワーグリッド 77.0kV線,1900,985,77.0,186.72,0.000138,0
2377,line,2591,郡上市変電所~白川村変電所線,984,991,77.0,280.07,0.000137,1
2378,line,2592,中部電力パワーグリッド 77.0kV線,984,992,77.0,93.36,0.000128,1
2379,line,2593,中部電力パワーグリッド 275.0kV線,988,1317,275.0,952.63,3.3e-05,1
2380,line,2595,名鉄知立線,990,2243,77.0,160.04,4.5e-05,0
2381,line,2596,新池分岐線,990,2339,66.0,137.18,0.000102,1
2382,line,2597,名鉄知立線,2243,2196,77.0,186.72,8e-06,1
2383,line,2598,中部電力パワーグリッド 77.0kV線,2309,991,77.0,93.36,0.000279,1
2384,line,2599,高山市変電所~郡上市変電所線,991,2308,77.0,186.72,0.000167,1
2385,line,2604,中部送電線_631,995,996,77.0,186.72,0.000626,1
2386,line,2607,中部送電線_635,997,2359,154.0,1066.94,7e-06,0
2387,line,2608,揖斐変電所~青野町変電所線,2359,998,154.0,800.21,3.9e-05,0
2388,line,2609,揖斐変電所~青野町変電所線,998,1539,154.0,533.47,1.1e-05,0
2389,line,2610,namebind,998,2212,154.0,266.74,4.2e-05,0
2390,line,2611,西日本北小松線,999,2313,77.0,186.72,3.9e-05,0
2391,line,2612,namebind,999,2180,77.0,93.36,0.000155,0
2392,line,2613,西日本北小松線,2313,1000,77.0,186.72,1.2e-05,1
2393,line,2614,長柄町変電所~麦生変電所線,2399,2381,77.0,186.72,0.000215,0
2394,line,2615,長柄町変電所~笠島変電所線,2399,2398,77.0,186.72,6.3e-05,0
2395,line,2616,笠島変電所~宇野気変電所線,2398,1001,77.0,186.72,0.000129,0
2396,line,2617,中部電力パワーグリッド 77.0kV線,1001,2380,77.0,186.72,6.4e-05,1
2397,line,2618,関開閉所~本巣市変電所線,2328,1402,275.0,1066.94,0.000346,0
2398,line,2619,中部送電線_640,2328,1002,154.0,266.74,5.2e-05,0
2399,line,2620,中部送電線_642,1002,1003,154.0,266.74,3e-06,1
2400,line,2621,中部送電線_654,1006,1023,154.0,266.74,2.7e-05,1
2401,line,2622,北陸電力送配電 154.0kV線,1006,1732,154.0,1600.41,6.1e-05,0
2402,line,2623,増山変電所~八尾町福島七丁目変電所線,1007,1008,66.0,137.18,0.000396,0
2403,line,2624,中部送電線_643,1007,1009,66.0,68.59,3.8e-05,1
2404,line,2625,城変電所~八尾町福島七丁目変電所線,1008,1015,66.0,137.18,0.000266,1
2405,line,2626,宮川町野首変電所~城変電所線,1010,1011,66.0,68.59,0.00042,1
2406,line,2627,城変電所~八尾町福島七丁目変電所線,1011,1012,66.0,274.36,2e-06,1
2407,line,2628,城変電所~八尾町福島七丁目変電所線,1011,1013,66.0,137.18,0.000288,1
2408,line,2629,中部送電線_644,1013,1016,66.0,68.59,9e-06,1
2409,line,2630,城変電所~八尾町福島七丁目変電所線,1013,1014,66.0,137.18,2.1e-05,1
2410,line,2631,中部送電線_645,1014,1017,66.0,68.59,1.6e-05,1
2411,line,2632,城変電所~八尾町福島七丁目変電所線,1014,1015,66.0,137.18,0.000139,1
2412,line,2633,中部送電線_646,1015,1018,66.0,68.59,2.1e-05,1
2413,line,2634,春日変電所~高内変電所線,2286,1019,66.0,68.59,0.000162,1
2414,line,2635,中部送電線_652,1020,1021,154.0,266.74,1.4e-05,1
2415,line,2636,武芸川変電所~中央二丁目変電所線,1020,1022,154.0,266.74,2.1e-05,0
2416,line,2637,namebind,1022,2072,154.0,266.74,8.8e-05,0
2417,line,2640,石垣変電所~大浦変電所線,1029,1030,66.0,68.59,0.00033,1
2418,line,2641,中部送電線_660,1029,1031,66.0,68.59,3.5e-05,1
2419,line,2650,中部送電線_682,1043,1905,66.0,68.59,5.9e-05,1
2420,line,2654,中部送電線_684,1044,1046,154.0,266.74,1.5e-05,1
2421,line,2657,中部送電線_688,1048,1049,154.0,266.74,2.1e-05,1
2422,line,2658,中部送電線_688,1048,1050,154.0,266.74,1.2e-05,1
2423,line,2659,中部送電線_688,1050,1051,154.0,266.74,0.000123,1
2424,line,2660,中部送電線_689,1050,1052,154.0,266.74,1e-05,1
2425,line,2661,中部送電線_690,1051,1053,154.0,266.74,4.4e-05,0
2426,line,2662,中部送電線_834,1053,1194,154.0,266.74,3e-06,1
2427,line,2663,中部送電線_834,1053,1630,275.0,533.47,5.3e-05,0
2428,line,2664,豊田市変電所~愛知変電所線,1055,1056,154.0,266.74,5.9e-05,1
2429,line,2665,豊田市変電所~愛知変電所線,1055,1057,154.0,533.47,8.8e-05,1
2430,line,2666,中部送電線_696,1058,1059,154.0,266.74,8e-06,1
2431,line,2667,中部送電線_697,1059,1060,154.0,266.74,9e-06,1
2432,line,2668,中部送電線_698,1061,1062,275.0,952.63,2e-06,1
2433,line,2669,中部送電線_699,1061,1860,275.0,952.63,5e-06,0
2434,line,2670,中部送電線_700,1063,2322,66.0,68.59,0.000759,0
2435,line,2671,中部送電線_855,2322,1202,66.0,68.59,0.000281,1
2436,line,2672,中部送電線_702,1064,1065,66.0,68.59,0.000164,1
2437,line,2673,山科変電所~新平山変電所線,1070,1071,77.0,93.36,3.9e-05,1
2438,line,2674,中部電力パワーグリッド（株）大須賀変電所~掛川市変電所線,1898,2192,77.0,93.36,1.7e-05,1
2439,line,2675,中部送電線_707,1072,1888,77.0,80.02,4.6e-05,1
2440,line,2676,中部送電線_708,1073,1074,77.0,93.36,3.1e-05,1
2441,line,2677,namebind,1073,2194,77.0,186.72,0.000162,1
2442,line,2678,leadin,2194,1075,77.0,186.72,2e-05,1
2443,line,2679,中部電力南山変電所~上ノ原変電所線,1076,1077,500.0,3464.1,1e-06,1
2444,line,2680,中部電力南山変電所~大柳南変電所線,1076,1085,500.0,3464.1,4e-06,0
2445,line,2681,上ノ原変電所~500 kV switching station線,1077,1078,500.0,3464.1,6e-06,1
2446,line,2682,中部送電線_714,1077,1082,500.0,3464.1,1e-06,1
2447,line,2683,上ノ原変電所~500 kV switching station線,1078,1079,500.0,3464.1,2e-06,1
2448,line,2684,中部送電線_713,1078,1081,500.0,3464.1,1e-06,1
2449,line,2685,中部送電線_712,1079,1080,500.0,3464.1,0.0,1
2450,line,2686,中部送電線_714,1082,1083,500.0,3464.1,0.0,1
2451,line,2687,上ノ原変電所~奥の谷変電所線,1082,1084,500.0,3464.1,1e-06,1
2452,line,2688,中部電力南山変電所~大柳南変電所線,1085,1086,500.0,3464.1,7e-06,0
2453,line,2689,中部送電線_715,1085,1087,500.0,3464.1,2e-06,0
2454,line,2690,中部送電線_720,1086,1097,500.0,3464.1,1e-06,0
2455,line,2691,中部送電線_720,1086,1098,500.0,6928.2,1e-06,1
2456,line,2692,奥の谷変電所~大柳南変電所線,1087,1089,500.0,3464.1,7e-06,0
2457,line,2693,中部送電線_716,1087,1088,500.0,6928.2,1e-06,1
2458,line,2694,奥の谷変電所~大柳南変電所線,1089,1090,500.0,3464.1,1e-06,0
2459,line,2695,金谷天王町変電所~大柳南変電所線,1089,1094,500.0,13856.41,1e-06,0
2460,line,2696,金谷天王町変電所~大柳南変電所線,1089,1095,500.0,13856.41,1e-06,0
2461,line,2697,namebind,1090,2446,500.0,3464.1,6e-06,0
2462,line,2698,中部送電線_718,1090,1091,500.0,3464.1,0.0,1
2463,line,2699,金谷天王町変電所~大柳南変電所線,1092,1093,500.0,13856.41,1e-06,0
2464,line,2700,中部送電線_724,1092,2002,500.0,3464.1,3e-06,0
2465,line,2701,金谷天王町変電所~大柳南変電所線,1093,1094,500.0,13856.41,0.0,0
2466,line,2702,新菊川変電所~金谷天王町変電所線,1093,1103,500.0,6928.2,1e-06,1
2467,line,2703,中部送電線_722,1094,1100,500.0,3464.1,1e-06,1
2468,line,2704,中部送電線_719,1095,1096,500.0,3464.1,1e-06,1
2469,line,2705,中部送電線_720,1095,1097,500.0,3464.1,1e-06,0
2470,line,2706,中部送電線_721,1097,1099,500.0,3464.1,3e-06,1
2471,line,2707,中部送電線_723,1100,1102,500.0,6928.2,0.0,1
2472,line,2708,中部送電線_722,1100,1101,500.0,3464.1,0.0,1
2473,line,2709,中部送電線_726,1105,2003,77.0,186.72,0.000243,0
2474,line,2710,中部送電線_745,1105,1113,77.0,93.36,6.3e-05,1
2475,line,2711,中部送電線_741,1111,1994,154.0,114.32,0.000311,1
2476,line,2712,中部送電線_744,2447,1112,154.0,533.47,2.8e-05,1
2477,line,2713,中部送電線_1062,2447,1297,154.0,533.47,1.3e-05,1
2478,line,2714,leadin,1114,1331,77.0,93.36,9e-05,1
2479,line,2715,namebind,1114,2249,77.0,93.36,0.000152,1
2480,line,2716,善左衛門三丁目変電所~大村一丁目変電所線,1115,2445,154.0,533.47,6.7e-05,1
2481,line,2717,namebind,1119,1566,110.0,171.47,0.000167,0
2482,line,2718,中部送電線_759,1122,1906,66.0,137.18,8.2e-05,0
2483,line,2722,namebind,1124,2442,77.0,93.36,0.000609,1
2484,line,2723,西貝塚変電所~長須賀変電所線,1124,1126,77.0,186.72,1.5e-05,0
2485,line,2724,中部送電線_767,1125,1126,77.0,93.36,3.1e-05,1
2486,line,2725,福井開閉所~金津変電所線,1128,1129,77.0,186.72,0.000224,0
2487,line,2726,中部送電線_770,1128,1131,77.0,93.36,3.8e-05,1
2488,line,2727,中部送電線_772,1129,1132,77.0,93.36,6e-06,1
2489,line,2728,福井開閉所~金津変電所線,1129,1130,77.0,186.72,0.000114,0
2490,line,2729,和合町二丁目変電所~弁天町三丁目変電所線,1134,1137,154.0,266.74,1e-06,1
2491,line,2730,和合町二丁目変電所~丸山変電所 (Maruyama Hendensho)線,1134,1135,154.0,533.47,3.6e-05,0
2492,line,2731,和合町二丁目変電所~弁天町三丁目変電所線,1134,1138,154.0,266.74,1.1e-05,1
2493,line,2732,和合町二丁目変電所~丸山変電所 (Maruyama Hendensho)線,1135,1136,154.0,533.47,4e-06,1
2494,line,2733,丸山変電所 (Maruyama Hendensho)~大針町変電所線,1135,1139,154.0,533.47,5.3e-05,0
2495,line,2734,namebind,1139,2482,154.0,533.47,3.4e-05,0
2496,line,2735,中部送電線_773,1139,1140,154.0,266.74,2.2e-05,1
2497,line,2736,leadin,2197,1141,154.0,533.47,1.1e-05,1
2498,line,2737,中部送電線_779,2197,1142,154.0,266.74,1.9e-05,0
2499,line,2738,中部送電線_780,1142,1143,154.0,266.74,2.9e-05,0
2500,line,2739,中部送電線_791,1142,1154,154.0,533.47,1e-05,1
2501,line,2740,中部送電線_789,1143,1144,154.0,266.74,1.8e-05,0
2502,line,2741,中部送電線_790,1143,1153,154.0,266.74,0.000116,1
2503,line,2742,和合町二丁目変電所~弁天町三丁目変電所線,1144,1145,154.0,266.74,9.6e-05,0
2504,line,2743,中部送電線_788,1144,1152,154.0,266.74,2.2e-05,1
2505,line,2744,中部送電線_781,1145,1146,154.0,266.74,1.3e-05,0
2506,line,2745,中部送電線_787,1145,1151,154.0,266.74,2.2e-05,1
2507,line,2746,弁天町三丁目変電所~八床町変電所線,1146,1147,154.0,266.74,7.8e-05,0
2508,line,2747,中部送電線_786,1146,1150,154.0,266.74,1.6e-05,1
2509,line,2748,八床町変電所~定光寺変電所線,1147,1148,154.0,266.74,5.4e-05,1
2510,line,2749,中部送電線_785,1147,2227,154.0,266.74,4.2e-05,0
2511,line,2750,中部送電線_784,1148,2415,154.0,266.74,2.2e-05,1
2512,line,2751,中部送電線_782,1148,1149,154.0,533.47,9e-06,1
2513,line,2752,高蔵寺変電所~定光寺変電所線,2415,1341,154.0,533.47,2.3e-05,1
2514,line,2753,中部送電線_793,1155,1156,77.0,93.36,6.4e-05,1
2515,line,2754,中部送電線_798,1155,1163,77.0,186.72,0.000245,0
2516,line,2755,中部送電線_794,1156,1157,77.0,93.36,1.8e-05,1
2517,line,2756,瑞浪変電所 (Mizunami Hendensho)~和合町二丁目変電所線,1156,1158,77.0,93.36,0.000693,1
2518,line,2757,中部送電線_795,1158,1159,77.0,93.36,4.8e-05,1
2519,line,2758,和合町二丁目変電所~愛知変電所線,1158,1160,77.0,93.36,0.000227,1
2520,line,2759,中部送電線_796,1160,1161,77.0,186.72,5e-06,1
2521,line,2760,中部送電線_797,1160,1162,77.0,93.36,0.000397,1
2522,line,2761,中部送電線_804,1163,1169,77.0,93.36,2e-06,1
2523,line,2762,中部送電線_798,1163,1164,77.0,186.72,2.5e-05,0
2524,line,2763,中部送電線_800,1164,1165,77.0,93.36,5e-05,1
2525,line,2764,瑞浪変電所 (Mizunami Hendensho)~大井変電所線,1164,1166,77.0,93.36,0.000256,0
2526,line,2765,中部送電線_801,1166,1167,77.0,186.72,3e-06,1
2527,line,2766,中部送電線_802,1166,1168,77.0,93.36,0.0003,0
2528,line,2767,中部送電線_805,1168,1170,77.0,93.36,0.000159,0
2529,line,2768,中部送電線_808,1170,1172,77.0,93.36,0.000165,0
2530,line,2769,大井変電所~坂本変電所線,1170,2478,77.0,93.36,0.00034,0
2531,line,2770,中部送電線_806,1171,1172,77.0,186.72,0.000234,1
2532,line,2771,namebind,1172,2486,77.0,93.36,0.000411,0
2533,line,2772,中部送電線_812,2478,1173,77.0,93.36,5.5e-05,0
2534,line,2773,大井坂本線-1,2478,2486,77.0,186.72,7.7e-05,0
2535,line,2774,苗木分岐線;需要家線,2478,2487,77.0,373.43,8.7e-05,1
2536,line,2775,中部送電線_811,1173,1174,77.0,93.36,0.000162,0
2537,line,2776,namebind,1173,1347,77.0,186.72,0.000142,0
2538,line,2777,中部送電線_814,1174,1175,77.0,93.36,0.000316,1
2539,line,2778,中部送電線_815,1174,1176,77.0,93.36,5.1e-05,0
2540,line,2779,坂本変電所~落合川線,1176,1177,154.0,133.37,0.000149,0
2541,line,2780,坂本変電所~落合川線,1176,1178,77.0,93.36,0.000535,1
2542,line,2782,中部送電線_820,1179,1182,154.0,266.74,7.8e-05,0
2543,line,2783,中部送電線_822,1179,1185,154.0,266.74,1.9e-05,0
2544,line,2784,落合川~読書水力発電所線,1180,1181,154.0,266.74,4e-06,1
2545,line,2785,読書水力発電所~落合川線,1180,1184,154.0,266.74,4e-06,0
2546,line,2786,読書水力発電所~落合川線,1180,1185,154.0,266.74,9e-05,0
2547,line,2787,中部送電線_821,1182,1183,154.0,266.74,4e-06,1
2548,line,2788,落合川~読書水力発電所線,1182,1184,154.0,266.74,1.4e-05,0
2549,line,2789,中部送電線_826,1184,1187,154.0,266.74,1e-05,0
2550,line,2790,中部送電線_827,1187,1188,154.0,266.74,4e-06,1
2551,line,2791,中部送電線_828,1188,1189,154.0,266.74,1e-06,1
2552,line,2792,読書水力発電所~苗木変電所線,1188,1190,154.0,266.74,0.000173,1
2553,line,2794,namebind,1195,1792,66.0,137.18,0.000219,1
2554,line,2795,鳥居本変電所~正法寺変電所線,1196,1521,77.0,186.72,0.000113,0
2555,line,2796,中部電力パワーグリッド 77.0kV線,1196,2496,77.0,93.36,3.8e-05,1
2556,line,2805,中部送電線_841,2320,1199,77.0,93.36,8.7e-05,0
2557,line,2806,leadin,1199,2099,77.0,93.36,0.000171,1
2558,line,2811,中部送電線_852,1201,1590,275.0,228.63,0.000242,1
2559,line,2816,正法寺変電所~Yasukiyocho変電所線,1521,2357,77.0,186.72,4.3e-05,1
2560,line,2817,北町変電所~下土居二丁目変電所線,1988,1981,275.0,1905.26,2e-06,0
2561,line,2819,中部送電線_890,1213,1214,77.0,93.36,0.001076,0
2562,line,2820,中部送電線_892,1214,1215,77.0,93.36,1.2e-05,1
2563,line,2821,中部送電線_894,1214,1217,77.0,93.36,8.4e-05,0
2564,line,2822,平戸橋町変電所~東部変電所線,1217,2454,77.0,93.36,0.000793,0
2565,line,2823,平戸橋町変電所~東部変電所線,1217,1219,77.0,186.72,9e-05,1
2566,line,2824,中部送電線_895,1218,2454,77.0,80.02,8e-05,1
2567,line,2826,東中変電所~友江変電所線,1221,2356,66.0,137.18,0.000286,1
2568,line,2828,中部送電線_906,1222,1223,154.0,266.74,1e-06,0
2569,line,2829,中部送電線_907,1222,1224,154.0,266.74,8e-06,0
2570,line,2830,中部送電線_908,1222,1226,154.0,266.74,2e-06,0
2571,line,2831,chubu_line_2813,1223,1226,154.0,266.74,1e-06,0
2572,line,2832,中部送電線_911,1223,1225,154.0,266.74,4e-06,0
2573,line,2833,中部送電線_915,1224,1228,154.0,266.74,1e-06,1
2574,line,2834,中部送電線_910,1225,1226,154.0,266.74,2e-06,0
2575,line,2835,中部送電線_912,1225,1227,154.0,533.47,1e-06,1
2576,line,2836,八重原変電所~大屋変電所線,1229,1230,77.0,93.36,0.00013,1
2577,line,2837,中部送電線_923,1232,1233,154.0,266.74,0.000112,1
2578,line,2838,中部送電線_924,1232,1235,154.0,266.74,2.6e-05,1
2579,line,2839,中部送電線_923,1233,1234,154.0,266.74,6e-06,1
2580,line,2840,野向町薬師神谷変電所~河内町きりの里変電所線,1233,1242,154.0,533.47,6e-05,1
2581,line,2841,北陸電力送配電 154.0kV線,1236,1238,154.0,533.47,3e-06,1
2582,line,2842,中部送電線_925,1236,1237,154.0,266.74,9.5e-05,1
2583,line,2843,北陸電力送配電 154.0kV線,1236,2106,154.0,533.47,1.8e-05,1
2584,line,2847,南郷町変電所~山代温泉変電所線,1240,1772,154.0,266.74,8.8e-05,0
2585,line,2848,namebind,1240,2440,154.0,266.74,0.000101,0
2586,line,2850,中部送電線_940,1241,1242,154.0,266.74,5e-06,1
2587,line,2851,中部送電線_940,1242,1243,154.0,266.74,7e-06,1
2588,line,2852,東長江町変電所~石引一丁目変電所線,2397,2485,77.0,186.72,1.6e-05,0
2589,line,2853,東長江町変電所~石引一丁目変電所線,2485,2395,77.0,186.72,6.5e-05,1
2590,line,2854,leadin,2395,1272,77.0,280.07,1.8e-05,1
2591,line,2855,中部送電線_948,1246,2327,77.0,93.36,0.00017,1
2592,line,2856,中部送電線_954,1799,1250,275.0,1905.26,1e-06,0
2593,line,2857,chubu_line_2841,1256,1258,154.0,266.74,0.0,0
2594,line,2858,chubu_line_2842,1256,1259,154.0,266.74,1e-06,0
2595,line,2859,中部電力パワーグリッド 154.0kV線,1257,1259,154.0,266.74,0.0,0
2596,line,2860,中部電力パワーグリッド 154.0kV線,1257,1258,154.0,266.74,1e-06,0
2597,line,2861,chubu_line_2845,1258,1259,154.0,266.74,1e-06,0
2598,line,2862,宮川町野首変電所~飛驒市変電所線,1260,1262,154.0,533.47,9.7e-05,1
2599,line,2863,中部電力パワーグリッド 154.0kV線,1261,1262,154.0,266.74,7e-06,1
2600,line,2864,宮川町野首変電所~飛驒市変電所線,1262,1264,154.0,533.47,5.1e-05,1
2601,line,2865,寺津変電所~飛驒市変電所線,1263,1264,154.0,266.74,7e-05,1
2602,line,2867,西濃真桑線,1408,2383,77.0,186.72,4.9e-05,0
2603,line,2868,中部送電線_965,2086,1268,500.0,24248.71,0.0,1
2604,line,2869,中部送電線_966,2086,1269,500.0,3464.1,1e-06,1
2605,line,2870,中部送電線_967,2086,1270,500.0,6928.2,0.0,1
2606,line,2871,万葉線株式会社 米島変電所~下八ケ変電所線,2394,2261,66.0,274.36,5e-06,0
2607,line,2872,leadin,1271,2082,66.0,68.59,8.3e-05,1
2608,line,2873,中部電力パワーグリッド 77.0kV線,1274,1586,77.0,373.43,1.3e-05,1
2609,line,2879,中部送電線_1021,1279,2409,77.0,186.72,2.4e-05,1
2610,line,2880,中部電力パワーグリッド 77.0kV線,1281,1282,77.0,93.36,3.7e-05,1
2611,line,2881,勝堂変電所~雨降野変電所線,1281,2411,77.0,186.72,0.000137,0
2612,line,2882,高蔵寺変電所~定光寺変電所線,1284,1341,154.0,1066.94,2e-06,1
2613,line,2883,中部送電線_1035,1285,1723,77.0,240.06,7.6e-05,1
2614,line,2884,中部送電線_1038,2416,1286,77.0,93.36,5.6e-05,1
2615,line,2885,中部送電線_1042,1288,1289,77.0,93.36,5.6e-05,1
2616,line,2886,中部送電線_1043,2208,2419,275.0,1905.26,1e-06,1
2617,line,2887,中部送電線_1045,1290,2209,154.0,266.74,1.4e-05,0
2618,line,2888,西尾変電所~須脇町変電所線,1292,2235,275.0,1066.94,1.7e-05,0
2619,line,2889,西尾変電所~須脇町変電所線,1292,2429,77.0,373.43,3.1e-05,1
2620,line,2891,久々湊変電所~野村変電所線,1293,2340,154.0,533.47,5e-06,0
2621,line,2892,中部送電線_1075,1299,1301,77.0,93.36,0.000195,1
2622,line,2893,中部送電線_1093,1301,1305,66.0,68.59,4e-06,1
2623,line,2894,中部送電線_1093,1301,1304,66.0,68.59,0.000303,1
2624,line,2897,佐野川線,2461,2046,77.0,80.02,0.000242,1
2625,line,2898,岩倉北一宮-3,2475,1308,77.0,186.72,2e-05,0
2626,line,2899,広畑分岐-1,1308,2476,77.0,186.72,2.8e-05,1
2627,line,2900,岩倉北一宮-4,1308,1398,77.0,186.72,0.000143,0
2628,line,2901,昭和町寛政-2,2448,1485,154.0,533.47,1.7e-05,0
2629,line,2902,leadin,1835,2406,77.0,93.36,0.000135,1
2630,line,2903,leadin,1311,2472,77.0,93.36,9.6e-05,1
2631,line,2904,中部電力パワーグリッド 鳴海変電所~瑞穂変電所線,1311,1960,77.0,93.36,0.000204,0
2632,line,2905,leadin,1960,1389,77.0,93.36,0.000115,1
2633,line,2906,中部送電線_1102,2491,1313,154.0,266.74,9e-06,1
2634,line,2907,まきの木台二丁目変電所~長深変電所線,1313,2068,275.0,533.47,3.4e-05,0
2635,line,2908,中部送電線_1108,2499,1316,66.0,68.59,0.000164,1
2636,line,2909,南郷町変電所~山代温泉変電所線,1772,2440,154.0,533.47,3.3e-05,0
2637,line,2910,美合町変電所~羽栗変電所線,1318,1319,77.0,186.72,8e-06,0
2638,line,2911,leadin,1318,1724,77.0,93.36,0.000125,1
2639,line,2912,leadin,1319,2207,77.0,93.36,0.000156,1
2640,line,2913,namebind,2314,2181,66.0,68.59,0.000395,0
2641,line,2914,北陸電力送配電 500.0kV線,2548,2555,500.0,3464.1,1e-06,0
2642,line,2915,加賀変電所~越前変電所線,2548,2565,500.0,27712.81,1e-05,0
2643,line,2916,能登幹線,2548,2544,500.0,13856.41,1.8e-05,0
2644,line,2917,加賀福光線,2548,2547,500.0,6928.2,7e-06,0
2645,line,2918,越前変電所~色浜変電所_2線,2565,2246,500.0,6928.2,5.6e-05,0
2646,line,2919,友江変電所~越前変電所線,2565,2661,500.0,6928.2,4e-06,0
2647,line,2920,中能登変電所~南福光変電所線,2544,2547,500.0,13856.41,2e-05,0
2648,line,2921,志賀中能登線,2544,2698,500.0,6928.2,8e-06,0
2649,line,2922,越美幹線,2547,2257,500.0,17320.51,1.3e-05,0
2650,line,2923,東長江町変電所~加賀変電所線,67,2557,154.0,533.47,4.9e-05,0
2651,line,2924,加賀変電所~南金沢変電所線,2557,2560,154.0,1066.94,4.4e-05,0
2652,line,2925,小坂町小坂町変電所~本巣市変電所線,2553,92,154.0,533.47,7.9e-05,0
2653,line,2926,小坂町小坂町変電所~本巣市変電所線,92,2501,154.0,533.47,0.000562,1
2654,line,2927,越美幹線,2502,2257,500.0,13856.41,1.5e-05,1
2655,line,2928,中部電力パワーグリッド 275.0kV線,2503,2611,275.0,9526.28,7.1e-05,1
2656,line,2929,中部電力パワーグリッド 500.0kV線,2504,194,500.0,10392.3,1e-06,1
2657,line,2930,白鳥町大島変電所~三ツ渕変電所線,1625,2505,77.0,373.43,0.000613,1
2658,line,2931,中部電力パワーグリッド 500.0kV線,194,2651,500.0,6928.2,0.0,0
2659,line,2932,leadin,2651,530,500.0,3464.1,1e-06,0
2660,line,2933,本巣市変電所~三ツ渕変電所線,2506,233,154.0,266.74,0.000597,1
2661,line,2934,namebind,284,2297,77.0,93.36,0.000238,0
2662,line,2935,川北変電所~鶴来変電所線,284,2667,77.0,373.43,3.9e-05,0
2663,line,2936,namebind,297,2707,154.0,266.74,0.000192,1
2664,line,2937,大桑村変電所~木曽町変電所_2線,2495,2641,154.0,266.74,7.2e-05,0
2665,line,2938,木曽町変電所_2~平沢変電所線,2641,2509,154.0,533.47,0.000269,1
2666,line,2939,関西電力送配電 154.0kV線,2641,340,154.0,266.74,5.8e-05,0
2667,line,2940,大桑村変電所~平沢変電所線,299,1628,154.0,266.74,0.000626,0
2668,line,2941,大桑村変電所~平沢変電所線,303,2640,154.0,266.74,7.6e-05,0
2669,line,2942,新信濃変電所~平沢変電所線,2640,816,154.0,1066.94,4.4e-05,0
2670,line,2943,高根町上ケ洞変電所~三ツ渕変電所線,2552,314,275.0,3810.51,2.4e-05,0
2671,line,2944,高根町上ケ洞変電所~新信濃変電所線,2552,1751,275.0,3810.51,4.9e-05,0
2672,line,2945,高根町上ケ洞変電所~三ツ渕変電所線,314,2507,275.0,4763.14,5.3e-05,1
2673,line,2946,中部電力パワーグリッド 154.0kV線,1603,2508,154.0,266.74,0.000317,0
2674,line,2947,中部電力パワーグリッド 154.0kV線,1603,2510,154.0,533.47,0.000198,1
2675,line,2948,北陸送電線_1,2553,342,154.0,266.74,1e-05,0
2676,line,2949,北陸送電線_2,2553,343,154.0,266.74,0.000105,0
2677,line,2950,木曽町変電所_3~三岳変電所線,2673,1629,154.0,266.74,0.000139,1
2678,line,2951,本巣市変電所~白川村変電所線,2511,2611,275.0,3810.51,8.1e-05,1
2679,line,2952,北陸電力送配電 275.0kV線,2611,987,275.0,1905.26,1e-06,0
2680,line,2953,白川村変電所~飯島変電所線,2611,981,275.0,1905.26,2e-05,0
2681,line,2954,加賀変電所~城端開閉所線,2556,2571,275.0,3810.51,2.5e-05,0
2682,line,2955,北陸電力送配電 275.0kV線,2556,1737,275.0,5715.77,4e-05,0
2683,line,2956,城端開閉所~色浜変電所_2線,2571,2512,275.0,7621.02,8.1e-05,1
2684,line,2957,城端開閉所~婦中町新屋変電所線,2571,2664,275.0,3810.51,3e-05,0
2685,line,2958,城端開閉所~新富山変電所線,2571,2617,275.0,3810.51,3e-05,0
2686,line,2959,城端開閉所~城変電所_2線,2571,2670,275.0,1905.26,1.3e-05,0
2687,line,2960,成出変電所~城端開閉所線,2571,988,275.0,4763.14,1.4e-05,0
2688,line,2961,中ノ江変電所~太田変電所_2線,2558,2671,154.0,1066.94,5e-06,0
2689,line,2962,山代温泉変電所~角間町変電所線,2558,2666,154.0,1600.41,8.3e-05,0
2690,line,2963,下吉江変電所~城端開閉所線,2671,2669,154.0,1333.68,4.1e-05,0
2691,line,2964,中ノ江変電所~太田変電所_2線,2671,1256,154.0,1066.94,4.1e-05,0
2692,line,2965,丸岡町舛田変電所~上野変電所線,1737,2562,275.0,1905.26,2.1e-05,0
2693,line,2966,城端変電所~下吉江変電所線,424,2559,66.0,68.59,0.000169,0
2694,line,2967,城端変電所~下吉江変電所線,2559,425,66.0,68.59,8.9e-05,0
2695,line,2968,最勝講変電所~七尾変電所線,1733,2652,66.0,137.18,0.00049,0
2696,line,2969,金丸変電所~石崎町変電所線,1733,2531,66.0,137.18,0.000482,0
2697,line,2970,藤橋線,2652,2683,66.0,68.59,2e-05,0
2698,line,2971,中能登変電所~上野変電所_2線,2546,2627,154.0,1066.94,0.000127,0
2699,line,2972,中能登変電所~金丸変電所線,2546,1732,154.0,1066.94,3e-05,0
2700,line,2973,中能登変電所~大田町変電所_2線,2545,2703,275.0,3810.51,2.3e-05,1
2701,line,2974,志賀町変電所~中能登変電所線,2545,2537,275.0,1905.26,3e-05,1
2702,line,2975,leadin,2703,2700,275.0,952.63,1e-06,1
2703,line,2976,麦生変電所~東川原町変電所線,456,2705,66.0,274.36,0.000269,0
2704,line,2977,志賀中能登線,2698,2536,500.0,6928.2,1e-06,1
2705,line,2978,namebind,2550,2459,77.0,186.72,0.00061,0
2706,line,2979,丸岡町舛田変電所~松岡線,2550,2564,77.0,93.36,0.000366,0
2707,line,2980,開発変電所~松岡線,2550,1753,77.0,186.72,0.000119,0
2708,line,2981,松岡~春江町為国幸変電所線,2550,1757,77.0,186.72,0.00023,0
2709,line,2982,松岡~荒土町松ヶ崎変電所線,2550,468,77.0,186.72,0.0003,0
2710,line,2983,松岡~上東郷町変電所線,2550,470,77.0,373.43,7.3e-05,0
2711,line,2984,越前変電所~丸岡町舛田変電所線,2566,460,275.0,3810.51,1e-06,0
2712,line,2985,奥野々変電所~越前変電所線,2566,2634,275.0,1905.26,6.7e-05,0
2713,line,2986,越前変電所~丸岡町舛田変電所線,460,2562,275.0,3810.51,2.2e-05,0
2714,line,2987,金津変電所~春江町為国幸変電所線,2564,2581,77.0,186.72,0.000364,0
2715,line,2988,丸岡町舛田変電所~松岡線,2563,2549,154.0,1066.94,2.2e-05,0
2716,line,2989,福井火力線,2563,1756,154.0,1066.94,2.7e-05,0
2717,line,2990,松岡~高木町変電所線,2549,2648,154.0,1066.94,3.5e-05,0
2718,line,2991,北陸幹線,2549,499,154.0,1066.94,7.1e-05,0
2719,line,2992,荒土町松ヶ崎変電所~松岡線,2549,842,154.0,1066.94,4.7e-05,0
2720,line,2993,山代温泉変電所~角間町変電所線,2549,2666,154.0,1600.41,0.000126,0
2721,line,2994,松岡~高木町変電所線,2648,2594,154.0,1066.94,4.8e-05,0
2722,line,2995,高木町変電所~奥野々変電所線,2594,501,154.0,533.47,1.9e-05,0
2723,line,2996,福井火力線,2568,462,154.0,533.47,8.9e-05,0
2724,line,2997,北陸電力送配電 154.0kV線,2568,2685,154.0,1066.94,5.7e-05,0
2725,line,2998,春江町為国幸変電所~天菅生町変電所線,2568,1756,154.0,533.47,4.1e-05,0
2726,line,2999,三国町新保変電所~上野変電所線,462,2592,154.0,266.74,4.2e-05,0
2727,line,3000,婦中町新屋変電所~富南変電所線,2664,2604,275.0,1905.26,1.1e-05,0
2728,line,3001,南福井連絡線,2684,464,77.0,186.72,3.3e-05,0
2729,line,3002,北福井線,2684,465,77.0,373.43,4.2e-05,0
2730,line,3003,福井開閉所~金津変電所線,2684,1128,77.0,186.72,6.6e-05,0
2731,line,3004,南福井連絡線,464,2572,77.0,186.72,7.8e-05,0
2732,line,3005,福井開閉所~天菅生町変電所線,464,2569,77.0,746.86,6.1e-05,0
2733,line,3006,江守線,2572,466,77.0,186.72,0.000193,0
2734,line,3007,上東郷町変電所~南福井変電所線,2572,1340,77.0,93.36,0.000153,0
2735,line,3008,namebind,2569,1745,77.0,186.72,0.00048,0
2736,line,3009,西武生線;江守線,467,2686,77.0,373.43,5.6e-05,0
2737,line,3010,北陸送電線_54,470,2649,77.0,93.36,0.000255,0
2738,line,3011,北陸電力送配電 66.0kV線,2573,472,66.0,68.59,0.000141,0
2739,line,3012,川北変電所~松任変電所線,473,2575,66.0,137.18,0.00013,0
2740,line,3013,川北変電所~秋常町変電所線,473,2576,66.0,274.36,0.000134,0
2741,line,3014,秋常町変電所~大成町変電所線,2576,1759,66.0,137.18,0.00018,0
2742,line,3015,秋常町変電所~荒木田町変電所線,2576,477,66.0,68.59,0.000439,0
2743,line,3016,南金沢変電所~川北変電所線,2561,2577,77.0,93.36,0.00054,0
2744,line,3017,北陸電力送配電 77.0kV線,2561,476,77.0,373.43,1e-05,0
2745,line,3018,南金沢変電所~額変電所線,2561,2294,77.0,186.72,6.3e-05,0
2746,line,3019,南金沢変電所~鶴来変電所線,2561,478,77.0,186.72,0.000196,0
2747,line,3020,鶴来変電所~南金沢変電所線,2561,2578,77.0,186.72,0.000173,0
2748,line,3021,南金沢変電所~川北変電所線,2560,475,154.0,1066.94,2.3e-05,0
2749,line,3022,南金沢変電所~鶴来変電所線,2560,2106,154.0,1600.41,2.8e-05,0
2750,line,3023,川北変電所~新小松変電所線,475,2585,154.0,1066.94,4.1e-05,0
2751,line,3024,川北変電所~北金沢変電所線,475,2579,154.0,1066.94,5.8e-05,0
2752,line,3025,荒木田町変電所~新小松変電所線,477,2591,66.0,68.59,0.000308,0
2753,line,3026,北陸電力送配電 66.0kV線,477,2586,66.0,68.59,5.5e-05,0
2754,line,3027,川北変電所~鶴来変電所線,2577,2297,77.0,373.43,6.1e-05,0
2755,line,3028,川北変電所~鶴来変電所線,2297,2667,77.0,373.43,1.2e-05,0
2756,line,3029,北陸電力送配電 77.0kV線,478,2578,77.0,280.07,2.9e-05,0
2757,line,3030,川北変電所~新小松変電所線,2585,2589,154.0,1066.94,1.4e-05,0
2758,line,3031,新小松変電所~箱宮町変電所線,2589,489,154.0,533.47,6.7e-05,0
2759,line,3032,新小松変電所~蓑輪町変電所線,2589,487,154.0,533.47,3.3e-05,0
2760,line,3033,北金沢変電所~福岡町下蓑新変電所線,2579,2385,154.0,533.47,0.000118,0
2761,line,3034,北陸電力送配電 154.0kV線,479,2638,154.0,1600.41,1.4e-05,0
2762,line,3035,松任連絡線,2580,2129,77.0,186.72,0.000295,0
2763,line,3036,北金沢変電所~西金沢変電所線,2580,485,77.0,186.72,8.2e-05,0
2764,line,3037,北金沢変電所~浅野町変電所線,2580,1274,77.0,373.43,3.4e-05,0
2765,line,3038,北陸電力送配電 154.0kV線,2580,1275,77.0,373.43,1e-05,0
2766,line,3039,松任連絡線,2129,2574,77.0,186.72,2.1e-05,0
2767,line,3040,浅野町変電所~太田変電所線,481,2587,77.0,186.72,0.000215,0
2768,line,3041,舟橋変電所~太田変電所線,2587,1771,77.0,186.72,0.000103,0
2769,line,3042,小松線,2590,2588,77.0,560.15,2.6e-05,0
2770,line,3043,安宅線,2588,1770,77.0,186.72,0.000156,0
2771,line,3044,牛ノ谷変電所~金津変電所線,2436,2581,77.0,280.07,1.3e-05,0
2772,line,3045,leadin,2581,1133,77.0,186.72,2.8e-05,0
2773,line,3046,三国町三国東四丁目変電所~金津変電所線,2581,2593,77.0,373.43,0.000116,0
2774,line,3047,福井開閉所~金津変電所線,2581,1130,77.0,280.07,6.2e-05,0
2775,line,3048,三国町新保変電所~上野変電所線,2592,1240,154.0,266.74,0.00038,0
2776,line,3049,牛ノ谷変電所~南郷町変電所線,2132,2583,77.0,186.72,1.5e-05,0
2777,line,3050,namebind,2593,1130,77.0,93.36,0.0004,0
2778,line,3051,南郷町変電所~片山津町変電所線,2584,1786,66.0,137.18,0.000245,0
2779,line,3052,namebind,496,1790,77.0,93.36,0.000479,0
2780,line,3053,鯖江変電所~高木町変電所線,1795,2595,77.0,186.72,5.6e-05,0
2781,line,3054,鯖江変電所~上東郷町変電所線,1795,2649,77.0,186.72,0.000314,0
2782,line,3055,namebind,2595,2659,77.0,93.36,0.000312,0
2783,line,3056,北陸電力送配電 77.0kV線,2595,498,77.0,93.36,0.000203,0
2784,line,3057,北陸電力送配電 77.0kV線,2686,500,77.0,93.36,5.8e-05,0
2785,line,3058,西武生線,498,2659,77.0,186.72,0.000132,0
2786,line,3059,北陸幹線,2513,743,154.0,1066.94,0.000156,1
2787,line,3060,北陸送電線_162,500,2685,154.0,133.37,8e-05,0
2788,line,3061,安曇野市変電所_2~松本市変電所線,503,2514,77.0,93.36,0.000379,1
2789,line,3062,北陸電力送配電 154.0kV線,2597,504,154.0,533.47,2.5e-05,0
2790,line,3063,新愛本変電所~黒部市変電所_2線,2597,512,154.0,1066.94,2.6e-05,0
2791,line,3064,北陸送電線_33,2597,720,154.0,266.74,0.000157,0
2792,line,3065,新愛本変電所~黒部市変電所_2線,2597,2701,154.0,1066.94,1.6e-05,0
2793,line,3066,内山変電所~大浦変電所線,2597,2623,154.0,1600.41,0.000125,0
2794,line,3067,大浦変電所~富南変電所線,2621,2604,275.0,952.63,4.9e-05,0
2795,line,3068,大浦変電所~新愛本変電所線,2621,2642,275.0,2857.88,2.5e-05,0
2796,line,3069,新愛本変電所~富南変電所線,2604,511,275.0,2857.88,2.2e-05,0
2797,line,3070,袋変電所~立石変電所線,506,2599,154.0,533.47,7e-06,0
2798,line,3071,立石変電所~舟橋変電所 (Funahashi Hendensho)線,2599,507,154.0,533.47,1.7e-05,0
2799,line,3072,五郎八変電所~中野変電所線,508,2603,66.0,274.36,0.000136,0
2800,line,3073,北陸電力送配電 66.0kV線,2603,517,66.0,68.59,4.2e-05,0
2801,line,3074,中野変電所~立石変電所線,2603,2600,66.0,274.36,7.1e-05,0
2802,line,3075,黒部市変電所_3~立石変電所線,2702,2598,66.0,548.71,5.8e-05,0
2803,line,3076,黒部市変電所_3~立石変電所線,2598,2629,66.0,548.71,5.2e-05,0
2804,line,3077,黒部市変電所_3~立石変電所線,2629,2600,66.0,548.71,8.6e-05,0
2805,line,3078,立石変電所~菰原変電所線,2600,2096,66.0,137.18,0.000331,0
2806,line,3079,立石変電所~仏又変電所線,2600,1944,66.0,68.59,7.9e-05,0
2807,line,3080,namebind,2596,509,275.0,1905.26,3e-06,0
2808,line,3081,新愛本変電所~富南変電所線,2596,2642,275.0,5715.77,7e-06,0
2809,line,3082,新愛本変電所~黒部市変電所_2線,2596,733,275.0,3810.51,1.6e-05,0
2810,line,3083,水須変電所~前沢新町変電所線,510,2632,154.0,533.47,0.000144,0
2811,line,3084,水橋開発変電所~富山変電所線,1955,2601,154.0,533.47,3.2e-05,0
2812,line,3085,富南線(H024),2601,1953,154.0,533.47,6e-06,0
2813,line,3086,富山変電所~新富山変電所線,2601,2618,154.0,533.47,9.8e-05,0
2814,line,3087,草島変電所~富山変電所線,2601,2078,154.0,533.47,3.4e-05,0
2815,line,3089,新愛本変電所~富南変電所線,2642,2607,275.0,2857.88,9e-06,0
2816,line,3090,新愛本変電所~富南変電所線,2607,511,275.0,2857.88,1.1e-05,0
2817,line,3091,北陸電力送配電 154.0kV線,512,2631,154.0,533.47,4e-06,0
2818,line,3095,北陸送電線_9,2608,513,66.0,68.59,0.000132,0
2819,line,3096,東小俣変電所~春日変電所線,2623,2060,154.0,1600.41,2e-06,0
2820,line,3097,北笹津線(H023),2623,2605,154.0,533.47,6.2e-05,0
2821,line,3098,寺津変電所~北笹津変電所線,2623,2609,154.0,533.47,8e-06,0
2822,line,3099,北笹津変電所~牛ケ増変電所線,2623,971,154.0,1066.94,5e-06,0
2823,line,3100,西大沢変電所~八尾町福島七丁目変電所線,2060,2618,154.0,533.47,0.000195,0
2824,line,3101,富南線(H024),2605,1953,154.0,1600.41,2.7e-05,0
2825,line,3102,北笹津変電所~西大沢変電所線,2061,2624,66.0,68.59,5.3e-05,0
2826,line,3103,春日変電所_2~高内変電所_2線,2063,2286,66.0,68.59,0.000307,0
2827,line,3104,富南線;南富山線;掛尾線,2606,2706,66.0,274.36,5e-05,0
2828,line,3105,長江変電所~富南変電所線,2606,687,66.0,137.18,0.000217,0
2829,line,3106,有沢線,2706,1823,66.0,137.18,0.000283,0
2830,line,3107,南富山線,2706,2407,66.0,137.18,3.8e-05,0
2831,line,3108,婦中町東本郷変電所~婦中変電所線,1823,2662,66.0,274.36,7e-06,0
2832,line,3109,北陸送電線_17,2515,530,500.0,3464.1,3.1e-05,1
2833,line,3113,奥野々変電所~色浜変電所_2線,2635,2516,154.0,533.47,0.000154,1
2834,line,3114,北陸送電線_25,2621,685,275.0,952.63,2e-06,0
2835,line,3115,leadin,2632,704,154.0,266.74,2.9e-05,0
2836,line,3116,水須変電所~中滝変電所線,686,2633,66.0,137.18,5.9e-05,0
2837,line,3117,富山市変電所_2~水須変電所線,686,2645,66.0,137.18,0.000277,0
2838,line,3118,水須変電所~中滝変電所線,2633,2285,66.0,137.18,0.000204,0
2839,line,3119,北陸送電線_71,2633,930,66.0,68.59,7.2e-05,0
2840,line,3120,水須変電所~中滝変電所線,2285,2654,66.0,342.95,5.9e-05,0
2841,line,3121,中滝変電所_2~中滝変電所線,2654,2252,66.0,68.59,1.9e-05,0
2842,line,3122,中滝変電所~長江変電所線,2654,969,66.0,137.18,3.1e-05,0
2843,line,3123,namebind,2654,1032,66.0,68.59,0.000203,0
2844,line,3124,北陸電力送配電 154.0kV線,2618,688,154.0,533.47,4e-06,0
2845,line,3125,伏木変電所~新富山変電所線,2618,697,154.0,1066.94,2.2e-05,0
2846,line,3126,新富山変電所~二塚変電所線,2618,2638,154.0,1066.94,5.1e-05,0
2847,line,3127,新富町変電所~戸出変電所線,2656,691,66.0,274.36,7.3e-05,0
2848,line,3128,北陸電力送配電 66.0kV線,2656,689,66.0,274.36,1.2e-05,0
2849,line,3129,戸出変電所~二塚変電所線,2656,2265,66.0,274.36,7.9e-05,0
2850,line,3130,戸出変電所~福岡変電所線,689,2543,66.0,137.18,0.000279,0
2851,line,3131,戸出変電所~福岡変電所線,2543,2270,66.0,137.18,5.1e-05,0
2852,line,3132,増山変電所~庄中変電所線,2543,2264,66.0,68.59,0.000314,0
2853,line,3133,増山変電所~八尾町福島七丁目変電所線,2543,1007,66.0,68.59,0.000337,0
2854,line,3134,新富町変電所~戸出変電所線,691,2657,66.0,274.36,8.6e-05,0
2855,line,3135,塚原伏木線,1946,2625,154.0,533.47,3e-05,0
2856,line,3136,北陸電力送配電 154.0kV線,697,2625,154.0,1066.94,3e-06,0
2857,line,3137,三ケ変電所~塚原変電所線,698,2626,66.0,68.59,0.000134,0
2858,line,3138,三ケ変電所~大門変電所線,2470,2625,154.0,800.21,1.8e-05,0
2859,line,3139,富山変電所~犬島四丁目変電所線,1956,2602,66.0,137.18,0.000208,0
2860,line,3140,富山変電所~木場町変電所線,2079,2602,66.0,137.18,0.000179,0
2861,line,3141,T106,2602,1954,66.0,205.77,2.2e-05,0
2862,line,3142,射水線,2602,2682,66.0,137.18,0.000234,0
2863,line,3143,牛ケ増変電所~富山市変電所_2線,704,2644,154.0,533.47,0.0001,0
2864,line,3144,新富町変電所~戸出変電所線,711,2657,66.0,274.36,3.1e-05,0
2865,line,3145,新富山変電所~射水市変電所線,2617,2681,275.0,1905.26,2.3e-05,0
2866,line,3146,寺津変電所~北笹津変電所線,2379,2609,154.0,533.47,4.2e-05,0
2867,line,3147,野村変電所~塚原変電所線,2625,878,154.0,1066.94,8e-06,0
2868,line,3148,射水線,2682,2680,66.0,137.18,9.7e-05,0
2869,line,3149,射水線,2680,2262,66.0,274.36,1.4e-05,0
2870,line,3150,上野変電所_2~河井町変電所線,2517,2689,66.0,137.18,0.0007,1
2871,line,3151,上野変電所_2~門前町田村変電所_2線,2517,2692,66.0,137.18,0.000502,1
2872,line,3152,北陸電力送配電 66.0kV線,2517,2628,66.0,274.36,5.5e-05,1
2873,line,3153,朝日町変電所_2~大字青海変電所線,2001,2674,66.0,137.18,0.00066,1
2874,line,3154,新愛本変電所~黒部市変電所_2線,2701,726,154.0,1066.94,1.1e-05,0
2875,line,3155,新愛本変電所~黒部市変電所_2線,726,2631,154.0,1066.94,3e-06,0
2876,line,3156,北陸電力送配電 154.0kV線,2631,1251,154.0,533.47,0.000119,0
2877,line,3157,城変電所_2~城変電所線,2670,2668,275.0,952.63,1e-06,0
2878,line,3158,高木町変電所~中央一丁目変電所線,2594,744,154.0,266.74,0.000123,0
2879,line,3159,中央一丁目変電所~八乙女変電所線,744,2659,77.0,160.04,0.000198,0
2880,line,3160,中央一丁目変電所~八乙女変電所線,744,2658,66.0,137.18,0.000414,0
2881,line,3161,北笹津変電所~春日変電所線,1816,2624,66.0,137.18,2.2e-05,0
2882,line,3162,糸魚川変電所~大字須沢変電所線,760,2533,66.0,68.59,0.000511,1
2883,line,3163,大字青海変電所~大字須沢変電所線,760,2674,66.0,137.18,0.000327,1
2884,line,3164,namebind,2578,2107,77.0,186.72,0.000166,0
2885,line,3165,野村変電所~射水市変電所線,800,2679,154.0,1066.94,4e-06,0
2886,line,3166,野村変電所~射水市変電所線,2679,2637,154.0,1066.94,1.1e-05,0
2887,line,3167,久々湊変電所~野村変電所線,2679,2677,154.0,266.74,1.4e-05,0
2888,line,3168,婦中町新屋変電所~八尾町滅鬼変電所線,2291,2665,66.0,137.18,9e-05,0
2889,line,3169,北陸送電線_45,821,2518,275.0,952.63,4e-06,1
2890,line,3170,manual_connection,821,2540,275.0,952.63,6e-06,1
2891,line,3171,北陸送電線_47,2519,2520,154.0,266.74,2e-06,0
2892,line,3172,北陸送電線_48,2519,2521,154.0,266.74,3.1e-05,0
2893,line,3173,竜島変電所~松本市変電所_4線,2519,2522,154.0,266.74,8e-06,0
2894,line,3174,松本市変電所_3~竜島変電所線,2521,2615,154.0,266.74,9.9e-05,1
2895,line,3175,松本市変電所_3~竜島変電所線,2521,2613,154.0,266.74,0.000162,1
2896,line,3176,石垣変電所~袋変電所線,835,2642,275.0,457.26,0.000121,0
2897,line,3177,石垣変電所~袋変電所線,2642,836,275.0,1905.26,4e-06,0
2898,line,3178,富山市変電所_2~水須変電所線,2646,2645,66.0,137.18,1.3e-05,1
2899,line,3179,友江変電所~越前変電所線,843,2567,154.0,533.47,7e-05,0
2900,line,3180,越前変電所~上東郷町変電所線,845,2647,275.0,952.63,4.1e-05,0
2901,line,3181,北陸送電線_124,868,2615,154.0,114.32,0.001606,0
2902,line,3182,塚原射水線,2626,2262,66.0,137.18,9.4e-05,0
2903,line,3183,塚原変電所~万葉線株式会社 米島変電所線,2626,879,66.0,137.18,0.000136,0
2904,line,3184,新富山変電所~射水市変電所線,2681,2636,275.0,1905.26,4e-06,0
2905,line,3185,北陸電力送配電 154.0kV線,2669,989,154.0,533.47,1.4e-05,0
2906,line,3186,北陸送電線_81,2658,950,66.0,274.36,0.000235,0
2907,line,3187,白馬村変電所~大字青海変電所線,903,2674,66.0,68.59,0.002266,1
2908,line,3188,北陸送電線_118,2674,2535,66.0,68.59,0.000386,1
2909,line,3189,北陸送電線_119,2674,1065,66.0,68.59,0.000138,1
2910,line,3190,大字青海変電所~糸魚川市変電所_2線,2674,2619,66.0,68.59,0.000192,1
2911,line,3191,長沢変電所~若葉台変電所線,2523,2524,66.0,137.18,0.000405,0
2912,line,3192,金丸変電所~長沢変電所線,2523,913,66.0,137.18,0.000353,0
2913,line,3193,北陸電力送配電 66.0kV線,2523,2245,66.0,137.18,9.7e-05,0
2914,line,3194,富来地頭町変電所~若葉台変電所線,2524,2696,66.0,137.18,0.000374,1
2915,line,3195,北陸電力送配電 66.0kV線,2524,2653,66.0,137.18,3.8e-05,0
2916,line,3196,金丸変電所~北陸電力穴水変電所線,913,2528,66.0,137.18,0.000716,0
2917,line,3197,水須変電所~富山市変電所_2線,2632,932,154.0,266.74,0.000116,0
2918,line,3198,北陸送電線_110,2632,1033,154.0,266.74,1.5e-05,0
2919,line,3199,北陸電力送配電 66.0kV線,2655,946,66.0,137.18,1.8e-05,0
2920,line,3200,波岡変電所~福岡町下蓑新変電所線,2655,2256,66.0,274.36,3.3e-05,0
2921,line,3201,北陸電力送配電 66.0kV線,940,2639,66.0,411.54,1e-05,0
2922,line,3202,福岡町下蓑新変電所~福岡町小伊勢領変電所線,2639,1271,66.0,68.59,5.3e-05,0
2923,line,3203,久々湊変電所~射水変電所線,2262,2678,66.0,137.18,2.6e-05,0
2924,line,3204,北陸電力送配電 66.0kV線,941,2678,66.0,137.18,1.6e-05,0
2925,line,3205,奥野々変電所~色浜変電所_2線,2634,2525,275.0,1905.26,3.9e-05,0
2926,line,3206,旭町変電所~大桑村変電所線,959,2527,77.0,93.36,0.000548,1
2927,line,3207,東中変電所~友江変電所線,2661,2356,66.0,68.59,0.000145,0
2928,line,3208,友江変電所~東中変電所線,2661,963,66.0,137.18,0.000214,0
2929,line,3209,寺津変電所~北笹津変電所線,2610,972,66.0,274.36,0.000283,0
2930,line,3210,寺津変電所~北笹津変電所線,2610,2624,66.0,411.54,2.1e-05,0
2931,line,3211,婦中町新屋変電所~婦中町東本郷変電所線,2662,2663,66.0,137.18,6.7e-05,0
2932,line,3212,婦中町新屋変電所~婦中町東本郷変電所線,2665,2663,66.0,137.18,0.000122,0
2933,line,3213,婦中町新屋変電所~高内変電所線,2665,2062,66.0,137.18,0.000245,0
2934,line,3214,北陸電力送配電 77.0kV線,2612,986,77.0,186.72,1.6e-05,0
2935,line,3215,leadin,2612,983,77.0,186.72,3.7e-05,0
2936,line,3216,北陸電力送配電 77.0kV線,2612,984,77.0,93.36,0.000428,0
2937,line,3217,北陸電力送配電 77.0kV線,2612,985,77.0,186.72,0.000138,0
2938,line,3218,高山市変電所~郡上市変電所線,991,2672,77.0,373.43,8.4e-05,1
2939,line,3219,長柄町変電所~麦生変電所線,2399,2704,77.0,186.72,0.000215,0
2940,line,3220,北陸送電線_176,2675,2539,154.0,266.74,0.000811,1
2941,line,3221,北陸送電線_92,2675,1002,154.0,266.74,5.2e-05,1
2942,line,3222,金丸変電所~北陸電力穴水変電所線,2528,2630,66.0,137.18,0.000705,0
2943,line,3223,若葉台変電所~石崎町変電所線,2528,2532,66.0,68.59,0.00019,1
2944,line,3224,北陸電力穴水変電所~宇出津新変電所線,2630,2694,66.0,411.54,0.000173,1
2945,line,3225,北陸電力穴水変電所~上野変電所_2線,2630,2628,66.0,274.36,0.000109,0
2946,line,3226,北陸電力穴水変電所~宇出津新変電所線,2694,2529,66.0,411.54,0.000152,1
2947,line,3227,北陸電力穴水変電所~宇出津新変電所線,2529,2695,66.0,411.54,1.6e-05,1
2948,line,3228,宇出津新変電所~上東変電所線,2529,2530,66.0,137.18,0.000402,1
2949,line,3229,上東変電所~上戸町北方変電所線,2530,2687,66.0,137.18,0.000429,1
2950,line,3230,北陸電力送配電 66.0kV線,2530,2693,66.0,137.18,0.000191,1
2951,line,3231,上戸町北方変電所~北陸電力送配電　飯田変電所線,2687,2688,66.0,137.18,8e-06,1
2952,line,3232,門前町田村変電所~門前町田村変電所_2線,2692,2691,66.0,68.59,1.1e-05,1
2953,line,3233,金丸変電所~石崎町変電所線,2531,2690,66.0,137.18,0.000131,1
2954,line,3234,藤橋線,2531,2683,66.0,68.59,0.00042,0
2955,line,3235,北陸送電線_116,1043,2613,154.0,114.32,5.8e-05,1
2956,line,3236,大字青海変電所~糸魚川市変電所_2線,2619,2620,66.0,68.59,2.4e-05,1
2957,line,3237,北陸送電線_117,2619,2534,66.0,68.59,8e-05,1
2958,line,3238,北陸送電線_123,1122,2615,154.0,228.63,7.8e-05,0
2959,line,3239,南郷町変電所~山代温泉変電所線,1240,2582,154.0,266.74,8.8e-05,0
2960,line,3240,若葉台変電所~若葉台変電所_2線,2653,2697,66.0,137.18,3.2e-05,1
2961,line,3241,若葉台変電所~志賀町変電所線,2653,2699,66.0,68.59,0.000132,0
2962,line,3242,namebind,2699,2538,66.0,137.18,5.5e-05,1
2963,line,3243,北陸送電線_167,2596,1250,275.0,1905.26,1e-06,0
2964,line,3244,久々湊変電所~野村変電所線,1293,2677,154.0,266.74,1e-05,0
2965,line,3245,南郷町変電所~山代温泉変電所線,2582,2440,154.0,533.47,3.3e-05,0
2966,line,3246,manual_connection,2540,2541,275.0,952.63,1e-06,1
2967,line,3247,manual_connection,2540,2542,275.0,952.63,3.6e-05,1
2968,line,3250,竜島変電所~新信濃変電所線,2613,2650,154.0,266.74,4.4e-05,1
2969,line,3251,竜島変電所~新信濃変電所線,2650,2570,154.0,266.74,0.000258,1
2970,line,3252,四国電力送配電 187.0kV線,2708,2792,187.0,971.68,0.000298,1
2971,line,3253,佐野線,3467,2709,77.0,186.72,1.6e-05,0
2972,line,3254,佐野線,3467,3466,77.0,373.43,2.3e-05,0
2973,line,3255,南大阪岸和田線,3467,2711,77.0,560.15,8e-06,0
2974,line,3256,leadin,2709,3468,77.0,93.36,0.000145,1
2975,line,3257,佐野線,2709,3491,77.0,186.72,2.8e-05,0
2976,line,3258,佐野線,3491,3380,77.0,186.72,6.4e-05,0
2977,line,3259,佐野線,3380,3381,77.0,186.72,7.6e-05,0
2978,line,3260,佐野線,3381,3365,77.0,186.72,4.9e-05,0
2979,line,3261,泉南佐野線,3365,3378,77.0,560.15,3.2e-05,0
2980,line,3262,見出川線,3365,3384,77.0,373.43,7e-06,1
2981,line,3263,砂川線,3365,3479,77.0,186.72,8.6e-05,0
2982,line,3264,泉南南大阪線,3370,2710,77.0,186.72,3.3e-05,0
2983,line,3265,関西送電線_32,3370,2798,77.0,93.36,0.00155,0
2984,line,3266,泉南南大阪線,2710,3341,77.0,186.72,8.3e-05,0
2985,line,3267,泉南佐野線,2710,3378,77.0,560.15,1.5e-05,0
2986,line,3268,泉南南大阪線,3341,2711,77.0,186.72,0.000171,0
2987,line,3269,南大阪岸和田線,2711,2846,77.0,373.43,3e-06,0
2988,line,3270,我孫子線,3435,2712,77.0,186.72,4.6e-05,1
2989,line,3271,長曽根我孫子線,3435,3356,77.0,186.72,2.3e-05,0
2990,line,3272,leadin,2712,3451,77.0,93.36,7.7e-05,1
2991,line,3273,我孫子線,2712,3817,77.0,186.72,1.6e-05,1
2992,line,3274,関西送電線_129,3817,2726,77.0,93.36,4.4e-05,1
2993,line,3275,堺港長曽根線,3382,3449,154.0,1066.94,2e-06,1
2994,line,3276,堺港長曽根線,3449,3455,154.0,1066.94,1e-05,1
2995,line,3277,堺港長曽根線,3455,3376,154.0,1066.94,8e-06,1
2996,line,3278,堺港長曽根線,3376,3357,154.0,1066.94,1e-06,0
2997,line,3279,堺港八尾線,3376,3360,154.0,1600.41,6e-06,0
2998,line,3280,南河内喜志線,3486,3353,66.0,68.59,0.000291,1
2999,line,3281,南河内喜志線,3485,2713,77.0,373.43,3.5e-05,0
3000,line,3282,南河内変電所~古市五丁目変電所線,2713,3363,77.0,373.43,8.7e-05,0
3001,line,3283,古市五丁目変電所~道明寺変電所線,2713,3352,77.0,373.43,3.5e-05,0
3002,line,3284,関西電力送配電 77.0kV線,3343,3346,77.0,93.36,0.00017,0
3003,line,3285,富田林線,3487,3363,77.0,373.43,4.3e-05,0
3004,line,3286,滝谷支線,3487,3395,77.0,186.72,9.8e-05,0
3005,line,3287,滝谷支線,3395,3346,77.0,186.72,4.2e-05,0
3006,line,3288,南大阪滝谷線,3346,2715,77.0,186.72,0.00011,0
3007,line,3289,栂変電所~長野町変電所線,2714,3368,77.0,93.36,0.000294,1
3008,line,3290,南大阪滝谷線,2714,2715,77.0,186.72,1.5e-05,0
3009,line,3291,南大阪滝谷線,2714,3340,77.0,186.72,0.000157,0
3010,line,3292,泉ヶ丘線,3364,2715,77.0,93.36,0.000174,1
3011,line,3293,北葛城線,3511,2716,275.0,1905.26,3.5e-05,0
3012,line,3294,北葛城線,2716,3349,275.0,1905.26,5e-06,0
3013,line,3295,熊野幹線,2716,2788,275.0,1905.26,0.000114,0
3014,line,3296,熊野幹線,2716,2789,275.0,1905.26,1.3e-05,0
3015,line,3297,南大阪線,3349,2725,275.0,1905.26,2.7e-05,0
3016,line,3298,岡線,3440,3549,77.0,186.72,0.000268,0
3017,line,3299,紀見支線,3440,3441,77.0,186.72,8.4e-05,1
3018,line,3300,南馬場変電所~妻三丁目変電所線,3440,2814,77.0,186.72,0.000167,0
3019,line,3301,岡変電所~関西電力野原変電所線,3549,2929,77.0,93.36,0.000232,1
3020,line,3302,岡変電所~関西電力五条変電所線,3549,3550,77.0,93.36,3.1e-05,1
3021,line,3303,阿田峯変電所~岡変電所線,3549,3542,77.0,93.36,0.00024,0
3022,line,3304,金剛線,3348,3350,500.0,6928.2,1.5e-05,0
3023,line,3305,阪奈線,3348,3354,500.0,6928.2,1.5e-05,0
3024,line,3306,関西電力送配電㈱笠田変電所~金剛変電所線,3348,3386,500.0,6928.2,2e-05,0
3025,line,3307,紀北変換所~東大和開閉所線,3350,3552,500.0,6928.2,2.2e-05,0
3026,line,3308,金剛線,3350,3386,500.0,6928.2,9e-06,0
3027,line,3309,namebind,3350,2836,500.0,3464.1,6e-06,0
3028,line,3310,namebind,2717,3488,77.0,93.36,0.000102,1
3029,line,3311,八尾道明寺線,2717,3469,77.0,186.72,8.5e-05,0
3030,line,3312,八尾道明寺線,2717,3352,77.0,186.72,4e-05,0
3031,line,3313,八尾道明寺線,3633,3469,77.0,186.72,6e-05,0
3032,line,3314,大和線,3352,2719,77.0,93.36,0.000472,0
3033,line,3315,道明寺線,3352,3338,77.0,373.43,3.8e-05,0
3034,line,3316,泉南東大阪線,3337,3394,275.0,1905.26,1.5e-05,0
3035,line,3317,泉南東大阪線,3337,3339,275.0,3810.51,2e-06,0
3036,line,3318,泉南東大阪線,3394,2718,275.0,1905.26,2e-06,0
3037,line,3319,leadin,2718,3345,275.0,952.63,9e-06,1
3038,line,3320,泉南東大阪線,2718,3362,275.0,1905.26,9e-06,0
3039,line,3321,泉南東大阪線,3362,3625,275.0,1905.26,5.9e-05,0
3040,line,3322,東大阪線,3625,2996,275.0,3810.51,1e-06,0
3041,line,3323,namebind,3625,3001,275.0,952.63,5e-06,0
3042,line,3324,御坊幹線,3354,3399,500.0,6928.2,4.9e-05,0
3043,line,3325,阪奈線,3354,4143,500.0,6928.2,1.1e-05,0
3044,line,3326,下田支線,2719,3559,77.0,93.36,7.2e-05,1
3045,line,3327,大和線,2719,3558,77.0,93.36,0.000121,0
3046,line,3328,信貴百済線 (Shingi Kudara Sen),3355,2744,154.0,1066.94,1e-06,1
3047,line,3329,信貴敷津線,3355,3632,154.0,1600.41,9e-06,0
3048,line,3330,信貴百済線,3355,2964,154.0,1600.41,7e-06,0
3049,line,3331,新奈良線,3355,3989,154.0,533.47,0.000112,0
3050,line,3332,八尾変電所~関西電力送配電 枚岡変電所線,3632,2954,154.0,1066.94,6e-06,0
3051,line,3333,八尾変電所~若江東町二丁目変電所線,3632,3980,154.0,266.74,5.3e-05,1
3052,line,3334,信貴百済線,3632,2964,154.0,1066.94,7e-06,0
3053,line,3335,堺港八尾線,3632,2723,154.0,266.74,2.2e-05,0
3054,line,3336,堺港八尾線,3632,2986,154.0,266.74,2.3e-05,0
3055,line,3337,堺港八尾線,3360,2721,154.0,2133.89,7e-06,0
3056,line,3338,金田線,3361,2743,77.0,373.43,1.2e-05,0
3057,line,3339,中村町変電所~天美変電所線,3361,3453,77.0,373.43,1.7e-05,0
3058,line,3340,道明寺線,3361,3338,77.0,186.72,0.000181,0
3059,line,3341,namebind,3453,2720,77.0,466.79,8e-06,0
3060,line,3342,堺港八尾線,2721,2722,154.0,2133.89,8e-06,0
3061,line,3343,八尾変電所~天美変電所線,2721,2723,154.0,1600.41,9e-06,0
3062,line,3344,八尾変電所~天美変電所線,2721,2724,154.0,1600.41,1.1e-05,0
3063,line,3345,堺港八尾線,2722,2723,154.0,266.74,2e-06,0
3064,line,3346,堺港八尾線,2722,2986,154.0,266.74,1e-06,0
3065,line,3347,長曽根支線,2724,3357,154.0,533.47,1.1e-05,0
3066,line,3348,金田線,2720,3392,77.0,186.72,4.2e-05,0
3067,line,3349,leadin,3356,3385,77.0,93.36,4.8e-05,1
3068,line,3350,leadin,3356,3456,77.0,93.36,9.8e-05,1
3069,line,3351,長曽根浅香山線,3356,3358,77.0,373.43,1.2e-05,0
3070,line,3352,熊野幹線,2725,3339,275.0,3810.51,2e-06,0
3071,line,3353,熊野幹線,2725,2789,275.0,1905.26,1.6e-05,0
3072,line,3354,敷津松屋線,2726,3383,77.0,373.43,1.6e-05,1
3073,line,3355,敷津変電所~御崎七丁目変電所線,2726,3653,154.0,133.37,0.000108,1
3074,line,3356,leadin,3383,3423,77.0,93.36,4.2e-05,1
3075,line,3357,佐野線,2727,3466,77.0,373.43,1.6e-05,0
3076,line,3358,忠岡線,2727,2731,77.0,373.43,3e-05,0
3077,line,3359,忠岡線,2727,2732,77.0,373.43,9e-06,1
3078,line,3360,忠岡線,3340,2728,77.0,373.43,2.3e-05,0
3079,line,3361,信太線,3340,2740,77.0,373.43,6.6e-05,0
3080,line,3362,南大阪岸和田線,3340,3367,77.0,560.15,7e-06,0
3081,line,3363,leadin,2728,3501,77.0,93.36,6e-05,1
3082,line,3364,忠岡線,2728,2729,77.0,373.43,4.3e-05,0
3083,line,3365,田治米支線 (Tajime-shisen),2729,2740,77.0,186.72,1e-06,0
3084,line,3366,忠岡線,2729,2730,77.0,373.43,9e-06,0
3085,line,3367,田治米支線 (Tajime-shisen),2729,3373,77.0,186.72,1.2e-05,1
3086,line,3368,忠岡線,2730,2731,77.0,373.43,0.0,0
3087,line,3369,leadin,2730,3422,77.0,93.36,9.8e-05,1
3088,line,3370,leadin,2731,3420,77.0,93.36,9.5e-05,1
3089,line,3371,leadin,2732,3496,77.0,93.36,0.000116,1
3090,line,3372,忠岡線,2732,3372,77.0,373.43,3.7e-05,1
3091,line,3373,東港支線,3372,3377,77.0,280.07,1e-05,1
3092,line,3374,泉南佐野線,3366,2733,66.0,68.59,0.000238,0
3093,line,3375,泉南佐野線,2733,3379,66.0,68.59,4.8e-05,0
3094,line,3376,leadin,2733,3493,66.0,68.59,0.000165,1
3095,line,3377,泉南佐野線,3379,3371,66.0,68.59,0.000229,0
3096,line,3378,紀北変換所~東大和開閉所線,3552,3514,500.0,6928.2,6e-06,0
3097,line,3379,北大和線,3514,2854,500.0,6928.2,1e-06,0
3098,line,3380,東大和開閉所~十津川村変電所線,3514,3571,500.0,6928.2,2.4e-05,1
3099,line,3381,泉南東大阪線,3339,2734,275.0,1905.26,3.6e-05,0
3100,line,3382,泉南東大阪線,3369,2734,275.0,3810.51,2e-06,0
3101,line,3383,多奈二火力線,2734,3427,275.0,1905.26,5.3e-05,0
3102,line,3384,多奈川変電所~岬変電所線,3427,3504,275.0,5715.77,0.0,0
3103,line,3385,紀の川変電所~岬変電所線,3427,2751,275.0,3810.51,1.6e-05,0
3104,line,3386,稲葉線 (Inaba-sen),2735,2736,77.0,186.72,3.2e-05,1
3105,line,3387,南大阪岸和田線,2736,3367,77.0,560.15,3.6e-05,0
3106,line,3388,南大阪岸和田線,2736,2846,77.0,560.15,4.8e-05,0
3107,line,3389,信太線,3374,3389,77.0,373.43,1.1e-05,0
3108,line,3390,泉北金田線,3374,2742,77.0,373.43,1.6e-05,0
3109,line,3391,信太線,3389,3454,77.0,373.43,1e-05,0
3110,line,3392,関西送電線_67,3389,2833,77.0,186.72,2.2e-05,1
3111,line,3393,信太線,3454,2737,77.0,373.43,6e-06,0
3112,line,3394,leadin,2737,3492,77.0,93.36,4.6e-05,1
3113,line,3395,信太線,2737,3446,77.0,373.43,2.5e-05,0
3114,line,3396,信太線,3446,3502,77.0,373.43,3.6e-05,0
3115,line,3397,信太線,3502,2738,77.0,373.43,8e-06,0
3116,line,3398,leadin,2738,3418,77.0,93.36,3.4e-05,1
3117,line,3399,信太線,2738,2739,77.0,373.43,2.8e-05,0
3118,line,3400,leadin,2739,3503,77.0,93.36,0.000122,1
3119,line,3401,信太線,2739,2740,77.0,373.43,2.5e-05,0
3120,line,3405,泉北金田線,3359,3448,77.0,373.43,1.1e-05,0
3121,line,3406,金田線,3359,2743,77.0,373.43,2.2e-05,0
3122,line,3407,leadin,3448,3447,77.0,93.36,1.3e-05,1
3123,line,3408,leadin,3448,3452,77.0,93.36,8.1e-05,1
3124,line,3409,泉北金田線,3448,2741,77.0,373.43,3.6e-05,0
3125,line,3410,leadin,2741,3445,77.0,93.36,8.7e-05,1
3126,line,3411,泉北金田線,2741,2742,77.0,373.43,2.1e-05,0
3127,line,3412,深井支線,2742,3375,77.0,373.43,1.1e-05,1
3128,line,3413,leadin,2743,3464,77.0,93.36,3e-05,1
3129,line,3414,leadin,3377,3463,77.0,93.36,3.3e-05,1
3130,line,3417,leadin,3384,3507,77.0,93.36,5.4e-05,1
3131,line,3421,金田線,3392,3435,77.0,160.04,3.1e-05,0
3132,line,3424,紀の川変電所~岬変電所線,3387,2751,275.0,5715.77,7e-06,0
3133,line,3425,紀の川変電所~内原変電所線,3387,3489,275.0,1905.26,3.7e-05,0
3134,line,3426,南庄町一丁目変電所~阿南周波数変換所線,2745,3426,500.0,6928.2,2.1e-05,1
3135,line,3427,namebind,3426,3458,500.0,6928.2,4e-06,0
3136,line,3428,応神東線,2746,2747,66.0,137.18,0.000248,0
3137,line,3429,応神東線,2746,3391,66.0,137.18,0.000105,0
3138,line,3430,田宮支線,2746,3471,66.0,137.18,0.000155,1
3139,line,3431,四国電力送配電 66.0kV線,3391,2749,66.0,137.18,0.001044,1
3140,line,3432,応神線,3391,2760,66.0,274.36,4.2e-05,0
3141,line,3433,四国電力送配電 66.0kV線,3391,2790,66.0,137.18,7.6e-05,1
3142,line,3434,徳島市変電所~応神変電所線,3391,3421,66.0,137.18,0.000244,1
3143,line,3435,南庄町一丁目変電所~南小松島町変電所線,2747,3390,66.0,274.36,0.000325,0
3144,line,3436,関西電力送配電 66.0kV線,2747,2793,66.0,68.59,0.000397,0
3145,line,3437,南小松島町変電所~桑野変電所線,3390,2757,66.0,137.18,0.000279,0
3146,line,3438,南庄町一丁目変電所~鳴門変電所線,2748,3424,187.0,971.68,0.000124,0
3147,line,3439,四国電力送配電 187.0kV線,3424,2792,187.0,1943.36,3e-06,0
3148,line,3440,関西送電線_5,2750,3421,66.0,68.59,7.9e-05,1
3149,line,3441,leadin,2751,3495,275.0,952.63,1e-05,1
3150,line,3442,関西電力送配電 275.0kV線,3388,2752,77.0,373.43,7.2e-05,0
3151,line,3443,関西電力送配電 77.0kV線,2752,2753,77.0,373.43,3.5e-05,0
3152,line,3444,紀の川変電所~和歌山電力所線,2752,2754,77.0,186.72,0.000147,0
3153,line,3445,関西電力送配電 77.0kV線,2753,2839,77.0,186.72,4e-06,1
3154,line,3446,関西電力送配電㈱笠田変電所~紀の川変電所線,2753,3442,77.0,373.43,0.00026,0
3155,line,3447,紀の川変電所~和歌山電力所線,2754,3396,77.0,186.72,0.000134,0
3156,line,3448,JR西日本 77.0kV線,2754,2834,77.0,93.36,3.1e-05,1
3157,line,3449,海南港和歌山線,3396,2755,77.0,373.43,3.9e-05,0
3158,line,3450,海南港変電所~和歌山電力所線,3396,2782,77.0,93.36,0.000836,0
3159,line,3451,第二和歌山線,3396,2797,77.0,186.72,7.5e-05,0
3160,line,3452,namebind,3396,2799,77.0,186.72,9.3e-05,0
3161,line,3453,手平支線,2755,2784,77.0,186.72,3.3e-05,0
3162,line,3454,海南港和歌山線,2755,3472,77.0,373.43,2.5e-05,0
3163,line,3455,海南港和歌山線;海南港手平線,3490,3475,77.0,373.43,3.2e-05,0
3164,line,3456,関西電力送配電 77.0kV線,3490,2756,77.0,560.15,2.4e-05,0
3165,line,3457,海南港変電所~海南変電所線,3490,3409,77.0,373.43,2.9e-05,0
3166,line,3458,紀三井寺支線,3475,3476,77.0,186.72,7e-06,1
3167,line,3459,海南港和歌山線;海南港手平線,3475,3472,77.0,373.43,6.9e-05,0
3168,line,3460,島精機製作所線,3472,3473,77.0,186.72,7.3e-05,1
3169,line,3461,海南港手平線,3472,2784,77.0,186.72,3.7e-05,0
3170,line,3462,関西送電線_76,2756,2780,77.0,93.36,1.3e-05,0
3171,line,3463,海南港変電所~関西電力 箕島変電所線,2756,3408,77.0,93.36,0.000242,0
3172,line,3464,南小松島町変電所~富岡町変電所線,2757,3484,66.0,68.59,0.000682,0
3173,line,3465,南小松島町変電所~桑野変電所線,2757,2759,66.0,274.36,0.000174,0
3174,line,3466,関西送電線_6,3484,2758,66.0,68.59,0.000407,1
3175,line,3467,富岡町変電所~阿南発電所 (Anan Power Station)線,3484,2759,66.0,137.18,0.000197,0
3176,line,3468,阿南発電所 (Anan Power Station)~桑野変電所線,2759,3397,66.0,137.18,0.000133,0
3177,line,3469,関西電力送配電 187.0kV線,2759,3460,66.0,68.59,0.000169,0
3178,line,3470,桑野変電所~美波町変電所線,3397,2794,66.0,68.59,0.000909,0
3179,line,3471,応神線,3425,2760,66.0,274.36,9.8e-05,0
3180,line,3472,大津線,3425,3470,66.0,137.18,0.000207,1
3181,line,3473,斉田変電所~鳴門変電所線,3425,3439,66.0,137.18,0.000178,1
3182,line,3474,需要家線,2760,2843,66.0,68.59,1.3e-05,1
3183,line,3475,関西電力送配電 187.0kV線,2761,2762,187.0,971.68,0.00033,1
3184,line,3476,関西電力送配電 187.0kV線,2762,3459,187.0,971.68,6.8e-05,0
3185,line,3477,美波町変電所~桑野変電所線,2762,2794,187.0,485.84,1.4e-05,0
3186,line,3478,美波町変電所~桑野変電所線,2762,2838,187.0,485.84,2.1e-05,1
3187,line,3479,namebind,3459,3393,187.0,2915.04,5.5e-05,0
3188,line,3480,御坊幹線,3399,3461,500.0,20784.61,4e-06,0
3189,line,3481,由良開閉所~関西電力 内原変電所線,2763,3398,77.0,186.72,0.000201,0
3190,line,3482,関西電力 広変電所~由良開閉所線,2763,3404,77.0,186.72,0.000262,0
3191,line,3483,関西送電線_75,2763,2764,77.0,186.72,3.2e-05,1
3192,line,3484,関西電力 内原変電所~御坊市変電所線,3398,2771,77.0,186.72,0.000135,0
3193,line,3485,関西送電線_7,2764,2765,77.0,93.36,1.8e-05,1
3194,line,3486,関西送電線_75,2764,2841,77.0,373.43,6e-06,1
3195,line,3487,関西送電線_8,3399,2766,500.0,3464.1,1e-05,1
3196,line,3488,関西送電線_8,2766,2767,66.0,68.59,0.000781,1
3197,line,3489,関西送電線_64,2766,2829,66.0,68.59,7.2e-05,1
3198,line,3490,関西送電線_65,2767,2830,66.0,68.59,1.7e-05,1
3199,line,3491,関西送電線_65,2767,2831,66.0,68.59,0.000408,1
3200,line,3492,関西電力 高津尾変電所~海南変電所線,3400,2768,77.0,186.72,0.000418,0
3201,line,3493,関西電力 高津尾変電所~関西電力 島変電所線,3400,2770,77.0,93.36,0.000683,0
3202,line,3494,高雄一丁目変電所~関西電力 高津尾変電所線,3400,2827,77.0,93.36,0.001336,1
3203,line,3495,関西電力 高津尾変電所~海南変電所線,2768,2769,77.0,186.72,0.000277,0
3204,line,3496,関西送電線_25,2768,3413,77.0,93.36,4.2e-05,1
3205,line,3497,関西送電線_24,2769,2781,77.0,93.36,0.000234,0
3206,line,3498,海南変電所~阪井変電所線,2769,3414,77.0,186.72,0.000177,1
3207,line,3499,広川町変電所~関西電力 有田変電所線,2770,2771,77.0,186.72,1e-05,0
3208,line,3500,関西電力 高津尾変電所~関西電力 島変電所線,2770,3402,77.0,93.36,0.000294,0
3209,line,3501,関西送電線_10,3402,2772,77.0,93.36,0.000171,0
3210,line,3502,広川町変電所~関西電力 有田変電所線,2771,3403,77.0,186.72,0.000123,0
3211,line,3503,関西電力 内原変電所~御坊市変電所線,2771,2772,77.0,186.72,0.000137,0
3212,line,3504,広川町変電所~関西電力 有田変電所線,3403,3417,77.0,186.72,0.000147,0
3213,line,3505,広川町変電所~関西電力 有田変電所線,3417,3404,77.0,186.72,7.1e-05,0
3214,line,3506,広川町変電所~関西電力 有田変電所線,3404,3405,77.0,186.72,0.0001,0
3215,line,3507,広川町変電所~関西電力 有田変電所線,3405,3406,77.0,186.72,0.000119,0
3216,line,3508,関西電力 有田変電所~海南港変電所線,3406,2778,77.0,93.36,0.000135,0
3217,line,3509,関西電力 内原変電所~御坊市変電所線,2772,2773,77.0,186.72,0.000122,0
3218,line,3510,高雄一丁目変電所~御坊市変電所線,2773,2812,77.0,186.72,0.000112,1
3219,line,3511,御坊幹線,2773,3462,77.0,373.43,6.9e-05,0
3220,line,3512,関西電力 下津変電所~関西電力 箕島変電所線,2774,2775,77.0,93.36,0.000182,0
3221,line,3513,関西電力 有田変電所~海南港変電所線,2774,2778,77.0,93.36,8e-05,0
3222,line,3514,関西電力 有田変電所~海南港変電所線,2774,2780,77.0,93.36,0.000237,0
3223,line,3515,関西電力 下津変電所~関西電力 箕島変電所線,2775,2776,77.0,93.36,0.000187,0
3224,line,3516,関西送電線_18,2775,3408,77.0,93.36,8.2e-05,0
3225,line,3517,関西電力 下津変電所~関西電力 箕島変電所線,2776,3407,77.0,93.36,4.2e-05,1
3226,line,3518,関西送電線_17,2776,2779,77.0,93.36,0.000103,0
3227,line,3519,関西送電線_16,2777,2778,77.0,93.36,3.1e-05,1
3228,line,3520,海南港変電所~関西電力 箕島変電所線,3408,2779,77.0,93.36,0.000146,0
3229,line,3521,関西送電線_74,2779,2840,77.0,93.36,3.6e-05,1
3230,line,3522,海南港変電所~和歌山電力所線,2780,2781,77.0,93.36,0.000172,0
3231,line,3523,海南港変電所~和歌山電力所線,2781,2782,77.0,93.36,0.000146,0
3232,line,3524,関西送電線_23,2781,3409,77.0,93.36,5.8e-05,0
3233,line,3525,関西送電線_28,2782,2783,77.0,93.36,1.3e-05,1
3234,line,3526,野上線,3415,3410,66.0,137.18,0.000114,1
3235,line,3527,関西送電線_31,3413,2785,77.0,93.36,0.000469,1
3236,line,3528,手平支線;海南港手平線,2784,3416,77.0,373.43,1.6e-05,1
3237,line,3529,関西電力 金屋変電所~野上変電所線,2785,2786,77.0,93.36,4.9e-05,1
3238,line,3530,関西電力 金屋変電所~野上変電所線,2785,2787,77.0,186.72,0.000326,1
3239,line,3531,十津川村変電所~下池原変電所線,2788,3531,275.0,952.63,7.2e-05,0
3240,line,3532,熊野川町相須変電所~十津川村変電所線,2788,3582,275.0,1905.26,3.9e-05,1
3241,line,3533,leadin,2789,3347,275.0,952.63,7e-06,1
3242,line,3536,需要家線,3470,2791,66.0,68.59,0.000307,1
3243,line,3537,需要家線,3470,2842,66.0,68.59,0.000206,1
3244,line,3543,鳴門変電所~瀬戸町明神変電所線,2792,2805,187.0,1943.36,4.9e-05,1
3245,line,3544,桑野変電所~美波町変電所線,2794,2795,66.0,137.18,0.000519,1
3246,line,3545,岬変電所~多奈川変電所線,3428,3505,77.0,93.36,3.5e-05,0
3247,line,3546,信達線;多奈川佐野線,3428,3499,77.0,373.43,3.8e-05,0
3248,line,3547,第二和歌山線,3428,2797,77.0,186.72,0.000307,0
3249,line,3548,北島線,3428,2798,77.0,186.72,0.000192,0
3250,line,3549,磯の浦変電所~岬変電所線,3428,3437,77.0,186.72,0.000264,1
3251,line,3550,信達線;多奈川佐野線,3499,2796,77.0,373.43,0.000158,0
3252,line,3551,尾崎支線;尾崎信達線,2796,3482,77.0,373.43,1.4e-05,0
3253,line,3552,信達線;多奈川佐野線,2796,3411,77.0,560.15,2e-05,0
3254,line,3553,北島線,2797,2799,77.0,186.72,5e-06,0
3255,line,3554,北島線,2798,2799,77.0,186.72,0.000121,0
3256,line,3555,市小路変電所~北島変電所線,2798,3500,77.0,186.72,8.5e-05,0
3257,line,3556,住友金属和歌山線,2799,3500,77.0,186.72,5.6e-05,0
3258,line,3557,松帆変電所~鵜崎変電所線,3765,2800,77.0,186.72,1.7e-05,1
3259,line,3558,松帆変電所~鵜崎変電所線,2800,3429,77.0,186.72,0.000121,1
3260,line,3559,松帆変電所~浦変電所線,2800,2816,77.0,93.36,0.000249,1
3261,line,3560,志筑変電所~松帆西路変電所線,2801,2802,77.0,93.36,0.000679,0
3262,line,3561,浦変電所~志筑変電所線,2801,2807,77.0,373.43,0.00018,1
3263,line,3562,関西送電線_51,2801,3450,77.0,93.36,0.000243,1
3264,line,3563,志筑変電所~松帆西路変電所線,2802,3431,77.0,93.36,0.000785,0
3265,line,3564,関西電力送電~志筑変電所線,2802,3465,77.0,186.72,0.000277,0
3266,line,3565,松帆西路変電所~撫養変電所線,3431,2803,77.0,93.36,0.000119,0
3267,line,3566,松帆西路変電所~撫養変電所線,2803,2804,77.0,93.36,0.000539,1
3268,line,3567,松帆西路変電所~山添変電所線,2803,2806,77.0,186.72,0.000184,0
3269,line,3568,松帆西路変電所~撫養変電所線,3430,2805,187.0,1943.36,1.5e-05,1
3270,line,3569,関西送電線_49,2805,2809,187.0,485.84,3.1e-05,1
3271,line,3570,松帆西路変電所~山添変電所線,2806,3433,77.0,186.72,0.000222,0
3272,line,3571,関西送電線_48,2806,2808,77.0,93.36,1.6e-05,1
3273,line,3572,山添変電所~関西電力送電線,3433,3465,77.0,93.36,0.000297,0
3274,line,3573,関西送電線_47,2807,3432,77.0,186.72,0.000172,1
3275,line,3574,松帆変電所~浦変電所線,2807,2816,77.0,93.36,0.000257,1
3276,line,3575,新田辺変電所~高雄一丁目変電所線,3477,2810,77.0,93.36,0.000357,1
3277,line,3576,関西送電線_60,3477,2825,77.0,93.36,3.9e-05,1
3278,line,3577,高雄一丁目変電所~御坊市変電所線,2811,2812,77.0,186.72,0.000441,1
3279,line,3578,関西送電線_50,2812,2815,77.0,93.36,8.9e-05,1
3280,line,3579,市小路変電所~北島変電所線,3500,3436,77.0,280.07,1.2e-05,1
3281,line,3580,leadin,3436,2813,77.0,280.07,3.1e-05,1
3282,line,3581,撫養線,3439,3457,66.0,137.18,4.4e-05,1
3283,line,3582,高野口町伏原変電所~関西電力送配電㈱笠田変電所線,2814,3442,77.0,93.36,0.000589,0
3284,line,3583,関西電力送配電 77.0kV線,2814,3443,77.0,93.36,7.2e-05,0
3285,line,3584,関西送電線_53,2816,2817,77.0,93.36,1.5e-05,1
3286,line,3585,関西送電線_54,2818,2819,66.0,68.59,0.000824,1
3287,line,3586,湯崎変電所~新田辺変電所線,2819,2821,66.0,68.59,0.001017,1
3288,line,3587,関西送電線_58,2819,2825,66.0,68.59,0.0005,1
3289,line,3588,湯崎変電所~新田辺変電所線,2820,2821,66.0,68.59,0.000128,1
3290,line,3589,関西送電線_55,2821,2822,66.0,68.59,0.000904,1
3291,line,3590,関西送電線_56,2822,2823,66.0,68.59,0.000142,1
3292,line,3591,関西送電線_57,2822,2824,66.0,68.59,0.000222,1
3293,line,3592,関西送電線_59,2825,2826,77.0,80.02,0.000359,1
3294,line,3593,namebind,2826,3478,77.0,93.36,0.000347,0
3295,line,3594,新田辺変電所~湯崎変電所線,2826,3478,77.0,93.36,0.000303,0
3296,line,3595,高雄一丁目変電所~新田辺変電所線,3434,3477,77.0,93.36,0.000148,1
3297,line,3596,関西送電線_62,3434,2827,77.0,186.72,0.000285,1
3298,line,3597,関西送電線_63,2827,2828,77.0,93.36,0.000211,1
3299,line,3598,関西送電線_66,3386,2832,500.0,3464.1,1e-06,1
3300,line,3599,高野口町伏原変電所~南馬場変電所線,3443,2835,77.0,93.36,0.000129,0
3301,line,3600,紀北変換所~南馬場変電所線,2835,2836,500.0,457.26,0.000464,0
3302,line,3601,紀北変換所~南馬場変電所線,2835,3351,66.0,68.59,9.3e-05,1
3303,line,3602,関西送電線_70,2836,2837,500.0,3464.1,3e-06,1
3304,line,3604,撫養線,3457,3438,66.0,137.18,6e-06,1
3305,line,3606,leadin,3479,3497,77.0,93.36,8.7e-05,1
3306,line,3607,砂川線,3479,3480,77.0,186.72,6.3e-05,0
3307,line,3608,砂川線;信達線;尾崎信達線,3480,3411,77.0,560.15,1.6e-05,0
3308,line,3609,砂川線;信達線;尾崎信達線,3481,3412,66.0,68.59,0.000129,0
3309,line,3610,信達線;多奈川佐野線;尾崎信達線,3412,2845,66.0,68.59,5.3e-05,0
3310,line,3611,尾崎支線;尾崎信達線,2844,3483,66.0,68.59,3.3e-05,0
3311,line,3612,leadin,2844,3498,66.0,68.59,0.000181,1
3312,line,3613,尾崎信達線,2844,2845,66.0,137.18,7.9e-05,0
3313,line,3614,leadin,2845,3494,66.0,68.59,0.000104,1
3314,line,3616,狭山四丁目変電所~喜志変電所線,3343,3342,77.0,93.36,3.3e-05,0
3315,line,3617,狭山四丁目変電所~喜志変電所線,3342,3485,77.0,80.02,0.000518,0
3316,line,3618,leadin,2846,3419,77.0,93.36,9.9e-05,1
3317,line,3619,新日本工機岬線,3427,3506,275.0,952.63,1e-06,1
3318,line,3620,久居南勢線,9,3518,77.0,186.72,0.000235,0
3319,line,3621,久居南勢線,3518,2873,77.0,93.36,0.000113,0
3320,line,3622,北葛城畝傍線,3512,3509,77.0,373.43,5e-06,0
3321,line,3623,北葛城新奈良線;王寺北葛城線,3512,3579,77.0,373.43,5e-05,0
3322,line,3624,大和線,3512,3513,77.0,186.72,5.1e-05,0
3323,line,3625,北葛城新奈良線,3579,3544,77.0,560.15,7e-06,0
3324,line,3626,王寺北葛城線;近鉄王寺線;ニチアス線,3579,3577,77.0,373.43,4.5e-05,0
3325,line,3627,北葛城新奈良線,3579,3561,77.0,186.72,7.9e-05,0
3326,line,3628,王寺北葛城線;近鉄王寺線;ニチアス線,3528,3574,66.0,68.59,3.3e-05,0
3327,line,3629,王寺北葛城線;近鉄王寺線;ニチアス線,3574,3576,66.0,68.59,0.000143,0
3328,line,3630,王寺北葛城線;近鉄王寺線;ニチアス線,3576,3578,66.0,68.59,0.000224,0
3329,line,3631,王寺北葛城線;近鉄王寺線;ニチアス線,3578,3580,66.0,68.59,0.000246,0
3330,line,3632,王寺北葛城線;近鉄王寺線;ニチアス線,3527,3573,77.0,466.79,5e-06,0
3331,line,3633,王寺北葛城線;近鉄王寺線;ニチアス線,3573,3575,77.0,373.43,2.6e-05,0
3332,line,3634,王寺北葛城線;近鉄王寺線;ニチアス線,3575,3577,77.0,373.43,4.1e-05,0
3333,line,3635,大和線,3513,3558,77.0,373.43,9e-06,0
3334,line,3636,天川線,3553,2847,77.0,186.72,0.000307,0
3335,line,3637,阿田峯線,2847,3540,77.0,93.36,0.000105,0
3336,line,3638,北葛城畝傍線,2847,3541,77.0,466.79,6.2e-05,0
3337,line,3639,桜井線,2848,3546,66.0,68.59,0.000469,1
3338,line,3640,"奈良西線,昭和支線,安堵線,畝傍線",3991,2849,66.0,68.59,0.000325,0
3339,line,3641,新奈良奈良連絡線,3991,4089,66.0,137.18,0.000199,0
3340,line,3642,畝傍線,2849,2876,66.0,68.59,0.000735,0
3341,line,3643,安堵線,2849,3529,66.0,68.59,0.000134,1
3342,line,3644,namebind,2850,3569,77.0,93.36,0.000514,0
3343,line,3645,namebind,2850,4084,77.0,93.36,0.000171,0
3344,line,3646,光洋精工線,2850,2851,77.0,93.36,0.000122,0
3345,line,3647,光洋サーモシステム線,2850,3292,77.0,93.36,0.000206,0
3346,line,3648,北葛城新奈良線,2851,3561,77.0,186.72,0.000129,0
3347,line,3649,北葛城新奈良線,2851,2852,77.0,186.72,4.8e-05,0
3348,line,3650,柳本支線,2852,3569,77.0,186.72,0.000154,0
3349,line,3651,北葛城新奈良線;柳本支線,2852,2947,77.0,373.43,6.5e-05,0
3350,line,3652,leadin,2853,3535,500.0,3464.1,1e-06,1
3351,line,3653,leadin,2853,3536,500.0,3464.1,1e-06,1
3352,line,3654,北大和線,2853,2854,500.0,6928.2,5e-06,0
3353,line,3655,北大和線;南京都奈良線,2853,4001,500.0,13856.41,1.1e-05,0
3354,line,3656,leadin,2854,3508,500.0,3464.1,3e-06,1
3355,line,3657,阪奈線,3993,4143,500.0,6928.2,0.0,0
3356,line,3658,淀川変電所~新生駒 変電所線,3993,4034,500.0,13856.41,2e-06,0
3357,line,3659,北大和線,3993,4001,500.0,6928.2,1.4e-05,0
3358,line,3660,南近江線,3993,4012,500.0,10392.3,3e-05,0
3359,line,3661,伊勢幹線,3525,4109,275.0,1905.26,0.000105,0
3360,line,3662,伊勢南勢線,3525,3519,275.0,952.63,9.3e-05,0
3361,line,3663,伊勢中勢線,3525,1667,275.0,952.63,0.000133,0
3362,line,3664,尾鷲伊勢線,3525,3532,275.0,952.63,0.000349,0
3363,line,3665,伊勢幹線,4109,4010,275.0,2857.88,6.5e-05,0
3364,line,3666,パナソニック松阪線,2855,2856,77.0,93.36,4.5e-05,1
3365,line,3667,鎌田南勢線,2855,2858,77.0,93.36,5.3e-05,0
3366,line,3668,鎌田南勢線,2855,2859,77.0,93.36,4.4e-05,0
3367,line,3669,鎌田南勢線,2857,2858,77.0,93.36,3.2e-05,0
3368,line,3670,鎌田南勢線,2857,2918,77.0,93.36,0.000197,0
3369,line,3671,南勢度会橋線,2857,3523,77.0,93.36,0.000549,0
3370,line,3672,東沢分岐線,2858,2921,77.0,186.72,2e-06,1
3371,line,3673,鎌田南勢線,2859,3521,77.0,93.36,8.1e-05,0
3372,line,3674,松阪分岐線,2859,3524,77.0,93.36,7.2e-05,1
3373,line,3675,久居南勢線,3521,2873,77.0,93.36,0.000136,0
3374,line,3676,南勢山田西線,3521,2861,77.0,93.36,0.00017,0
3375,line,3677,南勢度会橋線,3523,2872,77.0,93.36,0.00036,0
3376,line,3678,西豊浜分岐線,2860,3517,77.0,93.36,4.3e-05,1
3377,line,3679,南勢山田西線,2860,2904,77.0,93.36,0.000493,0
3378,line,3680,山田分岐線,2860,2911,77.0,93.36,5.8e-05,0
3379,line,3681,山田分岐線,2860,3581,77.0,93.36,0.000288,0
3380,line,3682,南勢田丸線,2861,2862,77.0,93.36,0.000159,0
3381,line,3683,南勢山田西線,2861,2904,77.0,93.36,0.00019,0
3382,line,3684,南勢田丸線,2862,2863,77.0,93.36,0.000172,0
3383,line,3685,多気分岐線,2862,2904,77.0,93.36,0.000105,0
3384,line,3686,多気分岐線,2862,2905,77.0,93.36,0.000125,1
3385,line,3687,南勢田丸線,2863,2864,77.0,93.36,2.4e-05,0
3386,line,3688,京セラ玉城線,2863,2880,77.0,93.36,0.000177,1
3387,line,3689,南勢田丸線,2864,2865,77.0,93.36,0.000141,1
3388,line,3690,山田分岐線,2864,2911,77.0,93.36,0.000366,0
3389,line,3691,山田鳥羽線,2866,2867,77.0,93.36,0.000317,0
3390,line,3692,山田鳥羽線,2866,2871,77.0,93.36,8.4e-05,0
3391,line,3693,近鉄朝熊分岐線,2866,3516,77.0,93.36,3e-05,1
3392,line,3694,山田鳥羽線,2867,2868,77.0,93.36,0.000146,1
3393,line,3695,山田鵜方線,2867,2869,77.0,93.36,0.000355,0
3394,line,3696,山田鵜方線,2869,2871,77.0,93.36,7.2e-05,0
3395,line,3697,通町分岐線,2869,3522,77.0,93.36,9e-05,1
3396,line,3698,山田鵜方線,3581,2870,77.0,93.36,0.000107,1
3397,line,3699,山田南分岐線,3581,2872,77.0,93.36,0.000137,0
3398,line,3700,山田鵜方線,2870,2871,77.0,93.36,0.000115,1
3399,line,3701,塩江分岐線,2870,2913,77.0,93.36,6.3e-05,1
3400,line,3702,南勢度会橋線,2872,3537,77.0,186.72,5.3e-05,1
3401,line,3703,leadin,3530,2941,77.0,186.72,4.4e-05,1
3402,line,3704,leadin,3530,3570,77.0,93.36,0.000431,1
3403,line,3705,多気分岐線,3530,2906,77.0,93.36,0.000119,1
3404,line,3706,南勢片野線,2873,2878,77.0,93.36,0.000772,0
3405,line,3707,飯高分岐線,3526,2874,77.0,93.36,0.000288,1
3406,line,3708,飯高分岐線,3526,2878,77.0,93.36,0.000614,0
3407,line,3709,飯高分岐線,2874,2875,77.0,93.36,1e-06,1
3408,line,3710,森分岐線,2874,2914,77.0,93.36,0.000751,1
3409,line,3714,北葛城畝傍線,3565,2948,66.0,137.18,2e-05,1
3410,line,3715,畝傍線,3565,3539,66.0,68.59,0.000262,1
3411,line,3716,畝傍線,3539,2876,66.0,68.59,0.000194,1
3412,line,3717,橿原北支線,2876,3538,66.0,68.59,0.000296,1
3413,line,3718,橿原北支線,2876,2925,66.0,68.59,0.000141,0
3414,line,3719,田原本支線,3546,2877,66.0,68.59,0.000188,1
3415,line,3720,高田東線,3546,2925,66.0,68.59,0.000351,1
3416,line,3721,電源尾鷲南勢線,3520,2886,154.0,266.74,0.000191,1
3417,line,3722,南勢北勢線,3520,316,154.0,266.74,0.000693,0
3418,line,3723,南勢片野線,2878,2879,77.0,186.72,3e-06,1
3419,line,3724,太地町変電所~市屋変電所線,3534,3572,66.0,68.59,0.000231,1
3420,line,3725,太地町変電所~下里変電所線,3534,3564,66.0,68.59,0.000151,1
3421,line,3726,勝浦変電所~市屋変電所線,3572,3562,275.0,228.63,0.000405,1
3422,line,3727,市屋変電所~古田変電所線,3572,3568,66.0,68.59,0.001092,1
3423,line,3728,電発池原尾鷲線,3532,3531,275.0,952.63,1e-06,0
3424,line,3729,電源尾鷲南勢線,2881,2882,154.0,533.47,0.00015,1
3425,line,3732,関西送電線_81,2882,2891,154.0,266.74,6e-06,1
3426,line,3733,電源尾鷲南勢線,2882,2883,154.0,266.74,0.000292,1
3427,line,3734,電源尾鷲南勢線,2883,2884,154.0,266.74,6.1e-05,1
3428,line,3735,紀勢分岐線,2883,2898,154.0,266.74,1.1e-05,1
3429,line,3736,電源尾鷲南勢線,2884,2885,154.0,266.74,0.00012,1
3430,line,3737,南島分岐線,2884,2899,154.0,266.74,0.000118,1
3431,line,3738,電源尾鷲南勢線,2885,2886,154.0,266.74,0.000157,1
3432,line,3739,滝原分岐線R,2885,2900,154.0,533.47,2.6e-05,1
3433,line,3740,栃原分岐線,2886,2903,154.0,266.74,4.3e-05,1
3434,line,3741,宮川第ニ長島線,2887,2888,77.0,93.36,2e-06,0
3435,line,3742,相賀分岐線,2887,2890,77.0,93.36,6e-06,1
3436,line,3743,宮川第ニ長島線,2887,2897,77.0,93.36,5e-06,0
3437,line,3744,kansai_line_495,2888,2897,77.0,93.36,3e-06,0
3438,line,3745,宮川第ニ長島線,2888,2889,77.0,186.72,0.000259,1
3439,line,3746,宮川第三分岐線,2892,2893,77.0,93.36,8.7e-05,1
3440,line,3747,宮川第三分岐線,2893,2894,77.0,93.36,0.000265,1
3441,line,3748,大和谷分岐線,2893,2895,77.0,93.36,0.000573,1
3442,line,3749,宮川第一第二線,2894,2896,77.0,93.36,9e-06,1
3443,line,3750,宮川第一第二線,2894,2897,77.0,93.36,0.000553,1
3444,line,3751,滝原分岐線R,2900,2901,154.0,266.74,1e-06,1
3445,line,3752,三瀬谷分岐線,2900,2902,154.0,266.74,3.6e-05,1
3446,line,3753,ダイヘン三重線,2905,2910,77.0,186.72,1e-06,1
3447,line,3754,多気分岐線,2905,2906,77.0,93.36,6.5e-05,1
3448,line,3755,美和ロック玉城線,2906,2907,77.0,93.36,0.000498,1
3449,line,3756,美和ロック玉城線,2907,2908,77.0,93.36,3.7e-05,1
3450,line,3757,パナソニック伊勢線,2907,2909,77.0,93.36,0.000113,1
3451,line,3758,湯田野分岐線,2911,2912,77.0,186.72,4.1e-05,1
3452,line,3770,森分岐線,2914,2915,77.0,93.36,3.7e-05,1
3453,line,3771,蓮分岐線,2914,2916,77.0,93.36,0.00021,1
3454,line,3772,三雲鎌田線,11,2917,77.0,93.36,0.000391,0
3455,line,3773,三雲鎌田線,2917,2918,77.0,93.36,4.8e-05,0
3456,line,3774,セントラル硝子松阪線,2917,2922,77.0,93.36,9.6e-05,1
3457,line,3775,鎌田南勢線,2918,2919,77.0,186.72,1e-06,1
3458,line,3776,leadin,3524,3515,77.0,93.36,8.6e-05,1
3459,line,3777,三菱重工松阪線,3570,2920,77.0,186.72,7e-06,1
3460,line,3778,愛知機械松阪線,2922,2924,77.0,93.36,2.3e-05,1
3461,line,3779,セントラル硝子松阪線,2922,2923,77.0,186.72,3.7e-05,1
3462,line,3780,高田東線,2925,3545,66.0,68.59,8.8e-05,0
3463,line,3781,北葛城畝傍線,3541,3509,77.0,373.43,1.1e-05,0
3464,line,3782,関西電力送配電 66.0kV線,3554,2926,66.0,68.59,0.00029,1
3465,line,3783,天川線,3554,3566,66.0,137.18,0.000796,1
3466,line,3784,阿田峯線,3540,2927,66.0,68.59,0.000134,0
3467,line,3785,阿田峯線,2927,3510,66.0,68.59,0.000307,0
3468,line,3786,池ノ内線,2927,2949,66.0,68.59,0.000232,1
3469,line,3787,阿田峯線,3510,3542,77.0,80.02,0.000256,0
3470,line,3788,都祁変電所~榛原変電所線,3548,3547,77.0,93.36,0.00038,1
3471,line,3789,都祁線,3548,2928,77.0,373.43,0.000171,1
3472,line,3790,関西送電線_480,2928,3295,77.0,93.36,7e-06,1
3473,line,3791,leadin,2928,4087,77.0,373.43,4.3e-05,1
3474,line,3793,岡変電所~関西電力野原変電所線,2929,2930,77.0,93.36,0.000172,1
3475,line,3794,関西送電線_89,2929,3551,77.0,93.36,9.3e-05,1
3476,line,3795,関西送電線_103,2930,2937,77.0,93.36,0.000165,1
3477,line,3796,関西送電線_104,2930,2938,77.0,93.36,0.000224,1
3478,line,3797,天川線,3567,3566,66.0,68.59,2.2e-05,1
3479,line,3798,南角変電所~十津川村変電所線,3567,2931,66.0,137.18,0.000774,1
3480,line,3801,関西送電線_114,2931,2945,66.0,68.59,2e-06,1
3481,line,3802,関西送電線_115,2931,2946,66.0,68.59,0.000708,1
3482,line,3803,新宮市変電所~新宮変電所線,2932,2933,275.0,952.63,8.9e-05,1
3483,line,3804,新宮変電所~勝浦変電所線,2933,3562,275.0,952.63,4.2e-05,1
3484,line,3805,熊野川町相須変電所~新宮変電所線,2933,3582,275.0,952.63,9.1e-05,1
3485,line,3806,熊野川町相須変電所~新宮変電所線,2933,3555,275.0,952.63,3e-06,1
3486,line,3807,関西送電線_91,3555,2934,275.0,952.63,2.1e-05,1
3487,line,3808,紀宝配電センター~新宮変電所線,3555,2935,275.0,952.63,2.6e-05,1
3488,line,3810,阿田和変電所~紀宝配電センター線,2935,3560,275.0,952.63,3.5e-05,1
3489,line,3811,関西送電線_97,2935,3557,275.0,952.63,2e-06,1
3490,line,3812,木本変電所~阿田和変電所線,3560,3556,275.0,952.63,4.7e-05,1
3491,line,3813,電発池原尾鷲線,3531,3533,275.0,952.63,1e-06,1
3492,line,3814,関西送電線_110,3531,2943,275.0,952.63,4.1e-05,1
3493,line,3815,leadin,3557,2936,275.0,1905.26,2e-06,1
3494,line,3816,関西送電線_105,3568,2939,66.0,68.59,0.00057,1
3495,line,3817,関西送電線_107,3568,2940,66.0,68.59,0.000354,1
3496,line,3818,関西送電線_113,3568,2944,66.0,68.59,0.001238,1
3497,line,3819,奈良西線,2942,4084,77.0,186.72,1.6e-05,1
3498,line,3820,奈良西線,4084,4207,77.0,186.72,0.000105,0
3499,line,3824,北葛城新奈良線;柳本支線,2947,3990,77.0,746.86,5e-06,0
3500,line,3825,奈良東線;櫟本線,2947,3238,77.0,373.43,5e-06,0
3501,line,3826,光洋サーモシステム線,3990,3292,77.0,93.36,2.7e-05,0
3502,line,3827,西日本大和郡山線,3990,3293,77.0,93.36,2.7e-05,0
3503,line,3828,関西送電線_118,3841,2950,66.0,68.59,0.000116,1
3504,line,3829,関西送電線_236,3841,3165,66.0,68.59,0.000184,1
3505,line,3830,関西電力（株）小浜変電所~森変電所線,2950,3108,66.0,68.59,0.000173,0
3506,line,3831,七日市変電所~森変電所線,2950,3842,77.0,80.02,0.000601,0
3507,line,3832,新神戸変電所~新六甲変電所線,3596,3594,77.0,280.07,1.7e-05,0
3508,line,3833,広田西線,3596,3104,77.0,373.43,4.5e-05,0
3509,line,3834,神戸港線,3594,2971,77.0,93.36,0.000288,0
3510,line,3835,割塚通二丁目変電所~新六甲変電所線,3594,3124,77.0,373.43,3.9e-05,0
3511,line,3836,新六甲変電所~割塚通二丁目変電所線,3594,3123,77.0,93.36,0.000195,0
3512,line,3837,仁川連絡線,3594,3082,77.0,186.72,0.000135,0
3513,line,3838,新神戸線,2951,3833,275.0,1905.26,2e-06,0
3514,line,3839,新加古川線,2951,3031,275.0,1905.26,7.5e-05,0
3515,line,3840,新神戸線,2951,3599,275.0,1905.26,1.4e-05,0
3516,line,3841,生瀬町一丁目変電所~宝塚開閉所 (Takarazuka Kaiheisho)線,2951,3597,275.0,1905.26,1.2e-05,0
3517,line,3842,南大浜線;伊丹多田線,3601,3912,77.0,93.36,0.000212,0
3518,line,3843,伊丹池田線,3601,3878,77.0,186.72,0.000118,0
3519,line,3844,昆陽線;昆陽宝塚線,3601,3734,77.0,560.15,6e-06,0
3520,line,3845,広田東線,3601,3793,77.0,186.72,7.6e-05,0
3521,line,3846,仁川連絡線,3601,3590,77.0,186.72,5.2e-05,0
3522,line,3847,南大浜線;伊丹多田線,3912,3607,77.0,93.36,5.3e-05,0
3523,line,3848,伊丹多田線,3607,3017,77.0,186.72,0.000231,1
3524,line,3849,南大浜線;伊丹多田線,3600,3911,154.0,2133.89,6e-06,0
3525,line,3850,南大浜線,3600,3792,154.0,1066.94,9e-06,0
3526,line,3851,御幣島線,3600,3733,154.0,533.47,7e-06,0
3527,line,3852,有馬線,3600,3589,154.0,533.47,6e-06,0
3528,line,3853,南大浜線;伊丹多田線,3911,3606,154.0,2133.89,2e-06,0
3529,line,3854,南大浜線,3606,3598,154.0,266.74,0.000116,0
3530,line,3855,南大浜線,3605,3598,154.0,266.74,0.000191,0
3531,line,3856,伊丹池田線,3878,3618,77.0,280.07,6.7e-05,1
3532,line,3857,木代支線,3610,3960,77.0,186.72,0.00019,1
3533,line,3858,西大阪線,3687,3609,275.0,3810.51,1.6e-05,0
3534,line,3859,関西電力送配電 275.0kV線,3609,2953,275.0,952.63,5e-06,0
3535,line,3860,新生駒線,3597,2952,275.0,1905.26,1.2e-05,0
3536,line,3861,西大阪変電所~宝塚開閉所 (Takarazuka Kaiheisho)線,3597,2953,275.0,952.63,7.1e-05,0
3537,line,3862,伊丹線,3597,2961,275.0,1905.26,1.6e-05,0
3538,line,3863,宝塚開閉所 (Takarazuka Kaiheisho)~新加古川変電所線,3597,2979,275.0,1905.26,9.5e-05,0
3539,line,3864,宝塚開閉所 (Takarazuka Kaiheisho)~猪名川変電所線,3597,3604,275.0,952.63,5.1e-05,0
3540,line,3865,leadin,2952,3620,275.0,952.63,4e-06,1
3541,line,3866,leadin,2952,3621,275.0,952.63,3e-06,1
3542,line,3867,新生駒線,2952,3611,275.0,1905.26,4e-05,0
3543,line,3868,北大阪変電所~西大阪変電所線,2953,3611,275.0,1905.26,1.2e-05,0
3544,line,3869,三津屋線,3885,3676,77.0,93.36,0.0001,1
3545,line,3870,三津屋線,3885,3682,77.0,186.72,4.7e-05,1
3546,line,3874,leadin,2954,3962,154.0,266.74,1.7e-05,1
3547,line,3875,八尾変電所~関西電力送配電 枚岡変電所線,2954,3844,154.0,1066.94,1.5e-05,0
3548,line,3876,東大阪変電所~関西電力送配電 枚岡変電所線,3844,3628,154.0,1066.94,1.5e-05,0
3549,line,3877,阪急電鉄 千里変電所~関西電力送配電 富田変電所線,3678,3658,154.0,1066.94,1e-06,0
3550,line,3878,北大阪小曽根線,3678,3754,154.0,1066.94,1.6e-05,0
3551,line,3879,阪急電鉄 千里変電所~関西電力送配電 富田変電所線,3658,2955,154.0,1066.94,2.3e-05,0
3552,line,3880,関西電力送配電 富田変電所~下穂積変電所線,2955,3717,154.0,266.74,7.1e-05,1
3553,line,3881,関西電力送配電 154.0kV線,2955,2995,154.0,1066.94,7e-06,0
3554,line,3882,千里丘変電所~関西電力 佐井寺変電所線,3679,3703,77.0,93.36,0.000199,1
3555,line,3883,阪急電鉄 千里変電所~下穂積変電所線,3658,2956,154.0,1066.94,4e-06,1
3556,line,3884,豊里町変電所~淡路変電所線,3879,3961,77.0,93.36,9e-06,0
3557,line,3885,豊里町変電所~淡路変電所線,3961,3875,66.0,68.59,3.3e-05,1
3558,line,3886,吹田変電所~豊新二丁目変電所線,3961,3705,77.0,80.02,0.000158,0
3559,line,3887,園田線,3615,3623,77.0,560.15,8e-06,0
3560,line,3888,神崎線,3623,3663,77.0,186.72,0.000116,0
3561,line,3889,園田線,3623,3916,77.0,373.43,3.1e-05,0
3562,line,3890,leadin,3614,3967,154.0,266.74,2.4e-05,1
3563,line,3891,北大阪小曽根線,3614,3970,154.0,1066.94,2e-06,0
3564,line,3892,北大阪小曽根線,3970,2957,154.0,1066.94,1e-05,0
3565,line,3893,北大阪小曽根線,2957,3754,154.0,1066.94,2e-06,0
3566,line,3894,leadin,2957,3973,154.0,266.74,2.7e-05,1
3567,line,3895,小曽根東伊丹線,3881,2962,77.0,373.43,3.6e-05,1
3568,line,3896,南大浜線,3759,3751,154.0,1066.94,2e-06,0
3569,line,3897,南大浜線,3751,2958,154.0,1066.94,1e-05,0
3570,line,3898,leadin,2958,3819,154.0,266.74,2.3e-05,1
3571,line,3899,南大浜線,2958,3919,154.0,1066.94,4e-06,0
3572,line,3900,南大浜線,3919,2959,154.0,1066.94,2e-06,0
3573,line,3901,leadin,2959,3856,154.0,266.74,4.3e-05,1
3574,line,3902,南大浜線,2959,3792,154.0,1066.94,6e-06,0
3575,line,3903,椎堂線,3734,2960,77.0,186.72,0.000106,0
3576,line,3904,椎堂線,2960,3916,77.0,186.72,9.8e-05,0
3577,line,3905,塚口支線,2960,3722,77.0,186.72,2.7e-05,0
3578,line,3906,伊丹線,3599,3877,275.0,1905.26,7e-06,0
3579,line,3907,伊丹線,3877,2961,275.0,1905.26,4e-06,0
3580,line,3908,leadin,2961,3619,275.0,952.63,1.2e-05,1
3581,line,3909,園田線,3916,2962,77.0,186.72,3.2e-05,1
3582,line,3910,園田支線,2962,3685,77.0,373.43,3.2e-05,1
3583,line,3911,昆陽線;昆陽宝塚線,3602,3735,66.0,68.59,5.2e-05,0
3584,line,3912,立花支線,3673,3722,77.0,186.72,3.4e-05,0
3585,line,3913,北立花線,3673,3752,77.0,560.15,3.2e-05,0
3586,line,3914,神崎西支線,3673,3922,77.0,186.72,1.8e-05,0
3587,line,3915,南大浜立花線;立花支線,3673,3820,77.0,373.43,7e-06,0
3588,line,3916,北立花線,3673,3920,77.0,93.36,5.5e-05,0
3589,line,3917,酉島山線,3760,3752,77.0,1400.36,2e-06,0
3590,line,3918,leadin,3760,3016,77.0,466.79,1.5e-05,1
3591,line,3919,前浜線; 大浜前浜線,3760,3757,77.0,560.15,9e-06,0
3592,line,3920,南大浜立花線,3752,3140,77.0,373.43,5e-06,1
3593,line,3921,西島山線,3752,3660,77.0,746.86,5e-06,1
3594,line,3922,大浜前浜線,3761,3753,66.0,137.18,2.5e-05,0
3595,line,3923,前浜線; 大浜前浜線,3761,3758,66.0,68.59,7.7e-05,0
3596,line,3924,立花大浜線,3753,3821,66.0,137.18,8.8e-05,0
3597,line,3925,杭瀬南新町二丁目変電所~杭瀬南新町一丁目変電所線,3809,3697,66.0,137.18,1.9e-05,1
3598,line,3926,杭瀬南新町一丁目変電所~佃六丁目変電所線,3697,3740,66.0,68.59,3.3e-05,0
3599,line,3927,八尾変電所~若江東町二丁目変電所線,3980,2963,154.0,266.74,1.2e-05,1
3600,line,3928,leadin,2963,3979,154.0,266.74,1.6e-05,1
3601,line,3929,八尾変電所~若江東町二丁目変電所線,2963,3630,154.0,266.74,7e-06,1
3602,line,3930,関西電力送配電 枚岡変電所~山本町南四丁目変電所線,2964,3844,154.0,533.47,3.9e-05,0
3603,line,3931,高島線,2965,2966,154.0,266.74,0.0001,1
3604,line,3932,新奈良線,2966,3001,275.0,1066.94,0.0,0
3605,line,3933,高島線,2966,3626,154.0,266.74,1.4e-05,0
3606,line,3934,高津線;東意岐部支線,3626,3891,154.0,1066.94,9e-06,0
3607,line,3935,東大阪変電所~関西電力送配電 枚岡変電所線,3626,3628,154.0,1066.94,4e-06,0
3608,line,3936,leadin,3750,3749,154.0,266.74,8e-06,1
3609,line,3937,西久宝寺変電所~加美東六丁目変電所線,3750,2986,154.0,266.74,4.5e-05,1
3610,line,3938,西京都変電所~能勢変電所線,3634,3686,500.0,6928.2,8e-06,0
3611,line,3939,大飯幹線,3634,4183,500.0,6928.2,4.2e-05,0
3612,line,3940,西京都変電所~京北開閉所線,3634,3698,500.0,6928.2,1.1e-05,0
3613,line,3941,西京都変電所~梶原六丁目変電所線,3634,4161,500.0,6928.2,7e-06,0
3614,line,3942,能勢変電所~新綾部変電所線,3686,3710,500.0,6928.2,1.6e-05,0
3615,line,3943,能勢変電所~氷上町新郷変電所線,3686,3667,500.0,6928.2,5.3e-05,0
3616,line,3944,淀川変電所~西京都変電所線,4014,4162,275.0,2857.88,1e-06,0
3617,line,3945,淀川変電所~西京都変電所線,4162,3635,275.0,1905.26,2.6e-05,0
3618,line,3946,北大阪変電所~梶原六丁目変電所線,4162,3611,275.0,1905.26,1.7e-05,0
3619,line,3947,第二大飯幹線,4183,3698,500.0,6928.2,2.8e-05,0
3620,line,3948,洛南変電所~北大阪変電所線,2967,2968,275.0,1905.26,1.4e-05,0
3621,line,3949,南京都線,2967,4158,275.0,1905.26,5e-06,0
3622,line,3950,南京都線,2967,4035,275.0,1905.26,8e-06,0
3623,line,3951,新生駒 変電所~洛南変電所線,2967,3994,275.0,1905.26,2.1e-05,0
3624,line,3952,leadin,2968,4215,275.0,952.63,2e-06,1
3625,line,3953,洛南変電所~北大阪変電所線,2968,3611,275.0,1905.26,2.9e-05,0
3626,line,3954,嶺南変電所~京北開閉所線,3611,3984,275.0,1905.26,0.000202,0
3627,line,3955,京北開閉所~猪名川変電所線,3698,3603,500.0,6928.2,2.2e-05,0
3628,line,3956,山城北線,3698,4001,500.0,13856.41,1.5e-05,0
3629,line,3957,manual_connection,3698,3983,500.0,13856.41,1.7e-05,0
3630,line,3958,関西電力送配電 154.0kV線,2969,3278,154.0,266.74,1e-06,0
3631,line,3959,北田原変電所~島頭変電所線,2969,3935,154.0,1600.41,1.7e-05,0
3632,line,3960,高島線,2969,3242,154.0,533.47,7.8e-05,0
3633,line,3961,関西電力送配電 154.0kV線,2969,3995,154.0,266.74,1.3e-05,0
3634,line,3962,北田原変電所~島頭変電所線,3935,2970,154.0,1600.41,5e-06,0
3635,line,3963,古川橋変電所~島頭変電所線,2970,3645,154.0,266.74,1.7e-05,0
3636,line,3964,島頭変電所~大和田 変電所線,2970,3755,154.0,266.74,7e-06,0
3637,line,3965,関西送電線_192,2971,3122,77.0,93.36,2e-06,0
3638,line,3966,関西電力送配電 77.0kV線,2971,3146,77.0,93.36,1.4e-05,0
3639,line,3967,北摂変電所~猪名川変電所線,3638,3603,500.0,6928.2,1.5e-05,0
3640,line,3968,関西電力送配電 500.0kV線,3638,2972,500.0,6928.2,2e-06,0
3641,line,3969,関西電力送配電 500.0kV線,3638,2973,500.0,6928.2,3e-06,0
3642,line,3970,猪名川変電所~新綾部変電所線,3603,3586,500.0,6928.2,2.5e-05,0
3643,line,3971,関西電力送配電 500.0kV線,2972,2973,500.0,3464.1,0.0,0
3644,line,3972,北摂変電所~和田山町竹田変電所線,2972,3162,500.0,13856.41,1.2e-05,1
3645,line,3973,西脇変電所~北条町東南変電所線,2973,3004,500.0,6928.2,3e-05,0
3646,line,3974,新神戸線,3743,3833,275.0,1905.26,0.0,0
3647,line,3975,生瀬町一丁目変電所~神戸変電所線,3743,3097,275.0,1905.26,3.9e-05,0
3648,line,3976,新神戸線,3743,3595,275.0,1905.26,2.8e-05,0
3649,line,3977,板宿変電所~西神戸変電所線,2974,2982,77.0,93.36,5e-06,0
3650,line,3978,板宿変電所~神戸変電所線,2974,2975,77.0,93.36,0.000138,0
3651,line,3979,板宿変電所~西神戸変電所線,2974,3644,77.0,93.36,0.000383,0
3652,line,3980,関西送電線_226,2975,3145,77.0,93.36,2e-05,0
3653,line,3981,神戸変電所~楠橋変電所線,2975,3205,77.0,186.72,4.7e-05,1
3654,line,3982,北摂変電所~大池変電所線,3639,2976,275.0,1905.26,3e-06,0
3655,line,3983,北摂変電所~大池変電所線,2976,2977,275.0,1905.26,9e-06,0
3656,line,3984,北摂変電所~南山一丁目変電所線,2976,3805,275.0,952.63,2.1e-05,1
3657,line,3985,北摂変電所~大池変電所線,2977,2978,275.0,1905.26,2.1e-05,0
3658,line,3986,関西送電線_144,2977,3062,275.0,952.63,5e-06,1
3659,line,3987,関西電力送配電 275.0kV線,2978,2997,275.0,1905.26,3.3e-05,0
3660,line,3988,大池変電所~神戸変電所線,2978,2998,275.0,1905.26,2e-05,0
3661,line,3989,新加古川変電所~御着変電所線,2979,3978,275.0,1905.26,2.9e-05,0
3662,line,3990,関西電力送配電 275.0kV線,2979,3037,275.0,1905.26,5e-06,0
3663,line,3994,西神戸変電所~新加古川変電所線,3643,2980,275.0,1905.26,2.9e-05,0
3664,line,3995,関西電力送配電 275.0kV線,3643,2997,275.0,1905.26,1e-06,0
3665,line,3996,西神戸変電所~新加古川変電所線,2980,3688,275.0,1905.26,3e-05,0
3666,line,3997,野谷変電所~別所町巴変電所線,2980,3825,275.0,952.63,3e-06,0
3667,line,3998,野谷変電所~別所町巴変電所線,2980,3067,275.0,952.63,1.1e-05,0
3668,line,3999,荒井町中新町変電所~新加古川変電所線,3688,3015,275.0,1905.26,2.7e-05,1
3669,line,4000,関西電力送配電 275.0kV線,3688,3037,275.0,3810.51,2e-06,0
3670,line,4001,御着変電所~新加古川変電所線,3688,3978,275.0,1905.26,2e-05,0
3671,line,4002,明石変電所明石制御所~西神戸変電所線,3641,3644,77.0,373.43,0.000194,0
3672,line,4003,岡変電所~明石変電所明石制御所線,3641,3101,77.0,93.36,0.000467,0
3673,line,4004,関西電力送配電 77.0kV線,3644,3150,77.0,93.36,3.4e-05,1
3674,line,4005,須磨変電所~西神戸変電所線,3644,3033,77.0,93.36,0.000331,0
3675,line,4006,西神戸変電所~鳴子一丁目変電所線,3644,3149,77.0,93.36,0.00028,0
3676,line,4007,関西電力送配電 77.0kV線,2981,2982,77.0,93.36,0.000117,1
3677,line,4008,須磨支線,2982,3693,77.0,186.72,0.000111,0
3678,line,4009,関西電力送配電 77.0kV線,3660,2983,77.0,280.07,1.4e-05,0
3679,line,4010,leadin,3660,2984,77.0,466.79,9e-06,1
3680,line,4011,西島山線,3660,3918,77.0,373.43,5.3e-05,0
3681,line,4012,道意町七丁目変電所~酉島変電所線,3660,3014,77.0,373.43,3.8e-05,0
3682,line,4013,道意町七丁目変電所~酉島変電所線,3918,3014,77.0,373.43,1.5e-05,0
3683,line,4014,leadin,2985,3661,66.0,137.18,3e-05,0
3684,line,4015,leadin,3821,3674,66.0,137.18,7.5e-05,0
3685,line,4016,神崎西支線,3663,3922,77.0,186.72,2.6e-05,0
3686,line,4017,大和田 変電所~古川橋変電所線,3755,3645,154.0,266.74,1.5e-05,0
3687,line,4018,本町北線;古川橋豊里町線,3645,3940,154.0,1600.41,1e-06,0
3688,line,4019,新生駒野江線;古川橋意岐部線;茨田浜線,3645,3897,154.0,1600.41,2e-06,0
3689,line,4020,島頭変電所~JR西日本 四条畷変電所線,3645,3278,154.0,1600.41,3.2e-05,0
3690,line,4021,西町変電所~五十鈴町変電所線,3726,3649,77.0,186.72,3.7e-05,0
3691,line,4022,鳥飼八町一丁目変電所~西町変電所線,3726,3652,77.0,466.79,4.8e-05,0
3692,line,4023,西冠一丁目変電所~西町変電所線,3726,3650,77.0,466.79,2.4e-05,0
3693,line,4024,五十鈴町変電所~関西電力 真砂変電所線,3649,3974,77.0,93.36,7.2e-05,0
3694,line,4025,鐘淵化学大阪線,3921,3648,77.0,93.36,0.000141,1
3695,line,4026,小松線,3648,3863,77.0,186.72,4.6e-05,0
3696,line,4027,小松線,3648,3942,77.0,186.72,0.00011,0
3697,line,4028,新鳥飼味生線;古川橋味生線,3648,2989,77.0,560.15,8e-06,0
3698,line,4029,味生変電所~阪急正雀変電所線,3648,3966,77.0,373.43,4.7e-05,1
3699,line,4030,小曽根味生線,3648,3151,77.0,280.07,4.5e-05,1
3700,line,4031,高槻変電所~北大阪変電所線,2987,3613,77.0,186.72,0.00019,0
3701,line,4032,関西電力送配電 77.0kV線,2987,3171,77.0,186.72,1.2e-05,0
3702,line,4033,関西電力送配電 77.0kV線,2987,3002,77.0,186.72,2.5e-05,0
3703,line,4034,関西電力送配電 77.0kV線,3613,2993,77.0,186.72,2.7e-05,1
3704,line,4035,関西電力送配電 77.0kV線,3613,2994,77.0,186.72,3e-05,1
3705,line,4036,関西電力送配電 77.0kV線,3613,3003,77.0,373.43,0.000238,0
3706,line,4037,北大阪変電所~高槻変電所線,3613,3002,77.0,560.15,5.8e-05,0
3707,line,4038,唐崎変電所~鳥飼八町一丁目変電所線,3652,2991,77.0,93.36,0.000146,0
3708,line,4039,関西電力送配電 77.0kV線,2988,3650,77.0,560.15,1.2e-05,0
3709,line,4040,高槻上牧線,2988,3591,77.0,560.15,2.5e-05,0
3710,line,4041,関西送電線_246,2988,3170,77.0,653.5,2.7e-05,0
3711,line,4042,leadin,2989,3965,77.0,373.43,5e-05,0
3712,line,4043,古川橋味生線,2989,3139,77.0,186.72,6.6e-05,0
3713,line,4044,関西送電線_124,3611,2990,275.0,952.63,6e-06,1
3714,line,4045,関西電力 光善寺変電所~唐崎変電所線,3959,2991,77.0,186.72,4.8e-05,1
3715,line,4046,淀川東線,2991,3043,77.0,93.36,9.8e-05,0
3716,line,4047,敷津変電所~南港南二丁目変電所線,3653,3958,154.0,800.21,1.5e-05,1
3717,line,4048,南港南二丁目変電所~南港東七丁目変電所線,3958,3681,154.0,266.74,2.8e-05,1
3718,line,4049,大枝西長町変電所~西京都変電所線,4038,3636,154.0,533.47,2.6e-05,0
3719,line,4050,西京都変電所~大枝東新林町二丁目変電所線,3636,4037,154.0,800.21,3.1e-05,1
3720,line,4051,河内変電所~東大阪変電所線,2992,3892,77.0,186.72,1.6e-05,1
3721,line,4052,河内変電所~東大阪変電所線,3892,3627,77.0,93.36,0.000149,0
3722,line,4053,新奈良線,3627,3629,77.0,93.36,0.00013,0
3723,line,4054,namebind,3627,3936,77.0,93.36,0.000199,1
3724,line,4055,関西電力送配電 154.0kV線,2995,3975,154.0,1066.94,9e-06,0
3725,line,4056,関西電力送配電 富田変電所~北大阪変電所線,2995,3612,154.0,2133.89,6e-06,0
3726,line,4057,豊崎線,3975,3718,154.0,266.74,7e-05,0
3727,line,4058,高津線;東意岐部支線,3891,3654,154.0,1066.94,1.2e-05,0
3728,line,4059,高津線;意岐部線,3654,3656,154.0,1066.94,2e-06,0
3729,line,4061,東大阪線,2996,3246,275.0,1905.26,1.3e-05,0
3730,line,4062,関西電力送配電 500.0kV線,2996,3994,275.0,1905.26,1.7e-05,0
3731,line,4063,西神戸変電所~神戸変電所線,2997,2998,275.0,1905.26,2e-05,0
3732,line,4064,神戸変電所~新神戸変電所線,2998,3593,275.0,1905.26,1.6e-05,0
3733,line,4065,大池変電所~神戸変電所線,2998,3794,275.0,1905.26,6e-06,0
3734,line,4067,杭瀬南新町一丁目変電所~佃六丁目変電所線,3696,3739,77.0,93.36,2.4e-05,0
3735,line,4068,佃支線,3739,3014,77.0,186.72,6.7e-05,1
3736,line,4069,阪急塚口線,3664,3923,66.0,274.36,1.6e-05,0
3737,line,4070,阪急塚口線,3923,3806,66.0,68.59,0.000118,1
3738,line,4071,leadin,3923,3046,66.0,137.18,4.2e-05,1
3739,line,4072,新奈良線,2999,3909,77.0,186.72,1.3e-05,1
3740,line,4073,新奈良線,3909,3629,77.0,93.36,8.9e-05,0
3741,line,4074,関西送電線_248,3000,3172,154.0,266.74,1e-06,1
3742,line,4075,新奈良線,3000,3908,154.0,1066.94,4e-06,0
3743,line,4076,関西電力送配電 枚岡変電所~山本町南四丁目変電所線,3000,3844,154.0,266.74,2.2e-05,0
3744,line,4077,新奈良線,3908,3628,154.0,1066.94,5e-06,0
3745,line,4078,新奈良線,3628,3001,275.0,1066.94,3e-06,0
3746,line,4079,namebind,3002,4091,77.0,373.43,0.000127,1
3747,line,4080,関西電力送配電 77.0kV線,3002,3073,77.0,373.43,1e-05,0
3748,line,4081,北大阪大原野線,3003,4051,77.0,93.36,5.2e-05,1
3749,line,4082,関西電力送配電 77.0kV線,3003,4081,77.0,93.36,4.4e-05,0
3750,line,4083,関西送電線_281,3004,3081,500.0,6928.2,2e-06,0
3751,line,4084,山崎町変電所~揖保川町変電所線,3004,3212,500.0,13856.41,6e-06,1
3752,line,4085,関西電力(株) 揖保変電所~山崎開閉所線,3667,3005,500.0,6928.2,1.6e-05,0
3753,line,4086,山崎開閉所~開閉所線,3667,3826,500.0,6928.2,8e-06,0
3754,line,4087,山崎開閉所~山崎町変電所線,3667,3007,500.0,6928.2,2.5e-05,0
3755,line,4088,新綾部変電所~開閉所線,3826,3022,500.0,6928.2,2.6e-05,0
3756,line,4089,揖保川町変電所~姫路変電所線,3006,3668,275.0,1905.26,5.5e-05,1
3757,line,4090,関西電力送配電 275.0kV線,3668,3038,275.0,952.63,3e-06,0
3758,line,4091,姫路変電所~御着変電所線,3668,3039,275.0,1905.26,5e-06,0
3759,line,4092,関西電力送配電 77.0kV線,3670,3019,77.0,93.36,0.000178,0
3760,line,4093,城西支線,3670,3907,77.0,186.72,0.000194,0
3761,line,4094,鵤変電所~揖保川町変電所線,3670,3013,77.0,186.72,0.000222,0
3762,line,4095,浜田線;網干支線,3870,3907,77.0,560.15,1.2e-05,0
3763,line,4096,城西変電所~姫路変電所線,3870,3010,77.0,373.43,1.8e-05,0
3764,line,4097,城西変電所~姫路変電所線,3870,3669,77.0,746.86,5e-06,0
3765,line,4098,城西支線,3870,3695,77.0,186.72,3.8e-05,1
3766,line,4099,西飾磨支線,3870,3709,77.0,186.72,0.00012,0
3767,line,4100,浜田線;網干支線,3907,3008,77.0,373.43,0.000101,0
3768,line,4101,大津区吉美変電所~大津区天満変電所線,3008,3012,77.0,186.72,7e-06,0
3769,line,4102,浜田線;網干支線,3008,3009,77.0,373.43,2.2e-05,0
3770,line,4103,浜田線,3009,3047,77.0,186.72,6.1e-05,0
3771,line,4104,網干支線,3009,3707,77.0,186.72,2.6e-05,0
3772,line,4105,城西変電所~広畑区蒲田五丁目変電所線,3010,3724,77.0,93.36,7.4e-05,0
3773,line,4106,城西変電所~別所町佐土一丁目変電所線,3010,3060,77.0,373.43,5.8e-05,0
3774,line,4107,網干区大江島変電所~大津区吉美変電所線,3777,3707,77.0,653.5,4e-06,0
3775,line,4108,大津区吉美変電所~大津区天満変電所線,3777,3011,77.0,186.72,3.7e-05,0
3776,line,4109,大津区天満変電所~飾磨区細江変電所線,3777,3111,77.0,653.5,4.5e-05,0
3777,line,4110,大津区吉美変電所~大津区天満変電所線,3011,3012,77.0,186.72,1.6e-05,0
3778,line,4111,関西送電線_269,3011,3672,77.0,93.36,6.3e-05,1
3779,line,4112,leadin,3012,3906,77.0,93.36,0.000149,1
3780,line,4113,関西送電線_132,3013,3078,77.0,186.72,0.000205,0
3781,line,4114,関西送電線_222,3013,3075,77.0,93.36,9.3e-05,0
3782,line,4115,鳥飼八町一丁目変電所~関西電力送配電 鳥飼変電所線,3651,3964,154.0,2133.89,1e-06,0
3783,line,4116,淀川東線,3651,4211,154.0,1600.41,2.6e-05,0
3784,line,4117,関西電力送配電 22.0kV線,3592,3855,66.0,137.18,1e-05,0
3785,line,4118,高槻上牧線,3592,3170,77.0,137.18,5.4e-05,0
3786,line,4119,高槻上牧線,3591,3854,77.0,373.43,4e-06,0
3787,line,4120,関西電力送配電 77.0kV線,3591,3074,77.0,373.43,1.4e-05,0
3788,line,4121,古川橋豊里町線,3941,3889,77.0,186.72,6.3e-05,0
3789,line,4122,本町北線;古川橋豊里町線,3941,3646,77.0,93.36,2.5e-05,0
3790,line,4123,古川橋豊里町線,3889,3888,77.0,373.43,1.2e-05,0
3791,line,4124,古川橋豊里町線,3888,3879,77.0,373.43,4.1e-05,0
3792,line,4125,古川橋味生線,3646,3756,77.0,186.72,3.4e-05,0
3793,line,4126,小松線,3646,3942,77.0,186.72,1.9e-05,0
3794,line,4127,新生駒野江線;古川橋意岐部線;茨田浜線,3646,3898,77.0,93.36,4e-05,0
3795,line,4128,新寝屋川変電所~古川橋変電所線,3646,3939,77.0,373.43,5.1e-05,0
3796,line,4129,関西送電線_252,3015,3183,275.0,952.63,0.0,1
3797,line,4130,関西送電線_253,3015,3184,275.0,952.63,0.0,1
3798,line,4131,関西電力送配電 77.0kV線,3017,3018,77.0,93.36,0.000128,1
3799,line,4132,見野二丁目変電所~丸の内町変電所線,3017,3608,77.0,186.72,0.000134,1
3800,line,4133,別所町佐土一丁目変電所~御着変電所線,3963,3978,275.0,5715.77,1e-06,0
3801,line,4134,姫路市変電所~別所町佐土一丁目変電所線,3963,3056,275.0,1905.26,1.3e-05,0
3802,line,4135,関西電力送配電 275.0kV線,3963,3694,275.0,3810.51,8e-06,0
3803,line,4136,御着変電所~姫路市変電所線,3963,3059,275.0,1905.26,8e-06,0
3804,line,4137,御着変電所~姫路市変電所線,3978,3041,275.0,1905.26,3e-06,0
3805,line,4138,揖保川町変電所~鵤変電所線,3019,3076,77.0,186.72,8.7e-05,0
3806,line,4139,鵤変電所~関西電力(株) 揖保変電所線,3019,3727,77.0,93.36,0.000199,1
3807,line,4140,書写変電所~鵤変電所線,3019,3797,275.0,533.47,0.000212,1
3808,line,4141,西三国変電所~味生変電所線,3675,3647,154.0,266.74,9.6e-05,1
3809,line,4142,leadin,3718,3944,154.0,266.74,7e-06,1
3810,line,4143,leadin,3718,3977,154.0,266.74,2.4e-05,1
3811,line,4144,豊崎線,3718,3666,154.0,266.74,0.000169,1
3812,line,4145,南港東七丁目変電所~本田変電所 (Honden Substation)線,3681,3767,154.0,266.74,6.6e-05,1
3813,line,4146,南港東七丁目変電所~本田変電所 (Honden Substation)線,3767,3683,154.0,266.74,2e-06,1
3814,line,4147,南港東七丁目変電所~本田変電所 (Honden Substation)線,3683,3020,154.0,266.74,7e-06,1
3815,line,4148,南港東七丁目変電所~本田変電所 (Honden Substation)線,3020,3680,154.0,266.74,2.9e-05,1
3816,line,4149,leadin,3020,3622,154.0,266.74,1.3e-05,1
3817,line,4150,leadin,3680,3665,154.0,266.74,3.6e-05,1
3818,line,4151,leadin,3680,3968,154.0,266.74,1.9e-05,1
3819,line,4152,能勢変電所~新綾部変電所線,3710,3586,500.0,6928.2,1.7e-05,0
3820,line,4153,新綾部変電所~開閉所線,3586,3022,500.0,6928.2,9e-06,0
3821,line,4154,高浜線,3586,3787,500.0,6928.2,1.8e-05,0
3822,line,4155,青葉線,3586,3023,500.0,6928.2,1.4e-05,0
3823,line,4156,安智変電所~新綾部変電所線,3021,3587,275.0,1905.26,6e-05,1
3824,line,4157,関西送電線_137,3022,3712,500.0,6928.2,3e-06,0
3825,line,4158,青葉線,3787,3785,500.0,17320.51,0.0,1
3826,line,4159,青葉線,3787,3023,500.0,6928.2,3e-06,0
3827,line,4160,市場変電所~西屋変電所線,3023,3030,500.0,6928.2,9e-06,1
3828,line,4161,新綾部変電所~長山町変電所線,3588,3024,77.0,93.36,0.00057,0
3829,line,4162,関西電力送配電 77.0kV線,3588,3025,77.0,93.36,0.000104,0
3830,line,4163,七日市変電所~新綾部変電所線,3588,3029,77.0,93.36,0.0005,0
3831,line,4164,新綾部変電所~松原変電所線,3588,3026,77.0,93.36,0.001231,0
3832,line,4165,新綾部変電所~七日市変電所線,3588,3842,77.0,93.36,0.000673,0
3833,line,4166,新綾部変電所~長山町変電所線,3024,3027,77.0,373.43,9e-06,0
3834,line,4167,関西電力送配電 77.0kV線,3024,3025,77.0,373.43,0.000124,0
3835,line,4168,関西電力送配電 77.0kV線,3025,3106,77.0,93.36,0.000265,1
3836,line,4169,松原変電所~安智変電所線,3026,3714,77.0,93.36,0.000509,1
3837,line,4170,松原変電所~男山変電所線,3026,3093,77.0,373.43,7.4e-05,0
3838,line,4171,関西電力送配電 77.0kV線,3027,3747,77.0,186.72,4.9e-05,0
3839,line,4172,長山町変電所~長田野町二丁目変電所線,3027,3690,77.0,560.15,3.7e-05,0
3840,line,4173,松原変電所~男山変電所線,3028,3093,77.0,373.43,0.000123,0
3841,line,4174,関西電力送配電 77.0kV線,3028,3736,77.0,93.36,0.000141,1
3842,line,4175,男山変電所~峰山町菅変電所線,3028,3737,77.0,186.72,0.000323,0
3843,line,4176,峰山町菅変電所~弥栄町鳥取変電所線,3737,3738,77.0,373.43,0.000148,1
3844,line,4177,七日市変電所~新綾部変電所線,3842,3029,77.0,93.36,0.000261,0
3845,line,4178,七日市変電所~升谷変電所線,3029,3051,77.0,186.72,0.000531,0
3846,line,4179,別所町巴変電所~匠台変電所線,3031,3852,275.0,1905.26,4e-06,0
3847,line,4180,別所町巴変電所~匠台変電所線,3031,3766,275.0,1905.26,5e-06,1
3848,line,4181,御着変電所~八幡町下村変電所線,3031,3037,275.0,1905.26,1.9e-05,0
3849,line,4182,長田野町二丁目変電所~福知山変電所線,3032,3801,77.0,373.43,4.1e-05,0
3850,line,4183,丹波市変電所~福知山変電所線,3032,3202,77.0,186.72,3.9e-05,0
3851,line,4184,長田野町二丁目変電所~福知山変電所線,3032,3690,77.0,373.43,5.2e-05,0
3852,line,4185,関西電力送配電 77.0kV線,3801,3130,77.0,93.36,3.6e-05,0
3853,line,4186,長山町変電所~長田野町二丁目変電所線,3747,3690,77.0,93.36,8.2e-05,0
3854,line,4187,須磨支線,3693,3035,77.0,186.72,1.1e-05,1
3855,line,4188,関西電力送配電 77.0kV線,3693,3036,77.0,186.72,1.8e-05,1
3856,line,4189,須磨変電所~関西電力鷹取変電所線,3693,3853,77.0,186.72,9.3e-05,1
3857,line,4190,関西電力送配電 77.0kV線,3693,3033,77.0,373.43,5.5e-05,0
3858,line,4191,須磨変電所~板宿変電所線,3693,3876,77.0,93.36,0.000104,1
3859,line,4192,大蔵谷線;有瀬舞子線,3033,3691,77.0,373.43,0.000123,0
3860,line,4193,大蔵谷線;有瀬舞子線,3034,3692,66.0,68.59,0.000676,0
3861,line,4194,有瀬舞子線,3692,3642,66.0,137.18,0.000262,0
3862,line,4195,御着変電所~八幡町下村変電所線,3037,3040,275.0,1905.26,1.4e-05,0
3863,line,4196,姫路変電所~御着変電所線,3038,3039,275.0,1905.26,4e-06,0
3864,line,4197,城北変電所~姫路変電所線,3038,3042,275.0,952.63,1.1e-05,0
3865,line,4198,姫路変電所~御着変電所線,3039,3040,275.0,1905.26,2.3e-05,0
3866,line,4199,姫路変電所~御着変電所線,3039,3041,275.0,1905.26,2e-05,0
3867,line,4200,関西電力送配電 275.0kV線,3040,3041,275.0,1905.26,1e-05,0
3868,line,4201,関西送電線_220,3042,3827,275.0,1905.26,4e-06,0
3869,line,4202,溝口変電所~城北変電所線,3042,3143,275.0,952.63,1.5e-05,0
3870,line,4203,淀川東線,4016,4212,77.0,93.36,0.000102,0
3871,line,4204,淀川枚方線,4016,3313,77.0,186.72,0.000153,0
3872,line,4205,淀川東線,4212,3043,77.0,93.36,0.000404,0
3873,line,4206,牧野変電所~枚方変電所線,4212,4076,77.0,186.72,6.7e-05,0
3874,line,4207,唐崎支線,3043,3934,77.0,93.36,8e-06,1
3875,line,4208,淀川東線,4015,4211,154.0,1066.94,6e-06,0
3876,line,4210,leadin,3733,3807,154.0,266.74,3.1e-05,1
3877,line,4211,御幣島線,3733,3044,154.0,533.47,2.8e-05,0
3878,line,4212,神崎支線,3044,3662,154.0,533.47,2.2e-05,0
3879,line,4213,御幣島線,3044,3208,154.0,800.21,1.5e-05,1
3880,line,4214,関西送電線_134,3916,3045,77.0,93.36,4.3e-05,1
3881,line,4215,広田東線,3793,3768,77.0,186.72,5.5e-05,0
3882,line,4216,甲東園支線,3768,3763,77.0,186.72,3.1e-05,1
3883,line,4217,広田東線,3768,3764,77.0,186.72,2.9e-05,0
3884,line,4218,広田西線,3764,3791,77.0,186.72,5.4e-05,0
3885,line,4219,網干区大江島変電所~大津区吉美変電所線,3707,3778,77.0,93.36,2.3e-05,0
3886,line,4220,網干区大江島変電所~大津区吉美変電所線,3778,3777,77.0,80.02,2.7e-05,0
3887,line,4221,関西送電線_182,3777,3112,77.0,93.36,2.5e-05,1
3888,line,4222,浜田線,3047,3699,77.0,186.72,2.3e-05,1
3889,line,4223,浜田変電所~御津町釜屋変電所線,3047,3078,77.0,93.36,0.000377,0
3890,line,4224,御津町釜屋変電所~浜田変電所線,3699,3723,77.0,186.72,3.8e-05,1
3891,line,4225,leadin,3700,3048,66.0,137.18,5.8e-05,1
3892,line,4226,新綾部園部線; 八木園部線,3049,3839,77.0,373.43,5.3e-05,1
3893,line,4227,新綾部園部線,3049,3711,77.0,186.72,0.000276,0
3894,line,4228,八木園部線,3049,3134,77.0,186.72,1.2e-05,0
3895,line,4229,新綾部園部線; 八木園部線,3839,3838,77.0,373.43,8e-06,1
3896,line,4230,関西送電線_136,3050,3051,77.0,186.72,5.8e-05,0
3897,line,4231,新綾部園部線,3050,3711,77.0,186.72,0.000336,0
3898,line,4232,関西送電線_233,3050,3840,77.0,93.36,4.9e-05,1
3899,line,4233,関西送電線_240,3051,3166,77.0,93.36,0.000376,1
3900,line,4234,関西送電線_138,3714,3052,77.0,93.36,6.5e-05,1
3901,line,4236,上野変電所~弥栄町鳥取変電所線,3738,3949,77.0,93.36,0.00069,1
3902,line,4237,国府支線,3053,3090,77.0,186.72,4e-06,0
3903,line,4238,豊岡線,3053,3054,77.0,186.72,0.000376,0
3904,line,4239,豊岡線;国府支線,3053,3728,77.0,373.43,1e-05,0
3905,line,4240,久美浜町友重変電所~豊岡変電所線,3054,3731,77.0,93.36,0.000567,0
3906,line,4241,豊岡線,3054,3716,77.0,280.07,4.2e-05,0
3907,line,4242,豊岡支線,3716,3089,77.0,186.72,0.000134,0
3908,line,4243,国府変電所~豊岡変電所線,3716,3783,77.0,186.72,3.6e-05,0
3909,line,4244,豊岡変電所~旭変電所線,3716,3873,77.0,93.36,0.000662,1
3910,line,4246,香住支線,3055,3901,77.0,186.72,0.000186,1
3911,line,4247,温泉線,3055,3802,77.0,186.72,0.000496,0
3912,line,4248,温泉線,3055,3902,77.0,280.07,0.000166,0
3913,line,4249,関西送電線_284,3056,3058,275.0,952.63,0.0,0
3914,line,4250,関西電力送配電 275.0kV線,3056,3694,275.0,3810.51,1e-06,0
3915,line,4251,leadin,3694,3057,275.0,2857.88,1e-06,1
3916,line,4252,関西電力送配電 275.0kV線,3694,3058,275.0,3810.51,1e-06,0
3917,line,4253,関西電力送配電 275.0kV線,3058,3059,275.0,5715.77,2e-06,0
3918,line,4254,関西電力送配電 275.0kV線,3058,3774,275.0,3810.51,1e-06,0
3919,line,4255,関西送電線_223,3059,3830,275.0,3810.51,3e-06,0
3920,line,4256,城西変電所~別所町佐土一丁目変電所線,3060,3061,77.0,373.43,1.1e-05,0
3921,line,4257,飾磨区中島変電所~関西電力 総社変電所線,3060,3110,77.0,373.43,2.9e-05,0
3922,line,4258,関西送電線_255,3061,3185,77.0,93.36,9e-05,1
3923,line,4259,新加古川変電所~別所町佐土一丁目変電所線,3061,3163,77.0,373.43,0.000225,0
3924,line,4260,関西電力送配電 77.0kV線,3640,3063,77.0,186.72,8e-06,1
3925,line,4261,新加古川変電所~西区変電所線,3064,3067,77.0,186.72,1e-05,0
3926,line,4262,別所町巴変電所~匠台変電所線,3064,3852,77.0,186.72,3.2e-05,0
3927,line,4263,新加古川変電所~西区変電所線,3064,3068,77.0,186.72,0.000237,1
3928,line,4264,関西送電線_151,3065,3066,77.0,93.36,2.1e-05,1
3929,line,4265,新加古川変電所~西区変電所線,3065,3689,77.0,186.72,0.000152,0
3930,line,4266,新加古川変電所~西区変電所線,3065,3721,77.0,280.07,7.7e-05,0
3931,line,4267,上滝野変電所~新加古川変電所線,3689,3114,77.0,373.43,0.000104,0
3932,line,4268,関西電力送配電 77.0kV線,3689,3163,77.0,373.43,3.3e-05,0
3933,line,4269,新加古川変電所~西区変電所線,3721,3720,77.0,186.72,0.000147,0
3934,line,4270,新加古川変電所~西区変電所線,3720,3067,77.0,186.72,1.7e-05,0
3935,line,4271,加古川石守線,3860,3886,77.0,186.72,2.3e-05,1
3936,line,4272,加古川石守線,3860,3069,77.0,186.72,7.2e-05,1
3937,line,4273,加古川石守線,3069,3850,77.0,186.72,4.4e-05,1
3938,line,4274,木村橋支線,3069,3932,77.0,186.72,1e-06,1
3939,line,4275,関西電力送配電 77.0kV線,3850,3070,77.0,560.15,1.7e-05,0
3940,line,4276,新加古川変電所~加古川変電所線,3850,3163,77.0,373.43,6.2e-05,0
3941,line,4277,高砂臨海線,3850,3729,77.0,560.15,7e-06,0
3942,line,4278,新島線,3850,3930,77.0,746.86,2.3e-05,0
3943,line,4279,加古川別府線,3702,3175,66.0,137.18,1.8e-05,1
3944,line,4280,新島線;加古川別府線,3702,3929,66.0,68.59,0.000197,0
3945,line,4281,新島線;加古川別府線,3929,3931,66.0,68.59,6.5e-05,0
3946,line,4282,新島線;加古川別府線,3931,3954,66.0,137.18,8.8e-05,0
3947,line,4283,新島線,3701,3174,77.0,746.86,2e-06,1
3948,line,4284,新島線;加古川別府線,3701,3928,77.0,560.15,2.4e-05,0
3949,line,4285,新島線,3701,3071,77.0,560.15,1.9e-05,1
3950,line,4286,新島線;加古川別府線,3928,3930,77.0,560.15,8e-06,0
3951,line,4287,関西電力送配電 77.0kV線,3070,3206,77.0,560.15,1e-05,0
3952,line,4288,関西送電線_288,3070,3215,77.0,93.36,0.000123,1
3953,line,4289,新島変電所~東新島変電所線,3071,3072,77.0,186.72,8.2e-05,1
3954,line,4290,新島線,3071,3848,77.0,373.43,1.8e-05,1
3955,line,4291,leadin,3072,3858,77.0,93.36,7.1e-05,1
3956,line,4292,新島変電所~東新島変電所線,3072,3762,77.0,186.72,3.6e-05,1
3957,line,4293,新島線,3848,3849,77.0,186.72,8e-06,1
3958,line,4294,広畑区蒲田五丁目変電所~西今宿一丁目変電所線,3724,3870,77.0,93.36,6.7e-05,0
3959,line,4295,関西電力送配電 77.0kV線,3073,3074,77.0,373.43,4e-06,0
3960,line,4296,梶原六丁目変電所~高槻変電所線,3073,3171,77.0,93.36,2e-05,0
3961,line,4297,梶原六丁目変電所~高槻変電所線,3073,4161,500.0,533.47,9.9e-05,0
3962,line,4298,関西電力送配電 77.0kV線,3074,3171,77.0,373.43,5e-06,0
3963,line,4299,網干鵤線,3708,3671,66.0,137.18,0.000242,0
3964,line,4300,揖保川町変電所~鵤変電所線,3075,3076,77.0,186.72,0.000103,0
3965,line,4301,関西送電線_152,3075,3077,77.0,186.72,0.00014,1
3966,line,4302,関西送電線_154,3076,3080,77.0,93.36,3e-05,1
3967,line,4303,関西送電線_153,3078,3079,77.0,93.36,0.000605,1
3968,line,4304,二見町東二見変電所~魚住町錦が丘一丁目変電所線,3859,3179,66.0,274.36,7.8e-05,0
3969,line,4305,魚住町錦が丘一丁目変電所~岡変電所線,3859,3824,66.0,68.59,0.000384,0
3970,line,4306,関西送電線_250,3859,3176,66.0,68.59,5.9e-05,1
3971,line,4307,関西送電線_155,3081,3857,275.0,952.63,4e-06,1
3972,line,4308,関西送電線_280,3081,3211,275.0,952.63,1.1e-05,0
3973,line,4321,鵤変電所~関西電力(株) 揖保変電所線,3727,3742,77.0,93.36,0.000428,1
3974,line,4322,本山支線,3082,3105,77.0,186.72,8e-06,0
3975,line,4323,仁川連絡線,3082,3590,77.0,186.72,0.000284,0
3976,line,4325,関西送電線_159,3083,3084,66.0,68.59,0.000611,1
3977,line,4326,関西送電線_276,3084,3210,66.0,68.59,1.2e-05,1
3978,line,4327,関西送電線_277,3084,3085,66.0,68.59,6.1e-05,1
3979,line,4328,関西送電線_161,3085,3086,66.0,68.59,0.000902,1
3980,line,4329,関西送電線_162,3085,3087,66.0,68.59,0.000631,1
3981,line,4330,山崎町変電所~山崎開閉所線,3088,3211,275.0,952.63,5.5e-05,1
3982,line,4331,温泉線,3089,3229,77.0,186.72,0.000172,0
3983,line,4332,温泉線,3089,3902,77.0,186.72,0.000169,1
3984,line,4333,国府支線,3090,3091,77.0,186.72,1e-05,0
3985,line,4334,温泉線,3090,3728,77.0,186.72,2.2e-05,0
3986,line,4335,温泉線,3090,3226,77.0,186.72,0.000271,0
3987,line,4336,国府支線,3091,3092,77.0,186.72,0.000234,0
3988,line,4337,関西電力送配電 77.0kV線,3091,3158,77.0,93.36,0.000406,0
3989,line,4338,国府支線;岩中国府線,3092,3904,77.0,280.07,1.6e-05,0
3990,line,4339,岩中国府線,3092,3223,77.0,93.36,0.00012,1
3991,line,4340,出石変電所~松原変電所線,3093,3109,77.0,93.36,0.000514,0
3992,line,4341,丹波市変電所~山南町山崎変電所線,3094,3095,77.0,186.72,0.000264,0
3993,line,4342,関西送電線_267,3094,3199,77.0,186.72,0.000146,0
3994,line,4343,長田野町二丁目変電所~丹波市変電所線,3094,3203,77.0,186.72,0.000143,0
3995,line,4344,丹波市変電所~山南町山崎変電所線,3095,3096,77.0,186.72,0.000388,0
3996,line,4345,氷上町新郷変電所~柏原町南多田変電所線,3095,3769,77.0,280.07,0.000162,1
3997,line,4346,丹波市変電所~山南町山崎変電所線,3096,3741,77.0,186.72,9.3e-05,1
3998,line,4347,大野変電所~山南町山崎変電所線,3096,3198,77.0,93.36,0.000589,0
3999,line,4348,関西送電線_398,3741,3933,77.0,93.36,4e-05,1
4000,line,4349,生瀬町一丁目変電所~神戸変電所線,3097,3794,275.0,1905.26,6e-06,0
4001,line,4350,関西送電線_167,3097,3098,275.0,952.63,4e-06,1
4002,line,4351,関西送電線_168,3099,3667,500.0,457.26,5.2e-05,1
4003,line,4352,関西送電線_170,3100,3690,77.0,186.72,1.5e-05,1
4004,line,4353,長田野町二丁目変電所~丹波市変電所線,3690,3202,77.0,186.72,0.00011,0
4005,line,4354,氷上町新郷変電所~柏原町南多田変電所線,3748,3769,77.0,80.02,0.000704,1
4006,line,4355,leadin,3631,3913,77.0,186.72,8.4e-05,1
4007,line,4357,関西送電線_175,3101,3102,77.0,93.36,0.000103,1
4008,line,4358,岡変電所~明石変電所明石制御所線,3101,3103,77.0,93.36,0.000285,0
4009,line,4359,岡変電所~明石変電所明石制御所線,3103,3824,66.0,68.59,0.000143,0
4010,line,4360,野谷変電所~岡変電所線,3103,3825,66.0,68.59,0.000281,0
4011,line,4362,嶺南変電所~湖東変電所線,3984,4024,275.0,1905.26,0.000114,0
4012,line,4363,関西電力送配電 275.0kV線,3984,3289,275.0,1905.26,0.000324,1
4013,line,4364,白木一丁目変電所~嶺南変電所線,3984,819,275.0,1905.26,3.8e-05,0
4014,line,4365,広田西線,3104,3105,77.0,186.72,2.2e-05,0
4015,line,4366,甲南線,3104,3120,77.0,186.72,3.3e-05,1
4016,line,4367,広田西線,3105,3910,77.0,186.72,9e-05,0
4017,line,4368,leadin,3105,3624,77.0,186.72,6.8e-05,1
4018,line,4369,広田西線,3910,3791,77.0,186.72,3.9e-05,0
4019,line,4370,関西電力（株）小浜変電所~森変電所線,4130,3107,77.0,93.36,0.001016,0
4020,line,4371,関西電力（株）小浜変電所~森変電所線,3107,3108,66.0,68.59,0.001637,0
4021,line,4372,関西送電線_245,3107,3169,66.0,68.59,0.000919,1
4022,line,4373,関西送電線_405,3108,3874,66.0,68.59,0.00016,1
4023,line,4374,leadin,3589,3744,154.0,533.47,3.9e-05,0
4024,line,4375,出石変電所~松原変電所線,3728,3109,77.0,93.36,0.001527,0
4025,line,4376,関西送電線_179,3109,3771,77.0,93.36,9.8e-05,1
4026,line,4377,姫路市変電所~飾磨区中島変電所線,3773,3775,77.0,93.36,5.2e-05,0
4027,line,4378,関西電力送配電 77.0kV線,3775,3110,77.0,373.43,2.6e-05,0
4028,line,4379,姫路市変電所~飾磨区中島変電所線,3772,3774,275.0,3810.51,1e-06,0
4029,line,4380,関西電力送配電 275.0kV線,3772,3780,275.0,1905.26,2e-06,0
4030,line,4381,飾磨区中島変電所~姫路市変電所線,3774,3780,275.0,3810.51,1e-06,0
4031,line,4382,御着変電所~加古川変電所線,3110,3206,77.0,186.72,0.000306,0
4032,line,4383,姫路市変電所~飾磨区中島変電所線,3110,3781,77.0,373.43,2.9e-05,0
4033,line,4384,西飾磨支線,3111,3709,77.0,373.43,1.8e-05,0
4034,line,4385,関西電力送配電 77.0kV線,3111,3779,77.0,653.5,1.3e-05,0
4035,line,4386,飾磨区細江変電所~姫路市変電所線,3779,3781,77.0,653.5,7e-06,0
4036,line,4388,上滝野変電所~新加古川変電所線,3113,3114,77.0,373.43,0.000126,0
4037,line,4389,関西送電線_184,3113,3115,77.0,93.36,4.1e-05,0
4038,line,4390,関西送電線_185,3113,3116,77.0,93.36,0.000139,0
4039,line,4391,新加古川変電所~匠台変電所線,3114,3219,77.0,93.36,0.000265,1
4040,line,4392,関西送電線_186,3115,3118,77.0,93.36,0.000131,1
4041,line,4393,関西送電線_187,3115,3119,77.0,93.36,0.000226,0
4042,line,4394,関西送電線_185,3116,3117,77.0,93.36,6.7e-05,1
4043,line,4395,関西送電線_289,3116,3784,77.0,93.36,0.00028,0
4044,line,4396,関西送電線_291,3116,3216,77.0,93.36,0.000417,1
4045,line,4397,関西送電線_189,3119,3784,77.0,93.36,9.5e-05,0
4046,line,4398,加美区西脇変電所~上滝野変電所線,3119,3194,77.0,93.36,0.000346,0
4047,line,4399,上滝野変電所~北条町東南変電所線,3119,3195,77.0,93.36,0.000562,0
4048,line,4400,西脇変電所~上滝野変電所線,3784,3585,77.0,186.72,0.000147,0
4049,line,4402,関西送電線_191,3121,3945,77.0,93.36,0.00021,1
4050,line,4403,神戸変電所~生田町一丁目変電所線,3121,3145,77.0,93.36,0.000114,0
4051,line,4404,神戸変電所~生田町一丁目変電所線,3121,3146,77.0,93.36,0.000137,0
4052,line,4405,関西電力送配電 77.0kV線,3122,3147,77.0,93.36,1e-06,0
4053,line,4406,割塚通二丁目変電所~生田町一丁目変電所線,3122,3123,77.0,93.36,8.9e-05,0
4054,line,4407,関西電力送配電 77.0kV線,3122,3148,77.0,373.43,2e-05,0
4055,line,4408,西日本旅客鉄道 77.0kV線,3123,3124,77.0,93.36,2.3e-05,0
4056,line,4409,南灘連絡線,3124,3152,77.0,373.43,1e-05,1
4057,line,4410,関西送電線_197,3125,3795,77.0,93.36,4.8e-05,1
4058,line,4411,神戸変電所~生田町一丁目変電所線,3795,3145,77.0,93.36,0.000133,0
4059,line,4412,鳴子一丁目変電所~神戸変電所線,3795,3149,77.0,186.72,0.000131,0
4060,line,4413,関西送電線_199,3794,3126,275.0,952.63,1e-06,1
4061,line,4414,関西電力送配電 77.0kV線,3127,3712,77.0,93.36,0.000195,0
4062,line,4415,福知山変電所~和田山町玉置変電所線,3127,3128,77.0,93.36,0.000191,0
4063,line,4416,福知山変電所~和田山町玉置変電所線,3127,3884,77.0,93.36,0.00035,0
4064,line,4417,関西電力送配電 77.0kV線,3128,3130,77.0,93.36,6.6e-05,0
4065,line,4418,関西電力送配電 77.0kV線,3128,3131,77.0,93.36,0.000143,1
4066,line,4419,福知山変電所~和田山町玉置変電所線,3884,3129,77.0,93.36,0.000981,0
4067,line,4420,和田山町玉置変電所~和田山町竹田変電所線,3129,3846,77.0,93.36,0.000123,0
4068,line,4421,和田山町玉置変電所~出石変電所線,3129,3158,77.0,93.36,0.000427,0
4069,line,4422,福知山変電所~丹波市変電所線,3130,3203,77.0,93.36,0.00025,0
4070,line,4423,温泉線;温泉矢田川線,3802,3899,77.0,280.07,7e-06,0
4071,line,4424,神戸変電所~新神戸変電所線,3595,3593,275.0,1905.26,1e-06,0
4072,line,4425,関西送電線_203,3899,3132,77.0,93.36,0.000617,1
4073,line,4430,福崎支線,3133,3861,77.0,186.72,7.9e-05,1
4074,line,4431,北条町東南変電所~福崎変電所線,3133,3813,77.0,186.72,0.000164,0
4075,line,4432,福崎変電所~溝口変電所線,3133,3811,77.0,373.43,4.3e-05,0
4076,line,4433,関西送電線_262,3813,3195,77.0,93.36,0.000178,0
4077,line,4434,関西送電線_204,3134,3135,77.0,93.36,3e-05,1
4078,line,4435,八木園部線,3134,3814,77.0,186.72,0.000135,0
4079,line,4436,西京都八木線,3814,3136,77.0,186.72,0.00016,0
4080,line,4437,西京都八木線,3136,3137,77.0,186.72,0.000187,0
4081,line,4438,亀岡支線,3136,3815,77.0,186.72,0.000102,1
4082,line,4439,西京都八木線,3137,3138,77.0,186.72,0.000103,0
4083,line,4440,馬堀支線,3137,3816,77.0,186.72,2.6e-05,1
4084,line,4441,西京都八木線,3138,4039,77.0,186.72,9e-05,0
4085,line,4442,大枝西長町変電所~西京都変電所線,3138,3637,77.0,93.36,0.000171,0
4086,line,4443,leadin,3139,3950,77.0,93.36,9.2e-05,1
4087,line,4444,古川橋味生線,3139,3948,77.0,186.72,5.2e-05,0
4088,line,4445,leadin,3948,3951,77.0,93.36,7.8e-05,1
4089,line,4446,古川橋味生線,3948,3756,77.0,186.72,1.8e-05,0
4090,line,4447,小松線,3705,3704,77.0,186.72,1.9e-05,0
4091,line,4448,小松線,3704,3863,77.0,186.72,3.9e-05,0
4092,line,4449,小松支線,3863,3862,77.0,186.72,8e-06,1
4093,line,4450,末広支線,3863,3943,77.0,186.72,4e-05,1
4094,line,4454,新生駒野江線;古川橋意岐部線;茨田浜線,3898,3866,77.0,93.36,7.2e-05,0
4095,line,4455,新生駒野江線;古川橋意岐部線;茨田浜線,3866,3823,77.0,93.36,6.7e-05,0
4096,line,4456,茨田浜線,3823,3790,77.0,186.72,1.5e-05,0
4097,line,4457,古川橋意岐部線,3823,3893,77.0,186.72,2.9e-05,0
4098,line,4458,新生駒野江線;古川橋意岐部線;茨田浜線,3897,3865,154.0,1600.41,3e-06,0
4099,line,4459,新生駒野江線;古川橋意岐部線;茨田浜線,3865,3822,154.0,1600.41,3e-06,0
4100,line,4460,新生駒野江線,3822,3789,154.0,533.47,4e-06,0
4101,line,4461,東リ線,3141,3882,66.0,68.59,5.4e-05,1
4102,line,4462,溝口変電所~城北変電所線,3142,3143,275.0,952.63,2.2e-05,0
4103,line,4463,溝口変電所~山崎町変電所線,3142,3211,275.0,1905.26,3.2e-05,0
4104,line,4464,関西電力送配電 275.0kV線,3142,3144,275.0,952.63,2e-06,0
4105,line,4465,関西送電線_256,3143,3186,275.0,952.63,1e-05,0
4106,line,4466,関西送電線_218,3810,3144,275.0,1905.26,4e-06,0
4107,line,4467,溝口変電所~福崎変電所線,3144,3190,275.0,1905.26,3.4e-05,0
4108,line,4468,関西送電線_221,3829,3198,77.0,93.36,9.6e-05,1
4109,line,4469,関西送電線_400,3829,3233,77.0,93.36,0.000172,1
4110,line,4470,神戸変電所~生田町一丁目変電所線,3146,3147,77.0,93.36,1.4e-05,0
4111,line,4471,神戸港線,3147,3156,77.0,186.72,3.5e-05,0
4112,line,4472,神戸港線,3148,3156,77.0,186.72,4e-06,0
4113,line,4473,神戸港線;上筒井線,3148,3157,77.0,560.15,0.0,1
4114,line,4475,関西電力送配電 77.0kV線,3149,3832,77.0,93.36,5.4e-05,1
4115,line,4476,梶原六丁目変電所~淀川変電所線,4161,4013,500.0,13856.41,0.0,0
4116,line,4477,南灘連絡線2L,3152,3154,77.0,186.72,0.0,0
4117,line,4478,南灘支線,3152,3153,77.0,186.72,0.0,0
4118,line,4479,kansai_line_1233,3152,3155,77.0,93.36,2e-06,0
4119,line,4480,南灘支線2L,3153,3155,77.0,93.36,1e-06,0
4120,line,4481,南灘支線1L,3153,3154,77.0,93.36,1e-06,0
4121,line,4482,kansai_line_1236,3154,3155,77.0,93.36,1e-06,0
4122,line,4483,leadin,3156,3684,77.0,93.36,4.9e-05,1
4123,line,4484,出石変電所~上野変電所線,3158,3159,77.0,186.72,0.000196,0
4124,line,4485,和田山町玉置変電所~上野変電所線,3159,3846,77.0,186.72,0.000259,0
4125,line,4486,関西送電線_304,3159,3222,77.0,373.43,1.5e-05,1
4126,line,4487,和田山町竹田変電所~生野町真弓変電所線,3160,3836,77.0,93.36,0.001017,0
4127,line,4488,関西送電線_229,3160,3837,77.0,93.36,6.8e-05,0
4128,line,4489,関西送電線_230,3160,3161,77.0,93.36,0.00038,1
4129,line,4490,生野町真弓変電所~加美区西脇変電所線,3836,3192,77.0,93.36,0.000861,0
4130,line,4491,和田山町玉置変電所~和田山町竹田変電所線,3837,3846,77.0,186.72,0.000178,0
4131,line,4493,関西送電線_235,3842,3164,77.0,93.36,9.9e-05,1
4132,line,4494,leadin,3886,3213,77.0,280.07,2.1e-05,1
4133,line,4495,新寝屋川変電所~香里変電所線,3167,3168,77.0,93.36,0.000116,1
4134,line,4496,新寝屋川変電所~古川橋変電所線,3167,4205,77.0,373.43,2.4e-05,0
4135,line,4497,新寝屋川変電所~古川橋変電所線,3167,3939,77.0,373.43,2.5e-05,0
4136,line,4498,leadin,3168,3800,77.0,93.36,4.6e-05,1
4137,line,4499,leadin,3168,3947,77.0,93.36,4.5e-05,1
4138,line,4500,新寝屋川変電所~香里変電所線,3168,3799,77.0,93.36,6.8e-05,1
4139,line,4501,leadin,3799,3955,77.0,93.36,7.9e-05,1
4140,line,4502,関西送電線_246,3170,4108,77.0,93.36,5.8e-05,0
4141,line,4503,牧野変電所~高槻変電所線,4212,3854,77.0,93.36,0.000208,0
4142,line,4504,関西電力送配電 77.0kV線,4108,4163,77.0,93.36,4.1e-05,0
4143,line,4505,leadin,4108,4107,77.0,93.36,1.3e-05,1
4144,line,4506,五十鈴町変電所~関西電力送配電 富田変電所線,3649,3975,154.0,133.37,0.000133,0
4145,line,4507,関西送電線_293,3974,3719,77.0,93.36,0.000164,0
4146,line,4508,意岐部友井線,3655,3657,77.0,280.07,9e-06,0
4147,line,4509,古川橋意岐部線;春宮線,3655,3894,77.0,373.43,2.1e-05,0
4148,line,4510,意岐部友井線,3657,3914,77.0,186.72,4.3e-05,1
4149,line,4511,意岐部友井線,3914,3173,77.0,186.72,1.4e-05,1
4150,line,4512,意岐部友井線,3173,3872,77.0,186.72,1.1e-05,1
4151,line,4513,leadin,3173,3746,77.0,93.36,0.000132,1
4152,line,4514,関西送電線_250,3176,3177,66.0,68.59,6.1e-05,1
4153,line,4515,魚住町錦が丘一丁目変電所~西大久保変電所線,3176,3178,66.0,68.59,0.000108,1
4154,line,4516,関西送電線_251,3179,3180,66.0,137.18,7e-05,1
4155,line,4517,別府変電所~二見町東二見変電所線,3179,3701,77.0,320.08,6.7e-05,0
4156,line,4518,加古川別府線,3954,3730,66.0,68.59,5.3e-05,0
4157,line,4519,高砂臨海線,3730,3851,66.0,68.59,5.8e-05,0
4158,line,4520,加古川別府線,3953,3729,77.0,280.07,1.3e-05,0
4159,line,4521,namebind,3953,3181,77.0,93.36,0.000191,0
4160,line,4522,関西電力送配電 77.0kV線,3729,3181,77.0,373.43,1.1e-05,0
4161,line,4523,関西電力送配電 77.0kV線,3181,3182,77.0,373.43,2.1e-05,1
4162,line,4526,関西送電線_257,3186,3188,275.0,952.63,1e-06,1
4163,line,4527,関西送電線_256,3186,3187,275.0,952.63,2e-06,1
4164,line,4528,関西送電線_257,3186,3189,275.0,952.63,3e-06,0
4165,line,4529,城東溝口線,3189,3828,66.0,137.18,0.000228,0
4166,line,4530,城東溝口線,3189,3812,66.0,137.18,0.000214,0
4167,line,4531,城東溝口線,3831,3828,66.0,137.18,0.000155,0
4168,line,4532,溝口支線,3812,3190,275.0,137.18,0.000679,0
4169,line,4533,関西送電線_259,3190,3191,275.0,285.79,2e-05,1
4170,line,4534,関西送電線_260,3192,3847,77.0,93.36,6.4e-05,1
4171,line,4535,加美区西脇変電所~上滝野変電所線,3192,3193,77.0,93.36,0.000402,0
4172,line,4536,加美区西脇変電所~上滝野変電所線,3193,3194,77.0,93.36,0.000409,0
4173,line,4537,関西送電線_263,3193,3584,77.0,93.36,3.1e-05,1
4174,line,4538,関西送電線_264,3194,3197,77.0,93.36,7.5e-05,0
4175,line,4539,関西送電線_261,3195,3196,77.0,93.36,0.000105,1
4176,line,4540,西脇変電所~大野変電所線,3197,3198,77.0,93.36,0.000125,0
4177,line,4541,西脇変電所~上滝野変電所線,3197,3585,77.0,186.72,1.5e-05,0
4178,line,4542,関西送電線_268,3199,3200,77.0,93.36,0.000198,1
4179,line,4543,関西送電線_302,3199,3201,77.0,93.36,7.3e-05,0
4180,line,4544,丹波市変電所~福知山変電所線,3201,3883,77.0,186.72,1.6e-05,0
4181,line,4545,関西送電線_270,3201,3204,77.0,93.36,0.00019,1
4182,line,4546,丹波市変電所~福知山変電所線,3883,3202,77.0,186.72,0.000115,0
4183,line,4547,長田野町二丁目変電所~丹波市変電所線,3202,3203,77.0,186.72,4.2e-05,0
4184,line,4549,関西電力送配電 77.0kV線,3206,3207,77.0,466.79,1e-06,1
4185,line,4551,和坂変電所~明石変電所明石制御所線,3887,3641,77.0,640.17,1.1e-05,1
4186,line,4552,関西送電線_287,3887,3214,66.0,137.18,4.8e-05,1
4187,line,4555,leadin,3208,3972,154.0,266.74,2e-05,1
4188,line,4556,御幣島線,3208,3209,154.0,533.47,4e-06,1
4189,line,4557,leadin,3209,3971,154.0,266.74,2.5e-05,1
4190,line,4558,御幣島線,3209,3677,154.0,533.47,4.9e-05,1
4191,line,4559,関西送電線_291,3216,3218,77.0,93.36,1.2e-05,1
4192,line,4560,関西送電線_290,3216,3217,77.0,93.36,2e-05,1
4193,line,4561,久美浜町友重変電所~峰山町菅変電所線,3731,3737,77.0,93.36,0.000945,0
4194,line,4562,鳥飼八町一丁目変電所~関西電力送配電 鳥飼変電所線,3964,3220,154.0,2400.62,1e-06,1
4195,line,4563,酉島変電所~春日出北一丁目変電所線,3221,3917,154.0,266.74,2.9e-05,1
4196,line,4564,leadin,3221,3808,154.0,266.74,1.3e-05,1
4197,line,4565,namebind,3221,3956,154.0,1066.94,9e-06,1
4198,line,4566,市場変電所~西屋変電所線,3874,3937,66.0,68.59,0.000142,1
4199,line,4567,市場変電所~西屋変電所線,3937,3938,66.0,68.59,0.000237,1
4200,line,4571,八鹿変電所~上野変電所線,3222,3818,66.0,137.18,0.000139,1
4201,line,4572,関西送電線_305,3222,3835,66.0,68.59,0.000188,1
4202,line,4573,八鹿変電所~上野変電所線,3818,3583,66.0,68.59,2.6e-05,1
4203,line,4574,石井岩中線,3223,3224,66.0,68.59,0.000211,1
4204,line,4575,岩中国府線;石井岩中線,3223,3232,66.0,137.18,4.7e-05,1
4205,line,4576,石井岩中線,3224,3225,66.0,68.59,0.00037,1
4206,line,4577,阿瀬支線,3224,3231,66.0,137.18,1.5e-05,1
4207,line,4578,九日市支線,3226,3804,77.0,186.72,4.1e-05,1
4208,line,4579,温泉線,3226,3229,77.0,186.72,1.2e-05,0
4209,line,4580,矢田川竹野線,3227,3228,66.0,137.18,1e-06,1
4210,line,4581,温泉矢田川線,3228,3803,66.0,68.59,0.000708,0
4211,line,4582,矢田川竹野線,3228,3903,66.0,68.59,0.001798,0
4212,line,4583,leadin,3676,3617,77.0,93.36,8.3e-05,1
4213,line,4584,高津線,3656,3890,154.0,533.47,4e-06,1
4214,line,4585,今津町支線,3893,3869,77.0,186.72,3.5e-05,1
4215,line,4586,古川橋意岐部線,3893,3894,77.0,186.72,1.6e-05,0
4216,line,4587,稲田支線,3894,3895,77.0,186.72,1.9e-05,1
4217,line,4588,春宮線,3894,3896,77.0,186.72,3.1e-05,1
4218,line,4589,新生駒野江線,3789,3867,154.0,533.47,8e-06,1
4219,line,4590,新生駒野江線,3867,3924,154.0,533.47,1.8e-05,0
4220,line,4591,温泉線;温泉矢田川線,3803,3900,66.0,68.59,3e-05,0
4221,line,4592,国府変電所~豊岡変電所線,3229,3904,77.0,186.72,0.000147,0
4222,line,4593,国府変電所~豊岡変電所線,3229,3783,77.0,186.72,9.3e-05,0
4223,line,4594,国府支線;岩中国府線,3230,3905,66.0,137.18,2.4e-05,1
4224,line,4596,leadin,3677,3969,154.0,266.74,5.3e-05,1
4225,line,4597,長尾山線,3915,3834,66.0,137.18,0.000192,1
4226,line,4598,新寝屋川枚方線,4205,3986,77.0,373.43,2.9e-05,0
4227,line,4599,大宮通四丁目変電所~関西電力 橋波変電所線,3926,3946,77.0,93.36,3.6e-05,1
4228,line,4600,leadin,3926,3864,77.0,93.36,0.000112,1
4229,line,4601,大宮通四丁目変電所~野江電力所線,3926,3868,77.0,186.72,7.6e-05,1
4230,line,4602,大宮通四丁目変電所~野江電力所線,3868,3925,77.0,186.72,8e-05,0
4231,line,4603,関西送電線_402,3682,3234,77.0,186.72,2.7e-05,1
4232,line,4604,関西送電線_404,3956,3235,154.0,266.74,8e-06,1
4233,line,4605,八鹿変電所~上野変電所線,3583,3236,66.0,68.59,0.001262,1
4234,line,4606,新長浜変電所~湖東変電所線,4,4026,77.0,186.72,0.000275,0
4235,line,4607,湖東新長浜線,2098,4026,77.0,373.43,2e-05,0
4236,line,4608,大和起線,3237,1361,77.0,93.36,0.000328,1
4237,line,4609,関西幹線,3989,4086,154.0,1066.94,1.2e-05,0
4238,line,4610,関西幹線;櫟本線,3238,4087,77.0,93.36,0.000173,0
4239,line,4611,奈良東線;新奈良奈良連絡線,3238,4088,77.0,280.07,8.3e-05,0
4240,line,4612,関西幹線,4086,283,154.0,1600.41,0.000229,0
4241,line,4613,平群支線,3239,3245,77.0,186.72,1.8e-05,1
4242,line,4614,leadin,3239,4082,77.0,93.36,5.5e-05,1
4243,line,4615,新生駒富雄線,3239,4145,77.0,373.43,7.8e-05,1
4244,line,4616,高の原変電所~木津変電所線,4126,4206,77.0,186.72,6e-06,1
4245,line,4617,新生駒木津線,4126,3240,77.0,186.72,0.000114,0
4246,line,4618,平城木津線,4126,3288,77.0,186.72,8.4e-05,0
4247,line,4619,leadin,3240,4069,77.0,93.36,4.4e-05,1
4248,line,4620,新生駒木津線,3240,4145,77.0,186.72,0.000133,0
4249,line,4621,新生駒富雄線,4145,3996,77.0,186.72,1.2e-05,0
4250,line,4622,北一宮加納線 (Kita Ichinomiya Kanō Sen),1399,3241,154.0,533.47,5.7e-05,1
4251,line,4623,北一宮加納線 (Kita Ichinomiya Kanō Sen),3998,1415,154.0,533.47,1.2e-05,0
4252,line,4624,西濃加納線,3998,1409,154.0,1066.94,1.5e-05,0
4253,line,4625,山城東線,4012,4001,500.0,6928.2,2.6e-05,0
4254,line,4626,東近江開閉所~三重開閉所線,4012,4011,500.0,6928.2,1.1e-05,0
4255,line,4627,西浅井町塩津浜変電所~東近江開閉所線,4012,3983,500.0,10392.3,3.4e-05,0
4256,line,4628,leadin,3242,4000,154.0,266.74,2.8e-05,1
4257,line,4629,高島線,3242,3243,154.0,533.47,2.9e-05,0
4258,line,4630,leadin,3243,4174,154.0,266.74,2.2e-05,1
4259,line,4631,高島線,3243,4111,154.0,533.47,5.5e-05,0
4260,line,4632,関西送電線_564,4111,3291,154.0,266.74,1e-05,0
4261,line,4633,宇治市変電所~喜撰山開閉所線,4111,3269,154.0,266.74,6.2e-05,0
4262,line,4634,明星町四丁目変電所~宇治市変電所線,4111,3250,154.0,266.74,4.8e-05,0
4263,line,4635,南京都線,4002,4113,275.0,3810.51,1.2e-05,0
4264,line,4636,甲賀線,4002,4027,275.0,1905.26,6.4e-05,0
4265,line,4637,喜撰山線,4002,4154,275.0,1905.26,9e-06,0
4266,line,4638,南京都線,4113,4158,275.0,1905.26,3e-06,0
4267,line,4639,東大阪線,4035,3246,275.0,1905.26,1.2e-05,0
4268,line,4640,南京都横大路線,4127,4059,154.0,533.47,1.6e-05,0
4269,line,4641,伏見向島変電所~明星町四丁目変電所線,4127,3250,154.0,533.47,3.6e-05,0
4270,line,4642,南京都横大路線,4059,4040,154.0,533.47,2e-06,0
4271,line,4643,leadin,4054,2489,275.0,952.63,6e-06,0
4272,line,4644,西部西濃線,4054,56,275.0,3810.51,3e-06,0
4273,line,4645,西部西濃線,4054,4004,275.0,1905.26,1.7e-05,0
4274,line,4646,西部西濃線,56,4010,275.0,3810.51,2.2e-05,0
4275,line,4647,中部電力パワーグリッド 154.0kV線,57,4005,154.0,1600.41,4e-06,0
4276,line,4648,関西送電線_421,57,4197,154.0,800.21,2.4e-05,0
4277,line,4649,西濃加納線,4005,240,154.0,1066.94,1.7e-05,0
4278,line,4650,横大路洞ヶ峠線,4060,4041,77.0,186.72,9e-06,0
4279,line,4651,木幡変電所~横大路三栖池田屋敷町変電所線,4060,4094,77.0,186.72,0.000135,1
4280,line,4652,宇治線,4060,4128,77.0,186.72,6.5e-05,0
4281,line,4653,横大路洞ヶ峠線,4060,4176,77.0,186.72,3.2e-05,0
4282,line,4654,北方開閉所 (Kitakata Kaiheisho)~下大榑新田変電所線,4047,4218,154.0,533.47,5.5e-05,0
4283,line,4655,東海幹線,4047,4055,154.0,533.47,9.1e-05,0
4284,line,4656,関西電力送配電 154.0kV線,4047,95,154.0,533.47,2e-05,0
4285,line,4657,北方開閉所 (Kitakata Kaiheisho)~山県市変電所線,4047,2508,154.0,533.47,0.000335,0
4286,line,4658,中勢亀山線,4218,311,154.0,533.47,0.000368,0
4287,line,4659,東海幹線,4055,58,154.0,533.47,1.2e-05,0
4288,line,4660,青野町変電所~荒尾町変電所線,58,4043,154.0,266.74,1.9e-05,0
4289,line,4661,東海幹線,60,4025,154.0,533.47,6e-06,0
4290,line,4662,加納変電所 (Kanō Hendensho)~本荘中ノ町一丁目変電所線,3997,361,275.0,1905.26,7e-06,0
4291,line,4663,日置江八丁目変電所~野白新田変電所線,4219,1414,77.0,93.36,0.000165,0
4292,line,4664,野白新田変電所~穂積変電所線,4219,1410,77.0,186.72,0.000144,0
4293,line,4665,関西送電線_840,4197,1239,154.0,533.47,1e-06,0
4294,line,4666,namebind,62,4102,154.0,266.74,8.8e-05,0
4295,line,4667,揖斐変電所~西濃変電所線,62,4195,154.0,1333.68,1.7e-05,0
4296,line,4668,丸山幹線,3244,4008,275.0,1905.26,3.4e-05,1
4297,line,4669,丸山幹線,4008,1985,275.0,1905.26,4e-06,0
4298,line,4670,下土居二丁目変電所~御望変電所線,4008,359,275.0,1905.26,7e-06,0
4299,line,4671,丸山幹線,1985,4101,275.0,1905.26,2e-06,0
4300,line,4672,丸山幹線,4101,4027,275.0,2857.88,0.000103,0
4301,line,4673,三橋一丁目変電所~北方開閉所 (Kitakata Kaiheisho)線,4103,63,77.0,186.72,0.000104,0
4302,line,4674,三橋一丁目変電所~上保変電所線,4103,1986,77.0,186.72,0.000266,0
4303,line,4675,leadin,63,4048,77.0,93.36,9.4e-05,0
4304,line,4676,三重開閉所~西部変電所線,4009,4011,500.0,6928.2,3e-06,0
4305,line,4677,西部幹線,4009,193,500.0,13856.41,1.7e-05,0
4306,line,4678,山県市変電所~揖斐変電所線,65,4194,500.0,6928.2,7e-06,0
4307,line,4679,下大榑新田変電所~西名古屋変電所線,1562,4018,154.0,266.74,0.00036,0
4308,line,4680,leadin,3245,3992,77.0,93.36,0.00013,1
4309,line,4681,leadin,3245,3981,77.0,186.72,0.000246,1
4310,line,4682,淀川変電所~新生駒 変電所線,4013,4210,500.0,6928.2,1e-06,0
4311,line,4683,leadin,4210,4209,500.0,3464.1,0.0,1
4312,line,4684,淀川変電所~新生駒 変電所線,4210,4075,500.0,6928.2,1e-06,0
4313,line,4685,淀川変電所~新生駒 変電所線,4075,4034,500.0,6928.2,3e-06,0
4314,line,4686,新寝屋川支線,3246,4204,275.0,1905.26,9e-06,0
4315,line,4687,三岐幹線,4011,3247,500.0,6928.2,5.2e-05,0
4316,line,4688,関西電力送配電 154.0kV線,3248,94,154.0,533.47,0.000614,1
4317,line,4689,西名古屋変電所~西部変電所線,4010,4017,275.0,1905.26,3.8e-05,0
4318,line,4690,西尾張~西部変電所線,4010,4020,275.0,1905.26,4.2e-05,0
4319,line,4691,六地蔵変電所~本巣市変電所線,1334,4032,275.0,1905.26,2.2e-05,0
4320,line,4692,六地蔵変電所~本巣市変電所線,96,3249,275.0,1905.26,0.000258,1
4321,line,4693,甲賀変電所~蜂屋変電所線,96,4027,275.0,1905.26,1.7e-05,0
4322,line,4694,西尾張~海部開閉所線,4021,1720,154.0,266.74,8.5e-05,0
4323,line,4695,関西幹線,4021,1596,154.0,533.47,8.1e-05,0
4324,line,4696,関西幹線,4021,147,154.0,533.47,5.6e-05,0
4325,line,4697,西尾張稲沢線,4021,365,154.0,1066.94,2.1e-05,0
4326,line,4698,海部開閉所~学戸六丁目変電所線,1720,1503,154.0,533.47,9e-05,0
4327,line,4699,西尾張~海部開閉所線,4020,1719,275.0,3810.51,6e-06,0
4328,line,4700,西尾張~西名古屋変電所線,4020,100,275.0,952.63,4.2e-05,0
4329,line,4701,namebind,1719,4052,275.0,952.63,5.6e-05,0
4330,line,4702,中部電力パワーグリッド 275.0kV線,98,4017,275.0,952.63,1.3e-05,0
4331,line,4703,西尾張~西名古屋変電所線,100,4017,275.0,4763.14,0.0,0
4332,line,4704,大字縄生変電所~長深変電所線,4017,1507,275.0,3810.51,1.1e-05,0
4333,line,4705,喜撰山開閉所~明星町四丁目変電所線,3250,3268,154.0,266.74,6.2e-05,0
4334,line,4706,関西送電線_424,3251,4057,154.0,266.74,2.6e-05,0
4335,line,4707,明星町四丁目変電所~喜撰山開閉所線,3251,3252,154.0,266.74,9.1e-05,0
4336,line,4708,明星町四丁目変電所~宇治市変電所線,3251,3290,154.0,266.74,2e-05,0
4337,line,4709,南京都新八幡線,3252,4031,154.0,266.74,4.8e-05,0
4338,line,4710,南京都新八幡線,3252,3269,154.0,266.74,3.7e-05,0
4339,line,4711,飛島七宝線 (Tobishima Shippō Sen),106,801,154.0,1066.94,1.6e-05,0
4340,line,4712,namebind,1504,4023,77.0,373.43,0.000185,0
4341,line,4713,namebind,1507,4062,275.0,3810.51,9e-06,0
4342,line,4714,関西電力送配電 77.0kV線,4063,146,77.0,186.72,6.8e-05,0
4343,line,4715,富田変電所~大協町二丁目変電所線,4063,2053,77.0,186.72,0.000242,0
4344,line,4716,大字東金井変電所~富田変電所線,4063,416,77.0,186.72,0.000146,0
4345,line,4717,西名古屋変電所~大協町二丁目変電所線,147,4018,154.0,1066.94,1.3e-05,0
4346,line,4718,関西幹線,4018,282,154.0,533.47,3e-06,0
4347,line,4719,西名古屋変電所~大協町二丁目変電所線,4018,148,154.0,1066.94,2.7e-05,0
4348,line,4720,関西幹線,4018,283,154.0,533.47,5.5e-05,0
4349,line,4721,垂坂町変電所~北勢変電所 (Hokusei Hendensho)線,4053,310,154.0,266.74,3.5e-05,0
4350,line,4722,南勢北勢線,4053,316,154.0,266.74,0.000186,0
4351,line,4723,北勢変電所 (Hokusei Hendensho)~楠町北一色変電所線,4053,149,154.0,1066.94,2.9e-05,0
4352,line,4724,関西送電線_426,4053,158,154.0,1066.94,6e-06,0
4353,line,4725,新鈴鹿河芸線,150,4066,77.0,186.72,9.6e-05,0
4354,line,4726,新鈴鹿河芸線,151,4065,77.0,373.43,0.000171,0
4355,line,4727,新鈴鹿河芸線,4066,153,77.0,186.72,0.000195,0
4356,line,4728,八乙女変電所~嶺南変電所線,3253,3983,500.0,6928.2,4.2e-05,1
4357,line,4729,色浜変電所~嶺南変電所線,3983,2246,500.0,6928.2,1.4e-05,0
4358,line,4730,namebind,3983,4133,500.0,6928.2,1.3e-05,0
4359,line,4731,正法寺変電所~湖東変電所線,173,4025,154.0,1066.94,2e-06,0
4360,line,4732,正法寺変電所~湖東変電所線,4025,180,154.0,266.74,0.000106,0
4361,line,4733,日野町変電所~東八日市変電所線,185,4118,77.0,93.36,0.000425,0
4362,line,4734,甲賀変電所~高松町変電所線,4027,4092,275.0,952.63,3e-06,0
4363,line,4735,甲賀変電所~蜂屋変電所線,3254,4217,154.0,1066.94,6e-06,0
4364,line,4736,西部幹線,193,3334,500.0,6928.2,1.3e-05,1
4365,line,4737,東海旅客鉄道 154.0kV線,3255,3256,154.0,266.74,1.3e-05,0
4366,line,4738,膳所変電所~湖南変電所線,3255,3259,154.0,266.74,1.3e-05,0
4367,line,4739,膳所変電所~湖南変電所線,3255,3260,154.0,266.74,1.6e-05,0
4368,line,4740,東海旅客鉄道 154.0kV線,3256,3257,154.0,266.74,2.4e-05,0
4369,line,4741,東海旅客鉄道 154.0kV線,3256,3260,154.0,266.74,8e-06,0
4370,line,4742,南京都新八幡線,3257,3264,154.0,533.47,2e-06,0
4371,line,4743,南京都新八幡線,3257,3263,154.0,533.47,1.1e-05,0
4372,line,4744,namebind,4029,3265,154.0,533.47,1.8e-05,1
4373,line,4745,膳所変電所~湖南変電所線,4029,3258,154.0,266.74,1.3e-05,0
4374,line,4746,関西電力送配電 154.0kV線,4029,3259,154.0,266.74,2e-05,0
4375,line,4747,膳所変電所~新山科変電所線,4029,3271,154.0,533.47,2.9e-05,0
4376,line,4748,膳所変電所~湖南変電所線,3258,3259,154.0,266.74,4e-06,0
4377,line,4749,膳所変電所~螢谷変電所線,3258,3264,154.0,266.74,5.2e-05,0
4378,line,4750,膳所変電所~湖南変電所線,3260,4031,154.0,1066.94,8e-06,0
4379,line,4751,leadin,4117,3280,154.0,533.47,7e-06,1
4380,line,4752,南京都新八幡線,4117,3261,154.0,533.47,9e-06,0
4381,line,4753,追分南八丁目変電所~湖南変電所線,4117,3300,154.0,266.74,3.8e-05,0
4382,line,4754,南京都新八幡線,4117,523,154.0,266.74,1.3e-05,0
4383,line,4755,栗東線,4117,4033,154.0,266.74,4.7e-05,0
4384,line,4756,関西送電線_558,4117,3279,154.0,266.74,1.2e-05,0
4385,line,4757,関西電力瀬田変電所~東草津三丁目変電所線,3261,3279,154.0,800.21,5e-06,0
4386,line,4758,南京都新八幡線,3261,3262,154.0,1333.68,1.6e-05,0
4387,line,4759,南京都新八幡線,3262,3263,154.0,533.47,3e-06,0
4388,line,4760,leadin,3262,4083,154.0,266.74,2.2e-05,1
4389,line,4761,膳所変電所~螢谷変電所線,3263,3264,154.0,266.74,2.9e-05,0
4390,line,4762,南京都新八幡線,3264,4031,154.0,533.47,1.4e-05,0
4391,line,4763,追分南八丁目変電所~湖南変電所線,4031,3300,154.0,266.74,0.000128,0
4392,line,4764,新山科変電所~湖南変電所線,4031,3270,154.0,266.74,0.000106,0
4393,line,4765,関西送電線_498,4092,662,154.0,266.74,1.3e-05,0
4394,line,4766,甲賀変電所~柏木変電所線,4028,196,77.0,373.43,4.6e-05,0
4395,line,4767,蹴上支線,3266,3267,154.0,533.47,4e-06,0
4396,line,4768,喜撰山開閉所~日ノ岡一切経谷町変電所線,3266,3272,154.0,1066.94,1.1e-05,0
4397,line,4769,蓮池町変電所~新山科変電所線,3266,3275,154.0,1066.94,1.1e-05,0
4398,line,4770,蓮池町変電所~新山科変電所線,3266,3276,154.0,1066.94,2e-06,0
4399,line,4771,蹴上支線,3267,4072,154.0,533.47,2e-05,0
4400,line,4772,新山科変電所~日ノ岡一切経谷町変電所線,3267,3297,154.0,533.47,6e-06,0
4401,line,4773,大津市変電所~蓮池町変電所線,3267,3296,154.0,533.47,0.000139,0
4402,line,4774,蹴上支線,4072,3331,154.0,266.74,2e-05,0
4403,line,4775,喜撰山開閉所~日ノ岡一切経谷町変電所線,3268,3270,154.0,1066.94,3e-05,0
4404,line,4776,関西電力送配電 154.0kV線,3268,3269,154.0,266.74,2.3e-05,0
4405,line,4777,湖南線,4154,4030,275.0,1905.26,1.2e-05,0
4406,line,4778,栗東線,4030,3273,275.0,1905.26,2.1e-05,0
4407,line,4779,湖南変電所~新山科変電所線,4031,3297,154.0,533.47,8.6e-05,0
4408,line,4780,南京都新八幡線,3269,4155,154.0,2133.89,1e-06,0
4409,line,4781,南京都新八幡線,4155,4003,154.0,2133.89,9e-06,0
4410,line,4782,北大和線;南京都奈良線,4003,891,154.0,266.74,0.00017,0
4411,line,4783,喜撰山開閉所~日ノ岡一切経谷町変電所線,3270,3271,154.0,1066.94,2e-06,0
4412,line,4784,新山科変電所~湖南変電所線,3270,3301,154.0,266.74,1.3e-05,0
4413,line,4785,喜撰山開閉所~日ノ岡一切経谷町変電所線,3271,3272,154.0,1066.94,2e-06,0
4414,line,4786,膳所変電所~新山科変電所線,3271,3302,154.0,533.47,5e-06,0
4415,line,4787,梅林二丁目変電所~新山科変電所線,3272,3301,154.0,266.74,1.3e-05,0
4416,line,4788,栗東線,3273,4032,275.0,5715.77,2e-06,0
4417,line,4789,栗東変電所~追分南八丁目変電所線,3273,3322,275.0,952.63,1.2e-05,1
4418,line,4790,栗東変電所~追分南八丁目変電所線,3273,3300,275.0,952.63,4e-06,0
4419,line,4791,蓮池町変電所~新山科変電所線,3274,3275,77.0,373.43,3e-06,0
4420,line,4792,松ヶ崎線,3274,3987,77.0,186.72,0.000191,1
4421,line,4793,堅田線,3274,4170,77.0,373.43,0.000185,0
4422,line,4794,関西送電線_666,3275,3327,66.0,68.59,7.6e-05,1
4423,line,4795,蓮池町変電所~新山科変電所線,3276,3277,154.0,533.47,4e-05,0
4424,line,4796,蹴上線,3276,4073,77.0,186.72,9.8e-05,0
4425,line,4797,膳所変電所~新山科変電所線,3277,3302,154.0,533.47,0.0,0
4426,line,4798,新山科変電所~湖南変電所線,3277,3301,154.0,266.74,1e-06,0
4427,line,4799,関西電力送配電 154.0kV線,3278,4144,154.0,266.74,1.8e-05,0
4428,line,4800,関西電力送配電 154.0kV線,3995,4144,154.0,3200.83,0.0,0
4429,line,4801,関西送電線_685,4045,1040,66.0,137.18,1e-05,0
4430,line,4802,関西送電線_686,4045,1042,66.0,68.59,3.6e-05,0
4431,line,4803,関西送電線_875,4045,1312,66.0,137.18,2.7e-05,0
4432,line,4804,関ケ原町変電所~青野町変電所線,4045,198,66.0,68.59,0.000308,0
4433,line,4805,関西送電線_685,4045,1041,66.0,137.18,4.2e-05,0
4434,line,4806,関ケ原町変電所~青野町変電所線,198,4043,154.0,114.32,0.000297,0
4435,line,4807,関西電力瀬田変電所~東草津三丁目変電所線,3279,4150,154.0,800.21,6e-06,0
4436,line,4808,関西送電線_554,4150,3318,154.0,1600.41,3e-06,0
4437,line,4809,蜂屋変電所~東草津三丁目変電所線,4150,4216,154.0,1066.94,1e-05,0
4438,line,4810,関西幹線,3281,2451,154.0,533.47,0.000176,1
4439,line,4811,岩倉稲沢線,3282,256,154.0,1600.41,1.7e-05,1
4440,line,4812,向日町男山線,4050,4049,77.0,186.72,0.000119,0
4441,line,4813,向日町男山線,4050,4182,77.0,840.22,1.3e-05,0
4442,line,4814,横大路三栖池田屋敷町変電所~久御山変電所線,4112,4059,154.0,685.89,6.8e-05,1
4443,line,4815,関西電力送配電 77.0kV線,4049,3284,77.0,93.36,3.1e-05,1
4444,line,4816,関西送電線_442,4049,3285,77.0,93.36,2.9e-05,1
4445,line,4817,西院線,4049,4081,77.0,93.36,6.8e-05,0
4446,line,4818,向日町横大路線,4049,4041,77.0,373.43,7.1e-05,0
4447,line,4819,西院線,4049,4078,77.0,373.43,8e-05,1
4448,line,4820,向日町男山線,4182,3283,77.0,186.72,1.8e-05,0
4449,line,4821,横大路洞ヶ峠線,4182,4176,77.0,186.72,0.000123,0
4450,line,4822,横大路洞ヶ峠線,4182,3305,77.0,186.72,8.7e-05,0
4451,line,4823,leadin,3283,4149,77.0,93.36,0.000161,1
4452,line,4824,向日町男山線,3283,4157,77.0,186.72,9.3e-05,0
4453,line,4825,横大路洞ヶ峠線,4157,3305,77.0,186.72,2.7e-05,0
4454,line,4826,横大路洞ヶ峠線,4157,3306,77.0,186.72,2e-05,0
4455,line,4827,男山変電所~枇杷庄変電所線,4157,3313,77.0,186.72,1.8e-05,0
4456,line,4828,伏見向島線,4129,4061,66.0,137.18,8.1e-05,0
4457,line,4829,伏見向島線,4061,4042,66.0,137.18,1.2e-05,0
4458,line,4830,勧進橋東線;横大路勧進橋線,4042,4188,66.0,68.59,8.9e-05,0
4459,line,4831,桂支線,4214,4081,77.0,93.36,2.9e-05,1
4460,line,4832,勧進橋東線;横大路勧進橋線,4041,4187,77.0,746.86,6e-06,0
4461,line,4833,関西送電線_443,286,3287,154.0,533.47,1.7e-05,1
4462,line,4834,中勢亀山線,305,4110,154.0,533.47,0.000179,0
4463,line,4835,大協町二丁目変電所~赤水町変電所線,309,4165,154.0,266.74,1e-05,0
4464,line,4836,中勢亀山線,4110,891,154.0,533.47,0.000341,0
4465,line,4837,namebind,4056,1412,77.0,93.36,0.000119,0
4466,line,4838,namebind,4056,2088,77.0,186.72,6.9e-05,0
4467,line,4839,小島変電所~赤坂大門三丁目変電所線,4056,2213,77.0,93.36,5e-05,0
4468,line,4840,北部西濃線,2477,4046,275.0,3810.51,1e-06,0
4469,line,4841,柏木変電所~日野町変電所線,373,4118,77.0,186.72,0.00025,0
4470,line,4842,南京都奈良線;平城木津線,3288,4122,77.0,93.36,9.1e-05,0
4471,line,4843,上狛支線,3288,4123,77.0,186.72,7.9e-05,1
4472,line,4844,平城木津線,4122,4068,77.0,186.72,3.7e-05,0
4473,line,4845,南京都奈良線,4121,4067,154.0,533.47,9e-06,0
4474,line,4846,北大和線;南京都奈良線,4121,891,154.0,1066.94,5.5e-05,0
4475,line,4847,leadin,4065,2195,77.0,93.36,0.000103,0
4476,line,4848,新鈴鹿津線,4065,375,77.0,93.36,0.000311,0
4477,line,4849,新鈴鹿変電所~関町小野変電所線,4065,1939,77.0,186.72,9.7e-05,0
4478,line,4850,新鈴鹿壬生野線,4065,379,77.0,93.36,0.00165,0
4479,line,4851,中部電力パワーグリッド 77.0kV線,394,4019,77.0,93.36,0.000157,0
4480,line,4852,新鈴鹿分岐線,429,4064,275.0,952.63,1.3e-05,0
4481,line,4853,木幡変電所~六地蔵変電所線,4022,4094,77.0,373.43,7e-06,1
4482,line,4854,leadin,4022,4070,77.0,93.36,3.2e-05,1
4483,line,4855,木幡新山科線,4094,3316,77.0,186.72,0.000145,1
4484,line,4856,明星町四丁目変電所~宇治市変電所線,3290,3291,154.0,266.74,1e-06,0
4485,line,4857,城陽変電所~宇治市変電所線,3290,3319,154.0,266.74,4.7e-05,1
4486,line,4858,宇治市変電所~久世変電所線,3291,4098,154.0,266.74,5.7e-05,1
4487,line,4859,宇治線,4057,4160,77.0,466.79,1.5e-05,0
4488,line,4860,松ヶ崎線,3987,4191,77.0,93.36,1.7e-05,1
4489,line,4861,北陸幹線,2234,4166,154.0,533.47,0.000117,0
4490,line,4862,北陸幹線,2234,3323,154.0,533.47,0.000196,1
4491,line,4863,追分南八丁目変電所~栗東変電所線,523,4033,154.0,266.74,1.9e-05,0
4492,line,4864,東草津三丁目変電所~追分南八丁目変電所線,523,3318,154.0,266.74,2.4e-05,0
4493,line,4866,高松町変電所~六地蔵変電所線,547,4092,154.0,266.74,5.9e-05,0
4494,line,4867,leadin,4207,4199,77.0,186.72,0.000186,0
4495,line,4871,西日本大和郡山線,3292,3293,77.0,93.36,9e-06,0
4496,line,4872,西日本大和郡山線,3293,4090,77.0,93.36,0.000163,0
4497,line,4873,西日本大和郡山線,4090,4088,77.0,93.36,7e-05,0
4498,line,4874,奈良東線;新奈良奈良連絡線,4088,3294,77.0,280.07,1.9e-05,0
4499,line,4875,奈良東線;新奈良奈良連絡線,4089,4200,66.0,68.59,0.000231,0
4500,line,4876,奈良東線;新奈良奈良連絡線,3294,4199,77.0,280.07,3.7e-05,0
4501,line,4877,leadin,3294,4077,77.0,93.36,0.000197,1
4502,line,4878,大甲線,2125,4093,66.0,137.18,7.9e-05,0
4503,line,4879,大甲線,4093,660,66.0,137.18,0.000144,0
4504,line,4880,namebind,668,4169,154.0,533.47,0.000187,0
4505,line,4881,大津市変電所~蓮池町変電所線,4173,3296,154.0,533.47,7.5e-05,0
4506,line,4882,勝野変電所~大津市変電所線,4173,4179,154.0,266.74,7.3e-05,0
4507,line,4883,関西送電線_658,3296,3324,154.0,266.74,4e-06,0
4508,line,4884,leadin,3297,4120,154.0,266.74,4e-05,1
4509,line,4885,蹴上線,4073,4190,77.0,186.72,1.6e-05,0
4510,line,4886,蹴上線,4190,3332,77.0,93.36,6.2e-05,1
4511,line,4887,leadin,4190,4074,77.0,93.36,0.000122,1
4512,line,4888,JR西日本 33.0kV線,679,3304,66.0,205.77,0.000563,1
4513,line,4889,西日本堅田北小松線,4170,4172,77.0,93.36,3.1e-05,0
4514,line,4890,宇治線,4128,4160,77.0,186.72,9.2e-05,0
4515,line,4891,勧進橋東線;横大路勧進橋線,4188,3298,66.0,68.59,4.3e-05,0
4516,line,4892,勧進橋東線;横大路勧進橋線,3298,4186,66.0,68.59,4.9e-05,0
4517,line,4893,leadin,3298,4007,66.0,68.59,0.000147,1
4518,line,4894,leadin,3298,4193,66.0,68.59,0.000218,1
4519,line,4895,勧進橋東線;横大路勧進橋線,4186,4096,66.0,68.59,0.000128,0
4520,line,4896,丹波橋支線,4187,4153,77.0,93.36,8e-05,1
4521,line,4897,勧進橋東線;横大路勧進橋線,4187,4185,77.0,560.15,8e-06,0
4522,line,4898,勧進橋西線,4187,4095,77.0,186.72,9e-05,0
4523,line,4899,勧進橋東線;横大路勧進橋線,4185,4095,77.0,560.15,1.6e-05,0
4524,line,4900,稲荷支線,4095,4132,77.0,93.36,7.3e-05,1
4525,line,4901,北部西濃線,4004,4046,275.0,3810.51,5e-06,0
4526,line,4902,北部西濃線,712,3299,275.0,3810.51,2.2e-05,1
4527,line,4903,関西送電線_500,4106,2213,77.0,93.36,0.000665,0
4528,line,4904,小島変電所~揖斐変電所線,4106,4196,77.0,93.36,0.0001,0
4529,line,4905,小島変電所~揖斐川町変電所線,4106,2090,77.0,186.72,8.2e-05,0
4530,line,4906,namebind,736,4168,275.0,1905.26,4.8e-05,0
4531,line,4907,関西送電線_505,4053,742,154.0,266.74,3.5e-05,0
4532,line,4908,梅林二丁目変電所~新山科変電所線,3301,3302,154.0,266.74,1e-06,0
4533,line,4909,蜂屋変電所~東草津三丁目変電所線,810,3321,154.0,1066.94,2e-06,0
4534,line,4910,蜂屋変電所~東草津三丁目変電所線,810,3318,154.0,1066.94,3e-06,0
4535,line,4911,東近江開閉所~日野町変電所線,4118,957,77.0,93.36,0.000532,0
4536,line,4912,色浜変電所~白木一丁目変電所線,819,3303,275.0,1905.26,7e-06,0
4537,line,4913,白木一丁目変電所~嶺南変電所線,819,3312,275.0,4763.14,2e-06,1
4538,line,4914,関西電力送配電 275.0kV線,3303,4134,275.0,1905.26,2e-06,0
4539,line,4915,色浜変電所~白木一丁目変電所線,3303,2306,275.0,1905.26,7e-06,0
4540,line,4916,JR西日本 33.0kV線,4124,3304,66.0,137.18,1.8e-05,1
4541,line,4917,leadin,3304,4175,66.0,68.59,5.7e-05,1
4542,line,4918,leadin,3305,3982,77.0,93.36,0.000175,1
4543,line,4919,男山変電所~枇杷庄変電所線,3306,3313,77.0,186.72,8e-06,0
4544,line,4920,横大路洞ヶ峠線,3306,4201,77.0,186.72,3.4e-05,0
4545,line,4921,男山変電所~枇杷庄変電所線,3306,4114,77.0,186.72,0.000208,0
4546,line,4922,淀川枚方線,4201,4202,77.0,373.43,2e-05,0
4547,line,4923,淀川枚方線,4201,3313,77.0,186.72,3.3e-05,0
4548,line,4924,leadin,4130,3310,77.0,280.07,2.7e-05,1
4549,line,4925,関西電力（株）小浜変電所~嶺南変電所線,4130,3307,77.0,186.72,0.00028,0
4550,line,4926,関西送電線_529,3307,3309,77.0,93.36,1.6e-05,1
4551,line,4927,関西電力（株）小浜変電所~嶺南変電所線,3307,3308,77.0,186.72,0.000226,0
4552,line,4928,嶺南変電所~上中変電所線,3308,3311,77.0,93.36,6.2e-05,1
4553,line,4929,関西電力送配電 77.0kV線,3308,3985,77.0,186.72,0.000231,0
4554,line,4930,勝野変電所~安曇変電所線,4136,4135,154.0,266.74,7.2e-05,0
4555,line,4931,勝野変電所~大津市変電所線,4136,4179,154.0,266.74,9.5e-05,0
4556,line,4932,勝野変電所~本堅田五丁目変電所線,4136,3324,154.0,266.74,0.000321,0
4557,line,4933,北陸幹線,4139,4141,154.0,533.47,6e-06,0
4558,line,4934,北陸幹線,4139,4135,154.0,533.47,4.6e-05,0
4559,line,4935,北陸幹線,4141,4166,154.0,533.47,6.5e-05,0
4560,line,4936,今津線,4140,4142,77.0,373.43,1.3e-05,0
4561,line,4937,今津線,4140,2180,77.0,186.72,0.000201,0
4562,line,4938,勝野変電所~安曇変電所線,2180,4136,154.0,133.37,0.000289,0
4563,line,4939,西浅井町塩津浜変電所~高月町変電所線,4146,850,77.0,93.36,2.4e-05,0
4564,line,4940,西浅井町塩津浜変電所~高月町変電所線,4146,1907,77.0,93.36,0.000527,0
4565,line,4941,西浅井町塩津浜変電所~高月町変電所線,4146,884,77.0,93.36,0.00057,0
4566,line,4942,今津塩津線,4146,4167,77.0,373.43,0.000171,0
4567,line,4943,村野浄水場線,4148,3329,77.0,373.43,1e-05,1
4568,line,4944,淀川枚方線,4148,4202,77.0,186.72,7.5e-05,0
4569,line,4945,牧野変電所~枚方変電所線,4148,4076,77.0,186.72,4.3e-05,0
4570,line,4946,牧野変電所~枚方変電所線,4148,3315,77.0,186.72,1.8e-05,0
4571,line,4947,津田洞ヶ峠線,4148,3326,77.0,186.72,5.4e-05,0
4572,line,4948,津田変電所~枚方変電所線,4148,4036,77.0,93.36,0.000108,0
4573,line,4949,津田洞ヶ峠線,4202,3326,77.0,186.72,1.3e-05,0
4574,line,4950,日野町変電所~日野変電所線,4118,2233,77.0,93.36,0.000209,0
4575,line,4951,今津塩津線,4142,4167,77.0,186.72,0.00028,0
4576,line,4952,関西送電線_541,3314,2658,66.0,137.18,0.000623,1
4577,line,4953,leadin,4076,4208,77.0,93.36,0.000126,1
4578,line,4954,leadin,3315,4100,77.0,93.36,9.3e-05,1
4579,line,4955,牧野変電所~枚方変電所線,3315,4036,77.0,186.72,4.3e-05,0
4580,line,4956,枚方変電所~菱田変電所線,4036,4192,77.0,93.36,0.000516,1
4581,line,4957,新寝屋川枚方線,4036,4099,77.0,373.43,3.3e-05,0
4582,line,4958,leadin,3316,4097,77.0,93.36,3.4e-05,1
4583,line,4959,木幡新山科線,3316,3317,77.0,186.72,4.9e-05,1
4584,line,4960,東草津三丁目変電所~手原一丁目変電所線,3318,2466,154.0,266.74,5.6e-05,0
4585,line,4961,leadin,4152,4071,154.0,266.74,3e-06,1
4586,line,4962,関西送電線_565,4152,3319,154.0,266.74,2.3e-05,1
4587,line,4963,城陽変電所~宇治市変電所線,3319,4115,154.0,266.74,4.3e-05,1
4588,line,4964,男山変電所~橋本変電所線,4157,3320,77.0,93.36,0.000212,1
4589,line,4965,新寝屋川枚方線,4099,3986,77.0,373.43,1.4e-05,0
4590,line,4966,交野変電所~星田北三丁目変電所線,3986,4178,77.0,93.36,1.2e-05,1
4591,line,4967,蜂屋変電所~栗東市変電所線,4217,4216,154.0,2400.62,1e-06,0
4592,line,4968,蜂屋変電所~栗東市変電所線,4216,4220,154.0,266.74,6e-06,1
4593,line,4969,蜂屋変電所~東草津三丁目変電所線,4216,3321,154.0,1066.94,6e-06,0
4594,line,4970,leadin,3321,2467,154.0,266.74,2.6e-05,0
4595,line,4971,関西送電線_579,919,4159,77.0,186.72,0.000106,1
4596,line,4972,まきの木台二丁目変電所~赤水町変電所線,4165,1313,154.0,266.74,4.3e-05,0
4597,line,4973,西日本北小松線,4137,4180,77.0,93.36,0.000433,0
4598,line,4974,leadin,4180,3330,77.0,186.72,3.5e-05,1
4599,line,4975,勝野変電所~本堅田五丁目変電所線,3324,4171,154.0,266.74,4.9e-05,0
4600,line,4976,西日本堅田北小松線,3325,4172,77.0,186.72,1.1e-05,1
4601,line,4977,長尾変電所~長尾元町変電所線,3326,4203,77.0,186.72,3.2e-05,1
4602,line,4978,東邦工機線,4085,3328,66.0,137.18,7.5e-05,1
4603,line,4979,関西送電線_672,997,4195,154.0,1066.94,7e-06,0
4604,line,4980,揖斐変電所~青野町変電所線,4195,998,154.0,533.47,5.8e-05,0
4605,line,4981,揖斐変電所~青野町変電所線,998,4043,154.0,266.74,2.3e-05,0
4606,line,4982,茄子作支線,4178,4181,77.0,373.43,2e-05,1
4607,line,4983,leadin,3331,4189,154.0,266.74,1.5e-05,0
4608,line,4984,leadin,3331,4105,154.0,266.74,2.9e-05,1
4609,line,4985,leadin,3331,4147,154.0,266.74,2.9e-05,1
4610,line,4986,北岐阜北町線,1988,55,275.0,1905.26,1e-05,0
4611,line,4989,西濃真桑線,4006,2383,77.0,186.72,4.9e-05,0
4612,line,4990,leadin,4200,4079,66.0,68.59,0.000179,1
4613,line,4991,leadin,4200,4080,66.0,68.59,0.000206,1
4614,line,4992,leadin,4206,3999,77.0,93.36,4.2e-05,1
4615,line,4993,南京都奈良線,4067,3335,154.0,533.47,1.6e-05,0
4616,line,4994,leadin,4067,3988,154.0,266.74,4.3e-05,1
4617,line,4995,南京都奈良線,3335,4198,154.0,533.47,5e-06,0
4618,line,4996,leadin,3335,4125,154.0,266.74,3.3e-05,1
4619,line,4997,北町変電所~本巣市変電所線,2539,3336,66.0,68.59,0.00339,1
4620,line,5000,namebind,3927,3952,275.0,1905.26,1.1e-05,0
4621,line,5001,namebind,4221,4937,110.0,342.95,4.8e-05,0
4622,line,5002,緑井六丁目変電所~広島変電所線,4221,4914,110.0,342.95,6.3e-05,0
4623,line,5003,緑井六丁目変電所~八木八丁目変電所線,4221,4390,110.0,171.47,8.1e-05,0
4624,line,5004,広島変電所~東広島変電所線,4914,4250,110.0,342.95,6.6e-05,0
4625,line,5005,広島変電所~古市四丁目変電所線,4914,4261,110.0,171.47,0.000189,0
4626,line,5006,広島変電所~東広島変電所線,4914,4934,110.0,685.89,3.9e-05,0
4627,line,5007,作木変電所~広島変電所線,4914,4283,110.0,685.89,4e-05,0
4628,line,5008,尾道市変電所~新広島変電所線,4914,4269,110.0,342.95,0.000666,0
4629,line,5009,広島変電所~押込町変電所線,4914,4279,110.0,685.89,4.9e-05,0
4630,line,5010,広島補助き電区分所~大州四丁目変電所線,4883,5500,66.0,137.18,9e-06,0
4631,line,5011,西大寺変電所 (Saidaiji Hendensho)~岡山変電所線,4222,4223,110.0,685.89,2.7e-05,0
4632,line,5012,東岡山変電所~西大寺変電所 (Saidaiji Hendensho)線,4222,4312,110.0,342.95,0.000312,0
4633,line,5013,東岡山変電所~西大寺変電所 (Saidaiji Hendensho)線,4222,4983,110.0,342.95,2.9e-05,0
4634,line,5014,西大寺変電所 (Saidaiji Hendensho)~岡山変電所線,4223,4224,110.0,685.89,6e-06,0
4635,line,5015,新上道変電所~中区変電所線,4223,4408,110.0,342.95,1.1e-05,0
4636,line,5016,新上道変電所~備前変電所線,4224,4408,110.0,342.95,1e-06,0
4637,line,5017,西大寺変電所 (Saidaiji Hendensho)~岡山変電所線,4224,4225,110.0,685.89,1e-05,0
4638,line,5018,西大寺変電所 (Saidaiji Hendensho)~岡山変電所線,4225,4986,110.0,685.89,0.000105,0
4639,line,5019,新上道変電所~中区変電所線,4225,4408,110.0,342.95,2.1e-05,0
4640,line,5020,新上道変電所~中区変電所線,4225,5112,110.0,342.95,4.7e-05,0
4641,line,5021,中国電力ネットワーク 220.0kV線,4986,4352,110.0,342.95,0.000215,0
4642,line,5022,北区変電所~岡山変電所線,4986,5071,110.0,342.95,3.9e-05,0
4643,line,5023,建部変電所~岡山変電所線,4986,4393,110.0,342.95,0.000193,0
4644,line,5024,岡山変電所~吉備変電所線,4986,5068,110.0,171.47,0.000298,1
4645,line,5026,大三島支線,4226,4523,110.0,685.89,0.000135,1
4646,line,5027,栗林線,4884,4907,66.0,274.36,9.2e-05,1
4647,line,5028,leadin,4907,4879,66.0,68.59,4e-06,1
4648,line,5029,栗林線,4907,4893,66.0,274.36,0.000113,1
4649,line,5030,栗林線,4893,4886,66.0,274.36,3.5e-05,0
4650,line,5031,坂出連絡線,4886,4891,66.0,274.36,0.000131,0
4651,line,5032,由佐変電所~香川変電所線,4886,4239,66.0,68.59,0.00049,0
4652,line,5033,上天神線,4227,4908,66.0,68.59,0.000254,1
4653,line,5034,西通線,4227,4229,66.0,68.59,0.000194,1
4654,line,5035,西通線;上天神線,4227,4888,66.0,411.54,4.5e-05,0
4655,line,5036,上天神線,4908,4228,66.0,137.18,1.3e-05,1
4656,line,5037,香東支線,4229,5027,66.0,68.59,0.000177,1
4657,line,5038,西通線,4229,4230,66.0,68.59,0.000135,1
4658,line,5039,leadin,5027,5029,66.0,68.59,0.000161,1
4659,line,5040,高松坂出線,4888,4892,66.0,274.36,3.3e-05,0
4660,line,5041,高松線,4887,4231,187.0,1943.36,1.8e-05,0
4661,line,5042,高松線,4231,4890,187.0,1943.36,2.1e-05,0
4662,line,5043,坂出変電所~香川変電所線,4231,4232,187.0,971.68,5.6e-05,0
4663,line,5044,坂出変電所~香川変電所線,4231,4885,187.0,971.68,1e-05,0
4664,line,5045,受電所~讃岐変電所線,4890,4232,187.0,971.68,7.1e-05,0
4665,line,5046,讃岐変電所~四国電力麻変電所線,4890,4237,187.0,971.68,3.4e-05,0
4666,line,5047,讃岐変電所~徳島市変電所線,4890,4245,187.0,1943.36,1.1e-05,0
4667,line,5048,讃岐変電所~福江町三丁目変電所線,4889,4901,500.0,6928.2,1.1e-05,0
4668,line,5049,讃岐変電所~阿波変電所線,4889,5033,500.0,20784.61,1e-05,0
4669,line,5050,四国中央東幹線,4889,4922,500.0,20784.61,1.2e-05,0
4670,line,5051,菰池二丁目変電所~福江町三丁目変電所線,4901,5498,500.0,3464.1,4e-06,0
4671,line,5052,leadin,5221,4248,187.0,971.68,6e-06,0
4672,line,5053,受電所~讃岐変電所線,5221,4897,187.0,971.68,3.9e-05,0
4673,line,5054,受電所~宇多津町変電所線,5221,5517,187.0,485.84,8e-06,0
4674,line,5055,受電所~讃岐変電所線,5221,4650,187.0,3400.88,3e-06,0
4675,line,5056,受電所~讃岐変電所線,4897,4232,187.0,971.68,1.3e-05,0
4676,line,5057,坂出連絡線,4891,4898,66.0,274.36,0.000189,0
4677,line,5058,綾川町変電所~香川変電所線,4885,4958,187.0,971.68,4e-06,0
4678,line,5059,栗林変電所~由佐変電所線,4233,4234,66.0,137.18,0.000266,1
4679,line,5060,中国送電線_2,4233,4235,66.0,68.59,6e-05,1
4680,line,5061,中国送電線_2,4233,4236,66.0,68.59,9.5e-05,1
4681,line,5062,中国送電線_3,4234,4238,66.0,68.59,0.000117,1
4682,line,5063,栗林変電所~由佐変電所線,4234,4239,66.0,137.18,0.000369,1
4683,line,5064,高松坂出線,4898,4906,66.0,274.36,0.000131,0
4684,line,5065,坂出変電所~四国電力送配電 丸亀変電所線,4898,5383,66.0,68.59,0.000587,0
4685,line,5066,坂出変電所~笠山変電所線,4898,4900,66.0,68.59,0.000264,0
4686,line,5067,坂出変電所~吉野下変電所線,4898,4249,66.0,68.59,0.000916,0
4687,line,5068,坂出変電所~宇多津変電所線,4898,4244,66.0,68.59,8.5e-05,0
4688,line,5069,高松坂出線,4906,4892,66.0,274.36,0.00012,0
4689,line,5070,讃岐変電所~四国電力麻変電所線,4237,4909,187.0,971.68,7.9e-05,0
4690,line,5071,讃岐変電所~井川変電所線,4237,5227,187.0,1943.36,2.9e-05,0
4691,line,5072,中国送電線_141,4909,4598,187.0,485.84,4e-06,0
4692,line,5073,観音寺変電所~四国電力麻変電所線,4909,5310,187.0,485.84,7.4e-05,0
4693,line,5074,阿波変電所~鉢変電所線,5033,4382,500.0,6928.2,2.1e-05,1
4694,line,5075,牟礼町牟礼変電所~由佐変電所線,4940,5437,66.0,68.59,0.000626,1
4695,line,5076,牟礼町牟礼変電所~由佐変電所線,5437,4239,66.0,68.59,0.000732,0
4696,line,5077,長尾線,5437,5466,66.0,137.18,9.4e-05,0
4697,line,5078,北広島変電所 (Kita-Hiroshima Hendensho)~西広島変電所線,5461,4241,110.0,171.47,8e-05,0
4698,line,5079,五日市線,5461,5550,110.0,342.95,6.8e-05,1
4699,line,5080,西広島変電所~古市四丁目変電所線,5461,4243,110.0,171.47,0.000276,0
4700,line,5081,北広島変電所 (Kita-Hiroshima Hendensho)~西広島変電所線,4240,4241,110.0,171.47,8.7e-05,0
4701,line,5082,中国電力ネットワーク 110.0kV線,4240,4915,110.0,171.47,7.6e-05,0
4702,line,5083,北広島変電所 (Kita-Hiroshima Hendensho)~廿日市変電所線,4240,4254,110.0,685.89,2.7e-05,0
4703,line,5084,川内廿日市線,4241,4957,110.0,342.95,7.6e-05,0
4704,line,5085,中国電力ネットワーク 110.0kV線,4242,4250,110.0,685.89,2e-06,0
4705,line,5086,東広島変電所~北広島変電所 (Kita-Hiroshima Hendensho)線,4242,4243,110.0,342.95,7.3e-05,0
4706,line,5087,中国電力ネットワーク 110.0kV線,4242,4934,110.0,342.95,3.1e-05,0
4707,line,5088,東広島変電所~北広島変電所 (Kita-Hiroshima Hendensho)線,4243,4915,110.0,342.95,3.3e-05,0
4708,line,5089,西広島変電所~古市四丁目変電所線,4243,5229,110.0,171.47,5e-05,1
4709,line,5090,中国電力ネットワーク 110.0kV線,4915,4259,110.0,171.47,5.4e-05,0
4710,line,5091,北広島変電所 (Kita-Hiroshima Hendensho)~小河内町二丁目変電所線,4915,4951,110.0,171.47,0.000104,1
4711,line,5092,福江町三丁目変電所~昭和町二丁目変電所線,4244,4894,66.0,68.59,0.000398,0
4712,line,5093,坂出変電所~宇多津変電所線,4244,4896,66.0,205.77,0.000127,1
4713,line,5094,中国送電線_424,4894,5499,66.0,68.59,3.5e-05,0
4714,line,5095,昭和町二丁目変電所~林田町変電所線,4894,4899,66.0,68.59,0.000109,1
4715,line,5096,多度津変電所~四国電力送配電 丸亀変電所線,5383,4746,66.0,68.59,0.000147,0
4716,line,5097,四国電力送配電 丸亀変電所~塩屋変電所線,5383,5421,66.0,68.59,0.000136,0
4717,line,5098,宇多津変電所~富士見変電所線,4896,4895,66.0,68.59,0.000162,1
4718,line,5099,讃岐変電所~徳島市変電所線,4245,4246,187.0,1943.36,5.2e-05,0
4719,line,5100,四国電力送配電 187.0kV線,4245,5028,187.0,971.68,1.8e-05,0
4720,line,5101,讃岐変電所~徳島市変電所線,4246,4247,187.0,1943.36,8.3e-05,1
4721,line,5102,中国送電線_328,4246,5464,187.0,485.84,5.1e-05,0
4722,line,5103,四国電力送配電 187.0kV線,4958,5028,187.0,485.84,8e-06,0
4723,line,5104,坂出変電所~吉野下変電所線,4249,5516,66.0,68.59,8.1e-05,1
4724,line,5105,垂水町変電所~吉野下変電所線,4249,5515,66.0,68.59,0.000323,1
4725,line,5106,忠海長浜一丁目変電所~新広島変電所線,5487,4912,220.0,4115.35,3.9e-05,0
4726,line,5107,東広島変電所~吉和変電所線,4250,4271,110.0,1028.84,1.3e-05,0
4727,line,5108,東広島変電所~仁保四丁目変電所線,4934,5545,110.0,342.95,0.000151,0
4728,line,5109,中国電力ネットワーク 110.0kV線,4934,4278,110.0,685.89,4e-06,0
4729,line,5110,坂変電所~黒瀬変電所線,4251,5469,110.0,342.95,7e-05,0
4730,line,5111,押込町変電所~坂変電所線,4251,4260,110.0,342.95,8.1e-05,0
4731,line,5112,中国電力ネットワーク 110.0kV線,4251,5482,110.0,342.95,1e-05,0
4732,line,5113,坂変電所~黒瀬変電所線,5469,5050,110.0,342.95,9.6e-05,0
4733,line,5114,namebind,5469,4284,110.0,342.95,0.000115,0
4734,line,5115,南西条変電所~黒瀬変電所線,5050,4935,110.0,342.95,0.000146,0
4735,line,5116,黒瀬変電所~呉変電所線,5050,5047,110.0,342.95,0.000135,0
4736,line,5117,中国送電線_5,4252,4915,110.0,102.88,0.000102,1
4737,line,5118,大野変電所~沖塩屋一丁目変電所線,4903,5230,66.0,68.59,2.5e-05,1
4738,line,5119,中国電力ネットワーク 66.0kV線,5230,5339,66.0,68.59,0.000939,1
4739,line,5120,新西広島幹線,4911,5123,500.0,20784.61,4e-06,0
4740,line,5121,新広島幹線,4911,4344,500.0,13856.41,2e-05,0
4741,line,5122,leadin,4253,4904,110.0,171.47,5.6e-05,0
4742,line,5123,廿日市南岩国線,4253,4274,110.0,171.47,3.3e-05,0
4743,line,5124,廿日市南岩国線,4253,4530,110.0,171.47,6.5e-05,1
4744,line,5125,広島変電所~古市四丁目変電所線,4913,4936,220.0,2743.57,1e-05,0
4745,line,5126,広島変電所~新広島変電所線,4913,4268,220.0,685.89,7.9e-05,0
4746,line,5127,広島変電所~安佐北区変電所線,4913,4276,220.0,2743.57,2.7e-05,0
4747,line,5128,広島変電所~古市四丁目変電所線,4936,4947,220.0,2743.57,4.3e-05,0
4748,line,5129,北広島変電所 (Kita-Hiroshima Hendensho)~廿日市変電所線,4254,4948,110.0,685.89,0.000106,0
4749,line,5130,九州電力送配電 110.0kV線,4254,4729,110.0,171.47,4.2e-05,1
4750,line,5131,三次市変電所~三次変電所 (Miyoshi Hendensho)線,5543,5129,110.0,342.95,0.00017,1
4751,line,5132,作木変電所~三次変電所 (Miyoshi Hendensho)線,5129,5126,110.0,342.95,0.000157,1
4752,line,5133,大字浜変電所~四国電力 天山変電所線,5248,4918,66.0,68.59,0.000703,1
4753,line,5134,石井連絡線,4918,4290,66.0,274.36,7.7e-05,0
4754,line,5135,松山線,4918,4785,66.0,137.18,0.000178,0
4755,line,5138,丹那町変電所~仁保四丁目変電所線,4255,4256,66.0,68.59,1.6e-05,1
4756,line,5139,丹那町変電所~仁保四丁目変電所線,4256,4949,110.0,102.88,8.3e-05,0
4757,line,5140,中国送電線_82,4256,5545,110.0,102.88,0.00013,0
4758,line,5141,中国送電線_15,5545,4270,110.0,171.47,8e-06,1
4759,line,5142,中国電力ネットワーク 66.0kV線,5055,5233,66.0,68.59,4.6e-05,1
4760,line,5143,中国電力ネットワーク 110.0kV線,5055,4627,66.0,137.18,0.000125,0
4761,line,5144,変電所~西新町三丁目変電所線,5055,5207,66.0,137.18,0.000346,0
4762,line,5145,中国電力ネットワーク 66.0kV線,5055,4836,66.0,68.59,0.000568,1
4763,line,5146,中国電力ネットワーク 110.0kV線,4904,4273,110.0,171.47,2e-05,0
4764,line,5147,川内廿日市線,4904,4257,110.0,342.95,4e-05,0
4765,line,5148,廿日市南岩国線,4904,4274,110.0,171.47,2.8e-05,0
4766,line,5149,川内廿日市線,4257,4957,110.0,342.95,6.9e-05,0
4767,line,5150,中国電力ネットワーク 110.0kV線,4257,5497,110.0,171.47,5.1e-05,1
4768,line,5151,namebind,4957,4472,110.0,342.95,0.00013,1
4769,line,5152,中国送電線_10,4258,4259,110.0,171.47,7e-05,1
4770,line,5153,川内廿日市線,4259,4261,110.0,171.47,0.000165,0
4771,line,5154,押込町変電所~1丁目変電所線,4260,4284,110.0,342.95,3.6e-05,0
4772,line,5155,押込町変電所~1丁目変電所線,4260,4285,110.0,342.95,0.000126,1
4773,line,5156,中国送電線_11,5421,4829,66.0,68.59,0.000149,1
4774,line,5157,東広島変電所~吉和変電所線,4261,4271,110.0,1028.84,1.4e-05,0
4775,line,5158,東広島変電所~吉和変電所線,4261,5187,110.0,1028.84,0.000231,0
4776,line,5159,新西広島幹線,4946,5123,500.0,20784.61,6e-06,0
4777,line,5160,新西広島変電所~西島根変電所線,4946,5044,500.0,13856.41,1.3e-05,0
4778,line,5161,東山口幹線 (Higashi Yamaguchi Kansen),4946,4990,500.0,13856.41,1.5e-05,0
4779,line,5162,中国電力ネットワーク 110.0kV線,4262,4263,110.0,171.47,1.3e-05,1
4780,line,5163,八木八丁目変電所~安佐北区変電所線,4262,5283,110.0,171.47,0.000281,0
4781,line,5164,安佐北区変電所~金城変電所線,4262,4467,110.0,1028.84,4.3e-05,0
4782,line,5165,leadin,5283,4388,110.0,171.47,5.1e-05,0
4783,line,5166,緑井六丁目変電所~八木八丁目変電所線,5283,4390,110.0,171.47,4.1e-05,0
4784,line,5167,三入南一丁目変電所~八木八丁目変電所線,5133,4264,110.0,171.47,0.000117,1
4785,line,5168,中国電力ネットワーク 110.0kV線,4264,4388,110.0,171.47,1.8e-05,0
4786,line,5169,八木八丁目変電所~広島変電所線,4264,4283,110.0,342.95,9.7e-05,0
4787,line,5170,中国電力ネットワーク 220.0kV線,4265,4266,220.0,1371.78,4e-06,0
4788,line,5171,中国送電線_135,4265,4592,220.0,685.89,1.7e-05,1
4789,line,5172,中国電力ネットワーク 220.0kV線,4265,4912,220.0,1371.78,1.7e-05,0
4790,line,5173,中国電力ネットワーク 220.0kV線,4266,4267,220.0,1371.78,7e-06,1
4791,line,5174,新広島変電所~本町四丁目変電所線,4266,4303,220.0,1371.78,4.8e-05,0
4792,line,5175,新広島変電所~黒瀬変電所線,4268,4912,220.0,2743.57,1e-05,0
4793,line,5176,新広島変電所~黒瀬変電所線,4268,5049,220.0,2743.57,2.7e-05,0
4794,line,5177,黒瀬変電所~大崎上島町変電所線,5049,4397,220.0,1371.78,8.5e-05,0
4795,line,5178,尾道市変電所~新広島変電所線,5235,4269,110.0,342.95,0.000251,0
4796,line,5179,東上原変電所~沼田一丁目変電所線,4269,4415,110.0,685.89,0.000133,0
4797,line,5181,中国送電線_420,4271,4853,110.0,171.47,1e-05,1
4798,line,5182,吉和変電所~東益田変電所線,5187,4395,110.0,171.47,0.000732,0
4799,line,5183,吉和変電所~六日市変電所線,5187,5186,110.0,342.95,0.000371,1
4800,line,5184,新西広島岩国線 (Shin Nishi Hiroshima Iwakuni Sen),4948,4272,110.0,171.47,0.000131,0
4801,line,5185,中国送電線_425,4272,4862,110.0,171.47,1e-06,1
4802,line,5186,新西広島岩国線 (Shin Nishi Hiroshima Iwakuni Sen),4272,4273,110.0,171.47,0.000111,0
4803,line,5187,新西広島岩国線 (Shin Nishi Hiroshima Iwakuni Sen),4273,5155,110.0,171.47,0.000787,0
4804,line,5188,友和変電所~廿日市変電所線,4273,4275,220.0,342.95,0.000161,0
4805,line,5189,中国電力ネットワーク 110.0kV線,5155,4499,110.0,342.95,3e-05,0
4806,line,5190,錦見三丁目変電所~装束町四丁目変電所線,5155,5337,110.0,342.95,7e-05,0
4807,line,5191,廿日市宮内線,4274,4286,110.0,171.47,4.1e-05,1
4808,line,5192,友和変電所~廿日市変電所線,4905,4275,220.0,205.77,4e-05,1
4809,line,5193,namebind,4275,4947,220.0,685.89,5.6e-05,0
4810,line,5194,新西広島変電所~新徳山変電所線,4275,4359,220.0,685.89,0.000272,0
4811,line,5195,中国電力ネットワーク 220.0kV線,4276,5124,220.0,1371.78,1.7e-05,0
4812,line,5196,山陰幹線,4276,5538,220.0,1371.78,9.7e-05,0
4813,line,5197,吉浦線,5486,5043,66.0,137.18,0.000231,1
4814,line,5198,中国送電線_223,5486,4690,66.0,68.59,0.000196,1
4815,line,5199,中国送電線_417,5486,4844,66.0,137.18,8.9e-05,1
4816,line,5200,1丁目変電所~上平原変電所線,4277,5042,110.0,171.47,5.9e-05,1
4817,line,5201,中国電力ネットワーク 110.0kV線,4277,4285,110.0,171.47,2.3e-05,1
4818,line,5202,公園通支線,4277,5480,110.0,342.95,6.4e-05,1
4819,line,5203,東広島変電所~中野五丁目変電所線,4278,4279,110.0,342.95,6.8e-05,0
4820,line,5204,中野五丁目変電所~東広島変電所線,4278,4933,110.0,342.95,9.5e-05,0
4821,line,5205,中国送電線_280,4279,4734,110.0,171.47,1.7e-05,1
4822,line,5206,広島変電所~押込町変電所線,4279,4284,110.0,685.89,3.1e-05,0
4823,line,5207,作木変電所~広島変電所線,5126,4280,110.0,685.89,9.2e-05,0
4824,line,5208,中国電力ネットワーク 110.0kV線,5126,4464,110.0,685.89,5e-06,0
4825,line,5209,作木変電所~広島変電所線,4280,4281,110.0,685.89,3.4e-05,0
4826,line,5210,中国送電線_374,4280,4828,110.0,171.47,2.8e-05,1
4827,line,5211,作木変電所~広島変電所線,4281,4282,110.0,685.89,2.6e-05,0
4828,line,5212,作木変電所~北広島町変電所線,4281,4775,110.0,171.47,0.00024,1
4829,line,5213,作木変電所~広島変電所線,4282,4283,110.0,685.89,0.000183,0
4830,line,5214,中国送電線_99,4282,5210,110.0,171.47,0.000451,1
4831,line,5215,中国電力ネットワーク 110.0kV線,4285,5481,110.0,171.47,3.2e-05,1
4832,line,5216,大柿線,5131,5132,66.0,68.59,0.000825,1
4833,line,5217,中国電力ネットワーク 66.0kV線,5131,4471,66.0,137.18,3.1e-05,0
4834,line,5218,大柿線,5132,5134,66.0,68.59,0.000357,1
4835,line,5219,新山口変電所~西島根変電所線,5044,4952,500.0,27712.81,1.5e-05,0
4836,line,5220,西島根変電所~日野変電所線,5044,4978,500.0,34641.02,1.8e-05,0
4837,line,5221,東山口変電所 (Higashi Yamaguchi Hendensho)~新山口変電所線,4990,4952,500.0,6928.2,4.5e-05,0
4838,line,5222,北松江変電所~大井町変電所線,5059,5120,220.0,2743.57,1.2e-05,0
4839,line,5223,第二島根原子力幹線,5059,4870,220.0,2057.68,3.7e-05,1
4840,line,5224,北松江幹線,5058,5317,500.0,6928.2,0.0,0
4841,line,5225,島根原子力幹線,5058,4869,500.0,10392.3,6e-06,1
4842,line,5226,変電所~西新町三丁目変電所線,4287,5054,110.0,342.95,0.000103,0
4843,line,5227,斐川町神氷変電所~変電所線,4287,4916,110.0,342.95,7.5e-05,0
4844,line,5228,中国電力ネットワーク 110.0kV線,4287,5206,110.0,685.89,2e-05,0
4845,line,5229,中国電力ネットワーク 110.0kV線,5054,5301,110.0,685.89,4.8e-05,1
4846,line,5230,中国電力ネットワーク 220.0kV線,5054,5121,110.0,685.89,0.000321,0
4847,line,5231,斐川町神氷変電所~木次町新市変電所線,4917,4288,66.0,274.36,0.000327,0
4848,line,5232,荻杼町変電所~斐川町神氷変電所線,4917,5208,66.0,137.18,0.000235,0
4849,line,5233,平田変電所~斐川町神氷変電所線,4917,4548,66.0,68.59,0.000702,0
4850,line,5234,中国電力ネットワーク 66.0kV線,4917,4547,66.0,137.18,7.5e-05,1
4851,line,5235,斐川町神氷変電所~木次町新市変電所線,4288,4289,66.0,274.36,6.5e-05,0
4852,line,5236,中国電力ネットワーク 66.0kV線,4288,4839,66.0,137.18,6e-05,1
4853,line,5237,木次町新市変電所~三刀屋町上熊谷変電所線,4289,5300,66.0,274.36,6e-05,0
4854,line,5238,中国電力ネットワーク 66.0kV線,4289,5061,66.0,137.18,2.9e-05,1
4855,line,5239,松山変電所~志津川南三丁目変電所線,4290,4921,66.0,68.59,0.000652,1
4856,line,5240,中国電力ネットワーク 66.0kV線,4290,4920,66.0,68.59,0.000144,0
4857,line,5241,松山東線,4927,4291,187.0,2915.04,1e-06,0
4858,line,5242,東予変電所~西条変電所線,4927,4296,187.0,971.68,7.8e-05,0
4859,line,5243,新須賀変電所~西条変電所線,4927,4595,187.0,971.68,6e-06,0
4860,line,5244,西条変電所~喜多川変電所線,4927,5411,187.0,971.68,3e-05,0
4861,line,5245,西条変電所~本山町変電所線,4927,4689,187.0,971.68,0.000182,0
4862,line,5246,西条変電所~川内発電所線,4291,4292,187.0,971.68,0.000156,0
4863,line,5247,松山東線,4291,5275,187.0,1943.36,0.000118,0
4864,line,5248,四国電力送配電 187.0kV線,4292,4926,187.0,1943.36,7e-06,0
4865,line,5249,松山幹線,4292,4919,187.0,1943.36,3.6e-05,0
4866,line,5250,松山変電所~北松山変電所線,4920,4293,66.0,68.59,0.000635,0
4867,line,5251,松山変電所~北松山変電所線,4293,5276,66.0,68.59,0.000182,0
4868,line,5252,道後支線,4293,4852,66.0,137.18,0.000175,1
4869,line,5253,四国電力送配電 66.0kV線,5276,4602,66.0,274.36,3.9e-05,0
4870,line,5254,四国電力送配電 66.0kV線,5276,4603,66.0,137.18,8.7e-05,0
4871,line,5255,平田支線,5276,4851,66.0,137.18,6.3e-05,1
4872,line,5256,新居浜変電所~土居町中村変電所線,4294,4924,66.0,137.18,0.000298,0
4873,line,5257,新居浜変電所~多喜浜一丁目変電所線,4294,5362,66.0,137.18,0.000116,1
4874,line,5258,四国電力送配電 66.0kV線,4294,4618,66.0,137.18,6.9e-05,0
4875,line,5259,新居浜変電所~土居町中村変電所線,4924,5404,66.0,137.18,0.000171,1
4876,line,5260,東予変電所~三島変電所線,4923,4295,187.0,1943.36,5.9e-05,0
4877,line,5261,四国電力送配電 187.0kV線,4923,4296,187.0,1943.36,6e-06,0
4878,line,5262,井川変電所~三島変電所線,4295,5227,187.0,971.68,0.000177,0
4879,line,5263,四国電力送配電 187.0kV線,4295,5269,187.0,1943.36,2e-06,1
4880,line,5264,本川線,4296,4748,187.0,1943.36,4.8e-05,0
4881,line,5265,四国中央中幹線,4925,4922,500.0,6928.2,2.9e-05,0
4882,line,5266,四国中央西幹線,4925,4298,500.0,13856.41,4e-06,1
4883,line,5267,磯浦変電所~別子配電センター線,5264,5358,110.0,685.89,5e-06,0
4884,line,5268,別子配電センター~磯浦町変電所線,5264,5267,110.0,685.89,2e-06,0
4885,line,5269,別子配電センター~三好市変電所線,5264,4297,110.0,342.95,0.001167,1
4886,line,5270,大洲南幹線,4926,4299,187.0,1943.36,0.000112,1
4887,line,5271,大洲北幹線,4926,4300,187.0,1943.36,0.000113,1
4888,line,5272,作木支線,5538,5125,220.0,1371.78,2.9e-05,0
4889,line,5273,安芸高田市変電所~八雲町変電所線,5538,5120,220.0,5487.14,7.3e-05,0
4890,line,5274,南西条変電所~中野五丁目変電所線,4933,4935,110.0,514.42,0.000109,0
4891,line,5275,中国電力ネットワーク 66.0kV線,5300,4648,66.0,137.18,0.000253,0
4892,line,5276,西津田二丁目変電所~八雲町変電所線,5056,4301,110.0,171.47,0.000106,1
4893,line,5277,北松江変電所~大井町変電所線,4301,5318,110.0,342.95,5.5e-05,0
4894,line,5278,大井町変電所~八雲町変電所線,4301,5121,110.0,342.95,4.5e-05,0
4895,line,5279,leadin,4935,4302,110.0,514.42,1e-05,1
4896,line,5280,南西条変電所~東広島市変電所線,4935,5427,110.0,342.95,0.000208,0
4897,line,5281,本町四丁目変電所~新広島変電所線,4303,4737,220.0,1371.78,1e-05,0
4898,line,5282,新広島変電所~本町四丁目変電所線,4303,4699,220.0,2057.68,6e-06,0
4899,line,5288,中国送電線_19,4304,4305,66.0,68.59,0.000708,0
4900,line,5289,多度津変電所~三野町吉津変電所線,4304,4681,66.0,68.59,0.000366,0
4901,line,5290,四国電力麻変電所~三野町吉津変電所線,4304,4910,66.0,68.59,0.000558,0
4902,line,5291,中国送電線_214,4305,5347,66.0,68.59,9.9e-05,1
4903,line,5292,多度津変電所~四国電力送配電 丸亀変電所線,4305,4746,66.0,68.59,8.4e-05,0
4904,line,5293,九州電力送配電 500.0kV線,4306,4938,500.0,6928.2,1.1e-05,1
4905,line,5294,関門連系線,4938,4943,500.0,13856.41,4e-06,0
4906,line,5295,豊前北幹線,4938,4315,500.0,6928.2,2e-05,1
4907,line,5296,関門連系線,4943,5006,500.0,13856.41,0.0,0
4908,line,5297,関門連系線,5006,5023,500.0,13856.41,5e-06,0
4909,line,5298,関門連系線,5023,4952,500.0,13856.41,9e-06,0
4910,line,5299,九州電力 門司変電所~葛原四丁目変電所線,4941,5007,220.0,1371.78,2.5e-05,0
4911,line,5300,九州電力 門司変電所~JR西日本 新門司変電所線,4941,5008,220.0,2057.68,2e-06,1
4912,line,5301,葛原四丁目変電所~上葛原一丁目変電所線,5007,4944,220.0,1371.78,2e-06,0
4913,line,5303,志度変電所~三木変電所線,4307,4308,66.0,274.36,0.000163,1
4914,line,5304,長尾線,4308,5463,66.0,137.18,0.000102,0
4915,line,5305,長尾線,4308,5466,66.0,137.18,4.5e-05,0
4916,line,5306,大内線,4309,5465,66.0,137.18,3e-05,0
4917,line,5307,津田支線,4309,4945,66.0,137.18,0.000196,1
4918,line,5308,大内線,4309,4310,66.0,137.18,0.000324,0
4919,line,5309,大内線,4310,5035,66.0,137.18,0.000206,0
4920,line,5310,需要家線,4310,4835,66.0,137.18,1.2e-05,1
4921,line,5311,廿日市南岩国線,4311,4530,110.0,171.47,0.000356,1
4922,line,5312,東岡山変電所~西大寺変電所 (Saidaiji Hendensho)線,4312,4969,110.0,342.95,0.000126,0
4923,line,5313,山陽変電所~東岡山変電所線,4312,4743,110.0,171.47,0.000158,1
4924,line,5314,西大寺金山線;西大寺伊部線,4983,5082,110.0,685.89,7e-06,0
4925,line,5315,平井二丁目変電所~西大寺変電所 (Saidaiji Hendensho)線,4983,4409,110.0,685.89,5.6e-05,0
4926,line,5316,西大寺変電所 (Saidaiji Hendensho)~国府市場変電所線,4983,5116,110.0,171.47,0.000202,0
4927,line,5317,苅田火力新線,4965,4963,220.0,685.89,3e-06,0
4928,line,5318,苅田火力新線/苅田分岐線,4965,4327,220.0,1371.78,1e-06,0
4929,line,5319,苅田分岐線,4965,4328,220.0,685.89,3e-06,0
4930,line,5320,苅田分岐線,4965,4313,220.0,1371.78,3.3e-05,0
4931,line,5321,苅田火力新線,4963,5002,220.0,685.89,8.3e-05,0
4932,line,5322,西谷門司線,4960,4313,220.0,1371.78,1.9e-05,0
4933,line,5323,北九州変電所~西谷変電所線,4960,4939,220.0,1371.78,1.4e-05,0
4934,line,5324,九州電力送配電 220.0kV線,4960,4335,220.0,685.89,1.6e-05,0
4935,line,5325,西谷門司線,4313,4314,220.0,1371.78,1.4e-05,1
4936,line,5326,北九州豊前線,4316,4939,220.0,1371.78,0.000112,1
4937,line,5327,槻田系統開閉所~北九州変電所線,4939,5011,220.0,1371.78,2.3e-05,0
4938,line,5328,西谷変電所~北九州変電所線,4939,4335,220.0,1371.78,1.3e-05,0
4939,line,5329,九州電力送配電 220.0kV線,4939,4337,220.0,1371.78,1.6e-05,1
4940,line,5330,九州電力送配電 220.0kV線,4939,4338,220.0,1371.78,5.2e-05,0
4941,line,5331,北九州変電所~八幡変電所線,4939,5004,220.0,1371.78,1.9e-05,0
4942,line,5332,下関火力支線;長府支線;下関小月線,4956,5444,66.0,68.59,0.000213,0
4943,line,5333,下関火力支線;長府支線;下関小月線,4317,4318,110.0,685.89,7e-06,0
4944,line,5334,長府支線;下関小月線,4317,5443,110.0,342.95,7e-06,0
4945,line,5335,下関火力支線,4317,4329,110.0,342.95,1.4e-05,0
4946,line,5336,下関火力支線;長府支線;下関小月線,4318,4955,110.0,685.89,8e-06,0
4947,line,5337,中国送電線_278,4318,4731,110.0,171.47,1.3e-05,1
4948,line,5338,山口下関線,4955,4320,110.0,685.89,3.4e-05,0
4949,line,5339,下関変電所~大久保二丁目変電所線,4955,5024,110.0,171.47,0.000204,0
4950,line,5340,下関変電所~中国電力 西下関開閉所線,4955,5195,110.0,857.37,6e-05,0
4951,line,5341,山口下関線,5136,5260,110.0,685.89,0.000191,0
4952,line,5342,山口連絡線,5136,4484,110.0,685.89,2.2e-05,0
4953,line,5343,山口変電所~山口市変電所線,5136,4486,110.0,685.89,2.3e-05,0
4954,line,5344,山口変電所~新山口変電所線,5136,4482,110.0,171.47,0.001322,0
4955,line,5345,山口下関線,5260,4319,110.0,685.89,1.7e-05,0
4956,line,5346,山口下関線,4319,4320,110.0,685.89,4.1e-05,0
4957,line,5347,中国送電線_21,4319,4321,110.0,171.47,0.000407,1
4958,line,5348,下関連絡線,4320,4329,110.0,685.89,1.8e-05,0
4959,line,5349,下関連絡線,4320,4954,110.0,685.89,0.000157,0
4960,line,5350,中国送電線_22,4322,4323,66.0,68.59,0.000249,0
4961,line,5351,若松区変電所~安瀬変電所線,4322,5349,66.0,68.59,0.000166,0
4962,line,5352,中国送電線_184,4322,4664,66.0,68.59,2.7e-05,1
4963,line,5353,中国電力ネットワーク 66.0kV線,4324,4325,66.0,137.18,3.1e-05,1
4964,line,5354,namebind,4325,5204,66.0,137.18,0.000259,0
4965,line,5355,中国電力ネットワーク 66.0kV線,4325,4326,66.0,137.18,3.6e-05,1
4966,line,5356,苅田雨窪線,4325,4966,66.0,137.18,0.000107,0
4967,line,5357,苅田雨窪線,4327,4965,220.0,685.89,4e-06,0
4968,line,5358,苅田分岐線/苅田雨窪線,4327,4328,220.0,685.89,1e-06,0
4969,line,5359,苅田火力新線/苅田行橋線,4327,4550,220.0,1371.78,6e-06,1
4970,line,5360,苅田分岐線,4328,4537,220.0,2743.57,3e-06,1
4971,line,5361,下関火力支線;下関連絡線,5456,4329,110.0,1371.78,7e-06,1
4972,line,5362,中国送電線_23,4909,4330,187.0,485.84,8e-06,0
4973,line,5363,四国電力麻変電所~三野町吉津変電所線,4909,5323,187.0,485.84,7.1e-05,0
4974,line,5364,九州電力送配電 66.0kV線,4331,4332,66.0,137.18,7e-06,1
4975,line,5365,西谷変電所~九州電力 小倉変電所線,4331,4962,66.0,274.36,9.1e-05,0
4976,line,5366,九州電力送配電 66.0kV線,4331,4959,66.0,137.18,9.2e-05,1
4977,line,5367,苅田行橋線,4964,4333,66.0,137.18,1.3e-05,1
4978,line,5368,苅田行橋線,4964,4334,66.0,137.18,1.6e-05,0
4979,line,5369,富久町一丁目変電所~京町二丁目変電所線,4334,4966,66.0,137.18,3.9e-05,0
4980,line,5370,苅田行橋線,4334,5203,66.0,137.18,0.000208,0
4981,line,5371,苅田雨窪線,4966,5204,66.0,137.18,5.8e-05,0
4982,line,5372,苅田火力新線,4335,5002,220.0,1371.78,1e-05,0
4983,line,5373,東岡山変電所~西播変電所線,4967,4971,500.0,13856.41,1.2e-05,0
4984,line,5374,新岡山幹線 (Shin Okayama Kansen),4967,4974,500.0,27712.81,9e-06,0
4985,line,5375,菰池二丁目変電所~東岡山変電所線,4967,4345,500.0,27712.81,5e-06,0
4986,line,5376,西播変電所~久崎変電所線,4971,3005,500.0,13856.41,3e-06,0
4987,line,5377,光都一丁目変電所~西播変電所線,4971,4640,500.0,27712.81,0.0,0
4988,line,5378,久崎変電所~光都一丁目変電所線,3005,4336,500.0,6928.2,1.6e-05,0
4989,line,5379,久崎変電所~長尾変電所線,3005,4744,500.0,6928.2,3e-06,0
4990,line,5380,新岡山変電所~日野変電所線,4974,4978,500.0,27712.81,8e-06,0
4991,line,5381,新広島幹線 (Shin Hiroshima Kansen),4974,4344,500.0,10392.3,2e-06,0
4992,line,5382,新岡山変電所~高梁市変電所線,4974,5528,500.0,3464.1,7e-06,0
4993,line,5383,中国送電線_27,4339,4341,110.0,102.88,1.9e-05,0
4994,line,5384,松江四丁目変電所~福田町南畝変電所線,4339,5371,66.0,68.59,0.000119,0
4995,line,5385,菰池二丁目変電所~松江四丁目変電所線,4339,4340,66.0,137.18,5.7e-05,0
4996,line,5386,松江四丁目変電所~福田町南畝変電所線,5371,5279,66.0,68.59,6.7e-05,0
4997,line,5387,松江四丁目変電所~福田町南畝変電所線,5279,5101,66.0,68.59,1.7e-05,0
4998,line,5388,送電線,4340,4712,66.0,137.18,0.000139,0
4999,line,5389,送電線,4340,4713,66.0,137.18,3.1e-05,1
5000,line,5390,namebind,4340,4982,66.0,274.36,0.000108,0
5001,line,5391,日野変電所~開閉所線,4978,4992,500.0,27712.81,1.2e-05,0
5002,line,5392,北松江幹線,4978,5317,500.0,6928.2,2.3e-05,0
5003,line,5393,松江四丁目変電所~倉敷変電所線,4341,4342,110.0,342.95,1e-06,0
5004,line,5394,潮通一丁目変電所~松江四丁目変電所線,4341,5370,110.0,342.95,1.7e-05,0
5005,line,5395,松江四丁目変電所~倉敷変電所線,4342,4343,110.0,342.95,8.3e-05,0
5006,line,5396,松江四丁目変電所~迫間変電所線,4342,4715,110.0,171.47,0.000158,0
5007,line,5397,松江四丁目変電所~倉敷変電所線,4343,4994,110.0,342.95,6.8e-05,0
5008,line,5398,中国送電線_383,4343,4832,110.0,171.47,2.6e-05,1
5009,line,5399,岡山変電所~倉敷変電所線,4994,5513,110.0,857.37,2.9e-05,0
5010,line,5400,namebind,4994,5072,110.0,342.95,8.3e-05,0
5011,line,5401,東富井変電所~倉敷変電所線,4994,4842,110.0,342.95,4.2e-05,0
5012,line,5402,新岡山変電所~高梁市変電所線,4344,4767,500.0,3464.1,7e-06,1
5013,line,5403,菰池二丁目変電所~東岡山変電所線,4981,4345,500.0,27712.81,8e-06,0
5014,line,5404,菰池二丁目変電所~福江町三丁目変電所線,4981,5498,500.0,3464.1,2.1e-05,0
5015,line,5405,中国電力ネットワーク 500.0kV線,4345,4847,500.0,3464.1,0.0,1
5016,line,5406,潮通一丁目変電所~迫間変電所線,5278,5370,110.0,342.95,1.2e-05,0
5017,line,5407,潮通一丁目変電所~福田町南畝変電所線,5278,5101,110.0,171.47,6e-06,0
5018,line,5408,潮通一丁目変電所~迫間変電所線,5370,5369,110.0,171.47,0.000202,0
5019,line,5409,潮通一丁目変電所~迫間変電所線,5369,4976,110.0,102.88,0.000618,0
5020,line,5410,松江四丁目変電所~迫間変電所線,4976,4715,110.0,171.47,0.000196,0
5021,line,5411,光都一丁目変電所~開閉所線,4992,4351,500.0,6928.2,2.5e-05,1
5022,line,5412,東岡山変電所~谷口変電所線,4969,4450,110.0,342.95,0.00016,0
5023,line,5413,中国電力ネットワーク 220.0kV線,4968,4985,220.0,5487.14,2.2e-05,0
5024,line,5414,新岡山変電所~井原開閉所線,4975,4989,220.0,2743.57,3.5e-05,0
5025,line,5415,新岡山変電所~倉敷市変電所線,4975,4356,220.0,1371.78,9.2e-05,0
5026,line,5416,新岡山変電所~井原開閉所線,4975,4745,220.0,2743.57,3e-06,0
5027,line,5417,岡山変電所~井原開閉所線,4989,4356,220.0,1371.78,3.8e-05,0
5028,line,5418,笠岡変電所~井原開閉所線,4989,5088,220.0,685.89,9.9e-05,0
5029,line,5419,井原開閉所~府中町変電所線,4989,4357,220.0,2743.57,3.6e-05,0
5030,line,5420,新岡山変電所~井原開閉所線,4989,4745,220.0,2743.57,3e-05,0
5031,line,5421,岡山変電所~新上道変電所線,4985,4987,220.0,2743.57,3.1e-05,0
5032,line,5422,中国電力ネットワーク 220.0kV線,4985,4356,220.0,1371.78,9e-05,0
5033,line,5423,西播変電所~古池本町変電所線,4972,4346,275.0,3810.51,1e-06,1
5034,line,5424,西播変電所~古池本町変電所線,4972,4347,275.0,3810.51,2.7e-05,1
5035,line,5425,赤穂市変電所~西播変電所線,4972,4350,275.0,952.63,3.2e-05,0
5036,line,5426,namebind,4972,5377,275.0,1905.26,3.5e-05,0
5037,line,5427,赤穂市変電所~西播変電所線,5277,5330,275.0,952.63,6e-06,0
5038,line,5428,namebind,5277,4706,275.0,952.63,2.1e-05,0
5039,line,5429,赤穂市変電所~西播変電所線,5330,4348,275.0,952.63,6e-06,0
5040,line,5430,赤穂市変電所~西播変電所線,4348,4349,275.0,952.63,7e-06,0
5041,line,5431,中国送電線_245,4348,4706,275.0,952.63,7e-06,0
5042,line,5432,赤穂市変電所~西播変電所線,4349,4350,275.0,952.63,8e-06,0
5043,line,5433,緑ケ丘四丁目変電所~片浜町変電所線,4349,4593,275.0,1905.26,2e-06,0
5044,line,5434,中国送電線_317,4350,4780,275.0,952.63,1.3e-05,1
5045,line,5435,岡山変電所~倉敷変電所線,4352,4353,110.0,342.95,3.6e-05,0
5046,line,5436,中国電力ネットワーク 110.0kV線,4352,4995,110.0,171.47,0.000166,1
5047,line,5437,岡山変電所~倉敷変電所線,4353,4354,110.0,342.95,0.000261,0
5048,line,5438,総社変電所~玉川町玉変電所線,4353,4432,110.0,171.47,0.000313,1
5049,line,5439,岡山変電所~倉敷変電所線,4354,4355,110.0,342.95,1.6e-05,0
5050,line,5440,中国電力ネットワーク 110.0kV線,4354,4997,110.0,171.47,3.8e-05,0
5051,line,5441,岡山変電所~倉敷変電所線,4355,5513,110.0,342.95,1.5e-05,0
5052,line,5442,船穂町船穂変電所~笠岡変電所線,4355,4431,110.0,171.47,0.000167,0
5053,line,5443,中国送電線_385,4355,4414,110.0,171.47,2.8e-05,0
5054,line,5444,倉敷市変電所~倉敷変電所線,5513,4414,110.0,342.95,1.9e-05,0
5055,line,5445,新岡山変電所~倉敷市変電所線,4356,4996,220.0,1371.78,4.8e-05,0
5056,line,5447,井原開閉所~府中町変電所線,4357,4358,220.0,2743.57,1e-06,0
5057,line,5448,加茂町大字下加茂変電所~府中町変電所線,4357,5198,220.0,685.89,5.1e-05,0
5058,line,5449,府中町変電所~尾道市変電所線,4358,5234,220.0,1371.78,4e-05,0
5059,line,5450,中国電力ネットワーク 220.0kV線,4358,4531,220.0,1371.78,1.1e-05,0
5060,line,5451,namebind,5504,5510,220.0,4115.35,1.2e-05,0
5061,line,5452,古開作変電所~東山口変電所 (Higashi Yamaguchi Hendensho)線,5504,4359,220.0,4115.35,3.3e-05,0
5062,line,5453,古開作変電所~東山口変電所 (Higashi Yamaguchi Hendensho)線,4359,4991,220.0,4115.35,1e-05,0
5063,line,5454,新西広島変電所~新徳山変電所線,4359,4998,220.0,685.89,3.6e-05,0
5064,line,5455,新徳山変電所~東山口変電所 (Higashi Yamaguchi Hendensho)線,4991,4998,220.0,1371.78,3.1e-05,0
5065,line,5456,新徳山変電所~山口市変電所線,4998,4361,220.0,2743.57,4.1e-05,0
5066,line,5457,新徳山変電所~下松発電所線,4998,5165,220.0,4115.35,1.2e-05,0
5067,line,5458,若山二丁目変電所~新徳山変電所線,4998,5251,220.0,2743.57,2.1e-05,0
5068,line,5459,新山口変電所~山口変電所線,4953,4360,220.0,1371.78,7.8e-05,0
5069,line,5460,山口変電所~小野田変電所線,4360,5253,220.0,2743.57,1.4e-05,0
5070,line,5461,中国電力ネットワーク 220.0kV線,4360,5135,220.0,2743.57,3e-06,0
5071,line,5462,新徳山変電所~山口市変電所線,4361,4362,220.0,2743.57,1.6e-05,0
5072,line,5463,大字中山変電所~宮野変電所線,4361,5239,220.0,685.89,6e-06,0
5073,line,5464,大字中山変電所~宮野変電所線,4361,4597,220.0,685.89,7.4e-05,1
5074,line,5465,中国電力ネットワーク 220.0kV線,4362,5161,220.0,1371.78,9e-06,0
5075,line,5466,山口市変電所~山口変電所線,4362,5135,220.0,2743.57,3.9e-05,0
5076,line,5467,徳山変電所~下小鯖変電所線,5152,5239,110.0,171.47,0.000853,0
5077,line,5468,中国電力ネットワーク 110.0kV線,5152,4493,110.0,1371.78,8e-06,0
5078,line,5469,徳山変電所~川崎変電所線,5152,4495,110.0,171.47,0.000123,0
5079,line,5470,徳山変電所~久米中央三丁目変電所線,5152,4496,110.0,1028.84,2.1e-05,0
5080,line,5471,新徳山変電所~徳山変電所線,5152,4999,110.0,685.89,5.9e-05,0
5081,line,5472,徳山変電所~下小鯖変電所線,5239,5169,110.0,342.95,0.000123,0
5082,line,5473,徳山変電所~下小鯖変電所線,5169,4363,110.0,171.47,8.5e-05,0
5083,line,5474,下小鯖変電所~山口市変電所線,4363,5162,110.0,685.89,2e-05,0
5084,line,5475,下小鯖変電所~小郡変電所線,4363,4509,110.0,171.47,0.000174,0
5085,line,5476,西播変電所~緑ケ丘四丁目変電所線,4971,4364,500.0,3464.1,6e-06,0
5086,line,5477,中国送電線_162,4971,4641,500.0,3464.1,1e-06,1
5087,line,5478,緑ケ丘四丁目変電所~片浜町変電所線,4364,5535,275.0,1905.26,3e-06,0
5088,line,5479,namebind,4364,5377,275.0,2857.88,4e-06,0
5089,line,5480,中国送電線_28,3013,5377,275.0,533.47,8.6e-05,0
5090,line,5481,古池本町変電所~緑ケ丘四丁目変電所線,5377,4594,275.0,1905.26,7e-06,1
5091,line,5482,leadin,5204,4539,66.0,137.18,2.2e-05,1
5092,line,5483,西谷雨窪線,5204,4366,66.0,137.18,0.000218,0
5093,line,5484,大字雨窪変電所~朽網東五丁目変電所線,5204,5014,66.0,137.18,6e-05,0
5094,line,5485,九州電力送配電 66.0kV線,4366,4374,66.0,137.18,6e-06,0
5095,line,5486,西谷雨窪線,4366,4373,66.0,137.18,0.000162,0
5096,line,5487,小倉北区変電所~大門変電所線,5000,5432,66.0,68.59,2.8e-05,1
5097,line,5488,小倉南区変電所~西谷変電所線,4367,4961,110.0,342.95,0.000267,1
5098,line,5489,中国電力ネットワーク 66.0kV線,4368,4369,66.0,68.59,0.000987,0
5099,line,5490,中国送電線_29,4368,5003,66.0,68.59,0.00027,0
5100,line,5491,中国電力ネットワーク 66.0kV線,4368,5001,66.0,137.18,2.7e-05,1
5101,line,5492,西谷変電所~小倉南区変電所線,5003,4962,66.0,68.59,0.000417,0
5102,line,5493,九州電力 徳力変電所~西谷変電所線,4962,5013,66.0,137.18,7.2e-05,0
5103,line,5494,西谷変電所~槻田系統開閉所線,4962,5012,66.0,137.18,0.00017,0
5104,line,5495,西谷変電所~八幡変電所線,4962,4370,66.0,205.77,0.000132,0
5105,line,5496,西谷変電所~春の町二丁目変電所線,4370,5005,66.0,137.18,7.7e-05,0
5106,line,5497,春の町二丁目変電所~八幡変電所線,4370,5015,66.0,137.18,7.5e-05,1
5107,line,5498,九州電力 松ヶ江変電所~九州電力 曽根変電所線,4371,5022,66.0,274.36,0.000105,0
5108,line,5499,九州電力 門司変電所~九州電力 松ヶ江変電所線,4371,4942,66.0,274.36,6.5e-05,0
5109,line,5500,中国電力ネットワーク 66.0kV線,4371,5009,66.0,137.18,8.1e-05,1
5110,line,5501,門司分岐線,5022,4374,66.0,137.18,0.000135,0
5111,line,5502,中国送電線_76,4942,5025,66.0,137.18,0.000317,0
5112,line,5503,九州電力 門司変電所~JR西日本 新門司変電所線,4942,4372,66.0,274.36,3.6e-05,0
5113,line,5504,九州電力 今津変電所~九州電力 門司変電所線,4942,5010,66.0,137.18,6.7e-05,0
5114,line,5505,西谷雨窪線,5013,4373,66.0,137.18,8.2e-05,0
5115,line,5506,九州電力 到津変電所~槻田系統開閉所線,5012,5016,66.0,137.18,1.9e-05,0
5116,line,5507,到津変電所~九州電力 到津変電所線,5018,5016,66.0,137.18,2e-05,0
5117,line,5508,九州電力送配電 220.0kV線,5018,4378,66.0,68.59,1.6e-05,0
5118,line,5509,日明系統開閉所~到津変電所線,5018,5021,66.0,68.59,0.000161,0
5119,line,5510,到津変電所~井堀三丁目変電所線,5018,5019,66.0,274.36,2.3e-05,0
5120,line,5511,中国送電線_151,4373,4630,66.0,68.59,0.000123,1
5121,line,5512,朽網東五丁目変電所~九州電力 曽根変電所線,5014,4374,66.0,137.18,0.000182,0
5122,line,5513,中国電力ネットワーク 110.0kV線,5081,4412,110.0,171.47,1.1e-05,1
5123,line,5514,北区変電所~岡山変電所線,5081,5071,110.0,342.95,9e-05,0
5124,line,5515,北区変電所~倉敷市変電所線,5081,4375,110.0,171.47,0.000298,0
5125,line,5516,北区変電所~北長瀬本町変電所線,5081,5345,110.0,342.95,2.3e-05,1
5126,line,5517,北区変電所~津倉町二丁目変電所線,5081,5119,110.0,171.47,7.1e-05,1
5127,line,5518,中国電力ネットワーク 110.0kV線,5081,4406,110.0,685.89,1.4e-05,0
5128,line,5519,津倉町二丁目変電所~建部変電所線,5081,4581,110.0,171.47,0.000126,0
5129,line,5520,北区変電所~倉敷市変電所線,4375,4376,110.0,171.47,5.8e-05,0
5130,line,5521,吉備変電所~中国電力線,4375,4741,110.0,171.47,3.5e-05,0
5131,line,5522,北区変電所~倉敷市変電所線,4376,4377,110.0,171.47,0.000132,0
5132,line,5523,namebind,4376,5448,110.0,342.95,8.6e-05,0
5133,line,5524,北区変電所~倉敷市変電所線,4377,4997,110.0,171.47,0.000161,0
5134,line,5525,中国送電線_408,4377,5247,110.0,171.47,4.1e-05,1
5135,line,5526,倉敷市変電所~倉敷変電所線,4997,4414,110.0,342.95,2.6e-05,0
5136,line,5527,leadin,5345,4882,110.0,171.47,4e-06,1
5137,line,5528,日明系統開閉所~大門変電所線,5021,5432,66.0,137.18,1.9e-05,0
5138,line,5529,日明系統開閉所~到津変電所線,5020,5017,220.0,2743.57,3e-06,0
5139,line,5530,九州電力送配電 220.0kV線,5017,4379,220.0,4115.35,0.0,0
5140,line,5531,中国送電線_77,5025,4380,66.0,137.18,1.3e-05,0
5141,line,5532,備前変電所~浦伊部変電所線,5100,4381,66.0,137.18,4e-05,0
5142,line,5533,新香登補助き電区分所~備前変電所線,5100,4444,66.0,137.18,0.000216,0
5143,line,5534,備前変電所~浦伊部変電所線,4381,5030,66.0,137.18,6.4e-05,0
5144,line,5535,備前変電所~新伊里補助き電区分所線,4381,4459,66.0,68.59,0.000304,0
5145,line,5536,西大寺伊部線,5030,4430,66.0,137.18,0.000155,0
5146,line,5537,伊里変電所~浦伊部変電所線,5030,4459,66.0,68.59,0.000444,0
5147,line,5538,阿波変電所~国府変電所線,5034,2748,187.0,1943.36,2.7e-05,0
5148,line,5539,四国電力送配電 187.0kV線,2748,5036,187.0,971.68,3e-06,0
5149,line,5540,国府変電所~徳島市変電所線,2748,4386,187.0,1943.36,6.2e-05,1
5150,line,5541,中国電力ネットワーク 66.0kV線,4383,4384,66.0,68.59,0.000416,1
5151,line,5542,大内変電所~徳島市変電所線,4384,4387,66.0,137.18,0.000424,0
5152,line,5543,応神東線,4384,5037,66.0,137.18,0.000639,0
5153,line,5544,国府変電所~鉢変電所線,5036,4576,187.0,971.68,0.000125,1
5154,line,5545,国府変電所~大殿変電所線,5036,4582,187.0,1457.52,0.000105,0
5155,line,5546,四国電力送配電 66.0kV線,5037,4385,66.0,274.36,0.000329,1
5156,line,5547,四国電力送配電 66.0kV線,5037,2793,66.0,68.59,0.000383,0
5157,line,5548,国府変電所~徳島市変電所線,5037,5384,66.0,137.18,8.8e-05,0
5158,line,5549,国府変電所~鴨島町飯尾変電所線,5037,4679,66.0,137.18,0.000504,0
5159,line,5550,大内変電所~徳島市変電所線,5035,4387,66.0,137.18,0.000344,0
5160,line,5551,四国電力送配電 66.0kV線,4387,4818,66.0,68.59,2.1e-05,1
5161,line,5552,中国電力ネットワーク 110.0kV線,4388,4390,110.0,171.47,2.6e-05,0
5162,line,5553,緑井六丁目変電所~八木八丁目変電所線,4389,5283,110.0,102.88,0.00015,1
5163,line,5554,東岡山変電所~中須賀変電所線,4391,5313,110.0,342.95,0.000216,1
5164,line,5555,北区変電所~原方変電所線,4392,5091,110.0,342.95,0.000367,0
5165,line,5556,建部変電所~北区変電所線,4392,4393,110.0,342.95,0.000141,0
5166,line,5557,中国電力ネットワーク 110.0kV線,4392,5039,110.0,171.47,2.4e-05,1
5167,line,5558,新見変電所~原方変電所線,5091,4655,110.0,342.95,8e-05,1
5168,line,5559,中国電力ネットワーク 110.0kV線,5091,4660,110.0,171.47,9.2e-05,0
5169,line,5560,中国電力ネットワーク 110.0kV線,4393,5038,110.0,342.95,3.6e-05,0
5170,line,5561,宮原線,5047,4394,110.0,342.95,8.4e-05,0
5171,line,5562,忠海長浜一丁目変電所~呉変電所線,5047,4398,110.0,685.89,0.000252,0
5172,line,5563,宮原線,4394,5130,110.0,342.95,4.7e-05,0
5173,line,5564,宮原変電所~上平原変電所線,4394,5130,110.0,171.47,9.1e-05,0
5174,line,5565,leadin,5130,4846,110.0,514.42,7e-06,1
5175,line,5566,吉和変電所~東益田変電所線,4395,4396,110.0,171.47,3e-06,1
5176,line,5567,中国電力ネットワーク 110.0kV線,4395,4649,110.0,171.47,1.5e-05,0
5177,line,5568,中国送電線_122,4397,4577,220.0,1371.78,2e-06,0
5178,line,5569,黒瀬変電所~大崎上島町変電所線,4397,5041,220.0,1371.78,3.3e-05,0
5179,line,5570,namebind,5041,4577,220.0,685.89,5.3e-05,0
5180,line,5571,忠海長浜一丁目変電所~呉変電所線,5488,4398,110.0,685.89,4.6e-05,0
5181,line,5572,忠海長浜一丁目変電所~沼田一丁目変電所線,5488,4399,110.0,342.95,0.000184,0
5182,line,5573,忠海長浜一丁目変電所~本町四丁目変電所線,5488,5051,110.0,342.95,8.5e-05,0
5183,line,5574,namebind,5488,4754,110.0,685.89,6.4e-05,0
5184,line,5575,中国電力ネットワーク 110.0kV線,4398,5051,110.0,171.47,1.8e-05,0
5185,line,5576,忠海長浜一丁目変電所~沼田一丁目変電所線,4399,5363,110.0,342.95,1.2e-05,0
5186,line,5577,namebind,4399,5364,110.0,171.47,0.000238,0
5187,line,5578,西日本旅客鉄道 110.0kV線,5363,4415,110.0,685.89,7e-06,0
5188,line,5579,本町四丁目変電所~沼田一丁目変電所線,5363,4477,110.0,342.95,0.000149,0
5189,line,5580,新倉一丁目変電所~沼田一丁目変電所線,5363,5364,110.0,171.47,4.3e-05,0
5190,line,5581,中国送電線_96,5363,4527,110.0,171.47,0.000306,0
5191,line,5582,leadin,5051,5053,110.0,171.47,5e-06,1
5192,line,5583,忠海長浜一丁目変電所~本町四丁目変電所線,5051,4652,110.0,171.47,0.00024,0
5193,line,5584,菅田変電所~北松江変電所線,5237,5060,110.0,342.95,7.4e-05,1
5194,line,5585,大井町変電所~北松江変電所線,5060,5318,110.0,857.37,3e-06,0
5195,line,5586,中国電力ネットワーク 110.0kV線,4400,5062,110.0,171.47,8.7e-05,1
5196,line,5587,宍道町変電所~玉造変電所 (Tamatsukuri Hendensho)線,4400,4402,110.0,342.95,5.1e-05,0
5197,line,5588,宍道町変電所~玉造変電所 (Tamatsukuri Hendensho)線,4400,4403,110.0,342.95,0.000112,0
5198,line,5589,大井町変電所~北松江変電所線,5318,4401,110.0,171.47,0.000221,0
5199,line,5590,比津が丘五丁目変電所~北松江変電所線,4401,5298,110.0,171.47,0.000281,1
5200,line,5591,北松江変電所~昭和町変電所線,4401,5297,110.0,171.47,0.000395,0
5201,line,5592,中国送電線_148,4402,5356,110.0,171.47,4.1e-05,1
5202,line,5593,宍道町変電所~斐川町神氷変電所線,4402,4916,110.0,685.89,6.5e-05,0
5203,line,5594,玉造変電所 (Tamatsukuri Hendensho)~八雲町変電所線,4403,5121,110.0,342.95,0.000126,0
5204,line,5595,中国電力ネットワーク 110.0kV線,4403,5063,110.0,342.95,4.8e-05,1
5205,line,5596,吉谷変電所~米子変電所線,4404,5065,110.0,342.95,7.1e-05,0
5206,line,5597,日野変電所~吉谷変電所線,4404,4980,110.0,342.95,0.000198,0
5207,line,5598,中国電力ネットワーク 110.0kV線,4404,5064,110.0,342.95,2.5e-05,1
5208,line,5599,米子変電所~安来変電所線,5065,5122,110.0,171.47,0.000252,0
5209,line,5600,中国電力ネットワーク 110.0kV線,5065,4599,110.0,685.89,1.1e-05,0
5210,line,5601,日野変電所~江府町変電所線,4979,4405,220.0,4115.35,9e-06,0
5211,line,5602,日野変電所~江府町変電所線,4405,5519,220.0,4115.35,3e-06,0
5212,line,5603,中国電力ネットワーク 220.0kV線,4405,5541,220.0,1371.78,5e-06,0
5213,line,5604,江府町変電所~水原変電所線,5519,5285,220.0,2743.57,0.000111,0
5214,line,5605,安来市変電所~安来変電所線,5122,5157,110.0,514.42,5e-06,0
5215,line,5606,日立金属安来線,5122,5446,110.0,342.95,6e-06,1
5216,line,5607,玉島火力線,5070,5249,110.0,1200.31,1e-06,1
5217,line,5608,水島変電所~倉敷市変電所線,5070,4757,110.0,342.95,8.5e-05,1
5218,line,5609,leadin,5119,4881,110.0,171.47,5.6e-05,1
5219,line,5610,中国電力ネットワーク 110.0kV線,4406,4407,110.0,685.89,1.4e-05,0
5220,line,5611,御舟入町変電所~北長瀬本町変電所線,4406,4413,110.0,685.89,1.9e-05,0
5221,line,5612,中国送電線_380,4407,5447,110.0,685.89,1.3e-05,0
5222,line,5613,北区変電所~中国電力線,4407,5111,110.0,685.89,2.1e-05,0
5223,line,5614,新上道変電所~備前変電所線,4408,4445,110.0,342.95,2.8e-05,0
5224,line,5615,中区変電所~国府市場変電所線,5112,5116,110.0,342.95,1.2e-05,0
5225,line,5616,中国電力~平井二丁目変電所線,5474,5117,110.0,342.95,1.2e-05,0
5226,line,5617,平井二丁目変電所~西大寺変電所 (Saidaiji Hendensho)線,5474,4409,110.0,685.89,1.6e-05,0
5227,line,5618,御舟入町変電所~平井二丁目変電所線,5474,5067,110.0,171.47,3.4e-05,0
5228,line,5619,中国送電線_412,4409,4843,110.0,171.47,7e-06,1
5229,line,5620,水島西通二丁目変電所~水島変電所線,4410,4411,110.0,342.95,0.0,1
5230,line,5621,水島西通二丁目変電所~水島変電所線,4411,5072,110.0,171.47,3.5e-05,0
5231,line,5622,namebind,4411,5367,110.0,171.47,3.9e-05,0
5232,line,5623,水島中通三丁目変電所~水島変電所線,5072,4454,110.0,171.47,1.9e-05,0
5233,line,5624,中国電力~下中野変電所線,5111,4878,110.0,171.47,4e-05,1
5234,line,5625,中国電力~平井二丁目変電所線,5111,5115,110.0,171.47,0.000141,0
5235,line,5626,中国電力~平井二丁目変電所線,5115,5117,110.0,171.47,8.9e-05,0
5236,line,5627,三蟠変電所~南岡山変電所線,5115,4821,110.0,171.47,2.7e-05,0
5237,line,5628,平井二丁目変電所~三蟠変電所線,5117,5472,110.0,171.47,8.8e-05,0
5238,line,5629,御舟入町変電所~北長瀬本町変電所線,5067,5069,110.0,685.89,1e-05,0
5239,line,5630,御舟入町変電所~北長瀬本町変電所線,5069,4413,110.0,685.89,1.6e-05,0
5240,line,5631,leadin,4413,5496,110.0,171.47,3.6e-05,1
5241,line,5632,沼田一丁目変電所~北尾道変電所線,4415,5078,110.0,685.89,0.000137,0
5242,line,5633,北尾道変電所~東上原変電所線,5078,4416,110.0,342.95,1.8e-05,0
5243,line,5634,北尾道変電所~箕島町変電所線,5078,4422,110.0,685.89,8.2e-05,0
5244,line,5635,北尾道変電所~尾道変電所線,5078,4418,110.0,1543.26,2.7e-05,0
5245,line,5636,北尾道変電所~東上原変電所線,4416,5547,110.0,342.95,0.000226,1
5246,line,5637,用土町変電所~北尾道変電所線,4416,4543,220.0,342.95,0.000147,0
5247,line,5638,北尾道変電所~東上原変電所線,5547,4591,110.0,342.95,0.000145,1
5248,line,5639,因島変電所~瀬戸田町沢変電所線,5077,4875,110.0,342.95,5e-06,1
5249,line,5640,因島三庄町変電所~伯方変電所線,5077,5346,110.0,342.95,4e-05,1
5250,line,5641,中国送電線_87,5077,4524,110.0,171.47,0.000129,1
5251,line,5642,namebind,5077,4874,110.0,171.47,0.000109,1
5252,line,5643,因島変電所~瀬戸田町沢変電所線,4875,5374,110.0,171.47,0.000252,1
5253,line,5644,尾道変電所~因島変電所線,4875,5079,110.0,171.47,0.000528,0
5254,line,5645,因島変電所~瀬戸田町沢変電所線,5374,5373,110.0,171.47,1.3e-05,1
5255,line,5646,松永変電所~新高山三丁目変電所線,4417,5073,110.0,171.47,0.000104,0
5256,line,5647,栗原西一丁目変電所~中国電力（株）本庄変電所線,4417,5079,110.0,342.95,0.000114,0
5257,line,5648,栗原西一丁目変電所~中国電力（株）本庄変電所線,4417,5080,110.0,342.95,3e-05,0
5258,line,5649,東尾道向島線,5073,5489,110.0,685.89,2.3e-05,0
5259,line,5650,中国送電線_182,5073,4663,110.0,171.47,7.5e-05,1
5260,line,5651,中国送電線_295,5073,4755,110.0,342.95,5.5e-05,1
5261,line,5652,中国電力ネットワーク 110.0kV線,5073,4419,110.0,171.47,8.6e-05,0
5262,line,5653,尾道変電所~新高山三丁目変電所線,5073,5079,110.0,342.95,4.7e-05,0
5263,line,5654,中国電力ネットワーク 110.0kV線,4418,4420,110.0,171.47,6e-06,0
5264,line,5655,尾道変電所~新高山三丁目変電所線,4418,4419,110.0,171.47,0.000131,0
5265,line,5656,新高山三丁目変電所~松永変電所線,4419,5080,110.0,342.95,5.6e-05,0
5266,line,5657,中国電力ネットワーク 110.0kV線,4420,5079,110.0,171.47,5.5e-05,0
5267,line,5658,中国送電線_96,4420,4527,110.0,171.47,0.000114,0
5268,line,5659,箕島町変電所~沼隈町大字草深変電所線,4421,5076,110.0,342.95,0.000101,1
5269,line,5660,北尾道変電所~箕島町変電所線,4421,4422,110.0,685.89,8.7e-05,0
5270,line,5661,北尾道変電所~箕島町変電所線,4421,5074,110.0,685.89,3e-05,0
5271,line,5662,松永変電所~北吉津町五丁目変電所線,5080,4422,110.0,342.95,3.7e-05,0
5272,line,5663,松永変電所~北吉津町五丁目変電所線,4422,4423,110.0,342.95,0.000118,0
5273,line,5664,松永変電所~北吉津町五丁目変電所線,4423,4424,110.0,342.95,4.2e-05,0
5274,line,5665,加茂町大字下加茂変電所~中国電力（株）本庄変電所線,4423,4529,220.0,171.47,1.5e-05,0
5275,line,5666,中国送電線_390,4424,4535,110.0,171.47,5e-06,0
5276,line,5667,松永変電所~北吉津町五丁目変電所線,4424,5086,110.0,342.95,9e-06,0
5277,line,5668,中国送電線_390,5086,4535,110.0,171.47,1.8e-05,0
5278,line,5669,笠岡変電所~北吉津町五丁目変電所線,5086,4437,110.0,342.95,0.000154,0
5279,line,5670,笠岡変電所~北吉津町五丁目変電所線,5086,4438,110.0,342.95,8.8e-05,0
5280,line,5671,尾道変電所~栗原西一丁目変電所線,5079,5075,110.0,171.47,4.5e-05,0
5281,line,5672,箕島町変電所~大門町四丁目変電所線,5074,4436,110.0,342.95,0.000104,0
5282,line,5673,中国電力ネットワーク 110.0kV線,5074,4621,110.0,171.47,4.7e-05,1
5283,line,5674,namebind,5075,4751,110.0,342.95,5.3e-05,0
5284,line,5675,新鴨方変電所~笠岡変電所線,5491,4425,110.0,171.47,6.5e-05,1
5285,line,5676,船穂町船穂変電所~笠岡変電所線,4425,4440,110.0,171.47,1.9e-05,0
5286,line,5677,船穂町船穂変電所~笠岡変電所線,4425,5089,110.0,171.47,4.9e-05,0
5287,line,5678,富岡変電所~倉敷市変電所線,4426,4427,110.0,342.95,0.000161,0
5288,line,5679,鴨方変電所~富岡変電所線,4426,5449,110.0,171.47,0.000103,0
5289,line,5680,笠岡変電所~富岡変電所線,4426,5089,110.0,685.89,3.1e-05,0
5290,line,5681,倉敷市変電所~新倉敷補助き電区分所線,4427,4431,110.0,342.95,9.2e-05,0
5291,line,5682,中国電力ネットワーク 110.0kV線,4427,5249,110.0,685.89,3.2e-05,0
5292,line,5683,西大寺金山線;西大寺伊部線,5083,4984,66.0,68.59,7.7e-05,0
5293,line,5684,西大寺伊部線,5083,4428,66.0,137.18,9.8e-05,0
5294,line,5685,西大寺伊部線,4428,4429,66.0,137.18,9e-06,0
5295,line,5686,金山変電所~新上道変電所線,4428,4988,66.0,68.59,0.000586,0
5296,line,5687,西大寺伊部線,4429,5476,66.0,137.18,0.000197,0
5297,line,5688,金山変電所~下阿知変電所線,4429,5110,66.0,68.59,0.000604,1
5298,line,5689,西大寺伊部線,5476,4430,66.0,137.18,0.000206,0
5299,line,5690,新香登補助き電区分所~備前変電所線,4430,4443,66.0,137.18,3.7e-05,0
5300,line,5691,船穂町船穂変電所~笠岡変電所線,4431,4439,110.0,171.47,9.8e-05,0
5301,line,5692,総社変電所~玉川町玉変電所線,4432,4433,110.0,171.47,4.8e-05,0
5302,line,5693,中国送電線_227,4432,4697,110.0,171.47,9.5e-05,1
5303,line,5694,中国送電線_227,4432,4698,110.0,171.47,6e-05,0
5304,line,5695,総社変電所~玉川町玉変電所線,4433,4434,110.0,171.47,4.4e-05,0
5305,line,5696,中国送電線_399,4433,4698,110.0,171.47,2.2e-05,0
5306,line,5697,中国送電線_227,4434,4698,110.0,171.47,2.7e-05,0
5307,line,5698,中国送電線_398,4434,4626,110.0,171.47,4.8e-05,1
5308,line,5699,笠岡変電所~大門町四丁目変電所線,5089,4435,110.0,685.89,6.4e-05,0
5309,line,5700,笠岡変電所~北吉津町五丁目変電所線,5089,4437,110.0,685.89,3.6e-05,0
5310,line,5701,玉島火力線,5089,5453,110.0,342.95,6.8e-05,0
5311,line,5702,笠岡田頭線,5089,5084,110.0,342.95,3.3e-05,0
5312,line,5703,井原開閉所~笠岡変電所線,5089,4440,110.0,171.47,6.8e-05,0
5313,line,5704,笠岡変電所~大門町四丁目変電所線,4435,4436,110.0,685.89,2.8e-05,0
5314,line,5705,中国送電線_310,4435,5454,110.0,171.47,8.9e-05,0
5315,line,5706,笠岡変電所~大門町四丁目変電所線,4436,5530,110.0,685.89,5e-06,1
5316,line,5707,笠岡変電所~北吉津町五丁目変電所線,4437,4438,110.0,342.95,7.3e-05,0
5317,line,5708,北吉津町五丁目変電所~笠岡変電所線,4438,4533,110.0,171.47,0.000107,1
5318,line,5709,玉島火力線,5249,5449,110.0,342.95,0.000174,0
5319,line,5710,玉島変電所~倉敷市変電所線,5249,5368,110.0,171.47,4e-05,0
5320,line,5711,玉島火力線,5449,5453,110.0,342.95,6e-06,0
5321,line,5712,船穂町船穂変電所~笠岡変電所線,4439,4440,110.0,171.47,0.000205,0
5322,line,5713,中国電力ネットワーク 110.0kV線,4439,5090,110.0,342.95,2e-05,1
5323,line,5714,井原開閉所~笠岡変電所線,4440,4624,110.0,171.47,0.000331,1
5324,line,5715,富岡支線,5084,5219,110.0,342.95,4.8e-05,1
5325,line,5716,中国電力ネットワーク 110.0kV線,4441,5096,110.0,171.47,0.000223,1
5326,line,5717,蒜山変電所 (Hiruzen Hendensho)~打吹発電所線,4441,4442,110.0,171.47,0.000568,0
5327,line,5718,中国電力ネットワーク 110.0kV線,4441,4660,110.0,514.42,0.000206,0
5328,line,5719,中国電力ネットワーク 110.0kV線,4442,5093,110.0,171.47,7.9e-05,0
5329,line,5720,中国電力ネットワーク 110.0kV線,4442,4644,110.0,1028.84,1.8e-05,0
5330,line,5721,新香登補助き電区分所~備前変電所線,4443,4444,66.0,137.18,8.1e-05,0
5331,line,5722,中国送電線_318,4443,5492,66.0,68.59,0.000227,1
5332,line,5723,中国送電線_124,4444,4580,66.0,68.59,0.000401,0
5333,line,5724,新上道変電所~備前変電所線,4445,4446,110.0,342.95,5.7e-05,0
5334,line,5725,新上道変電所~東区変電所線,4445,5108,110.0,342.95,2.7e-05,1
5335,line,5726,新上道変電所~備前変電所線,4446,5099,110.0,342.95,0.000196,0
5336,line,5727,東区変電所~山陽変電所線,4446,5097,110.0,171.47,6.6e-05,0
5337,line,5728,備前変電所~谷口変電所線,5099,4455,110.0,685.89,0.000129,0
5338,line,5729,新香登補助き電区分所~釜島変電所線,5097,4579,110.0,171.47,0.000463,1
5339,line,5730,中国電力ネットワーク 66.0kV線,4447,5105,66.0,68.59,0.000202,1
5340,line,5731,胸上変電所~迫間変電所線,4447,4453,66.0,137.18,0.000173,1
5341,line,5732,中国電力ネットワーク 66.0kV線,4447,5102,66.0,137.18,0.001038,1
5342,line,5733,leadin,5105,4781,66.0,137.18,1.3e-05,1
5343,line,5734,迫間変電所~槌ケ原変電所線,4977,5104,66.0,68.59,0.000357,0
5344,line,5735,胸上変電所~迫間変電所線,4977,4453,66.0,137.18,0.000313,1
5345,line,5736,日比六丁目変電所~迫間変電所線,4977,4449,66.0,205.77,2.7e-05,0
5346,line,5737,日比六丁目変電所~迫間変電所線,5324,4448,66.0,274.36,5e-06,1
5347,line,5738,日比六丁目変電所~迫間変電所線,5324,4449,66.0,137.18,0.000203,1
5348,line,5739,迫間変電所~琴浦変電所線,4449,4758,66.0,137.18,0.000215,0
5349,line,5740,迫間変電所~奥玉一丁目変電所線,4449,5308,66.0,137.18,0.000121,1
5350,line,5741,谷口変電所~南津山変電所線,4450,4451,110.0,342.95,0.000107,0
5351,line,5742,備前変電所~谷口変電所線,4450,4458,110.0,685.89,1.8e-05,0
5352,line,5743,谷口変電所~南津山変電所線,4451,4452,110.0,342.95,2e-06,0
5353,line,5744,中国送電線_258,4451,5106,110.0,171.47,3.1e-05,0
5354,line,5745,谷口変電所~南津山変電所線,4452,5106,110.0,342.95,1.3e-05,0
5355,line,5746,南津山変電所~茅町変電所線,4452,5306,110.0,171.47,0.000275,0
5356,line,5747,中国送電線_320,4453,4782,66.0,68.59,0.000183,1
5357,line,5748,namebind,4976,5472,110.0,171.47,0.000476,0
5358,line,5749,迫間変電所~槌ケ原変電所線,4976,5103,110.0,171.47,0.000122,0
5359,line,5750,土庄変電所~草壁変電所線,5102,5118,66.0,137.18,0.000642,1
5360,line,5751,水島中通三丁目変電所~水島変電所線,5367,4454,110.0,171.47,2.1e-05,0
5361,line,5752,leadin,4454,5372,110.0,171.47,1.9e-05,1
5362,line,5753,中国送電線_407,4455,4841,110.0,342.95,2e-06,1
5363,line,5754,備前変電所~谷口変電所線,4455,4456,110.0,685.89,2e-05,0
5364,line,5755,備前変電所~谷口変電所線,4456,4457,110.0,685.89,3.1e-05,0
5365,line,5756,中国送電線_406,4456,4840,110.0,342.95,7e-06,1
5366,line,5757,備前変電所~谷口変電所線,4457,4458,110.0,685.89,4e-05,0
5367,line,5758,中国送電線_313,4457,4877,110.0,171.47,5.8e-05,1
5368,line,5759,中国送電線_257,4458,4716,110.0,171.47,0.000175,1
5369,line,5760,備前変電所~新伊里補助き電区分所線,4459,5113,66.0,68.59,0.00013,1
5370,line,5761,新伊里補助き電区分所~福河変電所線,4460,5109,66.0,68.59,0.000329,1
5371,line,5762,新伊里補助き電区分所~三石変電所線,4460,5114,66.0,68.59,0.000413,1
5372,line,5763,備前変電所~新伊里補助き電区分所線,4460,5113,66.0,68.59,0.000339,1
5373,line,5764,金岡東町三丁目変電所~西大寺変電所 (Saidaiji Hendensho)線,5477,4984,66.0,137.18,0.000148,1
5374,line,5765,柿原変電所~下阿知変電所線,5110,5224,66.0,68.59,0.000276,1
5375,line,5766,新伊里補助き電区分所~伊里変電所線,5113,5536,66.0,68.59,3.6e-05,1
5376,line,5767,三蟠変電所~南岡山変電所線,5472,4821,110.0,171.47,5.3e-05,0
5377,line,5768,安来市変電所~安来変電所線,5158,5157,110.0,171.47,0.000399,0
5378,line,5769,安来市変電所~三成変電所線,5158,5225,110.0,342.95,0.000345,0
5379,line,5770,安来変電所~東出雲町錦新町六丁目変電所線,5157,4504,110.0,171.47,0.000339,0
5380,line,5771,中国送電線_169,4461,4599,110.0,102.88,2.5e-05,0
5381,line,5772,米子変電所~伯耆大山変電所線,4461,4462,66.0,68.59,0.000122,0
5382,line,5773,中国電力ネットワーク 66.0kV線,4461,5066,66.0,205.77,3.9e-05,0
5383,line,5774,米子変電所~伯耆大山変電所線,4462,5420,66.0,68.59,0.000208,0
5384,line,5775,namebind,4462,5431,66.0,68.59,0.000296,0
5385,line,5776,伯耆大山変電所~御来屋変電所線,5420,5325,66.0,137.18,1.8e-05,0
5386,line,5777,米子変電所~伯耆大山変電所線,5066,4463,66.0,137.18,0.000366,0
5387,line,5778,中国送電線_444,4463,4872,66.0,68.59,9.9e-05,1
5388,line,5779,伯耆大山変電所~荘変電所線,4463,4773,66.0,274.36,0.000146,0
5389,line,5780,中国電力ネットワーク 220.0kV線,5124,4868,220.0,3429.46,1e-06,1
5390,line,5781,三次市変電所~川本変電所線,5527,4466,110.0,342.95,0.000547,0
5391,line,5782,作木変電所~三次市変電所線,5527,4464,110.0,342.95,2.6e-05,0
5392,line,5783,作木変電所~三成変電所線,4464,4465,110.0,1028.84,6.8e-05,0
5393,line,5784,作木変電所~三成変電所線,4465,5225,110.0,1028.84,0.000197,0
5394,line,5785,中国送電線_302,4465,5520,110.0,171.47,4.1e-05,1
5395,line,5786,川本変電所~大田市変電所線,4466,5127,110.0,171.47,0.000585,0
5396,line,5787,中国送電線_265,4466,5471,110.0,171.47,0.00035,1
5397,line,5788,本町変電所~大田市変電所線,5127,4722,110.0,342.95,0.000513,0
5398,line,5789,中国電力ネットワーク 66.0kV線,5134,4845,66.0,68.59,6e-06,1
5399,line,5790,大柿線,5134,5485,66.0,68.59,0.000269,1
5400,line,5791,安佐北区変電所~金城変電所線,4467,5178,110.0,1028.84,0.000202,0
5401,line,5792,北広島町変電所~安佐北区変電所線,4467,4824,110.0,171.47,0.000131,1
5402,line,5793,金城変電所~西島根変電所線,5178,5046,110.0,685.89,0.000193,0
5403,line,5794,南津山変電所~太平台変電所線,5107,4468,66.0,68.59,0.000347,0
5404,line,5795,茅町変電所~南津山変電所線,5107,4717,66.0,68.59,0.00062,0
5405,line,5796,南津山変電所~太平台変電所線,4468,4469,66.0,68.59,0.000113,1
5406,line,5797,東岡山変電所~太平台変電所線,4468,4970,66.0,68.59,0.001922,0
5407,line,5798,東岡山変電所~太平台変電所線,4468,4474,66.0,68.59,0.000271,0
5408,line,5799,南津山変電所~太平台変電所線,4469,4470,66.0,68.59,0.000398,1
5409,line,5800,谷口変電所~太平台変電所線,4469,4777,66.0,137.18,0.000138,1
5410,line,5801,宮原変電所~呉変電所線,4471,5048,66.0,68.59,0.000688,0
5411,line,5802,中国電力ネットワーク 66.0kV線,4471,4473,66.0,68.59,0.000176,1
5412,line,5803,7丁目変電所~呉変電所線,5048,5549,66.0,68.59,0.000134,1
5413,line,5804,東岡山変電所~太平台変電所線,4474,5282,66.0,68.59,8e-05,1
5414,line,5805,綾部変電所~太平台変電所線,4474,5238,66.0,137.18,0.000346,0
5415,line,5806,namebind,5282,4475,66.0,137.18,2.2e-05,1
5416,line,5807,中国送電線_108,4476,4546,110.0,342.95,2.5e-05,1
5417,line,5808,本町四丁目変電所~新広島変電所線,4476,4700,220.0,342.95,3.3e-05,0
5418,line,5809,本町四丁目変電所~沼田一丁目変電所線,4476,4477,110.0,514.42,7.7e-05,0
5419,line,5810,中国送電線_294,4477,4753,110.0,171.47,6.4e-05,1
5420,line,5811,中国電力ネットワーク 110.0kV線,4478,4479,110.0,342.95,2.9e-05,1
5421,line,5812,山口市変電所~宇部変電所線,4479,4483,110.0,342.95,4.6e-05,0
5422,line,5813,中国電力ネットワーク 110.0kV線,4479,5507,110.0,685.89,2.6e-05,0
5423,line,5814,namebind,5146,5144,110.0,342.95,5.8e-05,0
5424,line,5815,namebind,5146,5197,110.0,171.47,0.000119,1
5425,line,5816,大字西沖の山変電所~宇部変電所線,5146,4488,110.0,342.95,8.4e-05,0
5426,line,5817,中国電力ネットワーク 110.0kV線,5146,4614,110.0,342.95,3.8e-05,1
5427,line,5818,中国電力ネットワーク 220.0kV線,5135,4480,220.0,2743.57,7e-06,0
5428,line,5819,仙崎変電所~東深川変電所線,4481,4482,110.0,171.47,1.6e-05,0
5429,line,5820,中国電力ネットワーク 110.0kV線,4481,4487,110.0,342.95,0.000346,1
5430,line,5821,中国電力ネットワーク 110.0kV線,4481,5147,110.0,171.47,2.8e-05,0
5431,line,5822,中国電力ネットワーク 110.0kV線,4482,5141,110.0,171.47,1.1e-05,0
5432,line,5823,宇部興産株式会社 110.0kV線,4483,4750,110.0,171.47,9.3e-05,1
5433,line,5824,山口市変電所~宇部変電所線,4483,5148,110.0,342.95,5.4e-05,0
5434,line,5825,宇部変電所~桃山開閉所線,5149,5460,66.0,342.95,5e-06,0
5435,line,5826,宇部高千帆線;宇部藤山線,5149,4485,66.0,274.36,1.1e-05,0
5436,line,5827,桃山開閉所~恩田町五丁目変電所線,5460,5145,66.0,137.18,0.000206,1
5437,line,5828,中国送電線_395,4484,4486,110.0,171.47,7e-06,0
5438,line,5829,山口連絡線,4484,5148,110.0,685.89,5.5e-05,0
5439,line,5830,宇部興産株式会社 110.0kV線,5148,5459,110.0,342.95,5e-06,0
5440,line,5831,西宇部線;宇部厚狭線,5148,4488,110.0,685.89,7e-06,0
5441,line,5832,宇部藤山線,4485,5142,66.0,137.18,2.7e-05,1
5442,line,5833,宇部高千帆線,4485,5140,66.0,137.18,0.000199,0
5443,line,5834,中国電力ネットワーク 110.0kV線,4486,5507,110.0,685.89,4.5e-05,0
5444,line,5835,中国送電線_203,4487,4675,110.0,171.47,1.6e-05,1
5445,line,5836,中国送電線_203,4487,4676,110.0,171.47,0.000182,1
5446,line,5837,宇部高千帆線,5256,4615,66.0,205.77,1.2e-05,0
5447,line,5838,宇部高千帆線,5256,5140,66.0,205.77,1.5e-05,0
5448,line,5839,宇部厚狭線,4488,4492,110.0,685.89,7.8e-05,0
5449,line,5840,山口市変電所~小郡変電所線,4489,5138,110.0,171.47,0.000244,0
5450,line,5841,中国送電線_367,4489,5507,110.0,1028.84,7e-06,0
5451,line,5842,中国送電線_367,4489,5509,110.0,1028.84,1.4e-05,0
5452,line,5843,中国電力ネットワーク 110.0kV線,5138,4508,110.0,171.47,8e-05,0
5453,line,5844,小郡変電所~山口市変電所線,5138,5507,110.0,342.95,0.000134,0
5454,line,5845,山口変電所~小野田変電所線,5253,5255,220.0,2743.57,2e-06,0
5455,line,5846,山口変電所~小野田変電所線,5255,5143,220.0,2743.57,1e-05,0
5456,line,5847,山口変電所~新山口変電所線,5137,4490,66.0,68.59,0.001223,0
5457,line,5848,仙崎変電所~東深川変電所線,5147,5141,110.0,171.47,4e-05,0
5458,line,5849,中国送電線_275,5147,4730,110.0,342.95,6e-06,1
5459,line,5850,leadin,5459,5470,110.0,685.89,1.1e-05,1
5460,line,5851,中国電力ネットワーク 110.0kV線,4491,5144,110.0,342.95,8e-06,0
5461,line,5852,宇部厚狭線,4492,5258,110.0,685.89,2.1e-05,0
5462,line,5853,厚狭変電所~小月変電所線,4492,5457,110.0,342.95,0.000227,0
5463,line,5854,徳山変電所~川崎変電所線,5153,4494,66.0,68.59,7.1e-05,0
5464,line,5855,徳山変電所~大字栗屋変電所線,5153,4497,66.0,274.36,3e-05,0
5465,line,5856,新徳山変電所~美和町西畑変電所線,5153,5171,66.0,137.18,0.001402,0
5466,line,5857,leadin,4494,4876,66.0,68.59,0.000246,1
5467,line,5858,徳山変電所~川崎変電所線,4494,5151,66.0,68.59,0.000505,0
5468,line,5859,中国電力ネットワーク 110.0kV線,4495,5150,110.0,342.95,1.7e-05,0
5469,line,5860,川崎変電所~南陽変電所線,4495,5188,110.0,342.95,7.5e-05,0
5470,line,5861,中国電力ネットワーク 110.0kV線,4496,5166,110.0,685.89,5e-06,0
5471,line,5862,久米中央三丁目変電所~光変電所線,4496,4514,110.0,342.95,1.5e-05,0
5472,line,5863,徳山変電所~大字栗屋変電所線,4497,5252,66.0,274.36,0.000136,1
5473,line,5864,徳山変電所~久米中央三丁目変電所線,4497,4514,110.0,205.77,0.000113,0
5474,line,5865,西松原四丁目変電所~川崎変電所線,5150,5506,110.0,342.95,5e-06,1
5475,line,5866,南陽変電所~防府市変電所線,5188,5223,110.0,685.89,0.000124,0
5476,line,5867,南陽変電所~防府市変電所線,5223,4498,110.0,685.89,3.2e-05,0
5477,line,5868,中国電力ネットワーク 110.0kV線,4498,4510,110.0,171.47,5e-06,1
5478,line,5869,南陽変電所~防府市変電所線,4498,5172,110.0,857.37,3.5e-05,0
5479,line,5870,佐野変電所~防府市変電所線,5172,5164,110.0,685.89,5.3e-05,0
5480,line,5871,中国電力ネットワーク 110.0kV線,4499,4500,110.0,342.95,2.4e-05,0
5481,line,5872,錦見三丁目変電所~中津町三丁目変電所線,4499,4647,110.0,342.95,1.4e-05,0
5482,line,5873,錦見三丁目変電所~藤生町三丁目変電所線,4500,5293,110.0,171.47,0.000103,0
5483,line,5874,錦見三丁目変電所~美和町西畑変電所線,4500,4503,220.0,342.95,2.8e-05,0
5484,line,5875,錦見三丁目変電所~山手町二丁目変電所線,5154,5291,220.0,1371.78,3e-06,0
5485,line,5876,錦見三丁目変電所~山手町二丁目変電所線,5155,5291,110.0,171.47,0.00026,0
5486,line,5877,錦見三丁目変電所~装束町四丁目変電所線,5154,5337,220.0,685.89,3e-05,0
5487,line,5878,新西広島岩国線 (Shin Nishi Hiroshima Iwakuni Sen),4501,4502,220.0,685.89,4.9e-05,1
5488,line,5879,新西広島岩国線 (Shin Nishi Hiroshima Iwakuni Sen),4502,4503,220.0,685.89,6.2e-05,1
5489,line,5880,中国送電線_97,4502,4528,220.0,685.89,1.7e-05,1
5490,line,5881,新西広島岩国線 (Shin Nishi Hiroshima Iwakuni Sen),4503,5292,220.0,685.89,2.1e-05,0
5491,line,5882,錦見三丁目変電所~美和町西畑変電所線,4503,5171,220.0,685.89,0.000104,0
5492,line,5883,藤生町一丁目変電所~藤生町三丁目変電所線,5292,5295,220.0,2743.57,1e-06,0
5493,line,5884,東出雲町錦新町六丁目変電所~八雲町変電所線,4504,4505,110.0,342.95,5e-06,0
5494,line,5885,中国電力ネットワーク 110.0kV線,4504,4506,110.0,171.47,9e-06,0
5495,line,5886,東出雲町錦新町六丁目変電所~八雲町変電所線,4505,5121,110.0,342.95,4.9e-05,0
5496,line,5887,中国送電線_307,4505,4506,110.0,171.47,1.3e-05,0
5497,line,5888,中国電力ネットワーク 110.0kV線,4506,5468,110.0,171.47,3.2e-05,1
5498,line,5889,中国電力ネットワーク 110.0kV線,5468,4507,110.0,171.47,1e-05,1
5499,line,5890,namebind,4508,5327,110.0,171.47,0.000225,0
5500,line,5891,下小鯖変電所~小郡変電所線,4508,4509,110.0,171.47,0.000168,0
5501,line,5892,中国電力ネットワーク 110.0kV線,5162,4610,110.0,171.47,8e-06,1
5502,line,5893,山口市変電所~佐野変電所線,5162,5163,110.0,342.95,0.000111,0
5503,line,5894,小郡変電所~山口市変電所線,5139,5160,66.0,137.18,0.000222,0
5504,line,5895,山口市変電所~大字台道変電所線,5160,5159,66.0,68.59,0.000414,1
5505,line,5896,山口市変電所~佐野変電所線,5163,5164,110.0,342.95,2e-06,0
5506,line,5897,中国送電線_186,4509,5327,110.0,171.47,5.5e-05,0
5507,line,5898,下松発電所~久米中央三丁目変電所線,5175,5166,110.0,1371.78,7e-06,0
5508,line,5899,下松発電所~久米中央三丁目変電所線,5166,5168,110.0,2057.68,0.0,0
5509,line,5900,namebind,5166,4514,110.0,342.95,6e-05,0
5510,line,5901,中国電力ネットワーク 110.0kV線,4511,4801,110.0,342.95,4e-06,0
5511,line,5902,三井二丁目変電所~柳井市変電所線,4511,4512,110.0,342.95,0.000128,0
5512,line,5903,中国電力ネットワーク 110.0kV線,4511,5173,110.0,342.95,3.7e-05,0
5513,line,5904,三井二丁目変電所~柳井市変電所線,4512,4513,110.0,342.95,0.000156,0
5514,line,5905,中国送電線_430,4512,5505,110.0,342.95,8e-06,0
5515,line,5906,藤生町一丁目変電所~柳井市変電所線,4513,4863,110.0,342.95,0.000103,0
5516,line,5907,中国送電線_435,4513,5512,110.0,342.95,7.7e-05,0
5517,line,5908,宮野変電所~下小鯖変電所線,5177,5170,66.0,137.18,0.000281,0
5518,line,5909,久米中央三丁目変電所~光変電所線,4514,4515,110.0,342.95,0.000172,0
5519,line,5910,久米中央三丁目変電所~光変電所線,4515,5176,110.0,342.95,0.000142,0
5520,line,5911,三井二丁目変電所~下松変電所線,4515,5217,110.0,171.47,0.000279,1
5521,line,5912,中国電力ネットワーク 110.0kV線,5176,4611,110.0,685.89,1.5e-05,1
5522,line,5913,三井二丁目変電所~光変電所線,5176,4801,110.0,342.95,7.6e-05,0
5523,line,5914,光変電所~田布施町変電所線,5176,5511,110.0,342.95,0.000215,0
5524,line,5915,西島根変電所~三隅町岡見変電所線,5045,5182,275.0,1905.26,2.1e-05,1
5525,line,5916,西島根変電所~東益田変電所線,5046,5180,110.0,342.95,0.000134,0
5526,line,5917,中国電力ネットワーク 110.0kV線,5180,4649,110.0,171.47,0.000365,0
5527,line,5918,金城変電所~二宮町神主変電所線,4516,4517,66.0,137.18,0.000592,0
5528,line,5919,金城変電所~杉戸町変電所線,4516,4518,66.0,274.36,0.000104,0
5529,line,5920,中国電力ネットワーク 66.0kV線,4516,5179,66.0,274.36,2.5e-05,0
5530,line,5921,金城変電所~二宮町神主変電所線,4517,5183,66.0,137.18,4.4e-05,1
5531,line,5922,本町変電所~二宮町神主変電所線,4517,5526,66.0,68.59,0.000561,0
5532,line,5923,杉戸町変電所~清水変電所線,4518,5184,66.0,274.36,0.000135,1
5533,line,5924,中国電力ネットワーク 66.0kV線,4518,5311,66.0,274.36,4.5e-05,0
5534,line,5925,西島根変電所~三隅変電所 (Misumi Hendensho)線,4519,4520,66.0,137.18,0.000224,1
5535,line,5926,東益田変電所~三隅変電所 (Misumi Hendensho)線,5181,4520,66.0,68.59,0.000912,0
5536,line,5927,中国電力ネットワーク 66.0kV線,5181,5305,66.0,137.18,0.000178,1
5537,line,5928,三隅変電所 (Misumi Hendensho)~杉戸町変電所線,4520,5185,66.0,137.18,9.5e-05,0
5538,line,5929,三隅変電所 (Misumi Hendensho)~杉戸町変電所線,5311,4522,66.0,137.18,5.4e-05,0
5539,line,5930,三隅変電所 (Misumi Hendensho)~杉戸町変電所線,5185,4521,66.0,137.18,0.000541,0
5540,line,5931,三隅変電所 (Misumi Hendensho)~杉戸町変電所線,4521,4522,66.0,137.18,0.000226,0
5541,line,5932,中国送電線_274,4521,4728,66.0,68.59,8.5e-05,1
5542,line,5933,杉戸町変電所~金城変電所線,4522,4725,66.0,137.18,0.000212,1
5543,line,5937,伯方変電所~今治市変電所線,4523,5342,110.0,171.47,0.000173,1
5544,line,5938,伯方変電所~今治市変電所線,4523,5329,110.0,171.47,0.000107,1
5545,line,5939,因島三庄町変電所~伯方変電所線,5346,5342,110.0,171.47,0.000383,1
5546,line,5940,中国電力 西下関開閉所~中国電力彦島変電所線,5195,5191,110.0,685.89,6e-06,1
5547,line,5941,中国電力彦島変電所~大和町二丁目変電所線,5191,5190,110.0,342.95,6e-06,0
5548,line,5942,中国電力彦島変電所~大和町二丁目変電所線,5190,5193,110.0,342.95,7e-06,0
5549,line,5943,中国電力彦島変電所~JR九州下関変電所線,5192,5194,66.0,68.59,0.000105,0
5550,line,5944,中国送電線_204,5195,4678,110.0,171.47,1.4e-05,1
5551,line,5945,中国送電線_92,5195,4525,110.0,171.47,1.5e-05,1
5552,line,5946,中国送電線_93,4526,5461,110.0,102.88,6.7e-05,1
5553,line,5948,中国送電線_95,5364,4545,110.0,171.47,0.000212,1
5554,line,5949,尾道変電所~新倉一丁目変電所線,4527,5364,110.0,171.47,0.000275,0
5555,line,5952,錦見三丁目変電所~白石一丁目変電所線,5339,5156,66.0,68.59,0.000483,1
5556,line,5953,namebind,4529,5199,220.0,342.95,6.3e-05,0
5557,line,5954,中国電力（株）本庄変電所~用土町変電所線,4529,4541,220.0,685.89,5.6e-05,0
5558,line,5956,namebind,4530,4902,110.0,171.47,9.8e-05,1
5559,line,5957,中国電力ネットワーク 220.0kV線,4531,5534,220.0,1371.78,2e-06,1
5560,line,5958,府中町変電所~用土町変電所線,4531,4543,220.0,1371.78,2e-05,0
5561,line,5959,安佐北区変電所~北広島町変電所線,5210,4532,110.0,171.47,0.000391,1
5562,line,5960,中国送電線_100,4534,4535,110.0,171.47,5.2e-05,1
5563,line,5961,泉中央四丁目変電所~大字下津熊変電所線,5202,4536,66.0,137.18,3.6e-05,0
5564,line,5962,九州電力送配電 66.0kV線,5202,4538,66.0,137.18,0.000693,1
5565,line,5963,leadin,4536,5366,66.0,68.59,7.5e-05,1
5566,line,5964,泉中央四丁目変電所~大字下津熊変電所線,4536,5203,66.0,137.18,6.5e-05,0
5567,line,6000,中国送電線_101,5078,5234,220.0,342.95,0.000253,0
5568,line,6001,用土町変電所~北尾道変電所線,4540,4541,220.0,205.77,3.4e-05,1
5569,line,6002,用土町変電所~北尾道変電所線,4541,4542,220.0,685.89,2e-06,0
5570,line,6003,用土町変電所~北尾道変電所線,4542,4543,220.0,205.77,0.000322,0
5571,line,6004,中国送電線_102,4542,4544,66.0,68.59,5.7e-05,1
5572,line,6005,leadin,4543,4880,220.0,685.89,1.3e-05,1
5573,line,6006,leadin,4543,5467,220.0,685.89,1.3e-05,1
5574,line,6008,中国電力ネットワーク 66.0kV線,5208,4548,66.0,137.18,0.000323,0
5575,line,6009,荻杼町変電所~高松町変電所線,5208,4549,66.0,137.18,0.00036,1
5576,line,6010,変電所~荻杼町変電所線,5208,5207,66.0,137.18,9e-05,0
5577,line,6011,中国送電線_110,4548,5419,66.0,137.18,3.1e-05,1
5578,line,6012,布崎線,5419,5302,66.0,68.59,0.00025,1
5579,line,6013,中国送電線_113,5212,4553,110.0,685.89,3e-06,1
5580,line,6014,中国電力 鳥取電力センター~新鳥取変電所線,5212,5286,110.0,342.95,0.000109,0
5581,line,6015,打吹発電所~中国電力 鳥取電力センター線,5212,4552,110.0,685.89,0.000102,0
5582,line,6016,中国電力 鳥取電力センター~吉成三丁目変電所線,5212,4554,110.0,171.47,2e-05,0
5583,line,6017,打吹発電所~中国電力 鳥取電力センター線,4551,4552,110.0,685.89,0.000155,0
5584,line,6018,中国電力ネットワーク 110.0kV線,4551,4643,110.0,171.47,3e-06,0
5585,line,6019,打吹発電所~中国電力 鳥取電力センター線,4551,4644,110.0,685.89,1e-06,0
5586,line,6020,中国送電線_115,4552,5280,110.0,171.47,2.9e-05,1
5587,line,6021,中国電力 鳥取電力センター~吉成三丁目変電所線,4554,5288,110.0,171.47,8.6e-05,0
5588,line,6022,中国電力 鳥取電力センター~松並町一丁目変電所線,4554,5211,110.0,171.47,7e-05,1
5589,line,6023,吉成三丁目変電所~中国電力 鳥取電力センター線,4555,5213,66.0,68.59,0.000155,0
5590,line,6024,河原変電所~吉成三丁目変電所線,4555,5216,66.0,68.59,0.000861,0
5591,line,6025,中国電力ネットワーク 66.0kV線,4555,4559,66.0,68.59,5.5e-05,0
5592,line,6026,開閉所~新鳥取変電所線,4993,5285,220.0,2743.57,5.2e-05,0
5593,line,6027,開閉所~八東発電所線,4556,4557,66.0,137.18,9.4e-05,1
5594,line,6028,八東発電所~開閉所線,4556,5215,66.0,137.18,0.000621,0
5595,line,6029,中国電力ネットワーク 66.0kV線,4556,4558,66.0,68.59,7.5e-05,0
5596,line,6030,中国電力ネットワーク 66.0kV線,4558,4747,66.0,68.59,5e-06,1
5597,line,6031,開閉所~河原変電所線,4558,4561,66.0,137.18,0.000582,0
5598,line,6032,八東発電所~赤松変電所線,5215,4562,66.0,68.59,0.000333,1
5599,line,6033,八東発電所~竹市発電所線,5215,5201,66.0,68.59,0.000565,0
5600,line,6034,中国電力ネットワーク 66.0kV線,5216,4561,66.0,68.59,0.00074,0
5601,line,6035,leadin,4559,5289,66.0,68.59,0.00013,0
5602,line,6036,leadin,4559,5189,66.0,68.59,0.000171,1
5603,line,6037,中国電力ネットワーク 66.0kV線,4560,4561,66.0,137.18,0.000503,1
5604,line,6038,吉成三丁目変電所~立川変電所線,5289,5214,66.0,68.59,0.000196,0
5605,line,6039,中国電力ネットワーク 66.0kV線,5289,4563,66.0,68.59,0.000396,0
5606,line,6040,立川変電所~浦富変電所線,5214,5241,66.0,137.18,0.000552,1
5607,line,6041,namebind,5214,4563,66.0,68.59,0.000467,0
5608,line,6042,中国電力ネットワーク 66.0kV線,4562,5287,66.0,68.59,4.9e-05,1
5609,line,6043,中国電力ネットワーク 66.0kV線,4562,4642,66.0,68.59,0.000279,1
5610,line,6044,吉成三丁目変電所~竹市発電所線,5201,4563,66.0,68.59,0.00081,0
5611,line,6045,富岡変電所~神島変電所線,4564,5220,110.0,171.47,0.000124,1
5612,line,6046,中国送電線_116,4564,4565,110.0,342.95,1e-05,1
5613,line,6047,中国送電線_116,4564,5219,110.0,342.95,2.6e-05,1
5614,line,6048,田頭変電所~笠岡変電所線,5085,5455,66.0,68.59,0.000455,0
5615,line,6049,田頭変電所~富岡変電所線,5085,4834,66.0,137.18,0.000123,0
5616,line,6050,中国電力ネットワーク 66.0kV線,4566,4567,66.0,68.59,0.000236,1
5617,line,6051,中国電力ネットワーク 66.0kV線,4567,4569,66.0,68.59,0.000169,0
5618,line,6052,水原変電所~打吹発電所線,4567,4633,66.0,68.59,0.000479,0
5619,line,6053,中国電力ネットワーク 66.0kV線,4568,4569,66.0,68.59,0.000204,0
5620,line,6054,浦安変電所~打吹発電所線,4568,4575,66.0,68.59,0.000455,0
5621,line,6055,中国電力ネットワーク 66.0kV線,4568,5094,66.0,68.59,8.8e-05,0
5622,line,6056,中国送電線_121,4569,4574,66.0,68.59,0.000123,1
5623,line,6057,中国電力ネットワーク 66.0kV線,5094,4570,66.0,68.59,0.000308,1
5624,line,6058,中国電力ネットワーク 66.0kV線,4570,4708,66.0,68.59,3e-06,0
5625,line,6059,中国電力ネットワーク 66.0kV線,4570,4710,66.0,68.59,1e-06,0
5626,line,6060,中国電力ネットワーク 66.0kV線,4570,4709,66.0,274.36,1e-06,0
5627,line,6061,中国電力ネットワーク 110.0kV線,4571,4573,110.0,342.95,7.5e-05,1
5628,line,6062,中国送電線_120,4572,4573,110.0,342.95,2.3e-05,1
5629,line,6063,中国電力ネットワーク 110.0kV線,4573,4643,110.0,1200.31,9e-06,1
5630,line,6064,伯耆大山変電所~御来屋変電所線,5325,5418,66.0,137.18,0.000139,0
5631,line,6065,伯耆大山変電所~御来屋変電所線,5418,5243,66.0,137.18,0.000476,0
5632,line,6066,御来屋変電所~浦安変電所線,5243,5299,66.0,68.59,0.001553,0
5633,line,6067,中国電力ネットワーク 66.0kV線,5299,4575,66.0,68.59,0.00111,0
5634,line,6068,leadin,4575,5222,66.0,68.59,5.5e-05,1
5635,line,6069,中国送電線_122,4577,4578,220.0,1371.78,3e-06,0
5636,line,6070,中国送電線_122,4578,5426,220.0,1371.78,6e-06,0
5637,line,6071,中国送電線_339,4578,4808,220.0,685.89,4e-06,1
5638,line,6072,新香登補助き電区分所~釜島変電所線,4579,5493,110.0,171.47,0.000702,1
5639,line,6073,中国送電線_364,4579,4825,110.0,171.47,5.4e-05,1
5640,line,6074,釜島変電所~古池本町変電所線,5493,4711,66.0,68.59,0.001031,1
5641,line,6075,namebind,4580,5098,66.0,68.59,0.000477,0
5642,line,6076,中国送電線_123,4580,4596,66.0,137.18,5.1e-05,1
5643,line,6077,中国送電線_125,5478,4581,110.0,171.47,9.9e-05,1
5644,line,6078,津倉町二丁目変電所~建部変電所線,4581,4584,110.0,171.47,0.000324,0
5645,line,6079,井川変電所~鉢変電所線,5227,4582,187.0,1943.36,0.000106,0
5646,line,6080,本山町変電所~井川変電所線,5227,4689,187.0,971.68,0.000361,0
5647,line,6081,井川変電所~鉢変電所線,4582,4583,187.0,1943.36,9.3e-05,1
5648,line,6082,国府変電所~大殿変電所線,4582,5414,187.0,1457.52,3.1e-05,1
5649,line,6083,namebind,5232,5231,66.0,68.59,0.000124,1
5650,line,6084,柿原変電所~下阿知変電所線,5232,5224,66.0,68.59,0.000105,1
5651,line,6085,中国送電線_127,4584,4586,110.0,171.47,1.2e-05,0
5652,line,6086,中国送電線_127,4584,4585,110.0,342.95,9e-06,1
5653,line,6087,中国送電線_128,4586,4589,110.0,342.95,2e-06,1
5654,line,6088,中国送電線_127,4586,4587,110.0,171.47,1.7e-05,0
5655,line,6089,中国送電線_127,4587,4588,110.0,171.47,6.7e-05,0
5656,line,6090,中国送電線_129,4587,4590,110.0,171.47,2.5e-05,1
5657,line,6091,中国送電線_127,4588,5038,110.0,171.47,8.7e-05,0
5658,line,6092,中国送電線_442,4588,4867,110.0,171.47,0.000187,1
5659,line,6096,緑ケ丘四丁目変電所~片浜町変電所線,5535,4593,275.0,1905.26,1.6e-05,0
5660,line,6097,片浜町変電所~赤穂市変電所線,4593,4706,275.0,952.63,4e-06,0
5661,line,6098,中国送電線_159,4594,4637,66.0,68.59,3.5e-05,1
5662,line,6099,古池本町変電所~緑ケ丘四丁目変電所線,4594,4707,66.0,137.18,0.00019,1
5663,line,6101,新須賀変電所~西条変電所線,4929,5360,187.0,971.68,6e-06,0
5664,line,6102,新須賀変電所~西条変電所線,5360,4595,187.0,971.68,7.8e-05,0
5665,line,6103,西条変電所~別子配電センター線,4595,5263,187.0,971.68,2.8e-05,0
5666,line,6105,中国電力ネットワーク 110.0kV線,5242,5297,110.0,342.95,6.5e-05,0
5667,line,6106,上福原三丁目変電所~余子変電所線,5242,4779,110.0,342.95,9.6e-05,0
5668,line,6107,米子変電所~上福原三丁目変電所線,4599,5430,110.0,342.95,3.9e-05,0
5669,line,6108,中国電力ネットワーク 110.0kV線,5430,4778,110.0,342.95,2.6e-05,0
5670,line,6109,4丁目変電所~呉変電所線,5424,5423,66.0,137.18,1.5e-05,1
5671,line,6110,4丁目変電所~呉変電所線,5423,4600,66.0,137.18,0.000293,1
5672,line,6111,広町変電所~呉変電所線,4600,4601,66.0,137.18,0.000192,1
5673,line,6112,中国送電線_351,4600,4819,66.0,137.18,1.8e-05,1
5674,line,6113,広町変電所~呉変電所線,4601,5047,110.0,102.88,0.000256,1
5675,line,6114,中国送電線_445,4601,5548,66.0,137.18,8.4e-05,1
5676,line,6115,吉田浜北線,4602,4603,66.0,137.18,9.5e-05,0
5677,line,6116,北条線,4602,5495,66.0,68.59,0.000745,0
5678,line,6117,吉田浜北線,4603,4604,66.0,137.18,0.000317,1
5679,line,6118,吉田浜北線,4604,4605,66.0,137.18,3.9e-05,1
5680,line,6119,衣山支線,4604,4849,66.0,68.59,0.000143,1
5681,line,6120,吉田浜北線,4605,5494,66.0,137.18,9.6e-05,1
5682,line,6121,竹原支線,4605,4850,66.0,68.59,0.000167,1
5683,line,6122,中国送電線_143,5494,4606,66.0,68.59,2.9e-05,1
5684,line,6123,藤生町三丁目変電所~高森線,4607,5290,110.0,171.47,0.000251,0
5685,line,6124,古開作変電所~藤生町三丁目変電所線,4607,4609,110.0,1371.78,4e-06,0
5686,line,6125,中国送電線_168,4607,4646,110.0,171.47,0.00016,0
5687,line,6126,古開作変電所~藤生町三丁目変電所線,5511,4608,110.0,1371.78,7e-06,0
5688,line,6127,古開作変電所~藤生町三丁目変電所線,4608,4609,110.0,1371.78,5.1e-05,0
5689,line,6128,柳井市変電所~古開作変電所線,4608,4802,110.0,685.89,7.4e-05,0
5690,line,6129,中国送電線_331,4609,4800,110.0,171.47,9.9e-05,1
5691,line,6130,新徳山変電所~下松発電所線,5165,5167,220.0,4115.35,0.0,0
5692,line,6131,新徳山変電所~下松発電所線,5167,5174,220.0,4115.35,2e-06,0
5693,line,6132,中国電力ネットワーク 110.0kV線,4611,4612,110.0,342.95,8e-06,1
5694,line,6133,中国電力ネットワーク 110.0kV線,4611,4613,110.0,342.95,4.3e-05,1
5695,line,6134,宇部高千帆線,4615,5254,66.0,274.36,1.5e-05,0
5696,line,6135,くし山二丁目変電所~共和台変電所線,4615,5257,66.0,68.59,9.3e-05,1
5697,line,6136,高千帆厚狭線,5254,5259,66.0,274.36,0.000122,0
5698,line,6137,小月厚狭線,5259,4617,66.0,137.18,0.000108,0
5699,line,6138,小月厚狭線,4616,5320,66.0,137.18,0.000369,0
5700,line,6139,中国送電線_392,4616,5458,66.0,137.18,2.7e-05,0
5701,line,6140,小月厚狭線,4616,5261,66.0,205.77,1.4e-05,0
5702,line,6141,小月厚狭線,5320,4617,66.0,137.18,4.6e-05,0
5703,line,6142,山野井支線,4617,5439,66.0,137.18,2.1e-05,1
5704,line,6143,磯浦町変電所~新居浜市変電所線,5267,5265,110.0,685.89,1e-06,0
5705,line,6144,磯浦町変電所~新居浜市変電所線,5265,5262,110.0,342.95,2.1e-05,0
5706,line,6145,中須賀町二丁目変電所~新居浜市変電所線,5262,5403,110.0,342.95,2.3e-05,0
5707,line,6146,菊本町一丁目変電所~新須賀変電所線,4931,5402,110.0,342.95,9e-06,1
5708,line,6147,菊本町一丁目変電所~新須賀変電所線,5402,4930,110.0,685.89,2e-06,0
5709,line,6148,菊本町一丁目変電所~中須賀町二丁目変電所線,5402,5403,110.0,685.89,4e-06,0
5710,line,6149,郷五丁目変電所~新居浜変電所線,5361,4618,66.0,137.18,8.8e-05,0
5711,line,6150,四国電力送配電 66.0kV線,4618,5268,66.0,274.36,1.5e-05,0
5712,line,6151,磯浦町変電所~別子配電センター線,5263,5266,187.0,485.84,3e-06,0
5713,line,6152,西条変電所~磯浦変電所線,4928,4619,66.0,137.18,0.000219,0
5714,line,6153,namebind,4928,5401,66.0,68.59,0.001512,0
5715,line,6154,磯浦変電所~喜多川変電所線,4619,5272,66.0,137.18,0.000413,0
5716,line,6155,磯浦変電所~新居浜変電所線,4619,5268,66.0,274.36,8.8e-05,0
5717,line,6156,西条変電所~喜多川変電所線,5411,5271,187.0,971.68,9e-06,0
5718,line,6157,四国電力送配電 187.0kV線,5271,5273,187.0,1943.36,2e-06,0
5719,line,6159,兎之山甲変電所~磯浦変電所線,5400,5358,110.0,171.47,0.000381,0
5720,line,6160,住友共同電力端出場変電所~磯浦変電所線,5358,5205,110.0,342.95,0.000127,1
5721,line,6161,松山西線,5275,4919,187.0,971.68,7.5e-05,0
5722,line,6162,中国送電線_145,4620,5472,110.0,205.77,5.3e-05,1
5723,line,6163,中国電力ネットワーク 110.0kV線,4621,4622,110.0,171.47,4e-06,1
5724,line,6164,中国電力ネットワーク 110.0kV線,4621,4854,110.0,171.47,2e-05,1
5725,line,6165,中国電力ネットワーク 110.0kV線,4622,4623,110.0,171.47,2e-06,1
5726,line,6166,中国送電線_312,4622,4776,110.0,171.47,2.7e-05,1
5727,line,6167,下出部町変電所~金光変電所 (Konkō Hendensho)線,4624,4692,110.0,171.47,0.000183,1
5728,line,6168,下出部町変電所~金光変電所 (Konkō Hendensho)線,4624,4764,110.0,171.47,0.000134,1
5729,line,6169,中国送電線_147,4625,4626,110.0,685.89,3.7e-05,1
5730,line,6170,中国送電線_147,4626,5328,110.0,342.95,4.1e-05,1
5731,line,6171,湖陵町差海変電所~大田市変電所線,4627,5128,66.0,137.18,0.001123,0
5732,line,6172,中国電力ネットワーク 66.0kV線,4627,5303,66.0,137.18,7.5e-05,1
5733,line,6173,比津が丘五丁目変電所~西津田二丁目変電所線,4628,5057,66.0,137.18,0.000576,1
5734,line,6174,中国送電線_150,4629,5063,110.0,102.88,5.5e-05,1
5735,line,6175,長尾変電所~下町変電所線,3085,5315,500.0,457.26,0.00206,1
5736,line,6176,日立金属安来線,5446,5336,110.0,342.95,2.4e-05,1
5737,line,6178,水原変電所~中須賀変電所線,5312,5314,66.0,68.59,0.001912,0
5738,line,6179,中国電力ネットワーク 66.0kV線,5312,4632,66.0,137.18,0.000432,0
5739,line,6180,中須賀変電所~原方変電所線,5314,5092,66.0,68.59,0.001903,0
5740,line,6181,茅町変電所~中須賀変電所線,5314,5306,66.0,137.18,0.000233,0
5741,line,6182,中国電力ネットワーク 66.0kV線,4631,4632,66.0,68.59,1.1e-05,1
5742,line,6183,水原変電所~打吹発電所線,4632,4633,66.0,68.59,0.000804,0
5743,line,6184,中国送電線_422,4633,4861,66.0,274.36,0.000148,1
5744,line,6188,中国送電線_157,4995,4634,110.0,171.47,0.000131,1
5745,line,6189,namebind,5305,5304,66.0,205.77,5.5e-05,1
5746,line,6190,中国電力ネットワーク 66.0kV線,5305,4636,66.0,274.36,0.000631,1
5747,line,6191,東益田変電所~水分町変電所線,4635,4649,110.0,171.47,0.000256,1
5748,line,6192,上郡変電所~久崎変電所線,5380,4638,500.0,6928.2,6e-06,0
5749,line,6193,久崎変電所~光都一丁目変電所線,4638,5379,500.0,3464.1,1e-06,1
5750,line,6194,久崎変電所~光都一丁目変電所線,4638,4639,500.0,3464.1,9e-06,0
5751,line,6195,久崎変電所~長尾変電所線,4638,4744,500.0,3464.1,5e-06,0
5752,line,6196,中国送電線_161,4639,5382,500.0,3464.1,6e-06,1
5753,line,6197,光都一丁目変電所~西播変電所線,4639,4640,500.0,3464.1,4e-06,0
5754,line,6198,光都一丁目変電所~西播変電所線,4640,3004,500.0,27712.81,3e-06,0
5755,line,6199,玉島変電所~倉敷市変電所線,5451,5368,110.0,171.47,0.000117,0
5756,line,6200,中国電力ネットワーク 110.0kV線,4643,4644,110.0,342.95,0.0,0
5757,line,6201,中国送電線_167,4645,5293,110.0,171.47,2.2e-05,0
5758,line,6202,中国送電線_168,4645,4646,110.0,171.47,2.7e-05,0
5759,line,6203,中津町三丁目変電所~藤生町三丁目変電所線,4645,4647,110.0,171.47,0.000133,0
5760,line,6204,由宇町北一丁目変電所~藤生町三丁目変電所線,4646,5503,110.0,342.95,0.000152,1
5761,line,6205,錦見三丁目変電所~中津町三丁目変電所線,4647,5501,110.0,342.95,3.2e-05,1
5762,line,6206,中津町三丁目変電所~藤生町一丁目変電所線,4647,4783,110.0,514.42,2.5e-05,1
5763,line,6207,三成変電所~三刀屋町上熊谷変電所線,4648,5226,66.0,68.59,0.000813,0
5764,line,6208,中国送電線_306,4648,4772,66.0,68.59,3.2e-05,1
5765,line,6209,中国送電線_171,4651,4652,110.0,171.47,1.1e-05,1
5766,line,6210,中国送電線_172,4652,4653,110.0,171.47,1.4e-05,1
5767,line,6216,新見変電所~原方変電所線,5095,4654,110.0,342.95,1.4e-05,1
5768,line,6217,新見変電所~原方変電所線,4654,4655,110.0,342.95,0.000346,1
5769,line,6218,中国送電線_343,4654,4812,110.0,171.47,0.000178,1
5770,line,6219,中国送電線_347,4655,4816,110.0,171.47,0.000107,1
5771,line,6220,中国電力ネットワーク 66.0kV線,5092,4661,66.0,68.59,0.001147,1
5772,line,6221,中国送電線_177,4656,5031,187.0,171.47,0.000126,1
5773,line,6222,namebind,5309,5031,187.0,485.84,3e-05,1
5774,line,6223,観音寺変電所~四国電力麻変電所線,5309,5310,187.0,485.84,3.2e-05,1
5775,line,6224,中国送電線_180,5322,4657,66.0,68.59,0.000158,1
5776,line,6225,中国送電線_181,5321,4657,66.0,68.59,8.1e-05,0
5777,line,6226,三野町吉津変電所~仁尾町仁尾変電所線,4657,5323,66.0,68.59,0.000191,0
5778,line,6227,中国電力ネットワーク 66.0kV線,4658,4659,66.0,68.59,1.4e-05,1
5779,line,6228,中国電力ネットワーク 66.0kV線,4658,5389,66.0,68.59,0.000389,1
5780,line,6229,切越変電所~貞光江ノ脇変電所線,4658,5388,66.0,68.59,0.000643,1
5781,line,6230,三野町清水変電所~貞光江ノ脇変電所線,5389,4688,66.0,137.18,0.000324,0
5782,line,6231,山川町住吉変電所~貞光江ノ脇変電所線,5389,4788,66.0,137.18,0.000285,0
5783,line,6232,中国送電線_329,4660,4799,110.0,171.47,0.000122,1
5784,line,6233,北吉津町五丁目変電所~中国電力（株）本庄変電所線,5087,4662,66.0,137.18,0.000169,0
5785,line,6234,北吉津町五丁目変電所~中国電力（株）本庄変電所線,4662,5026,66.0,137.18,0.000121,1
5786,line,6235,栗原西一丁目変電所~中国電力（株）本庄変電所線,4662,5080,110.0,205.77,0.000398,0
5787,line,6236,安瀬変電所~若松区変電所線,5349,5348,66.0,68.59,1.8e-05,0
5788,line,6237,中国送電線_185,4665,5327,110.0,171.47,9.9e-05,1
5789,line,6239,中国送電線_192,5330,4666,275.0,952.63,2e-06,1
5790,line,6240,赤穂市変電所~片浜町変電所線,5330,4667,275.0,952.63,1.4e-05,1
5791,line,6241,中国電力ネットワーク 66.0kV線,4668,4669,66.0,274.36,0.000122,1
5792,line,6242,今治線,4668,5335,66.0,137.18,0.000657,0
5793,line,6243,桜井線,4668,4672,66.0,274.36,0.00012,0
5794,line,6244,中国電力ネットワーク 66.0kV線,4669,4797,66.0,137.18,4e-06,1
5795,line,6245,喜多台変電所~広江変電所線,4669,5333,66.0,411.54,3.8e-05,1
5796,line,6246,中国送電線_194,4670,5332,187.0,171.47,8.5e-05,1
5797,line,6247,北条変電所~広江変電所線,5332,5334,187.0,971.68,2e-06,1
5798,line,6248,広江変電所~喜多川変電所線,5332,5273,187.0,971.68,2.7e-05,1
5799,line,6249,中国送電線_195,4671,5334,187.0,171.47,5.3e-05,1
5800,line,6250,桜井線,5335,4673,66.0,137.18,8.3e-05,0
5801,line,6251,浅川線,5335,4855,66.0,137.18,0.00015,0
5802,line,6252,桜井線,4672,4673,66.0,137.18,0.000176,0
5803,line,6253,中国電力ネットワーク 66.0kV線,4672,4674,66.0,68.59,7.9e-05,1
5804,line,6254,leadin,4673,5375,66.0,68.59,6.1e-05,1
5805,line,6259,装束町四丁目変電所~西栄三丁目変電所線,5337,5340,110.0,171.47,5.9e-05,1
5806,line,6260,四軒屋変電所~芝谷変電所線,5341,5436,110.0,171.47,1.9e-05,1
5807,line,6261,上福原三丁目変電所~余子変電所線,5436,4778,110.0,342.95,5.2e-05,0
5808,line,6262,上福原三丁目変電所~余子変電所線,5436,4779,110.0,342.95,2.8e-05,0
5809,line,6263,長府支線;長府線,5444,4830,66.0,68.59,1e-05,0
5810,line,6264,下関小月線,5444,4677,66.0,342.95,4.5e-05,0
5811,line,6265,下関小月線,4677,5261,66.0,274.36,0.000149,0
5812,line,6266,才川支線,4677,5442,66.0,137.18,2.3e-05,1
5813,line,6268,中国電力ネットワーク 66.0kV線,4679,5343,66.0,274.36,3.7e-05,0
5814,line,6269,鴨島町飯尾変電所~神領変電所線,4679,5344,66.0,137.18,0.000403,1
5815,line,6270,鴨島町飯尾変電所~山川町住吉変電所線,5343,5392,66.0,137.18,0.000524,0
5816,line,6271,市場町八幡変電所~鴨島町飯尾変電所線,5343,5394,66.0,137.18,0.000228,1
5817,line,6272,中国送電線_208,4680,2795,66.0,68.59,0.001976,1
5818,line,6273,多度津変電所~四国旅客鉄道 多度津変電所線,5347,5433,66.0,68.59,1.6e-05,1
5819,line,6274,namebind,4681,5323,66.0,68.59,0.000213,0
5820,line,6275,三野町吉津変電所~詫間町詫間変電所線,4681,4682,66.0,68.59,4.4e-05,0
5821,line,6276,namebind,4682,5321,66.0,68.59,0.000275,0
5822,line,6277,中国送電線_215,4682,4683,66.0,68.59,5.6e-05,1
5823,line,6281,妻鳥町変電所~四国電力　川之江変電所線,5396,5355,66.0,205.77,9e-06,1
5824,line,6282,四国電力　川之江変電所~川之江町変電所線,5396,5395,66.0,137.18,4e-05,1
5825,line,6283,中国電力ネットワーク 66.0kV線,5355,4684,66.0,274.36,1.4e-05,1
5826,line,6284,三島朝日一丁目変電所~三島変電所線,5397,5270,66.0,274.36,2e-05,0
5827,line,6285,leadin,5397,5209,66.0,68.59,0.00013,0
5828,line,6286,三島朝日一丁目変電所~四国電力　川之江変電所線,5397,4684,66.0,137.18,9.1e-05,0
5829,line,6287,金田町金川変電所~四国電力　川之江変電所線,4684,4685,66.0,274.36,4.2e-05,0
5830,line,6288,金田町金川変電所~三島変電所線,5270,4685,66.0,137.18,8.6e-05,0
5831,line,6289,三島変電所~寒川町変電所線,5270,5399,66.0,137.18,0.000213,1
5832,line,6290,金田町金川変電所~三島変電所線,5398,4685,66.0,137.18,5.4e-05,1
5833,line,6291,四国電力　新宮変電所~金田町金川変電所線,5398,5351,66.0,68.59,0.000463,1
5834,line,6292,三野町清水変電所~昼間変電所線,5386,5228,66.0,274.36,6e-06,0
5835,line,6293,昼間変電所~三好市変電所線,5386,4686,66.0,137.18,0.00028,0
5836,line,6294,中国電力ネットワーク 66.0kV線,5386,4687,66.0,68.59,0.000616,0
5837,line,6295,昼間変電所~三好市変電所線,4686,5385,66.0,137.18,0.000276,0
5838,line,6296,中国送電線_221,4686,5354,66.0,68.59,0.000392,1
5839,line,6297,中国電力ネットワーク 66.0kV線,5385,4791,66.0,137.18,9.6e-05,0
5840,line,6298,中国電力ネットワーク 66.0kV線,5385,4794,66.0,137.18,0.000347,0
5841,line,6299,三野町清水変電所~昼間変電所線,4688,5228,66.0,274.36,0.000222,0
5842,line,6300,中国電力ネットワーク 66.0kV線,4688,5387,66.0,137.18,8.4e-05,1
5843,line,6301,中国送電線_221,5354,5352,66.0,68.59,2.5e-05,1
5844,line,6302,leadin,5352,5353,66.0,68.59,2e-06,1
5845,line,6303,中国電力ネットワーク 66.0kV線,5395,4795,66.0,68.59,3.8e-05,1
5846,line,6304,中国電力ネットワーク 187.0kV線,4689,5416,187.0,971.68,1.1e-05,1
5847,line,6305,中国送電線_224,4691,4692,110.0,171.47,1.4e-05,1
5848,line,6306,下出部町変電所~金光変電所 (Konkō Hendensho)線,4692,5326,110.0,171.47,0.00013,1
5849,line,6307,中国送電線_225,4693,4694,110.0,342.95,9.4e-05,1
5850,line,6308,中国送電線_225,4694,4695,110.0,342.95,3.2e-05,1
5851,line,6309,川面町変電所~玉川町玉変電所線,4694,4697,110.0,171.47,0.000191,1
5852,line,6310,中国送電線_225,4695,4696,110.0,342.95,1e-05,1
5853,line,6311,中国送電線_228,4695,5357,110.0,171.47,0.000139,1
5854,line,6312,岡山変電所~玉川町玉変電所線,4697,4837,110.0,171.47,0.000335,1
5855,line,6313,中国送電線_399,4698,4838,110.0,171.47,4.6e-05,1
5856,line,6315,中国送電線_230,4699,4700,220.0,685.89,1.6e-05,0
5857,line,6316,沼田一丁目変電所~本町四丁目変電所線,4699,4740,220.0,1371.78,3e-05,1
5858,line,6317,中国送電線_230,4700,4701,220.0,685.89,4e-06,1
5859,line,6318,本町四丁目変電所~新広島変電所線,4700,4702,220.0,685.89,3.7e-05,1
5860,line,6319,中国送電線_232,5135,4703,220.0,1371.78,1e-05,0
5861,line,6320,中国送電線_234,5135,4704,220.0,685.89,1.9e-05,0
5862,line,6321,中国送電線_238,4705,3132,66.0,68.59,0.000882,1
5863,line,6322,磯浦変電所~別子配電センター線,5358,5263,187.0,285.79,1.9e-05,0
5864,line,6327,茅町変電所~綾部変電所線,5306,4717,66.0,68.59,0.000334,0
5865,line,6329,中国電力ネットワーク 66.0kV線,4708,4710,66.0,68.59,1e-06,0
5866,line,6330,中国電力ネットワーク 66.0kV線,4708,4709,66.0,68.59,6e-06,0
5867,line,6331,中国電力ネットワーク 66.0kV線,4709,4710,66.0,68.59,2e-06,0
5868,line,6333,上郡変電所~西播変電所線,5381,4973,77.0,93.36,0.000368,0
5869,line,6338,送電線,4982,4712,66.0,137.18,6.7e-05,0
5870,line,6339,送電線,4712,4714,66.0,68.59,5.5e-05,1
5871,line,6340,琴浦変電所~中国電力線,4715,5479,66.0,137.18,0.000163,0
5872,line,6341,琴浦変電所~中国電力線,4715,5369,66.0,137.18,5.5e-05,0
5873,line,6342,茅町変電所~綾部変電所線,4717,4718,66.0,68.59,0.000805,0
5874,line,6343,中国送電線_261,4718,5238,66.0,68.59,0.000115,0
5875,line,6344,綾部変電所~太平台変電所線,4718,4720,66.0,137.18,0.000434,1
5876,line,6345,中国送電線_263,5238,4719,66.0,68.59,4.1e-05,1
5877,line,6346,中国送電線_264,4720,4721,66.0,68.59,0.000118,1
5878,line,6347,下町変電所~太平台変電所線,4720,5441,66.0,137.18,0.000668,1
5879,line,6348,本町変電所~桜江町市山変電所線,5525,5522,110.0,171.47,0.000354,1
5880,line,6349,本町変電所~大田市変電所線,5525,4722,110.0,342.95,8.6e-05,0
5881,line,6350,中国送電線_268,5522,4723,110.0,342.95,7.3e-05,1
5882,line,6351,中国送電線_266,4722,5524,110.0,171.47,3.8e-05,1
5883,line,6352,桜江町市山変電所~邑南町変電所線,5522,5445,110.0,342.95,0.000199,1
5884,line,6353,leadin,5526,4724,66.0,137.18,7e-05,1
5885,line,6354,杉戸町変電所~金城変電所線,4725,4726,66.0,137.18,0.000183,1
5886,line,6355,中国送電線_273,4725,4727,66.0,68.59,2.4e-05,1
5887,line,6356,下関変電所~長府変電所線,4955,5443,110.0,171.47,8.3e-05,0
5888,line,6357,中国送電線_279,4732,4932,220.0,685.89,1.9e-05,0
5889,line,6358,中国送電線_279,4932,4733,220.0,685.89,3.6e-05,0
5890,line,6359,中国送電線_281,4733,4735,220.0,685.89,1e-06,1
5891,line,6360,中国送電線_282,4733,4736,220.0,685.89,9.4e-05,0
5892,line,6361,中国送電線_283,4736,4737,220.0,685.89,4.9e-05,0
5893,line,6362,中国送電線_284,4736,4738,220.0,685.89,6e-06,1
5894,line,6363,中国送電線_285,4737,4739,220.0,685.89,1e-06,1
5895,line,6365,namebind,4741,5244,110.0,171.47,0.000185,0
5896,line,6366,中国送電線_289,4741,4742,110.0,171.47,2.2e-05,1
5897,line,6367,鴨島町飯尾変電所~山川町住吉変電所線,5392,5376,66.0,137.18,8e-06,0
5898,line,6368,山川町住吉変電所~貞光江ノ脇変電所線,5392,5391,66.0,137.18,0.000278,0
5899,line,6369,久崎変電所~長尾変電所線,4744,5315,500.0,6928.2,2e-06,1
5900,line,6370,新岡山変電所~高梁市変電所線,4745,5529,220.0,685.89,1.6e-05,0
5901,line,6371,中国送電線_362,4746,5438,66.0,68.59,0.000115,1
5902,line,6372,中国電力ネットワーク 187.0kV線,4748,5417,187.0,1943.36,4e-06,1
5903,line,6373,高知幹線,4748,4749,187.0,971.68,0.000126,1
5904,line,6375,栗原西一丁目変電所~中国電力（株）本庄変電所線,4751,5079,110.0,342.95,5.9e-05,0
5905,line,6376,栗原西一丁目変電所~沼田一丁目変電所線,4751,4752,110.0,171.47,0.00061,1
5906,line,6378,玉島変電所~玉島道越変電所線,5451,5514,110.0,171.47,2.2e-05,1
5907,line,6379,玉島変電所~鴨方変電所線,5452,5450,66.0,137.18,0.000441,0
5908,line,6380,中国電力ネットワーク 66.0kV線,5450,4756,66.0,137.18,9e-06,1
5909,line,6384,倉敷変電所~東富井変電所線,4994,5440,110.0,342.95,1.5e-05,1
5910,line,6385,迫間変電所~琴浦変電所線,4758,5479,66.0,137.18,0.000104,0
5911,line,6386,中国送電線_297,4758,4759,66.0,137.18,9.7e-05,1
5912,line,6387,琴浦変電所~中国電力線,5369,5245,66.0,137.18,0.000392,0
5913,line,6388,中国電力~JR西日本早島変電所線,5245,5246,66.0,68.59,8.1e-05,1
5914,line,6389,奥玉一丁目変電所~玉四丁目変電所線,5308,4760,66.0,205.77,5.1e-05,1
5915,line,6390,奥玉一丁目変電所~玉四丁目変電所線,5308,5307,66.0,68.59,5.2e-05,1
5916,line,6391,奥玉一丁目変電所~玉四丁目変電所線,4760,4761,66.0,205.77,0.000188,1
5917,line,6392,中国送電線_299,4760,4762,66.0,68.59,5.2e-05,1
5918,line,6393,中国送電線_300,5307,4763,66.0,68.59,2.9e-05,1
5919,line,6394,中国送電線_370,5507,4826,110.0,342.95,7e-06,0
5920,line,6395,leadin,5507,4827,110.0,514.42,1.3e-05,0
5921,line,6396,高梁市変電所~新岡山変電所線,4765,4766,66.0,137.18,0.00036,1
5922,line,6397,中国送電線_301,4765,4768,66.0,68.59,4.2e-05,1
5923,line,6398,高梁市変電所~新岡山変電所線,4765,4769,66.0,137.18,0.000824,1
5924,line,6399,三次市変電所~谷川変電所線,4769,4770,66.0,68.59,0.000808,1
5925,line,6400,三次市変電所~君田町櫃田変電所線,4769,5520,110.0,617.3,0.000479,1
5926,line,6401,中国送電線_305,5225,4771,110.0,171.47,1.6e-05,1
5927,line,6402,中国電力ネットワーク 66.0kV線,4773,5518,66.0,137.18,3.3e-05,0
5928,line,6403,荘変電所~根妻変電所線,4773,4774,66.0,411.54,0.000141,1
5929,line,6404,中国電力ネットワーク 66.0kV線,5518,5542,66.0,68.59,0.000671,0
5930,line,6405,中国送電線_308,4774,5425,66.0,137.18,9.7e-05,1
5931,line,6406,荘変電所~根妻変電所線,4774,5540,66.0,411.54,4.7e-05,1
5932,line,6407,根妻変電所~谷川変電所線,5540,5434,66.0,68.59,0.00135,1
5933,line,6408,根妻変電所~古川変電所線,5540,5429,66.0,68.59,0.000516,1
5934,line,6409,中国電力ネットワーク 66.0kV線,5434,5435,66.0,68.59,1.3e-05,1
5935,line,6410,古川変電所~樽原変電所線,5429,5539,66.0,68.59,4e-05,1
5936,line,6413,中国電力ネットワーク 110.0kV線,4778,4871,110.0,342.95,5e-06,1
5937,line,6414,中国送電線_354,4779,4820,110.0,171.47,2e-05,1
5938,line,6415,藤生町三丁目変電所~藤生町一丁目変電所線,5292,5295,220.0,685.89,3e-06,0
5939,line,6416,新見変電所~Okayamaken Kigyokyokuniimi Power Station線,4784,5095,110.0,205.77,0.000355,1
5940,line,6417,松山線,4785,4786,66.0,137.18,0.001148,1
5941,line,6418,中国送電線_323,4785,4787,66.0,68.59,6.3e-05,1
5942,line,6419,山川町住吉変電所~貞光江ノ脇変電所線,5391,4788,66.0,137.18,0.000117,0
5943,line,6420,中国電力ネットワーク 66.0kV線,4788,5390,66.0,137.18,8e-05,1
5944,line,6421,阿波町善地変電所~市場町八幡変電所線,5393,5394,66.0,274.36,0.000209,1
5945,line,6422,三好市変電所~本山町変電所線,4789,4790,66.0,68.59,0.001938,1
5946,line,6423,中国電力ネットワーク 66.0kV線,4791,4792,66.0,137.18,2.3e-05,1
5947,line,6424,中国送電線_324,4791,4793,66.0,68.59,0.000246,1
5948,line,6428,中国電力ネットワーク 66.0kV線,4796,5405,66.0,137.18,0.000163,1
5949,line,6429,中国電力ネットワーク 66.0kV線,5405,4797,66.0,137.18,7.7e-05,1
5950,line,6430,中国電力ネットワーク 66.0kV線,4797,4798,66.0,274.36,7e-06,1
5951,line,6431,中国電力ネットワーク 66.0kV線,5409,5407,66.0,137.18,4e-06,1
5952,line,6432,中国電力ネットワーク 66.0kV線,5409,5408,66.0,68.59,1.3e-05,1
5953,line,6433,喜多川変電所~ひうち変電所線,5407,5406,66.0,137.18,2.8e-05,1
5954,line,6434,喜多川変電所~ひうち変電所線,5274,5410,66.0,274.36,2.1e-05,1
5955,line,6435,四国電力送配電 187.0kV線,5274,5272,66.0,68.59,5.5e-05,0
5956,line,6436,喜多川変電所~ひうち変電所線,5410,5406,66.0,137.18,2.5e-05,1
5957,line,6437,喜多川変電所~中西新開変電所線,5272,5412,66.0,137.18,7.1e-05,0
5958,line,6438,中国電力ネットワーク 187.0kV線,5415,5413,66.0,68.59,0.000189,1
5959,line,6439,namebind,5173,4801,110.0,342.95,5.2e-05,0
5960,line,6440,中国送電線_332,4802,4803,110.0,171.47,6e-06,1
5961,line,6441,namebind,4802,5512,110.0,685.89,4.2e-05,0
5962,line,6442,中国送電線_335,5051,4804,110.0,342.95,2.1e-05,0
5963,line,6443,中国送電線_335,4804,4805,66.0,274.36,5.3e-05,0
5964,line,6444,中国送電線_336,4804,4806,66.0,137.18,7.7e-05,1
5965,line,6445,本町四丁目変電所~東広島市変電所線,4805,5426,220.0,205.77,0.000373,0
5966,line,6446,中国送電線_338,4805,4807,66.0,68.59,0.000224,1
5967,line,6447,中国送電線_340,5426,4809,220.0,685.89,1.9e-05,1
5968,line,6448,中国送電線_341,4809,4810,66.0,68.59,2.5e-05,1
5969,line,6449,東広島市変電所~1丁目変電所線,4809,5422,66.0,68.59,0.000417,1
5970,line,6450,中国送電線_342,5489,4811,110.0,171.47,0.000135,1
5971,line,6451,中国送電線_344,5095,4813,110.0,342.95,4e-06,1
5972,line,6452,新見変電所~井倉変電所線,5095,5533,110.0,171.47,0.00022,1
5973,line,6453,新見変電所~新見市変電所線,5095,5537,110.0,685.89,9e-06,1
5974,line,6454,新見変電所~Okayamaken Kigyokyokuniimi Power Station線,5095,5532,110.0,171.47,6.4e-05,1
5975,line,6455,新見変電所~新見市変電所線,5537,4814,66.0,274.36,0.000183,1
5976,line,6456,中国送電線_345,4814,4815,66.0,68.59,5.6e-05,1
5977,line,6457,中国送電線_346,4814,5531,66.0,68.59,8.4e-05,1
5978,line,6458,中国送電線_348,4817,5039,110.0,102.88,0.000306,1
5979,line,6464,西大寺変電所 (Saidaiji Hendensho)~平井二丁目変電所線,4983,5474,110.0,342.95,0.000103,0
5980,line,6465,三蟠変電所~南岡山変電所線,4821,4822,110.0,342.95,2.9e-05,1
5981,line,6467,中国送電線_363,5438,4823,66.0,68.59,5.9e-05,1
5982,line,6468,中国送電線_365,5509,5508,110.0,342.95,4e-06,0
5983,line,6469,長府支線;長府線,5443,4831,110.0,342.95,2e-06,0
5984,line,6470,中国電力~北区変電所線,5244,5447,110.0,342.95,6e-05,0
5985,line,6472,leadin,5490,4833,66.0,137.18,4.7e-05,1
5986,line,6473,大川長尾線,5465,5463,66.0,137.18,0.000258,0
5987,line,6483,leadin,4842,5281,110.0,171.47,5.7e-05,1
5988,line,6484,東富井変電所~老松町二丁目変電所線,4842,5448,110.0,171.47,2.7e-05,0
5989,line,6490,能美支線,5485,5483,66.0,68.59,0.000276,1
5990,line,6491,江田島線,5485,5484,66.0,68.59,0.000647,1
5991,line,6493,西日本旅客鉄道 25.0kV線,4988,4848,66.0,137.18,9e-06,1
5992,line,6494,北条亀岡線,5495,4858,66.0,68.59,0.000932,0
5993,line,6495,浅川線,4855,4856,66.0,137.18,4.5e-05,1
5994,line,6496,波止浜支線,4855,4857,66.0,274.36,6.7e-05,1
5995,line,6497,北条亀岡線,4858,4859,66.0,137.18,0.00018,1
5996,line,6498,四国電力送配電 66.0kV線,4858,4860,66.0,68.59,0.00013,1
5997,line,6501,由宇町南沖三丁目変電所~由宇町北一丁目変電所線,5502,4863,110.0,342.95,3.5e-05,1
5998,line,6502,namebind,4863,5296,110.0,342.95,0.000145,0
5999,line,6503,中国送電線_428,5217,4864,110.0,342.95,2e-05,1
6000,line,6504,中国送電線_429,5217,4865,110.0,342.95,3.5e-05,1
6001,line,6506,中国送電線_434,5163,4866,110.0,342.95,4.6e-05,0
6002,line,6511,丹那町変電所~坂変電所線,5482,4949,110.0,342.95,8.5e-05,0
6003,line,6512,leadin,4949,5544,110.0,171.47,7e-06,1
6004,line,6513,呉変電所~7丁目変電所線,5047,4873,110.0,171.47,4.6e-05,1
6005,line,6516,栗林線,4893,5643,66.0,274.36,3.5e-05,0
6006,line,6517,坂出連絡線,5643,5648,66.0,137.18,0.000262,0
6007,line,6518,由佐変電所~香川変電所線,5643,4239,66.0,68.59,0.00049,0
6008,line,6519,西通線;上天神線,4227,5645,66.0,411.54,4.5e-05,0
6009,line,6520,高松坂出線,5645,5649,66.0,274.36,3.3e-05,0
6010,line,6521,高松線,5644,4231,187.0,971.68,3.6e-05,0
6011,line,6522,高松線,4231,5647,187.0,971.68,4.3e-05,0
6012,line,6523,坂出変電所~香川変電所線,4231,5642,187.0,485.84,2e-05,0
6013,line,6524,受電所~讃岐変電所線,5647,4232,187.0,1943.36,3.6e-05,0
6014,line,6525,讃岐変電所~四国電力麻変電所線,5647,4237,187.0,1943.36,1.7e-05,0
6015,line,6526,讃岐変電所~鳴門変電所線,5647,4245,187.0,1943.36,1.1e-05,0
6016,line,6527,讃岐変電所~福江町三丁目変電所線,5646,5652,500.0,6928.2,1.1e-05,0
6017,line,6528,讃岐変電所~阿波変電所線,5646,5671,500.0,20784.61,1e-05,0
6018,line,6529,四国中央東幹線,5646,5659,500.0,20784.61,1.2e-05,0
6019,line,6530,受電所~福江町三丁目変電所線,5652,5746,500.0,6928.2,2e-06,0
6020,line,6531,leadin,5683,4248,187.0,971.68,6e-06,0
6021,line,6532,受電所~讃岐変電所線,5683,5650,187.0,1943.36,1.9e-05,0
6022,line,6533,受電所~宇多津町変電所線,5683,5517,187.0,485.84,8e-06,0
6023,line,6534,受電所~讃岐変電所線,5683,4650,187.0,4858.4,2e-06,0
6024,line,6535,受電所~讃岐変電所線,5650,4232,187.0,1943.36,6e-06,0
6025,line,6536,坂出連絡線,5648,5651,66.0,274.36,0.000189,0
6026,line,6537,綾川町変電所~香川変電所線,5642,4958,187.0,971.68,4e-06,0
6027,line,6538,高松坂出線,5651,5656,66.0,137.18,0.000261,0
6028,line,6539,坂出変電所~四国電力送配電 丸亀変電所線,5651,5710,66.0,137.18,0.000294,0
6029,line,6540,坂出変電所~笠山変電所線,5651,4900,66.0,68.59,0.000264,0
6030,line,6541,坂出変電所~吉野下変電所線,5651,4249,66.0,137.18,0.000458,0
6031,line,6542,坂出変電所~宇多津変電所線,5651,4244,66.0,137.18,4.2e-05,0
6032,line,6543,高松坂出線,5656,5649,66.0,137.18,0.00024,0
6033,line,6544,讃岐変電所~四国電力麻変電所線,4237,5657,187.0,1943.36,3.9e-05,0
6034,line,6545,讃岐変電所~井川変電所線,4237,5684,187.0,971.68,5.9e-05,0
6035,line,6546,四国送電線_53,5657,4598,187.0,485.84,4e-06,0
6036,line,6547,観音寺変電所~四国電力麻変電所線,5657,5310,187.0,485.84,7.4e-05,0
6037,line,6548,阿波変電所~阿南周波数変換所線,5671,5669,500.0,6928.2,0.0,0
6038,line,6549,土佐山田町新改変電所~介良変電所線,5687,5703,66.0,137.18,0.000536,0
6039,line,6550,立田変電所~土佐山田町新改変電所線,5687,5568,66.0,137.18,0.000338,0
6040,line,6551,高知変電所~土佐山田町新改変電所線,5687,5584,66.0,137.18,0.000434,0
6041,line,6552,四国電力送配電 66.0kV線,5687,5592,66.0,68.59,0.000484,1
6042,line,6553,四国電力送配電 66.0kV線,5687,5597,66.0,137.18,0.000165,1
6043,line,6554,物部町押谷変電所~土佐山田町新改変電所線,5687,4789,66.0,68.59,0.00189,1
6044,line,6555,仁井田線,5703,5733,66.0,274.36,0.000121,0
6045,line,6556,高知変電所~伊勢崎町変電所線,5551,5552,66.0,68.59,0.000304,0
6046,line,6557,四国電力送配電 66.0kV線,5551,5582,66.0,274.36,1.7e-05,0
6047,line,6558,四国送電線_54,5551,5563,66.0,137.18,0.000197,0
6048,line,6559,leadin,5552,5653,66.0,68.59,0.000105,1
6049,line,6560,四国送電線_36,5552,5697,66.0,68.59,4.2e-05,0
6050,line,6561,五日市線,5461,5754,110.0,171.47,0.000136,1
6051,line,6562,西広島変電所~廿日市変電所線,4241,5571,110.0,342.95,0.000309,1
6052,line,6563,四国送電線_159,4894,5747,66.0,68.59,3.5e-05,0
6053,line,6564,多度津変電所~四国電力送配電 丸亀変電所線,5710,4746,66.0,68.59,0.000147,0
6054,line,6565,四国電力送配電 丸亀変電所~塩屋変電所線,5710,5421,66.0,68.59,0.000136,0
6055,line,6566,讃岐変電所~鳴門変電所線,4246,2792,187.0,1943.36,8.6e-05,0
6056,line,6567,坂出変電所~吉野下変電所線,4249,5752,66.0,137.18,4e-05,1
6057,line,6568,垂水町変電所~吉野下変電所線,4249,5751,66.0,137.18,0.000161,1
6058,line,6569,忠海長浜一丁目変電所~本町四丁目変電所線,5742,5553,220.0,1371.78,7.6e-05,1
6059,line,6570,坂変電所~黒瀬変電所線,5469,5679,110.0,342.95,9.6e-05,0
6060,line,6571,南西条変電所~黒瀬変電所線,5679,4935,110.0,342.95,0.000146,0
6061,line,6572,黒瀬変電所~呉変電所線,5679,5047,110.0,342.95,0.000135,0
6062,line,6573,leadin,4253,5655,110.0,171.47,5.6e-05,0
6063,line,6574,春野変電所~孕変電所線,5554,5555,66.0,68.59,0.000482,1
6064,line,6575,四国送電線_5,5554,5556,66.0,68.59,6.4e-05,1
6065,line,6576,四国送電線_5,5554,5668,66.0,68.59,0.000112,1
6066,line,6577,春野変電所~孕変電所線,5555,5666,66.0,68.59,5.8e-05,1
6067,line,6578,孕変電所~瀬戸南町二丁目変電所線,5555,5699,66.0,68.59,0.000236,1
6068,line,6579,四国送電線_12,5666,5564,66.0,68.59,7.8e-05,1
6069,line,6581,四国電力送配電 110.0kV線,5655,4273,110.0,171.47,2e-05,0
6070,line,6582,川内廿日市線,5655,4257,110.0,171.47,7.9e-05,0
6071,line,6583,廿日市南岩国線,5655,4274,110.0,171.47,2.8e-05,0
6072,line,6584,南西条変電所~黒瀬変電所線,5557,5678,220.0,1371.78,7.4e-05,1
6073,line,6585,黒瀬変電所~大崎上島町変電所線,5678,4397,220.0,1371.78,8.5e-05,0
6074,line,6586,新西広島岩国線 (Shin Nishi Hiroshima Iwakuni Sen),5558,4272,110.0,171.47,0.000136,1
6075,line,6587,namebind,4275,5654,220.0,685.89,6e-05,0
6076,line,6588,大州四丁目変電所~広島補助き電区分所線,4279,5562,110.0,342.95,0.000195,0
6077,line,6589,namebind,4279,5748,110.0,685.89,0.000136,0
6078,line,6590,東山口幹線 (Higashi Yamaguchi Kansen),5559,5560,500.0,6928.2,3e-05,1
6079,line,6591,松山東線,5664,4291,187.0,2915.04,1e-06,0
6080,line,6592,東予変電所~西条変電所線,5664,4296,187.0,1943.36,3.9e-05,0
6081,line,6593,新須賀変電所~西条変電所線,5664,4595,187.0,971.68,6e-06,0
6082,line,6594,西条変電所~喜多川変電所線,5664,5411,187.0,971.68,3e-05,0
6083,line,6595,西条変電所~土佐山田町新改変電所線,5664,4689,187.0,971.68,0.000182,0
6084,line,6596,四国電力送配電 187.0kV線,4292,5663,187.0,1943.36,7e-06,0
6085,line,6597,新居浜変電所~土居町中村変電所線,4294,5661,66.0,274.36,0.000149,0
6086,line,6598,新居浜変電所~土居町中村変電所線,5661,5719,66.0,274.36,8.5e-05,1
6087,line,6599,東予変電所~三島変電所線,5660,4295,187.0,971.68,0.000118,0
6088,line,6600,四国電力送配電 187.0kV線,5660,4296,187.0,1943.36,6e-06,0
6089,line,6601,井川変電所~三島変電所線,4295,5684,187.0,2915.04,5.9e-05,0
6090,line,6602,四国中央中幹線,5662,5659,500.0,13856.41,1.4e-05,0
6091,line,6603,四国中央西幹線,5662,5722,500.0,20784.61,1.4e-05,0
6092,line,6604,磯浦変電所~別子配電センター線,5695,5358,110.0,685.89,5e-06,0
6093,line,6605,別子配電センター~磯浦町変電所線,5695,5267,110.0,685.89,2e-06,0
6094,line,6606,別子配電センター~物部町押谷変電所線,5695,5718,110.0,514.42,0.000775,1
6095,line,6607,伊方南幹線,5723,5577,187.0,2915.04,1.4e-05,0
6096,line,6608,四国電力送配電 187.0kV線,5723,5561,187.0,2915.04,4.2e-05,0
6097,line,6609,大洲南幹線,5663,5692,187.0,3886.72,5.7e-05,0
6098,line,6610,四国電力送配電 187.0kV線,5561,5692,187.0,1943.36,2e-06,0
6099,line,6611,伊方南幹線,5561,5577,187.0,2915.04,2.8e-05,0
6100,line,6612,南西条変電所~大州四丁目変電所線,4935,5562,110.0,342.95,0.000142,0
6101,line,6613,南西条変電所~大州四丁目変電所線,5562,5565,110.0,171.47,0.000111,1
6102,line,6614,leadin,5563,5688,66.0,68.59,0.000142,1
6103,line,6615,高知変電所~孕変電所線,5563,5666,66.0,68.59,0.000259,0
6104,line,6616,leadin,5666,5636,66.0,137.18,4.2e-05,1
6105,line,6617,孕変電所~大原町変電所線,5666,5691,66.0,137.18,0.000543,0
6106,line,6618,浦戸線,5666,5733,66.0,137.18,8.8e-05,0
6107,line,6619,一宮南町一丁目変電所~知寄町三丁目変電所線,5696,5667,66.0,68.59,0.000141,1
6108,line,6620,四国送電線_71,5696,5584,66.0,68.59,0.000455,0
6109,line,6621,伊勢崎町変電所~一宮南町一丁目変電所線,5696,5697,66.0,137.18,0.000101,0
6110,line,6622,四国電力麻変電所~三野町吉津変電所線,4304,5658,66.0,68.59,0.000558,0
6111,line,6623,大内線,4310,5673,66.0,274.36,0.000103,0
6112,line,6624,四国送電線_14,5657,4330,187.0,485.84,8e-06,0
6113,line,6625,四国電力麻変電所~三野町吉津変電所線,5657,5323,187.0,485.84,7.1e-05,0
6114,line,6626,namebind,5749,5510,220.0,2743.57,1.8e-05,0
6115,line,6627,古開作変電所~美和町西畑変電所線,5749,4359,220.0,2743.57,5e-05,0
6116,line,6628,古開作変電所~美和町西畑変電所線,4359,5566,220.0,2743.57,1.5e-05,1
6117,line,6629,廿日市変電所~高森線,4359,5567,220.0,685.89,3.6e-05,1
6118,line,6630,阿波変電所~阿南周波数変換所線,5669,3426,500.0,6928.2,2.1e-05,0
6119,line,6631,namebind,3426,5725,500.0,6928.2,4e-06,0
6120,line,6632,阿波変電所~国府変電所線,5672,5670,187.0,1943.36,0.0,0
6121,line,6633,阿波変電所~国府変電所線,5670,2748,187.0,1943.36,2.7e-05,0
6122,line,6634,四国電力送配電 187.0kV線,2748,5674,187.0,971.68,3e-06,0
6123,line,6635,大内変電所~応神変電所線,4384,3391,66.0,137.18,0.000276,0
6124,line,6636,国府変電所~大殿変電所線,5674,4582,187.0,1457.52,0.000105,0
6125,line,6637,国府変電所~桑野変電所線,5674,5726,187.0,2915.04,4.7e-05,0
6126,line,6638,応神東線,5675,2746,66.0,137.18,0.000234,0
6127,line,6639,国府変電所~南小松島町変電所線,5675,5676,66.0,274.36,0.000321,0
6128,line,6640,国府変電所~南庄町一丁目変電所線,5675,5682,66.0,68.59,0.00076,0
6129,line,6641,国府変電所~徳島市変電所線,5675,5384,66.0,137.18,8.8e-05,0
6130,line,6642,国府変電所~鴨島町飯尾変電所線,5675,4679,66.0,137.18,0.000504,0
6131,line,6643,南小松島町変電所~桑野変電所線,5676,2757,66.0,274.36,0.000139,0
6132,line,6644,大内変電所~応神変電所線,5673,4387,66.0,137.18,0.000344,0
6133,line,6645,夜須町変電所~立田変電所線,5568,5569,66.0,137.18,0.000241,0
6134,line,6646,四国送電線_16,5568,5677,66.0,137.18,4.7e-05,1
6135,line,6647,四国送電線_117,5569,5631,66.0,68.59,1.7e-05,1
6136,line,6648,四国電力送配電 安芸変電所~夜須町変電所線,5569,5630,66.0,137.18,0.000748,0
6137,line,6649,忠海長浜一丁目変電所~呉変電所線,5743,4398,110.0,685.89,4.6e-05,0
6138,line,6650,忠海長浜一丁目変電所~沼田一丁目変電所線,5743,4399,110.0,342.95,0.000184,0
6139,line,6651,忠海長浜一丁目変電所~本町四丁目変電所線,5743,5680,110.0,342.95,8.5e-05,0
6140,line,6652,namebind,5743,4754,110.0,685.89,6.4e-05,0
6141,line,6653,四国電力送配電 110.0kV線,4398,5680,110.0,171.47,1.8e-05,0
6142,line,6654,忠海長浜一丁目変電所~沼田一丁目変電所線,4399,5709,110.0,342.95,1.2e-05,0
6143,line,6655,leadin,5709,4415,110.0,857.37,6e-06,0
6144,line,6656,新倉一丁目変電所~沼田一丁目変電所線,5709,5364,110.0,171.47,4.3e-05,0
6145,line,6657,新倉一丁目変電所~沼田一丁目変電所線,5709,5601,110.0,171.47,0.000281,1
6146,line,6658,忠海長浜一丁目変電所~本町四丁目変電所線,5680,4652,110.0,171.47,0.00024,0
6147,line,6659,namebind,4875,5489,110.0,171.47,0.000672,0
6148,line,6660,東尾道向島線,5570,5489,110.0,685.89,2.4e-05,1
6149,line,6661,段原変電所~廿日市変電所線,5572,5581,220.0,2743.57,3.4e-05,1
6150,line,6662,高森~美和町西畑変電所線,5573,5171,66.0,68.59,0.001646,1
6151,line,6663,四国送電線_162,4512,5750,110.0,685.89,4e-06,0
6152,line,6669,四国送電線_28,5364,5574,110.0,171.47,0.000193,1
6153,line,6671,四国送電線_32,5575,4545,66.0,68.59,4.2e-05,1
6154,line,6672,四国電力送配電 187.0kV線,2759,5727,66.0,68.59,0.000169,0
6155,line,6673,井川変電所~阿南発電所 (Anan Power Station)線,5684,4582,187.0,2915.04,7.1e-05,0
6156,line,6674,土佐山田町新改変電所~井川変電所線,5684,5686,187.0,2915.04,8.8e-05,0
6157,line,6675,井川変電所~阿南発電所 (Anan Power Station)線,4582,2762,187.0,2915.04,3.9e-05,0
6158,line,6676,井川変電所~阿南発電所 (Anan Power Station)線,2762,5726,187.0,2915.04,2.3e-05,0
6159,line,6677,大洲八幡浜線,5693,5576,66.0,411.54,0.000265,0
6160,line,6678,四国電力送配電 187.0kV線,5693,5578,66.0,137.18,0.000324,0
6161,line,6679,四国電力送配電 66.0kV線,5693,5611,66.0,137.18,0.000448,1
6162,line,6680,新宇和島線,5576,5589,66.0,274.36,0.00016,0
6163,line,6681,保内線,5576,5614,66.0,274.36,0.000129,0
6164,line,6682,四国送電線_111,5577,5614,187.0,485.84,2e-05,0
6165,line,6683,四国電力送配電 66.0kV線,5578,5579,66.0,137.18,0.000155,1
6166,line,6684,大洲小田線,5578,5612,66.0,274.36,5.5e-05,0
6167,line,6685,四国電力送配電 66.0kV線,5579,5580,66.0,137.18,0.000262,1
6168,line,6686,四国電力送配電 66.0kV線,5579,5638,66.0,68.59,5.3e-05,1
6169,line,6687,西条変電所~別子配電センター線,4595,5694,187.0,971.68,2.8e-05,0
6170,line,6688,四国電力送配電 66.0kV線,5691,5634,66.0,205.77,2.4e-05,0
6171,line,6689,四国電力送配電 66.0kV線,5691,5582,66.0,137.18,5e-05,0
6172,line,6690,高知変電所~土佐山田町新改変電所線,5691,5583,66.0,137.18,3.9e-05,0
6173,line,6691,四国電力送配電 66.0kV線,5582,5583,66.0,137.18,5e-06,0
6174,line,6692,四国電力送配電 66.0kV線,5583,5634,66.0,137.18,9e-06,0
6175,line,6693,高知変電所~土佐山田町新改変電所線,5583,5584,66.0,137.18,0.000502,0
6176,line,6694,受電所~福江町三丁目変電所線,5585,5746,500.0,6928.2,1.1e-05,1
6177,line,6695,北条線,4602,5745,66.0,68.59,0.000745,0
6178,line,6696,中央南変電所~田布施町変電所線,5511,5586,110.0,342.95,0.000217,1
6179,line,6697,広見変電所~大洲変電所線,5720,5692,187.0,3886.72,6.2e-05,0
6180,line,6699,磯浦町変電所~別子配電センター線,5694,5266,187.0,485.84,3e-06,0
6181,line,6700,西条変電所~磯浦変電所線,5665,4619,66.0,137.18,0.000219,0
6182,line,6701,namebind,5665,5401,66.0,68.59,0.001512,0
6183,line,6702,新宇和島線,5587,5588,66.0,137.18,0.000221,0
6184,line,6703,新宇和島線,5587,5602,66.0,137.18,0.000212,0
6185,line,6704,野村支線,5587,5616,66.0,137.18,0.000413,1
6186,line,6705,leadin,5588,5753,66.0,68.59,5.2e-05,1
6187,line,6706,新宇和島線,5588,5589,66.0,137.18,0.000325,0
6188,line,6707,三瓶支線,5589,5730,66.0,274.36,0.000119,1
6189,line,6708,切越変電所~貞光江ノ脇変電所線,4658,5713,66.0,137.18,0.000321,1
6190,line,6709,今治線,4668,5698,66.0,274.36,0.000329,0
6191,line,6710,桜井線,5698,4673,66.0,137.18,8.3e-05,0
6192,line,6711,浅川線,5698,4855,66.0,137.18,0.00015,0
6193,line,6712,孕変電所~瀬戸南町二丁目変電所線,5699,5700,66.0,68.59,3.7e-05,1
6194,line,6713,四国電力送配電 66.0kV線,4679,5701,66.0,274.36,3.7e-05,0
6195,line,6714,鴨島町飯尾変電所~神領変電所線,4679,5702,66.0,274.36,0.000201,1
6196,line,6715,鴨島町飯尾変電所~山川町住吉変電所線,5701,5714,66.0,274.36,0.000262,0
6197,line,6716,市場町八幡変電所~鴨島町飯尾変電所線,5701,5716,66.0,274.36,0.000114,1
6198,line,6717,四国送電線_84,2801,3430,187.0,200.05,0.001297,0
6199,line,6718,四国電力送配電 77.0kV線,2806,5591,77.0,186.72,0.000235,1
6200,line,6720,三島朝日一丁目変電所~三島変電所線,5717,5270,66.0,274.36,2e-05,0
6201,line,6721,leadin,5717,5209,66.0,68.59,0.000131,0
6202,line,6722,三島朝日一丁目変電所~四国電力　川之江変電所線,5717,4684,66.0,274.36,4.6e-05,0
6203,line,6723,西条変電所~土佐山田町新改変電所線,5686,4689,187.0,971.68,9.2e-05,0
6204,line,6724,高知変電所~土佐山田町新改変電所線,5686,5593,187.0,971.68,0.000115,0
6205,line,6725,北川村変電所~土佐山田町新改変電所線,5686,5594,187.0,1457.52,9.3e-05,0
6206,line,6726,三野町清水変電所~昼間変電所線,5712,5685,66.0,137.18,1.4e-05,0
6207,line,6727,昼間変電所~三好市変電所線,5712,4686,66.0,411.54,9.3e-05,0
6208,line,6728,四国電力送配電 66.0kV線,5712,4687,66.0,137.18,0.000308,0
6209,line,6729,昼間変電所~三好市変電所線,4686,5711,66.0,411.54,9.2e-05,0
6210,line,6730,四国電力送配電 66.0kV線,5711,4791,66.0,137.18,9.6e-05,0
6211,line,6731,四国電力送配電 66.0kV線,5711,4794,66.0,137.18,0.000347,0
6212,line,6732,三野町清水変電所~昼間変電所線,4688,5685,66.0,137.18,0.000443,0
6213,line,6733,四国電力送配電 187.0kV線,5593,5689,187.0,1943.36,2e-06,0
6214,line,6734,四国電力送配電 187.0kV線,5593,4748,187.0,1943.36,6.6e-05,0
6215,line,6735,四国電力送配電 110.0kV線,5690,5605,110.0,342.95,9.5e-05,1
6216,line,6736,大字長山変電所~北川村変電所線,5704,5705,187.0,971.68,1e-06,1
6217,line,6737,北川村変電所~土佐山田町新改変電所線,5705,5594,187.0,1457.52,3.8e-05,0
6218,line,6738,大字二タ又変電所~北川村変電所線,5705,5728,187.0,485.84,0.000106,1
6219,line,6739,四国電力送配電 187.0kV線,5594,5640,187.0,485.84,8e-06,1
6220,line,6740,北川村変電所~大字二タ又変電所線,5728,5729,187.0,971.68,4.5e-05,1
6221,line,6741,磯浦変電所~別子配電センター線,5358,5694,187.0,285.79,1.9e-05,0
6222,line,6742,土佐山田町新改変電所~物部町押谷変電所線,5595,5598,66.0,68.59,3.5e-05,1
6223,line,6743,四国送電線_94,5595,5596,66.0,68.59,0.000274,1
6224,line,6744,土佐山田町新改変電所~物部町押谷変電所線,5595,5597,66.0,68.59,0.000767,1
6225,line,6745,四国電力送配電 66.0kV線,5597,5599,66.0,137.18,2e-05,1
6226,line,6746,平田町東平二丁目変電所~西片島変電所線,5708,5707,66.0,68.59,0.000931,1
6227,line,6747,北戸内支線,5708,5600,66.0,137.18,0.00058,1
6228,line,6748,広見中村線,5600,5721,66.0,274.36,0.000707,1
6229,line,6749,広見中村線,5600,5618,66.0,274.36,0.000234,1
6230,line,6750,吉田支線,5602,5731,66.0,137.18,0.000133,1
6231,line,6751,新宇和島線,5602,5617,66.0,137.18,0.00016,0
6232,line,6752,大州四丁目変電所~南西条変電所線,4732,4733,220.0,685.89,5.7e-05,0
6233,line,6753,鴨島町飯尾変電所~山川町住吉変電所線,5714,5376,66.0,274.36,4e-06,0
6234,line,6754,山川町住吉変電所~貞光江ノ脇変電所線,5714,5391,66.0,137.18,0.000278,0
6235,line,6756,出目線,5721,5741,66.0,137.18,3.4e-05,1
6236,line,6757,宇和島線,5721,5738,66.0,137.18,0.000443,0
6237,line,6758,向島変電所~沼隈町大字草深変電所線,5606,4751,110.0,102.88,6e-06,1
6238,line,6759,向島変電所~沼隈町大字草深変電所線,4751,4662,110.0,171.47,0.000704,0
6239,line,6761,四国電力送配電 66.0kV線,5608,5609,66.0,68.59,0.000303,1
6240,line,6762,四国送電線_107,5609,5610,66.0,68.59,2e-06,1
6241,line,6763,四国電力送配電 66.0kV線,5609,5724,66.0,137.18,0.000537,1
6242,line,6764,四国送電線_110,5612,5613,66.0,137.18,2e-06,1
6243,line,6765,大洲小田線,5612,5736,66.0,274.36,0.000387,0
6244,line,6766,松山線,5736,4785,66.0,137.18,0.001145,0
6245,line,6767,保内線,5614,5615,66.0,137.18,7.3e-05,1
6246,line,6768,住吉町二丁目変電所~宇和島変電所線,5617,5744,66.0,68.59,0.000394,1
6247,line,6769,新宇和島線,5617,5738,66.0,137.18,0.000159,0
6248,line,6770,御荘線,5738,5621,66.0,137.18,0.000201,1
6249,line,6771,清水線,5618,5619,66.0,274.36,0.000575,1
6250,line,6772,中村線,5618,5620,66.0,274.36,0.000627,1
6251,line,6773,窪川線,5620,5740,66.0,137.18,0.000203,1
6252,line,6774,津賀支線,5620,5624,66.0,137.18,0.000923,1
6253,line,6775,阿波町善地変電所~市場町八幡変電所線,5715,5716,66.0,137.18,0.000419,1
6254,line,6776,御荘線,5621,5732,66.0,137.18,0.000483,1
6255,line,6777,山際支線,5621,5639,66.0,137.18,3.2e-05,1
6256,line,6778,御荘線,5732,5622,66.0,274.36,0.000362,1
6257,line,6779,御荘線,5622,5739,66.0,274.36,0.00011,1
6258,line,6780,四国送電線_112,5622,5623,66.0,68.59,0.000227,1
6259,line,6781,四国電力送配電 66.0kV線,5624,5625,66.0,548.71,4e-06,1
6260,line,6782,梼原線,5624,5626,66.0,137.18,0.000831,1
6261,line,6783,浮津二番町変電所~松本変電所線,5737,5627,66.0,68.59,0.001096,1
6262,line,6784,四国送電線_113,5627,5628,66.0,68.59,0.000141,1
6263,line,6785,四国送電線_114,5627,5629,66.0,68.59,0.000926,1
6264,line,6786,四国送電線_115,5629,5735,66.0,68.59,9.1e-05,1
6265,line,6787,松本変電所~北川村変電所線,5629,5706,66.0,137.18,0.000209,1
6266,line,6788,北川村変電所~四国電力送配電 安芸変電所線,5706,5630,66.0,137.18,0.000802,0
6267,line,6789,四国送電線_116,5630,5734,66.0,68.59,5.5e-05,1
6268,line,6790,四国電力送配電 66.0kV線,5632,5633,66.0,68.59,5.1e-05,1
6269,line,6791,四国電力送配電 66.0kV線,5633,5635,66.0,68.59,0.000214,1
6270,line,6792,四国電力送配電 66.0kV線,5633,5634,66.0,68.59,0.00024,1
6271,line,6793,四国送電線_131,5680,4804,110.0,685.89,1.1e-05,0
6272,line,6794,四国送電線_154,5733,5637,66.0,68.59,8.1e-05,1
6273,line,6795,北条亀岡線,5745,4858,66.0,137.18,0.000466,0
6274,line,6805,namebind,5641,5545,110.0,342.95,0.000179,0
6275,line,6806,篠原変電所~西大分変電所線,6336,5758,66.0,342.95,3e-06,0
6276,line,6807,西大分変電所~九州電力送配電王子変電所線,6336,5755,66.0,68.59,0.000815,0
6277,line,6808,九州電力送配電 66.0kV線,6336,6013,66.0,137.18,0.000136,1
6278,line,6809,上野変電所~西大分変電所線,6336,6054,66.0,137.18,0.000315,0
6279,line,6810,西大分変電所~上原町変電所線,6336,7082,66.0,274.36,0.000185,0
6280,line,6811,西大分変電所~九州電力送配電王子変電所線,5755,7086,66.0,68.59,0.000153,1
6281,line,6812,上野分岐線,5755,6855,66.0,411.54,3.7e-05,0
6282,line,6813,大分北線,6335,6699,220.0,1371.78,3.9e-05,0
6283,line,6814,大分変電所~西大分変電所線,6335,5762,220.0,1371.78,5.1e-05,0
6284,line,6815,西大分変電所~上原町変電所線,7082,5756,66.0,274.36,5.3e-05,0
6285,line,6816,西大分変電所~上原町変電所線,5756,6707,66.0,137.18,3.8e-05,1
6286,line,6817,船小路町変電所~篠原変電所線,5756,5757,66.0,137.18,0.000202,0
6287,line,6818,leadin,5757,6337,66.0,68.59,0.000103,1
6288,line,6819,九州電力送配電 66.0kV線,5757,6012,66.0,205.77,0.000145,0
6289,line,6820,篠原変電所~西大分変電所線,6701,5758,66.0,68.59,0.00019,0
6290,line,6821,篠原安心院線,6701,6700,66.0,68.59,0.00083,0
6291,line,6822,篠原変電所~由布市変電所線,6701,6702,66.0,137.18,0.000133,0
6292,line,6823,大野町小倉木変電所~西大分変電所線,5758,6706,66.0,274.36,0.000538,1
6293,line,6824,大野町小倉木変電所~三重変電所線,6706,6887,66.0,137.18,0.000111,1
6294,line,6825,大野町小倉木変電所~竹田変電所線,6706,6042,66.0,205.77,0.000372,1
6295,line,6826,大分北線,6699,5956,220.0,4115.35,1.4e-05,0
6296,line,6828,九州電力送配電 66.0kV線,5759,5973,66.0,68.59,8e-06,0
6297,line,6829,九州電力送配電 66.0kV線,5759,5974,66.0,68.59,7e-06,0
6298,line,6830,九州電力送配電 66.0kV線,5759,5975,66.0,68.59,7e-06,0
6299,line,6831,九州電力送配電 66.0kV線,5759,5760,66.0,274.36,1.2e-05,1
6300,line,6832,日田変電所~九州電力 浮羽変電所線,5760,6456,66.0,137.18,0.000353,0
6301,line,6833,九州電力送配電 66.0kV線,5760,6377,66.0,137.18,0.000455,0
6302,line,6834,大分変電所~西大分変電所線,5761,5762,220.0,685.89,1.4e-05,0
6303,line,6835,金の手変電所~大分変電所線,5761,5854,220.0,685.89,1.1e-05,0
6304,line,6836,九州旅客鉄道株式会社 220.0kV線,5761,6459,220.0,1371.78,9e-06,0
6305,line,6837,西大分変電所~大分変電所線,5762,5793,220.0,685.89,1.2e-05,0
6306,line,6839,速水変電所~日出変電所線,6561,5763,66.0,137.18,0.000268,0
6307,line,6840,九州電力送配電 66.0kV線,6561,5856,66.0,137.18,4.8e-05,0
6308,line,6841,速水変電所~大字川崎変電所線,6561,5764,66.0,137.18,0.000208,1
6309,line,6842,九州電力送配電 66.0kV線,5763,6680,66.0,137.18,0.000104,1
6310,line,6843,日出変電所~船小路町変電所線,5763,6012,66.0,137.18,0.000245,0
6311,line,6844,九州電力送配電 66.0kV線,6338,5764,66.0,68.59,0.000144,1
6312,line,6845,大字川崎変電所~杵築市変電所線,5764,5765,66.0,137.18,2.7e-05,1
6313,line,6846,九州送電線_2,5765,5767,66.0,68.59,2.8e-05,1
6314,line,6847,大字川崎変電所~杵築市変電所線,5765,5766,66.0,137.18,0.000529,1
6315,line,6848,杵築市変電所~国東町鶴川変電所線,5766,6678,66.0,274.36,0.00013,1
6316,line,6849,九州電力送配電 66.0kV線,5766,6677,66.0,137.18,8.7e-05,1
6317,line,6850,杵築市変電所~国東町鶴川変電所線,6678,6674,66.0,274.36,0.000241,1
6318,line,6851,東大分大分線;需要家線,6460,7046,66.0,68.59,0.000164,0
6319,line,6852,大分上野線,6460,5768,66.0,480.12,1.9e-05,0
6320,line,6853,大分上野線,5768,6855,66.0,137.18,0.000106,0
6321,line,6854,九州旅客鉄道株式会社 66.0kV線,5768,7047,66.0,68.59,0.00011,1
6322,line,6855,背振幹線,6344,6355,500.0,20784.61,1e-06,0
6323,line,6856,背振幹線,6344,6349,500.0,27712.81,1e-06,0
6324,line,6857,背振幹線,6355,6351,500.0,20784.61,4e-06,0
6325,line,6858,佐賀幹線,6355,6387,500.0,20784.61,1.2e-05,0
6326,line,6859,佐賀幹線,6355,6347,500.0,20784.61,2e-06,0
6327,line,6860,玄海幹線2号線北線,6351,5774,500.0,13856.41,1.3e-05,0
6328,line,6861,北九州幹線,6351,5798,500.0,13856.41,2e-05,0
6329,line,6862,鳥栖京町線 鳥栖曽根崎線,6360,6379,66.0,274.36,5.5e-05,0
6330,line,6863,鳥栖上峰線,6360,6500,66.0,137.18,2.4e-05,0
6331,line,6864,鳥栖京町線 鳥栖曽根崎線,6379,5769,66.0,548.71,4e-06,1
6332,line,6865,鳥栖京町線 鳥栖曽根崎線,6379,5770,66.0,274.36,3e-05,0
6333,line,6866,鳥栖京町線,5770,6378,66.0,137.18,0.000118,0
6334,line,6867,鳥栖曽根崎線,5770,6384,66.0,137.18,0.00017,1
6335,line,6868,大城二丁目変電所~南福岡変電所線,6394,6391,220.0,1371.78,3e-06,0
6336,line,6869,山家変電所~太宰府変電所線,6394,5790,220.0,2743.57,1.7e-05,0
6337,line,6870,山家南福岡線,5771,6392,66.0,137.18,0.000294,0
6338,line,6871,太宰府分岐線,5771,6339,66.0,137.18,9.7e-05,1
6339,line,6872,九州電力送配電 220.0kV線,5771,6346,66.0,274.36,0.00015,0
6340,line,6873,南福岡宇美線,6392,6393,66.0,137.18,9.9e-05,1
6341,line,6874,南福岡上白水線,6392,6395,66.0,274.36,4.1e-05,0
6342,line,6875,南福岡亀山線,6392,6518,66.0,137.18,0.000115,0
6343,line,6876,東山口幹線 (Higashi Yamaguchi Kansen),5559,6523,500.0,6928.2,3e-05,1
6344,line,6877,東山口変電所 (Higashi Yamaguchi Hendensho)~新山口変電所線,6523,6429,500.0,10392.3,3e-05,0
6345,line,6878,BSタイヤ久留米分岐線,5772,6378,66.0,274.36,1.6e-05,1
6346,line,6879,鳥栖京町線,6378,5778,66.0,137.18,3e-05,0
6347,line,6880,久留米京町線 (Kurume Kyomachi Line),6343,6546,66.0,137.18,2.5e-05,0
6348,line,6881,久留米千本杉線,6343,6340,66.0,137.18,0.000158,1
6349,line,6882,久留米上津線,6343,6712,66.0,137.18,0.000152,0
6350,line,6883,北野分岐線,6340,6341,66.0,137.18,5.7e-05,1
6351,line,6884,北野分岐線,5773,6341,66.0,137.18,0.000188,1
6352,line,6885,九州電力送配電 66.0kV線,5773,5783,66.0,68.59,2.5e-05,1
6353,line,6886,北野分岐線,5773,6361,66.0,137.18,0.000112,1
6354,line,6887,玄海幹線1号線,6396,6507,500.0,13856.41,0.0,0
6355,line,6888,玄海幹線1号線,6507,5774,500.0,13856.41,5e-06,0
6356,line,6889,玄海幹線2号線南線,5774,6387,500.0,6928.2,3e-06,0
6357,line,6890,脊振鳥栖線,6352,5780,220.0,2743.57,2.7e-05,0
6358,line,6891,九州電力脊振変電所~九州電力 西福岡変電所線,6352,6353,220.0,2743.57,1.3e-05,0
6359,line,6892,脊振伊都線,6352,6981,220.0,2743.57,2.5e-05,0
6360,line,6893,久留米分岐線,5775,6362,220.0,1371.78,1.7e-05,0
6361,line,6894,鳥栖三池線,5775,6499,220.0,1371.78,3.4e-05,0
6362,line,6895,鳥栖三池線,5775,5795,220.0,1371.78,3.9e-05,0
6363,line,6896,久留米分岐線,6362,6545,220.0,1371.78,4e-06,0
6364,line,6897,西福岡今宿線,5776,5777,66.0,137.18,0.000293,0
6365,line,6898,西福岡今宿線,5776,6354,66.0,137.18,0.00035,0
6366,line,6899,重留分岐線,5776,6833,66.0,137.18,0.000107,0
6367,line,6900,西福岡今宿線,5777,6473,66.0,137.18,0.000131,0
6368,line,6901,西部清掃工場分岐線,5777,7072,66.0,137.18,0.000188,1
6369,line,6902,周船寺一丁目変電所~今宿東一丁目変電所線,6473,6692,66.0,137.18,0.000107,0
6370,line,6903,久留米京町線 鳥栖京町線,5778,6364,66.0,274.36,1.5e-05,1
6371,line,6904,久留米京町線 (Kurume Kyomachi Line),5778,6363,66.0,137.18,0.000162,0
6372,line,6905,松浦火力線,6387,5785,500.0,6928.2,7e-06,0
6373,line,6906,背振幹線,6347,6349,500.0,6928.2,0.0,0
6374,line,6907,熊本幹線,6347,6667,500.0,20784.61,1.6e-05,0
6375,line,6908,豊前西幹線,6347,6423,500.0,20784.61,8e-06,0
6376,line,6909,山家鳥栖線,5779,5780,220.0,685.89,6.7e-05,1
6377,line,6910,脊振鳥栖線,5780,6499,220.0,2743.57,2e-06,0
6378,line,6911,鳥栖三池線;脊振鳥栖線,6499,6358,220.0,4115.35,1e-06,0
6379,line,6912,leadin,6361,5781,66.0,137.18,1.6e-05,1
6380,line,6913,山家浮羽線,6346,5782,66.0,274.36,2e-05,0
6381,line,6914,山家JR九州二日市線,6346,6526,66.0,137.18,0.000204,1
6382,line,6915,久留米京町線 (Kurume Kyomachi Line),6546,6363,66.0,137.18,3e-05,0
6383,line,6916,三潴分岐線,6363,6531,66.0,137.18,0.000199,0
6384,line,6917,九州電力 木佐木変電所~九州電力 三潴変電所線,6531,6367,66.0,68.59,0.000478,0
6385,line,6918,山家浮羽線,5782,6456,66.0,137.18,0.00111,0
6386,line,6919,山家変電所~九州電力 三輪変電所線,5782,6540,66.0,137.18,0.000345,1
6387,line,6920,九州電力送配電 66.0kV線,6456,5850,66.0,137.18,0.000152,1
6388,line,6921,九州電力送配電 66.0kV線,6456,5934,66.0,137.18,0.000261,1
6389,line,6922,中九州幹線,6667,6446,500.0,20784.61,8e-06,0
6390,line,6923,甘木田主丸線,6539,6541,66.0,137.18,0.000348,1
6391,line,6924,九州電力 甘木変電所~九州電力 三輪変電所線,6539,5864,66.0,68.59,0.000136,1
6392,line,6925,leadin,6541,6952,66.0,68.59,2.1e-05,1
6393,line,6926,松浦火力線,5784,5785,500.0,6928.2,1e-05,1
6394,line,6927,山代変電所~久原変電所線,5785,6138,500.0,3464.1,1e-06,0
6395,line,6928,鳥栖基山線,6359,6356,110.0,342.95,0.000122,0
6396,line,6929,鳥栖基山線,6356,6383,110.0,342.95,5e-05,1
6397,line,6930,鳥栖上峰線,6500,5786,66.0,137.18,0.000172,0
6398,line,6931,鳥栖上峰線,5786,5787,66.0,137.18,9.3e-05,0
6399,line,6932,九州送電線_523,5786,7068,66.0,68.59,0.000244,1
6400,line,6933,九州電力送配電 66.0kV線,5787,6425,66.0,137.18,4.5e-05,1
6401,line,6934,鳥栖上峰線,5787,6529,66.0,137.18,0.000267,0
6402,line,6935,古賀新宮線,6368,5788,66.0,137.18,8.5e-05,1
6403,line,6936,新宮塩屋線,6368,6519,66.0,274.36,0.000214,1
6404,line,6937,和白分岐線,6368,6487,66.0,137.18,6.7e-05,1
6405,line,6938,JR九州古賀線,6370,6380,66.0,137.18,3.8e-05,1
6406,line,6939,古賀福間線,6370,6403,66.0,137.18,8.8e-05,1
6407,line,6940,東福岡古賀線;古賀新宮線,6370,5788,66.0,274.36,1.8e-05,0
6408,line,6941,前松原古賀線,6370,5875,66.0,137.18,0.00021,0
6409,line,6942,久保宗像線・古賀福間線,6403,5960,66.0,274.36,1.6e-05,1
6410,line,6943,東福岡古賀線,5788,5875,66.0,137.18,0.000165,0
6411,line,6944,leadin,6504,5789,66.0,137.18,4.1e-05,1
6412,line,6945,大字日吉変電所~九州電力 羽犬塚変電所線,6504,6485,66.0,137.18,0.00027,0
6413,line,6946,九州電力 羽犬塚変電所~忠見変電所線,6504,6486,66.0,137.18,0.00037,1
6414,line,6947,九州電力 羽犬塚変電所~九州電力 木佐木変電所線,6504,6367,66.0,137.18,0.000245,0
6415,line,6948,九州電力 羽犬塚変電所~瀬高町山門変電所線,6504,5989,66.0,137.18,1.9e-05,1
6416,line,6949,山家変電所~九州電力中央変電所線,6345,6350,220.0,1371.78,1.2e-05,0
6417,line,6950,九州電力 長者原変電所~山家変電所線,6345,5790,220.0,2743.57,6e-06,0
6418,line,6951,筑豊線,6350,6348,220.0,4801.24,0.0,0
6419,line,6952,背振幹線,6350,5790,220.0,1371.78,1.5e-05,0
6420,line,6953,九州電力 長者原変電所~山家変電所線,5790,6655,220.0,2743.57,3e-05,0
6421,line,6954,紅葉ヶ丘西三丁目変電所~上白水九丁目変電所線,6374,6568,66.0,205.77,1.4e-05,0
6422,line,6955,南福岡上白水線,6374,6373,66.0,274.36,5.4e-05,0
6423,line,6956,南福岡上白水線,6373,6372,66.0,137.18,6.1e-05,0
6424,line,6957,白木原変電所~春日公園七丁目変電所線,6395,6371,66.0,137.18,2.8e-05,0
6425,line,6958,白木原変電所~西春変電所線,6395,6556,66.0,274.36,1.4e-05,0
6426,line,6959,南福岡上白水線,6371,6372,66.0,137.18,1.2e-05,0
6427,line,6960,東九州幹線,6423,6457,500.0,27712.81,1.6e-05,0
6428,line,6961,豊前北幹線,6423,6399,500.0,13856.41,1e-05,0
6429,line,6962,ひむか変電所~東九州変電所線,6457,6461,500.0,13856.41,3.6e-05,0
6430,line,6963,日田変電所~日田市変電所線,6377,5791,66.0,274.36,6.3e-05,0
6431,line,6964,日田変電所~城町変電所線,6377,5844,66.0,137.18,0.000448,0
6432,line,6965,TDK 66.0kV線,5791,5848,66.0,137.18,0.000203,0
6433,line,6966,TDK 66.0kV線,5791,6894,66.0,137.18,0.000122,1
6434,line,6968,基山東洋製罐線,6381,6383,110.0,514.42,2e-06,1
6435,line,6969,leadin,6383,6382,110.0,171.47,5e-06,1
6436,line,6970,東福岡変電所~長者原東二丁目変電所線,6385,5792,220.0,4115.35,1e-06,0
6437,line,6971,東福岡住吉線,6385,6415,220.0,2057.68,1.1e-05,0
6438,line,6972,九州電力送配電 220.0kV線,5792,6655,220.0,1371.78,3e-06,0
6439,line,6973,JR西日本 220.0kV線,5792,5802,220.0,2743.57,3e-06,0
6440,line,6974,上野変電所~大分変電所線,5793,6235,220.0,685.89,1.2e-05,0
6441,line,6975,上野変電所~大分変電所線,5793,6459,220.0,685.89,1.8e-05,0
6442,line,6977,厳木町本山変電所~九州電力西九州変電所線,5794,6388,220.0,2743.57,9e-06,0
6443,line,6978,厳木町本山変電所~九州電力西九州変電所線,5794,5874,220.0,2743.57,2.2e-05,0
6444,line,6979,長谷変電所~厳木町本山変電所線,5794,6140,220.0,685.89,1.5e-05,1
6445,line,6980,玄海原子力線,6388,6508,220.0,2743.57,3.5e-05,0
6446,line,6981,唐津西九州線,6388,5812,220.0,2743.57,1.8e-05,0
6447,line,6982,松浦火力北線,6388,5879,220.0,1371.78,0.000101,0
6448,line,6983,武雄変電所~九州電力西九州変電所線,6388,6478,220.0,5487.14,1.8e-05,0
6449,line,6984,予備電源線,6508,6397,220.0,685.89,3e-06,0
6450,line,6985,九州送電線_5,5795,5796,220.0,685.89,4e-06,0
6451,line,6986,大橋変電所~九州電力 木佐木変電所線,5795,6365,220.0,685.89,2.3e-05,0
6452,line,6987,北佐賀変電所~大橋変電所線,5796,6389,220.0,1371.78,8e-05,0
6453,line,6988,北佐賀変電所~大橋変電所線,5796,6365,220.0,2743.57,9e-06,0
6454,line,6989,多久市変電所~北佐賀変電所線,6389,5874,220.0,685.89,9.9e-05,0
6455,line,6990,高上変電所~北佐賀変電所線,6389,5935,220.0,685.89,8.3e-05,1
6456,line,6991,武雄変電所~諫早変電所線,6478,5876,220.0,1371.78,0.000123,0
6457,line,6992,武雄変電所~東佐世保変電所線,6478,5872,220.0,2743.57,2.6e-05,0
6458,line,6993,大村変電所~武雄変電所線,6478,6122,220.0,1371.78,1.8e-05,0
6459,line,6996,東福岡長者原線,6386,5808,66.0,137.18,1.8e-05,1
6460,line,6997,九州電力送配電 66.0kV線,6386,6297,66.0,137.18,2.8e-05,1
6461,line,6998,東福岡前松原線;東福岡分岐線,6386,6489,66.0,274.36,7.3e-05,0
6462,line,6999,東福岡多の津線;東福岡蓑島線,6386,6417,66.0,274.36,3.6e-05,0
6463,line,7000,東福岡長者原線,6386,6656,66.0,137.18,4.6e-05,0
6464,line,7001,東福岡亀山線,6386,6997,66.0,137.18,0.000115,0
6465,line,7002,前松原古賀線,6489,5875,66.0,137.18,0.000248,0
6466,line,7003,前松原香椎線,6489,6494,66.0,137.18,4.3e-05,1
6467,line,7004,東福岡蓑島線,6417,6811,66.0,342.95,5e-06,0
6468,line,7005,九州電力長尾変電所~長尾四丁目変電所線,6470,6472,66.0,411.54,6e-06,0
6469,line,7006,西福岡長尾線,6470,6354,66.0,274.36,4.8e-05,0
6470,line,7007,長尾野間線,6470,6291,66.0,274.36,5.3e-05,0
6471,line,7008,東大分大分線;需要家線,7043,7046,66.0,205.77,5.1e-05,0
6472,line,7009,東大分大分線,7043,7038,66.0,274.36,7.2e-05,0
6473,line,7010,東大分大分線;需要家線,7042,7045,220.0,2743.57,3e-06,0
6474,line,7011,東大分大分線;需要家線,7045,6459,220.0,2743.57,3e-06,0
6475,line,7012,東大分線,6459,7040,220.0,2743.57,8e-06,0
6476,line,7013,古宮変電所~大分変電所線,6459,6243,220.0,1371.78,1.8e-05,0
6477,line,7014,新大分火力線,7039,5797,220.0,1371.78,3.4e-05,0
6478,line,7015,東大分線;新大分連絡線,7039,7037,220.0,1371.78,4e-06,0
6479,line,7016,古宮変電所~大分変電所線,5797,6244,220.0,1371.78,2e-06,0
6480,line,7017,新大分火力線,5797,6458,220.0,1371.78,4.1e-05,0
6481,line,7018,金の手変電所~東九州変電所線,6458,6044,220.0,1371.78,1.2e-05,0
6482,line,7019,海崎変電所~東九州変電所線,6458,6132,220.0,2743.57,3.6e-05,0
6483,line,7020,下有木変電所~北九州変電所線,5798,5799,500.0,6928.2,2e-06,0
6484,line,7021,九州送電線_231,5798,5926,500.0,3464.1,2e-06,0
6485,line,7022,下有木変電所~北九州変電所線,5799,6401,500.0,6928.2,1e-06,0
6486,line,7023,大字木月変電所~香月変電所線,5799,7016,500.0,6928.2,2e-06,0
6487,line,7024,下有木変電所~北九州変電所線,6401,5800,500.0,6928.2,1e-06,0
6488,line,7025,下有木変電所~北九州変電所線,5800,6399,500.0,6928.2,2e-06,0
6489,line,7026,九州送電線_230,5800,5967,500.0,3464.1,0.0,0
6490,line,7027,関門連系線,6399,6406,500.0,20784.61,3e-06,0
6491,line,7028,中九州南熊本線;中九州大平線,6447,5801,220.0,2743.57,4e-06,0
6492,line,7029,中九州大平線,5801,5832,220.0,1371.78,5.9e-05,0
6493,line,7030,中九州南熊本線,5801,6444,220.0,2743.57,9e-06,0
6494,line,7031,南熊本神水線,6445,5841,110.0,685.89,0.000102,0
6495,line,7032,南熊本宇土線,6445,6505,110.0,857.37,8.3e-05,0
6496,line,7033,熊本南熊本線,6444,5836,220.0,2743.57,3.3e-05,0
6497,line,7034,南熊本緑川線,6444,6453,220.0,2743.57,1.9e-05,0
6498,line,7035,JR西日本 新福岡変電所~下有木変電所線,5802,5803,220.0,1371.78,2.6e-05,0
6499,line,7036,JR西日本 220.0kV線,5802,6412,220.0,1371.78,4e-06,0
6500,line,7037,JR西日本 新福岡変電所~下有木変電所線,5803,5804,220.0,1371.78,5.9e-05,0
6501,line,7038,古賀線,5803,6488,220.0,1371.78,1.6e-05,0
6502,line,7039,宮田変電所~下有木変電所線,5804,5926,220.0,685.89,1e-06,0
6503,line,7040,若松変電所~下有木変電所線,5804,6850,220.0,1371.78,7.7e-05,0
6504,line,7041,九州電力送配電 66.0kV線,5805,6452,66.0,137.18,0.0001,1
6505,line,7042,広崎変電所~御船変電所線,5805,6662,66.0,137.18,0.00032,1
6506,line,7043,御船変電所~涌井変電所線,5805,6039,66.0,274.36,0.00015,1
6507,line,7044,関門連系線,6406,6596,500.0,20784.61,0.0,0
6508,line,7045,関門連系線,6596,6609,500.0,20784.61,3e-06,0
6509,line,7046,関門連系線,6609,6429,500.0,20784.61,6e-06,0
6510,line,7047,中国電力ネットワーク 500.0kV線,6429,5928,500.0,6928.2,6.2e-05,1
6511,line,7048,九州電力 門司変電所~葛原四丁目変電所線,6404,6597,220.0,1371.78,2.5e-05,0
6512,line,7049,九州電力 門司変電所~JR西日本 新門司変電所線,6404,6598,220.0,3429.46,1e-06,1
6513,line,7050,葛原四丁目変電所~上葛原一丁目変電所線,6597,6407,220.0,1371.78,2e-06,0
6514,line,7051,九州電力送配電 66.0kV線,5806,5807,66.0,137.18,1.3e-05,1
6515,line,7052,九州送電線_149,5806,6058,66.0,68.59,2.1e-05,1
6516,line,7053,大字木月変電所~芦屋変電所線,5806,6059,66.0,68.59,0.000247,1
6517,line,7054,九州電力送配電 66.0kV線,5807,6411,66.0,137.18,0.000149,1
6518,line,7055,海老津分岐線,5807,6152,66.0,137.18,0.000171,1
6519,line,7056,東福岡長者原線,6656,6398,66.0,137.18,2.4e-05,1
6520,line,7057,長者原東二丁目変電所~九州電力 長者原変電所線,6656,6422,66.0,137.18,0.000207,1
6521,line,7058,長者原東二丁目変電所~JR西日本 新福岡変電所線,6656,6413,66.0,137.18,0.000217,0
6522,line,7059,東福岡蓑島線,6811,5809,66.0,137.18,0.000189,0
6523,line,7060,多の津箱崎線,6811,6654,66.0,205.77,9e-06,0
6524,line,7061,東福岡蓑島線,5809,6418,66.0,137.18,4.5e-05,0
6525,line,7062,九州電力送配電 66.0kV線,5809,6296,66.0,137.18,8e-06,0
6526,line,7063,野間簑島線,6418,6994,66.0,137.18,4.3e-05,0
6527,line,7064,簑島竹下線,6418,6832,66.0,137.18,4.9e-05,0
6528,line,7065,東大分線,7040,7037,220.0,2743.57,2e-06,0
6529,line,7066,西谷門司線,6514,4313,220.0,1371.78,1.9e-05,0
6530,line,7067,北九州変電所~西谷変電所線,6514,6400,220.0,1371.78,1.4e-05,0
6531,line,7068,九州電力送配電 220.0kV線,6514,4335,220.0,1371.78,8e-06,0
6532,line,7069,唐津西九州線,5810,5811,220.0,2743.57,5e-06,1
6533,line,7070,唐津西九州線,5811,5812,220.0,2743.57,0.0,1
6534,line,7071,九州電力 唐津変電所~原変電所線,5811,7030,220.0,1371.78,1.9e-05,1
6535,line,7072,九州送電線_6,5812,5814,220.0,685.89,1.6e-05,0
6536,line,7073,九州送電線_6,5813,5814,66.0,68.59,6.8e-05,1
6537,line,7074,唐津横竹線,5814,5918,66.0,411.54,8e-05,0
6538,line,7075,北九州豊前線,6424,6400,220.0,2743.57,5.6e-05,0
6539,line,7076,豊前火力線,6424,6675,220.0,1371.78,4e-05,0
6540,line,7077,大分北線,6424,5956,220.0,4115.35,5.2e-05,0
6541,line,7078,槻田系統開閉所~北九州変電所線,6400,6600,220.0,1371.78,2.3e-05,0
6542,line,7079,西谷変電所~北九州変電所線,6400,4335,220.0,1371.78,1.3e-05,0
6543,line,7080,北九州変電所~上津役変電所線,6400,6594,220.0,1371.78,1.6e-05,0
6544,line,7081,北九州変電所~宮田変電所線,6400,4338,220.0,1371.78,5.2e-05,0
6545,line,7082,北九州変電所~八幡変電所線,6400,5004,220.0,1371.78,1.9e-05,0
6546,line,7083,九州電力 佐賀変電所~九州電力 諸富変電所線,6482,6533,66.0,137.18,0.000234,0
6547,line,7084,九州電力 佐賀変電所~九州電力 上峰変電所線,6482,5929,66.0,137.18,0.000233,0
6548,line,7085,九州電力 佐賀変電所~牛島上変電所線,6482,5932,66.0,68.59,6.5e-05,0
6549,line,7086,九州電力 諸富変電所~大橋変電所線,6533,6015,66.0,274.36,6.4e-05,0
6550,line,7087,南福岡亀山線,6518,6997,66.0,137.18,0.000141,0
6551,line,7088,志免分岐線,6518,7000,66.0,137.18,8e-05,1
6552,line,7089,板付分岐線,6518,7001,66.0,137.18,3.4e-05,1
6553,line,7090,leadin,6997,6303,66.0,205.77,2.4e-05,1
6554,line,7091,leadin,5815,6550,66.0,68.59,0.000128,1
6555,line,7092,大牟田市変電所~大黒町四丁目変電所線,5815,6780,66.0,68.59,0.000215,0
6556,line,7093,四山町変電所~大牟田市変電所線,5815,6535,66.0,68.59,0.000215,0
6557,line,7094,大牟田市変電所~大黒町四丁目変電所線,6780,6547,66.0,68.59,0.000204,1
6558,line,7095,大牟田市変電所~大黒町四丁目変電所線,6779,5816,110.0,685.89,1.4e-05,0
6559,line,7096,大牟田市変電所~大黒町四丁目変電所線,6779,6534,110.0,685.89,3.7e-05,0
6560,line,7097,大黒町四丁目変電所~三池変電所線,5816,6427,110.0,171.47,5.6e-05,0
6561,line,7098,大黒町四丁目変電所~大字倉永変電所線,5816,6577,110.0,685.89,3.2e-05,0
6562,line,7099,九州電力 木佐木変電所~三池変電所線,6427,6366,110.0,342.95,0.000278,0
6563,line,7100,九州電力送配電 110.0kV線,6427,6020,110.0,1028.84,1.4e-05,0
6564,line,7101,namebind,6366,6657,110.0,171.47,0.000196,0
6565,line,7102,九州電力 木佐木変電所~三池変電所線,6365,6543,220.0,2743.57,2.5e-05,0
6566,line,7103,下関火力支線;長府支線;下関小月線,6467,7050,66.0,68.59,0.000213,0
6567,line,7104,長府支線;下関小月線,4317,7049,110.0,342.95,7e-06,0
6568,line,7105,下関火力支線;長府支線;下関小月線,4318,6466,110.0,685.89,8e-06,0
6569,line,7106,山口下関線,6466,4320,110.0,342.95,6.8e-05,0
6570,line,7107,下関変電所~大久保二丁目変電所線,6466,6610,110.0,171.47,0.000204,0
6571,line,7108,下関変電所~中国電力 西下関開閉所線,6466,5195,110.0,857.37,6e-05,0
6572,line,7109,山口下関線,6613,6789,110.0,342.95,0.000383,0
6573,line,7110,山口連絡線,6613,4484,110.0,342.95,4.4e-05,0
6574,line,7111,山口変電所~山口市変電所線,6613,4486,110.0,342.95,4.6e-05,0
6575,line,7112,山口変電所~新山口変電所線,6613,4482,110.0,171.47,0.001322,0
6576,line,7113,山口下関線,6789,4319,110.0,342.95,3.4e-05,0
6577,line,7114,下関連絡線,4320,6431,110.0,342.95,0.000315,0
6578,line,7115,九州電力 嘉穂変電所~鯰田変電所線,6435,6432,66.0,274.36,1.2e-05,0
6579,line,7116,九州電力 平恒変電所~九州電力 嘉穂変電所線,6435,6581,66.0,274.36,6.8e-05,0
6580,line,7117,九州電力 嘉穂変電所~九州電力 糸田変電所線,6435,5818,66.0,137.18,7.1e-05,0
6581,line,7118,九州電力 二瀬変電所~鯰田変電所線,6435,6589,66.0,137.18,8.9e-05,1
6582,line,7119,leadin,6432,6433,66.0,68.59,3e-05,1
6583,line,7120,九州電力 飯塚電力所~鯰田変電所線,6432,5820,66.0,137.18,7.3e-05,0
6584,line,7121,九州電力 糸田変電所~鯰田変電所線,6432,5818,66.0,137.18,7.1e-05,0
6585,line,7122,九州電力 平恒変電所~九州電力 嘉穂変電所線,5817,6581,66.0,137.18,6.1e-05,0
6586,line,7123,九州電力送配電 66.0kV線,5817,6585,66.0,137.18,2.4e-05,1
6587,line,7124,九州電力 吉隈変電所~九州電力 平恒変電所線,5817,6583,66.0,137.18,0.000183,0
6588,line,7125,九州電力 飯塚変電所~九州電力 筑豊変電所線,6581,5865,66.0,137.18,0.000233,0
6589,line,7126,九州電力 嘉穂変電所~九州電力 糸田変電所線,5818,5819,66.0,137.18,0.000274,0
6590,line,7127,九州電力 糸田変電所~鯰田変電所線,5818,6588,66.0,137.18,0.00027,0
6591,line,7128,九州電力 糸田変電所~直方変電所線,5819,6910,66.0,137.18,0.000243,1
6592,line,7129,九州電力 糸田変電所~九州電力 上頓野変電所線,5819,5968,66.0,137.18,0.000317,0
6593,line,7130,九州送電線_238,5820,6230,66.0,68.59,9.2e-05,1
6594,line,7131,九州電力送配電 66.0kV線,5820,6911,66.0,274.36,0.000153,0
6595,line,7132,野間西春線,6438,6436,66.0,137.18,6.7e-05,0
6596,line,7133,上白水九丁目変電所~九州電力 井尻変電所線,6438,7004,66.0,68.59,0.000241,0
6597,line,7134,野間西春線,6438,6437,66.0,137.18,0.00012,0
6598,line,7135,野間西春線,6436,6994,66.0,823.07,2e-06,0
6599,line,7136,長尾野間線,6436,6291,66.0,274.36,1.2e-05,0
6600,line,7137,野間渡辺通線,6994,6995,66.0,137.18,3.6e-05,0
6601,line,7138,九州送電線_8,6816,4323,66.0,68.59,0.000249,0
6602,line,7139,響町二丁目変電所~安瀬変電所線,6816,6906,110.0,102.88,0.000155,0
6603,line,7141,苓北火力線・苓北一の勢線,5821,5822,500.0,6928.2,1e-06,1
6604,line,7142,九州電力 志岐変電所~九州電力 一の勢変電所線,5822,6154,500.0,3464.1,2e-06,1
6605,line,7143,苓北火力線・苓北一の勢線,5822,6446,500.0,20784.61,1.7e-05,1
6606,line,7144,二島変電所~若松変電所線,5823,5923,110.0,171.47,9e-06,0
6607,line,7145,若松変電所~安瀬変電所線,5823,5824,110.0,171.47,1.3e-05,0
6608,line,7146,二島変電所~若松変電所線,5823,6851,110.0,171.47,3.6e-05,0
6609,line,7147,若松変電所~安瀬変電所線,5824,5825,110.0,171.47,1.2e-05,0
6610,line,7148,九州送電線_9,5824,6899,110.0,685.89,6e-06,0
6611,line,7149,二島変電所~若松変電所線,5825,5923,110.0,171.47,9e-06,0
6612,line,7150,若松変電所~安瀬変電所線,5825,6906,110.0,171.47,0.000153,1
6613,line,7151,洞海変電所~二島変電所線,6899,6231,110.0,171.47,5.7e-05,0
6614,line,7152,川内原子力線,7056,6439,500.0,27712.81,9e-06,0
6615,line,7153,南九州幹線,6439,6446,500.0,13856.41,2.3e-05,0
6616,line,7154,宮崎幹線,6439,6464,500.0,13856.41,2e-05,0
6617,line,7155,川内火力線,5826,5827,220.0,2743.57,2e-06,0
6618,line,7156,出水分岐線,5826,6511,220.0,1371.78,9.8e-05,0
6619,line,7157,川内火力線,5826,6127,220.0,1371.78,2.7e-05,0
6620,line,7158,leadin,5827,6409,220.0,685.89,7e-06,1
6621,line,7159,川内火力線,5827,5828,220.0,2743.57,1.5e-05,0
6622,line,7160,川内火力線,5828,6440,220.0,2743.57,5.2e-05,0
6623,line,7161,川内分岐線,5828,6497,220.0,1371.78,3.3e-05,0
6624,line,7162,高野線,6440,5829,220.0,4115.35,2.7e-05,0
6625,line,7163,鹿児島幹線,6440,6693,220.0,2743.57,7.6e-05,0
6626,line,7164,宮崎幹線・鹿児島北線,6440,6441,220.0,1371.78,0.000119,0
6627,line,7165,高野線,5829,6468,220.0,4115.35,1.7e-05,0
6628,line,7166,霧島分岐線,5829,6648,220.0,685.89,0.0,0
6629,line,7167,南宮崎線,6468,5855,220.0,2743.57,5.5e-05,0
6630,line,7168,大隅線,6468,6964,220.0,2743.57,3e-06,0
6631,line,7169,都城線,6468,6642,220.0,1371.78,3.4e-05,0
6632,line,7170,大平人吉線,6441,5830,220.0,2743.57,4.2e-05,0
6633,line,7171,人吉幹線,6441,5991,220.0,3429.46,8.3e-05,0
6634,line,7172,九州電力送配電 220.0kV線,5830,6408,220.0,685.89,5.2e-05,1
6635,line,7173,中九州大平線,5830,5833,220.0,1371.78,1.7e-05,0
6636,line,7174,人吉新水俣新線,6442,5831,110.0,685.89,0.000272,0
6637,line,7175,人吉変電所~八代変電所線,6442,5834,110.0,685.89,0.000272,0
6638,line,7176,人吉大口線・人吉川内川線・大淀人吉線,6442,5979,110.0,685.89,6e-06,1
6639,line,7177,人吉新水俣新線,5831,6860,110.0,685.89,1e-05,0
6640,line,7178,新坂本変電所~新水俣変電所線,5831,6211,110.0,342.95,0.000467,1
6641,line,7179,中九州大平線,5832,5833,220.0,1371.78,1.3e-05,0
6642,line,7180,井上町変電所~宮原変電所線,5832,6206,220.0,1371.78,2.7e-05,0
6643,line,7181,八代変電所~頭地開閉所線,5833,6207,220.0,685.89,1.9e-05,0
6644,line,7182,八代変電所~頭地開閉所線,5833,6492,220.0,457.26,5e-05,0
6645,line,7183,九州送電線_213,5834,6205,110.0,171.47,1.6e-05,0
6646,line,7184,八代変電所~頭地開閉所線,5834,6207,110.0,171.47,0.000135,0
6647,line,7185,熊本南熊本線,5835,5836,220.0,2743.57,9e-06,0
6648,line,7186,弓削分岐線,5835,6449,220.0,685.89,6e-06,0
6649,line,7187,熊本南熊本線,5835,5936,220.0,1371.78,1.8e-05,0
6650,line,7188,下陳変電所~益城町変電所線,5836,5988,220.0,1371.78,1.3e-05,1
6651,line,7189,川辺変電所~平川変電所線,6448,6928,66.0,137.18,0.000214,0
6652,line,7190,弓削変電所~川辺変電所線,6448,5837,66.0,137.18,0.000286,0
6653,line,7191,中井手変電所~平川変電所線,6928,6037,66.0,137.18,0.00021,0
6654,line,7192,平川変電所~熊本変電所線,6928,6669,66.0,274.36,5.7e-05,0
6655,line,7193,弓削変電所~川辺変電所線,6451,5837,66.0,137.18,0.000109,0
6656,line,7194,弓削変電所~広崎変電所線,6451,5838,66.0,137.18,0.000261,0
6657,line,7195,弓削変電所~植木変電所線,6451,6916,66.0,137.18,0.000232,0
6658,line,7196,九州電力送配電 66.0kV線,6451,5958,66.0,137.18,0.000394,0
6659,line,7197,九州電力送配電 66.0kV線,5837,6102,66.0,68.59,8.9e-05,1
6660,line,7198,弓削変電所~広崎変電所線,5838,6662,66.0,137.18,0.000109,0
6661,line,7199,leadin,5838,6697,66.0,137.18,7.6e-05,0
6662,line,7200,広崎変電所~神水変電所線,6662,6665,66.0,137.18,0.000188,0
6663,line,7201,南熊本神水線,6662,6454,66.0,137.18,0.000643,0
6664,line,7202,弓削変電所~植木変電所線,6916,5839,66.0,137.18,4.8e-05,0
6665,line,7203,弓削変電所~植木変電所線,5839,5840,66.0,137.18,0.000205,0
6666,line,7204,須屋変電所~九州電力飛田変電所線,5839,6710,66.0,137.18,6e-05,1
6667,line,7205,河崎変電所~植木変電所線,5840,5900,66.0,137.18,0.000475,0
6668,line,7206,植木変電所~九州電力 北熊本変電所線,5840,6503,66.0,137.18,0.000141,0
6669,line,7207,九州電力送配電 66.0kV線,5840,6915,66.0,274.36,1.6e-05,1
6670,line,7208,弓削変電所~神水変電所線,6450,6696,110.0,342.95,9.4e-05,0
6671,line,7209,西合志変電所~弓削変電所線,6450,6666,110.0,342.95,0.000111,0
6672,line,7210,弓削変電所~神水変電所線,6696,5841,110.0,342.95,0.000102,0
6673,line,7211,南熊本神水線,5841,6664,110.0,342.95,5.9e-05,0
6674,line,7212,九州電力送配電 110.0kV線,6666,5937,110.0,342.95,1e-05,0
6675,line,7213,緑川川尻線,6454,5842,66.0,137.18,2.6e-05,1
6676,line,7214,leadin,5842,6839,66.0,68.59,0.000228,1
6677,line,7215,緑川川尻線,5842,5843,66.0,137.18,6.1e-05,1
6678,line,7216,日吉川尻線・緑川川尻線,5843,6631,66.0,68.59,5.4e-05,1
6679,line,7217,九州電力川尻変電所~日吉変電所線,5843,6017,66.0,137.18,0.000125,1
6680,line,7218,宇土JR九州熊本総合車両所線,6506,6806,66.0,205.77,1.2e-05,1
6681,line,7219,南熊本宇土線;宇土松橋線,6506,5914,66.0,274.36,9e-05,0
6682,line,7220,宇土三角線,6505,6920,110.0,685.89,0.000154,1
6683,line,7222,浄南町変電所~九州電力 内野河内変電所線,6455,6975,66.0,137.18,0.001057,1
6684,line,7223,浄南町変電所~九州電力 一の勢変電所線,6455,6155,66.0,68.59,0.000389,1
6685,line,7226,城町変電所~日田市変電所線,5844,6893,66.0,137.18,8.7e-05,0
6686,line,7227,城町変電所~玉川変電所線,5844,6891,66.0,137.18,9e-05,1
6687,line,7228,城町変電所~日田市変電所線,6893,5845,66.0,137.18,3e-05,0
6688,line,7229,城町変電所~日田市変電所線,5845,5846,66.0,137.18,0.000195,0
6689,line,7230,九州電力送配電 66.0kV線,5845,6274,66.0,137.18,0.000143,1
6690,line,7231,TDK 66.0kV線,5846,6273,66.0,68.59,1.4e-05,0
6691,line,7232,日田市変電所~溝部変電所線,5846,5863,66.0,68.59,0.00028,1
6692,line,7233,TDK 66.0kV線,5846,6269,66.0,68.59,1.7e-05,0
6693,line,7234,TDK 66.0kV線,5846,6270,66.0,68.59,1.6e-05,0
6694,line,7235,TDK 66.0kV線,5847,6272,66.0,68.59,4e-06,0
6695,line,7236,TDK 66.0kV線,5847,5848,66.0,137.18,0.000157,0
6696,line,7237,TDK 66.0kV線,5847,6273,66.0,68.59,6e-06,0
6697,line,7238,TDK 66.0kV線,5848,6892,66.0,137.18,3e-05,0
6698,line,7239,TDK 110.0kV線,5849,5982,110.0,685.89,0.000145,1
6699,line,7240,九州電力送配電 110.0kV線,5849,6376,110.0,514.42,8e-06,1
6700,line,7241,九州電力送配電 110.0kV線,5849,6275,110.0,342.95,2e-06,1
6701,line,7242,熊本南熊本線,6668,6814,220.0,5487.14,6e-06,0
6702,line,7243,菊池変電所~日田変電所線,6668,6375,220.0,5487.14,4.7e-05,0
6703,line,7244,熊本上椎葉線,6668,6929,220.0,2743.57,2e-06,0
6704,line,7245,豊前市変電所~大字八屋変電所線,6676,6673,66.0,68.59,5.2e-05,1
6705,line,7246,豊前市変電所~大字皆毛変電所線,6676,5851,66.0,137.18,0.000164,0
6706,line,7247,中津変電所~豊前市変電所線,6676,5950,66.0,137.18,0.000482,0
6707,line,7248,豊前市変電所~大字畠中変電所線,6676,6679,66.0,205.77,0.000132,0
6708,line,7249,九州電力送配電 66.0kV線,5851,6559,66.0,68.59,7.8e-05,1
6709,line,7250,九州電力送配電 66.0kV線,5851,5949,66.0,137.18,6.1e-05,0
6710,line,7251,大字畠中変電所~泉中央四丁目変電所線,6679,5202,66.0,137.18,0.000693,0
6711,line,7252,金の手変電所~大分変電所線,5852,5853,220.0,685.89,1e-05,0
6712,line,7253,九州送電線_248,5852,6145,220.0,685.89,1e-05,0
6713,line,7254,金の手変電所~竹森変電所線,5852,6044,220.0,2743.57,8e-06,0
6714,line,7255,九州送電線_183,5853,6145,220.0,685.89,1e-06,0
6715,line,7256,金の手変電所~大分変電所線,5853,5854,220.0,685.89,1.3e-05,0
6716,line,7257,九州送電線_183,5853,6143,220.0,685.89,5e-06,0
6717,line,7258,九州送電線_248,5854,6142,220.0,685.89,8e-06,0
6718,line,7259,小丸川幹線,6461,6464,500.0,20784.61,9e-06,0
6719,line,7260,宮崎分岐線,5855,6465,220.0,1371.78,8e-06,0
6720,line,7261,南宮崎線,5855,6671,220.0,2743.57,3.1e-05,0
6721,line,7262,下関火力支線;下関連絡線,7063,4329,110.0,685.89,1.4e-05,1
6722,line,7263,大隅線,6964,6645,220.0,2743.57,7.4e-05,0
6723,line,7264,九州電力送配電 66.0kV線,5856,6331,66.0,205.77,4.5e-05,1
6724,line,7265,速水変電所~大字和気変電所線,5856,6108,66.0,274.36,8.8e-05,0
6725,line,7266,九州電力送配電 66.0kV線,6960,6809,66.0,205.77,2.7e-05,0
6726,line,7267,大字和気変電所~九州電力 かなえ台変電所線,6960,5857,66.0,137.18,0.000392,1
6727,line,7268,大字和気変電所~杵築市変電所線,6960,6961,66.0,411.54,0.000197,0
6728,line,7269,大字和気変電所~九州電力 かなえ台変電所線,5857,5858,66.0,137.18,0.000622,1
6729,line,7270,かなえ台分岐線,5857,6984,66.0,68.59,0.000339,1
6730,line,7271,篠原安心院線,7035,6700,66.0,68.59,0.001786,0
6731,line,7272,宇佐安心院線,7035,5859,66.0,137.18,0.000189,0
6732,line,7273,九州送電線_14,5859,5860,66.0,137.18,4.3e-05,1
6733,line,7274,宇佐安心院線,5859,6109,66.0,137.18,0.000437,0
6734,line,7275,九州電力送配電 66.0kV線,6889,5861,66.0,137.18,4.7e-05,1
6735,line,7276,九州電力送配電 66.0kV線,5861,5984,66.0,137.18,0.000403,0
6736,line,7277,日田市変電所~森変電所線,5861,6185,66.0,137.18,0.00084,0
6737,line,7278,九州送電線_15,5862,5863,66.0,68.59,3.7e-05,1
6738,line,7279,日田市変電所~溝部変電所線,5863,6890,66.0,68.59,0.001248,1
6739,line,7280,九州電力 三輪変電所~九州電力 太刀洗変電所線,5864,6538,66.0,137.18,0.000215,1
6740,line,7281,九州電力送配電 66.0kV線,5864,6540,66.0,137.18,5e-05,1
6741,line,7282,野間渡辺通線,6995,6993,66.0,137.18,3.6e-05,0
6742,line,7283,九州送電線_343,6993,6293,66.0,137.18,3.5e-05,1
6743,line,7284,長尾重留線,6472,6985,66.0,137.18,8.5e-05,0
6744,line,7285,長尾大濠線,6472,6988,66.0,137.18,0.000147,0
6745,line,7286,長尾七隈線,6472,7074,66.0,137.18,0.000114,0
6746,line,7287,長尾重留線,6985,6777,66.0,205.77,6e-06,0
6747,line,7288,長尾重留線,6777,6833,66.0,137.18,0.000103,0
6748,line,7289,伊都の杜一丁目変電所~周船寺一丁目変電所線,6692,5959,66.0,274.36,3.1e-05,0
6749,line,7290,伊都変電所~周船寺一丁目変電所線,6692,6859,66.0,137.18,6.3e-05,0
6750,line,7291,筑豊線,6348,6474,220.0,2743.57,3.2e-05,0
6751,line,7292,九州電力送配電 66.0kV線,5865,6475,66.0,274.36,3.3e-05,0
6752,line,7293,田川変電所~九州電力 筑豊変電所線,5865,6586,66.0,137.18,0.000202,0
6753,line,7294,九州電力 筑豊変電所~九州電力 吉隈変電所線,6475,6583,66.0,137.18,0.000291,0
6754,line,7295,九州電力 川崎変電所~九州電力 筑豊変電所線,6475,6582,66.0,137.18,0.000324,0
6755,line,7296,九州電力　上穂波変電所~九州電力 吉隈変電所線,6583,5964,66.0,137.18,0.000227,1
6756,line,7297,九州電力 万田変電所~四山町変電所線,6548,6535,66.0,274.36,4e-05,0
6757,line,7298,亀谷町変電所~九州電力 万田変電所線,6548,6536,66.0,68.59,6.9e-05,0
6758,line,7299,荒尾変電所~九州電力 万田変電所線,6548,6829,66.0,137.18,0.00026,0
6759,line,7300,大牟田市変電所~四山町変電所線,6535,5933,66.0,274.36,1e-05,1
6760,line,7301,亀谷町変電所~九州電力 万田変電所線,5866,5867,66.0,68.59,0.000104,0
6761,line,7302,namebind,5866,6428,66.0,137.18,0.000255,0
6762,line,7303,九州電力送配電 66.0kV線,5866,6778,66.0,68.59,8.3e-05,1
6763,line,7304,leadin,5867,6537,66.0,68.59,7e-05,1
6764,line,7305,亀谷町変電所~九州電力 万田変電所線,5867,5868,66.0,68.59,0.000131,0
6765,line,7306,亀谷町変電所~九州電力 万田変電所線,5868,6536,66.0,68.59,5.5e-05,0
6766,line,7307,宮原変電所~八江町変電所線,5868,6660,66.0,68.59,0.000125,1
6767,line,7308,光町変電所~東佐世保変電所線,6476,5869,220.0,685.89,0.000115,0
6768,line,7309,光町変電所~東佐世保変電所線,5869,5870,220.0,685.89,4.8e-05,0
6769,line,7310,山代変電所~九州電力　日宇変電所線,5869,6104,220.0,685.89,4.1e-05,0
6770,line,7311,山代変電所~九州電力　日宇変電所線,5869,6011,220.0,685.89,2.9e-05,0
6771,line,7312,光町変電所~東佐世保変電所線,5870,5871,220.0,685.89,5e-06,0
6772,line,7313,東佐世保変電所~九州電力　日宇変電所線,5870,6011,220.0,685.89,3.9e-05,0
6773,line,7314,光町変電所~東佐世保変電所線,5871,5872,220.0,685.89,3e-06,0
6774,line,7315,武雄変電所~東佐世保変電所線,5871,5903,220.0,1371.78,7e-06,0
6775,line,7316,九州電力送配電 220.0kV線,5872,6521,220.0,2743.57,8e-06,0
6776,line,7317,九州電力送配電 66.0kV線,6691,6477,66.0,68.59,3.9e-05,0
6777,line,7318,東佐世保変電所~九州電力　日宇変電所線,6691,5907,66.0,137.18,0.000538,0
6778,line,7319,光町変電所~九州電力　日宇変電所線,6691,5921,66.0,137.18,0.000352,1
6779,line,7320,光町変電所~吉井町大渡変電所線,6691,6685,66.0,137.18,0.000385,1
6780,line,7321,平田台一丁目変電所~九州電力 二日市変電所線,5873,6357,66.0,68.59,0.000792,1
6781,line,7322,九州電力送配電 220.0kV線,5874,5884,220.0,685.89,6e-06,1
6782,line,7324,武雄変電所~諫早変電所線,5876,7062,220.0,1371.78,1.8e-05,0
6783,line,7325,九州旅客鉄道 220.0kV線,5876,7008,220.0,685.89,2e-06,1
6784,line,7326,武雄変電所~諫早変電所線,7062,5877,220.0,1371.78,3e-06,0
6785,line,7327,大村変電所~諫早変電所線,7062,6221,220.0,685.89,1e-05,0
6786,line,7328,大村変電所~諫早変電所線,7062,6222,220.0,685.89,5e-06,0
6787,line,7329,九州送電線_357,5877,6033,220.0,685.89,1e-06,0
6788,line,7330,諫早変電所~長崎変電所線,5877,5920,220.0,2743.57,1.8e-05,0
6789,line,7331,九州送電線_16,6480,5901,66.0,137.18,4.9e-05,0
6790,line,7332,東多久武雄線,6480,6190,66.0,137.18,0.000113,0
6791,line,7333,牛島上変電所~九州電力 南佐賀変電所線,6553,5932,66.0,68.59,0.000459,0
6792,line,7334,namebind,6553,6934,110.0,102.88,0.000725,0
6793,line,7335,松島奈良尾線(五島連系線),6484,5878,66.0,137.18,0.00237,1
6794,line,7336,松浦火力南線,5879,5880,220.0,2743.57,5.2e-05,0
6795,line,7337,電源開発株式会社 220.0kV線,5879,6521,220.0,1371.78,2e-06,0
6796,line,7338,松島火力南線,5880,6483,220.0,685.89,4.5e-05,1
6797,line,7339,瀬戸変電所~北長崎変電所線,5880,6686,220.0,1371.78,8.7e-05,0
6798,line,7340,木屋忠見線,6486,6250,66.0,68.59,0.001814,1
6799,line,7341,久留米上津線,6712,6485,66.0,137.18,0.000137,0
6800,line,7343,古賀線,6488,6369,220.0,1371.78,3e-06,0
6801,line,7345,九州電力送配電 220.0kV線,5881,5994,220.0,685.89,1e-06,0
6802,line,7346,九州電力送配電 220.0kV線,5881,5995,220.0,685.89,1e-06,0
6803,line,7347,本庄変電所~西都変電所線,5881,6490,220.0,2743.57,6e-05,0
6804,line,7348,九州電力送配電 220.0kV線,6490,5882,220.0,1371.78,1e-06,1
6805,line,7349,九州送電線_19,5883,6179,110.0,857.37,2e-06,1
6806,line,7350,九州送電線_19,5883,6000,110.0,514.42,0.000336,1
6807,line,7351,塚原上椎葉線,5883,6876,110.0,1028.84,8.1e-05,1
6808,line,7352,霧島大霧線,6649,5885,66.0,411.54,0.000163,1
6809,line,7353,霧島国分線・霧島隼人線,6649,6071,66.0,274.36,9.2e-05,0
6810,line,7354,九州電力送配電 66.0kV線,6649,6081,66.0,137.18,0.000193,1
6811,line,7355,霧島大霧線,5885,5886,66.0,411.54,7.8e-05,1
6812,line,7356,牧園分岐線,5885,6772,66.0,137.18,8.2e-05,1
6813,line,7357,大霧えびの線,5886,5887,66.0,137.18,6.3e-05,1
6814,line,7358,霧島大霧線・大霧えびの線,5886,7013,66.0,274.36,6.1e-05,1
6815,line,7359,横川分岐線,5887,6773,66.0,137.18,0.000267,1
6816,line,7360,大霧えびの線,5887,6089,66.0,137.18,0.000249,1
6817,line,7361,諸塚町変電所~矢部変電所線,5888,5988,220.0,1371.78,0.000182,1
6818,line,7362,木上変電所~頭地開閉所線,5889,5890,66.0,137.18,0.000428,1
6819,line,7363,木上変電所~頭地開閉所線,5890,6492,66.0,137.18,0.000138,1
6820,line,7364,九州送電線_411,5890,6323,66.0,68.59,8e-05,1
6821,line,7365,九州電力送配電 66.0kV線,6492,5891,66.0,274.36,9e-06,1
6822,line,7366,九州電力送配電 66.0kV線,6492,5893,66.0,137.18,0.000212,1
6823,line,7367,小田浦変電所~井上町変電所線,6492,6204,66.0,68.59,0.001824,0
6824,line,7368,九州電力送配電 66.0kV線,5892,5893,66.0,137.18,1.3e-05,1
6825,line,7369,九州電力送配電 66.0kV線,5892,6320,66.0,205.77,0.000294,1
6826,line,7370,九州送電線_410,5892,6322,66.0,68.59,0.000153,1
6827,line,7371,九州送電線_409,5893,6321,66.0,68.59,3.7e-05,1
6828,line,7372,北長崎変電所~京泊一丁目変電所線,6687,6110,66.0,68.59,7.9e-05,1
6829,line,7373,北長崎変電所~長与変電所線,6687,6682,66.0,68.59,0.000233,0
6830,line,7374,九州電力送配電 66.0kV線,6687,5945,66.0,68.59,0.000237,1
6831,line,7375,namebind,6682,5941,66.0,68.59,0.000543,1
6832,line,7376,長与変電所~坂本三丁目変電所線,6682,5946,66.0,137.18,5.4e-05,0
6833,line,7377,九州送電線_256,6682,6112,66.0,68.59,5.6e-05,0
6834,line,7378,坂本三丁目変電所~長与変電所線,6682,6111,66.0,137.18,0.000228,0
6835,line,7379,志々岐変電所~南関変電所線,6926,5894,110.0,342.95,8e-06,0
6836,line,7380,西合志変電所~志々岐変電所線,6926,5938,110.0,342.95,5.5e-05,0
6837,line,7381,志々岐変電所~山鹿変電所線,6926,6927,110.0,342.95,2.7e-05,1
6838,line,7382,leadin,5894,7070,110.0,171.47,6.4e-05,1
6839,line,7383,志々岐変電所~南関変電所線,5894,6493,110.0,342.95,0.000163,0
6840,line,7384,志々岐変電所~南関変電所線,6493,6020,110.0,342.95,0.000134,0
6841,line,7385,九州電力送配電 66.0kV線,6754,5895,66.0,274.36,1e-05,1
6842,line,7386,平佐変電所~宮崎町変電所線,6754,7032,66.0,137.18,3.6e-05,0
6843,line,7387,川内平佐線,6754,6498,66.0,137.18,4.4e-05,0
6844,line,7388,川内原子力支線,5896,6131,220.0,1371.78,1e-06,0
6845,line,7389,新鹿児島線,5896,5897,220.0,2743.57,4e-05,0
6846,line,7390,新鹿児島線,5896,6129,220.0,2743.57,1e-06,0
6847,line,7391,新鹿児島線,5897,6495,220.0,2743.57,4.1e-05,0
6848,line,7392,JR新鹿児島分岐線,5897,6410,220.0,1371.78,7e-06,1
6849,line,7393,新鹿児島紫原線,6496,6732,66.0,137.18,0.000384,0
6850,line,7394,鹿児島新鹿児島線,6496,6738,66.0,137.18,0.000185,0
6851,line,7395,新鹿児島永田線・新鹿児島谷山線,6496,6064,66.0,274.36,2.8e-05,1
6852,line,7396,新鹿児島青戸線,6496,6062,66.0,274.36,0.000202,0
6853,line,7397,新鹿児島青戸西線,6496,6061,66.0,274.36,0.000542,0
6854,line,7398,新鹿児島枕崎線,6496,6060,66.0,411.54,0.000277,0
6855,line,7399,新鹿児島紫原線,6732,6733,66.0,274.36,5e-06,0
6856,line,7400,田上紫原線,6733,6096,66.0,137.18,9.9e-05,0
6857,line,7401,紫原変電所~鴨池変電所線,6733,6608,66.0,68.59,0.000275,1
6858,line,7402,出水分岐線,6511,6512,220.0,1371.78,2e-06,0
6859,line,7403,三池変電所~山鹿変電所線,6426,5898,220.0,1371.78,8.7e-05,0
6860,line,7404,九州電力 木佐木変電所~三池変電所線,6426,6543,220.0,2743.57,9e-06,0
6861,line,7405,山鹿変電所~西合志変電所線,5898,5936,220.0,1371.78,3.3e-05,0
6862,line,7406,北熊本分岐線,5898,5899,220.0,1371.78,3.3e-05,0
6863,line,7407,九州電力送配電 220.0kV線,5899,6501,220.0,1371.78,3e-06,1
6864,line,7408,北熊本分岐線,5899,6502,220.0,2743.57,9e-06,0
6865,line,7409,河崎変電所~玉名変電所線,5900,6520,66.0,137.18,0.00012,0
6866,line,7410,九州電力送配電 66.0kV線,5900,6016,66.0,137.18,2.6e-05,1
6867,line,7411,九州電力 北熊本変電所~池田四丁目変電所線,6503,6840,66.0,137.18,0.000178,1
6868,line,7412,池田四丁目変電所~池田町変電所線,6840,6661,66.0,137.18,5.2e-05,1
6869,line,7413,池田四丁目変電所~春日町変電所線,6840,6019,66.0,137.18,0.000158,1
6870,line,7414,武雄変電所~東佐世保変電所線,6478,5901,220.0,1371.78,4e-06,0
6871,line,7415,武雄変電所~大村変電所線,6478,7018,220.0,1371.78,3.1e-05,0
6872,line,7416,武雄変電所~嬉野市変電所線,6478,7029,220.0,685.89,4.6e-05,1
6873,line,7417,武雄変電所~東佐世保変電所線,5901,5902,66.0,137.18,0.000357,0
6874,line,7418,武雄変電所~伊万里変電所線,5901,6200,66.0,274.36,4.7e-05,0
6875,line,7419,武雄変電所~東佐世保変電所線,5902,5903,66.0,137.18,0.000175,0
6876,line,7420,九州送電線_208,5902,6194,66.0,68.59,0.000236,1
6877,line,7421,九州送電線_210,5903,6195,66.0,68.59,0.000441,0
6878,line,7422,松島火力南線,6483,5904,220.0,2057.68,2e-06,1
6879,line,7423,東佐世保変電所~九州電力　日宇変電所線,6522,5905,66.0,68.59,0.000124,0
6880,line,7424,東佐世保変電所~大瀬戸町瀬戸福島郷変電所線,6522,7025,66.0,274.36,0.000477,1
6881,line,7425,九州送電線_210,6522,6195,66.0,68.59,8.9e-05,0
6882,line,7426,東佐世保変電所~九州電力　日宇変電所線,5905,5906,66.0,68.59,0.000514,0
6883,line,7427,東佐世保変電所~中原町変電所線,5905,6718,66.0,68.59,0.000215,1
6884,line,7428,東佐世保変電所~九州電力　日宇変電所線,5906,5907,66.0,68.59,0.00047,0
6885,line,7429,九州送電線_392,5906,7034,66.0,68.59,0.000233,0
6886,line,7430,九州送電線_188,5907,6151,66.0,68.59,0.000144,1
6887,line,7431,九州電力(株)志佐変電所~吉井町大渡変電所線,5908,5909,66.0,68.59,0.000827,1
6888,line,7432,九州電力(株)志佐変電所~吉井町大渡変電所線,5909,6685,66.0,68.59,0.000746,1
6889,line,7433,九州電力(株)志佐変電所~吉井町大渡変電所線,5909,6223,66.0,68.59,0.000111,1
6890,line,7434,長崎変電所~坂本三丁目変電所線,6689,5910,66.0,137.18,0.000225,0
6891,line,7435,長崎変電所~新地変電所線,6689,5948,66.0,274.36,0.000118,1
6892,line,7436,長崎変電所~矢の平三丁目変電所線,6689,7009,66.0,137.18,4.9e-05,1
6893,line,7437,長崎変電所~坂本三丁目変電所線,5910,5911,66.0,137.18,2.3e-05,0
6894,line,7438,九州送電線_215,5910,6111,66.0,68.59,0.00012,0
6895,line,7439,長与変電所~坂本三丁目変電所線,5911,5947,66.0,68.59,0.000145,0
6896,line,7440,坂本三丁目変電所~銭座町変電所線,5911,7010,66.0,137.18,8.5e-05,1
6897,line,7441,長与変電所~丸尾町変電所線,5912,5942,66.0,68.59,2.1e-05,0
6898,line,7442,九州送電線_20,5912,5913,66.0,68.59,0.000194,1
6899,line,7443,長与変電所~丸尾町変電所線,5912,7012,66.0,68.59,5.6e-05,0
6900,line,7444,leadin,5914,6822,66.0,68.59,0.000106,1
6901,line,7445,宇土松橋線,5914,6632,66.0,274.36,4e-05,0
6902,line,7446,南熊本松橋線,6632,5978,66.0,137.18,0.000153,0
6903,line,7447,イオンモール宇城バリュー分岐線,5915,5916,66.0,68.59,0.000261,0
6904,line,7448,南熊本松橋線,5915,5977,66.0,274.36,8.9e-05,1
6905,line,7449,南熊本松橋線,5915,5978,66.0,137.18,6.4e-05,0
6906,line,7450,イオンモール宇城バリュー分岐線,5916,5917,66.0,68.59,5.2e-05,1
6907,line,7451,宮原変電所~井上町変電所線,5916,6203,66.0,68.59,0.000151,0
6908,line,7452,唐津横竹線,5918,5919,66.0,411.54,3.2e-05,0
6909,line,7453,大鶴第二分岐線,5918,6936,66.0,137.18,0.000364,0
6910,line,7454,唐津横竹線,5919,6510,66.0,411.54,6.7e-05,1
6911,line,7455,玄海分岐線,5919,6509,66.0,137.18,0.000213,0
6912,line,7456,諫早変電所~長崎変電所線,5920,6688,220.0,2743.57,8e-06,0
6913,line,7457,九州送電線_218,5920,6213,220.0,685.89,2.5e-05,0
6914,line,7458,吉井町大渡変電所~九州電力(株)志佐変電所線,6685,6139,66.0,68.59,0.00054,1
6915,line,7459,東佐世保変電所~大瀬戸町瀬戸福島郷変電所線,7025,5922,66.0,274.36,3.6e-05,1
6916,line,7460,東佐世保変電所~大瀬戸町瀬戸福島郷変電所線,5922,6854,66.0,274.36,0.000287,1
6917,line,7461,九州送電線_242,5922,6232,66.0,68.59,0.000985,1
6918,line,7462,東佐世保変電所~大瀬戸町瀬戸福島郷変電所線,6854,6853,66.0,274.36,1.5e-05,1
6919,line,7463,古賀福間線,6517,5960,66.0,137.18,0.000106,1
6920,line,7464,玉名変電所~菰屋変電所線,6520,6659,66.0,137.18,0.000397,0
6921,line,7465,西谷変電所~九州電力 小倉変電所線,4331,6516,66.0,548.71,4.6e-05,0
6922,line,7466,二島変電所~若松変電所線,5923,6851,110.0,171.47,4.5e-05,0
6923,line,7467,二島変電所~若松変電所線,6851,6899,110.0,685.89,1.8e-05,0
6924,line,7468,二島変電所~洞海変電所線,6899,6231,110.0,342.95,2.8e-05,0
6925,line,7469,轟町変電所~菱刈前目変電所線,5924,5925,110.0,171.47,0.000348,1
6926,line,7470,人吉川内川線,5924,5979,110.0,171.47,0.001368,1
6927,line,7471,人吉川内川線・大口川内線,5924,5980,110.0,171.47,1.7e-05,1
6928,line,7473,宮田変電所~下有木変電所線,4338,5926,220.0,685.89,4.1e-05,0
6929,line,7474,九州送電線_284,4338,6911,220.0,685.89,8e-06,0
6930,line,7475,JR九州 二日市変電所~朝倉変電所線,6526,7002,66.0,274.36,1e-05,1
6931,line,7476,namebind,5749,7077,220.0,1371.78,3.7e-05,0
6932,line,7477,古開作変電所~東山口変電所 (Higashi Yamaguchi Hendensho)線,4359,6524,220.0,1371.78,2.9e-05,0
6933,line,7478,美和町西畑変電所~新徳山変電所線,4359,5927,220.0,685.89,0.000304,1
6934,line,7479,美和町西畑変電所~新徳山変電所線,4359,6527,220.0,685.89,3.6e-05,0
6935,line,7480,新徳山変電所~東山口変電所 (Higashi Yamaguchi Hendensho)線,6524,6527,220.0,685.89,6.2e-05,0
6936,line,7481,新徳山変電所~山口市変電所線,6527,4361,220.0,2743.57,4.1e-05,0
6937,line,7482,新徳山変電所~下松発電所線,6527,6624,220.0,1371.78,3.6e-05,0
6938,line,7483,若山二丁目変電所~新徳山変電所線,6527,5251,220.0,2743.57,2.1e-05,0
6939,line,7484,新山口変電所~山口変電所線,6430,4360,220.0,1371.78,7.8e-05,0
6940,line,7485,山口変電所~小野田変電所線,4360,6783,220.0,1371.78,2.8e-05,0
6941,line,7486,中国電力ネットワーク 220.0kV線,4360,6612,220.0,2743.57,3e-06,0
6942,line,7487,大字中山変電所~宮野変電所線,4361,6719,220.0,685.89,6e-06,0
6943,line,7488,山口市変電所~山口変電所線,4362,6612,220.0,2743.57,3.9e-05,0
6944,line,7489,徳山変電所~下小鯖変電所線,6621,6719,110.0,342.95,0.000426,0
6945,line,7490,九州電力送配電 110.0kV線,6621,4493,110.0,685.89,1.6e-05,0
6946,line,7491,徳山変電所~川崎変電所線,6621,4495,110.0,171.47,0.000123,0
6947,line,7492,徳山変電所~久米中央三丁目変電所線,6621,4496,110.0,342.95,6.4e-05,0
6948,line,7493,新徳山変電所~徳山変電所線,6621,6528,110.0,342.95,0.000117,0
6949,line,7494,徳山変電所~下小鯖変電所線,6719,6626,110.0,514.42,8.2e-05,0
6950,line,7495,徳山変電所~下小鯖変電所線,6626,4363,110.0,342.95,4.3e-05,0
6951,line,7496,九州電力 佐賀変電所~九州電力 上峰変電所線,5929,6529,66.0,137.18,0.000345,0
6952,line,7497,九州電力送配電 66.0kV線,5929,6530,66.0,68.59,0.00031,1
6953,line,7498,九州電力送配電 110.0kV線,6723,5943,110.0,171.47,0.000269,0
6954,line,7499,牛津変電所~九州電力 佐賀変電所線,6723,6970,110.0,171.47,0.000124,0
6955,line,7500,牛津変電所~九州電力 佐賀変電所線,6970,5930,110.0,171.47,8.6e-05,0
6956,line,7501,牛津変電所~九州電力 佐賀変電所線,5930,6481,110.0,171.47,6.6e-05,0
6957,line,7502,九州電力送配電 110.0kV線,5930,5931,110.0,171.47,1.8e-05,1
6958,line,7503,九州送電線_380,5932,7031,66.0,68.59,5.2e-05,0
6959,line,7504,西日本鉄道 犬塚変電所~九州電力 木佐木変電所線,6367,6542,66.0,68.59,0.000585,1
6960,line,7505,九州電力 木佐木変電所~横山町変電所線,6367,5940,66.0,68.59,0.000487,0
6961,line,7506,九州電力送配電 66.0kV線,6367,6658,66.0,137.18,0.000212,0
6962,line,7509,三池変電所~九州電力 大和変電所線,6428,6551,66.0,137.18,0.0005,0
6963,line,7510,三池変電所~大字倉永変電所線,6428,6577,66.0,137.18,0.000431,0
6964,line,7511,九州電力 大和変電所~三橋町下百町変電所線,6551,6552,66.0,68.59,0.000386,0
6965,line,7512,熊本南熊本線,5936,6814,220.0,5487.14,4e-06,0
6966,line,7513,西合志変電所~志々岐変電所線,5937,5938,110.0,342.95,0.000238,0
6967,line,7514,九州電力送配電 110.0kV線,5937,6277,110.0,342.95,2.8e-05,1
6968,line,7515,九州電力送配電 110.0kV線,5938,6925,110.0,171.47,7.1e-05,1
6969,line,7516,赤間分岐線,6896,5939,66.0,137.18,2.3e-05,1
6970,line,7517,久保宗像線,6896,5961,66.0,137.18,0.000351,1
6971,line,7518,leadin,5939,6571,66.0,68.59,4.7e-05,1
6972,line,7519,赤間分岐線,5939,6570,66.0,137.18,6.1e-05,1
6973,line,7520,赤間分岐線,6570,6895,66.0,137.18,1.5e-05,1
6974,line,7521,九州電力送配電 66.0kV線,6933,7014,66.0,68.59,0.00019,0
6975,line,7522,東多久変電所~牛津変電所線,6933,6935,66.0,68.59,0.000706,0
6976,line,7523,厳木町本山変電所~東多久変電所線,6933,6285,66.0,68.59,0.00087,1
6977,line,7524,東多久武雄線,6933,6937,66.0,137.18,0.000395,0
6978,line,7525,大字草木変電所~大黒町四丁目変電所線,6547,6576,66.0,68.59,3.9e-05,1
6979,line,7526,菰屋変電所~荒尾変電所線,6829,6659,66.0,137.18,2.3e-05,0
6980,line,7527,菰屋変電所~荒尾変電所線,6829,6136,66.0,68.59,0.000391,1
6981,line,7528,九州電力 木佐木変電所~横山町変電所線,5940,6549,66.0,68.59,9.3e-05,1
6982,line,7529,九州電力 大和変電所~三橋町下百町変電所線,5940,6552,66.0,68.59,5.7e-05,0
6983,line,7530,長与変電所~丸尾町変電所線,5941,5942,66.0,68.59,0.000153,1
6984,line,7531,九州送電線_296,5941,6280,66.0,68.59,3.9e-05,1
6985,line,7532,九州送電線_217,5942,7012,66.0,68.59,4.6e-05,0
6986,line,7533,牛津変電所~大町町変電所線,5943,5944,110.0,342.95,0.000144,0
6987,line,7534,九州電力送配電 110.0kV線,5943,6934,110.0,514.42,1.4e-05,0
6988,line,7535,牛津変電所~大町町変電所線,5944,6555,110.0,342.95,2.8e-05,0
6989,line,7536,大町分岐新線,5944,6941,110.0,342.95,1.6e-05,0
6990,line,7537,大町町変電所~朝日町大字芦原変電所線,6555,6479,110.0,342.95,0.000131,0
6991,line,7538,九州送電線_32,7010,6834,66.0,68.59,2.5e-05,1
6992,line,7539,leadin,6834,7066,66.0,68.59,4.7e-05,1
6993,line,7540,長与変電所~坂本三丁目変電所線,5946,5947,66.0,68.59,0.000234,0
6994,line,7541,坂本三丁目変電所~長与変電所線,5946,6112,66.0,68.59,5.1e-05,0
6995,line,7542,九州送電線_164,5947,6111,66.0,68.59,4.8e-05,0
6996,line,7543,九州電力送配電 66.0kV線,5948,6714,66.0,137.18,0.000215,1
6997,line,7544,新地変電所~江川町変電所線,5948,6841,66.0,137.18,0.000235,1
6998,line,7545,namebind,5949,6558,66.0,68.59,0.000542,0
6999,line,7546,大字皆毛変電所~中津変電所線,5949,5950,66.0,137.18,5.2e-05,0
7000,line,7547,九州電力送配電 66.0kV線,6558,5950,66.0,274.36,3e-05,0
7001,line,7548,中津如水線,6558,5963,66.0,137.18,9.6e-05,1
7002,line,7549,今津変電所~中津変電所線,6558,5954,66.0,137.18,0.000296,0
7003,line,7550,大字和気変電所~今津変電所線,6809,5951,66.0,274.36,7.2e-05,0
7004,line,7551,宇佐高田線,6809,6109,66.0,137.18,0.000111,0
7005,line,7552,九州送電線_187,5951,6149,66.0,68.59,8e-06,1
7006,line,7553,大字和気変電所~今津変電所線,5951,5952,66.0,274.36,3.3e-05,0
7007,line,7554,大字和気変電所~今津変電所線,5952,5953,66.0,274.36,0.000195,0
7008,line,7555,九州電力送配電 66.0kV線,5952,7036,66.0,68.59,0.000226,0
7009,line,7556,九州送電線_34,5953,5955,66.0,68.59,1e-05,1
7010,line,7557,大字和気変電所~今津変電所線,5953,5954,66.0,274.36,1.1e-05,0
7011,line,7558,九州電力送配電 66.0kV線,5954,6808,66.0,68.59,0.000119,1
7012,line,7559,宇佐高田線;宇佐安心院線,7036,6109,66.0,205.77,4.6e-05,0
7013,line,7560,速見分岐線,5956,6560,220.0,1371.78,7.2e-05,0
7014,line,7561,阿蘇市変電所~高森変電所線,5957,6564,66.0,137.18,0.000657,1
7015,line,7562,九州電力送配電 66.0kV線,5957,6036,66.0,137.18,0.000356,1
7016,line,7563,九州電力送配電 66.0kV線,5957,6035,66.0,205.77,0.000141,1
7017,line,7564,中井手変電所~東大津変電所線,5958,6037,66.0,68.59,7.8e-05,0
7018,line,7565,九州電力送配電 66.0kV線,5958,6838,66.0,68.59,8.4e-05,1
7019,line,7566,前原東一丁目変電所~伊都の杜一丁目変電所線,6565,6567,66.0,137.18,3.3e-05,1
7020,line,7567,伊都の杜一丁目変電所~周船寺一丁目変電所線,6565,5959,66.0,137.18,4.5e-05,1
7021,line,7568,九州電力送配電 66.0kV線,5959,6859,66.0,137.18,3.7e-05,0
7022,line,7569,久保宗像線,5960,5961,66.0,137.18,6.7e-05,1
7023,line,7570,イオンモール福津分岐線,5961,5962,66.0,137.18,2.2e-05,1
7024,line,7571,瀬高町坂田変電所~瀬高町山門変電所線,7003,6572,66.0,68.59,4e-05,1
7025,line,7572,九州電力 羽犬塚変電所~瀬高町山門変電所線,6572,5990,66.0,137.18,0.000236,1
7026,line,7576,leadin,5963,6959,66.0,68.59,7.7e-05,1
7027,line,7577,中津如水線,5963,7048,66.0,137.18,5.9e-05,1
7028,line,7578,需要家線,7048,6148,66.0,68.59,0.000192,1
7029,line,7579,九州電力 川崎変電所~九州電力 添田変電所線,6582,6592,66.0,274.36,9.6e-05,1
7030,line,7580,九州電力 川崎変電所~九州電力 山田変電所線,6582,6591,66.0,137.18,0.000264,1
7031,line,7581,九州電力 川崎変電所~九州電力 香春変電所線,6582,4369,66.0,274.36,0.000197,0
7032,line,7582,九州電力送配電 66.0kV線,4369,6593,66.0,274.36,8.1e-05,0
7033,line,7583,九州電力　上穂波変電所~九州電力 吉隈変電所線,6584,5964,66.0,137.18,4.1e-05,1
7034,line,7584,九州電力送配電 66.0kV線,5964,6639,66.0,137.18,3.9e-05,1
7035,line,7585,九州電力 糸田変電所~田川変電所線,6588,6586,66.0,68.59,0.000277,0
7036,line,7586,田川変電所~九州電力 香春変電所線,6586,5965,66.0,137.18,9.6e-05,0
7037,line,7587,九州電力 香春変電所~九州電力 白鳥変電所線,5965,6599,66.0,137.18,9e-05,1
7038,line,7588,田川変電所~九州電力 香春変電所線,5965,6593,66.0,137.18,6.5e-05,0
7039,line,7589,九州電力 嘉穂変電所~直方変電所線,6434,6515,110.0,685.89,0.000204,0
7040,line,7590,上津役変電所~九州電力 上頓野変電所線,6595,5966,66.0,274.36,6.3e-05,0
7041,line,7591,上津役折尾線,6595,5970,66.0,274.36,1e-05,0
7042,line,7592,上津役変電所~穴生変電所線,6595,6948,66.0,274.36,8.4e-05,1
7043,line,7593,上津役変電所~九州電力 上頓野変電所線,5966,5967,66.0,274.36,8e-06,0
7044,line,7594,namebind,5966,6898,66.0,68.59,0.000286,1
7045,line,7595,上津役変電所~九州電力 上頓野変電所線,5967,5968,66.0,274.36,0.000144,0
7046,line,7596,九州電力送配電 66.0kV線,5968,6587,66.0,137.18,5.1e-05,1
7047,line,7597,九州電力送配電 66.0kV線,6587,5969,66.0,274.36,1.2e-05,1
7048,line,7598,九州電力 二瀬変電所~Futase Sub Station線,6589,6590,66.0,68.59,8.4e-05,1
7049,line,7599,宮田変電所~有木変電所線,6911,6913,66.0,137.18,0.000164,1
7050,line,7600,西谷変電所~小倉南区変電所線,5003,6516,66.0,68.59,0.000417,0
7051,line,7601,九州電力 徳力変電所~西谷変電所線,6516,5013,66.0,137.18,7.2e-05,0
7052,line,7602,西谷変電所~槻田系統開閉所線,6516,6601,66.0,274.36,8.5e-05,0
7053,line,7603,西谷変電所~八幡変電所線,6516,4370,66.0,274.36,9.9e-05,0
7054,line,7604,上津役折尾線,5970,5971,66.0,137.18,0.000121,0
7055,line,7605,中間変電所~上津役変電所線,5970,6897,66.0,137.18,0.000166,0
7056,line,7606,上津役折尾線,5971,6544,66.0,137.18,8.4e-05,0
7057,line,7607,穴生分岐線,5971,6904,66.0,137.18,1.3e-05,1
7058,line,7608,上津役折尾線,6544,7065,66.0,137.18,2.7e-05,0
7059,line,7609,二島折尾線,7065,6150,66.0,137.18,5.3e-05,0
7060,line,7610,namebind,6897,6059,66.0,68.59,0.000242,0
7061,line,7611,上津役変電所~八幡西区変電所線,6594,5972,220.0,1371.78,1.2e-05,1
7062,line,7612,九州電力 門司変電所~九州電力 松ヶ江変電所線,4371,6405,66.0,274.36,6.5e-05,0
7063,line,7613,九州送電線_111,6405,6611,66.0,274.36,0.000158,0
7064,line,7614,九州電力 門司変電所~JR西日本 新門司変電所線,6405,4372,66.0,274.36,3.6e-05,0
7065,line,7615,九州電力 今津変電所~九州電力 門司変電所線,6405,5010,66.0,137.18,6.7e-05,0
7066,line,7616,九州電力 到津変電所~槻田系統開閉所線,6601,6603,66.0,274.36,9e-06,0
7067,line,7617,到津変電所~九州電力 到津変電所線,6605,6603,66.0,137.18,2.2e-05,0
7068,line,7618,九州電力送配電 220.0kV線,6605,4378,66.0,68.59,1.3e-05,0
7069,line,7619,日明系統開閉所~到津変電所線,6605,6607,66.0,137.18,8e-05,0
7070,line,7620,到津変電所~井堀三丁目変電所線,6605,5019,66.0,274.36,2.3e-05,0
7071,line,7621,kyushu_line_868,5973,5974,66.0,68.59,1e-06,0
7072,line,7622,kyushu_line_869,5973,5975,66.0,68.59,2e-06,0
7073,line,7623,kyushu_line_870,5974,5975,66.0,68.59,1e-06,0
7074,line,7624,日明系統開閉所~大門変電所線,6607,5432,66.0,137.18,1.9e-05,0
7075,line,7625,日明系統開閉所~到津変電所線,6606,6604,220.0,5487.14,2e-06,0
7076,line,7626,九州電力送配電 220.0kV線,6604,4379,220.0,4115.35,0.0,0
7077,line,7627,九州送電線_112,6611,4380,66.0,137.18,1.4e-05,0
7078,line,7628,内野河内姫浦線,6975,6976,66.0,68.59,0.00029,1
7079,line,7629,九州電力送配電 110.0kV線,4479,7075,110.0,685.89,2.6e-05,0
7080,line,7630,namebind,5146,6618,110.0,342.95,5.8e-05,0
7081,line,7631,中国電力ネットワーク 220.0kV線,6612,4480,220.0,2057.68,9e-06,0
7082,line,7632,山口市変電所~宇部変電所線,4483,6619,110.0,342.95,5.4e-05,0
7083,line,7633,宇部変電所~桃山開閉所線,6620,5460,66.0,342.95,5e-06,0
7084,line,7634,宇部高千帆線;宇部藤山線,6620,4485,66.0,274.36,1.1e-05,0
7085,line,7635,山口連絡線,4484,6619,110.0,342.95,0.00011,0
7086,line,7636,宇部興産株式会社 110.0kV線,6619,5459,110.0,342.95,5e-06,0
7087,line,7637,西宇部線;宇部厚狭線,6619,4488,110.0,685.89,7e-06,0
7088,line,7638,九州電力送配電 110.0kV線,4486,7075,110.0,685.89,4.5e-05,0
7089,line,7639,宇部高千帆線,6786,4615,66.0,205.77,1.2e-05,0
7090,line,7640,宇部高千帆線,6786,5140,66.0,205.77,1.5e-05,0
7091,line,7641,山口市変電所~小郡変電所線,4489,6615,110.0,171.47,0.000244,0
7092,line,7642,九州送電線_389,4489,7075,110.0,342.95,2e-05,0
7093,line,7643,九州送電線_389,4489,7076,110.0,342.95,4.2e-05,0
7094,line,7644,九州電力送配電 110.0kV線,6615,4508,110.0,171.47,8e-05,0
7095,line,7645,小郡変電所~山口市変電所線,6615,7075,110.0,171.47,0.000269,0
7096,line,7646,山口変電所~小野田変電所線,6783,6785,220.0,1371.78,4e-06,0
7097,line,7647,山口変電所~小野田変電所線,6785,6617,220.0,1371.78,1.9e-05,0
7098,line,7648,山口変電所~新山口変電所線,6614,4490,66.0,68.59,0.001223,0
7099,line,7649,中国電力ネットワーク 110.0kV線,4491,6618,110.0,342.95,7e-06,0
7100,line,7650,宇部厚狭線,4492,6787,110.0,342.95,4.2e-05,0
7101,line,7651,徳山変電所~川崎変電所線,6622,4494,66.0,68.59,7.1e-05,0
7102,line,7652,徳山変電所~大字栗屋変電所線,6622,4497,66.0,137.18,6.1e-05,0
7103,line,7653,新徳山変電所~美和町西畑変電所線,6622,5171,66.0,68.59,0.002805,0
7104,line,7654,川崎変電所~南陽変電所線,4495,6633,110.0,685.89,3.7e-05,0
7105,line,7655,九州電力送配電 110.0kV線,4496,6625,110.0,685.89,5e-06,0
7106,line,7656,徳山変電所~大字栗屋変電所線,4497,6782,66.0,137.18,0.000273,1
7107,line,7657,南陽変電所~防府市変電所線,6633,5223,110.0,342.95,0.000248,0
7108,line,7658,南陽変電所~防府市変電所線,4498,6628,110.0,514.42,5.8e-05,0
7109,line,7659,佐野変電所~防府市変電所線,6628,6623,110.0,342.95,0.000106,0
7110,line,7660,山口市変電所~佐野変電所線,5162,6623,110.0,342.95,0.000111,0
7111,line,7661,小郡変電所~山口市変電所線,6616,5160,66.0,137.18,0.000222,0
7112,line,7662,下松発電所~久米中央三丁目変電所線,6630,6625,110.0,685.89,1.3e-05,0
7113,line,7663,namebind,6625,4514,110.0,171.47,0.000121,0
7114,line,7664,宮野変電所~下小鯖変電所線,5177,6627,66.0,137.18,0.000281,0
7115,line,7665,光変電所~田布施町変電所線,5176,7078,110.0,342.95,0.000215,0
7116,line,7666,北佐賀変電所~牛島上変電所線,6389,6723,220.0,685.89,3.9e-05,0
7117,line,7667,九州送電線_113,6389,5981,220.0,685.89,1.1e-05,1
7118,line,7668,北佐賀変電所~牛島上変電所線,6723,5976,110.0,171.47,2.5e-05,0
7119,line,7669,leadin,5976,6722,66.0,68.59,0.000146,1
7120,line,7670,蛎久変電所~神野西一丁目変電所線,5976,6721,66.0,68.59,0.000117,1
7121,line,7671,北佐賀変電所~牛島上変電所線,5976,7031,66.0,68.59,0.000275,0
7122,line,7672,宮原変電所~九州電力松橋変電所線,5978,6924,66.0,137.18,0.000312,0
7123,line,7673,九州送電線_310,5979,6288,110.0,171.47,4.7e-05,1
7124,line,7674,東多久変電所~北佐賀変電所線,7014,6390,66.0,68.59,0.001017,0
7125,line,7675,九州送電線_207,6390,6193,66.0,137.18,3e-05,1
7126,line,7681,小国町変電所~森変電所線,5983,5984,66.0,137.18,0.000735,1
7127,line,7682,森変電所~九州電力 湯布院変電所線,5984,5986,66.0,137.18,0.000216,0
7128,line,7683,九州電力送配電 66.0kV線,5985,6638,66.0,137.18,0.000163,1
7129,line,7684,森変電所~九州電力 湯布院変電所線,5985,5986,66.0,137.18,0.000197,0
7130,line,7685,由布市変電所~九州電力 湯布院変電所線,5985,6705,66.0,68.59,0.000523,0
7131,line,7701,九州電力送配電 66.0kV線,5986,5987,66.0,274.36,6.5e-05,1
7132,line,7702,由布市変電所~九州電力 湯布院変電所線,6704,6705,66.0,68.59,0.000575,0
7133,line,7703,由布市変電所~九州電力 湯布院変電所線,6704,6702,66.0,137.18,0.000157,0
7134,line,7704,九州送電線_370,5988,7015,220.0,685.89,1e-05,1
7135,line,7705,leadin,5989,6830,66.0,68.59,0.000138,1
7136,line,7706,九州電力 羽犬塚変電所~瀬高町山門変電所線,5989,5990,66.0,137.18,5.3e-05,1
7137,line,7707,leadin,5990,6824,66.0,68.59,0.000135,1
7138,line,7708,leadin,5990,6825,66.0,68.59,0.000134,1
7139,line,7709,九州電力送配電 220.0kV線,5991,5996,220.0,685.89,1e-06,0
7140,line,7710,九州電力送配電 220.0kV線,5991,5993,220.0,685.89,1.8e-05,0
7141,line,7711,九州電力送配電 66.0kV線,6443,5992,66.0,274.36,1.3e-05,1
7142,line,7712,多良木変電所~人吉変電所線,5992,6029,66.0,411.54,0.000237,1
7143,line,7713,人吉木上線,5992,6125,66.0,274.36,0.000129,1
7144,line,7714,九州電力送配電 220.0kV線,5993,6462,220.0,2743.57,1.2e-05,0
7145,line,7715,九州電力送配電 220.0kV線,5993,5999,220.0,1371.78,3.7e-05,0
7146,line,7716,kyushu_line_1006,5994,5995,220.0,685.89,0.0,0
7147,line,7717,kyushu_line_1007,5994,5996,220.0,685.89,0.0,0
7148,line,7718,kyushu_line_1008,5995,5996,220.0,685.89,1e-06,0
7149,line,7719,ひむか変電所~九州電力 高鍋変電所線,5997,5998,110.0,171.47,0.000165,1
7150,line,7720,九州電力送配電 110.0kV線,5997,6255,110.0,171.47,7e-06,1
7151,line,7721,ひむか変電所~西都変電所線,5997,6259,110.0,342.95,0.000313,1
7152,line,7722,ひむか変電所~九州電力 高鍋変電所線,5998,6652,110.0,685.89,7.1e-05,1
7153,line,7723,九州電力送配電 110.0kV線,5998,6875,110.0,171.47,0.000196,1
7154,line,7724,ひむか変電所~新日向変電所線,5999,6640,220.0,1371.78,9.8e-05,0
7155,line,7725,熊本上椎葉線,5999,6929,220.0,2743.57,0.000144,0
7156,line,7726,渡川線,6001,6463,66.0,205.77,0.000341,1
7157,line,7727,新日向変電所~東郷町山陰乙変電所線,6002,6872,66.0,68.59,0.000391,1
7158,line,7728,諸塚町変電所~新日向変電所線,6002,6176,66.0,68.59,0.000745,1
7159,line,7729,諸塚町変電所~新日向変電所線,6002,6641,66.0,137.18,0.000102,1
7160,line,7730,新日向恒富線;新日向日向線,6641,6003,66.0,137.18,0.000182,0
7161,line,7731,新日向延岡線,6641,6174,66.0,137.18,0.000737,0
7162,line,7732,新日向恒富線,6003,6180,66.0,137.18,0.00056,0
7163,line,7733,新日向日向線,6003,6865,66.0,137.18,2.8e-05,0
7164,line,7734,都城大隅線,6004,6765,110.0,685.89,0.000152,0
7165,line,7735,都城大隅線,6004,6862,110.0,342.95,8.3e-05,0
7166,line,7736,九州電力送配電 110.0kV線,6004,6768,110.0,342.95,5.6e-05,1
7167,line,7737,都城大隅線,6765,6005,110.0,685.89,8.7e-05,0
7168,line,7738,大隅変電所~笠之原町変電所線,6005,6766,110.0,171.47,0.000151,1
7169,line,7739,九州電力送配電 110.0kV線,6005,6646,110.0,171.47,2.3e-05,0
7170,line,7740,namebind,6006,6845,66.0,137.18,0.000262,0
7171,line,7741,広瀬変電所~九州電力 高鍋変電所線,6006,6653,66.0,137.18,0.000342,0
7172,line,7742,柏田変電所~佐土原変電所線,6006,6010,66.0,68.59,0.000403,0
7173,line,7743,財光寺変電所~九州電力 高鍋変電所線,6653,6157,66.0,137.18,9.2e-05,0
7174,line,7744,柏田変電所~佐土原変電所線,6007,6008,66.0,68.59,0.000518,0
7175,line,7745,九州電力送配電 220.0kV線,6007,6491,66.0,68.59,0.000311,0
7176,line,7746,namebind,6007,6877,66.0,68.59,0.000749,0
7177,line,7747,柏田変電所~佐土原変電所線,6008,6009,66.0,68.59,7.9e-05,0
7178,line,7748,九州電力送配電 66.0kV線,6008,6873,66.0,68.59,0.000155,1
7179,line,7749,柏田変電所~佐土原変電所線,6009,6010,66.0,68.59,8.3e-05,0
7180,line,7750,佐土原変電所~広瀬変電所線,6009,6845,66.0,68.59,0.000348,0
7181,line,7751,佐土原変電所~広瀬変電所線,6010,6845,66.0,68.59,0.000415,0
7182,line,7752,山代変電所~九州電力　日宇変電所線,6011,7033,220.0,685.89,5.5e-05,0
7183,line,7753,九州電力送配電 66.0kV線,6012,6014,66.0,137.18,7.8e-05,1
7184,line,7754,九州電力送配電 66.0kV線,6658,6015,66.0,137.18,5.5e-05,0
7185,line,7755,大橋変電所~九州電力 大川変電所線,6015,6532,66.0,274.36,4.8e-05,1
7186,line,7756,大橋変電所~九州電力 大川変電所線,6532,6729,66.0,274.36,5e-06,1
7187,line,7757,二日市分岐線,7002,6357,66.0,205.77,1.5e-05,1
7188,line,7758,九州電力送配電 66.0kV線,6917,6016,66.0,137.18,9.2e-05,1
7189,line,7759,leadin,6016,6573,66.0,68.59,0.000221,1
7190,line,7760,九州電力送配電 66.0kV線,6017,6018,66.0,205.77,2.9e-05,1
7191,line,7761,蓮台寺二丁目変電所~日吉変電所線,6017,6279,66.0,137.18,1.5e-05,1
7192,line,7762,九州電力送配電 66.0kV線,6018,6663,66.0,205.77,1.1e-05,1
7193,line,7763,leadin,6018,6574,66.0,68.59,0.000149,1
7194,line,7764,池田四丁目変電所~春日町変電所線,6019,6918,66.0,137.18,0.000101,1
7195,line,7765,九州電力送配電 66.0kV線,6019,6278,66.0,137.18,3.6e-05,1
7196,line,7766,三池変電所~荒尾変電所線,6020,6181,110.0,514.42,3e-05,0
7197,line,7767,米ノ津変電所~水俣変電所線,6021,6745,66.0,274.36,7.6e-05,0
7198,line,7768,出水変電所~米ノ津変電所線,6021,6513,66.0,274.36,0.000174,0
7199,line,7769,九州電力送配電 66.0kV線,6021,6791,66.0,137.18,9.8e-05,1
7200,line,7770,leadin,6745,6746,66.0,68.59,3.3e-05,1
7201,line,7771,米ノ津変電所~水俣変電所線,6745,6022,66.0,274.36,0.000103,0
7202,line,7772,米ノ津変電所~水俣変電所線,6022,6023,66.0,274.36,2.1e-05,0
7203,line,7773,新水俣変電所~水俣変電所線,6022,6861,66.0,68.59,0.000209,0
7204,line,7774,米ノ津変電所~水俣変電所線,6023,6670,66.0,274.36,1.3e-05,0
7205,line,7775,水俣変電所~新水俣変電所線,6023,6861,66.0,68.59,0.000136,0
7206,line,7776,宮原変電所~水俣変電所線,6670,6861,66.0,137.18,6e-05,0
7207,line,7777,新水俣変電所~水俣変電所線,6670,6210,66.0,68.59,0.000597,0
7208,line,7778,出水向江線,6513,6794,66.0,137.18,0.000138,1
7209,line,7779,鹿児島新鹿児島線,6738,6066,66.0,137.18,0.000207,0
7210,line,7780,米ノ津変電所~高尾野変電所線,6791,6095,66.0,137.18,0.000295,1
7211,line,7781,新鹿児島線,6024,6025,220.0,685.89,0.0,0
7212,line,7782,kyushu_line_1072,6024,6128,220.0,685.89,0.0,0
7213,line,7783,川内火力線,6024,6127,220.0,685.89,1e-06,0
7214,line,7784,新鹿児島線,6025,6130,220.0,685.89,0.0,0
7215,line,7785,新鹿児島線,6025,6129,220.0,2743.57,6e-06,0
7216,line,7786,多良木変電所~人吉変電所線,6026,6027,66.0,823.07,5.2e-05,1
7217,line,7787,多良木変電所~人吉変電所線,6027,6028,66.0,411.54,5e-05,1
7218,line,7788,九州送電線_237,6027,6229,66.0,68.59,7.3e-05,1
7219,line,7789,多良木変電所~人吉変電所線,6028,6029,66.0,411.54,9.2e-05,1
7220,line,7790,九州送電線_236,6028,6228,66.0,137.18,2e-05,1
7221,line,7791,九州電力送配電 66.0kV線,6029,6881,66.0,137.18,4.3e-05,1
7222,line,7792,柏田変電所~南宮崎変電所線,6030,6672,66.0,68.59,0.000909,0
7223,line,7793,柏田変電所~清水変電所線,6030,6099,66.0,68.59,0.000249,0
7224,line,7794,九州電力送配電 66.0kV線,6030,6491,66.0,137.18,7.5e-05,0
7225,line,7795,南宮崎変電所~大塚変電所線,6672,6803,66.0,68.59,0.000237,0
7226,line,7796,南宮崎変電所~恒久変電所線,6672,6801,66.0,137.18,7.8e-05,1
7227,line,7797,青島変電所~南宮崎変電所線,6672,6253,66.0,137.18,0.000247,1
7228,line,7798,新地変電所~江川町変電所線,6841,7011,66.0,137.18,1.7e-05,1
7229,line,7799,九州電力送配電 66.0kV線,7011,6034,66.0,137.18,0.000237,1
7230,line,7800,九州電力送配電 66.0kV線,6684,6216,66.0,68.59,4e-05,1
7231,line,7801,leadin,6684,6217,66.0,137.18,2.6e-05,1
7232,line,7802,leadin,6684,6218,66.0,137.18,2.1e-05,1
7233,line,7803,leadin,6684,6312,66.0,137.18,2.2e-05,1
7234,line,7804,諫早変電所~九州電力 愛野変電所線,6684,6031,66.0,68.59,0.000362,0
7235,line,7805,九州電力 愛野変電所~諫早変電所線,6684,7022,66.0,68.59,0.001378,0
7236,line,7806,諫早変電所~九州電力 愛野変電所線,6031,6032,66.0,68.59,0.000934,0
7237,line,7807,九州送電線_168,6031,6118,66.0,137.18,0.000192,1
7238,line,7808,諫早変電所~九州電力 愛野変電所線,6032,7022,66.0,68.59,4.7e-05,0
7239,line,7809,九州電力 愛野変電所~九州電力 橘変電所線,6032,7021,66.0,68.59,0.000926,0
7240,line,7810,九州電力 愛野変電所~九州電力 島原変電所線,7022,6117,66.0,68.59,0.001424,0
7241,line,7811,九州送電線_356,6033,6222,220.0,2057.68,0.0,0
7242,line,7812,九州電力送配電 220.0kV線,6033,6683,220.0,1371.78,2e-06,1
7243,line,7813,白木原変電所~西春変電所線,6556,6437,66.0,137.18,4.5e-05,0
7244,line,7814,西春変電所~相生町二丁目変電所線,6437,7005,66.0,68.59,4.5e-05,1
7245,line,7815,香椎アイランドシティ線,6578,6494,66.0,137.18,0.000111,1
7246,line,7816,leadin,6494,6950,66.0,68.59,7e-05,1
7247,line,7817,西福岡赤坂線,6353,6469,220.0,2743.57,3e-06,0
7248,line,7818,高上変電所~伊都変電所線,6981,6858,220.0,1371.78,1.5e-05,0
7249,line,7819,中井手変電所~東大津変電所線,6035,6037,66.0,68.59,0.000473,1
7250,line,7820,九州電力送配電 66.0kV線,6035,6252,66.0,68.59,9.5e-05,1
7251,line,7821,九州電力一の宮変電所~阿蘇市変電所線,6698,6036,66.0,137.18,0.000418,1
7252,line,7822,九州電力送配電 66.0kV線,6036,6914,66.0,68.59,0.00011,1
7253,line,7823,九州送電線_132,6928,6038,66.0,68.59,6.1e-05,1
7254,line,7824,九州電力送配電 66.0kV線,6039,6040,66.0,137.18,0.000183,1
7255,line,7825,namebind,6039,6919,66.0,274.36,0.000388,1
7256,line,7826,九州送電線_135,6702,6703,66.0,137.18,0.000131,1
7257,line,7827,九州送電線_134,6703,6041,66.0,68.59,0.000445,1
7258,line,7828,九州電力送配電 66.0kV線,6042,6888,66.0,137.18,0.000166,1
7259,line,7829,九州電力送配電 66.0kV線,6042,6227,66.0,137.18,2.7e-05,1
7260,line,7830,竹森変電所~原山変電所線,6708,6043,220.0,685.89,6e-06,1
7261,line,7831,竹森変電所~原山変電所線,6043,6954,220.0,685.89,2.8e-05,1
7262,line,7832,金の手変電所~竹森変電所線,6043,6044,220.0,1371.78,1.8e-05,1
7263,line,7833,千怒変電所~金の手変電所線,6045,6046,220.0,685.89,3e-06,0
7264,line,7834,海崎変電所~千怒変電所線,6045,6134,220.0,1371.78,1.4e-05,0
7265,line,7835,九州送電線_251,6045,6047,220.0,685.89,1e-05,0
7266,line,7836,千怒変電所~金の手変電所線,6046,6047,220.0,685.89,4e-06,0
7267,line,7837,千怒変電所~海崎変電所線,6046,6141,220.0,1371.78,1.3e-05,0
7268,line,7838,千怒変電所~金の手変電所線,6047,6048,220.0,685.89,3e-06,0
7269,line,7839,千怒変電所~金の手変電所線,6048,6049,220.0,685.89,0.000146,0
7270,line,7840,千怒変電所~原山変電所線,6048,6245,220.0,685.89,1.9e-05,1
7271,line,7841,古宮変電所~大分変電所線,6049,6244,220.0,1371.78,1e-05,0
7272,line,7842,古宮変電所~大分変電所線,6049,6147,220.0,1371.78,1e-05,0
7273,line,7843,矢部変電所~宮原変電所線,6050,6051,66.0,137.18,0.000129,1
7274,line,7844,矢部変電所~宮原変電所線,6051,6709,66.0,137.18,0.00035,1
7275,line,7845,九州送電線_141,6051,6052,66.0,68.59,4.7e-05,1
7276,line,7846,矢部変電所~宮原変電所線,6709,6924,66.0,137.18,0.001081,1
7277,line,7847,九州電力送配電 66.0kV線,6919,6053,66.0,274.36,8.5e-05,1
7278,line,7849,上野変電所~西大分変電所線,6054,6057,66.0,68.59,2.6e-05,0
7279,line,7850,九州送電線_144,6054,6055,66.0,68.59,0.000119,1
7280,line,7851,上野変電所~西大分変電所線,6056,6057,66.0,68.59,2.1e-05,1
7281,line,7852,上野変電所~大分変電所線,6057,6233,66.0,68.59,0.000419,0
7282,line,7853,namebind,6059,7017,66.0,68.59,0.00024,0
7283,line,7854,大隅志布志線,6647,6797,66.0,274.36,0.000404,0
7284,line,7855,大隅串良線,6647,6717,66.0,137.18,0.000118,1
7285,line,7856,大隅鹿屋線,6647,6771,66.0,137.18,0.000365,1
7286,line,7857,志布志福島線,6797,7081,66.0,137.18,0.000601,0
7287,line,7859,新鹿児島谷山線,6819,6579,66.0,137.18,4e-06,1
7288,line,7860,新鹿児島谷山線,6819,6064,66.0,137.18,0.000226,1
7289,line,7861,万之瀬支線,6060,6781,66.0,411.54,2.1e-05,1
7290,line,7862,枕崎青戸連系線,6060,6061,66.0,68.59,0.000675,0
7291,line,7863,新鹿児島枕崎線,6060,6836,66.0,411.54,0.000224,1
7292,line,7864,加世田分岐線,6781,6831,66.0,274.36,9.6e-05,1
7293,line,7865,新鹿児島青戸西線,6061,6728,66.0,137.18,0.000379,0
7294,line,7866,五位野分岐線,6062,6763,66.0,68.59,8e-05,1
7295,line,7867,新鹿児島青戸線,6062,6063,66.0,274.36,0.000375,0
7296,line,7868,谷山変電所~五位野変電所線,6763,6835,66.0,68.59,0.000105,1
7297,line,7869,日本石油分岐線,6063,6730,66.0,68.59,0.000848,1
7298,line,7870,新鹿児島青戸線,6063,6074,66.0,274.36,4e-05,0
7299,line,7871,新鹿児島永田線,6064,6695,66.0,137.18,7.1e-05,1
7300,line,7872,上福元町変電所~永田変電所線,6695,6731,66.0,68.59,0.000135,1
7301,line,7873,田上JR鹿児島分岐線,6734,6637,66.0,205.77,8e-06,0
7302,line,7874,鹿児島田上線,6734,6065,66.0,137.18,0.000119,0
7303,line,7875,田上紫原線,6637,6636,66.0,137.18,1e-05,0
7304,line,7876,leadin,6637,6635,66.0,68.59,4e-06,1
7305,line,7877,leadin,6637,6715,66.0,68.59,0.000172,1
7306,line,7878,原良分岐線,6065,6735,66.0,137.18,5.9e-05,1
7307,line,7879,鹿児島田上線,6065,6694,66.0,137.18,0.00024,0
7308,line,7880,北部清掃工場分岐線,6066,6602,66.0,68.59,0.000219,1
7309,line,7881,鹿児島新鹿児島線,6066,6075,66.0,137.18,0.000137,0
7310,line,7882,九州送電線_373,7016,6311,500.0,6928.2,1e-06,1
7311,line,7883,青戸山川線,6728,6827,66.0,137.18,0.000169,1
7312,line,7884,新鹿児島青戸線,6728,6074,66.0,274.36,4.5e-05,0
7313,line,7885,指宿変電所~指宿市変電所線,6067,6753,66.0,137.18,0.000104,1
7314,line,7886,指宿分岐線,6067,6748,66.0,137.18,0.00023,1
7315,line,7887,指宿分岐線,6067,6739,66.0,137.18,8e-05,1
7316,line,7888,川内串木野線,6068,6826,66.0,137.18,0.000127,1
7317,line,7889,大田北支線,6068,6736,66.0,137.18,0.000601,0
7318,line,7890,川内串木野線,6068,6070,66.0,137.18,0.00034,0
7319,line,7891,川内串木野線,6826,6742,66.0,137.18,1.9e-05,1
7320,line,7892,鹿児島滝之神線,6069,6740,66.0,137.18,0.000122,1
7321,line,7893,鹿児島清滝線,6069,6953,66.0,137.18,0.000123,1
7322,line,7894,鹿児島滝之神線;鹿児島清滝線,6069,6694,66.0,274.36,1e-05,1
7323,line,7895,滝之神変電所~上町変電所線,6740,6800,66.0,68.59,5.6e-05,1
7324,line,7896,城山観光ホテル分岐線,6953,6775,66.0,137.18,2.9e-05,1
7325,line,7897,上町変電所~名山変電所線,6800,6580,66.0,68.59,0.00017,1
7326,line,7898,大田支線,6736,6743,66.0,137.18,7.6e-05,0
7327,line,7899,大田伊作線,6736,6076,66.0,274.36,0.000118,1
7328,line,7900,川内串木野線,6498,6070,66.0,137.18,8.7e-05,0
7329,line,7901,川内電力所~入来変電所線,6498,6078,66.0,411.54,0.000136,0
7330,line,7902,九州電力送配電 66.0kV線,6498,6758,66.0,137.18,0.001202,0
7331,line,7903,平佐変電所~宮崎町変電所線,6070,7032,66.0,137.18,4.7e-05,0
7332,line,7904,青戸山川線,6748,6072,66.0,137.18,1.5e-05,1
7333,line,7905,山川地熱線,6748,6289,66.0,137.18,0.000119,1
7334,line,7906,青戸山川線,6748,6073,66.0,137.18,0.00014,1
7335,line,7907,鹿児島帖佐線,6751,6983,66.0,137.18,0.00026,0
7336,line,7908,隼人帖佐線,6751,6750,66.0,137.18,0.000129,0
7337,line,7909,鹿児島帖佐線,6983,6982,66.0,137.18,1.7e-05,0
7338,line,7910,鹿児島帖佐線,6982,6752,66.0,137.18,0.000168,0
7339,line,7911,吉野四丁目変電所~吉野変電所線,6752,6770,66.0,68.59,7.6e-05,0
7340,line,7912,霧島国分線,6071,6755,66.0,137.18,0.000148,1
7341,line,7913,霧島隼人線,6071,6088,66.0,137.18,9.7e-05,0
7342,line,7914,九州電力送配電 66.0kV線,6755,6309,66.0,205.77,6.3e-05,1
7343,line,7915,青戸山川線,6827,6747,66.0,205.77,0.0001,1
7344,line,7916,青戸山川線,6747,6820,66.0,137.18,7.9e-05,1
7345,line,7917,青戸山川線,6820,6073,66.0,137.18,0.000423,1
7346,line,7918,九州電力送配電 66.0kV線,6073,6310,66.0,68.59,4e-06,1
7347,line,7919,九州電力送配電 66.0kV線,6074,6290,66.0,68.59,3e-06,1
7348,line,7920,鹿児島新鹿児島線,6075,6694,66.0,137.18,7.1e-05,0
7349,line,7921,大田支線,6075,6940,66.0,137.18,0.000312,0
7350,line,7922,鹿児島帖佐線,6694,6770,66.0,137.18,0.000158,0
7351,line,7923,伊集院変電所~伊集院町徳重三丁目変電所線,6743,6744,66.0,68.59,6.8e-05,1
7352,line,7924,大田支線,6743,6812,66.0,137.18,9e-05,0
7353,line,7925,大田支線,6812,6940,66.0,137.18,0.000131,0
7354,line,7926,leadin,6076,7027,66.0,68.59,0.000119,1
7355,line,7927,大田伊作線,6076,6737,66.0,274.36,0.000207,1
7356,line,7928,川内電力所~運動公園町変電所線,6497,6077,220.0,2743.57,1.1e-05,1
7357,line,7929,川内電力所~運動公園町変電所線,6077,6760,220.0,2743.57,2e-06,1
7358,line,7930,運動公園町変電所~国分寺町変電所線,6077,6882,220.0,1371.78,9e-06,1
7359,line,7931,運動公園町変電所~薩摩川内市変電所線,6760,6761,220.0,685.89,3e-06,1
7360,line,7932,入来変電所~轟町変電所線,6078,6758,66.0,68.59,0.000998,0
7361,line,7933,九州電力送配電 66.0kV線,6078,6759,66.0,137.18,6.2e-05,1
7362,line,7934,本城川国分線,6079,6080,66.0,137.18,0.000189,1
7363,line,7935,本城川国分線,6080,6776,66.0,137.18,0.000633,1
7364,line,7936,九州電力送配電 66.0kV線,6080,6092,66.0,137.18,8.9e-05,1
7365,line,7937,笠之原町変電所~本城川変電所線,6776,6767,66.0,205.77,0.000663,1
7366,line,7938,都城鷹尾線・都城川東線,6644,6082,66.0,411.54,1.1e-05,0
7367,line,7939,都城変電所~志和池変電所線,6644,6769,66.0,68.59,0.000604,1
7368,line,7940,都城日南線・都城川東線,6082,6085,66.0,274.36,6.6e-05,0
7369,line,7941,都城鷹尾線,6082,6756,66.0,137.18,0.000102,1
7370,line,7942,九州電力送配電 66.0kV線,6759,6083,66.0,548.71,5e-06,1
7371,line,7943,九州電力送配電 66.0kV線,6759,6084,66.0,274.36,1.4e-05,1
7372,line,7944,加世田分岐線,6831,6726,66.0,274.36,2e-06,1
7373,line,7945,都城川東線,6085,6757,66.0,137.18,2.2e-05,1
7374,line,7946,都城日南線・都北分岐線,6085,6086,66.0,274.36,2.4e-05,0
7375,line,7947,都城日南線,6086,6795,66.0,274.36,0.000704,0
7376,line,7948,都北分岐線,6086,6762,66.0,137.18,4.7e-05,1
7377,line,7949,都城日南線,6795,6764,66.0,274.36,0.00013,1
7378,line,7950,福島飫肥線,6795,7081,66.0,274.36,0.000637,0
7379,line,7951,都北変電所~沖水変電所線,6762,6956,66.0,68.59,2.7e-05,1
7380,line,7952,都城鷹尾線,6756,6805,66.0,205.77,4e-06,1
7381,line,7953,九州送電線_155,6087,6088,66.0,68.59,3.1e-05,1
7382,line,7954,霧島隼人線,6088,7026,66.0,274.36,5.6e-05,0
7383,line,7955,大霧えびの線,6089,6774,66.0,137.18,0.000503,1
7384,line,7956,菱刈鉱山分岐線,6089,6090,66.0,137.18,5.5e-05,1
7385,line,7957,菱刈鉱山分岐線,6090,6091,66.0,137.18,8.4e-05,1
7386,line,7958,九州電力送配電 66.0kV線,6090,6315,66.0,68.59,2.8e-05,1
7387,line,7959,菱刈鉱山分岐線,6091,6847,66.0,137.18,0.000225,1
7388,line,7960,九州電力送配電 66.0kV線,6091,6947,66.0,68.59,0.000227,1
7389,line,7962,柏田変電所~宮崎変電所線,6491,6156,66.0,274.36,0.000234,0
7390,line,7963,柏田平原線,6491,6817,66.0,137.18,0.000297,1
7391,line,7964,九州電力 橘変電所~有家変電所線,7021,7020,66.0,137.18,0.000599,0
7392,line,7965,有家変電所~九州電力 島原変電所線,7020,7024,66.0,137.18,0.000848,0
7393,line,7966,古開作変電所~高森線,5290,4609,110.0,685.89,7e-05,0
7394,line,7967,古開作変電所~高森線,7077,4608,220.0,2743.57,3e-06,0
7395,line,7968,九州送電線_381,4608,6314,110.0,342.95,0.000184,1
7396,line,7969,新徳山変電所~下松発電所線,6624,6629,220.0,1371.78,7e-06,0
7397,line,7970,宇部高千帆線,4615,6784,66.0,274.36,1.5e-05,0
7398,line,7971,高千帆厚狭線,6784,6788,66.0,137.18,0.000244,0
7399,line,7972,小月厚狭線,6788,4617,66.0,137.18,0.000108,0
7400,line,7973,小月厚狭線,4616,6790,66.0,205.77,1.4e-05,0
7401,line,7974,米ノ津変電所~高尾野変電所線,6095,6792,66.0,137.18,0.000156,1
7402,line,7975,九州送電線_329,6095,6957,66.0,68.59,0.000558,1
7403,line,7976,高尾野変電所~長島町変電所線,6792,6793,66.0,68.59,0.001216,1
7404,line,7977,高尾野変電所~塩浜町一丁目変電所線,6792,6848,66.0,137.18,0.000559,1
7405,line,7978,新鹿児島枕崎線,6836,6727,66.0,411.54,1.2e-05,1
7406,line,7979,田上紫原線,6636,6096,66.0,137.18,2.2e-05,0
7407,line,7980,leadin,6096,6634,66.0,68.59,8e-05,1
7408,line,7981,福島飫肥線・志布志福島線,7081,6796,66.0,274.36,1.3e-05,1
7409,line,7982,九州送電線_162,6097,6797,66.0,68.59,0.000101,1
7410,line,7983,高山川支線,6798,6098,66.0,137.18,0.00054,1
7411,line,7984,雄川鹿屋線,6098,6799,66.0,137.18,0.000912,1
7412,line,7985,雄川鹿屋線,6098,6771,66.0,137.18,0.000156,1
7413,line,7986,需要家線,6799,6317,66.0,68.59,3.9e-05,1
7414,line,7987,九州電力送配電 66.0kV線,6099,6803,66.0,68.59,8.6e-05,0
7415,line,7988,柏田変電所~清水変電所線,6099,6844,66.0,137.18,0.000117,1
7416,line,7989,都城大隅線,6741,6862,110.0,342.95,4.5e-05,0
7417,line,7990,都城大隅線・都城日南線,6741,6643,110.0,685.89,4.5e-05,0
7418,line,7991,青島変電所~南宮崎変電所線,6100,6101,66.0,137.18,1.5e-05,1
7419,line,7992,清武町正手一丁目変電所~田野変電所線,6100,6804,66.0,68.59,0.000744,1
7420,line,7993,青島変電所~南宮崎変電所線,6100,6802,66.0,137.18,0.000213,1
7421,line,7994,清武町正手一丁目変電所~清武町新町二丁目変電所線,6101,6843,66.0,68.59,0.000186,1
7422,line,7995,青島変電所~南宮崎変電所線,6101,6253,66.0,137.18,1.7e-05,1
7423,line,7996,清武町正手一丁目変電所~清武町新町二丁目変電所線,6843,6842,66.0,68.59,3.7e-05,1
7424,line,7998,東山代町長浜変電所~山代変電所線,7054,6103,220.0,685.89,1.2e-05,1
7425,line,7999,東山代町長浜変電所~山代変電所線,6103,6104,220.0,685.89,2e-06,0
7426,line,8000,山代変電所~伊万里変電所線,6103,7051,500.0,1524.2,5e-06,0
7427,line,8001,山代変電所~伊万里変電所線,6103,6201,220.0,685.89,5.1e-05,0
7428,line,8002,山代変電所~九州電力　日宇変電所線,6104,7052,220.0,685.89,4e-06,0
7429,line,8003,船場町変電所~大王町一丁目変電所線,6105,6106,110.0,102.88,0.000157,1
7430,line,8004,日向変電所~大王町一丁目変電所線,6106,6962,110.0,171.47,1.7e-05,0
7431,line,8005,大王町一丁目変電所~船場町変電所線,6106,6878,110.0,171.47,3e-05,0
7432,line,8006,九州電力送配電 66.0kV線,6107,6108,66.0,68.59,2.1e-05,1
7433,line,8007,大字和気変電所~杵築市変電所線,6108,6961,66.0,411.54,3.3e-05,0
7434,line,8008,霧島隼人線,6725,6749,66.0,137.18,6e-06,0
7435,line,8009,隼人帖佐線,6725,6750,66.0,137.18,0.000349,0
7436,line,8010,霧島隼人線,7026,6749,66.0,137.18,2.7e-05,0
7437,line,8011,九州送電線_349,6110,6304,66.0,137.18,2e-06,1
7438,line,8012,北長崎変電所~京泊一丁目変電所線,6110,6846,66.0,68.59,0.000544,1
7439,line,8013,坂本三丁目変電所~長与変電所線,6111,6112,66.0,68.59,0.000332,0
7440,line,8014,宮崎変電所~細野変電所線,6113,6114,110.0,342.95,0.000166,1
7441,line,8015,九州電力送配電 110.0kV線,6113,6115,110.0,342.95,8e-06,1
7442,line,8016,九州電力送配電 110.0kV線,6113,6116,110.0,342.95,0.000194,1
7443,line,8017,宮崎変電所~細野変電所線,6114,6931,110.0,342.95,0.000107,1
7444,line,8018,九州送電線_311,6114,6955,110.0,171.47,8.3e-05,1
7445,line,8019,九州電力送配電 110.0kV線,6115,6267,110.0,171.47,2e-06,0
7446,line,8020,九州電力送配電 110.0kV線,6115,6266,110.0,171.47,3e-06,0
7447,line,8024,九州電力 愛野変電所~九州電力 島原変電所線,6117,7024,66.0,68.59,0.000535,0
7448,line,8025,大三東分岐線,6117,7023,66.0,137.18,0.000179,1
7449,line,8026,武雄変電所~大村変電所線,7018,6119,66.0,137.18,0.000226,0
7450,line,8027,武雄変電所~大村変電所線,6119,6120,220.0,411.54,0.000438,0
7451,line,8028,嬉野市変電所~東佐世保変電所線,6119,6246,66.0,137.18,0.000442,1
7452,line,8029,九州送電線_362,6120,6219,220.0,685.89,3.1e-05,0
7453,line,8030,九州送電線_362,6120,6967,220.0,685.89,4e-06,0
7454,line,8031,大村変電所~武雄変電所線,6968,6967,220.0,2057.68,1e-06,1
7455,line,8032,大村変電所~武雄変電所線,6967,6121,220.0,1371.78,6e-06,0
7456,line,8033,大村変電所~武雄変電所線,6121,6122,220.0,1371.78,6.8e-05,0
7457,line,8034,大村変電所~堂崎町変電所線,6121,6221,220.0,685.89,9.9e-05,0
7458,line,8035,leadin,6122,7069,220.0,685.89,1e-05,1
7459,line,8036,菊池変電所~川辺変電所線,6123,6815,66.0,274.36,0.000215,1
7460,line,8037,九州電力送配電 66.0kV線,6123,6281,66.0,274.36,6.7e-05,1
7461,line,8038,九州電力送配電 66.0kV線,6123,6282,66.0,205.77,0.000128,1
7462,line,8039,安瀬変電所~若松区変電所線,6906,5348,110.0,171.47,8e-06,0
7463,line,8040,安瀬変電所~響町二丁目変電所線,6906,6124,110.0,171.47,4.7e-05,1
7464,line,8041,人吉木上線,6125,6823,66.0,274.36,5.6e-05,1
7465,line,8042,九州電力送配電 66.0kV線,6125,6880,66.0,137.18,8.7e-05,1
7466,line,8043,多良木変電所~木上変電所線,6823,6264,66.0,205.77,0.001246,1
7467,line,8044,都城変電所~宮崎変電所線,6643,6126,110.0,685.89,0.000172,1
7468,line,8045,九州電力送配電 110.0kV線,6126,6266,110.0,171.47,4e-06,0
7469,line,8046,九州電力送配電 110.0kV線,6126,6267,110.0,171.47,5e-06,0
7470,line,8047,川内火力線,6127,6128,220.0,685.89,0.0,0
7471,line,8048,kyushu_line_1387,6127,6130,220.0,685.89,0.0,0
7472,line,8049,kyushu_line_1388,6128,6130,220.0,685.89,0.0,0
7473,line,8050,九州送電線_524,6129,6131,220.0,1371.78,1.2e-05,0
7474,line,8051,川内原子力支線,7057,6131,220.0,1371.78,6e-06,0
7475,line,8052,洞海変電所~東畑変電所線,6908,6909,66.0,137.18,9e-06,1
7476,line,8053,leadin,6908,5350,66.0,68.59,0.000123,1
7477,line,8054,namebind,6908,6902,66.0,137.18,0.000231,1
7478,line,8055,海崎変電所~千怒変電所線,6132,6133,220.0,1371.78,6e-06,0
7479,line,8056,海崎変電所~東九州変電所線,6132,6852,220.0,2057.68,6e-06,1
7480,line,8057,海崎変電所~千怒変電所線,6133,6134,220.0,1371.78,7e-06,0
7481,line,8058,千怒変電所~海崎変電所線,6133,6141,220.0,1371.78,6e-06,0
7482,line,8059,九州送電線_179,6134,6141,220.0,1371.78,2e-06,0
7483,line,8060,九州送電線_179,6134,7083,220.0,1371.78,1.3e-05,1
7484,line,8061,鶴岡西町一丁目変電所~海崎変電所線,6852,7019,220.0,685.89,2.7e-05,1
7485,line,8062,田の浦町変電所~海崎変電所線,6852,7067,220.0,685.89,1.6e-05,1
7486,line,8063,宮原変電所~水俣変電所線,6861,6202,66.0,137.18,0.001687,0
7487,line,8064,小田浦変電所~新水俣変電所線,6861,6210,66.0,137.18,7.2e-05,0
7488,line,8065,菰屋変電所~荒尾変電所線,6135,6136,66.0,68.59,0.000182,1
7489,line,8066,九州送電線_201,6136,6184,66.0,68.59,0.000137,1
7490,line,8067,大町分岐線,6937,6137,66.0,137.18,0.000255,0
7491,line,8068,東多久武雄線,6937,6251,66.0,137.18,9.8e-05,0
7492,line,8069,大町分岐線,6137,6942,66.0,137.18,2.1e-05,0
7493,line,8070,白石分岐線,6137,6287,66.0,137.18,6.8e-05,1
7494,line,8071,山代変電所~久原変電所線,7051,6138,500.0,3464.1,2e-06,0
7495,line,8072,山代変電所~久原変電所線,6138,7055,500.0,3464.1,2e-06,1
7496,line,8073,吉井町大渡変電所~九州電力(株)志佐変電所線,6139,6713,66.0,68.59,0.00014,1
7497,line,8074,九州送電線_224,6139,6224,66.0,68.59,4.5e-05,1
7498,line,8075,leadin,6566,7028,220.0,685.89,5e-06,1
7499,line,8076,長谷変電所~厳木町本山変電所線,6566,6140,220.0,685.89,5.8e-05,1
7500,line,8077,九州送電線_226,6140,6945,220.0,1371.78,1.4e-05,1
7501,line,8079,九州送電線_182,6142,6143,220.0,685.89,4e-06,0
7502,line,8080,九州送電線_248,6142,6145,220.0,685.89,6e-06,0
7503,line,8081,九州送電線_182,6143,6144,220.0,685.89,1e-05,1
7504,line,8082,三重変電所~千歳町柴山変電所線,6887,6886,66.0,68.59,0.000928,1
7505,line,8083,九州送電線_184,6146,6147,220.0,685.89,1e-05,1
7506,line,8084,古宮変電所~大分変電所線,6147,6241,220.0,1371.78,7e-06,0
7507,line,8085,有木変電所~下有木変電所線,6913,6912,66.0,137.18,2.9e-05,1
7508,line,8086,二島浅川線,6150,6813,66.0,137.18,0.000108,1
7509,line,8087,二島浅川線;二島折尾線,6150,6905,66.0,274.36,3.8e-05,0
7510,line,8088,leadin,6152,6716,66.0,68.59,8e-05,1
7511,line,8089,海老津分岐線,6152,7059,66.0,137.18,2.9e-05,1
7512,line,8090,桜ケ丘町変電所~折尾変電所線,6948,6569,66.0,68.59,6.7e-05,1
7513,line,8091,桜ケ丘町変電所~折尾変電所線,6569,6153,66.0,68.59,3.3e-05,1
7514,line,8092,九州送電線_189,6154,6973,66.0,68.59,0.000224,1
7515,line,8093,九州電力 志岐変電所~九州電力 一の勢変電所線,6154,6974,66.0,68.59,0.000887,1
7516,line,8094,九州電力 一の勢変電所~天草市変電所線,6155,6974,66.0,274.36,2e-05,1
7517,line,8095,九州電力 一の勢変電所~天草市変電所線,6155,6972,66.0,274.36,0.00041,1
7518,line,8096,九州電力 一の勢変電所~天草市変電所線,6972,6849,66.0,274.36,0.000379,1
7519,line,8097,柏田変電所~宮崎変電所線,6156,6256,66.0,274.36,0.000377,1
7520,line,8098,九州電力送配電 66.0kV線,6156,6877,66.0,137.18,0.000184,0
7521,line,8099,財光寺変電所~九州電力 高鍋変電所線,6157,6159,66.0,137.18,0.000543,0
7522,line,8100,九州電力送配電 66.0kV線,6157,6463,66.0,205.77,0.000504,0
7523,line,8101,九州電力 高鍋変電所~蚊口浦変電所線,6157,6874,66.0,68.59,0.000408,1
7524,line,8102,九州電力送配電 66.0kV線,6158,6866,66.0,137.18,4e-05,1
7525,line,8103,財光寺変電所~九州電力 高鍋変電所線,6158,6159,66.0,137.18,0.000987,0
7526,line,8104,日向財光寺線,6158,6865,66.0,68.59,0.000505,0
7527,line,8105,九州電力送配電 66.0kV線,6159,6265,66.0,68.59,0.000368,1
7528,line,8106,大王町一丁目変電所~船場町変電所線,6878,6963,66.0,68.59,0.000122,0
7529,line,8107,九州送電線_190,6160,6161,66.0,68.59,0.000604,1
7530,line,8108,九州送電線_196,6160,6162,66.0,137.18,0.000183,1
7531,line,8109,九州送電線_196,6160,6171,66.0,137.18,0.000269,1
7532,line,8111,九州送電線_192,6162,6163,66.0,68.59,8.2e-05,1
7533,line,8112,九州送電線_196,6162,6170,66.0,137.18,0.000453,1
7534,line,8113,九州電力送配電 66.0kV線,6164,6165,66.0,68.59,0.000167,1
7535,line,8114,九州電力送配電 66.0kV線,6165,6169,66.0,137.18,0.000322,1
7536,line,8115,九州電力送配電 66.0kV線,6165,6868,66.0,137.18,0.000151,1
7537,line,8116,塚原高千穂線,6867,6876,110.0,685.89,0.000183,0
7538,line,8117,塚原諸塚線,6876,6178,110.0,514.42,2.7e-05,0
7539,line,8118,leadin,6166,6868,66.0,137.18,0.00056,1
7540,line,8119,菅原高千穂線,6166,6167,66.0,137.18,0.000368,1
7541,line,8120,九州電力送配電 66.0kV線,6166,6263,66.0,68.59,6.8e-05,1
7542,line,8121,九州電力送配電 66.0kV線,6167,6262,66.0,68.59,2.2e-05,1
7543,line,8122,菅原高千穂線,6167,6168,66.0,137.18,7.7e-05,1
7544,line,8123,延岡変電所~高千穂変電所線,6868,6871,66.0,137.18,0.001946,0
7545,line,8127,新日向延岡線,6170,6174,66.0,137.18,0.000191,1
7546,line,8128,新日向延岡線,6170,6869,66.0,205.77,9.2e-05,1
7547,line,8129,九州送電線_199,6869,6172,66.0,68.59,0.000189,1
7548,line,8130,旭町三丁目変電所~延岡変電所線,6869,6173,66.0,68.59,0.000227,1
7549,line,8131,旭町三丁目変電所~恒富変電所線,6871,6870,66.0,68.59,0.000145,0
7550,line,8132,恒富分岐線;新日向恒富線,6870,6180,66.0,274.36,2.4e-05,0
7551,line,8133,恒富分岐線,6174,6180,66.0,137.18,0.000158,0
7552,line,8134,諸塚町変電所~新日向変電所線,6175,6176,66.0,68.59,0.000549,1
7553,line,8135,九州電力送配電 66.0kV線,6176,6254,66.0,137.18,1.5e-05,1
7554,line,8136,塚原諸塚線,6177,6178,110.0,171.47,3.4e-05,1
7555,line,8137,塚原日向線,6178,6864,110.0,685.89,0.000245,0
7556,line,8138,日向変電所~大王町一丁目変電所線,6864,6962,110.0,342.95,1e-05,0
7557,line,8139,三池変電所~荒尾変電所線,6181,6182,110.0,171.47,6.3e-05,0
7558,line,8140,三池変電所~荒尾変電所線,6181,6183,110.0,342.95,2.4e-05,0
7559,line,8141,三池変電所~荒尾変電所線,6182,6183,110.0,342.95,7e-06,0
7560,line,8142,三池変電所~荒尾変電所線,6182,6828,110.0,514.42,7.2e-05,0
7561,line,8143,leadin,6183,6821,110.0,171.47,3.1e-05,1
7562,line,8144,TDK 66.0kV線,6185,6186,66.0,137.18,0.000471,1
7563,line,8145,TDK 66.0kV線,6185,6271,66.0,274.36,1.3e-05,0
7564,line,8146,leadin,6892,6273,66.0,137.18,0.000158,0
7565,line,8147,leadin,6935,6187,66.0,137.18,5.1e-05,1
7566,line,8148,九州送電線_205,6188,6189,66.0,68.59,0.00014,1
7567,line,8149,武雄変電所~伊万里変電所線,6188,6190,66.0,68.59,0.000512,1
7568,line,8150,武雄変電所~伊万里変電所線,6188,6191,66.0,68.59,0.000464,1
7569,line,8151,東多久武雄線,6190,6286,66.0,137.18,5.3e-05,0
7570,line,8152,九州送電線_206,7029,6192,66.0,68.59,0.000666,1
7571,line,8153,九州送電線_209,6195,6196,66.0,68.59,0.000499,1
7572,line,8154,九州送電線_211,6197,6198,66.0,68.59,0.000141,1
7573,line,8155,伊万里土谷線,6197,6199,66.0,137.18,0.000492,0
7574,line,8156,伊万里土谷線,6197,6225,66.0,137.18,0.00027,0
7575,line,8157,武雄変電所~伊万里変電所線,6199,6201,66.0,274.36,2.4e-05,0
7576,line,8158,武雄変電所~伊万里変電所線,6199,6938,66.0,274.36,1.2e-05,1
7577,line,8159,leadin,6200,6971,66.0,68.59,4.6e-05,1
7578,line,8160,武雄変電所~伊万里変電所線,6200,6201,66.0,274.36,0.000253,0
7579,line,8161,宮原変電所~水俣変電所線,6202,6203,66.0,137.18,0.000776,0
7580,line,8162,敷川内町変電所~八代変電所線,6202,6205,110.0,102.88,0.000367,0
7581,line,8163,宮原変電所~井上町変電所線,6203,7085,66.0,68.59,0.001069,0
7582,line,8164,九州送電線_214,6951,6212,66.0,68.59,4.7e-05,1
7583,line,8165,小田浦変電所~井上町変電所線,6951,6204,66.0,68.59,0.001853,0
7584,line,8166,小田浦変電所~新水俣変電所線,6951,6885,66.0,137.18,0.00027,0
7585,line,8167,八代変電所~新坂本変電所線,6204,6209,66.0,68.59,3.8e-05,1
7586,line,8168,九州送電線_213,6205,6857,110.0,171.47,6.3e-05,0
7587,line,8169,九州送電線_219,6206,6214,220.0,685.89,2e-06,0
7588,line,8170,九州送電線_222,6206,7084,220.0,685.89,1.4e-05,0
7589,line,8171,八代変電所~新坂本変電所線,6207,6208,66.0,68.59,0.000103,1
7590,line,8172,小田浦変電所~新水俣変電所線,6885,6210,66.0,137.18,0.000591,0
7591,line,8173,leadin,6848,6884,66.0,68.59,3.3e-05,1
7592,line,8175,諫早変電所~長与変電所線,6213,6222,220.0,1371.78,2.4e-05,0
7593,line,8176,諫早変電所~長与変電所線,6213,6681,220.0,1371.78,3.1e-05,0
7594,line,8177,井上町変電所~宮原変電所線,6214,6923,220.0,685.89,2.9e-05,0
7595,line,8178,九州送電線_219,6214,6215,220.0,1371.78,2e-05,1
7596,line,8179,大村変電所~諫早変電所線,6219,6220,220.0,685.89,1.6e-05,0
7597,line,8180,九州送電線_253,6219,6249,220.0,685.89,8e-06,1
7598,line,8181,大村変電所~諫早変電所線,6220,6221,220.0,685.89,5.5e-05,0
7599,line,8182,九州送電線_532,6220,6329,220.0,685.89,7e-06,1
7600,line,8183,八代変電所~井上町変電所線,7084,6856,220.0,685.89,3e-06,0
7601,line,8184,原変電所~浜玉町横田上変電所線,7030,6946,220.0,685.89,4.5e-05,1
7602,line,8185,九州電力送配電 66.0kV線,6225,6226,66.0,137.18,0.000143,1
7603,line,8186,伊万里土谷線,6225,6939,66.0,137.18,8.2e-05,0
7604,line,8187,長府支線;長府線,7050,4830,66.0,68.59,1.1e-05,0
7605,line,8188,下関小月線,7050,4677,66.0,205.77,7.6e-05,0
7606,line,8189,下関小月線,4677,6790,66.0,137.18,0.000297,0
7607,line,8190,九州電力送配電 110.0kV線,6231,6901,110.0,342.95,1.2e-05,1
7608,line,8191,九州送電線_279,6901,6276,110.0,171.47,5.7e-05,1
7609,line,8192,穴生分岐線,6904,6903,66.0,137.18,1.3e-05,1
7610,line,8193,桜ケ丘町変電所~八幡西区変電所線,6948,6949,66.0,68.59,4.3e-05,1
7611,line,8195,上野変電所~大分変電所線,6233,6234,66.0,68.59,1.9e-05,0
7612,line,8196,九州送電線_243,6233,6235,66.0,68.59,1.8e-05,0
7613,line,8197,上野変電所~大分変電所線,6234,6235,66.0,68.59,1.8e-05,0
7614,line,8198,九州送電線_244,6234,6236,66.0,68.59,0.000136,1
7615,line,8199,leadin,6237,7041,66.0,137.18,4.4e-05,0
7616,line,8200,東大分線;東大分鶴崎線,6237,7038,66.0,137.18,3.5e-05,0
7617,line,8201,需要家線,6237,6238,66.0,205.77,1.5e-05,1
7618,line,8202,九州送電線_245,6239,6240,220.0,685.89,1e-06,1
7619,line,8203,九州送電線_246,6239,6241,220.0,685.89,9e-06,1
7620,line,8204,九州送電線_246,6239,6242,220.0,685.89,7e-06,1
7621,line,8205,古宮変電所~大分変電所線,6241,6243,220.0,1371.78,6e-06,0
7622,line,8206,九州送電線_247,6243,6966,220.0,685.89,7e-06,1
7623,line,8207,leadin,6966,6965,220.0,685.89,0.0,1
7624,line,8208,新大分変電所~古宮変電所線,6244,7071,220.0,685.89,6e-05,1
7625,line,8212,九州送電線_534,7071,6330,220.0,685.89,1.6e-05,1
7626,line,8213,leadin,6882,6883,220.0,685.89,1e-06,1
7627,line,8214,九州送電線_252,6246,6247,66.0,68.59,7.7e-05,1
7628,line,8215,嬉野市変電所~東佐世保変電所線,6246,6248,66.0,137.18,2.9e-05,1
7629,line,8217,九州送電線_255,6334,6251,66.0,68.59,9.1e-05,1
7630,line,8218,東多久武雄線,6251,6286,66.0,137.18,0.000112,0
7631,line,8219,leadin,6253,6818,66.0,68.59,8.1e-05,1
7632,line,8221,久留米分岐線,6545,6342,220.0,1371.78,2e-06,0
7633,line,8223,九州電力送配電 110.0kV線,6257,6258,110.0,342.95,1e-06,1
7634,line,8224,田代八重線,6258,6261,110.0,171.47,0.000261,1
7635,line,8225,三財線,6258,6259,110.0,342.95,0.000312,1
7636,line,8226,立花線,6259,6260,110.0,171.47,0.000154,1
7637,line,8227,日向富高線,6879,6865,66.0,137.18,5.1e-05,1
7638,line,8228,日向変電所~大王町一丁目変電所線,6865,6963,66.0,68.59,5.6e-05,0
7639,line,8230,kyushu_line_1576,6266,6267,110.0,171.47,1e-06,0
7640,line,8231,TDK 66.0kV線,6268,6269,66.0,68.59,5e-06,0
7641,line,8232,TDK 66.0kV線,6268,6270,66.0,68.59,5e-06,0
7642,line,8233,TDK 66.0kV線,6268,6271,66.0,137.18,2.6e-05,0
7643,line,8234,kyushu_line_1580,6269,6272,66.0,68.59,1e-06,0
7644,line,8235,kyushu_line_1581,6269,6273,66.0,68.59,2e-06,0
7645,line,8236,TDK 66.0kV線,6270,6271,66.0,137.18,2.8e-05,0
7646,line,8238,kyushu_line_1584,6272,6273,66.0,68.59,2e-06,0
7647,line,8239,二島浅川線;二島折尾線,6900,6905,66.0,274.36,1.8e-05,0
7648,line,8240,三角変電所~大矢野変電所線,6921,6922,66.0,137.18,0.000274,1
7649,line,8241,熊本上椎葉線,6669,6930,66.0,68.59,0.000109,0
7650,line,8242,九州電力送配電 66.0kV線,6281,6932,66.0,274.36,6.2e-05,1
7651,line,8243,九州電力送配電 66.0kV線,6281,6283,66.0,68.59,9.5e-05,1
7652,line,8244,九州送電線_546,6284,6333,66.0,68.59,6e-06,1
7653,line,8245,namebind,6284,7080,66.0,68.59,0.000326,0
7654,line,8246,厳木町本山変電所~東多久変電所線,6284,6285,66.0,68.59,0.000261,0
7655,line,8247,九州送電線_547,6285,7080,66.0,68.59,0.000155,0
7656,line,8248,leadin,6286,7061,66.0,68.59,0.000135,1
7657,line,8249,大鶴分岐線,6936,6939,66.0,137.18,0.000227,0
7658,line,8250,白石分岐線,6554,6287,66.0,137.18,0.000148,1
7659,line,8251,leadin,6287,7060,66.0,68.59,0.000199,1
7660,line,8252,南さつま市変電所~寿町変電所線,6944,6836,66.0,68.59,0.000385,1
7661,line,8265,九州送電線_324,6612,4703,220.0,685.89,2e-05,0
7662,line,8266,九州送電線_325,6612,4704,220.0,685.89,1.9e-05,0
7663,line,8267,下関変電所~長府変電所線,6466,7049,110.0,171.47,8.3e-05,0
7664,line,8268,福陵変電所~大濠変電所線,6988,6980,66.0,68.59,0.000283,0
7665,line,8269,大濠西新線,6988,6837,66.0,137.18,8.5e-05,0
7666,line,8270,大濠変電所~九州電力 赤坂変電所線,6988,6420,66.0,68.59,2.7e-05,0
7667,line,8271,九州電力送配電 66.0kV線,7073,6977,66.0,205.77,5e-06,0
7668,line,8272,福陵姪浜線,7073,6980,66.0,137.18,0.000142,0
7669,line,8273,百道姪浜線,6977,6978,66.0,137.18,4.9e-05,0
7670,line,8274,西新百道線,6978,6987,66.0,137.18,8.4e-05,0
7671,line,8275,七隈福陵線,6980,7074,66.0,137.18,6.9e-05,0
7672,line,8276,七隈変電所~茶山変電所線,7074,6986,66.0,68.59,6e-05,1
7673,line,8277,今川橋変電所~西新変電所線,6987,6837,66.0,205.77,1.1e-05,0
7674,line,8278,西福岡赤坂線,6469,6471,220.0,2743.57,1e-06,0
7675,line,8279,西福岡赤坂線,6471,6419,220.0,2743.57,6e-06,0
7676,line,8280,九州電力 赤坂変電所~須崎変電所線,6419,6650,220.0,1371.78,2e-06,0
7677,line,8281,中尾分岐線,6291,6996,66.0,137.18,7.4e-05,1
7678,line,8282,赤坂百道線,6420,6989,66.0,274.36,1.3e-05,0
7679,line,8283,赤坂百道線,6989,6992,66.0,137.18,8.9e-05,1
7680,line,8284,荒戸変電所~須崎変電所線,6989,6651,66.0,68.59,2.8e-05,0
7681,line,8285,赤坂百道線,6992,6979,66.0,137.18,4.2e-05,1
7682,line,8286,地行No.6配電塔~地行No.16配電塔線,6992,6557,66.0,68.59,3e-05,1
7683,line,8287,九州電力 赤坂変電所~須崎変電所線,6650,6990,220.0,1371.78,2e-06,0
7684,line,8288,荒戸変電所~須崎変電所線,6651,6991,66.0,68.59,3.6e-05,0
7685,line,8289,須崎変電所~古門戸変電所線,6990,6998,220.0,685.89,5e-06,0
7686,line,8290,須崎変電所~渡辺通変電所線,6990,6292,220.0,685.89,2e-06,1
7687,line,8291,渡辺通変電所~須崎変電所線,6990,6305,220.0,685.89,3e-06,1
7688,line,8292,九州電力 土井町変電所~古門戸変電所線,6998,6575,66.0,68.59,6.2e-05,0
7689,line,8293,九州電力 住吉変電所~古門戸変電所線,6998,6414,66.0,68.59,6.6e-05,0
7690,line,8294,九州電力 住吉変電所~渡辺通変電所線,6414,6295,66.0,68.59,3.8e-05,1
7691,line,8295,九州電力 住吉変電所~九州電力 土井町変電所線,6414,6575,66.0,68.59,5.8e-05,0
7692,line,8296,九州電力 住吉変電所~九州電力 堅粕変電所線,6414,6415,220.0,205.77,5.6e-05,0
7693,line,8297,渡辺通変電所~九州電力 住吉変電所線,6414,6993,66.0,68.59,3.2e-05,0
7694,line,8298,渡辺通変電所~九州電力 住吉変電所線,6993,6294,66.0,137.18,1.9e-05,1
7695,line,8299,九州電力送配電 66.0kV線,6296,6416,66.0,205.77,1.1e-05,0
7696,line,8300,堅粕竹下線,6296,6832,66.0,68.59,0.000101,0
7697,line,8301,和白分岐線,6487,6421,66.0,137.18,4.2e-05,1
7698,line,8302,leadin,6298,6562,66.0,68.59,7.6e-05,1
7699,line,8303,名島二丁目変電所~九州電力箱崎浜変電所線,6298,6299,66.0,137.18,1.4e-05,0
7700,line,8304,九州電力箱崎浜変電所~名島二丁目変電所線,6298,6300,66.0,68.59,4e-05,0
7701,line,8305,名島二丁目変電所~九州電力箱崎浜変電所線,6299,6300,66.0,137.18,6e-06,0
7702,line,8306,leadin,6299,6563,66.0,68.59,0.000104,1
7703,line,8307,名島二丁目変電所~九州電力箱崎浜変電所線,6300,6810,66.0,274.36,1.1e-05,1
7704,line,8308,九州電力箱崎浜変電所~東浜変電所線,6810,6999,66.0,68.59,0.000121,1
7705,line,8309,東浜変電所~福岡市交通局 箱崎変電所線,6999,6525,66.0,68.59,7.8e-05,0
7706,line,8310,東浜変電所~古門戸変電所線,6999,6998,66.0,68.59,0.000164,0
7707,line,8311,箱崎変電所~福岡市交通局 箱崎変電所線,6525,6654,66.0,137.18,1.6e-05,0
7708,line,8312,福岡市交通局 箱崎変電所~東区変電所線,6525,6943,66.0,68.59,4.4e-05,1
7709,line,8313,竹下変電所~板付変電所線,6832,6301,66.0,205.77,2.7e-05,1
7710,line,8314,竹下メグミルク線,6301,7007,66.0,68.59,1.8e-05,1
7711,line,8315,竹下変電所~板付変電所線,6301,6302,66.0,205.77,2.3e-05,1
7712,line,8316,紅葉ヶ丘西三丁目変電所~弥永五丁目変電所線,6568,7004,66.0,205.77,1.5e-05,0
7713,line,8317,那の川変電所~九州電力 蓑島変電所線,6995,6418,66.0,68.59,4.1e-05,0
7714,line,8318,九州送電線_390,7075,4826,110.0,171.47,1.2e-05,0
7715,line,8319,leadin,7075,4827,110.0,342.95,1.9e-05,0
7716,line,8320,九州送電線_358,6853,6306,66.0,68.59,0.000125,1
7717,line,8321,九州送電線_365,6307,7067,220.0,1371.78,2e-06,1
7718,line,8322,九州送電線_367,6308,6771,66.0,68.59,5.5e-05,1
7719,line,8323,名山変電所~天文館変電所線,6580,7006,66.0,68.59,6.7e-05,1
7720,line,8324,leadin,6580,6711,66.0,68.59,0.000115,1
7721,line,8325,清滝変電所~鴨池変電所線,6958,6608,66.0,68.59,0.000116,1
7722,line,8326,九州送電線_384,6490,6316,220.0,685.89,6e-06,1
7723,line,8328,九州送電線_387,7076,5508,110.0,342.95,4e-06,0
7724,line,8329,九州送電線_405,6799,6318,66.0,68.59,6.7e-05,1
7725,line,8330,九州送電線_406,6799,6319,66.0,68.59,0.000513,1
7726,line,8331,長府支線;長府線,7049,4831,110.0,342.95,2e-06,0
7727,line,8333,大村変電所~沖田町変電所線,6968,7064,220.0,2743.57,2e-06,1
7728,line,8334,九州送電線_521,6324,6325,66.0,68.59,0.000321,1
7729,line,8335,九州送電線_522,6324,6326,66.0,137.18,2.5e-05,1
7730,line,8336,延岡変電所~旭町三丁目変電所線,6324,6871,66.0,68.59,0.00036,1
7731,line,8337,九州送電線_527,7081,6327,66.0,68.59,6.7e-05,1
7732,line,8338,九州送電線_528,7081,6328,66.0,68.59,4.9e-05,1
7733,line,8342,九州送電線_536,4500,5171,110.0,171.47,0.000512,0
7734,line,8343,九州送電線_543,6623,4866,110.0,342.95,4.6e-05,0
7735,line,8355,中部関西間連系線,1473,3247,500.0,3464.1,9.9e-05,0
7736,line,8356,中部北陸間連系線,1431,2565,500.0,3464.1,7.3e-05,0
7737,line,8357,関西中国間連系線,3007,4336,500.0,3464.1,4.8e-05,0
7738,line,8358,関西四国間連系線,3350,3426,500.0,3464.1,0.000105,0
7739,line,8359,中国四国間連系線,5072,5646,500.0,762.1,0.001089,0
7740,line,8360,関門連系線,4952,6399,500.0,3464.1,5.5e-05,0
7741,trafo,0,trafo_77/66kV,0,890,77.0,100.0,0.001199,0
7742,trafo,1,trafo_77/66kV,55,3333,77.0,100.0,0.001199,1
7743,trafo,2,trafo_275/77kV,70,575,275.0,100.0,0.001199,1
7744,trafo,3,trafo_154/77kV,139,402,154.0,100.0,0.001199,0
7745,trafo,4,trafo_154/66kV,3254,190,154.0,100.0,0.001199,0
7746,trafo,5,trafo_154/66kV,286,3286,154.0,100.0,0.001199,1
7747,trafo,6,trafo_275/77kV,412,411,275.0,100.0,0.001199,0
7748,trafo,7,trafo_154/66kV,475,480,154.0,100.0,0.001199,0
7749,trafo,8,trafo_275/154kV,2525,670,275.0,266.74,0.000449,0
7750,trafo,9,trafo_154/66kV,2519,830,154.0,100.0,0.001199,0
7751,trafo,10,trafo_154/66kV,2520,831,154.0,100.0,0.001199,0
7752,trafo,11,trafo_154/66kV,2521,832,154.0,100.0,0.001199,0
7753,trafo,12,trafo_154/66kV,2522,833,154.0,100.0,0.001199,0
7754,trafo,13,trafo_154/66kV,3318,906,154.0,100.0,0.001199,1
7755,trafo,14,trafo_77/66kV,959,2526,77.0,100.0,0.001199,1
7756,trafo,15,trafo_154/77kV,1310,1309,154.0,100.0,0.001199,0
7757,trafo,16,trafo_154/66kV,1342,1343,154.0,100.0,0.001199,1
7758,trafo,17,trafo_154/77kV,1346,1347,154.0,100.0,0.001199,0
7759,trafo,18,trafo_77/66kV,1348,1349,77.0,100.0,0.001199,1
7760,trafo,19,trafo_275/77kV,1350,1351,275.0,100.0,0.001199,0
7761,trafo,20,trafo_77/66kV,1352,1353,77.0,100.0,0.001199,0
7762,trafo,21,trafo_500/275kV,1354,1355,500.0,952.63,0.000126,0
7763,trafo,22,trafo_275/154kV,1355,1356,275.0,266.74,0.000449,0
7764,trafo,23,trafo_154/77kV,1359,1360,154.0,100.0,0.001199,0
7765,trafo,24,trafo_77/66kV,1361,1362,77.0,100.0,0.001199,0
7766,trafo,25,trafo_154/77kV,1366,1367,154.0,100.0,0.001199,0
7767,trafo,26,trafo_500/275kV,1369,1370,500.0,952.63,0.000126,0
7768,trafo,27,trafo_154/66kV,1371,1372,154.0,100.0,0.001199,1
7769,trafo,28,trafo_77/66kV,1376,1377,77.0,100.0,0.001199,1
7770,trafo,29,trafo_275/77kV,1382,1383,275.0,100.0,0.001199,0
7771,trafo,30,trafo_77/66kV,1383,1384,77.0,100.0,0.001199,1
7772,trafo,31,trafo_154/77kV,1386,1387,154.0,100.0,0.001199,0
7773,trafo,32,trafo_275/110kV,1392,1393,275.0,171.47,0.000699,0
7774,trafo,33,trafo_275/77kV,1394,1395,275.0,100.0,0.001199,0
7775,trafo,34,trafo_154/77kV,1397,1398,154.0,100.0,0.001199,0
7776,trafo,35,trafo_275/154kV,1400,1401,275.0,266.74,0.000449,0
7777,trafo,36,trafo_500/275kV,1403,1404,500.0,952.63,0.000126,0
7778,trafo,37,trafo_275/154kV,1404,1405,275.0,266.74,0.000449,0
7779,trafo,38,trafo_275/154kV,1406,1407,275.0,266.74,0.000449,0
7780,trafo,39,trafo_154/77kV,1407,1408,154.0,100.0,0.001199,0
7781,trafo,40,trafo_154/77kV,1409,1410,154.0,100.0,0.001199,0
7782,trafo,41,trafo_154/77kV,1411,1412,154.0,100.0,0.001199,0
7783,trafo,42,trafo_275/77kV,1417,1418,275.0,100.0,0.001199,0
7784,trafo,43,trafo_275/154kV,1419,1420,275.0,266.74,0.000449,0
7785,trafo,44,trafo_275/154kV,1421,1422,275.0,266.74,0.000449,0
7786,trafo,45,trafo_275/154kV,1423,1424,275.0,266.74,0.000449,0
7787,trafo,46,trafo_275/77kV,1425,1426,275.0,100.0,0.001199,0
7788,trafo,47,trafo_500/275kV,1427,1428,500.0,952.63,0.000126,0
7789,trafo,48,trafo_275/77kV,1428,1429,275.0,100.0,0.001199,0
7790,trafo,49,trafo_154/77kV,1432,1433,154.0,100.0,0.001199,0
7791,trafo,50,trafo_275/154kV,1434,1435,275.0,266.74,0.000449,0
7792,trafo,51,trafo_154/77kV,1435,1436,154.0,100.0,0.001199,0
7793,trafo,52,trafo_500/275kV,1437,1438,500.0,952.63,0.000126,0
7794,trafo,53,trafo_275/154kV,1439,1440,275.0,266.74,0.000449,0
7795,trafo,54,trafo_154/77kV,1440,1441,154.0,100.0,0.001199,0
7796,trafo,55,trafo_275/154kV,1442,1443,275.0,266.74,0.000449,0
7797,trafo,56,trafo_154/66kV,1443,1444,154.0,100.0,0.001199,1
7798,trafo,57,trafo_275/77kV,1446,1447,275.0,100.0,0.001199,0
7799,trafo,58,trafo_275/77kV,1448,1449,275.0,100.0,0.001199,0
7800,trafo,59,trafo_500/154kV,1450,1451,500.0,266.74,0.000449,0
7801,trafo,60,trafo_154/77kV,1451,1452,154.0,100.0,0.001199,1
7802,trafo,61,trafo_275/77kV,1453,1454,275.0,100.0,0.001199,0
7803,trafo,62,trafo_154/66kV,1455,1456,154.0,100.0,0.001199,1
7804,trafo,63,trafo_275/154kV,1457,1458,275.0,266.74,0.000449,0
7805,trafo,64,trafo_154/77kV,1458,1459,154.0,100.0,0.001199,0
7806,trafo,65,trafo_275/154kV,1460,1461,275.0,266.74,0.000449,0
7807,trafo,66,trafo_275/154kV,1462,1463,275.0,266.74,0.000449,0
7808,trafo,67,trafo_154/110kV,1463,1464,154.0,171.47,0.000699,0
7809,trafo,68,trafo_110/66kV,1464,1465,110.0,100.0,0.001199,1
7810,trafo,69,trafo_500/275kV,1466,1467,500.0,952.63,0.000126,0
7811,trafo,70,trafo_275/154kV,1467,1468,275.0,266.74,0.000449,0
7812,trafo,71,trafo_154/77kV,1468,1469,154.0,100.0,0.001199,0
7813,trafo,72,trafo_500/275kV,1470,1471,500.0,952.63,0.000126,0
7814,trafo,73,trafo_275/154kV,1474,1475,275.0,266.74,0.000449,0
7815,trafo,74,trafo_154/77kV,1475,1476,154.0,100.0,0.001199,0
7816,trafo,75,trafo_275/154kV,1477,1478,275.0,266.74,0.000449,0
7817,trafo,76,trafo_500/275kV,1480,1481,500.0,952.63,0.000126,0
7818,trafo,77,trafo_154/77kV,1482,1483,154.0,100.0,0.001199,0
7819,trafo,78,trafo_77/66kV,1483,1484,77.0,100.0,0.001199,1
7820,trafo,79,trafo_154/77kV,1485,1486,154.0,100.0,0.001199,0
7821,trafo,80,trafo_154/77kV,1487,1488,154.0,100.0,0.001199,0
7822,trafo,81,trafo_154/77kV,1491,1492,154.0,100.0,0.001199,0
7823,trafo,82,trafo_275/154kV,1493,1494,275.0,266.74,0.000449,0
7824,trafo,83,trafo_154/77kV,1494,1495,154.0,100.0,0.001199,0
7825,trafo,84,trafo_275/154kV,1497,1498,275.0,266.74,0.000449,0
7826,trafo,85,trafo_154/77kV,1498,1499,154.0,100.0,0.001199,0
7827,trafo,86,trafo_154/77kV,1500,1501,154.0,100.0,0.001199,1
7828,trafo,87,trafo_154/77kV,1503,4023,154.0,100.0,0.001199,0
7829,trafo,88,trafo_275/77kV,1507,1508,275.0,100.0,0.001199,0
7830,trafo,89,trafo_275/77kV,1509,1510,275.0,100.0,0.001199,0
7831,trafo,90,trafo_154/77kV,1515,1516,154.0,100.0,0.001199,0
7832,trafo,91,trafo_154/77kV,1517,1518,154.0,100.0,0.001199,0
7833,trafo,92,trafo_77/66kV,1518,1519,77.0,100.0,0.001199,1
7834,trafo,94,trafo_154/77kV,1520,1521,154.0,100.0,0.001199,0
7835,trafo,95,trafo_275/154kV,1522,1523,275.0,266.74,0.000449,0
7836,trafo,96,trafo_154/77kV,1523,1524,154.0,100.0,0.001199,0
7837,trafo,97,trafo_275/77kV,1526,1527,275.0,100.0,0.001199,0
7838,trafo,98,trafo_154/77kV,1528,1529,154.0,100.0,0.001199,0
7839,trafo,99,trafo_154/77kV,1531,1532,154.0,100.0,0.001199,0
7840,trafo,100,trafo_77/66kV,1534,1535,77.0,100.0,0.001199,1
7841,trafo,101,trafo_154/66kV,1539,1540,154.0,100.0,0.001199,1
7842,trafo,102,trafo_154/77kV,1542,1543,154.0,100.0,0.001199,0
7843,trafo,103,trafo_77/66kV,1543,1544,77.0,100.0,0.001199,0
7844,trafo,104,trafo_275/154kV,1551,1552,275.0,266.74,0.000449,0
7845,trafo,105,trafo_154/77kV,1552,1553,154.0,100.0,0.001199,0
7846,trafo,106,trafo_275/154kV,1554,1555,275.0,266.74,0.000449,0
7847,trafo,107,trafo_77/66kV,1557,1558,77.0,100.0,0.001199,1
7848,trafo,108,trafo_275/154kV,1559,1560,275.0,266.74,0.000449,0
7849,trafo,109,trafo_154/66kV,1562,1563,154.0,100.0,0.001199,1
7850,trafo,110,trafo_154/110kV,1565,1566,154.0,171.47,0.000699,0
7851,trafo,111,trafo_110/77kV,1566,1567,110.0,100.0,0.001199,0
7852,trafo,112,trafo_275/154kV,1568,1569,275.0,266.74,0.000449,0
7853,trafo,113,trafo_154/77kV,1570,1571,154.0,100.0,0.001199,0
7854,trafo,114,trafo_154/77kV,1573,1574,154.0,100.0,0.001199,0
7855,trafo,115,trafo_154/77kV,1575,1576,154.0,100.0,0.001199,0
7856,trafo,116,trafo_275/77kV,1579,1580,275.0,100.0,0.001199,0
7857,trafo,117,trafo_275/154kV,4052,1584,275.0,266.74,0.000449,0
7858,trafo,118,trafo_154/77kV,1584,1585,154.0,100.0,0.001199,0
7859,trafo,119,trafo_154/77kV,1587,1588,154.0,100.0,0.001199,0
7860,trafo,120,trafo_275/154kV,1590,1591,275.0,266.74,0.000449,0
7861,trafo,121,trafo_154/77kV,1591,1592,154.0,100.0,0.001199,0
7862,trafo,122,trafo_77/66kV,1592,1593,77.0,100.0,0.001199,1
7863,trafo,123,trafo_154/66kV,1596,1597,154.0,100.0,0.001199,1
7864,trafo,124,trafo_500/154kV,1598,1599,500.0,266.74,0.000449,0
7865,trafo,125,trafo_275/154kV,1601,1602,275.0,266.74,0.000449,0
7866,trafo,126,trafo_500/275kV,1605,1606,500.0,952.63,0.000126,0
7867,trafo,127,trafo_154/77kV,1609,1610,154.0,100.0,0.001199,0
7868,trafo,128,trafo_154/77kV,1611,1612,154.0,100.0,0.001199,0
7869,trafo,129,trafo_500/275kV,1613,1614,500.0,952.63,0.000126,0
7870,trafo,130,trafo_275/154kV,1614,1615,275.0,266.74,0.000449,0
7871,trafo,131,trafo_154/77kV,1616,1617,154.0,100.0,0.001199,0
7872,trafo,132,trafo_77/66kV,1618,1619,77.0,100.0,0.001199,1
7873,trafo,133,trafo_154/77kV,1620,1621,154.0,100.0,0.001199,0
7874,trafo,134,trafo_154/66kV,1626,1627,154.0,100.0,0.001199,1
7875,trafo,135,trafo_154/77kV,1633,1634,154.0,100.0,0.001199,0
7876,trafo,136,trafo_154/77kV,1635,1636,154.0,100.0,0.001199,0
7877,trafo,137,trafo_275/77kV,1639,1640,275.0,100.0,0.001199,0
7878,trafo,138,trafo_154/77kV,1643,1644,154.0,100.0,0.001199,0
7879,trafo,139,trafo_275/154kV,1647,1648,275.0,266.74,0.000449,0
7880,trafo,140,trafo_154/77kV,1648,1649,154.0,100.0,0.001199,0
7881,trafo,141,trafo_154/66kV,1650,1651,154.0,100.0,0.001199,1
7882,trafo,142,trafo_154/77kV,1653,1654,154.0,100.0,0.001199,0
7883,trafo,143,trafo_154/77kV,1656,1657,154.0,100.0,0.001199,0
7884,trafo,144,trafo_77/66kV,1662,1663,77.0,100.0,0.001199,1
7885,trafo,145,trafo_275/77kV,1667,1668,275.0,100.0,0.001199,0
7886,trafo,146,trafo_154/77kV,1669,1670,154.0,100.0,0.001199,0
7887,trafo,147,trafo_77/66kV,1670,1671,77.0,100.0,0.001199,1
7888,trafo,148,trafo_154/77kV,1672,1673,154.0,100.0,0.001199,0
7889,trafo,149,trafo_154/77kV,1674,1675,154.0,100.0,0.001199,0
7890,trafo,150,trafo_275/77kV,1686,1687,275.0,100.0,0.001199,0
7891,trafo,151,trafo_77/66kV,1689,1690,77.0,100.0,0.001199,0
7892,trafo,152,trafo_275/77kV,1691,1692,275.0,100.0,0.001199,0
7893,trafo,153,trafo_154/77kV,1693,1694,154.0,100.0,0.001199,0
7894,trafo,154,trafo_77/66kV,1694,1695,77.0,100.0,0.001199,1
7895,trafo,155,trafo_275/154kV,1697,1698,275.0,266.74,0.000449,0
7896,trafo,156,trafo_154/77kV,1698,1699,154.0,100.0,0.001199,0
7897,trafo,157,trafo_500/275kV,1701,1702,500.0,952.63,0.000126,0
7898,trafo,158,trafo_275/154kV,1702,1703,275.0,266.74,0.000449,0
7899,trafo,159,trafo_154/66kV,1704,1705,154.0,100.0,0.001199,0
7900,trafo,160,trafo_154/77kV,1707,1708,154.0,100.0,0.001199,0
7901,trafo,161,trafo_275/77kV,1710,1711,275.0,100.0,0.001199,0
7902,trafo,162,trafo_275/154kV,1719,1720,275.0,266.74,0.000449,0
7903,trafo,163,trafo_154/77kV,1720,1721,154.0,100.0,0.001199,0
7904,trafo,164,trafo_154/77kV,1726,1727,154.0,100.0,0.001199,1
7905,trafo,165,trafo_154/66kV,1732,1733,154.0,100.0,0.001199,0
7906,trafo,166,trafo_275/154kV,1734,1735,275.0,266.74,0.000449,0
7907,trafo,167,trafo_154/77kV,1735,1736,154.0,100.0,0.001199,0
7908,trafo,168,trafo_275/77kV,1737,1738,275.0,100.0,0.001199,0
7909,trafo,169,trafo_500/275kV,1739,1740,500.0,952.63,0.000126,0
7910,trafo,170,trafo_275/154kV,1740,1741,275.0,266.74,0.000449,0
7911,trafo,171,trafo_154/77kV,1742,1743,154.0,100.0,0.001199,0
7912,trafo,172,trafo_154/77kV,1744,1745,154.0,100.0,0.001199,0
7913,trafo,173,trafo_275/154kV,1746,1747,275.0,266.74,0.000449,0
7914,trafo,174,trafo_154/77kV,1747,1748,154.0,100.0,0.001199,0
7915,trafo,175,trafo_275/154kV,1749,1750,275.0,266.74,0.000449,0
7916,trafo,176,trafo_275/154kV,1751,2570,275.0,266.74,0.000449,1
7917,trafo,177,trafo_77/66kV,1754,1755,77.0,100.0,0.001199,0
7918,trafo,178,trafo_154/77kV,1756,1757,154.0,100.0,0.001199,0
7919,trafo,179,trafo_77/66kV,1761,1762,77.0,100.0,0.001199,0
7920,trafo,180,trafo_154/77kV,1766,1767,154.0,100.0,0.001199,0
7921,trafo,181,trafo_154/77kV,1772,1773,154.0,100.0,0.001199,0
7922,trafo,182,trafo_77/66kV,1773,1774,77.0,100.0,0.001199,0
7923,trafo,183,trafo_154/66kV,1776,1777,154.0,100.0,0.001199,0
7924,trafo,184,trafo_154/77kV,1781,1782,154.0,100.0,0.001199,0
7925,trafo,185,trafo_77/66kV,1782,1783,77.0,100.0,0.001199,0
7926,trafo,186,trafo_154/77kV,1784,1785,154.0,100.0,0.001199,0
7927,trafo,187,trafo_77/66kV,1791,1792,77.0,100.0,0.001199,1
7928,trafo,188,trafo_154/77kV,1793,1794,154.0,100.0,0.001199,0
7929,trafo,189,trafo_275/154kV,1799,1800,275.0,266.74,0.000449,0
7930,trafo,190,trafo_154/66kV,1800,1801,154.0,100.0,0.001199,0
7931,trafo,191,trafo_154/66kV,1802,1803,154.0,100.0,0.001199,0
7932,trafo,192,trafo_154/66kV,1804,1805,154.0,100.0,0.001199,0
7933,trafo,193,trafo_275/154kV,1807,1808,275.0,266.74,0.000449,0
7934,trafo,194,trafo_154/66kV,1808,1809,154.0,100.0,0.001199,0
7935,trafo,195,trafo_275/154kV,1810,1811,275.0,266.74,0.000449,0
7936,trafo,196,trafo_154/66kV,1811,1812,154.0,100.0,0.001199,0
7937,trafo,197,trafo_275/66kV,1813,1814,275.0,100.0,0.001199,0
7938,trafo,198,trafo_154/66kV,1815,1816,154.0,100.0,0.001199,0
7939,trafo,199,trafo_154/66kV,1817,1818,154.0,100.0,0.001199,0
7940,trafo,200,trafo_154/77kV,1821,1822,154.0,100.0,0.001199,0
7941,trafo,201,trafo_154/66kV,1825,1826,154.0,100.0,0.001199,0
7942,trafo,202,trafo_77/66kV,1833,1834,77.0,100.0,0.001199,1
7943,trafo,203,trafo_77/66kV,1836,1837,77.0,100.0,0.001199,0
7944,trafo,204,trafo_77/66kV,1838,1839,77.0,100.0,0.001199,0
7945,trafo,205,trafo_154/77kV,1842,1843,154.0,100.0,0.001199,0
7946,trafo,206,trafo_77/66kV,1843,1844,77.0,100.0,0.001199,1
7947,trafo,207,trafo_77/66kV,1855,1856,77.0,100.0,0.001199,1
7948,trafo,208,trafo_77/66kV,1860,1861,77.0,100.0,0.001199,1
7949,trafo,209,trafo_77/66kV,1864,1865,77.0,100.0,0.001199,1
7950,trafo,210,trafo_77/66kV,1868,1869,77.0,100.0,0.001199,1
7951,trafo,211,trafo_275/66kV,1886,1887,275.0,100.0,0.001199,1
7952,trafo,212,trafo_77/66kV,1888,1889,77.0,100.0,0.001199,1
7953,trafo,213,trafo_275/77kV,1899,1900,275.0,100.0,0.001199,0
7954,trafo,214,trafo_500/275kV,1903,1904,500.0,952.63,0.000126,0
7955,trafo,215,trafo_77/66kV,1909,1910,77.0,100.0,0.001199,1
7956,trafo,216,trafo_154/66kV,1913,1914,154.0,100.0,0.001199,0
7957,trafo,217,trafo_154/66kV,1917,1918,154.0,100.0,0.001199,0
7958,trafo,218,trafo_154/66kV,1919,1920,154.0,100.0,0.001199,0
7959,trafo,219,trafo_154/77kV,1921,1922,154.0,100.0,0.001199,0
7960,trafo,220,trafo_154/77kV,1923,1924,154.0,100.0,0.001199,0
7961,trafo,221,trafo_77/66kV,1924,1925,77.0,100.0,0.001199,1
7962,trafo,222,trafo_77/66kV,1926,1927,77.0,100.0,0.001199,1
7963,trafo,223,trafo_77/66kV,1930,1931,77.0,100.0,0.001199,1
7964,trafo,224,trafo_275/77kV,1934,1935,275.0,100.0,0.001199,0
7965,trafo,225,trafo_275/77kV,1938,1939,275.0,100.0,0.001199,0
7966,trafo,226,trafo_275/154kV,1941,1942,275.0,266.74,0.000449,0
7967,trafo,227,trafo_154/66kV,1946,1947,154.0,100.0,0.001199,0
7968,trafo,228,trafo_154/66kV,1948,1949,154.0,100.0,0.001199,0
7969,trafo,229,trafo_154/66kV,1953,1954,154.0,100.0,0.001199,0
7970,trafo,230,trafo_154/66kV,1955,1956,154.0,100.0,0.001199,0
7971,trafo,231,trafo_275/66kV,1957,1958,275.0,100.0,0.001199,1
7972,trafo,232,trafo_77/66kV,1960,1961,77.0,100.0,0.001199,1
7973,trafo,233,trafo_154/77kV,1962,1963,154.0,100.0,0.001199,0
7974,trafo,234,trafo_154/66kV,1964,1965,154.0,100.0,0.001199,1
7975,trafo,235,trafo_154/77kV,1966,1967,154.0,100.0,0.001199,0
7976,trafo,236,trafo_77/66kV,1967,1968,77.0,100.0,0.001199,1
7977,trafo,237,trafo_275/154kV,1969,1970,275.0,266.74,0.000449,0
7978,trafo,238,trafo_154/66kV,1971,1972,154.0,100.0,0.001199,0
7979,trafo,239,trafo_154/66kV,1976,1977,154.0,100.0,0.001199,0
7980,trafo,241,trafo_275/154kV,1982,1983,275.0,266.74,0.000449,0
7981,trafo,242,trafo_154/77kV,1983,1984,154.0,100.0,0.001199,0
7982,trafo,243,trafo_275/77kV,1985,1986,275.0,100.0,0.001199,0
7983,trafo,244,trafo_275/77kV,1988,1989,275.0,100.0,0.001199,0
7984,trafo,245,trafo_77/66kV,1989,4104,77.0,100.0,0.001199,1
7985,trafo,246,trafo_154/66kV,1994,1995,154.0,100.0,0.001199,1
7986,trafo,247,trafo_500/77kV,2002,2003,500.0,100.0,0.001199,0
7987,trafo,248,trafo_77/66kV,2007,2008,77.0,100.0,0.001199,1
7988,trafo,249,trafo_154/77kV,2012,2013,154.0,100.0,0.001199,0
7989,trafo,250,trafo_154/77kV,2015,2016,154.0,100.0,0.001199,0
7990,trafo,251,trafo_154/66kV,2018,2019,154.0,100.0,0.001199,0
7991,trafo,252,trafo_154/77kV,2020,2021,154.0,100.0,0.001199,0
7992,trafo,253,trafo_275/154kV,2022,2023,275.0,266.74,0.000449,0
7993,trafo,254,trafo_275/154kV,2024,2025,275.0,266.74,0.000449,0
7994,trafo,255,trafo_275/154kV,2026,2027,275.0,266.74,0.000449,0
7995,trafo,256,trafo_275/154kV,2029,2030,275.0,266.74,0.000449,0
7996,trafo,257,trafo_154/66kV,2032,2033,154.0,100.0,0.001199,1
7997,trafo,258,trafo_154/77kV,2035,2036,154.0,100.0,0.001199,0
7998,trafo,259,trafo_77/66kV,2036,2037,77.0,100.0,0.001199,1
7999,trafo,260,trafo_154/77kV,2040,2041,154.0,100.0,0.001199,0
8000,trafo,261,trafo_77/66kV,2041,2042,77.0,100.0,0.001199,1
8001,trafo,262,trafo_275/77kV,2044,2045,275.0,100.0,0.001199,0
8002,trafo,263,trafo_77/66kV,2046,2047,77.0,100.0,0.001199,1
8003,trafo,264,trafo_154/77kV,2048,2049,154.0,100.0,0.001199,0
8004,trafo,265,trafo_77/66kV,2049,2050,77.0,100.0,0.001199,1
8005,trafo,266,trafo_154/77kV,2052,2053,154.0,100.0,0.001199,0
8006,trafo,267,trafo_154/66kV,2055,2056,154.0,100.0,0.001199,1
8007,trafo,268,trafo_154/66kV,2060,2061,154.0,100.0,0.001199,0
8008,trafo,269,trafo_275/154kV,2068,2069,275.0,266.74,0.000449,0
8009,trafo,270,trafo_154/77kV,2069,2070,154.0,100.0,0.001199,0
8010,trafo,271,trafo_77/66kV,2070,2071,77.0,100.0,0.001199,1
8011,trafo,272,trafo_154/77kV,2073,2074,154.0,100.0,0.001199,0
8012,trafo,273,trafo_77/66kV,2074,2075,77.0,100.0,0.001199,1
8013,trafo,274,trafo_275/154kV,2076,2077,275.0,266.74,0.000449,0
8014,trafo,275,trafo_154/66kV,2080,2081,154.0,100.0,0.001199,0
8015,trafo,276,trafo_77/66kV,2088,2089,77.0,100.0,0.001199,1
8016,trafo,277,trafo_77/66kV,2093,2094,77.0,100.0,0.001199,1
8017,trafo,278,trafo_154/77kV,2097,2098,154.0,100.0,0.001199,0
8018,trafo,279,trafo_500/275kV,2103,2104,500.0,952.63,0.000126,0
8019,trafo,280,trafo_275/77kV,2104,2105,275.0,100.0,0.001199,0
8020,trafo,281,trafo_154/77kV,2106,2107,154.0,100.0,0.001199,0
8021,trafo,282,trafo_77/66kV,2107,2108,77.0,100.0,0.001199,1
8022,trafo,283,trafo_275/154kV,2109,2110,275.0,266.74,0.000449,0
8023,trafo,284,trafo_154/66kV,2110,2111,154.0,100.0,0.001199,1
8024,trafo,285,trafo_275/154kV,2117,2118,275.0,266.74,0.000449,0
8025,trafo,286,trafo_154/77kV,2118,2119,154.0,100.0,0.001199,0
8026,trafo,287,trafo_154/66kV,2126,2127,154.0,100.0,0.001199,1
8027,trafo,288,trafo_154/77kV,2136,2137,154.0,100.0,0.001199,0
8028,trafo,289,trafo_77/66kV,2137,2138,77.0,100.0,0.001199,1
8029,trafo,290,trafo_77/66kV,2145,2146,77.0,100.0,0.001199,1
8030,trafo,291,trafo_275/66kV,2153,2154,275.0,100.0,0.001199,1
8031,trafo,292,trafo_154/66kV,2165,2166,154.0,100.0,0.001199,1
8032,trafo,293,trafo_275/66kV,2167,2168,275.0,100.0,0.001199,1
8033,trafo,294,trafo_154/77kV,2174,2175,154.0,100.0,0.001199,0
8034,trafo,295,trafo_154/77kV,2176,2177,154.0,100.0,0.001199,0
8035,trafo,296,trafo_77/66kV,2177,2178,77.0,100.0,0.001199,1
8036,trafo,297,trafo_154/77kV,4135,2180,154.0,100.0,0.001199,0
8037,trafo,298,trafo_77/66kV,2180,2181,77.0,100.0,0.001199,0
8038,trafo,299,trafo_77/66kV,2182,2183,77.0,100.0,0.001199,1
8039,trafo,300,trafo_154/77kV,2184,2185,154.0,100.0,0.001199,0
8040,trafo,301,trafo_154/77kV,2186,2187,154.0,100.0,0.001199,0
8041,trafo,302,trafo_275/154kV,2188,2189,275.0,266.74,0.000449,0
8042,trafo,303,trafo_154/77kV,2189,2190,154.0,100.0,0.001199,0
8043,trafo,304,trafo_154/77kV,2199,2200,154.0,100.0,0.001199,0
8044,trafo,305,trafo_77/66kV,2200,2201,77.0,100.0,0.001199,1
8045,trafo,306,trafo_154/66kV,2205,2206,154.0,100.0,0.001199,1
8046,trafo,307,trafo_154/77kV,2212,2213,154.0,100.0,0.001199,0
8047,trafo,308,trafo_275/154kV,2220,2221,275.0,266.74,0.000449,0
8048,trafo,309,trafo_275/154kV,2222,2223,275.0,266.74,0.000449,0
8049,trafo,310,trafo_154/77kV,2223,2224,154.0,100.0,0.001199,0
8050,trafo,311,trafo_77/66kV,2227,2228,77.0,100.0,0.001199,1
8051,trafo,312,trafo_275/77kV,2235,2236,275.0,100.0,0.001199,0
8052,trafo,313,trafo_77/66kV,2236,2237,77.0,100.0,0.001199,1
8053,trafo,314,trafo_154/77kV,2238,2239,154.0,100.0,0.001199,0
8054,trafo,315,trafo_77/66kV,2240,2241,77.0,100.0,0.001199,1
8055,trafo,316,trafo_77/66kV,2243,2244,77.0,100.0,0.001199,1
8056,trafo,317,trafo_77/66kV,2247,2248,77.0,100.0,0.001199,1
8057,trafo,318,trafo_154/66kV,2260,2261,154.0,100.0,0.001199,0
8058,trafo,319,trafo_154/77kV,2275,2276,154.0,100.0,0.001199,0
8059,trafo,320,trafo_77/66kV,2278,2279,77.0,100.0,0.001199,1
8060,trafo,321,trafo_275/66kV,2289,2290,275.0,100.0,0.001199,0
8061,trafo,322,trafo_154/77kV,2295,2296,154.0,100.0,0.001199,0
8062,trafo,323,trafo_77/66kV,2297,2298,77.0,100.0,0.001199,1
8063,trafo,324,trafo_275/154kV,2302,2303,275.0,266.74,0.000449,0
8064,trafo,325,trafo_77/66kV,2313,2314,77.0,100.0,0.001199,0
8065,trafo,326,trafo_154/66kV,2328,2329,154.0,100.0,0.001199,1
8066,trafo,327,trafo_154/77kV,2330,2331,154.0,100.0,0.001199,0
8067,trafo,328,trafo_154/77kV,2336,2337,154.0,100.0,0.001199,0
8068,trafo,329,trafo_77/66kV,2337,2338,77.0,100.0,0.001199,1
8069,trafo,330,trafo_154/66kV,2340,2341,154.0,100.0,0.001199,0
8070,trafo,331,trafo_154/66kV,2342,2343,154.0,100.0,0.001199,0
8071,trafo,332,trafo_275/66kV,2344,2345,275.0,100.0,0.001199,0
8072,trafo,333,trafo_77/66kV,2346,2347,77.0,100.0,0.001199,1
8073,trafo,334,trafo_154/77kV,2350,2351,154.0,100.0,0.001199,0
8074,trafo,335,trafo_500/154kV,2358,2359,500.0,266.74,0.000449,0
8075,trafo,336,trafo_154/77kV,2359,2360,154.0,100.0,0.001199,0
8076,trafo,337,trafo_154/77kV,2364,2365,154.0,100.0,0.001199,0
8077,trafo,338,trafo_154/66kV,2373,2374,154.0,100.0,0.001199,0
8078,trafo,339,trafo_154/66kV,2375,2376,154.0,100.0,0.001199,0
8079,trafo,340,trafo_77/66kV,2381,2382,77.0,100.0,0.001199,0
8080,trafo,341,trafo_500/275kV,2386,2387,500.0,952.63,0.000126,0
8081,trafo,342,trafo_275/77kV,2387,2388,275.0,100.0,0.001199,0
8082,trafo,343,trafo_275/77kV,2389,2390,275.0,100.0,0.001199,0
8083,trafo,344,trafo_154/77kV,2396,2397,154.0,100.0,0.001199,0
8084,trafo,345,trafo_154/77kV,2410,2411,154.0,100.0,0.001199,0
8085,trafo,346,trafo_275/77kV,2413,2414,275.0,100.0,0.001199,0
8086,trafo,347,trafo_77/66kV,2416,2417,77.0,100.0,0.001199,1
8087,trafo,348,trafo_77/66kV,2420,2421,77.0,100.0,0.001199,1
8088,trafo,349,trafo_154/77kV,2422,2423,154.0,100.0,0.001199,0
8089,trafo,350,trafo_77/66kV,2423,2424,77.0,100.0,0.001199,1
8090,trafo,351,trafo_154/77kV,2425,2426,154.0,100.0,0.001199,0
8091,trafo,352,trafo_275/77kV,2427,2428,275.0,100.0,0.001199,0
8092,trafo,353,trafo_275/66kV,2432,2433,275.0,100.0,0.001199,1
8093,trafo,354,trafo_154/66kV,2440,2441,154.0,100.0,0.001199,1
8094,trafo,355,trafo_500/154kV,2446,2447,500.0,266.74,0.000449,0
8095,trafo,356,trafo_154/77kV,2448,2449,154.0,100.0,0.001199,0
8096,trafo,357,trafo_77/66kV,2454,2455,77.0,100.0,0.001199,1
8097,trafo,358,trafo_154/77kV,2458,2459,154.0,100.0,0.001199,0
8098,trafo,359,trafo_154/77kV,2463,2464,154.0,100.0,0.001199,0
8099,trafo,360,trafo_275/154kV,2465,2466,275.0,266.74,0.000449,0
8100,trafo,361,trafo_154/77kV,2468,2469,154.0,100.0,0.001199,0
8101,trafo,362,trafo_154/66kV,2470,2471,154.0,100.0,0.001199,0
8102,trafo,363,trafo_154/77kV,2474,2475,154.0,100.0,0.001199,0
8103,trafo,364,trafo_154/77kV,2482,2483,154.0,100.0,0.001199,0
8104,trafo,365,trafo_154/77kV,2484,2485,154.0,100.0,0.001199,0
8105,trafo,366,trafo_154/77kV,2497,2498,154.0,100.0,0.001199,0
8106,trafo,367,trafo_154/66kV,2707,2499,154.0,100.0,0.001199,1
8107,trafo,368,trafo_500/275kV,2544,2545,500.0,952.63,0.000126,0
8108,trafo,369,trafo_275/154kV,2545,2546,275.0,266.74,0.000449,0
8109,trafo,370,trafo_154/77kV,2549,2550,154.0,100.0,0.001199,0
8110,trafo,371,trafo_77/66kV,2550,2551,77.0,100.0,0.001199,1
8111,trafo,372,trafo_154/66kV,2553,2554,154.0,100.0,0.001199,1
8112,trafo,373,trafo_500/275kV,2555,2556,500.0,952.63,0.000126,0
8113,trafo,374,trafo_275/154kV,2556,2557,275.0,266.74,0.000449,0
8114,trafo,375,trafo_154/66kV,2558,2559,154.0,100.0,0.001199,0
8115,trafo,376,trafo_154/77kV,2560,2561,154.0,100.0,0.001199,0
8116,trafo,377,trafo_275/154kV,2562,2563,275.0,266.74,0.000449,0
8117,trafo,378,trafo_154/77kV,2563,2564,154.0,100.0,0.001199,0
8118,trafo,379,trafo_500/275kV,2565,2566,500.0,952.63,0.000126,0
8119,trafo,380,trafo_275/154kV,2566,2567,275.0,266.74,0.000449,0
8120,trafo,381,trafo_154/77kV,2568,2569,154.0,100.0,0.001199,0
8121,trafo,382,trafo_77/66kV,2572,2573,77.0,100.0,0.001199,0
8122,trafo,383,trafo_77/66kV,2574,2575,77.0,100.0,0.001199,0
8123,trafo,384,trafo_154/77kV,2579,2580,154.0,100.0,0.001199,0
8124,trafo,385,trafo_154/77kV,2582,2583,154.0,100.0,0.001199,0
8125,trafo,386,trafo_77/66kV,2583,2584,77.0,100.0,0.001199,0
8126,trafo,387,trafo_154/66kV,2585,2586,154.0,100.0,0.001199,0
8127,trafo,388,trafo_154/77kV,2589,2590,154.0,100.0,0.001199,0
8128,trafo,389,trafo_77/66kV,2590,2591,77.0,100.0,0.001199,0
8129,trafo,390,trafo_154/77kV,2592,2593,154.0,100.0,0.001199,0
8130,trafo,391,trafo_154/77kV,2594,2595,154.0,100.0,0.001199,0
8131,trafo,392,trafo_275/154kV,2596,2597,275.0,266.74,0.000449,0
8132,trafo,393,trafo_154/66kV,2597,2598,154.0,100.0,0.001199,0
8133,trafo,394,trafo_154/66kV,2599,2600,154.0,100.0,0.001199,0
8134,trafo,395,trafo_154/66kV,2601,2602,154.0,100.0,0.001199,0
8135,trafo,396,trafo_275/154kV,2604,2605,275.0,266.74,0.000449,0
8136,trafo,397,trafo_154/66kV,2605,2606,154.0,100.0,0.001199,0
8137,trafo,398,trafo_275/66kV,2607,2608,275.0,100.0,0.001199,0
8138,trafo,399,trafo_154/66kV,2609,2610,154.0,100.0,0.001199,0
8139,trafo,400,trafo_275/77kV,2611,2612,275.0,100.0,0.001199,0
8140,trafo,401,trafo_154/66kV,2613,2614,154.0,100.0,0.001199,1
8141,trafo,402,trafo_154/66kV,2615,2616,154.0,100.0,0.001199,1
8142,trafo,403,trafo_275/154kV,2617,2618,275.0,266.74,0.000449,0
8143,trafo,404,trafo_275/66kV,2621,2622,275.0,100.0,0.001199,1
8144,trafo,405,trafo_154/66kV,2623,2624,154.0,100.0,0.001199,0
8145,trafo,406,trafo_154/66kV,2625,2626,154.0,100.0,0.001199,0
8146,trafo,407,trafo_154/66kV,2627,2628,154.0,100.0,0.001199,0
8147,trafo,408,trafo_154/66kV,2632,2633,154.0,100.0,0.001199,0
8148,trafo,409,trafo_275/154kV,2634,2635,275.0,266.74,0.000449,1
8149,trafo,410,trafo_275/154kV,2636,2637,275.0,266.74,0.000449,0
8150,trafo,411,trafo_154/66kV,2638,2639,154.0,100.0,0.001199,0
8151,trafo,412,trafo_275/66kV,2642,2643,275.0,100.0,0.001199,1
8152,trafo,413,trafo_154/66kV,2644,2645,154.0,100.0,0.001199,0
8153,trafo,414,trafo_275/154kV,2647,2648,275.0,266.74,0.000449,0
8154,trafo,415,trafo_154/77kV,2648,2649,154.0,100.0,0.001199,0
8155,trafo,416,trafo_275/154kV,4168,4169,275.0,266.74,0.000449,0
8156,trafo,417,trafo_154/66kV,4169,2658,154.0,100.0,0.001199,0
8157,trafo,418,trafo_77/66kV,2659,2660,77.0,100.0,0.001199,1
8158,trafo,419,trafo_275/66kV,2664,2665,275.0,100.0,0.001199,0
8159,trafo,420,trafo_154/77kV,2666,2667,154.0,100.0,0.001199,0
8160,trafo,421,trafo_275/154kV,2668,2669,275.0,266.74,0.000449,0
8161,trafo,422,trafo_154/66kV,2675,2676,154.0,100.0,0.001199,1
8162,trafo,423,trafo_154/66kV,2677,2678,154.0,100.0,0.001199,0
8163,trafo,424,trafo_154/66kV,2679,2680,154.0,100.0,0.001199,0
8164,trafo,425,trafo_275/66kV,2681,2682,275.0,100.0,0.001199,0
8165,trafo,426,trafo_154/77kV,2685,2686,154.0,100.0,0.001199,0
8166,trafo,427,trafo_500/66kV,2698,2699,500.0,100.0,0.001199,0
8167,trafo,428,trafo_154/66kV,2701,2702,154.0,100.0,0.001199,0
8168,trafo,429,trafo_77/66kV,2704,2705,77.0,100.0,0.001199,0
8169,trafo,430,trafo_154/77kV,2724,2720,154.0,100.0,0.001199,0
8170,trafo,431,trafo_77/66kV,2801,5590,77.0,100.0,0.001199,1
8171,trafo,432,trafo_154/77kV,2882,2890,154.0,100.0,0.001199,1
8172,trafo,433,trafo_77/66kV,2983,2985,77.0,100.0,0.001199,0
8173,trafo,434,trafo_77/66kV,3013,4365,77.0,100.0,0.001199,1
8174,trafo,435,trafo_77/66kV,3033,3034,77.0,100.0,0.001199,0
8175,trafo,436,trafo_275/77kV,3339,3340,275.0,100.0,0.001199,0
8176,trafo,437,trafo_77/66kV,3343,3344,77.0,100.0,0.001199,1
8177,trafo,438,trafo_500/275kV,3348,3349,500.0,952.63,0.000126,0
8178,trafo,440,trafo_500/154kV@nameplate,3354,3355,500.0,2250.0,5.3e-05,0
8179,trafo,441,trafo_154/77kV,3357,3358,154.0,100.0,0.001199,0
8180,trafo,442,trafo_154/77kV,3360,3361,154.0,100.0,0.001199,0
8181,trafo,443,trafo_275/77kV,3362,3363,275.0,100.0,0.001199,0
8182,trafo,444,trafo_77/66kV,3365,3366,77.0,100.0,0.001199,0
8183,trafo,445,trafo_275/77kV,3369,3370,275.0,100.0,0.001199,0
8184,trafo,446,trafo_77/66kV,3370,3371,77.0,100.0,0.001199,0
8185,trafo,447,trafo_77/66kV,3378,3379,77.0,100.0,0.001199,0
8186,trafo,448,trafo_500/275kV,3386,3387,500.0,952.63,0.000126,0
8187,trafo,449,trafo_275/77kV,3387,3388,275.0,100.0,0.001199,0
8188,trafo,450,trafo_187/66kV,3393,5682,187.0,100.0,0.001199,0
8189,trafo,451,trafo_275/77kV,3394,3395,275.0,100.0,0.001199,0
8190,trafo,452,trafo_500/77kV,3399,3400,500.0,100.0,0.001199,0
8191,trafo,453,trafo_77/66kV,3400,3401,77.0,100.0,0.001199,1
8192,trafo,454,trafo_77/66kV,3411,3412,77.0,100.0,0.001199,0
8193,trafo,455,trafo_77/66kV,3414,3415,77.0,100.0,0.001199,1
8194,trafo,456,trafo_187/66kV,3424,3425,187.0,100.0,0.001199,0
8195,trafo,457,trafo_275/77kV,3427,3428,275.0,100.0,0.001199,0
8196,trafo,458,trafo_187/77kV,3430,3431,187.0,100.0,0.001199,0
8197,trafo,459,trafo_77/66kV,3443,3444,77.0,100.0,0.001199,1
8198,trafo,460,trafo_500/187kV,3458,3459,500.0,485.84,0.000247,0
8199,trafo,461,trafo_187/66kV,3459,3460,187.0,100.0,0.001199,0
8200,trafo,462,trafo_500/77kV,3461,3462,500.0,100.0,0.001199,0
8201,trafo,463,trafo_77/66kV,3473,3474,77.0,100.0,0.001199,1
8202,trafo,464,trafo_77/66kV,3480,3481,77.0,100.0,0.001199,0
8203,trafo,465,trafo_77/66kV,3482,3483,77.0,100.0,0.001199,0
8204,trafo,466,trafo_77/66kV,3485,3486,77.0,100.0,0.001199,1
8205,trafo,467,trafo_275/77kV,3489,3490,275.0,100.0,0.001199,0
8206,trafo,468,trafo_275/77kV,3504,3505,275.0,100.0,0.001199,0
8207,trafo,469,trafo_275/77kV,3511,3512,275.0,100.0,0.001199,0
8208,trafo,470,trafo_275/154kV,3519,3520,275.0,266.74,0.000449,0
8209,trafo,471,trafo_154/77kV,3520,3521,154.0,100.0,0.001199,0
8210,trafo,472,trafo_275/77kV,3525,3526,275.0,100.0,0.001199,0
8211,trafo,473,trafo_77/66kV,3527,3528,77.0,100.0,0.001199,0
8212,trafo,474,trafo_77/66kV,3542,3543,77.0,100.0,0.001199,1
8213,trafo,475,trafo_77/66kV,3544,3545,77.0,100.0,0.001199,0
8214,trafo,476,trafo_500/77kV,3552,3553,500.0,100.0,0.001199,0
8215,trafo,477,trafo_77/66kV,3553,3554,77.0,100.0,0.001199,1
8216,trafo,478,trafo_275/66kV,3562,3563,275.0,100.0,0.001199,1
8217,trafo,479,trafo_77/66kV,3573,3574,77.0,100.0,0.001199,0
8218,trafo,480,trafo_77/66kV,3575,3576,77.0,100.0,0.001199,0
8219,trafo,481,trafo_77/66kV,3577,3578,77.0,100.0,0.001199,0
8220,trafo,482,trafo_77/66kV,3579,3580,77.0,100.0,0.001199,0
8221,trafo,483,trafo_500/275kV@nameplate,3586,3587,500.0,1000.0,0.00012,0
8222,trafo,484,trafo_275/77kV,3587,3588,275.0,100.0,0.001199,0
8223,trafo,485,trafo_154/77kV,3589,3590,154.0,100.0,0.001199,0
8224,trafo,486,trafo_77/66kV,3591,3592,77.0,100.0,0.001199,0
8225,trafo,487,trafo_275/77kV,3593,3594,275.0,100.0,0.001199,0
8226,trafo,488,trafo_275/77kV,3595,3596,275.0,100.0,0.001199,0
8227,trafo,489,trafo_275/154kV,3597,3598,275.0,266.74,0.000449,0
8228,trafo,490,trafo_275/154kV,3599,3600,275.0,266.74,0.000449,0
8229,trafo,491,trafo_154/77kV,3600,3601,154.0,100.0,0.001199,0
8230,trafo,492,trafo_77/66kV,3601,3602,77.0,100.0,0.001199,0
8231,trafo,493,trafo_500/275kV,3603,3604,500.0,952.63,0.000126,0
8232,trafo,494,trafo_275/154kV,3604,3605,275.0,266.74,0.000449,0
8233,trafo,495,trafo_154/77kV,3606,3607,154.0,100.0,0.001199,0
8234,trafo,496,trafo_275/77kV,3609,3610,275.0,100.0,0.001199,1
8235,trafo,497,trafo_275/154kV,3611,3612,275.0,266.74,0.000449,0
8236,trafo,498,trafo_154/77kV,3612,3613,154.0,100.0,0.001199,0
8237,trafo,499,trafo_275/154kV,3616,3614,275.0,266.74,0.000449,1
8238,trafo,500,trafo_154/77kV,3614,3615,154.0,100.0,0.001199,0
8239,trafo,501,trafo_275/154kV@nameplate,3625,3626,275.0,300.0,0.0004,0
8240,trafo,502,trafo_154/77kV,3626,3627,154.0,100.0,0.001199,0
8241,trafo,503,trafo_154/77kV,3628,3629,154.0,100.0,0.001199,0
8242,trafo,504,trafo_154/77kV,3630,3631,154.0,100.0,0.001199,1
8243,trafo,505,trafo_154/77kV,3632,3633,154.0,100.0,0.001199,0
8244,trafo,506,trafo_500/275kV,3634,3635,500.0,952.63,0.000126,0
8245,trafo,507,trafo_275/154kV,3635,3636,275.0,266.74,0.000449,0
8246,trafo,508,trafo_154/77kV,3636,3637,154.0,100.0,0.001199,0
8247,trafo,509,trafo_500/275kV,3638,3639,500.0,952.63,0.000126,0
8248,trafo,510,trafo_275/77kV,3639,3640,275.0,100.0,0.001199,1
8249,trafo,511,trafo_77/66kV,3641,3642,77.0,100.0,0.001199,0
8250,trafo,512,trafo_275/77kV,3643,3644,275.0,100.0,0.001199,0
8251,trafo,513,trafo_154/77kV,3645,3646,154.0,100.0,0.001199,0
8252,trafo,514,trafo_154/77kV,3647,3648,154.0,100.0,0.001199,1
8253,trafo,515,trafo_154/77kV,3651,3652,154.0,100.0,0.001199,0
8254,trafo,516,trafo_154/77kV,3654,3655,154.0,100.0,0.001199,0
8255,trafo,517,trafo_154/77kV,3656,3657,154.0,100.0,0.001199,0
8256,trafo,518,trafo_154/66kV,3658,3659,154.0,100.0,0.001199,1
8257,trafo,519,trafo_77/66kV,3660,3661,77.0,100.0,0.001199,0
8258,trafo,520,trafo_154/77kV,3662,3663,154.0,100.0,0.001199,0
8259,trafo,521,trafo_77/66kV,3663,3664,77.0,100.0,0.001199,0
8260,trafo,522,trafo_275/77kV,3668,3669,275.0,100.0,0.001199,0
8261,trafo,523,trafo_77/66kV,3670,3671,77.0,100.0,0.001199,0
8262,trafo,524,trafo_77/66kV,3673,3674,77.0,100.0,0.001199,0
8263,trafo,525,trafo_154/77kV,3675,3676,154.0,100.0,0.001199,1
8264,trafo,526,trafo_154/77kV,3678,3679,154.0,100.0,0.001199,1
8265,trafo,527,trafo_500/275kV,3686,3687,500.0,952.63,0.000126,0
8266,trafo,528,trafo_275/77kV,3688,3689,275.0,100.0,0.001199,0
8267,trafo,529,trafo_77/66kV,3691,3692,77.0,100.0,0.001199,0
8268,trafo,530,trafo_77/66kV,3696,3697,77.0,100.0,0.001199,0
8269,trafo,531,trafo_77/66kV,3699,3700,77.0,100.0,0.001199,1
8270,trafo,532,trafo_77/66kV,3701,3702,77.0,100.0,0.001199,0
8271,trafo,533,trafo_77/66kV,3705,3706,77.0,100.0,0.001199,1
8272,trafo,534,trafo_77/66kV,3707,3708,77.0,100.0,0.001199,0
8273,trafo,535,trafo_500/77kV,3710,3711,500.0,100.0,0.001199,0
8274,trafo,536,trafo_77/66kV,3712,3713,77.0,100.0,0.001199,1
8275,trafo,537,trafo_77/66kV,3714,3715,77.0,100.0,0.001199,1
8276,trafo,538,trafo_154/77kV,3718,3719,154.0,100.0,0.001199,0
8277,trafo,539,trafo_77/66kV,3724,3725,77.0,100.0,0.001199,1
8278,trafo,540,trafo_77/66kV,3729,3730,77.0,100.0,0.001199,0
8279,trafo,541,trafo_77/66kV,3731,3732,77.0,100.0,0.001199,1
8280,trafo,542,trafo_154/77kV,3733,3734,154.0,100.0,0.001199,0
8281,trafo,543,trafo_77/66kV,3734,3735,77.0,100.0,0.001199,0
8282,trafo,544,trafo_77/66kV,3739,3740,77.0,100.0,0.001199,0
8283,trafo,545,trafo_275/154kV,3743,3744,275.0,266.74,0.000449,0
8284,trafo,546,trafo_154/66kV,3744,3745,154.0,100.0,0.001199,1
8285,trafo,547,trafo_154/77kV,3751,3752,154.0,100.0,0.001199,0
8286,trafo,548,trafo_77/66kV,3752,3753,77.0,100.0,0.001199,0
8287,trafo,549,trafo_154/77kV,3755,3756,154.0,100.0,0.001199,0
8288,trafo,550,trafo_77/66kV,3757,3758,77.0,100.0,0.001199,0
8289,trafo,551,trafo_154/77kV,3759,3760,154.0,100.0,0.001199,0
8290,trafo,552,trafo_77/66kV,3760,3761,77.0,100.0,0.001199,0
8291,trafo,555,trafo_77/66kV,3769,3770,77.0,100.0,0.001199,1
8292,trafo,556,trafo_275/77kV,3772,3773,275.0,100.0,0.001199,0
8293,trafo,557,trafo_275/77kV,3774,3775,275.0,100.0,0.001199,0
8294,trafo,558,trafo_77/66kV,3775,3776,77.0,100.0,0.001199,1
8295,trafo,559,trafo_275/77kV,3780,3781,275.0,100.0,0.001199,0
8296,trafo,560,trafo_77/66kV,3781,3782,77.0,100.0,0.001199,1
8297,trafo,561,trafo_500/66kV,3785,3786,500.0,100.0,0.001199,1
8298,trafo,562,trafo_500/66kV,3787,3788,500.0,100.0,0.001199,1
8299,trafo,563,trafo_154/77kV,3789,3790,154.0,100.0,0.001199,0
8300,trafo,564,trafo_154/77kV,3792,3793,154.0,100.0,0.001199,0
8301,trafo,565,trafo_275/77kV,3794,3795,275.0,100.0,0.001199,0
8302,trafo,566,trafo_77/66kV,3795,3796,77.0,100.0,0.001199,1
8303,trafo,567,trafo_275/66kV,3797,3798,275.0,100.0,0.001199,1
8304,trafo,568,trafo_77/66kV,3802,3803,77.0,100.0,0.001199,0
8305,trafo,570,trafo_275/77kV,3810,3811,275.0,100.0,0.001199,0
8306,trafo,571,trafo_77/66kV,3811,3812,77.0,100.0,0.001199,0
8307,trafo,572,trafo_77/66kV,3820,3821,77.0,100.0,0.001199,0
8308,trafo,573,trafo_154/77kV,3822,3823,154.0,100.0,0.001199,0
8309,trafo,574,trafo_275/66kV,3827,3828,275.0,100.0,0.001199,0
8310,trafo,575,trafo_275/66kV,3830,3831,275.0,100.0,0.001199,0
8311,trafo,576,trafo_275/66kV,3833,3834,275.0,100.0,0.001199,1
8312,trafo,577,trafo_77/66kV,3842,3843,77.0,100.0,0.001199,1
8313,trafo,578,trafo_154/66kV,3844,3845,154.0,100.0,0.001199,1
8314,trafo,579,trafo_77/66kV,3850,3851,77.0,100.0,0.001199,0
8315,trafo,580,trafo_77/66kV,3854,3855,77.0,100.0,0.001199,0
8316,trafo,581,trafo_154/77kV,3865,3866,154.0,100.0,0.001199,0
8317,trafo,582,trafo_154/77kV,3867,3868,154.0,100.0,0.001199,0
8318,trafo,583,trafo_77/66kV,3870,3871,77.0,100.0,0.001199,1
8319,trafo,584,trafo_275/77kV,3877,3878,275.0,100.0,0.001199,0
8320,trafo,585,trafo_77/66kV,3879,3880,77.0,100.0,0.001199,1
8321,trafo,586,trafo_77/66kV,3881,3882,77.0,100.0,0.001199,1
8322,trafo,587,trafo_154/77kV,3891,3892,154.0,100.0,0.001199,0
8323,trafo,588,trafo_154/77kV,3897,3898,154.0,100.0,0.001199,0
8324,trafo,589,trafo_77/66kV,3899,3900,77.0,100.0,0.001199,0
8325,trafo,590,trafo_77/66kV,3902,3903,77.0,100.0,0.001199,0
8326,trafo,591,trafo_77/66kV,3904,3905,77.0,100.0,0.001199,1
8327,trafo,592,trafo_154/77kV,3908,3909,154.0,100.0,0.001199,0
8328,trafo,593,trafo_154/77kV,3911,3912,154.0,100.0,0.001199,0
8329,trafo,594,trafo_154/77kV,3917,3918,154.0,100.0,0.001199,1
8330,trafo,595,trafo_154/77kV,3919,3920,154.0,100.0,0.001199,0
8331,trafo,596,trafo_77/66kV,3922,3923,77.0,100.0,0.001199,0
8332,trafo,597,trafo_154/77kV,3924,3925,154.0,100.0,0.001199,0
8333,trafo,598,trafo_275/77kV,3927,3928,275.0,100.0,0.001199,0
8334,trafo,599,trafo_77/66kV,3928,3929,77.0,100.0,0.001199,0
8335,trafo,600,trafo_77/66kV,3930,3931,77.0,100.0,0.001199,0
8336,trafo,601,trafo_154/77kV,3940,3941,154.0,100.0,0.001199,0
8337,trafo,602,trafo_275/77kV,3952,3953,275.0,100.0,0.001199,0
8338,trafo,603,trafo_77/66kV,3953,3954,77.0,100.0,0.001199,0
8339,trafo,604,trafo_154/66kV,3956,3957,154.0,100.0,0.001199,1
8340,trafo,605,trafo_154/77kV,3964,3965,154.0,100.0,0.001199,0
8341,trafo,606,trafo_154/66kV,3975,3976,154.0,100.0,0.001199,1
8342,trafo,607,trafo_500/275kV,3983,3984,500.0,952.63,0.000126,0
8343,trafo,608,trafo_275/77kV,3984,3985,275.0,100.0,0.001199,0
8344,trafo,609,trafo_154/77kV,3989,3990,154.0,100.0,0.001199,0
8345,trafo,610,trafo_77/66kV,3990,3991,77.0,100.0,0.001199,0
8346,trafo,611,trafo_500/275kV,3993,3994,500.0,952.63,0.000126,0
8347,trafo,612,trafo_275/154kV,3994,3995,275.0,266.74,0.000449,0
8348,trafo,613,trafo_154/77kV,3995,3996,154.0,100.0,0.001199,0
8349,trafo,614,trafo_275/154kV,3997,3998,275.0,266.74,0.000449,0
8350,trafo,615,trafo_500/275kV,4001,4002,500.0,952.63,0.000126,0
8351,trafo,616,trafo_275/154kV,4002,4003,275.0,266.74,0.000449,0
8352,trafo,617,trafo_275/154kV,4004,4005,275.0,266.74,0.000449,0
8353,trafo,618,trafo_154/77kV,4005,4006,154.0,100.0,0.001199,0
8354,trafo,619,trafo_500/275kV,4009,4010,500.0,952.63,0.000126,0
8355,trafo,620,trafo_500/275kV,4013,4014,500.0,952.63,0.000126,0
8356,trafo,621,trafo_275/154kV,4014,4015,275.0,266.74,0.000449,0
8357,trafo,622,trafo_154/77kV,4015,4016,154.0,100.0,0.001199,0
8358,trafo,623,trafo_275/154kV,4017,4018,275.0,266.74,0.000449,0
8359,trafo,624,trafo_154/77kV,4018,4019,154.0,100.0,0.001199,0
8360,trafo,625,trafo_275/154kV,4020,4021,275.0,266.74,0.000449,0
8361,trafo,626,trafo_275/154kV,4024,4025,275.0,266.74,0.000449,0
8362,trafo,627,trafo_154/77kV,4025,4026,154.0,100.0,0.001199,0
8363,trafo,628,trafo_275/77kV,4027,4028,275.0,100.0,0.001199,0
8364,trafo,629,trafo_275/154kV,4030,4031,275.0,266.74,0.000449,0
8365,trafo,630,trafo_275/154kV,4032,4033,275.0,266.74,0.000449,0
8366,trafo,631,trafo_500/275kV,4034,4035,500.0,952.63,0.000126,0
8367,trafo,632,trafo_275/77kV,4035,4036,275.0,100.0,0.001199,0
8368,trafo,633,trafo_154/77kV,4038,4039,154.0,100.0,0.001199,0
8369,trafo,634,trafo_154/77kV,4040,4041,154.0,100.0,0.001199,0
8370,trafo,635,trafo_77/66kV,4041,4042,77.0,100.0,0.001199,0
8371,trafo,636,trafo_154/66kV,4043,4044,154.0,100.0,0.001199,1
8372,trafo,637,trafo_275/154kV,4046,4047,275.0,266.74,0.000449,0
8373,trafo,638,trafo_154/77kV,4047,4048,154.0,100.0,0.001199,0
8374,trafo,639,trafo_275/154kV,4054,4055,275.0,266.74,0.000449,0
8375,trafo,640,trafo_154/77kV,4055,4056,154.0,100.0,0.001199,0
8376,trafo,641,trafo_77/66kV,4057,4058,77.0,100.0,0.001199,1
8377,trafo,642,trafo_154/77kV,4059,4060,154.0,100.0,0.001199,0
8378,trafo,643,trafo_77/66kV,4060,4061,77.0,100.0,0.001199,0
8379,trafo,644,trafo_275/77kV,4062,4063,275.0,100.0,0.001199,0
8380,trafo,645,trafo_275/77kV,4064,4065,275.0,100.0,0.001199,0
8381,trafo,646,trafo_154/77kV,4067,4068,154.0,100.0,0.001199,0
8382,trafo,647,trafo_154/77kV,4072,4073,154.0,100.0,0.001199,0
8383,trafo,648,trafo_500/77kV,4075,4076,500.0,100.0,0.001199,0
8384,trafo,649,trafo_77/66kV,4084,4085,77.0,100.0,0.001199,1
8385,trafo,650,trafo_154/77kV,4086,4087,154.0,100.0,0.001199,0
8386,trafo,651,trafo_77/66kV,4088,4089,77.0,100.0,0.001199,0
8387,trafo,652,trafo_154/66kV,4092,4093,154.0,100.0,0.001199,0
8388,trafo,653,trafo_77/66kV,4095,4096,77.0,100.0,0.001199,0
8389,trafo,654,trafo_275/154kV,4101,4102,275.0,266.74,0.000449,0
8390,trafo,655,trafo_154/77kV,4102,4103,154.0,100.0,0.001199,0
8391,trafo,656,trafo_275/154kV,4109,4110,275.0,266.74,0.000449,0
8392,trafo,657,trafo_275/77kV,4113,4114,275.0,100.0,0.001199,0
8393,trafo,658,trafo_154/66kV,4115,4116,154.0,100.0,0.001199,1
8394,trafo,659,trafo_77/66kV,4118,4119,77.0,100.0,0.001199,1
8395,trafo,660,trafo_154/77kV,4121,4122,154.0,100.0,0.001199,0
8396,trafo,661,trafo_77/66kV,4123,4124,77.0,100.0,0.001199,1
8397,trafo,662,trafo_154/77kV,4127,4128,154.0,100.0,0.001199,0
8398,trafo,663,trafo_77/66kV,4128,4129,77.0,100.0,0.001199,0
8399,trafo,664,trafo_77/66kV,4130,4131,77.0,100.0,0.001199,1
8400,trafo,665,trafo_500/275kV,4133,4134,500.0,952.63,0.000126,0
8401,trafo,666,trafo_154/77kV,4136,4137,154.0,100.0,0.001199,0
8402,trafo,667,trafo_77/66kV,4137,4138,77.0,100.0,0.001199,1
8403,trafo,668,trafo_154/77kV,4139,4140,154.0,100.0,0.001199,0
8404,trafo,669,trafo_154/77kV,4141,4142,154.0,100.0,0.001199,0
8405,trafo,670,trafo_500/154kV,4143,4144,500.0,266.74,0.000449,0
8406,trafo,671,trafo_154/77kV,4144,4145,154.0,100.0,0.001199,0
8407,trafo,672,trafo_154/66kV,4150,4151,154.0,100.0,0.001199,1
8408,trafo,673,trafo_275/154kV,4154,4155,275.0,266.74,0.000449,0
8409,trafo,674,trafo_154/66kV,4155,4156,154.0,100.0,0.001199,1
8410,trafo,675,trafo_500/275kV,4161,4162,500.0,952.63,0.000126,0
8411,trafo,676,trafo_275/77kV,4162,4163,275.0,100.0,0.001199,0
8412,trafo,677,trafo_77/66kV,4163,4164,77.0,100.0,0.001199,1
8413,trafo,678,trafo_154/77kV,4166,4167,154.0,100.0,0.001199,0
8414,trafo,679,trafo_154/77kV,4171,4172,154.0,100.0,0.001199,0
8415,trafo,680,trafo_77/66kV,4176,4177,77.0,100.0,0.001199,1
8416,trafo,681,trafo_154/77kV,4179,4180,154.0,100.0,0.001199,0
8417,trafo,682,trafo_500/66kV,4183,4184,500.0,100.0,0.001199,1
8418,trafo,683,trafo_77/66kV,4185,4186,77.0,100.0,0.001199,0
8419,trafo,684,trafo_77/66kV,4187,4188,77.0,100.0,0.001199,0
8420,trafo,685,trafo_154/77kV,4189,4190,154.0,100.0,0.001199,0
8421,trafo,686,trafo_500/154kV,4194,4195,500.0,266.74,0.000449,0
8422,trafo,687,trafo_154/77kV,4195,4196,154.0,100.0,0.001199,0
8423,trafo,688,trafo_154/77kV,4198,4199,154.0,100.0,0.001199,0
8424,trafo,689,trafo_77/66kV,4199,4200,77.0,100.0,0.001199,0
8425,trafo,690,trafo_275/77kV,4204,4205,275.0,100.0,0.001199,0
8426,trafo,691,trafo_500/154kV,4210,4211,500.0,266.74,0.000449,0
8427,trafo,692,trafo_154/77kV,4211,4212,154.0,100.0,0.001199,0
8428,trafo,693,trafo_77/66kV,4212,4213,77.0,100.0,0.001199,1
8429,trafo,694,trafo_154/77kV,4218,4219,154.0,100.0,0.001199,0
8430,trafo,695,trafo_220/66kV,4379,4378,220.0,100.0,0.001199,0
8431,trafo,696,trafo_110/66kV,4426,4834,110.0,100.0,0.001199,0
8432,trafo,697,trafo_110/66kV,4500,6332,110.0,100.0,0.001199,1
8433,trafo,698,trafo_110/66kV,4608,6093,110.0,100.0,0.001199,1
8434,trafo,699,trafo_110/66kV,4609,6094,110.0,100.0,0.001199,1
8435,trafo,700,trafo_220/66kV,4732,5603,220.0,100.0,0.001199,1
8436,trafo,701,trafo_220/66kV,4733,5604,220.0,100.0,0.001199,1
8437,trafo,702,trafo_110/66kV,4751,5607,110.0,100.0,0.001199,1
8438,trafo,703,trafo_110/66kV,4800,6313,110.0,100.0,0.001199,1
8439,trafo,704,trafo_110/66kV,4831,4830,110.0,100.0,0.001199,0
8440,trafo,705,trafo_110/66kV,5641,4883,110.0,100.0,0.001199,0
8441,trafo,706,trafo_187/66kV@nameplate,4885,4886,187.0,120.0,0.000999,0
8442,trafo,707,trafo_187/66kV,4887,4888,187.0,100.0,0.001199,0
8443,trafo,708,trafo_500/187kV,4889,4890,500.0,485.84,0.000247,0
8444,trafo,709,trafo_187/66kV,4897,4898,187.0,100.0,0.001199,0
8445,trafo,710,trafo_187/66kV,4909,4910,187.0,100.0,0.001199,0
8446,trafo,711,trafo_500/220kV,4911,4912,500.0,685.89,0.000175,0
8447,trafo,712,trafo_220/110kV,4913,4914,220.0,171.47,0.000699,0
8448,trafo,713,trafo_110/66kV,4916,4917,110.0,100.0,0.001199,0
8449,trafo,714,trafo_187/66kV,4919,4920,187.0,100.0,0.001199,0
8450,trafo,715,trafo_500/187kV,4922,4923,500.0,485.84,0.000247,0
8451,trafo,716,trafo_187/66kV,4923,4924,187.0,100.0,0.001199,0
8452,trafo,717,trafo_500/187kV,4925,4926,500.0,485.84,0.000247,0
8453,trafo,718,trafo_187/66kV,4927,4928,187.0,100.0,0.001199,0
8454,trafo,719,trafo_187/110kV,4929,4930,187.0,171.47,0.000699,0
8455,trafo,720,trafo_220/110kV,4932,4933,220.0,171.47,0.000699,0
8456,trafo,721,trafo_220/110kV,4936,4937,220.0,171.47,0.000699,0
8457,trafo,722,trafo_500/220kV,4938,4939,500.0,685.89,0.000175,0
8458,trafo,723,trafo_220/66kV,4941,4942,220.0,100.0,0.001199,0
8459,trafo,724,trafo_500/220kV,4943,4944,500.0,685.89,0.000175,0
8460,trafo,725,trafo_500/220kV,4946,4947,500.0,685.89,0.000175,0
8461,trafo,726,trafo_220/110kV,4947,4948,220.0,171.47,0.000699,0
8462,trafo,727,trafo_110/66kV,4949,4950,110.0,100.0,0.001199,1
8463,trafo,728,trafo_500/220kV,4952,4953,500.0,685.89,0.000175,0
8464,trafo,729,trafo_220/110kV,4953,4954,220.0,171.47,0.000699,0
8465,trafo,730,trafo_110/66kV,4955,4956,110.0,100.0,0.001199,0
8466,trafo,731,trafo_220/110kV,4960,4961,220.0,171.47,0.000699,0
8467,trafo,732,trafo_110/66kV,4961,4962,110.0,100.0,0.001199,0
8468,trafo,733,trafo_220/66kV,4963,4964,220.0,100.0,0.001199,0
8469,trafo,734,trafo_220/66kV,4965,4966,220.0,100.0,0.001199,0
8470,trafo,735,trafo_500/220kV,4967,4968,500.0,685.89,0.000175,0
8471,trafo,736,trafo_220/110kV,4968,4969,220.0,171.47,0.000699,0
8472,trafo,737,trafo_110/66kV,4969,4970,110.0,100.0,0.001199,0
8473,trafo,738,trafo_500/275kV,4971,4972,500.0,952.63,0.000126,0
8474,trafo,739,trafo_275/77kV,4972,4973,275.0,100.0,0.001199,0
8475,trafo,740,trafo_500/220kV,4974,4975,500.0,685.89,0.000175,0
8476,trafo,741,trafo_110/66kV,4976,4977,110.0,100.0,0.001199,0
8477,trafo,742,trafo_500/220kV,4978,4979,500.0,685.89,0.000175,0
8478,trafo,743,trafo_220/110kV,4979,4980,220.0,171.47,0.000699,0
8479,trafo,744,trafo_500/66kV,4981,4982,500.0,100.0,0.001199,0
8480,trafo,745,trafo_110/66kV,4983,4984,110.0,100.0,0.001199,0
8481,trafo,746,trafo_220/110kV,4985,4986,220.0,171.47,0.000699,0
8482,trafo,747,trafo_220/66kV,4987,4988,220.0,100.0,0.001199,0
8483,trafo,748,trafo_500/220kV,4990,4991,500.0,685.89,0.000175,0
8484,trafo,749,trafo_500/220kV,4992,4993,500.0,685.89,0.000175,0
8485,trafo,750,trafo_220/110kV,4996,4997,220.0,171.47,0.000699,0
8486,trafo,751,trafo_220/110kV,4998,4999,220.0,171.47,0.000699,0
8487,trafo,752,trafo_220/66kV,5002,5003,220.0,100.0,0.001199,0
8488,trafo,753,trafo_220/66kV,5004,5005,220.0,100.0,0.001199,0
8489,trafo,754,trafo_500/220kV,5006,5007,500.0,685.89,0.000175,0
8490,trafo,755,trafo_220/66kV,5011,5012,220.0,100.0,0.001199,0
8491,trafo,756,trafo_220/66kV,5017,5018,220.0,100.0,0.001199,0
8492,trafo,757,trafo_220/66kV,5020,5021,220.0,100.0,0.001199,0
8493,trafo,758,trafo_500/110kV,5023,5024,500.0,171.47,0.000699,0
8494,trafo,759,trafo_110/66kV,5024,5025,110.0,100.0,0.001199,0
8495,trafo,760,trafo_187/66kV,5031,5032,187.0,100.0,0.001199,1
8496,trafo,761,trafo_500/187kV,5033,5034,500.0,485.84,0.000247,0
8497,trafo,762,trafo_187/66kV,5036,5037,187.0,100.0,0.001199,0
8498,trafo,763,trafo_110/66kV,5039,5040,110.0,100.0,0.001199,1
8499,trafo,764,trafo_110/66kV,5042,5043,110.0,100.0,0.001199,1
8500,trafo,765,trafo_500/275kV,5044,5045,500.0,952.63,0.000126,0
8501,trafo,766,trafo_275/110kV,5045,5046,275.0,171.47,0.000699,0
8502,trafo,767,trafo_110/66kV,5047,5048,110.0,100.0,0.001199,0
8503,trafo,768,trafo_220/110kV,5049,5050,220.0,171.47,0.000699,0
8504,trafo,769,trafo_110/66kV,5051,5052,110.0,100.0,0.001199,1
8505,trafo,770,trafo_110/66kV,5054,5055,110.0,100.0,0.001199,0
8506,trafo,771,trafo_110/66kV,5056,5057,110.0,100.0,0.001199,1
8507,trafo,772,trafo_500/220kV,5058,5059,500.0,685.89,0.000175,0
8508,trafo,773,trafo_220/110kV,5059,5060,220.0,171.47,0.000699,0
8509,trafo,774,trafo_110/66kV,5065,5066,110.0,100.0,0.001199,0
8510,trafo,775,trafo_110/66kV,5082,5083,110.0,100.0,0.001199,0
8511,trafo,776,trafo_110/66kV,5084,5085,110.0,100.0,0.001199,0
8512,trafo,777,trafo_110/66kV,5086,5087,110.0,100.0,0.001199,0
8513,trafo,778,trafo_220/110kV,5088,5089,220.0,171.47,0.000699,0
8514,trafo,779,trafo_110/66kV,5091,5092,110.0,100.0,0.001199,0
8515,trafo,780,trafo_110/66kV,5093,5094,110.0,100.0,0.001199,0
8516,trafo,781,trafo_110/66kV,5097,5098,110.0,100.0,0.001199,0
8517,trafo,782,trafo_110/66kV,5099,5100,110.0,100.0,0.001199,0
8518,trafo,783,trafo_110/66kV,5103,5104,110.0,100.0,0.001199,0
8519,trafo,784,trafo_110/66kV,5106,5107,110.0,100.0,0.001199,0
8520,trafo,785,trafo_220/110kV,5120,5121,220.0,171.47,0.000699,0
8521,trafo,786,trafo_500/220kV,5123,5124,500.0,685.89,0.000175,0
8522,trafo,787,trafo_220/110kV,5125,5126,220.0,171.47,0.000699,0
8523,trafo,788,trafo_110/66kV,5127,5128,110.0,100.0,0.001199,0
8524,trafo,789,trafo_110/66kV,5130,5131,110.0,100.0,0.001199,0
8525,trafo,790,trafo_220/110kV,5135,5136,220.0,171.47,0.000699,0
8526,trafo,791,trafo_110/66kV,5136,5137,110.0,100.0,0.001199,0
8527,trafo,792,trafo_110/66kV,5138,5139,110.0,100.0,0.001199,0
8528,trafo,793,trafo_220/110kV,5143,5144,220.0,171.47,0.000699,0
8529,trafo,794,trafo_110/66kV,5148,5149,110.0,100.0,0.001199,0
8530,trafo,795,trafo_110/66kV,5150,5151,110.0,100.0,0.001199,0
8531,trafo,796,trafo_110/66kV,5152,5153,110.0,100.0,0.001199,0
8532,trafo,797,trafo_220/110kV,5154,5155,220.0,171.47,0.000699,0
8533,trafo,798,trafo_110/66kV,5155,5156,110.0,100.0,0.001199,1
8534,trafo,799,trafo_220/110kV,5161,5162,220.0,171.47,0.000699,0
8535,trafo,800,trafo_220/110kV,5165,5166,220.0,171.47,0.000699,0
8536,trafo,801,trafo_220/110kV,5167,5168,220.0,171.47,0.000699,0
8537,trafo,802,trafo_110/66kV,5169,5170,110.0,100.0,0.001199,0
8538,trafo,803,trafo_220/110kV,5174,5175,220.0,171.47,0.000699,0
8539,trafo,804,trafo_110/66kV,5178,5179,110.0,100.0,0.001199,0
8540,trafo,805,trafo_110/66kV,5180,5181,110.0,100.0,0.001199,0
8541,trafo,806,trafo_110/66kV,5191,5192,110.0,100.0,0.001199,0
8542,trafo,807,trafo_110/66kV,5193,5194,110.0,100.0,0.001199,0
8543,trafo,808,trafo_110/66kV,5195,5196,110.0,100.0,0.001199,1
8544,trafo,809,trafo_220/110kV,5198,5199,220.0,171.47,0.000699,0
8545,trafo,810,trafo_110/66kV,5199,5200,110.0,100.0,0.001199,1
8546,trafo,811,trafo_110/66kV,5206,5207,110.0,100.0,0.001199,0
8547,trafo,812,trafo_110/66kV,5212,5213,110.0,100.0,0.001199,0
8548,trafo,813,trafo_110/66kV,5217,5218,110.0,100.0,0.001199,1
8549,trafo,814,trafo_110/66kV,5225,5226,110.0,100.0,0.001199,0
8550,trafo,815,trafo_187/66kV,5227,5228,187.0,100.0,0.001199,0
8551,trafo,816,trafo_220/110kV,5234,5235,220.0,171.47,0.000699,0
8552,trafo,817,trafo_110/66kV,5235,5236,110.0,100.0,0.001199,1
8553,trafo,818,trafo_110/66kV,5239,5240,110.0,100.0,0.001199,1
8554,trafo,819,trafo_110/66kV,5244,5245,110.0,100.0,0.001199,0
8555,trafo,820,trafo_110/66kV,5249,5250,110.0,100.0,0.001199,1
8556,trafo,821,trafo_220/66kV,5253,5254,220.0,100.0,0.001199,0
8557,trafo,822,trafo_220/66kV,5255,5256,220.0,100.0,0.001199,0
8558,trafo,823,trafo_110/66kV,5258,5259,110.0,100.0,0.001199,0
8559,trafo,824,trafo_110/66kV,5260,5261,110.0,100.0,0.001199,0
8560,trafo,825,trafo_187/110kV,5263,5264,187.0,171.47,0.000699,0
8561,trafo,826,trafo_187/110kV,5266,5267,187.0,171.47,0.000699,0
8562,trafo,827,trafo_187/66kV,5269,5270,187.0,100.0,0.001199,1
8563,trafo,828,trafo_187/66kV,5271,5272,187.0,100.0,0.001199,0
8564,trafo,829,trafo_187/66kV,5273,5274,187.0,100.0,0.001199,0
8565,trafo,830,trafo_187/66kV,5275,5276,187.0,100.0,0.001199,0
8566,trafo,831,trafo_110/66kV,5278,5279,110.0,100.0,0.001199,0
8567,trafo,832,trafo_110/66kV,5283,5284,110.0,100.0,0.001199,1
8568,trafo,833,trafo_220/110kV,5285,5286,220.0,171.47,0.000699,0
8569,trafo,834,trafo_110/66kV,5288,5289,110.0,100.0,0.001199,0
8570,trafo,835,trafo_110/66kV,5290,6807,110.0,100.0,0.001199,1
8571,trafo,836,trafo_220/110kV,5292,5293,220.0,171.47,0.000699,0
8572,trafo,837,trafo_110/66kV,5293,5294,110.0,100.0,0.001199,1
8573,trafo,838,trafo_220/110kV,5295,5296,220.0,171.47,0.000699,0
8574,trafo,839,trafo_110/66kV,5313,5314,110.0,100.0,0.001199,1
8575,trafo,840,trafo_500/66kV,5315,5316,500.0,100.0,0.001199,1
8576,trafo,841,trafo_500/110kV,5317,5318,500.0,171.47,0.000699,0
8577,trafo,842,trafo_110/66kV,5319,5320,110.0,100.0,0.001199,1
8578,trafo,843,trafo_275/66kV,5330,5331,275.0,100.0,0.001199,1
8579,trafo,844,trafo_187/66kV,5332,5333,187.0,100.0,0.001199,1
8580,trafo,845,trafo_110/66kV,5337,5338,110.0,100.0,0.001199,1
8581,trafo,846,trafo_110/66kV,5358,5359,110.0,100.0,0.001199,1
8582,trafo,847,trafo_187/66kV,5360,5361,187.0,100.0,0.001199,0
8583,trafo,848,trafo_110/66kV,5364,5365,110.0,100.0,0.001199,1
8584,trafo,849,trafo_110/66kV,5370,5371,110.0,100.0,0.001199,0
8585,trafo,850,trafo_275/66kV,5377,5378,275.0,100.0,0.001199,1
8586,trafo,851,trafo_500/77kV,5380,5381,500.0,100.0,0.001199,0
8587,trafo,852,trafo_110/66kV,5400,5401,110.0,100.0,0.001199,0
8588,trafo,853,trafo_187/66kV,5411,5412,187.0,100.0,0.001199,0
8589,trafo,854,trafo_187/66kV,5414,5415,187.0,100.0,0.001199,1
8590,trafo,855,trafo_220/110kV,5426,5427,220.0,171.47,0.000699,0
8591,trafo,856,trafo_110/66kV,5427,5428,110.0,100.0,0.001199,1
8592,trafo,857,trafo_110/66kV,5430,5431,110.0,100.0,0.001199,0
8593,trafo,858,trafo_110/66kV,5443,5444,110.0,100.0,0.001199,0
8594,trafo,859,trafo_110/66kV,5449,5450,110.0,100.0,0.001199,0
8595,trafo,860,trafo_110/66kV,5451,5452,110.0,100.0,0.001199,0
8596,trafo,861,trafo_110/66kV,5454,5455,110.0,100.0,0.001199,0
8597,trafo,862,trafo_110/66kV,5457,5458,110.0,100.0,0.001199,0
8598,trafo,863,trafo_110/66kV,5459,5460,110.0,100.0,0.001199,0
8599,trafo,864,trafo_110/66kV,5461,5462,110.0,100.0,0.001199,1
8600,trafo,865,trafo_187/66kV,5464,5465,187.0,100.0,0.001199,0
8601,trafo,866,trafo_110/66kV,5472,5473,110.0,100.0,0.001199,1
8602,trafo,867,trafo_110/66kV,5474,5475,110.0,100.0,0.001199,1
8603,trafo,868,trafo_220/110kV,5487,5488,220.0,171.47,0.000699,0
8604,trafo,869,trafo_110/66kV,5489,5490,110.0,100.0,0.001199,1
8605,trafo,870,trafo_500/66kV,5498,5499,500.0,100.0,0.001199,0
8606,trafo,871,trafo_110/66kV,5748,5500,110.0,100.0,0.001199,0
8607,trafo,872,trafo_220/110kV,5504,5505,220.0,171.47,0.000699,0
8608,trafo,873,trafo_220/110kV,5510,5511,220.0,171.47,0.000699,0
8609,trafo,874,trafo_110/66kV,5520,5521,110.0,100.0,0.001199,1
8610,trafo,875,trafo_110/66kV,5522,5523,110.0,100.0,0.001199,1
8611,trafo,876,trafo_110/66kV,5525,5526,110.0,100.0,0.001199,0
8612,trafo,877,trafo_500/220kV,5528,5529,500.0,685.89,0.000175,0
8613,trafo,878,trafo_220/66kV,5541,5542,220.0,100.0,0.001199,0
8614,trafo,879,trafo_110/66kV,5545,5546,110.0,100.0,0.001199,1
8615,trafo,880,trafo_220/110kV,5572,5571,220.0,171.47,0.000699,1
8616,trafo,881,trafo_187/66kV@nameplate,5642,5643,187.0,120.0,0.000999,0
8617,trafo,882,trafo_187/66kV,5644,5645,187.0,100.0,0.001199,0
8618,trafo,883,trafo_500/187kV,5646,5647,500.0,485.84,0.000247,0
8619,trafo,884,trafo_187/66kV,5650,5651,187.0,100.0,0.001199,0
8620,trafo,885,trafo_220/110kV,5654,5655,220.0,171.47,0.000699,0
8621,trafo,886,trafo_187/66kV,5657,5658,187.0,100.0,0.001199,0
8622,trafo,887,trafo_500/187kV,5659,5660,500.0,485.84,0.000247,0
8623,trafo,888,trafo_187/66kV,5660,5661,187.0,100.0,0.001199,0
8624,trafo,889,trafo_500/187kV,5662,5663,500.0,485.84,0.000247,0
8625,trafo,890,trafo_187/66kV,5664,5665,187.0,100.0,0.001199,0
8626,trafo,891,trafo_500/187kV,5669,5670,500.0,485.84,0.000247,0
8627,trafo,892,trafo_500/187kV,5671,5672,500.0,485.84,0.000247,0
8628,trafo,893,trafo_187/66kV,5674,5675,187.0,100.0,0.001199,0
8629,trafo,894,trafo_220/110kV,5678,5679,220.0,171.47,0.000699,0
8630,trafo,895,trafo_110/66kV,5680,5681,110.0,100.0,0.001199,1
8631,trafo,896,trafo_187/66kV,5684,5685,187.0,100.0,0.001199,0
8632,trafo,897,trafo_187/66kV,5686,5687,187.0,100.0,0.001199,0
8633,trafo,898,trafo_187/110kV,5689,5690,187.0,171.47,0.000699,0
8634,trafo,899,trafo_110/66kV,5690,5691,110.0,100.0,0.001199,0
8635,trafo,900,trafo_187/66kV,5692,5693,187.0,100.0,0.001199,0
8636,trafo,901,trafo_187/110kV,5694,5695,187.0,171.47,0.000699,0
8637,trafo,902,trafo_187/66kV,5705,5706,187.0,100.0,0.001199,0
8638,trafo,903,trafo_187/66kV,5720,5721,187.0,100.0,0.001199,0
8639,trafo,904,trafo_500/187kV,5722,5723,500.0,485.84,0.000247,0
8640,trafo,905,trafo_187/66kV,5723,5724,187.0,100.0,0.001199,1
8641,trafo,906,trafo_500/187kV,5725,5726,500.0,485.84,0.000247,0
8642,trafo,907,trafo_187/66kV,5726,5727,187.0,100.0,0.001199,0
8643,trafo,908,trafo_220/110kV,5742,5743,220.0,171.47,0.000699,1
8644,trafo,909,trafo_500/66kV,5746,5747,500.0,100.0,0.001199,0
8645,trafo,910,trafo_220/110kV,5749,5750,220.0,171.47,0.000699,0
8646,trafo,911,trafo_220/66kV,6335,6336,220.0,100.0,0.001199,0
8647,trafo,912,trafo_220/66kV,6342,6343,220.0,100.0,0.001199,0
8648,trafo,913,trafo_500/220kV,6344,6345,500.0,685.89,0.000175,0
8649,trafo,914,trafo_220/66kV,6345,6346,220.0,100.0,0.001199,0
8650,trafo,915,trafo_500/220kV,6347,6348,500.0,685.89,0.000175,0
8651,trafo,916,trafo_500/220kV,6349,6350,500.0,685.89,0.000175,0
8652,trafo,917,trafo_500/220kV,6351,6352,500.0,685.89,0.000175,0
8653,trafo,918,trafo_220/66kV,6353,6354,220.0,100.0,0.001199,0
8654,trafo,919,trafo_500/110kV,6355,6356,500.0,171.47,0.000699,0
8655,trafo,920,trafo_220/110kV,6358,6359,220.0,171.47,0.000699,0
8656,trafo,921,trafo_110/66kV,6359,6360,110.0,100.0,0.001199,0
8657,trafo,922,trafo_220/66kV,6362,6363,220.0,100.0,0.001199,0
8658,trafo,923,trafo_220/110kV,6365,6366,220.0,171.47,0.000699,0
8659,trafo,924,trafo_110/66kV,6366,6367,110.0,100.0,0.001199,0
8660,trafo,925,trafo_220/66kV,6369,6370,220.0,100.0,0.001199,0
8661,trafo,926,trafo_220/110kV,6375,6376,220.0,171.47,0.000699,0
8662,trafo,927,trafo_110/66kV,6376,6377,110.0,100.0,0.001199,0
8663,trafo,928,trafo_220/66kV,6385,6386,220.0,100.0,0.001199,0
8664,trafo,929,trafo_500/220kV,6387,6388,500.0,685.89,0.000175,0
8665,trafo,930,trafo_220/66kV,6389,6390,220.0,100.0,0.001199,0
8666,trafo,931,trafo_220/66kV,6391,6392,220.0,100.0,0.001199,0
8667,trafo,932,trafo_500/220kV,6396,6397,500.0,685.89,0.000175,0
8668,trafo,933,trafo_500/220kV,6399,6400,500.0,685.89,0.000175,0
8669,trafo,934,trafo_500/66kV,6401,6402,500.0,100.0,0.001199,1
8670,trafo,935,trafo_220/66kV,6404,6405,220.0,100.0,0.001199,0
8671,trafo,936,trafo_500/220kV,6406,6407,500.0,685.89,0.000175,0
8672,trafo,937,trafo_220/66kV,6412,6413,220.0,100.0,0.001199,0
8673,trafo,938,trafo_220/66kV,6415,6416,220.0,100.0,0.001199,0
8674,trafo,939,trafo_220/66kV,6419,6420,220.0,100.0,0.001199,0
8675,trafo,940,trafo_500/220kV,6423,6424,500.0,685.89,0.000175,0
8676,trafo,941,trafo_220/110kV,6426,6427,220.0,171.47,0.000699,0
8677,trafo,942,trafo_110/66kV,6427,6428,110.0,100.0,0.001199,0
8678,trafo,943,trafo_500/220kV,6429,6430,500.0,685.89,0.000175,0
8679,trafo,944,trafo_220/110kV,6430,6431,220.0,171.47,0.000699,0
8680,trafo,945,trafo_110/66kV,6434,6435,110.0,100.0,0.001199,0
8681,trafo,946,trafo_500/220kV,6439,6440,500.0,685.89,0.000175,0
8682,trafo,947,trafo_220/110kV,6441,6442,220.0,171.47,0.000699,0
8683,trafo,948,trafo_110/66kV,6442,6443,110.0,100.0,0.001199,1
8684,trafo,949,trafo_220/110kV,6444,6445,220.0,171.47,0.000699,0
8685,trafo,950,trafo_500/220kV,6446,6447,500.0,685.89,0.000175,0
8686,trafo,951,trafo_220/110kV,6449,6450,220.0,171.47,0.000699,0
8687,trafo,952,trafo_110/66kV,6450,6451,110.0,100.0,0.001199,0
8688,trafo,953,trafo_220/66kV,6453,6454,220.0,100.0,0.001199,0
8689,trafo,954,trafo_500/220kV,6457,6458,500.0,685.89,0.000175,0
8690,trafo,955,trafo_220/66kV,6459,6460,220.0,100.0,0.001199,0
8691,trafo,956,trafo_500/220kV,6461,6462,500.0,685.89,0.000175,0
8692,trafo,957,trafo_220/66kV,6462,6463,220.0,100.0,0.001199,0
8693,trafo,958,trafo_500/220kV,6464,6465,500.0,685.89,0.000175,0
8694,trafo,959,trafo_110/66kV,6466,6467,110.0,100.0,0.001199,0
8695,trafo,960,trafo_220/66kV,6469,6470,220.0,100.0,0.001199,0
8696,trafo,961,trafo_220/66kV,6471,6472,220.0,100.0,0.001199,0
8697,trafo,962,trafo_220/66kV,6474,6475,220.0,100.0,0.001199,0
8698,trafo,963,trafo_220/66kV,6476,6477,220.0,100.0,0.001199,0
8699,trafo,964,trafo_220/110kV,6478,6479,220.0,171.47,0.000699,0
8700,trafo,965,trafo_110/66kV,6479,6480,110.0,100.0,0.001199,0
8701,trafo,966,trafo_110/66kV,6481,6482,110.0,100.0,0.001199,0
8702,trafo,967,trafo_220/66kV,6483,6484,220.0,100.0,0.001199,1
8703,trafo,968,trafo_220/66kV,6490,6491,220.0,100.0,0.001199,0
8704,trafo,969,trafo_220/66kV,6495,6496,220.0,100.0,0.001199,0
8705,trafo,970,trafo_220/66kV,6497,6498,220.0,100.0,0.001199,0
8706,trafo,971,trafo_220/66kV,6499,6500,220.0,100.0,0.001199,0
8707,trafo,972,trafo_220/66kV,6502,6503,220.0,100.0,0.001199,0
8708,trafo,973,trafo_110/66kV,6505,6506,110.0,100.0,0.001199,0
8709,trafo,974,trafo_500/220kV,6507,6508,500.0,685.89,0.000175,0
8710,trafo,975,trafo_220/66kV,6508,6509,220.0,100.0,0.001199,0
8711,trafo,976,trafo_220/66kV,6512,6513,220.0,100.0,0.001199,0
8712,trafo,977,trafo_220/110kV,6514,6515,220.0,171.47,0.000699,0
8713,trafo,978,trafo_110/66kV,6515,6516,110.0,100.0,0.001199,0
8714,trafo,979,trafo_220/66kV,6521,6522,220.0,100.0,0.001199,0
8715,trafo,980,trafo_500/220kV,6523,6524,500.0,685.89,0.000175,0
8716,trafo,981,trafo_220/110kV,6527,6528,220.0,171.47,0.000699,0
8717,trafo,982,trafo_110/66kV,6534,6535,110.0,100.0,0.001199,0
8718,trafo,983,trafo_220/66kV,6545,6546,220.0,100.0,0.001199,0
8719,trafo,984,trafo_220/66kV,6560,6561,220.0,100.0,0.001199,0
8720,trafo,985,trafo_220/66kV,6594,6595,220.0,100.0,0.001199,0
8721,trafo,986,trafo_500/220kV,6596,6597,500.0,685.89,0.000175,0
8722,trafo,987,trafo_220/66kV,6600,6601,220.0,100.0,0.001199,0
8723,trafo,988,trafo_220/66kV,6604,6605,220.0,100.0,0.001199,0
8724,trafo,989,trafo_220/66kV,6606,6607,220.0,100.0,0.001199,0
8725,trafo,990,trafo_500/110kV,6609,6610,500.0,171.47,0.000699,0
8726,trafo,991,trafo_110/66kV,6610,6611,110.0,100.0,0.001199,0
8727,trafo,992,trafo_220/110kV,6612,6613,220.0,171.47,0.000699,0
8728,trafo,993,trafo_110/66kV,6613,6614,110.0,100.0,0.001199,0
8729,trafo,994,trafo_110/66kV,6615,6616,110.0,100.0,0.001199,0
8730,trafo,995,trafo_220/110kV,6617,6618,220.0,171.47,0.000699,0
8731,trafo,996,trafo_110/66kV,6619,6620,110.0,100.0,0.001199,0
8732,trafo,997,trafo_110/66kV,6621,6622,110.0,100.0,0.001199,0
8733,trafo,998,trafo_220/110kV,6624,6625,220.0,171.47,0.000699,0
8734,trafo,999,trafo_110/66kV,6626,6627,110.0,100.0,0.001199,0
8735,trafo,1000,trafo_220/110kV,6629,6630,220.0,171.47,0.000699,0
8736,trafo,1002,trafo_220/66kV,6640,6641,220.0,100.0,0.001199,0
8737,trafo,1003,trafo_220/110kV,6642,6643,220.0,171.47,0.000699,0
8738,trafo,1004,trafo_110/66kV,6643,6644,110.0,100.0,0.001199,0
8739,trafo,1005,trafo_220/110kV,6645,6646,220.0,171.47,0.000699,0
8740,trafo,1006,trafo_110/66kV,6646,6647,110.0,100.0,0.001199,0
8741,trafo,1007,trafo_220/66kV,6648,6649,220.0,100.0,0.001199,0
8742,trafo,1008,trafo_220/66kV,6650,6651,220.0,100.0,0.001199,0
8743,trafo,1009,trafo_110/66kV,6652,6653,110.0,100.0,0.001199,1
8744,trafo,1010,trafo_220/66kV,6655,6656,220.0,100.0,0.001199,0
8745,trafo,1011,trafo_110/66kV,6657,6658,110.0,100.0,0.001199,0
8746,trafo,1012,trafo_110/66kV,6664,6665,110.0,100.0,0.001199,0
8747,trafo,1013,trafo_500/220kV,6667,6668,500.0,685.89,0.000175,0
8748,trafo,1014,trafo_220/66kV,6668,6669,220.0,100.0,0.001199,0
8749,trafo,1015,trafo_220/66kV,6671,6672,220.0,100.0,0.001199,0
8750,trafo,1016,trafo_220/66kV,6675,6676,220.0,100.0,0.001199,0
8751,trafo,1017,trafo_220/66kV,6681,6682,220.0,100.0,0.001199,0
8752,trafo,1018,trafo_220/66kV,6683,6684,220.0,100.0,0.001199,1
8753,trafo,1019,trafo_220/66kV,6686,6687,220.0,100.0,0.001199,0
8754,trafo,1020,trafo_220/66kV,6688,6689,220.0,100.0,0.001199,0
8755,trafo,1021,trafo_220/66kV,6690,6691,220.0,100.0,0.001199,1
8756,trafo,1022,trafo_220/66kV,6693,6694,220.0,100.0,0.001199,0
8757,trafo,1023,trafo_110/66kV,6696,6697,110.0,100.0,0.001199,0
8758,trafo,1024,trafo_220/66kV,6699,6700,220.0,100.0,0.001199,0
8759,trafo,1025,trafo_110/66kV,6719,6720,110.0,100.0,0.001199,1
8760,trafo,1026,trafo_110/66kV,6723,6724,110.0,100.0,0.001199,1
8761,trafo,1027,trafo_110/66kV,6766,6767,110.0,100.0,0.001199,1
8762,trafo,1028,trafo_110/66kV,6779,6780,110.0,100.0,0.001199,0
8763,trafo,1029,trafo_220/66kV,6783,6784,220.0,100.0,0.001199,0
8764,trafo,1030,trafo_220/66kV,6785,6786,220.0,100.0,0.001199,0
8765,trafo,1031,trafo_110/66kV,6787,6788,110.0,100.0,0.001199,0
8766,trafo,1032,trafo_110/66kV,6789,6790,110.0,100.0,0.001199,0
8767,trafo,1033,trafo_220/66kV,6814,6815,220.0,100.0,0.001199,1
8768,trafo,1034,trafo_110/66kV,6828,6829,110.0,100.0,0.001199,0
8769,trafo,1035,trafo_220/110kV,6850,6851,220.0,171.47,0.000699,0
8770,trafo,1036,trafo_220/110kV,6856,6857,220.0,171.47,0.000699,0
8771,trafo,1037,trafo_220/66kV,6858,6859,220.0,100.0,0.001199,0
8772,trafo,1038,trafo_110/66kV,6860,6861,110.0,100.0,0.001199,0
8773,trafo,1039,trafo_110/66kV,6862,6863,110.0,100.0,0.001199,1
8774,trafo,1040,trafo_110/66kV,6864,6865,110.0,100.0,0.001199,0
8775,trafo,1041,trafo_110/66kV,6867,6868,110.0,100.0,0.001199,0
8776,trafo,1042,trafo_110/66kV,6899,6900,110.0,100.0,0.001199,0
8777,trafo,1043,trafo_110/66kV,6901,6902,110.0,100.0,0.001199,1
8778,trafo,1044,trafo_110/66kV,6906,6907,110.0,100.0,0.001199,1
8779,trafo,1045,trafo_110/66kV,6920,6921,110.0,100.0,0.001199,1
8780,trafo,1046,trafo_220/66kV,6923,6924,220.0,100.0,0.001199,0
8781,trafo,1047,trafo_220/66kV,6929,6930,220.0,100.0,0.001199,0
8782,trafo,1048,trafo_110/66kV,6934,6935,110.0,100.0,0.001199,0
8783,trafo,1049,trafo_110/66kV,6941,6942,110.0,100.0,0.001199,0
8784,trafo,1050,trafo_110/66kV,6962,6963,110.0,100.0,0.001199,0
8785,trafo,1051,trafo_220/66kV,6968,6969,220.0,100.0,0.001199,1
8786,trafo,1052,trafo_220/66kV,6990,6991,220.0,100.0,0.001199,0
8787,trafo,1053,trafo_500/66kV,7016,7017,500.0,100.0,0.001199,0
8788,trafo,1054,trafo_220/66kV,7033,7034,220.0,100.0,0.001199,0
8789,trafo,1055,trafo_220/66kV,7037,7038,220.0,100.0,0.001199,0
8790,trafo,1056,trafo_220/66kV,7040,7041,220.0,100.0,0.001199,0
8791,trafo,1057,trafo_220/66kV,7042,7043,220.0,100.0,0.001199,0
8792,trafo,1058,trafo_500/220kV,7044,7045,500.0,685.89,0.000175,1
8793,trafo,1059,trafo_220/66kV,7045,7046,220.0,100.0,0.001199,0
8794,trafo,1060,trafo_110/66kV,7049,7050,110.0,100.0,0.001199,0
8795,trafo,1061,trafo_500/220kV,7051,7052,500.0,685.89,0.000175,0
8796,trafo,1062,trafo_220/66kV,7052,7053,220.0,100.0,0.001199,1
8797,trafo,1063,trafo_500/220kV,7056,7057,500.0,685.89,0.000175,0
8798,trafo,1064,trafo_220/66kV,7057,7058,220.0,100.0,0.001199,1
8799,trafo,1065,trafo_220/110kV,7077,7078,220.0,171.47,0.000699,0
8800,trafo,1066,trafo_110/66kV,7078,7079,110.0,100.0,0.001199,1
8801,trafo,1067,trafo_220/66kV,7084,7085,220.0,100.0,0.001199,0
