col,pp_bus,built_node_id,kv,lat,lon
0,0,chubu_jct_35.3906:136.2855:77,77.0,35.39062,136.28554
1,1,chubu_jct_35.4075:136.2772:77,77.0,35.40752,136.27716
2,2,chubu_jct_35.4154:136.275:77,77.0,35.41543,136.27501
3,3,chubu_jct_35.4154:136.317:77,77.0,35.41543,136.31695
4,4,chubu_jct_35.3719:136.2914:77,77.0,35.37188,136.29141
5,5,chubu_jct_35.3662:136.2772:66,66.0,35.36622,136.27723
6,6,chubu_jct_35.399:136.3593:66,66.0,35.39899,136.35931
7,7,chubu_jct_35.3874:136.2738:0,66.0,35.38739,136.27383
8,10,chubu_jct_35.2966:136.772:66,66.0,35.29661,136.772
9,13,chubu_jct_34.6352:136.4901:77,77.0,34.63519,136.49015
10,14,chubu_jct_34.5758:136.5149:77,77.0,34.57583,136.51493
11,15,chubu_jct_34.6367:136.5075:77,77.0,34.63674,136.50753
12,16,chubu_jct_34.6364:136.5078:77,77.0,34.63644,136.50777
13,17,chubu_jct_35.0379:137.0111:275,275.0,35.03791,137.01114
14,18,chubu_jct_35.306:136.7659:66,66.0,35.30604,136.76591
15,22,chubu_jct_34.9541:136.1452:77,77.0,34.95413,136.14516
16,23,chubu_jct_34.7957:138.0879:77,77.0,34.7957,138.08785
17,24,chubu_jct_35.2879:136.7367:66,66.0,35.28793,136.73666
18,25,chubu_jct_36.5743:138.0314:77,77.0,36.57428,138.03138
19,26,chubu_jct_36.5269:138.0884:77,77.0,36.52691,138.08838
20,32,chubu_jct_35.315:136.777:154,154.0,35.31496,136.77702
21,35,chubu_jct_35.2591:136.8683:154,154.0,35.25912,136.86832
22,36,chubu_jct_34.922:136.9727:154,154.0,34.92203,136.97271
23,37,chubu_jct_34.8349:137.0228:275,275.0,34.83495,137.02279
24,38,chubu_jct_34.8143:137.0493:275,275.0,34.81429,137.04931
25,39,chubu_jct_34.8126:137.0703:275,275.0,34.81263,137.07028
26,40,chubu_jct_34.6559:138.1412:77,77.0,34.65592,138.14123
27,43,chubu_jct_35.6223:136.0784:154,154.0,35.62227,136.07841
28,46,chubu_jct_36.3041:138.5117:77,77.0,36.30411,138.51174
29,47,chubu_jct_36.6078:138.2552:77,77.0,36.60785,138.25521
30,48,chubu_jct_36.6131:138.2264:77,77.0,36.61314,138.22643
31,49,chubu_jct_36.6612:138.2419:77,77.0,36.66121,138.24188
32,50,chubu_jct_36.6937:138.2353:77,77.0,36.69374,138.23528
33,51,chubu_jct_36.7471:138.2174:77,77.0,36.74715,138.21742
34,52,chubu_jct_36.7231:138.3064:77,77.0,36.72311,138.3064
35,53,chubu_jct_36.5897:138.1375:0,66.0,36.58973,138.13749
36,54,chubu_jct_36.5061:138.0752:77,77.0,36.50611,138.07521
37,55,chubu_jct_36.5397:138.0975:77,77.0,36.53971,138.09747
38,56,chubu_jct_36.5546:138.1438:77,77.0,36.55457,138.14384
39,57,chubu_jct_36.5541:138.1492:77,77.0,36.5541,138.14922
40,58,chubu_jct_35.5332:137.9425:500,500.0,35.53315,137.94255
41,59,chubu_jct_34.7849:137.3993:77,77.0,34.78492,137.39928
42,60,chubu_jct_34.9987:138.3403:110,110.0,34.99871,138.34033
43,61,chubu_jct_35.0156:138.3362:110,110.0,35.01556,138.33621
44,66,chubu_jct_35.2:138.5619:77,77.0,35.20005,138.56187
45,67,chubu_jct_35.19:138.5756:77,77.0,35.19001,138.57559
46,68,chubu_jct_35.0096:138.2546:275,275.0,35.00957,138.25456
47,69,chubu_jct_34.945:138.3022:110,110.0,34.94503,138.30225
48,70,chubu_jct_36.323:138.0474:275,275.0,36.32297,138.04742
49,71,chubu_jct_36.0963:137.9911:77,77.0,36.09626,137.99108
50,72,chubu_jct_35.3618:136.735:154,154.0,35.36177,136.73499
51,73,chubu_jct_35.3793:136.7582:154,154.0,35.37933,136.75816
52,74,chubu_jct_35.3323:136.8411:154,154.0,35.3323,136.84107
53,75,chubu_jct_35.285:136.8561:154,154.0,35.28498,136.85608
54,76,chubu_jct_34.8404:135.9221:500,500.0,34.84042,135.92206
55,77,chubu_jct_35.4662:136.8062:77,77.0,35.46615,136.80622
56,78,chubu_jct_35.35:136.5844:275,275.0,35.35,136.58436
57,79,chubu_jct_35.4361:136.6363:154,154.0,35.43614,136.63628
58,80,chubu_jct_35.3794:136.5697:154,154.0,35.3794,136.56967
59,81,chubu_jct_35.3231:136.3424:154,154.0,35.32306,136.34241
60,82,chubu_jct_35.3097:136.3172:154,154.0,35.30973,136.31716
61,83,chubu_jct_35.444:136.6373:154,154.0,35.44404,136.63728
62,84,chubu_jct_35.4502:136.6281:154,154.0,35.45018,136.62812
63,85,chubu_jct_35.4288:136.6819:77,77.0,35.42876,136.68194
64,86,chubu_jct_35.6053:136.8348:500,500.0,35.60534,136.83476
65,87,chubu_jct_35.5508:136.6348:500,500.0,35.55077,136.63484
66,88,chubu_jct_35.1431:137.1249:275,275.0,35.14308,137.12491
67,89,chubu_jct_36.548:136.7213:154,154.0,36.548,136.72135
68,90,chubu_jct_34.9374:138.3428:110,110.0,34.93743,138.3428
69,91,chubu_jct_34.9355:138.3065:110,110.0,34.93547,138.30648
70,92,chubu_jct_34.879:137.4684:275,275.0,34.87901,137.46841
71,93,chubu_jct_35.2195:137.261:275,275.0,35.21952,137.26095
72,94,chubu_jct_35.0409:137.229:275,275.0,35.04088,137.22897
73,95,chubu_jct_35.0262:137.249:77,77.0,35.02622,137.24898
74,96,chubu_jct_34.8881:137.4126:275,275.0,34.88808,137.4126
75,97,chubu_jct_34.8756:137.27:275,275.0,34.87564,137.26998
76,98,chubu_jct_34.8275:137.6993:275,275.0,34.82752,137.69933
77,99,chubu_jct_34.8874:137.8295:275,275.0,34.88744,137.82948
78,100,chubu_jct_34.8427:138.0282:275,275.0,34.84271,138.02821
79,101,chubu_jct_34.7061:137.3912:154,154.0,34.70611,137.39117
80,102,chubu_jct_34.7533:137.475:154,154.0,34.75327,137.47504
81,103,chubu_jct_34.7944:137.6665:154,154.0,34.79444,137.66648
82,104,chubu_jct_34.7842:137.6848:154,154.0,34.78419,137.68478
83,105,chubu_jct_35.1462:137.101:275,275.0,35.14617,137.10099
84,106,chubu_jct_35.0322:138.3386:110,110.0,35.03221,138.3386
85,107,chubu_jct_34.8622:138.0693:275,275.0,34.86215,138.06931
86,108,chubu_jct_35.0513:138.5075:77,77.0,35.05134,138.50753
87,109,chubu_jct_34.8252:138.0408:275,275.0,34.82524,138.04084
88,110,chubu_jct_34.6755:138.1592:500,500.0,34.67553,138.15922
89,111,chubu_jct_34.8267:138.1072:500,500.0,34.82665,138.10724
90,112,chubu_jct_34.8366:138.1006:500,500.0,34.83662,138.10056
91,113,chubu_jct_34.8923:137.8329:275,275.0,34.8923,137.83288
92,114,chubu_jct_35.8778:137.2001:154,154.0,35.87781,137.20008
93,115,chubu_jct_35.5814:136.8841:154,154.0,35.58143,136.8841
94,116,chubu_jct_35.4666:136.7096:154,154.0,35.46658,136.70961
95,117,chubu_jct_35.4596:136.7049:154,154.0,35.45963,136.70491
96,118,chubu_jct_35.0505:136.0946:275,275.0,35.05046,136.09465
97,119,chubu_jct_34.8663:135.9008:500,500.0,34.86634,135.90078
98,120,chubu_jct_35.1003:136.5866:275,275.0,35.10034,136.5866
99,121,chubu_jct_35.1308:136.5476:275,275.0,35.13077,136.54757
100,122,chubu_jct_35.0845:136.6207:275,275.0,35.08448,136.62068
101,123,chubu_jct_35.4307:137.1081:154,154.0,35.43066,137.10812
102,124,chubu_jct_34.954:138.348:0,275.0,34.95398,138.34796
103,126,chubu_jct_34.7601:137.436:77,77.0,34.76006,137.43598
104,127,chubu_jct_34.7337:137.417:77,77.0,34.73374,137.417
105,128,chubu_jct_34.8326:137.4594:154,154.0,34.83262,137.45937
106,129,chubu_jct_35.0565:136.7943:154,154.0,35.05652,136.79431
107,130,chubu_jct_35.1635:136.8164:77,77.0,35.16353,136.81637
108,131,chubu_jct_35.1609:136.8316:77,77.0,35.16091,136.83165
109,132,chubu_jct_35.1701:136.7436:154,154.0,35.17011,136.74364
110,133,chubu_jct_35.1253:136.7264:77,77.0,35.1253,136.72644
111,134,chubu_jct_35.0694:136.6689:275,275.0,35.06937,136.66891
112,135,chubu_jct_35.1082:136.702:77,77.0,35.10822,136.70203
113,136,chubu_jct_35.1419:136.7598:77,77.0,35.14192,136.75984
114,137,chubu_jct_35.06:136.9712:77,77.0,35.05996,136.97121
115,138,chubu_jct_35.0962:136.9207:77,77.0,35.09621,136.92069
116,139,chubu_jct_35.0897:136.8643:0,66.0,35.08974,136.86433
117,140,chubu_jct_35.1398:136.8387:77,77.0,35.13976,136.83867
118,141,chubu_jct_35.0631:136.8175:154,154.0,35.06313,136.81745
119,142,chubu_jct_35.0556:136.9843:154,154.0,35.05561,136.98433
120,143,chubu_jct_35.0557:136.9845:154,154.0,35.05567,136.9845
121,144,chubu_jct_35.1945:136.9712:77,77.0,35.19455,136.97116
122,145,chubu_jct_35.1288:137.0884:154,154.0,35.12881,137.08835
123,146,chubu_jct_35.171:137.2512:154,154.0,35.171,137.25117
124,147,chubu_jct_34.9881:136.8466:275,275.0,34.9881,136.84663
125,148,chubu_jct_34.9892:136.8443:275,275.0,34.98921,136.84431
126,149,chubu_jct_35.2218:136.9412:77,77.0,35.22177,136.9412
127,150,chubu_jct_34.9909:136.9704:77,77.0,34.99094,136.97042
128,151,chubu_jct_34.991:136.9738:77,77.0,34.99099,136.97377
129,152,chubu_jct_34.9922:136.9845:77,77.0,34.99221,136.98451
130,153,chubu_jct_34.974:136.9954:154,154.0,34.974,136.99538
131,154,chubu_jct_35.0019:136.9674:77,77.0,35.00189,136.96742
132,155,chubu_jct_35.0072:137.0963:77,77.0,35.00723,137.0963
133,156,chubu_jct_35.0482:137.1849:77,77.0,35.04822,137.18486
134,157,chubu_jct_35.0375:137.1819:77,77.0,35.03754,137.18187
135,158,chubu_jct_34.9793:137.1602:77,77.0,34.97932,137.16017
136,159,chubu_jct_35.0492:137.0905:77,77.0,35.04921,137.09051
137,160,chubu_jct_34.8909:137.0699:154,154.0,34.89092,137.06993
138,161,chubu_jct_34.9141:136.9977:154,154.0,34.91409,136.99774
139,162,chubu_jct_35.1492:137.3444:154,154.0,35.14915,137.34435
140,163,chubu_jct_35.2114:137.3982:154,154.0,35.21145,137.39821
141,164,chubu_jct_35.2255:137.4074:154,154.0,35.22548,137.40735
142,165,chubu_jct_35.2387:137.4175:154,154.0,35.23872,137.41746
143,166,chubu_jct_35.2385:137.4192:154,154.0,35.23853,137.41921
144,167,chubu_jct_35.1466:136.8281:154,154.0,35.14658,136.8281
145,168,chubu_jct_35.037:136.7364:77,77.0,35.03701,136.73639
146,169,chubu_jct_35.0178:136.666:77,77.0,35.01776,136.66598
147,170,chubu_jct_35.1085:136.6301:154,154.0,35.10849,136.63015
148,171,chubu_jct_35.0278:136.5982:154,154.0,35.0278,136.59824
149,172,chubu_jct_34.9252:136.611:154,154.0,34.92524,136.61104
150,175,chubu_jct_34.8151:136.5543:77,77.0,34.81506,136.55426
151,176,chubu_jct_34.8369:136.5436:77,77.0,34.83694,136.54364
152,177,chubu_jct_34.8267:136.5569:77,77.0,34.82668,136.55694
153,178,chubu_jct_34.7437:136.499:77,77.0,34.74375,136.49903
154,181,chubu_jct_34.7219:136.5033:77,77.0,34.72193,136.50326
155,182,chubu_jct_34.7235:136.483:77,77.0,34.72353,136.48296
156,183,chubu_jct_34.713:136.5:77,77.0,34.71303,136.49998
157,184,chubu_jct_34.857:136.5499:77,77.0,34.85703,136.54988
158,185,chubu_jct_34.9403:136.612:154,154.0,34.94027,136.61196
159,186,chubu_jct_34.7902:137.3671:77,77.0,34.79018,137.36708
160,187,chubu_jct_34.778:137.3459:77,77.0,34.77799,137.34588
161,188,chubu_jct_34.7443:137.3566:77,77.0,34.74431,137.35663
162,189,chubu_jct_34.8645:137.1821:77,77.0,34.86453,137.18212
163,190,chubu_jct_34.8519:137.1956:77,77.0,34.85191,137.19558
164,191,chubu_jct_34.8293:137.2726:77,77.0,34.82931,137.27263
165,192,chubu_jct_34.8222:137.3071:77,77.0,34.82225,137.30709
166,193,chubu_jct_34.8129:137.3648:77,77.0,34.81289,137.36484
167,194,chubu_jct_35.3314:136.9182:77,77.0,35.33138,136.91816
168,195,chubu_jct_35.295:136.942:77,77.0,35.29498,136.94197
169,196,chubu_jct_34.8371:137.4853:154,154.0,34.83708,137.48535
170,197,chubu_jct_35.3905:136.3627:154,154.0,35.39053,136.36265
171,198,chubu_jct_35.5581:135.9749:275,275.0,35.55808,135.97492
172,199,chubu_jct_35.5538:135.9779:275,275.0,35.55385,135.97788
173,200,chubu_jct_35.3152:136.2989:154,154.0,35.31518,136.29889
174,201,chubu_jct_35.249:136.2917:154,154.0,35.24902,136.29166
175,202,chubu_jct_35.2437:136.2674:154,154.0,35.24367,136.26739
176,203,chubu_jct_35.245:136.2721:154,154.0,35.24501,136.27207
177,204,chubu_jct_35.1484:136.21:77,77.0,35.14843,136.21001
178,205,chubu_jct_35.144:136.2116:77,77.0,35.14397,136.2116
179,206,chubu_jct_35.1086:136.2099:77,77.0,35.10865,136.20986
180,207,chubu_jct_35.2564:136.2826:154,154.0,35.25644,136.28255
181,208,chubu_jct_35.1487:136.2117:77,77.0,35.14868,136.21174
182,209,chubu_jct_35.1939:136.208:154,154.0,35.19391,136.20804
183,210,chubu_jct_35.1962:136.2456:77,77.0,35.19623,136.24562
184,211,chubu_jct_35.1038:136.2207:77,77.0,35.10376,136.22071
185,212,chubu_jct_35.0936:136.2431:77,77.0,35.09365,136.24311
186,213,chubu_jct_35.0903:136.2536:77,77.0,35.09033,136.25357
187,214,chubu_jct_35.0686:136.0509:154,154.0,35.06864,136.05088
188,215,chubu_jct_35.0701:136.0442:77,77.0,35.07014,136.04419
189,216,chubu_jct_35.064:136.0365:77,77.0,35.06396,136.03653
190,217,chubu_jct_35.0446:136.0074:0,66.0,35.04456,136.00738
191,220,chubu_jct_35.5425:136.8421:154,154.0,35.5425,136.84207
192,221,chubu_jct_35.5092:136.8039:154,154.0,35.5092,136.80387
193,222,chubu_jct_35.5801:136.7183:500,500.0,35.58006,136.71826
194,223,chubu_jct_35.7276:136.6644:500,500.0,35.72755,136.66445
195,224,chubu_jct_34.7397:137.3565:77,77.0,34.73973,137.35648
196,225,chubu_jct_34.9987:136.1731:77,77.0,34.99866,136.17309
197,226,chubu_jct_34.8681:135.8948:275,275.0,34.86811,135.89483
198,229,chubu_jct_35.3755:136.5159:0,66.0,35.37549,136.51591
199,230,chubu_jct_34.7631:137.7322:154,154.0,34.76311,137.73215
200,231,chubu_jct_34.7634:137.7458:77,77.0,34.76343,137.74578
201,232,chubu_jct_34.799:137.7635:154,154.0,34.79902,137.76355
202,233,chubu_jct_34.812:137.7415:154,154.0,34.812,137.74154
203,234,chubu_jct_34.8101:137.7431:154,154.0,34.81006,137.74313
204,235,chubu_jct_34.7613:137.7298:154,154.0,34.7613,137.72977
205,236,chubu_jct_34.8015:137.6474:154,154.0,34.80151,137.6474
206,237,chubu_jct_34.8063:137.5944:154,154.0,34.80628,137.59442
207,238,chubu_jct_34.7554:137.8794:77,77.0,34.7554,137.87943
208,239,chubu_jct_34.7694:137.916:77,77.0,34.76945,137.91597
209,240,chubu_jct_34.7757:137.9445:77,77.0,34.77573,137.9445
210,241,chubu_jct_34.7808:137.962:77,77.0,34.78085,137.96204
211,242,chubu_jct_34.7308:137.7819:77,77.0,34.73083,137.78188
212,243,chubu_jct_34.7192:137.7473:77,77.0,34.71924,137.74726
213,244,chubu_jct_35.3728:136.5147:0,66.0,35.37275,136.5147
214,245,chubu_jct_35.1331:136.1817:77,77.0,35.13305,136.18174
215,246,chubu_jct_34.733:137.7192:77,77.0,34.73295,137.71919
216,247,chubu_jct_34.7266:137.6887:77,77.0,34.72661,137.68873
217,248,chubu_jct_34.6854:137.7372:77,77.0,34.68538,137.73725
218,249,chubu_jct_34.6713:137.7527:77,77.0,34.67129,137.7527
219,250,chubu_jct_34.6937:137.6669:77,77.0,34.6937,137.66686
220,251,chubu_jct_34.6954:137.712:77,77.0,34.69535,137.71197
221,252,chubu_jct_34.6603:137.7518:77,77.0,34.6603,137.75182
222,253,chubu_jct_34.7274:137.6874:77,77.0,34.7274,137.6874
223,254,chubu_jct_34.7145:137.6609:154,154.0,34.71451,137.66092
224,255,chubu_jct_34.7559:137.7189:154,154.0,34.75589,137.7189
225,256,chubu_jct_34.7315:137.8375:77,77.0,34.73153,137.83748
226,257,chubu_jct_34.7032:137.8386:77,77.0,34.70323,137.83857
227,258,chubu_jct_34.6535:137.7857:77,77.0,34.65348,137.78572
228,259,chubu_jct_34.8112:137.812:154,154.0,34.81124,137.812
229,260,chubu_jct_34.7922:137.8137:154,154.0,34.79225,137.81366
230,261,chubu_jct_34.8413:137.78:0,66.0,34.8413,137.77995
231,262,chubu_jct_34.8637:137.7989:0,66.0,34.86365,137.79892
232,263,chubu_jct_34.781:137.8081:154,154.0,34.78097,137.80811
233,264,chubu_jct_35.7466:137.2028:154,154.0,35.74656,137.20284
234,265,chubu_jct_34.8185:137.7149:154,154.0,34.81854,137.71488
235,266,chubu_jct_34.6898:137.8195:77,77.0,34.68976,137.81946
236,267,chubu_jct_34.7121:137.8158:77,77.0,34.71208,137.81584
237,268,chubu_jct_34.946:137.8125:154,154.0,34.94599,137.81249
238,269,chubu_jct_35.0843:136.0714:154,154.0,35.08433,136.07138
239,270,chubu_jct_35.0696:136.0322:77,77.0,35.06962,136.03224
240,271,chubu_jct_35.401:136.6706:154,154.0,35.40098,136.67059
241,272,chubu_jct_35.121:138.3531:154,154.0,35.12095,138.35308
242,273,chubu_jct_35.0942:138.3786:154,154.0,35.09421,138.37857
243,274,chubu_jct_35.3866:136.9929:77,77.0,35.38657,136.99293
244,275,chubu_jct_35.3815:137.0152:77,77.0,35.38146,137.01519
245,276,chubu_jct_35.3949:137.0229:154,154.0,35.39489,137.02289
246,277,chubu_jct_35.094:136.6317:154,154.0,35.09396,136.63173
247,278,chubu_jct_35.4059:137.1862:154,154.0,35.40588,137.18616
248,279,chubu_jct_35.4047:137.1863:154,154.0,35.40471,137.18632
249,280,chubu_jct_35.4686:137.1683:275,275.0,35.46863,137.16829
250,281,chubu_jct_35.4893:137.083:77,77.0,35.4893,137.08303
251,282,chubu_jct_35.4742:137.0761:77,77.0,35.47424,137.07611
252,283,chubu_jct_35.395:137.0251:154,154.0,35.39503,137.02514
253,284,chubu_jct_35.4185:137.0353:77,77.0,35.41851,137.03527
254,285,chubu_jct_35.4529:137.0827:0,66.0,35.4529,137.08273
255,286,chubu_jct_35.4832:137.1136:77,77.0,35.48316,137.1136
256,287,chubu_jct_35.2365:136.8013:154,154.0,35.23652,136.80132
257,288,chubu_jct_35.4018:137.0047:77,77.0,35.40176,137.00473
258,289,chubu_jct_35.0488:138.2493:110,110.0,35.04885,138.24927
259,290,chubu_jct_37.2037:138.2808:275,275.0,37.2037,138.28081
260,295,chubu_jct_34.7139:137.3361:0,66.0,34.71389,137.33609
261,296,chubu_jct_34.9221:137.1835:77,77.0,34.92208,137.18347
262,297,chubu_jct_34.9143:137.1667:77,77.0,34.91432,137.16671
263,298,chubu_jct_34.9136:137.1635:77,77.0,34.91359,137.16355
264,299,chubu_jct_34.9293:137.1803:66,66.0,34.9293,137.18032
265,300,chubu_jct_34.9232:137.2196:66,66.0,34.92323,137.21962
266,301,chubu_jct_34.9388:137.1585:77,77.0,34.93885,137.15853
267,305,chubu_jct_35.2806:136.8917:154,154.0,35.28059,136.89169
268,306,chubu_jct_35.2913:136.9012:154,154.0,35.29131,136.90115
269,307,chubu_jct_35.3231:136.9482:154,154.0,35.32311,136.9482
270,308,chubu_jct_35.3624:136.9493:77,77.0,35.36239,136.94931
271,309,chubu_jct_35.3623:136.9493:77,77.0,35.3623,136.9493
272,311,chubu_jct_35.0309:136.888:275,275.0,35.03089,136.88798
273,312,chubu_jct_35.0282:137.0593:77,77.0,35.02815,137.05931
274,313,chubu_jct_35.0389:136.9861:154,154.0,35.0389,136.98605
275,314,chubu_jct_34.8488:137.4713:275,275.0,34.84879,137.47128
276,315,chubu_jct_35.2974:136.9727:154,154.0,35.29744,136.97273
277,316,chubu_jct_35.059:137.0917:77,77.0,35.05896,137.09172
278,317,chubu_jct_35.0584:137.0962:77,77.0,35.05841,137.09618
279,318,chubu_jct_34.923:137.5461:77,77.0,34.92304,137.54613
280,319,chubu_jct_34.9175:137.5436:77,77.0,34.91749,137.54358
281,320,chubu_jct_34.8717:137.4998:77,77.0,34.87166,137.49979
282,321,chubu_jct_35.0807:136.6189:154,154.0,35.08068,136.61892
283,322,chubu_jct_35.0273:136.5921:154,154.0,35.0273,136.59212
284,325,chubu_jct_36.4333:136.6001:77,77.0,36.43333,136.60013
285,326,chubu_jct_36.4452:136.5983:77,77.0,36.44524,136.5983
286,328,chubu_jct_35.3341:136.7992:154,154.0,35.33406,136.79918
287,329,chubu_jct_35.3707:137.1784:154,154.0,35.37068,137.17842
288,330,chubu_jct_35.3621:137.1527:154,154.0,35.36214,137.15268
289,331,chubu_jct_35.321:137.0425:154,154.0,35.32104,137.04249
290,332,chubu_jct_35.5175:137.5316:154,154.0,35.51749,137.53164
291,333,chubu_jct_35.3797:137.2389:77,77.0,35.37965,137.23889
292,334,chubu_jct_35.506:137.4686:154,154.0,35.50605,137.46865
293,335,chubu_jct_35.4777:137.404:154,154.0,35.47775,137.40401
294,336,chubu_jct_35.3223:136.97:154,154.0,35.32226,136.96997
295,337,chubu_jct_35.3191:136.9702:154,154.0,35.31907,136.97025
296,338,chubu_jct_35.696:137.7473:154,154.0,35.69595,137.74729
297,339,chubu_jct_35.7665:137.7066:154,154.0,35.76653,137.70659
298,340,chubu_jct_35.2331:136.7553:66,154.0,35.23307,136.7553
299,341,chubu_jct_35.5964:137.5947:154,154.0,35.59644,137.59473
300,342,chubu_jct_35.616:137.6058:154,154.0,35.61598,137.60583
301,343,chubu_jct_35.6736:137.6554:154,154.0,35.67356,137.65542
302,344,chubu_jct_35.8969:137.7735:154,154.0,35.89685,137.77355
303,345,chubu_jct_35.9449:137.7941:154,154.0,35.94486,137.79408
304,346,chubu_jct_34.9854:136.5425:154,154.0,34.98539,136.54245
305,347,chubu_jct_34.999:136.5283:154,154.0,34.99901,136.52826
306,348,chubu_jct_35.0016:136.5291:154,154.0,35.00158,136.52915
307,349,chubu_jct_35.0285:136.5135:154,154.0,35.02854,136.5135
308,350,chubu_jct_35.0232:136.5932:154,154.0,35.02321,136.59324
309,351,chubu_jct_35.0054:136.5673:154,154.0,35.0054,136.56729
310,352,chubu_jct_34.9562:136.5719:154,154.0,34.95623,136.57186
311,353,chubu_jct_35.0125:136.5275:154,154.0,35.01255,136.52745
312,354,chubu_jct_34.9789:136.4536:275,275.0,34.97885,136.45357
313,355,chubu_jct_35.0858:136.5353:275,275.0,35.08581,136.53532
314,356,chubu_jct_35.9229:137.3406:275,275.0,35.92291,137.34058
315,357,chubu_jct_34.9318:136.5314:154,154.0,34.93182,136.53141
316,358,chubu_jct_34.8766:136.513:154,154.0,34.87662,136.51301
317,359,chubu_jct_34.8935:136.5399:154,154.0,34.89354,136.53986
318,360,chubu_jct_35.0124:137.0211:154,154.0,35.01244,137.0211
319,361,chubu_jct_34.9725:137.1078:77,77.0,34.97253,137.10782
320,362,chubu_jct_34.9807:137.0537:77,77.0,34.98066,137.05371
321,363,chubu_jct_34.9528:137.0043:154,154.0,34.95284,137.00435
322,364,chubu_jct_34.9577:137.0666:154,154.0,34.95772,137.06658
323,365,chubu_jct_34.9413:137.1015:154,154.0,34.94133,137.10148
324,367,chubu_jct_35.0986:137.1038:77,77.0,35.09859,137.10382
325,368,chubu_jct_34.8577:138.1398:77,77.0,34.85765,138.13985
326,369,chubu_jct_34.8611:138.1342:77,77.0,34.86107,138.13417
327,370,chubu_jct_34.8479:138.1081:77,77.0,34.84789,138.10807
328,371,chubu_jct_34.8458:138.1053:77,77.0,34.84583,138.10529
329,372,chubu_jct_34.8389:138.0995:77,77.0,34.83893,138.09947
330,373,chubu_jct_34.8174:138.0737:77,77.0,34.8174,138.07372
331,376,chubu_jct_34.8144:138.0539:154,154.0,34.81438,138.05395
332,377,chubu_jct_34.6958:137.8923:77,77.0,34.69577,137.89231
333,378,chubu_jct_34.6832:137.9307:77,77.0,34.68316,137.9307
334,379,chubu_jct_34.6836:137.9332:77,77.0,34.68357,137.93324
335,380,chubu_jct_34.7322:137.8404:77,77.0,34.73217,137.84042
336,381,chubu_jct_35.0054:138.0956:77,77.0,35.00536,138.09561
337,382,chubu_jct_35.0109:137.9079:154,154.0,35.01091,137.90791
338,383,chubu_jct_35.174:137.8564:154,154.0,35.174,137.85636
339,384,chubu_jct_35.0103:137.9082:154,154.0,35.01025,137.90819
340,385,chubu_jct_35.823:137.6396:154,154.0,35.82304,137.63962
341,386,chubu_jct_35.8224:137.6375:154,154.0,35.82237,137.63745
342,387,chubu_jct_35.9431:137.266:0,66.0,35.94306,137.26595
343,388,chubu_jct_35.9988:137.2915:0,66.0,35.99876,137.29155
344,389,chubu_jct_35.9184:137.3298:275,275.0,35.91844,137.32982
345,390,chubu_jct_35.2378:137.8311:154,154.0,35.23776,137.83114
346,391,chubu_jct_35.1273:137.8029:154,154.0,35.12725,137.80288
347,392,chubu_jct_35.5967:137.9468:154,154.0,35.59668,137.94678
348,393,chubu_jct_35.3863:137.8075:154,154.0,35.38626,137.80746
349,396,chubu_jct_35.7803:137.9668:154,154.0,35.7803,137.96679
350,397,chubu_jct_35.7756:137.966:154,154.0,35.77562,137.96595
351,398,chubu_jct_35.8313:137.9651:77,77.0,35.83127,137.96511
352,399,chubu_jct_35.5734:137.9079:77,77.0,35.57343,137.90789
353,400,chubu_jct_35.5572:137.8975:77,77.0,35.55717,137.89753
354,401,chubu_jct_35.5334:137.8699:77,77.0,35.53337,137.8699
355,402,chubu_jct_35.9247:137.9843:77,77.0,35.92467,137.98434
356,403,chubu_jct_35.2327:136.9964:154,154.0,35.23268,136.99642
357,404,chubu_jct_35.4614:136.7437:275,275.0,35.46136,136.74368
358,405,chubu_jct_35.4622:136.7437:275,275.0,35.46224,136.74371
359,406,chubu_jct_35.4719:136.737:275,275.0,35.47194,136.73695
360,407,chubu_jct_35.5057:136.9612:154,154.0,35.50574,136.96123
361,408,chubu_jct_35.4291:136.7119:275,275.0,35.42909,136.71185
362,409,chubu_jct_35.4586:136.7456:275,275.0,35.45864,136.74564
363,410,chubu_jct_35.4988:136.9636:154,154.0,35.49876,136.9636
364,411,chubu_jct_35.4749:136.8974:0,66.0,35.47493,136.89744
365,412,chubu_jct_35.1678:136.7415:154,154.0,35.1678,136.74153
366,413,chubu_jct_35.1715:136.7389:154,154.0,35.17146,136.73891
367,414,chubu_jct_35.1722:136.7388:154,154.0,35.17222,136.73876
368,415,chubu_jct_35.1734:136.7388:154,154.0,35.17338,136.73879
369,416,chubu_jct_34.7269:137.9866:77,77.0,34.72686,137.9866
370,417,chubu_jct_34.7024:137.9963:77,77.0,34.70244,137.99629
371,418,chubu_jct_34.6927:137.9988:77,77.0,34.69273,137.99878
372,419,chubu_jct_34.9802:136.1633:77,77.0,34.98024,136.16327
373,420,chubu_jct_35.0025:136.1818:77,77.0,35.00254,136.18184
374,421,chubu_jct_34.9574:136.2278:77,77.0,34.95745,136.22778
375,422,chubu_jct_34.8305:136.4869:77,77.0,34.83047,136.48692
376,423,chubu_jct_34.8244:136.5123:77,77.0,34.82441,136.51234
377,424,chubu_jct_34.7861:136.492:77,77.0,34.78609,136.492
378,425,chubu_jct_34.768:136.4826:77,77.0,34.76798,136.48256
379,426,chubu_jct_34.7959:136.1996:77,77.0,34.79593,136.19962
380,427,chubu_jct_34.8664:136.4097:77,77.0,34.86642,136.40975
381,428,chubu_jct_35.0552:136.9321:77,77.0,35.05519,136.93212
382,429,chubu_jct_35.0408:136.9201:77,77.0,35.04085,136.92009
383,430,chubu_jct_35.0409:136.9286:77,77.0,35.04087,136.92861
384,431,chubu_jct_35.0093:136.9166:77,77.0,35.0093,136.91663
385,432,chubu_jct_35.0266:136.9199:154,154.0,35.02655,136.91994
386,433,chubu_jct_34.962:136.8807:154,154.0,34.96203,136.88072
387,434,chubu_jct_34.9701:136.9191:77,77.0,34.97006,136.91911
388,435,chubu_jct_34.8309:136.922:154,154.0,34.83094,136.92196
389,436,chubu_jct_34.8243:136.9212:154,154.0,34.82429,136.92118
390,437,chubu_jct_34.9142:136.907:154,154.0,34.91416,136.90701
391,438,chubu_jct_34.8275:136.9223:0,66.0,34.82748,136.92233
392,439,chubu_jct_34.9535:136.9025:77,77.0,34.95351,136.9025
393,440,chubu_jct_34.8382:136.8843:154,154.0,34.8382,136.88433
394,441,chubu_jct_35.0809:136.5894:77,77.0,35.08092,136.5894
395,442,chubu_jct_34.976:136.1825:77,77.0,34.97597,136.18248
396,443,chubu_jct_35.0574:137.1874:77,77.0,35.05745,137.1874
397,444,chubu_jct_35.0588:137.1901:77,77.0,35.05883,137.19013
398,445,chubu_jct_35.1134:137.2022:77,77.0,35.11345,137.20216
399,446,chubu_jct_35.0612:137.2137:77,77.0,35.06122,137.21372
400,447,chubu_jct_35.0761:137.2253:77,77.0,35.07609,137.22532
401,448,chubu_jct_35.1307:137.3002:77,77.0,35.1307,137.30016
402,449,chubu_jct_35.1492:137.3444:77,77.0,35.14915,137.34435
403,450,chubu_jct_35.0467:136.991:77,77.0,35.04671,136.99102
404,451,chubu_jct_35.0681:136.8803:154,154.0,35.06813,136.88033
405,452,chubu_jct_35.0766:136.9881:77,77.0,35.07657,136.98814
406,453,chubu_jct_35.1275:136.9978:154,154.0,35.12754,136.99782
407,454,chubu_jct_35.2079:137.0472:77,77.0,35.20787,137.04716
408,455,chubu_jct_36.0722:138.0265:77,77.0,36.07219,138.02651
409,456,chubu_jct_35.9874:138.1239:77,77.0,35.98739,138.12394
410,457,chubu_jct_35.9892:138.1336:77,77.0,35.98916,138.13358
411,458,chubu_jct_35.0684:137.0669:77,77.0,35.06841,137.0669
412,459,chubu_jct_35.0684:137.0669:275,275.0,35.06841,137.0669
413,460,chubu_jct_35.1071:136.1377:66,66.0,35.10708,136.13771
414,461,chubu_jct_35.2285:136.9041:77,77.0,35.22846,136.90407
415,462,chubu_jct_35.0654:136.8935:275,275.0,35.06536,136.89349
416,463,chubu_jct_35.0471:136.6582:77,77.0,35.04706,136.65817
417,464,chubu_jct_35.0294:137.071:77,77.0,35.02941,137.07097
418,465,chubu_jct_35.0052:137.0253:77,77.0,35.00519,137.02533
419,466,chubu_jct_35.0032:137.0265:77,77.0,35.00323,137.02646
420,467,chubu_jct_34.9912:137.0338:154,154.0,34.99122,137.03376
421,468,chubu_jct_36.2782:138.4613:77,77.0,36.2782,138.46131
422,469,chubu_jct_34.9687:137.1345:77,77.0,34.96874,137.13446
423,470,chubu_jct_34.9676:137.1414:77,77.0,34.96758,137.14142
424,471,chubu_jct_36.5495:136.873:66,66.0,36.54954,136.87304
425,472,chubu_jct_36.5631:136.8487:66,66.0,36.5631,136.84872
426,473,chubu_jct_36.5953:136.8964:66,66.0,36.59525,136.89644
427,474,chubu_jct_36.7379:138.5075:77,77.0,36.7379,138.50753
428,475,chubu_jct_36.8201:138.3733:77,77.0,36.82011,138.3733
429,476,chubu_jct_34.8412:136.4058:275,275.0,34.84122,136.40577
430,477,chubu_jct_34.6767:138.0215:77,77.0,34.67669,138.02153
431,478,chubu_jct_34.6728:138.0695:77,77.0,34.67276,138.06948
432,479,chubu_jct_34.6723:138.0854:77,77.0,34.67231,138.08545
433,480,chubu_jct_34.5457:136.5373:154,154.0,34.54567,136.5373
434,481,chubu_jct_34.7405:136.5096:77,77.0,34.74051,136.50956
435,482,chubu_jct_36.3783:138.3056:77,77.0,36.37825,138.30558
436,483,chubu_jct_36.3294:138.4359:77,77.0,36.32945,138.43587
437,484,chubu_jct_36.3277:138.4435:77,77.0,36.32769,138.4435
438,485,chubu_jct_34.7193:137.7031:77,77.0,34.71929,137.70307
439,487,chubu_jct_35.0028:136.9682:77,77.0,35.00276,136.9682
440,488,chubu_jct_34.7041:136.4215:77,77.0,34.7041,136.42147
441,489,chubu_jct_34.6988:136.4313:77,77.0,34.69876,136.43133
442,490,chubu_jct_34.7073:136.4877:77,77.0,34.70734,136.4877
443,491,chubu_jct_34.7049:136.4235:77,77.0,34.7049,136.42355
444,492,chubu_jct_34.94:136.6153:154,154.0,34.94002,136.61529
445,493,chubu_jct_36.1215:137.9134:275,275.0,36.12151,137.91342
446,494,chubu_jct_35.8978:137.9729:154,154.0,35.89781,137.97287
447,495,chubu_jct_35.3823:136.9868:77,77.0,35.38226,136.98682
448,496,chubu_jct_35.089:138.5371:77,77.0,35.08904,138.53714
449,497,chubu_jct_35.1312:138.6018:77,77.0,35.1312,138.60177
450,498,chubu_jct_35.2549:136.7144:66,66.0,35.2549,136.71437
451,499,chubu_jct_36.0367:136.5189:154,154.0,36.03668,136.51895
452,500,chubu_jct_36.0505:136.4698:154,154.0,36.05049,136.46977
453,501,chubu_jct_37.0343:136.9676:66,66.0,37.03426,136.96761
454,502,chubu_jct_37.0606:136.7298:275,275.0,37.06056,136.72978
455,503,chubu_jct_37.0651:137.0079:275,275.0,37.06505,137.00789
456,504,chubu_jct_36.9104:136.8322:66,66.0,36.91037,136.83218
457,505,chubu_jct_37.0623:136.7296:500,500.0,37.06225,136.72964
458,506,chubu_jct_36.0212:136.5316:154,154.0,36.02121,136.53162
459,507,chubu_jct_35.963:136.6021:154,154.0,35.96301,136.60215
460,508,chubu_jct_35.9997:136.404:275,275.0,35.99972,136.40395
461,509,chubu_jct_36.0871:136.5289:154,154.0,36.08711,136.52888
462,510,chubu_jct_36.1995:136.1414:154,154.0,36.19953,136.14144
463,511,chubu_jct_36.1219:137.8956:275,275.0,36.12185,137.89564
464,512,chubu_jct_36.0704:136.1894:77,77.0,36.07041,136.18937
465,513,chubu_jct_36.0857:136.2208:77,77.0,36.08566,136.2208
466,514,chubu_jct_35.9972:136.1673:77,77.0,35.99719,136.16734
467,515,chubu_jct_35.9931:136.1669:77,77.0,35.99315,136.16693
468,516,chubu_jct_36.0795:136.3862:77,77.0,36.07954,136.38625
469,517,chubu_jct_36.0701:136.4094:77,77.0,36.07007,136.4094
470,518,chubu_jct_36.0498:136.2707:77,77.0,36.04984,136.27072
471,519,chubu_jct_36.0469:136.2562:77,77.0,36.04693,136.25624
472,520,chubu_jct_36.0518:136.202:66,66.0,36.05182,136.20197
473,521,chubu_jct_36.4943:136.5372:66,66.0,36.49432,136.53718
474,522,chubu_jct_36.45:136.5774:66,66.0,36.45003,136.57743
475,523,chubu_jct_36.4897:136.5437:154,154.0,36.48971,136.54366
476,524,chubu_jct_36.4962:136.6161:77,77.0,36.49623,136.61614
477,525,chubu_jct_36.4046:136.4987:66,66.0,36.40463,136.49868
478,526,chubu_jct_36.4357:136.614:77,77.0,36.43567,136.614
479,527,chubu_jct_36.7407:136.9211:154,154.0,36.74071,136.9211
480,528,chubu_jct_36.4897:136.5437:66,66.0,36.48971,136.54366
481,529,chubu_jct_36.6037:136.6703:77,77.0,36.60368,136.67031
482,530,chubu_jct_36.6196:136.6569:77,77.0,36.61959,136.65694
483,531,chubu_jct_36.3065:136.4189:154,154.0,36.30646,136.41888
484,532,chubu_jct_36.2317:136.2656:77,77.0,36.23171,136.26555
485,533,chubu_jct_36.5564:136.6253:77,77.0,36.55641,136.62533
486,534,chubu_jct_36.2566:136.2869:77,77.0,36.25659,136.28689
487,535,chubu_jct_36.347:136.4631:154,154.0,36.34701,136.46313
488,536,chubu_jct_36.3012:136.4112:154,154.0,36.30124,136.41119
489,537,chubu_jct_36.317:136.4363:154,154.0,36.31702,136.43628
490,538,chubu_jct_36.3059:136.4194:154,154.0,36.30592,136.41939
491,539,chubu_jct_36.2986:137.984:77,77.0,36.29858,137.98402
492,540,chubu_jct_36.2069:137.9815:77,77.0,36.20693,137.9815
493,541,chubu_jct_36.124:137.9406:77,77.0,36.124,137.94057
494,542,chubu_jct_36.2057:137.931:77,77.0,36.20574,137.93099
495,543,chubu_jct_36.3443:137.994:77,77.0,36.34434,137.99395
496,544,chubu_jct_36.3583:137.8913:77,77.0,36.3583,137.89132
497,545,chubu_jct_36.8059:138.1892:77,77.0,36.8059,138.18916
498,546,chubu_jct_35.9393:136.1615:77,77.0,35.93931,136.16152
499,547,chubu_jct_35.949:136.1991:154,154.0,35.94901,136.19913
500,548,chubu_jct_35.9946:136.1302:77,77.0,35.99461,136.13019
501,549,chubu_jct_35.9191:136.2145:154,154.0,35.91909,136.21447
502,550,chubu_jct_36.212:137.897:77,77.0,36.21196,137.89702
503,551,chubu_jct_36.2961:137.8945:77,77.0,36.29613,137.89448
504,552,chubu_jct_36.8633:137.5356:154,154.0,36.86329,137.53558
505,553,chubu_jct_36.8546:137.4859:154,154.0,36.85456,137.48592
506,554,chubu_jct_36.8262:137.4349:154,154.0,36.82619,137.43488
507,555,chubu_jct_36.8142:137.4367:154,154.0,36.81425,137.43666
508,556,chubu_jct_36.8933:137.4796:66,66.0,36.89334,137.47964
509,557,chubu_jct_36.8451:137.5669:275,275.0,36.8451,137.5669
510,558,chubu_jct_36.706:137.2974:154,154.0,36.70605,137.29738
511,560,chubu_jct_36.6916:137.3743:275,275.0,36.69165,137.37431
512,561,chubu_jct_36.8107:137.588:154,154.0,36.81072,137.58798
513,562,chubu_jct_36.7378:137.4113:66,66.0,36.73776,137.41127
514,563,chubu_jct_36.7267:137.4359:66,66.0,36.72672,137.43594
515,564,chubu_jct_36.5577:137.2298:154,154.0,36.55765,137.22978
516,565,chubu_jct_36.737:137.3069:66,66.0,36.73704,137.30693
517,566,chubu_jct_36.8659:137.4343:66,66.0,36.86586,137.43432
518,567,chubu_jct_36.2038:137.9378:77,77.0,36.20382,137.93775
519,568,chubu_jct_36.1984:137.9455:77,77.0,36.19841,137.94545
520,570,chubu_jct_35.3445:136.9851:275,275.0,35.34453,136.98506
521,576,chubu_jct_35.2272:136.5974:0,66.0,35.22716,136.59742
522,579,chubu_jct_34.7966:137.4937:0,66.0,34.79661,137.49367
523,580,chubu_jct_34.9978:135.9901:154,154.0,34.9978,135.99008
524,581,chubu_jct_35.0106:136.0113:154,154.0,35.01061,136.01127
525,582,chubu_jct_35.0473:136.0467:154,154.0,35.04733,136.04672
526,583,chubu_jct_35.0531:136.047:154,154.0,35.05314,136.04696
527,584,chubu_jct_35.0548:136.0472:154,154.0,35.05476,136.04721
528,585,chubu_jct_35.4641:137.0143:77,154.0,35.46406,137.01427
529,586,chubu_jct_35.5163:136.9276:154,154.0,35.51635,136.92757
530,597,chubu_jct_35.7246:136.6607:500,500.0,35.72456,136.6607
531,599,chubu_jct_35.0166:138.3804:110,110.0,35.01663,138.38038
532,600,chubu_jct_35.0274:138.3543:110,110.0,35.02738,138.35427
533,601,chubu_jct_35.1135:138.3519:154,154.0,35.11345,138.35188
534,604,chubu_jct_34.8294:137.356:0,66.0,34.82944,137.35602
535,605,chubu_jct_34.9947:138.3209:110,110.0,34.99468,138.32086
536,606,chubu_jct_34.7881:137.3188:77,77.0,34.78809,137.31883
537,607,chubu_jct_34.7887:137.3195:77,77.0,34.7887,137.31952
538,608,chubu_jct_34.8786:137.2694:0,66.0,34.87859,137.26941
539,609,chubu_jct_34.9125:137.274:0,66.0,34.91252,137.27398
540,610,chubu_jct_34.8517:137.3727:77,77.0,34.85169,137.37267
541,611,chubu_jct_34.879:137.2693:0,66.0,34.87897,137.26929
542,612,chubu_jct_34.8479:137.3901:0,66.0,34.84787,137.39006
543,613,chubu_jct_34.8502:137.3884:0,66.0,34.85022,137.38838
544,614,chubu_jct_34.8671:137.4135:154,154.0,34.86707,137.41346
545,615,chubu_jct_34.8243:137.2769:77,77.0,34.82427,137.27693
546,616,chubu_jct_34.8506:137.437:0,66.0,34.85056,137.43704
547,617,chubu_jct_34.9977:136.1057:154,154.0,34.99775,136.10573
548,618,chubu_jct_35.0137:136.0814:154,154.0,35.01369,136.08142
549,619,chubu_jct_34.9806:138.4147:110,110.0,34.98058,138.4147
550,624,chubu_jct_34.7127:137.5277:77,77.0,34.71266,137.52766
551,625,chubu_jct_34.6955:137.5407:77,77.0,34.6955,137.54067
552,626,chubu_jct_34.7226:137.5347:66,66.0,34.72264,137.53466
553,627,chubu_jct_34.7087:137.5512:66,66.0,34.70872,137.55123
554,628,chubu_jct_34.7095:137.5535:66,66.0,34.70955,137.55353
555,629,chubu_jct_34.7102:137.5166:77,77.0,34.71023,137.51661
556,630,chubu_jct_34.7043:137.5179:77,77.0,34.70425,137.51791
557,631,chubu_jct_34.7046:137.5195:77,77.0,34.70462,137.51952
558,632,chubu_jct_34.7135:137.4912:77,77.0,34.71348,137.49123
559,633,chubu_jct_34.7068:137.485:77,77.0,34.70682,137.48502
560,634,chubu_jct_34.7074:137.4241:77,77.0,34.70738,137.42414
561,635,chubu_jct_34.7137:137.3908:77,77.0,34.71368,137.39081
562,636,chubu_jct_34.6016:137.0561:77,77.0,34.60161,137.05614
563,637,chubu_jct_34.6749:137.2935:77,77.0,34.67491,137.29351
564,638,chubu_jct_34.6821:137.2861:77,77.0,34.68215,137.2861
565,639,chubu_jct_34.703:137.2455:77,77.0,34.70297,137.24546
566,640,chubu_jct_34.7275:137.4072:77,77.0,34.72749,137.4072
567,641,chubu_jct_34.7719:137.3961:77,77.0,34.77193,137.39614
568,642,chubu_jct_34.7275:137.4897:77,77.0,34.72753,137.48971
569,643,chubu_jct_34.9233:137.5452:77,77.0,34.92329,137.54524
570,644,chubu_jct_34.8439:137.3966:0,66.0,34.84392,137.39663
571,645,chubu_jct_34.8325:137.4127:0,66.0,34.83249,137.41271
572,646,chubu_jct_34.8847:137.4563:0,66.0,34.88474,137.45626
573,647,chubu_jct_34.8619:137.414:154,154.0,34.86192,137.41404
574,648,chubu_jct_34.8618:137.414:0,66.0,34.86179,137.41398
575,649,chubu_jct_34.879:137.4684:77,77.0,34.87901,137.46841
576,650,chubu_jct_34.6391:136.1462:77,77.0,34.63913,136.14616
577,651,chubu_jct_34.7491:137.871:77,77.0,34.74914,137.87101
578,652,chubu_jct_34.742:137.8627:77,77.0,34.74201,137.8627
579,653,chubu_jct_34.756:137.9194:77,77.0,34.756,137.91938
580,654,chubu_jct_34.8186:137.9269:77,77.0,34.81855,137.92693
581,655,chubu_jct_34.743:137.9638:0,66.0,34.74296,137.96385
582,656,chubu_jct_34.7456:137.9606:0,66.0,34.74562,137.96056
583,657,chubu_jct_34.7483:137.9596:0,66.0,34.74825,137.95964
584,658,chubu_jct_34.749:137.9722:0,66.0,34.74895,137.97219
585,659,chubu_jct_34.6958:137.8741:77,77.0,34.69578,137.87409
586,660,chubu_jct_34.7417:137.8893:77,77.0,34.74166,137.88931
587,661,chubu_jct_34.7838:137.8681:77,77.0,34.78383,137.86811
588,662,chubu_jct_34.7314:137.8353:77,77.0,34.7314,137.83534
589,663,chubu_jct_34.7479:137.8736:77,77.0,34.74791,137.87355
590,664,chubu_jct_34.7065:137.3841:154,154.0,34.70651,137.38406
591,665,chubu_jct_34.7871:137.3123:77,77.0,34.78711,137.31231
592,666,chubu_jct_34.7859:137.3124:77,77.0,34.78591,137.3124
593,667,chubu_jct_34.891:137.8106:275,275.0,34.89098,137.81063
594,668,chubu_jct_34.8587:137.4282:0,66.0,34.85868,137.42823
595,669,chubu_jct_34.6596:136.1016:77,77.0,34.65965,136.10164
596,670,chubu_jct_34.6742:136.3527:77,77.0,34.67419,136.35266
597,671,chubu_jct_34.6704:136.1888:77,77.0,34.67036,136.18884
598,672,chubu_jct_34.6713:136.1869:77,77.0,34.6713,136.18694
599,673,chubu_jct_34.6803:136.5144:77,77.0,34.68027,136.51437
600,674,chubu_jct_34.6793:136.5188:77,77.0,34.67935,136.51882
601,675,chubu_jct_34.6746:136.5348:77,77.0,34.67456,136.53482
602,676,chubu_jct_34.669:136.5369:77,77.0,34.66905,136.53688
603,677,chubu_jct_34.6858:136.4908:77,77.0,34.6858,136.49079
604,678,chubu_jct_34.6849:136.4922:77,77.0,34.68489,136.49224
605,679,chubu_jct_34.8764:136.5933:0,66.0,34.87636,136.59331
606,680,chubu_jct_34.8713:136.5909:0,66.0,34.87126,136.59091
607,681,chubu_jct_34.8693:136.5932:0,66.0,34.86928,136.59316
608,682,chubu_jct_36.0806:136.3874:77,77.0,36.08058,136.38743
609,689,chubu_jct_34.802:137.3485:77,77.0,34.80196,137.34849
610,690,chubu_jct_34.8048:137.3486:77,77.0,34.80482,137.34855
611,691,chubu_jct_34.8042:137.3481:77,77.0,34.80417,137.34812
612,709,chubu_jct_34.8221:136.488:77,77.0,34.82209,136.48798
613,710,chubu_jct_34.8369:136.5183:77,154.0,34.83695,136.51826
614,711,chubu_jct_34.7844:136.4942:77,77.0,34.78439,136.49422
615,712,chubu_jct_34.779:136.4233:77,77.0,34.77902,136.42329
616,713,chubu_jct_34.7482:137.3936:77,77.0,34.74818,137.39359
617,714,chubu_jct_34.7051:137.3592:0,66.0,34.7051,137.35922
618,715,chubu_jct_34.7076:137.3593:0,66.0,34.70757,137.35926
619,716,chubu_jct_34.7805:138.0259:77,77.0,34.78048,138.02586
620,719,chubu_jct_34.8799:137.4448:0,66.0,34.87988,137.44477
621,720,chubu_jct_34.8835:137.4531:0,66.0,34.88348,137.45314
622,721,chubu_jct_34.7585:136.28:77,77.0,34.75847,136.28003
623,722,chubu_jct_34.762:136.1967:77,77.0,34.76198,136.19665
624,723,chubu_jct_34.7639:136.1665:77,77.0,34.76387,136.16651
625,724,chubu_jct_34.7637:136.166:77,77.0,34.76367,136.16602
626,725,chubu_jct_34.6613:136.3625:77,77.0,34.66129,136.36252
627,726,chubu_jct_34.6599:136.3683:77,77.0,34.65987,136.36828
628,727,chubu_jct_34.6812:136.5143:77,77.0,34.68119,136.51429
629,728,chubu_jct_34.5872:136.5399:77,77.0,34.58722,136.53994
630,729,chubu_jct_34.6811:136.4445:77,77.0,34.68113,136.4445
631,730,chubu_jct_34.6721:136.5403:77,77.0,34.67213,136.54033
632,731,chubu_jct_34.6735:136.5405:77,77.0,34.67349,136.5405
633,732,chubu_jct_34.6716:136.5416:77,77.0,34.67161,136.54163
634,733,chubu_jct_34.6891:136.5169:77,77.0,34.68914,136.51691
635,734,chubu_jct_34.8514:138.2218:154,154.0,34.85136,138.22185
636,735,chubu_jct_34.8538:138.23:154,154.0,34.85384,138.22996
637,736,chubu_jct_34.827:138.2352:154,154.0,34.827,138.23517
638,737,chubu_jct_34.724:136.1601:77,77.0,34.72399,136.16012
639,738,chubu_jct_34.7407:136.146:77,77.0,34.74073,136.14605
640,739,chubu_jct_34.7312:136.1725:77,77.0,34.73117,136.17255
641,740,chubu_jct_34.7649:136.1582:77,77.0,34.76493,136.15823
642,741,chubu_jct_34.7654:136.1528:77,77.0,34.7654,136.15278
643,742,chubu_jct_34.7629:136.1574:77,77.0,34.76287,136.15739
644,743,chubu_jct_34.7534:136.1214:77,77.0,34.75342,136.1214
645,744,chubu_jct_34.7647:136.1236:77,77.0,34.76474,136.12356
646,745,chubu_jct_34.7704:136.2007:77,77.0,34.77041,136.20069
647,746,chubu_jct_34.6735:136.3369:66,66.0,34.67345,136.33688
648,747,chubu_jct_34.7845:136.1817:77,77.0,34.78453,136.18175
649,748,chubu_jct_34.7953:136.1975:77,77.0,34.79533,136.19753
650,749,chubu_jct_34.7964:136.1966:77,77.0,34.79641,136.19657
651,750,chubu_jct_34.8103:136.1995:77,77.0,34.81035,136.19945
652,751,chubu_jct_34.8153:136.198:77,77.0,34.81532,136.198
653,752,chubu_jct_34.8159:136.1978:77,77.0,34.81587,136.19784
654,753,chubu_jct_34.8118:136.2048:77,77.0,34.81182,136.20478
655,754,chubu_jct_34.8139:136.1826:77,77.0,34.81388,136.18258
656,755,chubu_jct_34.7882:136.1339:77,77.0,34.78818,136.13393
657,756,chubu_jct_34.7823:136.1196:77,77.0,34.78228,136.11964
658,757,chubu_jct_34.7916:136.1225:77,77.0,34.79155,136.12253
659,758,chubu_jct_34.7502:137.9043:77,77.0,34.75023,137.9043
660,764,chubu_jct_34.9836:136.1268:66,66.0,34.98355,136.12684
661,765,chubu_jct_35.0108:136.0783:154,154.0,35.0108,136.07831
662,766,chubu_jct_35.0053:136.1272:0,66.0,35.00525,136.1272
663,767,chubu_jct_34.9806:137.048:77,77.0,34.98065,137.04801
664,768,chubu_jct_34.8801:137.0913:77,77.0,34.88014,137.09131
665,769,chubu_jct_34.8815:137.1121:77,77.0,34.8815,137.11208
666,770,chubu_jct_34.9007:137.1388:77,77.0,34.90068,137.13879
667,771,chubu_jct_34.8784:137.1592:77,77.0,34.87842,137.15922
668,774,chubu_jct_35.6632:136.0893:154,154.0,35.66316,136.08929
669,775,chubu_jct_35.6618:136.0926:154,154.0,35.66179,136.09263
670,776,chubu_jct_35.6731:136.0892:154,154.0,35.67311,136.0892
671,783,chubu_jct_34.8511:137.1922:275,275.0,34.85107,137.19223
672,784,chubu_jct_34.8527:137.1802:275,275.0,34.85266,137.18023
673,785,chubu_jct_34.8838:137.1347:275,275.0,34.88385,137.13467
674,786,chubu_jct_34.8507:137.1977:275,275.0,34.85073,137.19768
675,787,chubu_jct_34.8041:137.1713:275,275.0,34.80408,137.17129
676,788,chubu_jct_34.8267:137.1874:275,275.0,34.82666,137.18744
677,789,chubu_jct_34.8522:137.1826:275,275.0,34.85221,137.18265
678,790,chubu_jct_34.7689:135.9956:0,66.0,34.76895,135.99564
679,791,chubu_jct_34.7645:136.0108:0,66.0,34.76452,136.01084
680,792,chubu_jct_35.2082:137.1188:77,77.0,35.20824,137.11879
681,793,chubu_jct_35.2067:137.1145:77,77.0,35.20674,137.11447
682,794,chubu_jct_35.1599:137.5394:154,154.0,35.15994,137.53939
683,795,chubu_jct_35.2152:137.5167:154,154.0,35.21519,137.51674
684,796,chubu_jct_34.9756:137.5509:154,154.0,34.9756,137.55093
685,802,chubu_jct_36.6991:137.3261:0,66.0,36.69907,137.32609
686,803,chubu_jct_36.5716:137.3779:66,66.0,36.57164,137.37791
687,804,chubu_jct_36.66:137.2646:66,66.0,36.66003,137.26457
688,805,chubu_jct_36.698:137.0765:154,154.0,36.69798,137.07651
689,806,chubu_jct_36.6865:136.9887:66,66.0,36.68647,136.98866
690,807,chubu_jct_36.6349:136.9632:66,66.0,36.63489,136.96319
691,808,chubu_jct_36.6873:136.9424:66,66.0,36.68729,136.94243
692,809,chubu_jct_36.6186:136.9688:66,66.0,36.61863,136.96876
693,810,chubu_jct_36.5637:136.9957:66,66.0,36.5637,136.99567
694,811,chubu_jct_36.7897:137.0092:154,154.0,36.78966,137.00917
695,812,chubu_jct_36.7834:137.055:66,66.0,36.78341,137.05495
696,813,chubu_jct_36.778:137.0555:66,66.0,36.77805,137.05547
697,816,chubu_jct_36.7471:137.0673:154,154.0,36.74707,137.06729
698,817,chubu_jct_36.7301:137.078:66,66.0,36.73013,137.078
699,818,chubu_jct_36.7448:137.2299:66,66.0,36.74477,137.22991
700,819,chubu_jct_36.7062:137.2319:66,66.0,36.7062,137.23192
701,823,chubu_jct_35.2064:138.2345:154,154.0,35.2064,138.23452
702,824,chubu_jct_35.1911:138.1073:0,66.0,35.19112,138.10726
703,825,chubu_jct_35.1709:138.1283:0,66.0,35.17092,138.12833
704,826,chubu_jct_36.5494:137.3714:154,154.0,36.54939,137.37137
705,827,chubu_jct_36.5372:137.4383:154,154.0,36.53719,137.43834
706,828,chubu_jct_36.7824:137.0232:66,66.0,36.78241,137.02321
707,829,chubu_jct_36.8344:136.9825:66,66.0,36.83435,136.98245
708,830,chubu_jct_36.4606:137.2411:154,154.0,36.46062,137.24106
709,831,chubu_jct_36.2995:137.8947:77,77.0,36.2995,137.89472
710,832,chubu_jct_36.3005:137.8979:77,77.0,36.30053,137.89794
711,833,chubu_jct_36.6837:136.8815:66,66.0,36.68371,136.88153
712,836,chubu_jct_35.4619:136.7441:275,275.0,35.46194,136.7441
713,837,chubu_jct_35.192:136.1722:154,154.0,35.192,136.17215
714,838,chubu_jct_35.1926:136.1727:154,154.0,35.19265,136.17268
715,839,chubu_jct_35.2227:136.238:154,154.0,35.2227,136.23798
716,840,chubu_jct_36.6839:137.6598:275,275.0,36.68387,137.65984
717,841,chubu_jct_36.6873:137.6587:275,275.0,36.68728,137.65873
718,842,chubu_jct_36.9007:137.488:66,66.0,36.90071,137.48802
719,845,chubu_jct_36.7437:137.3348:66,66.0,36.74372,137.33476
720,846,chubu_jct_36.8875:137.6287:154,154.0,36.88753,137.62869
721,847,chubu_jct_35.5082:138.2388:154,154.0,35.50817,138.23881
722,848,chubu_jct_35.4182:138.1973:154,154.0,35.4182,138.19725
723,849,chubu_jct_35.5423:136.5158:77,77.0,35.54228,136.51577
724,850,chubu_jct_35.5921:136.455:77,77.0,35.59206,136.45503
725,851,chubu_jct_35.3686:138.1955:154,154.0,35.36856,138.1955
726,852,chubu_jct_36.8095:137.5927:154,154.0,36.80953,137.59269
727,853,chubu_jct_36.3383:138.3512:77,77.0,36.33828,138.35119
728,854,chubu_jct_35.1453:138.5927:77,77.0,35.14527,138.59272
729,855,chubu_jct_34.9082:138.3128:110,110.0,34.90815,138.31277
730,856,chubu_jct_34.8936:138.3174:110,110.0,34.89356,138.31743
731,857,chubu_jct_34.8555:138.2248:154,154.0,34.85547,138.22483
732,858,chubu_jct_34.8263:138.2307:154,154.0,34.82632,138.23074
733,859,chubu_jct_36.7548:137.6413:275,275.0,36.75477,137.64128
734,860,chubu_jct_36.6887:137.6576:275,275.0,36.68869,137.65762
735,861,chubu_jct_36.0758:138.0394:77,77.0,36.07576,138.03942
736,862,chubu_jct_35.6739:136.0784:275,275.0,35.67392,136.0784
737,863,chubu_jct_35.1348:138.606:154,154.0,35.13483,138.60596
738,864,chubu_jct_35.1334:138.6048:77,77.0,35.13342,138.60478
739,865,chubu_jct_35.1456:138.6228:0,66.0,35.14564,138.62279
740,866,chubu_jct_35.1343:138.6245:0,66.0,35.13425,138.62448
741,867,chubu_jct_35.0162:138.3499:110,110.0,35.01623,138.34988
742,868,chubu_jct_34.9645:136.6021:0,66.0,34.96445,136.60209
743,871,chubu_jct_35.84:136.1876:154,154.0,35.83996,136.18756
744,872,chubu_jct_35.8647:136.1745:0,66.0,35.86468,136.17448
745,873,chubu_jct_35.8596:136.164:0,66.0,35.85957,136.16401
746,874,chubu_jct_35.1427:136.5596:275,275.0,35.14272,136.55962
747,875,chubu_jct_35.1353:136.5761:275,275.0,35.1353,136.5761
748,876,chubu_jct_36.5557:138.1438:77,77.0,36.55569,138.14378
749,877,chubu_jct_36.3761:138.2876:77,77.0,36.37611,138.28758
750,878,chubu_jct_36.4065:138.2675:77,77.0,36.40647,138.26751
751,879,chubu_jct_36.5717:137.0108:154,154.0,36.57171,137.01081
752,880,chubu_jct_36.5733:137.1203:154,154.0,36.57326,137.1203
753,881,chubu_jct_36.5753:137.1469:154,154.0,36.57527,137.14688
754,882,chubu_jct_36.3326:138.6131:77,77.0,36.33262,138.61314
755,883,chubu_jct_36.5233:138.6172:77,77.0,36.52332,138.61718
756,884,chubu_jct_36.5247:138.6203:77,77.0,36.52471,138.62029
757,885,chubu_jct_35.1498:136.5035:275,275.0,35.14982,136.50349
758,886,chubu_jct_35.1673:136.5029:275,275.0,35.16734,136.50291
759,887,chubu_jct_35.1428:136.5603:275,275.0,35.14282,136.56028
760,890,chubu_jct_36.9899:137.8655:0,66.0,36.9899,137.86549
761,891,chubu_jct_36.9099:137.9094:0,66.0,36.90986,137.90943
762,892,chubu_jct_36.199:137.9771:77,77.0,36.19904,137.97709
763,893,chubu_jct_36.3055:138.5203:77,77.0,36.30545,138.52031
764,894,chubu_jct_36.3214:138.5464:77,77.0,36.32144,138.54644
765,895,chubu_jct_36.5212:138.3285:77,77.0,36.52124,138.32853
766,896,chubu_jct_36.4166:138.2828:77,77.0,36.41664,138.28279
767,897,chubu_jct_36.432:138.2035:77,77.0,36.43196,138.20348
768,898,chubu_jct_36.4667:138.2007:77,77.0,36.46668,138.20071
769,899,chubu_jct_36.4:138.2027:77,77.0,36.40001,138.20266
770,900,chubu_jct_36.3231:138.5767:77,77.0,36.32311,138.57672
771,901,chubu_jct_35.9594:138.17:77,77.0,35.95945,138.16997
772,902,chubu_jct_36.3769:138.2446:77,77.0,36.37686,138.24464
773,903,chubu_jct_36.3809:138.2341:77,77.0,36.38087,138.23415
774,904,chubu_jct_36.3672:138.1783:77,77.0,36.36716,138.17834
775,905,chubu_jct_36.0777:138.0393:77,77.0,36.0777,138.03932
776,906,chubu_jct_35.8327:138.0571:77,77.0,35.83271,138.05713
777,907,chubu_jct_35.8328:137.9486:77,77.0,35.83284,137.94864
778,908,chubu_jct_35.8697:137.95:77,77.0,35.86974,137.94998
779,909,chubu_jct_35.0407:136.5127:154,154.0,35.04065,136.51275
780,913,chubu_jct_35.116:138.6178:0,66.0,35.11595,138.61777
781,914,chubu_jct_34.8836:137.4532:0,66.0,34.88364,137.45322
782,915,chubu_jct_34.7117:137.5515:66,66.0,34.7117,137.55152
783,916,chubu_jct_34.7051:137.3159:0,66.0,34.70505,137.31589
784,917,chubu_jct_35.3474:136.616:0,66.0,35.34737,136.61601
785,918,chubu_jct_35.3099:136.2869:77,77.0,35.3099,136.28691
786,922,chubu_jct_35.0011:136.0938:154,154.0,35.00111,136.09385
787,923,chubu_jct_36.8303:137.3981:66,66.0,36.83026,137.39806
788,924,chubu_jct_34.8964:138.3215:110,110.0,34.89638,138.32152
789,925,chubu_jct_34.8852:138.3278:110,110.0,34.88522,138.32776
790,928,chubu_jct_35.3639:136.7302:154,154.0,35.36392,136.73017
791,930,chubu_jct_36.8399:136.9674:66,66.0,36.83994,136.96741
792,931,chubu_jct_36.8345:136.9853:66,66.0,36.83455,136.98533
793,936,chubu_jct_36.4175:136.6321:66,66.0,36.41747,136.6321
794,937,chubu_jct_36.505:138.0819:77,77.0,36.50503,138.08187
795,938,chubu_jct_35.4595:137.0163:77,77.0,35.45951,137.0163
796,939,chubu_jct_35.5168:136.9282:154,154.0,35.51676,136.92816
797,944,chubu_jct_35.2948:137.8338:0,66.0,35.29476,137.83375
798,949,chubu_jct_34.7996:138.0188:77,77.0,34.7996,138.0188
799,950,chubu_jct_36.7401:137.1068:154,154.0,36.74013,137.10682
800,951,chubu_jct_36.7429:137.1048:154,154.0,36.74287,137.10476
801,955,chubu_jct_35.0538:136.8244:154,154.0,35.05384,136.82444
802,956,chubu_jct_35.0545:136.8248:154,154.0,35.05448,136.82482
803,957,chubu_jct_34.8672:136.915:0,66.0,34.86719,136.915
804,958,chubu_jct_34.9184:136.9414:154,154.0,34.91836,136.94139
805,959,chubu_jct_35.9862:138.1337:77,77.0,35.98617,138.13375
806,960,chubu_jct_36.954:137.6576:66,66.0,36.95395,137.65762
807,961,chubu_jct_36.9536:137.6579:66,66.0,36.95356,137.65792
808,962,chubu_jct_34.9981:136.0488:154,154.0,34.99814,136.04885
809,963,chubu_jct_35.0157:136.0463:154,154.0,35.01575,136.04634
810,964,chubu_jct_35.0154:135.9879:154,154.0,35.01535,135.98786
811,967,chubu_jct_36.7609:137.239:0,66.0,36.76092,137.23903
812,968,chubu_jct_36.7578:137.2393:0,66.0,36.75778,137.23932
813,974,chubu_jct_35.3543:136.6505:154,154.0,35.35435,136.6505
814,977,chubu_jct_36.301:137.8699:77,77.0,36.30101,137.86995
815,978,chubu_jct_36.2384:137.9579:77,77.0,36.23836,137.95793
816,979,chubu_jct_36.0565:137.8907:154,154.0,36.05653,137.89072
817,980,chubu_jct_36.3723:137.8997:77,77.0,36.37229,137.8997
818,981,chubu_jct_35.7043:135.9635:275,275.0,35.70431,135.96346
819,982,chubu_jct_35.7041:135.9843:275,275.0,35.70408,135.98434
820,983,chubu_jct_35.5586:135.9734:275,275.0,35.55861,135.97343
821,986,chubu_jct_35.6518:136.0293:275,275.0,35.65183,136.02934
822,987,chubu_jct_36.3442:137.9939:77,77.0,36.3442,137.99388
823,988,chubu_jct_36.3019:137.9313:77,77.0,36.30191,137.93128
824,989,chubu_jct_34.9323:137.0142:154,154.0,34.93233,137.01419
825,990,chubu_jct_34.9587:137.0292:154,154.0,34.95869,137.02923
826,991,chubu_jct_34.9579:137.0294:154,154.0,34.95792,137.02944
827,992,chubu_jct_36.3259:138.3021:77,77.0,36.32587,138.3021
828,993,chubu_jct_36.2016:138.4692:77,77.0,36.20164,138.46916
829,994,chubu_jct_36.039:138.9217:154,154.0,36.03895,138.92175
830,995,chubu_jct_36.1351:137.7215:0,66.0,36.13511,137.72152
831,996,chubu_jct_36.1343:137.7222:0,66.0,36.13429,137.72223
832,997,chubu_jct_36.139:137.7012:0,66.0,36.13904,137.70115
833,998,chubu_jct_36.1365:137.7265:0,66.0,36.13652,137.72654
834,999,chubu_jct_36.3759:138.0049:77,77.0,36.37588,138.00494
835,1002,chubu_jct_36.7715:137.4837:0,66.0,36.77153,137.48372
836,1003,chubu_jct_36.809:137.445:0,66.0,36.80905,137.44499
837,1010,chubu_jct_36.4062:138.2658:77,77.0,36.40615,138.26579
838,1014,chubu_jct_36.3019:136.6394:154,154.0,36.30187,136.63943
839,1019,chubu_jct_35.9623:136.605:154,154.0,35.96229,136.60496
840,1020,chubu_jct_35.96:136.6136:154,154.0,35.96002,136.61357
841,1021,chubu_jct_35.944:136.6368:154,154.0,35.94402,136.6368
842,1022,chubu_jct_36.0694:136.406:154,154.0,36.06937,136.40603
843,1023,chubu_jct_36.0234:136.5018:154,154.0,36.02338,136.50178
844,1024,chubu_jct_36.0183:136.5142:154,154.0,36.01833,136.51417
845,1025,chubu_jct_36.0014:136.3676:275,275.0,36.00145,136.36759
846,1026,chubu_jct_36.1944:138.2029:77,77.0,36.19439,138.20293
847,1027,chubu_jct_36.3629:138.3081:77,77.0,36.36294,138.30813
848,1028,chubu_jct_36.3648:138.3098:0,66.0,36.36479,138.30976
849,1031,chubu_jct_34.8073:136.9002:154,154.0,34.80734,136.90022
850,1032,chubu_jct_35.5221:136.1664:77,77.0,35.52211,136.16641
851,1033,chubu_jct_34.7624:136.9097:154,154.0,34.76243,136.90968
852,1034,chubu_jct_34.7627:136.9166:154,154.0,34.76269,136.91663
853,1035,chubu_jct_34.7119:136.9425:154,154.0,34.71192,136.94253
854,1036,chubu_jct_35.9099:138.2254:77,77.0,35.90988,138.22541
855,1037,chubu_jct_35.108:136.1987:77,77.0,35.10799,136.19873
856,1038,chubu_jct_35.2817:136.8857:154,154.0,35.28167,136.88571
857,1039,chubu_jct_36.1379:137.2724:0,66.0,36.13792,137.27236
858,1040,chubu_jct_36.1297:137.2716:0,66.0,36.12972,137.27161
859,1041,chubu_jct_36.3698:137.2786:154,154.0,36.36976,137.27862
860,1042,chubu_jct_36.0057:137.2947:154,154.0,36.00573,137.29472
861,1043,chubu_jct_36.1689:137.26:0,66.0,36.1689,137.26004
862,1044,chubu_jct_36.1569:137.26:0,66.0,36.15686,137.26002
863,1045,chubu_jct_36.1741:137.34:154,154.0,36.17413,137.34001
864,1046,chubu_jct_36.1749:137.3702:154,154.0,36.1749,137.37022
865,1047,chubu_jct_36.1533:137.3328:154,154.0,36.1533,137.33276
866,1048,chubu_jct_36.0821:137.3236:154,154.0,36.08211,137.32361
867,1049,chubu_jct_36.0399:137.2809:154,154.0,36.03989,137.28087
868,1050,chubu_jct_36.2461:137.5081:0,66.0,36.2461,137.50809
869,1051,chubu_jct_36.2682:137.4271:0,66.0,36.2682,137.42711
870,1054,chubu_jct_36.1235:137.2633:0,66.0,36.12346,137.26329
871,1055,chubu_jct_36.0997:137.2635:0,66.0,36.09967,137.26352
872,1056,chubu_jct_36.0836:137.2621:0,66.0,36.08355,137.26214
873,1057,chubu_jct_36.116:137.166:0,66.0,36.11604,137.16598
874,1058,chubu_jct_36.1303:137.1774:0,66.0,36.13027,137.17742
875,1059,chubu_jct_36.2252:137.003:0,66.0,36.22519,137.00296
876,1060,chubu_jct_35.3884:138.0327:0,66.0,35.38837,138.0327
877,1061,chubu_jct_35.5463:138.0567:154,154.0,35.54632,138.05666
878,1062,chubu_jct_36.7406:137.1028:154,154.0,36.74063,137.10285
879,1063,chubu_jct_36.7603:137.047:66,66.0,36.76033,137.04701
880,1064,chubu_jct_36.3:137.1014:275,275.0,36.29996,137.10144
881,1065,chubu_jct_35.5337:135.9887:500,500.0,35.53375,135.98872
882,1066,chubu_jct_35.7661:138.084:77,77.0,35.7661,138.084
883,1075,chubu_jct_35.0368:137.167:77,77.0,35.03679,137.16702
884,1076,chubu_jct_35.511:136.2476:77,77.0,35.511,136.24758
885,1077,chubu_jct_35.6115:137.9734:154,154.0,35.61152,137.97338
886,1078,chubu_jct_35.6054:137.9784:154,154.0,35.60544,137.9784
887,1079,chubu_jct_35.592:137.9319:154,154.0,35.59205,137.93195
888,1081,chubu_jct_35.1579:136.2017:77,77.0,35.15788,136.20171
889,1082,chubu_jct_35.1565:136.2:77,77.0,35.15648,136.19997
890,1083,chubu_jct_35.3906:136.2855:66,66.0,35.39062,136.28554
891,1084,chubu_jct_34.7768:135.9197:154,154.0,34.77679,135.91967
892,1085,chubu_jct_35.2522:137.1152:77,77.0,35.25224,137.11525
893,1088,chubu_jct_34.8844:137.043:77,77.0,34.88438,137.04298
894,1089,chubu_jct_34.8987:137.0668:154,154.0,34.8987,137.06683
895,1090,chubu_jct_34.8867:137.0912:77,77.0,34.88669,137.09118
896,1091,chubu_jct_34.8471:137.0096:77,77.0,34.84709,137.00963
897,1092,chubu_jct_34.8446:137.0092:77,77.0,34.84456,137.00923
898,1093,chubu_jct_34.8428:137.0723:275,275.0,34.84276,137.07229
899,1094,chubu_jct_34.8913:137.1452:77,77.0,34.89128,137.14524
900,1095,chubu_jct_34.8898:137.1463:77,77.0,34.88983,137.14633
901,1096,chubu_jct_34.9039:137.1668:0,66.0,34.90388,137.16678
902,1097,chubu_jct_34.8761:137.1223:77,77.0,34.87611,137.12235
903,1104,chubu_jct_36.8394:137.7955:0,66.0,36.83939,137.7955
904,1105,chubu_jct_37.0109:137.7929:0,66.0,37.01094,137.79292
905,1110,chubu_jct_35.8252:137.3963:0,154.0,35.82516,137.39625
906,1111,chubu_jct_35.0098:135.9841:0,66.0,35.00981,135.98412
907,1112,chubu_jct_35.0085:136.0033:0,66.0,35.00846,136.00335
908,1113,chubu_jct_36.6446:137.6893:275,275.0,36.64457,137.6893
909,1114,chubu_jct_34.9063:136.5807:77,77.0,34.90629,136.58073
910,1115,chubu_jct_34.9023:136.5797:77,77.0,34.90231,136.57966
911,1116,chubu_jct_34.9014:136.5792:77,77.0,34.90144,136.57924
912,1117,chubu_jct_37.2404:136.8942:154,154.0,37.24037,136.89423
913,1118,chubu_jct_36.9815:136.878:66,66.0,36.98146,136.87805
914,1119,chubu_jct_35.577:137.9018:77,77.0,35.57705,137.90176
915,1120,chubu_jct_34.6151:138.1953:500,500.0,34.61507,138.19531
916,1121,chubu_jct_35.0678:136.0325:77,77.0,35.06784,136.03254
917,1122,chubu_jct_35.0695:136.0016:0,66.0,35.06948,136.00156
918,1123,chubu_jct_35.0302:135.9771:0,66.0,35.03015,135.9771
919,1124,chubu_jct_35.1031:136.0087:77,77.0,35.10307,136.00874
920,1125,chubu_jct_35.1344:136.0065:77,77.0,35.13441,136.00649
921,1126,chubu_jct_35.1254:136.0032:77,77.0,35.12542,136.00323
922,1127,chubu_jct_35.1385:135.9862:77,77.0,35.13845,135.98615
923,1128,chubu_jct_35.0801:135.9873:77,77.0,35.08015,135.98733
924,1129,chubu_jct_35.0558:136.0315:77,77.0,35.05579,136.03153
925,1131,chubu_jct_34.8857:136.8537:0,66.0,34.88573,136.85368
926,1136,chubu_jct_35.2424:136.2627:154,154.0,35.24238,136.2627
927,1137,chubu_jct_35.2158:136.2535:77,154.0,35.21582,136.25348
928,1138,chubu_jct_35.1997:136.2389:77,77.0,35.19967,136.23885
929,1139,chubu_jct_35.2237:136.2607:154,154.0,35.22367,136.26071
930,1141,chubu_jct_36.5631:137.3736:66,66.0,36.56309,137.37365
931,1142,chubu_jct_36.5633:137.3949:66,66.0,36.56325,137.39486
932,1143,chubu_jct_36.5433:137.4364:0,66.0,36.54332,137.43642
933,1144,chubu_jct_34.6985:137.4238:77,77.0,34.69855,137.42382
934,1145,chubu_jct_34.9541:136.9999:154,154.0,34.95408,136.99987
935,1146,chubu_jct_34.9562:136.9942:154,154.0,34.95619,136.99419
936,1147,chubu_jct_34.9534:136.9993:154,154.0,34.95344,136.9993
937,1148,chubu_jct_34.7484:137.3945:77,77.0,34.74835,137.39449
938,1149,chubu_jct_34.7485:137.3943:77,77.0,34.74851,137.39432
939,1150,chubu_jct_34.8522:136.576:0,66.0,34.85219,136.57601
940,1152,chubu_jct_36.695:136.9402:66,66.0,36.69504,136.94018
941,1153,chubu_jct_36.7649:137.092:66,66.0,36.76485,137.09201
942,1154,chubu_jct_36.5487:136.8847:66,66.0,36.54869,136.88474
943,1155,chubu_jct_36.555:136.9911:154,154.0,36.55501,136.99113
944,1156,chubu_jct_36.5629:136.9931:154,154.0,36.5629,136.99314
945,1157,chubu_jct_36.7678:137.0519:66,66.0,36.76784,137.05189
946,1158,chubu_jct_36.7549:136.9826:66,66.0,36.75491,136.98256
947,1159,chubu_jct_36.3399:137.2931:154,154.0,36.33995,137.29307
948,1160,chubu_jct_36.3688:137.2829:154,154.0,36.3688,137.28292
949,1161,chubu_jct_36.1401:137.2785:0,66.0,36.14009,137.27849
950,1162,chubu_jct_35.7157:136.1476:0,66.0,35.71566,136.14762
951,1163,chubu_jct_35.2536:135.97:77,77.0,35.25355,135.97001
952,1164,chubu_jct_35.2246:135.9346:0,66.0,35.22461,135.93457
953,1165,chubu_jct_34.9663:136.1341:66,66.0,34.96631,136.13407
954,1166,chubu_jct_35.1058:136.3734:77,77.0,35.10575,136.37336
955,1167,chubu_jct_35.0764:136.3339:77,77.0,35.07643,136.33386
956,1168,chubu_jct_35.0767:136.3353:77,77.0,35.07671,136.33527
957,1171,chubu_jct_35.074:136.3041:77,77.0,35.07399,136.30414
958,1172,chubu_jct_35.087:136.2518:77,77.0,35.08704,136.25177
959,1173,chubu_jct_35.7595:137.8578:77,77.0,35.75954,137.8578
960,1174,chubu_jct_35.6456:137.9025:154,154.0,35.64558,137.90246
961,1175,chubu_jct_35.676:137.8702:154,154.0,35.676,137.87016
962,1181,chubu_jct_36.4795:138.1946:77,77.0,36.47951,138.19457
963,1182,chubu_jct_35.981:136.5527:0,66.0,35.98105,136.5527
964,1183,chubu_jct_35.9443:136.6409:154,154.0,35.94425,136.64093
965,1190,chubu_jct_36.7003:137.3561:66,66.0,36.70029,137.35608
966,1191,chubu_jct_36.6397:137.2804:66,66.0,36.63968,137.28037
967,1192,chubu_jct_36.6399:137.2781:66,66.0,36.63987,137.27809
968,1193,chubu_jct_36.6202:137.3051:66,66.0,36.62022,137.30514
969,1194,chubu_jct_36.6184:137.2921:66,66.0,36.61842,137.2921
970,1195,chubu_jct_36.5316:137.3202:66,66.0,36.53158,137.32019
971,1196,chubu_jct_36.5617:137.225:154,154.0,36.56168,137.22503
972,1197,chubu_jct_36.4536:137.2542:66,66.0,36.45357,137.25422
973,1198,chubu_jct_36.5211:136.6672:77,77.0,36.52106,136.66721
974,1199,chubu_jct_36.5279:136.6235:77,77.0,36.52793,136.62347
975,1200,chubu_jct_36.2725:136.886:275,275.0,36.27246,136.88603
976,1201,chubu_jct_36.271:136.8854:275,275.0,36.27098,136.88539
977,1202,chubu_jct_36.2682:136.885:275,275.0,36.26824,136.88496
978,1203,chubu_jct_36.3216:136.8928:275,275.0,36.32156,136.89277
979,1204,chubu_jct_36.3224:136.8919:275,275.0,36.32244,136.89186
980,1205,chubu_jct_36.3232:136.8906:275,275.0,36.32323,136.89056
981,1206,chubu_jct_36.2232:136.8862:275,275.0,36.22323,136.88622
982,1207,chubu_jct_36.2191:136.8813:275,275.0,36.21914,136.88126
983,1208,chubu_jct_36.1269:136.9044:77,77.0,36.12686,136.90441
984,1209,chubu_jct_36.0845:136.9392:77,77.0,36.08451,136.93921
985,1210,chubu_jct_36.178:136.8997:77,77.0,36.17804,136.8997
986,1211,chubu_jct_36.1365:136.9057:77,77.0,36.1365,136.90571
987,1212,chubu_jct_36.1386:136.9147:275,275.0,36.13858,136.91469
988,1213,chubu_jct_36.3596:136.8709:275,275.0,36.35961,136.87086
989,1214,chubu_jct_36.467:136.9674:154,154.0,36.46704,136.96739
990,1217,chubu_jct_34.9946:137.0344:0,66.0,34.99457,137.03442
991,1218,chubu_jct_36.0319:136.9372:77,77.0,36.03192,136.9372
992,1219,chubu_jct_36.0779:136.9194:77,77.0,36.07795,136.91943
993,1220,chubu_jct_36.2085:137.946:77,77.0,36.20854,137.946
994,1221,chubu_jct_36.0526:137.8966:154,154.0,36.05256,137.8966
995,1229,chubu_jct_35.5414:136.5104:77,77.0,35.54139,136.51038
996,1230,chubu_jct_35.618:136.3603:77,77.0,35.61798,136.36033
997,1235,chubu_jct_35.4646:136.5513:154,154.0,35.46463,136.55126
998,1236,chubu_jct_35.3968:136.5598:154,154.0,35.39678,136.55984
999,1237,chubu_jct_35.3478:136.0306:77,77.0,35.3478,136.03059
1000,1238,chubu_jct_35.3636:136.0358:77,77.0,35.36363,136.03576
1001,1239,chubu_jct_36.7215:136.7263:77,77.0,36.72152,136.72631
1002,1240,chubu_jct_35.9145:136.6704:154,154.0,35.91454,136.6704
1003,1241,chubu_jct_35.9156:136.6691:154,154.0,35.91557,136.66908
1004,1242,chubu_jct_37.2312:136.9111:66,66.0,37.23117,136.9111
1005,1243,chubu_jct_37.0737:136.9295:66,66.0,37.07368,136.92946
1006,1244,chubu_jct_36.7983:136.9826:154,154.0,36.79829,136.98264
1007,1245,chubu_jct_36.6288:137.0657:66,66.0,36.62878,137.06572
1008,1246,chubu_jct_36.5573:137.0974:66,66.0,36.55726,137.09744
1009,1247,chubu_jct_36.6316:137.0685:66,66.0,36.63157,137.06846
1010,1248,chubu_jct_36.3991:137.0734:66,66.0,36.39914,137.07344
1011,1249,chubu_jct_36.4381:137.0816:66,66.0,36.43807,137.08164
1012,1250,chubu_jct_36.4377:137.0822:66,66.0,36.43769,137.08224
1013,1251,chubu_jct_36.4855:137.0675:66,66.0,36.48553,137.0675
1014,1252,chubu_jct_36.4894:137.0657:66,66.0,36.48944,137.06567
1015,1253,chubu_jct_36.5152:137.0696:66,66.0,36.51518,137.06965
1016,1254,chubu_jct_36.4857:137.0665:66,66.0,36.48575,137.06649
1017,1255,chubu_jct_36.489:137.0638:66,66.0,36.48896,137.06378
1018,1256,chubu_jct_36.5142:137.0719:66,66.0,36.51417,137.07186
1019,1257,chubu_jct_36.57:137.1864:0,66.0,36.57005,137.18643
1020,1258,chubu_jct_35.546:136.8797:154,154.0,35.54604,136.87972
1021,1259,chubu_jct_35.5388:136.8818:154,154.0,35.53876,136.88185
1022,1260,chubu_jct_35.5432:136.8659:154,154.0,35.54318,136.86586
1023,1261,chubu_jct_36.8129:136.9853:154,154.0,36.81294,136.98532
1024,1262,chubu_jct_36.7589:137.2369:0,66.0,36.75887,137.23694
1025,1263,chubu_jct_36.7506:137.2223:66,66.0,36.75059,137.22234
1026,1264,chubu_jct_36.7056:137.2304:66,66.0,36.70559,137.23037
1027,1265,chubu_jct_36.6932:137.3851:275,275.0,36.69318,137.38507
1028,1272,chubu_jct_36.7721:137.4876:0,66.0,36.7721,137.48759
1029,1273,chubu_jct_36.7253:137.5191:0,66.0,36.72533,137.51907
1030,1274,chubu_jct_36.6974:137.528:0,66.0,36.69741,137.52798
1031,1275,chubu_jct_36.7253:137.5227:0,66.0,36.72535,137.52266
1032,1278,chubu_jct_36.6029:137.3163:0,66.0,36.60293,137.31629
1033,1279,chubu_jct_36.5539:137.3613:0,66.0,36.55388,137.36133
1034,1280,chubu_jct_36.5232:137.3885:66,66.0,36.52315,137.38848
1035,1283,chubu_jct_36.5699:137.3834:66,66.0,36.56991,137.38344
1036,1298,chubu_jct_35.5203:136.2482:77,77.0,35.52035,136.24821
1037,1299,chubu_jct_35.4739:136.2498:77,77.0,35.47388,136.24978
1038,1300,chubu_jct_35.3882:136.3571:154,154.0,35.38821,136.3571
1039,1301,chubu_jct_35.3884:136.3825:154,154.0,35.3884,136.3825
1040,1302,chubu_jct_35.3677:136.4839:0,66.0,35.36769,136.48392
1041,1303,chubu_jct_35.3663:136.4718:0,66.0,35.36625,136.47176
1042,1304,chubu_jct_35.3658:136.4795:0,66.0,35.36581,136.4795
1043,1305,chubu_jct_36.1845:137.7868:0,66.0,36.18446,137.78684
1044,1310,chubu_jct_35.6428:136.0364:0,154.0,35.64283,136.0364
1045,1314,chubu_jct_35.6385:136.0665:0,66.0,35.63851,136.06653
1046,1315,chubu_jct_35.6457:136.0448:0,66.0,35.64569,136.04484
1047,1316,chubu_jct_35.2053:137.4795:154,154.0,35.20533,137.47947
1048,1317,chubu_jct_35.2619:137.4872:154,154.0,35.26186,137.48719
1049,1318,chubu_jct_35.2614:137.4981:154,154.0,35.26138,137.49806
1050,1319,chubu_jct_35.2559:137.4843:154,154.0,35.25587,137.48426
1051,1320,chubu_jct_35.2269:137.4224:154,154.0,35.22689,137.42236
1052,1321,chubu_jct_35.2535:137.4797:154,154.0,35.25353,137.47966
1053,1322,chubu_jct_35.2278:137.445:154,154.0,35.22779,137.44496
1054,1323,chubu_jct_35.1587:137.4328:154,275.0,35.15873,137.43278
1055,1324,chubu_jct_35.2104:137.3954:154,154.0,35.21039,137.39542
1056,1325,chubu_jct_35.239:137.3759:154,154.0,35.23901,137.37594
1057,1326,chubu_jct_35.2183:137.3214:154,154.0,35.21827,137.32136
1058,1327,chubu_jct_35.1696:137.8715:154,154.0,35.16965,137.87151
1059,1328,chubu_jct_35.1724:137.8755:154,154.0,35.17239,137.87552
1060,1329,chubu_jct_35.1686:137.8768:154,154.0,35.16855,137.87676
1061,1330,chubu_jct_34.933:137.5705:0,275.0,34.93304,137.57047
1062,1331,chubu_jct_34.9317:137.5724:0,66.0,34.93168,137.57242
1063,1332,chubu_jct_36.9997:138.0063:0,66.0,36.9997,138.00634
1064,1333,chubu_jct_37.0106:137.7939:0,66.0,37.0106,137.79394
1065,1334,chubu_jct_36.9964:137.8029:0,66.0,36.99635,137.8029
1066,1335,chubu_jct_37.0099:137.7918:66,66.0,37.00993,137.7918
1067,1336,chubu_jct_37.0126:137.7968:0,66.0,37.01262,137.79676
1068,1337,chubu_jct_36.9524:137.6572:66,66.0,36.95243,137.65722
1069,1338,chubu_jct_34.8335:137.9415:77,77.0,34.83347,137.94146
1070,1339,chubu_jct_34.8226:137.9176:77,77.0,34.82255,137.91758
1071,1340,chubu_jct_34.8274:137.9185:77,77.0,34.82742,137.91854
1072,1341,chubu_jct_34.6628:138.0734:0,66.0,34.66278,138.07344
1073,1342,chubu_jct_34.6943:138.0678:77,77.0,34.69427,138.06782
1074,1343,chubu_jct_34.6922:138.0634:77,77.0,34.6922,138.06344
1075,1344,chubu_jct_34.72:138.1091:77,77.0,34.72003,138.10909
1076,1345,chubu_jct_34.6875:138.174:500,500.0,34.68749,138.17396
1077,1346,chubu_jct_34.6842:138.1811:500,500.0,34.6842,138.18114
1078,1347,chubu_jct_34.6378:138.1831:500,500.0,34.63775,138.18315
1079,1348,chubu_jct_34.6271:138.1871:500,500.0,34.62714,138.18713
1080,1349,chubu_jct_34.6264:138.1847:500,500.0,34.62642,138.18467
1081,1350,chubu_jct_34.633:138.1899:500,500.0,34.63304,138.1899
1082,1351,chubu_jct_34.6856:138.1873:500,500.0,34.68559,138.18734
1083,1352,chubu_jct_34.6856:138.1875:500,500.0,34.68558,138.1875
1084,1353,chubu_jct_34.6948:138.1839:500,500.0,34.69481,138.18392
1085,1354,chubu_jct_34.7193:138.17:500,500.0,34.71932,138.16997
1086,1355,chubu_jct_34.7553:138.2143:500,500.0,34.75533,138.21432
1087,1356,chubu_jct_34.7314:138.1682:500,500.0,34.73135,138.16816
1088,1357,chubu_jct_34.7313:138.1849:500,500.0,34.73126,138.18493
1089,1358,chubu_jct_34.7777:138.1849:500,500.0,34.77775,138.1849
1090,1359,chubu_jct_34.7818:138.1891:500,500.0,34.78181,138.18915
1091,1360,chubu_jct_34.7837:138.1862:500,500.0,34.78372,138.1862
1092,1361,chubu_jct_34.802:138.134:500,500.0,34.802,138.13397
1093,1362,chubu_jct_34.7873:138.1457:500,500.0,34.7873,138.14566
1094,1363,chubu_jct_34.7842:138.1522:500,500.0,34.78422,138.1522
1095,1364,chubu_jct_34.7662:138.1985:500,500.0,34.76623,138.19846
1096,1365,chubu_jct_34.7615:138.1931:500,500.0,34.7615,138.19314
1097,1366,chubu_jct_34.7593:138.2083:500,500.0,34.75935,138.20834
1098,1367,chubu_jct_34.7507:138.2301:500,500.0,34.75067,138.23005
1099,1368,chubu_jct_34.7712:138.2266:500,500.0,34.77124,138.22658
1100,1369,chubu_jct_34.7779:138.1485:500,500.0,34.77787,138.14855
1101,1370,chubu_jct_34.7749:138.1479:500,500.0,34.77495,138.14788
1102,1371,chubu_jct_34.7763:138.1471:500,500.0,34.77631,138.14712
1103,1372,chubu_jct_34.7935:138.1552:500,500.0,34.79351,138.15519
1104,1373,chubu_jct_34.9007:138.1113:77,77.0,34.90069,138.11133
1105,1374,chubu_jct_34.8439:138.1074:77,77.0,34.84394,138.10735
1106,1375,chubu_jct_34.8635:138.1317:77,77.0,34.86348,138.13168
1107,1376,chubu_jct_35.0056:138.0828:77,77.0,35.00558,138.08278
1108,1377,chubu_jct_35.1689:138.1326:0,66.0,35.16885,138.13262
1109,1378,chubu_jct_35.4181:138.197:154,154.0,35.41811,138.19703
1110,1379,chubu_jct_35.3706:138.2007:154,154.0,35.37061,138.20068
1111,1380,chubu_jct_34.8046:138.2836:0,66.0,34.80457,138.28358
1112,1381,chubu_jct_34.7979:138.1967:154,154.0,34.79794,138.19666
1113,1382,chubu_jct_34.8438:138.1174:77,77.0,34.84377,138.11736
1114,1383,chubu_jct_34.6762:138.0881:77,77.0,34.67622,138.08807
1115,1384,chubu_jct_34.8553:138.2337:154,154.0,34.85532,138.23366
1116,1385,chubu_jct_34.8853:138.3013:110,110.0,34.88534,138.30134
1117,1386,chubu_jct_34.9059:138.2898:110,110.0,34.90595,138.28979
1118,1387,chubu_jct_34.9912:138.4261:110,110.0,34.99118,138.42608
1119,1388,chubu_jct_35.011:138.4086:110,110.0,35.01104,138.40863
1120,1389,chubu_jct_35.0088:138.3712:110,110.0,35.00877,138.37124
1121,1390,chubu_jct_34.6902:137.9903:77,77.0,34.69018,137.99031
1122,1391,chubu_jct_36.1646:137.6633:0,66.0,36.16463,137.66335
1123,1392,chubu_jct_36.2486:137.5071:0,66.0,36.24859,137.50714
1124,1399,chubu_jct_34.6896:137.8695:77,77.0,34.68962,137.8695
1125,1400,chubu_jct_34.6826:137.8734:77,77.0,34.68265,137.8734
1126,1401,chubu_jct_34.6868:137.8731:77,77.0,34.68681,137.87309
1127,1402,chubu_jct_36.0924:137.9839:77,77.0,36.09236,137.98395
1128,1403,chubu_jct_36.0982:136.2001:77,77.0,36.09817,136.20008
1129,1404,chubu_jct_36.1556:136.2111:77,77.0,36.15563,136.21107
1130,1405,chubu_jct_36.1858:136.2181:77,77.0,36.18583,136.21814
1131,1406,chubu_jct_36.0955:136.2052:77,77.0,36.09547,136.20522
1132,1407,chubu_jct_36.1554:136.2102:77,77.0,36.15542,136.21015
1133,1408,chubu_jct_36.2033:136.2471:77,77.0,36.20333,136.24705
1134,1409,chubu_jct_35.3812:137.1735:154,154.0,35.38119,137.17353
1135,1410,chubu_jct_35.4192:137.1584:154,154.0,35.41918,137.15843
1136,1411,chubu_jct_35.4232:137.1564:154,154.0,35.4232,137.15641
1137,1412,chubu_jct_35.3812:137.1739:154,154.0,35.38122,137.17389
1138,1413,chubu_jct_35.3831:137.1677:154,154.0,35.38315,137.16771
1139,1414,chubu_jct_35.4037:137.1016:154,154.0,35.40373,137.10163
1140,1415,chubu_jct_35.4044:137.0883:154,154.0,35.4044,137.08827
1141,1416,chubu_jct_35.3588:137.2066:154,154.0,35.35882,137.20656
1142,1417,chubu_jct_35.344:137.2293:154,154.0,35.34397,137.22932
1143,1418,chubu_jct_35.3374:137.211:154,154.0,35.33739,137.21097
1144,1419,chubu_jct_35.335:137.1988:154,154.0,35.33496,137.19878
1145,1420,chubu_jct_35.3067:137.1467:154,154.0,35.30673,137.14671
1146,1421,chubu_jct_35.3009:137.1414:154,154.0,35.30092,137.14139
1147,1422,chubu_jct_35.2717:137.1048:154,154.0,35.27166,137.10478
1148,1423,chubu_jct_35.257:137.0726:154,154.0,35.25704,137.07259
1149,1424,chubu_jct_35.2483:137.0736:154,154.0,35.24829,137.07362
1150,1425,chubu_jct_35.295:137.1496:154,154.0,35.29505,137.14956
1151,1426,chubu_jct_35.3101:137.1338:154,154.0,35.31014,137.13376
1152,1427,chubu_jct_35.324:137.2016:154,154.0,35.32402,137.20157
1153,1428,chubu_jct_35.2809:137.2126:154,154.0,35.28095,137.21265
1154,1429,chubu_jct_35.3365:137.2394:154,154.0,35.3365,137.2394
1155,1430,chubu_jct_35.3754:137.2396:77,77.0,35.37542,137.23956
1156,1431,chubu_jct_35.3677:137.2432:77,77.0,35.36767,137.24316
1157,1432,chubu_jct_35.3672:137.2402:77,77.0,35.36723,137.24017
1158,1433,chubu_jct_35.3172:137.318:77,77.0,35.31717,137.31795
1159,1434,chubu_jct_35.3164:137.3136:77,77.0,35.31642,137.31365
1160,1435,chubu_jct_35.3075:137.3527:77,77.0,35.30745,137.35273
1161,1436,chubu_jct_35.3084:137.3536:77,77.0,35.30842,137.35363
1162,1437,chubu_jct_35.3004:137.4016:77,77.0,35.30044,137.40156
1163,1438,chubu_jct_35.4031:137.3082:77,77.0,35.40305,137.3082
1164,1439,chubu_jct_35.408:137.3136:77,77.0,35.408,137.31363
1165,1440,chubu_jct_35.4135:137.309:77,77.0,35.4135,137.30901
1166,1441,chubu_jct_35.4254:137.3499:77,77.0,35.42543,137.34991
1167,1442,chubu_jct_35.4245:137.35:77,77.0,35.42449,137.34995
1168,1443,chubu_jct_35.44:137.396:77,77.0,35.44003,137.39601
1169,1444,chubu_jct_35.4031:137.3079:77,77.0,35.40311,137.30792
1170,1445,chubu_jct_35.4484:137.4202:77,77.0,35.44844,137.42018
1171,1446,chubu_jct_35.3686:137.4324:77,77.0,35.36861,137.43241
1172,1447,chubu_jct_35.4266:137.4206:77,77.0,35.42657,137.42064
1173,1448,chubu_jct_35.4702:137.4841:77,77.0,35.47017,137.48413
1174,1449,chubu_jct_35.4746:137.5101:77,77.0,35.4746,137.5101
1175,1450,chubu_jct_35.4382:137.5306:77,77.0,35.43821,137.53058
1176,1451,chubu_jct_35.4806:137.5142:77,77.0,35.48061,137.51419
1177,1452,chubu_jct_35.4989:137.5149:154,154.0,35.49888,137.51489
1178,1455,chubu_jct_35.5015:137.5955:77,77.0,35.50152,137.59549
1179,1456,chubu_jct_35.5259:137.5249:154,154.0,35.52592,137.52486
1180,1457,chubu_jct_35.572:137.5371:154,154.0,35.57203,137.53706
1181,1458,chubu_jct_35.573:137.5397:154,154.0,35.57305,137.53966
1182,1459,chubu_jct_35.5676:137.5317:154,154.0,35.56755,137.53173
1183,1460,chubu_jct_35.5681:137.5294:154,154.0,35.56814,137.52941
1184,1461,chubu_jct_35.5738:137.5359:154,154.0,35.57381,137.53593
1185,1462,chubu_jct_35.5257:137.5363:154,154.0,35.52573,137.53633
1186,1463,chubu_jct_35.6106:137.6111:154,154.0,35.61062,137.61111
1187,1464,chubu_jct_35.5794:137.5346:154,154.0,35.57936,137.53462
1188,1465,chubu_jct_35.5814:137.5345:154,154.0,35.58139,137.53452
1189,1466,chubu_jct_35.5817:137.5353:154,154.0,35.58173,137.53526
1190,1467,chubu_jct_35.6374:137.444:154,154.0,35.63739,137.444
1191,1468,chubu_jct_35.7617:137.7039:154,154.0,35.7617,137.70387
1192,1469,chubu_jct_35.8983:137.7693:154,154.0,35.89826,137.76928
1193,1470,chubu_jct_35.9442:137.7898:154,154.0,35.94416,137.78979
1194,1473,chubu_jct_35.2289:137.4463:0,66.0,35.22886,137.44629
1195,1474,chubu_jct_35.2778:136.2792:66,66.0,35.27775,136.27916
1196,1475,chubu_jct_35.2905:136.277:77,77.0,35.29046,136.27702
1197,1484,chubu_jct_34.805:136.9162:154,154.0,34.80498,136.91623
1198,1485,chubu_jct_35.0358:135.9964:0,66.0,35.03578,135.99641
1199,1486,chubu_jct_36.3309:138.6205:77,77.0,36.33087,138.6205
1200,1487,chubu_jct_35.461:136.2437:77,77.0,35.46096,136.24371
1201,1497,chubu_jct_35.3265:137.0213:0,66.0,35.32648,137.02132
1202,1501,chubu_jct_36.9616:137.9295:0,66.0,36.96162,137.92953
1203,1504,chubu_jct_34.9801:137.1344:154,154.0,34.98007,137.13442
1204,1505,chubu_jct_34.9807:137.536:154,154.0,34.98073,137.53601
1205,1506,chubu_jct_34.9179:137.5394:77,77.0,34.91789,137.53944
1206,1507,chubu_jct_34.6312:135.8453:154,154.0,34.63118,135.84532
1207,1508,chubu_jct_35.4698:136.7347:275,275.0,35.46984,136.73471
1208,1509,chubu_jct_34.7089:137.551:66,66.0,34.70892,137.55104
1209,1510,chubu_jct_34.9862:137.0254:77,77.0,34.98621,137.02538
1210,1513,chubu_jct_35.9743:138.1161:77,77.0,35.97426,138.11606
1211,1514,chubu_jct_34.8386:136.5204:77,77.0,34.83857,136.52037
1212,1515,chubu_jct_34.9348:136.5346:154,154.0,34.93479,136.53459
1213,1516,chubu_jct_35.075:137.2377:77,77.0,35.07498,137.23774
1214,1517,chubu_jct_35.1312:137.3094:77,77.0,35.13117,137.30937
1215,1518,chubu_jct_35.1325:137.3083:77,77.0,35.13255,137.30829
1216,1519,chubu_jct_35.1279:137.3026:77,77.0,35.12785,137.30262
1217,1520,chubu_jct_35.1228:137.3009:77,77.0,35.12285,137.30091
1218,1521,chubu_jct_35.1212:137.1787:0,66.0,35.12117,137.17875
1219,1522,chubu_jct_35.1056:137.3187:77,77.0,35.10555,137.31872
1220,1523,chubu_jct_34.982:137.1729:77,77.0,34.98201,137.17294
1221,1526,chubu_jct_35.9355:136.5547:0,66.0,35.93546,136.55473
1222,1529,chubu_jct_36.0186:136.5215:154,154.0,36.01859,136.52149
1223,1530,chubu_jct_36.0189:136.521:154,154.0,36.01886,136.52103
1224,1531,chubu_jct_36.0178:136.527:154,154.0,36.01784,136.52704
1225,1532,chubu_jct_36.0194:136.5187:154,154.0,36.01936,136.51867
1226,1533,chubu_jct_36.019:136.5203:154,154.0,36.01902,136.5203
1227,1534,chubu_jct_36.0187:136.5185:154,154.0,36.01872,136.51845
1228,1535,chubu_jct_36.0175:136.5266:154,154.0,36.01752,136.52659
1229,1536,chubu_jct_36.3555:138.3136:77,77.0,36.35554,138.31361
1230,1537,chubu_jct_36.3421:138.3188:77,77.0,36.34212,138.31876
1231,1538,chubu_jct_36.3285:138.433:77,77.0,36.32847,138.43299
1232,1539,chubu_jct_36.1737:136.6198:154,154.0,36.17374,136.61981
1233,1540,chubu_jct_36.2318:136.6353:154,154.0,36.23181,136.63533
1234,1541,chubu_jct_36.2295:136.6368:154,154.0,36.22949,136.63679
1235,1542,chubu_jct_36.1633:136.6319:154,154.0,36.16328,136.63186
1236,1543,chubu_jct_36.3834:136.6359:154,154.0,36.38335,136.63589
1237,1544,chubu_jct_36.3345:136.6468:154,154.0,36.33455,136.64682
1238,1545,chubu_jct_36.3843:136.6394:154,154.0,36.38426,136.63939
1239,1547,chubu_jct_35.4186:136.5967:154,154.0,35.41863,136.5967
1240,1552,chubu_jct_36.2613:136.3564:154,154.0,36.26132,136.35644
1241,1555,chubu_jct_36.2995:136.6378:154,154.0,36.29946,136.63779
1242,1556,chubu_jct_36.2965:136.6387:154,154.0,36.2965,136.6387
1243,1557,chubu_jct_36.2946:136.6426:154,154.0,36.29455,136.64257
1244,1558,chubu_jct_36.0078:136.0403:77,77.0,36.00784,136.04025
1245,1559,chubu_jct_34.8649:137.5123:77,77.0,34.86492,137.51228
1246,1560,chubu_jct_36.5044:138.1734:77,77.0,36.50445,138.17335
1247,1562,chubu_jct_36.5376:138.1654:77,77.0,36.53762,138.16543
1248,1563,chubu_jct_36.951:137.5571:66,66.0,36.95103,137.55713
1249,1564,chubu_jct_36.9018:137.485:66,66.0,36.90175,137.48496
1250,1565,chubu_jct_36.8591:137.5579:0,66.0,36.85908,137.5579
1251,1566,chubu_jct_36.6957:137.6587:154,154.0,36.69567,137.65873
1252,1567,chubu_jct_36.7501:137.638:275,275.0,36.75007,137.63798
1253,1568,chubu_jct_36.6871:137.6587:275,275.0,36.68707,137.6587
1254,1569,chubu_jct_36.6925:137.6604:275,275.0,36.6925,137.66044
1255,1570,chubu_jct_36.5864:136.9938:154,154.0,36.58644,136.9938
1256,1571,chubu_jct_36.5636:136.9962:154,154.0,36.56364,136.99617
1257,1572,chubu_jct_36.5637:136.9953:154,154.0,36.56365,136.99533
1258,1573,chubu_jct_36.5638:136.9962:154,154.0,36.56376,136.99615
1259,1574,chubu_jct_36.5636:136.9954:154,154.0,36.56361,136.99545
1260,1575,chubu_jct_36.2946:137.1193:154,154.0,36.29462,137.11925
1261,1576,chubu_jct_36.382:137.1814:154,154.0,36.38197,137.18139
1262,1577,chubu_jct_36.381:137.1859:154,154.0,36.38102,137.18588
1263,1578,chubu_jct_36.4497:137.1755:154,154.0,36.44966,137.1755
1264,1579,chubu_jct_36.431:137.2129:154,154.0,36.431,137.21294
1265,1582,chubu_jct_36.4962:137.1903:66,66.0,36.49617,137.19029
1266,1583,chubu_jct_36.3378:137.298:154,154.0,36.33781,137.29797
1267,1584,chubu_jct_34.852:138.1131:77,77.0,34.852,138.11311
1268,1585,chubu_jct_34.6187:138.1501:0,66.0,34.61873,138.15007
1269,1586,chubu_jct_34.6189:138.1501:0,66.0,34.61886,138.15012
1270,1587,chubu_jct_34.6189:138.1502:0,66.0,34.61889,138.15018
1271,1588,chubu_jct_36.7024:136.9435:66,66.0,36.70245,136.94349
1272,1589,chubu_jct_36.5473:136.6886:77,77.0,36.5473,136.6886
1273,1590,chubu_jct_36.5951:136.6865:154,154.0,36.59514,136.68648
1274,1591,chubu_jct_36.5886:136.65:77,77.0,36.58861,136.65002
1275,1592,chubu_jct_36.5827:136.6196:77,77.0,36.58269,136.61961
1276,1593,chubu_jct_36.078:137.412:154,154.0,36.07796,137.41196
1277,1594,chubu_jct_35.6905:137.1363:77,77.0,35.6905,137.13626
1278,1595,chubu_jct_35.9427:136.8665:77,77.0,35.94265,136.86652
1279,1608,chubu_jct_35.101:136.0901:77,77.0,35.10099,136.09012
1280,1609,chubu_jct_35.1484:136.1932:77,77.0,35.14836,136.19319
1281,1610,chubu_jct_35.162:136.2072:77,77.0,35.16202,136.20723
1282,1611,chubu_jct_35.1585:136.2105:77,77.0,35.15851,136.21047
1283,1612,chubu_jct_35.2927:136.7382:66,66.0,35.29271,136.73825
1284,1613,chubu_jct_35.2639:137.0304:154,154.0,35.26391,137.03042
1285,1614,chubu_jct_35.0327:136.9566:0,66.0,35.03268,136.95661
1286,1615,chubu_jct_34.8498:136.9157:0,66.0,34.84977,136.9157
1287,1616,chubu_jct_34.888:137.1474:77,77.0,34.88804,137.14737
1288,1617,chubu_jct_34.8734:137.1602:77,77.0,34.87344,137.16021
1289,1618,chubu_jct_34.8679:137.1555:77,77.0,34.86791,137.15549
1290,1619,chubu_jct_34.9034:137.0637:154,154.0,34.90342,137.06369
1291,1620,chubu_jct_34.8421:137.0071:77,77.0,34.84208,137.00708
1292,1621,chubu_jct_34.8572:137.0588:77,77.0,34.85722,137.05877
1293,1626,chubu_jct_36.766:137.0978:154,154.0,36.76605,137.09775
1294,1627,chubu_jct_36.5229:138.6203:77,77.0,36.52294,138.6203
1295,1628,chubu_jct_35.6369:136.0524:0,66.0,35.6369,136.0524
1296,1629,chubu_jct_35.2406:136.8126:154,154.0,35.24055,136.8126
1297,1631,chubu_jct_34.799:138.2482:154,154.0,34.79898,138.24819
1298,1632,chubu_jct_35.1507:136.4995:275,275.0,35.15066,136.49945
1299,1633,chubu_jct_35.1842:137.2607:0,77.0,35.18418,137.26073
1300,1634,chubu_jct_35.1654:137.2546:154,154.0,35.1654,137.25456
1301,1635,chubu_jct_35.1979:137.2846:0,66.0,35.19793,137.28457
1302,1640,chubu_jct_34.7065:137.3849:154,154.0,34.70653,137.38495
1303,1641,chubu_jct_36.6742:138.1647:0,66.0,36.67417,138.16469
1304,1642,chubu_jct_35.2049:137.3152:0,66.0,35.20489,137.31515
1305,1643,chubu_jct_35.1982:137.2844:0,66.0,35.19825,137.2844
1306,1644,chubu_jct_35.0054:136.0055:154,154.0,35.00535,136.00547
1307,1645,chubu_jct_35.4588:137.0159:77,77.0,35.45875,137.01594
1308,1646,chubu_jct_35.2971:136.8195:77,77.0,35.29708,136.81945
1309,1647,chubu_jct_35.1039:136.8607:77,77.0,35.10387,136.86075
1310,1648,chubu_jct_35.1039:136.8607:154,154.0,35.10387,136.86075
1311,1649,chubu_jct_35.096:136.9461:77,77.0,35.09599,136.94611
1312,1652,chubu_jct_35.3699:136.4877:0,66.0,35.36989,136.48771
1313,1653,chubu_jct_35.0332:136.5697:154,154.0,35.03319,136.56968
1314,1654,chubu_jct_35.0808:136.5919:77,77.0,35.08083,136.5919
1315,1655,chubu_jct_35.9854:136.3649:275,275.0,35.98539,136.36495
1316,1656,chubu_jct_35.724:137.7101:0,66.0,35.72397,137.71011
1317,1657,chubu_jct_36.403:136.9109:275,275.0,36.40303,136.91094
1318,1658,chubu_jct_34.9059:137.2218:77,77.0,34.90594,137.22183
1319,1659,chubu_jct_34.9048:137.2242:77,77.0,34.9048,137.22422
1320,1662,chubu_jct_35.5312:137.9126:500,500.0,35.53121,137.91259
1321,1664,chubu_sub_1,154.0,35.09711,137.56584
1322,1665,chubu_sub_2,500.0,35.16229,137.72739
1323,1666,chubu_sub_3,275.0,34.81873,137.07297
1324,1667,chubu_sub_4,77.0,34.78113,137.44093
1325,1668,chubu_sub_5,154.0,35.94622,136.19357
1326,1669,chubu_sub_6,77.0,36.66284,138.21946
1327,1671,chubu_sub_8,77.0,34.91331,137.13258
1328,1674,chubu_sub_11,154.0,36.56734,137.23735
1329,1675,chubu_sub_12,66.0,36.65265,137.03617
1330,1676,chubu_sub_13,154.0,35.16517,136.86918
1331,1677,chubu_sub_14,77.0,34.68097,138.10174
1332,1678,chubu_sub_15,66.0,36.59134,138.14656
1333,1679,chubu_sub_16,154.0,35.05341,136.06124
1334,1680,chubu_sub_17,275.0,35.04427,136.08406
1335,1682,chubu_sub_19,154.0,35.05452,136.06685
1336,1683,chubu_sub_20,154.0,35.05654,136.05507
1337,1684,chubu_sub_21,154.0,35.05609,136.05615
1338,1685,chubu_sub_22,154.0,35.05758,136.05571
1339,1686,chubu_sub_23,77.0,35.1681,136.99716
1340,1689,chubu_sub_26,77.0,36.03177,136.21028
1341,1690,chubu_sub_27,154.0,35.26409,137.03676
1342,1691,chubu_sub_28@154,154.0,35.24847,136.99659
1343,1692,chubu_sub_28@u,66.0,35.24847,136.99659
1344,1694,chubu_sub_30,154.0,35.16486,136.91067
1345,1695,chubu_sub_31,77.0,36.07519,136.22351
1346,1696,chubu_sub_32@154,154.0,35.50668,137.48091
1347,1697,chubu_sub_32@77,77.0,35.50668,137.48091
1348,1699,chubu_sub_34@77,77.0,36.60837,138.24981
1349,1700,chubu_sub_34@u,66.0,36.60837,138.24981
1350,1705,chubu_sub_39@275,275.0,34.87056,137.18725
1351,1706,chubu_sub_39@77,77.0,34.87056,137.18725
1352,1707,chubu_sub_40@77,77.0,35.38226,136.28653
1353,1708,chubu_sub_40@66,66.0,35.38226,136.28653
1354,1709,chubu_sub_41@500,500.0,36.9958,136.83824
1355,1710,chubu_sub_41@275,275.0,36.9958,136.83824
1356,1711,chubu_sub_41@154,154.0,36.9958,136.83824
1357,1712,chubu_sub_42,77.0,35.52794,137.86535
1358,1713,chubu_sub_43,66.0,35.37637,136.27453
1359,1714,chubu_sub_44@154,154.0,35.40656,136.27166
1360,1715,chubu_sub_44@77,77.0,35.40656,136.27166
1361,1716,chubu_sub_45@77,77.0,35.29688,136.77248
1362,1717,chubu_sub_45@66,66.0,35.29688,136.77248
1363,1718,chubu_sub_46,77.0,35.37619,136.94719
1364,1719,chubu_sub_48,77.0,34.77667,138.11201
1365,1720,chubu_sub_49,77.0,34.76402,138.09017
1366,1725,chubu_sub_57@154,154.0,35.26139,136.87185
1367,1726,chubu_sub_57@77,77.0,35.26139,136.87185
1368,1727,chubu_sub_58,77.0,35.27905,136.81083
1369,1728,chubu_sub_59@500,500.0,35.07121,137.70825
1370,1729,chubu_sub_59@275,275.0,35.07121,137.70825
1371,1735,chubu_sub_66@154,154.0,35.64636,136.08239
1372,1736,chubu_sub_66@u,66.0,35.64636,136.08239
1373,1737,chubu_sub_67,110.0,34.93382,138.36475
1374,1739,chubu_sub_69,77.0,36.0928,138.48542
1375,1740,chubu_sub_70,77.0,36.27412,138.47027
1376,1741,chubu_sub_71@77,77.0,36.60852,138.24753
1377,1742,chubu_sub_71@u,66.0,36.60852,138.24753
1378,1744,chubu_sub_73,77.0,36.66063,138.31147
1379,1745,chubu_sub_74,77.0,36.66681,138.2356
1380,1746,chubu_sub_75,77.0,36.65622,138.21711
1381,1747,chubu_sub_76,66.0,36.63505,138.17757
1382,1749,chubu_sub_78@275,275.0,36.55938,138.11074
1383,1750,chubu_sub_78@77,77.0,36.55938,138.11074
1384,1751,chubu_sub_78@u,66.0,36.55938,138.11074
1385,1752,chubu_sub_79,77.0,36.5961,138.17738
1386,1753,chubu_sub_80@154,154.0,36.10733,138.09832
1387,1754,chubu_sub_80@77,77.0,36.10733,138.09832
1388,1755,chubu_sub_81,500.0,35.16214,137.72922
1389,1756,chubu_sub_82,77.0,35.11487,136.9235
1390,1757,chubu_sub_83,110.0,34.95073,138.36581
1391,1758,chubu_sub_86,154.0,35.18747,137.00481
1392,1760,chubu_sub_88@275,275.0,34.9934,138.28636
1393,1761,chubu_sub_88@110,110.0,34.9934,138.28636
1394,1762,chubu_sub_89@275,275.0,36.34138,138.00288
1395,1763,chubu_sub_89@77,77.0,36.34138,138.00288
1396,1764,chubu_sub_90,154.0,35.34634,136.72272
1397,1765,chubu_sub_91@154,154.0,35.32754,136.82104
1398,1766,chubu_sub_91@77,77.0,35.32754,136.82104
1399,1767,chubu_sub_92,154.0,35.38028,136.78814
1400,1768,chubu_sub_93@275,275.0,35.40693,136.73598
1401,1769,chubu_sub_93@154,154.0,35.40693,136.73598
1402,1770,chubu_sub_94@275,275.0,35.50552,136.87013
1403,1771,chubu_sub_95@500,500.0,35.5274,136.93685
1404,1772,chubu_sub_95@275,275.0,35.5274,136.93685
1405,1773,chubu_sub_95@154,154.0,35.5274,136.93685
1406,1774,chubu_sub_96@275,275.0,35.4269,136.6453
1407,1775,chubu_sub_96@154,154.0,35.4269,136.6453
1408,1776,chubu_sub_96@77,77.0,35.4269,136.6453
1409,1777,chubu_sub_97@154,154.0,35.40531,136.69325
1410,1778,chubu_sub_97@77,77.0,35.40531,136.69325
1411,1779,chubu_sub_98@154,154.0,35.38461,136.61115
1412,1780,chubu_sub_98@77,77.0,35.38461,136.61115
1413,1781,chubu_sub_99,275.0,35.47891,136.70323
1414,1782,chubu_sub_100,77.0,35.36878,136.69619
1415,1783,chubu_sub_101,154.0,35.38921,136.74588
1416,1784,chubu_sub_102,154.0,35.32052,136.67822
1417,1785,chubu_sub_103@275,275.0,35.05696,138.50022
1418,1786,chubu_sub_103@77,77.0,35.05696,138.50022
1419,1787,chubu_sub_104@275,275.0,35.08457,137.79868
1420,1788,chubu_sub_104@154,154.0,35.08457,137.79868
1421,1789,chubu_sub_105@275,275.0,35.26461,136.9943
1422,1790,chubu_sub_105@154,154.0,35.26461,136.9943
1423,1791,chubu_sub_106@275,275.0,35.14396,137.11772
1424,1792,chubu_sub_106@154,154.0,35.14396,137.11772
1425,1793,chubu_sub_107@275,275.0,35.20245,137.13654
1426,1794,chubu_sub_107@77,77.0,35.20245,137.13654
1427,1795,chubu_sub_108@500,500.0,35.10584,137.262
1428,1796,chubu_sub_108@275,275.0,35.10584,137.262
1429,1797,chubu_sub_108@77,77.0,35.10584,137.262
1430,1798,chubu_sub_109,500.0,36.4991,136.82489
1431,1799,chubu_sub_110,500.0,36.50138,136.725
1432,1800,chubu_sub_111@154,154.0,35.09977,136.81033
1433,1801,chubu_sub_111@77,77.0,35.09977,136.81033
1434,1802,chubu_sub_113@275,275.0,34.84365,137.47012
1435,1803,chubu_sub_113@154,154.0,34.84365,137.47012
1436,1804,chubu_sub_113@77,77.0,34.84365,137.47012
1437,1805,chubu_sub_114@500,500.0,34.89087,137.45248
1438,1806,chubu_sub_114@275,275.0,34.89087,137.45248
1439,1807,chubu_sub_115@275,275.0,34.96318,137.27704
1440,1808,chubu_sub_115@154,154.0,34.96318,137.27704
1441,1809,chubu_sub_115@77,77.0,34.96318,137.27704
1442,1810,chubu_sub_116@275,275.0,34.84124,136.96482
1443,1811,chubu_sub_116@154,154.0,34.84124,136.96482
1444,1812,chubu_sub_116@u,66.0,34.84124,136.96482
1445,1813,chubu_sub_117,275.0,34.65414,137.06964
1446,1814,chubu_sub_118@275,275.0,34.71103,137.50743
1447,1815,chubu_sub_118@77,77.0,34.71103,137.50743
1448,1816,chubu_sub_119@275,275.0,34.65784,137.30699
1449,1817,chubu_sub_119@77,77.0,34.65784,137.30699
1450,1818,chubu_sub_120@500,500.0,35.63563,136.96243
1451,1819,chubu_sub_120@154,154.0,35.63563,136.96243
1452,1820,chubu_sub_120@77,77.0,35.63563,136.96243
1453,1821,chubu_sub_121@275,275.0,35.04107,137.21792
1454,1822,chubu_sub_121@77,77.0,35.04107,137.21792
1455,1823,chubu_sub_122@154,154.0,34.7993,137.77535
1456,1824,chubu_sub_122@u,66.0,34.7993,137.77535
1457,1825,chubu_sub_123@275,275.0,35.44824,136.93876
1458,1826,chubu_sub_123@154,154.0,35.44824,136.93876
1459,1827,chubu_sub_123@77,77.0,35.44824,136.93876
1460,1828,chubu_sub_124@275,275.0,34.80528,137.7005
1461,1829,chubu_sub_124@154,154.0,34.80528,137.7005
1462,1830,chubu_sub_125@275,275.0,35.06337,138.3613
1463,1831,chubu_sub_125@154,154.0,35.06337,138.3613
1464,1832,chubu_sub_125@110,110.0,35.06337,138.3613
1465,1833,chubu_sub_125@u,66.0,35.06337,138.3613
1466,1834,chubu_sub_126@500,500.0,34.81135,138.06359
1467,1835,chubu_sub_126@275,275.0,34.81135,138.06359
1468,1836,chubu_sub_126@154,154.0,34.81135,138.06359
1469,1837,chubu_sub_126@77,77.0,34.81135,138.06359
1470,1838,chubu_sub_127@500,500.0,35.19325,136.51496
1471,1839,chubu_sub_127@275,275.0,35.19325,136.51496
1472,1840,chubu_sub_128,500.0,35.20352,136.4509
1473,1841,chubu_sub_129,500.0,35.0948,136.29341
1474,1842,chubu_sub_131@275,275.0,35.08274,136.61655
1475,1843,chubu_sub_131@154,154.0,35.08274,136.61655
1476,1844,chubu_sub_131@77,77.0,35.08274,136.61655
1477,1845,chubu_sub_132@275,275.0,35.13806,136.69605
1478,1846,chubu_sub_132@154,154.0,35.13806,136.69605
1479,1847,chubu_sub_133,154.0,35.48458,137.39434
1480,1848,chubu_sub_134@500,500.0,35.21036,137.29799
1481,1849,chubu_sub_134@275,275.0,35.21036,137.29799
1482,1851,chubu_sub_137@154,154.0,34.80341,137.44316
1483,1852,chubu_sub_137@77,77.0,34.80341,137.44316
1484,1853,chubu_sub_137@u,66.0,34.80341,137.44316
1485,1854,chubu_sub_138@154,154.0,35.10477,136.88102
1486,1855,chubu_sub_138@77,77.0,35.10477,136.88102
1487,1856,chubu_sub_139@154,154.0,35.10126,136.85918
1488,1857,chubu_sub_139@77,77.0,35.10126,136.85918
1489,1858,chubu_sub_141,77.0,35.09363,136.92648
1490,1859,chubu_sub_142,154.0,35.06264,136.80903
1491,1860,chubu_sub_143@154,154.0,35.05556,136.95222
1492,1861,chubu_sub_143@77,77.0,35.05556,136.95222
1493,1862,chubu_sub_144@275,275.0,35.13074,137.00956
1494,1863,chubu_sub_144@154,154.0,35.13074,137.00956
1495,1864,chubu_sub_144@77,77.0,35.13074,137.00956
1496,1865,chubu_sub_145@77,77.0,35.2106,136.87526
1497,1866,chubu_sub_146@275,275.0,35.04107,136.99078
1498,1867,chubu_sub_146@154,154.0,35.04107,136.99078
1499,1868,chubu_sub_146@77,77.0,35.04107,136.99078
1500,1869,chubu_sub_147@154,154.0,35.04519,137.13173
1501,1870,chubu_sub_147@77,77.0,35.04519,137.13173
1502,1871,chubu_sub_148,154.0,35.15723,136.87043
1503,1872,chubu_sub_149,154.0,35.1291,136.78656
1504,1873,chubu_sub_150,77.0,35.1153,136.73854
1505,1874,chubu_sub_151,154.0,34.91365,136.6238
1506,1876,chubu_sub_153,77.0,34.80693,136.56322
1507,1878,chubu_sub_155@275,275.0,35.04502,136.67371
1508,1879,chubu_sub_155@77,77.0,35.04502,136.67371
1509,1880,chubu_sub_156@275,275.0,35.04867,136.67104
1510,1881,chubu_sub_156@77,77.0,35.04867,136.67104
1511,1882,chubu_sub_157,77.0,35.33215,136.91712
1512,1883,chubu_sub_158,77.0,35.26899,136.93784
1513,1884,chubu_sub_159,77.0,35.26377,136.93144
1514,1885,chubu_sub_160,154.0,35.16055,136.89189
1515,1886,chubu_sub_161@154,154.0,35.08352,136.90101
1516,1887,chubu_sub_161@77,77.0,35.08352,136.90101
1517,1888,chubu_sub_162@154,154.0,36.09026,136.2844
1518,1889,chubu_sub_162@77,77.0,36.09026,136.2844
1519,1890,chubu_sub_162@66,66.0,36.09026,136.2844
1520,1894,chubu_sub_165@154,154.0,35.25776,136.27613
1521,1895,chubu_sub_165@77,77.0,35.25776,136.27613
1522,1896,chubu_sub_166@275,275.0,35.31299,136.30567
1523,1897,chubu_sub_166@154,154.0,35.31299,136.30567
1524,1898,chubu_sub_166@77,77.0,35.31299,136.30567
1525,1899,chubu_sub_167,77.0,35.15011,136.23155
1526,1900,chubu_sub_168@275,275.0,35.00701,136.14192
1527,1901,chubu_sub_168@77,77.0,35.00701,136.14192
1528,1902,chubu_sub_169@154,154.0,35.49137,136.80182
1529,1903,chubu_sub_169@77,77.0,35.49137,136.80182
1530,1904,chubu_sub_170,500.0,35.5842,136.72338
1531,1906,chubu_sub_174@154,154.0,34.73898,137.73546
1532,1907,chubu_sub_174@77,77.0,34.73898,137.73546
1533,1908,chubu_sub_175,154.0,34.77221,137.71021
1534,1909,chubu_sub_176@77,77.0,34.7772,137.74966
1535,1910,chubu_sub_176@u,66.0,34.7772,137.74966
1536,1911,chubu_sub_177,154.0,34.9329,137.81101
1537,1912,chubu_sub_178,77.0,34.75005,137.76298
1538,1913,chubu_sub_179@77,77.0,34.72661,137.76756
1539,1914,chubu_sub_180@154,154.0,35.38333,136.55485
1540,1915,chubu_sub_180@u,66.0,35.38333,136.55485
1541,1916,chubu_sub_181,66.0,35.36547,136.48425
1542,1917,chubu_sub_182@154,154.0,35.11295,136.10537
1543,1918,chubu_sub_182@77,77.0,35.11295,136.10537
1544,1919,chubu_sub_182@66,66.0,35.11295,136.10537
1545,1920,chubu_sub_183,77.0,34.70962,137.69952
1546,1921,chubu_sub_184,77.0,34.69455,137.68663
1547,1922,chubu_sub_185,77.0,34.67482,137.77528
1548,1923,chubu_sub_186,154.0,34.703,137.64535
1549,1924,chubu_sub_187,154.0,34.74038,137.60261
1550,1925,chubu_sub_188,77.0,34.69369,137.73628
1551,1927,chubu_sub_190@275,275.0,35.43598,136.69452
1552,1928,chubu_sub_190@154,154.0,35.43598,136.69452
1553,1929,chubu_sub_190@77,77.0,35.43598,136.69452
1554,1930,chubu_sub_191@275,275.0,35.58155,136.88185
1555,1931,chubu_sub_191@154,154.0,35.58155,136.88185
1556,1932,chubu_sub_192,154.0,34.83829,137.67857
1557,1933,chubu_sub_193@77,77.0,34.70811,137.7584
1558,1934,chubu_sub_193@u,66.0,34.70811,137.7584
1559,1935,chubu_sub_194@275,275.0,34.80721,137.70034
1560,1936,chubu_sub_194@154,154.0,34.80721,137.70034
1561,1937,chubu_sub_196,154.0,34.73184,137.66368
1562,1938,chubu_sub_197@154,154.0,35.27542,136.63694
1563,1939,chubu_sub_197@u,66.0,35.27542,136.63694
1564,1940,chubu_sub_198,154.0,35.22451,136.79266
1565,1941,chubu_sub_199@154,154.0,35.01738,138.45463
1566,1942,chubu_sub_199@110,110.0,35.01738,138.45463
1567,1943,chubu_sub_199@77,77.0,35.01738,138.45463
1568,1944,chubu_sub_200@275,275.0,35.47011,137.16337
1569,1945,chubu_sub_200@154,154.0,35.47011,137.16337
1570,1946,chubu_sub_201@154,154.0,35.3591,136.96324
1571,1947,chubu_sub_201@77,77.0,35.3591,136.96324
1572,1948,chubu_sub_203,77.0,35.42191,137.02748
1573,1949,chubu_sub_204@154,154.0,35.35876,136.96068
1574,1950,chubu_sub_204@77,77.0,35.35876,136.96068
1575,1951,chubu_sub_205@154,154.0,35.3337,136.9063
1576,1952,chubu_sub_205@77,77.0,35.3337,136.9063
1577,1953,chubu_sub_206,77.0,35.27251,136.83453
1578,1954,chubu_sub_208,77.0,35.12418,136.86385
1579,1955,chubu_sub_209@275,275.0,36.74141,138.29549
1580,1956,chubu_sub_209@77,77.0,36.74141,138.29549
1581,1957,chubu_sub_211,77.0,35.37576,136.94478
1582,1961,chubu_sub_219,77.0,36.08351,138.08696
1583,1962,chubu_sub_220,77.0,35.97995,138.1873
1584,1963,chubu_sub_221@154,154.0,35.16075,136.78375
1585,1964,chubu_sub_221@77,77.0,35.16075,136.78375
1586,1966,chubu_sub_225,77.0,36.58389,136.65897
1587,1967,chubu_sub_226@154,154.0,35.37961,137.23208
1588,1968,chubu_sub_226@77,77.0,35.37961,137.23208
1589,1969,chubu_sub_227,154.0,35.52053,137.52147
1590,1971,chubu_sub_231@275,275.0,35.32414,136.98405
1591,1972,chubu_sub_231@154,154.0,35.32414,136.98405
1592,1973,chubu_sub_231@77,77.0,35.32414,136.98405
1593,1974,chubu_sub_231@u,66.0,35.32414,136.98405
1594,1975,chubu_sub_232,154.0,35.58695,137.59449
1595,1976,chubu_sub_233@154,154.0,35.6947,137.68016
1596,1977,chubu_sub_234@154,154.0,35.22429,136.74987
1597,1978,chubu_sub_234@u,66.0,35.22429,136.74987
1598,1979,chubu_sub_235@500,500.0,35.71007,137.99799
1599,1980,chubu_sub_235@154,154.0,35.71007,137.99799
1600,1981,chubu_sub_236,77.0,35.33155,136.88433
1601,1982,chubu_sub_237@275,275.0,35.02554,136.49152
1602,1983,chubu_sub_237@154,154.0,35.02554,136.49152
1603,1984,chubu_sub_238,154.0,35.73409,137.2052
1604,1985,chubu_sub_239@154,154.0,34.94544,136.59338
1605,1986,chubu_sub_240@500,500.0,36.06471,137.98789
1606,1987,chubu_sub_240@275,275.0,36.06471,137.98789
1607,1988,chubu_sub_241,154.0,34.91234,136.99236
1608,1989,chubu_sub_242,154.0,34.92649,136.95506
1609,1990,chubu_sub_243@154,154.0,34.96812,137.12368
1610,1991,chubu_sub_243@77,77.0,34.96812,137.12368
1611,1992,chubu_sub_244@154,154.0,35.01912,137.01686
1612,1993,chubu_sub_244@77,77.0,35.01912,137.01686
1613,1994,chubu_sub_245@500,500.0,34.80824,138.06348
1614,1995,chubu_sub_245@275,275.0,34.80824,138.06348
1615,1996,chubu_sub_245@154,154.0,34.80824,138.06348
1616,1997,chubu_sub_246@154,154.0,34.97347,137.04287
1617,1998,chubu_sub_246@77,77.0,34.97347,137.04287
1618,1999,chubu_sub_247@77,77.0,34.77131,137.97192
1619,2000,chubu_sub_247@u,66.0,34.77131,137.97192
1620,2001,chubu_sub_248@154,154.0,34.77409,137.85286
1621,2002,chubu_sub_248@77,77.0,34.77409,137.85286
1622,2003,chubu_sub_249@77,77.0,35.20694,136.88296
1623,2004,chubu_sub_250@275,275.0,35.09289,138.11007
1624,2005,chubu_sub_251,275.0,36.03667,137.49303
1625,2006,chubu_sub_252,77.0,35.85741,136.85997
1626,2007,chubu_sub_253@154,154.0,35.9481,137.2625
1627,2008,chubu_sub_253@u,66.0,35.9481,137.2625
1628,2009,chubu_sub_254,154.0,35.86503,137.74311
1629,2010,chubu_sub_255,154.0,35.85895,137.59857
1630,2011,chubu_sub_256@275,275.0,35.19654,137.46286
1631,2012,chubu_sub_257,77.0,35.58824,137.01162
1632,2013,chubu_sub_258,154.0,35.77362,137.95769
1633,2014,chubu_sub_259@154,154.0,35.86155,137.96942
1634,2015,chubu_sub_259@77,77.0,35.86155,137.96942
1635,2016,chubu_sub_260@154,154.0,35.92254,137.9738
1636,2017,chubu_sub_260@77,77.0,35.92254,137.9738
1637,2018,chubu_sub_261@154,154.0,35.27717,137.84607
1638,2019,chubu_sub_262,77.0,35.91462,137.99081
1639,2020,chubu_sub_263@275,275.0,36.42586,138.32007
1640,2021,chubu_sub_263@77,77.0,36.42586,138.32007
1641,2022,chubu_sub_264,77.0,35.13605,136.8506
1642,2023,chubu_sub_265,77.0,35.06696,136.92657
1643,2024,chubu_sub_266@154,154.0,35.21548,136.94383
1644,2025,chubu_sub_266@77,77.0,35.21548,136.94383
1645,2026,chubu_sub_267,77.0,35.22782,136.90759
1646,2027,chubu_sub_268@154,154.0,35.34054,136.60918
1647,2028,chubu_sub_269@275,275.0,35.38082,136.58911
1648,2029,chubu_sub_269@154,154.0,35.38082,136.58911
1649,2030,chubu_sub_269@77,77.0,35.38082,136.58911
1650,2031,chubu_sub_270@154,154.0,35.4868,136.90651
1651,2032,chubu_sub_270@u,66.0,35.4868,136.90651
1652,2033,chubu_sub_271,154.0,35.53984,136.91174
1653,2034,chubu_sub_272@154,154.0,35.29696,136.91954
1654,2035,chubu_sub_272@77,77.0,35.29696,136.91954
1655,2036,chubu_sub_273,77.0,35.18406,136.70864
1656,2037,chubu_sub_274@154,154.0,35.15993,136.72037
1657,2038,chubu_sub_274@77,77.0,35.15993,136.72037
1658,2039,chubu_sub_275,154.0,35.18015,136.73908
1659,2040,chubu_sub_276@77,77.0,35.28986,136.96802
1660,2041,chubu_sub_277,77.0,34.82245,137.38851
1661,2042,chubu_sub_278,154.0,35.03515,136.82878
1662,2047,chubu_sub_283@77,77.0,35.16813,137.11197
1663,2048,chubu_sub_283@u,66.0,35.16813,137.11197
1664,2049,chubu_sub_284,77.0,34.9874,136.16658
1665,2050,chubu_sub_285,77.0,34.94127,136.27173
1666,2051,chubu_sub_286,77.0,34.71552,136.48513
1667,2052,chubu_sub_287@275,275.0,34.71603,136.40636
1668,2053,chubu_sub_287@77,77.0,34.71603,136.40636
1669,2054,chubu_sub_288@154,154.0,34.97094,136.91165
1670,2055,chubu_sub_288@77,77.0,34.97094,136.91165
1671,2056,chubu_sub_288@u,66.0,34.97094,136.91165
1672,2057,chubu_sub_289@154,154.0,34.90621,136.90647
1673,2058,chubu_sub_289@77,77.0,34.90621,136.90647
1674,2059,chubu_sub_290@154,154.0,35.15863,136.83863
1675,2060,chubu_sub_290@77,77.0,35.15863,136.83863
1676,2061,chubu_sub_291,77.0,35.18908,137.1114
1677,2062,chubu_sub_292,154.0,35.15839,136.86124
1678,2063,chubu_sub_295,77.0,34.8399,138.17054
1679,2064,chubu_sub_296,77.0,35.06661,137.13429
1680,2065,chubu_sub_297,77.0,35.06113,137.15849
1681,2066,chubu_sub_298,77.0,35.26594,136.95258
1682,2067,chubu_sub_299,275.0,35.05332,136.89965
1683,2068,chubu_sub_300,77.0,35.0885,136.94124
1684,2069,chubu_sub_301,77.0,36.07805,138.04258
1685,2070,chubu_sub_302,77.0,35.99886,138.14497
1686,2071,chubu_sub_303@275,275.0,35.07176,137.06564
1687,2072,chubu_sub_303@77,77.0,35.07176,137.06564
1688,2073,chubu_sub_304,77.0,35.09005,137.12815
1689,2074,chubu_sub_305@77,77.0,35.10826,136.12676
1690,2075,chubu_sub_305@66,66.0,35.10826,136.12676
1691,2076,chubu_sub_306@275,275.0,35.01059,136.64556
1692,2077,chubu_sub_306@77,77.0,35.01059,136.64556
1693,2078,chubu_sub_307@154,154.0,35.02407,137.05464
1694,2079,chubu_sub_307@77,77.0,35.02407,137.05464
1695,2080,chubu_sub_307@u,66.0,35.02407,137.05464
1696,2081,chubu_sub_308,77.0,36.04786,138.12156
1697,2082,chubu_sub_309@275,275.0,36.27769,138.37039
1698,2083,chubu_sub_309@154,154.0,36.27769,138.37039
1699,2084,chubu_sub_309@77,77.0,36.27769,138.37039
1700,2085,chubu_sub_310,77.0,35.18688,137.05166
1701,2086,chubu_sub_311@500,500.0,36.50081,136.7167
1702,2087,chubu_sub_311@275,275.0,36.50081,136.7167
1703,2088,chubu_sub_311@154,154.0,36.50081,136.7167
1704,2089,chubu_sub_312@154,154.0,36.56091,136.86173
1705,2090,chubu_sub_312@66,66.0,36.56091,136.86173
1706,2091,chubu_sub_313,66.0,36.51216,136.89699
1707,2092,chubu_sub_314@154,154.0,36.49051,136.60766
1708,2093,chubu_sub_314@77,77.0,36.49051,136.60766
1709,2094,chubu_sub_315,66.0,36.6368,136.95609
1710,2095,chubu_sub_316@275,275.0,34.8401,136.43737
1711,2096,chubu_sub_316@77,77.0,34.8401,136.43737
1712,2097,chubu_sub_317,77.0,34.78961,136.53733
1713,2098,chubu_sub_318,154.0,35.06734,136.784
1714,2099,chubu_sub_319,77.0,34.70866,137.73263
1715,2100,chubu_sub_320,66.0,34.83986,137.3317
1716,2101,chubu_sub_321,154.0,34.81632,137.72907
1717,2102,chubu_sub_322,66.0,34.68595,137.6299
1718,2103,chubu_sub_323,77.0,34.71303,137.83767
1719,2104,chubu_sub_324@275,275.0,35.13087,136.73899
1720,2105,chubu_sub_324@154,154.0,35.13087,136.73899
1721,2106,chubu_sub_324@77,77.0,35.13087,136.73899
1722,2107,chubu_sub_325,77.0,35.11885,136.73501
1723,2109,chubu_sub_328@77,77.0,35.01053,136.95401
1724,2110,chubu_sub_329,77.0,34.8969,137.2044
1725,2112,chubu_sub_331,66.0,34.83193,137.36716
1726,2113,chubu_sub_332@154,154.0,35.70556,137.94789
1727,2114,chubu_sub_332@77,77.0,35.70556,137.94789
1728,2115,chubu_sub_333,77.0,36.00677,138.09323
1729,2116,chubu_sub_334,66.0,34.71321,137.77184
1730,2117,chubu_sub_335,66.0,35.15415,136.82205
1731,2119,chubu_sub_340,275.0,35.34707,136.98917
1732,2120,chubu_sub_341@154,154.0,36.96639,136.90477
1733,2121,chubu_sub_341@66,66.0,36.96639,136.90477
1734,2122,chubu_sub_342@275,275.0,36.14153,136.29371
1735,2123,chubu_sub_342@154,154.0,36.14153,136.29371
1736,2124,chubu_sub_342@77,77.0,36.14153,136.29371
1737,2125,chubu_sub_343@275,275.0,36.2065,136.28685
1738,2126,chubu_sub_343@77,77.0,36.2065,136.28685
1739,2127,chubu_sub_344@500,500.0,35.99464,136.41505
1740,2128,chubu_sub_344@275,275.0,35.99464,136.41505
1741,2129,chubu_sub_344@154,154.0,35.99464,136.41505
1742,2130,chubu_sub_345@154,154.0,36.12026,136.17556
1743,2131,chubu_sub_345@77,77.0,36.12026,136.17556
1744,2132,chubu_sub_346@154,154.0,36.20931,136.13704
1745,2133,chubu_sub_346@77,77.0,36.20931,136.13704
1746,2134,chubu_sub_347@275,275.0,36.12615,137.93453
1747,2135,chubu_sub_347@154,154.0,36.12615,137.93453
1748,2136,chubu_sub_347@77,77.0,36.12615,137.93453
1749,2137,chubu_sub_348@275,275.0,36.12617,137.93221
1750,2138,chubu_sub_348@154,154.0,36.12617,137.93221
1751,2139,chubu_sub_349,275.0,36.13716,137.88545
1752,2140,chubu_sub_350,275.0,36.49576,136.91653
1753,2141,chubu_sub_351,77.0,36.08576,136.2393
1754,2142,chubu_sub_352@77,77.0,36.04702,136.18566
1755,2143,chubu_sub_352@66,66.0,36.04702,136.18566
1756,2144,chubu_sub_353@154,154.0,36.12019,136.2293
1757,2145,chubu_sub_353@77,77.0,36.12019,136.2293
1758,2146,chubu_sub_354,77.0,36.55548,136.6408
1759,2147,chubu_sub_355,66.0,36.45271,136.46581
1760,2148,chubu_sub_356,66.0,36.96965,136.88034
1761,2149,chubu_sub_357@77,77.0,36.51913,136.55483
1762,2150,chubu_sub_357@66,66.0,36.51913,136.55483
1763,2151,chubu_sub_358,66.0,36.44685,136.51225
1764,2152,chubu_sub_359,77.0,36.46898,136.55399
1765,2153,chubu_sub_360,77.0,36.44587,136.62464
1766,2154,chubu_sub_361@154,154.0,36.57954,136.62834
1767,2155,chubu_sub_361@77,77.0,36.57954,136.62834
1768,2156,chubu_sub_362,77.0,36.208,136.23958
1769,2157,chubu_sub_363,154.0,36.32291,136.40901
1770,2158,chubu_sub_364,77.0,36.42072,136.44238
1771,2159,chubu_sub_365,77.0,36.68395,136.72496
1772,2160,chubu_sub_366@154,154.0,36.29955,136.32441
1773,2161,chubu_sub_366@77,77.0,36.29955,136.32441
1774,2162,chubu_sub_366@66,66.0,36.29955,136.32441
1775,2163,chubu_sub_367,77.0,36.54379,136.62491
1776,2164,chubu_sub_368@154,154.0,36.40506,136.50719
1777,2165,chubu_sub_368@66,66.0,36.40506,136.50719
1778,2166,chubu_sub_369,77.0,36.65023,136.7179
1779,2167,chubu_sub_370,77.0,36.65012,136.71795
1780,2168,chubu_sub_371,77.0,36.39807,136.45643
1781,2169,chubu_sub_372@154,154.0,36.38148,136.4799
1782,2170,chubu_sub_372@77,77.0,36.38148,136.4799
1783,2171,chubu_sub_372@66,66.0,36.38148,136.4799
1784,2172,chubu_sub_373@154,154.0,36.20636,136.16363
1785,2173,chubu_sub_373@77,77.0,36.20636,136.16363
1786,2174,chubu_sub_374,66.0,36.32972,136.36676
1787,2175,chubu_sub_375,77.0,36.34988,137.92558
1788,2176,chubu_sub_376,77.0,36.25586,137.98591
1789,2177,chubu_sub_377,77.0,36.75238,138.22729
1790,2178,chubu_sub_378,77.0,36.33554,137.88482
1791,2179,chubu_sub_379@77,77.0,35.31962,136.28719
1792,2180,chubu_sub_379@66,66.0,35.31962,136.28719
1793,2181,chubu_sub_380@154,154.0,35.92999,136.19199
1794,2182,chubu_sub_380@77,77.0,35.92999,136.19199
1795,2183,chubu_sub_381,77.0,35.94543,136.19633
1796,2184,chubu_sub_382,77.0,36.24524,137.93927
1797,2185,chubu_sub_383,77.0,36.32262,137.85622
1798,2186,chubu_sub_384,77.0,36.27487,137.91941
1799,2187,chubu_sub_387@275,275.0,36.8555,137.55451
1800,2188,chubu_sub_387@154,154.0,36.8555,137.55451
1801,2189,chubu_sub_387@66,66.0,36.8555,137.55451
1802,2190,chubu_sub_388@154,154.0,36.83251,137.42686
1803,2191,chubu_sub_388@66,66.0,36.83251,137.42686
1804,2192,chubu_sub_389@154,154.0,36.72396,137.18163
1805,2193,chubu_sub_389@66,66.0,36.72396,137.18163
1806,2194,chubu_sub_390,66.0,36.8632,137.43798
1807,2196,chubu_sub_396@275,275.0,36.64016,137.22321
1808,2197,chubu_sub_396@154,154.0,36.64016,137.22321
1809,2198,chubu_sub_396@66,66.0,36.64016,137.22321
1810,2199,chubu_sub_397@275,275.0,36.64075,137.22261
1811,2200,chubu_sub_397@154,154.0,36.64075,137.22261
1812,2201,chubu_sub_397@66,66.0,36.64075,137.22261
1813,2202,chubu_sub_398@275,275.0,36.75139,137.41408
1814,2203,chubu_sub_398@66,66.0,36.75139,137.41408
1815,2204,chubu_sub_399@154,154.0,36.56123,137.20717
1816,2205,chubu_sub_399@66,66.0,36.56123,137.20717
1817,2206,chubu_sub_401@154,154.0,36.71087,137.31407
1818,2207,chubu_sub_401@66,66.0,36.71087,137.31407
1819,2208,chubu_sub_402,77.0,36.20612,137.89839
1820,2209,chubu_sub_403,77.0,36.21358,137.85796
1821,2210,chubu_sub_405@154,154.0,35.22885,136.94489
1822,2211,chubu_sub_405@77,77.0,35.22885,136.94489
1823,2216,chubu_sub_413,66.0,36.66708,137.16321
1824,2217,chubu_sub_414,66.0,36.59762,137.13541
1825,2218,chubu_sub_415@154,154.0,36.55512,137.22173
1826,2219,chubu_sub_415@66,66.0,36.55512,137.22173
1827,2220,chubu_sub_416,154.0,36.17583,137.24432
1828,2221,chubu_sub_417,77.0,35.64515,137.18485
1829,2223,chubu_sub_420,154.0,35.50957,136.91394
1830,2224,chubu_sub_421,66.0,35.45417,136.99389
1831,2227,chubu_sub_425,77.0,34.72329,137.71556
1832,2228,chubu_sub_426,77.0,34.86348,137.31259
1833,2231,chubu_sub_431@77,77.0,34.79531,137.38893
1834,2232,chubu_sub_431@u,66.0,34.79531,137.38893
1835,2241,chubu_sub_445,77.0,35.09464,136.87409
1836,2245,chubu_sub_453@77,77.0,34.68773,137.56189
1837,2246,chubu_sub_453@66,66.0,34.68773,137.56189
1838,2247,chubu_sub_454@77,77.0,34.71768,137.53429
1839,2248,chubu_sub_454@66,66.0,34.71768,137.53429
1840,2249,chubu_sub_455,77.0,34.71905,137.54094
1841,2250,chubu_sub_456,77.0,34.69493,137.51606
1842,2251,chubu_sub_457@154,154.0,34.71026,137.37542
1843,2252,chubu_sub_457@77,77.0,34.71026,137.37542
1844,2253,chubu_sub_457@u,66.0,34.71026,137.37542
1845,2254,chubu_sub_458,154.0,34.81112,137.55008
1846,2255,chubu_sub_459,154.0,34.79014,137.589
1847,2256,chubu_sub_460,154.0,34.80895,137.64771
1848,2257,chubu_sub_461,77.0,35.05616,137.12339
1849,2258,chubu_sub_462,77.0,34.61483,137.09683
1850,2259,chubu_sub_463,77.0,34.64631,137.15295
1851,2260,chubu_sub_464,77.0,34.70387,137.26943
1852,2261,chubu_sub_465,77.0,34.67468,137.2838
1853,2262,chubu_sub_466,77.0,34.68649,137.33536
1854,2263,chubu_sub_467,66.0,34.70842,137.32187
1855,2264,chubu_sub_468@77,77.0,34.75558,137.39773
1856,2265,chubu_sub_468@u,66.0,34.75558,137.39773
1857,2266,chubu_sub_469,77.0,34.74695,137.43127
1858,2267,chubu_sub_470,154.0,34.72638,137.43485
1859,2268,chubu_sub_471,77.0,34.72015,137.50411
1860,2269,chubu_sub_472@77,77.0,34.92844,137.55503
1861,2270,chubu_sub_472@u,66.0,34.92844,137.55503
1862,2271,chubu_sub_473,77.0,34.84491,137.37166
1863,2272,chubu_sub_474,66.0,34.8191,137.40223
1864,2273,chubu_sub_475@77,77.0,34.74637,137.94633
1865,2274,chubu_sub_475@u,66.0,34.74637,137.94633
1866,2276,chubu_sub_477,66.0,34.84363,137.41841
1867,2277,chubu_sub_478,77.0,34.77279,137.96941
1868,2278,chubu_sub_479@77,77.0,34.81519,137.27797
1869,2279,chubu_sub_479@u,66.0,34.81519,137.27797
1870,2280,chubu_sub_480,77.0,34.89487,137.49198
1871,2281,chubu_sub_481,154.0,34.89567,137.49563
1872,2282,chubu_sub_482,77.0,34.83119,137.85283
1873,2283,chubu_sub_483,154.0,34.83648,137.81981
1874,2284,chubu_sub_484,77.0,34.76421,137.89932
1875,2285,chubu_sub_485,77.0,34.73433,137.86929
1876,2286,chubu_sub_486,77.0,34.73171,137.84907
1877,2287,chubu_sub_487,77.0,34.71648,137.86992
1878,2288,chubu_sub_488,77.0,34.71212,137.89814
1879,2289,chubu_sub_489,77.0,34.72591,137.89788
1880,2290,chubu_sub_490,77.0,34.7355,137.36492
1881,2291,chubu_sub_491,77.0,34.7347,137.33457
1882,2292,chubu_sub_492,77.0,34.75392,137.36987
1883,2293,chubu_sub_493,77.0,34.77674,137.36945
1884,2294,chubu_sub_494,66.0,34.83528,137.78894
1885,2295,chubu_sub_495,66.0,34.85982,137.81355
1886,2296,chubu_sub_496@275,275.0,34.87076,137.81107
1887,2297,chubu_sub_496@u,66.0,34.87076,137.81107
1888,2298,chubu_sub_497@77,77.0,34.66869,138.07052
1889,2299,chubu_sub_497@u,66.0,34.66869,138.07052
1890,2300,chubu_sub_498,77.0,34.67804,138.00223
1891,2301,chubu_sub_499,77.0,34.64649,136.09819
1892,2303,chubu_sub_501,77.0,34.61723,136.08546
1893,2304,chubu_sub_502,77.0,34.68348,136.20848
1894,2305,chubu_sub_503,77.0,34.63693,136.47957
1895,2306,chubu_sub_504,77.0,34.60819,136.31413
1896,2307,chubu_sub_505,77.0,34.88529,136.57244
1897,2308,chubu_sub_506,154.0,35.00848,136.51817
1898,2309,chubu_sub_507,77.0,34.70457,138.02914
1899,2310,chubu_sub_508@275,275.0,36.14033,136.909
1900,2311,chubu_sub_508@77,77.0,36.14033,136.909
1901,2312,chubu_sub_509,77.0,35.96888,138.17391
1902,2314,chubu_sub_512,77.0,34.64439,136.13507
1903,2316,chubu_sub_514@500,500.0,34.86322,138.04947
1904,2317,chubu_sub_514@275,275.0,34.86322,138.04947
1905,2318,chubu_sub_515,66.0,36.18144,137.79289
1906,2319,chubu_sub_516,66.0,36.17118,137.64571
1907,2320,chubu_sub_517,77.0,35.47606,136.23168
1908,2322,chubu_sub_519,77.0,34.62888,136.1051
1909,2323,chubu_sub_520@77,77.0,34.96082,137.15391
1910,2324,chubu_sub_520@u,66.0,34.96082,137.15391
1911,2326,chubu_sub_522,77.0,34.71456,136.084
1912,2327,chubu_sub_523,77.0,34.72727,136.08983
1913,2335,chubu_sub_531@154,154.0,35.00509,136.06803
1914,2336,chubu_sub_531@66,66.0,35.00509,136.06803
1915,2337,chubu_sub_532,77.0,36.33879,137.88159
1916,2338,chubu_sub_533,77.0,35.19785,136.8638
1917,2339,chubu_sub_534@154,154.0,35.01004,136.13435
1918,2340,chubu_sub_534@66,66.0,35.01004,136.13435
1919,2341,chubu_sub_535@154,154.0,35.01031,136.13493
1920,2342,chubu_sub_535@66,66.0,35.01031,136.13493
1921,2343,chubu_sub_536@154,154.0,35.07204,137.00513
1922,2344,chubu_sub_536@77,77.0,35.07204,137.00513
1923,2345,chubu_sub_537@154,154.0,35.04337,136.99423
1924,2346,chubu_sub_537@77,77.0,35.04337,136.99423
1925,2347,chubu_sub_537@u,66.0,35.04337,136.99423
1926,2348,chubu_sub_538@77,77.0,34.85814,136.56819
1927,2349,chubu_sub_538@u,66.0,34.85814,136.56819
1928,2350,chubu_sub_539,275.0,34.93104,137.09611
1929,2351,chubu_sub_540,77.0,34.78733,137.35892
1930,2352,chubu_sub_541@77,77.0,34.70888,137.78341
1931,2353,chubu_sub_541@u,66.0,34.70888,137.78341
1932,2354,chubu_sub_542,154.0,35.03634,137.02607
1933,2355,chubu_sub_543,77.0,34.82702,137.22022
1934,2356,chubu_sub_544@275,275.0,34.86382,137.17339
1935,2357,chubu_sub_544@77,77.0,34.86382,137.17339
1936,2358,chubu_sub_545,275.0,34.79628,137.13459
1937,2359,chubu_sub_546,275.0,34.78917,137.17054
1938,2360,chubu_sub_547@275,275.0,34.85455,136.40997
1939,2361,chubu_sub_547@77,77.0,34.85455,136.40997
1940,2362,chubu_sub_548,154.0,35.16135,137.61501
1941,2366,chubu_sub_568@275,275.0,36.69795,137.0818
1942,2367,chubu_sub_568@154,154.0,36.69795,137.0818
1943,2368,chubu_sub_569,77.0,36.69413,138.26153
1944,2369,chubu_sub_573,66.0,36.83639,137.41233
1945,2370,chubu_sub_574,154.0,36.78072,137.0795
1946,2371,chubu_sub_575@154,154.0,36.77478,137.05301
1947,2372,chubu_sub_575@66,66.0,36.77478,137.05301
1948,2373,chubu_sub_576@154,154.0,36.77443,137.04163
1949,2374,chubu_sub_576@66,66.0,36.77443,137.04163
1950,2375,chubu_sub_577,77.0,34.70674,137.74245
1951,2376,chubu_sub_578,66.0,36.74132,137.02516
1952,2377,chubu_sub_579,66.0,36.74058,137.03332
1953,2378,chubu_sub_580@154,154.0,36.72113,137.17451
1954,2379,chubu_sub_580@66,66.0,36.72113,137.17451
1955,2380,chubu_sub_581@154,154.0,36.73766,137.23086
1956,2381,chubu_sub_581@66,66.0,36.73766,137.23086
1957,2382,chubu_sub_583@275,275.0,36.69921,137.31952
1958,2383,chubu_sub_583@u,66.0,36.69921,137.31952
1959,2389,chubu_sub_589,77.0,35.33968,136.92814
1960,2390,chubu_sub_590@77,77.0,35.121,136.94089
1961,2391,chubu_sub_590@u,66.0,35.121,136.94089
1962,2392,chubu_sub_591@154,154.0,35.0904,138.11059
1963,2393,chubu_sub_591@77,77.0,35.0904,138.11059
1964,2394,chubu_sub_592@154,154.0,35.09303,138.11287
1965,2395,chubu_sub_592@u,66.0,35.09303,138.11287
1966,2396,chubu_sub_593@154,154.0,35.09129,138.11339
1967,2397,chubu_sub_593@77,77.0,35.09129,138.11339
1968,2398,chubu_sub_593@u,66.0,35.09129,138.11339
1969,2399,chubu_sub_594@275,275.0,35.29737,137.04524
1970,2400,chubu_sub_594@154,154.0,35.29737,137.04524
1971,2401,chubu_sub_595@154,154.0,36.5673,137.21228
1972,2402,chubu_sub_595@66,66.0,36.5673,137.21228
1973,2403,chubu_sub_596,154.0,35.16716,138.14315
1974,2404,chubu_sub_597,66.0,36.67892,136.87164
1975,2405,chubu_sub_598,66.0,36.71773,137.25709
1976,2407,chubu_sub_600@154,154.0,36.74598,137.0758
1977,2408,chubu_sub_600@66,66.0,36.74598,137.0758
1978,2409,chubu_sub_602,275.0,34.82171,137.07384
1979,2414,chubu_sub_606,66.0,36.94477,137.56244
1980,2415,chubu_sub_607,154.0,35.46214,136.6955
1981,2416,chubu_sub_608,275.0,35.45343,136.75768
1982,2417,chubu_sub_609@275,275.0,35.45511,136.66941
1983,2418,chubu_sub_609@154,154.0,35.45511,136.66941
1984,2419,chubu_sub_609@77,77.0,35.45511,136.66941
1985,2420,chubu_sub_610@275,275.0,35.46359,136.67887
1986,2421,chubu_sub_610@77,77.0,35.46359,136.67887
1987,2422,chubu_sub_611,154.0,35.45587,136.69056
1988,2423,chubu_sub_612@275,275.0,35.45131,136.76625
1989,2424,chubu_sub_612@77,77.0,35.45131,136.76625
1990,2425,chubu_sub_613,66.0,36.89642,137.53594
1991,2426,chubu_sub_614,66.0,36.94333,137.50415
1992,2427,chubu_sub_616,77.0,35.10659,136.22702
1993,2429,chubu_sub_618,154.0,35.50924,136.74184
1994,2430,chubu_sub_619@154,154.0,34.8177,138.24742
1995,2431,chubu_sub_619@u,66.0,34.8177,138.24742
1996,2432,chubu_sub_620,66.0,36.86254,137.50093
1997,2433,chubu_sub_621,154.0,36.86148,137.46762
1998,2434,chubu_sub_622,154.0,36.88231,137.50672
1999,2436,chubu_sub_624,66.0,36.97832,137.63269
2000,2437,chubu_sub_625,66.0,36.97757,137.63483
2001,2438,chubu_sub_626,66.0,36.97645,137.63523
2002,2439,chubu_sub_627@500,500.0,34.81929,138.14823
2003,2440,chubu_sub_627@77,77.0,34.81929,138.14823
2004,2441,chubu_sub_628,77.0,35.47933,136.55576
2005,2442,chubu_sub_631,77.0,36.51823,136.59919
2006,2443,chubu_sub_632,154.0,36.80271,137.59171
2007,2444,chubu_sub_634@77,77.0,34.71281,136.29301
2008,2445,chubu_sub_634@66,66.0,34.71281,136.29301
2009,2446,chubu_sub_635,77.0,34.73694,136.32355
2010,2447,chubu_sub_636,77.0,36.35694,138.35705
2011,2448,chubu_sub_637@77,77.0,36.37143,138.29949
2012,2449,chubu_sub_638@154,154.0,34.9621,137.13795
2013,2450,chubu_sub_638@77,77.0,34.9621,137.13795
2014,2451,chubu_sub_639,77.0,35.18465,138.59103
2015,2452,chubu_sub_640@154,154.0,35.13428,138.61071
2016,2453,chubu_sub_640@77,77.0,35.13428,138.61071
2017,2454,chubu_sub_641,154.0,34.95329,137.88641
2018,2455,chubu_sub_642@154,154.0,36.56311,137.36499
2019,2456,chubu_sub_642@66,66.0,36.56311,137.36499
2020,2457,chubu_sub_643@154,154.0,36.1064,138.09768
2021,2458,chubu_sub_643@77,77.0,36.1064,138.09768
2022,2459,chubu_sub_645@275,275.0,35.0908,137.80628
2023,2460,chubu_sub_645@154,154.0,35.0908,137.80628
2024,2461,chubu_sub_646@275,275.0,35.13326,137.78969
2025,2462,chubu_sub_646@154,154.0,35.13326,137.78969
2026,2463,chubu_sub_647@275,275.0,34.86718,136.35626
2027,2464,chubu_sub_647@154,154.0,34.86718,136.35626
2028,2465,chubu_sub_648,275.0,34.87808,136.40851
2029,2466,chubu_sub_649@275,275.0,35.80942,136.17452
2030,2467,chubu_sub_649@154,154.0,35.80942,136.17452
2031,2468,chubu_sub_650,77.0,35.00273,138.51166
2032,2469,chubu_sub_651@154,154.0,35.20861,138.21944
2033,2470,chubu_sub_651@u,66.0,35.20861,138.21944
2034,2471,chubu_sub_652,275.0,35.08054,138.37994
2035,2472,chubu_sub_653@154,154.0,35.13232,138.62109
2036,2473,chubu_sub_653@77,77.0,35.13232,138.62109
2037,2474,chubu_sub_653@u,66.0,35.13232,138.62109
2038,2475,chubu_sub_654,77.0,35.05912,138.52261
2039,2476,chubu_sub_655,110.0,34.97847,138.36167
2040,2477,chubu_sub_656@154,154.0,35.12237,138.61395
2041,2478,chubu_sub_656@77,77.0,35.12237,138.61395
2042,2479,chubu_sub_656@u,66.0,35.12237,138.61395
2043,2480,chubu_sub_657,154.0,34.88862,136.48977
2044,2481,chubu_sub_658@275,275.0,34.86237,136.40966
2045,2482,chubu_sub_658@77,77.0,34.86237,136.40966
2046,2483,chubu_sub_659@77,77.0,35.23888,138.51008
2047,2484,chubu_sub_659@u,66.0,35.23888,138.51008
2048,2485,chubu_sub_660@154,154.0,35.12629,138.61266
2049,2486,chubu_sub_660@77,77.0,35.12629,138.61266
2050,2487,chubu_sub_660@u,66.0,35.12629,138.61266
2051,2489,chubu_sub_662,154.0,34.93987,136.62499
2052,2490,chubu_sub_663@154,154.0,34.97848,136.64411
2053,2491,chubu_sub_663@77,77.0,34.97848,136.64411
2054,2492,chubu_sub_664,154.0,34.97612,136.64513
2055,2493,chubu_sub_665@154,154.0,34.89196,136.95685
2056,2494,chubu_sub_665@u,66.0,34.89196,136.95685
2057,2496,chubu_sub_667,77.0,35.0112,137.10031
2058,2497,chubu_sub_668,77.0,34.92488,137.14839
2059,2498,chubu_sub_669,77.0,36.38823,138.27896
2060,2499,chubu_sub_670@154,154.0,36.56838,137.20607
2061,2500,chubu_sub_670@66,66.0,36.56838,137.20607
2062,2501,chubu_sub_671,66.0,36.57849,137.2021
2063,2502,chubu_sub_672,66.0,36.5753,137.20228
2064,2503,chubu_sub_673,77.0,36.46732,138.18628
2065,2504,chubu_sub_674,77.0,36.38718,138.23535
2066,2505,chubu_sub_675,77.0,35.97497,137.98849
2067,2506,chubu_sub_676,77.0,35.83178,137.99696
2068,2507,chubu_sub_678@275,275.0,35.05523,136.58371
2069,2508,chubu_sub_678@154,154.0,35.05523,136.58371
2070,2509,chubu_sub_678@77,77.0,35.05523,136.58371
2071,2510,chubu_sub_678@u,66.0,35.05523,136.58371
2072,2512,chubu_sub_687,154.0,35.53979,136.8341
2073,2513,chubu_sub_688@154,154.0,35.23179,136.26954
2074,2514,chubu_sub_688@77,77.0,35.23179,136.26954
2075,2515,chubu_sub_688@u,66.0,35.23179,136.26954
2076,2516,chubu_sub_689@275,275.0,36.76518,137.12657
2077,2517,chubu_sub_689@154,154.0,36.76518,137.12657
2078,2518,chubu_sub_690,154.0,36.75583,137.21414
2079,2519,chubu_sub_691,66.0,36.72101,137.21141
2080,2520,chubu_sub_692@154,154.0,36.69795,136.94672
2081,2521,chubu_sub_692@66,66.0,36.69795,136.94672
2082,2522,chubu_sub_693,66.0,36.70705,136.9519
2083,2523,chubu_sub_694,154.0,36.7123,137.29391
2084,2524,chubu_sub_695,66.0,34.71704,137.32909
2085,2525,chubu_sub_696,77.0,34.65121,136.09871
2086,2527,chubu_sub_698@500,500.0,34.62227,138.14705
2087,2528,chubu_sub_699,77.0,34.71595,137.45393
2088,2529,chubu_sub_700@77,77.0,35.36421,136.60443
2089,2530,chubu_sub_700@u,66.0,35.36421,136.60443
2090,2531,chubu_sub_701,77.0,35.50056,136.54047
2091,2532,chubu_sub_702,77.0,35.50392,136.53843
2092,2533,chubu_sub_703,154.0,34.99721,136.05591
2093,2536,chubu_sub_706@77,77.0,34.68672,137.63256
2094,2537,chubu_sub_706@u,66.0,34.68672,137.63256
2095,2540,chubu_sub_709,66.0,36.89324,137.43716
2096,2541,chubu_sub_710,66.0,36.7745,137.38148
2097,2542,chubu_sub_711@154,154.0,35.32082,136.28995
2098,2543,chubu_sub_711@77,77.0,35.32082,136.28995
2099,2544,chubu_sub_712,77.0,36.34303,138.64481
2100,2545,chubu_sub_713,77.0,36.31528,138.51916
2101,2546,chubu_sub_714,77.0,36.31234,138.44985
2102,2547,chubu_sub_715,77.0,34.71839,137.92445
2103,2548,chubu_sub_716@500,500.0,34.62719,138.14708
2104,2549,chubu_sub_716@275,275.0,34.62719,138.14708
2105,2550,chubu_sub_716@77,77.0,34.62719,138.14708
2106,2551,chubu_sub_717@154,154.0,36.40117,136.62673
2107,2552,chubu_sub_717@77,77.0,36.40117,136.62673
2108,2553,chubu_sub_717@66,66.0,36.40117,136.62673
2109,2554,chubu_sub_718@275,275.0,34.96613,136.94664
2110,2555,chubu_sub_718@154,154.0,34.96613,136.94664
2111,2556,chubu_sub_718@u,66.0,34.96613,136.94664
2112,2557,chubu_sub_719,66.0,36.67883,138.07355
2113,2558,chubu_sub_720,66.0,36.65841,138.1688
2114,2559,chubu_sub_721,77.0,36.51015,138.08416
2115,2560,chubu_sub_722,66.0,36.69651,137.95499
2116,2561,chubu_sub_723,77.0,36.41909,138.01794
2117,2562,chubu_sub_724@275,275.0,35.48104,137.06628
2118,2563,chubu_sub_724@154,154.0,35.48104,137.06628
2119,2564,chubu_sub_724@77,77.0,35.48104,137.06628
2120,2568,chubu_sub_728,77.0,35.73984,137.94183
2121,2569,chubu_sub_729,154.0,35.37689,137.81033
2122,2571,chubu_sub_731,77.0,35.51007,137.83952
2123,2572,chubu_sub_732,77.0,35.50245,137.8582
2124,2573,chubu_sub_733,77.0,35.56112,137.89047
2125,2577,chubu_sub_737,66.0,35.02446,136.12554
2126,2579,chubu_sub_739@154,154.0,34.90252,136.93193
2127,2580,chubu_sub_739@u,66.0,34.90252,136.93193
2128,2581,chubu_sub_740,77.0,36.5588,136.62903
2129,2582,chubu_sub_741,77.0,36.52514,136.55508
2130,2583,chubu_sub_742,77.0,36.15552,138.48628
2131,2586,chubu_sub_745,77.0,36.25262,136.27741
2132,2587,chubu_sub_746,77.0,36.2968,136.31516
2133,2589,chubu_sub_748,154.0,35.03617,136.79224
2134,2590,chubu_sub_749,154.0,36.37013,136.43495
2135,2591,chubu_sub_750,66.0,34.88441,136.91174
2136,2592,chubu_sub_751@154,154.0,34.90826,136.90864
2137,2593,chubu_sub_751@77,77.0,34.90826,136.90864
2138,2594,chubu_sub_751@u,66.0,34.90826,136.90864
2139,2595,chubu_sub_752,66.0,36.63087,136.88503
2140,2596,chubu_sub_753,77.0,35.40231,136.87637
2141,2598,chubu_sub_755,154.0,35.3284,136.66836
2142,2601,chubu_sub_758@66,66.0,36.75051,137.23342
2143,2602,chubu_sub_759,66.0,36.75168,137.23689
2144,2603,chubu_sub_760,66.0,36.75836,137.25036
2145,2604,chubu_sub_761@77,77.0,35.03742,136.2405
2146,2605,chubu_sub_761@u,66.0,35.03742,136.2405
2147,2606,chubu_sub_762,154.0,35.32907,136.6526
2148,2610,chubu_sub_766,275.0,34.80574,137.031
2149,2616,chubu_sub_773,154.0,34.93985,137.01287
2150,2617,chubu_sub_774,154.0,34.94799,137.0119
2151,2618,chubu_sub_775,154.0,34.96739,137.00187
2152,2619,chubu_sub_776,77.0,34.75976,136.3349
2153,2621,chubu_sub_778@275,275.0,35.18412,136.80521
2154,2622,chubu_sub_778@u,66.0,35.18412,136.80521
2155,2623,chubu_sub_780,77.0,36.33685,138.27569
2156,2624,chubu_sub_781,154.0,36.32706,138.33204
2157,2625,chubu_sub_782,77.0,36.25628,138.46324
2158,2626,chubu_sub_783,77.0,36.18598,138.48093
2159,2627,chubu_sub_784,154.0,36.07827,138.79374
2160,2628,chubu_sub_785,77.0,35.98342,138.51143
2161,2629,chubu_sub_786,77.0,36.05629,138.46627
2162,2630,chubu_sub_787,154.0,35.97831,137.82389
2163,2631,chubu_sub_789,154.0,35.82462,137.67724
2164,2632,chubu_sub_790,154.0,35.68141,137.643
2165,2633,chubu_sub_791@154,154.0,35.6984,137.68047
2166,2634,chubu_sub_791@u,66.0,35.6984,137.68047
2167,2635,chubu_sub_792@275,275.0,36.79783,137.46357
2168,2636,chubu_sub_792@u,66.0,36.79783,137.46357
2169,2639,chubu_sub_795,275.0,36.43622,138.21999
2170,2640,chubu_sub_796,77.0,36.45906,138.19059
2171,2641,chubu_sub_797,77.0,36.42944,138.19645
2172,2642,chubu_sub_798,77.0,36.42728,138.19699
2173,2643,chubu_sub_799,77.0,34.69371,137.70471
2174,2644,chubu_sub_800@154,154.0,34.69322,137.68438
2175,2645,chubu_sub_800@77,77.0,34.69322,137.68438
2176,2646,chubu_sub_802@154,154.0,34.69408,137.68082
2177,2647,chubu_sub_802@77,77.0,34.69408,137.68082
2178,2648,chubu_sub_802@u,66.0,34.69408,137.68082
2179,2649,chubu_sub_803,66.0,36.57849,137.44494
2180,2650,chubu_sub_804@77,77.0,35.34212,136.01448
2181,2651,chubu_sub_804@66,66.0,35.34212,136.01448
2182,2652,chubu_sub_805@77,77.0,35.29808,136.00299
2183,2653,chubu_sub_805@u,66.0,35.29808,136.00299
2184,2654,chubu_sub_806@154,154.0,35.39642,136.0296
2185,2655,chubu_sub_806@77,77.0,35.39642,136.0296
2186,2656,chubu_sub_807@154,154.0,35.40365,136.02913
2187,2657,chubu_sub_807@77,77.0,35.40365,136.02913
2188,2659,chubu_sub_809@275,275.0,36.01295,136.26382
2189,2660,chubu_sub_809@154,154.0,36.01295,136.26382
2190,2661,chubu_sub_809@77,77.0,36.01295,136.26382
2191,2662,chubu_sub_811,154.0,36.82075,137.441
2192,2664,chubu_sub_813,77.0,34.70677,138.02973
2193,2665,chubu_sub_814,77.0,34.73511,137.90884
2194,2666,chubu_sub_815,77.0,34.7151,138.10609
2195,2667,chubu_sub_816,77.0,34.84953,136.44986
2196,2668,chubu_sub_817,66.0,35.00518,137.03895
2197,2669,chubu_sub_818,154.0,35.35546,137.22419
2198,2670,chubu_sub_819,66.0,34.77177,136.86227
2199,2671,chubu_sub_821@154,154.0,35.81251,137.96746
2200,2672,chubu_sub_821@77,77.0,35.81251,137.96746
2201,2673,chubu_sub_821@u,66.0,35.81251,137.96746
2202,2674,chubu_sub_822,154.0,35.70614,137.92694
2203,2675,chubu_sub_823,154.0,35.89851,137.95223
2204,2676,chubu_sub_824,154.0,35.89866,137.95584
2205,2677,chubu_sub_825@154,154.0,35.29809,137.87994
2206,2678,chubu_sub_825@u,66.0,35.29809,137.87994
2207,2679,chubu_sub_826,77.0,34.89442,137.20187
2208,2680,chubu_sub_827,275.0,34.81782,137.20552
2209,2681,chubu_sub_828,154.0,34.91086,137.06658
2210,2682,chubu_sub_829,77.0,34.93249,136.15863
2211,2683,chubu_sub_830,77.0,34.79607,136.17123
2212,2684,chubu_sub_831@154,154.0,35.39455,136.58753
2213,2685,chubu_sub_831@77,77.0,35.39455,136.58753
2214,2686,chubu_sub_832,77.0,35.03359,137.27396
2215,2687,chubu_sub_833,500.0,35.73485,136.6612
2216,2688,chubu_sub_834,77.0,35.51933,136.16461
2217,2689,chubu_sub_835,154.0,36.54286,136.70793
2218,2692,chubu_sub_842,66.0,36.75482,137.36133
2219,2693,chubu_sub_844,77.0,35.0934,136.91194
2220,2694,chubu_sub_845@275,275.0,35.05028,136.90043
2221,2695,chubu_sub_845@154,154.0,35.05028,136.90043
2222,2696,chubu_sub_846@275,275.0,35.0665,136.90228
2223,2697,chubu_sub_846@154,154.0,35.0665,136.90228
2224,2698,chubu_sub_846@77,77.0,35.0665,136.90228
2225,2699,chubu_sub_847,77.0,34.83098,136.57452
2226,2700,chubu_sub_849,154.0,35.01065,136.61103
2227,2701,chubu_sub_850@77,77.0,35.25105,137.11637
2228,2702,chubu_sub_850@u,66.0,35.25105,137.11637
2229,2703,chubu_sub_851,77.0,35.23164,137.11035
2230,2704,chubu_sub_852,77.0,35.24094,137.10862
2231,2705,chubu_sub_854,275.0,35.09073,137.80303
2232,2707,chubu_sub_859,77.0,34.98839,137.16624
2233,2708,chubu_sub_860,66.0,35.01724,136.24837
2234,2709,chubu_sub_861,154.0,35.59658,136.10227
2235,2710,chubu_sub_864@275,275.0,34.87083,137.06164
2236,2711,chubu_sub_864@77,77.0,34.87083,137.06164
2237,2712,chubu_sub_864@u,66.0,34.87083,137.06164
2238,2713,chubu_sub_865@154,154.0,34.89138,137.0368
2239,2714,chubu_sub_865@77,77.0,34.89138,137.0368
2240,2715,chubu_sub_866@77,77.0,34.88307,137.07242
2241,2716,chubu_sub_866@u,66.0,34.88307,137.07242
2242,2718,chubu_sub_868,77.0,35.00641,137.0367
2243,2719,chubu_sub_869@77,77.0,35.0057,137.03641
2244,2720,chubu_sub_869@u,66.0,35.0057,137.03641
2245,2721,chubu_sub_870,66.0,36.99455,136.77909
2246,2722,chubu_sub_871,500.0,35.75259,136.01601
2247,2725,chubu_sub_875@77,77.0,35.07592,136.02433
2248,2726,chubu_sub_875@u,66.0,35.07592,136.02433
2249,2727,chubu_sub_876,77.0,34.68097,138.10172
2250,2730,chubu_sub_879,154.0,35.22973,136.22544
2251,2731,chubu_sub_880,66.0,36.60927,137.29308
2252,2732,chubu_sub_881,66.0,36.60761,137.29183
2253,2734,chubu_sub_883,154.0,34.8408,137.44538
2254,2736,chubu_sub_886,154.0,35.00826,136.55895
2255,2737,chubu_sub_887,66.0,36.75244,136.98574
2256,2738,chubu_sub_888,66.0,36.74932,136.96494
2257,2739,chubu_sub_889,500.0,36.06843,137.05877
2258,2740,chubu_sub_890,66.0,36.68683,136.98162
2259,2741,chubu_sub_891,66.0,36.70773,136.93825
2260,2742,chubu_sub_892@154,154.0,36.77621,137.03458
2261,2743,chubu_sub_892@66,66.0,36.77621,137.03458
2262,2744,chubu_sub_893,66.0,36.75729,137.09007
2263,2745,chubu_sub_894,66.0,36.75534,137.0067
2264,2746,chubu_sub_895,66.0,36.65027,137.00374
2265,2747,chubu_sub_896,66.0,36.70791,137.01276
2266,2748,chubu_sub_897,66.0,36.72993,137.00889
2267,2749,chubu_sub_898,66.0,36.70502,137.02011
2268,2750,chubu_sub_899@66,66.0,36.76705,137.02538
2269,2751,chubu_sub_900,66.0,36.72007,137.08795
2270,2752,chubu_sub_901,66.0,36.64406,137.03131
2271,2753,chubu_sub_902,66.0,36.49926,136.8422
2272,2754,chubu_sub_903,66.0,36.61884,136.99426
2273,2755,chubu_sub_904,66.0,36.7683,137.00617
2274,2756,chubu_sub_905,66.0,36.6855,136.89912
2275,2757,chubu_sub_906@154,154.0,35.46845,136.0713
2276,2758,chubu_sub_906@77,77.0,35.46845,136.0713
2277,2759,chubu_sub_907,66.0,35.79027,136.20545
2278,2760,chubu_sub_908@77,77.0,35.90187,136.15576
2279,2761,chubu_sub_908@u,66.0,35.90187,136.15576
2280,2762,chubu_sub_909,77.0,34.91654,136.2218
2281,2763,chubu_sub_911@66,66.0,36.68949,137.32117
2282,2764,chubu_sub_913,66.0,35.99526,136.50189
2283,2766,chubu_sub_915,66.0,36.68741,137.24656
2284,2767,chubu_sub_916,66.0,36.66622,137.31415
2285,2768,chubu_sub_917,66.0,36.58296,137.31579
2286,2769,chubu_sub_918@66,66.0,36.56063,137.20148
2287,2770,chubu_sub_919,66.0,36.66474,137.1609
2288,2771,chubu_sub_920,66.0,36.64756,137.16279
2289,2772,chubu_sub_921@275,275.0,36.6203,137.17327
2290,2773,chubu_sub_921@66,66.0,36.6203,137.17327
2291,2774,chubu_sub_922,66.0,36.59985,137.17371
2292,2775,chubu_sub_923,77.0,36.52876,136.65748
2293,2776,chubu_sub_924,77.0,36.53051,136.69486
2294,2777,chubu_sub_925,77.0,36.51365,136.61918
2295,2778,chubu_sub_926@154,154.0,36.43948,136.57478
2296,2779,chubu_sub_926@77,77.0,36.43948,136.57478
2297,2780,chubu_sub_927@77,77.0,36.44616,136.57309
2298,2781,chubu_sub_927@66,66.0,36.44616,136.57309
2299,2782,chubu_sub_928,66.0,36.49955,136.82482
2300,2783,chubu_sub_929,275.0,36.27988,136.90118
2301,2784,chubu_sub_930,275.0,36.35495,136.87458
2302,2785,chubu_sub_931@275,275.0,36.47771,136.98003
2303,2786,chubu_sub_931@154,154.0,36.47771,136.98003
2304,2787,chubu_sub_932,275.0,36.47796,136.98186
2305,2788,chubu_sub_933,154.0,36.56348,136.88284
2306,2789,chubu_sub_934,275.0,35.75136,136.01987
2307,2790,chubu_sub_935,154.0,35.36417,137.80722
2308,2792,chubu_sub_938,77.0,36.01989,136.98812
2309,2793,chubu_sub_939,77.0,36.00193,136.90744
2310,2795,chubu_sub_943,77.0,36.20849,137.97386
2311,2796,chubu_sub_944,154.0,34.91549,136.96858
2312,2797,chubu_sub_945,66.0,34.85512,136.91581
2313,2798,chubu_sub_946@77,77.0,35.36037,136.03597
2314,2799,chubu_sub_946@66,66.0,35.36037,136.03597
2315,2803,chubu_sub_961,154.0,35.83668,137.68718
2316,2804,chubu_sub_968,154.0,35.26447,138.22598
2317,2806,chubu_sub_970,77.0,36.06194,138.47438
2318,2807,chubu_sub_971,77.0,36.08124,138.48318
2319,2808,chubu_sub_972,77.0,36.12991,138.47715
2320,2809,chubu_sub_973,77.0,36.32803,138.63637
2321,2810,chubu_sub_974,77.0,34.88083,136.06143
2322,2811,chubu_sub_975,66.0,36.98996,137.92703
2323,2812,chubu_sub_976,77.0,34.97402,136.17783
2324,2813,chubu_sub_977,77.0,34.68739,137.71792
2325,2814,chubu_sub_978,66.0,35.15571,137.11026
2326,2815,chubu_sub_979,154.0,34.91209,136.95001
2327,2821,chubu_sub_988,77.0,36.4987,138.14485
2328,2822,chubu_sub_989@154,154.0,35.89215,136.68566
2329,2823,chubu_sub_989@u,66.0,35.89215,136.68566
2330,2825,chubu_sub_991@154,154.0,35.09723,137.01107
2331,2826,chubu_sub_991@77,77.0,35.09723,137.01107
2332,2827,chubu_sub_992,275.0,35.35185,136.5746
2333,2828,chubu_sub_995,77.0,35.4643,137.4006
2334,2829,chubu_sub_996,77.0,34.74536,137.92747
2335,2830,chubu_sub_997,77.0,34.75341,138.09679
2336,2831,chubu_sub_998@154,154.0,34.98385,137.03591
2337,2832,chubu_sub_998@77,77.0,34.98385,137.03591
2338,2833,chubu_sub_998@u,66.0,34.98385,137.03591
2339,2834,chubu_sub_999,66.0,34.99718,137.05491
2340,2836,chubu_sub_1003@154,154.0,36.76188,137.09369
2341,2837,chubu_sub_1003@66,66.0,36.76188,137.09369
2342,2838,chubu_sub_1004@154,154.0,36.7539,137.10314
2343,2839,chubu_sub_1004@66,66.0,36.7539,137.10314
2344,2840,chubu_sub_1005@275,275.0,36.74718,137.1288
2345,2841,chubu_sub_1005@66,66.0,36.74718,137.1288
2346,2844,chubu_sub_1012@77,77.0,35.43901,137.04609
2347,2845,chubu_sub_1012@u,66.0,35.43901,137.04609
2348,2846,chubu_sub_1013,77.0,35.44404,137.02459
2349,2847,chubu_sub_1014,77.0,34.98022,137.10517
2350,2848,chubu_sub_1015@154,154.0,35.09692,136.07074
2351,2849,chubu_sub_1015@77,77.0,35.09692,136.07074
2352,2850,chubu_sub_1016,77.0,34.91559,137.19336
2353,2851,chubu_sub_1017,77.0,34.89672,137.23768
2354,2852,chubu_sub_1018,77.0,34.90174,137.23666
2355,2853,chubu_sub_1019,77.0,35.06547,137.15104
2356,2854,chubu_sub_1020,66.0,35.97673,136.50528
2357,2855,chubu_sub_1021,77.0,35.26623,136.25992
2358,2858,chubu_sub_1026@500,500.0,35.46262,136.56949
2359,2859,chubu_sub_1026@154,154.0,35.46262,136.56949
2360,2860,chubu_sub_1026@77,77.0,35.46262,136.56949
2361,2861,chubu_sub_1027,154.0,35.41769,136.59885
2362,2862,chubu_sub_1028,77.0,35.15995,136.9702
2363,2865,chubu_sub_1031,77.0,36.07879,136.19466
2364,2866,chubu_sub_1032@154,154.0,36.0049,136.13402
2365,2867,chubu_sub_1032@77,77.0,36.0049,136.13402
2366,2868,chubu_sub_1033,77.0,35.987,136.18188
2367,2869,chubu_sub_1034,77.0,36.07922,136.22121
2368,2870,chubu_sub_1035,154.0,35.91002,136.23649
2369,2872,chubu_sub_1037,77.0,36.53825,138.11726
2370,2873,chubu_sub_1038,77.0,35.07188,136.95251
2371,2874,chubu_sub_1039,77.0,36.55305,138.19453
2372,2875,chubu_sub_1040,66.0,36.89618,136.78664
2373,2876,chubu_sub_1041@154,154.0,36.82293,137.57008
2374,2877,chubu_sub_1041@66,66.0,36.82293,137.57008
2375,2878,chubu_sub_1042@154,154.0,36.89162,137.48959
2376,2879,chubu_sub_1042@66,66.0,36.89162,137.48959
2377,2880,chubu_sub_1043,77.0,36.4701,138.15459
2378,2881,chubu_sub_1044,154.0,36.40268,137.29106
2379,2882,chubu_sub_1045,154.0,36.5069,137.2328
2380,2883,chubu_sub_1046,77.0,36.71947,136.70536
2381,2884,chubu_sub_1047@77,77.0,36.82668,136.76829
2382,2885,chubu_sub_1047@66,66.0,36.82668,136.76829
2383,2886,chubu_sub_1048,77.0,35.43731,136.65844
2384,2887,chubu_sub_1049,77.0,34.69069,137.65767
2385,2888,chubu_sub_1050,154.0,36.66274,136.74845
2386,2890,chubu_sub_1052@500,500.0,34.63076,138.14203
2387,2891,chubu_sub_1052@275,275.0,34.63076,138.14203
2388,2892,chubu_sub_1052@77,77.0,34.63076,138.14203
2389,2893,chubu_sub_1053@275,275.0,34.62498,138.14421
2390,2894,chubu_sub_1053@77,77.0,34.62498,138.14421
2391,2895,chubu_sub_1054,154.0,35.34326,137.12797
2392,2897,chubu_sub_1056,154.0,35.34605,137.1039
2393,2898,chubu_sub_1057,154.0,35.3469,137.10956
2394,2899,chubu_sub_1058,66.0,36.77514,137.03683
2395,2900,chubu_sub_1059,77.0,36.55554,136.68084
2396,2901,chubu_sub_1060@154,154.0,36.57698,136.68478
2397,2902,chubu_sub_1060@77,77.0,36.57698,136.68478
2398,2903,chubu_sub_1061,77.0,36.75325,136.73538
2399,2904,chubu_sub_1062,77.0,36.77134,136.73529
2400,2905,chubu_sub_1063,66.0,36.75576,137.33306
2401,2906,chubu_sub_1064,66.0,36.74129,137.02464
2402,2907,chubu_sub_1065@154,154.0,36.1616,137.26698
2403,2908,chubu_sub_1066,154.0,34.92583,136.96238
2404,2909,chubu_sub_1067,66.0,35.22654,136.83137
2405,2910,chubu_sub_1068,77.0,36.50411,138.08975
2406,2911,chubu_sub_1069,77.0,35.08611,136.85442
2407,2912,chubu_sub_1070,66.0,36.6753,137.20963
2408,2913,chubu_sub_1071,66.0,36.66374,137.21171
2409,2915,chubu_sub_1073,77.0,35.09469,136.09432
2410,2916,chubu_sub_1074@154,154.0,35.19527,136.23359
2411,2917,chubu_sub_1074@77,77.0,35.19527,136.23359
2412,2918,chubu_sub_1075,77.0,35.1414,136.18022
2413,2920,chubu_sub_1077@275,275.0,35.07935,136.67282
2414,2921,chubu_sub_1077@77,77.0,35.07935,136.67282
2415,2922,chubu_sub_1078,154.0,35.26864,137.07247
2416,2923,chubu_sub_1079@77,77.0,34.84171,136.90966
2417,2924,chubu_sub_1079@u,66.0,34.84171,136.90966
2418,2925,chubu_sub_1080,154.0,34.9221,136.92192
2419,2926,chubu_sub_1081,275.0,34.82071,137.20804
2420,2927,chubu_sub_1082@77,77.0,34.99292,137.00341
2421,2928,chubu_sub_1082@u,66.0,34.99292,137.00341
2422,2929,chubu_sub_1083@154,154.0,34.97883,137.03823
2423,2930,chubu_sub_1083@77,77.0,34.97883,137.03823
2424,2931,chubu_sub_1083@u,66.0,34.97883,137.03823
2425,2932,chubu_sub_1084@154,154.0,34.93403,137.10061
2426,2933,chubu_sub_1084@77,77.0,34.93403,137.10061
2427,2934,chubu_sub_1085@275,275.0,34.85255,137.02396
2428,2935,chubu_sub_1085@77,77.0,34.85255,137.02396
2429,2936,chubu_sub_1086,66.0,34.8423,137.05095
2430,2937,chubu_sub_1087,154.0,34.87742,136.97881
2431,2938,chubu_sub_1088,77.0,34.68143,137.31924
2432,2939,chubu_sub_1089@275,275.0,35.6342,136.07505
2433,2940,chubu_sub_1089@u,66.0,35.6342,136.07505
2434,2942,chubu_sub_1092,154.0,35.23593,136.78811
2435,2943,chubu_sub_1093,66.0,35.23707,136.72091
2436,2946,chubu_sub_1097,77.0,36.21212,136.24293
2437,2947,chubu_sub_1098,154.0,35.24133,136.81564
2438,2948,chubu_sub_1099,154.0,35.25679,136.80177
2439,2949,chubu_sub_1100,275.0,35.05208,136.67597
2440,2950,chubu_sub_1101@154,154.0,36.29528,136.36258
2441,2951,chubu_sub_1101@u,66.0,36.29528,136.36258
2442,2952,chubu_sub_1102,77.0,34.70033,137.83143
2443,2953,chubu_sub_1103,66.0,34.70849,137.78864
2444,2954,chubu_sub_1104,154.0,35.24308,136.82847
2445,2955,chubu_sub_1105,154.0,34.87427,138.31085
2446,2956,chubu_sub_1106@500,500.0,34.80877,138.23469
2447,2957,chubu_sub_1106@154,154.0,34.80877,138.23469
2448,2958,chubu_sub_1107@154,154.0,35.09452,136.90107
2449,2959,chubu_sub_1107@77,77.0,35.09452,136.90107
2450,2960,chubu_sub_1108,66.0,35.25736,136.71073
2451,2961,chubu_sub_1109,154.0,35.25151,136.76874
2452,2962,chubu_sub_1110,154.0,35.59303,137.59832
2453,2963,chubu_sub_1111,154.0,35.68047,137.64493
2454,2964,chubu_sub_1112@77,77.0,35.12325,137.19254
2455,2965,chubu_sub_1112@u,66.0,35.12325,137.19254
2456,2966,chubu_sub_1113,77.0,36.4174,138.30102
2457,2968,chubu_sub_1115,66.0,35.07546,136.0217
2458,2969,chubu_sub_1116@154,154.0,36.0709,136.47506
2459,2970,chubu_sub_1116@77,77.0,36.0709,136.47506
2460,2973,chubu_sub_1119,77.0,35.52638,137.83862
2461,2974,chubu_sub_1120,66.0,35.26165,138.49759
2462,2975,chubu_sub_1121,77.0,35.23727,138.51269
2463,2976,chubu_sub_1122@154,154.0,36.35071,138.24391
2464,2977,chubu_sub_1122@77,77.0,36.35071,138.24391
2465,2978,chubu_sub_1123@275,275.0,35.02323,136.00661
2466,2979,chubu_sub_1123@154,154.0,35.02323,136.00661
2467,2980,chubu_sub_1124,154.0,35.02324,136.00665
2468,2983,chubu_sub_1127@154,154.0,35.37881,136.67713
2469,2984,chubu_sub_1127@77,77.0,35.37881,136.67713
2470,2985,chubu_sub_1128@154,154.0,36.73752,137.05306
2471,2986,chubu_sub_1128@66,66.0,36.73752,137.05306
2472,2987,chubu_sub_1129,77.0,35.0999,136.96125
2473,2988,chubu_sub_1130,154.0,34.8535,136.52455
2474,2989,chubu_sub_1131@154,154.0,35.28875,136.81726
2475,2990,chubu_sub_1131@77,77.0,35.28875,136.81726
2476,2991,chubu_sub_1132,77.0,35.30227,136.81266
2477,2992,chubu_sub_1133,275.0,35.43398,136.70031
2478,2995,chubu_sub_1140,77.0,35.47079,137.47115
2479,2996,chubu_sub_1142,154.0,35.01538,136.02978
2480,2998,chubu_sub_1144,154.0,35.68281,137.65225
2481,2999,chubu_sub_1145,154.0,36.09071,136.52487
2482,3000,chubu_sub_1146@154,154.0,35.37264,137.07427
2483,3001,chubu_sub_1146@77,77.0,35.37264,137.07427
2484,3002,chubu_sub_1147@154,154.0,36.57412,136.68897
2485,3003,chubu_sub_1147@77,77.0,36.57412,136.68897
2486,3004,chubu_sub_1148,77.0,35.46689,137.44232
2487,3005,chubu_sub_1149,77.0,35.51795,137.47416
2488,3006,chubu_sub_1150,77.0,34.77428,136.46718
2489,3007,chubu_sub_1151,275.0,35.37269,136.57854
2490,3008,chubu_sub_1152,154.0,35.1311,137.1385
2491,3009,chubu_sub_1153,154.0,35.03645,136.56493
2492,3010,chubu_sub_1154,154.0,34.90882,136.54314
2493,3011,chubu_sub_1155,154.0,34.93416,136.63981
2494,3012,chubu_sub_1156,77.0,36.34052,138.58155
2495,3013,chubu_sub_1157,154.0,35.78247,137.6889
2496,3014,chubu_sub_1158,77.0,35.29083,136.26828
2497,3016,chubu_sub_1160@154,154.0,35.06757,136.98466
2498,3017,chubu_sub_1160@77,77.0,35.06757,136.98466
2499,3018,chubu_sub_1161,66.0,35.70755,137.69996
2500,3019,chubu_sub_1162,154.0,35.29282,136.87117
2501,3020,hokuriku_jct_35.4365:136.6946:154,154.0,35.43652,136.69458
2502,3021,hokuriku_jct_35.6361:136.9624:500,500.0,35.63606,136.96237
2503,3022,hokuriku_jct_35.0049:136.0213:275,275.0,35.00485,136.0213
2504,3023,hokuriku_jct_35.7023:136.6626:500,500.0,35.7023,136.66262
2505,3024,hokuriku_jct_35.5879:137.0124:77,77.0,35.58793,137.01241
2506,3025,hokuriku_jct_35.5803:136.8842:154,154.0,35.58025,136.88417
2507,3026,hokuriku_jct_35.5273:136.935:275,275.0,35.52732,136.935
2508,3027,hokuriku_jct_35.5996:137.073:154,154.0,35.59965,137.07301
2509,3028,hokuriku_jct_35.9219:137.9726:154,154.0,35.92193,137.97257
2510,3029,hokuriku_jct_35.5498:137.1121:154,154.0,35.54976,137.11205
2511,3030,hokuriku_jct_35.5047:136.8716:275,275.0,35.50466,136.87157
2512,3031,hokuriku_jct_35.5548:135.9793:275,275.0,35.55478,135.97927
2513,3032,hokuriku_jct_35.5171:136.0902:154,154.0,35.51715,136.09016
2514,3033,hokuriku_jct_36.2575:137.9345:77,77.0,36.2575,137.93446
2515,3038,hokuriku_jct_35.5494:136.6337:500,500.0,35.54936,136.63369
2516,3039,hokuriku_jct_35.6646:136.0908:154,154.0,35.66457,136.09077
2517,3040,hokuriku_jct_37.2575:136.8976:66,66.0,37.2575,136.89757
2518,3041,hokuriku_jct_35.6549:136.0371:275,275.0,35.65493,136.03711
2519,3042,hokuriku_jct_36.1351:137.7215:154,154.0,36.13511,137.72152
2520,3043,hokuriku_jct_36.1343:137.7222:154,154.0,36.13429,137.72223
2521,3044,hokuriku_jct_36.139:137.7012:154,154.0,36.13904,137.70115
2522,3045,hokuriku_jct_36.1365:137.7265:154,154.0,36.13652,137.72654
2523,3046,hokuriku_jct_37.0055:136.8018:66,66.0,37.00553,136.8018
2524,3047,hokuriku_jct_37.0734:136.7698:66,66.0,37.07337,136.76983
2525,3048,hokuriku_jct_35.6731:136.0892:275,275.0,35.67311,136.0892
2526,3049,hokuriku_jct_35.7595:137.8578:0,66.0,35.75954,137.8578
2527,3050,hokuriku_jct_35.7447:137.9353:0,66.0,35.74472,137.93525
2528,3051,hokuriku_jct_37.1122:136.8359:66,66.0,37.11215,136.83594
2529,3052,hokuriku_jct_37.3096:137.1318:66,66.0,37.30962,137.13177
2530,3053,hokuriku_jct_37.365:137.1972:66,66.0,37.365,137.19717
2531,3054,hokuriku_jct_37.0485:136.9164:66,66.0,37.04852,136.91642
2532,3055,hokuriku_jct_37.1139:136.8545:66,66.0,37.11393,136.85446
2533,3056,hokuriku_jct_36.99:137.9268:0,66.0,36.98996,137.9268
2534,3057,hokuriku_jct_37.015:137.812:0,66.0,37.01499,137.81203
2535,3058,hokuriku_jct_37.003:137.7453:0,66.0,37.00303,137.74529
2536,3060,hokuriku_jct_37.0625:136.7287:500,500.0,37.06247,136.72874
2537,3061,hokuriku_jct_37.0606:136.7289:275,275.0,37.06059,136.72894
2538,3062,hokuriku_jct_37.0609:136.7289:66,66.0,37.06094,136.72887
2539,3063,hokuriku_jct_35.5045:136.8693:0,66.0,35.50448,136.86925
2540,3064,hokuriku_jct_35.6428:136.0364:275,275.0,35.64282,136.03641
2541,3065,hokuriku_jct_35.6453:136.0385:275,275.0,35.64527,136.03851
2542,3070,hokuriku_jct_35.6469:136.0819:275,275.0,35.64692,136.08194
2543,3071,hokuriku_sub_2,66.0,36.65258,137.03618
2544,3072,hokuriku_sub_7@500,500.0,36.99579,136.83832
2545,3073,hokuriku_sub_7@275,275.0,36.99579,136.83832
2546,3074,hokuriku_sub_7@154,154.0,36.99579,136.83832
2547,3075,hokuriku_sub_8,500.0,36.49907,136.82489
2548,3076,hokuriku_sub_9,500.0,36.50133,136.72498
2549,3077,hokuriku_sub_11@154,154.0,36.09018,136.28444
2550,3078,hokuriku_sub_11@77,77.0,36.09018,136.28444
2551,3079,hokuriku_sub_11@66,66.0,36.09018,136.28444
2552,3080,hokuriku_sub_14,275.0,36.03671,137.49304
2553,3081,hokuriku_sub_16@154,154.0,35.94827,137.26259
2554,3082,hokuriku_sub_16@u,66.0,35.94827,137.26259
2555,3083,hokuriku_sub_19@500,500.0,36.50079,136.71672
2556,3084,hokuriku_sub_19@275,275.0,36.50079,136.71672
2557,3085,hokuriku_sub_19@154,154.0,36.50079,136.71672
2558,3086,hokuriku_sub_20@154,154.0,36.56126,136.86199
2559,3087,hokuriku_sub_20@66,66.0,36.56126,136.86199
2560,3088,hokuriku_sub_22@154,154.0,36.49048,136.60769
2561,3089,hokuriku_sub_22@77,77.0,36.49048,136.60769
2562,3090,hokuriku_sub_25@275,275.0,36.14153,136.29373
2563,3091,hokuriku_sub_25@154,154.0,36.14153,136.29373
2564,3092,hokuriku_sub_25@77,77.0,36.14153,136.29373
2565,3093,hokuriku_sub_27@500,500.0,35.99459,136.41494
2566,3094,hokuriku_sub_27@275,275.0,35.99459,136.41494
2567,3095,hokuriku_sub_27@154,154.0,35.99459,136.41494
2568,3096,hokuriku_sub_28@154,154.0,36.12018,136.17552
2569,3097,hokuriku_sub_28@77,77.0,36.12018,136.17552
2570,3098,hokuriku_sub_30@154,154.0,36.13716,137.88545
2571,3099,hokuriku_sub_31,275.0,36.49559,136.91648
2572,3100,hokuriku_sub_33@77,77.0,36.04688,136.18571
2573,3101,hokuriku_sub_33@66,66.0,36.04688,136.18571
2574,3102,hokuriku_sub_38@77,77.0,36.51937,136.55495
2575,3103,hokuriku_sub_38@66,66.0,36.51937,136.55495
2576,3104,hokuriku_sub_39,66.0,36.44723,136.51218
2577,3105,hokuriku_sub_40,77.0,36.4691,136.55416
2578,3106,hokuriku_sub_41,77.0,36.44591,136.62459
2579,3107,hokuriku_sub_42@154,154.0,36.57953,136.62835
2580,3108,hokuriku_sub_42@77,77.0,36.57953,136.62835
2581,3109,hokuriku_sub_43,77.0,36.20784,136.23944
2582,3110,hokuriku_sub_47@154,154.0,36.2996,136.32484
2583,3111,hokuriku_sub_47@77,77.0,36.2996,136.32484
2584,3112,hokuriku_sub_47@66,66.0,36.2996,136.32484
2585,3113,hokuriku_sub_49@154,154.0,36.40501,136.5075
2586,3114,hokuriku_sub_49@66,66.0,36.40501,136.5075
2587,3115,hokuriku_sub_50,77.0,36.65026,136.71788
2588,3116,hokuriku_sub_51,77.0,36.39805,136.45626
2589,3117,hokuriku_sub_52@154,154.0,36.38136,136.47991
2590,3118,hokuriku_sub_52@77,77.0,36.38136,136.47991
2591,3119,hokuriku_sub_52@66,66.0,36.38136,136.47991
2592,3120,hokuriku_sub_53@154,154.0,36.20657,136.1635
2593,3121,hokuriku_sub_53@77,77.0,36.20657,136.1635
2594,3122,hokuriku_sub_56@154,154.0,35.93,136.19201
2595,3123,hokuriku_sub_56@77,77.0,35.93,136.19201
2596,3124,hokuriku_sub_59@275,275.0,36.85568,137.5543
2597,3125,hokuriku_sub_59@154,154.0,36.85568,137.5543
2598,3126,hokuriku_sub_59@66,66.0,36.85568,137.5543
2599,3127,hokuriku_sub_60@154,154.0,36.83253,137.42689
2600,3128,hokuriku_sub_60@66,66.0,36.83253,137.42689
2601,3129,hokuriku_sub_61@154,154.0,36.72392,137.18165
2602,3130,hokuriku_sub_61@66,66.0,36.72392,137.18165
2603,3131,hokuriku_sub_62,66.0,36.86307,137.43804
2604,3132,hokuriku_sub_66@275,275.0,36.64018,137.2227
2605,3133,hokuriku_sub_66@154,154.0,36.64018,137.2227
2606,3134,hokuriku_sub_66@66,66.0,36.64018,137.2227
2607,3135,hokuriku_sub_67@275,275.0,36.75145,137.41395
2608,3136,hokuriku_sub_67@66,66.0,36.75145,137.41395
2609,3137,hokuriku_sub_74@154,154.0,36.55534,137.22209
2610,3138,hokuriku_sub_74@66,66.0,36.55534,137.22209
2611,3139,hokuriku_sub_76@275,275.0,36.14008,136.90891
2612,3140,hokuriku_sub_76@77,77.0,36.14008,136.90891
2613,3141,hokuriku_sub_77@154,154.0,36.18081,137.79271
2614,3142,hokuriku_sub_77@u,66.0,36.18081,137.79271
2615,3143,hokuriku_sub_78@154,154.0,36.17111,137.64578
2616,3144,hokuriku_sub_78@u,66.0,36.17111,137.64578
2617,3146,hokuriku_sub_87@275,275.0,36.69804,137.08155
2618,3147,hokuriku_sub_87@154,154.0,36.69804,137.08155
2619,3148,hokuriku_sub_88,66.0,37.02428,137.81261
2620,3149,hokuriku_sub_89,66.0,37.02518,137.81536
2621,3150,hokuriku_sub_102@275,275.0,36.69904,137.31992
2622,3151,hokuriku_sub_102@u,66.0,36.69904,137.31992
2623,3152,hokuriku_sub_103@154,154.0,36.56731,137.21236
2624,3153,hokuriku_sub_103@66,66.0,36.56731,137.21236
2625,3154,hokuriku_sub_106@154,154.0,36.746,137.07577
2626,3155,hokuriku_sub_106@66,66.0,36.746,137.07577
2627,3156,hokuriku_sub_108@154,154.0,37.24062,136.89289
2628,3157,hokuriku_sub_108@66,66.0,37.24062,136.89289
2629,3158,hokuriku_sub_111,66.0,36.86226,137.50114
2630,3159,hokuriku_sub_114,66.0,37.23147,136.9109
2631,3160,hokuriku_sub_119,154.0,36.80277,137.59185
2632,3161,hokuriku_sub_120@154,154.0,36.56321,137.36527
2633,3162,hokuriku_sub_120@66,66.0,36.56321,137.36527
2634,3163,hokuriku_sub_121@275,275.0,35.80939,136.17446
2635,3164,hokuriku_sub_121@154,154.0,35.80939,136.17446
2636,3166,hokuriku_sub_126@275,275.0,36.76541,137.12646
2637,3167,hokuriku_sub_126@154,154.0,36.76541,137.12646
2638,3168,hokuriku_sub_129@154,154.0,36.69795,136.94675
2639,3169,hokuriku_sub_129@66,66.0,36.69795,136.94675
2640,3171,hokuriku_sub_148,154.0,35.97827,137.82407
2641,3172,hokuriku_sub_150,154.0,35.82485,137.67731
2642,3173,hokuriku_sub_151@275,275.0,36.79791,137.46356
2643,3174,hokuriku_sub_151@u,66.0,36.79791,137.46356
2644,3175,hokuriku_sub_152@154,154.0,36.57779,137.44364
2645,3176,hokuriku_sub_152@66,66.0,36.57779,137.44364
2646,3177,hokuriku_sub_153,66.0,36.57919,137.44623
2647,3178,hokuriku_sub_154@275,275.0,36.01289,136.26413
2648,3179,hokuriku_sub_154@154,154.0,36.01289,136.26413
2649,3180,hokuriku_sub_154@77,77.0,36.01289,136.26413
2650,3181,hokuriku_sub_156,154.0,36.18632,137.82283
2651,3182,hokuriku_sub_157,500.0,35.73471,136.66136
2652,3183,hokuriku_sub_160,66.0,37.03462,136.96745
2653,3184,hokuriku_sub_161,66.0,37.07109,136.75844
2654,3185,hokuriku_sub_164,66.0,36.60912,137.29314
2655,3186,hokuriku_sub_166,66.0,36.75244,136.98564
2656,3187,hokuriku_sub_169,66.0,36.68683,136.98155
2657,3188,hokuriku_sub_184,66.0,36.68548,136.89886
2658,3189,hokuriku_sub_185,66.0,35.78998,136.20536
2659,3190,hokuriku_sub_186@77,77.0,35.90226,136.15569
2660,3191,hokuriku_sub_186@u,66.0,35.90226,136.15569
2661,3192,hokuriku_sub_188,66.0,35.99579,136.50154
2662,3193,hokuriku_sub_193,66.0,36.6649,137.16076
2663,3194,hokuriku_sub_194,66.0,36.64726,137.16254
2664,3195,hokuriku_sub_195@275,275.0,36.62004,137.17327
2665,3196,hokuriku_sub_195@66,66.0,36.62004,137.17327
2666,3197,hokuriku_sub_200@154,154.0,36.43957,136.57475
2667,3198,hokuriku_sub_200@77,77.0,36.43957,136.57475
2668,3199,hokuriku_sub_205@275,275.0,36.47799,136.97936
2669,3200,hokuriku_sub_205@154,154.0,36.47799,136.97936
2670,3201,hokuriku_sub_206,275.0,36.47811,136.98173
2671,3202,hokuriku_sub_207,154.0,36.56359,136.88279
2672,3203,hokuriku_sub_209,77.0,36.01991,136.98794
2673,3204,hokuriku_sub_211,154.0,35.83668,137.68738
2674,3205,hokuriku_sub_212@66,66.0,37.00991,137.79248
2675,3206,hokuriku_sub_213@154,154.0,35.89218,136.68602
2676,3207,hokuriku_sub_213@u,66.0,35.89218,136.68602
2677,3208,hokuriku_sub_214@154,154.0,36.76181,137.09302
2678,3209,hokuriku_sub_214@66,66.0,36.76181,137.09302
2679,3210,hokuriku_sub_215@154,154.0,36.7538,137.10293
2680,3211,hokuriku_sub_215@66,66.0,36.7538,137.10293
2681,3212,hokuriku_sub_216@275,275.0,36.7471,137.12884
2682,3213,hokuriku_sub_216@66,66.0,36.7471,137.12884
2683,3214,hokuriku_sub_217,66.0,37.03442,136.96505
2684,3215,hokuriku_sub_220,77.0,36.079,136.19466
2685,3216,hokuriku_sub_221@154,154.0,36.00494,136.13384
2686,3217,hokuriku_sub_221@77,77.0,36.00494,136.13384
2687,3218,hokuriku_sub_225,66.0,37.43339,137.25379
2688,3219,hokuriku_sub_226,66.0,37.4327,137.25549
2689,3220,hokuriku_sub_227,66.0,37.38929,136.90301
2690,3221,hokuriku_sub_229,66.0,37.07353,136.92952
2691,3222,hokuriku_sub_230,66.0,37.29374,136.7903
2692,3223,hokuriku_sub_231,66.0,37.29274,136.78986
2693,3224,hokuriku_sub_232,66.0,37.34247,137.23186
2694,3225,hokuriku_sub_233,66.0,37.26699,137.03155
2695,3226,hokuriku_sub_234,66.0,37.30848,137.14561
2696,3227,hokuriku_sub_235,66.0,37.142,136.73501
2697,3228,hokuriku_sub_236,66.0,37.07325,136.75111
2698,3229,hokuriku_sub_237@500,500.0,37.06929,136.74056
2699,3230,hokuriku_sub_237@66,66.0,37.06929,136.74056
2700,3231,hokuriku_sub_238,275.0,37.06543,137.0073
2701,3232,hokuriku_sub_239@154,154.0,36.82316,137.56967
2702,3233,hokuriku_sub_239@66,66.0,36.82316,137.56967
2703,3234,hokuriku_sub_243,275.0,37.06443,137.0084
2704,3235,hokuriku_sub_245@77,77.0,36.82678,136.76834
2705,3236,hokuriku_sub_245@66,66.0,36.82678,136.76834
2706,3237,hokuriku_sub_257,66.0,36.66395,137.21155
2707,3238,hokuriku_sub_266@154,154.0,35.70755,137.69996
2708,3239,kansai_jct_34.1661:133.951:187,187.0,34.16612,133.95095
2709,3240,kansai_jct_34.4583:135.3904:77,77.0,34.4583,135.39044
2710,3241,kansai_jct_34.3893:135.3665:77,77.0,34.38934,135.36652
2711,3242,kansai_jct_34.4565:135.3978:77,77.0,34.45654,135.39782
2712,3243,kansai_jct_34.5984:135.4822:77,77.0,34.59835,135.48216
2713,3244,kansai_jct_34.5422:135.6168:77,77.0,34.5422,135.61675
2714,3245,kansai_jct_34.4607:135.5239:77,77.0,34.46069,135.52391
2715,3246,kansai_jct_34.4638:135.5265:77,77.0,34.46378,135.5265
2716,3247,kansai_jct_34.4065:135.6142:275,275.0,34.40651,135.6142
2717,3248,kansai_jct_34.5743:135.6313:77,77.0,34.57429,135.63132
2718,3249,kansai_jct_34.4844:135.5836:275,275.0,34.48443,135.58363
2719,3250,kansai_jct_34.5328:135.692:77,77.0,34.53285,135.69198
2720,3251,kansai_jct_34.5863:135.5191:77,77.0,34.58627,135.5191
2721,3252,kansai_jct_34.5951:135.5599:154,154.0,34.59507,135.55987
2722,3253,kansai_jct_34.61:135.5886:154,154.0,34.61,135.58862
2723,3254,kansai_jct_34.6097:135.5897:154,154.0,34.60966,135.5897
2724,3255,kansai_jct_34.5863:135.5191:154,154.0,34.58627,135.5191
2725,3256,kansai_jct_34.4611:135.4916:275,275.0,34.46107,135.49164
2726,3257,kansai_jct_34.6061:135.4696:77,77.0,34.60609,135.46959
2727,3258,kansai_jct_34.4803:135.4122:77,77.0,34.48031,135.41224
2728,3259,kansai_jct_34.4669:135.4578:77,77.0,34.46688,135.45785
2729,3260,kansai_jct_34.4678:135.4323:77,77.0,34.46781,135.43227
2730,3261,kansai_jct_34.4712:135.428:77,77.0,34.47125,135.42804
2731,3262,kansai_jct_34.4714:135.4279:77,77.0,34.47139,135.42787
2732,3263,kansai_jct_34.4845:135.4094:77,77.0,34.48446,135.40943
2733,3264,kansai_jct_34.3949:135.3438:66,66.0,34.39491,135.34385
2734,3265,kansai_jct_34.3649:135.3737:275,275.0,34.36491,135.37365
2735,3266,kansai_jct_34.4386:135.4409:77,77.0,34.43862,135.44093
2736,3267,kansai_jct_34.4468:135.4443:77,77.0,34.44678,135.4443
2737,3268,kansai_jct_34.5189:135.4563:77,77.0,34.51892,135.45629
2738,3269,kansai_jct_34.4865:135.4182:77,77.0,34.48653,135.4182
2739,3270,kansai_jct_34.4769:135.4201:77,77.0,34.47693,135.42014
2740,3271,kansai_jct_34.4678:135.4326:77,77.0,34.46785,135.43261
2741,3272,kansai_jct_34.5347:135.4968:77,77.0,34.53473,135.49677
2742,3273,kansai_jct_34.5274:135.4868:77,77.0,34.52739,135.48683
2743,3274,kansai_jct_34.5646:135.532:77,77.0,34.56463,135.53198
2744,3282,kansai_jct_34.5999:135.6446:154,154.0,34.59988,135.64463
2745,3285,kansai_jct_34.0:134.4078:500,500.0,34.00001,134.40777
2746,3286,kansai_jct_34.0963:134.5048:66,66.0,34.09628,134.50482
2747,3287,kansai_jct_34.0628:134.4707:66,66.0,34.0628,134.47071
2748,3288,kansai_jct_34.0605:134.4599:187,187.0,34.06051,134.45994
2749,3289,kansai_jct_34.2463:134.3428:66,66.0,34.24631,134.34278
2750,3290,kansai_jct_34.1318:134.5766:0,66.0,34.13184,134.57664
2751,3291,kansai_jct_34.2795:135.2661:275,275.0,34.27954,135.26614
2752,3292,kansai_jct_34.2429:135.3012:77,77.0,34.24289,135.30119
2753,3293,kansai_jct_34.2513:135.3199:77,77.0,34.25132,135.31986
2754,3294,kansai_jct_34.2401:135.2536:77,77.0,34.24007,135.25357
2755,3295,kansai_jct_34.2188:135.2103:77,77.0,34.21877,135.21034
2756,3296,kansai_jct_34.1342:135.1791:77,77.0,34.13418,135.17911
2757,3297,kansai_jct_33.9489:134.601:66,66.0,33.94894,134.60102
2758,3298,kansai_jct_33.9217:134.6963:66,66.0,33.92172,134.69632
2759,3299,kansai_jct_33.8896:134.6363:66,66.0,33.88957,134.63629
2760,3300,kansai_jct_34.1361:134.5222:66,66.0,34.13607,134.52222
2761,3301,kansai_jct_34.0324:133.892:187,187.0,34.03245,133.89195
2762,3302,kansai_jct_33.8386:134.5167:187,187.0,33.83861,134.51666
2763,3303,kansai_jct_33.9687:135.1207:77,77.0,33.96868,135.12067
2764,3304,kansai_jct_33.9655:135.1114:77,77.0,33.96552,135.1114
2765,3305,kansai_jct_33.9638:135.1128:77,77.0,33.96377,135.11283
2766,3306,kansai_jct_33.9623:135.3933:0,66.0,33.96226,135.39326
2767,3307,kansai_jct_33.9083:135.4387:0,66.0,33.9083,135.43869
2768,3308,kansai_jct_34.0621:135.2626:77,77.0,34.0621,135.2626
2769,3309,kansai_jct_34.1331:135.2382:77,77.0,34.13308,135.23818
2770,3310,kansai_jct_33.9235:135.1951:77,77.0,33.92354,135.19508
2771,3311,kansai_jct_33.9243:135.1919:77,77.0,33.92426,135.19192
2772,3312,kansai_jct_33.8903:135.1934:77,77.0,33.89033,135.19337
2773,3313,kansai_jct_33.8607:135.1994:77,77.0,33.86068,135.19937
2774,3314,kansai_jct_34.103:135.1772:77,77.0,34.10301,135.17724
2775,3315,kansai_jct_34.0953:135.1509:77,77.0,34.09529,135.1509
2776,3316,kansai_jct_34.0943:135.1213:77,77.0,34.09427,135.12134
2777,3317,kansai_jct_34.0974:135.1876:77,77.0,34.09744,135.18758
2778,3318,kansai_jct_34.0946:135.185:77,77.0,34.0946,135.18498
2779,3319,kansai_jct_34.1068:135.1285:77,77.0,34.10681,135.12847
2780,3320,kansai_jct_34.1325:135.179:77,77.0,34.13248,135.17898
2781,3321,kansai_jct_34.1422:135.2041:77,77.0,34.14218,135.20409
2782,3322,kansai_jct_34.1466:135.2273:77,77.0,34.14657,135.2273
2783,3323,kansai_jct_34.1483:135.2273:77,77.0,34.14834,135.22726
2784,3324,kansai_jct_34.2209:135.1999:77,77.0,34.22089,135.1999
2785,3325,kansai_jct_34.0618:135.3379:77,77.0,34.06179,135.33787
2786,3326,kansai_jct_34.0557:135.3395:77,77.0,34.05574,135.33948
2787,3327,kansai_jct_34.0926:135.4104:77,77.0,34.09263,135.41043
2788,3328,kansai_jct_33.987:135.8205:275,275.0,33.987,135.82047
2789,3329,kansai_jct_34.4212:135.5574:275,275.0,34.42123,135.55741
2790,3330,kansai_jct_34.1226:134.5332:66,66.0,34.12256,134.53318
2791,3331,kansai_jct_34.1382:134.6094:66,66.0,34.13817,134.60941
2792,3336,kansai_jct_34.1754:134.5559:187,187.0,34.17542,134.55592
2793,3337,kansai_jct_34.0371:134.5035:66,66.0,34.0371,134.50353
2794,3338,kansai_jct_33.827:134.5214:66,66.0,33.82702,134.52136
2795,3339,kansai_jct_33.798:134.4096:66,66.0,33.79802,134.40964
2796,3340,kansai_jct_34.3548:135.2516:77,77.0,34.35477,135.25156
2797,3341,kansai_jct_34.2541:135.1858:77,77.0,34.25413,135.18578
2798,3342,kansai_jct_34.2769:135.1719:77,77.0,34.27692,135.17194
2799,3343,kansai_jct_34.254:135.184:77,77.0,34.25401,135.184
2800,3344,kansai_jct_34.6014:134.9935:77,77.0,34.60144,134.99351
2801,3345,kansai_jct_34.4701:134.8904:77,77.0,34.47013,134.89038
2802,3346,kansai_jct_34.3953:134.8316:77,77.0,34.39527,134.83164
2803,3347,kansai_jct_34.3062:134.7321:77,77.0,34.30617,134.73207
2804,3348,kansai_jct_34.2511:134.6755:77,77.0,34.25106,134.67555
2805,3349,kansai_jct_34.2791:134.6992:187,187.0,34.27908,134.69921
2806,3350,kansai_jct_34.2955:134.7755:77,77.0,34.29547,134.77547
2807,3351,kansai_jct_34.5524:134.9419:77,77.0,34.55243,134.94189
2808,3352,kansai_jct_34.2933:134.775:77,77.0,34.29334,134.77499
2809,3353,kansai_jct_34.2613:134.7224:0,66.0,34.26131,134.72242
2810,3354,kansai_jct_33.7663:135.3998:0,66.0,33.76627,135.3998
2811,3355,kansai_jct_33.8027:135.3444:77,77.0,33.80265,135.34437
2812,3356,kansai_jct_33.8378:135.2215:77,77.0,33.83782,135.22149
2813,3357,kansai_jct_34.2383:135.1501:77,77.0,34.23833,135.15009
2814,3358,kansai_jct_34.3148:135.5697:77,77.0,34.31481,135.56967
2815,3359,kansai_jct_33.8271:135.2207:77,77.0,33.82706,135.22069
2816,3360,kansai_jct_34.5792:134.9663:77,77.0,34.57916,134.96628
2817,3361,kansai_jct_34.5775:134.9678:77,77.0,34.57751,134.96781
2818,3362,kansai_jct_33.6789:135.5456:0,66.0,33.67891,135.54564
2819,3363,kansai_jct_33.6974:135.4575:0,66.0,33.69741,135.4575
2820,3364,kansai_jct_33.5928:135.4415:0,66.0,33.59279,135.44155
2821,3365,kansai_jct_33.6045:135.439:0,66.0,33.60448,135.439
2822,3366,kansai_jct_33.5528:135.5146:0,66.0,33.55276,135.51463
2823,3367,kansai_jct_33.5564:135.5006:0,66.0,33.55638,135.50062
2824,3368,kansai_jct_33.5339:135.5228:0,66.0,33.53386,135.52283
2825,3369,kansai_jct_33.7219:135.4069:0,66.0,33.72187,135.40686
2826,3370,kansai_jct_33.6892:135.3975:0,77.0,33.6892,135.39751
2827,3371,kansai_jct_33.7808:135.3051:77,77.0,33.78078,135.30514
2828,3372,kansai_jct_33.7847:135.2763:77,77.0,33.78471,135.27633
2829,3373,kansai_jct_33.9582:135.3916:0,66.0,33.95818,135.39159
2830,3374,kansai_jct_33.9098:135.4385:0,66.0,33.90978,135.43847
2831,3375,kansai_jct_33.8831:135.459:0,66.0,33.8831,135.459
2832,3376,kansai_jct_34.215:135.3396:0,66.0,34.21501,135.33964
2833,3377,kansai_jct_34.5147:135.47:77,77.0,34.51474,135.46997
2834,3378,kansai_jct_34.2442:135.254:77,77.0,34.24419,135.25396
2835,3379,kansai_jct_34.2888:135.5814:0,66.0,34.28882,135.58144
2836,3380,kansai_jct_34.2375:135.5473:0,500.0,34.23749,135.5473
2837,3381,kansai_jct_34.228:135.5737:0,66.0,34.22797,135.57372
2838,3382,kansai_jct_33.8512:134.5008:0,66.0,33.85117,134.50082
2839,3384,kansai_jct_34.2521:135.319:77,77.0,34.25214,135.31902
2840,3387,kansai_jct_34.1079:135.1228:77,77.0,34.10788,135.12283
2841,3388,kansai_jct_33.9645:135.1085:77,77.0,33.96448,135.10851
2842,3389,kansai_jct_34.1701:134.6225:66,66.0,34.17006,134.62251
2843,3390,kansai_jct_34.1359:134.5238:66,66.0,34.13585,134.52377
2844,3391,kansai_jct_34.36:135.2506:66,66.0,34.36004,135.25065
2845,3392,kansai_jct_34.3568:135.2639:66,66.0,34.35683,135.26394
2846,3395,kansai_jct_34.456:135.3997:77,77.0,34.45597,135.39971
2847,3396,kansai_jct_34.4671:135.7703:77,77.0,34.46712,135.77029
2848,3397,kansai_jct_34.5231:135.8343:66,66.0,34.52314,135.83428
2849,3398,kansai_jct_34.5996:135.7702:66,66.0,34.59965,135.77017
2850,3399,kansai_jct_34.595:135.7852:77,77.0,34.59497,135.78515
2851,3400,kansai_jct_34.5787:135.7832:77,77.0,34.57869,135.78324
2852,3401,kansai_jct_34.5894:135.792:77,77.0,34.58943,135.79197
2853,3402,kansai_jct_34.5264:135.9256:500,500.0,34.52638,135.92558
2854,3403,kansai_jct_34.461:135.9071:500,500.0,34.46097,135.90712
2855,3404,kansai_jct_34.5605:136.5528:77,77.0,34.56046,136.55279
2856,3405,kansai_jct_34.5567:136.5587:77,77.0,34.5567,136.55868
2857,3406,kansai_jct_34.5683:136.5631:77,77.0,34.56831,136.56312
2858,3407,kansai_jct_34.5654:136.5592:77,77.0,34.56538,136.5592
2859,3408,kansai_jct_34.5581:136.5462:77,77.0,34.55806,136.54625
2860,3409,kansai_jct_34.5195:136.6749:77,77.0,34.51947,136.67492
2861,3410,kansai_jct_34.5368:136.5682:77,77.0,34.53676,136.56816
2862,3411,kansai_jct_34.5233:136.5884:77,77.0,34.52333,136.58836
2863,3412,kansai_jct_34.5085:136.61:77,77.0,34.5085,136.61001
2864,3413,kansai_jct_34.5059:136.6124:77,77.0,34.50589,136.61245
2865,3414,kansai_jct_34.4948:136.628:77,77.0,34.49481,136.62796
2866,3415,kansai_jct_34.4812:136.7569:77,77.0,34.48123,136.75692
2867,3416,kansai_jct_34.4767:136.8084:77,77.0,34.47669,136.80844
2868,3417,kansai_jct_34.4679:136.8293:77,77.0,34.46792,136.82933
2869,3418,kansai_jct_34.4863:136.7541:77,77.0,34.48634,136.75407
2870,3419,kansai_jct_34.4952:136.731:77,77.0,34.49523,136.73096
2871,3420,kansai_jct_34.4852:136.7445:77,77.0,34.48518,136.74447
2872,3421,kansai_jct_34.508:136.6918:77,77.0,34.50795,136.69178
2873,3422,kansai_jct_34.5576:136.5172:77,77.0,34.55757,136.51719
2874,3423,kansai_jct_34.426:136.3272:77,77.0,34.42602,136.32716
2875,3424,kansai_jct_34.4261:136.3272:77,77.0,34.42615,136.32721
2876,3428,kansai_jct_34.5282:135.7698:66,66.0,34.52823,135.76978
2877,3429,kansai_jct_34.5656:135.7716:66,66.0,34.56558,135.77156
2878,3430,kansai_jct_34.4827:136.4517:77,77.0,34.48271,136.45169
2879,3431,kansai_jct_34.4818:136.452:77,77.0,34.48183,136.45203
2880,3432,kansai_jct_34.4889:136.6104:77,77.0,34.48892,136.61039
2881,3434,kansai_jct_34.0671:136.1775:154,154.0,34.0671,136.17745
2882,3438,kansai_jct_34.1585:136.272:154,154.0,34.15846,136.27198
2883,3439,kansai_jct_34.2761:136.4011:154,154.0,34.27607,136.40109
2884,3440,kansai_jct_34.3008:136.4292:154,154.0,34.30077,136.42923
2885,3441,kansai_jct_34.3657:136.45:154,154.0,34.36565,136.44997
2886,3442,kansai_jct_34.4494:136.476:154,154.0,34.44942,136.47595
2887,3443,kansai_jct_34.1592:136.2724:77,77.0,34.15924,136.2724
2888,3444,kansai_jct_34.1595:136.2726:77,77.0,34.15952,136.27255
2889,3445,kansai_jct_34.2068:136.3295:77,77.0,34.20685,136.32955
2890,3446,kansai_jct_34.1585:136.272:77,77.0,34.15846,136.27198
2891,3447,kansai_jct_34.1596:136.2758:0,66.0,34.15961,136.27578
2892,3448,kansai_jct_34.2324:136.1806:77,77.0,34.23238,136.18058
2893,3449,kansai_jct_34.2257:136.1909:77,77.0,34.22572,136.19094
2894,3450,kansai_jct_34.2199:136.229:77,77.0,34.21987,136.22896
2895,3451,kansai_jct_34.2959:136.1625:77,77.0,34.29592,136.1625
2896,3452,kansai_jct_34.2211:136.2286:77,77.0,34.22107,136.22861
2897,3453,kansai_jct_34.1596:136.273:77,77.0,34.15964,136.27304
2898,3454,kansai_jct_34.2713:136.4017:154,154.0,34.27134,136.40174
2899,3455,kansai_jct_34.2825:136.4981:154,154.0,34.28249,136.49806
2900,3456,kansai_jct_34.3798:136.4186:154,154.0,34.37979,136.41859
2901,3457,kansai_jct_34.3795:136.4184:154,154.0,34.3795,136.41838
2902,3458,kansai_jct_34.3881:136.4012:154,154.0,34.38811,136.40125
2903,3459,kansai_jct_34.439:136.5013:154,154.0,34.43898,136.50134
2904,3460,kansai_jct_34.533:136.5989:77,77.0,34.53299,136.59886
2905,3461,kansai_jct_34.508:136.5824:77,77.0,34.50802,136.58236
2906,3462,kansai_jct_34.502:136.5772:77,77.0,34.502,136.57721
2907,3463,kansai_jct_34.4654:136.6099:77,77.0,34.46536,136.60994
2908,3464,kansai_jct_34.4702:136.6102:77,77.0,34.47025,136.6102
2909,3465,kansai_jct_34.4738:136.618:77,77.0,34.47382,136.61804
2910,3466,kansai_jct_34.5078:136.5821:77,77.0,34.50779,136.5821
2911,3467,kansai_jct_34.515:136.6671:77,77.0,34.51499,136.66712
2912,3468,kansai_jct_34.504:136.6684:77,77.0,34.50403,136.66844
2913,3478,kansai_jct_34.4916:136.7223:77,77.0,34.49156,136.72227
2914,3482,kansai_jct_34.399:136.2246:77,77.0,34.39898,136.22465
2915,3483,kansai_jct_34.4005:136.2189:77,77.0,34.40048,136.2189
2916,3484,kansai_jct_34.3753:136.2095:77,77.0,34.37534,136.20947
2917,3485,kansai_jct_34.5915:136.5345:77,77.0,34.59154,136.53453
2918,3486,kansai_jct_34.5869:136.5401:77,77.0,34.58692,136.54006
2919,3487,kansai_jct_34.5871:136.5402:77,77.0,34.58713,136.54015
2920,3488,kansai_jct_34.5317:136.5269:77,77.0,34.53175,136.52693
2921,3489,kansai_jct_34.5655:136.5597:77,77.0,34.56547,136.55973
2922,3490,kansai_jct_34.5991:136.5473:77,77.0,34.59909,136.5473
2923,3491,kansai_jct_34.6045:136.554:77,77.0,34.60445,136.55404
2924,3492,kansai_jct_34.5971:136.5497:77,77.0,34.59705,136.54972
2925,3493,kansai_jct_34.5275:135.755:66,66.0,34.52753,135.75496
2926,3494,kansai_jct_34.383:135.7929:66,66.0,34.38295,135.79289
2927,3495,kansai_jct_34.4365:135.7652:0,66.0,34.43647,135.76516
2928,3496,kansai_jct_34.618:135.846:77,77.0,34.61797,135.84596
2929,3499,kansai_jct_34.3385:135.7236:77,77.0,34.33847,135.72355
2930,3500,kansai_jct_34.3158:135.7293:77,77.0,34.31582,135.72932
2931,3502,kansai_jct_34.1307:135.7672:66,66.0,34.13073,135.76723
2932,3503,kansai_jct_33.8817:135.9448:275,275.0,33.88167,135.94477
2933,3504,kansai_jct_33.7136:135.9814:275,275.0,33.71361,135.98135
2934,3505,kansai_jct_33.6785:135.9674:275,275.0,33.67847,135.96744
2935,3507,kansai_jct_33.7454:135.9914:275,275.0,33.74543,135.99138
2936,3508,kansai_jct_33.7333:136.0076:275,275.0,33.73333,136.00763
2937,3509,kansai_jct_34.3213:135.7038:77,77.0,34.32127,135.70381
2938,3510,kansai_jct_34.2878:135.7411:77,77.0,34.2878,135.74111
2939,3511,kansai_jct_33.4792:135.7821:0,66.0,33.47921,135.7821
2940,3512,kansai_jct_33.522:135.8483:0,66.0,33.52199,135.84834
2941,3513,kansai_jct_34.4905:136.5533:77,77.0,34.49051,136.55332
2942,3514,kansai_jct_34.6093:135.7692:77,77.0,34.60931,135.76923
2943,3515,kansai_jct_33.96:136.0017:275,275.0,33.96002,136.00169
2944,3520,kansai_jct_33.5872:135.6906:0,66.0,33.58718,135.69057
2945,3521,kansai_jct_34.1306:135.7674:66,66.0,34.13063,135.76742
2946,3522,kansai_jct_34.1337:135.6948:66,66.0,34.13371,135.6948
2947,3524,kansai_jct_34.6223:135.8034:77,77.0,34.6223,135.80335
2948,3525,kansai_jct_34.4735:135.7713:66,66.0,34.47355,135.77129
2949,3526,kansai_jct_34.4452:135.7449:0,66.0,34.44522,135.74495
2950,3527,kansai_jct_35.451:135.3982:0,66.0,35.45104,135.39821
2951,3528,kansai_jct_34.8278:135.3279:275,275.0,34.82778,135.32788
2952,3529,kansai_jct_34.9054:135.3874:275,275.0,34.90545,135.38737
2953,3530,kansai_jct_34.879:135.5122:275,275.0,34.87902,135.51221
2954,3531,kansai_jct_34.6214:135.6124:154,154.0,34.62139,135.61237
2955,3532,kansai_jct_34.8415:135.5606:154,154.0,34.84151,135.56062
2956,3533,kansai_jct_34.8182:135.5245:0,66.0,34.8182,135.52454
2957,3534,kansai_jct_34.7806:135.4988:154,154.0,34.78065,135.4988
2958,3535,kansai_jct_34.7333:135.3876:154,154.0,34.73333,135.38756
2959,3536,kansai_jct_34.7473:135.3874:154,154.0,34.74732,135.38736
2960,3537,kansai_jct_34.7621:135.4113:77,77.0,34.76211,135.41128
2961,3538,kansai_jct_34.8279:135.3926:275,275.0,34.8279,135.39263
2962,3539,kansai_jct_34.7694:135.4414:77,77.0,34.76944,135.4414
2963,3540,kansai_jct_34.6513:135.6125:154,154.0,34.65132,135.61255
2964,3541,kansai_jct_34.6137:135.6271:154,154.0,34.61369,135.62711
2965,3542,kansai_jct_34.7141:135.7111:154,154.0,34.71415,135.71114
2966,3543,kansai_jct_34.6995:135.6515:154,154.0,34.69953,135.65152
2967,3544,kansai_jct_34.8141:135.7377:275,275.0,34.81406,135.73768
2968,3545,kansai_jct_34.8521:135.6905:275,275.0,34.85213,135.6905
2969,3546,kansai_jct_34.733:135.7023:154,154.0,34.73301,135.70226
2970,3547,kansai_jct_34.7379:135.6086:154,154.0,34.73791,135.60857
2971,3548,kansai_jct_34.7212:135.201:77,77.0,34.72117,135.20104
2972,3549,kansai_jct_34.9605:135.0939:500,500.0,34.96051,135.09387
2973,3550,kansai_jct_34.9627:135.0936:500,500.0,34.96267,135.09361
2974,3551,kansai_jct_34.6983:135.1452:77,77.0,34.69835,135.14521
2975,3552,kansai_jct_34.7074:135.165:77,77.0,34.70739,135.16502
2976,3553,kansai_jct_34.9208:135.1199:275,275.0,34.92084,135.11986
2977,3554,kansai_jct_34.8995:135.155:275,275.0,34.89952,135.15505
2978,3555,kansai_jct_34.8135:135.1658:275,275.0,34.81349,135.16582
2979,3556,kansai_jct_34.8302:134.8843:275,275.0,34.83016,134.88425
2980,3559,kansai_jct_34.7646:134.9654:275,275.0,34.76462,134.96535
2981,3562,kansai_jct_34.6835:135.1475:77,77.0,34.68348,135.14746
2982,3563,kansai_jct_34.6978:135.1449:77,77.0,34.69776,135.14488
2983,3564,kansai_jct_34.7037:135.4086:77,77.0,34.70373,135.40864
2984,3565,kansai_jct_34.7003:135.4054:77,77.0,34.70031,135.40535
2985,3566,kansai_jct_34.7037:135.4086:66,66.0,34.70373,135.40864
2986,3567,kansai_jct_34.61:135.5896:154,154.0,34.61,135.58958
2987,3568,kansai_jct_34.8671:135.6232:77,77.0,34.86715,135.62318
2988,3569,kansai_jct_34.8425:135.6335:77,77.0,34.84254,135.63354
2989,3570,kansai_jct_34.7657:135.5636:77,77.0,34.76567,135.56362
2990,3571,kansai_jct_34.873:135.5641:0,66.0,34.873,135.56412
2991,3572,kansai_jct_34.7974:135.6077:77,77.0,34.79738,135.60772
2992,3573,kansai_jct_34.6827:135.6223:77,77.0,34.68268,135.62231
2993,3574,kansai_jct_34.8745:135.571:77,77.0,34.87445,135.57103
2994,3575,kansai_jct_34.8733:135.5719:77,77.0,34.87329,135.57188
2995,3576,kansai_jct_34.853:135.5685:154,154.0,34.85297,135.56852
2996,3579,kansai_jct_34.709:135.6504:275,275.0,34.70897,135.65038
2997,3580,kansai_jct_34.7214:135.0875:275,275.0,34.72141,135.08751
2998,3581,kansai_jct_34.7508:135.1758:275,275.0,34.75084,135.17584
2999,3584,kansai_jct_34.6735:135.6351:77,77.0,34.67352,135.63507
3000,3585,kansai_jct_34.6673:135.6326:154,154.0,34.66725,135.63262
3001,3586,kansai_jct_34.6988:135.6509:154,275.0,34.69878,135.65088
3002,3587,kansai_jct_34.872:135.6289:77,77.0,34.87197,135.62892
3003,3588,kansai_jct_34.9581:135.6925:77,77.0,34.95811,135.69247
3004,3589,kansai_jct_34.9732:134.5657:500,500.0,34.97321,134.56571
3005,3590,kansai_jct_34.9501:134.3733:500,500.0,34.95013,134.37331
3006,3591,kansai_jct_34.8595:134.4277:275,275.0,34.85947,134.42768
3007,3592,kansai_jct_35.2081:134.1883:500,500.0,35.20813,134.18828
3008,3593,kansai_jct_34.8037:134.6002:77,77.0,34.80366,134.60019
3009,3594,kansai_jct_34.7937:134.5937:77,77.0,34.79372,134.59374
3010,3595,kansai_jct_34.8303:134.6659:77,77.0,34.83027,134.66595
3011,3596,kansai_jct_34.7976:134.602:77,77.0,34.79757,134.60199
3012,3597,kansai_jct_34.802:134.6016:77,77.0,34.80201,134.60161
3013,3598,kansai_jct_34.8291:134.5032:77,77.0,34.8291,134.50323
3014,3599,kansai_jct_34.6943:135.4261:77,77.0,34.69426,135.42607
3015,3600,kansai_jct_34.7576:134.7655:275,275.0,34.75764,134.76549
3016,3601,kansai_jct_34.6947:135.3901:77,77.0,34.69474,135.39011
3017,3602,kansai_jct_34.8579:135.4329:77,77.0,34.85787,135.43288
3018,3603,kansai_jct_34.864:135.4499:77,77.0,34.86397,135.44988
3019,3604,kansai_jct_34.8567:134.5711:77,77.0,34.85672,134.57115
3020,3605,kansai_jct_34.6702:135.4662:154,154.0,34.67018,135.46618
3021,3606,kansai_jct_35.559:135.2538:275,275.0,35.55898,135.2538
3022,3607,kansai_jct_35.354:135.1089:500,500.0,35.35405,135.10894
3023,3608,kansai_jct_35.4813:135.4697:500,500.0,35.48132,135.46966
3024,3609,kansai_jct_35.3055:135.1917:77,77.0,35.30555,135.19169
3025,3610,kansai_jct_35.3427:135.2501:77,77.0,35.34273,135.25013
3026,3611,kansai_jct_35.5052:135.2143:77,77.0,35.50524,135.21432
3027,3612,kansai_jct_35.3018:135.188:77,77.0,35.3018,135.18805
3028,3613,kansai_jct_35.5686:135.1351:77,77.0,35.56865,135.13507
3029,3614,kansai_jct_35.3892:135.3308:77,77.0,35.38923,135.33081
3030,3615,kansai_jct_35.5242:135.3449:500,500.0,35.52424,135.34489
3031,3616,kansai_jct_34.8108:134.9596:275,275.0,34.81079,134.95963
3032,3617,kansai_jct_35.2731:135.1294:77,77.0,35.27306,135.12938
3033,3618,kansai_jct_34.6704:135.0828:77,77.0,34.67038,135.08278
3034,3619,kansai_jct_34.6704:135.0828:66,66.0,34.67038,135.08278
3035,3620,kansai_jct_34.6779:135.1208:77,77.0,34.67791,135.12081
3036,3621,kansai_jct_34.6776:135.1247:77,77.0,34.67764,135.12467
3037,3622,kansai_jct_34.8219:134.8644:275,275.0,34.82189,134.86443
3038,3623,kansai_jct_34.8537:134.6744:275,275.0,34.85368,134.67442
3039,3624,kansai_jct_34.8657:134.6876:275,275.0,34.86574,134.68764
3040,3625,kansai_jct_34.8421:134.7998:275,275.0,34.8421,134.79983
3041,3626,kansai_jct_34.8192:134.7611:275,275.0,34.81918,134.76106
3042,3627,kansai_jct_34.8662:134.696:275,275.0,34.8662,134.696
3043,3628,kansai_jct_34.8085:135.6146:77,77.0,34.80852,135.61461
3044,3630,kansai_jct_34.7666:135.4206:154,154.0,34.76656,135.42058
3045,3631,kansai_jct_34.7606:135.4397:0,66.0,34.76059,135.43973
3046,3632,kansai_jct_34.7341:135.4182:66,66.0,34.73414,135.41816
3047,3633,kansai_jct_34.789:134.5749:77,77.0,34.78903,134.57486
3048,3634,kansai_jct_34.7693:134.5792:66,66.0,34.76929,134.57919
3049,3635,kansai_jct_35.1142:135.5119:77,77.0,35.11416,135.51186
3050,3636,kansai_jct_35.2486:135.4153:77,77.0,35.24859,135.41527
3051,3637,kansai_jct_35.2624:135.4066:77,77.0,35.26242,135.40662
3052,3638,kansai_jct_35.5377:135.2161:0,66.0,35.53767,135.21608
3053,3641,kansai_jct_35.4607:134.8555:77,77.0,35.46073,134.85553
3054,3642,kansai_jct_35.5574:134.8409:77,77.0,35.55738,134.84088
3055,3645,kansai_jct_35.5937:134.653:77,77.0,35.59375,134.65296
3056,3646,kansai_jct_34.784:134.6936:275,275.0,34.78401,134.69363
3057,3647,kansai_jct_34.7838:134.6975:275,275.0,34.78377,134.69746
3058,3648,kansai_jct_34.784:134.6933:275,275.0,34.78401,134.69327
3059,3649,kansai_jct_34.8045:134.713:275,275.0,34.80447,134.713
3060,3650,kansai_jct_34.8096:134.6907:77,77.0,34.80964,134.69071
3061,3651,kansai_jct_34.8074:134.6972:77,77.0,34.80742,134.69719
3062,3652,kansai_jct_34.9083:135.159:275,275.0,34.90829,135.15901
3063,3653,kansai_jct_34.9358:135.108:77,77.0,34.93584,135.10799
3064,3654,kansai_jct_34.7868:134.969:77,77.0,34.78682,134.96896
3065,3655,kansai_jct_34.771:134.8825:77,77.0,34.771,134.88247
3066,3656,kansai_jct_34.7693:134.8854:77,77.0,34.76934,134.88536
3067,3657,kansai_jct_34.7863:134.9658:77,77.0,34.78626,134.96581
3068,3658,kansai_jct_34.7844:135.0446:77,77.0,34.78442,135.04456
3069,3659,kansai_jct_34.7589:134.8212:77,77.0,34.75893,134.82116
3070,3660,kansai_jct_34.7765:134.7902:77,77.0,34.77653,134.79024
3071,3661,kansai_jct_34.7101:134.8588:77,77.0,34.71007,134.8588
3072,3662,kansai_jct_34.6968:134.8768:77,77.0,34.6968,134.87677
3073,3663,kansai_jct_34.8665:135.6303:77,77.0,34.86647,135.63032
3074,3664,kansai_jct_34.8645:135.6296:77,77.0,34.86446,135.62956
3075,3665,kansai_jct_34.839:134.5126:77,77.0,34.83896,134.5126
3076,3666,kansai_jct_34.85:134.5438:77,77.0,34.85,134.54377
3077,3667,kansai_jct_34.8242:134.4702:77,77.0,34.8242,134.47023
3078,3668,kansai_jct_34.7932:134.5141:77,77.0,34.79319,134.51407
3079,3669,kansai_jct_34.7758:134.4277:77,77.0,34.7758,134.4277
3080,3670,kansai_jct_34.8537:134.5459:77,77.0,34.85368,134.54594
3081,3671,kansai_jct_35.0003:134.5612:275,275.0,35.00033,134.56117
3082,3675,kansai_jct_34.7442:135.2809:77,77.0,34.74419,135.28089
3083,3678,kansai_jct_35.2189:134.5234:0,66.0,35.21885,134.52336
3084,3679,kansai_jct_35.1648:134.5415:0,66.0,35.16475,134.54148
3085,3680,kansai_jct_35.1594:134.5384:0,66.0,35.15936,134.53845
3086,3681,kansai_jct_35.1707:134.4478:0,66.0,35.17074,134.44776
3087,3682,kansai_jct_35.1143:134.5805:0,66.0,35.11426,134.58052
3088,3683,kansai_jct_35.1142:134.5806:275,275.0,35.11418,134.5806
3089,3684,kansai_jct_35.5569:134.7781:77,77.0,35.55687,134.7781
3090,3685,kansai_jct_35.4597:134.8554:77,77.0,35.45972,134.85536
3091,3686,kansai_jct_35.457:134.8557:77,77.0,35.45697,134.85568
3092,3687,kansai_jct_35.4731:134.784:77,77.0,35.47312,134.78397
3093,3688,kansai_jct_35.5102:135.1706:77,77.0,35.51019,135.17062
3094,3689,kansai_jct_35.2273:135.0907:77,77.0,35.22734,135.09074
3095,3690,kansai_jct_35.1639:135.0525:77,77.0,35.1639,135.05255
3096,3691,kansai_jct_35.0777:134.991:77,77.0,35.07771,134.99103
3097,3692,kansai_jct_34.7584:135.1669:275,275.0,34.75839,135.16693
3098,3693,kansai_jct_34.7593:135.1587:275,275.0,34.7593,135.15868
3099,3694,kansai_jct_35.0613:134.5922:0,66.0,35.06134,134.59216
3100,3695,kansai_jct_35.2837:135.1651:77,77.0,35.28368,135.16515
3101,3698,kansai_jct_34.7186:134.9697:0,77.0,34.71858,134.96969
3102,3699,kansai_jct_34.7055:134.9654:0,66.0,34.70552,134.96539
3103,3700,kansai_jct_34.7418:134.9334:0,66.0,34.7418,134.9334
3104,3703,kansai_jct_34.7417:135.2747:77,77.0,34.7417,135.27472
3105,3704,kansai_jct_34.7421:135.2818:77,77.0,34.74207,135.28184
3106,3705,kansai_jct_35.3076:135.258:77,77.0,35.3076,135.25802
3107,3706,kansai_jct_35.4655:135.6019:0,66.0,35.46545,135.60191
3108,3707,kansai_jct_35.4621:135.414:0,66.0,35.46212,135.414
3109,3708,kansai_jct_35.485:135.0924:77,77.0,35.48499,135.09239
3110,3709,kansai_jct_34.7952:134.6859:77,77.0,34.79523,134.68586
3111,3710,kansai_jct_34.7932:134.6477:77,77.0,34.7932,134.64775
3112,3711,kansai_jct_34.7824:134.6058:0,66.0,34.78235,134.60577
3113,3714,kansai_jct_34.9106:134.9277:77,77.0,34.91063,134.9277
3114,3715,kansai_jct_34.853:134.8892:77,77.0,34.853,134.88924
3115,3716,kansai_jct_34.9158:134.927:77,77.0,34.9158,134.92696
3116,3717,kansai_jct_34.9113:134.9494:77,77.0,34.91128,134.94943
3117,3718,kansai_jct_34.9079:134.9595:77,77.0,34.90792,134.95951
3118,3719,kansai_jct_34.914:134.9061:77,77.0,34.91401,134.90615
3119,3720,kansai_jct_34.9413:134.9446:77,77.0,34.94127,134.94463
3120,3723,kansai_jct_34.7329:135.2749:77,77.0,34.7329,135.27488
3121,3724,kansai_jct_34.7119:135.1797:77,77.0,34.71193,135.17974
3122,3725,kansai_jct_34.721:135.2013:77,77.0,34.72102,135.20132
3123,3726,kansai_jct_34.7241:135.2155:77,77.0,34.72412,135.21548
3124,3727,kansai_jct_34.7259:135.2186:77,77.0,34.72594,135.21859
3125,3728,kansai_jct_34.7255:135.1579:77,77.0,34.72546,135.15787
3126,3729,kansai_jct_34.7297:135.1676:0,66.0,34.72968,135.16762
3127,3730,kansai_jct_35.3015:135.0778:77,77.0,35.30145,135.07779
3128,3731,kansai_jct_35.2843:135.101:77,77.0,35.28428,135.10104
3129,3732,kansai_jct_35.3509:134.8775:77,77.0,35.35092,134.87752
3130,3733,kansai_jct_35.2876:135.1111:77,77.0,35.28762,135.11107
3131,3734,kansai_jct_35.2766:135.0794:77,77.0,35.27655,135.07945
3132,3735,kansai_jct_35.6128:134.4671:0,66.0,35.61281,134.46714
3133,3738,kansai_jct_34.9327:134.7753:77,77.0,34.93269,134.77534
3134,3739,kansai_jct_35.1124:135.5151:77,77.0,35.11236,135.51512
3135,3740,kansai_jct_35.1155:135.5183:77,77.0,35.11552,135.51834
3136,3741,kansai_jct_35.0468:135.583:77,77.0,35.04683,135.583
3137,3742,kansai_jct_35.006:135.6177:77,77.0,35.006,135.61771
3138,3743,kansai_jct_34.9873:135.642:77,77.0,34.98735,135.64202
3139,3744,kansai_jct_34.7553:135.5797:77,77.0,34.75525,135.57967
3140,3746,kansai_jct_34.7071:135.3933:77,77.0,34.7071,135.39325
3141,3747,kansai_jct_34.7713:135.4213:66,66.0,34.77127,135.4213
3142,3749,kansai_jct_34.9381:134.7208:275,275.0,34.93807,134.72084
3143,3750,kansai_jct_34.8947:134.7058:275,275.0,34.89469,134.70583
3144,3751,kansai_jct_34.9387:134.7255:275,275.0,34.93872,134.72549
3145,3752,kansai_jct_34.71:135.1639:77,77.0,34.70998,135.16393
3146,3753,kansai_jct_34.7208:135.1988:77,77.0,34.72076,135.19876
3147,3754,kansai_jct_34.7209:135.2011:77,77.0,34.72093,135.2011
3148,3755,kansai_jct_34.711:135.2025:77,77.0,34.71099,135.20254
3149,3757,kansai_jct_34.7327:135.1258:77,77.0,34.73271,135.12583
3150,3758,kansai_jct_34.7161:135.0865:77,77.0,34.7161,135.08646
3151,3759,kansai_jct_34.7481:135.5373:77,77.0,34.74812,135.53734
3152,3760,kansai_jct_34.7219:135.2223:77,77.0,34.72193,135.22227
3153,3761,kansai_jct_34.7219:135.2221:77,77.0,34.7219,135.22215
3154,3762,kansai_jct_34.7218:135.2223:77,77.0,34.72183,135.22234
3155,3763,kansai_jct_34.7218:135.2221:77,77.0,34.72176,135.22213
3156,3764,kansai_jct_34.7118:135.202:77,77.0,34.71184,135.20198
3157,3765,kansai_jct_34.7108:135.2028:77,77.0,34.71078,135.20285
3158,3766,kansai_jct_35.405:134.8737:77,77.0,35.405,134.87368
3159,3767,kansai_jct_35.3912:134.812:77,77.0,35.3912,134.81195
3160,3768,kansai_jct_35.2844:134.8322:77,77.0,35.28441,134.83216
3161,3769,kansai_jct_35.238:134.8572:77,77.0,35.23796,134.85716
3162,3770,kansai_jct_35.237:134.8564:500,500.0,35.237,134.85641
3163,3773,kansai_jct_34.7935:134.8377:77,77.0,34.79353,134.83768
3164,3774,kansai_jct_35.439:135.3394:0,66.0,35.43902,135.33941
3165,3775,kansai_jct_35.4726:135.3697:0,66.0,35.47261,135.36973
3166,3776,kansai_jct_35.2614:135.4591:77,77.0,35.26142,135.45907
3167,3777,kansai_jct_34.7577:135.6424:77,77.0,34.75769,135.64245
3168,3778,kansai_jct_34.7696:135.6308:77,77.0,34.7696,135.63077
3169,3779,kansai_jct_35.5413:135.649:0,66.0,35.54134,135.649
3170,3780,kansai_jct_34.8588:135.6413:77,77.0,34.8588,135.64134
3171,3781,kansai_jct_34.8662:135.627:77,77.0,34.86624,135.62698
3172,3782,kansai_jct_34.6676:135.6332:0,66.0,34.66758,135.63317
3173,3783,kansai_jct_34.6494:135.5889:77,77.0,34.64938,135.58889
3174,3784,kansai_jct_34.728:134.8557:77,77.0,34.72804,134.85567
3175,3785,kansai_jct_34.7297:134.8526:66,66.0,34.72967,134.85259
3176,3786,kansai_jct_34.6964:134.9284:0,66.0,34.69635,134.92836
3177,3787,kansai_jct_34.6921:134.9279:0,66.0,34.6921,134.92788
3178,3788,kansai_jct_34.6909:134.9389:0,66.0,34.69087,134.93892
3179,3789,kansai_jct_34.714:134.8844:0,66.0,34.71403,134.88442
3180,3790,kansai_jct_34.7071:134.8704:0,66.0,34.7071,134.87039
3181,3791,kansai_jct_34.7555:134.7957:77,77.0,34.75547,134.79572
3182,3792,kansai_jct_34.7584:134.7831:77,77.0,34.75838,134.78305
3183,3793,kansai_jct_34.757:134.7655:275,275.0,34.75702,134.76551
3184,3794,kansai_jct_34.7575:134.7643:275,275.0,34.75751,134.76433
3185,3799,kansai_jct_34.8187:134.6984:77,77.0,34.81868,134.69844
3186,3800,kansai_jct_34.8908:134.7304:275,275.0,34.89078,134.7304
3187,3801,kansai_jct_34.8872:134.7333:275,275.0,34.88718,134.73326
3188,3802,kansai_jct_34.8896:134.7327:0,66.0,34.88958,134.73265
3189,3803,kansai_jct_34.8934:134.7243:66,66.0,34.89338,134.72433
3190,3804,kansai_jct_35.0584:134.746:66,275.0,35.05844,134.74602
3191,3805,kansai_jct_35.0899:134.7418:66,66.0,35.08993,134.74176
3192,3806,kansai_jct_35.0752:134.8826:77,77.0,35.07516,134.88257
3193,3807,kansai_jct_35.0314:134.9216:77,77.0,35.03137,134.92165
3194,3808,kansai_jct_34.9833:134.9484:77,77.0,34.98329,134.94836
3195,3809,kansai_jct_34.9293:134.8598:77,77.0,34.92931,134.85983
3196,3810,kansai_jct_34.9162:134.8596:77,77.0,34.91623,134.8596
3197,3811,kansai_jct_34.9896:134.9579:77,77.0,34.98963,134.95789
3198,3812,kansai_jct_35.004:134.9684:77,77.0,35.00399,134.96837
3199,3813,kansai_jct_35.2162:135.1354:77,77.0,35.21617,135.13537
3200,3814,kansai_jct_35.1923:135.1352:77,77.0,35.19226,135.13515
3201,3815,kansai_jct_35.2258:135.133:77,77.0,35.2258,135.133
3202,3816,kansai_jct_35.263:135.1332:77,77.0,35.26304,135.13323
3203,3817,kansai_jct_35.2557:135.1225:77,77.0,35.25575,135.12251
3204,3818,kansai_jct_35.2375:135.1587:77,77.0,35.23747,135.15874
3205,3820,kansai_jct_34.6955:135.1661:77,77.0,34.69553,135.1661
3206,3821,kansai_jct_34.7812:134.7821:77,77.0,34.78117,134.78207
3207,3822,kansai_jct_34.781:134.781:77,77.0,34.78102,134.78102
3208,3827,kansai_jct_34.7693:135.4472:154,154.0,34.76926,135.44724
3209,3828,kansai_jct_34.767:135.4512:154,154.0,34.76704,135.45121
3210,3829,kansai_jct_35.1647:134.5429:0,66.0,35.1647,134.54285
3211,3830,kansai_jct_35.0102:134.5852:275,275.0,35.01016,134.58515
3212,3831,kansai_jct_34.8644:134.4251:500,500.0,34.86436,134.42509
3213,3832,kansai_jct_34.7583:134.8654:77,77.0,34.75825,134.86541
3214,3833,kansai_jct_34.6558:134.9598:0,66.0,34.65577,134.95975
3215,3834,kansai_jct_34.7691:134.7727:77,77.0,34.76911,134.77274
3216,3835,kansai_jct_34.8703:134.9609:77,77.0,34.87032,134.96091
3217,3836,kansai_jct_34.8698:134.9641:77,77.0,34.86985,134.96414
3218,3837,kansai_jct_34.8687:134.9606:77,77.0,34.86872,134.9606
3219,3838,kansai_jct_34.8443:134.9269:77,77.0,34.84433,134.9269
3220,3839,kansai_jct_34.7777:135.5807:154,154.0,34.77772,135.58066
3221,3840,kansai_jct_34.6909:135.4529:154,154.0,34.69092,135.45292
3222,3847,kansai_jct_35.3903:134.8022:66,66.0,35.39029,134.80221
3223,3848,kansai_jct_35.4692:134.7657:66,66.0,35.46922,134.76571
3224,3849,kansai_jct_35.463:134.7418:66,66.0,35.46298,134.7418
3225,3850,kansai_jct_35.479:134.7061:66,66.0,35.47897,134.70615
3226,3851,kansai_jct_35.5173:134.8098:77,77.0,35.51733,134.80982
3227,3852,kansai_jct_35.5616:134.5897:66,66.0,35.56162,134.58965
3228,3853,kansai_jct_35.5615:134.5898:66,66.0,35.56151,134.58983
3229,3854,kansai_jct_35.518:134.806:77,77.0,35.51799,134.80602
3230,3855,kansai_jct_35.4766:134.7809:66,66.0,35.47661,134.78089
3231,3856,kansai_jct_35.4613:134.7418:66,66.0,35.46134,134.74179
3232,3857,kansai_jct_35.4605:134.7694:66,66.0,35.46047,134.76945
3233,3860,kansai_jct_35.0209:134.9823:77,77.0,35.02089,134.98226
3234,3861,kansai_jct_34.7328:135.4642:0,66.0,34.73284,135.46415
3235,3862,kansai_jct_34.7037:135.4482:0,66.0,34.7037,135.44824
3236,3863,kansai_jct_35.3387:134.6682:66,66.0,35.33873,134.66818
3237,3864,kansai_jct_35.2782:136.81:77,77.0,35.2782,136.80999
3238,3865,kansai_jct_34.6249:135.8033:77,77.0,34.62485,135.80334
3239,3866,kansai_jct_34.6916:135.7156:77,77.0,34.69158,135.71565
3240,3867,kansai_jct_34.7277:135.759:77,77.0,34.7277,135.75897
3241,3868,kansai_jct_35.3269:136.8201:154,154.0,35.32691,136.82013
3242,3869,kansai_jct_34.8041:135.7608:154,154.0,34.80413,135.76085
3243,3870,kansai_jct_34.8273:135.7885:154,154.0,34.82732,135.78849
3244,3871,kansai_jct_35.5054:136.8698:275,275.0,35.50536,136.86981
3245,3872,kansai_jct_34.6878:135.719:77,77.0,34.68782,135.71904
3246,3873,kansai_jct_34.7459:135.6895:275,275.0,34.74593,135.68949
3247,3874,kansai_jct_35.6359:136.9617:500,500.0,35.63595,136.96166
3248,3875,kansai_jct_35.9486:137.2623:154,154.0,35.94864,137.26227
3249,3876,kansai_jct_35.8499:136.8733:275,275.0,35.84992,136.87332
3250,3877,kansai_jct_34.9066:135.8199:154,154.0,34.90662,135.81991
3251,3878,kansai_jct_34.8926:135.8195:154,154.0,34.89256,135.81951
3252,3879,kansai_jct_34.9166:135.8708:154,154.0,34.91664,135.87082
3253,3880,kansai_jct_35.9952:136.4161:500,500.0,35.99524,136.41612
3254,3881,kansai_jct_35.0446:136.0074:0,154.0,35.04456,136.00738
3255,3882,kansai_jct_34.9665:135.8867:154,154.0,34.96655,135.88675
3256,3883,kansai_jct_34.9612:135.8925:154,154.0,34.96124,135.8925
3257,3884,kansai_jct_34.955:135.9061:154,154.0,34.95498,135.90606
3258,3885,kansai_jct_34.9757:135.8841:154,154.0,34.97572,135.8841
3259,3886,kansai_jct_34.9737:135.8847:154,154.0,34.97366,135.88468
3260,3887,kansai_jct_34.9576:135.8895:154,154.0,34.9576,135.88947
3261,3888,kansai_jct_34.9932:135.9629:154,154.0,34.99323,135.96287
3262,3889,kansai_jct_34.9661:135.9205:154,154.0,34.9661,135.92048
3263,3890,kansai_jct_34.9632:135.9177:154,154.0,34.96319,135.91769
3264,3891,kansai_jct_34.954:135.9042:154,154.0,34.95401,135.90422
3265,3892,kansai_jct_35.0017:135.8708:154,154.0,35.00167,135.8708
3266,3893,kansai_jct_35.0097:135.8342:154,154.0,35.00972,135.83421
3267,3894,kansai_jct_35.0078:135.8297:154,154.0,35.00776,135.82972
3268,3895,kansai_jct_34.9135:135.8447:154,154.0,34.91355,135.84474
3269,3896,kansai_jct_34.9027:135.8519:154,154.0,34.9027,135.85194
3270,3897,kansai_jct_34.9786:135.8453:154,154.0,34.97857,135.8453
3271,3898,kansai_jct_34.9838:135.8463:154,154.0,34.98383,135.84626
3272,3899,kansai_jct_34.9889:135.8466:154,154.0,34.98892,135.84657
3273,3900,kansai_jct_34.9651:135.9668:275,275.0,34.96514,135.9668
3274,3901,kansai_jct_35.0338:135.8452:77,77.0,35.03381,135.84516
3275,3902,kansai_jct_35.0324:135.8448:0,66.0,35.03244,135.8448
3276,3903,kansai_jct_35.0048:135.8344:77,77.0,35.00481,135.8344
3277,3904,kansai_jct_34.9846:135.8391:154,154.0,34.98464,135.83911
3278,3905,kansai_jct_34.7327:135.7025:154,154.0,34.73269,135.70254
3279,3906,kansai_jct_34.9991:135.9713:154,154.0,34.99909,135.97127
3280,3907,kansai_jct_35.0006:135.9778:154,154.0,35.00064,135.97782
3281,3908,kansai_jct_35.3587:136.9615:154,154.0,35.3587,136.96152
3282,3909,kansai_jct_35.2586:136.8659:154,154.0,35.25859,136.8659
3283,3910,kansai_jct_34.8924:135.71:77,77.0,34.89236,135.71001
3284,3911,kansai_jct_34.9599:135.7123:77,77.0,34.95992,135.71234
3285,3912,kansai_jct_34.9589:135.7094:77,77.0,34.95892,135.70944
3286,3913,kansai_jct_35.3341:136.7992:0,66.0,35.33406,136.79918
3287,3914,kansai_jct_35.328:136.8214:0,66.0,35.32796,136.82144
3288,3915,kansai_jct_34.7274:135.8213:77,77.0,34.72739,135.82131
3289,3916,kansai_jct_36.494:136.9164:275,275.0,36.49402,136.91639
3290,3917,kansai_jct_34.8814:135.8166:154,154.0,34.88139,135.81664
3291,3918,kansai_jct_34.8811:135.8172:154,154.0,34.8811,135.81717
3292,3920,kansai_jct_34.6226:135.7881:77,77.0,34.62258,135.78812
3293,3921,kansai_jct_34.6237:135.7881:77,77.0,34.62374,135.78815
3294,3922,kansai_jct_34.6695:135.7984:77,77.0,34.66953,135.7984
3295,3923,kansai_jct_34.6179:135.847:77,77.0,34.61789,135.84703
3296,3924,kansai_jct_35.1469:135.9019:154,154.0,35.14692,135.90191
3297,3925,kansai_jct_35.001:135.8287:154,154.0,35.001,135.82872
3298,3926,kansai_jct_34.9453:135.7534:66,66.0,34.94532,135.75343
3299,3927,kansai_jct_35.5271:136.9352:275,275.0,35.5271,136.93516
3300,3928,kansai_jct_34.9729:135.9654:154,154.0,34.97293,135.96543
3301,3929,kansai_jct_34.9842:135.8396:154,154.0,34.98418,135.83955
3302,3930,kansai_jct_34.9842:135.8391:154,154.0,34.98418,135.83906
3303,3931,kansai_jct_35.7304:135.995:275,275.0,35.73035,135.99497
3304,3932,kansai_jct_34.7493:135.8284:66,66.0,34.74932,135.82836
3305,3933,kansai_jct_34.8746:135.7123:77,77.0,34.87455,135.71226
3306,3934,kansai_jct_34.8587:135.7092:77,77.0,34.85869,135.70921
3307,3935,kansai_jct_35.523:135.8408:77,77.0,35.52297,135.84078
3308,3936,kansai_jct_35.519:135.9112:77,77.0,35.51897,135.91122
3309,3937,kansai_jct_35.521:135.8417:77,77.0,35.52096,135.8417
3310,3938,kansai_jct_35.4913:135.7537:77,77.0,35.49129,135.7537
3311,3939,kansai_jct_35.5135:135.904:77,77.0,35.5135,135.90398
3312,3940,kansai_jct_35.704:135.9643:275,275.0,35.70398,135.96427
3313,3941,kansai_jct_34.8588:135.7067:77,77.0,34.85877,135.7067
3314,3942,kansai_jct_35.9018:136.1558:0,66.0,35.90176,136.15576
3315,3943,kansai_jct_34.8048:135.6916:77,77.0,34.80478,135.69164
3316,3944,kansai_jct_34.9657:135.8191:77,77.0,34.96571,135.81908
3317,3945,kansai_jct_34.9669:135.8346:77,77.0,34.96692,135.83456
3318,3946,kansai_jct_35.0098:135.9841:154,154.0,35.00981,135.98412
3319,3947,kansai_jct_34.8663:135.8021:154,154.0,34.86626,135.80214
3320,3948,kansai_jct_34.8734:135.6808:0,66.0,34.87338,135.68078
3321,3949,kansai_jct_35.0185:135.9898:154,154.0,35.01853,135.98981
3322,3950,kansai_jct_34.9502:135.9844:0,66.0,34.95024,135.98439
3323,3951,kansai_jct_35.7933:136.188:154,154.0,35.79329,136.188
3324,3952,kansai_jct_35.1487:135.9032:154,154.0,35.14871,135.90317
3325,3953,kansai_jct_35.1214:135.9151:77,77.0,35.12139,135.91506
3326,3954,kansai_jct_34.827:135.698:77,77.0,34.82695,135.69798
3327,3955,kansai_jct_35.0277:135.8508:0,66.0,35.02766,135.85078
3328,3956,kansai_jct_34.62:135.7525:66,66.0,34.62005,135.75253
3329,3957,kansai_jct_34.8096:135.6836:77,77.0,34.80961,135.68359
3330,3958,kansai_jct_35.243:135.9625:77,77.0,35.24297,135.96245
3331,3959,kansai_jct_35.0099:135.7887:154,154.0,35.00992,135.78866
3332,3960,kansai_jct_35.0099:135.7887:77,77.0,35.00986,135.78869
3333,3961,kansai_jct_35.4662:136.8062:0,66.0,35.46615,136.80622
3334,3962,kansai_jct_35.5278:136.9368:500,500.0,35.52783,136.93676
3335,3963,kansai_jct_34.6883:135.806:154,154.0,34.68832,135.80605
3336,3964,kansai_jct_35.8007:136.7388:0,66.0,35.80065,136.73883
3337,3967,kansai_sub_0,275.0,34.46673,135.49738
3338,3969,kansai_sub_2,77.0,34.56413,135.59824
3339,3970,kansai_sub_3@275,275.0,34.46787,135.47162
3340,3971,kansai_sub_3@77,77.0,34.46787,135.47162
3341,3973,kansai_sub_5,77.0,34.40863,135.38656
3342,3975,kansai_sub_7,66.0,34.50975,135.55814
3343,3976,kansai_sub_8@77,77.0,34.50539,135.55714
3344,3977,kansai_sub_8@u,66.0,34.50539,135.55714
3345,3978,kansai_sub_9,275.0,34.47295,135.5643
3346,3979,kansai_sub_10,77.0,34.4789,135.55748
3347,3980,kansai_sub_11,275.0,34.42987,135.57176
3348,3981,kansai_sub_12@500,500.0,34.40253,135.58685
3349,3982,kansai_sub_12@275,275.0,34.40253,135.58685
3350,3983,kansai_sub_13,500.0,34.21324,135.50355
3351,3984,kansai_sub_14,66.0,34.29805,135.58783
3352,3988,kansai_sub_17,77.0,34.5631,135.62482
3353,3989,kansai_sub_18@66,66.0,34.54995,135.60898
3354,3990,kansai_sub_19@500,500.0,34.59761,135.64751
3355,3991,kansai_sub_19@154,154.0,34.59761,135.64751
3356,3992,kansai_sub_20,77.0,34.58588,135.49752
3357,3993,kansai_sub_21@154,154.0,34.57653,135.50676
3358,3994,kansai_sub_21@77,77.0,34.57653,135.50676
3359,3995,kansai_sub_22,77.0,34.55437,135.52041
3360,3996,kansai_sub_23@154,154.0,34.57001,135.5367
3361,3997,kansai_sub_23@77,77.0,34.57001,135.5367
3362,3998,kansai_sub_24@275,275.0,34.49721,135.6264
3363,3999,kansai_sub_24@77,77.0,34.49721,135.6264
3364,4000,kansai_sub_25,77.0,34.48339,135.51693
3365,4001,kansai_sub_26@77,77.0,34.41299,135.32552
3366,4002,kansai_sub_26@66,66.0,34.41299,135.32552
3367,4003,kansai_sub_27,77.0,34.45803,135.46903
3368,4004,kansai_sub_28,77.0,34.44791,135.56776
3369,4005,kansai_sub_29@275,275.0,34.37952,135.36167
3370,4006,kansai_sub_29@77,77.0,34.37952,135.36167
3371,4007,kansai_sub_29@66,66.0,34.37952,135.36167
3372,4008,kansai_sub_30,77.0,34.49766,135.38846
3373,4009,kansai_sub_31@77,77.0,34.46269,135.42804
3374,4010,kansai_sub_32,77.0,34.52372,135.47329
3375,4011,kansai_sub_33,77.0,34.53448,135.48458
3376,4012,kansai_sub_34,154.0,34.57564,135.51035
3377,4014,kansai_sub_36,77.0,34.501,135.39098
3378,4015,kansai_sub_37@77,77.0,34.39318,135.34918
3379,4016,kansai_sub_37@66,66.0,34.39318,135.34918
3380,4017,kansai_sub_38,77.0,34.43648,135.36501
3381,4018,kansai_sub_39,77.0,34.4152,135.34728
3382,4020,kansai_sub_41,154.0,34.55644,135.46742
3383,4021,kansai_sub_42,77.0,34.59619,135.46776
3384,4023,kansai_sub_44,77.0,34.41822,135.33059
3385,4024,kansai_sub_45,77.0,34.58925,135.50423
3386,4025,kansai_sub_46@500,500.0,34.21153,135.33666
3387,4026,kansai_sub_46@275,275.0,34.21153,135.33666
3388,4027,kansai_sub_46@77,77.0,34.21153,135.33666
3389,4029,kansai_sub_48,77.0,34.52189,135.46619
3390,4030,kansai_sub_49,66.0,34.00281,134.59004
3391,4031,kansai_sub_50,66.0,34.11705,134.51729
3392,4033,kansai_sub_52,66.0,34.59432,135.50656
3393,4034,kansai_sub_53,187.0,34.07241,134.51665
3394,4035,kansai_sub_54@275,275.0,34.4846,135.57206
3395,4036,kansai_sub_54@77,77.0,34.4846,135.57206
3396,4037,kansai_sub_55,77.0,34.2412,135.20805
3397,4038,kansai_sub_56,66.0,33.87277,134.61566
3398,4039,kansai_sub_57,77.0,33.92116,135.14829
3399,4040,kansai_sub_58@500,500.0,33.95758,135.2986
3400,4041,kansai_sub_58@77,77.0,33.95758,135.2986
3401,4042,kansai_sub_58@u,66.0,33.95758,135.2986
3402,4043,kansai_sub_59,77.0,33.89561,135.16693
3403,4044,kansai_sub_60,77.0,33.95654,135.18503
3404,4045,kansai_sub_61,77.0,34.01929,135.17636
3405,4046,kansai_sub_62,77.0,34.04101,135.18949
3406,4047,kansai_sub_63,77.0,34.07535,135.18244
3407,4048,kansai_sub_64,77.0,34.08915,135.11859
3408,4049,kansai_sub_65,77.0,34.10924,135.15232
3409,4050,kansai_sub_66,77.0,34.15145,135.205
3410,4051,kansai_sub_67,66.0,34.16414,135.30558
3411,4052,kansai_sub_68@77,77.0,34.36242,135.2712
3412,4053,kansai_sub_68@66,66.0,34.36242,135.2712
3413,4054,kansai_sub_69,77.0,34.05553,135.26201
3414,4055,kansai_sub_70@77,77.0,34.15626,135.27879
3415,4056,kansai_sub_70@66,66.0,34.15626,135.27879
3416,4058,kansai_sub_72,77.0,34.22031,135.18802
3417,4060,kansai_sub_74,77.0,33.99817,135.17785
3418,4061,kansai_sub_75,77.0,34.48777,135.42352
3419,4062,kansai_sub_76,77.0,34.46356,135.41308
3420,4063,kansai_sub_77,77.0,34.4654,135.4142
3421,4065,kansai_sub_80@66,66.0,34.12408,134.57613
3422,4066,kansai_sub_81,77.0,34.46418,135.41448
3423,4067,kansai_sub_82,77.0,34.59164,135.46377
3424,4071,kansai_sub_86@187,187.0,34.16479,134.55597
3425,4072,kansai_sub_86@66,66.0,34.16479,134.55597
3426,4073,kansai_sub_87,500.0,33.82823,134.63471
3427,4074,kansai_sub_88@275,275.0,34.31612,135.13021
3428,4075,kansai_sub_88@77,77.0,34.31612,135.13021
3429,4076,kansai_sub_89,77.0,34.57796,135.02018
3430,4077,kansai_sub_90@187,187.0,34.32259,134.73676
3431,4078,kansai_sub_90@77,77.0,34.32259,134.73676
3432,4079,kansai_sub_91,77.0,34.5298,134.98861
3433,4080,kansai_sub_92,77.0,34.32911,134.83893
3434,4081,kansai_sub_93,77.0,33.73826,135.3782
3435,4082,kansai_sub_94@77,77.0,34.5953,135.49913
3436,4083,kansai_sub_95,77.0,34.24809,135.1597
3437,4084,kansai_sub_96,77.0,34.26239,135.09013
3438,4085,kansai_sub_97,66.0,34.19125,134.60252
3439,4086,kansai_sub_98,66.0,34.18157,134.59574
3440,4087,kansai_sub_99,77.0,34.32482,135.6232
3441,4088,kansai_sub_100,77.0,34.34446,135.61093
3442,4089,kansai_sub_101,77.0,34.29691,135.47745
3443,4090,kansai_sub_102@77,77.0,34.30307,135.56587
3444,4091,kansai_sub_102@u,66.0,34.30307,135.56587
3445,4092,kansai_sub_103,77.0,34.53847,135.51027
3446,4093,kansai_sub_104,77.0,34.51095,135.43803
3447,4094,kansai_sub_105,77.0,34.55011,135.51663
3448,4095,kansai_sub_106,77.0,34.55064,135.51452
3449,4096,kansai_sub_107,154.0,34.55858,135.47496
3450,4097,kansai_sub_108,77.0,34.43789,134.8922
3451,4098,kansai_sub_109,77.0,34.59347,135.47097
3452,4100,kansai_sub_111,77.0,34.55068,135.50117
3453,4101,kansai_sub_112,77.0,34.57988,135.52417
3454,4102,kansai_sub_113,77.0,34.52038,135.45965
3455,4103,kansai_sub_114,154.0,34.56074,135.5021
3456,4104,kansai_sub_115,77.0,34.57746,135.48515
3457,4105,kansai_sub_116,66.0,34.19048,134.60159
3458,4106,kansai_sub_117@500,500.0,33.87963,134.65195
3459,4107,kansai_sub_117@187,187.0,33.87963,134.65195
3460,4108,kansai_sub_117@66,66.0,33.87963,134.65195
3461,4109,kansai_sub_118@500,500.0,33.86052,135.15507
3462,4110,kansai_sub_118@77,77.0,33.86052,135.15507
3463,4111,kansai_sub_119,77.0,34.50357,135.39541
3464,4112,kansai_sub_120,77.0,34.56608,135.53651
3465,4113,kansai_sub_121,77.0,34.34658,134.88551
3466,4116,kansai_sub_124,77.0,34.4725,135.40435
3467,4117,kansai_sub_125,77.0,34.46179,135.39376
3468,4118,kansai_sub_126,77.0,34.45245,135.36781
3469,4119,kansai_sub_127,77.0,34.59663,135.63155
3470,4120,kansai_sub_128,66.0,34.16207,134.59986
3471,4121,kansai_sub_129,66.0,34.08744,134.53987
3472,4122,kansai_sub_130,77.0,34.20929,135.20318
3473,4123,kansai_sub_131@77,77.0,34.19965,135.1764
3474,4124,kansai_sub_131@66,66.0,34.19965,135.1764
3475,4125,kansai_sub_132,77.0,34.17004,135.19679
3476,4126,kansai_sub_133,77.0,34.16959,135.19449
3477,4127,kansai_sub_134@77,77.0,33.72792,135.40303
3478,4128,kansai_sub_135@77,77.0,33.67626,135.35167
3479,4129,kansai_sub_136,77.0,34.39241,135.30463
3480,4130,kansai_sub_137@77,77.0,34.37723,135.28332
3481,4131,kansai_sub_137@66,66.0,34.37723,135.28332
3482,4132,kansai_sub_138@77,77.0,34.36306,135.24923
3483,4133,kansai_sub_138@66,66.0,34.36306,135.24923
3484,4135,kansai_sub_140,66.0,33.91458,134.66129
3485,4136,kansai_sub_141@77,77.0,34.52513,135.60399
3486,4137,kansai_sub_141@66,66.0,34.52513,135.60399
3487,4138,kansai_sub_142,77.0,34.49633,135.5984
3488,4139,kansai_sub_143,77.0,34.57703,135.6162
3489,4140,kansai_sub_144@275,275.0,34.1552,135.18802
3490,4141,kansai_sub_144@77,77.0,34.1552,135.18802
3491,4142,kansai_sub_145,77.0,34.45151,135.38369
3492,4143,kansai_sub_146,77.0,34.52454,135.4532
3493,4144,kansai_sub_147,66.0,34.38646,135.3272
3494,4145,kansai_sub_148,66.0,34.35583,135.27625
3495,4146,kansai_sub_149,275.0,34.26956,135.24472
3496,4147,kansai_sub_150,77.0,34.47758,135.39238
3497,4148,kansai_sub_151,77.0,34.3916,135.29049
3498,4149,kansai_sub_152,66.0,34.35155,135.23176
3499,4150,kansai_sub_153,77.0,34.31508,135.15773
3500,4151,kansai_sub_154,77.0,34.25488,135.16452
3501,4153,kansai_sub_156,77.0,34.46237,135.44969
3502,4154,kansai_sub_157,77.0,34.48992,135.42146
3503,4155,kansai_sub_158,77.0,34.48637,135.43659
3504,4157,kansai_sub_160@275,275.0,34.31946,135.12615
3505,4158,kansai_sub_160@77,77.0,34.31946,135.12615
3506,4159,kansai_sub_161,66.0,34.31709,135.13333
3507,4160,kansai_sub_162,77.0,34.4251,135.33368
3508,4163,kansai_sub_165,500.0,34.4727,135.93407
3509,4164,kansai_sub_166,77.0,34.49558,135.72481
3510,4165,kansai_sub_167,66.0,34.4095,135.74826
3511,4166,kansai_sub_168@275,275.0,34.49839,135.72558
3512,4167,kansai_sub_168@77,77.0,34.49839,135.72558
3513,4168,kansai_sub_169,77.0,34.51232,135.71378
3514,4169,kansai_sub_170,500.0,34.44867,135.90235
3515,4170,kansai_sub_171,77.0,34.56531,136.54594
3516,4171,kansai_sub_172,77.0,34.47855,136.75491
3517,4173,kansai_sub_174,77.0,34.52627,136.67705
3518,4174,kansai_sub_175,77.0,34.57446,136.51507
3519,4175,kansai_sub_176@275,275.0,34.54564,136.53883
3520,4176,kansai_sub_176@154,154.0,34.54564,136.53883
3521,4177,kansai_sub_176@77,77.0,34.54564,136.53883
3522,4178,kansai_sub_177,77.0,34.49839,136.74882
3523,4179,kansai_sub_178,77.0,34.53466,136.64088
3524,4180,kansai_sub_179,77.0,34.56035,136.53313
3525,4181,kansai_sub_180@275,275.0,34.44569,136.36997
3526,4182,kansai_sub_180@77,77.0,34.44569,136.36997
3527,4183,kansai_sub_181@77,77.0,34.5994,135.71243
3528,4184,kansai_sub_181@66,66.0,34.5994,135.71243
3529,4185,kansai_sub_182,66.0,34.59727,135.75501
3530,4187,kansai_sub_184,77.0,34.50187,136.55728
3531,4188,kansai_sub_185,275.0,34.03866,135.9741
3532,4189,kansai_sub_186,275.0,34.03991,135.97631
3533,4190,kansai_sub_187,275.0,34.03965,135.9732
3534,4191,kansai_sub_188,66.0,33.59609,135.94047
3535,4192,kansai_sub_189,500.0,34.53149,135.93555
3536,4193,kansai_sub_190,500.0,34.53038,135.93702
3537,4195,kansai_sub_192,77.0,34.50066,136.69451
3538,4196,kansai_sub_193,66.0,34.50701,135.79035
3539,4197,kansai_sub_194,66.0,34.50679,135.7699
3540,4198,kansai_sub_195,66.0,34.45112,135.76925
3541,4199,kansai_sub_196,77.0,34.48807,135.72463
3542,4200,kansai_sub_197@77,77.0,34.38627,135.72734
3543,4201,kansai_sub_197@u,66.0,34.38627,135.72734
3544,4202,kansai_sub_198@77,77.0,34.52169,135.74483
3545,4203,kansai_sub_198@66,66.0,34.52169,135.74483
3546,4204,kansai_sub_199,66.0,34.5522,135.78703
3547,4205,kansai_sub_200,77.0,34.54003,135.95464
3548,4206,kansai_sub_201,77.0,34.58942,135.93896
3549,4207,kansai_sub_202,77.0,34.36251,135.69834
3550,4208,kansai_sub_203,77.0,34.35689,135.69929
3551,4209,kansai_sub_204,77.0,34.33902,135.70768
3552,4210,kansai_sub_205@500,500.0,34.3958,135.81809
3553,4211,kansai_sub_205@77,77.0,34.3958,135.81809
3554,4212,kansai_sub_205@66,66.0,34.3958,135.81809
3555,4214,kansai_sub_207,275.0,33.7158,135.99122
3556,4215,kansai_sub_208,275.0,33.88675,136.09493
3557,4216,kansai_sub_209,275.0,33.74003,135.9957
3558,4217,kansai_sub_210,77.0,34.52138,135.709
3559,4219,kansai_sub_212,77.0,34.54305,135.69622
3560,4220,kansai_sub_213,275.0,33.80171,136.03801
3561,4221,kansai_sub_214,77.0,34.54979,135.75513
3562,4222,kansai_sub_215@275,275.0,33.64093,135.9315
3563,4223,kansai_sub_215@u,66.0,33.64093,135.9315
3564,4224,kansai_sub_216,66.0,33.5837,135.92318
3565,4225,kansai_sub_217,66.0,34.47753,135.77135
3566,4226,kansai_sub_218,66.0,34.23973,135.86387
3567,4227,kansai_sub_219,66.0,34.23778,135.86492
3568,4228,kansai_sub_220,66.0,33.53309,135.81077
3569,4229,kansai_sub_221,77.0,34.56247,135.82475
3570,4230,kansai_sub_222,77.0,34.53123,136.52483
3571,4231,kansai_sub_223,500.0,34.11299,135.82215
3572,4232,kansai_sub_224,66.0,33.59264,135.9138
3573,4233,kansai_sub_225@77,77.0,34.5934,135.7163
3574,4234,kansai_sub_225@66,66.0,34.5934,135.7163
3575,4235,kansai_sub_226@77,77.0,34.5747,135.71669
3576,4236,kansai_sub_226@66,66.0,34.5747,135.71669
3577,4237,kansai_sub_227@77,77.0,34.54668,135.7204
3578,4238,kansai_sub_227@66,66.0,34.54668,135.7204
3579,4239,kansai_sub_228@77,77.0,34.52688,135.74151
3580,4240,kansai_sub_228@66,66.0,34.52688,135.74151
3581,4242,kansai_sub_230,77.0,34.50835,136.71628
3582,4243,kansai_sub_231,275.0,33.84648,135.82462
3583,4244,kansai_sub_232,66.0,35.40705,134.776
3584,4245,kansai_sub_233,77.0,35.03609,134.92557
3585,4246,kansai_sub_238,77.0,34.98397,134.961
3586,4247,kansai_sub_239@500,500.0,35.35138,135.26561
3587,4248,kansai_sub_239@275,275.0,35.35138,135.26561
3588,4249,kansai_sub_239@77,77.0,35.35138,135.26561
3589,4250,kansai_sub_240@154,154.0,34.7872,135.35617
3590,4251,kansai_sub_240@77,77.0,34.7872,135.35617
3591,4252,kansai_sub_241@77,77.0,34.85652,135.62895
3592,4253,kansai_sub_241@66,66.0,34.85652,135.62895
3593,4254,kansai_sub_242@275,275.0,34.73823,135.23886
3594,4255,kansai_sub_242@77,77.0,34.73823,135.23886
3595,4256,kansai_sub_243@275,275.0,34.73401,135.24576
3596,4257,kansai_sub_243@77,77.0,34.73401,135.24576
3597,4258,kansai_sub_244@275,275.0,34.87644,135.3397
3598,4259,kansai_sub_244@154,154.0,34.87644,135.3397
3599,4260,kansai_sub_245@275,275.0,34.78588,135.37518
3600,4261,kansai_sub_245@154,154.0,34.78588,135.37518
3601,4262,kansai_sub_245@77,77.0,34.78588,135.37518
3602,4263,kansai_sub_245@66,66.0,34.78588,135.37518
3603,4264,kansai_sub_246@500,500.0,34.98418,135.34663
3604,4265,kansai_sub_246@275,275.0,34.98418,135.34663
3605,4266,kansai_sub_246@154,154.0,34.98418,135.34663
3606,4267,kansai_sub_247@154,154.0,34.82525,135.3744
3607,4268,kansai_sub_247@77,77.0,34.82525,135.3744
3608,4269,kansai_sub_248,77.0,34.8889,135.41166
3609,4270,kansai_sub_249@275,275.0,34.86896,135.50926
3610,4271,kansai_sub_249@77,77.0,34.86896,135.50926
3611,4272,kansai_sub_250@275,275.0,34.8809,135.57551
3612,4273,kansai_sub_250@154,154.0,34.8809,135.57551
3613,4274,kansai_sub_250@77,77.0,34.8809,135.57551
3614,4276,kansai_sub_252@154,154.0,34.75505,135.48085
3615,4277,kansai_sub_252@77,77.0,34.75505,135.48085
3616,4278,kansai_sub_252@u,275.0,34.75505,135.48085
3617,4279,kansai_sub_253,77.0,34.74284,135.47874
3618,4283,kansai_sub_257,77.0,34.81047,135.41056
3619,4284,kansai_sub_258,275.0,34.84047,135.41786
3620,4285,kansai_sub_259,275.0,34.90448,135.39654
3621,4286,kansai_sub_260,275.0,34.9047,135.39614
3622,4287,kansai_sub_261,154.0,34.6704,135.47514
3623,4288,kansai_sub_262,77.0,34.75545,135.46796
3624,4289,kansai_sub_263,77.0,34.73376,135.29569
3625,4290,kansai_sub_264@275,275.0,34.7044,135.642
3626,4291,kansai_sub_264@154,154.0,34.7044,135.642
3627,4292,kansai_sub_264@77,77.0,34.7044,135.642
3628,4293,kansai_sub_265@154,154.0,34.6913,135.64395
3629,4294,kansai_sub_265@77,77.0,34.6913,135.64395
3630,4296,kansai_sub_267@154,154.0,34.65779,135.61281
3631,4297,kansai_sub_267@77,77.0,34.65779,135.61281
3632,4298,kansai_sub_268@154,154.0,34.6062,135.60798
3633,4299,kansai_sub_268@77,77.0,34.6062,135.60798
3634,4300,kansai_sub_269@500,500.0,34.96982,135.61912
3635,4301,kansai_sub_269@275,275.0,34.96982,135.61912
3636,4302,kansai_sub_269@154,154.0,34.96982,135.61912
3637,4303,kansai_sub_269@77,77.0,34.96982,135.61912
3638,4304,kansai_sub_270@500,500.0,34.93221,135.11071
3639,4305,kansai_sub_270@275,275.0,34.93221,135.11071
3640,4306,kansai_sub_270@77,77.0,34.93221,135.11071
3641,4309,kansai_sub_273@77,77.0,34.66178,134.9793
3642,4310,kansai_sub_273@66,66.0,34.66178,134.9793
3643,4311,kansai_sub_274@275,275.0,34.71147,135.0865
3644,4312,kansai_sub_274@77,77.0,34.71147,135.0865
3645,4313,kansai_sub_275@154,154.0,34.73846,135.5968
3646,4314,kansai_sub_275@77,77.0,34.73846,135.5968
3647,4315,kansai_sub_276@154,154.0,34.76072,135.55546
3648,4316,kansai_sub_276@77,77.0,34.76072,135.55546
3649,4317,kansai_sub_277@77,77.0,34.81536,135.58489
3650,4318,kansai_sub_278,77.0,34.83411,135.62369
3651,4319,kansai_sub_279@154,154.0,34.78846,135.58934
3652,4320,kansai_sub_279@77,77.0,34.78846,135.58934
3653,4321,kansai_sub_280@154,154.0,34.62072,135.46956
3654,4322,kansai_sub_281@154,154.0,34.67497,135.59606
3655,4323,kansai_sub_281@77,77.0,34.67497,135.59606
3656,4324,kansai_sub_282@154,154.0,34.67276,135.59276
3657,4325,kansai_sub_282@77,77.0,34.67276,135.59276
3658,4326,kansai_sub_283@154,154.0,34.80889,135.51706
3659,4327,kansai_sub_283@u,66.0,34.80889,135.51706
3660,4328,kansai_sub_284@77,77.0,34.70568,135.40195
3661,4329,kansai_sub_284@66,66.0,34.70568,135.40195
3662,4332,kansai_sub_287@154,154.0,34.7429,135.42638
3663,4333,kansai_sub_287@77,77.0,34.7429,135.42638
3664,4334,kansai_sub_287@66,66.0,34.7429,135.42638
3665,4335,kansai_sub_288,154.0,34.6901,135.50303
3666,4336,kansai_sub_289,154.0,34.71583,135.4974
3667,4339,kansai_sub_292@500,500.0,35.06254,134.60249
3668,4340,kansai_sub_293@275,275.0,34.84922,134.66777
3669,4341,kansai_sub_293@77,77.0,34.84922,134.66777
3670,4342,kansai_sub_294@77,77.0,34.833,134.57992
3671,4343,kansai_sub_294@66,66.0,34.833,134.57992
3672,4344,kansai_sub_295,77.0,34.79903,134.61378
3673,4347,kansai_sub_298@77,77.0,34.73855,135.39982
3674,4348,kansai_sub_298@66,66.0,34.73855,135.39982
3675,4350,kansai_sub_300@154,154.0,34.74325,135.49243
3676,4351,kansai_sub_300@77,77.0,34.74325,135.49243
3677,4352,kansai_sub_301@154,154.0,34.71559,135.45218
3678,4353,kansai_sub_302@154,154.0,34.80601,135.51572
3679,4354,kansai_sub_302@77,77.0,34.80601,135.51572
3680,4355,kansai_sub_303,154.0,34.68068,135.48106
3681,4356,kansai_sub_304,154.0,34.63886,135.43485
3682,4357,kansai_sub_305@77,77.0,34.72573,135.46568
3683,4358,kansai_sub_306,154.0,34.66858,135.46172
3684,4360,kansai_sub_308,77.0,34.7097,135.19432
3685,4361,kansai_sub_309,77.0,34.75624,135.43119
3686,4363,kansai_sub_311@500,500.0,34.99088,135.48423
3687,4364,kansai_sub_311@275,275.0,34.99088,135.48423
3688,4365,kansai_sub_312@275,275.0,34.80208,134.8565
3689,4366,kansai_sub_312@77,77.0,34.80208,134.8565
3690,4367,kansai_sub_313,77.0,35.28606,135.16107
3691,4368,kansai_sub_314@77,77.0,34.64625,135.01917
3692,4369,kansai_sub_314@66,66.0,34.64625,135.01917
3693,4370,kansai_sub_315,77.0,34.67529,135.11935
3694,4371,kansai_sub_316,275.0,34.7765,134.69452
3695,4373,kansai_sub_318,77.0,34.83345,134.67331
3696,4374,kansai_sub_319@77,77.0,34.71443,135.43169
3697,4375,kansai_sub_319@66,66.0,34.71443,135.43169
3698,4376,kansai_sub_320,500.0,35.1373,135.64479
3699,4378,kansai_sub_322@77,77.0,34.78173,134.57615
3700,4379,kansai_sub_322@66,66.0,34.78173,134.57615
3701,4381,kansai_sub_324@77,77.0,34.7262,134.85329
3702,4382,kansai_sub_324@66,66.0,34.7262,134.85329
3703,4384,kansai_sub_326,77.0,34.78856,135.53047
3704,4386,kansai_sub_328,77.0,34.75305,135.51883
3705,4387,kansai_sub_329@77,77.0,34.75354,135.51278
3706,4388,kansai_sub_329@u,66.0,34.75354,135.51278
3707,4389,kansai_sub_330@77,77.0,34.7852,134.59937
3708,4390,kansai_sub_330@66,66.0,34.7852,134.59937
3709,4391,kansai_sub_331,77.0,34.80485,134.65063
3710,4392,kansai_sub_332@500,500.0,35.18545,135.48245
3711,4393,kansai_sub_332@77,77.0,35.18545,135.48245
3712,4394,kansai_sub_333@77,77.0,35.31029,135.10376
3713,4395,kansai_sub_333@u,66.0,35.31029,135.10376
3714,4396,kansai_sub_334@77,77.0,35.53627,135.20444
3715,4397,kansai_sub_334@u,66.0,35.53627,135.20444
3716,4398,kansai_sub_335@77,77.0,35.55171,134.81954
3717,4402,kansai_sub_339,154.0,34.81478,135.53593
3718,4403,kansai_sub_340@154,154.0,34.7956,135.55315
3719,4404,kansai_sub_340@77,77.0,34.7956,135.55315
3720,4407,kansai_sub_343,77.0,34.7865,134.96025
3721,4408,kansai_sub_344,77.0,34.78683,134.91714
3722,4409,kansai_sub_345,77.0,34.75363,135.40403
3723,4410,kansai_sub_346,77.0,34.78019,134.55882
3724,4411,kansai_sub_347@77,77.0,34.83092,134.65125
3725,4412,kansai_sub_347@u,66.0,34.83092,134.65125
3726,4413,kansai_sub_348,77.0,34.82396,135.60113
3727,4414,kansai_sub_349,77.0,34.88424,134.57095
3728,4415,kansai_sub_350,77.0,35.46113,134.86322
3729,4420,kansai_sub_355@77,77.0,34.75779,134.80332
3730,4421,kansai_sub_355@66,66.0,34.75779,134.80332
3731,4422,kansai_sub_356@77,77.0,35.5838,134.92463
3732,4423,kansai_sub_356@u,66.0,35.5838,134.92463
3733,4424,kansai_sub_357@154,154.0,34.7795,135.38793
3734,4425,kansai_sub_357@77,77.0,34.7795,135.38793
3735,4426,kansai_sub_357@66,66.0,34.7795,135.38793
3736,4427,kansai_sub_358,77.0,35.57522,135.1582
3737,4428,kansai_sub_359@77,77.0,35.60841,135.07091
3738,4429,kansai_sub_360,77.0,35.67525,135.0805
3739,4430,kansai_sub_361@77,77.0,34.71127,135.43228
3740,4431,kansai_sub_361@66,66.0,34.71127,135.43228
3741,4432,kansai_sub_362,77.0,35.07233,135.02324
3742,4433,kansai_sub_363,77.0,34.93257,134.5543
3743,4434,kansai_sub_364@275,275.0,34.8184,135.32237
3744,4435,kansai_sub_364@154,154.0,34.8184,135.32237
3745,4436,kansai_sub_364@u,66.0,34.8184,135.32237
3746,4437,kansai_sub_365,77.0,34.64184,135.5692
3747,4439,kansai_sub_367,77.0,35.2964,135.17212
3748,4440,kansai_sub_368,66.0,35.15816,135.02777
3749,4441,kansai_sub_369,154.0,34.62695,135.57252
3750,4442,kansai_sub_370,154.0,34.62627,135.57773
3751,4444,kansai_sub_372@154,154.0,34.70906,135.39128
3752,4445,kansai_sub_372@77,77.0,34.70906,135.39128
3753,4446,kansai_sub_372@66,66.0,34.70906,135.39128
3754,4447,kansai_sub_373,154.0,34.7845,135.50133
3755,4448,kansai_sub_374@154,154.0,34.74286,135.60575
3756,4449,kansai_sub_374@77,77.0,34.74286,135.60575
3757,4451,kansai_sub_376@77,77.0,34.71029,135.37086
3758,4452,kansai_sub_376@66,66.0,34.71029,135.37086
3759,4453,kansai_sub_377@154,154.0,34.70668,135.38605
3760,4454,kansai_sub_377@77,77.0,34.70668,135.38605
3761,4455,kansai_sub_377@66,66.0,34.70668,135.38605
3762,4456,kansai_sub_378,77.0,34.69195,134.86872
3763,4457,kansai_sub_379,77.0,34.76528,135.36914
3764,4458,kansai_sub_380,77.0,34.75376,135.35359
3765,4459,kansai_sub_381,77.0,34.60381,135.0
3766,4460,kansai_sub_382,66.0,34.82381,134.9759
3767,4462,kansai_sub_384,154.0,34.66808,135.46023
3768,4463,kansai_sub_385,77.0,34.75698,135.36887
3769,4467,kansai_sub_387@77,77.0,35.13611,135.07309
3770,4468,kansai_sub_387@u,66.0,35.13611,135.07309
3771,4469,kansai_sub_388,77.0,35.49772,135.09867
3772,4471,kansai_sub_391@275,275.0,34.77552,134.67111
3773,4472,kansai_sub_391@77,77.0,34.77552,134.67111
3774,4473,kansai_sub_392@275,275.0,34.78103,134.67634
3775,4474,kansai_sub_392@77,77.0,34.78103,134.67634
3776,4475,kansai_sub_392@u,66.0,34.78103,134.67634
3777,4476,kansai_sub_393@77,77.0,34.78561,134.60452
3778,4477,kansai_sub_394,66.0,34.78345,134.6025
3779,4478,kansai_sub_395,77.0,34.78938,134.66175
3780,4479,kansai_sub_396@275,275.0,34.78593,134.66836
3781,4480,kansai_sub_396@77,77.0,34.78593,134.66836
3782,4481,kansai_sub_396@u,66.0,34.78593,134.66836
3783,4482,kansai_sub_397,66.0,35.54203,134.81086
3784,4483,kansai_sub_398,77.0,34.94352,134.95875
3785,4484,kansai_sub_399@500,500.0,35.52152,135.50385
3786,4485,kansai_sub_399@u,66.0,35.52152,135.50385
3787,4486,kansai_sub_400@500,500.0,35.52083,135.50521
3788,4487,kansai_sub_400@u,66.0,35.52083,135.50521
3789,4488,kansai_sub_401@154,154.0,34.70505,135.58471
3790,4489,kansai_sub_401@77,77.0,34.70505,135.58471
3791,4490,kansai_sub_402,77.0,34.7484,135.33124
3792,4491,kansai_sub_403@154,154.0,34.76334,135.38573
3793,4492,kansai_sub_403@77,77.0,34.76334,135.38573
3794,4493,kansai_sub_404@275,275.0,34.72963,135.16385
3795,4494,kansai_sub_404@77,77.0,34.72963,135.16385
3796,4495,kansai_sub_404@u,66.0,34.72963,135.16385
3797,4496,kansai_sub_405@275,275.0,34.86018,134.6554
3798,4497,kansai_sub_405@u,66.0,34.86018,134.6554
3799,4498,kansai_sub_406,77.0,34.77467,135.6229
3800,4499,kansai_sub_407,77.0,34.76734,135.62381
3801,4500,kansai_sub_408,77.0,35.29062,135.11693
3802,4502,kansai_sub_410@77,77.0,35.5422,134.50995
3803,4503,kansai_sub_410@66,66.0,35.5422,134.50995
3804,4504,kansai_sub_411,77.0,35.52809,134.81851
3805,4505,kansai_sub_412,275.0,34.8934,135.07962
3806,4506,kansai_sub_413,66.0,34.75292,135.41277
3807,4507,kansai_sub_414,154.0,34.78788,135.40667
3808,4510,kansai_sub_416,154.0,34.68392,135.45157
3809,4511,kansai_sub_417,66.0,34.71655,135.4353
3810,4512,kansai_sub_418@275,275.0,34.93147,134.74479
3811,4513,kansai_sub_418@77,77.0,34.93147,134.74479
3812,4514,kansai_sub_418@66,66.0,34.93147,134.74479
3813,4515,kansai_sub_419,77.0,34.92833,134.82959
3814,4516,kansai_sub_420,77.0,35.08326,135.54752
3815,4517,kansai_sub_421,77.0,35.02367,135.56485
3816,4519,kansai_sub_423,77.0,35.00804,135.60816
3817,4520,kansai_sub_424,77.0,34.60469,135.48057
3818,4521,kansai_sub_425,66.0,35.40941,134.77703
3819,4522,kansai_sub_426,154.0,34.72732,135.37335
3820,4523,kansai_sub_427@77,77.0,34.72893,135.40113
3821,4524,kansai_sub_427@66,66.0,34.72893,135.40113
3822,4525,kansai_sub_428@154,154.0,34.70523,135.58954
3823,4526,kansai_sub_428@77,77.0,34.70523,135.58954
3824,4527,kansai_sub_429,66.0,34.73393,134.92093
3825,4528,kansai_sub_430,66.0,34.76016,134.95902
3826,4530,kansai_sub_432,500.0,35.12848,134.71813
3827,4531,kansai_sub_433@275,275.0,34.85517,134.71311
3828,4532,kansai_sub_433@66,66.0,34.85517,134.71311
3829,4533,kansai_sub_434,77.0,34.9965,134.98036
3830,4534,kansai_sub_435@275,275.0,34.8265,134.72458
3831,4535,kansai_sub_435@66,66.0,34.8265,134.72458
3832,4536,kansai_sub_436,77.0,34.72543,135.13025
3833,4537,kansai_sub_437@275,275.0,34.81955,135.32386
3834,4538,kansai_sub_437@66,66.0,34.81955,135.32386
3835,4539,kansai_sub_438,66.0,35.37532,134.78795
3836,4540,kansai_sub_439,77.0,35.15938,134.79204
3837,4541,kansai_sub_440,77.0,35.2931,134.84024
3838,4542,kansai_sub_441,77.0,35.10196,135.48078
3839,4543,kansai_sub_442,77.0,35.09982,135.48572
3840,4544,kansai_sub_443,77.0,35.25271,135.42132
3841,4545,kansai_sub_444,66.0,35.45887,135.38693
3842,4546,kansai_sub_445@77,77.0,35.42462,135.33379
3843,4547,kansai_sub_445@u,66.0,35.42462,135.33379
3844,4548,kansai_sub_446@154,154.0,34.65609,135.6269
3845,4549,kansai_sub_446@u,66.0,34.65609,135.6269
3846,4550,kansai_sub_447,77.0,35.3375,134.86353
3847,4553,kansai_sub_451,77.0,35.07733,134.89249
3848,4555,kansai_sub_453,77.0,34.70019,134.85266
3849,4556,kansai_sub_454,77.0,34.70105,134.85028
3850,4557,kansai_sub_455@77,77.0,34.76752,134.80732
3851,4558,kansai_sub_455@66,66.0,34.76752,134.80732
3852,4559,kansai_sub_456,66.0,34.79644,134.97327
3853,4560,kansai_sub_457,77.0,34.64954,135.12794
3854,4561,kansai_sub_458@77,77.0,34.8551,135.62738
3855,4562,kansai_sub_458@66,66.0,34.8551,135.62738
3856,4563,kansai_sub_459,154.0,34.73657,135.36075
3857,4565,kansai_sub_461,275.0,35.00129,134.54947
3858,4567,kansai_sub_463,77.0,34.7013,134.88701
3859,4568,kansai_sub_464,66.0,34.69787,134.91786
3860,4569,kansai_sub_465,77.0,34.7566,134.84685
3861,4570,kansai_sub_466,77.0,34.95299,134.77156
3862,4571,kansai_sub_467,77.0,34.75528,135.53557
3863,4572,kansai_sub_468,77.0,34.75603,135.53327
3864,4575,kansai_sub_471,77.0,34.71904,135.56033
3865,4576,kansai_sub_472@154,154.0,34.71343,135.59422
3866,4577,kansai_sub_472@77,77.0,34.71343,135.59422
3867,4578,kansai_sub_473@154,154.0,34.70363,135.56798
3868,4579,kansai_sub_473@77,77.0,34.70363,135.56798
3869,4580,kansai_sub_474,77.0,34.69261,135.57552
3870,4581,kansai_sub_475@77,77.0,34.84072,134.65907
3871,4582,kansai_sub_475@u,66.0,34.84072,134.65907
3872,4583,kansai_sub_476,77.0,34.64648,135.58789
3873,4584,kansai_sub_477,66.0,35.63297,134.81662
3874,4586,kansai_sub_479,66.0,35.47917,135.41069
3875,4587,kansai_sub_480,66.0,34.74205,135.52001
3876,4589,kansai_sub_482,77.0,34.6736,135.13546
3877,4590,kansai_sub_483@275,275.0,34.81116,135.39332
3878,4591,kansai_sub_483@77,77.0,34.81116,135.39332
3879,4592,kansai_sub_484@77,77.0,34.745,135.53252
3880,4593,kansai_sub_484@u,66.0,34.745,135.53252
3881,4596,kansai_sub_488@77,77.0,34.77624,135.42341
3882,4597,kansai_sub_488@66,66.0,34.77624,135.42341
3883,4598,kansai_sub_489,77.0,35.23218,135.13243
3884,4599,kansai_sub_490,77.0,35.31931,135.02393
3885,4600,kansai_sub_491,77.0,34.73149,135.48432
3886,4601,kansai_sub_492,77.0,34.75876,134.85387
3887,4602,kansai_sub_493,66.0,34.65494,134.97219
3888,4603,kansai_sub_494,77.0,34.74727,135.56043
3889,4604,kansai_sub_495,77.0,34.74638,135.56817
3890,4605,kansai_sub_496,154.0,34.67323,135.58785
3891,4606,kansai_sub_497@154,154.0,34.68674,135.62445
3892,4607,kansai_sub_497@77,77.0,34.68674,135.62445
3893,4608,kansai_sub_498,77.0,34.69189,135.58685
3894,4609,kansai_sub_499,77.0,34.68512,135.5893
3895,4610,kansai_sub_500,77.0,34.68523,135.58307
3896,4611,kansai_sub_501,77.0,34.68442,135.60167
3897,4612,kansai_sub_502@154,154.0,34.72756,135.59932
3898,4613,kansai_sub_502@77,77.0,34.72756,135.59932
3899,4614,kansai_sub_503@77,77.0,35.54255,134.50639
3900,4615,kansai_sub_503@66,66.0,35.54255,134.50639
3901,4616,kansai_sub_504,77.0,35.63683,134.62816
3902,4617,kansai_sub_505@77,77.0,35.58817,134.73494
3903,4618,kansai_sub_505@66,66.0,35.58817,134.73494
3904,4619,kansai_sub_506@77,77.0,35.48123,134.78084
3905,4620,kansai_sub_506@66,66.0,35.48123,134.78084
3906,4621,kansai_sub_507,77.0,34.81066,134.62378
3907,4622,kansai_sub_508,77.0,34.84268,134.64196
3908,4623,kansai_sub_509@154,154.0,34.67683,135.63638
3909,4624,kansai_sub_509@77,77.0,34.67683,135.63638
3910,4625,kansai_sub_510,77.0,34.74697,135.31297
3911,4626,kansai_sub_511@154,154.0,34.81748,135.3713
3912,4627,kansai_sub_511@77,77.0,34.81748,135.3713
3913,4629,kansai_sub_513,77.0,34.67165,135.60292
3914,4630,kansai_sub_514,77.0,34.65577,135.59042
3915,4631,kansai_sub_515,66.0,34.8068,135.35488
3916,4632,kansai_sub_516@77,77.0,34.76267,135.44629
3917,4633,kansai_sub_517@154,154.0,34.68577,135.43405
3918,4634,kansai_sub_517@77,77.0,34.68577,135.43405
3919,4635,kansai_sub_518@154,154.0,34.7436,135.3887
3920,4636,kansai_sub_518@77,77.0,34.7436,135.3887
3921,4637,kansai_sub_519,77.0,34.76549,135.57712
3922,4638,kansai_sub_520@77,77.0,34.74136,135.41344
3923,4639,kansai_sub_520@66,66.0,34.74136,135.41344
3924,4640,kansai_sub_521@154,154.0,34.70355,135.53994
3925,4641,kansai_sub_521@77,77.0,34.70355,135.53994
3926,4642,kansai_sub_522@77,77.0,34.72643,135.57646
3927,4643,kansai_sub_523@275,275.0,34.74226,134.83143
3928,4644,kansai_sub_523@77,77.0,34.74226,134.83143
3929,4645,kansai_sub_523@66,66.0,34.74226,134.83143
3930,4646,kansai_sub_524@77,77.0,34.74708,134.8264
3931,4647,kansai_sub_524@66,66.0,34.74708,134.8264
3932,4648,kansai_sub_525,77.0,34.76183,134.82341
3933,4649,kansai_sub_526,77.0,35.07412,135.0294
3934,4651,kansai_sub_528,77.0,34.80864,135.61166
3935,4652,kansai_sub_529,154.0,34.73692,135.63194
3936,4653,kansai_sub_530,77.0,34.73192,135.63899
3937,4654,kansai_sub_531,66.0,35.49634,135.40548
3938,4655,kansai_sub_532,66.0,35.51653,135.40497
3939,4656,kansai_sub_533,77.0,34.75234,135.62533
3940,4658,kansai_sub_535@154,154.0,34.73936,135.58921
3941,4659,kansai_sub_535@77,77.0,34.73936,135.58921
3942,4660,kansai_sub_536,77.0,34.74661,135.58705
3943,4661,kansai_sub_537,77.0,34.76542,135.5333
3944,4662,kansai_sub_538,154.0,34.79937,135.55514
3945,4664,kansai_sub_540,77.0,34.68612,135.17689
3946,4665,kansai_sub_541,66.0,34.73127,135.5761
3947,4666,kansai_sub_542,77.0,34.76722,135.62393
3948,4667,kansai_sub_544,77.0,34.74984,135.59755
3949,4668,kansai_sub_545,66.0,35.65198,134.97152
3950,4669,kansai_sub_546,77.0,34.76156,135.59263
3951,4670,kansai_sub_547,77.0,34.75637,135.60751
3952,4671,kansai_sub_548@275,275.0,34.75279,134.80519
3953,4672,kansai_sub_548@77,77.0,34.75279,134.80519
3954,4673,kansai_sub_548@66,66.0,34.75279,134.80519
3955,4674,kansai_sub_549,77.0,34.77135,135.61049
3956,4675,kansai_sub_550@154,154.0,34.70539,135.45277
3957,4676,kansai_sub_550@u,66.0,34.70539,135.45277
3958,4677,kansai_sub_551,154.0,34.62164,135.43677
3959,4678,kansai_sub_552,77.0,34.79309,135.62527
3960,4679,kansai_sub_553,77.0,34.91839,135.49715
3961,4680,kansai_sub_554,66.0,34.74461,135.52858
3962,4681,kansai_sub_555,154.0,34.62446,135.62308
3963,4683,kansai_sub_559,275.0,34.80821,134.74321
3964,4684,kansai_sub_560@154,154.0,34.78324,135.58452
3965,4685,kansai_sub_560@77,77.0,34.78324,135.58452
3966,4686,kansai_sub_561,77.0,34.7751,135.54591
3967,4687,kansai_sub_562,154.0,34.76104,135.49534
3968,4689,kansai_sub_564,154.0,34.67969,135.4938
3969,4697,kansai_sub_572,154.0,34.74222,135.4688
3970,4698,kansai_sub_573,154.0,34.76318,135.48153
3971,4699,kansai_sub_574,154.0,34.77381,135.4662
3972,4700,kansai_sub_575,154.0,34.77578,135.45869
3973,4701,kansai_sub_576,154.0,34.77648,135.48107
3974,4702,kansai_sub_577,77.0,34.80099,135.5753
3975,4703,kansai_sub_578@154,154.0,34.8315,135.57177
3976,4704,kansai_sub_578@u,66.0,34.8315,135.57177
3977,4706,kansai_sub_580,154.0,34.8054,135.56465
3978,4708,kansai_sub_582,275.0,34.81197,134.75189
3979,4709,kansai_sub_583,154.0,34.64713,135.60271
3980,4710,kansai_sub_584,154.0,34.64231,135.61216
3981,4716,kansai_sub_597,77.0,34.63497,135.6988
3982,4717,kansai_sub_598,77.0,34.88453,135.73844
3983,4720,kansai_sub_601@500,500.0,35.55663,135.97247
3984,4721,kansai_sub_601@275,275.0,35.55663,135.97247
3985,4722,kansai_sub_601@77,77.0,35.55663,135.97247
3986,4723,kansai_sub_603@77,77.0,34.77815,135.66934
3987,4724,kansai_sub_609,77.0,35.06229,135.79246
3988,4725,kansai_sub_611,154.0,34.69544,135.7802
3989,4726,kansai_sub_612@154,154.0,34.62254,135.79676
3990,4727,kansai_sub_612@77,77.0,34.62254,135.79676
3991,4728,kansai_sub_612@66,66.0,34.62254,135.79676
3992,4729,kansai_sub_613,77.0,34.69489,135.73851
3993,4730,kansai_sub_614@500,500.0,34.73448,135.71482
3994,4731,kansai_sub_614@275,275.0,34.73448,135.71482
3995,4732,kansai_sub_614@154,154.0,34.73448,135.71482
3996,4733,kansai_sub_614@77,77.0,34.73448,135.71482
3997,4734,kansai_sub_616@275,275.0,35.40647,136.73617
3998,4735,kansai_sub_616@154,154.0,35.40647,136.73617
3999,4736,kansai_sub_617,77.0,34.73825,135.79419
4000,4737,kansai_sub_618,154.0,34.80778,135.77926
4001,4738,kansai_sub_619@500,500.0,34.86562,135.89699
4002,4739,kansai_sub_619@275,275.0,34.86562,135.89699
4003,4740,kansai_sub_619@154,154.0,34.86562,135.89699
4004,4741,kansai_sub_620@275,275.0,35.42689,136.64535
4005,4742,kansai_sub_620@154,154.0,35.42689,136.64535
4006,4743,kansai_sub_620@77,77.0,35.42689,136.64535
4007,4744,kansai_sub_623,66.0,34.95136,135.76936
4008,4745,kansai_sub_624,275.0,35.47856,136.70366
4009,4746,kansai_sub_628@500,500.0,35.19323,136.51496
4010,4747,kansai_sub_628@275,275.0,35.19323,136.51496
4011,4748,kansai_sub_629,500.0,35.20351,136.45096
4012,4749,kansai_sub_630,500.0,35.09484,136.29343
4013,4750,kansai_sub_631@500,500.0,34.86078,135.65732
4014,4751,kansai_sub_631@275,275.0,34.86078,135.65732
4015,4752,kansai_sub_631@154,154.0,34.86078,135.65732
4016,4753,kansai_sub_631@77,77.0,34.86078,135.65732
4017,4754,kansai_sub_632@275,275.0,35.0832,136.61642
4018,4755,kansai_sub_632@154,154.0,35.0832,136.61642
4019,4756,kansai_sub_632@77,77.0,35.0832,136.61642
4020,4757,kansai_sub_633@275,275.0,35.13809,136.6963
4021,4758,kansai_sub_633@154,154.0,35.13809,136.6963
4022,4759,kansai_sub_634@77,77.0,34.92733,135.79626
4023,4760,kansai_sub_635@77,77.0,35.1291,136.78656
4024,4761,kansai_sub_643@275,275.0,35.31299,136.30566
4025,4762,kansai_sub_643@154,154.0,35.31299,136.30566
4026,4763,kansai_sub_643@77,77.0,35.31299,136.30566
4027,4764,kansai_sub_645@275,275.0,35.007,136.14176
4028,4765,kansai_sub_645@77,77.0,35.007,136.14176
4029,4766,kansai_sub_647,154.0,34.98399,135.88718
4030,4767,kansai_sub_648@275,275.0,34.93841,135.89611
4031,4768,kansai_sub_648@154,154.0,34.93841,135.89611
4032,4769,kansai_sub_649@275,275.0,34.98515,135.99284
4033,4770,kansai_sub_649@154,154.0,34.98515,135.99284
4034,4771,kansai_sub_650@500,500.0,34.79454,135.70198
4035,4772,kansai_sub_650@275,275.0,34.79454,135.70198
4036,4773,kansai_sub_650@77,77.0,34.79454,135.70198
4037,4774,kansai_sub_651,154.0,34.9702,135.67412
4038,4775,kansai_sub_652@154,154.0,34.96889,135.6569
4039,4776,kansai_sub_652@77,77.0,34.96889,135.6569
4040,4777,kansai_sub_653@154,154.0,34.92809,135.75193
4041,4778,kansai_sub_653@77,77.0,34.92809,135.75193
4042,4779,kansai_sub_653@66,66.0,34.92809,135.75193
4043,4780,kansai_sub_654@154,154.0,35.38326,136.55498
4044,4781,kansai_sub_654@u,66.0,35.38326,136.55498
4045,4782,kansai_sub_655,66.0,35.36574,136.48387
4046,4783,kansai_sub_657@275,275.0,35.43596,136.69449
4047,4784,kansai_sub_657@154,154.0,35.43596,136.69449
4048,4785,kansai_sub_657@77,77.0,35.43596,136.69449
4049,4786,kansai_sub_660,77.0,34.95574,135.71218
4050,4787,kansai_sub_661,77.0,34.91795,135.70751
4051,4788,kansai_sub_662,77.0,34.96274,135.68472
4052,4789,kansai_sub_663@275,275.0,35.16075,136.78375
4053,4790,kansai_sub_666@154,154.0,34.94532,136.59354
4054,4791,kansai_sub_668@275,275.0,35.38067,136.58923
4055,4792,kansai_sub_668@154,154.0,35.38067,136.58923
4056,4793,kansai_sub_668@77,77.0,35.38067,136.58923
4057,4794,kansai_sub_672@77,77.0,34.89233,135.81092
4058,4795,kansai_sub_672@u,66.0,34.89233,135.81092
4059,4796,kansai_sub_673@154,154.0,34.92586,135.75106
4060,4797,kansai_sub_673@77,77.0,34.92586,135.75106
4061,4798,kansai_sub_673@66,66.0,34.92586,135.75106
4062,4801,kansai_sub_681@275,275.0,35.01077,136.64583
4063,4802,kansai_sub_681@77,77.0,35.01077,136.64583
4064,4803,kansai_sub_682@275,275.0,34.8401,136.43734
4065,4804,kansai_sub_682@77,77.0,34.8401,136.43734
4066,4805,kansai_sub_683,77.0,34.78964,136.53754
4067,4806,kansai_sub_685@154,154.0,34.70612,135.80616
4068,4807,kansai_sub_685@77,77.0,34.70612,135.80616
4069,4808,kansai_sub_686,77.0,34.72493,135.75249
4070,4810,kansai_sub_690,77.0,34.92344,135.79861
4071,4811,kansai_sub_691,154.0,34.88067,135.80194
4072,4812,kansai_sub_692@154,154.0,35.00548,135.80135
4073,4813,kansai_sub_692@77,77.0,35.00548,135.80135
4074,4814,kansai_sub_694,77.0,34.99975,135.77705
4075,4816,kansai_sub_696@500,500.0,34.82603,135.68186
4076,4817,kansai_sub_696@77,77.0,34.82603,135.68186
4077,4818,kansai_sub_697,77.0,34.68377,135.82576
4078,4819,kansai_sub_698,77.0,35.00076,135.72186
4079,4820,kansai_sub_699,66.0,34.68742,135.82675
4080,4821,kansai_sub_700,66.0,34.68887,135.8296
4081,4822,kansai_sub_701,77.0,34.96091,135.70291
4082,4823,kansai_sub_702,77.0,34.68701,135.70863
4083,4824,kansai_sub_712,154.0,34.97833,135.92068
4084,4825,kansai_sub_715@77,77.0,34.61364,135.76817
4085,4826,kansai_sub_715@66,66.0,34.61364,135.76817
4086,4827,kansai_sub_716@154,154.0,34.62901,135.83326
4087,4828,kansai_sub_716@77,77.0,34.62901,135.83326
4088,4829,kansai_sub_717@77,77.0,34.6596,135.79606
4089,4830,kansai_sub_717@66,66.0,34.6596,135.79606
4090,4831,kansai_sub_718,77.0,34.64716,135.79193
4091,4832,kansai_sub_721,77.0,34.8929,135.6827
4092,4833,kansai_sub_723@154,154.0,35.01031,136.13489
4093,4834,kansai_sub_723@66,66.0,35.01031,136.13489
4094,4835,kansai_sub_725,77.0,34.93018,135.79289
4095,4837,kansai_sub_728@77,77.0,34.96753,135.75751
4096,4838,kansai_sub_728@66,66.0,34.96753,135.75751
4097,4839,kansai_sub_729,77.0,34.9677,135.81412
4098,4841,kansai_sub_731,154.0,34.86448,135.78349
4099,4842,kansai_sub_732,77.0,34.78808,135.67532
4100,4843,kansai_sub_733,77.0,34.79814,135.67867
4101,4845,kansai_sub_737@275,275.0,35.45489,136.66986
4102,4846,kansai_sub_737@154,154.0,35.45489,136.66986
4103,4847,kansai_sub_737@77,77.0,35.45489,136.66986
4104,4848,kansai_sub_740@u,66.0,35.45131,136.76625
4105,4849,kansai_sub_743,154.0,35.00543,135.76985
4106,4850,kansai_sub_745,77.0,35.47904,136.55565
4107,4851,kansai_sub_746,77.0,34.86348,135.6526
4108,4852,kansai_sub_747,77.0,34.86287,135.6506
4109,4853,kansai_sub_750@275,275.0,34.86726,136.35627
4110,4854,kansai_sub_750@154,154.0,34.86726,136.35627
4111,4856,kansai_sub_766,154.0,34.88145,135.8243
4112,4857,kansai_sub_768,66.0,34.89101,135.74569
4113,4858,kansai_sub_770@275,275.0,34.84332,135.77201
4114,4859,kansai_sub_770@77,77.0,34.84332,135.77201
4115,4860,kansai_sub_771@154,154.0,34.84655,135.79074
4116,4861,kansai_sub_771@u,66.0,34.84655,135.79074
4117,4862,kansai_sub_773,154.0,34.99237,135.97755
4118,4863,kansai_sub_774@77,77.0,35.03739,136.24041
4119,4864,kansai_sub_774@u,66.0,35.03739,136.24041
4120,4865,kansai_sub_776,154.0,34.99136,135.80395
4121,4866,kansai_sub_777@154,154.0,34.71473,135.81253
4122,4867,kansai_sub_777@77,77.0,34.71473,135.81253
4123,4868,kansai_sub_778@77,77.0,34.74593,135.82292
4124,4869,kansai_sub_778@66,66.0,34.74593,135.82292
4125,4870,kansai_sub_779,154.0,34.68374,135.7844
4126,4871,kansai_sub_780,77.0,34.73147,135.79163
4127,4872,kansai_sub_782@154,154.0,34.91419,135.77127
4128,4873,kansai_sub_782@77,77.0,34.91419,135.77127
4129,4874,kansai_sub_782@66,66.0,34.91419,135.77127
4130,4875,kansai_sub_783@77,77.0,35.4874,135.76727
4131,4876,kansai_sub_783@u,66.0,35.4874,135.76727
4132,4877,kansai_sub_784,77.0,34.96113,135.76663
4133,4878,kansai_sub_785@500,500.0,35.73757,135.98703
4134,4879,kansai_sub_785@275,275.0,35.73757,135.98703
4135,4880,kansai_sub_786@154,154.0,35.34212,136.01448
4136,4881,kansai_sub_787@154,154.0,35.29798,136.00259
4137,4882,kansai_sub_787@77,77.0,35.29798,136.00259
4138,4883,kansai_sub_787@u,66.0,35.29798,136.00259
4139,4884,kansai_sub_788@154,154.0,35.39643,136.02969
4140,4885,kansai_sub_788@77,77.0,35.39643,136.02969
4141,4886,kansai_sub_789@154,154.0,35.40341,136.02916
4142,4887,kansai_sub_789@77,77.0,35.40341,136.02916
4143,4888,kansai_sub_791@500,500.0,34.73129,135.71466
4144,4889,kansai_sub_791@154,154.0,34.73129,135.71466
4145,4890,kansai_sub_791@77,77.0,34.73129,135.71466
4146,4891,kansai_sub_796,77.0,35.51917,136.1649
4147,4892,kansai_sub_797,154.0,35.00546,135.76982
4148,4894,kansai_sub_804,77.0,34.81108,135.68963
4149,4895,kansai_sub_805,77.0,34.88391,135.68553
4150,4896,kansai_sub_806@154,154.0,35.01147,135.9715
4151,4897,kansai_sub_806@u,66.0,35.01147,135.9715
4152,4899,kansai_sub_809,154.0,34.87911,135.80187
4153,4900,kansai_sub_810,77.0,34.93848,135.76246
4154,4901,kansai_sub_811@275,275.0,34.89515,135.85834
4155,4902,kansai_sub_811@154,154.0,34.89515,135.85834
4156,4903,kansai_sub_811@u,66.0,34.89515,135.85834
4157,4904,kansai_sub_812@77,77.0,34.86541,135.7098
4158,4905,kansai_sub_813,275.0,34.83297,135.75598
4159,4906,kansai_sub_814,77.0,35.08103,135.98803
4160,4907,kansai_sub_816,77.0,34.89553,135.79542
4161,4908,kansai_sub_818@500,500.0,34.86763,135.65396
4162,4909,kansai_sub_818@275,275.0,34.86763,135.65396
4163,4910,kansai_sub_818@77,77.0,34.86763,135.65396
4164,4911,kansai_sub_818@u,66.0,34.86763,135.65396
4165,4912,kansai_sub_819,154.0,35.00855,136.55878
4166,4913,kansai_sub_820@154,154.0,35.4685,136.07147
4167,4914,kansai_sub_820@77,77.0,35.4685,136.07147
4168,4915,kansai_sub_821@275,275.0,35.78998,136.20536
4169,4916,kansai_sub_821@154,154.0,35.78998,136.20536
4170,4917,kansai_sub_823,77.0,35.11579,135.90996
4171,4918,kansai_sub_824@154,154.0,35.11931,135.91268
4172,4919,kansai_sub_824@77,77.0,35.11931,135.91268
4173,4920,kansai_sub_825,154.0,35.22429,135.93567
4174,4921,kansai_sub_827,154.0,34.82905,135.80339
4175,4922,kansai_sub_828,66.0,34.74889,135.82164
4176,4923,kansai_sub_829@77,77.0,34.92172,135.73541
4177,4924,kansai_sub_829@66,66.0,34.92172,135.73541
4178,4925,kansai_sub_830,77.0,34.77938,135.67055
4179,4926,kansai_sub_831@154,154.0,35.25348,135.96922
4180,4927,kansai_sub_831@77,77.0,35.25348,135.96922
4181,4930,kansai_sub_837,77.0,34.78468,135.65937
4182,4931,kansai_sub_839,77.0,34.8986,135.70854
4183,4932,kansai_sub_840@500,500.0,35.54049,135.65611
4184,4933,kansai_sub_840@u,66.0,35.54049,135.65611
4185,4934,kansai_sub_842@77,77.0,34.94992,135.75519
4186,4935,kansai_sub_842@66,66.0,34.94992,135.75519
4187,4936,kansai_sub_843@77,77.0,34.94063,135.74962
4188,4937,kansai_sub_843@66,66.0,34.94063,135.74962
4189,4938,kansai_sub_844@154,154.0,35.00442,135.79639
4190,4939,kansai_sub_844@77,77.0,35.00442,135.79639
4191,4940,kansai_sub_845,77.0,35.06447,135.79159
4192,4941,kansai_sub_846,77.0,34.78404,135.7849
4193,4943,kansai_sub_848,66.0,34.95451,135.77699
4194,4944,kansai_sub_851@500,500.0,35.46274,136.56965
4195,4945,kansai_sub_851@154,154.0,35.46274,136.56965
4196,4946,kansai_sub_851@77,77.0,35.46274,136.56965
4197,4947,kansai_sub_852,154.0,35.41803,136.59862
4198,4949,kansai_sub_855@154,154.0,34.68315,135.80612
4199,4950,kansai_sub_855@77,77.0,34.68315,135.80612
4200,4951,kansai_sub_855@66,66.0,34.68315,135.80612
4201,4952,kansai_sub_856,77.0,34.84842,135.70398
4202,4953,kansai_sub_857,77.0,34.83333,135.69907
4203,4954,kansai_sub_858,77.0,34.82522,135.70821
4204,4955,kansai_sub_863@275,275.0,34.76366,135.65685
4205,4956,kansai_sub_863@77,77.0,34.76366,135.65685
4206,4958,kansai_sub_865,77.0,34.73276,135.79277
4207,4959,kansai_sub_866,77.0,34.64655,135.76705
4208,4961,kansai_sub_875,77.0,34.81611,135.66499
4209,4962,kansai_sub_876,500.0,34.84257,135.66504
4210,4963,kansai_sub_877@500,500.0,34.84229,135.66056
4211,4964,kansai_sub_877@154,154.0,34.84229,135.66056
4212,4965,kansai_sub_877@77,77.0,34.84229,135.66056
4213,4966,kansai_sub_877@u,66.0,34.84229,135.66056
4214,4967,kansai_sub_878,77.0,34.96822,135.70005
4215,4968,kansai_sub_879,275.0,34.84953,135.68515
4216,4969,kansai_sub_880,154.0,35.03121,135.99299
4217,4970,kansai_sub_881,154.0,35.03451,135.9953
4218,4971,kansai_sub_884@154,154.0,35.37919,136.67686
4219,4972,kansai_sub_884@77,77.0,35.37919,136.67686
4220,4974,kansai_sub_895,154.0,35.03369,135.99041
4221,4975,chugoku_jct_34.4734:132.5164:110,110.0,34.47338,132.51642
4222,4976,chugoku_jct_34.6771:134.0216:110,110.0,34.67709,134.02163
4223,4977,chugoku_jct_34.7052:134.0159:110,110.0,34.70516,134.01589
4224,4978,chugoku_jct_34.7092:134.0102:110,110.0,34.70924,134.01017
4225,4979,chugoku_jct_34.7172:134.0002:110,110.0,34.71718,134.00019
4226,4982,chugoku_jct_34.3492:132.9619:110,110.0,34.34918,132.96189
4227,4983,chugoku_jct_34.3088:134.0064:66,66.0,34.30884,134.00638
4228,4984,chugoku_jct_34.3138:134.0422:66,66.0,34.3138,134.04216
4229,4985,chugoku_jct_34.3249:134.0183:66,66.0,34.32486,134.01832
4230,4986,chugoku_jct_34.3288:134.0332:66,66.0,34.32879,134.03324
4231,4987,chugoku_jct_34.2293:133.9803:187,187.0,34.22934,133.98033
4232,4988,chugoku_jct_34.2712:133.8879:187,187.0,34.27124,133.88789
4233,4989,chugoku_jct_34.3416:134.0766:66,66.0,34.34157,134.0766
4234,4990,chugoku_jct_34.2959:134.0907:66,66.0,34.29588,134.09072
4235,4991,chugoku_jct_34.3395:134.0703:66,66.0,34.33951,134.07034
4236,4992,chugoku_jct_34.3475:134.0701:66,66.0,34.34747,134.07014
4237,4993,chugoku_jct_34.136:133.888:187,187.0,34.13603,133.888
4238,4994,chugoku_jct_34.2966:134.0787:66,66.0,34.29655,134.07866
4239,4995,chugoku_jct_34.2324:134.0591:66,66.0,34.23242,134.05912
4240,4996,chugoku_jct_34.4292:132.4148:110,110.0,34.42921,132.41479
4241,4997,chugoku_jct_34.4071:132.4041:110,110.0,34.40714,132.40413
4242,4998,chugoku_jct_34.4209:132.5017:110,110.0,34.42086,132.5017
4243,4999,chugoku_jct_34.4357:132.4571:110,110.0,34.43569,132.45715
4244,5000,chugoku_jct_34.2938:133.8586:66,66.0,34.29378,133.85859
4245,5001,chugoku_jct_34.1747:133.9986:187,187.0,34.17469,133.99861
4246,5002,chugoku_jct_34.2082:134.2108:187,187.0,34.20817,134.21081
4247,5003,chugoku_jct_34.184:134.5478:187,187.0,34.18405,134.54783
4248,5004,chugoku_jct_34.3478:133.8288:187,187.0,34.34781,133.82877
4249,5005,chugoku_jct_34.2015:133.8535:66,66.0,34.20148,133.8535
4250,5006,chugoku_jct_34.4229:132.5008:110,110.0,34.42291,132.50076
4251,5007,chugoku_jct_34.3405:132.5204:110,110.0,34.34051,132.52044
4252,5008,chugoku_jct_34.4199:132.454:0,66.0,34.41994,132.45404
4253,5009,chugoku_jct_34.3491:132.3:110,110.0,34.34906,132.30003
4254,5010,chugoku_jct_34.4229:132.3797:110,110.0,34.42288,132.37971
4255,5015,chugoku_jct_34.3677:132.4865:0,66.0,34.36766,132.48654
4256,5016,chugoku_jct_34.3663:132.4873:0,66.0,34.36628,132.48735
4257,5017,chugoku_jct_34.368:132.3221:110,110.0,34.36799,132.32206
4258,5018,chugoku_jct_34.4529:132.4142:110,110.0,34.45292,132.41422
4259,5019,chugoku_jct_34.4384:132.4288:110,110.0,34.43843,132.42879
4260,5020,chugoku_jct_34.338:132.5737:110,110.0,34.33796,132.57371
4261,5021,chugoku_jct_34.461:132.4762:110,110.0,34.46102,132.47616
4262,5022,chugoku_jct_34.5635:132.4422:110,110.0,34.56347,132.44224
4263,5023,chugoku_jct_34.5642:132.4463:110,110.0,34.56423,132.44634
4264,5024,chugoku_jct_34.5032:132.5271:110,110.0,34.50322,132.52708
4265,5025,chugoku_jct_34.4608:132.7306:220,220.0,34.46083,132.73063
4266,5026,chugoku_jct_34.4572:132.7436:220,220.0,34.45718,132.74355
4267,5027,chugoku_jct_34.4452:132.7602:220,220.0,34.4452,132.76022
4268,5028,chugoku_jct_34.4532:132.6631:220,220.0,34.45323,132.66308
4269,5029,chugoku_jct_34.5362:132.9768:110,110.0,34.53618,132.97684
4270,5032,chugoku_jct_34.3646:132.5017:0,66.0,34.36462,132.5017
4271,5033,chugoku_jct_34.4417:132.4907:110,110.0,34.44173,132.49068
4272,5034,chugoku_jct_34.3788:132.2763:110,110.0,34.37884,132.27629
4273,5035,chugoku_jct_34.3586:132.2941:110,110.0,34.35863,132.2941
4274,5036,chugoku_jct_34.3524:132.3084:110,110.0,34.35245,132.30837
4275,5037,chugoku_jct_34.3558:132.2405:220,220.0,34.3558,132.24048
4276,5038,chugoku_jct_34.5774:132.5655:220,220.0,34.57735,132.56547
4277,5039,chugoku_jct_34.2748:132.5797:110,110.0,34.27477,132.57967
4278,5040,chugoku_jct_34.4057:132.5119:110,110.0,34.40569,132.51191
4279,5041,chugoku_jct_34.3891:132.552:110,110.0,34.38905,132.55204
4280,5042,chugoku_jct_34.7326:132.6724:110,110.0,34.73264,132.67245
4281,5043,chugoku_jct_34.6946:132.6651:110,110.0,34.69462,132.66506
4282,5044,chugoku_jct_34.6655:132.6599:110,110.0,34.66552,132.65987
4283,5045,chugoku_jct_34.472:132.5798:110,110.0,34.472,132.57983
4284,5046,chugoku_jct_34.3572:132.566:110,110.0,34.35721,132.56598
4285,5047,chugoku_jct_34.2802:132.5841:110,110.0,34.28019,132.58406
4286,5048,chugoku_jct_34.3507:132.3211:110,110.0,34.35071,132.32114
4287,5049,chugoku_jct_35.3423:132.7855:110,110.0,35.34231,132.78551
4288,5050,chugoku_jct_35.2792:132.8656:66,66.0,35.27923,132.86565
4289,5051,chugoku_jct_35.2819:132.8904:66,66.0,35.28189,132.89045
4290,5052,chugoku_jct_33.8213:132.8143:66,66.0,33.82129,132.81432
4291,5053,chugoku_jct_33.9084:133.2248:187,187.0,33.90841,133.22481
4292,5054,chugoku_jct_33.8084:132.9498:187,187.0,33.80844,132.94984
4293,5055,chugoku_jct_33.8817:132.7844:66,66.0,33.88173,132.78443
4294,5056,chugoku_jct_33.9531:133.3271:66,66.0,33.95308,133.32708
4295,5057,chugoku_jct_33.9669:133.5623:187,187.0,33.96689,133.56226
4296,5058,chugoku_jct_33.9256:133.3816:187,187.0,33.92561,133.38159
4297,5059,chugoku_jct_33.7046:133.9076:110,110.0,33.70457,133.9076
4298,5060,chugoku_jct_33.7054:132.8385:500,500.0,33.70535,132.83847
4299,5061,chugoku_jct_33.5635:132.5577:187,187.0,33.56352,132.55773
4300,5062,chugoku_jct_33.5658:132.5558:187,187.0,33.56576,132.55576
4301,5063,chugoku_jct_35.4367:133.1054:110,110.0,35.43673,133.10539
4302,5064,chugoku_jct_34.3885:132.695:110,110.0,34.38855,132.69497
4303,5065,chugoku_jct_34.4446:132.8541:220,220.0,34.44461,132.85408
4304,5067,chugoku_jct_34.2341:133.7329:66,66.0,34.23409,133.73286
4305,5068,chugoku_jct_34.2778:133.7634:66,66.0,34.27775,133.76339
4306,5069,chugoku_jct_33.7789:130.6136:500,500.0,33.77891,130.61358
4307,5072,chugoku_jct_34.3249:134.193:66,66.0,34.3249,134.19304
4308,5073,chugoku_jct_34.2774:134.1549:66,66.0,34.27738,134.15492
4309,5074,chugoku_jct_34.2548:134.2361:66,66.0,34.25481,134.23612
4310,5075,chugoku_jct_34.2413:134.3087:66,66.0,34.24132,134.30867
4311,5076,chugoku_jct_34.2641:132.2246:110,110.0,34.26413,132.22463
4312,5077,chugoku_jct_34.8207:134.0545:110,110.0,34.82074,134.05448
4313,5078,chugoku_jct_33.7967:130.8894:220,220.0,33.79669,130.88937
4314,5079,chugoku_jct_33.8246:130.9083:220,220.0,33.82456,130.90832
4315,5080,chugoku_jct_33.6083:131.0143:500,500.0,33.60834,131.01426
4316,5081,chugoku_jct_33.6099:131.0158:220,220.0,33.60987,131.01582
4317,5082,chugoku_jct_34.0118:130.9813:110,110.0,34.01177,130.98131
4318,5083,chugoku_jct_34.0085:130.9725:110,110.0,34.00849,130.97249
4319,5084,chugoku_jct_34.0714:131.0141:110,110.0,34.07138,131.01408
4320,5085,chugoku_jct_34.0353:130.9798:110,110.0,34.03533,130.97975
4321,5086,chugoku_jct_34.1494:130.9385:110,110.0,34.14935,130.93849
4322,5087,chugoku_jct_33.9395:130.8006:0,66.0,33.93947,130.80058
4323,5088,chugoku_jct_33.9404:130.8278:0,66.0,33.94038,130.82776
4324,5089,chugoku_jct_33.7854:130.9964:66,66.0,33.78537,130.9964
4325,5090,chugoku_jct_33.7886:130.9953:66,66.0,33.78861,130.99532
4326,5091,chugoku_jct_33.7827:130.9938:66,66.0,33.78275,130.99379
4327,5092,chugoku_jct_33.776:130.9849:220,220.0,33.77599,130.98486
4328,5093,chugoku_jct_33.7766:130.9865:220,220.0,33.77661,130.98653
4329,5094,chugoku_jct_34.0169:130.9884:110,110.0,34.01693,130.98839
4330,5095,chugoku_jct_34.1926:133.7683:0,66.0,34.19261,133.7683
4331,5096,chugoku_jct_33.8474:130.8699:66,66.0,33.8474,130.86993
4332,5097,chugoku_jct_33.8472:130.8715:66,66.0,33.84722,130.87147
4333,5098,chugoku_jct_33.7713:130.976:66,66.0,33.77128,130.97601
4334,5099,chugoku_jct_33.772:130.9717:66,66.0,33.772,130.97171
4335,5100,chugoku_jct_33.8071:130.8467:220,220.0,33.80713,130.84666
4336,5101,chugoku_jct_35.0608:134.6025:500,500.0,35.06077,134.60248
4337,5102,chugoku_jct_33.8349:130.7637:220,220.0,33.83493,130.76373
4338,5103,chugoku_jct_33.7345:130.6728:220,220.0,33.73453,130.67282
4339,5104,chugoku_jct_34.505:133.7723:66,66.0,34.505,133.77228
4340,5105,chugoku_jct_34.4954:133.7768:66,66.0,34.4954,133.77678
4341,5106,chugoku_jct_34.5061:133.7704:110,110.0,34.5061,133.77037
4342,5107,chugoku_jct_34.506:133.7711:110,110.0,34.50598,133.77112
4343,5108,chugoku_jct_34.5449:133.7791:110,110.0,34.54486,133.77905
4344,5109,chugoku_jct_34.8073:133.3403:500,500.0,34.80726,133.34029
4345,5110,chugoku_jct_34.6565:134.1472:500,500.0,34.65654,134.14718
4346,5111,chugoku_jct_34.8589:134.4295:275,275.0,34.85888,134.42949
4347,5112,chugoku_jct_34.8503:134.666:275,275.0,34.85032,134.66604
4348,5113,chugoku_jct_34.7727:134.3756:275,275.0,34.77266,134.37563
4349,5114,chugoku_jct_34.7845:134.3845:275,275.0,34.78454,134.38454
4350,5115,chugoku_jct_34.8003:134.39:275,275.0,34.80032,134.39003
4351,5116,chugoku_jct_35.0639:134.5978:500,500.0,35.06389,134.59778
4352,5117,chugoku_jct_34.7321:133.7424:110,110.0,34.73206,133.74239
4353,5118,chugoku_jct_34.7215:133.7214:110,110.0,34.72147,133.72142
4354,5119,chugoku_jct_34.5943:133.6835:110,110.0,34.59434,133.68347
4355,5120,chugoku_jct_34.5853:133.6856:110,110.0,34.58525,133.68559
4356,5121,chugoku_jct_34.6831:133.6049:220,220.0,34.68309,133.60491
4357,5124,chugoku_jct_34.6079:133.2673:220,220.0,34.6079,133.26727
4358,5125,chugoku_jct_34.6076:133.2585:220,220.0,34.60757,133.25852
4359,5126,chugoku_jct_34.1571:131.889:220,220.0,34.15714,131.88901
4360,5127,chugoku_jct_34.0669:131.2564:220,220.0,34.06692,131.25639
4361,5128,chugoku_jct_34.1375:131.5978:220,220.0,34.13749,131.59776
4362,5129,chugoku_jct_34.131:131.4978:220,220.0,34.13101,131.49784
4363,5130,chugoku_jct_34.1338:131.4926:110,110.0,34.13382,131.49257
4364,5131,chugoku_jct_34.826:134.4648:275,275.0,34.82595,134.46482
4365,5132,chugoku_jct_34.8291:134.5032:0,66.0,34.8291,134.50323
4366,5133,chugoku_jct_33.8158:130.9251:66,66.0,33.81583,130.92507
4367,5134,chugoku_jct_33.7084:130.7553:110,110.0,33.70841,130.75529
4368,5135,chugoku_jct_33.7577:130.8596:66,66.0,33.75769,130.85957
4369,5136,chugoku_jct_33.664:130.8561:66,66.0,33.664,130.85612
4370,5137,chugoku_jct_33.8442:130.8118:66,66.0,33.84422,130.81178
4371,5138,chugoku_jct_33.8714:130.9603:66,66.0,33.87139,130.96035
4372,5139,chugoku_jct_33.9063:130.9526:66,66.0,33.90625,130.95263
4373,5140,chugoku_jct_33.8244:130.8917:66,66.0,33.82441,130.89165
4374,5141,chugoku_jct_33.8171:130.925:66,66.0,33.8171,130.92499
4375,5142,chugoku_jct_34.6457:133.7843:110,110.0,34.6457,133.78427
4376,5143,chugoku_jct_34.6381:133.7667:110,110.0,34.63809,133.7667
4377,5144,chugoku_jct_34.613:133.7332:110,110.0,34.61296,133.73324
4378,5145,chugoku_jct_33.8741:130.8456:66,66.0,33.87408,130.84556
4379,5146,chugoku_jct_33.8741:130.8456:220,220.0,33.87408,130.84556
4380,5148,chugoku_jct_33.953:130.9824:66,66.0,33.95301,130.98245
4381,5149,chugoku_jct_34.7494:134.1726:66,66.0,34.74937,134.1726
4382,5150,chugoku_jct_33.8274:134.6343:500,500.0,33.82744,134.6343
4383,5151,chugoku_jct_34.139:134.4218:66,66.0,34.13896,134.42181
4384,5152,chugoku_jct_34.1515:134.4671:66,66.0,34.15154,134.46705
4385,5153,chugoku_jct_34.0036:134.5912:66,66.0,34.00357,134.59117
4386,5154,chugoku_jct_34.1661:134.5554:187,187.0,34.16611,134.55535
4387,5155,chugoku_jct_34.2109:134.4097:66,66.0,34.21086,134.40973
4388,5156,chugoku_jct_34.4994:132.5231:110,110.0,34.49937,132.5231
4389,5157,chugoku_jct_34.485:132.4955:0,66.0,34.48504,132.49546
4390,5158,chugoku_jct_34.4962:132.5155:110,110.0,34.4962,132.51547
4391,5159,chugoku_jct_34.9396:133.9625:110,110.0,34.93956,133.96253
4392,5160,chugoku_jct_34.918:133.8683:110,110.0,34.91797,133.86829
4393,5161,chugoku_jct_34.8396:133.8784:110,110.0,34.83958,133.87836
4394,5162,chugoku_jct_34.2379:132.5786:110,110.0,34.23793,132.57856
4395,5163,chugoku_jct_34.5961:131.944:110,110.0,34.59608,131.94404
4396,5164,chugoku_jct_34.5967:131.9433:110,110.0,34.59674,131.94334
4397,5165,chugoku_jct_34.3188:132.8532:220,220.0,34.3188,132.85317
4398,5166,chugoku_jct_34.3598:132.9084:110,110.0,34.35976,132.9084
4399,5167,chugoku_jct_34.389:133.0424:110,110.0,34.38901,133.04236
4400,5168,chugoku_jct_35.393:132.9513:110,110.0,35.39299,132.95135
4401,5169,chugoku_jct_35.525:133.1285:110,110.0,35.525,133.12853
4402,5170,chugoku_jct_35.3948:132.9171:110,110.0,35.3948,132.91707
4403,5171,chugoku_jct_35.4145:133.0238:110,110.0,35.41445,133.02376
4404,5172,chugoku_jct_35.3814:133.3232:110,110.0,35.38141,133.32319
4405,5173,chugoku_jct_35.2782:133.4807:220,220.0,35.27821,133.48066
4406,5174,chugoku_jct_34.6529:133.869:110,110.0,34.65286,133.86898
4407,5175,chugoku_jct_34.6412:133.8584:110,110.0,34.64118,133.85844
4408,5176,chugoku_jct_34.7094:134.0105:110,110.0,34.7094,134.01047
4409,5177,chugoku_jct_34.6607:133.9628:110,110.0,34.66071,133.96277
4410,5178,chugoku_jct_34.5192:133.7199:110,110.0,34.51924,133.71986
4411,5179,chugoku_jct_34.5193:133.7201:110,110.0,34.51925,133.72014
4412,5180,chugoku_jct_34.6722:133.8797:110,110.0,34.67218,133.8797
4413,5181,chugoku_jct_34.6484:133.8941:110,110.0,34.6484,133.8941
4414,5182,chugoku_jct_34.5901:133.6929:110,110.0,34.59012,133.69292
4415,5183,chugoku_jct_34.4081:133.0453:110,110.0,34.40814,133.04534
4416,5184,chugoku_jct_34.5111:133.1861:110,110.0,34.51108,133.1861
4417,5185,chugoku_jct_34.4495:133.2343:110,110.0,34.4495,133.23428
4418,5186,chugoku_jct_34.4389:133.1708:110,110.0,34.43887,133.17079
4419,5187,chugoku_jct_34.4485:133.2139:110,110.0,34.44854,133.21387
4420,5188,chugoku_jct_34.4381:133.169:110,110.0,34.43807,133.16898
4421,5189,chugoku_jct_34.4347:133.3706:110,110.0,34.43466,133.37058
4422,5190,chugoku_jct_34.4724:133.2729:110,110.0,34.47241,133.27294
4423,5191,chugoku_jct_34.511:133.3377:110,110.0,34.51097,133.33766
4424,5192,chugoku_jct_34.5059:133.365:110,110.0,34.50595,133.36496
4425,5193,chugoku_jct_34.5396:133.5335:110,110.0,34.53956,133.53349
4426,5194,chugoku_jct_34.5034:133.5394:110,110.0,34.50338,133.5394
4427,5195,chugoku_jct_34.5121:133.6426:110,110.0,34.51211,133.64265
4428,5196,chugoku_jct_34.6729:134.0552:66,66.0,34.67292,134.05521
4429,5197,chugoku_jct_34.6739:134.0571:66,66.0,34.67392,134.05709
4430,5198,chugoku_jct_34.7158:134.142:66,66.0,34.71582,134.14197
4431,5199,chugoku_jct_34.5592:133.6385:110,110.0,34.55916,133.63854
4432,5200,chugoku_jct_34.7761:133.6413:110,110.0,34.77605,133.64133
4433,5201,chugoku_jct_34.7766:133.625:110,110.0,34.77657,133.62503
4434,5202,chugoku_jct_34.7806:133.6132:110,110.0,34.78057,133.61324
4435,5203,chugoku_jct_34.5083:133.4452:110,110.0,34.50828,133.44519
4436,5204,chugoku_jct_34.4844:133.4298:110,110.0,34.48442,133.42984
4437,5205,chugoku_jct_34.5262:133.4673:110,110.0,34.52624,133.4673
4438,5206,chugoku_jct_34.5258:133.4177:110,110.0,34.52582,133.41766
4439,5207,chugoku_jct_34.5528:133.6058:110,110.0,34.55277,133.60579
4440,5208,chugoku_jct_34.54:133.5399:110,110.0,34.54003,133.53995
4441,5209,chugoku_jct_35.2736:133.7694:110,110.0,35.27356,133.76942
4442,5210,chugoku_jct_35.4099:133.8544:110,110.0,35.40993,133.85441
4443,5211,chugoku_jct_34.7217:134.1369:66,66.0,34.72174,134.13692
4444,5212,chugoku_jct_34.7349:134.127:66,66.0,34.73495,134.12697
4445,5213,chugoku_jct_34.7231:134.0172:110,110.0,34.72309,134.01718
4446,5214,chugoku_jct_34.7451:134.041:110,110.0,34.74506,134.04104
4447,5215,chugoku_jct_34.5342:133.9862:66,66.0,34.53424,133.98615
4448,5216,chugoku_jct_34.4544:133.9176:66,66.0,34.45442,133.91762
4449,5217,chugoku_jct_34.4913:133.8986:66,66.0,34.49126,133.89859
4450,5218,chugoku_jct_34.9703:134.0508:110,110.0,34.9703,134.05076
4451,5219,chugoku_jct_35.0282:134.0564:110,110.0,35.02815,134.05636
4452,5220,chugoku_jct_35.0294:134.0559:110,110.0,35.02939,134.05591
4453,5221,chugoku_jct_34.5335:133.949:66,66.0,34.53352,133.94905
4454,5222,chugoku_jct_34.5201:133.7242:110,110.0,34.52014,133.72422
4455,5223,chugoku_jct_34.8886:134.1473:110,110.0,34.88861,134.14732
4456,5224,chugoku_jct_34.91:134.1404:110,110.0,34.91002,134.14037
4457,5225,chugoku_jct_34.9367:134.1163:110,110.0,34.93671,134.11627
4458,5226,chugoku_jct_34.9552:134.0674:110,110.0,34.95516,134.06743
4459,5227,chugoku_jct_34.7556:134.205:66,66.0,34.75558,134.20501
4460,5228,chugoku_jct_34.7621:134.2587:66,66.0,34.76214,134.25868
4461,5229,chugoku_jct_35.4176:133.3546:66,66.0,35.41759,133.35457
4462,5230,chugoku_jct_35.4192:133.3691:66,66.0,35.41923,133.36905
4463,5231,chugoku_jct_35.3734:133.4079:66,66.0,35.37341,133.40792
4464,5232,chugoku_jct_34.8263:132.7407:110,110.0,34.82633,132.74073
4465,5233,chugoku_jct_34.9116:132.8302:110,110.0,34.91164,132.83018
4466,5234,chugoku_jct_35.0522:132.5731:110,110.0,35.05217,132.57308
4467,5235,chugoku_jct_34.6036:132.368:110,110.0,34.60362,132.36804
4468,5236,chugoku_jct_35.0239:134.0897:66,66.0,35.02391,134.08966
4469,5237,chugoku_jct_35.0199:134.1019:66,66.0,35.01989,134.1019
4470,5238,chugoku_jct_35.008:134.1397:66,66.0,35.008,134.13972
4471,5239,chugoku_jct_34.2165:132.5605:66,66.0,34.21649,132.56054
4472,5240,chugoku_jct_34.4555:132.379:110,110.0,34.45551,132.37905
4473,5241,chugoku_jct_34.2034:132.5717:66,66.0,34.20341,132.57174
4474,5242,chugoku_jct_35.0491:134.0932:66,66.0,35.0491,134.09316
4475,5243,chugoku_jct_35.0551:134.1087:66,66.0,35.05508,134.10866
4476,5244,chugoku_jct_34.4671:132.8971:110,110.0,34.46714,132.89709
4477,5245,chugoku_jct_34.4512:132.9699:110,110.0,34.45122,132.96992
4478,5246,chugoku_jct_34.0035:131.2925:110,110.0,34.00351,131.29248
4479,5247,chugoku_jct_34.0196:131.2915:110,110.0,34.01956,131.2915
4480,5248,chugoku_jct_34.035:131.2454:220,220.0,34.03504,131.24538
4481,5249,chugoku_jct_34.3642:131.1969:110,110.0,34.36418,131.19686
4482,5250,chugoku_jct_34.3672:131.193:110,110.0,34.36719,131.19298
4483,5251,chugoku_jct_33.9972:131.2764:110,110.0,33.99721,131.2764
4484,5252,chugoku_jct_34.033:131.2747:110,110.0,34.033,131.27474
4485,5253,chugoku_jct_33.9761:131.2422:66,66.0,33.97612,131.2422
4486,5254,chugoku_jct_34.0342:131.2766:110,110.0,34.03418,131.27664
4487,5255,chugoku_jct_34.386:131.4037:110,110.0,34.38601,131.40372
4488,5256,chugoku_jct_33.9839:131.2416:110,110.0,33.98386,131.24162
4489,5257,chugoku_jct_34.0457:131.3285:110,110.0,34.04573,131.32845
4490,5258,chugoku_jct_34.1572:131.1892:66,66.0,34.15718,131.18917
4491,5259,chugoku_jct_33.9676:131.1773:110,110.0,33.96759,131.17732
4492,5260,chugoku_jct_34.0549:131.1849:110,110.0,34.05487,131.1849
4493,5261,chugoku_jct_34.0406:131.8177:110,110.0,34.04064,131.81767
4494,5262,chugoku_jct_34.0675:131.8239:66,66.0,34.06749,131.82391
4495,5263,chugoku_jct_34.0777:131.7949:110,110.0,34.07773,131.79493
4496,5264,chugoku_jct_34.0362:131.8537:110,110.0,34.03619,131.85368
4497,5265,chugoku_jct_34.0506:131.8386:66,66.0,34.0506,131.83859
4498,5266,chugoku_jct_34.0362:131.5776:110,110.0,34.03617,131.57757
4499,5267,chugoku_jct_34.1539:132.1953:110,110.0,34.15394,132.19529
4500,5268,chugoku_jct_34.1478:132.1803:110,110.0,34.14777,132.18032
4501,5269,chugoku_jct_34.2713:132.2146:220,220.0,34.27129,132.21458
4502,5270,chugoku_jct_34.2167:132.1773:220,220.0,34.21671,132.17728
4503,5271,chugoku_jct_34.1462:132.1696:220,220.0,34.1462,132.16964
4504,5272,chugoku_jct_35.4134:133.1455:110,110.0,35.41341,133.14553
4505,5273,chugoku_jct_35.4119:133.1424:110,110.0,35.41187,133.14241
4506,5274,chugoku_jct_35.4154:133.1436:110,110.0,35.41542,133.14361
4507,5275,chugoku_jct_35.4298:133.1393:110,110.0,35.42977,133.13928
4508,5276,chugoku_jct_34.1172:131.3876:110,110.0,34.11718,131.38758
4509,5277,chugoku_jct_34.1355:131.4366:110,110.0,34.13548,131.43665
4510,5278,chugoku_jct_34.0354:131.5761:110,110.0,34.03539,131.57611
4511,5279,chugoku_jct_33.9948:131.9731:110,110.0,33.99482,131.97307
4512,5280,chugoku_jct_33.9687:132.0529:110,110.0,33.96866,132.05292
4513,5281,chugoku_jct_33.999:132.1453:110,110.0,33.999,132.14526
4514,5282,chugoku_jct_34.04:131.8617:110,110.0,34.04001,131.86171
4515,5283,chugoku_jct_34.0212:131.9557:110,110.0,34.02118,131.95574
4516,5284,chugoku_jct_34.8659:132.1382:66,66.0,34.86591,132.13817
4517,5285,chugoku_jct_34.9701:132.1809:66,66.0,34.9701,132.1809
4518,5286,chugoku_jct_34.8813:132.0988:66,66.0,34.88131,132.09884
4519,5287,chugoku_jct_34.741:131.9955:66,66.0,34.74095,131.99547
4520,5288,chugoku_jct_34.7568:131.9461:66,66.0,34.75678,131.94611
4521,5289,chugoku_jct_34.8565:132.0335:66,66.0,34.85652,132.03351
4522,5290,chugoku_jct_34.886:132.0714:66,66.0,34.88601,132.07139
4523,5292,chugoku_jct_34.2251:133.0452:110,110.0,34.22507,133.04518
4524,5293,chugoku_jct_34.3362:133.1915:110,110.0,34.33624,133.19154
4525,5294,chugoku_jct_33.9379:130.8981:0,66.0,33.93789,130.89815
4526,5295,chugoku_jct_34.3777:132.4127:0,66.0,34.37773,132.41274
4527,5298,chugoku_jct_34.4267:133.1341:110,110.0,34.42673,133.1341
4528,5301,chugoku_jct_34.2325:132.1646:220,220.0,34.23247,132.16459
4529,5302,chugoku_jct_34.5138:133.3374:110,220.0,34.51384,133.33741
4530,5305,chugoku_jct_34.3331:132.29:110,110.0,34.33307,132.29004
4531,5306,chugoku_jct_34.589:133.2317:220,220.0,34.58899,133.23168
4532,5307,chugoku_jct_34.587:132.4544:110,110.0,34.58703,132.45435
4533,5308,chugoku_jct_34.5433:133.389:110,110.0,34.54328,133.38896
4534,5309,chugoku_jct_34.5185:133.3594:110,110.0,34.51853,133.35945
4535,5310,chugoku_jct_34.5055:133.3667:110,110.0,34.50546,133.3667
4536,5311,chugoku_jct_33.7158:130.9686:66,66.0,33.71583,130.96861
4537,5312,chugoku_jct_33.788:130.9963:220,220.0,33.78801,130.9963
4538,5313,chugoku_jct_33.6246:131.0825:66,66.0,33.62458,131.08249
4539,5335,chugoku_jct_33.796:130.9791:66,66.0,33.796,130.97905
4540,5336,chugoku_jct_34.5524:133.269:0,66.0,34.55239,133.26901
4541,5337,chugoku_jct_34.5494:133.2659:220,220.0,34.54942,133.26589
4542,5338,chugoku_jct_34.5496:133.2634:0,66.0,34.54955,133.26343
4543,5339,chugoku_jct_34.5492:133.2202:220,220.0,34.54916,133.22019
4544,5340,chugoku_jct_34.5526:133.2688:0,66.0,34.55259,133.2688
4545,5341,chugoku_jct_34.3979:133.0938:0,66.0,34.39785,133.09375
4546,5344,chugoku_jct_34.4804:132.8971:110,110.0,34.48044,132.89706
4547,5345,chugoku_jct_35.3812:132.8163:66,66.0,35.38118,132.81634
4548,5346,chugoku_jct_35.4274:132.8242:66,66.0,35.42736,132.82416
4549,5347,chugoku_jct_35.3908:132.6882:66,66.0,35.39081,132.68822
4550,5348,chugoku_jct_33.7857:130.9965:220,220.0,33.78572,130.99647
4551,5349,chugoku_jct_35.4363:133.8571:110,110.0,35.43627,133.85706
4552,5350,chugoku_jct_35.4911:134.0471:110,110.0,35.49113,134.0471
4553,5351,chugoku_jct_35.5016:134.1865:110,110.0,35.50159,134.18653
4554,5352,chugoku_jct_35.4959:134.1987:110,110.0,35.4959,134.19869
4555,5353,chugoku_jct_35.4929:134.209:66,66.0,35.49285,134.20903
4556,5354,chugoku_jct_35.2687:134.2764:66,66.0,35.2687,134.27642
4557,5355,chugoku_jct_35.2767:134.2931:66,66.0,35.27672,134.2931
4558,5356,chugoku_jct_35.2617:134.2759:66,66.0,35.26171,134.27592
4559,5357,chugoku_jct_35.4932:134.2156:66,66.0,35.49323,134.21562
4560,5358,chugoku_jct_35.3302:134.084:66,66.0,35.33021,134.08396
4561,5359,chugoku_jct_35.3386:134.1975:66,66.0,35.33856,134.19749
4562,5360,chugoku_jct_35.35:134.3942:66,66.0,35.34996,134.39424
4563,5361,chugoku_jct_35.4461:134.2441:66,66.0,35.44612,134.2441
4564,5362,chugoku_jct_34.4804:133.5232:110,110.0,34.48044,133.52323
4565,5363,chugoku_jct_34.4776:133.5173:110,110.0,34.47762,133.51735
4566,5364,chugoku_jct_35.4058:133.8976:66,66.0,35.40583,133.89756
4567,5365,chugoku_jct_35.3949:133.8727:66,66.0,35.39488,133.8727
4568,5366,chugoku_jct_35.4177:133.8411:66,66.0,35.41766,133.84107
4569,5367,chugoku_jct_35.401:133.8541:66,66.0,35.40096,133.85405
4570,5368,chugoku_jct_35.435:133.8561:66,66.0,35.43501,133.85615
4571,5369,chugoku_jct_35.4929:133.8575:110,110.0,35.49292,133.85754
4572,5370,chugoku_jct_35.4578:133.8482:110,110.0,35.4578,133.84824
4573,5371,chugoku_jct_35.4518:133.8613:110,110.0,35.4518,133.86128
4574,5372,chugoku_jct_35.3891:133.8556:66,66.0,35.38912,133.85558
4575,5373,chugoku_jct_35.4201:133.7886:66,66.0,35.42005,133.78865
4576,5374,chugoku_jct_33.8995:134.6248:187,187.0,33.89952,134.62481
4577,5375,chugoku_jct_34.3203:132.8473:220,220.0,34.32028,132.84726
4578,5376,chugoku_jct_34.3227:132.8376:220,220.0,34.32269,132.83761
4579,5377,chugoku_jct_34.7937:134.1664:0,110.0,34.79372,134.16637
4580,5378,chugoku_jct_34.7488:134.0834:66,66.0,34.74885,134.08341
4581,5379,chugoku_jct_34.7009:133.9013:110,110.0,34.70086,133.90133
4582,5380,chugoku_jct_33.8788:134.2742:187,187.0,33.8788,134.27423
4583,5381,chugoku_jct_33.8799:134.6513:187,187.0,33.87987,134.65133
4584,5382,chugoku_jct_34.7892:133.9096:110,110.0,34.7892,133.90961
4585,5383,chugoku_jct_34.7864:133.9146:110,110.0,34.78645,133.91464
4586,5384,chugoku_jct_34.7924:133.909:110,110.0,34.79244,133.90904
4587,5385,chugoku_jct_34.7971:133.9081:110,110.0,34.79707,133.90806
4588,5386,chugoku_jct_34.8153:133.9022:110,110.0,34.8153,133.90217
4589,5387,chugoku_jct_34.7926:133.9104:110,110.0,34.79264,133.91044
4590,5388,chugoku_jct_34.7952:133.9159:110,110.0,34.79519,133.91588
4591,5389,chugoku_jct_34.6763:133.1153:110,110.0,34.67626,133.11526
4592,5390,chugoku_jct_34.4386:132.7289:220,220.0,34.4386,132.72894
4593,5397,chugoku_jct_34.7827:134.3915:275,275.0,34.78266,134.39151
4594,5398,chugoku_jct_34.795:134.4607:0,66.0,34.79497,134.4607
4595,5401,chugoku_jct_33.9025:133.2352:187,187.0,33.90254,133.23523
4596,5402,chugoku_jct_34.7565:134.0768:66,66.0,34.7565,134.07682
4597,5403,chugoku_jct_34.2169:131.5597:0,66.0,34.21693,131.55972
4598,5404,chugoku_jct_34.184:133.7575:187,187.0,34.18399,133.75751
4599,5407,chugoku_jct_35.4172:133.3515:110,110.0,35.41724,133.35149
4600,5408,chugoku_jct_34.2271:132.6454:0,66.0,34.22713,132.64536
4601,5409,chugoku_jct_34.2632:132.6358:0,66.0,34.26325,132.6358
4602,5410,chugoku_jct_33.9109:132.7678:66,66.0,33.91086,132.76785
4603,5411,chugoku_jct_33.8998:132.7498:66,66.0,33.89983,132.74983
4604,5412,chugoku_jct_33.8548:132.734:66,66.0,33.85484,132.73399
4605,5413,chugoku_jct_33.8481:132.7294:66,66.0,33.84815,132.72937
4606,5414,chugoku_jct_33.8397:132.7031:0,66.0,33.83969,132.70311
4607,5415,chugoku_jct_34.098:132.1313:110,110.0,34.09803,132.1313
4608,5416,chugoku_jct_33.9823:132.0951:110,110.0,33.98228,132.09506
4609,5417,chugoku_jct_34.0918:132.125:110,110.0,34.09183,132.12504
4610,5418,chugoku_jct_34.1111:131.4925:110,110.0,34.11107,131.49247
4611,5419,chugoku_jct_33.9693:131.9441:110,110.0,33.96929,131.94408
4612,5420,chugoku_jct_33.9668:131.9392:110,110.0,33.96685,131.93915
4613,5421,chugoku_jct_33.9816:131.9265:110,110.0,33.98156,131.92653
4614,5422,chugoku_jct_33.9489:131.2253:110,110.0,33.94887,131.22531
4615,5423,chugoku_jct_34.0067:131.2018:66,66.0,34.00665,131.20183
4616,5424,chugoku_jct_34.0754:131.0438:66,66.0,34.07537,131.04375
4617,5425,chugoku_jct_34.0445:131.1375:66,66.0,34.04447,131.13749
4618,5426,chugoku_jct_33.9534:133.311:66,66.0,33.95336,133.311
4619,5427,chugoku_jct_33.9347:133.2676:66,66.0,33.93469,133.26756
4620,5430,chugoku_jct_34.6023:133.9655:0,66.0,34.60231,133.96549
4621,5431,chugoku_jct_34.437:133.4281:110,110.0,34.43699,133.42813
4622,5432,chugoku_jct_34.4364:133.4294:110,110.0,34.43637,133.4294
4623,5433,chugoku_jct_34.436:133.43:110,110.0,34.43605,133.42999
4624,5434,chugoku_jct_34.6219:133.531:110,110.0,34.62191,133.53099
4625,5435,chugoku_jct_34.7828:133.5526:110,110.0,34.78283,133.55265
4626,5436,chugoku_jct_34.7745:133.599:110,110.0,34.77449,133.59904
4627,5437,chugoku_jct_35.3266:132.691:66,66.0,35.32662,132.69104
4628,5438,chugoku_jct_35.5381:133.0007:66,66.0,35.53811,133.00067
4629,5439,chugoku_jct_35.4353:133.0334:0,66.0,35.43528,133.03337
4630,5440,chugoku_jct_33.8154:130.8832:66,66.0,33.8154,130.88323
4631,5443,chugoku_jct_35.2951:133.9586:66,66.0,35.29511,133.9586
4632,5444,chugoku_jct_35.2947:133.9573:66,66.0,35.29474,133.95735
4633,5445,chugoku_jct_35.3565:133.9026:66,66.0,35.35646,133.90263
4634,5450,chugoku_jct_34.6816:133.7752:0,66.0,34.68165,133.77523
4635,5451,chugoku_jct_34.601:131.8587:110,110.0,34.60095,131.85868
4636,5452,chugoku_jct_34.461:131.7758:66,66.0,34.46104,131.77577
4637,5453,chugoku_jct_34.7919:134.4623:0,66.0,34.79194,134.46225
4638,5454,chugoku_jct_34.9567:134.3549:500,500.0,34.95669,134.35493
4639,5455,chugoku_jct_34.909:134.4146:500,500.0,34.90896,134.41459
4640,5456,chugoku_jct_34.8855:134.4324:500,500.0,34.88551,134.43243
4641,5457,chugoku_jct_34.8692:134.418:0,66.0,34.86916,134.41799
4642,5458,chugoku_jct_35.3302:134.4121:66,66.0,35.33017,134.41208
4643,5459,chugoku_jct_35.4358:133.8564:110,110.0,35.43576,133.85636
4644,5460,chugoku_jct_35.4357:133.8565:110,110.0,35.43571,133.85645
4645,5461,chugoku_jct_34.1198:132.1821:110,110.0,34.11978,132.18213
4646,5462,chugoku_jct_34.1129:132.1793:110,110.0,34.11288,132.17931
4647,5463,chugoku_jct_34.1472:132.1968:110,110.0,34.14722,132.19679
4648,5464,chugoku_jct_35.2154:132.9317:66,66.0,35.21539,132.9317
4649,5465,chugoku_jct_34.5946:131.9394:110,110.0,34.59461,131.93938
4650,5466,chugoku_jct_34.3435:133.8441:187,187.0,34.34354,133.84406
4651,5467,chugoku_jct_34.3798:132.9861:110,110.0,34.37983,132.98611
4652,5468,chugoku_jct_34.3787:132.9827:110,110.0,34.37866,132.98271
4653,5469,chugoku_jct_34.3823:132.9837:110,110.0,34.38229,132.98369
4654,5474,chugoku_jct_34.9837:133.4828:110,110.0,34.98366,133.4828
4655,5475,chugoku_jct_35.0438:133.7013:110,110.0,35.04377,133.70128
4656,5476,chugoku_jct_34.1142:133.6368:0,66.0,34.11417,133.63678
4657,5477,chugoku_jct_34.2101:133.6674:0,66.0,34.21007,133.66736
4658,5478,chugoku_jct_34.0026:134.0767:66,66.0,34.00262,134.07668
4659,5479,chugoku_jct_34.0028:134.0784:66,66.0,34.00284,134.07837
4660,5480,chugoku_jct_35.1103:133.7221:110,110.0,35.11026,133.72214
4661,5481,chugoku_jct_35.1941:133.7305:66,66.0,35.19414,133.73049
4662,5482,chugoku_jct_34.4966:133.3338:66,66.0,34.4966,133.3338
4663,5483,chugoku_jct_34.4108:133.2271:110,110.0,34.41084,133.22711
4664,5484,chugoku_jct_33.9408:130.7987:0,66.0,33.94083,130.79868
4665,5485,chugoku_jct_34.1682:131.4755:110,110.0,34.16823,131.47554
4666,5488,chugoku_jct_34.7529:134.3645:0,66.0,34.75287,134.36453
4667,5489,chugoku_jct_34.7425:134.3563:0,66.0,34.74248,134.35632
4668,5490,chugoku_jct_33.9669:133.0524:66,66.0,33.96688,133.05238
4669,5491,chugoku_jct_33.9432:133.0909:66,66.0,33.94316,133.09092
4670,5492,chugoku_jct_33.9218:133.1216:0,66.0,33.9218,133.12164
4671,5493,chugoku_jct_33.9364:133.1205:0,66.0,33.93643,133.12045
4672,5494,chugoku_jct_34.0084:133.0283:66,66.0,34.0084,133.02827
4673,5495,chugoku_jct_34.0366:133.0046:66,66.0,34.03664,133.00462
4674,5496,chugoku_jct_34.0115:133.0361:66,66.0,34.0115,133.03615
4675,5501,chugoku_jct_34.3905:131.405:110,110.0,34.39051,131.40499
4676,5502,chugoku_jct_34.3391:131.4106:110,110.0,34.3391,131.41057
4677,5503,chugoku_jct_34.0279:131.0007:66,66.0,34.02786,131.00071
4678,5504,chugoku_jct_33.9394:130.8999:0,66.0,33.93944,130.8999
4679,5507,chugoku_jct_34.0458:134.352:66,66.0,34.04583,134.35197
4680,5508,chugoku_jct_33.8725:134.6161:0,66.0,33.87246,134.61605
4681,5509,chugoku_jct_34.2278:133.6958:66,66.0,34.22785,133.69579
4682,5510,chugoku_jct_34.2311:133.6923:66,66.0,34.23106,133.69232
4683,5511,chugoku_jct_34.2306:133.6858:66,66.0,34.23058,133.68581
4684,5514,chugoku_jct_33.9948:133.5752:66,66.0,33.99479,133.57517
4685,5515,chugoku_jct_33.9806:133.5798:66,66.0,33.98059,133.5798
4686,5516,chugoku_jct_33.9979:133.8448:66,66.0,33.99792,133.84476
4687,5517,chugoku_jct_33.9786:133.8973:66,66.0,33.97861,133.89725
4688,5518,chugoku_jct_34.0304:133.9936:66,66.0,34.0304,133.99359
4689,5519,chugoku_jct_33.7408:133.5376:187,187.0,33.74077,133.53764
4690,5520,chugoku_jct_34.2825:132.5193:66,66.0,34.28246,132.51929
4691,5521,chugoku_jct_34.5929:133.485:110,110.0,34.59291,133.48503
4692,5522,chugoku_jct_34.5944:133.4809:110,110.0,34.59441,133.4809
4693,5523,chugoku_jct_34.9009:133.6592:110,110.0,34.90088,133.65924
4694,5524,chugoku_jct_34.8488:133.6531:110,110.0,34.84881,133.65312
4695,5525,chugoku_jct_34.8519:133.6331:110,110.0,34.85187,133.63307
4696,5526,chugoku_jct_34.8573:133.6341:110,110.0,34.85727,133.63407
4697,5527,chugoku_jct_34.7973:133.6597:110,110.0,34.79726,133.65969
4698,5528,chugoku_jct_34.7819:133.622:110,110.0,34.78193,133.62203
4699,5531,chugoku_jct_34.4463:132.8808:220,220.0,34.44631,132.88084
4700,5532,chugoku_jct_34.466:132.8847:220,220.0,34.46603,132.88473
4701,5533,chugoku_jct_34.4708:132.8873:220,220.0,34.47083,132.88728
4702,5534,chugoku_jct_34.4674:132.8308:0,66.0,34.46744,132.83078
4703,5535,chugoku_jct_34.0344:131.2627:0,66.0,34.03437,131.26267
4704,5536,chugoku_jct_34.0534:131.2425:0,66.0,34.05341,131.24254
4705,5537,chugoku_jct_35.542:134.507:0,66.0,35.54198,134.50696
4706,5547,chugoku_jct_34.7748:134.3939:275,275.0,34.77476,134.39389
4707,5548,chugoku_jct_34.7739:134.4241:0,66.0,34.7739,134.42412
4708,5549,chugoku_jct_35.4351:133.8563:66,66.0,35.43509,133.85631
4709,5550,chugoku_jct_35.4352:133.856:66,66.0,35.43522,133.85604
4710,5551,chugoku_jct_35.4351:133.8562:66,66.0,35.43513,133.85623
4711,5553,chugoku_jct_34.8216:134.5048:0,66.0,34.82159,134.50483
4712,5562,chugoku_jct_34.4713:133.7898:66,66.0,34.47127,133.78981
4713,5563,chugoku_jct_34.4958:133.7694:66,66.0,34.49577,133.76937
4714,5564,chugoku_jct_34.4685:133.7949:66,66.0,34.46845,133.7949
4715,5565,chugoku_jct_34.5127:133.8231:66,66.0,34.51273,133.82315
4716,5566,chugoku_jct_34.9186:134.0909:110,110.0,34.91862,134.09085
4717,5567,chugoku_jct_35.0893:134.0169:66,66.0,35.08933,134.01692
4718,5568,chugoku_jct_35.1136:134.092:66,66.0,35.1136,134.09198
4719,5569,chugoku_jct_35.1026:134.0775:66,66.0,35.10259,134.07754
4720,5570,chugoku_jct_35.0747:134.1797:66,66.0,35.07467,134.17969
4721,5571,chugoku_jct_35.0698:134.1919:66,66.0,35.0698,134.1919
4722,5572,chugoku_jct_35.0279:132.2758:110,110.0,35.02785,132.27579
4723,5573,chugoku_jct_34.9004:132.3015:110,110.0,34.90036,132.30153
4724,5574,chugoku_jct_35.0179:132.2247:66,66.0,35.01795,132.22473
4725,5575,chugoku_jct_34.8468:132.0685:66,66.0,34.84682,132.0685
4726,5576,chugoku_jct_34.8295:132.104:66,66.0,34.8295,132.104
4727,5577,chugoku_jct_34.8451:132.0667:66,66.0,34.84507,132.06667
4728,5578,chugoku_jct_34.8623:132.0275:66,66.0,34.86227,132.02747
4729,5579,chugoku_jct_34.4284:132.3677:110,110.0,34.42839,132.36772
4730,5580,chugoku_jct_34.3783:131.2031:110,110.0,34.37826,131.20306
4731,5581,chugoku_jct_34.0122:130.9721:0,66.0,34.0122,130.97214
4732,5582,chugoku_jct_34.3865:132.5564:220,220.0,34.38648,132.55636
4733,5583,chugoku_jct_34.4262:132.6187:220,220.0,34.42615,132.61868
4734,5584,chugoku_jct_34.3863:132.5564:110,110.0,34.38634,132.55641
4735,5585,chugoku_jct_34.4254:132.619:220,220.0,34.42542,132.61902
4736,5586,chugoku_jct_34.4409:132.7511:220,220.0,34.44091,132.75106
4737,5587,chugoku_jct_34.4487:132.8238:220,220.0,34.44869,132.82377
4738,5588,chugoku_jct_34.4342:132.753:220,220.0,34.43423,132.75295
4739,5589,chugoku_jct_34.4472:132.8243:220,220.0,34.44724,132.8243
4740,5590,chugoku_jct_34.4341:132.9663:220,220.0,34.43411,132.96627
4741,5593,chugoku_jct_34.6371:133.7901:110,110.0,34.63714,133.7901
4742,5594,chugoku_jct_34.6312:133.7917:110,110.0,34.63119,133.79168
4743,5595,chugoku_jct_34.8306:134.0065:110,110.0,34.83062,134.00653
4744,5596,chugoku_jct_34.9876:134.3653:500,500.0,34.98759,134.36528
4745,5597,chugoku_jct_34.7985:133.4063:220,220.0,34.79849,133.40633
4746,5598,chugoku_jct_34.277:133.7733:66,66.0,34.27704,133.77329
4747,5599,chugoku_jct_35.2612:134.276:66,66.0,35.2612,134.27597
4748,5600,chugoku_jct_33.765:133.3569:187,187.0,33.76501,133.35693
4749,5601,chugoku_jct_33.5735:133.4544:187,187.0,33.57349,133.45437
4750,5602,chugoku_jct_33.9781:131.2926:110,110.0,33.97815,131.29264
4751,5605,chugoku_jct_34.396:133.1543:0,110.0,34.396,133.15431
4752,5606,chugoku_jct_34.4342:132.9663:0,66.0,34.43418,132.9663
4753,5609,chugoku_jct_34.4344:132.9662:110,110.0,34.43437,132.96616
4754,5610,chugoku_jct_34.3383:133.0426:110,110.0,34.33826,133.04264
4755,5611,chugoku_jct_34.425:133.2448:110,110.0,34.42497,133.24477
4756,5612,chugoku_jct_34.5138:133.5712:66,66.0,34.51381,133.57119
4757,5616,chugoku_jct_34.5448:133.7237:110,110.0,34.54477,133.72373
4758,5617,chugoku_jct_34.4851:133.8486:66,66.0,34.48513,133.84863
4759,5618,chugoku_jct_34.4702:133.845:66,66.0,34.47019,133.84501
4760,5619,chugoku_jct_34.4682:133.9299:0,66.0,34.46823,133.92987
4761,5620,chugoku_jct_34.4719:133.9774:0,66.0,34.47194,133.97739
4762,5621,chugoku_jct_34.4686:133.9358:0,66.0,34.46863,133.93576
4763,5622,chugoku_jct_34.4731:133.9287:0,66.0,34.47305,133.92867
4764,5623,chugoku_jct_34.6204:133.5716:110,110.0,34.62044,133.57162
4765,5624,chugoku_jct_34.8849:133.2747:0,66.0,34.88492,133.27468
4766,5625,chugoku_jct_34.8234:133.2839:0,66.0,34.82335,133.28387
4767,5626,chugoku_jct_34.8234:133.2842:500,500.0,34.82337,133.28415
4768,5627,chugoku_jct_34.8874:133.2709:0,66.0,34.8874,133.27089
4769,5628,chugoku_jct_34.9242:133.1028:0,66.0,34.92421,133.10276
4770,5629,chugoku_jct_34.9958:133.1358:0,66.0,34.99582,133.1358
4771,5630,chugoku_jct_35.1949:133.018:0,66.0,35.19489,133.01803
4772,5631,chugoku_jct_35.2124:132.9315:66,66.0,35.21235,132.93152
4773,5632,chugoku_jct_35.323:133.436:66,66.0,35.32296,133.43603
4774,5633,chugoku_jct_35.2458:133.418:66,66.0,35.24584,133.41798
4775,5636,chugoku_jct_34.6819:132.7377:110,110.0,34.68187,132.73767
4776,5637,chugoku_jct_34.4315:133.4337:110,110.0,34.4315,133.43367
4777,5638,chugoku_jct_34.9954:134.0994:66,66.0,34.99543,134.09936
4778,5641,chugoku_jct_35.4484:133.3324:110,110.0,35.44838,133.33237
4779,5642,chugoku_jct_35.4739:133.2816:110,110.0,35.47386,133.28163
4780,5643,chugoku_jct_34.8229:134.3742:275,275.0,34.82288,134.37422
4781,5644,chugoku_jct_34.5521:133.9974:66,66.0,34.55209,133.99738
4782,5645,chugoku_jct_34.5479:133.9393:66,66.0,34.54792,133.93931
4783,5646,chugoku_jct_34.1282:132.2056:110,110.0,34.12821,132.20557
4784,5647,chugoku_jct_34.9428:133.3977:0,66.0,34.94277,133.39771
4785,5648,chugoku_jct_33.7881:132.7792:66,66.0,33.78811,132.77924
4786,5649,chugoku_jct_33.5726:132.8169:66,66.0,33.57262,132.81685
4787,5650,chugoku_jct_33.7892:132.7724:66,66.0,33.78923,132.7724
4788,5651,chugoku_jct_34.0511:134.137:66,66.0,34.05109,134.13696
4789,5652,chugoku_jct_33.7922:133.7908:66,66.0,33.79217,133.79084
4790,5653,chugoku_jct_33.6354:133.6896:66,66.0,33.63537,133.68962
4791,5654,chugoku_jct_33.9662:133.7788:66,66.0,33.9662,133.7788
4792,5655,chugoku_jct_33.9646:133.7759:66,66.0,33.96459,133.77593
4793,5656,chugoku_jct_33.9669:133.7553:66,66.0,33.96694,133.7553
4794,5657,chugoku_jct_33.9003:133.8151:66,66.0,33.90028,133.81512
4795,5663,chugoku_jct_34.0049:133.5595:66,66.0,34.0049,133.55953
4796,5664,chugoku_jct_33.9065:133.0543:66,66.0,33.90654,133.05426
4797,5665,chugoku_jct_33.9439:133.0905:66,66.0,33.94391,133.0905
4798,5666,chugoku_jct_33.9441:133.0932:66,66.0,33.94406,133.09316
4799,5667,chugoku_jct_35.0925:133.6896:0,66.0,35.0925,133.68964
4800,5668,chugoku_jct_34.0901:132.0919:110,110.0,34.09006,132.0919
4801,5669,chugoku_jct_33.9925:131.9722:110,110.0,33.99254,131.97221
4802,5670,chugoku_jct_33.9717:132.1875:110,110.0,33.9717,132.18747
4803,5671,chugoku_jct_33.9725:132.1891:110,110.0,33.9725,132.18908
4804,5672,chugoku_jct_34.3422:132.8934:0,66.0,34.34215,132.8934
4805,5673,chugoku_jct_34.3339:132.8706:0,66.0,34.33387,132.87057
4806,5674,chugoku_jct_34.339:132.9097:0,66.0,34.33897,132.90972
4807,5675,chugoku_jct_34.317:132.8856:0,66.0,34.31705,132.88556
4808,5676,chugoku_jct_34.318:132.8356:220,220.0,34.31803,132.83558
4809,5677,chugoku_jct_34.3125:132.794:0,66.0,34.31249,132.79403
4810,5678,chugoku_jct_34.3104:132.7925:0,66.0,34.31036,132.79252
4811,5679,chugoku_jct_34.3591:133.1901:0,66.0,34.35912,133.19013
4812,5680,chugoku_jct_34.9806:133.5302:110,110.0,34.98062,133.53024
4813,5681,chugoku_jct_34.9796:133.4663:0,66.0,34.97964,133.46628
4814,5682,chugoku_jct_35.0348:133.3937:0,66.0,35.03477,133.39374
4815,5683,chugoku_jct_35.0305:133.3896:0,66.0,35.03052,133.38958
4816,5684,chugoku_jct_35.0216:133.7225:110,110.0,35.02157,133.72245
4817,5685,chugoku_jct_34.8919:133.8864:0,66.0,34.89192,133.8864
4818,5686,chugoku_jct_34.2127:134.4109:66,66.0,34.21269,134.41089
4819,5687,chugoku_jct_34.2244:132.6481:0,66.0,34.22443,132.64813
4820,5688,chugoku_jct_35.4784:133.284:110,110.0,35.47844,133.28397
4821,5697,chugoku_jct_34.6108:133.95:110,110.0,34.61079,133.95002
4822,5700,chugoku_jct_34.601:133.9601:110,110.0,34.60095,133.96009
4823,5701,chugoku_jct_34.2973:133.764:0,66.0,34.29727,133.76398
4824,5702,chugoku_jct_34.6271:132.4003:110,110.0,34.62714,132.40034
4825,5703,chugoku_jct_34.808:134.169:0,66.0,34.80802,134.16904
4826,5704,chugoku_jct_34.04:131.3124:110,110.0,34.04004,131.31239
4827,5705,chugoku_jct_34.0514:131.3068:110,110.0,34.05136,131.30681
4828,5706,chugoku_jct_34.7311:132.6821:110,110.0,34.73112,132.68206
4829,5707,chugoku_jct_34.3053:133.7789:0,66.0,34.30531,133.77885
4830,5708,chugoku_jct_34.0081:130.984:66,66.0,34.00815,130.98401
4831,5709,chugoku_jct_34.0081:130.984:110,110.0,34.00815,130.98401
4832,5712,chugoku_jct_34.5382:133.7761:110,110.0,34.5382,133.77611
4833,5713,chugoku_jct_34.4004:133.2004:66,66.0,34.40038,133.20038
4834,5714,chugoku_jct_34.5034:133.5394:66,66.0,34.50338,133.5394
4835,5715,chugoku_jct_34.2428:134.3108:66,66.0,34.24282,134.31082
4836,5716,chugoku_jct_35.2846:132.7201:66,66.0,35.2846,132.72008
4837,5719,chugoku_jct_34.8112:133.7564:110,110.0,34.81123,133.75644
4838,5720,chugoku_jct_34.7922:133.619:110,110.0,34.7922,133.61897
4839,5735,chugoku_jct_35.2746:132.8568:66,66.0,35.27456,132.85681
4840,5736,chugoku_jct_34.9097:134.1446:110,110.0,34.90971,134.14458
4841,5737,chugoku_jct_34.8882:134.1459:110,110.0,34.88818,134.1459
4842,5738,chugoku_jct_34.5838:133.7553:110,110.0,34.5838,133.75535
4843,5741,chugoku_jct_34.6622:133.961:110,110.0,34.66225,133.961
4844,5750,chugoku_jct_34.2457:132.5337:66,66.0,34.24575,132.53371
4845,5751,chugoku_jct_34.1649:132.4778:66,66.0,34.16495,132.47784
4846,5752,chugoku_jct_34.2171:132.5443:110,110.0,34.21709,132.54434
4847,5757,chugoku_jct_34.6567:134.1472:500,500.0,34.65667,134.14718
4848,5758,chugoku_jct_34.7073:134.0315:66,66.0,34.70727,134.03146
4849,5759,chugoku_jct_33.8522:132.7502:66,66.0,33.85216,132.75017
4850,5760,chugoku_jct_33.8353:132.7386:66,66.0,33.8353,132.73859
4851,5761,chugoku_jct_33.8832:132.7537:66,66.0,33.8832,132.7537
4852,5762,chugoku_jct_33.8543:132.7723:66,66.0,33.85429,132.77229
4853,5763,chugoku_jct_34.4395:132.4894:110,110.0,34.43949,132.48939
4854,5764,chugoku_jct_34.4413:133.4287:110,110.0,34.44133,133.42867
4855,5765,chugoku_jct_34.0734:132.9859:66,66.0,34.07337,132.98588
4856,5766,chugoku_jct_34.0788:132.9941:66,66.0,34.07879,132.99408
4857,5767,chugoku_jct_34.0964:132.9747:66,66.0,34.09636,132.9747
4858,5768,chugoku_jct_34.0355:132.8607:66,66.0,34.03552,132.86069
4859,5769,chugoku_jct_34.0578:132.8885:66,66.0,34.0578,132.88852
4860,5770,chugoku_jct_34.0481:132.8593:66,66.0,34.04808,132.85928
4861,5773,chugoku_jct_35.3723:133.9654:66,66.0,35.37233,133.96537
4862,5774,chugoku_jct_34.3789:132.2758:110,110.0,34.37888,132.27581
4863,5777,chugoku_jct_34.043:132.1892:110,110.0,34.04297,132.18919
4864,5778,chugoku_jct_34.0114:131.8805:0,66.0,34.01142,131.88048
4865,5779,chugoku_jct_33.9877:131.8979:0,66.0,33.98768,131.89785
4866,5782,chugoku_jct_34.0207:131.5113:0,66.0,34.02072,131.51129
4867,5787,chugoku_jct_34.806:133.9596:110,110.0,34.80602,133.95955
4868,5788,chugoku_jct_34.5679:132.5117:220,220.0,34.56793,132.51169
4869,5789,chugoku_jct_35.5394:132.9917:500,500.0,35.53938,132.99167
4870,5790,chugoku_jct_35.5368:132.9966:220,220.0,35.53676,132.99655
4871,5791,chugoku_jct_35.4465:133.3303:110,110.0,35.4465,133.3303
4872,5792,chugoku_jct_35.3798:133.4158:66,66.0,35.37979,133.41583
4873,5793,chugoku_jct_34.2296:132.6157:0,66.0,34.22961,132.61567
4874,5798,chugoku_jct_34.282:133.2116:0,110.0,34.282,133.21161
4875,5799,chugoku_sub_0,110.0,34.30204,133.18139
4876,5800,chugoku_sub_1,66.0,34.05604,131.79827
4877,5801,chugoku_sub_2,110.0,34.95348,134.11461
4878,5802,chugoku_sub_3,110.0,34.63638,133.89494
4879,5803,chugoku_sub_4,66.0,34.28838,134.03225
4880,5804,chugoku_sub_5,220.0,34.55568,133.23913
4881,5805,chugoku_sub_6,110.0,34.67555,133.92688
4882,5806,chugoku_sub_7,110.0,34.6567,133.89121
4883,5807,chugoku_sub_8,66.0,34.39277,132.49378
4884,5808,chugoku_sub_9,66.0,34.32331,134.05117
4885,5809,chugoku_sub_10@187,187.0,34.22548,134.00259
4886,5810,chugoku_sub_10@66,66.0,34.22548,134.00259
4887,5811,chugoku_sub_11@187,187.0,34.29021,133.98665
4888,5812,chugoku_sub_11@66,66.0,34.29021,133.98665
4889,5813,chugoku_sub_12@500,500.0,34.16502,133.95329
4890,5814,chugoku_sub_12@187,187.0,34.16502,133.95329
4891,5815,chugoku_sub_13,66.0,34.24392,133.94251
4892,5816,chugoku_sub_14,66.0,34.30566,133.97892
4893,5817,chugoku_sub_15,66.0,34.24078,134.01535
4894,5818,chugoku_sub_16,66.0,34.32378,133.8638
4895,5819,chugoku_sub_17,66.0,34.29971,133.80264
4896,5820,chugoku_sub_18,66.0,34.30548,133.8219
4897,5821,chugoku_sub_19@187,187.0,34.28382,133.86438
4898,5822,chugoku_sub_19@66,66.0,34.28382,133.86438
4899,5823,chugoku_sub_20,66.0,34.33244,133.87978
4900,5824,chugoku_sub_21,66.0,34.31169,133.85986
4901,5825,chugoku_sub_22,500.0,34.30181,133.86249
4902,5826,chugoku_sub_24,110.0,34.32489,132.31818
4903,5827,chugoku_sub_25,66.0,34.28571,132.27282
4904,5828,chugoku_sub_26,110.0,34.35685,132.30053
4905,5830,chugoku_sub_28,66.0,34.35887,132.23393
4906,5831,chugoku_sub_29,66.0,34.28613,133.92711
4907,5832,chugoku_sub_30,66.0,34.2885,134.03185
4908,5833,chugoku_sub_31,66.0,34.31191,134.0401
4909,5834,chugoku_sub_32@187,187.0,34.18532,133.76115
4910,5835,chugoku_sub_32@66,66.0,34.18532,133.76115
4911,5836,chugoku_sub_33@500,500.0,34.48896,132.70877
4912,5837,chugoku_sub_33@220,220.0,34.48896,132.70877
4913,5838,chugoku_sub_34@220,220.0,34.44008,132.53841
4914,5839,chugoku_sub_34@110,110.0,34.44008,132.53841
4915,5840,chugoku_sub_35@110,110.0,34.42627,132.44121
4916,5841,chugoku_sub_36@110,110.0,35.36895,132.82881
4917,5842,chugoku_sub_36@66,66.0,35.36895,132.82881
4918,5843,chugoku_sub_37,66.0,33.82009,132.7766
4919,5844,chugoku_sub_38@187,187.0,33.83407,132.80451
4920,5845,chugoku_sub_38@66,66.0,33.83407,132.80451
4921,5846,chugoku_sub_39,66.0,33.80695,132.87863
4922,5847,chugoku_sub_40@500,500.0,33.94364,133.39507
4923,5848,chugoku_sub_40@187,187.0,33.94364,133.39507
4924,5849,chugoku_sub_40@66,66.0,33.94364,133.39507
4925,5850,chugoku_sub_41@500,500.0,33.79155,132.9286
4926,5851,chugoku_sub_41@187,187.0,33.79155,132.9286
4927,5852,chugoku_sub_42@187,187.0,33.91203,133.2235
4928,5853,chugoku_sub_42@66,66.0,33.91203,133.2235
4929,5854,chugoku_sub_43@187,187.0,33.97534,133.28485
4930,5855,chugoku_sub_43@110,110.0,33.97534,133.28485
4931,5856,chugoku_sub_44,110.0,33.97929,133.27843
4932,5857,chugoku_sub_45@220,220.0,34.40413,132.57698
4933,5858,chugoku_sub_45@110,110.0,34.40413,132.57698
4934,5859,chugoku_sub_46@110,110.0,34.40362,132.50557
4935,5860,chugoku_sub_47,110.0,34.37963,132.68931
4936,5861,chugoku_sub_48@220,220.0,34.47516,132.48687
4937,5862,chugoku_sub_48@110,110.0,34.47516,132.48687
4938,5864,chugoku_sub_50@500,500.0,33.81049,130.80432
4939,5865,chugoku_sub_50@220,220.0,33.81049,130.80432
4940,5866,chugoku_sub_51,66.0,34.34129,134.1254
4941,5867,chugoku_sub_52@220,220.0,33.8956,130.97083
4942,5868,chugoku_sub_52@66,66.0,33.8956,130.97083
4943,5869,chugoku_sub_53@500,500.0,33.84152,130.9133
4944,5870,chugoku_sub_53@220,220.0,33.84152,130.9133
4945,5871,chugoku_sub_54,66.0,34.29044,134.24795
4946,5872,chugoku_sub_55@500,500.0,34.41252,132.25747
4947,5873,chugoku_sub_55@220,220.0,34.41252,132.25747
4948,5874,chugoku_sub_55@110,110.0,34.41252,132.25747
4949,5875,chugoku_sub_56@110,110.0,34.36279,132.47772
4950,5876,chugoku_sub_56@u,66.0,34.36279,132.47772
4951,5877,chugoku_sub_57,110.0,34.40318,132.43837
4952,5878,chugoku_sub_58@500,500.0,34.16385,131.09282
4953,5879,chugoku_sub_58@220,220.0,34.16385,131.09282
4954,5880,chugoku_sub_58@110,110.0,34.16385,131.09282
4955,5881,chugoku_sub_59@110,110.0,33.99934,130.96376
4956,5882,chugoku_sub_59@66,66.0,33.99934,130.96376
4957,5883,chugoku_sub_60,110.0,34.38946,132.36365
4958,5884,chugoku_sub_61,187.0,34.21348,134.00066
4959,5885,chugoku_sub_62@66,66.0,33.86813,130.86901
4960,5886,chugoku_sub_63@220,220.0,33.82776,130.85001
4961,5887,chugoku_sub_63@110,110.0,33.82776,130.85001
4962,5888,chugoku_sub_63@66,66.0,33.82776,130.85001
4963,5889,chugoku_sub_64@220,220.0,33.77388,130.9759
4964,5890,chugoku_sub_64@66,66.0,33.77388,130.9759
4965,5891,chugoku_sub_65@220,220.0,33.77726,130.97815
4966,5892,chugoku_sub_65@66,66.0,33.77726,130.97815
4967,5893,chugoku_sub_66@500,500.0,34.88798,134.02492
4968,5894,chugoku_sub_66@220,220.0,34.88798,134.02492
4969,5895,chugoku_sub_66@110,110.0,34.88798,134.02492
4970,5896,chugoku_sub_66@66,66.0,34.88798,134.02492
4971,5897,chugoku_sub_67@500,500.0,34.86144,134.42532
4972,5898,chugoku_sub_67@275,275.0,34.86144,134.42532
4973,5899,chugoku_sub_67@77,77.0,34.86144,134.42532
4974,5900,chugoku_sub_68@500,500.0,34.80374,133.38814
4975,5901,chugoku_sub_68@220,220.0,34.80374,133.38814
4976,5902,chugoku_sub_69@110,110.0,34.5013,133.89461
4977,5903,chugoku_sub_69@66,66.0,34.5013,133.89461
4978,5904,chugoku_sub_70@500,500.0,35.29625,133.40572
4979,5905,chugoku_sub_70@220,220.0,35.29625,133.40572
4980,5906,chugoku_sub_70@110,110.0,35.29625,133.40572
4981,5907,chugoku_sub_71@500,500.0,34.4593,133.78299
4982,5908,chugoku_sub_71@66,66.0,34.4593,133.78299
4983,5909,chugoku_sub_72@110,110.0,34.6602,134.02418
4984,5910,chugoku_sub_72@66,66.0,34.6602,134.02418
4985,5911,chugoku_sub_73@220,220.0,34.74839,133.86401
4986,5912,chugoku_sub_73@110,110.0,34.74839,133.86401
4987,5913,chugoku_sub_74@220,220.0,34.71062,134.03015
4988,5914,chugoku_sub_74@66,66.0,34.71062,134.03015
4989,5915,chugoku_sub_75,220.0,34.66086,133.48374
4990,5916,chugoku_sub_76@500,500.0,34.19966,131.82619
4991,5917,chugoku_sub_76@220,220.0,34.19966,131.82619
4992,5918,chugoku_sub_77@500,500.0,35.20831,134.18772
4993,5919,chugoku_sub_77@220,220.0,35.20831,134.18772
4994,5920,chugoku_sub_78@110,110.0,34.56455,133.74225
4995,5921,chugoku_sub_79@110,110.0,34.68538,133.73911
4996,5922,chugoku_sub_80@220,220.0,34.60415,133.69214
4997,5923,chugoku_sub_80@110,110.0,34.60415,133.69214
4998,5924,chugoku_sub_81@220,220.0,34.12296,131.84865
4999,5925,chugoku_sub_81@110,110.0,34.12296,131.84865
5000,5926,chugoku_sub_82,66.0,33.89002,130.87008
5001,5927,chugoku_sub_83,66.0,33.75288,130.86499
5002,5928,chugoku_sub_84@220,220.0,33.78637,130.86047
5003,5929,chugoku_sub_84@66,66.0,33.78637,130.86047
5004,5930,chugoku_sub_85@220,220.0,33.85941,130.80478
5005,5931,chugoku_sub_85@66,66.0,33.85941,130.80478
5006,5932,chugoku_sub_86@500,500.0,33.84581,130.91708
5007,5933,chugoku_sub_86@220,220.0,33.84581,130.91708
5008,5934,chugoku_sub_87@220,220.0,33.91047,130.96917
5009,5935,chugoku_sub_88,66.0,33.85928,130.97082
5010,5936,chugoku_sub_89,66.0,33.88606,130.98373
5011,5937,chugoku_sub_90@220,220.0,33.86067,130.84729
5012,5938,chugoku_sub_90@66,66.0,33.86067,130.84729
5013,5939,chugoku_sub_91,66.0,33.82749,130.86981
5014,5940,chugoku_sub_92,66.0,33.80129,130.95793
5015,5941,chugoku_sub_93,66.0,33.85882,130.81147
5016,5942,chugoku_sub_94,66.0,33.86901,130.84823
5017,5943,chugoku_sub_95@220,220.0,33.87254,130.84602
5018,5944,chugoku_sub_95@66,66.0,33.87254,130.84602
5019,5945,chugoku_sub_96,66.0,33.88539,130.84366
5020,5946,chugoku_sub_97@220,220.0,33.88653,130.85952
5021,5947,chugoku_sub_97@66,66.0,33.88653,130.85952
5022,5948,chugoku_sub_98,66.0,33.84069,130.92773
5023,5949,chugoku_sub_99@500,500.0,33.95511,130.98053
5024,5950,chugoku_sub_99@110,110.0,33.95511,130.98053
5025,5951,chugoku_sub_99@66,66.0,33.95511,130.98053
5026,5952,chugoku_sub_100,66.0,34.48779,133.34576
5027,5953,chugoku_sub_101,66.0,34.34251,134.01817
5028,5954,chugoku_sub_102,187.0,34.20656,133.99981
5029,5955,chugoku_sub_103,66.0,34.33393,134.00208
5030,5956,chugoku_sub_104,66.0,34.73755,134.16974
5031,5957,chugoku_sub_105@187,187.0,34.11762,133.65149
5032,5958,chugoku_sub_105@u,66.0,34.11762,133.65149
5033,5959,chugoku_sub_106@500,500.0,34.00069,134.40809
5034,5960,chugoku_sub_106@187,187.0,34.00069,134.40809
5035,5961,chugoku_sub_107,66.0,34.24673,134.34232
5036,5962,chugoku_sub_108@187,187.0,34.06234,134.46875
5037,5963,chugoku_sub_108@66,66.0,34.06234,134.46875
5038,5964,chugoku_sub_109,110.0,34.84029,133.90249
5039,5965,chugoku_sub_110@110,110.0,34.91388,133.85908
5040,5966,chugoku_sub_110@u,66.0,34.91388,133.85908
5041,5967,chugoku_sub_111,220.0,34.25745,132.87518
5042,5968,chugoku_sub_112@110,110.0,34.25712,132.58249
5043,5969,chugoku_sub_112@66,66.0,34.25712,132.58249
5044,5970,chugoku_sub_113@500,500.0,34.69716,131.9799
5045,5971,chugoku_sub_113@275,275.0,34.69716,131.9799
5046,5972,chugoku_sub_113@110,110.0,34.69716,131.9799
5047,5973,chugoku_sub_114@110,110.0,34.24488,132.61646
5048,5974,chugoku_sub_114@66,66.0,34.24488,132.61646
5049,5975,chugoku_sub_115@220,220.0,34.31984,132.62771
5050,5976,chugoku_sub_115@110,110.0,34.31984,132.62771
5051,5977,chugoku_sub_116@110,110.0,34.35259,132.90576
5052,5978,chugoku_sub_116@u,66.0,34.35259,132.90576
5053,5979,chugoku_sub_117,110.0,34.35162,132.90448
5054,5980,chugoku_sub_118@110,110.0,35.32736,132.71942
5055,5981,chugoku_sub_118@66,66.0,35.32736,132.71942
5056,5982,chugoku_sub_119@110,110.0,35.46222,133.08284
5057,5983,chugoku_sub_119@66,66.0,35.46222,133.08284
5058,5984,chugoku_sub_120@500,500.0,35.47007,133.1155
5059,5985,chugoku_sub_120@220,220.0,35.47007,133.1155
5060,5986,chugoku_sub_120@110,110.0,35.47007,133.1155
5061,5987,chugoku_sub_121,66.0,35.28753,132.89434
5062,5988,chugoku_sub_122,110.0,35.4134,132.93276
5063,5989,chugoku_sub_123@110,110.0,35.43068,133.04167
5064,5990,chugoku_sub_124,110.0,35.38873,133.34042
5065,5991,chugoku_sub_125@110,110.0,35.41748,133.33731
5066,5992,chugoku_sub_125@66,66.0,35.41748,133.33731
5067,5993,chugoku_sub_126,110.0,34.63925,133.93458
5068,5994,chugoku_sub_127,110.0,34.67169,133.82944
5069,5995,chugoku_sub_128,110.0,34.64222,133.91699
5070,5996,chugoku_sub_129@110,110.0,34.51788,133.68731
5071,5997,chugoku_sub_130,110.0,34.7263,133.87579
5072,5998,chugoku_sub_131@110,110.0,34.52781,133.72525
5073,5999,chugoku_sub_132,110.0,34.4239,133.2129
5074,6000,chugoku_sub_133,110.0,34.44175,133.41193
5075,6001,chugoku_sub_134,110.0,34.40821,133.18622
5076,6002,chugoku_sub_135,110.0,34.3993,133.327
5077,6003,chugoku_sub_136,110.0,34.2994,133.1821
5078,6004,chugoku_sub_137@110,110.0,34.49985,133.18326
5079,6005,chugoku_sub_138@110,110.0,34.42199,133.17756
5080,6006,chugoku_sub_139@110,110.0,34.46168,133.24966
5081,6007,chugoku_sub_140,110.0,34.6691,133.87989
5082,6008,chugoku_sub_141@110,110.0,34.66202,134.03305
5083,6009,chugoku_sub_141@66,66.0,34.66202,134.03305
5084,6010,chugoku_sub_142@110,110.0,34.51417,133.5113
5085,6011,chugoku_sub_142@66,66.0,34.51417,133.5113
5086,6012,chugoku_sub_143@110,110.0,34.50097,133.36959
5087,6013,chugoku_sub_143@66,66.0,34.50097,133.36959
5088,6014,chugoku_sub_144@220,220.0,34.53172,133.51776
5089,6015,chugoku_sub_144@110,110.0,34.53172,133.51776
5090,6016,chugoku_sub_145,110.0,34.54242,133.59971
5091,6017,chugoku_sub_146@110,110.0,35.08335,133.72663
5092,6018,chugoku_sub_146@66,66.0,35.08335,133.72663
5093,6019,chugoku_sub_147@110,110.0,35.4258,133.83761
5094,6020,chugoku_sub_147@66,66.0,35.4258,133.83761
5095,6021,chugoku_sub_148@110,110.0,34.98035,133.46912
5096,6022,chugoku_sub_149,110.0,35.28116,133.695
5097,6023,chugoku_sub_150@110,110.0,34.76111,134.03151
5098,6024,chugoku_sub_150@66,66.0,34.76111,134.03151
5099,6025,chugoku_sub_151@110,110.0,34.7584,134.167
5100,6026,chugoku_sub_151@66,66.0,34.7584,134.167
5101,6027,chugoku_sub_152@66,66.0,34.50915,133.74816
5102,6028,chugoku_sub_153,66.0,34.48451,134.18007
5103,6029,chugoku_sub_154@110,110.0,34.52818,133.90689
5104,6030,chugoku_sub_154@66,66.0,34.52818,133.90689
5105,6031,chugoku_sub_155,66.0,34.54928,133.99983
5106,6032,chugoku_sub_156@110,110.0,35.03839,134.05566
5107,6033,chugoku_sub_156@66,66.0,35.03839,134.05566
5108,6034,chugoku_sub_157,110.0,34.72811,134.03657
5109,6035,chugoku_sub_158,66.0,34.73537,134.28026
5110,6036,chugoku_sub_159,66.0,34.62583,134.09569
5111,6037,chugoku_sub_160,110.0,34.62821,133.88538
5112,6038,chugoku_sub_161,110.0,34.70028,133.97446
5113,6039,chugoku_sub_162,66.0,34.75532,134.21809
5114,6040,chugoku_sub_163,66.0,34.80292,134.2582
5115,6041,chugoku_sub_164,110.0,34.61401,133.93785
5116,6042,chugoku_sub_165,110.0,34.69356,133.97425
5117,6043,chugoku_sub_166,110.0,34.63674,133.95378
5118,6044,chugoku_sub_167,66.0,34.4814,134.3064
5119,6045,chugoku_sub_168,110.0,34.67229,133.90812
5120,6046,chugoku_sub_169@220,220.0,35.40935,133.10661
5121,6047,chugoku_sub_169@110,110.0,35.40935,133.10661
5122,6048,chugoku_sub_170,110.0,35.42649,133.26404
5123,6049,chugoku_sub_171@500,500.0,34.56092,132.51671
5124,6050,chugoku_sub_171@220,220.0,34.56092,132.51671
5125,6051,chugoku_sub_172@220,220.0,34.81941,132.73599
5126,6052,chugoku_sub_172@110,110.0,34.81941,132.73599
5127,6053,chugoku_sub_173@110,110.0,35.18984,132.51033
5128,6054,chugoku_sub_173@66,66.0,35.18984,132.51033
5129,6055,chugoku_sub_174,110.0,34.79628,132.83693
5130,6056,chugoku_sub_175@110,110.0,34.22054,132.55364
5131,6057,chugoku_sub_175@66,66.0,34.22054,132.55364
5132,6058,chugoku_sub_176,66.0,34.15339,132.51525
5133,6059,chugoku_sub_177,110.0,34.53226,132.52322
5134,6060,chugoku_sub_178,66.0,34.16551,132.47802
5135,6061,chugoku_sub_179@220,220.0,34.06037,131.27057
5136,6062,chugoku_sub_179@110,110.0,34.06037,131.27057
5137,6063,chugoku_sub_179@66,66.0,34.06037,131.27057
5138,6064,chugoku_sub_180@110,110.0,34.09315,131.38581
5139,6065,chugoku_sub_180@66,66.0,34.09315,131.38581
5140,6066,chugoku_sub_181,66.0,33.99965,131.20564
5141,6067,chugoku_sub_182,110.0,34.36899,131.18798
5142,6068,chugoku_sub_183,66.0,33.97166,131.23769
5143,6069,chugoku_sub_184@220,220.0,33.96718,131.17178
5144,6070,chugoku_sub_184@110,110.0,33.96718,131.17178
5145,6071,chugoku_sub_185,66.0,33.94284,131.26655
5146,6072,chugoku_sub_186,110.0,33.95576,131.21017
5147,6073,chugoku_sub_187,110.0,34.37236,131.20304
5148,6074,chugoku_sub_188@110,110.0,33.97462,131.2497
5149,6075,chugoku_sub_188@66,66.0,33.97462,131.2497
5150,6076,chugoku_sub_189@110,110.0,34.06877,131.78755
5151,6077,chugoku_sub_189@66,66.0,34.06877,131.78755
5152,6078,chugoku_sub_190@110,110.0,34.05912,131.82573
5153,6079,chugoku_sub_190@66,66.0,34.05912,131.82573
5154,6080,chugoku_sub_191@220,220.0,34.16907,132.1974
5155,6081,chugoku_sub_191@110,110.0,34.16907,132.1974
5156,6082,chugoku_sub_191@66,66.0,34.16907,132.1974
5157,6083,chugoku_sub_192,110.0,35.42418,133.25926
5158,6084,chugoku_sub_193,110.0,35.33796,133.1688
5159,6085,chugoku_sub_194,66.0,34.05444,131.48359
5160,6086,chugoku_sub_195,66.0,34.07235,131.43736
5161,6087,chugoku_sub_196@220,220.0,34.1093,131.49418
5162,6088,chugoku_sub_196@110,110.0,34.1093,131.49418
5163,6089,chugoku_sub_197@110,110.0,34.04585,131.49992
5164,6090,chugoku_sub_198@110,110.0,34.04589,131.50122
5165,6091,chugoku_sub_199@220,220.0,34.03134,131.84838
5166,6092,chugoku_sub_199@110,110.0,34.03134,131.84838
5167,6093,chugoku_sub_200@220,220.0,34.03032,131.84803
5168,6094,chugoku_sub_200@110,110.0,34.03032,131.84803
5169,6095,chugoku_sub_201@110,110.0,34.14281,131.52325
5170,6096,chugoku_sub_201@66,66.0,34.14281,131.52325
5171,6097,chugoku_sub_202@66,66.0,34.20966,132.0606
5172,6098,chugoku_sub_203,110.0,34.008,131.54205
5173,6099,chugoku_sub_204,110.0,34.01695,131.9714
5174,6100,chugoku_sub_205@220,220.0,34.01339,131.85079
5175,6101,chugoku_sub_205@110,110.0,34.01339,131.85079
5176,6102,chugoku_sub_206,110.0,33.95496,131.95874
5177,6103,chugoku_sub_207,66.0,34.17972,131.50991
5178,6104,chugoku_sub_208@110,110.0,34.86074,132.14968
5179,6105,chugoku_sub_208@66,66.0,34.86074,132.14968
5180,6106,chugoku_sub_209@110,110.0,34.68657,131.88487
5181,6107,chugoku_sub_209@66,66.0,34.68657,131.88487
5182,6108,chugoku_sub_210,275.0,34.77532,131.92283
5183,6109,chugoku_sub_211,66.0,34.9782,132.18107
5184,6110,chugoku_sub_212,66.0,34.92474,132.11996
5185,6111,chugoku_sub_213,66.0,34.77503,131.95613
5186,6112,chugoku_sub_214,110.0,34.35822,131.9572
5187,6113,chugoku_sub_215,110.0,34.48105,132.13105
5188,6114,chugoku_sub_216,110.0,34.07929,131.75399
5189,6115,chugoku_sub_217,66.0,35.50115,134.23377
5190,6116,chugoku_sub_218,110.0,33.93614,130.91544
5191,6117,chugoku_sub_219@110,110.0,33.93523,130.91012
5192,6118,chugoku_sub_219@66,66.0,33.93523,130.91012
5193,6119,chugoku_sub_220@110,110.0,33.93827,130.91915
5194,6120,chugoku_sub_220@66,66.0,33.93827,130.91915
5195,6121,chugoku_sub_221@110,110.0,33.94009,130.90459
5196,6122,chugoku_sub_221@u,66.0,33.94009,130.90459
5197,6123,chugoku_sub_222,110.0,33.95986,131.24811
5198,6124,chugoku_sub_223@220,220.0,34.57364,133.32967
5199,6125,chugoku_sub_223@110,110.0,34.57364,133.32967
5200,6126,chugoku_sub_223@u,66.0,34.57364,133.32967
5201,6127,chugoku_sub_224,66.0,35.37914,134.29142
5202,6128,chugoku_sub_225,66.0,33.70938,130.9752
5203,6129,chugoku_sub_226,66.0,33.73013,130.96432
5204,6130,chugoku_sub_227,66.0,33.79235,130.97086
5205,6131,chugoku_sub_228,110.0,33.90183,133.31052
5206,6132,chugoku_sub_229@110,110.0,35.36284,132.77063
5207,6133,chugoku_sub_229@66,66.0,35.36284,132.77063
5208,6134,chugoku_sub_230,66.0,35.38319,132.77084
5209,6135,chugoku_sub_231,66.0,33.97948,133.54103
5210,6136,chugoku_sub_232,110.0,34.67856,132.5186
5211,6137,chugoku_sub_233,110.0,35.51216,134.21617
5212,6138,chugoku_sub_234@110,110.0,35.49823,134.18814
5213,6139,chugoku_sub_234@66,66.0,35.49823,134.18814
5214,6141,chugoku_sub_236,66.0,35.48686,134.24153
5215,6142,chugoku_sub_237,66.0,35.35397,134.35394
5216,6143,chugoku_sub_238,66.0,35.40741,134.19908
5217,6144,chugoku_sub_239@110,110.0,34.00076,131.8798
5218,6145,chugoku_sub_239@u,66.0,34.00076,131.8798
5219,6146,chugoku_sub_240,110.0,34.49397,133.52804
5220,6147,chugoku_sub_241,110.0,34.45367,133.49927
5221,6148,chugoku_sub_242,187.0,34.33494,133.82743
5222,6149,chugoku_sub_243,66.0,35.42282,133.7943
5223,6150,chugoku_sub_244,110.0,34.05456,131.6142
5224,6151,chugoku_sub_245,66.0,34.61578,134.06636
5225,6152,chugoku_sub_246@110,110.0,35.18725,133.01562
5226,6153,chugoku_sub_246@66,66.0,35.18725,133.01562
5227,6154,chugoku_sub_247@187,187.0,34.03193,133.89113
5228,6155,chugoku_sub_247@66,66.0,34.03193,133.89113
5229,6156,chugoku_sub_248,110.0,34.449,132.46679
5230,6157,chugoku_sub_249,66.0,34.2816,132.26576
5231,6158,chugoku_sub_250,66.0,34.60654,134.05551
5232,6159,chugoku_sub_251,66.0,34.60785,134.05461
5233,6160,chugoku_sub_252,66.0,35.33097,132.71614
5234,6161,chugoku_sub_253@220,220.0,34.57115,133.14462
5235,6162,chugoku_sub_253@110,110.0,34.57115,133.14462
5236,6163,chugoku_sub_253@u,66.0,34.57115,133.14462
5237,6164,chugoku_sub_254,110.0,35.48339,133.06447
5238,6165,chugoku_sub_255,66.0,35.10657,134.07848
5239,6166,chugoku_sub_256@110,110.0,34.13454,131.60873
5240,6167,chugoku_sub_256@u,66.0,34.13454,131.60873
5241,6168,chugoku_sub_257,66.0,35.55926,134.32664
5242,6169,chugoku_sub_258,110.0,35.51443,133.24019
5243,6170,chugoku_sub_259,66.0,35.51059,133.50775
5244,6171,chugoku_sub_260@110,110.0,34.6003,133.8193
5245,6172,chugoku_sub_260@66,66.0,34.6003,133.8193
5246,6173,chugoku_sub_261,66.0,34.60106,133.83086
5247,6174,chugoku_sub_262,110.0,34.60366,133.74163
5248,6176,chugoku_sub_264,66.0,33.7937,132.70215
5249,6177,chugoku_sub_265@110,110.0,34.5183,133.68439
5250,6178,chugoku_sub_265@u,66.0,34.5183,133.68439
5251,6179,chugoku_sub_266,220.0,34.08585,131.72252
5252,6180,chugoku_sub_267,66.0,34.0142,131.81127
5253,6181,chugoku_sub_268@220,220.0,34.01193,131.20455
5254,6182,chugoku_sub_268@66,66.0,34.01193,131.20455
5255,6183,chugoku_sub_269@220,220.0,34.00369,131.19931
5256,6184,chugoku_sub_269@66,66.0,34.00369,131.19931
5257,6185,chugoku_sub_270,66.0,34.00834,131.18964
5258,6186,chugoku_sub_271@110,110.0,34.04516,131.16268
5259,6187,chugoku_sub_271@66,66.0,34.04516,131.16268
5260,6188,chugoku_sub_272@110,110.0,34.07684,131.03602
5261,6189,chugoku_sub_272@66,66.0,34.07684,131.03602
5262,6190,chugoku_sub_273,110.0,33.96691,133.25572
5263,6191,chugoku_sub_274@187,187.0,33.95088,133.24755
5264,6192,chugoku_sub_274@110,110.0,33.95088,133.24755
5265,6193,chugoku_sub_275,110.0,33.95371,133.24877
5266,6194,chugoku_sub_276@187,187.0,33.9529,133.24886
5267,6195,chugoku_sub_276@110,110.0,33.9529,133.24886
5268,6196,chugoku_sub_277,66.0,33.95145,133.30439
5269,6197,chugoku_sub_278@187,187.0,33.97711,133.55835
5270,6198,chugoku_sub_278@66,66.0,33.97711,133.55835
5271,6199,chugoku_sub_279@187,187.0,33.92624,133.16844
5272,6200,chugoku_sub_279@66,66.0,33.92624,133.16844
5273,6201,chugoku_sub_280@187,187.0,33.93152,133.16709
5274,6202,chugoku_sub_280@66,66.0,33.93152,133.16709
5275,6203,chugoku_sub_281@187,187.0,33.89358,132.76768
5276,6204,chugoku_sub_281@66,66.0,33.89358,132.76768
5277,6205,chugoku_sub_282,275.0,34.74496,134.37896
5278,6206,chugoku_sub_283@110,110.0,34.50758,133.74893
5279,6207,chugoku_sub_283@66,66.0,34.50758,133.74893
5280,6208,chugoku_sub_284,110.0,35.50075,134.04943
5281,6210,chugoku_sub_286,110.0,34.59041,133.77308
5282,6212,chugoku_sub_288,66.0,35.05133,134.10488
5283,6213,chugoku_sub_289@110,110.0,34.50016,132.50678
5284,6214,chugoku_sub_289@u,66.0,34.50016,132.50678
5285,6215,chugoku_sub_290@220,220.0,35.45174,134.13754
5286,6216,chugoku_sub_290@110,110.0,35.45174,134.13754
5287,6217,chugoku_sub_291,66.0,35.35674,134.39286
5288,6218,chugoku_sub_292@110,110.0,35.48137,134.22126
5289,6219,chugoku_sub_292@66,66.0,35.48137,134.22126
5290,6220,chugoku_sub_293,110.0,34.09643,132.05211
5291,6221,chugoku_sub_294@110,110.0,34.1669,132.21169
5292,6222,chugoku_sub_295@220,220.0,34.1212,132.19042
5293,6223,chugoku_sub_295@110,110.0,34.1212,132.19042
5294,6224,chugoku_sub_295@u,66.0,34.1212,132.19042
5295,6225,chugoku_sub_296@220,220.0,34.11823,132.19855
5296,6226,chugoku_sub_296@110,110.0,34.11823,132.19855
5297,6227,chugoku_sub_297,110.0,35.54446,133.24698
5298,6228,chugoku_sub_298,110.0,35.49225,133.04252
5299,6229,chugoku_sub_299,66.0,35.49201,133.68888
5300,6230,chugoku_sub_300,66.0,35.25643,132.89549
5301,6231,chugoku_sub_301,110.0,35.35187,132.72396
5302,6232,chugoku_sub_302,66.0,35.44921,132.85568
5303,6233,chugoku_sub_303,66.0,35.33842,132.68011
5304,6234,chugoku_sub_304,66.0,34.68033,131.83258
5305,6235,chugoku_sub_305,66.0,34.67027,131.84895
5306,6236,chugoku_sub_306@66,66.0,35.0651,133.99032
5307,6237,chugoku_sub_307,66.0,34.47574,133.9299
5308,6238,chugoku_sub_308@66,66.0,34.48408,133.92553
5309,6239,chugoku_sub_309,187.0,34.13459,133.68356
5310,6240,chugoku_sub_310,187.0,34.14891,133.69859
5311,6243,chugoku_sub_313,66.0,34.89366,132.08159
5312,6244,chugoku_sub_314,66.0,35.22664,133.91913
5313,6245,chugoku_sub_315@110,110.0,35.05499,133.93403
5314,6246,chugoku_sub_315@66,66.0,35.05499,133.93403
5315,6247,chugoku_sub_316@500,500.0,35.00994,134.36173
5316,6248,chugoku_sub_316@u,66.0,35.00994,134.36173
5317,6249,chugoku_sub_317@500,500.0,35.46749,133.11853
5318,6250,chugoku_sub_317@110,110.0,35.46749,133.11853
5319,6252,chugoku_sub_319@110,110.0,34.04824,131.12533
5320,6253,chugoku_sub_319@66,66.0,34.04824,131.12533
5321,6254,chugoku_sub_320@66,66.0,34.21874,133.66974
5322,6255,chugoku_sub_321,66.0,34.20692,133.64714
5323,6256,chugoku_sub_322@66,66.0,34.20761,133.69147
5324,6257,chugoku_sub_323,66.0,34.45513,133.91605
5325,6258,chugoku_sub_324,66.0,35.4314,133.39584
5326,6259,chugoku_sub_325,110.0,34.58328,133.44353
5327,6260,chugoku_sub_326,110.0,34.14919,131.44788
5328,6261,chugoku_sub_327,110.0,34.75891,133.60577
5329,6262,chugoku_sub_328,110.0,34.25536,133.04679
5330,6263,chugoku_sub_329@275,275.0,34.7575,134.36839
5331,6264,chugoku_sub_329@u,66.0,34.7575,134.36839
5332,6265,chugoku_sub_330@187,187.0,33.93122,133.11238
5333,6266,chugoku_sub_330@66,66.0,33.93122,133.11238
5334,6267,chugoku_sub_331@187,187.0,33.93541,133.11342
5335,6268,chugoku_sub_332,66.0,34.04851,132.98676
5336,6270,chugoku_sub_334,110.0,35.4351,133.24762
5337,6271,chugoku_sub_335@110,110.0,34.20332,132.22834
5338,6272,chugoku_sub_335@u,66.0,34.20332,132.22834
5339,6273,chugoku_sub_336,66.0,34.21498,132.21368
5340,6274,chugoku_sub_337,110.0,34.2208,132.23373
5341,6275,chugoku_sub_338,110.0,35.46453,133.30641
5342,6276,chugoku_sub_339,110.0,34.21107,133.09338
5343,6277,chugoku_sub_340,66.0,34.0624,134.34837
5344,6278,chugoku_sub_341,66.0,33.96846,134.35196
5345,6279,chugoku_sub_342,110.0,34.65674,133.88968
5346,6280,chugoku_sub_343,110.0,34.27284,133.17634
5347,6281,chugoku_sub_344,66.0,34.26914,133.75655
5348,6282,chugoku_sub_345,66.0,33.92267,130.8024
5349,6283,chugoku_sub_346,66.0,33.92205,130.80041
5350,6284,chugoku_sub_347,66.0,33.91006,130.81092
5351,6285,chugoku_sub_348,66.0,33.95137,133.63689
5352,6286,chugoku_sub_349,66.0,34.02529,133.81218
5353,6287,chugoku_sub_350,66.0,34.02534,133.81193
5354,6288,chugoku_sub_351,66.0,34.02298,133.81331
5355,6289,chugoku_sub_352,66.0,34.00233,133.57561
5356,6290,chugoku_sub_353,110.0,35.40106,132.90515
5357,6291,chugoku_sub_354,110.0,34.85111,133.58801
5358,6292,chugoku_sub_355@110,110.0,33.95014,133.25462
5359,6293,chugoku_sub_355@u,66.0,33.95014,133.25462
5360,6294,chugoku_sub_356@187,187.0,33.9681,133.29586
5361,6295,chugoku_sub_356@66,66.0,33.9681,133.29586
5362,6296,chugoku_sub_357,66.0,33.97595,133.33462
5363,6297,chugoku_sub_358,110.0,34.39856,133.04298
5364,6298,chugoku_sub_359@110,110.0,34.39191,133.05399
5365,6299,chugoku_sub_359@u,66.0,34.39191,133.05399
5366,6300,chugoku_sub_360,66.0,33.71906,130.97656
5367,6301,chugoku_sub_361,110.0,34.51222,133.7254
5368,6302,chugoku_sub_362,110.0,34.52615,133.68333
5369,6304,chugoku_sub_364@66,66.0,34.52478,133.82272
5370,6305,chugoku_sub_365@110,110.0,34.50752,133.75695
5371,6306,chugoku_sub_365@66,66.0,34.50752,133.75695
5372,6307,chugoku_sub_366,110.0,34.5226,133.72991
5373,6308,chugoku_sub_367,110.0,34.30922,133.09175
5374,6309,chugoku_sub_368,110.0,34.3037,133.09524
5375,6310,chugoku_sub_369,66.0,34.03932,133.01102
5376,6312,chugoku_sub_371,66.0,34.04841,134.23053
5377,6313,chugoku_sub_372@275,275.0,34.80761,134.4846
5378,6314,chugoku_sub_372@u,66.0,34.80761,134.4846
5379,6315,chugoku_sub_373,500.0,34.96069,134.35045
5380,6316,chugoku_sub_374@500,500.0,34.87912,134.3647
5381,6317,chugoku_sub_374@77,77.0,34.87912,134.3647
5382,6318,chugoku_sub_375,500.0,34.95057,134.42609
5383,6319,chugoku_sub_376,66.0,34.27496,133.79279
5384,6321,chugoku_sub_378,66.0,34.07575,134.46428
5385,6322,chugoku_sub_379,66.0,33.9579,133.80113
5386,6323,chugoku_sub_380,66.0,34.03199,133.8881
5387,6324,chugoku_sub_381,66.0,34.04554,133.99142
5388,6325,chugoku_sub_382,66.0,33.94956,134.06368
5389,6326,chugoku_sub_383,66.0,34.03945,134.06787
5390,6327,chugoku_sub_384,66.0,34.06769,134.13325
5391,6328,chugoku_sub_385,66.0,34.04462,134.16418
5392,6329,chugoku_sub_386,66.0,34.04933,134.22891
5393,6330,chugoku_sub_387,66.0,34.07695,134.2086
5394,6331,chugoku_sub_388,66.0,34.09346,134.30814
5395,6332,chugoku_sub_389,66.0,34.00775,133.5625
5396,6333,chugoku_sub_390,66.0,34.00323,133.57262
5397,6334,chugoku_sub_391,66.0,33.98436,133.55524
5398,6335,chugoku_sub_392,66.0,33.98049,133.59548
5399,6336,chugoku_sub_393,66.0,33.9646,133.51843
5400,6337,chugoku_sub_394@110,110.0,33.87336,133.17228
5401,6338,chugoku_sub_394@66,66.0,33.87336,133.17228
5402,6339,chugoku_sub_395,110.0,33.97519,133.28189
5403,6340,chugoku_sub_396,110.0,33.97038,133.27444
5404,6341,chugoku_sub_397,66.0,33.95516,133.42941
5405,6342,chugoku_sub_398,66.0,33.93527,133.07372
5406,6343,chugoku_sub_399,66.0,33.94001,133.18443
5407,6344,chugoku_sub_400,66.0,33.93927,133.19104
5408,6345,chugoku_sub_401,66.0,33.93908,133.19331
5409,6346,chugoku_sub_402,66.0,33.93879,133.19183
5410,6347,chugoku_sub_403,66.0,33.93484,133.17622
5411,6348,chugoku_sub_404@187,187.0,33.90808,133.16913
5412,6349,chugoku_sub_404@66,66.0,33.90808,133.16913
5413,6350,chugoku_sub_405,66.0,33.81412,134.30509
5414,6351,chugoku_sub_406@187,187.0,33.8037,134.29567
5415,6352,chugoku_sub_406@66,66.0,33.8037,134.29567
5416,6353,chugoku_sub_407,187.0,33.75551,133.55121
5417,6354,chugoku_sub_408,187.0,33.76495,133.34197
5418,6355,chugoku_sub_409,66.0,35.44161,133.42904
5419,6356,chugoku_sub_410,66.0,35.43374,132.82752
5420,6357,chugoku_sub_411,66.0,35.4288,133.3928
5421,6358,chugoku_sub_412@66,66.0,34.29074,133.78713
5422,6359,chugoku_sub_413,66.0,34.28703,132.75362
5423,6360,chugoku_sub_414,66.0,34.24067,132.69984
5424,6361,chugoku_sub_415,66.0,34.23964,132.70326
5425,6362,chugoku_sub_416,66.0,35.24266,133.44068
5426,6363,chugoku_sub_417@220,220.0,34.32736,132.81836
5427,6364,chugoku_sub_417@110,110.0,34.32736,132.81836
5428,6365,chugoku_sub_417@u,66.0,34.32736,132.81836
5429,6366,chugoku_sub_418,66.0,35.19525,133.34941
5430,6367,chugoku_sub_419@110,110.0,35.43903,133.35119
5431,6368,chugoku_sub_419@66,66.0,35.43903,133.35119
5432,6369,chugoku_sub_420@66,66.0,33.88835,130.86752
5433,6370,chugoku_sub_421,66.0,34.26811,133.75513
5434,6371,chugoku_sub_422,66.0,35.11474,133.34382
5435,6372,chugoku_sub_423,66.0,35.11556,133.34269
5436,6373,chugoku_sub_424,110.0,35.4632,133.30014
5437,6374,chugoku_sub_425,66.0,34.28483,134.11354
5438,6375,chugoku_sub_426@66,66.0,34.29049,133.7686
5439,6377,chugoku_sub_428,66.0,34.0478,131.13455
5440,6378,chugoku_sub_429,66.0,34.57441,133.75286
5441,6379,chugoku_sub_431,66.0,35.09838,134.32206
5442,6380,chugoku_sub_432,66.0,34.02708,131.00849
5443,6381,chugoku_sub_433@110,110.0,34.00763,130.98497
5444,6382,chugoku_sub_433@66,66.0,34.00763,130.98497
5445,6383,chugoku_sub_434,66.0,34.90232,132.43588
5446,6384,chugoku_sub_435,110.0,35.42951,133.26265
5447,6385,chugoku_sub_436,110.0,34.63212,133.84364
5448,6386,chugoku_sub_437,110.0,34.5934,133.75563
5449,6387,chugoku_sub_438@110,110.0,34.51552,133.57084
5450,6388,chugoku_sub_438@66,66.0,34.51552,133.57084
5451,6389,chugoku_sub_439@110,110.0,34.54847,133.6667
5452,6390,chugoku_sub_439@66,66.0,34.54847,133.6667
5453,6391,chugoku_sub_440,110.0,34.51731,133.56294
5454,6392,chugoku_sub_441@110,110.0,34.50916,133.46318
5455,6393,chugoku_sub_441@66,66.0,34.50916,133.46318
5456,6394,chugoku_sub_442,110.0,34.00391,130.99989
5457,6395,chugoku_sub_443@110,110.0,34.07005,131.0418
5458,6396,chugoku_sub_443@66,66.0,34.07005,131.0418
5459,6397,chugoku_sub_444@110,110.0,33.97248,131.25142
5460,6398,chugoku_sub_444@66,66.0,33.97248,131.25142
5461,6399,chugoku_sub_445@110,110.0,34.38256,132.40673
5462,6400,chugoku_sub_445@u,66.0,34.38256,132.40673
5463,6401,chugoku_sub_446,66.0,34.27143,134.17746
5464,6402,chugoku_sub_447@187,187.0,34.25189,134.23006
5465,6403,chugoku_sub_447@66,66.0,34.25189,134.23006
5466,6404,chugoku_sub_448,66.0,34.28024,134.14164
5467,6405,chugoku_sub_449,220.0,34.55569,133.23912
5468,6406,chugoku_sub_450,110.0,35.42687,133.13885
5469,6407,chugoku_sub_451,110.0,34.3232,132.56387
5470,6408,chugoku_sub_452,110.0,33.96043,131.24817
5471,6409,chugoku_sub_453,110.0,34.97839,132.50115
5472,6410,chugoku_sub_454@110,110.0,34.61107,133.96897
5473,6411,chugoku_sub_454@u,66.0,34.61107,133.96897
5474,6412,chugoku_sub_455@110,110.0,34.64309,133.95076
5475,6413,chugoku_sub_455@u,66.0,34.64309,133.95076
5476,6414,chugoku_sub_456,66.0,34.6963,134.09684
5477,6415,chugoku_sub_457,66.0,34.62859,134.02782
5478,6416,chugoku_sub_458,110.0,34.69219,133.93333
5479,6417,chugoku_sub_459,66.0,34.48032,133.82461
5480,6418,chugoku_sub_460,110.0,34.24638,132.5568
5481,6419,chugoku_sub_461,110.0,34.2809,132.57306
5482,6420,chugoku_sub_462,110.0,34.34074,132.51296
5483,6421,chugoku_sub_463,66.0,34.20718,132.44257
5484,6422,chugoku_sub_464,66.0,34.24788,132.48536
5485,6423,chugoku_sub_465,66.0,34.18734,132.47063
5486,6424,chugoku_sub_466,66.0,34.26487,132.53367
5487,6425,chugoku_sub_467@220,220.0,34.33897,132.95997
5488,6426,chugoku_sub_467@110,110.0,34.33897,132.95997
5489,6427,chugoku_sub_468@110,110.0,34.39514,133.21012
5490,6428,chugoku_sub_468@66,66.0,34.39514,133.21012
5491,6430,chugoku_sub_471,110.0,34.53549,133.55219
5492,6431,chugoku_sub_472,66.0,34.72374,134.11689
5493,6432,chugoku_sub_473,66.0,34.83782,134.38527
5494,6433,chugoku_sub_474@66,66.0,33.84121,132.70596
5495,6435,chugoku_sub_476,66.0,33.97698,132.78027
5496,6436,chugoku_sub_477,110.0,34.65421,133.90433
5497,6437,chugoku_sub_478,110.0,34.36137,132.33626
5498,6438,chugoku_sub_479@500,500.0,34.32691,133.86222
5499,6439,chugoku_sub_479@66,66.0,34.32691,133.86222
5500,6440,chugoku_sub_480,66.0,34.39109,132.49393
5501,6441,chugoku_sub_481,110.0,34.14886,132.21728
5502,6442,chugoku_sub_482,110.0,34.03873,132.21302
5503,6443,chugoku_sub_483,110.0,34.05373,132.20983
5504,6444,chugoku_sub_484@220,220.0,33.96301,132.05495
5505,6445,chugoku_sub_484@110,110.0,33.96301,132.05495
5506,6446,chugoku_sub_485,110.0,34.06534,131.79132
5507,6447,chugoku_sub_486,110.0,34.04314,131.315
5508,6448,chugoku_sub_487,110.0,34.02629,131.34255
5509,6449,chugoku_sub_488,110.0,34.02869,131.34232
5510,6451,chugoku_sub_490@220,220.0,33.96581,132.09128
5511,6452,chugoku_sub_490@110,110.0,33.96581,132.09128
5512,6453,chugoku_sub_491,110.0,33.95941,132.16053
5513,6456,chugoku_sub_495,110.0,34.57592,133.69252
5514,6457,chugoku_sub_496,66.0,34.55432,133.66377
5515,6458,chugoku_sub_498,66.0,34.2226,133.83503
5516,6459,chugoku_sub_499,66.0,34.19572,133.84231
5517,6460,chugoku_sub_500,187.0,34.32462,133.83015
5518,6461,chugoku_sub_501,66.0,35.32259,133.44656
5519,6462,chugoku_sub_502,220.0,35.26505,133.50961
5520,6463,chugoku_sub_503@110,110.0,34.90729,132.84407
5521,6464,chugoku_sub_503@u,66.0,34.90729,132.84407
5522,6465,chugoku_sub_504@110,110.0,34.93678,132.31489
5523,6466,chugoku_sub_504@u,66.0,34.93678,132.31489
5524,6467,chugoku_sub_505,110.0,35.03736,132.27221
5525,6468,chugoku_sub_506@110,110.0,35.00441,132.22685
5526,6469,chugoku_sub_506@66,66.0,35.00441,132.22685
5527,6470,chugoku_sub_507,110.0,34.83713,132.7238
5528,6471,chugoku_sub_508@500,500.0,34.81994,133.40185
5529,6472,chugoku_sub_508@220,220.0,34.81994,133.40185
5530,6473,chugoku_sub_509,110.0,34.47913,133.431
5531,6474,chugoku_sub_510,66.0,35.04207,133.38586
5532,6475,chugoku_sub_511,66.0,34.96444,133.46439
5533,6476,chugoku_sub_512,66.0,34.93118,133.51011
5534,6477,chugoku_sub_513,220.0,34.58207,133.22996
5535,6478,chugoku_sub_514,275.0,34.81733,134.45705
5536,6479,chugoku_sub_515,66.0,34.75398,134.22209
5537,6480,chugoku_sub_516,66.0,34.98683,133.45462
5538,6481,chugoku_sub_517,220.0,34.8187,132.64205
5539,6482,chugoku_sub_518,66.0,35.19559,133.34105
5540,6483,chugoku_sub_519,66.0,35.2231,133.40189
5541,6484,chugoku_sub_520@220,220.0,35.26461,133.48393
5542,6485,chugoku_sub_520@66,66.0,35.26461,133.48393
5543,6486,chugoku_sub_521,110.0,34.7644,132.94598
5544,6487,chugoku_sub_522,110.0,34.36207,132.47535
5545,6488,chugoku_sub_523@110,110.0,34.36168,132.49998
5546,6489,chugoku_sub_523@u,66.0,34.36168,132.49998
5547,6491,chugoku_sub_525,110.0,34.61065,133.08905
5548,6492,chugoku_sub_526,66.0,34.27834,132.63656
5549,6493,chugoku_sub_527,66.0,34.23657,132.60203
5550,6494,chugoku_sub_528,110.0,34.37119,132.36127
5551,6497,shikoku_jct_33.5696:133.4955:66,66.0,33.56959,133.4955
5552,6498,shikoku_jct_33.5718:133.531:66,66.0,33.57179,133.53095
5553,6499,shikoku_jct_34.4806:132.8313:220,220.0,34.48064,132.83134
5554,6500,shikoku_jct_33.5204:133.489:0,66.0,33.52037,133.48901
5555,6501,shikoku_jct_33.5305:133.5421:0,66.0,33.53049,133.5421
5556,6502,shikoku_jct_33.5235:133.4826:0,66.0,33.5235,133.48258
5557,6505,shikoku_jct_34.4896:132.7067:220,220.0,34.48956,132.70674
5558,6506,shikoku_jct_34.4111:132.2583:110,110.0,34.41112,132.25828
5559,6507,shikoku_jct_34.4134:132.2565:500,500.0,34.41343,132.25646
5560,6508,shikoku_jct_34.2013:131.827:500,500.0,34.20131,131.82698
5561,6509,shikoku_jct_33.5655:132.5555:187,187.0,33.56546,132.55551
5562,6510,shikoku_jct_34.4069:132.596:110,110.0,34.40686,132.59596
5563,6511,shikoku_jct_33.5446:133.5174:66,66.0,33.5446,133.51742
5564,6512,shikoku_jct_33.5433:133.5552:0,66.0,33.54332,133.55522
5565,6513,shikoku_jct_34.3926:132.5703:110,110.0,34.39264,132.57027
5566,6514,shikoku_jct_34.198:131.8253:220,220.0,34.19798,131.82529
5567,6515,shikoku_jct_34.1248:131.8489:220,220.0,34.1248,131.84886
5568,6516,shikoku_jct_33.5758:133.6818:66,66.0,33.57583,133.68185
5569,6517,shikoku_jct_33.5594:133.7338:66,66.0,33.55942,133.73378
5570,6518,shikoku_jct_34.4211:133.2132:110,110.0,34.42113,133.21325
5571,6519,shikoku_jct_34.4114:132.2604:110,110.0,34.41135,132.26044
5572,6520,shikoku_jct_34.4114:132.2604:220,220.0,34.41135,132.26044
5573,6521,shikoku_jct_34.148:131.9007:66,66.0,34.14803,131.9007
5574,6525,shikoku_jct_34.4001:133.0991:0,66.0,34.4001,133.09905
5575,6528,shikoku_jct_34.4002:133.0977:0,66.0,34.40017,133.0977
5576,6529,shikoku_jct_33.4561:132.4368:66,66.0,33.45615,132.43682
5577,6530,shikoku_jct_33.5111:132.3996:187,187.0,33.5111,132.39961
5578,6531,shikoku_jct_33.5359:132.6257:66,66.0,33.53587,132.62571
5579,6532,shikoku_jct_33.5269:132.592:66,66.0,33.52688,132.59201
5580,6533,shikoku_jct_33.5166:132.5489:66,66.0,33.51664,132.54887
5581,6534,shikoku_jct_34.4595:132.4352:220,220.0,34.45949,132.43519
5582,6535,shikoku_jct_33.5682:133.4879:66,66.0,33.56824,133.4879
5583,6536,shikoku_jct_33.5684:133.4868:66,66.0,33.56842,133.48679
5584,6537,shikoku_jct_33.6108:133.5895:66,66.0,33.61077,133.58947
5585,6538,shikoku_jct_34.4574:133.7831:500,500.0,34.45735,133.78309
5586,6539,shikoku_jct_33.9546:131.9592:110,110.0,33.95457,131.95917
5587,6542,shikoku_jct_33.3314:132.5561:66,66.0,33.33141,132.55611
5588,6543,shikoku_jct_33.3553:132.5139:66,66.0,33.35534,132.51385
5589,6544,shikoku_jct_33.4069:132.4788:66,66.0,33.40691,132.47881
5590,6545,shikoku_jct_34.4701:134.8904:0,66.0,34.47013,134.89038
5591,6546,shikoku_jct_34.3291:134.8391:77,77.0,34.32911,134.83912
5592,6549,shikoku_jct_33.6793:133.6682:66,66.0,33.67932,133.66816
5593,6550,shikoku_jct_33.5697:133.467:187,187.0,33.5697,133.46699
5594,6551,shikoku_jct_33.5201:133.9486:187,187.0,33.52006,133.94858
5595,6552,shikoku_jct_33.6631:133.8105:66,66.0,33.66309,133.81053
5596,6553,shikoku_jct_33.6774:133.8372:66,66.0,33.67744,133.83721
5597,6554,shikoku_jct_33.6393:133.7272:66,66.0,33.63934,133.72722
5598,6555,shikoku_jct_33.6605:133.8133:66,66.0,33.66053,133.81333
5599,6556,shikoku_jct_33.6375:133.7297:66,66.0,33.63755,133.72972
5600,6557,shikoku_jct_33.0399:132.8791:66,66.0,33.03993,132.87911
5601,6558,shikoku_jct_34.4291:133.1261:110,110.0,34.42914,133.12606
5602,6559,shikoku_jct_33.2939:132.5725:66,66.0,33.29388,132.57248
5603,6560,shikoku_jct_34.3865:132.5564:0,66.0,34.38648,132.55636
5604,6561,shikoku_jct_34.4262:132.6187:0,66.0,34.42615,132.61868
5605,6564,shikoku_jct_33.5732:133.4128:110,110.0,33.57316,133.4128
5606,6565,shikoku_jct_34.3953:133.1544:0,66.0,34.39535,133.15437
5607,6566,shikoku_jct_34.396:133.1543:0,66.0,34.396,133.15431
5608,6569,shikoku_jct_33.4144:132.187:66,66.0,33.41442,132.18703
5609,6570,shikoku_jct_33.4287:132.2172:66,66.0,33.42865,132.2172
5610,6571,shikoku_jct_33.4288:132.2171:66,66.0,33.42878,132.21707
5611,6572,shikoku_jct_33.6222:132.5004:66,66.0,33.62219,132.50038
5612,6573,shikoku_jct_33.5443:132.6493:66,66.0,33.54429,132.64929
5613,6574,shikoku_jct_33.5442:132.6488:66,66.0,33.54423,132.64877
5614,6575,shikoku_jct_33.4985:132.4125:66,66.0,33.49847,132.41248
5615,6576,shikoku_jct_33.4864:132.4064:66,66.0,33.48637,132.40644
5616,6577,shikoku_jct_33.3657:132.6342:66,66.0,33.36568,132.63416
5617,6578,shikoku_jct_33.2633:132.5797:66,66.0,33.26326,132.57971
5618,6579,shikoku_jct_32.9883:132.9501:66,66.0,32.98832,132.95009
5619,6580,shikoku_jct_32.7823:132.9499:66,66.0,32.78233,132.94992
5620,6581,shikoku_jct_33.1705:133.1174:66,66.0,33.17054,133.11744
5621,6582,shikoku_jct_33.206:132.5673:66,66.0,33.20598,132.56728
5622,6583,shikoku_jct_32.996:132.531:66,66.0,32.99599,132.53098
5623,6584,shikoku_jct_33.0137:132.5444:66,66.0,33.01368,132.54436
5624,6585,shikoku_jct_33.2248:132.9227:66,66.0,33.22481,132.92266
5625,6586,shikoku_jct_33.2276:132.9216:66,66.0,33.22755,132.9216
5626,6587,shikoku_jct_33.3637:132.9342:66,66.0,33.36366,132.93419
5627,6588,shikoku_jct_33.3681:134.0657:66,66.0,33.36806,134.06568
5628,6589,shikoku_jct_33.371:134.0777:66,66.0,33.37096,134.07773
5629,6590,shikoku_jct_33.4375:134.0131:66,66.0,33.43747,134.01313
5630,6591,shikoku_jct_33.5086:133.8913:66,66.0,33.5086,133.89129
5631,6592,shikoku_jct_33.5609:133.7346:66,66.0,33.56091,133.73456
5632,6593,shikoku_jct_33.5937:133.4876:66,66.0,33.59369,133.48756
5633,6594,shikoku_jct_33.5896:133.4842:66,66.0,33.58961,133.48422
5634,6595,shikoku_jct_33.568:133.4847:66,66.0,33.56798,133.48465
5635,6596,shikoku_jct_33.6077:133.4738:66,66.0,33.60765,133.47381
5636,6597,shikoku_jct_33.5341:133.5566:66,66.0,33.53407,133.55662
5637,6598,shikoku_jct_33.5336:133.5596:0,66.0,33.53364,133.55962
5638,6604,shikoku_jct_33.5313:132.5903:66,66.0,33.53131,132.59034
5639,6607,shikoku_jct_33.2097:132.5615:66,66.0,33.20967,132.56145
5640,6608,shikoku_jct_33.5254:133.9488:187,187.0,33.52539,133.94882
5641,6609,shikoku_sub_2@110,110.0,34.39277,132.49378
5642,6610,shikoku_sub_4@187,187.0,34.22558,134.00285
5643,6611,shikoku_sub_4@66,66.0,34.22558,134.00285
5644,6612,shikoku_sub_5@187,187.0,34.29022,133.98667
5645,6613,shikoku_sub_5@66,66.0,34.29022,133.98667
5646,6614,shikoku_sub_6@500,500.0,34.16501,133.95328
5647,6615,shikoku_sub_6@187,187.0,34.16501,133.95328
5648,6616,shikoku_sub_7,66.0,34.24409,133.94239
5649,6617,shikoku_sub_8,66.0,34.30595,133.9791
5650,6618,shikoku_sub_13@187,187.0,34.28387,133.86428
5651,6619,shikoku_sub_13@66,66.0,34.28387,133.86428
5652,6620,shikoku_sub_16,500.0,34.30187,133.86249
5653,6621,shikoku_sub_18,66.0,33.56432,133.52252
5654,6622,shikoku_sub_21@220,220.0,34.35681,132.30041
5655,6623,shikoku_sub_21@110,110.0,34.35681,132.30041
5656,6624,shikoku_sub_24,66.0,34.28654,133.92743
5657,6625,shikoku_sub_27@187,187.0,34.18514,133.76111
5658,6626,shikoku_sub_27@66,66.0,34.18514,133.76111
5659,6627,shikoku_sub_31@500,500.0,33.94356,133.39506
5660,6628,shikoku_sub_31@187,187.0,33.94356,133.39506
5661,6629,shikoku_sub_31@66,66.0,33.94356,133.39506
5662,6630,shikoku_sub_32@500,500.0,33.79154,132.92861
5663,6631,shikoku_sub_32@187,187.0,33.79154,132.92861
5664,6632,shikoku_sub_33@187,187.0,33.91202,133.22352
5665,6633,shikoku_sub_33@66,66.0,33.91202,133.22352
5666,6634,shikoku_sub_37@66,66.0,33.53524,133.54695
5667,6635,shikoku_sub_38,66.0,33.56219,133.56649
5668,6636,shikoku_sub_47,66.0,33.50785,133.48524
5669,6637,shikoku_sub_50@500,500.0,34.00039,134.40978
5670,6638,shikoku_sub_50@187,187.0,34.00039,134.40978
5671,6639,shikoku_sub_51@500,500.0,34.00074,134.40811
5672,6640,shikoku_sub_51@187,187.0,34.00074,134.40811
5673,6641,shikoku_sub_52,66.0,34.24662,134.34236
5674,6642,shikoku_sub_53@187,187.0,34.06231,134.46871
5675,6643,shikoku_sub_53@66,66.0,34.06231,134.46871
5676,6644,shikoku_sub_54,66.0,34.00272,134.5903
5677,6645,shikoku_sub_56,66.0,33.57351,133.67109
5678,6647,shikoku_sub_61@220,220.0,34.31983,132.62777
5679,6648,shikoku_sub_61@110,110.0,34.31983,132.62777
5680,6649,shikoku_sub_62@110,110.0,34.35229,132.90545
5681,6650,shikoku_sub_62@u,66.0,34.35229,132.90545
5682,6652,shikoku_sub_72,66.0,34.07241,134.51665
5683,6654,shikoku_sub_76,187.0,34.33463,133.82737
5684,6655,shikoku_sub_78@187,187.0,34.03174,133.89115
5685,6656,shikoku_sub_78@66,66.0,34.03174,133.89115
5686,6657,shikoku_sub_80@187,187.0,33.63578,133.69009
5687,6658,shikoku_sub_80@66,66.0,33.63578,133.69009
5688,6659,shikoku_sub_81,66.0,33.55113,133.5322
5689,6660,shikoku_sub_82@187,187.0,33.5658,133.47652
5690,6661,shikoku_sub_82@110,110.0,33.5658,133.47652
5691,6662,shikoku_sub_82@66,66.0,33.5658,133.47652
5692,6663,shikoku_sub_84@187,187.0,33.55653,132.55714
5693,6664,shikoku_sub_84@66,66.0,33.55653,132.55714
5694,6665,shikoku_sub_86@187,187.0,33.95086,133.24756
5695,6666,shikoku_sub_86@110,110.0,33.95086,133.24756
5696,6667,shikoku_sub_104,66.0,33.57862,133.56864
5697,6668,shikoku_sub_108,66.0,33.57303,133.53852
5698,6669,shikoku_sub_112,66.0,34.04838,132.98683
5699,6670,shikoku_sub_117,66.0,33.50857,133.53418
5700,6671,shikoku_sub_118,66.0,33.50422,133.54049
5701,6672,shikoku_sub_120,66.0,34.06246,134.34815
5702,6673,shikoku_sub_121,66.0,33.96864,134.35217
5703,6675,shikoku_sub_127,66.0,33.5658,133.60397
5704,6676,shikoku_sub_133,187.0,33.46434,134.04886
5705,6677,shikoku_sub_134@187,187.0,33.46235,134.05038
5706,6678,shikoku_sub_134@66,66.0,33.46235,134.05038
5707,6679,shikoku_sub_140,66.0,32.93524,132.71294
5708,6680,shikoku_sub_141,66.0,32.95498,132.80889
5709,6681,shikoku_sub_142,110.0,34.39812,133.0425
5710,6682,shikoku_sub_148,66.0,34.275,133.79322
5711,6683,shikoku_sub_152,66.0,33.95828,133.80123
5712,6684,shikoku_sub_153,66.0,34.03208,133.88779
5713,6685,shikoku_sub_155,66.0,33.94955,134.06383
5714,6686,shikoku_sub_159,66.0,34.04931,134.2292
5715,6687,shikoku_sub_160,66.0,34.07686,134.20832
5716,6688,shikoku_sub_161,66.0,34.09315,134.30818
5717,6689,shikoku_sub_164,66.0,33.98441,133.55535
5718,6690,shikoku_sub_168,110.0,33.70462,133.90701
5719,6691,shikoku_sub_171,66.0,33.95501,133.42936
5720,6692,shikoku_sub_179@187,187.0,33.24656,132.68702
5721,6693,shikoku_sub_179@66,66.0,33.24656,132.68702
5722,6694,shikoku_sub_180@500,500.0,33.48824,132.31264
5723,6695,shikoku_sub_180@187,187.0,33.48824,132.31264
5724,6696,shikoku_sub_180@66,66.0,33.48824,132.31264
5725,6697,shikoku_sub_183@500,500.0,33.87966,134.65182
5726,6698,shikoku_sub_183@187,187.0,33.87966,134.65182
5727,6699,shikoku_sub_183@66,66.0,33.87966,134.65182
5728,6700,shikoku_sub_184,187.0,33.51693,134.13848
5729,6701,shikoku_sub_185,187.0,33.59171,134.11425
5730,6702,shikoku_sub_188,66.0,33.38457,132.42837
5731,6703,shikoku_sub_189,66.0,33.28087,132.54347
5732,6704,shikoku_sub_190,66.0,33.12853,132.52755
5733,6705,shikoku_sub_202@66,66.0,33.53108,133.56938
5734,6706,shikoku_sub_207,66.0,33.50552,133.89658
5735,6707,shikoku_sub_209,66.0,33.42981,134.00916
5736,6709,shikoku_sub_212,66.0,33.57272,132.81665
5737,6710,shikoku_sub_214,66.0,33.29241,134.1492
5738,6711,shikoku_sub_215,66.0,33.2361,132.58361
5739,6712,shikoku_sub_216,66.0,32.96653,132.56825
5740,6713,shikoku_sub_217,66.0,33.20688,133.14
5741,6714,shikoku_sub_218,66.0,33.25,132.69378
5742,6715,shikoku_sub_226@220,220.0,34.33897,132.95992
5743,6716,shikoku_sub_226@110,110.0,34.33897,132.95992
5744,6717,shikoku_sub_228,66.0,33.23167,132.55625
5745,6718,shikoku_sub_231,66.0,33.97729,132.7803
5746,6721,shikoku_sub_235@500,500.0,34.32701,133.86253
5747,6722,shikoku_sub_235@66,66.0,34.32701,133.86253
5748,6723,shikoku_sub_236@110,110.0,34.39109,132.49393
5749,6724,shikoku_sub_240@220,220.0,33.96303,132.05472
5750,6725,shikoku_sub_240@110,110.0,33.96303,132.05472
5751,6726,shikoku_sub_246,66.0,34.22254,133.83504
5752,6727,shikoku_sub_247,66.0,34.19592,133.84264
5753,6728,shikoku_sub_249,66.0,33.35802,132.519
5754,6729,shikoku_sub_254,110.0,34.37117,132.36103
5755,6731,kyushu_jct_33.2264:131.5827:66,66.0,33.22635,131.58273
5756,6732,kyushu_jct_33.2772:131.4728:66,66.0,33.2772,131.47282
5757,6733,kyushu_jct_33.3049:131.4881:66,66.0,33.30493,131.48815
5758,6734,kyushu_jct_33.1868:131.5071:66,66.0,33.18677,131.50707
5759,6737,kyushu_jct_33.3444:130.8363:66,66.0,33.34443,130.83633
5760,6738,kyushu_jct_33.3423:130.8322:66,66.0,33.34227,130.83216
5761,6739,kyushu_jct_33.2078:131.6514:220,220.0,33.20784,131.65145
5762,6740,kyushu_jct_33.1938:131.6421:220,220.0,33.19382,131.64211
5763,6742,kyushu_jct_33.374:131.5225:66,66.0,33.37402,131.5225
5764,6743,kyushu_jct_33.3825:131.5606:66,66.0,33.38251,131.56061
5765,6744,kyushu_jct_33.3858:131.5654:66,66.0,33.38581,131.56536
5766,6745,kyushu_jct_33.4376:131.6611:66,66.0,33.43757,131.66108
5767,6746,kyushu_jct_33.3843:131.568:66,66.0,33.38426,131.56802
5768,6747,kyushu_jct_33.2179:131.6225:66,66.0,33.21794,131.62247
5769,6748,kyushu_jct_33.3593:130.5007:66,66.0,33.35933,130.50073
5770,6749,kyushu_jct_33.3512:130.5111:66,66.0,33.35117,130.51113
5771,6750,kyushu_jct_33.5242:130.547:66,66.0,33.52418,130.54704
5772,6751,kyushu_jct_33.3266:130.5035:66,66.0,33.32656,130.50351
5773,6752,kyushu_jct_33.3214:130.6073:66,66.0,33.32141,130.60735
5774,6753,kyushu_jct_33.3938:129.9236:500,500.0,33.39377,129.92364
5775,6754,kyushu_jct_33.3144:130.4465:220,220.0,33.31444,130.44651
5776,6755,kyushu_jct_33.5132:130.324:66,66.0,33.51319,130.32403
5777,6756,kyushu_jct_33.5465:130.2793:66,66.0,33.5465,130.27927
5778,6757,kyushu_jct_33.3234:130.4911:66,66.0,33.32335,130.49111
5779,6758,kyushu_jct_33.4577:130.5163:220,220.0,33.45774,130.5163
5780,6759,kyushu_jct_33.388:130.4688:220,220.0,33.38797,130.46882
5781,6760,kyushu_jct_33.3459:130.5858:66,66.0,33.34589,130.58581
5782,6761,kyushu_jct_33.4807:130.5969:66,66.0,33.48065,130.59691
5783,6762,kyushu_jct_33.322:130.6102:66,66.0,33.322,130.61017
5784,6763,kyushu_jct_33.3486:129.6843:500,500.0,33.34857,129.68433
5785,6764,kyushu_jct_33.3038:129.8166:500,500.0,33.30381,129.81655
5786,6765,kyushu_jct_33.3723:130.4535:66,66.0,33.37234,130.4535
5787,6766,kyushu_jct_33.3633:130.435:66,66.0,33.36331,130.43497
5788,6767,kyushu_jct_33.7114:130.4633:66,66.0,33.71145,130.46335
5789,6768,kyushu_jct_33.2129:130.499:66,66.0,33.21292,130.49905
5790,6769,kyushu_jct_33.5091:130.5787:220,220.0,33.5091,130.57868
5791,6770,kyushu_jct_33.2932:130.9012:66,66.0,33.29321,130.90122
5792,6773,kyushu_jct_33.6277:130.4732:220,220.0,33.62766,130.47319
5793,6774,kyushu_jct_33.2066:131.6337:220,220.0,33.2066,131.63375
5794,6777,kyushu_jct_33.3463:129.9886:220,220.0,33.34633,129.98862
5795,6778,kyushu_jct_33.2317:130.4176:220,220.0,33.23172,130.41759
5796,6779,kyushu_jct_33.2347:130.4123:220,220.0,33.2347,130.41226
5797,6780,kyushu_jct_33.2261:131.7793:220,220.0,33.2261,131.77929
5798,6781,kyushu_jct_33.7759:130.6649:500,500.0,33.77594,130.66493
5799,6782,kyushu_jct_33.7876:130.7055:500,500.0,33.78763,130.70547
5800,6783,kyushu_jct_33.8061:130.7574:500,500.0,33.80606,130.7574
5801,6784,kyushu_jct_32.6287:130.7819:220,220.0,32.62871,130.78187
5802,6785,kyushu_jct_33.6422:130.4768:220,220.0,33.64223,130.47681
5803,6786,kyushu_jct_33.6849:130.5128:220,220.0,33.68494,130.51276
5804,6787,kyushu_jct_33.7756:130.6486:220,220.0,33.77565,130.64863
5805,6788,kyushu_jct_32.7222:130.8213:66,66.0,32.72225,130.82134
5806,6789,kyushu_jct_33.8462:130.6671:66,66.0,33.84616,130.66714
5807,6790,kyushu_jct_33.8486:130.6673:66,66.0,33.84864,130.66726
5808,6791,kyushu_jct_33.6185:130.4605:66,66.0,33.61846,130.46052
5809,6792,kyushu_jct_33.5849:130.4312:66,66.0,33.58487,130.43119
5810,6793,kyushu_jct_33.4622:129.954:220,220.0,33.4622,129.95403
5811,6794,kyushu_jct_33.4404:129.9451:220,220.0,33.44042,129.94507
5812,6795,kyushu_jct_33.4383:129.9439:220,220.0,33.43825,129.94391
5813,6796,kyushu_jct_33.4622:129.9537:0,66.0,33.46223,129.95372
5814,6797,kyushu_jct_33.4587:129.947:66,66.0,33.45866,129.94698
5815,6798,kyushu_jct_33.0295:130.4261:66,66.0,33.02947,130.42606
5816,6799,kyushu_jct_33.0559:130.449:110,110.0,33.05589,130.44904
5817,6800,kyushu_jct_33.6148:130.7034:66,66.0,33.61476,130.70336
5818,6801,kyushu_jct_33.656:130.7123:66,66.0,33.656,130.71235
5819,6802,kyushu_jct_33.6983:130.7487:66,66.0,33.69826,130.74866
5820,6803,kyushu_jct_33.6752:130.6855:66,66.0,33.6752,130.68552
5821,6805,kyushu_jct_32.4847:130.0443:500,500.0,32.48474,130.04433
5822,6806,kyushu_jct_32.4734:130.0639:500,500.0,32.47344,130.06386
5823,6807,kyushu_jct_33.9152:130.747:110,110.0,33.91519,130.74702
5824,6808,kyushu_jct_33.9117:130.7475:110,110.0,33.91169,130.7475
5825,6809,kyushu_jct_33.9116:130.7517:110,110.0,33.91162,130.75168
5826,6810,kyushu_jct_31.882:130.2694:220,220.0,31.88204,130.26939
5827,6811,kyushu_jct_31.8847:130.2843:220,220.0,31.88466,130.28427
5828,6812,kyushu_jct_31.8764:130.3719:220,220.0,31.87644,130.3719
5829,6813,kyushu_jct_31.8016:130.7942:220,220.0,31.80157,130.79422
5830,6814,kyushu_jct_32.4191:130.7013:220,220.0,32.41912,130.70134
5831,6815,kyushu_jct_32.1985:130.4321:110,110.0,32.19855,130.43207
5832,6816,kyushu_jct_32.4918:130.7153:220,220.0,32.49179,130.71534
5833,6817,kyushu_jct_32.4596:130.7081:220,220.0,32.45961,130.70809
5834,6818,kyushu_jct_32.4884:130.6415:110,110.0,32.48842,130.64145
5835,6819,kyushu_jct_32.8563:130.7926:220,220.0,32.85635,130.7926
5836,6820,kyushu_jct_32.8188:130.8227:220,220.0,32.81877,130.82271
5837,6821,kyushu_jct_32.8719:130.7945:66,66.0,32.8719,130.79449
5838,6822,kyushu_jct_32.8025:130.7978:66,66.0,32.80247,130.79782
5839,6823,kyushu_jct_32.8674:130.7223:66,66.0,32.86738,130.72227
5840,6824,kyushu_jct_32.8875:130.6812:66,66.0,32.88755,130.68117
5841,6825,kyushu_jct_32.7592:130.7625:110,110.0,32.75921,130.76246
5842,6826,kyushu_jct_32.7347:130.699:66,66.0,32.73471,130.69896
5843,6827,kyushu_jct_32.7465:130.6986:66,66.0,32.74652,130.69855
5844,6832,kyushu_jct_33.3428:130.933:66,66.0,33.34279,130.93297
5845,6833,kyushu_jct_33.3275:130.9519:66,66.0,33.32754,130.95193
5846,6834,kyushu_jct_33.296:130.9745:66,66.0,33.29601,130.9745
5847,6835,kyushu_jct_33.2942:130.9737:66,66.0,33.2942,130.97375
5848,6836,kyushu_jct_33.2879:130.9443:66,66.0,33.28792,130.94426
5849,6837,kyushu_jct_33.3031:130.8848:110,110.0,33.30313,130.88485
5850,6838,kyushu_jct_33.3392:130.7215:66,66.0,33.33925,130.72153
5851,6839,kyushu_jct_33.6027:131.149:66,66.0,33.60268,131.14901
5852,6840,kyushu_jct_33.1904:131.6955:220,220.0,33.19037,131.69548
5853,6841,kyushu_jct_33.1986:131.6839:220,220.0,33.19864,131.68395
5854,6842,kyushu_jct_33.2032:131.6664:220,220.0,33.2032,131.66636
5855,6843,kyushu_jct_31.9067:131.2138:220,220.0,31.90674,131.21381
5856,6844,kyushu_jct_33.4243:131.5326:66,66.0,33.42431,131.53259
5857,6845,kyushu_jct_33.5735:131.469:66,66.0,33.57348,131.46904
5858,6846,kyushu_jct_33.6681:131.5517:66,66.0,33.66805,131.55171
5859,6847,kyushu_jct_33.4671:131.34:66,66.0,33.46714,131.34002
5860,6848,kyushu_jct_33.4669:131.3302:66,66.0,33.46687,131.33025
5861,6849,kyushu_jct_33.2879:131.1504:66,66.0,33.28792,131.15036
5862,6850,kyushu_jct_33.3209:130.9831:66,66.0,33.32087,130.98307
5863,6851,kyushu_jct_33.3203:130.9874:66,66.0,33.32029,130.98738
5864,6852,kyushu_jct_33.4194:130.6462:66,66.0,33.41942,130.64615
5865,6853,kyushu_jct_33.6155:130.7561:66,66.0,33.61551,130.75605
5866,6854,kyushu_jct_33.0267:130.4659:66,66.0,33.0267,130.46593
5867,6855,kyushu_jct_33.0176:130.4632:66,66.0,33.01762,130.46324
5868,6856,kyushu_jct_33.0078:130.455:66,66.0,33.0078,130.45497
5869,6857,kyushu_jct_33.2258:129.8091:220,220.0,33.22576,129.80911
5870,6858,kyushu_jct_33.1792:129.8488:220,220.0,33.17915,129.84877
5871,6859,kyushu_jct_33.1774:129.8563:220,220.0,33.17737,129.85626
5872,6860,kyushu_jct_33.1748:129.8601:220,220.0,33.17481,129.86007
5873,6861,kyushu_jct_33.4693:130.4432:0,66.0,33.46933,130.44316
5874,6862,kyushu_jct_33.3443:130.1135:220,220.0,33.34433,130.11346
5875,6864,kyushu_jct_33.6802:130.4581:66,66.0,33.68022,130.45812
5876,6865,kyushu_jct_32.8838:130.0098:220,220.0,32.88377,130.00976
5877,6866,kyushu_jct_32.8282:130.0118:220,220.0,32.82825,130.0118
5878,6867,kyushu_jct_32.8277:129.0629:66,66.0,32.82773,129.06295
5879,6868,kyushu_jct_33.1402:129.8494:220,220.0,33.14017,129.84945
5880,6869,kyushu_jct_32.958:129.6528:220,220.0,32.95796,129.65276
5881,6874,kyushu_jct_32.1967:131.3236:220,220.0,32.19669,131.32358
5882,6875,kyushu_jct_31.9627:131.3975:220,220.0,31.96267,131.39755
5883,6876,kyushu_jct_32.4723:131.174:110,110.0,32.47233,131.17403
5884,6877,kyushu_jct_33.3389:130.1108:220,220.0,33.33895,130.11082
5885,6879,kyushu_jct_31.8766:130.7873:66,66.0,31.87657,130.7873
5886,6880,kyushu_jct_31.9179:130.7723:66,66.0,31.91794,130.77229
5887,6881,kyushu_jct_31.9165:130.7596:66,66.0,31.91648,130.75962
5888,6882,kyushu_jct_32.4733:131.1872:220,220.0,32.47331,131.18723
5889,6883,kyushu_jct_32.294:130.8439:66,66.0,32.29397,130.84385
5890,6884,kyushu_jct_32.3764:130.8273:66,66.0,32.37637,130.82729
5891,6885,kyushu_jct_32.4007:130.8168:66,66.0,32.40067,130.81679
5892,6886,kyushu_jct_32.4228:130.8586:66,66.0,32.42276,130.85858
5893,6887,kyushu_jct_32.4203:130.8578:66,66.0,32.42027,130.85784
5894,6888,kyushu_jct_33.0096:130.6695:110,110.0,33.00961,130.66954
5895,6889,kyushu_jct_31.8108:130.3145:66,66.0,31.81076,130.31446
5896,6890,kyushu_jct_31.827:130.212:220,220.0,31.82703,130.21195
5897,6891,kyushu_jct_31.698:130.3805:220,220.0,31.69802,130.38052
5898,6892,kyushu_jct_32.959:130.7032:220,220.0,32.95896,130.70323
5899,6893,kyushu_jct_32.8873:130.6511:220,220.0,32.8873,130.65106
5900,6894,kyushu_jct_32.9123:130.5779:66,66.0,32.91225,130.57788
5901,6895,kyushu_jct_33.1833:129.9973:66,66.0,33.1833,129.99729
5902,6896,kyushu_jct_33.1745:129.9178:0,66.0,33.17454,129.9178
5903,6897,kyushu_jct_33.1728:129.8789:66,66.0,33.17278,129.87888
5904,6898,kyushu_jct_32.9431:129.5962:220,220.0,32.94311,129.5962
5905,6899,kyushu_jct_33.1456:129.8298:66,66.0,33.14563,129.8298
5906,6900,kyushu_jct_33.159:129.7744:66,66.0,33.15899,129.77437
5907,6901,kyushu_jct_33.1825:129.7381:66,66.0,33.18253,129.73808
5908,6902,kyushu_jct_33.3575:129.5658:66,66.0,33.35752,129.56582
5909,6903,kyushu_jct_33.3119:129.6394:66,66.0,33.31187,129.6394
5910,6904,kyushu_jct_32.7722:129.8931:66,66.0,32.77216,129.89308
5911,6905,kyushu_jct_32.7726:129.8877:66,66.0,32.77259,129.88765
5912,6906,kyushu_jct_32.7485:129.8503:0,66.0,32.74853,129.85031
5913,6907,kyushu_jct_32.7396:129.8552:0,66.0,32.73957,129.85524
5914,6908,kyushu_jct_32.6606:130.6713:66,66.0,32.66055,130.67131
5915,6909,kyushu_jct_32.6218:130.7095:66,66.0,32.62176,130.70946
5916,6910,kyushu_jct_32.5964:130.7125:66,66.0,32.59636,130.71252
5917,6911,kyushu_jct_32.5951:130.7082:66,66.0,32.5951,130.70817
5918,6912,kyushu_jct_33.4765:129.8976:66,66.0,33.47653,129.89765
5919,6913,kyushu_jct_33.488:129.8796:66,66.0,33.48797,129.87961
5920,6914,kyushu_jct_32.7759:129.9398:220,220.0,32.77591,129.93977
5921,6915,kyushu_jct_33.1648:129.6963:66,66.0,33.16484,129.69626
5922,6916,kyushu_jct_33.0447:129.6706:66,66.0,33.04468,129.67061
5923,6917,kyushu_jct_33.9133:130.7493:110,110.0,33.91331,130.74929
5924,6918,kyushu_jct_31.9848:130.4988:110,110.0,31.98477,130.49877
5925,6919,kyushu_jct_32.0578:130.5716:110,110.0,32.05779,130.5716
5926,6922,kyushu_jct_33.7762:130.6502:220,220.0,33.77618,130.65022
5927,6923,kyushu_jct_34.3835:132.2715:220,220.0,34.38348,132.27153
5928,6924,kyushu_jct_34.696:131.9797:500,500.0,34.69595,131.97974
5929,6925,kyushu_jct_33.2825:130.3811:66,66.0,33.28246,130.38107
5930,6926,kyushu_jct_33.2738:130.3524:110,110.0,33.27375,130.35238
5931,6927,kyushu_jct_33.2709:130.3571:110,110.0,33.27093,130.35707
5932,6928,kyushu_jct_33.2586:130.3207:66,66.0,33.25863,130.32071
5933,6929,kyushu_jct_33.0113:130.4236:66,66.0,33.01134,130.42364
5934,6933,kyushu_jct_33.2892:130.7748:66,66.0,33.28915,130.77476
5935,6934,kyushu_jct_33.4299:130.2273:0,220.0,33.42991,130.22729
5936,6935,kyushu_jct_32.9014:130.7797:220,220.0,32.90142,130.77971
5937,6936,kyushu_jct_32.9105:130.7504:110,110.0,32.91053,130.75041
5938,6937,kyushu_jct_32.9842:130.6443:110,110.0,32.98419,130.64432
5939,6938,kyushu_jct_33.8033:130.5489:66,66.0,33.80328,130.54888
5940,6939,kyushu_jct_33.1707:130.4227:66,66.0,33.1707,130.42268
5941,6940,kyushu_jct_32.7647:129.8533:0,66.0,32.7647,129.8533
5942,6941,kyushu_jct_32.75:129.852:0,66.0,32.75002,129.85199
5943,6942,kyushu_jct_33.2569:130.1983:110,110.0,33.25695,130.19826
5944,6943,kyushu_jct_33.2261:130.1096:110,110.0,33.22615,130.10956
5945,6944,kyushu_jct_32.8333:129.8503:66,66.0,32.83332,129.85028
5946,6945,kyushu_jct_32.8018:129.8665:66,66.0,32.80182,129.86648
5947,6946,kyushu_jct_32.7847:129.8838:66,66.0,32.78469,129.8838
5948,6947,kyushu_jct_32.7037:129.8917:66,66.0,32.70368,129.8917
5949,6948,kyushu_jct_33.5958:131.1608:66,66.0,33.59582,131.16082
5950,6949,kyushu_jct_33.5906:131.1712:66,66.0,33.59061,131.17122
5951,6950,kyushu_jct_33.5616:131.3656:66,66.0,33.56156,131.36565
5952,6951,kyushu_jct_33.56:131.3502:66,66.0,33.55998,131.35024
5953,6952,kyushu_jct_33.5713:131.2612:66,66.0,33.57127,131.26116
5954,6953,kyushu_jct_33.5723:131.2562:66,66.0,33.57234,131.25622
5955,6954,kyushu_jct_33.5705:131.2604:66,66.0,33.57047,131.26043
5956,6955,kyushu_jct_33.3472:131.349:220,220.0,33.34715,131.34895
5957,6956,kyushu_jct_32.8796:130.9904:66,66.0,32.87955,130.99041
5958,6957,kyushu_jct_32.8647:130.8808:66,66.0,32.86475,130.88078
5959,6958,kyushu_jct_33.5621:130.2261:66,66.0,33.56208,130.22615
5960,6959,kyushu_jct_33.7434:130.4836:66,66.0,33.74337,130.4836
5961,6960,kyushu_jct_33.7473:130.4965:66,66.0,33.74727,130.4965
5962,6961,kyushu_jct_33.7506:130.4935:66,66.0,33.75064,130.49351
5963,6965,kyushu_jct_33.5884:131.2128:66,66.0,33.58837,131.21275
5964,6966,kyushu_jct_33.5764:130.6555:66,66.0,33.57642,130.65554
5965,6967,kyushu_jct_33.6508:130.8007:66,66.0,33.65084,130.8007
5966,6968,kyushu_jct_33.8115:130.7613:66,66.0,33.81145,130.76129
5967,6969,kyushu_jct_33.8092:130.759:66,66.0,33.80917,130.75898
5968,6970,kyushu_jct_33.7554:130.771:66,66.0,33.75541,130.77103
5969,6971,kyushu_jct_33.7652:130.7618:66,66.0,33.76516,130.76177
5970,6972,kyushu_jct_33.8344:130.7548:66,66.0,33.83436,130.75479
5971,6973,kyushu_jct_33.8507:130.7379:66,66.0,33.85068,130.73789
5972,6974,kyushu_jct_33.8616:130.7787:0,66.0,33.86157,130.77866
5973,6975,kyushu_jct_33.3437:130.8366:66,66.0,33.34372,130.83658
5974,6976,kyushu_jct_33.3437:130.8365:66,66.0,33.34372,130.83649
5975,6977,kyushu_jct_33.3437:130.8364:66,66.0,33.34372,130.83636
5976,6978,kyushu_jct_33.2743:130.2855:66,66.0,33.2743,130.28555
5977,6979,kyushu_jct_32.6557:130.7144:66,66.0,32.65572,130.71437
5978,6980,kyushu_jct_32.6199:130.6956:66,66.0,32.61993,130.69556
5979,6981,kyushu_jct_32.2161:130.7757:110,110.0,32.21606,130.77567
5980,6982,kyushu_jct_31.9877:130.4941:110,110.0,31.98771,130.49413
5981,6984,kyushu_jct_33.3477:130.2485:0,66.0,33.34774,130.24846
5982,6989,kyushu_jct_33.1964:130.9942:110,110.0,33.19645,130.99421
5983,6990,kyushu_jct_33.1221:131.1901:66,66.0,33.12205,131.19013
5984,6991,kyushu_jct_33.2429:131.2235:66,66.0,33.24286,131.22349
5985,6992,kyushu_jct_33.2323:131.3129:66,66.0,33.23225,131.31292
5986,7005,kyushu_jct_33.2363:131.2701:66,66.0,33.23634,131.27008
5987,7006,kyushu_jct_33.2118:131.2717:66,66.0,33.21184,131.27167
5988,7007,kyushu_jct_32.7894:130.8452:220,220.0,32.78937,130.84523
5989,7008,kyushu_jct_33.2094:130.5109:66,66.0,33.20935,130.51088
5990,7009,kyushu_jct_33.199:130.5124:66,66.0,33.19902,130.51244
5991,7010,kyushu_jct_32.1969:131.3242:220,220.0,32.19687,131.32423
5992,7011,kyushu_jct_32.2249:130.7818:66,66.0,32.22486,130.78178
5993,7012,kyushu_jct_32.2162:131.3376:220,220.0,32.21622,131.33756
5994,7013,kyushu_jct_32.1952:131.3241:220,220.0,32.19515,131.32406
5995,7014,kyushu_jct_32.1951:131.3239:220,220.0,32.19514,131.32387
5996,7015,kyushu_jct_32.1951:131.3247:220,220.0,32.19506,131.32474
5997,7016,kyushu_jct_32.1588:131.3586:110,110.0,32.15876,131.35857
5998,7017,kyushu_jct_32.1612:131.413:110,110.0,32.16123,131.41304
5999,7018,kyushu_jct_32.3079:131.336:220,220.0,32.30793,131.33598
6000,7019,kyushu_jct_32.2623:131.3812:110,110.0,32.26231,131.38123
6001,7020,kyushu_jct_32.3404:131.3639:66,66.0,32.3404,131.36392
6002,7021,kyushu_jct_32.4291:131.5658:66,66.0,32.42909,131.56576
6003,7022,kyushu_jct_32.4498:131.6195:66,66.0,32.44983,131.6195
6004,7023,kyushu_jct_31.6611:130.9673:110,110.0,31.66108,130.96731
6005,7024,kyushu_jct_31.4001:130.9358:110,110.0,31.4001,130.93582
6006,7025,kyushu_jct_32.0726:131.4768:66,66.0,32.07261,131.47683
6007,7026,kyushu_jct_31.9936:131.4068:66,66.0,31.99362,131.40678
6008,7027,kyushu_jct_32.0376:131.4352:66,66.0,32.03763,131.43517
6009,7028,kyushu_jct_32.0446:131.4389:66,66.0,32.04464,131.4389
6010,7029,kyushu_jct_32.0522:131.4424:66,66.0,32.05221,131.44241
6011,7030,kyushu_jct_33.1949:129.7915:220,220.0,33.19486,129.79152
6012,7031,kyushu_jct_33.344:131.4856:66,66.0,33.34398,131.48564
6013,7032,kyushu_jct_33.1723:131.5363:66,66.0,33.17229,131.53632
6014,7033,kyushu_jct_33.3382:131.4708:66,66.0,33.33818,131.47083
6015,7034,kyushu_jct_33.2213:130.389:66,66.0,33.22128,130.38896
6016,7035,kyushu_jct_32.9166:130.581:66,66.0,32.91661,130.58097
6017,7036,kyushu_jct_32.771:130.7006:66,66.0,32.77103,130.70062
6018,7037,kyushu_jct_32.7796:130.7005:66,66.0,32.77961,130.70054
6019,7038,kyushu_jct_32.808:130.6738:66,66.0,32.80799,130.6738
6020,7039,kyushu_jct_33.0459:130.4961:110,110.0,33.04589,130.49612
6021,7040,kyushu_jct_32.1309:130.3588:66,66.0,32.13089,130.35875
6022,7041,kyushu_jct_32.1905:130.3997:66,66.0,32.19055,130.39974
6023,7042,kyushu_jct_32.1983:130.4037:66,66.0,32.19827,130.40367
6024,7043,kyushu_jct_31.8564:130.1999:220,220.0,31.85636,130.19993
6025,7044,kyushu_jct_31.8562:130.2004:220,220.0,31.85615,130.20044
6026,7045,kyushu_jct_32.3793:131.0212:66,66.0,32.37928,131.02123
6027,7046,kyushu_jct_32.3223:131.0049:66,66.0,32.32225,131.00491
6028,7047,kyushu_jct_32.2966:130.991:66,66.0,32.29657,130.99099
6029,7048,kyushu_jct_32.2768:130.9323:66,66.0,32.27679,130.93234
6030,7049,kyushu_jct_31.9517:131.3817:66,66.0,31.95173,131.38173
6031,7050,kyushu_jct_32.8197:130.0577:66,66.0,32.81966,130.05768
6032,7051,kyushu_jct_32.8109:130.1601:66,66.0,32.81092,130.16014
6033,7052,kyushu_jct_32.8284:130.0128:220,220.0,32.82836,130.0128
6034,7053,kyushu_jct_32.6949:129.8167:66,66.0,32.6949,129.81671
6035,7054,kyushu_jct_32.8709:130.9439:66,66.0,32.87091,130.94393
6036,7055,kyushu_jct_32.9369:131.0156:66,66.0,32.93695,131.01564
6037,7056,kyushu_jct_32.8652:130.8898:66,66.0,32.86525,130.88982
6038,7057,kyushu_jct_32.903:130.8688:0,66.0,32.90298,130.86881
6039,7058,kyushu_jct_32.6872:130.8713:66,66.0,32.68717,130.87132
6040,7059,kyushu_jct_32.6559:130.8528:66,66.0,32.65588,130.85276
6041,7060,kyushu_jct_33.1146:131.4321:66,66.0,33.11463,131.43209
6042,7061,kyushu_jct_32.9707:131.4222:66,66.0,32.97066,131.4222
6043,7062,kyushu_jct_33.1282:131.771:220,220.0,33.12823,131.77103
6044,7063,kyushu_jct_33.1633:131.7327:220,220.0,33.16331,131.73275
6045,7064,kyushu_jct_33.0746:131.855:220,220.0,33.0746,131.855
6046,7065,kyushu_jct_33.0762:131.8517:220,220.0,33.07619,131.85167
6047,7066,kyushu_jct_33.0781:131.8463:220,220.0,33.07809,131.8463
6048,7067,kyushu_jct_33.0798:131.842:220,220.0,33.07977,131.84199
6049,7068,kyushu_jct_33.219:131.7473:220,220.0,33.21897,131.74734
6050,7069,kyushu_jct_32.6166:130.9989:0,66.0,32.61664,130.99887
6051,7070,kyushu_jct_32.6394:130.9891:0,66.0,32.6394,130.98912
6052,7071,kyushu_jct_32.6434:130.9868:0,66.0,32.6434,130.98684
6053,7072,kyushu_jct_32.6443:130.9857:66,66.0,32.64426,130.98567
6054,7075,kyushu_jct_33.1762:131.5786:66,66.0,33.17618,131.57858
6055,7076,kyushu_jct_33.1867:131.579:66,66.0,33.18671,131.57897
6056,7077,kyushu_jct_33.1783:131.5826:66,66.0,33.17835,131.58261
6057,7078,kyushu_jct_33.1765:131.5815:66,66.0,33.1765,131.58155
6058,7079,kyushu_jct_33.8457:130.6648:66,66.0,33.84567,130.66479
6059,7080,kyushu_jct_33.8307:130.6866:66,66.0,33.83067,130.68662
6060,7083,kyushu_jct_31.4017:130.3622:66,66.0,31.40169,130.36222
6061,7084,kyushu_jct_31.3496:130.4011:66,66.0,31.34963,130.40106
6062,7085,kyushu_jct_31.4681:130.4887:66,66.0,31.46811,130.48873
6063,7086,kyushu_jct_31.3366:130.4739:66,66.0,31.33663,130.47392
6064,7087,kyushu_jct_31.5335:130.48:66,66.0,31.53348,130.48001
6065,7088,kyushu_jct_31.5965:130.5172:66,66.0,31.5965,130.51723
6066,7089,kyushu_jct_31.6077:130.4981:66,66.0,31.6077,130.49813
6067,7090,kyushu_jct_31.2513:130.6207:66,66.0,31.25129,130.6207
6068,7091,kyushu_jct_31.728:130.3029:66,66.0,31.728,130.30291
6069,7092,kyushu_jct_31.6265:130.5393:66,66.0,31.6265,130.53932
6070,7093,kyushu_jct_31.7903:130.3234:66,66.0,31.79029,130.32337
6071,7094,kyushu_jct_31.768:130.7695:66,66.0,31.76804,130.76949
6072,7095,kyushu_jct_31.2141:130.6258:66,66.0,31.21411,130.62578
6073,7096,kyushu_jct_31.2111:130.5955:66,66.0,31.21106,130.59553
6074,7097,kyushu_jct_31.3217:130.4691:66,66.0,31.32165,130.46915
6075,7098,kyushu_jct_31.6307:130.5143:66,66.0,31.63066,130.51432
6076,7099,kyushu_jct_31.5895:130.3584:66,66.0,31.58948,130.35838
6077,7100,kyushu_jct_31.8509:130.3071:220,220.0,31.85092,130.3071
6078,7101,kyushu_jct_31.8369:130.421:66,66.0,31.83688,130.42104
6079,7102,kyushu_jct_31.6213:130.8139:66,66.0,31.62127,130.81394
6080,7103,kyushu_jct_31.5866:130.799:66,66.0,31.58664,130.799
6081,7104,kyushu_jct_31.8129:130.757:66,66.0,31.81294,130.75697
6082,7105,kyushu_jct_31.7499:131.0508:66,66.0,31.74989,131.05078
6083,7106,kyushu_jct_31.8226:130.4272:66,66.0,31.82265,130.42721
6084,7107,kyushu_jct_31.8199:130.4296:66,66.0,31.81991,130.42963
6085,7108,kyushu_jct_31.7477:131.0802:66,66.0,31.74773,131.0802
6086,7109,kyushu_jct_31.754:131.0876:66,66.0,31.75404,131.0876
6087,7110,kyushu_jct_31.7567:130.752:66,66.0,31.75673,130.75201
6088,7111,kyushu_jct_31.7549:130.7548:66,66.0,31.75486,130.75482
6089,7112,kyushu_jct_31.9622:130.7517:66,66.0,31.96223,130.75174
6090,7113,kyushu_jct_31.9674:130.7406:66,66.0,31.96736,130.74061
6091,7114,kyushu_jct_31.9764:130.7255:66,66.0,31.9764,130.72547
6092,7115,kyushu_jct_31.5851:130.819:66,66.0,31.58515,130.819
6093,7119,kyushu_jct_33.9823:132.0951:0,66.0,33.98228,132.09506
6094,7120,kyushu_jct_34.0918:132.125:0,66.0,34.09183,132.12504
6095,7121,kyushu_jct_32.09:130.2818:66,66.0,32.09004,130.28176
6096,7122,kyushu_jct_31.5687:130.5333:66,66.0,31.56873,130.53327
6097,7123,kyushu_jct_31.4919:131.0836:0,66.0,31.49186,131.08362
6098,7124,kyushu_jct_31.3529:130.8749:66,66.0,31.3529,130.87486
6099,7125,kyushu_jct_31.9316:131.3947:66,66.0,31.93164,131.39468
6100,7126,kyushu_jct_31.8478:131.3806:66,66.0,31.84775,131.38064
6101,7127,kyushu_jct_31.8506:131.381:66,66.0,31.85059,131.38096
6102,7130,kyushu_jct_32.8672:130.8012:66,66.0,32.86718,130.80124
6103,7131,kyushu_jct_33.274:129.8311:220,220.0,33.27398,129.83114
6104,7132,kyushu_jct_33.2748:129.8283:220,220.0,33.27479,129.82826
6105,7133,kyushu_jct_32.4313:131.6502:0,66.0,32.43135,131.65021
6106,7134,kyushu_jct_32.4413:131.6374:110,110.0,32.44129,131.63742
6107,7135,kyushu_jct_33.447:131.5009:66,66.0,33.44701,131.50094
6108,7136,kyushu_jct_33.4474:131.5033:66,66.0,33.44741,131.50335
6109,7137,kyushu_jct_33.5316:131.3656:66,66.0,33.53157,131.36559
6110,7138,kyushu_jct_32.8271:129.8292:66,66.0,32.82713,129.82923
6111,7139,kyushu_jct_32.7834:129.8892:66,66.0,32.78341,129.88915
6112,7140,kyushu_jct_32.8066:129.8656:66,66.0,32.80661,129.86565
6113,7141,kyushu_jct_31.9247:131.1335:110,110.0,31.92475,131.13346
6114,7142,kyushu_jct_31.9635:131.0354:110,110.0,31.96347,131.03544
6115,7143,kyushu_jct_31.9202:131.1334:110,110.0,31.92018,131.1334
6116,7144,kyushu_jct_31.9358:131.2476:110,110.0,31.93583,131.24764
6117,7149,kyushu_jct_32.8111:130.3188:66,66.0,32.81112,130.31882
6118,7150,kyushu_jct_32.847:130.0408:66,66.0,32.84697,130.04076
6119,7151,kyushu_jct_33.068:129.9626:0,66.0,33.06797,129.96255
6120,7152,kyushu_jct_32.9692:129.9491:220,220.0,32.96921,129.94912
6121,7153,kyushu_jct_32.9722:129.9584:220,220.0,32.9722,129.95837
6122,7154,kyushu_jct_33.1338:130.0083:220,220.0,33.1338,130.00831
6123,7155,kyushu_jct_33.0027:130.854:66,66.0,33.00267,130.85397
6124,7156,kyushu_jct_33.934:130.7991:0,66.0,33.93398,130.79913
6125,7157,kyushu_jct_32.2102:130.8283:66,66.0,32.21021,130.82833
6126,7158,kyushu_jct_31.9193:131.1352:110,110.0,31.91932,131.13519
6127,7159,kyushu_jct_31.8565:130.2005:220,220.0,31.85645,130.20049
6128,7160,kyushu_jct_31.8565:130.2:220,220.0,31.85652,130.2
6129,7161,kyushu_jct_31.8321:130.2117:220,220.0,31.83208,130.2117
6130,7162,kyushu_jct_31.8562:130.1999:220,220.0,31.85623,130.19986
6131,7163,kyushu_jct_31.8273:130.2079:220,220.0,31.82726,130.20785
6132,7164,kyushu_jct_33.0163:131.8652:220,220.0,33.01628,131.86523
6133,7165,kyushu_jct_33.0307:131.8635:220,220.0,33.0307,131.86349
6134,7166,kyushu_jct_33.0462:131.8609:220,220.0,33.04617,131.86091
6135,7167,kyushu_jct_32.906:130.4638:66,66.0,32.90603,130.46376
6136,7168,kyushu_jct_32.9188:130.4586:66,66.0,32.91876,130.45859
6137,7169,kyushu_jct_33.2203:130.1169:66,66.0,33.22027,130.11687
6138,7170,kyushu_jct_33.2956:129.8125:500,500.0,33.29563,129.81252
6139,7171,kyushu_jct_33.3211:129.7086:66,66.0,33.32112,129.70855
6140,7172,kyushu_jct_33.3642:129.9826:220,220.0,33.36416,129.98262
6141,7175,kyushu_jct_33.0453:131.8553:220,220.0,33.04527,131.85533
6142,7176,kyushu_jct_33.2023:131.6779:220,220.0,33.20231,131.67791
6143,7177,kyushu_jct_33.1977:131.6776:220,220.0,33.19765,131.67756
6144,7178,kyushu_jct_33.1866:131.6826:220,220.0,33.18657,131.68256
6145,7179,kyushu_jct_33.199:131.6858:220,220.0,33.19899,131.68583
6146,7180,kyushu_jct_33.1948:131.7227:220,220.0,33.19478,131.72266
6147,7181,kyushu_jct_33.2071:131.722:220,220.0,33.20715,131.722
6148,7182,kyushu_jct_33.6005:131.2413:66,66.0,33.60054,131.24132
6149,7183,kyushu_jct_33.5622:131.3662:66,66.0,33.56219,131.36618
6150,7184,kyushu_jct_33.8799:130.7224:66,66.0,33.87985,130.72243
6151,7185,kyushu_jct_33.1771:129.7231:66,66.0,33.17708,129.72306
6152,7186,kyushu_jct_33.8457:130.6298:66,66.0,33.84569,130.62978
6153,7187,kyushu_jct_33.871:130.7456:66,66.0,33.87099,130.74561
6154,7188,kyushu_jct_32.4831:130.0751:0,66.0,32.48307,130.07508
6155,7189,kyushu_jct_32.4644:130.1617:66,66.0,32.46443,130.1617
6156,7190,kyushu_jct_31.9647:131.2964:66,66.0,31.96474,131.29637
6157,7191,kyushu_jct_32.1478:131.486:66,66.0,32.14776,131.48597
6158,7192,kyushu_jct_32.3934:131.6229:66,66.0,32.39343,131.6229
6159,7193,kyushu_jct_32.2451:131.5132:66,66.0,32.2451,131.51317
6160,7194,kyushu_jct_32.7128:131.6144:66,66.0,32.7128,131.61437
6161,7195,kyushu_jct_32.7358:131.5527:66,66.0,32.73581,131.55272
6162,7198,kyushu_jct_32.6777:131.6198:66,66.0,32.67771,131.61978
6163,7199,kyushu_jct_32.6806:131.6116:66,66.0,32.68056,131.6116
6164,7200,kyushu_jct_32.7419:131.2484:66,66.0,32.74186,131.24843
6165,7201,kyushu_jct_32.7287:131.2592:66,66.0,32.7287,131.25916
6166,7202,kyushu_jct_32.6612:131.3939:66,66.0,32.66122,131.39394
6167,7203,kyushu_jct_32.6349:131.445:66,66.0,32.63489,131.44499
6168,7204,kyushu_jct_32.6454:131.4375:66,66.0,32.64535,131.43754
6169,7205,kyushu_jct_32.7212:131.1896:66,66.0,32.72117,131.18958
6170,7212,kyushu_jct_32.5908:131.6231:66,66.0,32.59079,131.62308
6171,7213,kyushu_jct_32.7587:131.6284:66,66.0,32.75875,131.62841
6172,7214,kyushu_jct_32.6021:131.6669:0,66.0,32.60212,131.66692
6173,7215,kyushu_jct_32.5664:131.66:0,66.0,32.56643,131.66
6174,7216,kyushu_jct_32.5566:131.6231:66,66.0,32.55662,131.62313
6175,7217,kyushu_jct_32.4485:131.4277:66,66.0,32.44851,131.42772
6176,7218,kyushu_jct_32.4309:131.4814:66,66.0,32.43094,131.48139
6177,7219,kyushu_jct_32.5062:131.351:110,110.0,32.50621,131.35099
6178,7220,kyushu_jct_32.498:131.3461:110,110.0,32.49796,131.34611
6179,7221,kyushu_jct_32.4745:131.1717:110,110.0,32.47446,131.17169
6180,7222,kyushu_jct_32.5532:131.6594:66,66.0,32.55323,131.65937
6181,7223,kyushu_jct_33.0219:130.5029:110,110.0,33.02194,130.5029
6182,7224,kyushu_jct_33.005:130.5074:110,110.0,33.00496,130.50743
6183,7225,kyushu_jct_33.0091:130.5071:110,110.0,33.00913,130.50713
6184,7226,kyushu_jct_32.9264:130.4458:66,66.0,32.92644,130.44576
6185,7227,kyushu_jct_33.2844:130.9771:66,66.0,33.28442,130.97707
6186,7228,kyushu_jct_33.1991:131.0159:66,66.0,33.19908,131.01593
6187,7229,kyushu_jct_33.2525:130.2239:66,66.0,33.25254,130.22385
6188,7230,kyushu_jct_33.2431:129.9968:66,66.0,33.24307,129.99683
6189,7231,kyushu_jct_33.2486:130.0052:66,66.0,33.24857,130.00524
6190,7232,kyushu_jct_33.2024:130.0146:66,66.0,33.20244,130.01462
6191,7233,kyushu_jct_33.2776:129.9677:66,66.0,33.27757,129.96772
6192,7234,kyushu_jct_33.0963:130.099:0,66.0,33.09628,130.09901
6193,7235,kyushu_jct_33.3313:130.2662:66,66.0,33.3313,130.26618
6194,7236,kyushu_jct_33.1919:129.9072:0,66.0,33.19192,129.90716
6195,7237,kyushu_jct_33.1385:129.8502:66,66.0,33.13848,129.85016
6196,7238,kyushu_jct_33.1446:129.9064:66,66.0,33.14459,129.90637
6197,7239,kyushu_jct_33.3334:129.8519:66,66.0,33.33344,129.85186
6198,7240,kyushu_jct_33.3344:129.8394:66,66.0,33.33444,129.83944
6199,7241,kyushu_jct_33.2675:129.8925:66,66.0,33.26747,129.89245
6200,7242,kyushu_jct_33.1974:129.9834:66,66.0,33.19737,129.98343
6201,7243,kyushu_jct_33.261:129.9005:66,66.0,33.26103,129.90049
6202,7244,kyushu_jct_32.4612:130.62:66,66.0,32.46118,130.62003
6203,7245,kyushu_jct_32.5818:130.7126:66,66.0,32.58178,130.71256
6204,7246,kyushu_jct_32.4658:130.6583:66,66.0,32.46579,130.65832
6205,7247,kyushu_jct_32.4927:130.6395:110,110.0,32.49274,130.63946
6206,7248,kyushu_jct_32.5256:130.6492:220,220.0,32.52558,130.64925
6207,7249,kyushu_jct_32.4719:130.682:0,66.0,32.4719,130.68204
6208,7250,kyushu_jct_32.4624:130.68:0,66.0,32.46242,130.68002
6209,7251,kyushu_jct_32.462:130.6582:66,66.0,32.46203,130.65816
6210,7252,kyushu_jct_32.2083:130.4372:66,66.0,32.20831,130.4372
6211,7253,kyushu_jct_32.3593:130.6403:110,110.0,32.35926,130.64034
6212,7254,kyushu_jct_32.3525:130.5033:66,66.0,32.35253,130.50327
6213,7257,kyushu_jct_32.8019:129.9474:220,220.0,32.80194,129.94742
6214,7258,kyushu_jct_32.5272:130.6507:220,220.0,32.52722,130.65068
6215,7259,kyushu_jct_32.5341:130.6049:220,220.0,32.53406,130.60489
6216,7260,kyushu_jct_32.8256:130.02:66,66.0,32.82564,130.02001
6217,7261,kyushu_jct_32.8282:130.0128:66,66.0,32.82822,130.0128
6218,7262,kyushu_jct_32.8243:130.0133:66,66.0,32.82425,130.0133
6219,7263,kyushu_jct_32.9388:129.9723:220,220.0,32.93884,129.97228
6220,7264,kyushu_jct_32.9189:129.9761:220,220.0,32.91886,129.97605
6221,7265,kyushu_jct_32.8524:130.0045:220,220.0,32.85238,130.00454
6222,7266,kyushu_jct_32.8286:130.011:220,220.0,32.82856,130.01095
6223,7267,kyushu_jct_33.3038:129.6317:66,66.0,33.30378,129.63165
6224,7268,kyushu_jct_33.3228:129.7131:66,66.0,33.32281,129.7131
6225,7269,kyushu_jct_33.3727:129.8269:66,66.0,33.37267,129.82694
6226,7270,kyushu_jct_33.3517:129.8132:66,66.0,33.35167,129.81315
6227,7271,kyushu_jct_32.9729:131.4165:66,66.0,32.97288,131.41649
6228,7272,kyushu_jct_32.2961:130.9949:66,66.0,32.29614,130.99491
6229,7273,kyushu_jct_32.3198:131.0122:66,66.0,32.31983,131.01224
6230,7274,kyushu_jct_33.6813:130.6905:66,66.0,33.68135,130.6905
6231,7275,kyushu_jct_33.8962:130.7567:110,110.0,33.8962,130.75669
6232,7276,kyushu_jct_33.0247:129.5672:66,66.0,33.02474,129.56721
6233,7277,kyushu_jct_33.1964:131.6165:0,66.0,33.19642,131.61649
6234,7278,kyushu_jct_33.1982:131.6163:0,66.0,33.19823,131.61634
6235,7279,kyushu_jct_33.1975:131.6182:0,66.0,33.19745,131.6182
6236,7280,kyushu_jct_33.2074:131.6083:0,66.0,33.20743,131.6083
6237,7281,kyushu_jct_33.2538:131.6917:66,66.0,33.25384,131.69166
6238,7282,kyushu_jct_33.2516:131.6955:66,66.0,33.2516,131.69553
6239,7283,kyushu_jct_33.2156:131.7036:220,220.0,33.21564,131.70363
6240,7284,kyushu_jct_33.2152:131.7043:220,220.0,33.21516,131.70427
6241,7285,kyushu_jct_33.2051:131.7:220,220.0,33.20515,131.69997
6242,7286,kyushu_jct_33.2223:131.7106:220,220.0,33.22233,131.71058
6243,7287,kyushu_jct_33.2074:131.6826:220,220.0,33.20739,131.68265
6244,7288,kyushu_jct_33.2242:131.7745:220,220.0,33.22421,131.77448
6245,7293,kyushu_jct_33.0728:131.8206:220,220.0,33.07275,131.82062
6246,7294,kyushu_jct_33.0674:129.8784:0,66.0,33.06742,129.87835
6247,7295,kyushu_jct_33.0654:129.8704:0,66.0,33.06542,129.87041
6248,7296,kyushu_jct_33.0718:129.8747:0,66.0,33.07179,129.87474
6249,7297,kyushu_jct_32.9389:129.9849:220,220.0,32.93885,129.98486
6250,7298,kyushu_jct_33.1772:130.7792:66,66.0,33.17722,130.77924
6251,7301,kyushu_jct_33.2215:130.0451:66,66.0,33.22153,130.04511
6252,7302,kyushu_jct_32.8646:130.9515:66,66.0,32.8646,130.95155
6253,7303,kyushu_jct_31.8538:131.3808:66,66.0,31.85383,131.38078
6254,7307,kyushu_jct_32.4291:131.4814:66,66.0,32.42907,131.48139
6255,7308,kyushu_jct_32.1572:131.3598:110,110.0,32.15718,131.35984
6256,7311,kyushu_jct_32.0223:131.2289:66,66.0,32.02226,131.22887
6257,7312,kyushu_jct_32.0838:131.1731:110,110.0,32.08377,131.17315
6258,7313,kyushu_jct_32.0838:131.1737:110,110.0,32.08383,131.17369
6259,7314,kyushu_jct_32.0924:131.3065:110,110.0,32.09244,131.30651
6260,7315,kyushu_jct_32.1256:131.2795:110,110.0,32.12564,131.27947
6261,7316,kyushu_jct_32.135:131.123:110,110.0,32.13497,131.12304
6262,7317,kyushu_jct_32.6341:131.4474:66,66.0,32.63413,131.44737
6263,7318,kyushu_jct_32.6676:131.3935:66,66.0,32.66756,131.3935
6264,7319,kyushu_jct_32.3378:131.1435:66,66.0,32.3378,131.14347
6265,7320,kyushu_jct_32.2568:131.475:66,66.0,32.25677,131.47497
6266,7323,kyushu_jct_31.9197:131.1341:110,110.0,31.91969,131.13408
6267,7324,kyushu_jct_31.9198:131.1337:110,110.0,31.91982,131.13369
6268,7325,kyushu_jct_33.294:130.9739:66,66.0,33.29405,130.97385
6269,7326,kyushu_jct_33.2945:130.9739:66,66.0,33.29455,130.97393
6270,7327,kyushu_jct_33.2945:130.9741:66,66.0,33.29451,130.97415
6271,7328,kyushu_jct_33.2893:130.9751:66,66.0,33.28927,130.97513
6272,7331,kyushu_jct_33.2946:130.9739:66,66.0,33.29456,130.97386
6273,7332,kyushu_jct_33.2947:130.974:66,66.0,33.29468,130.97403
6274,7333,kyushu_jct_33.3513:130.9591:66,66.0,33.35132,130.95914
6275,7334,kyushu_jct_33.3042:130.8856:110,110.0,33.30424,130.88557
6276,7335,kyushu_jct_33.8852:130.7798:110,110.0,33.88521,130.77981
6277,7336,kyushu_jct_32.8973:130.755:110,110.0,32.89733,130.75501
6278,7337,kyushu_jct_32.8079:130.6816:66,66.0,32.8079,130.68163
6279,7338,kyushu_jct_32.7698:130.698:66,66.0,32.76981,130.69802
6280,7339,kyushu_jct_32.7655:129.8578:0,66.0,32.76549,129.85777
6281,7340,kyushu_jct_32.9967:130.8252:66,66.0,32.99669,130.82523
6282,7341,kyushu_jct_33.0136:130.8917:66,66.0,33.01357,130.89166
6283,7342,kyushu_jct_32.9885:130.8279:66,66.0,32.98853,130.82791
6284,7343,kyushu_jct_33.3258:130.0174:66,66.0,33.32578,130.01744
6285,7344,kyushu_jct_33.3146:130.0414:66,66.0,33.31461,130.04145
6286,7345,kyushu_jct_33.207:130.0255:66,66.0,33.20702,130.0255
6287,7346,kyushu_jct_33.2116:130.1265:66,66.0,33.21159,130.12649
6288,7361,kyushu_jct_32.204:130.77:110,110.0,32.20399,130.77005
6289,7363,kyushu_jct_31.1907:130.614:66,66.0,31.1907,130.61403
6290,7364,kyushu_jct_31.3218:130.4689:66,66.0,31.32182,130.46891
6291,7365,kyushu_jct_33.5591:130.4121:66,66.0,33.55911,130.4121
6292,7366,kyushu_jct_33.587:130.3992:0,66.0,33.58703,130.39921
6293,7367,kyushu_jct_33.5778:130.3971:66,66.0,33.57783,130.39713
6294,7368,kyushu_jct_33.5861:130.4062:0,66.0,33.58607,130.40617
6295,7369,kyushu_jct_33.5852:130.409:0,66.0,33.58518,130.40903
6296,7370,kyushu_jct_33.586:130.43:66,66.0,33.58602,130.42996
6297,7371,kyushu_jct_33.6268:130.4634:66,66.0,33.62685,130.46337
6298,7372,kyushu_jct_33.6392:130.4181:66,66.0,33.63919,130.41808
6299,7373,kyushu_jct_33.6365:130.4173:66,66.0,33.63648,130.41727
6300,7374,kyushu_jct_33.6354:130.4168:66,66.0,33.63541,130.4168
6301,7375,kyushu_jct_33.5685:130.4392:66,66.0,33.56849,130.4392
6302,7376,kyushu_jct_33.5705:130.4466:66,66.0,33.57047,130.44656
6303,7377,kyushu_jct_33.5954:130.4757:66,66.0,33.59544,130.47572
6304,7378,kyushu_jct_32.827:129.8288:66,66.0,32.82705,129.82876
6305,7379,kyushu_jct_33.5883:130.4007:0,66.0,33.58835,130.40073
6306,7380,kyushu_jct_32.927:129.6248:0,66.0,32.92697,129.62477
6307,7381,kyushu_jct_32.9706:131.9006:220,220.0,32.9706,131.90055
6308,7382,kyushu_jct_31.3766:130.8458:0,66.0,31.37662,130.84584
6309,7383,kyushu_jct_31.7207:130.7774:66,66.0,31.72069,130.77742
6310,7384,kyushu_jct_31.2107:130.5957:66,66.0,31.21073,130.59565
6311,7385,kyushu_jct_33.8213:130.6906:500,500.0,33.82134,130.69058
6312,7386,kyushu_jct_32.8241:130.0174:66,66.0,32.82405,130.01738
6313,7387,kyushu_jct_34.0901:132.0919:0,66.0,34.09006,132.0919
6314,7388,kyushu_jct_33.9529:132.1918:0,66.0,33.95293,132.19175
6315,7389,kyushu_jct_31.9662:130.7377:66,66.0,31.96618,130.73768
6316,7390,kyushu_jct_31.9533:131.3935:0,66.0,31.95335,131.39346
6317,7393,kyushu_jct_31.2108:130.8002:66,66.0,31.21075,130.80022
6318,7394,kyushu_jct_31.2155:130.796:0,66.0,31.21547,130.79605
6319,7395,kyushu_jct_31.1706:130.8436:0,66.0,31.17064,130.84359
6320,7396,kyushu_jct_32.4905:130.8986:66,66.0,32.49046,130.89861
6321,7397,kyushu_jct_32.4198:130.8539:66,66.0,32.41984,130.85393
6322,7398,kyushu_jct_32.4106:130.8629:66,66.0,32.41058,130.86291
6323,7399,kyushu_jct_32.374:130.8357:66,66.0,32.37398,130.83573
6324,7402,kyushu_jct_32.595:131.6792:0,66.0,32.59496,131.67917
6325,7403,kyushu_jct_32.6125:131.71:0,66.0,32.61248,131.71002
6326,7404,kyushu_jct_32.5977:131.6745:0,66.0,32.5977,131.67446
6327,7405,kyushu_jct_31.4632:131.2141:0,66.0,31.46318,131.21411
6328,7407,kyushu_jct_31.4597:131.2159:0,66.0,31.45968,131.21587
6329,7408,kyushu_jct_32.915:129.9675:220,220.0,32.91501,129.9675
6330,7409,kyushu_jct_33.2573:131.8772:220,220.0,33.25727,131.87719
6331,7410,kyushu_jct_33.4295:131.5451:66,66.0,33.42946,131.54507
6332,7413,kyushu_jct_34.1478:132.1803:0,66.0,34.14777,132.18032
6333,7414,kyushu_jct_33.3262:130.0179:66,66.0,33.32621,130.01793
6334,7431,kyushu_sub_2,66.0,33.22763,130.03854
6335,7432,kyushu_sub_3@220,220.0,33.18835,131.51139
6336,7433,kyushu_sub_3@66,66.0,33.18835,131.51139
6337,7434,kyushu_sub_4,66.0,33.30364,131.50011
6338,7435,kyushu_sub_5,66.0,33.37,131.55823
6339,7436,kyushu_sub_6,66.0,33.5157,130.53628
6340,7437,kyushu_sub_7,66.0,33.31069,130.5439
6341,7438,kyushu_sub_8,66.0,33.31497,130.56203
6342,7439,kyushu_sub_9@220,220.0,33.29924,130.50873
6343,7440,kyushu_sub_9@66,66.0,33.29924,130.50873
6344,7441,kyushu_sub_10@500,500.0,33.47952,130.58355
6345,7442,kyushu_sub_10@220,220.0,33.47952,130.58355
6346,7443,kyushu_sub_10@66,66.0,33.47952,130.58355
6347,7444,kyushu_sub_11@500,500.0,33.49211,130.62486
6348,7445,kyushu_sub_11@220,220.0,33.49211,130.62486
6349,7446,kyushu_sub_12@500,500.0,33.49111,130.62173
6350,7447,kyushu_sub_12@220,220.0,33.49111,130.62173
6351,7448,kyushu_sub_13@500,500.0,33.47009,130.36471
6352,7449,kyushu_sub_13@220,220.0,33.47009,130.36471
6353,7450,kyushu_sub_14@220,220.0,33.53227,130.38831
6354,7451,kyushu_sub_14@66,66.0,33.53227,130.38831
6355,7452,kyushu_sub_15@500,500.0,33.4403,130.53717
6356,7453,kyushu_sub_15@110,110.0,33.4403,130.53717
6357,7454,kyushu_sub_16,66.0,33.48866,130.52383
6358,7455,kyushu_sub_17@220,220.0,33.38109,130.49096
6359,7456,kyushu_sub_17@110,110.0,33.38109,130.49096
6360,7457,kyushu_sub_17@66,66.0,33.38109,130.49096
6361,7458,kyushu_sub_18,66.0,33.34143,130.59063
6362,7459,kyushu_sub_19@220,220.0,33.30138,130.49112
6363,7460,kyushu_sub_19@66,66.0,33.30138,130.49112
6364,7461,kyushu_sub_20,66.0,33.32242,130.49741
6365,7462,kyushu_sub_21@220,220.0,33.21155,130.44857
6366,7463,kyushu_sub_21@110,110.0,33.21155,130.44857
6367,7464,kyushu_sub_21@66,66.0,33.21155,130.44857
6368,7465,kyushu_sub_22,66.0,33.70998,130.44337
6369,7466,kyushu_sub_23@220,220.0,33.72107,130.46576
6370,7467,kyushu_sub_23@66,66.0,33.72107,130.46576
6371,7468,kyushu_sub_24,66.0,33.52509,130.47869
6372,7469,kyushu_sub_25,66.0,33.5228,130.47942
6373,7470,kyushu_sub_26,66.0,33.51119,130.4696
6374,7471,kyushu_sub_27,66.0,33.51697,130.439
6375,7472,kyushu_sub_28@220,220.0,33.30473,130.87468
6376,7473,kyushu_sub_28@110,110.0,33.30473,130.87468
6377,7474,kyushu_sub_28@66,66.0,33.30473,130.87468
6378,7475,kyushu_sub_29,66.0,33.33,130.49751
6379,7476,kyushu_sub_30,66.0,33.36239,130.50192
6380,7478,kyushu_sub_32,66.0,33.7204,130.45693
6381,7479,kyushu_sub_33,110.0,33.41439,130.53353
6382,7480,kyushu_sub_34,110.0,33.41215,130.53382
6383,7481,kyushu_sub_35,110.0,33.41289,130.53525
6384,7482,kyushu_sub_36,66.0,33.37716,130.52746
6385,7483,kyushu_sub_37@220,220.0,33.62188,130.46081
6386,7484,kyushu_sub_37@66,66.0,33.62188,130.46081
6387,7485,kyushu_sub_38@500,500.0,33.35021,129.92873
6388,7486,kyushu_sub_38@220,220.0,33.35021,129.92873
6389,7487,kyushu_sub_39@220,220.0,33.3349,130.25948
6390,7488,kyushu_sub_39@66,66.0,33.3349,130.25948
6391,7489,kyushu_sub_40@220,220.0,33.54783,130.48754
6392,7490,kyushu_sub_40@66,66.0,33.54783,130.48754
6393,7491,kyushu_sub_41,66.0,33.56427,130.50634
6394,7492,kyushu_sub_42,220.0,33.54292,130.49886
6395,7493,kyushu_sub_43,66.0,33.53032,130.4771
6396,7494,kyushu_sub_44@500,500.0,33.51569,129.83475
6397,7495,kyushu_sub_44@220,220.0,33.51569,129.83475
6398,7496,kyushu_sub_45,66.0,33.61614,130.47872
6399,7498,kyushu_sub_47@500,500.0,33.81044,130.80435
6400,7499,kyushu_sub_47@220,220.0,33.81044,130.80435
6401,7500,kyushu_sub_48@500,500.0,33.79825,130.73307
6402,7501,kyushu_sub_48@66,66.0,33.79825,130.73307
6403,7502,kyushu_sub_49@66,66.0,33.73473,130.48518
6404,7503,kyushu_sub_50@220,220.0,33.89566,130.97075
6405,7504,kyushu_sub_50@66,66.0,33.89566,130.97075
6406,7505,kyushu_sub_51@500,500.0,33.84147,130.91327
6407,7506,kyushu_sub_51@220,220.0,33.84147,130.91327
6408,7507,kyushu_sub_52,220.0,32.4205,130.6237
6409,7508,kyushu_sub_53,220.0,31.8916,130.29048
6410,7509,kyushu_sub_54,220.0,31.67976,130.38144
6411,7510,kyushu_sub_55,66.0,33.87859,130.66822
6412,7511,kyushu_sub_56@220,220.0,33.65085,130.48453
6413,7512,kyushu_sub_56@66,66.0,33.65085,130.48453
6414,7513,kyushu_sub_57,66.0,33.58815,130.41173
6415,7514,kyushu_sub_58@220,220.0,33.59054,130.42586
6416,7515,kyushu_sub_58@66,66.0,33.59054,130.42586
6417,7516,kyushu_sub_59,66.0,33.62276,130.43813
6418,7517,kyushu_sub_60@66,66.0,33.57586,130.42071
6419,7518,kyushu_sub_61@220,220.0,33.58758,130.3903
6420,7519,kyushu_sub_61@66,66.0,33.58758,130.3903
6421,7520,kyushu_sub_62,66.0,33.69133,130.428
6422,7521,kyushu_sub_63,66.0,33.62883,130.5217
6423,7522,kyushu_sub_65@500,500.0,33.60803,131.01531
6424,7523,kyushu_sub_65@220,220.0,33.60803,131.01531
6425,7524,kyushu_sub_66,66.0,33.35396,130.43362
6426,7525,kyushu_sub_67@220,220.0,33.06051,130.47079
6427,7526,kyushu_sub_67@110,110.0,33.06051,130.47079
6428,7527,kyushu_sub_67@66,66.0,33.06051,130.47079
6429,7528,kyushu_sub_68@500,500.0,34.16389,131.09278
6430,7529,kyushu_sub_68@220,220.0,34.16389,131.09278
6431,7530,kyushu_sub_68@110,110.0,34.16389,131.09278
6432,7531,kyushu_sub_69,66.0,33.66135,130.69425
6433,7532,kyushu_sub_70,66.0,33.66425,130.69355
6434,7533,kyushu_sub_71@110,110.0,33.65663,130.69431
6435,7534,kyushu_sub_71@66,66.0,33.65663,130.69431
6436,7535,kyushu_sub_72,66.0,33.56289,130.41748
6437,7536,kyushu_sub_73,66.0,33.5419,130.46797
6438,7537,kyushu_sub_74,66.0,33.55353,130.43775
6439,7538,kyushu_sub_75@500,500.0,31.95799,130.6563
6440,7539,kyushu_sub_75@220,220.0,31.95799,130.6563
6441,7540,kyushu_sub_76@220,220.0,32.22347,130.77282
6442,7541,kyushu_sub_76@110,110.0,32.22347,130.77282
6443,7542,kyushu_sub_76@66,66.0,32.22347,130.77282
6444,7543,kyushu_sub_77@220,220.0,32.66782,130.76502
6445,7544,kyushu_sub_77@110,110.0,32.66782,130.76502
6446,7545,kyushu_sub_78@500,500.0,32.61478,130.79985
6447,7546,kyushu_sub_78@220,220.0,32.61478,130.79985
6448,7547,kyushu_sub_79,66.0,32.9146,130.83064
6449,7548,kyushu_sub_80@220,220.0,32.84929,130.78724
6450,7549,kyushu_sub_80@110,110.0,32.84929,130.78724
6451,7550,kyushu_sub_80@66,66.0,32.84929,130.78724
6452,7551,kyushu_sub_81,66.0,32.71318,130.79965
6453,7552,kyushu_sub_82@220,220.0,32.72964,130.69963
6454,7553,kyushu_sub_82@66,66.0,32.72964,130.69963
6455,7554,kyushu_sub_83,66.0,32.4495,130.19233
6456,7555,kyushu_sub_84,66.0,33.33798,130.74908
6457,7556,kyushu_sub_85@500,500.0,33.13419,131.72938
6458,7557,kyushu_sub_85@220,220.0,33.13419,131.72938
6459,7558,kyushu_sub_86@220,220.0,33.22877,131.63953
6460,7559,kyushu_sub_86@66,66.0,33.22877,131.63953
6461,7560,kyushu_sub_87@500,500.0,32.25138,131.38578
6462,7561,kyushu_sub_87@220,220.0,32.25138,131.38578
6463,7562,kyushu_sub_87@66,66.0,32.25138,131.38578
6464,7563,kyushu_sub_88@500,500.0,31.92253,131.19394
6465,7564,kyushu_sub_88@220,220.0,31.92253,131.19394
6466,7565,kyushu_sub_89@110,110.0,33.99928,130.96379
6467,7566,kyushu_sub_89@66,66.0,33.99928,130.96379
6468,7567,kyushu_sub_90,220.0,31.78444,130.94549
6469,7568,kyushu_sub_91@220,220.0,33.55245,130.38778
6470,7569,kyushu_sub_91@66,66.0,33.55245,130.38778
6471,7570,kyushu_sub_92@220,220.0,33.55583,130.3858
6472,7571,kyushu_sub_92@66,66.0,33.55583,130.3858
6473,7572,kyushu_sub_93,66.0,33.57402,130.27193
6474,7573,kyushu_sub_94@220,220.0,33.60286,130.76024
6475,7574,kyushu_sub_94@66,66.0,33.60286,130.76024
6476,7575,kyushu_sub_95@220,220.0,33.19713,129.64739
6477,7576,kyushu_sub_95@66,66.0,33.19713,129.64739
6478,7577,kyushu_sub_96@220,220.0,33.18057,130.01111
6479,7578,kyushu_sub_96@110,110.0,33.18057,130.01111
6480,7579,kyushu_sub_96@66,66.0,33.18057,130.01111
6481,7580,kyushu_sub_97@110,110.0,33.26443,130.32864
6482,7581,kyushu_sub_97@66,66.0,33.26443,130.32864
6483,7582,kyushu_sub_98@220,220.0,32.9327,129.59798
6484,7583,kyushu_sub_98@66,66.0,32.9327,129.59798
6485,7584,kyushu_sub_99,66.0,33.2597,130.54606
6486,7585,kyushu_sub_100,66.0,33.22321,130.59701
6487,7586,kyushu_sub_101,66.0,33.69588,130.4357
6488,7587,kyushu_sub_102,220.0,33.71399,130.47542
6489,7588,kyushu_sub_103,66.0,33.64675,130.43878
6490,7589,kyushu_sub_104@220,220.0,31.95906,131.39888
6491,7590,kyushu_sub_104@66,66.0,31.95906,131.39888
6492,7591,kyushu_sub_105,66.0,32.40075,130.81281
6493,7592,kyushu_sub_106,110.0,33.01009,130.57756
6494,7593,kyushu_sub_107,66.0,33.65711,130.4344
6495,7594,kyushu_sub_108@220,220.0,31.53605,130.46538
6496,7595,kyushu_sub_108@66,66.0,31.53605,130.46538
6497,7596,kyushu_sub_109@220,220.0,31.80759,130.33531
6498,7597,kyushu_sub_109@66,66.0,31.80759,130.33531
6499,7598,kyushu_sub_110@220,220.0,33.3842,130.48439
6500,7599,kyushu_sub_110@66,66.0,33.3842,130.48439
6501,7600,kyushu_sub_111,220.0,32.89319,130.64343
6502,7601,kyushu_sub_112@220,220.0,32.86451,130.68293
6503,7602,kyushu_sub_112@66,66.0,32.86451,130.68293
6504,7603,kyushu_sub_113,66.0,33.21554,130.51007
6505,7604,kyushu_sub_114@110,110.0,32.68952,130.6552
6506,7605,kyushu_sub_114@66,66.0,32.68952,130.6552
6507,7606,kyushu_sub_115@500,500.0,33.51433,129.83875
6508,7607,kyushu_sub_115@220,220.0,33.51433,129.83875
6509,7608,kyushu_sub_115@66,66.0,33.51433,129.83875
6510,7609,kyushu_sub_116,66.0,33.52269,129.89297
6511,7610,kyushu_sub_117,220.0,32.06528,130.36495
6512,7611,kyushu_sub_118@220,220.0,32.06766,130.36892
6513,7612,kyushu_sub_118@66,66.0,32.06766,130.36892
6514,7613,kyushu_sub_120@220,220.0,33.82772,130.84983
6515,7614,kyushu_sub_120@110,110.0,33.82772,130.84983
6516,7615,kyushu_sub_120@66,66.0,33.82772,130.84983
6517,7616,kyushu_sub_121,66.0,33.76197,130.48265
6518,7617,kyushu_sub_122,66.0,33.56933,130.47035
6519,7618,kyushu_sub_123,66.0,33.66276,130.3606
6520,7619,kyushu_sub_124,66.0,32.92245,130.55067
6521,7620,kyushu_sub_127@220,220.0,33.13756,129.84196
6522,7621,kyushu_sub_127@66,66.0,33.13756,129.84196
6523,7622,kyushu_sub_128@500,500.0,34.19979,131.82605
6524,7623,kyushu_sub_128@220,220.0,34.19979,131.82605
6525,7624,kyushu_sub_129,66.0,33.61734,130.41985
6526,7625,kyushu_sub_130,66.0,33.47794,130.53582
6527,7626,kyushu_sub_131@220,220.0,34.12308,131.84864
6528,7627,kyushu_sub_131@110,110.0,34.12308,131.84864
6529,7628,kyushu_sub_132,66.0,33.32453,130.42712
6530,7629,kyushu_sub_133,66.0,33.30975,130.37009
6531,7630,kyushu_sub_134,66.0,33.25832,130.47769
6532,7631,kyushu_sub_135,66.0,33.21353,130.37073
6533,7632,kyushu_sub_136,66.0,33.23094,130.36461
6534,7633,kyushu_sub_137@110,110.0,33.01021,130.41911
6535,7634,kyushu_sub_137@66,66.0,33.01021,130.41911
6536,7635,kyushu_sub_139,66.0,33.00169,130.44909
6537,7636,kyushu_sub_140,66.0,33.01475,130.45587
6538,7637,kyushu_sub_141,66.0,33.40095,130.61667
6539,7638,kyushu_sub_142,66.0,33.41009,130.66112
6540,7639,kyushu_sub_143,66.0,33.43157,130.64799
6541,7641,kyushu_sub_145,66.0,33.34298,130.68224
6542,7642,kyushu_sub_146,66.0,33.25065,130.46382
6543,7643,kyushu_sub_147,220.0,33.09564,130.48577
6544,7644,kyushu_sub_148,66.0,33.86397,130.72967
6545,7645,kyushu_sub_149@220,220.0,33.30038,130.50292
6546,7646,kyushu_sub_149@66,66.0,33.30038,130.50292
6547,7647,kyushu_sub_150,66.0,33.0492,130.45096
6548,7648,kyushu_sub_151,66.0,32.99865,130.4362
6549,7649,kyushu_sub_152,66.0,33.17091,130.41135
6550,7650,kyushu_sub_153,66.0,33.03453,130.43975
6551,7651,kyushu_sub_154,66.0,33.12871,130.43194
6552,7652,kyushu_sub_155,66.0,33.16364,130.42309
6553,7653,kyushu_sub_156,66.0,33.23174,130.29595
6554,7654,kyushu_sub_157,66.0,33.18158,130.13014
6555,7655,kyushu_sub_158,110.0,33.21442,130.09476
6556,7656,kyushu_sub_159,66.0,33.53567,130.47536
6557,7657,kyushu_sub_160,66.0,33.59399,130.3647
6558,7658,kyushu_sub_161,66.0,33.58754,131.18776
6559,7659,kyushu_sub_162,66.0,33.59576,131.1444
6560,7660,kyushu_sub_163@220,220.0,33.41319,131.53491
6561,7661,kyushu_sub_163@66,66.0,33.41319,131.53491
6562,7662,kyushu_sub_164,66.0,33.64345,130.42534
6563,7663,kyushu_sub_165,66.0,33.64065,130.42845
6564,7664,kyushu_sub_166,66.0,32.81798,131.11959
6565,7665,kyushu_sub_167,66.0,33.55886,130.21381
6566,7667,kyushu_sub_169,220.0,33.43656,129.97725
6567,7668,kyushu_sub_170,66.0,33.5584,130.20613
6568,7669,kyushu_sub_171,66.0,33.52018,130.4362
6569,7670,kyushu_sub_173,66.0,33.86859,130.74821
6570,7671,kyushu_sub_174,66.0,33.80841,130.56233
6571,7672,kyushu_sub_175,66.0,33.80134,130.54391
6572,7673,kyushu_sub_176,66.0,33.15664,130.4959
6573,7674,kyushu_sub_177,66.0,32.92397,130.60516
6574,7675,kyushu_sub_178,66.0,32.77355,130.68471
6575,7677,kyushu_sub_180,66.0,33.59362,130.4099
6576,7678,kyushu_sub_181,66.0,33.05027,130.45748
6577,7679,kyushu_sub_182@66,66.0,33.0819,130.45943
6578,7680,kyushu_sub_183,66.0,33.66352,130.41483
6579,7681,kyushu_sub_184,66.0,31.50685,130.51599
6580,7682,kyushu_sub_185@66,66.0,31.59439,130.5611
6581,7683,kyushu_sub_186@66,66.0,33.62939,130.70805
6582,7684,kyushu_sub_187,66.0,33.59595,130.81364
6583,7685,kyushu_sub_188@66,66.0,33.57999,130.70643
6584,7686,kyushu_sub_189,66.0,33.57583,130.64535
6585,7687,kyushu_sub_190,66.0,33.61409,130.6944
6586,7688,kyushu_sub_191,66.0,33.63935,130.78086
6587,7689,kyushu_sub_192,66.0,33.76061,130.76085
6588,7690,kyushu_sub_193,66.0,33.6653,130.76716
6589,7691,kyushu_sub_194,66.0,33.6452,130.67312
6590,7692,kyushu_sub_195,66.0,33.64681,130.66041
6591,7693,kyushu_sub_196,66.0,33.56866,130.76644
6592,7694,kyushu_sub_197,66.0,33.57329,130.84478
6593,7695,kyushu_sub_198,66.0,33.65601,130.81858
6594,7696,kyushu_sub_202@220,220.0,33.83511,130.7626
6595,7697,kyushu_sub_202@66,66.0,33.83511,130.7626
6596,7698,kyushu_sub_203@500,500.0,33.84575,130.91701
6597,7699,kyushu_sub_203@220,220.0,33.84575,130.91701
6598,7700,kyushu_sub_204@220,220.0,33.91031,130.96924
6599,7701,kyushu_sub_207,66.0,33.63771,130.81497
6600,7702,kyushu_sub_208@220,220.0,33.86099,130.84748
6601,7703,kyushu_sub_208@66,66.0,33.86099,130.84748
6602,7704,kyushu_sub_211,66.0,31.61695,130.48148
6603,7705,kyushu_sub_213,66.0,33.86894,130.84828
6604,7706,kyushu_sub_214@220,220.0,33.87285,130.8459
6605,7707,kyushu_sub_214@66,66.0,33.87285,130.8459
6606,7708,kyushu_sub_216@220,220.0,33.8865,130.85945
6607,7709,kyushu_sub_216@66,66.0,33.8865,130.85945
6608,7710,kyushu_sub_217@66,66.0,31.56577,130.55699
6609,7711,kyushu_sub_219@500,500.0,33.9551,130.98028
6610,7712,kyushu_sub_219@110,110.0,33.9551,130.98028
6611,7713,kyushu_sub_219@66,66.0,33.9551,130.98028
6612,7714,kyushu_sub_220@220,220.0,34.06043,131.27062
6613,7715,kyushu_sub_220@110,110.0,34.06043,131.27062
6614,7716,kyushu_sub_220@66,66.0,34.06043,131.27062
6615,7717,kyushu_sub_221@110,110.0,34.09317,131.38617
6616,7718,kyushu_sub_221@66,66.0,34.09317,131.38617
6617,7719,kyushu_sub_224@220,220.0,33.96716,131.17229
6618,7720,kyushu_sub_224@110,110.0,33.96716,131.17229
6619,7721,kyushu_sub_227@110,110.0,33.97462,131.24967
6620,7722,kyushu_sub_227@66,66.0,33.97462,131.24967
6621,7723,kyushu_sub_229@110,110.0,34.0593,131.82571
6622,7724,kyushu_sub_229@66,66.0,34.0593,131.82571
6623,7725,kyushu_sub_233@110,110.0,34.04586,131.50082
6624,7726,kyushu_sub_234@220,220.0,34.03053,131.8481
6625,7727,kyushu_sub_234@110,110.0,34.03053,131.8481
6626,7728,kyushu_sub_235@110,110.0,34.14274,131.52259
6627,7729,kyushu_sub_235@66,66.0,34.14274,131.52259
6628,7730,kyushu_sub_237,110.0,34.00806,131.54191
6629,7731,kyushu_sub_239@220,220.0,34.01321,131.85094
6630,7732,kyushu_sub_239@110,110.0,34.01321,131.85094
6631,7733,kyushu_sub_242,66.0,32.74586,130.6896
6632,7734,kyushu_sub_243,66.0,32.65116,130.68925
6633,7735,kyushu_sub_244,110.0,34.07955,131.75419
6634,7736,kyushu_sub_245,66.0,31.57296,130.541
6635,7737,kyushu_sub_246,66.0,31.57571,130.53492
6636,7738,kyushu_sub_247,66.0,31.57339,130.53396
6637,7739,kyushu_sub_248,66.0,31.57533,130.53469
6638,7743,kyushu_sub_251,66.0,33.25607,131.33689
6639,7744,kyushu_sub_252,66.0,33.58462,130.65573
6640,7745,kyushu_sub_257@220,220.0,32.42954,131.58822
6641,7746,kyushu_sub_257@66,66.0,32.42954,131.58822
6642,7747,kyushu_sub_258@220,220.0,31.75745,131.04724
6643,7748,kyushu_sub_258@110,110.0,31.75745,131.04724
6644,7749,kyushu_sub_258@66,66.0,31.75745,131.04724
6645,7750,kyushu_sub_259@220,220.0,31.39217,130.93809
6646,7751,kyushu_sub_259@110,110.0,31.39217,130.93809
6647,7752,kyushu_sub_259@66,66.0,31.39217,130.93809
6648,7753,kyushu_sub_260@220,220.0,31.79634,130.79581
6649,7754,kyushu_sub_260@66,66.0,31.79634,130.79581
6650,7755,kyushu_sub_262@220,220.0,33.59212,130.38859
6651,7756,kyushu_sub_262@66,66.0,33.59212,130.38859
6652,7757,kyushu_sub_263@110,110.0,32.13408,131.49912
6653,7758,kyushu_sub_263@66,66.0,32.13408,131.49912
6654,7759,kyushu_sub_264@66,66.0,33.62109,130.42743
6655,7760,kyushu_sub_265@220,220.0,33.62026,130.47584
6656,7761,kyushu_sub_265@66,66.0,33.62026,130.47584
6657,7762,kyushu_sub_266@110,110.0,33.21303,130.39856
6658,7763,kyushu_sub_266@66,66.0,33.21303,130.39856
6659,7764,kyushu_sub_267,66.0,32.95445,130.47015
6660,7765,kyushu_sub_268,66.0,33.01293,130.4405
6661,7766,kyushu_sub_269,66.0,32.83078,130.70957
6662,7767,kyushu_sub_270,66.0,32.78003,130.78754
6663,7768,kyushu_sub_271,66.0,32.78279,130.69969
6664,7769,kyushu_sub_272@110,110.0,32.78317,130.74704
6665,7770,kyushu_sub_272@66,66.0,32.78317,130.74704
6666,7771,kyushu_sub_273,110.0,32.90733,130.75562
6667,7772,kyushu_sub_274@500,500.0,32.90886,130.9026
6668,7773,kyushu_sub_274@220,220.0,32.90886,130.9026
6669,7774,kyushu_sub_274@66,66.0,32.90886,130.9026
6670,7775,kyushu_sub_275,66.0,32.20576,130.3998
6671,7776,kyushu_sub_276@220,220.0,31.90135,131.39207
6672,7777,kyushu_sub_276@66,66.0,31.90135,131.39207
6673,7778,kyushu_sub_278,66.0,33.62187,131.12605
6674,7779,kyushu_sub_279,66.0,33.55765,131.72979
6675,7780,kyushu_sub_280@220,220.0,33.62304,131.12008
6676,7781,kyushu_sub_280@66,66.0,33.62304,131.12008
6677,7782,kyushu_sub_281,66.0,33.42212,131.66965
6678,7783,kyushu_sub_282,66.0,33.46707,131.7091
6679,7784,kyushu_sub_284,66.0,33.62625,131.08392
6680,7785,kyushu_sub_285,66.0,33.37001,131.54865
6681,7786,kyushu_sub_287@220,220.0,32.81005,129.85844
6682,7787,kyushu_sub_287@66,66.0,32.81005,129.85844
6683,7788,kyushu_sub_288@220,220.0,32.82945,130.01909
6684,7789,kyushu_sub_288@66,66.0,32.82945,130.01909
6685,7790,kyushu_sub_289,66.0,33.26887,129.69688
6686,7791,kyushu_sub_290@220,220.0,32.8214,129.83539
6687,7792,kyushu_sub_290@66,66.0,32.8214,129.83539
6688,7793,kyushu_sub_291@220,220.0,32.74489,129.91129
6689,7794,kyushu_sub_291@66,66.0,32.74489,129.91129
6690,7795,kyushu_sub_292@220,220.0,33.20346,129.64917
6691,7796,kyushu_sub_292@66,66.0,33.20346,129.64917
6692,7797,kyushu_sub_293,66.0,33.56682,130.24282
6693,7798,kyushu_sub_294@220,220.0,31.63137,130.53358
6694,7799,kyushu_sub_294@66,66.0,31.63137,130.53358
6695,7800,kyushu_sub_295,66.0,31.52986,130.4967
6696,7801,kyushu_sub_296@110,110.0,32.80222,130.80481
6697,7802,kyushu_sub_296@66,66.0,32.80222,130.80481
6698,7803,kyushu_sub_297,66.0,32.93967,131.10982
6699,7804,kyushu_sub_298@220,220.0,33.26509,131.43107
6700,7805,kyushu_sub_298@66,66.0,33.26509,131.43107
6701,7806,kyushu_sub_299,66.0,33.19182,131.48547
6702,7807,kyushu_sub_300,66.0,33.17743,131.45575
6703,7808,kyushu_sub_301,66.0,33.14775,131.45912
6704,7809,kyushu_sub_302,66.0,33.18257,131.41963
6705,7810,kyushu_sub_303,66.0,33.19824,131.35623
6706,7811,kyushu_sub_304,66.0,32.9893,131.54825
6707,7813,kyushu_sub_306,66.0,33.27726,131.4839
6708,7814,kyushu_sub_307,220.0,33.13416,131.77771
6709,7815,kyushu_sub_308,66.0,32.62578,130.90831
6710,7817,kyushu_sub_310,66.0,32.85452,130.72077
6711,7818,kyushu_sub_311,66.0,31.59118,130.54838
6712,7819,kyushu_sub_313,66.0,33.28264,130.53347
6713,7820,kyushu_sub_314,66.0,33.33543,129.70898
6714,7822,kyushu_sub_317,66.0,32.74044,129.8745
6715,7823,kyushu_sub_318,66.0,31.5797,130.55373
6716,7825,kyushu_sub_320,66.0,33.83987,130.62343
6717,7826,kyushu_sub_321,66.0,31.39219,130.96604
6718,7827,kyushu_sub_322,66.0,33.13022,129.81106
6719,7828,kyushu_sub_323@110,110.0,34.13443,131.60906
6720,7829,kyushu_sub_323@u,66.0,34.13443,131.60906
6721,7830,kyushu_sub_324,66.0,33.26321,130.2909
6722,7831,kyushu_sub_325,66.0,33.26812,130.27012
6723,7832,kyushu_sub_326@110,110.0,33.2851,130.28371
6724,7833,kyushu_sub_326@u,66.0,33.2851,130.28371
6725,7834,kyushu_sub_327,66.0,31.73824,130.72629
6726,7835,kyushu_sub_328,66.0,31.42781,130.32042
6727,7836,kyushu_sub_329,66.0,31.27637,130.29537
6728,7837,kyushu_sub_330,66.0,31.30229,130.46598
6729,7838,kyushu_sub_331,66.0,33.2126,130.36851
6730,7839,kyushu_sub_332,66.0,31.38654,130.54055
6731,7841,kyushu_sub_334,66.0,31.52733,130.51371
6732,7842,kyushu_sub_335,66.0,31.54926,130.53455
6733,7843,kyushu_sub_336,66.0,31.54964,130.53701
6734,7844,kyushu_sub_337,66.0,31.57687,130.53275
6735,7845,kyushu_sub_338,66.0,31.59811,130.53159
6736,7846,kyushu_sub_339,66.0,31.63282,130.36707
6737,7847,kyushu_sub_340,66.0,31.51075,130.34259
6738,7848,kyushu_sub_341,66.0,31.5708,130.47986
6739,7849,kyushu_sub_342,66.0,31.26815,130.6206
6740,7850,kyushu_sub_343,66.0,31.6178,130.56726
6741,7851,kyushu_sub_344,110.0,31.7235,131.01897
6742,7853,kyushu_sub_346,66.0,31.72283,130.27081
6743,7854,kyushu_sub_347,66.0,31.63837,130.3894
6744,7855,kyushu_sub_348,66.0,31.63464,130.39586
6745,7856,kyushu_sub_349,66.0,32.15687,130.37452
6746,7857,kyushu_sub_350,66.0,32.15891,130.37154
6747,7858,kyushu_sub_351,66.0,31.26125,130.52528
6748,7859,kyushu_sub_352,66.0,31.21127,130.62584
6749,7860,kyushu_sub_353,66.0,31.73819,130.72778
6750,7861,kyushu_sub_354,66.0,31.74199,130.65472
6751,7862,kyushu_sub_355,66.0,31.72877,130.62925
6752,7863,kyushu_sub_356,66.0,31.64869,130.57439
6753,7864,kyushu_sub_357,66.0,31.23599,130.60901
6754,7865,kyushu_sub_358,66.0,31.81054,130.31922
6755,7866,kyushu_sub_359,66.0,31.73778,130.76633
6756,7867,kyushu_sub_360,66.0,31.72878,131.05112
6757,7868,kyushu_sub_361,66.0,31.742,131.07837
6758,7869,kyushu_sub_362,66.0,31.91897,130.47623
6759,7870,kyushu_sub_363,66.0,31.82522,130.43083
6760,7871,kyushu_sub_364,220.0,31.8473,130.29496
6761,7872,kyushu_sub_365,220.0,31.84348,130.29277
6762,7873,kyushu_sub_366,66.0,31.76214,131.09589
6763,7874,kyushu_sub_367,66.0,31.47083,130.501
6764,7875,kyushu_sub_368,66.0,31.60521,131.38212
6765,7876,kyushu_sub_369,110.0,31.49596,130.92463
6766,7877,kyushu_sub_370@110,110.0,31.39738,130.88916
6767,7878,kyushu_sub_370@66,66.0,31.39738,130.88916
6768,7879,kyushu_sub_371,110.0,31.63716,130.99372
6769,7880,kyushu_sub_372,66.0,31.80431,131.09025
6770,7881,kyushu_sub_373,66.0,31.64941,130.56359
6771,7882,kyushu_sub_374@66,66.0,31.37739,130.85408
6772,7883,kyushu_sub_375,66.0,31.87768,130.80639
6773,7884,kyushu_sub_376,66.0,31.91094,130.69955
6774,7885,kyushu_sub_377,66.0,32.0575,130.78536
6775,7886,kyushu_sub_378,66.0,31.59875,130.54732
6776,7887,kyushu_sub_379,66.0,31.47987,130.75048
6777,7888,kyushu_sub_380,66.0,33.54386,130.36342
6778,7889,kyushu_sub_381,66.0,33.03316,130.46287
6779,7890,kyushu_sub_382@110,110.0,33.04589,130.43395
6780,7891,kyushu_sub_382@66,66.0,33.04589,130.43395
6781,7892,kyushu_sub_383,66.0,31.41181,130.35322
6782,7893,kyushu_sub_385,66.0,34.01418,131.81127
6783,7894,kyushu_sub_386@220,220.0,34.01195,131.20439
6784,7895,kyushu_sub_386@66,66.0,34.01195,131.20439
6785,7896,kyushu_sub_387@220,220.0,34.00387,131.19921
6786,7897,kyushu_sub_387@66,66.0,34.00387,131.19921
6787,7898,kyushu_sub_389@110,110.0,34.04534,131.16244
6788,7899,kyushu_sub_389@66,66.0,34.04534,131.16244
6789,7900,kyushu_sub_390@110,110.0,34.07668,131.03612
6790,7901,kyushu_sub_390@66,66.0,34.07668,131.03612
6791,7902,kyushu_sub_391,66.0,32.1156,130.34154
6792,7903,kyushu_sub_392,66.0,32.07689,130.24623
6793,7904,kyushu_sub_393,66.0,32.1465,130.15565
6794,7905,kyushu_sub_394,66.0,32.07262,130.3471
6795,7906,kyushu_sub_395,66.0,31.64015,131.35537
6796,7907,kyushu_sub_396,66.0,31.46865,131.22817
6797,7908,kyushu_sub_397@66,66.0,31.48195,131.09136
6798,7909,kyushu_sub_398,66.0,31.26684,130.94407
6799,7910,kyushu_sub_399@66,66.0,31.21076,130.80468
6800,7911,kyushu_sub_400,66.0,31.61235,130.56801
6801,7912,kyushu_sub_401,66.0,31.89222,131.4102
6802,7913,kyushu_sub_402,66.0,31.83022,131.41885
6803,7914,kyushu_sub_403,66.0,31.92326,131.38864
6804,7915,kyushu_sub_404,66.0,31.82851,131.30736
6805,7916,kyushu_sub_405,66.0,31.72762,131.05178
6806,7917,kyushu_sub_406,66.0,32.69652,130.65529
6807,7918,kyushu_sub_407,66.0,34.09643,132.05211
6808,7919,kyushu_sub_408,66.0,33.58453,131.26076
6809,7920,kyushu_sub_409,66.0,33.54209,131.39061
6810,7921,kyushu_sub_412,66.0,33.62939,130.41403
6811,7922,kyushu_sub_413,66.0,33.62143,130.43602
6812,7923,kyushu_sub_414,66.0,31.64185,130.41514
6813,7924,kyushu_sub_415,66.0,33.87199,130.70092
6814,7925,kyushu_sub_416@220,220.0,32.91919,130.82624
6815,7926,kyushu_sub_416@66,66.0,32.91919,130.82624
6816,7927,kyushu_sub_417,66.0,33.93991,130.80013
6817,7928,kyushu_sub_418,66.0,31.94433,131.44325
6818,7930,kyushu_sub_420,66.0,31.85811,131.38865
6819,7931,kyushu_sub_421,66.0,31.50644,130.51527
6820,7932,kyushu_sub_422,66.0,31.24428,130.52241
6821,7934,kyushu_sub_425,110.0,33.0114,130.51724
6822,7935,kyushu_sub_426,66.0,32.65465,130.66112
6823,7937,kyushu_sub_428,66.0,32.21157,130.85583
6824,7938,kyushu_sub_429,66.0,33.19383,130.49796
6825,7939,kyushu_sub_430,66.0,33.19392,130.498
6826,7940,kyushu_sub_431,66.0,31.72628,130.27222
6827,7941,kyushu_sub_432,66.0,31.28049,130.49982
6828,7942,kyushu_sub_433@110,110.0,32.95631,130.46522
6829,7943,kyushu_sub_433@66,66.0,32.95631,130.46522
6830,7944,kyushu_sub_434,66.0,33.20266,130.49684
6831,7945,kyushu_sub_435,66.0,31.42807,130.32109
6832,7946,kyushu_sub_436,66.0,33.57634,130.43258
6833,7947,kyushu_sub_437,66.0,33.53304,130.33936
6834,7948,kyushu_sub_438,66.0,32.76166,129.87117
6835,7949,kyushu_sub_439,66.0,31.47349,130.51208
6836,7950,kyushu_sub_440@66,66.0,31.28339,130.29424
6837,7951,kyushu_sub_441,66.0,33.58657,130.36414
6838,7952,kyushu_sub_442,66.0,32.8733,130.87371
6839,7953,kyushu_sub_443,66.0,32.7245,130.67533
6840,7954,kyushu_sub_444,66.0,32.8327,130.69279
6841,7955,kyushu_sub_445,66.0,32.68406,129.84576
6842,7956,kyushu_sub_446,66.0,31.85572,131.40447
6843,7957,kyushu_sub_447,66.0,31.85561,131.40021
6844,7958,kyushu_sub_448,66.0,31.91993,131.41536
6845,7959,kyushu_sub_449,66.0,32.02465,131.46947
6846,7960,kyushu_sub_450,66.0,32.8288,129.77801
6847,7961,kyushu_sub_451,66.0,32.01102,130.69314
6848,7962,kyushu_sub_452,66.0,32.00172,130.2001
6849,7963,kyushu_sub_453,66.0,32.20384,130.02812
6850,7964,kyushu_sub_454@220,220.0,33.92429,130.74059
6851,7965,kyushu_sub_454@110,110.0,33.92429,130.74059
6852,7966,kyushu_sub_455,220.0,32.99606,131.88102
6853,7967,kyushu_sub_456@66,66.0,32.92772,129.63936
6854,7968,kyushu_sub_457,66.0,32.93756,129.64208
6855,7969,kyushu_sub_458,66.0,33.22513,131.6087
6856,7970,kyushu_sub_459@220,220.0,32.50754,130.62535
6857,7971,kyushu_sub_459@110,110.0,32.50754,130.62535
6858,7972,kyushu_sub_460@220,220.0,33.5554,130.22676
6859,7973,kyushu_sub_460@66,66.0,33.5554,130.22676
6860,7974,kyushu_sub_461@110,110.0,32.20132,130.41916
6861,7975,kyushu_sub_461@66,66.0,32.20132,130.41916
6862,7976,kyushu_sub_462@110,110.0,31.69952,131.00252
6863,7977,kyushu_sub_462@66,66.0,31.69952,131.00252
6864,7978,kyushu_sub_463@110,110.0,32.44193,131.6232
6865,7979,kyushu_sub_463@66,66.0,32.44193,131.6232
6866,7980,kyushu_sub_464,66.0,32.39556,131.63157
6867,7981,kyushu_sub_465@110,110.0,32.71368,131.29264
6868,7982,kyushu_sub_465@66,66.0,32.71368,131.29264
6869,7983,kyushu_sub_466@66,66.0,32.5875,131.65568
6870,7984,kyushu_sub_467,66.0,32.55064,131.67223
6871,7985,kyushu_sub_468@66,66.0,32.56853,131.67097
6872,7986,kyushu_sub_469,66.0,32.39254,131.55595
6873,7988,kyushu_sub_471,66.0,32.05045,131.42647
6874,7989,kyushu_sub_472,66.0,32.12797,131.52706
6875,7990,kyushu_sub_473,110.0,32.11841,131.41686
6876,7991,kyushu_sub_474@110,110.0,32.51021,131.32206
6877,7992,kyushu_sub_475,66.0,31.98727,131.32229
6878,7994,kyushu_sub_477@66,66.0,32.44612,131.64794
6879,7995,kyushu_sub_478,66.0,32.42827,131.6242
6880,7996,kyushu_sub_479,66.0,32.19562,130.84005
6881,7997,kyushu_sub_480,66.0,32.26886,130.93993
6882,7998,kyushu_sub_481,220.0,31.82924,130.30401
6883,7999,kyushu_sub_482,220.0,31.8291,130.30272
6884,8000,kyushu_sub_483,66.0,32.00207,130.19627
6885,8001,kyushu_sub_484,66.0,32.30006,130.49454
6886,8003,kyushu_sub_486,66.0,33.04457,131.61722
6887,8004,kyushu_sub_487,66.0,32.99407,131.57973
6888,8005,kyushu_sub_488,66.0,32.96451,131.38828
6889,8006,kyushu_sub_489,66.0,33.29528,131.1567
6890,8007,kyushu_sub_490,66.0,33.43442,130.99191
6891,8008,kyushu_sub_491,66.0,33.32596,130.92608
6892,8009,kyushu_sub_492,66.0,33.29435,130.94539
6893,8010,kyushu_sub_493,66.0,33.32919,130.94551
6894,8011,kyushu_sub_494,66.0,33.31638,130.90082
6895,8012,kyushu_sub_495,66.0,33.80818,130.56592
6896,8013,kyushu_sub_496,66.0,33.79486,130.54737
6897,8014,kyushu_sub_497,66.0,33.82923,130.71548
6898,8015,kyushu_sub_498,66.0,33.8272,130.73344
6899,8016,kyushu_sub_499@110,110.0,33.90332,130.74011
6900,8017,kyushu_sub_499@66,66.0,33.90332,130.74011
6901,8018,kyushu_sub_500@110,110.0,33.88599,130.76271
6902,8019,kyushu_sub_500@66,66.0,33.88599,130.76271
6903,8020,kyushu_sub_501,66.0,33.8547,130.74328
6904,8021,kyushu_sub_502,66.0,33.85219,130.74258
6905,8022,kyushu_sub_503,66.0,33.89661,130.72687
6906,8023,kyushu_sub_505@110,110.0,33.92201,130.79988
6907,8024,kyushu_sub_505@u,66.0,33.92201,130.79988
6908,8025,kyushu_sub_506,66.0,33.90688,130.79686
6909,8026,kyushu_sub_507,66.0,33.90833,130.79811
6910,8027,kyushu_sub_509,66.0,33.73053,130.71878
6911,8028,kyushu_sub_510@66,66.0,33.72835,130.65831
6912,8029,kyushu_sub_511,66.0,33.75222,130.63548
6913,8030,kyushu_sub_512,66.0,33.74707,130.63848
6914,8031,kyushu_sub_513,66.0,32.92684,131.01873
6915,8032,kyushu_sub_514,66.0,32.89631,130.68091
6916,8033,kyushu_sub_515,66.0,32.86328,130.73478
6917,8034,kyushu_sub_516,66.0,32.93391,130.58065
6918,8035,kyushu_sub_517,66.0,32.78696,130.67555
6919,8036,kyushu_sub_518,66.0,32.67904,130.98501
6920,8037,kyushu_sub_519@110,110.0,32.61485,130.47402
6921,8038,kyushu_sub_519@66,66.0,32.61485,130.47402
6922,8039,kyushu_sub_520,66.0,32.58776,130.42837
6923,8040,kyushu_sub_521@220,220.0,32.55973,130.67831
6924,8041,kyushu_sub_521@66,66.0,32.55973,130.67831
6925,8042,kyushu_sub_522,110.0,33.00077,130.63021
6926,8043,kyushu_sub_523@110,110.0,33.0058,130.67201
6927,8044,kyushu_sub_524,110.0,33.00899,130.69438
6928,8045,kyushu_sub_525@66,66.0,32.90255,130.87902
6929,8046,kyushu_sub_526@220,220.0,32.89691,130.91273
6930,8047,kyushu_sub_526@66,66.0,32.89691,130.91273
6931,8048,kyushu_sub_527,110.0,31.9873,130.96815
6932,8049,kyushu_sub_528,66.0,32.98165,130.80392
6933,8050,kyushu_sub_529,66.0,33.28526,130.13654
6934,8051,kyushu_sub_530@110,110.0,33.24814,130.21194
6935,8052,kyushu_sub_530@66,66.0,33.24814,130.21194
6936,8053,kyushu_sub_531,66.0,33.43425,129.83613
6937,8054,kyushu_sub_532,66.0,33.23698,130.06074
6938,8055,kyushu_sub_533,66.0,33.27269,129.88717
6939,8056,kyushu_sub_534,66.0,33.38929,129.81789
6940,8057,kyushu_sub_535,66.0,31.64374,130.45024
6941,8058,kyushu_sub_536@110,110.0,33.21552,130.11126
6942,8059,kyushu_sub_536@66,66.0,33.21552,130.11126
6943,8060,kyushu_sub_537,66.0,33.61672,130.42593
6944,8061,kyushu_sub_538,66.0,31.27451,130.24972
6945,8062,kyushu_sub_539,220.0,33.37345,129.94021
6946,8063,kyushu_sub_540,220.0,33.44062,130.04887
6947,8064,kyushu_sub_541,66.0,31.95775,130.71046
6948,8065,kyushu_sub_542@66,66.0,33.86696,130.75588
6949,8066,kyushu_sub_543,66.0,33.86934,130.76006
6950,8067,kyushu_sub_544,66.0,33.66238,130.43972
6951,8068,kyushu_sub_545,66.0,32.3513,130.50848
6952,8069,kyushu_sub_546,66.0,33.34094,130.68214
6953,8070,kyushu_sub_547,66.0,31.60432,130.54595
6954,8071,kyushu_sub_548,220.0,33.11647,131.80049
6955,8072,kyushu_sub_549,110.0,31.94128,131.02679
6956,8073,kyushu_sub_550,66.0,31.76465,131.09505
6957,8074,kyushu_sub_551,66.0,32.06362,130.32869
6958,8076,kyushu_sub_553,66.0,31.57889,130.56041
6959,8077,kyushu_sub_555,66.0,33.59333,131.21962
6960,8078,kyushu_sub_556,66.0,33.53782,131.39882
6961,8079,kyushu_sub_557,66.0,33.46585,131.497
6962,8080,kyushu_sub_558@110,110.0,32.44199,131.62973
6963,8081,kyushu_sub_558@66,66.0,32.44199,131.62973
6964,8082,kyushu_sub_559,220.0,31.76188,130.94719
6965,8083,kyushu_sub_560,220.0,33.21541,131.68085
6966,8084,kyushu_sub_561,220.0,33.21523,131.68082
6967,8085,kyushu_sub_562,220.0,32.96831,129.94235
6968,8086,kyushu_sub_563@220,220.0,32.96857,129.93859
6969,8087,kyushu_sub_563@u,66.0,32.96857,129.93859
6970,8088,kyushu_sub_564,110.0,33.28199,130.32496
6971,8089,kyushu_sub_565,66.0,33.19489,129.97887
6972,8090,kyushu_sub_566,66.0,32.32898,130.07744
6973,8091,kyushu_sub_567,66.0,32.50274,130.06241
6974,8092,kyushu_sub_568@66,66.0,32.47118,130.16956
6975,8094,kyushu_sub_570,66.0,32.46652,130.40395
6976,8095,kyushu_sub_571,66.0,32.43661,130.40485
6977,8097,kyushu_sub_573,66.0,33.58162,130.33118
6978,8098,kyushu_sub_574,66.0,33.58773,130.34513
6979,8099,kyushu_sub_575,66.0,33.58949,130.34811
6980,8100,kyushu_sub_576@66,66.0,33.57396,130.35143
6981,8101,kyushu_sub_577,220.0,33.51905,130.22745
6982,8102,kyushu_sub_578,66.0,31.67766,130.59562
6983,8103,kyushu_sub_579,66.0,31.68086,130.5966
6984,8104,kyushu_sub_580,66.0,33.54622,131.47856
6985,8105,kyushu_sub_581,66.0,33.54521,130.36456
6986,8106,kyushu_sub_582,66.0,33.56576,130.36516
6987,8107,kyushu_sub_583,66.0,33.58438,130.36115
6988,8108,kyushu_sub_584,66.0,33.58314,130.38277
6989,8109,kyushu_sub_585@66,66.0,33.59324,130.37931
6990,8110,kyushu_sub_586@220,220.0,33.59481,130.39793
6991,8111,kyushu_sub_586@66,66.0,33.59481,130.39793
6992,8112,kyushu_sub_587,66.0,33.59524,130.35944
6993,8113,kyushu_sub_588@66,66.0,33.58351,130.40277
6994,8114,kyushu_sub_589,66.0,33.56508,130.41791
6995,8115,kyushu_sub_590@66,66.0,33.57392,130.40884
6996,8116,kyushu_sub_591,66.0,33.54511,130.41024
6997,8117,kyushu_sub_592,66.0,33.59863,130.46726
6998,8118,kyushu_sub_593@66,66.0,33.59803,130.40496
6999,8119,kyushu_sub_594@66,66.0,33.61471,130.41122
7000,8120,kyushu_sub_595,66.0,33.583,130.48649
7001,8121,kyushu_sub_596,66.0,33.56688,130.45853
7002,8122,kyushu_sub_597,66.0,33.4839,130.53162
7003,8123,kyushu_sub_598,66.0,33.16168,130.49179
7004,8124,kyushu_sub_599,66.0,33.52438,130.43468
7005,8125,kyushu_sub_600,66.0,33.54285,130.45968
7006,8126,kyushu_sub_601,66.0,31.58605,130.55697
7007,8127,kyushu_sub_602,66.0,33.56543,130.43694
7008,8128,kyushu_sub_603,220.0,32.88661,130.01477
7009,8129,kyushu_sub_604,66.0,32.74931,129.89586
7010,8130,kyushu_sub_605,66.0,32.76661,129.87422
7011,8131,kyushu_sub_606,66.0,32.68426,129.84184
7012,8132,kyushu_sub_607,66.0,32.74693,129.85684
7013,8133,kyushu_sub_608,66.0,31.93268,130.79603
7014,8134,kyushu_sub_609,66.0,33.29108,130.15849
7015,8135,kyushu_sub_610,220.0,32.79573,130.85972
7016,8136,kyushu_sub_611@500,500.0,33.80928,130.67993
7017,8137,kyushu_sub_611@66,66.0,33.80928,130.67993
7018,8138,kyushu_sub_612,66.0,33.10308,129.98368
7019,8139,kyushu_sub_613,220.0,32.96045,131.8718
7020,8141,kyushu_sub_616,66.0,32.65819,130.26803
7021,8142,kyushu_sub_617,66.0,32.75976,130.21779
7022,8143,kyushu_sub_618,66.0,32.81519,130.15444
7023,8144,kyushu_sub_619,66.0,32.84548,130.33348
7024,8145,kyushu_sub_620,66.0,32.78145,130.36423
7025,8146,kyushu_sub_621,66.0,33.05836,129.66393
7026,8147,kyushu_sub_622,66.0,31.73889,130.73404
7027,8148,kyushu_sub_623,66.0,31.58519,130.3457
7028,8149,kyushu_sub_624,220.0,33.44246,129.97882
7029,8152,kyushu_sub_627,66.0,33.13457,130.06018
7030,8153,kyushu_sub_629,220.0,33.42142,129.99267
7031,8154,kyushu_sub_630,66.0,33.26193,130.31477
7032,8155,kyushu_sub_631,66.0,31.80091,130.31534
7033,8156,kyushu_sub_632@220,220.0,33.15176,129.7515
7034,8157,kyushu_sub_632@66,66.0,33.15176,129.7515
7035,8158,kyushu_sub_633,66.0,33.43304,131.36283
7036,8159,kyushu_sub_634,66.0,33.5353,131.35083
7037,8160,kyushu_sub_635@220,220.0,33.26353,131.69013
7038,8161,kyushu_sub_635@66,66.0,33.26353,131.69013
7039,8162,kyushu_sub_636,220.0,33.26416,131.70588
7040,8163,kyushu_sub_637@220,220.0,33.24962,131.68364
7041,8164,kyushu_sub_637@66,66.0,33.24962,131.68364
7042,8165,kyushu_sub_638@220,220.0,33.25395,131.65472
7043,8166,kyushu_sub_638@66,66.0,33.25395,131.65472
7044,8167,kyushu_sub_639@500,500.0,33.24556,131.63594
7045,8168,kyushu_sub_639@220,220.0,33.24556,131.63594
7046,8169,kyushu_sub_639@66,66.0,33.24556,131.63594
7047,8170,kyushu_sub_640,66.0,33.22942,131.62734
7048,8171,kyushu_sub_641,66.0,33.58596,131.22791
7049,8172,kyushu_sub_643@110,110.0,34.00743,130.98496
7050,8173,kyushu_sub_643@66,66.0,34.00743,130.98496
7051,8174,kyushu_sub_644@500,500.0,33.28158,129.82577
7052,8175,kyushu_sub_644@220,220.0,33.28158,129.82577
7053,8176,kyushu_sub_644@u,66.0,33.28158,129.82577
7054,8177,kyushu_sub_645,220.0,33.28141,129.84756
7055,8178,kyushu_sub_646,500.0,33.31251,129.80855
7056,8179,kyushu_sub_647@500,500.0,31.83231,130.18914
7057,8180,kyushu_sub_647@220,220.0,31.83231,130.18914
7058,8181,kyushu_sub_647@u,66.0,31.83231,130.18914
7059,8182,kyushu_sub_648,66.0,33.84442,130.62331
7060,8183,kyushu_sub_649,66.0,33.21929,130.14789
7061,8184,kyushu_sub_650,66.0,33.20724,130.04134
7062,8185,kyushu_sub_651,220.0,32.83803,130.01393
7063,8186,kyushu_sub_652,110.0,34.0038,130.99983
7064,8187,kyushu_sub_655,66.0,32.9616,129.93402
7065,8188,kyushu_sub_656,66.0,33.86869,130.72681
7066,8190,kyushu_sub_659,66.0,32.75716,129.86983
7067,8191,kyushu_sub_660,220.0,32.97499,131.89768
7068,8192,kyushu_sub_661,66.0,33.35223,130.46127
7069,8193,kyushu_sub_662,220.0,33.1277,129.99424
7070,8196,kyushu_sub_665,110.0,33.01728,130.68915
7071,8197,kyushu_sub_666,220.0,33.23827,131.86376
7072,8198,kyushu_sub_667,66.0,33.55802,130.31113
7073,8199,kyushu_sub_668,66.0,33.57832,130.3273
7074,8200,kyushu_sub_669,66.0,33.56071,130.36154
7075,8201,kyushu_sub_672,110.0,34.04284,131.31468
7076,8202,kyushu_sub_674,110.0,34.0288,131.34241
7077,8203,kyushu_sub_676@220,220.0,33.96567,132.09133
7078,8204,kyushu_sub_676@110,110.0,33.96567,132.09133
7079,8205,kyushu_sub_676@u,66.0,33.96567,132.09133
7080,8206,kyushu_sub_678,66.0,33.32998,130.03955
7081,8207,kyushu_sub_679@66,66.0,31.4687,131.21819
7082,8208,kyushu_sub_680,66.0,33.25562,131.48147
7083,8209,kyushu_sub_681,220.0,33.071,131.88735
7084,8210,kyushu_sub_682@220,220.0,32.51372,130.63205
7085,8211,kyushu_sub_682@66,66.0,32.51372,130.63205
7086,8212,kyushu_sub_683,66.0,33.24081,131.58956
