{"type":"FeatureCollection","features":[{"type":"Feature","geometry":{"type":"Point","coordinates":[133.9509506,34.1661164]},"properties":{"name":"kansai junction 34.1661:133.951:187","vn_kv":187.0,"vm_pu":1.0,"va_deg":-7.9}},{"type":"Feature","geometry":{"type":"Point","coordinates":[135.390437,34.4582962]},"properties":{"name":"kansai junction 34.4583:135.3904:77","vn_kv":77.0,"vm_pu":1.0,"va_deg":-34.36}},{"type":"Feature","geometry":{"type":"Point","coordinates":[135.3665164,34.3893385]},"properties":{"name":"kansai junction 34.3893:135.3665:77","vn_kv":77.0,"vm_pu":1.0,"va_deg":-33.65}},{"type":"Feature","geometry":{"type":"Point","coordinates":[135.3978212,34.4565419]},"properties":{"name":"kansai junction 34.4565:135.3978:77","vn_kv":77.0,"vm_pu":1.0,"va_deg":-34.21}},{"type":"Feature","geometry":{"type":"Point","coordinates":[135.4821594,34.5983523]},"properties":{"name":"kansai junction 34.5984:135.4822:77","vn_kv":77.0,"vm_pu":1.0,"va_deg":-35.05}},{"type":"Feature","geometry":{"type":"Point","coordinates":[135.6167523,34.5421976]},"properties":{"name":"kansai junction 34.5422:135.6168:77","vn_kv":77.0,"vm_pu":1.0,"va_deg":-33.24}},{"type":"Feature","geometry":{"type":"Point","coordinates":[135.5239059,34.460687]},"properties":{"name":"kansai junction 34.4607:135.5239:77","vn_kv":77.0,"vm_pu":1.0,"va_deg":-33.14}},{"type":"Feature","geometry":{"type":"Point","coordinates":[135.5264967,34.4637815]},"properties":{"name":"kansai junction 34.4638:135.5265:77","vn_kv":77.0,"vm_pu":1.0,"va_deg":-33.09}},{"type":"Feature","geometry":{"type":"Point","coordinates":[135.6141994,34.4065099]},"properties":{"name":"kansai junction 34.4065:135.6142:275","vn_kv":275.0,"vm_pu":1.0,"va_deg":-27.0}},{"type":"Feature","geometry":{"type":"Point","coordinates":[135.6313199,34.5742903]},"properties":{"name":"kansai junction 34.5743:135.6313:77","vn_kv":77.0,"vm_pu":1.0,"va_deg":-33.3}},{"type":"Feature","geometry":{"type":"Point","coordinates":[135.5836332,34.4844334]},"properties":{"name":"kansai junction 34.4844:135.5836:275","vn_kv":275.0,"vm_pu":1.0,"va_deg":-27.48}},{"type":"Feature","geometry":{"type":"Point","coordinates":[135.691978,34.5328491]},"properties":{"name":"kansai junction 34.5328:135.692:77","vn_kv":77.0,"vm_pu":1.0,"va_deg":-33.4}},{"type":"Feature","geometry":{"type":"Point","coordinates":[135.5191015,34.5862713]},"properties":{"name":"kansai junction 34.5863:135.5191:77","vn_kv":77.0,"vm_pu":1.0,"va_deg":-34.6}},{"type":"Feature","geometry":{"type":"Point","coordinates":[135.559871,34.595072]},"properties":{"name":"kansai junction 34.5951:135.5599:154","vn_kv":154.0,"vm_pu":1.0,"va_deg":-30.1}},{"type":"Feature","geometry":{"type":"Point","coordinates":[135.5886232,34.6100025]},"properties":{"name":"kansai junction 34.61:135.5886:154","vn_kv":154.0,"vm_pu":1.0,"va_deg":-29.74}},{"type":"Feature","geometry":{"type":"Point","coordinates":[135.5896967,34.6096634]},"properties":{"name":"kansai junction 34.6097:135.5897:154","vn_kv":154.0,"vm_pu":1.0,"va_deg":-29.73}},{"type":"Feature","geometry":{"type":"Point","coordinates":[135.5191015,34.5862713]},"properties":{"name":"kansai junction 34.5863:135.5191:154","vn_kv":154.0,"vm_pu":1.0,"va_deg":-30.45}},{"type":"Feature","geometry":{"type":"Point","coordinates":[135.4916447,34.4610742]},"properties":{"name":"kansai junction 34.4611:135.4916:275","vn_kv":275.0,"vm_pu":1.0,"va_deg":-27.46}},{"type":"Feature","geometry":{"type":"Point","coordinates":[135.4695915,34.6060876]},"properties":{"name":"kansai junction 34.6061:135.4696:77","vn_kv":77.0,"vm_pu":1.0,"va_deg":-35.63}},{"type":"Feature","geometry":{"type":"Point","coordinates":[135.4122394,34.4803134]},"properties":{"name":"kansai junction 34.4803:135.4122:77","vn_kv":77.0,"vm_pu":1.0,"va_deg":-34.29}},{"type":"Feature","geometry":{"type":"Point","coordinates":[135.4578477,34.4668775]},"properties":{"name":"kansai junction 34.4669:135.4578:77","vn_kv":77.0,"vm_pu":1.0,"va_deg":-33.7}},{"type":"Feature","geometry":{"type":"Point","coordinates":[135.4322684,34.4678104]},"properties":{"name":"kansai junction 34.4678:135.4323:77","vn_kv":77.0,"vm_pu":1.0,"va_deg":-34.1}},{"type":"Feature","geometry":{"type":"Point","coordinates":[135.4280404,34.471249]},"properties":{"name":"kansai junction 34.4712:135.428:77","vn_kv":77.0,"vm_pu":1.0,"va_deg":-34.16}},{"type":"Feature","geometry":{"type":"Point","coordinates":[135.427869,34.4713878]},"properties":{"name":"kansai junction 34.4714:135.4279:77","vn_kv":77.0,"vm_pu":1.0,"va_deg":-34.17}},{"type":"Feature","geometry":{"type":"Point","coordinates":[135.4094259,34.4844576]},"properties":{"name":"kansai junction 34.4845:135.4094:77","vn_kv":77.0,"vm_pu":1.0,"va_deg":-34.32}},{"type":"Feature","geometry":{"type":"Point","coordinates":[135.3438487,34.3949098]},"properties":{"name":"kansai junction 34.3949:135.3438:66","vn_kv":66.0,"vm_pu":1.0,"va_deg":-33.93}},{"type":"Feature","geometry":{"type":"Point","coordinates":[135.3736529,34.3649114]},"properties":{"name":"kansai junction 34.3649:135.3737:275","vn_kv":275.0,"vm_pu":1.0,"va_deg":-27.91}},{"type":"Feature","geometry":{"type":"Point","coordinates":[135.4409276,34.4386171]},"properties":{"name":"kansai junction 34.4386:135.4409:77","vn_kv":77.0,"vm_pu":1.0,"va_deg":-33.81}},{"type":"Feature","geometry":{"type":"Point","coordinates":[135.4442985,34.4467765]},"properties":{"name":"kansai junction 34.4468:135.4443:77","vn_kv":77.0,"vm_pu":1.0,"va_deg":-33.81}},{"type":"Feature","geometry":{"type":"Point","coordinates":[135.4562942,34.518923]},"properties":{"name":"kansai junction 34.5189:135.4563:77","vn_kv":77.0,"vm_pu":1.0,"va_deg":-34.72}},{"type":"Feature","geometry":{"type":"Point","coordinates":[135.4182,34.4865329]},"properties":{"name":"kansai junction 34.4865:135.4182:77","vn_kv":77.0,"vm_pu":1.0,"va_deg":-34.53}},{"type":"Feature","geometry":{"type":"Point","coordinates":[135.4201391,34.4769296]},"properties":{"name":"kansai junction 34.4769:135.4201:77","vn_kv":77.0,"vm_pu":1.0,"va_deg":-34.32}},{"type":"Feature","geometry":{"type":"Point","coordinates":[135.4326093,34.467846]},"properties":{"name":"kansai junction 34.4678:135.4326:77","vn_kv":77.0,"vm_pu":1.0,"va_deg":-34.1}},{"type":"Feature","geometry":{"type":"Point","coordinates":[135.4967684,34.5347261]},"properties":{"name":"kansai junction 34.5347:135.4968:77","vn_kv":77.0,"vm_pu":1.0,"va_deg":-34.89}},{"type":"Feature","geometry":{"type":"Point","coordinates":[135.4868307,34.5273869]},"properties":{"name":"kansai junction 34.5274:135.4868:77","vn_kv":77.0,"vm_pu":1.0,"va_deg":-34.88}},{"type":"Feature","geometry":{"type":"Point","coordinates":[135.5319803,34.5646337]},"properties":{"name":"kansai junction 34.5646:135.532:77","vn_kv":77.0,"vm_pu":1.0,"va_deg":-34.64}},{"type":"Feature","geometry":{"type":"Point","coordinates":[135.409345,34.5484143]},"properties":{"name":"kansai junction 34.5484:135.4093:77","vn_kv":77.0,"vm_pu":1.0,"va_deg":-33.77}},{"type":"Feature","geometry":{"type":"Point","coordinates":[135.4357981,34.5442576]},"properties":{"name":"kansai junction 34.5443:135.4358:77","vn_kv":77.0,"vm_pu":1.0,"va_deg":-33.48}},{"type":"Feature","geometry":{"type":"Point","coordinates":[135.4361621,34.5441178]},"properties":{"name":"kansai junction 34.5441:135.4362:77","vn_kv":77.0,"vm_pu":1.0,"va_deg":-33.48}},{"type":"Feature","geometry":{"type":"Point","coordinates":[135.4356293,34.5461369]},"properties":{"name":"kansai junction 34.5461:135.4356:77","vn_kv":77.0,"vm_pu":1.0,"va_deg":-33.44}},{"type":"Feature","geometry":{"type":"Point","coordinates":[135.4370662,34.5454556]},"properties":{"name":"kansai junction 34.5455:135.4371:77","vn_kv":77.0,"vm_pu":1.0,"va_deg":-33.43}},{"type":"Feature","geometry":{"type":"Point","coordinates":[135.6406472,34.5197195]},"properties":{"name":"kansai junction 34.5197:135.6406:110","vn_kv":110.0,"vm_pu":1.0,"va_deg":-27.34}},{"type":"Feature","geometry":{"type":"Point","coordinates":[135.6406798,34.5198611]},"properties":{"name":"kansai junction 34.5199:135.6407:110","vn_kv":110.0,"vm_pu":1.0,"va_deg":-27.34}},{"type":"Feature","geometry":{"type":"Point","coordinates":[135.6446289,34.5998772]},"properties":{"name":"kansai junction 34.5999:135.6446:154","vn_kv":154.0,"vm_pu":1.0,"va_deg":-28.44}},{"type":"Feature","geometry":{"type":"Point","coordinates":[135.6439199,34.5246014]},"properties":{"name":"kansai junction 34.5246:135.6439:110","vn_kv":110.0,"vm_pu":1.0,"va_deg":-33.24}},{"type":"Feature","geometry":{"type":"Point","coordinates":[135.6437334,34.5248224]},"properties":{"name":"kansai junction 34.5248:135.6437:110","vn_kv":110.0,"vm_pu":1.0,"va_deg":-33.24}},{"type":"Feature","geometry":{"type":"Point","coordinates":[134.4077661,34.0000073]},"properties":{"name":"kansai junction 34.0:134.4078:500","vn_kv":500.0,"vm_pu":1.0,"va_deg":-0.53}},{"type":"Feature","geometry":{"type":"Point","coordinates":[134.5048188,34.0962772]},"properties":{"name":"kansai junction 34.0963:134.5048:66","vn_kv":66.0,"vm_pu":1.0,"va_deg":-9.39}},{"type":"Feature","geometry":{"type":"Point","coordinates":[134.4707086,34.0628033]},"properties":{"name":"kansai junction 34.0628:134.4707:66","vn_kv":66.0,"vm_pu":1.0,"va_deg":-9.0}},{"type":"Feature","geometry":{"type":"Point","coordinates":[134.4599448,34.0605094]},"properties":{"name":"kansai junction 34.0605:134.4599:187","vn_kv":187.0,"vm_pu":1.0,"va_deg":-6.74}},{"type":"Feature","geometry":{"type":"Point","coordinates":[134.3427791,34.2463128]},"properties":{"name":"kansai junction 34.2463:134.3428:66","vn_kv":66.0,"vm_pu":1.0,"va_deg":-9.33}},{"type":"Feature","geometry":{"type":"Point","coordinates":[134.5766427,34.1318383]},"properties":{"name":"kansai junction 34.1318:134.5766:0","vn_kv":77.0,"vm_pu":1.0,"va_deg":-9.75}},{"type":"Feature","geometry":{"type":"Point","coordinates":[135.2661364,34.2795399]},"properties":{"name":"kansai junction 34.2795:135.2661:275","vn_kv":275.0,"vm_pu":1.0,"va_deg":-26.64}},{"type":"Feature","geometry":{"type":"Point","coordinates":[135.3011944,34.2428943]},"properties":{"name":"kansai junction 34.2429:135.3012:77","vn_kv":77.0,"vm_pu":1.0,"va_deg":-29.15}},{"type":"Feature","geometry":{"type":"Point","coordinates":[135.3198567,34.2513167]},"properties":{"name":"kansai junction 34.2513:135.3199:77","vn_kv":77.0,"vm_pu":1.0,"va_deg":-29.1}},{"type":"Feature","geometry":{"type":"Point","coordinates":[135.2535663,34.2400728]},"properties":{"name":"kansai junction 34.2401:135.2536:77","vn_kv":77.0,"vm_pu":1.0,"va_deg":-30.19}},{"type":"Feature","geometry":{"type":"Point","coordinates":[135.2103357,34.2187674]},"properties":{"name":"kansai junction 34.2188:135.2103:77","vn_kv":77.0,"vm_pu":1.0,"va_deg":-31.23}},{"type":"Feature","geometry":{"type":"Point","coordinates":[135.1791129,34.1341813]},"properties":{"name":"kansai junction 34.1342:135.1791:77","vn_kv":77.0,"vm_pu":1.0,"va_deg":-30.63}},{"type":"Feature","geometry":{"type":"Point","coordinates":[134.6010234,33.948941]},"properties":{"name":"kansai junction 33.9489:134.601:66","vn_kv":66.0,"vm_pu":1.0,"va_deg":-8.1}},{"type":"Feature","geometry":{"type":"Point","coordinates":[134.6963249,33.9217193]},"properties":{"name":"kansai junction 33.9217:134.6963:66","vn_kv":66.0,"vm_pu":1.0,"va_deg":-7.89}},{"type":"Feature","geometry":{"type":"Point","coordinates":[134.6362878,33.8895719]},"properties":{"name":"kansai junction 33.8896:134.6363:66","vn_kv":66.0,"vm_pu":1.0,"va_deg":-7.66}},{"type":"Feature","geometry":{"type":"Point","coordinates":[134.5222214,34.1360661]},"properties":{"name":"kansai junction 34.1361:134.5222:66","vn_kv":66.0,"vm_pu":1.0,"va_deg":-9.23}},{"type":"Feature","geometry":{"type":"Point","coordinates":[133.8919515,34.0324451]},"properties":{"name":"kansai junction 34.0324:133.892:187","vn_kv":187.0,"vm_pu":1.0,"va_deg":-5.99}},{"type":"Feature","geometry":{"type":"Point","coordinates":[134.5166611,33.8386117]},"properties":{"name":"kansai junction 33.8386:134.5167:187","vn_kv":187.0,"vm_pu":1.0,"va_deg":-5.99}},{"type":"Feature","geometry":{"type":"Point","coordinates":[135.1206738,33.9686788]},"properties":{"name":"kansai junction 33.9687:135.1207:77","vn_kv":77.0,"vm_pu":1.0,"va_deg":-28.51}},{"type":"Feature","geometry":{"type":"Point","coordinates":[135.1113956,33.9655208]},"properties":{"name":"kansai junction 33.9655:135.1114:77","vn_kv":77.0,"vm_pu":1.0,"va_deg":-28.52}},{"type":"Feature","geometry":{"type":"Point","coordinates":[135.1128267,33.9637717]},"properties":{"name":"kansai junction 33.9638:135.1128:77","vn_kv":77.0,"vm_pu":1.0,"va_deg":-28.52}},{"type":"Feature","geometry":{"type":"Point","coordinates":[135.3932587,33.9622648]},"properties":{"name":"kansai junction 33.9623:135.3933:0","vn_kv":77.0,"vm_pu":1.0,"va_deg":-22.22}},{"type":"Feature","geometry":{"type":"Point","coordinates":[135.4386947,33.9082982]},"properties":{"name":"kansai junction 33.9083:135.4387:0","vn_kv":77.0,"vm_pu":1.0,"va_deg":-22.22}},{"type":"Feature","geometry":{"type":"Point","coordinates":[135.2625956,34.0620984]},"properties":{"name":"kansai junction 34.0621:135.2626:77","vn_kv":77.0,"vm_pu":1.0,"va_deg":-28.7}},{"type":"Feature","geometry":{"type":"Point","coordinates":[135.2381807,34.1330848]},"properties":{"name":"kansai junction 34.1331:135.2382:77","vn_kv":77.0,"vm_pu":1.0,"va_deg":-30.37}},{"type":"Feature","geometry":{"type":"Point","coordinates":[135.1950823,33.923535]},"properties":{"name":"kansai junction 33.9235:135.1951:77","vn_kv":77.0,"vm_pu":1.0,"va_deg":-27.32}},{"type":"Feature","geometry":{"type":"Point","coordinates":[135.1919237,33.9242637]},"properties":{"name":"kansai junction 33.9243:135.1919:77","vn_kv":77.0,"vm_pu":1.0,"va_deg":-27.36}},{"type":"Feature","geometry":{"type":"Point","coordinates":[135.1933704,33.8903337]},"properties":{"name":"kansai junction 33.8903:135.1934:77","vn_kv":77.0,"vm_pu":1.0,"va_deg":-26.4}},{"type":"Feature","geometry":{"type":"Point","coordinates":[135.1993699,33.8606792]},"properties":{"name":"kansai junction 33.8607:135.1994:77","vn_kv":77.0,"vm_pu":1.0,"va_deg":-25.21}},{"type":"Feature","geometry":{"type":"Point","coordinates":[135.1772425,34.1030059]},"properties":{"name":"kansai junction 34.103:135.1772:77","vn_kv":77.0,"vm_pu":1.0,"va_deg":-30.53}},{"type":"Feature","geometry":{"type":"Point","coordinates":[135.1508992,34.0952948]},"properties":{"name":"kansai junction 34.0953:135.1509:77","vn_kv":77.0,"vm_pu":1.0,"va_deg":-30.82}},{"type":"Feature","geometry":{"type":"Point","coordinates":[135.1213368,34.0942687]},"properties":{"name":"kansai junction 34.0943:135.1213:77","vn_kv":77.0,"vm_pu":1.0,"va_deg":-30.99}},{"type":"Feature","geometry":{"type":"Point","coordinates":[135.1875797,34.0974377]},"properties":{"name":"kansai junction 34.0974:135.1876:77","vn_kv":77.0,"vm_pu":1.0,"va_deg":-30.36}},{"type":"Feature","geometry":{"type":"Point","coordinates":[135.1849831,34.0946033]},"properties":{"name":"kansai junction 34.0946:135.185:77","vn_kv":77.0,"vm_pu":1.0,"va_deg":-30.36}},{"type":"Feature","geometry":{"type":"Point","coordinates":[135.1284718,34.1068147]},"properties":{"name":"kansai junction 34.1068:135.1285:77","vn_kv":77.0,"vm_pu":1.0,"va_deg":-30.95}},{"type":"Feature","geometry":{"type":"Point","coordinates":[135.1789798,34.1324781]},"properties":{"name":"kansai junction 34.1325:135.179:77","vn_kv":77.0,"vm_pu":1.0,"va_deg":-30.62}},{"type":"Feature","geometry":{"type":"Point","coordinates":[135.2040892,34.1421784]},"properties":{"name":"kansai junction 34.1422:135.2041:77","vn_kv":77.0,"vm_pu":1.0,"va_deg":-30.63}},{"type":"Feature","geometry":{"type":"Point","coordinates":[135.2273039,34.1465706]},"properties":{"name":"kansai junction 34.1466:135.2273:77","vn_kv":77.0,"vm_pu":1.0,"va_deg":-30.7}},{"type":"Feature","geometry":{"type":"Point","coordinates":[135.2272646,34.1483404]},"properties":{"name":"kansai junction 34.1483:135.2273:77","vn_kv":77.0,"vm_pu":1.0,"va_deg":-30.7}},{"type":"Feature","geometry":{"type":"Point","coordinates":[135.1999011,34.2208916]},"properties":{"name":"kansai junction 34.2209:135.1999:77","vn_kv":77.0,"vm_pu":1.0,"va_deg":-31.26}},{"type":"Feature","geometry":{"type":"Point","coordinates":[135.337869,34.0617923]},"properties":{"name":"kansai junction 34.0618:135.3379:77","vn_kv":77.0,"vm_pu":1.0,"va_deg":-28.77}},{"type":"Feature","geometry":{"type":"Point","coordinates":[135.3394785,34.055739]},"properties":{"name":"kansai junction 34.0557:135.3395:77","vn_kv":77.0,"vm_pu":1.0,"va_deg":-28.77}},{"type":"Feature","geometry":{"type":"Point","coordinates":[135.4104342,34.0926269]},"properties":{"name":"kansai junction 34.0926:135.4104:77","vn_kv":77.0,"vm_pu":1.0,"va_deg":-28.77}},{"type":"Feature","geometry":{"type":"Point","coordinates":[135.8204726,33.9870006]},"properties":{"name":"kansai junction 33.987:135.8205:275","vn_kv":275.0,"vm_pu":1.0,"va_deg":-27.32}},{"type":"Feature","geometry":{"type":"Point","coordinates":[135.5574105,34.421234]},"properties":{"name":"kansai junction 34.4212:135.5574:275","vn_kv":275.0,"vm_pu":1.0,"va_deg":-27.21}},{"type":"Feature","geometry":{"type":"Point","coordinates":[134.533179,34.122561]},"properties":{"name":"kansai junction 34.1226:134.5332:66","vn_kv":66.0,"vm_pu":1.0,"va_deg":-9.33}},{"type":"Feature","geometry":{"type":"Point","coordinates":[134.6094107,34.1381698]},"properties":{"name":"kansai junction 34.1382:134.6094:66","vn_kv":66.0,"vm_pu":1.0,"va_deg":-9.18}},{"type":"Feature","geometry":{"type":"Point","coordinates":[135.4347606,34.5709787]},"properties":{"name":"kansai junction 34.571:135.4348:0","vn_kv":77.0,"vm_pu":1.0,"va_deg":-32.18}},{"type":"Feature","geometry":{"type":"Point","coordinates":[135.4353627,34.5709365]},"properties":{"name":"kansai junction 34.5709:135.4354:0","vn_kv":77.0,"vm_pu":1.0,"va_deg":-32.19}},{"type":"Feature","geometry":{"type":"Point","coordinates":[135.4347941,34.5708307]},"properties":{"name":"kansai junction 34.5708:135.4348:0","vn_kv":77.0,"vm_pu":1.0,"va_deg":-32.18}},{"type":"Feature","geometry":{"type":"Point","coordinates":[135.4349121,34.5784909]},"properties":{"name":"kansai junction 34.5785:135.4349:0","vn_kv":77.0,"vm_pu":1.0,"va_deg":-32.7}},{"type":"Feature","geometry":{"type":"Point","coordinates":[134.5559233,34.1754188]},"properties":{"name":"kansai junction 34.1754:134.5559:187","vn_kv":187.0,"vm_pu":1.0,"va_deg":-7.9}},{"type":"Feature","geometry":{"type":"Point","coordinates":[134.5035254,34.0371048]},"properties":{"name":"kansai junction 34.0371:134.5035:66","vn_kv":66.0,"vm_pu":1.0,"va_deg":-8.96}},{"type":"Feature","geometry":{"type":"Point","coordinates":[134.5213602,33.8270151]},"properties":{"name":"kansai junction 33.827:134.5214:66","vn_kv":66.0,"vm_pu":1.0,"va_deg":-6.65}},{"type":"Feature","geometry":{"type":"Point","coordinates":[134.4096417,33.7980157]},"properties":{"name":"kansai junction 33.798:134.4096:66","vn_kv":66.0,"vm_pu":1.0,"va_deg":-6.79}},{"type":"Feature","geometry":{"type":"Point","coordinates":[135.2515631,34.3547747]},"properties":{"name":"kansai junction 34.3548:135.2516:77","vn_kv":77.0,"vm_pu":1.0,"va_deg":-34.16}},{"type":"Feature","geometry":{"type":"Point","coordinates":[135.1857825,34.2541298]},"properties":{"name":"kansai junction 34.2541:135.1858:77","vn_kv":77.0,"vm_pu":1.0,"va_deg":-31.28}},{"type":"Feature","geometry":{"type":"Point","coordinates":[135.1719443,34.2769179]},"properties":{"name":"kansai junction 34.2769:135.1719:77","vn_kv":77.0,"vm_pu":1.0,"va_deg":-31.39}},{"type":"Feature","geometry":{"type":"Point","coordinates":[135.184002,34.2540134]},"properties":{"name":"kansai junction 34.254:135.184:77","vn_kv":77.0,"vm_pu":1.0,"va_deg":-31.3}},{"type":"Feature","geometry":{"type":"Point","coordinates":[134.9935109,34.6014365]},"properties":{"name":"kansai junction 34.6014:134.9935:77","vn_kv":77.0,"vm_pu":1.0,"va_deg":-15.51}},{"type":"Feature","geometry":{"type":"Point","coordinates":[134.8903843,34.4701314]},"properties":{"name":"kansai junction 34.4701:134.8904:77","vn_kv":77.0,"vm_pu":1.0,"va_deg":-13.58}},{"type":"Feature","geometry":{"type":"Point","coordinates":[134.8316411,34.3952655]},"properties":{"name":"kansai junction 34.3953:134.8316:77","vn_kv":77.0,"vm_pu":1.0,"va_deg":-11.47}},{"type":"Feature","geometry":{"type":"Point","coordinates":[134.7320669,34.3061691]},"properties":{"name":"kansai junction 34.3062:134.7321:77","vn_kv":77.0,"vm_pu":1.0,"va_deg":-9.95}},{"type":"Feature","geometry":{"type":"Point","coordinates":[134.6755495,34.2510616]},"properties":{"name":"kansai junction 34.2511:134.6755:77","vn_kv":77.0,"vm_pu":1.0,"va_deg":-9.95}},{"type":"Feature","geometry":{"type":"Point","coordinates":[134.6992086,34.2790798]},"properties":{"name":"kansai junction 34.2791:134.6992:187","vn_kv":187.0,"vm_pu":1.0,"va_deg":-8.08}},{"type":"Feature","geometry":{"type":"Point","coordinates":[134.7754742,34.2954694]},"properties":{"name":"kansai junction 34.2955:134.7755:77","vn_kv":77.0,"vm_pu":1.0,"va_deg":-10.22}},{"type":"Feature","geometry":{"type":"Point","coordinates":[134.9418868,34.5524278]},"properties":{"name":"kansai junction 34.5524:134.9419:77","vn_kv":77.0,"vm_pu":1.0,"va_deg":-14.01}},{"type":"Feature","geometry":{"type":"Point","coordinates":[134.7749857,34.293341]},"properties":{"name":"kansai junction 34.2933:134.775:77","vn_kv":77.0,"vm_pu":1.0,"va_deg":-10.22}},{"type":"Feature","geometry":{"type":"Point","coordinates":[134.7224234,34.2613068]},"properties":{"name":"kansai junction 34.2613:134.7224:0","vn_kv":77.0,"vm_pu":1.0,"va_deg":-8.08}},{"type":"Feature","geometry":{"type":"Point","coordinates":[135.3998038,33.7662726]},"properties":{"name":"kansai junction 33.7663:135.3998:0","vn_kv":77.0,"vm_pu":1.0,"va_deg":-36.72}},{"type":"Feature","geometry":{"type":"Point","coordinates":[135.3443689,33.8026514]},"properties":{"name":"kansai junction 33.8027:135.3444:77","vn_kv":77.0,"vm_pu":1.0,"va_deg":-25.21}},{"type":"Feature","geometry":{"type":"Point","coordinates":[135.2214887,33.8378165]},"properties":{"name":"kansai junction 33.8378:135.2215:77","vn_kv":77.0,"vm_pu":1.0,"va_deg":-25.21}},{"type":"Feature","geometry":{"type":"Point","coordinates":[135.1500883,34.2383308]},"properties":{"name":"kansai junction 34.2383:135.1501:77","vn_kv":77.0,"vm_pu":1.0,"va_deg":-31.5}},{"type":"Feature","geometry":{"type":"Point","coordinates":[135.5696672,34.3148093]},"properties":{"name":"kansai junction 34.3148:135.5697:77","vn_kv":77.0,"vm_pu":1.0,"va_deg":-27.09}},{"type":"Feature","geometry":{"type":"Point","coordinates":[135.2206901,33.8270602]},"properties":{"name":"kansai junction 33.8271:135.2207:77","vn_kv":77.0,"vm_pu":1.0,"va_deg":-25.21}},{"type":"Feature","geometry":{"type":"Point","coordinates":[134.9662803,34.5791619]},"properties":{"name":"kansai junction 34.5792:134.9663:77","vn_kv":77.0,"vm_pu":1.0,"va_deg":-14.77}},{"type":"Feature","geometry":{"type":"Point","coordinates":[134.9678091,34.5775078]},"properties":{"name":"kansai junction 34.5775:134.9678:77","vn_kv":77.0,"vm_pu":1.0,"va_deg":-14.77}},{"type":"Feature","geometry":{"type":"Point","coordinates":[135.5456443,33.6789123]},"properties":{"name":"kansai junction 33.6789:135.5456:0","vn_kv":77.0,"vm_pu":1.0,"va_deg":-36.83}},{"type":"Feature","geometry":{"type":"Point","coordinates":[135.4575025,33.6974073]},"properties":{"name":"kansai junction 33.6974:135.4575:0","vn_kv":77.0,"vm_pu":1.0,"va_deg":-36.83}},{"type":"Feature","geometry":{"type":"Point","coordinates":[135.4415456,33.592793]},"properties":{"name":"kansai junction 33.5928:135.4415:0","vn_kv":77.0,"vm_pu":1.0,"va_deg":-36.83}},{"type":"Feature","geometry":{"type":"Point","coordinates":[135.4389984,33.6044814]},"properties":{"name":"kansai junction 33.6045:135.439:0","vn_kv":77.0,"vm_pu":1.0,"va_deg":-36.83}},{"type":"Feature","geometry":{"type":"Point","coordinates":[135.5146251,33.5527575]},"properties":{"name":"kansai junction 33.5528:135.5146:0","vn_kv":77.0,"vm_pu":1.0,"va_deg":-36.83}},{"type":"Feature","geometry":{"type":"Point","coordinates":[135.500617,33.5563752]},"properties":{"name":"kansai junction 33.5564:135.5006:0","vn_kv":77.0,"vm_pu":1.0,"va_deg":-36.83}},{"type":"Feature","geometry":{"type":"Point","coordinates":[135.52283,33.5338587]},"properties":{"name":"kansai junction 33.5339:135.5228:0","vn_kv":77.0,"vm_pu":1.0,"va_deg":-36.83}},{"type":"Feature","geometry":{"type":"Point","coordinates":[135.4068591,33.7218702]},"properties":{"name":"kansai junction 33.7219:135.4069:0","vn_kv":77.0,"vm_pu":1.0,"va_deg":-36.83}},{"type":"Feature","geometry":{"type":"Point","coordinates":[135.3975066,33.6891957]},"properties":{"name":"kansai junction 33.6892:135.3975:0","vn_kv":77.0,"vm_pu":1.0,"va_deg":-37.58}},{"type":"Feature","geometry":{"type":"Point","coordinates":[135.3051426,33.7807833]},"properties":{"name":"kansai junction 33.7808:135.3051:77","vn_kv":77.0,"vm_pu":1.0,"va_deg":-34.14}},{"type":"Feature","geometry":{"type":"Point","coordinates":[135.2763324,33.7847085]},"properties":{"name":"kansai junction 33.7847:135.2763:77","vn_kv":77.0,"vm_pu":1.0,"va_deg":-34.14}},{"type":"Feature","geometry":{"type":"Point","coordinates":[135.3915894,33.9581779]},"properties":{"name":"kansai junction 33.9582:135.3916:0","vn_kv":77.0,"vm_pu":1.0,"va_deg":-22.22}},{"type":"Feature","geometry":{"type":"Point","coordinates":[135.4384665,33.9097818]},"properties":{"name":"kansai junction 33.9098:135.4385:0","vn_kv":77.0,"vm_pu":1.0,"va_deg":-22.22}},{"type":"Feature","geometry":{"type":"Point","coordinates":[135.4589983,33.883104]},"properties":{"name":"kansai junction 33.8831:135.459:0","vn_kv":77.0,"vm_pu":1.0,"va_deg":-22.22}},{"type":"Feature","geometry":{"type":"Point","coordinates":[135.3396441,34.2150131]},"properties":{"name":"kansai junction 34.215:135.3396:0","vn_kv":77.0,"vm_pu":1.0,"va_deg":-20.65}},{"type":"Feature","geometry":{"type":"Point","coordinates":[135.4699732,34.514736]},"properties":{"name":"kansai junction 34.5147:135.47:77","vn_kv":77.0,"vm_pu":1.0,"va_deg":-34.78}},{"type":"Feature","geometry":{"type":"Point","coordinates":[135.2539649,34.2441909]},"properties":{"name":"kansai junction 34.2442:135.254:77","vn_kv":77.0,"vm_pu":1.0,"va_deg":-30.19}},{"type":"Feature","geometry":{"type":"Point","coordinates":[135.5814386,34.2888206]},"properties":{"name":"kansai junction 34.2888:135.5814:0","vn_kv":77.0,"vm_pu":1.0,"va_deg":-23.84}},{"type":"Feature","geometry":{"type":"Point","coordinates":[135.5472974,34.2374932]},"properties":{"name":"kansai junction 34.2375:135.5473:0","vn_kv":500.0,"vm_pu":1.0,"va_deg":-20.14}},{"type":"Feature","geometry":{"type":"Point","coordinates":[135.5737164,34.2279676]},"properties":{"name":"kansai junction 34.228:135.5737:0","vn_kv":77.0,"vm_pu":1.0,"va_deg":-20.14}},{"type":"Feature","geometry":{"type":"Point","coordinates":[134.5008246,33.8511749]},"properties":{"name":"kansai junction 33.8512:134.5008:0","vn_kv":77.0,"vm_pu":1.0,"va_deg":-5.99}},{"type":"Feature","geometry":{"type":"Point","coordinates":[134.4912851,33.746118]},"properties":{"name":"kansai junction 33.7461:134.4913:0","vn_kv":77.0,"vm_pu":1.0,"va_deg":-0.72}},{"type":"Feature","geometry":{"type":"Point","coordinates":[135.319024,34.2521444]},"properties":{"name":"kansai junction 34.2521:135.319:77","vn_kv":77.0,"vm_pu":1.0,"va_deg":-29.1}},{"type":"Feature","geometry":{"type":"Point","coordinates":[135.5553415,34.4672971]},"properties":{"name":"kansai junction 34.4673:135.5553:0","vn_kv":77.0,"vm_pu":1.0,"va_deg":-27.49}},{"type":"Feature","geometry":{"type":"Point","coordinates":[135.5552053,34.4675168]},"properties":{"name":"kansai junction 34.4675:135.5552:0","vn_kv":77.0,"vm_pu":1.0,"va_deg":-27.49}},{"type":"Feature","geometry":{"type":"Point","coordinates":[135.1228286,34.1078843]},"properties":{"name":"kansai junction 34.1079:135.1228:77","vn_kv":77.0,"vm_pu":1.0,"va_deg":-30.95}},{"type":"Feature","geometry":{"type":"Point","coordinates":[135.1085067,33.9644831]},"properties":{"name":"kansai junction 33.9645:135.1085:77","vn_kv":77.0,"vm_pu":1.0,"va_deg":-28.52}},{"type":"Feature","geometry":{"type":"Point","coordinates":[134.6225119,34.1700631]},"properties":{"name":"kansai junction 34.1701:134.6225:66","vn_kv":66.0,"vm_pu":1.0,"va_deg":-9.18}},{"type":"Feature","geometry":{"type":"Point","coordinates":[134.5237683,34.1358539]},"properties":{"name":"kansai junction 34.1359:134.5238:66","vn_kv":66.0,"vm_pu":1.0,"va_deg":-9.23}},{"type":"Feature","geometry":{"type":"Point","coordinates":[135.2506455,34.3600353]},"properties":{"name":"kansai junction 34.36:135.2506:66","vn_kv":66.0,"vm_pu":1.0,"va_deg":-34.35}},{"type":"Feature","geometry":{"type":"Point","coordinates":[135.2639387,34.3568326]},"properties":{"name":"kansai junction 34.3568:135.2639:66","vn_kv":66.0,"vm_pu":1.0,"va_deg":-34.4}},{"type":"Feature","geometry":{"type":"Point","coordinates":[135.3732187,34.4933999]},"properties":{"name":"kansai junction 34.4934:135.3732:0","vn_kv":77.0,"vm_pu":1.0,"va_deg":-34.4}},{"type":"Feature","geometry":{"type":"Point","coordinates":[135.3777207,34.4926703]},"properties":{"name":"kansai junction 34.4927:135.3777:0","vn_kv":77.0,"vm_pu":1.0,"va_deg":-34.4}},{"type":"Feature","geometry":{"type":"Point","coordinates":[135.3997127,34.4559674]},"properties":{"name":"kansai junction 34.456:135.3997:77","vn_kv":77.0,"vm_pu":1.0,"va_deg":-34.19}},{"type":"Feature","geometry":{"type":"Point","coordinates":[135.7702893,34.4671196]},"properties":{"name":"kansai junction 34.4671:135.7703:77","vn_kv":77.0,"vm_pu":1.0,"va_deg":-31.49}},{"type":"Feature","geometry":{"type":"Point","coordinates":[135.8342849,34.5231415]},"properties":{"name":"kansai junction 34.5231:135.8343:66","vn_kv":66.0,"vm_pu":1.0,"va_deg":-37.0}},{"type":"Feature","geometry":{"type":"Point","coordinates":[135.7701657,34.599649]},"properties":{"name":"kansai junction 34.5996:135.7702:66","vn_kv":66.0,"vm_pu":1.0,"va_deg":-35.52}},{"type":"Feature","geometry":{"type":"Point","coordinates":[135.7851501,34.5949718]},"properties":{"name":"kansai junction 34.595:135.7852:77","vn_kv":77.0,"vm_pu":1.0,"va_deg":-35.16}},{"type":"Feature","geometry":{"type":"Point","coordinates":[135.7832365,34.5786894]},"properties":{"name":"kansai junction 34.5787:135.7832:77","vn_kv":77.0,"vm_pu":1.0,"va_deg":-34.92}},{"type":"Feature","geometry":{"type":"Point","coordinates":[135.7919736,34.5894346]},"properties":{"name":"kansai junction 34.5894:135.792:77","vn_kv":77.0,"vm_pu":1.0,"va_deg":-34.9}},{"type":"Feature","geometry":{"type":"Point","coordinates":[135.9255835,34.5263753]},"properties":{"name":"kansai junction 34.5264:135.9256:500","vn_kv":500.0,"vm_pu":1.0,"va_deg":-19.04}},{"type":"Feature","geometry":{"type":"Point","coordinates":[135.9071198,34.4609683]},"properties":{"name":"kansai junction 34.461:135.9071:500","vn_kv":500.0,"vm_pu":1.0,"va_deg":-19.14}},{"type":"Feature","geometry":{"type":"Point","coordinates":[136.5527926,34.5604642]},"properties":{"name":"kansai junction 34.5605:136.5528:77","vn_kv":77.0,"vm_pu":1.0,"va_deg":-26.76}},{"type":"Feature","geometry":{"type":"Point","coordinates":[136.5586837,34.5566962]},"properties":{"name":"kansai junction 34.5567:136.5587:77","vn_kv":77.0,"vm_pu":1.0,"va_deg":-26.76}},{"type":"Feature","geometry":{"type":"Point","coordinates":[136.5631203,34.568312]},"properties":{"name":"kansai junction 34.5683:136.5631:77","vn_kv":77.0,"vm_pu":1.0,"va_deg":-26.5}},{"type":"Feature","geometry":{"type":"Point","coordinates":[136.5591971,34.5653824]},"properties":{"name":"kansai junction 34.5654:136.5592:77","vn_kv":77.0,"vm_pu":1.0,"va_deg":-26.6}},{"type":"Feature","geometry":{"type":"Point","coordinates":[136.5462481,34.5580627]},"properties":{"name":"kansai junction 34.5581:136.5462:77","vn_kv":77.0,"vm_pu":1.0,"va_deg":-26.9}},{"type":"Feature","geometry":{"type":"Point","coordinates":[136.6749184,34.5194696]},"properties":{"name":"kansai junction 34.5195:136.6749:77","vn_kv":77.0,"vm_pu":1.0,"va_deg":-26.29}},{"type":"Feature","geometry":{"type":"Point","coordinates":[136.5681645,34.5367563]},"properties":{"name":"kansai junction 34.5368:136.5682:77","vn_kv":77.0,"vm_pu":1.0,"va_deg":-26.56}},{"type":"Feature","geometry":{"type":"Point","coordinates":[136.5883598,34.5233266]},"properties":{"name":"kansai junction 34.5233:136.5884:77","vn_kv":77.0,"vm_pu":1.0,"va_deg":-26.37}},{"type":"Feature","geometry":{"type":"Point","coordinates":[136.6100067,34.5085007]},"properties":{"name":"kansai junction 34.5085:136.61:77","vn_kv":77.0,"vm_pu":1.0,"va_deg":-26.35}},{"type":"Feature","geometry":{"type":"Point","coordinates":[136.6124475,34.5058906]},"properties":{"name":"kansai junction 34.5059:136.6124:77","vn_kv":77.0,"vm_pu":1.0,"va_deg":-26.35}},{"type":"Feature","geometry":{"type":"Point","coordinates":[136.6279561,34.4948118]},"properties":{"name":"kansai junction 34.4948:136.628:77","vn_kv":77.0,"vm_pu":1.0,"va_deg":-26.35}},{"type":"Feature","geometry":{"type":"Point","coordinates":[136.7569243,34.481234]},"properties":{"name":"kansai junction 34.4812:136.7569:77","vn_kv":77.0,"vm_pu":1.0,"va_deg":-26.96}},{"type":"Feature","geometry":{"type":"Point","coordinates":[136.8084358,34.4766935]},"properties":{"name":"kansai junction 34.4767:136.8084:77","vn_kv":77.0,"vm_pu":1.0,"va_deg":-26.9}},{"type":"Feature","geometry":{"type":"Point","coordinates":[136.8293293,34.4679156]},"properties":{"name":"kansai junction 34.4679:136.8293:77","vn_kv":77.0,"vm_pu":1.0,"va_deg":-26.85}},{"type":"Feature","geometry":{"type":"Point","coordinates":[136.754074,34.4863396]},"properties":{"name":"kansai junction 34.4863:136.7541:77","vn_kv":77.0,"vm_pu":1.0,"va_deg":-26.94}},{"type":"Feature","geometry":{"type":"Point","coordinates":[136.730962,34.4952273]},"properties":{"name":"kansai junction 34.4952:136.731:77","vn_kv":77.0,"vm_pu":1.0,"va_deg":-26.57}},{"type":"Feature","geometry":{"type":"Point","coordinates":[136.7444727,34.4851767]},"properties":{"name":"kansai junction 34.4852:136.7445:77","vn_kv":77.0,"vm_pu":1.0,"va_deg":-26.85}},{"type":"Feature","geometry":{"type":"Point","coordinates":[136.6917824,34.5079519]},"properties":{"name":"kansai junction 34.508:136.6918:77","vn_kv":77.0,"vm_pu":1.0,"va_deg":-25.75}},{"type":"Feature","geometry":{"type":"Point","coordinates":[136.5171889,34.5575714]},"properties":{"name":"kansai junction 34.5576:136.5172:77","vn_kv":77.0,"vm_pu":1.0,"va_deg":-27.12}},{"type":"Feature","geometry":{"type":"Point","coordinates":[136.327155,34.4260179]},"properties":{"name":"kansai junction 34.426:136.3272:77","vn_kv":77.0,"vm_pu":1.0,"va_deg":-26.97}},{"type":"Feature","geometry":{"type":"Point","coordinates":[136.3272098,34.4261463]},"properties":{"name":"kansai junction 34.4261:136.3272:77","vn_kv":77.0,"vm_pu":1.0,"va_deg":-26.97}},{"type":"Feature","geometry":{"type":"Point","coordinates":[136.170119,34.0888609]},"properties":{"name":"kansai junction 34.0889:136.1701:77","vn_kv":77.0,"vm_pu":1.0,"va_deg":-23.63}},{"type":"Feature","geometry":{"type":"Point","coordinates":[136.1962221,34.0578411]},"properties":{"name":"kansai junction 34.0578:136.1962:77","vn_kv":77.0,"vm_pu":1.0,"va_deg":-23.63}},{"type":"Feature","geometry":{"type":"Point","coordinates":[136.2036746,34.0658922]},"properties":{"name":"kansai junction 34.0659:136.2037:77","vn_kv":77.0,"vm_pu":1.0,"va_deg":-23.63}},{"type":"Feature","geometry":{"type":"Point","coordinates":[135.7697831,34.5282304]},"properties":{"name":"kansai junction 34.5282:135.7698:66","vn_kv":66.0,"vm_pu":1.0,"va_deg":-35.82}},{"type":"Feature","geometry":{"type":"Point","coordinates":[135.7715621,34.5655766]},"properties":{"name":"kansai junction 34.5656:135.7716:66","vn_kv":66.0,"vm_pu":1.0,"va_deg":-36.28}},{"type":"Feature","geometry":{"type":"Point","coordinates":[136.4516945,34.4827113]},"properties":{"name":"kansai junction 34.4827:136.4517:77","vn_kv":77.0,"vm_pu":1.0,"va_deg":-27.03}},{"type":"Feature","geometry":{"type":"Point","coordinates":[136.4520276,34.4818261]},"properties":{"name":"kansai junction 34.4818:136.452:77","vn_kv":77.0,"vm_pu":1.0,"va_deg":-27.03}},{"type":"Feature","geometry":{"type":"Point","coordinates":[136.6103865,34.4889202]},"properties":{"name":"kansai junction 34.4889:136.6104:77","vn_kv":77.0,"vm_pu":1.0,"va_deg":-26.35}},{"type":"Feature","geometry":{"type":"Point","coordinates":[136.1793597,33.974637]},"properties":{"name":"kansai junction 33.9746:136.1794:77","vn_kv":77.0,"vm_pu":1.0,"va_deg":-23.63}},{"type":"Feature","geometry":{"type":"Point","coordinates":[136.1774539,34.0671]},"properties":{"name":"kansai junction 34.0671:136.1775:154","vn_kv":154.0,"vm_pu":1.0,"va_deg":-23.63}},{"type":"Feature","geometry":{"type":"Point","coordinates":[136.1638091,34.1408942]},"properties":{"name":"kansai junction 34.1409:136.1638:66","vn_kv":66.0,"vm_pu":1.0,"va_deg":0.0}},{"type":"Feature","geometry":{"type":"Point","coordinates":[136.2186646,34.1190675]},"properties":{"name":"kansai junction 34.1191:136.2187:66","vn_kv":66.0,"vm_pu":1.0,"va_deg":0.0}},{"type":"Feature","geometry":{"type":"Point","coordinates":[136.1778152,34.0919849]},"properties":{"name":"kansai junction 34.092:136.1778:77","vn_kv":77.0,"vm_pu":1.0,"va_deg":-23.47}},{"type":"Feature","geometry":{"type":"Point","coordinates":[136.2719841,34.1584569]},"properties":{"name":"kansai junction 34.1585:136.272:154","vn_kv":154.0,"vm_pu":1.0,"va_deg":-24.04}},{"type":"Feature","geometry":{"type":"Point","coordinates":[136.4010897,34.2760733]},"properties":{"name":"kansai junction 34.2761:136.4011:154","vn_kv":154.0,"vm_pu":1.0,"va_deg":-24.84}},{"type":"Feature","geometry":{"type":"Point","coordinates":[136.4292266,34.3007699]},"properties":{"name":"kansai junction 34.3008:136.4292:154","vn_kv":154.0,"vm_pu":1.0,"va_deg":-25.01}},{"type":"Feature","geometry":{"type":"Point","coordinates":[136.4499658,34.3656517]},"properties":{"name":"kansai junction 34.3657:136.45:154","vn_kv":154.0,"vm_pu":1.0,"va_deg":-25.33}},{"type":"Feature","geometry":{"type":"Point","coordinates":[136.475952,34.4494167]},"properties":{"name":"kansai junction 34.4494:136.476:154","vn_kv":154.0,"vm_pu":1.0,"va_deg":-25.76}},{"type":"Feature","geometry":{"type":"Point","coordinates":[136.272403,34.1592412]},"properties":{"name":"kansai junction 34.1592:136.2724:77","vn_kv":77.0,"vm_pu":1.0,"va_deg":-24.04}},{"type":"Feature","geometry":{"type":"Point","coordinates":[136.2725523,34.1595205]},"properties":{"name":"kansai junction 34.1595:136.2726:77","vn_kv":77.0,"vm_pu":1.0,"va_deg":-24.04}},{"type":"Feature","geometry":{"type":"Point","coordinates":[136.3295494,34.2068494]},"properties":{"name":"kansai junction 34.2068:136.3295:77","vn_kv":77.0,"vm_pu":1.0,"va_deg":-24.04}},{"type":"Feature","geometry":{"type":"Point","coordinates":[136.2719841,34.1584569]},"properties":{"name":"kansai junction 34.1585:136.272:77","vn_kv":77.0,"vm_pu":1.0,"va_deg":-24.04}},{"type":"Feature","geometry":{"type":"Point","coordinates":[136.2757825,34.1596122]},"properties":{"name":"kansai junction 34.1596:136.2758:0","vn_kv":77.0,"vm_pu":1.0,"va_deg":-24.04}},{"type":"Feature","geometry":{"type":"Point","coordinates":[136.1805808,34.2323818]},"properties":{"name":"kansai junction 34.2324:136.1806:77","vn_kv":77.0,"vm_pu":1.0,"va_deg":-24.04}},{"type":"Feature","geometry":{"type":"Point","coordinates":[136.1909411,34.2257246]},"properties":{"name":"kansai junction 34.2257:136.1909:77","vn_kv":77.0,"vm_pu":1.0,"va_deg":-24.04}},{"type":"Feature","geometry":{"type":"Point","coordinates":[136.228961,34.219866]},"properties":{"name":"kansai junction 34.2199:136.229:77","vn_kv":77.0,"vm_pu":1.0,"va_deg":-24.04}},{"type":"Feature","geometry":{"type":"Point","coordinates":[136.1624986,34.2959229]},"properties":{"name":"kansai junction 34.2959:136.1625:77","vn_kv":77.0,"vm_pu":1.0,"va_deg":-24.04}},{"type":"Feature","geometry":{"type":"Point","coordinates":[136.228611,34.2210686]},"properties":{"name":"kansai junction 34.2211:136.2286:77","vn_kv":77.0,"vm_pu":1.0,"va_deg":-24.04}},{"type":"Feature","geometry":{"type":"Point","coordinates":[136.2730399,34.1596448]},"properties":{"name":"kansai junction 34.1596:136.273:77","vn_kv":77.0,"vm_pu":1.0,"va_deg":-24.04}},{"type":"Feature","geometry":{"type":"Point","coordinates":[136.4017353,34.2713388]},"properties":{"name":"kansai junction 34.2713:136.4017:154","vn_kv":154.0,"vm_pu":1.0,"va_deg":-24.84}},{"type":"Feature","geometry":{"type":"Point","coordinates":[136.4980592,34.2824864]},"properties":{"name":"kansai junction 34.2825:136.4981:154","vn_kv":154.0,"vm_pu":1.0,"va_deg":-25.01}},{"type":"Feature","geometry":{"type":"Point","coordinates":[136.4185896,34.3797894]},"properties":{"name":"kansai junction 34.3798:136.4186:154","vn_kv":154.0,"vm_pu":1.0,"va_deg":-25.33}},{"type":"Feature","geometry":{"type":"Point","coordinates":[136.4183771,34.3794981]},"properties":{"name":"kansai junction 34.3795:136.4184:154","vn_kv":154.0,"vm_pu":1.0,"va_deg":-25.33}},{"type":"Feature","geometry":{"type":"Point","coordinates":[136.4012483,34.3881092]},"properties":{"name":"kansai junction 34.3881:136.4012:154","vn_kv":154.0,"vm_pu":1.0,"va_deg":-25.33}},{"type":"Feature","geometry":{"type":"Point","coordinates":[136.501344,34.4389823]},"properties":{"name":"kansai junction 34.439:136.5013:154","vn_kv":154.0,"vm_pu":1.0,"va_deg":-25.76}},{"type":"Feature","geometry":{"type":"Point","coordinates":[136.5988609,34.5329925]},"properties":{"name":"kansai junction 34.533:136.5989:77","vn_kv":77.0,"vm_pu":1.0,"va_deg":-26.42}},{"type":"Feature","geometry":{"type":"Point","coordinates":[136.5823624,34.5080156]},"properties":{"name":"kansai junction 34.508:136.5824:77","vn_kv":77.0,"vm_pu":1.0,"va_deg":-26.18}},{"type":"Feature","geometry":{"type":"Point","coordinates":[136.5772093,34.5020021]},"properties":{"name":"kansai junction 34.502:136.5772:77","vn_kv":77.0,"vm_pu":1.0,"va_deg":-26.08}},{"type":"Feature","geometry":{"type":"Point","coordinates":[136.6099383,34.4653562]},"properties":{"name":"kansai junction 34.4654:136.6099:77","vn_kv":77.0,"vm_pu":1.0,"va_deg":-26.06}},{"type":"Feature","geometry":{"type":"Point","coordinates":[136.6102041,34.4702495]},"properties":{"name":"kansai junction 34.4702:136.6102:77","vn_kv":77.0,"vm_pu":1.0,"va_deg":-26.06}},{"type":"Feature","geometry":{"type":"Point","coordinates":[136.6180447,34.4738153]},"properties":{"name":"kansai junction 34.4738:136.618:77","vn_kv":77.0,"vm_pu":1.0,"va_deg":-26.05}},{"type":"Feature","geometry":{"type":"Point","coordinates":[136.5821041,34.5077853]},"properties":{"name":"kansai junction 34.5078:136.5821:77","vn_kv":77.0,"vm_pu":1.0,"va_deg":-26.18}},{"type":"Feature","geometry":{"type":"Point","coordinates":[136.6671171,34.5149916]},"properties":{"name":"kansai junction 34.515:136.6671:77","vn_kv":77.0,"vm_pu":1.0,"va_deg":-26.3}},{"type":"Feature","geometry":{"type":"Point","coordinates":[136.6684429,34.504029]},"properties":{"name":"kansai junction 34.504:136.6684:77","vn_kv":77.0,"vm_pu":1.0,"va_deg":-26.3}},{"type":"Feature","geometry":{"type":"Point","coordinates":[136.7615348,34.3440946]},"properties":{"name":"kansai junction 34.3441:136.7615:77","vn_kv":77.0,"vm_pu":1.0,"va_deg":-26.41}},{"type":"Feature","geometry":{"type":"Point","coordinates":[136.7564627,34.3092439]},"properties":{"name":"kansai junction 34.3092:136.7565:77","vn_kv":77.0,"vm_pu":1.0,"va_deg":-26.41}},{"type":"Feature","geometry":{"type":"Point","coordinates":[136.6914897,34.3518077]},"properties":{"name":"kansai junction 34.3518:136.6915:77","vn_kv":77.0,"vm_pu":1.0,"va_deg":-26.27}},{"type":"Feature","geometry":{"type":"Point","coordinates":[136.690887,34.3505684]},"properties":{"name":"kansai junction 34.3506:136.6909:77","vn_kv":77.0,"vm_pu":1.0,"va_deg":-26.27}},{"type":"Feature","geometry":{"type":"Point","coordinates":[136.6884911,34.3477163]},"properties":{"name":"kansai junction 34.3477:136.6885:77","vn_kv":77.0,"vm_pu":1.0,"va_deg":-26.27}},{"type":"Feature","geometry":{"type":"Point","coordinates":[136.6301688,34.3314691]},"properties":{"name":"kansai junction 34.3315:136.6302:77","vn_kv":77.0,"vm_pu":1.0,"va_deg":-26.27}},{"type":"Feature","geometry":{"type":"Point","coordinates":[136.6757345,34.4713192]},"properties":{"name":"kansai junction 34.4713:136.6757:77","vn_kv":77.0,"vm_pu":1.0,"va_deg":-25.94}},{"type":"Feature","geometry":{"type":"Point","coordinates":[136.668941,34.4402184]},"properties":{"name":"kansai junction 34.4402:136.6689:77","vn_kv":77.0,"vm_pu":1.0,"va_deg":-26.03}},{"type":"Feature","geometry":{"type":"Point","coordinates":[136.6571093,34.4440636]},"properties":{"name":"kansai junction 34.4441:136.6571:77","vn_kv":77.0,"vm_pu":1.0,"va_deg":-26.04}},{"type":"Feature","geometry":{"type":"Point","coordinates":[136.7222734,34.4915565]},"properties":{"name":"kansai junction 34.4916:136.7223:77","vn_kv":77.0,"vm_pu":1.0,"va_deg":-26.57}},{"type":"Feature","geometry":{"type":"Point","coordinates":[136.8371826,34.4423466]},"properties":{"name":"kansai junction 34.4423:136.8372:77","vn_kv":77.0,"vm_pu":1.0,"va_deg":-26.79}},{"type":"Feature","geometry":{"type":"Point","coordinates":[136.7988369,34.3701842]},"properties":{"name":"kansai junction 34.3702:136.7988:77","vn_kv":77.0,"vm_pu":1.0,"va_deg":-26.6}},{"type":"Feature","geometry":{"type":"Point","coordinates":[136.7987272,34.3701492]},"properties":{"name":"kansai junction 34.3701:136.7987:77","vn_kv":77.0,"vm_pu":1.0,"va_deg":-26.6}},{"type":"Feature","geometry":{"type":"Point","coordinates":[136.2246485,34.3989846]},"properties":{"name":"kansai junction 34.399:136.2246:77","vn_kv":77.0,"vm_pu":1.0,"va_deg":-26.97}},{"type":"Feature","geometry":{"type":"Point","coordinates":[136.2188968,34.4004799]},"properties":{"name":"kansai junction 34.4005:136.2189:77","vn_kv":77.0,"vm_pu":1.0,"va_deg":-26.97}},{"type":"Feature","geometry":{"type":"Point","coordinates":[136.2094676,34.3753436]},"properties":{"name":"kansai junction 34.3753:136.2095:77","vn_kv":77.0,"vm_pu":1.0,"va_deg":-26.97}},{"type":"Feature","geometry":{"type":"Point","coordinates":[136.5345317,34.5915413]},"properties":{"name":"kansai junction 34.5915:136.5345:77","vn_kv":77.0,"vm_pu":1.0,"va_deg":-26.95}},{"type":"Feature","geometry":{"type":"Point","coordinates":[136.5269254,34.5317471]},"properties":{"name":"kansai junction 34.5317:136.5269:77","vn_kv":77.0,"vm_pu":1.0,"va_deg":-26.53}},{"type":"Feature","geometry":{"type":"Point","coordinates":[136.5597302,34.5654661]},"properties":{"name":"kansai junction 34.5655:136.5597:77","vn_kv":77.0,"vm_pu":1.0,"va_deg":-26.6}},{"type":"Feature","geometry":{"type":"Point","coordinates":[136.5472962,34.5990869]},"properties":{"name":"kansai junction 34.5991:136.5473:77","vn_kv":77.0,"vm_pu":1.0,"va_deg":-26.95}},{"type":"Feature","geometry":{"type":"Point","coordinates":[136.5540378,34.6044501]},"properties":{"name":"kansai junction 34.6045:136.554:77","vn_kv":77.0,"vm_pu":1.0,"va_deg":-26.95}},{"type":"Feature","geometry":{"type":"Point","coordinates":[136.5497151,34.5970503]},"properties":{"name":"kansai junction 34.5971:136.5497:77","vn_kv":77.0,"vm_pu":1.0,"va_deg":-26.95}},{"type":"Feature","geometry":{"type":"Point","coordinates":[135.7549591,34.5275343]},"properties":{"name":"kansai junction 34.5275:135.755:66","vn_kv":66.0,"vm_pu":1.0,"va_deg":-35.18}},{"type":"Feature","geometry":{"type":"Point","coordinates":[135.7928903,34.3829513]},"properties":{"name":"kansai junction 34.383:135.7929:66","vn_kv":66.0,"vm_pu":1.0,"va_deg":-24.86}},{"type":"Feature","geometry":{"type":"Point","coordinates":[135.7651587,34.4364742]},"properties":{"name":"kansai junction 34.4365:135.7652:0","vn_kv":77.0,"vm_pu":1.0,"va_deg":-31.82}},{"type":"Feature","geometry":{"type":"Point","coordinates":[135.8459577,34.6179656]},"properties":{"name":"kansai junction 34.618:135.846:77","vn_kv":77.0,"vm_pu":1.0,"va_deg":-33.99}},{"type":"Feature","geometry":{"type":"Point","coordinates":[135.6898007,33.641908]},"properties":{"name":"kansai junction 33.6419:135.6898:0","vn_kv":77.0,"vm_pu":1.0,"va_deg":0.0}},{"type":"Feature","geometry":{"type":"Point","coordinates":[135.6898724,33.6418933]},"properties":{"name":"kansai junction 33.6419:135.6899:0","vn_kv":77.0,"vm_pu":1.0,"va_deg":0.0}},{"type":"Feature","geometry":{"type":"Point","coordinates":[135.7235506,34.3384672]},"properties":{"name":"kansai junction 34.3385:135.7236:77","vn_kv":77.0,"vm_pu":1.0,"va_deg":-31.46}},{"type":"Feature","geometry":{"type":"Point","coordinates":[135.7293194,34.3158213]},"properties":{"name":"kansai junction 34.3158:135.7293:77","vn_kv":77.0,"vm_pu":1.0,"va_deg":-31.46}},{"type":"Feature","geometry":{"type":"Point","coordinates":[135.821587,34.4025275]},"properties":{"name":"kansai junction 34.4025:135.8216:0","vn_kv":77.0,"vm_pu":1.0,"va_deg":-19.4}},{"type":"Feature","geometry":{"type":"Point","coordinates":[135.7672291,34.1307325]},"properties":{"name":"kansai junction 34.1307:135.7672:66","vn_kv":66.0,"vm_pu":1.0,"va_deg":-26.58}},{"type":"Feature","geometry":{"type":"Point","coordinates":[135.9447693,33.8816694]},"properties":{"name":"kansai junction 33.8817:135.9448:275","vn_kv":275.0,"vm_pu":1.0,"va_deg":-28.53}},{"type":"Feature","geometry":{"type":"Point","coordinates":[135.9813505,33.7136107]},"properties":{"name":"kansai junction 33.7136:135.9814:275","vn_kv":275.0,"vm_pu":1.0,"va_deg":-28.56}},{"type":"Feature","geometry":{"type":"Point","coordinates":[135.9674421,33.6784749]},"properties":{"name":"kansai junction 33.6785:135.9674:275","vn_kv":275.0,"vm_pu":1.0,"va_deg":-28.57}},{"type":"Feature","geometry":{"type":"Point","coordinates":[135.9250275,33.8708098]},"properties":{"name":"kansai junction 33.8708:135.925:0","vn_kv":77.0,"vm_pu":1.0,"va_deg":-28.48}},{"type":"Feature","geometry":{"type":"Point","coordinates":[135.9913832,33.7454256]},"properties":{"name":"kansai junction 33.7454:135.9914:275","vn_kv":275.0,"vm_pu":1.0,"va_deg":-28.61}},{"type":"Feature","geometry":{"type":"Point","coordinates":[136.0076297,33.7333288]},"properties":{"name":"kansai junction 33.7333:136.0076:275","vn_kv":275.0,"vm_pu":1.0,"va_deg":-28.61}},{"type":"Feature","geometry":{"type":"Point","coordinates":[135.7038134,34.3212658]},"properties":{"name":"kansai junction 34.3213:135.7038:77","vn_kv":77.0,"vm_pu":1.0,"va_deg":-31.46}},{"type":"Feature","geometry":{"type":"Point","coordinates":[135.7411104,34.2878009]},"properties":{"name":"kansai junction 34.2878:135.7411:77","vn_kv":77.0,"vm_pu":1.0,"va_deg":-31.46}},{"type":"Feature","geometry":{"type":"Point","coordinates":[135.7820962,33.4792098]},"properties":{"name":"kansai junction 33.4792:135.7821:0","vn_kv":77.0,"vm_pu":1.0,"va_deg":-32.13}},{"type":"Feature","geometry":{"type":"Point","coordinates":[135.8483435,33.5219946]},"properties":{"name":"kansai junction 33.522:135.8483:0","vn_kv":77.0,"vm_pu":1.0,"va_deg":-32.13}},{"type":"Feature","geometry":{"type":"Point","coordinates":[136.5533209,34.4905083]},"properties":{"name":"kansai junction 34.4905:136.5533:77","vn_kv":77.0,"vm_pu":1.0,"va_deg":-25.9}},{"type":"Feature","geometry":{"type":"Point","coordinates":[135.7692278,34.6093057]},"properties":{"name":"kansai junction 34.6093:135.7692:77","vn_kv":77.0,"vm_pu":1.0,"va_deg":-35.78}},{"type":"Feature","geometry":{"type":"Point","coordinates":[136.001687,33.9600157]},"properties":{"name":"kansai junction 33.96:136.0017:275","vn_kv":275.0,"vm_pu":1.0,"va_deg":-26.72}},{"type":"Feature","geometry":{"type":"Point","coordinates":[135.7804567,33.4837587]},"properties":{"name":"kansai junction 33.4838:135.7805:0","vn_kv":77.0,"vm_pu":1.0,"va_deg":-32.13}},{"type":"Feature","geometry":{"type":"Point","coordinates":[135.7801864,33.4843281]},"properties":{"name":"kansai junction 33.4843:135.7802:0","vn_kv":77.0,"vm_pu":1.0,"va_deg":-32.13}},{"type":"Feature","geometry":{"type":"Point","coordinates":[135.7622307,33.4914438]},"properties":{"name":"kansai junction 33.4914:135.7622:0","vn_kv":77.0,"vm_pu":1.0,"va_deg":-32.13}},{"type":"Feature","geometry":{"type":"Point","coordinates":[135.7806982,33.4842804]},"properties":{"name":"kansai junction 33.4843:135.7807:0","vn_kv":77.0,"vm_pu":1.0,"va_deg":-32.13}},{"type":"Feature","geometry":{"type":"Point","coordinates":[135.6905705,33.5871784]},"properties":{"name":"kansai junction 33.5872:135.6906:0","vn_kv":77.0,"vm_pu":1.0,"va_deg":-32.13}},{"type":"Feature","geometry":{"type":"Point","coordinates":[135.767423,34.1306276]},"properties":{"name":"kansai junction 34.1306:135.7674:66","vn_kv":66.0,"vm_pu":1.0,"va_deg":-26.58}},{"type":"Feature","geometry":{"type":"Point","coordinates":[135.6947978,34.1337085]},"properties":{"name":"kansai junction 34.1337:135.6948:66","vn_kv":66.0,"vm_pu":1.0,"va_deg":-26.58}},{"type":"Feature","geometry":{"type":"Point","coordinates":[135.9640158,34.3328748]},"properties":{"name":"kansai junction 34.3329:135.964:0","vn_kv":77.0,"vm_pu":1.0,"va_deg":-18.98}},{"type":"Feature","geometry":{"type":"Point","coordinates":[135.8033526,34.6222993]},"properties":{"name":"kansai junction 34.6223:135.8034:77","vn_kv":77.0,"vm_pu":1.0,"va_deg":-34.81}},{"type":"Feature","geometry":{"type":"Point","coordinates":[135.771287,34.4735455]},"properties":{"name":"kansai junction 34.4735:135.7713:66","vn_kv":66.0,"vm_pu":1.0,"va_deg":-36.92}},{"type":"Feature","geometry":{"type":"Point","coordinates":[135.7449484,34.4452235]},"properties":{"name":"kansai junction 34.4452:135.7449:0","vn_kv":77.0,"vm_pu":1.0,"va_deg":-31.82}},{"type":"Feature","geometry":{"type":"Point","coordinates":[135.3982052,35.4510408]},"properties":{"name":"kansai junction 35.451:135.3982:0","vn_kv":77.0,"vm_pu":1.0,"va_deg":46.05}},{"type":"Feature","geometry":{"type":"Point","coordinates":[135.3278844,34.8277832]},"properties":{"name":"kansai junction 34.8278:135.3279:275","vn_kv":275.0,"vm_pu":1.0,"va_deg":-17.66}},{"type":"Feature","geometry":{"type":"Point","coordinates":[135.3873716,34.9054454]},"properties":{"name":"kansai junction 34.9054:135.3874:275","vn_kv":275.0,"vm_pu":1.0,"va_deg":-18.36}},{"type":"Feature","geometry":{"type":"Point","coordinates":[135.5122109,34.879025]},"properties":{"name":"kansai junction 34.879:135.5122:275","vn_kv":275.0,"vm_pu":1.0,"va_deg":-19.31}},{"type":"Feature","geometry":{"type":"Point","coordinates":[135.6123734,34.6213906]},"properties":{"name":"kansai junction 34.6214:135.6124:154","vn_kv":154.0,"vm_pu":1.0,"va_deg":-28.6}},{"type":"Feature","geometry":{"type":"Point","coordinates":[135.5606238,34.8415135]},"properties":{"name":"kansai junction 34.8415:135.5606:154","vn_kv":154.0,"vm_pu":1.0,"va_deg":-25.77}},{"type":"Feature","geometry":{"type":"Point","coordinates":[135.5245365,34.8182024]},"properties":{"name":"kansai junction 34.8182:135.5245:0","vn_kv":77.0,"vm_pu":1.0,"va_deg":-26.87}},{"type":"Feature","geometry":{"type":"Point","coordinates":[135.4988008,34.7806469]},"properties":{"name":"kansai junction 34.7806:135.4988:154","vn_kv":154.0,"vm_pu":1.0,"va_deg":-26.42}},{"type":"Feature","geometry":{"type":"Point","coordinates":[135.387557,34.7333274]},"properties":{"name":"kansai junction 34.7333:135.3876:154","vn_kv":154.0,"vm_pu":1.0,"va_deg":-22.65}},{"type":"Feature","geometry":{"type":"Point","coordinates":[135.3873601,34.7473155]},"properties":{"name":"kansai junction 34.7473:135.3874:154","vn_kv":154.0,"vm_pu":1.0,"va_deg":-22.55}},{"type":"Feature","geometry":{"type":"Point","coordinates":[135.4112811,34.7621119]},"properties":{"name":"kansai junction 34.7621:135.4113:77","vn_kv":77.0,"vm_pu":1.0,"va_deg":-24.78}},{"type":"Feature","geometry":{"type":"Point","coordinates":[135.3926283,34.8279042]},"properties":{"name":"kansai junction 34.8279:135.3926:275","vn_kv":275.0,"vm_pu":1.0,"va_deg":-18.03}},{"type":"Feature","geometry":{"type":"Point","coordinates":[135.4414038,34.7694386]},"properties":{"name":"kansai junction 34.7694:135.4414:77","vn_kv":77.0,"vm_pu":1.0,"va_deg":-25.95}},{"type":"Feature","geometry":{"type":"Point","coordinates":[135.6125457,34.6513236]},"properties":{"name":"kansai junction 34.6513:135.6125:154","vn_kv":154.0,"vm_pu":1.0,"va_deg":-29.16}},{"type":"Feature","geometry":{"type":"Point","coordinates":[135.6271146,34.6136948]},"properties":{"name":"kansai junction 34.6137:135.6271:154","vn_kv":154.0,"vm_pu":1.0,"va_deg":-28.57}},{"type":"Feature","geometry":{"type":"Point","coordinates":[135.7111423,34.7141465]},"properties":{"name":"kansai junction 34.7141:135.7111:154","vn_kv":154.0,"vm_pu":1.0,"va_deg":-27.2}},{"type":"Feature","geometry":{"type":"Point","coordinates":[135.6515196,34.6995332]},"properties":{"name":"kansai junction 34.6995:135.6515:154","vn_kv":154.0,"vm_pu":1.0,"va_deg":-27.2}},{"type":"Feature","geometry":{"type":"Point","coordinates":[135.7376808,34.8140576]},"properties":{"name":"kansai junction 34.8141:135.7377:275","vn_kv":275.0,"vm_pu":1.0,"va_deg":-23.76}},{"type":"Feature","geometry":{"type":"Point","coordinates":[135.6904997,34.8521272]},"properties":{"name":"kansai junction 34.8521:135.6905:275","vn_kv":275.0,"vm_pu":1.0,"va_deg":-22.5}},{"type":"Feature","geometry":{"type":"Point","coordinates":[135.7022618,34.7330056]},"properties":{"name":"kansai junction 34.733:135.7023:154","vn_kv":154.0,"vm_pu":1.0,"va_deg":-27.36}},{"type":"Feature","geometry":{"type":"Point","coordinates":[135.6085659,34.7379084]},"properties":{"name":"kansai junction 34.7379:135.6086:154","vn_kv":154.0,"vm_pu":1.0,"va_deg":-27.99}},{"type":"Feature","geometry":{"type":"Point","coordinates":[135.201041,34.7211663]},"properties":{"name":"kansai junction 34.7212:135.201:77","vn_kv":77.0,"vm_pu":1.0,"va_deg":-15.58}},{"type":"Feature","geometry":{"type":"Point","coordinates":[135.093866,34.9605125]},"properties":{"name":"kansai junction 34.9605:135.0939:500","vn_kv":500.0,"vm_pu":1.0,"va_deg":-13.35}},{"type":"Feature","geometry":{"type":"Point","coordinates":[135.0936137,34.9626744]},"properties":{"name":"kansai junction 34.9627:135.0936:500","vn_kv":500.0,"vm_pu":1.0,"va_deg":-13.34}},{"type":"Feature","geometry":{"type":"Point","coordinates":[135.1452147,34.6983462]},"properties":{"name":"kansai junction 34.6983:135.1452:77","vn_kv":77.0,"vm_pu":1.0,"va_deg":-18.45}},{"type":"Feature","geometry":{"type":"Point","coordinates":[135.1650169,34.7073873]},"properties":{"name":"kansai junction 34.7074:135.165:77","vn_kv":77.0,"vm_pu":1.0,"va_deg":-17.67}},{"type":"Feature","geometry":{"type":"Point","coordinates":[135.119864,34.9208389]},"properties":{"name":"kansai junction 34.9208:135.1199:275","vn_kv":275.0,"vm_pu":1.0,"va_deg":-16.14}},{"type":"Feature","geometry":{"type":"Point","coordinates":[135.1550467,34.8995156]},"properties":{"name":"kansai junction 34.8995:135.155:275","vn_kv":275.0,"vm_pu":1.0,"va_deg":-16.32}},{"type":"Feature","geometry":{"type":"Point","coordinates":[135.1658212,34.813487]},"properties":{"name":"kansai junction 34.8135:135.1658:275","vn_kv":275.0,"vm_pu":1.0,"va_deg":-16.53}},{"type":"Feature","geometry":{"type":"Point","coordinates":[134.8842512,34.8301635]},"properties":{"name":"kansai junction 34.8302:134.8843:275","vn_kv":275.0,"vm_pu":1.0,"va_deg":-14.38}},{"type":"Feature","geometry":{"type":"Point","coordinates":[135.0296385,34.7150272]},"properties":{"name":"kansai junction 34.715:135.0296:0","vn_kv":77.0,"vm_pu":1.0,"va_deg":-17.56}},{"type":"Feature","geometry":{"type":"Point","coordinates":[135.0341165,34.7098736]},"properties":{"name":"kansai junction 34.7099:135.0341:0","vn_kv":77.0,"vm_pu":1.0,"va_deg":-17.41}},{"type":"Feature","geometry":{"type":"Point","coordinates":[134.9653541,34.7646193]},"properties":{"name":"kansai junction 34.7646:134.9654:275","vn_kv":275.0,"vm_pu":1.0,"va_deg":-15.46}},{"type":"Feature","geometry":{"type":"Point","coordinates":[135.0330482,34.7171822]},"properties":{"name":"kansai junction 34.7172:135.033:0","vn_kv":77.0,"vm_pu":1.0,"va_deg":-17.62}},{"type":"Feature","geometry":{"type":"Point","coordinates":[135.0188417,34.7113258]},"properties":{"name":"kansai junction 34.7113:135.0188:0","vn_kv":77.0,"vm_pu":1.0,"va_deg":-17.63}},{"type":"Feature","geometry":{"type":"Point","coordinates":[135.1474604,34.6834812]},"properties":{"name":"kansai junction 34.6835:135.1475:77","vn_kv":77.0,"vm_pu":1.0,"va_deg":-18.48}},{"type":"Feature","geometry":{"type":"Point","coordinates":[135.1448774,34.6977578]},"properties":{"name":"kansai junction 34.6978:135.1449:77","vn_kv":77.0,"vm_pu":1.0,"va_deg":-18.48}},{"type":"Feature","geometry":{"type":"Point","coordinates":[135.4086449,34.7037299]},"properties":{"name":"kansai junction 34.7037:135.4086:77","vn_kv":77.0,"vm_pu":1.0,"va_deg":-26.12}},{"type":"Feature","geometry":{"type":"Point","coordinates":[135.4053528,34.7003115]},"properties":{"name":"kansai junction 34.7003:135.4054:77","vn_kv":77.0,"vm_pu":1.0,"va_deg":-26.12}},{"type":"Feature","geometry":{"type":"Point","coordinates":[135.4086449,34.7037299]},"properties":{"name":"kansai junction 34.7037:135.4086:66","vn_kv":66.0,"vm_pu":1.0,"va_deg":-26.13}},{"type":"Feature","geometry":{"type":"Point","coordinates":[135.589578,34.6099969]},"properties":{"name":"kansai junction 34.61:135.5896:154","vn_kv":154.0,"vm_pu":1.0,"va_deg":-29.68}},{"type":"Feature","geometry":{"type":"Point","coordinates":[135.6231757,34.8671473]},"properties":{"name":"kansai junction 34.8671:135.6232:77","vn_kv":77.0,"vm_pu":1.0,"va_deg":-23.71}},{"type":"Feature","geometry":{"type":"Point","coordinates":[135.6335383,34.8425375]},"properties":{"name":"kansai junction 34.8425:135.6335:77","vn_kv":77.0,"vm_pu":1.0,"va_deg":-23.73}},{"type":"Feature","geometry":{"type":"Point","coordinates":[135.5636208,34.7656709]},"properties":{"name":"kansai junction 34.7657:135.5636:77","vn_kv":77.0,"vm_pu":1.0,"va_deg":-30.39}},{"type":"Feature","geometry":{"type":"Point","coordinates":[135.5641208,34.8729965]},"properties":{"name":"kansai junction 34.873:135.5641:0","vn_kv":77.0,"vm_pu":1.0,"va_deg":-19.85}},{"type":"Feature","geometry":{"type":"Point","coordinates":[135.6077227,34.7973833]},"properties":{"name":"kansai junction 34.7974:135.6077:77","vn_kv":77.0,"vm_pu":1.0,"va_deg":-25.01}},{"type":"Feature","geometry":{"type":"Point","coordinates":[135.6223149,34.6826822]},"properties":{"name":"kansai junction 34.6827:135.6223:77","vn_kv":77.0,"vm_pu":1.0,"va_deg":-28.66}},{"type":"Feature","geometry":{"type":"Point","coordinates":[135.5710282,34.8744527]},"properties":{"name":"kansai junction 34.8745:135.571:77","vn_kv":77.0,"vm_pu":1.0,"va_deg":-24.62}},{"type":"Feature","geometry":{"type":"Point","coordinates":[135.5718798,34.873285]},"properties":{"name":"kansai junction 34.8733:135.5719:77","vn_kv":77.0,"vm_pu":1.0,"va_deg":-24.62}},{"type":"Feature","geometry":{"type":"Point","coordinates":[135.5685225,34.8529729]},"properties":{"name":"kansai junction 34.853:135.5685:154","vn_kv":154.0,"vm_pu":1.0,"va_deg":-25.61}},{"type":"Feature","geometry":{"type":"Point","coordinates":[135.564024,34.8427499]},"properties":{"name":"kansai junction 34.8427:135.564:0","vn_kv":77.0,"vm_pu":1.0,"va_deg":-25.75}},{"type":"Feature","geometry":{"type":"Point","coordinates":[135.5755678,34.8461589]},"properties":{"name":"kansai junction 34.8462:135.5756:0","vn_kv":77.0,"vm_pu":1.0,"va_deg":-25.68}},{"type":"Feature","geometry":{"type":"Point","coordinates":[135.6503778,34.7089747]},"properties":{"name":"kansai junction 34.709:135.6504:275","vn_kv":275.0,"vm_pu":1.0,"va_deg":-25.42}},{"type":"Feature","geometry":{"type":"Point","coordinates":[135.0875089,34.7214051]},"properties":{"name":"kansai junction 34.7214:135.0875:275","vn_kv":275.0,"vm_pu":1.0,"va_deg":-16.41}},{"type":"Feature","geometry":{"type":"Point","coordinates":[135.1758371,34.7508387]},"properties":{"name":"kansai junction 34.7508:135.1758:275","vn_kv":275.0,"vm_pu":1.0,"va_deg":-16.8}},{"type":"Feature","geometry":{"type":"Point","coordinates":[134.5703619,34.816095]},"properties":{"name":"kansai junction 34.8161:134.5704:0","vn_kv":77.0,"vm_pu":1.0,"va_deg":-18.39}},{"type":"Feature","geometry":{"type":"Point","coordinates":[134.5698902,34.8175582]},"properties":{"name":"kansai junction 34.8176:134.5699:0","vn_kv":77.0,"vm_pu":1.0,"va_deg":-18.39}},{"type":"Feature","geometry":{"type":"Point","coordinates":[135.6350682,34.6735158]},"properties":{"name":"kansai junction 34.6735:135.6351:77","vn_kv":77.0,"vm_pu":1.0,"va_deg":-28.6}},{"type":"Feature","geometry":{"type":"Point","coordinates":[135.632617,34.6672517]},"properties":{"name":"kansai junction 34.6673:135.6326:154","vn_kv":154.0,"vm_pu":1.0,"va_deg":-27.79}},{"type":"Feature","geometry":{"type":"Point","coordinates":[135.6508848,34.6987797]},"properties":{"name":"kansai junction 34.6988:135.6509:154","vn_kv":275.0,"vm_pu":1.0,"va_deg":-25.81}},{"type":"Feature","geometry":{"type":"Point","coordinates":[135.6289194,34.8719715]},"properties":{"name":"kansai junction 34.872:135.6289:77","vn_kv":77.0,"vm_pu":1.0,"va_deg":-23.75}},{"type":"Feature","geometry":{"type":"Point","coordinates":[135.6924662,34.9581103]},"properties":{"name":"kansai junction 34.9581:135.6925:77","vn_kv":77.0,"vm_pu":1.0,"va_deg":-28.52}},{"type":"Feature","geometry":{"type":"Point","coordinates":[134.5657117,34.9732051]},"properties":{"name":"kansai junction 34.9732:134.5657:500","vn_kv":500.0,"vm_pu":1.0,"va_deg":-11.38}},{"type":"Feature","geometry":{"type":"Point","coordinates":[134.3733063,34.9501305]},"properties":{"name":"kansai junction 34.9501:134.3733:500","vn_kv":500.0,"vm_pu":1.0,"va_deg":-11.21}},{"type":"Feature","geometry":{"type":"Point","coordinates":[134.4276791,34.8594702]},"properties":{"name":"kansai junction 34.8595:134.4277:275","vn_kv":275.0,"vm_pu":1.0,"va_deg":-13.71}},{"type":"Feature","geometry":{"type":"Point","coordinates":[134.6001931,34.8036596]},"properties":{"name":"kansai junction 34.8037:134.6002:77","vn_kv":77.0,"vm_pu":1.0,"va_deg":-17.91}},{"type":"Feature","geometry":{"type":"Point","coordinates":[134.5937409,34.7937177]},"properties":{"name":"kansai junction 34.7937:134.5937:77","vn_kv":77.0,"vm_pu":1.0,"va_deg":-17.96}},{"type":"Feature","geometry":{"type":"Point","coordinates":[134.6659493,34.8302724]},"properties":{"name":"kansai junction 34.8303:134.6659:77","vn_kv":77.0,"vm_pu":1.0,"va_deg":-17.27}},{"type":"Feature","geometry":{"type":"Point","coordinates":[134.6019948,34.797571]},"properties":{"name":"kansai junction 34.7976:134.602:77","vn_kv":77.0,"vm_pu":1.0,"va_deg":-17.92}},{"type":"Feature","geometry":{"type":"Point","coordinates":[134.6016124,34.8020141]},"properties":{"name":"kansai junction 34.802:134.6016:77","vn_kv":77.0,"vm_pu":1.0,"va_deg":-17.92}},{"type":"Feature","geometry":{"type":"Point","coordinates":[134.5032259,34.8291048]},"properties":{"name":"kansai junction 34.8291:134.5032:77","vn_kv":77.0,"vm_pu":1.0,"va_deg":-18.55}},{"type":"Feature","geometry":{"type":"Point","coordinates":[135.426073,34.6942631]},"properties":{"name":"kansai junction 34.6943:135.4261:77","vn_kv":77.0,"vm_pu":1.0,"va_deg":-26.43}},{"type":"Feature","geometry":{"type":"Point","coordinates":[134.7654853,34.7576391]},"properties":{"name":"kansai junction 34.7576:134.7655:275","vn_kv":275.0,"vm_pu":1.0,"va_deg":-14.57}},{"type":"Feature","geometry":{"type":"Point","coordinates":[135.3901146,34.6947382]},"properties":{"name":"kansai junction 34.6947:135.3901:77","vn_kv":77.0,"vm_pu":1.0,"va_deg":-26.04}},{"type":"Feature","geometry":{"type":"Point","coordinates":[135.4328836,34.8578706]},"properties":{"name":"kansai junction 34.8579:135.4329:77","vn_kv":77.0,"vm_pu":1.0,"va_deg":-22.89}},{"type":"Feature","geometry":{"type":"Point","coordinates":[135.4498784,34.8639708]},"properties":{"name":"kansai junction 34.864:135.4499:77","vn_kv":77.0,"vm_pu":1.0,"va_deg":-22.89}},{"type":"Feature","geometry":{"type":"Point","coordinates":[134.5711499,34.8567168]},"properties":{"name":"kansai junction 34.8567:134.5711:77","vn_kv":77.0,"vm_pu":1.0,"va_deg":-18.89}},{"type":"Feature","geometry":{"type":"Point","coordinates":[135.4661792,34.6701844]},"properties":{"name":"kansai junction 34.6702:135.4662:154","vn_kv":154.0,"vm_pu":1.0,"va_deg":-41.53}},{"type":"Feature","geometry":{"type":"Point","coordinates":[135.2538013,35.5589801]},"properties":{"name":"kansai junction 35.559:135.2538:275","vn_kv":275.0,"vm_pu":1.0,"va_deg":-11.17}},{"type":"Feature","geometry":{"type":"Point","coordinates":[135.1089396,35.354048]},"properties":{"name":"kansai junction 35.354:135.1089:500","vn_kv":500.0,"vm_pu":1.0,"va_deg":-11.94}},{"type":"Feature","geometry":{"type":"Point","coordinates":[135.4696604,35.4813158]},"properties":{"name":"kansai junction 35.4813:135.4697:500","vn_kv":500.0,"vm_pu":1.0,"va_deg":-10.46}},{"type":"Feature","geometry":{"type":"Point","coordinates":[135.1916937,35.3055472]},"properties":{"name":"kansai junction 35.3055:135.1917:77","vn_kv":77.0,"vm_pu":1.0,"va_deg":-12.75}},{"type":"Feature","geometry":{"type":"Point","coordinates":[135.25013,35.3427283]},"properties":{"name":"kansai junction 35.3427:135.2501:77","vn_kv":77.0,"vm_pu":1.0,"va_deg":-10.77}},{"type":"Feature","geometry":{"type":"Point","coordinates":[135.2143196,35.5052391]},"properties":{"name":"kansai junction 35.5052:135.2143:77","vn_kv":77.0,"vm_pu":1.0,"va_deg":-39.64}},{"type":"Feature","geometry":{"type":"Point","coordinates":[135.188048,35.3018033]},"properties":{"name":"kansai junction 35.3018:135.188:77","vn_kv":77.0,"vm_pu":1.0,"va_deg":-12.95}},{"type":"Feature","geometry":{"type":"Point","coordinates":[135.1350696,35.5686495]},"properties":{"name":"kansai junction 35.5686:135.1351:77","vn_kv":77.0,"vm_pu":1.0,"va_deg":-42.87}},{"type":"Feature","geometry":{"type":"Point","coordinates":[135.3308083,35.3892263]},"properties":{"name":"kansai junction 35.3892:135.3308:77","vn_kv":77.0,"vm_pu":1.0,"va_deg":2.24}},{"type":"Feature","geometry":{"type":"Point","coordinates":[135.344893,35.5242358]},"properties":{"name":"kansai junction 35.5242:135.3449:500","vn_kv":500.0,"vm_pu":1.0,"va_deg":-10.46}},{"type":"Feature","geometry":{"type":"Point","coordinates":[134.9596278,34.8107903]},"properties":{"name":"kansai junction 34.8108:134.9596:275","vn_kv":275.0,"vm_pu":1.0,"va_deg":-15.12}},{"type":"Feature","geometry":{"type":"Point","coordinates":[135.1293808,35.2730564]},"properties":{"name":"kansai junction 35.2731:135.1294:77","vn_kv":77.0,"vm_pu":1.0,"va_deg":-14.19}},{"type":"Feature","geometry":{"type":"Point","coordinates":[135.0827826,34.6703789]},"properties":{"name":"kansai junction 34.6704:135.0828:77","vn_kv":77.0,"vm_pu":1.0,"va_deg":-19.21}},{"type":"Feature","geometry":{"type":"Point","coordinates":[135.0827826,34.6703789]},"properties":{"name":"kansai junction 34.6704:135.0828:66","vn_kv":66.0,"vm_pu":1.0,"va_deg":-19.54}},{"type":"Feature","geometry":{"type":"Point","coordinates":[135.1208139,34.6779091]},"properties":{"name":"kansai junction 34.6779:135.1208:77","vn_kv":77.0,"vm_pu":1.0,"va_deg":-19.12}},{"type":"Feature","geometry":{"type":"Point","coordinates":[135.1246654,34.6776386]},"properties":{"name":"kansai junction 34.6776:135.1247:77","vn_kv":77.0,"vm_pu":1.0,"va_deg":-19.12}},{"type":"Feature","geometry":{"type":"Point","coordinates":[134.864433,34.821894]},"properties":{"name":"kansai junction 34.8219:134.8644:275","vn_kv":275.0,"vm_pu":1.0,"va_deg":-14.37}},{"type":"Feature","geometry":{"type":"Point","coordinates":[134.6744181,34.8536822]},"properties":{"name":"kansai junction 34.8537:134.6744:275","vn_kv":275.0,"vm_pu":1.0,"va_deg":-13.7}},{"type":"Feature","geometry":{"type":"Point","coordinates":[134.6876372,34.865735]},"properties":{"name":"kansai junction 34.8657:134.6876:275","vn_kv":275.0,"vm_pu":1.0,"va_deg":-13.69}},{"type":"Feature","geometry":{"type":"Point","coordinates":[134.7998312,34.8420958]},"properties":{"name":"kansai junction 34.8421:134.7998:275","vn_kv":275.0,"vm_pu":1.0,"va_deg":-13.81}},{"type":"Feature","geometry":{"type":"Point","coordinates":[134.7610636,34.8191841]},"properties":{"name":"kansai junction 34.8192:134.7611:275","vn_kv":275.0,"vm_pu":1.0,"va_deg":-13.46}},{"type":"Feature","geometry":{"type":"Point","coordinates":[134.6960013,34.8661953]},"properties":{"name":"kansai junction 34.8662:134.696:275","vn_kv":275.0,"vm_pu":1.0,"va_deg":-13.64}},{"type":"Feature","geometry":{"type":"Point","coordinates":[135.6146073,34.8085244]},"properties":{"name":"kansai junction 34.8085:135.6146:77","vn_kv":77.0,"vm_pu":1.0,"va_deg":-25.24}},{"type":"Feature","geometry":{"type":"Point","coordinates":[135.4592673,34.7452604]},"properties":{"name":"kansai junction 34.7453:135.4593:66","vn_kv":66.0,"vm_pu":1.0,"va_deg":-23.55}},{"type":"Feature","geometry":{"type":"Point","coordinates":[135.4205843,34.7665627]},"properties":{"name":"kansai junction 34.7666:135.4206:154","vn_kv":154.0,"vm_pu":1.0,"va_deg":-23.16}},{"type":"Feature","geometry":{"type":"Point","coordinates":[135.4397256,34.7605894]},"properties":{"name":"kansai junction 34.7606:135.4397:0","vn_kv":77.0,"vm_pu":1.0,"va_deg":-25.8}},{"type":"Feature","geometry":{"type":"Point","coordinates":[135.4181583,34.7341434]},"properties":{"name":"kansai junction 34.7341:135.4182:66","vn_kv":66.0,"vm_pu":1.0,"va_deg":-25.45}},{"type":"Feature","geometry":{"type":"Point","coordinates":[134.5748578,34.7890279]},"properties":{"name":"kansai junction 34.789:134.5749:77","vn_kv":77.0,"vm_pu":1.0,"va_deg":-18.28}},{"type":"Feature","geometry":{"type":"Point","coordinates":[134.5791902,34.7692918]},"properties":{"name":"kansai junction 34.7693:134.5792:66","vn_kv":66.0,"vm_pu":1.0,"va_deg":-18.39}},{"type":"Feature","geometry":{"type":"Point","coordinates":[135.5118606,35.1141592]},"properties":{"name":"kansai junction 35.1142:135.5119:77","vn_kv":77.0,"vm_pu":1.0,"va_deg":-15.51}},{"type":"Feature","geometry":{"type":"Point","coordinates":[135.415273,35.2485875]},"properties":{"name":"kansai junction 35.2486:135.4153:77","vn_kv":77.0,"vm_pu":1.0,"va_deg":-7.53}},{"type":"Feature","geometry":{"type":"Point","coordinates":[135.406619,35.2624154]},"properties":{"name":"kansai junction 35.2624:135.4066:77","vn_kv":77.0,"vm_pu":1.0,"va_deg":-6.57}},{"type":"Feature","geometry":{"type":"Point","coordinates":[135.2160826,35.5376685]},"properties":{"name":"kansai junction 35.5377:135.2161:0","vn_kv":77.0,"vm_pu":1.0,"va_deg":-41.38}},{"type":"Feature","geometry":{"type":"Point","coordinates":[135.3054099,35.4287083]},"properties":{"name":"kansai junction 35.4287:135.3054:0","vn_kv":77.0,"vm_pu":1.0,"va_deg":12.56}},{"type":"Feature","geometry":{"type":"Point","coordinates":[135.3018995,35.4430629]},"properties":{"name":"kansai junction 35.4431:135.3019:0","vn_kv":77.0,"vm_pu":1.0,"va_deg":12.61}},{"type":"Feature","geometry":{"type":"Point","coordinates":[134.8555329,35.4607308]},"properties":{"name":"kansai junction 35.4607:134.8555:77","vn_kv":77.0,"vm_pu":1.0,"va_deg":-53.1}},{"type":"Feature","geometry":{"type":"Point","coordinates":[134.8408834,35.5573813]},"properties":{"name":"kansai junction 35.5574:134.8409:77","vn_kv":77.0,"vm_pu":1.0,"va_deg":-55.33}},{"type":"Feature","geometry":{"type":"Point","coordinates":[134.8045252,35.5740204]},"properties":{"name":"kansai junction 35.574:134.8045:0","vn_kv":77.0,"vm_pu":1.0,"va_deg":-55.73}},{"type":"Feature","geometry":{"type":"Point","coordinates":[134.8065729,35.5723451]},"properties":{"name":"kansai junction 35.5723:134.8066:0","vn_kv":77.0,"vm_pu":1.0,"va_deg":-55.73}},{"type":"Feature","geometry":{"type":"Point","coordinates":[134.6529627,35.5937461]},"properties":{"name":"kansai junction 35.5937:134.653:77","vn_kv":77.0,"vm_pu":1.0,"va_deg":-59.94}},{"type":"Feature","geometry":{"type":"Point","coordinates":[134.6936286,34.7840118]},"properties":{"name":"kansai junction 34.784:134.6936:275","vn_kv":275.0,"vm_pu":1.0,"va_deg":-12.88}},{"type":"Feature","geometry":{"type":"Point","coordinates":[134.6974584,34.7837686]},"properties":{"name":"kansai junction 34.7838:134.6975:275","vn_kv":275.0,"vm_pu":1.0,"va_deg":-12.84}},{"type":"Feature","geometry":{"type":"Point","coordinates":[134.6932735,34.7840143]},"properties":{"name":"kansai junction 34.784:134.6933:275","vn_kv":275.0,"vm_pu":1.0,"va_deg":-12.88}},{"type":"Feature","geometry":{"type":"Point","coordinates":[134.7130004,34.8044712]},"properties":{"name":"kansai junction 34.8045:134.713:275","vn_kv":275.0,"vm_pu":1.0,"va_deg":-12.98}},{"type":"Feature","geometry":{"type":"Point","coordinates":[134.6907119,34.8096361]},"properties":{"name":"kansai junction 34.8096:134.6907:77","vn_kv":77.0,"vm_pu":1.0,"va_deg":-16.83}},{"type":"Feature","geometry":{"type":"Point","coordinates":[134.697188,34.8074191]},"properties":{"name":"kansai junction 34.8074:134.6972:77","vn_kv":77.0,"vm_pu":1.0,"va_deg":-16.82}},{"type":"Feature","geometry":{"type":"Point","coordinates":[135.159007,34.9082871]},"properties":{"name":"kansai junction 34.9083:135.159:275","vn_kv":275.0,"vm_pu":1.0,"va_deg":-16.35}},{"type":"Feature","geometry":{"type":"Point","coordinates":[135.1079931,34.9358363]},"properties":{"name":"kansai junction 34.9358:135.108:77","vn_kv":77.0,"vm_pu":1.0,"va_deg":-16.59}},{"type":"Feature","geometry":{"type":"Point","coordinates":[134.9689573,34.7868183]},"properties":{"name":"kansai junction 34.7868:134.969:77","vn_kv":77.0,"vm_pu":1.0,"va_deg":-15.84}},{"type":"Feature","geometry":{"type":"Point","coordinates":[134.8824729,34.7709994]},"properties":{"name":"kansai junction 34.771:134.8825:77","vn_kv":77.0,"vm_pu":1.0,"va_deg":-16.25}},{"type":"Feature","geometry":{"type":"Point","coordinates":[134.8853561,34.7693408]},"properties":{"name":"kansai junction 34.7693:134.8854:77","vn_kv":77.0,"vm_pu":1.0,"va_deg":-16.3}},{"type":"Feature","geometry":{"type":"Point","coordinates":[134.9658107,34.7862554]},"properties":{"name":"kansai junction 34.7863:134.9658:77","vn_kv":77.0,"vm_pu":1.0,"va_deg":-15.85}},{"type":"Feature","geometry":{"type":"Point","coordinates":[135.0445649,34.7844225]},"properties":{"name":"kansai junction 34.7844:135.0446:77","vn_kv":77.0,"vm_pu":1.0,"va_deg":-16.23}},{"type":"Feature","geometry":{"type":"Point","coordinates":[134.8211552,34.7589288]},"properties":{"name":"kansai junction 34.7589:134.8212:77","vn_kv":77.0,"vm_pu":1.0,"va_deg":-16.52}},{"type":"Feature","geometry":{"type":"Point","coordinates":[134.7902351,34.7765272]},"properties":{"name":"kansai junction 34.7765:134.7902:77","vn_kv":77.0,"vm_pu":1.0,"va_deg":-16.39}},{"type":"Feature","geometry":{"type":"Point","coordinates":[134.8588037,34.7100656]},"properties":{"name":"kansai junction 34.7101:134.8588:77","vn_kv":77.0,"vm_pu":1.0,"va_deg":-17.21}},{"type":"Feature","geometry":{"type":"Point","coordinates":[134.8767713,34.696803]},"properties":{"name":"kansai junction 34.6968:134.8768:77","vn_kv":77.0,"vm_pu":1.0,"va_deg":-17.46}},{"type":"Feature","geometry":{"type":"Point","coordinates":[135.6303238,34.8664663]},"properties":{"name":"kansai junction 34.8665:135.6303:77","vn_kv":77.0,"vm_pu":1.0,"va_deg":-23.6}},{"type":"Feature","geometry":{"type":"Point","coordinates":[135.6295646,34.8644569]},"properties":{"name":"kansai junction 34.8645:135.6296:77","vn_kv":77.0,"vm_pu":1.0,"va_deg":-23.6}},{"type":"Feature","geometry":{"type":"Point","coordinates":[134.5125966,34.838963]},"properties":{"name":"kansai junction 34.839:134.5126:77","vn_kv":77.0,"vm_pu":1.0,"va_deg":-18.66}},{"type":"Feature","geometry":{"type":"Point","coordinates":[134.5437657,34.8500014]},"properties":{"name":"kansai junction 34.85:134.5438:77","vn_kv":77.0,"vm_pu":1.0,"va_deg":-18.79}},{"type":"Feature","geometry":{"type":"Point","coordinates":[134.4702339,34.8241974]},"properties":{"name":"kansai junction 34.8242:134.4702:77","vn_kv":77.0,"vm_pu":1.0,"va_deg":-18.66}},{"type":"Feature","geometry":{"type":"Point","coordinates":[134.5140739,34.7931935]},"properties":{"name":"kansai junction 34.7932:134.5141:77","vn_kv":77.0,"vm_pu":1.0,"va_deg":-18.46}},{"type":"Feature","geometry":{"type":"Point","coordinates":[134.4277016,34.7757979]},"properties":{"name":"kansai junction 34.7758:134.4277:77","vn_kv":77.0,"vm_pu":1.0,"va_deg":-18.46}},{"type":"Feature","geometry":{"type":"Point","coordinates":[134.545941,34.8536786]},"properties":{"name":"kansai junction 34.8537:134.5459:77","vn_kv":77.0,"vm_pu":1.0,"va_deg":-18.79}},{"type":"Feature","geometry":{"type":"Point","coordinates":[134.5611691,35.0003273]},"properties":{"name":"kansai junction 35.0003:134.5612:275","vn_kv":275.0,"vm_pu":1.0,"va_deg":-12.56}},{"type":"Feature","geometry":{"type":"Point","coordinates":[135.2371814,34.8593216]},"properties":{"name":"kansai junction 34.8593:135.2372:77","vn_kv":77.0,"vm_pu":1.0,"va_deg":-17.54}},{"type":"Feature","geometry":{"type":"Point","coordinates":[135.2366338,34.8738693]},"properties":{"name":"kansai junction 34.8739:135.2366:77","vn_kv":77.0,"vm_pu":1.0,"va_deg":-17.62}},{"type":"Feature","geometry":{"type":"Point","coordinates":[135.1975382,34.8799072]},"properties":{"name":"kansai junction 34.8799:135.1975:77","vn_kv":77.0,"vm_pu":1.0,"va_deg":-17.18}},{"type":"Feature","geometry":{"type":"Point","coordinates":[135.2808917,34.7441868]},"properties":{"name":"kansai junction 34.7442:135.2809:77","vn_kv":77.0,"vm_pu":1.0,"va_deg":-14.7}},{"type":"Feature","geometry":{"type":"Point","coordinates":[134.5807524,35.3112265]},"properties":{"name":"kansai junction 35.3112:134.5808:0","vn_kv":77.0,"vm_pu":1.0,"va_deg":-11.2}},{"type":"Feature","geometry":{"type":"Point","coordinates":[134.5233727,35.2190512]},"properties":{"name":"kansai junction 35.2191:134.5234:0","vn_kv":77.0,"vm_pu":1.0,"va_deg":-11.2}},{"type":"Feature","geometry":{"type":"Point","coordinates":[134.5233558,35.2188509]},"properties":{"name":"kansai junction 35.2189:134.5234:0","vn_kv":77.0,"vm_pu":1.0,"va_deg":-11.2}},{"type":"Feature","geometry":{"type":"Point","coordinates":[134.5414821,35.1647506]},"properties":{"name":"kansai junction 35.1648:134.5415:0","vn_kv":77.0,"vm_pu":1.0,"va_deg":-11.2}},{"type":"Feature","geometry":{"type":"Point","coordinates":[134.5384479,35.1593583]},"properties":{"name":"kansai junction 35.1594:134.5384:0","vn_kv":77.0,"vm_pu":1.0,"va_deg":-11.2}},{"type":"Feature","geometry":{"type":"Point","coordinates":[134.4477625,35.1707427]},"properties":{"name":"kansai junction 35.1707:134.4478:0","vn_kv":77.0,"vm_pu":1.0,"va_deg":-11.2}},{"type":"Feature","geometry":{"type":"Point","coordinates":[134.580522,35.1142619]},"properties":{"name":"kansai junction 35.1143:134.5805:0","vn_kv":77.0,"vm_pu":1.0,"va_deg":-11.2}},{"type":"Feature","geometry":{"type":"Point","coordinates":[134.5805951,35.1141771]},"properties":{"name":"kansai junction 35.1142:134.5806:275","vn_kv":275.0,"vm_pu":1.0,"va_deg":-12.76}},{"type":"Feature","geometry":{"type":"Point","coordinates":[134.7780974,35.5568744]},"properties":{"name":"kansai junction 35.5569:134.7781:77","vn_kv":77.0,"vm_pu":1.0,"va_deg":-56.5}},{"type":"Feature","geometry":{"type":"Point","coordinates":[134.8553557,35.4597159]},"properties":{"name":"kansai junction 35.4597:134.8554:77","vn_kv":77.0,"vm_pu":1.0,"va_deg":-53.09}},{"type":"Feature","geometry":{"type":"Point","coordinates":[134.8556784,35.4569712]},"properties":{"name":"kansai junction 35.457:134.8557:77","vn_kv":77.0,"vm_pu":1.0,"va_deg":-52.99}},{"type":"Feature","geometry":{"type":"Point","coordinates":[134.7839722,35.4731239]},"properties":{"name":"kansai junction 35.4731:134.784:77","vn_kv":77.0,"vm_pu":1.0,"va_deg":-54.51}},{"type":"Feature","geometry":{"type":"Point","coordinates":[135.1706228,35.5101857]},"properties":{"name":"kansai junction 35.5102:135.1706:77","vn_kv":77.0,"vm_pu":1.0,"va_deg":-41.23}},{"type":"Feature","geometry":{"type":"Point","coordinates":[135.0907425,35.2273411]},"properties":{"name":"kansai junction 35.2273:135.0907:77","vn_kv":77.0,"vm_pu":1.0,"va_deg":-15.65}},{"type":"Feature","geometry":{"type":"Point","coordinates":[135.0525498,35.1638978]},"properties":{"name":"kansai junction 35.1639:135.0525:77","vn_kv":77.0,"vm_pu":1.0,"va_deg":-18.34}},{"type":"Feature","geometry":{"type":"Point","coordinates":[134.9910307,35.0777131]},"properties":{"name":"kansai junction 35.0777:134.991:77","vn_kv":77.0,"vm_pu":1.0,"va_deg":-20.08}},{"type":"Feature","geometry":{"type":"Point","coordinates":[135.1669266,34.7583934]},"properties":{"name":"kansai junction 34.7584:135.1669:275","vn_kv":275.0,"vm_pu":1.0,"va_deg":-17.03}},{"type":"Feature","geometry":{"type":"Point","coordinates":[135.158682,34.7593023]},"properties":{"name":"kansai junction 34.7593:135.1587:275","vn_kv":275.0,"vm_pu":1.0,"va_deg":-17.03}},{"type":"Feature","geometry":{"type":"Point","coordinates":[134.592158,35.0613386]},"properties":{"name":"kansai junction 35.0613:134.5922:0","vn_kv":77.0,"vm_pu":1.0,"va_deg":-11.7}},{"type":"Feature","geometry":{"type":"Point","coordinates":[135.165147,35.283682]},"properties":{"name":"kansai junction 35.2837:135.1651:77","vn_kv":77.0,"vm_pu":1.0,"va_deg":-13.57}},{"type":"Feature","geometry":{"type":"Point","coordinates":[134.8817521,34.7408984]},"properties":{"name":"kansai junction 34.7409:134.8818:0","vn_kv":77.0,"vm_pu":1.0,"va_deg":-16.9}},{"type":"Feature","geometry":{"type":"Point","coordinates":[134.9088029,34.7278697]},"properties":{"name":"kansai junction 34.7279:134.9088:0","vn_kv":77.0,"vm_pu":1.0,"va_deg":-17.09}},{"type":"Feature","geometry":{"type":"Point","coordinates":[134.9696884,34.7185769]},"properties":{"name":"kansai junction 34.7186:134.9697:0","vn_kv":77.0,"vm_pu":1.0,"va_deg":-17.92}},{"type":"Feature","geometry":{"type":"Point","coordinates":[134.9653888,34.7055199]},"properties":{"name":"kansai junction 34.7055:134.9654:0","vn_kv":77.0,"vm_pu":1.0,"va_deg":-17.92}},{"type":"Feature","geometry":{"type":"Point","coordinates":[134.9333981,34.7418043]},"properties":{"name":"kansai junction 34.7418:134.9334:0","vn_kv":77.0,"vm_pu":1.0,"va_deg":-17.04}},{"type":"Feature","geometry":{"type":"Point","coordinates":[134.9063748,34.7581016]},"properties":{"name":"kansai junction 34.7581:134.9064:0","vn_kv":77.0,"vm_pu":1.0,"va_deg":-16.62}},{"type":"Feature","geometry":{"type":"Point","coordinates":[134.913075,34.7552809]},"properties":{"name":"kansai junction 34.7553:134.9131:0","vn_kv":77.0,"vm_pu":1.0,"va_deg":-16.71}},{"type":"Feature","geometry":{"type":"Point","coordinates":[135.2747164,34.7417031]},"properties":{"name":"kansai junction 34.7417:135.2747:77","vn_kv":77.0,"vm_pu":1.0,"va_deg":-13.39}},{"type":"Feature","geometry":{"type":"Point","coordinates":[135.2818377,34.7420733]},"properties":{"name":"kansai junction 34.7421:135.2818:77","vn_kv":77.0,"vm_pu":1.0,"va_deg":-14.52}},{"type":"Feature","geometry":{"type":"Point","coordinates":[135.2580205,35.3076025]},"properties":{"name":"kansai junction 35.3076:135.258:77","vn_kv":77.0,"vm_pu":1.0,"va_deg":-10.77}},{"type":"Feature","geometry":{"type":"Point","coordinates":[135.6019127,35.4654501]},"properties":{"name":"kansai junction 35.4655:135.6019:0","vn_kv":77.0,"vm_pu":1.0,"va_deg":28.61}},{"type":"Feature","geometry":{"type":"Point","coordinates":[135.4139989,35.4621189]},"properties":{"name":"kansai junction 35.4621:135.414:0","vn_kv":77.0,"vm_pu":1.0,"va_deg":55.73}},{"type":"Feature","geometry":{"type":"Point","coordinates":[135.0923877,35.48499]},"properties":{"name":"kansai junction 35.485:135.0924:77","vn_kv":77.0,"vm_pu":1.0,"va_deg":-44.73}},{"type":"Feature","geometry":{"type":"Point","coordinates":[134.6858598,34.7952338]},"properties":{"name":"kansai junction 34.7952:134.6859:77","vn_kv":77.0,"vm_pu":1.0,"va_deg":-16.63}},{"type":"Feature","geometry":{"type":"Point","coordinates":[134.6477477,34.7931984]},"properties":{"name":"kansai junction 34.7932:134.6477:77","vn_kv":77.0,"vm_pu":1.0,"va_deg":-17.18}},{"type":"Feature","geometry":{"type":"Point","coordinates":[134.605772,34.7823519]},"properties":{"name":"kansai junction 34.7824:134.6058:0","vn_kv":77.0,"vm_pu":1.0,"va_deg":-17.88}},{"type":"Feature","geometry":{"type":"Point","coordinates":[134.7353411,34.8953879]},"properties":{"name":"kansai junction 34.8954:134.7353:0","vn_kv":77.0,"vm_pu":1.0,"va_deg":-13.57}},{"type":"Feature","geometry":{"type":"Point","coordinates":[134.7366728,34.8932265]},"properties":{"name":"kansai junction 34.8932:134.7367:0","vn_kv":77.0,"vm_pu":1.0,"va_deg":-13.57}},{"type":"Feature","geometry":{"type":"Point","coordinates":[134.9276984,34.9106321]},"properties":{"name":"kansai junction 34.9106:134.9277:77","vn_kv":77.0,"vm_pu":1.0,"va_deg":-18.36}},{"type":"Feature","geometry":{"type":"Point","coordinates":[134.8892382,34.8529984]},"properties":{"name":"kansai junction 34.853:134.8892:77","vn_kv":77.0,"vm_pu":1.0,"va_deg":-17.33}},{"type":"Feature","geometry":{"type":"Point","coordinates":[134.9269581,34.9158017]},"properties":{"name":"kansai junction 34.9158:134.927:77","vn_kv":77.0,"vm_pu":1.0,"va_deg":-18.54}},{"type":"Feature","geometry":{"type":"Point","coordinates":[134.9494296,34.9112799]},"properties":{"name":"kansai junction 34.9113:134.9494:77","vn_kv":77.0,"vm_pu":1.0,"va_deg":-18.89}},{"type":"Feature","geometry":{"type":"Point","coordinates":[134.959508,34.907919]},"properties":{"name":"kansai junction 34.9079:134.9595:77","vn_kv":77.0,"vm_pu":1.0,"va_deg":-18.89}},{"type":"Feature","geometry":{"type":"Point","coordinates":[134.9061481,34.9140058]},"properties":{"name":"kansai junction 34.914:134.9061:77","vn_kv":77.0,"vm_pu":1.0,"va_deg":-18.54}},{"type":"Feature","geometry":{"type":"Point","coordinates":[134.9446298,34.9412747]},"properties":{"name":"kansai junction 34.9413:134.9446:77","vn_kv":77.0,"vm_pu":1.0,"va_deg":-19.54}},{"type":"Feature","geometry":{"type":"Point","coordinates":[135.370523,34.7744299]},"properties":{"name":"kansai junction 34.7744:135.3705:0","vn_kv":77.0,"vm_pu":1.0,"va_deg":-19.81}},{"type":"Feature","geometry":{"type":"Point","coordinates":[135.370841,34.7746508]},"properties":{"name":"kansai junction 34.7747:135.3708:0","vn_kv":77.0,"vm_pu":1.0,"va_deg":-19.81}},{"type":"Feature","geometry":{"type":"Point","coordinates":[135.2748841,34.7329032]},"properties":{"name":"kansai junction 34.7329:135.2749:77","vn_kv":77.0,"vm_pu":1.0,"va_deg":-10.83}},{"type":"Feature","geometry":{"type":"Point","coordinates":[135.179742,34.711931]},"properties":{"name":"kansai junction 34.7119:135.1797:77","vn_kv":77.0,"vm_pu":1.0,"va_deg":-16.77}},{"type":"Feature","geometry":{"type":"Point","coordinates":[135.2013212,34.7210175]},"properties":{"name":"kansai junction 34.721:135.2013:77","vn_kv":77.0,"vm_pu":1.0,"va_deg":-15.58}},{"type":"Feature","geometry":{"type":"Point","coordinates":[135.2154779,34.7241193]},"properties":{"name":"kansai junction 34.7241:135.2155:77","vn_kv":77.0,"vm_pu":1.0,"va_deg":-14.99}},{"type":"Feature","geometry":{"type":"Point","coordinates":[135.2185893,34.7259402]},"properties":{"name":"kansai junction 34.7259:135.2186:77","vn_kv":77.0,"vm_pu":1.0,"va_deg":-14.88}},{"type":"Feature","geometry":{"type":"Point","coordinates":[135.1578721,34.7254618]},"properties":{"name":"kansai junction 34.7255:135.1579:77","vn_kv":77.0,"vm_pu":1.0,"va_deg":-17.73}},{"type":"Feature","geometry":{"type":"Point","coordinates":[135.1676179,34.7296778]},"properties":{"name":"kansai junction 34.7297:135.1676:0","vn_kv":77.0,"vm_pu":1.0,"va_deg":-16.92}},{"type":"Feature","geometry":{"type":"Point","coordinates":[135.0777894,35.3014516]},"properties":{"name":"kansai junction 35.3015:135.0778:77","vn_kv":77.0,"vm_pu":1.0,"va_deg":-16.36}},{"type":"Feature","geometry":{"type":"Point","coordinates":[135.1010361,35.2842792]},"properties":{"name":"kansai junction 35.2843:135.101:77","vn_kv":77.0,"vm_pu":1.0,"va_deg":-15.15}},{"type":"Feature","geometry":{"type":"Point","coordinates":[134.8775223,35.3509191]},"properties":{"name":"kansai junction 35.3509:134.8775:77","vn_kv":77.0,"vm_pu":1.0,"va_deg":-41.64}},{"type":"Feature","geometry":{"type":"Point","coordinates":[135.1110668,35.2876241]},"properties":{"name":"kansai junction 35.2876:135.1111:77","vn_kv":77.0,"vm_pu":1.0,"va_deg":-14.73}},{"type":"Feature","geometry":{"type":"Point","coordinates":[135.079447,35.2765521]},"properties":{"name":"kansai junction 35.2766:135.0794:77","vn_kv":77.0,"vm_pu":1.0,"va_deg":-15.15}},{"type":"Feature","geometry":{"type":"Point","coordinates":[134.4671396,35.6128123]},"properties":{"name":"kansai junction 35.6128:134.4671:0","vn_kv":77.0,"vm_pu":1.0,"va_deg":-63.05}},{"type":"Feature","geometry":{"type":"Point","coordinates":[135.1417064,34.9957616]},"properties":{"name":"kansai junction 34.9958:135.1417:77","vn_kv":77.0,"vm_pu":1.0,"va_deg":-15.57}},{"type":"Feature","geometry":{"type":"Point","coordinates":[135.1503982,34.995666]},"properties":{"name":"kansai junction 34.9957:135.1504:77","vn_kv":77.0,"vm_pu":1.0,"va_deg":-15.57}},{"type":"Feature","geometry":{"type":"Point","coordinates":[134.7753409,34.9326916]},"properties":{"name":"kansai junction 34.9327:134.7753:77","vn_kv":77.0,"vm_pu":1.0,"va_deg":-14.88}},{"type":"Feature","geometry":{"type":"Point","coordinates":[135.5151182,35.1123612]},"properties":{"name":"kansai junction 35.1124:135.5151:77","vn_kv":77.0,"vm_pu":1.0,"va_deg":-15.61}},{"type":"Feature","geometry":{"type":"Point","coordinates":[135.5183369,35.1155162]},"properties":{"name":"kansai junction 35.1155:135.5183:77","vn_kv":77.0,"vm_pu":1.0,"va_deg":-15.61}},{"type":"Feature","geometry":{"type":"Point","coordinates":[135.5830023,35.0468273]},"properties":{"name":"kansai junction 35.0468:135.583:77","vn_kv":77.0,"vm_pu":1.0,"va_deg":-17.83}},{"type":"Feature","geometry":{"type":"Point","coordinates":[135.6177134,35.0059995]},"properties":{"name":"kansai junction 35.006:135.6177:77","vn_kv":77.0,"vm_pu":1.0,"va_deg":-18.81}},{"type":"Feature","geometry":{"type":"Point","coordinates":[135.6420216,34.9873479]},"properties":{"name":"kansai junction 34.9873:135.642:77","vn_kv":77.0,"vm_pu":1.0,"va_deg":-19.21}},{"type":"Feature","geometry":{"type":"Point","coordinates":[135.5796696,34.7552523]},"properties":{"name":"kansai junction 34.7553:135.5797:77","vn_kv":77.0,"vm_pu":1.0,"va_deg":-30.34}},{"type":"Feature","geometry":{"type":"Point","coordinates":[134.3845475,34.8374739]},"properties":{"name":"kansai junction 34.8375:134.3845:0","vn_kv":77.0,"vm_pu":1.0,"va_deg":-21.98}},{"type":"Feature","geometry":{"type":"Point","coordinates":[135.3932523,34.7071012]},"properties":{"name":"kansai junction 34.7071:135.3933:77","vn_kv":77.0,"vm_pu":1.0,"va_deg":-26.04}},{"type":"Feature","geometry":{"type":"Point","coordinates":[135.4213006,34.7712715]},"properties":{"name":"kansai junction 34.7713:135.4213:66","vn_kv":66.0,"vm_pu":1.0,"va_deg":-26.07}},{"type":"Feature","geometry":{"type":"Point","coordinates":[135.1395383,34.9700814]},"properties":{"name":"kansai junction 34.9701:135.1395:77","vn_kv":77.0,"vm_pu":1.0,"va_deg":-14.65}},{"type":"Feature","geometry":{"type":"Point","coordinates":[134.7208357,34.93807]},"properties":{"name":"kansai junction 34.9381:134.7208:275","vn_kv":275.0,"vm_pu":1.0,"va_deg":-13.38}},{"type":"Feature","geometry":{"type":"Point","coordinates":[134.7058341,34.8946895]},"properties":{"name":"kansai junction 34.8947:134.7058:275","vn_kv":275.0,"vm_pu":1.0,"va_deg":-13.55}},{"type":"Feature","geometry":{"type":"Point","coordinates":[134.7254947,34.9387231]},"properties":{"name":"kansai junction 34.9387:134.7255:275","vn_kv":275.0,"vm_pu":1.0,"va_deg":-13.4}},{"type":"Feature","geometry":{"type":"Point","coordinates":[135.1639266,34.70998]},"properties":{"name":"kansai junction 34.71:135.1639:77","vn_kv":77.0,"vm_pu":1.0,"va_deg":-17.56}},{"type":"Feature","geometry":{"type":"Point","coordinates":[135.1987602,34.7207552]},"properties":{"name":"kansai junction 34.7208:135.1988:77","vn_kv":77.0,"vm_pu":1.0,"va_deg":-15.64}},{"type":"Feature","geometry":{"type":"Point","coordinates":[135.2010997,34.7209303]},"properties":{"name":"kansai junction 34.7209:135.2011:77","vn_kv":77.0,"vm_pu":1.0,"va_deg":-15.59}},{"type":"Feature","geometry":{"type":"Point","coordinates":[135.202536,34.7109883]},"properties":{"name":"kansai junction 34.711:135.2025:77","vn_kv":77.0,"vm_pu":1.0,"va_deg":-15.6}},{"type":"Feature","geometry":{"type":"Point","coordinates":[135.1547293,34.7423657]},"properties":{"name":"kansai junction 34.7424:135.1547:0","vn_kv":77.0,"vm_pu":1.0,"va_deg":-16.88}},{"type":"Feature","geometry":{"type":"Point","coordinates":[135.125831,34.7327079]},"properties":{"name":"kansai junction 34.7327:135.1258:77","vn_kv":77.0,"vm_pu":1.0,"va_deg":-18.08}},{"type":"Feature","geometry":{"type":"Point","coordinates":[135.0864645,34.7160995]},"properties":{"name":"kansai junction 34.7161:135.0865:77","vn_kv":77.0,"vm_pu":1.0,"va_deg":-18.36}},{"type":"Feature","geometry":{"type":"Point","coordinates":[135.5373382,34.7481152]},"properties":{"name":"kansai junction 34.7481:135.5373:77","vn_kv":77.0,"vm_pu":1.0,"va_deg":-30.54}},{"type":"Feature","geometry":{"type":"Point","coordinates":[135.2222653,34.7219302]},"properties":{"name":"kansai junction 34.7219:135.2223:77","vn_kv":77.0,"vm_pu":1.0,"va_deg":-14.88}},{"type":"Feature","geometry":{"type":"Point","coordinates":[135.2221473,34.7219015]},"properties":{"name":"kansai junction 34.7219:135.2221:77","vn_kv":77.0,"vm_pu":1.0,"va_deg":-14.88}},{"type":"Feature","geometry":{"type":"Point","coordinates":[135.2223442,34.7218264]},"properties":{"name":"kansai junction 34.7218:135.2223:77","vn_kv":77.0,"vm_pu":1.0,"va_deg":-14.88}},{"type":"Feature","geometry":{"type":"Point","coordinates":[135.2221293,34.7217621]},"properties":{"name":"kansai junction 34.7218:135.2221:77","vn_kv":77.0,"vm_pu":1.0,"va_deg":-14.88}},{"type":"Feature","geometry":{"type":"Point","coordinates":[135.2019757,34.7118436]},"properties":{"name":"kansai junction 34.7118:135.202:77","vn_kv":77.0,"vm_pu":1.0,"va_deg":-15.6}},{"type":"Feature","geometry":{"type":"Point","coordinates":[135.2028487,34.7107775]},"properties":{"name":"kansai junction 34.7108:135.2028:77","vn_kv":77.0,"vm_pu":1.0,"va_deg":-15.6}},{"type":"Feature","geometry":{"type":"Point","coordinates":[134.8736778,35.4049953]},"properties":{"name":"kansai junction 35.405:134.8737:77","vn_kv":77.0,"vm_pu":1.0,"va_deg":-46.34}},{"type":"Feature","geometry":{"type":"Point","coordinates":[134.8119522,35.3912043]},"properties":{"name":"kansai junction 35.3912:134.812:77","vn_kv":77.0,"vm_pu":1.0,"va_deg":-45.28}},{"type":"Feature","geometry":{"type":"Point","coordinates":[134.8321581,35.2844105]},"properties":{"name":"kansai junction 35.2844:134.8322:77","vn_kv":77.0,"vm_pu":1.0,"va_deg":-41.39}},{"type":"Feature","geometry":{"type":"Point","coordinates":[134.8571616,35.2379607]},"properties":{"name":"kansai junction 35.238:134.8572:77","vn_kv":77.0,"vm_pu":1.0,"va_deg":-41.39}},{"type":"Feature","geometry":{"type":"Point","coordinates":[134.8564072,35.2370022]},"properties":{"name":"kansai junction 35.237:134.8564:500","vn_kv":500.0,"vm_pu":1.0,"va_deg":-13.35}},{"type":"Feature","geometry":{"type":"Point","coordinates":[134.855672,35.2363555]},"properties":{"name":"kansai junction 35.2364:134.8557:0","vn_kv":77.0,"vm_pu":1.0,"va_deg":-13.35}},{"type":"Feature","geometry":{"type":"Point","coordinates":[134.8567597,35.2367871]},"properties":{"name":"kansai junction 35.2368:134.8568:0","vn_kv":77.0,"vm_pu":1.0,"va_deg":-13.35}},{"type":"Feature","geometry":{"type":"Point","coordinates":[134.8376834,34.7935281]},"properties":{"name":"kansai junction 34.7935:134.8377:77","vn_kv":77.0,"vm_pu":1.0,"va_deg":-16.48}},{"type":"Feature","geometry":{"type":"Point","coordinates":[135.3394067,35.4390211]},"properties":{"name":"kansai junction 35.439:135.3394:0","vn_kv":77.0,"vm_pu":1.0,"va_deg":12.7}},{"type":"Feature","geometry":{"type":"Point","coordinates":[135.3697318,35.4726106]},"properties":{"name":"kansai junction 35.4726:135.3697:0","vn_kv":77.0,"vm_pu":1.0,"va_deg":45.92}},{"type":"Feature","geometry":{"type":"Point","coordinates":[135.4590708,35.2614208]},"properties":{"name":"kansai junction 35.2614:135.4591:77","vn_kv":77.0,"vm_pu":1.0,"va_deg":-6.57}},{"type":"Feature","geometry":{"type":"Point","coordinates":[135.6424453,34.757693]},"properties":{"name":"kansai junction 34.7577:135.6424:77","vn_kv":77.0,"vm_pu":1.0,"va_deg":-28.95}},{"type":"Feature","geometry":{"type":"Point","coordinates":[135.6307693,34.769601]},"properties":{"name":"kansai junction 34.7696:135.6308:77","vn_kv":77.0,"vm_pu":1.0,"va_deg":-29.64}},{"type":"Feature","geometry":{"type":"Point","coordinates":[135.6489975,35.5413433]},"properties":{"name":"kansai junction 35.5413:135.649:0","vn_kv":77.0,"vm_pu":1.0,"va_deg":28.61}},{"type":"Feature","geometry":{"type":"Point","coordinates":[135.6413407,34.8587964]},"properties":{"name":"kansai junction 34.8588:135.6413:77","vn_kv":77.0,"vm_pu":1.0,"va_deg":-23.55}},{"type":"Feature","geometry":{"type":"Point","coordinates":[135.6269779,34.8662365]},"properties":{"name":"kansai junction 34.8662:135.627:77","vn_kv":77.0,"vm_pu":1.0,"va_deg":-23.63}},{"type":"Feature","geometry":{"type":"Point","coordinates":[135.6331725,34.6675785]},"properties":{"name":"kansai junction 34.6676:135.6332:0","vn_kv":77.0,"vm_pu":1.0,"va_deg":-27.79}},{"type":"Feature","geometry":{"type":"Point","coordinates":[135.5888915,34.6493794]},"properties":{"name":"kansai junction 34.6494:135.5889:77","vn_kv":77.0,"vm_pu":1.0,"va_deg":-31.61}},{"type":"Feature","geometry":{"type":"Point","coordinates":[134.8556685,34.7280447]},"properties":{"name":"kansai junction 34.728:134.8557:77","vn_kv":77.0,"vm_pu":1.0,"va_deg":-17.09}},{"type":"Feature","geometry":{"type":"Point","coordinates":[134.8525873,34.7296727]},"properties":{"name":"kansai junction 34.7297:134.8526:66","vn_kv":66.0,"vm_pu":1.0,"va_deg":-17.09}},{"type":"Feature","geometry":{"type":"Point","coordinates":[134.9283618,34.6963517]},"properties":{"name":"kansai junction 34.6964:134.9284:0","vn_kv":77.0,"vm_pu":1.0,"va_deg":-17.7}},{"type":"Feature","geometry":{"type":"Point","coordinates":[134.9278774,34.6920998]},"properties":{"name":"kansai junction 34.6921:134.9279:0","vn_kv":77.0,"vm_pu":1.0,"va_deg":-17.7}},{"type":"Feature","geometry":{"type":"Point","coordinates":[134.9389158,34.6908741]},"properties":{"name":"kansai junction 34.6909:134.9389:0","vn_kv":77.0,"vm_pu":1.0,"va_deg":-17.92}},{"type":"Feature","geometry":{"type":"Point","coordinates":[134.884419,34.7140292]},"properties":{"name":"kansai junction 34.714:134.8844:0","vn_kv":77.0,"vm_pu":1.0,"va_deg":-17.33}},{"type":"Feature","geometry":{"type":"Point","coordinates":[134.8703937,34.7071022]},"properties":{"name":"kansai junction 34.7071:134.8704:0","vn_kv":77.0,"vm_pu":1.0,"va_deg":-17.33}},{"type":"Feature","geometry":{"type":"Point","coordinates":[134.795723,34.7554726]},"properties":{"name":"kansai junction 34.7555:134.7957:77","vn_kv":77.0,"vm_pu":1.0,"va_deg":-16.15}},{"type":"Feature","geometry":{"type":"Point","coordinates":[134.7830533,34.7583798]},"properties":{"name":"kansai junction 34.7584:134.7831:77","vn_kv":77.0,"vm_pu":1.0,"va_deg":-15.99}},{"type":"Feature","geometry":{"type":"Point","coordinates":[134.7655077,34.7570249]},"properties":{"name":"kansai junction 34.757:134.7655:275","vn_kv":275.0,"vm_pu":1.0,"va_deg":-14.57}},{"type":"Feature","geometry":{"type":"Point","coordinates":[134.7643327,34.7575122]},"properties":{"name":"kansai junction 34.7575:134.7643:275","vn_kv":275.0,"vm_pu":1.0,"va_deg":-14.57}},{"type":"Feature","geometry":{"type":"Point","coordinates":[134.7661487,34.7568419]},"properties":{"name":"kansai junction 34.7568:134.7661:0","vn_kv":77.0,"vm_pu":1.0,"va_deg":-14.62}},{"type":"Feature","geometry":{"type":"Point","coordinates":[134.7845079,34.7447047]},"properties":{"name":"kansai junction 34.7447:134.7845:0","vn_kv":77.0,"vm_pu":1.0,"va_deg":-15.23}},{"type":"Feature","geometry":{"type":"Point","coordinates":[134.6974438,34.8019435]},"properties":{"name":"kansai junction 34.8019:134.6974:0","vn_kv":77.0,"vm_pu":1.0,"va_deg":-16.78}},{"type":"Feature","geometry":{"type":"Point","coordinates":[134.6795651,34.8027077]},"properties":{"name":"kansai junction 34.8027:134.6796:0","vn_kv":77.0,"vm_pu":1.0,"va_deg":-16.69}},{"type":"Feature","geometry":{"type":"Point","coordinates":[134.6984429,34.8186765]},"properties":{"name":"kansai junction 34.8187:134.6984:77","vn_kv":77.0,"vm_pu":1.0,"va_deg":-16.96}},{"type":"Feature","geometry":{"type":"Point","coordinates":[134.7303999,34.8907827]},"properties":{"name":"kansai junction 34.8908:134.7304:275","vn_kv":275.0,"vm_pu":1.0,"va_deg":-13.57}},{"type":"Feature","geometry":{"type":"Point","coordinates":[134.7332563,34.8871836]},"properties":{"name":"kansai junction 34.8872:134.7333:275","vn_kv":275.0,"vm_pu":1.0,"va_deg":-13.57}},{"type":"Feature","geometry":{"type":"Point","coordinates":[134.7326501,34.8895763]},"properties":{"name":"kansai junction 34.8896:134.7327:0","vn_kv":77.0,"vm_pu":1.0,"va_deg":-13.57}},{"type":"Feature","geometry":{"type":"Point","coordinates":[134.7243347,34.893384]},"properties":{"name":"kansai junction 34.8934:134.7243:66","vn_kv":66.0,"vm_pu":1.0,"va_deg":-14.1}},{"type":"Feature","geometry":{"type":"Point","coordinates":[134.7460172,35.0584424]},"properties":{"name":"kansai junction 35.0584:134.746:66","vn_kv":275.0,"vm_pu":1.0,"va_deg":-13.59}},{"type":"Feature","geometry":{"type":"Point","coordinates":[134.7417633,35.0899343]},"properties":{"name":"kansai junction 35.0899:134.7418:66","vn_kv":66.0,"vm_pu":1.0,"va_deg":-13.59}},{"type":"Feature","geometry":{"type":"Point","coordinates":[134.8825652,35.0751554]},"properties":{"name":"kansai junction 35.0752:134.8826:77","vn_kv":77.0,"vm_pu":1.0,"va_deg":-28.94}},{"type":"Feature","geometry":{"type":"Point","coordinates":[134.9216479,35.0313694]},"properties":{"name":"kansai junction 35.0314:134.9216:77","vn_kv":77.0,"vm_pu":1.0,"va_deg":-25.46}},{"type":"Feature","geometry":{"type":"Point","coordinates":[134.9483638,34.9832896]},"properties":{"name":"kansai junction 34.9833:134.9484:77","vn_kv":77.0,"vm_pu":1.0,"va_deg":-21.33}},{"type":"Feature","geometry":{"type":"Point","coordinates":[134.8598344,34.9293052]},"properties":{"name":"kansai junction 34.9293:134.8598:77","vn_kv":77.0,"vm_pu":1.0,"va_deg":-16.8}},{"type":"Feature","geometry":{"type":"Point","coordinates":[134.8596032,34.9162298]},"properties":{"name":"kansai junction 34.9162:134.8596:77","vn_kv":77.0,"vm_pu":1.0,"va_deg":-16.8}},{"type":"Feature","geometry":{"type":"Point","coordinates":[134.9578901,34.9896323]},"properties":{"name":"kansai junction 34.9896:134.9579:77","vn_kv":77.0,"vm_pu":1.0,"va_deg":-20.96}},{"type":"Feature","geometry":{"type":"Point","coordinates":[134.9683692,35.0039908]},"properties":{"name":"kansai junction 35.004:134.9684:77","vn_kv":77.0,"vm_pu":1.0,"va_deg":-20.97}},{"type":"Feature","geometry":{"type":"Point","coordinates":[135.1353658,35.21617]},"properties":{"name":"kansai junction 35.2162:135.1354:77","vn_kv":77.0,"vm_pu":1.0,"va_deg":-15.17}},{"type":"Feature","geometry":{"type":"Point","coordinates":[135.1351536,35.1922582]},"properties":{"name":"kansai junction 35.1923:135.1352:77","vn_kv":77.0,"vm_pu":1.0,"va_deg":-15.17}},{"type":"Feature","geometry":{"type":"Point","coordinates":[135.1329969,35.2257996]},"properties":{"name":"kansai junction 35.2258:135.133:77","vn_kv":77.0,"vm_pu":1.0,"va_deg":-14.93}},{"type":"Feature","geometry":{"type":"Point","coordinates":[135.1332269,35.2630353]},"properties":{"name":"kansai junction 35.263:135.1332:77","vn_kv":77.0,"vm_pu":1.0,"va_deg":-14.36}},{"type":"Feature","geometry":{"type":"Point","coordinates":[135.1225099,35.2557474]},"properties":{"name":"kansai junction 35.2557:135.1225:77","vn_kv":77.0,"vm_pu":1.0,"va_deg":-14.66}},{"type":"Feature","geometry":{"type":"Point","coordinates":[135.1587359,35.2374693]},"properties":{"name":"kansai junction 35.2375:135.1587:77","vn_kv":77.0,"vm_pu":1.0,"va_deg":-14.93}},{"type":"Feature","geometry":{"type":"Point","coordinates":[135.0387006,35.2028113]},"properties":{"name":"kansai junction 35.2028:135.0387:0","vn_kv":77.0,"vm_pu":1.0,"va_deg":-18.75}},{"type":"Feature","geometry":{"type":"Point","coordinates":[135.166099,34.6955329]},"properties":{"name":"kansai junction 34.6955:135.1661:77","vn_kv":77.0,"vm_pu":1.0,"va_deg":-17.67}},{"type":"Feature","geometry":{"type":"Point","coordinates":[134.7820692,34.781165]},"properties":{"name":"kansai junction 34.7812:134.7821:77","vn_kv":77.0,"vm_pu":1.0,"va_deg":-16.4}},{"type":"Feature","geometry":{"type":"Point","coordinates":[134.7810198,34.7810233]},"properties":{"name":"kansai junction 34.781:134.781:77","vn_kv":77.0,"vm_pu":1.0,"va_deg":-16.4}},{"type":"Feature","geometry":{"type":"Point","coordinates":[134.7363174,34.7988627]},"properties":{"name":"kansai junction 34.7989:134.7363:0","vn_kv":77.0,"vm_pu":1.0,"va_deg":-13.31}},{"type":"Feature","geometry":{"type":"Point","coordinates":[134.7362798,34.7972549]},"properties":{"name":"kansai junction 34.7973:134.7363:0","vn_kv":77.0,"vm_pu":1.0,"va_deg":-13.31}},{"type":"Feature","geometry":{"type":"Point","coordinates":[135.4428426,34.7704238]},"properties":{"name":"kansai junction 34.7704:135.4428:66","vn_kv":66.0,"vm_pu":1.0,"va_deg":-25.95}},{"type":"Feature","geometry":{"type":"Point","coordinates":[135.4428965,34.7696276]},"properties":{"name":"kansai junction 34.7696:135.4429:66","vn_kv":66.0,"vm_pu":1.0,"va_deg":-25.95}},{"type":"Feature","geometry":{"type":"Point","coordinates":[135.4472429,34.7692633]},"properties":{"name":"kansai junction 34.7693:135.4472:154","vn_kv":154.0,"vm_pu":1.0,"va_deg":-23.35}},{"type":"Feature","geometry":{"type":"Point","coordinates":[135.451211,34.7670416]},"properties":{"name":"kansai junction 34.767:135.4512:154","vn_kv":154.0,"vm_pu":1.0,"va_deg":-23.37}},{"type":"Feature","geometry":{"type":"Point","coordinates":[134.5428523,35.1646977]},"properties":{"name":"kansai junction 35.1647:134.5429:0","vn_kv":77.0,"vm_pu":1.0,"va_deg":-11.2}},{"type":"Feature","geometry":{"type":"Point","coordinates":[134.5851508,35.0101589]},"properties":{"name":"kansai junction 35.0102:134.5852:275","vn_kv":275.0,"vm_pu":1.0,"va_deg":-12.76}},{"type":"Feature","geometry":{"type":"Point","coordinates":[134.4250881,34.864355]},"properties":{"name":"kansai junction 34.8644:134.4251:500","vn_kv":500.0,"vm_pu":1.0,"va_deg":-11.38}},{"type":"Feature","geometry":{"type":"Point","coordinates":[134.8654054,34.7582525]},"properties":{"name":"kansai junction 34.7583:134.8654:77","vn_kv":77.0,"vm_pu":1.0,"va_deg":-16.76}},{"type":"Feature","geometry":{"type":"Point","coordinates":[134.9597541,34.6557681]},"properties":{"name":"kansai junction 34.6558:134.9598:0","vn_kv":77.0,"vm_pu":1.0,"va_deg":-19.42}},{"type":"Feature","geometry":{"type":"Point","coordinates":[134.7727364,34.7691112]},"properties":{"name":"kansai junction 34.7691:134.7727:77","vn_kv":77.0,"vm_pu":1.0,"va_deg":-16.39}},{"type":"Feature","geometry":{"type":"Point","coordinates":[134.9609108,34.8703184]},"properties":{"name":"kansai junction 34.8703:134.9609:77","vn_kv":77.0,"vm_pu":1.0,"va_deg":-18.89}},{"type":"Feature","geometry":{"type":"Point","coordinates":[134.9641376,34.8698494]},"properties":{"name":"kansai junction 34.8698:134.9641:77","vn_kv":77.0,"vm_pu":1.0,"va_deg":-18.89}},{"type":"Feature","geometry":{"type":"Point","coordinates":[134.9605961,34.8687171]},"properties":{"name":"kansai junction 34.8687:134.9606:77","vn_kv":77.0,"vm_pu":1.0,"va_deg":-18.89}},{"type":"Feature","geometry":{"type":"Point","coordinates":[134.9269005,34.8443283]},"properties":{"name":"kansai junction 34.8443:134.9269:77","vn_kv":77.0,"vm_pu":1.0,"va_deg":-17.33}},{"type":"Feature","geometry":{"type":"Point","coordinates":[135.5806596,34.7777232]},"properties":{"name":"kansai junction 34.7777:135.5807:154","vn_kv":154.0,"vm_pu":1.0,"va_deg":-23.7}},{"type":"Feature","geometry":{"type":"Point","coordinates":[135.4529207,34.6909175]},"properties":{"name":"kansai junction 34.6909:135.4529:154","vn_kv":154.0,"vm_pu":1.0,"va_deg":-28.49}},{"type":"Feature","geometry":{"type":"Point","coordinates":[135.1842624,35.5254332]},"properties":{"name":"kansai junction 35.5254:135.1843:0","vn_kv":77.0,"vm_pu":1.0,"va_deg":-41.39}},{"type":"Feature","geometry":{"type":"Point","coordinates":[135.0329187,35.68115]},"properties":{"name":"kansai junction 35.6812:135.0329:0","vn_kv":77.0,"vm_pu":1.0,"va_deg":-47.23}},{"type":"Feature","geometry":{"type":"Point","coordinates":[135.0552535,35.6760538]},"properties":{"name":"kansai junction 35.6761:135.0553:0","vn_kv":77.0,"vm_pu":1.0,"va_deg":-47.23}},{"type":"Feature","geometry":{"type":"Point","coordinates":[134.5391978,35.6643783]},"properties":{"name":"kansai junction 35.6644:134.5392:0","vn_kv":77.0,"vm_pu":1.0,"va_deg":0.0}},{"type":"Feature","geometry":{"type":"Point","coordinates":[134.5395935,35.6640274]},"properties":{"name":"kansai junction 35.664:134.5396:0","vn_kv":77.0,"vm_pu":1.0,"va_deg":0.0}},{"type":"Feature","geometry":{"type":"Point","coordinates":[135.6161647,34.7037461]},"properties":{"name":"kansai junction 34.7037:135.6162:77","vn_kv":77.0,"vm_pu":1.0,"va_deg":-28.24}},{"type":"Feature","geometry":{"type":"Point","coordinates":[134.8022058,35.3902898]},"properties":{"name":"kansai junction 35.3903:134.8022:66","vn_kv":66.0,"vm_pu":1.0,"va_deg":-45.36}},{"type":"Feature","geometry":{"type":"Point","coordinates":[134.7657076,35.4692154]},"properties":{"name":"kansai junction 35.4692:134.7657:66","vn_kv":66.0,"vm_pu":1.0,"va_deg":-54.51}},{"type":"Feature","geometry":{"type":"Point","coordinates":[134.7418045,35.4629798]},"properties":{"name":"kansai junction 35.463:134.7418:66","vn_kv":66.0,"vm_pu":1.0,"va_deg":-54.51}},{"type":"Feature","geometry":{"type":"Point","coordinates":[134.7061476,35.4789706]},"properties":{"name":"kansai junction 35.479:134.7061:66","vn_kv":66.0,"vm_pu":1.0,"va_deg":-54.51}},{"type":"Feature","geometry":{"type":"Point","coordinates":[134.8098158,35.5173277]},"properties":{"name":"kansai junction 35.5173:134.8098:77","vn_kv":77.0,"vm_pu":1.0,"va_deg":-55.22}},{"type":"Feature","geometry":{"type":"Point","coordinates":[134.58965,35.5616165]},"properties":{"name":"kansai junction 35.5616:134.5897:66","vn_kv":66.0,"vm_pu":1.0,"va_deg":-61.81}},{"type":"Feature","geometry":{"type":"Point","coordinates":[134.5898321,35.5615128]},"properties":{"name":"kansai junction 35.5615:134.5898:66","vn_kv":66.0,"vm_pu":1.0,"va_deg":-61.81}},{"type":"Feature","geometry":{"type":"Point","coordinates":[134.806024,35.5179878]},"properties":{"name":"kansai junction 35.518:134.806:77","vn_kv":77.0,"vm_pu":1.0,"va_deg":-55.29}},{"type":"Feature","geometry":{"type":"Point","coordinates":[134.780885,35.4766101]},"properties":{"name":"kansai junction 35.4766:134.7809:66","vn_kv":66.0,"vm_pu":1.0,"va_deg":-54.6}},{"type":"Feature","geometry":{"type":"Point","coordinates":[134.7417861,35.4613419]},"properties":{"name":"kansai junction 35.4613:134.7418:66","vn_kv":66.0,"vm_pu":1.0,"va_deg":-54.51}},{"type":"Feature","geometry":{"type":"Point","coordinates":[134.7694463,35.4604733]},"properties":{"name":"kansai junction 35.4605:134.7694:66","vn_kv":66.0,"vm_pu":1.0,"va_deg":-54.51}},{"type":"Feature","geometry":{"type":"Point","coordinates":[135.55191,34.671467]},"properties":{"name":"kansai junction 34.6715:135.5519:0","vn_kv":77.0,"vm_pu":1.0,"va_deg":-30.77}},{"type":"Feature","geometry":{"type":"Point","coordinates":[135.5521064,34.671447]},"properties":{"name":"kansai junction 34.6714:135.5521:0","vn_kv":77.0,"vm_pu":1.0,"va_deg":-30.77}},{"type":"Feature","geometry":{"type":"Point","coordinates":[134.9822588,35.0208852]},"properties":{"name":"kansai junction 35.0209:134.9823:77","vn_kv":77.0,"vm_pu":1.0,"va_deg":-21.11}},{"type":"Feature","geometry":{"type":"Point","coordinates":[135.4641536,34.7328377]},"properties":{"name":"kansai junction 34.7328:135.4642:0","vn_kv":77.0,"vm_pu":1.0,"va_deg":-39.74}},{"type":"Feature","geometry":{"type":"Point","coordinates":[135.4482407,34.7036958]},"properties":{"name":"kansai junction 34.7037:135.4482:0","vn_kv":77.0,"vm_pu":1.0,"va_deg":-28.51}},{"type":"Feature","geometry":{"type":"Point","coordinates":[134.6681799,35.3387328]},"properties":{"name":"kansai junction 35.3387:134.6682:66","vn_kv":66.0,"vm_pu":1.0,"va_deg":-45.86}},{"type":"Feature","geometry":{"type":"Point","coordinates":[136.809987,35.2782025]},"properties":{"name":"kansai junction 35.2782:136.81:77","vn_kv":77.0,"vm_pu":1.0,"va_deg":-27.84}},{"type":"Feature","geometry":{"type":"Point","coordinates":[135.8033395,34.6248515]},"properties":{"name":"kansai junction 34.6249:135.8033:77","vn_kv":77.0,"vm_pu":1.0,"va_deg":-34.81}},{"type":"Feature","geometry":{"type":"Point","coordinates":[135.7156453,34.6915762]},"properties":{"name":"kansai junction 34.6916:135.7156:77","vn_kv":77.0,"vm_pu":1.0,"va_deg":-30.92}},{"type":"Feature","geometry":{"type":"Point","coordinates":[135.7589697,34.7277007]},"properties":{"name":"kansai junction 34.7277:135.759:77","vn_kv":77.0,"vm_pu":1.0,"va_deg":-31.36}},{"type":"Feature","geometry":{"type":"Point","coordinates":[136.82013,35.3269101]},"properties":{"name":"kansai junction 35.3269:136.8201:154","vn_kv":154.0,"vm_pu":1.0,"va_deg":-25.46}},{"type":"Feature","geometry":{"type":"Point","coordinates":[135.7608494,34.8041313]},"properties":{"name":"kansai junction 34.8041:135.7608:154","vn_kv":154.0,"vm_pu":1.0,"va_deg":-27.45}},{"type":"Feature","geometry":{"type":"Point","coordinates":[135.7884922,34.827316]},"properties":{"name":"kansai junction 34.8273:135.7885:154","vn_kv":154.0,"vm_pu":1.0,"va_deg":-27.45}},{"type":"Feature","geometry":{"type":"Point","coordinates":[136.8698056,35.505358]},"properties":{"name":"kansai junction 35.5054:136.8698:275","vn_kv":275.0,"vm_pu":1.0,"va_deg":-24.57}},{"type":"Feature","geometry":{"type":"Point","coordinates":[135.7190386,34.6878188]},"properties":{"name":"kansai junction 34.6878:135.719:77","vn_kv":77.0,"vm_pu":1.0,"va_deg":-30.99}},{"type":"Feature","geometry":{"type":"Point","coordinates":[135.6894854,34.7459283]},"properties":{"name":"kansai junction 34.7459:135.6895:275","vn_kv":275.0,"vm_pu":1.0,"va_deg":-24.79}},{"type":"Feature","geometry":{"type":"Point","coordinates":[137.2622659,35.948642]},"properties":{"name":"kansai junction 35.9486:137.2623:154","vn_kv":154.0,"vm_pu":1.0,"va_deg":-24.91}},{"type":"Feature","geometry":{"type":"Point","coordinates":[136.8733221,35.8499171]},"properties":{"name":"kansai junction 35.8499:136.8733:275","vn_kv":275.0,"vm_pu":1.0,"va_deg":-25.08}},{"type":"Feature","geometry":{"type":"Point","coordinates":[135.8199094,34.9066246]},"properties":{"name":"kansai junction 34.9066:135.8199:154","vn_kv":154.0,"vm_pu":1.0,"va_deg":-27.69}},{"type":"Feature","geometry":{"type":"Point","coordinates":[135.8195129,34.8925594]},"properties":{"name":"kansai junction 34.8926:135.8195:154","vn_kv":154.0,"vm_pu":1.0,"va_deg":-27.43}},{"type":"Feature","geometry":{"type":"Point","coordinates":[135.8708199,34.9166355]},"properties":{"name":"kansai junction 34.9166:135.8708:154","vn_kv":154.0,"vm_pu":1.0,"va_deg":-26.84}},{"type":"Feature","geometry":{"type":"Point","coordinates":[136.4161205,35.9952429]},"properties":{"name":"kansai junction 35.9952:136.4161:500","vn_kv":500.0,"vm_pu":1.0,"va_deg":-16.9}},{"type":"Feature","geometry":{"type":"Point","coordinates":[136.0073802,35.0445639]},"properties":{"name":"kansai junction 35.0446:136.0074:0","vn_kv":154.0,"vm_pu":1.0,"va_deg":-25.95}},{"type":"Feature","geometry":{"type":"Point","coordinates":[135.8867466,34.9665494]},"properties":{"name":"kansai junction 34.9665:135.8867:154","vn_kv":154.0,"vm_pu":1.0,"va_deg":-26.54}},{"type":"Feature","geometry":{"type":"Point","coordinates":[135.8925021,34.9612382]},"properties":{"name":"kansai junction 34.9612:135.8925:154","vn_kv":154.0,"vm_pu":1.0,"va_deg":-26.5}},{"type":"Feature","geometry":{"type":"Point","coordinates":[135.9060554,34.9549795]},"properties":{"name":"kansai junction 34.955:135.9061:154","vn_kv":154.0,"vm_pu":1.0,"va_deg":-26.42}},{"type":"Feature","geometry":{"type":"Point","coordinates":[135.8840988,34.9757247]},"properties":{"name":"kansai junction 34.9757:135.8841:154","vn_kv":154.0,"vm_pu":1.0,"va_deg":-26.63}},{"type":"Feature","geometry":{"type":"Point","coordinates":[135.884683,34.9736649]},"properties":{"name":"kansai junction 34.9737:135.8847:154","vn_kv":154.0,"vm_pu":1.0,"va_deg":-26.62}},{"type":"Feature","geometry":{"type":"Point","coordinates":[135.8894699,34.9576033]},"properties":{"name":"kansai junction 34.9576:135.8895:154","vn_kv":154.0,"vm_pu":1.0,"va_deg":-26.5}},{"type":"Feature","geometry":{"type":"Point","coordinates":[135.9628707,34.9932255]},"properties":{"name":"kansai junction 34.9932:135.9629:154","vn_kv":154.0,"vm_pu":1.0,"va_deg":-26.05}},{"type":"Feature","geometry":{"type":"Point","coordinates":[135.9204796,34.9661001]},"properties":{"name":"kansai junction 34.9661:135.9205:154","vn_kv":154.0,"vm_pu":1.0,"va_deg":-26.3}},{"type":"Feature","geometry":{"type":"Point","coordinates":[135.9176866,34.9631929]},"properties":{"name":"kansai junction 34.9632:135.9177:154","vn_kv":154.0,"vm_pu":1.0,"va_deg":-26.34}},{"type":"Feature","geometry":{"type":"Point","coordinates":[135.9042156,34.9540105]},"properties":{"name":"kansai junction 34.954:135.9042:154","vn_kv":154.0,"vm_pu":1.0,"va_deg":-26.43}},{"type":"Feature","geometry":{"type":"Point","coordinates":[135.8708024,35.0016714]},"properties":{"name":"kansai junction 35.0017:135.8708:154","vn_kv":154.0,"vm_pu":1.0,"va_deg":-26.7}},{"type":"Feature","geometry":{"type":"Point","coordinates":[135.8342107,35.0097159]},"properties":{"name":"kansai junction 35.0097:135.8342:154","vn_kv":154.0,"vm_pu":1.0,"va_deg":-27.05}},{"type":"Feature","geometry":{"type":"Point","coordinates":[135.8297174,35.0077585]},"properties":{"name":"kansai junction 35.0078:135.8297:154","vn_kv":154.0,"vm_pu":1.0,"va_deg":-27.05}},{"type":"Feature","geometry":{"type":"Point","coordinates":[135.8447358,34.9135466]},"properties":{"name":"kansai junction 34.9135:135.8447:154","vn_kv":154.0,"vm_pu":1.0,"va_deg":-27.05}},{"type":"Feature","geometry":{"type":"Point","coordinates":[135.8519366,34.9027035]},"properties":{"name":"kansai junction 34.9027:135.8519:154","vn_kv":154.0,"vm_pu":1.0,"va_deg":-26.88}},{"type":"Feature","geometry":{"type":"Point","coordinates":[135.8452983,34.9785665]},"properties":{"name":"kansai junction 34.9786:135.8453:154","vn_kv":154.0,"vm_pu":1.0,"va_deg":-26.95}},{"type":"Feature","geometry":{"type":"Point","coordinates":[135.8462622,34.9838304]},"properties":{"name":"kansai junction 34.9838:135.8463:154","vn_kv":154.0,"vm_pu":1.0,"va_deg":-26.95}},{"type":"Feature","geometry":{"type":"Point","coordinates":[135.8465655,34.9889249]},"properties":{"name":"kansai junction 34.9889:135.8466:154","vn_kv":154.0,"vm_pu":1.0,"va_deg":-26.97}},{"type":"Feature","geometry":{"type":"Point","coordinates":[135.9667979,34.9651362]},"properties":{"name":"kansai junction 34.9651:135.9668:275","vn_kv":275.0,"vm_pu":1.0,"va_deg":-25.1}},{"type":"Feature","geometry":{"type":"Point","coordinates":[135.8451589,35.0338145]},"properties":{"name":"kansai junction 35.0338:135.8452:77","vn_kv":77.0,"vm_pu":1.0,"va_deg":-27.63}},{"type":"Feature","geometry":{"type":"Point","coordinates":[135.8448037,35.0324433]},"properties":{"name":"kansai junction 35.0324:135.8448:0","vn_kv":77.0,"vm_pu":1.0,"va_deg":-27.62}},{"type":"Feature","geometry":{"type":"Point","coordinates":[135.8343959,35.0048083]},"properties":{"name":"kansai junction 35.0048:135.8344:77","vn_kv":77.0,"vm_pu":1.0,"va_deg":-27.23}},{"type":"Feature","geometry":{"type":"Point","coordinates":[135.8391108,34.9846423]},"properties":{"name":"kansai junction 34.9846:135.8391:154","vn_kv":154.0,"vm_pu":1.0,"va_deg":-26.96}},{"type":"Feature","geometry":{"type":"Point","coordinates":[135.702536,34.7326933]},"properties":{"name":"kansai junction 34.7327:135.7025:154","vn_kv":154.0,"vm_pu":1.0,"va_deg":-27.36}},{"type":"Feature","geometry":{"type":"Point","coordinates":[135.9712708,34.9990887]},"properties":{"name":"kansai junction 34.9991:135.9713:154","vn_kv":154.0,"vm_pu":1.0,"va_deg":-26.0}},{"type":"Feature","geometry":{"type":"Point","coordinates":[135.9778226,35.0006369]},"properties":{"name":"kansai junction 35.0006:135.9778:154","vn_kv":154.0,"vm_pu":1.0,"va_deg":-25.99}},{"type":"Feature","geometry":{"type":"Point","coordinates":[136.9615217,35.3587016]},"properties":{"name":"kansai junction 35.3587:136.9615:154","vn_kv":154.0,"vm_pu":1.0,"va_deg":-26.4}},{"type":"Feature","geometry":{"type":"Point","coordinates":[136.8659005,35.2585878]},"properties":{"name":"kansai junction 35.2586:136.8659:154","vn_kv":154.0,"vm_pu":1.0,"va_deg":-26.23}},{"type":"Feature","geometry":{"type":"Point","coordinates":[135.7100073,34.8923596]},"properties":{"name":"kansai junction 34.8924:135.71:77","vn_kv":77.0,"vm_pu":1.0,"va_deg":-28.59}},{"type":"Feature","geometry":{"type":"Point","coordinates":[135.7123427,34.9599243]},"properties":{"name":"kansai junction 34.9599:135.7123:77","vn_kv":77.0,"vm_pu":1.0,"va_deg":-29.23}},{"type":"Feature","geometry":{"type":"Point","coordinates":[135.7094367,34.958916]},"properties":{"name":"kansai junction 34.9589:135.7094:77","vn_kv":77.0,"vm_pu":1.0,"va_deg":-29.23}},{"type":"Feature","geometry":{"type":"Point","coordinates":[136.7991818,35.3340644]},"properties":{"name":"kansai junction 35.3341:136.7992:0","vn_kv":77.0,"vm_pu":1.0,"va_deg":-26.11}},{"type":"Feature","geometry":{"type":"Point","coordinates":[136.8214389,35.3279605]},"properties":{"name":"kansai junction 35.328:136.8214:0","vn_kv":77.0,"vm_pu":1.0,"va_deg":-26.11}},{"type":"Feature","geometry":{"type":"Point","coordinates":[135.8213085,34.7273889]},"properties":{"name":"kansai junction 34.7274:135.8213:77","vn_kv":77.0,"vm_pu":1.0,"va_deg":-32.0}},{"type":"Feature","geometry":{"type":"Point","coordinates":[136.916387,36.4940242]},"properties":{"name":"kansai junction 36.494:136.9164:275","vn_kv":275.0,"vm_pu":1.0,"va_deg":-13.74}},{"type":"Feature","geometry":{"type":"Point","coordinates":[135.8166412,34.8813861]},"properties":{"name":"kansai junction 34.8814:135.8166:154","vn_kv":154.0,"vm_pu":1.0,"va_deg":-27.45}},{"type":"Feature","geometry":{"type":"Point","coordinates":[135.8171709,34.8811001]},"properties":{"name":"kansai junction 34.8811:135.8172:154","vn_kv":154.0,"vm_pu":1.0,"va_deg":-27.45}},{"type":"Feature","geometry":{"type":"Point","coordinates":[135.7539822,34.6758109]},"properties":{"name":"kansai junction 34.6758:135.754:77","vn_kv":77.0,"vm_pu":1.0,"va_deg":-30.8}},{"type":"Feature","geometry":{"type":"Point","coordinates":[135.7881243,34.6225755]},"properties":{"name":"kansai junction 34.6226:135.7881:77","vn_kv":77.0,"vm_pu":1.0,"va_deg":-34.86}},{"type":"Feature","geometry":{"type":"Point","coordinates":[135.7881461,34.62374]},"properties":{"name":"kansai junction 34.6237:135.7881:77","vn_kv":77.0,"vm_pu":1.0,"va_deg":-34.86}},{"type":"Feature","geometry":{"type":"Point","coordinates":[135.7984026,34.6695262]},"properties":{"name":"kansai junction 34.6695:135.7984:77","vn_kv":77.0,"vm_pu":1.0,"va_deg":-35.23}},{"type":"Feature","geometry":{"type":"Point","coordinates":[135.8470252,34.617886]},"properties":{"name":"kansai junction 34.6179:135.847:77","vn_kv":77.0,"vm_pu":1.0,"va_deg":-33.99}},{"type":"Feature","geometry":{"type":"Point","coordinates":[135.9019139,35.1469217]},"properties":{"name":"kansai junction 35.1469:135.9019:154","vn_kv":154.0,"vm_pu":1.0,"va_deg":-27.7}},{"type":"Feature","geometry":{"type":"Point","coordinates":[135.8287222,35.0010018]},"properties":{"name":"kansai junction 35.001:135.8287:154","vn_kv":154.0,"vm_pu":1.0,"va_deg":-26.94}},{"type":"Feature","geometry":{"type":"Point","coordinates":[136.0108427,34.7645213]},"properties":{"name":"kansai junction 34.7645:136.0108:66","vn_kv":66.0,"vm_pu":1.0,"va_deg":-32.39}},{"type":"Feature","geometry":{"type":"Point","coordinates":[135.7534301,34.9453212]},"properties":{"name":"kansai junction 34.9453:135.7534:66","vn_kv":66.0,"vm_pu":1.0,"va_deg":-30.47}},{"type":"Feature","geometry":{"type":"Point","coordinates":[135.9654302,34.9729308]},"properties":{"name":"kansai junction 34.9729:135.9654:154","vn_kv":154.0,"vm_pu":1.0,"va_deg":-25.97}},{"type":"Feature","geometry":{"type":"Point","coordinates":[135.8395515,34.9841808]},"properties":{"name":"kansai junction 34.9842:135.8396:154","vn_kv":154.0,"vm_pu":1.0,"va_deg":-26.96}},{"type":"Feature","geometry":{"type":"Point","coordinates":[135.8390593,34.984175]},"properties":{"name":"kansai junction 34.9842:135.8391:154","vn_kv":154.0,"vm_pu":1.0,"va_deg":-26.96}},{"type":"Feature","geometry":{"type":"Point","coordinates":[135.9949698,35.7303549]},"properties":{"name":"kansai junction 35.7304:135.995:275","vn_kv":275.0,"vm_pu":1.0,"va_deg":-9.83}},{"type":"Feature","geometry":{"type":"Point","coordinates":[135.828356,34.7493245]},"properties":{"name":"kansai junction 34.7493:135.8284:66","vn_kv":66.0,"vm_pu":1.0,"va_deg":-32.39}},{"type":"Feature","geometry":{"type":"Point","coordinates":[135.7122598,34.8745525]},"properties":{"name":"kansai junction 34.8746:135.7123:77","vn_kv":77.0,"vm_pu":1.0,"va_deg":-27.96}},{"type":"Feature","geometry":{"type":"Point","coordinates":[135.7092055,34.858689]},"properties":{"name":"kansai junction 34.8587:135.7092:77","vn_kv":77.0,"vm_pu":1.0,"va_deg":-27.48}},{"type":"Feature","geometry":{"type":"Point","coordinates":[135.8407844,35.5229739]},"properties":{"name":"kansai junction 35.523:135.8408:77","vn_kv":77.0,"vm_pu":1.0,"va_deg":-0.14}},{"type":"Feature","geometry":{"type":"Point","coordinates":[135.9112193,35.5189724]},"properties":{"name":"kansai junction 35.519:135.9112:77","vn_kv":77.0,"vm_pu":1.0,"va_deg":-4.57}},{"type":"Feature","geometry":{"type":"Point","coordinates":[135.841697,35.5209627]},"properties":{"name":"kansai junction 35.521:135.8417:77","vn_kv":77.0,"vm_pu":1.0,"va_deg":-0.14}},{"type":"Feature","geometry":{"type":"Point","coordinates":[135.7537036,35.4912885]},"properties":{"name":"kansai junction 35.4913:135.7537:77","vn_kv":77.0,"vm_pu":1.0,"va_deg":5.34}},{"type":"Feature","geometry":{"type":"Point","coordinates":[135.903983,35.5134974]},"properties":{"name":"kansai junction 35.5135:135.904:77","vn_kv":77.0,"vm_pu":1.0,"va_deg":-4.57}},{"type":"Feature","geometry":{"type":"Point","coordinates":[135.9642702,35.7039803]},"properties":{"name":"kansai junction 35.704:135.9643:275","vn_kv":275.0,"vm_pu":1.0,"va_deg":-9.95}},{"type":"Feature","geometry":{"type":"Point","coordinates":[135.7067037,34.8587709]},"properties":{"name":"kansai junction 34.8588:135.7067:77","vn_kv":77.0,"vm_pu":1.0,"va_deg":-27.47}},{"type":"Feature","geometry":{"type":"Point","coordinates":[135.6916384,34.8047762]},"properties":{"name":"kansai junction 34.8048:135.6916:77","vn_kv":77.0,"vm_pu":1.0,"va_deg":-26.87}},{"type":"Feature","geometry":{"type":"Point","coordinates":[135.8190751,34.9657138]},"properties":{"name":"kansai junction 34.9657:135.8191:77","vn_kv":77.0,"vm_pu":1.0,"va_deg":-31.52}},{"type":"Feature","geometry":{"type":"Point","coordinates":[135.8345612,34.9669234]},"properties":{"name":"kansai junction 34.9669:135.8346:77","vn_kv":77.0,"vm_pu":1.0,"va_deg":-31.52}},{"type":"Feature","geometry":{"type":"Point","coordinates":[135.9841206,35.0098096]},"properties":{"name":"kansai junction 35.0098:135.9841:154","vn_kv":154.0,"vm_pu":1.0,"va_deg":-25.93}},{"type":"Feature","geometry":{"type":"Point","coordinates":[135.8021442,34.8662611]},"properties":{"name":"kansai junction 34.8663:135.8021:154","vn_kv":154.0,"vm_pu":1.0,"va_deg":-27.64}},{"type":"Feature","geometry":{"type":"Point","coordinates":[135.6807816,34.8733753]},"properties":{"name":"kansai junction 34.8734:135.6808:0","vn_kv":77.0,"vm_pu":1.0,"va_deg":-27.69}},{"type":"Feature","geometry":{"type":"Point","coordinates":[135.9898059,35.0185268]},"properties":{"name":"kansai junction 35.0185:135.9898:154","vn_kv":154.0,"vm_pu":1.0,"va_deg":-25.92}},{"type":"Feature","geometry":{"type":"Point","coordinates":[135.9843903,34.9502404]},"properties":{"name":"kansai junction 34.9502:135.9844:0","vn_kv":77.0,"vm_pu":1.0,"va_deg":-25.1}},{"type":"Feature","geometry":{"type":"Point","coordinates":[136.1879985,35.7932912]},"properties":{"name":"kansai junction 35.7933:136.188:154","vn_kv":154.0,"vm_pu":1.0,"va_deg":-27.11}},{"type":"Feature","geometry":{"type":"Point","coordinates":[135.9031695,35.1487074]},"properties":{"name":"kansai junction 35.1487:135.9032:154","vn_kv":154.0,"vm_pu":1.0,"va_deg":-27.71}},{"type":"Feature","geometry":{"type":"Point","coordinates":[135.9150597,35.1213938]},"properties":{"name":"kansai junction 35.1214:135.9151:77","vn_kv":77.0,"vm_pu":1.0,"va_deg":-28.09}},{"type":"Feature","geometry":{"type":"Point","coordinates":[135.6979801,34.8269531]},"properties":{"name":"kansai junction 34.827:135.698:77","vn_kv":77.0,"vm_pu":1.0,"va_deg":-27.07}},{"type":"Feature","geometry":{"type":"Point","coordinates":[135.8507759,35.0276574]},"properties":{"name":"kansai junction 35.0277:135.8508:0","vn_kv":77.0,"vm_pu":1.0,"va_deg":-27.62}},{"type":"Feature","geometry":{"type":"Point","coordinates":[135.7525306,34.6200464]},"properties":{"name":"kansai junction 34.62:135.7525:66","vn_kv":66.0,"vm_pu":1.0,"va_deg":-35.78}},{"type":"Feature","geometry":{"type":"Point","coordinates":[135.6835858,34.8096137]},"properties":{"name":"kansai junction 34.8096:135.6836:77","vn_kv":77.0,"vm_pu":1.0,"va_deg":-26.7}},{"type":"Feature","geometry":{"type":"Point","coordinates":[135.962453,35.2429652]},"properties":{"name":"kansai junction 35.243:135.9625:77","vn_kv":77.0,"vm_pu":1.0,"va_deg":-28.48}},{"type":"Feature","geometry":{"type":"Point","coordinates":[135.7886634,35.0099154]},"properties":{"name":"kansai junction 35.0099:135.7887:154","vn_kv":154.0,"vm_pu":1.0,"va_deg":-27.46}},{"type":"Feature","geometry":{"type":"Point","coordinates":[135.7886908,35.0098635]},"properties":{"name":"kansai junction 35.0099:135.7887:77","vn_kv":77.0,"vm_pu":1.0,"va_deg":-27.6}},{"type":"Feature","geometry":{"type":"Point","coordinates":[136.8062154,35.4661523]},"properties":{"name":"kansai junction 35.4662:136.8062:0","vn_kv":77.0,"vm_pu":1.0,"va_deg":-24.56}},{"type":"Feature","geometry":{"type":"Point","coordinates":[136.9367608,35.5278311]},"properties":{"name":"kansai junction 35.5278:136.9368:500","vn_kv":500.0,"vm_pu":1.0,"va_deg":-20.33}},{"type":"Feature","geometry":{"type":"Point","coordinates":[135.8060451,34.6883247]},"properties":{"name":"kansai junction 34.6883:135.806:154","vn_kv":154.0,"vm_pu":1.0,"va_deg":-30.18}},{"type":"Feature","geometry":{"type":"Point","coordinates":[136.7388263,35.8006541]},"properties":{"name":"kansai junction 35.8007:136.7388:0","vn_kv":77.0,"vm_pu":1.0,"va_deg":-24.06}},{"type":"Feature","geometry":{"type":"Point","coordinates":[135.74292,35.0122516]},"properties":{"name":"kansai junction 35.0123:135.7429:0","vn_kv":77.0,"vm_pu":1.0,"va_deg":-28.46}},{"type":"Feature","geometry":{"type":"Point","coordinates":[135.748946,35.0118518]},"properties":{"name":"kansai junction 35.0119:135.7489:0","vn_kv":77.0,"vm_pu":1.0,"va_deg":-28.29}},{"type":"Feature","geometry":{"type":"Point","coordinates":[135.49738333333335,34.46672853333333]},"properties":{"name":"\u6802\u5909\u96fb\u6240","vn_kv":275.0,"vm_pu":1.0,"va_deg":-27.54}},{"type":"Feature","geometry":{"type":"Point","coordinates":[135.59823550000002,34.56412718]},"properties":{"name":"\u85e4\u4e95\u5bfa\u306e\u5909\u96fb\u6240","vn_kv":77.0,"vm_pu":1.0,"va_deg":-33.67}},{"type":"Feature","geometry":{"type":"Point","coordinates":[135.47162465496183,34.46786843816794]},"properties":{"name":"\u5357\u5927\u962a\u5909\u96fb\u6240 275kV","vn_kv":275.0,"vm_pu":1.0,"va_deg":-27.54}},{"type":"Feature","geometry":{"type":"Point","coordinates":[135.47162465496183,34.46786843816794]},"properties":{"name":"\u5357\u5927\u962a\u5909\u96fb\u6240 77kV","vn_kv":77.0,"vm_pu":1.0,"va_deg":-33.45}},{"type":"Feature","geometry":{"type":"Point","coordinates":[135.3566974111111,34.44520063333333]},"properties":{"name":"\u6d77\u585a\u4e8c\u4e01\u76ee\u5909\u96fb\u6240","vn_kv":77.0,"vm_pu":1.0,"va_deg":-34.65}},{"type":"Feature","geometry":{"type":"Point","coordinates":[135.38656036,34.40863102]},"properties":{"name":"\u6771\u5c71\u4e03\u4e01\u76ee\u5909\u96fb\u6240","vn_kv":77.0,"vm_pu":1.0,"va_deg":-33.91}},{"type":"Feature","geometry":{"type":"Point","coordinates":[135.46390101666665,34.57740616666667]},"properties":{"name":"\u5927\u6d5c\u5317\u753a\u4e8c\u4e01\u5909\u96fb\u6240","vn_kv":77.0,"vm_pu":1.0,"va_deg":-33.34}},{"type":"Feature","geometry":{"type":"Point","coordinates":[135.5581425,34.509745949999996]},"properties":{"name":"\u72ed\u5c71\u56db\u4e01\u76ee\u5909\u96fb\u6240","vn_kv":77.0,"vm_pu":1.0,"va_deg":-33.39}},{"type":"Feature","geometry":{"type":"Point","coordinates":[135.55713862857144,34.50538985714285]},"properties":{"name":"\u72ed\u5c71\u56db\u4e01\u76ee\u5909\u96fb\u6240_2 77kV","vn_kv":77.0,"vm_pu":1.0,"va_deg":-33.36}},{"type":"Feature","geometry":{"type":"Point","coordinates":[135.55713862857144,34.50538985714285]},"properties":{"name":"\u72ed\u5c71\u56db\u4e01\u76ee\u5909\u96fb\u6240_2 (untyped)","vn_kv":77.0,"vm_pu":1.0,"va_deg":-33.37}},{"type":"Feature","geometry":{"type":"Point","coordinates":[135.56429598333332,34.47295006666666]},"properties":{"name":"\u6728\u6238\u4e8c\u4e01\u76ee\u5909\u96fb\u6240","vn_kv":275.0,"vm_pu":1.0,"va_deg":-27.49}},{"type":"Feature","geometry":{"type":"Point","coordinates":[135.5574795357143,34.47889635714286]},"properties":{"name":"\u6edd\u8c37\u5909\u96fb\u6240","vn_kv":77.0,"vm_pu":1.0,"va_deg":-32.54}},{"type":"Feature","geometry":{"type":"Point","coordinates":[135.5717579,34.4298699]},"properties":{"name":"\u897f\u7247\u6dfb\u753a\u5909\u96fb\u6240","vn_kv":275.0,"vm_pu":1.0,"va_deg":-27.21}},{"type":"Feature","geometry":{"type":"Point","coordinates":[135.5868537813084,34.40252960560748]},"properties":{"name":"\u91d1\u525b\u5909\u96fb\u6240 500kV","vn_kv":500.0,"vm_pu":1.0,"va_deg":-20.83}},{"type":"Feature","geometry":{"type":"Point","coordinates":[135.5868537813084,34.40252960560748]},"properties":{"name":"\u91d1\u525b\u5909\u96fb\u6240 275kV","vn_kv":275.0,"vm_pu":1.0,"va_deg":-26.81}},{"type":"Feature","geometry":{"type":"Point","coordinates":[135.50354824,34.213244931111106]},"properties":{"name":"\u7d00\u5317\u5909\u63db\u6240","vn_kv":500.0,"vm_pu":1.0,"va_deg":-20.03}},{"type":"Feature","geometry":{"type":"Point","coordinates":[135.58783463333333,34.29805433333333]},"properties":{"name":"\u5357\u99ac\u5834\u5909\u96fb\u6240","vn_kv":77.0,"vm_pu":1.0,"va_deg":-23.94}},{"type":"Feature","geometry":{"type":"Point","coordinates":[135.436039675,34.565896225]},"properties":{"name":"\u897f\u533a\u5909\u96fb\u6240","vn_kv":77.0,"vm_pu":1.0,"va_deg":-32.77}},{"type":"Feature","geometry":{"type":"Point","coordinates":[135.44139517857144,34.56535185]},"properties":{"name":"\u897f\u533a\u5909\u96fb\u6240_2 77kV","vn_kv":77.0,"vm_pu":1.0,"va_deg":-32.86}},{"type":"Feature","geometry":{"type":"Point","coordinates":[135.44139517857144,34.56535185]},"properties":{"name":"\u897f\u533a\u5909\u96fb\u6240_2 (untyped)","vn_kv":77.0,"vm_pu":1.0,"va_deg":-32.82}},{"type":"Feature","geometry":{"type":"Point","coordinates":[135.624818922,34.563100138]},"properties":{"name":"\u9053\u660e\u5bfa\u5909\u96fb\u6240","vn_kv":77.0,"vm_pu":1.0,"va_deg":-33.42}},{"type":"Feature","geometry":{"type":"Point","coordinates":[135.60897626000002,34.549950339999995]},"properties":{"name":"\u53e4\u5e02\u4e94\u4e01\u76ee\u5909\u96fb\u6240 66kV","vn_kv":66.0,"vm_pu":1.0,"va_deg":-34.5}},{"type":"Feature","geometry":{"type":"Point","coordinates":[135.60897626000002,34.549950339999995]},"properties":{"name":"\u53e4\u5e02\u4e94\u4e01\u76ee\u5909\u96fb\u6240 (untyped)","vn_kv":66.0,"vm_pu":1.0,"va_deg":-34.51}},{"type":"Feature","geometry":{"type":"Point","coordinates":[135.6475114273292,34.59760755714285]},"properties":{"name":"\u4fe1\u8cb4\u5909\u96fb\u6240 500kV","vn_kv":500.0,"vm_pu":1.0,"va_deg":-20.82}},{"type":"Feature","geometry":{"type":"Point","coordinates":[135.6475114273292,34.59760755714285]},"properties":{"name":"\u4fe1\u8cb4\u5909\u96fb\u6240 154kV","vn_kv":154.0,"vm_pu":1.01,"va_deg":-28.44}},{"type":"Feature","geometry":{"type":"Point","coordinates":[135.4975189857143,34.58588014285714]},"properties":{"name":"\u6d45\u9999\u5c71\u5909\u96fb\u6240","vn_kv":77.0,"vm_pu":1.0,"va_deg":-34.46}},{"type":"Feature","geometry":{"type":"Point","coordinates":[135.50675510555556,34.57653477777777]},"properties":{"name":"\u9577\u66fd\u6839\u5909\u96fb\u6240 154kV","vn_kv":154.0,"vm_pu":1.0,"va_deg":-30.64}},{"type":"Feature","geometry":{"type":"Point","coordinates":[135.50675510555556,34.57653477777777]},"properties":{"name":"\u9577\u66fd\u6839\u5909\u96fb\u6240 77kV","vn_kv":77.0,"vm_pu":1.0,"va_deg":-34.38}},{"type":"Feature","geometry":{"type":"Point","coordinates":[135.52040977142858,34.55436624285714]},"properties":{"name":"\u91d1\u7530\u5909\u96fb\u6240","vn_kv":77.0,"vm_pu":1.0,"va_deg":-34.83}},{"type":"Feature","geometry":{"type":"Point","coordinates":[135.53670406111112,34.57000819444445]},"properties":{"name":"\u4e2d\u6751\u753a\u5909\u96fb\u6240 154kV","vn_kv":154.0,"vm_pu":1.0,"va_deg":-30.42}},{"type":"Feature","geometry":{"type":"Point","coordinates":[135.53670406111112,34.57000819444445]},"properties":{"name":"\u4e2d\u6751\u753a\u5909\u96fb\u6240 77kV","vn_kv":77.0,"vm_pu":1.0,"va_deg":-34.57}},{"type":"Feature","geometry":{"type":"Point","coordinates":[135.6264029,34.4972134375]},"properties":{"name":"\u5357\u6cb3\u5185\u5909\u96fb\u6240 275kV","vn_kv":275.0,"vm_pu":1.0,"va_deg":-27.34}},{"type":"Feature","geometry":{"type":"Point","coordinates":[135.6264029,34.4972134375]},"properties":{"name":"\u5357\u6cb3\u5185\u5909\u96fb\u6240 77kV","vn_kv":77.0,"vm_pu":1.0,"va_deg":-32.13}},{"type":"Feature","geometry":{"type":"Point","coordinates":[135.51693305,34.483392300000006]},"properties":{"name":"\u6cc9\u30f6\u4e18\u5909\u96fb\u6240","vn_kv":77.0,"vm_pu":1.0,"va_deg":-33.36}},{"type":"Feature","geometry":{"type":"Point","coordinates":[135.32551771470588,34.41299194411765]},"properties":{"name":"\u4f50\u91ce\u5909\u96fb\u6240 77kV","vn_kv":77.0,"vm_pu":1.0,"va_deg":-34.21}},{"type":"Feature","geometry":{"type":"Point","coordinates":[135.32551771470588,34.41299194411765]},"properties":{"name":"\u4f50\u91ce\u5909\u96fb\u6240 66kV","vn_kv":66.0,"vm_pu":1.0,"va_deg":-34.21}},{"type":"Feature","geometry":{"type":"Point","coordinates":[135.4690280142857,34.458031271428574]},"properties":{"name":"\u6d66\u7530\u5909\u96fb\u6240","vn_kv":77.0,"vm_pu":1.0,"va_deg":-33.52}},{"type":"Feature","geometry":{"type":"Point","coordinates":[135.56775722499998,34.447909275]},"properties":{"name":"\u9577\u91ce\u753a\u5909\u96fb\u6240","vn_kv":77.0,"vm_pu":1.0,"va_deg":-33.59}},{"type":"Feature","geometry":{"type":"Point","coordinates":[135.36167066875,34.37951719375]},"properties":{"name":"\u6210\u5408\u5317\u5909\u96fb\u6240 275kV","vn_kv":275.0,"vm_pu":1.0,"va_deg":-27.96}},{"type":"Feature","geometry":{"type":"Point","coordinates":[135.36167066875,34.37951719375]},"properties":{"name":"\u6210\u5408\u5317\u5909\u96fb\u6240 77kV","vn_kv":77.0,"vm_pu":1.0,"va_deg":-33.1}},{"type":"Feature","geometry":{"type":"Point","coordinates":[135.36167066875,34.37951719375]},"properties":{"name":"\u6210\u5408\u5317\u5909\u96fb\u6240 66kV","vn_kv":66.0,"vm_pu":1.0,"va_deg":-33.12}},{"type":"Feature","geometry":{"type":"Point","coordinates":[135.38846008125,34.49765765625]},"properties":{"name":"\u5fe0\u5ca1\u5909\u96fb\u6240","vn_kv":77.0,"vm_pu":1.0,"va_deg":-34.4}},{"type":"Feature","geometry":{"type":"Point","coordinates":[135.4280396222222,34.462688711111106]},"properties":{"name":"\u7530\u6cbb\u7c73\u5909\u96fb\u6240 77kV","vn_kv":77.0,"vm_pu":1.0,"va_deg":-34.13}},{"type":"Feature","geometry":{"type":"Point","coordinates":[135.4280396222222,34.462688711111106]},"properties":{"name":"\u7530\u6cbb\u7c73\u5909\u96fb\u6240 (untyped)","vn_kv":77.0,"vm_pu":1.0,"va_deg":-34.14}},{"type":"Feature","geometry":{"type":"Point","coordinates":[135.47328918333332,34.52371525]},"properties":{"name":"\u6cc9\u5317\u5909\u96fb\u6240","vn_kv":77.0,"vm_pu":1.0,"va_deg":-34.8}},{"type":"Feature","geometry":{"type":"Point","coordinates":[135.48457613333332,34.53447953333333]},"properties":{"name":"\u6df1\u4e95\u5909\u96fb\u6240","vn_kv":77.0,"vm_pu":1.0,"va_deg":-34.91}},{"type":"Feature","geometry":{"type":"Point","coordinates":[135.510351025,34.5756351125]},"properties":{"name":"\u8535\u524d\u753a\u4e00\u4e01\u5909\u96fb\u6240","vn_kv":154.0,"vm_pu":1.0,"va_deg":-30.65}},{"type":"Feature","geometry":{"type":"Point","coordinates":[135.40585276666667,34.54033668333333]},"properties":{"name":"\u6cc9\u5317\u6e2f\u5909\u96fb\u6240","vn_kv":77.0,"vm_pu":1.0,"va_deg":-33.76}},{"type":"Feature","geometry":{"type":"Point","coordinates":[135.3909823,34.500996900000004]},"properties":{"name":"\u6771\u6e2f\u5909\u96fb\u6240","vn_kv":77.0,"vm_pu":1.0,"va_deg":-34.4}},{"type":"Feature","geometry":{"type":"Point","coordinates":[135.34918328181817,34.39318260909091]},"properties":{"name":"\u718a\u53d6\u5909\u96fb\u6240 77kV","vn_kv":77.0,"vm_pu":1.0,"va_deg":-33.86}},{"type":"Feature","geometry":{"type":"Point","coordinates":[135.34918328181817,34.39318260909091]},"properties":{"name":"\u718a\u53d6\u5909\u96fb\u6240 66kV","vn_kv":66.0,"vm_pu":1.0,"va_deg":-33.86}},{"type":"Feature","geometry":{"type":"Point","coordinates":[135.3650077,34.43647924]},"properties":{"name":"\u8c9d\u585a\u5909\u96fb\u6240","vn_kv":77.0,"vm_pu":1.0,"va_deg":-34.53}},{"type":"Feature","geometry":{"type":"Point","coordinates":[135.34727825,34.415204525]},"properties":{"name":"\u9db4\u539f\u5909\u96fb\u6240 (Tsuruhara Hendensho)","vn_kv":77.0,"vm_pu":1.0,"va_deg":-34.38}},{"type":"Feature","geometry":{"type":"Point","coordinates":[135.39132825000002,34.442294225]},"properties":{"name":"\u571f\u751f\u5909\u96fb\u6240","vn_kv":77.0,"vm_pu":1.0,"va_deg":-34.6}},{"type":"Feature","geometry":{"type":"Point","coordinates":[135.467419025,34.556442849999996]},"properties":{"name":"\u77f3\u6d25\u753a\u4e8c\u4e01\u5909\u96fb\u6240","vn_kv":154.0,"vm_pu":1.0,"va_deg":-31.56}},{"type":"Feature","geometry":{"type":"Point","coordinates":[135.46775896,34.59618778]},"properties":{"name":"\u677e\u5c4b\u5909\u96fb\u6240","vn_kv":77.0,"vm_pu":1.0,"va_deg":-35.38}},{"type":"Feature","geometry":{"type":"Point","coordinates":[135.0891714375,33.976869675]},"properties":{"name":"\u7531\u826f\u958b\u9589\u6240","vn_kv":500.0,"vm_pu":1.0,"va_deg":-28.52}},{"type":"Feature","geometry":{"type":"Point","coordinates":[135.33058655000002,34.41822305]},"properties":{"name":"\u4e0b\u74e6\u5c4b\u4e00\u4e01\u76ee\u5909\u96fb\u6240","vn_kv":77.0,"vm_pu":1.0,"va_deg":-34.23}},{"type":"Feature","geometry":{"type":"Point","coordinates":[135.50422928,34.5892481]},"properties":{"name":"\u5c71\u4e4b\u5185\u56db\u4e01\u76ee\u5909\u96fb\u6240","vn_kv":77.0,"vm_pu":1.0,"va_deg":-34.49}},{"type":"Feature","geometry":{"type":"Point","coordinates":[135.33666400735297,34.211534814705885]},"properties":{"name":"\u7d00\u306e\u5ddd\u5909\u96fb\u6240 500kV","vn_kv":500.0,"vm_pu":1.0,"va_deg":-20.65}},{"type":"Feature","geometry":{"type":"Point","coordinates":[135.33666400735297,34.211534814705885]},"properties":{"name":"\u7d00\u306e\u5ddd\u5909\u96fb\u6240 275kV","vn_kv":275.0,"vm_pu":1.0,"va_deg":-26.35}},{"type":"Feature","geometry":{"type":"Point","coordinates":[135.33666400735297,34.211534814705885]},"properties":{"name":"\u7d00\u306e\u5ddd\u5909\u96fb\u6240 77kV","vn_kv":77.0,"vm_pu":1.0,"va_deg":-28.75}},{"type":"Feature","geometry":{"type":"Point","coordinates":[135.33666400735297,34.211534814705885]},"properties":{"name":"\u7d00\u306e\u5ddd\u5909\u96fb\u6240 (untyped)","vn_kv":500.0,"vm_pu":1.0,"va_deg":-20.65}},{"type":"Feature","geometry":{"type":"Point","coordinates":[134.55470652,34.06788488]},"properties":{"name":"\u5e78\u753a\u5909\u96fb\u6240","vn_kv":77.0,"vm_pu":1.0,"va_deg":-10.02}},{"type":"Feature","geometry":{"type":"Point","coordinates":[135.46619441428572,34.52188914285714]},"properties":{"name":"\u798f\u6cc9\u5909\u96fb\u6240","vn_kv":77.0,"vm_pu":1.0,"va_deg":-34.78}},{"type":"Feature","geometry":{"type":"Point","coordinates":[134.59003955,34.002814925]},"properties":{"name":"\u5357\u5c0f\u677e\u5cf6\u753a\u5909\u96fb\u6240","vn_kv":66.0,"vm_pu":1.0,"va_deg":-8.52}},{"type":"Feature","geometry":{"type":"Point","coordinates":[134.51729084838712,34.11705210645162]},"properties":{"name":"\u5fdc\u795e\u5909\u96fb\u6240","vn_kv":66.0,"vm_pu":1.0,"va_deg":-9.33}},{"type":"Feature","geometry":{"type":"Point","coordinates":[134.57760642,34.06563964]},"properties":{"name":"\u672b\u5e83\u56db\u4e01\u76ee\u5909\u96fb\u6240","vn_kv":77.0,"vm_pu":1.0,"va_deg":-10.19}},{"type":"Feature","geometry":{"type":"Point","coordinates":[135.506563675,34.59431855]},"properties":{"name":"\u5909\u96fb\u8a2d\u5099","vn_kv":77.0,"vm_pu":1.0,"va_deg":-34.33}},{"type":"Feature","geometry":{"type":"Point","coordinates":[134.51664706,34.07241368]},"properties":{"name":"\u5357\u5e84\u753a\u4e00\u4e01\u76ee\u5909\u96fb\u6240","vn_kv":187.0,"vm_pu":1.0,"va_deg":-5.54}},{"type":"Feature","geometry":{"type":"Point","coordinates":[135.57206441666668,34.48460418333333]},"properties":{"name":"\u5bfa\u6c60\u53f0\u4e09\u4e01\u76ee\u5909\u96fb\u6240 275kV","vn_kv":275.0,"vm_pu":1.0,"va_deg":-27.51}},{"type":"Feature","geometry":{"type":"Point","coordinates":[135.57206441666668,34.48460418333333]},"properties":{"name":"\u5bfa\u6c60\u53f0\u4e09\u4e01\u76ee\u5909\u96fb\u6240 77kV","vn_kv":77.0,"vm_pu":1.0,"va_deg":-32.06}},{"type":"Feature","geometry":{"type":"Point","coordinates":[135.20804975294118,34.24119747058824]},"properties":{"name":"\u548c\u6b4c\u5c71\u96fb\u529b\u6240","vn_kv":77.0,"vm_pu":1.0,"va_deg":-31.14}},{"type":"Feature","geometry":{"type":"Point","coordinates":[134.61566388333333,33.87277338333333]},"properties":{"name":"\u6851\u91ce\u5909\u96fb\u6240","vn_kv":66.0,"vm_pu":1.0,"va_deg":-7.6}},{"type":"Feature","geometry":{"type":"Point","coordinates":[135.14829308,33.92115574]},"properties":{"name":"\u95a2\u897f\u96fb\u529b \u5185\u539f\u5909\u96fb\u6240","vn_kv":77.0,"vm_pu":1.0,"va_deg":-27.95}},{"type":"Feature","geometry":{"type":"Point","coordinates":[135.29860462222223,33.9575755]},"properties":{"name":"\u95a2\u897f\u96fb\u529b \u9ad8\u6d25\u5c3e\u5909\u96fb\u6240 500kV","vn_kv":500.0,"vm_pu":1.0,"va_deg":-22.22}},{"type":"Feature","geometry":{"type":"Point","coordinates":[135.29860462222223,33.9575755]},"properties":{"name":"\u95a2\u897f\u96fb\u529b \u9ad8\u6d25\u5c3e\u5909\u96fb\u6240 77kV","vn_kv":77.0,"vm_pu":1.0,"va_deg":-25.54}},{"type":"Feature","geometry":{"type":"Point","coordinates":[135.29860462222223,33.9575755]},"properties":{"name":"\u95a2\u897f\u96fb\u529b \u9ad8\u6d25\u5c3e\u5909\u96fb\u6240 (untyped)","vn_kv":500.0,"vm_pu":1.0,"va_deg":-22.22}},{"type":"Feature","geometry":{"type":"Point","coordinates":[135.1669289777778,33.89560894444444]},"properties":{"name":"\u95a2\u897f\u96fb\u529b \u5cf6\u5909\u96fb\u6240","vn_kv":77.0,"vm_pu":1.0,"va_deg":-26.9}},{"type":"Feature","geometry":{"type":"Point","coordinates":[135.1850286,33.956543575]},"properties":{"name":"\u5e83\u5ddd\u753a\u5909\u96fb\u6240","vn_kv":77.0,"vm_pu":1.0,"va_deg":-28.17}},{"type":"Feature","geometry":{"type":"Point","coordinates":[135.17635773749998,34.0192930125]},"properties":{"name":"\u95a2\u897f\u96fb\u529b \u5e83\u5909\u96fb\u6240","vn_kv":77.0,"vm_pu":1.0,"va_deg":-29.21}},{"type":"Feature","geometry":{"type":"Point","coordinates":[135.1894927,34.0410062]},"properties":{"name":"\u95a2\u897f\u96fb\u529b \u6e6f\u6d45\u5909\u96fb\u6240","vn_kv":77.0,"vm_pu":1.0,"va_deg":-29.69}},{"type":"Feature","geometry":{"type":"Point","coordinates":[135.18243905,34.07535045]},"properties":{"name":"\u95a2\u897f\u96fb\u529b \u6709\u7530\u5909\u96fb\u6240","vn_kv":77.0,"vm_pu":1.0,"va_deg":-30.09}},{"type":"Feature","geometry":{"type":"Point","coordinates":[135.11858884999998,34.0891494]},"properties":{"name":"\u95a2\u897f\u96fb\u529b \u7b95\u5cf6\u5909\u96fb\u6240","vn_kv":77.0,"vm_pu":1.0,"va_deg":-31.02}},{"type":"Feature","geometry":{"type":"Point","coordinates":[135.15231973333334,34.10924393333333]},"properties":{"name":"\u95a2\u897f\u96fb\u529b \u4e0b\u6d25\u5909\u96fb\u6240","vn_kv":77.0,"vm_pu":1.0,"va_deg":-30.89}},{"type":"Feature","geometry":{"type":"Point","coordinates":[135.2050019181818,34.151453836363636]},"properties":{"name":"\u6d77\u5357\u5909\u96fb\u6240","vn_kv":77.0,"vm_pu":1.0,"va_deg":-30.64}},{"type":"Feature","geometry":{"type":"Point","coordinates":[135.30557770000001,34.16414225]},"properties":{"name":"\u91ce\u4e0a\u5909\u96fb\u6240","vn_kv":66.0,"vm_pu":1.0,"va_deg":-31.45}},{"type":"Feature","geometry":{"type":"Point","coordinates":[135.27120128333334,34.362419433333336]},"properties":{"name":"\u95a2\u897f\u96fb\u529b(\u682a)\u7802\u5ddd\u5909\u96fb\u6240 77kV","vn_kv":77.0,"vm_pu":1.0,"va_deg":-34.33}},{"type":"Feature","geometry":{"type":"Point","coordinates":[135.27120128333334,34.362419433333336]},"properties":{"name":"\u95a2\u897f\u96fb\u529b(\u682a)\u7802\u5ddd\u5909\u96fb\u6240 66kV","vn_kv":66.0,"vm_pu":1.0,"va_deg":-34.34}},{"type":"Feature","geometry":{"type":"Point","coordinates":[135.262008025,34.055533249999996]},"properties":{"name":"\u95a2\u897f\u96fb\u529b \u91d1\u5c4b\u5909\u96fb\u6240","vn_kv":77.0,"vm_pu":1.0,"va_deg":-28.77}},{"type":"Feature","geometry":{"type":"Point","coordinates":[135.27879011666667,34.1562632]},"properties":{"name":"\u962a\u4e95\u5909\u96fb\u6240 77kV","vn_kv":77.0,"vm_pu":1.0,"va_deg":-31.24}},{"type":"Feature","geometry":{"type":"Point","coordinates":[135.27879011666667,34.1562632]},"properties":{"name":"\u962a\u4e95\u5909\u96fb\u6240 66kV","vn_kv":66.0,"vm_pu":1.0,"va_deg":-31.26}},{"type":"Feature","geometry":{"type":"Point","coordinates":[135.22730338333335,34.205459499999996]},"properties":{"name":"\u95a2\u897f\u96fb\u529b \u5ca1\u5d0e\u5909\u96fb\u6240","vn_kv":77.0,"vm_pu":1.0,"va_deg":-31.44}},{"type":"Feature","geometry":{"type":"Point","coordinates":[135.18802167142857,34.22030854285714]},"properties":{"name":"\u624b\u5e73\u5909\u96fb\u6240","vn_kv":77.0,"vm_pu":1.0,"va_deg":-31.29}},{"type":"Feature","geometry":{"type":"Point","coordinates":[135.21479825714286,34.3288284]},"properties":{"name":"\uff08\u682a\uff09\u95a2\u897f\u96fb\u529b\u962a\u5357\u5909\u96fb\u6240","vn_kv":77.0,"vm_pu":1.0,"va_deg":-34.97}},{"type":"Feature","geometry":{"type":"Point","coordinates":[135.17784995,33.998173433333335]},"properties":{"name":"\u5e83\u5ddd\u660e\u795e\u5c71\u98a8\u529b\u767a\u96fb\u6240","vn_kv":77.0,"vm_pu":1.0,"va_deg":-28.94}},{"type":"Feature","geometry":{"type":"Point","coordinates":[135.42352455,34.487770425]},"properties":{"name":"\u80a5\u5b50\u753a\u4e00\u4e01\u76ee\u5909\u96fb\u6240","vn_kv":77.0,"vm_pu":1.0,"va_deg":-34.56}},{"type":"Feature","geometry":{"type":"Point","coordinates":[135.41308028,34.46355732]},"properties":{"name":"\u5927\u753a\u56db\u4e01\u76ee\u5909\u96fb\u6240","vn_kv":77.0,"vm_pu":1.0,"va_deg":-34.27}},{"type":"Feature","geometry":{"type":"Point","coordinates":[135.41420336000002,34.465404539999994]},"properties":{"name":"\u5927\u753a\u56db\u4e01\u76ee\u5909\u96fb\u6240_2","vn_kv":77.0,"vm_pu":1.0,"va_deg":-34.24}},{"type":"Feature","geometry":{"type":"Point","coordinates":[135.4437364,34.56261819375]},"properties":{"name":"\u77f3\u6d25\u897f\u753a\u5909\u96fb\u6240","vn_kv":77.0,"vm_pu":1.0,"va_deg":-32.88}},{"type":"Feature","geometry":{"type":"Point","coordinates":[134.576125825,34.12408125]},"properties":{"name":"\u5fb3\u5cf6\u5e02\u5909\u96fb\u6240 66kV","vn_kv":66.0,"vm_pu":1.0,"va_deg":-9.74}},{"type":"Feature","geometry":{"type":"Point","coordinates":[134.576125825,34.12408125]},"properties":{"name":"\u5fb3\u5cf6\u5e02\u5909\u96fb\u6240 (untyped)","vn_kv":66.0,"vm_pu":1.0,"va_deg":-9.75}},{"type":"Feature","geometry":{"type":"Point","coordinates":[135.41447624,34.46417816]},"properties":{"name":"\u5927\u753a\u56db\u4e01\u76ee\u5909\u96fb\u6240_3","vn_kv":77.0,"vm_pu":1.0,"va_deg":-34.24}},{"type":"Feature","geometry":{"type":"Point","coordinates":[135.4637708,34.5916411]},"properties":{"name":"\u6d77\u5c71\u753a\u516d\u4e01\u5909\u96fb\u6240","vn_kv":77.0,"vm_pu":1.0,"va_deg":-34.37}},{"type":"Feature","geometry":{"type":"Point","coordinates":[135.410094325,34.566267575]},"properties":{"name":"\u897f\u533a\u5909\u96fb\u6240_3","vn_kv":77.0,"vm_pu":1.0,"va_deg":-32.6}},{"type":"Feature","geometry":{"type":"Point","coordinates":[135.41480118333334,34.56416118333333]},"properties":{"name":"\u897f\u533a\u5909\u96fb\u6240_4","vn_kv":77.0,"vm_pu":1.0,"va_deg":-32.59}},{"type":"Feature","geometry":{"type":"Point","coordinates":[135.42113518333335,34.56598073333333]},"properties":{"name":"\u897f\u533a\u5909\u96fb\u6240_5","vn_kv":77.0,"vm_pu":1.0,"va_deg":-32.59}},{"type":"Feature","geometry":{"type":"Point","coordinates":[134.55597061349206,34.1647885984127]},"properties":{"name":"\u9cf4\u9580\u5909\u96fb\u6240 187kV","vn_kv":187.0,"vm_pu":1.0,"va_deg":-7.88}},{"type":"Feature","geometry":{"type":"Point","coordinates":[134.55597061349206,34.1647885984127]},"properties":{"name":"\u9cf4\u9580\u5909\u96fb\u6240 66kV","vn_kv":66.0,"vm_pu":1.0,"va_deg":-9.01}},{"type":"Feature","geometry":{"type":"Point","coordinates":[134.63471350909091,33.82822791818182]},"properties":{"name":"\u963f\u5357\u5468\u6ce2\u6570\u5909\u63db\u6240","vn_kv":500.0,"vm_pu":1.0,"va_deg":-0.53}},{"type":"Feature","geometry":{"type":"Point","coordinates":[135.1302133576923,34.31612411153846]},"properties":{"name":"\u5cac\u5909\u96fb\u6240 275kV","vn_kv":275.0,"vm_pu":1.0,"va_deg":-27.26}},{"type":"Feature","geometry":{"type":"Point","coordinates":[135.1302133576923,34.31612411153846]},"properties":{"name":"\u5cac\u5909\u96fb\u6240 77kV","vn_kv":77.0,"vm_pu":1.0,"va_deg":-31.12}},{"type":"Feature","geometry":{"type":"Point","coordinates":[135.1302133576923,34.31612411153846]},"properties":{"name":"\u5cac\u5909\u96fb\u6240 (untyped)","vn_kv":77.0,"vm_pu":1.0,"va_deg":-28.28}},{"type":"Feature","geometry":{"type":"Point","coordinates":[135.02017535,34.57795525]},"properties":{"name":"\u9d5c\u5d0e\u5909\u96fb\u6240","vn_kv":77.0,"vm_pu":1.0,"va_deg":-15.7}},{"type":"Feature","geometry":{"type":"Point","coordinates":[134.73675634166668,34.32258639166667]},"properties":{"name":"\u677e\u5e06\u897f\u8def\u5909\u96fb\u6240 187kV","vn_kv":187.0,"vm_pu":1.0,"va_deg":-8.13}},{"type":"Feature","geometry":{"type":"Point","coordinates":[134.73675634166668,34.32258639166667]},"properties":{"name":"\u677e\u5e06\u897f\u8def\u5909\u96fb\u6240 77kV","vn_kv":77.0,"vm_pu":1.0,"va_deg":-9.78}},{"type":"Feature","geometry":{"type":"Point","coordinates":[134.98861284999998,34.5298003]},"properties":{"name":"\u6d66\u5909\u96fb\u6240","vn_kv":77.0,"vm_pu":1.0,"va_deg":-13.9}},{"type":"Feature","geometry":{"type":"Point","coordinates":[134.83892649999999,34.3291087875]},"properties":{"name":"\u5c71\u6dfb\u5909\u96fb\u6240","vn_kv":77.0,"vm_pu":1.0,"va_deg":-10.55}},{"type":"Feature","geometry":{"type":"Point","coordinates":[135.3782025,33.73825944]},"properties":{"name":"\u9ad8\u96c4\u4e00\u4e01\u76ee\u5909\u96fb\u6240","vn_kv":77.0,"vm_pu":1.0,"va_deg":-35.98}},{"type":"Feature","geometry":{"type":"Point","coordinates":[135.49913206666668,34.595297900000006]},"properties":{"name":"\u6211\u5b6b\u5b50\u5909\u96fb\u6240 77kV","vn_kv":77.0,"vm_pu":1.0,"va_deg":-34.49}},{"type":"Feature","geometry":{"type":"Point","coordinates":[135.49913206666668,34.595297900000006]},"properties":{"name":"\u6211\u5b6b\u5b50\u5909\u96fb\u6240 (untyped)","vn_kv":77.0,"vm_pu":1.0,"va_deg":-34.45}},{"type":"Feature","geometry":{"type":"Point","coordinates":[135.15969982,34.24808521999999]},"properties":{"name":"\u5317\u5cf6\u5909\u96fb\u6240","vn_kv":77.0,"vm_pu":1.0,"va_deg":-31.5}},{"type":"Feature","geometry":{"type":"Point","coordinates":[135.0901303,34.26239495]},"properties":{"name":"\u78ef\u306e\u6d66\u5909\u96fb\u6240","vn_kv":77.0,"vm_pu":1.0,"va_deg":-31.45}},{"type":"Feature","geometry":{"type":"Point","coordinates":[134.60252430000003,34.19124585]},"properties":{"name":"\u64ab\u990a\u5909\u96fb\u6240","vn_kv":66.0,"vm_pu":1.0,"va_deg":-8.82}},{"type":"Feature","geometry":{"type":"Point","coordinates":[134.5957406923077,34.18156561538461]},"properties":{"name":"\u6589\u7530\u5909\u96fb\u6240","vn_kv":66.0,"vm_pu":1.0,"va_deg":-8.88}},{"type":"Feature","geometry":{"type":"Point","coordinates":[135.6231958375,34.3248183]},"properties":{"name":"\u59bb\u4e09\u4e01\u76ee\u5909\u96fb\u6240","vn_kv":77.0,"vm_pu":1.0,"va_deg":-28.95}},{"type":"Feature","geometry":{"type":"Point","coordinates":[135.61093334999998,34.344456949999994]},"properties":{"name":"\u7d00\u898b\u5909\u96fb\u6240","vn_kv":77.0,"vm_pu":1.0,"va_deg":-29.08}},{"type":"Feature","geometry":{"type":"Point","coordinates":[135.4774514,34.29691378333333]},"properties":{"name":"\u95a2\u897f\u96fb\u529b\u9001\u914d\u96fb\u3231\u7b20\u7530\u5909\u96fb\u6240","vn_kv":77.0,"vm_pu":1.0,"va_deg":-28.73}},{"type":"Feature","geometry":{"type":"Point","coordinates":[135.56586794999998,34.30307163333333]},"properties":{"name":"\u9ad8\u91ce\u53e3\u753a\u4f0f\u539f\u5909\u96fb\u6240 77kV","vn_kv":77.0,"vm_pu":1.0,"va_deg":-26.1}},{"type":"Feature","geometry":{"type":"Point","coordinates":[135.56586794999998,34.30307163333333]},"properties":{"name":"\u9ad8\u91ce\u53e3\u753a\u4f0f\u539f\u5909\u96fb\u6240 (untyped)","vn_kv":77.0,"vm_pu":1.0,"va_deg":-26.04}},{"type":"Feature","geometry":{"type":"Point","coordinates":[135.51027106666666,34.538473522222226]},"properties":{"name":"\u5927\u91ce\u829d\u5909\u96fb\u6240","vn_kv":77.0,"vm_pu":1.0,"va_deg":-34.97}},{"type":"Feature","geometry":{"type":"Point","coordinates":[135.43802814,34.51094834]},"properties":{"name":"\u4fe1\u592a\u5909\u96fb\u6240","vn_kv":77.0,"vm_pu":1.0,"va_deg":-34.71}},{"type":"Feature","geometry":{"type":"Point","coordinates":[135.51662694,34.55011366]},"properties":{"name":"\u5317\u533a\u5909\u96fb\u6240","vn_kv":77.0,"vm_pu":1.0,"va_deg":-34.91}},{"type":"Feature","geometry":{"type":"Point","coordinates":[135.514518375,34.550638500000005]},"properties":{"name":"\u91d1\u5ca1\u753a\u5909\u96fb\u6240","vn_kv":77.0,"vm_pu":1.0,"va_deg":-34.85}},{"type":"Feature","geometry":{"type":"Point","coordinates":[135.474964375,34.558582650000005]},"properties":{"name":"\u65ed\u30f6\u4e18\u5909\u96fb\u6240","vn_kv":154.0,"vm_pu":1.0,"va_deg":-31.48}},{"type":"Feature","geometry":{"type":"Point","coordinates":[134.8921953,34.43788845]},"properties":{"name":"\u5fd7\u7b51\u5909\u96fb\u6240","vn_kv":77.0,"vm_pu":1.0,"va_deg":-13.77}},{"type":"Feature","geometry":{"type":"Point","coordinates":[135.47097326,34.59347188]},"properties":{"name":"\u4e09\u5b9d\u753a\u516d\u4e01\u5909\u96fb\u6240","vn_kv":77.0,"vm_pu":1.0,"va_deg":-35.12}},{"type":"Feature","geometry":{"type":"Point","coordinates":[135.47029034,34.53599926]},"properties":{"name":"\u9db4\u7530\u753a\u5909\u96fb\u6240","vn_kv":77.0,"vm_pu":1.0,"va_deg":-35.05}},{"type":"Feature","geometry":{"type":"Point","coordinates":[135.5011678,34.55067914285714]},"properties":{"name":"\u6885\u753a\u5909\u96fb\u6240","vn_kv":77.0,"vm_pu":1.0,"va_deg":-34.98}},{"type":"Feature","geometry":{"type":"Point","coordinates":[135.52417096666667,34.57988436666667]},"properties":{"name":"\u5929\u7f8e\u5909\u96fb\u6240","vn_kv":77.0,"vm_pu":1.0,"va_deg":-34.6}},{"type":"Feature","geometry":{"type":"Point","coordinates":[135.45965255,34.52038175]},"properties":{"name":"\u897f\u533a\u5909\u96fb\u6240_6","vn_kv":77.0,"vm_pu":1.0,"va_deg":-34.76}},{"type":"Feature","geometry":{"type":"Point","coordinates":[135.502104675,34.560741625]},"properties":{"name":"\u4e2d\u767e\u820c\u9ce5\u753a\u4e00\u4e01\u5909\u96fb\u6240","vn_kv":154.0,"vm_pu":1.0,"va_deg":-31.03}},{"type":"Feature","geometry":{"type":"Point","coordinates":[135.48514848,34.57746049]},"properties":{"name":"\u5357\u6d77\u96fb\u6c17\u9244\u9053\u682a\u5f0f\u4f1a\u793e \u583a\u6771\u5909\u96fb\u6240","vn_kv":77.0,"vm_pu":1.0,"va_deg":-34.53}},{"type":"Feature","geometry":{"type":"Point","coordinates":[134.6015914,34.190481850000005]},"properties":{"name":"\u702c\u6238\u753a\u660e\u795e\u5909\u96fb\u6240","vn_kv":66.0,"vm_pu":1.0,"va_deg":-8.82}},{"type":"Feature","geometry":{"type":"Point","coordinates":[134.65194617105263,33.87963145]},"properties":{"name":"\u963f\u5357\u767a\u96fb\u6240 (Anan Power Station) 500kV","vn_kv":500.0,"vm_pu":1.03,"va_deg":0.0}},{"type":"Feature","geometry":{"type":"Point","coordinates":[134.65194617105263,33.87963145]},"properties":{"name":"\u963f\u5357\u767a\u96fb\u6240 (Anan Power Station) 187kV","vn_kv":187.0,"vm_pu":1.0,"va_deg":-5.49}},{"type":"Feature","geometry":{"type":"Point","coordinates":[134.65194617105263,33.87963145]},"properties":{"name":"\u963f\u5357\u767a\u96fb\u6240 (Anan Power Station) 66kV","vn_kv":66.0,"vm_pu":1.0,"va_deg":-7.22}},{"type":"Feature","geometry":{"type":"Point","coordinates":[135.15506662857143,33.86052433571428]},"properties":{"name":"\u5fa1\u574a\u5e02\u5909\u96fb\u6240 500kV","vn_kv":500.0,"vm_pu":1.03,"va_deg":-22.26}},{"type":"Feature","geometry":{"type":"Point","coordinates":[135.15506662857143,33.86052433571428]},"properties":{"name":"\u5fa1\u574a\u5e02\u5909\u96fb\u6240 77kV","vn_kv":77.0,"vm_pu":1.0,"va_deg":-24.53}},{"type":"Feature","geometry":{"type":"Point","coordinates":[135.39540527777777,34.503568655555554]},"properties":{"name":"\u897f\u6e2f\u753a\u5909\u96fb\u6240","vn_kv":77.0,"vm_pu":1.0,"va_deg":-34.39}},{"type":"Feature","geometry":{"type":"Point","coordinates":[135.53650922307693,34.56608458461538]},"properties":{"name":"\u4e2d\u6751\u5909\u96fb\u6240","vn_kv":77.0,"vm_pu":1.0,"va_deg":-34.66}},{"type":"Feature","geometry":{"type":"Point","coordinates":[134.88551164,34.346581379999996]},"properties":{"name":"\u95a2\u897f\u96fb\u529b\u9001\u96fb","vn_kv":77.0,"vm_pu":1.0,"va_deg":-11.21}},{"type":"Feature","geometry":{"type":"Point","coordinates":[135.14428258,34.26132646]},"properties":{"name":"\u6885\u539f\u5909\u96fb\u6240","vn_kv":77.0,"vm_pu":1.0,"va_deg":-31.68}},{"type":"Feature","geometry":{"type":"Point","coordinates":[135.491459825,34.51821425]},"properties":{"name":"\u516b\u7530\u5909\u96fb\u6240","vn_kv":77.0,"vm_pu":1.0,"va_deg":-34.99}},{"type":"Feature","geometry":{"type":"Point","coordinates":[135.40434869999999,34.472498433333335]},"properties":{"name":"\u8352\u6728\u5909\u96fb\u6240","vn_kv":77.0,"vm_pu":1.0,"va_deg":-34.29}},{"type":"Feature","geometry":{"type":"Point","coordinates":[135.3937612,34.461793225]},"properties":{"name":"\u897f\u4e4b\u5185\u753a\u5909\u96fb\u6240","vn_kv":77.0,"vm_pu":1.0,"va_deg":-34.27}},{"type":"Feature","geometry":{"type":"Point","coordinates":[135.3678123727273,34.452447345454544]},"properties":{"name":"\u86f8\u5730\u8535\u5909\u96fb\u6240","vn_kv":77.0,"vm_pu":1.0,"va_deg":-34.5}},{"type":"Feature","geometry":{"type":"Point","coordinates":[135.63155172,34.596632719999995]},"properties":{"name":"\u5805\u4e0b\u5909\u96fb\u6240","vn_kv":77.0,"vm_pu":1.0,"va_deg":-32.91}},{"type":"Feature","geometry":{"type":"Point","coordinates":[134.5998616,34.16206837777778]},"properties":{"name":"\u5927\u6d25\u5909\u96fb\u6240","vn_kv":66.0,"vm_pu":1.0,"va_deg":-9.18}},{"type":"Feature","geometry":{"type":"Point","coordinates":[134.53986650000002,34.087443675]},"properties":{"name":"\u7530\u5bae\u5909\u96fb\u6240","vn_kv":66.0,"vm_pu":1.0,"va_deg":-9.76}},{"type":"Feature","geometry":{"type":"Point","coordinates":[135.20317767692308,34.20929373076923]},"properties":{"name":"\u795e\u524d\u5909\u96fb\u6240","vn_kv":77.0,"vm_pu":1.0,"va_deg":-31.24}},{"type":"Feature","geometry":{"type":"Point","coordinates":[135.1763993875,34.1996455875]},"properties":{"name":"\u5869\u5c4b\u5909\u96fb\u6240 77kV","vn_kv":77.0,"vm_pu":1.0,"va_deg":-31.46}},{"type":"Feature","geometry":{"type":"Point","coordinates":[135.1763993875,34.1996455875]},"properties":{"name":"\u5869\u5c4b\u5909\u96fb\u6240 66kV","vn_kv":66.0,"vm_pu":1.0,"va_deg":-31.47}},{"type":"Feature","geometry":{"type":"Point","coordinates":[135.19679396,34.17004238]},"properties":{"name":"\u5185\u539f\u5909\u96fb\u6240","vn_kv":77.0,"vm_pu":1.0,"va_deg":-30.87}},{"type":"Feature","geometry":{"type":"Point","coordinates":[135.19449215,34.16958545]},"properties":{"name":"\u7d00\u4e09\u4e95\u5bfa\u5909\u96fb\u6240","vn_kv":77.0,"vm_pu":1.0,"va_deg":-30.88}},{"type":"Feature","geometry":{"type":"Point","coordinates":[135.4030293625,33.727916075]},"properties":{"name":"\u65b0\u7530\u8fba\u5909\u96fb\u6240 77kV","vn_kv":77.0,"vm_pu":1.0,"va_deg":-36.7}},{"type":"Feature","geometry":{"type":"Point","coordinates":[135.4030293625,33.727916075]},"properties":{"name":"\u65b0\u7530\u8fba\u5909\u96fb\u6240 (untyped)","vn_kv":77.0,"vm_pu":1.0,"va_deg":-36.72}},{"type":"Feature","geometry":{"type":"Point","coordinates":[135.3516739,33.6762625]},"properties":{"name":"\u6e6f\u5d0e\u5909\u96fb\u6240 77kV","vn_kv":77.0,"vm_pu":1.0,"va_deg":-38.03}},{"type":"Feature","geometry":{"type":"Point","coordinates":[135.3516739,33.6762625]},"properties":{"name":"\u6e6f\u5d0e\u5909\u96fb\u6240 (untyped)","vn_kv":77.0,"vm_pu":1.0,"va_deg":-38.03}},{"type":"Feature","geometry":{"type":"Point","coordinates":[135.30462706,34.39241302]},"properties":{"name":"\u7fbd\u5009\u5d0e\u5909\u96fb\u6240","vn_kv":77.0,"vm_pu":1.0,"va_deg":-34.42}},{"type":"Feature","geometry":{"type":"Point","coordinates":[135.28332040714287,34.37723033571429]},"properties":{"name":"\u4fe1\u9054\u5909\u96fb\u6240 77kV","vn_kv":77.0,"vm_pu":1.0,"va_deg":-34.38}},{"type":"Feature","geometry":{"type":"Point","coordinates":[135.28332040714287,34.37723033571429]},"properties":{"name":"\u4fe1\u9054\u5909\u96fb\u6240 66kV","vn_kv":66.0,"vm_pu":1.0,"va_deg":-34.38}},{"type":"Feature","geometry":{"type":"Point","coordinates":[135.24922633333333,34.36306031666667]},"properties":{"name":"\u5c3e\u5d0e\u5909\u96fb\u6240 77kV","vn_kv":77.0,"vm_pu":1.0,"va_deg":-34.26}},{"type":"Feature","geometry":{"type":"Point","coordinates":[135.24922633333333,34.36306031666667]},"properties":{"name":"\u5c3e\u5d0e\u5909\u96fb\u6240 66kV","vn_kv":66.0,"vm_pu":1.0,"va_deg":-34.28}},{"type":"Feature","geometry":{"type":"Point","coordinates":[134.52553323333333,33.73659106666667]},"properties":{"name":"\u7f8e\u6ce2\u753a\u5909\u96fb\u6240","vn_kv":77.0,"vm_pu":1.0,"va_deg":-1.07}},{"type":"Feature","geometry":{"type":"Point","coordinates":[134.661288525,33.9145782]},"properties":{"name":"\u5bcc\u5ca1\u753a\u5909\u96fb\u6240","vn_kv":66.0,"vm_pu":1.0,"va_deg":-7.89}},{"type":"Feature","geometry":{"type":"Point","coordinates":[135.60399435,34.5251306]},"properties":{"name":"\u559c\u5fd7\u5909\u96fb\u6240 77kV","vn_kv":77.0,"vm_pu":1.0,"va_deg":-33.51}},{"type":"Feature","geometry":{"type":"Point","coordinates":[135.60399435,34.5251306]},"properties":{"name":"\u559c\u5fd7\u5909\u96fb\u6240 66kV","vn_kv":66.0,"vm_pu":1.0,"va_deg":-33.52}},{"type":"Feature","geometry":{"type":"Point","coordinates":[135.60399435,34.5251306]},"properties":{"name":"\u559c\u5fd7\u5909\u96fb\u6240 (untyped)","vn_kv":77.0,"vm_pu":1.0,"va_deg":-33.51}},{"type":"Feature","geometry":{"type":"Point","coordinates":[135.59840159411766,34.496325023529415]},"properties":{"name":"\u5bcc\u7530\u6797\u5909\u96fb\u6240","vn_kv":77.0,"vm_pu":1.0,"va_deg":-32.14}},{"type":"Feature","geometry":{"type":"Point","coordinates":[135.6162042,34.5770276125]},"properties":{"name":"\u95a2\u897f\u96fb\u529b\u9001\u914d\u96fb \u571f\u5e2b\u30ce\u91cc\u5909\u96fb\u6240","vn_kv":77.0,"vm_pu":1.0,"va_deg":-33.46}},{"type":"Feature","geometry":{"type":"Point","coordinates":[135.18801977727273,34.15520024318182]},"properties":{"name":"\u6d77\u5357\u6e2f\u5909\u96fb\u6240 275kV","vn_kv":275.0,"vm_pu":1.0,"va_deg":-26.8}},{"type":"Feature","geometry":{"type":"Point","coordinates":[135.18801977727273,34.15520024318182]},"properties":{"name":"\u6d77\u5357\u6e2f\u5909\u96fb\u6240 77kV","vn_kv":77.0,"vm_pu":1.0,"va_deg":-30.61}},{"type":"Feature","geometry":{"type":"Point","coordinates":[135.38368733333334,34.45150673333333]},"properties":{"name":"\u6771\u5cb8\u548c\u7530\u5909\u96fb\u6240","vn_kv":77.0,"vm_pu":1.0,"va_deg":-34.47}},{"type":"Feature","geometry":{"type":"Point","coordinates":[135.45319759999998,34.52453748333333]},"properties":{"name":"\u9cf3\u5909\u96fb\u6240","vn_kv":77.0,"vm_pu":1.0,"va_deg":-33.93}},{"type":"Feature","geometry":{"type":"Point","coordinates":[135.3272049,34.3864589]},"properties":{"name":"\u4ff5\u5c4b\u5909\u96fb\u6240","vn_kv":66.0,"vm_pu":1.0,"va_deg":-34.09}},{"type":"Feature","geometry":{"type":"Point","coordinates":[135.27624823636364,34.35582705454545]},"properties":{"name":"\u4fe1\u9054\u5ca1\u4e2d\u5909\u96fb\u6240","vn_kv":66.0,"vm_pu":1.0,"va_deg":-34.6}},{"type":"Feature","geometry":{"type":"Point","coordinates":[135.24471567142857,34.269557014285716]},"properties":{"name":"\u7d00\u4f0a\u5909\u96fb\u6240","vn_kv":275.0,"vm_pu":1.0,"va_deg":-26.64}},{"type":"Feature","geometry":{"type":"Point","coordinates":[135.39237886666666,34.4775785]},"properties":{"name":"\u6625\u6728\u5909\u96fb\u6240","vn_kv":77.0,"vm_pu":1.0,"va_deg":-34.41}},{"type":"Feature","geometry":{"type":"Point","coordinates":[135.29049253,34.39159583]},"properties":{"name":"\u5409\u898b\u5909\u96fb\u6240","vn_kv":77.0,"vm_pu":1.0,"va_deg":-34.54}},{"type":"Feature","geometry":{"type":"Point","coordinates":[135.2317616,34.3515527125]},"properties":{"name":"\u9ce5\u53d6\u30ce\u8358\u5909\u96fb\u6240","vn_kv":66.0,"vm_pu":1.0,"va_deg":-34.67}},{"type":"Feature","geometry":{"type":"Point","coordinates":[135.1577319,34.3150756]},"properties":{"name":"\u6df1\u65e5\u5909\u96fb\u6240","vn_kv":77.0,"vm_pu":1.0,"va_deg":-31.75}},{"type":"Feature","geometry":{"type":"Point","coordinates":[135.16452166,34.2548819]},"properties":{"name":"\u5e02\u5c0f\u8def\u5909\u96fb\u6240","vn_kv":77.0,"vm_pu":1.0,"va_deg":-31.49}},{"type":"Feature","geometry":{"type":"Point","coordinates":[135.52495918,34.5432998]},"properties":{"name":"\u65e5\u7f6e\u8358\u897f\u753a\u56db\u4e01\u5909\u96fb\u6240","vn_kv":77.0,"vm_pu":1.0,"va_deg":-35.02}},{"type":"Feature","geometry":{"type":"Point","coordinates":[135.4496922222222,34.462369100000004]},"properties":{"name":"\u5510\u56fd\u5909\u96fb\u6240","vn_kv":77.0,"vm_pu":1.0,"va_deg":-33.75}},{"type":"Feature","geometry":{"type":"Point","coordinates":[135.421463825,34.489918325000005]},"properties":{"name":"\u5e9c\u4e2d\u5909\u96fb\u6240","vn_kv":77.0,"vm_pu":1.0,"va_deg":-34.55}},{"type":"Feature","geometry":{"type":"Point","coordinates":[135.43658684,34.48636894]},"properties":{"name":"\u9ed2\u9ce5\u5909\u96fb\u6240","vn_kv":77.0,"vm_pu":1.0,"va_deg":-34.42}},{"type":"Feature","geometry":{"type":"Point","coordinates":[135.42812188,34.522180680000005]},"properties":{"name":"\u9ad8\u77f3\u5909\u96fb\u6240","vn_kv":77.0,"vm_pu":1.0,"va_deg":-34.86}},{"type":"Feature","geometry":{"type":"Point","coordinates":[135.12615356842105,34.31946369473684]},"properties":{"name":"\u591a\u5948\u5ddd\u5909\u96fb\u6240 275kV","vn_kv":275.0,"vm_pu":1.0,"va_deg":-27.26}},{"type":"Feature","geometry":{"type":"Point","coordinates":[135.12615356842105,34.31946369473684]},"properties":{"name":"\u591a\u5948\u5ddd\u5909\u96fb\u6240 77kV","vn_kv":77.0,"vm_pu":1.0,"va_deg":-30.99}},{"type":"Feature","geometry":{"type":"Point","coordinates":[135.13332995000002,34.3170857]},"properties":{"name":"\u5cac\u753a\u5909\u96fb\u6240","vn_kv":77.0,"vm_pu":1.0,"va_deg":-28.28}},{"type":"Feature","geometry":{"type":"Point","coordinates":[135.33368233333331,34.42510254166667]},"properties":{"name":"\u898b\u51fa\u5ddd\u5909\u96fb\u6240","vn_kv":77.0,"vm_pu":1.0,"va_deg":-34.35}},{"type":"Feature","geometry":{"type":"Point","coordinates":[135.4186568888889,34.511084177777775]},"properties":{"name":"\u52a9\u677e\u5909\u96fb\u6240","vn_kv":77.0,"vm_pu":1.0,"va_deg":-34.89}},{"type":"Feature","geometry":{"type":"Point","coordinates":[135.9340711,34.4726968]},"properties":{"name":"\u5927\u5b87\u9640\u5909\u96fb\u6240","vn_kv":500.0,"vm_pu":1.0,"va_deg":-19.14}},{"type":"Feature","geometry":{"type":"Point","coordinates":[135.7248067,34.4955798]},"properties":{"name":"\u5317\u845b\u57ce\u5909\u96fb\u6240","vn_kv":77.0,"vm_pu":1.0,"va_deg":-32.89}},{"type":"Feature","geometry":{"type":"Point","coordinates":[135.74825605,34.4094973]},"properties":{"name":"\u5fa1\u6240\u5e02\u5909\u96fb\u6240","vn_kv":77.0,"vm_pu":1.0,"va_deg":-32.02}},{"type":"Feature","geometry":{"type":"Point","coordinates":[135.72557581724138,34.498385633620686]},"properties":{"name":"\u5317\u845b\u57ce\u5909\u96fb\u6240 275kV","vn_kv":275.0,"vm_pu":1.0,"va_deg":-27.71}},{"type":"Feature","geometry":{"type":"Point","coordinates":[135.72557581724138,34.498385633620686]},"properties":{"name":"\u5317\u845b\u57ce\u5909\u96fb\u6240 77kV","vn_kv":77.0,"vm_pu":1.0,"va_deg":-32.95}},{"type":"Feature","geometry":{"type":"Point","coordinates":[135.71378335,34.512323625]},"properties":{"name":"\u9577\u5c3e\u5909\u96fb\u6240_2","vn_kv":77.0,"vm_pu":1.0,"va_deg":-33.18}},{"type":"Feature","geometry":{"type":"Point","coordinates":[135.9023503477612,34.44867111791044]},"properties":{"name":"\u6771\u5927\u548c\u958b\u9589\u6240","vn_kv":500.0,"vm_pu":1.0,"va_deg":-19.16}},{"type":"Feature","geometry":{"type":"Point","coordinates":[136.54593907999998,34.565306680000006]},"properties":{"name":"\u7530\u539f\u753a\u5909\u96fb\u6240","vn_kv":77.0,"vm_pu":1.0,"va_deg":-27.19}},{"type":"Feature","geometry":{"type":"Point","coordinates":[136.754907625,34.47854595]},"properties":{"name":"\u4e00\u5b87\u7530\u753a\u5909\u96fb\u6240","vn_kv":77.0,"vm_pu":1.0,"va_deg":-26.99}},{"type":"Feature","geometry":{"type":"Point","coordinates":[135.85767525,33.8241769]},"properties":{"name":"\u65b0\u5bae\u5e02\u5909\u96fb\u6240","vn_kv":77.0,"vm_pu":1.0,"va_deg":-28.26}},{"type":"Feature","geometry":{"type":"Point","coordinates":[136.67705345000002,34.526269400000004]},"properties":{"name":"\u897f\u8c4a\u6d5c\u5909\u96fb\u6240","vn_kv":77.0,"vm_pu":1.0,"va_deg":-26.27}},{"type":"Feature","geometry":{"type":"Point","coordinates":[136.51506827999998,34.574460099999996]},"properties":{"name":"\u5916\u4e94\u66f2\u753a\u5909\u96fb\u6240","vn_kv":77.0,"vm_pu":1.0,"va_deg":-27.31}},{"type":"Feature","geometry":{"type":"Point","coordinates":[136.5388336652174,34.54563549565217]},"properties":{"name":"\u5357\u52e2\u5909\u96fb\u6240 (Nansei Hendensho) 275kV","vn_kv":275.0,"vm_pu":1.0,"va_deg":-26.41}},{"type":"Feature","geometry":{"type":"Point","coordinates":[136.5388336652174,34.54563549565217]},"properties":{"name":"\u5357\u52e2\u5909\u96fb\u6240 (Nansei Hendensho) 154kV","vn_kv":154.0,"vm_pu":1.0,"va_deg":-26.28}},{"type":"Feature","geometry":{"type":"Point","coordinates":[136.5388336652174,34.54563549565217]},"properties":{"name":"\u5357\u52e2\u5909\u96fb\u6240 (Nansei Hendensho) 77kV","vn_kv":77.0,"vm_pu":1.0,"va_deg":-26.9}},{"type":"Feature","geometry":{"type":"Point","coordinates":[136.74881606666668,34.498391166666664]},"properties":{"name":"\u901a\u753a\u5909\u96fb\u6240","vn_kv":77.0,"vm_pu":1.0,"va_deg":-27.05}},{"type":"Feature","geometry":{"type":"Point","coordinates":[136.6408824,34.53465908333333]},"properties":{"name":"\u5927\u5b57\u660e\u661f\u5909\u96fb\u6240","vn_kv":77.0,"vm_pu":1.0,"va_deg":-23.67}},{"type":"Feature","geometry":{"type":"Point","coordinates":[136.53313079999998,34.5603475]},"properties":{"name":"\u6625\u65e5\u753a\u4e8c\u4e01\u76ee\u5909\u96fb\u6240","vn_kv":77.0,"vm_pu":1.0,"va_deg":-27.12}},{"type":"Feature","geometry":{"type":"Point","coordinates":[136.3699686736842,34.44569087894737]},"properties":{"name":"\u4f0a\u52e2\u958b\u9589\u6240 275kV","vn_kv":275.0,"vm_pu":1.0,"va_deg":-26.42}},{"type":"Feature","geometry":{"type":"Point","coordinates":[136.3699686736842,34.44569087894737]},"properties":{"name":"\u4f0a\u52e2\u958b\u9589\u6240 77kV","vn_kv":77.0,"vm_pu":1.0,"va_deg":-26.97}},{"type":"Feature","geometry":{"type":"Point","coordinates":[135.71243495,34.599402]},"properties":{"name":"\u738b\u5bfa\u5909\u96fb\u6240 77kV","vn_kv":77.0,"vm_pu":1.0,"va_deg":-35.45}},{"type":"Feature","geometry":{"type":"Point","coordinates":[135.71243495,34.599402]},"properties":{"name":"\u738b\u5bfa\u5909\u96fb\u6240 66kV","vn_kv":66.0,"vm_pu":1.0,"va_deg":-35.45}},{"type":"Feature","geometry":{"type":"Point","coordinates":[135.75501225,34.5972658]},"properties":{"name":"\u5b89\u5835\u5909\u96fb\u6240","vn_kv":66.0,"vm_pu":1.0,"va_deg":-35.74}},{"type":"Feature","geometry":{"type":"Point","coordinates":[135.84778162,34.513370959999996]},"properties":{"name":"JR\u685c\u4e95\u5909\u96fb\u6240","vn_kv":77.0,"vm_pu":1.0,"va_deg":-37.17}},{"type":"Feature","geometry":{"type":"Point","coordinates":[136.5572828888889,34.50186517777777]},"properties":{"name":"\u8352\u8494\u5909\u96fb\u6240","vn_kv":77.0,"vm_pu":1.0,"va_deg":-25.9}},{"type":"Feature","geometry":{"type":"Point","coordinates":[135.97410448,34.03866189]},"properties":{"name":"\u4e0b\u6c60\u539f\u5909\u96fb\u6240","vn_kv":275.0,"vm_pu":1.02,"va_deg":-26.72}},{"type":"Feature","geometry":{"type":"Point","coordinates":[135.9763073,34.0399081]},"properties":{"name":"\u4e0b\u5317\u5c71\u6751\u5909\u96fb\u6240","vn_kv":275.0,"vm_pu":1.0,"va_deg":-26.72}},{"type":"Feature","geometry":{"type":"Point","coordinates":[135.97320155,34.039654925]},"properties":{"name":"\u4e0b\u6c60\u539f\u5909\u96fb\u6240_2","vn_kv":275.0,"vm_pu":1.0,"va_deg":-26.72}},{"type":"Feature","geometry":{"type":"Point","coordinates":[135.940466325,33.59609045]},"properties":{"name":"\u592a\u5730\u753a\u5909\u96fb\u6240","vn_kv":77.0,"vm_pu":1.0,"va_deg":-31.42}},{"type":"Feature","geometry":{"type":"Point","coordinates":[135.9355463,34.53148868333333]},"properties":{"name":"\u699b\u539f\u89d2\u67c4\u5909\u96fb\u6240","vn_kv":500.0,"vm_pu":1.0,"va_deg":-19.04}},{"type":"Feature","geometry":{"type":"Point","coordinates":[135.9370176125,34.5303791375]},"properties":{"name":"\u699b\u539f\u67f3\u5909\u96fb\u6240","vn_kv":500.0,"vm_pu":1.0,"va_deg":-19.04}},{"type":"Feature","geometry":{"type":"Point","coordinates":[136.6945074,34.5006608]},"properties":{"name":"\u66fd\u7962\u4e8c\u4e01\u76ee\u5909\u96fb\u6240","vn_kv":77.0,"vm_pu":1.0,"va_deg":-25.85}},{"type":"Feature","geometry":{"type":"Point","coordinates":[135.7903451090909,34.50700709090909]},"properties":{"name":"\u95a2\u897f\u96fb\u529b\uff08\u682a\uff09\u6a7f\u539f\u5909\u96fb\u6240","vn_kv":66.0,"vm_pu":1.0,"va_deg":-36.25}},{"type":"Feature","geometry":{"type":"Point","coordinates":[135.76989706666666,34.50679063333333]},"properties":{"name":"\u897f\u6a7f\u539f\u5909\u96fb\u6240","vn_kv":66.0,"vm_pu":1.0,"va_deg":-36.48}},{"type":"Feature","geometry":{"type":"Point","coordinates":[135.76925436666667,34.45112376666666]},"properties":{"name":"\u8d8a\u667a\u5ca1\u5909\u96fb\u6240","vn_kv":77.0,"vm_pu":1.0,"va_deg":-31.73}},{"type":"Feature","geometry":{"type":"Point","coordinates":[135.7246257,34.48807178]},"properties":{"name":"\u65b0\u5e84\u5909\u96fb\u6240","vn_kv":77.0,"vm_pu":1.0,"va_deg":-32.69}},{"type":"Feature","geometry":{"type":"Point","coordinates":[135.72734146666667,34.38627053333334]},"properties":{"name":"\u963f\u7530\u5cef\u5909\u96fb\u6240 77kV","vn_kv":77.0,"vm_pu":1.0,"va_deg":-31.93}},{"type":"Feature","geometry":{"type":"Point","coordinates":[135.72734146666667,34.38627053333334]},"properties":{"name":"\u963f\u7530\u5cef\u5909\u96fb\u6240 (untyped)","vn_kv":77.0,"vm_pu":1.0,"va_deg":-31.94}},{"type":"Feature","geometry":{"type":"Point","coordinates":[135.7448293625,34.5216946125]},"properties":{"name":"\u9ad8\u7530\u5909\u96fb\u6240 77kV","vn_kv":77.0,"vm_pu":1.0,"va_deg":-34.48}},{"type":"Feature","geometry":{"type":"Point","coordinates":[135.7448293625,34.5216946125]},"properties":{"name":"\u9ad8\u7530\u5909\u96fb\u6240 66kV","vn_kv":66.0,"vm_pu":1.0,"va_deg":-34.51}},{"type":"Feature","geometry":{"type":"Point","coordinates":[135.78703499,34.55219528]},"properties":{"name":"\u7530\u539f\u672c\u5909\u96fb\u6240","vn_kv":66.0,"vm_pu":1.0,"va_deg":-36.28}},{"type":"Feature","geometry":{"type":"Point","coordinates":[135.95463718000002,34.54003311]},"properties":{"name":"\u699b\u539f\u5909\u96fb\u6240","vn_kv":77.0,"vm_pu":1.0,"va_deg":-34.99}},{"type":"Feature","geometry":{"type":"Point","coordinates":[135.93896456,34.58942219]},"properties":{"name":"\u90fd\u7941\u5909\u96fb\u6240","vn_kv":77.0,"vm_pu":1.0,"va_deg":-34.41}},{"type":"Feature","geometry":{"type":"Point","coordinates":[135.69834039166668,34.362510158333336]},"properties":{"name":"\u5ca1\u5909\u96fb\u6240","vn_kv":77.0,"vm_pu":1.0,"va_deg":-31.11}},{"type":"Feature","geometry":{"type":"Point","coordinates":[135.6992899,34.3568893]},"properties":{"name":"\u95a2\u897f\u96fb\u529b\u4e94\u6761\u5909\u96fb\u6240","vn_kv":77.0,"vm_pu":1.0,"va_deg":-31.15}},{"type":"Feature","geometry":{"type":"Point","coordinates":[135.70767855,34.339021900000006]},"properties":{"name":"\u95a2\u897f\u96fb\u529b\u91ce\u539f\u5909\u96fb\u6240","vn_kv":77.0,"vm_pu":1.0,"va_deg":-31.6}},{"type":"Feature","geometry":{"type":"Point","coordinates":[135.81809206,34.395803539999996]},"properties":{"name":"\u95a2\u897f\u96fb\u529b\u5317\u91ce\u53f0\u5909\u96fb\u6240 500kV","vn_kv":500.0,"vm_pu":1.0,"va_deg":-19.46}},{"type":"Feature","geometry":{"type":"Point","coordinates":[135.81809206,34.395803539999996]},"properties":{"name":"\u95a2\u897f\u96fb\u529b\u5317\u91ce\u53f0\u5909\u96fb\u6240 77kV","vn_kv":77.0,"vm_pu":1.0,"va_deg":-24.85}},{"type":"Feature","geometry":{"type":"Point","coordinates":[135.81809206,34.395803539999996]},"properties":{"name":"\u95a2\u897f\u96fb\u529b\u5317\u91ce\u53f0\u5909\u96fb\u6240 66kV","vn_kv":66.0,"vm_pu":1.0,"va_deg":-24.86}},{"type":"Feature","geometry":{"type":"Point","coordinates":[135.8454184,34.39794286666667]},"properties":{"name":"\u8fd1\u9244\u4e0a\u5e02\u5909\u96fb\u6240","vn_kv":77.0,"vm_pu":1.0,"va_deg":-19.7}},{"type":"Feature","geometry":{"type":"Point","coordinates":[135.99121852105262,33.71579911052631]},"properties":{"name":"\u65b0\u5bae\u5909\u96fb\u6240","vn_kv":275.0,"vm_pu":1.0,"va_deg":-28.57}},{"type":"Feature","geometry":{"type":"Point","coordinates":[136.09493014999998,33.88674535]},"properties":{"name":"\u6728\u672c\u5909\u96fb\u6240","vn_kv":275.0,"vm_pu":1.0,"va_deg":-28.67}},{"type":"Feature","geometry":{"type":"Point","coordinates":[135.99570493333334,33.740029799999995]},"properties":{"name":"\u7d00\u5b9d\u914d\u96fb\u30bb\u30f3\u30bf\u30fc","vn_kv":275.0,"vm_pu":1.0,"va_deg":-28.61}},{"type":"Feature","geometry":{"type":"Point","coordinates":[135.70900186,34.521378819999995]},"properties":{"name":"\u9999\u829d\u5909\u96fb\u6240","vn_kv":77.0,"vm_pu":1.0,"va_deg":-33.21}},{"type":"Feature","geometry":{"type":"Point","coordinates":[135.876856775,34.38773560833334]},"properties":{"name":"\u6771\u5409\u91ce\u5909\u96fb\u6240","vn_kv":77.0,"vm_pu":1.0,"va_deg":-18.98}},{"type":"Feature","geometry":{"type":"Point","coordinates":[135.69622055000002,34.54304645]},"properties":{"name":"\u4e0b\u7530\u5909\u96fb\u6240","vn_kv":77.0,"vm_pu":1.0,"va_deg":-33.51}},{"type":"Feature","geometry":{"type":"Point","coordinates":[136.038013,33.80171008]},"properties":{"name":"\u963f\u7530\u548c\u5909\u96fb\u6240","vn_kv":275.0,"vm_pu":1.0,"va_deg":-28.65}},{"type":"Feature","geometry":{"type":"Point","coordinates":[135.75513312857143,34.549789371428574]},"properties":{"name":"\u5e83\u9675\u5909\u96fb\u6240","vn_kv":77.0,"vm_pu":1.0,"va_deg":-34.71}},{"type":"Feature","geometry":{"type":"Point","coordinates":[135.93149818333333,33.64093053333333]},"properties":{"name":"\u52dd\u6d66\u5909\u96fb\u6240 275kV","vn_kv":275.0,"vm_pu":1.0,"va_deg":-28.86}},{"type":"Feature","geometry":{"type":"Point","coordinates":[135.93149818333333,33.64093053333333]},"properties":{"name":"\u52dd\u6d66\u5909\u96fb\u6240 (untyped)","vn_kv":275.0,"vm_pu":1.0,"va_deg":-28.86}},{"type":"Feature","geometry":{"type":"Point","coordinates":[135.923181075,33.583696175]},"properties":{"name":"\u4e0b\u91cc\u5909\u96fb\u6240","vn_kv":77.0,"vm_pu":1.0,"va_deg":-31.59}},{"type":"Feature","geometry":{"type":"Point","coordinates":[135.77134966,34.47753076]},"properties":{"name":"\u755d\u508d\u5909\u96fb\u6240","vn_kv":66.0,"vm_pu":1.0,"va_deg":-36.92}},{"type":"Feature","geometry":{"type":"Point","coordinates":[135.86386871666664,34.2397327]},"properties":{"name":"\u5357\u89d2\u5909\u96fb\u6240","vn_kv":66.0,"vm_pu":1.0,"va_deg":-26.54}},{"type":"Feature","geometry":{"type":"Point","coordinates":[135.864921,34.237781383333335]},"properties":{"name":"\u5317\u89d2\u5909\u96fb\u6240","vn_kv":66.0,"vm_pu":1.0,"va_deg":-26.58}},{"type":"Feature","geometry":{"type":"Point","coordinates":[135.81076864,33.5330941]},"properties":{"name":"\u53e4\u7530\u5909\u96fb\u6240","vn_kv":77.0,"vm_pu":1.0,"va_deg":-32.13}},{"type":"Feature","geometry":{"type":"Point","coordinates":[135.82475051666668,34.56247056666667]},"properties":{"name":"\u67f3\u672c\u5909\u96fb\u6240","vn_kv":77.0,"vm_pu":1.0,"va_deg":-35.06}},{"type":"Feature","geometry":{"type":"Point","coordinates":[136.52483476666666,34.53123093333333]},"properties":{"name":"\u5e83\u967d\u753a\u5909\u96fb\u6240","vn_kv":77.0,"vm_pu":1.0,"va_deg":-26.53}},{"type":"Feature","geometry":{"type":"Point","coordinates":[135.82214939523809,34.11298762380952]},"properties":{"name":"\u5341\u6d25\u5ddd\u6751\u5909\u96fb\u6240","vn_kv":500.0,"vm_pu":1.03,"va_deg":-18.42}},{"type":"Feature","geometry":{"type":"Point","coordinates":[135.9137994666667,33.59264471666667]},"properties":{"name":"\u5e02\u5c4b\u5909\u96fb\u6240","vn_kv":77.0,"vm_pu":1.0,"va_deg":-30.9}},{"type":"Feature","geometry":{"type":"Point","coordinates":[135.7163033076923,34.593398692307694]},"properties":{"name":"\u738b\u5bfa\u5909\u96fb\u6240 77kV","vn_kv":77.0,"vm_pu":1.0,"va_deg":-35.43}},{"type":"Feature","geometry":{"type":"Point","coordinates":[135.7163033076923,34.593398692307694]},"properties":{"name":"\u738b\u5bfa\u5909\u96fb\u6240 66kV","vn_kv":66.0,"vm_pu":1.0,"va_deg":-35.44}},{"type":"Feature","geometry":{"type":"Point","coordinates":[135.716689975,34.57469605]},"properties":{"name":"\u4e0a\u7267\u753a\u5909\u96fb\u6240 77kV","vn_kv":77.0,"vm_pu":1.0,"va_deg":-35.29}},{"type":"Feature","geometry":{"type":"Point","coordinates":[135.716689975,34.57469605]},"properties":{"name":"\u4e0a\u7267\u753a\u5909\u96fb\u6240 66kV","vn_kv":66.0,"vm_pu":1.0,"va_deg":-35.3}},{"type":"Feature","geometry":{"type":"Point","coordinates":[135.72040448,34.54667645]},"properties":{"name":"\u771f\u7f8e\u30f6\u4e18\u5909\u96fb\u6240 77kV","vn_kv":77.0,"vm_pu":1.0,"va_deg":-34.96}},{"type":"Feature","geometry":{"type":"Point","coordinates":[135.72040448,34.54667645]},"properties":{"name":"\u771f\u7f8e\u30f6\u4e18\u5909\u96fb\u6240 66kV","vn_kv":66.0,"vm_pu":1.0,"va_deg":-34.96}},{"type":"Feature","geometry":{"type":"Point","coordinates":[135.74151034666667,34.52687799333333]},"properties":{"name":"\u795e\u697d\u5909\u96fb\u6240 77kV","vn_kv":77.0,"vm_pu":1.0,"va_deg":-34.47}},{"type":"Feature","geometry":{"type":"Point","coordinates":[135.74151034666667,34.52687799333333]},"properties":{"name":"\u795e\u697d\u5909\u96fb\u6240 66kV","vn_kv":66.0,"vm_pu":1.0,"va_deg":-34.48}},{"type":"Feature","geometry":{"type":"Point","coordinates":[136.1924088,34.080745025]},"properties":{"name":"\u5bae\u30ce\u4e0a\u5909\u96fb\u6240","vn_kv":77.0,"vm_pu":1.0,"va_deg":-23.38}},{"type":"Feature","geometry":{"type":"Point","coordinates":[136.71627953,34.50834799]},"properties":{"name":"\u5c71\u7530\u5909\u96fb\u6240","vn_kv":77.0,"vm_pu":1.0,"va_deg":-26.3}},{"type":"Feature","geometry":{"type":"Point","coordinates":[135.8246177111111,33.846478311111106]},"properties":{"name":"\u718a\u91ce\u5ddd\u753a\u76f8\u9808\u5909\u96fb\u6240","vn_kv":275.0,"vm_pu":1.0,"va_deg":-27.76}},{"type":"Feature","geometry":{"type":"Point","coordinates":[134.77599594999998,35.40704565]},"properties":{"name":"\u8acf\u8a2a\u753a\u5909\u96fb\u6240","vn_kv":66.0,"vm_pu":1.0,"va_deg":-45.86}},{"type":"Feature","geometry":{"type":"Point","coordinates":[134.9255741,35.036094075]},"properties":{"name":"\u95a2\u897f\u96fb\u529b\u4e2d\u753a\u5909\u96fb\u6240","vn_kv":77.0,"vm_pu":1.0,"va_deg":-25.51}},{"type":"Feature","geometry":{"type":"Point","coordinates":[134.96100373333334,34.9839672]},"properties":{"name":"\u897f\u8107\u5909\u96fb\u6240","vn_kv":77.0,"vm_pu":1.0,"va_deg":-20.89}},{"type":"Feature","geometry":{"type":"Point","coordinates":[135.26561394076086,35.35138399130435]},"properties":{"name":"\u65b0\u7dbe\u90e8\u5909\u96fb\u6240 500kV","vn_kv":500.0,"vm_pu":1.0,"va_deg":-11.85}},{"type":"Feature","geometry":{"type":"Point","coordinates":[135.26561394076086,35.35138399130435]},"properties":{"name":"\u65b0\u7dbe\u90e8\u5909\u96fb\u6240 275kV","vn_kv":275.0,"vm_pu":1.0,"va_deg":-11.17}},{"type":"Feature","geometry":{"type":"Point","coordinates":[135.26561394076086,35.35138399130435]},"properties":{"name":"\u65b0\u7dbe\u90e8\u5909\u96fb\u6240 77kV","vn_kv":77.0,"vm_pu":1.0,"va_deg":-9.11}},{"type":"Feature","geometry":{"type":"Point","coordinates":[135.26561394076086,35.35138399130435]},"properties":{"name":"\u65b0\u7dbe\u90e8\u5909\u96fb\u6240 (untyped)","vn_kv":500.0,"vm_pu":1.0,"va_deg":-11.85}},{"type":"Feature","geometry":{"type":"Point","coordinates":[135.3561686375,34.787202025]},"properties":{"name":"\u4ec1\u5ddd\u5909\u96fb\u6240 154kV","vn_kv":154.0,"vm_pu":1.0,"va_deg":-22.04}},{"type":"Feature","geometry":{"type":"Point","coordinates":[135.3561686375,34.787202025]},"properties":{"name":"\u4ec1\u5ddd\u5909\u96fb\u6240 77kV","vn_kv":77.0,"vm_pu":1.0,"va_deg":-20.88}},{"type":"Feature","geometry":{"type":"Point","coordinates":[135.62894531111112,34.856518333333334]},"properties":{"name":"\u9ad8\u69fb\u5909\u96fb\u6240 77kV","vn_kv":77.0,"vm_pu":1.0,"va_deg":-23.5}},{"type":"Feature","geometry":{"type":"Point","coordinates":[135.62894531111112,34.856518333333334]},"properties":{"name":"\u9ad8\u69fb\u5909\u96fb\u6240 66kV","vn_kv":66.0,"vm_pu":1.0,"va_deg":-23.5}},{"type":"Feature","geometry":{"type":"Point","coordinates":[135.23886387666667,34.73822822]},"properties":{"name":"\u65b0\u516d\u7532\u5909\u96fb\u6240 275kV","vn_kv":275.0,"vm_pu":1.0,"va_deg":-16.95}},{"type":"Feature","geometry":{"type":"Point","coordinates":[135.23886387666667,34.73822822]},"properties":{"name":"\u65b0\u516d\u7532\u5909\u96fb\u6240 77kV","vn_kv":77.0,"vm_pu":1.0,"va_deg":-14.68}},{"type":"Feature","geometry":{"type":"Point","coordinates":[135.2457609,34.73401321090909]},"properties":{"name":"\u65b0\u795e\u6238\u5909\u96fb\u6240 275kV","vn_kv":275.0,"vm_pu":1.0,"va_deg":-16.97}},{"type":"Feature","geometry":{"type":"Point","coordinates":[135.2457609,34.73401321090909]},"properties":{"name":"\u65b0\u795e\u6238\u5909\u96fb\u6240 77kV","vn_kv":77.0,"vm_pu":1.0,"va_deg":-14.6}},{"type":"Feature","geometry":{"type":"Point","coordinates":[135.3397025,34.87644065909091]},"properties":{"name":"\u5b9d\u585a\u958b\u9589\u6240 (Takarazuka Kaiheisho) 275kV","vn_kv":275.0,"vm_pu":1.0,"va_deg":-17.92}},{"type":"Feature","geometry":{"type":"Point","coordinates":[135.3397025,34.87644065909091]},"properties":{"name":"\u5b9d\u585a\u958b\u9589\u6240 (Takarazuka Kaiheisho) 154kV","vn_kv":154.0,"vm_pu":1.0,"va_deg":-20.08}},{"type":"Feature","geometry":{"type":"Point","coordinates":[135.3751845951807,34.785880659036145]},"properties":{"name":"\u4f0a\u4e39\u5909\u96fb\u6240 275kV","vn_kv":275.0,"vm_pu":1.0,"va_deg":-18.02}},{"type":"Feature","geometry":{"type":"Point","coordinates":[135.3751845951807,34.785880659036145]},"properties":{"name":"\u4f0a\u4e39\u5909\u96fb\u6240 154kV","vn_kv":154.0,"vm_pu":1.0,"va_deg":-22.16}},{"type":"Feature","geometry":{"type":"Point","coordinates":[135.3751845951807,34.785880659036145]},"properties":{"name":"\u4f0a\u4e39\u5909\u96fb\u6240 77kV","vn_kv":77.0,"vm_pu":1.0,"va_deg":-21.8}},{"type":"Feature","geometry":{"type":"Point","coordinates":[135.3751845951807,34.785880659036145]},"properties":{"name":"\u4f0a\u4e39\u5909\u96fb\u6240 66kV","vn_kv":66.0,"vm_pu":1.0,"va_deg":-21.82}},{"type":"Feature","geometry":{"type":"Point","coordinates":[135.3466252746988,34.98418426987952]},"properties":{"name":"\u732a\u540d\u5ddd\u5909\u96fb\u6240 500kV","vn_kv":500.0,"vm_pu":1.0,"va_deg":-14.0}},{"type":"Feature","geometry":{"type":"Point","coordinates":[135.3466252746988,34.98418426987952]},"properties":{"name":"\u732a\u540d\u5ddd\u5909\u96fb\u6240 275kV","vn_kv":275.0,"vm_pu":1.0,"va_deg":-17.06}},{"type":"Feature","geometry":{"type":"Point","coordinates":[135.3466252746988,34.98418426987952]},"properties":{"name":"\u732a\u540d\u5ddd\u5909\u96fb\u6240 154kV","vn_kv":154.0,"vm_pu":1.0,"va_deg":-18.7}},{"type":"Feature","geometry":{"type":"Point","coordinates":[135.3744005,34.8252493]},"properties":{"name":"\u4e2d\u7b4b\u4e8c\u4e01\u76ee\u5909\u96fb\u6240 154kV","vn_kv":154.0,"vm_pu":1.0,"va_deg":-22.06}},{"type":"Feature","geometry":{"type":"Point","coordinates":[135.3744005,34.8252493]},"properties":{"name":"\u4e2d\u7b4b\u4e8c\u4e01\u76ee\u5909\u96fb\u6240 77kV","vn_kv":77.0,"vm_pu":1.0,"va_deg":-22.54}},{"type":"Feature","geometry":{"type":"Point","coordinates":[135.4116563,34.8889021]},"properties":{"name":"\u898b\u91ce\u4e8c\u4e01\u76ee\u5909\u96fb\u6240","vn_kv":77.0,"vm_pu":1.0,"va_deg":-23.1}},{"type":"Feature","geometry":{"type":"Point","coordinates":[135.50926228235292,34.868958129411766]},"properties":{"name":"\u897f\u5927\u962a\u5909\u96fb\u6240 275kV","vn_kv":275.0,"vm_pu":1.0,"va_deg":-19.2}},{"type":"Feature","geometry":{"type":"Point","coordinates":[135.50926228235292,34.868958129411766]},"properties":{"name":"\u897f\u5927\u962a\u5909\u96fb\u6240 77kV","vn_kv":77.0,"vm_pu":1.0,"va_deg":-20.22}},{"type":"Feature","geometry":{"type":"Point","coordinates":[135.57550677242992,34.8808966953271]},"properties":{"name":"\u5317\u5927\u962a\u5909\u96fb\u6240 275kV","vn_kv":275.0,"vm_pu":1.0,"va_deg":-19.85}},{"type":"Feature","geometry":{"type":"Point","coordinates":[135.57550677242992,34.8808966953271]},"properties":{"name":"\u5317\u5927\u962a\u5909\u96fb\u6240 154kV","vn_kv":154.0,"vm_pu":1.0,"va_deg":-25.43}},{"type":"Feature","geometry":{"type":"Point","coordinates":[135.57550677242992,34.8808966953271]},"properties":{"name":"\u5317\u5927\u962a\u5909\u96fb\u6240 77kV","vn_kv":77.0,"vm_pu":1.0,"va_deg":-24.62}},{"type":"Feature","geometry":{"type":"Point","coordinates":[135.57550677242992,34.8808966953271]},"properties":{"name":"\u5317\u5927\u962a\u5909\u96fb\u6240 (untyped)","vn_kv":275.0,"vm_pu":1.0,"va_deg":-19.85}},{"type":"Feature","geometry":{"type":"Point","coordinates":[135.44736185,34.800701707142856]},"properties":{"name":"\u962a\u6025\u96fb\u9244 \u77f3\u6a4b\u5909\u96fb\u6240","vn_kv":77.0,"vm_pu":1.0,"va_deg":-23.71}},{"type":"Feature","geometry":{"type":"Point","coordinates":[135.48085106451612,34.755048406451614]},"properties":{"name":"\u5c0f\u66fd\u6839\u96fb\u529b\u6240 154kV","vn_kv":154.0,"vm_pu":1.0,"va_deg":-26.45}},{"type":"Feature","geometry":{"type":"Point","coordinates":[135.48085106451612,34.755048406451614]},"properties":{"name":"\u5c0f\u66fd\u6839\u96fb\u529b\u6240 77kV","vn_kv":77.0,"vm_pu":1.0,"va_deg":-25.89}},{"type":"Feature","geometry":{"type":"Point","coordinates":[135.48085106451612,34.755048406451614]},"properties":{"name":"\u5c0f\u66fd\u6839\u96fb\u529b\u6240 (untyped)","vn_kv":275.0,"vm_pu":1.0,"va_deg":-26.55}},{"type":"Feature","geometry":{"type":"Point","coordinates":[135.47874368571428,34.7428437]},"properties":{"name":"\u962a\u6025\u96fb\u9244 \u4e09\u56fd\u5909\u96fb\u6240","vn_kv":77.0,"vm_pu":1.0,"va_deg":-39.58}},{"type":"Feature","geometry":{"type":"Point","coordinates":[135.5212693375,34.8379294875]},"properties":{"name":"\u5bbf\u4e45\u5e84\u4e8c\u4e01\u76ee\u5909\u96fb\u6240","vn_kv":77.0,"vm_pu":1.0,"va_deg":-27.11}},{"type":"Feature","geometry":{"type":"Point","coordinates":[135.51871327777778,34.84165188888889]},"properties":{"name":"\u7c9f\u751f\u9593\u8c37\u6771\u4e00\u4e01\u76ee\u5909\u96fb\u6240","vn_kv":77.0,"vm_pu":1.0,"va_deg":-27.11}},{"type":"Feature","geometry":{"type":"Point","coordinates":[135.5158437285714,34.83741622857143]},"properties":{"name":"\u7c9f\u751f\u65b0\u5bb6\u4e09\u4e01\u76ee\u5909\u96fb\u6240","vn_kv":77.0,"vm_pu":1.0,"va_deg":-27.11}},{"type":"Feature","geometry":{"type":"Point","coordinates":[135.41055532222222,34.81046757777778]},"properties":{"name":"\u52a0\u8302\u4e94\u4e01\u76ee\u5909\u96fb\u6240","vn_kv":77.0,"vm_pu":1.0,"va_deg":-21.19}},{"type":"Feature","geometry":{"type":"Point","coordinates":[135.4178639857143,34.84046652857143]},"properties":{"name":"\u4e38\u306e\u5185\u753a\u5909\u96fb\u6240","vn_kv":275.0,"vm_pu":1.0,"va_deg":-18.05}},{"type":"Feature","geometry":{"type":"Point","coordinates":[135.39654476,34.90447598]},"properties":{"name":"\u80fd\u52e2\u96fb\u9244 \u65e5\u751f\u5909\u96fb\u6240","vn_kv":275.0,"vm_pu":1.0,"va_deg":-18.36}},{"type":"Feature","geometry":{"type":"Point","coordinates":[135.39613874000003,34.904695079999996]},"properties":{"name":"\u95a2\u897f\u96fb\u529b \u4e00\u5eab\u5909\u96fb\u6240","vn_kv":275.0,"vm_pu":1.0,"va_deg":-18.36}},{"type":"Feature","geometry":{"type":"Point","coordinates":[135.47514271999998,34.67039588]},"properties":{"name":"\u4e5d\u6761\u5909\u96fb\u6240","vn_kv":154.0,"vm_pu":1.0,"va_deg":-41.55}},{"type":"Feature","geometry":{"type":"Point","coordinates":[135.46795672222223,34.75544525555556]},"properties":{"name":"\u7a42\u7a4d\u4e8c\u4e01\u76ee\u5909\u96fb\u6240","vn_kv":77.0,"vm_pu":1.0,"va_deg":-25.87}},{"type":"Feature","geometry":{"type":"Point","coordinates":[135.29569452,34.73375688]},"properties":{"name":"\u4e09\u6761\u5357\u753a\u5909\u96fb\u6240","vn_kv":77.0,"vm_pu":1.0,"va_deg":-14.74}},{"type":"Feature","geometry":{"type":"Point","coordinates":[135.64200305666665,34.70439948055555]},"properties":{"name":"\u6771\u5927\u962a\u5909\u96fb\u6240 275kV","vn_kv":275.0,"vm_pu":1.0,"va_deg":-25.49}},{"type":"Feature","geometry":{"type":"Point","coordinates":[135.64200305666665,34.70439948055555]},"properties":{"name":"\u6771\u5927\u962a\u5909\u96fb\u6240 154kV","vn_kv":154.0,"vm_pu":1.0,"va_deg":-27.59}},{"type":"Feature","geometry":{"type":"Point","coordinates":[135.64200305666665,34.70439948055555]},"properties":{"name":"\u6771\u5927\u962a\u5909\u96fb\u6240 77kV","vn_kv":77.0,"vm_pu":1.0,"va_deg":-28.69}},{"type":"Feature","geometry":{"type":"Point","coordinates":[135.64200305666665,34.70439948055555]},"properties":{"name":"\u6771\u5927\u962a\u5909\u96fb\u6240 (untyped)","vn_kv":275.0,"vm_pu":1.0,"va_deg":-25.49}},{"type":"Feature","geometry":{"type":"Point","coordinates":[135.64394733571427,34.69129935714285]},"properties":{"name":"\u77f3\u5207\u5909\u96fb\u6240 154kV","vn_kv":154.0,"vm_pu":1.0,"va_deg":-27.65}},{"type":"Feature","geometry":{"type":"Point","coordinates":[135.64394733571427,34.69129935714285]},"properties":{"name":"\u77f3\u5207\u5909\u96fb\u6240 77kV","vn_kv":77.0,"vm_pu":1.0,"va_deg":-28.62}},{"type":"Feature","geometry":{"type":"Point","coordinates":[135.49664014285713,34.627458000000004]},"properties":{"name":"\u7389\u51fa\u6771\u4e00\u4e01\u76ee\u5909\u96fb\u6240","vn_kv":77.0,"vm_pu":1.0,"va_deg":-40.49}},{"type":"Feature","geometry":{"type":"Point","coordinates":[135.61280701428572,34.657791342857145]},"properties":{"name":"\u82e5\u6c5f\u6771\u753a\u4e8c\u4e01\u76ee\u5909\u96fb\u6240 154kV","vn_kv":154.0,"vm_pu":1.0,"va_deg":-29.19}},{"type":"Feature","geometry":{"type":"Point","coordinates":[135.61280701428572,34.657791342857145]},"properties":{"name":"\u82e5\u6c5f\u6771\u753a\u4e8c\u4e01\u76ee\u5909\u96fb\u6240 77kV","vn_kv":77.0,"vm_pu":1.0,"va_deg":-30.72}},{"type":"Feature","geometry":{"type":"Point","coordinates":[135.60797633037976,34.606203802531645]},"properties":{"name":"\u516b\u5c3e\u5909\u96fb\u6240 154kV","vn_kv":154.0,"vm_pu":1.0,"va_deg":-28.77}},{"type":"Feature","geometry":{"type":"Point","coordinates":[135.60797633037976,34.606203802531645]},"properties":{"name":"\u516b\u5c3e\u5909\u96fb\u6240 77kV","vn_kv":77.0,"vm_pu":1.0,"va_deg":-32.55}},{"type":"Feature","geometry":{"type":"Point","coordinates":[135.61912294966888,34.969816153642384]},"properties":{"name":"\u897f\u4eac\u90fd\u5909\u96fb\u6240 500kV","vn_kv":500.0,"vm_pu":1.0,"va_deg":-16.59}},{"type":"Feature","geometry":{"type":"Point","coordinates":[135.61912294966888,34.969816153642384]},"properties":{"name":"\u897f\u4eac\u90fd\u5909\u96fb\u6240 275kV","vn_kv":275.0,"vm_pu":1.0,"va_deg":-19.18}},{"type":"Feature","geometry":{"type":"Point","coordinates":[135.61912294966888,34.969816153642384]},"properties":{"name":"\u897f\u4eac\u90fd\u5909\u96fb\u6240 154kV","vn_kv":154.0,"vm_pu":1.0,"va_deg":-19.64}},{"type":"Feature","geometry":{"type":"Point","coordinates":[135.61912294966888,34.969816153642384]},"properties":{"name":"\u897f\u4eac\u90fd\u5909\u96fb\u6240 77kV","vn_kv":77.0,"vm_pu":1.0,"va_deg":-19.51}},{"type":"Feature","geometry":{"type":"Point","coordinates":[135.11071205669643,34.93220550848214]},"properties":{"name":"\u5317\u6442\u5909\u96fb\u6240 500kV","vn_kv":500.0,"vm_pu":1.0,"va_deg":-13.42}},{"type":"Feature","geometry":{"type":"Point","coordinates":[135.11071205669643,34.93220550848214]},"properties":{"name":"\u5317\u6442\u5909\u96fb\u6240 275kV","vn_kv":275.0,"vm_pu":1.0,"va_deg":-16.08}},{"type":"Feature","geometry":{"type":"Point","coordinates":[135.11071205669643,34.93220550848214]},"properties":{"name":"\u5317\u6442\u5909\u96fb\u6240 77kV","vn_kv":77.0,"vm_pu":1.0,"va_deg":-16.59}},{"type":"Feature","geometry":{"type":"Point","coordinates":[135.4875098,34.69804866]},"properties":{"name":"JR\u897f\u65e5\u672c \u5927\u962a\u5909\u96fb\u6240","vn_kv":77.0,"vm_pu":1.0,"va_deg":-41.91}},{"type":"Feature","geometry":{"type":"Point","coordinates":[135.50219753333332,34.69573325333333]},"properties":{"name":"\u66fd\u6839\u5d0e \u5909\u96fb\u6240","vn_kv":77.0,"vm_pu":1.0,"va_deg":-41.8}},{"type":"Feature","geometry":{"type":"Point","coordinates":[134.97930246666667,34.661781446666666]},"properties":{"name":"\u660e\u77f3\u5909\u96fb\u6240\u660e\u77f3\u5236\u5fa1\u6240 77kV","vn_kv":77.0,"vm_pu":1.0,"va_deg":-19.4}},{"type":"Feature","geometry":{"type":"Point","coordinates":[134.97930246666667,34.661781446666666]},"properties":{"name":"\u660e\u77f3\u5909\u96fb\u6240\u660e\u77f3\u5236\u5fa1\u6240 66kV","vn_kv":66.0,"vm_pu":1.0,"va_deg":-19.4}},{"type":"Feature","geometry":{"type":"Point","coordinates":[134.97930246666667,34.661781446666666]},"properties":{"name":"\u660e\u77f3\u5909\u96fb\u6240\u660e\u77f3\u5236\u5fa1\u6240 (untyped)","vn_kv":77.0,"vm_pu":1.0,"va_deg":-19.41}},{"type":"Feature","geometry":{"type":"Point","coordinates":[135.08649783535353,34.71147344747475]},"properties":{"name":"\u897f\u795e\u6238\u5909\u96fb\u6240 275kV","vn_kv":275.0,"vm_pu":1.0,"va_deg":-16.38}},{"type":"Feature","geometry":{"type":"Point","coordinates":[135.08649783535353,34.71147344747475]},"properties":{"name":"\u897f\u795e\u6238\u5909\u96fb\u6240 77kV","vn_kv":77.0,"vm_pu":1.0,"va_deg":-18.39}},{"type":"Feature","geometry":{"type":"Point","coordinates":[135.5968016473684,34.73846069774436]},"properties":{"name":"\u53e4\u5ddd\u6a4b\u5909\u96fb\u6240 154kV","vn_kv":154.0,"vm_pu":1.0,"va_deg":-28.13}},{"type":"Feature","geometry":{"type":"Point","coordinates":[135.5968016473684,34.73846069774436]},"properties":{"name":"\u53e4\u5ddd\u6a4b\u5909\u96fb\u6240 77kV","vn_kv":77.0,"vm_pu":1.0,"va_deg":-30.03}},{"type":"Feature","geometry":{"type":"Point","coordinates":[135.5968016473684,34.73846069774436]},"properties":{"name":"\u53e4\u5ddd\u6a4b\u5909\u96fb\u6240 (untyped)","vn_kv":154.0,"vm_pu":1.0,"va_deg":-28.13}},{"type":"Feature","geometry":{"type":"Point","coordinates":[135.55546397941177,34.76071895882353]},"properties":{"name":"\u5473\u751f\u5909\u96fb\u6240 154kV","vn_kv":154.0,"vm_pu":1.0,"va_deg":-35.38}},{"type":"Feature","geometry":{"type":"Point","coordinates":[135.55546397941177,34.76071895882353]},"properties":{"name":"\u5473\u751f\u5909\u96fb\u6240 77kV","vn_kv":77.0,"vm_pu":1.0,"va_deg":-30.54}},{"type":"Feature","geometry":{"type":"Point","coordinates":[135.58489186923077,34.81535555384615]},"properties":{"name":"\u4e94\u5341\u9234\u753a\u5909\u96fb\u6240 77kV","vn_kv":77.0,"vm_pu":1.0,"va_deg":-24.61}},{"type":"Feature","geometry":{"type":"Point","coordinates":[135.58489186923077,34.81535555384615]},"properties":{"name":"\u4e94\u5341\u9234\u753a\u5909\u96fb\u6240 (untyped)","vn_kv":77.0,"vm_pu":1.0,"va_deg":-24.62}},{"type":"Feature","geometry":{"type":"Point","coordinates":[135.6236905764706,34.834113364705885]},"properties":{"name":"\u897f\u51a0\u4e00\u4e01\u76ee\u5909\u96fb\u6240","vn_kv":77.0,"vm_pu":1.0,"va_deg":-23.93}},{"type":"Feature","geometry":{"type":"Point","coordinates":[135.589335288,34.788455116]},"properties":{"name":"\u9ce5\u98fc\u516b\u753a\u4e00\u4e01\u76ee\u5909\u96fb\u6240 154kV","vn_kv":154.0,"vm_pu":1.0,"va_deg":-23.69}},{"type":"Feature","geometry":{"type":"Point","coordinates":[135.589335288,34.788455116]},"properties":{"name":"\u9ce5\u98fc\u516b\u753a\u4e00\u4e01\u76ee\u5909\u96fb\u6240 77kV","vn_kv":77.0,"vm_pu":1.0,"va_deg":-24.45}},{"type":"Feature","geometry":{"type":"Point","coordinates":[135.589335288,34.788455116]},"properties":{"name":"\u9ce5\u98fc\u516b\u753a\u4e00\u4e01\u76ee\u5909\u96fb\u6240 (untyped)","vn_kv":154.0,"vm_pu":1.0,"va_deg":-23.69}},{"type":"Feature","geometry":{"type":"Point","coordinates":[135.46955547,34.620717830000004]},"properties":{"name":"\u6577\u6d25\u5909\u96fb\u6240 154kV","vn_kv":154.0,"vm_pu":1.01,"va_deg":-40.23}},{"type":"Feature","geometry":{"type":"Point","coordinates":[135.46955547,34.620717830000004]},"properties":{"name":"\u6577\u6d25\u5909\u96fb\u6240 (untyped)","vn_kv":154.0,"vm_pu":1.0,"va_deg":-40.21}},{"type":"Feature","geometry":{"type":"Point","coordinates":[135.59606,34.6749747]},"properties":{"name":"\u6771\u610f\u5c90\u90e8\u5909\u96fb\u6240 154kV","vn_kv":154.0,"vm_pu":1.0,"va_deg":-27.95}},{"type":"Feature","geometry":{"type":"Point","coordinates":[135.59606,34.6749747]},"properties":{"name":"\u6771\u610f\u5c90\u90e8\u5909\u96fb\u6240 77kV","vn_kv":77.0,"vm_pu":1.0,"va_deg":-30.9}},{"type":"Feature","geometry":{"type":"Point","coordinates":[135.59275682666666,34.67275810666667]},"properties":{"name":"\u610f\u5c90\u90e8\u5909\u96fb\u6240 154kV","vn_kv":154.0,"vm_pu":1.0,"va_deg":-27.96}},{"type":"Feature","geometry":{"type":"Point","coordinates":[135.59275682666666,34.67275810666667]},"properties":{"name":"\u610f\u5c90\u90e8\u5909\u96fb\u6240 77kV","vn_kv":77.0,"vm_pu":1.0,"va_deg":-30.94}},{"type":"Feature","geometry":{"type":"Point","coordinates":[135.51706106666666,34.80889033333333]},"properties":{"name":"\u962a\u6025\u96fb\u9244 \u5343\u91cc\u5909\u96fb\u6240 154kV","vn_kv":154.0,"vm_pu":1.0,"va_deg":-26.29}},{"type":"Feature","geometry":{"type":"Point","coordinates":[135.51706106666666,34.80889033333333]},"properties":{"name":"\u962a\u6025\u96fb\u9244 \u5343\u91cc\u5909\u96fb\u6240 (untyped)","vn_kv":154.0,"vm_pu":1.0,"va_deg":-26.29}},{"type":"Feature","geometry":{"type":"Point","coordinates":[135.4019483264151,34.70568115094339]},"properties":{"name":"\u9053\u610f\u753a\u4e03\u4e01\u76ee\u5909\u96fb\u6240 77kV","vn_kv":77.0,"vm_pu":1.0,"va_deg":-26.12}},{"type":"Feature","geometry":{"type":"Point","coordinates":[135.4019483264151,34.70568115094339]},"properties":{"name":"\u9053\u610f\u753a\u4e03\u4e01\u76ee\u5909\u96fb\u6240 66kV","vn_kv":66.0,"vm_pu":1.0,"va_deg":-26.13}},{"type":"Feature","geometry":{"type":"Point","coordinates":[134.94916964444445,34.69599631111111]},"properties":{"name":"\u5927\u4e45\u4fdd\u753a\u9ad8\u4e18\u56db\u4e01\u76ee\u5909\u96fb\u6240","vn_kv":77.0,"vm_pu":1.0,"va_deg":-18.02}},{"type":"Feature","geometry":{"type":"Point","coordinates":[134.98547576,34.65034964]},"properties":{"name":"JR\u897f\u65e5\u672c\u660e\u77f3\u5909\u96fb\u6240","vn_kv":77.0,"vm_pu":1.0,"va_deg":-19.55}},{"type":"Feature","geometry":{"type":"Point","coordinates":[135.42638136923077,34.742901123076926]},"properties":{"name":"\u795e\u5d0e\u5909\u96fb\u6240 154kV","vn_kv":154.0,"vm_pu":1.0,"va_deg":-23.26}},{"type":"Feature","geometry":{"type":"Point","coordinates":[135.42638136923077,34.742901123076926]},"properties":{"name":"\u795e\u5d0e\u5909\u96fb\u6240 77kV","vn_kv":77.0,"vm_pu":1.0,"va_deg":-25.68}},{"type":"Feature","geometry":{"type":"Point","coordinates":[135.42638136923077,34.742901123076926]},"properties":{"name":"\u795e\u5d0e\u5909\u96fb\u6240 66kV","vn_kv":66.0,"vm_pu":1.0,"va_deg":-25.69}},{"type":"Feature","geometry":{"type":"Point","coordinates":[135.50303186,34.690102839999994]},"properties":{"name":"\u5317\u6d5c\u5909\u96fb\u6240","vn_kv":154.0,"vm_pu":1.0,"va_deg":-41.74}},{"type":"Feature","geometry":{"type":"Point","coordinates":[135.49740114999997,34.7158317]},"properties":{"name":"\u8c4a\u5d0e\u5909\u96fb\u6240","vn_kv":154.0,"vm_pu":1.0,"va_deg":-25.89}},{"type":"Feature","geometry":{"type":"Point","coordinates":[134.69752672222222,34.83494796666667]},"properties":{"name":"\u95a2\u897f\u96fb\u529b \u7dcf\u793e\u5909\u96fb\u6240","vn_kv":77.0,"vm_pu":1.0,"va_deg":-17.14}},{"type":"Feature","geometry":{"type":"Point","coordinates":[135.50465543,34.68049811]},"properties":{"name":"\u4e45\u5b9d\u5bfa\u5909\u96fb\u6240","vn_kv":77.0,"vm_pu":1.0,"va_deg":-41.94}},{"type":"Feature","geometry":{"type":"Point","coordinates":[134.60249059411765,35.06254130392157]},"properties":{"name":"\u5c71\u5d0e\u958b\u9589\u6240 500kV","vn_kv":500.0,"vm_pu":1.03,"va_deg":-11.7}},{"type":"Feature","geometry":{"type":"Point","coordinates":[134.60249059411765,35.06254130392157]},"properties":{"name":"\u5c71\u5d0e\u958b\u9589\u6240 (untyped)","vn_kv":500.0,"vm_pu":1.0,"va_deg":-11.7}},{"type":"Feature","geometry":{"type":"Point","coordinates":[134.6677666506173,34.84922444567901]},"properties":{"name":"\u59eb\u8def\u5909\u96fb\u6240 275kV","vn_kv":275.0,"vm_pu":1.0,"va_deg":-13.71}},{"type":"Feature","geometry":{"type":"Point","coordinates":[134.6677666506173,34.84922444567901]},"properties":{"name":"\u59eb\u8def\u5909\u96fb\u6240 77kV","vn_kv":77.0,"vm_pu":1.0,"va_deg":-17.32}},{"type":"Feature","geometry":{"type":"Point","coordinates":[134.57992377272728,34.83300279090909]},"properties":{"name":"\u9d64\u5909\u96fb\u6240 77kV","vn_kv":77.0,"vm_pu":1.0,"va_deg":-18.39}},{"type":"Feature","geometry":{"type":"Point","coordinates":[134.57992377272728,34.83300279090909]},"properties":{"name":"\u9d64\u5909\u96fb\u6240 66kV","vn_kv":66.0,"vm_pu":1.0,"va_deg":-18.39}},{"type":"Feature","geometry":{"type":"Point","coordinates":[134.61377536666666,34.79902823333333]},"properties":{"name":"\u5927\u6d25\u533a\u5929\u6e80\u5909\u96fb\u6240","vn_kv":77.0,"vm_pu":1.0,"va_deg":-18.02}},{"type":"Feature","geometry":{"type":"Point","coordinates":[135.52905863076924,34.70790131538461]},"properties":{"name":"\u90fd\u5cf6\u5909\u96fb\u6240","vn_kv":77.0,"vm_pu":1.0,"va_deg":-28.52}},{"type":"Feature","geometry":{"type":"Point","coordinates":[135.50932388,34.65590022]},"properties":{"name":"\u95a2\u897f\u96fb\u529b\u4e0b\u5bfa\u5909\u96fb\u6240","vn_kv":77.0,"vm_pu":1.0,"va_deg":-42.14}},{"type":"Feature","geometry":{"type":"Point","coordinates":[135.39981849411765,34.73854702941177]},"properties":{"name":"\u897f\u7acb\u82b1\u753a\u56db\u4e01\u76ee\u5909\u96fb\u6240 77kV","vn_kv":77.0,"vm_pu":1.0,"va_deg":-25.71}},{"type":"Feature","geometry":{"type":"Point","coordinates":[135.39981849411765,34.73854702941177]},"properties":{"name":"\u897f\u7acb\u82b1\u753a\u56db\u4e01\u76ee\u5909\u96fb\u6240 66kV","vn_kv":66.0,"vm_pu":1.0,"va_deg":-25.72}},{"type":"Feature","geometry":{"type":"Point","coordinates":[135.5238326,34.6559639125]},"properties":{"name":"\u95a2\u897f\u96fb\u529b\u6843\u8c37\u5909\u96fb\u6240","vn_kv":77.0,"vm_pu":1.0,"va_deg":-42.22}},{"type":"Feature","geometry":{"type":"Point","coordinates":[135.49243375,34.7432533]},"properties":{"name":"\u897f\u4e09\u56fd\u5909\u96fb\u6240 154kV","vn_kv":154.0,"vm_pu":1.0,"va_deg":-35.64}},{"type":"Feature","geometry":{"type":"Point","coordinates":[135.49243375,34.7432533]},"properties":{"name":"\u897f\u4e09\u56fd\u5909\u96fb\u6240 77kV","vn_kv":77.0,"vm_pu":1.0,"va_deg":-39.46}},{"type":"Feature","geometry":{"type":"Point","coordinates":[135.452182,34.71559283333333]},"properties":{"name":"\u95a2\u897f\u96fb\u529b\u5fa1\u5e63\u5cf6\u5909\u96fb\u6240 154kV","vn_kv":154.0,"vm_pu":1.0,"va_deg":-23.45}},{"type":"Feature","geometry":{"type":"Point","coordinates":[135.452182,34.71559283333333]},"properties":{"name":"\u95a2\u897f\u96fb\u529b\u5fa1\u5e63\u5cf6\u5909\u96fb\u6240 (untyped)","vn_kv":154.0,"vm_pu":1.0,"va_deg":-23.45}},{"type":"Feature","geometry":{"type":"Point","coordinates":[135.51572091764706,34.80600948235294]},"properties":{"name":"\u5343\u91cc\u4e18\u5909\u96fb\u6240 154kV","vn_kv":154.0,"vm_pu":1.0,"va_deg":-26.3}},{"type":"Feature","geometry":{"type":"Point","coordinates":[135.51572091764706,34.80600948235294]},"properties":{"name":"\u5343\u91cc\u4e18\u5909\u96fb\u6240 77kV","vn_kv":77.0,"vm_pu":1.0,"va_deg":-27.82}},{"type":"Feature","geometry":{"type":"Point","coordinates":[135.51572091764706,34.80600948235294]},"properties":{"name":"\u5343\u91cc\u4e18\u5909\u96fb\u6240 (untyped)","vn_kv":77.0,"vm_pu":1.0,"va_deg":-26.45}},{"type":"Feature","geometry":{"type":"Point","coordinates":[135.4810589,34.6806828]},"properties":{"name":"\u672c\u7530\u5909\u96fb\u6240 (Honden Substation)","vn_kv":154.0,"vm_pu":1.0,"va_deg":-41.66}},{"type":"Feature","geometry":{"type":"Point","coordinates":[135.4348513,34.63885606666667]},"properties":{"name":"\u5357\u6e2f\u6771\u4e03\u4e01\u76ee\u5909\u96fb\u6240","vn_kv":154.0,"vm_pu":1.0,"va_deg":-41.11}},{"type":"Feature","geometry":{"type":"Point","coordinates":[135.46567773750002,34.7257281125]},"properties":{"name":"\u4e09\u6d25\u5c4b\u5909\u96fb\u6240 77kV","vn_kv":77.0,"vm_pu":1.0,"va_deg":-39.73}},{"type":"Feature","geometry":{"type":"Point","coordinates":[135.46567773750002,34.7257281125]},"properties":{"name":"\u4e09\u6d25\u5c4b\u5909\u96fb\u6240 (untyped)","vn_kv":77.0,"vm_pu":1.0,"va_deg":-39.74}},{"type":"Feature","geometry":{"type":"Point","coordinates":[135.4617248,34.668582549999996]},"properties":{"name":"\u5e02\u5ca1\u5143\u753a\u4e09\u4e01\u76ee\u5909\u96fb\u6240","vn_kv":154.0,"vm_pu":1.0,"va_deg":-41.5}},{"type":"Feature","geometry":{"type":"Point","coordinates":[135.5390852,34.66880115]},"properties":{"name":"\u732a\u98fc\u91ce\u5909\u96fb\u6240","vn_kv":77.0,"vm_pu":1.0,"va_deg":-28.8}},{"type":"Feature","geometry":{"type":"Point","coordinates":[135.19432102000002,34.70969858]},"properties":{"name":"\u751f\u7530\u753a\u4e00\u4e01\u76ee\u5909\u96fb\u6240","vn_kv":77.0,"vm_pu":1.0,"va_deg":-15.65}},{"type":"Feature","geometry":{"type":"Point","coordinates":[135.43119303333333,34.756240600000005]},"properties":{"name":"\u5712\u7530\u5909\u96fb\u6240","vn_kv":77.0,"vm_pu":1.0,"va_deg":-25.99}},{"type":"Feature","geometry":{"type":"Point","coordinates":[134.90222162,34.69484748]},"properties":{"name":"\u5909\u96fb\u5ba4","vn_kv":77.0,"vm_pu":1.0,"va_deg":-17.73}},{"type":"Feature","geometry":{"type":"Point","coordinates":[135.48423263538461,34.990877498461536]},"properties":{"name":"\u80fd\u52e2\u5909\u96fb\u6240 500kV","vn_kv":500.0,"vm_pu":1.0,"va_deg":-15.38}},{"type":"Feature","geometry":{"type":"Point","coordinates":[135.48423263538461,34.990877498461536]},"properties":{"name":"\u80fd\u52e2\u5909\u96fb\u6240 275kV","vn_kv":275.0,"vm_pu":1.0,"va_deg":-18.75}},{"type":"Feature","geometry":{"type":"Point","coordinates":[134.85650423534483,34.80208364137931]},"properties":{"name":"\u65b0\u52a0\u53e4\u5ddd\u5909\u96fb\u6240 275kV","vn_kv":275.0,"vm_pu":1.0,"va_deg":-14.37}},{"type":"Feature","geometry":{"type":"Point","coordinates":[134.85650423534483,34.80208364137931]},"properties":{"name":"\u65b0\u52a0\u53e4\u5ddd\u5909\u96fb\u6240 77kV","vn_kv":77.0,"vm_pu":1.0,"va_deg":-16.48}},{"type":"Feature","geometry":{"type":"Point","coordinates":[135.1610718846154,35.28606263846154]},"properties":{"name":"\u9577\u7530\u91ce\u753a\u4e8c\u4e01\u76ee\u5909\u96fb\u6240","vn_kv":77.0,"vm_pu":1.0,"va_deg":-13.57}},{"type":"Feature","geometry":{"type":"Point","coordinates":[135.01916834000002,34.64625458]},"properties":{"name":"\u671d\u9727\u5357\u753a\u4e00\u4e01\u76ee\u5909\u96fb\u6240 77kV","vn_kv":77.0,"vm_pu":1.0,"va_deg":-19.54}},{"type":"Feature","geometry":{"type":"Point","coordinates":[135.01916834000002,34.64625458]},"properties":{"name":"\u671d\u9727\u5357\u753a\u4e00\u4e01\u76ee\u5909\u96fb\u6240 66kV","vn_kv":66.0,"vm_pu":1.0,"va_deg":-19.54}},{"type":"Feature","geometry":{"type":"Point","coordinates":[135.11934541,34.675291085000005]},"properties":{"name":"\u9808\u78e8\u5909\u96fb\u6240","vn_kv":77.0,"vm_pu":1.0,"va_deg":-19.12}},{"type":"Feature","geometry":{"type":"Point","coordinates":[134.69452458571428,34.776497850000005]},"properties":{"name":"\u59eb\u8def\u5e02\u5909\u96fb\u6240","vn_kv":275.0,"vm_pu":1.02,"va_deg":-12.84}},{"type":"Feature","geometry":{"type":"Point","coordinates":[135.541787725,34.6483836625]},"properties":{"name":"\u7530\u5cf6\u5909\u96fb\u6240","vn_kv":77.0,"vm_pu":1.0,"va_deg":-32.53}},{"type":"Feature","geometry":{"type":"Point","coordinates":[134.67330823333336,34.8334465]},"properties":{"name":"\u57ce\u897f\u5909\u96fb\u6240","vn_kv":77.0,"vm_pu":1.0,"va_deg":-17.42}},{"type":"Feature","geometry":{"type":"Point","coordinates":[135.43169445555554,34.7144264]},"properties":{"name":"\u676d\u702c\u5357\u65b0\u753a\u4e00\u4e01\u76ee\u5909\u96fb\u6240 77kV","vn_kv":77.0,"vm_pu":1.0,"va_deg":-27.01}},{"type":"Feature","geometry":{"type":"Point","coordinates":[135.43169445555554,34.7144264]},"properties":{"name":"\u676d\u702c\u5357\u65b0\u753a\u4e00\u4e01\u76ee\u5909\u96fb\u6240 66kV","vn_kv":66.0,"vm_pu":1.0,"va_deg":-27.01}},{"type":"Feature","geometry":{"type":"Point","coordinates":[135.64479013283582,35.137296602985074]},"properties":{"name":"\u4eac\u5317\u958b\u9589\u6240","vn_kv":500.0,"vm_pu":1.03,"va_deg":-16.2}},{"type":"Feature","geometry":{"type":"Point","coordinates":[135.5622992222222,34.651285277777774]},"properties":{"name":"\u5e03\u65bd\u5909\u96fb\u6240","vn_kv":77.0,"vm_pu":1.0,"va_deg":-32.39}},{"type":"Feature","geometry":{"type":"Point","coordinates":[134.57614863636365,34.78172766363636]},"properties":{"name":"\u6d5c\u7530\u5909\u96fb\u6240 77kV","vn_kv":77.0,"vm_pu":1.0,"va_deg":-18.39}},{"type":"Feature","geometry":{"type":"Point","coordinates":[134.57614863636365,34.78172766363636]},"properties":{"name":"\u6d5c\u7530\u5909\u96fb\u6240 66kV","vn_kv":66.0,"vm_pu":1.0,"va_deg":-18.39}},{"type":"Feature","geometry":{"type":"Point","coordinates":[135.55831254285715,34.6645386]},"properties":{"name":"\u8db3\u4ee3\u5909\u96fb\u6240","vn_kv":77.0,"vm_pu":1.0,"va_deg":-32.54}},{"type":"Feature","geometry":{"type":"Point","coordinates":[134.85329462222222,34.726198394444445]},"properties":{"name":"\u5225\u5e9c\u5909\u96fb\u6240 77kV","vn_kv":77.0,"vm_pu":1.0,"va_deg":-17.09}},{"type":"Feature","geometry":{"type":"Point","coordinates":[134.85329462222222,34.726198394444445]},"properties":{"name":"\u5225\u5e9c\u5909\u96fb\u6240 66kV","vn_kv":66.0,"vm_pu":1.0,"va_deg":-17.09}},{"type":"Feature","geometry":{"type":"Point","coordinates":[134.85329462222222,34.726198394444445]},"properties":{"name":"\u5225\u5e9c\u5909\u96fb\u6240 (untyped)","vn_kv":77.0,"vm_pu":1.0,"va_deg":-17.11}},{"type":"Feature","geometry":{"type":"Point","coordinates":[135.54372903333334,34.65986026666667]},"properties":{"name":"\u4e2d\u5ddd\u753a\u5909\u96fb\u6240","vn_kv":77.0,"vm_pu":1.0,"va_deg":-32.58}},{"type":"Feature","geometry":{"type":"Point","coordinates":[135.53046827777777,34.78856264444445]},"properties":{"name":"\u95a2\u897f\u96fb\u529b \u4f50\u4e95\u5bfa\u5909\u96fb\u6240","vn_kv":77.0,"vm_pu":1.0,"va_deg":-28.13}},{"type":"Feature","geometry":{"type":"Point","coordinates":[135.21447088,34.865046459999995]},"properties":{"name":"\u9e7f\u306e\u5b50\u53f0\u5909\u96fb\u6240","vn_kv":77.0,"vm_pu":1.0,"va_deg":-17.74}},{"type":"Feature","geometry":{"type":"Point","coordinates":[135.51883045,34.753049399999995]},"properties":{"name":"\u5439\u7530\u5909\u96fb\u6240","vn_kv":77.0,"vm_pu":1.0,"va_deg":-31.11}},{"type":"Feature","geometry":{"type":"Point","coordinates":[135.512781,34.75353906666667]},"properties":{"name":"\u5439\u7530\u5909\u96fb\u6240 77kV","vn_kv":77.0,"vm_pu":1.0,"va_deg":-31.15}},{"type":"Feature","geometry":{"type":"Point","coordinates":[135.512781,34.75353906666667]},"properties":{"name":"\u5439\u7530\u5909\u96fb\u6240 (untyped)","vn_kv":77.0,"vm_pu":1.0,"va_deg":-31.16}},{"type":"Feature","geometry":{"type":"Point","coordinates":[134.59936775555556,34.785196122222224]},"properties":{"name":"\u7db2\u5e72\u5909\u96fb\u6240 77kV","vn_kv":77.0,"vm_pu":1.0,"va_deg":-17.89}},{"type":"Feature","geometry":{"type":"Point","coordinates":[134.59936775555556,34.785196122222224]},"properties":{"name":"\u7db2\u5e72\u5909\u96fb\u6240 66kV","vn_kv":66.0,"vm_pu":1.0,"va_deg":-17.9}},{"type":"Feature","geometry":{"type":"Point","coordinates":[134.59936775555556,34.785196122222224]},"properties":{"name":"\u7db2\u5e72\u5909\u96fb\u6240 (untyped)","vn_kv":77.0,"vm_pu":1.0,"va_deg":-17.9}},{"type":"Feature","geometry":{"type":"Point","coordinates":[134.65062916666668,34.80484966666666]},"properties":{"name":"\u95a2\u897f\u96fb\u529b\u82f1\u8cc0\u5909\u96fb\u6240","vn_kv":77.0,"vm_pu":1.0,"va_deg":-17.23}},{"type":"Feature","geometry":{"type":"Point","coordinates":[135.48245474,35.18544936]},"properties":{"name":"\u5357\u4e39\u5e02\u5909\u96fb\u6240 500kV","vn_kv":500.0,"vm_pu":1.0,"va_deg":-13.64}},{"type":"Feature","geometry":{"type":"Point","coordinates":[135.48245474,35.18544936]},"properties":{"name":"\u5357\u4e39\u5e02\u5909\u96fb\u6240 77kV","vn_kv":77.0,"vm_pu":1.0,"va_deg":-12.79}},{"type":"Feature","geometry":{"type":"Point","coordinates":[135.10375516,35.31028698]},"properties":{"name":"\u5ca9\u4e95\u6771\u753a\u5909\u96fb\u6240 77kV","vn_kv":77.0,"vm_pu":1.0,"va_deg":-13.67}},{"type":"Feature","geometry":{"type":"Point","coordinates":[135.10375516,35.31028698]},"properties":{"name":"\u5ca9\u4e95\u6771\u753a\u5909\u96fb\u6240 (untyped)","vn_kv":77.0,"vm_pu":1.0,"va_deg":-13.62}},{"type":"Feature","geometry":{"type":"Point","coordinates":[135.2044423,35.536271600000006]},"properties":{"name":"\u5b89\u667a\u5909\u96fb\u6240 77kV","vn_kv":77.0,"vm_pu":1.0,"va_deg":-41.37}},{"type":"Feature","geometry":{"type":"Point","coordinates":[135.2044423,35.536271600000006]},"properties":{"name":"\u5b89\u667a\u5909\u96fb\u6240 (untyped)","vn_kv":77.0,"vm_pu":1.0,"va_deg":-41.38}},{"type":"Feature","geometry":{"type":"Point","coordinates":[134.81953806153845,35.551705246153844]},"properties":{"name":"\u8c4a\u5ca1\u5909\u96fb\u6240 77kV","vn_kv":77.0,"vm_pu":1.0,"va_deg":-55.73}},{"type":"Feature","geometry":{"type":"Point","coordinates":[134.81953806153845,35.551705246153844]},"properties":{"name":"\u8c4a\u5ca1\u5909\u96fb\u6240 (untyped)","vn_kv":77.0,"vm_pu":1.0,"va_deg":-55.75}},{"type":"Feature","geometry":{"type":"Point","coordinates":[134.81405185555556,35.62444631111111]},"properties":{"name":"JR\u897f\u65e5\u672c\u57ce\u5d0e\u5909\u96fb\u6240","vn_kv":77.0,"vm_pu":1.0,"va_deg":-57.9}},{"type":"Feature","geometry":{"type":"Point","coordinates":[135.05236675,34.75713415]},"properties":{"name":"\u897f\u533a\u5909\u96fb\u6240_8","vn_kv":77.0,"vm_pu":1.0,"va_deg":-16.57}},{"type":"Feature","geometry":{"type":"Point","coordinates":[135.50322888571426,34.659967]},"properties":{"name":"\u96e3\u6ce2\u5909\u96fb\u6240","vn_kv":77.0,"vm_pu":1.0,"va_deg":-42.08}},{"type":"Feature","geometry":{"type":"Point","coordinates":[135.53593303846154,34.814779200000004]},"properties":{"name":"\u4e0b\u7a42\u7a4d\u5909\u96fb\u6240","vn_kv":154.0,"vm_pu":1.0,"va_deg":-25.84}},{"type":"Feature","geometry":{"type":"Point","coordinates":[135.55314955,34.79559545]},"properties":{"name":"\u5c71\u7530\u5909\u96fb\u6240 154kV","vn_kv":154.0,"vm_pu":1.0,"va_deg":-25.75}},{"type":"Feature","geometry":{"type":"Point","coordinates":[135.55314955,34.79559545]},"properties":{"name":"\u5c71\u7530\u5909\u96fb\u6240 77kV","vn_kv":77.0,"vm_pu":1.0,"va_deg":-25.29}},{"type":"Feature","geometry":{"type":"Point","coordinates":[135.49617337499998,34.8249446375]},"properties":{"name":"\u897f\u5bbf\u5909\u96fb\u6240","vn_kv":77.0,"vm_pu":1.0,"va_deg":-26.56}},{"type":"Feature","geometry":{"type":"Point","coordinates":[135.221050575,34.817008924999996]},"properties":{"name":"\u795e\u6238\u96fb\u9244\u5ca1\u5834\u5909\u96fb\u6240","vn_kv":275.0,"vm_pu":1.0,"va_deg":-17.19}},{"type":"Feature","geometry":{"type":"Point","coordinates":[134.96024942857142,34.78649864285715]},"properties":{"name":"\u5225\u6240\u753a\u5df4\u5909\u96fb\u6240","vn_kv":77.0,"vm_pu":1.0,"va_deg":-15.88}},{"type":"Feature","geometry":{"type":"Point","coordinates":[134.91713735,34.786831157142856]},"properties":{"name":"\u516b\u5e61\u753a\u4e0b\u6751\u5909\u96fb\u6240","vn_kv":77.0,"vm_pu":1.0,"va_deg":-15.98}},{"type":"Feature","geometry":{"type":"Point","coordinates":[135.4040310285714,34.7536271]},"properties":{"name":"\u585a\u53e3\u5909\u96fb\u6240","vn_kv":77.0,"vm_pu":1.0,"va_deg":-25.22}},{"type":"Feature","geometry":{"type":"Point","coordinates":[134.5588223,34.7801921]},"properties":{"name":"\u5fa1\u6d25\u753a\u91dc\u5c4b\u5909\u96fb\u6240","vn_kv":77.0,"vm_pu":1.0,"va_deg":-18.44}},{"type":"Feature","geometry":{"type":"Point","coordinates":[134.65124636666667,34.83091893333333]},"properties":{"name":"\u5e83\u7551\u533a\u84b2\u7530\u4e94\u4e01\u76ee\u5909\u96fb\u6240 77kV","vn_kv":77.0,"vm_pu":1.0,"va_deg":-17.45}},{"type":"Feature","geometry":{"type":"Point","coordinates":[134.65124636666667,34.83091893333333]},"properties":{"name":"\u5e83\u7551\u533a\u84b2\u7530\u4e94\u4e01\u76ee\u5909\u96fb\u6240 (untyped)","vn_kv":66.0,"vm_pu":1.0,"va_deg":-17.45}},{"type":"Feature","geometry":{"type":"Point","coordinates":[135.60113387777776,34.82395812222222]},"properties":{"name":"\u897f\u753a\u5909\u96fb\u6240","vn_kv":77.0,"vm_pu":1.0,"va_deg":-24.27}},{"type":"Feature","geometry":{"type":"Point","coordinates":[134.5709482,34.8842385]},"properties":{"name":"\u95a2\u897f\u96fb\u529b(\u682a) \u795e\u5ca1\u5909\u96fb\u6240","vn_kv":77.0,"vm_pu":1.0,"va_deg":-19.5}},{"type":"Feature","geometry":{"type":"Point","coordinates":[134.8632163142857,35.46113354285715]},"properties":{"name":"\u51fa\u77f3\u5909\u96fb\u6240","vn_kv":77.0,"vm_pu":1.0,"va_deg":-53.07}},{"type":"Feature","geometry":{"type":"Point","coordinates":[135.17124379999998,34.918029366666666]},"properties":{"name":"\u6ca2\u8c37\u5909\u96fb\u6240","vn_kv":77.0,"vm_pu":1.0,"va_deg":-16.74}},{"type":"Feature","geometry":{"type":"Point","coordinates":[135.4160436,34.7239782]},"properties":{"name":"\u5c3c\u5d0e\u5909\u96fb\u6240","vn_kv":66.0,"vm_pu":1.0,"va_deg":-24.82}},{"type":"Feature","geometry":{"type":"Point","coordinates":[135.22843385555555,34.88019375555555]},"properties":{"name":"\u6a2a\u5c71\u753a\u5909\u96fb\u6240","vn_kv":77.0,"vm_pu":1.0,"va_deg":-17.56}},{"type":"Feature","geometry":{"type":"Point","coordinates":[135.20277705,34.783484900000005]},"properties":{"name":"\u5927\u6c60\u5909\u96fb\u6240","vn_kv":275.0,"vm_pu":1.0,"va_deg":-17.11}},{"type":"Feature","geometry":{"type":"Point","coordinates":[134.80331665714286,34.757794366666666]},"properties":{"name":"\u8352\u4e95\u753a\u4e2d\u65b0\u753a\u5909\u96fb\u6240 77kV","vn_kv":77.0,"vm_pu":1.0,"va_deg":-16.23}},{"type":"Feature","geometry":{"type":"Point","coordinates":[134.80331665714286,34.757794366666666]},"properties":{"name":"\u8352\u4e95\u753a\u4e2d\u65b0\u753a\u5909\u96fb\u6240 66kV","vn_kv":66.0,"vm_pu":1.0,"va_deg":-16.25}},{"type":"Feature","geometry":{"type":"Point","coordinates":[134.92463072857143,35.58379908571429]},"properties":{"name":"\u4e45\u7f8e\u6d5c\u753a\u53cb\u91cd\u5909\u96fb\u6240 77kV","vn_kv":77.0,"vm_pu":1.0,"va_deg":-53.27}},{"type":"Feature","geometry":{"type":"Point","coordinates":[134.92463072857143,35.58379908571429]},"properties":{"name":"\u4e45\u7f8e\u6d5c\u753a\u53cb\u91cd\u5909\u96fb\u6240 (untyped)","vn_kv":77.0,"vm_pu":1.0,"va_deg":-53.25}},{"type":"Feature","geometry":{"type":"Point","coordinates":[135.3879297125,34.77950484375]},"properties":{"name":"\u6606\u967d\u5909\u96fb\u6240 154kV","vn_kv":154.0,"vm_pu":1.0,"va_deg":-22.37}},{"type":"Feature","geometry":{"type":"Point","coordinates":[135.3879297125,34.77950484375]},"properties":{"name":"\u6606\u967d\u5909\u96fb\u6240 77kV","vn_kv":77.0,"vm_pu":1.0,"va_deg":-21.97}},{"type":"Feature","geometry":{"type":"Point","coordinates":[135.3879297125,34.77950484375]},"properties":{"name":"\u6606\u967d\u5909\u96fb\u6240 66kV","vn_kv":66.0,"vm_pu":1.0,"va_deg":-21.97}},{"type":"Feature","geometry":{"type":"Point","coordinates":[135.158198,35.57521705]},"properties":{"name":"\u7537\u5c71\u5909\u96fb\u6240_2","vn_kv":77.0,"vm_pu":1.0,"va_deg":-43.04}},{"type":"Feature","geometry":{"type":"Point","coordinates":[135.07090524,35.608411239999995]},"properties":{"name":"\u5cf0\u5c71\u753a\u83c5\u5909\u96fb\u6240 77kV","vn_kv":77.0,"vm_pu":1.0,"va_deg":-46.82}},{"type":"Feature","geometry":{"type":"Point","coordinates":[135.07090524,35.608411239999995]},"properties":{"name":"\u5cf0\u5c71\u753a\u83c5\u5909\u96fb\u6240 (untyped)","vn_kv":77.0,"vm_pu":1.0,"va_deg":-46.84}},{"type":"Feature","geometry":{"type":"Point","coordinates":[135.08050115,35.6752542]},"properties":{"name":"\u5f25\u6804\u753a\u9ce5\u53d6\u5909\u96fb\u6240","vn_kv":77.0,"vm_pu":1.0,"va_deg":-47.23}},{"type":"Feature","geometry":{"type":"Point","coordinates":[135.43227986,34.71126638]},"properties":{"name":"\u4f43\u516d\u4e01\u76ee\u5909\u96fb\u6240 77kV","vn_kv":77.0,"vm_pu":1.0,"va_deg":-26.97}},{"type":"Feature","geometry":{"type":"Point","coordinates":[135.43227986,34.71126638]},"properties":{"name":"\u4f43\u516d\u4e01\u76ee\u5909\u96fb\u6240 66kV","vn_kv":66.0,"vm_pu":1.0,"va_deg":-26.99}},{"type":"Feature","geometry":{"type":"Point","coordinates":[135.02323959999998,35.07233164]},"properties":{"name":"\u5c71\u5357\u753a\u5c71\u5d0e\u5909\u96fb\u6240","vn_kv":77.0,"vm_pu":1.0,"va_deg":-20.36}},{"type":"Feature","geometry":{"type":"Point","coordinates":[134.55429576666666,34.932573233333336]},"properties":{"name":"\u95a2\u897f\u96fb\u529b(\u682a) \u63d6\u4fdd\u5909\u96fb\u6240","vn_kv":77.0,"vm_pu":1.0,"va_deg":-20.15}},{"type":"Feature","geometry":{"type":"Point","coordinates":[135.32236845,34.818400225000005]},"properties":{"name":"\u751f\u702c\u753a\u4e00\u4e01\u76ee\u5909\u96fb\u6240 275kV","vn_kv":275.0,"vm_pu":1.0,"va_deg":-17.61}},{"type":"Feature","geometry":{"type":"Point","coordinates":[135.32236845,34.818400225000005]},"properties":{"name":"\u751f\u702c\u753a\u4e00\u4e01\u76ee\u5909\u96fb\u6240 154kV","vn_kv":154.0,"vm_pu":1.01,"va_deg":-21.36}},{"type":"Feature","geometry":{"type":"Point","coordinates":[135.32236845,34.818400225000005]},"properties":{"name":"\u751f\u702c\u753a\u4e00\u4e01\u76ee\u5909\u96fb\u6240 (untyped)","vn_kv":275.0,"vm_pu":1.0,"va_deg":-17.61}},{"type":"Feature","geometry":{"type":"Point","coordinates":[135.56919874,34.64183688]},"properties":{"name":"\u9577\u702c\u5909\u96fb\u6240","vn_kv":77.0,"vm_pu":1.0,"va_deg":-32.26}},{"type":"Feature","geometry":{"type":"Point","coordinates":[135.19359495,34.9286702]},"properties":{"name":"\u5e83\u91ce\u5909\u96fb\u6240","vn_kv":77.0,"vm_pu":1.0,"va_deg":-16.74}},{"type":"Feature","geometry":{"type":"Point","coordinates":[135.1721246,35.29640412857143]},"properties":{"name":"\u9577\u5c71\u753a\u5909\u96fb\u6240","vn_kv":77.0,"vm_pu":1.0,"va_deg":-13.23}},{"type":"Feature","geometry":{"type":"Point","coordinates":[135.0277682,35.158155949999994]},"properties":{"name":"\u6c37\u4e0a\u753a\u65b0\u90f7\u5909\u96fb\u6240","vn_kv":77.0,"vm_pu":1.0,"va_deg":-19.8}},{"type":"Feature","geometry":{"type":"Point","coordinates":[135.5725227,34.6269538375]},"properties":{"name":"\u52a0\u7f8e\u6771\u516d\u4e01\u76ee\u5909\u96fb\u6240","vn_kv":154.0,"vm_pu":1.0,"va_deg":-29.79}},{"type":"Feature","geometry":{"type":"Point","coordinates":[135.5777256,34.626266816666664]},"properties":{"name":"\u897f\u4e45\u5b9d\u5bfa\u5909\u96fb\u6240","vn_kv":154.0,"vm_pu":1.0,"va_deg":-29.78}},{"type":"Feature","geometry":{"type":"Point","coordinates":[135.4516564,34.654161349999995]},"properties":{"name":"\u7bc9\u6e2f\u5909\u96fb\u6240","vn_kv":77.0,"vm_pu":1.0,"va_deg":-41.67}},{"type":"Feature","geometry":{"type":"Point","coordinates":[135.39127565757576,34.70905945757576]},"properties":{"name":"\u5927\u6d5c\u5909\u96fb\u6240 154kV","vn_kv":154.0,"vm_pu":1.0,"va_deg":-22.8}},{"type":"Feature","geometry":{"type":"Point","coordinates":[135.39127565757576,34.70905945757576]},"properties":{"name":"\u5927\u6d5c\u5909\u96fb\u6240 77kV","vn_kv":77.0,"vm_pu":1.0,"va_deg":-26.04}},{"type":"Feature","geometry":{"type":"Point","coordinates":[135.39127565757576,34.70905945757576]},"properties":{"name":"\u5927\u6d5c\u5909\u96fb\u6240 66kV","vn_kv":66.0,"vm_pu":1.0,"va_deg":-26.04}},{"type":"Feature","geometry":{"type":"Point","coordinates":[135.501327125,34.78450075]},"properties":{"name":"\u897f\u5343\u91cc\u5909\u96fb\u6240","vn_kv":154.0,"vm_pu":1.0,"va_deg":-26.42}},{"type":"Feature","geometry":{"type":"Point","coordinates":[135.60575018571427,34.74286452857143]},"properties":{"name":"\u5927\u548c\u7530 \u5909\u96fb\u6240 154kV","vn_kv":154.0,"vm_pu":1.0,"va_deg":-28.1}},{"type":"Feature","geometry":{"type":"Point","coordinates":[135.60575018571427,34.74286452857143]},"properties":{"name":"\u5927\u548c\u7530 \u5909\u96fb\u6240 77kV","vn_kv":77.0,"vm_pu":1.0,"va_deg":-30.12}},{"type":"Feature","geometry":{"type":"Point","coordinates":[135.4530961,34.744317]},"properties":{"name":"\u9ad8\u7530\u753a\u5909\u96fb\u6240","vn_kv":66.0,"vm_pu":1.0,"va_deg":-23.57}},{"type":"Feature","geometry":{"type":"Point","coordinates":[135.37086135,34.71029095833333]},"properties":{"name":"\u524d\u6d5c\u5909\u96fb\u6240 77kV","vn_kv":77.0,"vm_pu":1.0,"va_deg":-26.07}},{"type":"Feature","geometry":{"type":"Point","coordinates":[135.37086135,34.71029095833333]},"properties":{"name":"\u524d\u6d5c\u5909\u96fb\u6240 66kV","vn_kv":66.0,"vm_pu":1.0,"va_deg":-26.07}},{"type":"Feature","geometry":{"type":"Point","coordinates":[135.386051132,34.70667902]},"properties":{"name":"\u5357\u5927\u6d5c\u5909\u96fb\u6240 154kV","vn_kv":154.0,"vm_pu":1.0,"va_deg":-22.8}},{"type":"Feature","geometry":{"type":"Point","coordinates":[135.386051132,34.70667902]},"properties":{"name":"\u5357\u5927\u6d5c\u5909\u96fb\u6240 77kV","vn_kv":77.0,"vm_pu":1.0,"va_deg":-26.04}},{"type":"Feature","geometry":{"type":"Point","coordinates":[135.386051132,34.70667902]},"properties":{"name":"\u5357\u5927\u6d5c\u5909\u96fb\u6240 66kV","vn_kv":66.0,"vm_pu":1.0,"va_deg":-26.05}},{"type":"Feature","geometry":{"type":"Point","coordinates":[134.86872173333333,34.6919542]},"properties":{"name":"\u6771\u65b0\u5cf6\u5909\u96fb\u6240","vn_kv":77.0,"vm_pu":1.0,"va_deg":-17.52}},{"type":"Feature","geometry":{"type":"Point","coordinates":[135.3691417,34.765285]},"properties":{"name":"\u7532\u6771\u5712\u5909\u96fb\u6240","vn_kv":77.0,"vm_pu":1.0,"va_deg":-19.81}},{"type":"Feature","geometry":{"type":"Point","coordinates":[135.35358522857143,34.75375905714286]},"properties":{"name":"\u5e83\u7530\u5909\u96fb\u6240","vn_kv":77.0,"vm_pu":1.0,"va_deg":-19.18}},{"type":"Feature","geometry":{"type":"Point","coordinates":[135.00000295,34.6038129]},"properties":{"name":"\u677e\u5e06\u5909\u96fb\u6240","vn_kv":77.0,"vm_pu":1.0,"va_deg":-15.54}},{"type":"Feature","geometry":{"type":"Point","coordinates":[134.9758984,34.8238097]},"properties":{"name":"\u5320\u53f0\u5909\u96fb\u6240","vn_kv":77.0,"vm_pu":1.0,"va_deg":-15.37}},{"type":"Feature","geometry":{"type":"Point","coordinates":[135.02096748,34.727032359999995]},"properties":{"name":"\u9ad8\u585a\u53f0\u56db\u4e01\u76ee\u5909\u96fb\u6240","vn_kv":77.0,"vm_pu":1.0,"va_deg":-18.19}},{"type":"Feature","geometry":{"type":"Point","coordinates":[135.4602292,34.6680793]},"properties":{"name":"\u5e02\u5ca1\u5909\u96fb\u6240","vn_kv":154.0,"vm_pu":1.0,"va_deg":-41.49}},{"type":"Feature","geometry":{"type":"Point","coordinates":[135.36886787999998,34.75698238]},"properties":{"name":"\u8352\u6728\u753a\u5909\u96fb\u6240","vn_kv":77.0,"vm_pu":1.0,"va_deg":-19.8}},{"type":"Feature","geometry":{"type":"Point","coordinates":[135.25053077272727,34.82086662727273]},"properties":{"name":"\u5c71\u53e3\u753a\u91d1\u4ed9\u5bfa\u4e8c\u4e01\u76ee\u5909\u96fb\u6240 275kV","vn_kv":275.0,"vm_pu":1.0,"va_deg":-17.22}},{"type":"Feature","geometry":{"type":"Point","coordinates":[135.25053077272727,34.82086662727273]},"properties":{"name":"\u5c71\u53e3\u753a\u91d1\u4ed9\u5bfa\u4e8c\u4e01\u76ee\u5909\u96fb\u6240 77kV","vn_kv":77.0,"vm_pu":1.0,"va_deg":-17.63}},{"type":"Feature","geometry":{"type":"Point","coordinates":[135.25053077272727,34.82086662727273]},"properties":{"name":"\u5c71\u53e3\u753a\u91d1\u4ed9\u5bfa\u4e8c\u4e01\u76ee\u5909\u96fb\u6240 (untyped)","vn_kv":275.0,"vm_pu":1.0,"va_deg":-17.22}},{"type":"Feature","geometry":{"type":"Point","coordinates":[135.07309236,35.1361085]},"properties":{"name":"\u67cf\u539f\u753a\u5357\u591a\u7530\u5909\u96fb\u6240 77kV","vn_kv":77.0,"vm_pu":1.0,"va_deg":-19.04}},{"type":"Feature","geometry":{"type":"Point","coordinates":[135.07309236,35.1361085]},"properties":{"name":"\u67cf\u539f\u753a\u5357\u591a\u7530\u5909\u96fb\u6240 (untyped)","vn_kv":77.0,"vm_pu":1.0,"va_deg":-19.05}},{"type":"Feature","geometry":{"type":"Point","coordinates":[135.09867105,35.49771945]},"properties":{"name":"\u52a0\u60a6\u5909\u96fb\u6240","vn_kv":77.0,"vm_pu":1.0,"va_deg":-44.87}},{"type":"Feature","geometry":{"type":"Point","coordinates":[135.3542318,34.7388565]},"properties":{"name":"\u897f\u5bae\u5909\u96fb\u6240","vn_kv":77.0,"vm_pu":1.0,"va_deg":-22.68}},{"type":"Feature","geometry":{"type":"Point","coordinates":[134.6711111153846,34.775515053846156]},"properties":{"name":"\u59eb\u8def\u5e02\u5909\u96fb\u6240_2 275kV","vn_kv":275.0,"vm_pu":1.02,"va_deg":-12.94}},{"type":"Feature","geometry":{"type":"Point","coordinates":[134.6711111153846,34.775515053846156]},"properties":{"name":"\u59eb\u8def\u5e02\u5909\u96fb\u6240_2 77kV","vn_kv":77.0,"vm_pu":1.0,"va_deg":-16.09}},{"type":"Feature","geometry":{"type":"Point","coordinates":[134.6763420625,34.7810288]},"properties":{"name":"\u98fe\u78e8\u533a\u4e2d\u5cf6\u5909\u96fb\u6240 275kV","vn_kv":275.0,"vm_pu":1.0,"va_deg":-12.93}},{"type":"Feature","geometry":{"type":"Point","coordinates":[134.6763420625,34.7810288]},"properties":{"name":"\u98fe\u78e8\u533a\u4e2d\u5cf6\u5909\u96fb\u6240 77kV","vn_kv":77.0,"vm_pu":1.0,"va_deg":-16.2}},{"type":"Feature","geometry":{"type":"Point","coordinates":[134.6763420625,34.7810288]},"properties":{"name":"\u98fe\u78e8\u533a\u4e2d\u5cf6\u5909\u96fb\u6240 (untyped)","vn_kv":275.0,"vm_pu":1.0,"va_deg":-12.93}},{"type":"Feature","geometry":{"type":"Point","coordinates":[134.60452405714287,34.785610049999995]},"properties":{"name":"\u5927\u6d25\u533a\u5409\u7f8e\u5909\u96fb\u6240 77kV","vn_kv":77.0,"vm_pu":1.0,"va_deg":-17.87}},{"type":"Feature","geometry":{"type":"Point","coordinates":[134.60452405714287,34.785610049999995]},"properties":{"name":"\u5927\u6d25\u533a\u5409\u7f8e\u5909\u96fb\u6240 (untyped)","vn_kv":77.0,"vm_pu":1.0,"va_deg":-17.88}},{"type":"Feature","geometry":{"type":"Point","coordinates":[134.6025047,34.7834522]},"properties":{"name":"\u7db2\u5e72\u533a\u5927\u6c5f\u5cf6\u5909\u96fb\u6240","vn_kv":77.0,"vm_pu":1.0,"va_deg":-17.9}},{"type":"Feature","geometry":{"type":"Point","coordinates":[134.66174905454545,34.78938012727272]},"properties":{"name":"\u98fe\u78e8\u533a\u7d30\u6c5f\u5909\u96fb\u6240","vn_kv":77.0,"vm_pu":1.0,"va_deg":-16.94}},{"type":"Feature","geometry":{"type":"Point","coordinates":[134.6683608,34.78593107333334]},"properties":{"name":"\u59eb\u8def\u5e02\u5909\u96fb\u6240_3 275kV","vn_kv":275.0,"vm_pu":1.0,"va_deg":-12.94}},{"type":"Feature","geometry":{"type":"Point","coordinates":[134.6683608,34.78593107333334]},"properties":{"name":"\u59eb\u8def\u5e02\u5909\u96fb\u6240_3 77kV","vn_kv":77.0,"vm_pu":1.0,"va_deg":-16.9}},{"type":"Feature","geometry":{"type":"Point","coordinates":[134.6683608,34.78593107333334]},"properties":{"name":"\u59eb\u8def\u5e02\u5909\u96fb\u6240_3 (untyped)","vn_kv":275.0,"vm_pu":1.0,"va_deg":-12.94}},{"type":"Feature","geometry":{"type":"Point","coordinates":[134.8108594,35.5420323]},"properties":{"name":"\u8c4a\u5ca1\u5909\u96fb\u6240","vn_kv":77.0,"vm_pu":1.0,"va_deg":-55.65}},{"type":"Feature","geometry":{"type":"Point","coordinates":[134.95874907,34.94351726]},"properties":{"name":"\u4e0a\u6edd\u91ce\u5909\u96fb\u6240","vn_kv":77.0,"vm_pu":1.0,"va_deg":-19.94}},{"type":"Feature","geometry":{"type":"Point","coordinates":[135.50384875050506,35.521523800000004]},"properties":{"name":"\u7530\u30ce\u6d66\u5909\u96fb\u6240 500kV","vn_kv":500.0,"vm_pu":1.03,"va_deg":-10.15}},{"type":"Feature","geometry":{"type":"Point","coordinates":[135.50384875050506,35.521523800000004]},"properties":{"name":"\u7530\u30ce\u6d66\u5909\u96fb\u6240 (untyped)","vn_kv":500.0,"vm_pu":1.0,"va_deg":-10.15}},{"type":"Feature","geometry":{"type":"Point","coordinates":[135.50520654035088,35.520828945614035]},"properties":{"name":"\u7530\u30ce\u6d66\u5909\u96fb\u6240_2 500kV","vn_kv":500.0,"vm_pu":1.0,"va_deg":-10.15}},{"type":"Feature","geometry":{"type":"Point","coordinates":[135.50520654035088,35.520828945614035]},"properties":{"name":"\u7530\u30ce\u6d66\u5909\u96fb\u6240_2 (untyped)","vn_kv":500.0,"vm_pu":1.0,"va_deg":-10.15}},{"type":"Feature","geometry":{"type":"Point","coordinates":[135.58471066666667,34.70504843333334]},"properties":{"name":"\u8328\u7530\u6d5c\u5909\u96fb\u6240 154kV","vn_kv":154.0,"vm_pu":1.0,"va_deg":-28.31}},{"type":"Feature","geometry":{"type":"Point","coordinates":[135.58471066666667,34.70504843333334]},"properties":{"name":"\u8328\u7530\u6d5c\u5909\u96fb\u6240 77kV","vn_kv":77.0,"vm_pu":1.0,"va_deg":-30.43}},{"type":"Feature","geometry":{"type":"Point","coordinates":[135.33124148,34.748399840000005]},"properties":{"name":"\u5919\u5ddd\u5909\u96fb\u6240","vn_kv":77.0,"vm_pu":1.0,"va_deg":-17.96}},{"type":"Feature","geometry":{"type":"Point","coordinates":[135.38572785,34.763338616666665]},"properties":{"name":"\u6b66\u5eab\u5909\u96fb\u6240 154kV","vn_kv":154.0,"vm_pu":1.0,"va_deg":-22.39}},{"type":"Feature","geometry":{"type":"Point","coordinates":[135.38572785,34.763338616666665]},"properties":{"name":"\u6b66\u5eab\u5909\u96fb\u6240 77kV","vn_kv":77.0,"vm_pu":1.0,"va_deg":-20.79}},{"type":"Feature","geometry":{"type":"Point","coordinates":[135.16384587741936,34.72962720322581]},"properties":{"name":"\u795e\u6238\u5909\u96fb\u6240 275kV","vn_kv":275.0,"vm_pu":1.0,"va_deg":-16.92}},{"type":"Feature","geometry":{"type":"Point","coordinates":[135.16384587741936,34.72962720322581]},"properties":{"name":"\u795e\u6238\u5909\u96fb\u6240 77kV","vn_kv":77.0,"vm_pu":1.0,"va_deg":-17.73}},{"type":"Feature","geometry":{"type":"Point","coordinates":[135.16384587741936,34.72962720322581]},"properties":{"name":"\u795e\u6238\u5909\u96fb\u6240 (untyped)","vn_kv":275.0,"vm_pu":1.0,"va_deg":-16.92}},{"type":"Feature","geometry":{"type":"Point","coordinates":[134.65540353333333,34.86018123333333]},"properties":{"name":"\u66f8\u5199\u5909\u96fb\u6240 275kV","vn_kv":275.0,"vm_pu":1.02,"va_deg":-19.05}},{"type":"Feature","geometry":{"type":"Point","coordinates":[134.65540353333333,34.86018123333333]},"properties":{"name":"\u66f8\u5199\u5909\u96fb\u6240 (untyped)","vn_kv":275.0,"vm_pu":1.0,"va_deg":-19.05}},{"type":"Feature","geometry":{"type":"Point","coordinates":[135.62290076666667,34.77466773333333]},"properties":{"name":"\u9999\u91cc\u5909\u96fb\u6240","vn_kv":77.0,"vm_pu":1.0,"va_deg":-29.85}},{"type":"Feature","geometry":{"type":"Point","coordinates":[135.62380951999998,34.76733636]},"properties":{"name":"\u5e73\u6c60\u5909\u96fb\u6240","vn_kv":77.0,"vm_pu":1.0,"va_deg":-29.68}},{"type":"Feature","geometry":{"type":"Point","coordinates":[135.11692692000003,35.29062162]},"properties":{"name":"\u798f\u77e5\u5c71\u5909\u96fb\u6240","vn_kv":77.0,"vm_pu":1.0,"va_deg":-14.5}},{"type":"Feature","geometry":{"type":"Point","coordinates":[134.5099463888889,35.542201066666664]},"properties":{"name":"\u6b4c\u9577\u5909\u96fb\u6240 77kV","vn_kv":77.0,"vm_pu":1.0,"va_deg":-63.04}},{"type":"Feature","geometry":{"type":"Point","coordinates":[134.5099463888889,35.542201066666664]},"properties":{"name":"\u6b4c\u9577\u5909\u96fb\u6240 66kV","vn_kv":66.0,"vm_pu":1.0,"va_deg":-63.04}},{"type":"Feature","geometry":{"type":"Point","coordinates":[134.81850842,35.5280883]},"properties":{"name":"\u4e5d\u65e5\u5e02\u5909\u96fb\u6240","vn_kv":77.0,"vm_pu":1.0,"va_deg":-55.28}},{"type":"Feature","geometry":{"type":"Point","coordinates":[135.07961790000002,34.8933957]},"properties":{"name":"\u5357\u5c71\u4e00\u4e01\u76ee\u5909\u96fb\u6240","vn_kv":275.0,"vm_pu":1.0,"va_deg":-16.15}},{"type":"Feature","geometry":{"type":"Point","coordinates":[135.4127705,34.7529158]},"properties":{"name":"\u585a\u53e3\u753a\u4e00\u4e01\u76ee\u5909\u96fb\u6240","vn_kv":66.0,"vm_pu":1.0,"va_deg":-25.74}},{"type":"Feature","geometry":{"type":"Point","coordinates":[135.40666514,34.7878777]},"properties":{"name":"\u5343\u50e7\u5909\u96fb\u6240","vn_kv":154.0,"vm_pu":1.0,"va_deg":-22.39}},{"type":"Feature","geometry":{"type":"Point","coordinates":[135.18943492142859,35.06014555714286]},"properties":{"name":"\u4e39\u5357\u5909\u96fb\u6240 77kV","vn_kv":77.0,"vm_pu":1.0,"va_deg":-16.98}},{"type":"Feature","geometry":{"type":"Point","coordinates":[135.18943492142859,35.06014555714286]},"properties":{"name":"\u4e39\u5357\u5909\u96fb\u6240 66kV","vn_kv":66.0,"vm_pu":1.0,"va_deg":-16.99}},{"type":"Feature","geometry":{"type":"Point","coordinates":[135.45157206923076,34.6839155]},"properties":{"name":"\u6625\u65e5\u51fa\u5317\u4e00\u4e01\u76ee\u5909\u96fb\u6240","vn_kv":154.0,"vm_pu":1.0,"va_deg":-28.51}},{"type":"Feature","geometry":{"type":"Point","coordinates":[135.4352997,34.71654595]},"properties":{"name":"\u676d\u702c\u5357\u65b0\u753a\u4e8c\u4e01\u76ee\u5909\u96fb\u6240","vn_kv":66.0,"vm_pu":1.0,"va_deg":-27.03}},{"type":"Feature","geometry":{"type":"Point","coordinates":[134.7447855117647,34.93146907647059]},"properties":{"name":"\u6e9d\u53e3\u5909\u96fb\u6240 275kV","vn_kv":275.0,"vm_pu":1.0,"va_deg":-13.42}},{"type":"Feature","geometry":{"type":"Point","coordinates":[134.7447855117647,34.93146907647059]},"properties":{"name":"\u6e9d\u53e3\u5909\u96fb\u6240 77kV","vn_kv":77.0,"vm_pu":1.0,"va_deg":-14.54}},{"type":"Feature","geometry":{"type":"Point","coordinates":[134.7447855117647,34.93146907647059]},"properties":{"name":"\u6e9d\u53e3\u5909\u96fb\u6240 66kV","vn_kv":66.0,"vm_pu":1.0,"va_deg":-14.52}},{"type":"Feature","geometry":{"type":"Point","coordinates":[134.7447855117647,34.93146907647059]},"properties":{"name":"\u6e9d\u53e3\u5909\u96fb\u6240 (untyped)","vn_kv":77.0,"vm_pu":1.0,"va_deg":-13.93}},{"type":"Feature","geometry":{"type":"Point","coordinates":[134.82958994999998,34.928329575]},"properties":{"name":"\u5317\u6761\u753a\u6771\u5357\u5909\u96fb\u6240","vn_kv":77.0,"vm_pu":1.0,"va_deg":-15.93}},{"type":"Feature","geometry":{"type":"Point","coordinates":[135.54751793999998,35.083257700000004]},"properties":{"name":"\u516b\u6728\u5909\u96fb\u6240","vn_kv":77.0,"vm_pu":1.0,"va_deg":-16.73}},{"type":"Feature","geometry":{"type":"Point","coordinates":[135.56485466666666,35.023667749999994]},"properties":{"name":"\u4e80\u5ca1\u5909\u96fb\u6240","vn_kv":77.0,"vm_pu":1.0,"va_deg":-17.98}},{"type":"Feature","geometry":{"type":"Point","coordinates":[135.26517742857143,34.693823914285716]},"properties":{"name":"\u5411\u6d0b\u753a\u4e2d\u4e94\u4e01\u76ee\u5909\u96fb\u6240","vn_kv":77.0,"vm_pu":1.0,"va_deg":12.42}},{"type":"Feature","geometry":{"type":"Point","coordinates":[135.60816032,35.008038920000004]},"properties":{"name":"\u99ac\u5800\u5909\u96fb\u6240","vn_kv":77.0,"vm_pu":1.0,"va_deg":-18.85}},{"type":"Feature","geometry":{"type":"Point","coordinates":[135.48056512727274,34.6046909]},"properties":{"name":"\u5fa1\u5d0e\u4e03\u4e01\u76ee\u5909\u96fb\u6240","vn_kv":77.0,"vm_pu":1.0,"va_deg":-35.22}},{"type":"Feature","geometry":{"type":"Point","coordinates":[134.7770270375,35.40941065]},"properties":{"name":"\u516b\u9e7f\u5909\u96fb\u6240","vn_kv":66.0,"vm_pu":1.0,"va_deg":-45.83}},{"type":"Feature","geometry":{"type":"Point","coordinates":[135.37334973333333,34.72732163333333]},"properties":{"name":"\u5317\u9cf4\u5c3e\u5909\u96fb\u6240","vn_kv":154.0,"vm_pu":1.0,"va_deg":-22.66}},{"type":"Feature","geometry":{"type":"Point","coordinates":[135.401128175,34.7289322125]},"properties":{"name":"\u7acb\u82b1\u5909\u96fb\u6240 77kV","vn_kv":77.0,"vm_pu":1.0,"va_deg":-25.75}},{"type":"Feature","geometry":{"type":"Point","coordinates":[135.401128175,34.7289322125]},"properties":{"name":"\u7acb\u82b1\u5909\u96fb\u6240 66kV","vn_kv":66.0,"vm_pu":1.0,"va_deg":-25.77}},{"type":"Feature","geometry":{"type":"Point","coordinates":[135.58953793703702,34.70522992962963]},"properties":{"name":"\u5b89\u7530\u4e8c\u4e01\u76ee\u5909\u96fb\u6240 154kV","vn_kv":154.0,"vm_pu":1.0,"va_deg":-28.31}},{"type":"Feature","geometry":{"type":"Point","coordinates":[135.58953793703702,34.70522992962963]},"properties":{"name":"\u5b89\u7530\u4e8c\u4e01\u76ee\u5909\u96fb\u6240 77kV","vn_kv":77.0,"vm_pu":1.0,"va_deg":-30.43}},{"type":"Feature","geometry":{"type":"Point","coordinates":[134.920926825,34.733929475]},"properties":{"name":"\u5ca1\u5909\u96fb\u6240_2","vn_kv":77.0,"vm_pu":1.0,"va_deg":-17.16}},{"type":"Feature","geometry":{"type":"Point","coordinates":[134.95902477500002,34.76015568333333]},"properties":{"name":"\u91ce\u8c37\u5909\u96fb\u6240","vn_kv":77.0,"vm_pu":1.0,"va_deg":-16.61}},{"type":"Feature","geometry":{"type":"Point","coordinates":[135.21305903333334,35.0707611]},"properties":{"name":"\u7be0\u5c71\u5909\u96fb\u6240","vn_kv":66.0,"vm_pu":1.0,"va_deg":-17.19}},{"type":"Feature","geometry":{"type":"Point","coordinates":[134.71813008214286,35.12848338571428]},"properties":{"name":"\u958b\u9589\u6240","vn_kv":500.0,"vm_pu":1.03,"va_deg":-11.76}},{"type":"Feature","geometry":{"type":"Point","coordinates":[134.7131060875,34.855169062499996]},"properties":{"name":"\u57ce\u5317\u5909\u96fb\u6240 275kV","vn_kv":275.0,"vm_pu":1.0,"va_deg":-13.65}},{"type":"Feature","geometry":{"type":"Point","coordinates":[134.7131060875,34.855169062499996]},"properties":{"name":"\u57ce\u5317\u5909\u96fb\u6240 66kV","vn_kv":66.0,"vm_pu":1.0,"va_deg":-14.01}},{"type":"Feature","geometry":{"type":"Point","coordinates":[134.9803595,34.99649975]},"properties":{"name":"\u5927\u91ce\u5909\u96fb\u6240","vn_kv":77.0,"vm_pu":1.0,"va_deg":-21.11}},{"type":"Feature","geometry":{"type":"Point","coordinates":[134.72458097999998,34.826498779999994]},"properties":{"name":"\u57ce\u6771\u5909\u96fb\u6240 275kV","vn_kv":275.0,"vm_pu":1.0,"va_deg":-12.99}},{"type":"Feature","geometry":{"type":"Point","coordinates":[134.72458097999998,34.826498779999994]},"properties":{"name":"\u57ce\u6771\u5909\u96fb\u6240 66kV","vn_kv":66.0,"vm_pu":1.0,"va_deg":-13.87}},{"type":"Feature","geometry":{"type":"Point","coordinates":[135.13024604999998,34.725431]},"properties":{"name":"\u9cf4\u5b50\u4e00\u4e01\u76ee\u5909\u96fb\u6240","vn_kv":77.0,"vm_pu":1.0,"va_deg":-18.16}},{"type":"Feature","geometry":{"type":"Point","coordinates":[135.323857275,34.819551225]},"properties":{"name":"\u751f\u702c\u753a\u4e00\u4e01\u76ee\u5909\u96fb\u6240_2 275kV","vn_kv":275.0,"vm_pu":1.0,"va_deg":-17.64}},{"type":"Feature","geometry":{"type":"Point","coordinates":[135.323857275,34.819551225]},"properties":{"name":"\u751f\u702c\u753a\u4e00\u4e01\u76ee\u5909\u96fb\u6240_2 66kV","vn_kv":66.0,"vm_pu":1.0,"va_deg":-18.74}},{"type":"Feature","geometry":{"type":"Point","coordinates":[135.323857275,34.819551225]},"properties":{"name":"\u751f\u702c\u753a\u4e00\u4e01\u76ee\u5909\u96fb\u6240_2 (untyped)","vn_kv":275.0,"vm_pu":1.0,"va_deg":-17.64}},{"type":"Feature","geometry":{"type":"Point","coordinates":[134.78794720000002,35.3753156]},"properties":{"name":"\u4e0a\u91ce\u5909\u96fb\u6240","vn_kv":66.0,"vm_pu":1.0,"va_deg":-45.68}},{"type":"Feature","geometry":{"type":"Point","coordinates":[134.79204015714285,35.15938441428572]},"properties":{"name":"\u751f\u91ce\u753a\u771f\u5f13\u5909\u96fb\u6240","vn_kv":77.0,"vm_pu":1.0,"va_deg":-35.36}},{"type":"Feature","geometry":{"type":"Point","coordinates":[134.84023972,35.29309664]},"properties":{"name":"\u548c\u7530\u5c71\u753a\u7af9\u7530\u5909\u96fb\u6240","vn_kv":77.0,"vm_pu":1.0,"va_deg":-41.79}},{"type":"Feature","geometry":{"type":"Point","coordinates":[135.48078379999998,35.10195865]},"properties":{"name":"\u5712\u90e8\u5909\u96fb\u6240","vn_kv":77.0,"vm_pu":1.0,"va_deg":-15.59}},{"type":"Feature","geometry":{"type":"Point","coordinates":[135.48571836666667,35.09982376666667]},"properties":{"name":"\u5712\u90e8\u753a\u5c0f\u5c71\u6771\u753a\u5909\u96fb\u6240","vn_kv":77.0,"vm_pu":1.0,"va_deg":-15.59}},{"type":"Feature","geometry":{"type":"Point","coordinates":[135.4213242,35.2527112]},"properties":{"name":"\u5347\u8c37\u5909\u96fb\u6240","vn_kv":77.0,"vm_pu":1.0,"va_deg":-7.57}},{"type":"Feature","geometry":{"type":"Point","coordinates":[135.38692972857143,35.4588716]},"properties":{"name":"\u68ee\u5909\u96fb\u6240","vn_kv":77.0,"vm_pu":1.0,"va_deg":45.92}},{"type":"Feature","geometry":{"type":"Point","coordinates":[135.33378902857143,35.42462342857143]},"properties":{"name":"\u4e03\u65e5\u5e02\u5909\u96fb\u6240 77kV","vn_kv":77.0,"vm_pu":1.0,"va_deg":12.5}},{"type":"Feature","geometry":{"type":"Point","coordinates":[135.33378902857143,35.42462342857143]},"properties":{"name":"\u4e03\u65e5\u5e02\u5909\u96fb\u6240 (untyped)","vn_kv":77.0,"vm_pu":1.0,"va_deg":12.74}},{"type":"Feature","geometry":{"type":"Point","coordinates":[135.62690318,34.65608856]},"properties":{"name":"\u95a2\u897f\u96fb\u529b 154kV","vn_kv":154.0,"vm_pu":1.0,"va_deg":-28.12}},{"type":"Feature","geometry":{"type":"Point","coordinates":[135.62690318,34.65608856]},"properties":{"name":"\u95a2\u897f\u96fb\u529b (untyped)","vn_kv":154.0,"vm_pu":1.0,"va_deg":-28.12}},{"type":"Feature","geometry":{"type":"Point","coordinates":[134.863533275,35.337501950000004]},"properties":{"name":"\u548c\u7530\u5c71\u753a\u7389\u7f6e\u5909\u96fb\u6240","vn_kv":77.0,"vm_pu":1.0,"va_deg":-42.57}},{"type":"Feature","geometry":{"type":"Point","coordinates":[134.503616325,34.8209388]},"properties":{"name":"\u63d6\u4fdd\u5ddd\u753a\u5909\u96fb\u6240","vn_kv":77.0,"vm_pu":1.0,"va_deg":-22.56}},{"type":"Feature","geometry":{"type":"Point","coordinates":[135.44181748,34.7393487]},"properties":{"name":"\u6f6e\u6c5f\u5909\u96fb\u6240","vn_kv":66.0,"vm_pu":1.0,"va_deg":-24.51}},{"type":"Feature","geometry":{"type":"Point","coordinates":[134.89248615000002,35.077327249999996]},"properties":{"name":"\u52a0\u7f8e\u533a\u897f\u8107\u5909\u96fb\u6240","vn_kv":77.0,"vm_pu":1.0,"va_deg":-29.02}},{"type":"Feature","geometry":{"type":"Point","coordinates":[135.0075844,35.2438268]},"properties":{"name":"\u9752\u57a3\u753a\u4f50\u6cbb\u5909\u96fb\u6240","vn_kv":77.0,"vm_pu":1.0,"va_deg":-19.02}},{"type":"Feature","geometry":{"type":"Point","coordinates":[134.85266128571428,34.70019192857143]},"properties":{"name":"\u65b0\u5cf6\u5909\u96fb\u6240_2","vn_kv":77.0,"vm_pu":1.0,"va_deg":-17.26}},{"type":"Feature","geometry":{"type":"Point","coordinates":[134.8502845,34.701048]},"properties":{"name":"\u65b0\u5cf6\u5909\u96fb\u6240","vn_kv":77.0,"vm_pu":1.0,"va_deg":-17.28}},{"type":"Feature","geometry":{"type":"Point","coordinates":[134.80732336,34.767515455]},"properties":{"name":"\u52a0\u53e4\u5ddd\u5909\u96fb\u6240 77kV","vn_kv":77.0,"vm_pu":1.0,"va_deg":-16.38}},{"type":"Feature","geometry":{"type":"Point","coordinates":[134.80732336,34.767515455]},"properties":{"name":"\u52a0\u53e4\u5ddd\u5909\u96fb\u6240 66kV","vn_kv":66.0,"vm_pu":1.0,"va_deg":-16.37}},{"type":"Feature","geometry":{"type":"Point","coordinates":[134.97327199999998,34.79644356666667]},"properties":{"name":"\u798f\u4e95\u4e8c\u4e01\u76ee\u5909\u96fb\u6240","vn_kv":77.0,"vm_pu":1.0,"va_deg":-15.77}},{"type":"Feature","geometry":{"type":"Point","coordinates":[135.12794365999997,34.649537620000004]},"properties":{"name":"\u95a2\u897f\u96fb\u529b\u9df9\u53d6\u5909\u96fb\u6240","vn_kv":77.0,"vm_pu":1.0,"va_deg":-19.26}},{"type":"Feature","geometry":{"type":"Point","coordinates":[135.62738106363636,34.85509612727273]},"properties":{"name":"\u9ad8\u69fb\u5909\u96fb\u6240 77kV","vn_kv":77.0,"vm_pu":1.0,"va_deg":-23.47}},{"type":"Feature","geometry":{"type":"Point","coordinates":[135.62738106363636,34.85509612727273]},"properties":{"name":"\u9ad8\u69fb\u5909\u96fb\u6240 66kV","vn_kv":66.0,"vm_pu":1.0,"va_deg":-23.49}},{"type":"Feature","geometry":{"type":"Point","coordinates":[135.3607469,34.73656656666667]},"properties":{"name":"\u897f\u5bae\u5909\u96fb\u6240","vn_kv":154.0,"vm_pu":1.0,"va_deg":-22.61}},{"type":"Feature","geometry":{"type":"Point","coordinates":[135.1901857,34.9308268]},"properties":{"name":"\u5e83\u91ce\u5909\u96fb\u6240_2","vn_kv":77.0,"vm_pu":1.0,"va_deg":-16.74}},{"type":"Feature","geometry":{"type":"Point","coordinates":[134.54947475,35.00129295]},"properties":{"name":"\u5c71\u5d0e\u753a\u5909\u96fb\u6240","vn_kv":275.0,"vm_pu":1.0,"va_deg":-12.56}},{"type":"Feature","geometry":{"type":"Point","coordinates":[135.17390243999998,34.65406646]},"properties":{"name":"\u548c\u7530\u5909\u96fb\u6240","vn_kv":77.0,"vm_pu":1.0,"va_deg":-16.95}},{"type":"Feature","geometry":{"type":"Point","coordinates":[134.8870082111111,34.701299255555554]},"properties":{"name":"\u4e8c\u898b\u753a\u6771\u4e8c\u898b\u5909\u96fb\u6240","vn_kv":77.0,"vm_pu":1.0,"va_deg":-17.52}},{"type":"Feature","geometry":{"type":"Point","coordinates":[134.91785981818182,34.69787133636364]},"properties":{"name":"\u9b5a\u4f4f\u753a\u9326\u304c\u4e18\u4e00\u4e01\u76ee\u5909\u96fb\u6240","vn_kv":77.0,"vm_pu":1.0,"va_deg":-17.58}},{"type":"Feature","geometry":{"type":"Point","coordinates":[134.84684606666667,34.756600633333335]},"properties":{"name":"\u91ce\u53e3\u753a\u5742\u5143\u5909\u96fb\u6240","vn_kv":77.0,"vm_pu":1.0,"va_deg":-16.73}},{"type":"Feature","geometry":{"type":"Point","coordinates":[134.77155825,34.9529853]},"properties":{"name":"\u798f\u5d0e\u5909\u96fb\u6240","vn_kv":77.0,"vm_pu":1.0,"va_deg":-14.98}},{"type":"Feature","geometry":{"type":"Point","coordinates":[135.5355694,34.755277]},"properties":{"name":"\u5c0f\u677e\u5909\u96fb\u6240","vn_kv":77.0,"vm_pu":1.0,"va_deg":-30.95}},{"type":"Feature","geometry":{"type":"Point","coordinates":[135.53326921666667,34.75603391666667]},"properties":{"name":"\u76f8\u5ddd\u4e8c\u4e01\u76ee\u5909\u96fb\u6240","vn_kv":77.0,"vm_pu":1.0,"va_deg":-30.95}},{"type":"Feature","geometry":{"type":"Point","coordinates":[135.20580464615384,34.88201542307692]},"properties":{"name":"\u72ed\u9593\u304c\u4e18\u4e8c\u4e01\u76ee\u5909\u96fb\u6240","vn_kv":77.0,"vm_pu":1.0,"va_deg":-17.22}},{"type":"Feature","geometry":{"type":"Point","coordinates":[135.5378610142857,34.71841262857143]},"properties":{"name":"\u95a2\u897f\u96fb\u529b \u751f\u6c5f\u753a\u5909\u96fb\u6240","vn_kv":77.0,"vm_pu":1.0,"va_deg":-28.57}},{"type":"Feature","geometry":{"type":"Point","coordinates":[135.56032528,34.71904462]},"properties":{"name":"\u95a2\u897f\u96fb\u529b \u65ed\u6771\u5909\u96fb\u6240","vn_kv":77.0,"vm_pu":1.0,"va_deg":-31.34}},{"type":"Feature","geometry":{"type":"Point","coordinates":[135.5942159,34.7134336]},"properties":{"name":"\u8328\u7530\u5909\u96fb\u6240 154kV","vn_kv":154.0,"vm_pu":1.0,"va_deg":-28.28}},{"type":"Feature","geometry":{"type":"Point","coordinates":[135.5942159,34.7134336]},"properties":{"name":"\u8328\u7530\u5909\u96fb\u6240 77kV","vn_kv":77.0,"vm_pu":1.0,"va_deg":-30.3}},{"type":"Feature","geometry":{"type":"Point","coordinates":[135.56797818888887,34.70362696666667]},"properties":{"name":"\u95a2\u897f\u96fb\u529b\u9001\u914d\u96fb \u653e\u51fa\u5909\u96fb\u6240 154kV","vn_kv":154.0,"vm_pu":1.0,"va_deg":-28.35}},{"type":"Feature","geometry":{"type":"Point","coordinates":[135.56797818888887,34.70362696666667]},"properties":{"name":"\u95a2\u897f\u96fb\u529b\u9001\u914d\u96fb \u653e\u51fa\u5909\u96fb\u6240 77kV","vn_kv":77.0,"vm_pu":1.0,"va_deg":-30.78}},{"type":"Feature","geometry":{"type":"Point","coordinates":[135.5755161,34.6926073]},"properties":{"name":"\u4eca\u6d25\u753a\u5909\u96fb\u6240","vn_kv":77.0,"vm_pu":1.0,"va_deg":-30.77}},{"type":"Feature","geometry":{"type":"Point","coordinates":[134.65906859411766,34.840719752941176]},"properties":{"name":"\u897f\u4eca\u5bbf\u4e00\u4e01\u76ee\u5909\u96fb\u6240 77kV","vn_kv":77.0,"vm_pu":1.0,"va_deg":-17.37}},{"type":"Feature","geometry":{"type":"Point","coordinates":[134.65906859411766,34.840719752941176]},"properties":{"name":"\u897f\u4eca\u5bbf\u4e00\u4e01\u76ee\u5909\u96fb\u6240 (untyped)","vn_kv":77.0,"vm_pu":1.0,"va_deg":-17.37}},{"type":"Feature","geometry":{"type":"Point","coordinates":[135.5878939,34.646478099999996]},"properties":{"name":"\u53cb\u4e95\u5909\u96fb\u6240","vn_kv":77.0,"vm_pu":1.0,"va_deg":-31.62}},{"type":"Feature","geometry":{"type":"Point","coordinates":[134.816618425,35.632966175]},"properties":{"name":"\u65ed\u5909\u96fb\u6240","vn_kv":77.0,"vm_pu":1.0,"va_deg":-57.8}},{"type":"Feature","geometry":{"type":"Point","coordinates":[135.53663162222222,34.63992862222222]},"properties":{"name":"\u95a2\u897f\u96fb\u529b\u9001\u914d\u96fb \u767e\u6e08\u5909\u96fb\u6240","vn_kv":77.0,"vm_pu":1.0,"va_deg":-32.57}},{"type":"Feature","geometry":{"type":"Point","coordinates":[135.41068691666666,35.479166299999996]},"properties":{"name":"\u5e02\u5834\u5909\u96fb\u6240","vn_kv":77.0,"vm_pu":1.0,"va_deg":67.35}},{"type":"Feature","geometry":{"type":"Point","coordinates":[135.52000726666668,34.74205058333333]},"properties":{"name":"\u6de1\u8def\u753a\u5909\u96fb\u6240","vn_kv":77.0,"vm_pu":1.0,"va_deg":-31.15}},{"type":"Feature","geometry":{"type":"Point","coordinates":[135.1892042,35.52569115]},"properties":{"name":"\u677e\u539f\u5909\u96fb\u6240","vn_kv":77.0,"vm_pu":1.0,"va_deg":-41.42}},{"type":"Feature","geometry":{"type":"Point","coordinates":[135.1354623,34.6736049]},"properties":{"name":"\u677f\u5bbf\u5909\u96fb\u6240","vn_kv":77.0,"vm_pu":1.0,"va_deg":-19.28}},{"type":"Feature","geometry":{"type":"Point","coordinates":[135.3933169,34.811158875000004]},"properties":{"name":"\u5c71\u672c\u4e38\u6a4b\u4e09\u4e01\u76ee\u5909\u96fb\u6240 275kV","vn_kv":275.0,"vm_pu":1.0,"va_deg":-18.05}},{"type":"Feature","geometry":{"type":"Point","coordinates":[135.3933169,34.811158875000004]},"properties":{"name":"\u5c71\u672c\u4e38\u6a4b\u4e09\u4e01\u76ee\u5909\u96fb\u6240 77kV","vn_kv":77.0,"vm_pu":1.0,"va_deg":-21.09}},{"type":"Feature","geometry":{"type":"Point","coordinates":[135.532524425,34.745001625]},"properties":{"name":"\u8c4a\u91cc\u753a\u5909\u96fb\u6240 77kV","vn_kv":77.0,"vm_pu":1.0,"va_deg":-31.07}},{"type":"Feature","geometry":{"type":"Point","coordinates":[135.532524425,34.745001625]},"properties":{"name":"\u8c4a\u91cc\u753a\u5909\u96fb\u6240 (untyped)","vn_kv":77.0,"vm_pu":1.0,"va_deg":-31.08}},{"type":"Feature","geometry":{"type":"Point","coordinates":[135.613401,34.7138857]},"properties":{"name":"\u5357\u90f7\u753a\u5909\u96fb\u6240","vn_kv":77.0,"vm_pu":1.0,"va_deg":-28.26}},{"type":"Feature","geometry":{"type":"Point","coordinates":[135.6139154,34.71079255]},"properties":{"name":"\u5927\u6771\u5909\u96fb\u6240","vn_kv":77.0,"vm_pu":1.0,"va_deg":-28.26}},{"type":"Feature","geometry":{"type":"Point","coordinates":[135.42340665,34.77623965]},"properties":{"name":"\u6771\u4f0a\u4e39\u5909\u96fb\u6240 77kV","vn_kv":77.0,"vm_pu":1.0,"va_deg":-26.06}},{"type":"Feature","geometry":{"type":"Point","coordinates":[135.42340665,34.77623965]},"properties":{"name":"\u6771\u4f0a\u4e39\u5909\u96fb\u6240 66kV","vn_kv":66.0,"vm_pu":1.0,"va_deg":-26.07}},{"type":"Feature","geometry":{"type":"Point","coordinates":[135.13243400000002,35.23217874]},"properties":{"name":"\u4e39\u6ce2\u5e02\u5909\u96fb\u6240","vn_kv":77.0,"vm_pu":1.0,"va_deg":-14.87}},{"type":"Feature","geometry":{"type":"Point","coordinates":[135.0239348,35.31930664]},"properties":{"name":"\u6885\u8c37\u5909\u96fb\u6240","vn_kv":77.0,"vm_pu":1.0,"va_deg":-23.4}},{"type":"Feature","geometry":{"type":"Point","coordinates":[135.48431985,34.731485325]},"properties":{"name":"\u4e09\u56fd\u672c\u753a\u4e8c\u4e01\u76ee\u5909\u96fb\u6240","vn_kv":77.0,"vm_pu":1.0,"va_deg":-39.59}},{"type":"Feature","geometry":{"type":"Point","coordinates":[134.8538727,34.75876233333333]},"properties":{"name":"\u91ce\u53e3\u753a\u5742\u5143\u5317\u4e09\u4e01\u76ee\u5909\u96fb\u6240","vn_kv":77.0,"vm_pu":1.0,"va_deg":-16.74}},{"type":"Feature","geometry":{"type":"Point","coordinates":[134.97219216666667,34.65494413333334]},"properties":{"name":"\u548c\u5742\u5909\u96fb\u6240","vn_kv":77.0,"vm_pu":1.0,"va_deg":-19.42}},{"type":"Feature","geometry":{"type":"Point","coordinates":[135.56042502857142,34.747274714285716]},"properties":{"name":"\u4e0b\u5cf6\u753a\u5909\u96fb\u6240","vn_kv":77.0,"vm_pu":1.0,"va_deg":-30.81}},{"type":"Feature","geometry":{"type":"Point","coordinates":[135.56816657500002,34.7463763]},"properties":{"name":"\u516b\u96f2\u5909\u96fb\u6240","vn_kv":77.0,"vm_pu":1.0,"va_deg":-30.8}},{"type":"Feature","geometry":{"type":"Point","coordinates":[135.5878518,34.6732311]},"properties":{"name":"\u85e4\u6238\u65b0\u7530\u4e8c\u4e01\u76ee\u5909\u96fb\u6240","vn_kv":154.0,"vm_pu":1.0,"va_deg":-27.96}},{"type":"Feature","geometry":{"type":"Point","coordinates":[135.62445278571428,34.68673655714286]},"properties":{"name":"\u6cb3\u5185\u5909\u96fb\u6240 154kV","vn_kv":154.0,"vm_pu":1.0,"va_deg":-27.78}},{"type":"Feature","geometry":{"type":"Point","coordinates":[135.62445278571428,34.68673655714286]},"properties":{"name":"\u6cb3\u5185\u5909\u96fb\u6240 77kV","vn_kv":77.0,"vm_pu":1.0,"va_deg":-28.66}},{"type":"Feature","geometry":{"type":"Point","coordinates":[135.58684576666667,34.69189032222222]},"properties":{"name":"\u7a32\u7530\u65b0\u753a\u4e8c\u4e01\u76ee\u5909\u96fb\u6240","vn_kv":77.0,"vm_pu":1.0,"va_deg":-30.75}},{"type":"Feature","geometry":{"type":"Point","coordinates":[135.58929975,34.68512376666666]},"properties":{"name":"\u9577\u7530\u4e2d\u4e94\u4e01\u76ee\u5909\u96fb\u6240","vn_kv":77.0,"vm_pu":1.0,"va_deg":-30.88}},{"type":"Feature","geometry":{"type":"Point","coordinates":[135.58307106666666,34.6852309]},"properties":{"name":"\u7a32\u7530\u5909\u96fb\u6240","vn_kv":77.0,"vm_pu":1.0,"va_deg":-30.89}},{"type":"Feature","geometry":{"type":"Point","coordinates":[135.60167373333334,34.68442166666667]},"properties":{"name":"\u6625\u5bae\u5909\u96fb\u6240","vn_kv":77.0,"vm_pu":1.0,"va_deg":-30.9}},{"type":"Feature","geometry":{"type":"Point","coordinates":[135.59932051250001,34.72756265]},"properties":{"name":"\u5317\u5cf6\u6a4b\u5909\u96fb\u6240 154kV","vn_kv":154.0,"vm_pu":1.0,"va_deg":-28.19}},{"type":"Feature","geometry":{"type":"Point","coordinates":[135.59932051250001,34.72756265]},"properties":{"name":"\u5317\u5cf6\u6a4b\u5909\u96fb\u6240 77kV","vn_kv":77.0,"vm_pu":1.0,"va_deg":-30.07}},{"type":"Feature","geometry":{"type":"Point","coordinates":[134.5063887,35.54255038]},"properties":{"name":"\u6e29\u6cc9\u5909\u96fb\u6240 77kV","vn_kv":77.0,"vm_pu":1.0,"va_deg":-63.04}},{"type":"Feature","geometry":{"type":"Point","coordinates":[134.5063887,35.54255038]},"properties":{"name":"\u6e29\u6cc9\u5909\u96fb\u6240 66kV","vn_kv":66.0,"vm_pu":1.0,"va_deg":-63.05}},{"type":"Feature","geometry":{"type":"Point","coordinates":[134.5063887,35.54255038]},"properties":{"name":"\u6e29\u6cc9\u5909\u96fb\u6240 (untyped)","vn_kv":77.0,"vm_pu":1.0,"va_deg":-63.05}},{"type":"Feature","geometry":{"type":"Point","coordinates":[134.6281625,35.6368342]},"properties":{"name":"\u9999\u4f4f\u5909\u96fb\u6240","vn_kv":77.0,"vm_pu":1.0,"va_deg":-60.23}},{"type":"Feature","geometry":{"type":"Point","coordinates":[134.7349401875,35.588169025]},"properties":{"name":"\u7af9\u91ce\u5909\u96fb\u6240 77kV","vn_kv":77.0,"vm_pu":1.0,"va_deg":-58.65}},{"type":"Feature","geometry":{"type":"Point","coordinates":[134.7349401875,35.588169025]},"properties":{"name":"\u7af9\u91ce\u5909\u96fb\u6240 66kV","vn_kv":66.0,"vm_pu":1.0,"va_deg":-58.66}},{"type":"Feature","geometry":{"type":"Point","coordinates":[134.78084358461538,35.48122633846154]},"properties":{"name":"\u56fd\u5e9c\u5909\u96fb\u6240 77kV","vn_kv":77.0,"vm_pu":1.0,"va_deg":-54.61}},{"type":"Feature","geometry":{"type":"Point","coordinates":[134.78084358461538,35.48122633846154]},"properties":{"name":"\u56fd\u5e9c\u5909\u96fb\u6240 66kV","vn_kv":66.0,"vm_pu":1.0,"va_deg":-54.6}},{"type":"Feature","geometry":{"type":"Point","coordinates":[134.78084358461538,35.48122633846154]},"properties":{"name":"\u56fd\u5e9c\u5909\u96fb\u6240 (untyped)","vn_kv":77.0,"vm_pu":1.0,"va_deg":-54.63}},{"type":"Feature","geometry":{"type":"Point","coordinates":[134.62378198000002,34.81065598]},"properties":{"name":"JR\u897f\u65e5\u672c \u82f1\u8cc0\u4fdd\u5909\u96fb\u6240","vn_kv":77.0,"vm_pu":1.0,"va_deg":-18.04}},{"type":"Feature","geometry":{"type":"Point","coordinates":[134.6419591,34.84268145]},"properties":{"name":"\u9752\u5c71\u5909\u96fb\u6240","vn_kv":77.0,"vm_pu":1.0,"va_deg":-17.49}},{"type":"Feature","geometry":{"type":"Point","coordinates":[135.63637965,34.6768274]},"properties":{"name":"\u95a2\u897f\u96fb\u529b\u9001\u914d\u96fb \u679a\u5ca1\u5909\u96fb\u6240 154kV","vn_kv":154.0,"vm_pu":1.0,"va_deg":-27.74}},{"type":"Feature","geometry":{"type":"Point","coordinates":[135.63637965,34.6768274]},"properties":{"name":"\u95a2\u897f\u96fb\u529b\u9001\u914d\u96fb \u679a\u5ca1\u5909\u96fb\u6240 77kV","vn_kv":77.0,"vm_pu":1.0,"va_deg":-28.6}},{"type":"Feature","geometry":{"type":"Point","coordinates":[135.312967525,34.74697125]},"properties":{"name":"\u5ca9\u5712\u753a\u5909\u96fb\u6240","vn_kv":77.0,"vm_pu":1.0,"va_deg":-16.96}},{"type":"Feature","geometry":{"type":"Point","coordinates":[135.3713046,34.81747755]},"properties":{"name":"\u4e2d\u5c71\u5bfa\u5909\u96fb\u6240 154kV","vn_kv":154.0,"vm_pu":1.0,"va_deg":-22.08}},{"type":"Feature","geometry":{"type":"Point","coordinates":[135.3713046,34.81747755]},"properties":{"name":"\u4e2d\u5c71\u5bfa\u5909\u96fb\u6240 77kV","vn_kv":77.0,"vm_pu":1.0,"va_deg":-22.42}},{"type":"Feature","geometry":{"type":"Point","coordinates":[135.34518816,34.74188138]},"properties":{"name":"\u4e2d\u9808\u4f50\u5909\u96fb\u6240","vn_kv":77.0,"vm_pu":1.0,"va_deg":-18.11}},{"type":"Feature","geometry":{"type":"Point","coordinates":[135.60292232,34.67165124]},"properties":{"name":"\u95a2\u897f\u96fb\u529b \u8352\u672c\u5909\u96fb\u6240","vn_kv":77.0,"vm_pu":1.0,"va_deg":-30.85}},{"type":"Feature","geometry":{"type":"Point","coordinates":[135.59041862499998,34.655774575]},"properties":{"name":"\u95a2\u897f\u96fb\u529b \u5c0f\u962a\u5909\u96fb\u6240","vn_kv":77.0,"vm_pu":1.0,"va_deg":-31.46}},{"type":"Feature","geometry":{"type":"Point","coordinates":[135.3548834,34.806800800000005]},"properties":{"name":"\u5b9d\u585a\u5909\u96fb\u6240","vn_kv":66.0,"vm_pu":1.0,"va_deg":-19.07}},{"type":"Feature","geometry":{"type":"Point","coordinates":[135.44629212,34.76267155]},"properties":{"name":"\u690e\u5802\u5909\u96fb\u6240 77kV","vn_kv":77.0,"vm_pu":1.0,"va_deg":-25.79}},{"type":"Feature","geometry":{"type":"Point","coordinates":[135.44629212,34.76267155]},"properties":{"name":"\u690e\u5802\u5909\u96fb\u6240 (untyped)","vn_kv":77.0,"vm_pu":1.0,"va_deg":-25.8}},{"type":"Feature","geometry":{"type":"Point","coordinates":[135.43404936666667,34.68576614444444]},"properties":{"name":"\u9149\u5cf6\u5909\u96fb\u6240 154kV","vn_kv":154.0,"vm_pu":1.0,"va_deg":-28.46}},{"type":"Feature","geometry":{"type":"Point","coordinates":[135.43404936666667,34.68576614444444]},"properties":{"name":"\u9149\u5cf6\u5909\u96fb\u6240 77kV","vn_kv":77.0,"vm_pu":1.0,"va_deg":-26.43}},{"type":"Feature","geometry":{"type":"Point","coordinates":[135.388695225,34.743600025]},"properties":{"name":"\u5317\u7acb\u82b1\u5909\u96fb\u6240 154kV","vn_kv":154.0,"vm_pu":1.0,"va_deg":-22.58}},{"type":"Feature","geometry":{"type":"Point","coordinates":[135.388695225,34.743600025]},"properties":{"name":"\u5317\u7acb\u82b1\u5909\u96fb\u6240 77kV","vn_kv":77.0,"vm_pu":1.0,"va_deg":-25.64}},{"type":"Feature","geometry":{"type":"Point","coordinates":[135.57712145,34.7654881]},"properties":{"name":"\u9ce5\u98fc\u897f\u56db\u4e01\u76ee\u5909\u96fb\u6240","vn_kv":77.0,"vm_pu":1.0,"va_deg":-30.76}},{"type":"Feature","geometry":{"type":"Point","coordinates":[135.4134439,34.741357436363636]},"properties":{"name":"\u540d\u795e\u753a\u5909\u96fb\u6240 77kV","vn_kv":77.0,"vm_pu":1.0,"va_deg":-25.69}},{"type":"Feature","geometry":{"type":"Point","coordinates":[135.4134439,34.741357436363636]},"properties":{"name":"\u540d\u795e\u753a\u5909\u96fb\u6240 66kV","vn_kv":66.0,"vm_pu":1.0,"va_deg":-25.68}},{"type":"Feature","geometry":{"type":"Point","coordinates":[135.53993528750001,34.703546925]},"properties":{"name":"\u91ce\u6c5f\u96fb\u529b\u6240 154kV","vn_kv":154.0,"vm_pu":1.0,"va_deg":-28.41}},{"type":"Feature","geometry":{"type":"Point","coordinates":[135.53993528750001,34.703546925]},"properties":{"name":"\u91ce\u6c5f\u96fb\u529b\u6240 77kV","vn_kv":77.0,"vm_pu":1.0,"va_deg":-30.56}},{"type":"Feature","geometry":{"type":"Point","coordinates":[135.57646400000002,34.726433400000005]},"properties":{"name":"\u5927\u5bae\u901a\u56db\u4e01\u76ee\u5909\u96fb\u6240 77kV","vn_kv":77.0,"vm_pu":1.0,"va_deg":-31.24}},{"type":"Feature","geometry":{"type":"Point","coordinates":[135.57646400000002,34.726433400000005]},"properties":{"name":"\u5927\u5bae\u901a\u56db\u4e01\u76ee\u5909\u96fb\u6240 (untyped)","vn_kv":77.0,"vm_pu":1.0,"va_deg":-31.25}},{"type":"Feature","geometry":{"type":"Point","coordinates":[134.83142541538462,34.74226456923077]},"properties":{"name":"\u6d5c\u306e\u5bae\u5909\u96fb\u6240 275kV","vn_kv":275.0,"vm_pu":1.0,"va_deg":-16.69}},{"type":"Feature","geometry":{"type":"Point","coordinates":[134.83142541538462,34.74226456923077]},"properties":{"name":"\u6d5c\u306e\u5bae\u5909\u96fb\u6240 77kV","vn_kv":77.0,"vm_pu":1.0,"va_deg":-16.77}},{"type":"Feature","geometry":{"type":"Point","coordinates":[134.83142541538462,34.74226456923077]},"properties":{"name":"\u6d5c\u306e\u5bae\u5909\u96fb\u6240 66kV","vn_kv":66.0,"vm_pu":1.0,"va_deg":-16.77}},{"type":"Feature","geometry":{"type":"Point","coordinates":[134.82639930000002,34.747081566666665]},"properties":{"name":"\u65b0\u52a0\u53e4\u5ddd\u88dc\u52a9\u304d\u96fb\u7dda\u958b\u9589\u6240 77kV","vn_kv":77.0,"vm_pu":1.0,"va_deg":-16.73}},{"type":"Feature","geometry":{"type":"Point","coordinates":[134.82639930000002,34.747081566666665]},"properties":{"name":"\u65b0\u52a0\u53e4\u5ddd\u88dc\u52a9\u304d\u96fb\u7dda\u958b\u9589\u6240 66kV","vn_kv":66.0,"vm_pu":1.0,"va_deg":-16.72}},{"type":"Feature","geometry":{"type":"Point","coordinates":[134.8234143,34.761831175]},"properties":{"name":"\u6728\u6751\u6a4b\u5909\u96fb\u6240","vn_kv":77.0,"vm_pu":1.0,"va_deg":-16.52}},{"type":"Feature","geometry":{"type":"Point","coordinates":[135.02939885,35.0741189]},"properties":{"name":"\u5c71\u5357\u753a\u5c71\u5d0e\u5909\u96fb\u6240_2","vn_kv":77.0,"vm_pu":1.0,"va_deg":-20.38}},{"type":"Feature","geometry":{"type":"Point","coordinates":[135.5177502,34.710226920000004]},"properties":{"name":"\u56fd\u5206\u5bfa\u4e00\u4e01\u76ee\u5909\u96fb\u6240","vn_kv":77.0,"vm_pu":1.0,"va_deg":-26.09}},{"type":"Feature","geometry":{"type":"Point","coordinates":[135.61165963333335,34.80863873333333]},"properties":{"name":"\u5510\u5d0e\u5909\u96fb\u6240","vn_kv":77.0,"vm_pu":1.0,"va_deg":-25.25}},{"type":"Feature","geometry":{"type":"Point","coordinates":[135.63193563333334,34.7369222]},"properties":{"name":"\u95a2\u897f\u96fb\u529b\u9001\u914d\u96fb \u56db\u6761\u7577\u5909\u96fb\u6240","vn_kv":154.0,"vm_pu":1.0,"va_deg":-27.85}},{"type":"Feature","geometry":{"type":"Point","coordinates":[135.6389898142857,34.73192482857143]},"properties":{"name":"JR\u897f\u65e5\u672c \u56db\u6761\u7577\u5909\u96fb\u6240","vn_kv":77.0,"vm_pu":1.0,"va_deg":-29.0}},{"type":"Feature","geometry":{"type":"Point","coordinates":[135.405479425,35.496341325]},"properties":{"name":"\u5927\u6ce2\u4e0b\u5909\u96fb\u6240","vn_kv":77.0,"vm_pu":1.0,"va_deg":77.76}},{"type":"Feature","geometry":{"type":"Point","coordinates":[135.40496906666667,35.51652923333333]},"properties":{"name":"\u897f\u5c4b\u5909\u96fb\u6240","vn_kv":77.0,"vm_pu":1.0,"va_deg":95.48}},{"type":"Feature","geometry":{"type":"Point","coordinates":[135.625328825,34.752338675]},"properties":{"name":"\u95a2\u897f\u96fb\u529b\u9001\u914d\u96fb \u5bdd\u5c4b\u5ddd\u5909\u96fb\u6240","vn_kv":77.0,"vm_pu":1.0,"va_deg":-29.33}},{"type":"Feature","geometry":{"type":"Point","coordinates":[135.06722315,34.632834625]},"properties":{"name":"\u5782\u6c34\u5909\u96fb\u6240","vn_kv":77.0,"vm_pu":1.0,"va_deg":-19.66}},{"type":"Feature","geometry":{"type":"Point","coordinates":[135.58921370000002,34.739355571428575]},"properties":{"name":"\u95a2\u897f\u96fb\u529b\u9001\u914d\u96fb \u901f\u898b\u5909\u96fb\u6240 154kV","vn_kv":154.0,"vm_pu":1.0,"va_deg":-28.14}},{"type":"Feature","geometry":{"type":"Point","coordinates":[135.58921370000002,34.739355571428575]},"properties":{"name":"\u95a2\u897f\u96fb\u529b\u9001\u914d\u96fb \u901f\u898b\u5909\u96fb\u6240 77kV","vn_kv":77.0,"vm_pu":1.0,"va_deg":-30.2}},{"type":"Feature","geometry":{"type":"Point","coordinates":[135.58705146,34.74660934]},"properties":{"name":"\u95a2\u897f\u96fb\u529b\u9001\u914d\u96fb \u6d5c\u753a\u5909\u96fb\u6240","vn_kv":77.0,"vm_pu":1.0,"va_deg":-30.13}},{"type":"Feature","geometry":{"type":"Point","coordinates":[135.5332956,34.7654178]},"properties":{"name":"\u672b\u5e83\u5909\u96fb\u6240","vn_kv":77.0,"vm_pu":1.0,"va_deg":-30.96}},{"type":"Feature","geometry":{"type":"Point","coordinates":[135.55514286666667,34.79936774]},"properties":{"name":"\u8328\u6728\u5909\u96fb\u6240","vn_kv":154.0,"vm_pu":1.0,"va_deg":-25.75}},{"type":"Feature","geometry":{"type":"Point","coordinates":[135.23103429999998,34.88091595]},"properties":{"name":"\u4e09\u7530\u5909\u96fb\u6240","vn_kv":77.0,"vm_pu":1.0,"va_deg":-17.57}},{"type":"Feature","geometry":{"type":"Point","coordinates":[135.1768861,34.68611617777778]},"properties":{"name":"\u6960\u6a4b\u5909\u96fb\u6240","vn_kv":77.0,"vm_pu":1.0,"va_deg":-17.02}},{"type":"Feature","geometry":{"type":"Point","coordinates":[135.5761043,34.7312693]},"properties":{"name":"\u95a2\u897f\u96fb\u529b \u6a4b\u6ce2\u5909\u96fb\u6240","vn_kv":77.0,"vm_pu":1.0,"va_deg":-31.28}},{"type":"Feature","geometry":{"type":"Point","coordinates":[135.6239302875,34.7672204]},"properties":{"name":"\u5bdd\u5c4b\u5ddd\u5909\u96fb\u6240","vn_kv":77.0,"vm_pu":1.0,"va_deg":-29.68}},{"type":"Feature","geometry":{"type":"Point","coordinates":[135.59755225,34.749844725]},"properties":{"name":"\u95a2\u897f\u96fb\u529b\u9001\u914d\u96fb \u85e4\u7530\u5909\u96fb\u6240","vn_kv":77.0,"vm_pu":1.0,"va_deg":-30.22}},{"type":"Feature","geometry":{"type":"Point","coordinates":[134.9715243,35.65197845]},"properties":{"name":"\u4e0a\u91ce\u5909\u96fb\u6240_2","vn_kv":77.0,"vm_pu":1.0,"va_deg":-48.29}},{"type":"Feature","geometry":{"type":"Point","coordinates":[135.5926345727273,34.761559718181815]},"properties":{"name":"\u95a2\u897f\u96fb\u529b\u9001\u914d\u96fb \u5927\u5ead\u5909\u96fb\u6240","vn_kv":77.0,"vm_pu":1.0,"va_deg":-30.42}},{"type":"Feature","geometry":{"type":"Point","coordinates":[135.60751495,34.75637183333333]},"properties":{"name":"\u795e\u7530\u5909\u96fb\u6240","vn_kv":77.0,"vm_pu":1.0,"va_deg":-30.29}},{"type":"Feature","geometry":{"type":"Point","coordinates":[134.80519402857144,34.752792264285716]},"properties":{"name":"\u5c71\u967d\u96fb\u9244 \u9ad8\u7802\u5909\u96fb\u6240 275kV","vn_kv":275.0,"vm_pu":1.0,"va_deg":-16.68}},{"type":"Feature","geometry":{"type":"Point","coordinates":[134.80519402857144,34.752792264285716]},"properties":{"name":"\u5c71\u967d\u96fb\u9244 \u9ad8\u7802\u5909\u96fb\u6240 77kV","vn_kv":77.0,"vm_pu":1.0,"va_deg":-16.25}},{"type":"Feature","geometry":{"type":"Point","coordinates":[134.80519402857144,34.752792264285716]},"properties":{"name":"\u5c71\u967d\u96fb\u9244 \u9ad8\u7802\u5909\u96fb\u6240 66kV","vn_kv":66.0,"vm_pu":1.0,"va_deg":-16.27}},{"type":"Feature","geometry":{"type":"Point","coordinates":[135.6104861625,34.7713452375]},"properties":{"name":"\u4e0b\u6c60\u7530\u5909\u96fb\u6240","vn_kv":77.0,"vm_pu":1.0,"va_deg":-29.94}},{"type":"Feature","geometry":{"type":"Point","coordinates":[135.452769,34.7053947]},"properties":{"name":"\u5343\u821f\u4e00\u4e01\u76ee\u5909\u96fb\u6240 154kV","vn_kv":154.0,"vm_pu":1.0,"va_deg":-28.51}},{"type":"Feature","geometry":{"type":"Point","coordinates":[135.452769,34.7053947]},"properties":{"name":"\u5343\u821f\u4e00\u4e01\u76ee\u5909\u96fb\u6240 (untyped)","vn_kv":154.0,"vm_pu":1.0,"va_deg":-28.51}},{"type":"Feature","geometry":{"type":"Point","coordinates":[135.436773625,34.621639625]},"properties":{"name":"\u5357\u6e2f\u5357\u4e8c\u4e01\u76ee\u5909\u96fb\u6240","vn_kv":154.0,"vm_pu":1.01,"va_deg":-40.55}},{"type":"Feature","geometry":{"type":"Point","coordinates":[135.62526914285715,34.79309235714286]},"properties":{"name":"\u95a2\u897f\u96fb\u529b \u5149\u5584\u5bfa\u5909\u96fb\u6240","vn_kv":77.0,"vm_pu":1.0,"va_deg":-25.09}},{"type":"Feature","geometry":{"type":"Point","coordinates":[135.4971506,34.9183851]},"properties":{"name":"\u6728\u4ee3\u5909\u96fb\u6240","vn_kv":77.0,"vm_pu":1.0,"va_deg":-20.51}},{"type":"Feature","geometry":{"type":"Point","coordinates":[135.52858003333333,34.74461183333333]},"properties":{"name":"\u8c4a\u65b0\u4e8c\u4e01\u76ee\u5909\u96fb\u6240","vn_kv":77.0,"vm_pu":1.0,"va_deg":-31.12}},{"type":"Feature","geometry":{"type":"Point","coordinates":[135.62308006,34.624459380000005]},"properties":{"name":"\u5c71\u672c\u753a\u5357\u56db\u4e01\u76ee\u5909\u96fb\u6240","vn_kv":154.0,"vm_pu":1.0,"va_deg":-28.61}},{"type":"Feature","geometry":{"type":"Point","coordinates":[135.3866569,34.64750498]},"properties":{"name":"\u5922\u6d32\u5909\u96fb\u6240","vn_kv":77.0,"vm_pu":1.0,"va_deg":-41.2}},{"type":"Feature","geometry":{"type":"Point","coordinates":[134.74320556,34.80821062]},"properties":{"name":"\u5225\u6240\u753a\u4f50\u571f\u4e00\u4e01\u76ee\u5909\u96fb\u6240","vn_kv":275.0,"vm_pu":1.02,"va_deg":-13.31}},{"type":"Feature","geometry":{"type":"Point","coordinates":[135.58451876666666,34.78324126666667]},"properties":{"name":"\u95a2\u897f\u96fb\u529b\u9001\u914d\u96fb \u9ce5\u98fc\u5909\u96fb\u6240 154kV","vn_kv":154.0,"vm_pu":1.0,"va_deg":-23.7}},{"type":"Feature","geometry":{"type":"Point","coordinates":[135.58451876666666,34.78324126666667]},"properties":{"name":"\u95a2\u897f\u96fb\u529b\u9001\u914d\u96fb \u9ce5\u98fc\u5909\u96fb\u6240 77kV","vn_kv":77.0,"vm_pu":1.0,"va_deg":-29.5}},{"type":"Feature","geometry":{"type":"Point","coordinates":[135.5459126125,34.7750985]},"properties":{"name":"\u962a\u6025\u6b63\u96c0\u5909\u96fb\u6240","vn_kv":77.0,"vm_pu":1.0,"va_deg":-30.61}},{"type":"Feature","geometry":{"type":"Point","coordinates":[135.4953354818182,34.761038536363635]},"properties":{"name":"\u8c4a\u6d25\u5909\u96fb\u6240","vn_kv":154.0,"vm_pu":1.0,"va_deg":-26.46}},{"type":"Feature","geometry":{"type":"Point","coordinates":[135.4926546111111,34.66533361111111]},"properties":{"name":"\u6e4a\u753a\u5909\u96fb\u6240","vn_kv":77.0,"vm_pu":1.0,"va_deg":-42.0}},{"type":"Feature","geometry":{"type":"Point","coordinates":[135.49380298,34.67968984]},"properties":{"name":"\u4fe1\u6fc3\u6a4b\u5909\u96fb\u6240","vn_kv":154.0,"vm_pu":1.0,"va_deg":-41.84}},{"type":"Feature","geometry":{"type":"Point","coordinates":[135.45787853529413,34.81338023529412]},"properties":{"name":"\u7b95\u9762\u5909\u96fb\u6240","vn_kv":77.0,"vm_pu":1.0,"va_deg":-23.84}},{"type":"Feature","geometry":{"type":"Point","coordinates":[135.45555714,34.8239681]},"properties":{"name":"\u685c\u30f6\u4e18\u5909\u96fb\u6240","vn_kv":77.0,"vm_pu":1.0,"va_deg":-18.44}},{"type":"Feature","geometry":{"type":"Point","coordinates":[135.47549056,34.827152569999996]},"properties":{"name":"\u95a2\u897f\u96fb\u529b \u7a32\u5909\u96fb\u6240","vn_kv":77.0,"vm_pu":1.0,"va_deg":-26.73}},{"type":"Feature","geometry":{"type":"Point","coordinates":[135.45280697500002,34.800529925]},"properties":{"name":"\u95a2\u897f\u96fb\u529b \u5229\u6839\u5c71\u5909\u96fb\u6240","vn_kv":77.0,"vm_pu":1.0,"va_deg":-23.7}},{"type":"Feature","geometry":{"type":"Point","coordinates":[135.47689695,34.80560444375]},"properties":{"name":"\u95a2\u897f\u96fb\u529b\u9001\u914d\u96fb \u5317\u8c4a\u4e2d\u5909\u96fb\u6240","vn_kv":77.0,"vm_pu":1.0,"va_deg":-26.75}},{"type":"Feature","geometry":{"type":"Point","coordinates":[135.4799181,34.7923550875]},"properties":{"name":"\u95a2\u897f\u96fb\u529b \u718a\u91ce\u5909\u96fb\u6240","vn_kv":77.0,"vm_pu":1.0,"va_deg":-26.65}},{"type":"Feature","geometry":{"type":"Point","coordinates":[135.46938442500002,34.78816989375]},"properties":{"name":"\u95a2\u897f\u96fb\u529b\u9001\u914d\u96fb \u8c4a\u4e2d\u5909\u96fb\u6240","vn_kv":77.0,"vm_pu":1.0,"va_deg":-23.57}},{"type":"Feature","geometry":{"type":"Point","coordinates":[135.46880111428572,34.7422174]},"properties":{"name":"\u95a2\u897f\u96fb\u529b \u5e84\u5185\u5909\u96fb\u6240","vn_kv":154.0,"vm_pu":1.0,"va_deg":-23.47}},{"type":"Feature","geometry":{"type":"Point","coordinates":[135.481531725,34.763175724999996]},"properties":{"name":"\u95a2\u897f\u96fb\u529b \u6d5c\u5909\u96fb\u6240","vn_kv":154.0,"vm_pu":1.0,"va_deg":-26.45}},{"type":"Feature","geometry":{"type":"Point","coordinates":[135.4662043090909,34.77380608181818]},"properties":{"name":"\u962a\u6025\u96fb\u9244\u66fd\u6839\u5909\u96fb\u6240","vn_kv":154.0,"vm_pu":1.0,"va_deg":-23.41}},{"type":"Feature","geometry":{"type":"Point","coordinates":[135.4586944,34.77578085]},"properties":{"name":"\u95a2\u897f\u96fb\u529b \u5ca1\u753a\u5909\u96fb\u6240","vn_kv":154.0,"vm_pu":1.0,"va_deg":-23.41}},{"type":"Feature","geometry":{"type":"Point","coordinates":[135.48106645000001,34.776480812500004]},"properties":{"name":"\u95a2\u897f\u96fb\u529b\u9001\u914d\u96fb \u9577\u8208\u5bfa\u5909\u96fb\u6240","vn_kv":154.0,"vm_pu":1.0,"va_deg":-26.47}},{"type":"Feature","geometry":{"type":"Point","coordinates":[135.57529838,34.80098544]},"properties":{"name":"\u95a2\u897f\u96fb\u529b \u771f\u7802\u5909\u96fb\u6240","vn_kv":77.0,"vm_pu":1.0,"va_deg":-24.89}},{"type":"Feature","geometry":{"type":"Point","coordinates":[135.57177173,34.83149556]},"properties":{"name":"\u95a2\u897f\u96fb\u529b\u9001\u914d\u96fb \u5bcc\u7530\u5909\u96fb\u6240 154kV","vn_kv":154.0,"vm_pu":1.0,"va_deg":-25.65}},{"type":"Feature","geometry":{"type":"Point","coordinates":[135.57177173,34.83149556]},"properties":{"name":"\u95a2\u897f\u96fb\u529b\u9001\u914d\u96fb \u5bcc\u7530\u5909\u96fb\u6240 (untyped)","vn_kv":154.0,"vm_pu":1.0,"va_deg":-25.65}},{"type":"Feature","geometry":{"type":"Point","coordinates":[135.30871878,34.73304666]},"properties":{"name":"\u82a6\u5c4b\u5909\u96fb\u6240","vn_kv":77.0,"vm_pu":1.0,"va_deg":-14.86}},{"type":"Feature","geometry":{"type":"Point","coordinates":[135.56464585,34.8053961]},"properties":{"name":"\u95a2\u897f\u96fb\u529b\u9001\u914d\u96fb \u5357\u8328\u6728\u5909\u96fb\u6240","vn_kv":154.0,"vm_pu":1.0,"va_deg":-25.76}},{"type":"Feature","geometry":{"type":"Point","coordinates":[134.94146056,34.68194702]},"properties":{"name":"\u897f\u5927\u4e45\u4fdd\u5909\u96fb\u6240","vn_kv":77.0,"vm_pu":1.0,"va_deg":-18.03}},{"type":"Feature","geometry":{"type":"Point","coordinates":[134.75189032857142,34.81197492857143]},"properties":{"name":"\u5fa1\u7740\u5909\u96fb\u6240","vn_kv":275.0,"vm_pu":1.02,"va_deg":-13.34}},{"type":"Feature","geometry":{"type":"Point","coordinates":[135.60271029999998,34.64712655]},"properties":{"name":"\u95a2\u897f\u96fb\u529b \u5c71\u8cc0\u5909\u96fb\u6240","vn_kv":154.0,"vm_pu":1.0,"va_deg":-29.17}},{"type":"Feature","geometry":{"type":"Point","coordinates":[135.61215663333334,34.642312800000006]},"properties":{"name":"\u95a2\u897f\u96fb\u529b\u9001\u914d\u96fb \u5c0f\u7551\u5909\u96fb\u6240","vn_kv":154.0,"vm_pu":1.0,"va_deg":-29.1}},{"type":"Feature","geometry":{"type":"Point","coordinates":[135.7483875,34.7003616]},"properties":{"name":"\u5b66\u5712\u524d\u5909\u96fb\u6240","vn_kv":77.0,"vm_pu":1.0,"va_deg":-31.17}},{"type":"Feature","geometry":{"type":"Point","coordinates":[135.7291339,35.0185229]},"properties":{"name":"\u897f\u30ce\u4eac\u897f\u5186\u753a\u5909\u96fb\u6240","vn_kv":77.0,"vm_pu":1.0,"va_deg":-29.39}},{"type":"Feature","geometry":{"type":"Point","coordinates":[135.7532417,35.0338249]},"properties":{"name":"\u672c\u6cd5\u5bfa\u524d\u753a\u5909\u96fb\u6240","vn_kv":77.0,"vm_pu":1.0,"va_deg":-28.01}},{"type":"Feature","geometry":{"type":"Point","coordinates":[135.7532429,35.0338347]},"properties":{"name":"\u672c\u6cd5\u5bfa\u524d\u753a\u5909\u96fb\u6240_2","vn_kv":77.0,"vm_pu":1.0,"va_deg":-28.01}},{"type":"Feature","geometry":{"type":"Point","coordinates":[135.7566181,34.9878032]},"properties":{"name":"\u4e03\u6761\u5909\u96fb\u6240","vn_kv":77.0,"vm_pu":1.0,"va_deg":-30.73}},{"type":"Feature","geometry":{"type":"Point","coordinates":[135.6987981,34.6349696]},"properties":{"name":"\u5e73\u7fa4\u5909\u96fb\u6240","vn_kv":77.0,"vm_pu":1.0,"va_deg":-31.37}},{"type":"Feature","geometry":{"type":"Point","coordinates":[135.7384359,34.8845265]},"properties":{"name":"\u7530\u4e95\u5909\u96fb\u6240","vn_kv":77.0,"vm_pu":1.0,"va_deg":-28.11}},{"type":"Feature","geometry":{"type":"Point","coordinates":[135.729768,35.0348465]},"properties":{"name":"\u5e73\u91ce\u5bae\u6577\u753a\u5909\u96fb\u6240","vn_kv":77.0,"vm_pu":1.0,"va_deg":-29.42}},{"type":"Feature","geometry":{"type":"Point","coordinates":[135.7508893,34.998185]},"properties":{"name":"\u4e0b\u4eac\u5909\u96fb\u6240","vn_kv":77.0,"vm_pu":1.0,"va_deg":-27.85}},{"type":"Feature","geometry":{"type":"Point","coordinates":[135.97247060760094,35.556625244655585]},"properties":{"name":"\u5dba\u5357\u5909\u96fb\u6240 500kV","vn_kv":500.0,"vm_pu":1.0,"va_deg":-16.9}},{"type":"Feature","geometry":{"type":"Point","coordinates":[135.97247060760094,35.556625244655585]},"properties":{"name":"\u5dba\u5357\u5909\u96fb\u6240 275kV","vn_kv":275.0,"vm_pu":1.0,"va_deg":-13.74}},{"type":"Feature","geometry":{"type":"Point","coordinates":[135.97247060760094,35.556625244655585]},"properties":{"name":"\u5dba\u5357\u5909\u96fb\u6240 77kV","vn_kv":77.0,"vm_pu":1.0,"va_deg":-9.09}},{"type":"Feature","geometry":{"type":"Point","coordinates":[135.97247060760094,35.556625244655585]},"properties":{"name":"\u5dba\u5357\u5909\u96fb\u6240 (untyped)","vn_kv":500.0,"vm_pu":1.0,"va_deg":-16.9}},{"type":"Feature","geometry":{"type":"Point","coordinates":[135.669335975,34.7781457875]},"properties":{"name":"\u4ea4\u91ce\u5909\u96fb\u6240 77kV","vn_kv":77.0,"vm_pu":1.0,"va_deg":-28.09}},{"type":"Feature","geometry":{"type":"Point","coordinates":[135.669335975,34.7781457875]},"properties":{"name":"\u4ea4\u91ce\u5909\u96fb\u6240 (untyped)","vn_kv":77.0,"vm_pu":1.0,"va_deg":-28.09}},{"type":"Feature","geometry":{"type":"Point","coordinates":[135.79245845,35.0622922]},"properties":{"name":"\u4fee\u5b66\u9662\u958b\u6839\u574a\u753a\u5909\u96fb\u6240","vn_kv":77.0,"vm_pu":1.0,"va_deg":-28.05}},{"type":"Feature","geometry":{"type":"Point","coordinates":[135.78020197142857,34.695435342857145]},"properties":{"name":"\u897f\u5927\u5bfa\u5909\u96fb\u6240","vn_kv":154.0,"vm_pu":1.0,"va_deg":-30.15}},{"type":"Feature","geometry":{"type":"Point","coordinates":[135.79676122135922,34.622540366019415]},"properties":{"name":"\u65b0\u5948\u826f\u5909\u96fb\u6240 154kV","vn_kv":154.0,"vm_pu":1.0,"va_deg":-29.46}},{"type":"Feature","geometry":{"type":"Point","coordinates":[135.79676122135922,34.622540366019415]},"properties":{"name":"\u65b0\u5948\u826f\u5909\u96fb\u6240 77kV","vn_kv":77.0,"vm_pu":1.0,"va_deg":-34.81}},{"type":"Feature","geometry":{"type":"Point","coordinates":[135.79676122135922,34.622540366019415]},"properties":{"name":"\u65b0\u5948\u826f\u5909\u96fb\u6240 66kV","vn_kv":66.0,"vm_pu":1.0,"va_deg":-34.83}},{"type":"Feature","geometry":{"type":"Point","coordinates":[135.79676122135922,34.622540366019415]},"properties":{"name":"\u65b0\u5948\u826f\u5909\u96fb\u6240 (untyped)","vn_kv":154.0,"vm_pu":1.0,"va_deg":-29.46}},{"type":"Feature","geometry":{"type":"Point","coordinates":[135.73850620000002,34.69488966]},"properties":{"name":"\u8fd1\u757f\u65e5\u672c\u9244\u9053 \u5bcc\u96c4\u5909\u96fb\u6240","vn_kv":77.0,"vm_pu":1.0,"va_deg":-31.06}},{"type":"Feature","geometry":{"type":"Point","coordinates":[135.71481560384615,34.73447727905983]},"properties":{"name":"\u65b0\u751f\u99d2 \u5909\u96fb\u6240 500kV","vn_kv":500.0,"vm_pu":1.0,"va_deg":-19.75}},{"type":"Feature","geometry":{"type":"Point","coordinates":[135.71481560384615,34.73447727905983]},"properties":{"name":"\u65b0\u751f\u99d2 \u5909\u96fb\u6240 275kV","vn_kv":275.0,"vm_pu":1.0,"va_deg":-24.42}},{"type":"Feature","geometry":{"type":"Point","coordinates":[135.71481560384615,34.73447727905983]},"properties":{"name":"\u65b0\u751f\u99d2 \u5909\u96fb\u6240 154kV","vn_kv":154.0,"vm_pu":1.0,"va_deg":-26.95}},{"type":"Feature","geometry":{"type":"Point","coordinates":[135.71481560384615,34.73447727905983]},"properties":{"name":"\u65b0\u751f\u99d2 \u5909\u96fb\u6240 77kV","vn_kv":77.0,"vm_pu":1.0,"va_deg":-30.46}},{"type":"Feature","geometry":{"type":"Point","coordinates":[135.71481560384615,34.73447727905983]},"properties":{"name":"\u65b0\u751f\u99d2 \u5909\u96fb\u6240 (untyped)","vn_kv":500.0,"vm_pu":1.0,"va_deg":-19.75}},{"type":"Feature","geometry":{"type":"Point","coordinates":[136.73617410714286,35.40647285]},"properties":{"name":"\u52a0\u7d0d\u5909\u96fb\u6240 (Kan\u014d Hendensho) 275kV","vn_kv":275.0,"vm_pu":1.0,"va_deg":-24.64}},{"type":"Feature","geometry":{"type":"Point","coordinates":[136.73617410714286,35.40647285]},"properties":{"name":"\u52a0\u7d0d\u5909\u96fb\u6240 (Kan\u014d Hendensho) 154kV","vn_kv":154.0,"vm_pu":1.0,"va_deg":-25.16}},{"type":"Feature","geometry":{"type":"Point","coordinates":[135.7941942,34.73824954]},"properties":{"name":"\u5410\u5e2b\u5909\u96fb\u6240","vn_kv":77.0,"vm_pu":1.0,"va_deg":-32.02}},{"type":"Feature","geometry":{"type":"Point","coordinates":[135.77926055999998,34.807775660000004]},"properties":{"name":"\u8208\u6238\u548c\u4e95\u7530\u5909\u96fb\u6240","vn_kv":154.0,"vm_pu":1.0,"va_deg":-27.47}},{"type":"Feature","geometry":{"type":"Point","coordinates":[135.89699297276425,34.865619787804874]},"properties":{"name":"\u5357\u4eac\u90fd\u5909\u96fb\u6240 500kV","vn_kv":500.0,"vm_pu":1.0,"va_deg":-18.78}},{"type":"Feature","geometry":{"type":"Point","coordinates":[135.89699297276425,34.865619787804874]},"properties":{"name":"\u5357\u4eac\u90fd\u5909\u96fb\u6240 275kV","vn_kv":275.0,"vm_pu":1.0,"va_deg":-24.18}},{"type":"Feature","geometry":{"type":"Point","coordinates":[135.89699297276425,34.865619787804874]},"properties":{"name":"\u5357\u4eac\u90fd\u5909\u96fb\u6240 154kV","vn_kv":154.0,"vm_pu":1.0,"va_deg":-26.83}},{"type":"Feature","geometry":{"type":"Point","coordinates":[135.89699297276425,34.865619787804874]},"properties":{"name":"\u5357\u4eac\u90fd\u5909\u96fb\u6240 (untyped)","vn_kv":500.0,"vm_pu":1.0,"va_deg":-18.78}},{"type":"Feature","geometry":{"type":"Point","coordinates":[135.76936342000002,34.951361180000006]},"properties":{"name":"\u6df1\u8349\u5317\u84ee\u6c60\u753a\u5909\u96fb\u6240","vn_kv":66.0,"vm_pu":1.0,"va_deg":-30.6}},{"type":"Feature","geometry":{"type":"Point","coordinates":[136.70365623333333,35.4785567]},"properties":{"name":"\u5fa1\u671b\u5909\u96fb\u6240","vn_kv":275.0,"vm_pu":1.02,"va_deg":-24.57}},{"type":"Feature","geometry":{"type":"Point","coordinates":[135.65731891599998,34.860775567999994]},"properties":{"name":"\u6dc0\u5ddd\u5909\u96fb\u6240 500kV","vn_kv":500.0,"vm_pu":1.0,"va_deg":-18.55}},{"type":"Feature","geometry":{"type":"Point","coordinates":[135.65731891599998,34.860775567999994]},"properties":{"name":"\u6dc0\u5ddd\u5909\u96fb\u6240 275kV","vn_kv":275.0,"vm_pu":1.0,"va_deg":-19.68}},{"type":"Feature","geometry":{"type":"Point","coordinates":[135.65731891599998,34.860775567999994]},"properties":{"name":"\u6dc0\u5ddd\u5909\u96fb\u6240 154kV","vn_kv":154.0,"vm_pu":1.0,"va_deg":-22.99}},{"type":"Feature","geometry":{"type":"Point","coordinates":[135.65731891599998,34.860775567999994]},"properties":{"name":"\u6dc0\u5ddd\u5909\u96fb\u6240 77kV","vn_kv":77.0,"vm_pu":1.0,"va_deg":-26.04}},{"type":"Feature","geometry":{"type":"Point","coordinates":[136.61641651,35.083202035]},"properties":{"name":"\u897f\u540d\u53e4\u5c4b\u5909\u96fb\u6240 275kV","vn_kv":275.0,"vm_pu":1.0,"va_deg":-25.35}},{"type":"Feature","geometry":{"type":"Point","coordinates":[136.61641651,35.083202035]},"properties":{"name":"\u897f\u540d\u53e4\u5c4b\u5909\u96fb\u6240 154kV","vn_kv":154.0,"vm_pu":1.0,"va_deg":-26.13}},{"type":"Feature","geometry":{"type":"Point","coordinates":[136.61641651,35.083202035]},"properties":{"name":"\u897f\u540d\u53e4\u5c4b\u5909\u96fb\u6240 77kV","vn_kv":77.0,"vm_pu":1.0,"va_deg":-26.65}},{"type":"Feature","geometry":{"type":"Point","coordinates":[135.79625911538463,34.927331438461536]},"properties":{"name":"\u6728\u5e61\u5909\u96fb\u6240 77kV","vn_kv":77.0,"vm_pu":1.0,"va_deg":-31.31}},{"type":"Feature","geometry":{"type":"Point","coordinates":[135.79625911538463,34.927331438461536]},"properties":{"name":"\u6728\u5e61\u5909\u96fb\u6240 (untyped)","vn_kv":77.0,"vm_pu":1.0,"va_deg":-31.32}},{"type":"Feature","geometry":{"type":"Point","coordinates":[136.78655693076922,35.129104346153845]},"properties":{"name":"\u5b66\u6238\u516d\u4e01\u76ee\u5909\u96fb\u6240 77kV","vn_kv":77.0,"vm_pu":1.0,"va_deg":-26.59}},{"type":"Feature","geometry":{"type":"Point","coordinates":[135.88718025333336,34.983992840000006]},"properties":{"name":"\u81b3\u6240\u5909\u96fb\u6240","vn_kv":154.0,"vm_pu":1.0,"va_deg":-26.7}},{"type":"Feature","geometry":{"type":"Point","coordinates":[135.89610802019232,34.93840851057692]},"properties":{"name":"\u6e56\u5357\u5909\u96fb\u6240 275kV","vn_kv":275.0,"vm_pu":1.0,"va_deg":-24.95}},{"type":"Feature","geometry":{"type":"Point","coordinates":[135.89610802019232,34.93840851057692]},"properties":{"name":"\u6e56\u5357\u5909\u96fb\u6240 154kV","vn_kv":154.0,"vm_pu":1.0,"va_deg":-26.48}},{"type":"Feature","geometry":{"type":"Point","coordinates":[135.89610802019232,34.93840851057692]},"properties":{"name":"\u6e56\u5357\u5909\u96fb\u6240 (untyped)","vn_kv":275.0,"vm_pu":1.0,"va_deg":-24.95}},{"type":"Feature","geometry":{"type":"Point","coordinates":[135.992841025,34.985154375]},"properties":{"name":"\u6817\u6771\u5909\u96fb\u6240 275kV","vn_kv":275.0,"vm_pu":1.0,"va_deg":-25.11}},{"type":"Feature","geometry":{"type":"Point","coordinates":[135.992841025,34.985154375]},"properties":{"name":"\u6817\u6771\u5909\u96fb\u6240 154kV","vn_kv":154.0,"vm_pu":1.01,"va_deg":-25.87}},{"type":"Feature","geometry":{"type":"Point","coordinates":[135.70198492337664,34.79454467337663]},"properties":{"name":"\u679a\u65b9\u5909\u96fb\u6240 500kV","vn_kv":500.0,"vm_pu":1.0,"va_deg":-19.49}},{"type":"Feature","geometry":{"type":"Point","coordinates":[135.70198492337664,34.79454467337663]},"properties":{"name":"\u679a\u65b9\u5909\u96fb\u6240 275kV","vn_kv":275.0,"vm_pu":1.0,"va_deg":-24.03}},{"type":"Feature","geometry":{"type":"Point","coordinates":[135.70198492337664,34.79454467337663]},"properties":{"name":"\u679a\u65b9\u5909\u96fb\u6240 77kV","vn_kv":77.0,"vm_pu":1.0,"va_deg":-27.18}},{"type":"Feature","geometry":{"type":"Point","coordinates":[135.67412388333335,34.970196816666665]},"properties":{"name":"\u5927\u679d\u6771\u65b0\u6797\u753a\u4e8c\u4e01\u76ee\u5909\u96fb\u6240","vn_kv":154.0,"vm_pu":1.0,"va_deg":-19.67}},{"type":"Feature","geometry":{"type":"Point","coordinates":[135.6569034,34.968887800000005]},"properties":{"name":"\u5927\u679d\u897f\u9577\u753a\u5909\u96fb\u6240 154kV","vn_kv":154.0,"vm_pu":1.0,"va_deg":-19.65}},{"type":"Feature","geometry":{"type":"Point","coordinates":[135.6569034,34.968887800000005]},"properties":{"name":"\u5927\u679d\u897f\u9577\u753a\u5909\u96fb\u6240 77kV","vn_kv":77.0,"vm_pu":1.0,"va_deg":-19.39}},{"type":"Feature","geometry":{"type":"Point","coordinates":[135.75192830169493,34.92809152711864]},"properties":{"name":"\u6a2a\u5927\u8def\u5909\u96fb\u6240 154kV","vn_kv":154.0,"vm_pu":1.0,"va_deg":-28.48}},{"type":"Feature","geometry":{"type":"Point","coordinates":[135.75192830169493,34.92809152711864]},"properties":{"name":"\u6a2a\u5927\u8def\u5909\u96fb\u6240 77kV","vn_kv":77.0,"vm_pu":1.0,"va_deg":-30.27}},{"type":"Feature","geometry":{"type":"Point","coordinates":[135.75192830169493,34.92809152711864]},"properties":{"name":"\u6a2a\u5927\u8def\u5909\u96fb\u6240 66kV","vn_kv":66.0,"vm_pu":1.0,"va_deg":-30.28}},{"type":"Feature","geometry":{"type":"Point","coordinates":[136.48387458333335,35.36574215833333]},"properties":{"name":"\u95a2\u30b1\u539f\u753a\u5909\u96fb\u6240","vn_kv":77.0,"vm_pu":1.0,"va_deg":-25.2}},{"type":"Feature","geometry":{"type":"Point","coordinates":[136.69449050327867,35.43595784590164]},"properties":{"name":"\u5317\u65b9\u958b\u9589\u6240 (Kitakata Kaiheisho) 275kV","vn_kv":275.0,"vm_pu":1.0,"va_deg":-24.62}},{"type":"Feature","geometry":{"type":"Point","coordinates":[136.69449050327867,35.43595784590164]},"properties":{"name":"\u5317\u65b9\u958b\u9589\u6240 (Kitakata Kaiheisho) 154kV","vn_kv":154.0,"vm_pu":1.0,"va_deg":-24.96}},{"type":"Feature","geometry":{"type":"Point","coordinates":[136.69449050327867,35.43595784590164]},"properties":{"name":"\u5317\u65b9\u958b\u9589\u6240 (Kitakata Kaiheisho) 77kV","vn_kv":77.0,"vm_pu":1.0,"va_deg":-25.37}},{"type":"Feature","geometry":{"type":"Point","coordinates":[135.712180735,34.955744535]},"properties":{"name":"\u5411\u65e5\u753a\u5909\u96fb\u6240","vn_kv":77.0,"vm_pu":1.0,"va_deg":-29.23}},{"type":"Feature","geometry":{"type":"Point","coordinates":[135.7075102166667,34.917952766666666]},"properties":{"name":"\u57ce\u306e\u91cc\u5909\u96fb\u6240","vn_kv":77.0,"vm_pu":1.0,"va_deg":-28.8}},{"type":"Feature","geometry":{"type":"Point","coordinates":[135.68471673333332,34.96273883333333]},"properties":{"name":"\u9577\u91ce\u5909\u96fb\u6240","vn_kv":77.0,"vm_pu":1.0,"va_deg":-28.6}},{"type":"Feature","geometry":{"type":"Point","coordinates":[136.7837517857143,35.160745028571434]},"properties":{"name":"\u4e03\u5b9d\u5909\u96fb\u6240 275kV","vn_kv":275.0,"vm_pu":1.0,"va_deg":-25.5}},{"type":"Feature","geometry":{"type":"Point","coordinates":[136.59353827391305,34.94532076956522]},"properties":{"name":"\u5317\u52e2\u5909\u96fb\u6240 (Hokusei Hendensho) 154kV","vn_kv":154.0,"vm_pu":1.01,"va_deg":-26.29}},{"type":"Feature","geometry":{"type":"Point","coordinates":[136.59353827391305,34.94532076956522]},"properties":{"name":"\u5317\u52e2\u5909\u96fb\u6240 (Hokusei Hendensho) (untyped)","vn_kv":154.0,"vm_pu":1.0,"va_deg":-26.29}},{"type":"Feature","geometry":{"type":"Point","coordinates":[135.81092126842103,34.892333521052635]},"properties":{"name":"\u660e\u661f\u753a\u56db\u4e01\u76ee\u5909\u96fb\u6240 77kV","vn_kv":77.0,"vm_pu":1.0,"va_deg":-30.02}},{"type":"Feature","geometry":{"type":"Point","coordinates":[135.81092126842103,34.892333521052635]},"properties":{"name":"\u660e\u661f\u753a\u56db\u4e01\u76ee\u5909\u96fb\u6240 (untyped)","vn_kv":77.0,"vm_pu":1.0,"va_deg":-30.0}},{"type":"Feature","geometry":{"type":"Point","coordinates":[135.7510631125,34.9258637125]},"properties":{"name":"\u6a2a\u5927\u8def\u4e09\u6816\u6c60\u7530\u5c4b\u6577\u753a\u5909\u96fb\u6240 154kV","vn_kv":154.0,"vm_pu":1.0,"va_deg":-28.48}},{"type":"Feature","geometry":{"type":"Point","coordinates":[135.7510631125,34.9258637125]},"properties":{"name":"\u6a2a\u5927\u8def\u4e09\u6816\u6c60\u7530\u5c4b\u6577\u753a\u5909\u96fb\u6240 77kV","vn_kv":77.0,"vm_pu":1.0,"va_deg":-30.26}},{"type":"Feature","geometry":{"type":"Point","coordinates":[135.7510631125,34.9258637125]},"properties":{"name":"\u6a2a\u5927\u8def\u4e09\u6816\u6c60\u7530\u5c4b\u6577\u753a\u5909\u96fb\u6240 66kV","vn_kv":66.0,"vm_pu":1.0,"va_deg":-30.27}},{"type":"Feature","geometry":{"type":"Point","coordinates":[135.7510631125,34.9258637125]},"properties":{"name":"\u6a2a\u5927\u8def\u4e09\u6816\u6c60\u7530\u5c4b\u6577\u753a\u5909\u96fb\u6240 (untyped)","vn_kv":154.0,"vm_pu":1.0,"va_deg":-28.48}},{"type":"Feature","geometry":{"type":"Point","coordinates":[135.73789964,34.68667913]},"properties":{"name":"\u5bcc\u96c4\u5909\u96fb\u6240","vn_kv":77.0,"vm_pu":1.0,"va_deg":-31.03}},{"type":"Feature","geometry":{"type":"Point","coordinates":[135.84015383333335,34.668497022222226]},"properties":{"name":"\u7d00\u5bfa\u5909\u96fb\u6240","vn_kv":77.0,"vm_pu":1.0,"va_deg":-35.72}},{"type":"Feature","geometry":{"type":"Point","coordinates":[136.53753822857144,34.789638614285714]},"properties":{"name":"\u6cb3\u82b8\u753a\u4e0a\u91ce\u5909\u96fb\u6240","vn_kv":77.0,"vm_pu":1.0,"va_deg":-27.68}},{"type":"Feature","geometry":{"type":"Point","coordinates":[135.80615709999998,34.7061222]},"properties":{"name":"\u5e73\u57ce\u5909\u96fb\u6240 154kV","vn_kv":154.0,"vm_pu":1.0,"va_deg":-30.1}},{"type":"Feature","geometry":{"type":"Point","coordinates":[135.80615709999998,34.7061222]},"properties":{"name":"\u5e73\u57ce\u5909\u96fb\u6240 77kV","vn_kv":77.0,"vm_pu":1.0,"va_deg":-31.65}},{"type":"Feature","geometry":{"type":"Point","coordinates":[135.75249165833335,34.724933725]},"properties":{"name":"\u767b\u7f8e\u30f6\u4e18\u5909\u96fb\u6240","vn_kv":77.0,"vm_pu":1.0,"va_deg":-31.39}},{"type":"Feature","geometry":{"type":"Point","coordinates":[135.7760856,34.87337744]},"properties":{"name":"\u5927\u4e45\u4fdd\u5909\u96fb\u6240","vn_kv":77.0,"vm_pu":1.0,"va_deg":-27.72}},{"type":"Feature","geometry":{"type":"Point","coordinates":[135.79861498333332,34.923440183333334]},"properties":{"name":"\u6728\u5e61\u5909\u96fb\u6240","vn_kv":77.0,"vm_pu":1.0,"va_deg":-31.4}},{"type":"Feature","geometry":{"type":"Point","coordinates":[135.80193687272728,34.88067234545454]},"properties":{"name":"\u6298\u5c45\u53f0\u4e8c\u4e01\u76ee\u5909\u96fb\u6240","vn_kv":154.0,"vm_pu":1.0,"va_deg":-27.7}},{"type":"Feature","geometry":{"type":"Point","coordinates":[135.8013501625,35.005477725]},"properties":{"name":"\u65e5\u30ce\u5ca1\u4e00\u5207\u7d4c\u8c37\u753a\u5909\u96fb\u6240 154kV","vn_kv":154.0,"vm_pu":1.0,"va_deg":-27.38}},{"type":"Feature","geometry":{"type":"Point","coordinates":[135.8013501625,35.005477725]},"properties":{"name":"\u65e5\u30ce\u5ca1\u4e00\u5207\u7d4c\u8c37\u753a\u5909\u96fb\u6240 77kV","vn_kv":77.0,"vm_pu":1.0,"va_deg":-27.59}},{"type":"Feature","geometry":{"type":"Point","coordinates":[135.77705304,34.999745860000004]},"properties":{"name":"\u7947\u5712\u5909\u96fb\u6240","vn_kv":77.0,"vm_pu":1.0,"va_deg":-27.69}},{"type":"Feature","geometry":{"type":"Point","coordinates":[135.65418304,34.80449994]},"properties":{"name":"\u95a2\u897f\u96fb\u529b \u5357\u679a\u65b9\u5909\u96fb\u6240","vn_kv":77.0,"vm_pu":1.0,"va_deg":-25.89}},{"type":"Feature","geometry":{"type":"Point","coordinates":[135.68186243999997,34.8260283]},"properties":{"name":"\u7530\u53e3\u5909\u96fb\u6240 500kV","vn_kv":500.0,"vm_pu":1.0,"va_deg":-19.04}},{"type":"Feature","geometry":{"type":"Point","coordinates":[135.68186243999997,34.8260283]},"properties":{"name":"\u7530\u53e3\u5909\u96fb\u6240 77kV","vn_kv":77.0,"vm_pu":1.0,"va_deg":-25.52}},{"type":"Feature","geometry":{"type":"Point","coordinates":[135.82576082,34.68377114]},"properties":{"name":"\u9ad8\u5929\u753a\u5909\u96fb\u6240","vn_kv":77.0,"vm_pu":1.0,"va_deg":-35.5}},{"type":"Feature","geometry":{"type":"Point","coordinates":[135.72186166666668,35.00076429999999]},"properties":{"name":"\u897f\u9662\u5909\u96fb\u6240","vn_kv":77.0,"vm_pu":1.0,"va_deg":-29.18}},{"type":"Feature","geometry":{"type":"Point","coordinates":[135.826753,34.68742392]},"properties":{"name":"\u767b\u5927\u8def\u753a\u5909\u96fb\u6240","vn_kv":66.0,"vm_pu":1.0,"va_deg":-35.44}},{"type":"Feature","geometry":{"type":"Point","coordinates":[135.82960186,34.68887118]},"properties":{"name":"\u767b\u5927\u8def\u753a\u5909\u96fb\u6240_2","vn_kv":66.0,"vm_pu":1.0,"va_deg":-35.64}},{"type":"Feature","geometry":{"type":"Point","coordinates":[135.70290925555554,34.960913166666664]},"properties":{"name":"\u5411\u65e5\u753a\u5909\u96fb\u6240","vn_kv":77.0,"vm_pu":1.0,"va_deg":-29.17}},{"type":"Feature","geometry":{"type":"Point","coordinates":[135.7086279,34.68701449]},"properties":{"name":"\u6771\u751f\u99d2\u5909\u96fb\u6240","vn_kv":77.0,"vm_pu":1.0,"va_deg":-31.0}},{"type":"Feature","geometry":{"type":"Point","coordinates":[135.92067627777777,34.97833386666667]},"properties":{"name":"\u95a2\u897f\u96fb\u529b\u702c\u7530\u5909\u96fb\u6240","vn_kv":154.0,"vm_pu":1.0,"va_deg":-26.35}},{"type":"Feature","geometry":{"type":"Point","coordinates":[135.7681716125,34.613637775]},"properties":{"name":"\u95a2\u897f\u96fb\u529b\u662d\u548c\u5909\u96fb\u6240 77kV","vn_kv":77.0,"vm_pu":1.0,"va_deg":-35.78}},{"type":"Feature","geometry":{"type":"Point","coordinates":[135.7681716125,34.613637775]},"properties":{"name":"\u95a2\u897f\u96fb\u529b\u662d\u548c\u5909\u96fb\u6240 66kV","vn_kv":66.0,"vm_pu":1.0,"va_deg":-35.78}},{"type":"Feature","geometry":{"type":"Point","coordinates":[135.7681716125,34.613637775]},"properties":{"name":"\u95a2\u897f\u96fb\u529b\u662d\u548c\u5909\u96fb\u6240 (untyped)","vn_kv":77.0,"vm_pu":1.0,"va_deg":-35.78}},{"type":"Feature","geometry":{"type":"Point","coordinates":[135.8332566714286,34.629014142857145]},"properties":{"name":"\u6adf\u672c\u5909\u96fb\u6240 154kV","vn_kv":154.0,"vm_pu":1.0,"va_deg":-29.41}},{"type":"Feature","geometry":{"type":"Point","coordinates":[135.8332566714286,34.629014142857145]},"properties":{"name":"\u6adf\u672c\u5909\u96fb\u6240 77kV","vn_kv":77.0,"vm_pu":1.0,"va_deg":-33.88}},{"type":"Feature","geometry":{"type":"Point","coordinates":[135.79605975555558,34.65960342222222]},"properties":{"name":"JR\u5927\u548c\u90e1\u5c71\u5909\u96fb\u6240 77kV","vn_kv":77.0,"vm_pu":1.0,"va_deg":-35.18}},{"type":"Feature","geometry":{"type":"Point","coordinates":[135.79605975555558,34.65960342222222]},"properties":{"name":"JR\u5927\u548c\u90e1\u5c71\u5909\u96fb\u6240 66kV","vn_kv":66.0,"vm_pu":1.0,"va_deg":-35.18}},{"type":"Feature","geometry":{"type":"Point","coordinates":[135.7919268125,34.6471587]},"properties":{"name":"\u90e1\u5c71\u5909\u96fb\u6240","vn_kv":77.0,"vm_pu":1.0,"va_deg":-35.15}},{"type":"Feature","geometry":{"type":"Point","coordinates":[135.68269522,34.89290176]},"properties":{"name":"\u5927\u5c71\u5d0e\u5909\u96fb\u6240","vn_kv":77.0,"vm_pu":1.0,"va_deg":-23.95}},{"type":"Feature","geometry":{"type":"Point","coordinates":[135.7928916875,34.9301816125]},"properties":{"name":"\u516d\u5730\u8535\u5909\u96fb\u6240","vn_kv":77.0,"vm_pu":1.0,"va_deg":-31.29}},{"type":"Feature","geometry":{"type":"Point","coordinates":[135.92392503333335,34.985860583333334]},"properties":{"name":"\u5927\u8431\u4e94\u4e01\u76ee\u5909\u96fb\u6240","vn_kv":77.0,"vm_pu":1.0,"va_deg":-26.44}},{"type":"Feature","geometry":{"type":"Point","coordinates":[135.75750742857142,34.96753120952381]},"properties":{"name":"\u52e7\u9032\u6a4b\u5909\u96fb\u6240 77kV","vn_kv":77.0,"vm_pu":1.0,"va_deg":-30.5}},{"type":"Feature","geometry":{"type":"Point","coordinates":[135.75750742857142,34.96753120952381]},"properties":{"name":"\u52e7\u9032\u6a4b\u5909\u96fb\u6240 66kV","vn_kv":66.0,"vm_pu":1.0,"va_deg":-30.51}},{"type":"Feature","geometry":{"type":"Point","coordinates":[135.81412185,34.967704014285715]},"properties":{"name":"\u65b0\u5c71\u79d1\u5909\u96fb\u6240","vn_kv":77.0,"vm_pu":1.0,"va_deg":-31.6}},{"type":"Feature","geometry":{"type":"Point","coordinates":[135.76103758,35.01686049999999]},"properties":{"name":"\u7af9\u9593\u5909\u96fb\u6240","vn_kv":77.0,"vm_pu":1.0,"va_deg":-27.81}},{"type":"Feature","geometry":{"type":"Point","coordinates":[135.78348875,34.8644764]},"properties":{"name":"\u4e45\u4e16\u5909\u96fb\u6240","vn_kv":154.0,"vm_pu":1.0,"va_deg":-27.59}},{"type":"Feature","geometry":{"type":"Point","coordinates":[135.675317625,34.78808375]},"properties":{"name":"\u79c1\u90e8\u897f\u4e00\u4e01\u76ee\u5909\u96fb\u6240","vn_kv":77.0,"vm_pu":1.0,"va_deg":-27.84}},{"type":"Feature","geometry":{"type":"Point","coordinates":[135.67867192,34.79814462]},"properties":{"name":"\u90e1\u6d25\u6771\u5909\u96fb\u6240","vn_kv":77.0,"vm_pu":1.0,"va_deg":-26.94}},{"type":"Feature","geometry":{"type":"Point","coordinates":[135.77976773333333,35.03605177777778]},"properties":{"name":"\u7530\u4e2d\u5909\u96fb\u6240","vn_kv":77.0,"vm_pu":1.0,"va_deg":-27.77}},{"type":"Feature","geometry":{"type":"Point","coordinates":[136.66985934285714,35.45488564285714]},"properties":{"name":"\u4e09\u6a4b\u4e00\u4e01\u76ee\u5909\u96fb\u6240 275kV","vn_kv":275.0,"vm_pu":1.0,"va_deg":-24.59}},{"type":"Feature","geometry":{"type":"Point","coordinates":[136.66985934285714,35.45488564285714]},"properties":{"name":"\u4e09\u6a4b\u4e00\u4e01\u76ee\u5909\u96fb\u6240 154kV","vn_kv":154.0,"vm_pu":1.0,"va_deg":-24.77}},{"type":"Feature","geometry":{"type":"Point","coordinates":[136.66985934285714,35.45488564285714]},"properties":{"name":"\u4e09\u6a4b\u4e00\u4e01\u76ee\u5909\u96fb\u6240 77kV","vn_kv":77.0,"vm_pu":1.0,"va_deg":-25.23}},{"type":"Feature","geometry":{"type":"Point","coordinates":[136.76624755384617,35.451310684615386]},"properties":{"name":"\u5317\u753a\u5909\u96fb\u6240 (untyped)","vn_kv":275.0,"vm_pu":1.0,"va_deg":-24.56}},{"type":"Feature","geometry":{"type":"Point","coordinates":[135.769851525,35.0054294375]},"properties":{"name":"\u6cb3\u539f\u753a\u5909\u96fb\u6240","vn_kv":154.0,"vm_pu":1.0,"va_deg":-27.48}},{"type":"Feature","geometry":{"type":"Point","coordinates":[135.65260232,34.8634783]},"properties":{"name":"\u68b6\u539f\u516d\u4e01\u76ee\u5909\u96fb\u6240","vn_kv":77.0,"vm_pu":1.0,"va_deg":-23.21}},{"type":"Feature","geometry":{"type":"Point","coordinates":[135.65060359999998,34.8628741]},"properties":{"name":"\u68b6\u539f\u516d\u4e01\u76ee\u5909\u96fb\u6240_2","vn_kv":77.0,"vm_pu":1.0,"va_deg":-23.21}},{"type":"Feature","geometry":{"type":"Point","coordinates":[135.77051006,34.67015194]},"properties":{"name":"\u516d\u6761\u897f\u5909\u96fb\u6240","vn_kv":77.0,"vm_pu":1.0,"va_deg":-30.64}},{"type":"Feature","geometry":{"type":"Point","coordinates":[135.82429792857144,34.88144974285714]},"properties":{"name":"\u5b87\u6cbb\u5e02\u5909\u96fb\u6240","vn_kv":154.0,"vm_pu":1.01,"va_deg":-27.4}},{"type":"Feature","geometry":{"type":"Point","coordinates":[135.74569125,34.8910089]},"properties":{"name":"\u4e45\u5fa1\u5c71\u5909\u96fb\u6240","vn_kv":77.0,"vm_pu":1.0,"va_deg":-28.61}},{"type":"Feature","geometry":{"type":"Point","coordinates":[135.77201495,34.8433196]},"properties":{"name":"\u6787\u6777\u5e84\u5909\u96fb\u6240 275kV","vn_kv":275.0,"vm_pu":1.0,"va_deg":-23.96}},{"type":"Feature","geometry":{"type":"Point","coordinates":[135.77201495,34.8433196]},"properties":{"name":"\u6787\u6777\u5e84\u5909\u96fb\u6240 77kV","vn_kv":77.0,"vm_pu":1.0,"va_deg":-26.32}},{"type":"Feature","geometry":{"type":"Point","coordinates":[135.79073635,34.846551774999995]},"properties":{"name":"\u57ce\u967d\u5909\u96fb\u6240 154kV","vn_kv":154.0,"vm_pu":1.0,"va_deg":-27.73}},{"type":"Feature","geometry":{"type":"Point","coordinates":[135.79073635,34.846551774999995]},"properties":{"name":"\u57ce\u967d\u5909\u96fb\u6240 (untyped)","vn_kv":154.0,"vm_pu":1.0,"va_deg":-27.73}},{"type":"Feature","geometry":{"type":"Point","coordinates":[135.97754613333333,34.99236912666667]},"properties":{"name":"\u8ffd\u5206\u5357\u516b\u4e01\u76ee\u5909\u96fb\u6240","vn_kv":154.0,"vm_pu":1.01,"va_deg":-25.99}},{"type":"Feature","geometry":{"type":"Point","coordinates":[135.80394541,34.99135983]},"properties":{"name":"\u897f\u65e5\u672c\u65c5\u5ba2\u9244\u9053 \u5c71\u79d1\u5909\u96fb\u6240","vn_kv":154.0,"vm_pu":1.0,"va_deg":-26.96}},{"type":"Feature","geometry":{"type":"Point","coordinates":[135.81253422,34.714733439999996]},"properties":{"name":"\u5de6\u4eac\u4e94\u4e01\u76ee\u5909\u96fb\u6240 154kV","vn_kv":154.0,"vm_pu":1.0,"va_deg":-30.02}},{"type":"Feature","geometry":{"type":"Point","coordinates":[135.81253422,34.714733439999996]},"properties":{"name":"\u5de6\u4eac\u4e94\u4e01\u76ee\u5909\u96fb\u6240 77kV","vn_kv":77.0,"vm_pu":1.0,"va_deg":-31.67}},{"type":"Feature","geometry":{"type":"Point","coordinates":[135.82292280800002,34.745929896]},"properties":{"name":"\u4e0a\u72db\u5909\u96fb\u6240 77kV","vn_kv":77.0,"vm_pu":1.0,"va_deg":-32.35}},{"type":"Feature","geometry":{"type":"Point","coordinates":[135.82292280800002,34.745929896]},"properties":{"name":"\u4e0a\u72db\u5909\u96fb\u6240 66kV","vn_kv":66.0,"vm_pu":1.0,"va_deg":-32.36}},{"type":"Feature","geometry":{"type":"Point","coordinates":[135.7844036111111,34.683741044444446]},"properties":{"name":"\u5c3c\u30f6\u8fbb\u5909\u96fb\u6240","vn_kv":154.0,"vm_pu":1.0,"va_deg":-30.33}},{"type":"Feature","geometry":{"type":"Point","coordinates":[135.7916306333333,34.731468400000004]},"properties":{"name":"\u9ad8\u306e\u539f\u5909\u96fb\u6240","vn_kv":77.0,"vm_pu":1.0,"va_deg":-31.94}},{"type":"Feature","geometry":{"type":"Point","coordinates":[135.77127426363634,34.91418738181818]},"properties":{"name":"\u4f0f\u898b\u5411\u5cf6\u5909\u96fb\u6240 154kV","vn_kv":154.0,"vm_pu":1.0,"va_deg":-28.29}},{"type":"Feature","geometry":{"type":"Point","coordinates":[135.77127426363634,34.91418738181818]},"properties":{"name":"\u4f0f\u898b\u5411\u5cf6\u5909\u96fb\u6240 77kV","vn_kv":77.0,"vm_pu":1.0,"va_deg":-30.19}},{"type":"Feature","geometry":{"type":"Point","coordinates":[135.77127426363634,34.91418738181818]},"properties":{"name":"\u4f0f\u898b\u5411\u5cf6\u5909\u96fb\u6240 66kV","vn_kv":66.0,"vm_pu":1.0,"va_deg":-30.2}},{"type":"Feature","geometry":{"type":"Point","coordinates":[135.7672684,35.48740128]},"properties":{"name":"\u95a2\u897f\u96fb\u529b\uff08\u682a\uff09\u5c0f\u6d5c\u5909\u96fb\u6240 77kV","vn_kv":77.0,"vm_pu":1.0,"va_deg":5.34}},{"type":"Feature","geometry":{"type":"Point","coordinates":[135.7672684,35.48740128]},"properties":{"name":"\u95a2\u897f\u96fb\u529b\uff08\u682a\uff09\u5c0f\u6d5c\u5909\u96fb\u6240 (untyped)","vn_kv":77.0,"vm_pu":1.0,"va_deg":5.41}},{"type":"Feature","geometry":{"type":"Point","coordinates":[135.7666318,34.9611308]},"properties":{"name":"\u7a32\u8377\u5909\u96fb\u6240","vn_kv":77.0,"vm_pu":1.0,"va_deg":-30.53}},{"type":"Feature","geometry":{"type":"Point","coordinates":[135.98703386000003,35.737566279999996]},"properties":{"name":"\u767d\u6728\u4e00\u4e01\u76ee\u5909\u96fb\u6240 500kV","vn_kv":500.0,"vm_pu":1.03,"va_deg":-15.45}},{"type":"Feature","geometry":{"type":"Point","coordinates":[135.98703386000003,35.737566279999996]},"properties":{"name":"\u767d\u6728\u4e00\u4e01\u76ee\u5909\u96fb\u6240 275kV","vn_kv":275.0,"vm_pu":1.02,"va_deg":-9.94}},{"type":"Feature","geometry":{"type":"Point","coordinates":[136.0144847,35.34211666666666]},"properties":{"name":"\u5b89\u66c7\u5909\u96fb\u6240 154kV","vn_kv":154.0,"vm_pu":1.0,"va_deg":-27.87}},{"type":"Feature","geometry":{"type":"Point","coordinates":[136.0025867,35.297983825]},"properties":{"name":"\u52dd\u91ce\u5909\u96fb\u6240 154kV","vn_kv":154.0,"vm_pu":1.0,"va_deg":-27.92}},{"type":"Feature","geometry":{"type":"Point","coordinates":[136.02916239166666,35.403405633333335]},"properties":{"name":"\u4eca\u6d25\u5909\u96fb\u6240 154kV","vn_kv":154.0,"vm_pu":1.0,"va_deg":-27.76}},{"type":"Feature","geometry":{"type":"Point","coordinates":[136.02916239166666,35.403405633333335]},"properties":{"name":"\u4eca\u6d25\u5909\u96fb\u6240 77kV","vn_kv":77.0,"vm_pu":1.0,"va_deg":-27.89}},{"type":"Feature","geometry":{"type":"Point","coordinates":[135.71466284166667,34.73129240833333]},"properties":{"name":"\u5317\u7530\u539f\u5909\u96fb\u6240 500kV","vn_kv":500.0,"vm_pu":1.0,"va_deg":-19.79}},{"type":"Feature","geometry":{"type":"Point","coordinates":[135.71466284166667,34.73129240833333]},"properties":{"name":"\u5317\u7530\u539f\u5909\u96fb\u6240 154kV","vn_kv":154.0,"vm_pu":1.0,"va_deg":-26.95}},{"type":"Feature","geometry":{"type":"Point","coordinates":[135.71466284166667,34.73129240833333]},"properties":{"name":"\u5317\u7530\u539f\u5909\u96fb\u6240 77kV","vn_kv":77.0,"vm_pu":1.0,"va_deg":-30.5}},{"type":"Feature","geometry":{"type":"Point","coordinates":[135.76982481250002,35.005462]},"properties":{"name":"\u5869\u5c4b\u753a\u5909\u96fb\u6240","vn_kv":154.0,"vm_pu":1.01,"va_deg":-27.65}},{"type":"Feature","geometry":{"type":"Point","coordinates":[135.68962770000002,34.81108074]},"properties":{"name":"\u6d25\u7530\u5909\u96fb\u6240","vn_kv":77.0,"vm_pu":1.0,"va_deg":-26.7}},{"type":"Feature","geometry":{"type":"Point","coordinates":[135.68552818,34.88391266]},"properties":{"name":"\u6a4b\u672c\u5909\u96fb\u6240","vn_kv":77.0,"vm_pu":1.0,"va_deg":-28.72}},{"type":"Feature","geometry":{"type":"Point","coordinates":[135.97150034615385,35.01147256153846]},"properties":{"name":"\u6771\u8349\u6d25\u4e09\u4e01\u76ee\u5909\u96fb\u6240 154kV","vn_kv":154.0,"vm_pu":1.0,"va_deg":-25.96}},{"type":"Feature","geometry":{"type":"Point","coordinates":[135.97150034615385,35.01147256153846]},"properties":{"name":"\u6771\u8349\u6d25\u4e09\u4e01\u76ee\u5909\u96fb\u6240 (untyped)","vn_kv":154.0,"vm_pu":1.0,"va_deg":-25.96}},{"type":"Feature","geometry":{"type":"Point","coordinates":[135.93471354444443,35.008725955555555]},"properties":{"name":"\u6a4b\u5ca1\u753a\u5909\u96fb\u6240","vn_kv":77.0,"vm_pu":1.0,"va_deg":-26.3}},{"type":"Feature","geometry":{"type":"Point","coordinates":[135.80186876666667,34.879108099999996]},"properties":{"name":"\u6298\u5c45\u5909\u96fb\u6240","vn_kv":154.0,"vm_pu":1.0,"va_deg":-27.69}},{"type":"Feature","geometry":{"type":"Point","coordinates":[135.7624553,34.9384813]},"properties":{"name":"\u4e39\u6ce2\u6a4b\u5909\u96fb\u6240","vn_kv":77.0,"vm_pu":1.0,"va_deg":-30.39}},{"type":"Feature","geometry":{"type":"Point","coordinates":[135.858342755,34.89515268]},"properties":{"name":"\u559c\u64b0\u5c71\u958b\u9589\u6240 275kV","vn_kv":275.0,"vm_pu":1.02,"va_deg":-24.52}},{"type":"Feature","geometry":{"type":"Point","coordinates":[135.858342755,34.89515268]},"properties":{"name":"\u559c\u64b0\u5c71\u958b\u9589\u6240 154kV","vn_kv":154.0,"vm_pu":1.01,"va_deg":-26.86}},{"type":"Feature","geometry":{"type":"Point","coordinates":[135.858342755,34.89515268]},"properties":{"name":"\u559c\u64b0\u5c71\u958b\u9589\u6240 (untyped)","vn_kv":275.0,"vm_pu":1.0,"va_deg":-24.52}},{"type":"Feature","geometry":{"type":"Point","coordinates":[135.70979849,34.86541457]},"properties":{"name":"\u7537\u5c71\u5909\u96fb\u6240 77kV","vn_kv":77.0,"vm_pu":1.0,"va_deg":-27.69}},{"type":"Feature","geometry":{"type":"Point","coordinates":[135.70979849,34.86541457]},"properties":{"name":"\u7537\u5c71\u5909\u96fb\u6240 (untyped)","vn_kv":77.0,"vm_pu":1.0,"va_deg":-27.69}},{"type":"Feature","geometry":{"type":"Point","coordinates":[135.7559806,34.8329673]},"properties":{"name":"\u6d1b\u5357\u5909\u96fb\u6240","vn_kv":275.0,"vm_pu":1.02,"va_deg":-23.89}},{"type":"Feature","geometry":{"type":"Point","coordinates":[135.988027,35.0810253]},"properties":{"name":"\u8fd1\u6c5f\u6cb3\u897f\u5909\u96fb\u6240","vn_kv":77.0,"vm_pu":1.0,"va_deg":-26.31}},{"type":"Feature","geometry":{"type":"Point","coordinates":[135.79541874999998,34.8955292875]},"properties":{"name":"\u5929\u795e\u53f0\u4e00\u4e01\u76ee\u5909\u96fb\u6240","vn_kv":77.0,"vm_pu":1.0,"va_deg":-30.06}},{"type":"Feature","geometry":{"type":"Point","coordinates":[135.653955375,34.867626075]},"properties":{"name":"\u68b6\u539f\u516d\u4e01\u76ee\u5909\u96fb\u6240_3 500kV","vn_kv":500.0,"vm_pu":1.0,"va_deg":-18.49}},{"type":"Feature","geometry":{"type":"Point","coordinates":[135.653955375,34.867626075]},"properties":{"name":"\u68b6\u539f\u516d\u4e01\u76ee\u5909\u96fb\u6240_3 275kV","vn_kv":275.0,"vm_pu":1.0,"va_deg":-19.68}},{"type":"Feature","geometry":{"type":"Point","coordinates":[135.653955375,34.867626075]},"properties":{"name":"\u68b6\u539f\u516d\u4e01\u76ee\u5909\u96fb\u6240_3 77kV","vn_kv":77.0,"vm_pu":1.0,"va_deg":-23.17}},{"type":"Feature","geometry":{"type":"Point","coordinates":[135.653955375,34.867626075]},"properties":{"name":"\u68b6\u539f\u516d\u4e01\u76ee\u5909\u96fb\u6240_3 (untyped)","vn_kv":66.0,"vm_pu":1.0,"va_deg":-21.67}},{"type":"Feature","geometry":{"type":"Point","coordinates":[136.5587841,35.008554375]},"properties":{"name":"\u8d64\u6c34\u753a\u5909\u96fb\u6240","vn_kv":154.0,"vm_pu":1.01,"va_deg":-26.08}},{"type":"Feature","geometry":{"type":"Point","coordinates":[136.2053599125,35.7899787125]},"properties":{"name":"\u516b\u4e59\u5973\u5909\u96fb\u6240 275kV","vn_kv":275.0,"vm_pu":1.0,"va_deg":-22.46}},{"type":"Feature","geometry":{"type":"Point","coordinates":[136.2053599125,35.7899787125]},"properties":{"name":"\u516b\u4e59\u5973\u5909\u96fb\u6240 154kV","vn_kv":154.0,"vm_pu":1.0,"va_deg":-17.32}},{"type":"Feature","geometry":{"type":"Point","coordinates":[135.90996148888888,35.11578917777778]},"properties":{"name":"\u5805\u7530\u5909\u96fb\u6240","vn_kv":77.0,"vm_pu":1.0,"va_deg":-28.07}},{"type":"Feature","geometry":{"type":"Point","coordinates":[135.9126782333333,35.11930553333333]},"properties":{"name":"\u672c\u5805\u7530\u4e94\u4e01\u76ee\u5909\u96fb\u6240 154kV","vn_kv":154.0,"vm_pu":1.0,"va_deg":-27.79}},{"type":"Feature","geometry":{"type":"Point","coordinates":[135.9126782333333,35.11930553333333]},"properties":{"name":"\u672c\u5805\u7530\u4e94\u4e01\u76ee\u5909\u96fb\u6240 77kV","vn_kv":77.0,"vm_pu":1.0,"va_deg":-28.09}},{"type":"Feature","geometry":{"type":"Point","coordinates":[135.93566654,35.22428724]},"properties":{"name":"\u5927\u6d25\u5e02\u5909\u96fb\u6240","vn_kv":154.0,"vm_pu":1.0,"va_deg":-27.88}},{"type":"Feature","geometry":{"type":"Point","coordinates":[135.803386825,34.82905135]},"properties":{"name":"\u5e02\u8fba\u5909\u96fb\u6240","vn_kv":154.0,"vm_pu":1.0,"va_deg":-27.47}},{"type":"Feature","geometry":{"type":"Point","coordinates":[135.82164245714287,34.74888802857143]},"properties":{"name":"\u4e0a\u72db\u5909\u96fb\u6240","vn_kv":66.0,"vm_pu":1.0,"va_deg":-32.46}},{"type":"Feature","geometry":{"type":"Point","coordinates":[135.7354143285714,34.92172381428571]},"properties":{"name":"\u6dc0\u5909\u96fb\u6240 77kV","vn_kv":77.0,"vm_pu":1.0,"va_deg":-30.01}},{"type":"Feature","geometry":{"type":"Point","coordinates":[135.7354143285714,34.92172381428571]},"properties":{"name":"\u6dc0\u5909\u96fb\u6240 66kV","vn_kv":66.0,"vm_pu":1.0,"va_deg":-30.01}},{"type":"Feature","geometry":{"type":"Point","coordinates":[135.6705486,34.779377966666665]},"properties":{"name":"\u661f\u7530\u5317\u4e09\u4e01\u76ee\u5909\u96fb\u6240","vn_kv":77.0,"vm_pu":1.0,"va_deg":-28.11}},{"type":"Feature","geometry":{"type":"Point","coordinates":[135.9692176,35.253475316666666]},"properties":{"name":"\u5927\u6d25\u5e02\u5909\u96fb\u6240_2 154kV","vn_kv":154.0,"vm_pu":1.0,"va_deg":-27.98}},{"type":"Feature","geometry":{"type":"Point","coordinates":[135.9692176,35.253475316666666]},"properties":{"name":"\u5927\u6d25\u5e02\u5909\u96fb\u6240_2 77kV","vn_kv":77.0,"vm_pu":1.0,"va_deg":-28.48}},{"type":"Feature","geometry":{"type":"Point","coordinates":[135.77511475,34.710117530000005]},"properties":{"name":"\u79cb\u7be0\u5909\u96fb\u6240","vn_kv":77.0,"vm_pu":1.0,"va_deg":-30.33}},{"type":"Feature","geometry":{"type":"Point","coordinates":[135.82659205555558,34.70348093333334]},"properties":{"name":"\u5948\u826f\u962a\u753a\u5909\u96fb\u6240","vn_kv":77.0,"vm_pu":1.0,"va_deg":-35.8}},{"type":"Feature","geometry":{"type":"Point","coordinates":[135.6593701,34.7846811]},"properties":{"name":"\u8304\u5b50\u4f5c\u5909\u96fb\u6240","vn_kv":77.0,"vm_pu":1.0,"va_deg":-28.12}},{"type":"Feature","geometry":{"type":"Point","coordinates":[135.7085365875,34.898595625]},"properties":{"name":"\u7f8e\u8c46\u5909\u96fb\u6240","vn_kv":77.0,"vm_pu":1.0,"va_deg":-28.73}},{"type":"Feature","geometry":{"type":"Point","coordinates":[135.65610814733097,35.540493296441284]},"properties":{"name":"\u304a\u304a\u3044\u753a\u5909\u96fb\u6240 500kV","vn_kv":500.0,"vm_pu":1.03,"va_deg":-12.03}},{"type":"Feature","geometry":{"type":"Point","coordinates":[135.65610814733097,35.540493296441284]},"properties":{"name":"\u304a\u304a\u3044\u753a\u5909\u96fb\u6240 (untyped)","vn_kv":500.0,"vm_pu":1.0,"va_deg":-12.03}},{"type":"Feature","geometry":{"type":"Point","coordinates":[135.75518560833333,34.949921333333336]},"properties":{"name":"\u6df1\u8349\u5909\u96fb\u6240 77kV","vn_kv":77.0,"vm_pu":1.0,"va_deg":-30.44}},{"type":"Feature","geometry":{"type":"Point","coordinates":[135.75518560833333,34.949921333333336]},"properties":{"name":"\u6df1\u8349\u5909\u96fb\u6240 66kV","vn_kv":66.0,"vm_pu":1.0,"va_deg":-30.45}},{"type":"Feature","geometry":{"type":"Point","coordinates":[135.74962070714284,34.94063125]},"properties":{"name":"\u4e0b\u9ce5\u7fbd\u5909\u96fb\u6240 77kV","vn_kv":77.0,"vm_pu":1.0,"va_deg":-30.37}},{"type":"Feature","geometry":{"type":"Point","coordinates":[135.74962070714284,34.94063125]},"properties":{"name":"\u4e0b\u9ce5\u7fbd\u5909\u96fb\u6240 66kV","vn_kv":66.0,"vm_pu":1.0,"va_deg":-30.38}},{"type":"Feature","geometry":{"type":"Point","coordinates":[135.79639336666665,35.00442266666667]},"properties":{"name":"\u65e5\u30ce\u5ca1\u4e00\u5207\u7d4c\u8c37\u753a\u5909\u96fb\u6240_2 154kV","vn_kv":154.0,"vm_pu":1.0,"va_deg":-27.48}},{"type":"Feature","geometry":{"type":"Point","coordinates":[135.79639336666665,35.00442266666667]},"properties":{"name":"\u65e5\u30ce\u5ca1\u4e00\u5207\u7d4c\u8c37\u753a\u5909\u96fb\u6240_2 77kV","vn_kv":77.0,"vm_pu":1.0,"va_deg":-27.6}},{"type":"Feature","geometry":{"type":"Point","coordinates":[135.7915867,35.0644663]},"properties":{"name":"\u677e\u30f6\u5d0e\u5909\u96fb\u6240","vn_kv":77.0,"vm_pu":1.0,"va_deg":-28.05}},{"type":"Feature","geometry":{"type":"Point","coordinates":[135.78489804999998,34.78404449999999]},"properties":{"name":"\u83f1\u7530\u5909\u96fb\u6240","vn_kv":77.0,"vm_pu":1.0,"va_deg":-27.17}},{"type":"Feature","geometry":{"type":"Point","coordinates":[135.77567830909092,34.6863531]},"properties":{"name":"\u5c3c\u8fbb\u897f\u753a\u5909\u96fb\u6240","vn_kv":77.0,"vm_pu":1.0,"va_deg":-30.57}},{"type":"Feature","geometry":{"type":"Point","coordinates":[135.7769865142857,34.95450578571428]},"properties":{"name":"\u85e4\u68ee\u5909\u96fb\u6240","vn_kv":66.0,"vm_pu":1.0,"va_deg":-30.66}},{"type":"Feature","geometry":{"type":"Point","coordinates":[136.56964901875,35.462743925]},"properties":{"name":"\u63d6\u6590\u5909\u96fb\u6240 500kV","vn_kv":500.0,"vm_pu":1.0,"va_deg":-21.19}},{"type":"Feature","geometry":{"type":"Point","coordinates":[136.56964901875,35.462743925]},"properties":{"name":"\u63d6\u6590\u5909\u96fb\u6240 154kV","vn_kv":154.0,"vm_pu":1.0,"va_deg":-24.51}},{"type":"Feature","geometry":{"type":"Point","coordinates":[136.56964901875,35.462743925]},"properties":{"name":"\u63d6\u6590\u5909\u96fb\u6240 77kV","vn_kv":77.0,"vm_pu":1.0,"va_deg":-25.6}},{"type":"Feature","geometry":{"type":"Point","coordinates":[135.80611983333336,34.683152533333335]},"properties":{"name":"\u5948\u826f\u5909\u96fb\u6240 154kV","vn_kv":154.0,"vm_pu":1.0,"va_deg":-30.2}},{"type":"Feature","geometry":{"type":"Point","coordinates":[135.80611983333336,34.683152533333335]},"properties":{"name":"\u5948\u826f\u5909\u96fb\u6240 77kV","vn_kv":77.0,"vm_pu":1.0,"va_deg":-35.22}},{"type":"Feature","geometry":{"type":"Point","coordinates":[135.80611983333336,34.683152533333335]},"properties":{"name":"\u5948\u826f\u5909\u96fb\u6240 66kV","vn_kv":66.0,"vm_pu":1.0,"va_deg":-35.24}},{"type":"Feature","geometry":{"type":"Point","coordinates":[135.70398405,34.8484205125]},"properties":{"name":"\u6d1e\u30f6\u5ce0\u5909\u96fb\u6240","vn_kv":77.0,"vm_pu":1.0,"va_deg":-27.33}},{"type":"Feature","geometry":{"type":"Point","coordinates":[135.6990733875,34.8333276625]},"properties":{"name":"\u9577\u5c3e\u5909\u96fb\u6240","vn_kv":77.0,"vm_pu":1.0,"va_deg":-27.14}},{"type":"Feature","geometry":{"type":"Point","coordinates":[135.7082123,34.825218]},"properties":{"name":"\u9577\u5c3e\u5143\u753a\u5909\u96fb\u6240","vn_kv":77.0,"vm_pu":1.0,"va_deg":-27.09}},{"type":"Feature","geometry":{"type":"Point","coordinates":[135.65685046190478,34.76365522857143]},"properties":{"name":"\u65b0\u5bdd\u5c4b\u5ddd\u5909\u96fb\u6240 275kV","vn_kv":275.0,"vm_pu":1.0,"va_deg":-24.89}},{"type":"Feature","geometry":{"type":"Point","coordinates":[135.65685046190478,34.76365522857143]},"properties":{"name":"\u65b0\u5bdd\u5c4b\u5ddd\u5909\u96fb\u6240 77kV","vn_kv":77.0,"vm_pu":1.0,"va_deg":-28.44}},{"type":"Feature","geometry":{"type":"Point","coordinates":[135.72180431666666,34.66450585]},"properties":{"name":"\u5357\u751f\u99d2\u5909\u96fb\u6240","vn_kv":77.0,"vm_pu":1.0,"va_deg":-31.26}},{"type":"Feature","geometry":{"type":"Point","coordinates":[135.79276844999998,34.73276275]},"properties":{"name":"\u6728\u6d25\u5909\u96fb\u6240","vn_kv":77.0,"vm_pu":1.0,"va_deg":-31.94}},{"type":"Feature","geometry":{"type":"Point","coordinates":[135.7670545625,34.646551349999996]},"properties":{"name":"\u5916\u5ddd\u5909\u96fb\u6240","vn_kv":77.0,"vm_pu":1.0,"va_deg":-35.67}},{"type":"Feature","geometry":{"type":"Point","coordinates":[135.98787804,35.04357572]},"properties":{"name":"\u4f0a\u52e2\u753a\u5909\u96fb\u6240","vn_kv":77.0,"vm_pu":1.0,"va_deg":-26.04}},{"type":"Feature","geometry":{"type":"Point","coordinates":[135.66498682857144,34.81611304285714]},"properties":{"name":"\u4e2d\u5bae\u5909\u96fb\u6240","vn_kv":77.0,"vm_pu":1.0,"va_deg":-25.72}},{"type":"Feature","geometry":{"type":"Point","coordinates":[135.66504375,34.842568316666664]},"properties":{"name":"\u4eac\u962a\u96fb\u9244\u7267\u91ce\u5909\u96fb\u6240","vn_kv":500.0,"vm_pu":1.0,"va_deg":-18.79}},{"type":"Feature","geometry":{"type":"Point","coordinates":[135.66055721875,34.8422908125]},"properties":{"name":"\u7267\u91ce\u5909\u96fb\u6240 500kV","vn_kv":500.0,"vm_pu":1.0,"va_deg":-18.79}},{"type":"Feature","geometry":{"type":"Point","coordinates":[135.66055721875,34.8422908125]},"properties":{"name":"\u7267\u91ce\u5909\u96fb\u6240 154kV","vn_kv":154.0,"vm_pu":1.0,"va_deg":-23.05}},{"type":"Feature","geometry":{"type":"Point","coordinates":[135.66055721875,34.8422908125]},"properties":{"name":"\u7267\u91ce\u5909\u96fb\u6240 77kV","vn_kv":77.0,"vm_pu":1.0,"va_deg":-25.55}},{"type":"Feature","geometry":{"type":"Point","coordinates":[135.66055721875,34.8422908125]},"properties":{"name":"\u7267\u91ce\u5909\u96fb\u6240 (untyped)","vn_kv":500.0,"vm_pu":1.0,"va_deg":-18.79}},{"type":"Feature","geometry":{"type":"Point","coordinates":[135.70005148,34.96821878]},"properties":{"name":"\u6842\u5909\u96fb\u6240","vn_kv":77.0,"vm_pu":1.0,"va_deg":-29.21}},{"type":"Feature","geometry":{"type":"Point","coordinates":[135.68514593333333,34.849529966666665]},"properties":{"name":"\u62db\u63d0\u5909\u96fb\u6240","vn_kv":275.0,"vm_pu":1.0,"va_deg":-22.5}},{"type":"Feature","geometry":{"type":"Point","coordinates":[135.99299096666667,35.0312116]},"properties":{"name":"\u8702\u5c4b\u5909\u96fb\u6240","vn_kv":154.0,"vm_pu":1.01,"va_deg":-25.95}},{"type":"Feature","geometry":{"type":"Point","coordinates":[135.9952963125,35.0345077625]},"properties":{"name":"\u8702\u5c4b\u5909\u96fb\u6240_2","vn_kv":154.0,"vm_pu":1.0,"va_deg":-25.95}},{"type":"Feature","geometry":{"type":"Point","coordinates":[135.90438676666668,34.96977765]},"properties":{"name":"\u87a2\u8c37\u5909\u96fb\u6240","vn_kv":66.0,"vm_pu":1.0,"va_deg":-26.56}},{"type":"Feature","geometry":{"type":"Point","coordinates":[135.9904097,35.033687799999996]},"properties":{"name":"\u6817\u6771\u5e02\u5909\u96fb\u6240","vn_kv":154.0,"vm_pu":1.0,"va_deg":-25.96}}]}