{"type":"FeatureCollection","features":[{"type":"Feature","geometry":{"type":"LineString","coordinates":[[139.6195807,35.6892043],[139.6168158,35.6894878]]},"properties":{"name":"tokyo_line_1","loading_pct":111.0,"p_mw":446.3,"synthetic":false,"tie":false}},{"type":"Feature","geometry":{"type":"LineString","coordinates":[[139.644105,35.6952229],[139.6448353,35.6961027]]},"properties":{"name":"tokyo_line_2","loading_pct":95.4,"p_mw":-897.2,"synthetic":false,"tie":false}},{"type":"Feature","geometry":{"type":"LineString","coordinates":[[139.6434461,35.6701999],[139.6419428,35.6703434]]},"properties":{"name":"tokyo_line_4","loading_pct":72.4,"p_mw":137.2,"synthetic":false,"tie":false}},{"type":"Feature","geometry":{"type":"LineString","coordinates":[[139.6625756,35.6554058],[139.6631679,35.6543108]]},"properties":{"name":"tokyo_line_5","loading_pct":92.9,"p_mw":197.0,"synthetic":false,"tie":false}},{"type":"Feature","geometry":{"type":"LineString","coordinates":[[139.6050937,35.690409],[139.6078055,35.6901993]]},"properties":{"name":"tokyo_line_9","loading_pct":112.3,"p_mw":-424.2,"synthetic":false,"tie":false}},{"type":"Feature","geometry":{"type":"LineString","coordinates":[[139.3676686,35.4320883],[139.3680703,35.432076]]},"properties":{"name":"tokyo_line_10","loading_pct":51.8,"p_mw":-106.7,"synthetic":false,"tie":false}},{"type":"Feature","geometry":{"type":"LineString","coordinates":[[139.3619523,35.4325709],[139.3597542,35.432692]]},"properties":{"name":"tokyo_line_11","loading_pct":45.6,"p_mw":72.4,"synthetic":false,"tie":false}},{"type":"Feature","geometry":{"type":"LineString","coordinates":[[139.3772434,35.4322647],[139.3788782,35.4328215]]},"properties":{"name":"tokyo_line_12","loading_pct":54.2,"p_mw":-123.9,"synthetic":false,"tie":false}},{"type":"Feature","geometry":{"type":"LineString","coordinates":[[139.4931804,35.6356275],[139.4936779,35.6382444]]},"properties":{"name":"tokyo_line_13","loading_pct":15.0,"p_mw":-119.7,"synthetic":false,"tie":false}},{"type":"Feature","geometry":{"type":"LineString","coordinates":[[139.4857625,35.6156549],[139.4825833,35.6142262]]},"properties":{"name":"tokyo_line_14","loading_pct":39.6,"p_mw":302.5,"synthetic":false,"tie":false}},{"type":"Feature","geometry":{"type":"LineString","coordinates":[[139.5030984,35.620019],[139.5037626,35.6188006],[139.5049749,35.6163389],[139.505844,35.6147254]]},"properties":{"name":"tokyo_line_16","loading_pct":64.0,"p_mw":-268.1,"synthetic":false,"tie":false}},{"type":"Feature","geometry":{"type":"LineString","coordinates":[[139.5082039,35.6016066],[139.5034799,35.6020738]]},"properties":{"name":"tokyo_line_18","loading_pct":85.3,"p_mw":350.8,"synthetic":false,"tie":false}},{"type":"Feature","geometry":{"type":"LineString","coordinates":[[139.5134031,35.5896082],[139.5166792,35.586892],[139.5197413,35.5843579]]},"properties":{"name":"tokyo_line_20","loading_pct":10.6,"p_mw":-81.8,"synthetic":false,"tie":false}},{"type":"Feature","geometry":{"type":"LineString","coordinates":[[139.5133273,35.669199],[139.513846,35.6699505]]},"properties":{"name":"tokyo_line_22","loading_pct":77.1,"p_mw":-207.7,"synthetic":false,"tie":false}},{"type":"Feature","geometry":{"type":"LineString","coordinates":[[139.5015658,35.6607703],[139.5002129,35.6601647]]},"properties":{"name":"tokyo_line_23","loading_pct":77.6,"p_mw":173.3,"synthetic":false,"tie":false}},{"type":"Feature","geometry":{"type":"LineString","coordinates":[[139.5201857,35.6833161],[139.5207033,35.6844174]]},"properties":{"name":"tokyo_line_24","loading_pct":77.0,"p_mw":-225.1,"synthetic":false,"tie":false}},{"type":"Feature","geometry":{"type":"LineString","coordinates":[[139.5346733,35.6895882],[139.5362022,35.6889434]]},"properties":{"name":"tokyo_line_26","loading_pct":122.7,"p_mw":-498.4,"synthetic":false,"tie":false}},{"type":"Feature","geometry":{"type":"LineString","coordinates":[[139.5109211,35.6885698],[139.507887,35.6882921]]},"properties":{"name":"tokyo_line_27","loading_pct":116.4,"p_mw":417.4,"synthetic":false,"tie":false}},{"type":"Feature","geometry":{"type":"LineString","coordinates":[[139.6026589,35.6061415],[139.6027979,35.6046716]]},"properties":{"name":"tokyo_line_30","loading_pct":15.4,"p_mw":-17.0,"synthetic":false,"tie":false}},{"type":"Feature","geometry":{"type":"LineString","coordinates":[[139.409089,35.5634649],[139.4102126,35.5622191]]},"properties":{"name":"tokyo_line_35","loading_pct":47.8,"p_mw":106.5,"synthetic":false,"tie":false}},{"type":"Feature","geometry":{"type":"LineString","coordinates":[[139.3995255,35.5811922],[139.3984557,35.583528],[139.3962287,35.5843752],[139.3937702,35.5853116]]},"properties":{"name":"tokyo_line_36","loading_pct":7.7,"p_mw":5.1,"synthetic":false,"tie":false}},{"type":"Feature","geometry":{"type":"LineString","coordinates":[[139.4153608,35.5643737],[139.4184118,35.5631336],[139.420543,35.5624052],[139.4222207,35.5618269],[139.4227706,35.5606332],[139.4229983,35.5606614],[139.4231709,35.5604513],[139.4233,35.5602911]]},"properties":{"name":"tokyo_line_38","loading_pct":61.2,"p_mw":-117.5,"synthetic":false,"tie":false}},{"type":"Feature","geometry":{"type":"LineString","coordinates":[[139.4399327,35.5449882],[139.4402203,35.544837]]},"properties":{"name":"tokyo_line_39","loading_pct":61.5,"p_mw":-567.3,"synthetic":false,"tie":false}},{"type":"Feature","geometry":{"type":"LineString","coordinates":[[139.4210107,35.5556693],[139.4174538,35.5562139]]},"properties":{"name":"tokyo_line_40","loading_pct":60.5,"p_mw":415.5,"synthetic":false,"tie":false}},{"type":"Feature","geometry":{"type":"LineString","coordinates":[[139.4276015,35.5607399],[139.4278674,35.5609234]]},"properties":{"name":"tokyo_line_41","loading_pct":14.8,"p_mw":16.8,"synthetic":false,"tie":false}},{"type":"Feature","geometry":{"type":"LineString","coordinates":[[139.4532966,35.5379687],[139.4536666,35.5377785]]},"properties":{"name":"tokyo_line_42","loading_pct":61.8,"p_mw":-584.8,"synthetic":false,"tie":false}},{"type":"Feature","geometry":{"type":"LineString","coordinates":[[139.4701775,35.5365454],[139.4704803,35.5364469]]},"properties":{"name":"tokyo_line_43","loading_pct":62.2,"p_mw":-602.4,"synthetic":false,"tie":false}},{"type":"Feature","geometry":{"type":"LineString","coordinates":[[139.3450018,35.4279782],[139.3433139,35.4262013]]},"properties":{"name":"tokyo_line_45","loading_pct":35.4,"p_mw":89.0,"synthetic":false,"tie":false}},{"type":"Feature","geometry":{"type":"LineString","coordinates":[[139.5338171,35.6146818],[139.5354994,35.6144144]]},"properties":{"name":"tokyo_line_47","loading_pct":75.1,"p_mw":-25.6,"synthetic":false,"tie":false}},{"type":"Feature","geometry":{"type":"LineString","coordinates":[[139.5405455,35.6121266],[139.5412451,35.6106761]]},"properties":{"name":"tokyo_line_48","loading_pct":88.2,"p_mw":-42.8,"synthetic":false,"tie":false}},{"type":"Feature","geometry":{"type":"LineString","coordinates":[[139.3533389,35.5943878],[139.3567664,35.5953395]]},"properties":{"name":"tokyo_line_49","loading_pct":69.2,"p_mw":-65.4,"synthetic":false,"tie":false}},{"type":"Feature","geometry":{"type":"LineString","coordinates":[[139.3537161,35.5942111],[139.3564982,35.5949804]]},"properties":{"name":"tokyo_line_50","loading_pct":68.0,"p_mw":-76.8,"synthetic":false,"tie":false}},{"type":"Feature","geometry":{"type":"LineString","coordinates":[[139.3565083,35.5954494],[139.3562617,35.5953798]]},"properties":{"name":"tokyo_line_53","loading_pct":67.6,"p_mw":113.2,"synthetic":false,"tie":false}},{"type":"Feature","geometry":{"type":"LineString","coordinates":[[139.3689674,35.6033712],[139.3694358,35.6060181]]},"properties":{"name":"tokyo_line_54","loading_pct":54.6,"p_mw":-90.7,"synthetic":false,"tie":false}},{"type":"Feature","geometry":{"type":"LineString","coordinates":[[139.384341,35.6052885],[139.3837192,35.6031253]]},"properties":{"name":"tokyo_line_58","loading_pct":25.3,"p_mw":17.2,"synthetic":false,"tie":false}},{"type":"Feature","geometry":{"type":"LineString","coordinates":[[139.3860293,35.6149022],[139.3881102,35.6163982]]},"properties":{"name":"tokyo_line_59","loading_pct":72.8,"p_mw":-307.7,"synthetic":false,"tie":false}},{"type":"Feature","geometry":{"type":"LineString","coordinates":[[139.3711477,35.629061],[139.3721588,35.6328574]]},"properties":{"name":"tokyo_line_60","loading_pct":59.0,"p_mw":182.5,"synthetic":false,"tie":false}},{"type":"Feature","geometry":{"type":"LineString","coordinates":[[139.4083424,35.6268669],[139.4109578,35.6277682]]},"properties":{"name":"tokyo_line_61","loading_pct":74.2,"p_mw":-232.9,"synthetic":false,"tie":false}},{"type":"Feature","geometry":{"type":"LineString","coordinates":[[139.4034639,35.6300616],[139.4062347,35.630814]]},"properties":{"name":"tokyo_line_62","loading_pct":74.0,"p_mw":-176.5,"synthetic":false,"tie":false}},{"type":"Feature","geometry":{"type":"LineString","coordinates":[[139.3943767,35.6328168],[139.3923917,35.6334102],[139.389987,35.6341293],[139.388041,35.6347111],[139.3856363,35.6354321],[139.3836343,35.6351446],[139.3807429,35.6347368],[139.3785094,35.6344187],[139.37666,35.6339288],[139.3746105,35.6333799]]},"properties":{"name":"tokyo_line_63","loading_pct":79.0,"p_mw":83.8,"synthetic":false,"tie":false}},{"type":"Feature","geometry":{"type":"LineString","coordinates":[[139.413891,35.6313293],[139.4136734,35.63223]]},"properties":{"name":"tokyo_line_64","loading_pct":75.1,"p_mw":171.7,"synthetic":false,"tie":false}},{"type":"Feature","geometry":{"type":"LineString","coordinates":[[139.4258149,35.6345407],[139.4281295,35.6349095]]},"properties":{"name":"tokyo_line_65","loading_pct":75.9,"p_mw":-422.2,"synthetic":false,"tie":false}},{"type":"Feature","geometry":{"type":"LineString","coordinates":[[139.3625754,35.5856282],[139.3611967,35.5863382]]},"properties":{"name":"tokyo_line_70","loading_pct":9.2,"p_mw":-24.4,"synthetic":false,"tie":false}},{"type":"Feature","geometry":{"type":"LineString","coordinates":[[139.3652142,35.5786844],[139.3675161,35.5775781]]},"properties":{"name":"tokyo_line_71","loading_pct":8.2,"p_mw":21.6,"synthetic":false,"tie":false}},{"type":"Feature","geometry":{"type":"LineString","coordinates":[[139.4071669,35.4899286],[139.4109916,35.4910442]]},"properties":{"name":"tokyo_line_72","loading_pct":52.7,"p_mw":-446.4,"synthetic":false,"tie":false}},{"type":"Feature","geometry":{"type":"LineString","coordinates":[[139.3927289,35.47729],[139.3941075,35.4744744]]},"properties":{"name":"tokyo_line_73","loading_pct":58.2,"p_mw":340.2,"synthetic":false,"tie":false}},{"type":"Feature","geometry":{"type":"LineString","coordinates":[[139.4166865,35.4925884],[139.4198195,35.4934223]]},"properties":{"name":"tokyo_line_75","loading_pct":53.4,"p_mw":-465.7,"synthetic":false,"tie":false}},{"type":"Feature","geometry":{"type":"LineString","coordinates":[[139.420627,35.5026835],[139.4200293,35.5040628]]},"properties":{"name":"tokyo_line_76","loading_pct":46.3,"p_mw":-176.6,"synthetic":false,"tie":false}},{"type":"Feature","geometry":{"type":"LineString","coordinates":[[139.4237534,35.5022616],[139.4266017,35.5017574]]},"properties":{"name":"tokyo_line_77","loading_pct":79.7,"p_mw":-308.1,"synthetic":false,"tie":false}},{"type":"Feature","geometry":{"type":"LineString","coordinates":[[139.5739216,35.5714404],[139.577292,35.5705909]]},"properties":{"name":"tokyo_line_79","loading_pct":88.5,"p_mw":-786.1,"synthetic":false,"tie":false}},{"type":"Feature","geometry":{"type":"LineString","coordinates":[[139.5971472,35.5644981],[139.6002814,35.5616386],[139.6025975,35.559546],[139.6045274,35.5577476],[139.6071068,35.5553935]]},"properties":{"name":"tokyo_line_82","loading_pct":88.3,"p_mw":-796.9,"synthetic":false,"tie":false}},{"type":"Feature","geometry":{"type":"LineString","coordinates":[[139.5755271,35.6897434],[139.5725651,35.6890519]]},"properties":{"name":"tokyo_line_83","loading_pct":118.6,"p_mw":351.2,"synthetic":false,"tie":false}},{"type":"Feature","geometry":{"type":"LineString","coordinates":[[139.5460781,35.6790031],[139.5446425,35.6800091]]},"properties":{"name":"tokyo_line_85","loading_pct":75.7,"p_mw":78.1,"synthetic":false,"tie":false}},{"type":"Feature","geometry":{"type":"LineString","coordinates":[[139.3210954,35.4090624],[139.3166587,35.4108036]]},"properties":{"name":"tokyo_line_89","loading_pct":9.5,"p_mw":-19.6,"synthetic":false,"tie":false}},{"type":"Feature","geometry":{"type":"LineString","coordinates":[[139.3423316,35.42503],[139.3433139,35.4262013]]},"properties":{"name":"tokyo_line_91","loading_pct":31.9,"p_mw":-78.6,"synthetic":false,"tie":false}},{"type":"Feature","geometry":{"type":"LineString","coordinates":[[139.3685628,35.5349861],[139.3669561,35.5339272]]},"properties":{"name":"tokyo_line_93","loading_pct":45.7,"p_mw":431.1,"synthetic":false,"tie":false}},{"type":"Feature","geometry":{"type":"LineString","coordinates":[[139.395207,35.4721089],[139.3958349,35.4698675]]},"properties":{"name":"tokyo_line_94","loading_pct":25.8,"p_mw":17.2,"synthetic":false,"tie":false}},{"type":"Feature","geometry":{"type":"LineString","coordinates":[[139.3923047,35.4592439],[139.3921,35.4583514]]},"properties":{"name":"tokyo_line_95","loading_pct":56.4,"p_mw":304.7,"synthetic":false,"tie":false}},{"type":"Feature","geometry":{"type":"LineString","coordinates":[[139.3865124,35.4500943],[139.3861605,35.4479268]]},"properties":{"name":"tokyo_line_96","loading_pct":55.5,"p_mw":287.2,"synthetic":false,"tie":false}},{"type":"Feature","geometry":{"type":"LineString","coordinates":[[139.391582,35.4335131],[139.391692,35.4316243]]},"properties":{"name":"tokyo_line_97","loading_pct":52.5,"p_mw":128.0,"synthetic":false,"tie":false}},{"type":"Feature","geometry":{"type":"LineString","coordinates":[[139.3871532,35.4374982],[139.3841406,35.4351416]]},"properties":{"name":"tokyo_line_98","loading_pct":56.3,"p_mw":141.4,"synthetic":false,"tie":false}},{"type":"Feature","geometry":{"type":"LineString","coordinates":[[139.5909496,35.59286],[139.5917815,35.5933645]]},"properties":{"name":"tokyo_line_99","loading_pct":25.9,"p_mw":17.2,"synthetic":false,"tie":false}},{"type":"Feature","geometry":{"type":"LineString","coordinates":[[139.5909496,35.59286],[139.5901474,35.5923685],[139.5882443,35.5917496],[139.586294,35.5915194],[139.5835799,35.5919557],[139.5807497,35.5924217],[139.5778608,35.5929029],[139.5761267,35.592859],[139.5736596,35.5932159],[139.5710321,35.5945494],[139.5691331,35.5957032],[139.5675667,35.5966374],[139.5649452,35.5974426],[139.5620484,35.5985985],[139.5594748,35.5997609]]},"properties":{"name":"tokyo_line_100","loading_pct":73.2,"p_mw":77.8,"synthetic":false,"tie":false}},{"type":"Feature","geometry":{"type":"LineString","coordinates":[[139.5197413,35.5843579],[139.5233568,35.5814809],[139.5260846,35.5793823],[139.5296754,35.5765973],[139.532216,35.5745345],[139.5348756,35.5724318],[139.5383309,35.5696946],[139.540653,35.5669242]]},"properties":{"name":"tokyo_line_102","loading_pct":13.9,"p_mw":-121.4,"synthetic":false,"tie":false}},{"type":"Feature","geometry":{"type":"LineString","coordinates":[[139.5560785,35.6903199],[139.5545352,35.6905352]]},"properties":{"name":"tokyo_line_104","loading_pct":122.3,"p_mw":331.9,"synthetic":false,"tie":false}},{"type":"Feature","geometry":{"type":"LineString","coordinates":[[139.4142712,35.5271769],[139.4122114,35.5265065]]},"properties":{"name":"tokyo_line_105","loading_pct":50.1,"p_mw":224.9,"synthetic":false,"tie":false}},{"type":"Feature","geometry":{"type":"LineString","coordinates":[[139.4116477,35.5454514],[139.411845,35.5473429]]},"properties":{"name":"tokyo_line_106","loading_pct":53.5,"p_mw":-283.7,"synthetic":false,"tie":false}},{"type":"Feature","geometry":{"type":"LineString","coordinates":[[139.3995637,35.5373676],[139.3919758,35.5366195]]},"properties":{"name":"tokyo_line_107","loading_pct":32.8,"p_mw":7.2,"synthetic":false,"tie":false}},{"type":"Feature","geometry":{"type":"LineString","coordinates":[[139.4223363,35.5376875],[139.4232993,35.5377024]]},"properties":{"name":"tokyo_line_108","loading_pct":50.7,"p_mw":34.4,"synthetic":false,"tie":false}},{"type":"Feature","geometry":{"type":"LineString","coordinates":[[139.4117615,35.5119512],[139.4133872,35.5108669]]},"properties":{"name":"tokyo_line_109","loading_pct":48.4,"p_mw":211.6,"synthetic":false,"tie":false}},{"type":"Feature","geometry":{"type":"LineString","coordinates":[[139.4191008,35.5061905],[139.4193794,35.5055481]]},"properties":{"name":"tokyo_line_110","loading_pct":47.4,"p_mw":194.1,"synthetic":false,"tie":false}},{"type":"Feature","geometry":{"type":"LineString","coordinates":[[139.4378361,35.4996022],[139.4400132,35.5005104]]},"properties":{"name":"tokyo_line_111","loading_pct":73.3,"p_mw":-390.0,"synthetic":false,"tie":false}},{"type":"Feature","geometry":{"type":"LineString","coordinates":[[139.4239304,35.4884491],[139.4245873,35.4867367],[139.4244918,35.4845649],[139.4258926,35.4845306],[139.4259006,35.4819753]]},"properties":{"name":"tokyo_line_112","loading_pct":62.3,"p_mw":46.7,"synthetic":false,"tie":false}},{"type":"Feature","geometry":{"type":"LineString","coordinates":[[139.4537294,35.4987676],[139.4555236,35.4962376]]},"properties":{"name":"tokyo_line_113","loading_pct":73.4,"p_mw":-408.2,"synthetic":false,"tie":false}},{"type":"Feature","geometry":{"type":"LineString","coordinates":[[139.46003,35.4882304],[139.4609147,35.4861136]]},"properties":{"name":"tokyo_line_114","loading_pct":88.0,"p_mw":-104.1,"synthetic":false,"tie":false}},{"type":"Feature","geometry":{"type":"LineString","coordinates":[[139.4943008,35.7906426],[139.4929768,35.7884539]]},"properties":{"name":"tokyo_line_116","loading_pct":57.1,"p_mw":333.8,"synthetic":false,"tie":false}},{"type":"Feature","geometry":{"type":"LineString","coordinates":[[139.5028431,35.8102557],[139.5032366,35.8124202],[139.501865,35.8148811],[139.5002397,35.8177905],[139.4985445,35.8208131],[139.49717,35.8232677]]},"properties":{"name":"tokyo_line_117","loading_pct":57.5,"p_mw":-336.9,"synthetic":false,"tie":false}},{"type":"Feature","geometry":{"type":"LineString","coordinates":[[139.4901859,35.7715242],[139.4907252,35.7684756]]},"properties":{"name":"tokyo_line_118","loading_pct":61.2,"p_mw":334.3,"synthetic":false,"tie":false}},{"type":"Feature","geometry":{"type":"LineString","coordinates":[[139.4906159,35.7556591],[139.4922838,35.7538031]]},"properties":{"name":"tokyo_line_119","loading_pct":60.6,"p_mw":260.7,"synthetic":false,"tie":false}},{"type":"Feature","geometry":{"type":"LineString","coordinates":[[139.510813,35.739046],[139.5132323,35.7372135],[139.5154634,35.7355016],[139.5162416,35.733788],[139.5173559,35.7307544],[139.5188488,35.7291167],[139.5202494,35.7275847],[139.5202689,35.7253832],[139.5203668,35.7226802],[139.5206252,35.7210066],[139.522523,35.7189672],[139.524496,35.7168622],[139.5265251,35.7146905]]},"properties":{"name":"tokyo_line_121","loading_pct":60.2,"p_mw":250.4,"synthetic":false,"tie":false}},{"type":"Feature","geometry":{"type":"LineString","coordinates":[[139.5293874,35.7009624],[139.5303902,35.7019062]]},"properties":{"name":"tokyo_line_122","loading_pct":44.3,"p_mw":77.6,"synthetic":false,"tie":false}},{"type":"Feature","geometry":{"type":"LineString","coordinates":[[139.5734029,35.6469958],[139.5743409,35.6448511]]},"properties":{"name":"tokyo_line_125","loading_pct":26.1,"p_mw":-63.4,"synthetic":false,"tie":false}},{"type":"Feature","geometry":{"type":"LineString","coordinates":[[139.5880182,35.6019306],[139.5880518,35.6001138],[139.5891194,35.5980965],[139.5905851,35.5957553],[139.5917559,35.593858],[139.5929763,35.5919055],[139.5942603,35.589825],[139.5948332,35.588894],[139.5953215,35.5881317],[139.5966232,35.5860632],[139.5978533,35.5840688],[139.5985758,35.5828968],[139.5990262,35.5821734],[139.6001038,35.5804427],[139.6011667,35.578726],[139.6023831,35.5767696],[139.6034518,35.5750555],[139.605299,35.5738639],[139.6071379,35.5726806],[139.609774,35.5709847],[139.6116261,35.5697934],[139.6137347,35.5684337],[139.6154715,35.5669414],[139.6177802,35.5649451],[139.6200967,35.5631728],[139.6220675,35.5616563],[139.6259719,35.5586341]]},"properties":{"name":"tokyo_line_127","loading_pct":54.5,"p_mw":-109.0,"synthetic":false,"tie":false}},{"type":"Feature","geometry":{"type":"LineString","coordinates":[[139.4618668,35.6084845],[139.4638649,35.6093843]]},"properties":{"name":"tokyo_line_128","loading_pct":80.1,"p_mw":-626.8,"synthetic":false,"tie":false}},{"type":"Feature","geometry":{"type":"LineString","coordinates":[[139.4826743,35.6064386],[139.4859487,35.6043734]]},"properties":{"name":"tokyo_line_132","loading_pct":40.9,"p_mw":-329.5,"synthetic":false,"tie":false}},{"type":"Feature","geometry":{"type":"LineString","coordinates":[[139.3930536,35.5520799],[139.3949808,35.5534822]]},"properties":{"name":"tokyo_line_133","loading_pct":66.0,"p_mw":-358.5,"synthetic":false,"tie":false}},{"type":"Feature","geometry":{"type":"LineString","coordinates":[[139.6158747,35.5897689],[139.6145148,35.5909009]]},"properties":{"name":"tokyo_line_134","loading_pct":18.0,"p_mw":27.3,"synthetic":false,"tie":false}},{"type":"Feature","geometry":{"type":"LineString","coordinates":[[139.6184829,35.5722617],[139.6169188,35.5688466],[139.6150582,35.5664262],[139.6110029,35.56431],[139.6079332,35.5616016],[139.6077038,35.5588018],[139.6071068,35.5553935]]},"properties":{"name":"tokyo_line_137","loading_pct":97.9,"p_mw":151.1,"synthetic":false,"tie":false}},{"type":"Feature","geometry":{"type":"LineString","coordinates":[[139.4292325,35.5992733],[139.4307687,35.5984374],[139.4322366,35.5976399],[139.4331685,35.595883],[139.4349079,35.5953147],[139.4363107,35.594851],[139.4384836,35.5944441],[139.4409025,35.5937625]]},"properties":{"name":"tokyo_line_139","loading_pct":47.6,"p_mw":32.6,"synthetic":false,"tie":false}},{"type":"Feature","geometry":{"type":"LineString","coordinates":[[139.4292325,35.5992733],[139.4282409,35.5985297],[139.4267991,35.59695]]},"properties":{"name":"tokyo_line_140","loading_pct":23.2,"p_mw":13.6,"synthetic":false,"tie":false}},{"type":"Feature","geometry":{"type":"LineString","coordinates":[[139.4697707,35.5851087],[139.4729569,35.5828989],[139.476339,35.5805956],[139.4767722,35.5778593],[139.4770992,35.5759397],[139.4778823,35.5714818],[139.4792041,35.5694222],[139.481371,35.5662308],[139.4836017,35.5626506],[139.483296,35.5587013],[139.4830331,35.5563534],[139.4828293,35.5540272],[139.4824323,35.5499268],[139.4829468,35.5473467]]},"properties":{"name":"tokyo_line_142","loading_pct":26.8,"p_mw":60.9,"synthetic":false,"tie":false}},{"type":"Feature","geometry":{"type":"LineString","coordinates":[[139.4442074,35.5838354],[139.4425975,35.5807402],[139.4412732,35.5781657],[139.4390012,35.5744604],[139.4360426,35.5716934],[139.4334964,35.5693111],[139.4307661,35.5667568],[139.427939,35.5640104],[139.4261826,35.5624538],[139.4223644,35.561849],[139.4175303,35.5610817]]},"properties":{"name":"tokyo_line_143","loading_pct":61.1,"p_mw":139.3,"synthetic":false,"tie":false}},{"type":"Feature","geometry":{"type":"LineString","coordinates":[[139.3612774,35.662781],[139.3617599,35.6598664]]},"properties":{"name":"tokyo_line_148","loading_pct":70.8,"p_mw":85.2,"synthetic":false,"tie":false}},{"type":"Feature","geometry":{"type":"LineString","coordinates":[[139.4470821,35.7452616],[139.4482155,35.7467338],[139.4490442,35.7478053],[139.4502948,35.7494562],[139.451346,35.7508305],[139.4522744,35.7520423],[139.4533858,35.7534807],[139.4544449,35.7548728],[139.4555087,35.7562658],[139.4552551,35.7576964],[139.4540761,35.7588066],[139.453279,35.7595362],[139.4526425,35.7609243],[139.4520861,35.7621464],[139.4517742,35.7642061],[139.4515389,35.7658075],[139.4513024,35.7674416],[139.4510327,35.769301],[139.4508156,35.770803],[139.4505791,35.7724013],[139.4503534,35.7739434],[139.4500602,35.776146]]},"properties":{"name":"tokyo_line_154","loading_pct":32.1,"p_mw":-303.9,"synthetic":false,"tie":false}},{"type":"Feature","geometry":{"type":"LineString","coordinates":[[139.4532573,35.7082295],[139.4550556,35.7064088]]},"properties":{"name":"tokyo_line_155","loading_pct":30.4,"p_mw":69.0,"synthetic":false,"tie":false}},{"type":"Feature","geometry":{"type":"LineString","coordinates":[[139.4482754,35.7031616],[139.4501032,35.7012771]]},"properties":{"name":"tokyo_line_156","loading_pct":51.4,"p_mw":77.6,"synthetic":false,"tie":false}},{"type":"Feature","geometry":{"type":"LineString","coordinates":[[139.4528429,35.7013415],[139.4513264,35.7003791]]},"properties":{"name":"tokyo_line_157","loading_pct":22.8,"p_mw":51.8,"synthetic":false,"tie":false}},{"type":"Feature","geometry":{"type":"LineString","coordinates":[[139.4548091,35.6802652],[139.4536159,35.6784088]]},"properties":{"name":"tokyo_line_158","loading_pct":191.8,"p_mw":181.7,"synthetic":false,"tie":false}},{"type":"Feature","geometry":{"type":"LineString","coordinates":[[139.4607139,35.6800661],[139.463252,35.6797021]]},"properties":{"name":"tokyo_line_159","loading_pct":99.9,"p_mw":-359.9,"synthetic":false,"tie":false}},{"type":"Feature","geometry":{"type":"LineString","coordinates":[[139.4467202,35.6873557],[139.4443223,35.6877859]]},"properties":{"name":"tokyo_line_160","loading_pct":74.7,"p_mw":290.3,"synthetic":false,"tie":false}},{"type":"Feature","geometry":{"type":"LineString","coordinates":[[139.452228,35.6420349],[139.4523929,35.6402355],[139.4525405,35.6387424],[139.4536901,35.6372456]]},"properties":{"name":"tokyo_line_166","loading_pct":14.1,"p_mw":36.9,"synthetic":false,"tie":false}},{"type":"Feature","geometry":{"type":"LineString","coordinates":[[139.4302703,35.457955],[139.4300412,35.4557226],[139.4297515,35.4528211]]},"properties":{"name":"tokyo_line_168","loading_pct":54.9,"p_mw":29.4,"synthetic":false,"tie":false}},{"type":"Feature","geometry":{"type":"LineString","coordinates":[[139.6768495,35.6241401],[139.6768929,35.6228686]]},"properties":{"name":"tokyo_line_171","loading_pct":99.0,"p_mw":138.0,"synthetic":false,"tie":false}},{"type":"Feature","geometry":{"type":"LineString","coordinates":[[139.6672176,35.6397529],[139.6660675,35.6405829]]},"properties":{"name":"tokyo_line_172","loading_pct":93.3,"p_mw":-179.4,"synthetic":false,"tie":false}},{"type":"Feature","geometry":{"type":"LineString","coordinates":[[139.5604187,35.7321557],[139.561815,35.7335388],[139.5632068,35.7349238]]},"properties":{"name":"tokyo_line_174","loading_pct":68.8,"p_mw":-58.0,"synthetic":false,"tie":false}},{"type":"Feature","geometry":{"type":"LineString","coordinates":[[139.5829289,35.7561169],[139.5839782,35.7571957]]},"properties":{"name":"tokyo_line_178","loading_pct":62.7,"p_mw":-140.4,"synthetic":false,"tie":false}},{"type":"Feature","geometry":{"type":"LineString","coordinates":[[139.5974773,35.7708507],[139.5989764,35.7721502]]},"properties":{"name":"tokyo_line_180","loading_pct":68.8,"p_mw":-276.7,"synthetic":false,"tie":false}},{"type":"Feature","geometry":{"type":"LineString","coordinates":[[139.599188,35.7642282],[139.6025994,35.7633523],[139.6043492,35.762784],[139.6062293,35.7621734],[139.6077847,35.7611761],[139.6105986,35.7603433]]},"properties":{"name":"tokyo_line_182","loading_pct":81.4,"p_mw":86.2,"synthetic":false,"tie":false}},{"type":"Feature","geometry":{"type":"LineString","coordinates":[[139.5785378,35.778367],[139.5791873,35.7807586],[139.5791406,35.7840072],[139.5790869,35.7863768]]},"properties":{"name":"tokyo_line_184","loading_pct":58.0,"p_mw":-0.2,"synthetic":false,"tie":false}},{"type":"Feature","geometry":{"type":"LineString","coordinates":[[139.6177625,35.7865542],[139.6193462,35.7859205]]},"properties":{"name":"tokyo_line_185","loading_pct":74.6,"p_mw":-419.5,"synthetic":false,"tie":false}},{"type":"Feature","geometry":{"type":"LineString","coordinates":[[139.6005854,35.7854519],[139.5998741,35.7857064]]},"properties":{"name":"tokyo_line_186","loading_pct":116.0,"p_mw":125.2,"synthetic":false,"tie":false}},{"type":"Feature","geometry":{"type":"LineString","coordinates":[[139.6748181,35.8176283],[139.6770202,35.8178066]]},"properties":{"name":"tokyo_line_191","loading_pct":85.5,"p_mw":-272.4,"synthetic":false,"tie":false}},{"type":"Feature","geometry":{"type":"LineString","coordinates":[[139.4901625,35.6812358],[139.4877491,35.6803327]]},"properties":{"name":"tokyo_line_192","loading_pct":117.6,"p_mw":169.3,"synthetic":false,"tie":false}},{"type":"Feature","geometry":{"type":"LineString","coordinates":[[139.4829515,35.6887521],[139.4796744,35.6888609]]},"properties":{"name":"tokyo_line_193","loading_pct":120.8,"p_mw":228.4,"synthetic":false,"tie":false}},{"type":"Feature","geometry":{"type":"LineString","coordinates":[[138.728003,35.6700834],[138.7255315,35.6701243],[138.7232038,35.6702352],[138.7210652,35.6702352],[138.7189673,35.6702527],[138.7165749,35.6702605],[138.7145968,35.6702683],[138.7127288,35.6702683],[138.7104082,35.6702488],[138.7080924,35.6702644],[138.705882,35.6702848],[138.7038272,35.670312],[138.7015809,35.6703179],[138.6992674,35.6703373],[138.6976078,35.6701058],[138.6953854,35.669814],[138.6932301,35.669528],[138.6911586,35.6692556],[138.6890008,35.6689754],[138.6865317,35.6689511],[138.6851918,35.6689677],[138.6833981,35.6685708],[138.6813745,35.6681486],[138.6793964,35.6682925],[138.6765968,35.6684949],[138.6744606,35.6686544],[138.6724741,35.6687994],[138.6703954,35.6689589],[138.6677597,35.6691695],[138.6658356,35.6692896],[138.6639413,35.6689297],[138.6625619,35.6679219],[138.6608616,35.666702],[138.6593887,35.6655833],[138.6577387,35.6643634],[138.6561213,35.663204],[138.6542796,35.6618498]]},"properties":{"name":"tokyo_line_195","loading_pct":90.7,"p_mw":59.9,"synthetic":false,"tie":false}},{"type":"Feature","geometry":{"type":"LineString","coordinates":[[138.7451615,35.6607101],[138.7493761,35.6558093],[138.7531796,35.6546333],[138.7555718,35.6534035],[138.757946,35.6520813],[138.7607897,35.6501735],[138.7630024,35.6493039],[138.764825,35.6485841],[138.7667551,35.6464376],[138.7678942,35.6461268],[138.7710261,35.6452259],[138.7752279,35.6438159],[138.7777223,35.6421446],[138.7796929,35.6422415],[138.7816442,35.6422483],[138.7856519,35.6411401],[138.7882655,35.6407684],[138.7904017,35.6407596],[138.7928499,35.6401048],[138.7970824,35.640077],[138.8032633,35.6388447],[138.8054768,35.6367998],[138.8072668,35.6352948],[138.8090231,35.6344477],[138.8126706,35.6316012],[138.8160464,35.6307649],[138.8188028,35.6291272],[138.8190333,35.6289902],[138.8190822,35.6289612],[138.8196538,35.6258409],[138.8212529,35.6248531],[138.823414,35.6235692],[138.8265116,35.6220438],[138.8293146,35.6205888],[138.8316357,35.6192761],[138.8335363,35.6180173],[138.8355346,35.6157736],[138.8372067,35.6135335],[138.8406807,35.6134241],[138.8420297,35.6131154],[138.8454374,35.6119521],[138.8481242,35.6115057],[138.850912,35.6112745],[138.8533655,35.610823],[138.8580096,35.6104041],[138.8602081,35.6098479],[138.8617591,35.6084001],[138.8635751,35.6060981],[138.8643645,35.6045404],[138.867372,35.6030765],[138.8688718,35.600862],[138.8729043,35.5991128]]},"properties":{"name":"tokyo_line_196","loading_pct":5.4,"p_mw":3.5,"synthetic":false,"tie":false}},{"type":"Feature","geometry":{"type":"LineString","coordinates":[[138.7285604,35.6760881],[138.7276605,35.6779247],[138.7266719,35.6798829],[138.7252668,35.6827515],[138.7249604,35.6835029],[138.7244744,35.6846944],[138.7240386,35.6874789],[138.7236031,35.69027],[138.7228066,35.6955507],[138.7223952,35.6981631],[138.7220306,35.7010852],[138.7217329,35.7027646],[138.7215864,35.7038563],[138.7209469,35.7049111],[138.7199303,35.7064815],[138.7188912,35.7096453],[138.7189904,35.7128328]]},"properties":{"name":"tokyo_line_197","loading_pct":76.7,"p_mw":52.0,"synthetic":false,"tie":false}},{"type":"Feature","geometry":{"type":"LineString","coordinates":[[138.9146127,35.6959961],[138.9163736,35.6925563],[138.9166102,35.6906641],[138.917018,35.6893447],[138.9175351,35.6850999],[138.9184328,35.6823431],[138.9187341,35.6797283],[138.9188746,35.6760689],[138.9185141,35.6739842],[138.9183138,35.6712296],[138.9159794,35.6674082],[138.9150087,35.6633222],[138.9150366,35.6614879],[138.9170191,35.6587824],[138.9187726,35.6573797],[138.9210262,35.6555192],[138.9233946,35.653661],[138.9234601,35.6516064],[138.9238034,35.6494084],[138.9255395,35.6468058],[138.9255948,35.6443146],[138.9264611,35.6410732],[138.927537,35.6369269],[138.9286167,35.634755],[138.9291411,35.6328923],[138.9308353,35.6304174],[138.9330718,35.629546],[138.9346053,35.6259729]]},"properties":{"name":"tokyo_line_198","loading_pct":51.3,"p_mw":-34.4,"synthetic":false,"tie":false}},{"type":"Feature","geometry":{"type":"LineString","coordinates":[[138.9266446,35.7047015],[138.9293469,35.7051266],[138.9315679,35.705667],[138.9356939,35.7061067]]},"properties":{"name":"tokyo_line_199","loading_pct":25.6,"p_mw":17.2,"synthetic":false,"tie":false}},{"type":"Feature","geometry":{"type":"LineString","coordinates":[[138.9497037,35.6166887],[138.9528815,35.6171161]]},"properties":{"name":"tokyo_line_200","loading_pct":146.8,"p_mw":81.4,"synthetic":false,"tie":false}},{"type":"Feature","geometry":{"type":"LineString","coordinates":[[138.9390184,35.6058596],[138.9376217,35.6048227]]},"properties":{"name":"tokyo_line_201","loading_pct":33.6,"p_mw":22.9,"synthetic":false,"tie":false}},{"type":"Feature","geometry":{"type":"LineString","coordinates":[[138.9262995,35.6115976],[138.9249363,35.6110322],[138.9224876,35.6099956],[138.9205035,35.6091453],[138.9181674,35.608165],[138.9156956,35.6071056],[138.9136829,35.6062484],[138.9116667,35.6062729],[138.910159,35.6062808],[138.9090372,35.6062917],[138.9060306,35.6069048],[138.9046087,35.6071661],[138.9034453,35.6074347],[138.9001782,35.6065826]]},"properties":{"name":"tokyo_line_202","loading_pct":91.0,"p_mw":-100.9,"synthetic":false,"tie":false}},{"type":"Feature","geometry":{"type":"LineString","coordinates":[[138.9276872,35.6119008],[138.9249789,35.610659],[138.9226731,35.6096912],[138.9209269,35.6090082],[138.9184394,35.6079736],[138.9161297,35.6070141],[138.9137612,35.6057079],[138.9111349,35.6053205]]},"properties":{"name":"tokyo_line_203","loading_pct":94.0,"p_mw":-82.4,"synthetic":false,"tie":false}},{"type":"Feature","geometry":{"type":"LineString","coordinates":[[138.9466422,35.6269325],[138.9489206,35.6274847],[138.9530653,35.6278061],[138.958084,35.6282419],[138.9630109,35.6288405],[138.9668194,35.6291596],[138.968885,35.6286365],[138.9714918,35.6279894],[138.9733787,35.6276329],[138.975384,35.6272482],[138.9766752,35.6270377],[138.9781379,35.6268072],[138.9817118,35.626512],[138.9844677,35.6263197],[138.9891656,35.6255454],[138.9915768,35.6251275],[138.9950998,35.6236494]]},"properties":{"name":"tokyo_line_204","loading_pct":41.1,"p_mw":27.3,"synthetic":false,"tie":false}},{"type":"Feature","geometry":{"type":"LineString","coordinates":[[138.7800928,35.4957703],[138.780994,35.4977058],[138.7818605,35.4996248],[138.7838812,35.5003047],[138.7876839,35.501527],[138.7918572,35.5020951],[138.7949963,35.5035706],[138.7986324,35.5049934],[138.8014956,35.5045318],[138.8063422,35.5056745],[138.8096404,35.5065187],[138.8154158,35.5055619],[138.8186321,35.5042683],[138.8195575,35.5021271],[138.820996,35.5005237],[138.8223252,35.4988105]]},"properties":{"name":"tokyo_line_205","loading_pct":51.2,"p_mw":-34.4,"synthetic":false,"tie":false}},{"type":"Feature","geometry":{"type":"LineString","coordinates":[[138.7778029,35.4913001],[138.7796912,35.4906275],[138.7795597,35.4896513],[138.7792419,35.4897965],[138.7781516,35.4896513],[138.777481,35.4892363]]},"properties":{"name":"tokyo_line_206","loading_pct":25.6,"p_mw":17.2,"synthetic":false,"tie":false}},{"type":"Feature","geometry":{"type":"LineString","coordinates":[[138.8223252,35.4988105],[138.8251412,35.5018235],[138.8275308,35.5041819],[138.8313556,35.5050684],[138.8337296,35.5055005],[138.8362402,35.50716],[138.8378197,35.5091515],[138.8408345,35.5119985],[138.8437313,35.5132343],[138.8466227,35.5155267],[138.8494605,35.5177666],[138.8521296,35.5193688],[138.8535683,35.5208677],[138.8556916,35.5220452]]},"properties":{"name":"tokyo_line_207","loading_pct":83.3,"p_mw":-138.7,"synthetic":false,"tie":false}},{"type":"Feature","geometry":{"type":"LineString","coordinates":[[138.8223252,35.4988105],[138.8198256,35.4962071],[138.8173032,35.4934422],[138.8157205,35.4917713],[138.8135769,35.4895192],[138.8099526,35.4856375],[138.8129917,35.4836999],[138.8134263,35.4805761],[138.8137597,35.4781681],[138.8141054,35.4751215],[138.8142598,35.472203]]},"properties":{"name":"tokyo_line_208","loading_pct":89.4,"p_mw":86.9,"synthetic":false,"tie":false}},{"type":"Feature","geometry":{"type":"LineString","coordinates":[[139.3377131,35.7394684],[139.3385445,35.7378286]]},"properties":{"name":"tokyo_line_209","loading_pct":37.8,"p_mw":-9.8,"synthetic":false,"tie":false}},{"type":"Feature","geometry":{"type":"LineString","coordinates":[[139.325116,35.7624206],[139.3243517,35.763936]]},"properties":{"name":"tokyo_line_210","loading_pct":33.7,"p_mw":-13.7,"synthetic":false,"tie":false}},{"type":"Feature","geometry":{"type":"LineString","coordinates":[[139.3454078,35.7229018],[139.3477693,35.7227875]]},"properties":{"name":"tokyo_line_211","loading_pct":50.6,"p_mw":-27.0,"synthetic":false,"tie":false}},{"type":"Feature","geometry":{"type":"LineString","coordinates":[[139.3517176,35.7200169],[139.3507906,35.7192038]]},"properties":{"name":"tokyo_line_212","loading_pct":25.3,"p_mw":17.2,"synthetic":false,"tie":false}},{"type":"Feature","geometry":{"type":"LineString","coordinates":[[139.4840611,35.6786735],[139.4856865,35.6795745]]},"properties":{"name":"tokyo_line_214","loading_pct":99.5,"p_mw":-151.5,"synthetic":false,"tie":false}},{"type":"Feature","geometry":{"type":"LineString","coordinates":[[139.6509615,35.7099319],[139.6532955,35.7112473]]},"properties":{"name":"tokyo_line_215","loading_pct":95.1,"p_mw":-975.5,"synthetic":false,"tie":false}},{"type":"Feature","geometry":{"type":"LineString","coordinates":[[139.6602772,35.7169759],[139.66111,35.7178455]]},"properties":{"name":"tokyo_line_217","loading_pct":99.6,"p_mw":68.9,"synthetic":false,"tie":false}},{"type":"Feature","geometry":{"type":"LineString","coordinates":[[139.6469777,35.7366701],[139.7525303,35.7010157]]},"properties":{"name":"tokyo_line_218","loading_pct":95.0,"p_mw":-1082.4,"synthetic":false,"tie":false}},{"type":"Feature","geometry":{"type":"LineString","coordinates":[[139.6462127,35.5361404],[139.6459191,35.5358411]]},"properties":{"name":"tokyo_line_220","loading_pct":77.2,"p_mw":1549.3,"synthetic":false,"tie":false}},{"type":"Feature","geometry":{"type":"LineString","coordinates":[[139.6540998,35.5346613],[139.6560013,35.5345807]]},"properties":{"name":"tokyo_line_221","loading_pct":86.8,"p_mw":-1377.5,"synthetic":false,"tie":false}},{"type":"Feature","geometry":{"type":"LineString","coordinates":[[139.6706954,35.5418764],[139.6691965,35.5428077]]},"properties":{"name":"tokyo_line_225","loading_pct":43.1,"p_mw":-324.7,"synthetic":false,"tie":false}},{"type":"Feature","geometry":{"type":"LineString","coordinates":[[139.6783669,35.5271088],[139.6799963,35.5270781]]},"properties":{"name":"tokyo_line_227","loading_pct":92.8,"p_mw":-2900.2,"synthetic":false,"tie":false}},{"type":"Feature","geometry":{"type":"LineString","coordinates":[[139.667396,35.5288872],[139.6644427,35.5290813]]},"properties":{"name":"tokyo_line_228","loading_pct":89.5,"p_mw":2877.2,"synthetic":false,"tie":false}},{"type":"Feature","geometry":{"type":"LineString","coordinates":[[139.685462,35.5252675],[139.686138,35.5259246]]},"properties":{"name":"tokyo_line_230","loading_pct":92.7,"p_mw":-2913.3,"synthetic":false,"tie":false}},{"type":"Feature","geometry":{"type":"LineString","coordinates":[[139.2333781,35.3803253],[139.2363494,35.3805112],[139.2390195,35.3806911],[139.2413838,35.3812433],[139.2441228,35.3818786],[139.248045,35.3827933],[139.2516189,35.3836959]]},"properties":{"name":"tokyo_line_234","loading_pct":51.9,"p_mw":34.9,"synthetic":false,"tie":false}},{"type":"Feature","geometry":{"type":"LineString","coordinates":[[139.2480947,35.3894619],[139.251207,35.3895999],[139.2562917,35.3906275],[139.2587932,35.3911403],[139.2622945,35.3918609],[139.2656672,35.3925617],[139.2709907,35.392097]]},"properties":{"name":"tokyo_line_235","loading_pct":5.6,"p_mw":-10.4,"synthetic":false,"tie":false}},{"type":"Feature","geometry":{"type":"LineString","coordinates":[[139.2118021,35.4064444],[139.207002,35.4081516],[139.2055935,35.410707],[139.2029132,35.4154752],[139.1971063,35.4167407],[139.1922453,35.4177917],[139.1864207,35.416291],[139.1840321,35.4156721],[139.1804164,35.4149301],[139.1750023,35.4141618],[139.1714289,35.4136615],[139.1640932,35.4130247],[139.1606317,35.4127726],[139.1540551,35.4122709],[139.149353,35.4101338],[139.1458601,35.4088374],[139.1414667,35.4074612],[139.1334899,35.4070509],[139.1299488,35.4060316],[139.1272356,35.4052169],[139.1219157,35.4038711],[139.1186739,35.4030007],[139.1131663,35.4020322],[139.1076671,35.4012988],[139.1013532,35.401044],[139.094296,35.4007363],[139.0879494,35.4021908],[139.0841352,35.4005043],[139.0787737,35.3980804],[139.0727895,35.3987949],[139.0673395,35.3989127],[139.0618617,35.3978658],[139.058044,35.3970853],[139.0545942,35.3956141],[139.0512659,35.3941872],[139.0465876,35.392166],[139.0385433,35.3917415],[139.0320986,35.3894343],[139.0273763,35.3873372],[139.0231842,35.3870386],[139.0179011,35.3866645],[139.01258,35.3880744],[139.0058017,35.3898992],[138.9998469,35.3879747],[138.9942997,35.3862648],[138.9887151,35.3862072],[138.9830955,35.3861784],[138.9786242,35.384401],[138.9744635,35.3814673]]},"properties":{"name":"tokyo_line_239","loading_pct":26.9,"p_mw":915.3,"synthetic":false,"tie":false}},{"type":"Feature","geometry":{"type":"LineString","coordinates":[[139.3661937,35.4072457],[139.3730465,35.4077412],[139.3748989,35.4076012],[139.3779631,35.4088309],[139.3809609,35.4100126],[139.3846001,35.4114658]]},"properties":{"name":"tokyo_line_241","loading_pct":54.1,"p_mw":-209.4,"synthetic":false,"tie":false}},{"type":"Feature","geometry":{"type":"LineString","coordinates":[[139.6465189,35.532589],[139.648201,35.531106]]},"properties":{"name":"tokyo_line_242","loading_pct":86.6,"p_mw":-1460.3,"synthetic":false,"tie":false}},{"type":"Feature","geometry":{"type":"LineString","coordinates":[[139.6412183,35.5291376],[139.6383326,35.5292492]]},"properties":{"name":"tokyo_line_243","loading_pct":81.1,"p_mw":2269.9,"synthetic":false,"tie":false}},{"type":"Feature","geometry":{"type":"LineString","coordinates":[[139.6353111,35.5449605],[139.6328004,35.5455841],[139.6305233,35.5461638],[139.6281379,35.5467569],[139.6259415,35.5473046],[139.6235746,35.5478971],[139.6212233,35.548482],[139.6196196,35.5488755],[139.6162718,35.5497148],[139.6139586,35.5502942],[139.6121873,35.5507491],[139.610459,35.552333],[139.609052,35.5536059],[139.6071068,35.5553935]]},"properties":{"name":"tokyo_line_244","loading_pct":81.6,"p_mw":729.2,"synthetic":false,"tie":false}},{"type":"Feature","geometry":{"type":"LineString","coordinates":[[139.6645804,35.5455854],[139.662984,35.5465232]]},"properties":{"name":"tokyo_line_248","loading_pct":60.8,"p_mw":467.1,"synthetic":false,"tie":false}},{"type":"Feature","geometry":{"type":"LineString","coordinates":[[139.6846842,35.5588779],[139.687265,35.560698]]},"properties":{"name":"tokyo_line_249","loading_pct":51.5,"p_mw":-769.7,"synthetic":false,"tie":false}},{"type":"Feature","geometry":{"type":"LineString","coordinates":[[139.6487526,35.5579714],[139.6470712,35.5587646]]},"properties":{"name":"tokyo_line_250","loading_pct":59.7,"p_mw":432.2,"synthetic":false,"tie":false}},{"type":"Feature","geometry":{"type":"LineString","coordinates":[[139.4907819,35.5679349],[139.4879108,35.5677667],[139.486358,35.5674191],[139.4856415,35.5679355],[139.4858381,35.5690117],[139.4856565,35.5687985]]},"properties":{"name":"tokyo_line_256","loading_pct":25.4,"p_mw":17.2,"synthetic":false,"tie":false}},{"type":"Feature","geometry":{"type":"LineString","coordinates":[[139.5503085,35.5572568],[139.5484538,35.5562817]]},"properties":{"name":"tokyo_line_257","loading_pct":6.4,"p_mw":-32.0,"synthetic":false,"tie":false}},{"type":"Feature","geometry":{"type":"LineString","coordinates":[[139.3851546,35.6985441],[139.386402,35.6956631]]},"properties":{"name":"tokyo_line_261","loading_pct":16.5,"p_mw":43.3,"synthetic":false,"tie":false}},{"type":"Feature","geometry":{"type":"LineString","coordinates":[[139.3817445,35.7175755],[139.3808846,35.7192065]]},"properties":{"name":"tokyo_line_262","loading_pct":20.4,"p_mw":-53.6,"synthetic":false,"tie":false}},{"type":"Feature","geometry":{"type":"LineString","coordinates":[[139.374885,35.7358738],[139.3751444,35.7381102]]},"properties":{"name":"tokyo_line_264","loading_pct":22.8,"p_mw":-60.1,"synthetic":false,"tie":false}},{"type":"Feature","geometry":{"type":"LineString","coordinates":[[139.4117956,35.6808926],[139.4150756,35.6835909]]},"properties":{"name":"tokyo_line_271","loading_pct":73.5,"p_mw":-219.5,"synthetic":false,"tie":false}},{"type":"Feature","geometry":{"type":"LineString","coordinates":[[139.3990833,35.6734759],[139.3970837,35.6728625]]},"properties":{"name":"tokyo_line_273","loading_pct":70.5,"p_mw":227.3,"synthetic":false,"tie":false}},{"type":"Feature","geometry":{"type":"LineString","coordinates":[[139.5960778,35.5328599],[139.5936178,35.5329248]]},"properties":{"name":"tokyo_line_274","loading_pct":24.0,"p_mw":217.3,"synthetic":false,"tie":false}},{"type":"Feature","geometry":{"type":"LineString","coordinates":[[139.584458,35.7169414],[139.583882,35.7186415]]},"properties":{"name":"tokyo_line_277","loading_pct":23.2,"p_mw":23.7,"synthetic":false,"tie":false}},{"type":"Feature","geometry":{"type":"LineString","coordinates":[[139.5832606,35.7203772],[139.5827265,35.7219516]]},"properties":{"name":"tokyo_line_278","loading_pct":22.5,"p_mw":13.4,"synthetic":false,"tie":false}},{"type":"Feature","geometry":{"type":"LineString","coordinates":[[139.5816948,35.7249239],[139.5811539,35.7263841]]},"properties":{"name":"tokyo_line_279","loading_pct":22.5,"p_mw":3.0,"synthetic":false,"tie":false}},{"type":"Feature","geometry":{"type":"LineString","coordinates":[[139.5811539,35.7263841],[139.5806075,35.7277463]]},"properties":{"name":"tokyo_line_280","loading_pct":23.3,"p_mw":-7.3,"synthetic":false,"tie":false}},{"type":"Feature","geometry":{"type":"LineString","coordinates":[[139.500209,35.5110721],[139.4986548,35.5137504],[139.4974348,35.5158812],[139.4954033,35.5193483]]},"properties":{"name":"tokyo_line_282","loading_pct":26.4,"p_mw":250.6,"synthetic":false,"tie":false}},{"type":"Feature","geometry":{"type":"LineString","coordinates":[[139.5053132,35.488881],[139.5052175,35.4849407],[139.5065527,35.4818696],[139.5080511,35.4785614],[139.5092369,35.4758088]]},"properties":{"name":"tokyo_line_284","loading_pct":72.5,"p_mw":-442.1,"synthetic":false,"tie":false}},{"type":"Feature","geometry":{"type":"LineString","coordinates":[[139.5042844,35.4556781],[139.5054441,35.4538906],[139.5064512,35.4523079],[139.5068278,35.4504805],[139.5074004,35.4488339],[139.5084667,35.445767],[139.5097297,35.4421329]]},"properties":{"name":"tokyo_line_287","loading_pct":41.3,"p_mw":-83.6,"synthetic":false,"tie":false}},{"type":"Feature","geometry":{"type":"LineString","coordinates":[[139.5323338,35.4613211],[139.5347423,35.462853]]},"properties":{"name":"tokyo_line_288","loading_pct":77.0,"p_mw":-1116.8,"synthetic":false,"tie":false}},{"type":"Feature","geometry":{"type":"LineString","coordinates":[[139.4680103,35.4537526],[139.4679254,35.4521428]]},"properties":{"name":"tokyo_line_291","loading_pct":78.5,"p_mw":-173.3,"synthetic":false,"tie":false}},{"type":"Feature","geometry":{"type":"LineString","coordinates":[[139.4685207,35.4643707],[139.4684929,35.464374]]},"properties":{"name":"tokyo_line_292","loading_pct":79.7,"p_mw":156.1,"synthetic":false,"tie":false}},{"type":"Feature","geometry":{"type":"LineString","coordinates":[[139.4672557,35.4396216],[139.4671746,35.4378874]]},"properties":{"name":"tokyo_line_293","loading_pct":77.7,"p_mw":-190.6,"synthetic":false,"tie":false}},{"type":"Feature","geometry":{"type":"LineString","coordinates":[[139.4704054,35.4228742],[139.4709363,35.4220068],[139.4721375,35.4204277],[139.472286,35.4196845]]},"properties":{"name":"tokyo_line_294","loading_pct":72.7,"p_mw":-92.5,"synthetic":false,"tie":false}},{"type":"Feature","geometry":{"type":"LineString","coordinates":[[139.472286,35.4196845],[139.4716561,35.4177414],[139.470892,35.4153796],[139.4701995,35.4132476],[139.4693728,35.4121791]]},"properties":{"name":"tokyo_line_298","loading_pct":55.2,"p_mw":115.1,"synthetic":false,"tie":false}},{"type":"Feature","geometry":{"type":"LineString","coordinates":[[139.5389225,35.548547],[139.5393441,35.5485424]]},"properties":{"name":"tokyo_line_299","loading_pct":25.4,"p_mw":17.2,"synthetic":false,"tie":false}},{"type":"Feature","geometry":{"type":"LineString","coordinates":[[139.5628113,35.7673563],[139.5616794,35.770325]]},"properties":{"name":"tokyo_line_301","loading_pct":2.7,"p_mw":-2.4,"synthetic":false,"tie":false}},{"type":"Feature","geometry":{"type":"LineString","coordinates":[[139.5354533,35.7526904],[139.5352846,35.7511893]]},"properties":{"name":"tokyo_line_302","loading_pct":25.5,"p_mw":17.2,"synthetic":false,"tie":false}},{"type":"Feature","geometry":{"type":"LineString","coordinates":[[138.7758243,35.5698634],[138.7790206,35.5686494],[138.7814534,35.5676911],[138.784108,35.5666383],[138.7867864,35.5656198],[138.7895203,35.5642017],[138.7911421,35.5640771],[138.7929092,35.5644767],[138.7993401,35.5658659],[138.8017257,35.5656267],[138.8036067,35.5654353],[138.8052653,35.5652454],[138.8070098,35.5650783],[138.8102373,35.5647425],[138.8118641,35.5645936],[138.8151197,35.5642472],[138.8171182,35.5640345],[138.8197748,35.5637492],[138.8214842,35.5635843],[138.8230464,35.5634339],[138.8268944,35.5639109],[138.8278664,35.5640402],[138.8313566,35.56448],[138.8343728,35.5648962],[138.8371094,35.5652203],[138.8404959,35.5652407],[138.8430391,35.5652596],[138.8448851,35.5653627],[138.8474082,35.5655182],[138.8498618,35.5656908],[138.854249,35.5659711],[138.8580073,35.5662254],[138.8599955,35.5659627],[138.8618312,35.5657302],[138.8638224,35.5654477],[138.8657999,35.565194],[138.8677445,35.5649425],[138.8732102,35.5644733],[138.8749799,35.5646495],[138.879051,35.5649673],[138.8813404,35.5651803],[138.8836832,35.5651853],[138.8868851,35.5652131],[138.8900773,35.5652307]]},"properties":{"name":"tokyo_line_305","loading_pct":86.0,"p_mw":-300.4,"synthetic":false,"tie":false}},{"type":"Feature","geometry":{"type":"LineString","coordinates":[[138.7758243,35.5698634],[138.7713475,35.5716975],[138.7670351,35.5734318],[138.7623893,35.5752946],[138.7602539,35.5761797],[138.7582222,35.5770242],[138.7563473,35.5777818],[138.7510169,35.5787172]]},"properties":{"name":"tokyo_line_307","loading_pct":88.8,"p_mw":789.5,"synthetic":false,"tie":false}},{"type":"Feature","geometry":{"type":"LineString","coordinates":[[138.8900773,35.5652307],[138.8938272,35.5644796],[138.8981978,35.5637152]]},"properties":{"name":"tokyo_line_309","loading_pct":44.7,"p_mw":-77.9,"synthetic":false,"tie":false}},{"type":"Feature","geometry":{"type":"LineString","coordinates":[[139.3303106,35.5953126],[139.3300451,35.5953284]]},"properties":{"name":"tokyo_line_310","loading_pct":77.4,"p_mw":541.2,"synthetic":false,"tie":false}},{"type":"Feature","geometry":{"type":"LineString","coordinates":[[139.331556,35.6089161],[139.3315461,35.6091088],[139.3315423,35.6093455],[139.3315274,35.6096345],[139.3314994,35.6100597],[139.3314784,35.610362],[139.3314772,35.6104902],[139.3314562,35.610811],[139.3314256,35.6113332],[139.3313336,35.6115172],[139.3313301,35.6117146],[139.3313452,35.6119566],[139.3313803,35.6122404],[139.3314246,35.6124825],[139.3314597,35.612621],[139.3315075,35.61279],[139.3315907,35.6130342],[139.3315898,35.6130702],[139.3316349,35.6132385],[139.3316915,35.6133809],[139.33178,35.613642],[139.3319057,35.614024],[139.3319994,35.6143311],[139.3320959,35.6146181],[139.3322038,35.6149576],[139.3323277,35.6153238],[139.3324056,35.6155676],[139.3324834,35.6158064],[139.3325799,35.6160848],[139.3326922,35.6164271],[139.3327993,35.6167393],[139.3329019,35.6170587],[139.3329966,35.6173342],[139.3330559,35.6174492],[139.3330833,35.6175276],[139.3331143,35.617624],[139.3331373,35.6177218],[139.3332382,35.6180189],[139.3333116,35.6182404],[139.3333266,35.6182692],[139.3333762,35.6184375],[139.3334611,35.6186907],[139.3335452,35.6190266],[139.3335947,35.6193459],[139.3336133,35.6196308],[139.3336054,35.6196703],[139.3335912,35.6199177],[139.3336009,35.6199911],[139.3335558,35.6202306],[139.3335169,35.6203903],[139.3334602,35.6205924],[139.3333337,35.6209233],[139.3332585,35.6210232],[139.3331638,35.6212088],[139.3330577,35.6213749],[139.3329285,35.6215483],[139.332786,35.6217245],[139.3325985,35.6219216],[139.3323834,35.6221006],[139.3320163,35.6224178],[139.3315234,35.6228422]]},"properties":{"name":"tokyo_line_311","loading_pct":75.7,"p_mw":-492.3,"synthetic":false,"tie":false}},{"type":"Feature","geometry":{"type":"LineString","coordinates":[[139.3178175,35.5909378],[139.3160263,35.5908179]]},"properties":{"name":"tokyo_line_312","loading_pct":200,"p_mw":41.8,"synthetic":false,"tie":false}},{"type":"Feature","geometry":{"type":"LineString","coordinates":[[139.3163029,35.6049896],[139.3163475,35.6051796]]},"properties":{"name":"tokyo_line_313","loading_pct":25.4,"p_mw":17.2,"synthetic":false,"tie":false}},{"type":"Feature","geometry":{"type":"LineString","coordinates":[[139.3158433,35.6044894],[139.3155177,35.6045564]]},"properties":{"name":"tokyo_line_314","loading_pct":25.4,"p_mw":17.2,"synthetic":false,"tie":false}},{"type":"Feature","geometry":{"type":"LineString","coordinates":[[139.3151674,35.6040666],[139.3148187,35.6040366],[139.3148244,35.6043348]]},"properties":{"name":"tokyo_line_315","loading_pct":25.4,"p_mw":17.2,"synthetic":false,"tie":false}},{"type":"Feature","geometry":{"type":"LineString","coordinates":[[139.3153417,35.6040737],[139.3154118,35.6044169],[139.3154936,35.6048836]]},"properties":{"name":"tokyo_line_316","loading_pct":81.2,"p_mw":139.2,"synthetic":false,"tie":false}},{"type":"Feature","geometry":{"type":"LineString","coordinates":[[139.3163029,35.6049896],[139.316132,35.6050302],[139.3157122,35.6051428]]},"properties":{"name":"tokyo_line_317","loading_pct":81.2,"p_mw":291.5,"synthetic":false,"tie":false}},{"type":"Feature","geometry":{"type":"LineString","coordinates":[[139.311069,35.6031408],[139.3110361,35.6034031],[139.3109375,35.6036577],[139.3113372,35.6036266],[139.3116295,35.6036113],[139.3119883,35.6035939]]},"properties":{"name":"tokyo_line_319","loading_pct":80.8,"p_mw":120.4,"synthetic":false,"tie":false}},{"type":"Feature","geometry":{"type":"LineString","coordinates":[[139.4279346,35.6901881],[139.4250862,35.6903045]]},"properties":{"name":"tokyo_line_321","loading_pct":74.4,"p_mw":272.6,"synthetic":false,"tie":false}},{"type":"Feature","geometry":{"type":"LineString","coordinates":[[139.421984,35.6894562],[139.420057,35.6880061]]},"properties":{"name":"tokyo_line_322","loading_pct":73.8,"p_mw":237.7,"synthetic":false,"tie":false}},{"type":"Feature","geometry":{"type":"LineString","coordinates":[[139.5004117,35.6499379],[139.501856,35.653764]]},"properties":{"name":"tokyo_line_323","loading_pct":1.8,"p_mw":5.2,"synthetic":false,"tie":false}},{"type":"Feature","geometry":{"type":"LineString","coordinates":[[139.6082186,35.502054],[139.6074113,35.5031707]]},"properties":{"name":"tokyo_line_326","loading_pct":5.5,"p_mw":-14.0,"synthetic":false,"tie":false}},{"type":"Feature","geometry":{"type":"LineString","coordinates":[[139.618743,35.4940416],[139.6209058,35.494559]]},"properties":{"name":"tokyo_line_328","loading_pct":21.9,"p_mw":-53.5,"synthetic":false,"tie":false}},{"type":"Feature","geometry":{"type":"LineString","coordinates":[[139.6379858,35.5179388],[139.6399563,35.5197055]]},"properties":{"name":"tokyo_line_331","loading_pct":61.9,"p_mw":-68.0,"synthetic":false,"tie":false}},{"type":"Feature","geometry":{"type":"LineString","coordinates":[[139.6584823,35.518154],[139.6599067,35.5177749]]},"properties":{"name":"tokyo_line_334","loading_pct":83.1,"p_mw":-84.3,"synthetic":false,"tie":false}},{"type":"Feature","geometry":{"type":"LineString","coordinates":[[139.3925091,35.4085924],[139.3923349,35.4067949],[139.3943869,35.4065499]]},"properties":{"name":"tokyo_line_337","loading_pct":77.6,"p_mw":51.6,"synthetic":false,"tie":false}},{"type":"Feature","geometry":{"type":"LineString","coordinates":[[139.3840517,35.4078827],[139.3840624,35.4075486]]},"properties":{"name":"tokyo_line_338","loading_pct":0.1,"p_mw":-0.1,"synthetic":false,"tie":false}},{"type":"Feature","geometry":{"type":"LineString","coordinates":[[139.3510123,35.6405429],[139.3492912,35.6413285]]},"properties":{"name":"tokyo_line_339","loading_pct":60.1,"p_mw":248.4,"synthetic":false,"tie":false}},{"type":"Feature","geometry":{"type":"LineString","coordinates":[[139.3481477,35.6505501],[139.3481097,35.6506263]]},"properties":{"name":"tokyo_line_340","loading_pct":23.8,"p_mw":29.8,"synthetic":false,"tie":false}},{"type":"Feature","geometry":{"type":"LineString","coordinates":[[139.34718,35.6435618],[139.3469932,35.6433198]]},"properties":{"name":"tokyo_line_341","loading_pct":74.6,"p_mw":391.8,"synthetic":false,"tie":false}},{"type":"Feature","geometry":{"type":"LineString","coordinates":[[139.3593873,35.5260089],[139.3557573,35.520651]]},"properties":{"name":"tokyo_line_342","loading_pct":45.2,"p_mw":425.9,"synthetic":false,"tie":false}},{"type":"Feature","geometry":{"type":"LineString","coordinates":[[139.3302286,35.5221614],[139.326026,35.5215293],[139.3179343,35.520352],[139.311876,35.5194596],[139.3065215,35.5186661],[139.3038871,35.5182819],[139.2994588,35.5176292],[139.2971346,35.5173048],[139.2940714,35.5168448],[139.2912696,35.5174715],[139.2870746,35.5184219],[139.2829163,35.5193553],[139.2805489,35.5198977],[139.2770156,35.5211746],[139.2718008,35.5231043],[139.2701002,35.523718],[139.2676605,35.524623],[139.2646596,35.5257171],[139.2608028,35.5271426],[139.2534726,35.5298675],[139.2459662,35.5325029],[139.2433539,35.5341897],[139.2380121,35.5376988],[139.2333658,35.5391755],[139.2287947,35.5406925],[139.226319,35.5415611],[139.2212683,35.5432229],[139.2152969,35.5451354],[139.2108033,35.5481298],[139.2086755,35.5492969],[139.2064026,35.5504342],[139.2021832,35.552466],[139.198693,35.5542512],[139.192687,35.5573207],[139.1896484,35.558717],[139.1864537,35.5616859],[139.1843664,35.5637822],[139.1800854,35.5645009],[139.1781847,35.5648362],[139.1726271,35.5657683],[139.1681162,35.5665423],[139.1645965,35.5670554],[139.160097,35.5674268],[139.155364,35.5663114],[139.1524207,35.5656159],[139.144863,35.5637133],[139.1407336,35.5626485],[139.137015,35.5616869],[139.1350227,35.5611805],[139.1292977,35.5597929],[139.123677,35.5583659],[139.1170023,35.5565972],[139.1126812,35.555395],[139.1052963,35.552506],[139.1011064,35.5508754],[139.0974326,35.5494594],[139.0944702,35.5482848],[139.0921278,35.5473993],[139.0872106,35.5459369],[139.0818969,35.5442594],[139.0786241,35.54332],[139.0723601,35.5419673],[139.0679658,35.5409171],[139.0601521,35.5395349],[139.0532121,35.5385082],[139.0501869,35.5372737],[139.0473145,35.5361489],[139.043847,35.5347354],[139.0384853,35.5325996],[139.0336831,35.5307048],[139.027872,35.5296766],[139.0230569,35.5288003],[139.0196639,35.5267623],[139.0180615,35.525818],[139.0140357,35.5234029],[139.0104041,35.5218052],[139.0033853,35.5187192],[139.0000021,35.5171354],[138.995213,35.515089],[138.9913281,35.5120441],[138.9884414,35.5098819],[138.9839566,35.5063806],[138.9809949,35.5041802],[138.9787904,35.502509],[138.9760814,35.5004878],[138.9718597,35.4973416],[138.9690972,35.4953648],[138.9654824,35.4925549],[138.9622541,35.4901334],[138.9597072,35.488197],[138.9571582,35.4864146],[138.9554576,35.4850361],[138.952111,35.4825753],[138.9509018,35.4806799],[138.9490873,35.477678],[138.9464323,35.4734298],[138.9435244,35.4686541],[138.9415207,35.4654791],[138.9408958,35.4610836],[138.9404779,35.4578854],[138.9401795,35.4556858],[138.9398823,35.4530442],[138.9395797,35.450733],[138.9388249,35.4491026],[138.938541,35.4443694],[138.9379656,35.4408685],[138.9376548,35.4386483],[138.9369497,35.4340369],[138.9360417,35.4286808],[138.935726,35.4257309],[138.934974,35.4206349],[138.9345411,35.4155222],[138.9325941,35.4117796],[138.9315155,35.4103516],[138.9288381,35.4070553],[138.9269322,35.4035647],[138.9252105,35.4004],[138.9243144,35.3987506],[138.9226056,35.3956207]]},"properties":{"name":"tokyo_line_344","loading_pct":37.7,"p_mw":355.3,"synthetic":false,"tie":false}},{"type":"Feature","geometry":{"type":"LineString","coordinates":[[138.9226056,35.3956207],[138.9203648,35.3914324]]},"properties":{"name":"tokyo_line_346","loading_pct":39.2,"p_mw":366.6,"synthetic":false,"tie":false}},{"type":"Feature","geometry":{"type":"LineString","coordinates":[[138.9226056,35.3956207],[138.9227368,35.395433],[138.924325,35.3931924],[138.926711,35.3907849],[138.9316626,35.388406]]},"properties":{"name":"tokyo_line_347","loading_pct":2.1,"p_mw":-18.7,"synthetic":false,"tie":false}},{"type":"Feature","geometry":{"type":"LineString","coordinates":[[139.5797421,35.5360753],[139.582066,35.5355466]]},"properties":{"name":"tokyo_line_350","loading_pct":23.5,"p_mw":-212.1,"synthetic":false,"tie":false}},{"type":"Feature","geometry":{"type":"LineString","coordinates":[[139.6208095,35.5291003],[139.6226576,35.5298436]]},"properties":{"name":"tokyo_line_351","loading_pct":81.2,"p_mw":-2195.5,"synthetic":false,"tie":false}},{"type":"Feature","geometry":{"type":"LineString","coordinates":[[139.5997205,35.5220966],[139.59808,35.5215566]]},"properties":{"name":"tokyo_line_352","loading_pct":81.5,"p_mw":2029.3,"synthetic":false,"tie":false}},{"type":"Feature","geometry":{"type":"LineString","coordinates":[[139.5008785,35.5427662],[139.5041767,35.5424972]]},"properties":{"name":"tokyo_line_353","loading_pct":38.2,"p_mw":-96.3,"synthetic":false,"tie":false}},{"type":"Feature","geometry":{"type":"LineString","coordinates":[[139.5041767,35.5424972],[139.5063283,35.542333]]},"properties":{"name":"tokyo_line_354","loading_pct":41.8,"p_mw":-106.6,"synthetic":false,"tie":false}},{"type":"Feature","geometry":{"type":"LineString","coordinates":[[139.4634846,35.6364355],[139.4614558,35.6357109],[139.4588938,35.6360341],[139.4565236,35.6369666],[139.4536901,35.6372456]]},"properties":{"name":"tokyo_line_355","loading_pct":32.0,"p_mw":85.1,"synthetic":false,"tie":false}},{"type":"Feature","geometry":{"type":"LineString","coordinates":[[139.4693219,35.7317112],[139.4668387,35.7317719]]},"properties":{"name":"tokyo_line_356","loading_pct":25.5,"p_mw":-17.2,"synthetic":false,"tie":false}},{"type":"Feature","geometry":{"type":"LineString","coordinates":[[139.6704629,35.5171641],[139.672786,35.5166544]]},"properties":{"name":"tokyo_line_357","loading_pct":52.5,"p_mw":34.4,"synthetic":false,"tie":false}},{"type":"Feature","geometry":{"type":"LineString","coordinates":[[139.5852109,35.4936683],[139.5832784,35.4928401]]},"properties":{"name":"tokyo_line_358","loading_pct":84.5,"p_mw":97.0,"synthetic":false,"tie":false}},{"type":"Feature","geometry":{"type":"LineString","coordinates":[[139.5792956,35.4911491],[139.5760161,35.4895632]]},"properties":{"name":"tokyo_line_359","loading_pct":35.3,"p_mw":-15.6,"synthetic":false,"tie":false}},{"type":"Feature","geometry":{"type":"LineString","coordinates":[[139.5829089,35.4711434],[139.5831914,35.4686475],[139.5833126,35.4675889],[139.5834552,35.4662505],[139.5836156,35.4648375],[139.5832352,35.4633244],[139.5829558,35.4621916],[139.5829188,35.4620415],[139.5825624,35.4612828]]},"properties":{"name":"tokyo_line_360","loading_pct":88.6,"p_mw":95.3,"synthetic":false,"tie":false}},{"type":"Feature","geometry":{"type":"LineString","coordinates":[[139.5825624,35.4612828],[139.5816834,35.4594234],[139.5806476,35.4572402],[139.5804732,35.4571202],[139.5781879,35.4555485],[139.5770026,35.4537909],[139.5755938,35.4517016]]},"properties":{"name":"tokyo_line_361","loading_pct":84.0,"p_mw":81.2,"synthetic":false,"tie":false}},{"type":"Feature","geometry":{"type":"LineString","coordinates":[[139.5825624,35.4612828],[139.5818792,35.4617896],[139.5795067,35.4635448],[139.5780149,35.4640741],[139.5772556,35.4642347],[139.5737683,35.4645641]]},"properties":{"name":"tokyo_line_362","loading_pct":84.5,"p_mw":-40.9,"synthetic":false,"tie":false}},{"type":"Feature","geometry":{"type":"LineString","coordinates":[[139.5825624,35.4612828],[139.5837252,35.4604227],[139.5853198,35.459502],[139.5873769,35.4585898],[139.5899917,35.4574377],[139.5917654,35.4566058],[139.5929459,35.4561584],[139.5945407,35.4557462]]},"properties":{"name":"tokyo_line_363","loading_pct":99.4,"p_mw":37.3,"synthetic":false,"tie":false}},{"type":"Feature","geometry":{"type":"LineString","coordinates":[[139.5645149,35.437905],[139.5623817,35.4375212]]},"properties":{"name":"tokyo_line_364","loading_pct":72.5,"p_mw":137.6,"synthetic":false,"tie":false}},{"type":"Feature","geometry":{"type":"LineString","coordinates":[[139.5910114,35.4413123],[139.5931838,35.4415132],[139.5947313,35.4416589],[139.5959338,35.441775],[139.5976087,35.4421709]]},"properties":{"name":"tokyo_line_365","loading_pct":79.5,"p_mw":-91.1,"synthetic":false,"tie":false}},{"type":"Feature","geometry":{"type":"LineString","coordinates":[[139.5796265,35.4285693],[139.5799175,35.4261815],[139.5810347,35.4243653]]},"properties":{"name":"tokyo_line_366","loading_pct":25.7,"p_mw":17.2,"synthetic":false,"tie":false}},{"type":"Feature","geometry":{"type":"LineString","coordinates":[[139.6361178,35.4927551],[139.6350395,35.4939252]]},"properties":{"name":"tokyo_line_367","loading_pct":4.0,"p_mw":-10.3,"synthetic":false,"tie":false}},{"type":"Feature","geometry":{"type":"LineString","coordinates":[[139.6367295,35.4960165],[139.6366336,35.4977372]]},"properties":{"name":"tokyo_line_368","loading_pct":8.1,"p_mw":-20.6,"synthetic":false,"tie":false}},{"type":"Feature","geometry":{"type":"LineString","coordinates":[[139.4239627,35.4200901],[139.4203376,35.4194401]]},"properties":{"name":"tokyo_line_370","loading_pct":15.4,"p_mw":139.6,"synthetic":false,"tie":false}},{"type":"Feature","geometry":{"type":"LineString","coordinates":[[138.6126298,35.2150753],[138.6103472,35.2158642],[138.6074075,35.2170299],[138.6060664,35.2175296],[138.604272,35.2182286]]},"properties":{"name":"tokyo_line_371","loading_pct":90.4,"p_mw":156.7,"synthetic":false,"tie":false}},{"type":"Feature","geometry":{"type":"LineString","coordinates":[[138.6126298,35.2150753],[138.6145867,35.2144269],[138.6193007,35.2125237],[138.6211179,35.2109996],[138.6231309,35.2096102],[138.6245713,35.2082207]]},"properties":{"name":"tokyo_line_372","loading_pct":90.1,"p_mw":-191.1,"synthetic":false,"tie":false}},{"type":"Feature","geometry":{"type":"LineString","coordinates":[[138.6126298,35.2150753],[138.611006,35.2166029],[138.6090373,35.2181324],[138.6093672,35.2196904],[138.6092921,35.2209482]]},"properties":{"name":"tokyo_line_373","loading_pct":27.8,"p_mw":17.2,"synthetic":false,"tie":false}},{"type":"Feature","geometry":{"type":"LineString","coordinates":[[138.5887071,35.2408734],[138.5879595,35.244315],[138.5869235,35.2459995],[138.5838591,35.2473958],[138.5825823,35.2500913],[138.5817772,35.2517992],[138.5805729,35.2543348],[138.5803992,35.2573698],[138.5803027,35.2592621]]},"properties":{"name":"tokyo_line_374","loading_pct":91.0,"p_mw":87.0,"synthetic":false,"tie":false}},{"type":"Feature","geometry":{"type":"LineString","coordinates":[[138.5937974,35.2413428],[138.5948733,35.242991],[138.597336,35.2438697],[138.5991675,35.2436872],[138.6012086,35.2434426],[138.603047,35.2432902],[138.6051619,35.2426825],[138.6089659,35.2415887],[138.6106876,35.2402418],[138.6119064,35.2392274],[138.6120617,35.2393092]]},"properties":{"name":"tokyo_line_375","loading_pct":84.5,"p_mw":51.8,"synthetic":false,"tie":false}},{"type":"Feature","geometry":{"type":"LineString","coordinates":[[138.564196,35.1944417],[138.5615276,35.1898546],[138.5608531,35.1888664]]},"properties":{"name":"tokyo_line_376","loading_pct":25.9,"p_mw":-17.2,"synthetic":false,"tie":false}},{"type":"Feature","geometry":{"type":"LineString","coordinates":[[138.5608531,35.1888664],[138.5634,35.1884626],[138.565893,35.1885457]]},"properties":{"name":"tokyo_line_377","loading_pct":67.9,"p_mw":158.7,"synthetic":false,"tie":false}},{"type":"Feature","geometry":{"type":"LineString","coordinates":[[138.4047276,35.4391079],[138.3979462,35.4381596],[138.3949109,35.4376948],[138.3915443,35.4372046],[138.3897187,35.4368837],[138.3874431,35.4365016],[138.3857769,35.4363667],[138.3796579,35.4354689],[138.378306,35.4352817],[138.3760913,35.4349429],[138.3749503,35.4351913],[138.3737703,35.4354485],[138.3729872,35.4357032],[138.3713889,35.4377672],[138.3689349,35.4408682],[138.3644572,35.4457321],[138.3639953,35.4465262],[138.3631376,35.4480082],[138.3624325,35.4490462],[138.3606676,35.4507955],[138.3591251,35.4523018],[138.3576699,35.4536333],[138.3557513,35.4554555],[138.3548097,35.4563881],[138.3537709,35.4573297],[138.3486251,35.4622934],[138.348088,35.4628011],[138.3474934,35.4633448],[138.3466181,35.4647689],[138.3457627,35.466065],[138.3444586,35.4682469],[138.3439767,35.4691128],[138.3433512,35.4722775],[138.34296,35.4745672],[138.3415365,35.4775498],[138.3399936,35.4793066],[138.3389946,35.4803956],[138.3357453,35.4838262],[138.3339417,35.4857214],[138.3318308,35.4869507],[138.330909,35.487451],[138.3285904,35.4885921],[138.3280502,35.4887805]]},"properties":{"name":"tokyo_line_379","loading_pct":4.2,"p_mw":10.3,"synthetic":false,"tie":false}},{"type":"Feature","geometry":{"type":"LineString","coordinates":[[138.4047276,35.4391079],[138.4043431,35.4365508],[138.4040321,35.4340549],[138.4035389,35.4296214],[138.4016488,35.4271054],[138.4029898,35.4254786]]},"properties":{"name":"tokyo_line_380","loading_pct":59.9,"p_mw":148.2,"synthetic":false,"tie":false}},{"type":"Feature","geometry":{"type":"LineString","coordinates":[[138.4047276,35.4391079],[138.4063375,35.4393447],[138.4116359,35.439332],[138.4173157,35.4393243],[138.4191632,35.4397242],[138.4199813,35.4399237],[138.4245702,35.4409063],[138.4276804,35.441594],[138.428609,35.4419744],[138.4318725,35.4433546],[138.4340579,35.4442695],[138.4356924,35.4444301],[138.4371656,35.4444993],[138.4385154,35.4443545],[138.4440605,35.443129],[138.4452388,35.4422234],[138.4466191,35.4411372],[138.4479876,35.4398865],[138.44936,35.4385846],[138.4501414,35.4380152],[138.4516205,35.4368642],[138.4531363,35.4357721],[138.4566227,35.4331889],[138.461368,35.4298123],[138.461976,35.4288601],[138.4627699,35.4275562],[138.4631048,35.4269684],[138.463614,35.4261141],[138.46545,35.4202221],[138.4658285,35.4181512],[138.4669709,35.4153752],[138.4673258,35.4142058],[138.4677264,35.4127901],[138.4679247,35.4121178],[138.4685569,35.4100524],[138.4693793,35.407416],[138.4704323,35.4038273],[138.4713168,35.4009152],[138.4715719,35.4000824],[138.4721292,35.3982946],[138.4724994,35.3969974],[138.4734176,35.3956768],[138.4740693,35.3945459],[138.4783772,35.3880278],[138.4805011,35.3848609],[138.4813059,35.3838625],[138.4826667,35.3819917],[138.4835051,35.3808138],[138.4863804,35.376732],[138.4901976,35.3737194],[138.4923673,35.372007],[138.4954393,35.3695359],[138.4970055,35.3684717],[138.5057411,35.3647553],[138.5100827,35.3631953],[138.5144832,35.3629288],[138.5210507,35.3635904],[138.5225012,35.3635583],[138.5247133,35.3637368],[138.5262352,35.3641854],[138.5297956,35.3640906],[138.5324209,35.3629058],[138.5385897,35.3600213],[138.5405908,35.3585119],[138.5425463,35.3569813],[138.5463249,35.355784],[138.5484064,35.3550796],[138.5511204,35.3541155],[138.5546167,35.3529922],[138.5570637,35.3521877],[138.560395,35.3519116],[138.5623036,35.3517818],[138.5655065,35.3515212],[138.5671569,35.3513653],[138.5697309,35.3511927],[138.5722012,35.3501394],[138.5749223,35.3489312],[138.577799,35.3476619],[138.5802881,35.3465969],[138.5826543,35.3455638],[138.5843627,35.34483],[138.5926177,35.3412113],[138.5939458,35.3399351],[138.5988831,35.3349611],[138.6005662,35.3333299],[138.6023455,35.3316008],[138.6036461,35.3303368],[138.6088275,35.3254354],[138.610736,35.3234396],[138.6134236,35.3208674],[138.6159377,35.3184043],[138.6177161,35.316662],[138.6195043,35.3149247],[138.6196997,35.3147348],[138.621206,35.3132713],[138.6229512,35.3115757],[138.6247014,35.3098752],[138.6281445,35.3065298],[138.6289672,35.3055108],[138.6311663,35.3040756],[138.6347423,35.3017418],[138.637457,35.2998273],[138.6399314,35.2981696],[138.6470652,35.2932001],[138.6548383,35.2882405],[138.6566482,35.2871336],[138.6627124,35.2834247],[138.6664564,35.2811347],[138.6853046,35.2696055],[138.694753,35.267249],[138.696591,35.266802],[138.698109,35.266426],[138.700584,35.265814],[138.7024401,35.2653602],[138.7057745,35.2645738],[138.7081167,35.2639679],[138.7105047,35.263411],[138.7142645,35.2624867]]},"properties":{"name":"tokyo_line_381","loading_pct":68.2,"p_mw":-168.8,"synthetic":false,"tie":false}},{"type":"Feature","geometry":{"type":"LineString","coordinates":[[138.537608,35.6190944],[138.5387339,35.6210449]]},"properties":{"name":"tokyo_line_382","loading_pct":59.8,"p_mw":-39.7,"synthetic":false,"tie":false}},{"type":"Feature","geometry":{"type":"LineString","coordinates":[[138.5324235,35.5973205],[138.5324189,35.5952566],[138.532424,35.593438],[138.5319332,35.5912901],[138.531444,35.5890704],[138.531186,35.5873253],[138.5308721,35.5845925]]},"properties":{"name":"tokyo_line_383","loading_pct":38.3,"p_mw":26.1,"synthetic":false,"tie":false}},{"type":"Feature","geometry":{"type":"LineString","coordinates":[[138.5308721,35.5845925],[138.5319323,35.5854106]]},"properties":{"name":"tokyo_line_384","loading_pct":40.3,"p_mw":-25.6,"synthetic":false,"tie":false}},{"type":"Feature","geometry":{"type":"LineString","coordinates":[[138.5308721,35.5845925],[138.5295563,35.5831155],[138.5271873,35.581718],[138.5242912,35.5800972],[138.5216822,35.5787222],[138.5198483,35.5779282],[138.5172863,35.5772453],[138.5144346,35.5728572],[138.510927,35.5721459]]},"properties":{"name":"tokyo_line_385","loading_pct":50.8,"p_mw":34.5,"synthetic":false,"tie":false}},{"type":"Feature","geometry":{"type":"LineString","coordinates":[[138.4841075,35.5704035],[138.4793156,35.5687483],[138.47482,35.5693467]]},"properties":{"name":"tokyo_line_386","loading_pct":25.4,"p_mw":17.2,"synthetic":false,"tie":false}},{"type":"Feature","geometry":{"type":"LineString","coordinates":[[138.5607079,35.642132],[138.5588213,35.6428232],[138.5569214,35.6435219],[138.5545737,35.6443635],[138.5522307,35.6452221],[138.5499017,35.6460732],[138.5483575,35.646628],[138.5453319,35.6477219],[138.5434831,35.6484064],[138.5409249,35.6493271],[138.5366544,35.6509201],[138.5339662,35.6522468],[138.5319092,35.653489],[138.5290449,35.655054],[138.5287203,35.6552434],[138.52572,35.6569936],[138.5239782,35.6580014],[138.5218257,35.6592725],[138.5196736,35.660449],[138.5182142,35.6620234],[138.5165854,35.6637927],[138.5149687,35.6655947],[138.5132658,35.6674554],[138.5121317,35.6687186],[138.5107204,35.6702618],[138.5095808,35.6716324],[138.5075044,35.6737967],[138.5054702,35.675987],[138.5031169,35.6792767],[138.5021224,35.6808217],[138.5007508,35.6827252],[138.4992559,35.6848509],[138.497218,35.6878382]]},"properties":{"name":"tokyo_line_391","loading_pct":39.9,"p_mw":106.3,"synthetic":false,"tie":false}},{"type":"Feature","geometry":{"type":"LineString","coordinates":[[138.5682676,35.6260518],[138.5680063,35.6234259],[138.5698378,35.6217596],[138.5704192,35.6205112],[138.5694883,35.616153]]},"properties":{"name":"tokyo_line_393","loading_pct":103.5,"p_mw":271.6,"synthetic":false,"tie":false}},{"type":"Feature","geometry":{"type":"LineString","coordinates":[[138.7167291,35.5904196],[138.710794,35.5927464],[138.7062273,35.5944894],[138.7020502,35.5960969],[138.6993833,35.5970993],[138.6957395,35.5984807],[138.6938207,35.599209],[138.6910391,35.6002683],[138.6889207,35.6010695],[138.6851476,35.602498],[138.680518,35.6020214],[138.677848,35.6017505],[138.6753194,35.6015001],[138.6707778,35.6010452],[138.668243,35.6007884],[138.6641352,35.6003703],[138.6613572,35.6000921],[138.6583458,35.5998065],[138.6555767,35.6003451],[138.6525475,35.6009016],[138.6499961,35.6013949],[138.6470025,35.6019262],[138.6445867,35.6024015],[138.641782,35.6029183],[138.638944,35.6035272],[138.6364638,35.6040494],[138.6335924,35.6046584],[138.630761,35.6052547],[138.6277674,35.6059015],[138.6247893,35.6065285],[138.6217535,35.607179],[138.619091,35.6073236],[138.6160863,35.607479],[138.6129415,35.6070525],[138.6099194,35.6066598],[138.6069544,35.6063076],[138.6039526,35.6072764],[138.6014746,35.6080606],[138.5986654,35.6089514],[138.5958696,35.6098368],[138.5911155,35.6118411],[138.5878559,35.612848],[138.5845995,35.6138575],[138.5820292,35.6146542],[138.5796391,35.6154097],[138.5768306,35.6162797],[138.5738916,35.6162247],[138.5714313,35.6161857]]},"properties":{"name":"tokyo_line_395","loading_pct":62.5,"p_mw":-155.3,"synthetic":false,"tie":false}},{"type":"Feature","geometry":{"type":"LineString","coordinates":[[138.7167291,35.5904196],[138.7193338,35.5889577],[138.7216561,35.5883135],[138.7245586,35.5878617],[138.7274588,35.5867878],[138.7338049,35.5846397],[138.7403621,35.5838382],[138.7471498,35.5807096],[138.7494734,35.5797052],[138.7510169,35.5787172]]},"properties":{"name":"tokyo_line_397","loading_pct":52.1,"p_mw":127.7,"synthetic":false,"tie":false}},{"type":"Feature","geometry":{"type":"LineString","coordinates":[[138.5478705,35.6748773],[138.5462209,35.6756293],[138.5451741,35.6757291],[138.5440993,35.6758316],[138.540312,35.676202],[138.5381529,35.6763937],[138.5343415,35.6767794],[138.5307687,35.6771563],[138.5268876,35.6775158],[138.5209304,35.6780801],[138.5188463,35.6782936],[138.5174757,35.679041],[138.5150376,35.680224],[138.512114,35.6816881],[138.509067,35.6832284],[138.506307,35.6846097],[138.5030374,35.6862632],[138.4999877,35.6877751],[138.4984052,35.6887075]]},"properties":{"name":"tokyo_line_399","loading_pct":10.9,"p_mw":6.9,"synthetic":false,"tie":false}},{"type":"Feature","geometry":{"type":"LineString","coordinates":[[138.5531154,35.6786916],[138.5540117,35.680811],[138.5537155,35.6820798],[138.5538807,35.6832022],[138.555408,35.6850878],[138.5584884,35.6860016],[138.5612344,35.6867998],[138.5627536,35.688014],[138.564013,35.6888154],[138.56459,35.6890372],[138.567871,35.6903013],[138.5688547,35.6929297],[138.5695181,35.6957095],[138.5701606,35.6983081],[138.5715055,35.6999348],[138.5734981,35.7008948],[138.5767116,35.701779],[138.5809676,35.7026859],[138.5813512,35.7048399],[138.5818341,35.7068437],[138.5812702,35.7085274],[138.579442,35.7121574],[138.578182,35.7157088],[138.5767274,35.719564],[138.5755506,35.721346],[138.5766225,35.7260054],[138.5768872,35.72861],[138.5773183,35.7319365],[138.5765343,35.7352116],[138.5754354,35.7397184],[138.5753309,35.7431567],[138.5741255,35.7453643],[138.5734203,35.7464001],[138.5728195,35.7468833],[138.5719189,35.7482256],[138.5711729,35.7495886],[138.5699746,35.7510087],[138.5685517,35.752952],[138.5669881,35.7554647],[138.5654119,35.7575946]]},"properties":{"name":"tokyo_line_400","loading_pct":25.5,"p_mw":17.3,"synthetic":false,"tie":false}},{"type":"Feature","geometry":{"type":"LineString","coordinates":[[138.5915865,35.6711727],[138.5931579,35.669232]]},"properties":{"name":"tokyo_line_401","loading_pct":34.3,"p_mw":22.5,"synthetic":false,"tie":false}},{"type":"Feature","geometry":{"type":"LineString","coordinates":[[138.587504,35.6538768],[138.5847852,35.6537156]]},"properties":{"name":"tokyo_line_402","loading_pct":25.3,"p_mw":17.2,"synthetic":false,"tie":false}},{"type":"Feature","geometry":{"type":"LineString","coordinates":[[138.5951124,35.6491341],[138.5951997,35.645747],[138.5952189,35.6441101],[138.5945011,35.6420203],[138.5938318,35.6400425],[138.5931374,35.6379832]]},"properties":{"name":"tokyo_line_403","loading_pct":52.4,"p_mw":35.9,"synthetic":false,"tie":false}},{"type":"Feature","geometry":{"type":"LineString","coordinates":[[138.6161252,35.6538368],[138.618104,35.6544787],[138.6203851,35.6547599],[138.6218016,35.6549351],[138.6239582,35.6551997]]},"properties":{"name":"tokyo_line_404","loading_pct":56.3,"p_mw":-37.0,"synthetic":false,"tie":false}},{"type":"Feature","geometry":{"type":"LineString","coordinates":[[138.5931374,35.6379832],[138.594651,35.6384905],[138.5968867,35.6392714],[138.5988454,35.6401525],[138.6010769,35.6411317],[138.6033489,35.6412502],[138.6071739,35.6411901],[138.6099547,35.6412894],[138.6136686,35.6426179],[138.6170431,35.6438496],[138.618333,35.6448955],[138.6208256,35.6468762],[138.6240387,35.6480712],[138.6272321,35.6492579],[138.6275612,35.6493628],[138.630343,35.6502497]]},"properties":{"name":"tokyo_line_405","loading_pct":28.5,"p_mw":-19.4,"synthetic":false,"tie":false}},{"type":"Feature","geometry":{"type":"LineString","coordinates":[[139.4199637,35.7314394],[139.4189011,35.7315702]]},"properties":{"name":"tokyo_line_406","loading_pct":62.6,"p_mw":82.7,"synthetic":false,"tie":false}},{"type":"Feature","geometry":{"type":"LineString","coordinates":[[139.3009922,35.3865682],[139.2983694,35.3868047]]},"properties":{"name":"tokyo_line_407","loading_pct":47.0,"p_mw":49.2,"synthetic":false,"tie":false}},{"type":"Feature","geometry":{"type":"LineString","coordinates":[[138.4984052,35.6887075],[138.4972711,35.6904564],[138.4957077,35.6929039],[138.4941246,35.6953421],[138.4936561,35.696084],[138.4927978,35.6974431],[138.491133,35.700072],[138.4900649,35.7017308],[138.4883548,35.7043642],[138.4868543,35.7071747],[138.4859882,35.7091954],[138.4849049,35.7112439],[138.4840852,35.713422],[138.4811729,35.7186694],[138.480247,35.72077],[138.4788968,35.7233055],[138.4776673,35.725376],[138.4748426,35.7244247],[138.471879,35.7237317],[138.469569,35.7232313],[138.4680136,35.7220861],[138.4645004,35.721404],[138.4616307,35.7206575]]},"properties":{"name":"tokyo_line_412","loading_pct":18.4,"p_mw":10.8,"synthetic":false,"tie":false}},{"type":"Feature","geometry":{"type":"LineString","coordinates":[[138.497218,35.6878382],[138.4950255,35.6910023],[138.4937421,35.6927814],[138.4924217,35.6946607],[138.4911543,35.6965013],[138.4887655,35.6999267],[138.4876147,35.7015569],[138.4864818,35.7031763],[138.4855217,35.7045488],[138.4845456,35.705965],[138.4832946,35.7077192],[138.4825994,35.7087219],[138.481973,35.7096063],[138.4807948,35.711326],[138.48033,35.7119857],[138.478879,35.7140499],[138.4772049,35.7162284],[138.4757459,35.718065],[138.4745279,35.7196117],[138.4732109,35.7212984],[138.4717419,35.7234493],[138.4700957,35.7252753],[138.4675163,35.7286043],[138.4663989,35.7300221],[138.4650327,35.7316998],[138.4631615,35.7341772],[138.4623239,35.7351041],[138.4603899,35.737163],[138.459201,35.7397171],[138.458478,35.7411623],[138.4564467,35.7440367],[138.4554142,35.7454352],[138.45277,35.7491454],[138.4516597,35.7506613],[138.4505318,35.7522961],[138.4494254,35.7538361],[138.44826,35.7555459],[138.4473024,35.7565526],[138.4458138,35.7582504],[138.4445116,35.7604443],[138.4434105,35.7622715],[138.4424074,35.7639898],[138.4412205,35.7659616],[138.4400725,35.7678518],[138.4388199,35.7699584],[138.4374815,35.7721782],[138.4362477,35.7742934],[138.4337828,35.7757602],[138.4324175,35.776561],[138.4310979,35.7774031],[138.4263101,35.7802863],[138.4238774,35.7817464],[138.4222358,35.7827212],[138.420141,35.7839985],[138.4186958,35.7848308]]},"properties":{"name":"tokyo_line_413","loading_pct":28.0,"p_mw":74.6,"synthetic":false,"tie":false}},{"type":"Feature","geometry":{"type":"LineString","coordinates":[[138.4381548,35.7239672],[138.4349012,35.7241479],[138.4331739,35.7267326],[138.4315941,35.7292149],[138.4301618,35.7314488],[138.430151,35.7346429],[138.4280562,35.7368615],[138.4262618,35.738577],[138.4245345,35.7407182]]},"properties":{"name":"tokyo_line_414","loading_pct":19.5,"p_mw":11.7,"synthetic":false,"tie":false}},{"type":"Feature","geometry":{"type":"LineString","coordinates":[[139.2263401,35.849731],[139.2227893,35.8471917],[139.2203395,35.8457762],[139.2171681,35.8439395],[139.2139512,35.8421036],[139.2113035,35.8388999],[139.2115836,35.8353679],[139.2113054,35.8329602],[139.2108642,35.829248],[139.2089851,35.826387],[139.2092772,35.8225121],[139.2083324,35.8196994],[139.2073046,35.8166188],[139.2047526,35.8138006],[139.2045583,35.8120872],[139.204392,35.8086403],[139.2026341,35.8065989],[139.2017104,35.8004873],[139.2040134,35.7961568],[139.2048371,35.7946187],[139.2048234,35.7911612],[139.2048138,35.7866975],[139.2047891,35.7825188],[139.203508,35.7801458],[139.2035538,35.7761501],[139.2031696,35.7709346],[139.2028555,35.7667502],[139.2027774,35.7644149],[139.2026416,35.7607496],[139.2018679,35.756922],[139.2013618,35.7543341],[139.199288,35.751494],[139.1978416,35.7495586],[139.1955061,35.7463441],[139.1937274,35.7439026],[139.1933359,35.7379987],[139.1930739,35.7345575],[139.1942179,35.7311759],[139.1946312,35.7260737],[139.196275,35.7249759],[139.199402,35.7209589],[139.2046152,35.7201106],[139.2088033,35.7179586]]},"properties":{"name":"tokyo_line_418","loading_pct":26.4,"p_mw":904.7,"synthetic":false,"tie":false}},{"type":"Feature","geometry":{"type":"LineString","coordinates":[[139.5926247,35.5199092],[139.5954646,35.5207834]]},"properties":{"name":"tokyo_line_423","loading_pct":81.5,"p_mw":-2014.9,"synthetic":false,"tie":false}},{"type":"Feature","geometry":{"type":"LineString","coordinates":[[139.5709994,35.5050745],[139.5696261,35.5023179],[139.5677845,35.4993634],[139.5662177,35.4968982],[139.5653116,35.4954776],[139.5638042,35.4930778]]},"properties":{"name":"tokyo_line_424","loading_pct":81.6,"p_mw":2004.6,"synthetic":false,"tie":false}},{"type":"Feature","geometry":{"type":"LineString","coordinates":[[139.6074503,35.376773],[139.6059954,35.3773126],[139.603742,35.3777829],[139.6004261,35.378238]]},"properties":{"name":"tokyo_line_426","loading_pct":78.8,"p_mw":766.5,"synthetic":false,"tie":false}},{"type":"Feature","geometry":{"type":"LineString","coordinates":[[139.5767544,35.3680238],[139.5766953,35.3669688]]},"properties":{"name":"tokyo_line_430","loading_pct":12.5,"p_mw":-98.7,"synthetic":false,"tie":false}},{"type":"Feature","geometry":{"type":"LineString","coordinates":[[139.5198986,35.4103754],[139.5204877,35.4129369],[139.5211156,35.4141046],[139.5219143,35.4156843],[139.5232199,35.4172139],[139.5246209,35.4183689],[139.5259525,35.4195265],[139.5280763,35.4219196],[139.5292673,35.423545],[139.5304714,35.4254293],[139.5319939,35.4278327],[139.5331903,35.4303597],[139.5343895,35.4328838],[139.5352696,35.4347534],[139.5369003,35.4374106],[139.5379881,35.4392847],[139.5387068,35.440794],[139.5395055,35.4423168],[139.5406983,35.4443427],[139.5408583,35.4446191],[139.5416676,35.4460168],[139.5427441,35.4479577],[139.5438176,35.4496834],[139.544728,35.4513204],[139.5453939,35.45265]]},"properties":{"name":"tokyo_line_436","loading_pct":90.7,"p_mw":-725.9,"synthetic":false,"tie":false}},{"type":"Feature","geometry":{"type":"LineString","coordinates":[[139.5247493,35.3876798],[139.5257355,35.3857328],[139.5261445,35.3851814],[139.5276004,35.3840021],[139.5290762,35.3824725],[139.531308,35.3812423],[139.5345651,35.380053],[139.5373396,35.3790505],[139.5388798,35.378541],[139.5423276,35.3779992],[139.5460014,35.3777717],[139.5482328,35.3778457]]},"properties":{"name":"tokyo_line_441","loading_pct":90.0,"p_mw":-230.9,"synthetic":false,"tie":false}},{"type":"Feature","geometry":{"type":"LineString","coordinates":[[139.5238947,35.3711383],[139.5240628,35.3710159]]},"properties":{"name":"tokyo_line_442","loading_pct":26.4,"p_mw":17.2,"synthetic":false,"tie":false}},{"type":"Feature","geometry":{"type":"LineString","coordinates":[[139.5238947,35.3711383],[139.524018,35.3709403]]},"properties":{"name":"tokyo_line_443","loading_pct":26.4,"p_mw":17.2,"synthetic":false,"tie":false}},{"type":"Feature","geometry":{"type":"LineString","coordinates":[[139.5238947,35.3711383],[139.5234814,35.369373],[139.5236512,35.3691897]]},"properties":{"name":"tokyo_line_444","loading_pct":37.3,"p_mw":-23.8,"synthetic":false,"tie":false}},{"type":"Feature","geometry":{"type":"LineString","coordinates":[[139.5236512,35.3691897],[139.5243151,35.3684691],[139.5265097,35.3676761]]},"properties":{"name":"tokyo_line_445","loading_pct":46.5,"p_mw":-30.5,"synthetic":false,"tie":false}},{"type":"Feature","geometry":{"type":"LineString","coordinates":[[139.5236512,35.3691897],[139.5224626,35.3647942],[139.5219378,35.3629134],[139.5214512,35.3608254]]},"properties":{"name":"tokyo_line_446","loading_pct":16.0,"p_mw":-10.5,"synthetic":false,"tie":false}},{"type":"Feature","geometry":{"type":"LineString","coordinates":[[139.5427075,35.3603837],[139.5439173,35.3581809]]},"properties":{"name":"tokyo_line_447","loading_pct":72.5,"p_mw":-47.7,"synthetic":false,"tie":false}},{"type":"Feature","geometry":{"type":"LineString","coordinates":[[139.5387868,35.3493871],[139.5380203,35.3479505]]},"properties":{"name":"tokyo_line_448","loading_pct":74.0,"p_mw":71.8,"synthetic":false,"tie":false}},{"type":"Feature","geometry":{"type":"LineString","coordinates":[[139.552438,35.3466609],[139.5535542,35.3454087],[139.5554825,35.3437934],[139.5576387,35.3416789],[139.5597892,35.3395713]]},"properties":{"name":"tokyo_line_449","loading_pct":75.4,"p_mw":-136.6,"synthetic":false,"tie":false}},{"type":"Feature","geometry":{"type":"LineString","coordinates":[[139.4770194,35.8460281],[139.4750213,35.8484803]]},"properties":{"name":"tokyo_line_451","loading_pct":26.0,"p_mw":-68.8,"synthetic":false,"tie":false}},{"type":"Feature","geometry":{"type":"LineString","coordinates":[[139.4908801,35.831092],[139.4924816,35.8291015],[139.4939949,35.8272246],[139.4956251,35.8251874],[139.49717,35.8232677]]},"properties":{"name":"tokyo_line_455","loading_pct":58.1,"p_mw":297.0,"synthetic":false,"tie":false}},{"type":"Feature","geometry":{"type":"LineString","coordinates":[[139.5257271,35.8245005],[139.5285909,35.8221439]]},"properties":{"name":"tokyo_line_456","loading_pct":31.1,"p_mw":-295.7,"synthetic":false,"tie":false}},{"type":"Feature","geometry":{"type":"LineString","coordinates":[[139.5664174,35.7986832],[139.5683907,35.7979675]]},"properties":{"name":"tokyo_line_461","loading_pct":78.2,"p_mw":-102.5,"synthetic":false,"tie":false}},{"type":"Feature","geometry":{"type":"LineString","coordinates":[[139.5916781,35.7989767],[139.5948707,35.7991798]]},"properties":{"name":"tokyo_line_463","loading_pct":69.0,"p_mw":-120.1,"synthetic":false,"tie":false}},{"type":"Feature","geometry":{"type":"LineString","coordinates":[[139.3287213,35.8461238],[139.3302083,35.8474442]]},"properties":{"name":"tokyo_line_464","loading_pct":84.5,"p_mw":-110.4,"synthetic":false,"tie":false}},{"type":"Feature","geometry":{"type":"LineString","coordinates":[[139.3388438,35.8471162],[139.3406742,35.8482852]]},"properties":{"name":"tokyo_line_465","loading_pct":84.8,"p_mw":-116.8,"synthetic":false,"tie":false}},{"type":"Feature","geometry":{"type":"LineString","coordinates":[[139.3119426,35.7795697],[139.3104269,35.778699]]},"properties":{"name":"tokyo_line_466","loading_pct":37.0,"p_mw":-23.7,"synthetic":false,"tie":false}},{"type":"Feature","geometry":{"type":"LineString","coordinates":[[139.3169823,35.7747554],[139.3146114,35.7733337]]},"properties":{"name":"tokyo_line_467","loading_pct":13.7,"p_mw":6.5,"synthetic":false,"tie":false}},{"type":"Feature","geometry":{"type":"LineString","coordinates":[[139.3096637,35.776416],[139.3109972,35.7746071]]},"properties":{"name":"tokyo_line_468","loading_pct":41.1,"p_mw":24.4,"synthetic":false,"tie":false}},{"type":"Feature","geometry":{"type":"LineString","coordinates":[[139.3025072,35.7776779],[139.3014616,35.7783653]]},"properties":{"name":"tokyo_line_469","loading_pct":68.2,"p_mw":67.1,"synthetic":false,"tie":false}},{"type":"Feature","geometry":{"type":"LineString","coordinates":[[139.2413982,35.5833735],[139.2411111,35.5818177],[139.241924,35.5799672],[139.2419735,35.5786115],[139.2399913,35.5771203],[139.2384901,35.5744025],[139.2379508,35.5732798],[139.2379836,35.5719608],[139.2371499,35.5699839],[139.2363215,35.5680957],[139.235563,35.566418],[139.235144,35.5639044],[139.2347011,35.5604748],[139.2336604,35.5576731],[139.2355052,35.5562924],[139.238137,35.5542341],[139.2409479,35.5550904],[139.2444765,35.5525662],[139.2482502,35.551304],[139.24985,35.5499593],[139.2511231,35.5469083],[139.2508624,35.5448327],[139.2517707,35.5424147],[139.2512798,35.5408291]]},"properties":{"name":"tokyo_line_475","loading_pct":25.9,"p_mw":17.2,"synthetic":false,"tie":false}},{"type":"Feature","geometry":{"type":"LineString","coordinates":[[139.2176631,35.5981825],[139.2143278,35.5991345],[139.2119052,35.5990359],[139.209193,35.5989121],[139.2060296,35.5988905],[139.2036671,35.5988779],[139.2008561,35.5989489],[139.1982761,35.5988256],[139.1974907,35.5988394],[139.1960299,35.5988164],[139.1935633,35.5988181],[139.1905718,35.5996677],[139.1894746,35.600545],[139.1874174,35.6020847],[139.1860977,35.6043135],[139.1844991,35.6064528],[139.1803176,35.6090391],[139.1791857,35.6092703],[139.1771231,35.6089105],[139.1749022,35.6085332],[139.1724721,35.6083391],[139.1703183,35.6087862],[139.1679499,35.6092267],[139.1667107,35.6100422],[139.1654393,35.6112045],[139.1638229,35.6127958],[139.1632353,35.61326],[139.161143,35.6151939],[139.1577982,35.6172177],[139.1537881,35.6178563],[139.1511295,35.6181661],[139.1481164,35.6184913],[139.1458128,35.6187625],[139.1446303,35.6190743],[139.1409775,35.6209493],[139.1388903,35.6219819],[139.1345425,35.6217116],[139.1315691,35.6223873]]},"properties":{"name":"tokyo_line_476","loading_pct":43.0,"p_mw":-26.0,"synthetic":false,"tie":false}},{"type":"Feature","geometry":{"type":"LineString","coordinates":[[139.3155659,35.6916604],[139.3129004,35.6918842]]},"properties":{"name":"tokyo_line_477","loading_pct":69.7,"p_mw":-280.9,"synthetic":false,"tie":false}},{"type":"Feature","geometry":{"type":"LineString","coordinates":[[139.3227661,35.6770328],[139.3239063,35.6748316]]},"properties":{"name":"tokyo_line_478","loading_pct":68.6,"p_mw":241.9,"synthetic":false,"tie":false}},{"type":"Feature","geometry":{"type":"LineString","coordinates":[[139.3140238,35.6996745],[139.3133841,35.7017182],[139.3120263,35.7037313],[139.3111076,35.7050666],[139.3091316,35.7080546],[139.3071603,35.7108645],[139.3060735,35.7124016],[139.3049002,35.7140967],[139.3041965,35.7182966],[139.3036905,35.7210114],[139.3034136,35.7224768]]},"properties":{"name":"tokyo_line_479","loading_pct":69.3,"p_mw":-172.4,"synthetic":false,"tie":false}},{"type":"Feature","geometry":{"type":"LineString","coordinates":[[139.293756,35.7453626],[139.2927977,35.7475876],[139.2917739,35.7499123],[139.2904547,35.7527694],[139.2902838,35.7545104],[139.2901128,35.7577468],[139.2904321,35.759775],[139.2913676,35.7616412],[139.2917765,35.7664589]]},"properties":{"name":"tokyo_line_481","loading_pct":68.7,"p_mw":-92.8,"synthetic":false,"tie":false}},{"type":"Feature","geometry":{"type":"LineString","coordinates":[[139.289793,35.7251627],[139.2868947,35.7254204],[139.28526,35.725561],[139.2818234,35.7258613],[139.2780898,35.726189],[139.2747017,35.7264759],[139.2710317,35.7267962],[139.268381,35.727017],[139.2657625,35.7277101],[139.2631493,35.7284007]]},"properties":{"name":"tokyo_line_482","loading_pct":70.8,"p_mw":-99.3,"synthetic":false,"tie":false}},{"type":"Feature","geometry":{"type":"LineString","coordinates":[[139.2927623,35.7829398],[139.2900845,35.784446]]},"properties":{"name":"tokyo_line_483","loading_pct":130.5,"p_mw":-57.1,"synthetic":false,"tie":false}},{"type":"Feature","geometry":{"type":"LineString","coordinates":[[139.290609,35.7663328],[139.2899512,35.766181],[139.289286,35.7659378],[139.2886888,35.7656861],[139.2885095,35.7653964],[139.2883566,35.765138],[139.2882783,35.7651396],[139.2881979,35.7651545],[139.2880859,35.7653495],[139.2880146,35.7654403],[139.2879525,35.7654826],[139.2878719,35.7655155],[139.2877815,35.7655368],[139.2876699,35.7655455],[139.2875275,35.7655318],[139.2873956,35.7655003],[139.2873088,35.7655503],[139.2871268,35.7654497],[139.2868819,35.7653054],[139.2865536,35.7651413],[139.2862131,35.7651767],[139.2857944,35.7650786],[139.2857425,35.7648419],[139.2855484,35.7645871],[139.2853533,35.7643669],[139.2849905,35.7644567],[139.2847924,35.764483],[139.2842749,35.7644601],[139.2840045,35.7644502],[139.2836966,35.764446],[139.2834049,35.7644205],[139.283134,35.7643902],[139.2828001,35.7643619],[139.2825979,35.7643281],[139.2819335,35.7644721],[139.2816588,35.7645211],[139.2813234,35.764606],[139.2810449,35.7646827],[139.2805936,35.7647693],[139.280307,35.7648336],[139.2799533,35.7648905],[139.2792835,35.7647825],[139.2788607,35.7647536],[139.2784481,35.7647165],[139.278132,35.7646712],[139.2778616,35.7646819],[139.2774886,35.7646415],[139.2768351,35.7647437],[139.276484,35.7647686],[139.2761466,35.7649973],[139.2758967,35.7650759],[139.2756562,35.7652237],[139.2754834,35.7653923],[139.2751682,35.7654662],[139.274728,35.7655304],[139.2745901,35.7656475],[139.2737875,35.7657621],[139.2732932,35.7658906],[139.2729873,35.7657968],[139.2728379,35.7657125],[139.2724468,35.7657154],[139.2722448,35.7656661],[139.2720019,35.7656813],[139.2717906,35.7656348],[139.2715583,35.765434],[139.2712676,35.7653753],[139.2710037,35.7653061],[139.27088,35.7652114],[139.2704258,35.7654416],[139.2701211,35.7654804],[139.2698105,35.7654188],[139.2694953,35.7654548],[139.2692338,35.7655003],[139.2689081,35.7655297],[139.2685777,35.7654368],[139.268308,35.7654368],[139.2679589,35.7654397],[139.2676133,35.7654293],[139.2672759,35.7653866],[139.2670226,35.7653487],[139.2666455,35.7653374],[139.2663115,35.7653554],[139.2659566,35.7654037],[139.2656402,35.7653885],[139.2653075,35.765309],[139.2646689,35.7651811],[139.2643509,35.7651282],[139.264012,35.7651507],[139.2637055,35.7652226],[139.2633457,35.7652833],[139.2631401,35.7653033],[139.2627627,35.7652407],[139.2624445,35.7652232],[139.2621241,35.7652214],[139.2618121,35.7652607],[139.2615079,35.7653489],[139.2611305,35.7654914],[139.2607754,35.7656351],[139.2603933,35.7657645],[139.2601091,35.7658258],[139.2598102,35.765867],[139.2596801,35.7657401],[139.2594351,35.7656739],[139.2589036,35.7657333],[139.2583167,35.7657139],[139.2575603,35.7656526],[139.2571182,35.7653489],[139.2568648,35.7649707],[139.2566414,35.7646976],[139.2564688,35.7644864],[139.2559273,35.7642732],[139.2556554,35.7640095],[139.2553704,35.7637926],[139.2550015,35.7636557],[139.2547373,35.7635801],[139.2544015,35.7636432],[139.254175,35.7634651],[139.2539652,35.763352],[139.2537791,35.7632268]]},"properties":{"name":"tokyo_line_484","loading_pct":25.3,"p_mw":17.2,"synthetic":false,"tie":false}},{"type":"Feature","geometry":{"type":"LineString","coordinates":[[139.453368,35.8261318],[139.452248,35.8243763]]},"properties":{"name":"tokyo_line_487","loading_pct":64.2,"p_mw":189.1,"synthetic":false,"tie":false}},{"type":"Feature","geometry":{"type":"LineString","coordinates":[[139.3276567,35.9610686],[139.3277267,35.9643155],[139.3285273,35.9663751],[139.3293196,35.9684637],[139.3304979,35.9715604],[139.3312928,35.9736476],[139.3319035,35.9752379],[139.3317637,35.9768605],[139.3315906,35.9789068],[139.3314429,35.9807043],[139.3312869,35.9825736],[139.3311423,35.9843597],[139.3309531,35.986614],[139.3308234,35.9882199],[139.3318133,35.9920796],[139.3323848,35.9943379],[139.3329337,35.9964478],[139.3323604,35.998207],[139.3317149,36.0002204],[139.331139,36.0019925],[139.3304537,36.0040847],[139.3297719,36.006167],[139.3290917,36.0082401],[139.328595,36.00981],[139.3280426,36.0114768],[139.3270463,36.014181],[139.3263214,36.0159896],[139.325577,36.0179621],[139.3247711,36.020046],[139.3239901,36.0221329],[139.3231324,36.0243376],[139.3222549,36.0267065],[139.3214818,36.0286867],[139.3205635,36.0310958]]},"properties":{"name":"tokyo_line_490","loading_pct":28.3,"p_mw":-32.2,"synthetic":false,"tie":false}},{"type":"Feature","geometry":{"type":"LineString","coordinates":[[139.3368703,35.9543912],[139.3398649,35.9572086],[139.344157,35.9598254],[139.3466424,35.9628462],[139.3489925,35.9661283],[139.3512129,35.9691624],[139.3545993,35.9715685],[139.3565637,35.9739728],[139.3598093,35.9747664],[139.3635296,35.9752453],[139.3651064,35.979779],[139.3701588,35.9818635],[139.3734589,35.9830271],[139.3776863,35.985577],[139.3819118,35.9840153],[139.3860619,35.9859412],[139.390689,35.9853778],[139.3948612,35.9856494]]},"properties":{"name":"tokyo_line_491","loading_pct":66.9,"p_mw":-86.6,"synthetic":false,"tie":false}},{"type":"Feature","geometry":{"type":"LineString","coordinates":[[139.3503202,35.9001492],[139.3494929,35.8984687]]},"properties":{"name":"tokyo_line_494","loading_pct":84.3,"p_mw":248.6,"synthetic":false,"tie":false}},{"type":"Feature","geometry":{"type":"LineString","coordinates":[[139.3368356,35.8781801],[139.3376858,35.8770724]]},"properties":{"name":"tokyo_line_496","loading_pct":84.7,"p_mw":204.7,"synthetic":false,"tie":false}},{"type":"Feature","geometry":{"type":"LineString","coordinates":[[139.3292502,35.8805989],[139.3256538,35.8811108],[139.3233763,35.8814312],[139.3208705,35.8807684]]},"properties":{"name":"tokyo_line_497","loading_pct":62.3,"p_mw":40.9,"synthetic":false,"tie":false}},{"type":"Feature","geometry":{"type":"LineString","coordinates":[[139.3501111,35.8638769],[139.3513362,35.8626329]]},"properties":{"name":"tokyo_line_498","loading_pct":85.4,"p_mw":187.5,"synthetic":false,"tie":false}},{"type":"Feature","geometry":{"type":"LineString","coordinates":[[139.3478553,35.3789443],[139.3471182,35.3762058],[139.3465939,35.3741886],[139.344547,35.3717113]]},"properties":{"name":"tokyo_line_506","loading_pct":53.1,"p_mw":138.5,"synthetic":false,"tie":false}},{"type":"Feature","geometry":{"type":"LineString","coordinates":[[139.5609821,35.4656087],[139.5640179,35.4646972]]},"properties":{"name":"tokyo_line_514","loading_pct":102.5,"p_mw":58.2,"synthetic":false,"tie":false}},{"type":"Feature","geometry":{"type":"LineString","coordinates":[[139.5395727,35.4775052],[139.5413169,35.4789007]]},"properties":{"name":"tokyo_line_515","loading_pct":81.7,"p_mw":-1900.8,"synthetic":false,"tie":false}},{"type":"Feature","geometry":{"type":"LineString","coordinates":[[139.5148738,35.432518],[139.5172225,35.4329588],[139.5209979,35.4344632],[139.5266418,35.4355425],[139.5322278,35.4350118],[139.5353988,35.4340696],[139.5395,35.4328543],[139.5416672,35.4313162]]},"properties":{"name":"tokyo_line_516","loading_pct":20.0,"p_mw":-177.4,"synthetic":false,"tie":false}},{"type":"Feature","geometry":{"type":"LineString","coordinates":[[138.9658507,35.3826101],[138.9642742,35.3859088],[138.961116,35.3890167],[138.9589418,35.3911733],[138.9562043,35.3925055],[138.9524019,35.394302],[138.946395,35.3964499],[138.9434757,35.3993547],[138.9408255,35.4019685],[138.9382417,35.4054146],[138.9347794,35.41008],[138.9337008,35.4156572],[138.9336622,35.4209714],[138.9349451,35.4286307],[138.9312727,35.4333275]]},"properties":{"name":"tokyo_line_522","loading_pct":48.7,"p_mw":-1653.7,"synthetic":false,"tie":false}},{"type":"Feature","geometry":{"type":"LineString","coordinates":[[138.7943009,35.6017148],[138.7915465,35.6042424],[138.7911158,35.6057822],[138.7892972,35.612284],[138.7900974,35.6169993],[138.792192,35.6227738],[138.7992624,35.6302793],[138.8058042,35.6371227],[138.8110807,35.6430081],[138.8167395,35.6494508],[138.8234998,35.6572367],[138.8261013,35.6614394],[138.8275915,35.6693656],[138.8255627,35.6755312],[138.8249315,35.6813385],[138.8242805,35.6872291],[138.8234747,35.6947354],[138.822919,35.6993558],[138.8240146,35.7061396],[138.8234509,35.7107124],[138.8231175,35.7135704],[138.8224863,35.7190165],[138.8220299,35.7226446],[138.8197911,35.7283685],[138.8158971,35.7342234],[138.8141148,35.737014],[138.8109511,35.7417336],[138.8049811,35.7455284],[138.799531,35.7483031],[138.7946804,35.7511571],[138.7884166,35.7548447],[138.7841494,35.7569049],[138.7795528,35.7595684],[138.7729714,35.7598581],[138.7625596,35.7602749],[138.7586854,35.7597986],[138.7509418,35.7588777],[138.7461348,35.7575471],[138.737007,35.7584021],[138.728054,35.7632422],[138.7204067,35.7689969],[138.7164762,35.7719312],[138.711836,35.7753886],[138.7064543,35.7781681],[138.6973513,35.7827947],[138.6887506,35.7848776],[138.6863059,35.7854696],[138.6795002,35.7870846],[138.6732678,35.7885449],[138.6674994,35.7931168],[138.6622815,35.7958919],[138.6601977,35.7970194],[138.6587168,35.7978207],[138.6563038,35.7991263],[138.6490433,35.8030205],[138.6434705,35.803762],[138.6363874,35.8046991],[138.6282488,35.8055498],[138.622281,35.8061968],[138.6139256,35.8081149],[138.6072737,35.8085314],[138.5999113,35.8120938],[138.592539,35.8186098],[138.5908527,35.8251253],[138.5888366,35.8294222],[138.5864944,35.8344358],[138.5834502,35.840801],[138.5789655,35.8487191],[138.5755264,35.8548269],[138.5725555,35.859116],[138.5672498,35.8670818],[138.5628893,35.8715318],[138.5602447,35.8762361],[138.5600863,35.8843256],[138.559995,35.889615],[138.5599073,35.8954263],[138.5614912,35.9006044],[138.5655763,35.9043406],[138.5699021,35.9083093],[138.5736838,35.9114618],[138.5795809,35.9164311],[138.5843493,35.9237347],[138.5842355,35.9295775],[138.584105,35.9346082],[138.58239,35.938806],[138.5804026,35.9473234],[138.5840932,35.9551287],[138.5854551,35.9580157],[138.5868338,35.9608124],[138.5890201,35.9654489],[138.5897689,35.9707524],[138.5910102,35.9792988],[138.5915535,35.9830399],[138.5921629,35.987148],[138.5945454,35.9940432],[138.6010163,36.004605],[138.6052543,36.0095537],[138.609259,36.0143531],[138.6115807,36.0186752],[138.6156806,36.0264343],[138.6167664,36.0301504],[138.617331,36.0374345],[138.6197544,36.0416839],[138.6207794,36.0447532],[138.6200063,36.0488266],[138.6181475,36.0537776],[138.618078,36.0590794],[138.6193375,36.0626675],[138.6206926,36.0662064],[138.622314,36.0743732],[138.6257141,36.0813671]]},"properties":{"name":"tokyo_line_524","loading_pct":61.7,"p_mw":-2082.0,"synthetic":false,"tie":false}},{"type":"Feature","geometry":{"type":"LineString","coordinates":[[138.8118193,35.5851953],[138.8186368,35.5811544],[138.820943,35.5771052],[138.8258188,35.5719351],[138.826781,35.5684251],[138.8295485,35.5656844],[138.8340172,35.5615163],[138.8372858,35.5560823],[138.8402292,35.5511942],[138.8423534,35.5476935],[138.8464189,35.5438216],[138.8498157,35.5403054],[138.8538969,35.5360841]]},"properties":{"name":"tokyo_line_525","loading_pct":32.6,"p_mw":1105.3,"synthetic":false,"tie":false}},{"type":"Feature","geometry":{"type":"LineString","coordinates":[[138.9316626,35.388406],[138.929062,35.3853057],[138.924373,35.3882294],[138.9231291,35.3906161],[138.9214012,35.3939852],[138.9199933,35.3915899],[138.9203648,35.3914324]]},"properties":{"name":"tokyo_line_526","loading_pct":11.3,"p_mw":105.2,"synthetic":false,"tie":false}},{"type":"Feature","geometry":{"type":"LineString","coordinates":[[138.9615232,35.3537792],[138.9590114,35.3510918]]},"properties":{"name":"tokyo_line_527","loading_pct":81.5,"p_mw":272.8,"synthetic":false,"tie":false}},{"type":"Feature","geometry":{"type":"LineString","coordinates":[[138.9104986,35.2990936],[138.9100013,35.2969985]]},"properties":{"name":"tokyo_line_530","loading_pct":81.8,"p_mw":192.8,"synthetic":false,"tie":false}},{"type":"Feature","geometry":{"type":"LineString","coordinates":[[138.9049959,35.2533151],[138.9060675,35.2534548]]},"properties":{"name":"tokyo_line_532","loading_pct":64.9,"p_mw":168.1,"synthetic":false,"tie":false}},{"type":"Feature","geometry":{"type":"LineString","coordinates":[[139.0095487,35.3553438],[139.0079082,35.352886],[139.0054995,35.3503834],[139.0047905,35.3477562],[139.0058808,35.3449086],[139.0065879,35.3416491],[139.006046,35.3384543],[139.0053213,35.3335961],[139.0046943,35.3301694],[139.0048825,35.328236],[139.0035866,35.3263342],[139.0028935,35.3227999],[139.0013406,35.3205044],[138.9982156,35.3167524],[138.9965332,35.3135061],[138.9923009,35.3093435],[138.9903939,35.3043655],[138.9880915,35.3018419],[138.9873448,35.3001322],[138.9854504,35.2980782],[138.9829472,35.295774],[138.9812553,35.2940839],[138.9812656,35.291852],[138.9815076,35.2880847],[138.9797134,35.2852953],[138.9789165,35.2838546],[138.9772201,35.2831722],[138.9750217,35.2824491],[138.9708296,35.2804671],[138.9672276,35.2778253],[138.9655761,35.2743418],[138.9632819,35.2712262],[138.9609142,35.2701194],[138.9582499,35.2686352],[138.9560343,35.2672875],[138.9546468,35.2652679],[138.9503718,35.2576052],[138.9502325,35.2555376],[138.9501197,35.253863],[138.949703,35.2515714],[138.9493878,35.2457522],[138.9591056,35.2348058]]},"properties":{"name":"tokyo_line_533","loading_pct":80.9,"p_mw":417.4,"synthetic":false,"tie":false}},{"type":"Feature","geometry":{"type":"LineString","coordinates":[[139.0095487,35.3553438],[139.0137449,35.3501744],[139.0158483,35.347583],[139.0173719,35.345706],[139.0189402,35.3428131],[139.0211345,35.3386967],[139.0226709,35.3357735],[139.0240675,35.3331745],[139.0252358,35.331042],[139.0277466,35.3282247],[139.0296439,35.3261081],[139.0312024,35.3243659],[139.0323462,35.3230742],[139.0351368,35.3199582],[139.039032,35.3191411],[139.0416636,35.3185824],[139.0468159,35.317481],[139.052518,35.3158251],[139.0543003,35.3136625],[139.0562154,35.3113259],[139.0571514,35.3094732],[139.0580811,35.3076835],[139.0600037,35.304346],[139.0617181,35.3013234],[139.0638978,35.2975841],[139.0662446,35.2967338],[139.069539,35.2955192],[139.0740251,35.2938793],[139.0769528,35.2928212],[139.0794645,35.2920161],[139.086078,35.2898959],[139.091486,35.2903862],[139.0938144,35.290593],[139.0976542,35.2909406],[139.1008103,35.2912259],[139.1050326,35.2918366]]},"properties":{"name":"tokyo_line_534","loading_pct":77.8,"p_mw":202.1,"synthetic":false,"tie":false}},{"type":"Feature","geometry":{"type":"LineString","coordinates":[[138.953233,35.2151156],[138.9541105,35.2110121],[138.9540205,35.2086725],[138.9548813,35.2048905],[138.9566416,35.2011697],[138.9601081,35.1965114],[138.9593763,35.1924839],[138.961763,35.188534],[138.9620791,35.1854301],[138.9645591,35.1828382],[138.9648651,35.1804719],[138.9634519,35.1777626],[138.9631138,35.1755695],[138.9627218,35.1727926],[138.9621579,35.1693803],[138.9614565,35.1669096],[138.9598404,35.1635674],[138.9589636,35.1610543],[138.958661,35.1585018],[138.9584512,35.156309],[138.95645,35.154611],[138.9567045,35.1525053],[138.9563263,35.1505731]]},"properties":{"name":"tokyo_line_535","loading_pct":81.9,"p_mw":328.4,"synthetic":false,"tie":false}},{"type":"Feature","geometry":{"type":"LineString","coordinates":[[139.2971094,35.5857673],[139.2950175,35.584606]]},"properties":{"name":"tokyo_line_537","loading_pct":0.9,"p_mw":2.3,"synthetic":false,"tie":false}},{"type":"Feature","geometry":{"type":"LineString","coordinates":[[139.2804591,35.5962759],[139.2778876,35.5973273],[139.2763728,35.5993967],[139.2753877,35.6008049],[139.2735169,35.6033574],[139.2732394,35.6037459]]},"properties":{"name":"tokyo_line_538","loading_pct":3.9,"p_mw":10.3,"synthetic":false,"tie":false}},{"type":"Feature","geometry":{"type":"LineString","coordinates":[[139.277622,35.5861965],[139.2760174,35.58526]]},"properties":{"name":"tokyo_line_539","loading_pct":19.3,"p_mw":-51.0,"synthetic":false,"tie":false}},{"type":"Feature","geometry":{"type":"LineString","coordinates":[[139.2715491,35.561868],[139.2685935,35.5588916],[139.2661151,35.5560103],[139.2648032,35.5527703],[139.2591839,35.552088],[139.2557641,35.5521179]]},"properties":{"name":"tokyo_line_541","loading_pct":3.9,"p_mw":10.3,"synthetic":false,"tie":false}},{"type":"Feature","geometry":{"type":"LineString","coordinates":[[139.3892027,35.9036853],[139.3884694,35.9004472],[139.3876458,35.8968427],[139.3867954,35.893867]]},"properties":{"name":"tokyo_line_543","loading_pct":71.2,"p_mw":162.4,"synthetic":false,"tie":false}},{"type":"Feature","geometry":{"type":"LineString","coordinates":[[138.6437184,35.1895197],[138.6426917,35.1895405]]},"properties":{"name":"tokyo_line_549","loading_pct":94.3,"p_mw":98.0,"synthetic":false,"tie":false}},{"type":"Feature","geometry":{"type":"LineString","coordinates":[[138.6437184,35.1895197],[138.6429888,35.189752],[138.6426555,35.189764]]},"properties":{"name":"tokyo_line_551","loading_pct":48.8,"p_mw":31.2,"synthetic":false,"tie":false}},{"type":"Feature","geometry":{"type":"LineString","coordinates":[[138.6892986,35.1685108],[138.6891077,35.1674814]]},"properties":{"name":"tokyo_line_552","loading_pct":103.9,"p_mw":269.5,"synthetic":false,"tie":false}},{"type":"Feature","geometry":{"type":"LineString","coordinates":[[138.6995184,35.1876612],[138.7002407,35.1920452],[138.7004166,35.1937625],[138.7004448,35.1940373],[138.7006175,35.195492],[138.7007663,35.1967459],[138.7010185,35.1992234],[138.7013837,35.2024919],[138.7016089,35.2046056],[138.7019756,35.2081738],[138.7024185,35.2122315],[138.7028255,35.2141304],[138.7036727,35.2180327],[138.7046202,35.2224819],[138.7051277,35.2247994],[138.7051743,35.2248938],[138.7067208,35.228024],[138.7083749,35.231362],[138.7099838,35.2346562],[138.7103814,35.2366252],[138.7136051,35.2525972],[138.7137272,35.256903],[138.7138281,35.2595804],[138.7142645,35.2624867]]},"properties":{"name":"tokyo_line_554","loading_pct":99.6,"p_mw":-356.5,"synthetic":false,"tie":false}},{"type":"Feature","geometry":{"type":"LineString","coordinates":[[138.7067718,35.1771607],[138.7104688,35.1766734],[138.7126631,35.1762896],[138.7161341,35.175726],[138.7187858,35.1757777],[138.7231416,35.1758921],[138.7252297,35.1745608],[138.7280828,35.1729138],[138.7304676,35.1721297],[138.7328102,35.1714069],[138.7346628,35.1708407],[138.7374533,35.1699722],[138.7388426,35.1695414],[138.7413164,35.1687743],[138.7445425,35.1673287],[138.7470525,35.1661962],[138.7492876,35.1651862],[138.7535237,35.1637216],[138.7564748,35.1627115],[138.7588025,35.1619139],[138.7626274,35.160618]]},"properties":{"name":"tokyo_line_555","loading_pct":83.4,"p_mw":281.4,"synthetic":false,"tie":false}},{"type":"Feature","geometry":{"type":"LineString","coordinates":[[138.7022257,35.1859546],[138.7044026,35.1875901],[138.7053534,35.191548],[138.7061735,35.1956722],[138.7068557,35.1991026],[138.7072044,35.2006543]]},"properties":{"name":"tokyo_line_556","loading_pct":92.0,"p_mw":-239.1,"synthetic":false,"tie":false}},{"type":"Feature","geometry":{"type":"LineString","coordinates":[[138.7039513,35.1622675],[138.7066537,35.1608422],[138.7085499,35.1605281]]},"properties":{"name":"tokyo_line_557","loading_pct":69.5,"p_mw":-0.1,"synthetic":false,"tie":false}},{"type":"Feature","geometry":{"type":"LineString","coordinates":[[138.7039513,35.1622675],[138.7041168,35.1616982],[138.7012501,35.1617208],[138.7009998,35.1612645],[138.7007784,35.1609777]]},"properties":{"name":"tokyo_line_558","loading_pct":25.4,"p_mw":17.2,"synthetic":false,"tie":false}},{"type":"Feature","geometry":{"type":"LineString","coordinates":[[138.7142645,35.2624867],[138.7174659,35.2616997],[138.7209216,35.260998]]},"properties":{"name":"tokyo_line_559","loading_pct":93.1,"p_mw":-540.7,"synthetic":false,"tie":false}},{"type":"Feature","geometry":{"type":"LineString","coordinates":[[138.5048097,35.0693134],[138.503614,35.07479],[138.503009,35.0775677],[138.5017407,35.0797903],[138.500806,35.08508],[138.4995648,35.0902402],[138.4990065,35.0961527],[138.5003856,35.1012428],[138.4981517,35.1066078],[138.4998775,35.1103789],[138.5007781,35.1131485]]},"properties":{"name":"tokyo_line_561","loading_pct":19.4,"p_mw":-169.9,"synthetic":false,"tie":false}},{"type":"Feature","geometry":{"type":"LineString","coordinates":[[138.4896829,35.0659995],[138.4877403,35.0687116],[138.4884127,35.0732137],[138.4887626,35.0763837],[138.4862074,35.0789588],[138.4802064,35.0795771],[138.4735689,35.080322],[138.4689899,35.0804133],[138.4616024,35.0811186],[138.4566075,35.0810718],[138.4525517,35.0820804],[138.4501297,35.082614],[138.4470485,35.0832825],[138.4413088,35.0812008],[138.4347809,35.0787668],[138.4308566,35.0780971],[138.427762,35.0775516],[138.4246999,35.0776838],[138.4172795,35.0775745],[138.4112702,35.0792953],[138.4086759,35.0800848],[138.4037016,35.0790796],[138.3998852,35.078546],[138.392032,35.0806145],[138.3848218,35.0809016],[138.3819685,35.0811223],[138.3793567,35.0804909]]},"properties":{"name":"tokyo_line_562","loading_pct":0.6,"p_mw":5.2,"synthetic":false,"tie":false}},{"type":"Feature","geometry":{"type":"LineString","coordinates":[[138.5007781,35.1131485],[138.4979918,35.1161539],[138.4967569,35.119421],[138.497283,35.1251599],[138.4972209,35.1282306],[138.4959281,35.1310208],[138.4947287,35.1342643],[138.4929524,35.1397839],[138.489402,35.1448297],[138.4845065,35.1508369],[138.4787406,35.1567387],[138.4749084,35.1629375],[138.4726133,35.1662086],[138.4710746,35.1690598],[138.4687092,35.173159],[138.4663765,35.178166],[138.4634482,35.1834084],[138.4597692,35.1901956],[138.4582961,35.196514],[138.4578704,35.1991511],[138.4586602,35.2039275],[138.460798,35.2065347],[138.4626273,35.2110397],[138.462076,35.2133761]]},"properties":{"name":"tokyo_line_567","loading_pct":0.6,"p_mw":5.2,"synthetic":false,"tie":false}},{"type":"Feature","geometry":{"type":"LineString","coordinates":[[138.6857591,35.1604784],[138.6853011,35.1593541]]},"properties":{"name":"tokyo_line_570","loading_pct":31.4,"p_mw":69.1,"synthetic":false,"tie":false}},{"type":"Feature","geometry":{"type":"LineString","coordinates":[[138.7626274,35.160618],[138.766221,35.1594174],[138.7663453,35.1593758],[138.7690659,35.1584646],[138.7700069,35.1581464],[138.7728419,35.1571878],[138.774704,35.156578],[138.7783167,35.1553665],[138.7790779,35.1551195],[138.7802632,35.1547349],[138.7831245,35.1537848],[138.7838435,35.1535482],[138.7862688,35.1527502],[138.7885175,35.1520234],[138.7917627,35.1510515],[138.7933294,35.1505504],[138.794044,35.1503219],[138.7966739,35.1495296],[138.799005,35.1484883],[138.7995869,35.1482283],[138.803175,35.1473408],[138.8070463,35.146358],[138.8096462,35.1453589],[138.8115872,35.1446456],[138.8139762,35.1437404],[138.8165621,35.1424546]]},"properties":{"name":"tokyo_line_571","loading_pct":99.8,"p_mw":252.9,"synthetic":false,"tie":false}},{"type":"Feature","geometry":{"type":"LineString","coordinates":[[138.8165621,35.1424546],[138.8210478,35.1402197],[138.824904,35.1383601],[138.8290056,35.1363977],[138.8315258,35.135238],[138.8338365,35.1349621],[138.8366154,35.1350585],[138.8397867,35.13427]]},"properties":{"name":"tokyo_line_573","loading_pct":78.4,"p_mw":190.1,"synthetic":false,"tie":false}},{"type":"Feature","geometry":{"type":"LineString","coordinates":[[138.848153,35.138915],[138.848385,35.140793],[138.848486,35.142594],[138.848607,35.145095],[138.848667,35.146969],[138.848509,35.150117],[138.848152,35.152584],[138.847167,35.155393],[138.84471,35.158174],[138.845418,35.158914],[138.845744,35.16094],[138.848272,35.161445],[138.850504,35.161859],[138.852664,35.1623],[138.855034,35.162704],[138.8581884,35.1632745],[138.8600549,35.1636216],[138.86341,35.167204],[138.865399,35.16933],[138.867456,35.169613],[138.869846,35.16993],[138.873151,35.170711],[138.874468,35.171524],[138.876546,35.172869],[138.879273,35.173586],[138.881356,35.17209],[138.883983,35.169837],[138.886834,35.168799],[138.888819,35.167127],[138.891779,35.164659],[138.893295,35.163427],[138.895589,35.161275],[138.897939,35.159195]]},"properties":{"name":"tokyo_line_577","loading_pct":69.7,"p_mw":102.4,"synthetic":false,"tie":false}},{"type":"Feature","geometry":{"type":"LineString","coordinates":[[138.8716285,35.1467993],[138.8692536,35.1491941],[138.8661992,35.1522993],[138.8647139,35.1549391],[138.8629246,35.158741],[138.8617329,35.161088],[138.8602436,35.1633756],[138.863418,35.1668594],[138.8654757,35.1690726],[138.8681912,35.1694814],[138.8702014,35.1697967],[138.8732862,35.1705131],[138.8747807,35.171359],[138.8715753,35.1754746],[138.8687966,35.1778915],[138.8663785,35.18015],[138.8668399,35.1820828],[138.8677428,35.185925],[138.8687963,35.1904331],[138.8692649,35.1924863],[138.8700722,35.1958524],[138.8709207,35.199505],[138.8723767,35.2028733],[138.8748444,35.2086092],[138.8755875,35.2104155],[138.8769724,35.2136223],[138.8784525,35.2170963],[138.8796298,35.2198168],[138.8812631,35.2236398],[138.8839968,35.2246151],[138.8875432,35.2259852],[138.8897392,35.2268106],[138.8921849,35.2271517]]},"properties":{"name":"tokyo_line_581","loading_pct":44.9,"p_mw":-117.8,"synthetic":false,"tie":false}},{"type":"Feature","geometry":{"type":"LineString","coordinates":[[138.7085499,35.1605281],[138.7116717,35.1611295],[138.7160666,35.1607975],[138.7185534,35.1605498]]},"properties":{"name":"tokyo_line_582","loading_pct":25.4,"p_mw":17.2,"synthetic":false,"tie":false}},{"type":"Feature","geometry":{"type":"LineString","coordinates":[[138.7085499,35.1605281],[138.7084517,35.1589728],[138.7085482,35.1573786]]},"properties":{"name":"tokyo_line_583","loading_pct":91.3,"p_mw":-34.5,"synthetic":false,"tie":false}},{"type":"Feature","geometry":{"type":"LineString","coordinates":[[138.6402239,35.1962774],[138.640389,35.1938232],[138.6407446,35.1925995],[138.6421931,35.1907076],[138.6426191,35.189637]]},"properties":{"name":"tokyo_line_584","loading_pct":5.1,"p_mw":-3.2,"synthetic":false,"tie":false}},{"type":"Feature","geometry":{"type":"LineString","coordinates":[[138.6320257,35.1977062],[138.6308214,35.1975922],[138.6280748,35.1983287],[138.626208,35.1988153],[138.6236652,35.1988766],[138.6209455,35.1989424],[138.6178127,35.1982366],[138.6157956,35.1977807],[138.612746,35.1965467],[138.6068719,35.1958278],[138.6048174,35.1955034],[138.6008799,35.1953631]]},"properties":{"name":"tokyo_line_585","loading_pct":77.2,"p_mw":-237.7,"synthetic":false,"tie":false}},{"type":"Feature","geometry":{"type":"LineString","coordinates":[[138.6320257,35.1977062],[138.6326259,35.1964525],[138.6336626,35.1943778],[138.6347677,35.1929465],[138.6365433,35.1915963],[138.639027,35.1903885],[138.6406114,35.1896771],[138.6426917,35.1895405]]},"properties":{"name":"tokyo_line_586","loading_pct":78.0,"p_mw":-43.0,"synthetic":false,"tie":false}},{"type":"Feature","geometry":{"type":"LineString","coordinates":[[138.6320257,35.1977062],[138.6316711,35.1984119],[138.6301503,35.2002081]]},"properties":{"name":"tokyo_line_587","loading_pct":89.2,"p_mw":263.5,"synthetic":false,"tie":false}},{"type":"Feature","geometry":{"type":"LineString","coordinates":[[138.5766882,35.187453],[138.575594,35.1900062]]},"properties":{"name":"tokyo_line_588","loading_pct":67.7,"p_mw":-243.7,"synthetic":false,"tie":false}},{"type":"Feature","geometry":{"type":"LineString","coordinates":[[138.5791691,35.191536],[138.5757503,35.1905857],[138.5733918,35.1900357],[138.5695318,35.1892167],[138.565893,35.1885457]]},"properties":{"name":"tokyo_line_589","loading_pct":66.1,"p_mw":-85.8,"synthetic":false,"tie":false}},{"type":"Feature","geometry":{"type":"LineString","coordinates":[[138.5936397,35.1728337],[138.5969073,35.1682294],[138.5987185,35.1661245],[138.6012009,35.1642223],[138.6028376,35.1628998],[138.6058398,35.1608027],[138.603124,35.1580693],[138.601166,35.1562174],[138.5992885,35.1544466],[138.5979849,35.1532141],[138.5965874,35.151815],[138.5946295,35.1498127],[138.5937879,35.1484957],[138.5927192,35.145265]]},"properties":{"name":"tokyo_line_590","loading_pct":74.5,"p_mw":31.9,"synthetic":false,"tie":false}},{"type":"Feature","geometry":{"type":"LineString","coordinates":[[138.565893,35.1885457],[138.5616862,35.1896808],[138.5600842,35.1910114],[138.5597294,35.1916345],[138.5587434,35.1947264],[138.561869,35.2000489]]},"properties":{"name":"tokyo_line_592","loading_pct":26.0,"p_mw":17.2,"synthetic":false,"tie":false}},{"type":"Feature","geometry":{"type":"LineString","coordinates":[[138.565893,35.1885457],[138.5712081,35.1888289],[138.5734131,35.1895246],[138.575594,35.1900062]]},"properties":{"name":"tokyo_line_593","loading_pct":58.1,"p_mw":37.9,"synthetic":false,"tie":false}},{"type":"Feature","geometry":{"type":"LineString","coordinates":[[139.3675113,35.3466467],[139.3667414,35.3437204]]},"properties":{"name":"tokyo_line_595","loading_pct":53.2,"p_mw":34.4,"synthetic":false,"tie":false}},{"type":"Feature","geometry":{"type":"LineString","coordinates":[[139.3810121,35.3624228],[139.3808296,35.365017]]},"properties":{"name":"tokyo_line_596","loading_pct":57.2,"p_mw":-32.8,"synthetic":false,"tie":false}},{"type":"Feature","geometry":{"type":"LineString","coordinates":[[139.3875123,35.3501241],[139.3885641,35.3502576]]},"properties":{"name":"tokyo_line_597","loading_pct":93.8,"p_mw":-254.6,"synthetic":false,"tie":false}},{"type":"Feature","geometry":{"type":"LineString","coordinates":[[139.3781425,35.3475622],[139.3794655,35.3395387]]},"properties":{"name":"tokyo_line_598","loading_pct":26.6,"p_mw":17.2,"synthetic":false,"tie":false}},{"type":"Feature","geometry":{"type":"LineString","coordinates":[[137.9356312,36.1268413],[137.9377129,36.126006],[137.9399108,36.1251211],[137.9421242,36.1242207],[137.9438899,36.1235114],[137.9459685,36.1226819],[137.9479065,36.1218995],[137.948992,36.1214464],[137.9511137,36.1206051],[137.9533698,36.1196923],[137.955564,36.1188036],[137.9578667,36.1178679],[137.9610266,36.1160766],[137.9628782,36.1150651],[137.9649006,36.1139368],[137.9669298,36.1127924],[137.9687209,36.1117917],[137.9705753,36.110752],[137.97208,36.1099099],[137.9738,36.1089339],[137.9753145,36.1080922],[137.9773595,36.1076443],[137.9792073,36.1072372],[137.9810098,36.1068558],[137.9824676,36.1065481],[137.9842633,36.1061493],[137.9860331,36.1057556],[137.9890317,36.1051072],[137.9917869,36.1045002],[137.993989,36.1040213],[137.9965889,36.1034522],[137.9987004,36.1029911],[138.0010004,36.1024934],[138.0028947,36.1020653],[138.0037093,36.1018932],[138.0068978,36.1011876],[138.0088271,36.1007716],[138.0105881,36.1003909],[138.0134806,36.0997628],[138.0154005,36.0993314],[138.0176925,36.0988254],[138.0194842,36.0984374],[138.0215111,36.0979944],[138.0234619,36.0975813],[138.0252881,36.0971663],[138.0278353,36.0966234],[138.0296913,36.0962203],[138.031929,36.0957295],[138.0332452,36.0954509],[138.0352723,36.0950003],[138.0370392,36.0946154],[138.038434,36.0943054],[138.0401472,36.0940036],[138.0414179,36.0937847],[138.0436581,36.0933954],[138.045962,36.0929821],[138.0481803,36.0926043],[138.0515948,36.0919952],[138.0548011,36.0914322],[138.0571103,36.0910128],[138.0602993,36.090455],[138.063831,36.0898625],[138.0676236,36.0891992],[138.070397,36.0885273],[138.0716075,36.0882789],[138.073389,36.0878525],[138.0771182,36.0869676],[138.0791077,36.0865197],[138.0811019,36.0860543],[138.0845947,36.0852415],[138.0856229,36.085002],[138.0870296,36.0839884],[138.0890624,36.0825679],[138.0907845,36.0813562],[138.0929702,36.0798162],[138.0950455,36.0783541],[138.0959791,36.07769],[138.0990629,36.0755256],[138.1008383,36.074228],[138.1021955,36.07327],[138.1057397,36.0708363],[138.1080358,36.0682877],[138.1104962,36.0657419],[138.1114221,36.0644402],[138.1123823,36.0638024],[138.1142555,36.061837],[138.1153556,36.0606916],[138.1179442,36.0575653],[138.1193429,36.0555412],[138.1209419,36.0532445],[138.121711,36.0521628],[138.1229288,36.050328],[138.1242181,36.0490503],[138.1253281,36.0479265],[138.1269493,36.0463027],[138.1282458,36.0426021],[138.1299127,36.037946],[138.1305069,36.0360851],[138.1307542,36.0353519],[138.1312957,36.0337757],[138.1317387,36.0325028],[138.1341737,36.0293824],[138.1365236,36.0263982],[138.1375959,36.0249572],[138.1384473,36.0232783],[138.1397986,36.0206666],[138.1410321,36.0183249],[138.142137,36.0162792],[138.1427183,36.0151828],[138.1434868,36.0136884],[138.1448082,36.0111905],[138.1456448,36.0096112],[138.1464246,36.0081214],[138.1472852,36.0065627],[138.1487076,36.0054444],[138.1497624,36.0046563],[138.1505302,36.0040744],[138.1522376,36.0027731],[138.1544611,36.0012903],[138.1561694,36.0001533],[138.1579308,35.999004],[138.159016,35.9982507],[138.160144,35.9975011],[138.1615678,35.9965327],[138.1626917,35.9951603],[138.1658086,35.992528],[138.1671745,35.991603],[138.169213,35.99013],[138.171163,35.9888629],[138.1739491,35.9870617],[138.1754799,35.9860677],[138.1773624,35.9848393],[138.1793733,35.9835366],[138.1817109,35.9820171],[138.1825374,35.9804547],[138.1830875,35.9794338],[138.1840061,35.9777453],[138.1850976,35.9757451],[138.1858757,35.974302],[138.1869113,35.9723791],[138.188745,35.9708753],[138.1905114,35.9694382],[138.1918175,35.9683645],[138.1939169,35.9666532],[138.1957357,35.9651615],[138.1971428,35.9640332],[138.198517,35.9629594],[138.1998503,35.9618095],[138.2023118,35.9597959],[138.2037236,35.9586611],[138.2045488,35.9579916],[138.2065022,35.9563801],[138.2083341,35.9549018],[138.2100649,35.9534371],[138.2117746,35.9523327],[138.2135397,35.9512123],[138.2154555,35.9499977],[138.2174349,35.9487359],[138.2191748,35.9476423],[138.2211568,35.9463487],[138.2231706,35.9450933],[138.2247398,35.9441057],[138.227169,35.9425268],[138.2305611,35.9403747],[138.2342632,35.9379569],[138.2362081,35.9367014],[138.2378541,35.9356451],[138.2395503,35.9345781],[138.2418155,35.9333975],[138.2449274,35.9318013],[138.2472534,35.9305692],[138.2499059,35.9291967],[138.2522196,35.9280223],[138.2538655,35.9270044],[138.2578746,35.9245509],[138.259629,35.9234644],[138.2618095,35.922138],[138.2634686,35.9211779],[138.2652151,35.9200464],[138.2687637,35.9177898],[138.2706068,35.9165104],[138.2722858,35.9147836],[138.2740006,35.9130712],[138.2754904,35.9115773],[138.2768056,35.9102764],[138.2781895,35.9088897],[138.2798566,35.9072141],[138.281159,35.9059132],[138.2828393,35.9042369],[138.2845196,35.9025288],[138.2858032,35.9012859],[138.2869783,35.9000885],[138.2886829,35.8983591],[138.2901948,35.8968373],[138.291877,35.8951593],[138.2930521,35.893792],[138.2943675,35.8921943],[138.2956642,35.8907012],[138.2970545,35.8890519],[138.2988059,35.886972],[138.3005217,35.8849254],[138.3021309,35.8830455],[138.3033229,35.8816159],[138.3050181,35.8795707],[138.3064215,35.8780091],[138.3084012,35.8765278],[138.3103228,35.8751921],[138.311766,35.8741906],[138.3121079,35.8739533],[138.313809,35.8727635],[138.3151036,35.8718867],[138.317159,35.8711271],[138.3193194,35.8703416],[138.3213801,35.8695869],[138.3235775,35.8687473],[138.3262849,35.8677791],[138.3285657,35.8669102],[138.3304296,35.8662191],[138.3326216,35.8654116],[138.3349336,35.8645703],[138.3372541,35.8637164],[138.3396826,35.8628216],[138.3412389,35.862256],[138.3436874,35.8613307],[138.3462871,35.8603875],[138.3487419,35.8594889],[138.3523888,35.8585472],[138.3547759,35.8579433],[138.3573088,35.8572891],[138.359864,35.8566438],[138.361391,35.8562472],[138.3631777,35.8545092],[138.3648232,35.8529135],[138.366816,35.8509678],[138.3678997,35.8499025],[138.3697584,35.8485219],[138.3719122,35.8470153],[138.3736396,35.8457281],[138.3759516,35.8441627],[138.3777943,35.8427625],[138.3793902,35.8416101],[138.3812758,35.8402446],[138.3830179,35.8389911],[138.3850256,35.8375332],[138.386482,35.8365025],[138.3885795,35.8349869],[138.3896711,35.8341889],[138.3901888,35.8324971],[138.3908728,35.8302551],[138.3914441,35.8283458],[138.3919108,35.8268648],[138.392922,35.8238615],[138.3932572,35.8224207],[138.3939225,35.8202338],[138.3946305,35.8180002],[138.3955398,35.8160949],[138.3964946,35.8142462],[138.3973798,35.8124234],[138.3982435,35.8107812],[138.3992212,35.8087453],[138.400172,35.8068615],[138.4009713,35.805254],[138.4018913,35.8034245],[138.4028221,35.8014928],[138.4034631,35.8001854],[138.4042972,35.7984559],[138.4052602,35.7965936],[138.4059736,35.7951425],[138.4066576,35.7938154],[138.4085753,35.7923229],[138.4110618,35.7899971],[138.4135125,35.7884502]]},"properties":{"name":"tokyo_line_599","loading_pct":4.1,"p_mw":-10.3,"synthetic":false,"tie":false}},{"type":"Feature","geometry":{"type":"LineString","coordinates":[[138.4135125,35.7884502],[138.411811,35.7874194],[138.4071466,35.7854045],[138.4045154,35.7849346],[138.4010392,35.7843363],[138.3988238,35.7851522]]},"properties":{"name":"tokyo_line_600","loading_pct":12.5,"p_mw":33.2,"synthetic":false,"tie":false}},{"type":"Feature","geometry":{"type":"LineString","coordinates":[[138.4135125,35.7884502],[138.4158634,35.7866497],[138.4186958,35.7848308]]},"properties":{"name":"tokyo_line_601","loading_pct":20.3,"p_mw":-53.8,"synthetic":false,"tie":false}},{"type":"Feature","geometry":{"type":"LineString","coordinates":[[139.2516189,35.3836959],[139.2523156,35.3838661],[139.2555448,35.3836084],[139.25979,35.3830175],[139.2624805,35.3825399]]},"properties":{"name":"tokyo_line_602","loading_pct":34.5,"p_mw":23.3,"synthetic":false,"tie":false}},{"type":"Feature","geometry":{"type":"LineString","coordinates":[[139.0535067,35.3769898],[139.0545886,35.3745666],[139.0553417,35.3724716],[139.0573882,35.3694988]]},"properties":{"name":"tokyo_line_603","loading_pct":72.4,"p_mw":468.8,"synthetic":false,"tie":false}},{"type":"Feature","geometry":{"type":"LineString","coordinates":[[139.0535067,35.3769898],[139.0592317,35.3772943],[139.0624189,35.3773856],[139.0669098,35.3775163],[139.0693539,35.3775932],[139.0775985,35.3778342],[139.0789959,35.3778732],[139.0851539,35.378058],[139.0869688,35.3781022],[139.0899634,35.3781819],[139.0947673,35.3783224]]},"properties":{"name":"tokyo_line_604","loading_pct":37.4,"p_mw":56.9,"synthetic":false,"tie":false}},{"type":"Feature","geometry":{"type":"LineString","coordinates":[[139.4482742,35.8478838],[139.4511643,35.8473469]]},"properties":{"name":"tokyo_line_605","loading_pct":30.3,"p_mw":-287.9,"synthetic":false,"tie":false}},{"type":"Feature","geometry":{"type":"LineString","coordinates":[[139.4326379,35.8458054],[139.4310278,35.8476855],[139.4294482,35.8495055],[139.4295106,35.8514284],[139.429583,35.8533893],[139.4296468,35.855587]]},"properties":{"name":"tokyo_line_607","loading_pct":8.1,"p_mw":-77.5,"synthetic":false,"tie":false}},{"type":"Feature","geometry":{"type":"LineString","coordinates":[[139.4513809,35.8104779],[139.4507891,35.8090011]]},"properties":{"name":"tokyo_line_608","loading_pct":67.8,"p_mw":152.4,"synthetic":false,"tie":false}},{"type":"Feature","geometry":{"type":"LineString","coordinates":[[139.4536825,35.8571391],[139.4559674,35.8604728],[139.4583484,35.8639301],[139.459818,35.8660831],[139.4617553,35.868909],[139.4614073,35.8717475],[139.4609841,35.8750729],[139.4605784,35.8783325],[139.4608806,35.8817889]]},"properties":{"name":"tokyo_line_610","loading_pct":33.3,"p_mw":-316.2,"synthetic":false,"tie":false}},{"type":"Feature","geometry":{"type":"LineString","coordinates":[[139.4622521,35.8605788],[139.4597757,35.8628777],[139.458024,35.8645295],[139.4566094,35.8658551],[139.4552997,35.8673148],[139.4529391,35.8697654],[139.4503947,35.8724047],[139.4489761,35.8750371]]},"properties":{"name":"tokyo_line_613","loading_pct":5.2,"p_mw":-12.4,"synthetic":false,"tie":false}},{"type":"Feature","geometry":{"type":"LineString","coordinates":[[139.4844936,35.8952069],[139.4853166,35.8967646]]},"properties":{"name":"tokyo_line_615","loading_pct":59.4,"p_mw":-250.7,"synthetic":false,"tie":false}},{"type":"Feature","geometry":{"type":"LineString","coordinates":[[139.4078765,35.8892971],[139.4109601,35.889294],[139.4137182,35.8893123],[139.4176261,35.889321],[139.4220536,35.8893355],[139.4251066,35.8893486]]},"properties":{"name":"tokyo_line_619","loading_pct":6.2,"p_mw":15.5,"synthetic":false,"tie":false}},{"type":"Feature","geometry":{"type":"LineString","coordinates":[[139.507565,35.8526691],[139.509511,35.8496586]]},"properties":{"name":"tokyo_line_621","loading_pct":20.8,"p_mw":-51.0,"synthetic":false,"tie":false}},{"type":"Feature","geometry":{"type":"LineString","coordinates":[[139.4970233,35.8687993],[139.494951,35.8719367]]},"properties":{"name":"tokyo_line_622","loading_pct":13.4,"p_mw":35.7,"synthetic":false,"tie":false}},{"type":"Feature","geometry":{"type":"LineString","coordinates":[[139.5591815,35.8328763],[139.5605512,35.8319768]]},"properties":{"name":"tokyo_line_625","loading_pct":26.3,"p_mw":-17.3,"synthetic":false,"tie":false}},{"type":"Feature","geometry":{"type":"LineString","coordinates":[[139.5804369,35.842015],[139.5838938,35.8418989]]},"properties":{"name":"tokyo_line_626","loading_pct":30.5,"p_mw":-81.1,"synthetic":false,"tie":false}},{"type":"Feature","geometry":{"type":"LineString","coordinates":[[139.5964315,35.8343547],[139.5986724,35.8319012]]},"properties":{"name":"tokyo_line_627","loading_pct":34.4,"p_mw":-91.4,"synthetic":false,"tie":false}},{"type":"Feature","geometry":{"type":"LineString","coordinates":[[139.5897616,35.8251158],[139.5863968,35.8239353]]},"properties":{"name":"tokyo_line_628","loading_pct":63.4,"p_mw":423.6,"synthetic":false,"tie":false}},{"type":"Feature","geometry":{"type":"LineString","coordinates":[[139.6039815,35.8209368],[139.6044995,35.8181634],[139.6051644,35.8166913],[139.6064349,35.8138549],[139.607243,35.8120446],[139.6101237,35.8108818],[139.6135711,35.8095019],[139.6154893,35.8087402],[139.6177788,35.8078292],[139.6183008,35.8092182],[139.6206989,35.8079014],[139.6232242,35.8067133]]},"properties":{"name":"tokyo_line_630","loading_pct":60.8,"p_mw":-72.5,"synthetic":false,"tie":false}},{"type":"Feature","geometry":{"type":"LineString","coordinates":[[139.3587243,35.3358699],[139.3610364,35.3348175]]},"properties":{"name":"tokyo_line_631","loading_pct":26.6,"p_mw":17.2,"synthetic":false,"tie":false}},{"type":"Feature","geometry":{"type":"LineString","coordinates":[[139.3455238,35.4424861],[139.3457646,35.4427185],[139.3454544,35.4427031],[139.3453802,35.442595]]},"properties":{"name":"tokyo_line_633","loading_pct":25.4,"p_mw":17.2,"synthetic":false,"tie":false}},{"type":"Feature","geometry":{"type":"LineString","coordinates":[[139.3455238,35.4424861],[139.3437626,35.443715],[139.3430288,35.445044]]},"properties":{"name":"tokyo_line_634","loading_pct":80.3,"p_mw":-78.8,"synthetic":false,"tie":false}},{"type":"Feature","geometry":{"type":"LineString","coordinates":[[139.3430288,35.445044],[139.342724,35.4452181]]},"properties":{"name":"tokyo_line_635","loading_pct":25.4,"p_mw":17.2,"synthetic":false,"tie":false}},{"type":"Feature","geometry":{"type":"LineString","coordinates":[[139.3430288,35.445044],[139.3441705,35.4467435],[139.3450235,35.4493349],[139.3422575,35.450235],[139.3399165,35.4510545]]},"properties":{"name":"tokyo_line_636","loading_pct":80.5,"p_mw":-113.2,"synthetic":false,"tie":false}},{"type":"Feature","geometry":{"type":"LineString","coordinates":[[139.3144635,35.4518848],[139.3121558,35.450936],[139.3092658,35.4510389],[139.3067972,35.449228],[139.3043008,35.4487347],[139.3027957,35.4479986],[139.3005274,35.4457641],[139.2995625,35.4447493],[139.3014694,35.4438025],[139.3016536,35.44303],[139.3005694,35.4418483],[139.2987475,35.4399175],[139.2970522,35.4383593],[139.2954427,35.4384368],[139.2949638,35.4392103],[139.2929834,35.4383767],[139.2915897,35.438282],[139.2899149,35.4387269]]},"properties":{"name":"tokyo_line_637","loading_pct":25.3,"p_mw":17.2,"synthetic":false,"tie":false}},{"type":"Feature","geometry":{"type":"LineString","coordinates":[[139.7042142,35.2157362],[139.7022204,35.2162227]]},"properties":{"name":"tokyo_line_638","loading_pct":48.7,"p_mw":464.1,"synthetic":false,"tie":false}},{"type":"Feature","geometry":{"type":"LineString","coordinates":[[139.6634228,35.2400536],[139.665557,35.2398464]]},"properties":{"name":"tokyo_line_641","loading_pct":8.6,"p_mw":17.9,"synthetic":false,"tie":false}},{"type":"Feature","geometry":{"type":"LineString","coordinates":[[139.6513641,35.2345948],[139.6486273,35.2371019],[139.6444974,35.2410897],[139.6410206,35.2447218],[139.6370865,35.2486635],[139.6350213,35.2515095],[139.6327117,35.2546492]]},"properties":{"name":"tokyo_line_642","loading_pct":35.7,"p_mw":81.7,"synthetic":false,"tie":false}},{"type":"Feature","geometry":{"type":"LineString","coordinates":[[139.6600995,35.2401479],[139.6582421,35.2405993],[139.6561821,35.2416837],[139.6534556,35.2431108],[139.6496536,35.2451109],[139.6478883,35.2460552]]},"properties":{"name":"tokyo_line_643","loading_pct":79.1,"p_mw":111.6,"synthetic":false,"tie":false}},{"type":"Feature","geometry":{"type":"LineString","coordinates":[[139.622987,35.2751371],[139.6223985,35.2794305]]},"properties":{"name":"tokyo_line_644","loading_pct":8.6,"p_mw":16.5,"synthetic":false,"tie":false}},{"type":"Feature","geometry":{"type":"LineString","coordinates":[[139.6431603,35.258929],[139.6453092,35.2574751]]},"properties":{"name":"tokyo_line_645","loading_pct":79.5,"p_mw":-146.6,"synthetic":false,"tie":false}},{"type":"Feature","geometry":{"type":"LineString","coordinates":[[139.6392129,35.2738656],[139.6394525,35.275104]]},"properties":{"name":"tokyo_line_646","loading_pct":83.5,"p_mw":56.5,"synthetic":false,"tie":false}},{"type":"Feature","geometry":{"type":"LineString","coordinates":[[139.634099,35.2528648],[139.6345041,35.2512622],[139.6347516,35.2486328],[139.6341655,35.2463703],[139.6332777,35.2443658],[139.6329558,35.2426693],[139.6326787,35.2412968],[139.6331542,35.2395175],[139.6339185,35.2373629],[139.635363,35.2350169]]},"properties":{"name":"tokyo_line_647","loading_pct":83.5,"p_mw":162.9,"synthetic":false,"tie":false}},{"type":"Feature","geometry":{"type":"LineString","coordinates":[[139.6398832,35.2540902],[139.6429307,35.2511738],[139.6453863,35.2489621],[139.6464563,35.2483489],[139.6478883,35.2460552]]},"properties":{"name":"tokyo_line_648","loading_pct":50.8,"p_mw":-25.1,"synthetic":false,"tie":false}},{"type":"Feature","geometry":{"type":"LineString","coordinates":[[139.6171967,35.2948458],[139.616518,35.296842]]},"properties":{"name":"tokyo_line_649","loading_pct":27.6,"p_mw":-43.7,"synthetic":false,"tie":false}},{"type":"Feature","geometry":{"type":"LineString","coordinates":[[139.6324411,35.2870459],[139.6347706,35.2871384]]},"properties":{"name":"tokyo_line_650","loading_pct":32.0,"p_mw":12.3,"synthetic":false,"tie":false}},{"type":"Feature","geometry":{"type":"LineString","coordinates":[[139.6237679,35.2940035],[139.6257273,35.2952757]]},"properties":{"name":"tokyo_line_651","loading_pct":25.3,"p_mw":17.2,"synthetic":false,"tie":false}},{"type":"Feature","geometry":{"type":"LineString","coordinates":[[139.6136378,35.2929066],[139.6101915,35.2920128],[139.6085031,35.2919645],[139.6061803,35.2918299],[139.6042075,35.2938029]]},"properties":{"name":"tokyo_line_652","loading_pct":25.3,"p_mw":17.2,"synthetic":false,"tie":false}},{"type":"Feature","geometry":{"type":"LineString","coordinates":[[139.628338,35.3081431],[139.6300527,35.3070627]]},"properties":{"name":"tokyo_line_654","loading_pct":68.9,"p_mw":-37.8,"synthetic":false,"tie":false}},{"type":"Feature","geometry":{"type":"LineString","coordinates":[[139.5979576,35.3260343],[139.6022302,35.3236827]]},"properties":{"name":"tokyo_line_657","loading_pct":10.1,"p_mw":-22.2,"synthetic":false,"tie":false}},{"type":"Feature","geometry":{"type":"LineString","coordinates":[[139.5852054,35.3264105],[139.5817393,35.3269412]]},"properties":{"name":"tokyo_line_658","loading_pct":22.5,"p_mw":-42.6,"synthetic":false,"tie":false}},{"type":"Feature","geometry":{"type":"LineString","coordinates":[[139.582872,35.3165137],[139.5808812,35.3166583],[139.5798852,35.3158319],[139.5786016,35.3146526]]},"properties":{"name":"tokyo_line_659","loading_pct":52.6,"p_mw":34.4,"synthetic":false,"tie":false}},{"type":"Feature","geometry":{"type":"LineString","coordinates":[[139.6086463,35.3323526],[139.6108999,35.332651]]},"properties":{"name":"tokyo_line_660","loading_pct":95.7,"p_mw":-54.9,"synthetic":false,"tie":false}},{"type":"Feature","geometry":{"type":"LineString","coordinates":[[139.5710197,35.3318783],[139.570966,35.3317014]]},"properties":{"name":"tokyo_line_661","loading_pct":76.2,"p_mw":154.4,"synthetic":false,"tie":false}},{"type":"Feature","geometry":{"type":"LineString","coordinates":[[139.5784194,35.3401803],[139.5807014,35.3429574],[139.5831365,35.3428452],[139.5861956,35.3445664],[139.5890995,35.3449441],[139.5917681,35.3458531],[139.5951259,35.3479141]]},"properties":{"name":"tokyo_line_663","loading_pct":67.5,"p_mw":-43.0,"synthetic":false,"tie":false}},{"type":"Feature","geometry":{"type":"LineString","coordinates":[[139.6828208,35.238807],[139.6851501,35.2404033]]},"properties":{"name":"tokyo_line_668","loading_pct":80.7,"p_mw":68.8,"synthetic":false,"tie":false}},{"type":"Feature","geometry":{"type":"LineString","coordinates":[[139.6671883,35.2433525],[139.6633889,35.2450905],[139.6590485,35.2468526]]},"properties":{"name":"tokyo_line_669","loading_pct":80.7,"p_mw":160.9,"synthetic":false,"tie":false}},{"type":"Feature","geometry":{"type":"LineString","coordinates":[[139.5249318,35.3369549],[139.5252813,35.3341574]]},"properties":{"name":"tokyo_line_671","loading_pct":84.5,"p_mw":68.9,"synthetic":false,"tie":false}},{"type":"Feature","geometry":{"type":"LineString","coordinates":[[139.3281439,35.3495561],[139.327991,35.3498186],[139.32583,35.3489858],[139.3234849,35.348134]]},"properties":{"name":"tokyo_line_672","loading_pct":52.7,"p_mw":24.0,"synthetic":false,"tie":false}},{"type":"Feature","geometry":{"type":"LineString","coordinates":[[139.3281439,35.3495561],[139.3265426,35.3479656],[139.3275646,35.3464538],[139.3285886,35.3445991],[139.3294635,35.3433058],[139.3304237,35.3418115]]},"properties":{"name":"tokyo_line_673","loading_pct":51.4,"p_mw":34.4,"synthetic":false,"tie":false}},{"type":"Feature","geometry":{"type":"LineString","coordinates":[[139.3234849,35.348134],[139.3232408,35.3473902],[139.3222055,35.3462832],[139.3208499,35.3449178],[139.3194863,35.3434979],[139.3179754,35.3419246],[139.3167294,35.3406289],[139.3150252,35.3391354],[139.3139577,35.3379457],[139.3127665,35.3364873],[139.3118528,35.3353824],[139.3097082,35.3342345],[139.3088919,35.3336441],[139.306089,35.3322765],[139.3040432,35.3312106],[139.3011419,35.3296989],[139.3001197,35.329152],[139.2986193,35.3284308],[139.2970259,35.3275332],[139.294489,35.3261936],[139.2930068,35.3253913],[139.2900663,35.3238248],[139.2886373,35.3230738],[139.2864671,35.3219334],[139.2827916,35.3198751]]},"properties":{"name":"tokyo_line_674","loading_pct":46.0,"p_mw":85.2,"synthetic":false,"tie":false}},{"type":"Feature","geometry":{"type":"LineString","coordinates":[[139.4530911,35.3850865],[139.4537633,35.3835399],[139.4515833,35.3827411],[139.4491475,35.3821309],[139.4495612,35.3812699]]},"properties":{"name":"tokyo_line_675","loading_pct":42.6,"p_mw":129.5,"synthetic":false,"tie":false}},{"type":"Feature","geometry":{"type":"LineString","coordinates":[[139.4386811,35.3886833],[139.4364293,35.3876831],[139.4336462,35.3864469],[139.4303034,35.3849823],[139.4280133,35.383975],[139.4254537,35.3828391],[139.4217165,35.3830995],[139.4188298,35.3832815],[139.4161817,35.3834604],[139.4139246,35.3823963],[139.4116862,35.3813485],[139.4090959,35.3801027],[139.4073215,35.3793087],[139.4049039,35.3781704]]},"properties":{"name":"tokyo_line_676","loading_pct":75.3,"p_mw":178.6,"synthetic":false,"tie":false}},{"type":"Feature","geometry":{"type":"LineString","coordinates":[[139.4627829,35.4041957],[139.4641639,35.4059046],[139.4650585,35.4070393],[139.4668516,35.4092007],[139.4677376,35.4102586],[139.4677786,35.4103075],[139.4687451,35.4114615],[139.4690389,35.4118316],[139.4693728,35.4121791]]},"properties":{"name":"tokyo_line_677","loading_pct":59.9,"p_mw":-342.2,"synthetic":false,"tie":false}},{"type":"Feature","geometry":{"type":"LineString","coordinates":[[139.4368951,35.3565441],[139.437496,35.353965]]},"properties":{"name":"tokyo_line_678","loading_pct":52.9,"p_mw":34.4,"synthetic":false,"tie":false}},{"type":"Feature","geometry":{"type":"LineString","coordinates":[[139.4458393,35.366336],[139.4486397,35.3677399]]},"properties":{"name":"tokyo_line_679","loading_pct":91.3,"p_mw":-530.9,"synthetic":false,"tie":false}},{"type":"Feature","geometry":{"type":"LineString","coordinates":[[139.427088,35.3581722],[139.4227111,35.3570237],[139.4194705,35.3551308],[139.4165917,35.3544372],[139.4115151,35.35437]]},"properties":{"name":"tokyo_line_680","loading_pct":91.1,"p_mw":310.9,"synthetic":false,"tie":false}},{"type":"Feature","geometry":{"type":"LineString","coordinates":[[139.4247733,35.3695839],[139.4200763,35.3694922],[139.4175811,35.3692769],[139.415809,35.3691769],[139.4150451,35.3691334],[139.4120659,35.3689672],[139.409367,35.3687918],[139.4061075,35.3686722],[139.4021765,35.3680529],[139.3986825,35.36766],[139.3952321,35.3672823],[139.389848,35.3666902]]},"properties":{"name":"tokyo_line_681","loading_pct":95.5,"p_mw":168.5,"synthetic":false,"tie":false}},{"type":"Feature","geometry":{"type":"LineString","coordinates":[[139.4047825,35.3463736],[139.4056945,35.3445081]]},"properties":{"name":"tokyo_line_682","loading_pct":53.2,"p_mw":34.4,"synthetic":false,"tie":false}},{"type":"Feature","geometry":{"type":"LineString","coordinates":[[139.4569778,35.3580782],[139.457337,35.3568086]]},"properties":{"name":"tokyo_line_683","loading_pct":26.4,"p_mw":17.2,"synthetic":false,"tie":false}},{"type":"Feature","geometry":{"type":"LineString","coordinates":[[139.4632758,35.3689222],[139.4659227,35.3697199]]},"properties":{"name":"tokyo_line_684","loading_pct":87.1,"p_mw":-471.7,"synthetic":false,"tie":false}},{"type":"Feature","geometry":{"type":"LineString","coordinates":[[139.4489864,35.3793267],[139.448385,35.3805804],[139.4495612,35.3812699]]},"properties":{"name":"tokyo_line_685","loading_pct":36.7,"p_mw":-94.6,"synthetic":false,"tie":false}},{"type":"Feature","geometry":{"type":"LineString","coordinates":[[139.4495612,35.3812699],[139.4488084,35.3810094]]},"properties":{"name":"tokyo_line_686","loading_pct":26.4,"p_mw":17.2,"synthetic":false,"tie":false}},{"type":"Feature","geometry":{"type":"LineString","coordinates":[[139.4049039,35.3781704],[139.402273,35.3769367],[139.4002981,35.3759976],[139.3947901,35.3744182],[139.3909037,35.3731899]]},"properties":{"name":"tokyo_line_687","loading_pct":72.6,"p_mw":106.4,"synthetic":false,"tie":false}},{"type":"Feature","geometry":{"type":"LineString","coordinates":[[139.4049039,35.3781704],[139.4031839,35.3792081],[139.4022727,35.3795789],[139.4015774,35.379897],[139.3998522,35.3807192],[139.3984421,35.3819474],[139.3971118,35.3832273],[139.3960987,35.3841673],[139.3944728,35.3864048],[139.393159,35.3881337],[139.3915979,35.390277],[139.3905246,35.391725],[139.3886353,35.3916485],[139.3877152,35.3916142]]},"properties":{"name":"tokyo_line_688","loading_pct":80.2,"p_mw":51.8,"synthetic":false,"tie":false}},{"type":"Feature","geometry":{"type":"LineString","coordinates":[[139.4175981,35.3397107],[139.4194938,35.3391915],[139.4208668,35.338255],[139.4219394,35.3374937],[139.4223887,35.3375268],[139.4223542,35.3374434]]},"properties":{"name":"tokyo_line_689","loading_pct":26.6,"p_mw":17.2,"synthetic":false,"tie":false}},{"type":"Feature","geometry":{"type":"LineString","coordinates":[[139.4769782,35.3767645],[139.4740305,35.3745224]]},"properties":{"name":"tokyo_line_690","loading_pct":86.9,"p_mw":493.3,"synthetic":false,"tie":false}},{"type":"Feature","geometry":{"type":"LineString","coordinates":[[139.4963646,35.3748884],[139.4983358,35.3741338],[139.5002614,35.3735127],[139.5022325,35.372965],[139.5038281,35.3724444],[139.5058682,35.3713692],[139.506963,35.3707945],[139.5069339,35.3693134],[139.5066182,35.3675282],[139.5058619,35.3673898]]},"properties":{"name":"tokyo_line_691","loading_pct":79.1,"p_mw":51.7,"synthetic":false,"tie":false}},{"type":"Feature","geometry":{"type":"LineString","coordinates":[[139.4888267,35.3699387],[139.4880595,35.367949],[139.4873431,35.3659638],[139.4867521,35.3643046],[139.4861514,35.3626464],[139.4867654,35.3615346]]},"properties":{"name":"tokyo_line_692","loading_pct":26.3,"p_mw":17.2,"synthetic":false,"tie":false}},{"type":"Feature","geometry":{"type":"LineString","coordinates":[[138.7888235,36.6177852],[138.7830144,36.6148354],[138.7787149,36.6103646],[138.7754446,36.6067229],[138.7713439,36.6021377],[138.7700307,36.5986169],[138.76887,36.5913149],[138.7679936,36.5861354],[138.766478,36.5829811],[138.7637723,36.5772991],[138.7614619,36.5724225],[138.7591338,36.5671729],[138.7569526,36.5622742],[138.7554861,36.5559206],[138.7519355,36.5524566],[138.7481901,36.5451663],[138.7466808,36.5402351],[138.7455983,36.5355027],[138.7443947,36.5301569],[138.7432001,36.5247801],[138.7396533,36.5184974],[138.7378001,36.511573],[138.7369062,36.5037364],[138.7363119,36.4986153],[138.7356843,36.4931039],[138.7329918,36.4873613],[138.7312115,36.4834794],[138.7288596,36.4785816],[138.7252175,36.4707248],[138.7242209,36.4651882],[138.7229994,36.4564503],[138.72026,36.4495762],[138.7183034,36.4445621],[138.7161171,36.4389461],[138.7140327,36.4337437],[138.7119003,36.4284401],[138.7103045,36.42304],[138.7075827,36.4150397],[138.706378,36.408593],[138.7048378,36.4004077],[138.7040315,36.3960932],[138.7044004,36.3917942],[138.704854,36.3870581],[138.7053994,36.3811383],[138.7057825,36.377078],[138.7074296,36.3722568],[138.7086418,36.3685876],[138.7100201,36.3646045],[138.7120329,36.3577625],[138.7122498,36.3518851],[138.7106271,36.3470269],[138.7079546,36.3421913],[138.7045653,36.3361937],[138.6958533,36.3316747],[138.6903926,36.3285542],[138.6877875,36.3221211],[138.6875031,36.3169299],[138.6880279,36.3134543],[138.6894668,36.3070866],[138.6871882,36.3026068],[138.6878996,36.299628],[138.6868974,36.2919536],[138.6861363,36.2854442],[138.6867311,36.2830706],[138.6868092,36.2769488],[138.6863113,36.2701608],[138.6836803,36.2630827],[138.6819189,36.2584652],[138.6823554,36.2500575],[138.6814096,36.2455306],[138.6775156,36.2404506],[138.6740964,36.2329984],[138.6737044,36.228099],[138.673379,36.2240327],[138.6730151,36.2194851],[138.6726816,36.2153163],[138.6742714,36.2096505],[138.6766621,36.2035319],[138.676754,36.199234],[138.6778222,36.1954829],[138.677045,36.1895344],[138.6768152,36.1837432],[138.6775504,36.180118],[138.6761557,36.1767172],[138.6751535,36.1742735],[138.6724847,36.1704964],[138.6674228,36.1635197],[138.6653475,36.1593094],[138.6621657,36.155918],[138.6632799,36.1518711],[138.6606111,36.1451618],[138.659539,36.1414111],[138.6543049,36.1352112],[138.6507095,36.1278758],[138.6492545,36.1247892],[138.6462526,36.1185942],[138.6418914,36.11208],[138.637626,36.1056705],[138.634873,36.1010022],[138.6318098,36.0958417],[138.6300064,36.0916092],[138.6272534,36.0851051],[138.6257141,36.0813671]]},"properties":{"name":"tokyo_line_693","loading_pct":61.8,"p_mw":2115.0,"synthetic":false,"tie":false}},{"type":"Feature","geometry":{"type":"LineString","coordinates":[[138.8062853,36.6094756],[138.8074976,36.608117],[138.8087019,36.6067799],[138.8098982,36.6054235],[138.8101072,36.6041376],[138.8109655,36.5989849],[138.8092813,36.5953589],[138.8085309,36.5936838],[138.8095683,36.5923181],[138.8107672,36.5907331],[138.8119769,36.5891438],[138.8131464,36.5875953],[138.815394,36.5846468],[138.8160083,36.5804986],[138.8165045,36.5774207],[138.8169497,36.5743318],[138.8165474,36.5723932],[138.8162202,36.5707216],[138.8160914,36.5691361],[138.8158044,36.5648061],[138.8155484,36.5636495]]},"properties":{"name":"tokyo_line_694","loading_pct":15.8,"p_mw":-283.6,"synthetic":false,"tie":false}},{"type":"Feature","geometry":{"type":"LineString","coordinates":[[138.8033527,36.6330218],[138.8068232,36.6370331],[138.8102311,36.6429749],[138.8130985,36.6476803],[138.8141528,36.6537233],[138.8150184,36.6562699],[138.8186073,36.6607702],[138.8174881,36.6655246],[138.8187426,36.6690958],[138.8194787,36.6750803],[138.8201951,36.6810324],[138.8207976,36.6861405],[138.8210874,36.6889682],[138.8215647,36.6932279],[138.8219132,36.6960835],[138.8224796,36.7006691],[138.8230304,36.7051517],[138.8212091,36.707635],[138.8196142,36.7101022],[138.8170816,36.7123647],[138.8136291,36.7154774],[138.8083827,36.7201903],[138.8052542,36.7229978],[138.804112,36.725264],[138.8020239,36.7292811],[138.7993377,36.7346623],[138.7978943,36.7372939],[138.795837,36.7422002],[138.7960881,36.7478907],[138.7945039,36.7529244],[138.7936142,36.7552321],[138.7922532,36.7587371],[138.7915304,36.7606033],[138.7904418,36.7633772],[138.7858656,36.7681324],[138.7834113,36.7725542],[138.7815305,36.7785312],[138.7802964,36.7825648],[138.7789286,36.7871203],[138.7776804,36.7901939],[138.7748951,36.7952401],[138.7697732,36.8007729],[138.7655199,36.8063768],[138.7629739,36.8096066],[138.7596743,36.8141511],[138.7590647,36.8196442],[138.7537556,36.825372],[138.748599,36.8302344],[138.7466912,36.8333937]]},"properties":{"name":"tokyo_line_695","loading_pct":3.0,"p_mw":-52.9,"synthetic":false,"tie":false}},{"type":"Feature","geometry":{"type":"LineString","coordinates":[[138.8048408,36.6312722],[138.8091685,36.6361485],[138.8142722,36.6406072],[138.8178126,36.6454443],[138.8195362,36.6495502],[138.821124,36.655871],[138.8220795,36.6596156],[138.8228659,36.6645979],[138.8237009,36.6697162],[138.8237723,36.6733274],[138.8222953,36.6785967],[138.8228616,36.6829532],[138.8241489,36.6871499],[138.8256094,36.6918295],[138.8268454,36.6957695],[138.8258548,36.7025143],[138.8237346,36.7105626],[138.8243508,36.716791],[138.8238791,36.7233916],[138.8221895,36.7277881],[138.8211554,36.7304965],[138.819561,36.7345356],[138.8195302,36.7387176],[138.8183392,36.7439969],[138.8172806,36.7477112],[138.816055,36.7520411],[138.8150662,36.7554335],[138.8157564,36.757894],[138.8160009,36.7619264],[138.8174319,36.7660106],[138.8173822,36.7711375],[138.8164485,36.7771716],[138.8161209,36.7800284],[138.8158614,36.7867498],[138.8100724,36.7943177],[138.8072333,36.7968097],[138.8039048,36.7997513],[138.8014412,36.8051443],[138.8002816,36.8076064],[138.7960645,36.81147],[138.7933911,36.8175112],[138.7915723,36.8237011],[138.7917833,36.828109],[138.7925843,36.8329349],[138.7915811,36.8364546],[138.7924233,36.8428109],[138.7899493,36.8479526],[138.7846992,36.8520001],[138.7800098,36.8537656],[138.7757092,36.8552995],[138.7733121,36.8602333],[138.7696357,36.8671691],[138.7667155,36.8708173],[138.7655567,36.8792063],[138.7632933,36.8863452],[138.7601556,36.8905057],[138.7598365,36.8984331],[138.7563808,36.9046551],[138.7527115,36.9110862],[138.7471497,36.9132292],[138.7392741,36.9152102],[138.7327843,36.9190646],[138.7294358,36.9227515],[138.7263957,36.9260517],[138.7234204,36.9293346],[138.7208612,36.9321207],[138.719519,36.9362348],[138.7198438,36.9398315],[138.7184331,36.9452799],[138.7183306,36.9494274],[138.717259,36.9535587],[138.7185044,36.9580337],[138.7195254,36.9635061],[138.7214872,36.9682418],[138.7240578,36.9738134],[138.7257705,36.9780235],[138.7279728,36.9840241],[138.7336273,36.9882561],[138.7404065,36.9950328],[138.7433671,37.0001822],[138.7460709,37.0053747],[138.7503376,37.0097958],[138.7502137,37.0152412],[138.7488937,37.0182687],[138.746274,37.0210807],[138.7451119,37.0252449]]},"properties":{"name":"tokyo_line_697","loading_pct":1.4,"p_mw":1.7,"synthetic":false,"tie":false}},{"type":"Feature","geometry":{"type":"LineString","coordinates":[[138.6257141,36.0813671],[138.626188,36.0814929],[138.6274849,36.0771315],[138.6317107,36.0762562],[138.6368496,36.0752207],[138.6401269,36.0730639],[138.6449119,36.0732755],[138.6479202,36.0709241],[138.6527689,36.066919],[138.6593241,36.0640328],[138.6695383,36.0637181],[138.6731482,36.0617039],[138.6762132,36.0586597],[138.6791932,36.0510373],[138.6848488,36.0473975],[138.6876236,36.0449938],[138.6918847,36.0428647],[138.6983329,36.0396561],[138.7035856,36.0370256],[138.7065813,36.0353228],[138.7053942,36.0339515]]},"properties":{"name":"tokyo_line_698","loading_pct":0.3,"p_mw":1.7,"synthetic":false,"tie":false}},{"type":"Feature","geometry":{"type":"LineString","coordinates":[[139.2390061,35.7327322],[139.2359726,35.734004]]},"properties":{"name":"tokyo_line_699","loading_pct":78.4,"p_mw":-172.0,"synthetic":false,"tie":false}},{"type":"Feature","geometry":{"type":"LineString","coordinates":[[139.2492434,35.7318968],[139.2492854,35.7314178]]},"properties":{"name":"tokyo_line_700","loading_pct":78.9,"p_mw":154.8,"synthetic":false,"tie":false}},{"type":"Feature","geometry":{"type":"LineString","coordinates":[[139.2384646,35.7236741],[139.2402922,35.7264318]]},"properties":{"name":"tokyo_line_701","loading_pct":80.1,"p_mw":31.3,"synthetic":false,"tie":false}},{"type":"Feature","geometry":{"type":"LineString","coordinates":[[139.4304428,35.9578109],[139.4283996,35.9556553]]},"properties":{"name":"tokyo_line_704","loading_pct":1.0,"p_mw":33.2,"synthetic":false,"tie":false}},{"type":"Feature","geometry":{"type":"LineString","coordinates":[[139.428295,35.968601],[139.4250477,35.9689996]]},"properties":{"name":"tokyo_line_705","loading_pct":4.8,"p_mw":0.3,"synthetic":false,"tie":false}},{"type":"Feature","geometry":{"type":"LineString","coordinates":[[139.4657411,35.9172797],[139.4656264,35.9142611]]},"properties":{"name":"tokyo_line_709","loading_pct":46.9,"p_mw":107.2,"synthetic":false,"tie":false}},{"type":"Feature","geometry":{"type":"LineString","coordinates":[[139.4745387,35.9035057],[139.4754157,35.902074]]},"properties":{"name":"tokyo_line_710","loading_pct":23.7,"p_mw":-89.4,"synthetic":false,"tie":false}},{"type":"Feature","geometry":{"type":"LineString","coordinates":[[139.4634043,35.9087315],[139.4600148,35.9104036],[139.4566974,35.9120336],[139.4538337,35.9134603],[139.4512278,35.915286],[139.4477587,35.917663],[139.4451685,35.9194197],[139.4427043,35.9211666],[139.4399391,35.9230685],[139.4367122,35.923653],[139.4329425,35.9243173],[139.4292653,35.9249639],[139.4255442,35.9256157],[139.4216449,35.9250445],[139.4178725,35.9237734],[139.4146573,35.9227509],[139.4112572,35.9215571],[139.4081091,35.9205228],[139.4065856,35.9234502]]},"properties":{"name":"tokyo_line_711","loading_pct":25.4,"p_mw":17.2,"synthetic":false,"tie":false}},{"type":"Feature","geometry":{"type":"LineString","coordinates":[[139.2334398,35.3512637],[139.2303057,35.3505026],[139.2277947,35.3502516],[139.2254205,35.3499454],[139.2257972,35.3474025],[139.2265056,35.3443843],[139.2262157,35.3416752],[139.2229195,35.3397757],[139.2242916,35.3374557],[139.2265621,35.3352644],[139.2269817,35.3348594],[139.2271031,35.3344165],[139.2277666,35.3319959],[139.2275468,35.32926],[139.2287298,35.3266369]]},"properties":{"name":"tokyo_line_712","loading_pct":25.6,"p_mw":-17.2,"synthetic":false,"tie":false}},{"type":"Feature","geometry":{"type":"LineString","coordinates":[[139.2287298,35.3266369],[139.2317354,35.3244516],[139.234988,35.3227026],[139.2364629,35.3240214],[139.2401562,35.3261668],[139.2431184,35.3261079],[139.2448889,35.3242106],[139.2470779,35.3219868],[139.2502583,35.3199905],[139.2527959,35.3196788],[139.2559793,35.3190554],[139.2591385,35.3173015],[139.2617494,35.316163],[139.264103,35.3155762]]},"properties":{"name":"tokyo_line_713","loading_pct":76.6,"p_mw":-51.6,"synthetic":false,"tie":false}},{"type":"Feature","geometry":{"type":"LineString","coordinates":[[139.2287298,35.3266369],[139.226839,35.325107],[139.226136,35.322955],[139.224639,35.322163],[139.224181,35.321288]]},"properties":{"name":"tokyo_line_714","loading_pct":25.5,"p_mw":17.2,"synthetic":false,"tie":false}},{"type":"Feature","geometry":{"type":"LineString","coordinates":[[139.264103,35.3155762],[139.2654294,35.3164275]]},"properties":{"name":"tokyo_line_715","loading_pct":44.7,"p_mw":-66.6,"synthetic":false,"tie":false}},{"type":"Feature","geometry":{"type":"LineString","coordinates":[[139.2526067,35.3056016],[139.2501791,35.3047861],[139.2473348,35.3045302],[139.2435741,35.3041769],[139.2403839,35.3028132],[139.2377681,35.3016096],[139.2360749,35.3001138],[139.2343682,35.2986068],[139.233025,35.298043],[139.2303186,35.2975748],[139.2280415,35.29717],[139.2242039,35.2963544],[139.2194398,35.2953175],[139.2167914,35.2947198],[139.2134424,35.2939427],[139.212788,35.2937909],[139.2106125,35.293283],[139.2084445,35.2927711]]},"properties":{"name":"tokyo_line_716","loading_pct":5.8,"p_mw":-1.8,"synthetic":false,"tie":false}},{"type":"Feature","geometry":{"type":"LineString","coordinates":[[139.2566219,35.3123732],[139.2551458,35.3126943],[139.2525759,35.3132798],[139.2511938,35.3136026],[139.2491258,35.3140884],[139.2462097,35.3147232],[139.244335,35.3150489],[139.2396584,35.3157961],[139.2365028,35.3163188],[139.233445,35.3168135],[139.2312804,35.31679],[139.2285618,35.3167813],[139.2251006,35.3161673],[139.222786,35.315754],[139.2209603,35.3154331],[139.220738,35.315394],[139.218623,35.315012],[139.217109,35.314757],[139.212624,35.313987],[139.210568,35.313632],[139.20931,35.313347],[139.20659,35.312023],[139.203092,35.312007],[139.20151,35.312024],[139.19887,35.311569],[139.193007,35.310739],[139.18936,35.310189],[139.186697,35.309818],[139.185067,35.309589],[139.183235,35.309313],[139.181444,35.308284],[139.17971,35.307287],[139.178704,35.30671],[139.177223,35.305866],[139.175584,35.304941]]},"properties":{"name":"tokyo_line_717","loading_pct":4.4,"p_mw":2.8,"synthetic":false,"tie":false}},{"type":"Feature","geometry":{"type":"LineString","coordinates":[[139.5058619,35.3673898],[139.5058623,35.3676742]]},"properties":{"name":"tokyo_line_718","loading_pct":26.4,"p_mw":17.2,"synthetic":false,"tie":false}},{"type":"Feature","geometry":{"type":"LineString","coordinates":[[139.5058619,35.3673898],[139.5050893,35.3667463],[139.5053475,35.3666762]]},"properties":{"name":"tokyo_line_719","loading_pct":26.4,"p_mw":17.2,"synthetic":false,"tie":false}},{"type":"Feature","geometry":{"type":"LineString","coordinates":[[139.3877152,35.3916142],[139.3875579,35.392789],[139.3890739,35.3928356],[139.3892469,35.3929766]]},"properties":{"name":"tokyo_line_720","loading_pct":26.7,"p_mw":17.2,"synthetic":false,"tie":false}},{"type":"Feature","geometry":{"type":"LineString","coordinates":[[139.3877152,35.3916142],[139.3866573,35.3915866],[139.3849478,35.3915533],[139.3831184,35.3915166],[139.3802565,35.3914556],[139.3782732,35.3913179],[139.3781724,35.3922506],[139.376982,35.3938147],[139.3777135,35.3956984]]},"properties":{"name":"tokyo_line_721","loading_pct":26.7,"p_mw":17.2,"synthetic":false,"tie":false}},{"type":"Feature","geometry":{"type":"LineString","coordinates":[[139.4681395,35.4672057],[139.4674869,35.4680812]]},"properties":{"name":"tokyo_line_722","loading_pct":81.4,"p_mw":138.9,"synthetic":false,"tie":false}},{"type":"Feature","geometry":{"type":"LineString","coordinates":[[139.1530553,35.2738818],[139.1536889,35.2747216]]},"properties":{"name":"tokyo_line_723","loading_pct":93.2,"p_mw":-261.9,"synthetic":false,"tie":false}},{"type":"Feature","geometry":{"type":"LineString","coordinates":[[139.1388679,35.2783963],[139.1357834,35.2791364]]},"properties":{"name":"tokyo_line_724","loading_pct":84.1,"p_mw":51.6,"synthetic":false,"tie":false}},{"type":"Feature","geometry":{"type":"LineString","coordinates":[[139.137316,35.277125],[139.135766,35.275984],[139.134206,35.274823],[139.1336239,35.2736696],[139.1335981,35.2736184],[139.1334903,35.2734048],[139.133399,35.273224],[139.1332158,35.2724797],[139.133118,35.272092],[139.132343,35.268191],[139.132655,35.266235],[139.133009,35.264145],[139.133385,35.261873],[139.133771,35.259462],[139.13396,35.258083],[139.134487,35.254661],[139.133156,35.25199]]},"properties":{"name":"tokyo_line_725","loading_pct":84.6,"p_mw":173.5,"synthetic":false,"tie":false}},{"type":"Feature","geometry":{"type":"LineString","coordinates":[[139.161436,35.2734476],[139.1630293,35.272379]]},"properties":{"name":"tokyo_line_727","loading_pct":97.8,"p_mw":-225.0,"synthetic":false,"tie":false}},{"type":"Feature","geometry":{"type":"LineString","coordinates":[[139.16226,35.281471],[139.1625663,35.2837797]]},"properties":{"name":"tokyo_line_728","loading_pct":95.6,"p_mw":-171.8,"synthetic":false,"tie":false}},{"type":"Feature","geometry":{"type":"LineString","coordinates":[[139.1472691,35.2859453],[139.144257,35.2884982],[139.1435274,35.2891112],[139.1431332,35.2915501],[139.1433182,35.2940217],[139.1434416,35.2952586],[139.1431949,35.2974171],[139.1430259,35.2991268],[139.1428703,35.3008014]]},"properties":{"name":"tokyo_line_729","loading_pct":95.9,"p_mw":119.3,"synthetic":false,"tie":false}},{"type":"Feature","geometry":{"type":"LineString","coordinates":[[139.1659934,35.2701223],[139.1658909,35.2689794]]},"properties":{"name":"tokyo_line_730","loading_pct":25.3,"p_mw":17.2,"synthetic":false,"tie":false}},{"type":"Feature","geometry":{"type":"LineString","coordinates":[[139.1828075,35.2804487],[139.1846612,35.280566]]},"properties":{"name":"tokyo_line_731","loading_pct":94.9,"p_mw":-257.8,"synthetic":false,"tie":false}},{"type":"Feature","geometry":{"type":"LineString","coordinates":[[139.4902387,35.9102741],[139.4917368,35.911696]]},"properties":{"name":"tokyo_line_732","loading_pct":50.2,"p_mw":-353.8,"synthetic":false,"tie":false}},{"type":"Feature","geometry":{"type":"LineString","coordinates":[[139.5515857,35.8191443],[139.5542944,35.8188176],[139.5565097,35.8185573],[139.5595934,35.8181903],[139.5622455,35.8178833]]},"properties":{"name":"tokyo_line_734","loading_pct":62.7,"p_mw":-402.4,"synthetic":false,"tie":false}},{"type":"Feature","geometry":{"type":"LineString","coordinates":[[139.5812407,35.8221575],[139.5836479,35.8229981]]},"properties":{"name":"tokyo_line_735","loading_pct":63.1,"p_mw":-413.0,"synthetic":false,"tie":false}},{"type":"Feature","geometry":{"type":"LineString","coordinates":[[139.5997089,35.4427713],[139.6014405,35.4441497]]},"properties":{"name":"tokyo_line_736","loading_pct":89.8,"p_mw":-2.8,"synthetic":false,"tie":false}},{"type":"Feature","geometry":{"type":"LineString","coordinates":[[139.5230944,35.4130266],[139.5264737,35.4138369],[139.5283568,35.4150823],[139.5301016,35.4164114],[139.5318099,35.4154712],[139.5327696,35.413179],[139.5352021,35.4123588],[139.5370423,35.4117923]]},"properties":{"name":"tokyo_line_737","loading_pct":37.8,"p_mw":15.1,"synthetic":false,"tie":false}},{"type":"Feature","geometry":{"type":"LineString","coordinates":[[138.7072044,35.2006543],[138.7074608,35.2018304],[138.7080874,35.2046524],[138.7085437,35.2070672],[138.7094975,35.2094534],[138.7108425,35.2129925],[138.7123926,35.2170138],[138.7135595,35.2200245],[138.7147036,35.222865],[138.7148882,35.2256348],[138.7151375,35.2288305],[138.7152782,35.2315988],[138.7161061,35.2357157],[138.7167326,35.2389537],[138.717302,35.241815],[138.7177106,35.2439751],[138.7182407,35.2466173],[138.7189914,35.2505281],[138.7200129,35.2558498],[138.7204482,35.2582749],[138.7209216,35.260998]]},"properties":{"name":"tokyo_line_738","loading_pct":100.4,"p_mw":-430.3,"synthetic":false,"tie":false}},{"type":"Feature","geometry":{"type":"LineString","coordinates":[[138.6437169,35.2611157],[138.6439135,35.2604761],[138.6444601,35.2583414],[138.6442074,35.2572762],[138.6461976,35.2553795],[138.6470358,35.2537072],[138.648106,35.2514391],[138.6474314,35.2490143]]},"properties":{"name":"tokyo_line_739","loading_pct":1.2,"p_mw":-0.7,"synthetic":false,"tie":false}},{"type":"Feature","geometry":{"type":"LineString","coordinates":[[139.3471853,35.649794],[139.3469814,35.6498551]]},"properties":{"name":"tokyo_line_740","loading_pct":73.6,"p_mw":223.1,"synthetic":false,"tie":false}},{"type":"Feature","geometry":{"type":"LineString","coordinates":[[139.3447765,35.6560642],[139.3418087,35.6575308]]},"properties":{"name":"tokyo_line_741","loading_pct":67.9,"p_mw":-210.5,"synthetic":false,"tie":false}},{"type":"Feature","geometry":{"type":"LineString","coordinates":[[139.3381512,35.6529629],[139.3381283,35.6526232]]},"properties":{"name":"tokyo_line_742","loading_pct":73.6,"p_mw":205.9,"synthetic":false,"tie":false}},{"type":"Feature","geometry":{"type":"LineString","coordinates":[[139.3340956,35.6358267],[139.3339061,35.635716]]},"properties":{"name":"tokyo_line_743","loading_pct":74.3,"p_mw":580.3,"synthetic":false,"tie":false}},{"type":"Feature","geometry":{"type":"LineString","coordinates":[[139.3166462,35.630395],[139.3163104,35.6301658]]},"properties":{"name":"tokyo_line_744","loading_pct":53.1,"p_mw":62.6,"synthetic":false,"tie":false}},{"type":"Feature","geometry":{"type":"LineString","coordinates":[[139.3021359,35.6375182],[139.299006,35.6371324]]},"properties":{"name":"tokyo_line_745","loading_pct":25.3,"p_mw":17.2,"synthetic":false,"tie":false}},{"type":"Feature","geometry":{"type":"LineString","coordinates":[[139.2979609,35.6236914],[139.2964936,35.6234374],[139.2942753,35.6230692],[139.2913817,35.6226085],[139.288358,35.6221169],[139.2849571,35.6214955],[139.2831089,35.6212276],[139.2809787,35.6208575],[139.2785902,35.6205455],[139.2753287,35.6201367],[139.2733581,35.6198688],[139.2704431,35.6191894],[139.2686468,35.6187979],[139.2644565,35.6170497],[139.2626415,35.616492],[139.2620088,35.6162807],[139.2607668,35.6158659],[139.2576649,35.6149139],[139.2556689,35.6137196],[139.2535606,35.6126262],[139.2521862,35.6119001],[139.2505137,35.6113331],[139.2478861,35.6103261],[139.2451937,35.6097348],[139.2433244,35.6093603],[139.2413826,35.6089789]]},"properties":{"name":"tokyo_line_746","loading_pct":19.1,"p_mw":11.1,"synthetic":false,"tie":false}},{"type":"Feature","geometry":{"type":"LineString","coordinates":[[139.299736,35.6215889],[139.2993785,35.6215033],[139.299075,35.6213882],[139.2988423,35.6212868],[139.2985167,35.6211077],[139.2982407,35.6209135],[139.2980964,35.6207869],[139.2978708,35.6205762],[139.2974842,35.6202094],[139.2972046,35.6199432],[139.2970005,35.6197464],[139.2968771,35.6196123],[139.2967779,35.6194673],[139.2967148,35.6193605],[139.2966585,35.6192057],[139.2966196,35.6190476],[139.2966228,35.6187786],[139.296641,35.6182513],[139.2966357,35.6178255],[139.2966465,35.6174036],[139.29668,35.6169629],[139.296676,35.6163831],[139.2966625,35.6160441],[139.2966357,35.615801],[139.2966223,35.6155818],[139.2965874,35.6152558],[139.2965499,35.6150847],[139.2965025,35.6148464],[139.2962875,35.614183],[139.2964454,35.6141469],[139.2964663,35.6141416],[139.2968036,35.6140563],[139.2970302,35.6139986],[139.2973199,35.6138913],[139.2976095,35.6137593],[139.2977677,35.6140288],[139.2978096,35.6141204],[139.2978607,35.614287],[139.297883,35.6144598],[139.2978842,35.6145947],[139.297861,35.6147564],[139.2978035,35.6149911],[139.298673,35.6151637],[139.2986105,35.6153829]]},"properties":{"name":"tokyo_line_747","loading_pct":25.3,"p_mw":17.2,"synthetic":false,"tie":false}},{"type":"Feature","geometry":{"type":"LineString","coordinates":[[138.4465705,35.027184],[138.4446271,35.0283226],[138.4406434,35.0307564],[138.4387277,35.031917],[138.4344279,35.034522],[138.4299182,35.0368174],[138.4241449,35.0397663],[138.4126793,35.0421379],[138.4086874,35.043221],[138.4026172,35.0434567],[138.396668,35.0462156],[138.3908215,35.0486249],[138.3871848,35.0494362],[138.384059,35.0494621],[138.3812044,35.049375],[138.3753079,35.0453867],[138.3710356,35.0434376],[138.3687094,35.0424147],[138.3666358,35.0415296],[138.3618809,35.0402496],[138.3595171,35.0396112],[138.3531945,35.0383917],[138.3510886,35.0378432],[138.3484174,35.0371113],[138.3411443,35.0362618],[138.3372406,35.0359999],[138.3347877,35.0351601],[138.3292415,35.033636],[138.3250352,35.0325148],[138.319378,35.0296524],[138.316322,35.0281061],[138.3140519,35.0269392],[138.3097486,35.0249411],[138.3064227,35.0239114],[138.3011572,35.0246],[138.2957989,35.0245742],[138.290912,35.0250508],[138.2859002,35.0255523],[138.2831521,35.0261685],[138.2805291,35.0264449],[138.2749842,35.027149],[138.271836,35.027466],[138.2689128,35.0277614],[138.266791,35.0286931],[138.2649107,35.0303178],[138.262125,35.0327083],[138.2554465,35.0361625],[138.2496831,35.0378968],[138.2436662,35.0396795],[138.2376824,35.0414057],[138.2318845,35.0457742],[138.2195713,35.0542068],[138.2141497,35.0564118],[138.2122829,35.0593895],[138.2107771,35.0603618],[138.2076412,35.0634495],[138.2046819,35.0657185],[138.2032992,35.0669138],[138.2017356,35.0679741],[138.2000048,35.0690829],[138.1963617,35.0704966],[138.1940831,35.0729525],[138.1887382,35.0774261],[138.186707,35.0793374],[138.1846069,35.0799493],[138.1799626,35.0786405],[138.1765468,35.0790235],[138.1734878,35.0793638],[138.1694591,35.0801627],[138.167941,35.0808278],[138.1649476,35.0835715],[138.1612408,35.0863655],[138.1587517,35.0875343],[138.1571287,35.089633],[138.1530522,35.0906338],[138.1455042,35.0907519]]},"properties":{"name":"tokyo_line_748","loading_pct":3.9,"p_mw":10.3,"synthetic":false,"tie":false}},{"type":"Feature","geometry":{"type":"LineString","coordinates":[[138.4467526,35.02724],[138.4444445,35.0286671],[138.4410056,35.0307944],[138.4391603,35.031935],[138.4343988,35.0348783],[138.4314379,35.0370811],[138.4292827,35.0387778],[138.424196,35.0426905],[138.4209722,35.0451493],[138.416754,35.0483949],[138.4127914,35.0513371],[138.4104353,35.053206],[138.4068939,35.055926],[138.4038325,35.0583062],[138.3990789,35.0621326],[138.395466,35.0651513],[138.3937364,35.0664472],[138.391429,35.0678536],[138.3901384,35.0705712],[138.3888403,35.0734145],[138.3880325,35.0750548],[138.3850946,35.0812104],[138.3841522,35.0831916],[138.3832995,35.0850318],[138.3809861,35.0897465],[138.3785713,35.0942062]]},"properties":{"name":"tokyo_line_749","loading_pct":4.9,"p_mw":-4.8,"synthetic":false,"tie":false}},{"type":"Feature","geometry":{"type":"LineString","coordinates":[[138.2192626,35.2086343],[138.2205785,35.2078066],[138.2224469,35.2066511],[138.2240715,35.2055609],[138.2287895,35.2044717],[138.2351356,35.2030318],[138.2422783,35.2014428],[138.2447258,35.2009037],[138.2488645,35.1999108],[138.2550222,35.1985459],[138.2569105,35.1977152],[138.2603839,35.1962916],[138.2636609,35.1950077],[138.2687175,35.1928914],[138.2701552,35.1918962],[138.2798004,35.1841757],[138.2833409,35.1809641],[138.2864349,35.1781799],[138.2885793,35.17703],[138.2944775,35.1739563],[138.2989232,35.171709],[138.3034649,35.1693432],[138.3062343,35.1675672],[138.3132724,35.1633178],[138.3157883,35.1616732],[138.3205864,35.1582886],[138.3218912,35.1548906],[138.3230641,35.152061],[138.3250137,35.1469524],[138.3269862,35.1433111],[138.3325021,35.1385759],[138.3346702,35.1366965],[138.3374017,35.1344075],[138.3414752,35.1307979],[138.3530775,35.1209523],[138.3620556,35.1155569],[138.3676987,35.1123219],[138.3718554,35.1095063],[138.3753683,35.1056578],[138.3765038,35.1018195],[138.3785713,35.0942062]]},"properties":{"name":"tokyo_line_752","loading_pct":3.9,"p_mw":-10.3,"synthetic":false,"tie":false}},{"type":"Feature","geometry":{"type":"LineString","coordinates":[[138.3785713,35.0942062],[138.3808017,35.0947932],[138.3851746,35.0956809],[138.3887068,35.0986099],[138.3932719,35.1024587],[138.397528,35.1045166],[138.3999128,35.106197],[138.4035075,35.1078668],[138.4088338,35.1101532],[138.4125013,35.1124946],[138.4172598,35.115533],[138.4202313,35.1180466],[138.4243544,35.1208514],[138.4361715,35.1226951],[138.4400723,35.1228039],[138.4443222,35.1228158],[138.4473177,35.1223822],[138.4517288,35.123106],[138.4570278,35.1238681],[138.4600091,35.124949],[138.4619563,35.1255992],[138.4661818,35.1269617],[138.469343,35.1273505],[138.4743767,35.1279195],[138.4786144,35.1288151],[138.4831929,35.1296857],[138.4852201,35.1308866],[138.4877466,35.1324119],[138.4907375,35.1332944],[138.4944889,35.1343235],[138.4975767,35.1352425],[138.502468,35.1368438],[138.5059439,35.1379156],[138.5091493,35.1385667],[138.5140762,35.1395668],[138.5179551,35.1400058],[138.5206954,35.1404001],[138.5254699,35.1410179],[138.5305621,35.1416946],[138.5348858,35.1427501],[138.5412402,35.1441081],[138.5456487,35.1457733],[138.5515167,35.1451682],[138.5547287,35.1448709],[138.5574138,35.1441892],[138.5637824,35.1428428],[138.5690054,35.1419744],[138.574399,35.1410991],[138.5795297,35.1400679],[138.5842046,35.1387384],[138.5895188,35.138656],[138.5940851,35.1370317],[138.597766,35.1361993]]},"properties":{"name":"tokyo_line_753","loading_pct":14.4,"p_mw":-35.8,"synthetic":false,"tie":false}},{"type":"Feature","geometry":{"type":"LineString","coordinates":[[138.3785713,35.0942062],[138.3763258,35.0951603],[138.3681773,35.092222],[138.3644239,35.0918896],[138.3624438,35.0897602],[138.3600138,35.0862115],[138.3588589,35.0836887],[138.3571648,35.0799369],[138.3556508,35.0755136],[138.3551258,35.0728688],[138.3544973,35.0704334],[138.3544067,35.0653632],[138.3569982,35.0635507],[138.3608698,35.0646967],[138.3608803,35.0643969]]},"properties":{"name":"tokyo_line_754","loading_pct":3.9,"p_mw":10.3,"synthetic":false,"tie":false}},{"type":"Feature","geometry":{"type":"LineString","coordinates":[[138.4983277,35.2278588],[138.4960482,35.2260743]]},"properties":{"name":"tokyo_line_755","loading_pct":0.6,"p_mw":5.2,"synthetic":false,"tie":false}},{"type":"Feature","geometry":{"type":"LineString","coordinates":[[138.5255919,35.2375778],[138.5324535,35.2399946],[138.5378895,35.2419514],[138.5418835,35.2424616],[138.5452779,35.2428924],[138.5485112,35.2432765],[138.5526056,35.2437633],[138.5570453,35.2455419],[138.5620765,35.2475951],[138.5652969,35.2489769],[138.5691943,35.2497058],[138.5728548,35.2503722],[138.5780323,35.2513287],[138.5819457,35.2520226],[138.5864897,35.2528272],[138.5909957,35.2530966],[138.594176,35.2532702],[138.5980126,35.2534901],[138.6017576,35.2537016],[138.6034733,35.2543943],[138.6067454,35.2557479],[138.6111633,35.2561222],[138.6147257,35.2564045],[138.6179901,35.2566781],[138.6218067,35.2570124],[138.6254748,35.2573223],[138.6297376,35.258186],[138.6337052,35.2588926],[138.6387792,35.259873],[138.6428682,35.2606343],[138.6467379,35.2616017],[138.6505375,35.2623179],[138.6552349,35.2629576],[138.6600773,35.2638691],[138.663904,35.2645737],[138.6679121,35.2653251],[138.6724215,35.2662436],[138.6767767,35.2669781],[138.6803041,35.2676313],[138.683557,35.2682361],[138.687031,35.2688776],[138.6894814,35.2696027],[138.6922514,35.2704265],[138.6960687,35.271365],[138.6991793,35.2721415],[138.7034243,35.2731887],[138.7073447,35.27416],[138.7118174,35.2752581],[138.7149674,35.2760339],[138.7178245,35.2766621],[138.7216961,35.2775052],[138.724238,35.2780666],[138.728852,35.2790648],[138.7318491,35.2797345],[138.7356636,35.2805707],[138.738529,35.281191],[138.7417611,35.2819048],[138.7451833,35.2831435],[138.7498252,35.2848199],[138.7544742,35.2865004],[138.7573878,35.2875548],[138.7607523,35.2887757],[138.7639259,35.2899316],[138.7667198,35.2909424],[138.7700573,35.2921397],[138.7729742,35.2932057],[138.7759703,35.2942954],[138.7796098,35.2956187],[138.7851247,35.2976135],[138.7904337,35.2995505],[138.7941136,35.3008783],[138.7955086,35.3039667],[138.796491,35.3060541],[138.797987,35.3093111],[138.799487,35.3126022],[138.8009346,35.3157833],[138.8023235,35.3188166],[138.8033915,35.3211476],[138.804246,35.3230196],[138.8062523,35.3274146],[138.8075628,35.3302491],[138.8086179,35.332575],[138.8098026,35.3351698],[138.811136,35.3380482],[138.81281,35.3417168],[138.8147061,35.3458744],[138.8161928,35.3491192],[138.8173318,35.3516111],[138.8191466,35.3555751],[138.8210662,35.3599654],[138.8240893,35.3608664],[138.8270732,35.3600455],[138.8311976,35.358889],[138.8351278,35.3577971],[138.8385647,35.3568251],[138.8421988,35.3558024],[138.8454104,35.3549087],[138.8490695,35.3538883],[138.8528465,35.3529317],[138.8566157,35.3519705],[138.8609795,35.3508773],[138.8633723,35.3502752],[138.868286,35.3508771],[138.8724432,35.3528934],[138.8761046,35.3544411],[138.8797361,35.3554907],[138.881554,35.3562564],[138.8840095,35.3572423],[138.8878358,35.3591664],[138.889862,35.3607837],[138.8944162,35.3644213],[138.8964963,35.3660864],[138.9002729,35.3691166],[138.9037129,35.3718893],[138.9064676,35.374089],[138.9090689,35.3761882],[138.9111301,35.3778374],[138.9143446,35.3803979],[138.9160346,35.3834894],[138.9170855,35.3854507],[138.9179724,35.3870665],[138.9203648,35.3914324]]},"properties":{"name":"tokyo_line_758","loading_pct":49.9,"p_mw":-462.9,"synthetic":false,"tie":false}},{"type":"Feature","geometry":{"type":"LineString","coordinates":[[139.3362997,35.6678701],[139.3345613,35.6679079]]},"properties":{"name":"tokyo_line_759","loading_pct":68.2,"p_mw":-224.0,"synthetic":false,"tie":false}},{"type":"Feature","geometry":{"type":"LineString","coordinates":[[139.664304,35.8657327],[139.6639029,35.8670938]]},"properties":{"name":"tokyo_line_760","loading_pct":26.0,"p_mw":-17.2,"synthetic":false,"tie":false}},{"type":"Feature","geometry":{"type":"LineString","coordinates":[[139.6679386,35.871962],[139.6654246,35.8726363]]},"properties":{"name":"tokyo_line_761","loading_pct":52.4,"p_mw":1020.1,"synthetic":false,"tie":false}},{"type":"Feature","geometry":{"type":"LineString","coordinates":[[139.6862329,35.8645284],[139.6883512,35.8650267]]},"properties":{"name":"tokyo_line_762","loading_pct":48.5,"p_mw":-1082.6,"synthetic":false,"tie":false}},{"type":"Feature","geometry":{"type":"LineString","coordinates":[[139.6818297,35.8621417],[139.6847221,35.8598995],[139.6876141,35.8576671],[139.6904269,35.8567762],[139.6931201,35.8558907],[139.6954892,35.8551237]]},"properties":{"name":"tokyo_line_763","loading_pct":13.8,"p_mw":28.1,"synthetic":false,"tie":false}},{"type":"Feature","geometry":{"type":"LineString","coordinates":[[139.652197,35.8760594],[139.649179,35.8781155]]},"properties":{"name":"tokyo_line_764","loading_pct":50.5,"p_mw":590.7,"synthetic":false,"tie":false}},{"type":"Feature","geometry":{"type":"LineString","coordinates":[[139.6508422,35.8862732],[139.6495375,35.8867684],[139.6472633,35.8869476],[139.6457607,35.8884517]]},"properties":{"name":"tokyo_line_765","loading_pct":54.2,"p_mw":387.3,"synthetic":false,"tie":false}},{"type":"Feature","geometry":{"type":"LineString","coordinates":[[139.6344434,35.8811278],[139.6342771,35.8817812]]},"properties":{"name":"tokyo_line_766","loading_pct":50.1,"p_mw":569.5,"synthetic":false,"tie":false}},{"type":"Feature","geometry":{"type":"LineString","coordinates":[[139.623365,35.8931778],[139.6225643,35.8943893]]},"properties":{"name":"tokyo_line_767","loading_pct":49.7,"p_mw":551.5,"synthetic":false,"tie":false}},{"type":"Feature","geometry":{"type":"LineString","coordinates":[[139.6213756,35.896211],[139.6200248,35.8982633]]},"properties":{"name":"tokyo_line_768","loading_pct":49.3,"p_mw":532.8,"synthetic":false,"tie":false}},{"type":"Feature","geometry":{"type":"LineString","coordinates":[[139.5995837,35.9116887],[139.5971837,35.9120231]]},"properties":{"name":"tokyo_line_769","loading_pct":47.8,"p_mw":535.4,"synthetic":false,"tie":false}},{"type":"Feature","geometry":{"type":"LineString","coordinates":[[139.5995837,35.9116887],[139.5976834,35.9144384],[139.5954653,35.9168762],[139.5946644,35.9179894],[139.5946075,35.9217125],[139.5959998,35.9241598],[139.5987015,35.9259009],[139.5990524,35.927399]]},"properties":{"name":"tokyo_line_770","loading_pct":34.1,"p_mw":-22.3,"synthetic":false,"tie":false}},{"type":"Feature","geometry":{"type":"LineString","coordinates":[[139.4913713,35.9283735],[139.4899213,35.9302586]]},"properties":{"name":"tokyo_line_771","loading_pct":30.4,"p_mw":-53.5,"synthetic":false,"tie":false}},{"type":"Feature","geometry":{"type":"LineString","coordinates":[[139.508707,35.9196728],[139.5124065,35.919491],[139.5153139,35.9193348],[139.5176431,35.9190309]]},"properties":{"name":"tokyo_line_772","loading_pct":37.5,"p_mw":-318.4,"synthetic":false,"tie":false}},{"type":"Feature","geometry":{"type":"LineString","coordinates":[[139.5971837,35.9120231],[139.5972042,35.9113418],[139.5972152,35.9110842],[139.5972967,35.9090237],[139.5974356,35.9054927],[139.5988086,35.9035031],[139.5979568,35.9004094],[139.5970807,35.8981823]]},"properties":{"name":"tokyo_line_773","loading_pct":200,"p_mw":33.9,"synthetic":false,"tie":false}},{"type":"Feature","geometry":{"type":"LineString","coordinates":[[139.5971837,35.9120231],[139.5941239,35.9124402],[139.5914305,35.9128295],[139.588806,35.9127399],[139.5863788,35.9130344]]},"properties":{"name":"tokyo_line_774","loading_pct":42.2,"p_mw":482.1,"synthetic":false,"tie":false}},{"type":"Feature","geometry":{"type":"LineString","coordinates":[[139.5956268,35.881365],[139.5945678,35.8795617]]},"properties":{"name":"tokyo_line_775","loading_pct":25.3,"p_mw":17.2,"synthetic":false,"tie":false}},{"type":"Feature","geometry":{"type":"LineString","coordinates":[[139.5095647,35.3247944],[139.5078692,35.3243201],[139.5073247,35.3245935],[139.5065547,35.3242765],[139.5051291,35.324447]]},"properties":{"name":"tokyo_line_776","loading_pct":79.4,"p_mw":51.6,"synthetic":false,"tie":false}},{"type":"Feature","geometry":{"type":"LineString","coordinates":[[139.4963747,35.3255425],[139.4971119,35.3246078]]},"properties":{"name":"tokyo_line_777","loading_pct":26.5,"p_mw":17.2,"synthetic":false,"tie":false}},{"type":"Feature","geometry":{"type":"LineString","coordinates":[[139.0772983,35.1128186],[139.0773057,35.1146325]]},"properties":{"name":"tokyo_line_778","loading_pct":25.3,"p_mw":-17.2,"synthetic":false,"tie":false}},{"type":"Feature","geometry":{"type":"LineString","coordinates":[[139.0772662,35.1239891],[139.076609,35.126477],[139.076499,35.12683],[139.0755599,35.1294267],[139.0768336,35.1323785],[139.077392,35.1337216],[139.0794816,35.1371891]]},"properties":{"name":"tokyo_line_779","loading_pct":45.2,"p_mw":15.6,"synthetic":false,"tie":false}},{"type":"Feature","geometry":{"type":"LineString","coordinates":[[139.0785535,35.126314],[139.0764219,35.1266022],[139.0733378,35.1270109],[139.0707663,35.1269507],[139.0675223,35.1269221],[139.0642917,35.1261159],[139.0628446,35.1260794],[139.0612116,35.1261455],[139.0598676,35.1260775],[139.0577965,35.1254635],[139.0549865,35.1246085],[139.052637,35.1263521],[139.0531471,35.1285076],[139.0500503,35.1300619],[139.0457906,35.1302207],[139.0431077,35.1322171],[139.0419206,35.1331067],[139.040778,35.134345],[139.0402938,35.1352002],[139.0387006,35.1372354],[139.0372634,35.1381171],[139.0349778,35.1395129],[139.0337033,35.1418681],[139.0332098,35.1431052],[139.034118,35.144895]]},"properties":{"name":"tokyo_line_780","loading_pct":50.6,"p_mw":-41.1,"synthetic":false,"tie":false}},{"type":"Feature","geometry":{"type":"LineString","coordinates":[[139.095244,35.146661],[139.096512,35.149546]]},"properties":{"name":"tokyo_line_781","loading_pct":87.0,"p_mw":-52.5,"synthetic":false,"tie":false}},{"type":"Feature","geometry":{"type":"LineString","coordinates":[[139.080558,35.138495],[139.077107,35.139266],[139.07538,35.139376],[139.073098,35.139562],[139.070804,35.139746],[139.067908,35.139959],[139.065698,35.140099],[139.062712,35.140839],[139.058779,35.142411],[139.056035,35.14353],[139.054434,35.14417],[139.051226,35.144434],[139.048429,35.144653],[139.046317,35.144444],[139.043249,35.144639],[139.041777,35.144727],[139.039628,35.144489],[139.037757,35.144285],[139.035867,35.144319],[139.033728,35.144364],[139.03062,35.144432],[139.028605,35.144486],[139.026412,35.144532],[139.02449,35.144171],[139.022499,35.143791],[139.020097,35.143339],[139.020158,35.143207],[139.022332,35.140868],[139.023584,35.139498],[139.024793,35.138166],[139.027687,35.135026],[139.028672,35.13394],[139.029895,35.13262],[139.034048,35.128054],[139.035975,35.125985],[139.03739,35.124429],[139.040064,35.122546],[139.041627,35.121478],[139.045014,35.119133],[139.047324,35.117323],[139.050691,35.112649],[139.051906,35.11097],[139.052664,35.109924],[139.055394,35.106132]]},"properties":{"name":"tokyo_line_782","loading_pct":30.2,"p_mw":20.7,"synthetic":false,"tie":false}},{"type":"Feature","geometry":{"type":"LineString","coordinates":[[139.0804833,35.1388702],[139.0781322,35.1398694],[139.07694,35.1403729],[139.0733646,35.141866],[139.0659822,35.1418596],[139.0633697,35.1415499],[139.0617291,35.1413178],[139.0586079,35.1395442],[139.0540128,35.1384897],[139.051707,35.1379245],[139.0497564,35.1374397],[139.0456585,35.1363986],[139.0437215,35.1359285],[139.042025,35.135504],[139.0401659,35.1350382],[139.0383148,35.1345982],[139.0352755,35.1338795],[139.0331229,35.1333554],[139.0300542,35.1326346],[139.0258643,35.1316211]]},"properties":{"name":"tokyo_line_783","loading_pct":44.6,"p_mw":30.2,"synthetic":false,"tie":false}},{"type":"Feature","geometry":{"type":"LineString","coordinates":[[138.8109006,35.1260819],[138.8122745,35.1255789]]},"properties":{"name":"tokyo_line_784","loading_pct":26.0,"p_mw":-17.2,"synthetic":false,"tie":false}},{"type":"Feature","geometry":{"type":"LineString","coordinates":[[138.8122745,35.1255789],[138.8117332,35.121924]]},"properties":{"name":"tokyo_line_785","loading_pct":26.0,"p_mw":17.2,"synthetic":false,"tie":false}},{"type":"Feature","geometry":{"type":"LineString","coordinates":[[138.9195588,35.1439117],[138.9214689,35.1443169],[138.9252201,35.1451421],[138.9268797,35.1470319],[138.9300626,35.148562],[138.9331927,35.149495],[138.9357118,35.1501071],[138.9410301,35.1504171],[138.9429554,35.1501101],[138.9468141,35.1495562],[138.9501428,35.1494289],[138.952724,35.149849],[138.9563263,35.1505731]]},"properties":{"name":"tokyo_line_787","loading_pct":35.1,"p_mw":63.6,"synthetic":false,"tie":false}},{"type":"Feature","geometry":{"type":"LineString","coordinates":[[138.9563263,35.1505731],[138.9590807,35.1514258],[138.962424,35.1524504],[138.9644946,35.153032],[138.9683756,35.1536262],[138.9722408,35.1528229]]},"properties":{"name":"tokyo_line_790","loading_pct":92.8,"p_mw":379.7,"synthetic":false,"tie":false}},{"type":"Feature","geometry":{"type":"LineString","coordinates":[[138.9722408,35.1528229],[138.9731875,35.1502277],[138.9732043,35.1455843],[138.9744127,35.1428171],[138.9766143,35.139033],[138.9787,35.1354407],[138.9792635,35.133601],[138.9813767,35.1291605]]},"properties":{"name":"tokyo_line_792","loading_pct":89.5,"p_mw":447.7,"synthetic":false,"tie":false}},{"type":"Feature","geometry":{"type":"LineString","coordinates":[[138.8422572,35.1187798],[138.8415579,35.1174889]]},"properties":{"name":"tokyo_line_793","loading_pct":25.9,"p_mw":17.2,"synthetic":false,"tie":false}},{"type":"Feature","geometry":{"type":"LineString","coordinates":[[138.8354351,35.6004137],[138.840071,35.5994487],[138.8444728,35.5985347],[138.8552814,35.6014472],[138.8570819,35.6019833],[138.8596876,35.6028277],[138.8630498,35.6042812],[138.8676346,35.6038096],[138.871173,35.6032919],[138.8726709,35.6025081],[138.8761583,35.6009952]]},"properties":{"name":"tokyo_line_794","loading_pct":90.0,"p_mw":236.0,"synthetic":false,"tie":false}},{"type":"Feature","geometry":{"type":"LineString","coordinates":[[138.9005473,35.6063067],[138.9037839,35.6068354],[138.9061805,35.6063204],[138.9090869,35.6050528],[138.9111349,35.6053205]]},"properties":{"name":"tokyo_line_796","loading_pct":88.0,"p_mw":117.6,"synthetic":false,"tie":false}},{"type":"Feature","geometry":{"type":"LineString","coordinates":[[138.9734323,35.6158259],[138.9767787,35.616498],[138.9788428,35.6165003],[138.9800915,35.6171681],[138.9819715,35.6181544],[138.9850775,35.6192161],[138.9867729,35.6197955]]},"properties":{"name":"tokyo_line_797","loading_pct":111.4,"p_mw":75.7,"synthetic":false,"tie":false}},{"type":"Feature","geometry":{"type":"LineString","coordinates":[[138.9336363,35.5961554],[138.9329175,35.5946418]]},"properties":{"name":"tokyo_line_798","loading_pct":8.3,"p_mw":5.7,"synthetic":false,"tie":false}},{"type":"Feature","geometry":{"type":"LineString","coordinates":[[138.9111349,35.6053205],[138.9117269,35.6033806]]},"properties":{"name":"tokyo_line_799","loading_pct":25.3,"p_mw":17.2,"synthetic":false,"tie":false}},{"type":"Feature","geometry":{"type":"LineString","coordinates":[[139.034118,35.144895],[139.031685,35.148501],[139.031609,35.150339],[139.031419,35.153427],[139.036132,35.154572],[139.037545,35.155072],[139.0422041,35.1582074],[139.044886,35.159963],[139.043717,35.161966],[139.042554,35.163687],[139.041399,35.165408],[139.039605,35.168012],[139.041087,35.171165],[139.043502,35.175989],[139.047034,35.180457],[139.049269,35.183266],[139.052199,35.184522],[139.051417,35.186258],[139.049798,35.186956],[139.048224,35.188078],[139.047362,35.189505],[139.047761,35.189949],[139.049574,35.193118],[139.051413,35.195279],[139.053242,35.198195],[139.055257,35.20042],[139.0559474,35.2023896],[139.056464,35.203326],[139.056352,35.205725],[139.055477,35.207859],[139.054925,35.210124]]},"properties":{"name":"tokyo_line_800","loading_pct":57.8,"p_mw":-53.3,"synthetic":false,"tie":false}},{"type":"Feature","geometry":{"type":"LineString","coordinates":[[138.9409114,35.0977054],[138.9420816,35.097112],[138.9423361,35.094604],[138.9425558,35.0927187],[138.9428003,35.0908642],[138.9426153,35.0888564],[138.9427637,35.0868926],[138.9436793,35.0847686],[138.9445335,35.0825927],[138.9448971,35.0803664],[138.9447304,35.0781921],[138.9452539,35.0753384]]},"properties":{"name":"tokyo_line_802","loading_pct":53.1,"p_mw":29.3,"synthetic":false,"tie":false}},{"type":"Feature","geometry":{"type":"LineString","coordinates":[[138.9409114,35.0977054],[138.9386099,35.0980192],[138.9359208,35.0984039],[138.9344034,35.0986488]]},"properties":{"name":"tokyo_line_803","loading_pct":52.8,"p_mw":29.7,"synthetic":false,"tie":false}},{"type":"Feature","geometry":{"type":"LineString","coordinates":[[138.9814104,35.1068494],[138.9820051,35.1041776],[138.9828987,35.0993646],[138.9828893,35.0971327],[138.982876,35.0947258],[138.9838026,35.0913784],[138.982294,35.0869974],[138.9824393,35.0840395],[138.9820894,35.0805407],[138.9819027,35.0775369],[138.9815896,35.07193],[138.9799895,35.0700259],[138.9781797,35.0691494],[138.976279,35.0647849],[138.975418,35.0618605],[138.9742187,35.0607021],[138.9729036,35.0578186],[138.9721396,35.052646],[138.9706215,35.0499487],[138.9708918,35.0462159],[138.9682256,35.0422504],[138.9670794,35.0378238]]},"properties":{"name":"tokyo_line_805","loading_pct":83.9,"p_mw":362.3,"synthetic":false,"tie":false}},{"type":"Feature","geometry":{"type":"LineString","coordinates":[[139.0258643,35.1316211],[139.0275483,35.1293637],[139.0288358,35.1276378],[139.0298813,35.1262363],[139.0319636,35.1235099],[139.0327591,35.1227316],[139.0337368,35.1217749],[139.0351918,35.1203441],[139.0362436,35.1192798],[139.0369036,35.1171218],[139.0379249,35.1145843],[139.0391033,35.1115507],[139.0420316,35.1109643],[139.041966,35.109646],[139.0386771,35.1076233],[139.0383756,35.104881],[139.0405868,35.1029894],[139.0441888,35.1016731],[139.0460852,35.0992554],[139.0472956,35.0977122]]},"properties":{"name":"tokyo_line_806","loading_pct":21.5,"p_mw":13.9,"synthetic":false,"tie":false}},{"type":"Feature","geometry":{"type":"LineString","coordinates":[[138.4186958,35.7848308],[138.4193739,35.7854672],[138.4208411,35.7849276],[138.4245372,35.7849363]]},"properties":{"name":"tokyo_line_807","loading_pct":3.9,"p_mw":10.3,"synthetic":false,"tie":false}},{"type":"Feature","geometry":{"type":"LineString","coordinates":[[139.0573882,35.3694988],[139.0583084,35.3681915],[139.0606887,35.3647885],[139.0623626,35.361733],[139.0648553,35.3572149],[139.0688759,35.3549109],[139.073128,35.352456],[139.0772207,35.3489717],[139.0795991,35.3478146],[139.0817755,35.3467525],[139.0822087,35.3431586],[139.0824559,35.3415408],[139.0828706,35.337715],[139.0832373,35.3347738],[139.0840477,35.3318427],[139.0845931,35.3297768],[139.0860019,35.3245546],[139.0871907,35.3229908],[139.0901022,35.3190218],[139.0912169,35.317956],[139.0971156,35.3139797],[139.0981713,35.3112824],[139.0994045,35.3084811],[139.1023058,35.3056657],[139.1057513,35.303001],[139.108546,35.3008506]]},"properties":{"name":"tokyo_line_808","loading_pct":64.9,"p_mw":164.0,"synthetic":false,"tie":false}},{"type":"Feature","geometry":{"type":"LineString","coordinates":[[139.1181821,35.2928796],[139.1191234,35.2928818]]},"properties":{"name":"tokyo_line_811","loading_pct":26.2,"p_mw":63.1,"synthetic":false,"tie":false}},{"type":"Feature","geometry":{"type":"LineString","coordinates":[[138.9634321,35.0287955],[138.9656463,35.0254316],[138.9655938,35.0229471],[138.9671586,35.0183413]]},"properties":{"name":"tokyo_line_816","loading_pct":108.2,"p_mw":282.0,"synthetic":false,"tie":false}},{"type":"Feature","geometry":{"type":"LineString","coordinates":[[138.9636446,35.032538],[138.9651643,35.0356129],[138.9670794,35.0378238]]},"properties":{"name":"tokyo_line_817","loading_pct":85.4,"p_mw":-297.8,"synthetic":false,"tie":false}},{"type":"Feature","geometry":{"type":"LineString","coordinates":[[138.9344034,35.0986488],[138.933445,35.0987707],[138.9290947,35.0993949],[138.9171506,35.1011375]]},"properties":{"name":"tokyo_line_818","loading_pct":21.4,"p_mw":-10.1,"synthetic":false,"tie":false}},{"type":"Feature","geometry":{"type":"LineString","coordinates":[[138.9344034,35.0986488],[138.9341829,35.1004382],[138.9352258,35.1035327],[138.936017,35.1055403]]},"properties":{"name":"tokyo_line_819","loading_pct":25.1,"p_mw":-4.5,"synthetic":false,"tie":false}},{"type":"Feature","geometry":{"type":"LineString","coordinates":[[138.8935739,35.1051604],[138.8910169,35.1060567]]},"properties":{"name":"tokyo_line_820","loading_pct":101.4,"p_mw":-66.2,"synthetic":false,"tie":false}},{"type":"Feature","geometry":{"type":"LineString","coordinates":[[138.9154214,35.1061533],[138.9184841,35.107577]]},"properties":{"name":"tokyo_line_821","loading_pct":59.7,"p_mw":38.9,"synthetic":false,"tie":false}},{"type":"Feature","geometry":{"type":"LineString","coordinates":[[138.8825286,35.1220235],[138.8829144,35.1231706]]},"properties":{"name":"tokyo_line_822","loading_pct":87.0,"p_mw":-83.4,"synthetic":false,"tie":false}},{"type":"Feature","geometry":{"type":"LineString","coordinates":[[139.1159326,35.3200468],[139.1146104,35.3214339]]},"properties":{"name":"tokyo_line_826","loading_pct":81.1,"p_mw":52.4,"synthetic":false,"tie":false}},{"type":"Feature","geometry":{"type":"LineString","coordinates":[[139.1159326,35.3200468],[139.118166,35.3201]]},"properties":{"name":"tokyo_line_827","loading_pct":26.0,"p_mw":17.2,"synthetic":false,"tie":false}},{"type":"Feature","geometry":{"type":"LineString","coordinates":[[139.1146104,35.3214339],[139.1133657,35.3229228],[139.1120806,35.3243923],[139.1106168,35.3261894],[139.1082894,35.3289357],[139.106716,35.3318687],[139.1050733,35.3348334],[139.1034476,35.3378024],[139.1009901,35.3394643],[139.0984811,35.3405017],[139.0960653,35.3416947],[139.0917896,35.3436447]]},"properties":{"name":"tokyo_line_828","loading_pct":30.0,"p_mw":18.0,"synthetic":false,"tie":false}},{"type":"Feature","geometry":{"type":"LineString","coordinates":[[139.1146104,35.3214339],[139.112768,35.319667],[139.110499,35.317543],[139.108381,35.315577]]},"properties":{"name":"tokyo_line_829","loading_pct":26.0,"p_mw":17.2,"synthetic":false,"tie":false}},{"type":"Feature","geometry":{"type":"LineString","coordinates":[[139.0917896,35.3436447],[139.0901906,35.3434536],[139.0884338,35.3417],[139.090126,35.340023],[139.0919459,35.3375211]]},"properties":{"name":"tokyo_line_830","loading_pct":26.2,"p_mw":17.2,"synthetic":false,"tie":false}},{"type":"Feature","geometry":{"type":"LineString","coordinates":[[139.0917896,35.3436447],[139.0899081,35.3451647],[139.0900402,35.3462833],[139.0902333,35.3489594],[139.0922523,35.3507851]]},"properties":{"name":"tokyo_line_831","loading_pct":25.4,"p_mw":-16.5,"synthetic":false,"tie":false}},{"type":"Feature","geometry":{"type":"LineString","coordinates":[[139.1428703,35.3008014],[139.1418859,35.3030517],[139.1409999,35.3050991],[139.140754,35.3056675],[139.140726,35.3057328],[139.1397053,35.3081125],[139.1385922,35.3108725],[139.1372967,35.3135494],[139.1357383,35.3149807],[139.1340539,35.3165565],[139.1323812,35.319156],[139.1309204,35.3212663],[139.129824,35.3234635],[139.1287512,35.3261946],[139.127866,35.3282078],[139.1279411,35.329477],[139.128204,35.3312889]]},"properties":{"name":"tokyo_line_832","loading_pct":82.8,"p_mw":86.8,"synthetic":false,"tie":false}},{"type":"Feature","geometry":{"type":"LineString","coordinates":[[139.1428703,35.3008014],[139.14402,35.300556],[139.145176,35.300619],[139.150024,35.301255]]},"properties":{"name":"tokyo_line_833","loading_pct":25.6,"p_mw":17.2,"synthetic":false,"tie":false}},{"type":"Feature","geometry":{"type":"LineString","coordinates":[[139.128204,35.3312889],[139.1284293,35.3321729]]},"properties":{"name":"tokyo_line_834","loading_pct":77.8,"p_mw":51.6,"synthetic":false,"tie":false}},{"type":"Feature","geometry":{"type":"LineString","coordinates":[[139.128204,35.3312889],[139.12788,35.331626],[139.127,35.330854]]},"properties":{"name":"tokyo_line_835","loading_pct":25.9,"p_mw":17.2,"synthetic":false,"tie":false}},{"type":"Feature","geometry":{"type":"LineString","coordinates":[[139.1284293,35.3321729],[139.127574,35.332623]]},"properties":{"name":"tokyo_line_836","loading_pct":25.9,"p_mw":17.2,"synthetic":false,"tie":false}},{"type":"Feature","geometry":{"type":"LineString","coordinates":[[139.1284293,35.3321729],[139.1290194,35.3332539],[139.1301674,35.3348118]]},"properties":{"name":"tokyo_line_837","loading_pct":25.9,"p_mw":17.2,"synthetic":false,"tie":false}},{"type":"Feature","geometry":{"type":"LineString","coordinates":[[138.9401602,34.9448752],[138.9421404,34.947145],[138.9427223,34.9491812],[138.9427218,34.9521697],[138.9435243,34.9543978],[138.9452804,34.9566495],[138.947269,34.9595614],[138.9479504,34.9635898],[138.9487926,34.9667635],[138.9491172,34.9688791],[138.9488999,34.9709053],[138.949033,34.9725609],[138.9507176,34.9754148],[138.9521177,34.9775728],[138.955571,34.9797005],[138.9549071,34.9808957],[138.9543898,34.9830013],[138.9544224,34.9854513],[138.9547973,34.9877701],[138.9549546,34.9904541],[138.954815,34.9928791],[138.952166,34.9960231]]},"properties":{"name":"tokyo_line_838","loading_pct":98.5,"p_mw":-144.9,"synthetic":false,"tie":false}},{"type":"Feature","geometry":{"type":"LineString","coordinates":[[138.9401602,34.9448752],[138.9399751,34.9440694],[138.9393282,34.9407438],[138.940902,34.9368773],[138.9432938,34.9336849],[138.9430719,34.9298016],[138.9412647,34.927901],[138.9388179,34.9247162],[138.9383854,34.9226292],[138.9376733,34.919509],[138.9358608,34.9167329]]},"properties":{"name":"tokyo_line_839","loading_pct":28.1,"p_mw":17.2,"synthetic":false,"tie":false}},{"type":"Feature","geometry":{"type":"LineString","coordinates":[[138.9401602,34.9448752],[138.9386416,34.944177],[138.9361149,34.9428284],[138.9337624,34.9414047],[138.9322491,34.9399935],[138.9303644,34.9381435],[138.9293676,34.9363062],[138.9276708,34.9352286],[138.92476,34.9333313],[138.923199,34.9324417],[138.9197088,34.9300548],[138.9161635,34.927759],[138.9136181,34.9260569],[138.9115943,34.9246626],[138.9094499,34.9242745],[138.9048379,34.9233937],[138.8998738,34.9226818],[138.8966396,34.9226856],[138.890771,34.9228494],[138.8867343,34.9219477],[138.8811364,34.9208821],[138.8777679,34.9208313],[138.8758606,34.9208635],[138.8727691,34.9209928],[138.8699708,34.9210761],[138.8677853,34.9213671],[138.8663844,34.9214661],[138.863379,34.9219477],[138.859754,34.9217036],[138.8564642,34.9214925],[138.8531745,34.9215541],[138.850908,34.922337],[138.8489687,34.9230022],[138.8468834,34.9236928],[138.84251,34.9232189],[138.8393759,34.9215519],[138.8369069,34.9207887],[138.8343225,34.9200663],[138.831619,34.9184047],[138.8292592,34.9161442],[138.8279148,34.9148263],[138.8254083,34.9123618],[138.8237507,34.9107771],[138.8194912,34.9084798],[138.8176525,34.9077855]]},"properties":{"name":"tokyo_line_840","loading_pct":102.0,"p_mw":110.5,"synthetic":false,"tie":false}},{"type":"Feature","geometry":{"type":"LineString","coordinates":[[138.9581285,34.9962274],[138.9596751,34.9921866],[138.9601275,34.9909378],[138.961167,34.9879404],[138.9623304,34.984666],[138.9628362,34.9829221],[138.963513,34.9806945],[138.9643413,34.9788807],[138.9649135,34.9759385],[138.9671011,34.9748466],[138.9682196,34.9735988],[138.9702916,34.972396],[138.972088,34.9713838],[138.9737792,34.9703915],[138.9767805,34.9694167],[138.9786393,34.9691194],[138.98186,34.968601]]},"properties":{"name":"tokyo_line_842","loading_pct":39.3,"p_mw":-11.1,"synthetic":false,"tie":false}},{"type":"Feature","geometry":{"type":"LineString","coordinates":[[138.8829144,35.1231706],[138.8865463,35.1238224],[138.888735,35.1260765],[138.8894847,35.1259954]]},"properties":{"name":"tokyo_line_844","loading_pct":25.4,"p_mw":17.2,"synthetic":false,"tie":false}},{"type":"Feature","geometry":{"type":"LineString","coordinates":[[139.0895172,34.8804265],[139.0899653,34.8832918],[139.0904852,34.88663],[139.0908302,34.8888421],[139.0915794,34.893488],[139.0905658,34.8960204],[139.0889554,34.9000623],[139.0884877,34.9012302],[139.0874816,34.9037426],[139.0876701,34.9076783],[139.0878383,34.9111256],[139.0878552,34.9122525],[139.0881263,34.913358],[139.0880264,34.915367],[139.0879837,34.9186598],[139.0873972,34.9204272],[139.0864832,34.9232189],[139.0859761,34.9251109],[139.0855932,34.9265593],[139.0846343,34.9309875],[139.0833036,34.9334102],[139.0822419,34.9369487]]},"properties":{"name":"tokyo_line_845","loading_pct":85.1,"p_mw":-72.2,"synthetic":false,"tie":false}},{"type":"Feature","geometry":{"type":"LineString","coordinates":[[139.0796666,34.8640011],[139.0776477,34.8610197],[139.0761729,34.8589059],[139.075038,34.8572467],[139.073557,34.8550855],[139.0711111,34.8515617],[139.0683313,34.8475655],[139.0661733,34.8441525],[139.0643736,34.8413482],[139.0621846,34.8378789]]},"properties":{"name":"tokyo_line_846","loading_pct":81.9,"p_mw":69.4,"synthetic":false,"tie":false}},{"type":"Feature","geometry":{"type":"LineString","coordinates":[[139.0955985,34.9504028],[139.0964694,34.9525276]]},"properties":{"name":"tokyo_line_847","loading_pct":32.7,"p_mw":13.6,"synthetic":false,"tie":false}},{"type":"Feature","geometry":{"type":"LineString","coordinates":[[139.0666292,34.9481397],[139.0616297,34.9502733],[139.0569037,34.9506162],[139.0536097,34.9514847],[139.0516236,34.9513756],[139.048363,34.9511673],[139.043812,34.9508907],[139.0409277,34.9501864],[139.0378104,34.9494148],[139.034457,34.9488796],[139.0325199,34.9493744],[139.0285109,34.9503986],[139.0254052,34.9521604],[139.0222364,34.9539398],[139.018999,34.9557608],[139.0176964,34.9563712],[139.0147296,34.9577869],[139.0115457,34.9587805],[139.0098735,34.9593058],[139.0070556,34.9601766]]},"properties":{"name":"tokyo_line_848","loading_pct":57.6,"p_mw":28.7,"synthetic":false,"tie":false}},{"type":"Feature","geometry":{"type":"LineString","coordinates":[[139.5370423,35.4117923],[139.5376625,35.4110566]]},"properties":{"name":"tokyo_line_849","loading_pct":26.0,"p_mw":17.2,"synthetic":false,"tie":false}},{"type":"Feature","geometry":{"type":"LineString","coordinates":[[138.4816509,35.6485698],[138.4794936,35.6498254],[138.4772473,35.6511338],[138.4748052,35.6525579],[138.4728207,35.6543032],[138.4708207,35.6560687],[138.4687941,35.6578797],[138.466724,35.6594731],[138.464412,35.6612391],[138.4605055,35.6642473],[138.4561573,35.6679552],[138.4543043,35.6697248],[138.4524634,35.6715083],[138.4507433,35.6731525],[138.4499622,35.6749122],[138.4490895,35.676876],[138.4482671,35.6786734],[138.4473572,35.6806989],[138.4462493,35.6831722],[138.4451764,35.685533],[138.4441176,35.6878681],[138.4431972,35.6899213],[138.4421664,35.6915254],[138.4406888,35.6938389],[138.4385122,35.6958979],[138.4368158,35.6975138],[138.4351355,35.6991132],[138.433597,35.7005707],[138.4312814,35.7027485],[138.4293229,35.7046087],[138.4277498,35.706146],[138.4257802,35.7080093],[138.4239833,35.709712],[138.4218539,35.7113059],[138.4193368,35.7132092],[138.4170756,35.715353],[138.4154364,35.7169052],[138.4144279,35.7186365],[138.4130819,35.7208999],[138.4123251,35.7221947],[138.4106031,35.7251823],[138.4092593,35.7274838],[138.4064805,35.7322958],[138.4052655,35.7343577],[138.4029803,35.7384116],[138.4015215,35.7410115],[138.4009445,35.7419385],[138.3989757,35.7452409],[138.3982247,35.7465297],[138.3976293,35.7477008],[138.3966958,35.7496557],[138.3959153,35.7510314],[138.3946225,35.7535723],[138.3940031,35.7547929],[138.3928361,35.7569934],[138.3921012,35.7584539],[138.391218,35.7609181],[138.3902755,35.7635057],[138.3893127,35.7656716],[138.3887677,35.7669097],[138.3882155,35.7680833],[138.3874845,35.7698],[138.3863468,35.7724053],[138.3852526,35.774897],[138.3840725,35.7773407]]},"properties":{"name":"tokyo_line_850","loading_pct":3.9,"p_mw":10.3,"synthetic":false,"tie":false}},{"type":"Feature","geometry":{"type":"LineString","coordinates":[[138.4653524,35.6160259],[138.4654886,35.6148384]]},"properties":{"name":"tokyo_line_852","loading_pct":25.4,"p_mw":17.2,"synthetic":false,"tie":false}},{"type":"Feature","geometry":{"type":"LineString","coordinates":[[138.4653524,35.6160259],[138.4640221,35.6181222],[138.4617465,35.6181208],[138.4599043,35.6169409],[138.4580996,35.6157681],[138.4570879,35.6145036],[138.454828,35.6116428],[138.4536479,35.6101884],[138.4533236,35.6086971],[138.4527141,35.6066981],[138.4524862,35.6049899],[138.4522064,35.602786],[138.4518785,35.6003138],[138.4517247,35.5987064],[138.4514115,35.5962868],[138.4510855,35.5938853],[138.4506667,35.5917911],[138.4504722,35.5903748],[138.4511614,35.5884809],[138.4509928,35.5864437],[138.4509479,35.5843583],[138.4507888,35.5826644],[138.4507054,35.5810611],[138.4505294,35.577978],[138.4503867,35.5754523],[138.4504034,35.5724986],[138.4503497,35.5693654],[138.4504053,35.5672374],[138.451391,35.564425],[138.4521063,35.5624523],[138.4529884,35.5599498]]},"properties":{"name":"tokyo_line_853","loading_pct":25.5,"p_mw":17.3,"synthetic":false,"tie":false}},{"type":"Feature","geometry":{"type":"LineString","coordinates":[[139.0524373,35.7900445],[139.0525073,35.7901634],[139.0546079,35.7917879],[139.0575486,35.7916362],[139.0602639,35.7904821],[139.064795,35.7910259],[139.0691736,35.7920982],[139.0757683,35.793369],[139.0780719,35.7942714],[139.080989,35.7965649],[139.0869326,35.7967758],[139.0903402,35.7968935],[139.0953446,35.7985694]]},"properties":{"name":"tokyo_line_854","loading_pct":25.4,"p_mw":-17.2,"synthetic":false,"tie":false}},{"type":"Feature","geometry":{"type":"LineString","coordinates":[[139.1214405,35.8057098],[139.1268211,35.8070746],[139.132066,35.8083614],[139.1396237,35.8092424]]},"properties":{"name":"tokyo_line_855","loading_pct":76.0,"p_mw":-48.7,"synthetic":false,"tie":false}},{"type":"Feature","geometry":{"type":"LineString","coordinates":[[139.0996327,35.8130922],[139.0981555,35.8168575],[139.0959088,35.8193525],[139.0913095,35.8209176],[139.0888056,35.823158],[139.0845794,35.8251356],[139.0798716,35.8272228],[139.0774621,35.829252],[139.0748252,35.8336369],[139.0705588,35.8370252],[139.064813,35.8384788],[139.0634756,35.8402643],[139.0621719,35.8417828],[139.062024,35.8419195]]},"properties":{"name":"tokyo_line_856","loading_pct":25.4,"p_mw":17.2,"synthetic":false,"tie":false}},{"type":"Feature","geometry":{"type":"LineString","coordinates":[[139.3414844,35.5590825],[139.3416308,35.5588813]]},"properties":{"name":"tokyo_line_857","loading_pct":54.5,"p_mw":-36.5,"synthetic":false,"tie":false}},{"type":"Feature","geometry":{"type":"LineString","coordinates":[[139.3419442,35.5685807],[139.3419522,35.5687132]]},"properties":{"name":"tokyo_line_858","loading_pct":29.1,"p_mw":19.3,"synthetic":false,"tie":false}},{"type":"Feature","geometry":{"type":"LineString","coordinates":[[139.171017,35.8104114],[139.1655995,35.8109074]]},"properties":{"name":"tokyo_line_859","loading_pct":126.3,"p_mw":-575.5,"synthetic":false,"tie":false}},{"type":"Feature","geometry":{"type":"LineString","coordinates":[[139.1840983,35.8098514],[139.1866036,35.8105303],[139.1866088,35.8108105],[139.1904954,35.8107185],[139.1950521,35.8107962],[139.1964572,35.8108211],[139.2022998,35.8109179],[139.2078555,35.8108162],[139.2125024,35.810663],[139.2143972,35.8105246],[139.2180086,35.8102531],[139.2199458,35.8101296],[139.2244295,35.8101399],[139.2277405,35.80955],[139.2312002,35.8086402],[139.2326599,35.8082595],[139.23437,35.8078102],[139.2358543,35.8073104],[139.2372002,35.80687],[139.2392916,35.8061624],[139.242884,35.8049189],[139.2457501,35.8038099],[139.2486504,35.8029497],[139.2510044,35.8021402],[139.2539003,35.8010997]]},"properties":{"name":"tokyo_line_860","loading_pct":91.3,"p_mw":165.6,"synthetic":false,"tie":false}},{"type":"Feature","geometry":{"type":"LineString","coordinates":[[139.6487099,35.275315],[139.6517066,35.275557]]},"properties":{"name":"tokyo_line_862","loading_pct":76.0,"p_mw":51.6,"synthetic":false,"tie":false}},{"type":"Feature","geometry":{"type":"LineString","coordinates":[[139.191662,35.276186],[139.191172,35.275652]]},"properties":{"name":"tokyo_line_863","loading_pct":25.3,"p_mw":17.2,"synthetic":false,"tie":false}},{"type":"Feature","geometry":{"type":"LineString","coordinates":[[139.181082,35.290741],[139.178509,35.290735]]},"properties":{"name":"tokyo_line_864","loading_pct":99.5,"p_mw":182.9,"synthetic":false,"tie":false}},{"type":"Feature","geometry":{"type":"LineString","coordinates":[[139.0480194,35.9612447],[139.0506989,35.9608186]]},"properties":{"name":"tokyo_line_865","loading_pct":76.8,"p_mw":203.2,"synthetic":false,"tie":false}},{"type":"Feature","geometry":{"type":"LineString","coordinates":[[139.0495263,35.9482329],[139.053054,35.9440051],[139.0537601,35.9416782],[139.0546114,35.9373465],[139.0573573,35.9335851],[139.060284,35.9299282],[139.063454,35.9280466],[139.0661917,35.9264304],[139.0701345,35.9242545],[139.0733466,35.9231249],[139.0761764,35.9207536],[139.0812149,35.9175083],[139.0847189,35.9154937],[139.0886172,35.9131662],[139.0953371,35.9120507],[139.1025365,35.9109614],[139.1045788,35.9106379],[139.111256,35.9114698],[139.1125943,35.9116391],[139.1168834,35.9121864],[139.1223774,35.912868],[139.126523,35.9135287],[139.1287168,35.9138714],[139.1337408,35.9147061],[139.1391726,35.9120246],[139.1415686,35.910842],[139.1484459,35.9074631],[139.1510954,35.906148],[139.1540453,35.9046988],[139.1581979,35.902647],[139.1596688,35.9015508],[139.1642969,35.8980926],[139.1668647,35.8961596]]},"properties":{"name":"tokyo_line_868","loading_pct":54.7,"p_mw":145.6,"synthetic":false,"tie":false}},{"type":"Feature","geometry":{"type":"LineString","coordinates":[[138.6170059,35.1305473],[138.6145877,35.1292399]]},"properties":{"name":"tokyo_line_869","loading_pct":2.1,"p_mw":-0.8,"synthetic":false,"tie":false}},{"type":"Feature","geometry":{"type":"LineString","coordinates":[[138.6209768,35.1387685],[138.6223934,35.1423474]]},"properties":{"name":"tokyo_line_870","loading_pct":31.3,"p_mw":-1.6,"synthetic":false,"tie":false}},{"type":"Feature","geometry":{"type":"LineString","coordinates":[[138.6263412,35.1250158],[138.6261266,35.1222451]]},"properties":{"name":"tokyo_line_871","loading_pct":29.1,"p_mw":-7.9,"synthetic":false,"tie":false}},{"type":"Feature","geometry":{"type":"LineString","coordinates":[[138.6110513,35.1305946],[138.60865,35.1315651]]},"properties":{"name":"tokyo_line_872","loading_pct":37.3,"p_mw":-17.0,"synthetic":false,"tie":false}},{"type":"Feature","geometry":{"type":"LineString","coordinates":[[138.6158779,35.125544],[138.6162682,35.1245606]]},"properties":{"name":"tokyo_line_873","loading_pct":46.3,"p_mw":0.4,"synthetic":false,"tie":false}},{"type":"Feature","geometry":{"type":"LineString","coordinates":[[138.5341684,35.06786],[138.5374864,35.0714383],[138.5382951,35.0742075],[138.5366066,35.0825042],[138.5371363,35.0890355]]},"properties":{"name":"tokyo_line_875","loading_pct":5.7,"p_mw":2.8,"synthetic":false,"tie":false}},{"type":"Feature","geometry":{"type":"LineString","coordinates":[[138.5371363,35.0890355],[138.5392472,35.0879085],[138.5419435,35.0879628],[138.5450407,35.0891902],[138.5460573,35.0905663],[138.5475727,35.0923637],[138.5456926,35.1070381],[138.5490695,35.1095592],[138.551836,35.1115379],[138.5550699,35.1138613],[138.557108,35.1151389],[138.5609382,35.117583],[138.5678986,35.1235789],[138.5741193,35.1294883],[138.5780226,35.1332136],[138.5792768,35.1341066],[138.5834172,35.1370544],[138.5849816,35.1387378],[138.5893769,35.1428366],[138.59128,35.1446169],[138.5927192,35.145265]]},"properties":{"name":"tokyo_line_876","loading_pct":20.7,"p_mw":-7.3,"synthetic":false,"tie":false}},{"type":"Feature","geometry":{"type":"LineString","coordinates":[[138.8921849,35.2271517],[138.8921055,35.2285945]]},"properties":{"name":"tokyo_line_878","loading_pct":59.1,"p_mw":-153.0,"synthetic":false,"tie":false}},{"type":"Feature","geometry":{"type":"LineString","coordinates":[[139.0828825,35.2213183],[139.0848659,35.2217051],[139.087356,35.2224823],[139.0902563,35.2233893],[139.0941722,35.2246533],[139.0987267,35.2251929],[139.1005667,35.2257615]]},"properties":{"name":"tokyo_line_880","loading_pct":2.3,"p_mw":-1.5,"synthetic":false,"tie":false}},{"type":"Feature","geometry":{"type":"LineString","coordinates":[[139.0604986,35.2083373],[139.0570957,35.2047078],[139.0560717,35.2031513]]},"properties":{"name":"tokyo_line_881","loading_pct":79.3,"p_mw":113.6,"synthetic":false,"tie":false}},{"type":"Feature","geometry":{"type":"LineString","coordinates":[[139.6323929,35.2303875],[139.6326938,35.2276454]]},"properties":{"name":"tokyo_line_882","loading_pct":122.3,"p_mw":58.1,"synthetic":false,"tie":false}},{"type":"Feature","geometry":{"type":"LineString","coordinates":[[139.6241371,35.2273448],[139.6234067,35.2266403]]},"properties":{"name":"tokyo_line_883","loading_pct":80.8,"p_mw":86.0,"synthetic":false,"tie":false}},{"type":"Feature","geometry":{"type":"LineString","coordinates":[[139.6367186,35.219786],[139.637548,35.2168475],[139.6381061,35.214899],[139.6388827,35.2140474],[139.6380262,35.2121849],[139.6364998,35.2106188],[139.6357563,35.2094914],[139.6344174,35.2079823],[139.6329974,35.2065946]]},"properties":{"name":"tokyo_line_884","loading_pct":76.1,"p_mw":51.7,"synthetic":false,"tie":false}},{"type":"Feature","geometry":{"type":"LineString","coordinates":[[139.6275049,35.1862982],[139.6286828,35.1836684]]},"properties":{"name":"tokyo_line_885","loading_pct":50.8,"p_mw":34.4,"synthetic":false,"tie":false}},{"type":"Feature","geometry":{"type":"LineString","coordinates":[[139.6339759,35.1675207],[139.6331454,35.1638308]]},"properties":{"name":"tokyo_line_886","loading_pct":25.4,"p_mw":17.2,"synthetic":false,"tie":false}},{"type":"Feature","geometry":{"type":"LineString","coordinates":[[139.6319816,35.3078968],[139.6327996,35.3102584]]},"properties":{"name":"tokyo_line_887","loading_pct":25.3,"p_mw":17.2,"synthetic":false,"tie":false}},{"type":"Feature","geometry":{"type":"LineString","coordinates":[[139.6108999,35.332651],[139.6103237,35.3347234]]},"properties":{"name":"tokyo_line_888","loading_pct":83.9,"p_mw":-72.1,"synthetic":false,"tie":false}},{"type":"Feature","geometry":{"type":"LineString","coordinates":[[139.5997884,35.3459813],[139.5979057,35.3479552],[139.5979227,35.3483566],[139.5968966,35.3482509],[139.5951259,35.3479141]]},"properties":{"name":"tokyo_line_889","loading_pct":82.2,"p_mw":-89.3,"synthetic":false,"tie":false}},{"type":"Feature","geometry":{"type":"LineString","coordinates":[[139.5951259,35.3479141],[139.5922075,35.3488266],[139.5928065,35.351082],[139.594391,35.3526968]]},"properties":{"name":"tokyo_line_890","loading_pct":80.3,"p_mw":-149.7,"synthetic":false,"tie":false}},{"type":"Feature","geometry":{"type":"LineString","coordinates":[[139.594391,35.3526968],[139.5955313,35.3534443],[139.5991668,35.3544238],[139.6013195,35.3553183],[139.6049678,35.3567188],[139.6059012,35.3562199],[139.6080369,35.356573]]},"properties":{"name":"tokyo_line_891","loading_pct":26.3,"p_mw":17.2,"synthetic":false,"tie":false}},{"type":"Feature","geometry":{"type":"LineString","coordinates":[[138.9376112,36.0429635],[138.9333271,36.0456143],[138.9315941,36.0490276],[138.9310089,36.051545],[138.9292247,36.0566485],[138.9281793,36.0596939],[138.9266963,36.0641446],[138.9237077,36.0659037],[138.9211421,36.0675103],[138.9042582,36.0867401],[138.8977334,36.093795],[138.8947438,36.095321],[138.8889322,36.0983894],[138.882403,36.1017219],[138.877827,36.1036458],[138.8757665,36.1049795],[138.869111,36.1089661],[138.8663202,36.1164268],[138.8646363,36.1197626],[138.8633238,36.1224961],[138.8627484,36.1282436],[138.86209,36.1329359],[138.859397,36.1377818],[138.8594156,36.1413768],[138.8474483,36.1512172],[138.8454277,36.1551267],[138.8428844,36.160171],[138.8391484,36.1636872],[138.8341789,36.1675538],[138.8322373,36.1689935],[138.8316512,36.1732156],[138.8309338,36.17814],[138.8305435,36.1807422],[138.8304283,36.1840688],[138.8302947,36.1879273],[138.8324746,36.1903473],[138.8331208,36.1928543],[138.8332714,36.1972671],[138.8288822,36.2011344],[138.8258436,36.2038577],[138.8237701,36.2058108],[138.8180617,36.2071314],[138.8156103,36.2077623],[138.8101345,36.2093302],[138.8039811,36.2109072],[138.799149,36.2140778],[138.7952289,36.2186607],[138.7911907,36.2235049],[138.7890327,36.2285727],[138.7873138,36.2325998],[138.7866785,36.2374274],[138.785913,36.2435369],[138.7871776,36.246564],[138.7889595,36.2510245],[138.7910185,36.2561305],[138.7904955,36.2610628],[138.7900965,36.2645455],[138.7897789,36.2673628],[138.7893992,36.2709171],[138.7902398,36.2732626],[138.7912978,36.2763264],[138.7922678,36.2789556],[138.7935056,36.2826417],[138.7936084,36.2857806],[138.7937374,36.2892732],[138.7938981,36.2926878],[138.7952323,36.2968611]]},"properties":{"name":"tokyo_line_892","loading_pct":1.2,"p_mw":-34.7,"synthetic":false,"tie":false}},{"type":"Feature","geometry":{"type":"LineString","coordinates":[[138.9450629,36.0407718],[138.9469332,36.0457246],[138.9489108,36.0518079],[138.9509097,36.0557734],[138.9552173,36.0579105],[138.9592085,36.0594612],[138.9631518,36.0632792],[138.9710875,36.0655742],[138.9748544,36.0662229],[138.9824203,36.0674646],[138.986416,36.0688194],[138.9919021,36.0715219],[138.9948929,36.0729975],[138.9995993,36.0749251],[139.005522,36.0773488],[139.0102085,36.0792688],[139.0149672,36.0812085],[139.0176807,36.0855182],[139.0199773,36.0887345],[139.0238386,36.0940439],[139.026913,36.0983682],[139.0300482,36.1008816],[139.0340481,36.1042472],[139.0364694,36.1078016],[139.039966,36.1133807],[139.0437368,36.1186616],[139.0470711,36.1207682],[139.0538759,36.1250134],[139.0575014,36.1275296],[139.0614075,36.1302519],[139.0672417,36.1343139],[139.072667,36.1386079],[139.0755952,36.140872],[139.0795681,36.1440542],[139.0861708,36.1453455],[139.0898082,36.1445626],[139.0968543,36.1430639],[139.1039257,36.1419971],[139.1096989,36.1452164],[139.1145488,36.1478849],[139.118505,36.1500542],[139.1233423,36.1531721],[139.1269007,36.1554495],[139.1330329,36.1570737],[139.1369459,36.1581043],[139.141936,36.1614971],[139.1441456,36.1651216],[139.1478252,36.1677689],[139.1505765,36.1704338],[139.152711,36.1736897],[139.1548476,36.1762457],[139.1572305,36.1784166],[139.1606327,36.1815352],[139.1638149,36.1844701],[139.166984,36.1873604],[139.1701713,36.1902588],[139.1727931,36.192686],[139.1740525,36.1967072]]},"properties":{"name":"tokyo_line_894","loading_pct":33.8,"p_mw":-1167.6,"synthetic":false,"tie":false}},{"type":"Feature","geometry":{"type":"LineString","coordinates":[[138.9245331,36.03824],[138.9217466,36.0389502],[138.9106956,36.0416972],[138.9022896,36.0447183],[138.8845897,36.0511634],[138.8729998,36.0539435],[138.8582182,36.0575235],[138.8544248,36.0584516],[138.8451811,36.0607231],[138.8428169,36.0620098],[138.8398907,36.0636335],[138.8384351,36.0644723],[138.8341386,36.066861],[138.8277969,36.0686999],[138.8221059,36.070312],[138.8151659,36.072306],[138.8124374,36.0730813],[138.8093844,36.0739286]]},"properties":{"name":"tokyo_line_895","loading_pct":9.1,"p_mw":306.5,"synthetic":false,"tie":false}},{"type":"Feature","geometry":{"type":"LineString","coordinates":[[139.3738741,35.9380012],[139.3744676,35.9416549],[139.3721349,35.9456441],[139.3725775,35.9493972],[139.3730238,35.9529369],[139.3734903,35.9564932],[139.3739213,35.9598243],[139.3751854,35.9628204],[139.3765546,35.9660143],[139.37782,35.9690033],[139.3793897,35.9726607],[139.3809056,35.9762101],[139.3819846,35.9786885],[139.3863659,35.9799451],[139.3914393,35.9813894],[139.3968325,35.9829308],[139.4001776,35.9838522],[139.4037278,35.983411],[139.4072745,35.982962]]},"properties":{"name":"tokyo_line_898","loading_pct":29.8,"p_mw":-1031.8,"synthetic":false,"tie":false}},{"type":"Feature","geometry":{"type":"LineString","coordinates":[[139.3544332,35.9256561],[139.3564377,35.9279261]]},"properties":{"name":"tokyo_line_899","loading_pct":9.7,"p_mw":6.4,"synthetic":false,"tie":false}},{"type":"Feature","geometry":{"type":"LineString","coordinates":[[138.916785,35.5713634],[138.9164249,35.575273]]},"properties":{"name":"tokyo_line_906","loading_pct":7.9,"p_mw":21.0,"synthetic":false,"tie":false}},{"type":"Feature","geometry":{"type":"LineString","coordinates":[[138.929452,35.5619333],[138.9340908,35.5616334],[138.9367529,35.5611315],[138.9389536,35.5606917],[138.9406642,35.5603991],[138.941927,35.5601536],[138.9460443,35.559424],[138.9490972,35.5595204],[138.9516737,35.5597221],[138.9527431,35.5597559],[138.954977,35.5598903],[138.9578884,35.5611404],[138.9588831,35.5615248],[138.9611269,35.5624791],[138.9631162,35.5632829],[138.9654029,35.5642871],[138.9667801,35.5648335],[138.9693969,35.565974],[138.9714658,35.5667725],[138.97307,35.5668033],[138.9743264,35.5668557],[138.9759599,35.5668532],[138.9781001,35.5668643],[138.9801638,35.5668831],[138.9821498,35.5668657],[138.9852376,35.5668756],[138.9865345,35.5668623],[138.9910817,35.5668566],[138.9923505,35.5668167],[138.995414,35.5668205],[138.9985475,35.5667958],[139.0019076,35.5668148],[139.0045248,35.5667882],[139.0070624,35.5667853],[139.0092832,35.5667698],[139.0113221,35.5674583],[139.0164177,35.5695406],[139.019161,35.5699549],[139.0217173,35.570125],[139.0230845,35.5702273],[139.0299461,35.5714079],[139.0316589,35.5720427],[139.0334756,35.5727574],[139.0351698,35.5736832],[139.0386149,35.5748284],[139.0409215,35.5756804],[139.0422465,35.5762419],[139.0442863,35.5764387],[139.0467746,35.5767889],[139.0486591,35.5770132],[139.0506486,35.5765324],[139.0517263,35.5762624],[139.0530769,35.5759462],[139.0550891,35.5754746],[139.056999,35.575016],[139.0610846,35.5740801],[139.0625829,35.5737298],[139.0636711,35.5734895],[139.0666321,35.5728357],[139.0688193,35.5723272],[139.0695817,35.572299],[139.0717461,35.5721643],[139.073649,35.5720429],[139.0768804,35.5718617],[139.0786279,35.571762],[139.0794632,35.5717087],[139.0833833,35.5714842],[139.0868765,35.5727326],[139.0887914,35.5734414],[139.090491,35.5745523],[139.0929378,35.5756878],[139.0943558,35.5763521],[139.0967173,35.5774503],[139.0998246,35.5789149],[139.1022517,35.5799628],[139.1061425,35.5818113],[139.1080475,35.5826905],[139.1118093,35.5844802],[139.1148433,35.5848859],[139.1172088,35.5851961],[139.1192644,35.5854493],[139.1222904,35.5858428],[139.1252127,35.5862274],[139.1271483,35.5864976],[139.1300745,35.5868879],[139.1323667,35.5874403],[139.135939,35.588306],[139.1395122,35.589187],[139.1405015,35.5896557],[139.1419404,35.590397],[139.1437737,35.5913676],[139.1458248,35.5924397],[139.1485797,35.5938967],[139.1498573,35.5945512],[139.151909,35.5940071],[139.1514532,35.5955143],[139.1554854,35.5974832],[139.1565094,35.5979257],[139.1580455,35.5986139],[139.1608753,35.5998854],[139.1626703,35.6006704],[139.1642369,35.6013778],[139.1676448,35.6015423],[139.17107,35.6017045],[139.1741917,35.6018596],[139.175926,35.6019489],[139.1779948,35.6015714],[139.1819313,35.6008585],[139.1845413,35.6002469],[139.1869756,35.599652],[139.188533,35.5992714],[139.1907425,35.5985884],[139.1933893,35.5978039],[139.1959752,35.5970497],[139.1985995,35.5962568]]},"properties":{"name":"tokyo_line_907","loading_pct":33.0,"p_mw":86.4,"synthetic":false,"tie":false}},{"type":"Feature","geometry":{"type":"LineString","coordinates":[[139.1985995,35.5962568],[139.1986983,35.5965072],[139.1977016,35.5983905],[139.1966937,35.6006769],[139.1959271,35.6025629],[139.1945109,35.6057948],[139.1939852,35.607027],[139.1932704,35.6085938],[139.1933656,35.6094192],[139.1938403,35.6132003],[139.1943228,35.6155821],[139.1963724,35.6159128]]},"properties":{"name":"tokyo_line_908","loading_pct":3.9,"p_mw":10.3,"synthetic":false,"tie":false}},{"type":"Feature","geometry":{"type":"LineString","coordinates":[[138.8142598,35.472203],[138.8123904,35.4725319]]},"properties":{"name":"tokyo_line_909","loading_pct":80.0,"p_mw":16.9,"synthetic":false,"tie":false}},{"type":"Feature","geometry":{"type":"LineString","coordinates":[[138.8142598,35.472203],[138.8140367,35.4675289],[138.8132484,35.4649695],[138.8122131,35.4624746],[138.8105984,35.4601108],[138.8109793,35.4578212],[138.8116605,35.4549067],[138.8140155,35.4526388],[138.8167924,35.4502406],[138.8192673,35.4487233],[138.8216974,35.4478886],[138.8240285,35.4466364],[138.8261928,35.4449344],[138.8290574,35.4435971],[138.8315118,35.4422617],[138.834017,35.4403955]]},"properties":{"name":"tokyo_line_910","loading_pct":76.7,"p_mw":51.9,"synthetic":false,"tie":false}},{"type":"Feature","geometry":{"type":"LineString","coordinates":[[138.834017,35.4403955],[138.8368709,35.4386517],[138.8394321,35.436613],[138.8414092,35.4344427]]},"properties":{"name":"tokyo_line_911","loading_pct":25.6,"p_mw":17.2,"synthetic":false,"tie":false}},{"type":"Feature","geometry":{"type":"LineString","coordinates":[[138.834017,35.4403955],[138.8347275,35.4410754],[138.8360043,35.441932],[138.836766,35.4443094]]},"properties":{"name":"tokyo_line_912","loading_pct":25.6,"p_mw":17.2,"synthetic":false,"tie":false}},{"type":"Feature","geometry":{"type":"LineString","coordinates":[[139.133156,35.25199],[139.133432,35.251121],[139.134113,35.247623],[139.132921,35.242151],[139.132532,35.240436],[139.132144,35.238629],[139.1319937,35.2379304],[139.131738,35.236742],[139.131352,35.234963],[139.131027,35.23346],[139.130655,35.231747]]},"properties":{"name":"tokyo_line_913","loading_pct":87.8,"p_mw":136.4,"synthetic":false,"tie":false}},{"type":"Feature","geometry":{"type":"LineString","coordinates":[[139.133156,35.25199],[139.133382,35.252026],[139.134882,35.252652],[139.137725,35.253872],[139.139526,35.253755]]},"properties":{"name":"tokyo_line_914","loading_pct":25.4,"p_mw":17.2,"synthetic":false,"tie":false}},{"type":"Feature","geometry":{"type":"LineString","coordinates":[[139.130655,35.231747],[139.130172,35.229479],[139.129128,35.224665],[139.128692,35.222741],[139.128405,35.220456],[139.128381,35.218219],[139.128346,35.216797],[139.128317,35.214212],[139.128266,35.211317]]},"properties":{"name":"tokyo_line_915","loading_pct":78.8,"p_mw":71.9,"synthetic":false,"tie":false}},{"type":"Feature","geometry":{"type":"LineString","coordinates":[[139.099634,35.236279],[139.094589,35.236319],[139.091132,35.235729],[139.0901,35.235339]]},"properties":{"name":"tokyo_line_916","loading_pct":82.9,"p_mw":157.4,"synthetic":false,"tie":false}},{"type":"Feature","geometry":{"type":"LineString","coordinates":[[139.127032,35.24046],[139.130106,35.240901],[139.133121,35.241457],[139.136095,35.240642]]},"properties":{"name":"tokyo_line_917","loading_pct":78.9,"p_mw":67.9,"synthetic":false,"tie":false}},{"type":"Feature","geometry":{"type":"LineString","coordinates":[[139.127954,35.190725],[139.127735,35.1881],[139.127356,35.182595],[139.127197,35.180449],[139.126861,35.179793],[139.124511,35.175288],[139.123122,35.172659],[139.12242,35.171726],[139.121696,35.170676],[139.119782,35.168594],[139.118553,35.167218],[139.117006,35.165484],[139.115774,35.164112],[139.114905,35.16313],[139.112351,35.161105]]},"properties":{"name":"tokyo_line_918","loading_pct":79.3,"p_mw":87.8,"synthetic":false,"tie":false}},{"type":"Feature","geometry":{"type":"LineString","coordinates":[[139.130972,35.213444],[139.131094,35.214331],[139.131439,35.216992],[139.131452,35.220654],[139.131553,35.222374],[139.132242,35.224017],[139.133699,35.227494],[139.136298,35.2289739],[139.135655,35.233216],[139.135941,35.236499],[139.136246,35.238973],[139.136095,35.240642]]},"properties":{"name":"tokyo_line_919","loading_pct":49.9,"p_mw":-33.4,"synthetic":false,"tie":false}},{"type":"Feature","geometry":{"type":"LineString","coordinates":[[139.104502,35.142739],[139.102537,35.141826]]},"properties":{"name":"tokyo_line_920","loading_pct":80.7,"p_mw":69.7,"synthetic":false,"tie":false}},{"type":"Feature","geometry":{"type":"LineString","coordinates":[[139.0472956,35.0977122],[139.0495229,35.0949763]]},"properties":{"name":"tokyo_line_921","loading_pct":25.5,"p_mw":17.2,"synthetic":false,"tie":false}},{"type":"Feature","geometry":{"type":"LineString","coordinates":[[139.136095,35.240642],[139.136061,35.242119],[139.135643,35.244767]]},"properties":{"name":"tokyo_line_922","loading_pct":25.3,"p_mw":17.2,"synthetic":false,"tie":false}},{"type":"Feature","geometry":{"type":"LineString","coordinates":[[138.6426917,35.1895405],[138.6428139,35.1894027]]},"properties":{"name":"tokyo_line_923","loading_pct":26.8,"p_mw":17.2,"synthetic":false,"tie":false}},{"type":"Feature","geometry":{"type":"LineString","coordinates":[[138.3991313,34.9528387],[138.4015956,34.9540951],[138.4031399,34.9549036],[138.4053353,34.9558752],[138.4075414,34.9575272],[138.4094658,34.9588462],[138.4110939,34.9599733],[138.4130908,34.961384],[138.4149305,34.9626848],[138.4167296,34.9639563],[138.4185609,34.9652494],[138.4208384,34.966878],[138.4222442,34.9678392],[138.4221033,34.9698954],[138.4219793,34.9718477],[138.4218512,34.9737609],[138.4217238,34.9755708],[138.4216132,34.9773203],[138.4207079,34.9782614],[138.4192106,34.9788581],[138.4169844,34.9797323],[138.4147037,34.9805821]]},"properties":{"name":"tokyo_line_924","loading_pct":25.4,"p_mw":17.2,"synthetic":false,"tie":false}},{"type":"Feature","geometry":{"type":"LineString","coordinates":[[138.794143,34.9688878],[138.7952024,34.9674569],[138.7965475,34.9650192],[138.8001015,34.9616627],[138.8034382,34.9573718],[138.8032504,34.9528937],[138.8035199,34.9506206],[138.8051031,34.9475432],[138.806237,34.9431114],[138.8076874,34.9402157],[138.8081206,34.9358741],[138.8059433,34.9331745],[138.8049629,34.9289904],[138.8064328,34.9250792],[138.8063725,34.9205286],[138.8113828,34.9171872],[138.8132028,34.9126734],[138.8149354,34.9095353],[138.8176525,34.9077855]]},"properties":{"name":"tokyo_line_925","loading_pct":31.6,"p_mw":-17.2,"synthetic":false,"tie":false}},{"type":"Feature","geometry":{"type":"LineString","coordinates":[[138.8176525,34.9077855],[138.8157092,34.9067872],[138.8124798,34.9056929],[138.8110623,34.903524],[138.8071744,34.9038947]]},"properties":{"name":"tokyo_line_926","loading_pct":102.9,"p_mw":69.9,"synthetic":false,"tie":false}},{"type":"Feature","geometry":{"type":"LineString","coordinates":[[138.8066223,34.8485496],[138.8052428,34.845476],[138.8029462,34.8447255],[138.7997475,34.8417497],[138.797038,34.8414792],[138.7928674,34.8388703],[138.7877086,34.8374098],[138.7839292,34.8361347]]},"properties":{"name":"tokyo_line_927","loading_pct":32.4,"p_mw":17.2,"synthetic":false,"tie":false}},{"type":"Feature","geometry":{"type":"LineString","coordinates":[[138.8066223,34.8485496],[138.8094762,34.8476185],[138.8125282,34.8444272],[138.8155517,34.841304],[138.8167769,34.8376266],[138.8149332,34.8333703],[138.8156729,34.8311423],[138.8171428,34.8253713],[138.8161753,34.8217958],[138.8168821,34.8185164],[138.8162978,34.8167708],[138.8142183,34.8139329],[138.8178019,34.8114333],[138.818168,34.810067],[138.8206056,34.8070542],[138.8242224,34.8051478],[138.8246677,34.8034809],[138.8245558,34.8017065],[138.8254802,34.7997793],[138.8248097,34.798141],[138.825881,34.7962878],[138.8263818,34.7945258],[138.8276959,34.7928044],[138.8290373,34.7897472],[138.8278447,34.7855454],[138.8222704,34.7836327],[138.8221365,34.77881],[138.8238339,34.7757987],[138.8227615,34.7743736],[138.8211145,34.7715056],[138.8196657,34.7677055],[138.8187098,34.7648488],[138.8174652,34.7622515],[138.8168561,34.761037],[138.8149457,34.7570657],[138.8133407,34.7527667],[138.8113934,34.7521773],[138.8050108,34.7490178]]},"properties":{"name":"tokyo_line_928","loading_pct":32.9,"p_mw":17.4,"synthetic":false,"tie":false}},{"type":"Feature","geometry":{"type":"LineString","coordinates":[[138.8066223,34.8485496],[138.8041327,34.8509563],[138.8011783,34.854015],[138.7969645,34.8568592],[138.7948157,34.8593749],[138.79326,34.8619838],[138.7924809,34.8656051],[138.7904883,34.8668688],[138.7878529,34.8694341],[138.7876373,34.8723159],[138.7880585,34.8760324],[138.7882713,34.8778058],[138.7892563,34.8837058],[138.7890645,34.8859176],[138.7895019,34.8899026],[138.7904256,34.8941235]]},"properties":{"name":"tokyo_line_929","loading_pct":97.5,"p_mw":-51.8,"synthetic":false,"tie":false}},{"type":"Feature","geometry":{"type":"LineString","coordinates":[[138.6301503,35.2002081],[138.6297266,35.2010398],[138.6291498,35.2021719],[138.6283988,35.2036052],[138.6275297,35.2051569],[138.6262691,35.2064522],[138.6245713,35.2082207]]},"properties":{"name":"tokyo_line_930","loading_pct":89.5,"p_mw":149.1,"synthetic":false,"tie":false}},{"type":"Feature","geometry":{"type":"LineString","coordinates":[[138.6301503,35.2002081],[138.6307793,35.2006158],[138.6331933,35.2044096],[138.629587,35.2096189],[138.6282521,35.2099866],[138.6281628,35.2100112]]},"properties":{"name":"tokyo_line_931","loading_pct":89.3,"p_mw":96.5,"synthetic":false,"tie":false}},{"type":"Feature","geometry":{"type":"LineString","coordinates":[[138.6245713,35.2082207],[138.6267063,35.2090261],[138.6275031,35.209565],[138.6280283,35.2099202],[138.6281628,35.2100112]]},"properties":{"name":"tokyo_line_932","loading_pct":99.5,"p_mw":-61.6,"synthetic":false,"tie":false}},{"type":"Feature","geometry":{"type":"LineString","coordinates":[[138.6281628,35.2100112],[138.6276102,35.2105032],[138.6275244,35.2111168]]},"properties":{"name":"tokyo_line_933","loading_pct":27.3,"p_mw":17.2,"synthetic":false,"tie":false}},{"type":"Feature","geometry":{"type":"LineString","coordinates":[[139.0560717,35.2031513],[139.0542018,35.2032644],[139.051368,35.202857]]},"properties":{"name":"tokyo_line_934","loading_pct":25.3,"p_mw":17.2,"synthetic":false,"tie":false}},{"type":"Feature","geometry":{"type":"LineString","coordinates":[[139.0901,35.235339],[139.090634,35.234649],[139.090921,35.234129],[139.090922,35.233558]]},"properties":{"name":"tokyo_line_935","loading_pct":25.5,"p_mw":17.2,"synthetic":false,"tie":false}},{"type":"Feature","geometry":{"type":"LineString","coordinates":[[139.0901,35.235339],[139.08982,35.23652],[139.088776,35.23849],[139.087012,35.240453],[139.08632,35.24122],[139.085148,35.243358],[139.082792,35.244476],[139.079645,35.245915],[139.074673,35.24614],[139.070316,35.247041],[139.067926,35.247539],[139.064722,35.248229],[139.062861,35.249399],[139.060872,35.250596]]},"properties":{"name":"tokyo_line_936","loading_pct":83.4,"p_mw":122.4,"synthetic":false,"tie":false}},{"type":"Feature","geometry":{"type":"LineString","coordinates":[[139.0620846,35.0385438],[139.0620471,35.0371102],[139.0640147,35.034516],[139.0659926,35.0328795],[139.0674446,35.0316663],[139.0680283,35.0306421],[139.0699525,35.0270892],[139.0712117,35.0247657]]},"properties":{"name":"tokyo_line_938","loading_pct":25.5,"p_mw":17.2,"synthetic":false,"tie":false}},{"type":"Feature","geometry":{"type":"LineString","coordinates":[[139.0620846,35.0385438],[139.0635172,35.038476],[139.0685391,35.038136],[139.0704715,35.0393858],[139.071855,35.0410418],[139.0738246,35.0438221],[139.073939,35.0461736]]},"properties":{"name":"tokyo_line_939","loading_pct":25.5,"p_mw":17.2,"synthetic":false,"tie":false}},{"type":"Feature","geometry":{"type":"LineString","coordinates":[[139.0922523,35.3507851],[139.0922704,35.3516284],[139.0905089,35.353967],[139.089139,35.3558281],[139.0885328,35.3566812],[139.0895279,35.3586007],[139.0910447,35.3608046],[139.0919901,35.3621804],[139.0939857,35.3638898],[139.0971319,35.3652066],[139.0980278,35.366181],[139.0985066,35.36819],[139.098658,35.369131],[139.098849,35.371575]]},"properties":{"name":"tokyo_line_940","loading_pct":78.0,"p_mw":-119.7,"synthetic":false,"tie":false}},{"type":"Feature","geometry":{"type":"LineString","coordinates":[[139.0922523,35.3507851],[139.0928463,35.3507116],[139.0941928,35.3492141],[139.0950485,35.3496259]]},"properties":{"name":"tokyo_line_941","loading_pct":82.5,"p_mw":54.2,"synthetic":false,"tie":false}},{"type":"Feature","geometry":{"type":"LineString","coordinates":[[139.098849,35.371575],[139.0954118,35.3712746],[139.0942337,35.3711142],[139.0902085,35.3704989],[139.0867125,35.3708539],[139.0838851,35.371145],[139.0815813,35.3713716],[139.0807287,35.371459],[139.0774042,35.3709692],[139.0749184,35.3709019],[139.0705187,35.3707797],[139.0685418,35.370254],[139.0655681,35.3694585]]},"properties":{"name":"tokyo_line_942","loading_pct":48.9,"p_mw":-31.8,"synthetic":false,"tie":false}},{"type":"Feature","geometry":{"type":"LineString","coordinates":[[139.098849,35.371575],[139.10036,35.371819],[139.1019076,35.3726947],[139.1023001,35.3729168],[139.1043229,35.3740613],[139.1056175,35.3741997],[139.1061944,35.3742613],[139.1080318,35.3744577],[139.1110345,35.3742828],[139.1153173,35.374379],[139.1180196,35.374326],[139.1217794,35.3745261],[139.1258544,35.374852],[139.1290227,35.3751073],[139.1331962,35.3747831],[139.1358416,35.3747306],[139.1382019,35.3732248],[139.1426316,35.3718513],[139.1480014,35.3723784],[139.1492962,35.3725145],[139.1510054,35.372222],[139.1541557,35.3716982],[139.1586658,35.371941],[139.16099,35.372034],[139.1645975,35.3721553],[139.1674997,35.3732992]]},"properties":{"name":"tokyo_line_943","loading_pct":35.9,"p_mw":-14.2,"synthetic":false,"tie":false}},{"type":"Feature","geometry":{"type":"LineString","coordinates":[[139.034303,35.373454],[139.031564,35.373087],[139.0297423,35.3726948],[139.028277,35.372641],[139.026914,35.372447],[139.023936,35.371966],[139.022933,35.371545],[139.0230336,35.369516],[139.020122,35.367383],[139.017312,35.365623],[139.014907,35.363759],[139.012141,35.361911],[139.010031,35.360866],[139.008158,35.359226],[139.0073431,35.3582412]]},"properties":{"name":"tokyo_line_945","loading_pct":85.6,"p_mw":86.7,"synthetic":false,"tie":false}},{"type":"Feature","geometry":{"type":"LineString","coordinates":[[139.034303,35.373454],[139.034164,35.374058],[139.033954,35.375038],[139.033756,35.375883],[139.03363,35.376622],[139.033455,35.377698],[139.033335,35.378427],[139.034253,35.3783107],[139.033462,35.380036],[139.033674,35.380576],[139.033886,35.381106],[139.034549,35.382741],[139.034859,35.384186],[139.03526,35.385194],[139.035897,35.388708],[139.036383,35.390723],[139.037504,35.391602],[139.038934,35.394016],[139.040799,35.39597],[139.041707,35.397694],[139.042652,35.399321],[139.0430851,35.4001533],[139.043949,35.401768],[139.04453,35.40297],[139.044654,35.403789],[139.04513,35.405148],[139.047543,35.407417],[139.047973,35.408073],[139.048259,35.408991]]},"properties":{"name":"tokyo_line_946","loading_pct":87.3,"p_mw":122.8,"synthetic":false,"tie":false}},{"type":"Feature","geometry":{"type":"LineString","coordinates":[[139.0073431,35.3582412],[139.007542,35.356492]]},"properties":{"name":"tokyo_line_947","loading_pct":26.8,"p_mw":17.2,"synthetic":false,"tie":false}},{"type":"Feature","geometry":{"type":"LineString","coordinates":[[139.0073431,35.3582412],[139.00613,35.3573864]]},"properties":{"name":"tokyo_line_948","loading_pct":80.5,"p_mw":51.6,"synthetic":false,"tie":false}},{"type":"Feature","geometry":{"type":"LineString","coordinates":[[139.0655681,35.3694585],[139.0653898,35.3687178],[139.0657614,35.366659],[139.0662868,35.3641026],[139.0667185,35.3620592],[139.0670668,35.360325],[139.0673493,35.3588348],[139.0680791,35.3572202],[139.0684993,35.3566436]]},"properties":{"name":"tokyo_line_949","loading_pct":25.8,"p_mw":17.2,"synthetic":false,"tie":false}},{"type":"Feature","geometry":{"type":"LineString","coordinates":[[139.045609,35.410337],[139.044984,35.408456]]},"properties":{"name":"tokyo_line_950","loading_pct":27.2,"p_mw":17.2,"synthetic":false,"tie":false}},{"type":"Feature","geometry":{"type":"LineString","coordinates":[[139.045609,35.410337],[139.047144,35.409347],[139.048259,35.408991]]},"properties":{"name":"tokyo_line_951","loading_pct":81.8,"p_mw":-51.6,"synthetic":false,"tie":false}},{"type":"Feature","geometry":{"type":"LineString","coordinates":[[139.045609,35.410337],[139.044312,35.411967],[139.043529,35.414043],[139.042985,35.414774],[139.039517,35.416413],[139.039397,35.415561]]},"properties":{"name":"tokyo_line_952","loading_pct":27.3,"p_mw":17.2,"synthetic":false,"tie":false}},{"type":"Feature","geometry":{"type":"LineString","coordinates":[[139.048259,35.408991],[139.050608,35.409416],[139.05231,35.40858],[139.054908,35.40761],[139.056571,35.409258],[139.060032,35.410522],[139.062567,35.410961],[139.065594,35.411451],[139.068537,35.41411],[139.070033,35.415331],[139.070215,35.416446],[139.071988,35.418067],[139.072536,35.418286]]},"properties":{"name":"tokyo_line_953","loading_pct":82.4,"p_mw":51.9,"synthetic":false,"tie":false}},{"type":"Feature","geometry":{"type":"LineString","coordinates":[[139.072536,35.418286],[139.073927,35.418542],[139.07478,35.418989],[139.077526,35.419444],[139.078275,35.419606],[139.081168,35.42026],[139.082384,35.420392],[139.083862,35.42057],[139.085148,35.420742],[139.087503,35.421646],[139.091887,35.42155],[139.092812,35.423092],[139.093673,35.424945],[139.094302,35.425975],[139.094951,35.426656],[139.096118,35.427876],[139.096953,35.428992],[139.098155,35.430575],[139.099108,35.43177],[139.100748,35.433102],[139.102937,35.4349],[139.103586,35.436189],[139.103809,35.436939],[139.103976,35.437537],[139.104517,35.439109],[139.104729,35.439878]]},"properties":{"name":"tokyo_line_954","loading_pct":27.5,"p_mw":17.2,"synthetic":false,"tie":false}},{"type":"Feature","geometry":{"type":"LineString","coordinates":[[139.072536,35.418286],[139.071984,35.418795],[139.070984,35.419539],[139.070078,35.420298],[139.069871,35.421031]]},"properties":{"name":"tokyo_line_955","loading_pct":27.4,"p_mw":17.2,"synthetic":false,"tie":false}},{"type":"Feature","geometry":{"type":"LineString","coordinates":[[139.00613,35.3573864],[139.0059229,35.3574696],[139.0057796,35.3575271],[139.003036,35.358629],[139.001633,35.358446]]},"properties":{"name":"tokyo_line_956","loading_pct":26.8,"p_mw":17.2,"synthetic":false,"tie":false}},{"type":"Feature","geometry":{"type":"LineString","coordinates":[[139.00613,35.3573864],[139.004206,35.356987],[139.002359,35.357105],[139.000592,35.356503],[138.9998095,35.3561964],[138.998665,35.355748],[138.995862,35.355503]]},"properties":{"name":"tokyo_line_957","loading_pct":26.9,"p_mw":17.2,"synthetic":false,"tie":false}},{"type":"Feature","geometry":{"type":"LineString","coordinates":[[139.1674997,35.3732992],[139.1676483,35.3720233],[139.168026,35.370976],[139.16753,35.368903],[139.167316,35.367948],[139.167844,35.365642],[139.16825,35.363971],[139.167722,35.362142],[139.166679,35.360038],[139.166021,35.357587],[139.164397,35.355315],[139.163269,35.353801],[139.16201,35.352397]]},"properties":{"name":"tokyo_line_958","loading_pct":44.3,"p_mw":16.5,"synthetic":false,"tie":false}},{"type":"Feature","geometry":{"type":"LineString","coordinates":[[139.1674997,35.3732992],[139.1706257,35.3744946],[139.1729692,35.3747981],[139.1750663,35.3748407],[139.1775324,35.3748271]]},"properties":{"name":"tokyo_line_959","loading_pct":70.5,"p_mw":-48.0,"synthetic":false,"tie":false}},{"type":"Feature","geometry":{"type":"LineString","coordinates":[[139.2043283,35.3843275],[139.201919,35.3840303]]},"properties":{"name":"tokyo_line_961","loading_pct":48.5,"p_mw":83.8,"synthetic":false,"tie":false}},{"type":"Feature","geometry":{"type":"LineString","coordinates":[[139.1947551,35.3754026],[139.1921906,35.3755193]]},"properties":{"name":"tokyo_line_962","loading_pct":95.5,"p_mw":65.3,"synthetic":false,"tie":false}},{"type":"Feature","geometry":{"type":"LineString","coordinates":[[138.6665556,35.1505298],[138.669093,35.1501131]]},"properties":{"name":"tokyo_line_963","loading_pct":13.0,"p_mw":8.6,"synthetic":false,"tie":false}},{"type":"Feature","geometry":{"type":"LineString","coordinates":[[138.6751552,35.1432538],[138.6646288,35.1362311]]},"properties":{"name":"tokyo_line_965","loading_pct":26.1,"p_mw":17.2,"synthetic":false,"tie":false}},{"type":"Feature","geometry":{"type":"LineString","coordinates":[[139.04353,35.255789],[139.043127,35.253961]]},"properties":{"name":"tokyo_line_966","loading_pct":1.5,"p_mw":1.0,"synthetic":false,"tie":false}},{"type":"Feature","geometry":{"type":"LineString","coordinates":[[139.060872,35.250596],[139.059271,35.251037],[139.057153,35.251636],[139.056335,35.25381],[139.0561333,35.2543496],[139.055506,35.256028],[139.053981,35.257626],[139.0522614,35.2531289],[139.048622,35.258336]]},"properties":{"name":"tokyo_line_967","loading_pct":83.7,"p_mw":86.5,"synthetic":false,"tie":false}},{"type":"Feature","geometry":{"type":"LineString","coordinates":[[139.060872,35.250596],[139.059984,35.249265],[139.059434,35.247912],[139.0596722,35.2476672]]},"properties":{"name":"tokyo_line_968","loading_pct":26.0,"p_mw":17.2,"synthetic":false,"tie":false}},{"type":"Feature","geometry":{"type":"LineString","coordinates":[[139.048622,35.258336],[139.047087,35.258751],[139.042167,35.260565],[139.038163,35.26157],[139.035605,35.261259],[139.032354,35.260876],[139.030203,35.261051],[139.028776,35.261678],[139.026752,35.262535],[139.025279,35.263953],[139.024941,35.265268],[139.023692,35.264648]]},"properties":{"name":"tokyo_line_969","loading_pct":26.2,"p_mw":17.2,"synthetic":false,"tie":false}},{"type":"Feature","geometry":{"type":"LineString","coordinates":[[139.048622,35.258336],[139.047722,35.257181],[139.047443,35.255238]]},"properties":{"name":"tokyo_line_970","loading_pct":78.7,"p_mw":51.6,"synthetic":false,"tie":false}},{"type":"Feature","geometry":{"type":"LineString","coordinates":[[139.089905,35.348896],[139.090551,35.347942],[139.091058,35.347174],[139.091771,35.346134],[139.092888,35.345656],[139.094073,35.345335],[139.095287,35.345524],[139.096582,35.345735],[139.097848,35.345983],[139.099261,35.346767]]},"properties":{"name":"tokyo_line_973","loading_pct":22.3,"p_mw":14.6,"synthetic":false,"tie":false}},{"type":"Feature","geometry":{"type":"LineString","coordinates":[[139.099261,35.346767],[139.098981,35.346842]]},"properties":{"name":"tokyo_line_974","loading_pct":5.4,"p_mw":3.6,"synthetic":false,"tie":false}},{"type":"Feature","geometry":{"type":"LineString","coordinates":[[139.099261,35.346767],[139.09928,35.347233],[139.100082,35.347712],[139.100956,35.348073],[139.102187,35.348527],[139.103404,35.348984],[139.10453,35.349424],[139.105662,35.349869],[139.106948,35.349884],[139.108008,35.349901]]},"properties":{"name":"tokyo_line_975","loading_pct":10.1,"p_mw":6.6,"synthetic":false,"tie":false}},{"type":"Feature","geometry":{"type":"LineString","coordinates":[[139.1357834,35.2791364],[139.1354633,35.2780906],[139.133477,35.277145],[139.131597,35.274954]]},"properties":{"name":"tokyo_line_976","loading_pct":25.4,"p_mw":17.2,"synthetic":false,"tie":false}},{"type":"Feature","geometry":{"type":"LineString","coordinates":[[138.6909313,35.6874366],[138.692318,35.6881925]]},"properties":{"name":"tokyo_line_977","loading_pct":0.5,"p_mw":-0.3,"synthetic":false,"tie":false}},{"type":"Feature","geometry":{"type":"LineString","coordinates":[[138.7145886,35.1518435],[138.7157714,35.153951]]},"properties":{"name":"tokyo_line_979","loading_pct":25.3,"p_mw":17.2,"synthetic":false,"tie":false}},{"type":"Feature","geometry":{"type":"LineString","coordinates":[[138.926534,35.2184132],[138.9268809,35.2182125]]},"properties":{"name":"tokyo_line_980","loading_pct":67.5,"p_mw":45.5,"synthetic":false,"tie":false}},{"type":"Feature","geometry":{"type":"LineString","coordinates":[[138.926534,35.2184132],[138.9241247,35.2196537],[138.9209187,35.2211864],[138.9182928,35.2194776],[138.9162803,35.2180911],[138.9156806,35.21764],[138.914045,35.2176028]]},"properties":{"name":"tokyo_line_981","loading_pct":23.2,"p_mw":9.9,"synthetic":false,"tie":false}},{"type":"Feature","geometry":{"type":"LineString","coordinates":[[138.9268809,35.2182125],[138.9272964,35.2183082]]},"properties":{"name":"tokyo_line_982","loading_pct":25.6,"p_mw":17.2,"synthetic":false,"tie":false}},{"type":"Feature","geometry":{"type":"LineString","coordinates":[[138.9268809,35.2182125],[138.9257187,35.2163024],[138.9252546,35.2142711],[138.9248081,35.2123468],[138.9244947,35.2098623],[138.9237523,35.2079085],[138.9229245,35.2061117],[138.9221085,35.2040429],[138.9228809,35.2026651],[138.9239671,35.2007108],[138.9248255,35.1991799],[138.924267,35.1978901],[138.9241093,35.197501],[138.9231189,35.1952188],[138.922272,35.1930734],[138.9220898,35.1906364]]},"properties":{"name":"tokyo_line_983","loading_pct":16.6,"p_mw":11.2,"synthetic":false,"tie":false}},{"type":"Feature","geometry":{"type":"LineString","coordinates":[[139.6281172,35.7446556],[139.6300838,35.7445532]]},"properties":{"name":"tokyo_line_984","loading_pct":25.5,"p_mw":17.2,"synthetic":false,"tie":false}},{"type":"Feature","geometry":{"type":"LineString","coordinates":[[138.5556039,35.591735],[138.5540207,35.5911867]]},"properties":{"name":"tokyo_line_985","loading_pct":65.1,"p_mw":42.8,"synthetic":false,"tie":false}},{"type":"Feature","geometry":{"type":"LineString","coordinates":[[139.2932991,35.8829948],[139.2893284,35.8849796],[139.287926,35.8856745],[139.2855131,35.8868749],[139.2837595,35.8877457],[139.2798828,35.8892271],[139.2777138,35.8900643],[139.2749247,35.8915259],[139.272292,35.8929048],[139.2696412,35.8942947],[139.2667828,35.8957914],[139.2643715,35.8961883],[139.2621301,35.8965635],[139.2580723,35.8972297],[139.2543074,35.8968871],[139.2511994,35.8986969],[139.2497804,35.8995244],[139.2480871,35.8996531]]},"properties":{"name":"tokyo_line_986","loading_pct":50.9,"p_mw":34.5,"synthetic":false,"tie":false}},{"type":"Feature","geometry":{"type":"LineString","coordinates":[[139.2356721,35.9080648],[139.2340134,35.9082291]]},"properties":{"name":"tokyo_line_987","loading_pct":25.5,"p_mw":17.2,"synthetic":false,"tie":false}},{"type":"Feature","geometry":{"type":"LineString","coordinates":[[139.2701662,35.3802414],[139.2675526,35.3808996]]},"properties":{"name":"tokyo_line_988","loading_pct":10.9,"p_mw":-6.1,"synthetic":false,"tie":false}},{"type":"Feature","geometry":{"type":"LineString","coordinates":[[138.4655522,35.0293715],[138.4645611,35.0295571],[138.461831,35.0303151]]},"properties":{"name":"tokyo_line_989","loading_pct":16.9,"p_mw":15.5,"synthetic":false,"tie":false}},{"type":"Feature","geometry":{"type":"LineString","coordinates":[[138.5060771,35.2513307],[138.5029023,35.2536441]]},"properties":{"name":"tokyo_line_990","loading_pct":23.0,"p_mw":15.1,"synthetic":false,"tie":false}},{"type":"Feature","geometry":{"type":"LineString","coordinates":[[139.0486091,34.8217508],[139.0459742,34.8187469],[139.0448681,34.8174722],[139.0421174,34.8158339],[139.0377894,34.8134554],[139.0340465,34.8119965],[139.0338305,34.8119166]]},"properties":{"name":"tokyo_line_991","loading_pct":77.1,"p_mw":51.8,"synthetic":false,"tie":false}},{"type":"Feature","geometry":{"type":"LineString","coordinates":[[138.9732153,34.7607198],[138.9729621,34.7631548],[138.9735443,34.76571],[138.9760878,34.7671519],[138.9812871,34.7688415],[138.9847383,34.7703956],[138.9915268,34.7718721],[138.9968372,34.7733026],[139.0030206,34.7748542],[139.0079193,34.7763691],[139.0112449,34.7775726],[139.0148225,34.7789043],[139.0174275,34.7803749],[139.018859,34.7817567],[139.0215232,34.7843017],[139.0235096,34.786455],[139.0249691,34.7889343],[139.0259072,34.792039],[139.0267089,34.7946757],[139.0277263,34.7963076],[139.0272746,34.7982768],[139.0286524,34.8009513],[139.0296113,34.8040143],[139.0308237,34.8076559],[139.0314101,34.8096172],[139.034098,34.8118291],[139.0338895,34.8118159]]},"properties":{"name":"tokyo_line_992","loading_pct":25.8,"p_mw":-17.2,"synthetic":false,"tie":false}},{"type":"Feature","geometry":{"type":"LineString","coordinates":[[139.2413826,35.6089789],[139.2390958,35.6100271],[139.235599,35.611761],[139.2350779,35.612691],[139.2338647,35.6149643],[139.2335944,35.6173964],[139.2334593,35.6186724],[139.2331921,35.6212941],[139.2331092,35.6234405],[139.2330699,35.623509],[139.2328839,35.6238039],[139.2312784,35.6263492],[139.2315472,35.6318251]]},"properties":{"name":"tokyo_line_993","loading_pct":25.5,"p_mw":17.2,"synthetic":false,"tie":false}},{"type":"Feature","geometry":{"type":"LineString","coordinates":[[139.2413826,35.6089789],[139.2382188,35.6078153],[139.2363761,35.6071284],[139.2348687,35.6068885],[139.2331789,35.6066355],[139.2302848,35.6062015],[139.2247219,35.6053827],[139.2214174,35.6048648],[139.2182565,35.6044025],[139.2169536,35.6055146],[139.2159511,35.6062867],[139.2113913,35.6083496],[139.2079588,35.6079101],[139.2037966,35.6090223],[139.2003326,35.6100919],[139.1983625,35.6105161],[139.1969235,35.6103427],[139.1934514,35.6090267],[139.1926373,35.609212],[139.1887854,35.6128458],[139.1871791,35.6143375],[139.1856367,35.6156846],[139.1838835,35.6167988],[139.1827869,35.6183844],[139.181933,35.6196157],[139.1797279,35.6215406],[139.1763992,35.6228943],[139.1742645,35.6233853],[139.1719497,35.6226527],[139.1693507,35.6221622],[139.1665625,35.6215768],[139.1645428,35.6211494],[139.1612034,35.6215288],[139.1587264,35.6209449],[139.1562461,35.6193225],[139.1545229,35.618984],[139.1504285,35.6196786],[139.1468976,35.6202909],[139.1438553,35.6211388],[139.1407122,35.6220447],[139.1391371,35.6223759],[139.1351988,35.6232169],[139.1327697,35.6237256]]},"properties":{"name":"tokyo_line_994","loading_pct":34.5,"p_mw":-23.4,"synthetic":false,"tie":false}},{"type":"Feature","geometry":{"type":"LineString","coordinates":[[139.6227096,35.8042598],[139.6243231,35.8059357]]},"properties":{"name":"tokyo_line_995","loading_pct":44.5,"p_mw":-117.4,"synthetic":false,"tie":false}},{"type":"Feature","geometry":{"type":"LineString","coordinates":[[139.6227096,35.8042598],[139.6232242,35.8067133]]},"properties":{"name":"tokyo_line_996","loading_pct":33.8,"p_mw":-42.9,"synthetic":false,"tie":false}},{"type":"Feature","geometry":{"type":"LineString","coordinates":[[139.6227096,35.8042598],[139.6236789,35.8037533]]},"properties":{"name":"tokyo_line_997","loading_pct":37.1,"p_mw":92.6,"synthetic":false,"tie":false}},{"type":"Feature","geometry":{"type":"LineString","coordinates":[[139.6243231,35.8059357],[139.6232242,35.8067133]]},"properties":{"name":"tokyo_line_999","loading_pct":63.1,"p_mw":125.9,"synthetic":false,"tie":false}},{"type":"Feature","geometry":{"type":"LineString","coordinates":[[139.6243231,35.8059357],[139.6263143,35.8047645],[139.6262473,35.8037421]]},"properties":{"name":"tokyo_line_1001","loading_pct":59.5,"p_mw":156.2,"synthetic":false,"tie":false}},{"type":"Feature","geometry":{"type":"LineString","coordinates":[[139.6458519,35.8384133],[139.6499553,35.8390179]]},"properties":{"name":"tokyo_line_1003","loading_pct":69.4,"p_mw":-919.9,"synthetic":false,"tie":false}},{"type":"Feature","geometry":{"type":"LineString","coordinates":[[139.0122766,35.6093072],[139.0142185,35.6084523]]},"properties":{"name":"tokyo_line_1004","loading_pct":128.4,"p_mw":85.4,"synthetic":false,"tie":false}},{"type":"Feature","geometry":{"type":"LineString","coordinates":[[139.0424005,35.6047932],[139.0445572,35.6049155],[139.0470778,35.6051022],[139.0486694,35.6058476],[139.0508811,35.6068888],[139.0537742,35.6070652],[139.0549384,35.6075485],[139.0566357,35.6082671],[139.0580668,35.608867],[139.0600914,35.6097545],[139.0614496,35.6105699],[139.0633568,35.6117247],[139.0649104,35.6127084],[139.0660195,35.6133909],[139.0688892,35.6142683],[139.0709261,35.614799],[139.0723988,35.6152148],[139.0748048,35.61516],[139.0766221,35.6148509],[139.0786406,35.614461],[139.080766,35.6141583],[139.0825953,35.6148408],[139.083585,35.6152093],[139.0855967,35.6158831]]},"properties":{"name":"tokyo_line_1005","loading_pct":105.2,"p_mw":68.2,"synthetic":false,"tie":false}},{"type":"Feature","geometry":{"type":"LineString","coordinates":[[139.1059174,35.6189725],[139.1079558,35.6191731]]},"properties":{"name":"tokyo_line_1006","loading_pct":84.5,"p_mw":65.6,"synthetic":false,"tie":false}},{"type":"Feature","geometry":{"type":"LineString","coordinates":[[139.1205581,35.6228111],[139.1214866,35.6233138]]},"properties":{"name":"tokyo_line_1007","loading_pct":99.7,"p_mw":67.0,"synthetic":false,"tie":false}},{"type":"Feature","geometry":{"type":"LineString","coordinates":[[139.1197977,35.6085199],[139.1227193,35.6073191],[139.1264188,35.6061771],[139.1273521,35.6049629],[139.1284096,35.6021721],[139.1322405,35.6010748],[139.1353479,35.5997746],[139.1371347,35.5985763],[139.1393109,35.5971903],[139.1414246,35.5933626],[139.1425685,35.5923947],[139.1426164,35.5928308]]},"properties":{"name":"tokyo_line_1008","loading_pct":19.5,"p_mw":15.5,"synthetic":false,"tie":false}},{"type":"Feature","geometry":{"type":"LineString","coordinates":[[138.9078252,35.2404923],[138.9073682,35.2387395],[138.9066302,35.2370066],[138.9049822,35.2354947],[138.9031435,35.2343162],[138.9012119,35.2331038],[138.8993579,35.2319192],[138.8966131,35.2318367],[138.8945458,35.2317802]]},"properties":{"name":"tokyo_line_1009","loading_pct":61.1,"p_mw":157.8,"synthetic":false,"tie":false}},{"type":"Feature","geometry":{"type":"LineString","coordinates":[[138.9672779,35.3503333],[138.9674688,35.3505699]]},"properties":{"name":"tokyo_line_1010","loading_pct":25.4,"p_mw":17.2,"synthetic":false,"tie":false}},{"type":"Feature","geometry":{"type":"LineString","coordinates":[[138.9672779,35.3503333],[138.9705291,35.3504962],[138.9705907,35.3486165],[138.9726028,35.3482208],[138.9765502,35.3482347],[138.9773081,35.3479821],[138.980028,35.351221],[138.9827574,35.353637],[138.9841345,35.3550023],[138.9843932,35.3552794]]},"properties":{"name":"tokyo_line_1011","loading_pct":25.5,"p_mw":17.2,"synthetic":false,"tie":false}},{"type":"Feature","geometry":{"type":"LineString","coordinates":[[139.1790576,35.3811844],[139.1762541,35.3808426],[139.1734728,35.3805206],[139.172058,35.3803409]]},"properties":{"name":"tokyo_line_1012","loading_pct":45.7,"p_mw":73.5,"synthetic":false,"tie":false}},{"type":"Feature","geometry":{"type":"LineString","coordinates":[[139.3161232,35.60577],[139.3158295,35.6057128],[139.3156401,35.6057022]]},"properties":{"name":"tokyo_line_1013","loading_pct":49.1,"p_mw":33.2,"synthetic":false,"tie":false}},{"type":"Feature","geometry":{"type":"LineString","coordinates":[[139.3161232,35.60577],[139.315801,35.6055762],[139.3156904,35.6055468]]},"properties":{"name":"tokyo_line_1014","loading_pct":99.9,"p_mw":-67.6,"synthetic":false,"tie":false}},{"type":"Feature","geometry":{"type":"LineString","coordinates":[[139.3161232,35.60577],[139.3163294,35.605815],[139.3166355,35.6058644],[139.3169334,35.6059189],[139.3173614,35.6059968],[139.317754,35.6060683]]},"properties":{"name":"tokyo_line_1015","loading_pct":25.4,"p_mw":17.2,"synthetic":false,"tie":false}},{"type":"Feature","geometry":{"type":"LineString","coordinates":[[139.3156401,35.6057022],[139.3156904,35.6055468]]},"properties":{"name":"tokyo_line_1016","loading_pct":81.3,"p_mw":-259.5,"synthetic":false,"tie":false}},{"type":"Feature","geometry":{"type":"LineString","coordinates":[[139.3156401,35.6057022],[139.3152894,35.6056863],[139.3150024,35.6056774],[139.314594,35.6056498],[139.3143992,35.6056326],[139.3139791,35.6056059]]},"properties":{"name":"tokyo_line_1017","loading_pct":81.3,"p_mw":258.3,"synthetic":false,"tie":false}},{"type":"Feature","geometry":{"type":"LineString","coordinates":[[139.3156401,35.6057022],[139.3157628,35.6058952],[139.3157253,35.606213],[139.3157035,35.6062836],[139.3155489,35.6065695]]},"properties":{"name":"tokyo_line_1018","loading_pct":25.4,"p_mw":17.2,"synthetic":false,"tie":false}},{"type":"Feature","geometry":{"type":"LineString","coordinates":[[139.3139791,35.6056059],[139.3136791,35.6055879],[139.3132389,35.605567],[139.3129053,35.6055476],[139.3126038,35.6055288]]},"properties":{"name":"tokyo_line_1019","loading_pct":81.3,"p_mw":141.4,"synthetic":false,"tie":false}},{"type":"Feature","geometry":{"type":"LineString","coordinates":[[139.3139791,35.6056059],[139.313938,35.6052854],[139.3136573,35.6050403],[139.3137646,35.6049443],[139.313674,35.6047475]]},"properties":{"name":"tokyo_line_1020","loading_pct":81.3,"p_mw":99.4,"synthetic":false,"tie":false}},{"type":"Feature","geometry":{"type":"LineString","coordinates":[[139.3126038,35.6055288],[139.3123407,35.605519],[139.312063,35.6055062],[139.3118545,35.6054969],[139.311792,35.6054946]]},"properties":{"name":"tokyo_line_1021","loading_pct":81.3,"p_mw":120.4,"synthetic":false,"tie":false}},{"type":"Feature","geometry":{"type":"LineString","coordinates":[[139.3126038,35.6055288],[139.3124711,35.6053625],[139.3124711,35.605206]]},"properties":{"name":"tokyo_line_1022","loading_pct":5.5,"p_mw":3.7,"synthetic":false,"tie":false}},{"type":"Feature","geometry":{"type":"LineString","coordinates":[[139.311792,35.6054946],[139.3116429,35.6054893]]},"properties":{"name":"tokyo_line_1023","loading_pct":81.3,"p_mw":86.0,"synthetic":false,"tie":false}},{"type":"Feature","geometry":{"type":"LineString","coordinates":[[139.311792,35.6054946],[139.3117442,35.6053391],[139.3117026,35.6051346],[139.3117449,35.6049443],[139.3116409,35.6046767]]},"properties":{"name":"tokyo_line_1024","loading_pct":25.5,"p_mw":17.2,"synthetic":false,"tie":false}},{"type":"Feature","geometry":{"type":"LineString","coordinates":[[139.3116429,35.6054893],[139.3113057,35.605483]]},"properties":{"name":"tokyo_line_1025","loading_pct":76.4,"p_mw":51.6,"synthetic":false,"tie":false}},{"type":"Feature","geometry":{"type":"LineString","coordinates":[[139.3116429,35.6054893],[139.3115635,35.6053134]]},"properties":{"name":"tokyo_line_1026","loading_pct":25.5,"p_mw":17.2,"synthetic":false,"tie":false}},{"type":"Feature","geometry":{"type":"LineString","coordinates":[[139.3113057,35.605483],[139.311016,35.6054721],[139.3107712,35.6054486],[139.3105888,35.6054356],[139.3103494,35.6054154],[139.3098469,35.6053903]]},"properties":{"name":"tokyo_line_1027","loading_pct":25.5,"p_mw":17.2,"synthetic":false,"tie":false}},{"type":"Feature","geometry":{"type":"LineString","coordinates":[[139.3113057,35.605483],[139.3112943,35.6053404],[139.3112993,35.6050678],[139.3112926,35.6048762],[139.3112768,35.604627]]},"properties":{"name":"tokyo_line_1028","loading_pct":25.5,"p_mw":17.2,"synthetic":false,"tie":false}},{"type":"Feature","geometry":{"type":"LineString","coordinates":[[139.3156904,35.6055468],[139.3156324,35.6051902]]},"properties":{"name":"tokyo_line_1029","loading_pct":81.2,"p_mw":-344.3,"synthetic":false,"tie":false}},{"type":"Feature","geometry":{"type":"LineString","coordinates":[[139.3156324,35.6051902],[139.3157122,35.6051428]]},"properties":{"name":"tokyo_line_1030","loading_pct":81.2,"p_mw":-378.8,"synthetic":false,"tie":false}},{"type":"Feature","geometry":{"type":"LineString","coordinates":[[139.3156324,35.6051902],[139.3154222,35.6053671],[139.3154536,35.6054179]]},"properties":{"name":"tokyo_line_1031","loading_pct":25.4,"p_mw":17.2,"synthetic":false,"tie":false}},{"type":"Feature","geometry":{"type":"LineString","coordinates":[[139.3154936,35.6048836],[139.3157122,35.6051428]]},"properties":{"name":"tokyo_line_1032","loading_pct":81.2,"p_mw":104.7,"synthetic":false,"tie":false}},{"type":"Feature","geometry":{"type":"LineString","coordinates":[[139.3154936,35.6048836],[139.3155761,35.6048735],[139.315576,35.6048082]]},"properties":{"name":"tokyo_line_1033","loading_pct":25.4,"p_mw":17.2,"synthetic":false,"tie":false}},{"type":"Feature","geometry":{"type":"LineString","coordinates":[[139.3117445,35.6039289],[139.3119249,35.6040074]]},"properties":{"name":"tokyo_line_1034","loading_pct":25.3,"p_mw":-17.2,"synthetic":false,"tie":false}},{"type":"Feature","geometry":{"type":"LineString","coordinates":[[139.3119249,35.6040074],[139.3119883,35.6035939]]},"properties":{"name":"tokyo_line_1035","loading_pct":80.8,"p_mw":-86.0,"synthetic":false,"tie":false}},{"type":"Feature","geometry":{"type":"LineString","coordinates":[[139.3119249,35.6040074],[139.312167,35.6040505],[139.3123393,35.6040968],[139.3126484,35.6042072],[139.3128074,35.6042151],[139.3131725,35.6042244],[139.313615,35.604467]]},"properties":{"name":"tokyo_line_1036","loading_pct":75.9,"p_mw":51.6,"synthetic":false,"tie":false}},{"type":"Feature","geometry":{"type":"LineString","coordinates":[[139.313615,35.604467],[139.314009,35.6042768],[139.3142148,35.6042495],[139.3142588,35.6039276],[139.3145236,35.6039251]]},"properties":{"name":"tokyo_line_1037","loading_pct":25.3,"p_mw":17.2,"synthetic":false,"tie":false}},{"type":"Feature","geometry":{"type":"LineString","coordinates":[[139.313615,35.604467],[139.3135708,35.6040818],[139.3135493,35.6038376],[139.3135265,35.6036364],[139.3134085,35.6033676],[139.3134729,35.6029593]]},"properties":{"name":"tokyo_line_1038","loading_pct":25.3,"p_mw":17.2,"synthetic":false,"tie":false}},{"type":"Feature","geometry":{"type":"LineString","coordinates":[[139.3119883,35.6035939],[139.3120587,35.6034085],[139.3120386,35.6029876],[139.3123859,35.6030416],[139.3126709,35.6030449]]},"properties":{"name":"tokyo_line_1039","loading_pct":25.3,"p_mw":17.2,"synthetic":false,"tie":false}},{"type":"Feature","geometry":{"type":"LineString","coordinates":[[139.3124711,35.605206],[139.3127768,35.6050643]]},"properties":{"name":"tokyo_line_1040","loading_pct":45.4,"p_mw":-30.6,"synthetic":false,"tie":false}},{"type":"Feature","geometry":{"type":"LineString","coordinates":[[139.3124711,35.605206],[139.3124241,35.6050872],[139.3124107,35.6049378],[139.3123705,35.604838],[139.3121361,35.6048375],[139.3120144,35.6047126]]},"properties":{"name":"tokyo_line_1041","loading_pct":25.5,"p_mw":17.2,"synthetic":false,"tie":false}},{"type":"Feature","geometry":{"type":"LineString","coordinates":[[139.3127768,35.6050643],[139.3129579,35.6052235]]},"properties":{"name":"tokyo_line_1042","loading_pct":25.5,"p_mw":17.2,"synthetic":false,"tie":false}},{"type":"Feature","geometry":{"type":"LineString","coordinates":[[139.3127768,35.6050643],[139.3132,35.6048811],[139.313674,35.6047475]]},"properties":{"name":"tokyo_line_1043","loading_pct":96.3,"p_mw":-65.0,"synthetic":false,"tie":false}},{"type":"Feature","geometry":{"type":"LineString","coordinates":[[139.313674,35.6047475],[139.3138638,35.6047448],[139.3141522,35.6047786]]},"properties":{"name":"tokyo_line_1044","loading_pct":25.5,"p_mw":17.2,"synthetic":false,"tie":false}},{"type":"Feature","geometry":{"type":"LineString","coordinates":[[138.4030066,35.42651],[138.4058255,35.4280518]]},"properties":{"name":"tokyo_line_1045","loading_pct":9.0,"p_mw":5.8,"synthetic":false,"tie":false}},{"type":"Feature","geometry":{"type":"LineString","coordinates":[[138.365951,35.4101497],[138.3671822,35.4119201],[138.3708318,35.4155667],[138.3735672,35.417397],[138.3791771,35.4211183],[138.3822013,35.421493],[138.3869272,35.4219281],[138.3931159,35.4211011],[138.3946134,35.4208898],[138.3979735,35.4203997],[138.3991441,35.4204888],[138.4022578,35.4207002],[138.4043148,35.4208307],[138.4085846,35.4211041],[138.4125933,35.4190363],[138.4133253,35.4186811],[138.4166349,35.4170861],[138.4216476,35.4147057],[138.4224803,35.4143116],[138.4273696,35.4119911],[138.4285835,35.4114489],[138.4317679,35.4114195],[138.4360626,35.4113987],[138.4381015,35.4110335],[138.4398879,35.4098828]]},"properties":{"name":"tokyo_line_1046","loading_pct":0.1,"p_mw":0.0,"synthetic":false,"tie":false}},{"type":"Feature","geometry":{"type":"LineString","coordinates":[[138.3272916,35.40004],[138.3251841,35.4004093],[138.3254954,35.4031849],[138.3279847,35.4069472],[138.3314116,35.4106406],[138.3321976,35.4115197],[138.3345197,35.4138542],[138.336022,35.4153515],[138.3373585,35.4167033],[138.3390236,35.4173765],[138.3413106,35.4175741],[138.3432308,35.4176989],[138.3458559,35.4178704],[138.3474029,35.4192481],[138.3497059,35.4213094],[138.3511189,35.4226272],[138.3534187,35.4249666],[138.3533963,35.4266378],[138.3601011,35.424192],[138.3630867,35.4228742],[138.3644359,35.4224895],[138.3724316,35.4201525],[138.3746535,35.4205183],[138.3780062,35.4211741],[138.38174,35.4217513],[138.3867447,35.4222552],[138.3910212,35.4237754],[138.3944478,35.4255644],[138.3951767,35.4255743],[138.4003487,35.4250288],[138.40227,35.4249669],[138.4030281,35.4260374]]},"properties":{"name":"tokyo_line_1047","loading_pct":27.3,"p_mw":-17.2,"synthetic":false,"tie":false}},{"type":"Feature","geometry":{"type":"LineString","coordinates":[[138.4374227,35.4100298],[138.4352377,35.4123243]]},"properties":{"name":"tokyo_line_1048","loading_pct":1.1,"p_mw":-0.7,"synthetic":false,"tie":false}},{"type":"Feature","geometry":{"type":"LineString","coordinates":[[139.2712872,35.790988],[139.2717899,35.7909898]]},"properties":{"name":"tokyo_line_1049","loading_pct":145.6,"p_mw":74.4,"synthetic":false,"tie":false}},{"type":"Feature","geometry":{"type":"LineString","coordinates":[[138.9195312,35.0735627],[138.9198404,35.0765051]]},"properties":{"name":"tokyo_line_1050","loading_pct":21.8,"p_mw":-9.8,"synthetic":false,"tie":false}},{"type":"Feature","geometry":{"type":"LineString","coordinates":[[139.6400854,35.9151956],[139.6405153,35.9130828]]},"properties":{"name":"tokyo_line_1051","loading_pct":53.2,"p_mw":-348.2,"synthetic":false,"tie":false}},{"type":"Feature","geometry":{"type":"LineString","coordinates":[[139.6451394,35.920923],[139.6474072,35.9215926]]},"properties":{"name":"tokyo_line_1052","loading_pct":62.5,"p_mw":73.3,"synthetic":false,"tie":false}},{"type":"Feature","geometry":{"type":"LineString","coordinates":[[139.6295113,35.9278809],[139.6279881,35.9291069]]},"properties":{"name":"tokyo_line_1053","loading_pct":50.4,"p_mw":257.7,"synthetic":false,"tie":false}},{"type":"Feature","geometry":{"type":"LineString","coordinates":[[139.6406191,35.9064632],[139.6408406,35.9044406]]},"properties":{"name":"tokyo_line_1054","loading_pct":53.7,"p_mw":-366.4,"synthetic":false,"tie":false}},{"type":"Feature","geometry":{"type":"LineString","coordinates":[[139.6236789,35.8037533],[139.6262473,35.8037421]]},"properties":{"name":"tokyo_line_1055","loading_pct":26.8,"p_mw":65.0,"synthetic":false,"tie":false}},{"type":"Feature","geometry":{"type":"LineString","coordinates":[[139.6634689,35.780805],[139.6622049,35.7792805]]},"properties":{"name":"tokyo_line_1059","loading_pct":83.0,"p_mw":68.8,"synthetic":false,"tie":false}},{"type":"Feature","geometry":{"type":"LineString","coordinates":[[139.6648166,35.7824159],[139.66611,35.7839685]]},"properties":{"name":"tokyo_line_1060","loading_pct":83.1,"p_mw":108.2,"synthetic":false,"tie":false}},{"type":"Feature","geometry":{"type":"LineString","coordinates":[[139.6085417,35.7941615],[139.6103823,35.7926678]]},"properties":{"name":"tokyo_line_1063","loading_pct":76.8,"p_mw":-18.8,"synthetic":false,"tie":false}},{"type":"Feature","geometry":{"type":"LineString","coordinates":[[139.6010863,35.799314],[139.5993642,35.7994367]]},"properties":{"name":"tokyo_line_1064","loading_pct":72.6,"p_mw":66.1,"synthetic":false,"tie":false}},{"type":"Feature","geometry":{"type":"LineString","coordinates":[[139.5940427,35.7875504],[139.5918622,35.7880613]]},"properties":{"name":"tokyo_line_1065","loading_pct":83.4,"p_mw":71.3,"synthetic":false,"tie":false}},{"type":"Feature","geometry":{"type":"LineString","coordinates":[[139.172058,35.3803409],[139.169707,35.380054],[139.1659515,35.3795791],[139.1616722,35.3793996],[139.1586671,35.3792064],[139.1564447,35.3790323],[139.152037,35.3787888],[139.1458659,35.3782802],[139.1442615,35.3785383],[139.1411312,35.3790417],[139.1377477,35.379577],[139.1363931,35.3795439],[139.1283892,35.3792864],[139.1247425,35.3792024],[139.1222541,35.3791161],[139.1180338,35.3789928],[139.1150094,35.3789122],[139.1124269,35.3788434],[139.108781,35.3787308],[139.1034285,35.3785749],[139.1009674,35.378501],[139.0947673,35.3783224]]},"properties":{"name":"tokyo_line_1068","loading_pct":39.2,"p_mw":45.9,"synthetic":false,"tie":false}},{"type":"Feature","geometry":{"type":"LineString","coordinates":[[138.4260791,34.9911774],[138.4250651,34.9938651],[138.4241067,34.9955902],[138.4248443,34.9974556],[138.4242551,35.000199],[138.4239001,35.0016122],[138.4232377,35.0028621],[138.4224088,35.0043869],[138.4211268,35.0055447],[138.419506,35.0070013],[138.41839,35.0079763],[138.4166286,35.0083807],[138.4150052,35.0097585],[138.4126431,35.0102247],[138.4086265,35.0110355]]},"properties":{"name":"tokyo_line_1069","loading_pct":7.3,"p_mw":4.9,"synthetic":false,"tie":false}},{"type":"Feature","geometry":{"type":"LineString","coordinates":[[138.4086265,35.0110355],[138.4056206,35.0115515],[138.402072,35.0124697],[138.401026,35.0125422],[138.3982552,35.0130541],[138.3962007,35.0134341],[138.3935667,35.013924],[138.3910422,35.0143995],[138.3882935,35.0149235],[138.3853993,35.015323]]},"properties":{"name":"tokyo_line_1070","loading_pct":25.7,"p_mw":17.2,"synthetic":false,"tie":false}},{"type":"Feature","geometry":{"type":"LineString","coordinates":[[138.4086265,35.0110355],[138.408472,35.0137559],[138.4085634,35.0155789],[138.4115902,35.0195726],[138.4124504,35.0221183]]},"properties":{"name":"tokyo_line_1071","loading_pct":9.1,"p_mw":-6.1,"synthetic":false,"tie":false}},{"type":"Feature","geometry":{"type":"LineString","coordinates":[[139.6621574,35.8394558],[139.6654014,35.8396083]]},"properties":{"name":"tokyo_line_1072","loading_pct":73.5,"p_mw":-1007.4,"synthetic":false,"tie":false}},{"type":"Feature","geometry":{"type":"LineString","coordinates":[[139.6708374,35.8348656],[139.6734049,35.836258]]},"properties":{"name":"tokyo_line_1073","loading_pct":72.9,"p_mw":-846.9,"synthetic":false,"tie":false}},{"type":"Feature","geometry":{"type":"LineString","coordinates":[[139.667654,35.8397163],[139.6702919,35.8398494],[139.6724882,35.8409316],[139.6750541,35.8428623],[139.6766636,35.8440424],[139.6804276,35.84421],[139.6826921,35.8448179],[139.6858381,35.8456633],[139.6907612,35.8469834],[139.6926878,35.847524],[139.6944921,35.8480186]]},"properties":{"name":"tokyo_line_1074","loading_pct":74.8,"p_mw":-364.0,"synthetic":false,"tie":false}},{"type":"Feature","geometry":{"type":"LineString","coordinates":[[139.7020294,35.8450084],[139.699223,35.8449866]]},"properties":{"name":"tokyo_line_1075","loading_pct":75.6,"p_mw":1219.9,"synthetic":false,"tie":false}},{"type":"Feature","geometry":{"type":"LineString","coordinates":[[139.7138279,35.843137],[139.7161119,35.8395603]]},"properties":{"name":"tokyo_line_1076","loading_pct":83.9,"p_mw":-194.7,"synthetic":false,"tie":false}},{"type":"Feature","geometry":{"type":"LineString","coordinates":[[139.7254288,35.8528494],[139.7279112,35.8515855],[139.7311711,35.8499155],[139.7331062,35.8488741],[139.7354041,35.8479739],[139.7375991,35.8471313],[139.740463,35.845332],[139.7429099,35.8437372],[139.7446367,35.8426057],[139.7467734,35.8408141],[139.749363,35.8387076],[139.7519144,35.8363976],[139.7540726,35.8341575]]},"properties":{"name":"tokyo_line_1079","loading_pct":72.6,"p_mw":-571.5,"synthetic":false,"tie":false}},{"type":"Feature","geometry":{"type":"LineString","coordinates":[[139.6517778,35.7635017],[139.653051,35.7650929]]},"properties":{"name":"tokyo_line_1081","loading_pct":52.1,"p_mw":-34.4,"synthetic":false,"tie":false}},{"type":"Feature","geometry":{"type":"LineString","coordinates":[[139.6562993,35.7692205],[139.6571089,35.770698]]},"properties":{"name":"tokyo_line_1082","loading_pct":78.0,"p_mw":-51.6,"synthetic":false,"tie":false}},{"type":"Feature","geometry":{"type":"LineString","coordinates":[[138.5692767,35.3466741],[138.5694189,35.3468398],[138.5696598,35.3466835],[138.5699904,35.3463274],[138.5703488,35.3457934],[138.5705975,35.3454399],[138.5709303,35.3449597],[138.570912,35.3442363],[138.5708699,35.343005],[138.5708322,35.3414566],[138.570867,35.3403485],[138.5708931,35.3398465],[138.570928,35.3391717],[138.5706029,35.3378174],[138.5710005,35.3372965],[138.5723154,35.3345166],[138.5726369,35.3316216],[138.573618,35.3291918],[138.5737167,35.3284012],[138.5739142,35.326626],[138.5744792,35.3245001],[138.5755642,35.3238977],[138.5763228,35.323233],[138.5771033,35.3214205],[138.5801908,35.3171506],[138.5815378,35.3151398],[138.5829856,35.3131729],[138.5842704,35.3114294],[138.58449,35.3099942],[138.5847187,35.307561],[138.5849521,35.3050659],[138.5852153,35.3023511],[138.5863288,35.3001067],[138.5863929,35.2986743],[138.5855191,35.2966666],[138.5845853,35.294266],[138.5833466,35.2919901],[138.5821713,35.289929],[138.581638,35.2878181]]},"properties":{"name":"tokyo_line_1085","loading_pct":28.8,"p_mw":-17.2,"synthetic":false,"tie":false}},{"type":"Feature","geometry":{"type":"LineString","coordinates":[[138.581638,35.2878181],[138.5839549,35.2870073],[138.5855005,35.2858675],[138.5875327,35.2863406],[138.586886,35.2871752]]},"properties":{"name":"tokyo_line_1086","loading_pct":28.6,"p_mw":17.2,"synthetic":false,"tie":false}},{"type":"Feature","geometry":{"type":"LineString","coordinates":[[138.581638,35.2878181],[138.5815595,35.2872387],[138.5805698,35.2851252],[138.5800038,35.282673],[138.5799951,35.2802419],[138.5799415,35.2788282],[138.5798354,35.2766331],[138.5801821,35.275237],[138.5808347,35.2731798],[138.5801759,35.2702352],[138.5794873,35.2676502],[138.5794908,35.265691],[138.5800995,35.2628583],[138.5802694,35.2607881],[138.5803027,35.2592621]]},"properties":{"name":"tokyo_line_1087","loading_pct":85.9,"p_mw":-51.7,"synthetic":false,"tie":false}},{"type":"Feature","geometry":{"type":"LineString","coordinates":[[138.5803027,35.2592621],[138.579417,35.2596424],[138.5768944,35.2607882],[138.5730049,35.2614352],[138.5696293,35.2624994],[138.5659633,35.2626937],[138.562489,35.262369],[138.5619752,35.2626534]]},"properties":{"name":"tokyo_line_1088","loading_pct":28.3,"p_mw":17.2,"synthetic":false,"tie":false}},{"type":"Feature","geometry":{"type":"LineString","coordinates":[[139.3010427,35.8081996],[139.301052,35.8080585]]},"properties":{"name":"tokyo_line_1089","loading_pct":0.1,"p_mw":-0.0,"synthetic":false,"tie":false}},{"type":"Feature","geometry":{"type":"LineString","coordinates":[[138.914045,35.2176028],[138.9142006,35.2167028],[138.9135038,35.2169181],[138.9152167,35.2163232],[138.9150057,35.2157128],[138.9150368,35.215568]]},"properties":{"name":"tokyo_line_1090","loading_pct":25.6,"p_mw":17.2,"synthetic":false,"tie":false}},{"type":"Feature","geometry":{"type":"LineString","coordinates":[[138.8921055,35.2285945],[138.8945458,35.2317802]]},"properties":{"name":"tokyo_line_1091","loading_pct":69.5,"p_mw":-180.6,"synthetic":false,"tie":false}},{"type":"Feature","geometry":{"type":"LineString","coordinates":[[139.2513379,35.8143257],[139.2510573,35.8144495],[139.2507574,35.8145948],[139.2504552,35.8147569],[139.2497824,35.8152586],[139.2496981,35.8153116],[139.2491179,35.815693],[139.2481868,35.8162936],[139.2460004,35.8176972],[139.2452479,35.818179],[139.2451372,35.8181764]]},"properties":{"name":"tokyo_line_1094","loading_pct":4.2,"p_mw":2.8,"synthetic":false,"tie":false}},{"type":"Feature","geometry":{"type":"LineString","coordinates":[[139.2451372,35.8181764],[139.2451108,35.8181496]]},"properties":{"name":"tokyo_line_1095","loading_pct":1.2,"p_mw":0.8,"synthetic":false,"tie":false}},{"type":"Feature","geometry":{"type":"LineString","coordinates":[[139.2451372,35.8181764],[139.2449906,35.8182716],[139.2448715,35.8183387],[139.2447909,35.818372],[139.2446804,35.8183988],[139.2445488,35.8184163],[139.2443861,35.8184007],[139.2441629,35.8183398]]},"properties":{"name":"tokyo_line_1096","loading_pct":1.7,"p_mw":1.2,"synthetic":false,"tie":false}},{"type":"Feature","geometry":{"type":"LineString","coordinates":[[139.5648383,35.8333463],[139.5684505,35.8335127]]},"properties":{"name":"tokyo_line_1097","loading_pct":25.4,"p_mw":17.2,"synthetic":false,"tie":false}},{"type":"Feature","geometry":{"type":"LineString","coordinates":[[138.4402345,35.3732285],[138.4428058,35.3746745]]},"properties":{"name":"tokyo_line_1098","loading_pct":25.3,"p_mw":-17.2,"synthetic":false,"tie":false}},{"type":"Feature","geometry":{"type":"LineString","coordinates":[[138.446782,35.3692548],[138.4498489,35.3671396]]},"properties":{"name":"tokyo_line_1099","loading_pct":25.3,"p_mw":17.2,"synthetic":false,"tie":false}},{"type":"Feature","geometry":{"type":"LineString","coordinates":[[139.3496743,35.5763675],[139.3482586,35.576349]]},"properties":{"name":"tokyo_line_1100","loading_pct":4.8,"p_mw":-2.1,"synthetic":false,"tie":false}},{"type":"Feature","geometry":{"type":"LineString","coordinates":[[139.3496743,35.5763675],[139.350388,35.5763388]]},"properties":{"name":"tokyo_line_1101","loading_pct":25.4,"p_mw":17.2,"synthetic":false,"tie":false}},{"type":"Feature","geometry":{"type":"LineString","coordinates":[[137.8101138,35.0751475],[137.8101039,35.0701051],[137.8110646,35.0689388],[137.8145991,35.0645521],[137.8177586,35.0626682],[137.8223497,35.0602274],[137.826322,35.057842],[137.8294305,35.0557339],[137.8352987,35.0521766],[137.8384087,35.0506366],[137.840075,35.0496681],[137.842232,35.0484007],[137.8453305,35.0466481],[137.8488553,35.0454171],[137.8567094,35.041963],[137.8602972,35.0405616],[137.8630567,35.0400103],[137.8657409,35.0385601],[137.8684838,35.0373111],[137.8766791,35.0337105],[137.8800811,35.0325251],[137.8850257,35.0299799],[137.8905551,35.0273475],[137.8937165,35.0258187],[137.8980558,35.0239266],[137.9013977,35.0226634],[137.9074089,35.0202148],[137.9113526,35.0187144],[137.9174989,35.0163412],[137.9201255,35.0154097],[137.9261197,35.0131595],[137.9293064,35.0120388],[137.9333161,35.0101603],[137.9370262,35.008768],[137.9432062,35.0095137],[137.9471228,35.0100407],[137.9531146,35.0106781],[137.9596472,35.0115901],[137.9634836,35.0119153],[137.9704787,35.0137233],[137.9740946,35.0142423],[137.9789191,35.0145919],[137.9807261,35.0152062],[137.983575,35.0162059],[137.9909595,35.0179644],[137.996996,35.0193707],[138.0002661,35.0201812],[138.0057773,35.0221028],[138.0084023,35.0231622],[138.0127538,35.0255727],[138.0178745,35.0285523],[138.0210662,35.0303733],[138.0263806,35.0334039],[138.0304604,35.0357805],[138.0344088,35.0381902],[138.0421025,35.0423894],[138.0478517,35.0455149],[138.0532773,35.0479142],[138.0579719,35.050054],[138.0630024,35.0515911],[138.0669334,35.0539716],[138.0731822,35.0558407],[138.0786756,35.0588687],[138.0810211,35.0600081],[138.0839728,35.0616071],[138.0901965,35.0645123],[138.0965114,35.06742],[138.1004642,35.0684066],[138.1050826,35.068919],[138.1122393,35.0682808],[138.1162878,35.0697182],[138.1200159,35.071037],[138.1235622,35.0749505],[138.1265341,35.0752921],[138.1288027,35.0755616],[138.1334576,35.0773716],[138.1373361,35.0789053],[138.1442311,35.0807618],[138.1484185,35.0813773],[138.1532402,35.0825982],[138.1565373,35.0850235],[138.1592286,35.0866835],[138.1610947,35.0875784],[138.1665221,35.0895544],[138.1746815,35.0927845],[138.1775354,35.0942514],[138.179995,35.0951928],[138.1860282,35.0972418],[138.1893009,35.0975112],[138.1967107,35.097718],[138.2009272,35.1002636],[138.2044248,35.1022254],[138.2119501,35.1050153],[138.2142702,35.105915],[138.2165366,35.1068256],[138.2229096,35.1093182],[138.2285503,35.1114553],[138.2326245,35.1134191],[138.2350412,35.1145819],[138.2392684,35.1166114],[138.2412827,35.1175834],[138.244378,35.1196435],[138.2476911,35.1218998],[138.252246,35.1249074],[138.2556366,35.1272],[138.261232,35.1295186],[138.2636235,35.1301795],[138.26449,35.1317342],[138.2670909,35.1321807],[138.2695123,35.1334143],[138.2719191,35.13469],[138.2748145,35.1358003],[138.278662,35.1393199],[138.2834256,35.141408],[138.2879854,35.1428819],[138.289069,35.144347],[138.293382,35.1467858],[138.2974589,35.1484],[138.3022547,35.1510581],[138.3072651,35.153102],[138.313638,35.1556634],[138.3177364,35.1569616],[138.3208263,35.1589001],[138.3252842,35.1614234],[138.3324266,35.1654976],[138.3366997,35.1682985],[138.3435926,35.1713067],[138.3499532,35.1718335],[138.3532875,35.1726122],[138.3575549,35.1728992],[138.363935,35.1751314],[138.3695781,35.1769857],[138.3727517,35.1779424],[138.3778023,35.1793126],[138.3830884,35.180837],[138.3861943,35.1817395],[138.392662,35.1829942],[138.3974114,35.1845737],[138.40287,35.1859817],[138.4062794,35.1869777],[138.4123306,35.188627]]},"properties":{"name":"tokyo_line_1102","loading_pct":26.7,"p_mw":-17.2,"synthetic":false,"tie":false}},{"type":"Feature","geometry":{"type":"LineString","coordinates":[[139.6637344,35.2809417],[139.6722191,35.2803644]]},"properties":{"name":"tokyo_line_1103","loading_pct":50.7,"p_mw":34.4,"synthetic":false,"tie":false}},{"type":"Feature","geometry":{"type":"LineString","coordinates":[[139.6478883,35.2460552],[139.6454538,35.2460803]]},"properties":{"name":"tokyo_line_1104","loading_pct":80.9,"p_mw":68.8,"synthetic":false,"tie":false}},{"type":"Feature","geometry":{"type":"LineString","coordinates":[[139.6454538,35.2460803],[139.6454042,35.2458076]]},"properties":{"name":"tokyo_line_1105","loading_pct":25.4,"p_mw":17.2,"synthetic":false,"tie":false}},{"type":"Feature","geometry":{"type":"LineString","coordinates":[[139.6454538,35.2460803],[139.6455011,35.2458071]]},"properties":{"name":"tokyo_line_1106","loading_pct":25.4,"p_mw":17.2,"synthetic":false,"tie":false}},{"type":"Feature","geometry":{"type":"LineString","coordinates":[[139.6454538,35.2460803],[139.6440708,35.2469765],[139.6416457,35.2477946]]},"properties":{"name":"tokyo_line_1107","loading_pct":25.4,"p_mw":17.2,"synthetic":false,"tie":false}},{"type":"Feature","geometry":{"type":"LineString","coordinates":[[139.4655158,35.4750511],[139.4657505,35.4731625]]},"properties":{"name":"tokyo_line_1108","loading_pct":84.0,"p_mw":-121.4,"synthetic":false,"tie":false}},{"type":"Feature","geometry":{"type":"LineString","coordinates":[[139.75533,35.6960623],[139.7554343,35.6958816]]},"properties":{"name":"tokyo_line_1109","loading_pct":95.2,"p_mw":-1173.5,"synthetic":false,"tie":false}},{"type":"Feature","geometry":{"type":"LineString","coordinates":[[139.6860071,35.5995219],[139.6856275,35.6006177]]},"properties":{"name":"tokyo_line_1110","loading_pct":99.1,"p_mw":-86.1,"synthetic":false,"tie":false}},{"type":"Feature","geometry":{"type":"LineString","coordinates":[[139.6800102,35.6060727],[139.6800759,35.6080073]]},"properties":{"name":"tokyo_line_1111","loading_pct":99.0,"p_mw":-103.3,"synthetic":false,"tie":false}},{"type":"Feature","geometry":{"type":"LineString","coordinates":[[140.0485636,35.7599048],[140.0476028,35.7594189]]},"properties":{"name":"tokyo_line_1112","loading_pct":55.3,"p_mw":1914.2,"synthetic":false,"tie":false}},{"type":"Feature","geometry":{"type":"LineString","coordinates":[[140.0498588,35.7713717],[140.0519377,35.7727903]]},"properties":{"name":"tokyo_line_1113","loading_pct":69.5,"p_mw":-2400.7,"synthetic":false,"tie":false}},{"type":"Feature","geometry":{"type":"LineString","coordinates":[[140.0409226,35.7559618],[140.039452,35.7548708]]},"properties":{"name":"tokyo_line_1116","loading_pct":27.7,"p_mw":956.7,"synthetic":false,"tie":false}},{"type":"Feature","geometry":{"type":"LineString","coordinates":[[140.0283573,35.7530362],[140.0264295,35.7528904]]},"properties":{"name":"tokyo_line_1117","loading_pct":93.8,"p_mw":1071.9,"synthetic":false,"tie":false}},{"type":"Feature","geometry":{"type":"LineString","coordinates":[[140.0135243,35.7490642],[140.0120514,35.7498375]]},"properties":{"name":"tokyo_line_1123","loading_pct":89.0,"p_mw":2303.6,"synthetic":false,"tie":false}},{"type":"Feature","geometry":{"type":"LineString","coordinates":[[140.0308554,35.7397498],[140.0336288,35.7382278]]},"properties":{"name":"tokyo_line_1124","loading_pct":80.3,"p_mw":-936.9,"synthetic":false,"tie":false}},{"type":"Feature","geometry":{"type":"LineString","coordinates":[[139.9907003,35.7531643],[139.9868078,35.7542232],[139.9835053,35.7551155],[139.9809617,35.7557999],[139.9784531,35.7565567],[139.9761166,35.757272],[139.9731584,35.7581757]]},"properties":{"name":"tokyo_line_1127","loading_pct":79.6,"p_mw":3055.4,"synthetic":false,"tie":false}},{"type":"Feature","geometry":{"type":"LineString","coordinates":[[140.0126586,35.7312918],[140.0121217,35.7308096]]},"properties":{"name":"tokyo_line_1128","loading_pct":5.7,"p_mw":-187.8,"synthetic":false,"tie":false}},{"type":"Feature","geometry":{"type":"LineString","coordinates":[[140.0053153,35.722724],[140.005311,35.722458]]},"properties":{"name":"tokyo_line_1130","loading_pct":5.1,"p_mw":-171.8,"synthetic":false,"tie":false}},{"type":"Feature","geometry":{"type":"LineString","coordinates":[[139.9903093,35.7253081],[139.9869324,35.7237057]]},"properties":{"name":"tokyo_line_1131","loading_pct":3.3,"p_mw":-23.1,"synthetic":false,"tie":false}},{"type":"Feature","geometry":{"type":"LineString","coordinates":[[139.9735625,35.7097927],[139.9726673,35.7106338]]},"properties":{"name":"tokyo_line_1133","loading_pct":78.7,"p_mw":233.8,"synthetic":false,"tie":false}},{"type":"Feature","geometry":{"type":"LineString","coordinates":[[139.9895781,35.7041638],[139.9915555,35.70372]]},"properties":{"name":"tokyo_line_1134","loading_pct":44.4,"p_mw":-296.6,"synthetic":false,"tie":false}},{"type":"Feature","geometry":{"type":"LineString","coordinates":[[139.9440979,35.6847195],[139.9394645,35.6818824]]},"properties":{"name":"tokyo_line_1141","loading_pct":65.6,"p_mw":-279.5,"synthetic":false,"tie":false}},{"type":"Feature","geometry":{"type":"LineString","coordinates":[[139.9484747,35.6831933],[139.9501731,35.6810558],[139.9513281,35.6793758],[139.952795,35.6772327],[139.9524555,35.6770596]]},"properties":{"name":"tokyo_line_1142","loading_pct":26.7,"p_mw":17.2,"synthetic":false,"tie":false}},{"type":"Feature","geometry":{"type":"LineString","coordinates":[[139.9172408,35.6816421],[139.9139256,35.6804423]]},"properties":{"name":"tokyo_line_1144","loading_pct":100.6,"p_mw":-130.4,"synthetic":false,"tie":false}},{"type":"Feature","geometry":{"type":"LineString","coordinates":[[139.86988,35.6706431],[139.8696955,35.6725976]]},"properties":{"name":"tokyo_line_1150","loading_pct":70.1,"p_mw":275.2,"synthetic":false,"tie":false}},{"type":"Feature","geometry":{"type":"LineString","coordinates":[[139.8483275,35.6619771],[139.8415594,35.6623367]]},"properties":{"name":"tokyo_line_1151","loading_pct":1.9,"p_mw":16.7,"synthetic":false,"tie":false}},{"type":"Feature","geometry":{"type":"LineString","coordinates":[[139.9407738,35.9080377],[139.9429638,35.9070209]]},"properties":{"name":"tokyo_line_1158","loading_pct":26.8,"p_mw":-170.7,"synthetic":false,"tie":false}},{"type":"Feature","geometry":{"type":"LineString","coordinates":[[139.9623587,35.9154805],[139.9650054,35.9131487],[139.9676477,35.9106269],[139.9701412,35.9082849],[139.9730702,35.9054213],[139.9758442,35.9026991],[139.978697,35.8999448],[139.9813284,35.897368],[139.9806376,35.8937221]]},"properties":{"name":"tokyo_line_1161","loading_pct":32.7,"p_mw":-462.1,"synthetic":false,"tie":false}},{"type":"Feature","geometry":{"type":"LineString","coordinates":[[139.9665332,35.8765265],[139.9648045,35.8750824]]},"properties":{"name":"tokyo_line_1164","loading_pct":88.1,"p_mw":180.8,"synthetic":false,"tie":false}},{"type":"Feature","geometry":{"type":"LineString","coordinates":[[139.9936064,35.8862136],[139.9954792,35.8853138],[139.9973093,35.8842683],[139.9990263,35.8832629]]},"properties":{"name":"tokyo_line_1166","loading_pct":67.5,"p_mw":44.4,"synthetic":false,"tie":false}},{"type":"Feature","geometry":{"type":"LineString","coordinates":[[139.986251,35.8707471],[139.9906364,35.8680075],[139.9950132,35.8653224],[139.9983576,35.8631979],[140.0023075,35.8606875],[140.0061395,35.8582095],[140.0089115,35.8564496],[140.0122044,35.8543053],[140.0158209,35.8519899],[140.0196026,35.8500856],[140.0227896,35.8484466],[140.0259479,35.8468887],[140.0298693,35.8449173],[140.0350617,35.8423233],[140.0363831,35.8399886],[140.0379857,35.8371897],[140.0397863,35.8339803]]},"properties":{"name":"tokyo_line_1167","loading_pct":29.1,"p_mw":-354.6,"synthetic":false,"tie":false}},{"type":"Feature","geometry":{"type":"LineString","coordinates":[[140.0341733,35.8161992],[140.0335346,35.8138943]]},"properties":{"name":"tokyo_line_1171","loading_pct":47.3,"p_mw":-693.3,"synthetic":false,"tie":false}},{"type":"Feature","geometry":{"type":"LineString","coordinates":[[140.0518671,35.8148321],[140.0545023,35.8128766],[140.0564731,35.8114093],[140.0602728,35.8085758],[140.063035,35.8064925],[140.0651469,35.8048718],[140.0676653,35.8027681],[140.0698828,35.8009457],[140.0700473,35.7985073],[140.0684511,35.7955242]]},"properties":{"name":"tokyo_line_1172","loading_pct":53.0,"p_mw":-329.1,"synthetic":false,"tie":false}},{"type":"Feature","geometry":{"type":"LineString","coordinates":[[140.0433251,35.7961061],[140.0458144,35.7934712],[140.0487728,35.7903312]]},"properties":{"name":"tokyo_line_1173","loading_pct":54.6,"p_mw":-812.8,"synthetic":false,"tie":false}},{"type":"Feature","geometry":{"type":"LineString","coordinates":[[140.0192755,35.8102152],[140.0190156,35.8102817],[140.0188034,35.8103509],[140.0185264,35.8104597],[140.0181117,35.8106227],[140.0171997,35.8109838],[140.0166434,35.8112053],[140.0162756,35.8113531],[140.0155307,35.8116484],[140.0152683,35.8117344],[140.0150827,35.8117843],[140.0149919,35.8118009],[140.0149786,35.8128586]]},"properties":{"name":"tokyo_line_1175","loading_pct":25.3,"p_mw":17.2,"synthetic":false,"tie":false}},{"type":"Feature","geometry":{"type":"LineString","coordinates":[[140.0710405,35.7764633],[140.0705632,35.775575]]},"properties":{"name":"tokyo_line_1178","loading_pct":78.8,"p_mw":2725.1,"synthetic":false,"tie":false}},{"type":"Feature","geometry":{"type":"LineString","coordinates":[[140.0804563,35.7879358],[140.0843314,35.7871982],[140.0877941,35.7864726],[140.090837,35.7843066],[140.0940932,35.7820314],[140.0968557,35.780071],[140.0993537,35.7777451],[140.1015882,35.7756526],[140.1052367,35.7722133],[140.1070022,35.7705626]]},"properties":{"name":"tokyo_line_1179","loading_pct":76.7,"p_mw":-2653.1,"synthetic":false,"tie":false}},{"type":"Feature","geometry":{"type":"LineString","coordinates":[[139.7043341,35.5147655],[139.7059273,35.5136957]]},"properties":{"name":"tokyo_line_1184","loading_pct":96.4,"p_mw":-2942.7,"synthetic":false,"tie":false}},{"type":"Feature","geometry":{"type":"LineString","coordinates":[[139.7101759,35.5060234],[139.7102671,35.5054651]]},"properties":{"name":"tokyo_line_1185","loading_pct":87.1,"p_mw":-2197.8,"synthetic":false,"tie":false}},{"type":"Feature","geometry":{"type":"LineString","coordinates":[[139.7020513,35.5001224],[139.7012386,35.4998047]]},"properties":{"name":"tokyo_line_1186","loading_pct":86.2,"p_mw":-1439.7,"synthetic":false,"tie":false}},{"type":"Feature","geometry":{"type":"LineString","coordinates":[[140.0451335,35.7327883],[140.0424179,35.7340465]]},"properties":{"name":"tokyo_line_1187","loading_pct":80.3,"p_mw":948.3,"synthetic":false,"tie":false}},{"type":"Feature","geometry":{"type":"LineString","coordinates":[[140.1027483,35.7170603],[140.1051884,35.7161028]]},"properties":{"name":"tokyo_line_1190","loading_pct":84.0,"p_mw":-955.9,"synthetic":false,"tie":false}},{"type":"Feature","geometry":{"type":"LineString","coordinates":[[140.0811073,35.7213616],[140.0792363,35.7243278],[140.0772906,35.7273207]]},"properties":{"name":"tokyo_line_1191","loading_pct":25.3,"p_mw":17.2,"synthetic":false,"tie":false}},{"type":"Feature","geometry":{"type":"LineString","coordinates":[[140.1280355,35.7007937],[140.1269742,35.7032705],[140.1259744,35.7060461]]},"properties":{"name":"tokyo_line_1194","loading_pct":90.0,"p_mw":301.7,"synthetic":false,"tie":false}},{"type":"Feature","geometry":{"type":"LineString","coordinates":[[140.1288384,35.6666722],[140.1308647,35.6640716]]},"properties":{"name":"tokyo_line_1195","loading_pct":74.4,"p_mw":-660.0,"synthetic":false,"tie":false}},{"type":"Feature","geometry":{"type":"LineString","coordinates":[[140.0298772,35.3551901],[140.0306121,35.357309],[140.0315973,35.3601416],[140.0324927,35.3625913],[140.0359232,35.3651043],[140.039624,35.3677897],[140.042392,35.3698085],[140.0466755,35.3717748],[140.0514123,35.373952],[140.0549474,35.3755824],[140.0597365,35.3777792],[140.0623195,35.3807272],[140.0645404,35.3832912],[140.0662436,35.3852561],[140.0689834,35.3873826],[140.0727345,35.3902657],[140.075292,35.3922413],[140.0783658,35.3946416],[140.0828049,35.3988433],[140.0873727,35.402301],[140.0893334,35.4041768],[140.0929496,35.4075851],[140.0963245,35.4088946],[140.0994587,35.4101199],[140.1028973,35.4114162],[140.1061119,35.4126797],[140.1093172,35.4139377],[140.1131628,35.4159739],[140.1174121,35.4182057],[140.1214474,35.41955],[140.1231708,35.4229456],[140.1276956,35.4259613],[140.1308835,35.42892],[140.1332404,35.4310941],[140.1354794,35.4343171],[140.1381742,35.4382084],[140.1397373,35.4404264],[140.1417775,35.4433842],[140.1428583,35.4470627],[140.1436067,35.4496538],[140.1444208,35.452423],[140.1452317,35.4551702],[140.1473962,35.4587229],[140.1492848,35.4618517],[140.1495242,35.465075],[140.149791,35.4693499],[140.1500372,35.4727994],[140.1518357,35.4751155],[140.1529096,35.4787231],[140.1562866,35.4818189],[140.1582707,35.4846903],[140.1610066,35.4886262]]},"properties":{"name":"tokyo_line_1200","loading_pct":87.7,"p_mw":1478.3,"synthetic":false,"tie":false}},{"type":"Feature","geometry":{"type":"LineString","coordinates":[[140.2466221,35.5088925],[140.2480879,35.506422],[140.2518591,35.5049132],[140.2536562,35.5045016],[140.2572785,35.5021565],[140.2592634,35.501342],[140.2622205,35.4971658],[140.2649872,35.4949744],[140.2669479,35.492594],[140.2688389,35.4929839],[140.2727965,35.4925291],[140.275948,35.4937755],[140.2793853,35.4933278],[140.2815901,35.4897113],[140.2837573,35.4861701],[140.2846961,35.4846216],[140.2868821,35.4810386],[140.2881896,35.4774499],[140.2886946,35.4760613]]},"properties":{"name":"tokyo_line_1204","loading_pct":93.1,"p_mw":83.9,"synthetic":false,"tie":false}},{"type":"Feature","geometry":{"type":"LineString","coordinates":[[140.4514413,35.8742761],[140.4489674,35.8768679],[140.4460772,35.8800033],[140.4418541,35.8811769],[140.4361784,35.8827305],[140.431952,35.8839323],[140.425693,35.8841465],[140.4222569,35.8842696],[140.4163809,35.885618]]},"properties":{"name":"tokyo_line_1205","loading_pct":79.1,"p_mw":3464.2,"synthetic":false,"tie":false}},{"type":"Feature","geometry":{"type":"LineString","coordinates":[[139.6834311,35.789197],[139.6848392,35.7890827]]},"properties":{"name":"tokyo_line_1211","loading_pct":83.0,"p_mw":79.1,"synthetic":false,"tie":false}},{"type":"Feature","geometry":{"type":"LineString","coordinates":[[139.7830043,35.9170746],[139.7826308,35.9154294],[139.7821946,35.9135163],[139.7817885,35.9116929],[139.7813361,35.9096616],[139.7810607,35.9085203],[139.780661,35.9067461],[139.7802539,35.9049937]]},"properties":{"name":"tokyo_line_1212","loading_pct":39.4,"p_mw":-37.3,"synthetic":false,"tie":false}},{"type":"Feature","geometry":{"type":"LineString","coordinates":[[139.7856269,35.9416706],[139.7864426,35.9454556],[139.7870404,35.9481276],[139.7874117,35.9499322],[139.7878596,35.9517137],[139.7884017,35.9549291],[139.7888351,35.9582373],[139.7886873,35.9615823],[139.7881808,35.9642137]]},"properties":{"name":"tokyo_line_1213","loading_pct":37.9,"p_mw":20.1,"synthetic":false,"tie":false}},{"type":"Feature","geometry":{"type":"LineString","coordinates":[[139.7728917,35.8806696],[139.7751007,35.8805425]]},"properties":{"name":"tokyo_line_1215","loading_pct":34.1,"p_mw":56.8,"synthetic":false,"tie":false}},{"type":"Feature","geometry":{"type":"LineString","coordinates":[[139.7823266,35.8868148],[139.7853691,35.8855019]]},"properties":{"name":"tokyo_line_1216","loading_pct":53.4,"p_mw":-464.5,"synthetic":false,"tie":false}},{"type":"Feature","geometry":{"type":"LineString","coordinates":[[139.6869689,35.8424962],[139.6907263,35.843543]]},"properties":{"name":"tokyo_line_1217","loading_pct":75.5,"p_mw":-1191.6,"synthetic":false,"tie":false}},{"type":"Feature","geometry":{"type":"LineString","coordinates":[[139.6915886,35.8200272],[139.6895045,35.8196662]]},"properties":{"name":"tokyo_line_1218","loading_pct":85.2,"p_mw":290.5,"synthetic":false,"tie":false}},{"type":"Feature","geometry":{"type":"LineString","coordinates":[[139.6958828,35.8207743],[139.6981063,35.8211636]]},"properties":{"name":"tokyo_line_1219","loading_pct":52.1,"p_mw":34.4,"synthetic":false,"tie":false}},{"type":"Feature","geometry":{"type":"LineString","coordinates":[[139.7242648,35.8332257],[139.7264117,35.8309278]]},"properties":{"name":"tokyo_line_1220","loading_pct":83.4,"p_mw":-212.1,"synthetic":false,"tie":false}},{"type":"Feature","geometry":{"type":"LineString","coordinates":[[139.7879587,35.8631625],[139.7883049,35.865398]]},"properties":{"name":"tokyo_line_1227","loading_pct":76.2,"p_mw":403.7,"synthetic":false,"tie":false}},{"type":"Feature","geometry":{"type":"LineString","coordinates":[[139.7890944,35.8690462],[139.7895996,35.8707014]]},"properties":{"name":"tokyo_line_1229","loading_pct":48.0,"p_mw":-819.3,"synthetic":false,"tie":false}},{"type":"Feature","geometry":{"type":"LineString","coordinates":[[139.7657852,35.8799676],[139.7629084,35.8789157]]},"properties":{"name":"tokyo_line_1230","loading_pct":50.9,"p_mw":1260.9,"synthetic":false,"tie":false}},{"type":"Feature","geometry":{"type":"LineString","coordinates":[[139.8015194,35.8865637],[139.8022306,35.8885917]]},"properties":{"name":"tokyo_line_1232","loading_pct":40.3,"p_mw":-809.9,"synthetic":false,"tie":false}},{"type":"Feature","geometry":{"type":"LineString","coordinates":[[139.7818772,35.8144829],[139.7812957,35.8126992]]},"properties":{"name":"tokyo_line_1234","loading_pct":82.9,"p_mw":-352.3,"synthetic":false,"tie":false}},{"type":"Feature","geometry":{"type":"LineString","coordinates":[[139.7974991,35.8237796],[139.800199,35.8235253]]},"properties":{"name":"tokyo_line_1235","loading_pct":78.4,"p_mw":-469.8,"synthetic":false,"tie":false}},{"type":"Feature","geometry":{"type":"LineString","coordinates":[[139.7804205,35.8106758],[139.7796938,35.8088221]]},"properties":{"name":"tokyo_line_1237","loading_pct":98.2,"p_mw":858.2,"synthetic":false,"tie":false}},{"type":"Feature","geometry":{"type":"LineString","coordinates":[[139.8019965,35.8055766],[139.8035297,35.8044392]]},"properties":{"name":"tokyo_line_1238","loading_pct":90.8,"p_mw":-1228.8,"synthetic":false,"tie":false}},{"type":"Feature","geometry":{"type":"LineString","coordinates":[[139.7673958,35.7675628],[139.7672781,35.7645852],[139.7666475,35.7621414],[139.7664877,35.7602431]]},"properties":{"name":"tokyo_line_1243","loading_pct":53.4,"p_mw":130.8,"synthetic":false,"tie":false}},{"type":"Feature","geometry":{"type":"LineString","coordinates":[[139.8154339,35.806909],[139.8154025,35.8036846]]},"properties":{"name":"tokyo_line_1244","loading_pct":99.6,"p_mw":-396.9,"synthetic":false,"tie":false}},{"type":"Feature","geometry":{"type":"LineString","coordinates":[[139.8191363,35.8158007],[139.8214641,35.8170294]]},"properties":{"name":"tokyo_line_1245","loading_pct":141.8,"p_mw":68.8,"synthetic":false,"tie":false}},{"type":"Feature","geometry":{"type":"LineString","coordinates":[[139.8132603,35.819092],[139.8137042,35.8207384]]},"properties":{"name":"tokyo_line_1246","loading_pct":87.2,"p_mw":310.9,"synthetic":false,"tie":false}},{"type":"Feature","geometry":{"type":"LineString","coordinates":[[139.8117252,35.7957702],[139.8124922,35.7939012]]},"properties":{"name":"tokyo_line_1247","loading_pct":92.6,"p_mw":-1654.1,"synthetic":false,"tie":false}},{"type":"Feature","geometry":{"type":"LineString","coordinates":[[139.8259661,35.7857404],[139.8274105,35.7854378]]},"properties":{"name":"tokyo_line_1250","loading_pct":40.9,"p_mw":59.0,"synthetic":false,"tie":false}},{"type":"Feature","geometry":{"type":"LineString","coordinates":[[139.8036267,35.772859],[139.8014673,35.7721046]]},"properties":{"name":"tokyo_line_1253","loading_pct":95.4,"p_mw":1315.0,"synthetic":false,"tie":false}},{"type":"Feature","geometry":{"type":"LineString","coordinates":[[139.7895808,35.7646333],[139.7888516,35.7627263]]},"properties":{"name":"tokyo_line_1254","loading_pct":95.4,"p_mw":1294.4,"synthetic":false,"tie":false}},{"type":"Feature","geometry":{"type":"LineString","coordinates":[[139.8327312,35.7690893],[139.8346458,35.7693555]]},"properties":{"name":"tokyo_line_1256","loading_pct":86.3,"p_mw":-380.9,"synthetic":false,"tie":false}},{"type":"Feature","geometry":{"type":"LineString","coordinates":[[139.8233335,35.768562],[139.8231638,35.7682863]]},"properties":{"name":"tokyo_line_1257","loading_pct":86.2,"p_mw":-274.7,"synthetic":false,"tie":false}},{"type":"Feature","geometry":{"type":"LineString","coordinates":[[139.8264513,35.7638874],[139.8249329,35.7651538]]},"properties":{"name":"tokyo_line_1259","loading_pct":86.3,"p_mw":292.6,"synthetic":false,"tie":false}},{"type":"Feature","geometry":{"type":"LineString","coordinates":[[139.8346458,35.7693555],[139.837096,35.7696822]]},"properties":{"name":"tokyo_line_1260","loading_pct":148.9,"p_mw":-296.9,"synthetic":false,"tie":false}},{"type":"Feature","geometry":{"type":"LineString","coordinates":[[139.7130087,36.0086241],[139.7124409,36.0063142],[139.7118487,36.0042975],[139.7112176,36.0022308],[139.7105687,36.0000159],[139.7099239,35.9978896],[139.7093426,35.9957886],[139.7102187,35.9935674],[139.7110861,35.9913782]]},"properties":{"name":"tokyo_line_1266","loading_pct":92.3,"p_mw":395.3,"synthetic":false,"tie":false}},{"type":"Feature","geometry":{"type":"LineString","coordinates":[[139.7167544,35.9678287],[139.7177252,35.9650537],[139.7185829,35.9624152],[139.7189971,35.9598149],[139.7195295,35.9566965],[139.7199331,35.9542018],[139.7204293,35.9512966],[139.7194446,35.9486132],[139.718345,35.9455225],[139.7172829,35.9425237],[139.716193,35.9393287],[139.7152771,35.9367036]]},"properties":{"name":"tokyo_line_1268","loading_pct":99.8,"p_mw":669.2,"synthetic":false,"tie":false}},{"type":"Feature","geometry":{"type":"LineString","coordinates":[[139.7316564,35.9175397],[139.7354555,35.9163955]]},"properties":{"name":"tokyo_line_1270","loading_pct":58.8,"p_mw":-149.2,"synthetic":false,"tie":false}},{"type":"Feature","geometry":{"type":"LineString","coordinates":[[139.7435186,35.9013506],[139.7421977,35.9046487],[139.7420415,35.9079058],[139.741899,35.9111622],[139.7417411,35.9146431],[139.7415813,35.9183547],[139.7414558,35.9214258],[139.7427718,35.92474],[139.7438393,35.9275676],[139.7445761,35.9303202],[139.7441935,35.9332833],[139.7437541,35.9365171]]},"properties":{"name":"tokyo_line_1278","loading_pct":13.2,"p_mw":119.2,"synthetic":false,"tie":false}},{"type":"Feature","geometry":{"type":"LineString","coordinates":[[139.7359959,35.8706791],[139.7329121,35.8703493],[139.7296083,35.8699987],[139.7265579,35.869682],[139.7243558,35.8694614],[139.7207738,35.8694516],[139.7170256,35.869475]]},"properties":{"name":"tokyo_line_1279","loading_pct":45.8,"p_mw":875.4,"synthetic":false,"tie":false}},{"type":"Feature","geometry":{"type":"LineString","coordinates":[[139.8949838,35.9368961],[139.8928804,35.9366754],[139.890733,35.9377634],[139.8880452,35.9379007]]},"properties":{"name":"tokyo_line_1282","loading_pct":44.6,"p_mw":796.6,"synthetic":false,"tie":false}},{"type":"Feature","geometry":{"type":"LineString","coordinates":[[139.8740804,35.8572991],[139.8741147,35.8551119],[139.8741877,35.8515148],[139.8742499,35.8477836]]},"properties":{"name":"tokyo_line_1283","loading_pct":23.8,"p_mw":-226.2,"synthetic":false,"tie":false}},{"type":"Feature","geometry":{"type":"LineString","coordinates":[[139.8918627,36.1580371],[139.8881731,36.1556016],[139.8850217,36.1535349],[139.8807852,36.1502407],[139.8775505,36.1477153],[139.8735766,36.1445909],[139.8692682,36.1412414],[139.866624,36.1391686],[139.8639728,36.1360273],[139.860628,36.1319946],[139.857517,36.1282349],[139.8548304,36.1250612],[139.8506755,36.1235138],[139.8463511,36.1219245],[139.8421714,36.1206526],[139.8406791,36.1176832]]},"properties":{"name":"tokyo_line_1288","loading_pct":49.5,"p_mw":1705.7,"synthetic":false,"tie":false}},{"type":"Feature","geometry":{"type":"LineString","coordinates":[[139.9946125,36.1013352],[139.9929267,36.0996718],[139.9905409,36.097407],[139.9896731,36.0954088],[139.9885038,36.0923539],[139.987345,36.0893217],[139.9862078,36.0863229],[139.9855537,36.0839443]]},"properties":{"name":"tokyo_line_1291","loading_pct":69.2,"p_mw":-73.9,"synthetic":false,"tie":false}},{"type":"Feature","geometry":{"type":"LineString","coordinates":[[140.064624,36.031727],[140.0674529,36.0286923],[140.0708353,36.025109],[140.0734264,36.0223119],[140.0769408,36.0184312],[140.0818854,36.0173407],[140.086796,36.015196],[140.0912527,36.0132963],[140.0957939,36.0113017],[140.1006431,36.0091787],[140.1041615,36.0069374],[140.1079191,36.0045479],[140.1128161,36.0046528],[140.1175938,36.0047138],[140.121811,36.0047832],[140.1264531,36.00484],[140.1307703,36.0062453],[140.1349855,36.0056738]]},"properties":{"name":"tokyo_line_1295","loading_pct":47.8,"p_mw":-422.5,"synthetic":false,"tie":false}},{"type":"Feature","geometry":{"type":"LineString","coordinates":[[140.0639336,36.0356888],[140.0678911,36.0350054],[140.0706252,36.0360089],[140.0730193,36.0369251],[140.073734,36.0372029],[140.0757211,36.0379754],[140.0779071,36.0388605],[140.081499,36.0396747],[140.0845246,36.0403273],[140.087553,36.041136],[140.0907315,36.0420015],[140.0936121,36.0427706],[140.0966311,36.0435775]]},"properties":{"name":"tokyo_line_1296","loading_pct":46.0,"p_mw":-435.5,"synthetic":false,"tie":false}},{"type":"Feature","geometry":{"type":"LineString","coordinates":[[140.1427155,36.0172662],[140.1401354,36.0196416]]},"properties":{"name":"tokyo_line_1298","loading_pct":44.9,"p_mw":492.2,"synthetic":false,"tie":false}},{"type":"Feature","geometry":{"type":"LineString","coordinates":[[140.1486832,35.9998844],[140.1536718,35.9980974],[140.1576202,35.996671],[140.1618814,35.9951458],[140.1659849,35.9936774],[140.1704055,35.9932243],[140.1747287,35.9927992],[140.1778231,35.992482],[140.1818223,35.9914359],[140.1865347,35.990587],[140.1904279,35.989745],[140.1943233,35.9889058],[140.1989745,35.9879141]]},"properties":{"name":"tokyo_line_1300","loading_pct":77.9,"p_mw":-176.8,"synthetic":false,"tie":false}},{"type":"Feature","geometry":{"type":"LineString","coordinates":[[139.8622018,35.8208708],[139.8653856,35.8214347]]},"properties":{"name":"tokyo_line_1305","loading_pct":27.9,"p_mw":106.8,"synthetic":false,"tie":false}},{"type":"Feature","geometry":{"type":"LineString","coordinates":[[139.8536689,35.7986471],[139.8547684,35.7969041]]},"properties":{"name":"tokyo_line_1307","loading_pct":99.7,"p_mw":-2281.5,"synthetic":false,"tie":false}},{"type":"Feature","geometry":{"type":"LineString","coordinates":[[139.858295,35.8116702],[139.8603327,35.8107862],[139.8649724,35.8087771]]},"properties":{"name":"tokyo_line_1308","loading_pct":99.8,"p_mw":-715.0,"synthetic":false,"tie":false}},{"type":"Feature","geometry":{"type":"LineString","coordinates":[[139.864284,35.7829461],[139.865302,35.7811922]]},"properties":{"name":"tokyo_line_1309","loading_pct":99.6,"p_mw":-2294.4,"synthetic":false,"tie":false}},{"type":"Feature","geometry":{"type":"LineString","coordinates":[[139.8737546,35.7648098],[139.8737355,35.7643572]]},"properties":{"name":"tokyo_line_1310","loading_pct":27.3,"p_mw":-2.3,"synthetic":false,"tie":false}},{"type":"Feature","geometry":{"type":"LineString","coordinates":[[139.883443,35.7842253],[139.8825683,35.7859265],[139.8825275,35.7883615],[139.8825356,35.7903147]]},"properties":{"name":"tokyo_line_1311","loading_pct":99.5,"p_mw":727.0,"synthetic":false,"tie":false}},{"type":"Feature","geometry":{"type":"LineString","coordinates":[[139.8846156,35.7820815],[139.8852889,35.7812851],[139.8865005,35.7784999],[139.8889583,35.7740078]]},"properties":{"name":"tokyo_line_1312","loading_pct":91.4,"p_mw":-3032.0,"synthetic":false,"tie":false}},{"type":"Feature","geometry":{"type":"LineString","coordinates":[[139.8737355,35.7643572],[139.8738339,35.7643932]]},"properties":{"name":"tokyo_line_1313","loading_pct":4.1,"p_mw":10.3,"synthetic":false,"tie":false}},{"type":"Feature","geometry":{"type":"LineString","coordinates":[[139.8737355,35.7643572],[139.8738888,35.7643091]]},"properties":{"name":"tokyo_line_1314","loading_pct":4.1,"p_mw":10.3,"synthetic":false,"tie":false}},{"type":"Feature","geometry":{"type":"LineString","coordinates":[[139.8731383,35.7357912],[139.8720746,35.734083]]},"properties":{"name":"tokyo_line_1316","loading_pct":60.4,"p_mw":376.8,"synthetic":false,"tie":false}},{"type":"Feature","geometry":{"type":"LineString","coordinates":[[139.8896808,35.7335875],[139.8909333,35.7327772]]},"properties":{"name":"tokyo_line_1318","loading_pct":84.3,"p_mw":-670.0,"synthetic":false,"tie":false}},{"type":"Feature","geometry":{"type":"LineString","coordinates":[[139.8674928,35.7513694],[139.8659388,35.7521814],[139.8644801,35.7529489]]},"properties":{"name":"tokyo_line_1320","loading_pct":52.6,"p_mw":403.9,"synthetic":false,"tie":false}},{"type":"Feature","geometry":{"type":"LineString","coordinates":[[139.861579,35.7296904],[139.8596335,35.7291046]]},"properties":{"name":"tokyo_line_1322","loading_pct":33.6,"p_mw":0.4,"synthetic":false,"tie":false}},{"type":"Feature","geometry":{"type":"LineString","coordinates":[[139.8811844,35.724446],[139.8822457,35.7232654]]},"properties":{"name":"tokyo_line_1324","loading_pct":73.0,"p_mw":-177.4,"synthetic":false,"tie":false}},{"type":"Feature","geometry":{"type":"LineString","coordinates":[[139.8559657,35.7236203],[139.8559165,35.7238197]]},"properties":{"name":"tokyo_line_1326","loading_pct":39.4,"p_mw":16.8,"synthetic":false,"tie":false}},{"type":"Feature","geometry":{"type":"LineString","coordinates":[[139.8538866,35.7103971],[139.8497578,35.7074374]]},"properties":{"name":"tokyo_line_1327","loading_pct":6.3,"p_mw":15.5,"synthetic":false,"tie":false}},{"type":"Feature","geometry":{"type":"LineString","coordinates":[[139.8419862,35.766752],[139.8408847,35.7682673]]},"properties":{"name":"tokyo_line_1328","loading_pct":44.5,"p_mw":292.0,"synthetic":false,"tie":false}},{"type":"Feature","geometry":{"type":"LineString","coordinates":[[139.8162152,35.8234032],[139.8188019,35.8227092]]},"properties":{"name":"tokyo_line_1329","loading_pct":70.9,"p_mw":-177.4,"synthetic":false,"tie":false}},{"type":"Feature","geometry":{"type":"LineString","coordinates":[[139.8911363,35.7632253],[139.8913267,35.7605907]]},"properties":{"name":"tokyo_line_1332","loading_pct":51.1,"p_mw":125.3,"synthetic":false,"tie":false}},{"type":"Feature","geometry":{"type":"LineString","coordinates":[[139.9079732,35.7682004],[139.9108634,35.7689615]]},"properties":{"name":"tokyo_line_1333","loading_pct":86.5,"p_mw":-3188.4,"synthetic":false,"tie":false}},{"type":"Feature","geometry":{"type":"LineString","coordinates":[[139.8374871,35.7740985],[139.8364163,35.7766682]]},"properties":{"name":"tokyo_line_1341","loading_pct":38.8,"p_mw":-40.9,"synthetic":false,"tie":false}},{"type":"Feature","geometry":{"type":"LineString","coordinates":[[139.8474252,35.7711103],[139.8494236,35.7702357]]},"properties":{"name":"tokyo_line_1342","loading_pct":27.4,"p_mw":17.2,"synthetic":false,"tie":false}},{"type":"Feature","geometry":{"type":"LineString","coordinates":[[139.8644801,35.7529489],[139.8644112,35.752877]]},"properties":{"name":"tokyo_line_1343","loading_pct":27.2,"p_mw":17.2,"synthetic":false,"tie":false}},{"type":"Feature","geometry":{"type":"LineString","coordinates":[[139.9137906,35.7230765],[139.9155846,35.7222404]]},"properties":{"name":"tokyo_line_1344","loading_pct":84.3,"p_mw":-706.5,"synthetic":false,"tie":false}},{"type":"Feature","geometry":{"type":"LineString","coordinates":[[140.7009036,35.8085171],[140.697657,35.8085195]]},"properties":{"name":"tokyo_line_1345","loading_pct":16.6,"p_mw":129.4,"synthetic":false,"tie":false}},{"type":"Feature","geometry":{"type":"LineString","coordinates":[[140.7133566,35.7974345],[140.7125997,35.7959165],[140.7147924,35.7937083],[140.7171466,35.7913493],[140.7190208,35.7894596],[140.7213419,35.7870952],[140.7229699,35.7854661],[140.7254369,35.7829687],[140.7274554,35.7809374],[140.7296924,35.7785883],[140.7321,35.7760838],[140.7346854,35.7734047],[140.7368563,35.771138],[140.7383912,35.7695089],[140.7416424,35.7684143],[140.7442949,35.76753],[140.7472851,35.7665265],[140.7509607,35.7652985],[140.753177,35.7645578],[140.7554576,35.7628465],[140.7576522,35.7611945],[140.7609173,35.7587644],[140.7637712,35.7566142],[140.7664716,35.7545991],[140.7690232,35.7526673],[140.7714038,35.75088]]},"properties":{"name":"tokyo_line_1346","loading_pct":32.4,"p_mw":124.3,"synthetic":false,"tie":false}},{"type":"Feature","geometry":{"type":"LineString","coordinates":[[140.7186335,35.8031102],[140.7281829,35.8075714],[140.7320311,35.8093756],[140.735136,35.8110874],[140.736968,35.8123543],[140.7399632,35.814407],[140.7435174,35.8143518]]},"properties":{"name":"tokyo_line_1347","loading_pct":22.8,"p_mw":-270.9,"synthetic":false,"tie":false}},{"type":"Feature","geometry":{"type":"LineString","coordinates":[[140.7778335,35.7350648],[140.7732943,35.7337792],[140.7698664,35.7335856],[140.7661662,35.7333676],[140.7636814,35.7320881],[140.7613736,35.7309045],[140.7592774,35.7298275],[140.7568284,35.7285633],[140.7542409,35.7272582]]},"properties":{"name":"tokyo_line_1348","loading_pct":32.9,"p_mw":143.7,"synthetic":false,"tie":false}},{"type":"Feature","geometry":{"type":"LineString","coordinates":[[140.7957212,35.7359246],[140.7980172,35.7349771],[140.8003596,35.733998],[140.8036943,35.732611]]},"properties":{"name":"tokyo_line_1349","loading_pct":70.6,"p_mw":46.4,"synthetic":false,"tie":false}},{"type":"Feature","geometry":{"type":"LineString","coordinates":[[140.1829288,35.6641014],[140.1802277,35.6627041]]},"properties":{"name":"tokyo_line_1350","loading_pct":4.6,"p_mw":43.0,"synthetic":false,"tie":false}},{"type":"Feature","geometry":{"type":"LineString","coordinates":[[140.1906047,35.6942523],[140.188208,35.698158],[140.18606,35.7016381],[140.1839268,35.7050706],[140.1823698,35.7075917],[140.1809655,35.7099384],[140.1788364,35.7134888],[140.1772069,35.7162243],[140.1756085,35.7189025],[140.1737274,35.7220344],[140.1722275,35.724838]]},"properties":{"name":"tokyo_line_1355","loading_pct":81.1,"p_mw":2806.2,"synthetic":false,"tie":false}},{"type":"Feature","geometry":{"type":"LineString","coordinates":[[140.2526248,35.7056581],[140.2573836,35.7073074]]},"properties":{"name":"tokyo_line_1356","loading_pct":0.6,"p_mw":5.9,"synthetic":false,"tie":false}},{"type":"Feature","geometry":{"type":"LineString","coordinates":[[140.4061071,35.6753353],[140.4089483,35.6761762],[140.4122356,35.675614],[140.414598,35.6762508],[140.4170512,35.676935],[140.420313,35.677117],[140.4234175,35.6779424],[140.4256125,35.6780284],[140.4285336,35.6778857],[140.4313752,35.6779987],[140.4342044,35.6781672],[140.4376073,35.6788378],[140.4386379,35.6790153],[140.4408809,35.6793928],[140.4435241,35.6798463],[140.445255,35.680151],[140.4469376,35.679492],[140.4506197,35.6780672],[140.4536528,35.6768948],[140.4564592,35.6758273],[140.4601038,35.6754623]]},"properties":{"name":"tokyo_line_1362","loading_pct":5.1,"p_mw":-11.9,"synthetic":false,"tie":false}},{"type":"Feature","geometry":{"type":"LineString","coordinates":[[140.4061071,35.6753353],[140.403567,35.6744878],[140.399632,35.6736839],[140.3953891,35.6739224],[140.3918868,35.6741056],[140.3882514,35.6738914],[140.3850118,35.6736769],[140.3814184,35.673605],[140.3784876,35.6732998],[140.3756451,35.6730209],[140.3737634,35.6730024],[140.3705264,35.6729636],[140.3673108,35.6729412],[140.3634989,35.6730014],[140.3599596,35.6730759],[140.3563185,35.6731866],[140.3527623,35.6732821],[140.3489698,35.6741627],[140.3460678,35.6744681],[140.3428423,35.6741129],[140.3404511,35.6736607],[140.3372854,35.6739841],[140.333875,35.6739003],[140.330101,35.6738097],[140.3265786,35.6737183],[140.3245892,35.673648]]},"properties":{"name":"tokyo_line_1363","loading_pct":30.0,"p_mw":-56.9,"synthetic":false,"tie":false}},{"type":"Feature","geometry":{"type":"LineString","coordinates":[[140.4061071,35.6753353],[140.4065166,35.6777816],[140.4061009,35.6794113]]},"properties":{"name":"tokyo_line_1364","loading_pct":77.1,"p_mw":51.6,"synthetic":false,"tie":false}},{"type":"Feature","geometry":{"type":"LineString","coordinates":[[140.4601038,35.6754623],[140.4613826,35.6736484],[140.4637268,35.671087],[140.4656298,35.6690072],[140.4673652,35.6671136],[140.4669669,35.6633186],[140.4665948,35.6598112]]},"properties":{"name":"tokyo_line_1365","loading_pct":82.2,"p_mw":-92.9,"synthetic":false,"tie":false}},{"type":"Feature","geometry":{"type":"LineString","coordinates":[[140.4601038,35.6754623],[140.4616684,35.6761654],[140.463062,35.6768499]]},"properties":{"name":"tokyo_line_1366","loading_pct":35.7,"p_mw":63.8,"synthetic":false,"tie":false}},{"type":"Feature","geometry":{"type":"LineString","coordinates":[[140.3166567,35.7993283],[140.3184281,35.8006726],[140.3189664,35.8012361],[140.3199636,35.8022144],[140.3209466,35.8031254],[140.3217934,35.8041737],[140.3224794,35.8052844],[140.3231762,35.8064147],[140.3239221,35.8076638],[140.3242317,35.8084591],[140.3252137,35.8098776],[140.3259009,35.8110663],[140.3264557,35.8120198],[140.3269359,35.8131423],[140.3269672,35.8143703],[140.3269836,35.8155702]]},"properties":{"name":"tokyo_line_1367","loading_pct":81.4,"p_mw":69.1,"synthetic":false,"tie":false}},{"type":"Feature","geometry":{"type":"LineString","coordinates":[[140.3166567,35.7993283],[140.3131281,35.800829],[140.3099346,35.8021953],[140.3071467,35.8039737],[140.3053412,35.8051563],[140.3011491,35.8078895],[140.296929,35.8106334],[140.2945074,35.8122082],[140.2908462,35.8121647],[140.2882241,35.8121205]]},"properties":{"name":"tokyo_line_1368","loading_pct":10.2,"p_mw":5.0,"synthetic":false,"tie":false}},{"type":"Feature","geometry":{"type":"LineString","coordinates":[[140.3166567,35.7993283],[140.317778,35.7980884],[140.3188556,35.7975475]]},"properties":{"name":"tokyo_line_1369","loading_pct":91.7,"p_mw":-91.2,"synthetic":false,"tie":false}},{"type":"Feature","geometry":{"type":"LineString","coordinates":[[140.3471435,35.8251549],[140.3501373,35.8232272]]},"properties":{"name":"tokyo_line_1370","loading_pct":76.6,"p_mw":51.6,"synthetic":false,"tie":false}},{"type":"Feature","geometry":{"type":"LineString","coordinates":[[140.7542409,35.7272582],[140.754175,35.7276626]]},"properties":{"name":"tokyo_line_1371","loading_pct":25.4,"p_mw":17.2,"synthetic":false,"tie":false}},{"type":"Feature","geometry":{"type":"LineString","coordinates":[[140.7542409,35.7272582],[140.7513338,35.7265255],[140.7490789,35.7259564]]},"properties":{"name":"tokyo_line_1372","loading_pct":28.0,"p_mw":108.0,"synthetic":false,"tie":false}},{"type":"Feature","geometry":{"type":"LineString","coordinates":[[140.7490789,35.7259564],[140.7491465,35.7258019]]},"properties":{"name":"tokyo_line_1373","loading_pct":25.5,"p_mw":17.2,"synthetic":false,"tie":false}},{"type":"Feature","geometry":{"type":"LineString","coordinates":[[140.7490789,35.7259564],[140.746402,35.7252922],[140.7429979,35.7244542],[140.7377857,35.723141],[140.7353413,35.7235669],[140.7330733,35.7239706],[140.7303179,35.7248598],[140.7277933,35.7243764],[140.7245122,35.7237533],[140.721237,35.7231313],[140.7187427,35.7226505]]},"properties":{"name":"tokyo_line_1374","loading_pct":22.3,"p_mw":73.4,"synthetic":false,"tie":false}},{"type":"Feature","geometry":{"type":"LineString","coordinates":[[140.7187427,35.7226505],[140.718459,35.7224634]]},"properties":{"name":"tokyo_line_1375","loading_pct":25.4,"p_mw":17.2,"synthetic":false,"tie":false}},{"type":"Feature","geometry":{"type":"LineString","coordinates":[[140.7187427,35.7226505],[140.7156122,35.7223669],[140.711924,35.7220236],[140.7095484,35.7218057],[140.7082926,35.7216842],[140.7047177,35.721348],[140.7008458,35.721306],[140.6982745,35.7212771],[140.6953662,35.7215092],[140.6914799,35.7218076]]},"properties":{"name":"tokyo_line_1376","loading_pct":16.5,"p_mw":38.5,"synthetic":false,"tie":false}},{"type":"Feature","geometry":{"type":"LineString","coordinates":[[140.6757441,35.7248439],[140.674076,35.7272822]]},"properties":{"name":"tokyo_line_1377","loading_pct":12.1,"p_mw":35.6,"synthetic":false,"tie":false}},{"type":"Feature","geometry":{"type":"LineString","coordinates":[[140.6624257,35.7310273],[140.6588597,35.7318974],[140.655674,35.7326942],[140.6522927,35.7335206],[140.6514097,35.7337398],[140.6493429,35.7342555],[140.6463841,35.7333304],[140.6428081,35.7322068],[140.6394645,35.7311521],[140.6360821,35.7300826],[140.6330724,35.7291401],[140.6301089,35.7284558],[140.6267131,35.7276813]]},"properties":{"name":"tokyo_line_1378","loading_pct":9.1,"p_mw":25.6,"synthetic":false,"tie":false}},{"type":"Feature","geometry":{"type":"LineString","coordinates":[[140.5993816,35.7222433],[140.5959948,35.7218239]]},"properties":{"name":"tokyo_line_1379","loading_pct":12.6,"p_mw":37.2,"synthetic":false,"tie":false}},{"type":"Feature","geometry":{"type":"LineString","coordinates":[[139.9195326,35.817611],[139.9168972,35.8178287]]},"properties":{"name":"tokyo_line_1380","loading_pct":25.0,"p_mw":16.9,"synthetic":false,"tie":false}},{"type":"Feature","geometry":{"type":"LineString","coordinates":[[139.9384366,35.8085874],[139.9369386,35.8063806],[139.9347071,35.8048003]]},"properties":{"name":"tokyo_line_1381","loading_pct":86.4,"p_mw":111.0,"synthetic":false,"tie":false}},{"type":"Feature","geometry":{"type":"LineString","coordinates":[[139.9439305,35.8117029],[139.9453788,35.8121093],[139.9473815,35.812678],[139.9488762,35.813115],[139.950646,35.8136061],[139.9524417,35.8132427],[139.9545254,35.812827],[139.9571928,35.8122909],[139.9594725,35.811838],[139.9616506,35.8114018]]},"properties":{"name":"tokyo_line_1382","loading_pct":73.7,"p_mw":-318.5,"synthetic":false,"tie":false}},{"type":"Feature","geometry":{"type":"LineString","coordinates":[[139.9409103,35.8086267],[139.9409968,35.8086072],[139.9411943,35.8085573],[139.9414361,35.8084962],[139.9418358,35.8083953],[139.9422131,35.8083084],[139.9425454,35.8082652],[139.94298,35.8082251],[139.9435586,35.8081599],[139.9435874,35.8080779],[139.9435587,35.8079742],[139.9432824,35.8074679],[139.94327,35.8074068],[139.9432904,35.8072957],[139.9433206,35.8072479],[139.9437752,35.8067987],[139.944076,35.806507],[139.9442936,35.8062999],[139.9444798,35.8061234],[139.944645,35.8059753],[139.9446709,35.805952],[139.9448146,35.8058364],[139.9449161,35.8057548],[139.9460042,35.8049438]]},"properties":{"name":"tokyo_line_1383","loading_pct":87.8,"p_mw":173.4,"synthetic":false,"tie":false}},{"type":"Feature","geometry":{"type":"LineString","coordinates":[[139.9347071,35.8048003],[139.9328656,35.8035198],[139.9315582,35.8025507],[139.9294834,35.8010738]]},"properties":{"name":"tokyo_line_1384","loading_pct":25.5,"p_mw":17.2,"synthetic":false,"tie":false}},{"type":"Feature","geometry":{"type":"LineString","coordinates":[[139.9347071,35.8048003],[139.9345145,35.8046811],[139.9344697,35.8046438],[139.9370192,35.7980918]]},"properties":{"name":"tokyo_line_1385","loading_pct":89.3,"p_mw":76.4,"synthetic":false,"tie":false}},{"type":"Feature","geometry":{"type":"LineString","coordinates":[[140.4664144,35.6397877],[140.4667188,35.6422541]]},"properties":{"name":"tokyo_line_1386","loading_pct":53.0,"p_mw":34.8,"synthetic":false,"tie":false}},{"type":"Feature","geometry":{"type":"LineString","coordinates":[[140.4569051,35.6288261],[140.4543112,35.6261162],[140.4519959,35.6237103],[140.4502278,35.6216856],[140.4473662,35.6194464],[140.4446929,35.6176011]]},"properties":{"name":"tokyo_line_1387","loading_pct":25.2,"p_mw":16.6,"synthetic":false,"tie":false}},{"type":"Feature","geometry":{"type":"LineString","coordinates":[[140.4246583,35.5987618],[140.4257766,35.5957164]]},"properties":{"name":"tokyo_line_1388","loading_pct":6.8,"p_mw":-4.5,"synthetic":false,"tie":false}},{"type":"Feature","geometry":{"type":"LineString","coordinates":[[140.422881,35.6040643],[140.4183108,35.60536]]},"properties":{"name":"tokyo_line_1389","loading_pct":49.8,"p_mw":32.7,"synthetic":false,"tie":false}},{"type":"Feature","geometry":{"type":"LineString","coordinates":[[140.1740815,35.6561771],[140.1770923,35.6585376],[140.1802325,35.661001],[140.1821308,35.6604689],[140.1830006,35.6603591],[140.185821,35.6601497],[140.187413,35.6591181],[140.1898312,35.6576454],[140.1929679,35.6555516],[140.1944717,35.6542258],[140.1958657,35.6530938],[140.1994978,35.6533464],[140.2024751,35.6535301],[140.2046697,35.6532175],[140.2062792,35.6530065],[140.2100413,35.6524797],[140.2141072,35.6519052],[140.2162862,35.6507782],[140.2187695,35.6495934],[140.2221016,35.6494101],[140.2262656,35.6491343],[140.2303669,35.6489587],[140.2332977,35.6484577],[140.2378724,35.6476817],[140.2421273,35.6469402],[140.2448166,35.6469971],[140.2480905,35.6471318],[140.2511254,35.6477618],[140.2544676,35.6484485],[140.2572276,35.64901],[140.2599305,35.6495671],[140.2627827,35.6501642],[140.2649709,35.6513469],[140.2671123,35.6525085],[140.2708763,35.6529247],[140.2746851,35.6533429],[140.2783784,35.6537492],[140.2812185,35.6540634],[140.2843468,35.6544156],[140.2871106,35.6547103],[140.2898851,35.655498],[140.2929719,35.6563604],[140.2958822,35.6571882],[140.2993223,35.658098]]},"properties":{"name":"tokyo_line_1390","loading_pct":24.4,"p_mw":-16.3,"synthetic":false,"tie":false}},{"type":"Feature","geometry":{"type":"LineString","coordinates":[[140.3048233,35.6595224],[140.3074937,35.6604477]]},"properties":{"name":"tokyo_line_1392","loading_pct":1.7,"p_mw":-1.1,"synthetic":false,"tie":false}},{"type":"Feature","geometry":{"type":"LineString","coordinates":[[140.1603028,35.7035278],[140.1619605,35.7008524],[140.1639466,35.6976138],[140.1656721,35.6948116],[140.1672113,35.6923042],[140.168762,35.6897837],[140.1704675,35.687039],[140.1726035,35.6835705],[140.174404,35.6805311],[140.1748192,35.6780681],[140.1753149,35.675057],[140.1758266,35.6720496],[140.1764334,35.6683069],[140.1768242,35.6661128],[140.1785841,35.6642791],[140.1802277,35.6627041]]},"properties":{"name":"tokyo_line_1393","loading_pct":43.8,"p_mw":-415.9,"synthetic":false,"tie":false}},{"type":"Feature","geometry":{"type":"LineString","coordinates":[[140.1618713,35.5167399],[140.1610967,35.519293],[140.1603369,35.5218146],[140.1595441,35.5244392],[140.158977,35.5263164],[140.1581149,35.5291507],[140.157421,35.531454],[140.1567084,35.5337934],[140.1559727,35.5362415],[140.1552059,35.5387548],[140.1544127,35.541401],[140.1535924,35.544131],[140.1528435,35.5466131]]},"properties":{"name":"tokyo_line_1407","loading_pct":21.5,"p_mw":-52.7,"synthetic":false,"tie":false}},{"type":"Feature","geometry":{"type":"LineString","coordinates":[[140.1722275,35.724838],[140.1681074,35.727996],[140.1648524,35.7304435],[140.1610334,35.7333383],[140.1569443,35.7364384],[140.153375,35.7406073],[140.1509888,35.7434483],[140.148398,35.7465035],[140.1451217,35.7503222],[140.1420715,35.7521555],[140.1376554,35.7547762],[140.1346438,35.7565576],[140.1320504,35.7580966],[140.1291107,35.7598729],[140.1267014,35.761304],[140.1238095,35.7630031],[140.1214884,35.7640042],[140.1177272,35.7655536],[140.1131864,35.7674487],[140.1080025,35.7696259],[140.1070022,35.7705626]]},"properties":{"name":"tokyo_line_1408","loading_pct":81.5,"p_mw":2821.1,"synthetic":false,"tie":false}},{"type":"Feature","geometry":{"type":"LineString","coordinates":[[139.8917602,35.6411435],[139.8910279,35.6405178]]},"properties":{"name":"tokyo_line_1411","loading_pct":81.9,"p_mw":-656.8,"synthetic":false,"tie":false}},{"type":"Feature","geometry":{"type":"LineString","coordinates":[[139.9479325,35.8743856],[139.9478051,35.8766655]]},"properties":{"name":"tokyo_line_1413","loading_pct":77.1,"p_mw":108.2,"synthetic":false,"tie":false}},{"type":"Feature","geometry":{"type":"LineString","coordinates":[[139.9531201,35.8658444],[139.9516861,35.8645196]]},"properties":{"name":"tokyo_line_1414","loading_pct":94.0,"p_mw":62.4,"synthetic":false,"tie":false}},{"type":"Feature","geometry":{"type":"LineString","coordinates":[[139.9990263,35.8832629],[139.9993282,35.8837668]]},"properties":{"name":"tokyo_line_1415","loading_pct":25.3,"p_mw":17.2,"synthetic":false,"tie":false}},{"type":"Feature","geometry":{"type":"LineString","coordinates":[[140.0121497,35.8809954],[140.0154125,35.8801372]]},"properties":{"name":"tokyo_line_1416","loading_pct":25.3,"p_mw":17.2,"synthetic":false,"tie":false}},{"type":"Feature","geometry":{"type":"LineString","coordinates":[[140.116889,35.5629404],[140.1216808,35.5634707]]},"properties":{"name":"tokyo_line_1417","loading_pct":80.0,"p_mw":2615.4,"synthetic":false,"tie":false}},{"type":"Feature","geometry":{"type":"LineString","coordinates":[[140.1430547,35.5793843],[140.1423196,35.5776303]]},"properties":{"name":"tokyo_line_1420","loading_pct":55.7,"p_mw":-1610.7,"synthetic":false,"tie":false}},{"type":"Feature","geometry":{"type":"LineString","coordinates":[[140.1482878,35.5948213],[140.1491105,35.5975313]]},"properties":{"name":"tokyo_line_1421","loading_pct":54.9,"p_mw":1197.9,"synthetic":false,"tie":false}},{"type":"Feature","geometry":{"type":"LineString","coordinates":[[140.1580176,35.5843601],[140.1594686,35.5867793],[140.1606119,35.5888655],[140.1602208,35.5914533],[140.159056,35.5936766],[140.1578528,35.5959062],[140.1577344,35.5980746],[140.1576231,35.6002981],[140.156791,35.6028648]]},"properties":{"name":"tokyo_line_1422","loading_pct":56.8,"p_mw":399.2,"synthetic":false,"tie":false}},{"type":"Feature","geometry":{"type":"LineString","coordinates":[[140.1417822,35.55489],[140.1405279,35.5532683],[140.1385212,35.5506722],[140.136748,35.5483613],[140.1352436,35.5464107],[140.1336388,35.5443399],[140.1319974,35.5421882],[140.1305375,35.5402687],[140.1292019,35.538545],[140.1273345,35.536128]]},"properties":{"name":"tokyo_line_1424","loading_pct":15.5,"p_mw":-200.1,"synthetic":false,"tie":false}},{"type":"Feature","geometry":{"type":"LineString","coordinates":[[140.1484962,35.6097113],[140.1499996,35.6119029]]},"properties":{"name":"tokyo_line_1425","loading_pct":54.9,"p_mw":1532.5,"synthetic":false,"tie":false}},{"type":"Feature","geometry":{"type":"LineString","coordinates":[[140.1490287,35.6006869],[140.1491105,35.5975313]]},"properties":{"name":"tokyo_line_1426","loading_pct":54.7,"p_mw":-1154.4,"synthetic":false,"tie":false}},{"type":"Feature","geometry":{"type":"LineString","coordinates":[[140.1390774,35.6177539],[140.1368656,35.6188826]]},"properties":{"name":"tokyo_line_1428","loading_pct":49.4,"p_mw":1099.7,"synthetic":false,"tie":false}},{"type":"Feature","geometry":{"type":"LineString","coordinates":[[140.1473715,35.6344017],[140.1470128,35.6354312],[140.1461278,35.6381255],[140.1452751,35.6407174],[140.1442972,35.6436615]]},"properties":{"name":"tokyo_line_1429","loading_pct":74.5,"p_mw":660.8,"synthetic":false,"tie":false}},{"type":"Feature","geometry":{"type":"LineString","coordinates":[[140.2886657,35.736396],[140.2917476,35.7376768],[140.2947546,35.7389193],[140.2990291,35.7399771],[140.3029561,35.7386365],[140.3061598,35.7384371],[140.3092742,35.7401911]]},"properties":{"name":"tokyo_line_1430","loading_pct":71.2,"p_mw":48.8,"synthetic":false,"tie":false}},{"type":"Feature","geometry":{"type":"LineString","coordinates":[[140.2886657,35.736396],[140.2886041,35.7387011],[140.2887174,35.741953],[140.2909577,35.7443861],[140.2915346,35.7464916],[140.2902357,35.7472671],[140.2899731,35.7499457],[140.2894812,35.7528582],[140.2890636,35.7562416],[140.2893396,35.7575139],[140.2861455,35.7590367],[140.2830545,35.7605163]]},"properties":{"name":"tokyo_line_1431","loading_pct":83.5,"p_mw":85.8,"synthetic":false,"tie":false}},{"type":"Feature","geometry":{"type":"LineString","coordinates":[[140.3264152,35.7565123],[140.3265881,35.7620224],[140.3285045,35.7639015],[140.3304161,35.7640845],[140.3334532,35.7668868]]},"properties":{"name":"tokyo_line_1432","loading_pct":95.5,"p_mw":92.9,"synthetic":false,"tie":false}},{"type":"Feature","geometry":{"type":"LineString","coordinates":[[140.3416078,35.7739632],[140.339716,35.7746367]]},"properties":{"name":"tokyo_line_1433","loading_pct":93.4,"p_mw":107.8,"synthetic":false,"tie":false}},{"type":"Feature","geometry":{"type":"LineString","coordinates":[[140.341832,35.7842593],[140.3402441,35.7864944]]},"properties":{"name":"tokyo_line_1434","loading_pct":89.8,"p_mw":108.6,"synthetic":false,"tie":false}},{"type":"Feature","geometry":{"type":"LineString","coordinates":[[139.9182007,35.8408963],[139.9179956,35.8430012]]},"properties":{"name":"tokyo_line_1435","loading_pct":48.7,"p_mw":-17.7,"synthetic":false,"tie":false}},{"type":"Feature","geometry":{"type":"LineString","coordinates":[[139.9101849,35.8300098],[139.9098062,35.8281019]]},"properties":{"name":"tokyo_line_1436","loading_pct":30.6,"p_mw":17.6,"synthetic":false,"tie":false}},{"type":"Feature","geometry":{"type":"LineString","coordinates":[[139.931365,35.8443617],[139.9298839,35.8453803]]},"properties":{"name":"tokyo_line_1438","loading_pct":34.1,"p_mw":90.1,"synthetic":false,"tie":false}},{"type":"Feature","geometry":{"type":"LineString","coordinates":[[139.9526858,35.8375463],[139.954846,35.8355683]]},"properties":{"name":"tokyo_line_1439","loading_pct":41.7,"p_mw":-110.3,"synthetic":false,"tie":false}},{"type":"Feature","geometry":{"type":"LineString","coordinates":[[139.9220961,35.8601992],[139.9196806,35.8610437],[139.9171061,35.8614634]]},"properties":{"name":"tokyo_line_1442","loading_pct":17.9,"p_mw":47.7,"synthetic":false,"tie":false}},{"type":"Feature","geometry":{"type":"LineString","coordinates":[[139.907627,35.8193898],[139.9071803,35.8181]]},"properties":{"name":"tokyo_line_1445","loading_pct":27.0,"p_mw":0.4,"synthetic":false,"tie":false}},{"type":"Feature","geometry":{"type":"LineString","coordinates":[[140.5203739,35.9096809],[140.5206397,35.9088999],[140.5214729,35.906368]]},"properties":{"name":"tokyo_line_1446","loading_pct":83.1,"p_mw":85.7,"synthetic":false,"tie":false}},{"type":"Feature","geometry":{"type":"LineString","coordinates":[[140.5203739,35.9096809],[140.5172068,35.9075513],[140.5176921,35.9058165],[140.5198487,35.898257]]},"properties":{"name":"tokyo_line_1447","loading_pct":44.2,"p_mw":29.6,"synthetic":false,"tie":false}},{"type":"Feature","geometry":{"type":"LineString","coordinates":[[140.5203739,35.9096809],[140.5220429,35.9119807],[140.5237291,35.9142766],[140.5254766,35.9166615],[140.5272361,35.9190563],[140.5289172,35.9210951],[140.5307113,35.9232699],[140.5326617,35.925457],[140.5347884,35.9270658],[140.5381789,35.9283617],[140.5412737,35.9290567],[140.5436329,35.9293903],[140.5460302,35.9297328],[140.5485225,35.931913],[140.5513287,35.934585],[140.5533493,35.9365488],[140.5559103,35.9389067]]},"properties":{"name":"tokyo_line_1448","loading_pct":80.0,"p_mw":-132.4,"synthetic":false,"tie":false}},{"type":"Feature","geometry":{"type":"LineString","coordinates":[[140.5210801,35.8981681],[140.518906,35.8973618]]},"properties":{"name":"tokyo_line_1449","loading_pct":73.3,"p_mw":44.8,"synthetic":false,"tie":false}},{"type":"Feature","geometry":{"type":"LineString","coordinates":[[140.5037197,35.8802112],[140.5021983,35.8786464],[140.4988028,35.878569],[140.4954533,35.8784891],[140.4916882,35.8782627]]},"properties":{"name":"tokyo_line_1450","loading_pct":14.0,"p_mw":90.9,"synthetic":false,"tie":false}},{"type":"Feature","geometry":{"type":"LineString","coordinates":[[140.5225262,35.8827989],[140.525608,35.8816247],[140.5275047,35.8806951],[140.5304147,35.8792825],[140.5317538,35.878583],[140.5347029,35.8772422],[140.5371149,35.8766969],[140.5399973,35.8758862],[140.542856,35.87509],[140.5454704,35.8743227],[140.5496393,35.8728508],[140.5531649,35.8715527],[140.5585085,35.869444],[140.561629,35.8682633],[140.567154,35.8669323],[140.5681816,35.8658301],[140.5710451,35.8628064],[140.5731718,35.860489],[140.5739635,35.8577391],[140.5772236,35.8563044],[140.5785417,35.8551747],[140.5799871,35.853633],[140.5813768,35.8527899],[140.5840621,35.8510275],[140.5861235,35.8497328],[140.5881509,35.8484583]]},"properties":{"name":"tokyo_line_1451","loading_pct":11.8,"p_mw":-85.5,"synthetic":false,"tie":false}},{"type":"Feature","geometry":{"type":"LineString","coordinates":[[140.5100535,35.8789258],[140.5125966,35.8766258],[140.5143103,35.8735871],[140.5162457,35.8723559],[140.5168336,35.8698264],[140.5177425,35.8669849]]},"properties":{"name":"tokyo_line_1452","loading_pct":76.2,"p_mw":51.7,"synthetic":false,"tie":false}},{"type":"Feature","geometry":{"type":"LineString","coordinates":[[140.4916882,35.8782627],[140.4894262,35.8782379]]},"properties":{"name":"tokyo_line_1453","loading_pct":12.0,"p_mw":77.9,"synthetic":false,"tie":false}},{"type":"Feature","geometry":{"type":"LineString","coordinates":[[140.4916882,35.8782627],[140.4898218,35.879813],[140.4899736,35.8821092]]},"properties":{"name":"tokyo_line_1454","loading_pct":39.2,"p_mw":-4.5,"synthetic":false,"tie":false}},{"type":"Feature","geometry":{"type":"LineString","coordinates":[[140.4894262,35.8782379],[140.49092,35.877392],[140.4910615,35.8737824],[140.4896025,35.8707586],[140.4904557,35.8679273],[140.4906622,35.8643555],[140.4931446,35.8629259],[140.4952608,35.8602488],[140.4980078,35.8568782],[140.5006987,35.8563774],[140.5025021,35.8559114],[140.5050563,35.8531757],[140.5076619,35.8503248],[140.5098781,35.8512091],[140.51083,35.8497098]]},"properties":{"name":"tokyo_line_1455","loading_pct":76.7,"p_mw":51.9,"synthetic":false,"tie":false}},{"type":"Feature","geometry":{"type":"LineString","coordinates":[[140.4228725,35.8717669],[140.4195134,35.8712399]]},"properties":{"name":"tokyo_line_1456","loading_pct":68.5,"p_mw":92.6,"synthetic":false,"tie":false}},{"type":"Feature","geometry":{"type":"LineString","coordinates":[[140.4228725,35.8717669],[140.422901,35.8720449]]},"properties":{"name":"tokyo_line_1457","loading_pct":25.2,"p_mw":17.2,"synthetic":false,"tie":false}},{"type":"Feature","geometry":{"type":"LineString","coordinates":[[140.4228725,35.8717669],[140.422824,35.8720324]]},"properties":{"name":"tokyo_line_1458","loading_pct":25.2,"p_mw":17.2,"synthetic":false,"tie":false}},{"type":"Feature","geometry":{"type":"LineString","coordinates":[[140.4195134,35.8712399],[140.4154941,35.8706421]]},"properties":{"name":"tokyo_line_1459","loading_pct":74.2,"p_mw":48.0,"synthetic":false,"tie":false}},{"type":"Feature","geometry":{"type":"LineString","coordinates":[[140.4195134,35.8712399],[140.419788,35.8683383],[140.4183883,35.8677519],[140.4174155,35.8674286],[140.4168338,35.866766],[140.4150165,35.8637468],[140.4148972,35.8612689],[140.4139892,35.8587689],[140.4132922,35.8581978],[140.4131027,35.8558492],[140.4140725,35.8525483],[140.4146845,35.8502002],[140.4157693,35.8468392],[140.4191736,35.8457552],[140.4202586,35.8433242],[140.4204446,35.8400633],[140.4225379,35.8385892],[140.4221212,35.8356438],[140.4237899,35.831717],[140.4249903,35.829718],[140.4262882,35.8271979],[140.4287299,35.8244947],[140.4309461,35.8219351],[140.4312715,35.8202468],[140.4331983,35.8194753],[140.4337817,35.8166981]]},"properties":{"name":"tokyo_line_1460","loading_pct":40.7,"p_mw":27.3,"synthetic":false,"tie":false}},{"type":"Feature","geometry":{"type":"LineString","coordinates":[[140.1100117,35.5364733],[140.1081241,35.5383825]]},"properties":{"name":"tokyo_line_1464","loading_pct":85.7,"p_mw":-56.3,"synthetic":false,"tie":false}},{"type":"Feature","geometry":{"type":"LineString","coordinates":[[140.1081232,35.5199731],[140.1058095,35.5182514],[140.1031741,35.5162896]]},"properties":{"name":"tokyo_line_1466","loading_pct":21.8,"p_mw":-47.5,"synthetic":false,"tie":false}},{"type":"Feature","geometry":{"type":"LineString","coordinates":[[139.9461193,35.3957696],[139.9495955,35.3955404],[139.9530032,35.3952648],[139.9559943,35.3962547]]},"properties":{"name":"tokyo_line_1469","loading_pct":41.9,"p_mw":146.6,"synthetic":false,"tie":false}},{"type":"Feature","geometry":{"type":"LineString","coordinates":[[139.9461193,35.3957696],[139.9449795,35.3937606],[139.9435332,35.3913523],[139.9423053,35.3892982],[139.9409483,35.387395],[139.9392678,35.3850172],[139.9384826,35.3839128]]},"properties":{"name":"tokyo_line_1470","loading_pct":54.0,"p_mw":-210.1,"synthetic":false,"tie":false}},{"type":"Feature","geometry":{"type":"LineString","coordinates":[[139.9461193,35.3957696],[139.9475322,35.3980334],[139.9486935,35.3999889]]},"properties":{"name":"tokyo_line_1471","loading_pct":88.0,"p_mw":46.4,"synthetic":false,"tie":false}},{"type":"Feature","geometry":{"type":"LineString","coordinates":[[139.9559943,35.3962547],[139.9564071,35.3960016]]},"properties":{"name":"tokyo_line_1472","loading_pct":25.4,"p_mw":17.2,"synthetic":false,"tie":false}},{"type":"Feature","geometry":{"type":"LineString","coordinates":[[139.9559943,35.3962547],[139.9585561,35.3973311],[139.9616253,35.3986163],[139.9651601,35.4000877],[139.9676949,35.3999494],[139.9709887,35.3997716]]},"properties":{"name":"tokyo_line_1473","loading_pct":36.9,"p_mw":111.7,"synthetic":false,"tie":false}},{"type":"Feature","geometry":{"type":"LineString","coordinates":[[139.9709887,35.3997716],[139.9743647,35.3998497],[139.9769206,35.4000377],[139.9798603,35.400255],[139.9835057,35.4005309],[139.9872635,35.4005562],[139.9905953,35.4000096],[139.9937371,35.3994864],[139.9964588,35.3990318],[140.0002852,35.3982661],[140.0031542,35.3983304],[140.0053803,35.3980816],[140.0077865,35.3977995],[140.0112608,35.3974537],[140.0153664,35.3969258],[140.0185544,35.3961365],[140.0222749,35.3951146]]},"properties":{"name":"tokyo_line_1474","loading_pct":23.2,"p_mw":42.3,"synthetic":false,"tie":false}},{"type":"Feature","geometry":{"type":"LineString","coordinates":[[139.9709887,35.3997716],[139.9700273,35.3976537],[139.9687776,35.396074],[139.9689768,35.3954228],[139.9701355,35.3951444]]},"properties":{"name":"tokyo_line_1475","loading_pct":76.5,"p_mw":51.6,"synthetic":false,"tie":false}},{"type":"Feature","geometry":{"type":"LineString","coordinates":[[140.0472984,35.3822875],[140.0496863,35.3800832],[140.0523859,35.3779739]]},"properties":{"name":"tokyo_line_1476","loading_pct":40.8,"p_mw":140.3,"synthetic":false,"tie":false}},{"type":"Feature","geometry":{"type":"LineString","coordinates":[[140.0523859,35.3779739],[140.0521919,35.3779093]]},"properties":{"name":"tokyo_line_1477","loading_pct":25.3,"p_mw":17.2,"synthetic":false,"tie":false}},{"type":"Feature","geometry":{"type":"LineString","coordinates":[[140.0523859,35.3779739],[140.0522627,35.3778776]]},"properties":{"name":"tokyo_line_1478","loading_pct":25.3,"p_mw":17.2,"synthetic":false,"tie":false}},{"type":"Feature","geometry":{"type":"LineString","coordinates":[[140.0523859,35.3779739],[140.0547775,35.3754575],[140.0551111,35.372669],[140.0553713,35.3697496],[140.0557439,35.3676145],[140.0556784,35.3648941],[140.0556126,35.3622931],[140.0546987,35.3603365],[140.0538424,35.3576552],[140.0530136,35.355442],[140.0539047,35.3526621],[140.0545391,35.3501206],[140.0545585,35.3470687],[140.0545947,35.3439674],[140.0546191,35.3416329],[140.0546241,35.3396153],[140.0546572,35.3358867],[140.0547249,35.3334316],[140.0547661,35.3301056],[140.0547964,35.3263968],[140.0547184,35.323027],[140.0549678,35.3213648],[140.0541909,35.318586],[140.054368,35.316546]]},"properties":{"name":"tokyo_line_1479","loading_pct":32.4,"p_mw":88.3,"synthetic":false,"tie":false}},{"type":"Feature","geometry":{"type":"LineString","coordinates":[[140.054368,35.316546],[140.0525813,35.3179926]]},"properties":{"name":"tokyo_line_1480","loading_pct":6.9,"p_mw":8.2,"synthetic":false,"tie":false}},{"type":"Feature","geometry":{"type":"LineString","coordinates":[[140.054368,35.316546],[140.0554356,35.3151075]]},"properties":{"name":"tokyo_line_1481","loading_pct":49.2,"p_mw":61.4,"synthetic":false,"tie":false}},{"type":"Feature","geometry":{"type":"LineString","coordinates":[[140.0828692,35.5014386],[140.0799779,35.4992872]]},"properties":{"name":"tokyo_line_1482","loading_pct":62.0,"p_mw":-371.2,"synthetic":false,"tie":false}},{"type":"Feature","geometry":{"type":"LineString","coordinates":[[140.0193036,35.4825175],[140.0191283,35.482744]]},"properties":{"name":"tokyo_line_1483","loading_pct":0.5,"p_mw":5.2,"synthetic":false,"tie":false}},{"type":"Feature","geometry":{"type":"LineString","coordinates":[[140.0193036,35.4825175],[140.019021,35.4826173]]},"properties":{"name":"tokyo_line_1484","loading_pct":0.5,"p_mw":5.2,"synthetic":false,"tie":false}},{"type":"Feature","geometry":{"type":"LineString","coordinates":[[140.0193036,35.4825175],[140.0196815,35.482048],[140.0230083,35.4801604],[140.025837,35.4785551],[140.0297759,35.4763276],[140.0285979,35.4717804],[140.0276223,35.4679273]]},"properties":{"name":"tokyo_line_1485","loading_pct":1.6,"p_mw":-15.5,"synthetic":false,"tie":false}},{"type":"Feature","geometry":{"type":"LineString","coordinates":[[140.0281359,35.4681985],[140.0291949,35.4724253],[140.0301865,35.4763709],[140.0260535,35.4787486],[140.023174,35.4803781],[140.0198616,35.4822672],[140.0197359,35.4830292]]},"properties":{"name":"tokyo_line_1488","loading_pct":1.6,"p_mw":15.5,"synthetic":false,"tie":false}},{"type":"Feature","geometry":{"type":"LineString","coordinates":[[140.0574633,35.4827345],[140.061834,35.4852233],[140.0646597,35.4867553],[140.068101,35.4901033]]},"properties":{"name":"tokyo_line_1492","loading_pct":68.4,"p_mw":347.6,"synthetic":false,"tie":false}},{"type":"Feature","geometry":{"type":"LineString","coordinates":[[140.0325804,35.4778059],[140.0314124,35.4763796],[140.0296703,35.4773582],[140.0277284,35.4784629],[140.0258052,35.4795599],[140.0240551,35.4805569],[140.0220743,35.4816796],[140.021047,35.4827316]]},"properties":{"name":"tokyo_line_1493","loading_pct":81.1,"p_mw":86.2,"synthetic":false,"tie":false}},{"type":"Feature","geometry":{"type":"LineString","coordinates":[[140.0324752,35.477866],[140.0313923,35.4765555],[140.0297642,35.4774761],[140.0278263,35.4785704],[140.0259031,35.4796691],[140.0241355,35.4806706],[140.0221641,35.481791],[140.0213264,35.4830596]]},"properties":{"name":"tokyo_line_1494","loading_pct":81.0,"p_mw":68.9,"synthetic":false,"tie":false}},{"type":"Feature","geometry":{"type":"LineString","coordinates":[[140.0395743,35.4865609],[140.0409557,35.4882612],[140.0418221,35.4894067],[140.0426642,35.4907437],[140.0438498,35.4927764],[140.0450299,35.494791],[140.0463215,35.4967257],[140.0473145,35.4983231],[140.0483418,35.4999592],[140.0496058,35.5019651],[140.0505969,35.5035458]]},"properties":{"name":"tokyo_line_1495","loading_pct":68.5,"p_mw":195.5,"synthetic":false,"tie":false}},{"type":"Feature","geometry":{"type":"LineString","coordinates":[[140.0197359,35.4830292],[140.0195601,35.4832573]]},"properties":{"name":"tokyo_line_1496","loading_pct":0.5,"p_mw":5.2,"synthetic":false,"tie":false}},{"type":"Feature","geometry":{"type":"LineString","coordinates":[[140.0197359,35.4830292],[140.0194555,35.4831284]]},"properties":{"name":"tokyo_line_1497","loading_pct":0.5,"p_mw":5.2,"synthetic":false,"tie":false}},{"type":"Feature","geometry":{"type":"LineString","coordinates":[[140.0159445,35.3371809],[140.0119359,35.3336183],[140.0086247,35.3307225],[140.0066761,35.3290294],[140.0014984,35.3298365],[139.9975549,35.3304639],[139.9945682,35.3309607],[139.9914891,35.3312096],[139.9874738,35.3315416],[139.9835155,35.3318742],[139.977445,35.3323808],[139.9726734,35.3328173],[139.9689987,35.3331565],[139.9656795,35.3334716],[139.9603902,35.3339606],[139.9567826,35.3342954],[139.9528465,35.3346543],[139.9483511,35.3350656],[139.944018,35.3359474],[139.9390385,35.3369638],[139.9340509,35.3379714],[139.9299055,35.338002],[139.923656,35.3386956],[139.920385,35.3398695],[139.9148503,35.3399296],[139.9118476,35.3399712],[139.9088582,35.3404559],[139.9037191,35.3412873],[139.8988026,35.3420574],[139.8962579,35.3429348],[139.8932169,35.3439784]]},"properties":{"name":"tokyo_line_1498","loading_pct":102.5,"p_mw":-1252.7,"synthetic":false,"tie":false}},{"type":"Feature","geometry":{"type":"LineString","coordinates":[[140.1184907,35.7191731],[140.1160829,35.7185416]]},"properties":{"name":"tokyo_line_1501","loading_pct":81.4,"p_mw":683.0,"synthetic":false,"tie":false}},{"type":"Feature","geometry":{"type":"LineString","coordinates":[[140.1176357,35.7321617],[140.1148904,35.7353217]]},"properties":{"name":"tokyo_line_1502","loading_pct":83.5,"p_mw":-335.0,"synthetic":false,"tie":false}},{"type":"Feature","geometry":{"type":"LineString","coordinates":[[140.1224227,35.7200582],[140.1255744,35.7204873]]},"properties":{"name":"tokyo_line_1503","loading_pct":79.3,"p_mw":-365.2,"synthetic":false,"tie":false}},{"type":"Feature","geometry":{"type":"LineString","coordinates":[[140.4154941,35.8706421],[140.4133633,35.8703187],[140.4099851,35.8698101],[140.4058003,35.8691758],[140.40203,35.8685991],[140.3983388,35.868034],[140.3945494,35.8674487],[140.3905107,35.8668723],[140.3868627,35.8663155],[140.3832187,35.8657741],[140.3793485,35.8651678],[140.3771297,35.8643004],[140.37422,35.8631677],[140.3707043,35.8617995]]},"properties":{"name":"tokyo_line_1504","loading_pct":57.6,"p_mw":126.0,"synthetic":false,"tie":false}},{"type":"Feature","geometry":{"type":"LineString","coordinates":[[140.3437332,35.8571728],[140.3399552,35.8572066],[140.3365985,35.8572359],[140.3329576,35.8572685],[140.3292908,35.8573031],[140.3256344,35.8573385],[140.3222706,35.8573687],[140.3183121,35.8574069],[140.3149289,35.8578724],[140.3113315,35.8583611],[140.3076839,35.85887],[140.3043723,35.8593229],[140.3005709,35.8598452],[140.2973542,35.8588548],[140.2942918,35.8579223],[140.2912761,35.8570046],[140.2884416,35.8561354],[140.2857232,35.8552977]]},"properties":{"name":"tokyo_line_1505","loading_pct":53.6,"p_mw":110.5,"synthetic":false,"tie":false}},{"type":"Feature","geometry":{"type":"LineString","coordinates":[[140.2604347,35.8435348],[140.2582834,35.8423552]]},"properties":{"name":"tokyo_line_1506","loading_pct":62.4,"p_mw":96.3,"synthetic":false,"tie":false}},{"type":"Feature","geometry":{"type":"LineString","coordinates":[[140.2677119,35.8377317],[140.2696414,35.8366046],[140.2720483,35.8351548],[140.274333,35.8325974],[140.2760136,35.8303886],[140.2772287,35.8282281],[140.2788058,35.8258696],[140.2806847,35.8230369]]},"properties":{"name":"tokyo_line_1507","loading_pct":28.4,"p_mw":-4.8,"synthetic":false,"tie":false}},{"type":"Feature","geometry":{"type":"LineString","coordinates":[[140.2395476,35.8352703],[140.2372973,35.836734]]},"properties":{"name":"tokyo_line_1508","loading_pct":59.5,"p_mw":79.0,"synthetic":false,"tie":false}},{"type":"Feature","geometry":{"type":"LineString","coordinates":[[139.8280484,35.8488782],[139.8289483,35.8470392]]},"properties":{"name":"tokyo_line_1510","loading_pct":84.7,"p_mw":-80.4,"synthetic":false,"tie":false}},{"type":"Feature","geometry":{"type":"LineString","coordinates":[[140.0081976,35.6604626],[140.0065561,35.6587878]]},"properties":{"name":"tokyo_line_1511","loading_pct":25.3,"p_mw":17.2,"synthetic":false,"tie":false}},{"type":"Feature","geometry":{"type":"LineString","coordinates":[[140.0018084,35.6689049],[139.99878,35.6688867]]},"properties":{"name":"tokyo_line_1512","loading_pct":200,"p_mw":-48.0,"synthetic":false,"tie":false}},{"type":"Feature","geometry":{"type":"LineString","coordinates":[[140.0181774,35.6571568],[140.021095,35.6553283]]},"properties":{"name":"tokyo_line_1513","loading_pct":25.3,"p_mw":17.2,"synthetic":false,"tie":false}},{"type":"Feature","geometry":{"type":"LineString","coordinates":[[139.962224,35.4517331],[139.9611276,35.4515589],[139.9579687,35.4508038],[139.9573818,35.4526056]]},"properties":{"name":"tokyo_line_1515","loading_pct":75.9,"p_mw":51.6,"synthetic":false,"tie":false}},{"type":"Feature","geometry":{"type":"LineString","coordinates":[[139.9761247,35.4357087],[139.971969,35.4329217],[139.9690146,35.4309],[139.9669516,35.4294506],[139.9655268,35.4271896],[139.9642941,35.4251508],[139.9622266,35.4217582],[139.9602865,35.4186429],[139.9584726,35.4156],[139.9571061,35.413343],[139.95539,35.410522],[139.9541918,35.4085798],[139.9522537,35.4053863],[139.9504342,35.402403],[139.9486935,35.3999889]]},"properties":{"name":"tokyo_line_1516","loading_pct":64.8,"p_mw":-41.4,"synthetic":false,"tie":false}},{"type":"Feature","geometry":{"type":"LineString","coordinates":[[139.8750235,35.3110334],[139.8695786,35.3119138],[139.8641847,35.3132451],[139.859798,35.3108835],[139.8550142,35.3090657],[139.8499113,35.3086575],[139.8449291,35.3079067],[139.8413511,35.3073365],[139.8377663,35.3103035],[139.8350961,35.3136128]]},"properties":{"name":"tokyo_line_1520","loading_pct":44.7,"p_mw":-624.0,"synthetic":false,"tie":false}},{"type":"Feature","geometry":{"type":"LineString","coordinates":[[139.8970485,35.3248794],[139.8986819,35.3243181],[139.9022627,35.3224699],[139.9040812,35.3215749],[139.9064052,35.3203988]]},"properties":{"name":"tokyo_line_1521","loading_pct":61.2,"p_mw":397.0,"synthetic":false,"tie":false}},{"type":"Feature","geometry":{"type":"LineString","coordinates":[[139.8365538,35.3264966],[139.8346439,35.3289749]]},"properties":{"name":"tokyo_line_1522","loading_pct":44.2,"p_mw":-598.7,"synthetic":false,"tie":false}},{"type":"Feature","geometry":{"type":"LineString","coordinates":[[139.8437959,35.3351313],[139.8429698,35.3362028]]},"properties":{"name":"tokyo_line_1523","loading_pct":44.7,"p_mw":-616.2,"synthetic":false,"tie":false}},{"type":"Feature","geometry":{"type":"LineString","coordinates":[[139.9267794,35.3096818],[139.9297708,35.309811],[139.9324067,35.3103035],[139.936778,35.3111177],[139.9407913,35.3115511],[139.9437437,35.3118673],[139.9477972,35.3115316],[139.9507396,35.3112288],[139.9551827,35.3115664],[139.9575028,35.3121562],[139.9595449,35.3109407],[139.9624018,35.3099905],[139.9630176,35.3090835],[139.9664144,35.3079877],[139.9695928,35.3067171],[139.9730957,35.306322],[139.976364,35.3059214],[139.980578,35.3054201],[139.9835604,35.3052407],[139.988088,35.3066492]]},"properties":{"name":"tokyo_line_1524","loading_pct":61.7,"p_mw":110.3,"synthetic":false,"tie":false}},{"type":"Feature","geometry":{"type":"LineString","coordinates":[[139.9283914,35.333058],[139.9292028,35.3355022],[139.9300618,35.3379276],[139.9310562,35.3407906],[139.9319353,35.3434314],[139.9327956,35.345156],[139.9340207,35.3476386],[139.9343714,35.3510361],[139.9341662,35.3524794],[139.9332181,35.3553654],[139.9332355,35.3575431],[139.9320982,35.3605957]]},"properties":{"name":"tokyo_line_1525","loading_pct":57.2,"p_mw":230.6,"synthetic":false,"tie":false}},{"type":"Feature","geometry":{"type":"LineString","coordinates":[[139.9150375,35.3109158],[139.914366,35.307956],[139.9145715,35.3059116],[139.91459,35.3057358],[139.9146073,35.3056023],[139.9146699,35.3049682],[139.9152406,35.3019753],[139.9158119,35.2990234],[139.9156999,35.2956237],[139.9143943,35.2917816],[139.9142602,35.2887954],[139.9139008,35.2867127],[139.9123639,35.2826589],[139.9113634,35.2811312],[139.9110295,35.2797419],[139.9102919,35.2766085],[139.9090862,35.2754638],[139.9075533,35.2746082],[139.9055819,35.2734975],[139.9043253,35.2716991]]},"properties":{"name":"tokyo_line_1526","loading_pct":78.9,"p_mw":52.4,"synthetic":false,"tie":false}},{"type":"Feature","geometry":{"type":"LineString","coordinates":[[139.869647,35.3458227],[139.8659053,35.3463828]]},"properties":{"name":"tokyo_line_1527","loading_pct":84.4,"p_mw":-1579.0,"synthetic":false,"tie":false}},{"type":"Feature","geometry":{"type":"LineString","coordinates":[[139.8888883,35.2335195],[139.8871382,35.2308419]]},"properties":{"name":"tokyo_line_1530","loading_pct":68.5,"p_mw":-45.0,"synthetic":false,"tie":false}},{"type":"Feature","geometry":{"type":"LineString","coordinates":[[139.890717,35.2362928],[139.89148,35.2374365],[139.8933117,35.2391893]]},"properties":{"name":"tokyo_line_1531","loading_pct":84.5,"p_mw":57.6,"synthetic":false,"tie":false}},{"type":"Feature","geometry":{"type":"LineString","coordinates":[[139.9921567,35.7954843],[139.9928902,35.7945888],[139.9949583,35.7920607]]},"properties":{"name":"tokyo_line_1534","loading_pct":52.6,"p_mw":-368.2,"synthetic":false,"tie":false}},{"type":"Feature","geometry":{"type":"LineString","coordinates":[[140.3137672,35.5127361],[140.3104416,35.5121636]]},"properties":{"name":"tokyo_line_1535","loading_pct":83.2,"p_mw":-134.7,"synthetic":false,"tie":false}},{"type":"Feature","geometry":{"type":"LineString","coordinates":[[140.331615,35.5067508],[140.3351904,35.5057125],[140.3388043,35.5037537],[140.3412343,35.50105],[140.3449766,35.4999041],[140.3480283,35.4981387],[140.3520379,35.4971841],[140.3552214,35.4955498],[140.3594781,35.4955214],[140.3625597,35.4949041],[140.3658171,35.49483],[140.3679697,35.4931452]]},"properties":{"name":"tokyo_line_1536","loading_pct":83.6,"p_mw":165.1,"synthetic":false,"tie":false}},{"type":"Feature","geometry":{"type":"LineString","coordinates":[[140.3372014,35.528785],[140.3389763,35.5299697],[140.3407682,35.5311584],[140.342493,35.5323076],[140.3439351,35.533257],[140.3455177,35.5343105],[140.3470982,35.5353616],[140.3485435,35.5363329],[140.3495535,35.5372589],[140.3508903,35.538471],[140.3525501,35.5400183],[140.3538582,35.5412202],[140.3551406,35.5424074],[140.3565604,35.5437023],[140.358015,35.5450495],[140.3597667,35.5466768],[140.3609067,35.5477182],[140.3624308,35.5486746],[140.364207,35.5497757]]},"properties":{"name":"tokyo_line_1537","loading_pct":72.5,"p_mw":-47.5,"synthetic":false,"tie":false}},{"type":"Feature","geometry":{"type":"LineString","coordinates":[[140.3679697,35.4931452],[140.3671109,35.491019],[140.3659596,35.4881602],[140.3650215,35.4858392],[140.3639595,35.4831587],[140.3629244,35.4806149],[140.3618851,35.4780101],[140.3606926,35.4750476]]},"properties":{"name":"tokyo_line_1538","loading_pct":41.0,"p_mw":13.6,"synthetic":false,"tie":false}},{"type":"Feature","geometry":{"type":"LineString","coordinates":[[140.3679697,35.4931452],[140.3700223,35.4935339],[140.373464,35.4943172],[140.3758613,35.4960719]]},"properties":{"name":"tokyo_line_1539","loading_pct":81.9,"p_mw":131.3,"synthetic":false,"tie":false}},{"type":"Feature","geometry":{"type":"LineString","coordinates":[[140.3620857,35.2680647],[140.3627179,35.2678769],[140.3642875,35.2673073],[140.3660597,35.2667023],[140.3676562,35.2654095],[140.370283,35.2633014],[140.3734088,35.2615586],[140.3756074,35.2603321],[140.3777765,35.2591092]]},"properties":{"name":"tokyo_line_1540","loading_pct":82.3,"p_mw":-172.6,"synthetic":false,"tie":false}},{"type":"Feature","geometry":{"type":"LineString","coordinates":[[140.3620857,35.2680647],[140.3624917,35.2668112],[140.362585,35.2634044],[140.3630485,35.2610795],[140.363566,35.2583868],[140.3640205,35.2556727],[140.3642804,35.2539784],[140.3647803,35.2509957],[140.3651022,35.2490756],[140.3666339,35.2466575],[140.3665395,35.2435449],[140.3670457,35.2398841],[140.3660998,35.2373436],[140.3655214,35.2341786],[140.3641439,35.232365],[140.362147,35.2305183],[140.3602877,35.227892],[140.3578933,35.225267],[140.3558083,35.2228947],[140.3545684,35.2205111],[140.3525152,35.2168283]]},"properties":{"name":"tokyo_line_1541","loading_pct":15.0,"p_mw":13.9,"synthetic":false,"tie":false}},{"type":"Feature","geometry":{"type":"LineString","coordinates":[[140.3620857,35.2680647],[140.3616535,35.2718995],[140.3614009,35.2737474],[140.360981,35.2765283],[140.360586,35.279253],[140.3602115,35.2816539],[140.3599896,35.2829567]]},"properties":{"name":"tokyo_line_1542","loading_pct":49.7,"p_mw":141.4,"synthetic":false,"tie":false}},{"type":"Feature","geometry":{"type":"LineString","coordinates":[[140.3021989,35.420856],[140.3025271,35.4213875]]},"properties":{"name":"tokyo_line_1543","loading_pct":47.1,"p_mw":171.0,"synthetic":false,"tie":false}},{"type":"Feature","geometry":{"type":"LineString","coordinates":[[140.3163066,35.4151586],[140.318272,35.4142257],[140.3198578,35.4131087],[140.3210279,35.4112632],[140.3223509,35.4095313],[140.3245845,35.4074315],[140.3257873,35.4069738]]},"properties":{"name":"tokyo_line_1544","loading_pct":42.3,"p_mw":-123.2,"synthetic":false,"tie":false}},{"type":"Feature","geometry":{"type":"LineString","coordinates":[[140.3257873,35.4069738],[140.3261484,35.4071564]]},"properties":{"name":"tokyo_line_1545","loading_pct":25.3,"p_mw":17.2,"synthetic":false,"tie":false}},{"type":"Feature","geometry":{"type":"LineString","coordinates":[[140.3257873,35.4069738],[140.3275712,35.4062297],[140.3305525,35.405012],[140.3331985,35.4039467],[140.3351216,35.4021278],[140.3373492,35.400013],[140.3402741,35.3979655],[140.3431394,35.3959644],[140.3461529,35.3946738],[140.3489913,35.3926939]]},"properties":{"name":"tokyo_line_1546","loading_pct":45.9,"p_mw":-158.2,"synthetic":false,"tie":false}},{"type":"Feature","geometry":{"type":"LineString","coordinates":[[140.357623,35.3716364],[140.3576354,35.3677635]]},"properties":{"name":"tokyo_line_1547","loading_pct":38.6,"p_mw":-108.8,"synthetic":false,"tie":false}},{"type":"Feature","geometry":{"type":"LineString","coordinates":[[140.3571714,35.3521939],[140.3569508,35.3489283],[140.3567275,35.34568],[140.3567603,35.3441436],[140.3568029,35.3420976],[140.356309,35.3402261],[140.3563701,35.3362975],[140.3561159,35.3333791],[140.355961,35.3286887],[140.3560093,35.3246138],[140.3559255,35.3219223],[140.3559129,35.320407],[140.3558316,35.3184004],[140.3557585,35.3160078],[140.3560207,35.3142902],[140.3563754,35.3116725]]},"properties":{"name":"tokyo_line_1548","loading_pct":39.5,"p_mw":-111.7,"synthetic":false,"tie":false}},{"type":"Feature","geometry":{"type":"LineString","coordinates":[[140.2865581,35.5322938],[140.2851479,35.5340522],[140.2835703,35.5360652],[140.2818309,35.5388174],[140.2797321,35.5419163],[140.2789377,35.5438034],[140.2779016,35.5458191],[140.2763393,35.5471811],[140.2745381,35.5487029],[140.2714426,35.5512503],[140.2692794,35.5530918],[140.2670944,35.5549732],[140.2644825,35.5565587],[140.2620207,35.5580402],[140.2591095,35.5597946],[140.2570289,35.5610559]]},"properties":{"name":"tokyo_line_1550","loading_pct":12.6,"p_mw":33.5,"synthetic":false,"tie":false}},{"type":"Feature","geometry":{"type":"LineString","coordinates":[[139.9077129,35.3568475],[139.9084559,35.3577695]]},"properties":{"name":"tokyo_line_1552","loading_pct":46.5,"p_mw":30.8,"synthetic":false,"tie":false}},{"type":"Feature","geometry":{"type":"LineString","coordinates":[[139.9077129,35.3568475],[139.9073493,35.3571104]]},"properties":{"name":"tokyo_line_1553","loading_pct":25.3,"p_mw":17.2,"synthetic":false,"tie":false}},{"type":"Feature","geometry":{"type":"LineString","coordinates":[[139.9084559,35.3577695],[139.9095859,35.3572997],[139.9098804,35.3571604]]},"properties":{"name":"tokyo_line_1554","loading_pct":25.3,"p_mw":17.2,"synthetic":false,"tie":false}},{"type":"Feature","geometry":{"type":"LineString","coordinates":[[140.0338905,35.6854646],[140.0353941,35.6836634]]},"properties":{"name":"tokyo_line_1555","loading_pct":44.2,"p_mw":-381.7,"synthetic":false,"tie":false}},{"type":"Feature","geometry":{"type":"LineString","coordinates":[[140.0295529,35.6899536],[140.0284462,35.6907772]]},"properties":{"name":"tokyo_line_1556","loading_pct":43.4,"p_mw":364.5,"synthetic":false,"tie":false}},{"type":"Feature","geometry":{"type":"LineString","coordinates":[[140.0531114,35.6790539],[140.0550202,35.6780278]]},"properties":{"name":"tokyo_line_1557","loading_pct":44.7,"p_mw":-1060.4,"synthetic":false,"tie":false}},{"type":"Feature","geometry":{"type":"LineString","coordinates":[[140.0367095,35.6820721],[140.0344702,35.68143]]},"properties":{"name":"tokyo_line_1558","loading_pct":25.4,"p_mw":17.2,"synthetic":false,"tie":false}},{"type":"Feature","geometry":{"type":"LineString","coordinates":[[140.0383084,35.692559],[140.0361968,35.6935628]]},"properties":{"name":"tokyo_line_1559","loading_pct":43.9,"p_mw":643.3,"synthetic":false,"tie":false}},{"type":"Feature","geometry":{"type":"LineString","coordinates":[[140.0536129,35.6632841],[140.0557139,35.6630193]]},"properties":{"name":"tokyo_line_1560","loading_pct":44.7,"p_mw":-930.5,"synthetic":false,"tie":false}},{"type":"Feature","geometry":{"type":"LineString","coordinates":[[140.0623974,35.6571143],[140.0631673,35.6567885]]},"properties":{"name":"tokyo_line_1562","loading_pct":46.7,"p_mw":-949.1,"synthetic":false,"tie":false}},{"type":"Feature","geometry":{"type":"LineString","coordinates":[[140.0819014,35.6515293],[140.0845448,35.6506535],[140.0869953,35.6499356],[140.0879533,35.6490424],[140.0888419,35.6482201],[140.0898358,35.6469539],[140.0917817,35.6457967],[140.0937075,35.6446833]]},"properties":{"name":"tokyo_line_1564","loading_pct":45.4,"p_mw":-912.1,"synthetic":false,"tie":false}},{"type":"Feature","geometry":{"type":"LineString","coordinates":[[140.0975755,35.6317328],[140.098137,35.632274]]},"properties":{"name":"tokyo_line_1566","loading_pct":48.1,"p_mw":-975.2,"synthetic":false,"tie":false}},{"type":"Feature","geometry":{"type":"LineString","coordinates":[[140.096193,35.630583],[140.094331,35.6290008]]},"properties":{"name":"tokyo_line_1567","loading_pct":200,"p_mw":10.1,"synthetic":false,"tie":false}},{"type":"Feature","geometry":{"type":"LineString","coordinates":[[140.1125274,35.6384849],[140.114027,35.6388453]]},"properties":{"name":"tokyo_line_1568","loading_pct":48.4,"p_mw":-798.5,"synthetic":false,"tie":false}},{"type":"Feature","geometry":{"type":"LineString","coordinates":[[140.1021461,35.6441423],[140.1048594,35.6445509],[140.1056527,35.6444961]]},"properties":{"name":"tokyo_line_1569","loading_pct":47.9,"p_mw":-196.3,"synthetic":false,"tie":false}},{"type":"Feature","geometry":{"type":"LineString","coordinates":[[140.1129658,35.6408993],[140.1143248,35.6391172]]},"properties":{"name":"tokyo_line_1570","loading_pct":49.0,"p_mw":-213.9,"synthetic":false,"tie":false}},{"type":"Feature","geometry":{"type":"LineString","coordinates":[[140.1277087,35.6247717],[140.1289552,35.6232793]]},"properties":{"name":"tokyo_line_1571","loading_pct":48.8,"p_mw":-1032.8,"synthetic":false,"tie":false}},{"type":"Feature","geometry":{"type":"LineString","coordinates":[[140.0681933,35.6991407],[140.0680357,35.7007503]]},"properties":{"name":"tokyo_line_1572","loading_pct":82.1,"p_mw":55.0,"synthetic":false,"tie":false}},{"type":"Feature","geometry":{"type":"LineString","coordinates":[[140.0715957,35.7008608],[140.0716504,35.7013791],[140.0708655,35.7014164]]},"properties":{"name":"tokyo_line_1573","loading_pct":71.9,"p_mw":48.2,"synthetic":false,"tie":false}},{"type":"Feature","geometry":{"type":"LineString","coordinates":[[140.073194,35.7011607],[140.0732937,35.702506],[140.0731847,35.703492],[140.0732039,35.7036301]]},"properties":{"name":"tokyo_line_1574","loading_pct":25.7,"p_mw":17.2,"synthetic":false,"tie":false}},{"type":"Feature","geometry":{"type":"LineString","coordinates":[[140.6188491,35.8366673],[140.6220835,35.837082],[140.6252423,35.837465],[140.6284923,35.8378627],[140.6314805,35.8386348],[140.6347514,35.8394718]]},"properties":{"name":"tokyo_line_1575","loading_pct":10.6,"p_mw":-59.4,"synthetic":false,"tie":false}},{"type":"Feature","geometry":{"type":"LineString","coordinates":[[140.59788,35.8434392],[140.5938717,35.8447301],[140.5908981,35.8466657],[140.5881509,35.8484583]]},"properties":{"name":"tokyo_line_1576","loading_pct":6.6,"p_mw":45.9,"synthetic":false,"tie":false}},{"type":"Feature","geometry":{"type":"LineString","coordinates":[[140.6575464,35.8342932],[140.6597573,35.8316066],[140.6625069,35.8293935],[140.6645082,35.8277971],[140.6668604,35.8258887],[140.6688191,35.8243118],[140.6715577,35.8221654]]},"properties":{"name":"tokyo_line_1577","loading_pct":12.0,"p_mw":-76.9,"synthetic":false,"tie":false}},{"type":"Feature","geometry":{"type":"LineString","coordinates":[[140.6715577,35.8221654],[140.6729017,35.8231471],[140.6744768,35.8243679],[140.6754713,35.8270932],[140.6773225,35.829541],[140.6790324,35.8317656],[140.6815609,35.830341]]},"properties":{"name":"tokyo_line_1578","loading_pct":25.5,"p_mw":17.2,"synthetic":false,"tie":false}},{"type":"Feature","geometry":{"type":"LineString","coordinates":[[140.6715577,35.8221654],[140.6739534,35.8201444],[140.6764332,35.8181316],[140.6789367,35.8161006]]},"properties":{"name":"tokyo_line_1579","loading_pct":15.1,"p_mw":-111.7,"synthetic":false,"tie":false}},{"type":"Feature","geometry":{"type":"LineString","coordinates":[[140.5881509,35.8484583],[140.5857291,35.847403],[140.5832296,35.8463637]]},"properties":{"name":"tokyo_line_1580","loading_pct":86.7,"p_mw":-58.6,"synthetic":false,"tie":false}},{"type":"Feature","geometry":{"type":"LineString","coordinates":[[140.2882241,35.8121205],[140.2872435,35.8094559]]},"properties":{"name":"tokyo_line_1581","loading_pct":64.9,"p_mw":-34.3,"synthetic":false,"tie":false}},{"type":"Feature","geometry":{"type":"LineString","coordinates":[[140.2882241,35.8121205],[140.2873982,35.8129712],[140.2860826,35.815006],[140.2837343,35.8184784],[140.2820271,35.8210459],[140.2806847,35.8230369]]},"properties":{"name":"tokyo_line_1582","loading_pct":44.6,"p_mw":22.0,"synthetic":false,"tie":false}},{"type":"Feature","geometry":{"type":"LineString","coordinates":[[139.9798919,35.8023291],[139.9816926,35.8039091]]},"properties":{"name":"tokyo_line_1583","loading_pct":73.9,"p_mw":-340.6,"synthetic":false,"tie":false}},{"type":"Feature","geometry":{"type":"LineString","coordinates":[[139.9995196,35.8209429],[139.9996363,35.8235809]]},"properties":{"name":"tokyo_line_1584","loading_pct":57.8,"p_mw":-37.2,"synthetic":false,"tie":false}},{"type":"Feature","geometry":{"type":"LineString","coordinates":[[139.9694883,35.8317566],[139.9700717,35.8307096]]},"properties":{"name":"tokyo_line_1587","loading_pct":50.6,"p_mw":-133.8,"synthetic":false,"tie":false}},{"type":"Feature","geometry":{"type":"LineString","coordinates":[[140.0148766,35.7720331],[140.0168922,35.7718706],[140.0174057,35.7722488]]},"properties":{"name":"tokyo_line_1589","loading_pct":52.7,"p_mw":-371.4,"synthetic":false,"tie":false}},{"type":"Feature","geometry":{"type":"LineString","coordinates":[[140.0174057,35.7722488],[140.0184034,35.7728275]]},"properties":{"name":"tokyo_line_1590","loading_pct":58.8,"p_mw":-234.8,"synthetic":false,"tie":false}},{"type":"Feature","geometry":{"type":"LineString","coordinates":[[140.0174057,35.7722488],[140.0177098,35.7722551]]},"properties":{"name":"tokyo_line_1591","loading_pct":55.8,"p_mw":-147.0,"synthetic":false,"tie":false}},{"type":"Feature","geometry":{"type":"LineString","coordinates":[[140.1822377,35.5628301],[140.1831018,35.5601221],[140.1855705,35.558677]]},"properties":{"name":"tokyo_line_1592","loading_pct":2.2,"p_mw":1.5,"synthetic":false,"tie":false}},{"type":"Feature","geometry":{"type":"LineString","coordinates":[[139.9531789,35.8578868],[139.9544554,35.8564451]]},"properties":{"name":"tokyo_line_1593","loading_pct":3.4,"p_mw":-3.1,"synthetic":false,"tie":false}},{"type":"Feature","geometry":{"type":"LineString","coordinates":[[139.9460109,35.8717061],[139.9441935,35.873112]]},"properties":{"name":"tokyo_line_1594","loading_pct":38.5,"p_mw":67.2,"synthetic":false,"tie":false}},{"type":"Feature","geometry":{"type":"LineString","coordinates":[[139.9985037,35.7030386],[140.0007751,35.702822]]},"properties":{"name":"tokyo_line_1595","loading_pct":45.5,"p_mw":-314.2,"synthetic":false,"tie":false}},{"type":"Feature","geometry":{"type":"LineString","coordinates":[[140.0148782,35.6965922],[140.0166114,35.6952378]]},"properties":{"name":"tokyo_line_1597","loading_pct":43.1,"p_mw":-964.5,"synthetic":false,"tie":false}},{"type":"Feature","geometry":{"type":"LineString","coordinates":[[140.0014,35.685647],[140.0011102,35.6851982]]},"properties":{"name":"tokyo_line_1598","loading_pct":79.8,"p_mw":457.0,"synthetic":false,"tie":false}},{"type":"Feature","geometry":{"type":"LineString","coordinates":[[140.009149,35.709707],[140.0090887,35.7099669]]},"properties":{"name":"tokyo_line_1599","loading_pct":5.2,"p_mw":173.5,"synthetic":false,"tie":false}},{"type":"Feature","geometry":{"type":"LineString","coordinates":[[140.0359927,35.6975591],[140.0372486,35.6991883]]},"properties":{"name":"tokyo_line_1600","loading_pct":25.5,"p_mw":17.2,"synthetic":false,"tie":false}},{"type":"Feature","geometry":{"type":"LineString","coordinates":[[139.9885498,35.6853873],[139.9843226,35.6864911]]},"properties":{"name":"tokyo_line_1601","loading_pct":86.8,"p_mw":345.7,"synthetic":false,"tie":false}},{"type":"Feature","geometry":{"type":"LineString","coordinates":[[139.9859104,35.67981],[139.9769755,35.6778815],[139.9732844,35.6784828],[139.9705959,35.6789332],[139.9703245,35.6780182],[139.9680689,35.6780781],[139.9662789,35.6782454],[139.962849,35.6788239]]},"properties":{"name":"tokyo_line_1602","loading_pct":68.0,"p_mw":45.0,"synthetic":false,"tie":false}},{"type":"Feature","geometry":{"type":"LineString","coordinates":[[139.7382853,35.7762257],[139.7365285,35.7762158]]},"properties":{"name":"tokyo_line_1604","loading_pct":133.7,"p_mw":41.7,"synthetic":false,"tie":false}},{"type":"Feature","geometry":{"type":"LineString","coordinates":[[139.7488728,35.783937],[139.7489801,35.7855551],[139.748642,35.7877195]]},"properties":{"name":"tokyo_line_1605","loading_pct":52.6,"p_mw":34.4,"synthetic":false,"tie":false}},{"type":"Feature","geometry":{"type":"LineString","coordinates":[[139.8239777,35.8414651],[139.821297,35.8412325]]},"properties":{"name":"tokyo_line_1606","loading_pct":25.3,"p_mw":17.2,"synthetic":false,"tie":false}},{"type":"Feature","geometry":{"type":"LineString","coordinates":[[139.8335363,35.7409552],[139.832879,35.7405413]]},"properties":{"name":"tokyo_line_1607","loading_pct":83.1,"p_mw":51.6,"synthetic":false,"tie":false}},{"type":"Feature","geometry":{"type":"LineString","coordinates":[[139.8279501,35.7390186],[139.826065,35.7374157]]},"properties":{"name":"tokyo_line_1608","loading_pct":55.4,"p_mw":34.4,"synthetic":false,"tie":false}},{"type":"Feature","geometry":{"type":"LineString","coordinates":[[139.8397391,35.9178058],[139.8372029,35.917]]},"properties":{"name":"tokyo_line_1609","loading_pct":44.3,"p_mw":860.7,"synthetic":false,"tie":false}},{"type":"Feature","geometry":{"type":"LineString","coordinates":[[139.8397391,35.9178058],[139.8423445,35.9152159],[139.8420723,35.9123571],[139.8418866,35.9095732],[139.8417042,35.9064836],[139.8419306,35.9036363],[139.8421081,35.9003389],[139.8422954,35.897337],[139.8435146,35.8942992],[139.8444626,35.8922889]]},"properties":{"name":"tokyo_line_1610","loading_pct":25.5,"p_mw":17.2,"synthetic":false,"tie":false}},{"type":"Feature","geometry":{"type":"LineString","coordinates":[[139.8397391,35.9178058],[139.8436952,35.9190615],[139.8467575,35.9204868],[139.8501383,35.9220492],[139.8542141,35.9239339],[139.8579207,35.9256448],[139.8604408,35.9273013]]},"properties":{"name":"tokyo_line_1611","loading_pct":44.8,"p_mw":-895.1,"synthetic":false,"tie":false}},{"type":"Feature","geometry":{"type":"LineString","coordinates":[[139.94553,35.7102959],[139.9440554,35.7107145]]},"properties":{"name":"tokyo_line_1612","loading_pct":84.3,"p_mw":748.3,"synthetic":false,"tie":false}},{"type":"Feature","geometry":{"type":"LineString","coordinates":[[140.3758613,35.4960719],[140.3766354,35.4992572],[140.3795368,35.5014718],[140.3789994,35.503819],[140.3804149,35.5071446],[140.3829579,35.5091984],[140.3846318,35.5100769],[140.3858503,35.5114775],[140.3866807,35.5133093],[140.3872012,35.5152611],[140.3896437,35.5170404],[140.3916893,35.5190401],[140.3938779,35.5174485],[140.3971413,35.5162939],[140.3998964,35.5146033],[140.4016872,35.5170842]]},"properties":{"name":"tokyo_line_1613","loading_pct":101.8,"p_mw":62.1,"synthetic":false,"tie":false}},{"type":"Feature","geometry":{"type":"LineString","coordinates":[[140.3758613,35.4960719],[140.3799388,35.4960148],[140.3830044,35.4950894]]},"properties":{"name":"tokyo_line_1614","loading_pct":76.4,"p_mw":51.6,"synthetic":false,"tie":false}},{"type":"Feature","geometry":{"type":"LineString","coordinates":[[140.4029692,35.5294874],[140.4022612,35.5299673]]},"properties":{"name":"tokyo_line_1615","loading_pct":75.9,"p_mw":51.6,"synthetic":false,"tie":false}},{"type":"Feature","geometry":{"type":"LineString","coordinates":[[140.51083,35.8497098],[140.5110673,35.8495409]]},"properties":{"name":"tokyo_line_1616","loading_pct":25.6,"p_mw":17.2,"synthetic":false,"tie":false}},{"type":"Feature","geometry":{"type":"LineString","coordinates":[[140.51083,35.8497098],[140.5109575,35.8495258]]},"properties":{"name":"tokyo_line_1617","loading_pct":25.6,"p_mw":17.2,"synthetic":false,"tie":false}},{"type":"Feature","geometry":{"type":"LineString","coordinates":[[139.7361065,35.517273],[139.736317,35.5170012]]},"properties":{"name":"tokyo_line_1618","loading_pct":25.9,"p_mw":17.2,"synthetic":false,"tie":false}},{"type":"Feature","geometry":{"type":"LineString","coordinates":[[139.7503295,35.525705],[139.752017,35.5245153]]},"properties":{"name":"tokyo_line_1619","loading_pct":79.4,"p_mw":-1867.0,"synthetic":false,"tie":false}},{"type":"Feature","geometry":{"type":"LineString","coordinates":[[140.1043359,35.9202823],[140.1011187,35.920711]]},"properties":{"name":"tokyo_line_1621","loading_pct":99.3,"p_mw":-16.3,"synthetic":false,"tie":false}},{"type":"Feature","geometry":{"type":"LineString","coordinates":[[140.0987328,35.9110266],[140.0976485,35.9095225],[140.0965382,35.9079541],[140.0954042,35.9063805],[140.0931854,35.9032677]]},"properties":{"name":"tokyo_line_1622","loading_pct":4.2,"p_mw":2.8,"synthetic":false,"tie":false}},{"type":"Feature","geometry":{"type":"LineString","coordinates":[[140.2825268,35.7867449],[140.2829017,35.7883994]]},"properties":{"name":"tokyo_line_1623","loading_pct":56.4,"p_mw":37.1,"synthetic":false,"tie":false}},{"type":"Feature","geometry":{"type":"LineString","coordinates":[[140.2858939,35.7673079],[140.2847889,35.7630005],[140.2844394,35.7613551],[140.2830545,35.7605163]]},"properties":{"name":"tokyo_line_1624","loading_pct":80.7,"p_mw":-50.6,"synthetic":false,"tie":false}},{"type":"Feature","geometry":{"type":"LineString","coordinates":[[140.2666101,35.156635],[140.2669199,35.1557934],[140.2678403,35.1539213],[140.2691366,35.1512773]]},"properties":{"name":"tokyo_line_1625","loading_pct":64.1,"p_mw":2.0,"synthetic":false,"tie":false}},{"type":"Feature","geometry":{"type":"LineString","coordinates":[[140.2666101,35.156635],[140.2632406,35.1562725],[140.2591588,35.1547055],[140.2568137,35.1537832],[140.253426,35.152288],[140.2495831,35.152522],[140.2468329,35.1521879],[140.2451051,35.1521133],[140.2424341,35.1520712],[140.2403893,35.15151],[140.2390661,35.1513687],[140.2355284,35.1511017],[140.2322936,35.150552],[140.2296623,35.1496159],[140.2271406,35.1487149],[140.2248766,35.1487395],[140.2220134,35.1477507],[140.2185186,35.1465687],[140.2160098,35.1457028],[140.214416,35.1451847],[140.2112883,35.1451236]]},"properties":{"name":"tokyo_line_1626","loading_pct":34.5,"p_mw":-35.2,"synthetic":false,"tie":false}},{"type":"Feature","geometry":{"type":"LineString","coordinates":[[140.2666101,35.156635],[140.2688974,35.1569983],[140.2726646,35.1575904],[140.2747101,35.1572105],[140.2786329,35.1568109]]},"properties":{"name":"tokyo_line_1627","loading_pct":11.7,"p_mw":16.0,"synthetic":false,"tie":false}},{"type":"Feature","geometry":{"type":"LineString","coordinates":[[140.0892636,35.2999422],[140.0921336,35.2995493],[140.0941184,35.2992844],[140.0966907,35.3011429],[140.1005289,35.3005147],[140.1034766,35.2992582],[140.1068053,35.298816],[140.1095894,35.2984132],[140.1122984,35.2981658],[140.1155868,35.2971906],[140.1181188,35.2973121],[140.1207286,35.2972048],[140.1223862,35.2966422],[140.1253916,35.2965568],[140.1288168,35.2964222],[140.1323828,35.2946807],[140.1364101,35.2947299],[140.1395416,35.2945439],[140.1436132,35.2949237],[140.1454519,35.2945844],[140.1487818,35.2939823],[140.1519616,35.294343],[140.1549201,35.2941629],[140.158077,35.2939429],[140.1618643,35.2943884],[140.1667432,35.2947726]]},"properties":{"name":"tokyo_line_1628","loading_pct":55.5,"p_mw":53.6,"synthetic":false,"tie":false}},{"type":"Feature","geometry":{"type":"LineString","coordinates":[[140.0651023,35.3073179],[140.0631107,35.3102115],[140.0603655,35.3117426],[140.0583874,35.3133338],[140.0554356,35.3151075]]},"properties":{"name":"tokyo_line_1629","loading_pct":71.9,"p_mw":-67.2,"synthetic":false,"tie":false}},{"type":"Feature","geometry":{"type":"LineString","coordinates":[[140.1667432,35.2947726],[140.1703683,35.2945986],[140.1730531,35.2944059],[140.1755677,35.2942188],[140.1783612,35.2940152],[140.180731,35.2936802],[140.1827587,35.2936572],[140.1851217,35.2935784],[140.1887602,35.2938083],[140.1918219,35.2940294],[140.1939338,35.2939121],[140.1960882,35.2938553],[140.198968,35.29388],[140.2038637,35.2930891],[140.2055186,35.2932949],[140.2098235,35.293146],[140.2125299,35.2936058],[140.2148044,35.2934722],[140.21669,35.2940808],[140.2208394,35.2944727],[140.2238891,35.2950944]]},"properties":{"name":"tokyo_line_1630","loading_pct":30.1,"p_mw":-16.4,"synthetic":false,"tie":false}},{"type":"Feature","geometry":{"type":"LineString","coordinates":[[140.1667432,35.2947726],[140.1695006,35.2965229],[140.1712078,35.2992653],[140.1709751,35.301167],[140.1657924,35.3037566],[140.1659265,35.3069885],[140.1667392,35.3096797],[140.1679972,35.3120764],[140.1701295,35.3132079],[140.1719427,35.3147334],[140.1724443,35.3161265],[140.1721305,35.3185897],[140.1725999,35.3205922],[140.1746638,35.3226341],[140.1745538,35.3257449],[140.1742856,35.3276268],[140.1730612,35.3296849],[140.1735447,35.3316975],[140.1718321,35.3342965],[140.1744881,35.3366148],[140.176257,35.3391934],[140.1773795,35.3407118],[140.1755905,35.3425377],[140.1748744,35.3453294],[140.1736285,35.3476145],[140.1749454,35.3502748],[140.1740268,35.3532008],[140.1734608,35.3549793]]},"properties":{"name":"tokyo_line_1631","loading_pct":78.3,"p_mw":52.3,"synthetic":false,"tie":false}},{"type":"Feature","geometry":{"type":"LineString","coordinates":[[140.2608476,35.2949566],[140.264568,35.2948008],[140.2688424,35.2946224],[140.2727203,35.291662],[140.2747706,35.2914412],[140.279216,35.2901131],[140.2834512,35.2891339],[140.2878812,35.2880918],[140.2919483,35.2871274],[140.2951212,35.2863816],[140.2983347,35.2856265],[140.3020332,35.2849442],[140.3046954,35.2851243],[140.3086242,35.285471],[140.3116605,35.2857301],[140.3155376,35.2851895],[140.3199354,35.2845844],[140.3239562,35.2834781],[140.327045,35.2826304],[140.331042,35.2838522],[140.3337566,35.2851913],[140.3363002,35.2862134],[140.3407975,35.2882874],[140.3446779,35.2900782],[140.3485589,35.2921386]]},"properties":{"name":"tokyo_line_1632","loading_pct":83.5,"p_mw":-81.8,"synthetic":false,"tie":false}},{"type":"Feature","geometry":{"type":"LineString","coordinates":[[140.2312168,35.2978856],[140.2287894,35.2956483],[140.2259436,35.2947573],[140.2238891,35.2950944]]},"properties":{"name":"tokyo_line_1633","loading_pct":82.0,"p_mw":68.2,"synthetic":false,"tie":false}},{"type":"Feature","geometry":{"type":"LineString","coordinates":[[140.3594812,35.2865444],[140.3597539,35.2847326],[140.3599896,35.2829567]]},"properties":{"name":"tokyo_line_1634","loading_pct":46.3,"p_mw":-105.9,"synthetic":false,"tie":false}},{"type":"Feature","geometry":{"type":"LineString","coordinates":[[140.2886946,35.4760613],[140.2870336,35.4749326],[140.2850261,35.4722432]]},"properties":{"name":"tokyo_line_1635","loading_pct":39.7,"p_mw":-124.2,"synthetic":false,"tie":false}},{"type":"Feature","geometry":{"type":"LineString","coordinates":[[140.1188486,35.1321987],[140.1198151,35.1292468],[140.1199554,35.1278343]]},"properties":{"name":"tokyo_line_1636","loading_pct":80.5,"p_mw":-54.2,"synthetic":false,"tie":false}},{"type":"Feature","geometry":{"type":"LineString","coordinates":[[140.1188486,35.1321987],[140.1221779,35.1332281],[140.1249467,35.1312167],[140.1266973,35.1310674],[140.1300996,35.1328082],[140.1331895,35.1342891],[140.1360366,35.1354519],[140.1393198,35.1367878],[140.1436898,35.1368291],[140.1487225,35.1368739],[140.1536607,35.1385049],[140.1577762,35.1383678],[140.1603989,35.1382712],[140.1646046,35.1393866],[140.1689929,35.1405793],[140.1725908,35.141526],[140.1743091,35.1418791],[140.1759717,35.1422286],[140.1806521,35.1436829],[140.184018,35.144793],[140.1855527,35.1452514],[140.188127,35.1459434],[140.1929191,35.145413],[140.196212,35.1453954],[140.199479,35.145557],[140.2034721,35.1446964],[140.2081354,35.1442011],[140.2112883,35.1451236]]},"properties":{"name":"tokyo_line_1637","loading_pct":47.3,"p_mw":125.6,"synthetic":false,"tie":false}},{"type":"Feature","geometry":{"type":"LineString","coordinates":[[140.3567104,35.2009057],[140.3577881,35.1980531]]},"properties":{"name":"tokyo_line_1638","loading_pct":20.7,"p_mw":13.6,"synthetic":false,"tie":false}},{"type":"Feature","geometry":{"type":"LineString","coordinates":[[140.3405351,35.2014531],[140.3391821,35.1995581],[140.3366629,35.1966891],[140.335016,35.1961616],[140.332934,35.1936554],[140.3315809,35.1921584],[140.3297795,35.1906744],[140.3280196,35.1876684],[140.3256975,35.1850498],[140.3245067,35.1825432],[140.3230239,35.1797597],[140.3201715,35.1769142],[140.3175398,35.1742473],[140.3163223,35.1729765]]},"properties":{"name":"tokyo_line_1639","loading_pct":89.4,"p_mw":58.9,"synthetic":false,"tie":false}},{"type":"Feature","geometry":{"type":"LineString","coordinates":[[140.643024,35.9246648],[140.6381242,35.9274919]]},"properties":{"name":"tokyo_line_1643","loading_pct":81.1,"p_mw":3096.3,"synthetic":false,"tie":false}},{"type":"Feature","geometry":{"type":"LineString","coordinates":[[140.629813,35.9318097],[140.6270023,35.9331339]]},"properties":{"name":"tokyo_line_1645","loading_pct":81.0,"p_mw":3103.6,"synthetic":false,"tie":false}},{"type":"Feature","geometry":{"type":"LineString","coordinates":[[140.6749278,35.8891286],[140.6776345,35.8878296],[140.6802419,35.8865643]]},"properties":{"name":"tokyo_line_1649","loading_pct":19.0,"p_mw":216.2,"synthetic":false,"tie":false}},{"type":"Feature","geometry":{"type":"LineString","coordinates":[[140.6965751,35.9106658],[140.6993677,35.9127628]]},"properties":{"name":"tokyo_line_1650","loading_pct":80.3,"p_mw":-2199.5,"synthetic":false,"tie":false}},{"type":"Feature","geometry":{"type":"LineString","coordinates":[[139.962849,35.6788239],[139.9637795,35.6751285]]},"properties":{"name":"tokyo_line_1652","loading_pct":25.7,"p_mw":17.2,"synthetic":false,"tie":false}},{"type":"Feature","geometry":{"type":"LineString","coordinates":[[139.962849,35.6788239],[139.9624791,35.6813974],[139.9632801,35.6845146]]},"properties":{"name":"tokyo_line_1653","loading_pct":17.4,"p_mw":10.5,"synthetic":false,"tie":false}},{"type":"Feature","geometry":{"type":"LineString","coordinates":[[140.1549286,35.8322668],[140.1563268,35.83376],[140.1574479,35.8358113],[140.1578144,35.8368951],[140.1590219,35.8373854],[140.1594061,35.8388171],[140.1598453,35.8394416],[140.1623423,35.8393627],[140.1626186,35.8405923]]},"properties":{"name":"tokyo_line_1655","loading_pct":25.4,"p_mw":17.2,"synthetic":false,"tie":false}},{"type":"Feature","geometry":{"type":"LineString","coordinates":[[140.1555554,35.8290908],[140.1595903,35.8280165],[140.1636661,35.8284707],[140.167498,35.82928],[140.1708792,35.8283154],[140.1731294,35.827857],[140.1740726,35.8271753],[140.1763064,35.8294072],[140.1778561,35.8324351],[140.1807198,35.8345589],[140.1819919,35.8376131],[140.1843642,35.8396169],[140.1875836,35.8396367],[140.189225,35.8429895],[140.1937444,35.8441471],[140.1976579,35.8438531],[140.2014188,35.8458683],[140.203804,35.8472423],[140.2066848,35.8483946],[140.2093859,35.8496684],[140.2104388,35.8518115]]},"properties":{"name":"tokyo_line_1656","loading_pct":26.1,"p_mw":-10.0,"synthetic":false,"tie":false}},{"type":"Feature","geometry":{"type":"LineString","coordinates":[[140.126008,35.8256004],[140.1227438,35.8252429],[140.1198895,35.8249838],[140.1181065,35.8266515],[140.1167255,35.8286364],[140.1151877,35.8304395],[140.1138861,35.8320303],[140.1125071,35.8337588],[140.1132328,35.8361716],[140.1139621,35.8388708],[140.1146529,35.8414922],[140.1176937,35.8408915],[140.1213871,35.8407611]]},"properties":{"name":"tokyo_line_1657","loading_pct":37.2,"p_mw":20.0,"synthetic":false,"tie":false}},{"type":"Feature","geometry":{"type":"LineString","coordinates":[[140.2104388,35.8518115],[140.2068107,35.8527493],[140.2037943,35.8535277],[140.2001048,35.8544731],[140.1988623,35.8560777],[140.195396,35.8606205],[140.1938108,35.8629543],[140.1910526,35.8611888],[140.1879632,35.8594258],[140.1846994,35.8577909],[140.1818285,35.8563558],[140.1789233,35.8548771],[140.1763093,35.8534],[140.1733778,35.8526786],[140.1709397,35.8520911],[140.1708314,35.8498643]]},"properties":{"name":"tokyo_line_1658","loading_pct":25.6,"p_mw":17.2,"synthetic":false,"tie":false}},{"type":"Feature","geometry":{"type":"LineString","coordinates":[[140.2104388,35.8518115],[140.2141061,35.8508683],[140.2170165,35.8489825],[140.2198273,35.8471762]]},"properties":{"name":"tokyo_line_1659","loading_pct":50.4,"p_mw":-44.5,"synthetic":false,"tie":false}},{"type":"Feature","geometry":{"type":"LineString","coordinates":[[140.1199554,35.1278343],[140.1176142,35.126933],[140.1147487,35.1259902],[140.1119395,35.125056],[140.1092992,35.1241843],[140.1076036,35.1229285],[140.1056799,35.1208423]]},"properties":{"name":"tokyo_line_1660","loading_pct":70.8,"p_mw":-88.7,"synthetic":false,"tie":false}},{"type":"Feature","geometry":{"type":"LineString","coordinates":[[140.1199554,35.1278343],[140.1203274,35.1264095],[140.1247282,35.1260802],[140.1244831,35.1229742],[140.1244001,35.1204043]]},"properties":{"name":"tokyo_line_1661","loading_pct":25.5,"p_mw":17.2,"synthetic":false,"tie":false}},{"type":"Feature","geometry":{"type":"LineString","coordinates":[[140.0947096,35.1021846],[140.093256,35.099675]]},"properties":{"name":"tokyo_line_1662","loading_pct":73.9,"p_mw":-70.1,"synthetic":false,"tie":false}},{"type":"Feature","geometry":{"type":"LineString","coordinates":[[140.715291,35.9101815],[140.7177235,35.9066968],[140.7199636,35.9034784],[140.7223909,35.9000629],[140.7243094,35.8974225],[140.7262563,35.8946802],[140.7284858,35.8912551],[140.7311518,35.8880053],[140.7298758,35.887198]]},"properties":{"name":"tokyo_line_1663","loading_pct":1.6,"p_mw":15.5,"synthetic":false,"tie":false}},{"type":"Feature","geometry":{"type":"LineString","coordinates":[[140.7298758,35.887198],[140.7301983,35.886932]]},"properties":{"name":"tokyo_line_1664","loading_pct":0.5,"p_mw":5.2,"synthetic":false,"tie":false}},{"type":"Feature","geometry":{"type":"LineString","coordinates":[[140.7298758,35.887198],[140.7299649,35.8868233]]},"properties":{"name":"tokyo_line_1665","loading_pct":0.5,"p_mw":5.2,"synthetic":false,"tie":false}},{"type":"Feature","geometry":{"type":"LineString","coordinates":[[139.8915352,34.9900639],[139.8958415,34.9895157],[139.8984821,34.9890465],[139.9023968,34.9886806],[139.9046029,34.9884653],[139.908299,34.9880599],[139.9122418,34.9874413],[139.9160895,34.9868479],[139.9196273,34.9863063],[139.922103,34.9858712],[139.9257039,34.9852416]]},"properties":{"name":"tokyo_line_1666","loading_pct":93.4,"p_mw":-79.4,"synthetic":false,"tie":false}},{"type":"Feature","geometry":{"type":"LineString","coordinates":[[139.8847318,35.0029649],[139.885924,35.005185],[139.8868105,35.0070942],[139.8878498,35.0093153],[139.8900788,35.0112749],[139.8921387,35.0130851],[139.8941852,35.014899],[139.8951977,35.0177635],[139.8962686,35.0207378],[139.8963974,35.0236729],[139.896508,35.0259018],[139.8966126,35.0281619]]},"properties":{"name":"tokyo_line_1667","loading_pct":96.0,"p_mw":65.8,"synthetic":false,"tie":false}},{"type":"Feature","geometry":{"type":"LineString","coordinates":[[139.9506471,34.9948091],[139.9527794,34.9989464],[139.9555179,35.0020894],[139.9581814,35.0050884],[139.9604613,35.0076731],[139.9627009,35.0102193],[139.9645583,35.0118955],[139.9668637,35.0139627],[139.9698718,35.016624],[139.9719881,35.0185016],[139.9743444,35.0206098],[139.9766444,35.0226592],[139.9793306,35.0250655],[139.9819887,35.027504],[139.9845649,35.0293693],[139.9863178,35.0320894],[139.9873652,35.0335027],[139.9899629,35.0365236],[139.992177,35.0391535],[139.9937917,35.0410525],[139.9963988,35.0431909],[139.9995343,35.0457491],[140.0023735,35.047384],[140.004671,35.0487109],[140.0103664,35.0511838]]},"properties":{"name":"tokyo_line_1668","loading_pct":76.0,"p_mw":101.3,"synthetic":false,"tie":false}},{"type":"Feature","geometry":{"type":"LineString","coordinates":[[140.0188114,35.05454],[140.0233616,35.0561932],[140.0262349,35.0573861],[140.0294346,35.0582133],[140.0321109,35.0591649],[140.0344432,35.0598777],[140.0390552,35.0613884],[140.0425865,35.0625626],[140.0467157,35.0638238],[140.0490037,35.0644001],[140.0539322,35.0658765],[140.0557373,35.0667679],[140.060163,35.0691904],[140.0640976,35.0717859],[140.0660638,35.0730617],[140.0691243,35.0745456],[140.0715,35.0756399],[140.0741011,35.0768263],[140.0777958,35.0798598],[140.0801079,35.0817612]]},"properties":{"name":"tokyo_line_1669","loading_pct":73.5,"p_mw":88.8,"synthetic":false,"tie":false}},{"type":"Feature","geometry":{"type":"LineString","coordinates":[[139.8710874,35.1173981],[139.8724023,35.1161459]]},"properties":{"name":"tokyo_line_1670","loading_pct":90.2,"p_mw":-76.7,"synthetic":false,"tie":false}},{"type":"Feature","geometry":{"type":"LineString","coordinates":[[139.8727249,35.1311779],[139.8740713,35.1338618],[139.8737602,35.1369392],[139.8733605,35.1410146],[139.8737709,35.1449082],[139.8739962,35.1469386],[139.8747164,35.1494497],[139.8751087,35.1510107],[139.875505,35.1537821],[139.8748218,35.1568492],[139.8742993,35.1591756],[139.8737193,35.1617834],[139.872057,35.1656394],[139.8713636,35.1672701],[139.8709875,35.169443],[139.8704765,35.1723925],[139.8697302,35.1768032],[139.8691642,35.1801241],[139.8688806,35.1817145],[139.8685178,35.1842109],[139.8701104,35.1884565],[139.8711115,35.1911576],[139.8725248,35.1925466],[139.8748175,35.1947871],[139.875923,35.1964525],[139.8768627,35.1978549],[139.8792556,35.201407],[139.8805379,35.2031568],[139.8822045,35.2067479],[139.8830165,35.2114183]]},"properties":{"name":"tokyo_line_1671","loading_pct":90.0,"p_mw":59.5,"synthetic":false,"tie":false}},{"type":"Feature","geometry":{"type":"LineString","coordinates":[[139.8802082,35.1091138],[139.8824257,35.1072323],[139.8854446,35.104722],[139.8879618,35.1026143],[139.8901914,35.1001588],[139.8922795,35.0978293],[139.8935281,35.0960199],[139.8957342,35.0932021],[139.8967065,35.0899254],[139.8972845,35.0880511],[139.8966153,35.0851375],[139.8960721,35.0815906],[139.8952568,35.0763258],[139.8942697,35.0720914],[139.8933175,35.0681816],[139.8932827,35.0658239],[139.8932853,35.0626581],[139.8932753,35.0598731],[139.8936582,35.0565973],[139.8934597,35.0540833],[139.8930942,35.0491505],[139.8927905,35.0451184],[139.8934516,35.0432447],[139.8943227,35.0407505],[139.8951427,35.038378],[139.8959836,35.0360448],[139.8968527,35.0335604],[139.8967387,35.0309869],[139.8966126,35.0281619]]},"properties":{"name":"tokyo_line_1672","loading_pct":24.8,"p_mw":-13.7,"synthetic":false,"tie":false}},{"type":"Feature","geometry":{"type":"LineString","coordinates":[[139.8559628,35.1200913],[139.8530791,35.1196054],[139.8506355,35.120434]]},"properties":{"name":"tokyo_line_1673","loading_pct":9.7,"p_mw":6.4,"synthetic":false,"tie":false}},{"type":"Feature","geometry":{"type":"LineString","coordinates":[[139.8966126,35.0281619],[139.8935093,35.0280899],[139.890528,35.0280185],[139.8877224,35.0284106],[139.8840652,35.0293172],[139.8802967,35.0309254],[139.8753789,35.0318039],[139.8716627,35.0324672],[139.8673443,35.0323816]]},"properties":{"name":"tokyo_line_1674","loading_pct":51.0,"p_mw":34.5,"synthetic":false,"tie":false}},{"type":"Feature","geometry":{"type":"LineString","coordinates":[[140.2779168,35.4302849],[140.2791982,35.4275109]]},"properties":{"name":"tokyo_line_1675","loading_pct":50.0,"p_mw":-193.7,"synthetic":false,"tie":false}},{"type":"Feature","geometry":{"type":"LineString","coordinates":[[140.2920339,35.4368237],[140.292911,35.4359616]]},"properties":{"name":"tokyo_line_1676","loading_pct":25.3,"p_mw":17.2,"synthetic":false,"tie":false}},{"type":"Feature","geometry":{"type":"LineString","coordinates":[[140.27882,35.4476202],[140.2778484,35.449643],[140.2782889,35.4522879],[140.2786571,35.4545427],[140.2792391,35.4579702],[140.2802503,35.4611211]]},"properties":{"name":"tokyo_line_1677","loading_pct":46.0,"p_mw":173.8,"synthetic":false,"tie":false}},{"type":"Feature","geometry":{"type":"LineString","coordinates":[[140.2947275,35.4214254],[140.2980937,35.4221582]]},"properties":{"name":"tokyo_line_1678","loading_pct":45.4,"p_mw":-153.5,"synthetic":false,"tie":false}},{"type":"Feature","geometry":{"type":"LineString","coordinates":[[139.9573818,35.4526056],[139.9576642,35.4524839]]},"properties":{"name":"tokyo_line_1679","loading_pct":25.3,"p_mw":17.2,"synthetic":false,"tie":false}},{"type":"Feature","geometry":{"type":"LineString","coordinates":[[139.9573818,35.4526056],[139.9575502,35.4524576]]},"properties":{"name":"tokyo_line_1680","loading_pct":25.3,"p_mw":17.2,"synthetic":false,"tie":false}},{"type":"Feature","geometry":{"type":"LineString","coordinates":[[139.7317118,35.5402235],[139.7328387,35.5434208]]},"properties":{"name":"tokyo_line_1681","loading_pct":53.9,"p_mw":1003.7,"synthetic":false,"tie":false}},{"type":"Feature","geometry":{"type":"LineString","coordinates":[[140.0525813,35.3179926],[140.0554356,35.3151075]]},"properties":{"name":"tokyo_line_1683","loading_pct":39.5,"p_mw":23.3,"synthetic":false,"tie":false}},{"type":"Feature","geometry":{"type":"LineString","coordinates":[[139.6938456,35.2446144],[139.6971193,35.2443279]]},"properties":{"name":"tokyo_line_1685","loading_pct":75.9,"p_mw":51.6,"synthetic":false,"tie":false}},{"type":"Feature","geometry":{"type":"LineString","coordinates":[[139.7076952,35.2413585],[139.7092227,35.2397582]]},"properties":{"name":"tokyo_line_1686","loading_pct":25.3,"p_mw":17.2,"synthetic":false,"tie":false}},{"type":"Feature","geometry":{"type":"LineString","coordinates":[[139.7024561,35.2488776],[139.7042794,35.250402]]},"properties":{"name":"tokyo_line_1687","loading_pct":25.3,"p_mw":17.2,"synthetic":false,"tie":false}},{"type":"Feature","geometry":{"type":"LineString","coordinates":[[139.8160117,35.9009633],[139.8191814,35.9037147]]},"properties":{"name":"tokyo_line_1689","loading_pct":44.0,"p_mw":-828.0,"synthetic":false,"tie":false}},{"type":"Feature","geometry":{"type":"LineString","coordinates":[[140.6802419,35.8865643],[140.6807279,35.8870632]]},"properties":{"name":"tokyo_line_1691","loading_pct":25.3,"p_mw":17.2,"synthetic":false,"tie":false}},{"type":"Feature","geometry":{"type":"LineString","coordinates":[[140.6802419,35.8865643],[140.6807583,35.8870197]]},"properties":{"name":"tokyo_line_1692","loading_pct":25.3,"p_mw":17.2,"synthetic":false,"tie":false}},{"type":"Feature","geometry":{"type":"LineString","coordinates":[[140.6802419,35.8865643],[140.6819561,35.8854179],[140.683608,35.8829927],[140.6852351,35.8806243],[140.6868072,35.8783758],[140.6895841,35.8777074],[140.6924194,35.8790503],[140.6955386,35.880493],[140.6984581,35.88189],[140.7015544,35.8833578],[140.7046144,35.8848144],[140.7076492,35.8862493],[140.7104398,35.8875763],[140.7121536,35.8852805]]},"properties":{"name":"tokyo_line_1693","loading_pct":15.6,"p_mw":163.9,"synthetic":false,"tie":false}},{"type":"Feature","geometry":{"type":"LineString","coordinates":[[140.7268631,35.8645518],[140.7280474,35.8628944]]},"properties":{"name":"tokyo_line_1694","loading_pct":24.8,"p_mw":301.9,"synthetic":false,"tie":false}},{"type":"Feature","geometry":{"type":"LineString","coordinates":[[140.7356069,35.852131],[140.7371473,35.8498959]]},"properties":{"name":"tokyo_line_1695","loading_pct":24.4,"p_mw":295.9,"synthetic":false,"tie":false}},{"type":"Feature","geometry":{"type":"LineString","coordinates":[[140.210854,35.7383352],[140.2089568,35.7393563]]},"properties":{"name":"tokyo_line_1696","loading_pct":35.9,"p_mw":23.6,"synthetic":false,"tie":false}},{"type":"Feature","geometry":{"type":"LineString","coordinates":[[140.1930553,35.7399764],[140.1905986,35.7392347]]},"properties":{"name":"tokyo_line_1697","loading_pct":25.3,"p_mw":17.2,"synthetic":false,"tie":false}},{"type":"Feature","geometry":{"type":"LineString","coordinates":[[140.3599896,35.2829567],[140.3621272,35.2830514],[140.3648343,35.2824799],[140.3663512,35.2819516],[140.3699876,35.2817538],[140.3737965,35.2805852],[140.3760082,35.279703],[140.3778521,35.2790388],[140.3815385,35.2777109],[140.3855929,35.2767843],[140.3867892,35.2765024],[140.390328,35.2766593]]},"properties":{"name":"tokyo_line_1698","loading_pct":25.4,"p_mw":17.2,"synthetic":false,"tie":false}},{"type":"Feature","geometry":{"type":"LineString","coordinates":[[140.0206775,35.4822961],[140.0204055,35.4824226]]},"properties":{"name":"tokyo_line_1699","loading_pct":25.6,"p_mw":17.2,"synthetic":false,"tie":false}},{"type":"Feature","geometry":{"type":"LineString","coordinates":[[140.0206775,35.4822961],[140.0204404,35.4824619]]},"properties":{"name":"tokyo_line_1700","loading_pct":25.6,"p_mw":17.2,"synthetic":false,"tie":false}},{"type":"Feature","geometry":{"type":"LineString","coordinates":[[140.0206775,35.4822961],[140.0204672,35.4824957]]},"properties":{"name":"tokyo_line_1701","loading_pct":25.6,"p_mw":17.2,"synthetic":false,"tie":false}},{"type":"Feature","geometry":{"type":"LineString","coordinates":[[140.0206775,35.4822961],[140.0218825,35.4814569],[140.0238606,35.4803385],[140.0256201,35.4793382],[140.0275426,35.4782385],[140.0294812,35.4771419],[140.0311261,35.4762142],[140.0299378,35.4747792],[140.0284646,35.4729951],[140.0271691,35.4714228]]},"properties":{"name":"tokyo_line_1702","loading_pct":81.7,"p_mw":-68.8,"synthetic":false,"tie":false}},{"type":"Feature","geometry":{"type":"LineString","coordinates":[[140.0271691,35.4714228],[140.0267578,35.4716627]]},"properties":{"name":"tokyo_line_1703","loading_pct":25.5,"p_mw":17.2,"synthetic":false,"tie":false}},{"type":"Feature","geometry":{"type":"LineString","coordinates":[[140.0515987,35.5051419],[140.0505969,35.5035458]]},"properties":{"name":"tokyo_line_1704","loading_pct":67.9,"p_mw":-124.3,"synthetic":false,"tie":false}},{"type":"Feature","geometry":{"type":"LineString","coordinates":[[140.0541736,35.5105606],[140.0523323,35.5116042],[140.0505017,35.51265],[140.0486577,35.5136936],[140.0489411,35.5140302]]},"properties":{"name":"tokyo_line_1705","loading_pct":25.3,"p_mw":17.2,"synthetic":false,"tie":false}},{"type":"Feature","geometry":{"type":"LineString","coordinates":[[140.0562778,35.512555],[140.0573899,35.5143036],[140.058488,35.5160455],[140.0596487,35.5178114],[140.0606867,35.519395],[140.0617763,35.5210487],[140.0630886,35.5230205]]},"properties":{"name":"tokyo_line_1706","loading_pct":70.5,"p_mw":64.0,"synthetic":false,"tie":false}},{"type":"Feature","geometry":{"type":"LineString","coordinates":[[140.021047,35.4827316],[140.0207511,35.4828346]]},"properties":{"name":"tokyo_line_1707","loading_pct":25.4,"p_mw":17.2,"synthetic":false,"tie":false}},{"type":"Feature","geometry":{"type":"LineString","coordinates":[[140.021047,35.4827316],[140.0207203,35.4827958]]},"properties":{"name":"tokyo_line_1708","loading_pct":25.4,"p_mw":17.2,"synthetic":false,"tie":false}},{"type":"Feature","geometry":{"type":"LineString","coordinates":[[140.021047,35.4827316],[140.0208605,35.4829676]]},"properties":{"name":"tokyo_line_1709","loading_pct":25.4,"p_mw":17.2,"synthetic":false,"tie":false}},{"type":"Feature","geometry":{"type":"LineString","coordinates":[[140.021047,35.4827316],[140.0208297,35.48293]]},"properties":{"name":"tokyo_line_1710","loading_pct":25.4,"p_mw":17.2,"synthetic":false,"tie":false}},{"type":"Feature","geometry":{"type":"LineString","coordinates":[[140.0213264,35.4830596],[140.0211249,35.483271]]},"properties":{"name":"tokyo_line_1711","loading_pct":25.4,"p_mw":17.2,"synthetic":false,"tie":false}},{"type":"Feature","geometry":{"type":"LineString","coordinates":[[140.0213264,35.4830596],[140.0210241,35.4831543]]},"properties":{"name":"tokyo_line_1712","loading_pct":25.4,"p_mw":17.2,"synthetic":false,"tie":false}},{"type":"Feature","geometry":{"type":"LineString","coordinates":[[140.0213264,35.4830596],[140.0210541,35.4831903]]},"properties":{"name":"tokyo_line_1713","loading_pct":25.4,"p_mw":17.2,"synthetic":false,"tie":false}},{"type":"Feature","geometry":{"type":"LineString","coordinates":[[140.0505969,35.5035458],[140.049948,35.5038941]]},"properties":{"name":"tokyo_line_1714","loading_pct":75.9,"p_mw":51.6,"synthetic":false,"tie":false}},{"type":"Feature","geometry":{"type":"LineString","coordinates":[[139.9486935,35.3999889],[139.9462411,35.4010442],[139.9433972,35.401986]]},"properties":{"name":"tokyo_line_1715","loading_pct":41.5,"p_mw":-12.5,"synthetic":false,"tie":false}},{"type":"Feature","geometry":{"type":"LineString","coordinates":[[139.8938513,35.2692809],[139.8918423,35.2716044]]},"properties":{"name":"tokyo_line_1716","loading_pct":33.6,"p_mw":6.4,"synthetic":false,"tie":false}},{"type":"Feature","geometry":{"type":"LineString","coordinates":[[139.893379,35.2515144],[139.8941734,35.2485767]]},"properties":{"name":"tokyo_line_1717","loading_pct":42.1,"p_mw":28.4,"synthetic":false,"tie":false}},{"type":"Feature","geometry":{"type":"LineString","coordinates":[[139.7920207,35.7005786],[139.7937686,35.6999056]]},"properties":{"name":"tokyo_line_1718","loading_pct":0.9,"p_mw":0.5,"synthetic":false,"tie":false}},{"type":"Feature","geometry":{"type":"LineString","coordinates":[[140.0555067,35.5273269],[140.0571314,35.5264128],[140.0587957,35.5254659],[140.0608557,35.5242893]]},"properties":{"name":"tokyo_line_1719","loading_pct":76.1,"p_mw":-51.6,"synthetic":false,"tie":false}},{"type":"Feature","geometry":{"type":"LineString","coordinates":[[140.0555067,35.5273269],[140.0545652,35.5264183],[140.0534367,35.5250897],[140.0524556,35.5239346],[140.0511119,35.5227514],[140.0493336,35.520671],[140.0469705,35.5219951],[140.0455114,35.5228469],[140.0459024,35.5232412]]},"properties":{"name":"tokyo_line_1720","loading_pct":25.4,"p_mw":17.2,"synthetic":false,"tie":false}},{"type":"Feature","geometry":{"type":"LineString","coordinates":[[140.0555067,35.5273269],[140.0550695,35.5275774],[140.0549919,35.5275465]]},"properties":{"name":"tokyo_line_1721","loading_pct":25.3,"p_mw":17.2,"synthetic":false,"tie":false}},{"type":"Feature","geometry":{"type":"LineString","coordinates":[[140.0608557,35.5242893],[140.0630886,35.5230205]]},"properties":{"name":"tokyo_line_1722","loading_pct":56.2,"p_mw":-38.2,"synthetic":false,"tie":false}},{"type":"Feature","geometry":{"type":"LineString","coordinates":[[140.0608557,35.5242893],[140.0625676,35.5232503]]},"properties":{"name":"tokyo_line_1723","loading_pct":45.1,"p_mw":-30.6,"synthetic":false,"tie":false}},{"type":"Feature","geometry":{"type":"LineString","coordinates":[[140.701068,35.8867089],[140.7005087,35.8865019]]},"properties":{"name":"tokyo_line_1724","loading_pct":25.4,"p_mw":17.2,"synthetic":false,"tie":false}},{"type":"Feature","geometry":{"type":"LineString","coordinates":[[140.701068,35.8867089],[140.7005527,35.8864298]]},"properties":{"name":"tokyo_line_1725","loading_pct":25.4,"p_mw":17.2,"synthetic":false,"tie":false}},{"type":"Feature","geometry":{"type":"LineString","coordinates":[[139.7673261,35.5324579],[139.7663857,35.5330031]]},"properties":{"name":"tokyo_line_1726","loading_pct":52.9,"p_mw":36.1,"synthetic":false,"tie":false}},{"type":"Feature","geometry":{"type":"LineString","coordinates":[[139.7761996,35.5225427],[139.7754401,35.5218934]]},"properties":{"name":"tokyo_line_1727","loading_pct":78.2,"p_mw":-53.3,"synthetic":false,"tie":false}},{"type":"Feature","geometry":{"type":"LineString","coordinates":[[139.7705901,35.5177071],[139.7601321,35.5150007]]},"properties":{"name":"tokyo_line_1728","loading_pct":98.1,"p_mw":-64.4,"synthetic":false,"tie":false}},{"type":"Feature","geometry":{"type":"LineString","coordinates":[[139.7543595,35.5221754],[139.755427,35.5214096]]},"properties":{"name":"tokyo_line_1729","loading_pct":79.4,"p_mw":-1904.4,"synthetic":false,"tie":false}},{"type":"Feature","geometry":{"type":"LineString","coordinates":[[140.2144713,35.122729],[140.2137283,35.1213293]]},"properties":{"name":"tokyo_line_1730","loading_pct":0.7,"p_mw":0.5,"synthetic":false,"tie":false}},{"type":"Feature","geometry":{"type":"LineString","coordinates":[[139.7577944,35.5169883],[139.757359,35.5181232]]},"properties":{"name":"tokyo_line_1731","loading_pct":82.8,"p_mw":1848.6,"synthetic":false,"tie":false}},{"type":"Feature","geometry":{"type":"LineString","coordinates":[[140.7348986,35.8321789],[140.7360729,35.8306066],[140.7370931,35.8292262],[140.7378855,35.8279517],[140.7358269,35.8270008],[140.7363702,35.8255157],[140.7376235,35.8231946],[140.7387485,35.8211478],[140.7383423,35.8202421],[140.7405918,35.8183415],[140.7429847,35.8166534],[140.7435174,35.8143518]]},"properties":{"name":"tokyo_line_1732","loading_pct":24.5,"p_mw":306.8,"synthetic":false,"tie":false}},{"type":"Feature","geometry":{"type":"LineString","coordinates":[[140.7435174,35.8143518],[140.7460014,35.8130336],[140.7478965,35.811121],[140.7463529,35.8100448],[140.7488192,35.8076385],[140.7499111,35.8056078],[140.7519692,35.8036992],[140.7538879,35.801153],[140.7571551,35.8011435],[140.7596577,35.8009046]]},"properties":{"name":"tokyo_line_1733","loading_pct":36.4,"p_mw":6.4,"synthetic":false,"tie":false}},{"type":"Feature","geometry":{"type":"LineString","coordinates":[[140.0650043,35.7672367],[140.0642868,35.7667523]]},"properties":{"name":"tokyo_line_1734","loading_pct":69.5,"p_mw":2402.5,"synthetic":false,"tie":false}},{"type":"Feature","geometry":{"type":"LineString","coordinates":[[140.1330394,35.7968629],[140.1341305,35.7977526]]},"properties":{"name":"tokyo_line_1739","loading_pct":21.5,"p_mw":56.7,"synthetic":false,"tie":false}},{"type":"Feature","geometry":{"type":"LineString","coordinates":[[140.1232919,35.7414827],[140.1268764,35.739619],[140.1300862,35.7379674],[140.1336135,35.7360941]]},"properties":{"name":"tokyo_line_1740","loading_pct":22.0,"p_mw":48.6,"synthetic":false,"tie":false}},{"type":"Feature","geometry":{"type":"LineString","coordinates":[[140.1390657,35.7220821],[140.1420187,35.7229556]]},"properties":{"name":"tokyo_line_1741","loading_pct":88.0,"p_mw":-334.9,"synthetic":false,"tie":false}},{"type":"Feature","geometry":{"type":"LineString","coordinates":[[140.0184034,35.7728275],[140.0177098,35.7722551]]},"properties":{"name":"tokyo_line_1742","loading_pct":61.9,"p_mw":245.8,"synthetic":false,"tie":false}},{"type":"Feature","geometry":{"type":"LineString","coordinates":[[139.9498506,35.763484],[139.9463359,35.764785]]},"properties":{"name":"tokyo_line_1743","loading_pct":81.7,"p_mw":3015.4,"synthetic":false,"tie":false}},{"type":"Feature","geometry":{"type":"LineString","coordinates":[[139.9441757,35.7655921],[139.9408852,35.7668192]]},"properties":{"name":"tokyo_line_1744","loading_pct":86.5,"p_mw":3228.9,"synthetic":false,"tie":false}},{"type":"Feature","geometry":{"type":"LineString","coordinates":[[139.9338147,35.7694859],[139.9313639,35.7703917]]},"properties":{"name":"tokyo_line_1746","loading_pct":86.5,"p_mw":3210.8,"synthetic":false,"tie":false}},{"type":"Feature","geometry":{"type":"LineString","coordinates":[[139.8784544,35.6391799],[139.8722696,35.6414196],[139.8700424,35.6422408],[139.8700721,35.6422996],[139.8694805,35.6425212],[139.8693773,35.6426151],[139.8673253,35.6433575],[139.8668787,35.6435577],[139.862856,35.6450343],[139.8613448,35.6455736],[139.8607732,35.6457893],[139.8596964,35.646179],[139.8587859,35.6464709],[139.8580657,35.646665],[139.8570323,35.6468246],[139.8558316,35.6469303],[139.8544221,35.6470188],[139.8517854,35.647164],[139.851781,35.6470783],[139.8511466,35.6471149],[139.841208,35.647713],[139.8412149,35.6478158],[139.8411448,35.6478794],[139.8407094,35.6479059],[139.8406136,35.6478205],[139.839766,35.6478993],[139.8387545,35.6479929],[139.8379272,35.6480214],[139.8371394,35.6479946],[139.8363848,35.647947],[139.8357841,35.6478907],[139.8340906,35.6477282],[139.8331376,35.6476357],[139.8310702,35.6474383],[139.8275773,35.6471065],[139.8242368,35.6467745],[139.8227701,35.6466217],[139.8206256,35.6464202],[139.8198206,35.6463527],[139.8178268,35.6461561],[139.8168089,35.6459818],[139.8157803,35.6456995],[139.8145663,35.6452942],[139.8135186,35.6448745],[139.81091,35.6440295]]},"properties":{"name":"tokyo_line_1747","loading_pct":20.6,"p_mw":-677.8,"synthetic":false,"tie":false}},{"type":"Feature","geometry":{"type":"LineString","coordinates":[[139.7933113,35.6428253],[139.7931942,35.6432808]]},"properties":{"name":"tokyo_line_1748","loading_pct":1.6,"p_mw":53.4,"synthetic":false,"tie":false}},{"type":"Feature","geometry":{"type":"LineString","coordinates":[[139.9039752,35.8683863],[139.9038198,35.8685412]]},"properties":{"name":"tokyo_line_1749","loading_pct":5.9,"p_mw":-15.8,"synthetic":false,"tie":false}},{"type":"Feature","geometry":{"type":"LineString","coordinates":[[139.9039752,35.8683863],[139.9042051,35.8684106]]},"properties":{"name":"tokyo_line_1750","loading_pct":3.9,"p_mw":10.3,"synthetic":false,"tie":false}},{"type":"Feature","geometry":{"type":"LineString","coordinates":[[139.8212956,35.734376],[139.821688,35.7350537]]},"properties":{"name":"tokyo_line_1751","loading_pct":27.7,"p_mw":-17.2,"synthetic":false,"tie":false}},{"type":"Feature","geometry":{"type":"LineString","coordinates":[[140.2307302,35.8453207],[140.2320125,35.8469705]]},"properties":{"name":"tokyo_line_1752","loading_pct":25.5,"p_mw":17.2,"synthetic":false,"tie":false}},{"type":"Feature","geometry":{"type":"LineString","coordinates":[[140.1346194,35.8458524],[140.1347711,35.8456518]]},"properties":{"name":"tokyo_line_1753","loading_pct":25.3,"p_mw":17.2,"synthetic":false,"tie":false}},{"type":"Feature","geometry":{"type":"LineString","coordinates":[[139.9999581,35.8632621],[139.9965196,35.8648988]]},"properties":{"name":"tokyo_line_1754","loading_pct":25.4,"p_mw":17.2,"synthetic":false,"tie":false}},{"type":"Feature","geometry":{"type":"LineString","coordinates":[[140.1772384,35.7834759],[140.1791904,35.7823166],[140.1813817,35.7831479],[140.1835752,35.7831745],[140.1853466,35.7823768],[140.1874895,35.7811371],[140.1907249,35.7792084],[140.1936929,35.7788652],[140.1951664,35.7793845],[140.1951634,35.7805364],[140.1960385,35.7807271]]},"properties":{"name":"tokyo_line_1756","loading_pct":12.3,"p_mw":-8.1,"synthetic":false,"tie":false}},{"type":"Feature","geometry":{"type":"LineString","coordinates":[[140.463062,35.6768499],[140.4647357,35.6758388],[140.4674009,35.6763844],[140.4715832,35.6774196],[140.4743021,35.6778693],[140.4769317,35.6783323]]},"properties":{"name":"tokyo_line_1757","loading_pct":2.0,"p_mw":-5.1,"synthetic":false,"tie":false}},{"type":"Feature","geometry":{"type":"LineString","coordinates":[[140.463062,35.6768499],[140.4635527,35.6770314],[140.4654365,35.6776802],[140.4679784,35.6798],[140.4705356,35.6819272],[140.4722271,35.6819573]]},"properties":{"name":"tokyo_line_1758","loading_pct":76.8,"p_mw":51.7,"synthetic":false,"tie":false}},{"type":"Feature","geometry":{"type":"LineString","coordinates":[[140.4769317,35.6783323],[140.4802718,35.6789827],[140.4835287,35.6794772],[140.4859949,35.6798496],[140.4894957,35.6805416],[140.4949602,35.6816026],[140.4967201,35.6819495],[140.5008671,35.6827625],[140.5051437,35.683579],[140.5078787,35.6841113],[140.5121811,35.6849531],[140.5158218,35.6870118],[140.5182301,35.6885996],[140.5214707,35.6906986],[140.5237925,35.6921865],[140.5261314,35.6936951],[140.5288338,35.6954214],[140.5301487,35.6964591],[140.5324408,35.6979703],[140.5355139,35.6999283],[140.5371939,35.7009172],[140.5396346,35.7021266]]},"properties":{"name":"tokyo_line_1759","loading_pct":12.8,"p_mw":-39.5,"synthetic":false,"tie":false}},{"type":"Feature","geometry":{"type":"LineString","coordinates":[[140.4769317,35.6783323],[140.4789671,35.6764765],[140.4804289,35.673583],[140.4819732,35.6719216],[140.4816341,35.6716804]]},"properties":{"name":"tokyo_line_1760","loading_pct":25.6,"p_mw":17.2,"synthetic":false,"tie":false}},{"type":"Feature","geometry":{"type":"LineString","coordinates":[[140.5694728,35.7127698],[140.5658869,35.7109963]]},"properties":{"name":"tokyo_line_1761","loading_pct":16.9,"p_mw":56.1,"synthetic":false,"tie":false}},{"type":"Feature","geometry":{"type":"LineString","coordinates":[[140.5697934,35.7044869],[140.5712821,35.7027934],[140.5720746,35.7009976],[140.5743948,35.698143],[140.5762468,35.6955727],[140.5779098,35.6933149],[140.579039,35.6907405],[140.5798772,35.6874135],[140.5809219,35.6857131],[140.5793233,35.6824528]]},"properties":{"name":"tokyo_line_1762","loading_pct":4.0,"p_mw":-0.9,"synthetic":false,"tie":false}},{"type":"Feature","geometry":{"type":"LineString","coordinates":[[140.4061009,35.6794113],[140.4064345,35.6793808]]},"properties":{"name":"tokyo_line_1763","loading_pct":25.7,"p_mw":17.2,"synthetic":false,"tie":false}},{"type":"Feature","geometry":{"type":"LineString","coordinates":[[140.4061009,35.6794113],[140.4063991,35.6793233]]},"properties":{"name":"tokyo_line_1764","loading_pct":25.7,"p_mw":17.2,"synthetic":false,"tie":false}},{"type":"Feature","geometry":{"type":"LineString","coordinates":[[140.8353971,35.7254542],[140.8367348,35.7222172],[140.8380309,35.7200132],[140.8384665,35.7201779],[140.8391813,35.7204482],[140.8415639,35.7223546]]},"properties":{"name":"tokyo_line_1765","loading_pct":85.7,"p_mw":58.0,"synthetic":false,"tie":false}},{"type":"Feature","geometry":{"type":"LineString","coordinates":[[140.8415639,35.7223546],[140.8416407,35.7224655]]},"properties":{"name":"tokyo_line_1766","loading_pct":25.3,"p_mw":17.2,"synthetic":false,"tie":false}},{"type":"Feature","geometry":{"type":"LineString","coordinates":[[140.8415639,35.7223546],[140.8439303,35.7213305],[140.8473018,35.7222708]]},"properties":{"name":"tokyo_line_1767","loading_pct":25.9,"p_mw":6.4,"synthetic":false,"tie":false}},{"type":"Feature","geometry":{"type":"LineString","coordinates":[[140.8415639,35.7223546],[140.8414511,35.722511],[140.8415774,35.7225648]]},"properties":{"name":"tokyo_line_1768","loading_pct":25.3,"p_mw":17.2,"synthetic":false,"tie":false}},{"type":"Feature","geometry":{"type":"LineString","coordinates":[[140.0208364,35.4824812],[140.0205966,35.4826504]]},"properties":{"name":"tokyo_line_1769","loading_pct":25.4,"p_mw":17.2,"synthetic":false,"tie":false}},{"type":"Feature","geometry":{"type":"LineString","coordinates":[[140.0208364,35.4824812],[140.0205329,35.4825711]]},"properties":{"name":"tokyo_line_1770","loading_pct":25.4,"p_mw":17.2,"synthetic":false,"tie":false}},{"type":"Feature","geometry":{"type":"LineString","coordinates":[[140.0208364,35.4824812],[140.0205577,35.4826014]]},"properties":{"name":"tokyo_line_1771","loading_pct":25.4,"p_mw":17.2,"synthetic":false,"tie":false}},{"type":"Feature","geometry":{"type":"LineString","coordinates":[[140.0630886,35.5230205],[140.0642573,35.5248155]]},"properties":{"name":"tokyo_line_1772","loading_pct":92.1,"p_mw":-56.6,"synthetic":false,"tie":false}},{"type":"Feature","geometry":{"type":"LineString","coordinates":[[140.0630886,35.5230205],[140.0625676,35.5232503]]},"properties":{"name":"tokyo_line_1773","loading_pct":95.8,"p_mw":65.0,"synthetic":false,"tie":false}},{"type":"Feature","geometry":{"type":"LineString","coordinates":[[140.2112883,35.1451236],[140.2102662,35.1456795]]},"properties":{"name":"tokyo_line_1774","loading_pct":25.8,"p_mw":17.2,"synthetic":false,"tie":false}},{"type":"Feature","geometry":{"type":"LineString","coordinates":[[140.2112883,35.1451236],[140.2102697,35.1455811]]},"properties":{"name":"tokyo_line_1775","loading_pct":25.8,"p_mw":17.2,"synthetic":false,"tie":false}},{"type":"Feature","geometry":{"type":"LineString","coordinates":[[140.2908182,35.1591497],[140.2891748,35.1587278],[140.2854468,35.1576978],[140.280159,35.1566983],[140.2786329,35.1568109]]},"properties":{"name":"tokyo_line_1776","loading_pct":78.8,"p_mw":52.9,"synthetic":false,"tie":false}},{"type":"Feature","geometry":{"type":"LineString","coordinates":[[140.2786329,35.1568109],[140.2788405,35.158538]]},"properties":{"name":"tokyo_line_1777","loading_pct":76.1,"p_mw":51.6,"synthetic":false,"tie":false}},{"type":"Feature","geometry":{"type":"LineString","coordinates":[[139.8941734,35.2485767],[139.8937596,35.2485558]]},"properties":{"name":"tokyo_line_1778","loading_pct":25.3,"p_mw":17.2,"synthetic":false,"tie":false}},{"type":"Feature","geometry":{"type":"LineString","coordinates":[[139.8941734,35.2485767],[139.8936928,35.2449282],[139.8930501,35.2413508],[139.8933117,35.2391893]]},"properties":{"name":"tokyo_line_1779","loading_pct":8.7,"p_mw":-6.0,"synthetic":false,"tie":false}},{"type":"Feature","geometry":{"type":"LineString","coordinates":[[139.8933117,35.2391893],[139.893077,35.2393542]]},"properties":{"name":"tokyo_line_1780","loading_pct":25.3,"p_mw":17.2,"synthetic":false,"tie":false}},{"type":"Feature","geometry":{"type":"LineString","coordinates":[[139.8933117,35.2391893],[139.893042,35.2392931]]},"properties":{"name":"tokyo_line_1781","loading_pct":25.3,"p_mw":17.2,"synthetic":false,"tie":false}},{"type":"Feature","geometry":{"type":"LineString","coordinates":[[140.2238891,35.2950944],[140.2238964,35.2952392]]},"properties":{"name":"tokyo_line_1782","loading_pct":25.4,"p_mw":17.2,"synthetic":false,"tie":false}},{"type":"Feature","geometry":{"type":"LineString","coordinates":[[140.2238891,35.2950944],[140.2239742,35.2952392]]},"properties":{"name":"tokyo_line_1783","loading_pct":25.4,"p_mw":17.2,"synthetic":false,"tie":false}},{"type":"Feature","geometry":{"type":"LineString","coordinates":[[140.1734608,35.3549793],[140.1757783,35.3553151],[140.1791324,35.3559254],[140.1815276,35.3585614],[140.1859801,35.3575332],[140.1900074,35.3579062],[140.1921096,35.3552877],[140.1936123,35.3525986],[140.1981854,35.3514441],[140.2009716,35.3508316],[140.203281,35.3488342],[140.2055521,35.3457308],[140.209102,35.3431908],[140.2122483,35.3432739],[140.2150632,35.3437749],[140.2185099,35.3447463],[140.2185515,35.3483463],[140.2184093,35.3508184],[140.2182658,35.3541972],[140.2201568,35.3576054],[140.2227075,35.3601604]]},"properties":{"name":"tokyo_line_1784","loading_pct":26.2,"p_mw":17.3,"synthetic":false,"tie":false}},{"type":"Feature","geometry":{"type":"LineString","coordinates":[[140.1734608,35.3549793],[140.1698452,35.3561343],[140.1689477,35.3587964],[140.1674594,35.3593171],[140.1653136,35.3607171]]},"properties":{"name":"tokyo_line_1785","loading_pct":26.1,"p_mw":17.2,"synthetic":false,"tie":false}},{"type":"Feature","geometry":{"type":"LineString","coordinates":[[139.8522221,35.0347579],[139.8521242,35.0325177]]},"properties":{"name":"tokyo_line_1786","loading_pct":25.5,"p_mw":17.2,"synthetic":false,"tie":false}},{"type":"Feature","geometry":{"type":"LineString","coordinates":[[140.2802503,35.4611211],[140.2778638,35.4615913],[140.2733423,35.4624996],[140.2689669,35.4631528],[140.2663591,35.4635329],[140.263288,35.4642571],[140.2604194,35.464954],[140.2571431,35.4657743],[140.2527241,35.4663516],[140.2500124,35.4677601],[140.2465832,35.4677677],[140.2440251,35.4686006],[140.242171,35.4672647],[140.2385353,35.4672183],[140.2363466,35.4653658],[140.2335638,35.4639447]]},"properties":{"name":"tokyo_line_1787","loading_pct":15.7,"p_mw":-4.5,"synthetic":false,"tie":false}},{"type":"Feature","geometry":{"type":"LineString","coordinates":[[140.2802503,35.4611211],[140.2813534,35.4637148],[140.2822284,35.4656951],[140.2831397,35.4678775],[140.2840886,35.4700745],[140.2850261,35.4722432]]},"properties":{"name":"tokyo_line_1788","loading_pct":44.3,"p_mw":159.7,"synthetic":false,"tie":false}},{"type":"Feature","geometry":{"type":"LineString","coordinates":[[140.2850261,35.4722432],[140.282455,35.4721301],[140.2807862,35.4709543],[140.2787882,35.4708301],[140.2765313,35.4728094]]},"properties":{"name":"tokyo_line_1789","loading_pct":25.5,"p_mw":17.2,"synthetic":false,"tie":false}},{"type":"Feature","geometry":{"type":"LineString","coordinates":[[140.3930359,35.6032697],[140.3908499,35.6018521],[140.3883957,35.6012611]]},"properties":{"name":"tokyo_line_1790","loading_pct":75.9,"p_mw":51.6,"synthetic":false,"tie":false}},{"type":"Feature","geometry":{"type":"LineString","coordinates":[[140.0680357,35.7007503],[140.0708655,35.7014164]]},"properties":{"name":"tokyo_line_1791","loading_pct":20.6,"p_mw":-13.8,"synthetic":false,"tie":false}},{"type":"Feature","geometry":{"type":"LineString","coordinates":[[140.0680357,35.7007503],[140.0675915,35.7025792]]},"properties":{"name":"tokyo_line_1792","loading_pct":77.0,"p_mw":51.6,"synthetic":false,"tie":false}},{"type":"Feature","geometry":{"type":"LineString","coordinates":[[140.5179286,35.8666871],[140.5177425,35.8669849]]},"properties":{"name":"tokyo_line_1793","loading_pct":25.4,"p_mw":-17.2,"synthetic":false,"tie":false}},{"type":"Feature","geometry":{"type":"LineString","coordinates":[[140.5177425,35.8669849],[140.5178695,35.8666306]]},"properties":{"name":"tokyo_line_1794","loading_pct":25.4,"p_mw":17.2,"synthetic":false,"tie":false}},{"type":"Feature","geometry":{"type":"LineString","coordinates":[[140.2830545,35.7605163],[140.282229,35.7600381],[140.2797627,35.7585839],[140.2792499,35.7583182],[140.2797126,35.7574366],[140.2800733,35.7558934],[140.2798024,35.7536612],[140.2815345,35.7544573],[140.2815386,35.7546511],[140.281691,35.7545844]]},"properties":{"name":"tokyo_line_1795","loading_pct":25.3,"p_mw":17.2,"synthetic":false,"tie":false}},{"type":"Feature","geometry":{"type":"LineString","coordinates":[[140.4722271,35.6819573],[140.4721409,35.6820761]]},"properties":{"name":"tokyo_line_1796","loading_pct":25.6,"p_mw":17.2,"synthetic":false,"tie":false}},{"type":"Feature","geometry":{"type":"LineString","coordinates":[[140.4722271,35.6819573],[140.4720839,35.6820273]]},"properties":{"name":"tokyo_line_1797","loading_pct":25.6,"p_mw":17.2,"synthetic":false,"tie":false}},{"type":"Feature","geometry":{"type":"LineString","coordinates":[[140.3883957,35.6012611],[140.3883249,35.6012091]]},"properties":{"name":"tokyo_line_1798","loading_pct":25.3,"p_mw":17.2,"synthetic":false,"tie":false}},{"type":"Feature","geometry":{"type":"LineString","coordinates":[[140.3883957,35.6012611],[140.3884021,35.6011769]]},"properties":{"name":"tokyo_line_1799","loading_pct":25.3,"p_mw":17.2,"synthetic":false,"tie":false}},{"type":"Feature","geometry":{"type":"LineString","coordinates":[[140.3830044,35.4950894],[140.3832306,35.4950508]]},"properties":{"name":"tokyo_line_1800","loading_pct":25.5,"p_mw":17.2,"synthetic":false,"tie":false}},{"type":"Feature","geometry":{"type":"LineString","coordinates":[[140.3830044,35.4950894],[140.3831906,35.4949781]]},"properties":{"name":"tokyo_line_1801","loading_pct":25.5,"p_mw":17.2,"synthetic":false,"tie":false}},{"type":"Feature","geometry":{"type":"LineString","coordinates":[[140.4022612,35.5299673],[140.4020441,35.5299208]]},"properties":{"name":"tokyo_line_1802","loading_pct":25.3,"p_mw":17.2,"synthetic":false,"tie":false}},{"type":"Feature","geometry":{"type":"LineString","coordinates":[[140.4022612,35.5299673],[140.4020862,35.5298926]]},"properties":{"name":"tokyo_line_1803","loading_pct":25.3,"p_mw":17.2,"synthetic":false,"tie":false}},{"type":"Feature","geometry":{"type":"LineString","coordinates":[[140.278358,35.1587892],[140.2788405,35.158538]]},"properties":{"name":"tokyo_line_1804","loading_pct":25.4,"p_mw":-17.2,"synthetic":false,"tie":false}},{"type":"Feature","geometry":{"type":"LineString","coordinates":[[140.2788405,35.158538],[140.2783047,35.1587405]]},"properties":{"name":"tokyo_line_1805","loading_pct":25.4,"p_mw":17.2,"synthetic":false,"tie":false}},{"type":"Feature","geometry":{"type":"LineString","coordinates":[[139.9332421,35.4053838],[139.930961,35.4061679]]},"properties":{"name":"tokyo_line_1806","loading_pct":23.3,"p_mw":-15.3,"synthetic":false,"tie":false}},{"type":"Feature","geometry":{"type":"LineString","coordinates":[[139.9701355,35.3951444],[139.9703326,35.3951963]]},"properties":{"name":"tokyo_line_1807","loading_pct":25.5,"p_mw":17.2,"synthetic":false,"tie":false}},{"type":"Feature","geometry":{"type":"LineString","coordinates":[[139.9701355,35.3951444],[139.9703343,35.3951357]]},"properties":{"name":"tokyo_line_1808","loading_pct":25.5,"p_mw":17.2,"synthetic":false,"tie":false}},{"type":"Feature","geometry":{"type":"LineString","coordinates":[[140.049948,35.5038941],[140.0500044,35.5040437]]},"properties":{"name":"tokyo_line_1809","loading_pct":25.3,"p_mw":17.2,"synthetic":false,"tie":false}},{"type":"Feature","geometry":{"type":"LineString","coordinates":[[140.049948,35.5038941],[140.0500701,35.5040055]]},"properties":{"name":"tokyo_line_1810","loading_pct":25.3,"p_mw":17.2,"synthetic":false,"tie":false}},{"type":"Feature","geometry":{"type":"LineString","coordinates":[[140.0625676,35.5232503],[140.0624276,35.5231303]]},"properties":{"name":"tokyo_line_1811","loading_pct":25.3,"p_mw":17.2,"synthetic":false,"tie":false}},{"type":"Feature","geometry":{"type":"LineString","coordinates":[[140.0708655,35.7014164],[140.0707148,35.702511],[140.0705544,35.7024804]]},"properties":{"name":"tokyo_line_1812","loading_pct":25.7,"p_mw":17.2,"synthetic":false,"tie":false}},{"type":"Feature","geometry":{"type":"LineString","coordinates":[[140.0675915,35.7025792],[140.0676221,35.7047033],[140.0658001,35.7047922]]},"properties":{"name":"tokyo_line_1813","loading_pct":25.7,"p_mw":17.2,"synthetic":false,"tie":false}},{"type":"Feature","geometry":{"type":"LineString","coordinates":[[140.0675915,35.7025792],[140.0663856,35.7023554],[140.0663023,35.702532]]},"properties":{"name":"tokyo_line_1814","loading_pct":25.7,"p_mw":17.2,"synthetic":false,"tie":false}},{"type":"Feature","geometry":{"type":"LineString","coordinates":[[139.9323876,35.7143395],[139.9312092,35.7149934]]},"properties":{"name":"tokyo_line_1815","loading_pct":84.3,"p_mw":728.7,"synthetic":false,"tie":false}},{"type":"Feature","geometry":{"type":"LineString","coordinates":[[140.3501373,35.8232272],[140.352913,35.8224176],[140.3564975,35.8240449],[140.3591461,35.8252959],[140.3598637,35.8265461]]},"properties":{"name":"tokyo_line_1816","loading_pct":25.5,"p_mw":17.2,"synthetic":false,"tie":false}},{"type":"Feature","geometry":{"type":"LineString","coordinates":[[140.3501373,35.8232272],[140.3491467,35.8209871],[140.350038,35.8182386],[140.3525185,35.8168284],[140.3529006,35.8143421],[140.3540454,35.8124819],[140.3539144,35.8110009],[140.355387,35.8103679]]},"properties":{"name":"tokyo_line_1817","loading_pct":25.5,"p_mw":17.2,"synthetic":false,"tie":false}},{"type":"Feature","geometry":{"type":"LineString","coordinates":[[139.7922236,35.7309376],[139.7925511,35.7317548]]},"properties":{"name":"tokyo_line_1818","loading_pct":95.4,"p_mw":-1262.6,"synthetic":false,"tie":false}},{"type":"Feature","geometry":{"type":"LineString","coordinates":[[139.7830409,35.7148205],[139.7830905,35.7127102],[139.7831349,35.7113981],[139.7831176,35.7112608],[139.7827867,35.7102984],[139.7822183,35.7085688],[139.7820486,35.7071397],[139.7817065,35.7051861],[139.7810653,35.702326]]},"properties":{"name":"tokyo_line_1819","loading_pct":95.3,"p_mw":1240.2,"synthetic":false,"tie":false}},{"type":"Feature","geometry":{"type":"LineString","coordinates":[[139.7669782,35.6951838],[139.7656377,35.6946973]]},"properties":{"name":"tokyo_line_1820","loading_pct":95.2,"p_mw":1194.3,"synthetic":false,"tie":false}},{"type":"Feature","geometry":{"type":"LineString","coordinates":[[139.7606359,35.6958945],[139.7603667,35.6959661]]},"properties":{"name":"tokyo_line_1821","loading_pct":95.2,"p_mw":1183.8,"synthetic":false,"tie":false}},{"type":"Feature","geometry":{"type":"LineString","coordinates":[[138.824071,36.55861],[138.8211098,36.5572613]]},"properties":{"name":"tokyo_line_1822","loading_pct":9.1,"p_mw":316.1,"synthetic":false,"tie":false}},{"type":"Feature","geometry":{"type":"LineString","coordinates":[[138.8451294,36.5408489],[138.8510644,36.5393131],[138.8551496,36.5382046],[138.8594738,36.5370712],[138.866434,36.5352009],[138.8729626,36.533442],[138.8777106,36.5332314],[138.8816956,36.5330952],[138.8881779,36.5328722],[138.8938895,36.5339808],[138.8996473,36.5350956],[138.9041179,36.5363404],[138.9087349,36.5375295],[138.9139686,36.5373313],[138.918285,36.5361361],[138.9229714,36.5347798],[138.926887,36.5336526],[138.9322517,36.5341047],[138.9374776,36.5345692],[138.9428809,36.5336712],[138.9478147,36.5310494]]},"properties":{"name":"tokyo_line_1825","loading_pct":2.5,"p_mw":-84.8,"synthetic":false,"tie":false}},{"type":"Feature","geometry":{"type":"LineString","coordinates":[[138.5981443,37.4252654],[138.6006992,37.424457],[138.6025893,37.4228575],[138.6047692,37.4189794],[138.6071041,37.4162712],[138.6070152,37.4125444],[138.6101804,37.4096123],[138.6116629,37.406262],[138.6134864,37.4030941],[138.6176819,37.4005798],[138.6218789,37.3976371],[138.623208,37.3946603],[138.6245245,37.3916686],[138.6256156,37.38895],[138.6268372,37.3859722],[138.627442,37.3828435],[138.6302707,37.3792623],[138.6325893,37.3755066],[138.6319014,37.3700965],[138.6329807,37.3654496],[138.6335737,37.3630977],[138.6343387,37.358719],[138.6361296,37.3534821],[138.6371792,37.351012],[138.6416208,37.3479667],[138.6458726,37.3443226],[138.655352,37.3320726],[138.6571423,37.3289316],[138.6592402,37.3257967],[138.660906,37.3233023],[138.6633514,37.3188483],[138.6651431,37.315397],[138.6670887,37.3105501],[138.6714723,37.3068916],[138.6723958,37.3036352],[138.6735939,37.2981309],[138.6716026,37.294664],[138.6705005,37.289506],[138.6704553,37.28617],[138.670606,37.2854876],[138.6708074,37.2824633],[138.6694801,37.2794941],[138.6693163,37.2749282],[138.6690888,37.2726504],[138.6716859,37.2684189],[138.6755341,37.2643305],[138.6776288,37.2609435],[138.6805102,37.2585823],[138.6833443,37.2549158],[138.6839174,37.2486411],[138.6854674,37.2426478],[138.6887374,37.2368753],[138.6924257,37.2321383],[138.6980831,37.2285892],[138.6998651,37.2275352],[138.7025824,37.2259278],[138.7054453,37.2206868],[138.7070363,37.2190664],[138.7093808,37.2166787],[138.7121584,37.2145205],[138.7145591,37.2127621],[138.7172133,37.2088903],[138.7197447,37.2046903],[138.7194917,37.201688],[138.7195515,37.1950795],[138.7180141,37.1903269],[138.7180367,37.1872544],[138.717798,37.1824071],[138.7196498,37.1799159],[138.719928,37.1774148],[138.7195005,37.1729094],[138.7187333,37.1685114],[138.7164206,37.1641283],[138.7164514,37.1603594],[138.717302,37.1561226],[138.7157843,37.1521326],[138.7144775,37.1491708],[138.7146408,37.1459591],[138.7149906,37.1406147],[138.7151876,37.1357788],[138.7142741,37.1321035],[138.713196,37.1277665],[138.7123587,37.1244801],[138.712285,37.1241909],[138.7122194,37.1239335],[138.7107518,37.1197008],[138.7080604,37.1156323],[138.7077574,37.1114702],[138.7087837,37.1077836],[138.7095385,37.1049173],[138.7095761,37.1047096],[138.7103313,37.1005351],[138.7108733,37.0976657],[138.712469,37.0936407],[138.7141552,37.0914162],[138.7178948,37.0896245],[138.721501,37.0879894],[138.7245056,37.0854413],[138.726539,37.0822933],[138.7261264,37.0776833],[138.7267204,37.0737226],[138.727311,37.0696663],[138.7265965,37.066203],[138.7265377,37.0659287],[138.7264476,37.065508],[138.7257994,37.0624824],[138.7251085,37.0591658],[138.7242871,37.0554722],[138.7227962,37.0515921],[138.7213499,37.0478673],[138.7199164,37.0439505],[138.7185227,37.0403267],[138.7172974,37.0358226],[138.7162108,37.0320142],[138.7140001,37.0287694],[138.7110505,37.0261968],[138.7073027,37.0229731],[138.7032394,37.0194472],[138.6995973,37.0161062],[138.6975707,37.0130147],[138.6974884,37.009211],[138.6973986,37.0053964],[138.6970595,37.0015408],[138.6967698,36.9979492],[138.6966721,36.9937375],[138.6965809,36.9897979],[138.6963315,36.9858756],[138.6969344,36.9820652],[138.6975101,36.9784265],[138.6980346,36.9745004],[138.6987201,36.970805],[138.7019119,36.967493],[138.7040828,36.9651858],[138.7067389,36.9613899],[138.7080023,36.9569167],[138.7083471,36.9537764],[138.7087777,36.9499936],[138.7092172,36.9461843],[138.7106045,36.9424497],[138.7116654,36.9366335],[138.7125084,36.9328583],[138.716377,36.9296115],[138.720527,36.9260452],[138.7221248,36.9237947],[138.7239654,36.921334],[138.7255538,36.9190916],[138.7308724,36.9163268],[138.7381267,36.9125465],[138.7445547,36.9091781],[138.7474351,36.9060998],[138.7496107,36.9029585],[138.752233,36.8980074],[138.7558704,36.8920633],[138.7565404,36.8884458],[138.7563566,36.8851615],[138.7548631,36.8809272],[138.7531093,36.8758958],[138.7502141,36.8720772],[138.7469772,36.8664358],[138.7480728,36.8630052],[138.7490318,36.8600243],[138.7501274,36.8566019],[138.7501064,36.852456],[138.7501037,36.8500898],[138.7501395,36.8467936],[138.7487277,36.8439426],[138.7494358,36.8393947],[138.7466912,36.8333937]]},"properties":{"name":"tokyo_line_1828","loading_pct":2.2,"p_mw":-1.7,"synthetic":false,"tie":false}},{"type":"Feature","geometry":{"type":"LineString","coordinates":[[138.7466912,36.8333937],[138.7514521,36.8360661]]},"properties":{"name":"tokyo_line_1829","loading_pct":1.7,"p_mw":-56.4,"synthetic":false,"tie":false}},{"type":"Feature","geometry":{"type":"LineString","coordinates":[[139.0567438,36.5653464],[139.0583642,36.5645811],[139.0610965,36.5645228]]},"properties":{"name":"tokyo_line_1833","loading_pct":92.6,"p_mw":361.6,"synthetic":false,"tie":false}},{"type":"Feature","geometry":{"type":"LineString","coordinates":[[139.037,36.3366669],[139.0366764,36.3387318],[139.0355903,36.340865]]},"properties":{"name":"tokyo_line_1840","loading_pct":38.4,"p_mw":-97.8,"synthetic":false,"tie":false}},{"type":"Feature","geometry":{"type":"LineString","coordinates":[[139.0713528,36.2934696],[139.0694398,36.2956537]]},"properties":{"name":"tokyo_line_1844","loading_pct":11.8,"p_mw":-31.3,"synthetic":false,"tie":false}},{"type":"Feature","geometry":{"type":"LineString","coordinates":[[139.0821915,36.2766505],[139.0844996,36.2738725],[139.0855729,36.2726244],[139.0877051,36.2700443]]},"properties":{"name":"tokyo_line_1845","loading_pct":34.4,"p_mw":91.6,"synthetic":false,"tie":false}},{"type":"Feature","geometry":{"type":"LineString","coordinates":[[139.0748093,36.2677016],[139.0757105,36.2664505]]},"properties":{"name":"tokyo_line_1846","loading_pct":3.3,"p_mw":-2.2,"synthetic":false,"tie":false}},{"type":"Feature","geometry":{"type":"LineString","coordinates":[[139.0643687,36.2596543],[139.0613647,36.2595862]]},"properties":{"name":"tokyo_line_1847","loading_pct":10.7,"p_mw":7.0,"synthetic":false,"tie":false}},{"type":"Feature","geometry":{"type":"LineString","coordinates":[[139.0300121,35.9593948],[139.0252112,35.9605904],[139.0221803,35.9614192],[139.018669,35.9604558],[139.0156907,35.9606909],[139.0115923,35.9615042],[139.0101543,35.9617905],[139.0093985,35.9619414],[139.00649,35.9626963],[139.0040308,35.9633299],[139.0018072,35.9635245],[138.9991848,35.96388],[138.9949001,35.9644386],[138.9914503,35.9648405],[138.9893879,35.9650343],[138.987159,35.9653008],[138.9855306,35.9654886],[138.9826013,35.9664482],[138.9809106,35.9665063],[138.9788678,35.9660998],[138.9771845,35.9655156],[138.973511,35.9643922],[138.9728346,35.9627631],[138.9725197,35.9624942],[138.9717553,35.9619306],[138.9707373,35.961443],[138.9682026,35.9602444],[138.962755,35.9578728]]},"properties":{"name":"tokyo_line_1848","loading_pct":86.1,"p_mw":57.6,"synthetic":false,"tie":false}},{"type":"Feature","geometry":{"type":"LineString","coordinates":[[138.7964062,36.4051746],[138.7937406,36.4027103],[138.7911869,36.4003297],[138.7885198,36.3954312],[138.785997,36.3933769],[138.7833055,36.3895766],[138.7805783,36.3859125],[138.7771721,36.3835801],[138.7753504,36.3789333],[138.7734586,36.3741659],[138.7721165,36.3704491],[138.7690138,36.3672512],[138.7670902,36.3643144],[138.7639646,36.3620119],[138.7622654,36.3589162],[138.7603177,36.3554014],[138.7589931,36.3513066],[138.7601347,36.3490132],[138.7618816,36.3457329],[138.7630145,36.3434603],[138.7648663,36.3398679],[138.7670273,36.3376398],[138.7704713,36.3340714]]},"properties":{"name":"tokyo_line_1849","loading_pct":31.2,"p_mw":142.5,"synthetic":false,"tie":false}},{"type":"Feature","geometry":{"type":"LineString","coordinates":[[138.8027716,36.4283592],[138.8007814,36.4312445],[138.7988529,36.4340348],[138.7961465,36.437973],[138.7938076,36.4413348],[138.7930673,36.4424525],[138.7913319,36.4448928],[138.7899426,36.4469469],[138.7890306,36.4482522],[138.7878719,36.4499394],[138.786681,36.4523493],[138.7859702,36.4537473],[138.7845057,36.4566554],[138.7835079,36.4607564],[138.7828293,36.4646004],[138.7823197,36.4673248],[138.7818369,36.4696479],[138.7800211,36.4791293],[138.7792593,36.4834167],[138.7796375,36.4861102],[138.7800372,36.4891076],[138.7802276,36.4905675],[138.7806219,36.4936058],[138.7809169,36.4957405],[138.7813058,36.4987376],[138.7816974,36.5017863],[138.7820005,36.5045439],[138.7824377,36.5077023],[138.7825799,36.5088622],[138.7830976,36.5134002],[138.7836742,36.515045],[138.7843528,36.5175305],[138.7851763,36.5206776],[138.7862411,36.5243699],[138.7874347,36.5287928],[138.78777,36.5298812],[138.7877727,36.5319352],[138.7876064,36.5342994],[138.7873757,36.5380234],[138.7845406,36.5407129],[138.7828937,36.5422817],[138.7804931,36.5446241],[138.7787819,36.545792],[138.7771404,36.5469103]]},"properties":{"name":"tokyo_line_1850","loading_pct":2.7,"p_mw":-0.1,"synthetic":false,"tie":false}},{"type":"Feature","geometry":{"type":"LineString","coordinates":[[138.8159439,36.4159599],[138.8186583,36.4137863],[138.8217106,36.4113148],[138.8254201,36.4094454],[138.8281077,36.4080855],[138.830578,36.406855],[138.8343358,36.4057476],[138.8398451,36.404094],[138.8430047,36.4031635],[138.8469663,36.4020086],[138.8509368,36.40136],[138.8537201,36.4009054],[138.8582557,36.4015919],[138.8630408,36.4014365],[138.8657016,36.4013652],[138.8716561,36.3993877],[138.8752422,36.3982392],[138.8786808,36.3970668],[138.880569,36.3962831],[138.8832808,36.3951691],[138.8874757,36.393444],[138.8894445,36.3925912],[138.8937736,36.3908574]]},"properties":{"name":"tokyo_line_1851","loading_pct":19.9,"p_mw":-21.0,"synthetic":false,"tie":false}},{"type":"Feature","geometry":{"type":"LineString","coordinates":[[138.7514919,36.3289901],[138.7496145,36.3307486],[138.7524185,36.3321549],[138.7524192,36.334446],[138.7516615,36.3356622]]},"properties":{"name":"tokyo_line_1854","loading_pct":39.2,"p_mw":103.4,"synthetic":false,"tie":false}},{"type":"Feature","geometry":{"type":"LineString","coordinates":[[139.0203698,36.3075059],[139.0221288,36.3048364]]},"properties":{"name":"tokyo_line_1856","loading_pct":82.2,"p_mw":50.9,"synthetic":false,"tie":false}},{"type":"Feature","geometry":{"type":"LineString","coordinates":[[139.0168004,36.3205099],[139.0165472,36.321738]]},"properties":{"name":"tokyo_line_1857","loading_pct":104.3,"p_mw":-68.0,"synthetic":false,"tie":false}},{"type":"Feature","geometry":{"type":"LineString","coordinates":[[138.95605,36.2578014],[138.9531894,36.2578637],[138.9498253,36.2579676],[138.9465577,36.2580627]]},"properties":{"name":"tokyo_line_1859","loading_pct":67.3,"p_mw":44.3,"synthetic":false,"tie":false}},{"type":"Feature","geometry":{"type":"LineString","coordinates":[[138.9178745,36.2588627],[138.9146784,36.2577781]]},"properties":{"name":"tokyo_line_1861","loading_pct":68.6,"p_mw":45.1,"synthetic":false,"tie":false}},{"type":"Feature","geometry":{"type":"LineString","coordinates":[[139.5344588,36.0525955],[139.5359726,36.0510916],[139.5376763,36.0497264],[139.5393605,36.0483651],[139.5410513,36.0469988],[139.5423022,36.045319],[139.5435785,36.0436069],[139.5447583,36.0420213],[139.5459378,36.0404365],[139.5464648,36.0386989],[139.5469575,36.0369485],[139.5483405,36.0354103],[139.5497173,36.0338487],[139.5510798,36.0322295]]},"properties":{"name":"tokyo_line_1868","loading_pct":47.5,"p_mw":-10.9,"synthetic":false,"tie":false}},{"type":"Feature","geometry":{"type":"LineString","coordinates":[[139.5259292,36.047202],[139.5274285,36.0455839],[139.5285939,36.04432],[139.529652,36.043176]]},"properties":{"name":"tokyo_line_1869","loading_pct":121.1,"p_mw":100.7,"synthetic":false,"tie":false}},{"type":"Feature","geometry":{"type":"LineString","coordinates":[[139.5607005,36.007711],[139.5594366,36.0058894]]},"properties":{"name":"tokyo_line_1874","loading_pct":46.9,"p_mw":-59.0,"synthetic":false,"tie":false}},{"type":"Feature","geometry":{"type":"LineString","coordinates":[[139.5600558,36.0149672],[139.5583546,36.0162551],[139.5570122,36.0171142],[139.5547879,36.0184243],[139.5532685,36.0195091],[139.5514151,36.0206848],[139.5497414,36.0217435],[139.5480007,36.0228304],[139.5462933,36.0241203],[139.5453077,36.0255116],[139.5441408,36.0271345],[139.542926,36.0288348]]},"properties":{"name":"tokyo_line_1876","loading_pct":102.0,"p_mw":-86.3,"synthetic":false,"tie":false}},{"type":"Feature","geometry":{"type":"LineString","coordinates":[[139.5766883,35.9940125],[139.5779678,35.9920792],[139.5790016,35.9905265],[139.5802386,35.988773],[139.5804895,35.988373],[139.5814638,35.9868196],[139.5827541,35.9848744],[139.5838572,35.9831978],[139.5850789,35.9813273],[139.5857951,35.9804169],[139.586819,35.9797118]]},"properties":{"name":"tokyo_line_1877","loading_pct":32.5,"p_mw":-5.4,"synthetic":false,"tie":false}},{"type":"Feature","geometry":{"type":"LineString","coordinates":[[139.6080847,35.9727326],[139.6099354,35.9705847]]},"properties":{"name":"tokyo_line_1878","loading_pct":4.8,"p_mw":-27.7,"synthetic":false,"tie":false}},{"type":"Feature","geometry":{"type":"LineString","coordinates":[[139.6179528,35.9719303],[139.6183958,35.9721201]]},"properties":{"name":"tokyo_line_1881","loading_pct":0.5,"p_mw":5.2,"synthetic":false,"tie":false}},{"type":"Feature","geometry":{"type":"LineString","coordinates":[[140.801794,37.3806394],[140.7980323,37.3790157],[140.7933354,37.3757444],[140.7892183,37.372827],[140.7851171,37.3683923],[140.7823262,37.3654264],[140.7805284,37.3600275],[140.7806063,37.3565499],[140.7807453,37.3533773],[140.7823132,37.3459084],[140.7811335,37.3412298],[140.7791436,37.333188],[140.7764105,37.330987],[140.772498,37.3279458],[140.7653187,37.3254248],[140.7605149,37.3234845],[140.7574289,37.3188739],[140.7558326,37.3143453],[140.7546028,37.3108135],[140.7496646,37.3071708],[140.7438902,37.3028513],[140.7376427,37.3001145],[140.73444,37.2973347],[140.7282628,37.2920783],[140.7249259,37.2880531],[140.7205258,37.2833162],[140.7165189,37.2788683],[140.7135811,37.2737031],[140.7102406,37.2677004],[140.7051864,37.2630162],[140.7021786,37.2602676],[140.697216,37.2556912],[140.6927229,37.2514837],[140.6888632,37.2483614],[140.6846976,37.2439712],[140.6819576,37.2397234],[140.6798371,37.2365575],[140.6759937,37.2330684],[140.6721053,37.2295431],[140.6672898,37.2258363],[140.6603856,37.2226586],[140.6553884,37.220328],[140.6516075,37.2185718],[140.6472493,37.2161621],[140.6420897,37.212544],[140.6359962,37.2084292],[140.6322993,37.2056932],[140.6282244,37.2028252],[140.6225735,37.1988613],[140.619617,37.1965281],[140.6151533,37.1938011],[140.6106587,37.1909951],[140.6076491,37.1862203],[140.6038605,37.1838689],[140.5975334,37.1799308],[140.5890006,37.1783506],[140.5827074,37.1751964],[140.5763829,37.1720243],[140.5697851,37.1703984],[140.5643651,37.1679454],[140.5614151,37.1642006],[140.5584107,37.1604452],[140.5556867,37.1564286],[140.5504983,37.1515919],[140.5464541,37.1464151],[140.5428691,37.1417561],[140.5406689,37.1379264],[140.5363894,37.1351067],[140.5307833,37.1304438],[140.5261647,37.1282071],[140.5215257,37.1259141],[140.5174003,37.1228432],[140.5122094,37.1189795],[140.5071668,37.1174291],[140.4985769,37.1154047],[140.4940165,37.1123328],[140.491713,37.1094544],[140.4889869,37.106206],[140.4857046,37.1039251],[140.4814072,37.1008952],[140.4775338,37.0981061],[140.4728654,37.0932531],[140.4685711,37.0897498],[140.4625525,37.084738],[140.4580642,37.083014],[140.4530769,37.0820107],[140.4496473,37.0813619],[140.4431697,37.0833238],[140.4379073,37.082099],[140.434092,37.0781518],[140.4289798,37.074637],[140.4256826,37.0724139],[140.4202241,37.0682756],[140.4147429,37.0646943],[140.4103414,37.0649802],[140.4051872,37.0643002],[140.4008013,37.0612282],[140.3952461,37.0587077],[140.3909259,37.0577647],[140.3864331,37.0563043],[140.3821055,37.0537157],[140.376921,37.0515096],[140.3723274,37.0495543],[140.3664621,37.0475538],[140.3614093,37.0432793],[140.3578615,37.0384503],[140.3573235,37.0352308],[140.352188,37.029485],[140.3467238,37.0243415],[140.3408418,37.0193952],[140.3320807,37.0182159],[140.3233826,37.0189491],[140.3167541,37.0172578],[140.3113358,37.0133873],[140.3066778,37.0108352],[140.2978868,37.0061667],[140.2913278,37.0041986],[140.2828861,37.0002347],[140.2789426,36.998464],[140.2730354,36.9951077],[140.266439,36.988191],[140.2594578,36.9826928],[140.2502869,36.9793766],[140.2433682,36.9770253],[140.2405007,36.9736871],[140.2387641,36.9675874],[140.2358605,36.961748],[140.2342432,36.953614],[140.2336551,36.9505766],[140.2326039,36.9431254],[140.2269455,36.9368672],[140.2214625,36.9329515],[140.2158039,36.9288376],[140.2097987,36.9245624],[140.2073256,36.9195537],[140.2050829,36.9144504],[140.20293,36.9094466],[140.2024036,36.9032596],[140.2024063,36.8973418],[140.202661,36.8939793],[140.2032925,36.8913269],[140.2040753,36.8880603],[140.2056028,36.8826263],[140.2054303,36.8771275],[140.2034856,36.870897],[140.2019428,36.865913],[140.1957126,36.8621918],[140.1911407,36.8577608],[140.1894593,36.8546823],[140.184365,36.8501417],[140.1820409,36.844321],[140.1794473,36.837915],[140.1789898,36.8321752],[140.1771168,36.8275377],[140.1752612,36.8230098],[140.1718134,36.8177759],[140.1684368,36.8140089],[140.1649918,36.8116226],[140.1614932,36.8091797],[140.154712,36.8079939],[140.1503613,36.8052578],[140.1482419,36.8027926],[140.1423829,36.801776],[140.1363695,36.800761],[140.1291194,36.8030014],[140.1238099,36.802578],[140.1168648,36.8016104],[140.1114012,36.800042],[140.1063497,36.7985132],[140.1016443,36.7969713],[140.0972232,36.7955356],[140.0909834,36.7969438],[140.0862039,36.7987366],[140.0821949,36.8011278],[140.0773824,36.8023094],[140.072572,36.8035204],[140.0686333,36.8054848],[140.0638729,36.8091674],[140.061046,36.8113739],[140.0559123,36.8133279],[140.0509318,36.8131311],[140.046426,36.8129753],[140.0402327,36.8122395],[140.0344657,36.8116366],[140.0271952,36.810868],[140.023335,36.8075626],[140.0200177,36.8047391],[140.0180095,36.8018401],[140.0122152,36.7995402],[140.0054979,36.7962455],[139.9979895,36.7950894],[139.9925517,36.7933336],[139.9879906,36.790822],[139.9828138,36.78793],[139.97789,36.7860084]]},"properties":{"name":"tokyo_line_1883","loading_pct":126.1,"p_mw":4167.8,"synthetic":false,"tie":false}},{"type":"Feature","geometry":{"type":"LineString","coordinates":[[139.9640712,36.7794893],[139.9602737,36.7777019],[139.9548235,36.7752528],[139.9539008,36.7721848],[139.9528065,36.7688416],[139.9477355,36.7682061],[139.9445775,36.7678103],[139.9390307,36.7671227],[139.934973,36.7666545],[139.9296858,36.7664437],[139.921253,36.7660226],[139.9165645,36.7659796],[139.9125626,36.7659538],[139.9083998,36.7659195],[139.9041619,36.7659023],[139.8985186,36.764381],[139.891856,36.7630402],[139.8853114,36.7616993],[139.8812666,36.7608226],[139.8764386,36.7597224],[139.8726084,36.7586566],[139.8691108,36.7571179],[139.8665783,36.7548057],[139.8632743,36.7517282],[139.8608127,36.7485905],[139.8588876,36.7460208],[139.8563797,36.7432659],[139.8530511,36.7421215],[139.8503452,36.7412302],[139.84889,36.7379156],[139.8492088,36.7323927],[139.8496165,36.7254018],[139.8497777,36.7217351],[139.8489802,36.716157],[139.8454453,36.7142127]]},"properties":{"name":"tokyo_line_1886","loading_pct":94.6,"p_mw":3267.4,"synthetic":false,"tie":false}},{"type":"Feature","geometry":{"type":"LineString","coordinates":[[139.9819562,36.786398],[139.9850037,36.7877728],[139.9882702,36.789278],[139.992986,36.7913127],[139.999198,36.7929967],[140.005646,36.7944401],[140.0096693,36.7953766],[140.0134024,36.7978594],[140.0186166,36.8013817],[140.0219753,36.8044653],[140.0266531,36.8081935],[140.0298073,36.809933],[140.0356438,36.8098965],[140.03982,36.8109272],[140.0461178,36.8108907],[140.0506616,36.8109422],[140.0547519,36.8106438],[140.0586647,36.8092719],[140.0647834,36.8075643],[140.0689837,36.8043322],[140.0738224,36.8022705],[140.0785109,36.8008852],[140.0829038,36.7992727],[140.0870505,36.7976962],[140.0911603,36.7961675],[140.0960043,36.7945174],[140.1010039,36.7942683],[140.1054993,36.7924726],[140.1092579,36.7895309],[140.1127547,36.7877684],[140.1162925,36.7863765],[140.1203233,36.7856053],[140.1265758,36.7852383],[140.1299498,36.785049],[140.136666,36.7854313],[140.1405981,36.7873819],[140.1442808,36.7906469],[140.1483067,36.7942554],[140.1514798,36.7984092],[140.1553663,36.8016481],[140.1592408,36.8048504],[140.1638951,36.8088047],[140.1660797,36.8105898],[140.170344,36.8124627],[140.1743819,36.8141658],[140.1788063,36.8132634],[140.1842302,36.8148508],[140.1880942,36.8175359],[140.1933729,36.8193265],[140.1974252,36.8208525],[140.2023833,36.8237232],[140.2055455,36.8253788],[140.2102133,36.8278114],[140.2182945,36.8296666],[140.2227447,36.8306804],[140.2272196,36.8317637],[140.2312409,36.832251],[140.2353529,36.8327492],[140.2419406,36.833467],[140.2460392,36.8346895],[140.2486897,36.8360853],[140.2514897,36.8382575],[140.2535365,36.8417372],[140.2557947,36.8440166],[140.257623,36.8458128],[140.2606226,36.8492055],[140.2673306,36.8493568],[140.2701575,36.8506564],[140.2769676,36.8528124],[140.2812021,36.8543639],[140.2842794,36.8553861],[140.2881468,36.8567639],[140.2948166,36.8589759],[140.3009426,36.861003],[140.3051446,36.86241],[140.3098698,36.8666775],[140.3138672,36.869844],[140.3198879,36.872906],[140.3229869,36.8743493],[140.3272465,36.8766224],[140.3304072,36.8790227],[140.3354582,36.8821162],[140.3387315,36.8843134],[140.343182,36.8853394],[140.3461165,36.8873886],[140.3488039,36.8893402],[140.3536181,36.8932964],[140.3567719,36.8958047],[140.3606631,36.8988004],[140.3648254,36.9008094],[140.3675632,36.9019535],[140.3703132,36.9031699],[140.3747272,36.9069695],[140.3767899,36.9089975],[140.3829525,36.9105363],[140.3860769,36.9121941],[140.3888825,36.9144255],[140.3915374,36.9165371],[140.3955928,36.9200577],[140.3995365,36.9235413],[140.4032646,36.9251854],[140.4081109,36.9275029],[140.4115999,36.9292636],[140.4160408,36.9312324],[140.4195701,36.9328107],[140.4247334,36.9351149],[140.4274062,36.9368636],[140.4308153,36.9394371],[140.4334122,36.941664],[140.4369518,36.9450401],[140.4430358,36.9484455],[140.4446052,36.9509129],[140.44659,36.9536811],[140.4483581,36.9561248],[140.4500402,36.9585519],[140.4515022,36.9614875],[140.4524997,36.9635681],[140.4547081,36.9675616],[140.4579347,36.9732313],[140.4592488,36.9758915],[140.4608535,36.9809934],[140.4616629,36.98436],[140.4632982,36.9881652],[140.464678,36.9908275],[140.4661581,36.993832],[140.4672506,36.9981926],[140.4694516,37.0011102],[140.4709691,37.0042424],[140.4733382,37.0083205],[140.4748535,37.0108538],[140.4762901,37.0132637],[140.4763027,37.0160107],[140.4763752,37.0191876],[140.4763972,37.0223645],[140.476476,37.0257575],[140.4765012,37.0286247],[140.476516,37.031401],[140.4769118,37.034957],[140.4793231,37.0392839],[140.4805824,37.0420741],[140.4815761,37.0442997],[140.4831984,37.0481843],[140.4850134,37.0521173],[140.4865242,37.0555969],[140.4876396,37.0599988],[140.4884305,37.0630007],[140.4881567,37.0655089],[140.488248,37.068462],[140.4883899,37.0714069],[140.4885473,37.0743057],[140.488699,37.0778718],[140.4899867,37.0817304],[140.4908384,37.0844159],[140.4942372,37.087574],[140.496777,37.0899337],[140.4991303,37.0921202],[140.502369,37.094866],[140.5050816,37.0983558],[140.5115714,37.1016464],[140.5124707,37.1038495],[140.5152072,37.1080695],[140.5175288,37.1116103],[140.5197778,37.1151741],[140.5235649,37.1196865],[140.5276131,37.1246729],[140.5306456,37.1280625],[140.5342586,37.1301101],[140.53777,37.1328055],[140.5407735,37.1357783],[140.5465145,37.1411997],[140.5525349,37.1447561],[140.5569915,37.1471911],[140.5593285,37.1498258],[140.564624,37.1535268],[140.5684653,37.156241],[140.5722743,37.1588779],[140.5768015,37.1621064],[140.5817645,37.163219],[140.5853153,37.1641258],[140.59048,37.1655213],[140.5955042,37.166997],[140.5990506,37.1684387],[140.6026015,37.1699444],[140.6072551,37.1718099],[140.6112023,37.1734546],[140.6160049,37.1746144],[140.6205114,37.175879],[140.625832,37.1773533],[140.6311402,37.1788357],[140.6350978,37.179966],[140.6383667,37.1801543],[140.6414505,37.1804],[140.646549,37.1802362],[140.650558,37.1786474],[140.6535287,37.1775007],[140.6589665,37.1753139],[140.6646443,37.1731143],[140.6708408,37.1720874],[140.6772844,37.1704415],[140.6822098,37.169077],[140.6869234,37.167839],[140.690481,37.1663518],[140.6947066,37.1649112],[140.6979945,37.1628493],[140.702254,37.1602921],[140.7054628,37.158005],[140.7091799,37.1554206],[140.7118351,37.1526741],[140.7147106,37.1482011],[140.7172264,37.1444226],[140.7190022,37.1430671]]},"properties":{"name":"tokyo_line_1887","loading_pct":2.7,"p_mw":1.7,"synthetic":false,"tie":false}},{"type":"Feature","geometry":{"type":"LineString","coordinates":[[139.833405,36.770685],[139.8303205,36.7719354],[139.8270589,36.7730226],[139.8247254,36.7738519],[139.8207718,36.775171],[139.8168504,36.7750206],[139.8136854,36.7762495],[139.8103085,36.7759724],[139.8068377,36.775663],[139.8034582,36.7753407],[139.7993544,36.7742945],[139.7960821,36.7734523],[139.7928259,36.7726143],[139.7882071,36.7714305],[139.7843179,36.7704336],[139.7822124,36.7699007],[139.779812,36.769268],[139.775421,36.7699512],[139.7726744,36.7703111],[139.7712099,36.7705045]]},"properties":{"name":"tokyo_line_1890","loading_pct":101.2,"p_mw":200.2,"synthetic":false,"tie":false}},{"type":"Feature","geometry":{"type":"LineString","coordinates":[[139.8376912,36.7803614],[139.8374927,36.7822992],[139.8372191,36.7848125],[139.8367953,36.7885245],[139.8364037,36.7921245],[139.8351994,36.7949148],[139.8337591,36.7982545],[139.832316,36.8017295],[139.8313129,36.8104701],[139.8299771,36.8151857],[139.8299986,36.8181919],[139.8303848,36.8217261],[139.8316991,36.8262693],[139.8340702,36.8360418],[139.8353523,36.8404339],[139.8358565,36.8428852],[139.8373371,36.8492258],[139.8370314,36.8524967],[139.836688,36.8560337],[139.8363474,36.8599803],[139.8358672,36.8643539],[139.8342687,36.8688034],[139.8328418,36.8727869],[139.8327492,36.8774638],[139.8334372,36.8822896],[139.8338557,36.8850442],[139.8348588,36.8908665],[139.8367953,36.8941635],[139.837954,36.8962786],[139.838925,36.8980182],[139.8415241,36.9026769],[139.8432192,36.9058383],[139.8456708,36.9093857],[139.8486936,36.9115024],[139.851703,36.9136277],[139.8559945,36.9154462],[139.858886,36.9160832],[139.8615521,36.9170139],[139.865216,36.9183627],[139.8695612,36.9198595],[139.8759341,36.9235455],[139.8789462,36.9262451],[139.8810437,36.9284686],[139.8827684,36.9303253],[139.8858422,36.934637],[139.8860031,36.9379386]]},"properties":{"name":"tokyo_line_1891","loading_pct":32.1,"p_mw":73.3,"synthetic":false,"tie":false}},{"type":"Feature","geometry":{"type":"LineString","coordinates":[[139.8503137,36.7586822],[139.8528197,36.7567809],[139.8549922,36.7551202],[139.8566319,36.7538676],[139.8575035,36.7520932],[139.8582447,36.7506048],[139.8590954,36.7488857],[139.8599679,36.7471511],[139.8607928,36.7454834],[139.8616455,36.7438084],[139.863676,36.7421151],[139.8655403,36.7405066]]},"properties":{"name":"tokyo_line_1892","loading_pct":85.2,"p_mw":57.5,"synthetic":false,"tie":false}},{"type":"Feature","geometry":{"type":"LineString","coordinates":[[139.8621046,36.7781788],[139.8645562,36.7794849],[139.8671633,36.7808341],[139.8700064,36.7824452],[139.8714387,36.7834248],[139.8732734,36.7848211],[139.8767334,36.7873387],[139.8803285,36.7899512],[139.8827367,36.7911647],[139.8855123,36.792889],[139.8888739,36.795092]]},"properties":{"name":"tokyo_line_1893","loading_pct":40.0,"p_mw":27.2,"synthetic":false,"tie":false}},{"type":"Feature","geometry":{"type":"LineString","coordinates":[[139.8530168,36.6624311],[139.8585947,36.6622545],[139.8639231,36.6620313],[139.8682572,36.6617932],[139.8737625,36.6615592],[139.8788878,36.6621169],[139.8824116,36.6625226],[139.8865614,36.6630181],[139.8916479,36.6636168],[139.8961715,36.6618576],[139.8998661,36.660412]]},"properties":{"name":"tokyo_line_1899","loading_pct":76.5,"p_mw":-1369.1,"synthetic":false,"tie":false}},{"type":"Feature","geometry":{"type":"LineString","coordinates":[[139.8257036,36.6555354],[139.8249295,36.6519567],[139.8245519,36.6480061],[139.8243941,36.644743],[139.8243154,36.6408855]]},"properties":{"name":"tokyo_line_1900","loading_pct":38.8,"p_mw":103.1,"synthetic":false,"tie":false}},{"type":"Feature","geometry":{"type":"LineString","coordinates":[[139.3922299,36.3638266],[139.393899,36.3624933]]},"properties":{"name":"tokyo_line_1901","loading_pct":17.0,"p_mw":-33.8,"synthetic":false,"tie":false}},{"type":"Feature","geometry":{"type":"LineString","coordinates":[[139.3785567,36.3749775],[139.3776341,36.3776091],[139.3768417,36.3798127],[139.3757956,36.3828704],[139.3749254,36.3851552],[139.3737836,36.3866148],[139.3711263,36.3879115],[139.3685372,36.3891539],[139.3665746,36.390494],[139.3646423,36.3918166],[139.3623391,36.393404],[139.3600922,36.3944069]]},"properties":{"name":"tokyo_line_1902","loading_pct":41.3,"p_mw":108.7,"synthetic":false,"tie":false}},{"type":"Feature","geometry":{"type":"LineString","coordinates":[[139.3753419,36.3659032],[139.3726896,36.3608393],[139.370328,36.3564684],[139.3659048,36.3563572],[139.3606732,36.3550279],[139.3564325,36.3542296],[139.3511473,36.3552686],[139.3472738,36.3529195],[139.345259,36.3493573],[139.3447958,36.3459038],[139.3431286,36.3412326]]},"properties":{"name":"tokyo_line_1903","loading_pct":82.9,"p_mw":379.1,"synthetic":false,"tie":false}},{"type":"Feature","geometry":{"type":"LineString","coordinates":[[139.5550373,35.9893726],[139.5562711,35.9884697]]},"properties":{"name":"tokyo_line_1904","loading_pct":46.2,"p_mw":-76.3,"synthetic":false,"tie":false}},{"type":"Feature","geometry":{"type":"LineString","coordinates":[[139.5732688,35.9726107],[139.5767068,35.9702968]]},"properties":{"name":"tokyo_line_1905","loading_pct":46.2,"p_mw":-93.5,"synthetic":false,"tie":false}},{"type":"Feature","geometry":{"type":"LineString","coordinates":[[139.5823578,35.9518106],[139.5832678,35.9504444]]},"properties":{"name":"tokyo_line_1906","loading_pct":25.7,"p_mw":17.2,"synthetic":false,"tie":false}},{"type":"Feature","geometry":{"type":"LineString","coordinates":[[139.5853079,35.9511879],[139.586381,35.9496131],[139.5872743,35.9479598],[139.587691,35.9465772],[139.588741,35.9449404]]},"properties":{"name":"tokyo_line_1907","loading_pct":46.6,"p_mw":-54.4,"synthetic":false,"tie":false}},{"type":"Feature","geometry":{"type":"LineString","coordinates":[[139.5919521,35.9543563],[139.5936454,35.9515781],[139.5952292,35.94923],[139.5966221,35.9467103],[139.5981676,35.9435599],[139.5984148,35.9407102],[139.5979784,35.9382943],[139.5978471,35.9362106]]},"properties":{"name":"tokyo_line_1908","loading_pct":48.9,"p_mw":-73.7,"synthetic":false,"tie":false}},{"type":"Feature","geometry":{"type":"LineString","coordinates":[[139.4203227,36.0172813],[139.421975,36.019594],[139.4243936,36.0208696],[139.4264546,36.0219225],[139.4287792,36.0230916],[139.4315375,36.0245301],[139.4337382,36.0256593],[139.4363286,36.0269964],[139.4376699,36.0288121],[139.439328,36.0310581],[139.4407217,36.032928],[139.4406529,36.0345083],[139.4421724,36.0349358],[139.4436111,36.0368626],[139.4450481,36.0388226],[139.4464733,36.0407558],[139.4479432,36.0427444],[139.4499869,36.0442861],[139.4519511,36.0457543],[139.4529162,36.0480636],[139.4538446,36.0502167],[139.4548522,36.0525429],[139.4558603,36.0548013],[139.458181,36.0561221],[139.4604586,36.057415],[139.4629847,36.0588297],[139.4652073,36.0601019],[139.4667973,36.0618699],[139.4708247,36.0662336],[139.4745755,36.0702952],[139.4763953,36.0722987],[139.4810141,36.0745318]]},"properties":{"name":"tokyo_line_1910","loading_pct":95.2,"p_mw":-154.9,"synthetic":false,"tie":false}},{"type":"Feature","geometry":{"type":"LineString","coordinates":[[139.4203227,36.0172813],[139.4174449,36.0156807],[139.4151646,36.0144143],[139.4134094,36.0134587],[139.4126529,36.0121162],[139.4122299,36.0115799],[139.4104172,36.0077073]]},"properties":{"name":"tokyo_line_1911","loading_pct":100.1,"p_mw":79.8,"synthetic":false,"tie":false}},{"type":"Feature","geometry":{"type":"LineString","coordinates":[[139.4817813,36.0900839],[139.4802882,36.0914089],[139.4774723,36.0932332],[139.4755337,36.0944899],[139.4745937,36.0958192],[139.4745624,36.0958634]]},"properties":{"name":"tokyo_line_1912","loading_pct":102.1,"p_mw":157.1,"synthetic":false,"tie":false}},{"type":"Feature","geometry":{"type":"LineString","coordinates":[[139.4731799,36.0978166],[139.4745624,36.0958634]]},"properties":{"name":"tokyo_line_1915","loading_pct":115.7,"p_mw":-121.7,"synthetic":false,"tie":false}},{"type":"Feature","geometry":{"type":"LineString","coordinates":[[139.4731799,36.0978166],[139.4720495,36.0975652],[139.470291,36.0969577],[139.4681269,36.0962184]]},"properties":{"name":"tokyo_line_1916","loading_pct":152.5,"p_mw":55.5,"synthetic":false,"tie":false}},{"type":"Feature","geometry":{"type":"LineString","coordinates":[[139.4731799,36.0978166],[139.4726392,36.1008567],[139.472431,36.1020266],[139.4721798,36.1033774],[139.4717404,36.1052366],[139.4712937,36.1071235],[139.469094,36.1096121],[139.4668719,36.1121328],[139.4648949,36.1143834],[139.4628724,36.1166991],[139.4611076,36.1187076],[139.459364,36.1206953],[139.4574672,36.1228527],[139.4556442,36.1249339]]},"properties":{"name":"tokyo_line_1917","loading_pct":79.9,"p_mw":49.0,"synthetic":false,"tie":false}},{"type":"Feature","geometry":{"type":"LineString","coordinates":[[139.4539643,36.102491],[139.4442778,36.1063079]]},"properties":{"name":"tokyo_line_1918","loading_pct":80.0,"p_mw":52.6,"synthetic":false,"tie":false}},{"type":"Feature","geometry":{"type":"LineString","coordinates":[[139.0361355,36.3650845],[139.0343158,36.3640245]]},"properties":{"name":"tokyo_line_1921","loading_pct":62.7,"p_mw":165.9,"synthetic":false,"tie":false}},{"type":"Feature","geometry":{"type":"LineString","coordinates":[[139.056725,36.3697998],[139.0587819,36.3697594],[139.0609835,36.3697135]]},"properties":{"name":"tokyo_line_1922","loading_pct":64.4,"p_mw":-119.4,"synthetic":false,"tie":false}},{"type":"Feature","geometry":{"type":"LineString","coordinates":[[139.0767078,36.3694224],[139.0788023,36.3693639]]},"properties":{"name":"tokyo_line_1923","loading_pct":64.5,"p_mw":-248.7,"synthetic":false,"tie":false}},{"type":"Feature","geometry":{"type":"LineString","coordinates":[[139.095576,36.3727454],[139.096847,36.3738088]]},"properties":{"name":"tokyo_line_1925","loading_pct":65.3,"p_mw":-266.2,"synthetic":false,"tie":false}},{"type":"Feature","geometry":{"type":"LineString","coordinates":[[139.0172287,36.3552536],[139.0148294,36.3540055]]},"properties":{"name":"tokyo_line_1927","loading_pct":72.8,"p_mw":49.5,"synthetic":false,"tie":false}},{"type":"Feature","geometry":{"type":"LineString","coordinates":[[138.9836891,36.5105226],[138.9833743,36.507354],[138.9833955,36.5057282],[138.983217,36.5044474],[138.983203,36.502153],[138.9831875,36.499623],[138.9837491,36.497598],[138.984341,36.4956899],[138.9844244,36.495393],[138.9848259,36.4939636],[138.9853333,36.4921204],[138.9857628,36.4907543],[138.9865849,36.487698],[138.9880533,36.4842206],[138.990054,36.4794823],[138.990857,36.4775638],[138.9913926,36.4761728],[138.9920178,36.4746346],[138.9925447,36.4722021],[138.9917395,36.4707836],[138.9938439,36.4704128],[138.995643,36.4674875],[138.9966565,36.4657929],[138.9974707,36.4644537]]},"properties":{"name":"tokyo_line_1932","loading_pct":19.5,"p_mw":51.6,"synthetic":false,"tie":false}},{"type":"Feature","geometry":{"type":"LineString","coordinates":[[138.9933518,36.5116009],[138.9936646,36.5097309],[138.9940098,36.5078544],[138.9939451,36.5064671],[138.9927922,36.5016343],[138.9918899,36.5000428],[138.9923834,36.4980648],[138.9927128,36.4950511],[138.9923896,36.4919011],[138.9922879,36.4902163],[138.9930959,36.4884661],[138.994376,36.485913]]},"properties":{"name":"tokyo_line_1933","loading_pct":25.3,"p_mw":66.8,"synthetic":false,"tie":false}},{"type":"Feature","geometry":{"type":"LineString","coordinates":[[138.9839742,36.535],[138.983989,36.5373511],[138.9840567,36.539282],[138.9838035,36.5412426],[138.9835342,36.5432049],[138.983272,36.5451809],[138.9830541,36.5469628],[138.9825724,36.5485405],[138.9820857,36.5501686],[138.9815362,36.5521792],[138.9812615,36.5532918],[138.9804194,36.555964],[138.9801568,36.5573518],[138.9792985,36.5597605],[138.9783296,36.5614113],[138.9774341,36.5630658],[138.9765012,36.5649637],[138.9751591,36.5667553],[138.97408,36.5694633],[138.9737248,36.5715315],[138.9731345,36.5727554],[138.9727344,36.5746705],[138.9723415,36.5764303],[138.9718932,36.5781798],[138.971502,36.5799218],[138.9707609,36.5819581],[138.9704633,36.5831887],[138.9698981,36.5846479],[138.968995,36.5874152],[138.9686962,36.5882233],[138.9680267,36.5899982],[138.9675106,36.5915899],[138.9668528,36.593586],[138.9663327,36.5949691],[138.9659282,36.5967415],[138.9653524,36.5983272],[138.964744,36.6001853],[138.9641318,36.6020236],[138.9634788,36.6038701],[138.9626558,36.6062168],[138.9617761,36.6085017],[138.9609708,36.6111952],[138.9603557,36.6130395],[138.959743,36.6148877],[138.9591108,36.6167261],[138.9584269,36.618703],[138.9578595,36.6204731],[138.9572111,36.6222703],[138.95682,36.6235315],[138.9554683,36.6273116],[138.9543964,36.6291196],[138.952151,36.6326296],[138.9498885,36.6361849],[138.9487572,36.6379425],[138.9476174,36.6397511],[138.9463835,36.6415768],[138.9449518,36.6430112],[138.9429988,36.6447245],[138.9418193,36.6457504],[138.9401222,36.6471664],[138.9390573,36.6493047],[138.9381663,36.6510777],[138.9368435,36.6535955],[138.9352583,36.655696],[138.9333381,36.6579678],[138.9321932,36.6594235],[138.9301514,36.661834],[138.9292966,36.6647546],[138.9261369,36.6672505],[138.9217171,36.6718094],[138.9200109,36.6735477],[138.9177036,36.6771457],[138.9167158,36.6787882],[138.9154903,36.6807108],[138.9139651,36.6826997]]},"properties":{"name":"tokyo_line_1934","loading_pct":14.0,"p_mw":-37.0,"synthetic":false,"tie":false}},{"type":"Feature","geometry":{"type":"LineString","coordinates":[[139.0091051,36.4402264],[139.010256,36.4385978],[139.0114601,36.4369176],[139.0126614,36.4352503],[139.0138989,36.4335041],[139.0159376,36.4306541],[139.0177709,36.4280825],[139.0202045,36.4246339],[139.0221615,36.4222678]]},"properties":{"name":"tokyo_line_1935","loading_pct":41.3,"p_mw":109.0,"synthetic":false,"tie":false}},{"type":"Feature","geometry":{"type":"LineString","coordinates":[[139.0125213,36.4613687],[139.0121521,36.464782],[139.0107911,36.4679816]]},"properties":{"name":"tokyo_line_1936","loading_pct":25.5,"p_mw":-67.7,"synthetic":false,"tie":false}},{"type":"Feature","geometry":{"type":"LineString","coordinates":[[139.0272681,36.3994705],[139.027597,36.397466]]},"properties":{"name":"tokyo_line_1937","loading_pct":21.0,"p_mw":56.1,"synthetic":false,"tie":false}},{"type":"Feature","geometry":{"type":"LineString","coordinates":[[139.0086008,36.4723611],[139.0105191,36.4694064],[139.0107911,36.4679816]]},"properties":{"name":"tokyo_line_1940","loading_pct":25.7,"p_mw":68.2,"synthetic":false,"tie":false}},{"type":"Feature","geometry":{"type":"LineString","coordinates":[[139.0107911,36.4679816],[139.0126249,36.4687937],[139.0149933,36.4701397],[139.0167958,36.4711513]]},"properties":{"name":"tokyo_line_1941","loading_pct":3.7,"p_mw":-9.8,"synthetic":false,"tie":false}},{"type":"Feature","geometry":{"type":"LineString","coordinates":[[139.3847452,36.0040861],[139.3821787,36.0052365],[139.3804567,36.0066643],[139.3780022,36.0091374],[139.3757509,36.0114126],[139.3721578,36.0123092],[139.3699774,36.0135444],[139.3682788,36.0145915]]},"properties":{"name":"tokyo_line_1943","loading_pct":49.7,"p_mw":-30.3,"synthetic":false,"tie":false}},{"type":"Feature","geometry":{"type":"LineString","coordinates":[[139.3219755,36.0428765],[139.320304,36.0411122]]},"properties":{"name":"tokyo_line_1947","loading_pct":69.4,"p_mw":45.6,"synthetic":false,"tie":false}},{"type":"Feature","geometry":{"type":"LineString","coordinates":[[139.2945944,36.077874],[139.2919547,36.0805088],[139.2893587,36.0830988],[139.2871098,36.0854597],[139.2857065,36.0870583],[139.2837114,36.0893506],[139.2805808,36.0915917],[139.2775452,36.0937657],[139.2746197,36.0958434],[139.2723347,36.0974902],[139.2708117,36.0985665],[139.2687678,36.0999351],[139.266437,36.1015681],[139.265363,36.102479]]},"properties":{"name":"tokyo_line_1949","loading_pct":9.3,"p_mw":21.7,"synthetic":false,"tie":false}},{"type":"Feature","geometry":{"type":"LineString","coordinates":[[139.265363,36.102479],[139.263822,36.1018014],[139.26024,36.1011576],[139.2588376,36.0988665],[139.2568152,36.097421],[139.2554553,36.0967881],[139.2532693,36.0944388],[139.2514347,36.0927677],[139.2496456,36.0923082],[139.247296,36.0923386],[139.2466818,36.0931708],[139.2439245,36.0956698],[139.2411216,36.0950109],[139.2382006,36.0942177],[139.2350455,36.0933588],[139.2353197,36.0901943],[139.2350029,36.0882447]]},"properties":{"name":"tokyo_line_1953","loading_pct":23.5,"p_mw":61.9,"synthetic":false,"tie":false}},{"type":"Feature","geometry":{"type":"LineString","coordinates":[[139.191523,36.182191],[139.1947323,36.184525],[139.1977918,36.1867503],[139.20062,36.1888139],[139.2029195,36.1919459],[139.2054534,36.1954162],[139.207822,36.198689],[139.2099875,36.2016509],[139.2105062,36.2049459]]},"properties":{"name":"tokyo_line_1956","loading_pct":67.1,"p_mw":-152.8,"synthetic":false,"tie":false}},{"type":"Feature","geometry":{"type":"LineString","coordinates":[[139.0167515,36.3328745],[139.0152106,36.3317109]]},"properties":{"name":"tokyo_line_1957","loading_pct":108.3,"p_mw":102.5,"synthetic":false,"tie":false}},{"type":"Feature","geometry":{"type":"LineString","coordinates":[[139.006382,36.3464536],[139.0052946,36.347903]]},"properties":{"name":"tokyo_line_1958","loading_pct":72.7,"p_mw":-48.7,"synthetic":false,"tie":false}},{"type":"Feature","geometry":{"type":"LineString","coordinates":[[138.4715724,36.0725858],[138.4718299,36.0739798]]},"properties":{"name":"tokyo_line_1960","loading_pct":16.3,"p_mw":-10.4,"synthetic":false,"tie":false}},{"type":"Feature","geometry":{"type":"LineString","coordinates":[[138.4676691,36.0627101],[138.4667397,36.0609717]]},"properties":{"name":"tokyo_line_1961","loading_pct":11.1,"p_mw":-5.1,"synthetic":false,"tie":false}},{"type":"Feature","geometry":{"type":"LineString","coordinates":[[138.4963666,36.1013814],[138.5010861,36.099406],[138.5054124,36.0979167],[138.5110306,36.0958483],[138.5156041,36.0942565],[138.5183459,36.0933908],[138.5238064,36.0916221],[138.5266634,36.0904677],[138.5316854,36.0916497],[138.5363962,36.0903519],[138.5393226,36.0892272],[138.5428201,36.0878333],[138.5464603,36.0849091],[138.5500651,36.0844879],[138.5525494,36.0842282],[138.5564582,36.0842773],[138.5608013,36.083456],[138.5676199,36.0813009],[138.5738827,36.0802619],[138.5773311,36.0801426],[138.5795374,36.0801285],[138.5848186,36.0802057],[138.5922366,36.080304],[138.5987947,36.0803461],[138.6029467,36.0791808],[138.6083147,36.0776574],[138.6128663,36.077503],[138.6173484,36.0766675],[138.6235035,36.07503],[138.6303433,36.0732312],[138.6338327,36.0734294],[138.6377756,36.0736574],[138.6403552,36.0738306],[138.6462791,36.074177],[138.6485173,36.074323],[138.6545661,36.0737288],[138.6610771,36.0736984],[138.6680165,36.072043],[138.6700695,36.0709516],[138.6746214,36.0685317],[138.6795074,36.0676809],[138.6818118,36.0650167],[138.6851034,36.0622805],[138.688541,36.061212],[138.693465,36.0609596],[138.6967498,36.0628463],[138.7020724,36.065717],[138.7089538,36.0699456],[138.7114305,36.0716397],[138.7150679,36.0726701],[138.718936,36.0738464],[138.7216368,36.0745474],[138.7248717,36.0753634],[138.7292282,36.0765224],[138.7349819,36.0772709],[138.7401606,36.0780094],[138.7431894,36.0783902],[138.7490843,36.0786712],[138.7566724,36.0774906],[138.7632358,36.0756176],[138.7689127,36.0739862],[138.7729575,36.0727202],[138.7805615,36.0702346]]},"properties":{"name":"tokyo_line_1964","loading_pct":4.8,"p_mw":-146.3,"synthetic":false,"tie":false}},{"type":"Feature","geometry":{"type":"LineString","coordinates":[[138.4828865,36.1050927],[138.4780849,36.1065855],[138.472943,36.1078981],[138.4679131,36.1095683],[138.4651425,36.1104587],[138.4612684,36.1124202],[138.4562755,36.114887],[138.4517779,36.1169723],[138.4463205,36.1194979],[138.4441393,36.120498],[138.4398709,36.1224425],[138.4348323,36.1272584],[138.4321405,36.1298441],[138.4295419,36.1359368],[138.4271694,36.1367388],[138.425192,36.1374023],[138.4176934,36.1399165],[138.4130013,36.1413841],[138.4104703,36.1431033],[138.4065221,36.1472439],[138.4047934,36.1498526],[138.4031486,36.1523698],[138.401143,36.1553829],[138.3982582,36.1568826],[138.3947714,36.1586519],[138.389356,36.1613999],[138.3849035,36.1620323],[138.3807729,36.1625975],[138.3786258,36.162879],[138.3738206,36.1635383],[138.3711329,36.1639175],[138.3675215,36.1637408],[138.3632822,36.1635258],[138.3581176,36.1632991],[138.3547354,36.1618764],[138.3522064,36.1608144],[138.3450741,36.1578073],[138.3396694,36.157764],[138.3360404,36.1577142],[138.3287019,36.1576427],[138.3235064,36.1583638],[138.3207062,36.1587666],[138.3132631,36.1597975],[138.3094516,36.160001],[138.3060265,36.1601743],[138.3024994,36.1603237],[138.2995597,36.1604666],[138.2932779,36.1585891],[138.288325,36.1566771],[138.2826671,36.1544993],[138.2800439,36.1534825],[138.2768802,36.1522837],[138.2705033,36.1498212],[138.2655922,36.1477355],[138.2629582,36.1466157],[138.2581919,36.1445603],[138.253085,36.143421],[138.2480398,36.1422654],[138.2452422,36.1416416],[138.2387996,36.1401773],[138.2352088,36.1393721],[138.2298692,36.1381704],[138.225237,36.1371285],[138.2187635,36.1375465],[138.2136136,36.137892],[138.2082298,36.1382852],[138.2034937,36.1407492],[138.1990063,36.1436386],[138.1946504,36.1432964],[138.1903616,36.142939],[138.1826274,36.1422654],[138.1780234,36.14188],[138.1711974,36.1412782],[138.1675648,36.1409684],[138.163024,36.1405723],[138.1567581,36.140039],[138.1539697,36.1395194],[138.1508821,36.1389795],[138.1478433,36.1385202],[138.1453986,36.1356063],[138.1429632,36.133828],[138.137727,36.1293063],[138.1347292,36.126454],[138.1303196,36.12231],[138.1265568,36.1206719],[138.1238552,36.1195084],[138.1194317,36.1176207],[138.1159924,36.1162657],[138.1116831,36.1145839],[138.1082604,36.1144477],[138.1043355,36.1142863],[138.1007782,36.1146886],[138.0947994,36.1150321],[138.0913339,36.114542],[138.0861167,36.1131153],[138.0813402,36.1099324],[138.07578,36.1077612],[138.0725361,36.1072025],[138.0691796,36.1066232],[138.06274,36.1057456],[138.0570879,36.1049597],[138.04978,36.1036546],[138.0447283,36.1049481],[138.0414308,36.1054794],[138.0354016,36.1059358],[138.0330278,36.1051856],[138.0281347,36.1036476],[138.0226381,36.1019214],[138.0184211,36.1011916],[138.0148854,36.1005899],[138.011066,36.0998721],[138.0095378,36.0982095],[138.007873,36.0963041],[138.0059128,36.0939833],[138.0037832,36.0914383],[138.002086,36.0894389],[137.9990724,36.0889773],[137.9962885,36.0874214],[137.9930609,36.0855664],[137.9894009,36.083564],[137.986792,36.0820995],[137.9834037,36.080236],[137.9783014,36.0790177],[137.9725877,36.0781745],[137.9673493,36.0789116],[137.9635718,36.079381],[137.9560955,36.0762887],[137.9487943,36.0739989],[137.9418803,36.0726805],[137.9382902,36.0712329],[137.9291599,36.0678198],[137.9223835,36.0641706],[137.9173091,36.0609116],[137.9117853,36.0572568],[137.9082058,36.0549846],[137.9019094,36.0554571],[137.8980947,36.0583627],[137.8945286,36.0611304],[137.894251,36.0644707],[137.8904049,36.0673013],[137.8835904,36.0696685],[137.8807616,36.0706705],[137.8790433,36.072643],[137.8745896,36.0779435],[137.8725615,36.0834011],[137.8705024,36.0865876],[137.870216,36.0893541],[137.8711767,36.0932521],[137.8721475,36.0971036],[137.873063,36.1010322],[137.8737047,36.1049278],[137.8742331,36.1091739],[137.8729932,36.1131302],[137.8734431,36.1176358],[137.875917,36.1199745],[137.8771946,36.1228407],[137.8789141,36.1274494],[137.8811445,36.1291023],[137.8832558,36.1309468],[137.8844212,36.1346038],[137.8841893,36.1351245],[137.8839606,36.1353754]]},"properties":{"name":"tokyo_line_1965","loading_pct":2.1,"p_mw":1.7,"synthetic":false,"tie":false}},{"type":"Feature","geometry":{"type":"LineString","coordinates":[[138.481744,36.1397841],[138.4828122,36.1429943],[138.4833366,36.1445938]]},"properties":{"name":"tokyo_line_1966","loading_pct":40.4,"p_mw":101.1,"synthetic":false,"tie":false}},{"type":"Feature","geometry":{"type":"LineString","coordinates":[[138.4816863,36.1689534],[138.4804854,36.1710358],[138.478184,36.1732238],[138.4781633,36.1756606]]},"properties":{"name":"tokyo_line_1967","loading_pct":41.6,"p_mw":249.5,"synthetic":false,"tie":false}},{"type":"Feature","geometry":{"type":"LineString","coordinates":[[138.4928199,36.195558],[138.4932027,36.1971977],[138.4935659,36.1987222],[138.4939383,36.2003501],[138.4943273,36.2019534],[138.4946697,36.2034047],[138.495023,36.2049161],[138.4953913,36.206463],[138.495771,36.2080398],[138.4962267,36.2094698],[138.4967507,36.2110562],[138.4972416,36.2125954],[138.4977299,36.2140724],[138.4982281,36.2156091],[138.4987391,36.217197],[138.4990945,36.2183088],[138.4995988,36.2198182],[138.5000887,36.2213235],[138.5005077,36.2226363],[138.5014388,36.2241411],[138.5020181,36.2250841],[138.5028292,36.2263051],[138.5032462,36.2300347],[138.5018324,36.23231],[138.5008367,36.2339593],[138.4998104,36.2357852],[138.4983651,36.2383169],[138.4978686,36.2402669],[138.4988586,36.2430254],[138.4978851,36.2454618],[138.4993262,36.2464947],[138.5010477,36.2487608],[138.4988276,36.2506205],[138.4992828,36.2538775],[138.4997701,36.2577217],[138.5000846,36.2601651],[138.4995621,36.2627244],[138.4989577,36.2655841],[138.4985954,36.2673563],[138.4980472,36.2700019],[138.4975319,36.2724803],[138.4969947,36.2749912],[138.4973744,36.2775217],[138.4976781,36.2796249],[138.4981542,36.2825081],[138.4984378,36.2838324],[138.4977763,36.2864754],[138.4974687,36.2884995],[138.4977044,36.2906132]]},"properties":{"name":"tokyo_line_1971","loading_pct":32.5,"p_mw":75.7,"synthetic":false,"tie":false}},{"type":"Feature","geometry":{"type":"LineString","coordinates":[[138.4734862,36.1958639],[138.4722684,36.1979094],[138.4706806,36.1997221],[138.4691611,36.201636]]},"properties":{"name":"tokyo_line_1972","loading_pct":45.6,"p_mw":157.5,"synthetic":false,"tie":false}},{"type":"Feature","geometry":{"type":"LineString","coordinates":[[138.4977044,36.2906132],[138.4985722,36.2928227],[138.5010113,36.2953676],[138.5025033,36.29694],[138.5044148,36.298873],[138.5055228,36.3000326],[138.507011,36.3015736],[138.5082144,36.3028214],[138.5117387,36.3041104]]},"properties":{"name":"tokyo_line_1973","loading_pct":17.2,"p_mw":40.5,"synthetic":false,"tie":false}},{"type":"Feature","geometry":{"type":"LineString","coordinates":[[138.4977044,36.2906132],[138.4954521,36.2908149],[138.4915535,36.29115],[138.488017,36.2919618],[138.4843384,36.2927849],[138.4809467,36.2935594],[138.4776892,36.2942966],[138.474498,36.2950262],[138.4723636,36.2954996],[138.4693596,36.2967124],[138.4660886,36.2980451],[138.4639516,36.2989125],[138.4599678,36.3005116],[138.4559861,36.3021404]]},"properties":{"name":"tokyo_line_1974","loading_pct":46.0,"p_mw":18.6,"synthetic":false,"tie":false}},{"type":"Feature","geometry":{"type":"LineString","coordinates":[[138.5117387,36.3041104],[138.5131057,36.3034875]]},"properties":{"name":"tokyo_line_1975","loading_pct":16.9,"p_mw":15.5,"synthetic":false,"tie":false}},{"type":"Feature","geometry":{"type":"LineString","coordinates":[[138.5340143,36.3108966],[138.5369754,36.3126699],[138.5397836,36.3141396],[138.5402689,36.3154417],[138.5404021,36.315799],[138.5408887,36.3171048],[138.5437882,36.3195513],[138.5464355,36.3214357]]},"properties":{"name":"tokyo_line_1976","loading_pct":10.7,"p_mw":3.6,"synthetic":false,"tie":false}},{"type":"Feature","geometry":{"type":"LineString","coordinates":[[138.5068917,36.3076469],[138.5037938,36.3088487],[138.5010177,36.3099088],[138.4981263,36.31196],[138.4958839,36.3135885],[138.4922134,36.3157919],[138.4898168,36.317174],[138.4871553,36.319216],[138.4843658,36.3209686],[138.4822226,36.3220286],[138.4792629,36.3227957],[138.476446,36.3235654],[138.4733419,36.3244727],[138.4699944,36.3254549],[138.4662662,36.3265537],[138.4633051,36.3273964],[138.4604377,36.3284856],[138.4571457,36.3291433],[138.4533697,36.3286663],[138.4501653,36.3282714],[138.4483951,36.3281306],[138.4459971,36.3278932],[138.443505,36.3276926]]},"properties":{"name":"tokyo_line_1977","loading_pct":23.8,"p_mw":5.9,"synthetic":false,"tie":false}},{"type":"Feature","geometry":{"type":"LineString","coordinates":[[139.6130884,35.9890306],[139.6101288,35.9907641],[139.6074789,35.9929166],[139.6048574,35.9945154]]},"properties":{"name":"tokyo_line_1978","loading_pct":26.2,"p_mw":-17.2,"synthetic":false,"tie":false}},{"type":"Feature","geometry":{"type":"LineString","coordinates":[[139.61214,36.0099619],[139.6129945,36.0118358]]},"properties":{"name":"tokyo_line_1979","loading_pct":62.9,"p_mw":106.7,"synthetic":false,"tie":false}},{"type":"Feature","geometry":{"type":"LineString","coordinates":[[139.6232421,36.0078035],[139.6265513,36.0071609],[139.6296653,36.0065638],[139.6329004,36.0059455],[139.6361306,36.0053287],[139.6393366,36.004718],[139.6415705,36.0040032]]},"properties":{"name":"tokyo_line_1980","loading_pct":66.3,"p_mw":-141.1,"synthetic":false,"tie":false}},{"type":"Feature","geometry":{"type":"LineString","coordinates":[[139.6048009,36.0190124],[139.6020362,36.0207567],[139.5994896,36.021236],[139.5962301,36.0224937],[139.5934492,36.0237409]]},"properties":{"name":"tokyo_line_1981","loading_pct":60.8,"p_mw":89.5,"synthetic":false,"tie":false}},{"type":"Feature","geometry":{"type":"LineString","coordinates":[[139.6621382,35.9934407],[139.6609071,35.9912824]]},"properties":{"name":"tokyo_line_1982","loading_pct":26.0,"p_mw":17.2,"synthetic":false,"tie":false}},{"type":"Feature","geometry":{"type":"LineString","coordinates":[[139.6709929,35.9992312],[139.6726369,36.0011894],[139.6754207,36.0026823],[139.677484,36.0044808],[139.6791091,36.0059054],[139.6808224,36.0073963],[139.6827438,36.0090642],[139.683722,36.0110272]]},"properties":{"name":"tokyo_line_1983","loading_pct":68.7,"p_mw":-176.5,"synthetic":false,"tie":false}},{"type":"Feature","geometry":{"type":"LineString","coordinates":[[139.5176431,35.9190309],[139.5184649,35.917492]]},"properties":{"name":"tokyo_line_1984","loading_pct":25.6,"p_mw":17.2,"synthetic":false,"tie":false}},{"type":"Feature","geometry":{"type":"LineString","coordinates":[[139.5176431,35.9190309],[139.5203561,35.9186945],[139.5226885,35.918422],[139.5260478,35.9186563],[139.5286045,35.9190282],[139.5310661,35.9184844],[139.5335184,35.9182207],[139.5358421,35.9179706]]},"properties":{"name":"tokyo_line_1985","loading_pct":38.6,"p_mw":-356.1,"synthetic":false,"tie":false}},{"type":"Feature","geometry":{"type":"LineString","coordinates":[[139.5358421,35.9179706],[139.5372091,35.9178497],[139.5408982,35.917635],[139.5478347,35.9172178]]},"properties":{"name":"tokyo_line_1986","loading_pct":41.0,"p_mw":-432.7,"synthetic":false,"tie":false}},{"type":"Feature","geometry":{"type":"LineString","coordinates":[[139.5358421,35.9179706],[139.5363778,35.9194937],[139.535123,35.920893],[139.5333436,35.9217831],[139.5332047,35.9231707],[139.5296803,35.925874],[139.5283364,35.9250621],[139.5261522,35.9256796],[139.524623,35.9265366],[139.5245298,35.9280595],[139.5254613,35.9303456],[139.5254784,35.9323935],[139.5250146,35.9332124],[139.5253686,35.9337896]]},"properties":{"name":"tokyo_line_1987","loading_pct":78.1,"p_mw":51.8,"synthetic":false,"tie":false}},{"type":"Feature","geometry":{"type":"LineString","coordinates":[[139.5659357,35.9155975],[139.5685342,35.9152615]]},"properties":{"name":"tokyo_line_1988","loading_pct":41.6,"p_mw":-456.5,"synthetic":false,"tie":false}},{"type":"Feature","geometry":{"type":"LineString","coordinates":[[139.2295511,36.2208035],[139.2290414,36.2227526],[139.2286988,36.2240821]]},"properties":{"name":"tokyo_line_1994","loading_pct":27.5,"p_mw":-72.2,"synthetic":false,"tie":false}},{"type":"Feature","geometry":{"type":"LineString","coordinates":[[139.2273779,36.2020302],[139.2264038,36.2042077]]},"properties":{"name":"tokyo_line_1995","loading_pct":16.8,"p_mw":-11.3,"synthetic":false,"tie":false}},{"type":"Feature","geometry":{"type":"LineString","coordinates":[[139.23741,36.1912671],[139.2382395,36.1892446],[139.2390629,36.1872498],[139.2398848,36.1852534],[139.2407917,36.1830691],[139.2417106,36.1808451],[139.2425421,36.1788359],[139.2433693,36.1768096],[139.2441851,36.1748515],[139.2450149,36.1728529],[139.2458184,36.1708882],[139.2466998,36.16883],[139.247599,36.1667384],[139.2484894,36.1646748],[139.2491441,36.1631384],[139.2501581,36.160788],[139.2508259,36.1592579],[139.2516391,36.1573273],[139.2525034,36.1553209],[139.2533651,36.1533206],[139.2542289,36.1513167],[139.255764,36.149364],[139.257352,36.1473365],[139.2588732,36.1454029],[139.2603964,36.1434255],[139.2616573,36.1418059],[139.2632148,36.1398034],[139.264377,36.1379253],[139.265534,36.135983],[139.2663939,36.1344962],[139.2680599,36.1317631],[139.2689953,36.1302023],[139.2702292,36.1281535],[139.2719619,36.1266165],[139.2736486,36.1251182],[139.2740257,36.1238039],[139.2755213,36.1218002],[139.2770441,36.1197141],[139.278306,36.1180507],[139.2795305,36.1164334],[139.280781,36.1147161],[139.2819175,36.1132361],[139.2833851,36.1113594],[139.2848059,36.1094506],[139.2862408,36.1074676],[139.2876302,36.1056184],[139.2889586,36.1038324],[139.2902761,36.1020673],[139.2914699,36.1000022],[139.2924285,36.0983254],[139.2935166,36.0963689],[139.2944763,36.094706],[139.2960282,36.0919299],[139.2976184,36.0889448],[139.2990854,36.0865096],[139.3007005,36.0836649],[139.3014812,36.082281],[139.3037277,36.0810446],[139.3054202,36.0801082],[139.3074186,36.0790226],[139.3092112,36.0780294],[139.3105355,36.0761853],[139.3118039,36.0744137],[139.313087,36.0726228],[139.3145092,36.0706391],[139.3155844,36.069131],[139.3166941,36.0675967],[139.3180869,36.0656417],[139.3184231,36.0643028],[139.3190968,36.0615371],[139.3189788,36.059037],[139.3189365,36.0572851],[139.3187819,36.0534681]]},"properties":{"name":"tokyo_line_1996","loading_pct":36.0,"p_mw":40.8,"synthetic":false,"tie":false}},{"type":"Feature","geometry":{"type":"LineString","coordinates":[[139.3021146,36.0475727],[139.2960964,36.0494816],[139.2935256,36.0503029],[139.2889465,36.0516831],[139.2838804,36.0532048]]},"properties":{"name":"tokyo_line_1997","loading_pct":77.5,"p_mw":51.0,"synthetic":false,"tie":false}},{"type":"Feature","geometry":{"type":"LineString","coordinates":[[138.7491316,36.891262],[138.7485199,36.8946647],[138.7479176,36.8979685],[138.7446848,36.9043683],[138.7412916,36.9080474],[138.7377067,36.9119867],[138.7335739,36.9141268],[138.7302554,36.9157572],[138.7249293,36.9185697],[138.7230474,36.9210737],[138.7218899,36.9227119],[138.719801,36.9256778],[138.7157718,36.9293044],[138.7119603,36.9324382],[138.7107673,36.9354374],[138.7105,36.9378588],[138.7101026,36.9411857],[138.708938,36.9445004],[138.7082006,36.9465916],[138.7072368,36.949203],[138.7058955,36.9530727],[138.7054226,36.9556949],[138.7048868,36.958649],[138.6984433,36.9701359],[138.6960128,36.9738118],[138.6956055,36.9767522],[138.69491,36.9829795],[138.6945907,36.9857438],[138.694282,36.9884499],[138.6937719,36.994174],[138.6932967,36.9969258],[138.6931837,37.0005525],[138.6929461,37.0037307],[138.6927126,37.0072187],[138.6925086,37.0110839],[138.6923174,37.0146153],[138.6920766,37.0190175],[138.6915377,37.0224301],[138.6911388,37.0261696],[138.6906297,37.0297203],[138.6902803,37.0322039],[138.6942441,37.0374048],[138.6933159,37.0400297],[138.6923193,37.0427955],[138.6914104,37.0453175],[138.6905057,37.0475156],[138.6877289,37.0498587],[138.6852295,37.05175]]},"properties":{"name":"tokyo_line_2007","loading_pct":0.9,"p_mw":7.3,"synthetic":false,"tie":false}},{"type":"Feature","geometry":{"type":"LineString","coordinates":[[138.7491316,36.891262],[138.7497148,36.8914306],[138.7507041,36.8934685],[138.753747,36.8953624],[138.7560575,36.8967642],[138.7580991,36.8980306],[138.7599881,36.8992233],[138.7643597,36.9006418],[138.7659287,36.9034233],[138.7661245,36.9054544],[138.7677097,36.9090833],[138.7675595,36.9118348],[138.7689033,36.9145756],[138.7764403,36.9160531],[138.7789938,36.9148286],[138.7811798,36.9151417],[138.7825799,36.9165721],[138.7852433,36.9180796],[138.7875152,36.9181182],[138.7897763,36.9181568],[138.7943977,36.921294]]},"properties":{"name":"tokyo_line_2008","loading_pct":17.2,"p_mw":163.4,"synthetic":false,"tie":false}},{"type":"Feature","geometry":{"type":"LineString","coordinates":[[138.7514521,36.8360661],[138.7560165,36.8371405],[138.7597607,36.8395787],[138.7623331,36.8443771],[138.7668437,36.8458972]]},"properties":{"name":"tokyo_line_2010","loading_pct":3.0,"p_mw":104.2,"synthetic":false,"tie":false}},{"type":"Feature","geometry":{"type":"LineString","coordinates":[[138.7807721,36.7829092],[138.7825585,36.7788877],[138.7866424,36.7737243],[138.789063,36.7706436],[138.7906681,36.7680798],[138.7920696,36.7659752],[138.7932672,36.7620118],[138.7943172,36.7586135],[138.7947249,36.7574724],[138.7964952,36.7529896],[138.7969834,36.7496564],[138.7979355,36.7476684],[138.7992901,36.7444424],[138.8011971,36.7430282],[138.8047752,36.7404371],[138.8091687,36.7384477],[138.8117865,36.7372526],[138.8133789,36.7365343],[138.8189409,36.7339932],[138.8230676,36.7321257],[138.8273218,36.7292153],[138.8314424,36.7264239],[138.834148,36.723886],[138.8357118,36.7223896],[138.8388017,36.7197538]]},"properties":{"name":"tokyo_line_2012","loading_pct":12.2,"p_mw":-115.8,"synthetic":false,"tie":false}},{"type":"Feature","geometry":{"type":"LineString","coordinates":[[138.7711437,36.8745711],[138.7696307,36.8768073],[138.7690371,36.8776738],[138.7683062,36.8787287],[138.7678894,36.8801572],[138.7673349,36.882003],[138.7667832,36.8838748],[138.7654574,36.8851226],[138.7638898,36.8865636],[138.7585047,36.8884121],[138.7544699,36.889883],[138.7508497,36.8911951],[138.7467659,36.8940602],[138.7452226,36.8966921],[138.7441154,36.8986129],[138.742722,36.900934],[138.7421054,36.9022608],[138.7414547,36.9035466],[138.7393561,36.9077555],[138.7366375,36.9112272],[138.7332773,36.9129753],[138.7298695,36.9147112],[138.7235955,36.9179861],[138.7214039,36.9190799],[138.7175485,36.9210769],[138.714323,36.9224995],[138.7078721,36.9256161],[138.7066292,36.926978],[138.7046375,36.9293359],[138.701894,36.9332397],[138.7011513,36.9352412],[138.700548,36.9369374],[138.6999599,36.9385802],[138.699002,36.9412939],[138.6966465,36.9439784],[138.6944129,36.9476773],[138.6936588,36.9488989],[138.692772,36.9503591],[138.6910741,36.9527763],[138.686819,36.9542314],[138.6832405,36.9558155],[138.6821477,36.9584756],[138.6811723,36.9608291],[138.6819655,36.9637376],[138.6829569,36.9665064],[138.6823856,36.9680393],[138.6817462,36.9699813],[138.6814722,36.9718063],[138.6811487,36.9736339],[138.6808817,36.9754705],[138.6805479,36.9776758],[138.6803235,36.9790483],[138.6799909,36.9809683],[138.6793902,36.9847551],[138.679182,36.98638],[138.6788251,36.9882305],[138.6785456,36.9901427],[138.6782849,36.9919243],[138.6780193,36.9935557],[138.6777604,36.9951969],[138.6774714,36.9971018],[138.6771516,36.9990815],[138.6773595,37.0010382],[138.6775714,37.0029554],[138.6777618,37.0049217],[138.6779389,37.0068216],[138.6781511,37.0086918],[138.6783931,37.0098951]]},"properties":{"name":"tokyo_line_2013","loading_pct":3.1,"p_mw":8.2,"synthetic":false,"tie":false}},{"type":"Feature","geometry":{"type":"LineString","coordinates":[[138.7711437,36.8745711],[138.7722949,36.8728992],[138.7743484,36.8699222],[138.7752057,36.8680692],[138.7761125,36.8661093],[138.7769514,36.8643041],[138.7772523,36.8623822],[138.7774419,36.8610934],[138.7777296,36.8599275],[138.7781005,36.8567342],[138.7772511,36.8544298],[138.7767888,36.8531757],[138.7759391,36.8509505],[138.7760631,36.8497431],[138.7771116,36.8475977],[138.7775861,36.8449027],[138.7780723,36.8421084],[138.7808332,36.8287852]]},"properties":{"name":"tokyo_line_2014","loading_pct":34.6,"p_mw":-92.0,"synthetic":false,"tie":false}},{"type":"Feature","geometry":{"type":"LineString","coordinates":[[138.7711437,36.8745711],[138.7712627,36.8748786],[138.7713475,36.8767729],[138.7714384,36.8787737],[138.7719143,36.8810106],[138.7724761,36.8837465],[138.7729713,36.8859589],[138.7732165,36.8871919],[138.7736411,36.8874881]]},"properties":{"name":"tokyo_line_2015","loading_pct":13.0,"p_mw":34.6,"synthetic":false,"tie":false}},{"type":"Feature","geometry":{"type":"LineString","coordinates":[[138.9678176,36.354648],[138.9691236,36.3551232]]},"properties":{"name":"tokyo_line_2018","loading_pct":120.5,"p_mw":-121.4,"synthetic":false,"tie":false}},{"type":"Feature","geometry":{"type":"LineString","coordinates":[[138.9405992,36.3428941],[138.9377675,36.3426176],[138.9348456,36.3423608]]},"properties":{"name":"tokyo_line_2020","loading_pct":95.1,"p_mw":114.4,"synthetic":false,"tie":false}},{"type":"Feature","geometry":{"type":"LineString","coordinates":[[139.1474518,36.3405153],[139.1492332,36.338898],[139.1507839,36.3375005],[139.1526529,36.3365225],[139.1545682,36.3355392],[139.1565538,36.3345488],[139.1577995,36.333472],[139.1602054,36.3320351],[139.162374,36.3308385]]},"properties":{"name":"tokyo_line_2023","loading_pct":87.0,"p_mw":98.6,"synthetic":false,"tie":false}},{"type":"Feature","geometry":{"type":"LineString","coordinates":[[139.1259893,36.3593171],[139.1248714,36.3600024],[139.1240606,36.3605029],[139.1214442,36.3621289],[139.1190897,36.3635888],[139.1173954,36.3646289],[139.1152657,36.3659465],[139.1129584,36.3673691],[139.1111311,36.3685111]]},"properties":{"name":"tokyo_line_2025","loading_pct":96.3,"p_mw":-63.2,"synthetic":false,"tie":false}},{"type":"Feature","geometry":{"type":"LineString","coordinates":[[139.1850011,36.3334664],[139.1877504,36.333891]]},"properties":{"name":"tokyo_line_2026","loading_pct":31.6,"p_mw":20.7,"synthetic":false,"tie":false}},{"type":"Feature","geometry":{"type":"LineString","coordinates":[[139.1824409,36.3171297],[139.184867,36.3165991]]},"properties":{"name":"tokyo_line_2027","loading_pct":42.6,"p_mw":28.0,"synthetic":false,"tie":false}},{"type":"Feature","geometry":{"type":"LineString","coordinates":[[138.9691236,36.3551232],[138.9714048,36.3559137],[138.9748386,36.3571012],[138.9783559,36.3582903],[138.981045,36.3597222]]},"properties":{"name":"tokyo_line_2029","loading_pct":2.2,"p_mw":-1.3,"synthetic":false,"tie":false}},{"type":"Feature","geometry":{"type":"LineString","coordinates":[[138.9691236,36.3551232],[138.9666348,36.3563903],[138.964085,36.3585805],[138.9616287,36.3606915],[138.9592619,36.3627302],[138.9569543,36.3647402],[138.9542666,36.3670314],[138.9513446,36.369548],[138.9483307,36.3721282],[138.9458023,36.3743128],[138.9423725,36.3753143],[138.9383492,36.3763379]]},"properties":{"name":"tokyo_line_2030","loading_pct":96.2,"p_mw":-137.3,"synthetic":false,"tie":false}},{"type":"Feature","geometry":{"type":"LineString","coordinates":[[138.9887563,36.3486758],[138.9901126,36.3478185]]},"properties":{"name":"tokyo_line_2031","loading_pct":20.7,"p_mw":13.6,"synthetic":false,"tie":false}},{"type":"Feature","geometry":{"type":"LineString","coordinates":[[139.0052946,36.347903],[139.0053723,36.3480784]]},"properties":{"name":"tokyo_line_2032","loading_pct":48.8,"p_mw":-32.2,"synthetic":false,"tie":false}},{"type":"Feature","geometry":{"type":"LineString","coordinates":[[138.9933213,36.3700297],[138.9929358,36.3725769],[138.9923922,36.3763715]]},"properties":{"name":"tokyo_line_2033","loading_pct":62.3,"p_mw":-41.4,"synthetic":false,"tie":false}},{"type":"Feature","geometry":{"type":"LineString","coordinates":[[139.397532,36.1505296],[139.4011157,36.149365]]},"properties":{"name":"tokyo_line_2039","loading_pct":22.0,"p_mw":13.3,"synthetic":false,"tie":false}},{"type":"Feature","geometry":{"type":"LineString","coordinates":[[139.3932681,36.1608241],[139.3921921,36.1625578],[139.3911198,36.1643435],[139.3902153,36.1658272],[139.3892358,36.1674482],[139.388191,36.1691673],[139.3871541,36.1708779],[139.3861105,36.172618],[139.3843648,36.1736638],[139.3827461,36.1746139],[139.3807534,36.1757529],[139.3780264,36.177444]]},"properties":{"name":"tokyo_line_2040","loading_pct":26.3,"p_mw":29.6,"synthetic":false,"tie":false}},{"type":"Feature","geometry":{"type":"LineString","coordinates":[[139.3717294,36.1608243],[139.3685637,36.1619057],[139.36563,36.1629556],[139.3630412,36.1638783],[139.3602465,36.1648629],[139.3576026,36.1657754]]},"properties":{"name":"tokyo_line_2042","loading_pct":70.7,"p_mw":47.5,"synthetic":false,"tie":false}},{"type":"Feature","geometry":{"type":"LineString","coordinates":[[139.4011157,36.149365],[139.4011905,36.1485396],[139.4014714,36.1472228],[139.4014187,36.1459024]]},"properties":{"name":"tokyo_line_2045","loading_pct":76.9,"p_mw":51.6,"synthetic":false,"tie":false}},{"type":"Feature","geometry":{"type":"LineString","coordinates":[[139.4025258,36.1488803],[139.4053069,36.1474361],[139.4072939,36.1463855],[139.409282,36.1453432],[139.411255,36.1443026],[139.413238,36.1432701],[139.4152236,36.1422283],[139.417231,36.1411724],[139.4206144,36.1393979],[139.4226858,36.1383158],[139.4247531,36.1372284],[139.4265684,36.1362696]]},"properties":{"name":"tokyo_line_2046","loading_pct":45.9,"p_mw":-120.8,"synthetic":false,"tie":false}},{"type":"Feature","geometry":{"type":"LineString","coordinates":[[139.4745624,36.0958634],[139.4742043,36.0957194]]},"properties":{"name":"tokyo_line_2049","loading_pct":25.4,"p_mw":17.2,"synthetic":false,"tie":false}},{"type":"Feature","geometry":{"type":"LineString","coordinates":[[139.4148259,35.9843657],[139.4188492,35.9864739],[139.4230349,35.9886913],[139.4277834,35.9911853],[139.4315875,35.9936273],[139.4354953,35.9960937]]},"properties":{"name":"tokyo_line_2052","loading_pct":23.8,"p_mw":-823.8,"synthetic":false,"tie":false}},{"type":"Feature","geometry":{"type":"LineString","coordinates":[[138.9674663,36.7257416],[138.9672932,36.7352723],[138.9669079,36.7419217],[138.9667033,36.745431],[138.9667279,36.7468678],[138.9665723,36.7504498],[138.9659291,36.7548048],[138.9653392,36.7572241],[138.9643618,36.7585909],[138.9635048,36.7602359],[138.9631056,36.7620132],[138.9625735,36.7647457],[138.9620045,36.7670361]]},"properties":{"name":"tokyo_line_2055","loading_pct":27.5,"p_mw":72.5,"synthetic":false,"tie":false}},{"type":"Feature","geometry":{"type":"LineString","coordinates":[[138.968811,36.7262874],[138.9677328,36.7287123],[138.9680386,36.7317434],[138.968296,36.735432],[138.9692724,36.7381533],[138.9716595,36.7440297],[138.971976,36.7497681],[138.97277,36.7551967],[138.977614,36.7619871],[138.9809561,36.7673718],[138.9831394,36.7703842],[138.9848185,36.7723565],[138.986299,36.7737573],[138.9900219,36.7777835],[138.9919048,36.7798501],[138.9909393,36.7847481],[138.9924037,36.7872829],[138.9952844,36.7924983],[138.9987954,36.7977133],[139.0010552,36.8002847],[139.0039238,36.8035486],[139.0039694,36.8042101],[139.0065443,36.8076913],[139.0194941,36.8169465],[139.0237856,36.8194802],[139.0279859,36.8216059],[139.0293431,36.8223101],[139.0322775,36.8239548],[139.0401578,36.8303571],[139.0428963,36.8339036],[139.0473783,36.8397834],[139.0487462,36.8416016],[139.0522411,36.8453751],[139.0545747,36.8483114],[139.0572837,36.8531471],[139.0583914,36.8547846]]},"properties":{"name":"tokyo_line_2056","loading_pct":2.5,"p_mw":-6.5,"synthetic":false,"tie":false}},{"type":"Feature","geometry":{"type":"LineString","coordinates":[[138.9679527,36.7080614],[138.9666331,36.7060938],[138.965131,36.7036661],[138.9634895,36.7015457],[138.9620921,36.6993049],[138.959257,36.6977823],[138.9572427,36.6972253],[138.9531845,36.6970037],[138.9500436,36.6969199],[138.9457387,36.6962962],[138.933143,36.6991651],[138.9301228,36.7007049],[138.9274675,36.7017156],[138.9242542,36.7021887],[138.922213,36.7029198],[138.9200029,36.7025263],[138.9177364,36.7006425]]},"properties":{"name":"tokyo_line_2057","loading_pct":85.0,"p_mw":453.5,"synthetic":false,"tie":false}},{"type":"Feature","geometry":{"type":"LineString","coordinates":[[138.7337066,36.5721308],[138.7334782,36.5720892]]},"properties":{"name":"tokyo_line_2060","loading_pct":25.8,"p_mw":17.2,"synthetic":false,"tie":false}},{"type":"Feature","geometry":{"type":"LineString","coordinates":[[138.7337066,36.5721308],[138.7335867,36.5719985]]},"properties":{"name":"tokyo_line_2061","loading_pct":25.8,"p_mw":17.2,"synthetic":false,"tie":false}},{"type":"Feature","geometry":{"type":"LineString","coordinates":[[138.7337066,36.5721308],[138.7340816,36.5705436],[138.7342595,36.5689246],[138.7325643,36.5668559],[138.731103,36.5651443],[138.725481,36.5604543],[138.7244618,36.5596463],[138.7204707,36.556462],[138.7188399,36.5551477],[138.7166352,36.5544008],[138.7136272,36.5522555],[138.6575589,36.5473296]]},"properties":{"name":"tokyo_line_2062","loading_pct":77.3,"p_mw":-51.6,"synthetic":false,"tie":false}},{"type":"Feature","geometry":{"type":"LineString","coordinates":[[139.3274064,36.2031587],[139.3250856,36.2003866]]},"properties":{"name":"tokyo_line_2064","loading_pct":85.6,"p_mw":148.9,"synthetic":false,"tie":false}},{"type":"Feature","geometry":{"type":"LineString","coordinates":[[139.3471371,36.2195238],[139.3481236,36.2226042],[139.3482909,36.2256327],[139.3484765,36.2288427],[139.3486487,36.2315907],[139.3480689,36.2342611],[139.3471207,36.2386397],[139.3457295,36.245214],[139.3448443,36.2491921],[139.3455975,36.2519589]]},"properties":{"name":"tokyo_line_2065","loading_pct":80.0,"p_mw":-363.6,"synthetic":false,"tie":false}},{"type":"Feature","geometry":{"type":"LineString","coordinates":[[139.3587285,36.1905391],[139.3610644,36.1923415]]},"properties":{"name":"tokyo_line_2068","loading_pct":5.1,"p_mw":4.4,"synthetic":false,"tie":false}},{"type":"Feature","geometry":{"type":"LineString","coordinates":[[139.3437376,36.1785449],[139.3422987,36.1753866]]},"properties":{"name":"tokyo_line_2069","loading_pct":2.7,"p_mw":11.9,"synthetic":false,"tie":false}},{"type":"Feature","geometry":{"type":"LineString","coordinates":[[139.3634591,36.1942031],[139.3659504,36.1961075]]},"properties":{"name":"tokyo_line_2070","loading_pct":25.6,"p_mw":17.2,"synthetic":false,"tie":false}},{"type":"Feature","geometry":{"type":"LineString","coordinates":[[139.3204306,36.1501561],[139.3171337,36.1504442],[139.3138097,36.1507228],[139.3105196,36.1522225],[139.3118858,36.1547648],[139.3126584,36.1560413],[139.3108682,36.1569715]]},"properties":{"name":"tokyo_line_2073","loading_pct":8.7,"p_mw":-20.9,"synthetic":false,"tie":false}},{"type":"Feature","geometry":{"type":"LineString","coordinates":[[139.2992649,36.1643057],[139.2964417,36.1665301]]},"properties":{"name":"tokyo_line_2074","loading_pct":7.9,"p_mw":20.6,"synthetic":false,"tie":false}},{"type":"Feature","geometry":{"type":"LineString","coordinates":[[139.2914189,36.1736618],[139.2928302,36.1750837]]},"properties":{"name":"tokyo_line_2076","loading_pct":3.9,"p_mw":10.3,"synthetic":false,"tie":false}},{"type":"Feature","geometry":{"type":"LineString","coordinates":[[139.3682788,36.0145915],[139.3685044,36.016278],[139.3687042,36.0177846],[139.3667695,36.0201559],[139.3659776,36.0210817],[139.3689868,36.0228925]]},"properties":{"name":"tokyo_line_2077","loading_pct":78.7,"p_mw":-83.5,"synthetic":false,"tie":false}},{"type":"Feature","geometry":{"type":"LineString","coordinates":[[139.3384878,36.2727911],[139.3391762,36.2730043]]},"properties":{"name":"tokyo_line_2078","loading_pct":25.3,"p_mw":17.2,"synthetic":false,"tie":false}},{"type":"Feature","geometry":{"type":"LineString","coordinates":[[139.3384878,36.2727911],[139.3391977,36.2729472]]},"properties":{"name":"tokyo_line_2079","loading_pct":25.3,"p_mw":17.2,"synthetic":false,"tie":false}},{"type":"Feature","geometry":{"type":"LineString","coordinates":[[139.3471246,36.2586864],[139.3504706,36.2569053],[139.3530228,36.2565041],[139.3571334,36.2547803],[139.3582972,36.2568794]]},"properties":{"name":"tokyo_line_2080","loading_pct":23.3,"p_mw":-15.3,"synthetic":false,"tie":false}},{"type":"Feature","geometry":{"type":"LineString","coordinates":[[139.3384878,36.2727911],[139.3376551,36.2748596],[139.3368228,36.2769045],[139.336141,36.2784963]]},"properties":{"name":"tokyo_line_2081","loading_pct":59.1,"p_mw":-200.4,"synthetic":false,"tie":false}},{"type":"Feature","geometry":{"type":"LineString","coordinates":[[139.3215826,36.2532787],[139.319079,36.2532412],[139.3165641,36.2532092],[139.3142766,36.2533729],[139.311602,36.2535482],[139.3091616,36.2537186],[139.3065559,36.2538834],[139.304081,36.254059],[139.3017024,36.2542222],[139.2990407,36.2543794],[139.2963023,36.2545722],[139.2936633,36.2547485]]},"properties":{"name":"tokyo_line_2082","loading_pct":69.9,"p_mw":271.2,"synthetic":false,"tie":false}},{"type":"Feature","geometry":{"type":"LineString","coordinates":[[139.3362641,36.1416909],[139.3370444,36.1356904]]},"properties":{"name":"tokyo_line_2083","loading_pct":9.3,"p_mw":36.0,"synthetic":false,"tie":false}},{"type":"Feature","geometry":{"type":"LineString","coordinates":[[139.3473849,36.1315673],[139.3512998,36.1320096]]},"properties":{"name":"tokyo_line_2085","loading_pct":34.8,"p_mw":10.0,"synthetic":false,"tie":false}},{"type":"Feature","geometry":{"type":"LineString","coordinates":[[139.381795,36.0369151],[139.3848401,36.0352487]]},"properties":{"name":"tokyo_line_2088","loading_pct":6.8,"p_mw":-31.0,"synthetic":false,"tie":false}},{"type":"Feature","geometry":{"type":"LineString","coordinates":[[139.3809635,36.0400178],[139.3813053,36.0429202]]},"properties":{"name":"tokyo_line_2089","loading_pct":34.3,"p_mw":-22.5,"synthetic":false,"tie":false}},{"type":"Feature","geometry":{"type":"LineString","coordinates":[[139.3819156,36.0320418],[139.379589,36.0307494]]},"properties":{"name":"tokyo_line_2090","loading_pct":80.9,"p_mw":75.7,"synthetic":false,"tie":false}},{"type":"Feature","geometry":{"type":"LineString","coordinates":[[139.395743,36.0258164],[139.3994405,36.0241265],[139.4026329,36.0226458],[139.4047215,36.0206846],[139.4071067,36.0184372],[139.4094284,36.0162926],[139.4119569,36.0139522],[139.4126849,36.0114592],[139.4140972,36.0068046],[139.4149233,36.0041294],[139.4159023,36.0008138],[139.4172461,35.9987197],[139.4193706,35.9954123],[139.4212882,35.9923593],[139.4232704,35.9892884],[139.4250298,35.9865256],[139.4274305,35.9830639],[139.4296487,35.9798168],[139.4316836,35.9768084]]},"properties":{"name":"tokyo_line_2091","loading_pct":12.1,"p_mw":-55.3,"synthetic":false,"tie":false}},{"type":"Feature","geometry":{"type":"LineString","coordinates":[[139.4572939,35.9771985],[139.4609149,35.9792122]]},"properties":{"name":"tokyo_line_2092","loading_pct":62.1,"p_mw":-491.4,"synthetic":false,"tie":false}},{"type":"Feature","geometry":{"type":"LineString","coordinates":[[139.0554303,36.1948119],[139.0544861,36.1922534],[139.0536533,36.1899999],[139.052626,36.1871825],[139.0515236,36.1856325],[139.0499546,36.183485],[139.0510764,36.181641],[139.0519655,36.1805867]]},"properties":{"name":"tokyo_line_2093","loading_pct":76.2,"p_mw":51.8,"synthetic":false,"tie":false}},{"type":"Feature","geometry":{"type":"LineString","coordinates":[[139.0519655,36.1805867],[139.0514204,36.1792849],[139.0503434,36.1773527],[139.0511509,36.1741851],[139.0519796,36.1715097],[139.052611,36.1694549],[139.0520909,36.1671612],[139.0513982,36.1640851],[139.0503421,36.1617627],[139.0491727,36.1592019],[139.0483184,36.1573438],[139.0471959,36.1553222],[139.0457484,36.1534207],[139.0443125,36.1515344],[139.0410603,36.1499176],[139.0378792,36.1483235],[139.0360232,36.147402],[139.0353231,36.1462193],[139.033758,36.1436289],[139.0324216,36.1414022],[139.0311074,36.1392713],[139.0303047,36.1379321],[139.0286225,36.1348896],[139.0260494,36.1349905],[139.0239734,36.1348011],[139.0238046,36.134709]]},"properties":{"name":"tokyo_line_2094","loading_pct":25.5,"p_mw":17.2,"synthetic":false,"tie":false}},{"type":"Feature","geometry":{"type":"LineString","coordinates":[[139.0519655,36.1805867],[139.0549188,36.181131],[139.0568639,36.1816448],[139.0570839,36.1816489]]},"properties":{"name":"tokyo_line_2095","loading_pct":25.4,"p_mw":17.2,"synthetic":false,"tie":false}},{"type":"Feature","geometry":{"type":"LineString","coordinates":[[139.1740525,36.1967072],[139.1753893,36.20098],[139.1767151,36.2053815],[139.1800085,36.2083358],[139.1835627,36.210301],[139.1867351,36.212435],[139.1905405,36.2127599],[139.1938646,36.2150519],[139.1971616,36.2173938]]},"properties":{"name":"tokyo_line_2097","loading_pct":36.6,"p_mw":-1267.6,"synthetic":false,"tie":false}},{"type":"Feature","geometry":{"type":"LineString","coordinates":[[139.6867072,36.0610766],[139.6847354,36.0631356]]},"properties":{"name":"tokyo_line_2098","loading_pct":116.8,"p_mw":149.4,"synthetic":false,"tie":false}},{"type":"Feature","geometry":{"type":"LineString","coordinates":[[139.6382747,36.0653336],[139.6353233,36.0666326]]},"properties":{"name":"tokyo_line_2101","loading_pct":12.9,"p_mw":34.2,"synthetic":false,"tie":false}},{"type":"Feature","geometry":{"type":"LineString","coordinates":[[139.5985204,36.2571324],[139.5985873,36.2569611]]},"properties":{"name":"tokyo_line_2102","loading_pct":25.3,"p_mw":17.2,"synthetic":false,"tie":false}},{"type":"Feature","geometry":{"type":"LineString","coordinates":[[139.5985204,36.2571324],[139.5966632,36.2550599],[139.5951548,36.2529134],[139.5921753,36.252119],[139.5886901,36.2507054],[139.5860099,36.249575],[139.5840654,36.2484645]]},"properties":{"name":"tokyo_line_2103","loading_pct":59.2,"p_mw":-40.5,"synthetic":false,"tie":false}},{"type":"Feature","geometry":{"type":"LineString","coordinates":[[139.5907927,36.272454],[139.5895565,36.2749866],[139.5881433,36.2778674],[139.5867775,36.280647]]},"properties":{"name":"tokyo_line_2105","loading_pct":3.6,"p_mw":6.7,"synthetic":false,"tie":false}},{"type":"Feature","geometry":{"type":"LineString","coordinates":[[139.5907927,36.272454],[139.5952454,36.2730951],[139.5994355,36.2736887],[139.6036979,36.2742979]]},"properties":{"name":"tokyo_line_2106","loading_pct":56.7,"p_mw":-275.5,"synthetic":false,"tie":false}},{"type":"Feature","geometry":{"type":"LineString","coordinates":[[139.5907927,36.272454],[139.5867184,36.2718816],[139.5809059,36.2715517],[139.5761554,36.2713098],[139.571526,36.2727327],[139.5675898,36.2739305]]},"properties":{"name":"tokyo_line_2107","loading_pct":55.5,"p_mw":258.5,"synthetic":false,"tie":false}},{"type":"Feature","geometry":{"type":"LineString","coordinates":[[139.5182942,36.2157069],[139.5193862,36.213237]]},"properties":{"name":"tokyo_line_2108","loading_pct":42.2,"p_mw":27.7,"synthetic":false,"tie":false}},{"type":"Feature","geometry":{"type":"LineString","coordinates":[[139.5280037,36.2181794],[139.5318482,36.2183382],[139.5346469,36.2203773],[139.5381604,36.2219025],[139.5415455,36.2207722],[139.5447335,36.2193564],[139.5470176,36.2183034],[139.5511256,36.2181078],[139.5536009,36.2182056]]},"properties":{"name":"tokyo_line_2109","loading_pct":76.3,"p_mw":51.8,"synthetic":false,"tie":false}},{"type":"Feature","geometry":{"type":"LineString","coordinates":[[139.5086773,36.2346587],[139.5083633,36.2366539],[139.5090117,36.2390318],[139.5098054,36.241808],[139.5102842,36.2431333],[139.5111172,36.2452002],[139.5121425,36.2475351]]},"properties":{"name":"tokyo_line_2110","loading_pct":59.3,"p_mw":-38.9,"synthetic":false,"tie":false}},{"type":"Feature","geometry":{"type":"LineString","coordinates":[[139.4975697,36.2093219],[139.4941412,36.2093326]]},"properties":{"name":"tokyo_line_2111","loading_pct":74.0,"p_mw":-48.6,"synthetic":false,"tie":false}},{"type":"Feature","geometry":{"type":"LineString","coordinates":[[139.5218939,36.206535],[139.5231541,36.2041103],[139.524438,36.2016572],[139.5257062,36.1991828]]},"properties":{"name":"tokyo_line_2112","loading_pct":194.1,"p_mw":127.7,"synthetic":false,"tie":false}},{"type":"Feature","geometry":{"type":"LineString","coordinates":[[139.4836458,36.2072961],[139.4812928,36.2074239]]},"properties":{"name":"tokyo_line_2113","loading_pct":34.3,"p_mw":-22.5,"synthetic":false,"tie":false}},{"type":"Feature","geometry":{"type":"LineString","coordinates":[[139.5768658,36.1364435],[139.5739968,36.1356102],[139.571224,36.1341933],[139.5684077,36.1327347],[139.565463,36.1311829],[139.5626222,36.1297206],[139.5597255,36.1282386]]},"properties":{"name":"tokyo_line_2114","loading_pct":52.7,"p_mw":155.5,"synthetic":false,"tie":false}},{"type":"Feature","geometry":{"type":"LineString","coordinates":[[139.607162,36.1311709],[139.610205,36.1295778],[139.6122396,36.128404],[139.6133365,36.1268866],[139.6164057,36.1252159],[139.6196873,36.1236861],[139.6217635,36.1227537],[139.624609,36.1211021],[139.6275407,36.1194007],[139.6304566,36.1180985],[139.632979,36.1169645],[139.6360341,36.1155826],[139.6383552,36.1145494],[139.6387898,36.114084],[139.6403214,36.1124437],[139.6428319,36.1109051]]},"properties":{"name":"tokyo_line_2115","loading_pct":10.1,"p_mw":-18.1,"synthetic":false,"tie":false}},{"type":"Feature","geometry":{"type":"LineString","coordinates":[[139.5891832,36.141125],[139.5871654,36.1433069],[139.5851413,36.1455066],[139.5831133,36.1477043],[139.5809777,36.1499112],[139.5782279,36.1513545],[139.5753717,36.1528606],[139.572506,36.1543729]]},"properties":{"name":"tokyo_line_2116","loading_pct":147.0,"p_mw":-154.6,"synthetic":false,"tie":false}},{"type":"Feature","geometry":{"type":"LineString","coordinates":[[139.5371177,36.1133497],[139.5345726,36.111647]]},"properties":{"name":"tokyo_line_2117","loading_pct":51.3,"p_mw":173.0,"synthetic":false,"tie":false}},{"type":"Feature","geometry":{"type":"LineString","coordinates":[[139.5143549,36.1235855],[139.5128569,36.1255148],[139.5111356,36.1277652],[139.5092547,36.1301423],[139.5060159,36.1320833],[139.5042551,36.1326206],[139.5014106,36.1337362]]},"properties":{"name":"tokyo_line_2118","loading_pct":19.4,"p_mw":-0.8,"synthetic":false,"tie":false}},{"type":"Feature","geometry":{"type":"LineString","coordinates":[[139.5478894,36.1601329],[139.5450058,36.1608473]]},"properties":{"name":"tokyo_line_2119","loading_pct":40.3,"p_mw":27.2,"synthetic":false,"tie":false}},{"type":"Feature","geometry":{"type":"LineString","coordinates":[[139.5560807,36.1718273],[139.552999,36.1735924]]},"properties":{"name":"tokyo_line_2120","loading_pct":150.7,"p_mw":-200.4,"synthetic":false,"tie":false}},{"type":"Feature","geometry":{"type":"LineString","coordinates":[[139.6204688,35.9615043],[139.6205127,35.9603508]]},"properties":{"name":"tokyo_line_2121","loading_pct":14.5,"p_mw":-38.8,"synthetic":false,"tie":false}},{"type":"Feature","geometry":{"type":"LineString","coordinates":[[139.630664,35.9544334],[139.6327998,35.9537078]]},"properties":{"name":"tokyo_line_2122","loading_pct":22.7,"p_mw":-41.3,"synthetic":false,"tie":false}},{"type":"Feature","geometry":{"type":"LineString","coordinates":[[139.5934492,36.0237409],[139.5936024,36.0245446],[139.5935426,36.024635]]},"properties":{"name":"tokyo_line_2125","loading_pct":26.2,"p_mw":17.2,"synthetic":false,"tie":false}},{"type":"Feature","geometry":{"type":"LineString","coordinates":[[139.6428319,36.1109051],[139.6453421,36.1093665],[139.6479267,36.1077837],[139.650665,36.1063394],[139.6540001,36.1052088],[139.6568553,36.1042391],[139.659936,36.1031977],[139.6615183,36.1026582]]},"properties":{"name":"tokyo_line_2127","loading_pct":19.9,"p_mw":-40.9,"synthetic":false,"tie":false}},{"type":"Feature","geometry":{"type":"LineString","coordinates":[[139.6428319,36.1109051],[139.6454723,36.1124866],[139.6478658,36.1135894],[139.6484949,36.1160002],[139.6490421,36.118373],[139.6489909,36.1206597],[139.6503625,36.1229669],[139.6518379,36.1250085],[139.6515057,36.1275461],[139.6537623,36.1304911],[139.6515778,36.1325889],[139.6493596,36.1347858],[139.6506716,36.1368105]]},"properties":{"name":"tokyo_line_2128","loading_pct":34.3,"p_mw":5.6,"synthetic":false,"tie":false}},{"type":"Feature","geometry":{"type":"LineString","coordinates":[[139.6763057,36.0883011],[139.6778993,36.0861701]]},"properties":{"name":"tokyo_line_2129","loading_pct":94.3,"p_mw":-617.3,"synthetic":false,"tie":false}},{"type":"Feature","geometry":{"type":"LineString","coordinates":[[139.227246,36.229635],[139.2278305,36.2273934],[139.2282822,36.2256625],[139.2286988,36.2240821]]},"properties":{"name":"tokyo_line_2132","loading_pct":21.8,"p_mw":58.0,"synthetic":false,"tie":false}},{"type":"Feature","geometry":{"type":"LineString","coordinates":[[139.2231152,36.2454279],[139.2225459,36.2475936]]},"properties":{"name":"tokyo_line_2134","loading_pct":55.5,"p_mw":-225.0,"synthetic":false,"tie":false}},{"type":"Feature","geometry":{"type":"LineString","coordinates":[[139.2071663,36.2432575],[139.206941,36.2421233]]},"properties":{"name":"tokyo_line_2135","loading_pct":55.7,"p_mw":135.6,"synthetic":false,"tie":false}},{"type":"Feature","geometry":{"type":"LineString","coordinates":[[139.2243278,36.2623205],[139.2229525,36.2648454]]},"properties":{"name":"tokyo_line_2137","loading_pct":62.7,"p_mw":-238.7,"synthetic":false,"tie":false}},{"type":"Feature","geometry":{"type":"LineString","coordinates":[[139.2272002,36.2749278],[139.2275378,36.2778381]]},"properties":{"name":"tokyo_line_2138","loading_pct":62.7,"p_mw":-254.9,"synthetic":false,"tie":false}},{"type":"Feature","geometry":{"type":"LineString","coordinates":[[139.2210011,36.2647715],[139.2192843,36.2646931]]},"properties":{"name":"tokyo_line_2139","loading_pct":6.4,"p_mw":3.1,"synthetic":false,"tie":false}},{"type":"Feature","geometry":{"type":"LineString","coordinates":[[139.2202384,36.2689711],[139.2188445,36.2707176]]},"properties":{"name":"tokyo_line_2140","loading_pct":4.2,"p_mw":-4.4,"synthetic":false,"tie":false}},{"type":"Feature","geometry":{"type":"LineString","coordinates":[[139.2444926,36.2832354],[139.2463532,36.2852094]]},"properties":{"name":"tokyo_line_2142","loading_pct":60.6,"p_mw":-226.6,"synthetic":false,"tie":false}},{"type":"Feature","geometry":{"type":"LineString","coordinates":[[139.2464312,36.2777854],[139.2479509,36.2758872],[139.2497382,36.2740038],[139.2515236,36.2721168],[139.2528956,36.2703509],[139.2550456,36.268839],[139.2572426,36.2672915],[139.2599386,36.2654239],[139.2623738,36.2636885],[139.2647874,36.261993],[139.2672565,36.2602553],[139.2698769,36.2583977],[139.272354,36.256654],[139.2747924,36.2549275],[139.2769913,36.2544278],[139.2790781,36.2536507],[139.2797602,36.2526188],[139.2801899,36.2525232]]},"properties":{"name":"tokyo_line_2143","loading_pct":12.1,"p_mw":-8.3,"synthetic":false,"tie":false}},{"type":"Feature","geometry":{"type":"LineString","coordinates":[[139.2091654,36.2980622],[139.2072505,36.2986555]]},"properties":{"name":"tokyo_line_2144","loading_pct":29.0,"p_mw":-44.3,"synthetic":false,"tie":false}},{"type":"Feature","geometry":{"type":"LineString","coordinates":[[139.1897477,36.2886089],[139.1902533,36.2875472]]},"properties":{"name":"tokyo_line_2145","loading_pct":20.6,"p_mw":54.6,"synthetic":false,"tie":false}},{"type":"Feature","geometry":{"type":"LineString","coordinates":[[139.5986576,35.9331519],[139.5976879,35.9351064],[139.5978471,35.9362106]]},"properties":{"name":"tokyo_line_2148","loading_pct":50.8,"p_mw":181.0,"synthetic":false,"tie":false}},{"type":"Feature","geometry":{"type":"LineString","coordinates":[[139.5253686,35.9337896],[139.5261775,35.9357894],[139.5259078,35.9370816],[139.5234335,35.9397247]]},"properties":{"name":"tokyo_line_2149","loading_pct":26.0,"p_mw":17.2,"synthetic":false,"tie":false}},{"type":"Feature","geometry":{"type":"LineString","coordinates":[[139.5253686,35.9337896],[139.5231702,35.9338574],[139.5221568,35.933939]]},"properties":{"name":"tokyo_line_2150","loading_pct":26.0,"p_mw":17.2,"synthetic":false,"tie":false}},{"type":"Feature","geometry":{"type":"LineString","coordinates":[[139.6521157,35.9263157],[139.6537484,35.9276708]]},"properties":{"name":"tokyo_line_2151","loading_pct":62.3,"p_mw":56.0,"synthetic":false,"tie":false}},{"type":"Feature","geometry":{"type":"LineString","coordinates":[[139.6472555,35.9488564],[139.645258,35.9495291]]},"properties":{"name":"tokyo_line_2154","loading_pct":84.9,"p_mw":355.2,"synthetic":false,"tie":false}},{"type":"Feature","geometry":{"type":"LineString","coordinates":[[139.3811812,36.3278216],[139.3844855,36.3278848]]},"properties":{"name":"tokyo_line_2157","loading_pct":55.4,"p_mw":-164.8,"synthetic":false,"tie":false}},{"type":"Feature","geometry":{"type":"LineString","coordinates":[[139.5736811,36.3413613],[139.5736557,36.3436649]]},"properties":{"name":"tokyo_line_2162","loading_pct":17.0,"p_mw":11.2,"synthetic":false,"tie":false}},{"type":"Feature","geometry":{"type":"LineString","coordinates":[[139.5818309,36.3266722],[139.5814084,36.3249574]]},"properties":{"name":"tokyo_line_2163","loading_pct":41.5,"p_mw":-25.7,"synthetic":false,"tie":false}},{"type":"Feature","geometry":{"type":"LineString","coordinates":[[139.5923868,36.3281367],[139.5955093,36.3283599],[139.5984852,36.3286352],[139.6012246,36.3288614],[139.6039131,36.3290631],[139.6064824,36.3292523],[139.6097707,36.3284788]]},"properties":{"name":"tokyo_line_2164","loading_pct":11.9,"p_mw":8.2,"synthetic":false,"tie":false}},{"type":"Feature","geometry":{"type":"LineString","coordinates":[[139.5852649,36.3651301],[139.5871124,36.367458],[139.5901657,36.3697924],[139.5930423,36.3719989],[139.5961335,36.3743515],[139.5989159,36.3764601],[139.6002188,36.378871]]},"properties":{"name":"tokyo_line_2165","loading_pct":114.9,"p_mw":70.8,"synthetic":false,"tie":false}},{"type":"Feature","geometry":{"type":"LineString","coordinates":[[139.6002188,36.378871],[139.6004114,36.3788657]]},"properties":{"name":"tokyo_line_2166","loading_pct":25.6,"p_mw":17.2,"synthetic":false,"tie":false}},{"type":"Feature","geometry":{"type":"LineString","coordinates":[[139.6002188,36.378871],[139.6009819,36.3814335],[139.6008571,36.3843683]]},"properties":{"name":"tokyo_line_2167","loading_pct":68.0,"p_mw":36.1,"synthetic":false,"tie":false}},{"type":"Feature","geometry":{"type":"LineString","coordinates":[[139.6161828,36.4025386],[139.6176999,36.4040056]]},"properties":{"name":"tokyo_line_2168","loading_pct":25.6,"p_mw":17.2,"synthetic":false,"tie":false}},{"type":"Feature","geometry":{"type":"LineString","coordinates":[[139.6198912,36.3946547],[139.6234525,36.3954238],[139.6257345,36.3955267],[139.6293399,36.3959318],[139.6334121,36.3963515],[139.6368555,36.3948129],[139.639229,36.3934939],[139.6410778,36.3924963],[139.6429374,36.3915804],[139.6466964,36.3919274],[139.6508993,36.3926195],[139.6540276,36.3936579],[139.6572135,36.3947698],[139.6594278,36.3953032],[139.6624412,36.3954043],[139.6656918,36.3955167],[139.6684116,36.395603],[139.6725402,36.3957464],[139.6758609,36.3958591],[139.67981,36.3959353],[139.6837163,36.3961716],[139.6870979,36.3974383],[139.690578,36.3988617],[139.6943599,36.3996774],[139.696771,36.400279],[139.6984977,36.4001116]]},"properties":{"name":"tokyo_line_2169","loading_pct":63.1,"p_mw":-84.8,"synthetic":false,"tie":false}},{"type":"Feature","geometry":{"type":"LineString","coordinates":[[139.6144506,36.4052392],[139.6144511,36.4076766],[139.6132777,36.4083602],[139.6119406,36.4088289],[139.6105834,36.4093955],[139.6092123,36.4099832],[139.607861,36.4105667],[139.6064994,36.4112168],[139.6059052,36.4119414],[139.6052811,36.4127851],[139.6046446,36.4136456],[139.6039989,36.4146162]]},"properties":{"name":"tokyo_line_2170","loading_pct":82.5,"p_mw":86.5,"synthetic":false,"tie":false}},{"type":"Feature","geometry":{"type":"LineString","coordinates":[[139.6734273,36.8292235],[139.6762812,36.835591],[139.676882,36.8384375],[139.6764435,36.8432951],[139.6739829,36.8468553],[139.6705042,36.8519493],[139.6699025,36.8547643],[139.6693977,36.8570286],[139.6677571,36.8606735],[139.661256,36.8639216],[139.6574414,36.8645449],[139.6518656,36.8654507],[139.646014,36.8692331],[139.6418276,36.8725082],[139.6400428,36.8756657],[139.6380865,36.8798513],[139.6367171,36.8825855],[139.6349879,36.8860479],[139.635324,36.8910056],[139.6383458,36.8954668],[139.639641,36.8975442],[139.6390518,36.9017157],[139.6370627,36.9059237],[139.6363843,36.9091549],[139.6350975,36.9110413],[139.6346479,36.9144345],[139.6348217,36.9169022],[139.6352854,36.9206958],[139.6331849,36.925412],[139.6323325,36.9304738],[139.6376761,36.9350387],[139.6417013,36.9400087],[139.6455016,36.9438955],[139.6472782,36.9457124],[139.6497702,36.9496174],[139.6514332,36.9521725],[139.6520984,36.9553619],[139.6534073,36.9598199],[139.6537828,36.9623832],[139.6532678,36.9656579],[139.6537185,36.9690696],[139.6541369,36.9716454],[139.6540939,36.9770025],[139.6557569,36.9798994],[139.6571786,36.9824363],[139.659453,36.9845403],[139.6606439,36.9876641],[139.6617944,36.9913463],[139.6621835,36.9945496],[139.6637124,36.9972702],[139.6636266,37.0014688],[139.6649408,37.0043648],[139.6657053,37.0063247],[139.6664705,37.0089376],[139.6673601,37.012264],[139.6710831,37.0117993],[139.6751686,37.011972],[139.6779868,37.0105995],[139.6800195,37.0096035],[139.6842614,37.0071848],[139.6902486,37.003193],[139.6967493,37.0042758],[139.7022432,37.00494],[139.7074112,37.002566],[139.7140758,37.0000708],[139.7214396,36.99787],[139.7280039,36.997965],[139.7341409,36.9973544],[139.73875,36.9962732],[139.7418568,36.9963668],[139.7503863,36.996174],[139.7550898,36.9963269],[139.7616492,36.9965793],[139.76483,36.9962792],[139.7719216,36.9956349],[139.7788774,36.9970981],[139.7820568,36.9976172],[139.7887624,36.9987697],[139.79193,36.9988383],[139.7950279,36.9984805],[139.8023236,37.0001932],[139.8098499,37.0016101],[139.8140556,37.0003913],[139.8207839,36.9988318],[139.826737,36.9963534],[139.8321846,36.9940418],[139.8371681,36.9931164],[139.842369,36.9921631],[139.8469233,36.9925059],[139.8536986,36.9938855],[139.8572177,36.9937955],[139.8625928,36.9928593],[139.8642624,36.993516]]},"properties":{"name":"tokyo_line_2172","loading_pct":1.2,"p_mw":1.7,"synthetic":false,"tie":false}},{"type":"Feature","geometry":{"type":"LineString","coordinates":[[139.6734273,36.8292235],[139.6712279,36.8295433],[139.6706754,36.8321454],[139.6698654,36.8328366]]},"properties":{"name":"tokyo_line_2173","loading_pct":0.1,"p_mw":1.7,"synthetic":false,"tie":false}},{"type":"Feature","geometry":{"type":"LineString","coordinates":[[139.763587,36.7592231],[139.7628467,36.7618146],[139.7661245,36.7641488],[139.7642094,36.7666456],[139.7649524,36.768386],[139.7636059,36.7696365],[139.7636697,36.7709688]]},"properties":{"name":"tokyo_line_2174","loading_pct":110.4,"p_mw":431.5,"synthetic":false,"tie":false}},{"type":"Feature","geometry":{"type":"LineString","coordinates":[[139.2522786,36.3352218],[139.2519375,36.3320668]]},"properties":{"name":"tokyo_line_2176","loading_pct":66.3,"p_mw":528.0,"synthetic":false,"tie":false}},{"type":"Feature","geometry":{"type":"LineString","coordinates":[[139.2531058,36.3467861],[139.2531468,36.3497306],[139.253502,36.3519215],[139.2534634,36.3546531],[139.2522747,36.3571563],[139.2501967,36.3594181],[139.2499953,36.3598229],[139.250282,36.3621176],[139.2509825,36.3645839],[139.2489495,36.366826],[139.2482291,36.3694539],[139.2474071,36.371834],[139.2467629,36.3741291],[139.247296,36.3759395],[139.2478126,36.3780339]]},"properties":{"name":"tokyo_line_2177","loading_pct":70.8,"p_mw":-356.6,"synthetic":false,"tie":false}},{"type":"Feature","geometry":{"type":"LineString","coordinates":[[139.2387952,36.3927491],[139.235904,36.3941779]]},"properties":{"name":"tokyo_line_2178","loading_pct":76.3,"p_mw":-460.9,"synthetic":false,"tie":false}},{"type":"Feature","geometry":{"type":"LineString","coordinates":[[139.2457895,36.4082391],[139.2482687,36.4090874],[139.2507863,36.4099504],[139.2535001,36.4108807],[139.2552713,36.4124848],[139.2569332,36.4139856],[139.2588734,36.4156181],[139.2605963,36.4170726],[139.2623946,36.4185755]]},"properties":{"name":"tokyo_line_2180","loading_pct":60.4,"p_mw":-404.4,"synthetic":false,"tie":false}},{"type":"Feature","geometry":{"type":"LineString","coordinates":[[139.2208592,36.3950482],[139.2174444,36.3942303],[139.2138972,36.3933735],[139.2101012,36.3924708]]},"properties":{"name":"tokyo_line_2181","loading_pct":39.1,"p_mw":104.9,"synthetic":false,"tie":false}},{"type":"Feature","geometry":{"type":"LineString","coordinates":[[139.1080662,36.2921175],[139.1096494,36.2890743]]},"properties":{"name":"tokyo_line_2182","loading_pct":5.2,"p_mw":-13.8,"synthetic":false,"tie":false}},{"type":"Feature","geometry":{"type":"LineString","coordinates":[[139.1080662,36.2921175],[139.1048004,36.2921921],[139.1027812,36.2919589],[139.1018621,36.2922051],[139.0991297,36.2920689],[139.097189,36.2923618],[139.0937997,36.2926423],[139.0920821,36.2915769],[139.0882313,36.2921057]]},"properties":{"name":"tokyo_line_2184","loading_pct":1.6,"p_mw":-2.6,"synthetic":false,"tie":false}},{"type":"Feature","geometry":{"type":"LineString","coordinates":[[139.1080662,36.2921175],[139.1064016,36.2940126],[139.1049664,36.2954152],[139.1025792,36.2979136],[139.1003047,36.3002266],[139.0990052,36.3015673]]},"properties":{"name":"tokyo_line_2185","loading_pct":1.3,"p_mw":3.3,"synthetic":false,"tie":false}},{"type":"Feature","geometry":{"type":"LineString","coordinates":[[139.2530116,36.2955772],[139.2533214,36.2939619]]},"properties":{"name":"tokyo_line_2186","loading_pct":60.3,"p_mw":491.8,"synthetic":false,"tie":false}},{"type":"Feature","geometry":{"type":"LineString","coordinates":[[139.2562071,36.3057575],[139.2567464,36.3090906],[139.2563821,36.3117611]]},"properties":{"name":"tokyo_line_2187","loading_pct":60.6,"p_mw":-509.0,"synthetic":false,"tie":false}},{"type":"Feature","geometry":{"type":"LineString","coordinates":[[139.2572939,36.2938716],[139.2593899,36.2920764]]},"properties":{"name":"tokyo_line_2188","loading_pct":59.9,"p_mw":228.5,"synthetic":false,"tie":false}},{"type":"Feature","geometry":{"type":"LineString","coordinates":[[139.2504385,36.2915848],[139.2506875,36.2892063]]},"properties":{"name":"tokyo_line_2189","loading_pct":60.9,"p_mw":244.8,"synthetic":false,"tie":false}},{"type":"Feature","geometry":{"type":"LineString","coordinates":[[139.2849663,36.3118917],[139.2861715,36.3156213]]},"properties":{"name":"tokyo_line_2192","loading_pct":71.7,"p_mw":-733.6,"synthetic":false,"tie":false}},{"type":"Feature","geometry":{"type":"LineString","coordinates":[[139.2756145,36.3070105],[139.2722544,36.3083204],[139.2689675,36.3096129],[139.2662337,36.3106772],[139.2633495,36.311004],[139.2600712,36.3113629],[139.2563821,36.3117611]]},"properties":{"name":"tokyo_line_2194","loading_pct":28.2,"p_mw":82.7,"synthetic":false,"tie":false}},{"type":"Feature","geometry":{"type":"LineString","coordinates":[[139.302176,36.2976164],[139.3054034,36.2965137],[139.3086607,36.2964937]]},"properties":{"name":"tokyo_line_2195","loading_pct":76.6,"p_mw":-191.8,"synthetic":false,"tie":false}},{"type":"Feature","geometry":{"type":"LineString","coordinates":[[139.2563821,36.3117611],[139.2538671,36.312058],[139.2508583,36.3123955],[139.2474728,36.3127846],[139.2449242,36.3130689],[139.2417414,36.31323],[139.2383914,36.3133983],[139.235566,36.3135431]]},"properties":{"name":"tokyo_line_2196","loading_pct":33.1,"p_mw":51.7,"synthetic":false,"tie":false}},{"type":"Feature","geometry":{"type":"LineString","coordinates":[[139.2563821,36.3117611],[139.2558608,36.3144227],[139.2540998,36.3168656],[139.2534012,36.3199508]]},"properties":{"name":"tokyo_line_2197","loading_pct":66.0,"p_mw":-500.8,"synthetic":false,"tie":false}},{"type":"Feature","geometry":{"type":"LineString","coordinates":[[139.2251519,36.2291438],[139.2212613,36.2271273]]},"properties":{"name":"tokyo_line_2198","loading_pct":33.7,"p_mw":1162.8,"synthetic":false,"tie":false}},{"type":"Feature","geometry":{"type":"LineString","coordinates":[[139.2251519,36.2291438],[139.2285242,36.2309178],[139.2322979,36.2328981],[139.2360526,36.2348744],[139.240978,36.2374584],[139.2444923,36.2393189],[139.248748,36.241489],[139.252554,36.2435474],[139.2532571,36.2472862],[139.2545235,36.2538272],[139.2553374,36.2581002],[139.2562036,36.2626875],[139.2607688,36.2635807],[139.266473,36.2646707],[139.2699715,36.2653401]]},"properties":{"name":"tokyo_line_2199","loading_pct":34.3,"p_mw":-1182.6,"synthetic":false,"tie":false}},{"type":"Feature","geometry":{"type":"LineString","coordinates":[[138.9367238,36.5401224],[138.9411333,36.5391742]]},"properties":{"name":"tokyo_line_2204","loading_pct":36.2,"p_mw":-23.0,"synthetic":false,"tie":false}},{"type":"Feature","geometry":{"type":"LineString","coordinates":[[138.9367238,36.5401224],[138.9369062,36.539644],[138.9336698,36.5322332],[138.934243,36.5297352],[138.9348558,36.5272806],[138.9338708,36.523074],[138.9342523,36.5210808],[138.9340162,36.5191633],[138.9337161,36.5168546],[138.9333334,36.5140029]]},"properties":{"name":"tokyo_line_2205","loading_pct":12.0,"p_mw":2.8,"synthetic":false,"tie":false}},{"type":"Feature","geometry":{"type":"LineString","coordinates":[[138.9411333,36.5391742],[138.9453739,36.5382691],[138.9493704,36.5366614],[138.9515376,36.535767],[138.9559901,36.5339503],[138.9582606,36.5330537]]},"properties":{"name":"tokyo_line_2207","loading_pct":55.2,"p_mw":-57.3,"synthetic":false,"tie":false}},{"type":"Feature","geometry":{"type":"LineString","coordinates":[[138.9411333,36.5391742],[138.9414719,36.5407223],[138.9424536,36.5425147],[138.9427567,36.5422497]]},"properties":{"name":"tokyo_line_2208","loading_pct":25.3,"p_mw":17.2,"synthetic":false,"tie":false}},{"type":"Feature","geometry":{"type":"LineString","coordinates":[[138.9750068,36.5137968],[138.9732956,36.511253],[138.9708869,36.5076053],[138.9685615,36.5041141],[138.9677032,36.4984954],[138.9671107,36.4942375],[138.9669712,36.4885879],[138.9665742,36.4838263],[138.9661612,36.4799272],[138.9658393,36.4762176],[138.9661612,36.4729738],[138.966585,36.4693847],[138.9670863,36.465853],[138.9675613,36.4628704],[138.9681996,36.4584179],[138.9686843,36.4548775],[138.9717721,36.4512813],[138.9748718,36.4475944],[138.9778302,36.4441228],[138.9791607,36.4394104],[138.9803467,36.4378183],[138.9822133,36.4356028],[138.9834661,36.4327774],[138.9848149,36.4297178],[138.9856108,36.4254696],[138.9863526,36.4215671],[138.985031,36.4166],[138.9838018,36.4118497],[138.9820715,36.4073249],[138.9805334,36.4031094],[138.9787993,36.3985926]]},"properties":{"name":"tokyo_line_2209","loading_pct":14.9,"p_mw":68.3,"synthetic":false,"tie":false}},{"type":"Feature","geometry":{"type":"LineString","coordinates":[[138.4167367,36.2984921],[138.4201089,36.2979133],[138.4259534,36.296934],[138.4285827,36.2963573],[138.4303509,36.2951634],[138.433206,36.2932481],[138.4348208,36.2928341],[138.4347269,36.2919661],[138.437098,36.2920352],[138.4382969,36.2928513],[138.439693,36.29274],[138.4423953,36.2925304],[138.445142,36.2923292],[138.4481701,36.2918861],[138.4502024,36.2914818],[138.451716,36.2902409],[138.4520525,36.2877639],[138.4523556,36.2856656],[138.4527237,36.282902],[138.4530538,36.2806723],[138.455666,36.2800448],[138.4586234,36.279054]]},"properties":{"name":"tokyo_line_2214","loading_pct":50.8,"p_mw":-46.5,"synthetic":false,"tie":false}},{"type":"Feature","geometry":{"type":"LineString","coordinates":[[138.4167367,36.2984921],[138.4164519,36.2968355],[138.4145297,36.2947687],[138.411051,36.2933281],[138.4075838,36.2916183],[138.4048699,36.2894656],[138.3989951,36.28977],[138.3956241,36.2875401],[138.3918633,36.2855631],[138.38807,36.2845261],[138.3854875,36.2833147],[138.382906,36.281114],[138.3804087,36.2799593],[138.3762131,36.278062],[138.3728714,36.2776981],[138.3711361,36.2768489],[138.3709419,36.2772217]]},"properties":{"name":"tokyo_line_2215","loading_pct":16.9,"p_mw":15.5,"synthetic":false,"tie":false}},{"type":"Feature","geometry":{"type":"LineString","coordinates":[[138.4167367,36.2984921],[138.4146747,36.2988481],[138.4116646,36.3007266],[138.4084627,36.3051136],[138.4060621,36.3084293],[138.4041685,36.3110144],[138.4011349,36.3131281],[138.3984446,36.3145438],[138.3952367,36.3162576],[138.3924392,36.3177554],[138.3906086,36.3191082],[138.3864498,36.3223034],[138.3836201,36.3246038],[138.3801251,36.3274541],[138.3773947,36.3280592],[138.3732346,36.3289559],[138.3709198,36.3294551],[138.3657472,36.3305798],[138.3621383,36.3313372],[138.3565378,36.3325363],[138.3545597,36.332974],[138.3509575,36.333378],[138.3486642,36.333707],[138.3445349,36.3335455],[138.3429196,36.3344162]]},"properties":{"name":"tokyo_line_2216","loading_pct":17.0,"p_mw":15.5,"synthetic":false,"tie":false}},{"type":"Feature","geometry":{"type":"LineString","coordinates":[[138.4684389,36.2673767],[138.4673922,36.2645869]]},"properties":{"name":"tokyo_line_2217","loading_pct":39.4,"p_mw":-109.2,"synthetic":false,"tie":false}},{"type":"Feature","geometry":{"type":"LineString","coordinates":[[138.460625,36.281437],[138.4580916,36.2836964],[138.4563321,36.2851645],[138.4549668,36.2866282],[138.4536284,36.2882043],[138.4523973,36.290176],[138.4529378,36.2918488],[138.4524868,36.2938563],[138.4517135,36.2959016],[138.4518233,36.2989746]]},"properties":{"name":"tokyo_line_2218","loading_pct":29.6,"p_mw":47.1,"synthetic":false,"tie":false}},{"type":"Feature","geometry":{"type":"LineString","coordinates":[[138.5075315,36.7378952],[138.5045233,36.7385467],[138.502465,36.7386142],[138.499189,36.7364685],[138.4974424,36.7352989],[138.4951849,36.7332471],[138.4929595,36.7312665],[138.4909748,36.7311445],[138.4883949,36.7312741],[138.4829504,36.7313487],[138.4805027,36.7313736],[138.4770587,36.7310511],[138.4754549,36.7296795],[138.4726807,36.7277712],[138.471214,36.7262556],[138.469661,36.7253591],[138.4666873,36.724665],[138.4641985,36.7238079],[138.4613139,36.7229445],[138.4596443,36.7228894],[138.4577298,36.7235213],[138.454809,36.7237727],[138.4521617,36.7240166],[138.4488984,36.7249784],[138.4472203,36.7255784],[138.4432492,36.7266368],[138.4404786,36.7270888],[138.4377705,36.7267878],[138.4347947,36.7284613],[138.4310338,36.7303627],[138.4270543,36.7298697],[138.4246204,36.7294199],[138.4228222,36.7290986],[138.4215929,36.7288654],[138.4197752,36.7284999],[138.4176436,36.7280288],[138.4161017,36.7277072],[138.4142456,36.7276524],[138.4127341,36.727622],[138.4103663,36.7275577],[138.4081417,36.7274377],[138.4061432,36.7273322],[138.4037676,36.7272098],[138.4013129,36.7270814],[138.3992815,36.7269839],[138.3973376,36.7268818],[138.3952164,36.7267658],[138.3939038,36.7266947],[138.3909213,36.726606],[138.3899701,36.7267435],[138.3882621,36.726968],[138.3861125,36.7272467],[138.3845354,36.7276764],[138.3826804,36.7281872],[138.3806059,36.7287486],[138.378028,36.7291289],[138.3758684,36.7294698],[138.3740927,36.729727],[138.3720039,36.7300423],[138.3697981,36.7303755],[138.367606,36.7307003],[138.3664299,36.7308788],[138.3645633,36.7311588],[138.3614124,36.7316325],[138.3579499,36.7321488],[138.3559529,36.7324691],[138.3530962,36.7329106],[138.3513957,36.73275],[138.349227,36.7327046],[138.347163,36.7326419],[138.3450183,36.732563],[138.3427146,36.732528],[138.3406283,36.7324718],[138.3385069,36.732443],[138.3362863,36.7323718],[138.3340691,36.7323134],[138.331977,36.7322749],[138.3294073,36.7321539],[138.3272335,36.7320951],[138.3253696,36.7314845],[138.3236008,36.7308969],[138.3219623,36.7303834],[138.3197862,36.7292648],[138.3173357,36.7280038],[138.3136659,36.7261906],[138.3106488,36.7249346],[138.3063951,36.7231127]]},"properties":{"name":"tokyo_line_2219","loading_pct":16.9,"p_mw":15.6,"synthetic":false,"tie":false}},{"type":"Feature","geometry":{"type":"LineString","coordinates":[[138.3055814,36.3782508],[138.3083489,36.3773038],[138.3115488,36.3758727],[138.313823,36.3750088],[138.3168159,36.3740928],[138.3193935,36.3730233],[138.3223944,36.3716009],[138.3239662,36.3698858],[138.3258522,36.3678309],[138.3289212,36.3662064],[138.3315775,36.365257],[138.334609,36.3642172],[138.3379252,36.3632196],[138.3409162,36.3622198],[138.3440311,36.3611819],[138.3467249,36.3600797],[138.3500128,36.3587839],[138.3530191,36.3574615],[138.3559774,36.3566004],[138.3573341,36.3569527],[138.357968,36.3569531],[138.3609497,36.3567293],[138.3648792,36.3562653],[138.368909,36.3561696],[138.3723202,36.3544919],[138.3750696,36.353131],[138.3781678,36.3518686],[138.3814526,36.3511978],[138.3846488,36.3509563],[138.3876451,36.350597],[138.3904914,36.3502088],[138.3938389,36.3488981],[138.3970583,36.3468987],[138.3997313,36.3451949],[138.4020508,36.3437366],[138.4044628,36.3420504],[138.4082529,36.3413081],[138.4110587,36.3404144],[138.4137277,36.3395502],[138.4173222,36.3383731],[138.4197834,36.3374655],[138.4231781,36.3368306],[138.425539,36.3358219],[138.4278884,36.3347301],[138.4300929,36.3334874],[138.432418,36.3321962],[138.434526,36.3312811],[138.4358692,36.3294475]]},"properties":{"name":"tokyo_line_2220","loading_pct":16.9,"p_mw":-15.5,"synthetic":false,"tie":false}},{"type":"Feature","geometry":{"type":"LineString","coordinates":[[138.4358692,36.3294475],[138.438655,36.3290608],[138.4406986,36.3286297],[138.443505,36.3276926]]},"properties":{"name":"tokyo_line_2221","loading_pct":52.2,"p_mw":-48.2,"synthetic":false,"tie":false}},{"type":"Feature","geometry":{"type":"LineString","coordinates":[[138.4358692,36.3294475],[138.4347646,36.3287193],[138.4329938,36.3284661]]},"properties":{"name":"tokyo_line_2222","loading_pct":25.4,"p_mw":17.2,"synthetic":false,"tie":false}},{"type":"Feature","geometry":{"type":"LineString","coordinates":[[138.443505,36.3276926],[138.4430211,36.3262555],[138.4412392,36.3248516],[138.4411213,36.3237848],[138.440523,36.3224169]]},"properties":{"name":"tokyo_line_2223","loading_pct":39.3,"p_mw":-57.9,"synthetic":false,"tie":false}},{"type":"Feature","geometry":{"type":"LineString","coordinates":[[138.4359252,36.310956],[138.4330099,36.312286],[138.4300409,36.3136249],[138.4271242,36.3149498],[138.4230392,36.3161463],[138.4217594,36.317005],[138.4186412,36.3190055],[138.4172922,36.3204357],[138.4161584,36.3216329],[138.4145782,36.3233419],[138.4127134,36.3244483],[138.4091878,36.3271486],[138.4073521,36.3285588],[138.4053255,36.3301061],[138.4033301,36.3316792],[138.4005339,36.3329677],[138.3955498,36.335242],[138.3936202,36.3355737],[138.3920055,36.3366919],[138.3896301,36.3369995],[138.3876445,36.3372495],[138.3835166,36.3384325],[138.3807331,36.3385802],[138.3784593,36.3387149],[138.3744835,36.3374148],[138.3720952,36.3366689],[138.3697471,36.3359047],[138.3676777,36.3352441],[138.3658571,36.3347856],[138.3634987,36.3341665],[138.3619537,36.3345404],[138.3594884,36.3351335],[138.3562694,36.3359484],[138.3541803,36.3365754],[138.352465,36.3367435],[138.3514315,36.3378202]]},"properties":{"name":"tokyo_line_2224","loading_pct":25.4,"p_mw":17.2,"synthetic":false,"tie":false}},{"type":"Feature","geometry":{"type":"LineString","coordinates":[[138.8125764,36.927508],[138.8123377,36.9261197]]},"properties":{"name":"tokyo_line_2226","loading_pct":3.3,"p_mw":-30.0,"synthetic":false,"tie":false}},{"type":"Feature","geometry":{"type":"LineString","coordinates":[[138.8058829,36.9265046],[138.8006204,36.9255997]]},"properties":{"name":"tokyo_line_2227","loading_pct":7.5,"p_mw":-71.2,"synthetic":false,"tie":false}},{"type":"Feature","geometry":{"type":"LineString","coordinates":[[138.8015072,36.9955608],[138.7992349,36.995807],[138.7930185,36.9988335],[138.7929922,37.0007775],[138.7945451,37.0021872],[138.7952032,37.0059553],[138.7931117,37.0083878],[138.7934759,37.010814],[138.7940704,37.0127372],[138.7948296,37.016396],[138.7958879,37.0190382],[138.7940435,37.0218548],[138.7916853,37.0241233],[138.7905618,37.0266883],[138.790985,37.0295123],[138.7903424,37.0314409],[138.789814,37.0328278],[138.7892889,37.0341948],[138.7882286,37.0368625],[138.7867933,37.0393075],[138.7821029,37.0423062],[138.780167,37.0451404],[138.7780161,37.0481904],[138.7761163,37.0493384],[138.7737168,37.0507613],[138.7717134,37.0519882],[138.7697168,37.053932],[138.7669234,37.0560966],[138.7651317,37.0581735],[138.7621334,37.0608838],[138.7597757,37.0625644],[138.759276,37.0649462],[138.7587268,37.0675433],[138.758522,37.0693556],[138.7584409,37.0714749],[138.757482,37.0735007],[138.7561157,37.0748585],[138.7549024,37.0767028],[138.752602,37.0786765],[138.7514945,37.0803879],[138.7504883,37.0820238],[138.7485858,37.0840023],[138.7474642,37.0860928],[138.7465864,37.0878045],[138.7453981,37.0899584],[138.7438632,37.0918113],[138.7424747,37.093572],[138.7416123,37.0957032],[138.7396,37.0967677],[138.7379291,37.0980206],[138.7361222,37.0993041],[138.7340355,37.1009009],[138.7329396,37.1032932],[138.7311748,37.1052466],[138.7290669,37.1071135],[138.7277287,37.1076852],[138.7214719,37.110211],[138.7201902,37.1106953],[138.7172207,37.1104334],[138.7145796,37.1119202],[138.7114207,37.1119406],[138.7088874,37.1120082]]},"properties":{"name":"tokyo_line_2228","loading_pct":3.9,"p_mw":10.3,"synthetic":false,"tie":false}},{"type":"Feature","geometry":{"type":"LineString","coordinates":[[138.9635122,36.7696833],[138.9620045,36.7670361]]},"properties":{"name":"tokyo_line_2229","loading_pct":16.9,"p_mw":-44.6,"synthetic":false,"tie":false}},{"type":"Feature","geometry":{"type":"LineString","coordinates":[[139.0654235,36.6015559],[139.0658622,36.599512],[139.0664027,36.5970297],[139.0669028,36.5947303],[139.0673916,36.5924635],[139.0677702,36.5913221],[139.0670361,36.5849857],[139.0653246,36.582544],[139.0649838,36.5805821],[139.0647232,36.578272],[139.0644847,36.5761552],[139.064152,36.5730821],[139.0637489,36.569463],[139.063504,36.567387],[139.0631919,36.5644349],[139.062715,36.5600988],[139.0624482,36.5576341],[139.0622729,36.5561393],[139.0620288,36.5538965],[139.0617735,36.5516021],[139.0615575,36.5496756]]},"properties":{"name":"tokyo_line_2236","loading_pct":57.2,"p_mw":-58.9,"synthetic":false,"tie":false}},{"type":"Feature","geometry":{"type":"LineString","coordinates":[[139.0529761,36.6031669],[139.0525831,36.6007552],[139.0531585,36.5981658],[139.0543621,36.5958036],[139.0553143,36.5929367],[139.0576485,36.590156],[139.0585685,36.5892687],[139.0601497,36.5850636],[139.061004,36.5830239],[139.0619065,36.5816208],[139.0624282,36.5788628],[139.0627742,36.5762166],[139.0622941,36.5726646],[139.0620728,36.569404],[139.0614195,36.5655995],[139.0610965,36.5645228]]},"properties":{"name":"tokyo_line_2237","loading_pct":74.4,"p_mw":-138.2,"synthetic":false,"tie":false}},{"type":"Feature","geometry":{"type":"LineString","coordinates":[[139.0529761,36.6031669],[139.0508035,36.6026878],[139.0493551,36.6033736],[139.0494846,36.6032738]]},"properties":{"name":"tokyo_line_2238","loading_pct":25.3,"p_mw":17.2,"synthetic":false,"tie":false}},{"type":"Feature","geometry":{"type":"LineString","coordinates":[[139.0680997,36.6234327],[139.0699639,36.6260362],[139.0721304,36.628813],[139.0746557,36.631078],[139.0768853,36.6335829],[139.0794883,36.6361001],[139.0817454,36.6383072],[139.0840722,36.640948],[139.0846771,36.642546],[139.0881895,36.6442536]]},"properties":{"name":"tokyo_line_2239","loading_pct":69.5,"p_mw":202.2,"synthetic":false,"tie":false}},{"type":"Feature","geometry":{"type":"LineString","coordinates":[[139.060092,36.550359],[139.0602587,36.5519205],[139.060497,36.5545918],[139.0606311,36.5554731],[139.0607454,36.5569044],[139.0609105,36.5587556],[139.0624631,36.5642212],[139.0610965,36.5645228]]},"properties":{"name":"tokyo_line_2241","loading_pct":115.9,"p_mw":-199.0,"synthetic":false,"tie":false}},{"type":"Feature","geometry":{"type":"LineString","coordinates":[[139.0579047,36.5264779],[139.0569665,36.5240741],[139.0558192,36.5214062],[139.0545733,36.519339],[139.0529345,36.5169],[139.0525268,36.5138917],[139.0522197,36.5117446],[139.0520253,36.5098722],[139.0521795,36.5068249],[139.0521399,36.5039278]]},"properties":{"name":"tokyo_line_2242","loading_pct":104.3,"p_mw":77.4,"synthetic":false,"tie":false}},{"type":"Feature","geometry":{"type":"LineString","coordinates":[[139.2845616,36.446588],[139.2853375,36.4446261]]},"properties":{"name":"tokyo_line_2245","loading_pct":70.7,"p_mw":145.5,"synthetic":false,"tie":false}},{"type":"Feature","geometry":{"type":"LineString","coordinates":[[139.2676606,36.4513608],[139.2634081,36.4529335],[139.2598424,36.4528212],[139.2576632,36.4544714],[139.2537666,36.4553159],[139.2495755,36.4549116],[139.2467521,36.453261],[139.2444119,36.4538511],[139.2403393,36.455851],[139.2380534,36.4554095],[139.2349323,36.4577995],[139.2326277,36.4598007],[139.2279508,36.4574349],[139.2246669,36.4600509],[139.2218345,36.4607434]]},"properties":{"name":"tokyo_line_2246","loading_pct":82.1,"p_mw":-258.7,"synthetic":false,"tie":false}},{"type":"Feature","geometry":{"type":"LineString","coordinates":[[139.2762121,36.4625289],[139.2758414,36.46546],[139.2753605,36.4683065],[139.275099,36.4706057],[139.2747218,36.4733522],[139.2760639,36.4763158],[139.2771162,36.477697],[139.2774672,36.4790317],[139.2776217,36.4807148],[139.2777574,36.4821272],[139.2779493,36.4849198],[139.2780341,36.4861214],[139.2781151,36.4873065],[139.2782466,36.4892565],[139.278694,36.4903459],[139.2790557,36.4909838],[139.2798683,36.4924467],[139.2806439,36.4937928],[139.2811617,36.4946769],[139.2815143,36.4952998],[139.2819068,36.4955872],[139.2831451,36.4964164],[139.2847362,36.4969887],[139.2861128,36.4974963],[139.2890944,36.4985842],[139.2914564,36.4998363],[139.2933956,36.5019784],[139.2945201,36.503485],[139.2973771,36.5067164],[139.2984641,36.5084777],[139.3005176,36.5093883],[139.3031393,36.5105065],[139.3054177,36.5118119],[139.3080448,36.5134385],[139.3108202,36.5151422],[139.3127059,36.5165452],[139.3143394,36.5185951],[139.3154465,36.520848],[139.317761,36.5220958],[139.3203627,36.5250932],[139.3223553,36.5259118],[139.3248757,36.5268573],[139.3273158,36.527743],[139.3301949,36.5289196],[139.3321601,36.5301281],[139.334119,36.5313237],[139.3362706,36.5326136],[139.3377914,36.533518]]},"properties":{"name":"tokyo_line_2247","loading_pct":89.3,"p_mw":187.0,"synthetic":false,"tie":false}},{"type":"Feature","geometry":{"type":"LineString","coordinates":[[139.2947908,36.4596054],[139.2966764,36.4613194],[139.2983459,36.4627994],[139.2976121,36.4660929],[139.2977405,36.4661374]]},"properties":{"name":"tokyo_line_2248","loading_pct":25.3,"p_mw":17.2,"synthetic":false,"tie":false}},{"type":"Feature","geometry":{"type":"LineString","coordinates":[[139.2062031,36.4639858],[139.2077827,36.4658818]]},"properties":{"name":"tokyo_line_2249","loading_pct":83.5,"p_mw":-112.7,"synthetic":false,"tie":false}},{"type":"Feature","geometry":{"type":"LineString","coordinates":[[139.367795,36.5430014],[139.3701339,36.545695],[139.3718559,36.5487311],[139.3719873,36.5500541],[139.3704879,36.5544324],[139.3704772,36.5556584],[139.3698174,36.559069],[139.3707952,36.5605685],[139.3751335,36.5619904],[139.3760227,36.563213],[139.3766436,36.5652736],[139.3764827,36.5677811],[139.3779686,36.5721013],[139.3794552,36.5743009],[139.3835825,36.5763523],[139.3863251,36.5774368]]},"properties":{"name":"tokyo_line_2250","loading_pct":84.0,"p_mw":149.5,"synthetic":false,"tie":false}},{"type":"Feature","geometry":{"type":"LineString","coordinates":[[139.3685299,36.5386505],[139.372513,36.5386807],[139.3730521,36.5397625],[139.372986,36.5409697],[139.3728978,36.5409726]]},"properties":{"name":"tokyo_line_2251","loading_pct":25.3,"p_mw":17.2,"synthetic":false,"tie":false}},{"type":"Feature","geometry":{"type":"LineString","coordinates":[[139.3315115,36.3876425],[139.3343734,36.3875697]]},"properties":{"name":"tokyo_line_2252","loading_pct":55.6,"p_mw":-221.6,"synthetic":false,"tie":false}},{"type":"Feature","geometry":{"type":"LineString","coordinates":[[139.315614,36.3916964],[139.3145095,36.3936697]]},"properties":{"name":"tokyo_line_2253","loading_pct":11.7,"p_mw":21.1,"synthetic":false,"tie":false}},{"type":"Feature","geometry":{"type":"LineString","coordinates":[[139.3122679,36.3801872],[139.3112232,36.3782869],[139.3099719,36.3760064],[139.3087736,36.3738387],[139.308456,36.3713688],[139.3081513,36.3688931],[139.3078667,36.3666024],[139.307539,36.3638926],[139.3072075,36.3613278],[139.3081896,36.3586719],[139.3092428,36.3561988],[139.3105419,36.3531644],[139.3134704,36.3515209],[139.3162673,36.3499498]]},"properties":{"name":"tokyo_line_2254","loading_pct":87.9,"p_mw":212.2,"synthetic":false,"tie":false}},{"type":"Feature","geometry":{"type":"LineString","coordinates":[[139.3343734,36.3875697],[139.3369174,36.3875365]]},"properties":{"name":"tokyo_line_2255","loading_pct":46.7,"p_mw":-140.9,"synthetic":false,"tie":false}},{"type":"Feature","geometry":{"type":"LineString","coordinates":[[139.349564,36.4000215],[139.3484303,36.4026555]]},"properties":{"name":"tokyo_line_2256","loading_pct":83.5,"p_mw":-76.6,"synthetic":false,"tie":false}},{"type":"Feature","geometry":{"type":"LineString","coordinates":[[139.2576628,36.0503335],[139.2553775,36.0501624]]},"properties":{"name":"tokyo_line_2257","loading_pct":74.5,"p_mw":132.9,"synthetic":false,"tie":false}},{"type":"Feature","geometry":{"type":"LineString","coordinates":[[139.2616062,36.06004],[139.2587708,36.0608086]]},"properties":{"name":"tokyo_line_2258","loading_pct":82.7,"p_mw":-72.6,"synthetic":false,"tie":false}},{"type":"Feature","geometry":{"type":"LineString","coordinates":[[139.0758759,35.9769541],[139.0753984,35.9786714]]},"properties":{"name":"tokyo_line_2259","loading_pct":61.4,"p_mw":41.7,"synthetic":false,"tie":false}},{"type":"Feature","geometry":{"type":"LineString","coordinates":[[139.0932433,35.9885443],[139.0940796,35.9904294]]},"properties":{"name":"tokyo_line_2260","loading_pct":8.0,"p_mw":-2.7,"synthetic":false,"tie":false}},{"type":"Feature","geometry":{"type":"LineString","coordinates":[[139.0650312,35.9810223],[139.0631025,35.9817583],[139.0590953,35.9832928],[139.0584582,35.9831637],[139.0552044,35.982722],[139.0554056,35.9822713],[139.0554371,35.9819295]]},"properties":{"name":"tokyo_line_2261","loading_pct":25.3,"p_mw":17.2,"synthetic":false,"tie":false}},{"type":"Feature","geometry":{"type":"LineString","coordinates":[[139.095,35.9847819],[139.0971129,35.9840717],[139.0996682,35.9836222]]},"properties":{"name":"tokyo_line_2262","loading_pct":16.8,"p_mw":10.0,"synthetic":false,"tie":false}},{"type":"Feature","geometry":{"type":"LineString","coordinates":[[139.23878,36.0723746],[139.2375281,36.0727462],[139.2357337,36.0732405],[139.2347928,36.0739118],[139.2334166,36.0755217],[139.2326081,36.0759792],[139.2301565,36.0765981],[139.2272856,36.0776442],[139.2244863,36.0788272],[139.2226216,36.0797505],[139.22078,36.0816233],[139.2178836,36.0830312],[139.2159254,36.0832679],[139.2130533,36.084131],[139.210831,36.0851927],[139.2090567,36.0860626],[139.2073532,36.087403],[139.2049584,36.0892257],[139.2020513,36.090694]]},"properties":{"name":"tokyo_line_2263","loading_pct":83.0,"p_mw":-68.2,"synthetic":false,"tie":false}},{"type":"Feature","geometry":{"type":"LineString","coordinates":[[139.1812994,36.104838],[139.1792972,36.1055431],[139.1772102,36.106251]]},"properties":{"name":"tokyo_line_2264","loading_pct":83.5,"p_mw":-71.8,"synthetic":false,"tie":false}},{"type":"Feature","geometry":{"type":"LineString","coordinates":[[139.2059225,36.0909559],[139.209646,36.0915252],[139.2123019,36.0933547]]},"properties":{"name":"tokyo_line_2265","loading_pct":75.9,"p_mw":51.6,"synthetic":false,"tie":false}},{"type":"Feature","geometry":{"type":"LineString","coordinates":[[139.1536239,36.1206847],[139.1526307,36.1216165],[139.1515271,36.1237232],[139.1495748,36.1256093],[139.1478604,36.1265176],[139.1449302,36.1268546],[139.1413628,36.1272383],[139.1382476,36.1275895],[139.1358975,36.1278486],[139.132623,36.1277535],[139.1303101,36.1277305],[139.1274431,36.1270646],[139.1246866,36.1264671]]},"properties":{"name":"tokyo_line_2266","loading_pct":20.7,"p_mw":13.6,"synthetic":false,"tie":false}},{"type":"Feature","geometry":{"type":"LineString","coordinates":[[138.8953131,36.3022085],[138.8969332,36.3042058],[138.8989663,36.306605],[138.9008036,36.3088486],[138.9026543,36.3110403],[138.9049637,36.3135193],[138.9063719,36.3153413],[138.9079061,36.3179174],[138.909671,36.3197112]]},"properties":{"name":"tokyo_line_2267","loading_pct":93.3,"p_mw":-109.0,"synthetic":false,"tie":false}},{"type":"Feature","geometry":{"type":"LineString","coordinates":[[138.8953131,36.3022085],[138.892293,36.3017005],[138.8886962,36.3010628],[138.8858503,36.3013546],[138.8823339,36.3017048],[138.8791716,36.3020528],[138.8769186,36.3008942],[138.8748023,36.2997917],[138.8726458,36.2987131],[138.8697892,36.297282],[138.86612,36.2954488],[138.8632849,36.2940415]]},"properties":{"name":"tokyo_line_2268","loading_pct":91.1,"p_mw":58.0,"synthetic":false,"tie":false}},{"type":"Feature","geometry":{"type":"LineString","coordinates":[[138.8953131,36.3022085],[138.8945889,36.2999387],[138.8969654,36.2973922]]},"properties":{"name":"tokyo_line_2269","loading_pct":49.9,"p_mw":33.9,"synthetic":false,"tie":false}},{"type":"Feature","geometry":{"type":"LineString","coordinates":[[138.9208364,36.3317056],[138.9218618,36.333019]]},"properties":{"name":"tokyo_line_2270","loading_pct":96.8,"p_mw":-100.6,"synthetic":false,"tie":false}},{"type":"Feature","geometry":{"type":"LineString","coordinates":[[139.0869536,36.4129193],[139.085229,36.4145509]]},"properties":{"name":"tokyo_line_2271","loading_pct":23.6,"p_mw":29.2,"synthetic":false,"tie":false}},{"type":"Feature","geometry":{"type":"LineString","coordinates":[[139.0869536,36.4129193],[139.0887393,36.4112468],[139.0905723,36.4095625],[139.0922262,36.4079924],[139.0941091,36.406234],[139.0953335,36.4044207],[139.0963595,36.4028912],[139.0979379,36.4005639],[139.0993876,36.3984266],[139.1006403,36.3965775],[139.1017414,36.3949507],[139.1031079,36.3929871]]},"properties":{"name":"tokyo_line_2272","loading_pct":8.9,"p_mw":-12.1,"synthetic":false,"tie":false}},{"type":"Feature","geometry":{"type":"LineString","coordinates":[[139.118495,36.385869],[139.1212135,36.3864887],[139.1238575,36.3870917],[139.1276622,36.3879242],[139.1311772,36.3890091],[139.1341263,36.3899105],[139.1369869,36.3908131],[139.1401076,36.3912666],[139.1424666,36.3915624],[139.1455699,36.3920223],[139.1490648,36.3924638],[139.152425,36.3923067],[139.1552473,36.3921766],[139.1578866,36.3919434],[139.1613158,36.3916649]]},"properties":{"name":"tokyo_line_2273","loading_pct":63.2,"p_mw":-390.0,"synthetic":false,"tie":false}},{"type":"Feature","geometry":{"type":"LineString","coordinates":[[139.0928269,36.3886557],[139.0914782,36.3891966],[139.0903688,36.3896266]]},"properties":{"name":"tokyo_line_2274","loading_pct":50.6,"p_mw":34.4,"synthetic":false,"tie":false}},{"type":"Feature","geometry":{"type":"LineString","coordinates":[[139.8143981,36.0970411],[139.8145589,36.0943193],[139.814765,36.0911593],[139.8149482,36.0880915],[139.8133454,36.0841427],[139.8119971,36.0808876],[139.8090503,36.0795963],[139.8032198,36.0770533],[139.8003914,36.0757991],[139.7981704,36.0730452],[139.7960138,36.0703696],[139.7930654,36.0676771],[139.7901104,36.0649676],[139.7854992,36.0607709],[139.7822345,36.0577617],[139.7801478,36.0558411],[139.7780326,36.0534833],[139.775501,36.0506716],[139.7731189,36.04799],[139.7709468,36.0456088],[139.767223,36.0443281],[139.7635544,36.0430785],[139.7606247,36.0420904],[139.757032,36.0406886],[139.7534245,36.0392932],[139.7502374,36.0380639],[139.7469878,36.0367954]]},"properties":{"name":"tokyo_line_2280","loading_pct":70.4,"p_mw":159.6,"synthetic":false,"tie":false}},{"type":"Feature","geometry":{"type":"LineString","coordinates":[[139.813352,36.1218669],[139.8136678,36.1237166],[139.8139236,36.1253932],[139.8141574,36.1272228]]},"properties":{"name":"tokyo_line_2282","loading_pct":64.4,"p_mw":-166.1,"synthetic":false,"tie":false}},{"type":"Feature","geometry":{"type":"LineString","coordinates":[[139.8051694,36.0968717],[139.8027367,36.0954165],[139.7949266,36.0908229],[139.7944531,36.0881409],[139.7942666,36.0868067],[139.7939167,36.0854688],[139.7933263,36.0831895],[139.792632,36.0805548],[139.7920488,36.0778026],[139.7921067,36.0758836],[139.7923108,36.0732905],[139.7925764,36.0705695],[139.7927703,36.0687058],[139.792866,36.0674951],[139.7930342,36.066004],[139.7932446,36.0637305]]},"properties":{"name":"tokyo_line_2283","loading_pct":80.6,"p_mw":126.1,"synthetic":false,"tie":false}},{"type":"Feature","geometry":{"type":"LineString","coordinates":[[139.8377858,36.0949867],[139.8379882,36.091724],[139.8382414,36.0885593],[139.8388021,36.0857285],[139.8392946,36.0830614],[139.8397759,36.080571],[139.8403812,36.077442],[139.8428804,36.0750463],[139.8453176,36.0727355],[139.8478872,36.0703172],[139.8504636,36.0678998],[139.8538525,36.0664451],[139.8573815,36.0649785]]},"properties":{"name":"tokyo_line_2284","loading_pct":42.8,"p_mw":-1477.4,"synthetic":false,"tie":false}},{"type":"Feature","geometry":{"type":"LineString","coordinates":[[139.8402405,36.1180709],[139.8403295,36.1215172],[139.8404123,36.1249861],[139.8388839,36.1291323],[139.8371229,36.133844],[139.8356632,36.137925],[139.8377816,36.14148],[139.8397281,36.1448223],[139.8416009,36.1485814]]},"properties":{"name":"tokyo_line_2285","loading_pct":27.4,"p_mw":948.7,"synthetic":false,"tie":false}},{"type":"Feature","geometry":{"type":"LineString","coordinates":[[139.5648334,36.3134746],[139.5639736,36.3108155]]},"properties":{"name":"tokyo_line_2286","loading_pct":64.2,"p_mw":-42.9,"synthetic":false,"tie":false}},{"type":"Feature","geometry":{"type":"LineString","coordinates":[[139.3377457,36.2790152],[139.3363982,36.2787074]]},"properties":{"name":"tokyo_line_2287","loading_pct":63.8,"p_mw":149.4,"synthetic":false,"tie":false}},{"type":"Feature","geometry":{"type":"LineString","coordinates":[[139.3377457,36.2790152],[139.336141,36.2784963]]},"properties":{"name":"tokyo_line_2288","loading_pct":62.7,"p_mw":138.1,"synthetic":false,"tie":false}},{"type":"Feature","geometry":{"type":"LineString","coordinates":[[139.3758893,36.2858151],[139.3756887,36.2846117]]},"properties":{"name":"tokyo_line_2289","loading_pct":74.8,"p_mw":-662.3,"synthetic":false,"tie":false}},{"type":"Feature","geometry":{"type":"LineString","coordinates":[[139.308998,36.295008],[139.3091471,36.2930345]]},"properties":{"name":"tokyo_line_2290","loading_pct":75.9,"p_mw":51.6,"synthetic":false,"tie":false}},{"type":"Feature","geometry":{"type":"LineString","coordinates":[[139.308998,36.295008],[139.3086607,36.2964937]]},"properties":{"name":"tokyo_line_2291","loading_pct":80.7,"p_mw":-103.2,"synthetic":false,"tie":false}},{"type":"Feature","geometry":{"type":"LineString","coordinates":[[139.308998,36.295008],[139.308574,36.295302]]},"properties":{"name":"tokyo_line_2292","loading_pct":25.3,"p_mw":17.2,"synthetic":false,"tie":false}},{"type":"Feature","geometry":{"type":"LineString","coordinates":[[139.308998,36.295008],[139.3085786,36.2952116]]},"properties":{"name":"tokyo_line_2293","loading_pct":25.3,"p_mw":17.2,"synthetic":false,"tie":false}},{"type":"Feature","geometry":{"type":"LineString","coordinates":[[139.3091471,36.2930345],[139.3091589,36.2929033]]},"properties":{"name":"tokyo_line_2294","loading_pct":25.3,"p_mw":17.2,"synthetic":false,"tie":false}},{"type":"Feature","geometry":{"type":"LineString","coordinates":[[139.3091471,36.2930345],[139.3091005,36.290838],[139.3077605,36.2906849],[139.307808,36.2904994]]},"properties":{"name":"tokyo_line_2295","loading_pct":25.3,"p_mw":17.2,"synthetic":false,"tie":false}},{"type":"Feature","geometry":{"type":"LineString","coordinates":[[139.2717363,36.2797482],[139.2724866,36.2761592]]},"properties":{"name":"tokyo_line_2296","loading_pct":29.7,"p_mw":1022.1,"synthetic":false,"tie":false}},{"type":"Feature","geometry":{"type":"LineString","coordinates":[[139.336141,36.2784963],[139.3363982,36.2787074]]},"properties":{"name":"tokyo_line_2299","loading_pct":56.8,"p_mw":-80.4,"synthetic":false,"tie":false}},{"type":"Feature","geometry":{"type":"LineString","coordinates":[[139.4814414,36.2566485],[139.4818833,36.2557918]]},"properties":{"name":"tokyo_line_2300","loading_pct":25.3,"p_mw":17.2,"synthetic":false,"tie":false}},{"type":"Feature","geometry":{"type":"LineString","coordinates":[[139.5035558,36.268556],[139.5054793,36.267325],[139.5080897,36.2648942]]},"properties":{"name":"tokyo_line_2301","loading_pct":33.3,"p_mw":-103.3,"synthetic":false,"tie":false}},{"type":"Feature","geometry":{"type":"LineString","coordinates":[[139.4744518,36.2683229],[139.4714097,36.2685334],[139.4682782,36.2687237],[139.4653972,36.2688242],[139.4626468,36.2689118],[139.4594765,36.268994],[139.4567963,36.269075],[139.4533074,36.2703985],[139.4507727,36.2713348],[139.4471437,36.2726983]]},"properties":{"name":"tokyo_line_2302","loading_pct":29.8,"p_mw":87.0,"synthetic":false,"tie":false}},{"type":"Feature","geometry":{"type":"LineString","coordinates":[[139.2627529,36.2930859],[139.2632867,36.2933578]]},"properties":{"name":"tokyo_line_2303","loading_pct":25.5,"p_mw":17.2,"synthetic":false,"tie":false}},{"type":"Feature","geometry":{"type":"LineString","coordinates":[[139.0224203,36.5113975],[139.0248102,36.5095435]]},"properties":{"name":"tokyo_line_2304","loading_pct":18.8,"p_mw":-12.7,"synthetic":false,"tie":false}},{"type":"Feature","geometry":{"type":"LineString","coordinates":[[139.0339029,36.4987053],[139.0353915,36.4969717]]},"properties":{"name":"tokyo_line_2305","loading_pct":80.0,"p_mw":-34.8,"synthetic":false,"tie":false}},{"type":"Feature","geometry":{"type":"LineString","coordinates":[[139.0187833,36.4950807],[139.014288,36.492991]]},"properties":{"name":"tokyo_line_2306","loading_pct":26.7,"p_mw":18.2,"synthetic":false,"tie":false}},{"type":"Feature","geometry":{"type":"LineString","coordinates":[[139.3113532,36.8080348],[139.3134205,36.8089242]]},"properties":{"name":"tokyo_line_2307","loading_pct":5.1,"p_mw":13.4,"synthetic":false,"tie":false}},{"type":"Feature","geometry":{"type":"LineString","coordinates":[[139.3113532,36.8080348],[139.3134185,36.8088243]]},"properties":{"name":"tokyo_line_2308","loading_pct":10.3,"p_mw":27.1,"synthetic":false,"tie":false}},{"type":"Feature","geometry":{"type":"LineString","coordinates":[[139.3113532,36.8080348],[139.3093389,36.8087747],[139.3070094,36.8091924],[139.304413,36.8085364],[139.3018623,36.8077965],[139.2992042,36.8068441],[139.2950039,36.8053569],[139.2912998,36.8040672],[139.2861083,36.8022386],[139.2852259,36.8019121],[139.282187,36.8010058],[139.2787027,36.799715],[139.2768842,36.7985015],[139.2752863,36.7973416],[139.2738641,36.796169],[139.2721662,36.7947879],[139.2691943,36.7923779],[139.2667174,36.790766]]},"properties":{"name":"tokyo_line_2309","loading_pct":14.3,"p_mw":-36.6,"synthetic":false,"tie":false}},{"type":"Feature","geometry":{"type":"LineString","coordinates":[[139.2667174,36.790766],[139.266981,36.7912826]]},"properties":{"name":"tokyo_line_2310","loading_pct":3.9,"p_mw":10.3,"synthetic":false,"tie":false}},{"type":"Feature","geometry":{"type":"LineString","coordinates":[[139.2667174,36.790766],[139.2669009,36.7911611]]},"properties":{"name":"tokyo_line_2311","loading_pct":3.9,"p_mw":10.3,"synthetic":false,"tie":false}},{"type":"Feature","geometry":{"type":"LineString","coordinates":[[139.2667174,36.790766],[139.2645112,36.78936],[139.2605951,36.7873172],[139.2584802,36.7861734],[139.2570439,36.785399],[139.2553756,36.7840586],[139.2530299,36.7822036],[139.249527,36.779428],[139.2482489,36.7784656],[139.2452851,36.7762463]]},"properties":{"name":"tokyo_line_2312","loading_pct":25.9,"p_mw":-67.5,"synthetic":false,"tie":false}},{"type":"Feature","geometry":{"type":"LineString","coordinates":[[139.237492,36.7701918],[139.2374101,36.7681486],[139.237378,36.7671934],[139.2373324,36.7659128],[139.2371795,36.7624653],[139.237453,36.759776],[139.2376059,36.7583792],[139.2378098,36.7563786],[139.2380029,36.7543843],[139.238196,36.7526199],[139.2384522,36.7501291],[139.2386761,36.7478102],[139.2382148,36.7458502],[139.2377507,36.7438814],[139.2366511,36.74009],[139.235267,36.7383124]]},"properties":{"name":"tokyo_line_2313","loading_pct":52.0,"p_mw":-137.5,"synthetic":false,"tie":false}},{"type":"Feature","geometry":{"type":"LineString","coordinates":[[139.2284221,36.7202807],[139.2288163,36.7169072],[139.227848,36.7157656],[139.2262387,36.7139896],[139.2246804,36.7122393],[139.2229476,36.7103041],[139.221054,36.7081948],[139.2197666,36.7067648],[139.2188224,36.7056917],[139.2183557,36.7043907],[139.2171514,36.7022059],[139.2154697,36.7005414],[139.2141232,36.695309],[139.212369,36.6918098],[139.2114973,36.6900269],[139.2106229,36.6887256],[139.2085875,36.6856282],[139.2075276,36.6838731],[139.2064521,36.6819673],[139.2042607,36.6802207],[139.2024905,36.6784934],[139.2008838,36.6767682],[139.2005378,36.6748342],[139.2001837,36.6730142],[139.1988806,36.6708143],[139.1975877,36.6687468],[139.1967612,36.6674508],[139.1946181,36.66548],[139.1928854,36.6638922],[139.1882103,36.6620784],[139.1871026,36.6616653],[139.1825241,36.6598666],[139.1764462,36.6575944],[139.1736138,36.6565207],[139.1712534,36.6555696],[139.1688046,36.6555782],[139.1653016,36.655546],[139.1617611,36.6559161],[139.1594464,36.6560731],[139.1539237,36.6566799],[139.1511852,36.6569274],[139.1484708,36.6571985],[139.1463036,36.6573857]]},"properties":{"name":"tokyo_line_2315","loading_pct":79.0,"p_mw":-208.1,"synthetic":false,"tie":false}},{"type":"Feature","geometry":{"type":"LineString","coordinates":[[139.055771,36.9101641],[139.057348,36.9077836],[139.0546283,36.9046308],[139.0538512,36.9025725],[139.0524557,36.8986917],[139.0508544,36.8958903],[139.0481904,36.8914874],[139.046123,36.8880927],[139.0423679,36.8814829],[139.0378002,36.8752136],[139.0356383,36.8717978],[139.0327455,36.8693731],[139.0302365,36.867245],[139.0271413,36.8644742],[139.024314,36.8618388],[139.0207949,36.8550679],[139.0199313,36.8528122],[139.0186102,36.8492784],[139.0136013,36.8444371],[139.0114983,36.841636],[139.0067026,36.8350758],[139.0046722,36.8319328],[139.0000964,36.828281],[138.9985433,36.826819],[138.9944905,36.8246011],[138.9888337,36.8230874],[138.9836303,36.8200234],[138.9754468,36.8155357],[138.9714288,36.8142623],[138.9669442,36.81315],[138.9621752,36.8120635],[138.959595,36.8114235],[138.9553087,36.8104014],[138.951323,36.8080263],[138.9492631,36.8063169],[138.9429492,36.8021118],[138.9382124,36.7950371],[138.9364582,36.7899723],[138.9353585,36.7857148],[138.9334923,36.7843185],[138.9290446,36.7809243],[138.9267969,36.7792357],[138.9253003,36.7780048],[138.9223257,36.7757425],[138.9200431,36.7732309],[138.9162398,36.7690413],[138.9143769,36.76681],[138.913481,36.7658183],[138.9088422,36.7631518],[138.9049101,36.7609299],[138.9016995,36.7578184],[138.8986981,36.7549001],[138.8964879,36.7528113],[138.894664,36.751049],[138.8923868,36.7488375],[138.8874945,36.745272],[138.8798583,36.7399631],[138.8764277,36.7380007],[138.8742672,36.7368356],[138.866171,36.7350752],[138.8605209,36.7320325],[138.8577226,36.7305422],[138.855265,36.7292132],[138.8531951,36.7270403],[138.8484053,36.7222317],[138.8456682,36.7174856],[138.8441634,36.7154537]]},"properties":{"name":"tokyo_line_2316","loading_pct":1.0,"p_mw":-3.8,"synthetic":false,"tie":false}},{"type":"Feature","geometry":{"type":"LineString","coordinates":[[138.8441634,36.7154537],[138.8456789,36.7138003]]},"properties":{"name":"tokyo_line_2317","loading_pct":7.8,"p_mw":-73.5,"synthetic":false,"tie":false}},{"type":"Feature","geometry":{"type":"LineString","coordinates":[[138.8441634,36.7154537],[138.8388017,36.7197538]]},"properties":{"name":"tokyo_line_2318","loading_pct":6.2,"p_mw":58.5,"synthetic":false,"tie":false}},{"type":"Feature","geometry":{"type":"LineString","coordinates":[[139.0581011,36.4483923],[139.0591149,36.4464161],[139.0610219,36.4431844],[139.0627963,36.4405928],[139.0644933,36.4375411],[139.0662691,36.4357363],[139.0676705,36.433777],[139.0690707,36.4318013],[139.0704313,36.4298844],[139.0718413,36.4279297]]},"properties":{"name":"tokyo_line_2321","loading_pct":7.1,"p_mw":-4.7,"synthetic":false,"tie":false}},{"type":"Feature","geometry":{"type":"LineString","coordinates":[[139.0450806,36.4383248],[139.0449653,36.4371444],[139.0459738,36.4360676],[139.046456,36.4354185]]},"properties":{"name":"tokyo_line_2322","loading_pct":35.2,"p_mw":23.5,"synthetic":false,"tie":false}},{"type":"Feature","geometry":{"type":"LineString","coordinates":[[139.054291,36.4198488],[139.0535158,36.4208827],[139.0535064,36.4219841],[139.0534073,36.4233682],[139.0532587,36.4248348],[139.0527738,36.4258856],[139.0521155,36.4269991],[139.051131,36.4280012],[139.0505197,36.4291926],[139.049237,36.4309158],[139.048264,36.4321469],[139.0476149,36.4331892],[139.0468957,36.4341542],[139.046456,36.4354185]]},"properties":{"name":"tokyo_line_2323","loading_pct":15.9,"p_mw":10.9,"synthetic":false,"tie":false}},{"type":"Feature","geometry":{"type":"LineString","coordinates":[[139.0353915,36.4969717],[139.0387228,36.4981296],[139.0409946,36.4989403],[139.0436634,36.499889],[139.0460814,36.5010543],[139.0489152,36.5024105],[139.0513855,36.5035941],[139.0521399,36.5039278]]},"properties":{"name":"tokyo_line_2324","loading_pct":62.0,"p_mw":-57.5,"synthetic":false,"tie":false}},{"type":"Feature","geometry":{"type":"LineString","coordinates":[[139.0714372,36.8728489],[139.0761258,36.8757553],[139.0778083,36.8773694]]},"properties":{"name":"tokyo_line_2325","loading_pct":2.8,"p_mw":7.5,"synthetic":false,"tie":false}},{"type":"Feature","geometry":{"type":"LineString","coordinates":[[139.0470564,36.6637975],[139.0513265,36.6629714],[139.0585738,36.6614782],[139.0656334,36.6603378],[139.0715799,36.6590791],[139.0743935,36.6586122],[139.0777239,36.6579454]]},"properties":{"name":"tokyo_line_2326","loading_pct":94.4,"p_mw":63.5,"synthetic":false,"tie":false}},{"type":"Feature","geometry":{"type":"LineString","coordinates":[[138.8456789,36.7138003],[138.8437235,36.715514],[138.8388017,36.7197538]]},"properties":{"name":"tokyo_line_2328","loading_pct":6.6,"p_mw":62.5,"synthetic":false,"tie":false}},{"type":"Feature","geometry":{"type":"LineString","coordinates":[[139.1251168,36.0325422],[139.1264619,36.0339205],[139.1286331,36.0363303],[139.1313274,36.0392367],[139.1335161,36.0404078],[139.1350495,36.0412477],[139.1370023,36.0423043],[139.1384107,36.043068],[139.1403573,36.0431619],[139.1421209,36.0432427],[139.1435691,36.0433099],[139.1455657,36.042409],[139.1465748,36.0419763],[139.148337,36.0420783],[139.1514751,36.0422426],[139.1528399,36.0423172],[139.1557125,36.0439273],[139.1576827,36.045619],[139.1592647,36.0465916],[139.1603225,36.0472128],[139.1622798,36.0484295],[139.1646325,36.0499191],[139.166225,36.0509377],[139.1682641,36.0522311],[139.1697651,36.0531916],[139.1716292,36.0543697],[139.1717007,36.0568255],[139.1770931,36.0578885],[139.1806837,36.0586705],[139.1821317,36.058526],[139.1832621,36.0583933],[139.1872953,36.058324],[139.1895067,36.0582794],[139.1921482,36.0575883],[139.1945439,36.0569458],[139.19616,36.0562308],[139.1976245,36.0555937],[139.1997864,36.0546442],[139.2018046,36.0537529],[139.2036224,36.0529608],[139.2053646,36.0522214],[139.207068,36.0515076],[139.2082759,36.0507092],[139.2095111,36.04991],[139.2117655,36.0495533],[139.2140629,36.049163],[139.2165224,36.0487682],[139.2188452,36.0483888],[139.2212458,36.0479994],[139.2237926,36.0475734]]},"properties":{"name":"tokyo_line_2329","loading_pct":74.3,"p_mw":-111.5,"synthetic":false,"tie":false}},{"type":"Feature","geometry":{"type":"LineString","coordinates":[[139.1059984,36.0139241],[139.1043833,36.0120072],[139.1024762,36.0093255],[139.1009688,36.0071015]]},"properties":{"name":"tokyo_line_2330","loading_pct":19.3,"p_mw":12.7,"synthetic":false,"tie":false}},{"type":"Feature","geometry":{"type":"LineString","coordinates":[[139.1006847,36.0285476],[139.0990248,36.0295594],[139.0973122,36.029349]]},"properties":{"name":"tokyo_line_2331","loading_pct":80.9,"p_mw":103.3,"synthetic":false,"tie":false}},{"type":"Feature","geometry":{"type":"LineString","coordinates":[[138.9174601,35.9504309],[138.9141852,35.9517641]]},"properties":{"name":"tokyo_line_2332","loading_pct":45.2,"p_mw":29.7,"synthetic":false,"tie":false}},{"type":"Feature","geometry":{"type":"LineString","coordinates":[[138.947394,35.9534545],[138.9501905,35.953181],[138.9515768,35.9530109],[138.952685,35.9534977],[138.9539859,35.9540711],[138.9556876,35.9548165],[138.957449,35.9555753],[138.962755,35.9578728]]},"properties":{"name":"tokyo_line_2333","loading_pct":43.8,"p_mw":-22.5,"synthetic":false,"tie":false}},{"type":"Feature","geometry":{"type":"LineString","coordinates":[[138.962755,35.9578728],[138.9627853,35.9577524],[138.9637659,35.9538133],[138.9644198,35.9517075],[138.9651742,35.9473903],[138.9647447,35.9453908],[138.9639913,35.9426122],[138.9631786,35.9402413],[138.9625959,35.9367661],[138.9623789,35.93669]]},"properties":{"name":"tokyo_line_2334","loading_pct":25.4,"p_mw":17.2,"synthetic":false,"tie":false}},{"type":"Feature","geometry":{"type":"LineString","coordinates":[[139.6794649,36.768646],[139.6770697,36.7672665],[139.6749186,36.7662803],[139.6714211,36.7643593],[139.6698975,36.7634418],[139.6680012,36.7622965],[139.6651433,36.7605464],[139.6634119,36.7594773],[139.6604253,36.7579634],[139.6568057,36.7566929],[139.6550334,36.7560825],[139.6524712,36.7551773],[139.6501538,36.7544209],[139.648574,36.7538643],[139.6466428,36.7528381],[139.6431586,36.7510362],[139.6396755,36.7490147]]},"properties":{"name":"tokyo_line_2335","loading_pct":88.5,"p_mw":367.2,"synthetic":false,"tie":false}},{"type":"Feature","geometry":{"type":"LineString","coordinates":[[139.6794649,36.768646],[139.6756375,36.7716647],[139.6721721,36.774013],[139.668425,36.7765417],[139.6650213,36.7794312],[139.6617383,36.7830102],[139.6585679,36.7865096],[139.6570632,36.7874655],[139.6555316,36.7884536],[139.6514815,36.7903739],[139.6496925,36.7912202],[139.6481502,36.7918131],[139.6433169,36.79354],[139.6404523,36.7938407],[139.6365094,36.7961411],[139.6355545,36.8020775],[139.6359193,36.8060914],[139.6343797,36.8073498],[139.6324083,36.811022]]},"properties":{"name":"tokyo_line_2336","loading_pct":60.6,"p_mw":39.6,"synthetic":false,"tie":false}},{"type":"Feature","geometry":{"type":"LineString","coordinates":[[139.6794649,36.768646],[139.6827427,36.7707515],[139.686145,36.7730391],[139.6878683,36.774331],[139.6907812,36.7764214],[139.6934769,36.7783044]]},"properties":{"name":"tokyo_line_2337","loading_pct":87.1,"p_mw":-470.7,"synthetic":false,"tie":false}},{"type":"Feature","geometry":{"type":"LineString","coordinates":[[139.6106195,36.7463183],[139.6017672,36.7485943]]},"properties":{"name":"tokyo_line_2338","loading_pct":84.8,"p_mw":251.0,"synthetic":false,"tie":false}},{"type":"Feature","geometry":{"type":"LineString","coordinates":[[139.6396755,36.7490147],[139.6423676,36.7486069],[139.6448657,36.7482462],[139.6469346,36.7478426]]},"properties":{"name":"tokyo_line_2339","loading_pct":80.9,"p_mw":86.1,"synthetic":false,"tie":false}},{"type":"Feature","geometry":{"type":"LineString","coordinates":[[138.8377187,36.2953139],[138.8385657,36.2938411]]},"properties":{"name":"tokyo_line_2340","loading_pct":46.2,"p_mw":-23.3,"synthetic":false,"tie":false}},{"type":"Feature","geometry":{"type":"LineString","coordinates":[[138.8347637,36.3081808],[138.8348334,36.3130488],[138.8348763,36.3159665],[138.8338483,36.3186248],[138.8336816,36.3205247],[138.8334621,36.322768],[138.83321,36.3245433],[138.8303154,36.3253917],[138.8281363,36.3259026],[138.8252051,36.3266134],[138.8221398,36.3272652],[138.8190866,36.3279858],[138.8154521,36.3283035],[138.8118545,36.3286188],[138.8085598,36.3297984],[138.8062894,36.3306904],[138.8037526,36.3316991],[138.8010725,36.332725],[138.7980326,36.333905],[138.795822,36.3347849],[138.7932595,36.3350116],[138.7895344,36.3350724],[138.7866322,36.3355207],[138.7832241,36.336076],[138.7800877,36.3365217],[138.7774036,36.3368022],[138.7749355,36.3370518],[138.7727413,36.3373008],[138.7696236,36.3376222],[138.7669433,36.3379044],[138.7641579,36.3376364],[138.7622432,36.3374568],[138.7607001,36.3369037],[138.7587996,36.3361625],[138.7568707,36.3359771],[138.7542234,36.3358346],[138.7516615,36.3356622]]},"properties":{"name":"tokyo_line_2341","loading_pct":14.2,"p_mw":9.7,"synthetic":false,"tie":false}},{"type":"Feature","geometry":{"type":"LineString","coordinates":[[138.8969654,36.2973922],[138.8986283,36.2945041],[138.9005345,36.2912417],[138.8989113,36.2884678],[138.8987919,36.2848218],[138.8992009,36.2831641],[138.8995137,36.2818816],[138.8994963,36.2803151],[138.8994378,36.279073],[138.9008865,36.2750079],[138.899145,36.2734627]]},"properties":{"name":"tokyo_line_2342","loading_pct":12.9,"p_mw":-0.6,"synthetic":false,"tie":false}},{"type":"Feature","geometry":{"type":"LineString","coordinates":[[138.8969654,36.2973922],[138.8997173,36.2971826],[138.9027107,36.2978397],[138.9057094,36.2973274],[138.908228,36.2942987],[138.9105695,36.2950943],[138.914381,36.2958828],[138.9175654,36.2965004],[138.920737,36.2964984],[138.9232121,36.2967171],[138.9248201,36.2992081],[138.9257661,36.3002934],[138.9269874,36.3057528],[138.9299054,36.3072761],[138.9299827,36.3074037]]},"properties":{"name":"tokyo_line_2343","loading_pct":25.4,"p_mw":17.2,"synthetic":false,"tie":false}},{"type":"Feature","geometry":{"type":"LineString","coordinates":[[138.8886613,36.2675762],[138.885963,36.268173],[138.8841605,36.2674486],[138.8812718,36.2674788],[138.8789141,36.2685882],[138.8758349,36.2685298],[138.8737375,36.2678465],[138.8722274,36.2663997]]},"properties":{"name":"tokyo_line_2344","loading_pct":50.8,"p_mw":34.5,"synthetic":false,"tie":false}},{"type":"Feature","geometry":{"type":"LineString","coordinates":[[138.849391,36.2482426],[138.8482457,36.2470269],[138.8470173,36.2460124],[138.8454401,36.2454738],[138.8432273,36.245039],[138.8415429,36.2448162],[138.8395742,36.2444657],[138.836334,36.2439292],[138.8331771,36.2434252],[138.8296929,36.2428628],[138.8270456,36.2424712],[138.8240683,36.2409764],[138.8215363,36.2393539],[138.8185188,36.2377227],[138.8165796,36.2366453],[138.8141441,36.2356372],[138.8115799,36.2347523],[138.8086751,36.2335472],[138.8056737,36.2320414],[138.8034824,36.2309553],[138.8005346,36.2298043],[138.7987509,36.228954],[138.7950361,36.2281686],[138.7921715,36.2297653],[138.7887758,36.2305853],[138.7862518,36.2287225],[138.7818369,36.2287073],[138.7803617,36.2281924],[138.7778378,36.2266692],[138.7759387,36.2261737],[138.7740612,36.2242912],[138.7719744,36.2230557],[138.7735328,36.221026]]},"properties":{"name":"tokyo_line_2345","loading_pct":25.5,"p_mw":17.3,"synthetic":false,"tie":false}},{"type":"Feature","geometry":{"type":"LineString","coordinates":[[139.0904859,36.2667165],[139.0877051,36.2700443]]},"properties":{"name":"tokyo_line_2346","loading_pct":26.0,"p_mw":-69.1,"synthetic":false,"tie":false}},{"type":"Feature","geometry":{"type":"LineString","coordinates":[[139.0904859,36.2667165],[139.0918403,36.2651261],[139.0931213,36.263552],[139.0955374,36.2606902],[139.0976975,36.2581291],[139.1006329,36.2560205],[139.1033945,36.2540392],[139.1090283,36.2500475],[139.1112395,36.2484741]]},"properties":{"name":"tokyo_line_2348","loading_pct":15.9,"p_mw":41.5,"synthetic":false,"tie":false}},{"type":"Feature","geometry":{"type":"LineString","coordinates":[[139.2875589,36.415334],[139.2900082,36.4135383]]},"properties":{"name":"tokyo_line_2349","loading_pct":7.7,"p_mw":-12.7,"synthetic":false,"tie":false}},{"type":"Feature","geometry":{"type":"LineString","coordinates":[[139.2785669,36.4245788],[139.2788038,36.4260351]]},"properties":{"name":"tokyo_line_2350","loading_pct":77.1,"p_mw":-328.4,"synthetic":false,"tie":false}},{"type":"Feature","geometry":{"type":"LineString","coordinates":[[139.3018906,36.4047032],[139.3044736,36.4029006]]},"properties":{"name":"tokyo_line_2351","loading_pct":4.4,"p_mw":6.2,"synthetic":false,"tie":false}},{"type":"Feature","geometry":{"type":"LineString","coordinates":[[139.3114534,36.3979077],[139.3134454,36.3955784]]},"properties":{"name":"tokyo_line_2352","loading_pct":3.7,"p_mw":-3.9,"synthetic":false,"tie":false}},{"type":"Feature","geometry":{"type":"LineString","coordinates":[[139.3146982,36.4028067],[139.3153296,36.4031224]]},"properties":{"name":"tokyo_line_2353","loading_pct":44.2,"p_mw":29.1,"synthetic":false,"tie":false}},{"type":"Feature","geometry":{"type":"LineString","coordinates":[[139.2825353,36.4336848],[139.2810042,36.4306731]]},"properties":{"name":"tokyo_line_2354","loading_pct":74.9,"p_mw":231.1,"synthetic":false,"tie":false}},{"type":"Feature","geometry":{"type":"LineString","coordinates":[[139.1790329,36.3911332],[139.1769223,36.3917167],[139.1744775,36.3913594],[139.172341,36.3910452],[139.1700196,36.3907062],[139.1677814,36.3903726],[139.1652172,36.3908749],[139.1613158,36.3916649]]},"properties":{"name":"tokyo_line_2355","loading_pct":49.6,"p_mw":182.9,"synthetic":false,"tie":false}},{"type":"Feature","geometry":{"type":"LineString","coordinates":[[139.1795162,36.3898931],[139.1785627,36.3872064],[139.1791013,36.3846728],[139.1795057,36.3821844]]},"properties":{"name":"tokyo_line_2356","loading_pct":50.6,"p_mw":34.4,"synthetic":false,"tie":false}},{"type":"Feature","geometry":{"type":"LineString","coordinates":[[139.1613158,36.3916649],[139.1614191,36.3922921],[139.1608102,36.3949316],[139.1603522,36.3969713]]},"properties":{"name":"tokyo_line_2357","loading_pct":80.8,"p_mw":-245.0,"synthetic":false,"tie":false}},{"type":"Feature","geometry":{"type":"LineString","coordinates":[[139.4015518,36.2840514],[139.4022491,36.2825527]]},"properties":{"name":"tokyo_line_2358","loading_pct":62.1,"p_mw":-515.3,"synthetic":false,"tie":false}},{"type":"Feature","geometry":{"type":"LineString","coordinates":[[139.3900043,36.2703972],[139.3908499,36.2681881]]},"properties":{"name":"tokyo_line_2359","loading_pct":17.8,"p_mw":-11.7,"synthetic":false,"tie":false}},{"type":"Feature","geometry":{"type":"LineString","coordinates":[[139.4192347,36.2832325],[139.4194417,36.2856975],[139.4218965,36.2879719],[139.4239084,36.2898302],[139.4258514,36.2916357],[139.4277828,36.2934377]]},"properties":{"name":"tokyo_line_2360","loading_pct":79.1,"p_mw":-277.4,"synthetic":false,"tie":false}},{"type":"Feature","geometry":{"type":"LineString","coordinates":[[139.4225152,36.2819879],[139.4255172,36.2808549],[139.4284641,36.2796866],[139.4323392,36.2782816]]},"properties":{"name":"tokyo_line_2361","loading_pct":50.2,"p_mw":-238.5,"synthetic":false,"tie":false}},{"type":"Feature","geometry":{"type":"LineString","coordinates":[[139.2068853,36.3155423],[139.2079153,36.3155538]]},"properties":{"name":"tokyo_line_2362","loading_pct":23.1,"p_mw":-27.9,"synthetic":false,"tie":false}},{"type":"Feature","geometry":{"type":"LineString","coordinates":[[139.2162095,36.3229165],[139.2148829,36.3254469]]},"properties":{"name":"tokyo_line_2363","loading_pct":14.6,"p_mw":10.0,"synthetic":false,"tie":false}},{"type":"Feature","geometry":{"type":"LineString","coordinates":[[138.602422,36.5539229],[138.6008149,36.5537672],[138.5998964,36.5536839],[138.596541,36.553349],[138.5927379,36.5529771],[138.5898771,36.5527045],[138.5879509,36.5525502],[138.5850553,36.5522186],[138.581217,36.5518327],[138.5795852,36.5516814],[138.5778764,36.5515113],[138.5756848,36.5513091],[138.5742002,36.5504999],[138.5734499,36.5500917],[138.5716101,36.5490906]]},"properties":{"name":"tokyo_line_2364","loading_pct":87.1,"p_mw":166.1,"synthetic":false,"tie":false}},{"type":"Feature","geometry":{"type":"LineString","coordinates":[[138.602422,36.5539229],[138.6044463,36.5541179],[138.6061576,36.5543376],[138.6076006,36.5541114],[138.608982,36.5537537],[138.6098269,36.5535339],[138.610476,36.5527109]]},"properties":{"name":"tokyo_line_2365","loading_pct":82.6,"p_mw":-306.9,"synthetic":false,"tie":false}},{"type":"Feature","geometry":{"type":"LineString","coordinates":[[138.602422,36.5539229],[138.60174,36.5547901],[138.6010829,36.5569511],[138.6008549,36.5602],[138.601225,36.563283],[138.6000636,36.5662947],[138.6021531,36.5682594],[138.6059967,36.5719516],[138.6068011,36.5746377],[138.6101273,36.5761864],[138.6131474,36.5779053],[138.6157411,36.579594],[138.6180398,36.5811598],[138.6194158,36.5839964],[138.6216903,36.5869449],[138.6236188,36.5895056],[138.6247802,36.5910152],[138.6280444,36.5930589],[138.6303431,36.5952017],[138.6309144,36.5965217],[138.6313087,36.5976803],[138.6313489,36.5998228]]},"properties":{"name":"tokyo_line_2366","loading_pct":84.8,"p_mw":123.6,"synthetic":false,"tie":false}},{"type":"Feature","geometry":{"type":"LineString","coordinates":[[138.5716101,36.5490906],[138.5712123,36.5472098]]},"properties":{"name":"tokyo_line_2367","loading_pct":25.3,"p_mw":17.2,"synthetic":false,"tie":false}},{"type":"Feature","geometry":{"type":"LineString","coordinates":[[138.5716101,36.5490906],[138.5711207,36.5472316],[138.5709429,36.5464965]]},"properties":{"name":"tokyo_line_2368","loading_pct":92.1,"p_mw":129.3,"synthetic":false,"tie":false}},{"type":"Feature","geometry":{"type":"LineString","coordinates":[[138.6401653,36.5482377],[138.6424747,36.5472788]]},"properties":{"name":"tokyo_line_2369","loading_pct":81.9,"p_mw":69.4,"synthetic":false,"tie":false}},{"type":"Feature","geometry":{"type":"LineString","coordinates":[[138.6114242,36.5472109],[138.6109883,36.5454709],[138.6105484,36.5423205],[138.6105537,36.5404694],[138.6105457,36.5389156],[138.6104733,36.5374976],[138.6109561,36.5364524],[138.6116213,36.534974],[138.6124179,36.5332197],[138.6127746,36.5324136],[138.6145261,36.5310709],[138.6166665,36.5296721],[138.6189195,36.5281914],[138.6196437,36.5262796],[138.6202941,36.5247067],[138.6171822,36.5233169]]},"properties":{"name":"tokyo_line_2370","loading_pct":7.7,"p_mw":34.5,"synthetic":false,"tie":false}},{"type":"Feature","geometry":{"type":"LineString","coordinates":[[138.7771404,36.5469103],[138.775228,36.548186],[138.7735006,36.5493582],[138.7718967,36.5504183],[138.7687102,36.5521485],[138.7668648,36.5531784],[138.7638581,36.5548332],[138.7569568,36.5586165],[138.7546125,36.5598984],[138.7470514,36.5640779],[138.7440741,36.5658186],[138.7420732,36.5673847],[138.7383536,36.5701475],[138.7381867,36.5702714],[138.7355994,36.5709198],[138.7336002,36.5723233],[138.7333444,36.5721585]]},"properties":{"name":"tokyo_line_2371","loading_pct":76.9,"p_mw":51.9,"synthetic":false,"tie":false}},{"type":"Feature","geometry":{"type":"LineString","coordinates":[[138.9093745,36.3814157],[138.9115517,36.3833832]]},"properties":{"name":"tokyo_line_2372","loading_pct":10.3,"p_mw":-9.4,"synthetic":false,"tie":false}},{"type":"Feature","geometry":{"type":"LineString","coordinates":[[138.8442224,36.5663722],[138.8440722,36.5668397],[138.8438979,36.56852],[138.8437745,36.5698858],[138.8438657,36.571943]]},"properties":{"name":"tokyo_line_2373","loading_pct":38.1,"p_mw":-26.1,"synthetic":false,"tie":false}},{"type":"Feature","geometry":{"type":"LineString","coordinates":[[139.098174,36.6640299],[139.1015455,36.6651702]]},"properties":{"name":"tokyo_line_2376","loading_pct":80.8,"p_mw":130.1,"synthetic":false,"tie":false}},{"type":"Feature","geometry":{"type":"LineString","coordinates":[[139.0779517,36.6566306],[139.074683,36.6541616],[139.072821,36.6529842],[139.0722193,36.6512882],[139.0692434,36.6501498],[139.0692434,36.6481536],[139.0660236,36.6464347]]},"properties":{"name":"tokyo_line_2378","loading_pct":9.7,"p_mw":6.4,"synthetic":false,"tie":false}},{"type":"Feature","geometry":{"type":"LineString","coordinates":[[139.1463036,36.6573857],[139.1419879,36.6578117],[139.139413,36.6580592],[139.1362051,36.6593362],[139.133707,36.6602095],[139.1312469,36.6611543],[139.1289402,36.6612146]]},"properties":{"name":"tokyo_line_2380","loading_pct":89.2,"p_mw":-236.8,"synthetic":false,"tie":false}},{"type":"Feature","geometry":{"type":"LineString","coordinates":[[139.0466788,36.602181],[139.0464619,36.6026748]]},"properties":{"name":"tokyo_line_2382","loading_pct":3.9,"p_mw":10.3,"synthetic":false,"tie":false}},{"type":"Feature","geometry":{"type":"LineString","coordinates":[[139.0466788,36.602181],[139.0463288,36.6026317]]},"properties":{"name":"tokyo_line_2383","loading_pct":3.9,"p_mw":10.3,"synthetic":false,"tie":false}},{"type":"Feature","geometry":{"type":"LineString","coordinates":[[139.0466788,36.602181],[139.0478169,36.6014092],[139.0518361,36.6008328]]},"properties":{"name":"tokyo_line_2384","loading_pct":11.8,"p_mw":-30.9,"synthetic":false,"tie":false}},{"type":"Feature","geometry":{"type":"LineString","coordinates":[[139.2888955,36.204972],[139.2852854,36.2054367],[139.2808839,36.2059961],[139.2774813,36.2064272],[139.2749377,36.2073613],[139.2718788,36.2085139],[139.2677124,36.2101052],[139.2646487,36.211242],[139.2613423,36.2125001],[139.2575315,36.2139297],[139.2542327,36.2151794],[139.2504582,36.2165974],[139.246701,36.2180013],[139.2434445,36.2192301],[139.2401886,36.2204595],[139.2368751,36.2217102],[139.2334778,36.2229955],[139.2308609,36.2244558]]},"properties":{"name":"tokyo_line_2385","loading_pct":41.2,"p_mw":22.1,"synthetic":false,"tie":false}},{"type":"Feature","geometry":{"type":"LineString","coordinates":[[139.2888955,36.204972],[139.2877338,36.2029945],[139.2879155,36.2017518],[139.2881649,36.2000231],[139.2886594,36.1987646],[139.2901097,36.1985127],[139.290404,36.1988566]]},"properties":{"name":"tokyo_line_2386","loading_pct":25.5,"p_mw":17.2,"synthetic":false,"tie":false}},{"type":"Feature","geometry":{"type":"LineString","coordinates":[[139.2888955,36.204972],[139.2914972,36.2061064],[139.2938669,36.2071252],[139.2964901,36.2082655],[139.2993742,36.2095018]]},"properties":{"name":"tokyo_line_2387","loading_pct":65.2,"p_mw":-56.5,"synthetic":false,"tie":false}},{"type":"Feature","geometry":{"type":"LineString","coordinates":[[139.1687446,36.2560934],[139.1666695,36.2570023]]},"properties":{"name":"tokyo_line_2390","loading_pct":11.3,"p_mw":30.1,"synthetic":false,"tie":false}},{"type":"Feature","geometry":{"type":"LineString","coordinates":[[138.9221532,36.956272],[138.9195887,36.9600572],[138.9176684,36.9617472],[138.9164964,36.9645205],[138.9153403,36.966282],[138.9145893,36.9670364],[138.9124891,36.9694237],[138.9107376,36.9706774],[138.909713,36.9722652],[138.9080908,36.9738674],[138.906412,36.9755014],[138.9052345,36.9773764],[138.9040276,36.979337],[138.9023029,36.980959],[138.9005031,36.9826216],[138.8991298,36.9838772],[138.8974722,36.9854241],[138.8956393,36.9871411],[138.8940082,36.988677],[138.893275,36.9897647],[138.8923023,36.9912587],[138.8904991,36.9924659],[138.8888046,36.9942798],[138.8877123,36.9963441],[138.8865418,36.9985131],[138.8854153,37.0006295],[138.8842566,37.0027973],[138.8827459,37.0045804],[138.8812525,37.006263],[138.8796968,37.0080065],[138.8780677,37.0098307],[138.8767885,37.0116653],[138.8757631,37.0138825]]},"properties":{"name":"tokyo_line_2391","loading_pct":25.5,"p_mw":17.3,"synthetic":false,"tie":false}},{"type":"Feature","geometry":{"type":"LineString","coordinates":[[138.6131448,36.3326217],[138.6097866,36.3334266],[138.6062568,36.3342596],[138.604093,36.3341191],[138.6008837,36.3338755],[138.5977086,36.3337075],[138.5939495,36.3337794]]},"properties":{"name":"tokyo_line_2393","loading_pct":13.6,"p_mw":24.4,"synthetic":false,"tie":false}},{"type":"Feature","geometry":{"type":"LineString","coordinates":[[138.6131448,36.3326217],[138.6167403,36.3317661],[138.6205,36.3308747],[138.6241016,36.3300191]]},"properties":{"name":"tokyo_line_2394","loading_pct":14.5,"p_mw":-39.8,"synthetic":false,"tie":false}},{"type":"Feature","geometry":{"type":"LineString","coordinates":[[138.6171822,36.5233169],[138.6203031,36.5229363]]},"properties":{"name":"tokyo_line_2395","loading_pct":25.4,"p_mw":17.2,"synthetic":false,"tie":false}},{"type":"Feature","geometry":{"type":"LineString","coordinates":[[139.205501,36.3328463],[139.2075781,36.3317367]]},"properties":{"name":"tokyo_line_2396","loading_pct":10.9,"p_mw":7.2,"synthetic":false,"tie":false}},{"type":"Feature","geometry":{"type":"LineString","coordinates":[[139.0806261,36.3202479],[139.0829656,36.3178841],[139.0850798,36.3157307]]},"properties":{"name":"tokyo_line_2397","loading_pct":14.1,"p_mw":37.4,"synthetic":false,"tie":false}},{"type":"Feature","geometry":{"type":"LineString","coordinates":[[138.5464355,36.3214357],[138.5509168,36.321881],[138.5527279,36.3219911],[138.5559561,36.3223378],[138.5570669,36.322446],[138.5587965,36.3224563],[138.5617919,36.322698],[138.5640095,36.3230205],[138.5658867,36.3231616],[138.5675625,36.3232877],[138.5694693,36.323434],[138.5717856,36.3236093],[138.5738364,36.3236467],[138.5767179,36.3231062]]},"properties":{"name":"tokyo_line_2398","loading_pct":12.1,"p_mw":-5.4,"synthetic":false,"tie":false}},{"type":"Feature","geometry":{"type":"LineString","coordinates":[[138.5464355,36.3214357],[138.5482863,36.3234652],[138.5496186,36.3248707],[138.5508484,36.3261724],[138.5521721,36.3275751],[138.5556529,36.3298532],[138.5572106,36.3308358],[138.5601658,36.3326541],[138.5621774,36.3338858],[138.564183,36.3341089],[138.5661129,36.3343063],[138.5677122,36.3344767]]},"properties":{"name":"tokyo_line_2399","loading_pct":11.0,"p_mw":-6.5,"synthetic":false,"tie":false}},{"type":"Feature","geometry":{"type":"LineString","coordinates":[[138.5767179,36.3231062],[138.5767016,36.3236123],[138.5767854,36.3248874],[138.5773145,36.3261921],[138.5806203,36.3272326]]},"properties":{"name":"tokyo_line_2400","loading_pct":3.4,"p_mw":-2.4,"synthetic":false,"tie":false}},{"type":"Feature","geometry":{"type":"LineString","coordinates":[[138.5767179,36.3231062],[138.5788725,36.3226448],[138.5808059,36.322233],[138.5834457,36.3216957],[138.5855926,36.3214369],[138.5878088,36.3211635],[138.5892514,36.3209752],[138.5924045,36.3205772],[138.5940445,36.3203691],[138.5969713,36.3199994],[138.5997616,36.3196538],[138.6015895,36.32133],[138.6033686,36.3230239],[138.6055482,36.3228105],[138.6077676,36.3225535],[138.6097718,36.3223295],[138.6121755,36.3221054],[138.6197736,36.3213402],[138.6230837,36.3235853]]},"properties":{"name":"tokyo_line_2401","loading_pct":31.0,"p_mw":-18.5,"synthetic":false,"tie":false}},{"type":"Feature","geometry":{"type":"LineString","coordinates":[[139.0962498,36.3043393],[139.097516,36.3030792],[139.0990052,36.3015673]]},"properties":{"name":"tokyo_line_2402","loading_pct":9.2,"p_mw":24.3,"synthetic":false,"tie":false}},{"type":"Feature","geometry":{"type":"LineString","coordinates":[[139.2801899,36.2525232],[139.2795519,36.2502908],[139.2777624,36.2441038],[139.277302,36.2425103],[139.2776847,36.2397573],[139.2781021,36.2367526],[139.2785217,36.2337538],[139.2788623,36.230753],[139.2794961,36.2276862],[139.2816879,36.2254589],[139.2834871,36.2236626],[139.2859388,36.2224389],[139.2888087,36.2210251],[139.2903909,36.2185498],[139.2924075,36.2162334],[139.2945932,36.2141429],[139.2968335,36.2119969],[139.2993742,36.2095018]]},"properties":{"name":"tokyo_line_2403","loading_pct":68.7,"p_mw":46.6,"synthetic":false,"tie":false}},{"type":"Feature","geometry":{"type":"LineString","coordinates":[[139.2801899,36.2525232],[139.2816868,36.2540146],[139.2835024,36.2554455],[139.2861586,36.2552643],[139.288612,36.2550986],[139.2911153,36.2549292],[139.2936633,36.2547485]]},"properties":{"name":"tokyo_line_2404","loading_pct":77.0,"p_mw":-72.1,"synthetic":false,"tie":false}},{"type":"Feature","geometry":{"type":"LineString","coordinates":[[139.2993742,36.2095018],[139.3012169,36.2076501],[139.3047363,36.2064429],[139.3073809,36.2055335],[139.310899,36.2043257],[139.3143557,36.2031277],[139.3178923,36.2022286],[139.3215644,36.2012886],[139.3250856,36.2003866]]},"properties":{"name":"tokyo_line_2405","loading_pct":40.8,"p_mw":-27.5,"synthetic":false,"tie":false}},{"type":"Feature","geometry":{"type":"LineString","coordinates":[[139.3250856,36.2003866],[139.3277567,36.1997186],[139.330148,36.1985433],[139.3297809,36.1970184],[139.3290778,36.1940275]]},"properties":{"name":"tokyo_line_2406","loading_pct":93.8,"p_mw":103.9,"synthetic":false,"tie":false}},{"type":"Feature","geometry":{"type":"LineString","coordinates":[[139.4299006,36.2530895],[139.4289269,36.2508994],[139.4277289,36.2482793],[139.4266018,36.2458026],[139.4254042,36.243191],[139.4239846,36.240124]]},"properties":{"name":"tokyo_line_2407","loading_pct":82.9,"p_mw":-109.6,"synthetic":false,"tie":false}},{"type":"Feature","geometry":{"type":"LineString","coordinates":[[139.4255617,36.2370385],[139.429062,36.2371981],[139.4330944,36.2371276],[139.4362812,36.2360774],[139.4397888,36.2355684],[139.4426903,36.2346311],[139.4454268,36.2338198],[139.4477852,36.2331297]]},"properties":{"name":"tokyo_line_2408","loading_pct":83.8,"p_mw":85.6,"synthetic":false,"tie":false}},{"type":"Feature","geometry":{"type":"LineString","coordinates":[[139.474103,36.2319809],[139.4762742,36.2307119]]},"properties":{"name":"tokyo_line_2409","loading_pct":30.4,"p_mw":20.0,"synthetic":false,"tie":false}},{"type":"Feature","geometry":{"type":"LineString","coordinates":[[139.4472187,36.2307897],[139.4468081,36.2289073]]},"properties":{"name":"tokyo_line_2410","loading_pct":75.9,"p_mw":51.6,"synthetic":false,"tie":false}},{"type":"Feature","geometry":{"type":"LineString","coordinates":[[139.4801809,36.2304594],[139.4817218,36.2326591],[139.4832668,36.2348032],[139.4860174,36.2348777],[139.4897356,36.235966],[139.4916849,36.2361964],[139.4933063,36.2366366],[139.495454,36.2372451],[139.4957721,36.2365348],[139.4977951,36.2373694],[139.4976655,36.2376795]]},"properties":{"name":"tokyo_line_2411","loading_pct":25.3,"p_mw":17.2,"synthetic":false,"tie":false}},{"type":"Feature","geometry":{"type":"LineString","coordinates":[[139.3230034,36.1812443],[139.3213566,36.1786117]]},"properties":{"name":"tokyo_line_2412","loading_pct":102.0,"p_mw":69.2,"synthetic":false,"tie":false}},{"type":"Feature","geometry":{"type":"LineString","coordinates":[[139.3230034,36.1812443],[139.3244688,36.1836389]]},"properties":{"name":"tokyo_line_2413","loading_pct":96.8,"p_mw":-86.4,"synthetic":false,"tie":false}},{"type":"Feature","geometry":{"type":"LineString","coordinates":[[139.4262141,36.3393496],[139.4241181,36.3335615]]},"properties":{"name":"tokyo_line_2414","loading_pct":181.4,"p_mw":119.3,"synthetic":false,"tie":false}},{"type":"Feature","geometry":{"type":"LineString","coordinates":[[139.4178879,36.3446919],[139.4162866,36.3453984],[139.4135562,36.347239],[139.4110832,36.3489154],[139.4084197,36.3507085],[139.4059145,36.3524172]]},"properties":{"name":"tokyo_line_2415","loading_pct":109.0,"p_mw":-71.5,"synthetic":false,"tie":false}},{"type":"Feature","geometry":{"type":"LineString","coordinates":[[139.5075195,36.703761],[139.5070999,36.7021054],[139.5067005,36.7000881],[139.5045498,36.697548],[139.5036451,36.6967651],[139.5028599,36.6962313],[139.5016309,36.6950023],[139.5005862,36.6938799],[139.4993162,36.692117],[139.4980736,36.690313],[139.4970938,36.6894671],[139.4958819,36.6886103],[139.4941408,36.6875125],[139.4930551,36.6869239],[139.4903513,36.6854893],[139.4891906,36.6837947],[139.4885795,36.6830226],[139.4873573,36.6816948],[139.4856299,36.6799727],[139.4839571,36.6781109],[139.4827486,36.6774565],[139.4814888,36.67649],[139.4799355,36.675277],[139.4789557,36.6733768],[139.4777164,36.6720413],[139.4766499,36.6707472],[139.4758587,36.6702448],[139.4745827,36.6694205],[139.4728976,36.6684577],[139.4679858,36.6674996],[139.4670569,36.6670236],[139.4663123,36.666529],[139.4656239,36.6660095],[139.4651511,36.6653445],[139.4646361,36.6630359],[139.4631684,36.6604105],[139.4613042,36.658606],[139.457672,36.6549784],[139.4555427,36.649868],[139.4530176,36.6461681],[139.4524723,36.6433014],[139.4512841,36.6407253],[139.4499293,36.6391814]]},"properties":{"name":"tokyo_line_2416","loading_pct":29.1,"p_mw":-19.6,"synthetic":false,"tie":false}},{"type":"Feature","geometry":{"type":"LineString","coordinates":[[139.3863251,36.5774368],[139.3883957,36.5784287],[139.3915352,36.5807872],[139.3933511,36.5816617],[139.3974897,36.5865841],[139.3989515,36.5900967],[139.3984871,36.5926312],[139.3994324,36.5945314],[139.4015264,36.5956711],[139.4034942,36.5965849],[139.4038412,36.5998121],[139.4042221,36.6027362],[139.4041818,36.6040906],[139.4042462,36.6068316],[139.4060031,36.6086693],[139.409675,36.6121131],[139.4122714,36.6126104],[139.4141562,36.6134387]]},"properties":{"name":"tokyo_line_2417","loading_pct":86.8,"p_mw":112.2,"synthetic":false,"tie":false}},{"type":"Feature","geometry":{"type":"LineString","coordinates":[[139.3863251,36.5774368],[139.3865083,36.5771875],[139.3892817,36.5757961],[139.3890108,36.575809]]},"properties":{"name":"tokyo_line_2418","loading_pct":25.5,"p_mw":17.2,"synthetic":false,"tie":false}},{"type":"Feature","geometry":{"type":"LineString","coordinates":[[139.4141562,36.6134387],[139.4141954,36.6135371],[139.4131907,36.6164475],[139.4130296,36.6165386]]},"properties":{"name":"tokyo_line_2419","loading_pct":25.4,"p_mw":17.2,"synthetic":false,"tie":false}},{"type":"Feature","geometry":{"type":"LineString","coordinates":[[139.4141562,36.6134387],[139.4170249,36.6133338],[139.4194476,36.613196],[139.4223189,36.6131487],[139.4262296,36.6166224],[139.4270074,36.6177817],[139.42837,36.6201153],[139.4298197,36.6225307]]},"properties":{"name":"tokyo_line_2420","loading_pct":95.7,"p_mw":75.8,"synthetic":false,"tie":false}},{"type":"Feature","geometry":{"type":"LineString","coordinates":[[138.6510926,37.00879],[138.6488423,37.0091134],[138.6457202,37.0090706],[138.6440814,37.0082396],[138.6428824,37.0067574],[138.6426088,37.0045747],[138.6423916,37.0028718],[138.6408439,37.0027267],[138.6397362,37.0019893],[138.6363439,37.0025677],[138.6331835,37.0023642],[138.6302707,37.0015116],[138.6282054,37.0003956],[138.6257773,36.9992137],[138.6232674,36.9976987],[138.6210626,36.9964562],[138.6186835,36.9948645],[138.6167711,36.9947478],[138.6144617,36.9938834],[138.612218,36.9925744],[138.6096659,36.9916896],[138.6077991,36.991846],[138.6054441,36.9920453]]},"properties":{"name":"tokyo_line_2421","loading_pct":25.4,"p_mw":17.2,"synthetic":false,"tie":false}},{"type":"Feature","geometry":{"type":"LineString","coordinates":[[139.6022561,36.2213209],[139.6020911,36.221176]]},"properties":{"name":"tokyo_line_2422","loading_pct":0.1,"p_mw":0.1,"synthetic":false,"tie":false}},{"type":"Feature","geometry":{"type":"LineString","coordinates":[[139.2936633,36.2547485],[139.294314,36.2568405],[139.2959909,36.2591842]]},"properties":{"name":"tokyo_line_2423","loading_pct":68.8,"p_mw":176.3,"synthetic":false,"tie":false}},{"type":"Feature","geometry":{"type":"LineString","coordinates":[[139.2850881,36.2738691],[139.2854934,36.2749967]]},"properties":{"name":"tokyo_line_2424","loading_pct":63.9,"p_mw":165.8,"synthetic":false,"tie":false}},{"type":"Feature","geometry":{"type":"LineString","coordinates":[[139.6734696,36.7385771],[139.6731407,36.7386699],[139.673126,36.7392135],[139.6719666,36.7410618],[139.6693895,36.7426161],[139.666002,36.7445588],[139.6635548,36.7435922],[139.6618173,36.743376],[139.6594267,36.74506],[139.6573203,36.7457989],[139.6545807,36.7461885],[139.6509203,36.7464259],[139.6493143,36.7469649],[139.6474508,36.7473864],[139.647225,36.7476372],[139.6472049,36.7476596],[139.6471491,36.7477213]]},"properties":{"name":"tokyo_line_2425","loading_pct":25.4,"p_mw":-17.2,"synthetic":false,"tie":false}},{"type":"Feature","geometry":{"type":"LineString","coordinates":[[139.5780132,36.7460488],[139.5741871,36.7435142],[139.5735881,36.7421268]]},"properties":{"name":"tokyo_line_2426","loading_pct":82.2,"p_mw":235.3,"synthetic":false,"tie":false}},{"type":"Feature","geometry":{"type":"LineString","coordinates":[[139.5735881,36.7421268],[139.57309,36.7422615]]},"properties":{"name":"tokyo_line_2427","loading_pct":25.3,"p_mw":17.2,"synthetic":false,"tie":false}},{"type":"Feature","geometry":{"type":"LineString","coordinates":[[139.5735881,36.7421268],[139.5730765,36.7422311]]},"properties":{"name":"tokyo_line_2428","loading_pct":25.3,"p_mw":17.2,"synthetic":false,"tie":false}},{"type":"Feature","geometry":{"type":"LineString","coordinates":[[139.5735881,36.7421268],[139.5720847,36.7407272],[139.5690444,36.7382975],[139.5666734,36.7364744],[139.5625326,36.7333024],[139.5602633,36.7315632],[139.5577158,36.7310324]]},"properties":{"name":"tokyo_line_2429","loading_pct":84.0,"p_mw":182.8,"synthetic":false,"tie":false}},{"type":"Feature","geometry":{"type":"LineString","coordinates":[[139.543594,36.7281876],[139.5431852,36.7273667]]},"properties":{"name":"tokyo_line_2430","loading_pct":92.9,"p_mw":112.1,"synthetic":false,"tie":false}},{"type":"Feature","geometry":{"type":"LineString","coordinates":[[139.5581372,36.7336344],[139.5599261,36.7346747],[139.5620662,36.7366451],[139.5630129,36.7378484]]},"properties":{"name":"tokyo_line_2431","loading_pct":76.1,"p_mw":51.6,"synthetic":false,"tie":false}},{"type":"Feature","geometry":{"type":"LineString","coordinates":[[138.6189102,36.8088208],[138.6189303,36.808896],[138.6194721,36.8123727],[138.6193085,36.8170367],[138.6218981,36.8202521],[138.6244744,36.8222565],[138.6252603,36.8248802],[138.6260569,36.8276541],[138.6266215,36.8295573],[138.6273471,36.8320246],[138.6283301,36.8354707],[138.6285138,36.838841],[138.6286519,36.841549],[138.6287673,36.8437857],[138.6299019,36.8491378],[138.6302894,36.8510051],[138.6306757,36.852838],[138.6313905,36.8562483],[138.6321053,36.8584255],[138.6328536,36.8608753],[138.6331969,36.8624225],[138.6335617,36.8664054],[138.6356002,36.8697936],[138.636657,36.872405],[138.6389288,36.8783548],[138.6378399,36.882193]]},"properties":{"name":"tokyo_line_2432","loading_pct":25.4,"p_mw":-17.2,"synthetic":false,"tie":false}},{"type":"Feature","geometry":{"type":"LineString","coordinates":[[139.5430371,36.7273267],[139.5429459,36.7272504]]},"properties":{"name":"tokyo_line_2433","loading_pct":98.6,"p_mw":94.9,"synthetic":false,"tie":false}},{"type":"Feature","geometry":{"type":"LineString","coordinates":[[139.5307418,36.7274745],[139.5281109,36.7282519]]},"properties":{"name":"tokyo_line_2434","loading_pct":118.9,"p_mw":26.0,"synthetic":false,"tie":false}},{"type":"Feature","geometry":{"type":"LineString","coordinates":[[139.5282081,36.7215638],[139.5265319,36.7214543],[139.525081,36.7211889],[139.5240978,36.7205048],[139.5228073,36.7195087],[139.5215612,36.7185099],[139.5200796,36.7173414],[139.5195197,36.7169363],[139.5183112,36.7160086],[139.5175362,36.7154394],[139.5163994,36.7144789],[139.5152011,36.7134663],[139.5141258,36.7122402],[139.5135488,36.711452],[139.5130948,36.7105516],[139.5127534,36.7098756],[139.5118487,36.7084142],[139.510787,36.707084]]},"properties":{"name":"tokyo_line_2435","loading_pct":25.4,"p_mw":17.2,"synthetic":false,"tie":false}},{"type":"Feature","geometry":{"type":"LineString","coordinates":[[139.5274099,36.7231469],[139.5261672,36.7228884],[139.5248735,36.7226205],[139.5215476,36.7220794],[139.5186695,36.7209769],[139.5161935,36.7207648],[139.5134425,36.7191703],[139.5124584,36.7178896],[139.5111252,36.7130124],[139.5104834,36.7106095]]},"properties":{"name":"tokyo_line_2436","loading_pct":50.9,"p_mw":34.5,"synthetic":false,"tie":false}},{"type":"Feature","geometry":{"type":"LineString","coordinates":[[139.5262528,36.7289983],[139.524729,36.7296058],[139.5205177,36.7312846],[139.5167413,36.7328]]},"properties":{"name":"tokyo_line_2437","loading_pct":21.9,"p_mw":14.4,"synthetic":false,"tie":false}},{"type":"Feature","geometry":{"type":"LineString","coordinates":[[138.4701616,36.0477045],[138.4735103,36.0436957],[138.4745067,36.0401855],[138.4774893,36.0391683],[138.4797505,36.0396953],[138.4822623,36.0393039],[138.4840782,36.0371881],[138.4855963,36.0355852],[138.4894909,36.0340821],[138.4933412,36.0335551],[138.4966873,36.0335876],[138.4988371,36.0304685],[138.4989229,36.0274989],[138.4977454,36.0235726],[138.4977454,36.0199801],[138.5001138,36.0172922],[138.5011089,36.0147647],[138.5028335,36.0126038],[138.5059771,36.0107661],[138.5087539,36.0084554],[138.5105409,36.005754],[138.5130742,36.0026838],[138.5145816,35.9985782],[138.5158208,35.9950823]]},"properties":{"name":"tokyo_line_2438","loading_pct":16.8,"p_mw":15.5,"synthetic":false,"tie":false}},{"type":"Feature","geometry":{"type":"LineString","coordinates":[[138.3707696,36.2771947],[138.3709148,36.2768199],[138.3715716,36.275841],[138.3723172,36.2722342],[138.3733526,36.269131],[138.3778762,36.2655898],[138.3784407,36.2633569],[138.3786097,36.2600716],[138.3803317,36.2568653],[138.3824909,36.2543055],[138.3831185,36.2509572],[138.3845562,36.2479116],[138.3854842,36.2454976],[138.3879787,36.2429623],[138.3896765,36.2398558],[138.391208,36.2370953],[138.3924955,36.2347112],[138.3933672,36.2324969],[138.3943891,36.2305378],[138.3974308,36.2283655],[138.4005797,36.2260741],[138.4034604,36.2246893],[138.4063142,36.2233262],[138.409447,36.2218245],[138.4130412,36.2203228],[138.4153587,36.219349],[138.4181951,36.2182876],[138.4211362,36.2187193],[138.4244701,36.2176266],[138.4272792,36.2153824],[138.4293813,36.2125227],[138.4319281,36.2117534],[138.4341301,36.2088479],[138.4368901,36.2060183],[138.4384914,36.203276],[138.4413915,36.2006896],[138.4437002,36.2003044],[138.4487763,36.1999678],[138.4515108,36.2002773],[138.4557071,36.1992081],[138.4585717,36.1984505],[138.4623161,36.1978206],[138.4654724,36.1984981],[138.4676926,36.1992763],[138.4691611,36.201636]]},"properties":{"name":"tokyo_line_2439","loading_pct":16.9,"p_mw":-15.5,"synthetic":false,"tie":false}},{"type":"Feature","geometry":{"type":"LineString","coordinates":[[138.4691611,36.201636],[138.4674384,36.203953],[138.4679883,36.2062049],[138.4681942,36.2080029],[138.4682934,36.2089221],[138.4684014,36.2102211],[138.4687601,36.2127737],[138.4673291,36.2136816],[138.4655502,36.2154155],[138.4639891,36.2175308],[138.4616737,36.2193642],[138.460407,36.2216021],[138.4586374,36.2239277],[138.456949,36.225848],[138.4570469,36.2292612],[138.4561712,36.2312582],[138.4557635,36.2338285],[138.4555046,36.2367762],[138.4547764,36.2395096],[138.4556642,36.2415972],[138.4565909,36.244469]]},"properties":{"name":"tokyo_line_2440","loading_pct":41.6,"p_mw":126.2,"synthetic":false,"tie":false}},{"type":"Feature","geometry":{"type":"LineString","coordinates":[[138.6503099,36.6521358],[138.6501528,36.6521424],[138.6483514,36.6515973],[138.6458275,36.6486169],[138.6449772,36.6452964],[138.6431238,36.6420036],[138.6414313,36.6398644],[138.6408922,36.6367221],[138.6387572,36.6337605]]},"properties":{"name":"tokyo_line_2441","loading_pct":26.7,"p_mw":-17.2,"synthetic":false,"tie":false}},{"type":"Feature","geometry":{"type":"LineString","coordinates":[[138.6387572,36.6337605],[138.6343449,36.6358569],[138.6313274,36.6353016],[138.6283207,36.6371999],[138.6258075,36.6387646],[138.6223072,36.6392166],[138.6186916,36.6397116],[138.6163178,36.6421317],[138.6144403,36.6448756],[138.6156794,36.6477551],[138.6161032,36.6502933],[138.6163098,36.6531725],[138.6142418,36.6565702],[138.6113718,36.6607014],[138.6097303,36.6619902],[138.6071849,36.6631134],[138.6057231,36.6636383]]},"properties":{"name":"tokyo_line_2442","loading_pct":26.8,"p_mw":17.2,"synthetic":false,"tie":false}},{"type":"Feature","geometry":{"type":"LineString","coordinates":[[138.6387572,36.6337605],[138.6399856,36.6311345],[138.6388564,36.6259254],[138.6384916,36.6235962],[138.6382127,36.6208645],[138.6373812,36.61804],[138.6348894,36.6143521],[138.6345059,36.611465],[138.6327597,36.6088921],[138.6315849,36.6068833],[138.6301017,36.6045148],[138.6298656,36.6019051]]},"properties":{"name":"tokyo_line_2443","loading_pct":80.2,"p_mw":-51.6,"synthetic":false,"tie":false}},{"type":"Feature","geometry":{"type":"LineString","coordinates":[[138.6298656,36.6019051],[138.6313489,36.5998228]]},"properties":{"name":"tokyo_line_2444","loading_pct":85.0,"p_mw":-86.4,"synthetic":false,"tie":false}},{"type":"Feature","geometry":{"type":"LineString","coordinates":[[138.6298656,36.6019051],[138.6258262,36.6014292],[138.6211485,36.6015455],[138.6187318,36.6024692],[138.6159772,36.6035179],[138.6130187,36.6036686],[138.6096525,36.6039399],[138.6064205,36.6047237],[138.6041969,36.6052577],[138.6014497,36.6059774]]},"properties":{"name":"tokyo_line_2445","loading_pct":26.5,"p_mw":17.2,"synthetic":false,"tie":false}},{"type":"Feature","geometry":{"type":"LineString","coordinates":[[138.6313489,36.5998228],[138.6321955,36.6011496],[138.6307629,36.603022],[138.6307875,36.6030795]]},"properties":{"name":"tokyo_line_2446","loading_pct":26.4,"p_mw":17.2,"synthetic":false,"tie":false}},{"type":"Feature","geometry":{"type":"LineString","coordinates":[[138.7283899,36.5751558],[138.7299657,36.5738041],[138.7308803,36.5731966],[138.7313309,36.5729058],[138.732314,36.5722682],[138.7329698,36.5718363]]},"properties":{"name":"tokyo_line_2447","loading_pct":9.6,"p_mw":-6.5,"synthetic":false,"tie":false}},{"type":"Feature","geometry":{"type":"LineString","coordinates":[[138.8528552,36.8835807],[138.8502056,36.8868825],[138.8496437,36.8887429],[138.8491121,36.8905433],[138.8485946,36.8923008],[138.84837,36.8937663],[138.8480682,36.8957352],[138.8476946,36.8982326],[138.8491363,36.901087],[138.8489888,36.9029053],[138.84778,36.904595],[138.8464862,36.9058754],[138.8450996,36.9072159],[138.8431999,36.9091229],[138.8416857,36.9106483],[138.8408895,36.9121156]]},"properties":{"name":"tokyo_line_2448","loading_pct":25.5,"p_mw":-17.2,"synthetic":false,"tie":false}},{"type":"Feature","geometry":{"type":"LineString","coordinates":[[138.8167754,36.9165335],[138.8134226,36.9151975]]},"properties":{"name":"tokyo_line_2450","loading_pct":24.5,"p_mw":-69.6,"synthetic":false,"tie":false}},{"type":"Feature","geometry":{"type":"LineString","coordinates":[[139.6324083,36.811022],[139.6312174,36.8131973],[139.6275703,36.8159561],[139.6250007,36.8178821],[139.6217331,36.8203434],[139.618898,36.8224637],[139.6172418,36.8250455],[139.6156579,36.8275102],[139.6136624,36.829421],[139.6148425,36.8312738],[139.6157625,36.8337362],[139.6155775,36.8352561],[139.6152905,36.837757],[139.6150491,36.8396847],[139.6147165,36.8424731],[139.6144053,36.8451991],[139.6140513,36.8464527],[139.6132815,36.8492151],[139.6127504,36.8511017],[139.6124285,36.8530226],[139.6120772,36.8551945],[139.6117017,36.8574695]]},"properties":{"name":"tokyo_line_2452","loading_pct":31.1,"p_mw":13.9,"synthetic":false,"tie":false}},{"type":"Feature","geometry":{"type":"LineString","coordinates":[[139.6324083,36.811022],[139.637306,36.8145802],[139.6418712,36.81554],[139.6453527,36.8174189],[139.6505454,36.8187008],[139.6543166,36.8182219],[139.6606681,36.8168627],[139.6630391,36.8183787],[139.6637419,36.8193664],[139.6646216,36.8238539],[139.6634924,36.8265956],[139.6669927,36.8297463],[139.6685591,36.8311836],[139.669919,36.8323901],[139.6695998,36.8327379]]},"properties":{"name":"tokyo_line_2453","loading_pct":18.6,"p_mw":12.5,"synthetic":false,"tie":false}},{"type":"Feature","geometry":{"type":"LineString","coordinates":[[139.5901149,36.8677874],[139.5879087,36.8676438],[139.5853498,36.8674936],[139.5821634,36.8672318],[139.5795901,36.8670142],[139.5766776,36.8663382],[139.5745848,36.8658188],[139.568609,36.8643413],[139.5660716,36.863719],[139.5607262,36.8643887],[139.5567272,36.8649048],[139.552122,36.8660042],[139.5497985,36.86651],[139.5483329,36.8667722],[139.5441767,36.8651996],[139.5413439,36.8640743],[139.5380189,36.8628264],[139.5364638,36.8622323],[139.535002,36.8617055],[139.5325711,36.8616028],[139.5303411,36.8635122]]},"properties":{"name":"tokyo_line_2454","loading_pct":4.2,"p_mw":2.8,"synthetic":false,"tie":false}},{"type":"Feature","geometry":{"type":"LineString","coordinates":[[139.5336264,36.1805624],[139.5356445,36.1789548]]},"properties":{"name":"tokyo_line_2455","loading_pct":147.0,"p_mw":214.8,"synthetic":false,"tie":false}},{"type":"Feature","geometry":{"type":"LineString","coordinates":[[139.5536009,36.2182056],[139.5536735,36.2183853]]},"properties":{"name":"tokyo_line_2456","loading_pct":25.4,"p_mw":17.2,"synthetic":false,"tie":false}},{"type":"Feature","geometry":{"type":"LineString","coordinates":[[139.5536009,36.2182056],[139.5537428,36.2183468]]},"properties":{"name":"tokyo_line_2457","loading_pct":25.4,"p_mw":17.2,"synthetic":false,"tie":false}},{"type":"Feature","geometry":{"type":"LineString","coordinates":[[138.8469395,35.9382674],[138.8474599,35.9391719],[138.8481465,35.9404357],[138.8484791,35.9410612],[138.8489485,35.9419211],[138.8496405,35.9431024],[138.851392,35.9443749],[138.8541144,35.9463401],[138.8562736,35.9479078],[138.8585159,35.9495233],[138.8595298,35.9502507],[138.8601547,35.9514949],[138.8618338,35.9500814],[138.8654414,35.9503463],[138.8670158,35.9499706],[138.869859,35.9505808],[138.8724098,35.951243],[138.8739413,35.9512235],[138.8770366,35.9516621],[138.8807622,35.9520529],[138.883144,35.9521463],[138.8854292,35.9520529],[138.8873684,35.9517598],[138.8897851,35.9514992],[138.8921991,35.9515926]]},"properties":{"name":"tokyo_line_2458","loading_pct":25.4,"p_mw":-17.2,"synthetic":false,"tie":false}},{"type":"Feature","geometry":{"type":"LineString","coordinates":[[139.6362468,35.9408679],[139.63663,35.9409006]]},"properties":{"name":"tokyo_line_2459","loading_pct":0.3,"p_mw":-0.2,"synthetic":false,"tie":false}},{"type":"Feature","geometry":{"type":"LineString","coordinates":[[139.2328343,36.8075538],[139.2336121,36.8099676],[139.2344704,36.8128773],[139.2352241,36.8157848],[139.2354546,36.8166033],[139.2359456,36.8183465],[139.2364392,36.8201287],[139.2383341,36.8221351],[139.2382188,36.8236585],[139.239698,36.8270851],[139.2403069,36.828822],[139.2416131,36.831847],[139.2430776,36.8330084],[139.2427263,36.8342664],[139.2421653,36.8395807],[139.2431447,36.8360997],[139.2434344,36.8374157],[139.2437053,36.8385577],[139.244872,36.8393112],[139.2474563,36.8409844],[139.2488658,36.8420266],[139.250856,36.8434605],[139.2519772,36.8442761],[139.2536066,36.8454578],[139.2551368,36.8465128],[139.2563465,36.848159],[139.2585862,36.8491957],[139.2596671,36.8498954]]},"properties":{"name":"tokyo_line_2460","loading_pct":25.6,"p_mw":17.2,"synthetic":false,"tie":false}},{"type":"Feature","geometry":{"type":"LineString","coordinates":[[139.2184139,36.2651663],[139.2165419,36.2631794]]},"properties":{"name":"tokyo_line_2461","loading_pct":25.3,"p_mw":17.2,"synthetic":false,"tie":false}},{"type":"Feature","geometry":{"type":"LineString","coordinates":[[139.2184139,36.2651663],[139.2192843,36.2646931]]},"properties":{"name":"tokyo_line_2462","loading_pct":20.6,"p_mw":14.1,"synthetic":false,"tie":false}},{"type":"Feature","geometry":{"type":"LineString","coordinates":[[139.1741539,36.1962298],[139.1757049,36.1946054],[139.1777911,36.1924241],[139.1795272,36.1906029],[139.1817392,36.188312],[139.1841771,36.1857547]]},"properties":{"name":"tokyo_line_2463","loading_pct":37.9,"p_mw":100.7,"synthetic":false,"tie":false}},{"type":"Feature","geometry":{"type":"LineString","coordinates":[[139.1741539,36.1962298],[139.1727429,36.197301],[139.1698667,36.1995137],[139.1669231,36.2017669]]},"properties":{"name":"tokyo_line_2464","loading_pct":7.0,"p_mw":-14.9,"synthetic":false,"tie":false}},{"type":"Feature","geometry":{"type":"LineString","coordinates":[[139.4014187,36.1459024],[139.4014408,36.1450601]]},"properties":{"name":"tokyo_line_2465","loading_pct":25.6,"p_mw":17.2,"synthetic":false,"tie":false}},{"type":"Feature","geometry":{"type":"LineString","coordinates":[[139.4014187,36.1459024],[139.4015239,36.1450688]]},"properties":{"name":"tokyo_line_2466","loading_pct":25.6,"p_mw":17.2,"synthetic":false,"tie":false}},{"type":"Feature","geometry":{"type":"LineString","coordinates":[[139.1543797,36.2624053],[139.1523851,36.2632688],[139.1503255,36.2641953],[139.1482307,36.2651054],[139.1460923,36.2660324],[139.1440853,36.2669329],[139.1375479,36.2690984],[139.1353601,36.2694057],[139.1331683,36.2697148],[139.1312841,36.2705419],[139.1293815,36.2713527]]},"properties":{"name":"tokyo_line_2468","loading_pct":6.6,"p_mw":16.9,"synthetic":false,"tie":false}},{"type":"Feature","geometry":{"type":"LineString","coordinates":[[139.185257,36.3698494],[139.1850241,36.3667641]]},"properties":{"name":"tokyo_line_2472","loading_pct":25.3,"p_mw":17.2,"synthetic":false,"tie":false}},{"type":"Feature","geometry":{"type":"LineString","coordinates":[[138.9891839,36.3867136],[138.9888434,36.3875317]]},"properties":{"name":"tokyo_line_2473","loading_pct":86.3,"p_mw":-58.6,"synthetic":false,"tie":false}},{"type":"Feature","geometry":{"type":"LineString","coordinates":[[139.6212515,36.324578],[139.6218112,36.3230885]]},"properties":{"name":"tokyo_line_2474","loading_pct":40.2,"p_mw":22.6,"synthetic":false,"tie":false}},{"type":"Feature","geometry":{"type":"LineString","coordinates":[[139.6361059,36.3324041],[139.6388035,36.3334748],[139.6413543,36.3344868],[139.6434975,36.3353489],[139.64663,36.3365899],[139.6493597,36.3376794],[139.6517973,36.338649],[139.6536531,36.3393894],[139.6563841,36.3402188],[139.6588299,36.338555],[139.6622707,36.339032],[139.6679377,36.3380074],[139.6710678,36.3386046],[139.6742023,36.3397949],[139.6771455,36.3408902],[139.6792848,36.3416795],[139.6822831,36.3428012],[139.6846062,36.343662],[139.6875292,36.344752],[139.6899552,36.3456715],[139.6924335,36.346588],[139.6955569,36.3468141],[139.6981732,36.3469996],[139.6994816,36.3471017],[139.7023807,36.3481746],[139.7048727,36.3483764]]},"properties":{"name":"tokyo_line_2475","loading_pct":45.7,"p_mw":-39.8,"synthetic":false,"tie":false}},{"type":"Feature","geometry":{"type":"LineString","coordinates":[[139.6153053,36.3228287],[139.6133402,36.3209744]]},"properties":{"name":"tokyo_line_2476","loading_pct":32.9,"p_mw":13.6,"synthetic":false,"tie":false}},{"type":"Feature","geometry":{"type":"LineString","coordinates":[[139.588741,35.9449404],[139.5892717,35.9440813],[139.5897494,35.943308],[139.5905298,35.9418008],[139.5913315,35.9408851],[139.5915567,35.9406278],[139.5918688,35.9404646],[139.5933501,35.93969],[139.5960269,35.9368992],[139.5978471,35.9362106]]},"properties":{"name":"tokyo_line_2477","loading_pct":50.4,"p_mw":-88.9,"synthetic":false,"tie":false}},{"type":"Feature","geometry":{"type":"LineString","coordinates":[[139.588741,35.9449404],[139.5855312,35.9454638],[139.582185,35.9444051],[139.5787921,35.9433312]]},"properties":{"name":"tokyo_line_2478","loading_pct":25.8,"p_mw":17.2,"synthetic":false,"tie":false}},{"type":"Feature","geometry":{"type":"LineString","coordinates":[[139.5217659,36.2568099],[139.5250695,36.2555503]]},"properties":{"name":"tokyo_line_2479","loading_pct":57.7,"p_mw":-130.8,"synthetic":false,"tie":false}},{"type":"Feature","geometry":{"type":"LineString","coordinates":[[139.484477,36.3217022],[139.4867781,36.3202486]]},"properties":{"name":"tokyo_line_2481","loading_pct":83.3,"p_mw":-188.3,"synthetic":false,"tie":false}},{"type":"Feature","geometry":{"type":"LineString","coordinates":[[139.4665014,36.3167588],[139.4656427,36.3155644]]},"properties":{"name":"tokyo_line_2482","loading_pct":83.6,"p_mw":164.7,"synthetic":false,"tie":false}},{"type":"Feature","geometry":{"type":"LineString","coordinates":[[139.4652547,36.3302551],[139.4646504,36.3304323]]},"properties":{"name":"tokyo_line_2483","loading_pct":13.8,"p_mw":6.4,"synthetic":false,"tie":false}},{"type":"Feature","geometry":{"type":"LineString","coordinates":[[139.7257486,36.3489983],[139.7236345,36.3498127]]},"properties":{"name":"tokyo_line_2484","loading_pct":63.4,"p_mw":121.1,"synthetic":false,"tie":false}},{"type":"Feature","geometry":{"type":"LineString","coordinates":[[139.7257486,36.3489983],[139.7257869,36.3465487],[139.7260341,36.3440247],[139.7263386,36.3417177],[139.7266619,36.3393144],[139.7245276,36.3371934],[139.7248421,36.3348572],[139.723259,36.3320556],[139.7199056,36.3301906]]},"properties":{"name":"tokyo_line_2485","loading_pct":61.7,"p_mw":-42.1,"synthetic":false,"tie":false}},{"type":"Feature","geometry":{"type":"LineString","coordinates":[[139.7473748,36.366122],[139.7492979,36.3682478],[139.750051,36.3696936],[139.7495265,36.3718601],[139.7490436,36.3738885],[139.7486059,36.376315],[139.7478769,36.3790227]]},"properties":{"name":"tokyo_line_2486","loading_pct":23.6,"p_mw":-11.6,"synthetic":false,"tie":false}},{"type":"Feature","geometry":{"type":"LineString","coordinates":[[139.7360695,36.3453422],[139.7387929,36.3448259],[139.7410806,36.3444271],[139.7436286,36.3439932],[139.7472249,36.3434489],[139.7510906,36.3428802],[139.7546722,36.3423457],[139.7573899,36.341949],[139.7606299,36.341448],[139.7633424,36.3410113],[139.7661836,36.3405607],[139.769574,36.3400123],[139.7731747,36.3396513],[139.7763272,36.3391503],[139.7804188,36.338903],[139.7830955,36.3380186],[139.7862797,36.3373818],[139.7898888,36.3369318],[139.792896,36.3365669],[139.7960368,36.335966],[139.7983193,36.3360237]]},"properties":{"name":"tokyo_line_2487","loading_pct":49.6,"p_mw":-84.6,"synthetic":false,"tie":false}},{"type":"Feature","geometry":{"type":"LineString","coordinates":[[139.7236345,36.3498127],[139.722011,36.3502391],[139.7185585,36.3498623],[139.7160283,36.3495844],[139.7130226,36.3492708],[139.7096618,36.3489085],[139.7076665,36.3486793],[139.7048727,36.3483764]]},"properties":{"name":"tokyo_line_2488","loading_pct":54.0,"p_mw":52.2,"synthetic":false,"tie":false}},{"type":"Feature","geometry":{"type":"LineString","coordinates":[[139.7236345,36.3498127],[139.7225643,36.3494475],[139.7196678,36.3484337],[139.7164366,36.3472815],[139.7133763,36.3461697],[139.711086,36.3453763],[139.7084738,36.3444682]]},"properties":{"name":"tokyo_line_2489","loading_pct":76.3,"p_mw":51.7,"synthetic":false,"tie":false}},{"type":"Feature","geometry":{"type":"LineString","coordinates":[[139.7048727,36.3483764],[139.7065626,36.3498034],[139.7067467,36.3517674],[139.7081977,36.3539936]]},"properties":{"name":"tokyo_line_2490","loading_pct":22.8,"p_mw":-5.3,"synthetic":false,"tie":false}},{"type":"Feature","geometry":{"type":"LineString","coordinates":[[139.6984977,36.4001116],[139.6983358,36.4023784]]},"properties":{"name":"tokyo_line_2491","loading_pct":80.4,"p_mw":-131.5,"synthetic":false,"tie":false}},{"type":"Feature","geometry":{"type":"LineString","coordinates":[[139.6984977,36.4001116],[139.7021253,36.4000634],[139.7044105,36.4000482],[139.7068236,36.4000173],[139.7090757,36.3999842],[139.7115631,36.3999504],[139.7140476,36.3999007],[139.7166513,36.399887],[139.7190223,36.3998576],[139.7217079,36.3993395],[139.7243553,36.398727],[139.7270329,36.3985486]]},"properties":{"name":"tokyo_line_2492","loading_pct":43.8,"p_mw":28.0,"synthetic":false,"tie":false}},{"type":"Feature","geometry":{"type":"LineString","coordinates":[[139.1568607,36.410685],[139.1566052,36.4114475]]},"properties":{"name":"tokyo_line_2493","loading_pct":83.2,"p_mw":-173.0,"synthetic":false,"tie":false}},{"type":"Feature","geometry":{"type":"LineString","coordinates":[[139.1691969,36.4197747],[139.1701088,36.4207891],[139.1710111,36.4217627],[139.1719298,36.4227675],[139.1729251,36.4233409],[139.1731588,36.4241355],[139.1740064,36.4250368],[139.1749121,36.4260551],[139.1758373,36.427113],[139.1765956,36.4279095],[139.1775846,36.4290121],[139.178585,36.4301063],[139.1794977,36.4311284],[139.1805434,36.4322482],[139.1814513,36.4332662],[139.1824406,36.4342335],[139.1832455,36.434979],[139.1840172,36.4358189],[139.1848737,36.4366499],[139.18593,36.4377155],[139.1863344,36.4387928],[139.1865936,36.4395367],[139.1868808,36.4407539],[139.1871703,36.4420387],[139.1866527,36.4430923],[139.186039,36.4443734],[139.185448,36.4456261],[139.1848286,36.446893],[139.1842836,36.4480375],[139.1836945,36.4492683],[139.1831616,36.450315],[139.1826626,36.4513797],[139.1822151,36.4523669],[139.1817318,36.453324],[139.1812682,36.4543474],[139.1815326,36.455455],[139.1818373,36.4566757]]},"properties":{"name":"tokyo_line_2494","loading_pct":83.1,"p_mw":-71.2,"synthetic":false,"tie":false}},{"type":"Feature","geometry":{"type":"LineString","coordinates":[[139.6558387,36.2089734],[139.6558815,36.2073548],[139.6570024,36.2058282],[139.6579233,36.2040922],[139.6604829,36.2034166],[139.6636033,36.2022689],[139.6668265,36.2010822],[139.6704379,36.1997567],[139.6738167,36.1985152]]},"properties":{"name":"tokyo_line_2496","loading_pct":44.1,"p_mw":-86.1,"synthetic":false,"tie":false}},{"type":"Feature","geometry":{"type":"LineString","coordinates":[[139.6287316,36.2180798],[139.6270691,36.2211918],[139.6257335,36.2234975],[139.6243937,36.2257224]]},"properties":{"name":"tokyo_line_2497","loading_pct":81.0,"p_mw":86.2,"synthetic":false,"tie":false}},{"type":"Feature","geometry":{"type":"LineString","coordinates":[[139.6348294,36.2758568],[139.6326945,36.2765891],[139.6288768,36.2773183],[139.6252136,36.2774604],[139.621275,36.2775978],[139.6167886,36.2762033],[139.6119934,36.2755691],[139.6074364,36.2748698],[139.6036979,36.2742979]]},"properties":{"name":"tokyo_line_2499","loading_pct":56.8,"p_mw":280.4,"synthetic":false,"tie":false}},{"type":"Feature","geometry":{"type":"LineString","coordinates":[[139.6834137,36.1874829],[139.6863377,36.1889883]]},"properties":{"name":"tokyo_line_2500","loading_pct":47.0,"p_mw":-103.8,"synthetic":false,"tie":false}},{"type":"Feature","geometry":{"type":"LineString","coordinates":[[139.6243937,36.2257224],[139.6241185,36.2258299]]},"properties":{"name":"tokyo_line_2501","loading_pct":76.2,"p_mw":51.6,"synthetic":false,"tie":false}},{"type":"Feature","geometry":{"type":"LineString","coordinates":[[139.6243937,36.2257224],[139.6241397,36.2258727]]},"properties":{"name":"tokyo_line_2502","loading_pct":25.4,"p_mw":17.2,"synthetic":false,"tie":false}},{"type":"Feature","geometry":{"type":"LineString","coordinates":[[139.5430859,36.2693172],[139.5420489,36.2680784]]},"properties":{"name":"tokyo_line_2505","loading_pct":61.1,"p_mw":183.0,"synthetic":false,"tie":false}},{"type":"Feature","geometry":{"type":"LineString","coordinates":[[139.5519149,36.2917197],[139.554615,36.2920905]]},"properties":{"name":"tokyo_line_2506","loading_pct":34.3,"p_mw":-81.2,"synthetic":false,"tie":false}},{"type":"Feature","geometry":{"type":"LineString","coordinates":[[139.5415371,36.2903279],[139.5383153,36.2911352],[139.5351657,36.2919199],[139.5321421,36.2926849],[139.5294372,36.2933714],[139.5270858,36.2939463],[139.5256336,36.2923271],[139.5226253,36.2889499],[139.5205542,36.2866364],[139.5172683,36.2852995],[139.5144263,36.2862061],[139.5116365,36.2870968],[139.5083765,36.2881353],[139.5048539,36.2892527]]},"properties":{"name":"tokyo_line_2507","loading_pct":15.4,"p_mw":26.4,"synthetic":false,"tie":false}},{"type":"Feature","geometry":{"type":"LineString","coordinates":[[139.5420489,36.2680784],[139.54471,36.2670315],[139.5470408,36.2652875],[139.5486025,36.264662],[139.5487165,36.2644484]]},"properties":{"name":"tokyo_line_2508","loading_pct":25.3,"p_mw":17.2,"synthetic":false,"tie":false}},{"type":"Feature","geometry":{"type":"LineString","coordinates":[[139.5420489,36.2680784],[139.5412084,36.2670983],[139.5391727,36.2647132]]},"properties":{"name":"tokyo_line_2509","loading_pct":58.9,"p_mw":148.4,"synthetic":false,"tie":false}},{"type":"Feature","geometry":{"type":"LineString","coordinates":[[139.4399996,36.3050332],[139.441935,36.3061706]]},"properties":{"name":"tokyo_line_2510","loading_pct":53.0,"p_mw":-204.5,"synthetic":false,"tie":false}},{"type":"Feature","geometry":{"type":"LineString","coordinates":[[139.4503395,36.3102043],[139.4525732,36.3114101]]},"properties":{"name":"tokyo_line_2511","loading_pct":83.3,"p_mw":-154.5,"synthetic":false,"tie":false}},{"type":"Feature","geometry":{"type":"LineString","coordinates":[[139.4529257,36.29805],[139.4552089,36.2967417],[139.4567933,36.2951549],[139.457541,36.2932735],[139.4610704,36.2928246],[139.4645683,36.2918872]]},"properties":{"name":"tokyo_line_2512","loading_pct":29.5,"p_mw":-63.9,"synthetic":false,"tie":false}},{"type":"Feature","geometry":{"type":"LineString","coordinates":[[139.4775612,36.2895967],[139.4814395,36.2899069]]},"properties":{"name":"tokyo_line_2513","loading_pct":32.4,"p_mw":-74.1,"synthetic":false,"tie":false}},{"type":"Feature","geometry":{"type":"LineString","coordinates":[[139.6039989,36.4146162],[139.6070324,36.4154764],[139.6082634,36.4168581],[139.6095156,36.4182289],[139.6123004,36.4186149],[139.6148739,36.4185135],[139.6172749,36.4167723],[139.6177594,36.4164038]]},"properties":{"name":"tokyo_line_2514","loading_pct":25.8,"p_mw":17.2,"synthetic":false,"tie":false}},{"type":"Feature","geometry":{"type":"LineString","coordinates":[[139.6039989,36.4146162],[139.6032454,36.4155168],[139.60272,36.4161797],[139.6023166,36.4167325],[139.6018216,36.4173939],[139.6013044,36.4180488],[139.6009505,36.4185188],[139.6004444,36.4192165],[139.599956,36.4198488],[139.5995242,36.4204554],[139.5989968,36.4211531],[139.5985934,36.4217483],[139.5982784,36.4224603],[139.597984,36.4231239],[139.5976501,36.423855],[139.5973457,36.4245214],[139.5970059,36.4252618],[139.5966874,36.4259937],[139.5967999,36.4265804],[139.5958814,36.4285727]]},"properties":{"name":"tokyo_line_2515","loading_pct":77.7,"p_mw":51.7,"synthetic":false,"tie":false}},{"type":"Feature","geometry":{"type":"LineString","coordinates":[[139.5958814,36.4285727],[139.5962194,36.4286677],[139.5964715,36.4296388],[139.5966691,36.4304436],[139.5969028,36.431641],[139.5965986,36.4324827],[139.5962349,36.4332115],[139.5959174,36.4337376],[139.5953009,36.4344364],[139.5953067,36.4350714],[139.5954601,36.435709],[139.5958813,36.4364778],[139.5961715,36.4372181],[139.59626,36.4380979],[139.5964263,36.4388695],[139.5966068,36.4396126],[139.5967449,36.4403529],[139.5969537,36.4410476],[139.5972333,36.4418391],[139.5974562,36.4425537],[139.5973188,36.4429607],[139.5970131,36.4435756],[139.5965437,36.4443891],[139.5960502,36.4452068],[139.5956559,36.4458563],[139.5953742,36.446469],[139.595224,36.4469372],[139.5952535,36.447619],[139.5954252,36.4480419]]},"properties":{"name":"tokyo_line_2516","loading_pct":25.9,"p_mw":17.2,"synthetic":false,"tie":false}},{"type":"Feature","geometry":{"type":"LineString","coordinates":[[139.5958814,36.4285727],[139.5930275,36.4296302],[139.5904419,36.4310804],[139.5892564,36.4324313],[139.5870999,36.4346065],[139.5839303,36.43576],[139.5811556,36.4365744],[139.5795913,36.4376677]]},"properties":{"name":"tokyo_line_2517","loading_pct":25.9,"p_mw":17.2,"synthetic":false,"tie":false}},{"type":"Feature","geometry":{"type":"LineString","coordinates":[[139.5613506,36.7395347],[139.5613894,36.7392893],[139.5630129,36.7378484]]},"properties":{"name":"tokyo_line_2518","loading_pct":25.4,"p_mw":-17.2,"synthetic":false,"tie":false}},{"type":"Feature","geometry":{"type":"LineString","coordinates":[[139.6469346,36.7478426],[139.6471818,36.7477698]]},"properties":{"name":"tokyo_line_2519","loading_pct":50.6,"p_mw":34.4,"synthetic":false,"tie":false}},{"type":"Feature","geometry":{"type":"LineString","coordinates":[[139.6469346,36.7478426],[139.6471491,36.7477213]]},"properties":{"name":"tokyo_line_2520","loading_pct":50.8,"p_mw":34.4,"synthetic":false,"tie":false}},{"type":"Feature","geometry":{"type":"LineString","coordinates":[[139.6472396,36.7477918],[139.6471449,36.7476521]]},"properties":{"name":"tokyo_line_2521","loading_pct":0.0,"p_mw":-0.0,"synthetic":false,"tie":false}},{"type":"Feature","geometry":{"type":"LineString","coordinates":[[139.6471818,36.7477698],[139.6472538,36.7477372]]},"properties":{"name":"tokyo_line_2522","loading_pct":25.3,"p_mw":17.2,"synthetic":false,"tie":false}},{"type":"Feature","geometry":{"type":"LineString","coordinates":[[139.5701844,36.7420497],[139.5688988,36.7413443],[139.5682112,36.7405878],[139.5653424,36.7394544],[139.56426,36.7383038],[139.5630129,36.7378484]]},"properties":{"name":"tokyo_line_2523","loading_pct":25.4,"p_mw":-17.2,"synthetic":false,"tie":false}},{"type":"Feature","geometry":{"type":"LineString","coordinates":[[139.4431363,36.6421437],[139.4471671,36.6467428],[139.4479107,36.6486543]]},"properties":{"name":"tokyo_line_2524","loading_pct":72.5,"p_mw":49.3,"synthetic":false,"tie":false}},{"type":"Feature","geometry":{"type":"LineString","coordinates":[[139.3470119,36.8251282],[139.3463212,36.8230294],[139.3455085,36.8214814],[139.343521,36.8195618],[139.3417025,36.8187995],[139.3391088,36.8189778],[139.3360484,36.8187308],[139.3322128,36.8179782],[139.3300107,36.8170227],[139.3270227,36.8161601],[139.3234272,36.8139349],[139.3211165,36.8113484],[139.3182519,36.8111229],[139.3139152,36.8087765]]},"properties":{"name":"tokyo_line_2525","loading_pct":11.7,"p_mw":-7.9,"synthetic":false,"tie":false}},{"type":"Feature","geometry":{"type":"LineString","coordinates":[[139.4468081,36.2289073],[139.4470143,36.2288965]]},"properties":{"name":"tokyo_line_2526","loading_pct":25.3,"p_mw":17.2,"synthetic":false,"tie":false}},{"type":"Feature","geometry":{"type":"LineString","coordinates":[[139.4468081,36.2289073],[139.4470036,36.2288403]]},"properties":{"name":"tokyo_line_2527","loading_pct":25.3,"p_mw":17.2,"synthetic":false,"tie":false}},{"type":"Feature","geometry":{"type":"LineString","coordinates":[[139.3189241,36.4049155],[139.3205606,36.4055331]]},"properties":{"name":"tokyo_line_2528","loading_pct":34.6,"p_mw":22.7,"synthetic":false,"tie":false}},{"type":"Feature","geometry":{"type":"LineString","coordinates":[[139.3308411,36.4084915],[139.3308241,36.4080676]]},"properties":{"name":"tokyo_line_2529","loading_pct":45.3,"p_mw":30.8,"synthetic":false,"tie":false}},{"type":"Feature","geometry":{"type":"LineString","coordinates":[[139.6800509,36.2736362],[139.6842029,36.2714638],[139.6879571,36.2695195],[139.6920237,36.2673626],[139.69657,36.2649908],[139.7007776,36.2628293],[139.7049668,36.2616056],[139.7092731,36.2603451],[139.7140949,36.2589411],[139.7190578,36.2574827],[139.7243925,36.256116],[139.729917,36.2547048],[139.7355443,36.2541501],[139.7406674,36.253626]]},"properties":{"name":"tokyo_line_2530","loading_pct":12.7,"p_mw":-14.2,"synthetic":false,"tie":false}},{"type":"Feature","geometry":{"type":"LineString","coordinates":[[139.070484,36.3934927],[139.06995,36.3936051]]},"properties":{"name":"tokyo_line_2531","loading_pct":25.3,"p_mw":17.2,"synthetic":false,"tie":false}},{"type":"Feature","geometry":{"type":"LineString","coordinates":[[139.0462575,36.4352779],[139.046456,36.4354185]]},"properties":{"name":"tokyo_line_2532","loading_pct":25.3,"p_mw":-17.2,"synthetic":false,"tie":false}},{"type":"Feature","geometry":{"type":"LineString","coordinates":[[139.3363982,36.2787074],[139.3360349,36.278729],[139.3359464,36.2787342],[139.3353648,36.2787687],[139.3344703,36.2779221],[139.3331541,36.2774786],[139.3323882,36.2772205],[139.329492,36.2763624],[139.3271857,36.2756719],[139.324407,36.274861],[139.3216065,36.2740369],[139.3187893,36.2732009],[139.3169625,36.2726726]]},"properties":{"name":"tokyo_line_2533","loading_pct":76.1,"p_mw":51.7,"synthetic":false,"tie":false}},{"type":"Feature","geometry":{"type":"LineString","coordinates":[[139.3169625,36.2726726],[139.3165539,36.2726742]]},"properties":{"name":"tokyo_line_2534","loading_pct":25.4,"p_mw":17.2,"synthetic":false,"tie":false}},{"type":"Feature","geometry":{"type":"LineString","coordinates":[[139.3169625,36.2726726],[139.3165763,36.2726185]]},"properties":{"name":"tokyo_line_2535","loading_pct":25.4,"p_mw":17.2,"synthetic":false,"tie":false}},{"type":"Feature","geometry":{"type":"LineString","coordinates":[[138.5514317,36.5259883],[138.5527812,36.5272213]]},"properties":{"name":"tokyo_line_2536","loading_pct":84.8,"p_mw":-80.3,"synthetic":false,"tie":false}},{"type":"Feature","geometry":{"type":"LineString","coordinates":[[138.543318,36.5120011],[138.5431126,36.5106536],[138.5428164,36.5087679],[138.5426207,36.5076003],[138.5424081,36.5062951],[138.5422048,36.5049677],[138.5419984,36.5037393],[138.5417709,36.502372],[138.5403313,36.501161],[138.5391173,36.5002648],[138.5371566,36.4986403],[138.5360626,36.4977196],[138.5350241,36.4968408],[138.5333039,36.496903],[138.5314359,36.4969593],[138.5300349,36.4970006],[138.5286409,36.4970438],[138.5271146,36.4970885],[138.5255998,36.4971681],[138.5234806,36.497251],[138.5218969,36.497314],[138.5203477,36.497361],[138.5185747,36.4974257],[138.5172953,36.497471],[138.516032,36.4975163],[138.5135241,36.497609],[138.5123574,36.4976456],[138.5111987,36.4976844],[138.5099246,36.4973567],[138.5086908,36.4970225],[138.5074409,36.4967012],[138.5062124,36.4963756],[138.5048847,36.4960263],[138.5032835,36.4955994],[138.5017492,36.4951919],[138.5004992,36.4943566],[138.4994022,36.4936321],[138.4984607,36.4930176],[138.4971813,36.4921658],[138.4959019,36.4913098],[138.4946574,36.4904947],[138.4935711,36.4897572],[138.4923936,36.4889701],[138.4913126,36.4882347],[138.4901539,36.4874455],[138.4882281,36.4861516],[138.4860233,36.4858195],[138.4840385,36.4858346]]},"properties":{"name":"tokyo_line_2537","loading_pct":82.8,"p_mw":69.9,"synthetic":false,"tie":false}},{"type":"Feature","geometry":{"type":"LineString","coordinates":[[138.4840385,36.4858346],[138.4838201,36.4858098]]},"properties":{"name":"tokyo_line_2538","loading_pct":25.8,"p_mw":17.2,"synthetic":false,"tie":false}},{"type":"Feature","geometry":{"type":"LineString","coordinates":[[138.4840385,36.4858346],[138.4838845,36.4856934]]},"properties":{"name":"tokyo_line_2539","loading_pct":25.8,"p_mw":17.2,"synthetic":false,"tie":false}},{"type":"Feature","geometry":{"type":"LineString","coordinates":[[138.4840385,36.4858346],[138.4839685,36.4840903],[138.4836217,36.4830886],[138.4832147,36.4819731],[138.4818609,36.4805247],[138.4806593,36.4792658],[138.4794915,36.4780296],[138.4778507,36.4762844],[138.4767676,36.4751373],[138.4749601,36.4732368],[138.4735322,36.4719696],[138.4725524,36.4707006],[138.471106,36.4691735],[138.4696734,36.4676606],[138.468109,36.4660254],[138.4665629,36.4643885],[138.4652257,36.4629697],[138.4638635,36.4615245],[138.4625361,36.4601316],[138.4612132,36.458717],[138.4598171,36.4572375],[138.4584816,36.455832],[138.4571515,36.4544241],[138.4558372,36.4530476],[138.4547777,36.451915],[138.4533696,36.4504328],[138.4519614,36.4489527],[138.4505586,36.4474684],[138.4493329,36.446163],[138.4479313,36.4446904],[138.446577,36.4432422],[138.4453184,36.4419367],[138.4439548,36.4404884],[138.4427334,36.4391822],[138.4414257,36.4378112],[138.4404082,36.436725],[138.4390438,36.4352846],[138.437683,36.4338393],[138.4363172,36.4323862],[138.4348653,36.4319422],[138.4323846,36.4311904],[138.4300729,36.4305272],[138.42877,36.4301383],[138.4268585,36.4295514],[138.4250037,36.4290209],[138.423189,36.4284755],[138.4214728,36.4279549],[138.4186721,36.4267179],[138.4169467,36.4255074],[138.4155707,36.4245467],[138.4137112,36.4236583],[138.4121226,36.4230322],[138.4100679,36.4222117],[138.4087435,36.4217137],[138.4059777,36.4208247],[138.4052522,36.4200472],[138.4044327,36.41914],[138.4026413,36.417197],[138.4027332,36.4152571],[138.402779,36.4133679],[138.402842,36.4120807],[138.4044239,36.4103659],[138.404837,36.4091829],[138.4055344,36.4076805],[138.4056256,36.4059924],[138.4057719,36.404214],[138.4058666,36.4022959],[138.404826,36.4001634],[138.4041108,36.3992645],[138.403217,36.3981771],[138.4026745,36.395494],[138.4028455,36.3938834],[138.4029747,36.3925772],[138.4030708,36.3916857],[138.4032445,36.3901821],[138.4027053,36.388872],[138.4007755,36.3874048],[138.4000922,36.3860267],[138.3993673,36.3846285],[138.3986036,36.3831343],[138.397648,36.3812928],[138.3968461,36.3797305],[138.3940183,36.3776104],[138.3928636,36.3767374],[138.3917921,36.3755329],[138.3904751,36.3740552],[138.3891615,36.3725467],[138.3881503,36.371124],[138.3871539,36.370616],[138.3859871,36.3700895],[138.3842021,36.3687629],[138.3834149,36.3679633],[138.3818847,36.3664271],[138.3805429,36.3651053],[138.3792146,36.3637359],[138.3776294,36.3621441],[138.3760844,36.360577],[138.373999,36.3599792],[138.3722294,36.3595105],[138.3700206,36.3589224],[138.3679238,36.358377],[138.3658588,36.3579051],[138.3641372,36.3575082],[138.36222,36.3570716],[138.3611073,36.3564912],[138.3590298,36.355121],[138.3581939,36.3533398],[138.3573453,36.3515015],[138.3564122,36.3494795],[138.3551919,36.3468281],[138.3540783,36.3443498],[138.3531774,36.34232],[138.3525058,36.3399171],[138.3514998,36.3384297]]},"properties":{"name":"tokyo_line_2540","loading_pct":26.3,"p_mw":17.4,"synthetic":false,"tie":false}},{"type":"Feature","geometry":{"type":"LineString","coordinates":[[138.5709429,36.5464965],[138.5711876,36.5471369]]},"properties":{"name":"tokyo_line_2541","loading_pct":25.3,"p_mw":17.2,"synthetic":false,"tie":false}},{"type":"Feature","geometry":{"type":"LineString","coordinates":[[138.5709429,36.5464965],[138.57032,36.5449298],[138.5697785,36.5441308]]},"properties":{"name":"tokyo_line_2542","loading_pct":103.4,"p_mw":94.7,"synthetic":false,"tie":false}},{"type":"Feature","geometry":{"type":"LineString","coordinates":[[139.1291517,36.2400409],[139.1335043,36.2395512]]},"properties":{"name":"tokyo_line_2543","loading_pct":18.5,"p_mw":49.2,"synthetic":false,"tie":false}},{"type":"Feature","geometry":{"type":"LineString","coordinates":[[138.7516615,36.3356622],[138.7487448,36.3361598],[138.7465377,36.3368858],[138.743539,36.3377904],[138.7416553,36.3383921],[138.7381559,36.3395074],[138.7355811,36.3400218],[138.7336683,36.3401103],[138.7320715,36.3401003],[138.7308328,36.3398009],[138.7269937,36.3391067],[138.7240149,36.339504],[138.720423,36.338252],[138.7193177,36.3365106],[138.7170623,36.3349512],[138.7152016,36.3340894],[138.7132782,36.3309975],[138.7126326,36.3297135],[138.709039,36.3289779],[138.7056035,36.3274103],[138.7042123,36.326437],[138.7008714,36.3247528],[138.6985059,36.3226903],[138.6958428,36.3230113],[138.6922933,36.3255763],[138.6885612,36.3262818],[138.6848577,36.3270688],[138.6815887,36.3290553],[138.6776286,36.3285173],[138.6737431,36.3273096],[138.671721,36.3255638],[138.6696382,36.3235095],[138.6668128,36.3218465],[138.6636337,36.320458],[138.6606822,36.3191485],[138.6569879,36.3179146],[138.6532008,36.3171822],[138.6513983,36.3201718],[138.6494291,36.3208014]]},"properties":{"name":"tokyo_line_2544","loading_pct":30.9,"p_mw":95.6,"synthetic":false,"tie":false}},{"type":"Feature","geometry":{"type":"LineString","coordinates":[[139.2123019,36.0933547],[139.2122135,36.0932178]]},"properties":{"name":"tokyo_line_2545","loading_pct":25.3,"p_mw":17.2,"synthetic":false,"tie":false}},{"type":"Feature","geometry":{"type":"LineString","coordinates":[[139.2123019,36.0933547],[139.2122685,36.0931778]]},"properties":{"name":"tokyo_line_2546","loading_pct":25.3,"p_mw":17.2,"synthetic":false,"tie":false}},{"type":"Feature","geometry":{"type":"LineString","coordinates":[[139.0973122,36.029349],[139.0955543,36.0292592]]},"properties":{"name":"tokyo_line_2547","loading_pct":76.0,"p_mw":51.6,"synthetic":false,"tie":false}},{"type":"Feature","geometry":{"type":"LineString","coordinates":[[139.0973122,36.029349],[139.0966759,36.0312688],[139.0972099,36.0335933],[139.0944315,36.0338595],[139.0944112,36.0346584],[139.0931978,36.0364866],[139.0900254,36.0372416],[139.0864377,36.0377566],[139.0847174,36.0364951],[139.0828554,36.0362913]]},"properties":{"name":"tokyo_line_2548","loading_pct":50.8,"p_mw":34.5,"synthetic":false,"tie":false}},{"type":"Feature","geometry":{"type":"LineString","coordinates":[[139.0955543,36.0292592],[139.0954806,36.0292718]]},"properties":{"name":"tokyo_line_2549","loading_pct":25.3,"p_mw":17.2,"synthetic":false,"tie":false}},{"type":"Feature","geometry":{"type":"LineString","coordinates":[[139.0955543,36.0292592],[139.0954818,36.0292161]]},"properties":{"name":"tokyo_line_2550","loading_pct":25.3,"p_mw":17.2,"synthetic":false,"tie":false}},{"type":"Feature","geometry":{"type":"LineString","coordinates":[[139.0812792,36.0324374],[139.0828134,36.0309063],[139.0827355,36.0306195]]},"properties":{"name":"tokyo_line_2551","loading_pct":25.4,"p_mw":17.2,"synthetic":false,"tie":false}},{"type":"Feature","geometry":{"type":"LineString","coordinates":[[139.6208477,36.076868],[139.6173702,36.0783779],[139.6151617,36.0804545],[139.6136211,36.0828536],[139.6114471,36.0820778]]},"properties":{"name":"tokyo_line_2552","loading_pct":3.9,"p_mw":10.3,"synthetic":false,"tie":false}},{"type":"Feature","geometry":{"type":"LineString","coordinates":[[139.7030419,36.0351437],[139.7071815,36.035802]]},"properties":{"name":"tokyo_line_2555","loading_pct":135.7,"p_mw":-1287.4,"synthetic":false,"tie":false}},{"type":"Feature","geometry":{"type":"LineString","coordinates":[[139.697215,36.0171706],[139.6994535,36.0148891],[139.7019653,36.0123603],[139.7044273,36.0098379],[139.7069878,36.0072297],[139.7096759,36.0060094],[139.712449,36.0047612],[139.7153893,36.0034216],[139.7188989,36.0024407],[139.722611,36.0013716],[139.7260783,36.0004022],[139.7293962,36.0001239],[139.7325853,35.9998696],[139.735874,35.9995835],[139.7364226,35.9965155]]},"properties":{"name":"tokyo_line_2556","loading_pct":17.8,"p_mw":164.2,"synthetic":false,"tie":false}},{"type":"Feature","geometry":{"type":"LineString","coordinates":[[139.6859835,36.0142459],[139.6886962,36.0122417],[139.68958,36.0110004],[139.6891537,36.0088385],[139.6902148,36.0071369],[139.6914883,36.005276],[139.6932442,36.0041153],[139.6960018,36.0022754],[139.6970502,36.0007121],[139.6995604,35.9988614],[139.7018042,35.9986755],[139.7037856,35.9979549],[139.7052585,35.9970106],[139.7072801,35.9959671],[139.7093395,35.9934755]]},"properties":{"name":"tokyo_line_2557","loading_pct":36.0,"p_mw":-50.1,"synthetic":false,"tie":false}},{"type":"Feature","geometry":{"type":"LineString","coordinates":[[139.242345,36.0798199],[139.2423727,36.079677]]},"properties":{"name":"tokyo_line_2558","loading_pct":3.9,"p_mw":10.3,"synthetic":false,"tie":false}},{"type":"Feature","geometry":{"type":"LineString","coordinates":[[139.242345,36.0798199],[139.2424887,36.079735]]},"properties":{"name":"tokyo_line_2559","loading_pct":3.9,"p_mw":10.3,"synthetic":false,"tie":false}},{"type":"Feature","geometry":{"type":"LineString","coordinates":[[139.242345,36.0798199],[139.2441952,36.0804462],[139.2435743,36.0821892],[139.242308,36.0829038],[139.2403408,36.0841003],[139.2384382,36.0851647],[139.2369686,36.0865429],[139.2350029,36.0882447]]},"properties":{"name":"tokyo_line_2560","loading_pct":11.8,"p_mw":-30.9,"synthetic":false,"tie":false}},{"type":"Feature","geometry":{"type":"LineString","coordinates":[[139.2350029,36.0882447],[139.2348381,36.0882587]]},"properties":{"name":"tokyo_line_2561","loading_pct":3.9,"p_mw":10.3,"synthetic":false,"tie":false}},{"type":"Feature","geometry":{"type":"LineString","coordinates":[[139.2350029,36.0882447],[139.2348411,36.0881601]]},"properties":{"name":"tokyo_line_2562","loading_pct":3.9,"p_mw":10.3,"synthetic":false,"tie":false}},{"type":"Feature","geometry":{"type":"LineString","coordinates":[[139.5071697,36.7002468],[139.5069387,36.6996076],[139.5063272,36.6988776],[139.5047237,36.696179],[139.5039898,36.6958739],[139.5017839,36.6948134],[139.4981646,36.6898555],[139.4974444,36.6890418],[139.4957639,36.6872547],[139.4946314,36.6864955],[139.4933178,36.6855583],[139.4908401,36.6838002],[139.4895763,36.6826377],[139.4883442,36.6815734],[139.4876194,36.6809703],[139.4863149,36.6791903],[139.4852006,36.6784783],[139.4843943,36.6777154],[139.4830444,36.6770324],[139.4817399,36.6758262],[139.4815949,36.6739625],[139.4800322,36.6722114],[139.4785238,36.6716555],[139.4776178,36.6711142],[139.4757516,36.6696609],[139.4736951,36.6676081],[139.4728544,36.6669332],[139.471919,36.6663527],[139.4707514,36.6661555],[139.4690615,36.666046],[139.4671361,36.665931],[139.4652858,36.6651286],[139.4641694,36.6647809],[139.463613,36.6646248],[139.4624352,36.6643372],[139.4613427,36.6638772],[139.4599328,36.6630419],[139.4575874,36.6616371],[139.4567237,36.660821],[139.4549792,36.6597474],[139.4530025,36.6585863],[139.4500427,36.6576852]]},"properties":{"name":"tokyo_line_2563","loading_pct":21.9,"p_mw":-14.7,"synthetic":false,"tie":false}},{"type":"Feature","geometry":{"type":"LineString","coordinates":[[138.7993491,36.969391],[138.8000169,36.9714482]]},"properties":{"name":"tokyo_line_2564","loading_pct":1.2,"p_mw":0.8,"synthetic":false,"tie":false}},{"type":"Feature","geometry":{"type":"LineString","coordinates":[[138.8002637,36.9701668],[138.8007572,36.9718833],[138.8015941,36.9724725],[138.8021976,36.9727468]]},"properties":{"name":"tokyo_line_2565","loading_pct":1.4,"p_mw":1.0,"synthetic":false,"tie":false}},{"type":"Feature","geometry":{"type":"LineString","coordinates":[[139.6390036,36.1586961],[139.636137,36.1606251]]},"properties":{"name":"tokyo_line_2566","loading_pct":40.3,"p_mw":-11.7,"synthetic":false,"tie":false}},{"type":"Feature","geometry":{"type":"LineString","coordinates":[[140.5319944,36.4697687],[140.5350924,36.471629],[140.5368073,36.4730852],[140.5393249,36.4744696],[140.5415967,36.475672],[140.5444345,36.4771645],[140.5472723,36.4786704],[140.549868,36.4799942],[140.5505486,36.4803413],[140.55377,36.4821088],[140.5566291,36.4836528],[140.559728,36.4852292]]},"properties":{"name":"tokyo_line_2571","loading_pct":42.6,"p_mw":149.1,"synthetic":false,"tie":false}},{"type":"Feature","geometry":{"type":"LineString","coordinates":[[140.7232238,37.1397515],[140.7194124,37.1402343],[140.7141633,37.139533],[140.7126501,37.1366139],[140.7080705,37.1334454],[140.7051451,37.1315234],[140.7000861,37.1282186],[140.6970175,37.1255199],[140.6941804,37.1228808],[140.6910754,37.1199148],[140.6875133,37.1165968],[140.6845453,37.1136991],[140.6832577,37.1124869],[140.6805309,37.110149],[140.6759601,37.1061769],[140.6720512,37.1028457],[140.6690092,37.1008344],[140.6638394,37.0975533],[140.6596955,37.0944884],[140.6555681,37.0921959],[140.6515642,37.0893346],[140.6481949,37.08683],[140.645162,37.084943],[140.6416314,37.0812714],[140.6397243,37.0793475],[140.6369029,37.0764553],[140.6340659,37.0735881],[140.6311342,37.0709975],[140.6253497,37.0659921],[140.6203818,37.0615334],[140.6184148,37.0598128],[140.6151616,37.0568041],[140.6131189,37.0544192],[140.610017,37.0503537],[140.6090158,37.0469179],[140.6044967,37.0416281],[140.6012284,37.0398728],[140.5969816,37.0376585],[140.5933392,37.03379],[140.5913168,37.0328864],[140.5882269,37.0316916],[140.5842251,37.0300257],[140.5810922,37.028651],[140.5785495,37.0275547],[140.5758083,37.0263084],[140.5712539,37.0243084],[140.5676812,37.0222654],[140.563733,37.016753],[140.5578858,37.0141659],[140.5554771,37.0117372],[140.5509549,37.0073335],[140.5494529,37.0053758],[140.5468565,37.0017537],[140.542307,36.9981899],[140.5396666,36.9961098],[140.534993,36.9924469],[140.5327077,36.9906586],[140.5286569,36.9874641],[140.525651,36.9850713],[140.5246267,36.9832581],[140.5228509,36.9801972],[140.5216922,36.9777967],[140.5202653,36.9752902],[140.5184917,36.9715169],[140.5156815,36.9693494],[140.5136098,36.967822],[140.5113733,36.9659876],[140.5096583,36.9644419],[140.5070057,36.9605902],[140.5051535,36.9568042],[140.5038958,36.9535588],[140.5028118,36.9509018],[140.5021009,36.9487944],[140.5013134,36.9464995],[140.5000237,36.9433634],[140.4984344,36.9396276],[140.4971676,36.9356833],[140.4953313,36.9324737],[140.49304,36.9277704],[140.4909968,36.9238033],[140.4886114,36.9189995],[140.4862776,36.9165092],[140.481952,36.9119747],[140.4792173,36.908584],[140.4763162,36.9049543],[140.4741072,36.9023925],[140.4716846,36.8993916],[140.4680484,36.895038],[140.4654992,36.8922059],[140.4629689,36.8893861],[140.460924,36.8870893],[140.4591214,36.8835768],[140.457181,36.880002],[140.4554218,36.8764063],[140.4541508,36.8728],[140.4524304,36.8705208],[140.4501617,36.8674859],[140.4470774,36.8631868],[140.4455257,36.8609005],[140.4439275,36.8573486],[140.4422572,36.8534536],[140.441257,36.8506634],[140.439265,36.846495],[140.4376209,36.8431306],[140.4344091,36.8407377],[140.4296658,36.837173],[140.4263288,36.8346666],[140.4222365,36.8314092],[140.4155005,36.829495],[140.4123697,36.8282658],[140.40708,36.8261154],[140.4013569,36.8238526],[140.3981053,36.8225446],[140.3939794,36.8212431],[140.3902621,36.8201018],[140.3854295,36.8182084],[140.3795022,36.8178421],[140.3734564,36.8186335],[140.3697454,36.8191494],[140.3651442,36.8166495],[140.3619553,36.8149036],[140.3564873,36.8132826],[140.3525473,36.8110093],[140.3486218,36.8087383],[140.3453318,36.8072975],[140.3429834,36.8045939],[140.3400371,36.8013489],[140.3383415,36.7993968],[140.3353035,36.7959959],[140.3347931,36.7935867],[140.3336015,36.7876905],[140.3329859,36.7846607],[140.3320765,36.7801098],[140.3295055,36.7779468],[140.3256737,36.7744966],[140.3226957,36.7717307],[140.3170448,36.7667124],[140.3135395,36.7631892],[140.3115887,36.7615845],[140.3071591,36.7576674],[140.3020107,36.753444],[140.2994192,36.7493499],[140.2972427,36.7444959],[140.2952929,36.740688],[140.293978,36.7382607],[140.2923456,36.7351357],[140.2903143,36.7326428],[140.2865518,36.7279457],[140.2831505,36.7240011],[140.2811699,36.7217785],[140.2777768,36.7178503],[140.2754382,36.7151583],[140.2734356,36.7131616],[140.2693869,36.7090556],[140.2674967,36.707071],[140.2645222,36.7023533],[140.2614329,36.698281],[140.2599126,36.696094],[140.25662,36.6927857],[140.254793,36.6908561],[140.2524141,36.6869803],[140.2495129,36.682183],[140.2482649,36.6801259],[140.2460143,36.6758006],[140.2437188,36.6713029],[140.2425605,36.669438],[140.2380261,36.6648148],[140.2348684,36.6614061],[140.2329086,36.6591858],[140.22993,36.6560004],[140.2269988,36.6523426],[140.2234336,36.6477653],[140.2197388,36.643105],[140.2189041,36.6385264],[140.2178901,36.6334142],[140.2156518,36.6296677],[140.2134189,36.6267314],[140.2111531,36.6234477],[140.209561,36.6204214],[140.2080755,36.6176386],[140.2064269,36.6144813],[140.2028828,36.6115247],[140.2004479,36.6091574],[140.1999675,36.6059383],[140.1994598,36.6011155],[140.1988998,36.5957747],[140.1976356,36.5942043],[140.1950625,36.592543],[140.1913503,36.5901791],[140.1892763,36.5862554],[140.1868502,36.5826958],[140.184325,36.5788455],[140.1822281,36.5756676],[140.1796773,36.5717965],[140.1803572,36.5660663],[140.1806895,36.5631214],[140.1799159,36.5595321],[140.1790657,36.5557834],[140.1782725,36.552155],[140.1766591,36.5493917],[140.1741414,36.54504],[140.1722532,36.5418068],[140.1694208,36.536949],[140.1663119,36.5330334],[140.164114,36.530228]]},"properties":{"name":"tokyo_line_2579","loading_pct":2.6,"p_mw":-1.7,"synthetic":false,"tie":false}},{"type":"Feature","geometry":{"type":"LineString","coordinates":[[140.1611817,36.5324968],[140.1637116,36.5369224],[140.166592,36.5421194],[140.1677698,36.5447273],[140.1690677,36.5474336],[140.1705214,36.5506973],[140.1719025,36.5538014],[140.1744323,36.5593608],[140.1745498,36.5638386],[140.174595,36.5676194],[140.1746944,36.5715888],[140.1748028,36.5760658],[140.1774682,36.5794978],[140.1795102,36.5820807],[140.1813836,36.5880496],[140.1832387,36.5939285],[140.1840891,36.5965686],[140.1856319,36.6015015],[140.1865979,36.6045598],[140.1876273,36.6077919],[140.1897496,36.6123209],[140.1920914,36.6173238],[140.1932666,36.6197776],[140.1946138,36.6226514],[140.196762,36.6256001],[140.199905,36.6300101],[140.201366,36.6319885],[140.2064907,36.635437],[140.2106573,36.6381834],[140.2120214,36.6411266],[140.2134633,36.6443451],[140.2144451,36.6464611],[140.2168719,36.651903],[140.2187693,36.6560718],[140.2209732,36.6600823],[140.2230493,36.6638154],[140.22524,36.6677737],[140.2276769,36.6721452],[140.2314507,36.6763437],[140.234273,36.6794224],[140.2373258,36.6812192],[140.2402816,36.6829422],[140.2434866,36.684801],[140.2481715,36.6875459],[140.2496657,36.6893717],[140.2518852,36.6922367],[140.2548927,36.6960524],[140.257277,36.6990381],[140.2592479,36.7013085],[140.2625215,36.7050857],[140.2651313,36.708829],[140.2673007,36.7119543],[140.2693406,36.7149394],[140.271549,36.7180385],[140.2746833,36.7226687],[140.2768074,36.7247139],[140.2790588,36.7268957],[140.282901,36.7307148],[140.2840297,36.7325512],[140.2869679,36.7373305],[140.288876,36.7403479],[140.2902254,36.7425571],[140.2933432,36.745971],[140.2958189,36.7487178],[140.2988569,36.7520457],[140.3021564,36.755436],[140.3064564,36.759719],[140.3094839,36.7628604],[140.3140055,36.7668546],[140.3153706,36.7696716],[140.3173485,36.7736923],[140.3198049,36.7788828],[140.3212722,36.7819159],[140.322433,36.7842466],[140.3239219,36.7862355],[140.3259038,36.7889261],[140.3282919,36.7920432],[140.3316145,36.7964961],[140.3336625,36.7992667],[140.3372194,36.8031164],[140.3395229,36.8061745],[140.3419566,36.8093464],[140.3441153,36.8122194],[140.34571,36.8148817],[140.3481741,36.818967],[140.3501674,36.8223757],[140.3523012,36.8273418],[140.3567696,36.8312683],[140.357958,36.8332431],[140.359441,36.8357492],[140.3615651,36.8392555],[140.3630643,36.8434561],[140.3645073,36.8455191],[140.367496,36.8501827],[140.3693254,36.8533295],[140.3707981,36.855108],[140.3750971,36.8597846],[140.3795151,36.8646549],[140.3800791,36.8653041],[140.3832516,36.8687712],[140.3876604,36.8733602],[140.3920424,36.8767413],[140.3960977,36.8799982],[140.398106,36.8822228],[140.4001563,36.8842973],[140.403775,36.8875072],[140.4056992,36.8892505],[140.4095311,36.8926217],[140.4135561,36.8962764],[140.4171261,36.8985201],[140.4222791,36.9006847],[140.4277246,36.9030453],[140.4310293,36.9040235],[140.4347719,36.9051456],[140.4411995,36.9070831],[140.4449834,36.9082718],[140.447716,36.909141],[140.4509852,36.911731],[140.4533823,36.9137135],[140.4568801,36.9165051],[140.4605343,36.916889],[140.4657966,36.9174188],[140.4686912,36.9177111],[140.4732991,36.9198865],[140.4787747,36.9232416],[140.482557,36.9256035],[140.4860648,36.9280311],[140.4875923,36.9301991],[140.4895589,36.9326119],[140.4912374,36.935233],[140.4947223,36.9401168],[140.4963785,36.9421546],[140.4973449,36.9457576],[140.4981132,36.948784],[140.4987764,36.9511962],[140.5000889,36.9552566],[140.5017079,36.9573398],[140.503455,36.959178],[140.5054124,36.961959],[140.5070863,36.9640018],[140.5092812,36.9666459],[140.5115905,36.9693712],[140.5130801,36.9712291],[140.5158035,36.9748976],[140.5190804,36.9790298],[140.5210287,36.981021],[140.52332,36.9840423],[140.5246625,36.9858714],[140.5279,36.9883752],[140.5317449,36.9913805],[140.5345501,36.9935347],[140.5378443,36.9960835],[140.540284,36.99855],[140.5420752,37.0003875],[140.5458748,37.004202],[140.5476934,37.0063054],[140.5504614,37.0096318],[140.5519447,37.0113474],[140.5545706,37.013759],[140.5573118,37.0162733],[140.5594763,37.0182415],[140.5633923,37.0218339],[140.5666244,37.0247709],[140.5703205,37.0276403],[140.5735445,37.0302441],[140.5775356,37.0332782],[140.5821544,37.0343809],[140.5885434,37.0358412],[140.5906355,37.0373742],[140.5930281,37.0388258],[140.5956566,37.0414164],[140.5980867,37.0438399],[140.6010854,37.0468756],[140.6029522,37.0486867],[140.6045772,37.0506245],[140.6054309,37.0540576],[140.6087545,37.0563595],[140.6107934,37.0594748],[140.6126583,37.0621271],[140.6152715,37.0639206],[140.6175098,37.0654412],[140.6200828,37.0678015],[140.6219547,37.0694647],[140.6241037,37.0714819],[140.627573,37.0747206],[140.6302697,37.0773428],[140.6328962,37.0791693],[140.6372363,37.0821723],[140.6407477,37.0846598],[140.6436411,37.0874498],[140.6464502,37.0902956],[140.6488822,37.0924118],[140.6518115,37.0952567],[140.654727,37.0979663],[140.6583208,37.1014187],[140.6627992,37.1031903],[140.6690701,37.1055976],[140.6731785,37.1090291],[140.676574,37.1119333],[140.6788938,37.1138142],[140.682743,37.1171006],[140.6861644,37.1207796],[140.6884272,37.1232369],[140.6907496,37.1263865],[140.6932276,37.129693],[140.6955604,37.1329416],[140.6970679,37.1349187],[140.7025173,37.1386811],[140.7052462,37.1398911],[140.7089059,37.1424945],[140.7113845,37.1438182],[140.7153273,37.1436878],[140.7212529,37.1411973]]},"properties":{"name":"tokyo_line_2581","loading_pct":2.6,"p_mw":1.7,"synthetic":false,"tie":false}},{"type":"Feature","geometry":{"type":"LineString","coordinates":[[140.1397681,36.5299242],[140.135777,36.5330148],[140.132933,36.5364451],[140.130983,36.5386834],[140.1284434,36.5416659],[140.1251394,36.5455122],[140.1199632,36.5478647],[140.1145926,36.5502899],[140.1119947,36.5514713],[140.1078901,36.5542975],[140.105452,36.5560477],[140.1028793,36.5578459],[140.1010295,36.5607815],[140.09908,36.5639172],[140.0958641,36.5678896],[140.0923803,36.5721492],[140.0896618,36.5754494],[140.0874084,36.578194],[140.082647,36.5802437],[140.0797654,36.5815068],[140.0758895,36.5831909],[140.0714938,36.5850939],[140.0684319,36.5864356],[140.0645865,36.5892533],[140.0612549,36.5916767],[140.0565755,36.5929191],[140.0518435,36.5941853],[140.0470529,36.595561],[140.0443195,36.5982836],[140.0402293,36.6015439],[140.0361129,36.6048589],[140.0324475,36.6080594],[140.0290487,36.6110388],[140.0246086,36.6133517],[140.020285,36.6155864],[140.016237,36.6177069],[140.0143269,36.6216754],[140.0123572,36.6258266],[140.010058,36.6292279],[140.0079821,36.6323028],[140.0057744,36.6355921],[140.0021248,36.6385121],[139.99907,36.6409624],[139.9958336,36.643519],[139.9906313,36.6448073],[139.9854589,36.6460958],[139.980567,36.6472784],[139.9750416,36.6486231],[139.9694478,36.649669],[139.9641844,36.6505839],[139.9602421,36.6504379],[139.9575016,36.6507907],[139.9497141,36.6517931],[139.9455907,36.6545683],[139.9412788,36.6574835],[139.9367902,36.6590304],[139.9321492,36.6582619]]},"properties":{"name":"tokyo_line_2583","loading_pct":24.1,"p_mw":833.6,"synthetic":false,"tie":false}},{"type":"Feature","geometry":{"type":"LineString","coordinates":[[140.1550926,36.5126188],[140.1540058,36.5086407],[140.1511957,36.5052389],[140.149505,36.5031331],[140.1487497,36.4984419],[140.1482755,36.495286],[140.1474631,36.4900753],[140.1475553,36.4849631],[140.1475992,36.4822056],[140.1476607,36.477951],[140.1477397,36.4732758],[140.1477836,36.470126],[140.1478276,36.467421],[140.1464575,36.4638224],[140.1451972,36.4605485],[140.1438666,36.4570661]]},"properties":{"name":"tokyo_line_2584","loading_pct":3.3,"p_mw":105.7,"synthetic":false,"tie":false}},{"type":"Feature","geometry":{"type":"LineString","coordinates":[[140.0185894,36.3396957],[140.0163564,36.3386684],[140.0141797,36.3376592],[140.0120416,36.3370402],[140.0095045,36.3363174],[140.0073687,36.3362307],[140.004948,36.3350054],[140.0029512,36.3344345],[140.000066,36.3336206],[139.9978281,36.3329659],[139.9953384,36.3322607],[139.9929255,36.3315745],[139.9905402,36.3308844],[139.9884724,36.3302971],[139.9856797,36.3294779],[139.9832817,36.328634],[139.9809507,36.3277847],[139.9786137,36.3269288],[139.9760729,36.3265769],[139.9716756,36.3268137],[139.970588,36.3256208],[139.9697995,36.324756],[139.9690386,36.3235071],[139.9667458,36.3226995]]},"properties":{"name":"tokyo_line_2585","loading_pct":87.6,"p_mw":57.9,"synthetic":false,"tie":false}},{"type":"Feature","geometry":{"type":"LineString","coordinates":[[140.046721,36.3525663],[140.0489284,36.3535383],[140.0512003,36.3545731],[140.0540542,36.3559253],[140.0586863,36.3560269],[140.0609502,36.3561608],[140.0634875,36.3563185],[140.0665452,36.3566014],[140.0705927,36.3567807],[140.0740959,36.3577701],[140.0776844,36.3585736],[140.0813939,36.3595153],[140.0849076,36.3604096],[140.087197,36.3609921],[140.0898295,36.3616754],[140.0922059,36.3622823],[140.094821,36.362831],[140.0972002,36.3633147],[140.0997885,36.3639027]]},"properties":{"name":"tokyo_line_2586","loading_pct":45.1,"p_mw":41.9,"synthetic":false,"tie":false}},{"type":"Feature","geometry":{"type":"LineString","coordinates":[[140.0083432,36.5032586],[140.0089771,36.5006567],[140.0095984,36.4980105],[140.0087768,36.4933016],[140.0075649,36.4904322],[140.0058495,36.4881322],[140.003282,36.4862237],[140.0013066,36.4851604],[139.9985739,36.4843127],[139.9960911,36.4829131],[139.9934024,36.4834653],[139.989487,36.4837278],[139.9881573,36.4819767],[139.9848541,36.4829241],[139.9842448,36.4806375],[139.9831826,36.4774698],[139.9781142,36.4773054],[139.9743134,36.4772758],[139.9702506,36.4771525],[139.9702575,36.4746811],[139.9694392,36.4731472],[139.9662934,36.4730807],[139.9640525,36.470799],[139.9630407,36.4679935]]},"properties":{"name":"tokyo_line_2588","loading_pct":23.4,"p_mw":-51.8,"synthetic":false,"tie":false}},{"type":"Feature","geometry":{"type":"LineString","coordinates":[[140.003672,36.5249036],[140.0031646,36.5268317],[140.0022202,36.5308172],[140.0014919,36.5333482],[140.0001667,36.536344],[139.9989218,36.5389221],[139.9976869,36.5417213],[139.9983579,36.5447406],[139.9960631,36.5466508]]},"properties":{"name":"tokyo_line_2589","loading_pct":4.3,"p_mw":3.0,"synthetic":false,"tie":false}},{"type":"Feature","geometry":{"type":"LineString","coordinates":[[140.0677199,36.4713208],[140.0693527,36.4693578]]},"properties":{"name":"tokyo_line_2590","loading_pct":5.7,"p_mw":-3.7,"synthetic":false,"tie":false}},{"type":"Feature","geometry":{"type":"LineString","coordinates":[[140.0508709,36.4738961],[140.0490967,36.4721854],[140.0467102,36.4699086],[140.0446739,36.4679779],[140.0424137,36.4658294],[140.0415535,36.4632919],[140.0407003,36.4607573],[140.0397317,36.4578295],[140.0387162,36.4548513],[140.0377631,36.4517138],[140.0367361,36.4492872],[140.0341117,36.4471975],[140.0318051,36.4454706],[140.0295011,36.4437228],[140.0259162,36.4430633],[140.0246124,36.4416875],[140.022314,36.4394069],[140.0203896,36.4374577],[140.0183503,36.4354221]]},"properties":{"name":"tokyo_line_2591","loading_pct":39.4,"p_mw":-40.0,"synthetic":false,"tie":false}},{"type":"Feature","geometry":{"type":"LineString","coordinates":[[140.0615071,36.487282],[140.0628447,36.4899322],[140.0640372,36.4922725],[140.0652433,36.4946747],[140.066386,36.4969274],[140.0676284,36.4993696],[140.0687529,36.5016039],[140.0706202,36.5035579],[140.0726158,36.5056169],[140.0746154,36.5077171],[140.0765826,36.509766],[140.0787367,36.5120532]]},"properties":{"name":"tokyo_line_2592","loading_pct":83.7,"p_mw":72.2,"synthetic":false,"tie":false}},{"type":"Feature","geometry":{"type":"LineString","coordinates":[[140.4217943,36.4827601],[140.4205513,36.4844389],[140.4203099,36.4878591],[140.4192343,36.4909061],[140.4201543,36.4947249],[140.4182929,36.4976876],[140.4174238,36.5028579],[140.4165333,36.5078511],[140.4156482,36.5126543],[140.4208034,36.5145298],[140.425964,36.5116066],[140.4308671,36.5124387],[140.4346651,36.5147238],[140.4401824,36.5175261],[140.4412472,36.5219235]]},"properties":{"name":"tokyo_line_2594","loading_pct":41.5,"p_mw":-393.9,"synthetic":false,"tie":false}},{"type":"Feature","geometry":{"type":"LineString","coordinates":[[140.4217943,36.4827601],[140.426512,36.4834977],[140.4304966,36.482921]]},"properties":{"name":"tokyo_line_2595","loading_pct":9.0,"p_mw":-64.7,"synthetic":false,"tie":false}},{"type":"Feature","geometry":{"type":"LineString","coordinates":[[140.3954244,36.5039812],[140.3991634,36.5051238],[140.4006815,36.5075191],[140.4021674,36.5107982],[140.4044111,36.5116141]]},"properties":{"name":"tokyo_line_2596","loading_pct":124.5,"p_mw":-329.2,"synthetic":false,"tie":false}},{"type":"Feature","geometry":{"type":"LineString","coordinates":[[140.1438666,36.4570661],[140.1428567,36.4544066],[140.141693,36.4517822],[140.1395676,36.4470031],[140.1377321,36.4429231],[140.13515,36.439984],[140.13295,36.4375075],[140.1299595,36.4341549],[140.127821,36.4317524],[140.1260864,36.429788],[140.1227886,36.4277458],[140.1181295,36.4248203],[140.1154245,36.423096],[140.111525,36.4207038],[140.1068527,36.4177497],[140.1045607,36.4164795],[140.0995484,36.413719],[140.0947893,36.4109828],[140.0894546,36.4078819],[140.0832503,36.4055664],[140.0783017,36.4037172],[140.0723687,36.4014793],[140.0693365,36.4001729],[140.065231,36.3983812],[140.0614538,36.3967565],[140.0564573,36.3936933],[140.0528668,36.3914534],[140.0498432,36.3895688],[140.0471812,36.3880866],[140.0437866,36.3862725],[140.0403661,36.3844248],[140.0347919,36.3818938],[140.0298445,36.3796401],[140.0254606,36.3776875],[140.0212275,36.3757678],[140.0175407,36.3740958],[140.0141689,36.3725821],[140.0104027,36.3701811],[140.0054323,36.3698073],[140.002304,36.3695605],[139.9982545,36.3667373],[139.9944917,36.3641159],[139.9902914,36.361147],[139.9864111,36.3592514],[139.9825189,36.3573636],[139.9782814,36.3552875],[139.9745775,36.3534816],[139.9710285,36.3517291],[139.9679983,36.3497839],[139.964396,36.3475043],[139.9613879,36.3461291],[139.9584265,36.3447403],[139.9557379,36.3419032],[139.9523716,36.338397],[139.9494996,36.3353903]]},"properties":{"name":"tokyo_line_2598","loading_pct":3.1,"p_mw":86.7,"synthetic":false,"tie":false}},{"type":"Feature","geometry":{"type":"LineString","coordinates":[[140.0403199,36.9247119],[140.0386741,36.9226697]]},"properties":{"name":"tokyo_line_2599","loading_pct":20.2,"p_mw":53.9,"synthetic":false,"tie":false}},{"type":"Feature","geometry":{"type":"LineString","coordinates":[[140.0302603,36.9278155],[140.0283905,36.9254482],[140.0265076,36.9230496]]},"properties":{"name":"tokyo_line_2601","loading_pct":4.8,"p_mw":-12.6,"synthetic":false,"tie":false}},{"type":"Feature","geometry":{"type":"LineString","coordinates":[[140.0541306,36.9418217],[140.0556375,36.9437006],[140.0571512,36.9456395],[140.0586715,36.9475294],[140.0601359,36.9494154],[140.0616053,36.9513142],[140.0631143,36.9532183],[140.0646331,36.9551305],[140.0661421,36.9570577]]},"properties":{"name":"tokyo_line_2602","loading_pct":11.4,"p_mw":30.2,"synthetic":false,"tie":false}},{"type":"Feature","geometry":{"type":"LineString","coordinates":[[139.9951858,36.8870751],[139.9954211,36.8868254]]},"properties":{"name":"tokyo_line_2605","loading_pct":93.3,"p_mw":-184.7,"synthetic":false,"tie":false}},{"type":"Feature","geometry":{"type":"LineString","coordinates":[[139.9943258,36.898794],[139.9922856,36.9008515]]},"properties":{"name":"tokyo_line_2606","loading_pct":82.9,"p_mw":154.5,"synthetic":false,"tie":false}},{"type":"Feature","geometry":{"type":"LineString","coordinates":[[140.0071357,36.8892124],[140.0084815,36.8876902],[140.0105605,36.8857873],[140.0128331,36.8837688],[140.0150417,36.8818584]]},"properties":{"name":"tokyo_line_2608","loading_pct":80.5,"p_mw":52.9,"synthetic":false,"tie":false}},{"type":"Feature","geometry":{"type":"LineString","coordinates":[[139.9606573,36.7615594],[139.9597124,36.7614395],[139.9597784,36.7609678]]},"properties":{"name":"tokyo_line_2612","loading_pct":131.8,"p_mw":210.0,"synthetic":false,"tie":false}},{"type":"Feature","geometry":{"type":"LineString","coordinates":[[139.979285,36.7390539],[139.9822676,36.7413216]]},"properties":{"name":"tokyo_line_2614","loading_pct":83.5,"p_mw":-83.8,"synthetic":false,"tie":false}},{"type":"Feature","geometry":{"type":"LineString","coordinates":[[139.9563865,36.7526371],[139.9552984,36.7547249],[139.9538133,36.7562702],[139.9521349,36.7580509],[139.9507831,36.7594499],[139.9490458,36.7612495],[139.9472012,36.7631538],[139.9458282,36.7646128],[139.9442264,36.76633],[139.9421809,36.7680845],[139.9409621,36.7691507],[139.939136,36.7707578],[139.9372438,36.7724158],[139.9367206,36.7740483],[139.9369459,36.7767639],[139.9371068,36.778895],[139.9372838,36.7810175],[139.937442,36.7828232],[139.9376309,36.7850168],[139.9371382,36.787762],[139.9366637,36.7904139],[139.9363499,36.7925513]]},"properties":{"name":"tokyo_line_2615","loading_pct":1.5,"p_mw":1.0,"synthetic":false,"tie":false}},{"type":"Feature","geometry":{"type":"LineString","coordinates":[[139.9592769,36.7246912],[139.9591197,36.7225632]]},"properties":{"name":"tokyo_line_2617","loading_pct":18.1,"p_mw":-47.7,"synthetic":false,"tie":false}},{"type":"Feature","geometry":{"type":"LineString","coordinates":[[139.9713475,36.7250899],[139.9721672,36.7229961],[139.9729936,36.7209367],[139.9737878,36.7188803],[139.9744476,36.7172146],[139.9752818,36.7150479],[139.9761055,36.7129647],[139.9769251,36.7108525],[139.977762,36.7087126],[139.9784817,36.7068801],[139.979324,36.7047207],[139.9800812,36.7028026],[139.9808834,36.7007714],[139.9817082,36.6986333],[139.9828239,36.6958432],[139.9841152,36.6924255],[139.9854854,36.6888806],[139.9863277,36.6867358],[139.9871159,36.6845637],[139.9879349,36.6824245],[139.9887121,36.6803332],[139.9895223,36.6781997],[139.9903042,36.6760594],[139.9910864,36.6739981],[139.9918641,36.6718679],[139.992625,36.6698368],[139.9934116,36.6677149],[139.9941641,36.6656709],[139.994969,36.6635604],[139.9957111,36.6615637],[139.9956425,36.6593159],[139.995587,36.657037],[139.9955163,36.6547597],[139.9954451,36.6524909],[139.995388,36.6502982],[139.9953009,36.6480289],[139.9952412,36.6457481],[139.9951634,36.6434613],[139.9946598,36.6414767],[139.9941119,36.6394178],[139.9935408,36.637276]]},"properties":{"name":"tokyo_line_2618","loading_pct":1.2,"p_mw":3.1,"synthetic":false,"tie":false}},{"type":"Feature","geometry":{"type":"LineString","coordinates":[[139.951822,36.7441466],[139.9495076,36.7444145],[139.9469885,36.7447546],[139.9438282,36.7451494],[139.9413868,36.7457534],[139.9394072,36.7462386],[139.9369373,36.7467502],[139.9349082,36.7467349],[139.9323388,36.7466878],[139.9282496,36.7466614],[139.9251197,36.7466069],[139.9226603,36.7465975],[139.9200527,36.746529],[139.9177149,36.7464793],[139.9153644,36.7464433],[139.9104286,36.7462972],[139.9062865,36.746416],[139.9016498,36.7465154],[139.8986008,36.7465635],[139.8948242,36.7466233],[139.8907654,36.7467437],[139.8875512,36.7468427],[139.8846782,36.746937],[139.8822827,36.7470173],[139.8800204,36.7470899],[139.8778875,36.7471649],[139.8753593,36.7472469],[139.8730077,36.7473348],[139.8708605,36.747402],[139.868401,36.7474853],[139.8662432,36.7475503],[139.8644225,36.7480354],[139.8621339,36.7486425],[139.8598098,36.7492686],[139.8558755,36.7494702],[139.8532327,36.7495823],[139.8506424,36.7497264],[139.846971,36.7499097],[139.8440493,36.7500371],[139.8397265,36.7502569],[139.8364768,36.7509798],[139.8329388,36.7517154],[139.8295572,36.75243],[139.8278534,36.7528022],[139.8243889,36.7535317],[139.8210477,36.7535867],[139.8181261,36.7536359],[139.8152818,36.7536576],[139.811862,36.7536973],[139.8095548,36.7540448],[139.8066034,36.7543992],[139.8035576,36.7548185],[139.7995063,36.7564554],[139.795792,36.7579083],[139.7934535,36.7588133],[139.7914177,36.7605732],[139.790219,36.7615316],[139.7890359,36.7626447],[139.7871893,36.7642584],[139.7850655,36.7661171],[139.7828098,36.7669594],[139.7805983,36.7677732],[139.7776326,36.7685126],[139.7754529,36.7701015],[139.7720993,36.7724428],[139.7699799,36.7740432],[139.7674574,36.7758679],[139.7647226,36.777466],[139.7628822,36.778872],[139.7606737,36.7804254],[139.758318,36.7818626],[139.7557712,36.783412],[139.7535876,36.7847591],[139.750939,36.7863783],[139.748228,36.7880587],[139.7457814,36.7895605],[139.7445676,36.7903026],[139.7428421,36.7913517],[139.7389361,36.7922838],[139.7370884,36.7927441],[139.7332535,36.7936616],[139.7301936,36.7958189],[139.728815,36.7963988],[139.7250277,36.7980741],[139.7216052,36.799075],[139.7175175,36.8001531]]},"properties":{"name":"tokyo_line_2619","loading_pct":61.1,"p_mw":250.6,"synthetic":false,"tie":false}},{"type":"Feature","geometry":{"type":"LineString","coordinates":[[139.9840069,36.6222297],[139.9830348,36.6199829]]},"properties":{"name":"tokyo_line_2620","loading_pct":58.2,"p_mw":154.7,"synthetic":false,"tie":false}},{"type":"Feature","geometry":{"type":"LineString","coordinates":[[139.9841273,36.6351472],[139.9830676,36.6378433],[139.981967,36.6407439],[139.9810181,36.6432378],[139.9799456,36.6460585]]},"properties":{"name":"tokyo_line_2621","loading_pct":60.8,"p_mw":-161.9,"synthetic":false,"tie":false}},{"type":"Feature","geometry":{"type":"LineString","coordinates":[[139.967373,36.6077391],[139.9658908,36.6060526]]},"properties":{"name":"tokyo_line_2622","loading_pct":7.8,"p_mw":15.6,"synthetic":false,"tie":false}},{"type":"Feature","geometry":{"type":"LineString","coordinates":[[139.9794321,36.6018871],[139.9772411,36.599724],[139.9750046,36.5974734],[139.9748098,36.594872]]},"properties":{"name":"tokyo_line_2624","loading_pct":27.1,"p_mw":72.3,"synthetic":false,"tie":false}},{"type":"Feature","geometry":{"type":"LineString","coordinates":[[139.9668819,36.6094492],[139.9647454,36.6063884],[139.9624717,36.604577],[139.9600454,36.6029837]]},"properties":{"name":"tokyo_line_2625","loading_pct":20.2,"p_mw":52.5,"synthetic":false,"tie":false}},{"type":"Feature","geometry":{"type":"LineString","coordinates":[[139.9658908,36.6060526],[139.9631795,36.6075755],[139.9606794,36.609726],[139.9580471,36.6121156],[139.9557858,36.6141782],[139.9535765,36.6162071]]},"properties":{"name":"tokyo_line_2626","loading_pct":33.0,"p_mw":-87.5,"synthetic":false,"tie":false}},{"type":"Feature","geometry":{"type":"LineString","coordinates":[[139.9658908,36.6060526],[139.9644421,36.6042572],[139.9630869,36.6026264],[139.9616049,36.6008399],[139.9602825,36.599223],[139.9586147,36.5979283],[139.9566182,36.59639],[139.9550152,36.5946622],[139.9533628,36.5928894],[139.9518407,36.5912625],[139.950212,36.5895196],[139.948477,36.5876654]]},"properties":{"name":"tokyo_line_2627","loading_pct":34.8,"p_mw":92.8,"synthetic":false,"tie":false}},{"type":"Feature","geometry":{"type":"LineString","coordinates":[[139.9509209,36.6183108],[139.953722,36.6157779],[139.9559005,36.6138164],[139.957749,36.6119359],[139.958552,36.6098464],[139.9595546,36.6064016],[139.9600454,36.6029837]]},"properties":{"name":"tokyo_line_2634","loading_pct":54.3,"p_mw":85.3,"synthetic":false,"tie":false}},{"type":"Feature","geometry":{"type":"LineString","coordinates":[[139.9327359,36.7118931],[139.9299701,36.7132649],[139.9268349,36.7148303],[139.923717,36.7163821],[139.9208523,36.71784],[139.9184778,36.7190888],[139.9160684,36.7205248],[139.9133303,36.7221679],[139.9113364,36.7233599],[139.9090156,36.724488],[139.9069087,36.7255107]]},"properties":{"name":"tokyo_line_2636","loading_pct":144.9,"p_mw":-96.1,"synthetic":false,"tie":false}},{"type":"Feature","geometry":{"type":"LineString","coordinates":[[140.0563593,36.8846544],[140.0591864,36.883388],[140.0606728,36.8810157],[140.0626265,36.8782017],[140.0633131,36.8768088]]},"properties":{"name":"tokyo_line_2637","loading_pct":25.4,"p_mw":17.2,"synthetic":false,"tie":false}},{"type":"Feature","geometry":{"type":"LineString","coordinates":[[140.0563593,36.8846544],[140.0587625,36.8858964],[140.0617018,36.8874489],[140.0644871,36.8888585],[140.0672231,36.8897702],[140.0701966,36.8913253],[140.0738322,36.8932424],[140.076533,36.894631],[140.0790022,36.8958395],[140.0822336,36.8974356],[140.0842523,36.8984266],[140.0879927,36.900309],[140.090285,36.9013931],[140.0928793,36.9027433],[140.0953795,36.9040415],[140.098456,36.9056209],[140.101309,36.9071139],[140.1038879,36.9084616],[140.1060882,36.9096723],[140.1082654,36.9108156],[140.111468,36.9126099]]},"properties":{"name":"tokyo_line_2638","loading_pct":13.0,"p_mw":6.7,"synthetic":false,"tie":false}},{"type":"Feature","geometry":{"type":"LineString","coordinates":[[140.0563593,36.8846544],[140.0538945,36.8833039],[140.0509367,36.8816823],[140.048404,36.880312],[140.0454418,36.8786214]]},"properties":{"name":"tokyo_line_2639","loading_pct":60.1,"p_mw":-41.1,"synthetic":false,"tie":false}},{"type":"Feature","geometry":{"type":"LineString","coordinates":[[140.0404958,36.8758943],[140.042735,36.8772124],[140.0454418,36.8786214]]},"properties":{"name":"tokyo_line_2640","loading_pct":111.4,"p_mw":76.2,"synthetic":false,"tie":false}},{"type":"Feature","geometry":{"type":"LineString","coordinates":[[140.0114522,36.8782536],[140.0087302,36.8778834],[140.0073822,36.8767143],[140.0055343,36.8745033],[140.0035078,36.8724203],[140.0016887,36.8705441],[139.9999477,36.8682296],[139.9982492,36.8659535],[139.9967429,36.8639131],[139.995112,36.8617335],[139.9931787,36.8591459],[139.9914306,36.8568282],[139.989433,36.8541578],[139.9877395,36.8519069],[139.9856446,36.8491192],[139.9837312,36.846564]]},"properties":{"name":"tokyo_line_2641","loading_pct":19.7,"p_mw":-9.5,"synthetic":false,"tie":false}},{"type":"Feature","geometry":{"type":"LineString","coordinates":[[140.0454418,36.8786214],[140.047943,36.8768273],[140.0509931,36.87457],[140.0530905,36.8730414],[140.0555423,36.8710441],[140.0582681,36.8690742],[140.0611246,36.8677594],[140.0627875,36.8661286],[140.0646114,36.8635492],[140.0661725,36.8615534],[140.0683826,36.859828],[140.0709897,36.8578364],[140.0737578,36.8559908],[140.073908,36.8536643],[140.0726098,36.8511017],[140.0724059,36.8492687],[140.0730818,36.8469292],[140.0744712,36.8443405],[140.0751418,36.8422413],[140.0757627,36.8396836],[140.0777328,36.8370968],[140.0797659,36.8351316],[140.080871,36.8334013],[140.0825876,36.8321604],[140.0838697,36.8294597],[140.0847816,36.8275274]]},"properties":{"name":"tokyo_line_2642","loading_pct":27.7,"p_mw":17.8,"synthetic":false,"tie":false}},{"type":"Feature","geometry":{"type":"LineString","coordinates":[[140.0032258,37.5423394],[140.0037134,37.5400656],[140.0039765,37.5378495],[140.0040442,37.5374493],[140.0043782,37.5363114],[140.0047971,37.5347094],[140.0060677,37.532259],[140.0069119,37.5305938],[140.0072384,37.5297386],[140.0077507,37.5284001],[140.0079049,37.5269904],[140.0080601,37.5254976],[140.0082072,37.523926],[140.0083168,37.5226018],[140.008407,37.5213773],[140.0085606,37.5187812],[140.0086395,37.5175212],[140.0087254,37.5161552],[140.008748,37.5146107],[140.0087657,37.5130554],[140.0087287,37.5116348],[140.0086707,37.5100173],[140.0086218,37.5086682],[140.0085756,37.5072198],[140.0085294,37.5057747],[140.0084789,37.5043134],[140.0084308,37.5029875],[140.0083947,37.5015346],[140.0084667,37.5001587],[140.0085639,37.4986818],[140.0087783,37.4972505],[140.0089942,37.4957655],[140.009212,37.4942981],[140.0094272,37.4928667],[140.0096424,37.4913976],[140.0098585,37.4899286],[140.0100986,37.4882246],[140.0103244,37.4861549],[140.0105381,37.4841322],[140.0106852,37.4827017],[140.0108734,37.481169],[140.0110146,37.4798637],[140.0114189,37.4777574],[140.0114614,37.475686],[140.0116399,37.4742462],[140.0117316,37.4732],[140.0118562,37.4720505],[140.0120492,37.4699986],[140.0122297,37.4673314],[140.0124799,37.4650007],[140.0126593,37.4625335],[140.0129818,37.4608262],[140.0132562,37.4593333],[140.0141821,37.4580921],[140.0151233,37.4568327],[140.0159078,37.4557692],[140.0162601,37.4546361],[140.0166139,37.4530601],[140.0169232,37.4515819],[140.0171669,37.4504882],[140.0174075,37.4491736],[140.0176824,37.4478913],[140.0179792,37.446485],[140.0182067,37.4452219],[140.0184816,37.4439073],[140.0200625,37.4428469],[140.0244748,37.4404098],[140.0258327,37.4396275],[140.0271699,37.438847],[140.0279058,37.4384094],[140.0302399,37.437135],[140.0310605,37.4366769],[140.0333077,37.4355206],[140.0345466,37.4348802],[140.0362328,37.4341326],[140.0378382,37.4334268],[140.0385398,37.4331231],[140.039457,37.4327073],[140.0416744,37.4317106],[140.0421308,37.4315218],[140.043675,37.4308292],[140.0450749,37.4302082],[140.0458044,37.4289256],[140.0465314,37.4274408],[140.0472277,37.4258978],[140.0477771,37.4246616],[140.0485457,37.4235588],[140.0496997,37.4220405],[140.0504672,37.4212562],[140.051452,37.4202707],[140.0536838,37.4180519],[140.0552932,37.4168696],[140.0565271,37.4164186],[140.0580309,37.4158443],[140.0592394,37.4155887],[140.0606786,37.4152776],[140.0635144,37.4146641],[140.0662808,37.4143894],[140.0699469,37.4143589],[140.0707976,37.4143492],[140.0727834,37.4135109],[140.074303,37.4128687],[140.0761063,37.4121082],[140.079273,37.4107725],[140.0807943,37.4093953],[140.0837406,37.4067017],[140.0860339,37.4046146],[140.087196,37.4035607],[140.088357,37.4024989],[140.0896044,37.4013708],[140.0908487,37.4002331],[140.0920369,37.3991619],[140.0930739,37.3982204],[140.0942817,37.3971195],[140.095515,37.3960015],[140.0968025,37.3948395],[140.0975115,37.3945398],[140.1010619,37.3930712],[140.1031575,37.3927107],[140.104064,37.3925637],[140.1056917,37.3918313],[140.1060402,37.3912199],[140.1067712,37.3899296],[140.1074412,37.3888485],[140.1079496,37.3879186],[140.1087211,37.3864954],[140.1097583,37.384646],[140.1105807,37.3831885],[140.11116,37.3821819],[140.1119126,37.3808922],[140.1127281,37.3796301],[140.1133417,37.3780686],[140.1132494,37.3765913],[140.1128117,37.3749368],[140.1124604,37.373499],[140.1123403,37.3723611],[140.1122082,37.3712301],[140.1132516,37.3699558],[140.1139253,37.3690868],[140.1150209,37.3677702],[140.1157081,37.3668189],[140.1164344,37.3655388],[140.1170111,37.3645593],[140.1171127,37.362834],[140.1172009,37.3611149],[140.1172053,37.3596896],[140.1172155,37.3581963],[140.1179872,37.3568477],[140.1187465,37.3555636],[140.1194385,37.3542002],[140.1207872,37.353161],[140.122067,37.3521171],[140.1237347,37.3514435],[140.1252171,37.3508591],[140.1263609,37.3497931],[140.1272424,37.3487856],[140.1274814,37.3476111],[140.1273164,37.3452166],[140.1270603,37.3441862],[140.1265484,37.343245],[140.126181,37.3413706],[140.1258541,37.3401662],[140.1256329,37.3393333],[140.1254699,37.3387174],[140.1257866,37.3365219],[140.1266659,37.3347248],[140.1280826,37.3327504],[140.1294315,37.3321393],[140.1326146,37.3306796],[140.1340164,37.3295333],[140.134693,37.3289596],[140.1356254,37.3281612],[140.1366941,37.3268047],[140.1369009,37.3262613],[140.1372078,37.325497],[140.1382618,37.3228106],[140.1386597,37.3210175],[140.1389275,37.3198702],[140.1392032,37.3187912],[140.1398795,37.3157859],[140.1401047,37.3147084],[140.140372,37.313771],[140.1408452,37.3126682],[140.1411286,37.3118451],[140.1422521,37.3104409],[140.1432465,37.3097049],[140.144115,37.3090075],[140.1450045,37.3078433],[140.1456944,37.3068593],[140.1464783,37.3058827],[140.1491441,37.3044774],[140.1500481,37.3037089],[140.151026,37.3028661],[140.1524433,37.3016682],[140.1548841,37.3003295],[140.1563106,37.2992435],[140.1568512,37.2986229],[140.1575812,37.2977319],[140.158796,37.2961449],[140.1595873,37.2951297],[140.1601635,37.2937878],[140.1607517,37.2926117],[140.1613882,37.290859],[140.1618254,37.2893845],[140.1620293,37.2884925],[140.1622707,37.287067],[140.1627277,37.2843166],[140.162968,37.2826495],[140.1631267,37.2820981],[140.163194,37.2791879],[140.163035,37.2776921],[140.1628974,37.27641],[140.1626944,37.274787],[140.1625121,37.2733015],[140.1623297,37.2717946],[140.1621661,37.2701842],[140.1620936,37.2688661],[140.1619823,37.2672631],[140.1620346,37.2658564],[140.1620985,37.2644943],[140.163247,37.2578395],[140.1652487,37.2546123],[140.166222,37.2532448],[140.1682394,37.2515041],[140.1687793,37.2510023],[140.1704815,37.2493556],[140.1713602,37.2484962],[140.172562,37.2474078],[140.1738229,37.2461468],[140.1747095,37.2452685],[140.1759665,37.2441644],[140.1765772,37.2435339],[140.1779069,37.2403604],[140.1782887,37.2377344],[140.178584,37.2363369],[140.1792129,37.2351813],[140.1799737,37.2338337],[140.1805504,37.2327468],[140.1813322,37.2313136],[140.1819368,37.23016],[140.1816656,37.2287345],[140.1814567,37.2278182],[140.181263,37.2269867],[140.1799759,37.2241816],[140.1796025,37.2226511],[140.1790329,37.2214537],[140.1786997,37.2209241],[140.1782662,37.2202651],[140.1778249,37.2194054],[140.1778485,37.2180122],[140.178085,37.2165687],[140.178345,37.2149558],[140.1786192,37.213504],[140.1797114,37.2123146],[140.1811993,37.2108013],[140.1818072,37.2097317],[140.1829735,37.2083132],[140.18442,37.2070598],[140.1864094,37.2053555],[140.1872397,37.2046143],[140.1883709,37.20366],[140.1897807,37.2024306],[140.1911181,37.2012899],[140.1923552,37.2002113],[140.19357,37.1992969],[140.1950189,37.1981917],[140.1959885,37.197517],[140.1975377,37.1964827],[140.1989141,37.1955239],[140.1997221,37.1946539],[140.2000119,37.1942144],[140.2015554,37.1919372],[140.2019845,37.1909295],[140.2027535,37.1893624],[140.2032829,37.1879862],[140.2035504,37.1871516],[140.2039015,37.1858597],[140.2042748,37.18459],[140.2048288,37.1825906],[140.2052411,37.1811077],[140.2060993,37.1794694],[140.2067457,37.1781507],[140.2072695,37.1768987],[140.207693,37.1758375],[140.2096325,37.1688907],[140.2097232,37.1665483],[140.2099497,37.1629641],[140.2093406,37.1615614],[140.2087358,37.1600875],[140.2084993,37.1588974],[140.2083102,37.1580118],[140.2082944,37.156897],[140.208326,37.1557507],[140.2083023,37.1539167],[140.2083339,37.1526479],[140.2080107,37.1510744],[140.2071211,37.1494911],[140.2056111,37.1486718],[140.2038273,37.1478936],[140.2029719,37.1476139],[140.2010656,37.1469872],[140.2001732,37.146271],[140.1990227,37.1453733],[140.1975232,37.1442071],[140.1964152,37.1433239],[140.1954864,37.1421794],[140.1945272,37.1410131],[140.1929329,37.1390511],[140.1919523,37.1378813],[140.1891216,37.1355245],[140.1847596,37.132358],[140.1822057,37.130479],[140.1812396,37.1292703],[140.179604,37.1272825],[140.178238,37.1255971],[140.1766068,37.1235109],[140.1736693,37.1224143],[140.1705271,37.1215726],[140.1668711,37.1206888],[140.1652524,37.1203016],[140.1635916,37.1199537],[140.1605868,37.1189822],[140.1578042,37.1179846],[140.1558103,37.1172415],[140.1533698,37.115556],[140.1512322,37.1141525],[140.1497911,37.1128604],[140.1480879,37.1112133],[140.1465853,37.1097205],[140.1441227,37.1077673],[140.1433113,37.1057011],[140.1422399,37.1031627],[140.1414849,37.1013316],[140.1408338,37.0997517],[140.1399312,37.0984906],[140.1390709,37.0972808],[140.1382139,37.096079],[140.1370485,37.0944439],[140.1363102,37.0934165],[140.135578,37.091776],[140.1351066,37.090258],[140.1345722,37.0885549],[140.1341464,37.087181],[140.1337095,37.0857878],[140.1334188,37.0848578],[140.1326349,37.0823016],[140.1316895,37.0793235],[140.1307252,37.0762832],[140.1301288,37.0749934],[140.1291268,37.0727881],[140.1280435,37.0713918],[140.1270786,37.0701144],[140.1261592,37.068972],[140.1251177,37.0678271],[140.1241534,37.0668821],[140.1231335,37.0658062],[140.1215951,37.0641829],[140.1206554,37.0631946],[140.1194894,37.0619945],[140.1187009,37.0612539],[140.117524,37.0601731],[140.1154688,37.058313],[140.1141358,37.0571014],[140.1130199,37.0560526],[140.111871,37.055013],[140.1106709,37.0538311],[140.1096722,37.0528617],[140.1086618,37.051933],[140.1077029,37.0507115],[140.1069511,37.049708],[140.1060102,37.0484358],[140.1049659,37.0470452],[140.1040576,37.0458582],[140.1032544,37.044774],[140.1022671,37.0434719],[140.1014913,37.0424279],[140.1008544,37.0410533],[140.1001906,37.0396727],[140.0995654,37.0383726],[140.0991014,37.037073],[140.0986279,37.0357262],[140.0979647,37.0336688],[140.0973424,37.0315187],[140.0968496,37.0292399],[140.0965009,37.0275766],[140.0961854,37.0260951],[140.0958806,37.0246692],[140.0953542,37.0217322],[140.0950203,37.0193476],[140.0947876,37.0162647],[140.0946347,37.0140074],[140.0944644,37.0119005],[140.0942599,37.0089282],[140.0935545,37.0056446],[140.0925118,37.0022496],[140.0919089,37.0005182],[140.0912699,36.9986573],[140.0904217,36.9959389],[140.0881364,36.9931785],[140.0863387,36.9910662],[140.0839984,36.9881022],[140.0816461,36.9851466],[140.0808046,36.9836533],[140.0799664,36.9812782],[140.0794005,36.9797285],[140.0786075,36.9775773],[140.0760226,36.9761596],[140.0735056,36.9747949]]},"properties":{"name":"tokyo_line_2643","loading_pct":4.3,"p_mw":-10.3,"synthetic":false,"tie":false}},{"type":"Feature","geometry":{"type":"LineString","coordinates":[[140.0753486,36.9687232],[140.0770945,36.9709551],[140.0794601,36.9739817],[140.0811347,36.9760705],[140.0832875,36.9788106],[140.0852095,36.9818665],[140.0865223,36.9839223],[140.0876809,36.9857508],[140.0890122,36.9878552],[140.0902247,36.9897105],[140.0914647,36.9916551],[140.0935304,36.9949408],[140.0955457,36.9980941],[140.0971763,37.0006621],[140.0984527,37.002641],[140.1000585,37.0051854],[140.1013421,37.0071919],[140.102707,37.0093301],[140.1035716,37.0106708],[140.1048059,37.0126274],[140.1060141,37.0145124],[140.1067011,37.0172779],[140.1077923,37.0193336],[140.108798,37.0212824],[140.1100485,37.0236786],[140.110921,37.0253441],[140.1119421,37.0272671],[140.112982,37.0292818],[140.1139935,37.0312899],[140.1153602,37.0338045],[140.1165856,37.0369655],[140.1172923,37.0387464],[140.1182295,37.0412233],[140.1193992,37.0442331],[140.1200405,37.0458579],[140.1206922,37.0475106],[140.1217873,37.0503475],[140.1222806,37.051657],[140.122934,37.0533153],[140.1237932,37.0555378],[140.1248582,37.0582373],[140.126262,37.0618613],[140.1270274,37.0638208],[140.1282173,37.0668742],[140.1292205,37.0694771],[140.1298956,37.0712014],[140.1304121,37.0725424],[140.1316221,37.0749646],[140.1326501,37.0770499],[140.1338275,37.0794401],[140.1348133,37.0814316],[140.1362481,37.0843179],[140.137261,37.0863864],[140.1383167,37.0885174],[140.1392144,37.0903477],[140.1404753,37.0928916],[140.1415096,37.0950001],[140.1427853,37.0975642],[140.1438051,37.0996123],[140.1456778,37.1034052],[140.1471163,37.106286],[140.1482974,37.1086933],[140.1512355,37.1116335],[140.1547766,37.1151731],[140.1571827,37.1162229],[140.1596477,37.1173003],[140.1623645,37.1184815],[140.1649342,37.1193362],[140.1678423,37.1202988],[140.1707136,37.1212443],[140.1738769,37.1223161],[140.1767503,37.1233698],[140.1777938,37.1243994],[140.1794787,37.1262285],[140.1810706,37.1279612],[140.1826532,37.1296688],[140.1849448,37.1321601],[140.1879698,37.134341],[140.1965682,37.1399264],[140.1996591,37.1423577],[140.2014007,37.1438685],[140.2023937,37.1449993],[140.2054613,37.1474375],[140.2067853,37.1487817],[140.208322,37.1507258],[140.209085,37.1540899],[140.2091584,37.1570522],[140.2091584,37.1600189],[140.2099674,37.1620017],[140.2112764,37.1650435],[140.2101609,37.1689199],[140.2081128,37.1757404],[140.2069037,37.1798042],[140.2059447,37.1827286],[140.2047079,37.1863696],[140.2038944,37.1886563],[140.2019288,37.1919239],[140.2003561,37.1944069],[140.199126,37.1956713],[140.1969964,37.1979261],[140.1944964,37.2004153],[140.1929157,37.20208],[140.190796,37.2042661],[140.1883281,37.2067193],[140.1861301,37.2091179],[140.1834598,37.2118685],[140.1818057,37.2135924],[140.180556,37.2169637],[140.1809052,37.2203446],[140.1813418,37.2232877],[140.1814868,37.2246562],[140.1822083,37.2306429],[140.1811877,37.2341354],[140.1803693,37.2365965],[140.1782647,37.2419759],[140.1769827,37.2445196],[140.1741429,37.2480881],[140.1720065,37.2502819],[140.1703867,37.2519878],[140.1678893,37.2545228],[140.1649528,37.2575655],[140.1636889,37.2600851],[140.1630384,37.2653184],[140.1630592,37.2674317],[140.1631719,37.2696089],[140.1633275,37.274104],[140.1634186,37.2761487],[140.163514,37.2783836],[140.16366,37.2821523],[140.1630406,37.2845787],[140.1626301,37.2898967],[140.1621094,37.2952613]]},"properties":{"name":"tokyo_line_2645","loading_pct":3.9,"p_mw":10.3,"synthetic":false,"tie":false}},{"type":"Feature","geometry":{"type":"LineString","coordinates":[[140.0369265,36.974394],[140.0388714,36.9748319]]},"properties":{"name":"tokyo_line_2646","loading_pct":24.6,"p_mw":13.6,"synthetic":false,"tie":false}},{"type":"Feature","geometry":{"type":"LineString","coordinates":[[140.0408236,36.9533675],[140.0417865,36.9531374],[140.0419175,36.9531061],[140.0424525,36.9529815],[140.0426228,36.9527225],[140.0427276,36.952578],[140.0428144,36.9524455],[140.0428265,36.9523179],[140.0430612,36.9524885]]},"properties":{"name":"tokyo_line_2647","loading_pct":25.3,"p_mw":17.2,"synthetic":false,"tie":false}},{"type":"Feature","geometry":{"type":"LineString","coordinates":[[140.0287878,36.9737154],[140.0263484,36.9748918],[140.025246,36.9771278],[140.0240698,36.9795095],[140.0208136,36.9808486],[140.0179799,36.9820185],[140.0172084,36.9842742],[140.0159818,36.9856504],[140.0128247,36.9857915],[140.0106052,36.986625],[140.0077231,36.9878044],[140.004876,36.9888874],[140.0047304,36.9911043],[140.0040686,36.9922959],[140.0032579,36.9938202],[140.0018343,36.9943118],[140.001202,36.9962787],[139.9996872,36.9986198],[139.9984547,36.9998965],[139.999254,37.0018244],[140.0003001,37.0033259],[140.0008419,37.004684],[140.0015232,37.0063868],[140.0022581,37.0082503],[140.0029971,37.0100655],[140.001204,37.011131],[139.9992426,37.0122742],[139.997917,37.0135801],[139.9965598,37.0148512],[139.99522,37.0161245],[139.9942155,37.018098],[139.9940278,37.0200607],[139.99384,37.0220459],[139.993659,37.0239807],[139.9934739,37.0259337],[139.993317,37.0278277],[139.9932674,37.0296339],[139.9940469,37.0313209],[139.9945575,37.0324271],[139.9963683,37.03702],[139.9977545,37.0405883],[139.9999409,37.0437581],[140.0010658,37.0453918],[140.0022717,37.0471573],[140.0026304,37.0489241],[140.0030446,37.0511086],[140.0034334,37.0530946],[140.0056044,37.0540632],[140.0080498,37.0551552],[140.0100999,37.0560684],[140.0108637,37.057665],[140.0116379,37.0592557],[140.0101646,37.0621586],[140.0109475,37.0640247],[140.0106856,37.0667444],[140.0104154,37.0696167],[140.0122025,37.0705531]]},"properties":{"name":"tokyo_line_2648","loading_pct":25.5,"p_mw":17.3,"synthetic":false,"tie":false}},{"type":"Feature","geometry":{"type":"LineString","coordinates":[[140.8264264,36.9242064],[140.8296107,36.9262124]]},"properties":{"name":"tokyo_line_2649","loading_pct":38.0,"p_mw":212.5,"synthetic":false,"tie":false}},{"type":"Feature","geometry":{"type":"LineString","coordinates":[[140.776627,36.9291858],[140.7748008,36.9274027],[140.7727079,36.9263236],[140.7705543,36.9252023]]},"properties":{"name":"tokyo_line_2654","loading_pct":158.5,"p_mw":-100.6,"synthetic":false,"tie":false}},{"type":"Feature","geometry":{"type":"LineString","coordinates":[[140.6597346,36.6833225],[140.656634,36.681378]]},"properties":{"name":"tokyo_line_2655","loading_pct":51.9,"p_mw":493.8,"synthetic":false,"tie":false}},{"type":"Feature","geometry":{"type":"LineString","coordinates":[[140.6561548,36.6886288],[140.6555705,36.6855493],[140.655978,36.6817843]]},"properties":{"name":"tokyo_line_2656","loading_pct":28.3,"p_mw":269.5,"synthetic":false,"tie":false}},{"type":"Feature","geometry":{"type":"LineString","coordinates":[[140.655978,36.6817843],[140.6523995,36.6786832]]},"properties":{"name":"tokyo_line_2660","loading_pct":75.0,"p_mw":714.0,"synthetic":false,"tie":false}},{"type":"Feature","geometry":{"type":"LineString","coordinates":[[140.655978,36.6817843],[140.656634,36.681378]]},"properties":{"name":"tokyo_line_2661","loading_pct":47.2,"p_mw":-449.7,"synthetic":false,"tie":false}},{"type":"Feature","geometry":{"type":"LineString","coordinates":[[140.6523995,36.6786832],[140.6491787,36.6772315],[140.6467318,36.6761381],[140.6431549,36.6737827],[140.6401363,36.674025],[140.6350495,36.6743796],[140.6326507,36.670039],[140.626409,36.6669799]]},"properties":{"name":"tokyo_line_2663","loading_pct":70.9,"p_mw":674.5,"synthetic":false,"tie":false}},{"type":"Feature","geometry":{"type":"LineString","coordinates":[[140.7705543,36.9252023],[140.7694016,36.9233845],[140.7671064,36.9198062],[140.7658597,36.9178579],[140.7660627,36.9149573]]},"properties":{"name":"tokyo_line_2664","loading_pct":200,"p_mw":-135.2,"synthetic":false,"tie":false}},{"type":"Feature","geometry":{"type":"LineString","coordinates":[[140.7705543,36.9252023],[140.7688403,36.9272497],[140.7679188,36.9295807],[140.7669621,36.9314822],[140.7660259,36.9329918],[140.7658808,36.9344931],[140.7648587,36.9359598],[140.7629949,36.9378018],[140.7594891,36.9384522],[140.7561146,36.9393684],[140.7546194,36.9411513],[140.752771,36.9424106],[140.7500365,36.9442198],[140.7480579,36.9422781],[140.7448687,36.9419046],[140.7426371,36.940388]]},"properties":{"name":"tokyo_line_2665","loading_pct":25.4,"p_mw":17.2,"synthetic":false,"tie":false}},{"type":"Feature","geometry":{"type":"LineString","coordinates":[[140.7646777,36.9166518],[140.7647225,36.9176907],[140.7644688,36.9192198],[140.7639626,36.9245816],[140.7639695,36.9267035],[140.7638508,36.9285635],[140.7637862,36.9293638],[140.763752,36.9299137],[140.7636917,36.930677],[140.7630305,36.9315443],[140.7627328,36.9323472],[140.7624257,36.9331523],[140.7621695,36.9338255],[140.7618208,36.9345276],[140.7614869,36.9352459],[140.7611369,36.9359308],[140.7607761,36.9366464],[140.7604448,36.9373179],[140.7601501,36.9378625],[140.7597783,36.9384628],[140.7592942,36.9393278],[140.758796,36.9401655],[140.7584077,36.9408038],[140.7580711,36.9413558],[140.7576232,36.9420831]]},"properties":{"name":"tokyo_line_2666","loading_pct":25.3,"p_mw":17.2,"synthetic":false,"tie":false}},{"type":"Feature","geometry":{"type":"LineString","coordinates":[[140.7550732,36.897459],[140.7539941,36.8964384],[140.7525237,36.8948451],[140.750986,36.8944081],[140.7488369,36.8955045],[140.7474542,36.8962807],[140.7452562,36.8966845],[140.7422266,36.8972159],[140.7413515,36.8974873],[140.739073,36.8982906],[140.7364397,36.8991796],[140.7352053,36.8995963],[140.7336308,36.9001245],[140.7316044,36.9008291],[140.7292387,36.9013031],[140.7254018,36.9020806],[140.7235175,36.9024495],[140.7203445,36.9037064],[140.7213034,36.9046533],[140.7206328,36.9063777],[140.7204075,36.9084281],[140.7201963,36.9109046],[140.7184052,36.9141113],[140.7174624,36.9158097],[140.7163292,36.9178491],[140.7156707,36.9184774],[140.7135598,36.9197919],[140.7102996,36.9218108]]},"properties":{"name":"tokyo_line_2667","loading_pct":25.4,"p_mw":17.2,"synthetic":false,"tie":false}},{"type":"Feature","geometry":{"type":"LineString","coordinates":[[140.7772744,36.8926319],[140.7778698,36.8893042],[140.7783701,36.8864848],[140.7788408,36.8838707],[140.7775573,36.8813048],[140.7763001,36.8787565],[140.7744929,36.8750838],[140.7738706,36.8721303],[140.7731652,36.8687422],[140.7723284,36.8655384],[140.7709485,36.8630314],[140.7717451,36.8596257]]},"properties":{"name":"tokyo_line_2668","loading_pct":65.7,"p_mw":130.7,"synthetic":false,"tie":false}},{"type":"Feature","geometry":{"type":"LineString","coordinates":[[140.4596169,36.4808497],[140.4624687,36.4826949],[140.4667199,36.4845994],[140.4700297,36.4861336],[140.4740363,36.4870811],[140.4797085,36.4866907],[140.484975,36.4870345],[140.490386,36.4857893],[140.4922003,36.4827434],[140.4971048,36.4815158],[140.5013858,36.4819013],[140.5034198,36.4809709],[140.504498,36.4811328],[140.5071702,36.4815341],[140.5113742,36.4829389],[140.5158416,36.4832575],[140.5189441,36.4848507],[140.5239404,36.4860584],[140.5274556,36.4885103],[140.5322668,36.4887715]]},"properties":{"name":"tokyo_line_2670","loading_pct":59.5,"p_mw":-560.9,"synthetic":false,"tie":false}},{"type":"Feature","geometry":{"type":"LineString","coordinates":[[140.4502219,36.4318747],[140.452019,36.4289095],[140.4558384,36.4274463],[140.4584563,36.4252061],[140.4573365,36.4230576],[140.4601917,36.4206565],[140.4616038,36.4173564],[140.4581344,36.4154678],[140.4576476,36.4121096]]},"properties":{"name":"tokyo_line_2673","loading_pct":101.5,"p_mw":138.2,"synthetic":false,"tie":false}},{"type":"Feature","geometry":{"type":"LineString","coordinates":[[140.4426983,36.451441],[140.439581,36.4511561],[140.4384168,36.451073],[140.4382995,36.4511996],[140.4382013,36.4513736],[140.4381402,36.4516146],[140.437855,36.4539696],[140.437567,36.4564878],[140.4374445,36.4575589]]},"properties":{"name":"tokyo_line_2674","loading_pct":25.3,"p_mw":17.2,"synthetic":false,"tie":false}},{"type":"Feature","geometry":{"type":"LineString","coordinates":[[140.5322668,36.4887715],[140.5354001,36.4883459]]},"properties":{"name":"tokyo_line_2675","loading_pct":76.8,"p_mw":-726.4,"synthetic":false,"tie":false}},{"type":"Feature","geometry":{"type":"LineString","coordinates":[[140.8274861,36.9494935],[140.8270293,36.9530856],[140.8266109,36.9554562],[140.826171,36.9578738],[140.8259618,36.9603386],[140.8257687,36.9623832],[140.8258438,36.9641363],[140.8259511,36.9666951],[140.8264339,36.9697896],[140.8266914,36.9713797],[140.8273137,36.9755068]]},"properties":{"name":"tokyo_line_2678","loading_pct":7.6,"p_mw":-18.9,"synthetic":false,"tie":false}},{"type":"Feature","geometry":{"type":"LineString","coordinates":[[140.8274861,36.9494935],[140.8280896,36.9472709],[140.82862,36.9443036]]},"properties":{"name":"tokyo_line_2679","loading_pct":32.1,"p_mw":-147.8,"synthetic":false,"tie":false}},{"type":"Feature","geometry":{"type":"LineString","coordinates":[[140.7348965,36.9866728],[140.7298161,36.9876654],[140.7258454,36.9892265],[140.7225119,36.9909872],[140.7201517,36.9922183],[140.7177094,36.9935185],[140.7144404,36.9947374],[140.7121378,36.9962341],[140.7086839,36.9976732],[140.7076348,36.9990723],[140.7060994,37.0006649],[140.7037581,37.0032029],[140.7001333,37.0053353],[140.6973772,37.0069314],[140.6929457,37.0096181],[140.6895869,37.0126668],[140.6866755,37.015077],[140.6847004,37.0166752],[140.6820393,37.018153],[140.6794485,37.0193598],[140.675415,37.021527],[140.6722846,37.0246575],[140.6708506,37.0268064],[140.669525,37.0287318],[140.6674734,37.0310674],[140.6651062,37.0339396],[140.6635912,37.0371432],[140.6622814,37.0400469],[140.6604909,37.0436823],[140.6572853,37.0467153],[140.6544249,37.0492304],[140.651466,37.0513017],[140.6478412,37.0536935],[140.6441671,37.0546306],[140.6407585,37.0559667],[140.6385608,37.0570655],[140.6351106,37.0586573],[140.630308,37.0602319],[140.6274235,37.060749],[140.6238861,37.0623876],[140.6219283,37.0636945],[140.6212451,37.0652091],[140.6190279,37.0665211],[140.6172712,37.0683789],[140.6145884,37.0709257],[140.6128973,37.0726484],[140.6112694,37.0743027],[140.6083297,37.0771475],[140.6046865,37.0788853],[140.6003297,37.0809982],[140.597447,37.0829637],[140.592794,37.0865946],[140.5897227,37.0891838],[140.5868819,37.091469],[140.5847944,37.093276],[140.5818554,37.0957707],[140.579887,37.0981491],[140.5785133,37.099892],[140.5762305,37.1027079],[140.5727926,37.105886],[140.5703321,37.1081415],[140.5669011,37.1106088],[140.5651378,37.1118732],[140.5622945,37.1141218],[140.5601621,37.1157075],[140.5574487,37.1191385],[140.5560681,37.1208608],[140.5544961,37.123171],[140.5521587,37.1266635],[140.5496317,37.1304566],[140.5472713,37.1339428],[140.5457696,37.1354415],[140.5431697,37.1380007],[140.5410285,37.1394855],[140.5391982,37.1422688],[140.5378591,37.1451785],[140.5349427,37.1484711],[140.5335014,37.1502017],[140.5313113,37.1528489],[140.5300214,37.1543955],[140.5276496,37.156334],[140.5248504,37.1582725],[140.5222101,37.1601145],[140.5194033,37.1626467],[140.5179772,37.163949],[140.5156963,37.1660169],[140.5143988,37.1686363],[140.5128933,37.1717591],[140.5117849,37.1740377],[140.5109187,37.1758492],[140.510548,37.1790138],[140.5095267,37.1820246],[140.5086226,37.1847008],[140.507745,37.1872593],[140.5077677,37.1908875],[140.5077677,37.1943619],[140.5075634,37.1964471],[140.5072646,37.1989781],[140.5067048,37.2028197],[140.5062887,37.2055915],[140.5059444,37.2079445],[140.5046167,37.2118368],[140.5036635,37.2145782],[140.5031377,37.2168255],[140.502453,37.2198076],[140.5015338,37.2218318],[140.5000472,37.2250036],[140.4994836,37.2282746],[140.4991242,37.230407],[140.4986438,37.2332591],[140.4987989,37.2361262],[140.4989805,37.2396798],[140.4983942,37.2418059],[140.4977511,37.24423],[140.4945434,37.2470244],[140.492304,37.249099],[140.4897204,37.2514597],[140.4881241,37.252926],[140.4856767,37.2551962],[140.4838837,37.2568401],[140.4809969,37.2596911],[140.4779428,37.2630784],[140.4759076,37.2646606],[140.4736282,37.2664562],[140.471414,37.2695129],[140.4696237,37.2719472],[140.4679245,37.2742054],[140.4662709,37.2765329],[140.4645811,37.2789105],[140.4626425,37.2816385],[140.4611123,37.2837817],[140.4578628,37.2864668],[140.4552068,37.2886942],[140.4528947,37.2906051],[140.4507168,37.2923927],[140.4482659,37.2944369],[140.444014,37.2962484],[140.4406319,37.2976851],[140.4362521,37.2995421],[140.4335724,37.3026392],[140.4312201,37.3040452],[140.4284585,37.3051613]]},"properties":{"name":"tokyo_line_2680","loading_pct":1.5,"p_mw":5.2,"synthetic":false,"tie":false}},{"type":"Feature","geometry":{"type":"LineString","coordinates":[[140.4827635,36.3967841],[140.4837189,36.3973551]]},"properties":{"name":"tokyo_line_2683","loading_pct":78.3,"p_mw":147.0,"synthetic":false,"tie":false}},{"type":"Feature","geometry":{"type":"LineString","coordinates":[[140.4827635,36.3967841],[140.48281,36.3970008]]},"properties":{"name":"tokyo_line_2684","loading_pct":77.2,"p_mw":-233.1,"synthetic":false,"tie":false}},{"type":"Feature","geometry":{"type":"LineString","coordinates":[[140.4827635,36.3967841],[140.4828232,36.3943088],[140.4828805,36.3911985],[140.4828563,36.3885385]]},"properties":{"name":"tokyo_line_2685","loading_pct":81.9,"p_mw":68.9,"synthetic":false,"tie":false}},{"type":"Feature","geometry":{"type":"LineString","coordinates":[[140.484412,36.3775721],[140.4906897,36.3763212]]},"properties":{"name":"tokyo_line_2686","loading_pct":51.3,"p_mw":34.4,"synthetic":false,"tie":false}},{"type":"Feature","geometry":{"type":"LineString","coordinates":[[140.576046,36.3555574],[140.5769176,36.3583791],[140.577717,36.3613708],[140.5784397,36.3641255],[140.5806593,36.3666931]]},"properties":{"name":"tokyo_line_2687","loading_pct":75.3,"p_mw":28.8,"synthetic":false,"tie":false}},{"type":"Feature","geometry":{"type":"LineString","coordinates":[[140.5743257,36.3536742],[140.5700284,36.3535669],[140.5684593,36.3535312]]},"properties":{"name":"tokyo_line_2688","loading_pct":89.6,"p_mw":-46.0,"synthetic":false,"tie":false}},{"type":"Feature","geometry":{"type":"LineString","coordinates":[[140.5868423,36.3796579],[140.5896019,36.3823031]]},"properties":{"name":"tokyo_line_2689","loading_pct":50.6,"p_mw":34.4,"synthetic":false,"tie":false}},{"type":"Feature","geometry":{"type":"LineString","coordinates":[[140.1751792,36.130873],[140.1734801,36.1283319]]},"properties":{"name":"tokyo_line_2691","loading_pct":88.1,"p_mw":335.8,"synthetic":false,"tie":false}},{"type":"Feature","geometry":{"type":"LineString","coordinates":[[140.1784721,36.1402861],[140.1789955,36.1424392],[140.1798749,36.1460384],[140.1806156,36.1491192],[140.1812272,36.1515954],[140.1831578,36.1532138],[140.1857032,36.1553431],[140.1875356,36.1568503],[140.1894748,36.1584554],[140.1910277,36.1605353],[140.1926261,36.1626759],[140.1942404,36.1648043],[140.1954461,36.1664471],[140.1966865,36.1680998],[140.20151,36.1720629],[140.2055743,36.1753796],[140.2084907,36.1773235],[140.2110421,36.1790507],[140.2124545,36.1804388],[140.2148919,36.1829095],[140.2167772,36.1848203],[140.2190168,36.1870779],[140.2211825,36.1892636],[140.224056,36.1913058],[140.2261563,36.1928144],[140.2286196,36.1960914],[140.2307528,36.1989494],[140.2328785,36.2017788],[140.2346405,36.203283],[140.2369559,36.2052645]]},"properties":{"name":"tokyo_line_2692","loading_pct":67.6,"p_mw":-175.8,"synthetic":false,"tie":false}},{"type":"Feature","geometry":{"type":"LineString","coordinates":[[140.1518808,36.1139437],[140.1480032,36.1121066],[140.1438574,36.1113483],[140.1400838,36.1106589],[140.1369929,36.1101007],[140.134359,36.1089181],[140.1316566,36.1077477],[140.1289899,36.1065686],[140.1260199,36.1052633],[140.1229424,36.1039024],[140.1198631,36.1025569],[140.1169478,36.1012568],[140.1132611,36.1002313],[140.1098729,36.0994319],[140.1058951,36.0990442],[140.1017675,36.0986401]]},"properties":{"name":"tokyo_line_2696","loading_pct":13.4,"p_mw":35.4,"synthetic":false,"tie":false}},{"type":"Feature","geometry":{"type":"LineString","coordinates":[[140.1719797,36.0707294],[140.1695627,36.0693414]]},"properties":{"name":"tokyo_line_2697","loading_pct":66.4,"p_mw":-275.8,"synthetic":false,"tie":false}},{"type":"Feature","geometry":{"type":"LineString","coordinates":[[140.1524855,36.0612869],[140.1505988,36.0601595],[140.1486651,36.0591592],[140.1465365,36.0583388],[140.1460848,36.0581619],[140.1457333,36.0579231],[140.1438422,36.0566381],[140.1413606,36.0555936],[140.1382203,36.0542848],[140.1354153,36.0531098],[140.1326858,36.0520588],[140.130185,36.050652],[140.128715,36.0494861],[140.1267471,36.0480048],[140.1240645,36.0475234]]},"properties":{"name":"tokyo_line_2698","loading_pct":50.1,"p_mw":-115.2,"synthetic":false,"tie":false}},{"type":"Feature","geometry":{"type":"LineString","coordinates":[[140.1688387,36.0624925],[140.1716707,36.0608461],[140.1748851,36.0589103],[140.1780306,36.0572575],[140.1805933,36.0555382],[140.183648,36.0547481]]},"properties":{"name":"tokyo_line_2699","loading_pct":88.8,"p_mw":-127.9,"synthetic":false,"tie":false}},{"type":"Feature","geometry":{"type":"LineString","coordinates":[[140.2058703,36.0947033],[140.205936,36.0933847]]},"properties":{"name":"tokyo_line_2700","loading_pct":29.8,"p_mw":-80.4,"synthetic":false,"tie":false}},{"type":"Feature","geometry":{"type":"LineString","coordinates":[[140.2118781,36.1147043],[140.2135129,36.1134345]]},"properties":{"name":"tokyo_line_2701","loading_pct":65.2,"p_mw":-237.0,"synthetic":false,"tie":false}},{"type":"Feature","geometry":{"type":"LineString","coordinates":[[140.1912411,36.1047985],[140.1893829,36.105601],[140.1876093,36.1063724],[140.1848998,36.1075931],[140.1829991,36.1083736],[140.1814928,36.1089286],[140.1798242,36.1103532]]},"properties":{"name":"tokyo_line_2702","loading_pct":45.3,"p_mw":311.0,"synthetic":false,"tie":false}},{"type":"Feature","geometry":{"type":"LineString","coordinates":[[140.2126702,36.0714996],[140.2130484,36.0696447],[140.2142164,36.0662379],[140.2149428,36.0637399],[140.2153632,36.0608766],[140.2155264,36.0590743],[140.2152213,36.0564064]]},"properties":{"name":"tokyo_line_2703","loading_pct":33.5,"p_mw":-114.8,"synthetic":false,"tie":false}},{"type":"Feature","geometry":{"type":"LineString","coordinates":[[140.1277217,36.1468415],[140.1268091,36.1461684],[140.124403,36.1442939],[140.1214224,36.141949],[140.1185431,36.1394229],[140.1164999,36.1372193],[140.1143912,36.1352098],[140.1122914,36.1332158],[140.1099204,36.1309733],[140.1089397,36.1290327],[140.1070678,36.127256]]},"properties":{"name":"tokyo_line_2704","loading_pct":88.0,"p_mw":169.8,"synthetic":false,"tie":false}},{"type":"Feature","geometry":{"type":"LineString","coordinates":[[140.1277217,36.1468415],[140.125078,36.1484537],[140.1229868,36.1497004],[140.1199033,36.1515837],[140.1169441,36.1533738],[140.1145461,36.1548318],[140.1115081,36.1566533],[140.109516,36.1580709],[140.1069816,36.1597377],[140.1042308,36.1617232],[140.1016572,36.1635909],[140.0990633,36.1654673],[140.0966162,36.1672313],[140.0942408,36.1689455],[140.0918687,36.1706585],[140.0892749,36.1725464],[140.0871203,36.1740943],[140.0845022,36.1759705],[140.0824064,36.1776021],[140.080287,36.1792428],[140.0786777,36.1813418],[140.0777333,36.1839714],[140.0766268,36.1870872],[140.0756484,36.1897927],[140.0746903,36.1924677],[140.0738446,36.1948198],[140.0731232,36.1979193],[140.072619,36.2002547],[140.0720751,36.2027387],[140.0716781,36.2045061],[140.0712863,36.2059403],[140.0711955,36.2062674],[140.0704994,36.2088143],[140.0695083,36.2107787],[140.0682998,36.2131777]]},"properties":{"name":"tokyo_line_2705","loading_pct":28.0,"p_mw":106.0,"synthetic":false,"tie":false}},{"type":"Feature","geometry":{"type":"LineString","coordinates":[[140.0642429,36.0712429],[140.0635063,36.073554]]},"properties":{"name":"tokyo_line_2706","loading_pct":3.9,"p_mw":10.3,"synthetic":false,"tie":false}},{"type":"Feature","geometry":{"type":"LineString","coordinates":[[140.0828767,36.0726251],[140.085773,36.0756515],[140.0877012,36.0772229]]},"properties":{"name":"tokyo_line_2707","loading_pct":19.0,"p_mw":-50.4,"synthetic":false,"tie":false}},{"type":"Feature","geometry":{"type":"LineString","coordinates":[[140.0601043,36.0163897],[140.0624456,36.0148177],[140.0653053,36.0128418],[140.0665914,36.0102052],[140.0683573,36.0071895],[140.0721399,36.0059605],[140.0759129,36.004557],[140.0780287,36.0024153],[140.0803321,36.0000104]]},"properties":{"name":"tokyo_line_2710","loading_pct":82.8,"p_mw":-1998.4,"synthetic":false,"tie":false}},{"type":"Feature","geometry":{"type":"LineString","coordinates":[[139.9581918,35.9560566],[139.9614019,35.9558579],[139.9637797,35.953684]]},"properties":{"name":"tokyo_line_2711","loading_pct":11.8,"p_mw":30.9,"synthetic":false,"tie":false}},{"type":"Feature","geometry":{"type":"LineString","coordinates":[[139.9855537,36.0839443],[139.9862693,36.0818124],[139.986957,36.0796592],[139.987047,36.0793775],[139.9878826,36.076911],[139.9886564,36.0745979],[139.9894848,36.0721343],[139.9902516,36.0698028],[139.9910941,36.0674572],[139.9920474,36.0651827],[139.9931986,36.0625196],[139.9941497,36.0603006],[139.9952134,36.0577509],[139.9930074,36.0569095],[139.9940206,36.0545183],[139.9951379,36.0519021],[139.9962062,36.0494143],[139.9973218,36.0468201],[139.9979094,36.0437209],[139.9984442,36.0409943],[139.9993207,36.0388571],[139.9989432,36.036392],[140.000032,36.033562],[140.001577,36.0308944],[140.0053454,36.0310467],[140.0090419,36.0307034],[140.0126149,36.030011],[140.015966,36.0295762],[140.0184216,36.0281251],[140.0197472,36.0253558],[140.0181133,36.0225662],[140.0164875,36.0197658],[140.015553,36.0183095]]},"properties":{"name":"tokyo_line_2712","loading_pct":84.8,"p_mw":-211.2,"synthetic":false,"tie":false}},{"type":"Feature","geometry":{"type":"LineString","coordinates":[[139.9855537,36.0839443],[139.9823959,36.0844844],[139.9782664,36.0853032],[139.975153,36.0857925],[139.9718119,36.0869777],[139.9691614,36.0871934],[139.9655939,36.0864243]]},"properties":{"name":"tokyo_line_2713","loading_pct":35.4,"p_mw":119.7,"synthetic":false,"tie":false}},{"type":"Feature","geometry":{"type":"LineString","coordinates":[[140.0528718,36.2320565],[140.0506368,36.2334279],[140.0484669,36.234867],[140.0455572,36.2368],[140.0434713,36.2392896],[140.0413056,36.2415892],[140.0392638,36.2437869],[140.0373616,36.2458484],[140.0348596,36.2485406],[140.0330481,36.2504011],[140.0316454,36.2524465],[140.0300886,36.2551292],[140.0278446,36.2568443],[140.0256132,36.2585692]]},"properties":{"name":"tokyo_line_2714","loading_pct":22.0,"p_mw":75.7,"synthetic":false,"tie":false}},{"type":"Feature","geometry":{"type":"LineString","coordinates":[[140.0534819,36.2148371],[140.0505852,36.2146427],[140.0485778,36.2145374],[140.0449588,36.2135824],[140.0425856,36.2123257],[140.0404971,36.2115108],[140.0372676,36.2112298],[140.0358097,36.2090981],[140.0341194,36.2063683],[140.0313921,36.204877],[140.0293668,36.2019828],[140.0299948,36.2002827]]},"properties":{"name":"tokyo_line_2715","loading_pct":25.3,"p_mw":17.2,"synthetic":false,"tie":false}},{"type":"Feature","geometry":{"type":"LineString","coordinates":[[140.0256132,36.2585692],[140.0233965,36.2603006],[140.0206562,36.2624589],[140.0184024,36.2641571],[140.0153359,36.2664135],[140.0131627,36.2680121],[140.0101811,36.2702721],[140.0082368,36.2711765],[140.0052553,36.2730787],[140.0026173,36.2748589],[139.9998645,36.2766204],[139.9989494,36.2773093],[139.9976196,36.2779912],[139.9956585,36.2793906],[139.9934472,36.281222],[139.990251,36.2830004],[139.9876071,36.2836746],[139.9858076,36.2856008],[139.9832735,36.2877648],[139.9812957,36.2893561],[139.9786384,36.2914028],[139.9762213,36.2936373],[139.9743571,36.2951484],[139.9709741,36.2963877]]},"properties":{"name":"tokyo_line_2716","loading_pct":45.3,"p_mw":259.4,"synthetic":false,"tie":false}},{"type":"Feature","geometry":{"type":"LineString","coordinates":[[140.0256132,36.2585692],[140.02767,36.2609308],[140.0293685,36.2628843]]},"properties":{"name":"tokyo_line_2717","loading_pct":80.4,"p_mw":-201.6,"synthetic":false,"tie":false}},{"type":"Feature","geometry":{"type":"LineString","coordinates":[[139.9674181,36.3207048],[139.9667458,36.3226995]]},"properties":{"name":"tokyo_line_2718","loading_pct":34.7,"p_mw":117.3,"synthetic":false,"tie":false}},{"type":"Feature","geometry":{"type":"LineString","coordinates":[[139.9612911,36.3187484],[139.9595615,36.320637]]},"properties":{"name":"tokyo_line_2719","loading_pct":45.0,"p_mw":187.3,"synthetic":false,"tie":false}},{"type":"Feature","geometry":{"type":"LineString","coordinates":[[139.9597196,36.2987001],[139.9588658,36.2973208],[139.9578689,36.2957297],[139.9569086,36.2942365],[139.9561335,36.2929335],[139.9550606,36.2914021],[139.9538847,36.2897602],[139.9527983,36.2882349],[139.9510828,36.2853714],[139.9500872,36.2837422],[139.9492179,36.2823041],[139.948206,36.2806199],[139.9472958,36.2790866],[139.9464024,36.2775911],[139.9452689,36.2757377],[139.9442635,36.2740579],[139.9431416,36.2721658],[139.9422643,36.2707112],[139.9413709,36.2692201],[139.9404396,36.2677056],[139.9396917,36.2663729],[139.9389759,36.2650672],[139.9378227,36.2630552],[139.9369024,36.2614854],[139.9360454,36.2599578]]},"properties":{"name":"tokyo_line_2720","loading_pct":37.2,"p_mw":-53.4,"synthetic":false,"tie":false}},{"type":"Feature","geometry":{"type":"LineString","coordinates":[[139.753743,36.0048218],[139.7544206,36.007225],[139.7552523,36.0101451],[139.7559587,36.0126232],[139.7559179,36.0151992],[139.753976,36.0171611],[139.7512348,36.0189219],[139.7484859,36.0206754]]},"properties":{"name":"tokyo_line_2721","loading_pct":81.4,"p_mw":-89.9,"synthetic":false,"tie":false}},{"type":"Feature","geometry":{"type":"LineString","coordinates":[[139.753743,36.0048218],[139.7532816,36.0042537],[139.7512722,36.0047653],[139.7504244,36.0054383],[139.7481999,36.0053492],[139.7463429,36.00466],[139.7448158,36.0025875],[139.7426435,36.0006662],[139.7396287,35.9998804],[139.7366369,35.9990919]]},"properties":{"name":"tokyo_line_2722","loading_pct":53.5,"p_mw":142.4,"synthetic":false,"tie":false}},{"type":"Feature","geometry":{"type":"LineString","coordinates":[[139.753743,36.0048218],[139.7546453,36.0023993],[139.7555137,36.0000636],[139.7565034,35.9973934]]},"properties":{"name":"tokyo_line_2723","loading_pct":39.6,"p_mw":-69.7,"synthetic":false,"tie":false}},{"type":"Feature","geometry":{"type":"LineString","coordinates":[[139.7271321,36.0404466],[139.7273826,36.0422946],[139.7277549,36.0448014],[139.7282287,36.0480901]]},"properties":{"name":"tokyo_line_2727","loading_pct":129.3,"p_mw":-1214.2,"synthetic":false,"tie":false}},{"type":"Feature","geometry":{"type":"LineString","coordinates":[[139.7081994,36.0690066],[139.7047099,36.0701924],[139.7013094,36.0706577],[139.6974914,36.0711904],[139.6957672,36.0718038]]},"properties":{"name":"tokyo_line_2728","loading_pct":113.8,"p_mw":532.4,"synthetic":false,"tie":false}},{"type":"Feature","geometry":{"type":"LineString","coordinates":[[139.708291,36.081343],[139.7100512,36.084576],[139.7110126,36.0868053],[139.7118633,36.0887761]]},"properties":{"name":"tokyo_line_2729","loading_pct":88.6,"p_mw":-95.4,"synthetic":false,"tie":false}},{"type":"Feature","geometry":{"type":"LineString","coordinates":[[139.6818448,36.0688861],[139.6796341,36.0677523]]},"properties":{"name":"tokyo_line_2732","loading_pct":125.2,"p_mw":-131.9,"synthetic":false,"tie":false}},{"type":"Feature","geometry":{"type":"LineString","coordinates":[[139.6888668,36.0755009],[139.6866768,36.0777035]]},"properties":{"name":"tokyo_line_2733","loading_pct":93.9,"p_mw":641.1,"synthetic":false,"tie":false}},{"type":"Feature","geometry":{"type":"LineString","coordinates":[[139.7176648,36.010063],[139.7213208,36.0090893],[139.7258869,36.0078476],[139.7302193,36.0066892],[139.7344669,36.0055504],[139.7383131,36.0061312],[139.7424183,36.0067544],[139.7461147,36.0073231],[139.7494362,36.007821],[139.7539577,36.0085218],[139.7580488,36.0091311],[139.7623632,36.0097842],[139.7657993,36.0103122],[139.7689678,36.0091902],[139.7724086,36.0079589],[139.7758567,36.006729],[139.7791331,36.0055672],[139.7828309,36.0042346],[139.7853776,36.0032935],[139.7894134,36.0029183],[139.7936494,36.002554],[139.7967279,36.0022948],[139.8010357,36.0019092],[139.8052822,36.001561],[139.8083594,36.0012847],[139.8129226,36.0010344],[139.8190108,36.0006711],[139.8231652,35.9990158]]},"properties":{"name":"tokyo_line_2734","loading_pct":45.8,"p_mw":-364.2,"synthetic":false,"tie":false}},{"type":"Feature","geometry":{"type":"LineString","coordinates":[[140.0076503,35.9524813],[140.0087789,35.950742],[140.0092993,35.9502692],[140.0120763,35.9488331],[140.0150486,35.947399],[140.0179024,35.9458497]]},"properties":{"name":"tokyo_line_2736","loading_pct":70.9,"p_mw":100.6,"synthetic":false,"tie":false}},{"type":"Feature","geometry":{"type":"LineString","coordinates":[[140.0795613,35.9967926],[140.0830286,35.9981819]]},"properties":{"name":"tokyo_line_2737","loading_pct":55.4,"p_mw":-525.7,"synthetic":false,"tie":false}},{"type":"Feature","geometry":{"type":"LineString","coordinates":[[140.0795613,35.9967926],[140.0824457,35.9982091]]},"properties":{"name":"tokyo_line_2738","loading_pct":34.6,"p_mw":-328.9,"synthetic":false,"tie":false}},{"type":"Feature","geometry":{"type":"LineString","coordinates":[[140.091796,35.922253],[140.0887415,35.9218905],[140.0855226,35.9215246],[140.0817571,35.9211031],[140.0789973,35.9207802],[140.0761162,35.9199359],[140.0728651,35.9189806],[140.0697555,35.9180511],[140.0665114,35.9170933]]},"properties":{"name":"tokyo_line_2739","loading_pct":81.5,"p_mw":69.1,"synthetic":false,"tie":false}},{"type":"Feature","geometry":{"type":"LineString","coordinates":[[140.1091119,35.9388359],[140.106204,35.940015],[140.1031618,35.9412481],[140.0999007,35.9425836],[140.0975668,35.9435139],[140.0942582,35.9448512],[140.0924039,35.9455975],[140.0896665,35.9466753],[140.0865254,35.9479218],[140.083815,35.9490216],[140.0807683,35.9502401],[140.077827,35.9517253],[140.075095,35.9530856],[140.0720074,35.9546425],[140.0692442,35.9560423],[140.0663782,35.957488],[140.0635265,35.9589436],[140.0624514,35.9597758],[140.0601508,35.9615823],[140.057371,35.9637635],[140.0549026,35.9656944],[140.0524477,35.9676027],[140.0512219,35.9685109]]},"properties":{"name":"tokyo_line_2740","loading_pct":41.5,"p_mw":185.1,"synthetic":false,"tie":false}},{"type":"Feature","geometry":{"type":"LineString","coordinates":[[140.1119656,35.9380102],[140.113056,35.9401452],[140.1145616,35.9429453],[140.1160194,35.9456005],[140.1129908,35.9476759],[140.1101759,35.9496111],[140.1072723,35.9510409],[140.1041058,35.952358],[140.1013914,35.9535695],[140.0984882,35.9549383],[140.0956476,35.9569119],[140.0935582,35.9597039],[140.0929413,35.9624546],[140.0913561,35.9650076]]},"properties":{"name":"tokyo_line_2741","loading_pct":87.9,"p_mw":-114.1,"synthetic":false,"tie":false}},{"type":"Feature","geometry":{"type":"LineString","coordinates":[[140.121846,35.9301026],[140.1254467,35.927363],[140.1292585,35.9251586],[140.1319253,35.9236192],[140.1350206,35.9215894],[140.1373313,35.9207039],[140.1380472,35.9180522],[140.1412691,35.916578],[140.1441482,35.9152916],[140.1471611,35.9133368],[140.1498221,35.9111941],[140.1519895,35.9101855],[140.1545928,35.9095779],[140.1577583,35.9090264]]},"properties":{"name":"tokyo_line_2742","loading_pct":37.8,"p_mw":-173.7,"synthetic":false,"tie":false}},{"type":"Feature","geometry":{"type":"LineString","coordinates":[[140.0698686,35.9133264],[140.0717206,35.9112301],[140.0737076,35.9090366],[140.0743849,35.9075617]]},"properties":{"name":"tokyo_line_2743","loading_pct":76.6,"p_mw":51.6,"synthetic":false,"tie":false}},{"type":"Feature","geometry":{"type":"LineString","coordinates":[[140.5841411,36.5275093],[140.5819902,36.5252087],[140.5802619,36.5231756],[140.5787076,36.5214205],[140.5767533,36.5189971],[140.5760879,36.5176582],[140.574813,36.5145772],[140.5741693,36.5129626],[140.5729686,36.5101277],[140.5721787,36.5082575],[140.5710442,36.5060606],[140.569974,36.5036944],[140.5688207,36.5005239],[140.5676298,36.4980724],[140.5665274,36.4956381],[140.564729,36.4921988],[140.564163,36.4910161],[140.5623377,36.4887637],[140.5609779,36.4870623],[140.559728,36.4852292]]},"properties":{"name":"tokyo_line_2744","loading_pct":36.0,"p_mw":-41.6,"synthetic":false,"tie":false}},{"type":"Feature","geometry":{"type":"LineString","coordinates":[[140.5841411,36.5275093],[140.5835411,36.5284242],[140.5815804,36.5283143],[140.5783752,36.5272194],[140.5747059,36.5278703]]},"properties":{"name":"tokyo_line_2745","loading_pct":74.1,"p_mw":-47.7,"synthetic":false,"tie":false}},{"type":"Feature","geometry":{"type":"LineString","coordinates":[[140.5841411,36.5275093],[140.5853928,36.5307395],[140.5883274,36.5332565],[140.5900916,36.535429],[140.5921809,36.538633],[140.5950869,36.5409907],[140.5980795,36.5420936],[140.6013114,36.542214],[140.603753,36.5444303]]},"properties":{"name":"tokyo_line_2746","loading_pct":43.3,"p_mw":72.1,"synthetic":false,"tie":false}},{"type":"Feature","geometry":{"type":"LineString","coordinates":[[140.1070678,36.127256],[140.1061382,36.1264431],[140.1042324,36.1246749],[140.1011659,36.1239996],[140.0976402,36.123223],[140.0951373,36.1227345]]},"properties":{"name":"tokyo_line_2748","loading_pct":70.1,"p_mw":98.6,"synthetic":false,"tie":false}},{"type":"Feature","geometry":{"type":"LineString","coordinates":[[140.1070678,36.127256],[140.1086572,36.1257018],[140.1102901,36.1237357],[140.1125435,36.1210014],[140.1138632,36.1192465],[140.1155959,36.1170061],[140.1180528,36.1156237]]},"properties":{"name":"tokyo_line_2749","loading_pct":76.9,"p_mw":51.7,"synthetic":false,"tie":false}},{"type":"Feature","geometry":{"type":"LineString","coordinates":[[140.0951373,36.1227345],[140.0949134,36.123031]]},"properties":{"name":"tokyo_line_2750","loading_pct":76.7,"p_mw":51.6,"synthetic":false,"tie":false}},{"type":"Feature","geometry":{"type":"LineString","coordinates":[[140.0951373,36.1227345],[140.0928626,36.1215829],[140.0904996,36.1203678]]},"properties":{"name":"tokyo_line_2751","loading_pct":63.8,"p_mw":29.5,"synthetic":false,"tie":false}},{"type":"Feature","geometry":{"type":"LineString","coordinates":[[140.0904996,36.1203678],[140.0915195,36.1175692],[140.0926898,36.1145986],[140.0944094,36.1119807],[140.0961682,36.1094638],[140.0976081,36.1077797],[140.0981614,36.1061939],[140.0984811,36.1058794]]},"properties":{"name":"tokyo_line_2752","loading_pct":25.6,"p_mw":17.2,"synthetic":false,"tie":false}},{"type":"Feature","geometry":{"type":"LineString","coordinates":[[140.0904996,36.1203678],[140.0898825,36.1211514],[140.0890759,36.1231364],[140.0892279,36.1255866],[140.0897037,36.1261043]]},"properties":{"name":"tokyo_line_2753","loading_pct":54.1,"p_mw":-4.9,"synthetic":false,"tie":false}},{"type":"Feature","geometry":{"type":"LineString","coordinates":[[140.5580311,35.9585718],[140.5531744,35.9600697],[140.5489173,35.9612411],[140.5431777,35.96277],[140.5382299,35.9633747],[140.5347763,35.9637626],[140.5311935,35.9638957],[140.5262104,35.9644776],[140.521514,35.9650462],[140.5169914,35.9656413],[140.5136388,35.9649302],[140.5093874,35.9640374],[140.5048615,35.9599532],[140.5022185,35.9575851],[140.4990079,35.955327],[140.4953507,35.9528003],[140.4905163,35.9512642],[140.48643,35.9500116],[140.4819007,35.9486344],[140.4787342,35.946946],[140.4756524,35.9453023],[140.4724153,35.9435828],[140.4683221,35.9413738],[140.4651083,35.9396616],[140.460613,35.939052],[140.4563828,35.9384621],[140.4530058,35.9380051],[140.4491558,35.9374737],[140.4447883,35.9368832],[140.4406869,35.9382437],[140.4367583,35.939556],[140.4327836,35.9408768],[140.4280722,35.9424652],[140.4236569,35.9439491],[140.419163,35.945434],[140.4147658,35.9451632]]},"properties":{"name":"tokyo_line_2754","loading_pct":1.5,"p_mw":-5.9,"synthetic":false,"tie":false}},{"type":"Feature","geometry":{"type":"LineString","coordinates":[[140.3268412,35.9469066],[140.3337139,35.9464411],[140.3378337,35.9461436],[140.3414236,35.9458927],[140.3452431,35.94563],[140.3489853,35.9461507],[140.3530486,35.9467567],[140.3577252,35.9474253],[140.3619881,35.948014],[140.3653272,35.9476134],[140.3705432,35.9469465],[140.374816,35.9464049],[140.3788123,35.9458946],[140.3818736,35.9455129],[140.3864418,35.94492],[140.3902221,35.9444533]]},"properties":{"name":"tokyo_line_2755","loading_pct":9.2,"p_mw":-41.8,"synthetic":false,"tie":false}},{"type":"Feature","geometry":{"type":"LineString","coordinates":[[140.316644,35.9430166],[140.3162233,35.9404679],[140.3156244,35.9367413],[140.3153668,35.9351244],[140.3150042,35.9328076],[140.3136651,35.9303441],[140.3122693,35.9277508],[140.3108154,35.9250059],[140.3101276,35.9237122],[140.307892,35.9222032],[140.3044322,35.9199995],[140.3021016,35.9185352],[140.3000124,35.9167855]]},"properties":{"name":"tokyo_line_2756","loading_pct":82.9,"p_mw":-164.1,"synthetic":false,"tie":false}},{"type":"Feature","geometry":{"type":"LineString","coordinates":[[140.3083199,35.9641825],[140.306547,35.9660191],[140.3048574,35.9677579],[140.3027715,35.9692595],[140.3015658,35.9701106],[140.3006436,35.9707616],[140.2986351,35.9721929],[140.2962799,35.9737551],[140.294112,35.9752015],[140.2916334,35.976848],[140.2897485,35.9786073],[140.2876904,35.9805126],[140.285853,35.9822336],[140.2839956,35.9846428],[140.2820077,35.9871896]]},"properties":{"name":"tokyo_line_2758","loading_pct":34.4,"p_mw":134.4,"synthetic":false,"tie":false}},{"type":"Feature","geometry":{"type":"LineString","coordinates":[[139.8942956,35.9620862],[139.8940471,35.9621602]]},"properties":{"name":"tokyo_line_2761","loading_pct":25.3,"p_mw":17.2,"synthetic":false,"tie":false}},{"type":"Feature","geometry":{"type":"LineString","coordinates":[[139.8915629,35.9678859],[139.8897189,35.9693987],[139.8874275,35.9712161],[139.885186,35.9730385],[139.8831452,35.9745468],[139.8812723,35.9759428]]},"properties":{"name":"tokyo_line_2762","loading_pct":44.5,"p_mw":349.5,"synthetic":false,"tie":false}},{"type":"Feature","geometry":{"type":"LineString","coordinates":[[139.8942956,35.9620862],[139.8926055,35.9608254],[139.8894699,35.9597827],[139.8864039,35.9585473],[139.884517,35.9565348],[139.8827209,35.9546382],[139.8841963,35.9522069],[139.8849542,35.9490502],[139.883198,35.9469293],[139.8827405,35.9446232]]},"properties":{"name":"tokyo_line_2763","loading_pct":57.8,"p_mw":155.9,"synthetic":false,"tie":false}},{"type":"Feature","geometry":{"type":"LineString","coordinates":[[139.9217791,35.9731309],[139.9250882,35.9737528],[139.9283103,35.97458],[139.9314277,35.975375],[139.934472,35.9761427],[139.9367096,35.9765575],[139.9394833,35.9774381]]},"properties":{"name":"tokyo_line_2764","loading_pct":78.3,"p_mw":-447.5,"synthetic":false,"tie":false}},{"type":"Feature","geometry":{"type":"LineString","coordinates":[[139.9637797,35.953684],[139.9640427,35.9534408]]},"properties":{"name":"tokyo_line_2765","loading_pct":3.9,"p_mw":10.3,"synthetic":false,"tie":false}},{"type":"Feature","geometry":{"type":"LineString","coordinates":[[139.9637797,35.953684],[139.9639451,35.9533701]]},"properties":{"name":"tokyo_line_2766","loading_pct":3.9,"p_mw":10.3,"synthetic":false,"tie":false}},{"type":"Feature","geometry":{"type":"LineString","coordinates":[[140.0436479,36.6830004],[140.0425311,36.6857168],[140.0413256,36.6886281],[140.0431533,36.6914272],[140.0444885,36.693472],[140.0466068,36.696845],[140.0494453,36.6992216],[140.0512817,36.7008057],[140.0535241,36.7027877],[140.0559176,36.7052277],[140.0576404,36.7069352],[140.0587497,36.7085698]]},"properties":{"name":"tokyo_line_2767","loading_pct":52.9,"p_mw":50.1,"synthetic":false,"tie":false}},{"type":"Feature","geometry":{"type":"LineString","coordinates":[[140.0677143,36.6752505],[140.0712381,36.6753576],[140.0750046,36.6754796],[140.0787298,36.6753551],[140.08363,36.6746959],[140.0868233,36.6740393],[140.0895991,36.6734763],[140.0936835,36.6726712],[140.0973477,36.6732245],[140.1008889,36.6737542],[140.1045646,36.6743246],[140.1078221,36.6743752],[140.1107425,36.6744512],[140.1143578,36.674553],[140.1174811,36.6746338],[140.1208601,36.6747061],[140.1237737,36.6741321],[140.1272513,36.6734094],[140.1300468,36.6728791],[140.1326525,36.6729712]]},"properties":{"name":"tokyo_line_2768","loading_pct":21.6,"p_mw":-14.2,"synthetic":false,"tie":false}},{"type":"Feature","geometry":{"type":"LineString","coordinates":[[140.039048,36.6748644],[140.0353754,36.6748664],[140.0332534,36.6748945],[140.0313615,36.6752571],[140.0279727,36.6760845]]},"properties":{"name":"tokyo_line_2769","loading_pct":21.5,"p_mw":11.9,"synthetic":false,"tie":false}},{"type":"Feature","geometry":{"type":"LineString","coordinates":[[140.0821524,36.7228398],[140.0856645,36.7224302],[140.0892512,36.7220053],[140.0935617,36.7224057],[140.0963165,36.7226256],[140.0995439,36.7234824]]},"properties":{"name":"tokyo_line_2770","loading_pct":60.5,"p_mw":72.3,"synthetic":false,"tie":false}},{"type":"Feature","geometry":{"type":"LineString","coordinates":[[140.099135,36.0529102],[140.0961598,36.0553491],[140.0952553,36.0548261],[140.0920211,36.0549997]]},"properties":{"name":"tokyo_line_2775","loading_pct":76.0,"p_mw":51.6,"synthetic":false,"tie":false}},{"type":"Feature","geometry":{"type":"LineString","coordinates":[[140.1165564,36.0547209],[140.116256,36.0574531],[140.1140499,36.0592842],[140.1151362,36.0618493],[140.1174715,36.0621449],[140.12022,36.0627163]]},"properties":{"name":"tokyo_line_2776","loading_pct":17.8,"p_mw":-11.7,"synthetic":false,"tie":false}},{"type":"Feature","geometry":{"type":"LineString","coordinates":[[140.1207186,36.034741],[140.122487,36.0334474],[140.1245088,36.0311932],[140.1262306,36.0304739]]},"properties":{"name":"tokyo_line_2777","loading_pct":45.4,"p_mw":-501.3,"synthetic":false,"tie":false}},{"type":"Feature","geometry":{"type":"LineString","coordinates":[[139.7518751,36.1857477],[139.7526281,36.1885086]]},"properties":{"name":"tokyo_line_2779","loading_pct":25.4,"p_mw":17.2,"synthetic":false,"tie":false}},{"type":"Feature","geometry":{"type":"LineString","coordinates":[[139.7560699,36.18904],[139.7570365,36.1913768],[139.757431,36.1942114]]},"properties":{"name":"tokyo_line_2781","loading_pct":66.1,"p_mw":160.8,"synthetic":false,"tie":false}},{"type":"Feature","geometry":{"type":"LineString","coordinates":[[139.7506162,36.1832544],[139.7483297,36.184249],[139.7467748,36.1850736],[139.7440426,36.1886165]]},"properties":{"name":"tokyo_line_2782","loading_pct":63.5,"p_mw":170.0,"synthetic":false,"tie":false}},{"type":"Feature","geometry":{"type":"LineString","coordinates":[[139.7796303,36.1748506],[139.7820316,36.1742288],[139.7855335,36.1732672],[139.7889114,36.1722176],[139.7919791,36.1712565],[139.7941439,36.1703583],[139.7973126,36.1690371],[139.8005709,36.1676853],[139.8037276,36.1663745]]},"properties":{"name":"tokyo_line_2783","loading_pct":63.4,"p_mw":-352.2,"synthetic":false,"tie":false}},{"type":"Feature","geometry":{"type":"LineString","coordinates":[[139.7639113,36.1541307],[139.7630272,36.1525149]]},"properties":{"name":"tokyo_line_2784","loading_pct":2.5,"p_mw":-0.5,"synthetic":false,"tie":false}},{"type":"Feature","geometry":{"type":"LineString","coordinates":[[139.7581942,36.1427181],[139.7580644,36.1404607],[139.7579408,36.1381812],[139.7578292,36.1359183],[139.7577305,36.1336829],[139.7560772,36.1312346],[139.7530057,36.1266795],[139.7514981,36.1232628],[139.7506183,36.1211279],[139.7496479,36.1187869],[139.7487411,36.1165569],[139.7479067,36.1145448]]},"properties":{"name":"tokyo_line_2785","loading_pct":58.0,"p_mw":153.0,"synthetic":false,"tie":false}},{"type":"Feature","geometry":{"type":"LineString","coordinates":[[139.7366369,35.9990919],[139.7360094,35.9991765],[139.734709,35.9992234],[139.7307043,35.9993753],[139.7268048,35.9995208],[139.7224409,35.9996938],[139.7184216,35.9998349],[139.7170393,35.9983716],[139.7141887,35.99639],[139.7122718,35.9942137],[139.7093395,35.9934755]]},"properties":{"name":"tokyo_line_2788","loading_pct":56.2,"p_mw":190.9,"synthetic":false,"tie":false}},{"type":"Feature","geometry":{"type":"LineString","coordinates":[[139.7093395,35.9934755],[139.7070101,35.9928468]]},"properties":{"name":"tokyo_line_2789","loading_pct":83.0,"p_mw":120.5,"synthetic":false,"tie":false}},{"type":"Feature","geometry":{"type":"LineString","coordinates":[[139.7070101,35.9928468],[139.7072915,35.9916459]]},"properties":{"name":"tokyo_line_2790","loading_pct":78.0,"p_mw":51.6,"synthetic":false,"tie":false}},{"type":"Feature","geometry":{"type":"LineString","coordinates":[[139.7070101,35.9928468],[139.7036558,35.9928168],[139.702751,35.9944595]]},"properties":{"name":"tokyo_line_2791","loading_pct":78.1,"p_mw":51.6,"synthetic":false,"tie":false}},{"type":"Feature","geometry":{"type":"LineString","coordinates":[[139.702751,35.9944595],[139.702664,35.994489]]},"properties":{"name":"tokyo_line_2792","loading_pct":26.0,"p_mw":17.2,"synthetic":false,"tie":false}},{"type":"Feature","geometry":{"type":"LineString","coordinates":[[139.702751,35.9944595],[139.7026728,35.9944489]]},"properties":{"name":"tokyo_line_2793","loading_pct":26.0,"p_mw":17.2,"synthetic":false,"tie":false}},{"type":"Feature","geometry":{"type":"LineString","coordinates":[[139.7941892,36.0422345],[139.7948251,36.0400388],[139.7946978,36.038079],[139.7945957,36.0363361],[139.7944083,36.0336667],[139.7947381,36.0307294],[139.7949335,36.0287429],[139.7947107,36.0261171],[139.7944859,36.02355],[139.7944158,36.0221567],[139.7933525,36.0187682],[139.792525,36.0161627],[139.7917239,36.0136179],[139.7909555,36.010879],[139.7902255,36.0082954],[139.7898257,36.0066971],[139.7896908,36.0041411],[139.7896564,36.0020762],[139.7896321,36.0002675],[139.789529,35.9976706],[139.7892712,35.9951898],[139.7890926,35.9933055]]},"properties":{"name":"tokyo_line_2795","loading_pct":72.5,"p_mw":117.5,"synthetic":false,"tie":false}},{"type":"Feature","geometry":{"type":"LineString","coordinates":[[139.7890926,35.9933055],[139.7882128,35.9931343],[139.7844934,35.9924122],[139.7810116,35.9917457],[139.7784288,35.9914035],[139.7762391,35.9911208],[139.773556,35.9907813]]},"properties":{"name":"tokyo_line_2796","loading_pct":43.5,"p_mw":87.3,"synthetic":false,"tie":false}},{"type":"Feature","geometry":{"type":"LineString","coordinates":[[139.7890926,35.9933055],[139.7889029,35.9911946],[139.7888316,35.9891874],[139.7887391,35.986333],[139.7886275,35.9836481],[139.7886081,35.9803398],[139.7884264,35.978127],[139.7884159,35.9760503],[139.7887999,35.9735499],[139.7889608,35.9707518],[139.7885818,35.9681546],[139.7881948,35.9658657],[139.7881808,35.9642137]]},"properties":{"name":"tokyo_line_2797","loading_pct":23.9,"p_mw":10.9,"synthetic":false,"tie":false}},{"type":"Feature","geometry":{"type":"LineString","coordinates":[[139.7881808,35.9642137],[139.7911404,35.9626287],[139.7940143,35.9616065],[139.7980377,35.9611647],[139.7981479,35.96127],[139.7985538,35.9616578],[139.8008899,35.9638899]]},"properties":{"name":"tokyo_line_2798","loading_pct":71.2,"p_mw":13.7,"synthetic":false,"tie":false}},{"type":"Feature","geometry":{"type":"LineString","coordinates":[[140.0824457,35.9982091],[140.0803321,36.0000104]]},"properties":{"name":"tokyo_line_2799","loading_pct":84.0,"p_mw":1084.6,"synthetic":false,"tie":false}},{"type":"Feature","geometry":{"type":"LineString","coordinates":[[140.0824457,35.9982091],[140.0849188,35.9991652]]},"properties":{"name":"tokyo_line_2800","loading_pct":87.9,"p_mw":-1418.7,"synthetic":false,"tie":false}},{"type":"Feature","geometry":{"type":"LineString","coordinates":[[140.0803321,36.0000104],[140.0830286,35.9981819]]},"properties":{"name":"tokyo_line_2801","loading_pct":82.0,"p_mw":-923.1,"synthetic":false,"tie":false}},{"type":"Feature","geometry":{"type":"LineString","coordinates":[[139.8653522,35.9793928],[139.8638438,35.9783148]]},"properties":{"name":"tokyo_line_2802","loading_pct":100.2,"p_mw":-65.8,"synthetic":false,"tie":false}},{"type":"Feature","geometry":{"type":"LineString","coordinates":[[139.8561727,35.9893125],[139.8538665,35.9909076]]},"properties":{"name":"tokyo_line_2803","loading_pct":47.2,"p_mw":400.7,"synthetic":false,"tie":false}},{"type":"Feature","geometry":{"type":"LineString","coordinates":[[140.015553,36.0183095],[140.0134905,36.0173401],[140.0104932,36.015892],[140.0084352,36.0148905],[140.0063133,36.0139417]]},"properties":{"name":"tokyo_line_2804","loading_pct":94.9,"p_mw":741.8,"synthetic":false,"tie":false}},{"type":"Feature","geometry":{"type":"LineString","coordinates":[[139.9795436,36.6863519],[139.9832666,36.6856045],[139.9873254,36.6848217],[139.991151,36.6840716],[139.9939175,36.6835385],[139.9959247,36.6831508],[139.9986751,36.6833097],[140.0013891,36.6826621],[140.0051347,36.6817424],[140.0083765,36.68096],[140.0123816,36.6799892],[140.0152432,36.679448],[140.0178337,36.6789752],[140.0212368,36.6780015],[140.0250082,36.676937],[140.0279727,36.6760845]]},"properties":{"name":"tokyo_line_2806","loading_pct":33.5,"p_mw":22.6,"synthetic":false,"tie":false}},{"type":"Feature","geometry":{"type":"LineString","coordinates":[[139.9660194,36.83638],[139.9657424,36.8334105],[139.964742,36.8301596],[139.9630617,36.82757],[139.9612143,36.824813],[139.9601281,36.8231819],[139.9587356,36.8215395],[139.9569531,36.8199268],[139.9554352,36.8178199],[139.9539592,36.815646],[139.9535182,36.8137768],[139.9529148,36.8116363],[139.9521257,36.8085778],[139.951383,36.8056566],[139.9511741,36.8030215],[139.9507981,36.8001299],[139.9509374,36.7968293],[139.9514062,36.794324],[139.9519957,36.7915435],[139.9527477,36.78896],[139.9534857,36.7862277]]},"properties":{"name":"tokyo_line_2807","loading_pct":48.1,"p_mw":-126.1,"synthetic":false,"tie":false}},{"type":"Feature","geometry":{"type":"LineString","coordinates":[[139.9660194,36.83638],[139.9662319,36.8392497],[139.9664613,36.8421923],[139.9667042,36.8452319]]},"properties":{"name":"tokyo_line_2810","loading_pct":19.6,"p_mw":44.3,"synthetic":false,"tie":false}},{"type":"Feature","geometry":{"type":"LineString","coordinates":[[139.9534857,36.7862277],[139.9543212,36.7833057],[139.9548086,36.7803464],[139.9552867,36.7773349],[139.9557416,36.7744386],[139.9564611,36.7713563],[139.9574823,36.768984],[139.9589166,36.7657304],[139.9593204,36.7634509],[139.9597784,36.7609678]]},"properties":{"name":"tokyo_line_2811","loading_pct":63.2,"p_mw":-167.5,"synthetic":false,"tie":false}},{"type":"Feature","geometry":{"type":"LineString","coordinates":[[139.9534857,36.7862277],[139.9524885,36.7859633],[139.9493294,36.7857096],[139.9472311,36.7854747]]},"properties":{"name":"tokyo_line_2812","loading_pct":11.7,"p_mw":30.9,"synthetic":false,"tie":false}},{"type":"Feature","geometry":{"type":"LineString","coordinates":[[140.1588098,36.683285],[140.1617615,36.6829671],[140.1631913,36.6849198],[140.1649114,36.684443]]},"properties":{"name":"tokyo_line_2814","loading_pct":76.0,"p_mw":51.6,"synthetic":false,"tie":false}},{"type":"Feature","geometry":{"type":"LineString","coordinates":[[139.9321098,36.5649664],[139.9308269,36.5630224]]},"properties":{"name":"tokyo_line_2815","loading_pct":7.6,"p_mw":8.7,"synthetic":false,"tie":false}},{"type":"Feature","geometry":{"type":"LineString","coordinates":[[139.9244805,36.5533683],[139.9232055,36.5514301]]},"properties":{"name":"tokyo_line_2818","loading_pct":2.3,"p_mw":-19.8,"synthetic":false,"tie":false}},{"type":"Feature","geometry":{"type":"LineString","coordinates":[[139.9472311,36.7854747],[139.9469999,36.7854268]]},"properties":{"name":"tokyo_line_2822","loading_pct":3.9,"p_mw":10.3,"synthetic":false,"tie":false}},{"type":"Feature","geometry":{"type":"LineString","coordinates":[[139.9472311,36.7854747],[139.9469906,36.7853331]]},"properties":{"name":"tokyo_line_2823","loading_pct":3.9,"p_mw":10.3,"synthetic":false,"tie":false}},{"type":"Feature","geometry":{"type":"LineString","coordinates":[[139.8606359,36.3630705],[139.8633571,36.363729]]},"properties":{"name":"tokyo_line_2824","loading_pct":81.1,"p_mw":86.0,"synthetic":false,"tie":false}},{"type":"Feature","geometry":{"type":"LineString","coordinates":[[139.837555,36.355001],[139.8350039,36.3528171],[139.8307904,36.3517669]]},"properties":{"name":"tokyo_line_2828","loading_pct":25.5,"p_mw":15.1,"synthetic":false,"tie":false}},{"type":"Feature","geometry":{"type":"LineString","coordinates":[[139.8613645,36.3695742],[139.8639385,36.3712747],[139.8659851,36.3738463],[139.8677009,36.3763463],[139.8692337,36.3786022],[139.8717065,36.3806123],[139.872591,36.3835498],[139.8736765,36.3871277],[139.8748577,36.3887914],[139.8775455,36.3896602],[139.8795196,36.3912302],[139.8818758,36.3930841],[139.8845409,36.3951284],[139.8869765,36.3970433],[139.8891533,36.39872],[139.8915861,36.4005991],[139.8944415,36.4022149],[139.8980232,36.4042255],[139.9018923,36.4064085],[139.9048187,36.4080846],[139.9072229,36.4097807],[139.9102458,36.4119219]]},"properties":{"name":"tokyo_line_2829","loading_pct":74.0,"p_mw":-49.6,"synthetic":false,"tie":false}},{"type":"Feature","geometry":{"type":"LineString","coordinates":[[139.8633571,36.363729],[139.8635129,36.3637171]]},"properties":{"name":"tokyo_line_2830","loading_pct":25.4,"p_mw":17.2,"synthetic":false,"tie":false}},{"type":"Feature","geometry":{"type":"LineString","coordinates":[[139.8633571,36.363729],[139.8653944,36.3640243],[139.8679069,36.3644687]]},"properties":{"name":"tokyo_line_2831","loading_pct":76.3,"p_mw":51.6,"synthetic":false,"tie":false}},{"type":"Feature","geometry":{"type":"LineString","coordinates":[[139.8716085,36.4503515],[139.8725859,36.453125],[139.8739142,36.4561054],[139.8754017,36.4590924]]},"properties":{"name":"tokyo_line_2833","loading_pct":39.6,"p_mw":-105.5,"synthetic":false,"tie":false}},{"type":"Feature","geometry":{"type":"LineString","coordinates":[[139.705826,36.3236968],[139.7019625,36.3229755]]},"properties":{"name":"tokyo_line_2835","loading_pct":83.5,"p_mw":-73.0,"synthetic":false,"tie":false}},{"type":"Feature","geometry":{"type":"LineString","coordinates":[[139.7206103,36.3051567],[139.7171487,36.3039917],[139.7145695,36.3045401],[139.7118469,36.3044351],[139.7111604,36.302862],[139.7090122,36.3028206],[139.7089093,36.3028225]]},"properties":{"name":"tokyo_line_2836","loading_pct":25.3,"p_mw":17.2,"synthetic":false,"tie":false}},{"type":"Feature","geometry":{"type":"LineString","coordinates":[[140.0512219,35.9685109],[140.0496826,35.9672687],[140.04719,35.9652529],[140.0447469,35.9631424],[140.0421645,35.9611609],[140.0397046,35.9591535],[140.0372329,35.957146],[140.034518,35.954947],[140.0341333,35.9531145],[140.0325798,35.9519046],[140.0350415,35.949922],[140.0329259,35.9482026],[140.0305952,35.9463246],[140.0317958,35.9445908],[140.0299108,35.9425205],[140.0262778,35.9410819]]},"properties":{"name":"tokyo_line_2837","loading_pct":42.5,"p_mw":26.9,"synthetic":false,"tie":false}},{"type":"Feature","geometry":{"type":"LineString","coordinates":[[140.0512219,35.9685109],[140.0499866,35.9695279],[140.047584,35.9714539],[140.0451809,35.9733606],[140.043125,35.9745948],[140.0410117,35.9758633],[140.0384213,35.9774489],[140.0356777,35.9791405],[140.0331187,35.9807071],[140.0302394,35.9824407],[140.0273747,35.9841888],[140.024786,35.9857867],[140.0216793,35.9869139],[140.0187273,35.9880009],[140.0169471,35.9900041],[140.0157642,35.9913933],[140.0140769,35.9933782],[140.0122752,35.9954695],[140.0106692,35.9973222],[140.0089958,35.9992785],[140.0074323,36.0011165],[140.0053689,36.0035272]]},"properties":{"name":"tokyo_line_2838","loading_pct":33.0,"p_mw":134.9,"synthetic":false,"tie":false}},{"type":"Feature","geometry":{"type":"LineString","coordinates":[[140.0262778,35.9410819],[140.0235737,35.9431131],[140.0208464,35.9445623],[140.0179024,35.9458497]]},"properties":{"name":"tokyo_line_2839","loading_pct":53.2,"p_mw":-42.0,"synthetic":false,"tie":false}},{"type":"Feature","geometry":{"type":"LineString","coordinates":[[140.0262778,35.9410819],[140.0285583,35.9394175],[140.0308277,35.937771],[140.0291414,35.9361834]]},"properties":{"name":"tokyo_line_2840","loading_pct":76.4,"p_mw":51.6,"synthetic":false,"tie":false}},{"type":"Feature","geometry":{"type":"LineString","coordinates":[[140.0178801,35.9458139],[140.0177661,35.9458711],[140.0174694,35.9454496],[140.0172877,35.9452141],[140.0171335,35.9450363],[140.0170127,35.9449084],[140.0169314,35.9448763],[140.0166972,35.9446853],[140.0165388,35.944521],[140.0163966,35.9443832],[140.0162002,35.944199],[140.015983,35.9440129],[140.0157183,35.9437972],[140.0154734,35.9435932],[140.0152149,35.9433609],[140.0149897,35.9431404],[140.0147825,35.9429187],[140.0146053,35.942708],[140.0144622,35.9425248]]},"properties":{"name":"tokyo_line_2841","loading_pct":127.1,"p_mw":40.9,"synthetic":false,"tie":false}},{"type":"Feature","geometry":{"type":"LineString","coordinates":[[140.1577583,35.9090264],[140.1607824,35.907503]]},"properties":{"name":"tokyo_line_2842","loading_pct":36.0,"p_mw":13.6,"synthetic":false,"tie":false}},{"type":"Feature","geometry":{"type":"LineString","coordinates":[[140.1577583,35.9090264],[140.1585081,35.9108444],[140.1592972,35.9139417],[140.160212,35.9163211],[140.160985,35.9181576],[140.1624631,35.9202382]]},"properties":{"name":"tokyo_line_2843","loading_pct":41.7,"p_mw":-208.3,"synthetic":false,"tie":false}},{"type":"Feature","geometry":{"type":"LineString","coordinates":[[139.9778857,36.0021657],[139.9747467,36.0009777],[139.9714174,35.9997024]]},"properties":{"name":"tokyo_line_2844","loading_pct":78.6,"p_mw":543.8,"synthetic":false,"tie":false}},{"type":"Feature","geometry":{"type":"LineString","coordinates":[[139.9798246,36.0109067],[139.9744367,36.0148258],[139.9726428,36.0161423],[139.9701346,36.0175469],[139.9673889,36.0190822],[139.9649132,36.020468],[139.9619725,36.0221163]]},"properties":{"name":"tokyo_line_2845","loading_pct":61.4,"p_mw":308.5,"synthetic":false,"tie":false}},{"type":"Feature","geometry":{"type":"LineString","coordinates":[[139.7632646,36.2379177],[139.7625787,36.2364287]]},"properties":{"name":"tokyo_line_2846","loading_pct":23.0,"p_mw":61.2,"synthetic":false,"tie":false}},{"type":"Feature","geometry":{"type":"LineString","coordinates":[[139.770154,36.2456721],[139.7737272,36.2448526],[139.7773879,36.244003],[139.7805412,36.2421966],[139.7838696,36.2402823],[139.7878521,36.2393322],[139.7916172,36.2384283]]},"properties":{"name":"tokyo_line_2849","loading_pct":47.4,"p_mw":-126.3,"synthetic":false,"tie":false}},{"type":"Feature","geometry":{"type":"LineString","coordinates":[[139.7491593,36.2319958],[139.7476318,36.2292166]]},"properties":{"name":"tokyo_line_2850","loading_pct":19.1,"p_mw":50.9,"synthetic":false,"tie":false}},{"type":"Feature","geometry":{"type":"LineString","coordinates":[[140.7699292,36.8358105],[140.7688846,36.8330926],[140.7678628,36.8304338],[140.7669507,36.8280968],[140.7650196,36.8259606],[140.762834,36.8235668],[140.7598079,36.8202618],[140.7577238,36.8179901],[140.7564002,36.8170293],[140.7528811,36.8146071],[140.7515092,36.81366]]},"properties":{"name":"tokyo_line_2851","loading_pct":64.8,"p_mw":111.6,"synthetic":false,"tie":false}},{"type":"Feature","geometry":{"type":"LineString","coordinates":[[140.7290134,36.8012764],[140.7266745,36.7994744]]},"properties":{"name":"tokyo_line_2852","loading_pct":59.5,"p_mw":96.8,"synthetic":false,"tie":false}},{"type":"Feature","geometry":{"type":"LineString","coordinates":[[140.0452835,36.2712398],[140.0479832,36.2725184],[140.0502262,36.2744799],[140.0533901,36.276741],[140.0534997,36.2791134],[140.0560409,36.2800341],[140.0598062,36.2807626],[140.0628267,36.2814329],[140.0662142,36.2821712],[140.0685471,36.2833737]]},"properties":{"name":"tokyo_line_2853","loading_pct":83.1,"p_mw":-140.0,"synthetic":false,"tie":false}},{"type":"Feature","geometry":{"type":"LineString","coordinates":[[140.2960677,36.1669036],[140.2979981,36.1670014],[140.3013117,36.1669737],[140.3046625,36.1663409],[140.3080313,36.1656881],[140.310611,36.1651177],[140.3140917,36.1643299],[140.3169779,36.1636297],[140.3196734,36.1627815],[140.3223241,36.1619605],[140.324909,36.1607382],[140.3275806,36.1595216],[140.3297229,36.1585072],[140.3330158,36.158122],[140.3363259,36.1576604]]},"properties":{"name":"tokyo_line_2854","loading_pct":69.6,"p_mw":-617.6,"synthetic":false,"tie":false}},{"type":"Feature","geometry":{"type":"LineString","coordinates":[[140.2960677,36.1669036],[140.2938911,36.1656737],[140.2911091,36.1637101],[140.2886083,36.1619268]]},"properties":{"name":"tokyo_line_2855","loading_pct":65.3,"p_mw":225.5,"synthetic":false,"tie":false}},{"type":"Feature","geometry":{"type":"LineString","coordinates":[[140.2960677,36.1669036],[140.2946423,36.1672605],[140.2934048,36.1688553],[140.2922046,36.1704311],[140.2911865,36.1717958],[140.289963,36.1734168],[140.2887161,36.175068]]},"properties":{"name":"tokyo_line_2856","loading_pct":72.5,"p_mw":374.9,"synthetic":false,"tie":false}},{"type":"Feature","geometry":{"type":"LineString","coordinates":[[140.3520674,36.1559624],[140.3559324,36.1548532],[140.3587581,36.1540724],[140.3615406,36.1531983],[140.3651581,36.1519975],[140.3679355,36.1510408],[140.3707987,36.1501337],[140.3727633,36.1490098],[140.3758387,36.1478777],[140.3792662,36.1461521],[140.3817027,36.1456496],[140.3846479,36.145057],[140.3869684,36.1446108],[140.3902659,36.1440974],[140.3929102,36.1434093],[140.3947644,36.143828],[140.397018,36.1442892],[140.3992663,36.1452745],[140.4019796,36.1464641],[140.404345,36.1474594],[140.4067597,36.1485245],[140.4085592,36.1499988],[140.4108054,36.1514469],[140.4129294,36.1528368],[140.4162617,36.1539952],[140.418922,36.154743],[140.4223443,36.1545541],[140.4254319,36.154303],[140.4282726,36.1540623]]},"properties":{"name":"tokyo_line_2857","loading_pct":74.2,"p_mw":-483.6,"synthetic":false,"tie":false}},{"type":"Feature","geometry":{"type":"LineString","coordinates":[[140.4592932,36.1573351],[140.4625992,36.1587161]]},"properties":{"name":"tokyo_line_2858","loading_pct":80.0,"p_mw":-382.2,"synthetic":false,"tie":false}},{"type":"Feature","geometry":{"type":"LineString","coordinates":[[140.4625992,36.1587161],[140.4642722,36.1598014],[140.4662266,36.1613455],[140.4691982,36.16152],[140.4723926,36.1617311],[140.4748281,36.1618469],[140.4780323,36.1624517],[140.4819629,36.1613658],[140.484568,36.1607413],[140.4877702,36.1599752]]},"properties":{"name":"tokyo_line_2859","loading_pct":81.1,"p_mw":-79.8,"synthetic":false,"tie":false}},{"type":"Feature","geometry":{"type":"LineString","coordinates":[[140.4625992,36.1587161],[140.4616401,36.1562979],[140.4631233,36.153777],[140.4654568,36.1515333],[140.4683214,36.1499653],[140.4701909,36.147624],[140.4723287,36.1449815],[140.4744074,36.1418127],[140.4759255,36.1407427],[140.4783207,36.1390986],[140.4806615,36.1362952],[140.4828937,36.134251],[140.4845703,36.132169],[140.486269,36.1297326],[140.488227,36.1278955],[140.4901234,36.1256835],[140.4904856,36.1231175],[140.4926992,36.1214577],[140.494726,36.1186285],[140.4962064,36.1166517]]},"properties":{"name":"tokyo_line_2860","loading_pct":79.8,"p_mw":-321.3,"synthetic":false,"tie":false}},{"type":"Feature","geometry":{"type":"LineString","coordinates":[[140.2131013,36.0500954],[140.2135287,36.0512331],[140.2143011,36.0535933],[140.2152213,36.0564064]]},"properties":{"name":"tokyo_line_2861","loading_pct":37.3,"p_mw":150.5,"synthetic":false,"tie":false}},{"type":"Feature","geometry":{"type":"LineString","coordinates":[[140.2131013,36.0500954],[140.2095562,36.0506129],[140.2060568,36.050868],[140.2028346,36.0518508],[140.1999251,36.0524713]]},"properties":{"name":"tokyo_line_2862","loading_pct":101.9,"p_mw":114.0,"synthetic":false,"tie":false}},{"type":"Feature","geometry":{"type":"LineString","coordinates":[[140.2131013,36.0500954],[140.2139882,36.0474332],[140.2149212,36.0446562],[140.2178949,36.042617],[140.2211816,36.0402622],[140.2237237,36.038483],[140.2256186,36.0362871],[140.2274584,36.0342006],[140.2298091,36.0315781],[140.2316305,36.0295508]]},"properties":{"name":"tokyo_line_2863","loading_pct":52.8,"p_mw":-281.7,"synthetic":false,"tie":false}},{"type":"Feature","geometry":{"type":"LineString","coordinates":[[140.2152213,36.0564064],[140.2173444,36.0563284],[140.2196676,36.0561331]]},"properties":{"name":"tokyo_line_2864","loading_pct":25.4,"p_mw":17.2,"synthetic":false,"tie":false}},{"type":"Feature","geometry":{"type":"LineString","coordinates":[[140.1262306,36.0304739],[140.1272268,36.0297312],[140.1295062,36.0278517]]},"properties":{"name":"tokyo_line_2865","loading_pct":46.4,"p_mw":-541.1,"synthetic":false,"tie":false}},{"type":"Feature","geometry":{"type":"LineString","coordinates":[[140.1262306,36.0304739],[140.1268277,36.0331697],[140.129765,36.0342752]]},"properties":{"name":"tokyo_line_2866","loading_pct":25.3,"p_mw":17.2,"synthetic":false,"tie":false}},{"type":"Feature","geometry":{"type":"LineString","coordinates":[[140.2813728,36.0079889],[140.2835052,36.0102617],[140.2844104,36.0109093],[140.2847578,36.0110523],[140.2853009,36.011276],[140.2880032,36.0109473],[140.2908826,36.0128989],[140.2946457,36.0144555],[140.2959225,36.0165567],[140.2987146,36.0188802],[140.3005064,36.0187826]]},"properties":{"name":"tokyo_line_2868","loading_pct":25.3,"p_mw":17.2,"synthetic":false,"tie":false}},{"type":"Feature","geometry":{"type":"LineString","coordinates":[[140.2650296,36.0079747],[140.2626414,36.0093731],[140.2601139,36.0108007],[140.2572212,36.012478]]},"properties":{"name":"tokyo_line_2869","loading_pct":57.7,"p_mw":320.3,"synthetic":false,"tie":false}},{"type":"Feature","geometry":{"type":"LineString","coordinates":[[140.2316305,36.0295508],[140.2303083,36.0286971],[140.2280407,36.0272957],[140.2260662,36.0248904],[140.2255052,36.0245761]]},"properties":{"name":"tokyo_line_2871","loading_pct":25.5,"p_mw":17.2,"synthetic":false,"tie":false}},{"type":"Feature","geometry":{"type":"LineString","coordinates":[[140.2316305,36.0295508],[140.2331322,36.0277273],[140.2352743,36.0260549],[140.2380097,36.0240299]]},"properties":{"name":"tokyo_line_2872","loading_pct":54.3,"p_mw":-323.6,"synthetic":false,"tie":false}},{"type":"Feature","geometry":{"type":"LineString","coordinates":[[140.2380097,36.0240299],[140.2367173,36.0219067],[140.2369769,36.0191445],[140.2367224,36.016324],[140.2327177,36.0150776],[140.2299264,36.0145247],[140.2273943,36.0139098],[140.2267317,36.0110857],[140.2247716,36.0087429],[140.2233946,36.0070745],[140.2213101,36.0058646],[140.2185686,36.0044804],[140.2150404,36.0032442],[140.2147189,36.0009614],[140.2144607,35.9982103]]},"properties":{"name":"tokyo_line_2873","loading_pct":52.2,"p_mw":-65.6,"synthetic":false,"tie":false}},{"type":"Feature","geometry":{"type":"LineString","coordinates":[[140.2380097,36.0240299],[140.2404671,36.0220333],[140.2433467,36.0197064],[140.245564,36.017396],[140.2476012,36.015529],[140.2506367,36.0169726],[140.2522628,36.0155036],[140.2547718,36.0144397],[140.2572212,36.012478]]},"properties":{"name":"tokyo_line_2874","loading_pct":56.1,"p_mw":-277.9,"synthetic":false,"tie":false}},{"type":"Feature","geometry":{"type":"LineString","coordinates":[[140.2572212,36.012478],[140.2564712,36.0117994],[140.2551452,36.0088727],[140.255137,36.0064127],[140.253211,36.0033349],[140.2523044,36.0002145],[140.2493976,35.9994579]]},"properties":{"name":"tokyo_line_2876","loading_pct":25.4,"p_mw":17.2,"synthetic":false,"tie":false}},{"type":"Feature","geometry":{"type":"LineString","coordinates":[[140.0920211,36.0549997],[140.0917586,36.0549989]]},"properties":{"name":"tokyo_line_2877","loading_pct":25.3,"p_mw":17.2,"synthetic":false,"tie":false}},{"type":"Feature","geometry":{"type":"LineString","coordinates":[[140.0920211,36.0549997],[140.0917586,36.0549295]]},"properties":{"name":"tokyo_line_2878","loading_pct":25.3,"p_mw":17.2,"synthetic":false,"tie":false}},{"type":"Feature","geometry":{"type":"LineString","coordinates":[[140.158819,35.944295],[140.1576283,35.9471668],[140.1564079,35.9471681],[140.1550885,35.9478125],[140.1523539,35.9483009],[140.1516502,35.9503559],[140.1508052,35.9525645],[140.1487125,35.9539458],[140.1452504,35.9548756],[140.1455792,35.9570949],[140.145968,35.9596049]]},"properties":{"name":"tokyo_line_2879","loading_pct":72.6,"p_mw":-47.6,"synthetic":false,"tie":false}},{"type":"Feature","geometry":{"type":"LineString","coordinates":[[140.1759381,35.9236093],[140.1781329,35.9220836],[140.1800986,35.9206902],[140.1809679,35.9191937],[140.1829977,35.9199627],[140.1841364,35.9212492],[140.1844012,35.9215483],[140.1856562,35.9222939],[140.1892903,35.9223886],[140.1912979,35.9201818],[140.1942948,35.9188313],[140.1976798,35.918525],[140.1989774,35.9210422],[140.1997727,35.9228661],[140.2019837,35.9228719],[140.2042471,35.9217366],[140.2060709,35.9207474],[140.2078837,35.9238128],[140.2087779,35.9251052],[140.2097746,35.9280566],[140.2094373,35.9300265],[140.2122664,35.931353]]},"properties":{"name":"tokyo_line_2880","loading_pct":31.3,"p_mw":-121.8,"synthetic":false,"tie":false}},{"type":"Feature","geometry":{"type":"LineString","coordinates":[[140.2258303,36.1076049],[140.2227742,36.1058487]]},"properties":{"name":"tokyo_line_2881","loading_pct":66.5,"p_mw":268.8,"synthetic":false,"tie":false}},{"type":"Feature","geometry":{"type":"LineString","coordinates":[[140.2258303,36.1076049],[140.2277998,36.1086987]]},"properties":{"name":"tokyo_line_2882","loading_pct":61.8,"p_mw":-180.9,"synthetic":false,"tie":false}},{"type":"Feature","geometry":{"type":"LineString","coordinates":[[140.2412849,36.1025023],[140.2453442,36.1017338],[140.2486956,36.1020766],[140.2517422,36.1010461],[140.2548399,36.0993833],[140.2567788,36.0975881],[140.2585357,36.096693]]},"properties":{"name":"tokyo_line_2883","loading_pct":87.6,"p_mw":-101.5,"synthetic":false,"tie":false}},{"type":"Feature","geometry":{"type":"LineString","coordinates":[[140.2585357,36.096693],[140.2592809,36.0942015]]},"properties":{"name":"tokyo_line_2884","loading_pct":83.2,"p_mw":-136.6,"synthetic":false,"tie":false}},{"type":"Feature","geometry":{"type":"LineString","coordinates":[[140.2585357,36.096693],[140.2588543,36.0968048]]},"properties":{"name":"tokyo_line_2885","loading_pct":25.4,"p_mw":17.2,"synthetic":false,"tie":false}},{"type":"Feature","geometry":{"type":"LineString","coordinates":[[140.2592809,36.0942015],[140.2624542,36.0927984],[140.2654987,36.0922794],[140.2678572,36.0935499],[140.2701779,36.0940562],[140.2723699,36.0947736],[140.2752477,36.0955512],[140.2795635,36.0950376],[140.2811192,36.0934791],[140.2834586,36.0933088],[140.2856119,36.0931469],[140.2884298,36.0923827],[140.2910483,36.0921259]]},"properties":{"name":"tokyo_line_2886","loading_pct":81.4,"p_mw":-171.1,"synthetic":false,"tie":false}},{"type":"Feature","geometry":{"type":"LineString","coordinates":[[140.2592809,36.0942015],[140.2572454,36.092738],[140.2561296,36.0908523],[140.2568538,36.0891097],[140.2587001,36.0861045],[140.2587172,36.0849382],[140.2590238,36.0849395],[140.2592567,36.0849313],[140.2595359,36.0849024]]},"properties":{"name":"tokyo_line_2887","loading_pct":25.4,"p_mw":17.2,"synthetic":false,"tie":false}},{"type":"Feature","geometry":{"type":"LineString","coordinates":[[140.2890418,36.090103],[140.2877011,36.0888184]]},"properties":{"name":"tokyo_line_2888","loading_pct":25.3,"p_mw":17.2,"synthetic":false,"tie":false}},{"type":"Feature","geometry":{"type":"LineString","coordinates":[[140.311433,36.0780407],[140.3124239,36.0763685],[140.3154317,36.0749841],[140.3180735,36.0730433],[140.3207523,36.0715009],[140.3232197,36.0696574],[140.3244922,36.0668406],[140.3228976,36.0649658]]},"properties":{"name":"tokyo_line_2889","loading_pct":76.2,"p_mw":51.7,"synthetic":false,"tie":false}},{"type":"Feature","geometry":{"type":"LineString","coordinates":[[140.087002,35.9877167],[140.0869945,35.9897651],[140.085632,35.9928469]]},"properties":{"name":"tokyo_line_2890","loading_pct":66.2,"p_mw":170.3,"synthetic":false,"tie":false}},{"type":"Feature","geometry":{"type":"LineString","coordinates":[[140.2306232,35.9359153],[140.2331635,35.9347355]]},"properties":{"name":"tokyo_line_2891","loading_pct":85.0,"p_mw":-55.8,"synthetic":false,"tie":false}},{"type":"Feature","geometry":{"type":"LineString","coordinates":[[140.233904,35.9477235],[140.237352,35.948],[140.2405672,35.9482811],[140.2436564,35.950132],[140.246704,35.9522421],[140.2483801,35.9529026],[140.2506002,35.9537544]]},"properties":{"name":"tokyo_line_2892","loading_pct":14.4,"p_mw":-38.6,"synthetic":false,"tie":false}},{"type":"Feature","geometry":{"type":"LineString","coordinates":[[140.2394196,35.9328412],[140.2397736,35.9304499]]},"properties":{"name":"tokyo_line_2893","loading_pct":94.7,"p_mw":-62.2,"synthetic":false,"tie":false}},{"type":"Feature","geometry":{"type":"LineString","coordinates":[[140.6806585,36.666104],[140.679717,36.6631757]]},"properties":{"name":"tokyo_line_2894","loading_pct":113.1,"p_mw":107.0,"synthetic":false,"tie":false}},{"type":"Feature","geometry":{"type":"LineString","coordinates":[[140.672156,36.6443925],[140.6710052,36.6427444]]},"properties":{"name":"tokyo_line_2895","loading_pct":132.4,"p_mw":89.7,"synthetic":false,"tie":false}},{"type":"Feature","geometry":{"type":"LineString","coordinates":[[140.6716865,36.6204447],[140.6727889,36.6189786],[140.673497,36.6180508],[140.6738377,36.6171444],[140.6759781,36.6150734],[140.6747469,36.6127848],[140.6739262,36.6113014],[140.6734675,36.6104531],[140.6736445,36.6081579],[140.6733093,36.6070814],[140.6722686,36.6067972],[140.6714398,36.6048464],[140.6712478,36.6045967]]},"properties":{"name":"tokyo_line_2896","loading_pct":25.3,"p_mw":17.2,"synthetic":false,"tie":false}},{"type":"Feature","geometry":{"type":"LineString","coordinates":[[140.6628983,36.6288561],[140.6617677,36.6260201],[140.6609999,36.6240666],[140.6597038,36.6219204],[140.6581253,36.6191853]]},"properties":{"name":"tokyo_line_2897","loading_pct":85.2,"p_mw":55.2,"synthetic":false,"tie":false}},{"type":"Feature","geometry":{"type":"LineString","coordinates":[[139.8689806,36.5935578],[139.871518,36.5940649],[139.8747082,36.5947055],[139.8778385,36.5946044],[139.8804923,36.594516],[139.8819178,36.5944577],[139.8835849,36.5944179],[139.8863744,36.5943329],[139.8885873,36.5942585],[139.8908966,36.5941789]]},"properties":{"name":"tokyo_line_2898","loading_pct":53.1,"p_mw":-146.5,"synthetic":false,"tie":false}},{"type":"Feature","geometry":{"type":"LineString","coordinates":[[139.8686573,36.5897112],[139.8695643,36.5878895],[139.8704414,36.5860542],[139.8714317,36.5840549],[139.8722128,36.582438]]},"properties":{"name":"tokyo_line_2900","loading_pct":80.9,"p_mw":68.9,"synthetic":false,"tie":false}},{"type":"Feature","geometry":{"type":"LineString","coordinates":[[139.915545,36.6029153],[139.9165868,36.6046331]]},"properties":{"name":"tokyo_line_2901","loading_pct":58.5,"p_mw":-69.6,"synthetic":false,"tie":false}},{"type":"Feature","geometry":{"type":"LineString","coordinates":[[139.9183171,36.5948919],[139.9212059,36.594024]]},"properties":{"name":"tokyo_line_2902","loading_pct":50.9,"p_mw":-91.8,"synthetic":false,"tie":false}},{"type":"Feature","geometry":{"type":"LineString","coordinates":[[140.5704951,35.9072907],[140.5659091,35.9053799]]},"properties":{"name":"tokyo_line_2903","loading_pct":1.6,"p_mw":-1.1,"synthetic":false,"tie":false}},{"type":"Feature","geometry":{"type":"LineString","coordinates":[[140.616452,35.9667289],[140.61534,35.9694362]]},"properties":{"name":"tokyo_line_2905","loading_pct":83.2,"p_mw":-188.6,"synthetic":false,"tie":false}},{"type":"Feature","geometry":{"type":"LineString","coordinates":[[139.7178715,36.8393906],[139.7184348,36.8428122],[139.7190598,36.8441173],[139.7202346,36.8477383],[139.7208783,36.8494597],[139.7229838,36.8526621],[139.722155,36.8545464],[139.7208435,36.8586262],[139.7200441,36.8612057],[139.7177294,36.8643109],[139.7162569,36.8654161],[139.7137141,36.8671371],[139.709884,36.8699137],[139.7079313,36.8717506],[139.705948,36.8769113]]},"properties":{"name":"tokyo_line_2907","loading_pct":85.2,"p_mw":56.6,"synthetic":false,"tie":false}},{"type":"Feature","geometry":{"type":"LineString","coordinates":[[139.7154221,36.7799442],[139.7191023,36.779422],[139.7227471,36.7781957],[139.7256706,36.7770994],[139.730081,36.7763333],[139.7320068,36.7759616],[139.7358692,36.7752741],[139.7389054,36.7747113],[139.7424594,36.7741462],[139.7453159,36.7735124],[139.7496396,36.7727347],[139.7521017,36.7723028]]},"properties":{"name":"tokyo_line_2909","loading_pct":95.1,"p_mw":-269.1,"synthetic":false,"tie":false}},{"type":"Feature","geometry":{"type":"LineString","coordinates":[[139.7069603,36.773781],[139.707773,36.7717206],[139.7083376,36.7702966],[139.7089585,36.7687513],[139.7085242,36.7666661],[139.708052,36.7649449],[139.70749,36.7625813],[139.7068932,36.7598824],[139.7064507,36.7579151],[139.7060537,36.7561873],[139.7059599,36.7539846],[139.7058713,36.752029],[139.7057506,36.7496542],[139.705992,36.7476856],[139.7061744,36.7460608],[139.7063783,36.7443392],[139.7065982,36.7424865],[139.7068142,36.7406671],[139.7073868,36.7383522],[139.7071937,36.7361306]]},"properties":{"name":"tokyo_line_2910","loading_pct":89.4,"p_mw":113.6,"synthetic":false,"tie":false}},{"type":"Feature","geometry":{"type":"LineString","coordinates":[[139.7521017,36.7723028],[139.753886,36.7719793]]},"properties":{"name":"tokyo_line_2911","loading_pct":92.4,"p_mw":-312.1,"synthetic":false,"tie":false}},{"type":"Feature","geometry":{"type":"LineString","coordinates":[[139.7521017,36.7723028],[139.7530016,36.7698258],[139.7521761,36.7675049],[139.752207,36.7673631]]},"properties":{"name":"tokyo_line_2912","loading_pct":25.6,"p_mw":17.2,"synthetic":false,"tie":false}},{"type":"Feature","geometry":{"type":"LineString","coordinates":[[139.8888739,36.795092],[139.8907698,36.7961324],[139.8934973,36.7977605],[139.8963261,36.7994438],[139.8980635,36.8007384],[139.9017798,36.8029569],[139.9038075,36.8038554],[139.90607,36.8052031],[139.9092198,36.8070683],[139.9119306,36.8093924],[139.9140709,36.8113219]]},"properties":{"name":"tokyo_line_2913","loading_pct":25.1,"p_mw":-17.2,"synthetic":false,"tie":false}},{"type":"Feature","geometry":{"type":"LineString","coordinates":[[139.8888739,36.795092],[139.8896992,36.7938278],[139.8906058,36.7913169],[139.8916975,36.788314],[139.8929688,36.7848233],[139.8940605,36.7818094],[139.8942697,36.7793088],[139.8944253,36.7771432],[139.894774,36.7740968],[139.8958629,36.7711362],[139.8968285,36.7685622],[139.8980409,36.7653134],[139.8994195,36.7640543],[139.8995912,36.7609901],[139.9033087,36.7594386],[139.9013722,36.7563356],[139.9026382,36.7529187],[139.9033852,36.7497832],[139.9053338,36.7458566],[139.9060178,36.7436171],[139.906919,36.7410615],[139.9084116,36.7365004],[139.9086356,36.7326924],[139.9087899,36.7301376],[139.9080207,36.7274966],[139.9069087,36.7255107]]},"properties":{"name":"tokyo_line_2914","loading_pct":40.7,"p_mw":27.1,"synthetic":false,"tie":false}},{"type":"Feature","geometry":{"type":"LineString","coordinates":[[139.9312374,36.8101199],[139.9315606,36.8095328]]},"properties":{"name":"tokyo_line_2915","loading_pct":2.7,"p_mw":1.8,"synthetic":false,"tie":false}},{"type":"Feature","geometry":{"type":"LineString","coordinates":[[139.9837312,36.846564],[139.9852718,36.8461238],[139.9865658,36.8443289],[139.9880201,36.8421245],[139.9902151,36.8427228]]},"properties":{"name":"tokyo_line_2916","loading_pct":76.2,"p_mw":51.6,"synthetic":false,"tie":false}},{"type":"Feature","geometry":{"type":"LineString","coordinates":[[140.111468,36.9126099],[140.1087105,36.9145057],[140.106938,36.9180876],[140.104149,36.9191667]]},"properties":{"name":"tokyo_line_2917","loading_pct":25.3,"p_mw":17.2,"synthetic":false,"tie":false}},{"type":"Feature","geometry":{"type":"LineString","coordinates":[[140.1412229,36.9189502],[140.1441746,36.9194143],[140.1469493,36.9188823],[140.1499293,36.9184126],[140.1520882,36.9193181],[140.1538507,36.9200651],[140.1569227,36.920863],[140.1600514,36.9220287],[140.1627907,36.9214119],[140.1648415,36.9218269],[140.1676666,36.9197276]]},"properties":{"name":"tokyo_line_2918","loading_pct":25.3,"p_mw":17.2,"synthetic":false,"tie":false}},{"type":"Feature","geometry":{"type":"LineString","coordinates":[[140.8552648,36.9730308],[140.8570645,36.9714672],[140.8586117,36.9703531],[140.8621948,36.970005],[140.8656202,36.9695903],[140.8687282,36.9684321],[140.8698552,36.9655529],[140.8729685,36.9650321],[140.8746101,36.9635274],[140.8757585,36.9624756],[140.8781078,36.9610457],[140.881725,36.961363],[140.8837861,36.9613728],[140.8865183,36.9614364],[140.8892153,36.9614991],[140.8914019,36.9615469],[140.8937347,36.9616053],[140.8954402,36.9616332],[140.8969927,36.9617304],[140.8987792,36.9616432],[140.9002768,36.9617411],[140.9010959,36.9605635],[140.9015689,36.9600982]]},"properties":{"name":"tokyo_line_2919","loading_pct":25.4,"p_mw":17.2,"synthetic":false,"tie":false}},{"type":"Feature","geometry":{"type":"LineString","coordinates":[[140.8552648,36.9730308],[140.8546742,36.971074],[140.8544993,36.967724],[140.8556522,36.965193],[140.8566116,36.9630845],[140.8574067,36.9613802],[140.8595592,36.9590291],[140.8607514,36.9568268]]},"properties":{"name":"tokyo_line_2920","loading_pct":12.4,"p_mw":6.8,"synthetic":false,"tie":false}},{"type":"Feature","geometry":{"type":"LineString","coordinates":[[140.8455822,36.945536],[140.8451476,36.9419625]]},"properties":{"name":"tokyo_line_2921","loading_pct":50.6,"p_mw":-34.6,"synthetic":false,"tie":false}},{"type":"Feature","geometry":{"type":"LineString","coordinates":[[140.8652393,36.9474313],[140.8665924,36.9465662]]},"properties":{"name":"tokyo_line_2922","loading_pct":49.5,"p_mw":30.8,"synthetic":false,"tie":false}},{"type":"Feature","geometry":{"type":"LineString","coordinates":[[140.8458129,36.9496667],[140.8458129,36.9525025],[140.8458316,36.9557841],[140.8458531,36.9582146],[140.8458732,36.9615913],[140.8458973,36.9636648],[140.8474611,36.9659397],[140.848825,36.9687503]]},"properties":{"name":"tokyo_line_2923","loading_pct":11.9,"p_mw":-6.5,"synthetic":false,"tie":false}},{"type":"Feature","geometry":{"type":"LineString","coordinates":[[139.917854,36.0711181],[139.9169799,36.0730716]]},"properties":{"name":"tokyo_line_2924","loading_pct":42.8,"p_mw":309.0,"synthetic":false,"tie":false}},{"type":"Feature","geometry":{"type":"LineString","coordinates":[[139.9282732,36.0508532],[139.9296559,36.0486489],[139.9309085,36.0466559],[139.9327445,36.0449491],[139.9346327,36.043173],[139.9364365,36.0414889],[139.9388438,36.040155],[139.9410526,36.0389274],[139.9434317,36.0376131],[139.9463151,36.036007],[139.9487575,36.0346471],[139.9503614,36.0320562],[139.9518984,36.0295433],[139.9535492,36.0268362],[139.95601,36.0254594],[139.9589243,36.0238198],[139.9619725,36.0221163]]},"properties":{"name":"tokyo_line_2925","loading_pct":58.6,"p_mw":-226.5,"synthetic":false,"tie":false}},{"type":"Feature","geometry":{"type":"LineString","coordinates":[[139.9379406,36.0676466],[139.9402889,36.0691716],[139.9404212,36.0715179],[139.938715,36.0752777],[139.9407488,36.0771366],[139.9409415,36.0800072]]},"properties":{"name":"tokyo_line_2926","loading_pct":30.6,"p_mw":-98.3,"synthetic":false,"tie":false}},{"type":"Feature","geometry":{"type":"LineString","coordinates":[[139.9100013,36.0535874],[139.9075568,36.0524895],[139.9050213,36.0508295],[139.9026194,36.0490577]]},"properties":{"name":"tokyo_line_2927","loading_pct":37.3,"p_mw":226.0,"synthetic":false,"tie":false}},{"type":"Feature","geometry":{"type":"LineString","coordinates":[[139.9142368,36.0780827],[139.9134616,36.0790222],[139.9125945,36.0795714]]},"properties":{"name":"tokyo_line_2928","loading_pct":75.9,"p_mw":51.6,"synthetic":false,"tie":false}},{"type":"Feature","geometry":{"type":"LineString","coordinates":[[139.9142368,36.0780827],[139.915314,36.0804671],[139.9128453,36.0827769],[139.9100131,36.0839009],[139.907009,36.0847474],[139.9054439,36.0883055]]},"properties":{"name":"tokyo_line_2929","loading_pct":22.6,"p_mw":13.6,"synthetic":false,"tie":false}},{"type":"Feature","geometry":{"type":"LineString","coordinates":[[139.9682317,35.9984992],[139.9659676,35.995319]]},"properties":{"name":"tokyo_line_2930","loading_pct":77.6,"p_mw":252.8,"synthetic":false,"tie":false}},{"type":"Feature","geometry":{"type":"LineString","coordinates":[[139.9682317,35.9984992],[139.9714174,35.9997024]]},"properties":{"name":"tokyo_line_2931","loading_pct":79.3,"p_mw":-258.3,"synthetic":false,"tie":false}},{"type":"Feature","geometry":{"type":"LineString","coordinates":[[139.9682317,35.9984992],[139.9665338,35.9987399],[139.963238,35.999699],[139.9594957,36.000893]]},"properties":{"name":"tokyo_line_2932","loading_pct":40.3,"p_mw":-11.7,"synthetic":false,"tie":false}},{"type":"Feature","geometry":{"type":"LineString","coordinates":[[139.9714174,35.9997024],[139.9687547,35.9984675],[139.9659676,35.995319]]},"properties":{"name":"tokyo_line_2933","loading_pct":78.3,"p_mw":262.1,"synthetic":false,"tie":false}},{"type":"Feature","geometry":{"type":"LineString","coordinates":[[139.9240136,36.315995],[139.9211148,36.3162215],[139.9181328,36.3164494]]},"properties":{"name":"tokyo_line_2937","loading_pct":44.1,"p_mw":246.8,"synthetic":false,"tie":false}},{"type":"Feature","geometry":{"type":"LineString","coordinates":[[139.9537548,36.3198996],[139.9565502,36.3203375],[139.9595615,36.320637]]},"properties":{"name":"tokyo_line_2938","loading_pct":46.3,"p_mw":-201.0,"synthetic":false,"tie":false}},{"type":"Feature","geometry":{"type":"LineString","coordinates":[[139.9247573,36.3105481],[139.9239958,36.30914],[139.9234814,36.3074209],[139.9230116,36.3058604],[139.9225244,36.3042144],[139.9220182,36.3025774],[139.9214978,36.3008035]]},"properties":{"name":"tokyo_line_2939","loading_pct":76.0,"p_mw":51.7,"synthetic":false,"tie":false}},{"type":"Feature","geometry":{"type":"LineString","coordinates":[[139.9627277,35.9925306],[139.9659676,35.995319]]},"properties":{"name":"tokyo_line_2941","loading_pct":78.0,"p_mw":-492.5,"synthetic":false,"tie":false}},{"type":"Feature","geometry":{"type":"LineString","coordinates":[[139.9502578,35.9851479],[139.950155,35.9853995]]},"properties":{"name":"tokyo_line_2942","loading_pct":25.4,"p_mw":17.2,"synthetic":false,"tie":false}},{"type":"Feature","geometry":{"type":"LineString","coordinates":[[139.8407561,35.9964599],[139.8383121,35.9955975]]},"properties":{"name":"tokyo_line_2943","loading_pct":46.4,"p_mw":383.2,"synthetic":false,"tie":false}},{"type":"Feature","geometry":{"type":"LineString","coordinates":[[139.9515214,36.0896076],[139.9514329,36.0919907]]},"properties":{"name":"tokyo_line_2944","loading_pct":33.3,"p_mw":-101.5,"synthetic":false,"tie":false}},{"type":"Feature","geometry":{"type":"LineString","coordinates":[[139.9619725,36.0221163],[139.9620839,36.0223318],[139.9629322,36.0246717],[139.9640597,36.0277919],[139.9650682,36.0305901],[139.9670584,36.0334641],[139.9689155,36.0361784],[139.9696329,36.0370533],[139.9702069,36.038012],[139.9737112,36.0384483],[139.9762656,36.0392829],[139.9783298,36.0398191],[139.9796702,36.0391883]]},"properties":{"name":"tokyo_line_2945","loading_pct":76.9,"p_mw":51.8,"synthetic":false,"tie":false}},{"type":"Feature","geometry":{"type":"LineString","coordinates":[[140.2506002,35.9537544],[140.2508159,35.9534832]]},"properties":{"name":"tokyo_line_2946","loading_pct":25.3,"p_mw":17.2,"synthetic":false,"tie":false}},{"type":"Feature","geometry":{"type":"LineString","coordinates":[[140.2506002,35.9537544],[140.2507603,35.953441]]},"properties":{"name":"tokyo_line_2947","loading_pct":25.3,"p_mw":17.2,"synthetic":false,"tie":false}},{"type":"Feature","geometry":{"type":"LineString","coordinates":[[140.2506002,35.9537544],[140.2521958,35.9548173],[140.2528801,35.9561629],[140.2540083,35.9569341],[140.255512,35.958363]]},"properties":{"name":"tokyo_line_2948","loading_pct":24.8,"p_mw":-90.2,"synthetic":false,"tie":false}},{"type":"Feature","geometry":{"type":"LineString","coordinates":[[140.255512,35.958363],[140.2559264,35.9580539]]},"properties":{"name":"tokyo_line_2949","loading_pct":25.3,"p_mw":17.2,"synthetic":false,"tie":false}},{"type":"Feature","geometry":{"type":"LineString","coordinates":[[140.255512,35.958363],[140.2558998,35.9580047]]},"properties":{"name":"tokyo_line_2950","loading_pct":25.3,"p_mw":17.2,"synthetic":false,"tie":false}},{"type":"Feature","geometry":{"type":"LineString","coordinates":[[140.6124983,35.9737175],[140.6122809,35.9770063]]},"properties":{"name":"tokyo_line_2952","loading_pct":83.4,"p_mw":-202.5,"synthetic":false,"tie":false}},{"type":"Feature","geometry":{"type":"LineString","coordinates":[[140.0830286,35.9981819],[140.0849188,35.9991652]]},"properties":{"name":"tokyo_line_2954","loading_pct":87.4,"p_mw":-1319.3,"synthetic":false,"tie":false}},{"type":"Feature","geometry":{"type":"LineString","coordinates":[[140.085632,35.9928469],[140.088929,35.9942274],[140.0924476,35.9954207],[140.0940728,35.9951789],[140.0947686,35.9954169]]},"properties":{"name":"tokyo_line_2956","loading_pct":25.4,"p_mw":17.2,"synthetic":false,"tie":false}},{"type":"Feature","geometry":{"type":"LineString","coordinates":[[139.7901277,36.2339476],[139.7909376,36.2363906],[139.7916172,36.2384283]]},"properties":{"name":"tokyo_line_2957","loading_pct":54.2,"p_mw":180.5,"synthetic":false,"tie":false}},{"type":"Feature","geometry":{"type":"LineString","coordinates":[[139.7916172,36.2384283],[139.792301,36.2405351],[139.7930717,36.2427022]]},"properties":{"name":"tokyo_line_2959","loading_pct":19.7,"p_mw":43.8,"synthetic":false,"tie":false}},{"type":"Feature","geometry":{"type":"LineString","coordinates":[[139.7114009,36.1403886],[139.7136627,36.1435554],[139.7152374,36.1457551]]},"properties":{"name":"tokyo_line_2960","loading_pct":29.0,"p_mw":-76.7,"synthetic":false,"tie":false}},{"type":"Feature","geometry":{"type":"LineString","coordinates":[[139.8290477,36.3132905],[139.8310996,36.3132997]]},"properties":{"name":"tokyo_line_2961","loading_pct":13.7,"p_mw":-22.6,"synthetic":false,"tie":false}},{"type":"Feature","geometry":{"type":"LineString","coordinates":[[139.821852,36.3183543],[139.8203631,36.320668]]},"properties":{"name":"tokyo_line_2962","loading_pct":25.3,"p_mw":37.1,"synthetic":false,"tie":false}},{"type":"Feature","geometry":{"type":"LineString","coordinates":[[139.8139375,36.3110495],[139.8133968,36.313073]]},"properties":{"name":"tokyo_line_2963","loading_pct":36.1,"p_mw":51.5,"synthetic":false,"tie":false}},{"type":"Feature","geometry":{"type":"LineString","coordinates":[[139.8244834,36.3050224],[139.8234588,36.3032041],[139.8223446,36.3012083],[139.8212153,36.2991982],[139.8200676,36.2971569],[139.8189625,36.2951662],[139.8178693,36.2931711]]},"properties":{"name":"tokyo_line_2965","loading_pct":21.9,"p_mw":-80.6,"synthetic":false,"tie":false}},{"type":"Feature","geometry":{"type":"LineString","coordinates":[[139.8178693,36.2931711],[139.8199886,36.2933772]]},"properties":{"name":"tokyo_line_2966","loading_pct":10.4,"p_mw":27.6,"synthetic":false,"tie":false}},{"type":"Feature","geometry":{"type":"LineString","coordinates":[[139.8178693,36.2931711],[139.816895,36.2930784],[139.8142241,36.2928234]]},"properties":{"name":"tokyo_line_2967","loading_pct":28.3,"p_mw":-118.5,"synthetic":false,"tie":false}},{"type":"Feature","geometry":{"type":"LineString","coordinates":[[139.8144309,36.2870435],[139.8132677,36.2849544]]},"properties":{"name":"tokyo_line_2968","loading_pct":33.8,"p_mw":-157.0,"synthetic":false,"tie":false}},{"type":"Feature","geometry":{"type":"LineString","coordinates":[[139.7900953,36.288656],[139.7880554,36.286321]]},"properties":{"name":"tokyo_line_2970","loading_pct":7.8,"p_mw":18.9,"synthetic":false,"tie":false}},{"type":"Feature","geometry":{"type":"LineString","coordinates":[[139.8079719,36.2754412],[139.8068929,36.27351],[139.805933,36.2714351],[139.8050067,36.2693888],[139.8041716,36.2675286],[139.8031922,36.2654419]]},"properties":{"name":"tokyo_line_2971","loading_pct":34.8,"p_mw":-163.7,"synthetic":false,"tie":false}},{"type":"Feature","geometry":{"type":"LineString","coordinates":[[139.9044013,36.4650858],[139.9044591,36.4673143],[139.904528,36.4696078],[139.9045908,36.471917],[139.9046598,36.4742034],[139.9047345,36.4764197],[139.9047971,36.4787239]]},"properties":{"name":"tokyo_line_2973","loading_pct":75.2,"p_mw":-199.8,"synthetic":false,"tie":false}},{"type":"Feature","geometry":{"type":"LineString","coordinates":[[139.9044013,36.4650858],[139.9034999,36.4630088],[139.9025931,36.4609074],[139.9016887,36.4588122],[139.9007133,36.4565567],[139.8997895,36.454405],[139.8989001,36.4523447],[139.8980012,36.4502818],[139.8971206,36.4482266],[139.8962251,36.4461542],[139.895335,36.4440811],[139.8944404,36.4420146],[139.893558,36.4399402],[139.892688,36.4378892],[139.8918305,36.4359468],[139.890973,36.4339892],[139.890077,36.4319151],[139.8890935,36.4296363],[139.8881619,36.4274722],[139.8872775,36.425382],[139.8863571,36.4232954],[139.8850039,36.4214402],[139.8836307,36.4195473],[139.8822517,36.4176669],[139.8807724,36.4156132],[139.8795107,36.4138954],[139.8781682,36.4120446],[139.8768358,36.410203],[139.875959,36.408214],[139.8750776,36.4061591],[139.8741875,36.4040946],[139.8732975,36.4019984],[139.8724131,36.3999503],[139.871526,36.3978952],[139.8706591,36.3958741],[139.8697864,36.393807],[139.8689093,36.3917458],[139.8680178,36.3896822],[139.8668101,36.387694]]},"properties":{"name":"tokyo_line_2974","loading_pct":60.1,"p_mw":158.6,"synthetic":false,"tie":false}},{"type":"Feature","geometry":{"type":"LineString","coordinates":[[139.9044013,36.4650858],[139.9080961,36.4644609],[139.9104601,36.4640836],[139.9099431,36.4623327]]},"properties":{"name":"tokyo_line_2975","loading_pct":11.7,"p_mw":30.9,"synthetic":false,"tie":false}},{"type":"Feature","geometry":{"type":"LineString","coordinates":[[139.9047971,36.4787239],[139.9049067,36.4809631],[139.9049581,36.4834112],[139.9092529,36.4851652]]},"properties":{"name":"tokyo_line_2976","loading_pct":79.5,"p_mw":-305.3,"synthetic":false,"tie":false}},{"type":"Feature","geometry":{"type":"LineString","coordinates":[[139.9047971,36.4787239],[139.9022669,36.4780868],[139.8989667,36.4752399]]},"properties":{"name":"tokyo_line_2977","loading_pct":37.5,"p_mw":95.0,"synthetic":false,"tie":false}},{"type":"Feature","geometry":{"type":"LineString","coordinates":[[139.9162446,36.4867779],[139.9200256,36.4860655],[139.9231695,36.4847675],[139.9272097,36.4824109],[139.9293551,36.4808939],[139.932244,36.4780806],[139.9339798,36.4761529],[139.9359733,36.474105],[139.9391431,36.4721725],[139.9414917,36.4708574],[139.943716,36.4695933],[139.946174,36.4675995],[139.9487079,36.4671261],[139.9527208,36.4643429]]},"properties":{"name":"tokyo_line_2978","loading_pct":74.3,"p_mw":-314.4,"synthetic":false,"tie":false}},{"type":"Feature","geometry":{"type":"LineString","coordinates":[[139.9422912,36.580414],[139.9435455,36.582322]]},"properties":{"name":"tokyo_line_2981","loading_pct":55.3,"p_mw":-147.5,"synthetic":false,"tie":false}},{"type":"Feature","geometry":{"type":"LineString","coordinates":[[139.9459442,36.5941006],[139.949161,36.5961513],[139.9518599,36.5978713],[139.9546877,36.5996191],[139.9573244,36.6012702],[139.9600454,36.6029837]]},"properties":{"name":"tokyo_line_2984","loading_pct":45.1,"p_mw":-120.2,"synthetic":false,"tie":false}},{"type":"Feature","geometry":{"type":"LineString","coordinates":[[140.6421774,36.599007],[140.6430492,36.5981716]]},"properties":{"name":"tokyo_line_2985","loading_pct":42.5,"p_mw":27.9,"synthetic":false,"tie":false}},{"type":"Feature","geometry":{"type":"LineString","coordinates":[[140.650355,36.6088329],[140.6519133,36.6074162]]},"properties":{"name":"tokyo_line_2986","loading_pct":25.3,"p_mw":17.2,"synthetic":false,"tie":false}},{"type":"Feature","geometry":{"type":"LineString","coordinates":[[140.6473965,36.6133231],[140.6453821,36.6139668]]},"properties":{"name":"tokyo_line_2987","loading_pct":12.4,"p_mw":3.5,"synthetic":false,"tie":false}},{"type":"Feature","geometry":{"type":"LineString","coordinates":[[140.6357489,36.6049689],[140.6348002,36.606085]]},"properties":{"name":"tokyo_line_2988","loading_pct":23.7,"p_mw":-7.1,"synthetic":false,"tie":false}},{"type":"Feature","geometry":{"type":"LineString","coordinates":[[140.6329521,36.5903772],[140.6309514,36.5873434],[140.6292407,36.5847579],[140.6273488,36.58099],[140.6257665,36.57787]]},"properties":{"name":"tokyo_line_2989","loading_pct":34.6,"p_mw":14.3,"synthetic":false,"tie":false}},{"type":"Feature","geometry":{"type":"LineString","coordinates":[[140.6559192,36.6808982],[140.6557677,36.679044],[140.6556121,36.6771037],[140.6559983,36.6750901],[140.6565202,36.6723235],[140.655486,36.6686384],[140.6550887,36.6672049],[140.6543832,36.6645819],[140.6521653,36.6637462],[140.6504792,36.6631069],[140.6489038,36.6625037],[140.648012,36.6608984],[140.6452072,36.6597866],[140.641782,36.6584527],[140.6366617,36.6564552],[140.6337914,36.6540431],[140.6314699,36.6521293],[140.6294401,36.6504305],[140.6293325,36.6481321],[140.6292694,36.6467626],[140.6290839,36.6426852],[140.628987,36.6404754],[140.628915,36.6388617],[140.6295778,36.6366393],[140.6306081,36.6332956],[140.6320142,36.6315123],[140.634247,36.6288158]]},"properties":{"name":"tokyo_line_2991","loading_pct":83.6,"p_mw":55.8,"synthetic":false,"tie":false}},{"type":"Feature","geometry":{"type":"LineString","coordinates":[[140.4996256,36.4201321],[140.4982348,36.4181345],[140.4968306,36.4160781],[140.4953862,36.4140146],[140.4942061,36.412135],[140.4928663,36.4102678],[140.4913804,36.4081988],[140.4898596,36.4060563],[140.4885399,36.4038694],[140.4872551,36.4016696],[140.4860508,36.3996209],[140.4843718,36.3982845],[140.4836043,36.3976537],[140.48281,36.3970008]]},"properties":{"name":"tokyo_line_2994","loading_pct":103.3,"p_mw":173.0,"synthetic":false,"tie":false}},{"type":"Feature","geometry":{"type":"LineString","coordinates":[[140.4996256,36.4201321],[140.5001968,36.4196745],[140.5019107,36.4182975],[140.5047807,36.4166204]]},"properties":{"name":"tokyo_line_2995","loading_pct":91.1,"p_mw":-62.4,"synthetic":false,"tie":false}},{"type":"Feature","geometry":{"type":"LineString","coordinates":[[140.5252996,36.4168157],[140.527322,36.4190065],[140.5277833,36.4194635],[140.5290607,36.4208184],[140.5307828,36.4226297],[140.5336735,36.4209425],[140.5372542,36.4190615],[140.5388112,36.4179203]]},"properties":{"name":"tokyo_line_2997","loading_pct":50.7,"p_mw":34.4,"synthetic":false,"tie":false}},{"type":"Feature","geometry":{"type":"LineString","coordinates":[[140.4837189,36.3973551],[140.4858399,36.3962729],[140.4867547,36.3958061],[140.4880513,36.3951432],[140.4907892,36.3935836],[140.4929107,36.3923002],[140.4966217,36.3902496],[140.4990859,36.3891962],[140.5005458,36.3881871],[140.5025028,36.3868188],[140.5047135,36.3857068],[140.5077611,36.3841896],[140.5111385,36.3825102],[140.5134069,36.3813459],[140.5160126,36.3802438],[140.5178268,36.3793354]]},"properties":{"name":"tokyo_line_2998","loading_pct":88.7,"p_mw":357.9,"synthetic":false,"tie":false}},{"type":"Feature","geometry":{"type":"LineString","coordinates":[[140.4239488,36.4149116],[140.4263093,36.4164483]]},"properties":{"name":"tokyo_line_2999","loading_pct":27.7,"p_mw":-73.2,"synthetic":false,"tie":false}},{"type":"Feature","geometry":{"type":"LineString","coordinates":[[140.4576476,36.4121096],[140.4600662,36.410646],[140.4628003,36.408994],[140.4652474,36.4075045]]},"properties":{"name":"tokyo_line_3003","loading_pct":56.4,"p_mw":114.9,"synthetic":false,"tie":false}},{"type":"Feature","geometry":{"type":"LineString","coordinates":[[140.4652474,36.4075045],[140.4681017,36.4057738],[140.4710594,36.4039629],[140.4743157,36.4019947],[140.4771556,36.4003315],[140.4803066,36.3984662],[140.48281,36.3970008]]},"properties":{"name":"tokyo_line_3004","loading_pct":50.8,"p_mw":80.2,"synthetic":false,"tie":false}},{"type":"Feature","geometry":{"type":"LineString","coordinates":[[140.4652474,36.4075045],[140.4632705,36.4046825],[140.4636896,36.4024029],[140.4644577,36.3998227]]},"properties":{"name":"tokyo_line_3005","loading_pct":25.6,"p_mw":17.2,"synthetic":false,"tie":false}},{"type":"Feature","geometry":{"type":"LineString","coordinates":[[140.3879016,36.3743779],[140.3870312,36.3734428]]},"properties":{"name":"tokyo_line_3006","loading_pct":49.7,"p_mw":-212.0,"synthetic":false,"tie":false}},{"type":"Feature","geometry":{"type":"LineString","coordinates":[[139.8141951,36.4109596],[139.812626,36.4109975],[139.8096195,36.4101653]]},"properties":{"name":"tokyo_line_3011","loading_pct":39.6,"p_mw":-25.1,"synthetic":false,"tie":false}},{"type":"Feature","geometry":{"type":"LineString","coordinates":[[139.8141951,36.4109596],[139.8139456,36.4135791],[139.8136747,36.4163624],[139.8139389,36.4182716],[139.8141803,36.4200586],[139.8144109,36.4218404],[139.8146282,36.4234493]]},"properties":{"name":"tokyo_line_3012","loading_pct":10.4,"p_mw":5.6,"synthetic":false,"tie":false}},{"type":"Feature","geometry":{"type":"LineString","coordinates":[[139.8096195,36.4101653],[139.8090506,36.4109694]]},"properties":{"name":"tokyo_line_3014","loading_pct":87.2,"p_mw":-59.5,"synthetic":false,"tie":false}},{"type":"Feature","geometry":{"type":"LineString","coordinates":[[139.8096195,36.4101653],[139.8090139,36.4096984],[139.8088434,36.4094079]]},"properties":{"name":"tokyo_line_3015","loading_pct":25.3,"p_mw":17.2,"synthetic":false,"tie":false}},{"type":"Feature","geometry":{"type":"LineString","coordinates":[[139.8090506,36.4109694],[139.8087431,36.4109985]]},"properties":{"name":"tokyo_line_3016","loading_pct":25.3,"p_mw":17.2,"synthetic":false,"tie":false}},{"type":"Feature","geometry":{"type":"LineString","coordinates":[[139.8090506,36.4109694],[139.8080394,36.4114162],[139.8052526,36.4093235]]},"properties":{"name":"tokyo_line_3017","loading_pct":80.0,"p_mw":-93.9,"synthetic":false,"tie":false}},{"type":"Feature","geometry":{"type":"LineString","coordinates":[[139.8262851,36.4340931],[139.8296399,36.4345333]]},"properties":{"name":"tokyo_line_3018","loading_pct":79.5,"p_mw":-93.4,"synthetic":false,"tie":false}},{"type":"Feature","geometry":{"type":"LineString","coordinates":[[139.7952464,36.4358649],[139.792168,36.4354157],[139.7893189,36.4349767],[139.7869291,36.4346298],[139.784214,36.4342145],[139.7814114,36.4337869],[139.7785752,36.433349],[139.7758735,36.4329297],[139.7715723,36.432808],[139.7689199,36.4327255],[139.7662437,36.432644]]},"properties":{"name":"tokyo_line_3019","loading_pct":95.8,"p_mw":-62.7,"synthetic":false,"tie":false}},{"type":"Feature","geometry":{"type":"LineString","coordinates":[[139.8043336,36.4476885],[139.8020741,36.4499287],[139.8001242,36.4519394],[139.7991358,36.4535769],[139.7979972,36.4561247],[139.7968492,36.4586963],[139.7956395,36.4614003],[139.7945693,36.463785]]},"properties":{"name":"tokyo_line_3020","loading_pct":61.2,"p_mw":150.6,"synthetic":false,"tie":false}},{"type":"Feature","geometry":{"type":"LineString","coordinates":[[139.8296399,36.4345333],[139.8326332,36.4349449],[139.8355307,36.4352994],[139.8383591,36.4356791],[139.8417467,36.4361172],[139.8438469,36.4363923]]},"properties":{"name":"tokyo_line_3021","loading_pct":76.0,"p_mw":-162.3,"synthetic":false,"tie":false}},{"type":"Feature","geometry":{"type":"LineString","coordinates":[[139.8296399,36.4345333],[139.8275841,36.4323583],[139.8279825,36.4306129]]},"properties":{"name":"tokyo_line_3022","loading_pct":76.0,"p_mw":51.6,"synthetic":false,"tie":false}},{"type":"Feature","geometry":{"type":"LineString","coordinates":[[139.8118266,36.5906072],[139.811333,36.5926507],[139.8107137,36.5951979],[139.8098883,36.5987693],[139.8094007,36.6017069],[139.8095605,36.6040277],[139.8110489,36.6074339],[139.8104613,36.6102505],[139.8129142,36.6130064],[139.8150025,36.6152358],[139.8170543,36.6174303],[139.8175394,36.6200104],[139.8180627,36.6229806],[139.8186545,36.6262735],[139.8214496,36.6274457],[139.8244233,36.6287042],[139.8262184,36.6311553],[139.8256238,36.6341441],[139.8249895,36.6374699],[139.8243154,36.6408855]]},"properties":{"name":"tokyo_line_3025","loading_pct":31.2,"p_mw":-82.3,"synthetic":false,"tie":false}},{"type":"Feature","geometry":{"type":"LineString","coordinates":[[139.8818723,36.5699662],[139.8833741,36.5688469]]},"properties":{"name":"tokyo_line_3027","loading_pct":76.1,"p_mw":51.6,"synthetic":false,"tie":false}},{"type":"Feature","geometry":{"type":"LineString","coordinates":[[139.884657,36.5660977],[139.8846531,36.5659464]]},"properties":{"name":"tokyo_line_3028","loading_pct":50.7,"p_mw":34.4,"synthetic":false,"tie":false}},{"type":"Feature","geometry":{"type":"LineString","coordinates":[[139.7636697,36.7709688],[139.7673129,36.7702322],[139.7689505,36.7703455],[139.7712099,36.7705045]]},"properties":{"name":"tokyo_line_3029","loading_pct":108.5,"p_mw":-158.8,"synthetic":false,"tie":false}},{"type":"Feature","geometry":{"type":"LineString","coordinates":[[139.7636697,36.7709688],[139.759963,36.7716683],[139.757813,36.7718048],[139.753886,36.7719793]]},"properties":{"name":"tokyo_line_3030","loading_pct":110.9,"p_mw":565.1,"synthetic":false,"tie":false}},{"type":"Feature","geometry":{"type":"LineString","coordinates":[[139.7712099,36.7705045],[139.7721145,36.7709536],[139.7720878,36.7711739]]},"properties":{"name":"tokyo_line_3031","loading_pct":25.6,"p_mw":17.2,"synthetic":false,"tie":false}},{"type":"Feature","geometry":{"type":"LineString","coordinates":[[139.8919161,36.960509],[139.8936018,36.9643592],[139.8953872,36.9684221],[139.896311,36.9705206],[139.896985,36.9720583],[139.8971036,36.9744625],[139.8968996,36.9754779],[139.8964785,36.9765364],[139.895576,36.9787316],[139.8948062,36.9806365],[139.8942054,36.9822134],[139.893693,36.9834455],[139.8931156,36.9848627]]},"properties":{"name":"tokyo_line_3033","loading_pct":76.5,"p_mw":51.9,"synthetic":false,"tie":false}},{"type":"Feature","geometry":{"type":"LineString","coordinates":[[139.9005836,36.9544916],[139.9043752,36.9530588],[139.9080455,36.9537243]]},"properties":{"name":"tokyo_line_3034","loading_pct":84.8,"p_mw":46.2,"synthetic":false,"tie":false}},{"type":"Feature","geometry":{"type":"LineString","coordinates":[[139.9069087,36.7255107],[139.9046243,36.7268696],[139.9022579,36.7278431],[139.8991903,36.7289498],[139.8957322,36.7290264],[139.8920132,36.7295048]]},"properties":{"name":"tokyo_line_3035","loading_pct":128.5,"p_mw":-87.1,"synthetic":false,"tie":false}},{"type":"Feature","geometry":{"type":"LineString","coordinates":[[140.1162104,36.7346185],[140.1185523,36.7354237]]},"properties":{"name":"tokyo_line_3036","loading_pct":14.1,"p_mw":2.3,"synthetic":false,"tie":false}},{"type":"Feature","geometry":{"type":"LineString","coordinates":[[140.1162104,36.7346185],[140.1149472,36.7359203],[140.1149146,36.7387509],[140.1149108,36.7416032],[140.1148765,36.744733],[140.1133528,36.7474328],[140.1112263,36.7498609],[140.1091951,36.7520569],[140.1070225,36.7551429],[140.1071198,36.7576117],[140.1082027,36.759877],[140.1085728,36.7630078],[140.1088196,36.7652124],[140.1089993,36.7675588],[140.1117513,36.7686546],[140.1138541,36.7699631],[140.1172417,36.7707924],[140.1173866,36.77258],[140.1168662,36.7752355],[140.1160401,36.7784237],[140.1172417,36.7809458],[140.1185453,36.7837084],[140.1195055,36.7865096],[140.1171452,36.788198],[140.1157236,36.7904018],[140.1142001,36.792756],[140.1132828,36.7959177],[140.1126659,36.7980612],[140.1120007,36.7996978],[140.1110834,36.80194],[140.1088303,36.8042552],[140.1069421,36.8062954],[140.1056975,36.8088466]]},"properties":{"name":"tokyo_line_3037","loading_pct":102.0,"p_mw":-67.8,"synthetic":false,"tie":false}},{"type":"Feature","geometry":{"type":"LineString","coordinates":[[140.1162104,36.7346185],[140.1140492,36.7326739],[140.1128466,36.7305494],[140.1123421,36.7283966],[140.1103307,36.7257147],[140.1056243,36.7254018]]},"properties":{"name":"tokyo_line_3038","loading_pct":71.9,"p_mw":48.4,"synthetic":false,"tie":false}},{"type":"Feature","geometry":{"type":"LineString","coordinates":[[140.1185523,36.7354237],[140.1215866,36.7372478],[140.1256135,36.7387011],[140.128062,36.7400755],[140.131235,36.7411882],[140.1333245,36.7411065],[140.1355486,36.7413487]]},"properties":{"name":"tokyo_line_3039","loading_pct":51.4,"p_mw":-32.1,"synthetic":false,"tie":false}},{"type":"Feature","geometry":{"type":"LineString","coordinates":[[140.1185523,36.7354237],[140.1206136,36.7347336],[140.1209912,36.7345769]]},"properties":{"name":"tokyo_line_3040","loading_pct":25.5,"p_mw":17.2,"synthetic":false,"tie":false}},{"type":"Feature","geometry":{"type":"LineString","coordinates":[[140.1355486,36.7413487],[140.1355465,36.7416734]]},"properties":{"name":"tokyo_line_3041","loading_pct":25.4,"p_mw":17.2,"synthetic":false,"tie":false}},{"type":"Feature","geometry":{"type":"LineString","coordinates":[[140.1355486,36.7413487],[140.1356143,36.7416659]]},"properties":{"name":"tokyo_line_3042","loading_pct":25.4,"p_mw":17.2,"synthetic":false,"tie":false}},{"type":"Feature","geometry":{"type":"LineString","coordinates":[[140.1355486,36.7413487],[140.1376279,36.7415985],[140.1428139,36.74219]]},"properties":{"name":"tokyo_line_3043","loading_pct":82.6,"p_mw":-83.7,"synthetic":false,"tie":false}},{"type":"Feature","geometry":{"type":"LineString","coordinates":[[139.7376098,36.39082],[139.7379649,36.3925376]]},"properties":{"name":"tokyo_line_3044","loading_pct":32.8,"p_mw":-21.6,"synthetic":false,"tie":false}},{"type":"Feature","geometry":{"type":"LineString","coordinates":[[139.705948,36.8769113],[139.7053188,36.879715],[139.7040808,36.8844512]]},"properties":{"name":"tokyo_line_3045","loading_pct":53.4,"p_mw":31.1,"synthetic":false,"tie":false}},{"type":"Feature","geometry":{"type":"LineString","coordinates":[[139.705948,36.8769113],[139.7049426,36.8770166],[139.7048213,36.8766526],[139.7042017,36.8758394],[139.7025985,36.8735785],[139.7024497,36.8732245]]},"properties":{"name":"tokyo_line_3046","loading_pct":18.4,"p_mw":12.5,"synthetic":false,"tie":false}},{"type":"Feature","geometry":{"type":"LineString","coordinates":[[139.7020432,36.8942905],[139.7021255,36.8944243]]},"properties":{"name":"tokyo_line_3047","loading_pct":29.8,"p_mw":19.6,"synthetic":false,"tie":false}},{"type":"Feature","geometry":{"type":"LineString","coordinates":[[139.7005391,36.9070394],[139.6996889,36.9092977],[139.6987527,36.9118928],[139.696556,36.9140802],[139.6945604,36.9160789],[139.6931121,36.9174877],[139.6901323,36.9183131],[139.6869618,36.9191797],[139.686664,36.9209467],[139.6862134,36.9233783],[139.6859318,36.924905],[139.6856877,36.9263673],[139.683896,36.9274029],[139.6820976,36.9287356],[139.6799331,36.929876],[139.6780702,36.9308614],[139.6761847,36.9317876],[139.6718073,36.9342682],[139.6717617,36.9393578],[139.6732637,36.9423227],[139.6745244,36.9455221],[139.6756174,36.9472777],[139.6775278,36.9495547],[139.6790707,36.951403],[139.6814713,36.9542162],[139.6830109,36.9564292],[139.6839336,36.9597642],[139.6845236,36.9615538],[139.6856233,36.9649057],[139.6900007,36.9682552]]},"properties":{"name":"tokyo_line_3048","loading_pct":18.5,"p_mw":12.6,"synthetic":false,"tie":false}},{"type":"Feature","geometry":{"type":"LineString","coordinates":[[139.7206557,36.6715749],[139.7215354,36.6697195],[139.7220651,36.6683318],[139.7221523,36.6663729],[139.7222985,36.6644398],[139.7226546,36.6617605]]},"properties":{"name":"tokyo_line_3049","loading_pct":59.0,"p_mw":-74.6,"synthetic":false,"tie":false}},{"type":"Feature","geometry":{"type":"LineString","coordinates":[[139.7206557,36.6715749],[139.7238529,36.6713448],[139.7257411,36.6736725],[139.7279191,36.676127],[139.7306898,36.6749622],[139.7324225,36.6732551],[139.7351986,36.673225],[139.7379237,36.6743673]]},"properties":{"name":"tokyo_line_3050","loading_pct":24.6,"p_mw":6.4,"synthetic":false,"tie":false}},{"type":"Feature","geometry":{"type":"LineString","coordinates":[[139.7206557,36.6715749],[139.720087,36.6732551],[139.7196502,36.6745438],[139.7192851,36.6762562],[139.7189981,36.6779491],[139.7187146,36.6795947],[139.7184107,36.6813263],[139.7180928,36.6831461],[139.7175336,36.6848862],[139.7167343,36.6865908],[139.7161256,36.6878599]]},"properties":{"name":"tokyo_line_3051","loading_pct":50.4,"p_mw":51.0,"synthetic":false,"tie":false}},{"type":"Feature","geometry":{"type":"LineString","coordinates":[[139.7271743,36.6441964],[139.7277407,36.6424072],[139.7282738,36.6407402],[139.7288136,36.6388302],[139.729044,36.6369802],[139.7292942,36.6351809],[139.7305275,36.6311851],[139.7313275,36.6295804],[139.7322173,36.6278401],[139.7331105,36.6261294],[139.7339178,36.6245401],[139.7348513,36.6227783],[139.7364324,36.6195147],[139.7385101,36.6161057],[139.7396552,36.614091],[139.7411814,36.6114311],[139.7425961,36.6089653]]},"properties":{"name":"tokyo_line_3052","loading_pct":61.2,"p_mw":-91.9,"synthetic":false,"tie":false}},{"type":"Feature","geometry":{"type":"LineString","coordinates":[[139.7559095,36.5867172],[139.7566967,36.5848774],[139.757351,36.5832408],[139.7581062,36.5813442],[139.7588098,36.5797731]]},"properties":{"name":"tokyo_line_3053","loading_pct":79.4,"p_mw":-103.0,"synthetic":false,"tie":false}},{"type":"Feature","geometry":{"type":"LineString","coordinates":[[139.7687983,36.5580856],[139.7693469,36.5562074]]},"properties":{"name":"tokyo_line_3054","loading_pct":22.7,"p_mw":15.0,"synthetic":false,"tie":false}},{"type":"Feature","geometry":{"type":"LineString","coordinates":[[139.7776814,36.565215],[139.7806603,36.5658116],[139.7840344,36.5664971],[139.7869016,36.5670836],[139.7896918,36.5676483]]},"properties":{"name":"tokyo_line_3055","loading_pct":128.7,"p_mw":-135.4,"synthetic":false,"tie":false}},{"type":"Feature","geometry":{"type":"LineString","coordinates":[[139.7071937,36.7361306],[139.7105652,36.7353117]]},"properties":{"name":"tokyo_line_3056","loading_pct":50.6,"p_mw":34.4,"synthetic":false,"tie":false}},{"type":"Feature","geometry":{"type":"LineString","coordinates":[[139.7071937,36.7361306],[139.706857,36.7344765],[139.7065017,36.7325494]]},"properties":{"name":"tokyo_line_3057","loading_pct":106.7,"p_mw":60.4,"synthetic":false,"tie":false}},{"type":"Feature","geometry":{"type":"LineString","coordinates":[[139.7095712,36.7066014],[139.7112673,36.7049493],[139.7132045,36.7053584]]},"properties":{"name":"tokyo_line_3058","loading_pct":25.3,"p_mw":17.2,"synthetic":false,"tie":false}},{"type":"Feature","geometry":{"type":"LineString","coordinates":[[139.7095712,36.7066014],[139.7094177,36.7074039],[139.7091407,36.7087699]]},"properties":{"name":"tokyo_line_3059","loading_pct":40.9,"p_mw":-17.9,"synthetic":false,"tie":false}},{"type":"Feature","geometry":{"type":"LineString","coordinates":[[139.7095712,36.7066014],[139.709845,36.7050541],[139.7099027,36.7034295],[139.709951,36.7024134],[139.7099925,36.7015576],[139.7107583,36.6989264],[139.7120002,36.6963779],[139.7128565,36.6948677],[139.7141445,36.6928853],[139.7150499,36.6908656],[139.7155433,36.6890741],[139.7161256,36.6878599]]},"properties":{"name":"tokyo_line_3060","loading_pct":34.5,"p_mw":-16.4,"synthetic":false,"tie":false}},{"type":"Feature","geometry":{"type":"LineString","coordinates":[[139.8931156,36.9848627],[139.8927819,36.9857789]]},"properties":{"name":"tokyo_line_3061","loading_pct":25.4,"p_mw":17.2,"synthetic":false,"tie":false}},{"type":"Feature","geometry":{"type":"LineString","coordinates":[[139.8931156,36.9848627],[139.9007285,36.9884589],[139.9024263,36.9892323],[139.9054786,36.9907898],[139.9074367,36.9917967],[139.9098372,36.99311],[139.9126804,36.9946439],[139.9153626,36.9960877],[139.9182433,36.9976387],[139.9202979,36.9990397],[139.9227521,37.0006891],[139.9243319,37.003221],[139.9258822,37.0057057],[139.9272072,37.0079547],[139.9288406,37.0106898],[139.9289561,37.0132256],[139.9285913,37.0159093],[139.9282211,37.0188175],[139.9310669,37.0208777],[139.9337438,37.0228586],[139.9361739,37.0247098],[139.9386978,37.0258769],[139.9410125,37.0277656],[139.9398619,37.0304754],[139.9382418,37.0336701],[139.9369504,37.0362502],[139.9359506,37.0387225],[139.935042,37.0410321],[139.9353813,37.0438121],[139.9337089,37.0454755],[139.9319507,37.047247],[139.9292336,37.0490356],[139.9282245,37.0518704]]},"properties":{"name":"tokyo_line_3062","loading_pct":25.6,"p_mw":17.3,"synthetic":false,"tie":false}},{"type":"Feature","geometry":{"type":"LineString","coordinates":[[139.9080455,36.9537243],[139.9129057,36.9541551],[139.9165776,36.955544],[139.9202549,36.9569286],[139.923715,36.9561013],[139.9272126,36.9552761],[139.9307021,36.9545088],[139.9341917,36.9537307],[139.9376947,36.9529098],[139.9411829,36.9520846],[139.9431959,36.949731],[139.9452156,36.9472895],[139.9466854,36.9445339],[139.948213,36.9417482],[139.9496874,36.9389543]]},"properties":{"name":"tokyo_line_3063","loading_pct":50.3,"p_mw":-22.7,"synthetic":false,"tie":false}},{"type":"Feature","geometry":{"type":"LineString","coordinates":[[139.9080455,36.9537243],[139.9094388,36.9514197],[139.9101673,36.9501471],[139.9117599,36.9474036]]},"properties":{"name":"tokyo_line_3064","loading_pct":76.2,"p_mw":51.6,"synthetic":false,"tie":false}},{"type":"Feature","geometry":{"type":"LineString","coordinates":[[139.9496874,36.9389543],[139.9514997,36.9359674]]},"properties":{"name":"tokyo_line_3065","loading_pct":79.8,"p_mw":-74.4,"synthetic":false,"tie":false}},{"type":"Feature","geometry":{"type":"LineString","coordinates":[[139.9496874,36.9389543],[139.9493731,36.9387634]]},"properties":{"name":"tokyo_line_3066","loading_pct":25.6,"p_mw":17.2,"synthetic":false,"tie":false}},{"type":"Feature","geometry":{"type":"LineString","coordinates":[[139.9496874,36.9389543],[139.9493898,36.9387283]]},"properties":{"name":"tokyo_line_3067","loading_pct":25.6,"p_mw":17.2,"synthetic":false,"tie":false}},{"type":"Feature","geometry":{"type":"LineString","coordinates":[[139.9514997,36.9359674],[139.9517638,36.9360877]]},"properties":{"name":"tokyo_line_3068","loading_pct":25.6,"p_mw":17.2,"synthetic":false,"tie":false}},{"type":"Feature","geometry":{"type":"LineString","coordinates":[[139.9514997,36.9359674],[139.9517828,36.9360345]]},"properties":{"name":"tokyo_line_3069","loading_pct":25.6,"p_mw":17.2,"synthetic":false,"tie":false}},{"type":"Feature","geometry":{"type":"LineString","coordinates":[[139.9514997,36.9359674],[139.9502823,36.9336143],[139.9481097,36.9317533],[139.9504754,36.9300831],[139.9526748,36.9278704],[139.9550754,36.9265346],[139.9575755,36.9249156],[139.9583559,36.9243257]]},"properties":{"name":"tokyo_line_3070","loading_pct":79.2,"p_mw":-126.1,"synthetic":false,"tie":false}},{"type":"Feature","geometry":{"type":"LineString","coordinates":[[139.9583559,36.9243257],[139.9561214,36.9223104],[139.9534526,36.9205349],[139.9506712,36.9190103],[139.9517225,36.9175265],[139.9513819,36.9173742]]},"properties":{"name":"tokyo_line_3071","loading_pct":25.5,"p_mw":17.2,"synthetic":false,"tie":false}},{"type":"Feature","geometry":{"type":"LineString","coordinates":[[139.9583559,36.9243257],[139.9597399,36.9233781],[139.9622504,36.9215615],[139.9647711,36.9198271],[139.9669432,36.9183354],[139.9694584,36.9166657],[139.9714665,36.9153327]]},"properties":{"name":"tokyo_line_3072","loading_pct":79.3,"p_mw":-161.3,"synthetic":false,"tie":false}},{"type":"Feature","geometry":{"type":"LineString","coordinates":[[139.753886,36.7719793],[139.7539991,36.7725403]]},"properties":{"name":"tokyo_line_3073","loading_pct":199.6,"p_mw":130.7,"synthetic":false,"tie":false}},{"type":"Feature","geometry":{"type":"LineString","coordinates":[[139.753886,36.7719793],[139.7540291,36.7717464]]},"properties":{"name":"tokyo_line_3074","loading_pct":144.1,"p_mw":96.4,"synthetic":false,"tie":false}},{"type":"Feature","geometry":{"type":"LineString","coordinates":[[140.539076,36.3030465],[140.5389957,36.3002125],[140.539141,36.2967616],[140.5388077,36.293899],[140.5387374,36.2912659],[140.5386343,36.2887579],[140.5385925,36.2862806],[140.5384946,36.2830511],[140.5391674,36.2802213],[140.5396628,36.2780704],[140.5400908,36.2762062],[140.5406532,36.2737622],[140.5412068,36.271388],[140.54263,36.269187],[140.5439784,36.2670125]]},"properties":{"name":"tokyo_line_3075","loading_pct":82.3,"p_mw":104.5,"synthetic":false,"tie":false}},{"type":"Feature","geometry":{"type":"LineString","coordinates":[[140.551493,36.3222465],[140.554423,36.3259821],[140.5559746,36.3274198],[140.5573059,36.3291725],[140.5589004,36.3312059],[140.5603998,36.3331045],[140.5621329,36.3352984],[140.5624369,36.3381293],[140.5626926,36.3400918],[140.5630235,36.3430377],[140.5633146,36.3455917],[140.5642274,36.3470152],[140.5668469,36.3510513],[140.5678797,36.3526478],[140.5684593,36.3535312]]},"properties":{"name":"tokyo_line_3076","loading_pct":88.4,"p_mw":-135.3,"synthetic":false,"tie":false}},{"type":"Feature","geometry":{"type":"LineString","coordinates":[[140.5372,36.3073642],[140.532432,36.3080772],[140.5289792,36.3075387],[140.5259227,36.3068428],[140.5222721,36.3067937],[140.519097,36.3063769],[140.5183778,36.3053396],[140.5167746,36.304195],[140.5164027,36.3039763]]},"properties":{"name":"tokyo_line_3077","loading_pct":25.3,"p_mw":17.2,"synthetic":false,"tie":false}},{"type":"Feature","geometry":{"type":"LineString","coordinates":[[140.5439784,36.2670125],[140.5441861,36.2668944]]},"properties":{"name":"tokyo_line_3078","loading_pct":25.8,"p_mw":17.2,"synthetic":false,"tie":false}},{"type":"Feature","geometry":{"type":"LineString","coordinates":[[140.5439784,36.2670125],[140.5441808,36.2668302]]},"properties":{"name":"tokyo_line_3079","loading_pct":25.8,"p_mw":17.2,"synthetic":false,"tie":false}},{"type":"Feature","geometry":{"type":"LineString","coordinates":[[140.5439784,36.2670125],[140.5445915,36.2648552],[140.545127,36.2628568],[140.5485963,36.2623672]]},"properties":{"name":"tokyo_line_3080","loading_pct":77.5,"p_mw":51.6,"synthetic":false,"tie":false}},{"type":"Feature","geometry":{"type":"LineString","coordinates":[[140.5485963,36.2623672],[140.5488745,36.2623691]]},"properties":{"name":"tokyo_line_3081","loading_pct":25.8,"p_mw":17.2,"synthetic":false,"tie":false}},{"type":"Feature","geometry":{"type":"LineString","coordinates":[[140.5485963,36.2623672],[140.5488761,36.2622511]]},"properties":{"name":"tokyo_line_3082","loading_pct":25.8,"p_mw":17.2,"synthetic":false,"tie":false}},{"type":"Feature","geometry":{"type":"LineString","coordinates":[[140.4159107,36.3971727],[140.420077,36.3975689]]},"properties":{"name":"tokyo_line_3083","loading_pct":25.5,"p_mw":17.2,"synthetic":false,"tie":false}},{"type":"Feature","geometry":{"type":"LineString","coordinates":[[140.5003256,36.3411358],[140.5010498,36.339686]]},"properties":{"name":"tokyo_line_3084","loading_pct":25.3,"p_mw":17.2,"synthetic":false,"tie":false}},{"type":"Feature","geometry":{"type":"LineString","coordinates":[[140.4927805,36.3416672],[140.4891119,36.3420324]]},"properties":{"name":"tokyo_line_3085","loading_pct":25.3,"p_mw":17.2,"synthetic":false,"tie":false}},{"type":"Feature","geometry":{"type":"LineString","coordinates":[[140.5128035,36.3502847],[140.5158636,36.3517238],[140.5191466,36.3532683],[140.5222593,36.354734],[140.5244318,36.356386],[140.5266576,36.3581243],[140.5291114,36.35999],[140.5310583,36.3614831],[140.5311939,36.3634672],[140.5315231,36.368137],[140.5316785,36.3702099],[140.5316332,36.3716236]]},"properties":{"name":"tokyo_line_3086","loading_pct":110.5,"p_mw":-48.0,"synthetic":false,"tie":false}},{"type":"Feature","geometry":{"type":"LineString","coordinates":[[140.5684593,36.3535312],[140.5659796,36.3550531],[140.5639374,36.356205],[140.5610398,36.357996],[140.5583822,36.3596676],[140.5557863,36.3611952],[140.553272,36.3622558],[140.5505133,36.3632822],[140.5483155,36.3637823],[140.5449579,36.3652574],[140.5423438,36.3663914],[140.5402935,36.3676898],[140.537555,36.3682488],[140.5344317,36.3701093],[140.5316332,36.3716236]]},"properties":{"name":"tokyo_line_3087","loading_pct":89.9,"p_mw":-200.8,"synthetic":false,"tie":false}},{"type":"Feature","geometry":{"type":"LineString","coordinates":[[140.4412472,36.5219235],[140.4410514,36.5258572]]},"properties":{"name":"tokyo_line_3088","loading_pct":46.7,"p_mw":-443.7,"synthetic":false,"tie":false}},{"type":"Feature","geometry":{"type":"LineString","coordinates":[[140.2369559,36.2052645],[140.2402134,36.2080824],[140.2423853,36.2099531]]},"properties":{"name":"tokyo_line_3090","loading_pct":74.0,"p_mw":-193.2,"synthetic":false,"tie":false}},{"type":"Feature","geometry":{"type":"LineString","coordinates":[[140.6097168,36.5172222],[140.6092742,36.5160129]]},"properties":{"name":"tokyo_line_3091","loading_pct":51.0,"p_mw":34.4,"synthetic":false,"tie":false}},{"type":"Feature","geometry":{"type":"LineString","coordinates":[[140.6090248,36.5369868],[140.6069095,36.5393093],[140.6042236,36.5424541],[140.603753,36.5444303]]},"properties":{"name":"tokyo_line_3092","loading_pct":76.5,"p_mw":-51.6,"synthetic":false,"tie":false}},{"type":"Feature","geometry":{"type":"LineString","coordinates":[[140.6173879,36.5061404],[140.6189892,36.5037871]]},"properties":{"name":"tokyo_line_3093","loading_pct":25.5,"p_mw":17.2,"synthetic":false,"tie":false}},{"type":"Feature","geometry":{"type":"LineString","coordinates":[[140.6163136,36.5605317],[140.6145624,36.557384],[140.6116071,36.5551068],[140.6095587,36.5535413],[140.6076966,36.5516917],[140.6045876,36.5486836],[140.6027573,36.5475321],[140.603753,36.5444303]]},"properties":{"name":"tokyo_line_3094","loading_pct":24.6,"p_mw":-2.9,"synthetic":false,"tie":false}},{"type":"Feature","geometry":{"type":"LineString","coordinates":[[140.639724,36.6161778],[140.6411401,36.6162973]]},"properties":{"name":"tokyo_line_3095","loading_pct":21.5,"p_mw":13.7,"synthetic":false,"tie":false}},{"type":"Feature","geometry":{"type":"LineString","coordinates":[[140.6254064,36.6232701],[140.6251341,36.6241376]]},"properties":{"name":"tokyo_line_3096","loading_pct":25.3,"p_mw":17.2,"synthetic":false,"tie":false}},{"type":"Feature","geometry":{"type":"LineString","coordinates":[[140.8300024,36.9354528],[140.8293728,36.9386444],[140.8288098,36.9413447],[140.82862,36.9443036]]},"properties":{"name":"tokyo_line_3098","loading_pct":35.4,"p_mw":175.5,"synthetic":false,"tie":false}},{"type":"Feature","geometry":{"type":"LineString","coordinates":[[140.2746224,36.2251639],[140.2732523,36.228673],[140.2728185,36.2306909],[140.2731639,36.2338458],[140.2747196,36.2357151],[140.2785954,36.2360283],[140.2818918,36.2357886],[140.2833546,36.2361769],[140.2833134,36.2368509],[140.2844721,36.2369417],[140.2847752,36.2359249]]},"properties":{"name":"tokyo_line_3099","loading_pct":25.3,"p_mw":17.2,"synthetic":false,"tie":false}},{"type":"Feature","geometry":{"type":"LineString","coordinates":[[140.2746224,36.2251639],[140.2774449,36.2241271],[140.280886,36.222715],[140.2839387,36.2205256]]},"properties":{"name":"tokyo_line_3101","loading_pct":48.4,"p_mw":30.8,"synthetic":false,"tie":false}},{"type":"Feature","geometry":{"type":"LineString","coordinates":[[140.2635207,36.2271893],[140.2659093,36.229101],[140.2672771,36.2308941],[140.2690324,36.2332866],[140.2713071,36.2363336],[140.2733745,36.2392154],[140.2748052,36.2411469],[140.2767348,36.2438025],[140.2778098,36.2462219],[140.2790244,36.2489549],[140.2800962,36.2513902],[140.2814587,36.2544022],[140.2839151,36.2567003],[140.2862765,36.2588733],[140.2878986,36.2604199],[140.2909219,36.2615408],[140.2931218,36.264281],[140.2951881,36.2668901],[140.2970037,36.2691452],[140.2988747,36.2714791],[140.3008494,36.2739307],[140.302667,36.2763392],[140.3043563,36.278553],[140.3061893,36.281081],[140.3079176,36.2834045],[140.309572,36.2856246],[140.3108369,36.2873774],[140.3130276,36.28929],[140.3156487,36.2916846]]},"properties":{"name":"tokyo_line_3104","loading_pct":42.3,"p_mw":145.2,"synthetic":false,"tie":false}},{"type":"Feature","geometry":{"type":"LineString","coordinates":[[140.3120398,36.2101822],[140.3145665,36.2100729],[140.3179412,36.2112229],[140.3194114,36.2123153],[140.3227043,36.2144065],[140.3237174,36.2130118],[140.3256602,36.213675],[140.3280204,36.2161204],[140.3310943,36.2178754],[140.3332668,36.2199549],[140.3371962,36.2215129],[140.3405225,36.2226092],[140.3426278,36.223482],[140.346233,36.2228631],[140.3487303,36.2243798],[140.350181,36.2252696],[140.353317,36.2249644],[140.3566287,36.2256264]]},"properties":{"name":"tokyo_line_3105","loading_pct":25.4,"p_mw":17.2,"synthetic":false,"tie":false}},{"type":"Feature","geometry":{"type":"LineString","coordinates":[[140.2782414,36.1731902],[140.2789387,36.1695331],[140.2809584,36.1669781],[140.2835548,36.1652891],[140.2861726,36.1635697],[140.2886083,36.1619268]]},"properties":{"name":"tokyo_line_3106","loading_pct":79.8,"p_mw":-142.1,"synthetic":false,"tie":false}},{"type":"Feature","geometry":{"type":"LineString","coordinates":[[140.2886083,36.1619268],[140.2858233,36.1599522],[140.2835063,36.1582933],[140.2807954,36.1563758],[140.278286,36.154599],[140.2765518,36.1532107],[140.2742769,36.1513756],[140.2717045,36.1493784]]},"properties":{"name":"tokyo_line_3107","loading_pct":46.9,"p_mw":63.6,"synthetic":false,"tie":false}},{"type":"Feature","geometry":{"type":"LineString","coordinates":[[140.2509866,36.1318977],[140.2534029,36.133909]]},"properties":{"name":"tokyo_line_3108","loading_pct":53.2,"p_mw":-110.9,"synthetic":false,"tie":false}},{"type":"Feature","geometry":{"type":"LineString","coordinates":[[140.2378993,36.117822],[140.2363024,36.116269]]},"properties":{"name":"tokyo_line_3109","loading_pct":60.0,"p_mw":162.3,"synthetic":false,"tie":false}},{"type":"Feature","geometry":{"type":"LineString","coordinates":[[140.2706372,36.2147377],[140.2706882,36.2150671]]},"properties":{"name":"tokyo_line_3110","loading_pct":25.6,"p_mw":17.2,"synthetic":false,"tie":false}},{"type":"Feature","geometry":{"type":"LineString","coordinates":[[140.2706372,36.2147377],[140.2707699,36.2150522]]},"properties":{"name":"tokyo_line_3111","loading_pct":25.6,"p_mw":17.2,"synthetic":false,"tie":false}},{"type":"Feature","geometry":{"type":"LineString","coordinates":[[140.2706372,36.2147377],[140.270528,36.2146631]]},"properties":{"name":"tokyo_line_3112","loading_pct":25.6,"p_mw":17.2,"synthetic":false,"tie":false}},{"type":"Feature","geometry":{"type":"LineString","coordinates":[[140.2706372,36.2147377],[140.2705126,36.2146085]]},"properties":{"name":"tokyo_line_3113","loading_pct":25.6,"p_mw":17.2,"synthetic":false,"tie":false}},{"type":"Feature","geometry":{"type":"LineString","coordinates":[[140.5896019,36.3823031],[140.586639,36.3842296]]},"properties":{"name":"tokyo_line_3114","loading_pct":25.3,"p_mw":17.2,"synthetic":false,"tie":false}},{"type":"Feature","geometry":{"type":"LineString","coordinates":[[140.5600449,36.4155519],[140.5625247,36.4143443]]},"properties":{"name":"tokyo_line_3115","loading_pct":25.3,"p_mw":17.2,"synthetic":false,"tie":false}},{"type":"Feature","geometry":{"type":"LineString","coordinates":[[140.682925,36.7296732],[140.6838638,36.7296109],[140.687018,36.7301526],[140.6908321,36.730675],[140.693395,36.7309942],[140.6970441,36.7315069],[140.7008824,36.7315262],[140.7038006,36.7308448]]},"properties":{"name":"tokyo_line_3116","loading_pct":27.6,"p_mw":13.6,"synthetic":false,"tie":false}},{"type":"Feature","geometry":{"type":"LineString","coordinates":[[140.682925,36.7296732],[140.6830725,36.7318938],[140.6831449,36.735417]]},"properties":{"name":"tokyo_line_3117","loading_pct":135.2,"p_mw":-88.2,"synthetic":false,"tie":false}},{"type":"Feature","geometry":{"type":"LineString","coordinates":[[140.682925,36.7296732],[140.6827292,36.7261971],[140.6828445,36.7238796],[140.6830403,36.7210632],[140.683271,36.7179952],[140.6836358,36.7160795],[140.6840005,36.7141487],[140.6843573,36.7123447],[140.6846818,36.7100526],[140.684844,36.7082656],[140.6849474,36.707126],[140.6854677,36.7043778],[140.6857635,36.702335]]},"properties":{"name":"tokyo_line_3118","loading_pct":87.5,"p_mw":57.4,"synthetic":false,"tie":false}},{"type":"Feature","geometry":{"type":"LineString","coordinates":[[140.6857635,36.702335],[140.6891906,36.7023328],[140.6928062,36.7022575],[140.6958801,36.702765],[140.6987607,36.7032209]]},"properties":{"name":"tokyo_line_3119","loading_pct":25.4,"p_mw":8.2,"synthetic":false,"tie":false}},{"type":"Feature","geometry":{"type":"LineString","coordinates":[[140.6831449,36.735417],[140.6834856,36.7379233],[140.683955,36.7406144]]},"properties":{"name":"tokyo_line_3120","loading_pct":200,"p_mw":-207.0,"synthetic":false,"tie":false}},{"type":"Feature","geometry":{"type":"LineString","coordinates":[[140.6840113,36.7540836],[140.6837332,36.7571029]]},"properties":{"name":"tokyo_line_3121","loading_pct":200,"p_mw":-217.7,"synthetic":false,"tie":false}},{"type":"Feature","geometry":{"type":"LineString","coordinates":[[140.6837332,36.7571029],[140.6833783,36.760656],[140.682845,36.7630766],[140.6822084,36.7657094],[140.681555,36.7685902],[140.680428,36.7713003],[140.6798809,36.7737244],[140.6798397,36.7757208]]},"properties":{"name":"tokyo_line_3122","loading_pct":200,"p_mw":-160.0,"synthetic":false,"tie":false}},{"type":"Feature","geometry":{"type":"LineString","coordinates":[[140.6837332,36.7571029],[140.6835845,36.7606238],[140.6829764,36.7634248],[140.6825119,36.7658011],[140.6820079,36.7683212],[140.6806142,36.7713784],[140.6803204,36.7750174],[140.6833077,36.7778727],[140.6850609,36.7795308],[140.6862965,36.7808276],[140.6889653,36.7826858],[140.6903158,36.7836434],[140.6928331,36.7854076],[140.695011,36.7869306],[140.6981975,36.7891667],[140.7011694,36.7912578]]},"properties":{"name":"tokyo_line_3123","loading_pct":115.2,"p_mw":-75.4,"synthetic":false,"tie":false}},{"type":"Feature","geometry":{"type":"LineString","coordinates":[[140.5767033,36.4423785],[140.5768244,36.4421749]]},"properties":{"name":"tokyo_line_3124","loading_pct":25.5,"p_mw":17.2,"synthetic":false,"tie":false}},{"type":"Feature","geometry":{"type":"LineString","coordinates":[[140.5767033,36.4423785],[140.5767289,36.44217]]},"properties":{"name":"tokyo_line_3125","loading_pct":25.5,"p_mw":17.2,"synthetic":false,"tie":false}},{"type":"Feature","geometry":{"type":"LineString","coordinates":[[140.5781931,36.4873794],[140.5757418,36.4899774],[140.5712484,36.4920722],[140.5639555,36.4922089],[140.5596418,36.4922693],[140.5562192,36.490859],[140.5520064,36.4907858],[140.5477787,36.4916628],[140.5442023,36.4907526],[140.5410772,36.4900277],[140.536954,36.4881292],[140.5354001,36.4883459]]},"properties":{"name":"tokyo_line_3128","loading_pct":78.9,"p_mw":747.9,"synthetic":false,"tie":false}},{"type":"Feature","geometry":{"type":"LineString","coordinates":[[140.5354001,36.4883459],[140.5353788,36.485724],[140.5346669,36.4826008],[140.5327744,36.4795141],[140.5343655,36.478465]]},"properties":{"name":"tokyo_line_3129","loading_pct":1.6,"p_mw":15.5,"synthetic":false,"tie":false}},{"type":"Feature","geometry":{"type":"LineString","coordinates":[[140.5335742,36.5464578],[140.5341911,36.5484122],[140.5347651,36.5502567],[140.5353552,36.552114],[140.5358326,36.5539605],[140.5367795,36.5568229],[140.5375385,36.5591336],[140.5384129,36.5617641],[140.5388783,36.5632722],[140.5394764,36.5651562],[140.5400544,36.5669884],[140.5403455,36.5689864],[140.540615,36.5708379],[140.5404983,36.5727561],[140.5403253,36.575607],[140.5401859,36.5778364],[140.540041,36.5800958],[140.540902,36.5817349],[140.5418327,36.5834989],[140.5433294,36.5862901],[140.5433053,36.5889715],[140.5434126,36.5906297],[140.5435437,36.5921631],[140.5436888,36.594154],[140.5439115,36.5974854],[140.544063,36.5997819],[140.5441636,36.6016122],[140.5442789,36.6033171],[140.5442943,36.6045826],[140.5443124,36.6069285],[140.5445632,36.6090579],[140.544751,36.6109139],[140.5449575,36.6128085],[140.5451506,36.6146902],[140.5453384,36.6164663],[140.5455208,36.6182273],[140.5456053,36.6192585],[140.5436727,36.619068]]},"properties":{"name":"tokyo_line_3130","loading_pct":62.3,"p_mw":67.9,"synthetic":false,"tie":false}},{"type":"Feature","geometry":{"type":"LineString","coordinates":[[140.848825,36.9687503],[140.8503833,36.9669309],[140.8514133,36.9656965],[140.8513905,36.9631558],[140.8513704,36.9614102],[140.8513666,36.9597728],[140.8513543,36.9580281],[140.8513355,36.9562471]]},"properties":{"name":"tokyo_line_3131","loading_pct":25.3,"p_mw":17.2,"synthetic":false,"tie":false}},{"type":"Feature","geometry":{"type":"LineString","coordinates":[[140.0743849,35.9075617],[140.0745909,35.9075002]]},"properties":{"name":"tokyo_line_3133","loading_pct":25.5,"p_mw":17.2,"synthetic":false,"tie":false}},{"type":"Feature","geometry":{"type":"LineString","coordinates":[[140.0743849,35.9075617],[140.0746139,35.9074357]]},"properties":{"name":"tokyo_line_3134","loading_pct":25.5,"p_mw":17.2,"synthetic":false,"tie":false}},{"type":"Feature","geometry":{"type":"LineString","coordinates":[[139.7051444,36.7253286],[139.7048038,36.7230347]]},"properties":{"name":"tokyo_line_3135","loading_pct":73.5,"p_mw":48.7,"synthetic":false,"tie":false}},{"type":"Feature","geometry":{"type":"LineString","coordinates":[[139.69656,36.7166505],[139.6957527,36.7163418]]},"properties":{"name":"tokyo_line_3136","loading_pct":51.0,"p_mw":31.5,"synthetic":false,"tie":false}},{"type":"Feature","geometry":{"type":"LineString","coordinates":[[140.0279727,36.6760845],[140.0295022,36.6737575],[140.0310278,36.6716801],[140.0323688,36.6698475],[140.0326649,36.6678235],[140.0344825,36.6656169],[140.0357957,36.6640124],[140.0329021,36.6625857],[140.0305069,36.6614025],[140.02763,36.6599832],[140.0244642,36.6584191],[140.0217904,36.657095],[140.0193875,36.6550271],[140.0167112,36.6527419],[140.0173436,36.6504583]]},"properties":{"name":"tokyo_line_3139","loading_pct":25.4,"p_mw":17.2,"synthetic":false,"tie":false}},{"type":"Feature","geometry":{"type":"LineString","coordinates":[[140.0699088,36.1466298],[140.0688788,36.1489701],[140.0680823,36.1488604],[140.067476,36.1513784],[140.0661068,36.1541257],[140.0657609,36.1562757],[140.065324,36.1566666],[140.0651045,36.1568631]]},"properties":{"name":"tokyo_line_3140","loading_pct":40.7,"p_mw":21.9,"synthetic":false,"tie":false}},{"type":"Feature","geometry":{"type":"LineString","coordinates":[[140.0651045,36.1568631],[140.0650902,36.1585338]]},"properties":{"name":"tokyo_line_3141","loading_pct":61.4,"p_mw":8.4,"synthetic":false,"tie":false}},{"type":"Feature","geometry":{"type":"LineString","coordinates":[[140.0651045,36.1568631],[140.0639507,36.1561791],[140.0616551,36.1564404],[140.0579177,36.1574116]]},"properties":{"name":"tokyo_line_3142","loading_pct":68.9,"p_mw":6.7,"synthetic":false,"tie":false}},{"type":"Feature","geometry":{"type":"LineString","coordinates":[[140.232639,36.3832321],[140.2353622,36.3821957]]},"properties":{"name":"tokyo_line_3143","loading_pct":109.8,"p_mw":-150.4,"synthetic":false,"tie":false}},{"type":"Feature","geometry":{"type":"LineString","coordinates":[[140.232639,36.3832321],[140.2305416,36.3809414],[140.2286151,36.3778993],[140.2307907,36.3752409],[140.2308132,36.3722865],[140.2321932,36.3708741],[140.2319679,36.3695653],[140.2329281,36.368602],[140.2354869,36.3661096],[140.2384561,36.3651571],[140.2383864,36.3622909],[140.2392769,36.3589926],[140.2407494,36.3568283],[140.2404137,36.3547765]]},"properties":{"name":"tokyo_line_3144","loading_pct":83.2,"p_mw":157.5,"synthetic":false,"tie":false}},{"type":"Feature","geometry":{"type":"LineString","coordinates":[[140.232639,36.3832321],[140.2293177,36.3844738],[140.2261319,36.384664],[140.2222272,36.3848677],[140.2193581,36.3849957],[140.2178869,36.3850896],[140.2159432,36.3851821],[140.2124278,36.385359],[140.2088667,36.3855433],[140.2070492,36.3856228],[140.204899,36.3857282],[140.2033515,36.38581],[140.2016448,36.3858977],[140.1997545,36.3860045],[140.196391,36.3860574],[140.1946396,36.3856202],[140.1913123,36.3845449],[140.1888889,36.3837815],[140.1866251,36.3830733],[140.1844874,36.3823823],[140.1832358,36.3819969],[140.1820452,36.3816114],[140.1802951,36.3810564],[140.1771985,36.380076],[140.1750658,36.3794019],[140.1738149,36.3789974],[140.171928,36.3784052],[140.1696759,36.3781057],[140.1686745,36.3779686],[140.1666683,36.3776965],[140.1642944,36.377382],[140.1617349,36.377041],[140.1594651,36.3767301],[140.1568831,36.3763883],[140.1543905,36.3760507],[140.1521813,36.3757532],[140.1496245,36.3754153],[140.1472652,36.3751014],[140.1447137,36.3747556],[140.1423025,36.3744323],[140.1396901,36.3740749],[140.137039,36.3737196],[140.1344736,36.3733796],[140.1325223,36.3726277],[140.1295359,36.3714897]]},"properties":{"name":"tokyo_line_3145","loading_pct":37.8,"p_mw":-24.3,"synthetic":false,"tie":false}},{"type":"Feature","geometry":{"type":"LineString","coordinates":[[140.2404137,36.3547765],[140.2404785,36.3539553]]},"properties":{"name":"tokyo_line_3146","loading_pct":78.1,"p_mw":51.6,"synthetic":false,"tie":false}},{"type":"Feature","geometry":{"type":"LineString","coordinates":[[140.2404137,36.3547765],[140.2369599,36.3546974],[140.23511,36.3532075]]},"properties":{"name":"tokyo_line_3147","loading_pct":83.3,"p_mw":86.1,"synthetic":false,"tie":false}},{"type":"Feature","geometry":{"type":"LineString","coordinates":[[140.2404785,36.3539553],[140.2404219,36.3537583]]},"properties":{"name":"tokyo_line_3148","loading_pct":26.0,"p_mw":17.2,"synthetic":false,"tie":false}},{"type":"Feature","geometry":{"type":"LineString","coordinates":[[140.2404785,36.3539553],[140.2404896,36.3537637]]},"properties":{"name":"tokyo_line_3149","loading_pct":26.0,"p_mw":17.2,"synthetic":false,"tie":false}},{"type":"Feature","geometry":{"type":"LineString","coordinates":[[140.2599523,36.3735719],[140.2677625,36.3748592],[140.2720347,36.3748521],[140.2763342,36.375446],[140.2786436,36.3761505],[140.2809777,36.3768575],[140.2831034,36.377504],[140.2853303,36.3781929],[140.2875465,36.3788921],[140.2896162,36.3795514],[140.2921925,36.3803323],[140.2948391,36.3811925]]},"properties":{"name":"tokyo_line_3150","loading_pct":107.0,"p_mw":-164.1,"synthetic":false,"tie":false}},{"type":"Feature","geometry":{"type":"LineString","coordinates":[[140.2948391,36.3811925],[140.2952636,36.380589],[140.2966657,36.3785428],[140.2962405,36.3767959],[140.2957669,36.3749968],[140.2950186,36.3724744],[140.2942997,36.3697877],[140.2939979,36.3685925],[140.2935363,36.3668676],[140.2931756,36.3654033],[140.2926756,36.3632942],[140.2928692,36.3604161],[140.2930993,36.3570472],[140.293269,36.355085]]},"properties":{"name":"tokyo_line_3151","loading_pct":45.0,"p_mw":30.9,"synthetic":false,"tie":false}},{"type":"Feature","geometry":{"type":"LineString","coordinates":[[139.8135277,36.1654025],[139.813647,36.1634301]]},"properties":{"name":"tokyo_line_3152","loading_pct":67.5,"p_mw":315.5,"synthetic":false,"tie":false}},{"type":"Feature","geometry":{"type":"LineString","coordinates":[[139.8141384,36.1843095],[139.8143925,36.1871506]]},"properties":{"name":"tokyo_line_3153","loading_pct":56.1,"p_mw":164.5,"synthetic":false,"tie":false}},{"type":"Feature","geometry":{"type":"LineString","coordinates":[[140.2123368,36.1178862],[140.2159725,36.117903]]},"properties":{"name":"tokyo_line_3154","loading_pct":22.1,"p_mw":13.6,"synthetic":false,"tie":false}},{"type":"Feature","geometry":{"type":"LineString","coordinates":[[140.4044111,36.5116141],[140.4018536,36.5135834],[140.400314,36.5147475],[140.3972998,36.5173285],[140.3927778,36.520811],[140.3900285,36.5233643],[140.3876499,36.5265139]]},"properties":{"name":"tokyo_line_3155","loading_pct":22.4,"p_mw":2.9,"synthetic":false,"tie":false}},{"type":"Feature","geometry":{"type":"LineString","coordinates":[[140.4044111,36.5116141],[140.4061317,36.5102948],[140.4077652,36.5090428],[140.4097822,36.5075094],[140.4116826,36.5060272],[140.4138565,36.5043693],[140.4155336,36.5030837],[140.4189245,36.5002472],[140.4209311,36.4985167]]},"properties":{"name":"tokyo_line_3156","loading_pct":129.1,"p_mw":-342.7,"synthetic":false,"tie":false}},{"type":"Feature","geometry":{"type":"LineString","coordinates":[[140.5436727,36.619068],[140.542333,36.6185007]]},"properties":{"name":"tokyo_line_3157","loading_pct":84.0,"p_mw":172.3,"synthetic":false,"tie":false}},{"type":"Feature","geometry":{"type":"LineString","coordinates":[[140.5436727,36.619068],[140.5458185,36.6217363],[140.5474426,36.623931],[140.5501851,36.6267714],[140.5536211,36.6299636],[140.5566627,36.6313476],[140.5581057,36.6324572],[140.5590539,36.632935],[140.5610803,36.6339488],[140.5644089,36.6356588],[140.5659834,36.6364498],[140.5684416,36.6376282],[140.5716053,36.6390896],[140.5758753,36.6413666],[140.5774444,36.6421844],[140.5793488,36.6431744],[140.5825943,36.6446228],[140.5846971,36.6457063],[140.5869783,36.6470008],[140.5878903,36.6475431]]},"properties":{"name":"tokyo_line_3158","loading_pct":102.3,"p_mw":-122.7,"synthetic":false,"tie":false}},{"type":"Feature","geometry":{"type":"LineString","coordinates":[[140.5343655,36.478465],[140.5343856,36.4781167]]},"properties":{"name":"tokyo_line_3159","loading_pct":0.5,"p_mw":5.2,"synthetic":false,"tie":false}},{"type":"Feature","geometry":{"type":"LineString","coordinates":[[140.5343655,36.478465],[140.5345501,36.4783039],[140.5346484,36.4782181]]},"properties":{"name":"tokyo_line_3160","loading_pct":0.5,"p_mw":5.2,"synthetic":false,"tie":false}},{"type":"Feature","geometry":{"type":"LineString","coordinates":[[140.5178268,36.3793354],[140.520962,36.3774042],[140.523441,36.3760974],[140.5262338,36.3745753],[140.5284759,36.3734088],[140.5316332,36.3716236]]},"properties":{"name":"tokyo_line_3161","loading_pct":92.8,"p_mw":275.6,"synthetic":false,"tie":false}},{"type":"Feature","geometry":{"type":"LineString","coordinates":[[140.5178268,36.3793354],[140.5186169,36.3804075],[140.5198748,36.3817172],[140.5214412,36.3831855],[140.5226201,36.38494]]},"properties":{"name":"tokyo_line_3162","loading_pct":77.5,"p_mw":51.6,"synthetic":false,"tie":false}},{"type":"Feature","geometry":{"type":"LineString","coordinates":[[140.2992148,36.3446072],[140.2996386,36.3444737]]},"properties":{"name":"tokyo_line_3163","loading_pct":20.7,"p_mw":13.6,"synthetic":false,"tie":false}},{"type":"Feature","geometry":{"type":"LineString","coordinates":[[140.5226201,36.38494],[140.5227475,36.3852673]]},"properties":{"name":"tokyo_line_3164","loading_pct":25.8,"p_mw":17.2,"synthetic":false,"tie":false}},{"type":"Feature","geometry":{"type":"LineString","coordinates":[[140.5226201,36.38494],[140.5228272,36.3852459]]},"properties":{"name":"tokyo_line_3165","loading_pct":25.8,"p_mw":17.2,"synthetic":false,"tie":false}},{"type":"Feature","geometry":{"type":"LineString","coordinates":[[139.7161256,36.6878599],[139.7143286,36.6872488]]},"properties":{"name":"tokyo_line_3166","loading_pct":25.4,"p_mw":17.2,"synthetic":false,"tie":false}},{"type":"Feature","geometry":{"type":"LineString","coordinates":[[140.7025534,36.7872356],[140.6986213,36.7864752],[140.6965533,36.7860799],[140.6949285,36.7850714],[140.6923575,36.7835469],[140.691264,36.7828985],[140.6896546,36.781949],[140.686326,36.7800371],[140.6846953,36.77904],[140.6830079,36.7780017],[140.6802218,36.775785],[140.6798397,36.7757208]]},"properties":{"name":"tokyo_line_3167","loading_pct":53.0,"p_mw":3.4,"synthetic":false,"tie":false}},{"type":"Feature","geometry":{"type":"LineString","coordinates":[[140.4140174,36.888983],[140.413717,36.8913792],[140.4134113,36.8935779],[140.4130603,36.895472],[140.4127675,36.8988761],[140.4123947,36.9013385],[140.413143,36.9035563],[140.4138753,36.905463],[140.4139423,36.9079487],[140.4138136,36.9105266],[140.413245,36.9132031],[140.4137492,36.9153433],[140.4142105,36.9177151],[140.4145123,36.9198906],[140.4147792,36.9222011],[140.412451,36.9233183],[140.4124564,36.9252331],[140.4121399,36.9280333],[140.4124081,36.9298773],[140.4126978,36.9320513],[140.4132557,36.9342854],[140.4125342,36.9371153],[140.4109383,36.9391349],[140.4108363,36.9413858],[140.4110938,36.9435081],[140.4103535,36.9453731],[140.4116625,36.9470923],[140.4122968,36.9490397],[140.4111314,36.9503719],[140.4106566,36.9532613],[140.4098801,36.9554508],[140.4082574,36.9569822],[140.4073669,36.9586583],[140.4078524,36.9605272],[140.4081193,36.9620124],[140.4075694,36.9638663],[140.4056556,36.966169],[140.4045894,36.9684095],[140.4037459,36.9707754],[140.4033422,36.9729183]]},"properties":{"name":"tokyo_line_3168","loading_pct":10.4,"p_mw":0.9,"synthetic":false,"tie":false}},{"type":"Feature","geometry":{"type":"LineString","coordinates":[[140.4033422,36.9729183],[140.4064107,36.9719797]]},"properties":{"name":"tokyo_line_3169","loading_pct":25.5,"p_mw":17.2,"synthetic":false,"tie":false}},{"type":"Feature","geometry":{"type":"LineString","coordinates":[[140.4033422,36.9729183],[140.4020601,36.9757768],[140.4007311,36.978287],[140.3996944,36.980209],[140.399382,36.9826366],[140.3994852,36.9849731],[140.3992653,36.9874884],[140.3990775,36.989438],[140.3986806,36.9918203],[140.3977632,36.99436],[140.3961754,36.9962291],[140.3953278,36.9987697],[140.3963765,37.0010468],[140.3939652,37.0033667],[140.3937855,37.0059392],[140.3937802,37.0085501],[140.3940082,37.0116708],[140.3936514,37.0136626],[140.3936085,37.0161063],[140.3935723,37.0177071],[140.3935187,37.0199954]]},"properties":{"name":"tokyo_line_3170","loading_pct":49.4,"p_mw":-33.5,"synthetic":false,"tie":false}},{"type":"Feature","geometry":{"type":"LineString","coordinates":[[140.8848438,37.0089581],[140.8831172,37.0095533],[140.8795233,37.0104821],[140.8772886,37.0102264],[140.874916,37.0111502],[140.8729538,37.0124139],[140.870854,37.0132181],[140.8682913,37.0130203],[140.8662192,37.0126924],[140.8636377,37.0133524],[140.8614494,37.015314]]},"properties":{"name":"tokyo_line_3171","loading_pct":200,"p_mw":327.4,"synthetic":false,"tie":false}},{"type":"Feature","geometry":{"type":"LineString","coordinates":[[139.8631839,36.3957483],[139.8639166,36.3969125],[139.8648373,36.3983263],[139.8658592,36.4013311],[139.86662,36.4041104],[139.867327,36.4068492],[139.8679617,36.4097671],[139.8678173,36.4131307],[139.86774,36.4161736]]},"properties":{"name":"tokyo_line_3172","loading_pct":30.8,"p_mw":81.7,"synthetic":false,"tie":false}},{"type":"Feature","geometry":{"type":"LineString","coordinates":[[139.8458769,36.3499064],[139.8448098,36.3475633],[139.8438801,36.3455237],[139.8429216,36.3433339],[139.8420364,36.3413649],[139.841128,36.3393715],[139.8401993,36.3372901],[139.8392844,36.3352451],[139.8382734,36.3329507],[139.8374674,36.3311494],[139.8365701,36.3291032],[139.8356158,36.3269702]]},"properties":{"name":"tokyo_line_3175","loading_pct":16.4,"p_mw":-41.9,"synthetic":false,"tie":false}},{"type":"Feature","geometry":{"type":"LineString","coordinates":[[139.8265691,36.3261802],[139.8231442,36.3264852]]},"properties":{"name":"tokyo_line_3176","loading_pct":30.5,"p_mw":71.6,"synthetic":false,"tie":false}},{"type":"Feature","geometry":{"type":"LineString","coordinates":[[139.9029841,36.3172279],[139.9031002,36.3150268],[139.901804,36.3135334],[139.9003704,36.311925],[139.898783,36.3101153],[139.897288,36.3084192]]},"properties":{"name":"tokyo_line_3179","loading_pct":59.7,"p_mw":10.0,"synthetic":false,"tie":false}},{"type":"Feature","geometry":{"type":"LineString","coordinates":[[139.9029841,36.3172279],[139.8993725,36.3174141],[139.896551,36.3175573],[139.8935218,36.3177137],[139.8906615,36.3178608],[139.8876314,36.318793],[139.8844837,36.3198112]]},"properties":{"name":"tokyo_line_3180","loading_pct":67.0,"p_mw":218.2,"synthetic":false,"tie":false}},{"type":"Feature","geometry":{"type":"LineString","coordinates":[[139.9029841,36.3172279],[139.9045391,36.3171505],[139.9064712,36.3170489],[139.9151581,36.3165989],[139.9181328,36.3164494]]},"properties":{"name":"tokyo_line_3181","loading_pct":69.9,"p_mw":-245.4,"synthetic":false,"tie":false}},{"type":"Feature","geometry":{"type":"LineString","coordinates":[[139.7983193,36.3360237],[139.7971496,36.3333105],[139.7965877,36.3303151]]},"properties":{"name":"tokyo_line_3182","loading_pct":25.2,"p_mw":17.2,"synthetic":false,"tie":false}},{"type":"Feature","geometry":{"type":"LineString","coordinates":[[139.9434675,36.1888221],[139.9432051,36.1890183],[139.9415697,36.1901668],[139.9404645,36.1918397],[139.939333,36.1936623],[139.9382532,36.195323],[139.936974,36.1972903],[139.9357435,36.1992394],[139.9350888,36.20061],[139.9343687,36.2021643],[139.9337049,36.2034527],[139.9327364,36.2048669]]},"properties":{"name":"tokyo_line_3184","loading_pct":47.9,"p_mw":124.6,"synthetic":false,"tie":false}},{"type":"Feature","geometry":{"type":"LineString","coordinates":[[139.9327364,36.2048669],[139.9317143,36.2062469],[139.9296883,36.2089821],[139.9282968,36.2109396],[139.9279368,36.2129129],[139.9276299,36.2161326],[139.927385,36.2188287],[139.9271977,36.2204299],[139.926939,36.2226127],[139.9265599,36.225701],[139.9263057,36.2279341],[139.925931,36.2310077],[139.9260827,36.2344506],[139.9263287,36.2372696]]},"properties":{"name":"tokyo_line_3186","loading_pct":42.7,"p_mw":89.3,"synthetic":false,"tie":false}},{"type":"Feature","geometry":{"type":"LineString","coordinates":[[139.9327364,36.2048669],[139.9362612,36.2060402],[139.9384991,36.2085107],[139.9411198,36.2082018],[139.9454617,36.2085594],[139.9468839,36.2055861],[139.9508589,36.2046728],[139.9537772,36.2048806],[139.954787,36.204829]]},"properties":{"name":"tokyo_line_3187","loading_pct":25.7,"p_mw":17.2,"synthetic":false,"tie":false}},{"type":"Feature","geometry":{"type":"LineString","coordinates":[[139.94165,36.2409408],[139.9445864,36.2405251],[139.9475641,36.2401242],[139.9503424,36.2392444],[139.9533728,36.238321],[139.9550788,36.2359456],[139.957756,36.2358928],[139.959734,36.2362787]]},"properties":{"name":"tokyo_line_3188","loading_pct":25.6,"p_mw":17.2,"synthetic":false,"tie":false}},{"type":"Feature","geometry":{"type":"LineString","coordinates":[[139.7084738,36.3444682],[139.7080185,36.3441358]]},"properties":{"name":"tokyo_line_3189","loading_pct":25.4,"p_mw":17.2,"synthetic":false,"tie":false}},{"type":"Feature","geometry":{"type":"LineString","coordinates":[[139.7084738,36.3444682],[139.7080908,36.3441264]]},"properties":{"name":"tokyo_line_3190","loading_pct":25.4,"p_mw":17.2,"synthetic":false,"tie":false}},{"type":"Feature","geometry":{"type":"LineString","coordinates":[[140.542333,36.6185007],[140.5420258,36.6182144]]},"properties":{"name":"tokyo_line_3191","loading_pct":25.6,"p_mw":17.2,"synthetic":false,"tie":false}},{"type":"Feature","geometry":{"type":"LineString","coordinates":[[140.542333,36.6185007],[140.542282,36.6204005],[140.5429941,36.622042],[140.5434877,36.623508],[140.5422994,36.6261536],[140.5414814,36.6280414],[140.5396897,36.6299808],[140.537737,36.6319094],[140.5363114,36.6336453],[140.5359909,36.6363024],[140.5355296,36.6383062]]},"properties":{"name":"tokyo_line_3192","loading_pct":85.6,"p_mw":137.8,"synthetic":false,"tie":false}},{"type":"Feature","geometry":{"type":"LineString","coordinates":[[140.5355296,36.6383062],[140.5350655,36.6404928],[140.5328339,36.6434843],[140.5307069,36.6461357],[140.5293752,36.6487557],[140.5269867,36.6498392],[140.5259004,36.6526087],[140.5250931,36.6547455],[140.5240738,36.6576439],[140.5237547,36.6600323],[140.5221681,36.6625141],[140.5206326,36.6651971],[140.5206607,36.6657533]]},"properties":{"name":"tokyo_line_3193","loading_pct":89.8,"p_mw":102.1,"synthetic":false,"tie":false}},{"type":"Feature","geometry":{"type":"LineString","coordinates":[[140.5355296,36.6383062],[140.5371397,36.6387013],[140.537313,36.6388352]]},"properties":{"name":"tokyo_line_3194","loading_pct":25.7,"p_mw":17.2,"synthetic":false,"tie":false}},{"type":"Feature","geometry":{"type":"LineString","coordinates":[[140.5898104,36.6482917],[140.5864691,36.6482596],[140.5811519,36.6481987],[140.5748138,36.6480264],[140.5690328,36.6483718],[140.5648595,36.6486175],[140.560236,36.6467572],[140.554366,36.6456182],[140.5488557,36.6445615],[140.5413023,36.6432411],[140.536744,36.6423784],[140.5353265,36.6421025],[140.5310594,36.6412721],[140.5266718,36.6404038],[140.5240739,36.6398917],[140.5201913,36.6381969],[140.517084,36.63583],[140.5134536,36.6336224],[140.5115895,36.6314434],[140.50937,36.6288701],[140.5071799,36.6262946],[140.5053949,36.6223025],[140.5040619,36.6192144],[140.5014655,36.6150777],[140.4981533,36.61095],[140.4944807,36.6099805],[140.4918364,36.6080804],[140.490742,36.6048722],[140.483551,36.6046526],[140.479453,36.6032809],[140.4770888,36.6014625],[140.4742575,36.5984166],[140.4753709,36.5949044],[140.4722514,36.59018],[140.4697016,36.5881177],[140.4672043,36.5861921],[140.4621658,36.5833266],[140.4610178,36.5793355],[140.4598322,36.5760163],[140.4595157,36.5722252],[140.4596686,36.5699612],[140.4599959,36.5656312],[140.4599985,36.5632614],[140.4599771,36.5595472],[140.4566431,36.5566279],[140.454996,36.5545401]]},"properties":{"name":"tokyo_line_3196","loading_pct":48.9,"p_mw":463.7,"synthetic":false,"tie":false}},{"type":"Feature","geometry":{"type":"LineString","coordinates":[[140.5898104,36.6482917],[140.5924637,36.6496052],[140.5958787,36.6513014],[140.6007179,36.6537452]]},"properties":{"name":"tokyo_line_3197","loading_pct":66.2,"p_mw":-628.6,"synthetic":false,"tie":false}},{"type":"Feature","geometry":{"type":"LineString","coordinates":[[140.5878903,36.6475431],[140.587551,36.6496585],[140.5840749,36.6530025],[140.5813994,36.6562786],[140.5794172,36.6587413],[140.5772272,36.6622183],[140.5748829,36.6643871],[140.5723979,36.6666389],[140.5708914,36.6709784],[140.5710332,36.6719608]]},"properties":{"name":"tokyo_line_3198","loading_pct":25.4,"p_mw":17.2,"synthetic":false,"tie":false}},{"type":"Feature","geometry":{"type":"LineString","coordinates":[[140.8728436,36.9387181],[140.8745681,36.9398863]]},"properties":{"name":"tokyo_line_3199","loading_pct":31.3,"p_mw":13.6,"synthetic":false,"tie":false}},{"type":"Feature","geometry":{"type":"LineString","coordinates":[[139.8824249,36.4764731],[139.8823787,36.4776855]]},"properties":{"name":"tokyo_line_3202","loading_pct":8.8,"p_mw":22.4,"synthetic":false,"tie":false}},{"type":"Feature","geometry":{"type":"LineString","coordinates":[[139.9696336,36.4242977],[139.9686585,36.4223387],[139.967557,36.4219506],[139.9679032,36.4210147],[139.9675062,36.4209266],[139.9678674,36.419443]]},"properties":{"name":"tokyo_line_3203","loading_pct":29.1,"p_mw":-43.4,"synthetic":false,"tie":false}},{"type":"Feature","geometry":{"type":"LineString","coordinates":[[139.974162,36.4259917],[139.9771064,36.4244702],[139.9801011,36.4228828],[139.9824715,36.4214398]]},"properties":{"name":"tokyo_line_3204","loading_pct":26.3,"p_mw":17.7,"synthetic":false,"tie":false}},{"type":"Feature","geometry":{"type":"LineString","coordinates":[[139.9684314,36.3972793],[139.9679934,36.3965487]]},"properties":{"name":"tokyo_line_3205","loading_pct":37.9,"p_mw":-117.8,"synthetic":false,"tie":false}},{"type":"Feature","geometry":{"type":"LineString","coordinates":[[139.9784958,36.4152615],[139.9799449,36.4178169],[139.9812039,36.4200464],[139.9824715,36.4214398]]},"properties":{"name":"tokyo_line_3206","loading_pct":41.0,"p_mw":57.2,"synthetic":false,"tie":false}},{"type":"Feature","geometry":{"type":"LineString","coordinates":[[139.8137191,36.3231502],[139.8134289,36.3224577]]},"properties":{"name":"tokyo_line_3207","loading_pct":33.1,"p_mw":-41.9,"synthetic":false,"tie":false}},{"type":"Feature","geometry":{"type":"LineString","coordinates":[[139.8170663,36.3239186],[139.8190173,36.3223179]]},"properties":{"name":"tokyo_line_3208","loading_pct":9.8,"p_mw":-22.2,"synthetic":false,"tie":false}},{"type":"Feature","geometry":{"type":"LineString","coordinates":[[139.8229677,36.3347868],[139.8239416,36.3377108],[139.8249865,36.3408317],[139.8257999,36.3434352],[139.8272209,36.3457828],[139.8288997,36.3485732]]},"properties":{"name":"tokyo_line_3209","loading_pct":11.1,"p_mw":21.5,"synthetic":false,"tie":false}},{"type":"Feature","geometry":{"type":"LineString","coordinates":[[139.8157444,36.3178224],[139.8176249,36.3202189]]},"properties":{"name":"tokyo_line_3210","loading_pct":2.2,"p_mw":-4.5,"synthetic":false,"tie":false}},{"type":"Feature","geometry":{"type":"LineString","coordinates":[[139.6911972,36.4213106],[139.68928,36.4236451],[139.686997,36.4251772],[139.6849296,36.426558],[139.6832076,36.4288818],[139.681102,36.4311377],[139.6791058,36.4332835],[139.6775402,36.4349487],[139.6761603,36.4361472],[139.673096,36.4374854]]},"properties":{"name":"tokyo_line_3212","loading_pct":25.3,"p_mw":17.2,"synthetic":false,"tie":false}},{"type":"Feature","geometry":{"type":"LineString","coordinates":[[139.7187135,36.220396],[139.7203344,36.2203248],[139.7205927,36.2202306]]},"properties":{"name":"tokyo_line_3214","loading_pct":25.3,"p_mw":17.2,"synthetic":false,"tie":false}},{"type":"Feature","geometry":{"type":"LineString","coordinates":[[139.7187135,36.220396],[139.7203511,36.2227631],[139.7217554,36.2248216],[139.7234031,36.2269128],[139.7251849,36.2290966]]},"properties":{"name":"tokyo_line_3215","loading_pct":32.2,"p_mw":-21.7,"synthetic":false,"tie":false}},{"type":"Feature","geometry":{"type":"LineString","coordinates":[[139.7187135,36.220396],[139.7172652,36.2183452],[139.7158956,36.2164073],[139.7144475,36.2143605],[139.7129512,36.2122218],[139.7119248,36.2102709]]},"properties":{"name":"tokyo_line_3216","loading_pct":22.1,"p_mw":-12.7,"synthetic":false,"tie":false}},{"type":"Feature","geometry":{"type":"LineString","coordinates":[[139.8439346,36.326662],[139.8439696,36.3261527],[139.84351,36.3244086],[139.8432484,36.3229531]]},"properties":{"name":"tokyo_line_3217","loading_pct":25.4,"p_mw":-17.2,"synthetic":false,"tie":false}},{"type":"Feature","geometry":{"type":"LineString","coordinates":[[139.8432484,36.3229531],[139.8417226,36.323055],[139.8416985,36.3229383]]},"properties":{"name":"tokyo_line_3218","loading_pct":25.4,"p_mw":17.2,"synthetic":false,"tie":false}},{"type":"Feature","geometry":{"type":"LineString","coordinates":[[139.9181328,36.3164494],[139.9181426,36.3172158],[139.9181106,36.3197153],[139.9181217,36.3226833],[139.918093,36.32586],[139.9169782,36.3279728],[139.918362,36.3287783]]},"properties":{"name":"tokyo_line_3219","loading_pct":10.6,"p_mw":-19.2,"synthetic":false,"tie":false}},{"type":"Feature","geometry":{"type":"LineString","coordinates":[[139.9595615,36.320637],[139.9620943,36.3210371],[139.9643322,36.3218353],[139.9667458,36.3226995]]},"properties":{"name":"tokyo_line_3220","loading_pct":48.9,"p_mw":-31.8,"synthetic":false,"tie":false}},{"type":"Feature","geometry":{"type":"LineString","coordinates":[[139.9667458,36.3226995],[139.9664983,36.3249711],[139.9661493,36.3268807],[139.9657414,36.329155],[139.9651918,36.3321738],[139.9646971,36.3349299],[139.964034,36.337531],[139.9633444,36.3401906],[139.9626499,36.342883],[139.9633683,36.345137],[139.9633016,36.3476646],[139.9632208,36.3504239],[139.9631414,36.3534231],[139.9630746,36.3557025],[139.9628249,36.3582997],[139.9626125,36.360544],[139.9623755,36.3630578]]},"properties":{"name":"tokyo_line_3221","loading_pct":40.8,"p_mw":125.6,"synthetic":false,"tie":false}},{"type":"Feature","geometry":{"type":"LineString","coordinates":[[139.9632352,36.3805135],[139.9636471,36.383158]]},"properties":{"name":"tokyo_line_3222","loading_pct":40.5,"p_mw":135.1,"synthetic":false,"tie":false}},{"type":"Feature","geometry":{"type":"LineString","coordinates":[[139.9824715,36.4214398],[139.9846078,36.42322],[139.9870804,36.4255063],[139.9887576,36.4270005],[139.9917621,36.427728]]},"properties":{"name":"tokyo_line_3223","loading_pct":44.9,"p_mw":57.6,"synthetic":false,"tie":false}},{"type":"Feature","geometry":{"type":"LineString","coordinates":[[139.918362,36.3287783],[139.9178873,36.3292447]]},"properties":{"name":"tokyo_line_3224","loading_pct":25.3,"p_mw":17.2,"synthetic":false,"tie":false}},{"type":"Feature","geometry":{"type":"LineString","coordinates":[[139.918362,36.3287783],[139.9179298,36.3292575]]},"properties":{"name":"tokyo_line_3225","loading_pct":25.3,"p_mw":17.2,"synthetic":false,"tie":false}},{"type":"Feature","geometry":{"type":"LineString","coordinates":[[139.9214978,36.3008035],[139.9214397,36.3002409]]},"properties":{"name":"tokyo_line_3226","loading_pct":25.3,"p_mw":17.2,"synthetic":false,"tie":false}},{"type":"Feature","geometry":{"type":"LineString","coordinates":[[139.9214978,36.3008035],[139.9215105,36.3002423]]},"properties":{"name":"tokyo_line_3227","loading_pct":25.3,"p_mw":17.2,"synthetic":false,"tie":false}},{"type":"Feature","geometry":{"type":"LineString","coordinates":[[139.8141574,36.1272228],[139.8118866,36.1270804],[139.8091584,36.1269077],[139.8065213,36.1267353],[139.8038625,36.1265711],[139.8013175,36.1272823],[139.7987927,36.1279709],[139.7970365,36.1281455],[139.7938004,36.1286064],[139.7910044,36.1288494],[139.7899604,36.1262623],[139.7888846,36.1242341],[139.7877498,36.1218199]]},"properties":{"name":"tokyo_line_3228","loading_pct":75.3,"p_mw":-51.2,"synthetic":false,"tie":false}},{"type":"Feature","geometry":{"type":"LineString","coordinates":[[139.8141574,36.1272228],[139.8143533,36.1295541],[139.8148851,36.1325355],[139.8149745,36.135434],[139.8147012,36.1380707],[139.8146926,36.1398293],[139.8145901,36.1417219],[139.8145058,36.1425328]]},"properties":{"name":"tokyo_line_3229","loading_pct":61.5,"p_mw":-132.5,"synthetic":false,"tie":false}},{"type":"Feature","geometry":{"type":"LineString","coordinates":[[139.7248015,36.18778],[139.7266276,36.1886953]]},"properties":{"name":"tokyo_line_3231","loading_pct":67.7,"p_mw":-207.7,"synthetic":false,"tie":false}},{"type":"Feature","geometry":{"type":"LineString","coordinates":[[139.7089042,36.1825711],[139.7059822,36.1829386],[139.703634,36.183247],[139.7007252,36.183589]]},"properties":{"name":"tokyo_line_3232","loading_pct":49.7,"p_mw":114.1,"synthetic":false,"tie":false}},{"type":"Feature","geometry":{"type":"LineString","coordinates":[[139.8279825,36.4306129],[139.8279216,36.4304053]]},"properties":{"name":"tokyo_line_3233","loading_pct":25.3,"p_mw":17.2,"synthetic":false,"tie":false}},{"type":"Feature","geometry":{"type":"LineString","coordinates":[[139.8279825,36.4306129],[139.8280295,36.4304003]]},"properties":{"name":"tokyo_line_3234","loading_pct":25.3,"p_mw":17.2,"synthetic":false,"tie":false}},{"type":"Feature","geometry":{"type":"LineString","coordinates":[[139.757431,36.1942114],[139.7593282,36.1943802]]},"properties":{"name":"tokyo_line_3235","loading_pct":25.4,"p_mw":17.2,"synthetic":false,"tie":false}},{"type":"Feature","geometry":{"type":"LineString","coordinates":[[139.757431,36.1942114],[139.757912,36.1942808]]},"properties":{"name":"tokyo_line_3236","loading_pct":25.4,"p_mw":17.2,"synthetic":false,"tie":false}},{"type":"Feature","geometry":{"type":"LineString","coordinates":[[139.757431,36.1942114],[139.7579155,36.1942222]]},"properties":{"name":"tokyo_line_3237","loading_pct":25.4,"p_mw":17.2,"synthetic":false,"tie":false}},{"type":"Feature","geometry":{"type":"LineString","coordinates":[[139.757431,36.1942114],[139.7562695,36.1941865],[139.7560631,36.1959096],[139.7558381,36.1976973]]},"properties":{"name":"tokyo_line_3238","loading_pct":62.8,"p_mw":91.6,"synthetic":false,"tie":false}},{"type":"Feature","geometry":{"type":"LineString","coordinates":[[139.7558381,36.1976973],[139.7529537,36.197484]]},"properties":{"name":"tokyo_line_3239","loading_pct":87.9,"p_mw":22.7,"synthetic":false,"tie":false}},{"type":"Feature","geometry":{"type":"LineString","coordinates":[[139.7558381,36.1976973],[139.7546325,36.198242],[139.754505,36.1992923],[139.754295,36.2010668]]},"properties":{"name":"tokyo_line_3240","loading_pct":76.1,"p_mw":51.6,"synthetic":false,"tie":false}},{"type":"Feature","geometry":{"type":"LineString","coordinates":[[139.754295,36.2010668],[139.754303,36.201206]]},"properties":{"name":"tokyo_line_3241","loading_pct":25.4,"p_mw":17.2,"synthetic":false,"tie":false}},{"type":"Feature","geometry":{"type":"LineString","coordinates":[[139.754295,36.2010668],[139.754366,36.2012117]]},"properties":{"name":"tokyo_line_3242","loading_pct":25.4,"p_mw":17.2,"synthetic":false,"tie":false}},{"type":"Feature","geometry":{"type":"LineString","coordinates":[[139.7524067,36.1957529],[139.7531592,36.1958069]]},"properties":{"name":"tokyo_line_3243","loading_pct":25.3,"p_mw":17.2,"synthetic":false,"tie":false}},{"type":"Feature","geometry":{"type":"LineString","coordinates":[[139.7241909,36.2061404],[139.7225124,36.206867],[139.7196795,36.2078012]]},"properties":{"name":"tokyo_line_3245","loading_pct":43.7,"p_mw":-9.8,"synthetic":false,"tie":false}},{"type":"Feature","geometry":{"type":"LineString","coordinates":[[139.7371616,36.4316244],[139.7369832,36.4291049]]},"properties":{"name":"tokyo_line_3247","loading_pct":72.7,"p_mw":-47.8,"synthetic":false,"tie":false}},{"type":"Feature","geometry":{"type":"LineString","coordinates":[[139.7945693,36.463785],[139.7974849,36.4645918],[139.8002623,36.4654309],[139.8035198,36.4663995],[139.8066446,36.4672968],[139.8096997,36.4681898]]},"properties":{"name":"tokyo_line_3248","loading_pct":29.6,"p_mw":13.6,"synthetic":false,"tie":false}},{"type":"Feature","geometry":{"type":"LineString","coordinates":[[139.7945693,36.463785],[139.7937593,36.4656703],[139.7925906,36.4682221],[139.7917744,36.4701812],[139.7909118,36.472195],[139.7897584,36.4749104],[139.7881937,36.4780293],[139.7845164,36.4777275],[139.7819361,36.479319],[139.7829366,36.4820364]]},"properties":{"name":"tokyo_line_3249","loading_pct":56.8,"p_mw":118.5,"synthetic":false,"tie":false}},{"type":"Feature","geometry":{"type":"LineString","coordinates":[[139.7829326,36.48204],[139.7835099,36.482256]]},"properties":{"name":"tokyo_line_3250","loading_pct":64.9,"p_mw":44.0,"synthetic":false,"tie":false}},{"type":"Feature","geometry":{"type":"LineString","coordinates":[[139.7829366,36.4820364],[139.7840097,36.4849392],[139.7850246,36.4876771],[139.7838339,36.4912715],[139.7829558,36.4939898],[139.7823604,36.4973588]]},"properties":{"name":"tokyo_line_3251","loading_pct":37.9,"p_mw":43.0,"synthetic":false,"tie":false}},{"type":"Feature","geometry":{"type":"LineString","coordinates":[[139.7243438,36.4843567],[139.725709,36.4818761]]},"properties":{"name":"tokyo_line_3252","loading_pct":1.3,"p_mw":-0.9,"synthetic":false,"tie":false}},{"type":"Feature","geometry":{"type":"LineString","coordinates":[[139.7250287,36.4882622],[139.7177103,36.4894443]]},"properties":{"name":"tokyo_line_3253","loading_pct":15.2,"p_mw":10.0,"synthetic":false,"tie":false}},{"type":"Feature","geometry":{"type":"LineString","coordinates":[[139.7416259,36.4840393],[139.7443607,36.4825938],[139.7475369,36.481753],[139.7503349,36.4802017],[139.7523304,36.4796642],[139.7589425,36.4802401],[139.762379,36.4812602],[139.7657301,36.4815913],[139.7716855,36.4814667],[139.7727925,36.4832337],[139.7742777,36.4856343],[139.7772825,36.4869985],[139.7806896,36.4872166],[139.7827962,36.4878792],[139.7844786,36.4892909]]},"properties":{"name":"tokyo_line_3254","loading_pct":21.0,"p_mw":-9.6,"synthetic":false,"tie":false}},{"type":"Feature","geometry":{"type":"LineString","coordinates":[[139.7823604,36.4973588],[139.7839839,36.4976148],[139.7868656,36.498127],[139.7905351,36.4983283],[139.7935389,36.4984909],[139.7965985,36.4986545],[139.7996661,36.498816],[139.8030297,36.498996],[139.8064115,36.4982778],[139.8087918,36.4979358],[139.8118615,36.4970005],[139.816463,36.4975786],[139.8197326,36.4980026],[139.8227448,36.4983922],[139.8270081,36.4977636],[139.8313973,36.4975585],[139.8348147,36.4974002],[139.8381394,36.4972466]]},"properties":{"name":"tokyo_line_3255","loading_pct":29.7,"p_mw":17.2,"synthetic":false,"tie":false}},{"type":"Feature","geometry":{"type":"LineString","coordinates":[[139.7823604,36.4973588],[139.782008,36.4990513],[139.781307,36.5026693],[139.7806294,36.5062714],[139.7800816,36.5095092],[139.7791886,36.5130982],[139.7783924,36.5163332],[139.7775622,36.5197241],[139.7767521,36.5229978],[139.7761911,36.5252335],[139.7754851,36.5281222],[139.7748367,36.5307548],[139.7741816,36.5333905],[139.7737215,36.5363068],[139.7734101,36.5384147],[139.7730915,36.5405743],[139.7725568,36.544201],[139.7723059,36.545896],[139.7719093,36.5474278],[139.7713744,36.5492648],[139.7708753,36.5509812]]},"properties":{"name":"tokyo_line_3256","loading_pct":12.9,"p_mw":8.6,"synthetic":false,"tie":false}},{"type":"Feature","geometry":{"type":"LineString","coordinates":[[139.7516131,36.5528665],[139.7483033,36.5527265]]},"properties":{"name":"tokyo_line_3257","loading_pct":25.3,"p_mw":17.2,"synthetic":false,"tie":false}},{"type":"Feature","geometry":{"type":"LineString","coordinates":[[139.7896918,36.5676483],[139.7916034,36.5669116],[139.79388,36.5653231],[139.7949046,36.5625871],[139.7957924,36.5608464],[139.7976539,36.5582481],[139.7998238,36.556128],[139.801763,36.5542406],[139.8034662,36.5518339],[139.8024952,36.5503752],[139.8040482,36.5482226],[139.8058722,36.5455248]]},"properties":{"name":"tokyo_line_3258","loading_pct":79.6,"p_mw":-51.1,"synthetic":false,"tie":false}},{"type":"Feature","geometry":{"type":"LineString","coordinates":[[139.8141681,36.208232],[139.8143579,36.21144],[139.8143741,36.2140177]]},"properties":{"name":"tokyo_line_3260","loading_pct":57.9,"p_mw":154.7,"synthetic":false,"tie":false}},{"type":"Feature","geometry":{"type":"LineString","coordinates":[[139.854966,36.5211172],[139.8529673,36.5199048]]},"properties":{"name":"tokyo_line_3261","loading_pct":25.3,"p_mw":17.2,"synthetic":false,"tie":false}},{"type":"Feature","geometry":{"type":"LineString","coordinates":[[139.8649295,36.5349812],[139.8651454,36.53741]]},"properties":{"name":"tokyo_line_3262","loading_pct":50.6,"p_mw":-34.4,"synthetic":false,"tie":false}},{"type":"Feature","geometry":{"type":"LineString","coordinates":[[140.0787367,36.5120532],[140.0760664,36.5139547],[140.073641,36.5156993]]},"properties":{"name":"tokyo_line_3263","loading_pct":19.4,"p_mw":10.0,"synthetic":false,"tie":false}},{"type":"Feature","geometry":{"type":"LineString","coordinates":[[140.0787367,36.5120532],[140.0808346,36.51421],[140.0826955,36.5161657],[140.0844368,36.51797],[140.0858452,36.5201277],[140.0879676,36.5222136],[140.0905399,36.5240594],[140.0924503,36.5259226],[140.0937879,36.5270027]]},"properties":{"name":"tokyo_line_3264","loading_pct":68.4,"p_mw":44.5,"synthetic":false,"tie":false}},{"type":"Feature","geometry":{"type":"LineString","coordinates":[[140.1037202,36.5251759],[140.1070457,36.5247055]]},"properties":{"name":"tokyo_line_3265","loading_pct":25.3,"p_mw":17.2,"synthetic":false,"tie":false}},{"type":"Feature","geometry":{"type":"LineString","coordinates":[[140.1100623,36.5263194],[140.1140289,36.5256726],[140.1170594,36.5244409],[140.1187913,36.5219906],[140.1173521,36.5204485],[140.1170624,36.5202171]]},"properties":{"name":"tokyo_line_3266","loading_pct":25.3,"p_mw":17.2,"synthetic":false,"tie":false}},{"type":"Feature","geometry":{"type":"LineString","coordinates":[[139.8679069,36.3644687],[139.8681358,36.3644995]]},"properties":{"name":"tokyo_line_3267","loading_pct":25.4,"p_mw":17.2,"synthetic":false,"tie":false}},{"type":"Feature","geometry":{"type":"LineString","coordinates":[[139.8679069,36.3644687],[139.8681034,36.3644474]]},"properties":{"name":"tokyo_line_3268","loading_pct":25.4,"p_mw":17.2,"synthetic":false,"tie":false}},{"type":"Feature","geometry":{"type":"LineString","coordinates":[[139.9099431,36.4623327],[139.90976,36.4618435]]},"properties":{"name":"tokyo_line_3269","loading_pct":3.9,"p_mw":10.3,"synthetic":false,"tie":false}},{"type":"Feature","geometry":{"type":"LineString","coordinates":[[139.9099431,36.4623327],[139.9098909,36.4618321]]},"properties":{"name":"tokyo_line_3270","loading_pct":3.9,"p_mw":10.3,"synthetic":false,"tie":false}},{"type":"Feature","geometry":{"type":"LineString","coordinates":[[139.860876,36.417512],[139.8604458,36.4176766]]},"properties":{"name":"tokyo_line_3272","loading_pct":25.4,"p_mw":17.2,"synthetic":false,"tie":false}},{"type":"Feature","geometry":{"type":"LineString","coordinates":[[139.860876,36.417512],[139.8604397,36.4176226]]},"properties":{"name":"tokyo_line_3273","loading_pct":25.4,"p_mw":17.2,"synthetic":false,"tie":false}},{"type":"Feature","geometry":{"type":"LineString","coordinates":[[139.7225533,36.7286779],[139.7248238,36.7279437]]},"properties":{"name":"tokyo_line_3274","loading_pct":25.3,"p_mw":17.2,"synthetic":false,"tie":false}},{"type":"Feature","geometry":{"type":"LineString","coordinates":[[139.7536185,36.7704395],[139.7536853,36.7707895],[139.7540291,36.7717464]]},"properties":{"name":"tokyo_line_3275","loading_pct":25.6,"p_mw":-17.2,"synthetic":false,"tie":false}},{"type":"Feature","geometry":{"type":"LineString","coordinates":[[139.7540291,36.7717464],[139.7539991,36.7725403]]},"properties":{"name":"tokyo_line_3276","loading_pct":96.1,"p_mw":62.0,"synthetic":false,"tie":false}},{"type":"Feature","geometry":{"type":"LineString","coordinates":[[139.7556138,36.7929408],[139.7551442,36.7918281],[139.7554178,36.7905135],[139.7557718,36.7888724],[139.7555841,36.7866255],[139.7557665,36.7848297],[139.7559539,36.7831775],[139.7561246,36.7815266],[139.7562861,36.7795838],[139.7555298,36.7774225],[139.7548761,36.7754855],[139.7542087,36.7734956],[139.7539991,36.7725403]]},"properties":{"name":"tokyo_line_3277","loading_pct":25.7,"p_mw":-17.2,"synthetic":false,"tie":false}},{"type":"Feature","geometry":{"type":"LineString","coordinates":[[139.8655403,36.7405066],[139.8694403,36.7396463],[139.8720392,36.7381659],[139.8737261,36.7365828],[139.8757962,36.7343049],[139.8778706,36.7324527],[139.8796204,36.7313245]]},"properties":{"name":"tokyo_line_3278","loading_pct":28.4,"p_mw":22.8,"synthetic":false,"tie":false}},{"type":"Feature","geometry":{"type":"LineString","coordinates":[[139.8655403,36.7405066],[139.859747,36.7394991],[139.8574078,36.7387672],[139.8569665,36.7383716]]},"properties":{"name":"tokyo_line_3279","loading_pct":25.3,"p_mw":17.2,"synthetic":false,"tie":false}},{"type":"Feature","geometry":{"type":"LineString","coordinates":[[139.8833086,36.7191155],[139.8835249,36.7188636]]},"properties":{"name":"tokyo_line_3280","loading_pct":68.9,"p_mw":-45.3,"synthetic":false,"tie":false}},{"type":"Feature","geometry":{"type":"LineString","coordinates":[[139.9748098,36.594872],[139.9752972,36.5911068]]},"properties":{"name":"tokyo_line_3283","loading_pct":24.0,"p_mw":63.8,"synthetic":false,"tie":false}},{"type":"Feature","geometry":{"type":"LineString","coordinates":[[139.9748098,36.594872],[139.9733773,36.5948723],[139.9655392,36.5949129],[139.963396,36.5987581],[139.9617082,36.6018056],[139.9600454,36.6029837]]},"properties":{"name":"tokyo_line_3284","loading_pct":5.9,"p_mw":-7.2,"synthetic":false,"tie":false}},{"type":"Feature","geometry":{"type":"LineString","coordinates":[[139.9752972,36.5911068],[139.9757507,36.5873288],[139.9762,36.5838001],[139.9765914,36.5806475],[139.9770171,36.5771897],[139.9773547,36.5743609],[139.9777122,36.5713431],[139.9797273,36.5696989],[139.9826717,36.5686264]]},"properties":{"name":"tokyo_line_3285","loading_pct":18.6,"p_mw":48.9,"synthetic":false,"tie":false}},{"type":"Feature","geometry":{"type":"LineString","coordinates":[[139.8608239,36.5554304],[139.8600524,36.557771]]},"properties":{"name":"tokyo_line_3286","loading_pct":72.5,"p_mw":-47.6,"synthetic":false,"tie":false}},{"type":"Feature","geometry":{"type":"LineString","coordinates":[[139.8243154,36.6408855],[139.8238728,36.640875],[139.8190944,36.6403161],[139.8143771,36.6389312]]},"properties":{"name":"tokyo_line_3287","loading_pct":3.9,"p_mw":10.3,"synthetic":false,"tie":false}},{"type":"Feature","geometry":{"type":"LineString","coordinates":[[139.9826717,36.5686264],[139.9825429,36.5669831],[139.9824512,36.5658136],[139.9822257,36.562992]]},"properties":{"name":"tokyo_line_3289","loading_pct":5.6,"p_mw":10.4,"synthetic":false,"tie":false}},{"type":"Feature","geometry":{"type":"LineString","coordinates":[[140.1649114,36.684443],[140.1646331,36.6842644]]},"properties":{"name":"tokyo_line_3292","loading_pct":25.3,"p_mw":17.2,"synthetic":false,"tie":false}},{"type":"Feature","geometry":{"type":"LineString","coordinates":[[140.1649114,36.684443],[140.1646777,36.6842149]]},"properties":{"name":"tokyo_line_3293","loading_pct":25.3,"p_mw":17.2,"synthetic":false,"tie":false}},{"type":"Feature","geometry":{"type":"LineString","coordinates":[[139.9902151,36.8427228],[139.9903019,36.842775]]},"properties":{"name":"tokyo_line_3294","loading_pct":25.4,"p_mw":17.2,"synthetic":false,"tie":false}},{"type":"Feature","geometry":{"type":"LineString","coordinates":[[139.9902151,36.8427228],[139.9903167,36.8427385]]},"properties":{"name":"tokyo_line_3295","loading_pct":25.4,"p_mw":17.2,"synthetic":false,"tie":false}},{"type":"Feature","geometry":{"type":"LineString","coordinates":[[139.9117599,36.9474036],[139.9120678,36.9471796]]},"properties":{"name":"tokyo_line_3296","loading_pct":25.4,"p_mw":17.2,"synthetic":false,"tie":false}},{"type":"Feature","geometry":{"type":"LineString","coordinates":[[139.9117599,36.9474036],[139.911931,36.9471303]]},"properties":{"name":"tokyo_line_3297","loading_pct":25.4,"p_mw":17.2,"synthetic":false,"tie":false}},{"type":"Feature","geometry":{"type":"LineString","coordinates":[[139.9901695,36.1744947],[139.9904993,36.1768579],[139.9894128,36.1789103],[139.9891857,36.1812516],[139.9878849,36.183187],[139.9884388,36.1858678],[139.9888212,36.1883108]]},"properties":{"name":"tokyo_line_3300","loading_pct":25.8,"p_mw":17.2,"synthetic":false,"tie":false}},{"type":"Feature","geometry":{"type":"LineString","coordinates":[[140.1180528,36.1156237],[140.1183699,36.1154593]]},"properties":{"name":"tokyo_line_3301","loading_pct":25.6,"p_mw":17.2,"synthetic":false,"tie":false}},{"type":"Feature","geometry":{"type":"LineString","coordinates":[[140.1180528,36.1156237],[140.1183628,36.1154235]]},"properties":{"name":"tokyo_line_3302","loading_pct":25.6,"p_mw":17.2,"synthetic":false,"tie":false}},{"type":"Feature","geometry":{"type":"LineString","coordinates":[[140.0949134,36.123031],[140.0950414,36.1231449]]},"properties":{"name":"tokyo_line_3303","loading_pct":25.6,"p_mw":17.2,"synthetic":false,"tie":false}},{"type":"Feature","geometry":{"type":"LineString","coordinates":[[140.0949134,36.123031],[140.0950882,36.1230825]]},"properties":{"name":"tokyo_line_3304","loading_pct":25.6,"p_mw":17.2,"synthetic":false,"tie":false}},{"type":"Feature","geometry":{"type":"LineString","coordinates":[[140.0649977,36.1589409],[140.0650902,36.1585338]]},"properties":{"name":"tokyo_line_3305","loading_pct":22.2,"p_mw":-4.8,"synthetic":false,"tie":false}},{"type":"Feature","geometry":{"type":"LineString","coordinates":[[140.0650902,36.1585338],[140.0671119,36.1587216],[140.0669371,36.1603854],[140.0690105,36.1605397],[140.069427,36.1604618]]},"properties":{"name":"tokyo_line_3306","loading_pct":16.9,"p_mw":-1.2,"synthetic":false,"tie":false}},{"type":"Feature","geometry":{"type":"LineString","coordinates":[[140.0579177,36.1574116],[140.0581316,36.1577598],[140.0586612,36.1575796]]},"properties":{"name":"tokyo_line_3307","loading_pct":50.9,"p_mw":7.1,"synthetic":false,"tie":false}},{"type":"Feature","geometry":{"type":"LineString","coordinates":[[140.23511,36.3532075],[140.2346638,36.3535445]]},"properties":{"name":"tokyo_line_3308","loading_pct":26.1,"p_mw":17.2,"synthetic":false,"tie":false}},{"type":"Feature","geometry":{"type":"LineString","coordinates":[[140.23511,36.3532075],[140.2346326,36.3535032]]},"properties":{"name":"tokyo_line_3309","loading_pct":26.1,"p_mw":17.2,"synthetic":false,"tie":false}},{"type":"Feature","geometry":{"type":"LineString","coordinates":[[140.23511,36.3532075],[140.234587,36.353266]]},"properties":{"name":"tokyo_line_3310","loading_pct":26.1,"p_mw":17.2,"synthetic":false,"tie":false}},{"type":"Feature","geometry":{"type":"LineString","coordinates":[[140.23511,36.3532075],[140.2345839,36.3532213]]},"properties":{"name":"tokyo_line_3311","loading_pct":26.1,"p_mw":17.2,"synthetic":false,"tie":false}},{"type":"Feature","geometry":{"type":"LineString","coordinates":[[140.4962064,36.1166517],[140.4996025,36.1151791],[140.5026281,36.1130784],[140.5063439,36.1126005]]},"properties":{"name":"tokyo_line_3312","loading_pct":79.6,"p_mw":-113.5,"synthetic":false,"tie":false}},{"type":"Feature","geometry":{"type":"LineString","coordinates":[[140.4962064,36.1166517],[140.4966788,36.115226],[140.4963354,36.1132413],[140.4969379,36.1110032],[140.4965331,36.1083881],[140.4962595,36.1055926],[140.4951598,36.1040193],[140.493867,36.1022206],[140.4970382,36.1001892],[140.4960668,36.0971554],[140.4950441,36.0946724],[140.4959781,36.0918158],[140.497478,36.0890718],[140.4975766,36.08707],[140.4977799,36.0847444],[140.4982482,36.0820054],[140.5002879,36.0794606],[140.502876,36.0774934],[140.5050882,36.0753667],[140.5056921,36.0736235],[140.50479,36.0715349],[140.5042689,36.0692246],[140.5034563,36.0669182],[140.5032928,36.0644947],[140.5037832,36.0632187],[140.5029753,36.0620598],[140.5028725,36.0600363],[140.5035637,36.0578542],[140.50312,36.0553246],[140.5048946,36.0527158],[140.5041614,36.0506467],[140.5029379,36.0476374],[140.5017704,36.045572],[140.5005656,36.042555],[140.50008,36.0403844],[140.4996295,36.0375168]]},"properties":{"name":"tokyo_line_3313","loading_pct":80.3,"p_mw":-245.9,"synthetic":false,"tie":false}},{"type":"Feature","geometry":{"type":"LineString","coordinates":[[140.5063439,36.1126005],[140.5067197,36.1133621]]},"properties":{"name":"tokyo_line_3314","loading_pct":79.8,"p_mw":-148.3,"synthetic":false,"tie":false}},{"type":"Feature","geometry":{"type":"LineString","coordinates":[[140.5063439,36.1126005],[140.506129,36.1121825]]},"properties":{"name":"tokyo_line_3315","loading_pct":25.8,"p_mw":17.2,"synthetic":false,"tie":false}},{"type":"Feature","geometry":{"type":"LineString","coordinates":[[140.5067197,36.1133621],[140.5103554,36.1120927],[140.5122225,36.1115103],[140.5149585,36.1112763],[140.5179348,36.1096384],[140.5204511,36.1086998],[140.5224091,36.1079261],[140.5232334,36.1064144],[140.5245737,36.1042525],[140.5281369,36.1028753],[140.5299209,36.1027696],[140.5377478,36.1025659]]},"properties":{"name":"tokyo_line_3316","loading_pct":80.1,"p_mw":-182.7,"synthetic":false,"tie":false}},{"type":"Feature","geometry":{"type":"LineString","coordinates":[[140.5067197,36.1133621],[140.5065859,36.1134078],[140.5065928,36.1134954],[140.5075291,36.1151837],[140.5069991,36.1153789],[140.507234,36.115502],[140.5074741,36.1156227],[140.5077278,36.1157837],[140.5079659,36.1159572],[140.5082845,36.1162668],[140.508644,36.116615],[140.508912,36.116877],[140.508974,36.117004],[140.508727,36.1174868],[140.5086663,36.1175717],[140.5085542,36.1176528],[140.5081555,36.1178672],[140.5082811,36.1180166],[140.5089444,36.1188283],[140.5090897,36.1189841],[140.5092231,36.1190895],[140.5093596,36.1191781],[140.5095701,36.1192883],[140.5097599,36.1193698],[140.510256,36.1195354],[140.510285,36.1194268]]},"properties":{"name":"tokyo_line_3317","loading_pct":25.8,"p_mw":17.2,"synthetic":false,"tie":false}},{"type":"Feature","geometry":{"type":"LineString","coordinates":[[140.5655982,36.1086874],[140.5666213,36.1091283],[140.5677392,36.1097637],[140.5691103,36.1105145],[140.5691707,36.1105519],[140.5693012,36.110396],[140.5694103,36.1103062],[140.5695859,36.1101769],[140.5699604,36.1099309],[140.5702999,36.1097032],[140.5709168,36.1092005],[140.571211,36.1090033],[140.5713762,36.1089127],[140.5715974,36.1088056],[140.5720604,36.1086078],[140.572223,36.1085313],[140.572395,36.108425],[140.5727549,36.1081564],[140.5728709,36.1080493],[140.5733565,36.1076076],[140.5739994,36.1069779],[140.5742073,36.1067857],[140.574969,36.1061503],[140.5756568,36.1054834],[140.5764999,36.1047348],[140.5772096,36.1041046],[140.5775922,36.1037687],[140.5780358,36.1033901],[140.5786099,36.1028931],[140.5787882,36.1027397],[140.5790859,36.1024746],[140.579315,36.1022161],[140.5792181,36.102126],[140.5789503,36.1019803],[140.5787556,36.1018726],[140.5785776,36.1018162],[140.5784198,36.1017838],[140.5784678,36.1015775]]},"properties":{"name":"tokyo_line_3318","loading_pct":25.3,"p_mw":17.2,"synthetic":false,"tie":false}},{"type":"Feature","geometry":{"type":"LineString","coordinates":[[139.9125945,36.0795714],[139.9125202,36.0797802]]},"properties":{"name":"tokyo_line_3319","loading_pct":25.3,"p_mw":17.2,"synthetic":false,"tie":false}},{"type":"Feature","geometry":{"type":"LineString","coordinates":[[139.9125945,36.0795714],[139.9124352,36.0797573]]},"properties":{"name":"tokyo_line_3320","loading_pct":25.3,"p_mw":17.2,"synthetic":false,"tie":false}},{"type":"Feature","geometry":{"type":"LineString","coordinates":[[139.9796702,36.0391883],[139.9797986,36.0391867]]},"properties":{"name":"tokyo_line_3321","loading_pct":25.6,"p_mw":17.2,"synthetic":false,"tie":false}},{"type":"Feature","geometry":{"type":"LineString","coordinates":[[139.9796702,36.0391883],[139.9797753,36.0391225]]},"properties":{"name":"tokyo_line_3322","loading_pct":25.6,"p_mw":17.2,"synthetic":false,"tie":false}},{"type":"Feature","geometry":{"type":"LineString","coordinates":[[139.7072915,35.9916459],[139.7073502,35.9915242]]},"properties":{"name":"tokyo_line_3323","loading_pct":26.0,"p_mw":17.2,"synthetic":false,"tie":false}},{"type":"Feature","geometry":{"type":"LineString","coordinates":[[139.7072915,35.9916459],[139.7073024,35.9915171]]},"properties":{"name":"tokyo_line_3324","loading_pct":26.0,"p_mw":17.2,"synthetic":false,"tie":false}},{"type":"Feature","geometry":{"type":"LineString","coordinates":[[140.3228976,36.0649658],[140.3220858,36.065349]]},"properties":{"name":"tokyo_line_3325","loading_pct":25.4,"p_mw":17.2,"synthetic":false,"tie":false}},{"type":"Feature","geometry":{"type":"LineString","coordinates":[[140.3228976,36.0649658],[140.3220437,36.0652867]]},"properties":{"name":"tokyo_line_3326","loading_pct":25.4,"p_mw":17.2,"synthetic":false,"tie":false}},{"type":"Feature","geometry":{"type":"LineString","coordinates":[[140.0291414,35.9361834],[140.0291945,35.9358427]]},"properties":{"name":"tokyo_line_3327","loading_pct":25.5,"p_mw":17.2,"synthetic":false,"tie":false}},{"type":"Feature","geometry":{"type":"LineString","coordinates":[[140.0291414,35.9361834],[140.0291292,35.9357935]]},"properties":{"name":"tokyo_line_3328","loading_pct":25.5,"p_mw":17.2,"synthetic":false,"tie":false}},{"type":"Feature","geometry":{"type":"LineString","coordinates":[[140.5204899,36.6657787],[140.5206607,36.6657533]]},"properties":{"name":"tokyo_line_3329","loading_pct":25.6,"p_mw":-17.2,"synthetic":false,"tie":false}},{"type":"Feature","geometry":{"type":"LineString","coordinates":[[140.5206607,36.6657533],[140.5211107,36.6679118],[140.5212186,36.6708585],[140.5208527,36.6738453],[140.5204811,36.676966],[140.52017,36.6803605],[140.5198052,36.6830106],[140.5196872,36.6854713],[140.5185768,36.6873426],[140.5168319,36.6897931],[140.5148352,36.6919862],[140.5125306,36.694689],[140.5114029,36.6970408]]},"properties":{"name":"tokyo_line_3330","loading_pct":122.3,"p_mw":66.5,"synthetic":false,"tie":false}},{"type":"Feature","geometry":{"type":"LineString","coordinates":[[140.4990253,36.7198674],[140.4982112,36.7220004],[140.4972382,36.7253735],[140.496616,36.7276909],[140.4955753,36.7302319],[140.4942748,36.7330503],[140.4931595,36.7359837],[140.4924512,36.7375877],[140.4915032,36.739878],[140.4909568,36.7425425],[140.4894424,36.7452076],[140.4893079,36.7469432],[140.488954,36.7497677],[140.4886213,36.752059],[140.4882462,36.7548663],[140.4873614,36.7577472],[140.4868305,36.7602878],[140.4863067,36.7631515],[140.485439,36.7660338],[140.484895,36.7681826],[140.4843897,36.7710111],[140.4847656,36.7738443],[140.4847334,36.7768659],[140.484131,36.7791326],[140.4828373,36.7819562],[140.4817865,36.7845556]]},"properties":{"name":"tokyo_line_3331","loading_pct":77.3,"p_mw":52.2,"synthetic":false,"tie":false}},{"type":"Feature","geometry":{"type":"LineString","coordinates":[[140.4811782,36.7855741],[140.4807319,36.7856049],[140.4817865,36.7845556]]},"properties":{"name":"tokyo_line_3332","loading_pct":25.7,"p_mw":-17.2,"synthetic":false,"tie":false}},{"type":"Feature","geometry":{"type":"LineString","coordinates":[[140.4817865,36.7845556],[140.4786016,36.7851989],[140.4748904,36.7846781],[140.4721545,36.7843918],[140.4688701,36.7845399],[140.4661279,36.7843326],[140.4636384,36.7844313],[140.4618761,36.7857243],[140.4597903,36.7850243],[140.4565166,36.784467],[140.4547792,36.7836678],[140.4514665,36.7823469],[140.4477471,36.7809457],[140.4448626,36.7798789],[140.4412815,36.7785527],[140.4383067,36.7774428],[140.4347358,36.776263],[140.4309003,36.7760825],[140.428615,36.7753735],[140.4238639,36.7750667],[140.4201832,36.7753332],[140.4167643,36.7756564],[140.4142019,36.7759909],[140.4100327,36.7768016],[140.406536,36.780192],[140.4013192,36.7776294],[140.399624,36.7756408],[140.3977579,36.7739342],[140.3956611,36.7735452],[140.3898838,36.7741435],[140.3860346,36.7723413],[140.3820141,36.7708672],[140.3791473,36.7699202],[140.3757264,36.7694727]]},"properties":{"name":"tokyo_line_3333","loading_pct":25.9,"p_mw":17.3,"synthetic":false,"tie":false}},{"type":"Feature","geometry":{"type":"LineString","coordinates":[[140.6007179,36.6537452],[140.6032618,36.6546195],[140.6074564,36.6570024],[140.6109902,36.6587725],[140.6129093,36.6597231],[140.6175619,36.6620389],[140.6196505,36.6631816],[140.6236666,36.6652515],[140.626409,36.6669799]]},"properties":{"name":"tokyo_line_3335","loading_pct":68.5,"p_mw":-651.2,"synthetic":false,"tie":false}},{"type":"Feature","geometry":{"type":"LineString","coordinates":[[140.4470182,36.5376251],[140.4435003,36.5327089],[140.4420465,36.528838],[140.4410514,36.5258572]]},"properties":{"name":"tokyo_line_3337","loading_pct":47.3,"p_mw":449.9,"synthetic":false,"tie":false}},{"type":"Feature","geometry":{"type":"LineString","coordinates":[[140.3654286,36.544951],[140.3612217,36.5476849],[140.3569566,36.5507154],[140.3535286,36.5526248],[140.3490126,36.553324],[140.3468203,36.5536691],[140.3408696,36.5549039],[140.3342662,36.5556864],[140.3325899,36.5565723],[140.3313783,36.5583643],[140.3268285,36.5589117],[140.3226443,36.5604383],[140.3170589,36.5633813],[140.3116293,36.5658272],[140.3071232,36.5674602],[140.3016976,36.5699922],[140.2966558,36.5730422],[140.290407,36.5749735],[140.2858634,36.575458],[140.2792102,36.575094],[140.2729168,36.5748328],[140.266212,36.5746177],[140.262613,36.574162],[140.2558666,36.5745565],[140.2518877,36.5751594],[140.2464352,36.5765608],[140.2400984,36.577832],[140.2362348,36.5786089],[140.2308245,36.5794155],[140.2300901,36.5770032],[140.2301037,36.5749892],[140.2301439,36.5718214],[140.2264695,36.5684071],[140.2254783,36.5661314],[140.2242713,36.5633583],[140.2216301,36.5612697],[140.2190112,36.5594879],[140.2168853,36.5579931],[140.2137511,36.5548702],[140.2125065,36.5517587],[140.2110713,36.5494543]]},"properties":{"name":"tokyo_line_3340","loading_pct":3.9,"p_mw":10.3,"synthetic":false,"tie":false}},{"type":"Feature","geometry":{"type":"LineString","coordinates":[[140.081134,36.1623863],[140.078816,36.1610341],[140.0763103,36.1589687]]},"properties":{"name":"tokyo_line_3341","loading_pct":53.2,"p_mw":99.8,"synthetic":false,"tie":false}},{"type":"Feature","geometry":{"type":"LineString","coordinates":[[140.081134,36.1623863],[140.0778756,36.1642871],[140.0762252,36.1669499],[140.0738106,36.1690062],[140.0715053,36.1709606],[140.0685921,36.1723617],[140.0644386,36.1726827],[140.0608242,36.1729765],[140.0561437,36.1733533],[140.0522177,36.173651],[140.0494051,36.1735954],[140.0455795,36.1739222],[140.0419531,36.1742791],[140.0387896,36.1740859],[140.0350371,36.1738977],[140.0316238,36.1749996],[140.0283769,36.1738757],[140.0259323,36.1721495],[140.0246995,36.1709106],[140.0223285,36.1701965],[140.0201551,36.1715721],[140.0200594,36.173171],[140.0207603,36.17499],[140.0174305,36.1765059],[140.0137803,36.1762875],[140.0097661,36.1768216],[140.0065112,36.1763314],[140.0039139,36.1759419],[140.0000861,36.1753625],[139.9954935,36.1746717],[139.9918726,36.1745413]]},"properties":{"name":"tokyo_line_3342","loading_pct":61.7,"p_mw":552.4,"synthetic":false,"tie":false}},{"type":"Feature","geometry":{"type":"LineString","coordinates":[[140.081134,36.1623863],[140.0833319,36.1614475],[140.0851898,36.1589611],[140.0897076,36.1585628],[140.0923315,36.1566603],[140.0952053,36.1545637],[140.097877,36.1526349],[140.1001656,36.150961],[140.1029693,36.1488323],[140.1055168,36.1468841],[140.107998,36.1450056],[140.1112733,36.1424917],[140.1143705,36.1398837],[140.1173099,36.1378148],[140.1202923,36.135707],[140.1231821,36.1336487],[140.1274802,36.1337727],[140.131668,36.1352596],[140.1352949,36.1363031],[140.138514,36.1371871],[140.141765,36.1380928],[140.1454218,36.1390915],[140.1484845,36.1396468],[140.1525752,36.140399],[140.1565542,36.1409683],[140.1594379,36.1400417],[140.1638006,36.1394113]]},"properties":{"name":"tokyo_line_3343","loading_pct":63.7,"p_mw":-662.5,"synthetic":false,"tie":false}},{"type":"Feature","geometry":{"type":"LineString","coordinates":[[140.0763103,36.1589687],[140.0757167,36.1587178]]},"properties":{"name":"tokyo_line_3344","loading_pct":48.8,"p_mw":79.1,"synthetic":false,"tie":false}},{"type":"Feature","geometry":{"type":"LineString","coordinates":[[140.0763103,36.1589687],[140.0758234,36.1586435]]},"properties":{"name":"tokyo_line_3345","loading_pct":3.9,"p_mw":10.3,"synthetic":false,"tie":false}},{"type":"Feature","geometry":{"type":"LineString","coordinates":[[140.6799534,36.7770073],[140.6798397,36.7757208]]},"properties":{"name":"tokyo_line_3346","loading_pct":200,"p_mw":176.1,"synthetic":false,"tie":false}},{"type":"Feature","geometry":{"type":"LineString","coordinates":[[140.6799534,36.7770073],[140.6799359,36.777087]]},"properties":{"name":"tokyo_line_3347","loading_pct":76.7,"p_mw":51.6,"synthetic":false,"tie":false}},{"type":"Feature","geometry":{"type":"LineString","coordinates":[[140.6799534,36.7770073],[140.6800545,36.7770359]]},"properties":{"name":"tokyo_line_3348","loading_pct":200,"p_mw":-244.9,"synthetic":false,"tie":false}},{"type":"Feature","geometry":{"type":"LineString","coordinates":[[140.651807,36.793463],[140.6533578,36.7928358],[140.6544075,36.793347],[140.6560651,36.7927928],[140.6595198,36.7916716],[140.6619874,36.7908811],[140.6646589,36.7900348],[140.6670729,36.7892487],[140.6697283,36.7883809],[140.6706939,36.7880629],[140.6732688,36.7872553],[140.676133,36.7863332],[140.6792021,36.7853553],[140.6799213,36.783245],[140.6797771,36.781481],[140.6795435,36.7795506],[140.6791399,36.7777721]]},"properties":{"name":"tokyo_line_3349","loading_pct":11.4,"p_mw":-7.7,"synthetic":false,"tie":false}},{"type":"Feature","geometry":{"type":"LineString","coordinates":[[139.7145606,36.3655842],[139.7129075,36.3680345]]},"properties":{"name":"tokyo_line_3350","loading_pct":15.2,"p_mw":10.0,"synthetic":false,"tie":false}},{"type":"Feature","geometry":{"type":"LineString","coordinates":[[140.6896069,36.7769207],[140.6894352,36.7771635],[140.6885018,36.7773439],[140.6875067,36.7775437],[140.6867718,36.777692],[140.6856077,36.7779197],[140.6849613,36.7777929],[140.6844175,36.7776867],[140.6833627,36.7773998],[140.6827941,36.7772881],[140.6823166,36.7772644],[140.6819411,36.7772451],[140.6814771,36.7772666],[140.6808387,36.7773353]]},"properties":{"name":"tokyo_line_3351","loading_pct":200,"p_mw":281.6,"synthetic":false,"tie":false}},{"type":"Feature","geometry":{"type":"LineString","coordinates":[[140.6872657,35.9503643],[140.6866834,35.9500712]]},"properties":{"name":"tokyo_line_3352","loading_pct":0.5,"p_mw":-5.2,"synthetic":false,"tie":false}},{"type":"Feature","geometry":{"type":"LineString","coordinates":[[140.6866834,35.9500712],[140.6873461,35.9502194]]},"properties":{"name":"tokyo_line_3353","loading_pct":0.5,"p_mw":5.2,"synthetic":false,"tie":false}},{"type":"Feature","geometry":{"type":"LineString","coordinates":[[139.8953198,36.5468444],[139.895114,36.54694]]},"properties":{"name":"tokyo_line_3355","loading_pct":1.7,"p_mw":-1.8,"synthetic":false,"tie":false}},{"type":"Feature","geometry":{"type":"LineString","coordinates":[[139.8934456,36.536522],[139.8928001,36.5351113],[139.8923116,36.5335261],[139.8920739,36.5324983],[139.8914357,36.5319402],[139.8911484,36.5306255],[139.890687,36.529316],[139.8899742,36.5274081],[139.8893699,36.5257632],[139.8890488,36.5248774],[139.8883534,36.5229796],[139.8876849,36.5211211],[139.886839,36.51883],[139.8860922,36.5167826],[139.8853312,36.5147085],[139.8844821,36.5123851],[139.8836216,36.5100094],[139.8827736,36.5077326],[139.8819718,36.5055292],[139.8810786,36.5031142],[139.8811396,36.5012757],[139.8813248,36.4984215],[139.8813975,36.4969123],[139.8815292,36.4940913],[139.8816738,36.4912145],[139.8818307,36.488235]]},"properties":{"name":"tokyo_line_3356","loading_pct":5.0,"p_mw":-12.1,"synthetic":false,"tie":false}},{"type":"Feature","geometry":{"type":"LineString","coordinates":[[139.8318621,36.3535905],[139.830679,36.3519137],[139.8288997,36.3485732]]},"properties":{"name":"tokyo_line_3358","loading_pct":6.2,"p_mw":-10.0,"synthetic":false,"tie":false}},{"type":"Feature","geometry":{"type":"LineString","coordinates":[[140.105603,36.7256497],[140.1056243,36.7254018]]},"properties":{"name":"tokyo_line_3360","loading_pct":25.5,"p_mw":-17.2,"synthetic":false,"tie":false}},{"type":"Feature","geometry":{"type":"LineString","coordinates":[[140.1056243,36.7254018],[140.1055467,36.7256368]]},"properties":{"name":"tokyo_line_3361","loading_pct":25.5,"p_mw":17.2,"synthetic":false,"tie":false}},{"type":"Feature","geometry":{"type":"LineString","coordinates":[[140.1056243,36.7254018],[140.1029113,36.7249695],[140.0995439,36.7234824]]},"properties":{"name":"tokyo_line_3362","loading_pct":22.7,"p_mw":-3.3,"synthetic":false,"tie":false}},{"type":"Feature","geometry":{"type":"LineString","coordinates":[[140.1007207,36.7230191],[140.1003847,36.7229822]]},"properties":{"name":"tokyo_line_3363","loading_pct":25.5,"p_mw":-17.2,"synthetic":false,"tie":false}},{"type":"Feature","geometry":{"type":"LineString","coordinates":[[140.1003847,36.7229822],[140.1006606,36.7228375]]},"properties":{"name":"tokyo_line_3364","loading_pct":25.5,"p_mw":17.2,"synthetic":false,"tie":false}},{"type":"Feature","geometry":{"type":"LineString","coordinates":[[140.1003847,36.7229822],[140.0995439,36.7234824]]},"properties":{"name":"tokyo_line_3365","loading_pct":76.4,"p_mw":-51.6,"synthetic":false,"tie":false}},{"type":"Feature","geometry":{"type":"LineString","coordinates":[[139.9808759,36.5488242],[139.9804441,36.550192]]},"properties":{"name":"tokyo_line_3366","loading_pct":2.5,"p_mw":-6.7,"synthetic":false,"tie":false}},{"type":"Feature","geometry":{"type":"LineString","coordinates":[[139.9321416,36.4430988],[139.9309801,36.4411276],[139.9294772,36.4386465],[139.9291447,36.4359934],[139.9280813,36.4330824],[139.9270879,36.4302462],[139.9262344,36.4270957],[139.9255048,36.4242125],[139.9251303,36.421483],[139.9245385,36.4186326],[139.9220007,36.417473]]},"properties":{"name":"tokyo_line_3367","loading_pct":94.6,"p_mw":64.0,"synthetic":false,"tie":false}},{"type":"Feature","geometry":{"type":"LineString","coordinates":[[140.3728479,36.5880026],[140.3730521,36.5864947]]},"properties":{"name":"tokyo_line_3368","loading_pct":25.3,"p_mw":17.2,"synthetic":false,"tie":false}},{"type":"Feature","geometry":{"type":"LineString","coordinates":[[140.3728479,36.5880026],[140.3714473,36.5893942],[140.3708893,36.5899486],[140.3691545,36.5928137],[140.368049,36.5959976],[140.3684143,36.5989476],[140.3659463,36.6018988],[140.3642405,36.6027752]]},"properties":{"name":"tokyo_line_3369","loading_pct":43.7,"p_mw":29.2,"synthetic":false,"tie":false}},{"type":"Feature","geometry":{"type":"LineString","coordinates":[[140.3642405,36.6027752],[140.3616773,36.6046914],[140.3616054,36.6077474],[140.3607227,36.608691]]},"properties":{"name":"tokyo_line_3370","loading_pct":18.6,"p_mw":-5.3,"synthetic":false,"tie":false}},{"type":"Feature","geometry":{"type":"LineString","coordinates":[[140.3642405,36.6027752],[140.363666,36.6021076],[140.3633286,36.6019632],[140.3632543,36.6019089],[140.3631897,36.6018695],[140.3615084,36.6008659],[140.3587028,36.6004482],[140.3564095,36.6002285],[140.3532686,36.5996557],[140.3516306,36.5984625],[140.3493055,36.5980012],[140.3493162,36.5979365]]},"properties":{"name":"tokyo_line_3371","loading_pct":25.3,"p_mw":17.2,"synthetic":false,"tie":false}},{"type":"Feature","geometry":{"type":"LineString","coordinates":[[140.4209311,36.4985167],[140.4196494,36.497687],[140.4185371,36.4965452],[140.4177175,36.4947321],[140.417499,36.4945475]]},"properties":{"name":"tokyo_line_3372","loading_pct":3.9,"p_mw":10.3,"synthetic":false,"tie":false}},{"type":"Feature","geometry":{"type":"LineString","coordinates":[[139.7421811,35.9622314],[139.7423155,35.9586637]]},"properties":{"name":"tokyo_line_3373","loading_pct":32.9,"p_mw":74.6,"synthetic":false,"tie":false}},{"type":"Feature","geometry":{"type":"LineString","coordinates":[[139.8143741,36.2140177],[139.8111579,36.2139813],[139.8097406,36.2135781],[139.8076835,36.2135988],[139.8051897,36.2141207],[139.8010684,36.2153697],[139.8003065,36.2167068]]},"properties":{"name":"tokyo_line_3374","loading_pct":25.4,"p_mw":17.2,"synthetic":false,"tie":false}},{"type":"Feature","geometry":{"type":"LineString","coordinates":[[139.9918726,36.1745413],[139.987763,36.1743909]]},"properties":{"name":"tokyo_line_3375","loading_pct":60.9,"p_mw":515.7,"synthetic":false,"tie":false}},{"type":"Feature","geometry":{"type":"LineString","coordinates":[[139.8879004,36.5576941],[139.8879024,36.5575989]]},"properties":{"name":"tokyo_line_3377","loading_pct":25.4,"p_mw":17.2,"synthetic":false,"tie":false}},{"type":"Feature","geometry":{"type":"LineString","coordinates":[[139.9867868,35.9394738],[139.987051,35.9394327]]},"properties":{"name":"tokyo_line_3378","loading_pct":0.2,"p_mw":-0.1,"synthetic":false,"tie":false}},{"type":"Feature","geometry":{"type":"LineString","coordinates":[[139.6634685,35.9678865],[139.6636951,35.9681806],[139.663269,35.9683738],[139.6629345,35.9684764],[139.6627629,35.968445],[139.6624705,35.9679912]]},"properties":{"name":"tokyo_line_3379","loading_pct":25.8,"p_mw":-17.2,"synthetic":false,"tie":false}},{"type":"Feature","geometry":{"type":"LineString","coordinates":[[139.6624705,35.9679912],[139.6623347,35.9677784],[139.6623012,35.9677334],[139.6621774,35.9674422],[139.6622024,35.96723],[139.6620587,35.9668969]]},"properties":{"name":"tokyo_line_3380","loading_pct":77.5,"p_mw":-51.6,"synthetic":false,"tie":false}},{"type":"Feature","geometry":{"type":"LineString","coordinates":[[139.6624705,35.9679912],[139.6622201,35.968136],[139.6620141,35.9681889]]},"properties":{"name":"tokyo_line_3381","loading_pct":25.8,"p_mw":17.2,"synthetic":false,"tie":false}},{"type":"Feature","geometry":{"type":"LineString","coordinates":[[139.6620587,35.9668969],[139.6619709,35.9666304],[139.6618506,35.9663994],[139.6617146,35.9662857]]},"properties":{"name":"tokyo_line_3382","loading_pct":82.5,"p_mw":-86.0,"synthetic":false,"tie":false}},{"type":"Feature","geometry":{"type":"LineString","coordinates":[[139.6620587,35.9668969],[139.6617148,35.9670102],[139.661637,35.967253]]},"properties":{"name":"tokyo_line_3383","loading_pct":25.8,"p_mw":17.2,"synthetic":false,"tie":false}},{"type":"Feature","geometry":{"type":"LineString","coordinates":[[139.6617146,35.9662857],[139.6614592,35.9662181],[139.6611491,35.9660634]]},"properties":{"name":"tokyo_line_3384","loading_pct":82.4,"p_mw":-120.4,"synthetic":false,"tie":false}},{"type":"Feature","geometry":{"type":"LineString","coordinates":[[139.6617146,35.9662857],[139.6621036,35.9663786],[139.6625642,35.9666053],[139.6629639,35.966766]]},"properties":{"name":"tokyo_line_3385","loading_pct":25.8,"p_mw":17.2,"synthetic":false,"tie":false}},{"type":"Feature","geometry":{"type":"LineString","coordinates":[[139.6611491,35.9660634],[139.6608427,35.9659686]]},"properties":{"name":"tokyo_line_3386","loading_pct":25.8,"p_mw":17.2,"synthetic":false,"tie":false}},{"type":"Feature","geometry":{"type":"LineString","coordinates":[[139.6611491,35.9660634],[139.660899,35.9658675],[139.6604433,35.9657711]]},"properties":{"name":"tokyo_line_3387","loading_pct":82.4,"p_mw":-154.8,"synthetic":false,"tie":false}},{"type":"Feature","geometry":{"type":"LineString","coordinates":[[139.6604433,35.9657711],[139.6601097,35.9657723]]},"properties":{"name":"tokyo_line_3388","loading_pct":82.4,"p_mw":-189.2,"synthetic":false,"tie":false}},{"type":"Feature","geometry":{"type":"LineString","coordinates":[[139.6604433,35.9657711],[139.6604452,35.9656852]]},"properties":{"name":"tokyo_line_3389","loading_pct":25.8,"p_mw":17.2,"synthetic":false,"tie":false}},{"type":"Feature","geometry":{"type":"LineString","coordinates":[[139.6601097,35.9657723],[139.6601097,35.9656897]]},"properties":{"name":"tokyo_line_3390","loading_pct":25.8,"p_mw":17.2,"synthetic":false,"tie":false}},{"type":"Feature","geometry":{"type":"LineString","coordinates":[[139.6601097,35.9657723],[139.6596913,35.9657819],[139.6592651,35.9657945]]},"properties":{"name":"tokyo_line_3391","loading_pct":82.4,"p_mw":-223.6,"synthetic":false,"tie":false}},{"type":"Feature","geometry":{"type":"LineString","coordinates":[[139.6592651,35.9657945],[139.6592551,35.965695]]},"properties":{"name":"tokyo_line_3392","loading_pct":25.8,"p_mw":17.2,"synthetic":false,"tie":false}},{"type":"Feature","geometry":{"type":"LineString","coordinates":[[139.6578333,35.9689228],[139.6576958,35.9690525],[139.6575122,35.969187],[139.6573506,35.9692194],[139.6570016,35.969201],[139.6566699,35.9691882]]},"properties":{"name":"tokyo_line_3393","loading_pct":25.4,"p_mw":17.2,"synthetic":false,"tie":false}},{"type":"Feature","geometry":{"type":"LineString","coordinates":[[139.6578333,35.9689228],[139.6578877,35.9690011],[139.6581242,35.9691154]]},"properties":{"name":"tokyo_line_3394","loading_pct":25.4,"p_mw":17.2,"synthetic":false,"tie":false}},{"type":"Feature","geometry":{"type":"LineString","coordinates":[[140.95033708367347,37.53620695918367],[140.801794,37.3806394]]},"properties":{"name":"\u6771\u5317\u6771\u4eac\u9593\u9023\u7cfb\u7dda","loading_pct":126.2,"p_mw":4189.4,"synthetic":false,"tie":true}},{"type":"Feature","geometry":{"type":"LineString","coordinates":[[139.70988752,36.81190274],[139.70988752,36.81190274]]},"properties":{"name":"recon_line_45_3054","loading_pct":18.2,"p_mw":-42.7,"synthetic":true,"tie":true}},{"type":"Feature","geometry":{"type":"LineString","coordinates":[[139.0471697,36.8007404],[139.0471697,36.8007404]]},"properties":{"name":"recon_line_75_2696","loading_pct":46.3,"p_mw":439.1,"synthetic":true,"tie":true}},{"type":"Feature","geometry":{"type":"LineString","coordinates":[[139.05973242,36.86686754],[139.05973242,36.86686754]]},"properties":{"name":"recon_line_76_2699","loading_pct":1.2,"p_mw":3.1,"synthetic":true,"tie":true}},{"type":"Feature","geometry":{"type":"LineString","coordinates":[[139.71345495652173,36.8293602],[139.71345495652173,36.8293602]]},"properties":{"name":"recon_line_77_3096","loading_pct":6.9,"p_mw":4.6,"synthetic":true,"tie":true}},{"type":"Feature","geometry":{"type":"LineString","coordinates":[[139.6920506,36.97937053333333],[139.6920506,36.97937053333333]]},"properties":{"name":"recon_line_87_3179","loading_pct":6.9,"p_mw":4.7,"synthetic":true,"tie":true}},{"type":"Feature","geometry":{"type":"LineString","coordinates":[[139.52110656,36.8737948],[139.52110656,36.8737948]]},"properties":{"name":"recon_line_114_2871","loading_pct":7.1,"p_mw":4.7,"synthetic":true,"tie":true}},{"type":"Feature","geometry":{"type":"LineString","coordinates":[[139.70198182222222,36.89450474444445],[139.70198182222222,36.89450474444445]]},"properties":{"name":"recon_line_115_3234","loading_pct":7.1,"p_mw":4.7,"synthetic":true,"tie":true}},{"type":"Feature","geometry":{"type":"LineString","coordinates":[[139.70219923333332,36.894296733333334],[139.70219923333332,36.894296733333334]]},"properties":{"name":"recon_line_116_3235","loading_pct":7.1,"p_mw":4.7,"synthetic":true,"tie":true}},{"type":"Feature","geometry":{"type":"LineString","coordinates":[[139.605583788,36.868488396000004],[139.605583788,36.868488396000004]]},"properties":{"name":"recon_line_122_2927","loading_pct":7.1,"p_mw":4.7,"synthetic":true,"tie":true}},{"type":"Feature","geometry":{"type":"LineString","coordinates":[[139.702127,36.78611],[139.7027893125,36.7859675625]]},"properties":{"name":"recon_line_964_3097","loading_pct":89.5,"p_mw":162.5,"synthetic":true,"tie":true}},{"type":"Feature","geometry":{"type":"LineString","coordinates":[[139.3113532,36.8080348],[139.3113532,36.8080348]]},"properties":{"name":"recon_line_981_3942","loading_pct":5.4,"p_mw":14.2,"synthetic":true,"tie":true}},{"type":"Feature","geometry":{"type":"LineString","coordinates":[[139.22497,36.7255478],[139.22202171875,36.7307377625]]},"properties":{"name":"recon_line_982_2892","loading_pct":23.8,"p_mw":-63.4,"synthetic":true,"tie":true}},{"type":"Feature","geometry":{"type":"LineString","coordinates":[[139.055771,36.9101641],[139.055771,36.9101641]]},"properties":{"name":"recon_line_983_3944","loading_pct":0.1,"p_mw":1.4,"synthetic":true,"tie":true}},{"type":"Feature","geometry":{"type":"LineString","coordinates":[[138.8441634,36.7154537],[138.8441634,36.7154537]]},"properties":{"name":"recon_line_984_3945","loading_pct":1.1,"p_mw":-6.1,"synthetic":true,"tie":true}},{"type":"Feature","geometry":{"type":"LineString","coordinates":[[138.9795238,36.7167933],[138.97964755,36.716494775]]},"properties":{"name":"recon_line_985_2700","loading_pct":0.5,"p_mw":1.3,"synthetic":true,"tie":true}},{"type":"Feature","geometry":{"type":"LineString","coordinates":[[139.705948,36.8769113],[139.705948,36.8769113]]},"properties":{"name":"recon_line_988_4251","loading_pct":6.9,"p_mw":4.7,"synthetic":true,"tie":true}},{"type":"Feature","geometry":{"type":"LineString","coordinates":[[139.6324083,36.811022],[139.6324083,36.811022]]},"properties":{"name":"recon_line_1014_4007","loading_pct":6.4,"p_mw":4.3,"synthetic":true,"tie":true}},{"type":"Feature","geometry":{"type":"LineString","coordinates":[[139.6794649,36.768646],[139.6794649,36.768646]]},"properties":{"name":"recon_line_1015_3953","loading_pct":70.3,"p_mw":-46.7,"synthetic":true,"tie":true}},{"type":"Feature","geometry":{"type":"LineString","coordinates":[[139.2328343,36.8075538],[139.2302987,36.7987897]]},"properties":{"name":"recon_line_1034_4059","loading_pct":23.3,"p_mw":-15.7,"synthetic":true,"tie":true}},{"type":"Feature","geometry":{"type":"LineString","coordinates":[[139.6695998,36.8327379],[139.6695998,36.8327379]]},"properties":{"name":"recon_line_1049_4026","loading_pct":6.9,"p_mw":4.7,"synthetic":true,"tie":true}},{"type":"Feature","geometry":{"type":"LineString","coordinates":[[139.758318,36.7818626],[139.7539991,36.7725403]]},"properties":{"name":"recon_line_1056_4384","loading_pct":149.7,"p_mw":-158.1,"synthetic":true,"tie":true}},{"type":"Feature","geometry":{"type":"LineString","coordinates":[[139.7024497,36.8732245],[139.7024497,36.8732245]]},"properties":{"name":"recon_line_1060_4404","loading_pct":6.9,"p_mw":4.7,"synthetic":true,"tie":true}},{"type":"Feature","geometry":{"type":"LineString","coordinates":[[139.3470119,36.8251282],[139.3134205,36.8089242]]},"properties":{"name":"recon_line_1064_4055","loading_pct":6.3,"p_mw":-4.3,"synthetic":true,"tie":true}},{"type":"Feature","geometry":{"type":"LineString","coordinates":[[139.3139152,36.8087765],[139.3134185,36.8088243]]},"properties":{"name":"recon_line_1065_4056","loading_pct":16.8,"p_mw":-11.4,"synthetic":true,"tie":true}},{"type":"Feature","geometry":{"type":"LineString","coordinates":[[139.3134205,36.8089242],[139.3134205,36.8089242]]},"properties":{"name":"recon_line_1066_4055","loading_pct":3.9,"p_mw":10.5,"synthetic":true,"tie":true}},{"type":"Feature","geometry":{"type":"LineString","coordinates":[[139.3134185,36.8088243],[139.3134185,36.8088243]]},"properties":{"name":"recon_line_1067_4056","loading_pct":7.4,"p_mw":19.7,"synthetic":true,"tie":true}},{"type":"Feature","geometry":{"type":"LineString","coordinates":[[139.0778083,36.8773694],[139.0778083,36.8773694]]},"properties":{"name":"recon_line_1073_4098","loading_pct":1.1,"p_mw":2.8,"synthetic":true,"tie":true}},{"type":"Feature","geometry":{"type":"LineString","coordinates":[[139.42767,35.5055443],[139.42640431666666,35.5014999]]},"properties":{"name":"recon_line_1610_2126","loading_pct":25.5,"p_mw":-17.2,"synthetic":true,"tie":false}},{"type":"Feature","geometry":{"type":"LineString","coordinates":[[139.6211927,35.2254702],[139.6218901,35.2267756]]},"properties":{"name":"recon_line_1620_1622","loading_pct":25.3,"p_mw":-17.2,"synthetic":true,"tie":false}},{"type":"Feature","geometry":{"type":"LineString","coordinates":[[139.6211205,35.2260027],[139.6218901,35.2267756]]},"properties":{"name":"recon_line_1621_1622","loading_pct":25.3,"p_mw":-17.2,"synthetic":true,"tie":false}},{"type":"Feature","geometry":{"type":"LineString","coordinates":[[139.2953748,35.6722689],[139.30214708333332,35.691327699999995]]},"properties":{"name":"recon_line_1623_1987","loading_pct":25.3,"p_mw":-17.2,"synthetic":true,"tie":false}},{"type":"Feature","geometry":{"type":"LineString","coordinates":[[139.4821491,35.3382899],[139.49078714117647,35.32938015294118]]},"properties":{"name":"recon_line_1626_2122","loading_pct":26.5,"p_mw":-17.2,"synthetic":true,"tie":false}},{"type":"Feature","geometry":{"type":"LineString","coordinates":[[139.5627653111111,35.61667011111111],[139.54853158,35.60898148]]},"properties":{"name":"recon_line_1643_1665","loading_pct":25.8,"p_mw":-17.2,"synthetic":true,"tie":false}},{"type":"Feature","geometry":{"type":"LineString","coordinates":[[139.63488573333336,35.65660371111111],[139.6278025,35.66794428]]},"properties":{"name":"recon_line_1669_1650","loading_pct":31.0,"p_mw":-17.2,"synthetic":true,"tie":false}},{"type":"Feature","geometry":{"type":"LineString","coordinates":[[139.493480425,35.585824375],[139.50029264,35.59714088]]},"properties":{"name":"recon_line_1714_1642","loading_pct":25.4,"p_mw":-17.2,"synthetic":true,"tie":false}},{"type":"Feature","geometry":{"type":"LineString","coordinates":[[139.4299595,35.7072551],[139.4257034909091,35.69787551818182]]},"properties":{"name":"recon_line_1737_2072","loading_pct":25.6,"p_mw":-17.2,"synthetic":true,"tie":false}},{"type":"Feature","geometry":{"type":"LineString","coordinates":[[139.6431764,35.65240131428572],[139.6613731,35.6617767]]},"properties":{"name":"recon_line_1783_2138","loading_pct":30.9,"p_mw":-17.2,"synthetic":true,"tie":false}},{"type":"Feature","geometry":{"type":"LineString","coordinates":[[139.5504661,35.64525917142857],[139.56819682857142,35.655042914285715]]},"properties":{"name":"recon_line_1787_1673","loading_pct":26.5,"p_mw":-17.2,"synthetic":true,"tie":false}},{"type":"Feature","geometry":{"type":"LineString","coordinates":[[139.5265185,35.65739464],[139.50581367647058,35.663190052941175]]},"properties":{"name":"recon_line_1846_1702","loading_pct":26.0,"p_mw":-17.2,"synthetic":true,"tie":false}},{"type":"Feature","geometry":{"type":"LineString","coordinates":[[139.61716185999998,35.39806308],[139.62250445833334,35.37593692916666]]},"properties":{"name":"recon_line_1858_1810","loading_pct":80.0,"p_mw":831.1,"synthetic":true,"tie":false}},{"type":"Feature","geometry":{"type":"LineString","coordinates":[[139.61008945999998,35.45196499],[139.60967432222222,35.451755133333336]]},"properties":{"name":"recon_line_1863_2040","loading_pct":25.6,"p_mw":-17.2,"synthetic":true,"tie":false}},{"type":"Feature","geometry":{"type":"LineString","coordinates":[[139.54728058,35.310502840000005],[139.56762256363638,35.30614032727272]]},"properties":{"name":"recon_line_1873_1817","loading_pct":26.3,"p_mw":-17.2,"synthetic":true,"tie":false}},{"type":"Feature","geometry":{"type":"LineString","coordinates":[[139.45333274,35.33682806],[139.44189824,35.34574858]]},"properties":{"name":"recon_line_1917_1925","loading_pct":26.5,"p_mw":-17.2,"synthetic":true,"tie":false}},{"type":"Feature","geometry":{"type":"LineString","coordinates":[[139.62145093333334,35.22585240833333],[139.6218901,35.2267756]]},"properties":{"name":"recon_line_1923_1622","loading_pct":25.3,"p_mw":-17.2,"synthetic":true,"tie":false}},{"type":"Feature","geometry":{"type":"LineString","coordinates":[[139.62154411666668,35.22668443333333],[139.6218901,35.2267756]]},"properties":{"name":"recon_line_1924_1622","loading_pct":25.3,"p_mw":-17.2,"synthetic":true,"tie":false}},{"type":"Feature","geometry":{"type":"LineString","coordinates":[[139.34588406666666,35.42662615555556],[139.34579951818182,35.42663738181818]]},"properties":{"name":"recon_line_1927_2108","loading_pct":25.5,"p_mw":-17.2,"synthetic":true,"tie":false}},{"type":"Feature","geometry":{"type":"LineString","coordinates":[[139.36541062857142,35.42875505714286],[139.36540688333335,35.42876155]]},"properties":{"name":"recon_line_1937_2037","loading_pct":25.9,"p_mw":-17.2,"synthetic":true,"tie":false}},{"type":"Feature","geometry":{"type":"LineString","coordinates":[[139.34598014444444,35.4265685],[139.34579951818182,35.42663738181818]]},"properties":{"name":"recon_line_1939_2108","loading_pct":3.9,"p_mw":-10.3,"synthetic":true,"tie":false}},{"type":"Feature","geometry":{"type":"LineString","coordinates":[[138.85056508333335,35.12573141666667],[138.8502901,35.1261032]]},"properties":{"name":"recon_line_1969_1888","loading_pct":25.7,"p_mw":-17.2,"synthetic":true,"tie":false}},{"type":"Feature","geometry":{"type":"LineString","coordinates":[[139.630678,35.75889494],[139.62138081428571,35.75036051428572]]},"properties":{"name":"recon_line_1971_1975","loading_pct":25.5,"p_mw":-17.2,"synthetic":true,"tie":false}},{"type":"Feature","geometry":{"type":"LineString","coordinates":[[139.61961048,35.731522940000005],[139.62138081428571,35.75036051428572]]},"properties":{"name":"recon_line_1978_1975","loading_pct":25.5,"p_mw":-17.2,"synthetic":true,"tie":false}},{"type":"Feature","geometry":{"type":"LineString","coordinates":[[139.60120626,35.74406556],[139.62138081428571,35.75036051428572]]},"properties":{"name":"recon_line_1979_1975","loading_pct":25.5,"p_mw":-17.2,"synthetic":true,"tie":false}},{"type":"Feature","geometry":{"type":"LineString","coordinates":[[139.43509441666666,35.52682983333333],[139.43283263333333,35.532984133333336]]},"properties":{"name":"recon_line_2010_2104","loading_pct":25.3,"p_mw":-17.2,"synthetic":true,"tie":false}},{"type":"Feature","geometry":{"type":"LineString","coordinates":[[139.60098693333333,35.39161364444445],[139.5861927,35.3754304625]]},"properties":{"name":"recon_line_2019_1994","loading_pct":26.5,"p_mw":-17.2,"synthetic":true,"tie":false}},{"type":"Feature","geometry":{"type":"LineString","coordinates":[[139.45567988,35.81102016],[139.45564654,35.810260979999995]]},"properties":{"name":"recon_line_2020_2022","loading_pct":25.3,"p_mw":-17.2,"synthetic":true,"tie":false}},{"type":"Feature","geometry":{"type":"LineString","coordinates":[[139.32165908,35.48883492],[139.34026251999998,35.49127012]]},"properties":{"name":"recon_line_2021_2036","loading_pct":45.7,"p_mw":-13.6,"synthetic":true,"tie":false}},{"type":"Feature","geometry":{"type":"LineString","coordinates":[[139.52617952,35.87990302],[139.51101867142856,35.875194428571426]]},"properties":{"name":"recon_line_2025_2069","loading_pct":25.3,"p_mw":-17.2,"synthetic":true,"tie":false}},{"type":"Feature","geometry":{"type":"LineString","coordinates":[[139.6364714,35.85119449230769],[139.65173592857144,35.847149585714284]]},"properties":{"name":"recon_line_2026_2554","loading_pct":25.8,"p_mw":-17.2,"synthetic":true,"tie":false}},{"type":"Feature","geometry":{"type":"LineString","coordinates":[[139.636189425,35.851114125],[139.65173592857144,35.847149585714284]]},"properties":{"name":"recon_line_2027_2554","loading_pct":25.8,"p_mw":-17.2,"synthetic":true,"tie":false}},{"type":"Feature","geometry":{"type":"LineString","coordinates":[[139.62322295714287,35.85318578571429],[139.65173592857144,35.847149585714284]]},"properties":{"name":"recon_line_2028_2554","loading_pct":25.8,"p_mw":-17.2,"synthetic":true,"tie":false}},{"type":"Feature","geometry":{"type":"LineString","coordinates":[[139.32115996,35.48042948],[139.34026251999998,35.49127012]]},"properties":{"name":"recon_line_2041_2036","loading_pct":25.4,"p_mw":-17.2,"synthetic":true,"tie":false}},{"type":"Feature","geometry":{"type":"LineString","coordinates":[[139.62103552222223,35.43315184444444],[139.61175152857143,35.43704917142857]]},"properties":{"name":"recon_line_2045_1841","loading_pct":108.3,"p_mw":106.3,"synthetic":true,"tie":false}},{"type":"Feature","geometry":{"type":"LineString","coordinates":[[139.52547598,35.85818046],[139.52266427142857,35.844197685714285]]},"properties":{"name":"recon_line_2068_1845","loading_pct":25.3,"p_mw":-17.2,"synthetic":true,"tie":false}},{"type":"Feature","geometry":{"type":"LineString","coordinates":[[139.45659722,35.812106740000004],[139.45564654,35.810260979999995]]},"properties":{"name":"recon_line_2076_2022","loading_pct":25.3,"p_mw":-17.2,"synthetic":true,"tie":false}},{"type":"Feature","geometry":{"type":"LineString","coordinates":[[139.45486822,35.81241794],[139.45564654,35.810260979999995]]},"properties":{"name":"recon_line_2077_2022","loading_pct":25.3,"p_mw":-17.2,"synthetic":true,"tie":false}},{"type":"Feature","geometry":{"type":"LineString","coordinates":[[139.64687878,35.57719024],[139.63725542857142,35.56746295714286]]},"properties":{"name":"recon_line_2092_1763","loading_pct":26.9,"p_mw":-17.2,"synthetic":true,"tie":false}},{"type":"Feature","geometry":{"type":"LineString","coordinates":[[139.32238358333333,35.31697143333333],[139.33816433333334,35.33080177777778]]},"properties":{"name":"recon_line_2110_1852","loading_pct":25.7,"p_mw":-17.2,"synthetic":true,"tie":false}},{"type":"Feature","geometry":{"type":"LineString","coordinates":[[138.9184152625,35.1278189875],[138.92619752000002,35.11581374]]},"properties":{"name":"recon_line_2111_1829","loading_pct":25.5,"p_mw":-17.2,"synthetic":true,"tie":false}},{"type":"Feature","geometry":{"type":"LineString","coordinates":[[139.34776437272728,35.76575661818182],[139.33118858,35.751731039999996]]},"properties":{"name":"recon_line_2114_1836","loading_pct":14.6,"p_mw":-6.4,"synthetic":true,"tie":false}},{"type":"Feature","geometry":{"type":"LineString","coordinates":[[139.6905314,35.5995041],[139.69024389999998,35.5989415125]]},"properties":{"name":"recon_line_2136_2167","loading_pct":31.0,"p_mw":-17.2,"synthetic":true,"tie":false}},{"type":"Feature","geometry":{"type":"LineString","coordinates":[[139.6772468,35.2700605],[139.67244476666667,35.28036586666666]]},"properties":{"name":"recon_line_2141_2328","loading_pct":25.4,"p_mw":-17.2,"synthetic":true,"tie":false}},{"type":"Feature","geometry":{"type":"LineString","coordinates":[[139.7394633,35.5964023],[139.69024389999998,35.5989415125]]},"properties":{"name":"recon_line_2142_2167","loading_pct":31.1,"p_mw":-17.2,"synthetic":true,"tie":false}},{"type":"Feature","geometry":{"type":"LineString","coordinates":[[139.7172007,35.7322667],[139.7657300857143,35.74704044285714]]},"properties":{"name":"recon_line_2143_2244","loading_pct":27.4,"p_mw":-17.2,"synthetic":true,"tie":false}},{"type":"Feature","geometry":{"type":"LineString","coordinates":[[139.7138952,35.727337],[139.665553925,35.7192901125]]},"properties":{"name":"recon_line_2144_2166","loading_pct":31.3,"p_mw":-17.2,"synthetic":true,"tie":false}},{"type":"Feature","geometry":{"type":"LineString","coordinates":[[139.6989116,35.6952986],[139.65634546249998,35.7058261125]]},"properties":{"name":"recon_line_2145_2450","loading_pct":31.4,"p_mw":-17.2,"synthetic":true,"tie":false}},{"type":"Feature","geometry":{"type":"LineString","coordinates":[[139.7395519,35.7350383],[139.7657300857143,35.74704044285714]]},"properties":{"name":"recon_line_2146_2244","loading_pct":27.3,"p_mw":-17.2,"synthetic":true,"tie":false}},{"type":"Feature","geometry":{"type":"LineString","coordinates":[[139.6519502,35.8670865],[139.66025198333332,35.8758132]]},"properties":{"name":"recon_line_2148_2254","loading_pct":26.0,"p_mw":-17.2,"synthetic":true,"tie":false}},{"type":"Feature","geometry":{"type":"LineString","coordinates":[[139.6957790769231,35.71545260769231],[139.665553925,35.7192901125]]},"properties":{"name":"recon_line_2153_2166","loading_pct":31.2,"p_mw":-17.2,"synthetic":true,"tie":false}},{"type":"Feature","geometry":{"type":"LineString","coordinates":[[139.72003469999999,35.57126694],[139.6899785888889,35.568919244444444]]},"properties":{"name":"recon_line_2169_2240","loading_pct":26.9,"p_mw":-17.2,"synthetic":true,"tie":false}},{"type":"Feature","geometry":{"type":"LineString","coordinates":[[139.73158088,35.61614158],[139.69024389999998,35.5989415125]]},"properties":{"name":"recon_line_2175_2167","loading_pct":31.1,"p_mw":-17.2,"synthetic":true,"tie":false}},{"type":"Feature","geometry":{"type":"LineString","coordinates":[[139.73041672,35.68676938],[139.7523105,35.70026158333334]]},"properties":{"name":"recon_line_2178_2275","loading_pct":31.2,"p_mw":-17.2,"synthetic":true,"tie":false}},{"type":"Feature","geometry":{"type":"LineString","coordinates":[[139.78082846,35.61768928],[139.79695357999998,35.63891964]]},"properties":{"name":"recon_line_2183_2403","loading_pct":25.9,"p_mw":-17.2,"synthetic":true,"tie":false}},{"type":"Feature","geometry":{"type":"LineString","coordinates":[[139.76049175999998,35.65789906],[139.7908115333333,35.64785215238095]]},"properties":{"name":"recon_line_2184_2150","loading_pct":25.9,"p_mw":-17.2,"synthetic":true,"tie":false}},{"type":"Feature","geometry":{"type":"LineString","coordinates":[[139.82537861999998,35.66932482],[139.84032736,35.66355159]]},"properties":{"name":"recon_line_2185_2238","loading_pct":27.4,"p_mw":-17.2,"synthetic":true,"tie":false}},{"type":"Feature","geometry":{"type":"LineString","coordinates":[[139.72153864444442,35.68021993333333],[139.7523105,35.70026158333334]]},"properties":{"name":"recon_line_2198_2275","loading_pct":31.2,"p_mw":-17.2,"synthetic":true,"tie":false}},{"type":"Feature","geometry":{"type":"LineString","coordinates":[[139.75357176,35.5528867],[139.7635192818182,35.54543627272727]]},"properties":{"name":"recon_line_2202_2203","loading_pct":0.4,"p_mw":-1.7,"synthetic":true,"tie":false}},{"type":"Feature","geometry":{"type":"LineString","coordinates":[[139.82025624,35.698452700000004],[139.84977566666666,35.70683548666667]]},"properties":{"name":"recon_line_2205_2179","loading_pct":1.0,"p_mw":-5.2,"synthetic":true,"tie":false}},{"type":"Feature","geometry":{"type":"LineString","coordinates":[[139.75160196,35.65663008],[139.7908115333333,35.64785215238095]]},"properties":{"name":"recon_line_2206_2150","loading_pct":25.9,"p_mw":-17.2,"synthetic":true,"tie":false}},{"type":"Feature","geometry":{"type":"LineString","coordinates":[[139.74423762,35.64140544],[139.7908115333333,35.64785215238095]]},"properties":{"name":"recon_line_2207_2150","loading_pct":25.9,"p_mw":-17.2,"synthetic":true,"tie":false}},{"type":"Feature","geometry":{"type":"LineString","coordinates":[[139.69307202,35.68449072],[139.6613731,35.6617767]]},"properties":{"name":"recon_line_2208_2138","loading_pct":31.0,"p_mw":-17.2,"synthetic":true,"tie":false}},{"type":"Feature","geometry":{"type":"LineString","coordinates":[[139.71322802,35.63300334],[139.6796562142857,35.61186252857143]]},"properties":{"name":"recon_line_2209_2162","loading_pct":31.0,"p_mw":-17.2,"synthetic":true,"tie":false}},{"type":"Feature","geometry":{"type":"LineString","coordinates":[[139.696423175,35.5693872625],[139.6899785888889,35.568919244444444]]},"properties":{"name":"recon_line_2213_2240","loading_pct":52.6,"p_mw":827.6,"synthetic":true,"tie":false}},{"type":"Feature","geometry":{"type":"LineString","coordinates":[[139.75706376666665,35.62170704444444],[139.79695357999998,35.63891964]]},"properties":{"name":"recon_line_2214_2403","loading_pct":96.6,"p_mw":401.2,"synthetic":true,"tie":false}},{"type":"Feature","geometry":{"type":"LineString","coordinates":[[139.6998969,35.641810940000006],[139.66834314,35.63190814]]},"properties":{"name":"recon_line_2231_2163","loading_pct":31.0,"p_mw":-17.2,"synthetic":true,"tie":false}},{"type":"Feature","geometry":{"type":"LineString","coordinates":[[139.676435,35.51032686666667],[139.6740874333333,35.516566822222224]]},"properties":{"name":"recon_line_2237_2584","loading_pct":26.2,"p_mw":-17.2,"synthetic":true,"tie":false}},{"type":"Feature","geometry":{"type":"LineString","coordinates":[[139.6905569625,35.512535725],[139.69674064999998,35.51965585]]},"properties":{"name":"recon_line_2241_2161","loading_pct":26.0,"p_mw":-17.2,"synthetic":true,"tie":false}},{"type":"Feature","geometry":{"type":"LineString","coordinates":[[140.06242681999998,35.6342006],[140.0675301,35.655519042857144]]},"properties":{"name":"recon_line_2243_2266","loading_pct":25.3,"p_mw":-17.2,"synthetic":true,"tie":false}},{"type":"Feature","geometry":{"type":"LineString","coordinates":[[140.11996554,35.80055708],[140.12308038,35.7982666]]},"properties":{"name":"recon_line_2264_2453","loading_pct":10.9,"p_mw":-6.4,"synthetic":true,"tie":false}},{"type":"Feature","geometry":{"type":"LineString","coordinates":[[139.71312868,35.5315124],[139.69674064999998,35.51965585]]},"properties":{"name":"recon_line_2270_2161","loading_pct":26.0,"p_mw":-17.2,"synthetic":true,"tie":false}},{"type":"Feature","geometry":{"type":"LineString","coordinates":[[139.68864624,35.56963912],[139.6899785888889,35.568919244444444]]},"properties":{"name":"recon_line_2284_2240","loading_pct":26.9,"p_mw":-17.2,"synthetic":true,"tie":false}},{"type":"Feature","geometry":{"type":"LineString","coordinates":[[139.6740991,35.665878490909094],[139.6613731,35.6617767]]},"properties":{"name":"recon_line_2286_2138","loading_pct":30.9,"p_mw":-17.2,"synthetic":true,"tie":false}},{"type":"Feature","geometry":{"type":"LineString","coordinates":[[139.95653869,35.71263088],[139.96212075555556,35.711508211111116]]},"properties":{"name":"recon_line_2287_2502","loading_pct":25.7,"p_mw":-17.2,"synthetic":true,"tie":false}},{"type":"Feature","geometry":{"type":"LineString","coordinates":[[139.97977827142856,35.70201754285714],[139.9830504,35.7057939]]},"properties":{"name":"recon_line_2317_2233","loading_pct":25.7,"p_mw":-17.2,"synthetic":true,"tie":false}},{"type":"Feature","geometry":{"type":"LineString","coordinates":[[139.78441612,35.6756081],[139.77178545,35.694351399999995]]},"properties":{"name":"recon_line_2325_2168","loading_pct":0.7,"p_mw":-5.2,"synthetic":true,"tie":false}},{"type":"Feature","geometry":{"type":"LineString","coordinates":[[140.44345026000002,35.806022600000006],[140.44328305714285,35.80593595714286]]},"properties":{"name":"recon_line_2336_2438","loading_pct":20.7,"p_mw":-13.6,"synthetic":true,"tie":false}},{"type":"Feature","geometry":{"type":"LineString","coordinates":[[139.90554221666667,35.8957296],[139.9038198,35.8685412]]},"properties":{"name":"recon_line_2349_3867","loading_pct":38.1,"p_mw":26.1,"synthetic":true,"tie":false}},{"type":"Feature","geometry":{"type":"LineString","coordinates":[[139.76196336,35.515108680000004],[139.75982662,35.51461926]]},"properties":{"name":"recon_line_2357_2358","loading_pct":83.2,"p_mw":1217.3,"synthetic":true,"tie":false}},{"type":"Feature","geometry":{"type":"LineString","coordinates":[[139.71295586363638,35.54734061818181],[139.73318476666665,35.548429133333336]]},"properties":{"name":"recon_line_2359_2582","loading_pct":53.1,"p_mw":-909.1,"synthetic":true,"tie":false}},{"type":"Feature","geometry":{"type":"LineString","coordinates":[[139.7660182857143,35.74643053333333],[139.7657300857143,35.74704044285714]]},"properties":{"name":"recon_line_2361_2244","loading_pct":27.3,"p_mw":-17.2,"synthetic":true,"tie":false}},{"type":"Feature","geometry":{"type":"LineString","coordinates":[[139.73416278,35.57555618],[139.73318476666665,35.548429133333336]]},"properties":{"name":"recon_line_2367_2582","loading_pct":26.1,"p_mw":-17.2,"synthetic":true,"tie":false}},{"type":"Feature","geometry":{"type":"LineString","coordinates":[[140.12370095714286,35.61759542857143],[140.12431446666668,35.617703766666665]]},"properties":{"name":"recon_line_2372_2493","loading_pct":25.4,"p_mw":-17.2,"synthetic":true,"tie":false}},{"type":"Feature","geometry":{"type":"LineString","coordinates":[[139.73147600000001,35.6167377],[139.69024389999998,35.5989415125]]},"properties":{"name":"recon_line_2380_2167","loading_pct":31.1,"p_mw":-17.2,"synthetic":true,"tie":false}},{"type":"Feature","geometry":{"type":"LineString","coordinates":[[139.75414898333332,35.55308681666667],[139.7635192818182,35.54543627272727]]},"properties":{"name":"recon_line_2382_2203","loading_pct":25.3,"p_mw":-17.2,"synthetic":true,"tie":false}},{"type":"Feature","geometry":{"type":"LineString","coordinates":[[139.72594142857142,35.729026857142856],[139.7523105,35.70026158333334]]},"properties":{"name":"recon_line_2383_2275","loading_pct":31.2,"p_mw":-17.2,"synthetic":true,"tie":false}},{"type":"Feature","geometry":{"type":"LineString","coordinates":[[139.7596026,35.61466078],[139.79695357999998,35.63891964]]},"properties":{"name":"recon_line_2408_2403","loading_pct":80.2,"p_mw":367.2,"synthetic":true,"tie":false}},{"type":"Feature","geometry":{"type":"LineString","coordinates":[[139.69312375,35.68457334166667],[139.6613731,35.6617767]]},"properties":{"name":"recon_line_2410_2138","loading_pct":31.0,"p_mw":-17.2,"synthetic":true,"tie":false}},{"type":"Feature","geometry":{"type":"LineString","coordinates":[[139.68653015789474,35.694618463157894],[139.65634546249998,35.7058261125]]},"properties":{"name":"recon_line_2415_2450","loading_pct":31.3,"p_mw":-17.2,"synthetic":true,"tie":false}},{"type":"Feature","geometry":{"type":"LineString","coordinates":[[139.77145433548387,35.738580225806444],[139.7657300857143,35.74704044285714]]},"properties":{"name":"recon_line_2420_2244","loading_pct":27.3,"p_mw":-17.2,"synthetic":true,"tie":false}},{"type":"Feature","geometry":{"type":"LineString","coordinates":[[139.78525541428573,35.734058499999996],[139.7898060357143,35.72706735714286]]},"properties":{"name":"recon_line_2422_2285","loading_pct":31.1,"p_mw":-17.2,"synthetic":true,"tie":false}},{"type":"Feature","geometry":{"type":"LineString","coordinates":[[139.68922210000002,35.691058516666665],[139.65634546249998,35.7058261125]]},"properties":{"name":"recon_line_2423_2450","loading_pct":2.8,"p_mw":-5.2,"synthetic":true,"tie":false}},{"type":"Feature","geometry":{"type":"LineString","coordinates":[[139.69856668,35.69264502],[139.65634546249998,35.7058261125]]},"properties":{"name":"recon_line_2424_2450","loading_pct":31.4,"p_mw":-17.2,"synthetic":true,"tie":false}},{"type":"Feature","geometry":{"type":"LineString","coordinates":[[139.7103690857143,35.692064457142855],[139.7523105,35.70026158333334]]},"properties":{"name":"recon_line_2425_2275","loading_pct":0.7,"p_mw":-5.2,"synthetic":true,"tie":false}},{"type":"Feature","geometry":{"type":"LineString","coordinates":[[139.72020898,35.72879036],[139.7523105,35.70026158333334]]},"properties":{"name":"recon_line_2426_2275","loading_pct":0.7,"p_mw":-5.2,"synthetic":true,"tie":false}},{"type":"Feature","geometry":{"type":"LineString","coordinates":[[139.72301592,35.67296416000001],[139.75953234285714,35.692538042857144]]},"properties":{"name":"recon_line_2427_2263","loading_pct":0.7,"p_mw":-5.2,"synthetic":true,"tie":false}},{"type":"Feature","geometry":{"type":"LineString","coordinates":[[139.75844139999998,35.670200019999996],[139.7604165,35.692466]]},"properties":{"name":"recon_line_2430_2139","loading_pct":0.7,"p_mw":-5.2,"synthetic":true,"tie":false}},{"type":"Feature","geometry":{"type":"LineString","coordinates":[[140.1234174818182,35.60823891818182],[140.12431446666668,35.617703766666665]]},"properties":{"name":"recon_line_2492_2493","loading_pct":25.5,"p_mw":-17.2,"synthetic":true,"tie":false}},{"type":"Feature","geometry":{"type":"LineString","coordinates":[[139.65172332,35.85594208],[139.65173592857144,35.847149585714284]]},"properties":{"name":"recon_line_2555_2554","loading_pct":200,"p_mw":-13.6,"synthetic":true,"tie":false}},{"type":"Feature","geometry":{"type":"LineString","coordinates":[[139.67315388,35.81202434],[139.66992476000001,35.81691938]]},"properties":{"name":"recon_line_2558_2557","loading_pct":26.1,"p_mw":-17.2,"synthetic":true,"tie":false}},{"type":"Feature","geometry":{"type":"LineString","coordinates":[[139.69127677777777,35.757545444444446],[139.68861166666667,35.781191983333336]]},"properties":{"name":"recon_line_2563_2560","loading_pct":9.3,"p_mw":-10.3,"synthetic":true,"tie":false}},{"type":"Feature","geometry":{"type":"LineString","coordinates":[[139.73615894,35.79683574],[139.748642,35.7877195]]},"properties":{"name":"recon_line_2564_3709","loading_pct":26.3,"p_mw":-17.2,"synthetic":true,"tie":false}},{"type":"Feature","geometry":{"type":"LineString","coordinates":[[139.73393512307692,35.806743476923074],[139.7364005166667,35.821846423333334]]},"properties":{"name":"recon_line_2565_2172","loading_pct":26.3,"p_mw":-17.2,"synthetic":true,"tie":false}},{"type":"Feature","geometry":{"type":"LineString","coordinates":[[139.72052425384615,35.799108730769234],[139.70711138571428,35.81061688571429]]},"properties":{"name":"recon_line_2566_2567","loading_pct":26.1,"p_mw":-17.2,"synthetic":true,"tie":false}},{"type":"Feature","geometry":{"type":"LineString","coordinates":[[139.6860044625,35.7688025125],[139.68861166666667,35.781191983333336]]},"properties":{"name":"recon_line_2574_2560","loading_pct":26.0,"p_mw":-17.2,"synthetic":true,"tie":false}},{"type":"Feature","geometry":{"type":"LineString","coordinates":[[139.67891838,35.77578158],[139.68861166666667,35.781191983333336]]},"properties":{"name":"recon_line_2575_2560","loading_pct":26.0,"p_mw":-17.2,"synthetic":true,"tie":false}},{"type":"Feature","geometry":{"type":"LineString","coordinates":[[139.6748048375,35.745895025],[139.64975843333332,35.7568964]]},"properties":{"name":"recon_line_2576_1723","loading_pct":26.1,"p_mw":-17.2,"synthetic":true,"tie":false}},{"type":"Feature","geometry":{"type":"LineString","coordinates":[[139.69882064,35.74335802],[139.665553925,35.7192901125]]},"properties":{"name":"recon_line_2577_2166","loading_pct":31.3,"p_mw":-17.2,"synthetic":true,"tie":false}},{"type":"Feature","geometry":{"type":"LineString","coordinates":[[139.74306840000003,35.75224136],[139.7657300857143,35.74704044285714]]},"properties":{"name":"recon_line_2578_2244","loading_pct":27.3,"p_mw":-17.2,"synthetic":true,"tie":false}},{"type":"Feature","geometry":{"type":"LineString","coordinates":[[139.72803693999998,35.73462868],[139.7657300857143,35.74704044285714]]},"properties":{"name":"recon_line_2579_2244","loading_pct":27.4,"p_mw":-17.2,"synthetic":true,"tie":false}},{"type":"Feature","geometry":{"type":"LineString","coordinates":[[139.75115952857143,35.734000442857145],[139.7657300857143,35.74704044285714]]},"properties":{"name":"recon_line_2580_2244","loading_pct":27.3,"p_mw":-17.2,"synthetic":true,"tie":false}},{"type":"Feature","geometry":{"type":"LineString","coordinates":[[139.7085276,35.70057971999999],[139.7523105,35.70026158333334]]},"properties":{"name":"recon_line_2581_2275","loading_pct":31.2,"p_mw":-17.2,"synthetic":true,"tie":false}},{"type":"Feature","geometry":{"type":"LineString","coordinates":[[139.68226492857144,35.76114554285714],[139.68861166666667,35.781191983333336]]},"properties":{"name":"recon_line_2585_2560","loading_pct":26.1,"p_mw":-17.2,"synthetic":true,"tie":false}},{"type":"Feature","geometry":{"type":"LineString","coordinates":[[139.70752831428572,35.74680621428571],[139.73365813333334,35.77346648333333]]},"properties":{"name":"recon_line_2586_2360","loading_pct":26.3,"p_mw":-17.2,"synthetic":true,"tie":false}},{"type":"Feature","geometry":{"type":"LineString","coordinates":[[139.71391346428572,35.73631387142857],[139.73365813333334,35.77346648333333]]},"properties":{"name":"recon_line_2587_2360","loading_pct":126.1,"p_mw":-6.4,"synthetic":true,"tie":false}},{"type":"Feature","geometry":{"type":"LineString","coordinates":[[139.72828654,35.55156744],[139.73318476666665,35.548429133333336]]},"properties":{"name":"recon_line_2588_2582","loading_pct":26.0,"p_mw":-17.2,"synthetic":true,"tie":false}},{"type":"Feature","geometry":{"type":"LineString","coordinates":[[139.66478245,35.568791833333336],[139.66213752,35.55762842]]},"properties":{"name":"recon_line_2593_2212","loading_pct":26.9,"p_mw":-17.2,"synthetic":true,"tie":false}},{"type":"Feature","geometry":{"type":"LineString","coordinates":[[139.9264135125,35.736329525],[139.90669632857143,35.729820485714285]]},"properties":{"name":"recon_line_2595_2210","loading_pct":27.0,"p_mw":-17.2,"synthetic":true,"tie":false}},{"type":"Feature","geometry":{"type":"LineString","coordinates":[[138.81727694,36.99109222],[138.80036582,36.94970894]]},"properties":{"name":"recon_line_2675_2684","loading_pct":19.4,"p_mw":-9.8,"synthetic":true,"tie":false}},{"type":"Feature","geometry":{"type":"LineString","coordinates":[[139.00490464444445,36.326406133333336],[139.01489968,36.32738663]]},"properties":{"name":"recon_line_2681_2686","loading_pct":25.3,"p_mw":-17.2,"synthetic":true,"tie":false}},{"type":"Feature","geometry":{"type":"LineString","coordinates":[[139.48816511428572,36.71770994285714],[139.5104834,36.7106095]]},"properties":{"name":"recon_line_2687_4121","loading_pct":25.4,"p_mw":-17.2,"synthetic":true,"tie":false}},{"type":"Feature","geometry":{"type":"LineString","coordinates":[[138.64480705,36.34303466666666],[138.63779881538463,36.328389407692306]]},"properties":{"name":"recon_line_2756_2906","loading_pct":25.8,"p_mw":-17.2,"synthetic":true,"tie":false}},{"type":"Feature","geometry":{"type":"LineString","coordinates":[[139.33197796,36.407533539999996],[139.33185794000002,36.40756974]]},"properties":{"name":"recon_line_2764_2658","loading_pct":21.9,"p_mw":-13.6,"synthetic":true,"tie":false}},{"type":"Feature","geometry":{"type":"LineString","coordinates":[[139.54476694285714,36.142360385714284],[139.5450058,36.1608473]]},"properties":{"name":"recon_line_2796_3908","loading_pct":18.1,"p_mw":-10.0,"synthetic":true,"tie":false}},{"type":"Feature","geometry":{"type":"LineString","coordinates":[[139.62118107619048,36.052304676190474],[139.62929326,36.06887626]]},"properties":{"name":"recon_line_2799_2798","loading_pct":21.5,"p_mw":-13.6,"synthetic":true,"tie":false}},{"type":"Feature","geometry":{"type":"LineString","coordinates":[[139.63657694,35.94094632],[139.65781784285716,35.945680942857145]]},"properties":{"name":"recon_line_2804_3033","loading_pct":25.6,"p_mw":-17.4,"synthetic":true,"tie":false}},{"type":"Feature","geometry":{"type":"LineString","coordinates":[[139.6360888857143,35.94082012857143],[139.65781784285716,35.945680942857145]]},"properties":{"name":"recon_line_2805_3033","loading_pct":25.0,"p_mw":-17.0,"synthetic":true,"tie":false}},{"type":"Feature","geometry":{"type":"LineString","coordinates":[[139.2079611833333,36.11351833333333],[139.19686436666666,36.10104151666667]]},"properties":{"name":"recon_line_2913_2912","loading_pct":34.3,"p_mw":22.5,"synthetic":true,"tie":false}},{"type":"Feature","geometry":{"type":"LineString","coordinates":[[139.30612207,35.95477579],[139.32600032,35.94933796]]},"properties":{"name":"recon_line_2948_2672","loading_pct":38.4,"p_mw":-13.6,"synthetic":true,"tie":false}},{"type":"Feature","geometry":{"type":"LineString","coordinates":[[140.46966079999999,36.37811178571429],[140.47985631363636,36.37663174090909]]},"properties":{"name":"recon_line_3056_3110","loading_pct":25.7,"p_mw":-17.2,"synthetic":true,"tie":false}},{"type":"Feature","geometry":{"type":"LineString","coordinates":[[140.89647565714287,36.99990104285714],[140.89647565714287,36.99990104285714]]},"properties":{"name":"recon_line_3081_201","loading_pct":200,"p_mw":-344.6,"synthetic":true,"tie":true}},{"type":"Feature","geometry":{"type":"LineString","coordinates":[[140.07269843333336,36.135065733333334],[140.0897037,36.1261043]]},"properties":{"name":"recon_line_3149_4419","loading_pct":65.7,"p_mw":22.3,"synthetic":true,"tie":false}},{"type":"Feature","geometry":{"type":"LineString","coordinates":[[139.72718498571427,36.48523047142857],[139.7829366,36.4820364]]},"properties":{"name":"recon_line_3191_4359","loading_pct":24.9,"p_mw":-13.1,"synthetic":true,"tie":false}},{"type":"Feature","geometry":{"type":"LineString","coordinates":[[140.04480726000003,36.149317759999995],[140.0757167,36.1587178]]},"properties":{"name":"recon_line_3239_4481","loading_pct":26.7,"p_mw":-5.0,"synthetic":true,"tie":false}},{"type":"Feature","geometry":{"type":"LineString","coordinates":[[140.48312742857144,36.362286999999995],[140.48985901666666,36.37212865]]},"properties":{"name":"recon_line_3248_3109","loading_pct":25.7,"p_mw":-17.2,"synthetic":true,"tie":false}},{"type":"Feature","geometry":{"type":"LineString","coordinates":[[139.81501518333332,36.974467233333336],[139.8642624,36.993516]]},"properties":{"name":"recon_line_3283_963","loading_pct":25.2,"p_mw":-17.2,"synthetic":true,"tie":true}},{"type":"Feature","geometry":{"type":"LineString","coordinates":[[140.19934759,36.08127843],[140.20510635833332,36.082366025]]},"properties":{"name":"recon_line_3316_3262","loading_pct":25.3,"p_mw":-17.2,"synthetic":true,"tie":false}},{"type":"Feature","geometry":{"type":"LineString","coordinates":[[139.3840517,35.4078827],[139.3943869,35.4065499]]},"properties":{"name":"recon_line_3346_3348","loading_pct":25.8,"p_mw":-17.1,"synthetic":true,"tie":false}},{"type":"Feature","geometry":{"type":"LineString","coordinates":[[139.3840624,35.4075486],[139.3943869,35.4065499]]},"properties":{"name":"recon_line_3347_3348","loading_pct":25.9,"p_mw":-17.2,"synthetic":true,"tie":false}},{"type":"Feature","geometry":{"type":"LineString","coordinates":[[138.6402239,35.1962774],[138.6426555,35.189764]]},"properties":{"name":"recon_line_3381_3466","loading_pct":22.0,"p_mw":-14.0,"synthetic":true,"tie":false}},{"type":"Feature","geometry":{"type":"LineString","coordinates":[[138.6426191,35.189637],[138.6426917,35.1895405]]},"properties":{"name":"recon_line_3382_3464","loading_pct":31.6,"p_mw":-20.4,"synthetic":true,"tie":false}},{"type":"Feature","geometry":{"type":"LineString","coordinates":[[138.6437169,35.2611157],[138.6120617,35.2393092]]},"properties":{"name":"recon_line_3416_3626","loading_pct":27.0,"p_mw":-16.4,"synthetic":true,"tie":false}},{"type":"Feature","geometry":{"type":"LineString","coordinates":[[138.6474314,35.2490143],[138.6120617,35.2393092]]},"properties":{"name":"recon_line_3417_3626","loading_pct":29.4,"p_mw":-17.9,"synthetic":true,"tie":false}},{"type":"Feature","geometry":{"type":"LineString","coordinates":[[139.04353,35.255789],[139.047443,35.255238]]},"properties":{"name":"recon_line_3502_3507","loading_pct":27.7,"p_mw":-18.2,"synthetic":true,"tie":false}},{"type":"Feature","geometry":{"type":"LineString","coordinates":[[139.043127,35.253961],[139.047443,35.255238]]},"properties":{"name":"recon_line_3503_3507","loading_pct":24.7,"p_mw":-16.2,"synthetic":true,"tie":false}},{"type":"Feature","geometry":{"type":"LineString","coordinates":[[139.089905,35.348896],[139.0922523,35.3507851]]},"properties":{"name":"recon_line_3511_3482","loading_pct":48.4,"p_mw":-31.8,"synthetic":true,"tie":false}},{"type":"Feature","geometry":{"type":"LineString","coordinates":[[139.099261,35.346767],[139.0950485,35.3496259]]},"properties":{"name":"recon_line_3512_3484","loading_pct":19.4,"p_mw":-12.8,"synthetic":true,"tie":false}},{"type":"Feature","geometry":{"type":"LineString","coordinates":[[139.108008,35.349901],[139.0950485,35.3496259]]},"properties":{"name":"recon_line_3513_3484","loading_pct":16.1,"p_mw":-10.6,"synthetic":true,"tie":false}},{"type":"Feature","geometry":{"type":"LineString","coordinates":[[139.098981,35.346842],[139.0950485,35.3496259]]},"properties":{"name":"recon_line_3516_3484","loading_pct":20.8,"p_mw":-13.6,"synthetic":true,"tie":false}},{"type":"Feature","geometry":{"type":"LineString","coordinates":[[138.6909313,35.6874366],[138.7189904,35.7128328]]},"properties":{"name":"recon_line_3523_3525","loading_pct":25.1,"p_mw":-16.9,"synthetic":true,"tie":false}},{"type":"Feature","geometry":{"type":"LineString","coordinates":[[138.692318,35.6881925],[138.7189904,35.7128328]]},"properties":{"name":"recon_line_3524_3525","loading_pct":26.1,"p_mw":-17.5,"synthetic":true,"tie":false}},{"type":"Feature","geometry":{"type":"LineString","coordinates":[[139.0338895,34.8118159],[139.0338305,34.8119166]]},"properties":{"name":"recon_line_3539_3604","loading_pct":51.4,"p_mw":-34.5,"synthetic":true,"tie":false}},{"type":"Feature","geometry":{"type":"LineString","coordinates":[[138.4030066,35.42651],[138.4029898,35.4254786]]},"properties":{"name":"recon_line_3588_3432","loading_pct":36.1,"p_mw":-22.9,"synthetic":true,"tie":false}},{"type":"Feature","geometry":{"type":"LineString","coordinates":[[138.4058255,35.4280518],[138.4029898,35.4254786]]},"properties":{"name":"recon_line_3589_3432","loading_pct":18.0,"p_mw":-11.4,"synthetic":true,"tie":false}},{"type":"Feature","geometry":{"type":"LineString","coordinates":[[138.365951,35.4101497],[138.4029898,35.4254786]]},"properties":{"name":"recon_line_3590_3432","loading_pct":27.1,"p_mw":-17.2,"synthetic":true,"tie":false}},{"type":"Feature","geometry":{"type":"LineString","coordinates":[[138.4398879,35.4098828],[138.4029898,35.4254786]]},"properties":{"name":"recon_line_3591_3432","loading_pct":27.1,"p_mw":-17.2,"synthetic":true,"tie":false}},{"type":"Feature","geometry":{"type":"LineString","coordinates":[[138.4030281,35.4260374],[138.4029898,35.4254786]]},"properties":{"name":"recon_line_3593_3432","loading_pct":54.3,"p_mw":-34.5,"synthetic":true,"tie":false}},{"type":"Feature","geometry":{"type":"LineString","coordinates":[[138.4374227,35.4100298],[138.4029898,35.4254786]]},"properties":{"name":"recon_line_3594_3432","loading_pct":26.0,"p_mw":-16.5,"synthetic":true,"tie":false}},{"type":"Feature","geometry":{"type":"LineString","coordinates":[[138.4352377,35.4123243],[138.4029898,35.4254786]]},"properties":{"name":"recon_line_3595_3432","loading_pct":28.2,"p_mw":-17.9,"synthetic":true,"tie":false}},{"type":"Feature","geometry":{"type":"LineString","coordinates":[[138.9195312,35.0735627],[138.94820156,35.06222304]]},"properties":{"name":"recon_line_3597_2073","loading_pct":22.6,"p_mw":-7.4,"synthetic":true,"tie":false}},{"type":"Feature","geometry":{"type":"LineString","coordinates":[[138.9198404,35.0765051],[138.9344034,35.0986488]]},"properties":{"name":"recon_line_3598_3435","loading_pct":41.6,"p_mw":-27.0,"synthetic":true,"tie":false}},{"type":"Feature","geometry":{"type":"LineString","coordinates":[[138.4260791,34.9911774],[138.45498622222223,35.016292633333336]]},"properties":{"name":"recon_line_3611_1806","loading_pct":32.9,"p_mw":-22.1,"synthetic":true,"tie":false}},{"type":"Feature","geometry":{"type":"LineString","coordinates":[[138.4086265,35.0110355],[138.45498622222223,35.016292633333336]]},"properties":{"name":"recon_line_3612_1806","loading_pct":34.9,"p_mw":-23.4,"synthetic":true,"tie":false}},{"type":"Feature","geometry":{"type":"LineString","coordinates":[[138.4124504,35.0221183],[138.45498622222223,35.016292633333336]]},"properties":{"name":"recon_line_3614_1806","loading_pct":34.7,"p_mw":-23.3,"synthetic":true,"tie":false}},{"type":"Feature","geometry":{"type":"LineString","coordinates":[[139.3010427,35.8081996],[139.31695337272728,35.79466388181818]]},"properties":{"name":"recon_line_3627_1627","loading_pct":25.4,"p_mw":-17.1,"synthetic":true,"tie":false}},{"type":"Feature","geometry":{"type":"LineString","coordinates":[[139.301052,35.8080585],[139.31695337272728,35.79466388181818]]},"properties":{"name":"recon_line_3628_1627","loading_pct":25.5,"p_mw":-17.2,"synthetic":true,"tie":false}},{"type":"Feature","geometry":{"type":"LineString","coordinates":[[139.2513379,35.8143257],[139.26969224166666,35.796869091666665]]},"properties":{"name":"recon_line_3639_1995","loading_pct":29.5,"p_mw":-20.0,"synthetic":true,"tie":false}},{"type":"Feature","geometry":{"type":"LineString","coordinates":[[139.2451372,35.8181764],[139.26969224166666,35.796869091666665]]},"properties":{"name":"recon_line_3640_1995","loading_pct":24.1,"p_mw":-16.4,"synthetic":true,"tie":false}},{"type":"Feature","geometry":{"type":"LineString","coordinates":[[139.2451108,35.8181496],[139.26969224166666,35.796869091666665]]},"properties":{"name":"recon_line_3641_1995","loading_pct":24.2,"p_mw":-16.4,"synthetic":true,"tie":false}},{"type":"Feature","geometry":{"type":"LineString","coordinates":[[139.2441629,35.8183398],[139.26969224166666,35.796869091666665]]},"properties":{"name":"recon_line_3642_1995","loading_pct":23.7,"p_mw":-16.0,"synthetic":true,"tie":false}},{"type":"Feature","geometry":{"type":"LineString","coordinates":[[140.1822377,35.5628301],[140.173186,35.584303]]},"properties":{"name":"recon_line_3706_3677","loading_pct":27.6,"p_mw":-18.7,"synthetic":true,"tie":false}},{"type":"Feature","geometry":{"type":"LineString","coordinates":[[140.1855705,35.558677],[140.173186,35.584303]]},"properties":{"name":"recon_line_3707_3677","loading_pct":23.2,"p_mw":-15.7,"synthetic":true,"tie":false}},{"type":"Feature","geometry":{"type":"LineString","coordinates":[[139.7920207,35.7005786],[139.77178545,35.694351399999995]]},"properties":{"name":"recon_line_3738_2168","loading_pct":32.1,"p_mw":-17.7,"synthetic":true,"tie":false}},{"type":"Feature","geometry":{"type":"LineString","coordinates":[[139.7937686,35.6999056],[139.77178545,35.694351399999995]]},"properties":{"name":"recon_line_3739_2168","loading_pct":30.2,"p_mw":-16.7,"synthetic":true,"tie":false}},{"type":"Feature","geometry":{"type":"LineString","coordinates":[[140.2144713,35.122729],[140.2112883,35.1451236]]},"properties":{"name":"recon_line_3744_3762","loading_pct":26.5,"p_mw":-17.7,"synthetic":true,"tie":false}},{"type":"Feature","geometry":{"type":"LineString","coordinates":[[140.2137283,35.1213293],[140.2112883,35.1451236]]},"properties":{"name":"recon_line_3745_3762","loading_pct":25.1,"p_mw":-16.7,"synthetic":true,"tie":false}},{"type":"Feature","geometry":{"type":"LineString","coordinates":[[139.6954032,35.5529106],[139.6756872,35.551652257142855]]},"properties":{"name":"recon_line_3750_2204","loading_pct":48.4,"p_mw":39.7,"synthetic":true,"tie":false}},{"type":"Feature","geometry":{"type":"LineString","coordinates":[[138.7711437,36.8745711],[138.7491316,36.891262]]},"properties":{"name":"recon_line_3892_3889","loading_pct":14.6,"p_mw":38.9,"synthetic":true,"tie":false}},{"type":"Feature","geometry":{"type":"LineString","coordinates":[[138.6783931,37.0098951],[138.6852295,37.05175]]},"properties":{"name":"recon_line_3893_3935","loading_pct":0.9,"p_mw":-2.1,"synthetic":true,"tie":false}},{"type":"Feature","geometry":{"type":"LineString","coordinates":[[138.7808332,36.8287852],[138.7668437,36.8458972]]},"properties":{"name":"recon_line_3931_3932","loading_pct":38.4,"p_mw":-102.4,"synthetic":true,"tie":false}},{"type":"Feature","geometry":{"type":"LineString","coordinates":[[138.7736411,36.8874881],[138.7491316,36.891262]]},"properties":{"name":"recon_line_3933_3889","loading_pct":9.2,"p_mw":24.3,"synthetic":true,"tie":false}},{"type":"Feature","geometry":{"type":"LineString","coordinates":[[139.6022561,36.2213209],[139.6241185,36.2258299]]},"properties":{"name":"recon_line_3986_4034","loading_pct":25.5,"p_mw":-17.3,"synthetic":true,"tie":false}},{"type":"Feature","geometry":{"type":"LineString","coordinates":[[139.6020911,36.221176],[139.6241185,36.2258299]]},"properties":{"name":"recon_line_3987_4034","loading_pct":25.3,"p_mw":-17.1,"synthetic":true,"tie":false}},{"type":"Feature","geometry":{"type":"LineString","coordinates":[[138.7283899,36.5751558],[138.7333444,36.5721585]]},"properties":{"name":"recon_line_4003_4082","loading_pct":16.0,"p_mw":-10.7,"synthetic":true,"tie":false}},{"type":"Feature","geometry":{"type":"LineString","coordinates":[[138.7329698,36.5718363],[138.7333444,36.5721585]]},"properties":{"name":"recon_line_4004_4082","loading_pct":35.3,"p_mw":-23.7,"synthetic":true,"tie":false}},{"type":"Feature","geometry":{"type":"LineString","coordinates":[[139.2328343,36.8075538],[139.2302987,36.7987897]]},"properties":{"name":"recon_line_4010_4059","loading_pct":51.1,"p_mw":-34.4,"synthetic":true,"tie":false}},{"type":"Feature","geometry":{"type":"LineString","coordinates":[[139.3470119,36.8251282],[139.3134205,36.8089242]]},"properties":{"name":"recon_line_4053_4055","loading_pct":13.7,"p_mw":-9.3,"synthetic":true,"tie":false}},{"type":"Feature","geometry":{"type":"LineString","coordinates":[[139.3139152,36.8087765],[139.3134185,36.8088243]]},"properties":{"name":"recon_line_4054_4056","loading_pct":37.0,"p_mw":-25.1,"synthetic":true,"tie":false}},{"type":"Feature","geometry":{"type":"LineString","coordinates":[[139.5071697,36.7002468],[139.5075195,36.703761]]},"properties":{"name":"recon_line_4122_3981","loading_pct":3.6,"p_mw":-2.4,"synthetic":true,"tie":false}},{"type":"Feature","geometry":{"type":"LineString","coordinates":[[139.4500427,36.6576852],[139.4479107,36.6486543]]},"properties":{"name":"recon_line_4123_4124","loading_pct":47.2,"p_mw":-32.0,"synthetic":true,"tie":false}},{"type":"Feature","geometry":{"type":"LineString","coordinates":[[138.7993491,36.969391],[138.80036582,36.94970894]]},"properties":{"name":"recon_line_4125_2684","loading_pct":26.5,"p_mw":-18.0,"synthetic":true,"tie":false}},{"type":"Feature","geometry":{"type":"LineString","coordinates":[[138.8000169,36.9714482],[138.80036582,36.94970894]]},"properties":{"name":"recon_line_4126_2684","loading_pct":24.2,"p_mw":-16.4,"synthetic":true,"tie":false}},{"type":"Feature","geometry":{"type":"LineString","coordinates":[[138.8002637,36.9701668],[138.80036582,36.94970894]]},"properties":{"name":"recon_line_4127_2684","loading_pct":26.8,"p_mw":-18.2,"synthetic":true,"tie":false}},{"type":"Feature","geometry":{"type":"LineString","coordinates":[[138.8021976,36.9727468],[138.80036582,36.94970894]]},"properties":{"name":"recon_line_4128_2684","loading_pct":23.9,"p_mw":-16.2,"synthetic":true,"tie":false}},{"type":"Feature","geometry":{"type":"LineString","coordinates":[[140.5704951,35.9072907],[140.53283664,35.89816134]]},"properties":{"name":"recon_line_4207_2211","loading_pct":23.7,"p_mw":-16.1,"synthetic":true,"tie":false}},{"type":"Feature","geometry":{"type":"LineString","coordinates":[[140.5659091,35.9053799],[140.53283664,35.89816134]]},"properties":{"name":"recon_line_4208_2211","loading_pct":27.0,"p_mw":-18.3,"synthetic":true,"tie":false}},{"type":"Feature","geometry":{"type":"LineString","coordinates":[[140.0651045,36.1568631],[140.0757167,36.1587178]]},"properties":{"name":"recon_line_4293_4481","loading_pct":33.6,"p_mw":-10.5,"synthetic":true,"tie":false}},{"type":"Feature","geometry":{"type":"LineString","coordinates":[[140.8614494,37.015314],[140.8606753,37.0087025]]},"properties":{"name":"recon_line_4311_4312","loading_pct":200,"p_mw":303.3,"synthetic":true,"tie":false}},{"type":"Feature","geometry":{"type":"LineString","coordinates":[[139.7844786,36.4892909],[139.7835099,36.482256]]},"properties":{"name":"recon_line_4361_4360","loading_pct":41.0,"p_mw":-26.8,"synthetic":true,"tie":false}},{"type":"Feature","geometry":{"type":"LineString","coordinates":[[140.0649977,36.1589409],[140.0757167,36.1587178]]},"properties":{"name":"recon_line_4420_4481","loading_pct":25.4,"p_mw":-12.4,"synthetic":true,"tie":false}},{"type":"Feature","geometry":{"type":"LineString","coordinates":[[140.0650902,36.1585338],[140.0757167,36.1587178]]},"properties":{"name":"recon_line_4421_4481","loading_pct":26.1,"p_mw":-12.3,"synthetic":true,"tie":false}},{"type":"Feature","geometry":{"type":"LineString","coordinates":[[140.069427,36.1604618],[140.0757167,36.1587178]]},"properties":{"name":"recon_line_4422_4481","loading_pct":30.2,"p_mw":-18.4,"synthetic":true,"tie":false}},{"type":"Feature","geometry":{"type":"LineString","coordinates":[[140.0586612,36.1575796],[140.0757167,36.1587178]]},"properties":{"name":"recon_line_4423_4481","loading_pct":48.8,"p_mw":-10.1,"synthetic":true,"tie":false}},{"type":"Feature","geometry":{"type":"LineString","coordinates":[[140.651807,36.793463],[140.6799359,36.777087]]},"properties":{"name":"recon_line_4489_4487","loading_pct":14.2,"p_mw":-9.5,"synthetic":true,"tie":false}},{"type":"Feature","geometry":{"type":"LineString","coordinates":[[140.6791399,36.7777721],[140.6799359,36.777087]]},"properties":{"name":"recon_line_4490_4487","loading_pct":37.0,"p_mw":-24.9,"synthetic":true,"tie":false}},{"type":"Feature","geometry":{"type":"LineString","coordinates":[[140.6896069,36.7769207],[140.686326,36.7800371]]},"properties":{"name":"recon_line_4493_1219","loading_pct":200,"p_mw":-298.7,"synthetic":true,"tie":true}},{"type":"Feature","geometry":{"type":"LineString","coordinates":[[140.6808387,36.7773353],[140.6800545,36.7770359]]},"properties":{"name":"recon_line_4494_4488","loading_pct":200,"p_mw":262.3,"synthetic":true,"tie":false}},{"type":"Feature","geometry":{"type":"LineString","coordinates":[[140.3935187,37.0199954],[140.3931311,37.0223254]]},"properties":{"name":"recon_line_4535_1281","loading_pct":74.4,"p_mw":-50.9,"synthetic":true,"tie":true}},{"type":"Feature","geometry":{"type":"LineString","coordinates":[[139.9867868,35.9394738],[140.00440773333332,35.93197991666667]]},"properties":{"name":"recon_line_4539_3266","loading_pct":25.1,"p_mw":-17.1,"synthetic":true,"tie":false}},{"type":"Feature","geometry":{"type":"LineString","coordinates":[[139.987051,35.9394327],[140.00440773333332,35.93197991666667]]},"properties":{"name":"recon_line_4540_3266","loading_pct":25.5,"p_mw":-17.3,"synthetic":true,"tie":false}}]}