muni_code,pref_code,pref_name,muni_name,n_bus,load_mw,customers,intensity_mean,expected_outage_days,served_t0,outage_customers_t0,phys_t0,outage_customers_phys_t0,served_t0.25,outage_customers_t0.25,phys_t0.25,outage_customers_phys_t0.25,served_t0.5,outage_customers_t0.5,phys_t0.5,outage_customers_phys_t0.5,served_t1,outage_customers_t1,phys_t1,outage_customers_phys_t1,served_t2,outage_customers_t2,phys_t2,outage_customers_phys_t2,served_t3,outage_customers_t3,phys_t3,outage_customers_phys_t3,served_t4,outage_customers_t4,phys_t4,outage_customers_phys_t4,served_t5,outage_customers_t5,phys_t5,outage_customers_phys_t5,served_t7,outage_customers_t7,phys_t7,outage_customers_phys_t7,served_t10,outage_customers_t10,phys_t10,outage_customers_phys_t10,served_t14,outage_customers_t14,phys_t14,outage_customers_phys_t14,served_t21,outage_customers_t21,phys_t21,outage_customers_phys_t21,served_t30,outage_customers_t30,phys_t30,outage_customers_phys_t30,served_t45,outage_customers_t45,phys_t45,outage_customers_phys_t45,served_t60,outage_customers_t60,phys_t60,outage_customers_phys_t60,served_t90,outage_customers_t90,phys_t90,outage_customers_phys_t90
22101,22,静岡県,静岡市葵区,48,255.00630684224473,141253.4934959493,5.830859272687134,2.0897757068548763,0.11741876514518965,124667.68271721086,0.14113445378151265,121317.75884666806,0.1342708953313467,122287.26045556762,0.16105042016806725,118504.55901821931,0.21901903682646634,110316.28940209295,0.2621428571428572,104224.89912951115,0.5138212531830082,68674.44645138271,0.5146218487394959,68561.35953215152,0.779018413607313,31214.42107624399,0.7793697478991598,31164.793880135705,0.8587597690159534,19950.676048671416,0.8591176470588237,19900.124524870505,0.8922106863370464,15225.617116422876,0.8925630252100841,15175.848019711866,0.9138645700972623,12166.930387537179,0.9147058823529413,12048.092092301558,0.9408603650406631,8353.680042081538,0.9411344537815127,8314.964049908613,0.9664138930810601,4744.15493522875,0.9665546218487397,4724.276505158641,0.9822063575822767,2513.414153521138,0.982857142857143,2421.4884599305606,0.9921568791781155,1107.8682160020364,0.9930252100840338,985.2134420305715,0.9948319327731093,730.0075504202429,0.9948319327731093,730.0075504202429,0.9987815126050422,172.11560131859383,0.9987815126050422,172.11560131859383,1.0,0.0,1.0,0.0,1.0,0.0,1.0,0.0
22102,22,静岡県,静岡市駿河区,16,70.78384339675526,39208.6975678105,6.238583710031989,2.5608836227458314,0.11353153105006636,34757.27410245797,0.13921920075201452,33750.09402989247,0.13663821155170108,33851.291254873344,0.16698876811707264,32661.285461486965,0.21177560147799143,30905.25205721877,0.2612845709355657,28964.06984686278,0.5160266396109727,18975.965118370328,0.5193133606574416,18847.097066869574,0.7733047571094263,8888.425218557848,0.7761637386766309,8776.328274937372,0.838046324333797,6349.992689191418,0.8408514189774366,6240.008581659864,0.8653149647671363,5280.824813355252,0.8680848073290187,5172.222894035951,0.8759884983582661,4862.329462800778,0.8780848073290187,4780.135918357846,0.9060774186010137,3682.5820888609096,0.9075367699971087,3625.362821326256,0.9410211496989878,2312.483904349556,0.9423776544308716,2259.2971205678123,0.9689171676826658,1218.717371881324,0.9696021756325336,1191.85910234341,0.9855186081508188,567.7965133754969,0.9864377750685226,531.7571756849131,0.9907748523628317,361.70602372412895,0.9907748523628317,361.70602372412895,0.9981614448473707,72.08735294117653,0.9981614448473707,72.08735294117653,1.0,0.0,1.0,0.0,1.0,0.0,1.0,0.0
22103,22,静岡県,静岡市清水区,24,332.1510719373776,183985.64278884153,6.274415865806645,9.586448965452552,0.0988370122467318,165801.05155929795,0.12229032258064518,161485.9791819867,0.11420769458432353,162973.06668931304,0.14145161290322583,157960.57686532312,0.18370441845155533,150186.66727688178,0.2261935483870968,142369.2773941526,0.43911513922291423,103194.76164060202,0.4466774193548387,101803.41066958061,0.6316385970894368,67773.20949309942,0.6401935483870969,66199.2212795722,0.7046565343372284,54338.957373449186,0.7150322580645162,52429.97317408471,0.730458549679287,49591.75699549297,0.7406129032258065,47723.50173113144,0.7465673139643286,46627.975643975675,0.7569677419354839,44714.44621842361,0.7860127238650477,39370.58654832255,0.7959354838709677,37544.94117039391,0.8349932944409311,30358.864786754446,0.843258064516129,28838.265751967134,0.8520541230642027,27219.91726599152,0.8587419354838709,25989.455799107647,0.8667591328630524,24514.406585933928,0.8703548387096776,23852.848334463033,0.8857830981535297,21014.270103572875,0.8871935483870969,20754.76751072835,0.9214193548387098,14457.71051076187,0.9214193548387098,14457.71051076187,0.9416129032258065,10742.387530574295,0.9416129032258065,10742.387530574295,0.9761971612009671,4379.380596639255,0.9779354838709677,4059.55418282476
22138,22,静岡県,浜松市中央区,54,627.8726714687201,347792.21507826186,6.289324450359841,21.242969129683598,0.08088884334452213,319659.7050763519,0.10360068259385669,311760.70419532433,0.09113064490605162,316097.68622487545,0.11687713310580206,307143.25806339795,0.14803853800888522,296305.5640272041,0.1895392491467577,281871.93977324036,0.37429069468814086,217616.82528949188,0.39259385665529023,211251.12804600084,0.5538346144198203,155172.8477421774,0.5799829351535839,146078.66535360503,0.6087959327779117,136057.72908679536,0.6369453924914676,126267.5661397614,0.627856294335528,129428.68372047946,0.6573549488054609,119169.28134055319,0.6361113282763796,126557.64718064445,0.6647440273037544,116599.41736224454,0.646595268220492,122911.41448473411,0.6731911262798635,113661.5820983582,0.6583109260253786,118836.79990567375,0.6865017064846418,109032.26592496155,0.6817116389535561,110698.2141219723,0.7043856655290104,102812.36419455169,0.6995651062835946,104488.91717243083,0.7203412969283278,97263.1198072108,0.71976380211327,97463.96800813601,0.7447440273037543,88776.04015598359,0.7757361613750403,77997.21719732866,0.7910921501706487,72656.52383938704,0.8208197344044217,62317.50146979753,0.8308361774744031,58833.86054728343,0.9090058300477923,31647.063926886232,0.9116552901023892,30725.602345736534
22139,22,静岡県,浜松市浜名区,26,171.43281132251747,94960.33176198271,5.981001352404825,3.4666399694250836,0.11553008869290353,83989.55621121329,0.1498125,80734.08705989068,0.12760982334893195,82842.46060068012,0.1653125,79262.20191757995,0.21797684807717455,74261.17795214293,0.2830625,68080.62285260648,0.5002052098794229,47460.679082760515,0.532,44441.435264607906,0.7558340472926284,23186.079874072588,0.8034375000000001,18665.64021196473,0.8309350316611744,16054.46548278398,0.8833125,11080.683712476359,0.8599756725029292,13296.75659387036,0.9133749999999999,8225.938738881752,0.875504718798169,11822.113205727195,0.9249374999999999,7127.959902883827,0.8996026624129956,9533.764485281732,0.9434375,5371.193765287148,0.9167261404299352,7907.713331874115,0.9586250000000001,3928.9837266520353,0.9358724298273738,6089.57533868242,0.9683750000000001,3003.120491972705,0.9586128166652197,3930.140660164738,0.984,1519.3653081917248,0.9757987863338786,2298.155278777525,0.9934375000000001,623.1771771880121,0.9926309023515787,699.7719574805327,0.9987499999999999,118.70041470247851,0.9963934118361213,342.48280857076793,1.0,0.0,0.9985646317370701,136.3030464484387,1.0,0.0
22140,22,静岡県,浜松市天竜区,22,120.00296792576223,66472.2322333879,5.682478657789288,1.8316196127550055,0.12426413550972938,58212.117759503984,0.1525,56335.216817796245,0.13859269334269422,57259.66653566162,0.16955357142857141,55201.627857387575,0.2274280141400439,51354.58446109267,0.2785714285714285,47954.96753980126,0.549743870166546,29929.530026795797,0.5524107142857143,29752.258945176214,0.8128842877204443,12437.999081162421,0.8168750000000001,12172.72752773916,0.8801574593852065,7966.201191185767,0.885,7644.306706839608,0.9147384290307153,5667.526946053777,0.9195535714285714,5347.4536823466515,0.9363487200561836,4231.0426623777485,0.9416964285714285,3875.568540035922,0.9629921835801777,2459.9921675090204,0.9659821428571427,2261.242900082214,0.9789510076491362,1399.1735078254246,0.980892857142857,1270.0944373165198,0.9855400651958603,961.1841443804119,0.9871428571428571,854.6429858578452,0.9928020057082175,478.4667481779595,0.99375,415.4514514586748,0.99375,415.4514514586748,0.99375,415.4514514586748,0.9991071428571429,59.350207351239256,0.9991071428571429,59.350207351239256,1.0,0.0,1.0,0.0,1.0,0.0,1.0,0.0
22203,22,静岡県,沼津市,6,100.71677665197903,55789.19491016485,6.092528221402418,3.586823700723739,0.11354655899756409,49454.52379887122,0.15212765957446805,47302.11525893764,0.14069823829135164,47939.75347061182,0.18925531914893615,45230.7930223794,0.21881282174719513,43581.80374886742,0.3017021276595745,38957.47610535341,0.4937593831372338,28242.75644559895,0.5537234042553191,24897.411983844846,0.7261195607933257,15279.569204982703,0.8180851063829787,10148.885457061904,0.8019128341685162,11051.123503774785,0.9001063829787233,5572.98447028136,0.823483800156803,9847.696677853728,0.9154255319148935,4718.341484423515,0.8386359263681206,9002.371755347112,0.9243617021276596,4219.799742673104,0.8651288091834447,7524.355152230843,0.9369148936170213,3519.4672959284844,0.9008956917547968,5528.949569128699,0.9594680851063827,2261.242900082216,0.9301944684255321,3894.3944068156425,0.9742553191489359,1436.27501789999,0.9624681611141768,2093.8710749380857,0.9799999999999999,1115.7838982032981,0.9764927094009644,1311.4528170394756,0.9882978723404254,652.8522808636319,0.9968186444989305,177.48526212768363,0.9978723404255317,118.70041470247851,1.0,0.0,1.0,0.0,1.0,0.0,1.0,0.0
22205,22,静岡県,熱海市,2,0.0,0.0,5.567734550086502,1.1603125000000003,0.16,0.0,0.16,0.0,0.1875,0.0,0.1875,0.0,0.2925,0.0,0.2925,0.0,0.5825,0.0,0.5825,0.0,0.8374999999999999,0.0,0.8374999999999999,0.0,0.9424999999999999,0.0,0.9424999999999999,0.0,0.975,0.0,0.975,0.0,0.985,0.0,0.985,0.0,0.9975,0.0,0.9975,0.0,1.0,0.0,1.0,0.0,1.0,0.0,1.0,0.0,1.0,0.0,1.0,0.0,1.0,0.0,1.0,0.0,1.0,0.0,1.0,0.0,1.0,0.0,1.0,0.0,1.0,0.0,1.0,0.0
22206,22,静岡県,三島市,1,0.0,0.0,6.182269539405837,1.1612500000000001,0.16,0.0,0.155,0.0,0.18,0.0,0.165,0.0,0.26,0.0,0.235,0.0,0.545,0.0,0.515,0.0,0.855,0.0,0.78,0.0,0.96,0.0,0.885,0.0,0.98,0.0,0.905,0.0,0.99,0.0,0.915,0.0,0.995,0.0,0.92,0.0,1.0,0.0,0.925,0.0,1.0,0.0,0.925,0.0,1.0,0.0,0.925,0.0,1.0,0.0,0.925,0.0,1.0,0.0,0.96,0.0,1.0,0.0,1.0,0.0,1.0,0.0,1.0,0.0
22207,22,静岡県,富士宮市,16,0.0,0.0,6.276922304817229,1.1026171875000004,0.16,0.0,0.1359375,0.0,0.17625,0.0,0.15031250000000002,0.0,0.29281250000000003,0.0,0.2515625,0.0,0.5921875,0.0,0.51,0.0,0.8725,0.0,0.7515624999999999,0.0,0.949375,0.0,0.8190625,0.0,0.9771875,0.0,0.8465625,0.0,0.99,0.0,0.8668750000000001,0.0,0.998125,0.0,0.880625,0.0,1.0,0.0,0.8887499999999999,0.0,1.0,0.0,0.9053125,0.0,1.0,0.0,0.9290625,0.0,1.0,0.0,0.9396875,0.0,1.0,0.0,0.975,0.0,1.0,0.0,0.9959375,0.0,1.0,0.0,0.9984375000000001,0.0
22209,22,静岡県,島田市,29,83.57349551972729,46293.16173396657,5.997885538293135,1.9659978496040758,0.1171835157428032,40868.36628713017,0.14410256410256408,39622.19842768729,0.13247275592424929,40160.57901862102,0.1624358974358974,38773.490462564565,0.22331874398431045,35955.03100047461,0.2725641025641025,33675.30765109313,0.519963449476621,22222.409671594196,0.5206410256410254,22191.042528628335,0.771456945302317,10579.980594294604,0.7726923076923077,10522.79176337471,0.8593224288339021,6512.409554333755,0.8606410256410254,6451.367539079701,0.8901251115866946,5086.455979818665,0.8914102564102561,5026.96256264996,0.9131504926703667,4020.5382893260276,0.9148717948717947,3940.8537681222833,0.9413671495447542,2714.3000290481596,0.9425641025641025,2658.889289335516,0.9674068562724649,1508.8396739971888,0.9675641025641023,1501.5602459863521,0.9830074583719934,786.638477856449,0.9837179487179484,753.7476333607385,0.9970007236569355,138.84598483434178,0.9979487179487178,94.9603317619828,1.0,0.0,1.0,0.0,1.0,0.0,1.0,0.0,1.0,0.0,1.0,0.0,1.0,0.0,1.0,0.0
22210,22,静岡県,富士市,20,165.00408089792307,91399.31932090837,6.249625546220551,3.2867042943329916,0.1077606070718982,81550.073184929,0.13506493506493505,79054.47619185061,0.12324092978587398,80135.18222600363,0.15383116883116882,77339.25519939979,0.1907583216193749,73964.13857009858,0.23870129870129872,69582.18309859284,0.46059073245928817,49301.63988861082,0.4697402597402598,48465.37932302193,0.6885569137587442,28465.686089653747,0.7086363636363637,26630.43803850103,0.785707841685944,19586.15740571305,0.8081818181818182,17532.05125155606,0.8086104075727791,17492.87847295408,0.8301948051948052,15520.07922234905,0.8309135496565131,15454.386467783286,0.8517532467532467,13549.652338287908,0.8774809492153324,11198.157845562422,0.8962337662337663,9484.163134728027,0.9181960042727001,7476.829527205705,0.9332467532467532,6101.201315707393,0.9488969281292897,4670.785984190371,0.9627922077922078,3400.766881226007,0.9720390115717014,2555.6153098862787,0.9791558441558441,1905.1416559747774,0.987285969323152,1162.0537496890508,0.9906493506493507,854.6429858578452,0.9981818181818183,166.18058058346992,0.9981818181818183,166.18058058346992,1.0,0.0,1.0,0.0,1.0,0.0,1.0,0.0
22211,22,静岡県,磐田市,26,186.4331823132378,103269.36079115618,6.291639088475477,2.425327783994796,0.12108423811608343,90765.06891902411,0.14862068965517236,87921.39717012574,0.13553766829186467,89272.47242353158,0.16655172413793098,86069.67070076709,0.2232793421036531,80211.44585424203,0.2756896551724138,74799.06632476677,0.5259597556188637,48953.8330265234,0.5298275862068964,48554.404634048784,0.784785295887348,22225.084926571344,0.7903448275862068,21650.955641732064,0.8620549843332063,14245.493592235805,0.8681034482758618,13620.872587109396,0.898792818336073,10451.60095790815,0.9043103448275859,9881.809523981326,0.9088326033233294,9414.798779793535,0.9143103448275861,8849.115916069768,0.9225015689251973,8003.213439412314,0.9263793103448272,7602.761561693744,0.9426227923629177,5925.30755666291,0.945862068965517,5590.789532486732,0.9611899317654473,4007.8909388433817,0.9634482758620687,3774.6731875388155,0.9835354582059138,1700.2827067945286,0.9849999999999998,1549.0404118673432,0.9927658521121262,747.0658282494053,0.9984482758620689,160.24555984834598,0.9984495350211889,160.11552729087683,0.9994827586206896,53.41518661611533,0.999483353734189,53.35372962543654,1.0,0.0,1.0,0.0,1.0,0.0
22212,22,静岡県,焼津市,11,68.57312452900699,37984.13270479309,6.307659317979192,4.439605129610223,0.10646254822611809,33940.24514488179,0.13062500000000002,33022.455370229494,0.12226299462112365,33340.078892218924,0.15125,32239.032633193136,0.20359959619439907,30250.578624302747,0.255,28298.17886507085,0.48103279202519844,19712.519297150815,0.504375,18825.885771813075,0.7150611009024943,10823.156956077308,0.7596875000000001,9128.06189062059,0.7904241036015447,7960.558660524897,0.8275,6552.262891576807,0.8248002809288301,6654.809379041788,0.8559375000000002,5472.089117784254,0.845060553942094,5885.240480270633,0.8765624999999999,4688.666380747898,0.8907113755674799,4151.233613569133,0.9028125,3691.5828972470786,0.9204716425010702,3020.815685033577,0.9224999999999999,2943.770284621465,0.9325158586539329,2563.32658035803,0.933125,2540.1888746330387,0.9369966104999186,2393.1291076228645,0.9378124999999999,2362.138252579321,0.9443750000000001,2112.8673817041163,0.9443750000000001,2112.8673817041163,0.9803125,747.8126126256146,0.9803125,747.8126126256146,0.9953125,178.05062205371777,0.9953125,178.05062205371777,0.9984375000000001,59.350207351239256,0.9984375000000001,59.350207351239256
22213,22,静岡県,掛川市,38,255.00630684224473,141253.4934959493,6.0857980500766,3.2401299321058046,0.11346824212189563,125225.70789538731,0.13995798319327732,121483.93942725152,0.13363701112356097,122376.79881438927,0.1649159663865546,117958.5371105879,0.20986864362923557,111608.81440806336,0.2557142857142857,105132.95730198511,0.49129853625169934,71855.8589009505,0.5016806722689077,70389.34591856968,0.7559233655630482,34476.6772949532,0.769621848739496,32541.71869068445,0.8243221097071501,24815.115733863197,0.8395378151260505,22665.844187438248,0.8561851594492804,20314.348644352052,0.871764705882353,18113.683283598206,0.8664018080343616,18871.211339888927,0.8827731092436976,16558.707850995735,0.8859607465257329,16108.44294891032,0.9011344537815127,13965.103789746585,0.9154635974920262,11941.06218183105,0.9305882352941176,9804.654254424717,0.9390582587228204,8608.233855127944,0.9538655462184875,6516.652767166066,0.9667886836670178,4691.214455632806,0.9733613445378153,3762.803146068567,0.979008318219068,2965.1483859119458,0.9813025210084034,2641.0842271301444,0.9975210084033616,350.1662233723116,0.9975210084033616,350.1662233723116,1.0,0.0,1.0,0.0,1.0,0.0,1.0,0.0
22214,22,静岡県,藤枝市,11,0.0,0.0,6.09847420333185,1.1185795454545457,0.15999999999999998,0.0,0.1459090909090909,0.0,0.17954545454545454,0.0,0.16318181818181818,0.0,0.295,0.0,0.2745454545454545,0.0,0.5754545454545454,0.0,0.5381818181818182,0.0,0.864090909090909,0.0,0.8131818181818182,0.0,0.950909090909091,0.0,0.9004545454545455,0.0,0.9850000000000001,0.0,0.9431818181818182,0.0,0.9899999999999999,0.0,0.9586363636363636,0.0,0.9963636363636362,0.0,0.985909090909091,0.0,0.9995454545454546,0.0,0.9990909090909091,0.0,1.0,0.0,1.0,0.0,1.0,0.0,1.0,0.0,1.0,0.0,1.0,0.0,1.0,0.0,1.0,0.0,1.0,0.0,1.0,0.0,1.0,0.0,1.0,0.0
22216,22,静岡県,袋井市,17,117.86005778423078,65285.22808636312,6.336378041171668,5.193129742081716,0.10309183820277791,58554.85391545231,0.13372727272727272,56554.81258499583,0.11550264984377745,57744.61124673278,0.14863636363636362,55581.46918443552,0.19406362418408124,52615.74011823912,0.24945454545454546,48999.53118918309,0.47005774192501326,34597.40119102782,0.4849090909090909,33627.82748521213,0.6967404372458629,19798.369723774587,0.7129090909090908,18742.795481521338,0.7761080556330998,14616.836654692397,0.7930909090909092,13508.107193142041,0.7910346967234496,13642.347486545637,0.808,12534.763792581718,0.7981383726145022,13178.58238574667,0.8154545454545454,12048.092092301556,0.8078007355369614,12547.7728185007,0.8239090909090909,11496.135163935032,0.8370711077272202,10636.849893886918,0.853090909090909,9590.993507960256,0.8728872391487278,8298.58558486263,0.892090909090909,7044.869612592094,0.9144202527556125,5587.093318423153,0.922909090909091,5032.897583385084,0.951915031305599,3139.2381487396024,0.9544545454545454,2973.4453882970856,0.9939090909090909,397.64638925330297,0.9939090909090909,397.64638925330297,0.9991818181818182,53.41518661611533,0.9991818181818182,53.41518661611533,1.0,0.0,1.0,0.0
22221,22,静岡県,湖西市,23,165.00408089792307,91399.31932090834,6.159888305970975,19.084786851468234,0.08258204178620801,83851.37691351815,0.11435064935064934,80947.74780635514,0.08930368211988945,83237.0235622997,0.12402597402597403,80063.42971682169,0.15902994012834681,76864.09104153265,0.21701298701298702,71564.48002412422,0.3424951546419262,60095.495315927066,0.3962337662337663,55183.822795182205,0.5346168499109418,42535.70314156006,0.6058441558441559,36025.5758622022,0.5781100672149714,38560.4526848954,0.6539610389610391,31627.72549747537,0.6054361774767814,36062.86480727788,0.6735714285714285,29835.349235467947,0.620548650650744,34681.59504592219,0.6837012987012987,28909.486000788613,0.6512042299252686,31879.69596684252,0.6983766233766234,27568.17131465061,0.6998502584346082,27433.482073423365,0.7212987012987012,25473.108995151866,0.7349300182060121,24227.215908376067,0.7425974025974026,23526.422194031224,0.7536365757282679,22517.44928400448,0.7543506493506493,22452.18344097379,0.7629220779220779,21668.76070393743,0.7629220779220779,21668.76070393743,0.786948051948052,19472.80303194158,0.786948051948052,19472.80303194158,0.8420779220779221,14433.970427821374,0.8420779220779221,14433.970427821374,0.9241558441558443,6932.10421862474,0.9241558441558443,6932.10421862474
22223,22,静岡県,御前崎市,16,83.57349551972729,46293.16173396657,6.05097903776123,3.7989097015483253,0.10350494117308884,41501.59075197607,0.12666666666666668,40429.36124766414,0.11203346278422917,41106.778521679924,0.1364102564102564,39978.299671794724,0.19846603874976812,37105.54130342388,0.24358974358974358,35016.62233723112,0.4865697767031497,23768.30836618765,0.48717948717948717,23740.08294049568,0.711155469493988,13371.526566686447,0.7114102564102562,13359.731674763945,0.7791704256259476,10222.899202140996,0.7796153846153846,10202.300643678016,0.8085665728954167,8862.058602239971,0.8089743589743589,8843.180895334643,0.8183146005410414,8410.79158185389,0.8187179487179485,8392.119319465224,0.8817462884462794,5474.338194598205,0.8820512820512818,5460.219076314006,0.9354878113055839,2986.473185042768,0.9356410256410255,2979.3804090322096,0.9690513170988128,1432.7123829978898,0.9697435897435895,1400.6648934892455,0.9744609286387758,1182.28436106045,0.9753846153846153,1139.5239811437928,0.9775641025641025,1038.6286286466861,0.9775641025641025,1038.6286286466861,0.9817948717948717,842.7729443875967,0.9817948717948717,842.7729443875967,0.9876923076923076,569.7619905718964,0.9876923076923076,569.7619905718964,0.9939743589743588,278.94597455082425,0.9939743589743588,278.94597455082425
22224,22,静岡県,菊川市,11,115.7171476426993,64098.223939338335,6.225444253835755,2.9001703180738785,0.10827108831503816,57158.23947436514,0.14250000000000002,54964.227027982626,0.12294431728233272,56217.71155810631,0.16416666666666668,53575.43217596362,0.20705191132534914,50826.56416013808,0.2658333333333333,47058.779408797556,0.5001228949820385,32041.23461958944,0.5275000000000001,30286.410811337362,0.7747052172655216,14440.99543607918,0.8099999999999999,12178.662548474282,0.8464282363402769,9843.677297820073,0.8849999999999999,7371.295753023909,0.8689508086021791,8400.020417286736,0.9083333333333332,5875.670527772684,0.8834167168560937,7472.7813905413905,0.9208333333333333,5074.442728530953,0.8956429712719667,6689.100197053442,0.9316666666666668,4380.045302521455,0.9099215219500062,5773.870458163274,0.945,3525.4023166636093,0.9368443951774801,4048.1621009382366,0.9716666666666668,1816.1163449479186,0.9740930083888573,1660.5921498855832,0.9883333333333333,747.8126126256145,0.9942173518764321,370.65747438685213,0.9991666666666666,53.41518661611533,0.9991856348654256,52.199358764343444,1.0,0.0,1.0,0.0,1.0,0.0,1.0,0.0,1.0,0.0
22226,22,静岡県,牧之原市,27,0.0,0.0,6.130706985052314,1.1102546296296296,0.16,0.0,0.15796296296296294,0.0,0.17518518518518517,0.0,0.17296296296296293,0.0,0.2916666666666667,0.0,0.287962962962963,0.0,0.5855555555555556,0.0,0.5783333333333333,0.0,0.8631481481481482,0.0,0.8531481481481481,0.0,0.9507407407407407,0.0,0.9412962962962962,0.0,0.9803703703703703,0.0,0.9716666666666667,0.0,0.9916666666666666,0.0,0.9835185185185183,0.0,0.9985185185185186,0.0,0.9914814814814815,0.0,0.9998148148148148,0.0,0.9944444444444444,0.0,1.0,0.0,0.9961111111111111,0.0,1.0,0.0,0.997037037037037,0.0,1.0,0.0,0.9990740740740741,0.0,1.0,0.0,1.0,0.0,1.0,0.0,1.0,0.0,1.0,0.0,1.0,0.0
22424,22,静岡県,吉田町,1,0.0,0.0,6.265720423120492,1.07125,0.16,0.0,0.1,0.0,0.195,0.0,0.125,0.0,0.31,0.0,0.195,0.0,0.565,0.0,0.39,0.0,0.865,0.0,0.615,0.0,0.955,0.0,0.705,0.0,1.0,0.0,0.745,0.0,1.0,0.0,0.79,0.0,1.0,0.0,0.875,0.0,1.0,0.0,0.93,0.0,1.0,0.0,0.97,0.0,1.0,0.0,0.995,0.0,1.0,0.0,1.0,0.0,1.0,0.0,1.0,0.0,1.0,0.0,1.0,0.0,1.0,0.0,1.0,0.0
22429,22,静岡県,川根本町,20,182.14736203017483,100895.35249710664,5.743925122823843,1.4398810266492996,0.13265980224399004,87510.5949875028,0.1584705882352941,84906.4066366828,0.15138238615148208,85621.57328449973,0.1802941176470588,82704.51394395182,0.23874732923157074,76806.85655654453,0.2844705882352941,72193.59222204737,0.5648483767860075,43904.77641386389,0.5657058823529412,43818.2580874199,0.8479889948999181,15337.203943012244,0.8483529411764705,15300.48345514947,0.9371720083601336,6339.0523631896,0.9375294117647058,6302.992020701601,0.9650815558188099,3523.108734311689,0.9654117647058821,3489.7921922528676,0.9764549320199909,2375.5879334113424,0.9772941176470588,2290.9180037578353,0.9886649825713214,1143.6505790273764,0.9889411764705881,1115.783898203298,0.9909789003309082,910.1870310245506,0.9911176470588235,896.1881310037128,0.9904907438123928,959.4397550339278,0.9911176470588235,896.1881310037128,0.9932852878815988,677.4832461026879,0.9941176470588234,593.5020735123926,0.9952941176470588,474.8016588099141,0.9952941176470588,474.8016588099141,1.0,0.0,1.0,0.0,1.0,0.0,1.0,0.0,1.0,0.0,1.0,0.0
22461,22,静岡県,森町,4,0.0,0.0,6.02928004087459,1.1087500000000001,0.16,0.0,0.15875,0.0,0.18,0.0,0.17875,0.0,0.2975,0.0,0.295,0.0,0.5787500000000001,0.0,0.575,0.0,0.865,0.0,0.8600000000000001,0.0,0.95625,0.0,0.9512499999999999,0.0,0.9787499999999999,0.0,0.97375,0.0,0.99125,0.0,0.98625,0.0,0.9975,0.0,0.9924999999999999,0.0,1.0,0.0,0.995,0.0,1.0,0.0,0.99625,0.0,1.0,0.0,0.99875,0.0,1.0,0.0,1.0,0.0,1.0,0.0,1.0,0.0,1.0,0.0,1.0,0.0,1.0,0.0,1.0,0.0
23101,23,愛知県,名古屋市千種区,2,66.6009876793091,36891.72356746043,5.843405348500689,1.5098845132283476,0.13920861455955005,31756.077840920363,0.15263157894736842,31260.8815492691,0.15569583241876803,31147.835957261592,0.17026315789473684,30610.422212684927,0.24707319706678385,27776.767480343962,0.26842105263157895,26989.20829408947,0.5519278635633619,16530.153395701862,0.5523684210526316,16513.900470592154,0.8344888039795976,6105.993290904442,0.8347368421052632,6096.842736938198,0.9326784202142766,2483.6091115796407,0.9328947368421053,2475.6288183427396,0.9600649128618993,1473.2741953412556,0.9602631578947368,1465.960594391192,0.965075805610732,1288.4137252251264,0.9655263157894738,1271.7936282466633,0.9827464643277621,636.5126685815219,0.9828947368421054,631.0426399697184,0.9851886728092245,546.4153883893042,0.985263157894737,543.6675052046804,0.9920318729940214,293.9579388549809,0.9923684210526317,281.54210090956667,0.9942877921775768,210.73319194472322,0.9947368421052633,194.16696614452874,0.9947368421052633,194.16696614452874,0.9947368421052633,194.16696614452874,1.0,0.0,1.0,0.0,1.0,0.0,1.0,0.0,1.0,0.0,1.0,0.0
23102,23,愛知県,名古屋市東区,1,35.053151410162684,19416.696614452856,5.9719430338706925,2.068125,0.16,16310.025156140398,0.16,16310.025156140398,0.18,15921.691223851343,0.18,15921.691223851343,0.305,13494.604147044736,0.305,13494.604147044736,0.56,8543.346510359255,0.56,8543.346510359255,0.83,3300.838424456986,0.83,3300.838424456986,0.9349999999999999,1262.0852799394347,0.9349999999999999,1262.0852799394347,0.9650000000000001,679.5843815058506,0.9650000000000001,679.5843815058506,0.9650000000000001,679.5843815058506,0.9650000000000001,679.5843815058506,0.97,582.5008984335861,0.97,582.5008984335861,0.97,582.5008984335861,0.97,582.5008984335861,0.97,582.5008984335861,0.97,582.5008984335861,0.975,485.41741536132184,0.975,485.41741536132184,0.975,485.41741536132184,0.975,485.41741536132184,1.0,0.0,1.0,0.0,1.0,0.0,1.0,0.0,1.0,0.0,1.0,0.0
23103,23,愛知県,名古屋市北区,1,31.547836269146416,17475.02695300757,6.196218066009359,1.6382712592929596,0.12183141082525253,15346.019765113346,0.15,14853.772910056436,0.13862039178609847,15052.631870309033,0.17,14504.272370996283,0.21224808663129807,13765.985918401351,0.26,12931.519945225602,0.5238689118623734,8320.403598369849,0.525,8300.637802678595,0.8294763639569283,2979.905135977532,0.83,2970.7545820112878,0.9145433315634728,1493.3575842425446,0.915,1485.377291005643,0.9445814827084541,968.4400833654807,0.945,961.1264824154173,0.9490489229559899,890.3714446288425,0.95,873.7513476503793,0.9746869802474976,442.3457024369932,0.975,436.87567382518966,0.9748427537083626,439.6235570098134,0.975,436.87567382518966,0.9792895096540452,361.916377005564,0.98,349.5005390601517,0.9990520057082176,16.566225800194477,1.0,0.0,1.0,0.0,1.0,0.0,1.0,0.0,1.0,0.0,1.0,0.0,1.0,0.0,1.0,0.0,1.0,0.0
23104,23,愛知県,名古屋市西区,7,203.30827817894357,112616.84036382657,6.216691407865498,2.4081759470251614,0.14496160158823276,96291.72281887992,0.15353448275862067,95326.2720286563,0.16644746843083152,93872.05238258856,0.17663793103448275,92724.43468231962,0.2613982646732495,83178.99371973795,0.2767241379310345,81453.04229762973,0.532856126730812,52608.26700289577,0.5331034482758621,52580.414431938334,0.8090060363196095,21509.136718249043,0.809137931034483,21494.283152199307,0.8946282569139168,11866.632769983578,0.8947413793103448,11853.89328312347,0.9293774136592603,7953.292532015655,0.9294827586206896,7941.428915311218,0.9382638582278943,6952.5292226278,0.9385344827586207,6922.052343052442,0.9494813998094921,5689.245133058411,0.9495689655172413,5679.383759727459,0.957537406323285,4782.003133524652,0.9575862068965517,4776.507367155405,0.9620208823064278,4277.088234456001,0.9622413793103448,4252.256558565177,0.9712575190128951,3236.8873929851106,0.9715517241379311,3203.754941384722,0.9767241379310344,2621.254042951136,0.9767241379310344,2621.254042951136,0.9991379310344827,97.08348307226437,0.9991379310344827,97.08348307226437,1.0,0.0,1.0,0.0,1.0,0.0,1.0,0.0
23105,23,愛知県,名古屋市中村区,8,206.81359331995984,114558.51002527185,6.251983312629585,8.617379559998291,0.10076543532185636,103014.9718927521,0.1114406779661017,101792.03200126911,0.1184098550626787,100993.653456983,0.13059322033898305,99597.94528383594,0.18671321615324182,93168.92218072995,0.20559322033898306,91006.05703194055,0.39825652970095815,68934.83537489467,0.3988135593220339,68871.02289146428,0.5917144247384395,46772.587166775374,0.5920338983050847,46735.98875098802,0.6602066089995837,38926.22458944232,0.6605084745762712,38891.64331874908,0.6962487767055884,34797.28755896145,0.6965254237288137,34765.595288177836,0.7100653467542034,33214.48188053231,0.7103389830508474,33183.13451409993,0.7416574954178374,29595.33240112952,0.7418644067796611,29571.628943811706,0.7754045321123076,25729.32215964285,0.7755084745762713,25717.414665842807,0.8027506928221653,22596.586733809894,0.8032203389830509,22542.784769379767,0.8359218556901157,18796.5477398519,0.8365254237288136,18727.40388463978,0.892457627118644,12319.89400187034,0.892457627118644,12319.89400187034,0.9662711864406778,3863.922626276122,0.9662711864406778,3863.922626276122,0.983728813559322,1864.002874987476,0.983728813559322,1864.002874987476,0.9966949152542373,378.625583981831,0.9966949152542373,378.625583981831
23106,23,愛知県,名古屋市中区,3,77.1169331023579,42716.73255179629,5.965477166207172,4.140547850484198,0.13409534814682875,36988.61742856819,0.1381818181818182,36814.05678100262,0.15572898902676321,36064.49897697842,0.15999999999999998,35882.05534350888,0.2739254515550354,31015.532298589813,0.28045454545454546,30736.630740678873,0.5147641436891122,20727.690298574045,0.5149999999999999,20717.6152876212,0.734928684044968,11322.980510803794,0.735,11319.934126226017,0.8153299995173109,7888.499020959125,0.8154545454545454,7883.178825467858,0.8544313134659421,6218.218650591624,0.8545454545454546,6213.342916624914,0.8671598283811048,5674.498083179062,0.8672727272727272,5669.675411420236,0.8862782673402265,4857.820839354417,0.8863636363636364,4854.174153613215,0.9040480237386445,4098.754907772636,0.9040909090909092,4096.922985649553,0.9161698662692851,3580.9494023562684,0.9163636363636363,3572.6721770593267,0.9338418845155022,2826.0585252821447,0.9340909090909091,2815.4210090956644,0.9622727272727273,1611.5858189995874,0.9622727272727273,1611.5858189995874,0.9877272727272727,524.2508085902276,0.9877272727272727,524.2508085902276,0.9945454545454545,233.0003593734345,0.9945454545454545,233.0003593734345,0.9986363636363637,58.25008984335862,0.9986363636363637,58.25008984335862
23107,23,愛知県,名古屋市昭和区,1,35.053151410162684,19416.696614452856,5.950865413300314,1.2306250000000007,0.16,16310.025156140398,0.16,16310.025156140398,0.18,15921.691223851343,0.18,15921.691223851343,0.285,13882.938079333793,0.285,13882.938079333793,0.58,8155.0125780702,0.58,8155.0125780702,0.89,2135.836627589814,0.89,2135.836627589814,0.9549999999999998,873.7513476503793,0.9549999999999998,873.7513476503793,0.99,194.16696614452874,0.99,194.16696614452874,0.99,194.16696614452874,0.99,194.16696614452874,0.9949999999999999,97.08348307226437,0.9949999999999999,97.08348307226437,0.9949999999999999,97.08348307226437,0.9949999999999999,97.08348307226437,0.9949999999999999,97.08348307226437,0.9949999999999999,97.08348307226437,0.9949999999999999,97.08348307226437,0.9949999999999999,97.08348307226437,0.9949999999999999,97.08348307226437,0.9949999999999999,97.08348307226437,1.0,0.0,1.0,0.0,1.0,0.0,1.0,0.0,1.0,0.0,1.0,0.0
23108,23,愛知県,名古屋市瑞穂区,3,98.14882394845552,54366.750520468,6.306976828218961,4.581239454940494,0.11772287358130729,47966.54042192047,0.14339285714285716,46570.94682976518,0.12657437991883072,47485.312785138,0.15339285714285714,46027.2793245605,0.21256031255636898,42810.53703716318,0.2585714285714286,40309.062171604135,0.4962520150627408,27387.141022272437,0.4966071428571429,27367.833878071302,0.7565048575827055,13238.039660746883,0.7569642857142858,13213.062046135168,0.821387756722314,9710.56727017909,0.8217857142857142,9688.931610611977,0.8441019985505512,8475.667751441739,0.8444642857142858,8455.971375594221,0.8535602027603558,7961.455922795654,0.8544642857142857,7912.30387038954,0.8692102873751096,7110.611676921124,0.8694642857142858,7096.80261258252,0.8976998965655054,5561.7242016412365,0.8978571428571428,5553.175231733518,0.9155539839395453,4591.055487606165,0.9160714285714285,4562.923704396421,0.9417703918048315,3165.754581651331,0.9425,3126.088154926909,0.9562499999999999,2378.5453352704753,0.9562499999999999,2378.5453352704753,0.9805357142857142,1058.2099654876818,0.9805357142857142,1058.2099654876818,0.98875,611.6259433552656,0.98875,611.6259433552656,0.9935714285714285,349.5005390601517,0.9935714285714285,349.5005390601517
23110,23,愛知県,名古屋市中川区,6,98.14882394845552,54366.750520468,6.3156731696584005,40.68793174404784,0.03844449037952082,52276.64850311805,0.04750000000000001,51784.32987074577,0.040077138340898925,52187.88673871406,0.04928571428571428,51687.246387673506,0.07783891186118126,50134.90181852646,0.0967857142857143,49104.82573795128,0.1921678336390427,43919.20985095537,0.19249999999999998,43901.15104527791,0.2793477313859122,39179.5220997514,0.27946428571428567,39173.185419658636,0.3043011898440974,37822.88364913238,0.30446428571428574,37814.016656646934,0.31681481525301936,37142.55849841893,0.3169642857142857,37134.43227514109,0.3250174724842821,36696.606679121964,0.32535714285714284,36678.13990470144,0.3304239215169634,36402.675613360545,0.3305357142857142,36396.597803791876,0.3445866977529866,35632.691491059464,0.34464285714285714,35629.638287521,0.35457251230520864,35089.79520255515,0.355,35066.55408570186,0.3785844917595387,33784.34190605899,0.37910714285714286,33755.92706422629,0.43125,30921.089358516172,0.43125,30921.089358516172,0.54,25008.70523941528,0.54,25008.70523941528,0.6707142857142858,17902.19427852553,0.6707142857142858,17902.19427852553,0.8239285714285713,9572.43143092526,0.8239285714285713,9572.43143092526
23111,23,愛知県,名古屋市港区,14,273.41458099926894,151450.2335927323,6.233425854493604,49.817935886438946,0.027948626761253065,147217.4075411444,0.03384615384615384,146324.22568651673,0.03305122062563897,146444.61850845435,0.03961538461538462,145450.47433886633,0.04527395838728318,144593.48201931058,0.05442307692307693,143207.84587989704,0.09238603988519081,137458.34627141265,0.09269230769230768,137411.96194048284,0.1308856600293746,131627.56980734455,0.13096153846153843,131616.0780010687,0.14896756697159547,128889.06077714317,0.1490384615384615,128878.32377843084,0.15763148275705482,127576.9087076076,0.1576923076923077,127567.69675695528,0.16301610410213466,126761.40654708682,0.16307692307692306,126752.19549914826,0.17420702801300925,125066.53850666637,0.17423076923076922,125062.94289369087,0.18884615384615383,122849.43947964323,0.18884615384615383,122849.43947964323,0.20045738769265317,121090.91540129107,0.20076923076923076,121043.6866944991,0.2404156650717442,115039.22495826455,0.24076923076923074,114985.67735078983,0.32038461538461543,102927.90875321461,0.32038461538461543,102927.90875321461,0.45442307692307693,82627.75244280414,0.45442307692307693,82627.75244280414,0.5801923076923076,63579.97306402588,0.5801923076923076,63579.97306402588,0.7709615384615385,34687.92850172003,0.7709615384615385,34687.92850172003
23112,23,愛知県,名古屋市南区,6,115.67539965353686,64075.098827694426,6.230101845542078,13.510627590868284,0.0697887659072876,59603.376755122146,0.0859090909090909,58570.46533749705,0.08002233402295546,58947.65986675078,0.09818181818181819,57784.08912461171,0.14832777107303793,54570.98223729789,0.18227272727272728,52395.95581410104,0.3777385202050209,39871.46581453066,0.37818181818181823,39843.06145285726,0.5516747026009994,28726.487737796466,0.5518181818181819,28717.294292775772,0.5885023084553807,26366.75525308961,0.5886363636363636,26358.16565411975,0.619430440122431,24385.032159967406,0.6195454545454546,24377.662599445564,0.6354034590721132,23361.559392189894,0.6359090909090909,23329.160982265104,0.6602173817970536,21771.604841286557,0.6604545454545454,21756.40855649443,0.7007846048203381,19172.256016904474,0.7009090909090908,19164.27955846497,0.7552101360938767,15684.934721802727,0.7559090909090909,15640.149122941775,0.7968198082392866,13018.790866897616,0.7977272727272728,12960.644990147282,0.8336363636363637,10659.766441334617,0.8336363636363637,10659.766441334617,0.8831818181818181,7485.136544871577,0.8831818181818181,7485.136544871577,0.9313636363636364,4397.881783173571,0.9313636363636364,4397.881783173571,0.9713636363636364,1834.8778300657946,0.9713636363636364,1834.8778300657946
23113,23,愛知県,名古屋市守山区,4,52.579727115244026,29125.044921679284,6.2118667503623985,1.9113551732152707,0.11494076251983643,25777.39004995698,0.14,25047.538632644188,0.13153476029634475,25294.089119285927,0.16000000000000003,24465.0377342106,0.2258342635631561,22547.611850548004,0.275,21115.65756821748,0.5391732221841813,13421.600604998443,0.5399999999999999,13397.520663972471,0.7447385081648826,7434.502416472664,0.745,7426.886455028218,0.8447569632530213,4521.460419033666,0.8449999999999999,4514.3819628602905,0.8895814827084542,3215.9442763014936,0.89,3203.754941384721,0.9140489229559897,2503.3289799735135,0.915,2475.628818342738,0.9496869802474974,1465.3689604369715,0.95,1456.2522460839655,0.9698427537083626,878.3311529580856,0.97,873.7513476503793,0.989289509654045,311.94351245915016,0.99,291.2504492167931,0.9990520057082176,27.610376333657463,1.0,0.0,1.0,0.0,1.0,0.0,1.0,0.0,1.0,0.0,1.0,0.0,1.0,0.0,1.0,0.0,1.0,0.0
23114,23,愛知県,名古屋市緑区,13,283.9305264223177,157275.24257706813,5.935440848569267,7.407333447751075,0.1150220808055666,139185.11691665353,0.14111111111111113,135081.9583467485,0.13187723883876093,136534.21784830804,0.16111111111111112,131936.45349520718,0.21047866953743827,124172.15876826899,0.25703703703703706,116849.6802257773,0.4868075393416263,80712.46873876822,0.48759259259259263,80588.99929828658,0.7583404446972741,38007.06518130262,0.7587037037037037,37949.933532948104,0.8440622537997036,24525.14686057294,0.8444444444444444,24465.037734210604,0.8663173337777458,21024.973758454304,0.8666666666666667,20970.03234360909,0.875474098832519,19584.841313243585,0.8762962962962964,19455.53000768176,0.8862032417014793,17897.412765883833,0.8864814814814815,17853.652536989404,0.8930083736666927,16827.133985285935,0.8931481481481481,16805.150919808948,0.8995536382110032,15797.725916348447,0.9001851851851852,15698.399212785134,0.9052005071772471,14909.613229881517,0.9061111111111112,14766.397775291396,0.9105555555555557,14067.396697171096,0.9105555555555557,14067.396697171096,0.9266666666666669,11533.517788984995,0.9266666666666669,11533.517788984995,0.9483333333333336,8125.88753314852,0.9483333333333336,8125.88753314852,0.9750000000000001,3931.8810644267032,0.9750000000000001,3931.8810644267032
23115,23,愛知県,名古屋市名東区,2,52.579727115244026,29125.044921679284,5.804451449069774,1.3698938995078205,0.12800915521383285,25396.77252569019,0.15700000000000003,24552.41286897564,0.14083582031726838,25023.195328357295,0.172,24115.53719515045,0.22705151224136355,22512.159428114363,0.278,21028.282433452445,0.5738689118623733,12411.08708453245,0.575,12378.144091713697,0.8274763639569284,5024.758649805912,0.8280000000000001,5009.507726528838,0.9235433315634728,2226.8039027757936,0.924,2213.5034140476246,0.9545814827084541,1322.8163563923413,0.9549999999999998,1310.627021475569,0.9740489229559899,755.8262846727548,0.975,728.1261230419827,0.9846869802474976,445.9923881781956,0.985,436.87567382518966,0.9878427537083626,354.08034436785795,0.988,349.5005390601517,0.9972895096540451,78.9431530857157,0.998,58.25008984335862,0.9990520057082176,27.610376333657463,1.0,0.0,1.0,0.0,1.0,0.0,1.0,0.0,1.0,0.0,1.0,0.0,1.0,0.0,1.0,0.0,1.0,0.0
23116,23,愛知県,名古屋市天白区,1,0.0,0.0,5.780417179377989,1.0287499999999998,0.16,0.0,0.16,0.0,0.19,0.0,0.19,0.0,0.32,0.0,0.32,0.0,0.645,0.0,0.645,0.0,0.88,0.0,0.88,0.0,0.955,0.0,0.955,0.0,0.98,0.0,0.98,0.0,0.99,0.0,0.99,0.0,1.0,0.0,1.0,0.0,1.0,0.0,1.0,0.0,1.0,0.0,1.0,0.0,1.0,0.0,1.0,0.0,1.0,0.0,1.0,0.0,1.0,0.0,1.0,0.0,1.0,0.0,1.0,0.0,1.0,0.0,1.0,0.0
23201,23,愛知県,豊橋市,57,799.2118521517092,442700.68280952517,6.135646371479442,7.855178617544417,0.10914444595420114,394382.36206073296,0.13543859649122808,382741.92366409465,0.12275022167845714,388359.07585745153,0.15197368421052632,375421.8290404459,0.19830828008150045,354909.47181066236,0.24548245614035083,334025.4318584325,0.48227034780947675,229199.27053548262,0.4858552631578947,227612.2260629236,0.7162036729803571,125636.82775043117,0.7197587719298245,124062.98301804652,0.7839602433710604,95640.94777363515,0.7874780701754384,94083.60344533132,0.8119244101882341,83261.19202947292,0.8154166666666667,81715.16770192485,0.8246232451109871,77639.40913828475,0.8285745614035086,75890.15871758899,0.8379537421003268,71737.98901891378,0.8412280701754385,70288.44174431935,0.856842468675921,63375.936866495795,0.8599780701754386,61987.80394164074,0.8707814542749176,57205.13842414788,0.8739473684210526,55803.58606993752,0.8847991637828281,50999.488853570234,0.8875877192982455,49764.99342284268,0.9006047677765029,44002.3371733535,0.9036622807017543,42648.77411364569,0.940287063024456,26434.957971635424,0.9407236842105261,26241.665474433034,0.957523796992548,18804.244074555005,0.9579605263157893,18610.903704953063,0.9798684210526315,8912.263746033863,0.9798684210526315,8912.263746033863
23202,23,愛知県,岡崎市,37,424.14313206296833,234942.02903487952,6.066490583952115,2.003401449186959,0.11471039162687037,207991.73687467704,0.14086776859504138,201846.26965554472,0.131337359426928,204085.36332303387,0.16095041322314055,197128.0123782326,0.21095828517811685,185379.06147341404,0.25814049586776866,174293.97715963607,0.5464367649033052,106561.06674924164,0.5472314049586778,106374.37240227999,0.8032850382273851,46216.612260377,0.8035950413223145,46143.77950424721,0.8921142634133665,25346.89385758628,0.8925206611570252,25251.41394709595,0.9202857701418815,18728.22290581917,0.9206611570247939,18640.02874987475,0.9316127102951377,16067.048603456575,0.9325206611570249,15853.732785700759,0.945357319825937,12837.862151998363,0.9456611570247936,12766.478024002754,0.9634791173447266,8580.29027317476,0.9636363636363638,8543.34651035926,0.9765622369267726,5506.515612462874,0.9772727272727274,5339.591568974537,0.9897131627330115,2416.8104198580095,0.9906611570247935,2194.0867174331725,0.9948760330578514,1203.8351900960781,0.9948760330578514,1203.8351900960781,0.9989669421487605,242.7087076806609,0.9989669421487605,242.7087076806609,1.0,0.0,1.0,0.0,1.0,0.0,1.0,0.0
23203,23,愛知県,一宮市,26,301.4571021273991,166983.5908842946,6.165850035810712,1.9911105515838834,0.12351753784473553,146358.18887779387,0.15174418604651166,141644.8018024336,0.14026876279781028,143561.00918341885,0.17180232558139535,138295.42163644047,0.2255252573403549,129324.57357849751,0.27720930232558144,120694.18615543898,0.5263740522963137,79087.76148353863,0.53,78482.28771561844,0.8010365761457392,33223.6269698184,0.8048837209302325,32581.21691905189,0.8875863818881027,18771.22961662039,0.8913953488372093,18135.194637898967,0.9199473745519241,13367.47485703516,0.9237209302325582,12737.352979081075,0.9384079627818742,10284.859544561748,0.9426744186046512,9572.431430925262,0.957827019724864,7042.1956846347475,0.9615116279069768,6426.926579383899,0.9689126835121199,5191.071738102756,0.9707558139534884,4883.299198534895,0.9810918352354404,3157.353249418049,0.9818023255813954,3038.713020161872,0.9880057323602742,2002.84588050869,0.9889534883720931,1844.5861783730209,0.9930232558139535,1165.0017968671725,0.9930232558139535,1165.0017968671725,0.9982558139534884,291.2504492167931,0.9982558139534884,291.2504492167931,0.9994186046511628,97.08348307226437,0.9994186046511628,97.08348307226437,1.0,0.0,1.0,0.0
23204,23,愛知県,瀬戸市,13,203.30827817894357,112616.84036382657,5.593808817534761,1.4593469703680741,0.12720994455033338,98290.85834571047,0.1557758620689655,95073.8549726684,0.14493917529439104,96294.24839723346,0.17663793103448278,92724.43468231962,0.23512141258038324,86138.20977714415,0.2873275862068966,80258.91545584089,0.5711194802460147,48299.169028289536,0.5751724137931034,47842.740458011845,0.8426479201461,17720.49405782274,0.8501724137931034,16873.109357959536,0.9201667448105344,8990.568955396686,0.9285344827586207,8048.220746690706,0.9563935635262383,4910.819095200977,0.9648275862068965,3961.006109348386,0.9675851417048085,3650.458922045651,0.976551724137931,2640.670739565591,0.9782231989963162,2452.434522266685,0.986551724137931,1514.502335927324,0.9832065586640777,1891.2243020868452,0.9913793103448275,970.8348307226438,0.9904975635325749,1070.1343707194173,0.9968103448275861,359.2088873673782,0.9958629199441341,465.9048842238324,1.0,0.0,1.0,0.0,1.0,0.0,1.0,0.0,1.0,0.0,1.0,0.0,1.0,0.0,1.0,0.0,1.0,0.0
23205,23,愛知県,半田市,16,371.56340494772445,205816.98411320028,6.025085533093967,5.0457723919269055,0.1067108029978106,183854.08846789305,0.14707547169811322,175546.35409126827,0.11651132009165112,181836.97559688892,0.16150943396226417,172575.599509257,0.18329217646682355,168092.34114125418,0.26028301886792454,152246.31815392483,0.45494388371798195,112181.80602561876,0.5102830188679245,100792.07212562478,0.7033597947845206,61053.592404170806,0.7824056603773585,44784.61074123551,0.7772243704807997,45851.0082015614,0.8639150943396227,28008.584866348247,0.8134090544644536,38403.58567295659,0.8871698113207548,23222.369150885617,0.8292121322190662,35151.0438697958,0.9058490566037737,19377.86322122395,0.8622342541698887,28354.530320859212,0.9252830188679245,15378.023718646666,0.8934356733026007,21932.74833491251,0.9316981132075473,14057.68834886387,0.9145597246485925,17585.05979462812,0.9411320754716981,12116.018687418584,0.9312865017650688,14142.404974581244,0.9456603773584906,11184.017249924846,0.957540278138048,8738.931899912259,0.9628301886792453,7650.178466094429,0.975431746491846,5056.5638419768,0.9788679245283018,4349.340041637442,0.9860088257519704,2879.621287931727,0.9865094339622642,2776.5876158667584,0.9929245283018868,1456.2522460839643,0.9929245283018868,1456.2522460839643
23206,23,愛知県,春日井市,16,308.4677324094316,170866.93020718516,5.79988706969623,1.3598492053570228,0.12678045431998644,149204.3431672568,0.155625,144275.76419369195,0.13989761994643643,146963.05334364605,0.17113636363636364,141625.38510581912,0.2309620890664783,131403.1470541575,0.28267045454545453,122567.89737873364,0.5603085162998601,75128.7340580855,0.5610795454545454,74996.99067332415,0.8471584807200864,26115.561207561113,0.847556818181818,26047.49850828851,0.9363615133816545,10873.712851507717,0.9368181818181818,10795.68331763579,0.9652633008902723,5935.353142409833,0.965681818181818,5863.842377564766,0.9738784684105352,4463.305915001845,0.9748295454545455,4300.798300101312,0.9840051620656793,2732.988856998798,0.9843181818181818,2679.5041327944964,0.9935359355265445,1104.4948532406775,0.9936931818181818,1077.6266621021343,0.9957667823813178,723.3168994032006,0.9964772727272728,601.9175950480391,0.9965520057082176,589.1482000087537,0.9975000000000002,427.1673255179632,0.9988636363636365,194.16696614452874,0.9988636363636365,194.16696614452874,1.0,0.0,1.0,0.0,1.0,0.0,1.0,0.0,1.0,0.0,1.0,0.0
23207,23,愛知県,豊川市,35,301.4571021273991,166983.5908842946,5.938065530428377,2.2119392355804353,0.12189593596860422,146628.96978205498,0.14936046511627907,142042.8440830299,0.14091436794330905,143453.20371793007,0.17232558139534881,138208.04650167542,0.23261288726052573,128141.05568356838,0.28465116279069774,119451.51757211397,0.5590228156225626,73635.95374539016,0.5598837209302325,73492.19668570407,0.8336145572676215,27783.63869832571,0.8340116279069767,27717.334417131453,0.9211808624898277,13161.502611851542,0.9215697674418606,13096.56186644845,0.9476859664847684,8735.585170014701,0.9480813953488374,8669.555038353203,0.9533732613851857,7785.900245125074,0.9543023255813954,7630.761769479975,0.9594096053478329,6777.929854429518,0.9597093023255813,6727.885376907919,0.9644977258249772,5928.297226304083,0.9646511627906975,5902.675770793671,0.9665618697640507,5583.619059255505,0.967267441860465,5465.800096968482,0.9712285658994386,4804.357381002579,0.9721511627906976,4650.298839161461,0.9796511627906975,3397.921907529251,0.9796511627906975,3397.921907529251,0.9988372093023256,194.16696614452874,0.9988372093023256,194.16696614452874,1.0,0.0,1.0,0.0,1.0,0.0,1.0,0.0
23208,23,愛知県,津島市,8,52.579727115244026,29125.044921679284,6.2918660881745145,55.0920784521699,0.008738295674324036,28870.54166762568,0.011,28804.66942754081,0.008774866580963134,28869.47653832699,0.011,28804.66942754081,0.010472317099571228,28820.0382157202,0.013,28746.41933769745,0.0228934873342514,28458.271074655313,0.023,28455.16888848066,0.033895142316818234,28137.84737907524,0.034,28134.79339434219,0.0339145473241806,28137.282207364107,0.034,28134.79339434219,0.03391834306716919,28137.171656179053,0.034,28134.79339434219,0.04270161855220794,27881.35836311781,0.043000000000000003,27872.667990047077,0.04892309153079986,27700.15768313731,0.048999999999999995,27697.917720516998,0.05395020556449889,27553.742761079426,0.05399999999999999,27552.292495908605,0.05994893383979797,27379.029530588392,0.05999999999999999,27377.54222637853,0.0999256581068039,26214.705640490254,0.1,26212.540429511355,0.18500000000000003,23736.911611168616,0.18500000000000003,23736.911611168616,0.41500000000000004,17038.151279182384,0.41500000000000004,17038.151279182384,0.5690000000000001,12552.894361243772,0.5690000000000001,12552.894361243772,0.802,5766.758894492499,0.802,5766.758894492499
23209,23,愛知県,碧南市,6,108.66476937150432,60191.759504803864,6.219065586102526,3.632783535225492,0.08992871733205844,54778.7917785771,0.11645161290322581,53182.33202698638,0.09851305702765052,54262.08526811249,0.1267741935483871,52560.99773532389,0.1581579604111105,50671.953587968004,0.2009677419354839,48095.15751399973,0.4183888044798556,35008.201206049984,0.4241935483870968,34658.80345679835,0.6249994434694118,22571.943312856765,0.6304838709677419,22241.825971855746,0.7054187782470727,17731.36205438349,0.7117741935483871,17348.818425013626,0.7496454104806617,15069.2832432719,0.7559677419354839,14688.730988833588,0.7784103537496528,13337.870695855452,0.7851612903225806,12931.519945225604,0.8458167750689303,9280.559594726026,0.8501612903225806,9019.055577413352,0.8972628711104406,6183.928554334401,0.9014516129032257,5931.800815715349,0.9534830580411419,2799.9365832865064,0.9541935483870967,2757.170919252306,0.9824391024824112,1057.021320067215,0.9833870967741936,999.9598756443231,0.9896774193548388,621.334291662492,0.9896774193548388,621.334291662492,0.9983870967741935,97.08348307226437,0.9983870967741935,97.08348307226437,1.0,0.0,1.0,0.0,1.0,0.0,1.0,0.0
23210,23,愛知県,刈谷市,21,410.12187149890343,227175.3503890984,6.0701999741686485,1.5848484497554896,0.12189011378420724,199484.92108120408,0.1499145299145299,193118.46452734811,0.13939703942109374,195507.77911540848,0.1705982905982906,188419.6239466505,0.23527992873892017,173725.55013831213,0.28854700854700854,161624.58261870558,0.5660430101731903,98584.3312177039,0.567008547008547,98364.98504881817,0.843821047284664,35480.00830650884,0.8442735042735042,35377.22123153311,0.9169687193606653,18862.660272496396,0.9173931623931625,18766.237277868673,0.9420481806407625,13165.224868620475,0.9424358974358974,13077.145169834004,0.9564583771784082,9891.583421005087,0.9573504273504272,9688.931610611982,0.9744763317729671,5798.348272691254,0.9747863247863245,5727.925501263595,0.9855692494348582,3278.3108160137385,0.9857264957264957,3242.5883346136297,0.9905322898249339,2150.8303764030356,0.9911965811965812,1999.9197512886462,0.9937196536629629,1426.7398796813195,0.9946153846153845,1223.2518867105312,0.9961538461538461,873.7513476503793,0.9961538461538461,873.7513476503793,0.9991452991452993,194.16696614452874,0.9991452991452993,194.16696614452874,0.9995726495726495,97.08348307226437,0.9995726495726495,97.08348307226437,1.0,0.0,1.0,0.0
23211,23,愛知県,豊田市,80,725.6002341903675,401925.6199191741,5.671786687194265,1.5797621144430114,0.11992333047199942,353725.36097644386,0.1472705314009662,342733.8202900146,0.13445281484564722,347885.5889624594,0.16444444444444448,335831.1846435766,0.21998278390617376,313508.90312613954,0.2690579710144928,293784.328124979,0.5667292946692251,174142.59683288954,0.5676811594202898,173760.01800273862,0.8401439291425951,64250.250377205964,0.8405797101449277,64075.098827694426,0.9195600986984619,32330.857196857967,0.919975845410628,32163.757941841155,0.9459428874104496,21726.93848859567,0.946328502415459,21571.949938657126,0.9598891687148436,16121.57072975993,0.9607971014492754,15756.649302628499,0.9752282217764051,9956.41231901879,0.9755314009661837,9834.556835220377,0.9844321256890389,6257.127533256811,0.9845893719806765,6193.926220010465,0.9898209106202288,4091.2368091772773,0.9905314009661838,3805.6725364327613,0.9929892037758506,2817.818618518306,0.993937198067633,2436.7954251138353,0.9971014492753623,1165.0017968671725,0.9971014492753623,1165.0017968671725,0.9987922705314012,485.4174153613218,0.9987922705314012,485.4174153613218,1.0,0.0,1.0,0.0,1.0,0.0,1.0,0.0
23212,23,愛知県,安城市,19,168.25512676878088,93200.14374937372,6.143841598421939,1.9835358768593676,0.11447322804480792,82531.22244014277,0.14125000000000001,80035.62344477467,0.12417039355263113,81627.44522085218,0.1528125,78957.99678267253,0.20382471892134163,74203.65064622898,0.2521875,69696.23249757853,0.5092860017344355,45734.61517818054,0.5103125,45638.94539227144,0.7726793991960587,21186.312672121345,0.7731249999999998,21144.78261313916,0.8543017853796483,13579.094546643888,0.8546874999999999,13543.14588858087,0.889281741604209,10318.957598168028,0.8896875000000001,10281.140857352788,0.9074994754046203,8621.06218918188,0.9084374999999999,8533.63816205203,0.9325114971958101,6289.938162780514,0.9328124999999999,6261.884658161045,0.9670380340889095,3072.059961175578,0.9671874999999999,3058.129716776327,0.9896020096540452,969.0941949475962,0.9903124999999999,902.8763925720586,0.9981145057082175,175.72833903274181,0.9990625,87.37513476503794,0.9996875,29.12504492167931,0.9996875,29.12504492167931,0.9996875,29.12504492167931,0.9996875,29.12504492167931,1.0,0.0,1.0,0.0,1.0,0.0,1.0,0.0
23213,23,愛知県,西尾市,27,318.9836778324804,176691.93919152097,6.182024777995196,15.478662658632325,0.086240769641085,161453.89036626843,0.10516483516483517,158110.16053148962,0.09610386556321449,159711.16082135538,0.11692307692307695,156032.57399374314,0.15956043701317638,148498.8961574163,0.19467032967032968,142295.26113901773,0.3805000598337962,109460.6457569978,0.3813186813186814,109316.00193936958,0.5741122110845307,75250.93930146346,0.5745604395604397,75171.74094285425,0.6362554509416071,64270.72974347282,0.6367032967032967,64191.59900738115,0.6591864765298574,60219.00236463446,0.6596153846153846,60143.21776326773,0.6794252550339962,56642.97334387052,0.6801098901098901,56522.00384467227,0.7135330479354649,50616.40127456719,0.7137362637362638,50580.49468064969,0.7544360249121111,43389.17495385745,0.7545604395604396,43367.191888380454,0.7755916999460577,39651.13770720378,0.7761538461538462,39551.811003640476,0.802271916604304,34936.95848780831,0.8030219780219781,34804.428681406745,0.8157142857142857,32561.80022243744,0.8157142857142857,32561.80022243744,0.8462087912087913,27173.666911926775,0.8462087912087913,27173.666911926775,0.8740659340659342,22251.534320162973,0.8740659340659342,22251.534320162973,0.933076923076923,11824.76823820179,0.933076923076923,11824.76823820179
23214,23,愛知県,蒲郡市,12,129.69666021760193,71841.77747347558,5.903254043576976,1.8851975969285577,0.12103372907316362,63146.49924261642,0.14851351351351352,61172.302683833725,0.13754300826304666,61960.443280809355,0.16824324324324327,59754.883830978666,0.206164776827838,57030.53345374128,0.2521621621621622,53725.999532191054,0.5244527570218653,34164.15920815997,0.5254054054054054,34095.71925497922,0.8030302599314098,14150.656235015991,0.8033783783783786,14125.646787014452,0.8838364496827125,8345.39593242345,0.8841891891891892,8320.054499293052,0.9106791158705145,6416.971081364598,0.911081081081081,6388.09318615499,0.926358667483201,5290.524223522102,0.9271621621621621,5232.799737595045,0.9440268941263895,4021.2074166712164,0.9443243243243243,3999.8395025772884,0.9688968077624165,2234.508615447196,0.9690540540540539,2223.211762354853,0.9857759961405315,1021.8777200537871,0.9864864864864864,970.8348307226438,0.9948628165190283,369.0643924803746,0.9958108108108107,300.9587975240196,0.9979729729729729,145.62522460839656,0.9979729729729729,145.62522460839656,1.0,0.0,1.0,0.0,1.0,0.0,1.0,0.0,1.0,0.0,1.0,0.0
23215,23,愛知県,犬山市,18,276.91989614028523,153391.90325417757,5.5631985093633425,1.2405718368216405,0.1283256252657009,133707.79135838934,0.1572151898734177,129276.36605902712,0.14106678071278558,131753.40127470368,0.1724050632911392,126946.36246529275,0.24050955193706702,116499.68533174139,0.2928481012658228,108471.37563664089,0.5840555676855619,63802.5081206901,0.5848734177215189,63677.056547098146,0.8608317803317985,21347.27808740086,0.8612658227848099,21280.699489440332,0.9398695094826856,9223.530384058142,0.9402531645569621,9164.680802021752,0.9701743596829945,4575.011734,0.9705696202531645,4514.381962860293,0.984579043875012,2365.4498100110404,0.9855063291139239,2223.2117623548543,0.9925983726525607,1135.3497060018587,0.9929113924050631,1087.335010409361,0.9962351587716536,577.4961614658262,0.9963924050632911,553.3758535119069,0.9980236868692347,303.15043255427594,0.99873417721519,194.16696614452874,0.9977861829234073,339.58161483512475,0.99873417721519,194.16696614452874,0.9993670886075948,97.08348307226437,0.9993670886075948,97.08348307226437,1.0,0.0,1.0,0.0,1.0,0.0,1.0,0.0,1.0,0.0,1.0,0.0
23216,23,愛知県,常滑市,2,0.0,0.0,6.021086201184309,1.0506250000000001,0.16,0.0,0.1575,0.0,0.1775,0.0,0.175,0.0,0.28,0.0,0.275,0.0,0.625,0.0,0.615,0.0,0.885,0.0,0.8574999999999999,0.0,0.9624999999999999,0.0,0.9325,0.0,0.985,0.0,0.955,0.0,0.99,0.0,0.9675,0.0,0.9975,0.0,0.985,0.0,1.0,0.0,0.99,0.0,1.0,0.0,0.9975,0.0,1.0,0.0,0.9975,0.0,1.0,0.0,1.0,0.0,1.0,0.0,1.0,0.0,1.0,0.0,1.0,0.0,1.0,0.0,1.0,0.0
23217,23,愛知県,江南市,1,31.547836269146416,17475.02695300757,5.822590651527661,1.4318301252275707,0.1304062196612358,15196.17474958765,0.16,14679.022640526358,0.16266529947519304,14632.446460359524,0.2,13980.021562406058,0.25626829475164414,12996.731595021301,0.315,11970.393462810187,0.5643362158536911,7613.236370406021,0.565,7601.636724558294,0.8194763639569282,3154.655405507608,0.82,3145.5048515413637,0.9245433315634728,1318.6073147124687,0.925,1310.627021475567,0.9495814827084541,881.0649486004428,0.95,873.7513476503793,0.9690489229559899,540.8709055686908,0.97,524.2508085902276,0.9746869802474976,442.3457024369932,0.975,436.87567382518966,0.9848427537083626,264.87328747973754,0.985,262.1254042951138,0.9942895096540451,99.79097271045218,0.995,87.37513476503793,0.9990520057082176,16.566225800194477,1.0,0.0,1.0,0.0,1.0,0.0,1.0,0.0,1.0,0.0,1.0,0.0,1.0,0.0,1.0,0.0,1.0,0.0
23219,23,愛知県,小牧市,9,84.12756338439044,46600.07187468685,5.76551451324186,1.2993318397691473,0.1290449071675539,40586.56992561655,0.15812500000000002,39231.435509502,0.14803521007299425,39701.620445300956,0.18125,38153.808847399865,0.2292894548550248,35915.16679833493,0.28125,33493.80165993118,0.5348116681724786,21677.809698428176,0.5356250000000001,21639.908376807707,0.8413754419237375,7391.91580744427,0.8418749999999999,7368.636365184861,0.9333153481408953,3107.509569572745,0.93375,3087.2547616980037,0.9633525690063833,1707.7729183251604,0.9637499999999999,1689.2526054574,0.98094154573977,888.1253383471509,0.9818749999999999,844.6263027287,0.9878341132774949,566.9311956880354,0.9881249999999999,553.3758535119068,0.9979677537083627,94.70282325736784,0.998125,87.37513476503793,0.9992895096540451,33.10890118777131,1.0,0.0,0.9990520057082175,44.176602133851944,1.0,0.0,1.0,0.0,1.0,0.0,1.0,0.0,1.0,0.0,1.0,0.0,1.0,0.0,1.0,0.0,1.0,0.0
23220,23,愛知県,稲沢市,16,287.435841563334,159216.9122385134,6.285497196816001,3.4436813901400365,0.1103603192582363,141645.6829725605,0.1354878048780488,137644.9622998563,0.12650096338696595,139075.81945284348,0.15487804878048783,134557.70753815828,0.2064879110310136,126340.54462957456,0.25231707317073165,119043.76694321047,0.49288418317682875,80741.41450189693,0.494390243902439,80501.62416352154,0.7443318428895784,40706.694532832465,0.7467073170731707,40328.47886821859,0.8204335275471172,28590.01928551008,0.8228048780487804,28212.4601808,0.8638718287062317,21673.90710206925,0.8662195121951218,21300.116186054784,0.8877287683082374,17875.478843177174,0.8909756097560977,17358.526773320853,0.9126213041139395,13912.16615440663,0.9152439024390244,13494.60414704473,0.9308226169700339,11014.20932277215,0.933658536585366,10562.682958262358,0.9572214970864901,6811.061144075298,0.9579268292682928,6698.760331986237,0.965773689063584,5449.407544611428,0.9667073170731708,5300.75817574563,0.9687804878048781,4970.674333299934,0.9687804878048781,4970.674333299934,0.985,2388.253683577701,0.985,2388.253683577701,0.9947560975609755,834.9179544214736,0.9947560975609755,834.9179544214736,0.9993902439024391,97.08348307226437,0.9993902439024391,97.08348307226437
23221,23,愛知県,新城市,22,133.2019753586182,73783.44713492086,5.846640703357315,1.5209409925624142,0.12674327379864592,64431.89149289167,0.1575,62162.55421117082,0.14103784727508592,63377.188586476506,0.175,60871.34388630971,0.23330645103289402,56569.29293889932,0.2877631578947369,52551.28938701666,0.5489083143922893,33283.09953803887,0.5577631578947368,32629.758660588024,0.8367088256437809,12048.185730711231,0.8471052631578949,11281.100732997113,0.9230319901621491,5678.965084951147,0.9344736842105263,4834.757456998761,0.9468800326459277,3919.374303077929,0.9559210526315789,3252.2966829208567,0.9648989282801019,2589.8780696241715,0.9728947368421053,1999.9197512886462,0.973296219465142,1970.2969793962197,0.9806578947368421,1427.1272011622864,0.9832728740968895,1234.185009791319,0.9893421052631579,786.3762128853414,0.9887667267567991,828.8296224918222,0.991842105263158,601.9175950480391,0.9952379544282572,351.36013769677663,0.9973684210526317,194.16696614452874,1.0,0.0,1.0,0.0,1.0,0.0,1.0,0.0,1.0,0.0,1.0,0.0,1.0,0.0,1.0,0.0
23222,23,愛知県,東海市,12,105.15945423048805,58250.08984335857,6.078839319600743,22.267200250796567,0.06378312028897927,54534.71735603578,0.083,53415.332386359805,0.06954320703400299,54199.1917856326,0.09,53007.581757456304,0.09784390115382847,52550.67381052337,0.1275,50823.20338833035,0.2563457325062336,43317.9278939089,0.26849999999999996,42609.940720416795,0.41964077874989025,33805.97677924052,0.43600000000000005,32853.05067165424,0.47459265070998663,30605.02530050416,0.49,29707.54582011287,0.5051128764812601,28827.21940728789,0.5165000000000001,28163.91843926387,0.5249559747113817,27671.357152612713,0.5409999999999999,26736.791238101585,0.5596543274878422,25650.17498596734,0.5735,24843.66331819243,0.6227564722599346,21974.469383684343,0.6300000000000001,21552.53324204267,0.6536399599971483,20175.503448315387,0.6579999999999999,19921.53072642863,0.6759883469343186,18873.70790137107,0.6765,18843.904064326496,0.7075,17038.151279182384,0.7075,17038.151279182384,0.7705000000000001,13368.395619050792,0.7705000000000001,13368.395619050792,0.8350000000000001,9611.264824154165,0.8350000000000001,9611.264824154165,0.9249999999999999,4368.756738251893,0.9249999999999999,4368.756738251893
23223,23,愛知県,大府市,5,31.547836269146416,17475.02695300757,6.101228235673717,1.6637981016791854,0.1304062196612358,15196.17474958765,0.16,14679.022640526358,0.1475282669067383,14896.966512481826,0.18,14329.52210146621,0.22983136713504793,13458.71761767603,0.28,12582.019406165451,0.5593367776148807,7700.60168837913,0.565,7601.636724558294,0.8147390699260723,3237.4397463811383,0.82,3145.5048515413637,0.9197575250142108,1402.2394131527017,0.925,1310.627021475567,0.9495820444696438,881.055131808512,0.955,786.3762128853414,0.9590494847171794,715.6113583068378,0.965,611.6259433552656,0.9596875420086871,704.4612899401782,0.965,611.6259433552656,0.9798427537083626,352.24842224477544,0.98,349.5005390601517,0.9842895096540452,274.5412422405261,0.985,262.1254042951138,0.9890520057082176,191.31649533027036,0.99,174.75026953007585,1.0,0.0,1.0,0.0,1.0,0.0,1.0,0.0,1.0,0.0,1.0,0.0,1.0,0.0,1.0,0.0
23224,23,愛知県,知多市,10,87.63287852540671,48541.74153613214,6.023262610615652,1.9960332356282582,0.11565759561531012,42927.52042308327,0.158,40872.14637342327,0.12981485750910363,42240.30227537541,0.18,39804.22805962835,0.22956797873391768,37398.112047458024,0.309,33542.34340146731,0.5520630828143185,21743.63805851918,0.593,19756.488805205783,0.8148871865092369,8985.698347494857,0.886,5533.758535119064,0.8818371735035033,5735.829382971764,0.9489999999999998,2475.6288183427396,0.9258730008027487,3598.2536358820475,0.98,970.8348307226437,0.9284573317006579,3472.8057133918983,0.9870000000000001,631.0426399697184,0.943927159185052,2721.8733460358876,0.992,388.3339322890575,0.9710794252201448,1403.855066040108,0.994,291.2504492167931,0.9782931022815174,1053.690618601842,0.994,291.2504492167931,0.9880536549073294,579.896395789855,0.994,291.2504492167931,0.994,291.2504492167931,0.994,291.2504492167931,0.9979999999999999,97.08348307226437,0.9979999999999999,97.08348307226437,1.0,0.0,1.0,0.0,1.0,0.0,1.0,0.0
23225,23,愛知県,知立市,11,168.25512676878088,93200.14374937372,6.003747820617014,2.13217415157673,0.12160064332187173,81866.94631175893,0.14895833333333333,79317.20567003991,0.13932936513175564,80214.62689058512,0.16999999999999998,77356.11931198018,0.23405565345539797,71386.12320197703,0.29062499999999997,66113.85197221198,0.5388134088739753,42982.65658822915,0.5397916666666667,42891.48282132635,0.8061430306235948,18067.497412698893,0.8066666666666665,18018.694458212252,0.890689164896806,10187.785544981756,0.8911458333333333,10145.223981051617,0.9271856493751208,6786.307945256043,0.9276041666666667,6747.302073522367,0.9437364229559899,5243.773468355708,0.9446875,5155.132951137236,0.9591661469141642,3805.7209774407024,0.9594791666666667,3776.547491511084,0.963176087041696,3431.9939811283652,0.9633333333333334,3417.338604143706,0.9734561763207117,2473.8881825676926,0.9741666666666668,2407.6703801921567,0.9782186723748841,2030.022865712991,0.9791666666666669,1941.6696614452874,0.9864583333333334,1262.0852799394368,0.9864583333333334,1262.0852799394368,1.0,0.0,1.0,0.0,1.0,0.0,1.0,0.0,1.0,0.0,1.0,0.0
23226,23,愛知県,尾張旭市,1,0.0,0.0,5.849809017056726,1.18375,0.16,0.0,0.16,0.0,0.17,0.0,0.17,0.0,0.29,0.0,0.29,0.0,0.56,0.0,0.56,0.0,0.845,0.0,0.845,0.0,0.92,0.0,0.92,0.0,0.975,0.0,0.975,0.0,0.99,0.0,0.99,0.0,1.0,0.0,1.0,0.0,1.0,0.0,1.0,0.0,1.0,0.0,1.0,0.0,1.0,0.0,1.0,0.0,1.0,0.0,1.0,0.0,1.0,0.0,1.0,0.0,1.0,0.0,1.0,0.0,1.0,0.0,1.0,0.0
23227,23,愛知県,高浜市,3,0.0,0.0,5.986777422781415,1.0539583333333333,0.16,0.0,0.15166666666666664,0.0,0.17166666666666666,0.0,0.16333333333333333,0.0,0.31833333333333336,0.0,0.30833333333333335,0.0,0.5916666666666667,0.0,0.5783333333333334,0.0,0.8766666666666666,0.0,0.8583333333333333,0.0,0.965,0.0,0.945,0.0,0.985,0.0,0.9666666666666667,0.0,0.9983333333333334,0.0,0.9866666666666667,0.0,0.9983333333333334,0.0,0.9883333333333333,0.0,1.0,0.0,0.9983333333333334,0.0,1.0,0.0,0.9983333333333334,0.0,1.0,0.0,1.0,0.0,1.0,0.0,1.0,0.0,1.0,0.0,1.0,0.0,1.0,0.0,1.0,0.0,1.0,0.0,1.0,0.0
23228,23,愛知県,岩倉市,4,73.61161796134164,40775.062890351,6.265888374378714,1.899111378150327,0.11773002066782541,35974.6138935381,0.145,34862.67877125011,0.14061512576682228,35041.472293874205,0.17214285714285715,33755.92706422629,0.2204833542874881,31784.84025300313,0.27,29765.79590995623,0.5199930666174207,19572.31289647919,0.5207142857142858,19542.9051424468,0.7888369765877724,8610.185559750244,0.7892857142857143,8591.888251895389,0.8860329406176295,4647.014013744526,0.8864285714285715,4630.882142547006,0.9182112376604762,3334.9419281180585,0.9185714285714287,3320.2551210714373,0.9341085912925856,2686.7263339786414,0.935,2650.3790878728128,0.9504562005826404,2020.151537069769,0.9507142857142856,2009.6280995958728,0.971271325136934,1171.4135242979612,0.9714285714285713,1165.0017968671725,0.989289509654045,436.7209174428102,0.99,407.75062890351035,0.9954805771367891,184.279751475517,0.9964285714285714,145.62522460839654,0.9964285714285714,145.62522460839654,0.9964285714285714,145.62522460839654,0.9964285714285714,145.62522460839654,0.9964285714285714,145.62522460839654,1.0,0.0,1.0,0.0,1.0,0.0,1.0,0.0
23229,23,愛知県,豊明市,12,203.30827817894357,112616.84036382657,5.899868762594195,1.547452260325823,0.1251142486827127,98526.86899268543,0.15318965517241379,95365.1054218852,0.14287353312147075,96526.87449207,0.17456896551724135,92957.43504169304,0.225509120405748,87220.7157505055,0.2751724137931034,81627.7925671598,0.541256159014743,51662.28190812533,0.5421551724137932,51561.03785967956,0.8103652192189775,21356.06983464565,0.8107758620689656,21309.824534362015,0.9053744432073215,10656.431223659276,0.9057758620689657,10611.224699798482,0.9460469999498334,6076.016393799134,0.9464655172413793,6028.884298787613,0.9643075436456451,4019.5716594512396,0.9652586206896552,3912.4643678122543,0.9766697388681872,2627.380293527748,0.9769827586206896,2592.1289980294587,0.9820841330187073,2017.628331811777,0.9822413793103448,1999.9197512886462,0.9924791648264589,846.972694141332,0.9931896551724138,766.9595162708886,0.9968968332944245,349.46882950413647,0.9978448275862069,242.7087076806609,0.9991379310344827,97.08348307226437,0.9991379310344827,97.08348307226437,1.0,0.0,1.0,0.0,1.0,0.0,1.0,0.0,1.0,0.0,1.0,0.0
23230,23,愛知県,日進市,4,63.09567253829283,34950.05390601514,5.778338170736075,1.422468832656741,0.12100588679313659,30720.891639649853,0.15000000000000002,29707.54582011287,0.14949678927659985,29725.133062021792,0.185,28484.29393340234,0.22354623734951018,27137.100860162907,0.275,25338.78908186098,0.5291351935267449,16456.750368685654,0.53,16426.525335827115,0.8244763639569282,6134.56054148514,0.825,6116.259433552652,0.9145433315634729,2986.715168485089,0.915,2970.754582011286,0.954581482708454,1587.3796276708097,0.9549999999999998,1572.7524257706827,0.95404892295599,1605.9926197276093,0.9549999999999998,1572.7524257706827,0.9796869802474977,709.9411353439106,0.98,699.0010781203034,0.9948427537083626,180.24603589932332,0.995,174.75026953007585,0.999289509654045,24.831675890828482,1.0,0.0,0.9990520057082176,33.13245160038896,1.0,0.0,1.0,0.0,1.0,0.0,1.0,0.0,1.0,0.0,1.0,0.0,1.0,0.0,1.0,0.0,1.0,0.0
23231,23,愛知県,田原市,11,210.3189084609761,116500.17968671715,6.150230388436694,10.626489647741506,0.08270852418176945,106864.62175791779,0.11075,103597.78478641322,0.09224430404536543,105753.7016903559,0.12225000000000001,102258.03272001597,0.15642153444848375,98277.04281659676,0.20575,92530.26771617509,0.3716425732692733,73203.75312161287,0.39624999999999994,70336.98348585548,0.5557439949934633,51755.90441016464,0.6015,46425.32160515678,0.6122708728917498,45170.51297788516,0.6617500000000001,39406.18577903207,0.6503758057280357,40731.28145550755,0.701,34833.55372632843,0.6719220266713672,38221.1428440397,0.7230000000000001,32270.549773220646,0.7089590184613044,33906.32664545657,0.7594999999999998,28018.29321465547,0.7645169473633286,27433.817945348885,0.8119999999999999,21902.033781102822,0.7935469802848237,24051.813893683382,0.8422499999999999,18377.903345579627,0.8261371335572039,20255.055181433447,0.8739999999999999,14679.02264052636,0.8994057464156067,11719.248618033009,0.9369999999999999,7339.511320263179,0.9324583457410336,7868.614857507714,0.94975,5854.134029257534,0.9455454168915749,6343.968716896798,0.95725,4980.382681607156,0.9800079097747803,2329.0821035511613,0.9827499999999999,2009.6280995958728
23232,23,愛知県,愛西市,7,147.22323592268327,81550.125780702,6.319599289400019,43.43925790961566,0.030807047060557775,79037.8072179815,0.03785714285714286,78462.871019004,0.03352189144917897,78816.41131661442,0.04107142857142857,78200.7456147089,0.05552410298160145,77022.12819869176,0.06785714285714287,76016.36724558294,0.12301089955227716,71518.57144981649,0.1232142857142857,71501.98528272264,0.1737364996118205,67381.89238465916,0.17392857142857143,67366.2289038442,0.19555271206157548,65602.77751532312,0.19571428571428573,65589.60116362176,0.21163517334631507,64291.25077468933,0.21178571428571427,64278.97414214619,0.23401739680341316,62465.97763651122,0.2342857142857143,62444.09631208039,0.25523404636553354,60735.75719607521,0.25535714285714284,60725.71866170131,0.27528600794928415,59100.51720677054,0.27535714285714286,59094.71614608727,0.2937307287114007,57596.34790863002,0.29392857142857143,57580.213810159956,0.3293683525068419,54690.09520558645,0.32964285714285707,54667.70931799202,0.3828571428571429,50328.0776246618,0.3828571428571429,50328.0776246618,0.5110714285714285,39872.18649777894,0.5110714285714285,39872.18649777894,0.665,27319.29213653517,0.665,27319.29213653517,0.8285714285714285,13980.021562406055,0.8285714285714285,13980.021562406055
23233,23,愛知県,清須市,1,31.547836269146416,17475.02695300757,6.297931332795859,2.447148793339729,0.11408756464719773,15481.343685794798,0.14,15028.523179586511,0.13067628353834151,15191.455376056194,0.16,14679.022640526358,0.2297006979584694,13461.001065058668,0.28,12582.019406165451,0.5693362158536911,7525.861235640983,0.57,7514.2615897932565,0.7996736478805542,3500.708402685001,0.8,3495.005390601513,0.8347276574373246,2888.1386408694534,0.835,2883.37944724625,0.8697396275401116,2276.303519645355,0.87,2271.753503890984,0.8742070522904396,2198.23515172284,0.875,2184.3783691259464,0.8997487074136734,1751.8940400199053,0.9,1747.5026953007566,0.9298427537083626,1225.9997698951547,0.93,1223.251886710529,0.9492895096540451,886.1671855957916,0.95,873.7513476503793,0.9940520057082176,103.94136056523242,0.995,87.37513476503793,1.0,0.0,1.0,0.0,1.0,0.0,1.0,0.0,1.0,0.0,1.0,0.0,1.0,0.0,1.0,0.0
23234,23,愛知県,北名古屋市,2,0.0,0.0,6.151230143869389,1.063125,0.16,0.0,0.14,0.0,0.175,0.0,0.1525,0.0,0.29500000000000004,0.0,0.265,0.0,0.61,0.0,0.55,0.0,0.875,0.0,0.785,0.0,0.9475,0.0,0.865,0.0,0.9824999999999999,0.0,0.91,0.0,1.0,0.0,0.9424999999999999,0.0,1.0,0.0,0.96,0.0,1.0,0.0,0.97,0.0,1.0,0.0,0.99,0.0,1.0,0.0,0.995,0.0,1.0,0.0,0.995,0.0,1.0,0.0,0.9975,0.0,1.0,0.0,1.0,0.0,1.0,0.0,1.0,0.0
23235,23,愛知県,弥富市,6,105.15945423048805,58250.08984335857,6.278844662821869,23.483309925159,0.06685646376013755,54355.694822721314,0.07900000000000001,53648.33274573325,0.07749080708622932,53736.243368551346,0.09100000000000001,52949.33166761294,0.12449355293600818,50998.32919991718,0.147,49687.32663638487,0.2375868522068195,44410.63435671059,0.24000000000000002,44270.06828095252,0.3554241011220438,37546.60402050456,0.36150000000000004,37192.682364984445,0.38244119070921445,35972.8561247458,0.39049999999999996,35503.42975952705,0.40744276960063147,34516.511908094944,0.41450000000000004,34105.42760328644,0.4208787087934034,33733.867242986074,0.4280000000000001,33319.0513904011,0.44488797035583416,32335.32559990179,0.451,31979.29932400386,0.48442864140638275,30032.077958740647,0.4905,29678.420775191196,0.509318628219451,28582.233990679408,0.5155000000000001,28222.168529107228,0.5642460273206235,25382.708058174103,0.5695,25076.663677565866,0.7160000000000001,16543.025515513837,0.7160000000000001,16543.025515513837,0.8000003901279416,11649.995243684072,0.801,11591.767878828357,0.8710005454430356,7514.229817687425,0.8729999999999999,7397.761410106538,0.945,3203.754941384722,0.945,3203.754941384722
23236,23,愛知県,みよし市,8,73.61161796134164,40775.062890351,5.855549977123827,1.5765709120514142,0.11395389867680414,36128.58550520363,0.13999999999999999,35066.55408570186,0.1359441688656807,35231.930855276376,0.16642857142857145,33988.92742359972,0.21174481877258847,32141.15458819273,0.2592857142857143,30202.671583781423,0.5412500823821341,18705.556741811826,0.5421428571428571,18669.153794796424,0.8217690177900452,7267.3795086199425,0.8221428571428572,7252.1361854981415,0.8995433315634728,4096.126973254538,0.8999999999999999,4077.5062890351005,0.9267243398513114,2987.819650894769,0.9271428571428572,2970.7545820112873,0.9490489229559899,2077.5333708006347,0.9500000000000001,2038.7531445175493,0.9661155516760691,1381.6405114131358,0.9664285714285713,1368.8771113189277,0.983414182279791,676.2877606294129,0.9835714285714285,669.8760331986242,0.9942895096540451,232.8456029910551,0.995,203.87531445175517,0.9990520057082176,38.654526867120445,1.0,0.0,1.0,0.0,1.0,0.0,1.0,0.0,1.0,0.0,1.0,0.0,1.0,0.0,1.0,0.0,1.0,0.0
23237,23,愛知県,あま市,6,129.69666021760193,71841.77747347557,6.319901106275118,19.413773335416007,0.05492699418518994,67895.72457993627,0.06783783783783785,66968.18662324791,0.06288036758835253,67324.3400977428,0.07756756756756758,66269.18554512759,0.10864336341619492,64036.645134959355,0.13418918918918918,62201.38760439973,0.2703314965963364,52420.68225092996,0.2708108108108108,52386.24746579381,0.4015472816965838,42993.907016750585,0.4025675675675675,42920.60786624804,0.4479098882896643,39663.1349508002,0.44891891891891894,39590.64439686937,0.5085843406444435,35304.17444640317,0.5095945945945947,35231.59600692471,0.5302162162786368,33750.102050757545,0.5317567567567568,33639.42688453957,0.5718376585305511,30759.94365837041,0.5728378378378378,30688.088999142736,0.6374709601548376,26044.730608228914,0.6383783783783784,25979.540070137922,0.6931280902269724,22046.22345477432,0.6935135135135134,22018.53396078954,0.7182246794974483,20243.239873061586,0.7187837837837837,20203.072827338197,0.7464864864864865,18212.861424356775,0.7464864864864865,18212.861424356775,0.8135135135135135,13397.520663972471,0.8135135135135135,13397.520663972471,0.8722972972972972,9174.389150328974,0.8722972972972972,9174.389150328974,0.944054054054054,4019.2561991917414,0.944054054054054,4019.2561991917414
23238,23,愛知県,長久手市,1,31.547836269146416,17475.02695300757,5.8017193708384545,1.209074168726802,0.1304062196612358,15196.17474958765,0.16,14679.022640526358,0.1593376263976097,14690.59763708109,0.195,14067.396697171094,0.2567705687880516,12987.954342697285,0.315,11970.393462810187,0.5488689118623733,7883.527924544661,0.55,7863.7621288534065,0.8394763639569283,2805.1548664474562,0.84,2796.004312481212,0.9545433315634727,794.356506122243,0.955,786.3762128853414,0.9845814827084541,269.43900524517727,0.985,262.1254042951138,0.9940489229559898,103.99523174350307,0.995,87.37513476503793,0.9946869802474976,92.84516337684147,0.995,87.37513476503793,0.9948427537083626,90.12301794966164,0.995,87.37513476503793,0.9992895096540451,12.415837945414241,1.0,0.0,0.9990520057082176,16.566225800194477,1.0,0.0,1.0,0.0,1.0,0.0,1.0,0.0,1.0,0.0,1.0,0.0,1.0,0.0,1.0,0.0,1.0,0.0
23361,23,愛知県,大口町,5,115.67539965353686,64075.098827694426,5.750001356391694,1.1655184506184675,0.1304062196612358,55719.30741515471,0.16,53823.08301526332,0.15233749275857755,54314.05892402539,0.18636363636363637,52133.830409805916,0.25045994769443164,48026.85292679455,0.30681818181818177,44415.69350556091,0.6231786412813447,24144.86580028393,0.624090909090909,24086.41215022877,0.8606004279580983,8932.04135512316,0.860909090909091,8912.263746033861,0.9460410231080923,3457.42677699027,0.9463636363636363,3436.755300758159,0.9718542099811813,1803.4442770393375,0.9722727272727272,1776.6277402224378,0.9863216502287172,876.4416133947243,0.9872727272727272,815.5012578070207,0.991050616611134,573.4326250885199,0.9913636363636363,553.3758535119068,0.9984791173447263,97.45070644199156,0.9986363636363637,87.37513476503793,0.9992895096540451,45.52473913318555,1.0,0.0,0.9990520057082175,60.74282793404642,1.0,0.0,1.0,0.0,1.0,0.0,1.0,0.0,1.0,0.0,1.0,0.0,1.0,0.0,1.0,0.0,1.0,0.0
23424,23,愛知県,大治町,1,0.0,0.0,6.318185135666974,1.0262499999999999,0.16,0.0,0.14,0.0,0.175,0.0,0.155,0.0,0.31,0.0,0.27,0.0,0.625,0.0,0.55,0.0,0.875,0.0,0.79,0.0,0.965,0.0,0.89,0.0,0.985,0.0,0.925,0.0,1.0,0.0,0.945,0.0,1.0,0.0,0.95,0.0,1.0,0.0,0.98,0.0,1.0,0.0,1.0,0.0,1.0,0.0,1.0,0.0,1.0,0.0,0.965,0.0,1.0,0.0,0.94,0.0,1.0,0.0,0.965,0.0,1.0,0.0,0.995,0.0
23425,23,愛知県,蟹江町,2,52.579727115244026,29125.044921679284,6.3354255519392995,54.060166733980175,0.016556917428970336,28642.82395779599,0.020000000000000004,28542.5440232457,0.02050484448671341,28527.84040489171,0.025,28396.9187986373,0.02903317391872406,28279.452427077522,0.035,28105.66834942051,0.045,27814.417900203716,0.045,27814.417900203716,0.065,27231.917001770133,0.065,27231.917001770133,0.07,27086.291777161736,0.07,27086.291777161736,0.075,26940.66655255334,0.075,26940.66655255334,0.09,26503.79087872815,0.09,26503.79087872815,0.095,26358.165654119755,0.095,26358.165654119755,0.101,26183.41538458968,0.101,26183.41538458968,0.116,25746.53971076449,0.116,25746.53971076449,0.138,25105.788722487545,0.138,25105.788722487545,0.23,22426.284589693052,0.23,22426.284589693052,0.402,17416.77686316421,0.402,17416.77686316421,0.5419999999999999,13339.270574129112,0.5419999999999999,13339.270574129112,0.8150000000000001,5388.13331051067,0.8150000000000001,5388.13331051067
23427,23,愛知県,飛島村,5,42.06378169219522,23300.03593734343,6.256014695729534,12.56914520253333,0.10715237006545066,20803.381864046904,0.11500000000000002,20620.531804548937,0.10941221565008163,20750.72738071216,0.11750000000000001,20562.281714705576,0.15541866353421938,19678.77549166223,0.16999999999999998,19339.029827995044,0.3175030946280458,15902.202422292212,0.325,15727.524257706813,0.45001202382059996,12814.739610086803,0.47750000000000004,12174.268777261943,0.5000120238206,11649.73781321963,0.5275000000000001,11009.26698039477,0.5150120238206001,11300.237274159477,0.5425,10659.766441334617,0.5300120238206,10950.736735099328,0.5575000000000001,10310.265902274466,0.5500103257190494,10484.775582179613,0.575,9902.515273370958,0.5575103257190493,10310.025312649537,0.5825,9727.765003840883,0.5844697977196484,9681.868646183779,0.61,9087.014015563938,0.6193985609710216,8868.027207179819,0.645,8271.512757756916,0.9500000000000001,1165.0017968671725,0.9500000000000001,1165.0017968671725,0.9700019506397074,698.955628145017,0.975,582.5008984335863,0.9950013636075892,116.46840758088497,1.0,0.0,1.0,0.0,1.0,0.0
23441,23,愛知県,阿久比町,3,21.03189084609761,11650.017968671715,6.082866899504965,3.445788360410052,0.08908501639089081,10612.175926978422,0.125,10193.76572258775,0.10550984217843506,10420.826411421229,0.15,9902.515273370956,0.20765912145929177,9230.785472312384,0.29,8271.512757756916,0.47723963631644445,6090.167630222783,0.53,5475.5084452757055,0.6539564408447405,4031.413682101887,0.735,3087.2547616980046,0.7276268010919376,3173.1526614635227,0.8099999999999999,2213.503414047625,0.7674754815188134,2708.914818462561,0.8349999999999999,1922.2529648308334,0.778052097877917,2585.6970478312596,0.855,1689.2526054573989,0.8384756978798943,1881.7610220763916,0.905,1106.7517070238125,0.8935699924280197,1239.911500619437,0.9349999999999999,757.2511679636608,0.9542954568152345,532.45874935245,0.98,233.0003593734345,0.9740563191572437,302.2443479915954,0.99,116.50017968671725,1.0,0.0,1.0,0.0,1.0,0.0,1.0,0.0,1.0,0.0,1.0,0.0,1.0,0.0,1.0,0.0
23442,23,愛知県,東浦町,6,66.6009876793091,36891.72356746043,6.0065401549242425,2.223443719266277,0.11329043098186191,32712.24430483912,0.13973684210526316,31736.590616323192,0.14346640552345075,31599.000593672106,0.17684210526315788,30367.713505004267,0.2500515110398594,27666.892344552158,0.3094736842105263,25474.705958162147,0.5509120394524775,16567.628897993774,0.5518421052631579,16533.31716720661,0.7911487616049615,7704.882153591536,0.791578947368421,7689.011859323329,0.8658591210371569,4948.688225793374,0.8663157894736843,4931.840940071026,0.8937920090242436,3918.1958437329354,0.8942105263157895,3902.7560195050237,0.9158910282191477,3102.924936482532,0.9168421052631579,3067.8380650835497,0.9341606644580238,2428.926566679857,0.9344736842105263,2417.3787284993805,0.9616848589715202,1413.511591270928,0.9618421052631578,1407.7105045478334,0.9711316149172032,1065.0044823135436,0.971842105263158,1038.7932688732287,0.9808941109713755,704.8491765545903,0.9818421052631578,669.8760331986241,0.9921052631578947,291.2504492167931,0.9921052631578947,291.2504492167931,1.0,0.0,1.0,0.0,1.0,0.0,1.0,0.0,1.0,0.0,1.0,0.0
23445,23,愛知県,南知多町,1,0.0,0.0,5.821076761173881,1.2131249999999998,0.16,0.0,0.135,0.0,0.185,0.0,0.16,0.0,0.295,0.0,0.245,0.0,0.54,0.0,0.44,0.0,0.82,0.0,0.67,0.0,0.925,0.0,0.75,0.0,0.96,0.0,0.795,0.0,1.0,0.0,0.845,0.0,1.0,0.0,0.86,0.0,1.0,0.0,0.86,0.0,1.0,0.0,0.88,0.0,1.0,0.0,0.905,0.0,1.0,0.0,0.98,0.0,1.0,0.0,0.995,0.0,1.0,0.0,1.0,0.0,1.0,0.0,1.0,0.0
23446,23,愛知県,美浜町,5,35.053151410162684,19416.696614452856,6.132980421730911,4.545446667238748,0.1011706474222592,17452.296847167072,0.145,16601.27560535719,0.11353620765585219,17212.198515643657,0.16,16310.025156140398,0.156282753952255,16382.201794890738,0.23000000000000004,14950.856393128699,0.43189915133003526,11030.6418250379,0.515,9417.097858009634,0.6851943779751672,6112.485255380296,0.79,4077.506289035099,0.7541466219097857,4773.660454016062,0.865,2621.254042951136,0.799157619463549,3899.69557020076,0.905,1844.5861783730209,0.8181966176125206,3530.021119299049,0.91,1747.5026953007564,0.8435042484309088,3038.630529667829,0.915,1650.4192122284921,0.8785943629801477,2357.2964212988586,0.93,1359.168763011699,0.9143164996604173,1663.6905309580459,0.945,1067.918313794908,0.9240771710353146,1474.1705361182878,0.95,970.8348307226437,0.9549999999999998,873.7513476503793,0.9549999999999998,873.7513476503793,1.0,0.0,1.0,0.0,1.0,0.0,1.0,0.0,1.0,0.0,1.0,0.0
23447,23,愛知県,武豊町,8,101.65413908947178,56308.42018191329,6.083116901527729,2.9295654954862043,0.11443749286939894,49864.62574885846,0.15655172413793106,47493.23991895169,0.13224723381901077,48861.78737213669,0.17982758620689657,46182.612897476116,0.20782512204081788,44606.11588568151,0.29224137931034483,39852.76980116449,0.4941487733419238,28483.683420199206,0.5517241379310345,25241.705598788714,0.7327095960704914,15050.700375056098,0.8282758620689654,9669.514913997526,0.8113350848590212,10623.423315343252,0.9110344827586208,5009.507726528835,0.8515359768177775,8359.774599241904,0.9408620689655173,3329.963469378664,0.8750619832170535,7035.062345709086,0.9641379310344828,2019.3364479030988,0.903978640877632,5406.811035900686,0.9725862068965516,1543.6273808490037,0.9308141560625818,3895.745571068418,0.9743103448275863,1446.5438977767392,0.9586042630549416,2330.928549642301,0.9775862068965517,1262.0852799394368,0.9683648045078586,1781.3278803084784,0.9775862068965517,1262.0852799394368,0.9879310344827587,679.5843815058506,0.9879310344827587,679.5843815058506,0.9982758620689655,97.08348307226437,0.9982758620689655,97.08348307226437,1.0,0.0,1.0,0.0,1.0,0.0,1.0,0.0
23501,23,愛知県,幸田町,17,147.22323592268327,81550.125780702,5.865141038709214,1.5885833911438076,0.1219090474503381,71608.42762732136,0.14928571428571427,69375.85700344005,0.13144871767078128,70830.4663209378,0.16035714285714286,68472.980610868,0.23045646837779452,62756.37179751649,0.2821428571428572,58541.34029257536,0.5657737828365393,35411.202626958635,0.5667857142857142,35328.679489996975,0.805190649671214,15886.72702256934,0.8057142857142857,15844.024437393535,0.906329045849187,7638.878092997168,0.9067857142857142,7601.636724558294,0.9360100541370255,5218.388133825878,0.9364285714285713,5184.257996058915,0.9536917800988469,3776.4411576194366,0.954642857142857,3698.88070505327,0.9639726945332119,2938.0312923563474,0.9642857142857142,2912.5044921679287,0.981628467994077,1498.2007458672222,0.9817857142857143,1485.3772910056448,0.9900037953683308,815.1917450422599,0.9907142857142857,757.251167963662,0.9979805771367891,164.68418849927883,0.9989285714285714,87.37513476503793,1.0,0.0,1.0,0.0,1.0,0.0,1.0,0.0,1.0,0.0,1.0,0.0,1.0,0.0,1.0,0.0
23561,23,愛知県,設楽町,3,42.06378169219522,23300.03593734343,5.542524305009782,1.2775375004282978,0.1282791954278946,20311.126073859985,0.1575,19630.280277211838,0.1488169713318348,19832.59515722507,0.1825,19047.779378778254,0.24190977066755293,17663.52958719494,0.29500000000000004,16426.52533582712,0.5518453276791844,10442.019970563375,0.5599999999999999,10252.01581243111,0.8322205725096865,3909.266690071212,0.8424999999999999,3669.755660131591,0.9295578260504407,1641.3051845293267,0.9400000000000001,1398.0021562406057,0.9620959771954221,883.1650935165496,0.9724999999999999,640.7509882769449,0.9815489229559898,429.91075820812796,0.9824999999999999,407.75062890351035,0.9921869802474976,182.0436410124806,0.9924999999999999,174.75026953007588,0.9998427537083626,3.6638442461649556,1.0,0.0,0.9992895096540451,16.554450593885655,1.0,0.0,0.9990520057082177,22.088301066925972,1.0,0.0,1.0,0.0,1.0,0.0,1.0,0.0,1.0,0.0,1.0,0.0,1.0,0.0,1.0,0.0,1.0,0.0
23562,23,愛知県,東栄町,2,14.021260564065074,7766.678645781143,5.701127178624348,1.5040783372521402,0.12210850387811661,6818.3011362426905,0.15000000000000002,6601.676848913971,0.15081051707267762,6595.381823273565,0.185,6329.843096311632,0.22854343086481094,5991.6552616498575,0.28,5592.008624962424,0.5938689118623733,3154.2896496263647,0.5950000000000001,3145.504851541363,0.8244763639569282,1363.2356758855867,0.8250000000000001,1359.1687630117003,0.9145433315634729,663.7144818855754,0.9150000000000001,660.1676848913969,0.9345814827084542,508.0846012869141,0.935,504.8341119757739,0.93904892295599,473.38742851507493,0.9400000000000001,466.00071874686904,0.9646869802474977,274.2648764298085,0.965,271.83375260234027,0.9798427537083626,156.5548543310113,0.98,155.333572915623,0.9992895096540451,5.518150197961885,1.0,0.0,0.9990520057082177,7.362767022308658,1.0,0.0,1.0,0.0,1.0,0.0,1.0,0.0,1.0,0.0,1.0,0.0,1.0,0.0,1.0,0.0,1.0,0.0
23563,23,愛知県,豊根村,4,38.55846655117895,21358.366275898145,5.444943471684169,1.216811013655229,0.1300194879824465,18581.362428564316,0.15954545454545457,17950.736020061668,0.14294441385702653,18305.307127646203,0.175,17620.652177615968,0.2302983168851246,16439.570471142797,0.2813636363636364,15348.898673724983,0.5206514373692601,10238.102174492647,0.5213636363636364,10222.89076750943,0.8599309094114738,2991.646940721702,0.8604545454545454,2980.462930318514,0.9595433315634727,864.0883427699171,0.96,854.3346510359263,0.9727633008902723,581.731395731993,0.9731818181818181,572.7925501263599,0.9899580138650808,214.48041800709683,0.990909090909091,194.16696614452877,0.996959707520225,64.93568036889629,0.9972727272727273,58.25008984335863,0.9989336627992718,22.775220506770754,0.9990909090909091,19.416696614452878,0.9992895096540452,15.174913044395183,1.0,0.0,0.9990520057082176,20.247609311348807,1.0,0.0,1.0,0.0,1.0,0.0,1.0,0.0,1.0,0.0,1.0,0.0,1.0,0.0,1.0,0.0,1.0,0.0
24201,24,三重県,津市,44,354.60871846226553,196425.41757958825,5.949170099300807,2.2712256414302074,0.12401928920112552,172064.87691033343,0.1546,166058.04802178394,0.14414152144622056,168112.3590389572,0.1794,161186.69766581012,0.22099188328911556,153016.99462282413,0.27440000000000003,142526.28299574926,0.5372453642450506,90896.77256505619,0.5498,88430.72299433063,0.8074568935650139,37820.360083563246,0.8246,34453.01824345978,0.8943697178526986,20748.472279833415,0.9162,16460.449993169495,0.9241858143728519,14891.833070269015,0.9466,10489.117298750016,0.9443137530702923,10938.1943066079,0.963,7267.740450444769,0.9602869408881293,7800.654219412097,0.9760000000000001,4714.21002191012,0.9690420065818588,6080.936784584538,0.9833999999999999,3260.661931821166,0.9754843961203704,4815.487729272032,0.9885999999999999,2239.2497604073055,0.9821526303900409,3505.677028333533,0.991,1767.8287582162932,0.990175708836317,1929.7404942498795,0.9945999999999999,1060.6972549297775,0.9926401357471942,1445.6644091864446,0.9957999999999999,824.9867538342713,0.9949448840856551,992.9532543883965,0.9964,707.1315032865183,0.998415166735649,311.3015357441458,0.9988,235.71050109550612
24202,24,三重県,四日市市,28,424.78376467773745,235296.8892577663,6.039699959053296,21.600408450775163,0.07263984900539877,218204.95875064214,0.0893580909023622,214271.20843842777,0.0825569112650898,215871.5048503612,0.10164412375841639,211380.3431260795,0.14175512356214098,201942.3496472442,0.17396750666066205,194362.87610858277,0.3433735983109316,154502.14972195827,0.34384098534249846,154392.17500735118,0.5149657667963587,114127.04625634276,0.5154451122803845,114014.25775507173,0.5652912630209181,102285.61354435043,0.5657785935682864,102170.94618251442,0.5839764992264346,97889.03559014584,0.5844451099162525,97778.77295255878,0.6008067391710945,93928.93248570558,0.601572972282061,93748.64021824888,0.6378604501339864,85210.30956068073,0.6380593635388643,85163.50585528127,0.6611412141515903,79732.41820779441,0.6619170135150574,79549.87503088242,0.6713240652161864,77336.4250285198,0.6717210549899874,77243.01456967733,0.6825629459449458,74691.95135430366,0.6831033092789722,74564.8055427383,0.7106520875817235,68082.66370524901,0.7106520875817235,68082.66370524901,0.769424477520439,54253.70317842482,0.769424477520439,54253.70317842482,0.8225338538029285,41757.232148734896,0.8225338538029285,41757.232148734896,0.923740340463083,17943.66066489289,0.923740340463083,17943.66066489289
24203,24,三重県,伊勢市,17,212.76523107735932,117855.25054775295,6.102737257874542,42.50511668613105,0.04440914897411131,112621.39916879656,0.07,109605.38300941024,0.049356068822555256,112038.37869061857,0.08099999999999999,108308.97525338495,0.07414283549459652,109117.12809421644,0.123,103359.05473037934,0.20305895425053316,93923.68661859166,0.262,86977.17490424168,0.3231404505625833,79771.45178458592,0.40599999999999997,70006.01882536526,0.3481524614647497,76823.65497300797,0.438,66234.65080783716,0.35816847911127847,75643.2147037856,0.45000000000000007,64820.38780126412,0.36394661634496883,74962.23089240975,0.455,64231.111548525354,0.3702037035479443,74224.80031240391,0.461,63523.98004523884,0.3792503859964199,73158.60128581285,0.4650000000000001,63052.55904304783,0.38391760121658447,72608.5454666801,0.468,62698.993291404564,0.3958021055430873,71207.89423164424,0.476,61756.15128702254,0.4255213510334143,67705.32510829158,0.5650000000000001,51267.03398827253,0.5049211036385969,58347.64737157819,0.6390000000000001,42545.74544773881,0.5924378567997484,48033.33850064484,0.721,32881.61490282307,0.812049350167974,22150.970926566413,0.87,15321.18257120788
24204,24,三重県,松阪市,36,354.6087184622655,196425.41757958825,6.01171442392762,1.6776402201076508,0.12007290672152304,172840.04673681816,0.1514,166686.6093580386,0.14186324105351233,168559.87121645833,0.17820000000000003,161422.4081669056,0.21748432100717913,153705.9690087399,0.27180000000000004,143036.98908145618,0.5467983120848426,89020.33079650904,0.5562,87173.60032182126,0.8293350294032136,33522.93811568195,0.8430000000000002,30838.790559995352,0.9079719183761628,18076.654362010682,0.9228000000000002,15164.042237144213,0.9358100695211441,12608.533898714024,0.9506000000000001,9703.41562843166,0.9505355546576906,9716.074331705915,0.9622000000000002,7424.880784508439,0.9587078382117674,8110.830122017512,0.9692000000000002,6049.902861451321,0.9800516030718109,3918.372196662959,0.9850000000000001,2946.3812636938264,0.9890951856733767,2141.9827077348914,0.9934000000000001,1296.4077560252836,0.9948569305250424,1010.2295692594353,0.9988,235.71050109550612,0.9970215177249632,585.0496246275638,1.0,0.0,0.9994147845450789,114.95119010691094,1.0,0.0,1.0,0.0,1.0,0.0,1.0,0.0,1.0,0.0
24205,24,三重県,桑名市,16,212.76523107735932,117855.25054775295,5.966333784043164,2.3933509392667207,0.11121633496688446,104747.82152522795,0.1393333333333333,101434.08563809936,0.1262096093973184,102980.78541069795,0.1576666666666667,99273.4060447239,0.21350123392939954,92693.00913074915,0.2653333333333333,86584.3240690825,0.4892178121036219,60198.362729857065,0.494,59634.756777163,0.6954066184855522,35897.929293572546,0.701,35238.71991377813,0.7794332136014466,25994.95387351421,0.785,25338.878867766885,0.825382701155589,20579.565505279916,0.8323333333333334,19760.397008506574,0.8595075630762149,16557.771353717075,0.8646666666666667,15949.743907462567,0.9207516416800209,9339.835125299247,0.9236666666666666,8996.284125145145,0.9645443923501469,4178.629522896278,0.9686666666666667,3692.797850496258,0.9813083084388636,2202.9139920990524,0.983,2003.5392593118017,0.9937192803769529,740.2157847944214,0.9950000000000001,589.2762527387653,1.0,0.0,1.0,0.0,1.0,0.0,1.0,0.0,1.0,0.0,1.0,0.0,1.0,0.0,1.0,0.0
24207,24,三重県,鈴鹿市,26,278.95885852364887,154521.32849594275,6.088942705648441,11.020795797979833,0.10626203660730872,138101.5774306969,0.12652542372881356,134970.4519328544,0.1188420089977099,136157.70338448984,0.1415254237288136,132652.63200541527,0.20071330329360612,123506.84222420564,0.23855932203389835,117658.82513017335,0.44582310835417005,85632.14951886577,0.4522033898305085,84646.2599489639,0.6630257436555418,52069.70975927805,0.6690677966101696,51136.08370988614,0.7409821594188877,40023.7808307438,0.7470338983050849,39088.65809833806,0.7770241748703837,34454.52072150735,0.7830508474576272,33523.271266916396,0.7884404685914613,32690.45984922653,0.7945762711864407,31742.34748086146,0.8055513448034555,30046.464525219562,0.8067796610169492,29856.663472097414,0.819301021726076,27921.846180746248,0.8204237288135594,27748.363990076505,0.8357700236874112,25377.034118678443,0.836271186440678,25299.59378425097,0.8418713141649456,24434.25460855017,0.842542372881356,24330.561724191666,0.864491525423729,20938.94951398411,0.864491525423729,20938.94951398411,0.8993220338983052,15556.893072303388,0.8993220338983052,15556.893072303388,0.9237288135593221,11785.525054775295,0.9237288135593221,11785.525054775295,0.9534745762711865,7189.170283412931,0.9534745762711865,7189.170283412931
24208,24,三重県,名張市,9,307.3275560006301,170235.3619023098,5.48819206336485,1.5199914452416414,0.13874276745777867,146616.43667280686,0.15923076923076923,143128.65427632665,0.16192029392475693,142670.80206670045,0.1853076923076923,138689.43983902794,0.2635778431151635,125365.09239016971,0.30053846153846153,119073.08813674639,0.5661537115021269,73855.97993240935,0.5681538461538462,73515.48628612056,0.8454825671379849,26304.331103481003,0.8492307692307692,25666.254563732866,0.9342078027835725,11200.158503486684,0.9379230769230769,10567.68746578185,0.9646162026772599,6023.57354271466,0.9683076923076922,5395.151469519361,0.9754474013172665,4179.720522397339,0.976076923076923,4072.5536578168,0.9843483777183754,2664.4595834706392,0.9845384615384616,2632.1005955664846,0.9858142141057896,2414.9223955696075,0.985923076923077,2396.390094470979,0.9868927374528006,2231.319583271102,0.9873846153846155,2147.5845655368335,0.9874206193364583,2141.455419764933,0.9880769230769232,2029.7293149890804,0.9960629401355982,670.2268108475002,0.9992307692307691,130.95027838639228,1.0,0.0,1.0,0.0,1.0,0.0,1.0,0.0,1.0,0.0,1.0,0.0
24209,24,三重県,尾鷲市,6,42.553046215471866,23571.05010955059,5.799924195177968,52.23562499999999,0.015000000000000001,23217.48435790733,0.015000000000000001,23217.48435790733,0.015000000000000001,23217.48435790733,0.015000000000000001,23217.48435790733,0.02,23099.62910735958,0.02,23099.62910735958,0.085,21567.510850238792,0.085,21567.510850238792,0.13,20506.813595309013,0.13,20506.813595309013,0.14,20271.103094213508,0.14,20271.103094213508,0.15,20035.392593118002,0.15,20035.392593118002,0.155,19917.53734257025,0.155,19917.53734257025,0.155,19917.53734257025,0.155,19917.53734257025,0.155,19917.53734257025,0.155,19917.53734257025,0.155,19917.53734257025,0.155,19917.53734257025,0.185,19210.40583928373,0.185,19210.40583928373,0.28,16971.156078876425,0.28,16971.156078876425,0.43,13435.498562443838,0.43,13435.498562443838,0.555,10489.11729875001,0.555,10489.11729875001,0.765,5539.196775744388,0.765,5539.196775744388
24210,24,三重県,亀山市,14,297.8713235083031,164997.35076685413,5.808333457825897,1.658909772387505,0.1251571615253176,144346.75068567746,0.1533333333333333,139697.75698260317,0.13197952188196635,143221.07930085363,0.1611904761904762,138401.34922657788,0.2272370393361364,127503.8412802882,0.2778571428571428,119151.65830377824,0.540294059668418,75850.26228649652,0.5423809523809524,75505.93051759372,0.8178837714740907,30048.695238426026,0.8209523809523809,29542.38280397007,0.8959832637411974,17162.485918116996,0.8997619047619049,16539.020160201326,0.914829744640627,14052.866498433017,0.9185714285714285,13435.498562443834,0.9320952699163796,11204.100568335673,0.9361904761904761,10528.402382265927,0.9532639841955995,7711.318793123864,0.9569047619047617,7110.600116381097,0.9798444944550283,3325.6050182869612,0.9819047619047618,2985.666347209744,0.9959570715618542,667.072481634046,0.9973809523809523,432.13591867509456,0.9980996247558366,313.5568807498641,0.9990476190476191,157.14033406367074,1.0,0.0,1.0,0.0,1.0,0.0,1.0,0.0,1.0,0.0,1.0,0.0,1.0,0.0,1.0,0.0
24211,24,三重県,鳥羽市,3,0.0,0.0,5.590500707228537,1.0285416666666667,0.16,0.0,0.060000000000000005,0.0,0.17833333333333332,0.0,0.06666666666666667,0.0,0.295,0.0,0.12,0.0,0.6216666666666667,0.0,0.27666666666666667,0.0,0.8866666666666667,0.0,0.39666666666666667,0.0,0.9700000000000001,0.0,0.44166666666666665,0.0,0.9866666666666667,0.0,0.45,0.0,0.9966666666666667,0.0,0.455,0.0,0.9966666666666667,0.0,0.455,0.0,1.0,0.0,0.4583333333333333,0.0,1.0,0.0,0.4583333333333333,0.0,1.0,0.0,0.45999999999999996,0.0,1.0,0.0,0.73,0.0,1.0,0.0,0.79,0.0,1.0,0.0,0.85,0.0,1.0,0.0,0.9266666666666667,0.0
24212,24,三重県,熊野市,4,61.46551120012602,34047.07238046196,5.949313834673989,17.372437567314158,0.12307692307692308,29856.663472097414,0.12307692307692308,29856.663472097414,0.13846153846153844,29332.862358551847,0.13846153846153844,29332.862358551847,0.22692307692307692,26321.005955664827,0.22692307692307692,26321.005955664827,0.45769230769230773,18463.989252481297,0.45769230769230773,18463.989252481297,0.6346153846153847,12440.276446707256,0.6346153846153847,12440.276446707256,0.7307692307692308,9166.519487047453,0.7307692307692308,9166.519487047453,0.7423076923076922,8773.668651888276,0.7423076923076922,8773.668651888276,0.75,8511.76809511549,0.75,8511.76809511549,0.75,8511.76809511549,0.75,8511.76809511549,0.75,8511.76809511549,0.75,8511.76809511549,0.7511538461538461,8472.483011599574,0.7511538461538461,8472.483011599574,0.7523076923076922,8433.197928083655,0.7523076923076922,8433.197928083655,0.7680837026242248,7896.070962961762,0.7796153846153846,7503.450951540272,0.8119356611541522,6403.0401568683055,0.835,5617.766942776225,0.8488599686620113,5145.875586549793,0.8753846153846154,4242.789019719106,0.9180872269581485,2788.8901126402748,0.9400000000000001,2042.8243428277178
24214,24,三重県,いなべ市,11,23.640581230817705,13095.027838639216,5.625633068055029,1.2415740261822938,0.1304062196612358,11387.354761843635,0.15999999999999998,10999.823384456942,0.14314700889587403,11220.513772129812,0.175,10803.397966877354,0.24089802724122997,9940.461465642042,0.29499999999999993,9231.994626240648,0.5708689118623733,5619.483545587762,0.5719999999999998,5604.671914937586,0.8604763639569283,1827.0658981321903,0.8609999999999999,1820.2088695708512,0.9405433315634725,778.5867283690668,0.941,772.6066424797145,0.9715814827084542,372.1412750656432,0.972,366.66077948189843,0.9840489229559899,208.87979794759133,0.985,196.42541757958844,0.9916869802474975,108.85922508217698,0.992,104.76022270911383,0.9918427537083626,106.81936727562811,0.992,104.76022270911383,0.9992895096540451,9.30389085936434,1.0,0.0,0.9990520057082176,12.414011641761382,1.0,0.0,1.0,0.0,1.0,0.0,1.0,0.0,1.0,0.0,1.0,0.0,1.0,0.0,1.0,0.0,1.0,0.0
24215,24,三重県,志摩市,4,0.0,0.0,5.9499109309961895,1.13234375,0.16,0.0,0.11,0.0,0.175,0.0,0.12,0.0,0.29125,0.0,0.1975,0.0,0.58375,0.0,0.42500000000000004,0.0,0.845,0.0,0.61375,0.0,0.94875,0.0,0.6975,0.0,0.98125,0.0,0.72,0.0,0.99,0.0,0.7262500000000001,0.0,0.99875,0.0,0.735,0.0,1.0,0.0,0.735,0.0,1.0,0.0,0.735,0.0,1.0,0.0,0.735,0.0,1.0,0.0,0.76,0.0,1.0,0.0,0.84375,0.0,1.0,0.0,0.91625,0.0,1.0,0.0,0.98,0.0
24216,24,三重県,伊賀市,33,260.0463935389947,144045.30622503138,5.633776616125412,1.495514168835645,0.12842114661498505,125546.8428351062,0.15754545454545454,121351.62298066964,0.1529179414402355,122018.19452297124,0.18745454545454546,117043.35882175733,0.2398551347286504,109495.29989339679,0.2948181818181818,101578.13094432441,0.5637446590447879,62840.53418019902,0.5736363636363636,61415.680563217924,0.8422111729044198,22728.739917871386,0.855090909090909,20873.474374790912,0.9283691627038696,10318.085893476511,0.942,8354.627761051823,0.9565891320306691,6253.131770136671,0.9701818181818181,4295.169131073667,0.9702336817897106,4287.698421792882,0.9793636363636363,2972.571319371105,0.9808717390812182,2755.3362015982243,0.9893636363636363,1532.1182571207896,0.9834820579966289,2379.332014082928,0.9918181818181817,1178.5525054775305,0.9902908668780002,1398.555053738077,0.9942727272727272,824.9867538342714,0.9941438051435504,843.5573814107389,0.9967272727272728,471.42100219101224,0.9967343985565346,470.3945599328861,1.0,0.0,1.0,0.0,1.0,0.0,1.0,0.0,1.0,0.0,1.0,0.0,1.0,0.0
24324,24,三重県,東員町,7,132.38725489257914,73332.15589637961,5.789441067441267,1.5488246601607119,0.12104882649012974,64455.38448113161,0.1482142857142857,62463.28279030905,0.13208012061459679,63646.43590065738,0.16142857142857142,61494.25073024976,0.22758082372801644,56643.16345173022,0.2789285714285714,52877.72241242516,0.5132647872822624,35693.342499274615,0.5139285714285714,35644.665776775946,0.8285734566620417,12571.078000836626,0.8289285714285713,12545.036669416371,0.9131147601349012,6371.48195488175,0.9135714285714287,6337.993473901378,0.9313671969941683,5032.991409629157,0.9317857142857143,5002.300634360177,0.9636917800988469,2662.5600421113836,0.9646428571428571,2592.815512050567,0.966115551676069,2484.8196469533286,0.9664285714285714,2461.8652336641753,0.981271325136934,1373.4141047909598,0.9814285714285712,1361.88289521848,0.9975037953683309,183.0520671988326,0.9982142857142858,130.95027838639228,0.9972662914225033,200.46874358025602,0.9982142857142858,130.95027838639228,1.0,0.0,1.0,0.0,1.0,0.0,1.0,0.0,1.0,0.0,1.0,0.0,1.0,0.0,1.0,0.0
24341,24,三重県,菰野町,8,70.9217436924531,39285.08351591765,5.84937822658747,1.5089129692316057,0.12529662060737612,34362.79531109463,0.154,33235.180654466334,0.14446892380714416,33609.60977869925,0.178,32292.33865008431,0.23742785286903384,29957.710486952645,0.291,27853.124212785617,0.5392297031879425,18101.399591915844,0.5400000000000001,18071.138417322116,0.8064763639569283,7602.592204256125,0.8069999999999999,7582.0211185721055,0.8975433315634727,4025.018776291658,0.8980000000000001,4007.0785186236017,0.9225814827084541,3041.392917476893,0.9229999999999999,3024.951430725659,0.94304892295599,2237.327817995399,0.944,2199.9646768913876,0.9816869802474976,719.4285104057077,0.9820000000000001,707.1315032865184,0.9938427537083626,241.88793479504892,0.9940000000000001,235.71050109550612,0.9962895096540452,145.76692312584606,0.9970000000000001,117.85525054775306,0.9990520057082176,37.242034925284145,1.0,0.0,1.0,0.0,1.0,0.0,1.0,0.0,1.0,0.0,1.0,0.0,1.0,0.0,1.0,0.0,1.0,0.0
24343,24,三重県,朝日町,2,56.737394953962486,31428.06681273412,6.350789189444281,4.296022855124937,0.098147894628637,28343.468222816125,0.125,27499.558461142355,0.1141788144785096,27839.647402704744,0.14499999999999996,26870.99712488767,0.1496463738757302,26724.97057628428,0.19000000000000003,25456.734118314638,0.3444059109064256,20604.05483406642,0.35,20428.24342827718,0.5150011848779832,15242.575165751627,0.52,15085.472070112377,0.5700011848779831,13514.031491051253,0.575,13356.928395412002,0.6248430400463257,11790.458002686293,0.63,11628.384720711623,0.6643047562241553,10550.252550104311,0.665,10528.40238226593,0.7647460016608238,7393.578377766469,0.765,7385.595700992518,0.8998760668543038,3146.701660456669,0.905,2985.6663472097407,0.9642895096540451,1122.311676508166,0.965,1099.9823384456952,0.9890520057082176,344.0742960675688,0.9900000000000001,314.28066812734147,0.995,157.14033406367074,0.995,157.14033406367074,0.995,157.14033406367074,0.995,157.14033406367074,1.0,0.0,1.0,0.0,1.0,0.0,1.0,0.0
24344,24,三重県,川越町,1,0.0,0.0,6.259303912041855,1.0962500000000002,0.16,0.0,0.06,0.0,0.19,0.0,0.065,0.0,0.33,0.0,0.1,0.0,0.57,0.0,0.15,0.0,0.88,0.0,0.24,0.0,0.945,0.0,0.25,0.0,0.975,0.0,0.255,0.0,0.99,0.0,0.28,0.0,1.0,0.0,0.325,0.0,1.0,0.0,0.36,0.0,1.0,0.0,0.395,0.0,1.0,0.0,0.475,0.0,1.0,0.0,0.635,0.0,1.0,0.0,0.83,0.0,1.0,0.0,0.895,0.0,1.0,0.0,0.975,0.0
24441,24,三重県,多気町,8,42.553046215471866,23571.05010955059,5.830502798138755,2.375025919817271,0.11430490356637166,20876.763499820296,0.16,19799.682092022496,0.1316041584010236,20469.00189725483,0.18,19328.261089831485,0.22470310057513415,18274.56206612272,0.3,16499.73507668541,0.5344549727148842,10973.385166389562,0.58,9899.841046011248,0.8049039815255675,4598.618027634658,0.875,2946.3812636938237,0.8649224366137059,3183.9200152543335,0.9349999999999999,1532.1182571207871,0.8847469560691387,2716.635273772565,0.955,1060.6972549297775,0.9191735399683238,1905.1645395842265,0.975,589.2762527387653,0.9298145972698693,1654.343644710898,0.985,353.56575164325915,0.9599227650917602,944.6625122743526,0.9949999999999999,117.85525054775306,0.9693430765031372,722.615879949214,0.9949999999999999,117.85525054775306,0.9790991258691065,492.65555147269976,1.0,0.0,0.9903376820310951,227.75098101946924,1.0,0.0,0.995123204542324,114.95119010691094,1.0,0.0,1.0,0.0,1.0,0.0,1.0,0.0,1.0,0.0
24442,24,三重県,明和町,4,42.553046215471866,23571.05010955059,5.979332901691196,8.52971333273832,0.09971533087082206,21220.655048904027,0.16,19799.682092022496,0.10821697321720421,21020.262411143973,0.17,19563.971590926987,0.1670217138994485,19634.172921843667,0.255,17560.43233161519,0.4653624039015267,12601.969568086783,0.56,10371.262048202258,0.6958086833567358,7170.108767488549,0.85,3535.657516432589,0.7809831171366386,5162.457920809864,0.9499999999999998,1178.5525054775305,0.8008344616624526,4694.540884249947,0.9700000000000001,707.1315032865183,0.8052926658722572,4589.456329422034,0.975,589.2762527387653,0.8060036663827487,4572.697300761324,0.985,353.56575164325915,0.8111459281027782,4451.488792082082,0.99,235.71050109550612,0.8106022207916247,4464.3045443582105,0.99,235.71050109550612,0.8203588095831219,4234.3315010555525,0.9949999999999999,117.85525054775306,0.8717129946500063,3023.8594315088862,0.9949999999999999,117.85525054775306,0.9484075963497162,1216.087131713001,1.0,0.0,0.9765189028717578,553.4741170370214,1.0,0.0,1.0,0.0,1.0,0.0
24443,24,三重県,大台町,5,0.0,0.0,5.5696310427748275,1.1443750000000001,0.16,0.0,0.05900000000000001,0.0,0.185,0.0,0.06799999999999999,0.0,0.29900000000000004,0.0,0.10900000000000001,0.0,0.563,0.0,0.21400000000000002,0.0,0.853,0.0,0.332,0.0,0.9470000000000001,0.0,0.365,0.0,0.982,0.0,0.381,0.0,0.991,0.0,0.389,0.0,0.9960000000000001,0.0,0.396,0.0,0.999,0.0,0.404,0.0,1.0,0.0,0.40800000000000003,0.0,1.0,0.0,0.42300000000000004,0.0,1.0,0.0,0.442,0.0,1.0,0.0,0.538,0.0,1.0,0.0,0.6910000000000001,0.0,1.0,0.0,0.9189999999999999,0.0
24461,24,三重県,玉城町,6,0.0,0.0,5.766682261150106,1.1107291666666668,0.16,0.0,0.15916666666666668,0.0,0.17583333333333337,0.0,0.17500000000000002,0.0,0.29750000000000004,0.0,0.29583333333333334,0.0,0.5783333333333333,0.0,0.5758333333333333,0.0,0.8700000000000001,0.0,0.8641666666666667,0.0,0.9508333333333333,0.0,0.9433333333333334,0.0,0.9783333333333335,0.0,0.9699999999999999,0.0,0.9900000000000001,0.0,0.9816666666666666,0.0,0.9983333333333334,0.0,0.9900000000000001,0.0,1.0,0.0,0.9916666666666667,0.0,1.0,0.0,0.9916666666666667,0.0,1.0,0.0,0.9933333333333333,0.0,1.0,0.0,0.9966666666666667,0.0,1.0,0.0,1.0,0.0,1.0,0.0,1.0,0.0,1.0,0.0,1.0,0.0
24471,24,三重県,大紀町,6,0.0,0.0,5.5835201584717415,1.0989583333333333,0.16,0.0,0.14,0.0,0.17916666666666667,0.0,0.15666666666666668,0.0,0.295,0.0,0.26,0.0,0.5675,0.0,0.5158333333333334,0.0,0.8724999999999999,0.0,0.7975,0.0,0.9566666666666666,0.0,0.8758333333333335,0.0,0.9841666666666667,0.0,0.9016666666666667,0.0,0.9958333333333335,0.0,0.9316666666666666,0.0,0.9983333333333334,0.0,0.9458333333333333,0.0,0.9991666666666666,0.0,0.9666666666666667,0.0,1.0,0.0,0.9800000000000001,0.0,1.0,0.0,1.0,0.0,1.0,0.0,1.0,0.0,1.0,0.0,1.0,0.0,1.0,0.0,1.0,0.0,1.0,0.0,1.0,0.0
24472,24,三重県,南伊勢町,5,0.0,0.0,5.977181323855086,1.141625,0.16,0.0,0.096,0.0,0.18299999999999997,0.0,0.11000000000000001,0.0,0.28300000000000003,0.0,0.17,0.0,0.562,0.0,0.34,0.0,0.8640000000000001,0.0,0.522,0.0,0.959,0.0,0.5860000000000001,0.0,0.984,0.0,0.605,0.0,0.991,0.0,0.611,0.0,0.9949999999999999,0.0,0.615,0.0,0.9969999999999999,0.0,0.619,0.0,0.999,0.0,0.634,0.0,1.0,0.0,0.673,0.0,1.0,0.0,0.722,0.0,1.0,0.0,0.819,0.0,1.0,0.0,0.906,0.0,1.0,0.0,0.983,0.0
24543,24,三重県,紀北町,12,0.0,0.0,5.519974866669968,1.1391666666666669,0.15999999999999998,0.0,0.037500000000000006,0.0,0.18291666666666664,0.0,0.043333333333333335,0.0,0.29833333333333334,0.0,0.06583333333333334,0.0,0.58375,0.0,0.13791666666666666,0.0,0.8562500000000001,0.0,0.19458333333333333,0.0,0.94625,0.0,0.21166666666666667,0.0,0.9762499999999998,0.0,0.21666666666666665,0.0,0.98625,0.0,0.21791666666666665,0.0,0.9966666666666666,0.0,0.22416666666666665,0.0,0.9987499999999999,0.0,0.2270833333333333,0.0,1.0,0.0,0.23583333333333334,0.0,1.0,0.0,0.2808333333333334,0.0,1.0,0.0,0.35333333333333344,0.0,1.0,0.0,0.51,0.0,1.0,0.0,0.7066666666666669,0.0,1.0,0.0,0.9166666666666666,0.0
24561,24,三重県,御浜町,1,14.184348738490621,7857.01670318353,6.1951625441489115,36.557620425566995,0.016487654624506833,7727.472925402459,0.035,7582.021118572106,0.01658102381043136,7726.739322149087,0.035,7582.021118572106,0.03373351597343571,7591.9719047231365,0.06,7385.595700992518,0.08995913697814104,7150.2062613423,0.115,6953.4597823174245,0.144991639337386,6717.814971087726,0.19,6364.1835295786595,0.15999243635975294,6599.953458321924,0.205,6246.328279030907,0.16999491710506845,6521.363800032707,0.22,6128.473028483154,0.20499945312680212,6246.332575822757,0.25,5892.762527387647,0.24498742580355612,5932.146406575053,0.295,5539.196775744389,0.30488920092524496,5461.4971588936005,0.355,5067.775773553377,0.3543397906483733,5072.963049456705,0.41,4635.639854878284,0.4241332395467907,4524.594755689054,0.475,4124.933769171354,0.49531790643697604,3965.2956389223123,0.885,903.5569208661059,0.6452497055679851,2787.2789888116163,0.985,117.85525054775306,0.7501561231611413,1963.0275135110412,0.9900000000000001,78.57016703183537,0.8700658002239652,1020.8951779550913,0.995,39.285083515917684
24562,24,三重県,紀宝町,3,14.184348738490621,7857.01670318353,6.039631117569313,36.39691735640939,0.00876334288623184,7788.162971750682,0.02,7699.876369119859,0.008772443025372922,7788.091471805449,0.02,7699.876369119859,0.02475960025098175,7662.480110447419,0.04,7542.7360350561885,0.09474781838362105,7112.5815115532205,0.11,6992.7448658333415,0.16976550294493792,6523.1663109208,0.2,6285.613362546825,0.18981871547934134,6365.607885085503,0.225,6089.187944967236,0.20983760486880784,6208.319136773281,0.255,5853.4774438717295,0.22429109356540722,6094.757834664825,0.265,5774.907276839895,0.25985417604388206,5815.338101614755,0.31,5421.341525196635,0.30992196112812964,5421.954677916418,0.36,5028.490690037459,0.34438208759442207,5151.200888676942,0.4,4714.210021910118,0.4291332395467907,4485.309672173136,0.48,4085.6486856554357,0.49531790643697604,3965.2956389223123,0.885,903.5569208661059,0.6452497055679851,2787.2789888116163,0.985,117.85525054775306,0.7501561231611413,1963.0275135110412,0.9900000000000001,78.57016703183537,0.8700658002239652,1020.8951779550913,0.995,39.285083515917684
26101,26,京都府,京都市北区,1,25.3321974919969,15784.332206342293,5.178920636761355,0.0,1.0,0.0,1.0,0.0,1.0,0.0,1.0,0.0,1.0,0.0,1.0,0.0,1.0,0.0,1.0,0.0,1.0,0.0,1.0,0.0,1.0,0.0,1.0,0.0,1.0,0.0,1.0,0.0,1.0,0.0,1.0,0.0,1.0,0.0,1.0,0.0,1.0,0.0,1.0,0.0,1.0,0.0,1.0,0.0,1.0,0.0,1.0,0.0,1.0,0.0,1.0,0.0,1.0,0.0,1.0,0.0,1.0,0.0,1.0,0.0,1.0,0.0,1.0,0.0
26102,26,京都府,京都市上京区,2,50.6643949839938,31568.664412684586,5.4232295610242245,0.0,1.0,0.0,1.0,0.0,1.0,0.0,1.0,0.0,1.0,0.0,1.0,0.0,1.0,0.0,1.0,0.0,1.0,0.0,1.0,0.0,1.0,0.0,1.0,0.0,1.0,0.0,1.0,0.0,1.0,0.0,1.0,0.0,1.0,0.0,1.0,0.0,1.0,0.0,1.0,0.0,1.0,0.0,1.0,0.0,1.0,0.0,1.0,0.0,1.0,0.0,1.0,0.0,1.0,0.0,1.0,0.0,1.0,0.0,1.0,0.0,1.0,0.0,1.0,0.0
26103,26,京都府,京都市左京区,3,70.93015297759132,44196.13017775842,5.419375505056405,0.20084102165220052,0.8658975034313543,5926.811395510271,0.9950000000000001,220.9806508887923,0.8698013892982688,5754.274747537008,0.9950000000000001,220.9806508887923,0.8732542948637692,5601.669683672649,0.9950000000000001,220.9806508887923,0.9942728719115257,253.11689854290557,0.9950000000000001,220.9806508887923,0.9946633768294542,235.8580923550974,0.9950000000000001,220.9806508887923,0.9947064274336611,233.95542224732708,0.9950000000000001,220.9806508887923,0.9947309531697205,232.8714796237373,0.9950000000000001,220.9806508887923,0.9943885933288505,248.00245971846198,0.9950000000000001,220.9806508887923,0.9947987730162485,229.87410485795374,0.9950000000000001,220.9806508887923,0.9966846273839475,146.5266397268364,0.9967857142857144,142.05898985708077,0.9963289704918861,162.24529802699408,0.9967857142857144,142.05898985708077,0.9961762893838543,168.9932121532576,0.9967857142857144,142.05898985708077,1.0,0.0,1.0,0.0,1.0,0.0,1.0,0.0,1.0,0.0,1.0,0.0,1.0,0.0,1.0,0.0
26104,26,京都府,京都市中京区,6,81.06303197439009,50509.86306029534,5.429081136129259,0.07952611274085943,0.9227228398248553,3903.2587781350658,0.9984375,78.92166103171154,0.9250190039724111,3787.279841478062,0.9984375,78.92166103171154,0.9270500661805272,3684.691167479178,0.9984375,78.92166103171154,0.9980133419483901,100.3458261344537,0.9984375,78.92166103171154,0.9982411364838479,88.8399553425816,0.9984375,78.92166103171154,0.9982662493363023,87.57150860406804,0.9984375,78.92166103171154,0.9982805560156701,86.84888018834151,0.9984375,78.92166103171154,0.9980808461084962,96.93620025149129,0.9984375,78.92166103171154,0.9983201175928115,84.85063034448582,0.9984375,78.92166103171154,0.998378532640636,81.90009427821529,0.9984375,78.92166103171154,0.9997335661202669,13.457538779942194,1.0,0.0,0.9996445021405815,17.956148197451196,1.0,0.0,1.0,0.0,1.0,0.0,1.0,0.0,1.0,0.0,1.0,0.0,1.0,0.0,1.0,0.0,1.0,0.0
26105,26,京都府,京都市東山区,3,22.798977742797213,14205.898985708065,5.316197303996684,0.16206963397562513,0.7980942395329477,2868.252837827516,1.0,0.0,0.8042173439264297,2781.2686353347626,1.0,0.0,0.8096335098147392,2704.3271298356,1.0,0.0,0.9988689118623733,16.068123827056635,1.0,0.0,0.9994763639569283,7.438720733152545,1.0,0.0,0.9995433315634727,6.48738567926738,1.0,0.0,0.9995814827084541,5.9454143674724795,1.0,0.0,0.9990489229559899,13.51090441483482,1.0,0.0,0.9996869802474975,4.446726984580707,1.0,0.0,0.9998427537083627,2.2338249348778207,1.0,0.0,0.999289509654045,10.093154084956646,1.0,0.0,0.9990520057082176,13.4671111480884,1.0,0.0,1.0,0.0,1.0,0.0,1.0,0.0,1.0,0.0,1.0,0.0,1.0,0.0,1.0,0.0,1.0,0.0
26106,26,京都府,京都市下京区,2,50.6643949839938,31568.664412684586,5.4823625064200066,0.0,1.0,0.0,1.0,0.0,1.0,0.0,1.0,0.0,1.0,0.0,1.0,0.0,1.0,0.0,1.0,0.0,1.0,0.0,1.0,0.0,1.0,0.0,1.0,0.0,1.0,0.0,1.0,0.0,1.0,0.0,1.0,0.0,1.0,0.0,1.0,0.0,1.0,0.0,1.0,0.0,1.0,0.0,1.0,0.0,1.0,0.0,1.0,0.0,1.0,0.0,1.0,0.0,1.0,0.0,1.0,0.0,1.0,0.0,1.0,0.0,1.0,0.0,1.0,0.0
26107,26,京都府,京都市南区,4,70.93015297759132,44196.13017775842,5.59652990875709,0.43410385692608544,0.7741679570339952,9980.902369234678,0.9933928571428574,292.0101458173327,0.7801475843303239,9716.625982831665,0.9933928571428574,292.0101458173327,0.7854318819243262,9483.08047846912,0.9933928571428574,292.0101458173327,0.9687853574159089,1379.56640709869,0.9933928571428574,292.0101458173327,0.969392809510464,1352.7193752509884,0.9933928571428574,292.0101458173327,0.9694597771170086,1349.7596661944567,0.9933928571428574,292.0101458173327,0.9744960208850848,1127.1771810136313,0.9983928571428571,71.02949492854039,0.9755899776707105,1078.8285245072752,1.0,0.0,0.9829359342991875,754.1656690749385,1.0,0.0,0.993121274233646,304.0130594268811,1.0,0.0,0.9959160261921352,180.4958380549517,1.0,0.0,0.9956782831171795,191.0031619445558,1.0,0.0,1.0,0.0,1.0,0.0,1.0,0.0,1.0,0.0,1.0,0.0,1.0,0.0,1.0,0.0,1.0,0.0
26108,26,京都府,京都市右京区,2,25.332197491996904,15784.332206342295,5.100446079282744,0.15993609817326077,0.8010333373844624,3140.5559007108727,1.0,0.0,0.8070791732370853,3045.1264191480564,1.0,0.0,0.8124353531301022,2960.582696359748,1.0,0.0,0.9988689118623733,17.853470918951817,1.0,0.0,0.9994763639569283,8.265245259058384,1.0,0.0,0.9995433315634727,7.208206310297089,1.0,0.0,0.999581482708454,6.606015963858311,1.0,0.0,0.9990489229559899,15.012116016483134,1.0,0.0,0.9996869802474975,4.94080776064523,1.0,0.0,0.9998427537083626,2.482027705419801,1.0,0.0,0.999289509654045,11.21461564995183,1.0,0.0,0.9990520057082176,14.963456831209333,1.0,0.0,1.0,0.0,1.0,0.0,1.0,0.0,1.0,0.0,1.0,0.0,1.0,0.0,1.0,0.0,1.0,0.0
26109,26,京都府,京都市伏見区,27,499.044290592339,310951.3444649432,5.810654478665752,0.41582708564255416,0.7759901980355826,69656.14909416126,0.9835025380710658,5129.90796706125,0.7819878014623126,67791.18624505201,0.9835025380710658,5129.90796706125,0.7872898092022315,66142.51980996064,0.9835025380710658,5129.90796706125,0.9716325981295691,8820.881750587825,0.9839847715736039,4979.956811100998,0.9722400502241241,8631.993705087923,0.9839847715736039,4979.956811100998,0.9723070178306684,8611.170037797327,0.9839847715736039,4979.956811100998,0.9753643891471556,7660.476316407101,0.987005076142132,4040.7890448236303,0.976416447934113,7333.337222146523,0.9885786802030456,3551.4747464270185,0.9841676256608519,4923.098086830314,0.9918781725888325,2525.493153014769,0.9923412019257825,2381.51355816341,0.9963197969543146,1144.364084959817,0.9962548388533653,1164.5628937839247,0.9988832487309643,347.2553085395308,0.996271006062551,1159.5356783513218,0.9991370558375634,268.33364750781925,1.0,0.0,1.0,0.0,1.0,0.0,1.0,0.0,1.0,0.0,1.0,0.0,1.0,0.0,1.0,0.0
26110,26,京都府,京都市山科区,15,113.99488871398606,71029.49492854033,5.136775066285099,0.2063620915139716,0.7925043596426645,14738.310534455582,0.993,497.20646449978267,0.7985938754677773,14305.775301038477,0.993,497.20646449978267,0.8039107212026912,13928.122433874561,0.993,497.20646449978267,0.9919044160842896,575.0252366845275,0.993,497.20646449978267,0.9935113165179889,460.8879104784132,0.9940000000000001,426.17696957124235,0.9945718157887459,385.5611829044577,0.9950000000000001,355.1474746427019,0.9946087016860643,382.94119624793586,0.9950000000000001,355.1474746427019,0.9957434348464014,302.3416729905496,0.9966666666666667,236.76498309513462,0.9973792830705642,186.14819984849333,0.9976666666666667,165.73548816659422,0.9985260185201965,104.69616004447839,0.9986666666666667,94.70599323805385,0.9986398650407791,96.60969918811294,0.9993333333333335,47.352996619026925,0.9990520057082176,67.335555740442,1.0,0.0,1.0,0.0,1.0,0.0,1.0,0.0,1.0,0.0,1.0,0.0,1.0,0.0,1.0,0.0,1.0,0.0
26111,26,京都府,京都市西京区,10,146.92674545358201,91549.12679678529,5.0482571199832105,0.1901573395298731,0.7950614068374552,18761.949250992617,0.9961206896551725,355.1474746427019,0.8011709269059116,18202.628023578,0.9961206896551725,355.1474746427019,0.8065679540305303,17708.534903020594,0.9961206896551725,355.1474746427019,0.9949896015175459,458.69760597262245,0.9961206896551725,355.1474746427019,0.9955970536121007,403.08589714524055,0.9961206896551725,355.1474746427019,0.9956640212186453,396.95507124242505,0.9961206896551725,355.1474746427019,0.9964780344325921,322.4328723045397,0.996896551724138,284.11797971416155,0.9967213367490932,300.15875768122334,0.9976724137931036,213.08848478562118,0.9973593940406013,241.7451697973635,0.9976724137931036,213.08848478562118,0.9990668916393973,85.42525561997523,0.9992241379310345,71.02949492854039,0.9992895096540451,65.0447707697206,1.0,0.0,0.9990520057082178,86.78804962101412,1.0,0.0,1.0,0.0,1.0,0.0,1.0,0.0,1.0,0.0,1.0,0.0,1.0,0.0,1.0,0.0,1.0,0.0
26201,26,京都府,福知山市,15,139.32708620598294,86813.82713488261,4.690676286099997,0.16206963397562518,0.7980942395329478,17528.21178672371,1.0,0.0,0.8042173439264299,16996.641660379108,1.0,0.0,0.8096335098147394,16526.443571217555,1.0,0.0,0.9988689118623735,98.19409005423499,1.0,0.0,0.9994763639569286,45.458848924821105,1.0,0.0,0.9995433315634731,39.64513470663398,1.0,0.0,0.9995814827084543,36.33308780122071,1.0,0.0,0.9990489229559899,82.56663809065724,1.0,0.0,0.9996869802474976,27.17444268354876,1.0,0.0,0.9998427537083628,13.651152379808902,1.0,0.0,0.9992895096540452,61.680386074735054,1.0,0.0,0.9990520057082177,82.29901257165133,1.0,0.0,1.0,0.0,1.0,0.0,1.0,0.0,1.0,0.0,1.0,0.0,1.0,0.0,1.0,0.0,1.0,0.0
26202,26,京都府,舞鶴市,14,149.45996520278175,93127.56001741954,4.788348565439894,0.1620696339756251,0.7980942395329476,18802.990825758156,1.0,0.0,0.8042173439264295,18232.76105386122,1.0,0.0,0.8096335098147391,17728.366740033376,1.0,0.0,0.998868911862373,105.33547842181571,1.0,0.0,0.9994763639569282,48.76494702844445,1.0,0.0,0.9995433315634725,42.528417230752815,1.0,0.0,0.9995814827084538,38.97549418676403,1.0,0.0,0.9990489229559899,88.57148449725048,1.0,0.0,0.9996869802474974,29.150765787806847,1.0,0.0,0.9998427537083625,14.643963461976826,1.0,0.0,0.9992895096540447,66.16623233471577,1.0,0.0,0.9990520057082175,88.28439530413505,1.0,0.0,1.0,0.0,1.0,0.0,1.0,0.0,1.0,0.0,1.0,0.0,1.0,0.0,1.0,0.0,1.0,0.0
26203,26,京都府,綾部市,5,32.93185673959597,20519.631868244982,4.52199478406322,0.16206963397562515,0.7980942395329477,4143.031876861967,1.0,0.0,0.8042173439264297,4017.3880288168793,1.0,0.0,0.8096335098147392,3906.250298651422,1.0,0.0,0.9988689118623734,23.209512194637362,1.0,0.0,0.9994763639569284,10.744818836775899,1.0,0.0,0.999543331563473,9.370668203386215,1.0,0.0,0.999581482708454,8.587820753015803,1.0,0.0,0.9990489229559899,19.515750821428075,1.0,0.0,0.9996869802474976,6.4230500888387985,1.0,0.0,0.9998427537083627,3.226636017045741,1.0,0.0,0.999289509654045,14.579000344937377,1.0,0.0,0.9990520057082177,19.45249388057213,1.0,0.0,1.0,0.0,1.0,0.0,1.0,0.0,1.0,0.0,1.0,0.0,1.0,0.0,1.0,0.0,1.0,0.0
26204,26,京都府,宇治市,19,258.3884144183684,161000.1885046914,5.348845605937382,0.20937682641524027,0.8102308821736595,30552.863742409765,0.9903431372549019,1554.7567223247174,0.8156877469110723,29674.307491041756,0.9903431372549019,1554.7567223247174,0.8205144442091968,28897.20831618859,0.9903431372549019,1554.7567223247174,0.9893229401111601,1719.008654779074,0.9903431372549019,1554.7567223247174,0.9898708380787979,1630.7969787080547,0.9903431372549019,1554.7567223247174,0.9899312402337204,1621.0722203794508,0.9903431372549019,1554.7567223247174,0.9908970236193897,1465.580913231962,0.9912745098039215,1404.8055663644654,0.9930637344308926,1116.7400641448648,0.993921568627451,978.6285967932231,0.9945215900271547,882.0250383340783,0.9948039215686275,836.5696069361425,0.9998581700114643,22.834654889862165,1.0,0.0,0.9993591655703151,103.17446397955682,1.0,0.0,0.9991449463250591,137.66380284712585,1.0,0.0,1.0,0.0,1.0,0.0,1.0,0.0,1.0,0.0,1.0,0.0,1.0,0.0,1.0,0.0,1.0,0.0
26205,26,京都府,宮津市,8,73.46337272679102,45774.56339839265,4.672159874378804,0.10618355329437508,0.867716915556069,6055.200435413644,1.0,0.0,0.8717286046414539,5871.567119040054,1.0,0.0,0.8752771271200015,5709.135051875155,1.0,0.0,0.9992589422546584,33.92159474600845,1.0,0.0,0.9996569281097115,15.703965992210927,1.0,0.0,0.9997008034381373,13.695591989564468,1.0,0.0,0.9997257990158837,12.551430331330788,1.0,0.0,0.9993768805573726,28.523020431317953,1.0,0.0,0.9997949180931881,9.387534745225935,1.0,0.0,0.999896976567548,4.715852640297621,1.0,0.0,0.9995345063250638,21.307769734908476,1.0,0.0,0.9993789002915907,28.430567979297727,1.0,0.0,1.0,0.0,1.0,0.0,1.0,0.0,1.0,0.0,1.0,0.0,1.0,0.0,1.0,0.0,1.0,0.0
26206,26,京都府,亀岡市,4,45.597955485594426,28411.79797141613,5.261693266772394,0.17637216519564397,0.7980942395329477,5736.505675655032,1.0,0.0,0.8042173439264297,5562.537270669525,1.0,0.0,0.8096335098147392,5408.6542596712,1.0,0.0,0.9975970371067525,68.27249625576027,1.0,0.0,0.9982050663232804,50.99729299504909,1.0,0.0,0.9982720339298248,49.09462288727876,1.0,0.0,0.9983101850748063,48.01068026368896,1.0,0.0,0.9977776253223418,63.14166035841364,1.0,0.0,0.9984156826138496,45.013305497905414,1.0,0.0,0.9985714560747149,40.58750139849965,1.0,0.0,0.999289509654045,20.186308169913293,1.0,0.0,0.9990520057082176,26.9342222961768,1.0,0.0,1.0,0.0,1.0,0.0,1.0,0.0,1.0,0.0,1.0,0.0,1.0,0.0,1.0,0.0,1.0,0.0
26207,26,京都府,城陽市,8,101.3287899679876,63137.32882536917,5.666345341455144,0.37571319414861515,0.7713173892199993,14438.409193460815,0.967,2083.5318512371828,0.7772303955107926,14065.077770932518,0.967,2083.5318512371828,0.7824999178797006,13732.374204374137,0.967,2083.5318512371828,0.9660360854566096,2144.3908407227686,0.967,2083.5318512371828,0.9664763639569283,2116.592832273418,0.967,2083.5318512371828,0.9695433315634727,1922.9526900022634,0.97,1894.119864761075,0.9763314827084542,1494.366959045268,0.97675,1467.9428951898326,0.9802989229559897,1243.8733795416038,0.98125,1183.8249154756732,0.9869369802474978,824.7641735660386,0.98725,805.0009425234578,0.9945927537083626,341.3990871548677,0.99475,331.4709763331885,0.9985395096540451,92.21145921883422,0.9992499999999999,47.352996619026925,0.9990520057082176,59.853827324837326,1.0,0.0,1.0,0.0,1.0,0.0,1.0,0.0,1.0,0.0,1.0,0.0,1.0,0.0,1.0,0.0,1.0,0.0
26208,26,京都府,向日市,4,22.798977742797213,14205.898985708065,5.436180775871943,0.20036377500742683,0.7904224148392678,2977.2380044619913,0.99,142.05898985708077,0.7965010485053062,2890.885548631125,0.99,142.05898985708077,0.801883938908577,2814.416751311123,0.99,142.05898985708077,0.9888689118623734,158.1271136841374,0.99,142.05898985708077,0.9894763639569283,149.4977105902333,0.99,142.05898985708077,0.9895433315634727,148.54637553634817,0.99,142.05898985708077,0.9945814827084541,76.97490929601287,0.995,71.02949492854039,0.9990489229559899,13.51090441483482,1.0,0.0,0.9996869802474975,4.446726984580707,1.0,0.0,0.9998427537083627,2.2338249348778207,1.0,0.0,0.999289509654045,10.093154084956646,1.0,0.0,0.9990520057082176,13.4671111480884,1.0,0.0,1.0,0.0,1.0,0.0,1.0,0.0,1.0,0.0,1.0,0.0,1.0,0.0,1.0,0.0,1.0,0.0
26209,26,京都府,長岡京市,3,68.39693322839165,42617.69695712419,5.4164721322680585,0.1620696339756251,0.7980942395329476,8604.758513482548,1.0,0.0,0.8042173439264296,8343.805906004287,1.0,0.0,0.8096335098147391,8112.9813895068,1.0,0.0,0.9988689118623733,48.2043714811699,1.0,0.0,0.9994763639569282,22.316162199457636,1.0,0.0,0.9995433315634726,19.46215703780214,1.0,0.0,0.999581482708454,17.836243102417438,1.0,0.0,0.9990489229559899,40.532713244504464,1.0,0.0,0.9996869802474975,13.34018095374212,1.0,0.0,0.9998427537083625,6.701474804633462,1.0,0.0,0.999289509654045,30.27946225486994,1.0,0.0,0.9990520057082176,40.4013334442652,1.0,0.0,1.0,0.0,1.0,0.0,1.0,0.0,1.0,0.0,1.0,0.0,1.0,0.0,1.0,0.0,1.0,0.0
26210,26,京都府,八幡市,6,45.597955485594426,28411.79797141613,5.754449589428037,0.238063405212015,0.7898766876757145,5969.981098842372,0.99,284.11797971416155,0.7959306953847408,5797.975854896122,0.99,284.11797971416155,0.8013156345486642,5644.980051282368,0.99,284.11797971416155,0.988903166949749,315.2809787462648,0.99,284.11797971416155,0.9895084679126741,298.0832900757363,0.99,284.11797971416155,0.9895726870000362,296.258710339691,0.99,284.11797971416155,0.9896095977723599,295.21000893346405,0.99,284.11797971416155,0.99157242000103,239.44270031868402,0.9925,213.08848478562118,0.9947164909541607,150.1139915905357,0.995,142.05898985708077,0.9973427537083627,75.49714479829602,0.9974999999999999,71.02949492854039,0.999289509654045,20.186308169913293,1.0,0.0,0.9990520057082176,26.9342222961768,1.0,0.0,1.0,0.0,1.0,0.0,1.0,0.0,1.0,0.0,1.0,0.0,1.0,0.0,1.0,0.0,1.0,0.0
26211,26,京都府,京田辺市,5,45.597955485594426,28411.797971416127,5.420736422837925,0.18862205308049565,0.7935418412966343,5865.847494630595,0.9966666666666666,94.70599323805385,0.7996436038496902,5692.485449703612,0.9966666666666666,94.70599323805385,0.805034550714772,5539.3189564982695,0.9966666666666666,94.70599323805385,0.9930381586240643,197.79843068213015,0.9966666666666666,94.70599323805385,0.993645610718619,180.53962449432197,0.9966666666666666,94.70599323805385,0.9953792449918303,131.28395776752473,0.9983333333333332,47.352996619026925,0.9954173961368118,130.20001514393493,0.9983333333333332,47.352996619026925,0.9973822562893231,74.37480544869656,0.9983333333333332,47.352996619026925,0.998853646914164,32.569952278674876,0.9991666666666665,23.676498309513462,0.9998427537083625,4.4676498697556415,1.0,0.0,0.999289509654045,20.18630816991329,1.0,0.0,0.9990520057082176,26.934222296176795,1.0,0.0,1.0,0.0,1.0,0.0,1.0,0.0,1.0,0.0,1.0,0.0,1.0,0.0,1.0,0.0,1.0,0.0
26212,26,京都府,京丹後市,10,139.32708620598297,86813.82713488261,4.690774572273374,0.16206963397562513,0.7980942395329476,17528.21178672371,1.0,0.0,0.8042173439264297,16996.641660379108,1.0,0.0,0.8096335098147391,16526.443571217555,1.0,0.0,0.9988689118623733,98.194090054235,1.0,0.0,0.9994763639569284,45.458848924821105,1.0,0.0,0.9995433315634729,39.64513470663398,1.0,0.0,0.999581482708454,36.33308780122071,1.0,0.0,0.9990489229559899,82.56663809065725,1.0,0.0,0.9996869802474976,27.17444268354876,1.0,0.0,0.9998427537083626,13.651152379808902,1.0,0.0,0.999289509654045,61.680386074735054,1.0,0.0,0.9990520057082175,82.29901257165133,1.0,0.0,1.0,0.0,1.0,0.0,1.0,0.0,1.0,0.0,1.0,0.0,1.0,0.0,1.0,0.0,1.0,0.0
26213,26,京都府,南丹市,9,93.72913072038855,58402.02916346649,4.904393029612873,0.20357942152869063,0.7958242223311114,11924.279721891879,0.9972972972972973,157.84332206342307,0.8019285656793697,11567.773683643085,0.9972972972972973,157.84332206342307,0.8073376233110555,11251.87374209049,0.9972972972972973,157.84332206342307,0.9943099595163319,332.30991026848585,0.9972972972972973,157.84332206342307,0.9949182538970095,296.7842841081711,0.9972972972972973,157.84332206342307,0.994985221503554,292.8732399977543,0.9972972972972973,157.84332206342307,0.9963747239998867,211.7234746842193,0.9986486486486487,78.92166103171154,0.9958421642474224,242.82604487893116,0.9986486486486487,78.92166103171154,0.9964802215389302,205.5622043323309,0.9986486486486487,78.92166103171154,0.9966359949997954,196.46471812799678,0.9986486486486487,78.92166103171154,0.9992895096540448,41.494077904821765,1.0,0.0,0.9990520057082174,55.36479027547453,1.0,0.0,1.0,0.0,1.0,0.0,1.0,0.0,1.0,0.0,1.0,0.0,1.0,0.0,1.0,0.0,1.0,0.0
26214,26,京都府,木津川市,10,179.858602193178,112068.75866503028,5.598218938829238,0.17720281125177906,0.7955492666293211,22912.539897007064,0.9974647887323943,284.11797971416155,0.801644831997913,22229.417452787424,0.9974647887323943,284.11797971416155,0.8070438127505961,21624.36038177785,0.9974647887323943,284.11797971416155,0.9956301293512445,489.72597913277184,0.9974647887323943,284.11797971416155,0.9962375814457994,421.64957694752854,0.9974647887323943,284.11797971416155,0.996304549052344,414.1446004113234,0.9974647887323943,284.11797971416155,0.9963427001973254,409.86904895160797,0.9974647887323943,284.11797971416155,0.9983453517124666,185.43437961108268,1.0,0.0,0.9996869802474976,35.079735100581125,1.0,0.0,0.9998427537083627,17.622396708480586,1.0,0.0,0.999289509654045,79.62377111465798,1.0,0.0,0.9990520057082176,106.24054350158625,1.0,0.0,1.0,0.0,1.0,0.0,1.0,0.0,1.0,0.0,1.0,0.0,1.0,0.0,1.0,0.0,1.0,0.0
26303,26,京都府,大山崎町,1,22.798977742797213,14205.898985708065,5.842123165934322,0.2623345522210004,0.786218798160553,3036.9541583744517,0.985,213.08848478562118,0.792271035015583,2950.976692974315,0.985,213.08848478562118,0.7975164142251014,2876.4613657821633,0.985,213.08848478562118,0.9838689118623734,229.1566086126778,0.985,213.08848478562118,0.9844763639569283,220.5272055187737,0.985,213.08848478562118,0.9895433315634727,148.54637553634817,0.99,142.05898985708077,0.9895814827084541,148.00440422455327,0.99,142.05898985708077,0.9890489229559897,155.5698942719156,0.99,142.05898985708077,0.9946869802474975,75.4762219131211,0.995,71.02949492854039,0.9948427537083625,73.2633198634182,0.995,71.02949492854039,0.999289509654045,10.093154084956646,1.0,0.0,0.9990520057082176,13.4671111480884,1.0,0.0,1.0,0.0,1.0,0.0,1.0,0.0,1.0,0.0,1.0,0.0,1.0,0.0,1.0,0.0,1.0,0.0
26322,26,京都府,久御山町,2,48.131175234794114,29990.231192050356,5.9184373920511355,0.5059088400280791,0.7684824526466821,6943.26477014247,0.9626315789473684,1120.6875866503037,0.7744251809151549,6765.040975459438,0.9626315789473684,1120.6875866503037,0.7796539804339407,6608.228069034165,0.9626315789473684,1120.6875866503037,0.9615004908097418,1154.6091813963121,0.9626315789473684,1120.6875866503037,0.9621079429042967,1136.3915526425149,0.9626315789473684,1120.6875866503037,0.962174910510841,1134.3831786398682,0.9626315789473684,1120.6875866503037,0.9645814827084541,1062.2095220530944,0.965,1049.6580917217634,0.9666805019033583,999.2594511213665,0.9676315789473684,970.736430690052,0.9699501381422344,901.2023044035664,0.9702631578947368,891.8147696583404,0.982474332655731,525.5988154495938,0.9826315789473684,520.8829628092961,0.9992895096540452,21.307769734908476,1.0,0.0,0.9990520057082176,28.430567979297727,1.0,0.0,1.0,0.0,1.0,0.0,1.0,0.0,1.0,0.0,1.0,0.0,1.0,0.0,1.0,0.0,1.0,0.0
26344,26,京都府,宇治田原町,6,25.3321974919969,15784.332206342293,5.419029517796205,0.18383989714086066,0.7940677392482757,3250.5032157083197,0.995,78.92166103171154,0.8001904532313348,3153.860264195301,0.995,78.92166103171154,0.8056062352657318,3068.375761407236,0.995,78.92166103171154,0.9938689118623734,96.77513195066335,0.995,78.92166103171154,0.9944763639569283,87.18690629076991,0.995,78.92166103171154,0.9945433315634729,86.12986734200862,0.995,78.92166103171154,0.9945814827084541,85.52767699556986,0.995,78.92166103171154,0.9990489229559897,15.012116016483134,1.0,0.0,0.9996869802474975,4.94080776064523,1.0,0.0,0.9998427537083626,2.482027705419801,1.0,0.0,0.9992895096540451,11.214615649951828,1.0,0.0,0.9990520057082176,14.96345683120933,1.0,0.0,1.0,0.0,1.0,0.0,1.0,0.0,1.0,0.0,1.0,0.0,1.0,0.0,1.0,0.0,1.0,0.0
26365,26,京都府,和束町,1,0.0,0.0,5.110576491053209,0.0,1.0,0.0,1.0,0.0,1.0,0.0,1.0,0.0,1.0,0.0,1.0,0.0,1.0,0.0,1.0,0.0,1.0,0.0,1.0,0.0,1.0,0.0,1.0,0.0,1.0,0.0,1.0,0.0,1.0,0.0,1.0,0.0,1.0,0.0,1.0,0.0,1.0,0.0,1.0,0.0,1.0,0.0,1.0,0.0,1.0,0.0,1.0,0.0,1.0,0.0,1.0,0.0,1.0,0.0,1.0,0.0,1.0,0.0,1.0,0.0,1.0,0.0,1.0,0.0
26366,26,京都府,精華町,1,0.0,0.0,5.3482214939508985,0.0,1.0,0.0,1.0,0.0,1.0,0.0,1.0,0.0,1.0,0.0,1.0,0.0,1.0,0.0,1.0,0.0,1.0,0.0,1.0,0.0,1.0,0.0,1.0,0.0,1.0,0.0,1.0,0.0,1.0,0.0,1.0,0.0,1.0,0.0,1.0,0.0,1.0,0.0,1.0,0.0,1.0,0.0,1.0,0.0,1.0,0.0,1.0,0.0,1.0,0.0,1.0,0.0,1.0,0.0,1.0,0.0,1.0,0.0,1.0,0.0,1.0,0.0,1.0,0.0
26367,26,京都府,南山城村,2,0.0,0.0,5.605629253827087,0.0,1.0,0.0,0.9975,0.0,1.0,0.0,0.9975,0.0,1.0,0.0,0.9975,0.0,1.0,0.0,0.9975,0.0,1.0,0.0,0.9975,0.0,1.0,0.0,0.9975,0.0,1.0,0.0,0.9975,0.0,1.0,0.0,0.9975,0.0,1.0,0.0,0.9975,0.0,1.0,0.0,1.0,0.0,1.0,0.0,1.0,0.0,1.0,0.0,1.0,0.0,1.0,0.0,1.0,0.0,1.0,0.0,1.0,0.0,1.0,0.0,1.0,0.0,1.0,0.0,1.0,0.0
26407,26,京都府,京丹波町,3,22.798977742797213,14205.898985708065,4.810029733594121,0.16206963397562513,0.7980942395329477,2868.252837827516,1.0,0.0,0.8042173439264297,2781.2686353347626,1.0,0.0,0.8096335098147392,2704.3271298356,1.0,0.0,0.9988689118623733,16.068123827056635,1.0,0.0,0.9994763639569283,7.438720733152545,1.0,0.0,0.9995433315634727,6.48738567926738,1.0,0.0,0.9995814827084541,5.9454143674724795,1.0,0.0,0.9990489229559899,13.51090441483482,1.0,0.0,0.9996869802474975,4.446726984580707,1.0,0.0,0.9998427537083627,2.2338249348778207,1.0,0.0,0.999289509654045,10.093154084956646,1.0,0.0,0.9990520057082176,13.4671111480884,1.0,0.0,1.0,0.0,1.0,0.0,1.0,0.0,1.0,0.0,1.0,0.0,1.0,0.0,1.0,0.0,1.0,0.0
26465,26,京都府,与謝野町,3,45.597955485594426,28411.79797141613,4.68400885512637,0.16206963397562513,0.7980942395329477,5736.505675655032,1.0,0.0,0.8042173439264297,5562.537270669525,1.0,0.0,0.8096335098147392,5408.6542596712,1.0,0.0,0.9988689118623733,32.13624765411327,1.0,0.0,0.9994763639569283,14.87744146630509,1.0,0.0,0.9995433315634727,12.97477135853476,1.0,0.0,0.9995814827084541,11.890828734944959,1.0,0.0,0.9990489229559899,27.02180882966964,1.0,0.0,0.9996869802474975,8.893453969161413,1.0,0.0,0.9998427537083627,4.4676498697556415,1.0,0.0,0.999289509654045,20.186308169913293,1.0,0.0,0.9990520057082176,26.9342222961768,1.0,0.0,1.0,0.0,1.0,0.0,1.0,0.0,1.0,0.0,1.0,0.0,1.0,0.0,1.0,0.0,1.0,0.0
27102,27,大阪府,大阪市都島区,1,32.71811160860303,20386.448627582715,5.947546664674175,3.785000000000003,0.935,1325.1191607928754,0.935,1325.1191607928754,0.935,1325.1191607928754,0.935,1325.1191607928754,0.935,1325.1191607928754,0.935,1325.1191607928754,0.935,1325.1191607928754,0.935,1325.1191607928754,0.935,1325.1191607928754,0.935,1325.1191607928754,0.935,1325.1191607928754,0.935,1325.1191607928754,0.935,1325.1191607928754,0.935,1325.1191607928754,0.935,1325.1191607928754,0.935,1325.1191607928754,0.94,1223.186917654964,0.94,1223.186917654964,0.945,1121.2546745170503,0.945,1121.2546745170503,0.945,1121.2546745170503,0.945,1121.2546745170503,0.945,1121.2546745170503,0.945,1121.2546745170503,0.945,1121.2546745170503,0.945,1121.2546745170503,0.95,1019.3224313791367,0.95,1019.3224313791367,0.97,611.593458827482,0.97,611.593458827482,0.9850000000000001,305.796729413741,0.9850000000000001,305.796729413741
27103,27,大阪府,大阪市福島区,1,32.71811160860303,20386.448627582715,5.846014895077406,56.572500000000005,0.105,18245.87152168653,0.105,18245.87152168653,0.105,18245.87152168653,0.105,18245.87152168653,0.105,18245.87152168653,0.105,18245.87152168653,0.105,18245.87152168653,0.105,18245.87152168653,0.105,18245.87152168653,0.105,18245.87152168653,0.105,18245.87152168653,0.105,18245.87152168653,0.105,18245.87152168653,0.105,18245.87152168653,0.105,18245.87152168653,0.105,18245.87152168653,0.11,18143.939278548616,0.11,18143.939278548616,0.11,18143.939278548616,0.11,18143.939278548616,0.115,18042.0070354107,0.115,18042.0070354107,0.13,17736.210305996963,0.13,17736.210305996963,0.195,16411.091145204085,0.195,16411.091145204085,0.35,13251.191607928766,0.35,13251.191607928766,0.51,9989.359827515531,0.51,9989.359827515531,0.76,4892.747670619851,0.76,4892.747670619851
27104,27,大阪府,大阪市此花区,6,153.77512456043422,95816.30854963875,5.791706003016796,8.013668908770889,0.7064887492200163,28123.164567525328,0.8309574468085107,16197.033434614463,0.7103157240469405,27756.47796669705,0.8309574468085107,16197.033434614463,0.7136022308722456,27441.577014673123,0.8309574468085107,16197.033434614463,0.8303891867082169,16251.48201972065,0.8309574468085107,16197.033434614463,0.8307845431819876,16213.600421842753,0.8309574468085107,16197.033434614463,0.8324122854813617,16057.636163446627,0.8325531914893617,16044.135069907592,0.8374185444192683,15577.95491237277,0.8375531914893618,15565.0535271594,0.837061179527577,15612.196297099883,0.8375531914893618,15565.0535271594,0.8507045465137097,14304.939236300637,0.8508510638297874,14290.900487935483,0.8578966155584824,13615.821729596399,0.8579787234042554,13607.954458911461,0.8631483999845829,13112.615132588948,0.8636170212765957,13067.713570280519,0.8761832378075478,11863.665089849246,0.8768085106382979,11803.753755370388,0.8863829787234042,10886.363567129167,0.8863829787234042,10886.363567129167,0.9131914893617021,8317.671040053745,0.9131914893617021,8317.671040053745,0.9451063829787234,5259.703745916339,0.9451063829787234,5259.703745916339,0.9725531914893617,2629.851872958169,0.9725531914893617,2629.851872958169
27106,27,大阪府,大阪市西区,3,58.892600895485444,36695.60752964888,5.873853423062376,79.69262987307275,0.005162450075149537,36506.16828779979,0.006666666666666666,36450.970146117885,0.00521860420703888,36504.107677814805,0.006666666666666666,36450.970146117885,0.005245375434557597,36503.12529135669,0.006666666666666666,36450.970146117885,0.006666666666666666,36450.970146117885,0.006666666666666666,36450.970146117885,0.006666666666666666,36450.970146117885,0.006666666666666666,36450.970146117885,0.006666666666666666,36450.970146117885,0.006666666666666666,36450.970146117885,0.006666666666666666,36450.970146117885,0.006666666666666666,36450.970146117885,0.006666666666666666,36450.970146117885,0.006666666666666666,36450.970146117885,0.006666666666666666,36450.970146117885,0.006666666666666666,36450.970146117885,0.006666666666666666,36450.970146117885,0.006666666666666666,36450.970146117885,0.006666666666666666,36450.970146117885,0.006666666666666666,36450.970146117885,0.006666666666666666,36450.970146117885,0.006666666666666666,36450.970146117885,0.01756039189485212,36051.21828060856,0.05833333333333334,34555.030423752694,0.06777363885814945,34208.61267725407,0.15666666666666668,30946.62901667055,0.14025551851217943,31548.846068458537,0.27166666666666667,26726.634150760932,0.3836916467795769,22615.809447020856,0.5683333333333334,15840.270583631762
27107,27,大阪府,大阪市港区,4,71.97984553892667,44850.18698068197,5.8179658189644785,37.31582782737614,0.4663080291314559,23936.184683542873,0.4922727272727273,22771.663117009884,0.46636575246399103,23933.595781285527,0.4922727272727273,22771.663117009884,0.4664116692001169,23931.536407084735,0.4922727272727273,22771.663117009884,0.4669353020275858,23908.051376863532,0.4922727272727273,22771.663117009884,0.4669353020275858,23908.051376863532,0.4922727272727273,22771.663117009884,0.4673496480506252,23889.467880255514,0.4922727272727273,22771.663117009884,0.4673496480506252,23889.467880255514,0.4922727272727273,22771.663117009884,0.4673496480506252,23889.467880255514,0.4922727272727273,22771.663117009884,0.4696223753233525,23787.535637117602,0.4945454545454547,22669.730873871973,0.4696223753233525,23787.535637117602,0.4945454545454547,22669.730873871973,0.4731985313326798,23627.14437142718,0.5009090909090909,22384.320593085817,0.47950068928301337,23344.491408972932,0.5063636363636365,22139.683209554823,0.5209067611226982,21487.42134482752,0.6522727272727272,15595.633200100772,0.5763591770929369,19000.370120031752,0.7354545454545455,11864.91310125314,0.6369231767342849,16284.063411819341,0.7981818181818181,9051.583190646723,0.7598770235512744,10769.560392083233,0.8990909090909092,4525.791595323361
27109,27,大阪府,大阪市天王寺区,1,29.446300447742725,18347.803764824443,5.590347915465838,64.47128695226274,0.03756087634712458,17658.644176372563,0.065,17155.196520110854,0.0377307466045022,17655.52743022472,0.065,17155.196520110854,0.038004201091825965,17650.51014095269,0.065,17155.196520110854,0.046747384890913964,17490.09192032723,0.065,17155.196520110854,0.046785413548350335,17489.39417798315,0.065,17155.196520110854,0.046785413548350335,17489.39417798315,0.065,17155.196520110854,0.046785413548350335,17489.39417798315,0.065,17155.196520110854,0.046785413548350335,17489.39417798315,0.065,17155.196520110854,0.046785413548350335,17489.39417798315,0.065,17155.196520110854,0.046785413548350335,17489.39417798315,0.065,17155.196520110854,0.04673430297523737,17490.331944748938,0.065,17155.196520110854,0.07672853231430053,16940.003710758665,0.095,16604.76240716612,0.13261486404109746,15914.612263099512,0.225,14219.547917738944,0.25945167426019905,13587.435359043156,0.43,10458.248145949934,0.39702871859073635,11063.198747121905,0.555,8164.772675346876,0.6457906479761004,6498.9636826001315,0.745,4678.689960030233
27111,27,大阪府,大阪市浪速区,3,88.33890134322817,55043.41129447333,5.698024355418316,64.73438697036977,0.03723016608506441,52994.13595009157,0.06333333333333334,51557.32857915668,0.03740004369368156,52984.78530701074,0.06333333333333334,51557.32857915668,0.037648873018721746,52971.08889213043,0.06333333333333334,51557.32857915668,0.046603772429128484,52478.18068078277,0.06333333333333334,51557.32857915668,0.046641801086564856,52476.08745375052,0.06333333333333334,51557.32857915668,0.046641801086564856,52476.08745375052,0.06333333333333334,51557.32857915668,0.046641801086564856,52476.08745375052,0.06333333333333334,51557.32857915668,0.046641801086564856,52476.08745375052,0.06333333333333334,51557.32857915668,0.046641801086564856,52476.08745375052,0.06333333333333334,51557.32857915668,0.046641801086564856,52476.08745375052,0.06333333333333334,51557.32857915668,0.04825735718011857,52387.16173522376,0.06500000000000002,51465.58956033256,0.07672853231430053,50820.01113227599,0.095,49814.287221498365,0.12761486404109745,48019.053845770904,0.22000000000000003,42933.8608096892,0.25422099728137254,41050.220381423554,0.4216666666666667,31833.439531970413,0.39348750530431664,33384.51670077157,0.5483333333333335,24861.27410133712,0.6423595506511628,19685.7503490483,0.74,14311.286936563065
27113,27,大阪府,大阪市西淀川区,6,134.14425759527242,83584.43937308912,5.791677876676855,66.21376071140624,0.018176646741425113,82065.15454552442,0.022439024390243898,81708.88609935151,0.01830404377565151,82054.50613584081,0.022439024390243898,81708.88609935151,0.018398135631549645,82046.64152081599,0.022439024390243898,81708.88609935151,0.022399580609507672,81712.1829856511,0.022439024390243898,81708.88609935151,0.022400757292421847,81712.0846332694,0.022439024390243898,81708.88609935151,0.022403458037027493,81711.85889304566,0.022439024390243898,81708.88609935151,0.022407652444955774,81711.50830581046,0.022439024390243898,81708.88609935151,0.022409006328117553,81711.3951422454,0.022439024390243898,81708.88609935151,0.023153061183487495,81649.20373429649,0.02317073170731707,81647.72675346877,0.023165937531285166,81648.12747198466,0.02317073170731707,81647.72675346877,0.02454885488603173,81532.53710018884,0.02463414634146341,81525.40806170326,0.042061806640973906,80068.72684598404,0.04231707317073171,80047.39053620351,0.09048780487804879,76021.06693225594,0.09048780487804879,76021.06693225594,0.22499999999999995,64777.94051414408,0.22499999999999995,64777.94051414408,0.39219512195121947,50803.029979936124,0.39219512195121947,50803.029979936124,0.650609756097561,29203.58765901224,0.650609756097561,29203.58765901224
27114,27,大阪府,大阪市東淀川区,7,186.4932361690373,116202.75717722147,5.74975899949943,0.34211751858458717,0.7804251145218547,25515.207099433115,0.9779824561403506,2558.499302761633,0.7864514107087204,24814.93486695278,0.9779824561403506,2558.499302761633,0.7917424053162858,24200.10670534384,0.9779824561403506,2558.499302761633,0.9768513680027241,2689.9348629642964,0.9779824561403506,2558.499302761633,0.9774588200972792,2619.3472547239353,0.9779824561403506,2558.499302761633,0.9775257877038236,2611.5654342019106,0.9779824561403506,2558.499302761633,0.9808095528838925,2229.982866355323,0.9812280701754386,2181.350003151352,0.981943659798095,2098.196515991255,0.982894736842105,1987.6787411893163,0.9910027697211816,1045.5029653570577,0.9913157894736843,1009.1292070653452,0.9937901221294152,721.6049302957613,0.9939473684210525,703.3324776516042,0.9958684570224661,480.09668538562516,0.996578947368421,397.53574823786323,0.9990520057082175,110.15955049338035,1.0,0.0,1.0,0.0,1.0,0.0,1.0,0.0,1.0,0.0,1.0,0.0,1.0,0.0,1.0,0.0,1.0,0.0
27115,27,大阪府,大阪市東成区,3,32.71811160860303,20386.448627582715,5.959840460732671,0.3225000000000003,0.97,611.593458827482,0.97,611.593458827482,0.97,611.593458827482,0.97,611.593458827482,0.97,611.593458827482,0.97,611.593458827482,0.97,611.593458827482,0.97,611.593458827482,0.97,611.593458827482,0.97,611.593458827482,0.97,611.593458827482,0.97,611.593458827482,0.97,611.593458827482,0.97,611.593458827482,0.97,611.593458827482,0.97,611.593458827482,0.975,509.66121568956834,0.975,509.66121568956834,0.9850000000000001,305.796729413741,0.9850000000000001,305.796729413741,0.9950000000000001,101.93224313791366,0.9950000000000001,101.93224313791366,1.0,0.0,1.0,0.0,1.0,0.0,1.0,0.0,1.0,0.0,1.0,0.0,1.0,0.0,1.0,0.0,1.0,0.0,1.0,0.0
27116,27,大阪府,大阪市生野区,2,65.43622321720606,40772.89725516543,5.919556941807533,0.06000000000000005,0.9949999999999999,203.86448627582732,0.9949999999999999,203.86448627582732,0.9949999999999999,203.86448627582732,0.9949999999999999,203.86448627582732,0.9949999999999999,203.86448627582732,0.9949999999999999,203.86448627582732,0.9949999999999999,203.86448627582732,0.9949999999999999,203.86448627582732,0.9949999999999999,203.86448627582732,0.9949999999999999,203.86448627582732,0.9949999999999999,203.86448627582732,0.9949999999999999,203.86448627582732,0.9949999999999999,203.86448627582732,0.9949999999999999,203.86448627582732,0.9949999999999999,203.86448627582732,0.9949999999999999,203.86448627582732,0.9949999999999999,203.86448627582732,0.9949999999999999,203.86448627582732,0.9949999999999999,203.86448627582732,0.9949999999999999,203.86448627582732,1.0,0.0,1.0,0.0,1.0,0.0,1.0,0.0,1.0,0.0,1.0,0.0,1.0,0.0,1.0,0.0,1.0,0.0,1.0,0.0,1.0,0.0,1.0,0.0
27117,27,大阪府,大阪市旭区,2,62.16441205634575,38734.25239240716,5.9470873713349555,6.024192193844603,0.761447298636562,9240.160543501941,0.8305263157894738,6564.436458081634,0.7637037319572348,9152.75928575236,0.8305263157894738,6564.436458081634,0.7656406114132782,9077.73570804831,0.8305263157894738,6564.436458081634,0.8300229893860065,6583.932430029297,0.8305263157894738,6564.436458081634,0.8326771129903042,6481.1269364597865,0.8328947368421054,6472.697439257511,0.8350746516804948,6388.260067713384,0.8352631578947369,6380.958420433389,0.8374599692382311,6295.86657539598,0.8376315789473685,6289.219401609266,0.8492998570203781,5837.25737374452,0.8494736842105264,5830.524307488655,0.8635638955235482,5284.750506227717,0.8636842105263159,5280.090194543922,0.8830989276421698,4528.0756416512495,0.8831578947368421,4525.791595323364,0.8949466452316235,4069.1631582673895,0.8952631578947369,4056.9032768889615,0.904621343942065,3694.42093659665,0.905,3679.753977278681,0.9239473684210526,2945.841826685703,0.9239473684210526,2945.841826685703,0.9455263157894738,2109.997432954811,0.9455263157894738,2109.997432954811,0.9623684210526317,1457.6310768721653,0.9623684210526317,1457.6310768721653,0.9778947368421054,856.2308423584748,0.9778947368421054,856.2308423584748
27118,27,大阪府,大阪市城東区,2,49.077167412904544,30579.67294137407,5.969495656010325,35.71972795732319,0.309440615773201,21117.080116252182,0.39,18653.60049423818,0.311979469358921,21039.44280395483,0.39,18653.60049423818,0.3144227731227875,20964.727373959366,0.39,18653.60049423818,0.38966520816087724,18663.838319181996,0.39,18653.60049423818,0.38967364788055414,18663.580235314555,0.39,18653.60049423818,0.3947276574373245,18509.030276025944,0.39499999999999996,18500.70212953131,0.39973962754011155,18355.765869490773,0.4,18347.803764824443,0.39974416673183444,18355.627062492465,0.4,18347.803764824443,0.4097487074136734,18049.69148051316,0.40999999999999986,18042.0070354107,0.41984275370836255,17741.018846166473,0.42,17736.21030599696,0.4398300376534462,17129.814240139443,0.43999999999999995,17124.61684716948,0.4547004401683807,16675.082194726157,0.455,16665.921753048864,0.52,14678.243011859551,0.52,14678.243011859551,0.6049999999999999,12078.970811842757,0.6049999999999999,12078.970811842757,0.7050000000000001,9021.00351770535,0.7050000000000001,9021.00351770535,0.8161128222942351,5623.209752354621,0.8299999999999998,5198.544400033593
27120,27,大阪府,大阪市住吉区,4,91.61071250408848,57082.0561572316,5.634867392955473,0.18235413666947622,0.7957268461797918,11660.33163777993,0.9967857142857142,183.4780376482446,0.801826144435576,11312.171152223553,0.9967857142857142,183.4780376482446,0.8072104810284716,11004.822148458445,0.9967857142857142,183.4780376482446,0.9956546261480876,248.04287423902667,0.9967857142857142,183.4780376482446,0.9962620782426426,213.3682596648143,0.9967857142857142,183.4780376482446,0.9963290458491871,209.54561098732836,0.9967857142857142,183.4780376482446,0.9963671969941684,207.3678651870373,0.9967857142857142,183.4780376482446,0.9974417800988469,146.02845206016673,0.9983928571428572,91.7390188241223,0.9980798373903546,109.60682991478812,0.9983928571428572,91.7390188241223,0.9998427537083626,8.975941649761381,1.0,0.0,0.999289509654045,40.556249826970756,1.0,0.0,0.9990520057082176,54.11346340025702,1.0,0.0,1.0,0.0,1.0,0.0,1.0,0.0,1.0,0.0,1.0,0.0,1.0,0.0,1.0,0.0,1.0,0.0
27121,27,大阪府,大阪市東住吉区,1,32.71811160860303,20386.448627582715,5.982141657640503,0.08500000000000008,0.99,203.86448627582732,0.99,203.86448627582732,0.99,203.86448627582732,0.99,203.86448627582732,0.99,203.86448627582732,0.99,203.86448627582732,0.99,203.86448627582732,0.99,203.86448627582732,0.99,203.86448627582732,0.99,203.86448627582732,0.99,203.86448627582732,0.99,203.86448627582732,0.99,203.86448627582732,0.99,203.86448627582732,0.99,203.86448627582732,0.99,203.86448627582732,0.99,203.86448627582732,0.99,203.86448627582732,1.0,0.0,1.0,0.0,1.0,0.0,1.0,0.0,1.0,0.0,1.0,0.0,1.0,0.0,1.0,0.0,1.0,0.0,1.0,0.0,1.0,0.0,1.0,0.0,1.0,0.0,1.0,0.0
27122,27,大阪府,大阪市西成区,3,81.79527902150757,50966.12156895678,5.609773634016112,38.670772431144485,0.4188613449558616,29618.383341399604,0.4360000000000001,28744.892564891627,0.4189709713086487,29612.796111376294,0.4360000000000001,28744.892564891627,0.4191385392770173,29604.25582192936,0.4360000000000001,28744.892564891627,0.4250484309345484,29303.05156525226,0.4360000000000001,28744.892564891627,0.42507124812901026,29301.888661345452,0.4360000000000001,28744.892564891627,0.42507124812901026,29301.888661345452,0.4360000000000001,28744.892564891627,0.42507124812901026,29301.888661345452,0.4360000000000001,28744.892564891627,0.42507124812901026,29301.888661345452,0.4360000000000001,28744.892564891627,0.4270712481290102,29199.95641820754,0.4380000000000001,28642.960321753708,0.42907124812901026,29098.02417506963,0.4400000000000001,28541.028078615796,0.4290405817851425,29099.587119679272,0.4400000000000001,28541.028078615796,0.4490371193885803,28080.441153224237,0.46,27521.705647236664,0.4795689184246585,26524.353771832517,0.535,23699.246529564905,0.5556710045561195,22645.72559840526,0.658,17430.41357658322,0.638217231154442,18438.664578536507,0.733,13607.95445891146,0.7874743887856603,10831.606137666884,0.8470000000000001,7797.816600050388
27123,27,大阪府,大阪市淀川区,4,107.96976830839,67275.28047102295,5.767501502943626,27.54623144138943,0.44122722008011556,37591.59548868341,0.5527272727272726,30090.39817431209,0.44474046043374316,37355.241258530994,0.5527272727272726,30090.39817431209,0.4476700718294489,37158.15083021378,0.5527272727272726,30090.39817431209,0.5522131417556242,30124.986479628576,0.5527272727272726,30090.39817431209,0.5524892563440582,30106.41079324953,0.5527272727272726,30090.39817431209,0.5525196961652148,30104.362945743735,0.5527272727272726,30090.39817431209,0.5548097648674791,29950.297931500994,0.5549999999999999,29937.499809605215,0.5616939337687058,29487.163537861074,0.5622727272727271,29448.22504254323,0.5657668092034078,29213.15970066795,0.5659090909090908,29203.587659012235,0.5681103425947102,29055.49783447488,0.568181818181818,29050.689294305368,0.5714952316609294,28827.77847318168,0.5718181818181818,28806.051910774375,0.5768418207764625,28468.08519087088,0.5772727272727272,28439.095835477885,0.6086363636363636,26329.098402523075,0.6086363636363636,26329.098402523075,0.685,21191.713348372232,0.685,21191.713348372232,0.7654545454545454,15779.11123774902,0.7654545454545454,15779.11123774902,0.8827272727272727,7889.555618874509,0.8827272727272727,7889.555618874509
27124,27,大阪府,大阪市鶴見区,9,225.7549700993609,140666.4955303207,5.974913754025467,1.6853227731115796,0.7464698590791744,35663.19643464089,0.9367391304347825,8898.684825939856,0.7522477888283523,34850.43530540367,0.9367391304347825,8898.684825939856,0.7573691563761753,34130.03048012869,0.9367391304347825,8898.684825939856,0.935608042297156,9057.791030395716,0.9367391304347825,8898.684825939856,0.9418676683047544,8177.271376576392,0.942391304347826,8103.6133294641295,0.9419346359112989,8167.851278049729,0.942391304347826,8103.6133294641295,0.9441467000997585,7856.687960770987,0.9445652173913044,7797.816600050391,0.9527607118435527,6644.985116314409,0.953478260869565,6544.050009454053,0.9618608932909758,5364.894483415373,0.9621739130434781,5320.8630917990895,0.9637557971866234,5098.344993047865,0.9639130434782608,5076.225708268097,0.9688547270453493,4381.096398865977,0.9695652173913043,4281.15421179237,0.9747117674869039,3557.2070457731324,0.9756521739130435,3424.9233694338955,0.9817391304347826,2568.6925270754205,0.9817391304347826,2568.6925270754205,0.9889130434782609,1559.5633200100788,0.9889130434782609,1559.5633200100788,0.9934782608695653,917.3901882412229,0.9934782608695653,917.3901882412229,0.9945652173913044,764.4918235343524,0.9945652173913044,764.4918235343524
27125,27,大阪府,大阪市住之江区,6,88.33890134322817,55043.41129447332,5.8629031854169185,49.765484585414335,0.1660683319055372,45902.44379840973,0.2644444444444445,40487.486974379266,0.16784003891050817,45804.92300104182,0.2644444444444445,40487.486974379266,0.1695132355309195,45712.824551287995,0.2644444444444445,40487.486974379266,0.1949318913039234,44313.695027021895,0.2644444444444445,40487.486974379266,0.19513876677387293,44302.30789544273,0.2644444444444445,40487.486974379266,0.19581399732993707,44265.140902226696,0.2644444444444445,40487.486974379266,0.19581399732993707,44265.140902226696,0.2644444444444445,40487.486974379266,0.19581399732993707,44265.140902226696,0.2644444444444445,40487.486974379266,0.19748066399660374,44173.40188340257,0.26611111111111113,40395.74795555514,0.19765249094201456,44163.94394217484,0.2672222222222222,40334.58860967239,0.19813666613565553,44137.29328785269,0.2688888888888889,40242.84959084827,0.22126658856454823,42864.14345438989,0.29,39080.822019076055,0.3572747347079631,35377.791126819066,0.6133333333333334,21283.45236719635,0.45739212397485973,29866.98849167239,0.7222222222222221,15289.836470687034,0.5703743862774637,23648.059358770086,0.8038888888888889,10794.624548305048,0.736971373748448,14477.99285698447,0.8855555555555555,6299.412625923058
27126,27,大阪府,大阪市平野区,1,19.630866965161815,12231.869176549626,5.989346954081501,0.764992478974164,0.7463521119952202,3102.587782982577,0.935,795.071496475725,0.752044667005539,3032.9571948160465,0.935,795.071496475725,0.7572017502784729,2969.876426888946,0.935,795.071496475725,0.9338689118623732,808.9068186023226,0.935,795.071496475725,0.9444763639569284,679.1578522852093,0.945,672.7528047102301,0.9545433315634727,556.0200215173944,0.955,550.4341129447337,0.954581482708454,555.5533617030463,0.955,550.4341129447337,0.9590489229559899,500.9082170411365,0.9599999999999999,489.2747670619855,0.9746869802474974,309.62554607602647,0.975,305.79672941374093,0.9848427537083626,185.40145371605055,0.985,183.47803764824457,0.989289509654045,131.00931672841867,0.99,122.31869176549637,0.9890520057082176,133.9144339226943,0.99,122.31869176549637,0.9949999999999999,61.159345882748184,0.9949999999999999,61.159345882748184,1.0,0.0,1.0,0.0,1.0,0.0,1.0,0.0,1.0,0.0,1.0,0.0
27127,27,大阪府,大阪市北区,4,104.69795714752969,65236.63560826468,5.698234444806059,10.842898094318805,0.7559574977681042,15920.511791031311,0.7896875000000002,13720.079926363163,0.7570634579844775,15848.362667398536,0.7896875000000002,13720.079926363163,0.7580258011072875,15785.582639765651,0.7896875000000002,13720.079926363163,0.7894865696877243,13733.187943927762,0.7896875000000002,13720.079926363163,0.789491136483848,13732.890021513122,0.7896875000000002,13720.079926363163,0.7895162493363023,13731.251743508485,0.7896875000000002,13720.079926363163,0.7895305560156703,13730.318423879791,0.7896875000000002,13720.079926363163,0.7912058461084962,13621.02813455597,0.7915625000000002,13597.761234597667,0.7933201175928117,13483.100176156742,0.7934375000000001,13475.44254283217,0.7949410326406361,13377.357131829871,0.7950000000000002,13373.510299694259,0.7973349151201545,13221.188292824503,0.7975000000000001,13210.418710673595,0.8075855123624206,12552.473815763718,0.8078124999999999,12537.665905963368,0.8368749999999999,10641.726183598174,0.8368749999999999,10641.726183598174,0.8865625,7400.280851812525,0.8865625,7400.280851812525,0.9268749999999999,4770.428978854353,0.9268749999999999,4770.428978854353,0.975625,1590.14299295145,0.975625,1590.14299295145
27128,27,大阪府,大阪市中央区,2,52.348978573764846,32618.31780413234,5.579256771826689,30.108236341838484,0.6218750000000001,12333.80141968754,0.6218750000000001,12333.80141968754,0.6218750000000001,12333.80141968754,0.6218750000000001,12333.80141968754,0.6218750000000001,12333.80141968754,0.6218750000000001,12333.80141968754,0.6218750000000001,12333.80141968754,0.6218750000000001,12333.80141968754,0.6218750000000001,12333.80141968754,0.6218750000000001,12333.80141968754,0.6218750000000001,12333.80141968754,0.6218750000000001,12333.80141968754,0.6218750000000001,12333.80141968754,0.6218750000000001,12333.80141968754,0.6218750000000001,12333.80141968754,0.6218750000000001,12333.80141968754,0.6218750000000001,12333.80141968754,0.6218750000000001,12333.80141968754,0.625,12231.869176549626,0.625,12231.869176549626,0.625,12231.869176549626,0.625,12231.869176549626,0.626875,12170.709830666878,0.626875,12170.709830666878,0.6310415341169573,12034.804496698203,0.6493750000000001,11436.797680073902,0.6454720807052219,11564.104341994858,0.68125,10397.088800067182,0.6766410900722258,10547.423688821942,0.7262500000000001,8929.264498881226,0.765788134103641,7639.597075306265,0.83125,5504.341129447331
27141,27,大阪府,堺市堺区,15,343.5401718903318,214057.71058961848,5.7915856395799885,28.882538975076216,0.4374489426016807,120418.39143645328,0.548142857142857,96723.50551356618,0.44073101456676206,119715.83862561759,0.548142857142857,96723.50551356618,0.4436914937496184,119082.12522948714,0.548142857142857,96723.50551356618,0.5475193452068736,96856.9730511081,0.548142857142857,96723.50551356618,0.5485803917646408,96629.84785412347,0.5488571428571427,96570.60714885932,0.55047164360966,96225.01081403028,0.5507142857142856,96173.07140062143,0.5522069166047233,95853.56224945905,0.5524285714285714,95806.11532532495,0.5539029993329729,95490.50266367933,0.5544285714285714,95377.9999041457,0.5574090405276844,94740.00751230649,0.5575714285714285,94705.24709943548,0.5599180071949958,94202.94385155615,0.5599999999999998,94185.39265943212,0.5655383835754223,92999.85895091007,0.5662857142857142,92839.88705001168,0.574838841223291,91009.02427937162,0.5757142857142857,90821.62863588099,0.6041106431135642,84743.16938190686,0.607,84124.68026172006,0.6711239467476094,70398.45502695614,0.6802857142857142,68437.30804279516,0.7429130789515163,55031.43774217242,0.7561428571428572,52199.50171092554,0.8532880814985505,31404.817390630968,0.8658571428571429,28714.312891950256
27142,27,大阪府,堺市中区,6,121.05701295183121,75429.85992205604,5.6591557989472,0.22210960297373347,0.8393401577633276,12118.549395011816,0.9878378378378379,917.390188241223,0.8471086768491345,11532.571088567593,0.9914864864864865,642.1731317688561,0.8509773513078186,11240.757516065007,0.9914864864864865,642.1731317688561,0.9870127114372027,979.6293570591165,0.9914864864864865,642.1731317688561,0.9874559872899861,946.1931215768403,0.9914864864864865,642.1731317688561,0.9887210717596265,850.7679772422853,0.9927027027027027,550.4341129447338,0.988749179694728,848.6477996348915,0.9963513513513513,275.2170564723669,0.9884912044692149,868.1068347586985,0.9963513513513513,275.2170564723669,0.9936907613398609,475.9049883491073,0.9975675675675676,183.4780376482446,0.9938044338653571,467.33068567394946,0.9975675675675676,183.4780376482446,0.9994815340718707,39.10781233315038,1.0,0.0,0.9993082203816722,52.180839707390696,1.0,0.0,1.0,0.0,1.0,0.0,1.0,0.0,1.0,0.0,1.0,0.0,1.0,0.0,1.0,0.0,1.0,0.0
27143,27,大阪府,堺市東区,1,32.71811160860303,20386.448627582715,5.593912614590933,0.030000000000000027,0.9950000000000001,101.93224313791366,0.9950000000000001,101.93224313791366,0.9950000000000001,101.93224313791366,0.9950000000000001,101.93224313791366,0.9950000000000001,101.93224313791366,0.9950000000000001,101.93224313791366,0.9950000000000001,101.93224313791366,0.9950000000000001,101.93224313791366,0.9950000000000001,101.93224313791366,0.9950000000000001,101.93224313791366,0.9950000000000001,101.93224313791366,0.9950000000000001,101.93224313791366,0.9950000000000001,101.93224313791366,0.9950000000000001,101.93224313791366,0.9950000000000001,101.93224313791366,0.9950000000000001,101.93224313791366,1.0,0.0,1.0,0.0,1.0,0.0,1.0,0.0,1.0,0.0,1.0,0.0,1.0,0.0,1.0,0.0,1.0,0.0,1.0,0.0,1.0,0.0,1.0,0.0,1.0,0.0,1.0,0.0,1.0,0.0,1.0,0.0
27144,27,大阪府,堺市西区,26,490.77167412904544,305796.72941374074,5.818620984658839,28.613801625847845,0.4697352782787134,162153.2176258568,0.5374666666666666,141441.1805781689,0.4721811300994207,161405.28413845383,0.5380666666666667,141257.70254052064,0.47379191837919254,160912.71035072164,0.5380666666666667,141257.70254052064,0.5371918365339495,141525.22273389806,0.5380666666666667,141257.70254052064,0.5376271108547905,141392.11727018715,0.5383666666666668,141165.9635216965,0.5376439326028088,141386.9732346602,0.5383666666666668,141165.9635216965,0.5407199792609657,140446.32822707173,0.5420333333333334,140044.70884717946,0.5406063258097614,140481.08308073654,0.5420333333333334,140044.70884717946,0.5427754173080186,139817.7819947704,0.5434666666666668,139606.40020168643,0.5454530000627099,138998.9859456511,0.5461,138801.1354808969,0.5507942859510581,137365.6381901305,0.5509666666666667,137312.9247310834,0.5676656272729238,132206.43719308104,0.5679333333333333,132124.57355536357,0.6084666666666667,119729.61278979327,0.6084666666666667,119729.61278979327,0.6807666666666666,97620.50925317983,0.6807666666666666,97620.50925317983,0.7449,78008.74567344526,0.7449,78008.74567344526,0.8727934792808569,38899.33799601525,0.9318,20855.336946017123
27145,27,大阪府,堺市南区,6,71.97984553892667,44850.186980681974,5.55070191817551,0.17755474518645903,0.8802159201963381,5372.338376503166,0.9893181818181819,479.0815427481941,0.883533001582731,5223.5666560933105,0.9893181818181819,479.0815427481941,0.8864242557097565,5093.893367887545,0.9893181818181819,479.0815427481941,0.9887012246522034,506.75218700138646,0.9893181818181819,479.0815427481941,0.9890325621583246,491.89163789815257,0.9893181818181819,479.0815427481941,0.9911145444891668,398.5143410693935,0.9913636363636363,387.3425239240719,0.9911353542046113,397.5810214406973,0.9913636363636363,387.3425239240719,0.9908448670669036,410.60942388237595,0.9913636363636363,387.3425239240719,0.9932383528622715,303.26113842452065,0.9934090909090908,295.6035050999496,0.9962778656591068,166.93842115627388,0.9963636363636365,163.09158902066184,0.9989306416294791,47.9609228672187,0.9993181818181817,30.579672941374092,0.9994829122044823,23.191484314395865,1.0,0.0,1.0,0.0,1.0,0.0,1.0,0.0,1.0,0.0,1.0,0.0,1.0,0.0,1.0,0.0,1.0,0.0
27146,27,大阪府,堺市北区,14,255.2012705471036,159014.29929514515,5.6310626604913745,0.24631208835554744,0.788995503135957,33552.73221696048,0.9907692307692307,1467.8243011859568,0.7950653844330318,32587.534295701415,0.9907692307692307,1467.8243011859568,0.8003986554252557,31739.467945921795,0.9907692307692307,1467.8243011859568,0.9879074977968916,1922.8807645522845,0.9907692307692307,1467.8243011859568,0.9885149498914465,1826.2871953812644,0.9907692307692307,1467.8243011859568,0.9889665328826065,1754.479042468377,0.9911538461538459,1406.6649553032084,0.9890048111132835,1748.3922564390227,0.9928846153846153,1131.4478988308415,0.9896260975146653,1649.5988346616891,0.9940384615384615,947.969861182597,0.9943024892589388,905.9856782163977,0.996346153846154,581.0137858861078,0.9971505704121117,453.10004930892643,0.9990384615384615,152.8983647068705,0.9992895096540452,112.97812451798997,1.0,0.0,0.9990520057082177,150.7446480435731,1.0,0.0,1.0,0.0,1.0,0.0,1.0,0.0,1.0,0.0,1.0,0.0,1.0,0.0,1.0,0.0,1.0,0.0
27202,27,大阪府,岸和田市,19,265.0167040296845,165130.23388341998,5.606577519854848,0.1808136291429402,0.795350864628951,33793.75958786104,0.9966666666666668,550.4341129447338,0.8014619730909668,32784.63081824143,0.9966666666666668,550.4341129447338,0.8068453393379849,31895.674290791205,0.9966666666666668,550.4341129447338,0.9955355785290403,737.2109616537821,0.9966666666666668,550.4341129447338,0.9966985861791509,545.163236382831,0.9972222222222223,458.6950941206115,0.9967655537856952,534.1048598515324,0.9972222222222223,458.6950941206115,0.9973592604862321,436.0659335337109,0.9977777777777779,366.9560752964892,0.9979378118448787,340.52961236680176,0.998888888888889,183.4780376482446,0.9985758691363867,235.16706258909932,0.998888888888889,183.4780376482446,0.9992871981528073,117.70513573950342,0.9994444444444445,91.7390188241223,0.9992895096540453,117.32343699945115,1.0,0.0,0.9990520057082178,156.54251912217208,1.0,0.0,1.0,0.0,1.0,0.0,1.0,0.0,1.0,0.0,1.0,0.0,1.0,0.0,1.0,0.0,1.0,0.0
27203,27,大阪府,豊中市,17,346.8119830511921,216096.35545237677,5.59113057484492,3.4985336812596124,0.8259339827074196,37615.03194503703,0.9396698113207547,13037.133897339145,0.8293843433626418,36869.42158244723,0.9396698113207547,13037.133897339145,0.83241493450302,36214.52188214523,0.9396698113207547,13037.133897339145,0.9398633727993606,12995.305967256454,0.9405188679245282,12853.6558596909,0.9402076687396698,12920.904869358583,0.9405188679245282,12853.6558596909,0.9402466195596838,12912.487739111648,0.9405188679245282,12853.6558596909,0.9411188935165136,12723.992516084732,0.9413679245283019,12670.177822042655,0.9420915531774737,12513.804308255703,0.9426415094339623,12394.960765570288,0.9431650407865363,12281.827548313999,0.9433490566037736,12242.06240086342,0.9462770628423062,11609.330923974714,0.9463679245283019,11589.696044780772,0.9478029886562869,11279.583916882768,0.9482075471698113,11192.160296542908,0.9502116803009557,10759.074431061294,0.950754716981132,10641.726183598175,0.9544339622641509,9846.654687122447,0.9544339622641509,9846.654687122447,0.9626415094339622,8073.033656522753,0.9626415094339622,8073.033656522753,0.97,6482.890663571302,0.97,6482.890663571302,0.9824528301886792,3791.879444730385,0.9824528301886792,3791.879444730385
27204,27,大阪府,池田市,3,32.71811160860303,20386.448627582715,5.024232845367294,0.0,1.0,0.0,1.0,0.0,1.0,0.0,1.0,0.0,1.0,0.0,1.0,0.0,1.0,0.0,1.0,0.0,1.0,0.0,1.0,0.0,1.0,0.0,1.0,0.0,1.0,0.0,1.0,0.0,1.0,0.0,1.0,0.0,1.0,0.0,1.0,0.0,1.0,0.0,1.0,0.0,1.0,0.0,1.0,0.0,1.0,0.0,1.0,0.0,1.0,0.0,1.0,0.0,1.0,0.0,1.0,0.0,1.0,0.0,1.0,0.0,1.0,0.0,1.0,0.0
27205,27,大阪府,吹田市,15,330.4529272468906,205903.13113858542,5.556328165047063,0.2375127462054244,0.7891817547277648,43408.13680269549,0.9888613861386136,2293.475470603057,0.7952277337885137,42163.25078328894,0.9888613861386136,2293.475470603057,0.8005510924269656,41067.15457145808,0.9888613861386136,2293.475470603057,0.9880273277039573,2465.2107138513447,0.989158415841584,2232.316124720309,0.9886347797985122,2340.1344255657928,0.989158415841584,2232.316124720309,0.9900878860189181,2040.9353049072743,0.9905445544554453,1946.9058439341509,0.9905715817183549,1941.340845874959,0.9909900990099008,1855.1668251100284,0.9909796160252967,1857.3253044637186,0.9919306930693067,1661.4955631479927,0.9959246040098737,839.136794996617,0.9962376237623761,774.6850478481439,0.998308100243016,348.3674575356001,0.9984653465346532,315.98995372753234,0.998497430446124,309.38377589652066,0.9992079207920791,163.09158902066184,0.9990520057082176,195.19499297949844,1.0,0.0,1.0,0.0,1.0,0.0,1.0,0.0,1.0,0.0,1.0,0.0,1.0,0.0,1.0,0.0,1.0,0.0
27206,27,大阪府,泉大津市,5,117.7852017909709,73391.21505929777,5.838460164660378,37.65466440527874,0.38995855624089015,44771.682794009335,0.49,37429.51968024186,0.3941425466747023,44464.614652275384,0.49124999999999996,37337.78066141774,0.3968081503571011,44268.982759157596,0.49124999999999996,37337.78066141774,0.48943454577278317,37471.01905303772,0.49124999999999996,37337.78066141774,0.48973827182006063,37448.728229382876,0.49124999999999996,37337.78066141774,0.48977175562333286,37446.27081237592,0.49124999999999996,37337.78066141774,0.489790922979937,37444.86409678526,0.4925,37246.04164259362,0.4907746431037049,37372.66768162365,0.49375,37154.302623769494,0.4948435799653453,37074.0434613483,0.49625,36970.82458612125,0.49742146669577775,36884.849221916615,0.49874999999999997,36787.346548473004,0.49839475482702256,36813.41842336178,0.49874999999999997,36787.346548473004,0.49952600285410886,36730.394756120484,0.5,36695.607529648885,0.50875,36053.43439788003,0.50875,36053.43439788003,0.545,33393.00285198049,0.545,33393.00285198049,0.6125,28439.095835477885,0.6125,28439.095835477885,0.78,16146.067313045509,0.78,16146.067313045509
27207,27,大阪府,高槻市,31,438.4226955552805,273178.41160960833,5.55073961641215,0.534025566836458,0.7652306993550331,64133.90464489072,0.9585820895522389,11314.478988308403,0.7711152722052674,62526.36638066265,0.9585820895522389,11314.478988308403,0.7762901415353393,61112.70379678637,0.9585820895522389,11314.478988308403,0.9574563935376816,11621.994837520433,0.9585820895522389,11314.478988308403,0.9580584535091673,11457.525050816286,0.9585820895522389,11314.478988308403,0.9596552718619806,11021.308749565716,0.9601119402985077,10896.556791442958,0.9655889453950216,9400.357238799588,0.9660074626865675,9286.027349863927,0.9658014157169792,9342.314933732981,0.9667164179104479,9092.35608790189,0.9751347414415276,6792.651837265763,0.97544776119403,6707.141598474718,0.984581559678512,4211.98503652167,0.9847388059701493,4169.028744340669,0.9937671215943435,1702.6878226130534,0.9944776119402987,1508.5971984411221,0.998343050484337,452.6428368061231,0.9992910447761194,193.67126196203594,1.0,0.0,1.0,0.0,1.0,0.0,1.0,0.0,1.0,0.0,1.0,0.0,1.0,0.0,1.0,0.0
27208,27,大阪府,貝塚市,4,121.05701295183121,75429.85992205604,5.51460372769662,0.1325059623371911,0.8507102560755369,11260.90447202187,0.9975675675675676,183.4780376482446,0.8551739263373452,10924.210449435417,0.9975675675675676,183.4780376482446,0.8591236161944028,10626.285896781998,0.9975675675675676,183.4780376482446,0.9967421789265967,245.73698721792732,0.9975675675675676,183.4780376482446,0.9971854547793801,212.3007517356511,0.9975675675675676,183.4780376482446,0.9972343230328045,208.61462622521822,0.9975675675675676,183.4780376482446,0.9972621630575205,206.51465706065184,0.9975675675675676,183.4780376482446,0.9968735383732897,235.82856255443033,0.9975675675675676,183.4780376482446,0.9997715801806063,17.229674980284905,1.0,0.0,0.9998852527061025,8.655372305127047,1.0,0.0,0.9994815340718707,39.10781233315038,1.0,0.0,0.9993082203816723,52.180839707390696,1.0,0.0,1.0,0.0,1.0,0.0,1.0,0.0,1.0,0.0,1.0,0.0,1.0,0.0,1.0,0.0,1.0,0.0
27209,27,大阪府,守口市,8,209.39591429505938,130473.27121652936,5.929332815506509,3.789727226596442,0.6982470210175961,39370.69826716687,0.8753125,16268.386004811007,0.7037694569677114,38650.16798367156,0.8753125,16268.386004811007,0.7086012749327347,38019.74488785219,0.8753125,16268.386004811007,0.8742113850638269,16412.052072518873,0.8753125,16268.386004811007,0.8770044549182058,16047.631111881807,0.8775,15982.975724024851,0.8785533925704658,15845.536149480988,0.8789843749999998,15789.304462062813,0.8807779583893716,15555.289770051864,0.8811718749999999,15503.894181276655,0.8920388454385102,14086.044999950911,0.892734375,13995.296982835534,0.9078378021158278,12024.70344045305,0.9081250000000001,11987.231793018635,0.9182164612971248,10670.565826227783,0.9183593749999999,10651.919407911973,0.9286048895679415,9315.153606936045,0.9292968749999999,9224.86800398118,0.9349763972684741,8483.84215466624,0.9358593749999999,8368.637161622704,0.9540624999999999,5993.615896509317,0.9540624999999999,5993.615896509317,0.9715625000000001,3710.333650220051,0.9715625000000001,3710.333650220051,0.9846875,1997.8719655031077,0.9846875,1997.8719655031077,0.986875,1712.4616847169495,0.986875,1712.4616847169495
27210,27,大阪府,枚方市,22,399.1609616249569,248714.6732565091,5.562750361130468,0.31740129331065753,0.7962724314117041,50670.035654781066,0.976926229508197,5738.785288664533,0.8016588360486462,49330.3577854767,0.976926229508197,5738.785288664533,0.8065075782649831,48124.404449435424,0.976926229508197,5738.785288664533,0.9759369096453074,5984.84365510926,0.976926229508197,5738.785288664533,0.9764891756484745,5847.486996580887,0.976926229508197,5738.785288664533,0.9765477863418276,5832.9096571342325,0.976926229508197,5738.785288664533,0.978216360440997,5417.910795255039,0.9785655737704919,5331.056316112878,0.9789569578942707,5233.713341649467,0.9797950819672132,5025.259586699137,0.9879230198459548,3003.722172938717,0.9881967213114756,2935.6486023719135,0.9969458066830873,759.6226928782326,0.9970901639344267,723.7189262791869,0.9993477465676481,162.22499930788302,1.0,0.0,0.9991297101583638,216.45385360102804,1.0,0.0,1.0,0.0,1.0,0.0,1.0,0.0,1.0,0.0,1.0,0.0,1.0,0.0,1.0,0.0,1.0,0.0
27211,27,大阪府,茨木市,14,199.58048081247847,124357.33662825456,5.379783682961429,0.157575354355647,0.8282644920954939,21356.570367504934,0.9963114754098359,458.69509412061143,0.8333662097962179,20722.134342013705,0.9963114754098359,458.69509412061143,0.8378673684255021,20162.3822431346,0.9963114754098359,458.69509412061143,0.9958576148357551,515.1359863139306,0.9968032786885245,397.53574823786323,0.996365484619727,451.97865262518667,0.9968032786885245,397.53574823786323,0.9969132772088052,383.85662522273196,0.997295081967213,336.3764023551151,0.9969451740677239,379.8900168007732,0.997295081967213,336.3764023551151,0.9964999191927129,435.2607271779103,0.997295081967213,336.3764023551151,0.9985087867643011,185.4433063362975,0.9987704918032786,152.8983647068705,0.9993767285102703,77.50838245909927,0.9995081967213113,61.159345882748184,0.9994059834812509,73.87031218483959,1.0,0.0,0.9992074146085098,98.56380833618243,1.0,0.0,1.0,0.0,1.0,0.0,1.0,0.0,1.0,0.0,1.0,0.0,1.0,0.0,1.0,0.0,1.0,0.0
27212,27,大阪府,八尾市,14,186.4932361690373,116202.75717722147,5.9769503471913055,0.4518060300009032,0.7718287086800523,26514.133160064914,0.9668421052631575,3853.038790613134,0.7778084496918477,25819.270767288595,0.9668421052631575,3853.038790613134,0.7830133496617014,25214.447039959945,0.9668421052631575,3853.038790613134,0.965711017125531,3984.474350815798,0.9668421052631575,3853.038790613134,0.9689500481674543,3608.0900131616977,0.9694736842105258,3547.242061199393,0.9732275420897882,3111.0334255776856,0.9736842105263156,3057.9672941374074,0.974318324813717,2984.281465575884,0.9747368421052629,2935.6486023719112,0.9769436597980949,2679.2103018773646,0.9778947368421049,2568.6925270754236,0.9831080328790762,1962.8931535982806,0.9834210526315786,1926.519395306568,0.9895795958136255,1210.8796973577469,0.9897368421052627,1192.6072447135896,0.9924474043908869,877.6324336234868,0.9931578947368418,795.0714964757265,0.9979993741292699,232.4782422588766,0.9989473684210524,122.31869176549637,0.9994736842105262,61.159345882748184,0.9994736842105262,61.159345882748184,1.0,0.0,1.0,0.0,1.0,0.0,1.0,0.0,1.0,0.0,1.0,0.0
27213,27,大阪府,泉佐野市,7,212.66772545591968,132511.91607928765,5.680979157621378,0.2164404479018772,0.794182045514767,27273.33151235784,0.9951538461538462,642.1731317688561,0.8002745788326632,26465.998248626536,0.9951538461538462,642.1731317688561,0.8056541704902284,25753.138250358425,0.9951538461538462,642.1731317688561,0.9940227580162195,792.0557881403145,0.9951538461538462,642.1731317688561,0.9946302101107745,711.5611471644643,0.9951538461538462,642.1731317688561,0.9946971777173188,702.6871413060148,0.9951538461538462,642.1731317688561,0.9947353288623004,697.6316599839106,0.9951538461538462,642.1731317688561,0.9942027691098361,768.2021732096715,0.9951538461538462,642.1731317688561,0.9962254417859591,500.1739412953714,0.9965384615384615,458.6950941206115,0.997073522939132,387.79308269772093,0.9972307692307693,366.9560752964892,0.9979048942694296,277.62647474656956,0.9986153846153847,183.4780376482446,0.9990520057082177,125.62054003631093,1.0,0.0,1.0,0.0,1.0,0.0,1.0,0.0,1.0,0.0,1.0,0.0,1.0,0.0,1.0,0.0,1.0,0.0
27214,27,大阪府,富田林市,8,170.13418036473576,106009.53286343011,5.509745162515875,0.2085311857095132,0.7934858559645139,21892.467938893,0.9942307692307691,611.593458827482,0.7995847675892023,21245.925166584442,0.9942307692307691,611.593458827482,0.8049759352207184,20674.410004378977,0.9942307692307691,611.593458827482,0.9930996810931425,731.4995839246485,0.9942307692307691,611.593458827482,0.9937071331876974,667.1038711439686,0.9942307692307691,611.593458827482,0.9949279469480882,537.6859746917125,0.9953846153846153,489.2747670619856,0.9949660980930695,533.6415896340291,0.9953846153846153,489.2747670619856,0.9944335383406052,590.0980002146368,0.9953846153846153,489.2747670619856,0.996225441785959,400.1391530362971,0.9965384615384615,366.9560752964892,0.9975350614006703,261.3069894519782,0.9976923076923075,244.6373835309928,0.9992895096540451,75.31874967865998,1.0,0.0,0.9990520057082175,100.49643202904875,1.0,0.0,1.0,0.0,1.0,0.0,1.0,0.0,1.0,0.0,1.0,0.0,1.0,0.0,1.0,0.0,1.0,0.0
27215,27,大阪府,寝屋川市,10,215.93953661677998,134550.5609420459,5.673316817583225,0.33939498799091045,0.7807844182848931,29495.57948700455,0.9786363636363635,2874.489256489165,0.7867718568579718,28689.966268390766,0.9786363636363635,2874.489256489165,0.7920550109039654,27979.114927959083,0.9786363636363635,2874.489256489165,0.9775052754987371,3026.677799881723,0.9786363636363635,2874.489256489165,0.978112727593292,2944.9447798139367,0.9786363636363635,2874.489256489165,0.9781796951998364,2935.934250788434,0.9786363636363635,2874.489256489165,0.9795814827084542,2747.3229551823606,0.9799999999999999,2691.0112188409203,0.9845767112889072,2075.2121476486473,0.9854545454545455,1957.0990682479423,0.9915051620656794,1142.9852091746084,0.9918181818181817,1100.8682258894678,0.994388208253817,755.0697273388444,0.9945454545454546,733.9121505929784,0.9958804187449541,554.2919687127549,0.9965909090909091,458.6950941206115,0.9983701875263995,219.29218255329954,0.9993181818181818,91.7390188241223,1.0,0.0,1.0,0.0,1.0,0.0,1.0,0.0,1.0,0.0,1.0,0.0,1.0,0.0,1.0,0.0
27216,27,大阪府,河内長野市,9,62.16441205634575,38734.25239240716,5.317891737652413,0.25276800425036966,0.7895446982979775,8151.828773446336,0.9892105263157894,417.922196865446,0.7954818743937894,7921.85669605299,0.9892105263157894,417.922196865446,0.8008306474277848,7714.675971364512,0.9892105263157894,417.922196865446,0.9880794381781628,461.73405026633384,0.9892105263157894,417.922196865446,0.9886868902727177,438.2048475195469,0.9892105263157894,417.922196865446,0.9887538578792621,435.6109073455386,0.9892105263157894,417.922196865446,0.9887920090242435,434.1331512667696,0.9892105263157894,417.922196865446,0.9890489229559899,424.1817821913857,0.99,387.3425239240719,0.9915290855106553,328.11453982476985,0.9918421052631579,315.98995372753234,0.9974743326557309,97.82983637217465,0.9976315789473683,91.7390188241223,0.999289509654045,27.5203123825873,1.0,0.0,0.9990520057082176,36.71985016446011,1.0,0.0,1.0,0.0,1.0,0.0,1.0,0.0,1.0,0.0,1.0,0.0,1.0,0.0,1.0,0.0,1.0,0.0
27217,27,大阪府,松原市,4,78.52346786064727,48927.47670619851,5.6188837574072785,0.16845218046568342,0.7964653266221284,9958.43799059953,0.998125,91.7390188241223,0.8025832865387201,9659.101649291038,0.998125,91.7390188241223,0.8079957284033298,9394.28452603669,0.998125,91.7390188241223,0.9969939118623733,147.0803073305069,0.998125,91.7390188241223,0.9976013639569282,117.35920912403918,0.998125,91.7390188241223,0.9976683315634728,114.08265311476552,0.998125,91.7390188241223,0.9995814827084543,20.476995033250876,1.0,0.0,0.9990489229559897,46.53379991660953,1.0,0.0,0.9996869802474976,15.315266649142139,1.0,0.0,0.9998427537083625,7.6936642712240415,1.0,0.0,0.999289509654045,34.76249985168922,1.0,0.0,0.9990520057082176,46.38296862879173,1.0,0.0,1.0,0.0,1.0,0.0,1.0,0.0,1.0,0.0,1.0,0.0,1.0,0.0,1.0,0.0,1.0,0.0
27218,27,大阪府,大東市,7,117.7852017909709,73391.21505929777,5.675763018100795,0.16822798682687196,0.8845116580029327,8475.829744348486,0.9841666666666666,1162.0275717722157,0.8875122202932834,8255.614831998544,0.9841666666666666,1162.0275717722157,0.8902110903710126,8057.541477706817,0.9841666666666666,1162.0275717722157,0.9836011225978533,1203.533538152004,0.9841666666666666,1162.0275717722157,0.985988181978464,1028.3443497902829,0.98625,1009.1292070653452,0.9860216657817363,1025.8869327833277,0.98625,1009.1292070653452,0.989790741354227,749.2698968679165,0.9899999999999999,733.9121505929784,0.9920244614779948,585.3344628821908,0.9924999999999999,550.4341129447337,0.9935934901237489,470.181544107468,0.99375,458.69509412061143,0.9999213768541814,5.7702482034180305,1.0,0.0,0.9996447548270225,26.071874888766914,1.0,0.0,0.9995260028541089,34.7872264715938,1.0,0.0,1.0,0.0,1.0,0.0,1.0,0.0,1.0,0.0,1.0,0.0,1.0,0.0,1.0,0.0,1.0,0.0
27219,27,大阪府,和泉市,13,186.49323616903726,116202.75717722147,5.580978045324827,0.21985213472373105,0.7904021063736199,24355.853137923346,0.9913157894736842,1009.1292070653453,0.797214182706942,23564.271085889624,0.9921052631578946,917.3901882412229,0.8026021323681465,22938.176479725567,0.9921052631578946,917.3901882412229,0.9901847580781186,1140.558173684079,0.9921052631578946,917.3901882412229,0.9907922101726735,1069.970565443718,0.9921052631578946,917.3901882412229,0.9908591777792178,1062.1887449216931,0.9921052631578946,917.3901882412229,0.9911605447878499,1027.169067596403,0.9931578947368421,795.0714964757265,0.9932595639827541,783.2572497806369,0.9957894736842106,489.2747670619856,0.9973186159369269,311.5842211801498,0.998421052631579,183.4780376482446,0.9982638630820025,201.743896708472,0.9992105263157894,91.7390188241223,0.999289509654045,82.5609371477619,1.0,0.0,0.9990520057082177,110.15955049338035,1.0,0.0,1.0,0.0,1.0,0.0,1.0,0.0,1.0,0.0,1.0,0.0,1.0,0.0,1.0,0.0,1.0,0.0
27220,27,大阪府,箕面市,8,235.57040358194183,146782.43011859554,5.108266479385744,0.032914383440381965,0.9656545954777135,5041.301939187415,0.9993055555555554,101.93224313791366,0.9666751128766271,4891.507915396554,0.9993055555555554,101.93224313791366,0.9675778071913455,4759.008250227969,0.9993055555555554,101.93224313791366,0.9991170408659511,129.60288739110598,0.9993055555555554,101.93224313791366,0.9992182828817103,114.74233828787212,0.9993055555555554,101.93224313791366,0.9992294441494677,113.10406028323527,0.9993055555555554,101.93224313791366,0.9992358026736312,112.17074065453909,0.9993055555555554,101.93224313791366,0.9991470427148872,125.19914309621842,0.9993055555555554,101.93224313791366,0.9992533855968051,109.58987646248472,0.9993055555555554,101.93224313791366,0.999973792284727,3.8468321356120208,1.0,0.0,0.9998815849423408,17.38124992584461,1.0,0.0,0.9998420009513695,23.191484314395865,1.0,0.0,1.0,0.0,1.0,0.0,1.0,0.0,1.0,0.0,1.0,0.0,1.0,0.0,1.0,0.0,1.0,0.0
27221,27,大阪府,柏原市,6,81.79527902150757,50966.12156895678,5.298907059812751,0.17865581149309884,0.7955945830702783,10417.751328593498,0.9968,163.09158902066184,0.801702793133259,10106.439551954903,0.9968,163.09158902066184,0.8071132891178131,9830.687555857756,0.9968,163.09158902066184,0.9956689118623735,220.7387645481458,0.9968,163.09158902066184,0.9962763639569282,189.77928724974194,0.9968,163.09158902066184,0.9963433315634728,186.3662080734152,0.9968,163.09158902066184,0.9963814827084541,184.42179218029818,0.9968,163.09158902066184,0.9972489229559899,140.21172707059054,0.9982000000000001,91.7390188241223,0.9996869802474977,15.953402759523062,1.0,0.0,0.9998427537083626,8.014233615858377,1.0,0.0,0.999289509654045,36.210937345509606,1.0,0.0,0.9990520057082177,48.31559232165805,1.0,0.0,1.0,0.0,1.0,0.0,1.0,0.0,1.0,0.0,1.0,0.0,1.0,0.0,1.0,0.0,1.0,0.0
27222,27,大阪府,羽曳野市,2,32.71811160860303,20386.448627582715,5.552205477942819,0.16206963397562513,0.7980942395329476,4116.141413374586,1.0,0.0,0.8042173439264297,3991.313060215535,1.0,0.0,0.8096335098147392,3880.8966725750474,1.0,0.0,0.9988689118623734,23.058870210993593,1.0,0.0,0.9994763639569284,10.675079291632041,1.0,0.0,0.9995433315634729,9.309847621101344,1.0,0.0,0.9995814827084541,8.532081263854533,1.0,0.0,0.9990489229559898,19.389083298587305,1.0,0.0,0.9996869802474975,6.381361103809225,1.0,0.0,0.9998427537083626,3.205693446343351,1.0,0.0,0.9992895096540451,14.484374938203842,1.0,0.0,0.9990520057082176,19.32623692866322,1.0,0.0,1.0,0.0,1.0,0.0,1.0,0.0,1.0,0.0,1.0,0.0,1.0,0.0,1.0,0.0,1.0,0.0
27223,27,大阪府,門真市,10,225.7549700993609,140666.4955303207,5.943432149184913,0.3203498933107958,0.7827657179858373,30557.585159977636,0.981086956521739,2660.431545899546,0.7887848267477491,29710.89822422366,0.981086956521739,2660.431545899546,0.7941100905122963,28961.81203269019,0.981086956521739,2660.431545899546,0.9799558683841124,2819.5377503554023,0.981086956521739,2660.431545899546,0.9805633204786673,2734.0895930118077,0.981086956521739,2660.431545899546,0.981717244606951,2571.771129778275,0.9821739130434782,2507.5331811926762,0.9817553957519324,2566.4045419132717,0.9821739130434782,2507.5331811926762,0.9844837055646856,2182.622761832308,0.9854347826086957,2048.8380870720644,0.9881652411170626,1664.7540575091107,0.9884782608695653,1620.722665892827,0.9937557971866233,878.3501271382438,0.9939130434782608,856.2308423584745,0.9982025531323059,252.84055178047697,0.9989130434782608,152.8983647068705,0.9990520057082176,133.35103480777622,1.0,0.0,1.0,0.0,1.0,0.0,1.0,0.0,1.0,0.0,1.0,0.0,1.0,0.0,1.0,0.0,1.0,0.0
27224,27,大阪府,摂津市,11,176.67780268645635,110086.82258894664,5.847275478752556,0.2642375809037025,0.786257999142011,23530.177728259914,0.9855555555555555,1590.1429929514532,0.7923136630488766,22863.52893008651,0.9855555555555555,1590.1429929514532,0.7975853705737326,22283.18339905688,0.9855555555555555,1590.1429929514532,0.9844244674179289,1714.6608920908184,0.9855555555555555,1590.1429929514532,0.9850319195124837,1647.7884211262663,0.9855555555555555,1590.1429929514532,0.9850988871190284,1640.4161701054002,0.9855555555555555,1590.1429929514532,0.9901370382640097,1085.7821188315336,0.9905555555555556,1039.7088800067193,0.9909933674004343,991.5115651122182,0.9919444444444444,886.8105152998489,0.9930203135808309,768.3715005535481,0.9933333333333332,733.9121505929784,0.9967871981528071,353.68714696536915,0.9969444444444443,336.3764023551151,0.9984561763207117,169.95464349042302,0.9991666666666668,91.7390188241223,0.9990520057082177,104.3616794147814,1.0,0.0,1.0,0.0,1.0,0.0,1.0,0.0,1.0,0.0,1.0,0.0,1.0,0.0,1.0,0.0,1.0,0.0
27225,27,大阪府,高石市,5,88.33890134322817,55043.41129447333,5.763943568827651,29.600284813210216,0.40069733195317286,32987.66324717672,0.5033333333333333,27338.227609588423,0.40529683463585875,32734.490929263615,0.505,27246.4885907643,0.4079593747140219,32587.93564065326,0.505,27246.4885907643,0.502735162360817,27371.152980453062,0.505,27246.4885907643,0.5031375051372743,27349.006661527153,0.505,27246.4885907643,0.5031616600189105,27347.677094442475,0.505,27246.4885907643,0.5031753263611608,27346.924852345106,0.5066666666666667,27154.749571940178,0.5046675517895831,27264.787674344378,0.5083333333333333,27063.01055311605,0.5098761060668524,26978.091079011065,0.5116666666666667,26879.532515467814,0.5099367842906213,26974.75114258354,0.5116666666666667,26879.532515467814,0.5212355615695318,26352.827897695814,0.5216666666666666,26329.098402523072,0.5394409070412318,25350.743579139053,0.54,25319.969195457732,0.5800000000000001,23118.232743678796,0.5800000000000001,23118.232743678796,0.6616666666666667,18623.02082129681,0.6616666666666667,18623.02082129681,0.7400000000000001,14311.286936563065,0.7400000000000001,14311.286936563065,0.9116666666666666,4862.167997678478,0.9116666666666666,4862.167997678478
27226,27,大阪府,藤井寺市,2,58.89260089548545,36695.607529648885,5.466248638667114,0.16206963397562513,0.7980942395329474,7409.0545440742535,1.0,0.0,0.8042173439264297,7184.363508387963,1.0,0.0,0.8096335098147392,6985.614010635085,1.0,0.0,0.9988689118623734,41.50596637978847,1.0,0.0,0.9994763639569283,19.215142724937675,1.0,0.0,0.9995433315634729,16.75772571798242,1.0,0.0,0.9995814827084541,15.357746274938156,1.0,0.0,0.9990489229559898,34.90034993745715,1.0,0.0,0.9996869802474976,11.486449986856604,1.0,0.0,0.9998427537083626,5.770248203418031,1.0,0.0,0.9992895096540451,26.071874888766917,1.0,0.0,0.9990520057082177,34.7872264715938,1.0,0.0,1.0,0.0,1.0,0.0,1.0,0.0,1.0,0.0,1.0,0.0,1.0,0.0,1.0,0.0,1.0,0.0
27227,27,大阪府,東大阪市,34,667.4494768155017,415883.55200268736,5.866032484964599,0.43046940079908463,0.7822287748476454,90567.47064033822,0.9562990196078432,18174.51895148999,0.7873960860409573,88418.4709069604,0.9562990196078432,18174.51895148999,0.7920492460695552,86483.29818623018,0.9562990196078432,18174.51895148999,0.9556114262999859,18460.477698695016,0.956593137254902,18052.200259724494,0.9639971888401345,14972.976987246866,0.9644607843137255,14780.17525499747,0.9665570193163905,13908.385596256809,0.9669607843137257,13740.466374990754,0.9693843927541201,12732.527488135796,0.9697549019607844,12578.43880321854,0.9747373773917264,10506.309223232238,0.9755882352941179,10152.451416536196,0.9830510017918607,7048.809577688218,0.9833333333333335,6931.392533378128,0.991524836678131,3524.681026101782,0.9916666666666667,3465.6962666890645,0.9960013224330605,1662.9842298523627,0.996642156862745,1396.4717309894172,0.9991449463250592,355.60275948740326,1.0,0.0,1.0,0.0,1.0,0.0,1.0,0.0,1.0,0.0,1.0,0.0,1.0,0.0,1.0,0.0,1.0,0.0
27228,27,大阪府,泉南市,6,157.04693572129455,97854.95341239704,5.5595998849666595,0.2149507638369688,0.7931881780239444,20237.56120459988,0.9939583333333333,591.2070101998992,0.7992910114241144,19640.36872654262,0.9939583333333333,591.2070101998992,0.8046478501334785,19116.175524200047,0.9939583333333333,591.2070101998992,0.9928272451957066,701.8895872126685,0.9939583333333333,591.2070101998992,0.9934346972902618,642.4473907997331,0.9939583333333333,591.2070101998992,0.993501664896806,635.8942787811858,0.9939583333333333,591.2070101998992,0.9935398160417875,632.1610002664011,0.9939583333333333,591.2070101998992,0.9930072562893231,684.2746100331183,0.9939583333333333,591.2070101998992,0.9956244802474975,428.1662815361476,0.9959375000000001,397.53574823786323,0.9977594203750294,219.25181481827542,0.9979166666666666,203.86448627582732,0.999289509654045,69.52499970337844,1.0,0.0,0.9990520057082176,92.76593725758346,1.0,0.0,1.0,0.0,1.0,0.0,1.0,0.0,1.0,0.0,1.0,0.0,1.0,0.0,1.0,0.0,1.0,0.0
27229,27,大阪府,四條畷市,2,49.077167412904544,30579.67294137407,5.588425166436881,0.21642006950080406,0.7906980141997336,6400.3862717522625,0.9909999999999999,275.2170564723669,0.7967428699731826,6215.536559222416,0.9909999999999999,275.2170564723669,0.8021474061608312,6050.267610204297,0.9909999999999999,275.2170564723669,0.9898689118623732,309.8053617888573,0.9909999999999999,275.2170564723669,0.9934763639569283,199.49065658569265,0.9939999999999999,183.4780376482446,0.9935433315634726,197.4428090798966,0.9939999999999999,183.4780376482446,0.993581482708454,196.2761595440264,0.9939999999999999,183.4780376482446,0.9930489229559898,212.56166259612553,0.9939999999999999,183.4780376482446,0.9936869802474976,193.05007930395843,0.9939999999999999,183.4780376482446,0.9998427537083626,4.808540169515026,1.0,0.0,0.999289509654045,21.726562407305764,1.0,0.0,0.9990520057082176,28.98935539299483,1.0,0.0,1.0,0.0,1.0,0.0,1.0,0.0,1.0,0.0,1.0,0.0,1.0,0.0,1.0,0.0,1.0,0.0
27230,27,大阪府,交野市,8,163.59055804301514,101932.24313791357,5.373727197879713,0.16770584524050364,0.7970837830841541,20683.70515929161,0.9987000000000001,132.51191607928777,0.8032059894919397,20059.654927192736,0.9987000000000001,132.51191607928777,0.8086146682143213,19508.336172608077,0.9987000000000001,132.51191607928777,0.9975689118623736,247.80626713425573,0.9987000000000001,132.51191607928777,0.9981763639569284,185.88731253744794,0.9987000000000001,132.51191607928777,0.9982433315634729,179.06115418479447,0.9987000000000001,132.51191607928777,0.9982814827084542,175.17232239856042,0.9987000000000001,132.51191607928777,0.9990489229559899,96.94541649293653,1.0,0.0,0.9996869802474977,31.906805519046124,1.0,0.0,0.9998427537083626,16.028467231716753,1.0,0.0,0.9992895096540452,72.42187469101921,1.0,0.0,0.9990520057082177,96.63118464331609,1.0,0.0,1.0,0.0,1.0,0.0,1.0,0.0,1.0,0.0,1.0,0.0,1.0,0.0,1.0,0.0,1.0,0.0
27231,27,大阪府,大阪狭山市,4,124.32882411269152,77468.50478481431,5.507875838733912,0.1620696339756251,0.7980942395329476,15641.337370823425,1.0,0.0,0.8042173439264297,15166.989628819032,1.0,0.0,0.8096335098147391,14747.40735578518,1.0,0.0,0.9988689118623735,87.62370680177565,1.0,0.0,0.9994763639569283,40.565301308201754,1.0,0.0,0.9995433315634727,35.377420960185106,1.0,0.0,0.9995814827084541,32.42190880264722,1.0,0.0,0.9990489229559897,73.67851653463177,1.0,0.0,0.9996869802474976,24.249172194475054,1.0,0.0,0.9998427537083626,12.181635096104733,1.0,0.0,0.999289509654045,55.0406247651746,1.0,0.0,0.9990520057082175,73.43970032892024,1.0,0.0,1.0,0.0,1.0,0.0,1.0,0.0,1.0,0.0,1.0,0.0,1.0,0.0,1.0,0.0,1.0,0.0
27232,27,大阪府,阪南市,7,127.60063527355183,79507.14964757259,5.908253819152384,0.4408403660987432,0.8250144549210866,13912.601918751221,0.9676923076923075,2568.692527075424,0.8293771492441495,13565.736528340844,0.9676923076923075,2568.692527075424,0.8329780660225795,13279.437899169756,0.9676923076923075,2568.692527075424,0.9668512421540724,2635.5632506873058,0.9676923076923075,2568.692527075424,0.9673029373013056,2599.650257021157,0.9676923076923075,2568.692527075424,0.9673527337266847,2595.691085176618,0.9676923076923075,2568.692527075424,0.9710990512447478,2297.832057640653,0.9714102564102564,2273.0890219754747,0.9757030452749668,1931.7816153035083,0.9764102564102564,1875.5532737376113,0.9836133955686519,1302.852210738759,0.9838461538461537,1284.346263537712,0.991165124552372,702.4357643322087,0.9912820512820513,693.1392533378129,0.9907537379478796,735.1439406586019,0.9912820512820513,693.1392533378129,0.9955771324497004,351.649592193073,0.9962820512820513,295.6035050999496,1.0,0.0,1.0,0.0,1.0,0.0,1.0,0.0,1.0,0.0,1.0,0.0,1.0,0.0,1.0,0.0
27321,27,大阪府,豊能町,1,29.446300447742725,18347.803764824443,5.089371158055149,0.16206963397562513,0.7980942395329474,3704.5272720371267,1.0,0.0,0.8042173439264297,3592.1817541939813,1.0,0.0,0.8096335098147392,3492.8070053175425,1.0,0.0,0.9988689118623734,20.752983189894234,1.0,0.0,0.9994763639569283,9.607571362468837,1.0,0.0,0.9995433315634729,8.37886285899121,1.0,0.0,0.9995814827084541,7.678873137469078,1.0,0.0,0.9990489229559898,17.450174968728575,1.0,0.0,0.9996869802474976,5.743224993428302,1.0,0.0,0.9998427537083626,2.8851241017090157,1.0,0.0,0.9992895096540451,13.035937444383459,1.0,0.0,0.9990520057082177,17.3936132357969,1.0,0.0,1.0,0.0,1.0,0.0,1.0,0.0,1.0,0.0,1.0,0.0,1.0,0.0,1.0,0.0,1.0,0.0
27322,27,大阪府,能勢町,2,13.08724464344121,8154.579451033084,4.708818390211193,0.16206963397562515,0.7980942395329477,1646.456565349834,1.0,0.0,0.8042173439264297,1596.5252240862137,1.0,0.0,0.8096335098147392,1552.3586690300187,1.0,0.0,0.9988689118623734,9.223548084397436,1.0,0.0,0.9994763639569284,4.270031716652816,1.0,0.0,0.9995433315634727,3.7239390484405375,1.0,0.0,0.9995814827084543,3.4128325055418123,1.0,0.0,0.9990489229559898,7.75563331943492,1.0,0.0,0.9996869802474976,2.5525444415236898,1.0,0.0,0.9998427537083626,1.28227737853734,1.0,0.0,0.9992895096540452,5.793749975281536,1.0,0.0,0.9990520057082176,7.730494771465287,1.0,0.0,1.0,0.0,1.0,0.0,1.0,0.0,1.0,0.0,1.0,0.0,1.0,0.0,1.0,0.0,1.0,0.0
27341,27,大阪府,忠岡町,2,29.446300447742725,18347.803764824443,5.766881220496069,54.807269273884586,0.07461678326129913,16978.749667983688,0.095,16604.76240716612,0.07511746019124985,16969.56334592338,0.095,16604.76240716612,0.07566470175981521,16959.522665011387,0.095,16604.76240716612,0.095,16604.76240716612,0.095,16604.76240716612,0.095,16604.76240716612,0.095,16604.76240716612,0.095,16604.76240716612,0.095,16604.76240716612,0.095,16604.76240716612,0.095,16604.76240716612,0.1,16513.023388342,0.1,16513.023388342,0.1,16513.023388342,0.1,16513.023388342,0.1,16513.023388342,0.1,16513.023388342,0.105,16421.284369517878,0.105,16421.284369517878,0.14,15779.11123774902,0.14,15779.11123774902,0.21,14494.76497421131,0.21,14494.76497421131,0.39,11192.16029654291,0.39,11192.16029654291,0.555,8164.772675346876,0.555,8164.772675346876,0.765,4311.733884733744,0.765,4311.733884733744
27361,27,大阪府,熊取町,8,134.14425759527242,83584.43937308913,5.323892040616226,0.21436993920039854,0.7925644308837448,17338.385750619866,0.9930487804878049,581.0137858861078,0.7986757361307378,16827.575727712156,0.9930487804878049,581.0137858861078,0.803915086076027,16389.647599855718,0.9930487804878049,581.0137858861078,0.9919176923501782,675.5551537511816,0.9930487804878049,581.0137858861078,0.9925251444447333,624.7816109817993,0.9930487804878049,581.0137858861078,0.9949091852220093,425.51289917058745,0.9953658536585365,387.3425239240719,0.9949473363669907,422.32405710587545,0.9953658536585365,387.3425239240719,0.9944147766145264,466.83776544827987,0.9953658536585365,387.3425239240719,0.995052833906034,413.50610444968976,0.9953658536585365,387.3425239240719,0.9975256805376309,206.81460509204368,0.9976829268292682,193.67126196203594,0.9992895096540451,59.38593724663575,1.0,0.0,0.9990520057082176,79.2375714075192,1.0,0.0,1.0,0.0,1.0,0.0,1.0,0.0,1.0,0.0,1.0,0.0,1.0,0.0,1.0,0.0,1.0,0.0
27362,27,大阪府,田尻町,1,29.446300447742725,18347.803764824443,5.650677770070846,0.3016520905960356,0.7821295263338834,3997.444696975258,0.985,275.2170564723669,0.7880693571735173,3888.4618463334027,0.985,275.2170564723669,0.7933806618023663,3791.011071268078,0.985,275.2170564723669,0.9788729071710258,387.63575334724794,0.985,275.2170564723669,0.9794803592655807,376.49034151982255,0.985,275.2170564723669,0.9795473268721252,375.2616330163429,0.985,275.2170564723669,0.9845854780171066,282.82262447070053,0.99,183.4780376482446,0.9890529182646424,200.85490747783567,0.995,91.7390188241223,0.98969097555615,189.14795750253745,0.995,91.7390188241223,0.9948467490170151,94.55083778669587,1.0,0.0,0.9992895096540451,13.035937444383459,1.0,0.0,0.9990520057082177,17.3936132357969,1.0,0.0,1.0,0.0,1.0,0.0,1.0,0.0,1.0,0.0,1.0,0.0,1.0,0.0,1.0,0.0,1.0,0.0
27366,27,大阪府,岬町,6,140.687879916993,87661.72909860569,5.6420006940190595,0.3129617629200221,0.7795142392155736,19328.16303198436,0.9774418604651163,1977.485516875525,0.7854938054500625,18803.98391660943,0.9774418604651163,1977.485516875525,0.7907788950412772,18340.6838246025,0.9774418604651163,1977.485516875525,0.9763850834896399,2070.1244138173856,0.9774418604651163,1977.485516875525,0.9769913809451946,2016.9753305153645,0.9774418604651163,1977.485516875525,0.9770448101745097,2012.291631889214,0.9774418604651163,1977.485516875525,0.9810338014988013,1662.6097550424697,0.9813953488372092,1630.9158902066185,0.9818979013312694,1586.8612696144864,0.9827906976744185,1508.597198441122,0.9929427942009861,618.6468629462788,0.9932558139534885,591.2070101998993,0.9958892653362698,360.3541084881828,0.996046511627907,346.56962666890644,0.9992895096540452,62.28281223427652,1.0,0.0,0.9990520057082178,83.10281879325186,1.0,0.0,1.0,0.0,1.0,0.0,1.0,0.0,1.0,0.0,1.0,0.0,1.0,0.0,1.0,0.0,1.0,0.0
27381,27,大阪府,太子町,4,0.0,0.0,5.469727445605418,0.0,1.0,0.0,0.99875,0.0,1.0,0.0,0.99875,0.0,1.0,0.0,0.99875,0.0,1.0,0.0,0.99875,0.0,1.0,0.0,1.0,0.0,1.0,0.0,1.0,0.0,1.0,0.0,1.0,0.0,1.0,0.0,1.0,0.0,1.0,0.0,1.0,0.0,1.0,0.0,1.0,0.0,1.0,0.0,1.0,0.0,1.0,0.0,1.0,0.0,1.0,0.0,1.0,0.0,1.0,0.0,1.0,0.0,1.0,0.0,1.0,0.0,1.0,0.0,1.0,0.0
28101,28,兵庫県,神戸市東灘区,5,29.475931048056182,18366.26640467117,5.009986788718265,0.04250000000000004,0.995,91.83133202335593,0.995,91.83133202335593,0.995,91.83133202335593,0.995,91.83133202335593,0.995,91.83133202335593,0.995,91.83133202335593,0.995,91.83133202335593,0.995,91.83133202335593,0.995,91.83133202335593,0.995,91.83133202335593,0.995,91.83133202335593,0.995,91.83133202335593,0.995,91.83133202335593,0.995,91.83133202335593,0.995,91.83133202335593,0.995,91.83133202335593,0.995,91.83133202335593,0.995,91.83133202335593,1.0,0.0,1.0,0.0,1.0,0.0,1.0,0.0,1.0,0.0,1.0,0.0,1.0,0.0,1.0,0.0,1.0,0.0,1.0,0.0,1.0,0.0,1.0,0.0,1.0,0.0,1.0,0.0
28102,28,兵庫県,神戸市灘区,10,70.74223451533484,44079.039371210805,4.9184091438539745,0.16206963397562513,0.7980942395329476,8899.811964901462,1.0,0.0,0.8042173439264296,8629.911405267128,1.0,0.0,0.809633509814739,8391.172015835324,1.0,0.0,0.9988689118623733,49.85727855075394,1.0,0.0,0.9994763639569283,23.081373758742803,1.0,0.0,0.9995433315634726,20.129505993274034,1.0,0.0,0.9995814827084541,18.44784017158204,1.0,0.0,0.9990489229559896,41.9225624679807,1.0,0.0,0.9996869802474975,13.797609994520798,1.0,0.0,0.9998427537083626,6.9312654800610005,1.0,0.0,0.999289509654045,31.317731932212965,1.0,0.0,0.9990520057082174,41.78667771115879,1.0,0.0,1.0,0.0,1.0,0.0,1.0,0.0,1.0,0.0,1.0,0.0,1.0,0.0,1.0,0.0,1.0,0.0
28105,28,兵庫県,神戸市兵庫区,5,29.475931048056182,18366.26640467117,5.099054506497358,50.205,0.21,14509.350459690224,0.21,14509.350459690224,0.21,14509.350459690224,0.21,14509.350459690224,0.21,14509.350459690224,0.21,14509.350459690224,0.21,14509.350459690224,0.21,14509.350459690224,0.21,14509.350459690224,0.21,14509.350459690224,0.21,14509.350459690224,0.21,14509.350459690224,0.21,14509.350459690224,0.21,14509.350459690224,0.21,14509.350459690224,0.21,14509.350459690224,0.21,14509.350459690224,0.21,14509.350459690224,0.21,14509.350459690224,0.21,14509.350459690224,0.215,14417.519127666868,0.215,14417.519127666868,0.215,14417.519127666868,0.215,14417.519127666868,0.28,13223.71181136324,0.28,13223.71181136324,0.415,10744.265846732633,0.415,10744.265846732633,0.595,7438.337893891824,0.595,7438.337893891824,0.76,4407.90393712108,0.76,4407.90393712108
28106,28,兵庫県,神戸市長田区,2,26.528337943250566,16529.639764204054,5.0239419036730055,0.1907335157319904,0.7943350306153297,3399.567856044655,0.995,82.64819882102034,0.8004550623893737,3298.405935474224,0.995,82.64819882102034,0.8058432585000993,3209.3409947850478,0.995,82.64819882102034,0.9944261571764946,92.13361397483777,0.995,82.64819882102034,0.9944763639569283,91.30371398054889,0.995,82.64819882102034,0.9945433315634727,90.1967635684981,0.995,82.64819882102034,0.9945814827084541,89.56613888536361,0.995,82.64819882102034,0.9940489229559898,98.3691597465131,0.995,82.64819882102034,0.9996869802474976,5.1741037479453,1.0,0.0,0.9998427537083626,2.599224555022875,1.0,0.0,0.9992895096540452,11.744149474579862,1.0,0.0,0.9990520057082176,15.670004141684547,1.0,0.0,1.0,0.0,1.0,0.0,1.0,0.0,1.0,0.0,1.0,0.0,1.0,0.0,1.0,0.0,1.0,0.0
28107,28,兵庫県,神戸市須磨区,6,53.05667588650113,33059.27952840811,5.295255233259297,0.1877330353554135,0.7925009157706517,6859.770227426721,0.995,165.2963976420407,0.7986185791541358,6657.52468357142,0.995,165.2963976420407,0.8040056307066697,6479.432640462252,0.995,165.2963976420407,0.9919301251278376,266.78424915809444,0.995,165.2963976420407,0.9944763639569283,182.60742796109778,0.995,165.2963976420407,0.9945433315634727,180.3935271369962,0.995,165.2963976420407,0.9970814827084542,96.48407894970688,0.9975,82.64819882102034,0.9965489229559897,114.09012067200587,0.9975,82.64819882102034,0.9996869802474976,10.3482074958906,1.0,0.0,0.9998427537083626,5.19844911004575,1.0,0.0,0.9992895096540452,23.488298949159724,1.0,0.0,0.9990520057082176,31.340008283369094,1.0,0.0,1.0,0.0,1.0,0.0,1.0,0.0,1.0,0.0,1.0,0.0,1.0,0.0,1.0,0.0,1.0,0.0
28108,28,兵庫県,神戸市垂水区,1,29.475931048056182,18366.26640467117,5.330394089305007,0.1875000000000002,0.995,91.83133202335593,0.995,91.83133202335593,0.995,91.83133202335593,0.995,91.83133202335593,0.995,91.83133202335593,0.995,91.83133202335593,0.995,91.83133202335593,0.995,91.83133202335593,0.995,91.83133202335593,0.995,91.83133202335593,0.995,91.83133202335593,0.995,91.83133202335593,0.995,91.83133202335593,0.995,91.83133202335593,0.995,91.83133202335593,0.995,91.83133202335593,0.995,91.83133202335593,0.995,91.83133202335593,0.995,91.83133202335593,0.995,91.83133202335593,0.995,91.83133202335593,0.995,91.83133202335593,0.995,91.83133202335593,0.995,91.83133202335593,0.995,91.83133202335593,0.995,91.83133202335593,1.0,0.0,1.0,0.0,1.0,0.0,1.0,0.0,1.0,0.0,1.0,0.0
28109,28,兵庫県,神戸市北区,18,135.58928282105845,84484.82546148739,5.119488074938005,0.16774620751971792,0.7973713166234286,17119.048948560623,0.9990217391304348,82.64819882102033,0.8034927526829034,16601.88049150223,0.9990217391304348,82.64819882102033,0.8089057471505973,16144.564598675115,0.9990217391304348,82.64819882102033,0.9978956112524737,177.78891603787199,0.9990217391304348,82.64819882102033,0.998498103087363,126.88749852527737,0.9990217391304348,82.64819882102033,0.9985650706939074,121.22975197479558,0.9990217391304348,82.64819882102033,0.9986032218388889,118.00655914988593,0.9990217391304348,82.64819882102033,0.9980706620864245,162.99977688465,0.9990217391304348,82.64819882102033,0.9996869802474977,26.445419156164863,1.0,0.0,0.9998427537083626,13.28492550345025,1.0,0.0,0.9992895096540451,60.02565287007484,1.0,0.0,0.9990520057082175,80.09113227972101,1.0,0.0,1.0,0.0,1.0,0.0,1.0,0.0,1.0,0.0,1.0,0.0,1.0,0.0,1.0,0.0,1.0,0.0
28110,28,兵庫県,神戸市中央区,10,53.05667588650113,33059.27952840811,4.865925659707864,0.1728893198631705,0.7961774554848671,6738.226473317182,0.9975,82.64819882102034,0.8022915016114712,6536.100513368198,0.9975,82.64819882102034,0.8077038370072842,6357.17260461652,0.9975,82.64819882102034,0.9963689118623733,120.0411577340858,0.9975,82.64819882102034,0.9969763639569282,99.95922914007744,0.9975,82.64819882102034,0.9970433315634727,97.74532831597587,0.9975,82.64819882102034,0.9970814827084542,96.48407894970688,0.9975,82.64819882102034,0.9990489229559898,31.441921850985526,1.0,0.0,0.9996869802474976,10.3482074958906,1.0,0.0,0.9998427537083626,5.19844911004575,1.0,0.0,0.9992895096540452,23.488298949159724,1.0,0.0,0.9990520057082176,31.340008283369094,1.0,0.0,1.0,0.0,1.0,0.0,1.0,0.0,1.0,0.0,1.0,0.0,1.0,0.0,1.0,0.0,1.0,0.0
28111,28,兵庫県,神戸市西区,13,150.32724834508653,93667.95866382297,5.386833461938388,0.1222055914311433,0.8738371723890305,11817.414521575318,0.9959803921568627,376.5084612957593,0.877544715971339,11470.136482563319,0.9959803921568627,376.5084612957593,0.8808264330906027,11162.74473908977,0.9959803921568627,376.5084612957593,0.9952928679947759,440.9074460904832,0.9959803921568627,376.5084612957593,0.9956621035816623,406.3219024008021,0.9959803921568627,376.5084612957593,0.9957028093817187,402.50907320373824,0.9959803921568627,376.5084612957593,0.9957259992933741,400.33692151738614,0.9959803921568627,376.5084612957593,0.9954022865026606,430.658437816901,0.9959803921568627,376.5084612957593,0.9998097330916162,17.821912909589365,1.0,0.0,0.9999044189207695,8.952884578412124,1.0,0.0,0.9995681333191255,40.45207041244174,1.0,0.0,0.9994237681755832,53.97445871024678,1.0,0.0,1.0,0.0,1.0,0.0,1.0,0.0,1.0,0.0,1.0,0.0,1.0,0.0,1.0,0.0,1.0,0.0
28201,28,兵庫県,姫路市,76,922.5966418041584,574864.1384662077,5.4082618273029155,0.31057013104827463,0.7950236323228281,117833.56301067019,0.9879233226837062,6942.44870096571,0.8008920330494738,114460.02988277239,0.9879233226837062,6942.44870096571,0.8060958526738157,111468.54059769165,0.9879233226837062,6942.44870096571,0.9870078946397709,7468.695454770341,0.9880670926517573,6859.800502144689,0.9875620770949528,7150.115835119215,0.9880670926517573,6859.800502144689,0.9881699119532071,6800.693372999032,0.9886102236421727,6547.573973265278,0.9891011619653567,6265.351137068086,0.9895047923322685,6033.318513934485,0.9897996742609211,5863.801468070346,0.9907188498402557,5335.40039055698,0.9938509271453365,3534.8814689621345,0.994153354632588,3361.0267520548273,0.9967167871362107,1887.4013343435463,0.9968690095846646,1799.8941076577762,0.997954381550082,1175.952687842712,0.9986421725239618,780.5663221985254,0.9980759032894249,1106.0941978505223,0.9989936102236422,578.5373917471424,0.9989936102236422,578.5373917471424,0.9989936102236422,578.5373917471424,0.9989936102236422,578.5373917471424,0.9989936102236422,578.5373917471424,0.9994249201277955,330.5927952840814,0.9994249201277955,330.5927952840814,0.9994249201277955,330.5927952840814,0.9994249201277955,330.5927952840814
28202,28,兵庫県,尼崎市,43,869.5399659176574,541804.8589377995,5.73052067442157,9.054743722567368,0.6898210694567632,168056.45170845592,0.8555932203389831,78240.29488389917,0.6948416468470785,165336.27848370993,0.8555932203389831,78240.29488389917,0.6992804926189327,162931.29027644382,0.8555932203389831,78240.29488389917,0.8546635546350885,78743.99227945716,0.8555932203389831,78240.29488389917,0.8551706110430976,78469.26665384218,0.8555932203389831,78240.29488389917,0.857463677458844,77226.87212792377,0.8578305084745763,77028.1213011909,0.8583072911551441,76769.79812820171,0.8586440677966102,76587.33090747878,0.8581623586537477,76848.32326167659,0.8589661016949153,76412.85137663441,0.8621787356906018,74672.23066778267,0.8624406779661017,74530.3090701556,0.8651050502950864,73086.73919629234,0.8652372881355932,73015.09209177022,0.8654548750691495,72897.20243392812,0.8660338983050848,72583.48483126046,0.8701223457576865,70368.34413592899,0.8708983050847457,69947.92560219015,0.8775593220338983,66338.95425367226,0.8775593220338983,66338.95425367226,0.8945762711864407,57119.08851852734,0.8945762711864407,57119.08851852734,0.920271186440678,43197.45858378659,0.920271186440678,43197.45858378659,0.9576101694915254,22967.0161390413,0.9576101694915254,22967.0161390413
28203,28,兵庫県,明石市,17,285.916531166145,178152.78412531034,5.505643645049603,0.1572935861998152,0.8750436108136914,22261.328627786694,0.992319587628866,1368.2868471480035,0.8786227246565919,21623.699531972572,0.992319587628866,1368.2868471480035,0.8817910237625701,21059.258225300768,0.992319587628866,1368.2868471480035,0.9917583339361801,1468.2757551006134,0.992319587628866,1368.2868471480035,0.9920118839746896,1423.1051098250175,0.992319587628866,1368.2868471480035,0.9920512360733809,1416.0944238820293,0.992319587628866,1368.2868471480035,0.9930014898389884,1246.8040699134701,0.9932474226804123,1202.9904495059627,0.9945442124586745,971.9637400833337,0.9951030927835051,872.3976542218813,0.9977542048877047,400.0946518304106,0.9979381443298968,367.3253280934237,0.9978457418698625,383.7870836085686,0.9979381443298968,367.3253280934237,0.9985515675286656,258.0422773857176,0.9989690721649485,183.66266404671185,0.9989274672718391,191.07469158735807,0.9994845360824742,91.83133202335593,1.0,0.0,1.0,0.0,1.0,0.0,1.0,0.0,1.0,0.0,1.0,0.0,1.0,0.0,1.0,0.0
28204,28,兵庫県,西宮市,19,415.61062777759213,258964.35630586348,5.403185408104627,7.09795230800854,0.730953332340041,69673.49710679887,0.8802127659574468,31020.623957489606,0.7354916002057124,68498.2474902217,0.8802127659574468,31020.623957489606,0.7395003616915526,67460.12115245732,0.8802127659574468,31020.623957489606,0.880675514063514,30900.788692070186,0.8815602836879431,30671.66489580085,0.8814026441641732,30712.487913602294,0.88177304964539,30616.56609658684,0.8816554597125831,30647.01769784424,0.881985815602837,30561.46729737283,0.881683058413208,30639.87061810205,0.881985815602837,30561.46729737283,0.881225425298755,30758.381283010607,0.881985815602837,30561.46729737283,0.882433134647126,30445.627609005165,0.8826595744680852,30386.987766528455,0.8847089423989573,29856.27451947624,0.8848226950354611,29826.816641185982,0.8869682977639192,29271.182011722718,0.887482269503546,29138.081651010812,0.8894915218598454,28617.756907905732,0.890177304964539,28440.163527633304,0.8979432624113476,26429.057356321813,0.8979432624113476,26429.057356321813,0.9242198581560284,19624.355653391147,0.9242198581560284,19624.355653391147,0.9440780141843972,14481.801060083219,0.9440780141843972,14481.801060083219,0.9696808510638297,7851.578887996924,0.9696808510638297,7851.578887996924
28205,28,兵庫県,洲本市,2,26.528337943250566,16529.639764204054,5.914220038825684,2.026535671225865,0.6266865779552608,6170.736385541811,0.9800000000000001,330.5927952840814,0.6311902356427163,6096.292546346885,0.9800000000000001,330.5927952840814,0.634757302487269,6037.3302163915905,0.9800000000000001,330.5927952840814,0.8065354836406187,3197.8987625765353,0.9800000000000001,330.5927952840814,0.8053324354806682,3217.7847152795043,0.9800000000000001,330.5927952840814,0.811778225795133,3111.238123385806,0.9800000000000001,330.5927952840814,0.8316561669565271,2782.662916733918,0.985,247.94459646306103,0.8628706950542981,2266.6980118681354,0.99,165.2963976420407,0.898279120674706,1681.4094917451807,0.99,165.2963976420407,0.9383232706872512,1019.4941173740607,0.99,165.2963976420407,0.9673834239284044,539.1402528052354,0.995,82.64819882102034,0.9956677602231503,71.61036288348149,1.0,0.0,0.9949108374118805,84.12202428308025,1.0,0.0,1.0,0.0,1.0,0.0,1.0,0.0,1.0,0.0,0.9931074842810632,113.93080190314085,1.0,0.0
28206,28,兵庫県,芦屋市,3,82.53260693455732,51425.54593307928,5.218673166553759,0.10418762184147329,0.870203439699752,6674.858973676098,1.0,0.0,0.8741397210955619,6472.433553950346,1.0,0.0,0.8776215420237609,6293.379011876494,1.0,0.0,0.9992728719115256,37.392958913065456,1.0,0.0,0.9996633768294538,17.311030319057103,1.0,0.0,0.9997064274336609,15.097129494955526,1.0,0.0,0.9997309531697204,13.835880128686531,1.0,0.0,0.9993885933288503,31.441921850985526,1.0,0.0,0.9997987730162485,10.3482074958906,1.0,0.0,0.9998989130982331,5.19844911004575,1.0,0.0,0.9995432562061717,23.488298949159724,1.0,0.0,0.9993905750981399,31.340008283369094,1.0,0.0,1.0,0.0,1.0,0.0,1.0,0.0,1.0,0.0,1.0,0.0,1.0,0.0,1.0,0.0,1.0,0.0
28207,28,兵庫県,伊丹市,17,229.91226217483822,143256.8779564351,5.435183892946138,0.19548828727541834,0.7939187117264822,29522.561963304273,0.9945512820512821,780.5663221985255,0.7999284205146325,28661.629844886498,0.9945512820512821,780.5663221985255,0.8053237814475328,27888.707282191077,0.9945512820512821,780.5663221985255,0.9934201939136554,942.6024774884758,0.9945512820512821,780.5663221985255,0.9940276460082104,855.5807869144395,0.9945512820512821,780.5663221985255,0.9940946136147549,845.9872166766661,0.9945512820512821,780.5663221985255,0.995927636554608,583.3940730907705,0.9963461538461538,523.4385925331288,0.9953950768021436,659.6869205540621,0.9963461538461538,523.4385925331288,0.9972510828116002,393.80129417094514,0.9975641025641026,348.9590616887525,0.9998427537083626,22.526612810198248,1.0,0.0,0.9992895096540452,101.78262877969212,1.0,0.0,0.9990520057082176,135.80670256126606,1.0,0.0,1.0,0.0,1.0,0.0,1.0,0.0,1.0,0.0,1.0,0.0,1.0,0.0,1.0,0.0,1.0,0.0
28208,28,兵庫県,相生市,15,85.48020003936294,53262.17257354639,4.828490255960631,0.1620696339756251,0.7980942395329474,10753.93945758927,1.0,0.0,0.8042173439264295,10427.80961469778,1.0,0.0,0.809633509814739,10139.332852467684,1.0,0.0,0.9988689118623733,60.244211582161,1.0,0.0,0.9994763639569281,27.88999329181422,1.0,0.0,0.9995433315634726,24.323153075206125,1.0,0.0,0.999581482708454,22.2911402073283,1.0,0.0,0.9990489229559896,50.65642964881001,1.0,0.0,0.9996869802474976,16.672112076712633,1.0,0.0,0.9998427537083625,8.375279121740375,1.0,0.0,0.9992895096540448,37.84225941809066,1.0,0.0,0.9990520057082174,50.492235567650205,1.0,0.0,1.0,0.0,1.0,0.0,1.0,0.0,1.0,0.0,1.0,0.0,1.0,0.0,1.0,0.0,1.0,0.0
28209,28,兵庫県,豊岡市,26,277.0737518517281,172642.904203909,4.7401909094928545,0.17917906787087953,0.8175762649229232,31494.16341943104,0.9974999999999999,431.60726050977286,0.8230396647244059,30550.946210876034,0.9974999999999999,431.60726050977286,0.8278389485655947,29722.383910434288,0.9974999999999999,431.60726050977286,0.996489240387653,606.1077354374116,0.9974999999999999,431.60726050977286,0.9970320699189572,512.3920686653727,0.9974999999999999,431.60726050977286,0.9970919133120396,502.060531486232,0.9974999999999999,431.60726050977286,0.9971260058245762,496.1747011103101,0.9974999999999999,431.60726050977286,0.9966501013649273,578.3362291477054,0.9974999999999999,431.60726050977286,0.9987096419232957,222.77116582519906,0.9989893617021276,174.47953084437626,0.998848843739388,198.73896002458977,0.9989893617021276,174.47953084437626,0.9983544554355297,284.09159260712164,0.9989893617021276,174.47953084437626,0.9981422178669179,320.73290283343204,0.9989893617021276,174.47953084437626,1.0,0.0,1.0,0.0,1.0,0.0,1.0,0.0,1.0,0.0,1.0,0.0,1.0,0.0,1.0,0.0
28210,28,兵庫県,加古川市,24,318.34005531900675,198355.67717044865,5.557095231817733,0.33455070616321403,0.7798880200920072,43660.46082797813,0.9810185185185186,3765.0846129575934,0.7859014272831998,42467.66737246746,0.9810185185185186,3765.0846129575934,0.7912418755092896,41408.359148187694,0.9810185185185186,3765.0846129575934,0.9757294897453689,4814.193496829701,0.9810185185185186,3765.0846129575934,0.9763365833179855,4693.773040127509,0.9810185185185186,3765.0846129575934,0.977282722467629,4506.100968402453,0.9818981481481482,3590.605082113217,0.9800517788012144,3956.842924231039,0.9842129629629629,3131.448421996437,0.9818328946296526,3603.5484879621727,0.9861111111111112,2754.939960700678,0.9913077201819694,1724.1630494604995,0.9924537037037038,1496.8507119807018,0.994056086235427,1179.0090398146408,0.9950462962962964,982.5952526499084,0.9975769162551836,480.6324170437888,0.9991203703703705,174.47953084437626,0.9990520057082176,188.04004970021455,1.0,0.0,1.0,0.0,1.0,0.0,1.0,0.0,1.0,0.0,1.0,0.0,1.0,0.0,1.0,0.0,1.0,0.0
28212,28,兵庫県,赤穂市,19,168.01280697392025,104687.71850662568,5.375750932700923,0.4762881495336709,0.7936631609455339,21600.932924480872,0.9491228070175436,5326.217257354639,0.7983711192725846,21108.06750839765,0.9491228070175436,5326.217257354639,0.8026564774578926,20659.443136994065,0.9491228070175436,5326.217257354639,0.9492684393088546,5310.971345036428,0.9509649122807017,5133.371460105591,0.9497675787735925,5258.717573256381,0.9509649122807017,5133.371460105591,0.9517321959150986,5053.0462869730945,0.9528947368421051,4931.342529654208,0.9667596583578146,3479.8555289011583,0.9678947368421054,3361.026752054827,0.9673751393391897,3415.4222291767846,0.9689473684210527,3250.8291536268,0.981848412188783,1900.2483152289797,0.9829824561403508,1781.5278412531047,0.9928540499547595,748.0932067985491,0.993859649122807,642.8193241634915,0.9944154101204976,584.6379732802948,0.9958771929824561,431.6072605097728,0.9992183204962495,81.8322438510193,1.0,0.0,1.0,0.0,1.0,0.0,1.0,0.0,1.0,0.0,1.0,0.0,1.0,0.0,1.0,0.0,1.0,0.0
28213,28,兵庫県,西脇市,6,53.05667588650113,33059.27952840811,4.797673346008768,0.16206963397562513,0.7980942395329476,6674.858973676098,1.0,0.0,0.8042173439264297,6472.433553950346,1.0,0.0,0.8096335098147391,6293.379011876494,1.0,0.0,0.9988689118623733,37.392958913065456,1.0,0.0,0.9994763639569283,17.311030319057103,1.0,0.0,0.9995433315634727,15.097129494955526,1.0,0.0,0.9995814827084541,13.835880128686531,1.0,0.0,0.9990489229559898,31.441921850985526,1.0,0.0,0.9996869802474976,10.3482074958906,1.0,0.0,0.9998427537083626,5.19844911004575,1.0,0.0,0.9992895096540452,23.488298949159724,1.0,0.0,0.9990520057082176,31.340008283369094,1.0,0.0,1.0,0.0,1.0,0.0,1.0,0.0,1.0,0.0,1.0,0.0,1.0,0.0,1.0,0.0,1.0,0.0
28214,28,兵庫県,宝塚市,12,197.48873802197642,123053.98491129684,5.089649177333167,0.16960744082594104,0.797304643316945,24942.471362866574,0.9991044776119403,110.19759842802712,0.8034212228700297,24189.80187483256,0.9991044776119403,110.19759842802712,0.8088341003433982,23523.72573189797,0.9991044776119403,110.19759842802712,0.9979733894743137,249.38250104888184,0.9991044776119403,110.19759842802712,0.9985808415688686,174.6331001711841,0.9991044776119403,110.19759842802712,0.9986478091754131,166.39246932591715,0.9991044776119403,110.19759842802712,0.9986859603203945,161.69781890702697,0.9991044776119403,110.19759842802712,0.9981534005679302,227.23141865113988,0.9991044776119403,110.19759842802712,0.998791457859438,148.71592632939772,0.9991044776119403,110.19759842802712,0.9998427537083626,19.349782798503625,1.0,0.0,0.9992895096540451,87.42866831076118,1.0,0.0,0.9990520057082176,116.65447527698495,1.0,0.0,1.0,0.0,1.0,0.0,1.0,0.0,1.0,0.0,1.0,0.0,1.0,0.0,1.0,0.0,1.0,0.0
28215,28,兵庫県,三木市,9,56.004268991306745,34895.906168875226,5.249839511136058,0.1620696339756251,0.7980942395329477,7045.684472213658,1.0,0.0,0.8042173439264299,6832.013195836476,1.0,0.0,0.8096335098147394,6643.011179202966,1.0,0.0,0.9988689118623734,39.470345519346864,1.0,0.0,0.9994763639569283,18.272754225671385,1.0,0.0,0.9995433315634729,15.935858911341942,1.0,0.0,0.9995814827084543,14.604540135835784,1.0,0.0,0.9990489229559899,33.18869528715139,1.0,0.0,0.9996869802474977,10.923107912328966,1.0,0.0,0.9998427537083627,5.487251838381625,1.0,0.0,0.9992895096540452,24.79320444633526,1.0,0.0,0.9990520057082177,33.08111985466738,1.0,0.0,1.0,0.0,1.0,0.0,1.0,0.0,1.0,0.0,1.0,0.0,1.0,0.0,1.0,0.0,1.0,0.0
28216,28,兵庫県,高砂市,18,176.85558628833707,110197.59842802703,5.746340354059097,0.38788196902411703,0.7744934848646325,24850.27639779105,0.9695833333333336,3351.8436188524865,0.7804113483130932,24198.14205794566,0.9695833333333336,3351.8436188524865,0.7842892272720735,23770.809109671456,0.9680000000000002,3526.3231496968633,0.9685498818059763,3465.727495259015,0.9695833333333336,3351.8436188524865,0.9691558168331784,3398.954910457936,0.9695833333333336,3351.8436188524865,0.9710383298496407,3191.506497034289,0.9714166666666669,3149.814688401104,0.9729063348968825,2985.6568269768027,0.9732500000000002,2947.7857579497254,0.9793822562893234,2272.0258419211473,0.9803333333333334,2167.2194357512,0.9868536469141644,1448.6965381459834,0.9871666666666669,1414.2025131596813,0.9961760870416964,421.3860246029186,0.9963333333333335,404.0578609027661,0.997456176320712,280.32326028191545,0.9981666666666669,202.02893045138305,0.9972186723748845,306.49562472928005,0.9981666666666669,202.02893045138305,1.0,0.0,1.0,0.0,1.0,0.0,1.0,0.0,1.0,0.0,1.0,0.0,1.0,0.0,1.0,0.0
28217,28,兵庫県,川西市,5,79.5850138297517,49588.919292612154,5.146096129393388,0.1993178838905362,0.7943813864721191,10196.40483129289,0.9955555555555553,220.3951968560542,0.8004860498838954,9893.681170057756,0.9955555555555553,220.3951968560542,0.8058818422754606,9626.109656632745,0.9955555555555553,220.3951968560542,0.9944244674179288,276.4846352256524,0.9955555555555553,220.3951968560542,0.9950319195124837,246.36174233463993,0.9955555555555553,220.3951968560542,0.9950988871190283,243.04089109848752,0.9955555555555553,220.3951968560542,0.9951370382640096,241.14901704908405,0.9955555555555553,220.3951968560542,0.9946044785115453,267.5580796325325,0.9955555555555553,220.3951968560542,0.9952425358030529,235.91750809989014,0.9955555555555553,220.3951968560542,0.9998427537083626,7.797673665068626,1.0,0.0,0.9992895096540448,35.232448423739584,1.0,0.0,0.9990520057082174,47.010012425053645,1.0,0.0,1.0,0.0,1.0,0.0,1.0,0.0,1.0,0.0,1.0,0.0,1.0,0.0,1.0,0.0,1.0,0.0
28218,28,兵庫県,小野市,7,29.475931048056182,18366.26640467117,5.173896842759831,0.16206963397562513,0.7980942395329476,3708.2549853756095,1.0,0.0,0.8042173439264297,3595.796418861303,1.0,0.0,0.8096335098147392,3496.3216732647184,1.0,0.0,0.9988689118623734,20.77386606281414,1.0,0.0,0.9994763639569283,9.617239066142835,1.0,0.0,0.9995433315634727,8.38729416386418,1.0,0.0,0.9995814827084541,7.686600071492517,1.0,0.0,0.9990489229559899,17.467734361658625,1.0,0.0,0.9996869802474976,5.749004164383666,1.0,0.0,0.9998427537083626,2.88802728335875,1.0,0.0,0.9992895096540451,13.0490549717554,1.0,0.0,0.9990520057082176,17.41111571298283,1.0,0.0,1.0,0.0,1.0,0.0,1.0,0.0,1.0,0.0,1.0,0.0,1.0,0.0,1.0,0.0,1.0,0.0
28219,28,兵庫県,三田市,15,224.01707596522698,139583.6246755009,5.101689759085626,0.16462739928282413,0.7976458911087951,28245.31998701537,0.9994078947368421,82.64819882102034,0.8037684697893106,27390.708262428096,0.9994078947368421,82.64819882102034,0.8091825538599178,26634.99078355485,0.9994078947368421,82.64819882102034,0.9982768065992152,240.52958089840783,0.9994078947368421,82.64819882102034,0.9988842586937704,155.73921572370588,0.9994078947368421,82.64819882102034,0.9989512263003149,146.3916344663881,0.9994078947368421,82.64819882102034,0.9989893774452964,141.06635936436348,0.9994078947368421,82.64819882102034,0.9990489229559897,132.75478114860556,1.0,0.0,0.9996869802474978,43.69243164931587,1.0,0.0,0.9998427537083626,21.949007353526504,1.0,0.0,0.9992895096540452,99.17281778534105,1.0,0.0,0.9990520057082176,132.32447941866948,1.0,0.0,1.0,0.0,1.0,0.0,1.0,0.0,1.0,0.0,1.0,0.0,1.0,0.0,1.0,0.0,1.0,0.0
28220,28,兵庫県,加西市,3,26.528337943250566,16529.639764204054,5.181839834757738,0.16206963397562513,0.7980942395329476,3337.429486838049,1.0,0.0,0.8042173439264297,3236.216776975173,1.0,0.0,0.8096335098147391,3146.689505938247,1.0,0.0,0.9988689118623733,18.696479456532728,1.0,0.0,0.9994763639569283,8.655515159528552,1.0,0.0,0.9995433315634727,7.548564747477763,1.0,0.0,0.9995814827084541,6.917940064343266,1.0,0.0,0.9990489229559898,15.720960925492763,1.0,0.0,0.9996869802474976,5.1741037479453,1.0,0.0,0.9998427537083626,2.599224555022875,1.0,0.0,0.9992895096540452,11.744149474579862,1.0,0.0,0.9990520057082176,15.670004141684547,1.0,0.0,1.0,0.0,1.0,0.0,1.0,0.0,1.0,0.0,1.0,0.0,1.0,0.0,1.0,0.0,1.0,0.0
28221,28,兵庫県,丹波篠山市,6,85.48020003936293,53262.1725735464,4.782380371351269,0.1620696339756251,0.7980942395329477,10753.939457589267,1.0,0.0,0.8042173439264299,10427.80961469778,1.0,0.0,0.8096335098147391,10139.332852467684,1.0,0.0,0.9988689118623734,60.244211582161,1.0,0.0,0.9994763639569283,27.88999329181422,1.0,0.0,0.9995433315634727,24.323153075206122,1.0,0.0,0.9995814827084543,22.2911402073283,1.0,0.0,0.9990489229559899,50.65642964881002,1.0,0.0,0.9996869802474977,16.672112076712633,1.0,0.0,0.9998427537083627,8.375279121740375,1.0,0.0,0.9992895096540452,37.84225941809066,1.0,0.0,0.9990520057082177,50.49223556765021,1.0,0.0,1.0,0.0,1.0,0.0,1.0,0.0,1.0,0.0,1.0,0.0,1.0,0.0,1.0,0.0,1.0,0.0
28222,28,兵庫県,養父市,7,88.42779314416855,55098.7992140135,4.647226827524926,0.16206963397562513,0.7980942395329477,11124.764956126828,1.0,0.0,0.8042173439264299,10787.389256583909,1.0,0.0,0.8096335098147391,10488.965019794156,1.0,0.0,0.9988689118623734,62.32159818844242,1.0,0.0,0.9994763639569283,28.851717198428503,1.0,0.0,0.9995433315634727,25.16188249159254,1.0,0.0,0.999581482708454,23.05980021447755,1.0,0.0,0.9990489229559899,52.40320308497587,1.0,0.0,0.9996869802474976,17.247012493150997,1.0,0.0,0.9998427537083627,8.66408185007625,1.0,0.0,0.9992895096540451,39.1471649152662,1.0,0.0,0.9990520057082175,52.23334713894849,1.0,0.0,1.0,0.0,1.0,0.0,1.0,0.0,1.0,0.0,1.0,0.0,1.0,0.0,1.0,0.0,1.0,0.0
28223,28,兵庫県,丹波市,17,194.5411449171708,121217.35827082973,4.847910862716811,0.18849963926013688,0.8254234060413597,21161.713535585684,0.9984848484848484,183.66266404671185,0.8306056896704301,20533.530804259575,0.9984848484848484,183.66266404671185,0.8351780838349827,19979.277262659565,0.9984848484848484,183.66266404671185,0.9953293299700255,566.1662823882448,0.9984848484848484,183.66266404671185,0.9958447438684357,503.6891712068854,0.9984848484848484,183.66266404671185,0.9959015648679279,496.801479754123,0.9984848484848484,183.66266404671185,0.9959339355363971,492.87759283684375,0.9984848484848484,183.66266404671185,0.9954820666555182,547.6519448617681,0.9984848484848484,183.66266404671185,0.9960234485998279,482.0270557570342,0.9984848484848484,183.66266404671185,0.9976707715363196,282.3429211765828,1.0,0.0,0.9972013523387168,339.2446762315981,1.0,0.0,0.9991956412069725,97.50224799270384,1.0,0.0,1.0,0.0,1.0,0.0,1.0,0.0,1.0,0.0,1.0,0.0,1.0,0.0,1.0,0.0,1.0,0.0
28224,28,兵庫県,南あわじ市,10,67.79464141052922,42242.412730743694,5.795167308032762,1.8953325235258034,0.6335598378055527,15479.316572538508,0.9758695652173912,1019.3277854592509,0.6380698295960041,15288.80363791399,0.9758695652173912,1019.3277854592509,0.6416402549015195,15137.980258534113,0.9758695652173912,1019.3277854592509,0.8188405710700697,7652.611366923946,0.9758695652173912,1019.3277854592509,0.8176375969688903,7703.427895410357,0.9758695652173912,1019.3277854592509,0.8201481160707266,7597.377511342176,0.9758695652173912,1019.3277854592509,0.8350746433622629,6966.84498485639,0.9758695652173912,1019.3277854592509,0.8728263795542855,5372.120563330817,0.984782608695652,642.8193241634915,0.9044223831531986,4037.429138663465,0.9939130434782608,257.1277296653966,0.9483107498552114,2183.4786383588144,0.9939130434782608,257.1277296653966,0.9723784749828401,1166.7998600274332,0.9969565217391304,128.5638648326983,0.9956677602231503,183.00426070223045,1.0,0.0,0.9949108374118805,214.97850650120506,1.0,0.0,1.0,0.0,1.0,0.0,1.0,0.0,1.0,0.0,0.9931074842810632,291.156493752471,1.0,0.0
28225,28,兵庫県,朝来市,10,79.5850138297517,49588.91929261216,4.598232369911011,0.16206963397562513,0.7980942395329476,10012.288460514146,1.0,0.0,0.8042173439264297,9708.65033092552,1.0,0.0,0.8096335098147391,9440.06851781474,1.0,0.0,0.9988689118623733,56.089438369598184,1.0,0.0,0.9994763639569282,25.966545478585655,1.0,0.0,0.9995433315634726,22.64569424243329,1.0,0.0,0.999581482708454,20.753820193029796,1.0,0.0,0.9990489229559897,47.16288277647829,1.0,0.0,0.9996869802474976,15.522311243835901,1.0,0.0,0.9998427537083626,7.797673665068626,1.0,0.0,0.9992895096540451,35.232448423739584,1.0,0.0,0.9990520057082176,47.010012425053645,1.0,0.0,1.0,0.0,1.0,0.0,1.0,0.0,1.0,0.0,1.0,0.0,1.0,0.0,1.0,0.0,1.0,0.0
28226,28,兵庫県,淡路市,11,135.58928282105845,84484.82546148739,5.339035727736565,1.5164796246503633,0.7118668086890323,24342.88237756845,1.0,0.0,0.715381672094733,24045.929756216872,1.0,0.0,0.7181677346537649,23810.54974719227,1.0,0.0,0.8554737255984471,12210.277067414221,1.0,0.0,0.85453226760622,12289.815981566866,1.0,0.0,0.8564980192998748,12123.739792827806,1.0,0.0,0.8691529934143182,11054.586513549419,1.0,0.0,0.8956253387372557,8818.07503938483,1.0,0.0,0.9203277631179916,6731.095027102764,1.0,0.0,0.9585810481312522,3499.2729194289013,1.0,0.0,0.9783870274222294,1825.9682159368601,1.0,0.0,0.9966095514789872,286.44145153392594,1.0,0.0,0.99601717710495,336.488097132321,1.0,0.0,1.0,0.0,1.0,0.0,1.0,0.0,1.0,0.0,0.9946058572634408,455.7232076125634,1.0,0.0
28227,28,兵庫県,宍粟市,15,11.790372419222471,7346.5065618684675,4.7418419805332475,0.19087387247942397,0.7922739373892547,1526.0608820409416,0.9925,55.09879921401355,0.7983010815083981,1481.7824282203273,0.9925,55.09879921401355,0.8037064827978612,1442.071612177754,0.9925,55.09879921401355,0.9913689118623734,63.40834563913921,0.9925,55.09879921401355,0.9919763639569282,58.945694840470686,0.9925,55.09879921401355,0.9920433315634728,58.45371687955923,0.9925,55.09879921401355,0.9958314827084541,30.624039635603783,0.99625,27.549399607006777,0.9990489229559899,6.98709374466345,1.0,0.0,0.9996869802474975,2.2996016657534666,1.0,0.0,0.9998427537083626,1.1552109133435,1.0,0.0,0.9992895096540451,5.21962198870216,1.0,0.0,0.9990520057082177,6.964446285193132,1.0,0.0,1.0,0.0,1.0,0.0,1.0,0.0,1.0,0.0,1.0,0.0,1.0,0.0,1.0,0.0,1.0,0.0
28228,28,兵庫県,加東市,7,35.37111725766742,22039.519685605403,5.200868838457677,0.19334298574365685,0.7951791419088841,4514.153333921741,0.9962500000000001,82.64819882102034,0.8012962234020233,4379.335795935245,0.9962500000000001,82.64819882102034,0.8066570179909467,4261.1864580621805,0.9962500000000001,82.64819882102034,0.9951189118623733,107.57683809639731,0.9962500000000001,82.64819882102034,0.9957263639569283,94.18888570039174,0.9962500000000001,82.64819882102034,0.9957933315634727,92.71295181765736,0.9962500000000001,82.64819882102034,0.9958314827084541,91.87211890681137,0.9962500000000001,82.64819882102034,0.9952989229559897,103.60948005501069,0.9962500000000001,82.64819882102034,0.9959369802474975,89.54700381828074,0.9962500000000001,82.64819882102034,0.9998427537083626,3.4656327400305003,1.0,0.0,0.999289509654045,15.658865966106482,1.0,0.0,0.9990520057082174,20.893338855579394,1.0,0.0,1.0,0.0,1.0,0.0,1.0,0.0,1.0,0.0,1.0,0.0,1.0,0.0,1.0,0.0,1.0,0.0
28229,28,兵庫県,たつの市,12,109.06094487780788,67955.18569728333,5.249715044228074,13.039631199360498,0.624782769510875,25497.956574708856,0.7833783783783782,14720.562523343944,0.6295513436278781,25173.907235076644,0.7833783783783782,14720.562523343944,0.6339045276512971,24878.08580639076,0.7833783783783782,14720.562523343944,0.7824409839349823,14784.263336816517,0.7833783783783782,14720.562523343944,0.7829027303167292,14752.885275699868,0.7833783783783782,14720.562523343944,0.7829665459652203,14748.548671456248,0.7833783783783782,14720.562523343944,0.782998328748587,14746.388866510597,0.7833783783783782,14720.562523343944,0.7825964146852492,14773.701011319064,0.7833783783783782,14720.562523343944,0.7830803733419728,14740.813510931612,0.7833783783783782,14720.562523343944,0.7832211320867409,14731.24822429237,0.7833783783783782,14720.562523343944,0.7852318002484939,14594.612895984832,0.7858108108108108,14555.266125701903,0.7960931346948081,13856.528896765245,0.7968918918918918,13802.249203110385,0.8090540540540541,12975.767214900183,0.8090540540540541,12975.767214900183,0.8455405405405405,10496.321250269575,0.8455405405405405,10496.321250269575,0.9002702702702702,6777.152303323663,0.9002702702702702,6777.152303323663,0.9562162162162162,2975.3351575567303,0.9562162162162162,2975.3351575567303
28301,28,兵庫県,猪名川町,6,56.004268991306745,34895.906168875226,5.063467490898855,0.18405249119197079,0.7938277504632347,7194.567474460887,0.9949999999999997,174.47953084437626,0.7999320834561398,6981.5512431169045,0.9949999999999997,174.47953084437626,0.8052915605745816,6794.527432477521,0.9949999999999997,174.47953084437626,0.9938689118623734,213.94987636372315,0.9949999999999997,174.47953084437626,0.9944763639569283,192.75228507004766,0.9949999999999997,174.47953084437626,0.9945433315634726,190.41538975571822,0.9949999999999997,174.47953084437626,0.9945814827084539,189.08407098021203,0.9949999999999997,174.47953084437626,0.9990489229559897,33.18869528715139,1.0,0.0,0.9996869802474975,10.923107912328966,1.0,0.0,0.9998427537083626,5.487251838381625,1.0,0.0,0.999289509654045,24.79320444633526,1.0,0.0,0.9990520057082176,33.08111985466738,1.0,0.0,1.0,0.0,1.0,0.0,1.0,0.0,1.0,0.0,1.0,0.0,1.0,0.0,1.0,0.0,1.0,0.0
28365,28,兵庫県,多可町,4,53.05667588650113,33059.27952840811,4.836150701897589,0.16206963397562513,0.7980942395329476,6674.858973676098,1.0,0.0,0.8042173439264297,6472.433553950346,1.0,0.0,0.8096335098147391,6293.379011876494,1.0,0.0,0.9988689118623733,37.392958913065456,1.0,0.0,0.9994763639569283,17.311030319057103,1.0,0.0,0.9995433315634727,15.097129494955526,1.0,0.0,0.9995814827084541,13.835880128686531,1.0,0.0,0.9990489229559898,31.441921850985526,1.0,0.0,0.9996869802474976,10.3482074958906,1.0,0.0,0.9998427537083626,5.19844911004575,1.0,0.0,0.9992895096540452,23.488298949159724,1.0,0.0,0.9990520057082176,31.340008283369094,1.0,0.0,1.0,0.0,1.0,0.0,1.0,0.0,1.0,0.0,1.0,0.0,1.0,0.0,1.0,0.0,1.0,0.0
28381,28,兵庫県,稲美町,6,58.951862096112364,36732.53280934234,5.519595683133126,0.16206963397562513,0.7980942395329476,7416.509970751219,1.0,0.0,0.8042173439264297,7191.592837722606,1.0,0.0,0.8096335098147392,6992.643346529437,1.0,0.0,0.9988689118623734,41.54773212562828,1.0,0.0,0.9994763639569283,19.23447813228567,1.0,0.0,0.9995433315634727,16.77458832772836,1.0,0.0,0.9995814827084541,15.373200142985034,1.0,0.0,0.9990489229559899,34.93546872331725,1.0,0.0,0.9996869802474976,11.498008328767332,1.0,0.0,0.9998427537083626,5.7760545667175,1.0,0.0,0.9992895096540451,26.0981099435108,1.0,0.0,0.9990520057082176,34.82223142596566,1.0,0.0,1.0,0.0,1.0,0.0,1.0,0.0,1.0,0.0,1.0,0.0,1.0,0.0,1.0,0.0,1.0,0.0
28382,28,兵庫県,播磨町,4,53.05667588650113,33059.27952840811,5.763267901956054,0.2673102985136212,0.7828086329996585,7180.190112821359,0.9800000000000001,661.1855905681628,0.7889014756679534,6978.765123927586,0.9800000000000001,661.1855905681628,0.7942975187301636,6800.375827986655,0.9800000000000001,661.1855905681628,0.9788689118623733,698.5785494812282,0.9800000000000001,661.1855905681628,0.9794763639569283,678.4966208872198,0.9800000000000001,661.1855905681628,0.9795433315634727,676.2827200631183,0.9800000000000001,661.1855905681628,0.979581482708454,675.0214706968493,0.9800000000000001,661.1855905681628,0.9865489229559898,444.6829159560854,0.9874999999999999,413.2409941051017,0.9996869802474976,10.3482074958906,1.0,0.0,0.9998427537083626,5.19844911004575,1.0,0.0,0.9992895096540452,23.488298949159724,1.0,0.0,0.9990520057082176,31.340008283369094,1.0,0.0,1.0,0.0,1.0,0.0,1.0,0.0,1.0,0.0,1.0,0.0,1.0,0.0,1.0,0.0,1.0,0.0
28443,28,兵庫県,福崎町,2,26.528337943250566,16529.639764204054,5.144692453686725,0.16206963397562513,0.7980942395329476,3337.429486838049,1.0,0.0,0.8042173439264297,3236.216776975173,1.0,0.0,0.8096335098147391,3146.689505938247,1.0,0.0,0.9988689118623733,18.696479456532728,1.0,0.0,0.9994763639569283,8.655515159528552,1.0,0.0,0.9995433315634727,7.548564747477763,1.0,0.0,0.9995814827084541,6.917940064343266,1.0,0.0,0.9990489229559898,15.720960925492763,1.0,0.0,0.9996869802474976,5.1741037479453,1.0,0.0,0.9998427537083626,2.599224555022875,1.0,0.0,0.9992895096540452,11.744149474579862,1.0,0.0,0.9990520057082176,15.670004141684547,1.0,0.0,1.0,0.0,1.0,0.0,1.0,0.0,1.0,0.0,1.0,0.0,1.0,0.0,1.0,0.0,1.0,0.0
28446,28,兵庫県,神河町,4,2.9475931048056183,1836.626640467117,4.946420826270505,0.16206963397562513,0.7980942395329476,370.825498537561,1.0,0.0,0.8042173439264299,359.5796418861304,1.0,0.0,0.8096335098147392,349.63216732647186,1.0,0.0,0.9988689118623734,2.077386606281414,1.0,0.0,0.9994763639569283,0.9617239066142836,1.0,0.0,0.9995433315634727,0.8387294163864181,1.0,0.0,0.9995814827084541,0.7686600071492518,1.0,0.0,0.9990489229559898,1.7467734361658624,1.0,0.0,0.9996869802474977,0.5749004164383666,1.0,0.0,0.9998427537083626,0.288802728335875,1.0,0.0,0.9992895096540451,1.3049054971755403,1.0,0.0,0.9990520057082177,1.7411115712982832,1.0,0.0,1.0,0.0,1.0,0.0,1.0,0.0,1.0,0.0,1.0,0.0,1.0,0.0,1.0,0.0,1.0,0.0
28464,28,兵庫県,太子町,5,82.53260693455731,51425.54593307928,5.492146459289813,0.17685852692728607,0.7953718101765428,10523.116374969064,0.996607142857143,174.47953084437626,0.8014799960596222,10208.999581270986,0.996607142857143,174.47953084437626,0.8068574084022216,9932.463215845526,0.996607142857143,174.47953084437626,0.9954760547195163,232.64635582025588,0.996607142857143,174.47953084437626,0.9960835068140712,201.40780022957622,0.996607142857143,174.47953084437626,0.9961504744206158,197.96395450319596,0.996607142857143,174.47953084437626,0.9961886255655971,196.00201104455533,0.996607142857143,174.47953084437626,0.9990489229559899,48.90965621264415,1.0,0.0,0.9996869802474977,16.097211660274265,1.0,0.0,0.9998427537083626,8.0864763934045,1.0,0.0,0.9992895096540453,36.53735392091512,1.0,0.0,0.9990520057082176,48.75112399635192,1.0,0.0,1.0,0.0,1.0,0.0,1.0,0.0,1.0,0.0,1.0,0.0,1.0,0.0,1.0,0.0,1.0,0.0
28481,28,兵庫県,上郡町,3,29.475931048056186,18366.266404671172,5.134742691721478,0.2282092027537875,0.7866337938874494,3918.7405832170816,0.9899999999999999,183.66266404671188,0.792708350297762,3807.1736618950767,0.9899999999999999,183.66266404671188,0.7980874707072508,3708.379303431605,0.9899999999999999,183.66266404671188,0.9888689118623734,204.43653010952602,0.9899999999999999,183.66266404671188,0.9894763639569283,193.27990311285473,0.9899999999999999,183.66266404671188,0.9895433315634727,192.04995821057605,0.9899999999999999,183.66266404671188,0.989581482708454,191.3492641182044,0.9899999999999999,183.66266404671188,0.9940489229559898,109.29906638501456,0.995,91.83133202335594,0.9946869802474975,97.5803361877396,0.995,91.83133202335594,0.9998427537083626,2.8880272833587504,1.0,0.0,0.9992895096540451,13.049054971755401,1.0,0.0,0.9990520057082175,17.41111571298283,1.0,0.0,1.0,0.0,1.0,0.0,1.0,0.0,1.0,0.0,1.0,0.0,1.0,0.0,1.0,0.0,1.0,0.0
28501,28,兵庫県,佐用町,7,38.31871036247304,23876.146326072525,4.776748122391802,0.16206963397562513,0.7980942395329476,4820.731480988292,1.0,0.0,0.8042173439264296,4674.535344519694,1.0,0.0,0.8096335098147392,4545.218175244134,1.0,0.0,0.9988689118623733,27.006025881658385,1.0,0.0,0.999476363956928,12.502410785985685,1.0,0.0,0.9995433315634726,10.903482413023433,1.0,0.0,0.9995814827084541,9.992580092940274,1.0,0.0,0.9990489229559896,22.708054670156216,1.0,0.0,0.9996869802474974,7.473705413698767,1.0,0.0,0.9998427537083624,3.7544354683663754,1.0,0.0,0.999289509654045,16.96377146328202,1.0,0.0,0.9990520057082176,22.63445042687768,1.0,0.0,1.0,0.0,1.0,0.0,1.0,0.0,1.0,0.0,1.0,0.0,1.0,0.0,1.0,0.0,1.0,0.0
28585,28,兵庫県,香美町,7,56.004268991306745,34895.906168875226,4.507352600248229,0.07676982662003295,0.904360429252449,3337.429486838049,1.0,0.0,0.9072608471230457,3236.216776975173,1.0,0.0,0.9098263993859291,3146.689505938247,1.0,0.0,0.9994642214084927,18.696479456532728,1.0,0.0,0.9997519618743345,8.655515159528552,1.0,0.0,0.9997836833721714,7.548564747477763,1.0,0.0,0.9998017549671625,6.917940064343266,1.0,0.0,0.9995494898212585,15.720960925492763,1.0,0.0,0.9998517274856568,5.1741037479453,1.0,0.0,0.9999255149144877,2.599224555022875,1.0,0.0,0.99966345194139,11.744149474579862,1.0,0.0,0.9995509500723135,15.670004141684547,1.0,0.0,1.0,0.0,1.0,0.0,1.0,0.0,1.0,0.0,1.0,0.0,1.0,0.0,1.0,0.0,1.0,0.0
28586,28,兵庫県,新温泉町,6,112.00853798261349,69791.81233775045,4.573235343277816,0.1620696339756251,0.7980942395329476,14091.368944427317,1.0,0.0,0.8042173439264299,13664.026391672953,1.0,0.0,0.8096335098147394,13286.02235840593,1.0,0.0,0.9988689118623734,78.94069103869373,1.0,0.0,0.9994763639569282,36.54550845134277,1.0,0.0,0.9995433315634729,31.871717822683884,1.0,0.0,0.9995814827084543,29.209080271671567,1.0,0.0,0.9990489229559899,66.37739057430278,1.0,0.0,0.9996869802474977,21.846215824657932,1.0,0.0,0.9998427537083626,10.974503676763248,1.0,0.0,0.9992895096540452,49.58640889267052,1.0,0.0,0.9990520057082177,66.16223970933476,1.0,0.0,1.0,0.0,1.0,0.0,1.0,0.0,1.0,0.0,1.0,0.0,1.0,0.0,1.0,0.0,1.0,0.0
29201,29,奈良県,奈良市,24,286.13897135795924,178291.38520343427,5.652120092199243,0.30442780853732637,0.7915773307898013,37159.9664012835,0.981043956043956,3379.6993349002682,0.7971236159494415,36171.11153743799,0.981043956043956,3379.6993349002682,0.802146304262614,35275.60948063738,0.981043956043956,3379.6993349002682,0.9772586111736273,4054.5937153038735,0.981043956043956,3379.6993349002682,0.9783271922739761,3864.0749107205093,0.9815384615384616,3291.5332652941743,0.9788023230042803,3779.363194661875,0.9817032967032966,3262.1445754254764,0.9835630395340254,2930.5684500126836,0.985934065934066,2507.8348687955613,0.9861091918558724,2476.6114256116543,0.9889835164835166,1964.1441062246486,0.990749419132194,1649.2988768574896,0.9922802197802197,1376.370308850689,0.9947151778791911,942.23825647279,0.9958516483516484,739.615361695566,0.9986417343983283,242.16705559622378,0.9993131868131869,122.45287445290828,0.9991040933066673,159.7324453673337,1.0,0.0,1.0,0.0,1.0,0.0,1.0,0.0,1.0,0.0,1.0,0.0,1.0,0.0,1.0,0.0,1.0,0.0
29202,29,奈良県,大和高田市,5,59.743301712101385,37225.67383368408,6.092382919389611,0.47305411217734233,0.7677649571001529,8645.105959741335,0.9624999999999998,1395.9627687631544,0.7736768770217896,8425.030757007633,0.9624999999999998,1395.9627687631544,0.7787436097860335,8236.418215723443,0.9624999999999998,1395.9627687631544,0.9614031669497489,1436.7931181418023,0.9624999999999998,1395.9627687631544,0.9620084679126739,1414.2603819247415,0.9624999999999998,1395.9627687631544,0.9645726870000362,1318.805598540487,0.9649999999999999,1302.898584178944,0.9646095977723597,1317.4315701690196,0.9649999999999999,1302.898584178944,0.9690724200010299,1151.3000055068285,0.97,1116.7702150105233,0.9796869802474975,756.1658478838377,0.9799999999999999,744.5134766736822,0.9873427537083626,471.17452208510093,0.9874999999999999,465.3209229210514,0.9967895096540451,119.51266646471022,0.9974999999999999,93.06418458421028,0.9990520057082175,35.28972630208535,1.0,0.0,1.0,0.0,1.0,0.0,1.0,0.0,1.0,0.0,1.0,0.0,1.0,0.0,1.0,0.0,1.0,0.0
29203,29,奈良県,大和郡山市,14,97.47591331974436,60736.625728642444,5.856113506624356,0.2871950842752573,0.7836281671110659,13141.69503239555,0.9812096774193547,1141.260789901105,0.7896195451146171,12777.798948995043,0.9812096774193547,1141.260789901105,0.7948743710738996,12458.638551436945,0.9812096774193547,1141.260789901105,0.9800785892817283,1209.9592667822412,0.9812096774193547,1141.260789901105,0.9806860413762829,1173.0646762671786,0.9812096774193547,1141.260789901105,0.9827691380150856,1046.5444153596368,0.9832258064516128,1018.8079154481968,0.982807289160067,1044.2272435457821,0.9832258064516128,1018.8079154481968,0.98654892295599,816.9730320691792,0.9874999999999998,759.2078216080313,0.9927514963765297,440.2496516714162,0.9930645161290322,421.23788811800443,0.9976653343535238,141.7997135715375,0.9978225806451614,132.24910440914093,0.9985637032024323,87.23582102912582,0.9992741935483871,44.08303480304698,0.9990520057082176,57.57797449287611,1.0,0.0,1.0,0.0,1.0,0.0,1.0,0.0,1.0,0.0,1.0,0.0,1.0,0.0,1.0,0.0,1.0,0.0
29204,29,奈良県,天理市,6,37.73261160764298,23510.951894958365,5.619598764752183,0.38780506008304666,0.7784973502159119,5207.738143679508,0.9749999999999999,587.7737973739597,0.7845581091567874,5065.2439317736425,0.9749999999999999,587.7737973739597,0.7898108264803886,4941.74754746064,0.9749999999999999,587.7737973739597,0.9738689118623733,614.3667561666576,0.9749999999999999,587.7737973739597,0.9744763639569282,600.0849791930849,0.9749999999999999,587.7737973739597,0.9745433315634727,598.5105070170978,0.9749999999999999,587.7737973739597,0.974581482708454,597.6135372827024,0.9749999999999999,587.7737973739597,0.9740489229559898,610.1345240040803,0.9749999999999999,587.7737973739597,0.9859369802474977,330.63498089893403,0.9862499999999998,323.2755885556778,0.9898427537083626,238.80652894793093,0.99,235.1095189495839,0.9974145096540452,60.78733914862589,0.998125,44.08303480304698,0.9990520057082175,22.288248190790746,1.0,0.0,1.0,0.0,1.0,0.0,1.0,0.0,1.0,0.0,1.0,0.0,1.0,0.0,1.0,0.0,1.0,0.0
29205,29,奈良県,橿原市,6,47.16576450955372,29388.689868697955,5.836076521118961,0.6214979381548621,0.7658190410754955,6882.27157498656,0.965,1028.6041454044293,0.7716794853828227,6710.040794745744,0.965,1028.6041454044293,0.776899266880937,6556.638255115296,0.965,1028.6041454044293,0.9588709636512794,1208.7284938509538,0.965,1028.6041454044293,0.9594784157458344,1190.876272633988,0.965,1028.6041454044293,0.9595453833523789,1188.9081824140042,0.965,1028.6041454044293,0.9595835344973602,1187.78697024601,0.965,1028.6041454044293,0.9623843080782293,1105.4759040854058,0.9683333333333333,930.6418458421028,0.9746890320364036,743.8561877586819,0.98,587.7737973739596,0.993176087041696,200.545861622587,0.9933333333333334,195.9245991246532,0.9942895096540451,167.82382977546354,0.995,146.9434493434899,0.9957186723748844,125.82260980081503,0.9966666666666667,97.9622995623266,0.9966666666666667,97.9622995623266,0.9966666666666667,97.9622995623266,0.9966666666666667,97.9622995623266,0.9966666666666667,97.9622995623266,1.0,0.0,1.0,0.0,1.0,0.0,1.0,0.0
29206,29,奈良県,桜井市,3,15.721921503184573,9796.229956232652,5.69123710624975,0.16250000000000014,0.985,146.9434493434899,0.985,146.9434493434899,0.985,146.9434493434899,0.985,146.9434493434899,0.985,146.9434493434899,0.985,146.9434493434899,0.985,146.9434493434899,0.985,146.9434493434899,0.985,146.9434493434899,0.985,146.9434493434899,0.985,146.9434493434899,0.985,146.9434493434899,0.985,146.9434493434899,0.985,146.9434493434899,0.985,146.9434493434899,0.985,146.9434493434899,0.985,146.9434493434899,0.985,146.9434493434899,0.99,97.9622995623266,0.99,97.9622995623266,1.0,0.0,1.0,0.0,1.0,0.0,1.0,0.0,1.0,0.0,1.0,0.0,1.0,0.0,1.0,0.0,1.0,0.0,1.0,0.0,1.0,0.0,1.0,0.0
29207,29,奈良県,五條市,9,72.32083891464904,45062.6577986702,5.457158320640039,0.1668068915929484,0.7972257379215697,9137.547182418175,0.9989130434782609,48.9811497811633,0.8033373948542968,8862.139677475821,0.9989130434782609,48.9811497811633,0.808746521304483,8618.390063261342,0.9989130434782609,48.9811497811633,0.9977819553406342,99.95098746716752,0.9989130434782609,48.9811497811633,0.9983894074351891,72.57758160115337,0.9989130434782609,48.9811497811633,0.9984563750417337,69.55984326384461,0.9989130434782609,48.9811497811633,0.998494526186715,67.84065127292024,0.9989130434782609,48.9811497811633,0.9990489229559898,42.85805937440274,1.0,0.0,0.9996869802474977,14.105501991240956,1.0,0.0,0.9998427537083626,7.085935830165182,1.0,0.0,0.9992895096540451,32.01658332902625,1.0,0.0,0.9990520057082175,42.71914236568227,1.0,0.0,1.0,0.0,1.0,0.0,1.0,0.0,1.0,0.0,1.0,0.0,1.0,0.0,1.0,0.0,1.0,0.0
29208,29,奈良県,御所市,2,15.721921503184573,9796.229956232652,5.5274863746441145,0.19113901812583217,0.7943953198194503,2014.1507271263345,0.995,48.9811497811633,0.8004671674966812,1954.6695110209635,0.995,48.9811497811633,0.8058482429385185,1901.955258580889,0.995,48.9811497811633,0.9938689118623734,60.06154927812074,0.995,48.9811497811633,0.9944763639569283,54.11080887246549,0.995,48.9811497811633,0.9945433315634727,53.4547787991375,0.995,48.9811497811633,0.9945814827084541,53.08104140980611,0.995,48.9811497811633,0.9940489229559898,58.29811921038129,0.995,48.9811497811633,0.9996869802474976,3.0664134763567295,1.0,0.0,0.9998427537083626,1.5404208326446045,1.0,0.0,0.9992895096540451,6.9601268106578775,1.0,0.0,0.9990520057082176,9.286770079496144,1.0,0.0,1.0,0.0,1.0,0.0,1.0,0.0,1.0,0.0,1.0,0.0,1.0,0.0,1.0,0.0,1.0,0.0
29209,29,奈良県,生駒市,15,97.47591331974436,60736.625728642444,5.358734838819763,0.23114340108967538,0.7861671992748479,12987.482786150942,0.9879032258064516,734.7172467174496,0.7922032202151978,12620.875241406655,0.9879032258064516,734.7172467174496,0.79756623017658,12295.144112603217,0.9879032258064516,734.7172467174496,0.9845965604774697,935.5529412137014,0.9879032258064516,734.7172467174496,0.9852040125720247,898.6583506986389,0.9879032258064516,734.7172467174496,0.9872863892848546,772.1818156654498,0.9891935483870967,656.3474070675883,0.9915980140522505,510.3082758857824,0.9927419354838709,440.83034803046985,0.9925170672030118,454.4880886432545,0.9941935483870967,352.6642784243758,0.9976712535267777,141.4402029610012,0.9987096774193549,78.36983964986129,0.9998427537083624,9.55060916239655,1.0,0.0,0.999289509654045,43.152786226078845,1.0,0.0,0.9990520057082176,57.57797449287611,1.0,0.0,1.0,0.0,1.0,0.0,1.0,0.0,1.0,0.0,1.0,0.0,1.0,0.0,1.0,0.0,1.0,0.0
29210,29,奈良県,香芝市,6,62.8876860127383,39184.91982493061,5.634565416728282,0.2843972852155567,0.7851802667081355,8417.694025854684,0.984,626.9587171988903,0.7912025920525193,8181.709690075361,0.984,626.9587171988903,0.796526303306222,7973.100491427942,0.984,626.9587171988903,0.9829014541953802,670.0051464769299,0.984,626.9587171988903,0.9838818627148866,631.5879172443892,0.9843749999999999,612.2643722645413,0.983946219228208,629.0661124296793,0.9843749999999999,612.2643722645413,0.9839831920191645,627.6173365803454,0.9843749999999999,612.2643722645413,0.9865712451487778,526.2046821937839,0.9874999999999999,489.8114978116331,0.9923119802474976,301.2544376142904,0.992625,288.98878370886354,0.9950927537083625,192.290052498999,0.9952500000000001,186.12836916842056,0.9992895096540451,27.84050724263151,1.0,0.0,0.9990520057082175,37.147080317984575,1.0,0.0,1.0,0.0,1.0,0.0,1.0,0.0,1.0,0.0,1.0,0.0,1.0,0.0,1.0,0.0,1.0,0.0
29211,29,奈良県,葛城市,6,61.31549386241984,38205.29682930735,5.61322142011863,0.39537239730931256,0.7764735334194623,8539.89500491569,0.9723076923076923,1057.9928352731274,0.7824775929405139,8310.508128733087,0.9723076923076923,1057.9928352731274,0.7876544154148836,8112.7260894671645,0.9723076923076923,1057.9928352731274,0.9711766041700655,1101.2063933112615,0.9723076923076923,1057.9928352731274,0.9717840562646206,1077.998505729206,0.9723076923076923,1057.9928352731274,0.971851023871165,1075.4399884432269,0.9723076923076923,1057.9928352731274,0.9718891750161466,1073.9824126248343,0.9723076923076923,1057.9928352731274,0.9713566152636821,1094.3290160470742,0.9723076923076923,1057.9928352731274,0.9904562110167283,364.6232909821671,0.9907692307692307,352.66427842437577,0.9944581383237471,211.72847032819988,0.9946153846153847,205.7208290808859,0.9939048942694297,232.86532364245159,0.9946153846153847,205.7208290808859,0.9990520057082175,36.218403310034965,1.0,0.0,1.0,0.0,1.0,0.0,1.0,0.0,1.0,0.0,1.0,0.0,1.0,0.0,1.0,0.0,1.0,0.0
29212,29,奈良県,宇陀市,7,36.16041945732452,22531.3288993351,5.4623845689413715,0.24896379657896736,0.8707471935167078,2912.237494037168,0.9917391304347826,186.12836916842056,0.8741620837256777,2835.2954795837463,0.9917391304347826,186.12836916842056,0.8771258221801025,2768.518513695494,0.9917391304347826,186.12836916842056,0.9813302249568843,420.6548419730369,0.9917391304347826,186.12836916842056,0.981673567445111,412.9188794456851,0.9917391304347826,186.12836916842056,0.9819288100053318,407.1679253722424,0.9919565217391304,181.23025419030424,0.982385156304669,396.8858368098789,0.9923913043478261,171.43402423407156,0.9827363181837111,388.9736930162775,0.9930434782608694,156.73967929972258,0.9928698075289646,160.6527116804624,0.9969565217391304,68.57360969362863,0.9931752447024969,153.77080626552032,0.9971739130434782,63.67549471551229,0.9972071141522864,62.927429613134876,0.9976086956521739,53.879264759279636,0.9994641771394273,12.07280110334499,1.0,0.0,1.0,0.0,1.0,0.0,1.0,0.0,1.0,0.0,1.0,0.0,1.0,0.0,1.0,0.0,1.0,0.0
29342,29,奈良県,平群町,1,14.149729352866117,8816.606960609388,5.572366146199227,0.6092523145715678,0.7589250805950724,2125.462812453832,0.965,308.58124362132884,0.7646532002068125,2074.960233213761,0.965,308.58124362132884,0.7697953858948313,2029.6236030840282,0.965,308.58124362132884,0.9488816023219261,450.69082078370525,0.965,308.58124362132884,0.9494890544164809,445.33515441861647,0.965,308.58124362132884,0.9545510625329916,400.70541842392703,0.965,308.58124362132884,0.9595842541879392,356.3297458448346,0.965,308.58124362132884,0.9590516944354749,361.02511586535223,0.965,308.58124362132884,0.9646897517269826,311.31658070473014,0.97,264.49820881828185,0.9798427537083626,177.71851796156807,0.98,176.3321392121879,0.9942895096540451,50.34714893263907,0.995,44.08303480304698,0.9990520057082176,8.35809307154653,1.0,0.0,1.0,0.0,1.0,0.0,1.0,0.0,1.0,0.0,1.0,0.0,1.0,0.0,1.0,0.0,1.0,0.0
29344,29,奈良県,斑鳩町,2,29.871650856050692,18612.83691684204,6.0058976176651155,0.5197507473081351,0.7581559604406356,4501.403667628742,0.95,930.6418458421028,0.7636159861087799,4399.777100305802,0.95,930.6418458421028,0.7687281453609467,4304.625313852297,0.95,930.6418458421028,0.9489374220371246,950.4194361765318,0.95,930.6418458421028,0.9495405718684197,939.1931067302162,0.95,930.6418458421028,0.9496020424365996,938.0489650694949,0.95,930.6418458421028,0.9546377128362655,844.3208531535468,0.955,837.5776612578925,0.9590959170460701,761.3410252544754,0.96,744.5134766736822,0.9796869802474975,378.0829239419189,0.9799999999999999,372.2567383368411,0.9898427537083626,189.05516875044532,0.9899999999999999,186.12836916842056,0.999289509654045,13.224240940249969,1.0,0.0,0.9990520057082175,17.644863151042674,1.0,0.0,1.0,0.0,1.0,0.0,1.0,0.0,1.0,0.0,1.0,0.0,1.0,0.0,1.0,0.0,1.0,0.0
29345,29,奈良県,安堵町,1,15.721921503184573,9796.229956232652,6.0549029718273175,0.382983985990286,0.7786531409621239,2168.3647312248477,0.975,244.9057489058165,0.7847210139036178,2108.9224525447717,0.975,244.9057489058165,0.7899304333329201,2057.88978187686,0.975,244.9057489058165,0.9739069405198097,255.6136109296001,0.975,244.9057489058165,0.9744763639569283,250.03540799711868,0.975,244.9057489058165,0.9745433315634727,249.3793779237907,0.975,244.9057489058165,0.9795814827084541,200.02449075329602,0.98,195.9245991246532,0.9790489229559899,205.2415685538701,0.98,195.9245991246532,0.9896869802474976,101.02871303868334,0.99,97.9622995623266,0.9898427537083626,99.5027203949712,0.99,97.9622995623266,0.9942895096540451,55.94127659182118,0.995,48.9811497811633,0.9990520057082176,9.286770079496144,1.0,0.0,1.0,0.0,1.0,0.0,1.0,0.0,1.0,0.0,1.0,0.0,1.0,0.0,1.0,0.0,1.0,0.0
29361,29,奈良県,川西町,2,0.0,0.0,5.98649431308395,0.0,1.0,0.0,1.0,0.0,1.0,0.0,1.0,0.0,1.0,0.0,1.0,0.0,1.0,0.0,1.0,0.0,1.0,0.0,1.0,0.0,1.0,0.0,1.0,0.0,1.0,0.0,1.0,0.0,1.0,0.0,1.0,0.0,1.0,0.0,1.0,0.0,1.0,0.0,1.0,0.0,1.0,0.0,1.0,0.0,1.0,0.0,1.0,0.0,1.0,0.0,1.0,0.0,1.0,0.0,1.0,0.0,1.0,0.0,1.0,0.0,1.0,0.0,1.0,0.0
29362,29,奈良県,三宅町,2,0.0,0.0,6.096144778027141,0.0,1.0,0.0,0.9824999999999999,0.0,1.0,0.0,0.9824999999999999,0.0,1.0,0.0,0.9824999999999999,0.0,1.0,0.0,0.9824999999999999,0.0,1.0,0.0,0.9824999999999999,0.0,1.0,0.0,0.9824999999999999,0.0,1.0,0.0,0.9824999999999999,0.0,1.0,0.0,0.985,0.0,1.0,0.0,0.99,0.0,1.0,0.0,0.9924999999999999,0.0,1.0,0.0,0.995,0.0,1.0,0.0,0.995,0.0,1.0,0.0,1.0,0.0,1.0,0.0,1.0,0.0,1.0,0.0,1.0,0.0,1.0,0.0,1.0,0.0
29363,29,奈良県,田原本町,1,15.721921503184573,9796.229956232652,6.110041930250285,0.677495415440426,0.7693395317019894,2259.602989259623,0.97,293.8868986869798,0.7752891388954595,2201.3192690431347,0.97,293.8868986869798,0.7804058072390034,2151.195209340002,0.97,293.8868986869798,0.9638709636512794,353.9283481691547,0.97,293.8868986869798,0.9644784157458344,347.9776077634994,0.97,293.8868986869798,0.9645453833523788,347.3215776901714,0.97,293.8868986869798,0.9645835344973602,346.94784030084,0.97,293.8868986869798,0.964050974744896,352.1649181014141,0.97,293.8868986869798,0.9746890320364037,247.95206258622733,0.98,195.9245991246532,0.9848427537083626,148.4838701761345,0.985,146.9434493434899,0.989289509654045,104.92242637298448,0.99,97.9622995623266,0.9890520057082176,107.24906964182274,0.99,97.9622995623266,0.9950079246144742,48.90351843545968,1.0,0.0,1.0,0.0,1.0,0.0,1.0,0.0,1.0,0.0,1.0,0.0,1.0,0.0
29401,29,奈良県,高取町,2,15.721921503184573,9796.229956232652,5.67119123007122,0.191453639343381,0.7942166331410409,2015.901182918149,0.995,48.9811497811633,0.7999906715750694,1959.3373746422797,0.995,48.9811497811633,0.8053864791989327,1906.478802359322,0.995,48.9811497811633,0.9938689118623734,60.06154927812074,0.995,48.9811497811633,0.9944763639569283,54.11080887246549,0.995,48.9811497811633,0.9945433315634727,53.4547787991375,0.995,48.9811497811633,0.9945814827084541,53.08104140980611,0.995,48.9811497811633,0.9940489229559898,58.29811921038129,0.995,48.9811497811633,0.9996869802474976,3.0664134763567295,1.0,0.0,0.9998427537083626,1.5404208326446045,1.0,0.0,0.9992895096540451,6.9601268106578775,1.0,0.0,0.9990520057082176,9.286770079496144,1.0,0.0,1.0,0.0,1.0,0.0,1.0,0.0,1.0,0.0,1.0,0.0,1.0,0.0,1.0,0.0,1.0,0.0
29424,29,奈良県,上牧町,2,29.871650856050692,18612.83691684204,5.653302133159135,0.3776822874322534,0.7740504285693167,4205.562524469657,0.97,558.3851075052617,0.7796795853972435,4100.787946452131,0.97,558.3851075052617,0.7849034827947616,4003.55639612181,0.97,558.3851075052617,0.9689374220371246,578.1626978396907,0.97,558.3851075052617,0.9695405718684196,566.936368393375,0.97,558.3851075052617,0.9696020424365998,565.7922267326538,0.97,558.3851075052617,0.9746377128362655,472.0641148167056,0.9749999999999999,465.3209229210514,0.97909591704607,389.08428691763424,0.9799999999999999,372.2567383368411,0.9896869802474976,191.95455477349833,0.9899999999999999,186.12836916842056,0.9898427537083626,189.05516875044532,0.9899999999999999,186.12836916842056,0.999289509654045,13.224240940249969,1.0,0.0,0.9990520057082175,17.644863151042674,1.0,0.0,1.0,0.0,1.0,0.0,1.0,0.0,1.0,0.0,1.0,0.0,1.0,0.0,1.0,0.0,1.0,0.0
29426,29,奈良県,広陵町,1,14.149729352866117,8816.606960609388,6.0843034119969515,0.46809436351060885,0.7735698083043099,1996.3460041963394,0.97,264.49820881828185,0.7795304977893829,1943.7929477922137,0.97,264.49820881828185,0.7848669388890266,1896.743644048213,0.97,264.49820881828185,0.9688689118623733,274.47056836554356,0.97,264.49820881828185,0.9694763639569282,269.11490200045387,0.97,264.49820881828185,0.9695433315634727,268.5244749344586,0.97,264.49820881828185,0.9745814827084541,224.1050764810134,0.975,220.4151740152349,0.9740489229559899,228.8004465015301,0.975,220.4151740152349,0.9746869802474976,223.17494614395596,0.975,220.4151740152349,0.9848427537083626,133.63548315852108,0.985,132.24910440914093,0.9942895096540451,50.34714893263907,0.995,44.08303480304698,0.9990520057082176,8.35809307154653,1.0,0.0,1.0,0.0,1.0,0.0,1.0,0.0,1.0,0.0,1.0,0.0,1.0,0.0,1.0,0.0,1.0,0.0
29427,29,奈良県,河合町,2,29.871650856050692,18612.83691684204,5.52719430517563,0.5197507473081351,0.7581559604406356,4501.403667628742,0.95,930.6418458421028,0.7636159861087799,4399.777100305802,0.95,930.6418458421028,0.7687281453609467,4304.625313852297,0.95,930.6418458421028,0.9489374220371246,950.4194361765318,0.95,930.6418458421028,0.9495405718684197,939.1931067302162,0.95,930.6418458421028,0.9496020424365996,938.0489650694949,0.95,930.6418458421028,0.9546377128362655,844.3208531535468,0.955,837.5776612578925,0.9590959170460701,761.3410252544754,0.96,744.5134766736822,0.9796869802474975,378.0829239419189,0.9799999999999999,372.2567383368411,0.9898427537083626,189.05516875044532,0.9899999999999999,186.12836916842056,0.999289509654045,13.224240940249969,1.0,0.0,0.9990520057082175,17.644863151042674,1.0,0.0,1.0,0.0,1.0,0.0,1.0,0.0,1.0,0.0,1.0,0.0,1.0,0.0,1.0,0.0,1.0,0.0
29441,29,奈良県,吉野町,2,31.443843006369146,19592.459912465303,5.586523995977533,0.23558744836598638,0.7996869359910488,3924.625676538472,0.9924999999999999,146.9434493434899,0.8054022596776484,3812.6484263220036,0.9924999999999999,146.9434493434899,0.8105984954535962,3710.8413851860323,0.9924999999999999,146.9434493434899,0.9913689118623733,169.10424833740475,0.9924999999999999,146.9434493434899,0.9919763639569283,157.20276752609428,0.9924999999999999,146.9434493434899,0.9920433315634728,155.89070737943828,0.9924999999999999,146.9434493434899,0.9920814827084541,155.14323260077552,0.9924999999999999,146.9434493434899,0.9915489229559898,165.57738820192478,0.9924999999999999,146.9434493434899,0.9946869802474976,104.09512651504006,0.9949999999999999,97.9622995623266,0.9973427537083626,52.06199144645251,0.9975,48.9811497811633,0.9967895096540451,62.901403402479055,0.9975,48.9811497811633,0.9990520057082176,18.573540158992287,1.0,0.0,1.0,0.0,1.0,0.0,1.0,0.0,1.0,0.0,1.0,0.0,1.0,0.0,1.0,0.0,1.0,0.0
29442,29,奈良県,大淀町,6,31.44384300636915,19592.459912465303,5.619118973468317,0.32493014808744203,0.774435140490532,4419.370467600122,0.9699999999999999,587.7737973739597,0.7804842910170554,4300.8527284047395,0.9699999999999999,587.7737973739597,0.7857138738036157,4198.3923373001435,0.9699999999999999,587.7737973739597,0.9688689118623733,609.9345963678745,0.9699999999999999,587.7737973739597,0.9694763639569282,598.0331155565641,0.9699999999999999,587.7737973739597,0.9695433315634727,596.7210554099081,0.9699999999999999,587.7737973739597,0.9795814827084541,400.0489815065921,0.98,391.8491982493065,0.9790489229559898,410.4831371077403,0.98,391.8491982493065,0.9946869802474975,104.09512651504008,0.9949999999999999,97.96229956232662,0.9998427537083625,3.080841665289209,1.0,0.0,0.9992895096540451,13.920253621315757,1.0,0.0,0.9990520057082175,18.573540158992287,1.0,0.0,1.0,0.0,1.0,0.0,1.0,0.0,1.0,0.0,1.0,0.0,1.0,0.0,1.0,0.0,1.0,0.0
29446,29,奈良県,天川村,2,31.443843006369146,19592.459912465303,5.436725712972093,0.157430148087442,0.8044351404905319,3831.596670226163,1.0,0.0,0.8104842910170555,3713.0789310307796,1.0,0.0,0.8157138738036156,3610.6185399261835,1.0,0.0,0.9988689118623734,22.160798993914877,1.0,0.0,0.9994763639569283,10.259318182604371,1.0,0.0,0.9995433315634727,8.947258035948394,1.0,0.0,0.9995814827084541,8.199783257285624,1.0,0.0,0.9990489229559898,18.633938858435975,1.0,0.0,0.9996869802474976,6.132826952713459,1.0,0.0,0.9998427537083626,3.080841665289209,1.0,0.0,0.9992895096540451,13.920253621315755,1.0,0.0,0.9990520057082176,18.573540158992287,1.0,0.0,1.0,0.0,1.0,0.0,1.0,0.0,1.0,0.0,1.0,0.0,1.0,0.0,1.0,0.0,1.0,0.0
29447,29,奈良県,野迫川村,1,0.0,0.0,5.3066813439685925,0.0,1.0,0.0,0.985,0.0,1.0,0.0,0.985,0.0,1.0,0.0,0.985,0.0,1.0,0.0,0.985,0.0,1.0,0.0,0.985,0.0,1.0,0.0,0.985,0.0,1.0,0.0,0.985,0.0,1.0,0.0,0.99,0.0,1.0,0.0,0.99,0.0,1.0,0.0,0.99,0.0,1.0,0.0,0.99,0.0,1.0,0.0,0.995,0.0,1.0,0.0,1.0,0.0,1.0,0.0,1.0,0.0,1.0,0.0,1.0,0.0,1.0,0.0,1.0,0.0
29449,29,奈良県,十津川村,4,1.5721921503184575,979.6229956232653,5.505508600001698,0.2245515441149475,0.791557374894619,204.1951888213106,0.99,9.796229956232661,0.7975956431031227,198.27996243051945,0.99,9.796229956232661,0.8029418382048606,193.0427067697685,0.99,9.796229956232661,0.9888689118623732,10.904269905928405,0.99,9.796229956232661,0.9894763639569284,10.30919586536288,0.99,9.796229956232661,0.9895433315634727,10.243592858030082,0.99,9.796229956232661,0.9895814827084541,10.206219119096943,0.99,9.796229956232661,0.9940489229559898,5.82981192103813,0.995,4.898114978116331,0.9946869802474976,5.204756325752004,0.995,4.898114978116331,0.9998427537083626,0.15404208326446048,1.0,0.0,0.9992895096540451,0.6960126810657878,1.0,0.0,0.9990520057082176,0.9286770079496145,1.0,0.0,1.0,0.0,1.0,0.0,1.0,0.0,1.0,0.0,1.0,0.0,1.0,0.0,1.0,0.0,1.0,0.0
29450,29,奈良県,下北山村,3,14.149729352866114,8816.606960609388,5.539246996351356,0.3776071620360017,0.7709284429748854,2019.6338841452562,0.9666666666666667,293.8868986869798,0.7768892842531204,1967.0794894404808,0.9666666666666667,293.8868986869798,0.7821591955423355,1920.6167528861931,0.9666666666666667,293.8868986869798,0.9656243390838306,303.0766913090481,0.9666666666666667,293.8868986869798,0.9662304120262465,297.7331843863069,0.9666666666666667,293.8868986869798,0.9662812087933222,297.28532925612967,0.9666666666666667,293.8868986869798,0.9663161968191465,296.9768535841097,0.9666666666666667,293.8868986869798,0.9742975741624833,226.6081865435966,0.975,220.41517401523487,0.9864177373051642,119.74947181611316,0.9866666666666668,117.55475947479194,0.9998427537083627,1.3863787493801443,1.0,0.0,0.9992895096540453,6.264114129592091,1.0,0.0,0.9990520057082177,8.35809307154653,1.0,0.0,1.0,0.0,1.0,0.0,1.0,0.0,1.0,0.0,1.0,0.0,1.0,0.0,1.0,0.0,1.0,0.0
29452,29,奈良県,川上村,1,0.0,0.0,5.334811323447739,0.0,1.0,0.0,0.99,0.0,1.0,0.0,0.99,0.0,1.0,0.0,0.99,0.0,1.0,0.0,0.99,0.0,1.0,0.0,0.99,0.0,1.0,0.0,0.99,0.0,1.0,0.0,0.99,0.0,1.0,0.0,0.995,0.0,1.0,0.0,0.995,0.0,1.0,0.0,0.995,0.0,1.0,0.0,0.995,0.0,1.0,0.0,0.995,0.0,1.0,0.0,1.0,0.0,1.0,0.0,1.0,0.0,1.0,0.0,1.0,0.0,1.0,0.0,1.0,0.0
30201,30,和歌山県,和歌山市,27,288.4446508586273,179728.03953282663,5.921337602933805,27.04290429070954,0.48128451392116656,93227.71738826596,0.5685555555555556,77542.66416732951,0.48385843560161695,92765.11149072758,0.5685555555555556,77542.66416732951,0.48616113701524843,92351.25148002611,0.5685555555555556,77542.66416732951,0.5663715775812227,77935.18624703927,0.5685555555555556,77542.66416732951,0.5666758949032648,77880.49189135272,0.5685555555555556,77542.66416732951,0.5677024241160575,77695.9958084143,0.5695555555555556,77362.93612779668,0.5713849519740584,77034.14229597081,0.5728888888888889,76763.84266268727,0.5715572086888262,77003.18293432922,0.5733333333333334,76683.963534006,0.5793930868230052,75594.85591925507,0.5801851851851851,75452.49363350333,0.5872726152814769,74178.68371697085,0.588,74047.95228752456,0.5952457498332047,72745.6878750574,0.5957777777777779,72650.06753560259,0.6030321084194713,71346.26091124809,0.6033333333333333,71292.12234802122,0.6268148148148147,67071.84171602817,0.6268148148148147,67071.84171602817,0.6856670735888183,56494.44062449793,0.6863333333333334,56374.6950667966,0.7543337179787146,44153.1192470041,0.7550000000000001,44033.36968554251,0.8816296296296295,21274.474605441246,0.8816296296296295,21274.474605441246
30202,30,和歌山県,海南市,11,85.46508173588958,53252.75245417084,5.529116285592484,27.408110643629197,0.42905713738361373,30404.278928386084,0.5496249999999999,23983.708386547194,0.4323489842028356,30228.97902460501,0.5496249999999999,23983.708386547194,0.4352377989948727,30075.14168559872,0.5496249999999999,23983.708386547194,0.5308899803533969,24981.39975001178,0.5496249999999999,23983.708386547194,0.5337946945912954,24826.715721750857,0.5496249999999999,23983.708386547194,0.5338620118200595,24823.130894031572,0.5496249999999999,23983.708386547194,0.5354391332007764,24739.144839554094,0.5496249999999999,23983.708386547194,0.5371097245644595,24650.18125121179,0.5496249999999999,23983.708386547194,0.5426519506294281,24355.042458528973,0.5511249999999999,23903.829257865935,0.5473163875881583,24106.648351827625,0.5526249999999999,23823.95012918468,0.5510531630460173,23907.654773393442,0.55675,23604.282525311224,0.5619626042135059,23326.697003487825,0.566125,23105.037971053374,0.6056549931839108,20999.957029515506,0.6088749999999998,20828.48280363757,0.6958749999999999,16195.493340124707,0.6958749999999999,16195.493340124707,0.772375,12121.657777380638,0.772375,12121.657777380638,0.905125,5052.35488908946,0.905125,5052.35488908946
30203,30,和歌山県,橋本市,7,100.42147103967025,62571.98413365074,5.48138641306258,0.2007972383380254,0.7927783423789004,12966.270272816248,0.9932978723404254,419.3654255765957,0.7988732703949544,12584.898533699983,0.9932978723404254,419.3654255765957,0.8042477710766995,12248.605362315522,0.9932978723404254,419.3654255765957,0.992166784202799,490.13985457793007,0.9932978723404254,419.3654255765957,0.9927742362973538,452.13037175548624,0.9932978723404254,419.3654255765957,0.9928412039038983,447.940075741318,0.9932978723404254,419.3654255765957,0.994794248665901,325.7341898809767,0.9952127659574469,299.54673255471124,0.9961765825304578,239.23881724051287,0.997127659574468,179.72803953282676,0.9968146398219656,199.31430651992738,0.997127659574468,179.72803953282676,0.9998427537083626,9.8392124654096,1.0,0.0,0.9992895096540451,44.4567906542045,1.0,0.0,0.9990520057082175,59.31788378419878,1.0,0.0,1.0,0.0,1.0,0.0,1.0,0.0,1.0,0.0,1.0,0.0,1.0,0.0,1.0,0.0,1.0,0.0
30204,30,和歌山県,有田市,6,38.45928678115031,23963.73860437688,5.614543103348846,1.0965093302780233,0.7600518800877034,5750.0540241899525,0.975,599.0934651094225,0.7657493138872087,5613.522209902869,0.975,599.0934651094225,0.770979955997318,5488.176469643162,0.975,599.0934651094225,0.9397220458638913,1444.4851365243285,0.975,599.0934651094225,0.9438722821128613,1345.0299599076006,0.975,599.0934651094225,0.9439798912954575,1342.4512415844342,0.975,599.0934651094225,0.9547925867688899,1083.3386336503686,0.9825,419.3654255765957,0.9608067543608193,939.2166935544562,0.9849999999999999,359.4560790656535,0.9723207124322651,663.2992120285742,0.9899999999999999,239.637386043769,0.9814232873171569,445.1674868602663,0.9924999999999999,179.72803953282676,0.9833700432628393,398.5159362514157,0.995,119.8186930218845,0.991715906113386,198.51786047293166,1.0,0.0,0.9857210382819176,342.1773061540323,0.9924999999999999,179.72803953282676,1.0,0.0,1.0,0.0,0.9974999999999999,59.90934651094225,0.9974999999999999,59.90934651094225,0.9905889809131623,225.52320139778215,0.9974999999999999,59.90934651094225
30205,30,和歌山県,御坊市,4,40.59591382454755,25295.05741573115,5.985238716331373,33.38179452892512,0.36496995068967075,16063.12155801936,0.47368421052631576,13313.18811354271,0.3677746890826261,15992.17553933345,0.47368421052631576,13313.18811354271,0.3702847108664297,15928.6843941974,0.47368421052631576,13313.18811354271,0.45317315134081204,13832.016533297488,0.47368421052631576,13313.18811354271,0.45513869514109073,13782.297990016305,0.47368421052631576,13313.18811354271,0.45518966791179416,13781.008630854722,0.47368421052631576,13313.18811354271,0.45774040570175106,13716.487572005286,0.47368421052631576,13313.18811354271,0.4594050114031914,13674.381275212801,0.47368421052631576,13313.18811354271,0.4643728482780716,13548.719556230719,0.4760526315789474,13253.278767031768,0.46870092202748836,13439.240682239702,0.4763157894736842,13246.622172974998,0.4731757011596538,13326.050887168862,0.48105263157894734,13126.803479953112,0.4852868860992022,13019.69776875045,0.49157894736842106,12860.539717682257,0.5212194564703264,12110.78133811806,0.5263157894736842,11981.86930218844,0.6260526315789474,9459.020154672096,0.6260526315789474,9459.020154672096,0.7157894736842104,7189.121581313064,0.7157894736842104,7189.121581313064,0.8605263157894738,3527.994850088818,0.8605263157894738,3527.994850088818
30206,30,和歌山県,田辺市,8,57.68893017172547,35945.60790656532,5.826268465348367,21.714743352183127,0.49025485623298054,18323.09907012505,0.645,12760.69080683069,0.49409437158125613,18185.085356864696,0.645,12760.69080683069,0.4974928518972592,18062.924915947468,0.645,12760.69080683069,0.6091814740575985,14048.209496147387,0.645,12760.69080683069,0.6107517923491832,13991.763450549577,0.645,12760.69080683069,0.61079119012531,13990.347273536532,0.645,12760.69080683069,0.6143751213249925,13861.52068786864,0.6466666666666666,12700.781460319748,0.6232484714982274,13542.562721723883,0.6533333333333332,12461.144074275977,0.6369069085813923,13051.601897715947,0.6633333333333333,12101.687995210325,0.6459612345990899,12726.138644825576,0.6666666666666666,11981.86930218844,0.6472590718962116,12679.487094216724,0.6683333333333333,11921.959955677497,0.6561536719619957,12359.765287766342,0.6716666666666666,11802.141262655612,0.689494049847126,11161.325136850723,0.6966666666666667,10903.50106499148,0.76,8626.945897575675,0.76,8626.945897575675,0.8266666666666667,6230.572037137988,0.8266666666666667,6230.572037137988,0.9166666666666667,2995.46732554711,0.9166666666666667,2995.46732554711
30207,30,和歌山県,新宮市,4,12.819762260383436,7987.912868125626,5.966052907234618,17.38491647809897,0.4892702871561051,4079.664445359854,0.615,3075.346454228366,0.49285905942320823,4050.9976451866887,0.615,3075.346454228366,0.49653846815228464,4021.6068488526053,0.615,3075.346454228366,0.6142670600116252,3081.201114993068,0.615,3075.346454228366,0.6145750059187413,3078.7412699189304,0.615,3075.346454228366,0.6146354945003987,3078.2580923991345,0.615,3075.346454228366,0.6171605551242828,3058.0881281488128,0.6174999999999999,3055.376672058052,0.6266279876232148,2982.4631022624835,0.6275,2975.497543376796,0.6472178438305854,2817.9931249107703,0.6475,2815.739286014283,0.6748427537083627,2597.327751817264,0.675,2596.071682140828,0.7092914265427679,2322.154754793467,0.7125,2296.5249495861176,0.7315548901019793,2144.316147739798,0.7349999999999999,2116.796910053291,0.7600107111336547,1917.0135287477976,0.775,1797.2803953282657,0.8250029189603083,1397.8614355213763,0.8300000000000001,1357.9451875813563,0.8775016080551723,978.5064813407862,0.88,958.5495441750751,0.9349999999999999,519.2143364281657,0.9349999999999999,519.2143364281657
30208,30,和歌山県,紀の川市,4,27.776151564164113,17307.144547605523,5.232549414545433,0.2211770376563073,0.7942943176627159,3560.1779784751993,0.995,86.53572273802769,0.8004084485769272,3454.3598309599624,0.995,86.53572273802769,0.8058196708559991,3360.7070247968422,0.995,86.53572273802769,0.9938689118623734,106.11162863201378,0.995,86.53572273802769,0.9944763639569284,95.59836742580592,0.995,86.53572273802769,0.9945433315634727,94.43934937933386,0.995,86.53572273802769,0.9945814827084541,93.77906199848408,0.995,86.53572273802769,0.9940489229559897,102.99615061462173,0.995,86.53572273802769,0.9946869802474975,91.95320084084277,0.995,86.53572273802769,0.9948427537083626,89.25720703697078,0.995,86.53572273802769,0.999289509654045,12.296559117120392,1.0,0.0,0.9990520057082176,16.40707423818264,1.0,0.0,1.0,0.0,1.0,0.0,1.0,0.0,1.0,0.0,1.0,0.0,1.0,0.0,1.0,0.0,1.0,0.0
30209,30,和歌山県,岩出市,2,0.0,0.0,5.718028590435882,0.0,1.0,0.0,0.9975,0.0,1.0,0.0,0.9975,0.0,1.0,0.0,0.9975,0.0,1.0,0.0,0.9975,0.0,1.0,0.0,0.9975,0.0,1.0,0.0,0.9975,0.0,1.0,0.0,0.9975,0.0,1.0,0.0,1.0,0.0,1.0,0.0,1.0,0.0,1.0,0.0,1.0,0.0,1.0,0.0,1.0,0.0,1.0,0.0,1.0,0.0,1.0,0.0,1.0,0.0,1.0,0.0,1.0,0.0,1.0,0.0,1.0,0.0,1.0,0.0,1.0,0.0
30304,30,和歌山県,紀美野町,1,21.366270433972392,13313.188113542708,5.618632624291004,0.6179708566756387,0.7785845778696238,2947.7451660611646,1.0,0.0,0.7845392362587154,2868.4696787753046,1.0,0.0,0.7898413403145969,2797.8817700817763,1.0,0.0,0.9627289221239336,496.19687095857364,1.0,0.0,0.9668791583729035,440.9439950603916,1.0,0.0,0.9669867675554996,439.51137376974356,1.0,0.0,0.9702994630289323,395.4088357690553,1.0,0.0,0.9738136306208617,348.624061555183,1.0,0.0,0.9823207124322653,235.36768110266948,1.0,0.0,0.9889232873171567,147.4663596263553,1.0,0.0,0.9883700432628393,154.831801794184,1.0,0.0,0.9917159061133861,110.2877002627398,1.0,0.0,0.9932210382819175,90.24959256733639,1.0,0.0,1.0,0.0,1.0,0.0,1.0,0.0,1.0,0.0,1.0,0.0,1.0,0.0
30341,30,和歌山県,かつらぎ町,2,21.366270433972396,13313.18811354271,5.364669979468852,0.16206963397562515,0.7980942395329474,2688.009370305764,1.0,0.0,0.8042173439264297,2606.491329676476,1.0,0.0,0.8096335098147391,2534.3848943512585,1.0,0.0,0.9988689118623734,15.058389149220073,1.0,0.0,0.9994763639569283,6.971265144444787,1.0,0.0,0.9995433315634726,6.079712801004748,1.0,0.0,0.9995814827084543,5.571799431120301,1.0,0.0,0.9990489229559898,12.661867597380022,1.0,0.0,0.9996869802474976,4.167290848319288,1.0,0.0,0.9998427537083625,2.093449460725447,1.0,0.0,0.999289509654045,9.458891628554149,1.0,0.0,0.9990520057082175,12.62082633706357,1.0,0.0,1.0,0.0,1.0,0.0,1.0,0.0,1.0,0.0,1.0,0.0,1.0,0.0,1.0,0.0,1.0,0.0
30344,30,和歌山県,高野町,2,0.0,0.0,5.226962099000678,0.0,1.0,0.0,1.0,0.0,1.0,0.0,1.0,0.0,1.0,0.0,1.0,0.0,1.0,0.0,1.0,0.0,1.0,0.0,1.0,0.0,1.0,0.0,1.0,0.0,1.0,0.0,1.0,0.0,1.0,0.0,1.0,0.0,1.0,0.0,1.0,0.0,1.0,0.0,1.0,0.0,1.0,0.0,1.0,0.0,1.0,0.0,1.0,0.0,1.0,0.0,1.0,0.0,1.0,0.0,1.0,0.0,1.0,0.0,1.0,0.0,1.0,0.0,1.0,0.0
30361,30,和歌山県,湯浅町,1,19.229643390575156,11981.86930218844,5.9999696587609606,0.8033954230935713,0.7666621692292392,2795.8233915514193,0.9849999999999999,179.72803953282676,0.7722490785829723,2728.8817738718158,0.9849999999999999,179.72803953282676,0.7775434045307338,2665.4458523225526,0.9849999999999999,179.72803953282676,0.9477289221239334,626.3052233955431,0.9849999999999999,179.72803953282676,0.9518791583729034,576.5776350871793,0.9849999999999999,179.72803953282676,0.9519867675554997,575.2882759255959,0.9849999999999999,179.72803953282676,0.9552994630289321,535.5959917249766,0.9849999999999999,179.72803953282676,0.9588136306208617,493.4896949324915,0.9849999999999999,179.72803953282676,0.9773207124322653,271.7402595033448,0.995,59.90934651094225,0.9839232873171568,192.62907017466205,0.995,59.90934651094225,0.9833700432628393,199.2579681257079,0.995,59.90934651094225,0.986715906113386,159.16827674740807,0.995,59.90934651094225,0.9932210382819177,81.22463331060277,1.0,0.0,1.0,0.0,1.0,0.0,1.0,0.0,1.0,0.0,1.0,0.0,1.0,0.0
30362,30,和歌山県,広川町,2,38.45928678115031,23963.73860437688,5.5451600713164195,30.634388618621575,0.39314634135487725,14542.482446881479,0.51,11742.23191614467,0.39615877723816084,14470.293220812022,0.51,11742.23191614467,0.39886209181073357,14405.511697029488,0.51,11742.23191614467,0.4883494375264127,12261.060335899447,0.51,11742.23191614467,0.49042417820448464,12211.341792618263,0.51,11742.23191614467,0.4904779827957827,12210.05243345668,0.51,11742.23191614467,0.49317042824073726,12145.531374607246,0.51,11742.23191614467,0.494927512036702,12103.42507781476,0.51,11742.23191614467,0.5026713398490756,11917.854012321735,0.515,11622.413223122785,0.5069620843623488,11815.031732387492,0.515,11622.413223122785,0.5116854623351902,11701.841937316653,0.5199999999999999,11502.594530100901,0.52835837977138,11302.29650210344,0.5349999999999999,11143.138451035247,0.5521205373853445,10732.86636836639,0.5575,10603.95433243677,0.6525,8327.399165020966,0.6525,8327.399165020966,0.74,6230.572037137988,0.74,6230.572037137988,0.89,2636.0112464814565,0.89,2636.0112464814565
30366,30,和歌山県,有田川町,6,19.229643390575156,11981.86930218844,5.448696103568171,0.6772284523264905,0.774647349845618,2700.1460010516003,0.995,59.90934651094225,0.7805222137086093,2629.754150077089,0.995,59.90934651094225,0.7858115096203983,2566.378497761434,0.995,59.90934651094225,0.9577289221239335,506.4865303736586,0.995,59.90934651094225,0.9618791583729035,456.7589420652948,0.995,59.90934651094225,0.9619867675554996,455.46958290371145,0.995,59.90934651094225,0.9652994630289322,415.77729870309213,0.995,59.90934651094225,0.9688136306208618,373.671001910607,0.995,59.90934651094225,0.9773207124322653,271.7402595033448,0.995,59.90934651094225,0.9839232873171568,192.62907017466205,0.995,59.90934651094225,0.9883700432628394,139.34862161476562,1.0,0.0,0.991715906113386,99.25893023646583,1.0,0.0,0.9932210382819177,81.22463331060277,1.0,0.0,1.0,0.0,1.0,0.0,1.0,0.0,1.0,0.0,1.0,0.0,1.0,0.0
30382,30,和歌山県,日高町,1,19.229643390575156,11981.86930218844,6.196489894765128,1.1395126518301186,0.729213602366508,3244.52722525493,0.9500000000000001,599.0934651094225,0.7347371585393557,3178.3446971085723,0.9500000000000001,599.0934651094225,0.7398430354619632,3117.16674714883,0.9500000000000001,599.0934651094225,0.9066988750528252,1117.9218848642004,0.9500000000000001,599.0934651094225,0.9108483564089693,1068.2033415830165,0.9500000000000001,599.0934651094225,0.9109559655915654,1066.913982421433,0.9500000000000001,599.0934651094225,0.9213408564814743,942.4835770610559,0.9549999999999998,539.1841185984803,0.934855024073404,780.5585872466863,0.965,419.3654255765957,0.9603426796981512,475.16882873177605,0.9849999999999999,179.72803953282676,0.9739241687246976,312.4372022865902,0.9899999999999999,119.8186930218845,0.9833709246703803,199.2474072157502,1.0,0.0,0.9867167595427601,159.15805106819212,1.0,0.0,0.989241074770689,128.91203592962205,1.0,0.0,1.0,0.0,1.0,0.0,1.0,0.0,1.0,0.0,1.0,0.0,1.0,0.0
30383,30,和歌山県,由良町,5,2.1366270433972394,1331.318811354271,5.6450737543191085,0.04750000000000004,0.9899999999999999,13.313188113542722,0.9899999999999999,13.313188113542722,0.9899999999999999,13.313188113542722,0.9899999999999999,13.313188113542722,0.9899999999999999,13.313188113542722,0.9899999999999999,13.313188113542722,0.9899999999999999,13.313188113542722,0.9899999999999999,13.313188113542722,0.9899999999999999,13.313188113542722,0.9899999999999999,13.313188113542722,0.9899999999999999,13.313188113542722,0.9899999999999999,13.313188113542722,0.995,6.656594056771361,0.995,6.656594056771361,0.995,6.656594056771361,0.995,6.656594056771361,1.0,0.0,1.0,0.0,1.0,0.0,1.0,0.0,1.0,0.0,1.0,0.0,1.0,0.0,1.0,0.0,1.0,0.0,1.0,0.0,1.0,0.0,1.0,0.0,1.0,0.0,1.0,0.0,1.0,0.0,1.0,0.0
30390,30,和歌山県,印南町,3,19.229643390575156,11981.86930218844,5.5280447660656415,0.9386920168207507,0.7582598602928919,2896.4987590633427,0.9899999999999999,119.8186930218845,0.7640979799785419,2826.5471720193514,0.9899999999999999,119.8186930218845,0.7692872417130274,2764.370116141898,0.9899999999999999,119.8186930218845,0.9417023419223551,698.5149197100109,0.9899999999999999,119.8186930218845,0.945851823278499,648.796376428827,0.9899999999999999,119.8186930218845,0.9459594324610954,647.5070172672438,0.9899999999999999,119.8186930218845,0.9513443233510042,582.9859584178088,0.9899999999999999,119.8186930218845,0.9598584909429339,480.97031511438144,0.995,59.90934651094225,0.970346146567681,355.3085961322979,1.0,0.0,0.9789276355942275,252.48631619805428,1.0,0.0,0.97837439153991,259.1152141490988,1.0,0.0,0.9867167595427601,159.15805106819212,1.0,0.0,0.989241074770689,128.91203592962205,1.0,0.0,1.0,0.0,1.0,0.0,1.0,0.0,1.0,0.0,1.0,0.0,1.0,0.0
30391,30,和歌山県,みなべ町,2,19.229643390575156,11981.86930218844,5.694540131940272,0.8747000022791335,0.7537777572870255,2950.202731478581,0.9599999999999999,479.274772087538,0.7595822811126709,2880.653685638258,0.9599999999999999,479.274772087538,0.764778738617897,2818.3904109762625,0.9599999999999999,479.274772087538,0.9364022041112184,762.0204782466379,0.9599999999999999,479.274772087538,0.9405516854673625,712.3019349654527,0.9599999999999999,479.274772087538,0.9406592946499587,711.0125758038707,0.9599999999999999,479.274772087538,0.9461414179950952,645.3264903839673,0.965,419.3654255765957,0.9496555855870248,603.2201935914823,0.965,419.3654255765957,0.9652425197511911,416.45958561462396,0.9800000000000001,239.637386043769,0.9789232873171568,252.5384166856043,0.9899999999999999,119.8186930218845,0.9833700432628393,199.2579681257079,0.995,59.90934651094225,0.991715906113386,99.25893023646583,1.0,0.0,0.9932210382819177,81.22463331060277,1.0,0.0,1.0,0.0,1.0,0.0,1.0,0.0,1.0,0.0,1.0,0.0,1.0,0.0
30392,30,和歌山県,日高川町,7,40.59591382454755,25295.05741573115,5.43151882504664,0.7395208710698873,0.7678649997503166,5871.868159516505,0.9871052631578948,326.1731087817967,0.7737793386088206,5722.264618514557,0.9871052631578948,326.1731087817967,0.7790776743022051,5588.242912942579,0.9871052631578948,326.1731087817967,0.954174311399348,1159.1634242689079,0.9871052631578948,326.1731087817967,0.958323792755492,1054.2020551197418,0.9871052631578948,326.1731087817967,0.9584314019380882,1051.4800746675105,0.9871052631578948,326.1731087817967,0.9638674678044327,913.9744764626273,0.9897368421052631,259.6071682140831,0.9673816353963622,825.0834054562697,0.9897368421052631,259.6071682140831,0.9779215428839617,558.4758404009476,0.9973684210526316,66.56594056771361,0.9865552837733604,340.0848688910611,1.0,0.0,0.9860020397190431,354.07920900993423,1.0,0.0,0.9893478893167738,269.4457513309319,1.0,0.0,0.9913357924081776,219.16162849695846,1.0,0.0,1.0,0.0,1.0,0.0,1.0,0.0,1.0,0.0,1.0,0.0,1.0,0.0
30401,30,和歌山県,白浜町,5,19.229643390575156,11981.86930218844,5.814724803845314,1.337549897665922,0.7349102512584068,3176.270722771742,0.975,299.54673255471124,0.7406479290709831,3107.522617123386,0.975,299.54673255471124,0.7457394862757064,3046.516244151776,0.975,299.54673255471124,0.9119897736301935,1054.5270296190386,0.975,299.54673255471124,0.9161351175299204,1004.858060799887,0.975,299.54673255471124,0.9161942141941107,1004.1499722933629,0.975,299.54673255471124,0.9265696157265485,879.8332671739706,0.9800000000000001,239.637386043769,0.9448727072473411,660.5280167458379,0.9899999999999999,119.8186930218845,0.9553603628720885,534.8662977637543,0.995,59.90934651094225,0.9639418518986349,432.0440178295108,0.995,59.90934651094225,0.9633886078443173,438.6729157805553,0.995,59.90934651094225,0.9767305079429934,278.81201255536473,1.0,0.0,0.989241074770689,128.91203592962205,1.0,0.0,1.0,0.0,1.0,0.0,1.0,0.0,1.0,0.0,1.0,0.0,1.0,0.0
30404,30,和歌山県,上富田町,1,0.0,0.0,5.771387721695175,0.0,1.0,0.0,0.96,0.0,1.0,0.0,0.96,0.0,1.0,0.0,0.96,0.0,1.0,0.0,0.96,0.0,1.0,0.0,0.96,0.0,1.0,0.0,0.96,0.0,1.0,0.0,0.96,0.0,1.0,0.0,0.98,0.0,1.0,0.0,0.99,0.0,1.0,0.0,0.99,0.0,1.0,0.0,0.995,0.0,1.0,0.0,1.0,0.0,1.0,0.0,1.0,0.0,1.0,0.0,1.0,0.0,1.0,0.0,1.0,0.0,1.0,0.0,1.0,0.0
30406,30,和歌山県,すさみ町,3,0.0,0.0,5.628694692945106,0.0,1.0,0.0,0.7683333333333332,0.0,1.0,0.0,0.7683333333333332,0.0,1.0,0.0,0.7683333333333332,0.0,1.0,0.0,0.7683333333333332,0.0,1.0,0.0,0.7683333333333332,0.0,1.0,0.0,0.7683333333333332,0.0,1.0,0.0,0.7733333333333333,0.0,1.0,0.0,0.7916666666666666,0.0,1.0,0.0,0.8033333333333333,0.0,1.0,0.0,0.805,0.0,1.0,0.0,0.8150000000000001,0.0,1.0,0.0,0.8516666666666667,0.0,1.0,0.0,0.895,0.0,1.0,0.0,0.9483333333333333,0.0,1.0,0.0,0.9700000000000001,0.0,1.0,0.0,0.995,0.0
30421,30,和歌山県,那智勝浦町,4,70.50869243210889,43933.520774690944,6.1683802562122185,72.8741675988275,0.0003422512907436061,43918.484470498894,0.13939393939393943,37809.454242461296,0.0003422512907436061,43918.484470498894,0.13939393939393943,37809.454242461296,0.0003422512907436061,43918.484470498894,0.13939393939393943,37809.454242461296,9.032012907978656e-05,43929.55269342364,0.13939393939393943,37809.454242461296,9.032012907978656e-05,43929.55269342364,0.13939393939393943,37809.454242461296,9.032012907978656e-05,43929.55269342364,0.13939393939393943,37809.454242461296,9.032012907978656e-05,43929.55269342364,0.13939393939393943,37809.454242461296,9.062358074130097e-05,43929.539361723764,0.14090909090909093,37742.88830189358,9.062358074130097e-05,43929.539361723764,0.14090909090909093,37742.88830189358,0.0005463268025072687,43909.51871476322,0.14287878787878788,37656.35257915555,0.0005509409662530138,43909.31599830443,0.15045454545454545,37323.52287631699,0.00364343540292325,43773.45182972537,0.1572727272727273,37023.97614376227,0.02398956300232165,42879.574810152684,0.26712121212121215,32197.94545260304,0.11671370544484959,38805.87677183848,0.3715151515151516,27611.55214748758,0.27713631425486795,31757.94675495342,0.49621212121212127,22133.175238764754,0.5877758204743838,18110.459555018588,0.7303030303030303,11848.73742105301
30422,30,和歌山県,太地町,1,21.366270433972392,13313.188113542708,5.920700700914666,67.9912005065221,0.001119576467317529,13298.282981425815,0.455,7255.687521880775,0.001119576467317529,13298.282981425815,0.455,7255.687521880775,0.001119576467317529,13298.282981425815,0.455,7255.687521880775,0.0002954562737431843,13309.254648591039,0.455,7255.687521880775,0.0002954562737431843,13309.254648591039,0.455,7255.687521880775,0.0002954562737431843,13309.254648591039,0.455,7255.687521880775,0.0002954562737431843,13309.254648591039,0.455,7255.687521880775,0.00029905781644629315,13309.206700575533,0.465,7122.555640745348,0.00029905781644629315,13309.206700575533,0.465,7122.555640745348,0.0003028784482739866,13309.1558357853,0.47,7055.989700177636,0.00031810518863494507,13308.953119326517,0.49499999999999994,6723.159997339068,0.004705753485031891,13250.539532180519,0.51,6523.4621756359265,0.05208009106107056,12619.836064276242,0.8099999999999999,2529.505741573114,0.16722058958606795,11086.948947925866,0.84,2130.1100981668337,0.38650335233076477,8167.5962774483605,0.885,1531.0166330574114,0.6757069715921534,4317.37409110411,0.95,665.659405677136
30424,30,和歌山県,古座川町,3,0.0,0.0,5.762152495892046,0.0,1.0,0.0,0.8183333333333334,0.0,1.0,0.0,0.8183333333333334,0.0,1.0,0.0,0.8183333333333334,0.0,1.0,0.0,0.8183333333333334,0.0,1.0,0.0,0.8183333333333334,0.0,1.0,0.0,0.8183333333333334,0.0,1.0,0.0,0.8183333333333334,0.0,1.0,0.0,0.8183333333333334,0.0,1.0,0.0,0.82,0.0,1.0,0.0,0.82,0.0,1.0,0.0,0.8266666666666667,0.0,1.0,0.0,0.835,0.0,1.0,0.0,0.935,0.0,1.0,0.0,0.9466666666666667,0.0,1.0,0.0,0.9616666666666666,0.0,1.0,0.0,0.9833333333333334,0.0
30427,30,和歌山県,北山村,1,0.0,0.0,5.443974813816133,1.1150000000000002,0.16,0.0,0.155,0.0,0.19,0.0,0.18,0.0,0.29,0.0,0.28,0.0,0.595,0.0,0.575,0.0,0.87,0.0,0.845,0.0,0.955,0.0,0.93,0.0,0.985,0.0,0.96,0.0,0.985,0.0,0.97,0.0,0.99,0.0,0.98,0.0,1.0,0.0,1.0,0.0,1.0,0.0,1.0,0.0,1.0,0.0,1.0,0.0,1.0,0.0,1.0,0.0,1.0,0.0,1.0,0.0,1.0,0.0,1.0,0.0,1.0,0.0,1.0,0.0
30428,30,和歌山県,串本町,7,21.366270433972392,13313.188113542708,6.08115854725155,67.99067757281901,0.0012713094690116123,13296.262931431229,0.48000000000000004,6922.857819042209,0.0012713094690116123,13296.262931431229,0.48000000000000004,6922.857819042209,0.0012713094690116123,13296.262931431229,0.48000000000000004,6922.857819042209,0.0003354986179328989,13308.721557330335,0.48000000000000004,6922.857819042209,0.0003354986179328989,13308.721557330335,0.48000000000000004,6922.857819042209,0.0003354986179328989,13308.721557330335,0.48000000000000004,6922.857819042209,0.0003354986179328989,13308.721557330335,0.48000000000000004,6922.857819042209,0.0003302596430876292,13308.791304787972,0.48000000000000004,6922.857819042209,0.0003302596430876292,13308.791304787972,0.48000000000000004,6922.857819042209,0.0003215995442587882,13308.906598312762,0.48000000000000004,6922.857819042209,0.0003305859192914795,13308.786961011492,0.5,6656.594056771354,0.004705753485031891,13250.539532180519,0.51,6523.4621756359265,0.05208009106107056,12619.836064276242,0.8099999999999999,2529.505741573114,0.16722058958606795,11086.948947925866,0.84,2130.1100981668337,0.38650335233076477,8167.5962774483605,0.885,1531.0166330574114,0.6757069715921534,4317.37409110411,0.95,665.659405677136
33101,33,岡山県,岡山市北区,36,314.2940880093133,193682.63126624352,5.2979102561555775,0.43010450419226304,0.789471836349481,40775.648691482864,0.9895774647887325,2018.6640441833838,0.7955183932344547,39604.53564390012,0.9895774647887325,2018.6640441833838,0.800874047882947,38567.23835942688,0.9895774647887325,2018.6640441833838,0.9879060002984024,2342.397684738662,0.9895774647887325,2018.6640441833838,0.9890760579201539,2115.777845824664,0.9895774647887325,2018.6640441833838,0.9894232556055971,2048.5316845384864,0.9898591549295778,1964.1055565027518,0.9903035271965284,1878.0383665779825,0.990704225352113,1800.430093460856,0.991742796683815,1599.2768651790386,0.9926760563380282,1418.5206796964317,0.9929333720408698,1368.683097304,0.9932394366197184,1309.4037043351673,0.9944906410323061,1067.0671414531955,0.9946478873239438,1036.6112659320072,0.9947824674005241,1010.5454425839275,0.995492957746479,872.9358028901112,0.9956717240180771,838.3118810253743,0.9966197183098592,654.7018521675843,0.9966197183098592,654.7018521675843,0.9966197183098592,654.7018521675843,0.9974647887323944,491.02638912568824,0.9974647887323944,491.02638912568824,0.9983098591549296,327.35092608379216,0.9983098591549296,327.35092608379216,0.9994366197183098,109.11697536126405,0.9994366197183098,109.11697536126405
33102,33,岡山県,岡山市中区,9,132.80031887717467,81837.73152094797,5.457255884902095,18.122555763911457,0.5777221923172474,34558.25785239561,0.7241666666666666,22573.57427786148,0.5821714418927828,34194.14136016324,0.7241666666666666,22573.57427786148,0.5860868751605351,33873.71118360874,0.7241666666666666,22573.57427786148,0.7227031678160031,22693.3437038833,0.7234999999999999,22628.132765542112,0.7231334547698498,22658.129995677424,0.7234999999999999,22628.132765542112,0.7231803320944309,22654.293661773936,0.7234999999999999,22628.132765542112,0.7218737045625845,22761.22509492306,0.7221666666666666,22737.249740903375,0.7215009127358595,22791.73353235179,0.7221666666666666,22737.249740903375,0.7232808861732484,22646.064544068347,0.7234999999999999,22628.132765542112,0.7248899275958538,22514.38424411907,0.725,22505.376168260693,0.7253359900911648,22477.879501386244,0.7258333333333333,22437.1780586599,0.7280027974347273,22259.634037985685,0.7286666666666666,22205.304486017216,0.7458333333333333,20800.423428240945,0.7458333333333333,20800.423428240945,0.7863333333333332,17485.99530164255,0.7863333333333332,17485.99530164255,0.8404999999999999,13053.118177591201,0.8404999999999999,13053.118177591201,0.9221666666666667,6369.703436713782,0.9221666666666667,6369.703436713782
33103,33,岡山県,岡山市東区,25,216.9071874993853,133668.29481754836,5.395933650667809,9.879021530404685,0.6664215497046292,44588.86263886254,0.8356122448979593,21973.430913374534,0.6715938421731282,43897.491124300606,0.8356122448979593,21973.430913374534,0.6761336309824861,43290.66529532196,0.8356122448979593,21973.430913374534,0.8341820338482219,22164.604785622145,0.8356122448979593,21973.430913374534,0.834665897597288,22099.92754336044,0.8356122448979593,21973.430913374534,0.834720520595331,22092.626180354215,0.8356122448979593,21973.430913374534,0.8347535573272747,22088.21021672894,0.8356122448979593,21973.430913374534,0.8357034486524371,21961.23986303251,0.8370408163265306,21782.476206492316,0.8382139508943168,21625.66530922481,0.8384693877551022,21591.521499610106,0.8392625998903295,21485.494186065676,0.8393877551020409,21468.764902328683,0.8398383549342349,21408.53399111422,0.8404081632653061,21332.368683127104,0.8446382638812066,20766.93834689304,0.8454081632653062,20664.027209039363,0.8576530612244897,19027.272578620403,0.8576530612244897,19027.272578620403,0.8892857142857143,14798.989783371424,0.8892857142857143,14798.989783371424,0.9209183673469389,10570.706988122447,0.9209183673469389,10570.706988122447,0.9647959183673469,4705.669562454508,0.9647959183673469,4705.669562454508
33104,33,岡山県,岡山市南区,9,57.546804846775686,35463.01699241079,5.78350236209236,20.055775454319438,0.5470844601667845,16061.75148523223,0.6703846153846155,11689.155985575402,0.5508214400364803,15929.22690461291,0.6703846153846155,11689.155985575402,0.5541484501728645,15811.24108761239,0.6703846153846155,11689.155985575402,0.669688561146076,11713.840168864366,0.6703846153846155,11689.155985575402,0.6700623778196483,11700.583501817428,0.6703846153846155,11689.155985575402,0.6701035886544447,11699.122041282764,0.6703846153846155,11689.155985575402,0.6701270662821257,11698.289453773375,0.6703846153846155,11689.155985575402,0.6713377987421476,11655.353227970354,0.671923076923077,11634.59749789477,0.6717304493830756,11641.42865161905,0.671923076923077,11634.59749789477,0.6733647715128386,11583.470658160188,0.6734615384615384,11580.039010214137,0.67456277517172,11540.985834048302,0.675,11525.480522533506,0.6859550804358263,11136.980318884573,0.6865384615384615,11116.291864928766,0.7153846153846155,10093.320220916916,0.7153846153846155,10093.320220916916,0.7788461538461539,7842.782604090847,0.7788461538461539,7842.782604090847,0.8307692307692309,6001.433644869518,0.8307692307692309,6001.433644869518,0.9211538461538461,2796.1224936323883,0.9211538461538461,2796.1224936323883
33202,33,岡山県,倉敷市,61,586.5347417075214,361449.98088418687,5.624490536984055,14.587484820463853,0.6222694951163007,136530.68376958734,0.7727547169811321,82137.80320319146,0.6265334569760466,134989.47483689128,0.7734716981132076,81878.65038670845,0.6304652092169294,133568.34306458288,0.7734716981132076,81878.65038670845,0.7790121225952764,79876.0640635744,0.7819433962264152,78816.55526563298,0.7809585118981689,79172.5416872507,0.7834528301886793,78270.97038882667,0.7798641879805078,79568.08504637038,0.7834528301886792,78270.97038882665,0.7807659383938222,79242.14737671563,0.7843207547169811,77957.25908466302,0.7815151303389949,78971.35196245437,0.7843207547169811,77957.25908466302,0.7850137732528514,77706.7675481203,0.7884716981132075,76456.90067344565,0.7883111812692477,76514.91948362648,0.790566037735849,75699.90165687687,0.7905338321053466,75711.54238140631,0.793245283018868,74731.48850054565,0.7972609930859422,73280.01017356524,0.7980377358490566,72999.2565166856,0.7966792452830189,73490.28290581128,0.7966792452830189,73490.28290581128,0.8340754716981132,59973.41758293471,0.8340754716981132,59973.41758293471,0.8675849056603774,47861.43331783441,0.8675849056603774,47861.43331783441,0.9202641509433963,28820.521117293843,0.9202641509433963,28820.521117293843
33203,33,岡山県,津山市,13,123.94696428536301,76381.88275288478,4.963072088180668,0.16206963397562515,0.7980942395329476,15421.942123126439,1.0,0.0,0.8042173439264299,14954.247881259806,1.0,0.0,0.8096335098147392,14540.550933408776,1.0,0.0,0.9988689118623736,86.3946415113764,1.0,0.0,0.9994763639569285,39.99630684708763,1.0,0.0,0.9995433315634727,34.88119497576778,1.0,0.0,0.9995814827084541,31.967138692910023,1.0,0.0,0.9990489229559898,72.64505526454784,1.0,0.0,0.9996869802474978,23.909038034976792,1.0,0.0,0.9998427537083627,12.010767811172336,1.0,0.0,0.9992895096540452,54.26859030178673,1.0,0.0,0.9990520057082177,72.40958884532607,1.0,0.0,1.0,0.0,1.0,0.0,1.0,0.0,1.0,0.0,1.0,0.0,1.0,0.0,1.0,0.0,1.0,0.0
33204,33,岡山県,玉野市,17,168.21373724442125,103661.12659320077,5.469536984345942,0.333343301234142,0.7837506057442576,22416.65583364749,0.9918421052631579,845.6565590497964,0.7898298315455183,21786.476438274345,0.996842105263158,327.35092608379216,0.7950158085386148,21248.89222068354,0.996842105263158,327.35092608379216,0.9845666647649264,1599.8369175582675,0.996842105263158,327.35092608379216,0.9851360882020449,1540.8098425579888,0.996842105263158,327.35092608379216,0.9819269169578564,1873.4761491610511,0.9975000000000002,259.15281648300214,0.9819858562657845,1867.3664341006086,0.9975000000000002,259.15281648300214,0.9853665419379486,1516.9207486666005,0.9975000000000002,259.15281648300214,0.9858439672960231,1467.4302981844412,1.0,0.0,0.994843632494012,534.51486479928,1.0,0.0,0.9942903884396945,591.8647667508166,1.0,0.0,0.9990520057082175,98.27015629008538,1.0,0.0,1.0,0.0,1.0,0.0,1.0,0.0,1.0,0.0,1.0,0.0,1.0,0.0,1.0,0.0,1.0,0.0
33205,33,岡山県,笠岡市,22,141.6536734689863,87293.58028901117,5.409766825062363,13.991857586165423,0.619370090700686,33226.54754781871,0.7759375000000001,19559.217833506562,0.6240981664694846,32813.81688608255,0.7759375000000001,19559.217833506562,0.6282592046074569,32450.58496929983,0.7759375000000001,19559.217833506562,0.7750796767324212,19634.10029778876,0.7759375000000001,19559.217833506562,0.7755447729676963,19593.50038223264,0.7759375000000001,19559.217833506562,0.7755949986726046,19589.11600062865,0.7759375000000001,19559.217833506562,0.7756236120313407,19586.618238100487,0.7759375000000001,19559.217833506562,0.7752241922169923,19621.485023733323,0.7759375000000001,19559.217833506562,0.7757027351856234,19579.7112946794,0.7759375000000001,19559.217833506562,0.7770695652812718,19460.39580198345,0.7771875,19450.1008581453,0.7775921322405338,19414.77906116874,0.778125,19368.263126624355,0.7874134919792414,18557.437406270612,0.7881250000000001,18495.32732373424,0.80875,16694.89723027339,0.80875,16694.89723027339,0.85,13094.037043351673,0.85,13094.037043351673,0.87625,10802.580560765131,0.87625,10802.580560765131,0.9375,5455.848768063198,0.9375,5455.848768063198
33207,33,岡山県,井原市,5,26.560063775434934,16367.546304189593,5.165441467477444,0.16206963397562513,0.7980942395329476,3304.7018835270937,1.0,0.0,0.8042173439264297,3204.4816888413875,1.0,0.0,0.8096335098147392,3115.8323428733092,1.0,0.0,0.9988689118623734,18.513137466723514,1.0,0.0,0.9994763639569284,8.570637181518778,1.0,0.0,0.9995433315634729,7.474541780521667,1.0,0.0,0.9995814827084541,6.850101148480719,1.0,0.0,0.9990489229559898,15.566797556688824,1.0,0.0,0.9996869802474976,5.1233652932093126,1.0,0.0,0.9998427537083626,2.573735959536929,1.0,0.0,0.999289509654045,11.628983636097155,1.0,0.0,0.9990520057082177,15.516340466855585,1.0,0.0,1.0,0.0,1.0,0.0,1.0,0.0,1.0,0.0,1.0,0.0,1.0,0.0,1.0,0.0,1.0,0.0
33208,33,岡山県,総社市,9,17.70670918362329,10911.697536126396,5.262973350197736,0.16206963397562513,0.7980942395329476,2203.1345890180623,1.0,0.0,0.8042173439264297,2136.3211258942583,1.0,0.0,0.8096335098147392,2077.2215619155395,1.0,0.0,0.9988689118623734,12.342091644482343,1.0,0.0,0.9994763639569284,5.713758121012519,1.0,0.0,0.9995433315634729,4.9830278536811115,1.0,0.0,0.9995814827084541,4.566734098987146,1.0,0.0,0.9990489229559898,10.37786503779255,1.0,0.0,0.9996869802474976,3.4155768621395417,1.0,0.0,0.9998427537083626,1.7158239730246194,1.0,0.0,0.999289509654045,7.752655757398103,1.0,0.0,0.9990520057082176,10.344226977903723,1.0,0.0,1.0,0.0,1.0,0.0,1.0,0.0,1.0,0.0,1.0,0.0,1.0,0.0,1.0,0.0,1.0,0.0
33209,33,岡山県,高梁市,25,57.546804846775686,35463.01699241078,4.937043520314926,0.16206963397562515,0.7980942395329476,7160.1874143087025,1.0,0.0,0.8042173439264297,6943.043659156339,1.0,0.0,0.8096335098147392,6750.970076225503,1.0,0.0,0.9988689118623733,40.11179784456761,1.0,0.0,0.9994763639569285,18.569713893290686,1.0,0.0,0.9995433315634731,16.19484052446361,1.0,0.0,0.999581482708454,14.841885821708225,1.0,0.0,0.9990489229559898,33.728061372825785,1.0,0.0,0.9996869802474978,11.100624801953511,1.0,0.0,0.9998427537083627,5.576427912330013,1.0,0.0,0.9992895096540451,25.19613121154384,1.0,0.0,0.9990520057082177,33.6187376781871,1.0,0.0,1.0,0.0,1.0,0.0,1.0,0.0,1.0,0.0,1.0,0.0,1.0,0.0,1.0,0.0,1.0,0.0
33210,33,岡山県,新見市,11,106.24025510173972,65470.18521675838,4.7139640373822695,0.16206963397562515,0.7980942395329477,13218.807534108377,1.0,0.0,0.8042173439264299,12817.926755365548,1.0,0.0,0.8096335098147394,12463.329371493237,1.0,0.0,0.9988689118623736,74.05254986689405,1.0,0.0,0.9994763639569285,34.28254872607511,1.0,0.0,0.9995433315634729,29.898167122086665,1.0,0.0,0.9995814827084544,27.400404593922875,1.0,0.0,0.9990489229559898,62.26719022675529,1.0,0.0,0.9996869802474978,20.49346117283725,1.0,0.0,0.9998427537083627,10.294943838147717,1.0,0.0,0.9992895096540451,46.51593454438863,1.0,0.0,0.9990520057082177,62.06536186742235,1.0,0.0,1.0,0.0,1.0,0.0,1.0,0.0,1.0,0.0,1.0,0.0,1.0,0.0,1.0,0.0,1.0,0.0
33211,33,岡山県,備前市,13,172.64041454032707,106389.05097723237,5.10677559945554,0.17697742343999648,0.7970316742551632,21593.607554430942,0.9987179487179488,136.39621920158007,0.803144422074159,20943.278115104837,0.9987179487179488,136.39621920158007,0.8085557118440285,20367.576131925605,0.9987179487179488,136.39621920158007,0.997586860580322,256.7316127352829,0.9987179487179488,136.39621920158007,0.9981943126748769,192.10536088145219,0.9987179487179488,136.39621920158007,0.9982612802814216,184.98074077497094,0.9987179487179488,136.39621920158007,0.9982994314264028,180.92187666670475,0.9987179487179488,136.39621920158007,0.9977668716739384,237.58040332005743,0.9987179487179488,136.39621920158007,0.9990459546064718,101.49998400665055,0.9993589743589745,68.19810960079003,0.9992017280673372,84.9273933377801,0.9993589743589745,68.19810960079003,0.9986484840130195,143.78650323542155,0.9993589743589745,68.19810960079003,0.9990520057082176,100.8562130345613,1.0,0.0,1.0,0.0,1.0,0.0,1.0,0.0,1.0,0.0,1.0,0.0,1.0,0.0,1.0,0.0,1.0,0.0
33212,33,岡山県,瀬戸内市,6,22.13338647952911,13639.621920157995,5.472312474722389,0.16206963397562513,0.7980942395329476,2753.9182362725783,1.0,0.0,0.8042173439264297,2670.4014073678227,1.0,0.0,0.8096335098147392,2596.5269523944244,1.0,0.0,0.9988689118623735,15.42761455560293,1.0,0.0,0.9994763639569283,7.142197651265649,1.0,0.0,0.9995433315634727,6.228784817101389,1.0,0.0,0.9995814827084541,5.708417623733932,1.0,0.0,0.9990489229559898,12.972331297240686,1.0,0.0,0.9996869802474977,4.269471077674427,1.0,0.0,0.9998427537083627,2.1447799662807743,1.0,0.0,0.9992895096540451,9.69081969674763,1.0,0.0,0.9990520057082176,12.930283722379654,1.0,0.0,1.0,0.0,1.0,0.0,1.0,0.0,1.0,0.0,1.0,0.0,1.0,0.0,1.0,0.0,1.0,0.0
33213,33,岡山県,赤磐市,9,90.74688456606935,55922.44987264778,5.014212792848793,0.16206963397562513,0.7980942395329477,11291.064768717571,1.0,0.0,0.8042173439264297,10948.645770208073,1.0,0.0,0.8096335098147394,10645.760504817139,1.0,0.0,0.9988689118623735,63.25321967797201,1.0,0.0,0.9994763639569284,29.28301037018916,1.0,0.0,0.9995433315634727,25.538017750115696,1.0,0.0,0.9995814827084541,23.404512257309122,1.0,0.0,0.9990489229559897,53.186558318686814,1.0,0.0,0.9996869802474976,17.50483141846515,1.0,0.0,0.9998427537083627,8.793597861751174,1.0,0.0,0.999289509654045,39.73236075666528,1.0,0.0,0.9990520057082176,53.014163261756586,1.0,0.0,1.0,0.0,1.0,0.0,1.0,0.0,1.0,0.0,1.0,0.0,1.0,0.0,1.0,0.0,1.0,0.0
33214,33,岡山県,真庭市,9,57.546804846775686,35463.01699241079,4.606068365736785,0.16206963397562515,0.7980942395329477,7160.1874143087025,1.0,0.0,0.8042173439264297,6943.043659156339,1.0,0.0,0.8096335098147394,6750.970076225503,1.0,0.0,0.9988689118623734,40.11179784456762,1.0,0.0,0.9994763639569284,18.569713893290686,1.0,0.0,0.999543331563473,16.19484052446361,1.0,0.0,0.9995814827084541,14.841885821708223,1.0,0.0,0.9990489229559898,33.728061372825785,1.0,0.0,0.9996869802474976,11.100624801953511,1.0,0.0,0.9998427537083627,5.576427912330013,1.0,0.0,0.9992895096540451,25.196131211543836,1.0,0.0,0.9990520057082176,33.6187376781871,1.0,0.0,1.0,0.0,1.0,0.0,1.0,0.0,1.0,0.0,1.0,0.0,1.0,0.0,1.0,0.0,1.0,0.0
33215,33,岡山県,美作市,9,39.8400956631524,24551.319456284393,4.830054502264212,0.16206963397562515,0.7980942395329477,4957.052825290641,1.0,0.0,0.8042173439264297,4806.722533262081,1.0,0.0,0.8096335098147394,4673.748514309964,1.0,0.0,0.9988689118623734,27.769706200085274,1.0,0.0,0.9994763639569283,12.855955772278168,1.0,0.0,0.999543331563473,11.2118126707825,1.0,0.0,0.9995814827084543,10.275151722721077,1.0,0.0,0.9990489229559898,23.350196335033235,1.0,0.0,0.9996869802474977,7.685047939813969,1.0,0.0,0.9998427537083627,3.8606039393053937,1.0,0.0,0.999289509654045,17.443475454145734,1.0,0.0,0.9990520057082176,23.27451070028338,1.0,0.0,1.0,0.0,1.0,0.0,1.0,0.0,1.0,0.0,1.0,0.0,1.0,0.0,1.0,0.0,1.0,0.0
33216,33,岡山県,浅口市,5,35.41341836724658,21823.39507225279,5.549533152138199,0.24846684154123078,0.7903986094892025,4574.213952810671,0.9899999999999999,218.2339507225281,0.7963323326408863,4444.719968222103,0.9899999999999999,218.2339507225281,0.8016971407830714,4327.641640648356,0.9899999999999999,218.2339507225281,0.9863689118623734,297.47662169212487,0.9875,272.79243840316013,0.9894763639569283,229.66146696455314,0.9899999999999999,218.2339507225281,0.9895433315634726,228.20000642989032,0.9899999999999999,218.2339507225281,0.9896095977723599,226.7538527734065,0.9899999999999999,218.2339507225281,0.9890724200010299,238.4768955011709,0.9899999999999999,218.2339507225281,0.9972164909541607,60.74561759454032,0.9974999999999999,54.55848768063203,0.9998427537083626,3.431647946049239,1.0,0.0,0.999289509654045,15.505311514796206,1.0,0.0,0.9965520057082177,75.24694163643949,0.9974999999999999,54.55848768063203,1.0,0.0,1.0,0.0,1.0,0.0,1.0,0.0,1.0,0.0,1.0,0.0,1.0,0.0,1.0,0.0
33346,33,岡山県,和気町,5,17.70670918362329,10911.697536126396,5.321730478865687,0.16206963397562513,0.7980942395329476,2203.1345890180623,1.0,0.0,0.8042173439264297,2136.3211258942583,1.0,0.0,0.8096335098147392,2077.2215619155395,1.0,0.0,0.9988689118623734,12.342091644482343,1.0,0.0,0.9994763639569284,5.713758121012519,1.0,0.0,0.9995433315634729,4.9830278536811115,1.0,0.0,0.9995814827084541,4.566734098987146,1.0,0.0,0.9990489229559898,10.37786503779255,1.0,0.0,0.9996869802474976,3.4155768621395417,1.0,0.0,0.9998427537083626,1.7158239730246194,1.0,0.0,0.999289509654045,7.752655757398103,1.0,0.0,0.9990520057082176,10.344226977903723,1.0,0.0,1.0,0.0,1.0,0.0,1.0,0.0,1.0,0.0,1.0,0.0,1.0,0.0,1.0,0.0,1.0,0.0
33423,33,岡山県,早島町,3,61.973482142681505,38190.94137644239,5.629520777541767,0.34518858612294434,0.7794197454904706,8424.167568774183,0.9842857142857144,600.1433644869524,0.7855101116487746,8191.570751861329,0.9860714285714287,531.9452548861623,0.7905529463777307,7998.980146356676,0.9860714285714287,531.9452548861623,0.9778272887212839,846.7967166022353,0.9860714285714287,531.9452548861623,0.9784075774890986,824.6349422892184,0.9860714285714287,531.9452548861623,0.980662622759363,738.5126405713202,0.9892857142857144,409.18865760474023,0.9807156225921634,736.4885270638788,0.9892857142857144,409.18865760474023,0.9847639524287194,581.8789996034702,0.9910714285714287,340.99054800395015,0.989798997799179,389.5858770325192,0.9982142857142857,68.19810960079003,0.9944862385552553,210.57574009994096,0.9982142857142857,68.19810960079003,0.9939329945009376,231.7046513452451,0.9982142857142857,68.19810960079003,0.9990520057082177,36.204794422663035,1.0,0.0,1.0,0.0,1.0,0.0,1.0,0.0,1.0,0.0,1.0,0.0,1.0,0.0,1.0,0.0,1.0,0.0
33445,33,岡山県,里庄町,5,57.546804846775686,35463.01699241079,5.530455115641245,1.5730861143509924,0.7952341150549742,7261.616057271482,0.9965384615384616,122.75659728142206,0.8012994203200707,7046.522033591206,0.9965384615384616,122.75659728142206,0.8066753734992101,6855.874514648983,0.9965384615384616,122.75659728142206,0.9704758835755863,1047.014242444902,0.9715384615384616,1009.3320220916926,0.9710790334068813,1025.624729728716,0.9715384615384616,1009.3320220916926,0.9761405039750615,846.1297129627587,0.9765384615384617,832.0169371296384,0.976176174374727,844.864732973285,0.9765384615384617,832.0169371296384,0.9706343785845318,1041.393531249456,0.9715384615384616,1009.3320220916926,0.9498077288269998,1779.9693654957994,0.9500000000000001,1773.150849620541,0.9398427537083626,2133.357447456979,0.94,2127.781019544649,0.9492895096540452,1798.346980832081,0.9500000000000001,1773.150849620541,0.9390520057082178,2161.3997572228322,0.94,2127.781019544649,0.9850000000000002,531.9452548861623,0.9850000000000002,531.9452548861623,1.0,0.0,1.0,0.0,1.0,0.0,1.0,0.0,1.0,0.0,1.0,0.0
33461,33,岡山県,矢掛町,3,17.70670918362329,10911.697536126396,5.091745056687373,0.16206963397562513,0.7980942395329476,2203.1345890180623,1.0,0.0,0.8042173439264297,2136.3211258942583,1.0,0.0,0.8096335098147392,2077.2215619155395,1.0,0.0,0.9988689118623734,12.342091644482343,1.0,0.0,0.9994763639569284,5.713758121012519,1.0,0.0,0.9995433315634729,4.9830278536811115,1.0,0.0,0.9995814827084541,4.566734098987146,1.0,0.0,0.9990489229559898,10.37786503779255,1.0,0.0,0.9996869802474976,3.4155768621395417,1.0,0.0,0.9998427537083626,1.7158239730246194,1.0,0.0,0.999289509654045,7.752655757398103,1.0,0.0,0.9990520057082176,10.344226977903723,1.0,0.0,1.0,0.0,1.0,0.0,1.0,0.0,1.0,0.0,1.0,0.0,1.0,0.0,1.0,0.0,1.0,0.0
33606,33,岡山県,鏡野町,3,22.13338647952911,13639.621920157995,4.666369882482031,0.16206963397562513,0.7980942395329476,2753.9182362725783,1.0,0.0,0.8042173439264297,2670.4014073678227,1.0,0.0,0.8096335098147392,2596.5269523944244,1.0,0.0,0.9988689118623735,15.42761455560293,1.0,0.0,0.9994763639569283,7.142197651265649,1.0,0.0,0.9995433315634727,6.228784817101389,1.0,0.0,0.9995814827084541,5.708417623733932,1.0,0.0,0.9990489229559898,12.972331297240686,1.0,0.0,0.9996869802474977,4.269471077674427,1.0,0.0,0.9998427537083627,2.1447799662807743,1.0,0.0,0.9992895096540451,9.69081969674763,1.0,0.0,0.9990520057082176,12.930283722379654,1.0,0.0,1.0,0.0,1.0,0.0,1.0,0.0,1.0,0.0,1.0,0.0,1.0,0.0,1.0,0.0,1.0,0.0
33622,33,岡山県,勝央町,5,22.13338647952911,13639.621920157995,4.857516723211909,0.16206963397562513,0.7980942395329476,2753.9182362725783,1.0,0.0,0.8042173439264297,2670.4014073678227,1.0,0.0,0.8096335098147392,2596.5269523944244,1.0,0.0,0.9988689118623735,15.42761455560293,1.0,0.0,0.9994763639569283,7.142197651265649,1.0,0.0,0.9995433315634727,6.228784817101389,1.0,0.0,0.9995814827084541,5.708417623733932,1.0,0.0,0.9990489229559898,12.972331297240686,1.0,0.0,0.9996869802474977,4.269471077674427,1.0,0.0,0.9998427537083627,2.1447799662807743,1.0,0.0,0.9992895096540451,9.69081969674763,1.0,0.0,0.9990520057082176,12.930283722379654,1.0,0.0,1.0,0.0,1.0,0.0,1.0,0.0,1.0,0.0,1.0,0.0,1.0,0.0,1.0,0.0,1.0,0.0
33663,33,岡山県,久米南町,1,0.0,0.0,5.109968092673817,0.0,1.0,0.0,1.0,0.0,1.0,0.0,1.0,0.0,1.0,0.0,1.0,0.0,1.0,0.0,1.0,0.0,1.0,0.0,1.0,0.0,1.0,0.0,1.0,0.0,1.0,0.0,1.0,0.0,1.0,0.0,1.0,0.0,1.0,0.0,1.0,0.0,1.0,0.0,1.0,0.0,1.0,0.0,1.0,0.0,1.0,0.0,1.0,0.0,1.0,0.0,1.0,0.0,1.0,0.0,1.0,0.0,1.0,0.0,1.0,0.0,1.0,0.0,1.0,0.0
33666,33,岡山県,美咲町,4,0.0,0.0,4.693735133760338,0.0,1.0,0.0,1.0,0.0,1.0,0.0,1.0,0.0,1.0,0.0,1.0,0.0,1.0,0.0,1.0,0.0,1.0,0.0,1.0,0.0,1.0,0.0,1.0,0.0,1.0,0.0,1.0,0.0,1.0,0.0,1.0,0.0,1.0,0.0,1.0,0.0,1.0,0.0,1.0,0.0,1.0,0.0,1.0,0.0,1.0,0.0,1.0,0.0,1.0,0.0,1.0,0.0,1.0,0.0,1.0,0.0,1.0,0.0,1.0,0.0,1.0,0.0,1.0,0.0
33681,33,岡山県,吉備中央町,2,0.0,0.0,4.899889959642421,0.0,1.0,0.0,1.0,0.0,1.0,0.0,1.0,0.0,1.0,0.0,1.0,0.0,1.0,0.0,1.0,0.0,1.0,0.0,1.0,0.0,1.0,0.0,1.0,0.0,1.0,0.0,1.0,0.0,1.0,0.0,1.0,0.0,1.0,0.0,1.0,0.0,1.0,0.0,1.0,0.0,1.0,0.0,1.0,0.0,1.0,0.0,1.0,0.0,1.0,0.0,1.0,0.0,1.0,0.0,1.0,0.0,1.0,0.0,1.0,0.0,1.0,0.0,1.0,0.0
34101,34,広島県,広島市中区,2,68.93852118099241,42483.122296409885,5.606025624462875,25.2825,0.5825,17736.703558751127,0.5825,17736.703558751127,0.5825,17736.703558751127,0.5825,17736.703558751127,0.5825,17736.703558751127,0.5825,17736.703558751127,0.5825,17736.703558751127,0.5825,17736.703558751127,0.5825,17736.703558751127,0.5825,17736.703558751127,0.5825,17736.703558751127,0.5825,17736.703558751127,0.5825,17736.703558751127,0.5825,17736.703558751127,0.5825,17736.703558751127,0.5825,17736.703558751127,0.5825,17736.703558751127,0.5825,17736.703558751127,0.5825,17736.703558751127,0.5825,17736.703558751127,0.5825,17736.703558751127,0.5825,17736.703558751127,0.605,16780.833307081906,0.605,16780.833307081906,0.6325000000000001,15612.547443930633,0.6325000000000001,15612.547443930633,0.7175,12001.482048735792,0.7175,12001.482048735792,0.7925,8815.247876505053,0.7925,8815.247876505053,0.9,4248.312229640987,0.9,4248.312229640987
34102,34,広島県,広島市東区,11,130.98319024388556,80717.93236317878,5.2722493015862915,26.02312523550109,0.4543754562108141,44041.68502126579,0.5700000000000001,34708.71091616688,0.4579043038581547,43756.84373554779,0.5700000000000001,34708.71091616688,0.46104266460004617,43503.52174545254,0.5700000000000001,34708.71091616688,0.5691407321471919,34778.069240591714,0.5700000000000001,34708.71091616688,0.5697244020825939,34730.9566102235,0.5700000000000001,34708.71091616688,0.5697596481913015,34728.11161720477,0.5700000000000001,34708.71091616688,0.5697797277412918,34726.490837446785,0.5700000000000001,34708.71091616688,0.5692450105045971,34769.65210719172,0.5700000000000001,34708.71091616688,0.569835252761841,34722.008972593634,0.5700000000000001,34708.71091616688,0.5699172387938751,34715.391229605164,0.5700000000000001,34708.71091616688,0.5743628998179184,34356.54666375681,0.5747368421052632,34326.36281549919,0.584764213530641,33516.97412700508,0.5852631578947369,33476.70036957099,0.6339473684210527,29547.011557153077,0.6339473684210527,29547.011557153077,0.7131578947368421,23153.301651543385,0.7131578947368421,23153.301651543385,0.7936842105263158,16653.383940192674,0.7936842105263158,16653.383940192674,0.8815789473684211,9558.702516692225,0.8815789473684211,9558.702516692225
34103,34,広島県,広島市南区,15,213.70941566107646,131697.67911887064,5.297298990170762,23.6818518295079,0.4839576784449238,67961.57607591747,0.6059677419354839,51893.13388506467,0.4875537836359394,67487.97736839342,0.6059677419354839,51893.13388506467,0.49094177198986855,67041.78716529917,0.6059677419354839,51893.13388506467,0.6053362402416045,51976.30119250823,0.6059677419354839,51893.13388506467,0.6064855022391964,51824.946054725835,0.6067741935483871,51786.926079323646,0.6065188672657936,51820.55195815927,0.6067741935483871,51786.926079323646,0.607346980927452,51711.491310872225,0.6075806451612904,51680.71827358262,0.6070423834170064,51751.606096063275,0.6075806451612904,51680.71827358262,0.6074051523208619,51703.830273369036,0.6075806451612904,51680.71827358262,0.6095763925871541,51417.8829694889,0.6096774193548388,51404.57797865596,0.6098310359639507,51384.34702776182,0.6104838709677418,51298.37017291493,0.6270552574242314,49115.95703681338,0.6279032258064516,49004.2815689088,0.6567741935483871,45202.04212338012,0.6567741935483871,45202.04212338012,0.7479032258064516,33200.56007464432,0.7479032258064516,33200.56007464432,0.8056451612903225,25596.081183586954,0.8056451612903225,25596.081183586954,0.901156459585313,13017.464868506586,0.901451612903226,12978.593861553218
34104,34,広島県,広島市西区,7,89.62007753529014,55228.05898533285,5.33415770675388,46.51976254797326,0.2612280987546994,40800.93813868195,0.3269230769230769,37172.732009358646,0.26331907911942554,40685.45735176169,0.3269230769230769,37172.732009358646,0.26502977634851743,40590.978864287354,0.3269230769230769,37172.732009358646,0.32657504980380714,37191.95287163017,0.3269230769230769,37172.732009358646,0.3267619581405933,37181.6302869813,0.3269230769230769,37172.732009358646,0.3267825635579916,37180.49228977381,0.3269230769230769,37172.732009358646,0.326794302371832,37179.84397787061,0.3269230769230769,37172.732009358646,0.3264651718506446,37198.02121770862,0.3269230769230769,37172.732009358646,0.32836522469153767,37093.08498733653,0.32846153846153847,37087.76576476583,0.3284131549871884,37090.43789014114,0.32846153846153847,37087.76576476583,0.33131984912432155,36929.90681488324,0.33153846153846156,36917.83327558019,0.3520160017563746,35786.89847655076,0.35230769230769227,35770.788973577124,0.3807692307692307,34198.91344860996,0.3807692307692307,34198.91344860996,0.45307692307692304,30205.49995274743,0.45307692307692304,30205.49995274743,0.548076923076923,24958.83434914081,0.548076923076923,24958.83434914081,0.7507692307692306,13764.531624036801,0.7507692307692306,13764.531624036801
34105,34,広島県,広島市安佐南区,16,158.55859871628255,97711.18128174273,5.1975784742885764,0.19740165037953344,0.7947995581445486,20050.37757323171,0.9956521739130434,424.8312229640992,0.8008794145998747,19456.307616958376,0.9956521739130434,424.8312229640992,0.8062745446355446,18929.143088004454,0.9956521739130434,424.8312229640992,0.9945210857754168,535.3511810253641,0.9956521739130434,424.8312229640992,0.9951285378699717,475.9963192943332,0.9956521739130434,424.8312229640992,0.9951955054765163,469.45283535126356,0.9956521739130434,424.8312229640992,0.9952336566214977,465.7250419078798,0.9956521739130434,424.8312229640992,0.9947010968690332,517.7620844242845,0.9956521739130434,424.8312229640992,0.9975130672040191,243.00114126357977,0.9978260869565216,212.4156114820496,0.9985384058822755,142.81408779729165,0.998695652173913,127.44936688922976,0.9992895096540448,69.4228509925312,1.0,0.0,0.9990520057082175,92.6296420984058,1.0,0.0,1.0,0.0,1.0,0.0,1.0,0.0,1.0,0.0,1.0,0.0,1.0,0.0,1.0,0.0,1.0,0.0
34106,34,広島県,広島市安佐北区,13,72.38544724004203,44607.27841123038,4.8202026944715435,0.1620696339756251,0.7980942395329476,9006.466469985,1.0,0.0,0.8042173439264297,8733.331447563913,1.0,0.0,0.8096335098147394,8491.731027862681,1.0,0.0,0.9988689118623735,50.45476346275135,1.0,0.0,0.9994763639569283,23.357978759454646,1.0,0.0,0.9995433315634727,20.370736089792427,1.0,0.0,0.9995814827084543,18.66891734389981,1.0,0.0,0.9990489229559899,42.4249584926933,1.0,0.0,0.9996869802474976,13.962959248089842,1.0,0.0,0.9998427537083627,7.014329110202167,1.0,0.0,0.9992895096540448,31.693040670503372,1.0,0.0,0.9990520057082176,42.28744530579395,1.0,0.0,1.0,0.0,1.0,0.0,1.0,0.0,1.0,0.0,1.0,0.0,1.0,0.0,1.0,0.0,1.0,0.0
34107,34,広島県,広島市安芸区,11,41.363112708595445,25489.87337784593,5.1772103071802995,0.1620696339756251,0.7980942395329476,5146.5522685628575,1.0,0.0,0.8042173439264296,4990.475112893664,1.0,0.0,0.8096335098147392,4852.417730207247,1.0,0.0,0.9988689118623733,28.831293407286488,1.0,0.0,0.9994763639569282,13.347416433974086,1.0,0.0,0.9995433315634727,11.64042062273853,1.0,0.0,0.9995814827084541,10.667952767942749,1.0,0.0,0.9990489229559898,24.24283342439617,1.0,0.0,0.9996869802474976,7.978833856051338,1.0,0.0,0.9998427537083625,4.008188062972667,1.0,0.0,0.999289509654045,18.110308954573355,1.0,0.0,0.9990520057082175,24.164254460453687,1.0,0.0,1.0,0.0,1.0,0.0,1.0,0.0,1.0,0.0,1.0,0.0,1.0,0.0,1.0,0.0,1.0,0.0
34108,34,広島県,広島市佐伯区,6,82.72622541719089,50979.74675569186,5.12564100128112,19.26119781497866,0.5581051242351531,22527.688859129805,0.6983333333333333,15378.890271300379,0.5624540462096531,22305.98191820953,0.6983333333333333,15378.890271300379,0.5662428719798724,22112.82853994232,0.6983333333333333,15378.890271300379,0.6975792745749155,15417.331995843428,0.6983333333333333,15378.890271300379,0.6979842426379521,15396.686826545678,0.6983333333333333,15378.890271300379,0.6980288877089819,15394.410832130696,0.6983333333333333,15378.890271300379,0.6980543218056361,15393.114208324301,0.6983333333333333,15378.890271300379,0.6976992819706598,15411.214049199572,0.6983333333333333,15378.890271300379,0.6981246534983316,15389.52871644178,0.6983333333333333,15378.890271300379,0.6998951691389084,15299.268277458188,0.7,15293.924026707558,0.6995263397693633,15318.071105313655,0.7,15293.924026707558,0.7143680038054784,14561.44683131945,0.715,14529.22782537218,0.735,13509.632890258343,0.735,13509.632890258343,0.7849999999999999,10960.64555247375,0.7849999999999999,10960.64555247375,0.8266666666666667,8836.489437653256,0.8266666666666667,8836.489437653256,0.9133333333333332,4418.244718826628,0.9133333333333332,4418.244718826628
34202,34,広島県,呉市,28,510.14505673934394,314375.10499343317,5.192120435633551,0.4016028282760346,0.7936633320598124,64867.11164769154,0.995,1571.8755249671647,0.799739377196812,62956.95431980251,0.995,1571.8755249671647,0.8051182966097729,61265.9559646017,0.995,1571.8755249671647,0.9932313005764482,2127.9105919480157,0.995,1571.8755249671647,0.994138732458759,1842.6365986722362,0.995,1571.8755249671647,0.9942057000653033,1821.58365033366,0.995,1571.8755249671647,0.9942438512102846,1809.5898801245144,0.995,1571.8755249671647,0.9937112914578203,1977.0134082207705,0.995,1571.8755249671647,0.994349348749328,1776.4240802111867,0.995,1571.8755249671647,0.9951132303183012,1536.2787317627076,0.9956081081081082,1380.7014746333202,0.9948976177621529,1604.061951739725,0.9956081081081082,1380.7014746333202,0.9953381478826739,1465.570248848161,0.9962837837837838,1168.285863151273,0.9966216216216215,1062.078057410248,0.9966216216216215,1062.078057410248,0.9983108108108107,531.039028705124,0.9983108108108107,531.039028705124,0.9983108108108107,531.039028705124,0.9983108108108107,531.039028705124,0.9986486486486486,424.83122296409925,0.9986486486486486,424.83122296409925
34203,34,広島県,竹原市,10,103.4077817714886,63724.68344461483,5.478031811903113,0.33636580682297584,0.7789541647831598,14086.075875943628,0.9753333333333333,1571.875524967167,0.7848486895759901,13710.449149464092,0.9753333333333333,1571.875524967167,0.7901757225592931,13370.985658904083,0.9753333333333333,1571.875524967167,0.974225081920624,1642.4984954191295,0.9753333333333333,1571.875524967167,0.9748310999274254,1603.8801897739588,0.9753333333333333,1571.875524967167,0.9748962351878484,1599.7294659224212,0.9753333333333333,1571.875524967167,0.9799335594177246,1278.727573965672,0.9803333333333333,1253.2521077440927,0.9843979209860166,994.2375462439627,0.9853333333333333,934.6286905210183,0.9930399873852731,443.52460064400447,0.9933333333333334,424.83122296409925,0.9965203404426577,221.74020378667888,0.9966666666666667,212.41561148204963,0.9976369419693947,150.5851249615816,0.9983333333333334,106.20780574102481,0.9974232407410941,164.20316808676935,0.9983333333333334,106.20780574102481,1.0,0.0,1.0,0.0,1.0,0.0,1.0,0.0,1.0,0.0,1.0,0.0,1.0,0.0,1.0,0.0
34204,34,広島県,三原市,30,117.1954860076871,72221.3079038968,5.2826622375367505,0.16206963397562513,0.7980942395329474,14581.898094261429,1.0,0.0,0.8042173439264296,14139.679486532052,1.0,0.0,0.8096335098147394,13748.516902253865,1.0,0.0,0.9988689118623735,81.68866465397838,1.0,0.0,0.9994763639569282,37.81767989625991,1.0,0.0,0.9995433315634729,32.98119176442583,1.0,0.0,0.9995814827084543,30.225866175837794,1.0,0.0,0.9990489229559897,68.68802803578916,1.0,0.0,0.9996869802474976,22.60669592547879,1.0,0.0,0.9998427537083626,11.356532845089223,1.0,0.0,0.999289509654045,51.31254203795784,1.0,0.0,0.9990520057082176,68.46538763795212,1.0,0.0,1.0,0.0,1.0,0.0,1.0,0.0,1.0,0.0,1.0,0.0,1.0,0.0,1.0,0.0,1.0,0.0
34205,34,広島県,尾道市,25,358.48031014116054,220912.23594133143,5.274841085371241,0.5624097453573577,0.7900396776428589,46382.80427087874,0.9899999999999999,2209.122359413314,0.7960839425371241,45047.55219846488,0.9899999999999999,2209.122359413314,0.8014490523017369,43862.33380429362,0.9899999999999999,2209.122359413314,0.9888689118623732,2458.9935689431304,0.9899999999999999,2209.122359413314,0.9894763639569282,2324.799968507756,0.9899999999999999,2209.122359413314,0.9899279469480881,2225.0397602175613,0.9903846153846153,2124.156114820494,0.9907353288623003,2046.6792162903582,0.9911538461538459,1954.2236256348544,0.9905873844944513,2079.3619373868014,0.9915384615384614,1869.2573810420347,0.991225441785959,1938.4072744611462,0.9915384615384614,1869.2573810420347,0.9921504460160547,1734.0625217354932,0.9923076923076922,1699.324891856395,0.9919818173463526,1771.314658203211,0.9926923076923077,1614.3586472635752,0.9921289287851405,1738.8159413280205,0.993076923076923,1529.3924026707552,0.9942307692307693,1274.4936688922958,0.9942307692307693,1274.4936688922958,0.9953846153846153,1019.5949351138381,0.9953846153846153,1019.5949351138381,0.9976923076923075,509.79746755691906,0.9976923076923075,509.79746755691906,0.9992307692307691,169.9324891856397,0.9992307692307691,169.9324891856397
34207,34,広島県,福山市,33,282.6479368420689,174180.80141528053,5.346293435404332,0.19864464660970185,0.7954954077339753,35620.77377400135,0.9967073170731706,573.522151001534,0.8015998918108823,34557.48984525887,0.9967073170731706,573.522151001534,0.8069878108981179,33619.0177806835,0.9967073170731706,573.522151001534,0.9955762289355441,770.5359892846582,0.9967073170731706,573.522151001534,0.9961836810300991,664.7294966336904,0.9967073170731706,573.522151001534,0.9962506486366435,653.0650252569139,0.9967073170731706,573.522151001534,0.996288799781625,646.4198282491427,0.9967073170731706,573.522151001534,0.9957562400291605,739.1815127349054,0.9967073170731706,573.522151001534,0.9970040534182293,521.8363766101933,0.9973170731707317,467.3143452605091,0.9977695829766552,388.49582461646423,0.9979268292682927,361.1065395194844,0.998679753556484,229.96158359727605,0.9993902439024391,106.20780574102481,0.9990520057082176,165.12240547976685,1.0,0.0,1.0,0.0,1.0,0.0,1.0,0.0,1.0,0.0,1.0,0.0,1.0,0.0,1.0,0.0,1.0,0.0
34208,34,広島県,府中市,7,41.363112708595445,25489.87337784593,4.879728828799175,0.1620696339756251,0.7980942395329476,5146.5522685628575,1.0,0.0,0.8042173439264296,4990.475112893664,1.0,0.0,0.8096335098147392,4852.417730207247,1.0,0.0,0.9988689118623733,28.831293407286488,1.0,0.0,0.9994763639569282,13.347416433974086,1.0,0.0,0.9995433315634727,11.64042062273853,1.0,0.0,0.9995814827084541,10.667952767942749,1.0,0.0,0.9990489229559898,24.24283342439617,1.0,0.0,0.9996869802474976,7.978833856051338,1.0,0.0,0.9998427537083625,4.008188062972667,1.0,0.0,0.999289509654045,18.110308954573355,1.0,0.0,0.9990520057082175,24.164254460453687,1.0,0.0,1.0,0.0,1.0,0.0,1.0,0.0,1.0,0.0,1.0,0.0,1.0,0.0,1.0,0.0,1.0,0.0
34209,34,広島県,三次市,9,186.1340071886795,114704.4302003067,4.7378915311795415,0.16206963397562513,0.7980942395329474,23159.485208532857,1.0,0.0,0.8042173439264297,22457.13800802149,1.0,0.0,0.8096335098147392,21835.879785932608,1.0,0.0,0.9988689118623734,129.7408203327892,1.0,0.0,0.9994763639569282,60.06337395288338,1.0,0.0,0.9995433315634726,52.38189280232339,1.0,0.0,0.9995814827084541,48.00578745574238,1.0,0.0,0.9990489229559898,109.09275040978278,1.0,0.0,0.9996869802474976,35.90475235223102,1.0,0.0,0.9998427537083626,18.036846283377002,1.0,0.0,0.999289509654045,81.4963902955801,1.0,0.0,0.9990520057082174,108.7391450720416,1.0,0.0,1.0,0.0,1.0,0.0,1.0,0.0,1.0,0.0,1.0,0.0,1.0,0.0,1.0,0.0,1.0,0.0
34210,34,広島県,庄原市,4,0.0,0.0,4.782530619629096,0.0,1.0,0.0,1.0,0.0,1.0,0.0,1.0,0.0,1.0,0.0,1.0,0.0,1.0,0.0,1.0,0.0,1.0,0.0,1.0,0.0,1.0,0.0,1.0,0.0,1.0,0.0,1.0,0.0,1.0,0.0,1.0,0.0,1.0,0.0,1.0,0.0,1.0,0.0,1.0,0.0,1.0,0.0,1.0,0.0,1.0,0.0,1.0,0.0,1.0,0.0,1.0,0.0,1.0,0.0,1.0,0.0,1.0,0.0,1.0,0.0,1.0,0.0,1.0,0.0
34211,34,広島県,大竹市,6,62.04466906289316,38234.8100667689,5.09255556210451,30.74203508333199,0.4452979342473878,21208.92812769548,0.5577777777777778,16908.282673971134,0.4487008327245713,21078.818950743873,0.5577777777777778,16908.282673971134,0.45172922435734014,20963.028971857166,0.5577777777777778,16908.282673971134,0.5571493954790964,16932.30875181054,0.5577777777777778,16908.282673971134,0.5574868688649602,16919.405520999448,0.5577777777777778,16908.282673971134,0.5575240730908183,16917.983024490084,0.5577777777777778,16908.282673971134,0.5575452681713635,16917.172634611088,0.5577777777777778,16908.282673971134,0.5572494016422166,16928.48503515813,0.5577777777777778,16908.282673971134,0.5576038779152764,16914.93170218451,0.5577777777777778,16908.282673971134,0.5576904187268682,16911.622830690278,0.5577777777777778,16908.282673971134,0.557383060918914,16923.374598099945,0.5577777777777778,16908.282673971134,0.568279623289903,16506.746605464476,0.5688888888888889,16483.451451007033,0.5822222222222223,15973.653983450115,0.5822222222222223,15973.653983450115,0.6333333333333334,14019.430357815261,0.6333333333333334,14019.430357815261,0.7133333333333334,10960.64555247375,0.7133333333333334,10960.64555247375,0.8333333333333334,6372.468344461482,0.8333333333333334,6372.468344461482
34212,34,広島県,東広島市,41,162.00552477533216,99835.33739656322,5.1013051813627355,0.18496668974135796,0.794607640967724,20505.41546266331,0.9955319148936169,446.07278411230413,0.8007103454686225,19896.149899784592,0.9955319148936169,446.07278411230413,0.8061174461245537,19356.33018146253,0.9955319148936169,446.07278411230413,0.9944008267559902,558.9953499575096,0.9955319148936169,446.07278411230413,0.9960721086377792,392.1423594043445,0.996595744680851,339.8649783712794,0.9961390762443237,385.45662581033866,0.996595744680851,339.8649783712794,0.996177227389305,381.64779337905514,0.996595744680851,339.8649783712794,0.9967084974240747,328.60827020913956,0.9976595744680852,233.6571726302546,0.9984103845028166,158.6997994920975,0.998723404255319,127.44936688922976,0.9998427537083624,15.698736579976279,1.0,0.0,0.9992895096540448,70.93204340541232,1.0,0.0,0.9990520057082175,94.64332997011027,1.0,0.0,1.0,0.0,1.0,0.0,1.0,0.0,1.0,0.0,1.0,0.0,1.0,0.0,1.0,0.0,1.0,0.0
34213,34,広島県,廿日市市,28,272.30715866491994,167808.33307081903,4.882924075525206,12.88941062822278,0.6242896595069125,63047.32595561486,0.7817721518987344,36620.45141950532,0.6290732579819764,62244.59826943428,0.7817721518987344,36620.45141950532,0.6332815357061883,61538.41419943525,0.7817721518987344,36620.45141950532,0.7808600021087673,36773.5177552706,0.7817721518987344,36620.45141950532,0.7813147163202494,36697.21292141818,0.7817721518987344,36620.45141950532,0.7813770117525815,36686.759228760595,0.7817721518987344,36620.45141950532,0.7814079067488262,36681.57479094055,0.7817721518987344,36620.45141950532,0.7810089831752115,36748.51749085149,0.7817721518987344,36620.45141950532,0.7814897014068655,36667.84896572089,0.7817721518987344,36620.45141950532,0.7816231993293462,36645.44690188096,0.7817721518987344,36620.45141950532,0.7837408577415009,36290.08617372388,0.7843037974683547,36195.62019654122,0.7922685340650476,34859.07102490203,0.7930379746835445,34729.952477315084,0.8025316455696205,33136.83539119971,0.8025316455696205,33136.83539119971,0.8607594936708863,23365.717263025435,0.8607594936708863,23365.717263025435,0.8993670886075952,16887.04111282293,0.8993670886075952,16887.04111282293,0.9613924050632914,6478.676150202509,0.9613924050632914,6478.676150202509
34214,34,広島県,安芸高田市,9,13.787704236198481,8496.624459281977,4.740524970250252,0.16206963397562513,0.7980942395329474,1715.5174228542858,1.0,0.0,0.8042173439264297,1663.4917042978882,1.0,0.0,0.8096335098147392,1617.4725767357488,1.0,0.0,0.9988689118623734,9.610431135762163,1.0,0.0,0.9994763639569283,4.449138811324695,1.0,0.0,0.9995433315634727,3.88014020757951,1.0,0.0,0.9995814827084541,3.5559842559809165,1.0,0.0,0.9990489229559898,8.080944474798724,1.0,0.0,0.9996869802474976,2.659611285350446,1.0,0.0,0.9998427537083626,1.3360626876575556,1.0,0.0,0.9992895096540451,6.036769651524452,1.0,0.0,0.9990520057082176,8.054751486817896,1.0,0.0,1.0,0.0,1.0,0.0,1.0,0.0,1.0,0.0,1.0,0.0,1.0,0.0,1.0,0.0,1.0,0.0
34215,34,広島県,江田島市,5,137.87704236198482,84966.24459281977,5.078308087177939,0.16206963397562513,0.7980942395329476,17155.17422854286,1.0,0.0,0.8042173439264297,16634.917042978883,1.0,0.0,0.8096335098147392,16174.72576735749,1.0,0.0,0.9988689118623734,96.10431135762163,1.0,0.0,0.9994763639569284,44.491388113246956,1.0,0.0,0.9995433315634729,38.8014020757951,1.0,0.0,0.9995814827084543,35.55984255980917,1.0,0.0,0.9990489229559898,80.80944474798724,1.0,0.0,0.9996869802474975,26.596112853504458,1.0,0.0,0.9998427537083626,13.360626876575557,1.0,0.0,0.9992895096540451,60.36769651524452,1.0,0.0,0.9990520057082176,80.54751486817895,1.0,0.0,1.0,0.0,1.0,0.0,1.0,0.0,1.0,0.0,1.0,0.0,1.0,0.0,1.0,0.0,1.0,0.0
34304,34,広島県,海田町,1,0.0,0.0,4.860708104383331,0.0,1.0,0.0,1.0,0.0,1.0,0.0,1.0,0.0,1.0,0.0,1.0,0.0,1.0,0.0,1.0,0.0,1.0,0.0,1.0,0.0,1.0,0.0,1.0,0.0,1.0,0.0,1.0,0.0,1.0,0.0,1.0,0.0,1.0,0.0,1.0,0.0,1.0,0.0,1.0,0.0,1.0,0.0,1.0,0.0,1.0,0.0,1.0,0.0,1.0,0.0,1.0,0.0,1.0,0.0,1.0,0.0,1.0,0.0,1.0,0.0,1.0,0.0,1.0,0.0
34307,34,広島県,熊野町,1,0.0,0.0,5.133520864190383,0.0,1.0,0.0,1.0,0.0,1.0,0.0,1.0,0.0,1.0,0.0,1.0,0.0,1.0,0.0,1.0,0.0,1.0,0.0,1.0,0.0,1.0,0.0,1.0,0.0,1.0,0.0,1.0,0.0,1.0,0.0,1.0,0.0,1.0,0.0,1.0,0.0,1.0,0.0,1.0,0.0,1.0,0.0,1.0,0.0,1.0,0.0,1.0,0.0,1.0,0.0,1.0,0.0,1.0,0.0,1.0,0.0,1.0,0.0,1.0,0.0,1.0,0.0,1.0,0.0
34309,34,広島県,坂町,3,27.575408472396962,16993.248918563953,5.338856615470867,0.16206963397562513,0.7980942395329474,3431.0348457085715,1.0,0.0,0.8042173439264297,3326.9834085957764,1.0,0.0,0.8096335098147392,3234.9451534714976,1.0,0.0,0.9988689118623734,19.220862271524325,1.0,0.0,0.9994763639569283,8.89827762264939,1.0,0.0,0.9995433315634727,7.76028041515902,1.0,0.0,0.9995814827084541,7.111968511961833,1.0,0.0,0.9990489229559898,16.161888949597447,1.0,0.0,0.9996869802474976,5.319222570700892,1.0,0.0,0.9998427537083626,2.6721253753151113,1.0,0.0,0.9992895096540451,12.073539303048904,1.0,0.0,0.9990520057082176,16.10950297363579,1.0,0.0,1.0,0.0,1.0,0.0,1.0,0.0,1.0,0.0,1.0,0.0,1.0,0.0,1.0,0.0,1.0,0.0
34368,34,広島県,安芸太田町,1,0.0,0.0,4.591705985933418,0.0,1.0,0.0,1.0,0.0,1.0,0.0,1.0,0.0,1.0,0.0,1.0,0.0,1.0,0.0,1.0,0.0,1.0,0.0,1.0,0.0,1.0,0.0,1.0,0.0,1.0,0.0,1.0,0.0,1.0,0.0,1.0,0.0,1.0,0.0,1.0,0.0,1.0,0.0,1.0,0.0,1.0,0.0,1.0,0.0,1.0,0.0,1.0,0.0,1.0,0.0,1.0,0.0,1.0,0.0,1.0,0.0,1.0,0.0,1.0,0.0,1.0,0.0,1.0,0.0
34369,34,広島県,北広島町,2,27.575408472396962,16993.248918563953,4.752177916017128,0.16206963397562513,0.7980942395329474,3431.0348457085715,1.0,0.0,0.8042173439264297,3326.9834085957764,1.0,0.0,0.8096335098147392,3234.9451534714976,1.0,0.0,0.9988689118623734,19.220862271524325,1.0,0.0,0.9994763639569283,8.89827762264939,1.0,0.0,0.9995433315634727,7.76028041515902,1.0,0.0,0.9995814827084541,7.111968511961833,1.0,0.0,0.9990489229559898,16.161888949597447,1.0,0.0,0.9996869802474976,5.319222570700892,1.0,0.0,0.9998427537083626,2.6721253753151113,1.0,0.0,0.9992895096540451,12.073539303048904,1.0,0.0,0.9990520057082176,16.10950297363579,1.0,0.0,1.0,0.0,1.0,0.0,1.0,0.0,1.0,0.0,1.0,0.0,1.0,0.0,1.0,0.0,1.0,0.0
34431,34,広島県,大崎上島町,1,13.787704236198481,8496.624459281977,5.774264511301691,0.16206963397562513,0.7980942395329474,1715.5174228542858,1.0,0.0,0.8042173439264297,1663.4917042978882,1.0,0.0,0.8096335098147392,1617.4725767357488,1.0,0.0,0.9988689118623734,9.610431135762163,1.0,0.0,0.9994763639569283,4.449138811324695,1.0,0.0,0.9995433315634727,3.88014020757951,1.0,0.0,0.9995814827084541,3.5559842559809165,1.0,0.0,0.9990489229559898,8.080944474798724,1.0,0.0,0.9996869802474976,2.659611285350446,1.0,0.0,0.9998427537083626,1.3360626876575556,1.0,0.0,0.9992895096540451,6.036769651524452,1.0,0.0,0.9990520057082176,8.054751486817896,1.0,0.0,1.0,0.0,1.0,0.0,1.0,0.0,1.0,0.0,1.0,0.0,1.0,0.0,1.0,0.0,1.0,0.0
34462,34,広島県,世羅町,1,27.575408472396962,16993.248918563953,4.790450507430872,0.16206963397562513,0.7980942395329474,3431.0348457085715,1.0,0.0,0.8042173439264297,3326.9834085957764,1.0,0.0,0.8096335098147392,3234.9451534714976,1.0,0.0,0.9988689118623734,19.220862271524325,1.0,0.0,0.9994763639569283,8.89827762264939,1.0,0.0,0.9995433315634727,7.76028041515902,1.0,0.0,0.9995814827084541,7.111968511961833,1.0,0.0,0.9990489229559898,16.161888949597447,1.0,0.0,0.9996869802474976,5.319222570700892,1.0,0.0,0.9998427537083626,2.6721253753151113,1.0,0.0,0.9992895096540451,12.073539303048904,1.0,0.0,0.9990520057082176,16.10950297363579,1.0,0.0,1.0,0.0,1.0,0.0,1.0,0.0,1.0,0.0,1.0,0.0,1.0,0.0,1.0,0.0,1.0,0.0
34545,34,広島県,神石高原町,3,0.0,0.0,4.697323531819016,0.0,1.0,0.0,1.0,0.0,1.0,0.0,1.0,0.0,1.0,0.0,1.0,0.0,1.0,0.0,1.0,0.0,1.0,0.0,1.0,0.0,1.0,0.0,1.0,0.0,1.0,0.0,1.0,0.0,1.0,0.0,1.0,0.0,1.0,0.0,1.0,0.0,1.0,0.0,1.0,0.0,1.0,0.0,1.0,0.0,1.0,0.0,1.0,0.0,1.0,0.0,1.0,0.0,1.0,0.0,1.0,0.0,1.0,0.0,1.0,0.0,1.0,0.0,1.0,0.0
35201,35,山口県,下関市,32,290.1389229516251,178797.09537635162,4.771715873049192,0.49646125823749554,0.7930285214397469,37005.899192322104,0.9936184210526317,1141.0077797043486,0.7990919934448444,35921.76800991485,0.9936184210526317,1141.0077797043486,0.804477563418056,34958.84374175852,0.9936184210526317,1141.0077797043486,0.994136573150754,1048.3636895968998,0.9952631578947367,846.9336096774557,0.9947395218516651,940.558213213043,0.9952631578947367,846.9336096774557,0.9948064894582096,928.5845996785881,0.9952631578947367,846.9336096774557,0.9948446406031909,921.7632857706315,0.9952631578947367,846.9336096774557,0.9939831334823058,1075.7982566309838,0.9949342105263157,905.7484436828346,0.9949501381422345,902.9006322203128,0.9952631578947367,846.9336096774557,0.9951059116030994,875.048789880922,0.9952631578947367,846.9336096774557,0.994616677443448,962.5224365855236,0.9952631578947367,846.9336096774557,0.9943878185043211,1003.4417501523245,0.9952631578947367,846.9336096774557,0.9946052631578948,964.5632776882135,0.9946052631578948,964.5632776882135,0.9961184210526316,694.0150412634707,0.9961184210526316,694.0150412634707,0.9969736842105263,541.0964728494855,0.9969736842105263,541.0964728494855,0.9984868421052632,270.54823642474275,0.9984868421052632,270.54823642474275
35202,35,山口県,宇部市,31,229.05704443549348,141155.60161290917,4.9435950550348675,0.16206963397562518,0.7980942395329479,28500.129087838715,1.0,0.0,0.8042173439264297,27635.818603438096,1.0,0.0,0.8096335098147392,26871.296449038447,1.0,0.0,0.9988689118623734,159.6594265439126,1.0,0.0,0.9994763639569282,73.91416068599,1.0,0.0,0.9995433315634727,64.46130789563091,1.0,0.0,0.9995814827084541,59.07606007355979,1.0,0.0,0.9990489229559897,134.24985232748801,1.0,0.0,0.9996869802474976,44.18449148120291,1.0,0.0,0.9998427537083627,22.19619489747344,1.0,0.0,0.9992895096540451,100.28969222343343,1.0,0.0,0.999052005708218,133.8147045821461,1.0,0.0,1.0,0.0,1.0,0.0,1.0,0.0,1.0,0.0,1.0,0.0,1.0,0.0,1.0,0.0,1.0,0.0
35203,35,山口県,山口市,21,175.61040073387835,108219.29456989701,4.841748304818338,0.16206963397562515,0.7980942395329476,21850.098967343012,1.0,0.0,0.8042173439264296,21187.460929302542,1.0,0.0,0.8096335098147392,20601.327277596145,1.0,0.0,0.9988689118623731,122.40556035033299,1.0,0.0,0.9994763639569283,56.667523192592334,1.0,0.0,0.9995433315634726,49.420336053317016,1.0,0.0,0.999581482708454,45.29164605639584,1.0,0.0,0.9990489229559897,102.92488678440746,1.0,0.0,0.9996869802474975,33.87477680225556,1.0,0.0,0.9998427537083627,17.01708275472964,1.0,0.0,0.9992895096540451,76.88876403796564,1.0,0.0,0.9990520057082177,102.59127351297867,1.0,0.0,1.0,0.0,1.0,0.0,1.0,0.0,1.0,0.0,1.0,0.0,1.0,0.0,1.0,0.0,1.0,0.0
35204,35,山口県,萩市,7,0.0,0.0,4.8624046004568,0.0,1.0,0.0,0.9971428571428572,0.0,1.0,0.0,0.9971428571428572,0.0,1.0,0.0,0.9971428571428572,0.0,1.0,0.0,0.9971428571428572,0.0,1.0,0.0,0.9971428571428572,0.0,1.0,0.0,0.9971428571428572,0.0,1.0,0.0,0.9971428571428572,0.0,1.0,0.0,0.9971428571428572,0.0,1.0,0.0,0.9971428571428572,0.0,1.0,0.0,0.9971428571428572,0.0,1.0,0.0,0.9978571428571429,0.0,1.0,0.0,1.0,0.0,1.0,0.0,1.0,0.0,1.0,0.0,1.0,0.0,1.0,0.0,1.0,0.0,1.0,0.0,1.0,0.0
35206,35,山口県,防府市,10,99.25805258871385,61167.42736559396,5.083473960876937,4.420990299972204,0.737453312759216,16059.30542187797,0.924423076923077,4622.845952822775,0.7432270239178951,15706.14236394955,0.924423076923077,4622.845952822775,0.7482528019409913,15398.72845176621,0.924423076923077,4622.845952822775,0.9233402683987066,4689.078564588033,0.924423076923077,4622.845952822775,0.9239397707581521,4652.408547561162,0.924423076923077,4622.845952822775,0.9239992749003264,4648.768832266762,0.924423076923077,4622.845952822775,0.9240359661441583,4646.5245232747175,0.924423076923077,4622.845952822775,0.9235041289833876,4679.055634176488,0.924423076923077,4622.845952822775,0.924139637351036,4640.183222258118,0.924423076923077,4622.845952822775,0.92524652079894,4572.47800935628,0.9253846153846154,4564.031118817396,0.9255461547924921,4554.150168819412,0.9261538461538461,4516.979251613093,0.9299439035241421,4285.151192704086,0.9307692307692309,4234.668048387274,0.9392307692307693,3717.0975091399414,0.9392307692307693,3717.0975091399414,0.9561538461538461,2681.9564306452744,0.9561538461538461,2681.9564306452744,0.9653846153846154,2117.334024193637,0.9653846153846154,2117.334024193637,0.9838461538461539,988.0892112903639,0.9838461538461539,988.0892112903639
35207,35,山口県,下松市,10,80.16996555242272,49404.4605645182,5.146326391891843,0.17408347972801766,0.7968423475963728,10036.894226555094,0.9985714285714287,70.57780080645463,0.8029631916965757,9734.497225585059,0.9985714285714287,70.57780080645463,0.8083737961309299,9467.18923217781,0.9985714285714287,70.57780080645463,0.9974403404338019,126.45860009682404,0.9985714285714287,70.57780080645463,0.9980477925283568,96.44775704655115,0.9985714285714287,70.57780080645463,0.9981147601349014,93.13925856992545,0.9985714285714287,70.57780080645463,0.9981529112798828,91.25442183220056,0.9985714285714287,70.57780080645463,0.9976203515274185,117.56524912107544,0.9985714285714287,70.57780080645463,0.9982584088189261,86.04237282487566,0.9985714285714287,70.57780080645463,0.9998427537083628,7.768668214115703,1.0,0.0,0.9992895096540452,35.1013922782017,1.0,0.0,0.9990520057082177,46.835146603751134,1.0,0.0,1.0,0.0,1.0,0.0,1.0,0.0,1.0,0.0,1.0,0.0,1.0,0.0,1.0,0.0,1.0,0.0
35208,35,山口県,岩国市,40,274.8684533225922,169386.72193549102,5.273524141363429,4.88697658289638,0.7528863163623546,41857.776816784746,0.9259027777777777,12551.085576747839,0.7581523662019107,40965.77789691341,0.9259027777777777,12551.085576747839,0.7627540008723738,40186.32208453899,0.9259027777777777,12551.085576747839,0.9249450576263998,12713.310653721328,0.9259027777777777,12551.085576747839,0.9254372316102187,12629.942915980298,0.9259027777777777,12551.085576747839,0.9254979616941679,12619.656046137314,0.9259027777777777,12551.085576747839,0.9258091130107642,12566.951144593133,0.9261805555555556,12504.033709543537,0.9253123809935317,12651.090952672523,0.9261805555555556,12504.033709543537,0.9259009375712939,12551.397283291844,0.9261805555555556,12504.033709543537,0.9269411019484203,12375.207249176327,0.9270833333333334,12351.11514112955,0.9264274697129925,12462.209729815833,0.9270833333333334,12351.11514112955,0.9278127496441205,12227.561703319028,0.9286805555555555,12080.56690470481,0.9297916666666668,11892.359435887598,0.9297916666666668,11892.359435887598,0.9434722222222223,9575.054976075673,0.9434722222222223,9575.054976075673,0.9607638888888889,6646.076242607806,0.9607638888888889,6646.076242607806,0.97875,3599.467841129183,0.97875,3599.467841129183
35210,35,山口県,光市,8,30.5409392580658,18820.74688172122,5.177686248660993,0.19165281398221862,0.7961555986106396,3836.5038818051344,0.9975,47.05186720430309,0.8022741958498955,3721.347311893901,0.9975,47.05186720430309,0.8076866754889489,3619.4804026048073,0.9975,47.05186720430309,0.9963689118623733,68.33979074349145,0.9975,47.05186720430309,0.9969763639569282,56.907088629101764,0.9975,47.05186720430309,0.9970433315634728,55.64670825705389,0.9975,47.05186720430309,0.9970814827084542,54.92867521411107,0.9975,47.05186720430309,0.9965489229559897,64.95184751463484,0.9975,47.05186720430309,0.9971869802474975,52.94313273513015,0.9975,47.05186720430309,0.9973427537083627,50.01135985729955,0.9975,47.05186720430309,0.9992895096540452,13.371958963124458,1.0,0.0,0.9990520057082176,17.841960610952814,1.0,0.0,1.0,0.0,1.0,0.0,1.0,0.0,1.0,0.0,1.0,0.0,1.0,0.0,1.0,0.0,1.0,0.0
35211,35,山口県,長門市,5,30.5409392580658,18820.74688172122,4.6074135708974815,0.16206963397562513,0.7980942395329476,3800.017211711829,1.0,0.0,0.8042173439264297,3684.775813791746,1.0,0.0,0.8096335098147394,3582.8395265384597,1.0,0.0,0.9988689118623734,21.28792353918835,1.0,0.0,0.9994763639569283,9.855221424798666,1.0,0.0,0.9995433315634727,8.594841052750787,1.0,0.0,0.9995814827084541,7.876808009807971,1.0,0.0,0.9990489229559898,17.899980310331735,1.0,0.0,0.9996869802474976,5.891265530827055,1.0,0.0,0.9998427537083626,2.9594926529964583,1.0,0.0,0.9992895096540452,13.371958963124458,1.0,0.0,0.9990520057082176,17.841960610952814,1.0,0.0,1.0,0.0,1.0,0.0,1.0,0.0,1.0,0.0,1.0,0.0,1.0,0.0,1.0,0.0,1.0,0.0
35212,35,山口県,柳井市,10,76.3523481451645,47051.86720430305,5.425793615840961,1.8422769510690125,0.7711952638030052,10765.690063256588,0.9657499999999999,1611.5264517473797,0.7771167542338372,10487.072881853535,0.9657499999999999,1611.5264517473797,0.7823555793017148,10240.576380453178,0.9657499999999999,1611.5264517473797,0.9646691674441101,1662.3816416372076,0.9657499999999999,1611.5264517473797,0.9665256849378348,1575.0290270599996,0.967,1552.711617742001,0.9665894130319358,1572.0305012391805,0.967,1552.711617742001,0.9666210189163685,1570.5433853619738,0.967,1552.711617742001,0.9689727338999511,1459.8908042520818,0.9697500000000001,1423.3189829301673,0.9694524120390415,1437.3210521507845,0.9697500000000001,1423.3189829301673,0.9695927537083626,1430.7177145626586,0.9697500000000001,1423.3189829301673,0.9730395096540452,1268.5414115207661,0.97375,1235.1115141129549,0.9728020057082177,1279.716415640337,0.97375,1235.1115141129549,0.9775,1058.6670120968183,0.9775,1058.6670120968183,0.98375,764.592842069924,0.98375,764.592842069924,0.9862500000000001,646.9631740591675,0.9862500000000001,646.9631740591675,0.9912500000000001,411.7038380376521,0.9912500000000001,411.7038380376521
35213,35,山口県,美祢市,7,24.814513147178463,15291.856841398492,4.674354459821518,0.16137052949804534,0.7980942395329476,3087.513984515861,1.0,0.0,0.8042173439264297,2993.8803487057935,1.0,0.0,0.8096335098147394,2911.0571153124984,1.0,0.0,0.9989117768865365,16.64095206258418,1.0,0.0,0.9994763639569282,8.007367407648916,1.0,0.0,0.9995433315634727,6.983308355360014,1.0,0.0,0.9995814827084543,6.399906507968977,1.0,0.0,0.9990902394514818,13.911928067893978,1.0,0.0,0.9996869802474975,4.786653243796982,1.0,0.0,0.9998427537083626,2.4045877805596225,1.0,0.0,0.9993310887309221,10.228895366337817,1.0,0.0,0.9990990427136421,13.777309843199681,1.0,0.0,1.0,0.0,1.0,0.0,1.0,0.0,1.0,0.0,1.0,0.0,1.0,0.0,1.0,0.0,1.0,0.0
35215,35,山口県,周南市,27,196.60729647379858,121158.55805108036,4.994601045011071,3.4027642989664986,0.7759430137797467,27146.421371716675,0.9477669902912621,6328.476138978761,0.7810966347722175,26522.016083527145,0.9477669902912621,6328.476138978761,0.7856513871295938,25970.168855627657,0.9477669902912621,6328.476138978761,0.9468101615986778,6444.4041236741805,0.9477669902912621,6328.476138978761,0.9473004264767887,6385.004337979165,0.9477669902912621,6328.476138978761,0.947360358680915,6377.7430385464195,0.9477669902912621,6328.476138978761,0.9473945649821782,6373.598652409103,0.9477669902912621,6328.476138978761,0.9469128133573578,6431.966984611103,0.9477669902912621,6328.476138978761,0.9474900910402964,6362.024852951184,0.9477669902912621,6328.476138978761,0.9476281912321027,6345.2928328453745,0.9477669902912621,6328.476138978761,0.9479587635658321,6305.2411655591495,0.9485436893203884,6234.372404570155,0.949214649365365,6153.079853010905,0.95,6057.927902554018,0.953883495145631,5587.409230510987,0.953883495145631,5587.409230510987,0.9611650485436893,4705.186720430305,0.9611650485436893,4705.186720430305,0.9733009708737864,3234.8158702958353,0.9733009708737864,3234.8158702958353,0.9854368932038836,1764.4450201613647,0.9854368932038836,1764.4450201613647
35216,35,山口県,山陽小野田市,17,202.3337225846859,124687.44809140309,4.946768620324969,3.269655259328209,0.7541611496513747,30653.018891694453,0.9449056603773586,6869.572611828245,0.7599412727974497,29932.3100869563,0.9449056603773586,6869.572611828245,0.7650441007569153,29296.05149064108,0.9449056603773586,6869.572611828245,0.9438251207459649,7004.302341028352,0.9449056603773586,6869.572611828245,0.9444314239609919,6928.703940377038,0.9449056603773586,6869.572611828245,0.9444920738688057,6921.141658144749,0.9449056603773586,6869.572611828245,0.9445266258491661,6916.833459887092,0.9449056603773586,6869.572611828245,0.9444653345222744,6924.475719027364,0.9453773584905661,6810.757777822867,0.9450938689033942,6846.105371007831,0.9453773584905661,6810.757777822867,0.9460840033585174,6722.648032531165,0.9462264150943396,6704.891076613186,0.9460036570452296,6732.666209298558,0.9466981132075473,6646.076242607805,0.9485943273384618,6409.642141589228,0.9495283018867926,6293.187238575532,0.9561320754716982,5469.779562500229,0.9561320754716982,5469.779562500229,0.9674528301886793,4058.223546371138,0.9674528301886793,4058.223546371138,0.9754716981132076,3058.3713682796983,0.9754716981132076,3058.3713682796983,0.9867924528301888,1646.815352150607,0.9867924528301888,1646.815352150607
35305,35,山口県,周防大島町,2,19.088087036291125,11762.966801075763,5.344605471831361,0.19000000000000017,0.9850000000000001,176.4445020161366,0.9850000000000001,176.4445020161366,0.9850000000000001,176.4445020161366,0.9850000000000001,176.4445020161366,0.9850000000000001,176.4445020161366,0.9850000000000001,176.4445020161366,0.9850000000000001,176.4445020161366,0.9850000000000001,176.4445020161366,0.9850000000000001,176.4445020161366,0.9850000000000001,176.4445020161366,0.9850000000000001,176.4445020161366,0.9850000000000001,176.4445020161366,0.9850000000000001,176.4445020161366,0.9850000000000001,176.4445020161366,0.9850000000000001,176.4445020161366,0.9850000000000001,176.4445020161366,0.9850000000000001,176.4445020161366,0.9850000000000001,176.4445020161366,0.99,117.62966801075774,0.99,117.62966801075774,0.995,58.81483400537887,0.995,58.81483400537887,1.0,0.0,1.0,0.0,1.0,0.0,1.0,0.0,1.0,0.0,1.0,0.0,1.0,0.0,1.0,0.0,1.0,0.0,1.0,0.0
35343,35,山口県,田布施町,4,38.17617407258225,23525.933602151526,5.545350894016467,0.31958882926404497,0.7834896607398988,5093.607865612445,0.9820000000000001,423.46680483872785,0.7895410315990449,4951.243716578179,0.9820000000000001,423.46680483872785,0.7949013901948929,4825.136276168534,0.9820000000000001,423.46680483872785,0.9808689118623735,450.0767092627133,0.9820000000000001,423.46680483872785,0.9814763639569284,435.7858316197262,0.9820000000000001,423.46680483872785,0.9815433315634728,434.21035615466633,0.9820000000000001,423.46680483872785,0.9835814827084541,386.2609476466847,0.9840000000000001,376.41493763442475,0.98704892295599,304.6861786137322,0.988,282.31120322581853,0.9936869802474976,148.5196835264431,0.994,141.1556016129093,0.9938427537083627,144.85496742915487,0.994,141.1556016129093,0.9972895096540452,63.76681590820866,0.998,47.05186720430309,0.9970520057082177,69.3543179679941,0.998,47.05186720430309,1.0,0.0,1.0,0.0,1.0,0.0,1.0,0.0,1.0,0.0,1.0,0.0,1.0,0.0,1.0,0.0
35344,35,山口県,平生町,3,0.0,0.0,5.2001750479782585,0.0,1.0,0.0,0.9733333333333333,0.0,1.0,0.0,0.9733333333333333,0.0,1.0,0.0,0.9733333333333333,0.0,1.0,0.0,0.9733333333333333,0.0,1.0,0.0,0.9733333333333333,0.0,1.0,0.0,0.9733333333333333,0.0,1.0,0.0,0.9733333333333333,0.0,1.0,0.0,0.9733333333333333,0.0,1.0,0.0,0.9733333333333333,0.0,1.0,0.0,0.9733333333333333,0.0,1.0,0.0,0.9733333333333333,0.0,1.0,0.0,0.975,0.0,1.0,0.0,0.98,0.0,1.0,0.0,0.985,0.0,1.0,0.0,0.995,0.0,1.0,0.0,0.9983333333333334,0.0
36201,36,徳島県,徳島市,12,129.39411994965187,97167.04877320539,6.159956374741138,38.85977188054268,0.2743976660302052,70504.63737479471,0.3949999999999999,58786.06450778926,0.27604771067889833,70344.30740593717,0.3949999999999999,58786.06450778926,0.2774796149020012,70205.17349845238,0.3949999999999999,58786.06450778926,0.3417848951082963,63956.81920027267,0.3949999999999999,58786.06450778926,0.34225173023457706,63911.458208788295,0.3949999999999999,58786.06450778926,0.3413465343644986,63999.41342004552,0.3957692307692307,58711.320624117565,0.3480816790920037,63344.97928381343,0.39730769230769225,58561.83285677417,0.3578323999792337,62397.53051179004,0.39846153846153837,58449.71703126663,0.37237771874436965,60984.20481391626,0.40346153846153837,57963.8817874006,0.3903367419197009,59239.17953311972,0.40692307692307694,57627.53431087797,0.40357834717402086,57952.53182953768,0.41115384615384615,57216.44295068363,0.42217990777813463,56145.073083060015,0.4238461538461538,55983.16887010064,0.4530435926472776,53146.13991005915,0.456153846153846,52843.92575588939,0.5581014150084005,42937.98136068919,0.5623076923076922,42529.269809195284,0.6677034545338782,32288.274640474294,0.6692307692307691,32139.869978829476,0.8254986189191156,16955.784206477972,0.8292307692307691,16593.142175116613
36202,36,徳島県,鳴門市,12,109.48733226509003,82218.2720388661,6.099351749706478,70.98623157506302,0.0316887170550498,79612.88047947135,0.04545454545454546,78481.07785528127,0.03200358899479562,79586.99225267193,0.04545454545454546,78481.07785528127,0.03221748664297841,79569.40595764517,0.04545454545454546,78481.07785528127,0.04122440309687094,78828.87285040769,0.04545454545454546,78481.07785528127,0.04126557935367931,78825.48740972388,0.04545454545454546,78481.07785528127,0.04127899287776513,78824.38457295159,0.04545454545454546,78481.07785528127,0.044959702925248576,78521.7629529714,0.04818181818181818,78256.84620426618,0.04591295850547877,78443.38792635348,0.04818181818181818,78256.84620426618,0.04594944426959211,78440.38812987406,0.04818181818181818,78256.84620426618,0.04828300683335824,78248.52664818661,0.049545454545454545,78144.73037875864,0.04997983102094043,78109.01669552986,0.050909090909090904,78032.6145532511,0.05999999999999999,77285.17571653413,0.05999999999999999,77285.17571653413,0.08159756495194001,75509.46124593844,0.08227272727272728,75453.95056657757,0.14772727272727273,70072.39094221542,0.14772727272727273,70072.39094221542,0.26999999999999996,60019.33858837225,0.26999999999999996,60019.33858837225,0.563573319319297,35882.24755722539,0.7209090909090909,22946.37228721081
36203,36,徳島県,小松島市,3,19.906787684561824,14948.77673433929,6.105014937594922,62.148083381503824,0.0,14948.77673433929,0.0,14948.77673433929,0.0,14948.77673433929,0.0,14948.77673433929,0.0,14948.77673433929,0.0,14948.77673433929,0.0,14948.77673433929,0.0,14948.77673433929,0.0,14948.77673433929,0.0,14948.77673433929,0.0,14948.77673433929,0.0,14948.77673433929,0.0,14948.77673433929,0.0,14948.77673433929,0.0,14948.77673433929,0.0,14948.77673433929,0.0,14948.77673433929,0.0,14948.77673433929,0.0,14948.77673433929,0.0,14948.77673433929,0.0,14948.77673433929,0.0,14948.77673433929,0.034997950792312625,14425.600181785616,0.035,14425.569548637413,0.135,12930.691875203485,0.135,12930.691875203485,0.32,10165.168179350716,0.32,10165.168179350716,0.46,8072.339436543217,0.46,8072.339436543217,0.7201288674771785,4183.731074470342,0.73,4036.1697182716084
36204,36,徳島県,阿南市,13,73.65511443287875,55310.47391705537,5.928233058913505,27.968820084926193,0.36001927416268226,35397.63724384312,0.5355405405405405,25689.47281796207,0.36255579653221204,35257.34098948322,0.5355405405405405,25689.47281796207,0.3646685493958963,35140.483627323236,0.5355405405405405,25689.47281796207,0.45632156730906387,30071.11177061757,0.5355405405405405,25689.47281796207,0.45712324693194917,30026.770490746134,0.5356756756756756,25681.998429594896,0.45456968128278447,30168.00941697975,0.5356756756756756,25681.998429594896,0.46303156437906057,29699.978652693997,0.5358108108108107,25674.524041227727,0.4797553421456266,28774.978578741713,0.5389189189189189,25502.61310878283,0.4932951162554122,28026.087255999595,0.5394594594594594,25472.71555531415,0.5147211650658298,26841.002342125437,0.5408108108108107,25397.971671642452,0.5429237439100807,25281.104340566802,0.5585135135135135,24418.82679554323,0.5625225294240424,24197.08622559087,0.5694594594594595,23813.40133780249,0.5979840973905615,22235.690095520822,0.6044594594594594,21877.534750705556,0.7156756756756758,15726.113124524933,0.7156756756756758,15726.113124524933,0.7902702702702702,11600.25074584729,0.7902702702702702,11600.25074584729,0.8739427392788837,6972.28683117076,0.8875675675675675,6218.691121485144
36205,36,徳島県,吉野川市,4,59.720363053685475,44846.33020301787,5.907415323771011,2.072305854030418,0.6411065025286128,16095.056295317789,0.9599999999999999,1793.8532081207163,0.6457725557840118,15885.800930281295,0.9599999999999999,1793.8532081207163,0.6494720133549222,15719.893834484192,0.9599999999999999,1793.8532081207163,0.8238266012383003,7900.730413855119,0.9599999999999999,1793.8532081207163,0.8248313243252535,7855.672270535025,0.9599999999999999,1793.8532081207163,0.8237666953417162,7903.416973474441,0.9633333333333332,1644.3654407773233,0.838484632006536,7243.371525896833,0.9633333333333332,1644.3654407773233,0.8712956963541606,5771.915699850787,0.9716666666666665,1270.6460224188406,0.9012817038906116,4427.153304400919,0.9799999999999998,896.9266040603582,0.9463793592154978,2404.6889623191864,0.9866666666666667,597.9510693735721,0.9750137282411256,1120.5425938408146,0.9933333333333334,298.97553468678603,0.9906677602231503,418.51670656634013,0.995,224.23165101508954,0.9817168894798184,819.930411526331,0.9966666666666667,149.48776734339302,1.0,0.0,1.0,0.0,1.0,0.0,1.0,0.0,0.993107484281063,309.1040358609352,1.0,0.0
36206,36,徳島県,阿波市,2,39.81357536912365,29897.55346867858,5.988735428731664,2.604559328532778,0.6115394815709442,11614.019120203298,0.9750000000000001,747.4388367169652,0.6157331447210164,11488.63885194439,0.9750000000000001,747.4388367169652,0.6191002336796374,11387.97112977022,0.9750000000000001,747.4388367169652,0.784257686920464,6450.16734075182,0.9750000000000001,747.4388367169652,0.7854719477519394,6413.863912617867,0.9750000000000001,747.4388367169652,0.781063217036426,6545.674174913929,0.9750000000000001,747.4388367169652,0.7960081635043025,6098.856838804055,0.9750000000000001,747.4388367169652,0.8218950066529214,5324.903561632924,0.9750000000000001,747.4388367169652,0.8663195685297251,3996.717847598567,0.985,448.4633020301791,0.9259161218069493,2214.926709443802,0.9925,224.23165101508954,0.9630732431961224,1104.0196859688222,0.9975,74.74388367169651,0.9858446020446718,423.21176723985053,1.0,0.0,0.9802121660998091,591.607822060288,1.0,0.0,1.0,0.0,1.0,0.0,1.0,0.0,1.0,0.0,0.993107484281063,206.06935724062348,1.0,0.0
36207,36,徳島県,美馬市,3,39.81357536912365,29897.55346867858,6.018009348757286,2.5384052076935757,0.6260866436222567,11179.094564956646,0.9425,1719.109324449018,0.6306351314345374,11043.105907387351,0.9425,1719.109324449018,0.6321963681140914,10996.428750283125,0.94,1793.8532081207145,0.8022514115273952,5912.198997215417,0.9425,1719.109324449018,0.8034637713432312,5875.952404798184,0.9425,1719.109324449018,0.7990507415682078,6007.891198455818,0.9425,1719.109324449018,0.8179800862818957,5441.950102751286,0.945,1644.3654407773215,0.8425275409966707,4708.041262896333,0.945,1644.3654407773215,0.8722469149529933,3819.504690981522,0.9524999999999999,1420.133789762232,0.9205585468560457,2375.1050930008973,0.9649999999999999,1046.4143714037511,0.9603037026524543,1186.8221724568098,0.9799999999999999,597.9510693735721,0.9856677602231503,428.49890505428647,0.99,298.97553468678603,0.9811571615090361,563.3547712852683,0.9975,74.74388367169651,0.9975029481027742,74.65574261137594,1.0,0.0,1.0,0.0,1.0,0.0,0.993107484281063,206.06935724062348,1.0,0.0
36208,36,徳島県,三好市,20,169.20769531877554,127064.60224188397,5.56058870319609,1.8004096797705786,0.6599633896350859,43206.61664369627,0.9858823529411763,1793.8532081207163,0.6646842883439624,42606.757527028654,0.9858823529411763,1793.8532081207163,0.6684702500394161,42125.695810092824,0.9858823529411763,1793.8532081207163,0.842587955874555,20001.498774881522,0.9858823529411763,1793.8532081207163,0.8436804108014875,19862.68642412365,0.9858823529411763,1793.8532081207163,0.8393262121607274,20415.950942494004,0.9858823529411763,1793.8532081207163,0.8571786722102583,18147.535207261222,0.9858823529411763,1793.8532081207163,0.8799112607845486,15259.027882140637,0.9858823529411763,1793.8532081207163,0.9035261161537732,12258.415677650533,0.9870588235294118,1644.3654407773233,0.9456644154208544,6904.12944212933,0.9905882352941177,1195.9021387471441,0.9744213497112778,3250.1410248207244,0.9941176470588236,747.438836716965,0.9950795249290324,625.2182077335732,0.9994117647058823,74.74388367169651,0.9943226021177628,721.3963036753818,0.9994117647058823,74.74388367169651,0.9994117647058823,74.74388367169651,0.9994117647058823,74.74388367169651,1.0,0.0,1.0,0.0,0.9931074842810627,875.7947682726498,1.0,0.0
36301,36,徳島県,勝浦町,1,0.0,0.0,5.431290013289283,0.0,1.0,0.0,0.995,0.0,1.0,0.0,0.995,0.0,1.0,0.0,0.995,0.0,1.0,0.0,0.995,0.0,1.0,0.0,0.995,0.0,1.0,0.0,0.995,0.0,1.0,0.0,0.995,0.0,1.0,0.0,0.995,0.0,1.0,0.0,0.995,0.0,1.0,0.0,0.995,0.0,1.0,0.0,0.995,0.0,1.0,0.0,0.995,0.0,1.0,0.0,0.995,0.0,1.0,0.0,0.995,0.0,1.0,0.0,0.995,0.0,1.0,0.0,1.0,0.0
36341,36,徳島県,石井町,4,49.76696921140456,37371.94183584822,5.617150115950763,1.8707242300678044,0.6598550022840501,12711.87907039521,0.9790000000000001,784.8107785528134,0.6645902596414089,12534.913307858222,0.9790000000000001,784.8107785528134,0.6683726784735918,12393.556971263064,0.9790000000000001,784.8107785528134,0.8373729918003083,6077.687091376894,0.9790000000000001,784.8107785528134,0.8383665159195662,6040.557165779472,0.9790000000000001,784.8107785528134,0.8339964939057827,6203.873374299966,0.9790000000000001,784.8107785528134,0.8490030878186227,5643.047819435118,0.9790000000000001,784.8107785528134,0.872080193772912,4780.611557971708,0.9790000000000001,784.8107785528134,0.9018901724517345,3666.554768658877,0.984,597.9510693735721,0.9468755289912225,1985.3646406002415,0.99,373.7194183584826,0.9765199138522149,877.4964138157343,0.996,149.48776734339302,0.9939123526513578,227.50720263061694,0.998,74.74388367169651,0.9929108374118805,264.9357719080745,0.998,74.74388367169651,0.998,74.74388367169651,0.998,74.74388367169651,1.0,0.0,1.0,0.0,0.993107484281063,257.5866965507793,1.0,0.0
36342,36,徳島県,神山町,4,31.85086029529892,23918.042774942864,5.486961531664925,1.689794272609578,0.6633640652161557,8051.672687742863,0.9912500000000001,209.2828742807502,0.6681169300910551,7937.993462361497,0.9912500000000001,209.2828742807502,0.671959104129346,7846.096179364878,0.9912500000000001,209.2828742807502,0.8491116540692747,3608.9539122114643,0.9912500000000001,209.2828742807502,0.8503260598704218,3579.907702313486,0.9912500000000001,209.2828742807502,0.844831156283617,3711.3350413468725,0.9912500000000001,209.2828742807502,0.8598377501964569,3352.40668623337,0.9912500000000001,209.2828742807502,0.884330193772912,2766.5953731088425,0.9912500000000001,209.2828742807502,0.9141401724517346,2053.599027948631,0.99625,89.69266040603581,0.9568755289912224,1031.4529422347257,1.0,0.0,0.9803037026524545,471.09688246659005,1.0,0.0,0.9956677602231502,103.61869629400033,1.0,0.0,0.9918256526597543,195.51438934123786,1.0,0.0,1.0,0.0,1.0,0.0,1.0,0.0,1.0,0.0,0.993107484281063,164.85548579249877,1.0,0.0
36368,36,徳島県,那賀町,9,89.58054458052821,67269.4953045268,5.538926763575753,2.1517197815049434,0.6685195036894744,22298.52569010311,0.9899999999999999,672.6949530452687,0.6731795792778332,21985.044757193267,0.9899999999999999,672.6949530452687,0.6768699591606855,21736.794764991817,0.9899999999999999,672.6949530452687,0.8454856654008229,10394.101305801423,0.9899999999999999,672.6949530452687,0.8467000452925763,10312.41058337522,0.9899999999999999,672.6949530452687,0.8423457490901152,10605.321891321188,0.9899999999999999,672.6949530452687,0.8573167578379313,9598.229688655936,0.9899999999999999,672.6949530452687,0.8818095632808077,7950.611027921685,0.9899999999999999,672.6949530452687,0.905025286393033,6388.901051032635,0.9922222222222222,523.2071857018756,0.9435601520869468,3796.680084175344,0.9933333333333334,448.4633020301791,0.9681092558635606,2145.274262944078,0.9944444444444445,373.7194183584826,0.9866685104866822,896.802571218476,0.9966666666666667,224.23165101508954,0.9866688749525282,896.778053784965,0.9966666666666667,224.23165101508954,0.9967034052477941,221.76026520443054,0.9988888888888889,74.74388367169651,0.9978787679142421,142.6942118326934,0.9988888888888889,74.74388367169651,0.9875720272792708,836.0234525818653,1.0,0.0
36383,36,徳島県,牟岐町,1,19.906787684561824,14948.77673433929,6.384605501875081,72.55020940959454,0.0,14948.77673433929,0.0,14948.77673433929,0.0,14948.77673433929,0.0,14948.77673433929,0.0,14948.77673433929,0.0,14948.77673433929,0.0,14948.77673433929,0.0,14948.77673433929,0.0,14948.77673433929,0.0,14948.77673433929,0.0,14948.77673433929,0.0,14948.77673433929,0.0,14948.77673433929,0.0,14948.77673433929,0.0,14948.77673433929,0.0,14948.77673433929,0.0,14948.77673433929,0.0,14948.77673433929,0.0,14948.77673433929,0.0,14948.77673433929,0.0,14948.77673433929,0.0,14948.77673433929,0.005,14874.032850667592,0.005,14874.032850667592,0.025,14575.057315980806,0.025,14575.057315980806,0.125,13080.179642546878,0.125,13080.179642546878,0.27,10912.60701606768,0.27,10912.60701606768,0.6106527060270309,5820.26576972108,0.63,5531.047391705537
36387,36,徳島県,美波町,4,39.81357536912365,29897.55346867858,5.5165731470122,37.72025117367506,0.2757491198182106,21653.32941497257,0.41750000000000004,17415.32489550527,0.27791706793010235,21588.513070379966,0.41750000000000004,17415.32489550527,0.2796059809625149,21538.018702689467,0.41750000000000004,17415.32489550527,0.3468585465848446,19527.33152609005,0.41750000000000004,17415.32489550527,0.3476069602370262,19504.95578890726,0.41750000000000004,17415.32489550527,0.34395628027617925,19614.102188233715,0.41750000000000004,17415.32489550527,0.3520353228598833,19372.558580611687,0.41750000000000004,17415.32489550527,0.3646175944060087,18996.379444303973,0.41750000000000004,17415.32489550527,0.37739891134202486,18614.249337809306,0.4225,17265.837128161882,0.39991762161254885,17940.994993450633,0.4250000000000001,17191.09324449018,0.41072767481207845,17617.800849918436,0.4250000000000001,17191.09324449018,0.438531894981861,16786.522690737445,0.44500000000000006,16593.14217511661,0.45504783421754835,16292.73651435304,0.47,15845.70333839965,0.5765716499090195,12659.471736999443,0.58,12556.972456845004,0.6790388505160809,9595.953128064011,0.68,9567.217109977146,0.8481527060270309,4539.862590630998,0.8674999999999999,3961.4258345999124
36388,36,徳島県,海陽町,4,39.81357536912365,29897.55346867858,6.185471923488979,78.57355314046144,0.0,29897.55346867858,0.0,29897.55346867858,0.0,29897.55346867858,0.0,29897.55346867858,0.0,29897.55346867858,0.0,29897.55346867858,0.0,29897.55346867858,0.0,29897.55346867858,0.0,29897.55346867858,0.0,29897.55346867858,0.0,29897.55346867858,0.0,29897.55346867858,0.0,29897.55346867858,0.0,29897.55346867858,0.0,29897.55346867858,0.0,29897.55346867858,0.0,29897.55346867858,0.0,29897.55346867858,0.0,29897.55346867858,0.0,29897.55346867858,0.0,29897.55346867858,0.0,29897.55346867858,0.005,29748.065701335185,0.005,29748.065701335185,0.005,29748.065701335185,0.005,29748.065701335185,0.05,28402.67579524465,0.05,28402.67579524465,0.125,26160.359285093757,0.125,26160.359285093757,0.5175964573025703,14422.685711276374,0.535,13902.362362935539
36401,36,徳島県,松茂町,2,0.0,0.0,6.250492980810883,0.0,1.0,0.0,0.0025,0.0,1.0,0.0,0.0025,0.0,1.0,0.0,0.0025,0.0,1.0,0.0,0.0025,0.0,1.0,0.0,0.0025,0.0,1.0,0.0,0.0025,0.0,1.0,0.0,0.0025,0.0,1.0,0.0,0.0025,0.0,1.0,0.0,0.0025,0.0,1.0,0.0,0.0025,0.0,1.0,0.0,0.0025,0.0,1.0,0.0,0.0025,0.0,1.0,0.0,0.015,0.0,1.0,0.0,0.0825,0.0,1.0,0.0,0.255,0.0,1.0,0.0,0.5875,0.0
36404,36,徳島県,板野町,1,0.0,0.0,5.36737057076194,0.0,1.0,0.0,1.0,0.0,1.0,0.0,1.0,0.0,1.0,0.0,1.0,0.0,1.0,0.0,1.0,0.0,1.0,0.0,1.0,0.0,1.0,0.0,1.0,0.0,1.0,0.0,1.0,0.0,1.0,0.0,1.0,0.0,1.0,0.0,1.0,0.0,1.0,0.0,1.0,0.0,1.0,0.0,1.0,0.0,1.0,0.0,1.0,0.0,1.0,0.0,1.0,0.0,1.0,0.0,1.0,0.0,1.0,0.0,1.0,0.0,1.0,0.0,1.0,0.0
36405,36,徳島県,上板町,1,0.0,0.0,5.3728328787678175,0.0,1.0,0.0,1.0,0.0,1.0,0.0,1.0,0.0,1.0,0.0,1.0,0.0,1.0,0.0,1.0,0.0,1.0,0.0,1.0,0.0,1.0,0.0,1.0,0.0,1.0,0.0,1.0,0.0,1.0,0.0,1.0,0.0,1.0,0.0,1.0,0.0,1.0,0.0,1.0,0.0,1.0,0.0,1.0,0.0,1.0,0.0,1.0,0.0,1.0,0.0,1.0,0.0,1.0,0.0,1.0,0.0,1.0,0.0,1.0,0.0,1.0,0.0,1.0,0.0
36468,36,徳島県,つるぎ町,4,39.81357536912365,29897.55346867858,5.6169685210340745,2.097247879086063,0.651036029458046,10433.168967920446,0.9800000000000001,597.9510693735722,0.6557165117561817,10293.23399815273,0.9800000000000001,597.9510693735722,0.6595116233080626,10179.769447610772,0.9800000000000001,597.9510693735722,0.8305767202377321,5065.341565531298,0.9800000000000001,597.9510693735722,0.8317912974208593,5029.02867925691,0.9800000000000001,597.9510693735722,0.8274371352791785,5159.207474699106,0.9800000000000001,597.9510693735722,0.845298720151186,4625.1897859529245,0.9800000000000001,597.9510693735722,0.8697911637276411,3892.925644547265,0.9800000000000001,597.9510693735722,0.8946710868179798,3149.076813657253,0.9800000000000001,597.9510693735722,0.9387244905531407,1831.9878200079963,0.985,448.4633020301791,0.968073966652155,954.5102890600144,0.9875,373.7194183584825,0.9834735007584094,494.10189472552787,0.9875,373.7194183584825,0.9899948132038118,299.1306072031594,1.0,0.0,0.9991347941756249,25.867537395668453,1.0,0.0,1.0,0.0,1.0,0.0,0.993107484281063,206.06935724062348,1.0,0.0
36489,36,徳島県,東みよし町,1,0.0,0.0,5.395994256354362,0.0,1.0,0.0,1.0,0.0,1.0,0.0,1.0,0.0,1.0,0.0,1.0,0.0,1.0,0.0,1.0,0.0,1.0,0.0,1.0,0.0,1.0,0.0,1.0,0.0,1.0,0.0,1.0,0.0,1.0,0.0,1.0,0.0,1.0,0.0,1.0,0.0,1.0,0.0,1.0,0.0,1.0,0.0,1.0,0.0,1.0,0.0,1.0,0.0,1.0,0.0,1.0,0.0,1.0,0.0,1.0,0.0,1.0,0.0,1.0,0.0,1.0,0.0,1.0,0.0
37201,37,香川県,高松市,36,315.38630834419666,236835.7759781202,5.859701890197328,2.2149111769846668,0.6462702259505525,83775.86552356598,0.9646153846153847,8380.342842302713,0.6508767619354724,82684.87299900642,0.9646153846153847,8380.342842302713,0.6543939020855425,81851.88838234074,0.9646153846153847,8380.342842302713,0.83478851049787,39127.99131673804,0.9646153846153847,8380.342842302713,0.8360141017825944,38837.72745378831,0.9650000000000002,8289.252159234205,0.8297953015358789,40310.56183587212,0.9653846153846155,8198.161476165697,0.8444667621225325,36835.83508309957,0.9667307692307693,7879.344085425922,0.8772031318624463,29082.69155304052,0.9686538461538463,7423.890670083381,0.8993618720104304,23834.709135395173,0.9776923076923077,5283.25961797345,0.9459787209319452,12794.171547413334,0.985769230769231,3370.35527353479,0.9691454030560831,7307.47240970469,0.989615384615385,2459.4484428497117,0.9837500405398002,3848.5717583694454,0.990769230769231,2186.176393644188,0.9845388248397816,3661.7594166039567,0.9988461538461539,273.2720492055235,0.9938573255463584,1454.8050708091857,0.9996153846153847,91.09068306850783,0.9984643379997354,363.699701472765,0.9996153846153847,91.09068306850783,0.9931074842810631,1632.3943087358107,1.0,0.0
37202,37,香川県,丸亀市,9,97.0419410289836,72872.5464548062,5.953993755332517,1.771583213847644,0.6565607969171833,25027.289281054178,0.9724999999999999,2003.9950275071724,0.6612280421971809,24687.17523257158,0.9724999999999999,2003.9950275071724,0.6648333912238014,24424.444268143397,0.9724999999999999,2003.9950275071724,0.842334157574005,11489.51142652447,0.9724999999999999,2003.9950275071724,0.8457263021646214,11242.317212263366,0.975,1821.8136613701568,0.8392044846816133,11717.57865976363,0.975,1821.8136613701568,0.8548616742253216,10576.599387388043,0.975,1821.8136613701568,0.8878091794492502,8175.630782387338,0.97625,1730.7229783016487,0.905782534494938,6865.866631871741,0.98,1457.4509290961253,0.9505751146524564,3601.717253512352,0.9875,910.9068306850784,0.976873363830091,1685.2968686350955,0.9949999999999999,364.3627322740313,0.9906690932725905,679.966933958608,0.99625,273.2720492055235,0.9949356958179851,369.04874176515176,1.0,0.0,1.0,0.0,1.0,0.0,1.0,0.0,1.0,0.0,0.9933077647513711,487.68022404221017,1.0,0.0
37203,37,香川県,坂出市,14,186.8057364807934,140279.6519255019,5.869586059789721,1.7921247086917955,0.6480262837074577,49374.75040844323,0.9174675324675325,11577.625818007338,0.6529065742972006,48690.14494321878,0.9175324675324675,11568.516749700488,0.6565966086263176,48172.50821193708,0.9175324675324675,11568.516749700488,0.8313188260393188,23662.536369589416,0.9177272727272728,11541.189544779934,0.833364895740509,23375.51442409115,0.9196753246753249,11267.917495574413,0.83030449958943,23804.825730918645,0.9216883116883119,10985.53637806204,0.8458902133756178,21618.467225981713,0.9293506493506495,9910.666317853647,0.8811043083699432,16678.64623730622,0.94487012987013,7733.5989925163085,0.9037914853304089,13496.096950119781,0.9564285714285715,6112.184833896869,0.9472997054437104,7392.7789767277445,0.9739610389610391,3652.7363910471645,0.975857605727015,3386.6866652626336,0.9893506493506494,1493.8872023235283,0.9930699021973673,972.1517075630205,0.9966883116883117,464.5624836493899,0.9956661794108473,607.9468437539343,0.999935064935065,9.109068306850784,0.999352534322443,90.82625988139974,1.0,0.0,1.0,0.0,1.0,0.0,0.9958420362681538,583.2777050222514,0.9998701298701298,18.218136613701567
37205,37,香川県,観音寺市,8,52.8499705144918,39687.08674429922,6.007999374568222,2.112936477592841,0.6231400441343299,14956.473758893624,0.9336945551630461,2631.469940863539,0.6277189167244094,14774.751645220047,0.9336945551630461,2631.469940863539,0.6311780640228506,14637.468166325505,0.9336945551630461,2631.469940863539,0.8012722718365928,7886.924586118662,0.9336945551630461,2631.469940863539,0.8099223892784594,7543.626624854922,0.9391041107368578,2416.780439557562,0.8029032442107977,7822.196044026028,0.9391041107368578,2416.780439557562,0.8218162404482222,7071.594321756764,0.9460708329910286,2140.291529132851,0.85517635027173,5747.628749391861,0.9530375552451992,1863.8026187081396,0.8776998033996306,4853.738511323708,0.9600042774993698,1587.3137082834278,0.9358055915658251,2547.6890560260736,0.9801663887291466,787.1382509590683,0.9754077867853518,975.9932990840434,0.9945093888112998,217.9063625251648,0.992145503099031,311.7220998415804,0.9987713332785646,48.76220275344185,0.9940917262642568,234.48217225950347,0.9991808888523764,32.50813516896123,1.0,0.0,1.0,0.0,1.0,0.0,1.0,0.0,0.993107484281063,273.5438692238946,1.0,0.0
37206,37,香川県,さぬき市,7,84.91169840036065,63763.47814795543,5.815476930902774,1.9927671729397005,0.6543383539120468,22040.588816915508,0.9757142857142859,1548.541612164633,0.6591133747966628,21736.116877083266,0.9757142857142859,1548.541612164633,0.6626949213310478,21507.745012902124,0.9757142857142859,1548.541612164633,0.844472145755509,9916.996935516989,0.9757142857142859,1548.541612164633,0.8432721426478487,9993.513307449772,0.9757142857142859,1548.541612164633,0.8358009265716619,10469.90403046236,0.9757142857142859,1548.541612164633,0.8510798790127072,9495.664880364122,0.9771428571428572,1457.4509290961255,0.8848669789038831,7341.28187477034,0.9814285714285714,1184.1788798906018,0.9026555946574082,6207.017862888075,0.9842857142857143,1001.9975137535862,0.9479681355078772,3317.732654540854,0.9914285714285714,546.544098411047,0.9675348469667369,2070.091076006498,0.9942857142857143,364.3627322740313,0.987101294499506,822.466326317662,0.9957142857142857,273.2720492055235,0.9877786643661759,779.2748676261783,1.0,0.0,0.9985738903916043,90.93370885153554,1.0,0.0,1.0,0.0,1.0,0.0,0.993107484281063,439.49077542887215,1.0,0.0
37207,37,香川県,東かがわ市,6,24.2604852572459,18218.13661370155,5.889115264274673,1.6203730701134185,0.6653523052309174,6096.657420763445,0.99,182.18136613701566,0.6700788957451004,6010.547749059031,0.99,182.18136613701566,0.6739385220233817,5940.232550243472,0.99,182.18136613701566,0.8534756104648114,2669.401345791289,0.99,182.18136613701566,0.854689983651042,2647.2777291845227,0.99,182.18136613701566,0.8503356516361237,2726.605544693719,0.99,182.18136613701566,0.8653422455489634,2453.21336668326,0.99,182.18136613701566,0.8898346891254186,2007.0066836040244,0.99,182.18136613701566,0.9157461954653262,1534.9473212367923,0.9949999999999999,91.09068306850783,0.9568755289912224,785.647504231522,1.0,0.0,0.9803037026524544,358.8298358616738,1.0,0.0,0.9956677602231503,78.92533609795996,1.0,0.0,0.9949108374118805,92.71505927970061,1.0,0.0,1.0,0.0,1.0,0.0,1.0,0.0,1.0,0.0,0.9931074842810631,125.56879297967777,1.0,0.0
37208,37,香川県,三豊市,13,119.08318365760655,89424.16795314633,5.673225169766152,1.6312347692495575,0.6646055158401147,29992.372682072455,0.9882856851870659,1047.54285528784,0.6693870121328841,29564.791354520516,0.9882856851870659,1047.54285528784,0.6730364971958335,29238.439189308825,0.9882856851870659,1047.54285528784,0.8551877734388384,12949.712869674378,0.9882856851870659,1047.54285528784,0.8591358452700583,12596.659831148294,0.9908322753637907,819.8161476165706,0.8526787520981942,13174.080015438192,0.9913415933991357,774.2708060823165,0.8646537598648483,12103.224909672696,0.9913415933991357,774.2708060823165,0.8948646037471407,9401.64533233628,0.9923602294698257,683.1801230138087,0.9125912868013132,7816.451449647752,0.9938881835758606,546.544098411047,0.9530519750620986,4198.288067115389,0.9964347737525853,318.8173907397774,0.9803318421159302,1758.8086539540523,0.9984720458939651,136.63602460276175,0.9951588042923841,432.9198980519101,1.0,0.0,0.9949108374118805,455.09413002087,1.0,0.0,1.0,0.0,1.0,0.0,1.0,0.0,1.0,0.0,0.9931074842810631,616.3574832699144,1.0,0.0
37322,37,香川県,土庄町,1,24.2604852572459,18218.13661370155,5.48355019441632,0.35618474709561293,0.7793666703370399,4019.528141335656,0.985,273.2720492055235,0.7854224702659122,3909.202750926219,0.99,182.18136613701566,0.7905311435404292,3816.1322432963016,0.99,182.18136613701566,0.9789081442578026,384.2543093478379,0.99,182.18136613701566,0.9794775676949211,373.88047537936916,0.99,182.18136613701566,0.9756105017138907,444.33121171597827,0.99,182.18136613701566,0.9806694410218187,352.16676428372114,0.9949999999999999,91.09068306850783,0.9840501266939827,290.5769708602542,0.9949999999999999,91.09068306850783,0.9858439672960231,257.8965377090784,1.0,0.0,0.9948436324940122,93.93940765453935,1.0,0.0,0.9942903884396946,104.01848341681273,1.0,0.0,0.9990520057082176,17.270689516700713,1.0,0.0,1.0,0.0,1.0,0.0,1.0,0.0,1.0,0.0,1.0,0.0,1.0,0.0,1.0,0.0,1.0,0.0
37324,37,香川県,小豆島町,1,24.2604852572459,18218.13661370155,6.04266293784776,1.335428988102285,0.7435704703000374,4671.668203861157,0.9399999999999998,1093.088196822094,0.7492642134371272,4567.93881354633,0.945,1001.9975137535862,0.754036042982625,4481.004970989153,0.945,1001.9975137535862,0.933976654432554,1202.8223292413588,0.945,1001.9975137535862,0.9345417756064125,1192.5268744927064,0.945,1001.9975137535862,0.9356692125870176,1171.987073556705,0.9500000000000001,910.9068306850784,0.9457256711496302,988.7771376129997,0.96,728.7254645480626,0.949097120784063,927.3556075866885,0.96,728.7254645480626,0.9559029887093493,803.3653759490139,0.97,546.544098411047,0.9698763926968968,548.7959931454309,0.975,455.4534153425392,0.9743326853857434,467.6106441493858,0.98,364.3627322740313,0.9791657108068467,379.56192677023324,0.98,364.3627322740313,0.98,364.3627322740313,0.98,364.3627322740313,0.9949999999999999,91.09068306850783,0.9949999999999999,91.09068306850783,1.0,0.0,1.0,0.0,1.0,0.0,1.0,0.0
37341,37,香川県,三木町,2,24.2604852572459,18218.13661370155,5.7455568899185305,1.9399844580054548,0.6507793821720407,6362.148923911022,0.975,455.4534153425392,0.6555574155179784,6275.102059669907,0.975,455.4534153425392,0.6590267842588946,6211.89662598459,0.975,455.4534153425392,0.8403419049496006,2908.6729871115235,0.975,455.4534153425392,0.8412458194459032,2892.2053493307785,0.975,455.4534153425392,0.8337722833866427,3028.3592502458087,0.975,455.4534153425392,0.8486988106781791,2756.4257368804556,0.975,455.4534153425392,0.8778706379239156,2224.9694028463264,0.975,455.4534153425392,0.898112097010453,1856.2077359471373,0.985,273.2720492055235,0.9571270526276203,781.0652122620498,1.0,0.0,0.9773701623902888,412.2734731195992,1.0,0.0,0.990669133597112,169.99099885201449,1.0,0.0,0.9899174186430173,183.6858445802712,1.0,0.0,0.9950086163706147,90.93370885153554,1.0,0.0,1.0,0.0,1.0,0.0,0.9931074842810631,125.56879297967777,1.0,0.0
37364,37,香川県,直島町,1,0.0,0.0,5.48375677179016,0.0,1.0,0.0,0.995,0.0,1.0,0.0,1.0,0.0,1.0,0.0,1.0,0.0,1.0,0.0,1.0,0.0,1.0,0.0,1.0,0.0,1.0,0.0,1.0,0.0,1.0,0.0,1.0,0.0,1.0,0.0,1.0,0.0,1.0,0.0,1.0,0.0,1.0,0.0,1.0,0.0,1.0,0.0,1.0,0.0,1.0,0.0,1.0,0.0,1.0,0.0,1.0,0.0,1.0,0.0,1.0,0.0,1.0,0.0,1.0,0.0,1.0,0.0,1.0,0.0
37386,37,香川県,宇多津町,1,24.2604852572459,18218.13661370155,5.5660478854560065,1.2769220816081357,0.6919908690580634,5611.352425767693,1.0,0.0,0.697115900007775,5517.983911776396,1.0,0.0,0.7010676491388586,5445.990406243239,1.0,0.0,0.8735851805502898,2303.042450731237,1.0,0.0,0.8744888658667332,2286.5789881804735,1.0,0.0,0.8707975918645389,2353.8271222310555,1.0,0.0,0.8826867226356989,2137.2293136238986,1.0,0.0,0.909155607894063,1655.0155459746306,1.0,0.0,0.926677748709917,1335.7947908268861,1.0,0.0,0.9621256312727928,690.000423629966,1.0,0.0,0.9823687410354615,321.2086844875133,1.0,0.0,0.9956677602231503,78.92533609795996,1.0,0.0,1.0,0.0,1.0,0.0,1.0,0.0,1.0,0.0,1.0,0.0,1.0,0.0,1.0,0.0,1.0,0.0
37387,37,香川県,綾川町,8,63.077261668839334,47367.15519562404,5.641593730004095,1.6101945413499976,0.6663913396878456,15802.093187610046,0.9842307692307692,746.9436011617643,0.6712234512046695,15573.209811470073,0.9842307692307692,746.9436011617643,0.6749046180243244,15398.843411422493,0.9842307692307692,746.9436011617643,0.8575464000006636,6747.621779343914,0.9842307692307692,746.9436011617643,0.8573676361264931,6756.089315515127,0.9842307692307692,746.9436011617643,0.8498941322995905,7110.087931139105,0.9842307692307692,746.9436011617643,0.8647491814489388,6406.446512643307,0.9873076923076924,601.1985082521517,0.8964658203872835,4904.119553767161,0.9892307692307694,510.10782518364385,0.9157160012194745,3992.2932507449445,0.9926923076923078,346.14459566032974,0.9569853452535778,2037.4818270599749,0.9957692307692309,200.39950275071723,0.9792943381440666,980.7682985581166,0.998846153846154,54.654409841104695,0.9956677602231504,205.2058738546959,1.0,0.0,0.9949108374118806,241.05915412722157,1.0,0.0,1.0,0.0,1.0,0.0,1.0,0.0,1.0,0.0,0.9931074842810631,326.47886174716217,1.0,0.0
37404,37,香川県,多度津町,4,48.5209705144918,36436.2732274031,5.960636979729883,2.340737466305801,0.63852836178703,13170.679373884777,0.9650000000000001,1275.2695629591096,0.6428935023964732,13011.629917963073,0.9650000000000001,1275.2695629591096,0.6464034743429511,12883.739621100685,0.9650000000000001,1275.2695629591096,0.8246081717181369,6390.624577131732,0.9650000000000001,1275.2695629591096,0.8255120235550567,6357.69158464463,0.9650000000000001,1275.2695629591096,0.818654103266017,6607.568642067832,0.9674999999999999,1184.1788798906018,0.838126934163738,5898.0512549674495,0.97,1093.088196822094,0.8728777878999244,4631.8596533502405,0.9724999999999999,1001.9975137535862,0.8856147692352171,4167.771521325189,0.975,910.9068306850784,0.929631642028653,2563.960717607708,0.9799999999999999,728.7254645480627,0.9698742369411048,1097.6705339979144,0.9949999999999999,182.18136613701566,0.9881730924209114,430.92843598691707,1.0,0.0,0.9874313794844785,457.9536911950911,1.0,0.0,0.9950145142828114,181.65251976279947,1.0,0.0,0.9950137197051663,181.6814712109776,1.0,0.0,0.9931074842810631,251.13758595935553,1.0,0.0
37406,37,香川県,まんのう町,2,24.2604852572459,18218.13661370155,5.619421629741165,1.7102592410726338,0.6641855043719989,6117.914358212207,0.9949999999999999,91.09068306850783,0.6688547802518587,6032.848852345858,0.9949999999999999,91.09068306850783,0.672470461706398,5966.977873655434,0.9949999999999999,91.09068306850783,0.8565126643504481,2614.071883199584,0.9949999999999999,91.09068306850783,0.8574165788467507,2597.604245418837,0.9949999999999999,91.09068306850783,0.8499431211675984,2733.7567183943547,0.9949999999999999,91.09068306850783,0.8669099065690534,2424.653504055288,0.9949999999999999,91.09068306850783,0.8991607603052398,1837.103044780937,0.9949999999999999,91.09068306850783,0.9181087584793569,1491.9058254887066,0.9949999999999999,91.09068306850783,0.9571256312727927,781.0911066984738,0.9949999999999999,91.09068306850783,0.9773687410354613,412.29936755602114,0.9949999999999999,91.09068306850783,0.9906677602231503,170.0160191664678,0.9949999999999999,91.09068306850783,0.9899365150020458,183.33794450266524,1.0,0.0,1.0,0.0,1.0,0.0,1.0,0.0,1.0,0.0,0.9931074842810631,125.56879297967777,1.0,0.0
38201,38,愛媛県,松山市,22,154.23469553295357,115820.79764677364,5.77221488214253,1.9077762573583643,0.6891896979714511,35998.29709778117,0.9806250000000001,2244.027954406242,0.6931925832497655,35534.67973195827,0.9806250000000001,2244.027954406242,0.6964625945797891,35155.94441140098,0.9806250000000001,2244.027954406242,0.8468647521254754,17736.246556663868,0.9806250000000001,2244.027954406242,0.8476140413605755,17649.463279786425,0.9806250000000001,2244.027954406242,0.8430437045623695,18178.803333269043,0.9806250000000001,2244.027954406242,0.8619303172719811,15991.340784396125,0.9834375000000002,1918.2819610246904,0.8839798415997213,13437.54728902533,0.9840625000000001,1845.893962495457,0.9061139212069248,10873.960533741825,0.9846875,1773.5059639662231,0.9459106494751907,6264.671721979378,0.9903125000000004,1122.0139772031207,0.9746475539841778,2936.340519849314,0.9943750000000002,651.4919867631024,0.9893409119045828,1234.544085398451,0.9956250000000002,506.7159897046352,0.9893193840023742,1237.0374642039217,0.9987500000000001,144.7759970584672,0.9968907834528365,360.1119405490457,1.0,0.0,0.9987513783371833,144.6163569464738,1.0,0.0,0.9939690487459304,698.5095848151725,1.0,0.0
38202,38,愛媛県,今治市,24,69.40561298982912,52119.35894104815,5.661517341084273,9.323805020126805,0.692152972174194,16044.789742188023,0.9294444444444443,3677.3103252850633,0.6951902314052049,15886.489738129943,0.9294444444444443,3677.3103252850633,0.6978990785719683,15745.30636032896,0.9294444444444443,3677.3103252850633,0.8040898657338645,10210.710608005651,0.9294444444444443,3677.3103252850633,0.80501433215176,10162.528010942413,0.9305555555555556,3619.399926461677,0.8102357361529802,9890.39178162659,0.9305555555555556,3619.399926461677,0.8183980166625001,9464.978953973397,0.9305555555555556,3619.399926461677,0.8265122415556754,9042.070754237611,0.9333333333333333,3474.62392940321,0.8479953123249125,7922.386877659795,0.9499999999999997,2605.967947052406,0.8584918915123044,7375.3118993389835,0.9597222222222223,2099.251957347773,0.8740021703170431,6566.926111039079,0.9708333333333333,1520.1479691139057,0.8761757403547139,6453.641034062212,0.975,1302.9839735262049,0.8781435235442283,6351.081435689747,0.9972222222222222,144.7759970584672,0.8965214357840725,5393.236431074223,0.9986111111111111,72.3879985292336,0.9149112627104234,4434.770440635986,1.0,0.0,0.9577004872314218,2204.6234890169753,1.0,0.0
38203,38,愛媛県,宇和島市,10,77.1173477664768,57910.39882338683,5.672888290557189,16.485218059031066,0.4996819386963034,28973.61846864077,0.75625,14115.65971320054,0.5032263725582743,28768.35889009092,0.75625,14115.65971320054,0.5060426443215692,28605.267469083465,0.75625,14115.65971320054,0.6372372614809138,21007.734865904276,0.75625,14115.65971320054,0.6381197788224381,20956.627934688044,0.75625,14115.65971320054,0.6348545299687248,21145.71979806419,0.75625,14115.65971320054,0.6518734301098448,20160.148503356537,0.75625,14115.65971320054,0.6704415252835315,19084.862706457734,0.7575,14043.271714671308,0.6897198401235801,17968.447805427706,0.75875,13970.883716142074,0.7313721121691924,15556.34811936609,0.7687499999999999,13391.779727908204,0.7602295008891088,13885.20522959423,0.77625,12957.451736732804,0.7767060291024973,12931.042909532114,0.78125,12667.89974261587,0.7855560534242249,12418.534471464194,0.80375,11364.915769089665,0.8212916735130421,10349.070459919762,0.8400000000000001,9265.663811741893,0.8600461882850505,8104.781053265917,0.8800000000000001,6949.24785880642,0.9301474453415721,4045.189299101983,0.9512499999999999,2823.1319426401074
38204,38,愛媛県,八幡浜市,4,0.0,0.0,5.586408319465126,0.0,1.0,0.0,0.94125,0.0,1.0,0.0,0.94125,0.0,1.0,0.0,0.94125,0.0,1.0,0.0,0.94125,0.0,1.0,0.0,0.94125,0.0,1.0,0.0,0.94125,0.0,1.0,0.0,0.94125,0.0,1.0,0.0,0.94125,0.0,1.0,0.0,0.94125,0.0,1.0,0.0,0.94125,0.0,1.0,0.0,0.94125,0.0,1.0,0.0,0.94125,0.0,1.0,0.0,0.94125,0.0,1.0,0.0,0.94375,0.0,1.0,0.0,0.95125,0.0,1.0,0.0,0.9875,0.0
38205,38,愛媛県,新居浜市,21,269.91071718266875,202686.3958818539,5.90005049946558,6.581751629588992,0.5991574472604054,81245.33233087038,0.8964285714285715,20992.519573477726,0.6016548538309126,80739.14199404267,0.8942499999999999,21434.086364506053,0.6051095671430231,80038.91860400588,0.8942499999999999,21434.086364506053,0.7652454785364017,47581.5478724261,0.8981428571428572,20645.057180537413,0.7663440056783812,47358.89136523983,0.8981428571428572,20645.057180537413,0.7638043352679483,47873.64800745828,0.8988928571428572,20493.04238362602,0.7838426860384645,43812.14691036601,0.9028214285714287,19696.77439980445,0.8097545946235104,38560.155548842966,0.9074285714285715,18762.969218777336,0.8397685069063945,32476.743841911077,0.9161785714285716,16989.463254811115,0.880482160231897,24224.640186181747,0.9224642857142858,15715.4344806966,0.9102624259633679,18188.58545666602,0.9283571428571429,14521.032504964247,0.9250486344929254,15191.62214105248,0.9290714285714285,14376.25650790578,0.9263457775967462,14928.708880396021,0.9310714285714285,13970.883716142072,0.9425,11654.467763206598,0.9425,11654.467763206598,0.9528571428571428,9555.215805858827,0.9528571428571428,9555.215805858827,0.9721727045519012,5640.214221514673,0.9789285714285715,4270.891913224779
38206,38,愛媛県,西条市,28,304.6135236775834,228746.07535237801,5.95705877938915,10.797762124741002,0.5274942077547673,108083.84555736305,0.8677215189873415,30258.183385219614,0.5290706999123109,107723.22916350112,0.8677215189873415,30258.183385219614,0.5320333909535157,107045.52521534392,0.8677215189873415,30258.183385219614,0.6799373962110116,73213.06448379427,0.870886075949367,29534.303399927277,0.6836842265255978,72355.9917543213,0.8740506329113924,28810.423414634944,0.6808024314517651,73015.1910674304,0.8740506329113924,28810.423414634944,0.699498292854328,68738.58614626207,0.8783227848101265,27833.185434490297,0.7223620907554745,63508.58210872493,0.8821202531645569,26964.529452139494,0.7498822644899056,57213.45037395819,0.8919303797468354,24720.501497733247,0.7927731259477595,47402.334146991496,0.8999999999999999,22874.6075352378,0.8232387458703273,40433.44315652693,0.9074367088607592,21173.48956980081,0.8472385144791572,34943.59027789191,0.9159810126582278,19219.013609511505,0.8708944995934188,29532.376524410247,0.9617088607594937,8758.947822037257,0.8949581890630194,24027.90199974078,0.9753164556962024,5646.263885280221,0.9232756155349525,17550.401830206563,0.9833860759493669,3800.3699227847637,0.9695399178544075,6967.624245715335,0.9938291139240506,1411.5659713200553
38207,38,愛媛県,大洲市,12,28.9190054124288,21716.399558770063,5.570012547884346,1.6745144943427295,0.6618331257998944,7343.766957669826,1.0,0.0,0.6665104551613331,7242.192204388854,1.0,0.0,0.6702709276229143,7160.528281883406,1.0,0.0,0.8442221622169018,3382.933767699027,1.0,0.0,0.8453987107425928,3357.383369814841,1.0,0.0,0.841045166105032,3451.9266846610517,1.0,0.0,0.862519367337227,2985.584350497275,1.0,0.0,0.887011810913682,2453.6966596203447,1.0,0.0,0.9118917340040206,1913.3943087990806,1.0,0.0,0.9542415647208692,993.7084637057271,1.0,0.0,0.9803037026524544,427.73266302764387,1.0,0.0,0.9956677602231503,94.08064997846517,1.0,0.0,0.9949108374118805,110.51828818314814,1.0,0.0,1.0,0.0,1.0,0.0,1.0,0.0,1.0,0.0,0.993107484281063,149.68062531753696,1.0,0.0
38213,38,愛媛県,四国中央市,19,212.84630311035392,159834.52048336968,5.795206685381039,1.9424233293555009,0.6474639760317892,56347.42634407267,0.9693180151377806,4904.040337930807,0.6519946147598592,55623.27387548822,0.9693180151377806,4904.040337930807,0.6557339446212244,55025.59988016779,0.9693180151377806,4904.040337930807,0.8252703189811136,27927.834779865854,0.9693180151377806,4904.040337930807,0.8264637256498816,27737.087197221626,0.9693180151377806,4904.040337930807,0.8229713426619518,28295.29055744169,0.9708330961439033,4661.878091823743,0.8446414764019088,24831.655122305176,0.9750755556408421,3983.786612460427,0.8694391699017243,20868.127672668594,0.9758330961439035,3862.7054894068947,0.9014619390218367,15749.783725805768,0.9831057176530871,2700.2895178294484,0.943910620193974,8965.019125505789,0.9877592154555275,1956.4999280060217,0.9725399788391573,4389.059314706481,0.992236276186703,1240.9110728636597,0.9900207893379224,1595.0223509757097,0.9943524968730624,902.6659542224268,0.9939555225956038,966.1161475042079,1.0,0.0,1.0,0.0,1.0,0.0,1.0,0.0,1.0,0.0,0.993107484281063,1101.661944860367,1.0,0.0
38214,38,愛媛県,西予市,6,38.5586738832384,28955.199411693415,5.506594401275572,19.595548870498316,0.47669779438525434,15152.31971615395,0.715,8252.231832332624,0.4801427626609802,15052.569972763347,0.715,8252.231832332624,0.4828077393397689,14975.40504160151,0.715,8252.231832332624,0.6045237502455713,11451.093674228156,0.715,8252.231832332624,0.605216306000948,11431.040584227505,0.715,8252.231832332624,0.6012079502642154,11547.103323897598,0.715,8252.231832332624,0.6138442359864713,11181.21715098655,0.715,8252.231832332624,0.6330335157737136,10625.58772818017,0.715,8252.231832332624,0.6534162157773971,10035.402585024787,0.715,8252.231832332624,0.681579767987132,9219.921314650273,0.715,8252.231832332624,0.6995943166315556,8698.30646633934,0.715,8252.231832332624,0.718243089467287,8158.327530097363,0.7225,8035.067836744922,0.7449554187059402,7384.866710241353,0.7474999999999999,7311.187851452587,0.7875000000000001,6152.979874984851,0.7875000000000001,6152.979874984851,0.8350000000000001,4777.607902929413,0.8350000000000001,4777.607902929413,0.9112210349738599,2570.6126358956444,0.9175000000000001,2388.803951464707
38215,38,愛媛県,東温市,4,30.846939106590717,23164.159529354733,5.535849125705563,1.7395309186913075,0.6557857279106974,7973.434310957319,0.98625,318.5071935286278,0.6604916809126735,7864.424864881902,0.98625,318.5071935286278,0.6641814213618636,7778.955128494948,0.98625,318.5071935286278,0.8373580551519991,3767.463956623609,0.98625,318.5071935286278,0.8385583715885878,3739.6596352007614,0.98625,318.5071935286278,0.8342042094469071,3840.52014166733,0.98625,318.5071935286278,0.8539407943189146,3383.3387411275016,0.988125,275.0743944110877,0.8803082378953695,2772.5590717412365,0.99,231.64159529354754,0.9070631609857084,2152.803765081014,0.991875,188.20879617600735,0.9511165647208691,1132.343693148676,0.996875,72.3879985292336,0.9803037026524544,456.24817389615345,1.0,0.0,0.9956677602231503,100.35269331036285,1.0,0.0,0.9949108374118804,117.88617406202468,1.0,0.0,1.0,0.0,1.0,0.0,1.0,0.0,1.0,0.0,0.9931074842810631,159.65933367203942,1.0,0.0
38356,38,愛媛県,上島町,5,15.42346955329536,11582.079764677366,5.598737207861186,0.2488145074993373,0.7941434738039971,2384.2467064815014,0.995,57.910398823386885,0.8002458265423775,2313.5687703133817,0.995,57.910398823386885,0.8056117805838585,2251.4198625913564,0.995,57.910398823386885,0.9938689118623734,71.01075185425894,0.995,57.910398823386885,0.9944763639569283,63.975193241903426,0.995,57.910398823386885,0.9945433315634727,63.19956908125602,0.995,57.910398823386885,0.9945814827084541,62.75769947696765,0.995,57.910398823386885,0.9940489229559898,68.92584900946666,0.995,57.910398823386885,0.9946869802474976,61.53581856478947,0.995,57.910398823386885,0.9948427537083626,59.731637915830746,0.995,57.910398823386885,0.9942895096540451,66.13935468227021,0.995,57.910398823386885,0.9990520057082176,10.979745503882397,1.0,0.0,1.0,0.0,1.0,0.0,1.0,0.0,1.0,0.0,1.0,0.0,1.0,0.0,1.0,0.0,1.0,0.0
38386,38,愛媛県,久万高原町,5,0.0,0.0,5.644395987396873,0.0,1.0,0.0,0.9809999999999999,0.0,1.0,0.0,0.9809999999999999,0.0,1.0,0.0,0.9809999999999999,0.0,1.0,0.0,0.9809999999999999,0.0,1.0,0.0,0.9809999999999999,0.0,1.0,0.0,0.9809999999999999,0.0,1.0,0.0,0.9809999999999999,0.0,1.0,0.0,0.9809999999999999,0.0,1.0,0.0,0.9809999999999999,0.0,1.0,0.0,0.986,0.0,1.0,0.0,0.986,0.0,1.0,0.0,0.986,0.0,1.0,0.0,0.986,0.0,1.0,0.0,0.986,0.0,1.0,0.0,0.994,0.0,1.0,0.0,1.0,0.0
38401,38,愛媛県,松前町,1,19.2793369416192,14477.599705846707,6.006770511474464,37.74657360725105,0.2689240307360887,10584.225237566798,0.405,8614.17182497879,0.27057414755225184,10560.335506834503,0.405,8614.17182497879,0.27187038384377954,10541.569116681574,0.405,8614.17182497879,0.3411833089590073,9538.084332421977,0.405,8614.17182497879,0.34169040285050867,9530.74283004754,0.405,8614.17182497879,0.3418415232002735,9528.554970116238,0.405,8614.17182497879,0.3593131624162197,9275.607571342794,0.405,8614.17182497879,0.36434756219387054,9202.721546602763,0.405,8614.17182497879,0.3686156265437603,9140.930219426264,0.405,8614.17182497879,0.39577091932296754,8747.786760673833,0.41500000000000004,8469.395827920323,0.40516733631491664,8611.749196795176,0.41500000000000004,8469.395827920323,0.43420266419649123,8191.387342397729,0.435,8179.843833803389,0.4623864325881004,7783.354025421716,0.46499999999999997,7745.515842627988,0.55,6514.919867631018,0.55,6514.919867631018,0.69,4488.05590881248,0.69,4488.05590881248,0.8581697270832954,2053.361917459039,0.875,1809.6999632308384
38402,38,愛媛県,砥部町,2,0.0,0.0,5.904892963233943,0.0,1.0,0.0,0.9924999999999999,0.0,1.0,0.0,0.9924999999999999,0.0,1.0,0.0,0.9924999999999999,0.0,1.0,0.0,0.9924999999999999,0.0,1.0,0.0,0.9924999999999999,0.0,1.0,0.0,0.9924999999999999,0.0,1.0,0.0,0.9924999999999999,0.0,1.0,0.0,0.9924999999999999,0.0,1.0,0.0,0.9924999999999999,0.0,1.0,0.0,0.9924999999999999,0.0,1.0,0.0,0.9924999999999999,0.0,1.0,0.0,0.9924999999999999,0.0,1.0,0.0,0.9975,0.0,1.0,0.0,0.9975,0.0,1.0,0.0,1.0,0.0,1.0,0.0,1.0,0.0
38422,38,愛媛県,内子町,5,19.2793369416192,14477.599705846707,5.704449453718143,1.6475406541954722,0.6637605957686901,4867.939499793285,1.0,0.0,0.6684488512575626,4800.064813506649,1.0,0.0,0.672213431969285,4745.562720901982,1.0,0.0,0.8474811780452729,2208.106451867845,1.0,0.0,0.8486957552284002,2190.522289598671,1.0,0.0,0.8443415930867195,2253.5601061402767,1.0,0.0,0.8658157943189144,1942.6652166977588,1.0,0.0,0.8903082378953695,1588.0734227798055,1.0,0.0,0.9151881609857082,1227.8718555656292,1.0,0.0,0.9542415647208691,662.4723091371515,1.0,0.0,0.9803037026524544,285.1551086850959,1.0,0.0,0.9956677602231503,62.72043331897678,1.0,0.0,0.9949108374118804,73.67885878876542,1.0,0.0,1.0,0.0,1.0,0.0,1.0,0.0,1.0,0.0,0.993107484281063,99.78708354502464,1.0,0.0
38442,38,愛媛県,伊方町,8,30.846939106590717,23164.159529354733,5.342013805007472,1.7219482060708104,0.6569053608179093,7947.49895568035,0.99,231.64159529354754,0.6615732593089343,7839.371010367415,0.99,231.64159529354754,0.6653055754303933,7752.915044315954,0.99,231.64159529354754,0.8379342190921305,3754.117603199339,0.99,231.64159529354754,0.8391121641546488,3726.8314958543533,0.99,231.64159529354754,0.834758619517088,3827.6776983569775,0.99,231.64159529354754,0.8560869827866553,3333.6240890806876,0.99,231.64159529354754,0.8820118109136819,2733.097234575142,0.995,115.82079764677377,0.9068917340040207,2156.7747270324594,0.995,115.82079764677377,0.9542415647208692,1059.9556946194423,1.0,0.0,0.9803037026524544,456.24817389615345,1.0,0.0,0.9956677602231503,100.35269331036285,1.0,0.0,0.9949108374118805,117.88617406202468,1.0,0.0,1.0,0.0,1.0,0.0,1.0,0.0,1.0,0.0,0.9931074842810631,159.65933367203942,1.0,0.0
38488,38,愛媛県,鬼北町,3,31.7300054124288,23827.288169533516,5.587840624732522,1.7389570109458512,0.6573910787418835,8163.441496270159,0.993671131648043,150.79977000911953,0.6620607049500669,8052.176966963767,0.993671131648043,150.79977000911953,0.6658095354742322,7962.8525017657375,0.993671131648043,150.79977000911953,0.8382084694806075,3855.053421075443,0.993671131648043,150.79977000911953,0.8393846868165744,3827.0273516613565,0.993671131648043,150.79977000911953,0.8350299845067066,3930.7880984911126,0.993671131648043,150.79977000911953,0.8565018663283419,3419.171382784839,0.993671131648043,150.79977000911953,0.8809942891262325,2835.583366809447,0.993671131648043,150.79977000911953,0.9108688606405263,2123.7533423970285,0.998671131648043,31.663329161451838,0.9532145520270715,1114.770350991687,0.998671131648043,31.663329161451838,0.9792766899586567,493.7802801816743,0.998671131648043,31.663329161451838,0.9947818479885123,124.33441169014819,0.9991140877653619,21.108886107634557,0.9940249251772424,142.36982963636768,0.9991140877653619,21.108886107634557,1.0,0.0,1.0,0.0,1.0,0.0,1.0,0.0,0.993107484281063,164.22995824814893,1.0,0.0
38506,38,愛媛県,愛南町,3,0.05,37.546933667083856,5.58826379483535,30.755972620606336,0.2727679024473764,27.305335327382615,0.3,26.282853566958696,0.2733009983436204,27.285319211128144,0.3,26.282853566958696,0.27355245797196404,27.275877673142777,0.3,26.282853566958696,0.1914487709972309,30.3586193618061,0.3,26.282853566958696,0.19355440237850416,30.2795593600061,0.3,26.282853566958696,0.19187769615382422,30.342514537403346,0.3,26.282853566958696,0.19557142191857566,30.203826461129825,0.3,26.282853566958696,0.2016734103235649,29.97471550725038,0.3,26.282853566958696,0.2017214448127197,29.972911959472352,0.3,26.282853566958696,0.2017214448127197,29.972911959472352,0.3,26.282853566958696,0.20896458589762915,29.70095422161593,0.3,26.282853566958696,0.22949976071831774,28.929921374781564,0.325,25.344180225281605,0.7210122187144589,10.475135717855112,0.945,2.065081351689614,0.8631941201118754,5.136641297426462,1.0,0.0,0.8416543724143412,5.945392775431496,1.0,0.0,0.8852673315629364,4.307859891253954,1.0,0.0
39201,39,高知県,高知市,33,207.36640578810704,155719.45365815295,5.825409465858813,13.980686145047132,0.5192143033915444,74867.68600252317,0.7792105263157895,34381.2162155764,0.5229725660394905,74282.45139628116,0.7792105263157895,34381.2162155764,0.5259281297291355,73822.21263327776,0.7792105263157895,34381.2162155764,0.6626040019643935,52539.1204805519,0.7792105263157895,34381.2162155764,0.663484114685789,52402.06980841857,0.7792105263157895,34381.2162155764,0.6607021313188667,52835.278738401794,0.7792105263157895,34381.2162155764,0.6747514200793172,50647.531168338806,0.7792105263157895,34381.2162155764,0.6932396894956665,47768.54795574016,0.7795864661654135,34322.67506758462,0.7165558438305567,44137.76914130188,0.7825939849624061,33854.34588365032,0.7560759970422525,37983.7124746901,0.793233082706767,32197.631395482753,0.7850512945876085,33471.694971344856,0.8018796992481202,30851.184991671656,0.8042597836379269,30480.559550830654,0.8078947368421051,29914.526623803067,0.822392837745435,27656.890272055767,0.8266917293233081,26987.46922421372,0.8567680493426942,22304.00110274716,0.8575187969924811,22187.095088887207,0.8921057981958864,16801.226157819052,0.8924812030075188,16742.768325651028,0.9405709622678157,9254.257287085482,0.9481203007518796,8078.678422866582
39202,39,高知県,室戸市,3,15.591459081812559,11708.229598357364,5.984545376350606,3.63807536206994,0.6364740158012137,4256.245687968221,0.955,526.8703319260818,0.641023607342504,4202.97802562405,0.955,526.8703319260818,0.6446492555877193,4160.528103526187,0.955,526.8703319260818,0.8104423447174486,2219.384550174391,0.955,526.8703319260818,0.8116567278874572,2205.1662731995484,0.955,526.8703319260818,0.8111646966112311,2210.9270883511763,0.955,526.8703319260818,0.8289776953530964,2002.368409246167,0.955,526.8703319260818,0.849581904358929,1761.1295995133364,0.955,526.8703319260818,0.8711230691743549,1508.9206960382726,0.955,526.8703319260818,0.907965120546287,1077.5654997012148,0.96,468.329183934295,0.9453197999519761,640.2083366463748,0.975,292.7057399589344,0.9656834821082885,401.78567049229696,0.98,234.1645919671475,0.9649813245184486,410.0066927683709,0.995,58.54114799178687,0.9750743029045407,291.8357844927471,1.0,0.0,0.9850420988840051,175.1305405755945,1.0,0.0,0.9931074842810631,80.69915654760038,1.0,0.0
39203,39,高知県,安芸市,4,15.591459081812559,11708.229598357364,5.628615946743777,1.723035771651193,0.6599901503324509,3980.913385610636,0.99,117.08229598357374,0.6645334628224373,3927.7192398407906,0.99,117.08229598357374,0.668267672881484,3883.9982511009757,0.99,117.08229598357374,0.8410937944054604,1860.5103397046491,0.99,117.08229598357374,0.8423083715885877,1846.289791179668,0.99,117.08229598357374,0.837954209446907,1897.2693212429415,0.99,117.08229598357374,0.8558157943189144,1688.1417845709323,0.99,117.08229598357374,0.8803082378953695,1401.3786317529832,0.99,117.08229598357374,0.9101881609857082,1051.5376318300378,0.995,58.54114799178687,0.9492415647208691,594.2914143014274,0.995,58.54114799178687,0.9803037026524544,230.60877158258143,1.0,0.0,0.9956677602231503,50.72285798249289,1.0,0.0,0.9949108374118805,59.58508404507409,1.0,0.0,1.0,0.0,1.0,0.0,1.0,0.0,1.0,0.0,0.9931074842810631,80.69915654760038,1.0,0.0
39204,39,高知県,南国市,3,15.591459081812559,11708.229598357364,5.897079507269036,2.596638471658808,0.6363364044716582,4257.856873009992,0.96,468.329183934295,0.6409936915477737,4203.328286617369,0.96,468.329183934295,0.6446861614426598,4160.096001303021,0.96,468.329183934295,0.8120554527407512,2200.4979110706113,0.96,468.329183934295,0.8131614162540063,2187.5490363300146,0.96,468.329183934295,0.8088070739572868,2238.5306756898453,0.96,468.329183934295,0.8229573161667213,2072.8563910294183,0.96,468.329183934295,0.8474062271183357,1786.6029281781234,0.96,468.329183934295,0.8822861502086744,1378.2207802633911,0.97,351.24688795072126,0.9242586681013927,886.796903954283,0.98,234.1645919671475,0.950320806032978,581.6554092272239,0.98,234.1645919671475,0.9806843541422858,226.15201654267787,0.995,58.54114799178687,0.9800946286646649,233.05665783466463,1.0,0.0,0.9950752812903374,57.65973736005595,1.0,0.0,1.0,0.0,1.0,0.0,0.9931074842810631,80.69915654760038,1.0,0.0
39205,39,高知県,土佐市,2,0.0,0.0,6.137802468776343,0.0,1.0,0.0,1.0,0.0,1.0,0.0,1.0,0.0,1.0,0.0,1.0,0.0,1.0,0.0,1.0,0.0,1.0,0.0,1.0,0.0,1.0,0.0,1.0,0.0,1.0,0.0,1.0,0.0,1.0,0.0,1.0,0.0,1.0,0.0,1.0,0.0,1.0,0.0,1.0,0.0,1.0,0.0,1.0,0.0,1.0,0.0,1.0,0.0,1.0,0.0,1.0,0.0,1.0,0.0,1.0,0.0,1.0,0.0,1.0,0.0,1.0,0.0,1.0,0.0
39206,39,高知県,須崎市,4,56.129252694525206,42149.62655408651,5.912391198090977,75.67181483470732,0.0,42149.62655408651,0.0,42149.62655408651,0.0,42149.62655408651,0.0,42149.62655408651,0.0,42149.62655408651,0.0,42149.62655408651,0.0,42149.62655408651,0.0,42149.62655408651,0.0,42149.62655408651,0.0,42149.62655408651,0.0,42149.62655408651,0.0,42149.62655408651,0.0,42149.62655408651,0.0,42149.62655408651,0.0,42149.62655408651,0.0,42149.62655408651,0.0,42149.62655408651,0.0,42149.62655408651,0.0,42149.62655408651,0.0,42149.62655408651,0.0,42149.62655408651,0.0,42149.62655408651,0.005555555555555556,41915.46196211936,0.005555555555555556,41915.46196211936,0.016944444444444446,41435.42454858671,0.016944444444444446,41435.42454858671,0.08361111111111112,38625.44944498094,0.08361111111111112,38625.44944498094,0.19444444444444445,33953.865835236356,0.19444444444444445,33953.865835236356,0.5634160480565495,18401.850533923687,0.5669444444444445,18253.12994383913
39208,39,高知県,宿毛市,2,31.182918163625118,23416.459196714728,6.0803871191433005,39.793364321396794,0.3293593402206898,15704.029645380062,0.495,11825.311894340937,0.3316963191330433,15649.305874035352,0.495,11825.311894340937,0.33357354667037725,15605.347852004423,0.495,11825.311894340937,0.41940022230148316,13595.591004098962,0.495,11825.311894340937,0.41999023627489807,13581.774965965,0.495,11825.311894340937,0.4178134639561176,13632.74726614826,0.495,11825.311894340937,0.42855051316320897,13381.323591497287,0.495,11825.311894340937,0.4401930318400264,13108.697027954602,0.495,11825.311894340937,0.45094586700201034,12856.903702135007,0.495,11825.311894340937,0.47212078236043453,12361.062160650577,0.495,11825.311894340937,0.4851518513262272,12055.920665923519,0.495,11825.311894340937,0.49283388011157514,11876.03475232343,0.495,11825.311894340937,0.49496269402501636,11826.185468181933,0.5025,11649.688450365577,0.507507038936601,11532.441327410297,0.5125000000000001,11415.52385839843,0.5650000000000001,10186.159750570907,0.5650000000000001,10186.159750570907,0.8040537421405315,4588.367551915186,0.8074999999999999,4507.668395367586
39209,39,高知県,土佐清水市,1,0.0,0.0,6.232292432335046,0.0,1.0,0.0,0.09,0.0,1.0,0.0,0.09,0.0,1.0,0.0,0.09,0.0,1.0,0.0,0.09,0.0,1.0,0.0,0.09,0.0,1.0,0.0,0.09,0.0,1.0,0.0,0.09,0.0,1.0,0.0,0.09,0.0,1.0,0.0,0.09,0.0,1.0,0.0,0.09,0.0,1.0,0.0,0.09,0.0,1.0,0.0,0.09,0.0,1.0,0.0,0.09,0.0,1.0,0.0,0.105,0.0,1.0,0.0,0.21,0.0,1.0,0.0,0.715,0.0
39210,39,高知県,四万十市,2,0.0,0.0,5.477588869355458,0.0,1.0,0.0,1.0,0.0,1.0,0.0,1.0,0.0,1.0,0.0,1.0,0.0,1.0,0.0,1.0,0.0,1.0,0.0,1.0,0.0,1.0,0.0,1.0,0.0,1.0,0.0,1.0,0.0,1.0,0.0,1.0,0.0,1.0,0.0,1.0,0.0,1.0,0.0,1.0,0.0,1.0,0.0,1.0,0.0,1.0,0.0,1.0,0.0,1.0,0.0,1.0,0.0,1.0,0.0,1.0,0.0,1.0,0.0,1.0,0.0,1.0,0.0,1.0,0.0
39211,39,高知県,香南市,3,15.591459081812559,11708.229598357364,5.993198223458205,1.7060948005970564,0.6590458104014396,3991.9699343418133,0.99,117.08229598357374,0.6638022300601005,3936.2806809120707,0.99,117.08229598357374,0.667579197511077,3892.059078810516,0.99,117.08229598357374,0.8410937944054604,1860.5103397046491,0.99,117.08229598357374,0.8423083715885877,1846.289791179668,0.99,117.08229598357374,0.837954209446907,1897.2693212429415,0.99,117.08229598357374,0.8558157943189144,1688.1417845709323,0.99,117.08229598357374,0.8803082378953695,1401.3786317529832,0.99,117.08229598357374,0.9101881609857082,1051.5376318300378,0.995,58.54114799178687,0.9542415647208691,535.7502663096406,1.0,0.0,0.9803037026524544,230.60877158258143,1.0,0.0,0.9956677602231503,50.72285798249289,1.0,0.0,0.9949108374118805,59.58508404507409,1.0,0.0,1.0,0.0,1.0,0.0,1.0,0.0,1.0,0.0,0.9931074842810631,80.69915654760038,1.0,0.0
39212,39,高知県,香美市,10,35.86035588816888,26928.928076221935,5.648874819148693,1.5735509154447558,0.6802370123889135,8610.874494816795,1.0,0.0,0.6848208828464799,8487.435776954271,1.0,0.0,0.6885093637944564,8388.108938795698,1.0,0.0,0.8571114801194357,3847.834674781524,1.0,0.0,0.85831277033881,3815.4852168653247,1.0,0.0,0.8539404814398807,3933.226270153056,1.0,0.0,0.870513726323843,3486.9265506832216,1.0,0.0,0.8949853551808907,2827.9318172837893,1.0,0.0,0.9186307999945205,2191.1853345672753,1.0,0.0,0.9566555881824182,1167.218548341803,1.0,0.0,0.9814888456982116,498.485542800709,1.0,0.0,0.9956677602231504,116.66257335973364,1.0,0.0,0.9949108374118807,137.04569330367042,1.0,0.0,1.0,0.0,1.0,0.0,1.0,0.0,1.0,0.0,0.9931074842810632,185.60806005948086,1.0,0.0
39301,39,高知県,東洋町,1,15.591459081812559,11708.229598357364,6.396961736434488,78.72355314046145,0.0,11708.229598357364,0.0,11708.229598357364,0.0,11708.229598357364,0.0,11708.229598357364,0.0,11708.229598357364,0.0,11708.229598357364,0.0,11708.229598357364,0.0,11708.229598357364,0.0,11708.229598357364,0.0,11708.229598357364,0.0,11708.229598357364,0.0,11708.229598357364,0.0,11708.229598357364,0.0,11708.229598357364,0.0,11708.229598357364,0.0,11708.229598357364,0.0,11708.229598357364,0.0,11708.229598357364,0.0,11708.229598357364,0.0,11708.229598357364,0.0,11708.229598357364,0.0,11708.229598357364,0.005,11649.688450365577,0.005,11649.688450365577,0.005,11649.688450365577,0.005,11649.688450365577,0.045,11181.359266431282,0.045,11181.359266431282,0.125,10244.700898562693,0.125,10244.700898562693,0.5125964573025703,5706.632584954284,0.53,5502.867911227961
39303,39,高知県,田野町,2,15.591459081812559,11708.229598357364,6.070840944714964,73.21566881068051,0.003691262900829315,11665.011444806556,0.005,11649.688450365577,0.003695424497127533,11664.9627198816,0.005,11649.688450365577,0.0036997446417808533,11664.912138636102,0.005,11649.688450365577,0.005,11649.688450365577,0.005,11649.688450365577,0.005,11649.688450365577,0.005,11649.688450365577,0.005,11649.688450365577,0.005,11649.688450365577,0.005,11649.688450365577,0.005,11649.688450365577,0.005,11649.688450365577,0.005,11649.688450365577,0.005,11649.688450365577,0.005,11649.688450365577,0.005,11649.688450365577,0.005,11649.688450365577,0.01,11591.14730237379,0.01,11591.14730237379,0.025,11415.52385839843,0.025,11415.52385839843,0.035,11298.441562414855,0.035,11298.441562414855,0.105,10478.86549052984,0.105,10478.86549052984,0.23,9015.336790735171,0.23,9015.336790735171,0.6200205680727958,4448.886431657109,0.625,4390.5860993840115
39305,39,高知県,北川村,5,46.77437724543768,35124.68879507209,5.7490719064018565,1.670679961185281,0.6656750009953976,11743.061546449448,0.9925,263.43516596304096,0.6704171290496984,11576.495774315745,0.9925,263.43516596304096,0.6741775702188412,11444.411448517432,0.9925,263.43516596304096,0.8484979166090487,5321.4635309122195,0.9925,263.43516596304096,0.8483942676832279,5325.104167175627,0.9925,263.43516596304096,0.8440460413446029,5477.8342641303625,0.9925,263.43516596304096,0.8614439144978921,4866.739383924942,0.9933333333333334,234.1645919671475,0.8870040926088888,3968.9460822295628,0.9949999999999999,175.6234439753606,0.9127256841709216,3065.4831832992113,0.9958333333333332,146.3528699794672,0.9528972445925077,1654.4696250785669,0.9974999999999999,87.8117219876803,0.979470369319121,721.0968887436377,0.9991666666666666,29.270573995893436,0.9956677602231504,152.16857394747868,1.0,0.0,0.9949108374118806,178.75525213522226,1.0,0.0,1.0,0.0,1.0,0.0,1.0,0.0,1.0,0.0,0.9931074842810631,242.09746964280117,1.0,0.0
39344,39,高知県,大豊町,1,0.0,0.0,5.848389896943192,0.0,1.0,0.0,0.975,0.0,1.0,0.0,0.975,0.0,1.0,0.0,0.975,0.0,1.0,0.0,0.975,0.0,1.0,0.0,0.975,0.0,1.0,0.0,0.975,0.0,1.0,0.0,0.975,0.0,1.0,0.0,0.975,0.0,1.0,0.0,0.975,0.0,1.0,0.0,0.975,0.0,1.0,0.0,0.975,0.0,1.0,0.0,0.975,0.0,1.0,0.0,0.975,0.0,1.0,0.0,0.975,0.0,1.0,0.0,0.99,0.0,1.0,0.0,1.0,0.0
39363,39,高知県,土佐町,2,7.7957295409062795,5854.114799178682,5.430571193839215,1.675103122880682,0.6593967294692993,1993.9306466624353,0.99,58.54114799178687,0.6640122589468956,1966.9108072415931,0.99,58.54114799178687,0.6678182213753462,1944.6302662640826,0.99,58.54114799178687,0.8410937944054604,930.2551698523246,0.99,58.54114799178687,0.8423083715885877,923.144895589834,0.99,58.54114799178687,0.842954209446907,919.3640866255772,0.995,29.270573995893436,0.8608157943189144,814.8003182895727,0.995,29.270573995893436,0.8858453523367643,668.2744122803762,0.995,29.270573995893436,0.9151881609857082,496.49824191912546,1.0,0.0,0.9542415647208691,267.8751331548203,1.0,0.0,0.9803037026524544,115.30438579129071,1.0,0.0,0.9956677602231503,25.361428991246445,1.0,0.0,0.9949108374118805,29.792542022537045,1.0,0.0,1.0,0.0,1.0,0.0,1.0,0.0,1.0,0.0,0.9931074842810631,40.34957827380019,1.0,0.0
39386,39,高知県,いの町,7,33.80491816362512,25385.420398216607,5.571548074825848,2.1586943641015743,0.9258671723725376,1881.892994631659,0.9538781339261181,1170.8229598357361,0.9262367817702671,1872.5103046871636,0.9538781339261181,1170.8229598357361,0.9265331163635359,1864.987726458502,0.9538781339261181,1170.8229598357361,0.9401371128135834,1519.6445574781985,0.9538781339261181,1170.8229598357361,0.9401186544270702,1520.113131379707,0.9538781339261181,1170.8229598357361,0.9397809339486408,1528.6863077017247,0.9538781339261181,1170.8229598357361,0.9411663263139683,1493.5175400914093,0.9538781339261181,1170.8229598357361,0.9430660258413158,1445.2928689593953,0.9538781339261181,1170.8229598357361,0.9473018726213271,1337.7641177063808,0.9561842272298122,1112.2818118439493,0.959553360335653,1026.7549515746323,0.9631025071408945,936.6583678685887,0.961574809561646,975.4396131591504,0.9631025071408945,936.6583678685887,0.9719908602345773,711.0237879376627,0.9723268803556708,702.4937759014425,0.9742633834198998,653.3348315135543,0.9907756267852235,234.1645919671475,0.9769680158666965,584.6765998289668,0.9953878133926117,117.08229598357374,0.9815708080691864,467.83278476312546,0.9953878133926117,117.08229598357374,0.9988994359614276,27.938280794319184,1.0,0.0
39387,39,高知県,仁淀川町,2,31.182918163625118,23416.459196714728,5.665376122868487,0.060994777530432365,0.9948823243379593,119.83784332219581,0.995,117.08229598357374,0.9948823243379593,119.83784332219581,0.995,117.08229598357374,0.9948823243379593,119.83784332219581,0.995,117.08229598357374,0.995,117.08229598357374,0.995,117.08229598357374,0.995,117.08229598357374,0.995,117.08229598357374,0.995,117.08229598357374,0.995,117.08229598357374,0.995,117.08229598357374,0.995,117.08229598357374,0.995,117.08229598357374,0.995,117.08229598357374,0.995,117.08229598357374,0.995,117.08229598357374,1.0,0.0,1.0,0.0,1.0,0.0,1.0,0.0,1.0,0.0,1.0,0.0,1.0,0.0,1.0,0.0,1.0,0.0,1.0,0.0,1.0,0.0,1.0,0.0,0.9987728986144065,28.73436952598123,1.0,0.0
39401,39,高知県,中土佐町,2,28.064626347262603,21074.813277043257,5.50576068667054,82.01219147890806,0.0,21074.813277043257,0.0,21074.813277043257,0.0,21074.813277043257,0.0,21074.813277043257,0.0,21074.813277043257,0.0,21074.813277043257,0.0,21074.813277043257,0.0,21074.813277043257,0.0,21074.813277043257,0.0,21074.813277043257,0.0,21074.813277043257,0.0,21074.813277043257,0.0,21074.813277043257,0.0,21074.813277043257,0.0,21074.813277043257,0.0,21074.813277043257,0.0,21074.813277043257,0.0,21074.813277043257,0.0,21074.813277043257,0.0,21074.813277043257,0.0,21074.813277043257,0.0,21074.813277043257,0.0,21074.813277043257,0.0,21074.813277043257,0.0,21074.813277043257,0.0,21074.813277043257,0.0,21074.813277043257,0.0,21074.813277043257,0.06500000000000002,19704.950414035444,0.06500000000000002,19704.950414035444,0.4350205680727959,11906.836033235797,0.44000000000000006,11801.895435144224
39402,39,高知県,佐川町,1,15.591459081812559,11708.229598357364,5.909732636290824,0.5257074242917584,0.9698937050474342,352.4914136605076,0.975,292.7057399589344,0.9698937050474342,352.4914136605076,0.975,292.7057399589344,0.9698937050474342,352.4914136605076,0.975,292.7057399589344,0.9700042758451309,351.1968253742009,0.975,292.7057399589344,0.9700042758451309,351.1968253742009,0.975,292.7057399589344,0.9700042758451309,351.1968253742009,0.975,292.7057399589344,0.9700042758451309,351.1968253742009,0.975,292.7057399589344,0.9700042758451309,351.1968253742009,0.975,292.7057399589344,0.975004275845131,292.655677382414,0.98,234.1645919671475,0.99,117.08229598357374,0.99,117.08229598357374,0.99,117.08229598357374,0.99,117.08229598357374,0.995,58.54114799178687,0.995,58.54114799178687,0.9950072753190762,58.45596688564161,1.0,0.0,0.9950105584051926,58.41752775959947,1.0,0.0,1.0,0.0,1.0,0.0,0.9987728986144065,14.367184762990615,1.0,0.0
39403,39,高知県,越知町,2,0.0,0.0,5.647992699730482,0.0,1.0,0.0,0.995,0.0,1.0,0.0,0.995,0.0,1.0,0.0,0.995,0.0,1.0,0.0,0.995,0.0,1.0,0.0,0.995,0.0,1.0,0.0,0.995,0.0,1.0,0.0,0.995,0.0,1.0,0.0,0.995,0.0,1.0,0.0,0.995,0.0,1.0,0.0,1.0,0.0,1.0,0.0,1.0,0.0,1.0,0.0,1.0,0.0,1.0,0.0,1.0,0.0,1.0,0.0,1.0,0.0,1.0,0.0,1.0,0.0,1.0,0.0,1.0,0.0
39405,39,高知県,檮原町,1,0.0,0.0,5.47051251253142,0.0,1.0,0.0,0.985,0.0,1.0,0.0,0.985,0.0,1.0,0.0,0.985,0.0,1.0,0.0,0.985,0.0,1.0,0.0,0.985,0.0,1.0,0.0,0.985,0.0,1.0,0.0,0.985,0.0,1.0,0.0,0.985,0.0,1.0,0.0,0.985,0.0,1.0,0.0,0.985,0.0,1.0,0.0,0.985,0.0,1.0,0.0,0.985,0.0,1.0,0.0,0.985,0.0,1.0,0.0,0.985,0.0,1.0,0.0,0.99,0.0,1.0,0.0,1.0,0.0
39412,39,高知県,四万十町,4,15.591459081812559,11708.229598357364,5.576773091297728,1.8003858651872724,0.6597420592606068,3983.8180928410893,0.995,58.54114799178687,0.6643820272386074,3929.4922824256323,0.995,58.54114799178687,0.6680954689532519,3886.014454230457,0.995,58.54114799178687,0.839121568351984,1883.6016151586125,0.995,58.54114799178687,0.8403016800433397,1869.7845965245144,0.995,58.54114799178687,0.8359481354057788,1920.7568967077748,0.995,58.54114799178687,0.8574223366379737,1669.3320182399082,0.995,58.54114799178687,0.8819147802144289,1382.5688654219578,0.995,58.54114799178687,0.9068917340040207,1090.1329557858555,0.995,58.54114799178687,0.9492415647208691,594.2914143014274,0.995,58.54114799178687,0.9753037026524544,289.1499195743683,0.995,58.54114799178687,0.9906677602231503,109.26400597427977,0.995,58.54114799178687,0.9949108374118805,59.58508404507409,1.0,0.0,1.0,0.0,1.0,0.0,1.0,0.0,1.0,0.0,0.9931074842810631,80.69915654760038,1.0,0.0
40101,40,福岡県,北九州市門司区,20,187.97107618093685,131258.7401035764,4.79071624963381,0.1579573967627947,0.7977495329499152,26547.141490354043,1.0,0.0,0.8038675609059599,25744.096848925117,1.0,0.0,0.8092833869225744,25033.222349364136,1.0,0.0,0.9990071091024371,130.32560827443152,1.0,0.0,0.9990573158828705,123.73552953005246,1.0,0.0,0.999124283489415,114.94544586727535,1.0,0.0,0.9991624346343965,109.93777464350765,1.0,0.0,0.9991669893233269,109.33993191293078,1.0,0.0,0.99926793217344,96.09030058463904,1.0,0.0,0.9994237056343048,75.64367236992031,1.0,0.0,0.9998300376534465,22.309043473693126,1.0,0.0,0.9996634867787362,44.17030145130005,1.0,0.0,1.0,0.0,1.0,0.0,1.0,0.0,1.0,0.0,1.0,0.0,1.0,0.0,1.0,0.0,1.0,0.0
40103,40,福岡県,北九州市若松区,30,372.7829746109336,260311.45096171452,4.793611776309363,2.73155467517674,0.7663161390906167,60830.58489965701,0.9572033898305083,11140.447689463206,0.772145189058225,59313.216444860576,0.9572033898305083,11140.447689463206,0.7775581304362768,57904.165820769165,0.9572033898305083,11140.447689463206,0.9566663838140032,11280.236504794779,0.9572033898305083,11140.447689463206,0.9567159400577261,11267.3364470871,0.9572033898305083,11140.447689463206,0.9567792048393672,11250.867899983428,0.9572033898305083,11140.447689463206,0.956813625794346,11241.90773124934,0.9572033898305083,11140.447689463206,0.956818377532191,11240.670799476287,0.9572033898305083,11140.447689463206,0.9569063638352738,11217.766957255995,0.9572033898305083,11140.447689463206,0.9570514183731406,11180.007600035484,0.9572033898305083,11140.447689463206,0.9570388370348238,11183.282666467752,0.9572033898305083,11140.447689463206,0.9598452904769926,10452.730698880137,0.9601694915254236,10368.337453559816,0.9636886438070718,9452.26181696879,0.963771186440678,9430.775024248556,0.9701271186440678,7776.253090169861,0.9701271186440678,7776.253090169861,0.9771186440677965,5956.278962683298,0.9771186440677965,5956.278962683298,0.9919491525423729,2095.727783166345,0.9919491525423729,2095.727783166345
40105,40,福岡県,北九州市戸畑区,5,44.22848851316161,30884.409436135622,4.867422930573957,0.15298127576708784,0.7980942395329477,6235.740173778773,1.0,0.0,0.8042173439264297,6046.631710670269,1.0,0.0,0.8096335098147392,5879.356625801686,1.0,0.0,0.9994261571764946,17.72279671312784,1.0,0.0,0.9994763639569285,16.172189949744542,1.0,0.0,0.9995433315634727,14.10393497026757,1.0,0.0,0.9995814827084541,12.925659388204577,1.0,0.0,0.9995860373973846,12.784990510422073,1.0,0.0,0.9996869802474977,9.667430197882553,1.0,0.0,0.9998427537083627,4.856458853242854,1.0,0.0,0.9998300376534462,5.249186699692501,1.0,0.0,0.9996634867787361,10.393012106188248,1.0,0.0,1.0,0.0,1.0,0.0,1.0,0.0,1.0,0.0,1.0,0.0,1.0,0.0,1.0,0.0,1.0,0.0
40106,40,福岡県,北九州市小倉北区,48,240.09750907144874,167658.22265330766,5.012087370827456,0.1529812757670878,0.7980942395329477,33851.16094337049,1.0,0.0,0.8042173439264297,32824.572143638594,1.0,0.0,0.8096335098147391,31916.507397209152,1.0,0.0,0.9994261571764945,96.20946787126542,1.0,0.0,0.9994763639569284,87.79188829861322,1.0,0.0,0.9995433315634727,76.56421841002395,1.0,0.0,0.9995814827084541,70.16786525025343,1.0,0.0,0.9995860373973845,69.40423419943411,1.0,0.0,0.9996869802474977,52.48033535993386,1.0,0.0,0.9998427537083627,26.36363377474692,1.0,0.0,0.9998300376534464,28.495584941187865,1.0,0.0,0.9996634867787361,56.419208576450494,1.0,0.0,1.0,0.0,1.0,0.0,1.0,0.0,1.0,0.0,1.0,0.0,1.0,0.0,1.0,0.0,1.0,0.0
40107,40,福岡県,北九州市小倉南区,28,216.40367593939786,151113.0033125207,4.7297625694554215,0.15605032106385602,0.7977846918162638,30557.362535411325,0.9996350364963503,55.15073113595651,0.8039075185913238,29632.12379266968,0.9996350364963503,55.15073113595651,0.8093017008944151,28816.992704434342,0.9996350364963503,55.15073113595651,0.9990611936728452,141.86584362518917,0.9996350364963503,55.15073113595651,0.9991114004532786,134.2789462472066,0.9996350364963503,55.15073113595651,0.9991783680598231,124.15927009762284,0.9996350364963503,55.15073113595651,0.9992165192048046,118.39413599967179,0.9996350364963503,55.15073113595651,0.9992210738937348,117.70586327623596,0.9996350364963503,55.15073113595651,0.999322016743848,102.45208603273902,0.9996350364963503,55.15073113595651,0.9998427537083626,23.761959389081106,1.0,0.0,0.9998300376534466,25.68352063778116,1.0,0.0,0.9996634867787364,50.851523519563926,1.0,0.0,1.0,0.0,1.0,0.0,1.0,0.0,1.0,0.0,1.0,0.0,1.0,0.0,1.0,0.0,1.0,0.0
40108,40,福岡県,北九州市八幡東区,11,66.34273276974241,46326.61415420343,4.5374300493253665,0.15298127576708784,0.7980942395329477,9353.61026066816,1.0,0.0,0.8042173439264299,9069.947566005403,1.0,0.0,0.8096335098147392,8819.034938702529,1.0,0.0,0.9994261571764946,26.584195069691756,1.0,0.0,0.9994763639569285,24.258284924616813,1.0,0.0,0.9995433315634727,21.155902455401357,1.0,0.0,0.999581482708454,19.38848908230687,1.0,0.0,0.9995860373973845,19.17748576563311,1.0,0.0,0.9996869802474978,14.501145296823829,1.0,0.0,0.9998427537083627,7.284688279864281,1.0,0.0,0.9998300376534462,7.873780049538752,1.0,0.0,0.9996634867787361,15.589518159282374,1.0,0.0,1.0,0.0,1.0,0.0,1.0,0.0,1.0,0.0,1.0,0.0,1.0,0.0,1.0,0.0,1.0,0.0
40109,40,福岡県,北九州市八幡西区,28,292.22394196196063,204057.70520303893,4.854994351753675,0.16315108106587378,0.7974313676534472,41335.69026275564,0.9991621621621621,170.9672665214652,0.8035515132465876,40086.827397510875,0.9991621621621621,170.9672665214652,0.8089626572148221,38982.64177682974,0.9991621621621621,170.9672665214652,0.9985883193386567,288.0643162332027,0.9991621621621621,170.9672665214652,0.9986385261190904,277.81923583227734,0.9991621621621621,170.9672665214652,0.998705493725635,264.1539797178759,0.9991621621621621,170.9672665214652,0.9987436448706163,256.36894462210256,0.9991621621621621,170.9672665214652,0.9987481995595466,255.43952525103964,0.9991621621621621,170.9672665214652,0.9994167099772272,119.02482351482338,0.9997297297297297,55.15073113595651,0.9995724834380925,87.23804855916822,0.9997297297297297,55.15073113595651,0.9995597673831762,89.83285754463911,0.9997297297297297,55.15073113595651,0.9993932165084657,123.81884683755744,0.9997297297297297,55.15073113595651,1.0,0.0,1.0,0.0,1.0,0.0,1.0,0.0,1.0,0.0,1.0,0.0,1.0,0.0,1.0,0.0
40131,40,福岡県,福岡市東区,24,274.84846433179,191924.5443531285,4.870932171613476,0.1529812757670878,0.7980942395329476,38750.67107991095,1.0,0.0,0.8042173439264297,37575.49705916524,1.0,0.0,0.8096335098147392,36536.00188891048,1.0,0.0,0.9994261571764945,110.13452243158014,1.0,0.0,0.9994763639569284,100.4986089734125,1.0,0.0,0.9995433315634729,87.64588160094846,1.0,0.0,0.999581482708454,80.32374048384273,1.0,0.0,0.9995860373973847,79.44958388619432,1.0,0.0,0.9996869802474976,60.076173372555864,1.0,0.0,0.9998427537083626,30.179422873723446,1.0,0.0,0.9998300376534464,32.61994591951769,1.0,0.0,0.9996634867787362,64.58514665988412,1.0,0.0,1.0,0.0,1.0,0.0,1.0,0.0,1.0,0.0,1.0,0.0,1.0,0.0,1.0,0.0,1.0,0.0
40132,40,福岡県,福岡市博多区,19,217.98326481486794,152216.01793523986,4.903006588792297,0.15722296305918596,0.7976803872377976,30796.285804862186,0.9994927536231885,77.21102359033912,0.8038034087289933,29864.26385574046,0.9994927536231885,77.21102359033912,0.8092193430532582,29039.871899502123,0.9994927536231885,77.21102359033912,0.9989189107996831,164.55909310504063,0.9994927536231885,77.21102359033912,0.9989691175801167,156.9168169140801,0.9994927536231885,77.21102359033912,0.999036085186661,146.72327451522926,0.9994927536231885,77.21102359033912,0.9990742363316425,140.91605914649026,0.9994927536231885,77.21102359033912,0.9990787910205728,140.2227625345622,0.9994927536231885,77.21102359033912,0.9991797338706861,124.8576438513317,0.9994927536231885,77.21102359033912,0.9998427537083625,23.935404348125495,1.0,0.0,0.9998300376534464,25.87099159134161,1.0,0.0,0.9996634867787362,51.22270252335636,1.0,0.0,1.0,0.0,1.0,0.0,1.0,0.0,1.0,0.0,1.0,0.0,1.0,0.0,1.0,0.0,1.0,0.0
40133,40,福岡県,福岡市中央区,15,195.8690205582871,136773.81321717202,4.937592915345972,0.15298127576708784,0.7980942395329477,27615.420769591718,1.0,0.0,0.8042173439264297,26777.940432968335,1.0,0.0,0.8096335098147394,26037.150771407472,1.0,0.0,0.999426157176495,78.48667115813758,1.0,0.0,0.9994763639569283,71.61969834886868,1.0,0.0,0.9995433315634726,62.46028343975636,1.0,0.0,0.9995814827084543,57.24220586204886,1.0,0.0,0.9995860373973845,56.61924368901202,1.0,0.0,0.999686980247498,42.81290516205131,1.0,0.0,0.9998427537083626,21.507174921504067,1.0,0.0,0.9998300376534468,23.24639824149536,1.0,0.0,0.9996634867787364,46.026196470262235,1.0,0.0,1.0,0.0,1.0,0.0,1.0,0.0,1.0,0.0,1.0,0.0,1.0,0.0,1.0,0.0,1.0,0.0
40134,40,福岡県,福岡市南区,9,116.88957678478425,81623.08208121557,4.815527457873794,0.15416370819952024,0.7980942395329477,16480.170459272475,1.0,0.0,0.8042173439264297,15980.383806771424,1.0,0.0,0.8096335098147392,15538.299653904456,1.0,0.0,0.9987504815008191,101.98955102065152,0.9993243243243243,55.15073113595651,0.9988006882812526,97.89151886028137,0.9993243243243243,55.15073113595651,0.9995433315634727,37.27468527856429,1.0,0.0,0.9995814827084543,34.160671240254956,1.0,0.0,0.9995860373973845,33.788903491829764,1.0,0.0,0.9996869802474975,25.54963695154675,1.0,0.0,0.9998427537083627,12.834926969284686,1.0,0.0,0.9998300376534462,13.872850563473039,1.0,0.0,0.9996634867787361,27.46724628064037,1.0,0.0,1.0,0.0,1.0,0.0,1.0,0.0,1.0,0.0,1.0,0.0,1.0,0.0,1.0,0.0,1.0,0.0
40135,40,福岡県,福岡市西区,6,78.97944377350288,55150.73113595646,4.66644961961111,0.1529812757670878,0.7980942395329476,11135.25031031924,1.0,0.0,0.8042173439264297,10797.556626196909,1.0,0.0,0.8096335098147391,10498.85111750301,1.0,0.0,0.9994261571764945,31.647851273442566,1.0,0.0,0.9994763639569282,28.878910624543824,1.0,0.0,0.9995433315634726,25.18559816119209,1.0,0.0,0.9995814827084541,23.08153462179389,1.0,0.0,0.9995860373973845,22.830340197182274,1.0,0.0,0.9996869802474976,17.26326821050456,1.0,0.0,0.9998427537083626,8.672247952219381,1.0,0.0,0.9998300376534464,9.373547678022323,1.0,0.0,0.9996634867787361,18.55895018962187,1.0,0.0,1.0,0.0,1.0,0.0,1.0,0.0,1.0,0.0,1.0,0.0,1.0,0.0,1.0,0.0,1.0,0.0
40136,40,福岡県,福岡市城南区,12,107.4120435319639,75004.99434490078,4.682186364408893,0.1529812757670878,0.7980942395329477,15143.940422034168,1.0,0.0,0.8042173439264299,14684.677011627797,1.0,0.0,0.8096335098147392,14278.437519804094,1.0,0.0,0.9994261571764947,43.04107773188189,1.0,0.0,0.9994763639569285,39.275318449379604,1.0,0.0,0.9995433315634729,34.25241349922124,1.0,0.0,0.9995814827084541,31.390887085639687,1.0,0.0,0.9995860373973845,31.049262668167895,1.0,0.0,0.9996869802474977,23.478044766286203,1.0,0.0,0.9998427537083628,11.79425721501836,1.0,0.0,0.9998300376534462,12.748024842110361,1.0,0.0,0.9996634867787362,25.240172257885742,1.0,0.0,1.0,0.0,1.0,0.0,1.0,0.0,1.0,0.0,1.0,0.0,1.0,0.0,1.0,0.0,1.0,0.0
40137,40,福岡県,福岡市早良区,8,86.87738815085316,60665.804249552115,4.637537653423631,0.1529812757670878,0.7980942395329476,12248.775341351162,1.0,0.0,0.8042173439264297,11877.3122888166,1.0,0.0,0.8096335098147392,11548.736229253313,1.0,0.0,0.9994261571764946,34.81263640078682,1.0,0.0,0.9994763639569284,31.766801686998207,1.0,0.0,0.9995433315634727,27.704157977311297,1.0,0.0,0.9995814827084541,25.389688083973276,1.0,0.0,0.9995860373973846,25.1133742169005,1.0,0.0,0.9996869802474975,18.989595031555012,1.0,0.0,0.9998427537083626,9.53947274744132,1.0,0.0,0.9998300376534462,10.310902445824556,1.0,0.0,0.9996634867787361,20.414845208584058,1.0,0.0,1.0,0.0,1.0,0.0,1.0,0.0,1.0,0.0,1.0,0.0,1.0,0.0,1.0,0.0,1.0,0.0
40202,40,福岡県,大牟田市,25,202.18737606016737,141185.87170804857,4.945748089389416,0.1529812757670878,0.7980942395329474,28506.24079441725,1.0,0.0,0.8042173439264296,27641.744963064088,1.0,0.0,0.8096335098147394,26877.058860807712,1.0,0.0,0.9994261571764946,81.01849926001299,1.0,0.0,0.9994763639569283,73.93001119883219,1.0,0.0,0.9995433315634727,64.47513129265175,1.0,0.0,0.9995814827084541,59.088728631792364,1.0,0.0,0.9995860373973846,58.44567090478662,1.0,0.0,0.9996869802474975,44.19396661889167,1.0,0.0,0.9998427537083625,22.200954757681618,1.0,0.0,0.9998300376534461,23.99628205573715,1.0,0.0,0.9996634867787362,47.510912485431994,1.0,0.0,1.0,0.0,1.0,0.0,1.0,0.0,1.0,0.0,1.0,0.0,1.0,0.0,1.0,0.0,1.0,0.0
40203,40,福岡県,久留米市,24,208.5057315620476,145597.93019892508,5.005767054960335,0.15745892707251397,0.797392537166562,29499.227231404206,1.0,0.0,0.8035112629667149,28608.353419447172,1.0,0.0,0.8089078677394851,27822.618934430207,1.0,0.0,0.9986754328924032,192.85422927564264,1.0,0.0,0.9987256396728372,185.54422596254994,1.0,0.0,0.9987926072793815,175.7938810592989,1.0,0.0,0.9988307584243629,170.23915331529014,1.0,0.0,0.9988353131132934,169.57600003431298,1.0,0.0,0.9996869802474976,45.575028075732035,1.0,0.0,0.9998427537083626,22.894734593859166,1.0,0.0,0.9998300376534461,24.746165869978935,1.0,0.0,0.999663486778736,48.99562850060174,1.0,0.0,1.0,0.0,1.0,0.0,1.0,0.0,1.0,0.0,1.0,0.0,1.0,0.0,1.0,0.0,1.0,0.0
40204,40,福岡県,直方市,2,31.59177750940115,22060.292454382587,4.801671800321918,0.1529812757670878,0.7980942395329476,4454.100124127695,1.0,0.0,0.8042173439264297,4319.022650478763,1.0,0.0,0.8096335098147392,4199.5404470012045,1.0,0.0,0.9994261571764946,12.659140509377027,1.0,0.0,0.9994763639569283,11.55156424981753,1.0,0.0,0.9995433315634727,10.074239264476835,1.0,0.0,0.9995814827084541,9.232613848717556,1.0,0.0,0.9995860373973846,9.13213607887291,1.0,0.0,0.9996869802474976,6.9053072842018235,1.0,0.0,0.9998427537083626,3.4688991808877527,1.0,0.0,0.9998300376534462,3.7494190712089295,1.0,0.0,0.9996634867787361,7.423580075848749,1.0,0.0,1.0,0.0,1.0,0.0,1.0,0.0,1.0,0.0,1.0,0.0,1.0,0.0,1.0,0.0,1.0,0.0
40205,40,福岡県,飯塚市,25,271.6892865808499,189718.51510769024,4.782093788350629,0.1529812757670878,0.7980942395329474,38305.261067498184,1.0,0.0,0.8042173439264296,37143.594794117365,1.0,0.0,0.8096335098147392,36116.047844210356,1.0,0.0,0.9994261571764944,108.86860838064243,1.0,0.0,0.9994763639569282,99.34345254843075,1.0,0.0,0.9995433315634727,86.63845767450078,1.0,0.0,0.999581482708454,79.40047909897098,1.0,0.0,0.9995860373973846,78.53637027830702,1.0,0.0,0.9996869802474976,59.385642644135686,1.0,0.0,0.9998427537083626,29.832532955634672,1.0,0.0,0.9998300376534462,32.2450040123968,1.0,0.0,0.999663486778736,63.84278865229925,1.0,0.0,1.0,0.0,1.0,0.0,1.0,0.0,1.0,0.0,1.0,0.0,1.0,0.0,1.0,0.0,1.0,0.0
40206,40,福岡県,田川市,6,78.97944377350288,55150.73113595646,4.911554988125139,0.1587889044433831,0.7973643260598183,11175.505572028302,0.999,55.15073113595651,0.8034776841402054,10838.349404199049,0.999,55.15073113595651,0.8088829110264777,10540.24718946539,0.999,55.15073113595651,0.9984261571764945,86.7985824093991,0.999,55.15073113595651,0.9984763639569282,84.02964176050031,0.999,55.15073113595651,0.9985433315634727,80.3363292971486,0.999,55.15073113595651,0.998581482708454,78.23226575775041,0.999,55.15073113595651,0.9985860373973846,77.9810713331388,0.999,55.15073113595651,0.9996869802474976,17.26326821050456,1.0,0.0,0.9998427537083626,8.672247952219381,1.0,0.0,0.9998300376534464,9.373547678022323,1.0,0.0,0.9996634867787361,18.55895018962187,1.0,0.0,1.0,0.0,1.0,0.0,1.0,0.0,1.0,0.0,1.0,0.0,1.0,0.0,1.0,0.0,1.0,0.0
40207,40,福岡県,柳川市,4,47.387666264101725,33090.43868157388,5.223292931104721,0.15688337527215468,0.7967983418703081,6724.032008334715,0.9983333333333334,55.15073113595651,0.8029001922408739,6522.119102803359,0.9983333333333334,55.15073113595651,0.8083157559235892,6342.915724834316,0.9983333333333334,55.15073113595651,0.9977594905098279,74.13944190002206,0.9983333333333334,55.15073113595651,0.9978096972902617,72.4780775106828,0.9983333333333334,55.15073113595651,0.9995433315634727,15.111358896715252,1.0,0.0,0.9995814827084541,13.848920773076333,1.0,0.0,0.9995860373973846,13.698204118309363,1.0,0.0,0.9996869802474976,10.357960926302734,1.0,0.0,0.9998427537083626,5.203348771331629,1.0,0.0,0.9998300376534464,5.624128606813394,1.0,0.0,0.9996634867787362,11.135370113773124,1.0,0.0,1.0,0.0,1.0,0.0,1.0,0.0,1.0,0.0,1.0,0.0,1.0,0.0,1.0,0.0,1.0,0.0
40210,40,福岡県,八女市,4,15.795888754700576,11030.146227191293,4.755949562390111,0.1529812757670878,0.7980942395329476,2227.0500620638477,1.0,0.0,0.8042173439264297,2159.5113252393817,1.0,0.0,0.8096335098147392,2099.7702235006022,1.0,0.0,0.9994261571764946,6.329570254688513,1.0,0.0,0.9994763639569283,5.775782124908765,1.0,0.0,0.9995433315634727,5.037119632238418,1.0,0.0,0.9995814827084541,4.616306924358778,1.0,0.0,0.9995860373973846,4.566068039436455,1.0,0.0,0.9996869802474976,3.4526536421009117,1.0,0.0,0.9998427537083626,1.7344495904438764,1.0,0.0,0.9998300376534462,1.8747095356044647,1.0,0.0,0.9996634867787361,3.7117900379243745,1.0,0.0,1.0,0.0,1.0,0.0,1.0,0.0,1.0,0.0,1.0,0.0,1.0,0.0,1.0,0.0,1.0,0.0
40211,40,福岡県,筑後市,7,63.1835550188023,44120.58490876517,4.948681088822247,0.1529812757670878,0.7980942395329476,8908.20024825539,1.0,0.0,0.8042173439264297,8638.045300957527,1.0,0.0,0.8096335098147392,8399.080894002409,1.0,0.0,0.9994261571764946,25.318281018754053,1.0,0.0,0.9994763639569283,23.10312849963506,1.0,0.0,0.9995433315634727,20.14847852895367,1.0,0.0,0.9995814827084541,18.46522769743511,1.0,0.0,0.9995860373973846,18.26427215774582,1.0,0.0,0.9996869802474976,13.810614568403647,1.0,0.0,0.9998427537083626,6.9377983617755055,1.0,0.0,0.9998300376534462,7.498838142417859,1.0,0.0,0.9996634867787361,14.847160151697498,1.0,0.0,1.0,0.0,1.0,0.0,1.0,0.0,1.0,0.0,1.0,0.0,1.0,0.0,1.0,0.0,1.0,0.0
40212,40,福岡県,大川市,7,60.02437726786219,41914.555663326915,5.215868931688088,0.1529812757670878,0.7980942395329474,8462.790235842622,1.0,0.0,0.8042173439264297,8206.14303590965,1.0,0.0,0.8096335098147392,7979.126849302289,1.0,0.0,0.9994261571764944,24.05236696781635,1.0,0.0,0.9994763639569283,21.947972074653308,1.0,0.0,0.9995433315634726,19.14105460250599,1.0,0.0,0.999581482708454,17.541966312563353,1.0,0.0,0.9995860373973845,17.35105854985853,1.0,0.0,0.9996869802474975,13.120083839983465,1.0,0.0,0.9998427537083626,6.590908443686731,1.0,0.0,0.9998300376534461,7.123896235296966,1.0,0.0,0.999663486778736,14.104802144112622,1.0,0.0,1.0,0.0,1.0,0.0,1.0,0.0,1.0,0.0,1.0,0.0,1.0,0.0,1.0,0.0,1.0,0.0
40213,40,福岡県,行橋市,8,94.77533252820345,66180.87736314777,5.2443794050035155,0.15298127576708784,0.7980942395329476,13362.300372383086,1.0,0.0,0.8042173439264297,12957.06795143629,1.0,0.0,0.8096335098147394,12598.621341003614,1.0,0.0,0.9994261571764946,37.97742152813108,1.0,0.0,0.9994763639569284,34.654692749452586,1.0,0.0,0.9995433315634727,30.222717793430505,1.0,0.0,0.9995814827084541,27.697841546152667,1.0,0.0,0.9995860373973846,27.396408236618726,1.0,0.0,0.9996869802474976,20.71592185260547,1.0,0.0,0.9998427537083626,10.406697542663258,1.0,0.0,0.9998300376534464,11.248257213626788,1.0,0.0,0.9996634867787362,22.27074022754625,1.0,0.0,1.0,0.0,1.0,0.0,1.0,0.0,1.0,0.0,1.0,0.0,1.0,0.0,1.0,0.0,1.0,0.0
40214,40,福岡県,豊前市,7,69.50191052068253,48532.64339964169,5.281059774458491,0.15964810429818238,0.7971683617071673,9843.955571431163,0.9988636363636365,55.15073113595651,0.8032849439301274,9547.101667579649,0.9988636363636365,55.15073113595651,0.8086946172470396,9284.555921581388,0.9988636363636365,55.15073113595651,0.998289793540131,83.00084025658599,0.9988636363636365,55.15073113595651,0.9983400003205648,80.56417248555506,0.9988636363636365,55.15073113595651,0.9984069679271091,77.31405751780555,0.9988636363636365,55.15073113595651,0.9984451190720905,75.46248160313515,0.9988636363636365,55.15073113595651,0.9984496737610209,75.24143050947693,0.9988636363636365,55.15073113595651,0.9996869802474976,15.191676025244014,1.0,0.0,0.9998427537083626,7.631578197953057,1.0,0.0,0.9998300376534462,8.248721956659645,1.0,0.0,0.9996634867787361,16.331876166867247,1.0,0.0,1.0,0.0,1.0,0.0,1.0,0.0,1.0,0.0,1.0,0.0,1.0,0.0,1.0,0.0,1.0,0.0
40215,40,福岡県,中間市,2,15.795888754700576,11030.146227191293,4.986497759930827,0.1529812757670878,0.7980942395329476,2227.0500620638477,1.0,0.0,0.8042173439264297,2159.5113252393817,1.0,0.0,0.8096335098147392,2099.7702235006022,1.0,0.0,0.9994261571764946,6.329570254688513,1.0,0.0,0.9994763639569283,5.775782124908765,1.0,0.0,0.9995433315634727,5.037119632238418,1.0,0.0,0.9995814827084541,4.616306924358778,1.0,0.0,0.9995860373973846,4.566068039436455,1.0,0.0,0.9996869802474976,3.4526536421009117,1.0,0.0,0.9998427537083626,1.7344495904438764,1.0,0.0,0.9998300376534462,1.8747095356044647,1.0,0.0,0.9996634867787361,3.7117900379243745,1.0,0.0,1.0,0.0,1.0,0.0,1.0,0.0,1.0,0.0,1.0,0.0,1.0,0.0,1.0,0.0,1.0,0.0
40217,40,福岡県,筑紫野市,11,85.2977992753831,59562.78962683298,4.762695708898855,0.15298127576708784,0.7980942395329478,12026.070335144777,1.0,0.0,0.8042173439264297,11661.361156292662,1.0,0.0,0.8096335098147391,11338.75920690325,1.0,0.0,0.9994261571764947,34.179679375317974,1.0,0.0,0.9994763639569285,31.189223474507333,1.0,0.0,0.9995433315634729,27.200446014087458,1.0,0.0,0.9995814827084543,24.928057391537397,1.0,0.0,0.9995860373973847,24.656767412956857,1.0,0.0,0.9996869802474977,18.644329667344927,1.0,0.0,0.999842753708363,9.366027788396933,1.0,0.0,0.9998300376534462,10.12343149226411,1.0,0.0,0.9996634867787361,20.04366620479162,1.0,0.0,1.0,0.0,1.0,0.0,1.0,0.0,1.0,0.0,1.0,0.0,1.0,0.0,1.0,0.0,1.0,0.0
40218,40,福岡県,春日市,5,78.97944377350288,55150.73113595646,4.6575776895529435,0.1529812757670878,0.7980942395329476,11135.25031031924,1.0,0.0,0.8042173439264297,10797.556626196909,1.0,0.0,0.8096335098147391,10498.85111750301,1.0,0.0,0.9994261571764945,31.647851273442566,1.0,0.0,0.9994763639569282,28.878910624543824,1.0,0.0,0.9995433315634726,25.18559816119209,1.0,0.0,0.9995814827084541,23.08153462179389,1.0,0.0,0.9995860373973845,22.830340197182274,1.0,0.0,0.9996869802474976,17.26326821050456,1.0,0.0,0.9998427537083626,8.672247952219381,1.0,0.0,0.9998300376534464,9.373547678022323,1.0,0.0,0.9996634867787361,18.55895018962187,1.0,0.0,1.0,0.0,1.0,0.0,1.0,0.0,1.0,0.0,1.0,0.0,1.0,0.0,1.0,0.0,1.0,0.0
40219,40,福岡県,大野城市,5,60.024377267862185,41914.555663326915,4.72801517133668,0.1529812757670878,0.7980942395329476,8462.790235842622,1.0,0.0,0.8042173439264297,8206.14303590965,1.0,0.0,0.8096335098147394,7979.126849302289,1.0,0.0,0.9994261571764945,24.05236696781635,1.0,0.0,0.9994763639569284,21.947972074653308,1.0,0.0,0.9995433315634727,19.14105460250599,1.0,0.0,0.9995814827084541,17.541966312563357,1.0,0.0,0.9995860373973846,17.35105854985853,1.0,0.0,0.9996869802474975,13.120083839983465,1.0,0.0,0.9998427537083627,6.590908443686731,1.0,0.0,0.9998300376534462,7.123896235296966,1.0,0.0,0.9996634867787361,14.104802144112625,1.0,0.0,1.0,0.0,1.0,0.0,1.0,0.0,1.0,0.0,1.0,0.0,1.0,0.0,1.0,0.0,1.0,0.0
40220,40,福岡県,宗像市,5,63.1835550188023,44120.58490876517,4.965378207916485,0.1529812757670878,0.7980942395329476,8908.20024825539,1.0,0.0,0.8042173439264297,8638.045300957527,1.0,0.0,0.8096335098147392,8399.080894002409,1.0,0.0,0.9994261571764946,25.318281018754053,1.0,0.0,0.9994763639569283,23.10312849963506,1.0,0.0,0.9995433315634727,20.14847852895367,1.0,0.0,0.9995814827084541,18.46522769743511,1.0,0.0,0.9995860373973846,18.26427215774582,1.0,0.0,0.9996869802474976,13.810614568403647,1.0,0.0,0.9998427537083626,6.9377983617755055,1.0,0.0,0.9998300376534462,7.498838142417859,1.0,0.0,0.9996634867787361,14.847160151697498,1.0,0.0,1.0,0.0,1.0,0.0,1.0,0.0,1.0,0.0,1.0,0.0,1.0,0.0,1.0,0.0,1.0,0.0
40221,40,福岡県,太宰府市,1,15.795888754700576,11030.146227191293,4.620786312430975,0.1529812757670878,0.7980942395329476,2227.0500620638477,1.0,0.0,0.8042173439264297,2159.5113252393817,1.0,0.0,0.8096335098147392,2099.7702235006022,1.0,0.0,0.9994261571764946,6.329570254688513,1.0,0.0,0.9994763639569283,5.775782124908765,1.0,0.0,0.9995433315634727,5.037119632238418,1.0,0.0,0.9995814827084541,4.616306924358778,1.0,0.0,0.9995860373973846,4.566068039436455,1.0,0.0,0.9996869802474976,3.4526536421009117,1.0,0.0,0.9998427537083626,1.7344495904438764,1.0,0.0,0.9998300376534462,1.8747095356044647,1.0,0.0,0.9996634867787361,3.7117900379243745,1.0,0.0,1.0,0.0,1.0,0.0,1.0,0.0,1.0,0.0,1.0,0.0,1.0,0.0,1.0,0.0,1.0,0.0
40223,40,福岡県,古賀市,6,60.02437726786219,41914.555663326915,4.779166171609939,0.1529812757670878,0.7980942395329476,8462.790235842622,1.0,0.0,0.8042173439264296,8206.14303590965,1.0,0.0,0.8096335098147391,7979.126849302288,1.0,0.0,0.9994261571764944,24.05236696781635,1.0,0.0,0.9994763639569283,21.947972074653308,1.0,0.0,0.9995433315634726,19.14105460250599,1.0,0.0,0.999581482708454,17.541966312563357,1.0,0.0,0.9995860373973845,17.35105854985853,1.0,0.0,0.9996869802474975,13.120083839983467,1.0,0.0,0.9998427537083626,6.590908443686731,1.0,0.0,0.9998300376534461,7.123896235296966,1.0,0.0,0.999663486778736,14.104802144112623,1.0,0.0,1.0,0.0,1.0,0.0,1.0,0.0,1.0,0.0,1.0,0.0,1.0,0.0,1.0,0.0,1.0,0.0
40224,40,福岡県,福津市,3,15.795888754700576,11030.146227191293,4.76493240869389,0.1529812757670878,0.7980942395329476,2227.0500620638477,1.0,0.0,0.8042173439264297,2159.5113252393817,1.0,0.0,0.8096335098147392,2099.7702235006022,1.0,0.0,0.9994261571764946,6.329570254688513,1.0,0.0,0.9994763639569283,5.775782124908765,1.0,0.0,0.9995433315634727,5.037119632238418,1.0,0.0,0.9995814827084541,4.616306924358778,1.0,0.0,0.9995860373973846,4.566068039436455,1.0,0.0,0.9996869802474976,3.4526536421009117,1.0,0.0,0.9998427537083626,1.7344495904438764,1.0,0.0,0.9998300376534462,1.8747095356044647,1.0,0.0,0.9996634867787361,3.7117900379243745,1.0,0.0,1.0,0.0,1.0,0.0,1.0,0.0,1.0,0.0,1.0,0.0,1.0,0.0,1.0,0.0,1.0,0.0
40225,40,福岡県,うきは市,3,15.795888754700576,11030.146227191293,4.8193934653638495,0.1529812757670878,0.7980942395329476,2227.0500620638477,1.0,0.0,0.8042173439264297,2159.5113252393817,1.0,0.0,0.8096335098147392,2099.7702235006022,1.0,0.0,0.9994261571764946,6.329570254688513,1.0,0.0,0.9994763639569283,5.775782124908765,1.0,0.0,0.9995433315634727,5.037119632238418,1.0,0.0,0.9995814827084541,4.616306924358778,1.0,0.0,0.9995860373973846,4.566068039436455,1.0,0.0,0.9996869802474976,3.4526536421009117,1.0,0.0,0.9998427537083626,1.7344495904438764,1.0,0.0,0.9998300376534462,1.8747095356044647,1.0,0.0,0.9996634867787361,3.7117900379243745,1.0,0.0,1.0,0.0,1.0,0.0,1.0,0.0,1.0,0.0,1.0,0.0,1.0,0.0,1.0,0.0,1.0,0.0
40226,40,福岡県,宮若市,8,78.97944377350288,55150.73113595646,4.706885299569258,0.1529812757670878,0.7980942395329476,11135.25031031924,1.0,0.0,0.8042173439264297,10797.556626196909,1.0,0.0,0.8096335098147391,10498.85111750301,1.0,0.0,0.9994261571764945,31.647851273442566,1.0,0.0,0.9994763639569282,28.878910624543824,1.0,0.0,0.9995433315634726,25.18559816119209,1.0,0.0,0.9995814827084541,23.08153462179389,1.0,0.0,0.9995860373973845,22.830340197182274,1.0,0.0,0.9996869802474976,17.26326821050456,1.0,0.0,0.9998427537083626,8.672247952219381,1.0,0.0,0.9998300376534464,9.373547678022323,1.0,0.0,0.9996634867787361,18.55895018962187,1.0,0.0,1.0,0.0,1.0,0.0,1.0,0.0,1.0,0.0,1.0,0.0,1.0,0.0,1.0,0.0,1.0,0.0
40227,40,福岡県,嘉麻市,5,63.1835550188023,44120.58490876517,4.848665962827846,0.1529812757670878,0.7980942395329476,8908.20024825539,1.0,0.0,0.8042173439264297,8638.045300957527,1.0,0.0,0.8096335098147392,8399.080894002409,1.0,0.0,0.9994261571764946,25.318281018754053,1.0,0.0,0.9994763639569283,23.10312849963506,1.0,0.0,0.9995433315634727,20.14847852895367,1.0,0.0,0.9995814827084541,18.46522769743511,1.0,0.0,0.9995860373973846,18.26427215774582,1.0,0.0,0.9996869802474976,13.810614568403647,1.0,0.0,0.9998427537083626,6.9377983617755055,1.0,0.0,0.9998300376534462,7.498838142417859,1.0,0.0,0.9996634867787361,14.847160151697498,1.0,0.0,1.0,0.0,1.0,0.0,1.0,0.0,1.0,0.0,1.0,0.0,1.0,0.0,1.0,0.0,1.0,0.0
40228,40,福岡県,朝倉市,5,15.795888754700576,11030.146227191293,4.854674486242238,0.18253377438290036,0.7934630039148033,2278.1332681445556,1.0,0.0,0.7995572095923126,2210.9132883830484,1.0,0.0,0.8048442721180618,2152.5962156117316,1.0,0.0,0.9944713769014925,60.98152121156564,1.0,0.0,0.9945215836819261,60.427733081785895,1.0,0.0,0.9945885512884707,59.68907058911432,1.0,0.0,0.994626702433452,59.26825788123591,1.0,0.0,0.9946312571223825,59.21801899631236,1.0,0.0,0.9996869802474976,3.4526536421009117,1.0,0.0,0.9998427537083626,1.7344495904438764,1.0,0.0,0.9998300376534462,1.8747095356044647,1.0,0.0,0.9996634867787361,3.7117900379243745,1.0,0.0,1.0,0.0,1.0,0.0,1.0,0.0,1.0,0.0,1.0,0.0,1.0,0.0,1.0,0.0,1.0,0.0
40229,40,福岡県,みやま市,3,37.91013301128138,26472.350945259102,4.922709199515604,0.1529812757670878,0.7980942395329476,5344.920148953234,1.0,0.0,0.8042173439264297,5182.827180574516,1.0,0.0,0.8096335098147392,5039.448536401445,1.0,0.0,0.9994261571764945,15.190968611252433,1.0,0.0,0.9994763639569284,13.861877099781037,1.0,0.0,0.9995433315634727,12.089087117372202,1.0,0.0,0.999581482708454,11.079136618461067,1.0,0.0,0.9995860373973846,10.95856329464749,1.0,0.0,0.9996869802474975,8.286368741042189,1.0,0.0,0.9998427537083627,4.162679017065304,1.0,0.0,0.9998300376534461,4.4993028854507156,1.0,0.0,0.9996634867787361,8.9082960910185,1.0,0.0,1.0,0.0,1.0,0.0,1.0,0.0,1.0,0.0,1.0,0.0,1.0,0.0,1.0,0.0,1.0,0.0
40230,40,福岡県,糸島市,7,75.82026602256276,52944.701890518205,4.603331974325199,0.12111017664894452,0.8401579396302501,8462.790235842622,1.0,0.0,0.8450053972750903,8206.14303590965,1.0,0.0,0.849293195270002,7979.126849302288,1.0,0.0,0.9995457077647248,24.05236696781635,1.0,0.0,0.999585454799235,21.947972074653308,1.0,0.0,0.9996384708210825,19.14105460250599,1.0,0.0,0.9996686738108596,17.541966312563357,1.0,0.0,0.9996722796062628,17.35105854985853,1.0,0.0,0.9997521926959357,13.120083839983467,1.0,0.0,0.9998755133524537,6.590908443686731,1.0,0.0,0.999865446475645,7.123896235296966,1.0,0.0,0.9997335936998327,14.104802144112623,1.0,0.0,1.0,0.0,1.0,0.0,1.0,0.0,1.0,0.0,1.0,0.0,1.0,0.0,1.0,0.0,1.0,0.0
40231,40,福岡県,那珂川市,3,0.0,0.0,4.400566960859931,0.0,1.0,0.0,1.0,0.0,1.0,0.0,1.0,0.0,1.0,0.0,1.0,0.0,1.0,0.0,1.0,0.0,1.0,0.0,1.0,0.0,1.0,0.0,1.0,0.0,1.0,0.0,1.0,0.0,1.0,0.0,1.0,0.0,1.0,0.0,1.0,0.0,1.0,0.0,1.0,0.0,1.0,0.0,1.0,0.0,1.0,0.0,1.0,0.0,1.0,0.0,1.0,0.0,1.0,0.0,1.0,0.0,1.0,0.0,1.0,0.0,1.0,0.0,1.0,0.0
40341,40,福岡県,宇美町,1,15.795888754700576,11030.146227191293,4.546136775843957,0.1529812757670878,0.7980942395329476,2227.0500620638477,1.0,0.0,0.8042173439264297,2159.5113252393817,1.0,0.0,0.8096335098147392,2099.7702235006022,1.0,0.0,0.9994261571764946,6.329570254688513,1.0,0.0,0.9994763639569283,5.775782124908765,1.0,0.0,0.9995433315634727,5.037119632238418,1.0,0.0,0.9995814827084541,4.616306924358778,1.0,0.0,0.9995860373973846,4.566068039436455,1.0,0.0,0.9996869802474976,3.4526536421009117,1.0,0.0,0.9998427537083626,1.7344495904438764,1.0,0.0,0.9998300376534462,1.8747095356044647,1.0,0.0,0.9996634867787361,3.7117900379243745,1.0,0.0,1.0,0.0,1.0,0.0,1.0,0.0,1.0,0.0,1.0,0.0,1.0,0.0,1.0,0.0,1.0,0.0
40342,40,福岡県,篠栗町,1,15.795888754700576,11030.146227191293,4.790889964223061,0.1529812757670878,0.7980942395329476,2227.0500620638477,1.0,0.0,0.8042173439264297,2159.5113252393817,1.0,0.0,0.8096335098147392,2099.7702235006022,1.0,0.0,0.9994261571764946,6.329570254688513,1.0,0.0,0.9994763639569283,5.775782124908765,1.0,0.0,0.9995433315634727,5.037119632238418,1.0,0.0,0.9995814827084541,4.616306924358778,1.0,0.0,0.9995860373973846,4.566068039436455,1.0,0.0,0.9996869802474976,3.4526536421009117,1.0,0.0,0.9998427537083626,1.7344495904438764,1.0,0.0,0.9998300376534462,1.8747095356044647,1.0,0.0,0.9996634867787361,3.7117900379243745,1.0,0.0,1.0,0.0,1.0,0.0,1.0,0.0,1.0,0.0,1.0,0.0,1.0,0.0,1.0,0.0,1.0,0.0
40343,40,福岡県,志免町,3,31.59177750940115,22060.292454382587,5.155071855679362,0.1529812757670878,0.7980942395329476,4454.100124127695,1.0,0.0,0.8042173439264297,4319.022650478763,1.0,0.0,0.8096335098147392,4199.5404470012045,1.0,0.0,0.9994261571764946,12.659140509377027,1.0,0.0,0.9994763639569283,11.55156424981753,1.0,0.0,0.9995433315634727,10.074239264476835,1.0,0.0,0.9995814827084541,9.232613848717556,1.0,0.0,0.9995860373973846,9.13213607887291,1.0,0.0,0.9996869802474976,6.9053072842018235,1.0,0.0,0.9998427537083626,3.4688991808877527,1.0,0.0,0.9998300376534462,3.7494190712089295,1.0,0.0,0.9996634867787361,7.423580075848749,1.0,0.0,1.0,0.0,1.0,0.0,1.0,0.0,1.0,0.0,1.0,0.0,1.0,0.0,1.0,0.0,1.0,0.0
40345,40,福岡県,新宮町,3,15.795888754700576,11030.146227191293,4.581973285437177,0.1529812757670878,0.7980942395329476,2227.0500620638477,1.0,0.0,0.8042173439264297,2159.5113252393817,1.0,0.0,0.8096335098147392,2099.7702235006022,1.0,0.0,0.9994261571764946,6.329570254688513,1.0,0.0,0.9994763639569283,5.775782124908765,1.0,0.0,0.9995433315634727,5.037119632238418,1.0,0.0,0.9995814827084541,4.616306924358778,1.0,0.0,0.9995860373973846,4.566068039436455,1.0,0.0,0.9996869802474976,3.4526536421009117,1.0,0.0,0.9998427537083626,1.7344495904438764,1.0,0.0,0.9998300376534462,1.8747095356044647,1.0,0.0,0.9996634867787361,3.7117900379243745,1.0,0.0,1.0,0.0,1.0,0.0,1.0,0.0,1.0,0.0,1.0,0.0,1.0,0.0,1.0,0.0,1.0,0.0
40348,40,福岡県,久山町,1,0.0,0.0,4.193753429788467,0.0,1.0,0.0,1.0,0.0,1.0,0.0,1.0,0.0,1.0,0.0,1.0,0.0,1.0,0.0,1.0,0.0,1.0,0.0,1.0,0.0,1.0,0.0,1.0,0.0,1.0,0.0,1.0,0.0,1.0,0.0,1.0,0.0,1.0,0.0,1.0,0.0,1.0,0.0,1.0,0.0,1.0,0.0,1.0,0.0,1.0,0.0,1.0,0.0,1.0,0.0,1.0,0.0,1.0,0.0,1.0,0.0,1.0,0.0,1.0,0.0,1.0,0.0,1.0,0.0
40349,40,福岡県,粕屋町,8,60.02437726786219,41914.555663326915,4.77038929131073,0.1529812757670878,0.7980942395329476,8462.790235842622,1.0,0.0,0.8042173439264296,8206.14303590965,1.0,0.0,0.8096335098147391,7979.126849302288,1.0,0.0,0.9994261571764944,24.05236696781635,1.0,0.0,0.9994763639569283,21.947972074653304,1.0,0.0,0.9995433315634726,19.14105460250599,1.0,0.0,0.999581482708454,17.541966312563357,1.0,0.0,0.9995860373973845,17.35105854985853,1.0,0.0,0.9996869802474975,13.120083839983465,1.0,0.0,0.9998427537083625,6.59090844368673,1.0,0.0,0.9998300376534461,7.123896235296966,1.0,0.0,0.999663486778736,14.104802144112623,1.0,0.0,1.0,0.0,1.0,0.0,1.0,0.0,1.0,0.0,1.0,0.0,1.0,0.0,1.0,0.0,1.0,0.0
40381,40,福岡県,芦屋町,1,15.795888754700576,11030.146227191293,5.078538257857521,0.17749741775915018,0.7947919542342424,2263.4747517924693,1.0,0.0,0.8008902374655008,2196.2097960168608,1.0,0.0,0.8062692958861589,2136.877995072397,1.0,0.0,0.9952330610156059,52.580034053965285,1.0,0.0,0.9952832677960396,52.02624592418554,1.0,0.0,0.9953513083606959,51.275748546646355,1.0,0.0,0.9953894595056773,50.854935838766714,1.0,0.0,0.9953940141946077,50.80469695384439,1.0,0.0,0.9996869802474976,3.4526536421009117,1.0,0.0,0.9998427537083626,1.7344495904438764,1.0,0.0,0.9998300376534462,1.8747095356044647,1.0,0.0,0.9996634867787361,3.7117900379243745,1.0,0.0,1.0,0.0,1.0,0.0,1.0,0.0,1.0,0.0,1.0,0.0,1.0,0.0,1.0,0.0,1.0,0.0
40382,40,福岡県,水巻町,1,15.795888754700576,11030.146227191293,5.126258450544506,0.17749741775915018,0.7947919542342424,2263.4747517924693,1.0,0.0,0.8008902374655008,2196.2097960168608,1.0,0.0,0.8062692958861589,2136.877995072397,1.0,0.0,0.9952330610156059,52.580034053965285,1.0,0.0,0.9952832677960396,52.02624592418554,1.0,0.0,0.9953513083606959,51.275748546646355,1.0,0.0,0.9953894595056773,50.854935838766714,1.0,0.0,0.9953940141946077,50.80469695384439,1.0,0.0,0.9996869802474976,3.4526536421009117,1.0,0.0,0.9998427537083626,1.7344495904438764,1.0,0.0,0.9998300376534462,1.8747095356044647,1.0,0.0,0.9996634867787361,3.7117900379243745,1.0,0.0,1.0,0.0,1.0,0.0,1.0,0.0,1.0,0.0,1.0,0.0,1.0,0.0,1.0,0.0,1.0,0.0
40383,40,福岡県,岡垣町,3,31.59177750940115,22060.292454382587,4.671579050309169,0.17749741775915018,0.7947919542342424,4526.949503584939,1.0,0.0,0.8008902374655008,4392.4195920337215,1.0,0.0,0.8062692958861589,4273.755990144794,1.0,0.0,0.9952330610156059,105.16006810793057,1.0,0.0,0.9952832677960396,104.05249184837108,1.0,0.0,0.9953513083606959,102.55149709329271,1.0,0.0,0.9953894595056773,101.70987167753343,1.0,0.0,0.9953940141946077,101.60939390768878,1.0,0.0,0.9996869802474976,6.9053072842018235,1.0,0.0,0.9998427537083626,3.4688991808877527,1.0,0.0,0.9998300376534462,3.7494190712089295,1.0,0.0,0.9996634867787361,7.423580075848749,1.0,0.0,1.0,0.0,1.0,0.0,1.0,0.0,1.0,0.0,1.0,0.0,1.0,0.0,1.0,0.0,1.0,0.0
40384,40,福岡県,遠賀町,1,15.795888754700576,11030.146227191293,5.194857172349206,0.17749741775915018,0.7947919542342424,2263.4747517924693,1.0,0.0,0.8008902374655008,2196.2097960168608,1.0,0.0,0.8062692958861589,2136.877995072397,1.0,0.0,0.9952330610156059,52.580034053965285,1.0,0.0,0.9952832677960396,52.02624592418554,1.0,0.0,0.9953513083606959,51.275748546646355,1.0,0.0,0.9953894595056773,50.854935838766714,1.0,0.0,0.9953940141946077,50.80469695384439,1.0,0.0,0.9996869802474976,3.4526536421009117,1.0,0.0,0.9998427537083626,1.7344495904438764,1.0,0.0,0.9998300376534462,1.8747095356044647,1.0,0.0,0.9996634867787361,3.7117900379243745,1.0,0.0,1.0,0.0,1.0,0.0,1.0,0.0,1.0,0.0,1.0,0.0,1.0,0.0,1.0,0.0,1.0,0.0
40402,40,福岡県,鞍手町,3,15.795888754700576,11030.146227191293,4.911291586992937,0.17749741775915018,0.7947919542342424,2263.4747517924693,1.0,0.0,0.8008902374655008,2196.2097960168608,1.0,0.0,0.8062692958861589,2136.877995072397,1.0,0.0,0.9952330610156059,52.580034053965285,1.0,0.0,0.9952832677960396,52.02624592418554,1.0,0.0,0.9953513083606959,51.275748546646355,1.0,0.0,0.9953894595056773,50.854935838766714,1.0,0.0,0.9953940141946077,50.80469695384439,1.0,0.0,0.9996869802474976,3.4526536421009117,1.0,0.0,0.9998427537083626,1.7344495904438764,1.0,0.0,0.9998300376534462,1.8747095356044647,1.0,0.0,0.9996634867787361,3.7117900379243745,1.0,0.0,1.0,0.0,1.0,0.0,1.0,0.0,1.0,0.0,1.0,0.0,1.0,0.0,1.0,0.0,1.0,0.0
40447,40,福岡県,筑前町,6,31.59177750940115,22060.292454382587,4.574163704715484,0.16788395775482048,0.7957683138549329,4505.410724811859,0.9975,55.15073113595651,0.8018769688904285,4370.652008225887,0.9975,55.15073113595651,0.8072285830974578,4252.59383371579,0.9975,55.15073113595651,0.9969261571764947,67.80987164533354,0.9975,55.15073113595651,0.9969763639569282,66.70229538577405,0.9975,55.15073113595651,0.9970433315634727,65.22497040043335,0.9975,55.15073113595651,0.9970814827084542,64.38334498467407,0.9975,55.15073113595651,0.9970860373973846,64.28286721482942,0.9975,55.15073113595651,0.9996869802474976,6.9053072842018235,1.0,0.0,0.9998427537083626,3.468899180887753,1.0,0.0,0.9998300376534461,3.74941907120893,1.0,0.0,0.999663486778736,7.423580075848749,1.0,0.0,1.0,0.0,1.0,0.0,1.0,0.0,1.0,0.0,1.0,0.0,1.0,0.0,1.0,0.0,1.0,0.0
40503,40,福岡県,大刀洗町,1,15.795888754700576,11030.146227191293,4.835676062829703,0.18253377438290036,0.7934630039148033,2278.1332681445556,1.0,0.0,0.7995572095923126,2210.9132883830484,1.0,0.0,0.8048442721180618,2152.5962156117316,1.0,0.0,0.9944713769014925,60.98152121156564,1.0,0.0,0.9945215836819261,60.427733081785895,1.0,0.0,0.9945885512884707,59.68907058911432,1.0,0.0,0.994626702433452,59.26825788123591,1.0,0.0,0.9946312571223825,59.21801899631236,1.0,0.0,0.9996869802474976,3.4526536421009117,1.0,0.0,0.9998427537083626,1.7344495904438764,1.0,0.0,0.9998300376534462,1.8747095356044647,1.0,0.0,0.9996634867787361,3.7117900379243745,1.0,0.0,1.0,0.0,1.0,0.0,1.0,0.0,1.0,0.0,1.0,0.0,1.0,0.0,1.0,0.0,1.0,0.0
40522,40,福岡県,大木町,3,34.750955260341264,24266.321699820845,5.2363595738938375,0.1529812757670878,0.7980942395329476,4899.510136540464,1.0,0.0,0.8042173439264297,4750.92491552664,1.0,0.0,0.8096335098147392,4619.494491701325,1.0,0.0,0.9994261571764946,13.92505456031473,1.0,0.0,0.9994763639569283,12.706720674799284,1.0,0.0,0.9995433315634729,11.08166319092452,1.0,0.0,0.9995814827084543,10.155875233589311,1.0,0.0,0.9995860373973846,10.0453496867602,1.0,0.0,0.9996869802474976,7.595838012622006,1.0,0.0,0.9998427537083626,3.815789098976528,1.0,0.0,0.9998300376534462,4.124360978329823,1.0,0.0,0.9996634867787361,8.165938083433623,1.0,0.0,1.0,0.0,1.0,0.0,1.0,0.0,1.0,0.0,1.0,0.0,1.0,0.0,1.0,0.0,1.0,0.0
40544,40,福岡県,広川町,1,15.795888754700576,11030.146227191293,4.931173947825596,0.1529812757670878,0.7980942395329476,2227.0500620638477,1.0,0.0,0.8042173439264297,2159.5113252393817,1.0,0.0,0.8096335098147392,2099.7702235006022,1.0,0.0,0.9994261571764946,6.329570254688513,1.0,0.0,0.9994763639569283,5.775782124908765,1.0,0.0,0.9995433315634727,5.037119632238418,1.0,0.0,0.9995814827084541,4.616306924358778,1.0,0.0,0.9995860373973846,4.566068039436455,1.0,0.0,0.9996869802474976,3.4526536421009117,1.0,0.0,0.9998427537083626,1.7344495904438764,1.0,0.0,0.9998300376534462,1.8747095356044647,1.0,0.0,0.9996634867787361,3.7117900379243745,1.0,0.0,1.0,0.0,1.0,0.0,1.0,0.0,1.0,0.0,1.0,0.0,1.0,0.0,1.0,0.0,1.0,0.0
40601,40,福岡県,香春町,2,15.795888754700576,11030.146227191293,4.777020682589184,0.1529812757670878,0.7980942395329476,2227.0500620638477,1.0,0.0,0.8042173439264297,2159.5113252393817,1.0,0.0,0.8096335098147392,2099.7702235006022,1.0,0.0,0.9994261571764946,6.329570254688513,1.0,0.0,0.9994763639569283,5.775782124908765,1.0,0.0,0.9995433315634727,5.037119632238418,1.0,0.0,0.9995814827084541,4.616306924358778,1.0,0.0,0.9995860373973846,4.566068039436455,1.0,0.0,0.9996869802474976,3.4526536421009117,1.0,0.0,0.9998427537083626,1.7344495904438764,1.0,0.0,0.9998300376534462,1.8747095356044647,1.0,0.0,0.9996634867787361,3.7117900379243745,1.0,0.0,1.0,0.0,1.0,0.0,1.0,0.0,1.0,0.0,1.0,0.0,1.0,0.0,1.0,0.0,1.0,0.0
40602,40,福岡県,添田町,1,15.795888754700576,11030.146227191293,4.801218342212698,0.1529812757670878,0.7980942395329476,2227.0500620638477,1.0,0.0,0.8042173439264297,2159.5113252393817,1.0,0.0,0.8096335098147392,2099.7702235006022,1.0,0.0,0.9994261571764946,6.329570254688513,1.0,0.0,0.9994763639569283,5.775782124908765,1.0,0.0,0.9995433315634727,5.037119632238418,1.0,0.0,0.9995814827084541,4.616306924358778,1.0,0.0,0.9995860373973846,4.566068039436455,1.0,0.0,0.9996869802474976,3.4526536421009117,1.0,0.0,0.9998427537083626,1.7344495904438764,1.0,0.0,0.9998300376534462,1.8747095356044647,1.0,0.0,0.9996634867787361,3.7117900379243745,1.0,0.0,1.0,0.0,1.0,0.0,1.0,0.0,1.0,0.0,1.0,0.0,1.0,0.0,1.0,0.0,1.0,0.0
40604,40,福岡県,糸田町,1,15.795888754700576,11030.146227191293,4.713868436613425,0.1529812757670878,0.7980942395329476,2227.0500620638477,1.0,0.0,0.8042173439264297,2159.5113252393817,1.0,0.0,0.8096335098147392,2099.7702235006022,1.0,0.0,0.9994261571764946,6.329570254688513,1.0,0.0,0.9994763639569283,5.775782124908765,1.0,0.0,0.9995433315634727,5.037119632238418,1.0,0.0,0.9995814827084541,4.616306924358778,1.0,0.0,0.9995860373973846,4.566068039436455,1.0,0.0,0.9996869802474976,3.4526536421009117,1.0,0.0,0.9998427537083626,1.7344495904438764,1.0,0.0,0.9998300376534462,1.8747095356044647,1.0,0.0,0.9996634867787361,3.7117900379243745,1.0,0.0,1.0,0.0,1.0,0.0,1.0,0.0,1.0,0.0,1.0,0.0,1.0,0.0,1.0,0.0,1.0,0.0
40605,40,福岡県,川崎町,2,31.59177750940115,22060.292454382587,4.830122435228338,0.1529812757670878,0.7980942395329476,4454.100124127695,1.0,0.0,0.8042173439264297,4319.022650478763,1.0,0.0,0.8096335098147392,4199.5404470012045,1.0,0.0,0.9994261571764946,12.659140509377027,1.0,0.0,0.9994763639569283,11.55156424981753,1.0,0.0,0.9995433315634727,10.074239264476835,1.0,0.0,0.9995814827084541,9.232613848717556,1.0,0.0,0.9995860373973846,9.13213607887291,1.0,0.0,0.9996869802474976,6.9053072842018235,1.0,0.0,0.9998427537083626,3.4688991808877527,1.0,0.0,0.9998300376534462,3.7494190712089295,1.0,0.0,0.9996634867787361,7.423580075848749,1.0,0.0,1.0,0.0,1.0,0.0,1.0,0.0,1.0,0.0,1.0,0.0,1.0,0.0,1.0,0.0,1.0,0.0
40608,40,福岡県,大任町,1,15.795888754700576,11030.146227191293,5.030427601141397,0.1529812757670878,0.7980942395329476,2227.0500620638477,1.0,0.0,0.8042173439264297,2159.5113252393817,1.0,0.0,0.8096335098147392,2099.7702235006022,1.0,0.0,0.9994261571764946,6.329570254688513,1.0,0.0,0.9994763639569283,5.775782124908765,1.0,0.0,0.9995433315634727,5.037119632238418,1.0,0.0,0.9995814827084541,4.616306924358778,1.0,0.0,0.9995860373973846,4.566068039436455,1.0,0.0,0.9996869802474976,3.4526536421009117,1.0,0.0,0.9998427537083626,1.7344495904438764,1.0,0.0,0.9998300376534462,1.8747095356044647,1.0,0.0,0.9996634867787361,3.7117900379243745,1.0,0.0,1.0,0.0,1.0,0.0,1.0,0.0,1.0,0.0,1.0,0.0,1.0,0.0,1.0,0.0,1.0,0.0
40610,40,福岡県,福智町,1,0.0,0.0,4.7649542334492985,0.0,1.0,0.0,1.0,0.0,1.0,0.0,1.0,0.0,1.0,0.0,1.0,0.0,1.0,0.0,1.0,0.0,1.0,0.0,1.0,0.0,1.0,0.0,1.0,0.0,1.0,0.0,1.0,0.0,1.0,0.0,1.0,0.0,1.0,0.0,1.0,0.0,1.0,0.0,1.0,0.0,1.0,0.0,1.0,0.0,1.0,0.0,1.0,0.0,1.0,0.0,1.0,0.0,1.0,0.0,1.0,0.0,1.0,0.0,1.0,0.0,1.0,0.0,1.0,0.0
40621,40,福岡県,苅田町,19,151.64053204512552,105889.40378103641,5.100755187689316,0.1547215594917845,0.7976850546089312,21423.008943453224,0.9994791666666667,55.15073113595651,0.803806609219561,20774.801175520573,0.9994791666666667,55.15073113595651,0.809222415772577,20201.324648628262,0.9994791666666667,55.15073113595651,0.9989053238431613,115.91460558096627,0.9994791666666667,55.15073113595651,0.9989555306235949,110.59823953508064,0.9994791666666667,55.15073113595651,0.9990224982301392,103.50707960544531,0.9994791666666667,55.15073113595651,0.999581482708454,44.31654647384427,1.0,0.0,0.9995860373973844,43.834253178589954,1.0,0.0,0.9996869802474977,33.145474964168756,1.0,0.0,0.9998427537083626,16.650716068261215,1.0,0.0,0.9998300376534464,17.99721154180286,1.0,0.0,0.9996634867787361,35.63318436407399,1.0,0.0,1.0,0.0,1.0,0.0,1.0,0.0,1.0,0.0,1.0,0.0,1.0,0.0,1.0,0.0,1.0,0.0
40642,40,福岡県,吉富町,1,0.0,0.0,5.250199386289479,0.0,1.0,0.0,1.0,0.0,1.0,0.0,1.0,0.0,1.0,0.0,1.0,0.0,1.0,0.0,1.0,0.0,1.0,0.0,1.0,0.0,1.0,0.0,1.0,0.0,1.0,0.0,1.0,0.0,1.0,0.0,1.0,0.0,1.0,0.0,1.0,0.0,1.0,0.0,1.0,0.0,1.0,0.0,1.0,0.0,1.0,0.0,1.0,0.0,1.0,0.0,1.0,0.0,1.0,0.0,1.0,0.0,1.0,0.0,1.0,0.0,1.0,0.0,1.0,0.0
40646,40,福岡県,上毛町,1,0.0,0.0,5.229133019635963,0.0,1.0,0.0,1.0,0.0,1.0,0.0,1.0,0.0,1.0,0.0,1.0,0.0,1.0,0.0,1.0,0.0,1.0,0.0,1.0,0.0,1.0,0.0,1.0,0.0,1.0,0.0,1.0,0.0,1.0,0.0,1.0,0.0,1.0,0.0,1.0,0.0,1.0,0.0,1.0,0.0,1.0,0.0,1.0,0.0,1.0,0.0,1.0,0.0,1.0,0.0,1.0,0.0,1.0,0.0,1.0,0.0,1.0,0.0,1.0,0.0,1.0,0.0,1.0,0.0
40647,40,福岡県,築上町,4,7.897944377350288,5515.073113595647,4.656564237073193,0.1529812757670878,0.7980942395329476,1113.5250310319238,1.0,0.0,0.8042173439264297,1079.7556626196908,1.0,0.0,0.8096335098147392,1049.8851117503013,1.0,0.0,0.9994261571764946,3.1647851273442567,1.0,0.0,0.9994763639569283,2.8878910624543828,1.0,0.0,0.9995433315634729,2.5185598161192093,1.0,0.0,0.9995814827084541,2.308153462179389,1.0,0.0,0.9995860373973846,2.2830340197182277,1.0,0.0,0.9996869802474977,1.7263268210504559,1.0,0.0,0.9998427537083626,0.8672247952219382,1.0,0.0,0.9998300376534461,0.9373547678022325,1.0,0.0,0.999663486778736,1.8558950189621872,1.0,0.0,1.0,0.0,1.0,0.0,1.0,0.0,1.0,0.0,1.0,0.0,1.0,0.0,1.0,0.0,1.0,0.0
42201,42,長崎県,長崎市,43,590.4318102134258,412293.93957977346,4.333490955892763,1.3186584609401795,0.7827048844362003,89589.45924724097,0.9806985294117646,7957.879348506658,0.7887230799873084,87108.19369431326,0.9806985294117646,7957.879348506658,0.7940266328042043,84921.57100966581,0.9806985294117646,7957.879348506658,0.9801272053446836,8193.43279890009,0.9806985294117646,7957.879348506658,0.980177253953674,8172.798060729002,0.9806985294117646,7957.879348506658,0.9802440194632197,8145.271045770327,0.9806985294117646,7957.879348506658,0.980282079404329,8129.579162710116,0.9806985294117646,7957.879348506658,0.9802862945330492,8127.841290684412,0.9806985294117646,7957.879348506658,0.9803876795641638,8086.040856791733,0.9806985294117646,7957.879348506658,0.9807263110687625,7946.425139694865,0.9808823529411763,7882.090021378022,0.9807139456294035,7951.523335402768,0.9808823529411763,7882.090021378022,0.9814691377014795,7640.162220867196,0.9818014705882352,7503.143385734848,0.9840073529411765,6593.671460191231,0.9840073529411765,6593.671460191231,0.9873161764705881,5229.463571875803,0.9873161764705881,5229.463571875803,0.9898897058823529,4168.4129920749165,0.9898897058823529,4168.4129920749165,0.9948529411764706,2122.1011596017756,0.9948529411764706,2122.1011596017756
42202,42,長崎県,佐世保市,30,164.97359403022188,115199.77723552495,4.304573883435331,0.1529812757670878,0.7980942395329476,23259.4986283737,1.0,0.0,0.8042173439264299,22554.118366254686,1.0,0.0,0.8096335098147391,21930.17726245078,1.0,0.0,0.9994261571764946,66.10656543602283,1.0,0.0,0.9994763639569283,60.322755514352366,1.0,0.0,0.9995433315634727,52.60810215843493,1.0,0.0,0.9995814827084543,48.21309875529718,1.0,0.0,0.9995860373973845,47.6883996051313,1.0,0.0,0.9996869802474975,36.05980575859785,1.0,0.0,0.9998427537083626,18.114737767738646,1.0,0.0,0.9998300376534461,19.579624461419513,1.0,0.0,0.9996634867787361,38.766248126414155,1.0,0.0,1.0,0.0,1.0,0.0,1.0,0.0,1.0,0.0,1.0,0.0,1.0,0.0,1.0,0.0,1.0,0.0
42203,42,長崎県,島原市,3,43.41410369216365,30315.730851453933,4.942305540709044,0.1529812757670878,0.7980942395329476,6120.920691677289,1.0,0.0,0.8042173439264297,5935.294306909129,1.0,0.0,0.8096335098147392,5771.099279592311,1.0,0.0,0.9994261571764946,17.39646458842706,1.0,0.0,0.9994763639569283,15.874409345882205,1.0,0.0,0.9995433315634726,13.844237410114452,1.0,0.0,0.9995814827084541,12.68765756718347,1.0,0.0,0.9995860373973846,12.549578843455603,1.0,0.0,0.9996869802474976,9.489422568052063,1.0,0.0,0.9998427537083627,4.7670362546680645,1.0,0.0,0.9998300376534461,5.152532753005135,1.0,0.0,0.9996634867787361,10.201644243793199,1.0,0.0,1.0,0.0,1.0,0.0,1.0,0.0,1.0,0.0,1.0,0.0,1.0,0.0,1.0,0.0,1.0,0.0
42204,42,長崎県,諫早市,15,47.75551406138002,33347.30393659933,4.603717143369154,0.15298127576708778,0.7980942395329474,6733.01276084502,1.0,0.0,0.8042173439264299,6528.823737600042,1.0,0.0,0.8096335098147391,6348.209207551543,1.0,0.0,0.9994261571764945,19.136111047269768,1.0,0.0,0.9994763639569284,17.461850280470426,1.0,0.0,0.9995433315634726,15.228661151125896,1.0,0.0,0.9995814827084543,13.956423323901817,1.0,0.0,0.9995860373973846,13.804536727801164,1.0,0.0,0.9996869802474977,10.43836482485727,1.0,0.0,0.9998427537083627,5.243739880134871,1.0,0.0,0.9998300376534461,5.667786028305648,1.0,0.0,0.999663486778736,11.221808668172521,1.0,0.0,1.0,0.0,1.0,0.0,1.0,0.0,1.0,0.0,1.0,0.0,1.0,0.0,1.0,0.0,1.0,0.0
42205,42,長崎県,大村市,11,52.09692443059638,36378.877021744716,4.4916817863652145,0.1529812757670878,0.7980942395329476,7345.104830012748,1.0,0.0,0.8042173439264299,7122.353168290955,1.0,0.0,0.8096335098147391,6925.319135510774,1.0,0.0,0.9994261571764946,20.875757506112475,1.0,0.0,0.9994763639569283,19.049291215058645,1.0,0.0,0.9995433315634727,16.613084892137344,1.0,0.0,0.9995814827084541,15.225189080620165,1.0,0.0,0.9995860373973846,15.059494612146723,1.0,0.0,0.9996869802474975,11.387307081662478,1.0,0.0,0.9998427537083626,5.720443505601677,1.0,0.0,0.9998300376534461,6.1830393036061615,1.0,0.0,0.9996634867787361,12.241973092551838,1.0,0.0,1.0,0.0,1.0,0.0,1.0,0.0,1.0,0.0,1.0,0.0,1.0,0.0,1.0,0.0,1.0,0.0
42207,42,長崎県,平戸市,1,0.0,0.0,4.11789908150159,0.0,1.0,0.0,1.0,0.0,1.0,0.0,1.0,0.0,1.0,0.0,1.0,0.0,1.0,0.0,1.0,0.0,1.0,0.0,1.0,0.0,1.0,0.0,1.0,0.0,1.0,0.0,1.0,0.0,1.0,0.0,1.0,0.0,1.0,0.0,1.0,0.0,1.0,0.0,1.0,0.0,1.0,0.0,1.0,0.0,1.0,0.0,1.0,0.0,1.0,0.0,1.0,0.0,1.0,0.0,1.0,0.0,1.0,0.0,1.0,0.0,1.0,0.0,1.0,0.0
42208,42,長崎県,松浦市,9,43.41410369216365,30315.730851453933,4.2994308181102605,0.1529812757670878,0.7980942395329476,6120.920691677289,1.0,0.0,0.8042173439264297,5935.294306909129,1.0,0.0,0.8096335098147392,5771.099279592311,1.0,0.0,0.9994261571764946,17.39646458842706,1.0,0.0,0.9994763639569283,15.874409345882205,1.0,0.0,0.9995433315634726,13.844237410114452,1.0,0.0,0.9995814827084541,12.68765756718347,1.0,0.0,0.9995860373973846,12.549578843455603,1.0,0.0,0.9996869802474976,9.489422568052063,1.0,0.0,0.9998427537083627,4.7670362546680645,1.0,0.0,0.9998300376534461,5.152532753005135,1.0,0.0,0.9996634867787361,10.201644243793199,1.0,0.0,1.0,0.0,1.0,0.0,1.0,0.0,1.0,0.0,1.0,0.0,1.0,0.0,1.0,0.0,1.0,0.0
42210,42,長崎県,壱岐市,2,21.707051846081825,15157.865425726966,4.066288104703372,0.0,1.0,0.0,1.0,0.0,1.0,0.0,1.0,0.0,1.0,0.0,1.0,0.0,1.0,0.0,1.0,0.0,1.0,0.0,1.0,0.0,1.0,0.0,1.0,0.0,1.0,0.0,1.0,0.0,1.0,0.0,1.0,0.0,1.0,0.0,1.0,0.0,1.0,0.0,1.0,0.0,1.0,0.0,1.0,0.0,1.0,0.0,1.0,0.0,1.0,0.0,1.0,0.0,1.0,0.0,1.0,0.0,1.0,0.0,1.0,0.0,1.0,0.0,1.0,0.0
42212,42,長崎県,西海市,11,95.51102812276004,66694.60787319865,4.2106968715960225,0.1529812757670878,0.7980942395329474,13466.025521690037,1.0,0.0,0.8042173439264297,13057.647475200083,1.0,0.0,0.8096335098147391,12696.418415103086,1.0,0.0,0.9994261571764945,38.272222094539536,1.0,0.0,0.9994763639569282,34.92370056094085,1.0,0.0,0.9995433315634726,30.457322302251796,1.0,0.0,0.999581482708454,27.912846647803637,1.0,0.0,0.9995860373973846,27.609073455602328,1.0,0.0,0.9996869802474974,20.87672964971454,1.0,0.0,0.9998427537083625,10.487479760269741,1.0,0.0,0.9998300376534461,11.335572056611294,1.0,0.0,0.999663486778736,22.443617336345035,1.0,0.0,1.0,0.0,1.0,0.0,1.0,0.0,1.0,0.0,1.0,0.0,1.0,0.0,1.0,0.0,1.0,0.0
42213,42,長崎県,雲仙市,3,43.41410369216365,30315.730851453933,4.846012384029694,0.1529812757670878,0.7980942395329476,6120.920691677289,1.0,0.0,0.8042173439264297,5935.294306909129,1.0,0.0,0.8096335098147392,5771.099279592311,1.0,0.0,0.9994261571764946,17.39646458842706,1.0,0.0,0.9994763639569283,15.874409345882205,1.0,0.0,0.9995433315634726,13.844237410114452,1.0,0.0,0.9995814827084541,12.68765756718347,1.0,0.0,0.9995860373973846,12.549578843455603,1.0,0.0,0.9996869802474976,9.489422568052063,1.0,0.0,0.9998427537083627,4.7670362546680645,1.0,0.0,0.9998300376534461,5.152532753005135,1.0,0.0,0.9996634867787361,10.201644243793199,1.0,0.0,1.0,0.0,1.0,0.0,1.0,0.0,1.0,0.0,1.0,0.0,1.0,0.0,1.0,0.0,1.0,0.0
42214,42,長崎県,南島原市,1,21.707051846081825,15157.865425726966,4.599280301265681,0.1529812757670878,0.7980942395329476,3060.4603458386446,1.0,0.0,0.8042173439264297,2967.6471534545644,1.0,0.0,0.8096335098147392,2885.5496397961556,1.0,0.0,0.9994261571764946,8.69823229421353,1.0,0.0,0.9994763639569283,7.937204672941102,1.0,0.0,0.9995433315634726,6.922118705057226,1.0,0.0,0.9995814827084541,6.343828783591735,1.0,0.0,0.9995860373973846,6.274789421727801,1.0,0.0,0.9996869802474976,4.744711284026032,1.0,0.0,0.9998427537083627,2.3835181273340322,1.0,0.0,0.9998300376534461,2.5762663765025673,1.0,0.0,0.9996634867787361,5.1008221218965994,1.0,0.0,1.0,0.0,1.0,0.0,1.0,0.0,1.0,0.0,1.0,0.0,1.0,0.0,1.0,0.0,1.0,0.0
42307,42,長崎県,長与町,1,21.707051846081825,15157.865425726966,4.468080547214147,0.1529812757670878,0.7980942395329476,3060.4603458386446,1.0,0.0,0.8042173439264297,2967.6471534545644,1.0,0.0,0.8096335098147392,2885.5496397961556,1.0,0.0,0.9994261571764946,8.69823229421353,1.0,0.0,0.9994763639569283,7.937204672941102,1.0,0.0,0.9995433315634726,6.922118705057226,1.0,0.0,0.9995814827084541,6.343828783591735,1.0,0.0,0.9995860373973846,6.274789421727801,1.0,0.0,0.9996869802474976,4.744711284026032,1.0,0.0,0.9998427537083627,2.3835181273340322,1.0,0.0,0.9998300376534461,2.5762663765025673,1.0,0.0,0.9996634867787361,5.1008221218965994,1.0,0.0,1.0,0.0,1.0,0.0,1.0,0.0,1.0,0.0,1.0,0.0,1.0,0.0,1.0,0.0,1.0,0.0
42308,42,長崎県,時津町,9,156.29077329178915,109136.63106523415,4.3190636665307,0.1529812757670878,0.7980942395329474,22035.314490038243,1.0,0.0,0.8042173439264297,21367.059504872865,1.0,0.0,0.8096335098147391,20775.957406532318,1.0,0.0,0.9994261571764947,62.62727251833743,1.0,0.0,0.9994763639569284,57.147873645175935,1.0,0.0,0.9995433315634727,49.839254676412025,1.0,0.0,0.999581482708454,45.67556724186049,1.0,0.0,0.9995860373973846,45.17848383644017,1.0,0.0,0.9996869802474974,34.16192124498743,1.0,0.0,0.9998427537083625,17.16133051680503,1.0,0.0,0.999830037653446,18.549117910818484,1.0,0.0,0.999663486778736,36.725919277655514,1.0,0.0,1.0,0.0,1.0,0.0,1.0,0.0,1.0,0.0,1.0,0.0,1.0,0.0,1.0,0.0,1.0,0.0
42321,42,長崎県,東彼杵町,1,0.0,0.0,4.237964304395432,0.0,1.0,0.0,1.0,0.0,1.0,0.0,1.0,0.0,1.0,0.0,1.0,0.0,1.0,0.0,1.0,0.0,1.0,0.0,1.0,0.0,1.0,0.0,1.0,0.0,1.0,0.0,1.0,0.0,1.0,0.0,1.0,0.0,1.0,0.0,1.0,0.0,1.0,0.0,1.0,0.0,1.0,0.0,1.0,0.0,1.0,0.0,1.0,0.0,1.0,0.0,1.0,0.0,1.0,0.0,1.0,0.0,1.0,0.0,1.0,0.0,1.0,0.0,1.0,0.0
42322,42,長崎県,川棚町,2,0.0,0.0,4.48674023187367,0.0,1.0,0.0,0.9724999999999999,0.0,1.0,0.0,0.9724999999999999,0.0,1.0,0.0,0.9724999999999999,0.0,1.0,0.0,0.9724999999999999,0.0,1.0,0.0,0.9724999999999999,0.0,1.0,0.0,0.9724999999999999,0.0,1.0,0.0,0.9724999999999999,0.0,1.0,0.0,0.9724999999999999,0.0,1.0,0.0,0.9724999999999999,0.0,1.0,0.0,0.9724999999999999,0.0,1.0,0.0,0.9775,0.0,1.0,0.0,0.9775,0.0,1.0,0.0,0.9824999999999999,0.0,1.0,0.0,0.9875,0.0,1.0,0.0,0.9924999999999999,0.0,1.0,0.0,1.0,0.0
42323,42,長崎県,波佐見町,2,0.0,0.0,4.384227679714391,0.0,1.0,0.0,1.0,0.0,1.0,0.0,1.0,0.0,1.0,0.0,1.0,0.0,1.0,0.0,1.0,0.0,1.0,0.0,1.0,0.0,1.0,0.0,1.0,0.0,1.0,0.0,1.0,0.0,1.0,0.0,1.0,0.0,1.0,0.0,1.0,0.0,1.0,0.0,1.0,0.0,1.0,0.0,1.0,0.0,1.0,0.0,1.0,0.0,1.0,0.0,1.0,0.0,1.0,0.0,1.0,0.0,1.0,0.0,1.0,0.0,1.0,0.0,1.0,0.0
42411,42,長崎県,新上五島町,1,0.0,0.0,3.6965851826184717,0.0,1.0,0.0,1.0,0.0,1.0,0.0,1.0,0.0,1.0,0.0,1.0,0.0,1.0,0.0,1.0,0.0,1.0,0.0,1.0,0.0,1.0,0.0,1.0,0.0,1.0,0.0,1.0,0.0,1.0,0.0,1.0,0.0,1.0,0.0,1.0,0.0,1.0,0.0,1.0,0.0,1.0,0.0,1.0,0.0,1.0,0.0,1.0,0.0,1.0,0.0,1.0,0.0,1.0,0.0,1.0,0.0,1.0,0.0,1.0,0.0,1.0,0.0,1.0,0.0
43101,43,熊本県,熊本市中央区,11,207.2383803900387,144712.94873535907,5.304462517120585,0.1688297027010808,0.7962258222699166,29488.762135443514,0.9977272727272726,328.8930653076346,0.8023264900662682,28605.916509378618,0.9977272727272726,328.8930653076346,0.8077392614700575,27822.618398705803,0.9977272727272726,328.8930653076346,0.997153429903767,411.9355524077203,0.9977272727272726,328.8930653076346,0.9981127275932917,273.1127550416029,0.9986363636363637,197.33583918458072,0.9981796951998363,263.42167522880555,0.9986363636363637,197.33583918458072,0.9982178463448177,257.90071054091663,0.9986363636363637,197.33583918458072,0.998222401033748,257.2415880752177,0.9986363636363637,197.33583918458072,0.998323343883861,242.6338505816181,0.9986363636363637,197.33583918458072,0.9989336627992715,154.31280066359943,0.9990909090909091,131.55722612305382,0.9998300376534464,24.595752343774677,1.0,0.0,0.9996634867787361,48.69782053753827,1.0,0.0,1.0,0.0,1.0,0.0,1.0,0.0,1.0,0.0,1.0,0.0,1.0,0.0,1.0,0.0,1.0,0.0
43102,43,熊本県,熊本市東区,7,94.19926381365394,65778.61306152685,5.249356204027848,0.15437710062414395,0.7972492132782938,13336.66554768728,0.999,65.77861306152691,0.8033534726500511,12935.135832445247,0.999,65.77861306152691,0.8087688997983933,12578.916545491558,0.999,65.77861306152691,0.9984261571764947,103.52519810702043,0.999,65.77861306152691,0.9994763639569284,34.444052662282814,1.0,0.0,0.9995433315634729,30.03901638373856,1.0,0.0,0.9995814827084543,27.5294869801527,1.0,0.0,0.9995860373973846,27.229885859380474,1.0,0.0,0.9996869802474976,20.590005180471532,1.0,0.0,0.9998427537083626,10.34344297297527,1.0,0.0,0.9998300376534464,11.179887428988494,1.0,0.0,0.9996634867787362,22.135372971608305,1.0,0.0,1.0,0.0,1.0,0.0,1.0,0.0,1.0,0.0,1.0,0.0,1.0,0.0,1.0,0.0,1.0,0.0
43103,43,熊本県,熊本市西区,4,56.51955828819237,39467.16783691611,5.352961283720955,0.1916758642469842,0.7953971902529398,8075.093432191838,0.9966666666666666,131.55722612305382,0.8015163344144821,7833.588142549965,0.9966666666666666,131.55722612305382,0.8069254077474275,7620.107337476416,0.9966666666666666,131.55722612305382,0.9960928238431611,154.20517715034993,0.9966666666666666,131.55722612305382,0.996143030623595,152.22365772042352,0.9966666666666666,131.55722612305382,0.9962099982301393,149.58063595329696,0.9966666666666666,131.55722612305382,0.9962481493751209,148.07491831114544,0.9966666666666666,131.55722612305382,0.9962527040640512,147.8951576386821,0.9966666666666666,131.55722612305382,0.9980203135808309,78.13261616980984,0.9983333333333332,65.77861306152691,0.998176087041696,71.98467884531208,0.9983333333333332,65.77861306152691,0.9981633709867795,72.48654551892001,0.9983333333333332,65.77861306152691,0.9996634867787361,13.281223782964984,1.0,0.0,1.0,0.0,1.0,0.0,1.0,0.0,1.0,0.0,1.0,0.0,1.0,0.0,1.0,0.0,1.0,0.0
43104,43,熊本県,熊本市南区,10,86.66332270856162,60516.3240166047,5.557009226838499,0.17295880622837845,0.7961763693327489,12334.656875700133,0.9976086956521741,144.7129487353592,0.8022923944566561,11964.537517608072,0.9976086956521741,144.7129487353592,0.807702974819619,11637.109083245146,0.9976086956521741,144.7129487353592,0.9970348528286685,179.43980697721324,0.9976086956521741,144.7129487353592,0.9970850596091024,176.40147718465937,0.9976086956521741,144.7129487353592,0.9971520272156467,172.34884380839867,0.9976086956521741,144.7129487353592,0.9971901783606283,170.04007675709968,0.9976086956521741,144.7129487353592,0.9971947330495585,169.76444372598925,0.9976086956521741,144.7129487353592,0.9972956758996715,163.655753501393,0.9976086956521741,144.7129487353592,0.9998427537083627,9.515967535137248,1.0,0.0,0.9998300376534464,10.285496434669412,1.0,0.0,0.9996634867787362,20.364543133879643,1.0,0.0,1.0,0.0,1.0,0.0,1.0,0.0,1.0,0.0,1.0,0.0,1.0,0.0,1.0,0.0,1.0,0.0
43105,43,熊本県,熊本市北区,11,120.57505768147705,84196.62471875436,5.061493534123769,0.16944331908482116,0.7962118875980378,17158.27122205135,0.99765625,197.33583918458072,0.802323039630428,16643.732847780935,0.99765625,197.33583918458072,0.8077292144764215,16188.551173108848,0.99765625,197.33583918458072,0.9970824071764945,245.6514680428124,0.99765625,197.33583918458072,0.9971326139569283,241.42422659230274,0.99765625,197.33583918458072,0.9971995815634728,235.7857801557661,0.99765625,197.33583918458072,0.9980189827084542,166.79496945764924,0.9984375,131.55722612305382,0.9980235373973846,166.41148002306082,0.9984375,131.55722612305382,0.9989057302474976,92.13381969253047,0.99921875,65.77861306152691,0.9990615037083627,79.01822006693526,0.99921875,65.77861306152691,0.9998300376534462,14.310255909105265,1.0,0.0,0.9996634867787363,28.333277403658627,1.0,0.0,1.0,0.0,1.0,0.0,1.0,0.0,1.0,0.0,1.0,0.0,1.0,0.0,1.0,0.0,1.0,0.0
43202,43,熊本県,八代市,21,75.35941105092316,52622.89044922148,4.881027437224644,0.1529812757670878,0.7980942395329476,10624.864714124453,1.0,0.0,0.8042173439264299,10302.649262417095,1.0,0.0,0.8096335098147392,10017.634958221772,1.0,0.0,0.9994261571764946,30.197268036394817,1.0,0.0,0.9994763639569285,27.55524212982625,1.0,0.0,0.9995433315634727,24.031213106990847,1.0,0.0,0.9995814827084541,22.02358958412216,1.0,0.0,0.9995860373973845,21.78390868750438,1.0,0.0,0.9996869802474977,16.472004144377227,1.0,0.0,0.9998427537083626,8.274754378380216,1.0,0.0,0.9998300376534464,8.943909943190793,1.0,0.0,0.9996634867787361,17.708298377286646,1.0,0.0,1.0,0.0,1.0,0.0,1.0,0.0,1.0,0.0,1.0,0.0,1.0,0.0,1.0,0.0,1.0,0.0
43203,43,熊本県,人吉市,6,41.44767607800774,28942.589747071816,5.265158114499204,0.1529812757670878,0.7980942395329476,5843.67559276845,1.0,0.0,0.8042173439264299,5666.457094329402,1.0,0.0,0.8096335098147394,5509.699227021974,1.0,0.0,0.9994261571764947,16.60849742001715,1.0,0.0,0.9994763639569283,15.155383171404438,1.0,0.0,0.9995433315634727,13.217167208844966,1.0,0.0,0.9995814827084541,12.112974271267188,1.0,0.0,0.9995860373973846,11.981149778127408,1.0,0.0,0.9996869802474977,9.059602279407475,1.0,0.0,0.9998427537083626,4.551114908109119,1.0,0.0,0.9998300376534464,4.919150468754937,1.0,0.0,0.9996634867787362,9.739564107507656,1.0,0.0,1.0,0.0,1.0,0.0,1.0,0.0,1.0,0.0,1.0,0.0,1.0,0.0,1.0,0.0,1.0,0.0
43204,43,熊本県,荒尾市,6,90.4312932611078,63147.468539065776,4.92422121272788,0.1529812757670878,0.7980942395329476,12749.837656949343,1.0,0.0,0.8042173439264296,12363.179114900513,1.0,0.0,0.8096335098147391,12021.161949866126,1.0,0.0,0.9994261571764944,36.23672164367378,1.0,0.0,0.9994763639569283,33.0662905557915,1.0,0.0,0.9995433315634727,28.837455728389013,1.0,0.0,0.999581482708454,26.42830750094659,1.0,0.0,0.9995860373973846,26.140690425005253,1.0,0.0,0.9996869802474977,19.766404973252673,1.0,0.0,0.9998427537083625,9.929705254056259,1.0,0.0,0.9998300376534462,10.732691931828953,1.0,0.0,0.9996634867787358,21.249958052743978,1.0,0.0,1.0,0.0,1.0,0.0,1.0,0.0,1.0,0.0,1.0,0.0,1.0,0.0,1.0,0.0,1.0,0.0
43205,43,熊本県,水俣市,8,71.59144049837701,49991.745926760406,4.8422646375328755,0.15298127576708778,0.7980942395329474,10093.62147841823,1.0,0.0,0.8042173439264296,9787.51679929624,1.0,0.0,0.8096335098147391,9516.753210310682,1.0,0.0,0.9994261571764944,28.687404634575078,1.0,0.0,0.9994763639569282,26.177480023334937,1.0,0.0,0.9995433315634726,22.8296524516413,1.0,0.0,0.9995814827084539,20.922410104916054,1.0,0.0,0.9995860373973845,20.69471325312916,1.0,0.0,0.9996869802474976,15.648403937158365,1.0,0.0,0.9998427537083625,7.861016659461205,1.0,0.0,0.9998300376534461,8.496714446031254,1.0,0.0,0.9996634867787361,16.822883458422314,1.0,0.0,1.0,0.0,1.0,0.0,1.0,0.0,1.0,0.0,1.0,0.0,1.0,0.0,1.0,0.0,1.0,0.0
43206,43,熊本県,玉名市,6,75.35941105092316,52622.89044922148,5.186672374485442,0.154664797997102,0.7971093903481961,10676.690324882637,0.99875,65.77861306152691,0.8032308451086283,10354.561681634546,0.99875,65.77861306152691,0.8086300661414862,10070.439064711332,0.99875,65.77861306152691,0.9981761571764947,95.97588109792173,0.99875,65.77861306152691,0.9994763639569283,27.55524212982625,1.0,0.0,0.9995433315634727,24.031213106990844,1.0,0.0,0.9995814827084541,22.02358958412216,1.0,0.0,0.9995860373973845,21.783908687504375,1.0,0.0,0.9996869802474977,16.472004144377227,1.0,0.0,0.9998427537083626,8.274754378380216,1.0,0.0,0.9998300376534464,8.943909943190793,1.0,0.0,0.9996634867787361,17.708298377286646,1.0,0.0,1.0,0.0,1.0,0.0,1.0,0.0,1.0,0.0,1.0,0.0,1.0,0.0,1.0,0.0,1.0,0.0
43208,43,熊本県,山鹿市,4,45.2156466305539,31573.73426953289,5.141529536999091,0.1529812757670878,0.7980942395329476,6374.918828474673,1.0,0.0,0.8042173439264297,6181.589557450257,1.0,0.0,0.8096335098147392,6010.580974933064,1.0,0.0,0.9994261571764946,18.11836082183689,1.0,0.0,0.9994763639569283,16.533145277895752,1.0,0.0,0.9995433315634727,14.418727864194508,1.0,0.0,0.999581482708454,13.214153750473297,1.0,0.0,0.9995860373973846,13.070345212502628,1.0,0.0,0.9996869802474977,9.883202486626336,1.0,0.0,0.9998427537083626,4.96485262702813,1.0,0.0,0.9998300376534464,5.366345965914477,1.0,0.0,0.9996634867787361,10.624979026371989,1.0,0.0,1.0,0.0,1.0,0.0,1.0,0.0,1.0,0.0,1.0,0.0,1.0,0.0,1.0,0.0,1.0,0.0
43210,43,熊本県,菊池市,8,64.05549939328469,44729.456881838254,5.122828799221957,0.15298127576708778,0.7980942395329476,9031.135007005785,1.0,0.0,0.8042173439264296,8757.25187305453,1.0,0.0,0.8096335098147391,8514.989714488507,1.0,0.0,0.9994261571764945,25.667677830935595,1.0,0.0,0.9994763639569282,23.421955810352316,1.0,0.0,0.9995433315634726,20.426531140942217,1.0,0.0,0.999581482708454,18.720051146503835,1.0,0.0,0.9995860373973844,18.516322384378718,1.0,0.0,0.9996869802474975,14.001203522720644,1.0,0.0,0.9998427537083626,7.033541221623183,1.0,0.0,0.9998300376534461,7.602323451712174,1.0,0.0,0.999663486778736,15.052053620693648,1.0,0.0,1.0,0.0,1.0,0.0,1.0,0.0,1.0,0.0,1.0,0.0,1.0,0.0,1.0,0.0,1.0,0.0
43211,43,熊本県,宇土市,3,52.75158773564621,36836.02331445504,5.466904429438146,1.9734067814798502,0.7470129399940613,9319.037240634196,0.9967857142857143,118.40150351074844,0.7577384737966558,8923.95122742185,0.9953571428571428,171.02439395996998,0.7662354178029221,8610.957599905403,0.9953571428571428,171.02439395996998,0.9809821437866569,700.5421948656619,0.9967857142857143,118.40150351074844,0.9860241441705772,514.8149511720837,0.9967857142857143,118.40150351074844,0.9895463377807132,385.0713452310896,0.9967857142857143,118.40150351074844,0.9895844889256947,383.66600876508153,0.9967857142857143,118.40150351074844,0.989589043614625,383.4982321374476,0.9967857142857143,118.40150351074844,0.9946877562558801,195.68193441046338,1.0,0.0,0.9948435297167453,189.9438595742655,1.0,0.0,0.9948308136618288,190.4122684696329,1.0,0.0,0.9996634867787362,12.395808864100651,1.0,0.0,0.9410577901846929,2171.1966149621535,1.0,0.0,0.9689010484011046,1145.5617061520209,1.0,0.0,0.9827198996607746,636.5301789718268,1.0,0.0,0.9930808328092099,254.87460395655918,1.0,0.0
43212,43,熊本県,上天草市,5,75.35941105092316,52622.89044922148,4.701965951406324,0.1459827175490136,0.8456894614162958,8120.266567050636,0.9987499999999999,65.77861306152691,0.849245737752608,7933.125026997717,0.9974999999999999,131.55722612305382,0.8532924289616859,7720.176438820585,0.9974999999999999,131.55722612305382,0.9958221096753913,219.85266486073965,0.9987499999999999,65.77861306152691,0.9971074669697919,152.2134487693964,0.9987499999999999,65.77861306152691,0.9971576926747002,149.57042700226984,0.9987499999999999,65.77861306152691,0.9971863060334363,148.06470936011831,0.9987499999999999,65.77861306152691,0.997189722050134,147.8849486876549,0.9987499999999999,65.77861306152691,0.9985154291877189,78.1224072187827,1.0,0.0,0.9986322592833677,71.97446989428494,1.0,0.0,0.9986227222421804,72.47633656789287,1.0,0.0,0.9997476150840521,13.281223782964984,1.0,0.0,1.0,0.0,1.0,0.0,1.0,0.0,1.0,0.0,1.0,0.0,1.0,0.0,1.0,0.0,1.0,0.0
43213,43,熊本県,宇城市,12,71.591440498377,49991.745926760406,5.194666230127918,1.511933232772778,0.7594168185128748,12027.173283156053,0.9976315789473684,118.40150351074844,0.7678437355434979,11605.896988015253,0.9952631578947368,236.80300702149688,0.7755155549639312,11222.369340752964,0.9952631578947368,236.80300702149688,0.9845210216753723,773.8211516106292,0.9976315789473684,118.40150351074844,0.9895627629100329,521.7757047789918,0.9976315789473684,118.40150351074844,0.9921756865192238,391.1510915822888,0.9976315789473684,118.40150351074844,0.9922138376642053,389.24384923556363,0.9976315789473684,118.40150351074844,0.9922183923531357,389.01615238377667,0.9976315789473684,118.40150351074844,0.9946877562558804,265.56833955705747,1.0,0.0,0.9948435297167453,257.78095227936035,1.0,0.0,0.9948308136618289,258.41665006593036,1.0,0.0,0.9996634867787363,16.82288345842231,1.0,0.0,0.9565688980308266,2171.1966149621535,1.0,0.0,0.9770849830323929,1145.5617061520209,1.0,0.0,0.9872672944868865,636.5301789718268,1.0,0.0,0.9949016662804706,254.87460395655918,1.0,0.0
43214,43,熊本県,阿蘇市,3,37.67970552546158,26311.44522461074,5.529243245297437,0.2259932515211403,0.7941140073537827,5417.158018025557,0.995,131.55722612305382,0.8002023823559284,5256.964072649709,0.995,131.55722612305382,0.805604959577322,5114.814458017281,0.995,131.55722612305382,0.9944261571764946,146.65586014125122,0.995,131.55722612305382,0.9944763639569283,145.33484718796694,0.995,131.55722612305382,0.9945433315634727,143.57283267654924,0.995,131.55722612305382,0.9945814827084541,142.5690209151149,0.995,131.55722612305382,0.9945860373973846,142.44918046680598,0.995,131.55722612305382,0.9946869802474975,139.79322819524242,0.995,131.55722612305382,0.9948427537083625,135.6946033122439,0.995,131.55722612305382,0.9973300376534463,70.2505680331223,0.9974999999999999,65.77861306152691,0.9996634867787361,8.854149188643323,1.0,0.0,1.0,0.0,1.0,0.0,1.0,0.0,1.0,0.0,1.0,0.0,1.0,0.0,1.0,0.0,1.0,0.0
43215,43,熊本県,天草市,5,75.35941105092316,52622.89044922148,4.680364920397418,0.1529812757670878,0.7980942395329476,10624.864714124453,1.0,0.0,0.8042173439264297,10302.649262417093,1.0,0.0,0.8096335098147392,10017.634958221772,1.0,0.0,0.9994261571764946,30.197268036394817,1.0,0.0,0.9994763639569283,27.55524212982625,1.0,0.0,0.9995433315634727,24.031213106990844,1.0,0.0,0.9995814827084541,22.02358958412216,1.0,0.0,0.9995860373973845,21.783908687504375,1.0,0.0,0.9996869802474977,16.472004144377227,1.0,0.0,0.9998427537083626,8.274754378380216,1.0,0.0,0.9998300376534464,8.943909943190793,1.0,0.0,0.9996634867787361,17.708298377286646,1.0,0.0,1.0,0.0,1.0,0.0,1.0,0.0,1.0,0.0,1.0,0.0,1.0,0.0,1.0,0.0,1.0,0.0
43216,43,熊本県,合志市,6,33.911734972915426,23680.300702149667,5.226573209251747,0.20122129999101154,0.7958204585976071,4835.032937635681,0.9972222222222221,65.77861306152691,0.8019350992970996,4690.236407186096,0.9972222222222221,65.77861306152691,0.8073469426896837,4562.082328296763,0.9972222222222221,65.77861306152691,0.9966483793987168,79.36738367790457,0.9972222222222221,65.77861306152691,0.9966985861791504,78.17847201994873,0.9972222222222221,65.77861306152691,0.9967655537856949,76.59265895967279,0.9972222222222221,65.77861306152691,0.9968037049306763,75.68922837438188,0.9972222222222221,65.77861306152691,0.9968082596196066,75.58137197090389,0.9972222222222221,65.77861306152691,0.9969092024697196,73.19101492649665,0.9972222222222221,65.77861306152691,0.9970649759305849,69.502252531798,0.9972222222222221,65.77861306152691,0.9970522598756685,69.80337253596277,0.9972222222222221,65.77861306152691,0.9996634867787361,7.968734269778991,1.0,0.0,1.0,0.0,1.0,0.0,1.0,0.0,1.0,0.0,1.0,0.0,1.0,0.0,1.0,0.0,1.0,0.0
43348,43,熊本県,美里町,5,47.09963190682697,32889.306530763424,5.0412155425634335,0.10850281253003043,0.8772239445829766,4038.019321248486,1.0,0.0,0.8808917133593932,3917.388949676953,1.0,0.0,0.8841383006954565,3810.610943602269,1.0,0.0,0.9976576785664075,77.03732762300308,1.0,0.0,0.9976878026346677,76.04656790803988,1.0,0.0,0.9977279831985943,74.7250570244766,1.0,0.0,0.9977508738855833,73.97219820340084,1.0,0.0,0.9977536066989415,73.88231786716918,1.0,0.0,0.9978141724090093,71.89035366349648,1.0,0.0,0.9999056522250176,3.103032891892581,1.0,0.0,0.999898022592068,3.3539662286965477,1.0,0.0,0.9997980920672417,6.640611891482492,1.0,0.0,1.0,0.0,1.0,0.0,1.0,0.0,1.0,0.0,1.0,0.0,1.0,0.0,1.0,0.0,1.0,0.0
43364,43,熊本県,玉東町,2,7.535941105092316,5262.289044922149,5.061698168459858,0.1529812757670878,0.7980942395329476,1062.4864714124456,1.0,0.0,0.8042173439264297,1030.2649262417096,1.0,0.0,0.8096335098147392,1001.7634958221773,1.0,0.0,0.9994261571764946,3.019726803639482,1.0,0.0,0.9994763639569283,2.755524212982625,1.0,0.0,0.9995433315634727,2.4031213106990847,1.0,0.0,0.9995814827084541,2.202358958412216,1.0,0.0,0.9995860373973846,2.178390868750438,1.0,0.0,0.9996869802474976,1.6472004144377228,1.0,0.0,0.9998427537083626,0.8274754378380217,1.0,0.0,0.9998300376534462,0.8943909943190795,1.0,0.0,0.9996634867787361,1.7708298377286646,1.0,0.0,1.0,0.0,1.0,0.0,1.0,0.0,1.0,0.0,1.0,0.0,1.0,0.0,1.0,0.0,1.0,0.0
43367,43,熊本県,南関町,2,30.143764420369266,21049.156179688594,4.887660874346531,0.1529812757670878,0.7980942395329476,4249.945885649782,1.0,0.0,0.8042173439264297,4121.059704966839,1.0,0.0,0.8096335098147392,4007.0539832887093,1.0,0.0,0.9994261571764946,12.078907214557928,1.0,0.0,0.9994763639569283,11.0220968519305,1.0,0.0,0.9995433315634727,9.612485242796339,1.0,0.0,0.9995814827084541,8.809435833648864,1.0,0.0,0.9995860373973846,8.713563475001752,1.0,0.0,0.9996869802474976,6.588801657750891,1.0,0.0,0.9998427537083626,3.3099017513520868,1.0,0.0,0.9998300376534462,3.577563977276318,1.0,0.0,0.9996634867787361,7.083319350914659,1.0,0.0,1.0,0.0,1.0,0.0,1.0,0.0,1.0,0.0,1.0,0.0,1.0,0.0,1.0,0.0,1.0,0.0
43368,43,熊本県,長洲町,3,0.0,0.0,5.207727639038159,0.0,1.0,0.0,1.0,0.0,1.0,0.0,1.0,0.0,1.0,0.0,1.0,0.0,1.0,0.0,1.0,0.0,1.0,0.0,1.0,0.0,1.0,0.0,1.0,0.0,1.0,0.0,1.0,0.0,1.0,0.0,1.0,0.0,1.0,0.0,1.0,0.0,1.0,0.0,1.0,0.0,1.0,0.0,1.0,0.0,1.0,0.0,1.0,0.0,1.0,0.0,1.0,0.0,1.0,0.0,1.0,0.0,1.0,0.0,1.0,0.0,1.0,0.0,1.0,0.0
43369,43,熊本県,和水町,2,15.071882210184633,10524.578089844297,4.671516083460006,0.1529812757670878,0.7980942395329476,2124.972942824891,1.0,0.0,0.8042173439264297,2060.5298524834193,1.0,0.0,0.8096335098147392,2003.5269916443547,1.0,0.0,0.9994261571764946,6.039453607278964,1.0,0.0,0.9994763639569283,5.51104842596525,1.0,0.0,0.9995433315634727,4.8062426213981695,1.0,0.0,0.9995814827084541,4.404717916824432,1.0,0.0,0.9995860373973846,4.356781737500876,1.0,0.0,0.9996869802474976,3.2944008288754456,1.0,0.0,0.9998427537083626,1.6549508756760434,1.0,0.0,0.9998300376534462,1.788781988638159,1.0,0.0,0.9996634867787361,3.5416596754573293,1.0,0.0,1.0,0.0,1.0,0.0,1.0,0.0,1.0,0.0,1.0,0.0,1.0,0.0,1.0,0.0,1.0,0.0
43403,43,熊本県,大津町,12,92.31527853738086,64463.04080029631,5.281696896455009,0.22012949791489814,0.7933294781738399,13322.610280698293,0.9938775510204081,394.67167836916144,0.7994152349051165,12930.303896229334,0.9938775510204081,394.67167836916144,0.8047489989898643,12586.473244415074,0.9938775510204081,394.67167836916144,0.9933037081969027,431.6633317137451,0.9938775510204081,394.67167836916144,0.9933539149773366,428.4268499781985,0.9938775510204081,394.67167836916144,0.9934208825838811,424.1099144252252,0.9938775510204081,394.67167836916144,0.9934590337288624,421.65057560971115,0.9938775510204081,394.67167836916144,0.9949942006626908,322.689046919064,0.9954081632653061,296.0037587768711,0.9966257557577018,217.51404426144282,0.9969387755102043,197.33583918458072,0.9983121414634647,108.80449370580615,0.9984693877551021,98.66791959229036,0.9982994254085485,109.6242092726991,0.9984693877551021,98.66791959229036,0.998132874533838,120.36058510446652,0.9984693877551021,98.66791959229036,1.0,0.0,1.0,0.0,1.0,0.0,1.0,0.0,1.0,0.0,1.0,0.0,1.0,0.0,1.0,0.0
43404,43,熊本県,菊陽町,4,0.0,0.0,5.26609106319769,0.0,1.0,0.0,1.0,0.0,1.0,0.0,1.0,0.0,1.0,0.0,1.0,0.0,1.0,0.0,1.0,0.0,1.0,0.0,1.0,0.0,1.0,0.0,1.0,0.0,1.0,0.0,1.0,0.0,1.0,0.0,1.0,0.0,1.0,0.0,1.0,0.0,1.0,0.0,1.0,0.0,1.0,0.0,1.0,0.0,1.0,0.0,1.0,0.0,1.0,0.0,1.0,0.0,1.0,0.0,1.0,0.0,1.0,0.0,1.0,0.0,1.0,0.0,1.0,0.0
43424,43,熊本県,小国町,5,33.911734972915426,23680.300702149667,5.100669355379816,0.16515364399800686,0.7957663975159327,4836.313120306014,0.9972222222222221,65.77861306152691,0.8018762726585069,4691.629439677265,0.9972222222222221,65.77861306152691,0.8072883004943529,4563.470993116029,0.9972222222222221,65.77861306152691,0.9966483793987168,79.36738367790457,0.9972222222222221,65.77861306152691,0.9966985861791504,78.17847201994873,0.9972222222222221,65.77861306152691,0.9967655537856949,76.59265895967279,0.9972222222222221,65.77861306152691,0.9968037049306763,75.68922837438188,0.9972222222222221,65.77861306152691,0.9995860373973845,9.80275890937697,1.0,0.0,0.9996869802474976,7.412401864969752,1.0,0.0,0.9998427537083625,3.723639470271097,1.0,0.0,0.9998300376534461,4.024759474435857,1.0,0.0,0.9996634867787361,7.968734269778991,1.0,0.0,1.0,0.0,1.0,0.0,1.0,0.0,1.0,0.0,1.0,0.0,1.0,0.0,1.0,0.0,1.0,0.0
43428,43,熊本県,高森町,2,18.83985276273079,13155.72261230537,5.414915790353364,0.1529812757670878,0.7980942395329476,2656.216178531113,1.0,0.0,0.8042173439264297,2575.6623156042733,1.0,0.0,0.8096335098147392,2504.408739555443,1.0,0.0,0.9994261571764946,7.549317009098704,1.0,0.0,0.9994763639569283,6.888810532456563,1.0,0.0,0.9995433315634727,6.007803276747711,1.0,0.0,0.9995814827084541,5.50589739603054,1.0,0.0,0.9995860373973845,5.445977171876094,1.0,0.0,0.9996869802474977,4.118001036094307,1.0,0.0,0.9998427537083626,2.068688594595054,1.0,0.0,0.9998300376534464,2.235977485797698,1.0,0.0,0.9996634867787361,4.427074594321661,1.0,0.0,1.0,0.0,1.0,0.0,1.0,0.0,1.0,0.0,1.0,0.0,1.0,0.0,1.0,0.0,1.0,0.0
43432,43,熊本県,西原村,1,0.0,0.0,5.15040285753015,0.0,1.0,0.0,1.0,0.0,1.0,0.0,1.0,0.0,1.0,0.0,1.0,0.0,1.0,0.0,1.0,0.0,1.0,0.0,1.0,0.0,1.0,0.0,1.0,0.0,1.0,0.0,1.0,0.0,1.0,0.0,1.0,0.0,1.0,0.0,1.0,0.0,1.0,0.0,1.0,0.0,1.0,0.0,1.0,0.0,1.0,0.0,1.0,0.0,1.0,0.0,1.0,0.0,1.0,0.0,1.0,0.0,1.0,0.0,1.0,0.0,1.0,0.0,1.0,0.0
43433,43,熊本県,南阿蘇村,2,0.0,0.0,5.162290327440074,0.0,1.0,0.0,1.0,0.0,1.0,0.0,1.0,0.0,1.0,0.0,1.0,0.0,1.0,0.0,1.0,0.0,1.0,0.0,1.0,0.0,1.0,0.0,1.0,0.0,1.0,0.0,1.0,0.0,1.0,0.0,1.0,0.0,1.0,0.0,1.0,0.0,1.0,0.0,1.0,0.0,1.0,0.0,1.0,0.0,1.0,0.0,1.0,0.0,1.0,0.0,1.0,0.0,1.0,0.0,1.0,0.0,1.0,0.0,1.0,0.0,1.0,0.0,1.0,0.0
43441,43,熊本県,御船町,3,18.83985276273079,13155.72261230537,5.278122006892729,0.1748567421361803,0.7939982116222382,2710.102385536667,0.995,65.77861306152691,0.8000384989380837,2630.638041110777,0.995,65.77861306152691,0.8054501721262932,2559.443569778242,0.995,65.77861306152691,0.9944261571764946,73.32793007062561,0.995,65.77861306152691,0.9944763639569283,72.66742359398347,0.995,65.77861306152691,0.9945433315634727,71.78641633827462,0.995,65.77861306152691,0.9945814827084541,71.28451045755745,0.995,65.77861306152691,0.9995860373973845,5.445977171876094,1.0,0.0,0.9996869802474977,4.118001036094307,1.0,0.0,0.9998427537083626,2.068688594595054,1.0,0.0,0.9998300376534464,2.235977485797698,1.0,0.0,0.9996634867787361,4.427074594321661,1.0,0.0,1.0,0.0,1.0,0.0,1.0,0.0,1.0,0.0,1.0,0.0,1.0,0.0,1.0,0.0,1.0,0.0
43442,43,熊本県,嘉島町,1,0.0,0.0,5.639209133806467,0.0,1.0,0.0,1.0,0.0,1.0,0.0,1.0,0.0,1.0,0.0,1.0,0.0,1.0,0.0,1.0,0.0,1.0,0.0,1.0,0.0,1.0,0.0,1.0,0.0,1.0,0.0,1.0,0.0,1.0,0.0,1.0,0.0,1.0,0.0,1.0,0.0,1.0,0.0,1.0,0.0,1.0,0.0,1.0,0.0,1.0,0.0,1.0,0.0,1.0,0.0,1.0,0.0,1.0,0.0,1.0,0.0,1.0,0.0,1.0,0.0,1.0,0.0,1.0,0.0
43443,43,熊本県,益城町,6,60.28752884073853,42098.31235937719,5.242576938491111,0.1529812757670878,0.7980942395329474,8499.891771299563,1.0,0.0,0.8042173439264296,8242.119409933675,1.0,0.0,0.8096335098147392,8014.107966577418,1.0,0.0,0.9994261571764945,24.157814429115856,1.0,0.0,0.9994763639569283,22.044193703861,1.0,0.0,0.9995433315634727,19.224970485592678,1.0,0.0,0.999581482708454,17.61887166729773,1.0,0.0,0.9995860373973845,17.4271269500035,1.0,0.0,0.9996869802474976,13.17760331550178,1.0,0.0,0.9998427537083626,6.619803502704173,1.0,0.0,0.9998300376534461,7.1551279545526345,1.0,0.0,0.9996634867787361,14.166638701829315,1.0,0.0,1.0,0.0,1.0,0.0,1.0,0.0,1.0,0.0,1.0,0.0,1.0,0.0,1.0,0.0,1.0,0.0
43444,43,熊本県,甲佐町,1,0.0,0.0,5.129725981798234,0.0,1.0,0.0,0.995,0.0,1.0,0.0,0.995,0.0,1.0,0.0,0.995,0.0,1.0,0.0,0.995,0.0,1.0,0.0,0.995,0.0,1.0,0.0,0.995,0.0,1.0,0.0,0.995,0.0,1.0,0.0,0.995,0.0,1.0,0.0,0.995,0.0,1.0,0.0,0.995,0.0,1.0,0.0,0.995,0.0,1.0,0.0,0.995,0.0,1.0,0.0,1.0,0.0,1.0,0.0,1.0,0.0,1.0,0.0,1.0,0.0,1.0,0.0,1.0,0.0
43447,43,熊本県,山都町,8,18.83985276273079,13155.72261230537,5.154379757632468,0.2799363323673606,0.7938340318202972,2712.262289469545,0.995,65.77861306152691,0.7999568304419518,2631.712449192052,0.995,65.77861306152691,0.8053471037745475,2560.7995084239155,0.995,65.77861306152691,0.9944261571764946,73.32793007062561,0.995,65.77861306152691,0.9944763639569283,72.66742359398347,0.995,65.77861306152691,0.9945433315634727,71.78641633827462,0.995,65.77861306152691,0.9945814827084541,71.28451045755745,0.995,65.77861306152691,0.9945860373973846,71.224590233403,0.995,65.77861306152691,0.9946869802474975,69.89661409762121,0.995,65.77861306152691,0.9948427537083627,67.84730165612196,0.995,65.77861306152691,0.9948300376534461,68.0145905473246,0.995,65.77861306152691,0.9946634867787362,70.20568765584856,0.995,65.77861306152691,1.0,0.0,1.0,0.0,1.0,0.0,1.0,0.0,1.0,0.0,1.0,0.0,1.0,0.0,1.0,0.0
43468,43,熊本県,氷川町,2,26.375793867823106,18418.01165722752,5.274831052766101,0.19476639344153215,0.7940127416909672,3793.875724776101,1.0,0.0,0.800120611435268,3681.380908624742,1.0,0.0,0.8055289968312718,3581.7692033543663,1.0,0.0,0.9944311178277713,102.56773676583522,1.0,0.0,0.9944813246082049,101.64302769853623,1.0,0.0,0.9945482922147494,100.40961754054383,1.0,0.0,0.9945864433597309,99.70694930753979,1.0,0.0,0.9945909980486612,99.62306099372358,1.0,0.0,0.9946919408987741,97.76389440362907,1.0,0.0,0.9998427537083626,2.8961640324330755,1.0,0.0,0.9998300376534462,3.1303684801167777,1.0,0.0,0.9996634867787362,6.197904432050326,1.0,0.0,1.0,0.0,1.0,0.0,1.0,0.0,1.0,0.0,1.0,0.0,1.0,0.0,1.0,0.0,1.0,0.0
43482,43,熊本県,芦北町,4,37.67970552546158,26311.44522461074,5.132654570754626,0.18261120844632378,0.7960886585712432,5365.2020906796315,0.9974999999999999,65.77861306152691,0.8022113308310509,5204.105734887459,0.9974999999999999,65.77861306152691,0.8076262250542642,5061.632042136325,0.9974999999999999,65.77861306152691,0.9969261571764945,80.87724707972431,0.9974999999999999,65.77861306152691,0.9969763639569282,79.55623412644003,0.9974999999999999,65.77861306152691,0.9970433315634729,77.79421961502233,0.9974999999999999,65.77861306152691,0.9970814827084541,76.79040785358798,0.9974999999999999,65.77861306152691,0.9970860373973847,76.6705674052791,0.9974999999999999,65.77861306152691,0.9971869802474976,74.01461513371552,0.9974999999999999,65.77861306152691,0.9973427537083628,69.91599025071702,0.9974999999999999,65.77861306152691,0.9998300376534464,4.471954971595396,1.0,0.0,0.9996634867787361,8.854149188643323,1.0,0.0,1.0,0.0,1.0,0.0,1.0,0.0,1.0,0.0,1.0,0.0,1.0,0.0,1.0,0.0,1.0,0.0
43484,43,熊本県,津奈木町,2,18.83985276273079,13155.72261230537,5.132707938106073,0.1529812757670878,0.7980942395329476,2656.216178531113,1.0,0.0,0.8042173439264297,2575.6623156042733,1.0,0.0,0.8096335098147392,2504.408739555443,1.0,0.0,0.9994261571764946,7.549317009098704,1.0,0.0,0.9994763639569283,6.888810532456563,1.0,0.0,0.9995433315634727,6.007803276747711,1.0,0.0,0.9995814827084541,5.50589739603054,1.0,0.0,0.9995860373973845,5.445977171876094,1.0,0.0,0.9996869802474977,4.118001036094307,1.0,0.0,0.9998427537083626,2.068688594595054,1.0,0.0,0.9998300376534464,2.235977485797698,1.0,0.0,0.9996634867787361,4.427074594321661,1.0,0.0,1.0,0.0,1.0,0.0,1.0,0.0,1.0,0.0,1.0,0.0,1.0,0.0,1.0,0.0,1.0,0.0
43501,43,熊本県,錦町,3,37.67970552546158,26311.44522461074,5.2652056101443,0.1529812757670878,0.7980942395329476,5312.432357062226,1.0,0.0,0.8042173439264297,5151.324631208547,1.0,0.0,0.8096335098147392,5008.817479110886,1.0,0.0,0.9994261571764946,15.098634018197409,1.0,0.0,0.9994763639569283,13.777621064913125,1.0,0.0,0.9995433315634727,12.015606553495422,1.0,0.0,0.9995814827084541,11.01179479206108,1.0,0.0,0.9995860373973845,10.891954343752188,1.0,0.0,0.9996869802474977,8.236002072188613,1.0,0.0,0.9998427537083626,4.137377189190108,1.0,0.0,0.9998300376534464,4.471954971595396,1.0,0.0,0.9996634867787361,8.854149188643323,1.0,0.0,1.0,0.0,1.0,0.0,1.0,0.0,1.0,0.0,1.0,0.0,1.0,0.0,1.0,0.0,1.0,0.0
43505,43,熊本県,多良木町,2,18.83985276273079,13155.72261230537,5.5009398471562,0.1814497916027903,0.7952026063203812,2694.257702972166,0.995,65.77861306152691,0.801257791519165,2614.5973661308294,0.995,65.77861306152691,0.8066543802618981,2543.601341578743,0.995,65.77861306152691,0.9944261571764946,73.32793007062561,0.995,65.77861306152691,0.9944763639569283,72.66742359398347,0.995,65.77861306152691,0.9945433315634727,71.78641633827462,0.995,65.77861306152691,0.9945814827084541,71.28451045755745,0.995,65.77861306152691,0.9945860373973846,71.224590233403,0.995,65.77861306152691,0.9996869802474977,4.118001036094307,1.0,0.0,0.9998427537083626,2.068688594595054,1.0,0.0,0.9998300376534464,2.235977485797698,1.0,0.0,0.9996634867787361,4.427074594321661,1.0,0.0,1.0,0.0,1.0,0.0,1.0,0.0,1.0,0.0,1.0,0.0,1.0,0.0,1.0,0.0,1.0,0.0
43506,43,熊本県,湯前町,1,0.0,0.0,5.2034478499320835,0.0,1.0,0.0,0.995,0.0,1.0,0.0,0.995,0.0,1.0,0.0,0.995,0.0,1.0,0.0,0.995,0.0,1.0,0.0,1.0,0.0,1.0,0.0,1.0,0.0,1.0,0.0,1.0,0.0,1.0,0.0,1.0,0.0,1.0,0.0,1.0,0.0,1.0,0.0,1.0,0.0,1.0,0.0,1.0,0.0,1.0,0.0,1.0,0.0,1.0,0.0,1.0,0.0,1.0,0.0,1.0,0.0,1.0,0.0,1.0,0.0,1.0,0.0,1.0,0.0
43507,43,熊本県,水上村,4,0.0,0.0,5.1196908329412105,0.0,1.0,0.0,0.995,0.0,1.0,0.0,0.995,0.0,1.0,0.0,0.995,0.0,1.0,0.0,0.995,0.0,1.0,0.0,1.0,0.0,1.0,0.0,1.0,0.0,1.0,0.0,1.0,0.0,1.0,0.0,1.0,0.0,1.0,0.0,1.0,0.0,1.0,0.0,1.0,0.0,1.0,0.0,1.0,0.0,1.0,0.0,1.0,0.0,1.0,0.0,1.0,0.0,1.0,0.0,1.0,0.0,1.0,0.0,1.0,0.0,1.0,0.0,1.0,0.0
43510,43,熊本県,相良村,1,0.0,0.0,5.225230072108241,0.0,1.0,0.0,1.0,0.0,1.0,0.0,1.0,0.0,1.0,0.0,1.0,0.0,1.0,0.0,1.0,0.0,1.0,0.0,1.0,0.0,1.0,0.0,1.0,0.0,1.0,0.0,1.0,0.0,1.0,0.0,1.0,0.0,1.0,0.0,1.0,0.0,1.0,0.0,1.0,0.0,1.0,0.0,1.0,0.0,1.0,0.0,1.0,0.0,1.0,0.0,1.0,0.0,1.0,0.0,1.0,0.0,1.0,0.0,1.0,0.0,1.0,0.0,1.0,0.0
43511,43,熊本県,五木村,8,18.83985276273079,13155.72261230537,4.796048249046687,0.1529812757670878,0.7980942395329476,2656.216178531113,1.0,0.0,0.8042173439264297,2575.6623156042733,1.0,0.0,0.8096335098147392,2504.408739555443,1.0,0.0,0.9994261571764946,7.549317009098704,1.0,0.0,0.9994763639569283,6.888810532456563,1.0,0.0,0.9995433315634727,6.007803276747711,1.0,0.0,0.9995814827084541,5.50589739603054,1.0,0.0,0.9995860373973845,5.445977171876094,1.0,0.0,0.9996869802474977,4.118001036094307,1.0,0.0,0.9998427537083626,2.068688594595054,1.0,0.0,0.9998300376534464,2.235977485797698,1.0,0.0,0.9996634867787361,4.427074594321661,1.0,0.0,1.0,0.0,1.0,0.0,1.0,0.0,1.0,0.0,1.0,0.0,1.0,0.0,1.0,0.0,1.0,0.0
43531,43,熊本県,苓北町,6,18.83985276273079,13155.72261230537,4.388805176367202,0.1529812757670878,0.7980942395329476,2656.216178531113,1.0,0.0,0.8042173439264297,2575.6623156042733,1.0,0.0,0.8096335098147392,2504.408739555443,1.0,0.0,0.9994261571764946,7.549317009098704,1.0,0.0,0.9994763639569283,6.888810532456563,1.0,0.0,0.9995433315634727,6.007803276747711,1.0,0.0,0.9995814827084541,5.50589739603054,1.0,0.0,0.9995860373973845,5.445977171876094,1.0,0.0,0.9996869802474977,4.118001036094307,1.0,0.0,0.9998427537083626,2.068688594595054,1.0,0.0,0.9998300376534464,2.235977485797698,1.0,0.0,0.9996634867787361,4.427074594321661,1.0,0.0,1.0,0.0,1.0,0.0,1.0,0.0,1.0,0.0,1.0,0.0,1.0,0.0,1.0,0.0,1.0,0.0
44201,44,大分県,大分市,66,329.08057384660253,229794.40450768452,5.7460783976667615,47.726386916281264,0.2203440920774204,179160.56508196727,0.2781666666666666,165873.26098713028,0.22201887681060986,178775.70892152545,0.2781666666666666,165873.26098713028,0.22352599073092763,178429.3825756808,0.2781666666666666,165873.26098713028,0.2763506547051754,166290.57037439998,0.2781666666666666,165873.26098713028,0.27719381680813643,166096.81644104657,0.27899999999999997,165681.76565004053,0.277426948756581,166043.24402378208,0.27922222222222226,165630.70022681658,0.2774791153135981,166031.2564408771,0.27922222222222226,165630.70022681658,0.2783726064059884,165825.93718736834,0.27977777777777774,165503.0366687568,0.28216505412198606,164954.45392284417,0.28355555555555556,164634.92447394994,0.2854651290608777,164196.11516743083,0.2855,164188.10202074057,0.2890719662275579,163367.28416855732,0.28911111111111104,163358.28889335174,0.29902728212873136,161079.6082793613,0.29911111111111105,161060.3448482749,0.3345,152928.17619986404,0.3345,152928.17619986404,0.4233333333333334,132514.77326609805,0.4233333333333334,132514.77326609805,0.5661111111111111,99705.23884472312,0.5661111111111111,99705.23884472312,0.7907777777777777,48078.09596532999,0.7907777777777777,48078.09596532999
44202,44,大分県,別府市,15,153.57093446174787,107237.38877025277,5.3859428306136845,0.1555757443234323,0.7976196878935607,21702.736208803293,0.9994047619047618,63.83177902991242,0.8037331816766942,21047.141099236902,0.9994047619047618,63.83177902991242,0.8091482666631539,20466.441525319962,0.9994047619047618,63.83177902991242,0.9988309190812563,125.36918498717688,0.9994047619047618,63.83177902991242,0.9988811258616899,119.98514095490985,0.9994047619047618,63.83177902991242,0.9989480934682347,112.80370969688887,0.9994047619047618,63.83177902991242,0.9989862446132158,108.71248053048798,0.9994047619047618,63.83177902991242,0.9995860373973846,44.39226855301244,1.0,0.0,0.9996869802474975,33.567420891870235,1.0,0.0,0.9998427537083625,16.86268170899834,1.0,0.0,0.999830037653446,18.226318233689312,1.0,0.0,0.9996634867787361,36.08679913501062,1.0,0.0,1.0,0.0,1.0,0.0,1.0,0.0,1.0,0.0,1.0,0.0,1.0,0.0,1.0,0.0,1.0,0.0
44203,44,大分県,中津市,10,91.41127051294515,63831.77902991236,5.327244285919264,0.16317717739939677,0.7965014343857765,12989.675473191233,0.9979999999999999,127.66355805982484,0.8026239399909972,12598.865048289383,0.9979999999999999,127.66355805982484,0.8080376431345939,12253.298745493776,0.9979999999999999,127.66355805982484,0.9974261571764947,164.29296636772034,0.9979999999999999,127.66355805982484,0.9974763639569283,161.08817825327571,0.9979999999999999,127.66355805982484,0.9975433315634726,156.81351679016797,0.9979999999999999,127.66355805982484,0.997581482708454,154.37826133397695,0.9979999999999999,127.66355805982484,0.9985860373973846,90.25574840670555,0.9989999999999998,63.83177902991242,0.9996869802474976,19.98060767373228,1.0,0.0,0.9998427537083625,10.03731054107044,1.0,0.0,0.9998300376534462,10.848998948624589,1.0,0.0,0.9996634867787361,21.480237580363465,1.0,0.0,1.0,0.0,1.0,0.0,1.0,0.0,1.0,0.0,1.0,0.0,1.0,0.0,1.0,0.0,1.0,0.0
44204,44,大分県,日田市,36,219.38704923106837,153196.26967178966,4.984465159772741,0.17585329007357348,0.7967708289871612,31133.95088765709,0.9983333333333333,255.32711611964967,0.8028884865591924,30196.748568492563,0.9983333333333333,255.32711611964967,0.8083018467575309,29367.44197971731,0.9983333333333333,255.32711611964967,0.9994261571764944,87.91057993894925,1.0,0.0,0.999476363956928,80.21908846428207,1.0,0.0,0.9995433315634726,69.95990095282349,1.0,0.0,0.9995814827084538,64.11528785796507,1.0,0.0,0.9995860373973846,63.41752650430349,1.0,0.0,0.9996869802474975,47.953458416957474,1.0,0.0,0.9998427537083625,24.089545298569057,1.0,0.0,0.9998300376534464,26.03759747669902,1.0,0.0,0.9996634867787361,51.5525701928723,1.0,0.0,1.0,0.0,1.0,0.0,0.9995833333333333,63.83177902991242,0.9995833333333333,63.83177902991242,0.9995833333333333,63.83177902991242,0.9995833333333333,63.83177902991242,0.9995833333333333,63.83177902991242,0.9995833333333333,63.83177902991242
44205,44,大分県,佐伯市,6,21.938704923106833,15319.626967178965,5.450536991991975,0.49305625538259257,0.7595801489788574,3683.142433148646,0.97,459.58880901536884,0.7654567094880623,3593.1157182975726,0.97,459.58880901536884,0.7707131861883681,3512.588456087218,0.97,459.58880901536884,0.9511254086269765,748.7405080080241,0.97,459.58880901536884,0.9511782966746251,747.9302828470254,0.97,459.58880901536884,0.9562452642811695,670.3062292599848,0.9750000000000001,382.99067417947384,0.9596174009051174,618.6463540987406,0.98,306.39253934357953,0.9679552889273811,490.9130199035491,0.9883333333333334,178.72898128375476,0.9697228984441608,463.83390148285014,0.9900000000000001,153.1962696717898,0.9965094203750292,53.47437775378683,0.9966666666666667,51.065423223929926,0.9981633709867798,28.136471359634864,0.9983333333333333,25.532711611964963,0.9996634867787362,5.155257019287231,1.0,0.0,1.0,0.0,1.0,0.0,1.0,0.0,1.0,0.0,1.0,0.0,1.0,0.0,1.0,0.0,1.0,0.0
44206,44,大分県,臼杵市,6,23.76693033336574,16596.262547777213,5.521191919158966,0.33317529333898643,0.7797600250519239,3655.160447754147,0.9776923076923076,370.224318373492,0.785767776759771,3555.4542230888565,0.9776923076923076,370.224318373492,0.7911169894842001,3466.6772842903233,0.9776923076923076,370.224318373492,0.9771184648688022,379.7479645335448,0.9776923076923076,370.224318373492,0.9771686716492358,378.9147196237892,0.9776923076923076,370.224318373492,0.9772356392557804,377.80330764338123,0.9776923076923076,370.224318373492,0.9772737904007619,377.1701412247715,0.9776923076923076,370.224318373492,0.9788168066281538,351.56183879949197,0.9792307692307691,344.691606761527,0.9839177494782668,266.9052520178113,0.9842307692307692,261.7102940226409,0.9963812152468241,60.05830186759948,0.9965384615384615,57.44860112692117,0.9998300376534462,2.820739726642393,1.0,0.0,0.999663486778736,5.5848617708945,1.0,0.0,1.0,0.0,1.0,0.0,1.0,0.0,1.0,0.0,1.0,0.0,1.0,0.0,1.0,0.0,1.0,0.0
44207,44,大分県,津久見市,8,7.312901641035611,5106.542322392988,5.441962386196585,63.69934535697103,0.01237005740404129,5043.374100728821,0.015,5029.944187557094,0.012458384037017824,5042.923057039332,0.015,5029.944187557094,0.012650106251239777,5041.944019438264,0.015,5029.944187557094,0.015,5029.944187557094,0.015,5029.944187557094,0.015,5029.944187557094,0.015,5029.944187557094,0.015,5029.944187557094,0.015,5029.944187557094,0.015,5029.944187557094,0.015,5029.944187557094,0.015,5029.944187557094,0.015,5029.944187557094,0.015,5029.944187557094,0.015,5029.944187557094,0.025,4978.878764333163,0.025,4978.878764333163,0.025,4978.878764333163,0.025,4978.878764333163,0.03,4953.346052721198,0.03,4953.346052721198,0.105,4570.355378541724,0.105,4570.355378541724,0.24,3880.972165018671,0.24,3880.972165018671,0.44,2859.663700540074,0.44,2859.663700540074,0.73,1378.7664270461069,0.73,1378.7664270461069
44208,44,大分県,竹田市,3,18.28225410258903,12766.355805982472,5.44497398840504,0.1596007097512483,0.7977716347575188,2581.719264747694,1.0,0.0,0.8038902997970581,2503.60620979531,1.0,0.0,0.8092888858914375,2434.685938865232,1.0,0.0,0.9986044651269914,17.81589472848559,1.0,0.0,0.998654671907425,17.17493710559666,1.0,0.0,0.9987216395139693,16.320004812975107,1.0,0.0,0.9987597906589509,15.832953721736908,1.0,0.0,0.9987643453478813,15.774806942265108,1.0,0.0,0.9988652881979944,14.48613460165294,1.0,0.0,0.9998427537083626,2.0074621082140878,1.0,0.0,0.9998300376534464,2.1697997897249177,1.0,0.0,0.9996634867787361,4.296047516072693,1.0,0.0,1.0,0.0,1.0,0.0,1.0,0.0,1.0,0.0,1.0,0.0,1.0,0.0,1.0,0.0,1.0,0.0
44209,44,大分県,豊後高田市,2,18.28225410258903,12766.355805982472,5.09785265223395,0.19450394399464127,0.7944029766321182,2624.7247529652714,0.995,63.83177902991242,0.8005219194293022,2546.6081520599673,0.995,63.83177902991242,0.8059337651729583,2477.518603729361,0.995,63.83177902991242,0.9944261571764946,71.15766069149151,0.995,63.83177902991242,0.9944763639569284,70.51670306860258,0.995,63.83177902991242,0.9945433315634727,69.66177077598104,0.995,63.83177902991242,0.9945814827084541,69.17471968474284,0.995,63.83177902991242,0.9945860373973846,69.11657290527104,0.995,63.83177902991242,0.9946869802474976,67.82790056465888,0.995,63.83177902991242,0.9998427537083626,2.0074621082140878,1.0,0.0,0.9998300376534464,2.1697997897249177,1.0,0.0,0.9996634867787361,4.296047516072693,1.0,0.0,1.0,0.0,1.0,0.0,1.0,0.0,1.0,0.0,1.0,0.0,1.0,0.0,1.0,0.0,1.0,0.0
44210,44,大分県,杵築市,6,36.56450820517806,25532.711611964944,5.363720983298546,0.24695717408689222,0.7919632858886326,5311.741426106344,0.9950000000000001,127.66355805982484,0.7980737129702175,5155.725653606295,0.9950000000000001,127.66355805982484,0.8034825240923965,5017.624039060109,0.9950000000000001,127.66355805982484,0.9919271892114194,206.12074976278996,0.9950000000000001,127.66355805982484,0.991977395991853,204.83883451701212,0.9950000000000001,127.66355805982484,0.9920443635983974,203.12896993176759,0.9950000000000001,127.66355805982484,0.9920825147433789,202.15486774929118,0.9950000000000001,127.66355805982484,0.9920870694323093,202.0385741903476,0.9950000000000001,127.66355805982484,0.9921880122824221,199.46122950912326,0.9950000000000001,127.66355805982484,0.9948427537083625,131.67848227625302,0.9950000000000001,127.66355805982484,0.9973300376534464,68.17137860936225,0.9974999999999998,63.83177902991242,0.9996634867787361,8.592095032145386,1.0,0.0,1.0,0.0,1.0,0.0,1.0,0.0,1.0,0.0,1.0,0.0,1.0,0.0,1.0,0.0,1.0,0.0
44211,44,大分県,宇佐市,11,73.12901641035612,51065.42322392989,5.400272630513397,0.17374260988086454,0.796248608082533,10404.651060730264,0.9974999999999998,127.66355805982484,0.8023696316778659,10092.07840027092,0.9974999999999998,127.66355805982484,0.8077836374938487,9815.60990194094,0.9974999999999998,127.66355805982484,0.9969261571764945,156.96708470614124,0.9974999999999998,127.66355805982484,0.9969763639569283,154.40325421458553,0.9974999999999998,127.66355805982484,0.9970433315634729,150.98352504409934,0.9974999999999998,127.66355805982484,0.997081482708454,149.0353206791465,0.9974999999999998,127.66355805982484,0.9970860373973848,148.80273356125932,0.9974999999999998,127.66355805982484,0.9971869802474976,143.64804419881068,0.9974999999999998,127.66355805982484,0.9998427537083626,8.029848432856351,1.0,0.0,0.9998300376534464,8.67919915889967,1.0,0.0,0.9996634867787361,17.18419006429077,1.0,0.0,1.0,0.0,1.0,0.0,1.0,0.0,1.0,0.0,1.0,0.0,1.0,0.0,1.0,0.0,1.0,0.0
44212,44,大分県,豊後大野市,4,73.12901641035612,51065.42322392989,5.490750107499568,0.5287747150566431,0.7910885148495435,10668.1534055478,0.9912500000000002,446.8224532093869,0.7973866718262435,10346.53535400188,0.9912500000000002,446.8224532093869,0.8037278278172016,10022.721539594639,0.9925,382.99067417947447,0.9970970232039691,148.24173869856924,0.9987500000000001,63.83177902991242,0.9971472299844026,145.67790820701347,0.9987500000000001,63.83177902991242,0.9972141975909471,142.25817903652728,0.9987500000000001,63.83177902991242,0.9974562523514032,129.89755025046927,0.9987500000000001,63.83177902991242,0.9977197683602572,116.44099373206637,0.9987500000000001,63.83177902991242,0.9990707112103702,47.45452533970528,1.0,0.0,0.9998427537083626,8.029848432856351,1.0,0.0,0.9998300376534464,8.67919915889967,1.0,0.0,0.9996634867787361,17.18419006429077,1.0,0.0,0.99125,446.82245320938694,0.99125,446.82245320938694,0.9925,382.99067417947447,0.9925,382.99067417947447,0.99625,191.49533708973723,0.99625,191.49533708973723,0.99625,191.49533708973723,0.99625,191.49533708973723
44213,44,大分県,由布市,10,135.28868035915883,94471.0329642703,5.38276169479989,0.18169232589972972,0.7889493515040422,19938.17277119224,0.9889189189189188,1046.8411760905637,0.7949846958389152,19368.00755758173,0.9889189189189188,1046.8411760905637,0.8003822123037801,18858.09860170428,0.9889189189189188,1046.8411760905637,0.9917234544737916,781.8938052366868,0.9922972972972971,727.6822809410016,0.9951520396326038,457.9918236777467,0.9956756756756755,408.5233857914395,0.9952190072391485,451.6653247123473,0.9956756756756755,408.5233857914395,0.9952571583841298,448.0611466371846,0.9956756756756755,408.5233857914395,0.9975590103703574,230.60281176739107,0.9979729729729729,191.49533708973723,0.9996869802474975,29.57129935712377,1.0,0.0,0.9998427537083625,14.855219600784249,1.0,0.0,0.9998300376534462,16.056518443964393,1.0,0.0,0.9996634867787361,31.79075161893793,1.0,0.0,1.0,0.0,1.0,0.0,1.0,0.0,1.0,0.0,1.0,0.0,1.0,0.0,1.0,0.0,1.0,0.0
44214,44,大分県,国東市,4,36.56450820517806,25532.711611964944,5.420735280209177,0.3618330842702562,0.7838005246428656,5520.158854951833,0.9875000000000002,319.15889514956206,0.7898980626670528,5364.472175037275,0.9875000000000002,319.15889514956206,0.7952967888323473,5226.628056786836,0.9875000000000002,319.15889514956206,0.981928221246344,461.4215152323341,0.9875000000000002,319.15889514956206,0.9819784280267776,460.1395999865563,0.9875000000000002,319.15889514956206,0.982045395633322,458.4297354013103,0.9875000000000002,319.15889514956206,0.9820835467783038,457.45563321883395,0.9875000000000002,319.15889514956206,0.9820881014672339,457.33933965989036,0.9875000000000002,319.15889514956206,0.982189044317347,454.761994978666,0.9875000000000002,319.15889514956206,0.9898427537083626,259.34204033607784,0.9900000000000001,255.32711611964967,0.9948300376534462,132.00315763927466,0.995,127.66355805982484,0.9996634867787361,8.592095032145386,1.0,0.0,1.0,0.0,1.0,0.0,1.0,0.0,1.0,0.0,1.0,0.0,1.0,0.0,1.0,0.0,1.0,0.0
44341,44,大分県,日出町,8,62.1596639488027,43405.609740340406,5.47639144988935,0.2124611883421568,0.7909224289163317,9075.139455915985,0.9941176470588234,255.32711611964965,0.7969936660491614,8811.613706287313,0.9941176470588234,255.32711611964965,0.8023287153628188,8580.042637833227,0.9941176470588234,255.32711611964965,0.992075361013789,343.9737871685552,0.9941176470588234,255.32711611964965,0.9921255677942228,341.7945312507328,0.9941176470588234,255.32711611964965,0.9921925354007674,338.8877614558196,0.9941176470588234,255.32711611964965,0.9936991297672777,273.4931143460731,0.9941176470588234,255.32711611964965,0.9951742726915023,209.46363626595658,0.9955882352941176,191.49533708973726,0.9952752155416151,205.08215030787517,0.9955882352941176,191.49533708973726,0.9969015772377744,134.48892922775275,0.9970588235294117,127.66355805982484,0.9998300376534462,7.37731928506472,1.0,0.0,0.999663486778736,14.606561554647154,1.0,0.0,1.0,0.0,1.0,0.0,1.0,0.0,1.0,0.0,1.0,0.0,1.0,0.0,1.0,0.0,1.0,0.0
44461,44,大分県,九重町,7,36.56450820517806,25532.711611964944,5.132980997555566,0.17290720943361512,0.7974664357304574,5171.231088237601,0.9974999999999998,63.83177902991242,0.8034631110727788,5018.119706091527,0.9974999999999998,63.83177902991242,0.8088764432072639,4879.902657841934,0.9974999999999998,63.83177902991242,0.9969261571764945,78.48354235307062,0.9974999999999998,63.83177902991242,0.9969763639569283,77.20162710729275,0.9974999999999998,63.83177902991242,0.9970433315634729,75.49176252204967,0.9974999999999998,63.83177902991242,0.9970814827084542,74.51766033957327,0.9974999999999998,63.83177902991242,0.9970860373973848,74.40136678062967,0.9974999999999998,63.83177902991242,0.9971869802474976,71.82402209940533,0.9974999999999998,63.83177902991242,0.9998427537083626,4.0149242164281755,1.0,0.0,0.9998300376534464,4.339599579449835,1.0,0.0,0.9996634867787361,8.592095032145386,1.0,0.0,1.0,0.0,1.0,0.0,1.0,0.0,1.0,0.0,1.0,0.0,1.0,0.0,1.0,0.0,1.0,0.0
44462,44,大分県,玖珠町,4,18.28225410258903,12766.355805982472,5.139895084543828,0.16319065615534772,0.7895690461993218,2686.4364288117176,0.9900000000000001,127.66355805982484,0.7955924987792968,2609.538889995293,0.9900000000000001,127.66355805982484,0.8010001233220101,2540.503231017852,0.9900000000000001,127.66355805982484,0.9944261571764946,71.15766069149151,0.995,63.83177902991242,0.9994763639569282,6.6849240386901725,1.0,0.0,0.9995433315634729,5.829991746068624,1.0,0.0,0.9995814827084541,5.342940654830423,1.0,0.0,0.9995860373973847,5.284793875358624,1.0,0.0,0.9996869802474976,3.9961215347464556,1.0,0.0,0.9998427537083626,2.0074621082140878,1.0,0.0,0.9998300376534464,2.1697997897249177,1.0,0.0,0.9996634867787361,4.296047516072693,1.0,0.0,1.0,0.0,1.0,0.0,1.0,0.0,1.0,0.0,1.0,0.0,1.0,0.0,1.0,0.0,1.0,0.0
45201,45,宮崎県,宮崎市,34,306.77898320591436,214221.37726712803,5.9336862017992065,2.6096047565553415,0.7320725483964944,57395.78769017472,0.9185119047619047,17456.491992779658,0.737716258138382,56186.78441637164,0.9185119047619047,17456.491992779658,0.7427199227490233,55114.89249209728,0.9185119047619047,17456.491992779658,0.9188548492712322,17383.025947665305,0.92,17137.710181370243,0.9212832424577904,16862.812214694768,0.9223809523809522,16627.65928311518,0.9264060843958506,15765.38995920162,0.9271428571428572,15607.557486605043,0.9319197135109042,14584.252736434706,0.9326190476190476,14434.440420618392,0.9362097122955654,13665.243288310256,0.9369047619047619,13516.348803759272,0.9466675277241408,11424.955663995524,0.9472619047619046,11297.62739634973,0.9549711612257217,9646.139858965294,0.9551190476190474,9614.45943210801,0.9595425354121696,8666.85378474107,0.959702380952381,8632.611452967005,0.966348106364409,7208.955002263186,0.9666666666666668,7140.712575570933,0.9687499999999999,6694.418039597751,0.9687499999999999,6694.418039597751,0.9744047619047618,5483.047156241968,0.9744047619047618,5483.047156241968,0.9827380952380953,3697.8690123492343,0.9827380952380953,3697.8690123492343,0.9928571428571428,1530.1526947652,0.9928571428571428,1530.1526947652
45202,45,宮崎県,都城市,25,191.73686450369647,133888.36079195503,5.494957750713114,0.19284867843247155,0.8106750423390241,25348.408238234348,0.9985714285714283,191.2690868456502,0.8160692577525263,24626.185578761833,0.9985714285714283,191.2690868456502,0.82090199396369,23979.138449309212,0.9985714285714283,191.2690868456502,0.9908017917292281,1231.5330275966467,0.9985714285714283,191.2690868456502,0.9917953302236718,1098.5097871918886,0.9985714285714283,191.2690868456502,0.9918563443905718,1090.3407004005464,0.9985714285714283,191.2690868456502,0.9921291694812301,1053.8125962294162,0.9988095238095237,159.3909057047085,0.9926094808664525,989.5044921922228,0.9992857142857142,95.6345434228251,0.9959777585013457,538.531320964175,0.9995238095238094,63.7563622818834,0.9998577295456613,19.048357920519503,1.0,0.0,0.9998462245435943,20.588743788204233,1.0,0.0,0.9996955356569517,40.76423181033923,1.0,0.0,1.0,0.0,1.0,0.0,1.0,0.0,1.0,0.0,1.0,0.0,1.0,0.0,1.0,0.0,1.0,0.0
45203,45,宮崎県,延岡市,21,54.78196128677041,38253.81736913,5.554698873203664,17.6847068776687,0.5643922904133797,16663.657767111596,0.7066666666666667,11221.119761611468,0.5687097957730294,16498.496705593316,0.7066666666666667,11221.119761611468,0.5726447448134423,16347.969883644528,0.7066666666666667,11221.119761611468,0.7062612680594128,11236.627805895063,0.7066666666666667,11221.119761611468,0.7079628400007884,11171.536183609238,0.7083333333333334,11157.363399329584,0.7113426507512728,11042.245520417986,0.7116666666666667,11029.850674765818,0.7113689117630325,11041.24093647021,0.7116666666666667,11029.850674765818,0.7113750269015631,11041.007009077668,0.7116666666666667,11029.850674765818,0.711438313027223,11038.586073184673,0.7116666666666667,11029.850674765818,0.7165509157379468,10843.009502807723,0.7166666666666667,10838.581587920167,0.719872592786948,10715.942675616005,0.7200000000000001,10711.0688633564,0.7280710894862811,10402.3188801783,0.7283333333333334,10392.287051946983,0.7533333333333333,9435.941617718734,0.7533333333333333,9435.941617718734,0.7983333333333333,7714.519836107884,0.7983333333333333,7714.519836107884,0.8533333333333335,5610.559880805733,0.8533333333333335,5610.559880805733,0.925,2869.03630268475,0.925,2869.03630268475
45204,45,宮崎県,日南市,3,54.78196128677041,38253.81736913,5.960055794305904,0.3433507714668911,0.8378361748655637,6203.385350572259,0.9700000000000001,1147.6145210738998,0.8417091032862664,6055.231054082989,0.9700000000000001,1147.6145210738998,0.8451084497570992,5925.193075013354,0.9700000000000001,1147.6145210738998,0.9667488218347233,1271.984496842904,0.9716666666666668,1083.8581587920164,0.9684494582811992,1206.9286608081252,0.9733333333333333,1020.1017965101344,0.9701611001292866,1141.4518261500339,0.975,956.345434228251,0.973520032564799,1012.9598382066896,0.9783333333333332,828.8327096644842,0.9768564023574194,885.3309574839087,0.9816666666666667,701.3199851007174,0.9842872500419617,601.0726672616031,0.9866666666666666,510.0508982550672,0.9948951691389084,195.2792674604964,0.9950000000000001,191.26908684565018,0.996553358435631,131.84719694023084,0.9966666666666668,127.5127245637668,0.9997756578524908,8.581943539018786,1.0,0.0,1.0,0.0,1.0,0.0,1.0,0.0,1.0,0.0,1.0,0.0,1.0,0.0,1.0,0.0,1.0,0.0
45205,45,宮崎県,小林市,5,14.608523009805447,10201.017965101337,5.243702256608235,0.20077256217598924,0.7930002707242966,2111.607957112564,1.0,0.0,0.7989655195176601,2050.7563470051628,1.0,0.0,0.8043223488330841,1996.111234922542,1.0,0.0,0.9926232327520847,75.25053522035462,1.0,0.0,0.9926741874217987,74.73074571919688,1.0,0.0,0.9927416501939297,74.04255676871313,1.0,0.0,0.9927800488471986,73.65085141688216,1.0,0.0,0.992784603536129,73.60438895327711,1.0,0.0,0.9964308750629425,36.40870760261496,1.0,0.0,0.9998427537083626,1.6040722459384844,1.0,0.0,0.9998300376534462,1.73378895058562,1.0,0.0,0.9996634867787361,3.4327774156075153,1.0,0.0,1.0,0.0,1.0,0.0,1.0,0.0,1.0,0.0,1.0,0.0,1.0,0.0,1.0,0.0,1.0,0.0
45206,45,宮崎県,日向市,16,164.34588386031126,114761.45210739001,5.6149801257687315,20.424851826510494,0.5824627360304196,47917.182722095655,0.7306666666666667,30909.08443425704,0.5863960962825351,47465.78458790139,0.730111111111111,30972.840796538927,0.5903085842463704,47016.78178781897,0.730111111111111,30972.840796538927,0.7607759000261626,27453.705092081032,0.7612222222222222,27402.484508753456,0.7608149497442775,27449.223689725768,0.7612222222222222,27402.484508753456,0.7608670356604789,27443.246234348164,0.7612222222222222,27402.484508753456,0.7618967087732421,27325.079452731516,0.7622222222222221,27287.72305664607,0.7624558068646324,27260.916543893087,0.7627777777777778,27223.966694364186,0.7640898735258315,27073.388681013617,0.7643333333333333,27045.448879974912,0.7662110306620598,26829.961607912093,0.7663333333333333,26815.925975760132,0.7667566959526804,26767.340266795873,0.766888888888889,26752.16961347825,0.769404934161239,26463.424604455395,0.7696666666666666,26433.387802068835,0.7212222222222222,31992.94259304906,0.7212222222222222,31992.94259304906,0.7437777777777778,29404.434284404597,0.7437777777777778,29404.434284404597,0.7907777777777777,24010.64603535727,0.7907777777777777,24010.64603535727,0.8378888888888888,18604.10651385356,0.8378888888888888,18604.10651385356
45207,45,宮崎県,串間市,7,73.04261504902722,51005.08982550667,5.629625911489197,0.18753068887628627,0.888299507498741,5697.293653580042,0.9912499999999999,446.29453597318377,0.8912324777245523,5547.697243757015,0.9912499999999999,446.29453597318377,0.8938431509584188,5414.539620958598,0.9912499999999999,446.29453597318377,0.9875616163760422,634.4208740240703,0.9912499999999999,446.29453597318377,0.9875870937108993,633.121400271176,0.9912499999999999,446.29453597318377,0.9876208250969647,631.4009278949666,0.9912499999999999,446.29453597318377,0.9876400244235992,630.4216645153891,0.9912499999999999,446.29453597318377,0.9876423017680643,630.3055083563765,0.9912499999999999,446.29453597318377,0.9894654375314711,537.3163049797212,0.9912499999999999,446.29453597318377,0.9961713768541813,195.27926746049638,0.9962500000000001,191.26908684565018,0.9999150188267231,4.334472376464049,1.0,0.0,0.9998317433893681,8.581943539018786,1.0,0.0,1.0,0.0,1.0,0.0,1.0,0.0,1.0,0.0,1.0,0.0,1.0,0.0,1.0,0.0,1.0,0.0
45208,45,宮崎県,西都市,12,14.608523009805447,10201.017965101337,5.394463572453667,0.23197632379829883,0.805307667851448,1986.0599779148552,0.985,153.0152694765202,0.8107947650551794,1930.0860007633325,0.985,153.0152694765202,0.8155239582061767,1881.8434164695761,0.985,153.0152694765202,0.9844261571764946,158.8690504282429,0.985,153.0152694765202,0.9844763639569283,158.35689015906925,0.985,153.0152694765202,0.9845433315634727,157.67375240162943,0.985,153.0152694765202,0.9845814827084541,157.28457188628497,0.985,153.0152694765202,0.9895860373973846,106.23301959717318,0.9900000000000001,102.01017965101346,0.9946869802474976,54.198209944215485,0.995,51.00508982550673,0.9998427537083626,1.6040722459384844,1.0,0.0,0.9998300376534462,1.73378895058562,1.0,0.0,0.9996634867787361,3.4327774156075153,1.0,0.0,1.0,0.0,1.0,0.0,1.0,0.0,1.0,0.0,1.0,0.0,1.0,0.0,1.0,0.0,1.0,0.0
45209,45,宮崎県,えびの市,13,18.260653762256805,12751.272456376668,5.138931249719811,0.1529812757670878,0.7980942395329476,2574.555362227311,1.0,0.0,0.8042173439264297,2496.4779898271827,1.0,0.0,0.8096335098147392,2427.414982916415,1.0,0.0,0.9994261571764947,7.317226189653392,1.0,0.0,0.9994763639569282,6.677025853186322,1.0,0.0,0.9995433315634727,5.8231036563865475,1.0,0.0,0.9995814827084543,5.336628012205963,1.0,0.0,0.9995860373973846,5.278549932699647,1.0,0.0,0.9996869802474977,3.9914001483859396,1.0,0.0,0.9998427537083626,2.0050903074231052,1.0,0.0,0.9998300376534462,2.1672361882320246,1.0,0.0,0.9996634867787361,4.290971769509393,1.0,0.0,1.0,0.0,1.0,0.0,1.0,0.0,1.0,0.0,1.0,0.0,1.0,0.0,1.0,0.0,1.0,0.0
45361,45,宮崎県,高原町,1,14.608523009805447,10201.017965101337,5.703306219774903,0.20077256217598924,0.7930002707242966,2111.607957112564,1.0,0.0,0.7989655195176601,2050.7563470051628,1.0,0.0,0.8043223488330841,1996.111234922542,1.0,0.0,0.9926232327520847,75.25053522035462,1.0,0.0,0.9926741874217987,74.73074571919688,1.0,0.0,0.9927416501939297,74.04255676871313,1.0,0.0,0.9927800488471986,73.65085141688216,1.0,0.0,0.992784603536129,73.60438895327711,1.0,0.0,0.9964308750629425,36.40870760261496,1.0,0.0,0.9998427537083626,1.6040722459384844,1.0,0.0,0.9998300376534462,1.73378895058562,1.0,0.0,0.9996634867787361,3.4327774156075153,1.0,0.0,1.0,0.0,1.0,0.0,1.0,0.0,1.0,0.0,1.0,0.0,1.0,0.0,1.0,0.0,1.0,0.0
45382,45,宮崎県,国富町,1,18.260653762256805,12751.272456376668,5.843784268768428,0.19443910688161842,0.7945975869894027,2619.142131495333,0.995,63.7563622818834,0.8006146624684334,2542.4167626716303,0.995,63.7563622818834,0.8059799653291703,2474.0023240833975,0.995,63.7563622818834,0.9944261571764947,71.0735884715368,0.995,63.7563622818834,0.9944763639569284,70.43338813506972,0.995,63.7563622818834,0.9945433315634727,69.57946593826995,0.995,63.7563622818834,0.9945814827084543,69.09299029408936,0.995,63.7563622818834,0.9945860373973846,69.03491221458304,0.995,63.7563622818834,0.9946869802474977,67.74776243026933,0.995,63.7563622818834,0.9998427537083626,2.0050903074231052,1.0,0.0,0.9998300376534462,2.1672361882320246,1.0,0.0,0.9996634867787361,4.290971769509393,1.0,0.0,1.0,0.0,1.0,0.0,1.0,0.0,1.0,0.0,1.0,0.0,1.0,0.0,1.0,0.0,1.0,0.0
45383,45,宮崎県,綾町,1,0.0,0.0,5.686429488752118,0.0,1.0,0.0,0.99,0.0,1.0,0.0,0.99,0.0,1.0,0.0,0.99,0.0,1.0,0.0,0.99,0.0,1.0,0.0,0.995,0.0,1.0,0.0,0.995,0.0,1.0,0.0,0.995,0.0,1.0,0.0,0.995,0.0,1.0,0.0,0.995,0.0,1.0,0.0,0.995,0.0,1.0,0.0,1.0,0.0,1.0,0.0,1.0,0.0,1.0,0.0,1.0,0.0,1.0,0.0,1.0,0.0,1.0,0.0,1.0,0.0,1.0,0.0,1.0,0.0
45401,45,宮崎県,高鍋町,4,51.129830534319055,35703.562877854674,6.1691509741711705,21.583682017640346,0.4873478603150163,18303.50790370955,0.6092857142857142,13949.892067276076,0.49110523817794666,18169.35612692456,0.6092857142857142,13949.892067276076,0.49445986375212675,18049.584041805163,0.6092857142857142,13949.892067276076,0.6089168153277466,13963.063074417452,0.6092857142857142,13949.892067276076,0.6089490911151683,13961.91071381181,0.6092857142857142,13949.892067276076,0.6089921417193753,13960.373653857572,0.6092857142857142,13949.892067276076,0.6090166674554348,13959.497997698047,0.6092857142857142,13949.892067276076,0.6090195954697474,13959.393457154933,0.6092857142857142,13949.892067276076,0.6122987730162485,13842.31513543578,0.6125,13835.130615168686,0.6348989130982331,13035.409612970316,0.635,13031.800450416955,0.6434621670629298,12729.670936602732,0.6435714285714287,12725.769911463914,0.658712241500616,12185.188945024835,0.6589285714285715,12177.465195839717,0.6910714285714287,11029.850674765818,0.6910714285714287,11029.850674765818,0.7553571428571431,8734.621632618018,0.7553571428571431,8734.621632618018,0.8410714285714287,5674.316243087616,0.8410714285714287,5674.316243087616,0.9160714285714288,2996.5490272485167,0.9160714285714288,2996.5490272485167
45402,45,宮崎県,新富町,1,0.0,0.0,5.8180998174642715,0.0,1.0,0.0,1.0,0.0,1.0,0.0,1.0,0.0,1.0,0.0,1.0,0.0,1.0,0.0,1.0,0.0,1.0,0.0,1.0,0.0,1.0,0.0,1.0,0.0,1.0,0.0,1.0,0.0,1.0,0.0,1.0,0.0,1.0,0.0,1.0,0.0,1.0,0.0,1.0,0.0,1.0,0.0,1.0,0.0,1.0,0.0,1.0,0.0,1.0,0.0,1.0,0.0,1.0,0.0,1.0,0.0,1.0,0.0,1.0,0.0,1.0,0.0,1.0,0.0
45404,45,宮崎県,木城町,7,27.39098064338521,19126.908684565,5.504292862190283,0.31856932360678913,0.7742210924625397,4318.452547369849,0.97,573.8072605369506,0.7801746529340745,4204.579339882768,0.97,573.8072605369506,0.7853848919272423,4104.9235744356865,0.97,573.8072605369506,0.9694261571764946,584.7830998214307,0.97,573.8072605369506,0.9694763639569283,583.8227993167301,0.97,573.8072605369506,0.9745433315634727,486.90737259870536,0.9749999999999999,478.17271711412553,0.9745814827084541,486.1776591324344,0.9749999999999999,478.17271711412553,0.9895860373973846,199.18691174469967,0.99,191.2690868456502,0.9946869802474976,101.62164364540402,0.9949999999999999,95.6345434228251,0.9948427537083625,98.64217888395976,0.9949999999999999,95.6345434228251,0.9998300376534464,3.250854282348037,1.0,0.0,0.9996634867787361,6.43645765426409,1.0,0.0,1.0,0.0,1.0,0.0,1.0,0.0,1.0,0.0,1.0,0.0,1.0,0.0,1.0,0.0,1.0,0.0
45405,45,宮崎県,川南町,1,0.0,0.0,5.623509148535205,0.0,1.0,0.0,1.0,0.0,1.0,0.0,1.0,0.0,1.0,0.0,1.0,0.0,1.0,0.0,1.0,0.0,1.0,0.0,1.0,0.0,1.0,0.0,1.0,0.0,1.0,0.0,1.0,0.0,1.0,0.0,1.0,0.0,1.0,0.0,1.0,0.0,1.0,0.0,1.0,0.0,1.0,0.0,1.0,0.0,1.0,0.0,1.0,0.0,1.0,0.0,1.0,0.0,1.0,0.0,1.0,0.0,1.0,0.0,1.0,0.0,1.0,0.0,1.0,0.0
45406,45,宮崎県,都農町,2,18.260653762256805,12751.272456376668,5.818944308114679,0.6087037348051672,0.7577672152908054,3088.776235693773,0.9400000000000001,765.0763473826007,0.7631318791897502,3020.369944681439,0.9400000000000001,765.0763473826007,0.7680623330862727,2957.5003837132767,0.9400000000000001,765.0763473826007,0.9394334588502535,772.3004679407676,0.9449999999999998,701.3199851007173,0.944483665630687,707.9039053224185,0.9499999999999998,637.563622818834,0.9545506332372315,579.5372585618505,0.9599999999999999,510.0508982550672,0.9595887843822128,515.2944206357865,0.9649999999999999,446.29453597318377,0.9595933390711434,515.2363425562802,0.9649999999999999,446.29453597318377,0.9796942819212563,258.92374364443435,0.985,191.26908684565018,0.9898500553821212,129.42470923970475,0.995,63.7563622818834,0.989837339327205,129.58685512051366,0.995,63.7563622818834,0.9946705709554953,67.95700178340557,1.0,0.0,1.0,0.0,1.0,0.0,1.0,0.0,1.0,0.0,1.0,0.0,1.0,0.0,1.0,0.0,1.0,0.0
45429,45,宮崎県,諸塚村,2,14.608523009805447,10201.017965101337,5.32562599727971,0.1529812757670878,0.7980942395329476,2059.6442897818492,1.0,0.0,0.8042173439264299,1997.1823918617465,1.0,0.0,0.8096335098147392,1941.9319863331323,1.0,0.0,0.9994261571764946,5.853780951722715,1.0,0.0,0.9994763639569283,5.341620682549059,1.0,0.0,0.9995433315634727,4.658482925109239,1.0,0.0,0.9995814827084541,4.269302409764771,1.0,0.0,0.9995860373973846,4.222839946159719,1.0,0.0,0.9996869802474976,3.1931201187087526,1.0,0.0,0.9998427537083626,1.6040722459384844,1.0,0.0,0.9998300376534462,1.73378895058562,1.0,0.0,0.9996634867787361,3.4327774156075153,1.0,0.0,1.0,0.0,1.0,0.0,1.0,0.0,1.0,0.0,1.0,0.0,1.0,0.0,1.0,0.0,1.0,0.0
45430,45,宮崎県,椎葉村,4,0.0,0.0,5.242092132969485,0.0,1.0,0.0,0.9962500000000001,0.0,1.0,0.0,0.9962500000000001,0.0,1.0,0.0,0.9962500000000001,0.0,1.0,0.0,0.9962500000000001,0.0,1.0,0.0,0.9962500000000001,0.0,1.0,0.0,0.9975,0.0,1.0,0.0,0.9975,0.0,1.0,0.0,0.9975,0.0,1.0,0.0,0.9975,0.0,1.0,0.0,0.9975,0.0,1.0,0.0,0.99875,0.0,1.0,0.0,1.0,0.0,1.0,0.0,1.0,0.0,1.0,0.0,1.0,0.0,1.0,0.0,1.0,0.0,1.0,0.0,1.0,0.0
45431,45,宮崎県,美郷町,4,0.0,0.0,5.292861773582416,0.0,1.0,0.0,0.9962500000000001,0.0,1.0,0.0,0.9962500000000001,0.0,1.0,0.0,0.9962500000000001,0.0,1.0,0.0,0.9962500000000001,0.0,1.0,0.0,0.9962500000000001,0.0,1.0,0.0,0.9962500000000001,0.0,1.0,0.0,0.9962500000000001,0.0,1.0,0.0,0.9962500000000001,0.0,1.0,0.0,0.9962500000000001,0.0,1.0,0.0,1.0,0.0,1.0,0.0,1.0,0.0,1.0,0.0,1.0,0.0,1.0,0.0,1.0,0.0,1.0,0.0,1.0,0.0,1.0,0.0,1.0,0.0,1.0,0.0,1.0,0.0
45441,45,宮崎県,高千穂町,5,32.869176772062254,22952.290421478006,5.266889453692042,0.1529812757670878,0.7980942395329476,4634.19965200916,1.0,0.0,0.8042173439264297,4493.660381688929,1.0,0.0,0.8096335098147391,4369.346969249547,1.0,0.0,0.9994261571764946,13.171007141376109,1.0,0.0,0.9994763639569282,12.018646535735382,1.0,0.0,0.9995433315634727,10.481586581495787,1.0,0.0,0.9995814827084541,9.605930421970733,1.0,0.0,0.9995860373973846,9.501389878859367,1.0,0.0,0.9996869802474976,7.184520267094692,1.0,0.0,0.9998427537083625,3.60916255336159,1.0,0.0,0.9998300376534461,3.9010251388176447,1.0,0.0,0.999663486778736,7.723749185116908,1.0,0.0,1.0,0.0,1.0,0.0,1.0,0.0,1.0,0.0,1.0,0.0,1.0,0.0,1.0,0.0,1.0,0.0
45442,45,宮崎県,日之影町,2,0.0,0.0,5.312204197023247,0.0,1.0,0.0,1.0,0.0,1.0,0.0,1.0,0.0,1.0,0.0,1.0,0.0,1.0,0.0,1.0,0.0,1.0,0.0,1.0,0.0,1.0,0.0,1.0,0.0,1.0,0.0,1.0,0.0,1.0,0.0,1.0,0.0,1.0,0.0,1.0,0.0,1.0,0.0,1.0,0.0,1.0,0.0,1.0,0.0,1.0,0.0,1.0,0.0,1.0,0.0,1.0,0.0,1.0,0.0,1.0,0.0,1.0,0.0,1.0,0.0,1.0,0.0,1.0,0.0
45443,45,宮崎県,五ヶ瀬町,2,0.0,0.0,5.328950243288391,0.0,1.0,0.0,1.0,0.0,1.0,0.0,1.0,0.0,1.0,0.0,1.0,0.0,1.0,0.0,1.0,0.0,1.0,0.0,1.0,0.0,1.0,0.0,1.0,0.0,1.0,0.0,1.0,0.0,1.0,0.0,1.0,0.0,1.0,0.0,1.0,0.0,1.0,0.0,1.0,0.0,1.0,0.0,1.0,0.0,1.0,0.0,1.0,0.0,1.0,0.0,1.0,0.0,1.0,0.0,1.0,0.0,1.0,0.0,1.0,0.0,1.0,0.0,1.0,0.0
46201,46,鹿児島県,鹿児島市,44,460.7948892165841,321769.48620816495,5.1803443749166895,0.25589171636947505,0.80042510970133,64217.10991145395,0.9971533923303837,915.9514872887302,0.8063124083345456,62322.75685509019,0.9971533923303837,915.9514872887302,0.8116709493534026,60598.541864627194,0.9971533923303837,915.9514872887302,0.9963036299792564,1189.37908240994,0.9971533923303837,915.9514872887302,0.9969421781325966,983.9137711905744,0.9977433628318585,726.1169821511694,0.9973015125451888,868.2909218737243,0.9977433628318585,726.1169821511694,0.9973384257474128,856.413379759844,0.9977433628318585,726.1169821511694,0.9974903252694461,807.5367486000154,0.9978908554572271,678.6583558667794,0.9977354853132129,728.6517272782976,0.9980383480825961,631.1997295823892,0.9979304519656134,665.917407707698,0.9980825958702066,616.9621416970722,0.9982131337767857,574.9590265663743,0.9983775811209441,522.0448891282917,0.9980519872077449,626.8110752909428,0.9983775811209441,522.0448891282917,0.9985250737463127,474.58626284390164,0.9985250737463127,474.58626284390164,0.9988200589970502,379.6690102751213,0.9988200589970502,379.6690102751213,0.9992625368731564,237.29313142195082,0.9992625368731564,237.29313142195082,0.9995575221238938,142.3758788531705,0.9995575221238938,142.3758788531705
46203,46,鹿児島県,鹿屋市,9,67.96384796704781,47458.62628439012,5.456584203104277,0.2082225865200163,0.790073110550642,9962.84179342156,0.999,47.458626284390164,0.7960331084728239,9679.988479376978,0.999,47.458626284390164,0.8013862780034542,9425.934407185821,0.999,47.458626284390164,0.9916232327520847,397.549866290129,0.999,47.458626284390164,0.9916741874217986,395.1316276627305,0.999,47.458626284390164,0.9917416501939297,391.9299371720569,0.999,47.458626284390164,0.9917800488471986,390.107589836748,0.999,47.458626284390164,0.9917846035361289,389.89143055695575,0.999,47.458626284390164,0.9964308750629425,169.38576655011033,1.0,0.0,0.9998427537083626,7.46269298942467,1.0,0.0,0.9998300376534462,8.066179487512596,1.0,0.0,0.9996634867787362,15.970455207721344,1.0,0.0,1.0,0.0,1.0,0.0,1.0,0.0,1.0,0.0,1.0,0.0,1.0,0.0,1.0,0.0,1.0,0.0
46204,46,鹿児島県,枕崎市,2,27.185539186819124,18983.450513756048,4.769998087564808,0.20931771107018005,0.7932609266042709,3924.620969067602,1.0,0.0,0.799334596991539,3809.321747834034,1.0,0.0,0.804723936021328,3707.0134970601807,1.0,0.0,0.9961709158122539,72.68923019108347,1.0,0.0,0.9962226812541485,71.7065434865554,1.0,0.0,0.9962921427190303,70.38792520535785,1.0,0.0,0.9963302938640117,69.66368483256026,1.0,0.0,0.9963348485529423,69.57722112064125,1.0,0.0,0.9965916568040848,64.7021143935535,1.0,0.0,0.9967474302649498,61.74499660786553,1.0,0.0,0.9967347142100335,61.9863912071007,1.0,0.0,0.9996634867787362,6.388182083088537,1.0,0.0,1.0,0.0,1.0,0.0,1.0,0.0,1.0,0.0,1.0,0.0,1.0,0.0,1.0,0.0,1.0,0.0
46206,46,鹿児島県,阿久根市,2,27.185539186819124,18983.450513756048,5.121497444452114,0.15456693435087787,0.7959961822628975,3872.696378629594,1.0,0.0,0.8021040520071985,3756.7479355941905,1.0,0.0,0.8075133006274701,3654.0617320946594,1.0,0.0,0.9994261571764947,10.893516842688163,1.0,0.0,0.9994763639569283,9.940418910870777,1.0,0.0,0.9995433315634726,8.669142666009437,1.0,0.0,0.9995814827084541,7.944902293211859,1.0,0.0,0.9995860373973847,7.858438581294954,1.0,0.0,0.9996869802474976,5.942194981457841,1.0,0.0,0.9998427537083626,2.985077195769868,1.0,0.0,0.9998300376534462,3.226471795005038,1.0,0.0,0.9996634867787362,6.388182083088537,1.0,0.0,1.0,0.0,1.0,0.0,1.0,0.0,1.0,0.0,1.0,0.0,1.0,0.0,1.0,0.0,1.0,0.0
46208,46,鹿児島県,出水市,9,78.83806364177545,55052.00648989254,4.9468696080978,0.15456693435087787,0.7959961822628976,11230.819498025821,1.0,0.0,0.8021040520071985,10894.569013223152,1.0,0.0,0.8075133006274703,10596.779023074512,1.0,0.0,0.999426157176495,31.591198843795674,1.0,0.0,0.9994763639569285,28.827214841525254,1.0,0.0,0.999543331563473,25.140513731427365,1.0,0.0,0.9995814827084544,23.04021665031439,1.0,0.0,0.9995860373973848,22.789471885755365,1.0,0.0,0.9996869802474978,17.23236544622774,1.0,0.0,0.9998427537083627,8.656723867732616,1.0,0.0,0.9998300376534464,9.356768205514609,1.0,0.0,0.9996634867787361,18.525728040956757,1.0,0.0,1.0,0.0,1.0,0.0,1.0,0.0,1.0,0.0,1.0,0.0,1.0,0.0,1.0,0.0,1.0,0.0
46210,46,鹿児島県,指宿市,9,54.37107837363825,37966.901027512096,4.95783247198989,0.15456693435087787,0.7959961822628975,7745.392757259188,1.0,0.0,0.8021040520071985,7513.495871188381,1.0,0.0,0.8075133006274701,7308.123464189319,1.0,0.0,0.9994261571764947,21.787033685376326,1.0,0.0,0.9994763639569283,19.880837821741554,1.0,0.0,0.9995433315634726,17.338285332018874,1.0,0.0,0.9995814827084541,15.889804586423718,1.0,0.0,0.9995860373973847,15.716877162589908,1.0,0.0,0.9996869802474976,11.884389962915682,1.0,0.0,0.9998427537083626,5.970154391539736,1.0,0.0,0.9998300376534462,6.452943590010076,1.0,0.0,0.9996634867787362,12.776364166177075,1.0,0.0,1.0,0.0,1.0,0.0,1.0,0.0,1.0,0.0,1.0,0.0,1.0,0.0,1.0,0.0,1.0,0.0
46214,46,鹿児島県,垂水市,4,13.592769593409562,9491.725256878024,4.938536098557917,0.20101333830505616,0.7927955742180347,1966.727481531588,1.0,0.0,0.7986620447039605,1911.0445554515975,1.0,0.0,0.8039508278667927,1860.8448787267907,1.0,0.0,0.9926232327520847,70.01824800114777,1.0,0.0,0.9926741874217987,69.53460027566807,1.0,0.0,0.9927416501939297,68.89426217753335,1.0,0.0,0.9927800488471985,68.52979271047157,1.0,0.0,0.992784603536129,68.48656085451312,1.0,0.0,0.9964308750629425,33.87715331002207,1.0,0.0,0.9998427537083626,1.492538597884934,1.0,0.0,0.9998300376534462,1.613235897502519,1.0,0.0,0.9996634867787362,3.1940910415442687,1.0,0.0,1.0,0.0,1.0,0.0,1.0,0.0,1.0,0.0,1.0,0.0,1.0,0.0,1.0,0.0,1.0,0.0
46215,46,鹿児島県,薩摩川内市,35,180.78383559234717,126239.9459164777,4.99231929044215,0.1645351142003515,0.7943047898066672,25966.952210084863,0.9979323308270677,261.02244456414587,0.800407051090011,25196.603075707306,0.9979323308270677,261.02244456414587,0.8058095765192257,24514.588557710842,0.9979323308270677,261.02244456414587,0.9977344278531864,286.0057052836321,0.9983082706766918,213.56381827975574,0.9977846346336199,279.66760403704643,0.9983082706766918,213.56381827975574,0.9978516022401644,271.2136170087185,0.9983082706766918,213.56381827975574,0.997889753385146,266.3974185296146,0.9983082706766918,213.56381827975574,0.9986461877733244,170.90518227658683,0.9990601503759401,118.64656571097541,0.9993110403978736,86.97422291108481,0.9996240601503762,47.458626284390164,0.9998427537083626,19.850763351869624,1.0,0.0,0.9998300376534462,21.456037436783504,1.0,0.0,0.9996634867787361,42.48141085253877,1.0,0.0,1.0,0.0,1.0,0.0,1.0,0.0,1.0,0.0,1.0,0.0,1.0,0.0,1.0,0.0,1.0,0.0
46216,46,鹿児島県,日置市,11,114.17926458464031,79730.4921577754,4.987256814406721,0.13616610883291622,0.820282351041124,14328.976600929496,1.0,0.0,0.825663093434913,13899.967361698506,1.0,0.0,0.8304283838861045,13520.028408750239,1.0,0.0,0.9994944717983408,40.3060123179462,1.0,0.0,0.9995387015811036,36.77954997022187,1.0,0.0,0.9995976968535356,32.07582786423492,1.0,0.0,0.9996313061955433,29.39613848488388,1.0,0.0,0.9996353186596008,29.07622275079133,1.0,0.0,0.999724244503748,21.986121431394007,1.0,0.0,0.9998614735049861,11.044785624348512,1.0,0.0,0.9998502712661312,11.937945641518642,1.0,0.0,0.9997035478765057,23.636273707427588,1.0,0.0,1.0,0.0,1.0,0.0,1.0,0.0,1.0,0.0,1.0,0.0,1.0,0.0,1.0,0.0,1.0,0.0
46217,46,鹿児島県,曽於市,6,48.08257028513141,33575.68475318474,5.56666918140461,0.2452678860227405,0.7863390519771059,7173.812634883286,0.9908480892044333,307.2816717612136,0.7922857577932593,6974.147915080188,0.9908480892044333,307.2816717612136,0.7975917117962398,6795.996876161209,0.9908480892044333,307.2816717612136,0.9845047596180099,520.2633062405183,0.9908480892044333,307.2816717612136,0.9845556006752681,518.5562829294923,0.9908480892044333,307.2816717612136,0.9846229882264009,516.2936997563683,0.9908480892044333,307.2816717612136,0.9846613492804891,515.0057010975107,0.9908480892044333,307.2816717612136,0.9872101715827195,429.4272469859305,0.9933923568177334,221.85614444931133,0.9961659586141437,128.73056490217394,0.9992404460221669,25.502544912753365,0.9998427537083626,5.279651916624044,1.0,0.0,0.9998300376534461,5.706602167800367,1.0,0.0,0.999663486778736,11.298661832436563,1.0,0.0,1.0,0.0,1.0,0.0,1.0,0.0,1.0,0.0,1.0,0.0,1.0,0.0,1.0,0.0,1.0,0.0
46218,46,鹿児島県,霧島市,19,114.17926458464031,79730.4921577754,5.419974439871375,0.15298127576708784,0.7980942395329477,16098.045651528004,1.0,0.0,0.8042173439264299,15609.847524702232,1.0,0.0,0.8096335098147392,15178.013952819161,1.0,0.0,0.999426157176495,45.75277073929028,1.0,0.0,0.9994763639569283,41.74975942565726,1.0,0.0,0.9995433315634729,36.410399197239634,1.0,0.0,0.9995814827084545,33.36858963148981,1.0,0.0,0.9995860373973846,33.005442041438805,1.0,0.0,0.9996869802474977,24.95721892212293,1.0,0.0,0.9998427537083625,12.537324222233446,1.0,0.0,0.9998300376534464,13.551181539021162,1.0,0.0,0.9996634867787361,26.830364748971856,1.0,0.0,1.0,0.0,1.0,0.0,1.0,0.0,1.0,0.0,1.0,0.0,1.0,0.0,1.0,0.0,1.0,0.0
46219,46,鹿児島県,いちき串木野市,7,46.21541661759251,32271.865873385283,4.849461142861167,0.15456693435087787,0.7959961822628974,6583.58384367031,1.0,0.0,0.8021040520071985,6386.471490510124,1.0,0.0,0.8075133006274702,6211.904944560922,1.0,0.0,0.9994261571764947,18.518978632569876,1.0,0.0,0.9994763639569283,16.89871214848032,1.0,0.0,0.9995433315634729,14.737542532216043,1.0,0.0,0.9995814827084541,13.50633389846016,1.0,0.0,0.9995860373973847,13.359345588201421,1.0,0.0,0.9996869802474976,10.101731468478329,1.0,0.0,0.9998427537083627,5.074631232808775,1.0,0.0,0.9998300376534462,5.485002051508564,1.0,0.0,0.9996634867787361,10.859909541250513,1.0,0.0,1.0,0.0,1.0,0.0,1.0,0.0,1.0,0.0,1.0,0.0,1.0,0.0,1.0,0.0,1.0,0.0
46220,46,鹿児島県,南さつま市,7,67.96384796704781,47458.62628439012,4.936811462023201,0.16745416885614403,0.8346087412834167,7849.241938135204,1.0,0.0,0.839467677593231,7618.643495668068,1.0,0.0,0.8437791488170623,7414.026994120361,1.0,0.0,0.9969367326498032,145.37846038216694,1.0,0.0,0.9969781450033188,143.4130869731108,1.0,0.0,0.9970337141752244,140.7758504107157,1.0,0.0,0.9970642350912094,139.32736966512053,1.0,0.0,0.997067878842354,139.1544422412825,1.0,0.0,0.997273325443268,129.404228787107,1.0,0.0,0.9973979442119598,123.48999321573106,1.0,0.0,0.9973877713680269,123.9727824142014,1.0,0.0,0.9997307894229889,12.776364166177075,1.0,0.0,1.0,0.0,1.0,0.0,1.0,0.0,1.0,0.0,1.0,0.0,1.0,0.0,1.0,0.0,1.0,0.0
46221,46,鹿児島県,志布志市,2,13.592769593409562,9491.725256878024,5.62440634608713,0.3313689493760469,0.7822662054002285,2066.669357478543,0.9900000000000001,94.91725256878033,0.7881604877114295,2010.7224491941467,0.9900000000000001,94.91725256878033,0.7935133592784405,1959.9144629447248,0.9900000000000001,94.91725256878033,0.9826232327520847,164.9355005699281,0.9900000000000001,94.91725256878033,0.9826741874217986,164.45185284444838,0.9900000000000001,94.91725256878033,0.9827416501939297,163.8115147463137,0.9900000000000001,94.91725256878033,0.9827800488471985,163.44704527925188,0.9900000000000001,94.91725256878033,0.982784603536129,163.40381342329343,0.9900000000000001,94.91725256878033,0.9864308750629426,128.7944058788024,0.9900000000000001,94.91725256878033,0.9948427537083626,48.951164882275094,0.995,47.458626284390164,0.9948300376534462,49.07186218189268,0.995,47.458626284390164,0.9996634867787362,3.1940910415442687,1.0,0.0,1.0,0.0,1.0,0.0,1.0,0.0,1.0,0.0,1.0,0.0,1.0,0.0,1.0,0.0,1.0,0.0
46223,46,鹿児島県,南九州市,12,95.14938715386693,66442.07679814617,4.953260321212073,0.11040495310776992,0.8542829873306411,9681.740946573986,1.0,0.0,0.8586457514337131,9391.869838985476,1.0,0.0,0.8625095004481929,9135.154330236648,1.0,0.0,0.9995901122689248,27.233792106720408,1.0,0.0,0.9996259742549487,24.851047277176942,1.0,0.0,0.9996738082596234,21.67285666502359,1.0,0.0,0.9997010590774674,19.86225573302965,1.0,0.0,0.9997043124267032,19.646096453237384,1.0,0.0,0.9997764144624982,14.855487453644603,1.0,0.0,0.999887681220259,7.46269298942467,1.0,0.0,0.9998785983238901,8.066179487512596,1.0,0.0,0.9997596334133829,15.970455207721344,1.0,0.0,1.0,0.0,1.0,0.0,1.0,0.0,1.0,0.0,1.0,0.0,1.0,0.0,1.0,0.0,1.0,0.0
46224,46,鹿児島県,伊佐市,4,20.389154390114342,14237.587885317036,5.18528562498499,0.16275862363477536,0.7967299709717434,2894.07490274075,0.9983333333333333,23.729313142195082,0.8028479971488318,2806.968967359784,0.9983333333333333,23.729313142195082,0.8082615695397058,2729.892754671186,0.9983333333333333,23.729313142195082,0.997759490509828,31.899450774211203,0.9983333333333333,23.729313142195082,0.9978096972902617,31.18462732534816,0.9983333333333333,23.729313142195082,0.9978766648968062,30.231170141702158,0.9983333333333333,23.729313142195082,0.9979148160417876,29.687989862103976,0.9983333333333333,23.729313142195082,0.997919370730718,29.623142078166293,0.9983333333333333,23.729313142195082,0.9996869802474976,4.4566462360933805,1.0,0.0,0.9998427537083626,2.238807896827401,1.0,0.0,0.9998300376534462,2.4198538462537784,1.0,0.0,0.9996634867787362,4.791136562316403,1.0,0.0,1.0,0.0,1.0,0.0,1.0,0.0,1.0,0.0,1.0,0.0,1.0,0.0,1.0,0.0,1.0,0.0
46225,46,鹿児島県,姶良市,2,27.185539186819124,18983.450513756048,5.500606808702559,0.19624260988086456,0.7962486080825328,3867.904465574151,0.9975,47.458626284390164,0.802369631677866,3751.7063170586125,0.9975,47.458626284390164,0.8077836374938487,3648.929805569715,0.9975,47.458626284390164,0.9969261571764946,58.35214312707832,0.9975,47.458626284390164,0.9969763639569282,57.39904519526094,0.9975,47.458626284390164,0.9970433315634727,56.1277689503996,0.9975,47.458626284390164,0.9970814827084542,55.40352857760202,0.9975,47.458626284390164,0.9970860373973846,55.31706486568511,0.9975,47.458626284390164,0.9971869802474976,53.40082126584801,0.9975,47.458626284390164,0.9973427537083627,50.443703480160025,0.9975,47.458626284390164,0.9973300376534462,50.6850980793952,0.9975,47.458626284390164,0.9996634867787362,6.388182083088537,1.0,0.0,1.0,0.0,1.0,0.0,1.0,0.0,1.0,0.0,1.0,0.0,1.0,0.0,1.0,0.0,1.0,0.0
46392,46,鹿児島県,さつま町,8,54.37107837363825,37966.901027512096,4.8611909778920595,0.15456693435087787,0.7959961822628975,7745.392757259188,1.0,0.0,0.8021040520071985,7513.495871188381,1.0,0.0,0.8075133006274701,7308.123464189319,1.0,0.0,0.9994261571764947,21.787033685376326,1.0,0.0,0.9994763639569283,19.880837821741554,1.0,0.0,0.9995433315634726,17.338285332018874,1.0,0.0,0.9995814827084541,15.889804586423718,1.0,0.0,0.9995860373973847,15.716877162589908,1.0,0.0,0.9996869802474976,11.884389962915682,1.0,0.0,0.9998427537083626,5.970154391539736,1.0,0.0,0.9998300376534462,6.452943590010076,1.0,0.0,0.9996634867787362,12.776364166177075,1.0,0.0,1.0,0.0,1.0,0.0,1.0,0.0,1.0,0.0,1.0,0.0,1.0,0.0,1.0,0.0,1.0,0.0
46404,46,鹿児島県,長島町,1,13.592769593409562,9491.725256878024,4.613859112065385,0.15456693435087787,0.7959961822628975,1936.348189314797,1.0,0.0,0.8021040520071985,1878.3739677970952,1.0,0.0,0.8075133006274701,1827.0308660473297,1.0,0.0,0.9994261571764947,5.446758421344081,1.0,0.0,0.9994763639569283,4.970209455435389,1.0,0.0,0.9995433315634726,4.334571333004718,1.0,0.0,0.9995814827084541,3.9724511466059296,1.0,0.0,0.9995860373973847,3.929219290647477,1.0,0.0,0.9996869802474976,2.9710974907289205,1.0,0.0,0.9998427537083626,1.492538597884934,1.0,0.0,0.9998300376534462,1.613235897502519,1.0,0.0,0.9996634867787362,3.1940910415442687,1.0,0.0,1.0,0.0,1.0,0.0,1.0,0.0,1.0,0.0,1.0,0.0,1.0,0.0,1.0,0.0,1.0,0.0
46452,46,鹿児島県,湧水町,6,13.592769593409562,9491.725256878024,5.195633597776194,0.1529812757670878,0.7980942395329476,1916.4340061342862,1.0,0.0,0.8042173439264297,1858.3151815121705,1.0,0.0,0.8096335098147392,1806.906422954662,1.0,0.0,0.9994261571764947,5.446758421344081,1.0,0.0,0.9994763639569283,4.970209455435389,1.0,0.0,0.9995433315634726,4.334571333004718,1.0,0.0,0.9995814827084541,3.9724511466059296,1.0,0.0,0.9995860373973847,3.929219290647477,1.0,0.0,0.9996869802474976,2.9710974907289205,1.0,0.0,0.9998427537083626,1.492538597884934,1.0,0.0,0.9998300376534462,1.613235897502519,1.0,0.0,0.9996634867787362,3.1940910415442687,1.0,0.0,1.0,0.0,1.0,0.0,1.0,0.0,1.0,0.0,1.0,0.0,1.0,0.0,1.0,0.0,1.0,0.0
46468,46,鹿児島県,大崎町,1,10.87421567472765,7593.380205502419,5.554619113881503,0.20077256217598924,0.7930002707242967,1571.827646826486,1.0,0.0,0.7989655195176603,1526.5312447180618,1.0,0.0,0.8043223488330841,1485.8548030300667,1.0,0.0,0.9926232327520847,56.01459840091822,1.0,0.0,0.9926741874217987,55.62768022053445,1.0,0.0,0.9927416501939297,55.11540974202668,1.0,0.0,0.9927800488471985,54.823834168377246,1.0,0.0,0.992784603536129,54.78924868361049,1.0,0.0,0.9964308750629425,27.101722648017653,1.0,0.0,0.9998427537083626,1.194030878307947,1.0,0.0,0.9998300376534462,1.2905887180020152,1.0,0.0,0.9996634867787361,2.555272833235415,1.0,0.0,1.0,0.0,1.0,0.0,1.0,0.0,1.0,0.0,1.0,0.0,1.0,0.0,1.0,0.0,1.0,0.0
46482,46,鹿児島県,東串良町,1,13.592769593409562,9491.725256878024,5.599514160416564,0.2023866896331311,0.7908531926572323,1985.1640336507503,1.0,0.0,0.7968137046694755,1928.5884912402164,1.0,0.0,0.802168244868517,1877.7646667940069,1.0,0.0,0.9926232327520847,70.01824800114777,1.0,0.0,0.9926741874217987,69.53460027566807,1.0,0.0,0.9927416501939297,68.89426217753335,1.0,0.0,0.9927800488471985,68.52979271047157,1.0,0.0,0.992784603536129,68.48656085451312,1.0,0.0,0.9964308750629425,33.87715331002207,1.0,0.0,0.9998427537083626,1.492538597884934,1.0,0.0,0.9998300376534462,1.613235897502519,1.0,0.0,0.9996634867787362,3.1940910415442687,1.0,0.0,1.0,0.0,1.0,0.0,1.0,0.0,1.0,0.0,1.0,0.0,1.0,0.0,1.0,0.0,1.0,0.0
46490,46,鹿児島県,錦江町,1,0.0,0.0,5.072312398596955,0.0,1.0,0.0,1.0,0.0,1.0,0.0,1.0,0.0,1.0,0.0,1.0,0.0,1.0,0.0,1.0,0.0,1.0,0.0,1.0,0.0,1.0,0.0,1.0,0.0,1.0,0.0,1.0,0.0,1.0,0.0,1.0,0.0,1.0,0.0,1.0,0.0,1.0,0.0,1.0,0.0,1.0,0.0,1.0,0.0,1.0,0.0,1.0,0.0,1.0,0.0,1.0,0.0,1.0,0.0,1.0,0.0,1.0,0.0,1.0,0.0,1.0,0.0,1.0,0.0
46491,46,鹿児島県,南大隅町,3,13.592769593409562,9491.725256878024,5.242127114958847,0.201636931039393,0.7918573074042797,1975.6332523453966,1.0,0.0,0.797832143008709,1918.9217543331415,1.0,0.0,0.8031539373099804,1868.4087449518538,1.0,0.0,0.9926232327520847,70.01824800114777,1.0,0.0,0.9926741874217987,69.53460027566807,1.0,0.0,0.9927416501939297,68.89426217753335,1.0,0.0,0.9927800488471985,68.52979271047157,1.0,0.0,0.992784603536129,68.48656085451312,1.0,0.0,0.9964308750629425,33.87715331002207,1.0,0.0,0.9998427537083626,1.492538597884934,1.0,0.0,0.9998300376534462,1.613235897502519,1.0,0.0,0.9996634867787362,3.1940910415442687,1.0,0.0,1.0,0.0,1.0,0.0,1.0,0.0,1.0,0.0,1.0,0.0,1.0,0.0,1.0,0.0,1.0,0.0
46492,46,鹿児島県,肝付町,3,13.592769593409562,9491.725256878024,4.981116760782521,0.201636931039393,0.7918573074042797,1975.6332523453966,1.0,0.0,0.797832143008709,1918.9217543331415,1.0,0.0,0.8031539373099804,1868.4087449518538,1.0,0.0,0.9926232327520847,70.01824800114777,1.0,0.0,0.9926741874217987,69.53460027566807,1.0,0.0,0.9927416501939297,68.89426217753335,1.0,0.0,0.9927800488471985,68.52979271047157,1.0,0.0,0.992784603536129,68.48656085451312,1.0,0.0,0.9964308750629425,33.87715331002207,1.0,0.0,0.9998427537083626,1.492538597884934,1.0,0.0,0.9998300376534462,1.613235897502519,1.0,0.0,0.9996634867787362,3.1940910415442687,1.0,0.0,1.0,0.0,1.0,0.0,1.0,0.0,1.0,0.0,1.0,0.0,1.0,0.0,1.0,0.0,1.0,0.0
