muni_code,pref_code,pref_name,muni_name,n_bus,load_mw,customers,intensity_mean,expected_outage_days,served_t0,outage_customers_t0,phys_t0,outage_customers_phys_t0,served_t0.25,outage_customers_t0.25,phys_t0.25,outage_customers_phys_t0.25,served_t0.5,outage_customers_t0.5,phys_t0.5,outage_customers_phys_t0.5,served_t1,outage_customers_t1,phys_t1,outage_customers_phys_t1,served_t2,outage_customers_t2,phys_t2,outage_customers_phys_t2,served_t3,outage_customers_t3,phys_t3,outage_customers_phys_t3,served_t4,outage_customers_t4,phys_t4,outage_customers_phys_t4,served_t5,outage_customers_t5,phys_t5,outage_customers_phys_t5,served_t7,outage_customers_t7,phys_t7,outage_customers_phys_t7,served_t10,outage_customers_t10,phys_t10,outage_customers_phys_t10,served_t14,outage_customers_t14,phys_t14,outage_customers_phys_t14,served_t21,outage_customers_t21,phys_t21,outage_customers_phys_t21,served_t30,outage_customers_t30,phys_t30,outage_customers_phys_t30,served_t45,outage_customers_t45,phys_t45,outage_customers_phys_t45,served_t60,outage_customers_t60,phys_t60,outage_customers_phys_t60,served_t90,outage_customers_t90,phys_t90,outage_customers_phys_t90
22101,22,静岡県,静岡市葵区,48,255.00630684224473,141253.4934959493,5.830859272687134,2.7550389510186464,0.11328647815129339,125251.38269122658,0.14113445378151265,121317.75884666806,0.1294734936176228,122964.91020733459,0.16105042016806725,118504.55901821931,0.21123625978451818,111415.63384836819,0.2621428571428572,104224.89912951115,0.5027063137966763,70244.47046969784,0.5146218487394959,68561.35953215152,0.7637682475245468,33368.56031182816,0.7793697478991598,31164.793880135705,0.8431008183699312,22162.5575319027,0.8591176470588237,19900.124524870505,0.876282769909927,17475.490955865014,0.8925630252100841,15175.848019711866,0.8962542129689907,14654.45485361683,0.9147058823529413,12048.092092301558,0.9202567450339054,11264.013346699085,0.9411344537815127,8314.964049908613,0.9415807044305723,8251.92958675412,0.9665546218487397,4724.276505158641,0.9528994196427973,6653.121521141605,0.982857142857143,2421.4884599305606,0.9572285449129195,6041.6174529552445,0.9930252100840338,985.2134420305715,0.9948319327731093,730.0075504202429,0.9948319327731093,730.0075504202429,0.9987815126050422,172.11560131859383,0.9987815126050422,172.11560131859383,1.0,0.0,1.0,0.0,1.0,0.0,1.0,0.0
22102,22,静岡県,静岡市駿河区,16,70.78384339675526,39208.6975678105,6.238583710031989,3.28465624824193,0.10909230868253024,34931.330229702944,0.13921920075201452,33750.09402989247,0.13101961208600327,34071.589222078546,0.16698876811707264,32661.285461486965,0.202876910685738,31254.158133241697,0.2612845709355657,28964.06984686278,0.5045096131512369,19427.53272571058,0.5193133606574416,18847.097066869574,0.754907975479257,9609.739065716205,0.7761637386766309,8776.328274937372,0.8176427223653945,7149.991348064501,0.8408514189774366,6240.008581659864,0.8481302518319619,5954.61502562015,0.8680848073290187,5172.222894035951,0.8577464884295284,5577.574913125649,0.8780848073290187,4780.135918357846,0.8838746826800803,4553.12244676276,0.9075367699971087,3625.362821326256,0.914428102131335,3355.162663836052,0.9423776544308716,2259.2971205678123,0.937181992220635,2463.012268833485,0.9696021756325336,1191.85910234341,0.9475980817527319,2054.6109645302595,0.9864377750685226,531.7571756849131,0.9907748523628317,361.70602372412895,0.9907748523628317,361.70602372412895,0.9981614448473707,72.08735294117653,0.9981614448473707,72.08735294117653,1.0,0.0,1.0,0.0,1.0,0.0,1.0,0.0
22103,22,静岡県,静岡市清水区,24,332.1510719373776,183985.64278884153,6.274415865806645,10.139281919931006,0.09600341673627977,166322.39245069204,0.12229032258064518,161485.9791819867,0.11075303717486322,163608.67405340786,0.14145161290322583,157960.57686532312,0.1772600075669827,151372.34635587528,0.2261935483870968,142369.2773941526,0.4277329592720283,105288.91933520403,0.4466774193548387,101803.41066958061,0.6162662077142976,70601.50843348476,0.6401935483870969,66199.2212795722,0.6930747493967562,56469.83952036408,0.7150322580645162,52429.97317408471,0.7215830835988446,51224.715327353755,0.7406129032258065,47723.50173113144,0.7365225357490202,48476.070620590544,0.7569677419354839,44714.44621842361,0.7724871022585901,41859.106733705295,0.7959354838709677,37544.94117039391,0.8174854841616847,33580.05051480666,0.843258064516129,28838.265751967134,0.8301285515023816,31253.907643305916,0.8587419354838709,25989.455799107647,0.8339395352477028,30552.74134926517,0.8703548387096776,23852.848334463033,0.8848270992194454,21190.160181965835,0.8871935483870969,20754.76751072835,0.9214193548387098,14457.71051076187,0.9214193548387098,14457.71051076187,0.9416129032258065,10742.387530574295,0.9416129032258065,10742.387530574295,0.9761935483870968,4380.045302521452,0.9761935483870968,4380.045302521452
22138,22,静岡県,浜松市中央区,54,627.8726714687201,347792.21507826186,6.289324450359841,21.83293149812097,0.07578884379582643,321433.4452162908,0.10310580204778161,311932.819796643,0.08540650255539468,318088.4983724337,0.116382252559727,307315.37366471655,0.1359160280674649,300521.67861203896,0.18873720136518776,282150.88574779115,0.35844464880154814,223127.95668862172,0.39081911262798646,211868.37020245372,0.5362628603336079,161284.16701863176,0.5780546075085327,146749.32269667403,0.590812716319679,142312.15177303596,0.6348464163822526,126997.57369018163,0.6111111288386579,135252.52192048795,0.6555972696245734,119780.58847627096,0.6188073858028711,132575.8236630927,0.6647440273037544,116599.41736224454,0.6289748703219151,129039.65170044043,0.6731911262798635,113661.5820983582,0.6397686978564195,125285.64251304249,0.6865017064846418,109032.26592496155,0.6571434387876581,119242.84287815608,0.7043856655290104,102812.36419455169,0.6728522497416697,113779.44072021471,0.7203412969283278,97263.1198072108,0.71976380211327,97463.96800813601,0.7447440273037543,88776.04015598359,0.7757361613750403,77997.21719732866,0.7910921501706487,72656.52383938704,0.8192584637876638,62860.499235936375,0.8308361774744031,58833.86054728343,0.908985698577867,31654.065495404273,0.9113481228668944,30832.432718968765
22139,22,静岡県,浜松市浜名区,26,171.43281132251747,94960.33176198271,5.981001352404825,4.16641928367983,0.11109129321202638,84411.06570270099,0.1498125,80734.08705989068,0.12256843288149685,83321.19271200946,0.1653125,79262.20191757995,0.2078374953572056,75224.01425028293,0.2830625,68080.62285260648,0.48726906628122013,48689.0995705665,0.532,44441.435264607906,0.7380068692879613,24878.954611775698,0.8034375000000001,18665.64021196473,0.8127565299049455,17780.70204049125,0.8833125,11080.683712476359,0.840375388852881,15158.006031907917,0.9133749999999999,8225.938738881752,0.8572342276302662,13557.085108485635,0.9249374999999999,7127.959902883827,0.8781637536683919,11569.610372284144,0.9434375,5371.193765287148,0.892484609832638,10209.697119811717,0.9586250000000001,3928.9837266520353,0.905403095638525,8982.953421822218,0.9683750000000001,3003.120491972705,0.9216848060301417,7436.836801381765,0.984,1519.3653081917248,0.9757987863338786,2298.155278777525,0.9934375000000001,623.1771771880121,0.9926309023515787,699.7719574805327,0.9987499999999999,118.70041470247851,0.9963934118361213,342.48280857076793,1.0,0.0,0.9985646317370701,136.3030464484387,1.0,0.0
22140,22,静岡県,浜松市天竜区,22,120.00296792576223,66472.2322333879,5.682478657789288,2.5658867658750495,0.11937936763146097,58536.81918431443,0.1525,56335.216817796245,0.13301098274333137,57630.69529888203,0.16955357142857141,55201.627857387575,0.21788253674017533,51989.09365159529,0.2785714285714285,47954.96753980126,0.537515448139997,30742.38053559244,0.5524107142857143,29752.258945176214,0.7950022229439127,13626.659843800508,0.8168750000000001,12172.72752773916,0.8626805263893506,9127.931940013668,0.885,7644.306706839608,0.8959388542523966,6917.176646607109,0.9195535714285714,5347.4536823466515,0.9164921212372428,5550.955110435597,0.9416964285714285,3875.568540035922,0.93985118324015,3998.226116224232,0.9659821428571427,2261.242900082214,0.9515630934439001,3219.709301263982,0.980892857142857,1270.0944373165198,0.9534307243833817,3095.563703728499,0.9871428571428571,854.6429858578452,0.954645104067666,3014.8411753352348,0.99375,415.4514514586748,0.99375,415.4514514586748,0.99375,415.4514514586748,0.9991071428571429,59.350207351239256,0.9991071428571429,59.350207351239256,1.0,0.0,1.0,0.0,1.0,0.0,1.0,0.0
22203,22,静岡県,沼津市,6,100.71677665197903,55789.19491016485,6.092528221402418,4.060702356858839,0.1113320864056871,49578.067441922656,0.15212765957446805,47302.11525893764,0.13966793911764397,47997.23303202957,0.18925531914893615,45230.7930223794,0.21559443057571695,43761.355201230166,0.3017021276595745,38957.47610535341,0.4802793958674072,28994.794082781846,0.5537234042553191,24897.411983844846,0.7165843783900795,15811.529354581387,0.8180851063829787,10148.885457061904,0.7958220774223447,11390.921919037366,0.9001063829787233,5572.98447028136,0.8210075123080312,9985.846783302535,0.9154255319148935,4718.341484423515,0.8346396417101501,9225.321259047127,0.9243617021276596,4219.799742673104,0.8569625969214533,7979.941559792853,0.9369148936170213,3519.4672959284844,0.8883934938652254,6226.437123995456,0.9594680851063827,2261.242900082216,0.9129773480399817,4854.92369179689,0.9742553191489359,1436.27501789999,0.9279876900294503,4017.508796878202,0.9799999999999999,1115.7838982032981,0.9762244113114601,1326.420951448852,0.9882978723404254,652.8522808636319,0.9968186444989305,177.48526212768363,0.9978723404255317,118.70041470247851,1.0,0.0,1.0,0.0,1.0,0.0,1.0,0.0
22205,22,静岡県,熱海市,2,0.0,0.0,5.567734550086502,1.1603125000000003,0.16,0.0,0.16,0.0,0.1875,0.0,0.1875,0.0,0.2925,0.0,0.2925,0.0,0.5825,0.0,0.5825,0.0,0.8374999999999999,0.0,0.8374999999999999,0.0,0.9424999999999999,0.0,0.9424999999999999,0.0,0.975,0.0,0.975,0.0,0.985,0.0,0.985,0.0,0.9975,0.0,0.9975,0.0,1.0,0.0,1.0,0.0,1.0,0.0,1.0,0.0,1.0,0.0,1.0,0.0,1.0,0.0,1.0,0.0,1.0,0.0,1.0,0.0,1.0,0.0,1.0,0.0,1.0,0.0,1.0,0.0
22206,22,静岡県,三島市,1,0.0,0.0,6.182269539405837,1.1612500000000001,0.16,0.0,0.155,0.0,0.18,0.0,0.165,0.0,0.26,0.0,0.235,0.0,0.545,0.0,0.515,0.0,0.855,0.0,0.78,0.0,0.96,0.0,0.885,0.0,0.98,0.0,0.905,0.0,0.99,0.0,0.915,0.0,0.995,0.0,0.92,0.0,1.0,0.0,0.925,0.0,1.0,0.0,0.925,0.0,1.0,0.0,0.925,0.0,1.0,0.0,0.925,0.0,1.0,0.0,0.96,0.0,1.0,0.0,1.0,0.0,1.0,0.0,1.0,0.0
22207,22,静岡県,富士宮市,16,0.0,0.0,6.276922304817229,1.1026171875000004,0.16,0.0,0.1359375,0.0,0.17625,0.0,0.15031250000000002,0.0,0.29281250000000003,0.0,0.2515625,0.0,0.5921875,0.0,0.51,0.0,0.8725,0.0,0.7515624999999999,0.0,0.949375,0.0,0.8190625,0.0,0.9771875,0.0,0.8465625,0.0,0.99,0.0,0.8668750000000001,0.0,0.998125,0.0,0.880625,0.0,1.0,0.0,0.8887499999999999,0.0,1.0,0.0,0.9053125,0.0,1.0,0.0,0.9290625,0.0,1.0,0.0,0.9396875,0.0,1.0,0.0,0.975,0.0,1.0,0.0,0.9959375,0.0,1.0,0.0,0.9984375000000001,0.0
22209,22,静岡県,島田市,29,83.57349551972729,46293.16173396657,5.997885538293135,2.7261071078595216,0.11251429680066229,41084.51919479,0.14410256410256408,39622.19842768729,0.1270320834792577,40412.44494805855,0.1624358974358974,38773.490462564565,0.21497226174825274,36341.416052538116,0.2725641025641025,33675.30765109313,0.5092785097009096,22717.049316748897,0.5206410256410254,22191.042528628335,0.755630033162082,11312.658397751778,0.7726923076923077,10522.79176337471,0.8396913337617372,7421.195013524366,0.8606410256410254,6451.367539079701,0.8689055151039232,6068.778191725118,0.8914102564102561,5026.96256264996,0.8902809111722029,5079.243524408656,0.9148717948717947,3940.8537681222833,0.9146417674391815,3951.502465263493,0.9425641025641025,2658.889289335516,0.9360372064787017,2961.0399454377575,0.9675641025641023,1501.5602459863521,0.9514089865638659,2249.431643816295,0.9837179487179484,753.7476333607385,0.9587955984473228,1907.4820252293885,0.9979487179487178,94.9603317619828,1.0,0.0,1.0,0.0,1.0,0.0,1.0,0.0,1.0,0.0,1.0,0.0,1.0,0.0,1.0,0.0
22210,22,静岡県,富士市,20,165.00408089792307,91399.31932090837,6.249625546220551,3.786114109983286,0.10545256043602894,81761.02707640837,0.13506493506493505,79054.47619185061,0.12055442764968068,80380.72669260587,0.15383116883116882,77339.25519939979,0.18649097711361898,74354.17095323249,0.23870129870129872,69582.18309859284,0.4492057798917907,50342.21680378091,0.4697402597402598,48465.37932302193,0.680352693986117,29215.546192431008,0.7086363636363637,26630.43803850103,0.7795825937039078,20146.000901942927,0.8081818181818182,17532.05125155606,0.8056295379358718,17765.327928751758,0.8301948051948052,15520.07922234905,0.8259385251250989,15909.100323559353,0.8517532467532467,13549.652338287908,0.867916393637689,12072.351714966035,0.8962337662337663,9484.163134728027,0.9044498484626537,8733.218811523102,0.9332467532467532,6101.201315707393,0.9293875196533862,6453.93263924153,0.9627922077922078,3400.766881226007,0.9369148136327019,5765.943093203692,0.9791558441558441,1905.1416559747774,0.9870176712336478,1186.5760124448384,0.9906493506493507,854.6429858578452,0.9981818181818183,166.18058058346992,0.9981818181818183,166.18058058346992,1.0,0.0,1.0,0.0,1.0,0.0,1.0,0.0
22211,22,静岡県,磐田市,26,186.4331823132378,103269.36079115618,6.291639088475477,3.2791691963638674,0.11629980924828297,91259.15382995264,0.14862068965517236,87921.39717012574,0.12961969197418632,89883.61805503542,0.16655172413793098,86069.67070076709,0.2102340130658583,81558.62864528544,0.2751724137931034,74852.48151138288,0.5075237512360085,50857.70741468382,0.5287931034482757,48661.23500728102,0.7563281194128121,25163.839351017825,0.7887931034482757,21811.20120158041,0.8327663106668602,17270.116200180128,0.8660344827586207,13834.533333573854,0.8671550933709606,13718.808591941697,0.9017241379310343,10148.885457061904,0.8783243507697623,12565.366519855559,0.9143103448275861,8849.115916069768,0.8919420564119753,11159.074762742093,0.9263793103448272,7602.761561693744,0.9062075761876996,9685.883654149458,0.945862068965517,5590.789532486732,0.9263459132561923,7606.210457689385,0.9634482758620687,3774.6731875388155,0.9457348620345019,5603.926110940869,0.9849999999999998,1549.0404118673432,0.9927658521121262,747.0658282494053,0.9984482758620689,160.24555984834598,0.9984495350211889,160.11552729087683,0.9994827586206896,53.41518661611533,0.999483353734189,53.35372962543654,1.0,0.0,1.0,0.0,1.0,0.0
22212,22,静岡県,焼津市,11,68.57312452900699,37984.13270479309,6.307659317979192,5.156707413954042,0.10254622926935554,34089.00312384975,0.13062500000000002,33022.455370229494,0.11899544851854445,33464.19379699833,0.15125,32239.032633193136,0.19636124736745844,30525.521026708844,0.255,28298.17886507085,0.46984402890591814,20137.514760276055,0.504375,18825.885771813075,0.7003891071625913,11380.459913337674,0.7596875000000001,9128.06189062059,0.7759566466274554,8510.092466129583,0.8275,6552.262891576807,0.808690365944276,7266.730527678023,0.8559375000000002,5472.089117784254,0.8272902805546619,6560.228902819306,0.8765624999999999,4688.666380747898,0.8642426474398236,5156.625295297128,0.9028125,3691.5828972470786,0.8893038275415894,4204.698104572934,0.9224999999999999,2943.770284621465,0.9018942992761732,3726.4599553905564,0.933125,2540.1888746330387,0.9008581880293787,3765.815742485726,0.9378124999999999,2362.138252579321,0.9443750000000001,2112.8673817041163,0.9443750000000001,2112.8673817041163,0.9803125,747.8126126256146,0.9803125,747.8126126256146,0.9953125,178.05062205371777,0.9953125,178.05062205371777,0.9984375000000001,59.350207351239256,0.9984375000000001,59.350207351239256
22213,22,静岡県,掛川市,38,255.00630684224473,141253.4934959493,6.0857980500766,3.7486085152656257,0.11040684994734715,125658.14023500345,0.13995798319327732,121483.93942725152,0.12959811001991614,122947.30770516377,0.1649159663865546,117958.5371105879,0.20240717855445256,112662.77241647446,0.25651260504201684,105020.19190801775,0.48261085342057625,73083.02445123141,0.5028991596638657,70217.23031725109,0.7430814939974512,36290.63651662006,0.7704621848739497,32423.018275981976,0.8102456629264366,26803.463017648774,0.8419747899159665,22321.612984801064,0.8381228702361787,22865.71009623689,0.8726050420168068,17994.982868895728,0.8504102863752926,21130.069640548525,0.8848319327731093,16267.891834974667,0.8671334860813215,18767.859259641555,0.9031932773109245,13674.287773725513,0.8940798331764643,14961.59359549815,0.9342436974789917,9288.307450468938,0.9187382453880077,11478.506726554464,0.9597899159663866,5679.814843513596,0.9378166536255075,8783.614912665751,0.9776890756302523,3151.4960103508024,0.9810640155261837,2674.7739597116165,0.984495798319328,2190.022651260726,0.9983193277310926,237.40082940495702,0.9983193277310926,237.40082940495702,1.0,0.0,1.0,0.0,1.0,0.0,1.0,0.0
22214,22,静岡県,藤枝市,11,0.0,0.0,6.09847420333185,1.1185795454545457,0.15999999999999998,0.0,0.1459090909090909,0.0,0.17954545454545454,0.0,0.16363636363636364,0.0,0.295,0.0,0.2754545454545454,0.0,0.5754545454545454,0.0,0.5381818181818182,0.0,0.864090909090909,0.0,0.8131818181818182,0.0,0.950909090909091,0.0,0.9004545454545455,0.0,0.9850000000000001,0.0,0.9431818181818182,0.0,0.9899999999999999,0.0,0.9586363636363636,0.0,0.9963636363636362,0.0,0.985909090909091,0.0,0.9995454545454546,0.0,0.9990909090909091,0.0,1.0,0.0,1.0,0.0,1.0,0.0,1.0,0.0,1.0,0.0,1.0,0.0,1.0,0.0,1.0,0.0,1.0,0.0,1.0,0.0,1.0,0.0,1.0,0.0
22216,22,静岡県,袋井市,17,117.86005778423078,65285.22808636312,6.336378041171668,5.938700369224984,0.09982637821010908,58768.0402158806,0.13372727272727272,56554.81258499583,0.11151115515023807,58005.196888206,0.14863636363636362,55581.46918443552,0.18539310451714447,53181.79697232239,0.24945454545454546,48999.53118918309,0.4593560960609002,35296.06058216593,0.4849090909090909,33627.82748521213,0.6786494107790467,20979.446512977105,0.7129090909090908,18742.795481521338,0.7543797662861007,16035.37298063773,0.7930909090909092,13508.107193142041,0.7680425842573736,15143.392793080717,0.808,12534.763792581718,0.7751232179809052,14681.132005443962,0.8154545454545454,12048.092092301556,0.7829930842524456,14167.345990897278,0.8239090909090909,11496.135163935032,0.8046182192940733,12755.544117306203,0.8505454545454545,9757.174088543725,0.8454049721667555,10092.771653111015,0.8946363636363637,6878.689032008624,0.8796190473659874,7859.097949965188,0.9254545454545453,4866.7170028016135,0.9493828327870844,3304.5533065807817,0.9544545454545454,2973.4453882970856,0.9939090909090909,397.64638925330297,0.9939090909090909,397.64638925330297,0.9991818181818182,53.41518661611533,0.9991818181818182,53.41518661611533,1.0,0.0,1.0,0.0
22221,22,静岡県,湖西市,23,165.00408089792307,91399.31932090834,6.159888305970975,19.934261470522884,0.0737858623100744,84655.34173026131,0.11435064935064934,80947.74780635514,0.07912702184811903,84167.16338409964,0.12402597402597403,80063.42971682169,0.13672796348522587,78902.47652622471,0.21701298701298702,71564.48002412422,0.30732795179196004,63309.753718834276,0.3962337662337663,55183.822795182205,0.49355740238302354,46288.50869730434,0.6058441558441559,36025.5758622022,0.5401374434832239,42031.12464680609,0.6539610389610391,31627.72549747537,0.5601669386427077,40200.442422887834,0.6735714285714285,29835.349235467947,0.5788118474571774,38496.31044844492,0.6837012987012987,28909.486000788613,0.6174954924185577,34960.65163012305,0.6983766233766234,27568.17131465061,0.6692510958799077,30230.224702712832,0.7212987012987012,25473.108995151866,0.7037868663900557,27073.678785862205,0.7425974025974026,23526.422194031224,0.7209453850290843,25505.401861699855,0.7543506493506493,22452.18344097379,0.7629220779220779,21668.76070393743,0.7629220779220779,21668.76070393743,0.786948051948052,19472.80303194158,0.786948051948052,19472.80303194158,0.8420779220779221,14433.970427821374,0.8420779220779221,14433.970427821374,0.9241558441558443,6932.10421862474,0.9241558441558443,6932.10421862474
22223,22,静岡県,御前崎市,16,83.57349551972729,46293.16173396657,6.05097903776123,4.550266523291954,0.09960290266917299,41682.22845153002,0.12666666666666668,40429.36124766414,0.10777104967679729,41304.099101039246,0.1364102564102564,39978.299671794724,0.19085600373072498,37457.83388536159,0.24358974358974358,35016.62233723112,0.47588421575534023,24262.976767362758,0.48717948717948717,23740.08294049568,0.692760701144505,14223.078552947914,0.7114102564102562,13359.731674763945,0.7605039094611612,11087.031253967158,0.7796153846153846,10202.300643678016,0.7888342967203023,9775.528054593837,0.8089743589743589,8843.180895334643,0.7964464791112977,9423.136064019027,0.8187179487179485,8392.119319465224,0.8551273124714571,6706.614754593229,0.8820512820512818,5460.219076314006,0.9042303674014205,4433.4790910885895,0.9356410256410255,2979.3804090322096,0.9373249835769333,2901.424671952027,0.9697435897435895,1400.6648934892455,0.9370988712631737,2911.892125862944,0.9753846153846153,1139.5239811437928,0.9775641025641025,1038.6286286466861,0.9775641025641025,1038.6286286466861,0.9817948717948717,842.7729443875967,0.9817948717948717,842.7729443875967,0.9876923076923076,569.7619905718964,0.9876923076923076,569.7619905718964,0.9939743589743588,278.94597455082425,0.9939743589743588,278.94597455082425
22224,22,静岡県,菊川市,11,115.7171476426993,64098.223939338335,6.225444253835755,3.565297315179708,0.1045469850927475,57396.947876680744,0.14250000000000002,54964.227027982626,0.11897840559569886,56471.9194535198,0.16416666666666668,53575.43217596362,0.19785684613802004,51415.951507652324,0.2658333333333333,47058.779408797556,0.49430607710165836,32414.082314700398,0.5325,29965.919691640673,0.7617678294543899,15270.259017187154,0.815,11858.171428777592,0.8328894770198896,10711.48772459907,0.8899999999999999,7050.804633327218,0.8542510338507054,9342.249871164524,0.9133333333333332,5555.179408075991,0.8678128987383025,8472.958418564282,0.9258333333333333,4753.951608834262,0.8759397791535717,7952.039817778145,0.9366666666666666,4059.5541828247624,0.8858678366354555,7315.668966021718,0.9499999999999998,3204.9111969669175,0.913229664685047,5561.824384309335,0.9775000000000001,1442.2100386351137,0.9368296422004883,4049.1077405612236,0.9908333333333332,587.5670527772686,0.9917303711886051,530.0685194479879,0.9991666666666666,53.41518661611533,0.9991856348654256,52.199358764343444,1.0,0.0,1.0,0.0,1.0,0.0,1.0,0.0,1.0,0.0
22226,22,静岡県,牧之原市,27,0.0,0.0,6.130706985052314,1.1102546296296296,0.16,0.0,0.15796296296296294,0.0,0.17518518518518517,0.0,0.17296296296296293,0.0,0.2916666666666667,0.0,0.287962962962963,0.0,0.5855555555555556,0.0,0.5783333333333333,0.0,0.8631481481481482,0.0,0.8531481481481481,0.0,0.9507407407407407,0.0,0.9412962962962962,0.0,0.9803703703703703,0.0,0.9716666666666667,0.0,0.9916666666666666,0.0,0.9835185185185183,0.0,0.9985185185185186,0.0,0.9914814814814815,0.0,0.9998148148148148,0.0,0.9944444444444444,0.0,1.0,0.0,0.9961111111111111,0.0,1.0,0.0,0.997037037037037,0.0,1.0,0.0,0.9990740740740741,0.0,1.0,0.0,1.0,0.0,1.0,0.0,1.0,0.0,1.0,0.0,1.0,0.0
22424,22,静岡県,吉田町,1,0.0,0.0,6.265720423120492,1.07125,0.16,0.0,0.1,0.0,0.195,0.0,0.125,0.0,0.31,0.0,0.195,0.0,0.565,0.0,0.39,0.0,0.865,0.0,0.615,0.0,0.955,0.0,0.705,0.0,1.0,0.0,0.745,0.0,1.0,0.0,0.79,0.0,1.0,0.0,0.875,0.0,1.0,0.0,0.93,0.0,1.0,0.0,0.97,0.0,1.0,0.0,0.995,0.0,1.0,0.0,1.0,0.0,1.0,0.0,1.0,0.0,1.0,0.0,1.0,0.0,1.0,0.0,1.0,0.0
22429,22,静岡県,川根本町,20,182.14736203017483,100895.35249710664,5.743925122823843,2.0906150795225713,0.12822720126194112,87957.82382606567,0.1584705882352941,84906.4066366828,0.14602825322922536,86161.78041300719,0.1802941176470588,82704.51394395182,0.23024419653415681,77664.7831273798,0.2844705882352941,72193.59222204737,0.5535998644127567,45039.69903483112,0.5657058823529412,43818.2580874199,0.8325137014038422,16898.589135294995,0.8483529411764705,15300.48345514947,0.9219672525419909,7873.1415610935355,0.9375294117647058,6302.992020701601,0.9486581951344714,5180.14949974517,0.9654117647058821,3489.7921922528676,0.9582834711495567,4209.003883321186,0.9772941176470588,2290.9180037578353,0.9677019077153766,3258.727406041149,0.9889411764705881,1115.783898203298,0.9664954686655716,3380.451499237489,0.9911176470588235,896.1881310037128,0.96204639302983,3829.342553791942,0.9911176470588235,896.1881310037128,0.9597462682688935,4061.4144523339346,0.9941176470588234,593.5020735123926,0.9952941176470588,474.8016588099141,0.9952941176470588,474.8016588099141,1.0,0.0,1.0,0.0,1.0,0.0,1.0,0.0,1.0,0.0,1.0,0.0
22461,22,静岡県,森町,4,0.0,0.0,6.02928004087459,1.1087500000000001,0.16,0.0,0.15875,0.0,0.18,0.0,0.17875,0.0,0.2975,0.0,0.295,0.0,0.5787500000000001,0.0,0.5725,0.0,0.865,0.0,0.8574999999999999,0.0,0.95625,0.0,0.94875,0.0,0.9787499999999999,0.0,0.97125,0.0,0.99125,0.0,0.98625,0.0,0.9975,0.0,0.9924999999999999,0.0,1.0,0.0,0.995,0.0,1.0,0.0,0.99625,0.0,1.0,0.0,0.99875,0.0,1.0,0.0,1.0,0.0,1.0,0.0,1.0,0.0,1.0,0.0,1.0,0.0,1.0,0.0,1.0,0.0
23101,23,愛知県,名古屋市千種区,2,66.6009876793091,36891.72356746043,5.843405348500689,1.9005917274467061,0.13321754144939693,31977.098853972573,0.15263157894736842,31260.8815492691,0.14925848504375225,31385.320797128392,0.17026315789473684,30610.422212684927,0.23681294586405305,28155.28583144781,0.2660526315789473,27076.58342885451,0.5348235202636868,17161.16210051642,0.5476315789473685,16688.650740122226,0.8195405315271828,6657.460826030012,0.8323684210526316,6184.217871703237,0.9177066228499691,3035.9445212517053,0.9305263157894738,2563.0039531077773,0.9464772788104605,1974.545434702749,0.9602631578947368,1465.960594391192,0.9531475712104064,1728.4668513698143,0.9655263157894738,1271.7936282466633,0.969105981823645,1139.7335784501822,0.9805263157894738,718.4177747347563,0.9720167630440312,1032.3498423023493,0.985263157894737,543.6675052046804,0.9766126972750614,862.7979071169508,0.9923684210526317,281.54210090956667,0.9761297010277445,880.616471157078,0.9947368421052633,194.16696614452874,0.9947368421052633,194.16696614452874,0.9947368421052633,194.16696614452874,1.0,0.0,1.0,0.0,1.0,0.0,1.0,0.0,1.0,0.0,1.0,0.0
23102,23,愛知県,名古屋市東区,1,35.053151410162684,19416.696614452856,5.9719430338706925,2.068125,0.16,16310.025156140398,0.16,16310.025156140398,0.18,15921.691223851343,0.18,15921.691223851343,0.305,13494.604147044736,0.305,13494.604147044736,0.56,8543.346510359255,0.56,8543.346510359255,0.83,3300.838424456986,0.83,3300.838424456986,0.9349999999999999,1262.0852799394347,0.9349999999999999,1262.0852799394347,0.9650000000000001,679.5843815058506,0.9650000000000001,679.5843815058506,0.9650000000000001,679.5843815058506,0.9650000000000001,679.5843815058506,0.97,582.5008984335861,0.97,582.5008984335861,0.97,582.5008984335861,0.97,582.5008984335861,0.97,582.5008984335861,0.97,582.5008984335861,0.975,485.41741536132184,0.975,485.41741536132184,0.975,485.41741536132184,0.975,485.41741536132184,1.0,0.0,1.0,0.0,1.0,0.0,1.0,0.0,1.0,0.0,1.0,0.0
23103,23,愛知県,名古屋市北区,1,31.547836269146416,17475.02695300757,6.196218066009359,3.82271434680085,0.10901002417329436,15570.073842431246,0.145,14941.148044821473,0.12487788925889617,15292.782472373665,0.165,14591.64750576132,0.1907144559455264,14142.286695031322,0.25,13106.270214755677,0.48848867096068715,8938.674261730715,0.515,8475.388072208672,0.7682903701625492,4049.1320266808602,0.805,3407.6302558364755,0.833863624595724,2903.2376380647065,0.865,2359.1286386560223,0.8671057647207999,2322.330343403351,0.905,1660.1275605357189,0.8746300959694782,2190.8424520293415,0.905,1660.1275605357189,0.9364844107627869,1109.9366338564569,0.96,699.0010781203034,0.9425071334838867,1004.6893919747463,0.97,524.2508085902276,0.9277068020217121,1263.325583189694,0.965,611.6259433552656,0.9557182577252388,773.8246397775872,0.995,87.37513476503793,1.0,0.0,1.0,0.0,0.9850034765684541,262.06465116767407,1.0,0.0,0.9800044165051076,349.4233605143578,0.995,87.37513476503793,0.9800053075543838,349.40778940424076,1.0,0.0
23104,23,愛知県,名古屋市西区,7,203.30827817894357,112616.84036382657,6.216691407865498,3.0817984109594665,0.14101803969820045,96735.83429871457,0.15198275862068966,95501.02229818636,0.1608951566625095,94497.33619065187,0.17431034482758623,92986.56008661473,0.2536423186416028,84052.44385585433,0.27439655172413796,81715.16770192483,0.5221756711262756,53811.066166724784,0.528448275862069,53104.66524052856,0.7898053069586043,23671.462191566396,0.7998275862068968,22542.784769379767,0.8711745673355735,14507.913185170606,0.88,13514.020843659191,0.9056544040898195,10624.902913646889,0.9162931034482759,9426.806206316864,0.9162199416648747,9435.045455198902,0.9245689655172413,8494.804768823124,0.9380311341994796,6978.737867384602,0.9449137931034483,6203.634568317684,0.9476376131844931,5896.886557070871,0.9560344827586207,4951.25763668548,0.9460203980057147,6079.01222069332,0.9575862068965517,4776.507367155405,0.9578091144664534,4751.404220939896,0.9700000000000001,3378.5052109147973,0.9767241379310344,2621.254042951136,0.9767241379310344,2621.254042951136,0.9944838375557271,621.2127854076125,0.9991379310344827,97.08348307226437,0.9937944740877919,698.8467210287156,0.998448275862069,174.75026953007585,0.993794750620326,698.8155788084815,1.0,0.0
23105,23,愛知県,名古屋市中村区,8,206.81359331995984,114558.51002527185,6.251983312629585,8.598545785727607,0.11415609869118733,101480.95744891156,0.12847457627118647,99840.65399151659,0.131408795474043,99504.5142115498,0.1476271186440678,97646.56727408341,0.2021672201109119,91398.5345134146,0.22923728813559321,88297.42785422437,0.43280305255273865,64977.237190440675,0.4433050847457627,63774.14003017041,0.6466612467827226,40477.961102758534,0.6632203389830508,38580.97617291783,0.7168517789923714,32437.03831494031,0.7329661016949153,30591.00551607048,0.7561066070065289,27940.063706340123,0.776864406779661,25562.081092927187,0.7758643546392815,25676.64557607664,0.7916949152542372,23863.120139162562,0.8238913388322975,20174.745825917445,0.8359322033898305,18795.362322790366,0.8699296844258146,14900.661550695584,0.8858474576271186,13077.145169834,0.8830874677586479,13393.325496850846,0.9059322033898305,10776.266621021334,0.913417275669211,9918.787893264034,0.937457627118644,7164.761050733107,0.9402542372881356,6844.385556594636,0.9402542372881356,6844.385556594636,0.9451698185600375,6281.263890177404,0.9484745762711864,5902.6757707936695,0.9344067796610169,7514.261589793256,0.9344067796610169,7514.261589793256,0.9277966101694914,8271.512757756916,0.9277966101694914,8271.512757756916
23106,23,愛知県,名古屋市中区,3,77.1169331023579,42716.73255179629,5.965477166207172,2.985036076958879,0.14039936361075392,36719.33048599331,0.14636363636363636,36464.55624194247,0.16115370222878317,35832.77295395754,0.16818181818181818,35532.55480444873,0.28390823705717516,30589.100320172958,0.29409090909090907,30154.12984224529,0.5322949546136971,19978.831336892443,0.5354545454545454,19843.86393997082,0.7569975121287115,10380.272283818955,0.760909090909091,10213.182419202203,0.8384573464131145,6900.574328978459,0.8440909090909091,6659.926938757328,0.8783437732807512,5196.756500026842,0.8859090909090909,4873.590850227668,0.8933338298000639,4556.430264755055,0.8986363636363637,4329.923345022988,0.917087142819708,3541.7663452758147,0.9218181818181818,3339.671817685892,0.9427761802619155,2444.4146033439624,0.9490909090909091,2174.670020818721,0.9495190465805883,2156.3813861766976,0.9586363636363636,1766.9193919152103,0.9665776068514044,1427.6954293695485,0.9763636363636364,1009.6682239515482,0.9854545454545452,621.334291662492,0.9854545454545452,621.334291662492,0.9931819531121834,291.2446854324704,0.9945454545454545,233.0003593734345,0.9959090909090909,174.75026953007588,0.9959090909090909,174.75026953007588,0.9972727272727273,116.50017968671725,0.9972727272727273,116.50017968671725
23107,23,愛知県,名古屋市昭和区,1,35.053151410162684,19416.696614452856,5.950865413300314,1.2306250000000007,0.16,16310.025156140398,0.16,16310.025156140398,0.18,15921.691223851343,0.18,15921.691223851343,0.285,13882.938079333793,0.285,13882.938079333793,0.58,8155.0125780702,0.58,8155.0125780702,0.89,2135.836627589814,0.89,2135.836627589814,0.9549999999999998,873.7513476503793,0.9549999999999998,873.7513476503793,0.99,194.16696614452874,0.99,194.16696614452874,0.99,194.16696614452874,0.99,194.16696614452874,0.9949999999999999,97.08348307226437,0.9949999999999999,97.08348307226437,0.9949999999999999,97.08348307226437,0.9949999999999999,97.08348307226437,0.9949999999999999,97.08348307226437,0.9949999999999999,97.08348307226437,0.9949999999999999,97.08348307226437,0.9949999999999999,97.08348307226437,0.9949999999999999,97.08348307226437,0.9949999999999999,97.08348307226437,1.0,0.0,1.0,0.0,1.0,0.0,1.0,0.0,1.0,0.0,1.0,0.0
23108,23,愛知県,名古屋市瑞穂区,3,98.14882394845552,54366.750520468,6.306976828218961,5.3172115002330615,0.09617773685031612,49137.87949550364,0.13839285714285715,46842.780582367515,0.10437717256760931,48692.10281945295,0.14839285714285713,46299.11307716284,0.18648048761260205,44228.41237349844,0.25357142857142856,40580.89592420647,0.47161486284788356,28726.582930272387,0.4966071428571429,27367.833878071302,0.732642650307441,14535.350330548881,0.7569642857142858,13213.062046135168,0.797120099158783,11029.92095465173,0.8217857142857142,9688.931610611977,0.8191553929152257,9831.93363634999,0.8444642857142858,8455.971375594221,0.8267624499169843,9418.36266614039,0.8494642857142858,8184.13762299188,0.8489737354644707,8210.807246041324,0.8694642857142858,7096.80261258252,0.8734812497028283,6878.413333567722,0.8978571428571428,5553.175231733518,0.8856760004269226,6215.424363291593,0.9160714285714285,4562.923704396421,0.9059562480556114,5112.853199969355,0.9425,3126.088154926909,0.9562499999999999,2378.5453352704753,0.9562499999999999,2378.5453352704753,0.9805357142857142,1058.2099654876818,0.9805357142857142,1058.2099654876818,0.98875,611.6259433552656,0.98875,611.6259433552656,0.9935714285714285,349.5005390601517,0.9935714285714285,349.5005390601517
23110,23,愛知県,名古屋市中川区,6,98.14882394845552,54366.750520468,6.3156731696584005,47.50168580971283,0.0366340568495772,52375.07589117439,0.045535714285714284,51891.12170212526,0.038219275064140155,52288.89272798275,0.04732142857142857,51794.03821905299,0.07186362052007617,50459.75899215543,0.09125,49405.78453547529,0.17647212050611155,44772.53477109426,0.1835714285714286,44386.56846063923,0.25016725702609427,40765.96966934054,0.26160714285714287,40144.020250381276,0.2678484383387305,39804.70129600928,0.27946428571428567,39173.185419658636,0.2797273709506018,39158.88233025022,0.29375,38396.51755508052,0.2895069830211287,38627.19660062493,0.30214285714285716,37940.22518464088,0.3135436419716903,37320.40156011417,0.32125000000000004,36901.43191576765,0.33123479980443205,36358.59079580328,0.3407142857142857,35843.22195027997,0.3276019371021539,36556.09773601315,0.3407142857142857,35843.22195027997,0.3576584378949233,34922.0234558944,0.37196428571428575,34144.26099651535,0.38482142857142854,33445.259918395044,0.38482142857142854,33445.259918395044,0.46285763760181514,29202.684810476927,0.4678571428571429,28930.877955534757,0.5578571428571428,24037.870408692637,0.5578571428571428,24037.870408692637,0.6916071428571429,16766.317526580042,0.6916071428571429,16766.317526580042
23111,23,愛知県,名古屋市港区,14,273.41458099926894,151450.2335927323,6.233425854493604,53.977063373396014,0.029164259777619286,147033.29963685272,0.03384615384615384,146324.22568651673,0.03403516035813552,146295.60060612657,0.03961538461538462,145450.47433886633,0.04493344718447099,144645.05252051746,0.053461538461538456,143353.47110450544,0.0896063725350611,137879.3275408999,0.09403846153846153,137208.0866260311,0.12618377217175153,132339.6718217084,0.13076923076923075,131645.20304599038,0.13969740910467482,130293.0283515298,0.1446153846153846,129548.19981162946,0.14725606023767862,129148.2688717904,0.15326923076923077,128237.57279015389,0.15433365590217785,128076.36535512708,0.15961538461538458,127276.44630773849,0.17278796538710595,125281.45587284215,0.17596153846153842,124800.81748939575,0.18217831518787606,123859.28520199803,0.18653846153846151,123198.94001870339,0.19216536243589452,122346.744563384,0.19865384615384615,121364.06218863759,0.2236067562722243,117584.93812239077,0.23192307692307695,116325.42941718709,0.27615384615384614,109626.66908520083,0.27615384615384614,109626.66908520083,0.3884616336047447,92617.62844147932,0.389423076923077,92472.01762633173,0.515,73453.36329247516,0.515,73453.36329247516,0.7092307692307692,44037.06792157907,0.7092307692307692,44037.06792157907
23112,23,愛知県,名古屋市南区,6,115.67539965353686,64075.098827694426,6.230101845542078,24.19077801796723,0.06052143600349319,60197.18183457661,0.08454545454545455,58657.84047226208,0.07028995272283448,59571.26316038484,0.09681818181818182,57871.464259376735,0.13556132432584658,55388.993574302665,0.1809090909090909,52483.330948866074,0.36444901151877446,40722.992396973415,0.37818181818181823,39843.06145285726,0.5346488682790237,29817.41975460101,0.5468181818181819,29037.66978691425,0.5718769859454849,27432.024435953466,0.5836363636363636,26678.541148258228,0.6022264501994308,25487.379514514312,0.6145454545454546,24698.038093584033,0.6119611754742537,24863.626030469582,0.6259090909090909,23969.91197054205,0.6391495556181127,23121.52788578688,0.6554545454545454,22076.7840506329,0.6718264956907792,21027.749721244123,0.6909090909090909,19805.030546741913,0.7217686229944229,17827.70297859786,0.745909090909091,16280.900111218718,0.7413802653551101,16571.085056163425,0.7704545454545455,14708.147685448042,0.7654545454545454,15028.523179586511,0.7654545454545454,15028.523179586511,0.7418181818181818,16543.025515513833,0.7418181818181818,16543.025515513833,0.7618181818181818,15261.523538959944,0.7618181818181818,15261.523538959944,0.7686363636363637,14824.647865134757,0.7686363636363637,14824.647865134757
23113,23,愛知県,名古屋市守山区,4,52.579727115244026,29125.044921679284,6.2118667503623985,3.2860301316720943,0.09901193211680948,26241.317950994948,0.14,25047.538632644188,0.11485496113902625,25779.889019027418,0.16000000000000003,24465.0377342106,0.19328088914870023,23495.730342721276,0.26,21552.53324204267,0.49889504456215944,14594.704337603205,0.525,13834.39633779766,0.6714137911726157,9570.088092741858,0.7080000000000001,8504.513117130353,0.7604116129672257,6978.022535042234,0.7929999999999999,6028.8842987876105,0.8160217450618221,5358.374939686598,0.8509999999999999,4339.631693330214,0.8457857470586896,4491.497044478878,0.8749999999999999,3640.6306152099105,0.9071772482991218,2703.466813041959,0.93,2038.7531445175487,0.9330748316645621,1949.1985341605748,0.9599999999999999,1165.0017968671723,0.9327729375474154,1957.9912138840618,0.97,873.7513476503793,0.9507182577252388,1435.332957571042,0.99,291.2504492167931,0.995,145.62522460839654,0.995,145.62522460839654,1.0,0.0,1.0,0.0,1.0,0.0,1.0,0.0,1.0,0.0,1.0,0.0
23114,23,愛知県,名古屋市緑区,13,283.9305264223177,157275.24257706813,5.935440848569267,8.261481649631712,0.09598112515490763,142179.7878355101,0.1366666666666667,135780.95942486884,0.11170871528975787,139706.2272818988,0.1566666666666667,132635.45457332747,0.18567968386645792,128072.42525533766,0.25259259259259265,117548.68130389761,0.4613266542105407,84719.98112883815,0.48759259259259263,80588.99929828658,0.7355294250071677,41594.67383649438,0.7587037037037037,37949.933532948104,0.820948211177289,28160.413520949864,0.8444444444444444,24465.037734210604,0.8419141554409174,24862.98955103042,0.8666666666666667,20970.03234360909,0.8489605743396614,23754.762309430815,0.8718518518518519,20154.531085802064,0.865092472754143,21217.614073064608,0.8864814814814815,17853.652536989404,0.8681934748314045,20729.903219131294,0.8931481481481481,16805.150919808948,0.870364797667221,20388.407893415162,0.9001851851851852,15698.399212785134,0.8704443260033927,20375.900055051996,0.9061111111111112,14766.397775291396,0.9094444444444446,14242.146966701172,0.9094444444444446,14242.146966701172,0.9261111111111113,11620.892923750032,0.9261111111111113,11620.892923750032,0.9461111111111113,8475.38807220867,0.9461111111111113,8475.38807220867,0.9711111111111113,4543.507007781968,0.9711111111111113,4543.507007781968
23115,23,愛知県,名古屋市名東区,2,52.579727115244026,29125.044921679284,5.804451449069774,2.5250540211553893,0.11377202904107982,25811.429465027235,0.15500000000000003,24610.662958818997,0.125647301672725,25465.56161617338,0.17,24173.787284993807,0.2021570719599258,23237.211119611296,0.26899999999999996,21290.40783774756,0.5400239085673675,13396.82432587388,0.5640000000000001,12698.51958585217,0.7781028527360941,6462.764382053745,0.807,5621.133669884102,0.8699891416596365,3786.5720894691685,0.899,2941.6295370896073,0.8962170525472102,3022.6830066667844,0.929,2067.8781894392296,0.9247882689759135,2190.545044713778,0.953,1368.8771113189264,0.9440199276804924,1630.4221210245144,0.9679999999999999,932.001437493738,0.9541780373454094,1334.5667207144618,0.982,524.2508085902276,0.9530137007758022,1368.4780756082278,0.988,349.50053906015177,0.9567182577252388,1260.582688040966,0.996,116.50017968671725,0.996,116.50017968671725,0.996,116.50017968671725,0.998,58.25008984335862,0.998,58.25008984335862,1.0,0.0,1.0,0.0,1.0,0.0,1.0,0.0
23116,23,愛知県,名古屋市天白区,1,0.0,0.0,5.780417179377989,1.0287499999999998,0.16,0.0,0.155,0.0,0.19,0.0,0.185,0.0,0.32,0.0,0.315,0.0,0.645,0.0,0.645,0.0,0.88,0.0,0.88,0.0,0.955,0.0,0.955,0.0,0.98,0.0,0.98,0.0,0.99,0.0,0.985,0.0,1.0,0.0,1.0,0.0,1.0,0.0,1.0,0.0,1.0,0.0,1.0,0.0,1.0,0.0,1.0,0.0,1.0,0.0,1.0,0.0,1.0,0.0,1.0,0.0,1.0,0.0,1.0,0.0,1.0,0.0,1.0,0.0
23201,23,愛知県,豊橋市,57,799.2118521517092,442700.68280952517,6.135646371479442,8.835846810401327,0.10110688118151237,397940.59747372806,0.13524122807017547,382829.2987988597,0.11267598518030514,392818.9472339681,0.15138157894736842,375683.9544447411,0.18017475276182637,362937.19673682726,0.24489035087719294,334287.5572627276,0.4454942741533453,245480.0634541054,0.48324561403508765,228767.51951148355,0.6677321225174832,147095.21623718186,0.7165131578947368,125499.81856751603,0.7339603293980889,117775.94382988724,0.7835964912280701,95801.98109571039,0.7618555757636745,105426.69921670246,0.8125657894736842,82977.25298186428,0.778287962618681,98152.07033580086,0.8271491228070175,76521.20135755872,0.7916676023885499,92228.89467393448,0.8396052631578947,71006.85951905411,0.8212739143460781,79122.1601548649,0.8597807017543859,62075.17907640578,0.8372016535699571,72070.93912484156,0.8737499999999999,55890.96120470256,0.8494057074750877,66668.19612799604,0.8875877192982455,49764.99342284268,0.8992149557950988,44617.60788649793,0.9036622807017543,42648.77411364569,0.940287063024456,26434.957971635424,0.9407236842105261,26241.665474433034,0.957523796992548,18804.244074555005,0.9579605263157893,18610.903704953063,0.9798684210526315,8912.263746033863,0.9798684210526315,8912.263746033863
23202,23,愛知県,岡崎市,37,424.14313206296833,234942.02903487952,6.066490583952115,2.8594954744239534,0.10892980976697096,209349.83850584397,0.1426446280991736,201428.81067833398,0.12459730010792498,205668.88653525585,0.1627272727272728,196710.55340102187,0.200283396464489,187887.04148751532,0.2606611570247934,173701.76791289524,0.5236106915988149,111923.87072629748,0.5436363636363638,107218.99870500868,0.7762586636459685,52566.24354199169,0.7985123966942154,47337.90634603606,0.862227289279604,32368.600202285408,0.886446280991736,26678.541148258224,0.8906554094273292,25689.639973131503,0.9157024793388435,19805.030546741917,0.9026986975517577,22860.1654249266,0.9263223140495871,17309.985031784723,0.9153495104901429,19887.957764241684,0.9407024793388431,13931.479820869925,0.9311865639343712,16167.168294120918,0.9614049586776862,9067.597318949487,0.94311435557594,13364.828723945377,0.9754132231404959,5776.467242799729,0.951729263288916,11340.824825910613,0.9906611570247935,2194.0867174331725,0.9926451107556928,1727.972602384401,0.9948760330578514,1203.8351900960781,0.9989669421487605,242.7087076806609,0.9989669421487605,242.7087076806609,1.0,0.0,1.0,0.0,1.0,0.0,1.0,0.0
23203,23,愛知県,一宮市,26,301.4571021273991,166983.5908842946,6.165850035810712,4.185379233179733,0.11134555598536895,148390.7101168494,0.14825581395348839,142227.30270086718,0.12489400001038184,146128.3422826579,0.1663953488372093,139198.29802901254,0.1979729894956489,133925.3502002124,0.2636046511627907,122965.93965932993,0.4883438319623192,85438.18423702996,0.5097674418604652,81860.79292653324,0.7314384371691794,44845.3741349885,0.768720930232558,38619.80956614673,0.8013947532697061,33163.81726748577,0.8331395348837208,27862.959641739853,0.8429886422048667,26218.320334250133,0.8826162790697675,19601.155232290155,0.8591093372967677,23526.42878025367,0.893139534883721,17843.944188682173,0.9200862474376204,13344.285363905175,0.9465697674418604,8921.972094341092,0.9385151656318542,10266.958427719059,0.965813953488372,5708.508804649142,0.9299251435684082,11701.351157648582,0.9673837209302325,5446.383400354029,0.9449450266707775,9193.277142552637,0.983953488372093,2679.5041327944946,0.9891325084963539,1814.692755183395,0.9930232558139535,1165.0017968671725,0.9796009605285202,3406.304861538136,0.9982558139534884,291.2504492167931,0.9822131025741625,2970.120002856984,0.9951162790697674,815.5012578070207,0.9827952646398186,2872.9084906570906,1.0,0.0
23204,23,愛知県,瀬戸市,13,203.30827817894357,112616.84036382657,5.593808817534761,2.0699410781418783,0.11883586626574158,99233.92058308051,0.15663793103448276,94976.77148959614,0.13552096177737533,97354.89784539165,0.1775,92627.35119924735,0.22176235590156185,87642.66453055428,0.2874137931034483,80249.20710753366,0.5566199944601625,49932.055304392416,0.575258620689655,47833.032109704625,0.8291868381853896,19236.438576116452,0.8510344827586208,16776.025874887273,0.9073348907779719,10435.651812553708,0.9293965517241379,7951.137263618443,0.9426321421167174,6460.586893256332,0.9649137931034483,3951.29776104116,0.9550349266660111,5063.824485601588,0.9781896551724139,2456.2121217282884,0.9647886739671229,3965.388282843155,0.9889655172413794,1242.668583324984,0.9633596782540453,4126.317264943424,0.9913793103448275,970.8348307226438,0.9635482612971602,4105.079638481632,0.9968103448275861,359.2088873673782,0.9607182577252388,4423.785698969762,1.0,0.0,1.0,0.0,1.0,0.0,1.0,0.0,1.0,0.0,1.0,0.0,1.0,0.0,1.0,0.0,1.0,0.0
23205,23,愛知県,半田市,16,371.56340494772445,205816.98411320028,6.025085533093967,5.569945515333621,0.09369937631670323,186532.06106640858,0.14707547169811322,175546.35409126827,0.10357231552195066,184500.0424948516,0.16150943396226417,172575.599509257,0.16917928118613107,170997.0146850317,0.2605660377358491,152188.06806408148,0.4288237284077366,117557.77761614184,0.5111320754716981,100617.32185609471,0.6790319082139158,66060.6846479807,0.7830188679245284,44658.40221324157,0.7521557560358739,51010.55482251266,0.8643396226415094,27921.20973158321,0.7826816967992021,44727.79775738625,0.8855188679245282,23562.161341638537,0.8108151671370172,38937.45173981898,0.9039150943396226,19775.905501820234,0.8563206696438802,29571.64645330078,0.9252830188679245,15378.023718646666,0.8799217864544636,24714.135769643122,0.9328301886792454,13824.687989490436,0.8969036646483767,21218.976815194237,0.9411320754716981,12116.018687418584,0.902846590499111,19995.821739787745,0.9456603773584906,11184.017249924846,0.957540278138048,8738.931899912259,0.9628301886792453,7650.178466094429,0.975431746491846,5056.5638419768,0.9788679245283018,4349.340041637442,0.9860088257519704,2879.621287931727,0.9865094339622642,2776.5876158667584,0.9929245283018868,1456.2522460839643,0.9929245283018868,1456.2522460839643
23206,23,愛知県,春日井市,16,308.4677324094316,170866.93020718516,5.79988706969623,2.7756984084936236,0.11767074102353284,150760.89191328938,0.155625,144275.76419369195,0.12838029955102703,148930.98252382228,0.1700568181818182,141809.84372365644,0.21395003742849858,134309.94409406523,0.27954545454545454,123101.85653563112,0.5362736337192708,79235.50066252092,0.5538636363636363,76229.95090834191,0.8014065683505235,33933.050025256496,0.8325,28620.210809703516,0.8834554848112751,19913.603542782068,0.9122727272727273,14989.689786357601,0.909688552323873,15431.239826986646,0.944431818181818,9494.76464446745,0.9234012848657386,13088.18731280589,0.9524431818181817,8125.887533148526,0.9487287499552424,8760.561103032744,0.9727840909090909,4650.298839161464,0.9610854543508455,6649.20895547842,0.9891477272727274,1854.2945266802494,0.9488737714832478,8735.781719728478,0.985568181818182,2465.920470035515,0.9546681974963708,7745.705934553508,0.9938636363636364,1048.501617180455,0.9970454545454545,504.8341119757747,0.9970454545454545,504.8341119757747,0.9990909090909089,155.333572915623,0.9990909090909089,155.333572915623,0.9981818181818183,310.667145831246,0.9981818181818183,310.667145831246,0.9809090909090908,3262.005031228079,0.9809090909090908,3262.005031228079
23207,23,愛知県,豊川市,35,301.4571021273991,166983.5908842946,5.938065530428377,3.196325371370692,0.11301315333514857,148112.24872323405,0.14598837209302326,142605.928284849,0.13065422936228271,145166.47850116037,0.168953488372093,138771.13070349456,0.21649568369714892,130832.3642095942,0.2812790697674419,120014.60177393309,0.534407227207766,77746.35309062274,0.5555232558139535,74220.32280874604,0.7963910516131587,33999.353337809735,0.8246511627906976,29280.37849459491,0.8801530872391659,20012.46784920087,0.9088372093023257,15222.690145731038,0.9079044748940853,15378.441486560343,0.9392441860465117,10145.223981051622,0.9158776841843957,14047.046368392295,0.949360465116279,8455.971375594221,0.919968227659833,13363.992730195458,0.954767441860465,7553.094983022163,0.9255959519328056,12424.255122587774,0.9607558139534883,6553.1351073778405,0.9327356104656709,11232.049303082262,0.9645348837209302,5922.092467408122,0.9342838554742723,10973.517791977263,0.9721511627906976,4650.298839161461,0.9741872286251609,4310.309254845962,0.9796511627906975,3397.921907529251,0.9988372093023256,194.16696614452874,0.9988372093023256,194.16696614452874,1.0,0.0,1.0,0.0,1.0,0.0,1.0,0.0
23208,23,愛知県,津島市,8,52.579727115244026,29125.044921679284,6.2918660881745145,55.97791358814695,0.006126655459403991,28946.605806204494,0.008,28892.04456230585,0.006163522124290467,28945.532062933562,0.008,28892.04456230585,0.006198917388916016,28944.501174261328,0.008,28892.04456230585,0.019301835536956788,28562.878094594555,0.02,28542.5440232457,0.029964082062244417,28252.339685579536,0.031000000000000003,28222.168529107228,0.030109906494617464,28248.09254243599,0.031000000000000003,28222.168529107228,0.030178110361099245,28246.106101760877,0.031000000000000003,28222.168529107228,0.03877072823047638,27995.84572032044,0.04000000000000001,27960.043124812117,0.04476334136724472,27821.31059351382,0.046,27785.292855282038,0.05230299329757691,27601.717892349072,0.05399999999999999,27552.292495908605,0.05800861954689025,27435.541271531503,0.05999999999999999,27377.54222637853,0.09531835985183716,26348.893409133736,0.1,26212.540429511355,0.17900000000000002,23911.661880698695,0.17900000000000002,23911.661880698695,0.4010004947446724,17445.887498625085,0.406,17300.276683477496,0.548,13164.520304599038,0.548,13164.520304599038,0.799,5854.134029257537,0.799,5854.134029257537
23209,23,愛知県,碧南市,6,108.66476937150432,60191.759504803864,6.219065586102526,4.616856444716196,0.08519448382025134,55063.75362355939,0.11645161290322581,53182.33202698638,0.09324789747862416,54579.0044854419,0.1267741935483871,52560.99773532389,0.1495417977662545,51190.575577741445,0.2009677419354839,48095.15751399973,0.39537137369680186,36393.66086416202,0.42064516129032264,34872.38711955733,0.5905237039911063,24647.098732285198,0.6269354838709678,22455.40963461473,0.6717670652611747,19756.91786935535,0.707258064516129,17620.652177615968,0.714291145147851,17197.318679653465,0.7479032258064516,15174.14840419491,0.743896762201865,15415.304497946943,0.7761290322580645,13475.187450430281,0.8132170642595931,11242.793547687808,0.8430645161290322,9446.222902931313,0.86025021257976,8411.785595246552,0.8908064516129032,6572.551803992293,0.9120760647231533,5292.296366899899,0.9435483870967741,3397.921907529251,0.9418071136166972,3502.7322220741353,0.9798387096774194,1213.5435384033046,0.9861290322580646,834.9179544214735,0.9861290322580646,834.9179544214735,0.9983870967741935,97.08348307226437,0.9983870967741935,97.08348307226437,1.0,0.0,1.0,0.0,1.0,0.0,1.0,0.0
23210,23,愛知県,刈谷市,21,410.12187149890343,227175.3503890984,6.0701999741686485,2.476950513696955,0.10819203418911061,202596.78711287794,0.14884615384615382,193361.1732350288,0.12417330337866865,198966.2366850775,0.1691025641025641,188759.41613740343,0.2144667446135474,178453.7925347065,0.2862393162393162,162148.8334272958,0.5282984640490681,107158.96170872885,0.5635897435897436,99141.65291339628,0.8007584173807188,45262.77634361368,0.8403418803418803,36270.38927579794,0.8663555264907817,30360.73009702322,0.9119230769230771,20008.90586119366,0.8926008675560516,24398.435544439122,0.9369658119658121,14319.813753158985,0.9174592514597919,18751.22347100023,0.948034188034188,11805.351541587343,0.9470352559110038,12032.284296686636,0.9709829059829059,6591.9685006067475,0.9579332550570494,9556.527522143584,0.9857264957264957,3242.5883346136297,0.9582589786174966,9482.531158168975,0.9911965811965812,1999.9197512886462,0.955467552377118,10116.674392412397,0.9946153846153845,1223.2518867105312,0.9961538461538461,873.7513476503793,0.9961538461538461,873.7513476503793,0.9991452991452993,194.16696614452874,0.9991452991452993,194.16696614452874,0.9995726495726495,97.08348307226437,0.9995726495726495,97.08348307226437,1.0,0.0,1.0,0.0
23211,23,愛知県,豊田市,80,725.6002341903675,401925.6199191741,5.671786687194265,2.3433583516739454,0.11535703249146512,355560.6731230057,0.15183574879227055,340898.94245994877,0.12918972529755668,350000.9594917659,0.16937198067632853,333850.6815889024,0.2117524077128653,316816.90217980306,0.2760144927536232,290988.3238124978,0.5423940644858586,183923.54931021493,0.5660628019323672,174410.4773393228,0.813573906912949,74929.42303312273,0.8391787439613527,64638.18302951356,0.892817520195354,43079.38463995678,0.9183574879227053,32814.21727842533,0.9187685502648721,32649.000791724506,0.9442753623188407,22397.15954477137,0.9353459751303647,25986.109025997943,0.9591787439613526,16407.10863921267,0.9521275208912036,19241.175842870784,0.9757246376811594,9756.890048762567,0.9577837263126882,16967.80197245039,0.9853864734299519,5873.550725871993,0.9584068552796968,16717.350476095817,0.9913285024154591,3485.297042294289,0.9555802436223354,17853.438118751594,0.9947342995169084,2116.419930975363,0.9971014492753623,1165.0017968671725,0.9971014492753623,1165.0017968671725,0.9987922705314012,485.4174153613218,0.9987922705314012,485.4174153613218,1.0,0.0,1.0,0.0,1.0,0.0,1.0,0.0
23212,23,愛知県,安城市,19,168.25512676878088,93200.14374937372,6.143841598421939,2.814466486391834,0.1056247956209154,83355.89761400619,0.14125000000000001,80035.62344477467,0.1136945090462723,82603.79916274667,0.1528125,78957.99678267253,0.1888014124354822,75603.82497030198,0.2521875,69696.23249757853,0.4834360354009778,48143.835756375265,0.5087499999999999,45784.570616879835,0.7358280143821434,24620.867034141713,0.7681249999999998,21610.783331886032,0.8159256569134049,17155.755236242192,0.850625,13921.771472562701,0.8560165912711842,13419.27439105047,0.88625,10601.51635149126,0.8775347540057192,11413.778530969388,0.9006249999999999,9261.764285094014,0.9067340259067713,8692.402192414269,0.929375,6582.260152299517,0.9397409316711127,5616.153830455623,0.9671874999999999,3058.129716776327,0.9564159645698965,4062.0383672634443,0.989375,990.2515273370966,0.9598347757942973,3743.404669697304,0.9990625,87.37513476503794,0.9996875,29.12504492167931,0.9996875,29.12504492167931,0.9996875,29.12504492167931,0.9996875,29.12504492167931,1.0,0.0,1.0,0.0,1.0,0.0,1.0,0.0
23213,23,愛知県,西尾市,27,318.9836778324804,176691.93919152097,6.182024777995196,16.098098706236616,0.07968056191743837,162613.02619045874,0.10516483516483517,158110.16053148962,0.08822332197454712,161103.58934992037,0.11637362637362639,156129.65747681542,0.14779827889479258,150577.17468443085,0.19412087912087914,142392.34462209002,0.3611000608128342,112888.46920432516,0.38076923076923086,109413.08542244184,0.551818758609909,79190.01265047837,0.572967032967033,75453.28304376379,0.6100966052006003,68892.78692446316,0.6346153846153847,64560.51624305575,0.6391498386498667,63759.314766528296,0.6585714285714286,60327.676381105026,0.6571736783176648,60574.647583948004,0.6754395604395605,57347.213450786505,0.6953017649003572,53837.722027989854,0.7126923076923077,50764.95329848699,0.733469934460226,47093.714133065856,0.7545604395604396,43367.191888380454,0.7508468452881981,44023.35406171333,0.7761538461538462,39551.811003640476,0.7721765977013242,40254.55874536304,0.8030219780219781,34804.428681406745,0.8157142857142857,32561.80022243744,0.8157142857142857,32561.80022243744,0.8462087912087913,27173.666911926775,0.8462087912087913,27173.666911926775,0.8740659340659342,22251.534320162973,0.8740659340659342,22251.534320162973,0.933076923076923,11824.76823820179,0.933076923076923,11824.76823820179
23214,23,愛知県,蒲郡市,12,129.69666021760193,71841.77747347558,5.903254043576976,2.665166925924352,0.11622380484600325,63492.052748608345,0.14851351351351352,61172.302683833725,0.1319305615972828,62363.651425252916,0.16824324324324327,59754.883830978666,0.1961055510880023,57753.20611089802,0.2521621621621622,53725.999532191054,0.5039299273379367,35638.555771438805,0.524054054054054,34192.80273805148,0.7790939754941596,15870.281455098733,0.8008108108108108,14310.105404851753,0.8600720380980843,10052.673501274397,0.8816216216216215,8504.513117130353,0.8877937375376556,8061.097338950152,0.911081081081081,6388.09318615499,0.9016688472440316,7064.28479500462,0.9271621621621621,5232.799737595045,0.9165914367431223,5992.219440882915,0.9443243243243243,3999.8395025772884,0.9395419000484724,4343.417363186783,0.9690540540540539,2223.211762354853,0.9538808786466313,3313.2796535409166,0.9864864864864864,970.8348307226438,0.956809582331696,3102.8763751127585,0.9958108108108107,300.9587975240196,0.9979729729729729,145.62522460839656,0.9979729729729729,145.62522460839656,1.0,0.0,1.0,0.0,1.0,0.0,1.0,0.0,1.0,0.0,1.0,0.0
23215,23,愛知県,犬山市,18,276.91989614028523,153391.90325417757,5.5631985093633425,2.0685457609295494,0.12301993984989235,134521.64054238814,0.1572151898734177,129276.36605902712,0.13471954591691002,132727.01570044417,0.17202531645569616,127004.61255513612,0.22805660697502686,118409.86626058826,0.2911392405063291,108733.501040936,0.5647094352581078,66770.04819434464,0.5825949367088606,64026.5570861583,0.835536038298865,25227.44010205925,0.8582278481012656,21746.700208187205,0.9131760931024915,13318.084326972337,0.9355063291139241,9892.806925063735,0.9416209507298967,8954.873477710516,0.9650632911392404,5359.008265588994,0.9569683510705143,6600.706529459416,0.9796202531645568,3126.088154926913,0.9660355518060393,5209.87135144952,0.9900632911392403,1524.2106842345506,0.9682198579288736,4874.816477978235,0.9960126582278481,611.6259433552655,0.9607380826551983,6022.460226927299,0.9975949367088609,368.9172356746046,0.9591163357564164,6271.223070328033,0.9983544303797469,252.41705598788735,0.9993670886075948,97.08348307226437,0.9993670886075948,97.08348307226437,0.9996202907401015,58.24432605903594,1.0,0.0,1.0,0.0,1.0,0.0,1.0,0.0,1.0,0.0
23216,23,愛知県,常滑市,2,0.0,0.0,6.021086201184309,1.0506250000000001,0.16,0.0,0.1575,0.0,0.1775,0.0,0.175,0.0,0.28,0.0,0.275,0.0,0.625,0.0,0.615,0.0,0.885,0.0,0.8574999999999999,0.0,0.9624999999999999,0.0,0.9325,0.0,0.985,0.0,0.955,0.0,0.99,0.0,0.9675,0.0,0.9975,0.0,0.985,0.0,1.0,0.0,0.99,0.0,1.0,0.0,0.9975,0.0,1.0,0.0,0.9975,0.0,1.0,0.0,1.0,0.0,1.0,0.0,1.0,0.0,1.0,0.0,1.0,0.0,1.0,0.0,1.0,0.0
23217,23,愛知県,江南市,1,31.547836269146416,17475.02695300757,5.822590651527661,2.30502032940276,0.1252884602546692,15285.607733156408,0.16,14679.022640526358,0.1559957244992256,14748.99746282966,0.2,13980.021562406058,0.23747361361980437,13325.169154373385,0.305,12145.143732340262,0.5376180129498244,8080.137686287017,0.555,7776.386994088369,0.7884273987263442,3697.2369097750598,0.81,3320.2551210714378,0.8887314816564321,1944.420357075066,0.915,1485.377291005643,0.911518512815237,1546.2163733959276,0.94,1048.5016171804552,0.9389774533361197,1066.3706476924704,0.965,611.6259433552656,0.9408939585089684,1032.879668141361,0.965,611.6259433552656,0.9570241275429726,751.0045295155693,0.985,262.1254042951138,0.9569717435352504,751.9199414624218,0.995,87.37513476503793,0.9607182577252388,686.4495050125493,1.0,0.0,1.0,0.0,1.0,0.0,1.0,0.0,1.0,0.0,1.0,0.0,1.0,0.0,1.0,0.0,1.0,0.0
23219,23,愛知県,小牧市,9,84.12756338439044,46600.07187468685,5.76551451324186,2.493241844144846,0.120255720941459,40996.146635472585,0.15812500000000002,39231.435509502,0.13817897568467744,40160.92167621028,0.18125,38153.808847399865,0.21137646055791268,36749.91362007122,0.27625,33726.80201930461,0.5081661833686894,22919.49120542063,0.5262500000000001,22076.7840506329,0.790036573393951,9784.310770897424,0.821875,8300.637802678599,0.862714718320094,6397.503993620244,0.89375,4951.257636685477,0.8910724926853801,5076.029669991773,0.9287500000000002,3320.2551210714364,0.9112241002279916,4136.963310115589,0.941875,2708.629177716176,0.9493414302542806,2360.6929912193614,0.9731249999999999,1252.3769316322105,0.9649813199043273,1631.8730094150087,0.993125,320.3754941384724,0.9469717435352504,2471.1205626466603,0.985,699.0010781203034,0.9557182577252388,2063.532372740233,0.995,233.00035937343446,1.0,0.0,1.0,0.0,0.9987501236861681,58.24432605903594,1.0,0.0,1.0,0.0,1.0,0.0,1.0,0.0,1.0,0.0
23220,23,愛知県,稲沢市,16,287.435841563334,159216.9122385134,6.285497196816001,4.414524404693886,0.10447429216568618,142582.83803158856,0.13865853658536587,137140.1281878805,0.11832412319556836,140377.71069998556,0.15743902439024393,134149.95690925478,0.18719845969086105,129411.7515107287,0.24829268292682927,119684.51793148741,0.4664725246448631,84946.59722045448,0.4835365853658537,82229.71016220785,0.6863140158108133,49944.113815101446,0.7214634146341463,44347.73506741032,0.7514260543009403,39577.17609714818,0.7832926829268292,34503.469883882724,0.7944700788263489,32723.839421893797,0.8341463414634147,26406.70739565589,0.8223376833160025,28286.84548356698,0.8570731707317072,22756.368432138748,0.880398414891773,19042.595079763687,0.906219512195122,14931.43969651424,0.9095262804918173,14404.946258826207,0.9363414634146342,10135.515632744395,0.9101718648741158,14302.158306887231,0.9464634146341463,8523.929813744802,0.9251130910472172,11923.262410548765,0.9632926829268293,5844.42568095031,0.972074448618152,4446.220063575796,0.9739024390243903,4155.173075492915,0.9885397146396051,1824.6712484543305,0.9971951219512196,446.58402213241607,0.9959761483542816,640.6652343371738,0.9978048780487805,349.5005390601517,0.997561622872486,388.2308771158231,1.0,0.0
23221,23,愛知県,新城市,22,133.2019753586182,73783.44713492086,5.846640703357315,2.2644439884562644,0.12181801054124279,64795.29439406983,0.1575,62162.55421117082,0.1353594693550105,63796.15888355449,0.175,60871.34388630971,0.22300867019601064,57329.098706884506,0.2877631578947369,52551.28938701666,0.5346529174744348,34334.91186291469,0.5577631578947368,32629.758660588024,0.8194192136877743,13323.872900450544,0.8471052631578949,11281.100732997113,0.9053237365447996,6985.541079578618,0.9344736842105263,4834.757456998761,0.9278260636391381,5325.241818000792,0.9559210526315789,3252.2966829208567,0.944286667298492,4110.721738091981,0.9728947368421053,1999.9197512886462,0.9495688063629419,3720.987309670835,0.9806578947368421,1427.1272011622864,0.9554281249175638,3288.666588849224,0.9893421052631579,786.3762128853414,0.9563123334468171,3223.4266355748236,0.991842105263158,601.9175950480391,0.9569042064452783,3179.7562054822747,0.9973684210526317,194.16696614452874,1.0,0.0,1.0,0.0,1.0,0.0,1.0,0.0,1.0,0.0,1.0,0.0,1.0,0.0,1.0,0.0
23222,23,愛知県,東海市,12,105.15945423048805,58250.08984335857,6.078839319600743,22.858315867797643,0.053495598350738874,55133.96643320381,0.083,53415.332386359805,0.05895325336334644,54816.05753838536,0.09,53007.581757456304,0.08460796001061681,53321.66857127685,0.1275,50823.20338833035,0.23698701241274103,44445.575078607275,0.26699999999999996,42697.315855181834,0.39965043981613774,34970.41581813078,0.43450000000000005,32940.42580641927,0.4545368648274853,31773.276630039025,0.4885,29794.92095487791,0.48035048821491,30269.63074853891,0.5145000000000001,28280.418618950585,0.5074404121750413,28691.640244011513,0.539,26853.291417788307,0.5492875069031217,26254.0432164173,0.5735,24843.66331819243,0.6092397911237495,22761.817274251156,0.6300000000000001,21552.53324204267,0.6337692052920174,21332.976695144593,0.6579999999999999,19921.53072642863,0.6490691935420037,20441.751004980564,0.6765,18843.904064326496,0.7075,17038.151279182384,0.7075,17038.151279182384,0.7705000000000001,13368.395619050792,0.7705000000000001,13368.395619050792,0.8335000000000001,9698.639958919204,0.8335000000000001,9698.639958919204,0.9219999999999999,4543.507007781969,0.9219999999999999,4543.507007781969
23223,23,愛知県,大府市,5,31.547836269146416,17475.02695300757,6.101228235673717,2.882983185145281,0.10432635488214145,15651.921089533116,0.15,14853.772910056436,0.1203348258346523,15372.17262816155,0.17,14504.272370996283,0.1947799718123133,14071.241695681341,0.265,12844.144810460564,0.49103806861605337,8894.123468989257,0.525,8300.637802678595,0.7288091884515961,4739.066741216354,0.765,4106.631333956779,0.8240196230896254,3075.2618297092276,0.865,2359.1286386560223,0.8567367822267988,2503.528591961284,0.895,1834.8778300657946,0.8798237095728109,2100.0839143275957,0.91,1572.752425770681,0.912100979947645,1536.0377445578556,0.94,1048.5016171804552,0.9428254169225693,999.1273803050725,0.97,524.2508085902276,0.9475917726755142,915.8351850547373,0.98,349.5005390601517,0.9514217445254326,848.9063237481529,0.99,174.75026953007585,1.0,0.0,1.0,0.0,1.0,0.0,1.0,0.0,1.0,0.0,1.0,0.0,1.0,0.0,1.0,0.0
23224,23,愛知県,知多市,10,87.63287852540671,48541.74153613214,6.023262610615652,2.6531374371309266,0.10275466863776965,43553.85096948662,0.1542,41056.60499126057,0.1178097338217165,42823.05188651786,0.1744,40076.06181223069,0.21416196363971976,38145.946850262335,0.30140000000000006,33911.26063714192,0.5191703150447408,23340.310289998044,0.5801999999999999,20377.823096868276,0.7870514087135001,10336.895478712719,0.8696,6329.843096311632,0.8509317242509569,7236.033712646926,0.9346,3174.6298964630428,0.8860139685874747,5533.080475556245,0.9636,1766.9193919152117,0.9023247016034118,4741.3290892317655,0.9744,1242.668583324984,0.933466724531017,3229.64106136765,0.9882000000000001,572.7925501263597,0.9513992927512823,2359.162969740478,0.9902000000000001,475.7090670540954,0.9560150493580877,2135.1061055392374,0.994,291.2504492167931,0.9547182577252387,2198.0546298072077,0.994,291.2504492167931,0.994,291.2504492167931,0.994,291.2504492167931,0.9979999999999999,97.08348307226437,0.9979999999999999,97.08348307226437,1.0,0.0,1.0,0.0,1.0,0.0,1.0,0.0
23225,23,愛知県,知立市,11,168.25512676878088,93200.14374937372,6.003747820617014,3.0099146262972676,0.10462489945386247,83449.08808050994,0.14395833333333333,79783.20638878678,0.12148691404803989,81877.54589642858,0.165,77822.12003072703,0.21245842609598792,73398.98789646194,0.285625,66579.85269095884,0.5027335029005212,46345.30901141895,0.53875,42988.56630439862,0.7621250441995017,22169.980074982363,0.805625,18115.777941284516,0.8399982565718058,14912.185487658106,0.8901041666666666,10242.307464123882,0.8794701940531634,11233.395240329282,0.9265625,6844.385556594632,0.9089426507328366,8486.558041136563,0.9396875,5621.133669884101,0.9309796874163051,6432.703054427066,0.9544791666666665,4242.548210257953,0.9362468848501644,5941.799496435064,0.9633333333333334,3417.338604143706,0.9416545727352301,5437.802208195179,0.9741666666666668,2407.6703801921567,0.9404990699142217,5545.495237215967,0.9791666666666669,1941.6696614452874,0.9864583333333334,1262.0852799394368,0.9864583333333334,1262.0852799394368,1.0,0.0,1.0,0.0,1.0,0.0,1.0,0.0,1.0,0.0,1.0,0.0
23226,23,愛知県,尾張旭市,1,0.0,0.0,5.849809017056726,1.18375,0.16,0.0,0.16,0.0,0.17,0.0,0.17,0.0,0.29,0.0,0.285,0.0,0.56,0.0,0.55,0.0,0.845,0.0,0.825,0.0,0.92,0.0,0.905,0.0,0.975,0.0,0.97,0.0,0.99,0.0,0.985,0.0,1.0,0.0,0.995,0.0,1.0,0.0,0.995,0.0,1.0,0.0,0.995,0.0,1.0,0.0,1.0,0.0,1.0,0.0,1.0,0.0,1.0,0.0,1.0,0.0,1.0,0.0,1.0,0.0,1.0,0.0,1.0,0.0
23227,23,愛知県,高浜市,3,0.0,0.0,5.986777422781415,1.0539583333333333,0.16,0.0,0.15166666666666664,0.0,0.17166666666666666,0.0,0.16333333333333333,0.0,0.31833333333333336,0.0,0.30666666666666664,0.0,0.5916666666666667,0.0,0.5733333333333333,0.0,0.8766666666666666,0.0,0.8533333333333334,0.0,0.965,0.0,0.9383333333333335,0.0,0.985,0.0,0.96,0.0,0.9983333333333334,0.0,0.975,0.0,0.9983333333333334,0.0,0.9883333333333333,0.0,1.0,0.0,0.9983333333333334,0.0,1.0,0.0,0.9983333333333334,0.0,1.0,0.0,1.0,0.0,1.0,0.0,1.0,0.0,1.0,0.0,1.0,0.0,1.0,0.0,1.0,0.0,1.0,0.0,1.0,0.0
23228,23,愛知県,岩倉市,4,73.61161796134164,40775.062890351,6.265888374378714,3.562854472858541,0.10792807516918922,36374.28883769278,0.14357142857142857,34920.92886109347,0.12407158135979572,35716.03635750003,0.16714285714285715,33959.80237867805,0.19578839105457777,32791.77893189996,0.26357142857142857,30027.921314251347,0.4805872959915879,21179.085671990273,0.5007142857142857,20358.40640025382,0.7314675653836639,10949.42690958017,0.7592857142857143,9815.140138605919,0.8049322663519862,7953.899107376,0.835,6727.885376907917,0.847398901939071,6222.319370571004,0.8842857142857143,4718.257277312045,0.8610920812510137,5663.979122957685,0.8907142857142858,4456.1318730169305,0.9126394564764839,3562.1316563066093,0.9357142857142857,2621.254042951137,0.9389186879992484,2490.594338255792,0.9664285714285713,1368.8771113189277,0.9370943264476955,2564.982795255107,0.975,1019.3765722587759,0.9523181703686715,1944.2296019444254,0.9914285714285714,349.5005390601517,0.9964285714285714,145.62522460839654,0.9964285714285714,145.62522460839654,0.9871446298120075,524.1785278941426,0.9964285714285714,145.62522460839654,0.9914304642164747,349.4233605143578,0.9978571428571429,87.37513476503793,0.9914308460947359,349.40778940424076,1.0,0.0
23229,23,愛知県,豊明市,12,203.30827817894357,112616.84036382657,5.899868762594195,2.390546184875783,0.10485142207390112,100808.80450220985,0.14681034482758623,96083.52319661996,0.1215904863850602,98923.70396884021,0.16818965517241377,93675.85281642781,0.19879915791024516,90228.70733298534,0.26879310344827595,82346.21034189458,0.5091450186821692,55278.537072859224,0.5395689655172414,51852.28830889635,0.7754146354916576,25292.09414288779,0.8040517241379311,22067.075702325674,0.8685835710873759,14799.702996037146,0.8990517241379311,11368.475867762145,0.9095898778260135,10181.702296141888,0.9413793103448276,6601.676848913972,0.9295716646666676,7931.416597323932,0.9575862068965516,4776.507367155407,0.951433179152423,5469.441910370153,0.9748275862068966,2834.8377057101193,0.9548283457653276,5087.088973916075,0.9822413793103448,1999.9197512886462,0.9602618985854346,4475.179423365659,0.9931896551724138,766.9595162708886,0.9587522454302886,4645.191791743483,0.9978448275862069,242.7087076806609,0.9991379310344827,97.08348307226437,0.9991379310344827,97.08348307226437,1.0,0.0,1.0,0.0,1.0,0.0,1.0,0.0,1.0,0.0,1.0,0.0
23230,23,愛知県,日進市,4,63.09567253829283,34950.05390601514,5.778338170736075,2.213094268632722,0.10806807070854119,31173.06900923257,0.15000000000000002,29707.54582011287,0.13520593851688317,30224.599066436713,0.185,28484.29393340234,0.20557183737750165,27765.307108112884,0.275,25338.78908186098,0.5040569885938748,17333.234982955557,0.53,16426.525335827115,0.7980356534689054,7058.664798354879,0.825,6116.259433552652,0.8879914298819496,3914.7055635615434,0.915,2970.754582011286,0.9257025564591822,2596.6996568306986,0.9549999999999998,1572.7524257706827,0.9289584913477301,2482.9045569614736,0.9549999999999998,1572.7524257706827,0.9563529267907143,1525.4675615043259,0.98,699.0010781203034,0.967316931784153,1142.2749959578223,0.995,174.75026953007585,0.966737916469574,1162.5116124147685,1.0,0.0,0.9607182577252388,1372.8990100250985,1.0,0.0,1.0,0.0,1.0,0.0,1.0,0.0,1.0,0.0,1.0,0.0,1.0,0.0,1.0,0.0,1.0,0.0
23231,23,愛知県,田原市,11,210.3189084609761,116500.17968671715,6.150230388436694,11.870957303637715,0.07318453406097251,107974.16831832519,0.11075,103597.78478641322,0.08194080934414524,106954.0606744492,0.12225000000000001,102258.03272001597,0.13448230056124158,100832.96750664938,0.20575,92530.26771617509,0.3170753448893375,79560.84503288151,0.39624999999999994,70336.98348585548,0.4834955624790891,60172.85978017289,0.6015,46425.32160515678,0.5377744992105582,53849.35389775279,0.6617500000000001,39406.18577903207,0.5778043047690226,49185.87435736734,0.701,34833.55372632843,0.6063351854916619,45862.021626559566,0.7230000000000001,32270.549773220646,0.6407670363159741,41850.70481858095,0.7594999999999998,28018.29321465547,0.7181477234051745,32835.84086840747,0.8119999999999999,21902.033781102822,0.7562458536124905,28397.40185352722,0.8422499999999999,18377.903345579627,0.7908966779791662,24360.574588516603,0.8739999999999999,14679.02264052636,0.8949057464156067,12243.499426623237,0.9325,7863.7621288534065,0.9324583457410336,7868.614857507714,0.94975,5854.134029257534,0.9455454168915749,6343.968716896798,0.95725,4980.382681607156,0.9800079097747803,2329.0821035511613,0.9827499999999999,2009.6280995958728
23232,23,愛知県,愛西市,7,147.22323592268327,81550.125780702,6.319599289400019,44.520110203945414,0.02914886187229837,79173.03242865176,0.03678571428571429,78550.24615376903,0.03166128484266145,78968.14401940434,0.04,78288.12074947392,0.052718731782266076,77250.90657285911,0.06678571428571428,76103.74238034798,0.1168630564212799,72019.92883042934,0.11999999999999998,71764.11068701776,0.16608250473226818,68006.0766298115,0.17,67686.60439798266,0.18553329980799133,66419.86184485162,0.18964285714285717,66084.72692729029,0.20117798451866425,65144.03583889681,0.2057142857142857,64774.09990581473,0.22246700812663348,63407.913285918585,0.22821428571428576,62939.222075748934,0.24543992444872856,61534.46907030219,0.2521428571428571,60987.84406599643,0.2656039376131125,59890.091260502944,0.2735714285714286,59240.34137069566,0.2812824545082237,58611.506235651774,0.2932142857142857,57638.463900003306,0.3160989753901958,55772.2145784805,0.32964285714285707,54667.70931799202,0.3696428571428571,51405.70428676394,0.3696428571428571,51405.70428676394,0.49821453308662184,40920.66794171427,0.5007142857142857,40716.81280050764,0.6492857142857144,28600.79411308906,0.6492857142857144,28600.79411308906,0.8224999999999999,14475.147326074604,0.8224999999999999,14475.147326074604
23233,23,愛知県,清須市,1,31.547836269146416,17475.02695300757,6.297931332795859,4.659319412917748,0.10167803118947631,15698.20061744273,0.135,15115.898314351549,0.11710408608440048,15428.629892375355,0.155,14766.397775291398,0.2073064483237613,13852.341181017571,0.27,12756.769675695527,0.5189186564094053,8406.909445834739,0.55,7863.7621288534065,0.7249869657121326,4805.8601866088775,0.76,4194.006468721817,0.7494535892835483,4378.3052802492975,0.78,3844.505929661665,0.7890043157080435,3687.1552699702156,0.825,3058.129716776326,0.7966608977425494,3553.356292549311,0.825,3058.129716776326,0.8632173988223076,2390.279642282659,0.885,2009.6280995958705,0.8983986687660217,1775.4860017752208,0.925,1310.627021475567,0.8981661183945835,1779.5498257840354,0.935,1135.8767519454912,0.9507182577252388,861.1997745426252,0.99,174.75026953007585,1.0,0.0,1.0,0.0,0.9850034765684541,262.06465116767407,1.0,0.0,0.9800044165051076,349.4233605143578,0.995,87.37513476503793,0.9800053075543838,349.40778940424076,1.0,0.0
23234,23,愛知県,北名古屋市,2,0.0,0.0,6.151230143869389,1.063125,0.16,0.0,0.14500000000000002,0.0,0.175,0.0,0.1575,0.0,0.29500000000000004,0.0,0.26749999999999996,0.0,0.61,0.0,0.5425,0.0,0.875,0.0,0.7675000000000001,0.0,0.9475,0.0,0.8274999999999999,0.0,0.9824999999999999,0.0,0.8775,0.0,1.0,0.0,0.9,0.0,1.0,0.0,0.9475,0.0,1.0,0.0,0.97,0.0,1.0,0.0,0.975,0.0,1.0,0.0,0.99,0.0,1.0,0.0,0.995,0.0,1.0,0.0,0.9975,0.0,1.0,0.0,1.0,0.0,1.0,0.0,1.0,0.0
23235,23,愛知県,弥富市,6,105.15945423048805,58250.08984335857,6.278844662821869,30.856551954029495,0.06744947946071624,54321.151604884086,0.076,53823.08301526332,0.0751013389825821,53875.43010026663,0.08499999999999999,53298.83220667309,0.11838242266862653,51354.303087036635,0.14200000000000002,49978.57708560165,0.22143150423371113,45351.684827594865,0.2305,44823.444134464415,0.33203033817591493,38909.292813890796,0.3465,38066.433712634825,0.3558044209674408,37524.45035534097,0.37150000000000005,36610.18146655086,0.3763327043874597,36328.67600179495,0.39549999999999996,35212.179310310254,0.3934229864700174,35333.16553503761,0.41400000000000003,34134.552648208126,0.42813231786855604,33311.343862669826,0.44200000000000006,32503.550132594082,0.4581147353328124,31564.86535165582,0.4739999999999999,30639.54725760661,0.4824092701799527,30149.70651410729,0.505,28833.794472462494,0.5361213834583759,27020.971089962484,0.5589999999999999,25688.289620921132,0.6190000000000001,22193.284230319616,0.6190000000000001,22193.284230319616,0.6800003901279414,18640.006024887098,0.6809999999999999,18581.77866003138,0.7710005454430355,13339.238802023283,0.7729999999999999,13222.770394442397,0.8440000000000001,9087.014015563935,0.8440000000000001,9087.014015563935
23236,23,愛知県,みよし市,8,73.61161796134164,40775.062890351,5.855549977123827,2.338120518438355,0.10602569516166115,36451.85850214108,0.13999999999999999,35066.55408570186,0.1270936237483485,35592.81238904948,0.16642857142857145,33988.92742359972,0.19976395971091862,32629.67486991275,0.2592857142857143,30202.671583781423,0.5242194368634644,19399.982383898852,0.5421428571428571,18669.153794796424,0.7998488630298796,8161.1751975319185,0.8221428571428572,7252.1361854981415,0.8783353243200691,4960.884802383344,0.8999999999999999,4077.5062890351005,0.90407300381256,3911.4293024253257,0.925,3058.129716776325,0.9263463684331095,3003.231459242708,0.9500000000000001,2038.7531445175493,0.9425521903804371,2342.4380501505907,0.9664285714285713,1368.8771113189277,0.955653820846762,1808.2182439200512,0.9835714285714285,669.8760331986242,0.96183366302933,1556.2347902733927,0.995,203.87531445175517,0.9607182577252388,1601.7155116959484,1.0,0.0,1.0,0.0,1.0,0.0,1.0,0.0,1.0,0.0,1.0,0.0,1.0,0.0,1.0,0.0,1.0,0.0
23237,23,愛知県,あま市,6,129.69666021760193,71841.77747347557,6.319901106275118,20.80030447821639,0.05614281821947401,67808.37762021832,0.07297297297297298,66599.2693875733,0.06268303678700002,67338.51669326224,0.08135135135135137,65997.35179252525,0.10464079044722109,64324.19709151773,0.1364864864864865,62036.345683176885,0.25508281003514194,53516.17499762206,0.2652702702702703,52784.28974639009,0.3663631227689984,45521.59953301757,0.38432432432432434,44231.234887723615,0.40666089454689475,42626.53598027305,0.4227027027027027,41474.0639684713,0.45469325090323626,39175.80612339408,0.4768918918918919,37581.016297273505,0.48145422364219137,37253.250274908314,0.5014864864864865,35814.0969053583,0.5411930365014721,32961.50777494227,0.5563513513513514,31872.50749262436,0.6253626218357602,26914.615155321637,0.6445945945945947,25532.956048005508,0.6525566092319787,24960.950764186004,0.6797297297297298,23008.785488126636,0.6858858393011866,22566.519634191693,0.7162162162162162,20387.5314451755,0.7366216216216216,18921.57085078431,0.7366216216216216,18921.57085078431,0.7960815758257535,14649.862052268027,0.8010810810810811,14290.688708237303,0.8672972972972973,9533.598037696354,0.8672972972972973,9533.598037696354,0.9389189189189189,4388.173434866346,0.9389189189189189,4388.173434866346
23238,23,愛知県,長久手市,1,31.547836269146416,17475.02695300757,5.8017193708384545,2.1228449471533715,0.11747557967784815,15422.138031816987,0.16,14679.022640526358,0.13613843768718653,15096.004085083643,0.185,14242.14696670117,0.22932694877381438,13467.53234213418,0.305,12145.143732340262,0.5159196904420241,8459.316456945877,0.54,8038.512398383482,0.7925047262876614,3625.9855007447995,0.82,3145.5048515413637,0.9117297372387838,1542.5252209013133,0.94,1048.5016171804552,0.9505041626970706,864.9410909303687,0.98,349.5005390601517,0.9631848275288939,643.3461312122015,0.99,174.75026953007585,0.965672413110733,599.8755061216494,0.99,174.75026953007585,0.9618563199043274,666.561837758777,0.99,174.75026953007585,0.961737916469574,668.6309409724221,0.995,87.37513476503793,0.9607182577252388,686.4495050125493,1.0,0.0,1.0,0.0,1.0,0.0,1.0,0.0,1.0,0.0,1.0,0.0,1.0,0.0,1.0,0.0,1.0,0.0
23361,23,愛知県,大口町,5,115.67539965353686,64075.098827694426,5.750001356391694,2.1065866366048267,0.12460453501311847,56091.05093234995,0.16,53823.08301526332,0.14545315454461988,54755.173575447996,0.18636363636363637,52133.830409805916,0.23612570868807034,48945.320707746934,0.3036363636363636,44619.56882001266,0.5920471928675067,26139.616434049876,0.6145454545454545,24698.038093584037,0.8224705801260692,11375.21512324537,0.8495454545454546,9640.389869075845,0.9062239337374989,6008.710713442187,0.9331818181818182,4281.381603486854,0.9286657124033412,4570.7515275590895,0.9590909090909091,2621.254042951138,0.9489046451401242,3273.9399122826662,0.9759090909090908,1543.6273808490037,0.957572382227941,2718.5538017683243,0.9818181818181818,1165.0017968671723,0.9695888323675502,1948.598571514799,0.9977272727272727,145.62522460839654,0.9592444708079777,2611.4145607538167,0.9972727272727273,174.75026953007588,0.9598091668161478,2575.231608222706,0.9990909090909091,58.25008984335862,1.0,0.0,1.0,0.0,0.999090999044486,58.24432605903594,1.0,0.0,1.0,0.0,1.0,0.0,1.0,0.0,1.0,0.0
23424,23,愛知県,大治町,1,0.0,0.0,6.318185135666974,1.0262499999999999,0.16,0.0,0.135,0.0,0.175,0.0,0.15,0.0,0.31,0.0,0.25,0.0,0.625,0.0,0.535,0.0,0.875,0.0,0.735,0.0,0.965,0.0,0.815,0.0,0.985,0.0,0.845,0.0,1.0,0.0,0.87,0.0,1.0,0.0,0.905,0.0,1.0,0.0,0.95,0.0,1.0,0.0,0.94,0.0,1.0,0.0,0.96,0.0,1.0,0.0,0.935,0.0,1.0,0.0,0.87,0.0,1.0,0.0,0.825,0.0,1.0,0.0,0.87,0.0
23425,23,愛知県,蟹江町,2,52.579727115244026,29125.044921679284,6.3354255519392995,57.688281873224305,0.015581764280796051,28671.22533704208,0.020000000000000004,28542.5440232457,0.019213983416557313,28565.436791547654,0.025,28396.9187986373,0.027276036143302915,28330.62914372024,0.035,28105.66834942051,0.04009816974401475,27957.183926607737,0.045,27814.417900203716,0.05989681690931321,27380.54743852994,0.065,27231.917001770133,0.06457035720348359,27244.430367518948,0.07,27086.291777161736,0.06490151636302471,27234.78534212109,0.07,27086.291777161736,0.07477123819291592,26947.329250461025,0.08000000000000002,26795.041327944942,0.07902639120817183,26823.39772774308,0.08000000000000002,26795.041327944942,0.08956588101387022,26516.434613700534,0.09100000000000001,26474.665833806474,0.10071761621162294,26191.639825111313,0.10799999999999998,25979.540070137926,0.1308307213783264,25314.594284399824,0.13499999999999998,25193.163857252584,0.18200000000000002,23824.286745933656,0.18200000000000002,23824.286745933656,0.321,19775.905501820238,0.321,19775.905501820238,0.491,14824.647865134757,0.491,14824.647865134757,0.7869999999999999,6203.634568317687,0.7869999999999999,6203.634568317687
23427,23,愛知県,飛島村,5,42.06378169219522,23300.03593734343,6.256014695729534,12.81521477462731,0.11354990988969803,20654.318956231356,0.11500000000000002,20620.531804548937,0.11544717028737068,20610.112720783087,0.11750000000000001,20562.281714705576,0.15798799498646984,19618.90997648985,0.16999999999999998,19339.029827995044,0.31635784755606433,15928.886720226517,0.3275,15669.274167863456,0.4409696152052493,13025.428055784616,0.47500000000000003,12232.5188671053,0.488709498270473,11913.087064720332,0.5225000000000001,11125.767160081487,0.4983671607921133,11688.063180895379,0.5375,10776.266621021336,0.5028206827590475,11584.295959018062,0.5425,10659.766441334617,0.5411895678531436,10690.29955744982,0.57,10019.015453057676,0.5526785638522416,10422.605537786847,0.5825,9727.765003840883,0.5728855564598052,9951.78188384498,0.61,9087.014015563938,0.6090198896825314,9109.850621183517,0.645,8271.512757756916,0.9450000000000001,1281.5019765538898,0.9450000000000001,1281.5019765538898,0.9750019506397074,582.4554484582998,0.98,466.000718746869,0.9950013636075892,116.46840758088497,1.0,0.0,1.0,0.0,1.0,0.0
23441,23,愛知県,阿久比町,3,21.03189084609761,11650.017968671715,6.082866899504965,3.977865613167137,0.07755396206535807,10746.512917068609,0.125,10193.76572258775,0.09205368253366032,10577.59091307217,0.15,9902.515273370956,0.18877181532901888,9450.822928109867,0.29,8271.512757756916,0.4489038528098354,6420.28001723117,0.525,5533.758535119065,0.6311581509264943,4297.0141693044425,0.73,3145.504851541363,0.700743185493884,3486.3472662437093,0.8049999999999999,2271.7535038909837,0.7381935303244609,3050.050076034537,0.8299999999999998,1980.503054674192,0.7570735290281664,2830.0977518878694,0.85,1747.5026953007575,0.832696458464252,1949.0892651138802,0.905,1106.7517070238125,0.8780073021202406,1421.217122345937,0.9349999999999999,757.2511679636608,0.9370160002949705,733.7647283024069,0.98,233.0003593734345,0.9459874418868276,629.2472725523837,0.99,116.50017968671725,1.0,0.0,1.0,0.0,1.0,0.0,1.0,0.0,1.0,0.0,1.0,0.0,1.0,0.0,1.0,0.0
23442,23,愛知県,東浦町,6,66.6009876793091,36891.72356746043,6.0065401549242425,3.098136200522666,0.10014648171630763,33197.14724772867,0.13973684210526316,31736.590616323192,0.12911085102902065,32128.60174173823,0.17684210526315788,30367.713505004267,0.22695643059522186,28518.909668083987,0.3078947368421052,25532.956048005508,0.5119882812921854,18003.59342424995,0.5518421052631579,16533.31716720661,0.744673647667472,9419.429209739626,0.7873684210526315,7844.3454322389525,0.8151810661944298,6818.289015987866,0.8621052631578947,5087.174512986649,0.8461884674922246,5674.372538764303,0.89,4058.0895924206466,0.8816234532186278,4367.114840728933,0.9126315789473685,3223.171637999173,0.9067693074596556,3439.4409372012833,0.9302631578947369,2572.712301415004,0.9347477885139617,2407.2665483083947,0.9618421052631578,1407.7105045478334,0.9395980904447405,2228.3305502593803,0.971842105263158,1038.7932688732287,0.9434870448865388,2084.860318026106,0.9818421052631578,669.8760331986241,0.9921052631578947,291.2504492167931,0.9921052631578947,291.2504492167931,1.0,0.0,1.0,0.0,1.0,0.0,1.0,0.0,1.0,0.0,1.0,0.0
23445,23,愛知県,南知多町,1,0.0,0.0,5.821076761173881,1.2131249999999998,0.16,0.0,0.135,0.0,0.185,0.0,0.16,0.0,0.295,0.0,0.245,0.0,0.54,0.0,0.445,0.0,0.82,0.0,0.675,0.0,0.925,0.0,0.76,0.0,0.96,0.0,0.795,0.0,1.0,0.0,0.845,0.0,1.0,0.0,0.86,0.0,1.0,0.0,0.86,0.0,1.0,0.0,0.88,0.0,1.0,0.0,0.905,0.0,1.0,0.0,0.98,0.0,1.0,0.0,0.995,0.0,1.0,0.0,1.0,0.0,1.0,0.0,1.0,0.0
23446,23,愛知県,美浜町,5,35.053151410162684,19416.696614452856,6.132980421730911,5.015151892726026,0.09332803101337049,17604.574550641995,0.145,16601.27560535719,0.10469383747375105,17383.888134822195,0.16,16310.025156140398,0.14439872545466642,16612.95037078593,0.23000000000000004,14950.856393128699,0.40510023208800705,11550.988309555583,0.515,9417.097858009634,0.6591855530441535,6617.490718364207,0.79,4077.506289035099,0.7276290625639377,5288.543858790142,0.865,2621.254042951136,0.7704483849824828,4457.134066152811,0.905,1844.5861783730209,0.8026906918401437,3831.0949757475164,0.91,1747.5026953007564,0.8390683871418878,3124.7603025405447,0.915,1650.4192122284921,0.86569647742901,2607.730752013234,0.93,1359.168763011699,0.8995470993377966,1950.463496199773,0.945,1067.918313794908,0.8990771530440543,1959.588300810454,0.95,970.8348307226437,0.9549999999999998,873.7513476503793,0.9549999999999998,873.7513476503793,1.0,0.0,1.0,0.0,1.0,0.0,1.0,0.0,1.0,0.0,1.0,0.0
23447,23,愛知県,武豊町,8,101.65413908947178,56308.42018191329,6.083116901527729,3.497037641463016,0.10151346073067168,50592.35758097047,0.15655172413793106,47493.23991895169,0.1197693942744031,49564.394804176954,0.17982758620689657,46182.612897476116,0.19435961170250238,45364.33749977527,0.29224137931034483,39852.76980116449,0.4600928482205382,30401.318761617968,0.5517241379310345,25241.705598788714,0.704151200776929,16658.77849696718,0.8282758620689654,9669.514913997526,0.7838136477958912,12173.111957504047,0.9110344827586208,5009.507726528835,0.8197127007534197,10151.692999438777,0.9408620689655173,3329.963469378664,0.8578620558070202,8003.563085411638,0.9641379310344828,2019.3364479030988,0.8962182162806023,5843.788284900291,0.9725862068965516,1543.6273808490037,0.9143040456715595,4825.403804215879,0.9743103448275863,1446.5438977767392,0.9398710135172311,3385.7682359843366,0.9775862068965517,1262.0852799394368,0.9385868855077645,3458.0754555087456,0.9775862068965517,1262.0852799394368,0.9879310344827587,679.5843815058506,0.9879310344827587,679.5843815058506,0.9982758620689655,97.08348307226437,0.9982758620689655,97.08348307226437,1.0,0.0,1.0,0.0,1.0,0.0,1.0,0.0
23501,23,愛知県,幸田町,17,147.22323592268327,81550.125780702,5.865141038709214,2.504641941908547,0.11451464632783818,72211.44196893419,0.14821428571428572,69463.23213820509,0.12357522908057685,71472.5503058019,0.15928571428571428,68560.35574563303,0.21687555755613308,63863.89678323947,0.2810714285714286,58628.7154273404,0.5398269052865752,37527.17375477468,0.5603571428571428,35852.9302985872,0.7767484558856059,18206.191503264774,0.797142857142857,16543.025515513837,0.8777792215297476,9967.1198572644,0.8982142857142859,8300.637802678597,0.9066928407747089,7609.210571062484,0.9299999999999998,5708.508804649142,0.9227876795386952,6296.67444543928,0.9482142857142856,4223.131513643497,0.9302231494340542,5690.310940234122,0.9578571428571427,3436.7553007581555,0.9458301908736498,4417.554747770481,0.9785714285714285,1747.502695300759,0.9556575400914465,3616.133182968277,0.9885714285714285,932.001437493738,0.9597358505853586,3283.546449216995,0.9989285714285714,87.37513476503793,0.9957152127212507,349.42494152554866,1.0,0.0,1.0,0.0,1.0,0.0,1.0,0.0,1.0,0.0,1.0,0.0,1.0,0.0
23561,23,愛知県,設楽町,3,42.06378169219522,23300.03593734343,5.542524305009782,2.021378277911136,0.12320268273353577,20429.409002074925,0.1575,19630.280277211838,0.14295734494924545,19969.12466251881,0.1825,19047.779378778254,0.23235402986407283,17886.178691323963,0.29500000000000004,16426.52533582712,0.5409777546563419,10695.234812547307,0.5599999999999999,10252.01581243111,0.81460124714009,4319.797604374557,0.8424999999999999,3669.755660131591,0.9115383994363947,2061.1584722069233,0.9400000000000001,1398.0021562406057,0.9427561256074114,1333.7843305400888,0.9724999999999999,640.7509882769449,0.9606582975387573,916.6630811832271,0.9824999999999999,407.75062890351035,0.968172413110733,741.5839183188407,0.9924999999999999,174.75026953007588,0.9718563199043273,655.7487576382682,1.0,0.0,0.966737916469574,775.0077416098457,1.0,0.0,0.9607182577252388,915.2660066833992,1.0,0.0,1.0,0.0,1.0,0.0,1.0,0.0,1.0,0.0,1.0,0.0,1.0,0.0,1.0,0.0,1.0,0.0
23562,23,愛知県,東栄町,2,14.021260564065074,7766.678645781143,5.701127178624348,2.238840177282692,0.11719450920820236,6856.466553710997,0.15000000000000002,6601.676848913971,0.14428487509489063,6646.064387472457,0.185,6329.843096311632,0.21900606483221058,6065.728918752254,0.28,5592.008624962424,0.5818187987804413,3247.879005579054,0.5950000000000001,3145.504851541363,0.8075476604700088,1494.7154757582048,0.8250000000000001,1359.1687630117003,0.8979517516493797,792.5759513041337,0.9150000000000001,660.1676848913969,0.9161352050304414,651.3509122228852,0.935,504.8341119757739,0.919373648762703,626.1989604419656,0.9400000000000001,466.00071874686904,0.9416339769959451,453.31014450476516,0.965,271.83375260234027,0.9526752233505249,367.55633221984033,0.98,155.333572915623,0.9667379164695741,258.33591386994857,1.0,0.0,0.9607182577252388,305.0886688944664,1.0,0.0,1.0,0.0,1.0,0.0,1.0,0.0,1.0,0.0,1.0,0.0,1.0,0.0,1.0,0.0,1.0,0.0
23563,23,愛知県,豊根村,4,38.55846655117895,21358.366275898145,5.444943471684169,1.9632590941272001,0.1249092279780995,18690.509233502227,0.15954545454545457,17950.736020061668,0.13719852501695806,18428.029926072977,0.175,17620.652177615968,0.22051103337244554,16648.610857252657,0.2813636363636364,15348.898673724983,0.5089003798907454,10489.085564247893,0.5213636363636364,10222.89076750943,0.8416809564828872,3381.4361198883516,0.8604545454545454,2980.462930318514,0.9416900037906387,1245.406256585771,0.96,854.3346510359263,0.951266724982045,1040.8631376575606,0.9704545454545455,631.0426399697185,0.9695123853737656,651.1656400655404,0.990909090909091,194.16696614452877,0.9729738126017831,577.2352094921798,0.9972727272727273,58.25008984335863,0.9709472289952364,620.5197244495321,0.9990909090909091,19.416696614452878,0.966737916469574,710.4237631423586,1.0,0.0,0.9607182577252389,838.9938394597825,1.0,0.0,1.0,0.0,1.0,0.0,1.0,0.0,1.0,0.0,1.0,0.0,1.0,0.0,1.0,0.0,1.0,0.0
24201,24,三重県,津市,44,354.60871846226553,196425.41757958825,5.949170099300807,3.3801703120926754,0.11190367105901242,174444.69226313286,0.1534,166293.75852287942,0.1300757721792208,170875.2297122974,0.17820000000000003,161422.40816690563,0.19975944940270277,157187.58431519376,0.2732,142761.99349684472,0.5051958075370698,97192.12012466203,0.5486,88666.43349542614,0.7624433035266236,46662.17330361045,0.8222,34924.43924565079,0.8459244386030361,30264.35648620812,0.9138000000000001,16931.870995360507,0.8756059381136205,24434.155550453233,0.9442,10960.538300941029,0.893606188466039,20898.4488584423,0.9606,7739.161452635781,0.905072146917024,18646.24318175738,0.9748,4949.920523005626,0.9189651141805226,15917.31128560512,0.9822,3496.372432916672,0.9362637745068643,12519.414707436012,0.9873999999999999,2474.960261502812,0.9421295490994934,11367.227483651088,0.9898,2003.5392593117992,0.9897915270984172,2005.2035525432957,0.9945999999999999,1060.6972549297775,0.9926401357471942,1445.6644091864446,0.9957999999999999,824.9867538342713,0.9949448840856551,992.9532543883965,0.9964,707.1315032865183,0.998415166735649,311.3015357441458,0.9988,235.71050109550612
24202,24,三重県,四日市市,28,424.78376467773745,235296.8892577663,6.039699959053296,22.386862026962827,0.0692594349492681,219000.35966245292,0.0893580909023622,214271.20843842777,0.07843787764324564,216840.70064832934,0.10164412375841639,211380.3431260795,0.13508662781908107,203511.42595161486,0.17396750666066205,194362.87610858277,0.33506322475619493,156457.55476795783,0.34384098534249846,154392.17500735118,0.5026706250188119,117020.05486958273,0.5154451122803845,114014.25775507173,0.5527714850866686,105231.47834647741,0.5657785935682864,102170.94618251442,0.5696845902795121,101251.87730691192,0.5841111906397177,97857.3431195906,0.585200060686516,97601.13538477305,0.6012390530055262,93827.21038528072,0.6205923468902153,89273.44053732199,0.6377254442623296,85242.07602231311,0.6407711040366714,84525.44175167297,0.6615830942385226,79628.44519791426,0.6476139848335224,82915.33318661222,0.6713871357134525,77321.58473670916,0.6540066679693246,81411.15473074738,0.6824354707259027,74721.94587680197,0.7063196821597894,69102.06522403359,0.7089824911990495,68475.5145404082,0.763601401367307,55623.85488316784,0.7689235986056369,54371.55842897257,0.818706243248749,42657.8570054235,0.8220329748881263,41875.08739928265,0.9227421138417888,18178.54028365767,0.923740340463083,17943.66066489289
24203,24,三重県,伊勢市,17,212.76523107735932,117855.25054775295,6.102737257874542,43.239466575679046,0.04254447816102766,112841.16041466163,0.07,109605.38300941024,0.04729297724645585,112281.52486522272,0.08099999999999999,108308.97525338495,0.06938231999939308,109678.1798406401,0.123,103359.05473037934,0.19528198331466412,94840.2434767411,0.262,86977.17490424168,0.31117904075828845,81181.16673397543,0.40599999999999997,70006.01882536526,0.33535481529822575,78331.92476838514,0.438,66234.65080783716,0.3458226860135329,77098.23124253114,0.45000000000000007,64820.38780126412,0.3507675685327268,76515.45087430233,0.455,64231.111548525354,0.3558159525623196,75920.47230963339,0.461,63523.98004523884,0.3620604154429748,75184.52957229764,0.4650000000000001,63052.55904304783,0.37083783867710735,74150.06415787528,0.468,62698.993291404564,0.3811802011103137,72931.16244205408,0.476,61756.15128702254,0.4226030388544896,68049.26352131531,0.5650000000000001,51267.03398827253,0.5001163673261181,58913.910773501266,0.6400000000000001,42427.89019719106,0.5827323612168548,49177.18211425686,0.7220000000000001,32763.759652275316,0.8081428804864408,22611.368889640693,0.8740000000000001,14849.76156901687
24204,24,三重県,松阪市,36,354.6087184622655,196425.41757958825,6.01171442392762,2.5198226488645865,0.11559862808077598,173718.90878719432,0.1514,166686.6093580386,0.13610016187517907,169691.88645060666,0.17820000000000003,161422.4081669056,0.20598752945607998,155964.23108999,0.27180000000000004,143036.98908145618,0.5283589863228146,92642.28305920144,0.5562,87173.60032182126,0.8035997567525134,38577.99979262027,0.8430000000000002,30838.790559995352,0.8818260519702922,23212.36708876398,0.9228000000000002,15164.042237144213,0.9077909860213289,18112.194075362597,0.9500000000000001,9821.270878979412,0.9204706524103416,15621.585310130904,0.9616000000000002,7542.736035056192,0.9256712392023533,14600.057877851108,0.9686000000000002,6167.758111999074,0.9433742548765152,11122.735631635895,0.9850000000000001,2946.3812636938264,0.9562164174431704,8600.208486855669,0.9934000000000001,1296.4077560252836,0.9567008598277348,8505.051689174372,0.9988,235.71050109550612,0.9970215177249632,585.0496246275638,1.0,0.0,0.9994147845450789,114.95119010691094,1.0,0.0,1.0,0.0,1.0,0.0,1.0,0.0,1.0,0.0
24205,24,三重県,桑名市,16,212.76523107735932,117855.25054775295,5.966333784043164,5.600236883179312,0.10689046572453421,105257.64792862197,0.13833333333333334,101551.94088864712,0.12057428791926941,103644.93763541055,0.15666666666666668,99391.26129527166,0.2038952158431251,93825.12879907328,0.26433333333333336,86702.17931963026,0.4740297014937727,61988.36131112784,0.49000000000000005,60106.17777935401,0.6763163416879397,38147.81864858112,0.6960000000000001,35827.996166516896,0.760280136535502,28252.24456988154,0.7800000000000001,25928.155120505646,0.8023070504039982,23299.152106161087,0.8253333333333335,20585.383762340847,0.8370657591042885,19202.655783572012,0.8596666666666667,16539.020160201333,0.894026555030762,12489.526908258069,0.9186666666666667,9585.560377883907,0.9330263664154507,7893.194366200474,0.9636666666666667,4282.074103235023,0.9453268663909598,6443.515859724223,0.9800000000000001,2357.105010955061,0.9526020815123339,5586.093558805869,0.9920000000000001,942.8420043820245,0.9670000000000001,3889.2232680758484,0.9670000000000001,3889.2232680758484,0.955,5303.4862746488825,0.955,5303.4862746488825,0.9620000000000002,4478.499520814611,0.9620000000000002,4478.499520814611,0.969,3653.512766980342,0.969,3653.512766980342
24207,24,三重県,鈴鹿市,26,278.95885852364887,154521.32849594275,6.088942705648441,11.762826658306466,0.10202013147201675,138757.04224755598,0.12652542372881356,134970.4519328544,0.11287076666838958,137080.38768198763,0.1415254237288136,132652.63200541527,0.18799611842151492,125471.9185253697,0.23855932203389835,117658.82513017335,0.42318748396584793,89129.83627068446,0.4522033898305085,84646.2599489639,0.6283920004286743,57421.36177348099,0.6690677966101696,51136.08370988614,0.7019664837253959,46052.534871068994,0.7470338983050849,39088.65809833806,0.7382558895653742,40445.04767034715,0.7830508474576272,33523.271266916396,0.7518556629375902,38343.592621628595,0.7945762711864407,31742.34748086146,0.7681864914133634,35820.13131011273,0.8067796610169492,29856.663472097414,0.7856004909957229,33129.29696021872,0.8204237288135594,27748.363990076505,0.811816361513772,29078.385820092153,0.836271186440678,25299.59378425097,0.8158890512535129,28449.068390955636,0.842542372881356,24330.561724191666,0.864491525423729,20938.94951398411,0.864491525423729,20938.94951398411,0.8993220338983052,15556.893072303388,0.8993220338983052,15556.893072303388,0.9237288135593221,11785.525054775295,0.9237288135593221,11785.525054775295,0.9534745762711865,7189.170283412931,0.9534745762711865,7189.170283412931
24208,24,三重県,名張市,9,307.3275560006301,170235.3619023098,5.48819206336485,2.737129735893984,0.1300036388749364,148104.1453898178,0.15923076923076923,143128.65427632665,0.1519703728449352,144364.63048262332,0.1853076923076923,138689.43983902794,0.24902648960231905,127842.24732159723,0.30053846153846153,119073.08813674639,0.5407348347919559,78183.17160831549,0.5667692307692308,73751.19678721607,0.7963266115035659,34672.41300056022,0.8464615384615385,26137.675565923877,0.8796554636163068,20486.895704243736,0.9344615384615385,11156.963718520612,0.907567557740116,15735.27025962573,0.9648461538461538,5984.427722258128,0.9205288277764844,13528.803764270993,0.9726153846153847,4661.829910555565,0.9270668154304877,12415.807069878898,0.9810769230769232,3221.37684830525,0.9359832366142845,10897.916882781814,0.9824615384615386,2985.666347209744,0.9475004210111097,8937.284828892654,0.9839230769230771,2736.860818275599,0.9510877640484754,8326.59218865896,0.9880769230769232,2029.7293149890804,0.9859821239283953,2386.3382061513585,0.9992307692307691,130.95027838639228,1.0,0.0,1.0,0.0,1.0,0.0,1.0,0.0,1.0,0.0,1.0,0.0
24209,24,三重県,尾鷲市,6,42.553046215471866,23571.05010955059,5.799924195177968,52.23562499999999,0.015000000000000001,23217.48435790733,0.015000000000000001,23217.48435790733,0.015000000000000001,23217.48435790733,0.015000000000000001,23217.48435790733,0.02,23099.62910735958,0.02,23099.62910735958,0.085,21567.510850238792,0.085,21567.510850238792,0.13,20506.813595309013,0.13,20506.813595309013,0.14,20271.103094213508,0.14,20271.103094213508,0.15,20035.392593118002,0.15,20035.392593118002,0.155,19917.53734257025,0.155,19917.53734257025,0.155,19917.53734257025,0.155,19917.53734257025,0.155,19917.53734257025,0.155,19917.53734257025,0.155,19917.53734257025,0.155,19917.53734257025,0.185,19210.40583928373,0.185,19210.40583928373,0.28,16971.156078876425,0.28,16971.156078876425,0.43,13435.498562443838,0.43,13435.498562443838,0.555,10489.11729875001,0.555,10489.11729875001,0.765,5539.196775744388,0.765,5539.196775744388
24210,24,三重県,亀山市,14,297.8713235083031,164997.35076685413,5.808333457825897,2.4552972835972975,0.12124564720051627,144992.1401867563,0.1533333333333333,139697.75698260317,0.1265840174470629,144111.32323866352,0.1611904761904762,138401.34922657788,0.21593221110435912,129369.1079894058,0.2778571428571428,119151.65830377824,0.5219662219430583,78874.3069564657,0.5423809523809524,75505.93051759372,0.7900614707599847,34639.30114849227,0.8209523809523809,29542.38280397007,0.8671224365822682,21924.445940280413,0.8997619047619049,16539.020160201326,0.8864357041720532,18737.807953314517,0.9185714285714285,13435.498562443834,0.905233800384525,15636.171878796233,0.9361904761904761,10528.402382265927,0.9283995236116018,11813.888917730394,0.9569047619047617,7110.600116381097,0.9501357808765688,8227.464053424033,0.9819047619047618,2985.666347209744,0.9635141122134934,6020.074825150299,0.9973809523809523,432.13591867509456,0.9597724736446426,6637.435276537777,0.9990476190476191,157.14033406367074,1.0,0.0,1.0,0.0,1.0,0.0,1.0,0.0,1.0,0.0,1.0,0.0,1.0,0.0,1.0,0.0
24211,24,三重県,鳥羽市,3,0.0,0.0,5.590500707228537,1.0285416666666667,0.16,0.0,0.060000000000000005,0.0,0.17833333333333332,0.0,0.06666666666666667,0.0,0.295,0.0,0.12,0.0,0.6216666666666667,0.0,0.27666666666666667,0.0,0.8866666666666667,0.0,0.39666666666666667,0.0,0.9700000000000001,0.0,0.44166666666666665,0.0,0.9866666666666667,0.0,0.45,0.0,0.9966666666666667,0.0,0.455,0.0,0.9966666666666667,0.0,0.455,0.0,1.0,0.0,0.4583333333333333,0.0,1.0,0.0,0.4583333333333333,0.0,1.0,0.0,0.45999999999999996,0.0,1.0,0.0,0.73,0.0,1.0,0.0,0.79,0.0,1.0,0.0,0.8533333333333334,0.0,1.0,0.0,0.9366666666666666,0.0
24212,24,三重県,熊野市,4,61.46551120012602,34047.07238046196,5.949313834673989,17.37503380826333,0.12307692307692308,29856.663472097414,0.12307692307692308,29856.663472097414,0.13846153846153844,29332.862358551847,0.13846153846153844,29332.862358551847,0.22692307692307692,26321.005955664827,0.22692307692307692,26321.005955664827,0.45769230769230773,18463.989252481297,0.45769230769230773,18463.989252481297,0.6346153846153847,12440.276446707256,0.6346153846153847,12440.276446707256,0.7307692307692308,9166.519487047453,0.7307692307692308,9166.519487047453,0.7423076923076922,8773.668651888276,0.7423076923076922,8773.668651888276,0.75,8511.76809511549,0.75,8511.76809511549,0.75,8511.76809511549,0.75,8511.76809511549,0.75,8511.76809511549,0.75,8511.76809511549,0.7510235200249232,8476.920234744079,0.7511538461538461,8472.483011599574,0.7520727614026803,8441.196637611007,0.7523076923076922,8433.197928083655,0.7680837026242248,7896.070962961762,0.7796153846153846,7503.450951540272,0.8119356611541522,6403.0401568683055,0.835,5617.766942776225,0.8488599686620113,5145.875586549793,0.8753846153846154,4242.789019719106,0.9180872269581485,2788.8901126402748,0.9400000000000001,2042.8243428277178
24214,24,三重県,いなべ市,11,23.640581230817705,13095.027838639216,5.625633068055029,1.9844461122006178,0.12604298460483548,11444.49144637372,0.15999999999999998,10999.823384456942,0.13748129653930663,11294.706433164783,0.175,10803.397966877354,0.2310172028541565,10069.851136059475,0.29499999999999993,9231.994626240648,0.5588813171386718,5776.461432212956,0.5719999999999998,5604.671914937586,0.8433493244647979,2051.34495707511,0.8609999999999999,1820.2088695708512,0.9231154149770736,1006.8057812374445,0.941,772.6066424797145,0.9523158946633339,624.424686844248,0.972,366.66077948189843,0.9633211066722869,480.31112921688015,0.985,196.42541757958844,0.967732166290283,422.5481807213221,0.992,104.76022270911383,0.9639252684116363,472.39961442105925,0.992,104.76022270911383,0.9667379164695739,435.567909802072,1.0,0.0,0.9607182577252388,514.3955086382492,1.0,0.0,1.0,0.0,1.0,0.0,1.0,0.0,1.0,0.0,1.0,0.0,1.0,0.0,1.0,0.0,1.0,0.0
24215,24,三重県,志摩市,4,0.0,0.0,5.9499109309961895,1.13234375,0.16,0.0,0.11,0.0,0.175,0.0,0.12,0.0,0.29125,0.0,0.1975,0.0,0.58375,0.0,0.42500000000000004,0.0,0.845,0.0,0.61375,0.0,0.94875,0.0,0.6975,0.0,0.98125,0.0,0.72,0.0,0.99,0.0,0.7262500000000001,0.0,0.99875,0.0,0.735,0.0,1.0,0.0,0.735,0.0,1.0,0.0,0.735,0.0,1.0,0.0,0.735,0.0,1.0,0.0,0.76,0.0,1.0,0.0,0.84375,0.0,1.0,0.0,0.91625,0.0,1.0,0.0,0.98,0.0
24216,24,三重県,伊賀市,33,260.0463935389947,144045.30622503138,5.633776616125412,2.97983585133134,0.1154701340049717,127412.37541243983,0.15581818181818183,121600.42850960378,0.1372323777514235,124277.6263478384,0.18572727272727274,117292.16435069147,0.21323578567604473,113329.69217919034,0.2922727272727273,101944.79172380631,0.5174800067146043,69504.74019249492,0.5676363636363636,62279.952400568116,0.7735332594037436,32621.470998972487,0.8473636363636364,21986.551741075247,0.8564956375332589,20671.129836149623,0.9342727272727274,9467.705127336156,0.887819106762619,16159.131118976107,0.9624545454545456,5408.246497358002,0.9045129315231105,13754.464019284105,0.9716363636363637,4085.6486856554393,0.9120840550650993,12663.879210210764,0.9850909090909092,2147.5845655368335,0.9220850690192272,11223.280092627627,0.9875454545454546,1794.0188138935741,0.94628142770926,7737.908195591115,0.9917272727272728,1191.6475333161698,0.9502079705945601,7172.308123272375,0.995,720.2265311251576,0.9845843304536643,2220.554840465804,1.0,0.0,1.0,0.0,1.0,0.0,1.0,0.0,1.0,0.0,1.0,0.0,1.0,0.0
24324,24,三重県,東員町,7,132.38725489257914,73332.15589637961,5.789441067441267,2.281448313652405,0.11639552127037729,64796.62138493993,0.1482142857142857,62463.28279030905,0.12687124737671443,64028.41380498224,0.16142857142857142,61494.25073024976,0.21755978041461535,57378.02816223292,0.2789285714285714,52877.72241242516,0.5019854153266975,36520.48316193337,0.5139285714285714,35644.665776775946,0.8112542124944074,13841.135514145059,0.8289285714285713,12545.036669416371,0.8960257193659033,7624.6581566735,0.9135714285714287,6337.993473901378,0.9130251900425977,6378.0503228542,0.9317857142857143,5002.300634360177,0.9435819326554026,4137.258509886462,0.9646428571428571,2592.815512050567,0.943246809989214,4161.8337774878155,0.9664285714285714,2461.8652336641753,0.953938952599253,3377.7559087421123,0.9814285714285712,1361.88289521848,0.9651566537788936,2555.137697037705,0.9982142857142858,130.95027838639228,0.959158434931721,2995.0000166391683,0.9982142857142858,130.95027838639228,1.0,0.0,1.0,0.0,1.0,0.0,1.0,0.0,1.0,0.0,1.0,0.0,1.0,0.0,1.0,0.0
24341,24,三重県,菰野町,8,70.9217436924531,39285.08351591765,5.84937822658747,2.2485432692170146,0.12052982723712921,34550.0591867479,0.154,33235.180654466334,0.1384931190609932,33844.3697672266,0.178,32292.33865008431,0.22736645603179934,30352.973301990194,0.291,27853.124212785617,0.52765998005867,18555.917131305356,0.5400000000000001,18071.138417322116,0.7899804403185844,8250.635942060662,0.8069999999999999,7582.0211185721055,0.8806699839234353,4687.889647523644,0.8980000000000001,4007.0785186236017,0.9043255699872969,3758.577973386855,0.9229999999999999,3024.951430725659,0.922682589530945,3037.4209275113203,0.944,2199.9646768913876,0.9578132755756379,1657.30899227407,0.9820000000000001,707.1315032865184,0.965977756202221,1336.5666889946613,0.9940000000000001,235.71050109550612,0.963737916469574,1424.558979953969,0.9970000000000001,117.85525054775306,0.9607182577252388,1543.1865259147476,1.0,0.0,1.0,0.0,1.0,0.0,1.0,0.0,1.0,0.0,1.0,0.0,1.0,0.0,1.0,0.0,1.0,0.0
24343,24,三重県,朝日町,2,56.737394953962486,31428.06681273412,6.350789189444281,4.955184182978738,0.09560622680961389,28423.347928848165,0.125,27499.558461142355,0.10976949621021048,27978.22375183946,0.14499999999999996,26870.99712488767,0.14338513184367913,26921.74930919828,0.19000000000000003,25456.734118314638,0.33802608483754737,20804.56043401275,0.35,20428.24342827718,0.5056894179555093,15535.225998735747,0.52,15085.472070112377,0.5610772495838319,13794.493525708354,0.575,13356.928395412002,0.6135044878097687,12146.806779936482,0.63,11628.384720711623,0.6509844446182251,10968.884193221926,0.665,10528.40238226593,0.7482380375266076,7912.391777518838,0.765,7385.595700992518,0.8753711305168328,3916.8444369125027,0.905,2985.6663472097407,0.932961859703064,2106.879152253548,0.965,1099.9823384456952,0.9513376969099044,1529.3621127770411,0.9900000000000001,314.28066812734147,0.995,157.14033406367074,0.995,157.14033406367074,0.995,157.14033406367074,0.995,157.14033406367074,1.0,0.0,1.0,0.0,1.0,0.0,1.0,0.0
24344,24,三重県,川越町,1,0.0,0.0,6.259303912041855,1.0962500000000002,0.16,0.0,0.06,0.0,0.19,0.0,0.065,0.0,0.33,0.0,0.1,0.0,0.57,0.0,0.15,0.0,0.88,0.0,0.24,0.0,0.945,0.0,0.25,0.0,0.975,0.0,0.255,0.0,0.99,0.0,0.28,0.0,1.0,0.0,0.325,0.0,1.0,0.0,0.36,0.0,1.0,0.0,0.395,0.0,1.0,0.0,0.475,0.0,1.0,0.0,0.63,0.0,1.0,0.0,0.83,0.0,1.0,0.0,0.895,0.0,1.0,0.0,0.975,0.0
24441,24,三重県,多気町,8,42.553046215471866,23571.05010955059,5.830502798138755,3.148468148424873,0.1097187177534215,20984.864715429052,0.16,19799.682092022496,0.12595527660800143,20602.15197306108,0.18,19328.261089831485,0.21179872163571417,18578.731828736414,0.3,16499.73507668541,0.5159830503386911,11408.787774338538,0.58,9899.841046011248,0.7827752626343865,5120.215169478845,0.875,2946.3812636938237,0.8436845794721739,3684.518610156862,0.9349999999999999,1532.1182571207871,0.8616892302437918,3260.1300846140966,0.955,1060.6972549297775,0.8944183546240675,2488.670253804908,0.975,589.2762527387653,0.9020129887288203,2309.656752758075,0.985,353.56575164325915,0.9278259230905677,1701.2187834427853,0.9949999999999999,117.85525054775306,0.938046572363237,1460.3073472845579,0.9949999999999999,117.85525054775306,0.9421950221131555,1362.5240303522746,1.0,0.0,0.9903376820310951,227.75098101946924,1.0,0.0,0.995123204542324,114.95119010691094,1.0,0.0,1.0,0.0,1.0,0.0,1.0,0.0,1.0,0.0
24442,24,三重県,明和町,4,42.553046215471866,23571.05010955059,5.979332901691196,10.016214840648319,0.0957378336507827,21314.408835188173,0.16,19799.682092022496,0.1037292065937072,21126.04378310639,0.17,19563.971590926987,0.15303128731902688,19963.941967824772,0.255,17560.43233161519,0.44246504543640186,13141.684351844582,0.56,10371.262048202258,0.662820634613745,7947.671717425885,0.85,3535.657516432589,0.7435798857628834,6044.091361779763,0.9499999999999998,1178.5525054775305,0.7664615577086806,5504.746325755077,0.9700000000000001,707.1315032865183,0.7697668446740137,5426.837241068771,0.975,589.2762527387653,0.7676412505374174,5476.939726975046,0.985,353.56575164325915,0.7634335241079679,5576.120257490879,0.99,235.71050109550612,0.7785631687362912,5219.49864581698,0.99,235.71050109550612,0.7878392443584744,5000.851802506518,0.9949999999999999,117.85525054775306,0.8668491410184651,3138.505569183463,0.9949999999999999,117.85525054775306,0.9387330358289182,1444.1266825366097,1.0,0.0,0.9619257194455713,897.4507748335275,1.0,0.0,0.9951128003839403,115.19642704551856,1.0,0.0
24443,24,三重県,大台町,5,0.0,0.0,5.5696310427748275,1.1443750000000001,0.16,0.0,0.05900000000000001,0.0,0.185,0.0,0.06799999999999999,0.0,0.29900000000000004,0.0,0.10900000000000001,0.0,0.563,0.0,0.21400000000000002,0.0,0.853,0.0,0.332,0.0,0.9470000000000001,0.0,0.365,0.0,0.982,0.0,0.381,0.0,0.991,0.0,0.389,0.0,0.9960000000000001,0.0,0.396,0.0,0.999,0.0,0.404,0.0,1.0,0.0,0.40800000000000003,0.0,1.0,0.0,0.42300000000000004,0.0,1.0,0.0,0.442,0.0,1.0,0.0,0.538,0.0,1.0,0.0,0.6910000000000001,0.0,1.0,0.0,0.9189999999999999,0.0
24461,24,三重県,玉城町,6,0.0,0.0,5.766682261150106,1.1107291666666668,0.16,0.0,0.15916666666666668,0.0,0.17583333333333337,0.0,0.17500000000000002,0.0,0.29750000000000004,0.0,0.29583333333333334,0.0,0.5783333333333333,0.0,0.5758333333333333,0.0,0.8700000000000001,0.0,0.8641666666666667,0.0,0.9508333333333333,0.0,0.9433333333333334,0.0,0.9783333333333335,0.0,0.9699999999999999,0.0,0.9900000000000001,0.0,0.9816666666666666,0.0,0.9983333333333334,0.0,0.9900000000000001,0.0,1.0,0.0,0.9916666666666667,0.0,1.0,0.0,0.9916666666666667,0.0,1.0,0.0,0.9933333333333333,0.0,1.0,0.0,0.9966666666666667,0.0,1.0,0.0,1.0,0.0,1.0,0.0,1.0,0.0,1.0,0.0,1.0,0.0
24471,24,三重県,大紀町,6,0.0,0.0,5.5835201584717415,1.0989583333333333,0.16,0.0,0.14,0.0,0.17916666666666667,0.0,0.15666666666666668,0.0,0.295,0.0,0.26,0.0,0.5675,0.0,0.5158333333333334,0.0,0.8724999999999999,0.0,0.7975,0.0,0.9566666666666666,0.0,0.8758333333333335,0.0,0.9841666666666667,0.0,0.9016666666666667,0.0,0.9958333333333335,0.0,0.9316666666666666,0.0,0.9983333333333334,0.0,0.9458333333333333,0.0,0.9991666666666666,0.0,0.9666666666666667,0.0,1.0,0.0,0.9800000000000001,0.0,1.0,0.0,1.0,0.0,1.0,0.0,1.0,0.0,1.0,0.0,1.0,0.0,1.0,0.0,1.0,0.0,1.0,0.0,1.0,0.0
24472,24,三重県,南伊勢町,5,0.0,0.0,5.977181323855086,1.141625,0.16,0.0,0.096,0.0,0.18299999999999997,0.0,0.11000000000000001,0.0,0.28300000000000003,0.0,0.17,0.0,0.562,0.0,0.34,0.0,0.8640000000000001,0.0,0.522,0.0,0.959,0.0,0.5860000000000001,0.0,0.984,0.0,0.605,0.0,0.991,0.0,0.611,0.0,0.9949999999999999,0.0,0.615,0.0,0.9969999999999999,0.0,0.619,0.0,0.999,0.0,0.634,0.0,1.0,0.0,0.673,0.0,1.0,0.0,0.722,0.0,1.0,0.0,0.819,0.0,1.0,0.0,0.906,0.0,1.0,0.0,0.983,0.0
24543,24,三重県,紀北町,12,0.0,0.0,5.519974866669968,1.1391666666666669,0.15999999999999998,0.0,0.037500000000000006,0.0,0.18291666666666664,0.0,0.043333333333333335,0.0,0.29833333333333334,0.0,0.06583333333333334,0.0,0.58375,0.0,0.13791666666666666,0.0,0.8562500000000001,0.0,0.19458333333333333,0.0,0.94625,0.0,0.21166666666666667,0.0,0.9762499999999998,0.0,0.21666666666666665,0.0,0.98625,0.0,0.21791666666666665,0.0,0.9966666666666666,0.0,0.22416666666666665,0.0,0.9987499999999999,0.0,0.2270833333333333,0.0,1.0,0.0,0.23583333333333334,0.0,1.0,0.0,0.2808333333333334,0.0,1.0,0.0,0.35333333333333344,0.0,1.0,0.0,0.51,0.0,1.0,0.0,0.7066666666666669,0.0,1.0,0.0,0.9166666666666666,0.0
24561,24,三重県,御浜町,1,14.184348738490621,7857.01670318353,6.1951625441489115,36.82256195784358,0.015544337807223202,7734.88458139225,0.035,7582.021118572106,0.015634376285597683,7734.177147563732,0.035,7582.021118572106,0.032373061116086316,7602.661021261259,0.06,7385.595700992518,0.08842941863869783,7162.225283886472,0.115,6953.4597823174245,0.14116744764789474,6747.861709068234,0.19,6364.1835295786595,0.15613113362633158,6630.291778394463,0.205,6246.328279030907,0.16586484033905435,6553.813882168711,0.22,6128.473028483154,0.20011438816727606,6284.714612805889,0.25,5892.762527387647,0.2385088345402619,5983.048806343855,0.295,5539.196775744389,0.296095890700235,5530.586344207779,0.355,5067.775773553377,0.34202063590899345,5169.754854013116,0.41,4635.639854878284,0.4080010004434735,4651.3460277835675,0.475,4124.933769171354,0.49531790643697604,3965.2956389223123,0.885,903.5569208661059,0.6452497055679851,2787.2789888116163,0.985,117.85525054775306,0.7501561231611413,1963.0275135110412,0.9900000000000001,78.57016703183537,0.8700658002239652,1020.8951779550913,0.995,39.285083515917684
24562,24,三重県,紀宝町,3,14.184348738490621,7857.01670318353,6.039631117569313,36.666907921143135,0.008394597261212767,7791.060212285683,0.02,7699.876369119859,0.008405052213929594,7790.978067547555,0.02,7699.876369119859,0.02385421970393509,7669.593700528302,0.04,7542.7360350561885,0.09177802500431426,7135.915227739437,0.11,6992.7448658333415,0.16518341733550188,6559.167834089556,0.2,6285.613362546825,0.18542577924963552,6400.123258418322,0.225,6089.187944967236,0.20393241803685672,6254.716288347341,0.255,5853.4774438717295,0.21914354882377665,6135.202179680202,0.265,5774.907276839895,0.253104304074659,5868.371958421291,0.31,5421.341525196635,0.30133163154067005,5489.449040970941,0.36,5028.490690037459,0.33281381130829685,5242.09302868407,0.4,4714.210021910118,0.4123685042653233,4617.030477304075,0.48,4085.6486856554357,0.49531790643697604,3965.2956389223123,0.885,903.5569208661059,0.6452497055679851,2787.2789888116163,0.985,117.85525054775306,0.7501561231611413,1963.0275135110412,0.9900000000000001,78.57016703183537,0.8700658002239652,1020.8951779550913,0.995,39.285083515917684
26101,26,京都府,京都市北区,1,25.3321974919969,15784.332206342293,5.178920636761355,0.0,1.0,0.0,1.0,0.0,1.0,0.0,1.0,0.0,1.0,0.0,1.0,0.0,1.0,0.0,1.0,0.0,1.0,0.0,1.0,0.0,1.0,0.0,1.0,0.0,1.0,0.0,1.0,0.0,1.0,0.0,1.0,0.0,1.0,0.0,1.0,0.0,1.0,0.0,1.0,0.0,1.0,0.0,1.0,0.0,1.0,0.0,1.0,0.0,1.0,0.0,1.0,0.0,1.0,0.0,1.0,0.0,1.0,0.0,1.0,0.0,1.0,0.0,1.0,0.0
26102,26,京都府,京都市上京区,2,50.6643949839938,31568.664412684586,5.4232295610242245,0.0,1.0,0.0,1.0,0.0,1.0,0.0,1.0,0.0,1.0,0.0,1.0,0.0,1.0,0.0,1.0,0.0,1.0,0.0,1.0,0.0,1.0,0.0,1.0,0.0,1.0,0.0,1.0,0.0,1.0,0.0,1.0,0.0,1.0,0.0,1.0,0.0,1.0,0.0,1.0,0.0,1.0,0.0,1.0,0.0,1.0,0.0,1.0,0.0,1.0,0.0,1.0,0.0,1.0,0.0,1.0,0.0,1.0,0.0,1.0,0.0,1.0,0.0,1.0,0.0
26103,26,京都府,京都市左京区,3,70.93015297759132,44196.13017775842,5.419375505056405,0.6966670470498504,0.8460391995949406,6804.471576973893,0.9950000000000001,220.9806508887923,0.8499736902330605,6630.582316548377,0.9950000000000001,220.9806508887923,0.8529494925056186,6499.063371927126,0.9950000000000001,220.9806508887923,0.9803293018255915,869.368737203552,0.9950000000000001,220.9806508887923,0.9818861821932452,800.5606498035322,0.9950000000000001,220.9806508887923,0.9830150912063463,750.667240101675,0.9950000000000001,220.9806508887923,0.9822446398862771,784.7182069390801,0.9950000000000001,220.9806508887923,0.9809144613572531,843.5069503674872,0.9950000000000001,220.9806508887923,0.9793608369997571,912.1711347187168,0.9950000000000001,220.9806508887923,0.9786933485099248,941.6715429074957,0.9967857142857144,142.05898985708077,0.9755217911515918,1081.8421047826118,0.9967857142857144,142.05898985708077,0.9715331656805108,1258.123915332833,0.9967857142857144,142.05898985708077,1.0,0.0,1.0,0.0,1.0,0.0,1.0,0.0,1.0,0.0,1.0,0.0,1.0,0.0,1.0,0.0
26104,26,京都府,京都市中京区,6,81.06303197439009,50509.86306029534,5.429081136129259,0.3694242429966107,0.911033702082932,4493.675524772543,0.9984375,78.92166103171154,0.9133532492816447,4376.515513403667,0.9984375,78.92166103171154,0.9151059579849243,4287.986436816432,0.9984375,78.92166103171154,0.989783655591309,516.0261570597931,0.9984375,78.92166103171154,0.9907000091671943,469.74126342701516,0.9984375,78.92166103171154,0.9913964368030428,434.5647989089016,0.9984375,78.92166103171154,0.9909968732669949,454.74669839857006,0.9984375,78.92166103171154,0.990220935791731,493.93919401750804,0.9984375,78.92166103171154,0.9893146549165249,539.7153169183277,0.9984375,78.92166103171154,0.9878836199641229,611.9966963986548,0.9984375,78.92166103171154,0.9875267186760901,630.0237315832214,1.0,0.0,0.9852693466469645,744.0432836505014,1.0,0.0,1.0,0.0,1.0,0.0,1.0,0.0,1.0,0.0,1.0,0.0,1.0,0.0,1.0,0.0,1.0,0.0
26105,26,京都府,京都市東山区,3,22.798977742797213,14205.898985708065,5.316197303996684,0.9351313146576286,0.7669232055544852,3311.065397805624,1.0,0.0,0.7731086647510529,3223.1953892789666,1.0,0.0,0.7777825546264648,3156.7985818385405,1.0,0.0,0.9769230815768242,327.8283720210613,1.0,0.0,0.9793666911125182,293.11470179647773,1.0,0.0,0.9812238314747809,266.7323534078925,1.0,0.0,0.9801583287119865,281.8687780251439,1.0,0.0,0.9780891621112824,311.2631497393474,1.0,0.0,0.975672413110733,345.5952419149622,1.0,0.0,0.9718563199043275,399.80627652520747,1.0,0.0,0.966737916469574,472.51779868741613,1.0,0.0,0.9607182577252388,558.032462737876,1.0,0.0,1.0,0.0,1.0,0.0,1.0,0.0,1.0,0.0,1.0,0.0,1.0,0.0,1.0,0.0,1.0,0.0
26106,26,京都府,京都市下京区,2,50.6643949839938,31568.664412684586,5.4823625064200066,0.0,1.0,0.0,1.0,0.0,1.0,0.0,1.0,0.0,1.0,0.0,1.0,0.0,1.0,0.0,1.0,0.0,1.0,0.0,1.0,0.0,1.0,0.0,1.0,0.0,1.0,0.0,1.0,0.0,1.0,0.0,1.0,0.0,1.0,0.0,1.0,0.0,1.0,0.0,1.0,0.0,1.0,0.0,1.0,0.0,1.0,0.0,1.0,0.0,1.0,0.0,1.0,0.0,1.0,0.0,1.0,0.0,1.0,0.0,1.0,0.0,1.0,0.0,1.0,0.0
26107,26,京都府,京都市南区,4,70.93015297759132,44196.13017775842,5.59652990875709,1.218093390944497,0.736464848922998,11647.233843414415,0.9933928571428574,292.0101458173327,0.7460975247430284,11221.506848912213,0.9933928571428574,292.0101458173327,0.7506349969996206,11020.968134381887,0.9933928571428574,292.0101458173327,0.9426972656582283,2532.559106510451,0.9933928571428574,292.0101458173327,0.945043611962049,2428.859679824694,0.9933928571428574,292.0101458173327,0.9468149656794101,2350.5727003413417,0.9933928571428574,292.0101458173327,0.9553685156869637,1972.538890725542,0.9983928571428571,71.02949492854039,0.9548788705976249,1994.1793088348581,1.0,0.0,0.9589216512956359,1815.504046825437,1.0,0.0,0.9653080721015742,1533.2489615162335,1.0,0.0,0.9633644330076642,1619.15028792927,1.0,0.0,0.9576101109092789,1873.4690564742511,1.0,0.0,1.0,0.0,1.0,0.0,1.0,0.0,1.0,0.0,1.0,0.0,1.0,0.0,1.0,0.0,1.0,0.0
26108,26,京都府,京都市右京区,2,25.332197491996904,15784.332206342295,5.100446079282744,0.9463977414260734,0.7632545421528629,3736.8689550018175,1.0,0.0,0.7726917828340083,3587.90841297941,1.0,0.0,0.7773208607751876,3514.8415089467862,1.0,0.0,0.973089261393994,424.7680380752381,1.0,0.0,0.9754929057471454,386.82811709919815,1.0,0.0,0.9772913507930935,358.44086303910444,1.0,0.0,0.9803094717264176,310.80183958860056,1.0,0.0,0.9780891621112823,345.84794415483043,1.0,0.0,0.9756724131107329,383.9947132388469,1.0,0.0,0.9718563199043274,444.2291961391194,1.0,0.0,0.966737916469574,525.0197763193513,1.0,0.0,0.9607182577252388,620.0360697087511,1.0,0.0,1.0,0.0,1.0,0.0,1.0,0.0,1.0,0.0,1.0,0.0,1.0,0.0,1.0,0.0,1.0,0.0
26109,26,京都府,京都市伏見区,27,499.044290592339,310951.3444649432,5.810654478665752,1.1973328875285292,0.739552536425228,80986.48896105967,0.9835025380710658,5129.90796706125,0.7485448063730126,78190.33053100438,0.9837309644670049,5058.87847213271,0.7530918920367038,76776.40813048228,0.9837309644670049,5058.87847213271,0.9461690917634759,16738.79328991613,0.9835025380710658,5129.90796706125,0.9485469643969259,15999.390597578482,0.9835025380710658,5129.90796706125,0.9503605700954605,15435.447467289843,0.9835025380710658,5129.90796706125,0.9562516421532532,13603.61069057935,0.987005076142132,4040.7890448236303,0.9558141987683335,13739.634299247393,0.9885786802030456,3551.4747464270185,0.9602776542687457,12351.716810434793,0.9918781725888325,2525.493153014769,0.9645338300840107,11028.253218399008,0.9963197969543146,1144.364084959817,0.9637116890858745,11283.899067109189,0.9988832487309643,347.2553085395308,0.9581491574690427,13013.57575199181,0.9991370558375634,268.33364750781925,1.0,0.0,1.0,0.0,1.0,0.0,1.0,0.0,1.0,0.0,1.0,0.0,1.0,0.0,1.0,0.0
26110,26,京都府,京都市山科区,15,113.99488871398606,71029.49492854033,5.136775066285099,0.9813376258049394,0.7600776350985592,17041.56440101029,0.993,497.20646449978267,0.7669503785508376,16553.396904821533,0.993,497.20646449978267,0.7714967073736092,16230.473464760993,0.993,497.20646449978267,0.9690349983200433,2199.4284297887434,0.993,497.20646449978267,0.9724798597519595,1954.741662180903,0.9940000000000001,426.17696957124235,0.9753243117555976,1752.701673014025,0.9950000000000001,355.1474746427019,0.975253329773744,1757.743487334116,0.9950000000000001,355.1474746427019,0.9748590051730475,1785.7521645594877,0.9966666666666667,236.76498309513462,0.9734474664529166,1886.0130469224662,0.9976666666666667,165.73548816659422,0.9706218325694402,2086.716394518754,0.9986666666666667,94.70599323805385,0.966170983672142,2402.857943697096,0.9993333333333335,47.352996619026925,0.9607182577252389,2790.16231368938,1.0,0.0,1.0,0.0,1.0,0.0,1.0,0.0,1.0,0.0,1.0,0.0,1.0,0.0,1.0,0.0,1.0,0.0
26111,26,京都府,京都市西京区,10,146.92674545358201,91549.12679678529,5.0482571199832105,1.0291519195072611,0.7608105507287487,21897.58521978704,0.992241379310345,710.2949492854038,0.7682410855694065,21217.326243491727,0.9937931034482759,568.2359594283231,0.7735437815662088,20731.86905531566,0.9945689655172414,497.20646449978267,0.9685852793321529,2875.990245706343,0.9914655172413794,781.3244442139443,0.9709788535535336,2656.8606158156344,0.9914655172413794,781.3244442139443,0.9720470083993058,2559.0719724014443,0.9906896551724139,852.3539391424846,0.971096883447006,2646.0550821323295,0.9906896551724139,852.3539391424846,0.9690341408293823,2834.8973675822763,0.9906896551724139,852.3539391424846,0.9696173470698556,2781.5053455245275,0.9937931034482759,568.2359594283231,0.9695985605233705,2783.2252374507734,0.9976724137931036,213.08848478562118,0.965186192331643,3187.1736925093182,0.9984482758620691,142.05898985708077,0.9591665335873081,3738.2681941678375,0.9984482758620691,142.05898985708077,1.0,0.0,1.0,0.0,1.0,0.0,1.0,0.0,1.0,0.0,1.0,0.0,1.0,0.0,1.0,0.0
26201,26,京都府,福知山市,15,139.32708620598294,86813.82713488261,4.690676286099997,0.937239769544114,0.7663174815611408,20286.87376019516,0.9991818181818182,71.02949492854039,0.7712269129319625,19860.66723383806,0.9975454545454546,213.08848478562118,0.7752527811093767,19511.166209816223,0.9967272727272728,284.11797971416155,0.9761048997586426,2074.425101723915,0.9991818181818182,71.02949492854039,0.9793666911125184,1791.2565109784748,1.0,0.0,0.981223831474781,1630.0310486037877,1.0,0.0,0.9801583287119867,1722.5314212647684,1.0,0.0,0.9780891621112826,1902.1636928515675,1.0,0.0,0.975672413110733,2111.9709228136576,1.0,0.0,0.9718563199043276,2443.260578765157,1.0,0.0,0.9667379164695742,2887.6087697564317,1.0,0.0,0.9607182577252389,3410.1983833981308,1.0,0.0,1.0,0.0,1.0,0.0,1.0,0.0,1.0,0.0,1.0,0.0,1.0,0.0,1.0,0.0,1.0,0.0
26202,26,京都府,舞鶴市,14,149.45996520278175,93127.56001741954,4.788348565439894,0.9351313146576284,0.7669232055544852,21705.873163392418,1.0,0.0,0.7731086647510527,21129.836440828778,1.0,0.0,0.7777825546264647,20694.568480941543,1.0,0.0,0.9769230815768241,2149.097105471402,1.0,0.0,0.9793666911125182,1921.5297117769092,1.0,0.0,0.9812238314747809,1748.578761229517,1.0,0.0,0.9801583287119862,1847.806433720388,1.0,0.0,0.9780891621112822,2040.5028705134996,1.0,0.0,0.9756724131107328,2265.568808109196,1.0,0.0,0.9718563199043272,2620.952257220804,1.0,0.0,0.966737916469574,3097.6166802841717,1.0,0.0,0.9607182577252386,3658.212811281632,1.0,0.0,1.0,0.0,1.0,0.0,1.0,0.0,1.0,0.0,1.0,0.0,1.0,0.0,1.0,0.0,1.0,0.0
26203,26,京都府,綾部市,5,32.93185673959597,20519.631868244982,4.52199478406322,0.9351313146576287,0.7669232055544853,4782.650019052568,1.0,0.0,0.773108664751053,4655.726673402952,1.0,0.0,0.7777825546264648,4559.8201737667805,1.0,0.0,0.9769230815768243,473.52987069708854,1.0,0.0,0.9793666911125182,423.38790259491225,1.0,0.0,0.981223831474781,385.2800660336225,1.0,0.0,0.9801583287119865,407.1437904807634,1.0,0.0,0.9780891621112825,449.6023274012796,1.0,0.0,0.9756724131107332,499.1931272105009,1.0,0.0,0.9718563199043275,577.4979549808552,1.0,0.0,0.9667379164695741,682.5257092151567,1.0,0.0,0.9607182577252389,806.0468906213765,1.0,0.0,1.0,0.0,1.0,0.0,1.0,0.0,1.0,0.0,1.0,0.0,1.0,0.0,1.0,0.0,1.0,0.0
26204,26,京都府,宇治市,19,258.3884144183684,161000.1885046914,5.348845605937382,0.9103164776572535,0.7802740896042601,35375.91299307906,0.9903431372549019,1554.7567223247174,0.7867384727421564,34335.14608931121,0.9903431372549019,1554.7567223247174,0.7908789158194307,33668.53397337708,0.9903431372549019,1554.7567223247174,0.968216706006331,5117.116324280708,0.9903431372549019,1554.7567223247174,0.9704192380610779,4762.508248278842,0.9903431372549019,1554.7567223247174,0.9721077813679242,4490.652457578256,0.9903431372549019,1554.7567223247174,0.9733929666292431,4283.737388242435,0.9912745098039215,1404.8055663644654,0.9743818255411643,4124.5309170186065,0.993921568627451,978.6285967932231,0.9730105126576096,4345.3125497698275,0.9948039215686275,836.5696069361425,0.9746155042274326,4086.9086044798983,1.0,0.0,0.9699989050509882,4830.181942138031,1.0,0.0,0.9645694089286466,5704.33184132051,1.0,0.0,1.0,0.0,1.0,0.0,1.0,0.0,1.0,0.0,1.0,0.0,1.0,0.0,1.0,0.0,1.0,0.0
26205,26,京都府,宮津市,8,73.46337272679102,45774.56339839265,4.672159874378804,0.5616663095855218,0.970278795197092,1360.4751735273119,1.0,0.0,0.9722070685902546,1272.209300842569,1.0,0.0,0.9745713694856084,1163.9844596153162,1.0,0.0,0.9591004300168875,1872.1599591589775,1.0,0.0,0.9765246132684164,1074.5755782466533,1.0,0.0,0.9852722943137431,674.1542976484297,1.0,0.0,0.9864299896051144,621.16130113754,1.0,0.0,0.9847962374522768,695.945592634862,1.0,0.0,0.9841054815156705,727.5646440478592,1.0,0.0,0.9766751175803725,1067.6863090772874,1.0,0.0,0.9772555669815005,1041.1164911657918,1.0,0.0,0.9762817500891356,1085.6925342437803,1.0,0.0,1.0,0.0,1.0,0.0,1.0,0.0,1.0,0.0,1.0,0.0,1.0,0.0,1.0,0.0,1.0,0.0
26206,26,京都府,亀岡市,4,45.597955485594426,28411.79797141613,5.261693266772394,0.9351313146576286,0.7669232055544852,6622.130795611248,1.0,0.0,0.7731086647510529,6446.390778557933,1.0,0.0,0.7777825546264648,6313.597163677081,1.0,0.0,0.9769230815768242,655.6567440421226,1.0,0.0,0.9793666911125182,586.2294035929555,1.0,0.0,0.9812238314747809,533.464706815785,1.0,0.0,0.9801583287119865,563.7375560502878,1.0,0.0,0.9780891621112824,622.5262994786948,1.0,0.0,0.975672413110733,691.1904838299243,1.0,0.0,0.9718563199043275,799.6125530504149,1.0,0.0,0.966737916469574,945.0355973748323,1.0,0.0,0.9607182577252388,1116.064925475752,1.0,0.0,1.0,0.0,1.0,0.0,1.0,0.0,1.0,0.0,1.0,0.0,1.0,0.0,1.0,0.0,1.0,0.0
26207,26,京都府,城陽市,8,101.3287899679876,63137.32882536917,5.666345341455144,1.1439166868831963,0.7407906541228295,16365.785705255768,0.967,2083.5318512371828,0.7467560724020005,15989.145129782883,0.967,2083.5318512371828,0.7513634674996137,15698.246510476478,0.967,2083.5318512371828,0.9446245238482951,3496.259646651576,0.967,2083.5318512371828,0.9468702091574669,3354.473074848103,0.967,2083.5318512371828,0.951832545310259,3041.164425427258,0.97,1894.119864761075,0.9575162853598596,2682.308260957705,0.97675,1467.9428951898326,0.9597254453599454,2542.82779960443,0.98125,1183.8249154756732,0.9632004781663418,2323.4235106280303,0.98725,805.0009425234578,0.9668050585389137,2095.839934367484,0.99475,331.4709763331885,0.9660352000147104,2144.4467451591217,0.9992499999999999,47.352996619026925,0.9607182577252388,2480.1442788350046,1.0,0.0,1.0,0.0,1.0,0.0,1.0,0.0,1.0,0.0,1.0,0.0,1.0,0.0,1.0,0.0,1.0,0.0
26208,26,京都府,向日市,4,22.798977742797213,14205.898985708065,5.436180775871943,1.284692602530122,0.7431813237071038,3648.3401730601427,0.9700000000000001,426.17696957124235,0.7575142091512679,3444.72865026662,0.98,284.11797971416155,0.7663761326670646,3318.8370599821424,0.985,213.08848478562118,0.9379188159108162,881.9190300840924,0.9599999999999999,568.2359594283231,0.940038685798645,851.8043725947513,0.9599999999999999,568.2359594283231,0.9420769423246382,822.8491062795299,0.9599999999999999,568.2359594283231,0.9413680559396745,832.919474656671,0.9599999999999999,568.2359594283231,0.9391988041996956,863.7356457493819,0.9599999999999999,568.2359594283231,0.9562469622492791,621.5512346046131,0.98,284.11797971416155,0.9668563199043273,470.83577145374784,0.995,71.02949492854039,0.961737916469574,543.5472936159565,0.995,71.02949492854039,0.9557182577252388,629.0619576664164,0.995,71.02949492854039,1.0,0.0,1.0,0.0,1.0,0.0,1.0,0.0,1.0,0.0,1.0,0.0,1.0,0.0,1.0,0.0
26209,26,京都府,長岡京市,3,68.39693322839165,42617.69695712419,5.4164721322680585,0.9608030795598945,0.7590691046370192,10267.919886188109,1.0,0.0,0.7688344101794063,9851.74505388893,1.0,0.0,0.773505256343633,9652.684347528579,1.0,0.0,0.9719468809291719,1195.559327262668,1.0,0.0,0.974390490464866,1091.4183165889172,1.0,0.0,0.9762476308271288,1012.2712714231617,1.0,0.0,0.9768254287044206,987.6468565862667,0.9966666666666666,142.05898985708077,0.974755828777949,1075.848439075123,0.9966666666666666,142.05898985708077,0.975672413110733,1036.7857257448866,1.0,0.0,0.9718563199043274,1199.4188295756223,1.0,0.0,0.9667379164695739,1417.5533960622483,1.0,0.0,0.9607182577252387,1674.0973882136282,1.0,0.0,1.0,0.0,1.0,0.0,1.0,0.0,1.0,0.0,1.0,0.0,1.0,0.0,1.0,0.0,1.0,0.0
26210,26,京都府,八幡市,6,45.597955485594426,28411.79797141613,5.754449589428037,1.0112000500690193,0.7551205190829933,6957.466339159247,0.99,284.11797971416155,0.7609410123713314,6792.095659756999,0.99,284.11797971416155,0.7655832231231032,6660.20210573692,0.99,284.11797971416155,0.9673021359741688,929.0051067987526,0.99,284.11797971416155,0.9698457415401937,856.7366993378853,0.99,284.11797971416155,0.9716963328421115,804.158073140131,0.99,284.11797971416155,0.9706589667499066,833.6315089742586,0.99,284.11797971416155,0.970907980799675,826.5565721001931,0.9925,213.08848478562118,0.9709958347678185,824.0604829063132,0.995,142.05898985708077,0.9693563199043274,870.6420479789554,0.9974999999999999,71.02949492854039,0.966737916469574,945.0355973748323,1.0,0.0,0.9607182577252388,1116.064925475752,1.0,0.0,1.0,0.0,1.0,0.0,1.0,0.0,1.0,0.0,1.0,0.0,1.0,0.0,1.0,0.0,1.0,0.0
26211,26,京都府,京田辺市,5,45.597955485594426,28411.797971416127,5.420736422837925,0.9883412453002771,0.7604976558724108,6804.692215033648,0.9966666666666666,94.70599323805385,0.7657979642079832,6654.1009254171495,0.9958333333333333,118.38249154756731,0.7704343635068897,6522.372485221806,0.9958333333333333,118.38249154756731,0.9703355991115677,842.8189649852349,0.9966666666666666,94.70599323805385,0.9727740539382405,773.5380790873811,0.9966666666666666,94.70599323805385,0.9770597449031387,651.7738932247729,0.9983333333333332,47.352996619026925,0.9760515307473057,680.4190701322199,0.9983333333333332,47.352996619026925,0.9764797696471215,668.2520330271544,0.9983333333333332,47.352996619026925,0.9740727607591543,736.6394832674791,0.9991666666666665,23.676498309513462,0.9710252950771247,823.2234625501313,1.0,0.0,0.966737916469574,945.0355973748322,1.0,0.0,0.9607182577252387,1116.064925475752,1.0,0.0,1.0,0.0,1.0,0.0,1.0,0.0,1.0,0.0,0.9991689977734738,23.610267373860236,1.0,0.0,1.0,0.0,1.0,0.0
26212,26,京都府,京丹後市,10,139.32708620598297,86813.82713488261,4.690774572273374,0.7980765990181404,0.9515815283114261,4203.392831307074,0.9948181818181817,449.8534678807558,0.9514368862916122,4215.949758611622,0.9896363636363634,899.7069357615115,0.9546780113469471,3934.575288335246,0.9913636363636362,749.7557798012597,0.9375743405520915,5419.410408091777,1.0,0.0,0.9641691465675831,3110.6135159771547,1.0,0.0,0.9787253956415437,1846.9298251380487,0.9982727272727272,149.95115596025192,0.979287878870964,1798.098503292879,1.0,0.0,0.9767942571640016,2014.5793471009165,1.0,0.0,0.9757399454712867,2106.1081801385403,1.0,0.0,0.9743759101629258,2224.525305604472,1.0,0.0,0.9702735340595245,2580.6682754874123,1.0,0.0,0.963798460662365,3142.794178074101,1.0,0.0,1.0,0.0,1.0,0.0,1.0,0.0,1.0,0.0,1.0,0.0,1.0,0.0,1.0,0.0,1.0,0.0
26213,26,京都府,南丹市,9,93.72913072038855,58402.02916346649,4.904393029612873,0.9555611120577195,0.7648082976808418,13735.672657848798,0.9972972972972973,157.84332206342307,0.7709822392463683,13375.101942485382,0.9972972972972973,157.84332206342307,0.7756488388293498,13102.563057545884,0.9972972972972973,157.84332206342307,0.97425329449209,1503.6598459361405,0.9972972972972973,157.84332206342307,0.9766954947806692,1361.0303934595067,0.9972972972972973,157.84332206342307,0.9785501704908703,1252.7135685435621,0.9972972972972973,157.84332206342307,0.978806977360635,1237.715526246192,0.9986486486486487,78.92166103171154,0.9767378107599308,1358.5590544045842,0.9986486486486487,78.92166103171154,0.9743210617593815,1499.702100015445,0.9986486486486487,78.92166103171154,0.9705049685529759,1722.5696867464535,0.9986486486486487,78.92166103171154,0.9667379164695739,1942.5731723815998,1.0,0.0,0.9607182577252388,2294.133457922379,1.0,0.0,1.0,0.0,1.0,0.0,1.0,0.0,1.0,0.0,1.0,0.0,1.0,0.0,1.0,0.0,1.0,0.0
26214,26,京都府,木津川市,10,179.858602193178,112068.75866503028,5.598218938829238,0.9624610919598806,0.7596628034110166,26934.29128276074,0.9974647887323943,284.11797971416155,0.7658179758379521,26244.488749504835,0.9974647887323943,284.11797971416155,0.7700134204344375,25774.31048152882,0.9968309859154929,355.1474746427019,0.9687503290618064,3502.1118307340435,0.9974647887323943,284.11797971416155,0.9711884129447089,3228.8787964559206,0.9974647887323943,284.11797971416155,0.9780187614598723,2463.410117112017,0.9974647887323943,284.11797971416155,0.976967867560452,2581.1824919087394,0.9974647887323943,284.11797971416155,0.9774339916022712,2528.944549158124,1.0,0.0,0.9756724131107329,2726.3624639958125,1.0,0.0,0.9718563199043276,3154.0272925877475,1.0,0.0,0.9667379164695739,3727.6404118673936,1.0,0.0,0.9607182577252388,4402.256094932133,1.0,0.0,1.0,0.0,1.0,0.0,1.0,0.0,1.0,0.0,1.0,0.0,1.0,0.0,1.0,0.0,1.0,0.0
26303,26,京都府,大山崎町,1,22.798977742797213,14205.898985708065,5.842123165934322,1.0351045833155512,0.7555205860733984,3473.04985832641,0.985,213.08848478562118,0.7614680221676825,3388.5611819470564,0.985,213.08848478562118,0.76608180642128,3323.018228898603,0.985,213.08848478562118,0.9619230815768242,540.9168568066824,0.985,213.08848478562118,0.9643666911125183,506.2031865820989,0.985,213.08848478562118,0.9712238314747811,408.7913432649717,0.99,142.05898985708077,0.9701583287119866,423.9277678822231,0.99,142.05898985708077,0.9680891621112824,453.3221395964282,0.99,142.05898985708077,0.970672413110733,416.6247368435026,0.995,71.02949492854039,0.9668563199043273,470.83577145374784,0.995,71.02949492854039,0.966737916469574,472.51779868741613,1.0,0.0,0.9607182577252388,558.032462737876,1.0,0.0,1.0,0.0,1.0,0.0,1.0,0.0,1.0,0.0,1.0,0.0,1.0,0.0,1.0,0.0,1.0,0.0
26322,26,京都府,久御山町,2,48.131175234794114,29990.231192050356,5.9184373920511355,1.2795117560181597,0.7345764995155561,7960.112143331759,0.9626315789473684,1120.6875866503037,0.7425238670340103,7721.768754085131,0.9626315789473684,1120.6875866503037,0.746938741239474,7589.365655979454,0.9626315789473684,1120.6875866503037,0.9375944632409435,1871.5564750681024,0.9626315789473684,1120.6875866503037,0.9397741708590798,1806.186539669126,0.9626315789473684,1120.6875866503037,0.941703592566283,1748.3227366031315,0.9626315789473684,1120.6875866503037,0.9456061808843361,1631.283210697326,0.965,1049.6580917217634,0.946411493169634,1607.1317090794473,0.9676315789473684,970.736430690052,0.9468740242562796,1593.2602948574345,0.9702631578947368,891.8147696583404,0.9551561406568476,1344.8777092449259,0.9826315789473684,520.8829628092961,0.9667379164695741,997.5375750067674,1.0,0.0,0.9607182577252389,1178.0685324466272,1.0,0.0,1.0,0.0,1.0,0.0,1.0,0.0,1.0,0.0,1.0,0.0,1.0,0.0,1.0,0.0,1.0,0.0
26344,26,京都府,宇治田原町,6,25.3321974919969,15784.332206342293,5.419029517796205,0.956809893026948,0.763018967807293,3740.587338731586,0.995,78.92166103171154,0.7692040225863457,3642.960379384592,0.995,78.92166103171154,0.7738775196671485,3569.1923488958287,0.995,78.92166103171154,0.9719230815768243,443.1754077217796,0.995,78.92166103171154,0.9743666911125183,404.60466302779787,0.995,78.92166103171154,0.976223831474781,375.2909425960348,0.995,78.92166103171154,0.9751583287119865,392.1091921707603,0.995,78.92166103171154,0.9780891621112825,345.84794415483043,1.0,0.0,0.9756724131107332,383.9947132388468,1.0,0.0,0.9718563199043274,444.2291961391194,1.0,0.0,0.966737916469574,525.0197763193512,1.0,0.0,0.9607182577252388,620.0360697087511,1.0,0.0,1.0,0.0,1.0,0.0,1.0,0.0,1.0,0.0,1.0,0.0,1.0,0.0,1.0,0.0,1.0,0.0
26365,26,京都府,和束町,1,0.0,0.0,5.110576491053209,0.0,1.0,0.0,1.0,0.0,1.0,0.0,1.0,0.0,1.0,0.0,1.0,0.0,1.0,0.0,1.0,0.0,1.0,0.0,1.0,0.0,1.0,0.0,1.0,0.0,1.0,0.0,1.0,0.0,1.0,0.0,1.0,0.0,1.0,0.0,1.0,0.0,1.0,0.0,1.0,0.0,1.0,0.0,1.0,0.0,1.0,0.0,1.0,0.0,1.0,0.0,1.0,0.0,1.0,0.0,1.0,0.0,1.0,0.0,1.0,0.0,1.0,0.0,1.0,0.0
26366,26,京都府,精華町,1,0.0,0.0,5.3482214939508985,0.0,1.0,0.0,1.0,0.0,1.0,0.0,1.0,0.0,1.0,0.0,1.0,0.0,1.0,0.0,1.0,0.0,1.0,0.0,1.0,0.0,1.0,0.0,1.0,0.0,1.0,0.0,1.0,0.0,1.0,0.0,1.0,0.0,1.0,0.0,1.0,0.0,1.0,0.0,1.0,0.0,1.0,0.0,1.0,0.0,1.0,0.0,1.0,0.0,1.0,0.0,1.0,0.0,1.0,0.0,1.0,0.0,1.0,0.0,1.0,0.0,1.0,0.0,1.0,0.0
26367,26,京都府,南山城村,2,0.0,0.0,5.605629253827087,0.0,1.0,0.0,0.9975,0.0,1.0,0.0,0.9975,0.0,1.0,0.0,0.9975,0.0,1.0,0.0,0.9975,0.0,1.0,0.0,0.9975,0.0,1.0,0.0,0.9975,0.0,1.0,0.0,0.9975,0.0,1.0,0.0,0.9975,0.0,1.0,0.0,0.9975,0.0,1.0,0.0,1.0,0.0,1.0,0.0,1.0,0.0,1.0,0.0,1.0,0.0,1.0,0.0,1.0,0.0,1.0,0.0,1.0,0.0,1.0,0.0,1.0,0.0,1.0,0.0,1.0,0.0
26407,26,京都府,京丹波町,3,22.798977742797213,14205.898985708065,4.810029733594121,0.9351313146576286,0.7669232055544852,3311.065397805624,1.0,0.0,0.7731086647510529,3223.1953892789666,1.0,0.0,0.7777825546264648,3156.7985818385405,1.0,0.0,0.9769230815768242,327.8283720210613,1.0,0.0,0.9793666911125182,293.11470179647773,1.0,0.0,0.9812238314747809,266.7323534078925,1.0,0.0,0.9801583287119865,281.8687780251439,1.0,0.0,0.9780891621112824,311.2631497393474,1.0,0.0,0.975672413110733,345.5952419149622,1.0,0.0,0.9718563199043275,399.80627652520747,1.0,0.0,0.966737916469574,472.51779868741613,1.0,0.0,0.9607182577252388,558.032462737876,1.0,0.0,1.0,0.0,1.0,0.0,1.0,0.0,1.0,0.0,1.0,0.0,1.0,0.0,1.0,0.0,1.0,0.0
26465,26,京都府,与謝野町,3,45.597955485594426,28411.79797141613,4.68400885512637,0.8280593646189666,0.952549459785223,1348.1551622167995,1.0,0.0,0.9554926139116287,1264.5348617786221,1.0,0.0,0.9580530816316605,1191.7873702047468,1.0,0.0,0.9375743405520915,1773.6252244663997,1.0,0.0,0.9641691465675831,1018.0189688652505,1.0,0.0,0.9775208702683449,638.6724925090388,1.0,0.0,0.979287878870964,588.4686010776695,1.0,0.0,0.9767942571640015,659.3168772330272,1.0,0.0,0.9757399454712867,689.2717680453404,1.0,0.0,0.9693873869191155,869.7593782312174,1.0,0.0,0.9677791734103813,915.4516155362817,1.0,0.0,0.963798460662365,1028.5508219151604,1.0,0.0,1.0,0.0,1.0,0.0,1.0,0.0,1.0,0.0,1.0,0.0,1.0,0.0,1.0,0.0,1.0,0.0
27102,27,大阪府,大阪市都島区,1,32.71811160860303,20386.448627582715,5.947546664674175,3.785000000000003,0.935,1325.1191607928754,0.935,1325.1191607928754,0.935,1325.1191607928754,0.935,1325.1191607928754,0.935,1325.1191607928754,0.935,1325.1191607928754,0.935,1325.1191607928754,0.935,1325.1191607928754,0.935,1325.1191607928754,0.935,1325.1191607928754,0.935,1325.1191607928754,0.935,1325.1191607928754,0.935,1325.1191607928754,0.935,1325.1191607928754,0.935,1325.1191607928754,0.935,1325.1191607928754,0.94,1223.186917654964,0.94,1223.186917654964,0.945,1121.2546745170503,0.945,1121.2546745170503,0.945,1121.2546745170503,0.945,1121.2546745170503,0.945,1121.2546745170503,0.945,1121.2546745170503,0.945,1121.2546745170503,0.945,1121.2546745170503,0.95,1019.3224313791367,0.95,1019.3224313791367,0.97,611.593458827482,0.97,611.593458827482,0.9850000000000001,305.796729413741,0.9850000000000001,305.796729413741
27103,27,大阪府,大阪市福島区,1,32.71811160860303,20386.448627582715,5.846014895077406,56.572500000000005,0.105,18245.87152168653,0.105,18245.87152168653,0.105,18245.87152168653,0.105,18245.87152168653,0.105,18245.87152168653,0.105,18245.87152168653,0.105,18245.87152168653,0.105,18245.87152168653,0.105,18245.87152168653,0.105,18245.87152168653,0.105,18245.87152168653,0.105,18245.87152168653,0.105,18245.87152168653,0.105,18245.87152168653,0.105,18245.87152168653,0.105,18245.87152168653,0.11,18143.939278548616,0.11,18143.939278548616,0.11,18143.939278548616,0.11,18143.939278548616,0.115,18042.0070354107,0.115,18042.0070354107,0.13,17736.210305996963,0.13,17736.210305996963,0.195,16411.091145204085,0.195,16411.091145204085,0.35,13251.191607928766,0.35,13251.191607928766,0.51,9989.359827515531,0.51,9989.359827515531,0.76,4892.747670619851,0.76,4892.747670619851
27104,27,大阪府,大阪市此花区,6,153.77512456043422,95816.30854963875,5.791706003016796,8.509707836885243,0.6871261086235656,29978.4213132506,0.8309574468085107,16197.033434614463,0.6909452410581264,29612.48614150878,0.8309574468085107,16197.033434614463,0.693798923156363,29339.056857081574,0.8309574468085107,16197.033434614463,0.8172435962583158,17511.04397033558,0.8309574468085107,16197.033434614463,0.818745015859604,17367.18348655607,0.8309574468085107,16197.033434614463,0.8215631982176863,17097.15565618491,0.8325531914893617,16044.135069907592,0.8260508037310965,16667.169861662922,0.8375531914893618,15565.0535271594,0.8247653700823481,16790.335368771506,0.8375531914893618,15565.0535271594,0.8357011715655631,15742.507239618166,0.8508510638297874,14290.900487935483,0.8404113075454184,15291.19939726159,0.8579787234042554,13607.954458911461,0.8418209385871888,15156.133754422182,0.8636170212765957,13067.713570280519,0.850835435117813,14292.39797342425,0.8768085106382979,11803.753755370388,0.8863829787234042,10886.363567129167,0.8863829787234042,10886.363567129167,0.9131914893617021,8317.671040053745,0.9131914893617021,8317.671040053745,0.9451063829787234,5259.703745916339,0.9451063829787234,5259.703745916339,0.9725531914893617,2629.851872958169,0.9725531914893617,2629.851872958169
27106,27,大阪府,大阪市西区,3,58.892600895485444,36695.60752964888,5.873853423062376,79.69650484240614,0.004875762263933817,36516.68847120369,0.006666666666666666,36450.970146117885,0.004925886193911234,36514.84914314139,0.006666666666666666,36450.970146117885,0.00484393874804179,36517.85625445308,0.006666666666666666,36450.970146117885,0.006407043933868408,36460.497160026425,0.006666666666666666,36450.970146117885,0.006369812687238057,36461.86338324061,0.006666666666666666,36450.970146117885,0.006372938354810079,36461.74868497012,0.006666666666666666,36450.970146117885,0.006424100001653035,36459.87127725701,0.006666666666666666,36450.970146117885,0.006421302159627278,36459.97394576991,0.006666666666666666,36450.970146117885,0.0065213380257288615,36456.303068888556,0.006666666666666666,36450.970146117885,0.006547287503878276,36455.35083702279,0.006666666666666666,36450.970146117885,0.006537034908930461,36455.72706222315,0.006666666666666666,36450.970146117885,0.006575994292894999,36454.29742395959,0.006666666666666666,36450.970146117885,0.01756039189485212,36051.21828060856,0.05833333333333334,34555.030423752694,0.06777363885814945,34208.61267725407,0.15666666666666668,30946.62901667055,0.14025551851217943,31548.846068458537,0.27166666666666667,26726.634150760932,0.3836916467795769,22615.809447020856,0.5683333333333334,15840.270583631762
27107,27,大阪府,大阪市港区,4,71.97984553892667,44850.18698068197,5.8179658189644785,37.32610852903644,0.46585153723304923,23956.658430541578,0.4922727272727273,22771.663117009884,0.46590426401658497,23954.293624441114,0.4922727272727273,22771.663117009884,0.46586124699224124,23956.222946026282,0.4922727272727273,22771.663117009884,0.4664506967585873,23929.78601378994,0.4922727272727273,22771.663117009884,0.46642520211806354,23930.929453184435,0.4922727272727273,22771.663117009884,0.4668707474338059,23910.946662465016,0.4922727272727273,22771.663117009884,0.4670351567678153,23903.57287309333,0.4922727272727273,22771.663117009884,0.46703019793230016,23903.79527779339,0.4922727272727273,22771.663117009884,0.46938395977866926,23798.228618875743,0.4945454545454547,22669.730873871973,0.4692769589833916,23803.027624551032,0.4945454545454547,22669.730873871973,0.47285129612989046,23642.717935198558,0.5009090909090909,22384.320593085817,0.47899557064202697,23367.146074468597,0.5063636363636365,22139.683209554823,0.5209067611226982,21487.42134482752,0.6522727272727272,15595.633200100772,0.5763591770929369,19000.370120031752,0.7354545454545455,11864.91310125314,0.6369231767342849,16284.063411819341,0.7981818181818181,9051.583190646723,0.7598770235512744,10769.560392083233,0.8990909090909092,4525.791595323361
27109,27,大阪府,大阪市天王寺区,1,29.446300447742725,18347.803764824443,5.590347915465838,64.52135303939693,0.03621057454496622,17683.419248861854,0.065,17155.196520110854,0.036371283866465084,17680.470585767816,0.065,17155.196520110854,0.03653544906526804,17677.458514915164,0.065,17155.196520110854,0.045119905993342396,17519.95258377127,0.065,17155.196520110854,0.04519700638949871,17518.537960832404,0.065,17155.196520110854,0.045275269970297814,17517.10199600997,0.065,17155.196520110854,0.04555037669837475,17512.054391748832,0.065,17155.196520110854,0.04552510790526867,17512.518018606115,0.065,17155.196520110854,0.04544791989028454,17513.93424915804,0.065,17155.196520110854,0.0448114701360464,17525.611704354975,0.065,17155.196520110854,0.04472055051475763,17527.27987972475,0.065,17155.196520110854,0.07419930458068848,16986.40948489153,0.095,16604.76240716612,0.13261486404109746,15914.612263099512,0.225,14219.547917738944,0.25945167426019905,13587.435359043156,0.43,10458.248145949934,0.39702871859073635,11063.198747121905,0.555,8164.772675346876,0.6457906479761004,6498.9636826001315,0.745,4678.689960030233
27111,27,大阪府,大阪市浪速区,3,88.33890134322817,55043.41129447333,5.698024355418316,64.78535466834282,0.03582261531303326,53071.61234615434,0.06333333333333334,51557.32857915668,0.035983529475828016,53062.75508170853,0.06333333333333334,51557.32857915668,0.036113087621827925,53055.6237593917,0.06333333333333334,51557.32857915668,0.04504299977173408,52564.090932100895,0.06333333333333334,51557.32857915668,0.04511796006311973,52559.96486195141,0.06333333333333334,51557.32857915668,0.045189325598378974,52556.03665944188,0.06333333333333334,51557.32857915668,0.04533173490315676,52548.19796550684,0.06333333333333334,51557.32857915668,0.04545120565841596,52541.62188758745,0.06333333333333334,51557.32857915668,0.04544472007701795,52541.978876111825,0.06333333333333334,51557.32857915668,0.04466348070651293,52584.980956101965,0.06333333333333334,51557.32857915668,0.04609034230311712,52506.44162637979,0.06500000000000002,51465.58956033256,0.07413060168425241,50963.010096460246,0.095,49814.287221498365,0.12761486404109745,48019.053845770904,0.22000000000000003,42933.8608096892,0.25422099728137254,41050.220381423554,0.4216666666666667,31833.439531970413,0.39348750530431664,33384.51670077157,0.5483333333333335,24861.27410133712,0.6423595506511628,19685.7503490483,0.74,14311.286936563065
27113,27,大阪府,大阪市西淀川区,6,134.14425759527242,83584.43937308912,5.791677876676855,66.23839765623939,0.01749013703770753,82122.53607423384,0.022439024390243898,81708.88609935151,0.017625761315589992,82111.19999500166,0.022439024390243898,81708.88609935151,0.017723666247798173,82103.01666613118,0.022439024390243898,81708.88609935151,0.021975975937959618,81747.58974463827,0.022439024390243898,81708.88609935151,0.021953525892118124,81749.46621913384,0.022439024390243898,81708.88609935151,0.022027579807653654,81743.27646412041,0.022439024390243898,81708.88609935151,0.021976735112143722,81747.5262894897,0.022439024390243898,81708.88609935151,0.021936980020709148,81750.8491965195,0.022439024390243898,81708.88609935151,0.022592581772222748,81696.0510916672,0.02317073170731707,81647.72675346877,0.02256293052580298,81698.52947447592,0.02317073170731707,81647.72675346877,0.023740017566739057,81600.14331406596,0.02463414634146341,81525.40806170326,0.04032573960903214,80213.83503556301,0.04231707317073171,80047.39053620351,0.09048780487804879,76021.06693225594,0.09048780487804879,76021.06693225594,0.22499999999999995,64777.94051414408,0.22499999999999995,64777.94051414408,0.39219512195121947,50803.029979936124,0.39219512195121947,50803.029979936124,0.650609756097561,29203.58765901224,0.650609756097561,29203.58765901224
27114,27,大阪府,大阪市東淀川区,7,186.4932361690373,116202.75717722147,5.74975899949943,1.390636921558823,0.7231278352985125,32173.308923938614,0.9504385964912279,5759.171737292122,0.7286456913543505,31532.118836543214,0.9504385964912279,5759.171737292122,0.7330522833375683,31020.06069833825,0.9504385964912279,5759.171737292122,0.9275865220030148,8414.645800041731,0.9504385964912279,5759.171737292122,0.9299461156025266,8140.454517960728,0.9504385964912279,5759.171737292122,0.9267856936130605,8507.704266980198,0.9454385964912281,6340.185523178226,0.9339753922401812,7672.241463235503,0.9536842105263158,5382.022437681841,0.9337408755013816,7699.492954888229,0.9553508771929825,5188.351175719806,0.9406285283910601,6899.128698627945,0.9645614035087718,4118.062622771712,0.9540992942400144,5333.788565690675,0.9821929824561402,2069.2245356996477,0.963316863837995,4262.681563932418,0.996578947368421,397.53574823786323,0.9607182577252388,4564.646759052273,1.0,0.0,1.0,0.0,1.0,0.0,1.0,0.0,1.0,0.0,1.0,0.0,1.0,0.0,1.0,0.0,1.0,0.0
27115,27,大阪府,大阪市東成区,3,32.71811160860303,20386.448627582715,5.959840460732671,0.3225000000000003,0.97,611.593458827482,0.97,611.593458827482,0.97,611.593458827482,0.97,611.593458827482,0.97,611.593458827482,0.97,611.593458827482,0.97,611.593458827482,0.97,611.593458827482,0.97,611.593458827482,0.97,611.593458827482,0.97,611.593458827482,0.97,611.593458827482,0.97,611.593458827482,0.97,611.593458827482,0.97,611.593458827482,0.97,611.593458827482,0.975,509.66121568956834,0.975,509.66121568956834,0.9850000000000001,305.796729413741,0.9850000000000001,305.796729413741,0.9950000000000001,101.93224313791366,0.9950000000000001,101.93224313791366,1.0,0.0,1.0,0.0,1.0,0.0,1.0,0.0,1.0,0.0,1.0,0.0,1.0,0.0,1.0,0.0,1.0,0.0,1.0,0.0
27116,27,大阪府,大阪市生野区,2,65.43622321720606,40772.89725516543,5.919556941807533,0.06000000000000005,0.9949999999999999,203.86448627582732,0.9949999999999999,203.86448627582732,0.9949999999999999,203.86448627582732,0.9949999999999999,203.86448627582732,0.9949999999999999,203.86448627582732,0.9949999999999999,203.86448627582732,0.9949999999999999,203.86448627582732,0.9949999999999999,203.86448627582732,0.9949999999999999,203.86448627582732,0.9949999999999999,203.86448627582732,0.9949999999999999,203.86448627582732,0.9949999999999999,203.86448627582732,0.9949999999999999,203.86448627582732,0.9949999999999999,203.86448627582732,0.9949999999999999,203.86448627582732,0.9949999999999999,203.86448627582732,0.9949999999999999,203.86448627582732,0.9949999999999999,203.86448627582732,0.9949999999999999,203.86448627582732,0.9949999999999999,203.86448627582732,1.0,0.0,1.0,0.0,1.0,0.0,1.0,0.0,1.0,0.0,1.0,0.0,1.0,0.0,1.0,0.0,1.0,0.0,1.0,0.0,1.0,0.0,1.0,0.0
27117,27,大阪府,大阪市旭区,2,62.16441205634575,38734.25239240716,5.9470873713349555,7.056177899931609,0.7469329079671911,9802.364615011353,0.8257894736842105,6747.914495729878,0.7513680453206365,9630.572885368007,0.8281578947368422,6656.175476905756,0.7509557734194555,9646.541929242645,0.8257894736842105,6747.914495729878,0.8206355288781618,6947.548694663906,0.8281578947368422,6656.175476905756,0.8212681950707186,6923.042842681271,0.8281578947368422,6656.175476905756,0.8238320789995947,6823.732715475347,0.8305263157894738,6564.436458081634,0.8256426669265096,6753.600945735581,0.8328947368421054,6472.697439257511,0.8346720787882806,6403.853427726746,0.8423684210526317,6105.741363961022,0.8476985044071551,5899.284570034347,0.8565789473684211,5555.307251016288,0.8703326863207316,5022.566455098216,0.8807894736842106,4617.530614147487,0.8780154703165357,4724.979560728395,0.8905263157894738,4240.381314537206,0.885196384771874,4446.832207807028,0.9002631578947369,3863.232014926926,0.9073684210526316,3588.014958454559,0.9073684210526316,3588.014958454559,0.9289473684210526,2752.1705647236668,0.9289473684210526,2752.1705647236668,0.9576315789473684,1641.10911452041,0.9576315789473684,1641.10911452041,0.9731578947368422,1039.7088800067195,0.9731578947368422,1039.7088800067195
27118,27,大阪府,大阪市城東区,2,49.077167412904544,30579.67294137407,5.969495656010325,37.4347953742072,0.2948079650402069,21564.541789932504,0.38699999999999996,18745.339513062303,0.3002982717752456,21396.650005627194,0.39,18653.60049423818,0.29991590791940687,21408.342567283347,0.38699999999999996,18745.339513062303,0.3766868904232979,19060.71103092641,0.385,18806.49885894505,0.37708046287298197,19048.67571413633,0.385,18806.49885894505,0.38341122955083845,18855.082939659333,0.39,18653.60049423818,0.38702412456274027,18744.60179182385,0.39499999999999996,18500.70212953131,0.3863102209568023,18766.432730605102,0.39499999999999996,18500.70212953131,0.39476358473300927,18507.931631074232,0.40499999999999997,18194.90540011757,0.40356385380029675,18238.822281200493,0.4149999999999999,17889.108670703827,0.41651155263185496,17842.88588558803,0.42999999999999994,17430.41357658322,0.42757728636264797,17504.499367244047,0.44499999999999995,16971.718482462606,0.48899999999999993,15626.21287304215,0.48899999999999993,15626.21287304215,0.576,12965.781327142606,0.576,12965.781327142606,0.6969999999999998,9265.640901236344,0.6969999999999998,9265.640901236344,0.8019999999999999,6054.775242392065,0.8019999999999999,6054.775242392065
27120,27,大阪府,大阪市住吉区,4,91.61071250408848,57082.0561572316,5.634867392955473,1.0408172241119389,0.7573307737774718,13852.058398866291,0.9917857142857143,468.88831843440283,0.7634902240083258,13500.464314891015,0.9917857142857143,468.88831843440283,0.7681248528044774,13235.91017368116,0.9917857142857143,468.88831843440283,0.9639817840567593,2055.9938251553567,0.9917857142857143,468.88831843440283,0.9663883505616805,1918.6220607753312,0.9917857142857143,468.88831843440283,0.9683123425888099,1808.7966398366618,0.9917857142857143,468.88831843440283,0.9675615226105804,1851.6549879979357,0.9917857142857143,468.88831843440283,0.9669849047544695,1884.5695208417178,0.9933928571428573,377.14929961028054,0.9692277681508235,1756.5422664980456,0.9933928571428573,377.14929961028054,0.9668563199043274,1891.909408478502,0.995,285.41028078615824,0.9667379164695741,1898.668119990307,1.0,0.0,0.9607182577252387,2242.2826184818186,1.0,0.0,1.0,0.0,1.0,0.0,1.0,0.0,1.0,0.0,1.0,0.0,1.0,0.0,1.0,0.0,1.0,0.0
27121,27,大阪府,大阪市東住吉区,1,32.71811160860303,20386.448627582715,5.982141657640503,0.08500000000000008,0.99,203.86448627582732,0.99,203.86448627582732,0.99,203.86448627582732,0.99,203.86448627582732,0.99,203.86448627582732,0.99,203.86448627582732,0.99,203.86448627582732,0.99,203.86448627582732,0.99,203.86448627582732,0.99,203.86448627582732,0.99,203.86448627582732,0.99,203.86448627582732,0.99,203.86448627582732,0.99,203.86448627582732,0.99,203.86448627582732,0.99,203.86448627582732,0.99,203.86448627582732,0.99,203.86448627582732,1.0,0.0,1.0,0.0,1.0,0.0,1.0,0.0,1.0,0.0,1.0,0.0,1.0,0.0,1.0,0.0,1.0,0.0,1.0,0.0,1.0,0.0,1.0,0.0,1.0,0.0,1.0,0.0
27122,27,大阪府,大阪市西成区,3,81.79527902150757,50966.12156895678,5.609773634016112,38.70366225753165,0.4179691034778953,29663.8574290345,0.4360000000000001,28744.892564891627,0.418074096761644,29658.506328571042,0.4360000000000001,28744.892564891627,0.41817618020623926,29653.303531323618,0.4360000000000001,28744.892564891627,0.42407194359600553,29352.819337658988,0.4360000000000001,28744.892564891627,0.4241182038336993,29350.461632760875,0.4360000000000001,28744.892564891627,0.42416516198217874,29348.068358056815,0.4360000000000001,28744.892564891627,0.4242031880170108,29346.130318542782,0.4360000000000001,28744.892564891627,0.4243150647431613,29340.428395717063,0.4360000000000001,28744.892564891627,0.42626849426329133,29240.86966931772,0.4380000000000001,28642.960321753708,0.42775290770828733,29165.214873221463,0.4400000000000001,28541.028078615796,0.42769439413398513,29168.197083162784,0.4400000000000001,28541.028078615796,0.4473403376936913,28166.919535361933,0.46,27521.705647236664,0.4795689184246585,26524.353771832517,0.535,23699.246529564905,0.5556710045561195,22645.72559840526,0.658,17430.41357658322,0.638217231154442,18438.664578536507,0.733,13607.95445891146,0.7874743887856603,10831.606137666884,0.8470000000000001,7797.816600050388
27123,27,大阪府,大阪市淀川区,4,107.96976830839,67275.28047102295,5.767501502943626,28.146721435313705,0.4080443627505817,39823.98152235773,0.5359090909090909,31221.846073142926,0.41138814990662714,39599.027303599374,0.5359090909090909,31221.846073142926,0.41396463743157,39425.69338272875,0.5359090909090909,31221.846073142926,0.5226557794484226,32113.466318829214,0.5359090909090909,31221.846073142926,0.5243000716512852,32002.846099705297,0.5359090909090909,31221.846073142926,0.5214413739605382,32195.16578863217,0.5322727272727271,31466.48345667392,0.5269544368169524,31824.272938712533,0.5381818181818181,31068.947708436055,0.5330810578573834,31412.10278987787,0.5454545454545453,30579.67294137407,0.5389491379261018,31017.32605742843,0.5527272727272727,30090.398174312082,0.5468676352771845,30484.60692722528,0.5631818181818181,29387.06569666048,0.5527278989553451,30090.356044642875,0.5718181818181818,28806.051910774375,0.5545242749019101,29969.50434900631,0.5772727272727272,28439.095835477885,0.6086363636363636,26329.098402523075,0.6086363636363636,26329.098402523075,0.685,21191.713348372232,0.685,21191.713348372232,0.7654545454545454,15779.11123774902,0.7654545454545454,15779.11123774902,0.8827272727272727,7889.555618874509,0.8827272727272727,7889.555618874509
27124,27,大阪府,大阪市鶴見区,9,225.7549700993609,140666.4955303207,5.974913754025467,2.693516448922456,0.7110425541193588,40646.63126942209,0.9293478260869564,9938.393705946575,0.7168520181204963,39829.434327472554,0.9293478260869564,9938.393705946577,0.720639761854773,39296.62569040491,0.9286956521739129,10030.132724770698,0.9121433862395909,12358.48196683771,0.9336956521739129,9326.800247119094,0.9166540504279344,11723.982642949302,0.936086956521739,8990.423844763978,0.917558953166008,11596.693145988696,0.9354347826086956,9082.1628635881,0.9186585676540499,11442.014229521472,0.937608695652174,8776.36613417436,0.9208382106475207,11135.411488122705,0.9415217391304347,8225.932021229628,0.9277209968152254,10167.234078427138,0.9508695652173913,6911.006084750543,0.9362608626484871,8965.961079363085,0.9632608695652174,5167.96472709222,0.9362769983773644,8963.691322929062,0.9682608695652174,4464.632249440615,0.9362555565652639,8966.707467495076,0.9743478260869565,3608.4014070821404,0.9771739130434782,3210.865658844277,0.9771739130434782,3210.865658844277,0.9843478260869566,2201.736451778933,0.9843478260869566,2201.736451778933,0.9921739130434781,1100.8682258894676,0.9921739130434781,1100.8682258894676,0.9932608695652173,947.969861182597,0.9932608695652173,947.969861182597
27125,27,大阪府,大阪市住之江区,6,88.33890134322817,55043.41129447332,5.8629031854169185,49.90207352260925,0.15999950346359884,46236.49281841495,0.2644444444444445,40487.486974379266,0.16162597855272504,46146.96608112396,0.2644444444444445,40487.486974379266,0.1631391560071966,46063.67563213594,0.2644444444444445,40487.486974379266,0.18952917683327744,44611.07886173627,0.2644444444444445,40487.486974379266,0.1901947877294939,44574.44136741375,0.2644444444444445,40487.486974379266,0.19122789732156079,44517.57549122533,0.2644444444444445,40487.486974379266,0.19127090354231466,44515.20828212816,0.2644444444444445,40487.486974379266,0.19125088641511864,44516.31009309334,0.2644444444444445,40487.486974379266,0.193830368394653,44374.326605567156,0.26611111111111113,40395.74795555514,0.19296324111521246,44422.05624905406,0.2672222222222222,40334.58860967239,0.19269072643584675,44437.05638663416,0.2688888888888889,40242.84959084827,0.21483835332509546,43217.97545057271,0.29,39080.822019076055,0.3572747347079631,35377.791126819066,0.6133333333333334,21283.45236719635,0.45739212397485973,29866.98849167239,0.7222222222222221,15289.836470687034,0.5703743862774637,23648.059358770086,0.8038888888888889,10794.624548305048,0.736971373748448,14477.99285698447,0.8855555555555555,6299.412625923058
27126,27,大阪府,大阪市平野区,1,19.630866965161815,12231.869176549626,5.989346954081501,1.6172906077333853,0.709711128160634,3550.775503747306,0.93,856.2308423584732,0.7154965588304185,3480.0088726645035,0.93,856.2308423584732,0.719900847062745,3426.1361951908684,0.93,856.2308423584732,0.9027071442416673,1190.0734834488383,0.93,856.2308423584732,0.9149704223087793,1040.0706704562751,0.94,733.9121505929783,0.9265617718509201,898.2867992771489,0.9499999999999998,611.5934588274819,0.92584587520264,907.0435534228427,0.9499999999999998,611.5934588274819,0.9292712280740579,865.1450852161394,0.955,550.4341129447337,0.9463051649928093,656.7881972643743,0.9700000000000001,366.95607529648913,0.9522508546710016,584.0612989563658,0.98,244.63738353099274,0.9567379164695741,529.1761460491335,0.99,122.31869176549637,0.9507679787278175,602.1996434984447,0.99,122.31869176549637,0.9949999999999999,61.159345882748184,0.9949999999999999,61.159345882748184,1.0,0.0,1.0,0.0,1.0,0.0,1.0,0.0,1.0,0.0,1.0,0.0
27127,27,大阪府,大阪市北区,4,104.69795714752969,65236.63560826468,5.698234444806059,10.96217923529213,0.7507532338239253,16260.020461566937,0.7896875000000002,13720.079926363163,0.7519668262265624,16180.849776219147,0.7896875000000002,13720.079926363163,0.7527982012182476,16126.613668832757,0.7896875000000002,13720.079926363163,0.7860643772594632,13956.44026435159,0.7896875000000002,13720.079926363163,0.78628921745345,13941.772446546373,0.7896875000000002,13720.079926363163,0.7866494980826975,13918.268950419446,0.7896875000000002,13720.079926363163,0.7864453724212946,13931.585421810682,0.7896875000000002,13720.079926363163,0.7880482442677023,13827.019455239839,0.7915625000000002,13597.761234597667,0.7895033402554692,13732.093888510837,0.7934375000000001,13475.44254283217,0.7906528924964369,13657.100967854161,0.7950000000000002,13373.510299694259,0.7926708851754666,13525.453914792155,0.7975000000000001,13210.418710673595,0.8014934372901917,12949.900297348908,0.8078124999999999,12537.665905963368,0.8368749999999999,10641.726183598174,0.8368749999999999,10641.726183598174,0.8865625,7400.280851812525,0.8865625,7400.280851812525,0.9268749999999999,4770.428978854353,0.9268749999999999,4770.428978854353,0.975625,1590.14299295145,0.975625,1590.14299295145
27128,27,大阪府,大阪市中央区,2,52.348978573764846,32618.31780413234,5.579256771826689,30.10855931199039,0.6218750000000001,12333.80141968754,0.6218750000000001,12333.80141968754,0.6218750000000001,12333.80141968754,0.6218750000000001,12333.80141968754,0.6218750000000001,12333.80141968754,0.6218750000000001,12333.80141968754,0.6218750000000001,12333.80141968754,0.6218750000000001,12333.80141968754,0.6218750000000001,12333.80141968754,0.6218750000000001,12333.80141968754,0.6218750000000001,12333.80141968754,0.6218750000000001,12333.80141968754,0.6218750000000001,12333.80141968754,0.6218750000000001,12333.80141968754,0.6218750000000001,12333.80141968754,0.6218750000000001,12333.80141968754,0.6218750000000001,12333.80141968754,0.6218750000000001,12333.80141968754,0.625,12231.869176549626,0.625,12231.869176549626,0.625,12231.869176549626,0.625,12231.869176549626,0.6268346287310124,12172.026673548873,0.626875,12170.709830666878,0.6310415341169573,12034.804496698203,0.6493750000000001,11436.797680073902,0.6454720807052219,11564.104341994858,0.68125,10397.088800067182,0.6766410900722258,10547.423688821942,0.7262500000000001,8929.264498881226,0.765788134103641,7639.597075306265,0.83125,5504.341129447331
27141,27,大阪府,堺市堺区,15,343.5401718903318,214057.71058961848,5.7915856395799885,29.3681570044012,0.4166411741547802,124872.45471267571,0.5459999999999999,97182.20060768677,0.41995645289777483,124162.79373498386,0.5459999999999999,97182.20060768677,0.42257022752096446,123603.29512314666,0.5459999999999999,97182.20060768677,0.530639464512403,100470.24166759242,0.5459999999999999,97182.20060768677,0.5327026950269292,100028.59126723427,0.5467142857142856,97029.30224297989,0.5353580336633957,99460.1955578721,0.5485714285714285,96631.76649474206,0.536714126254277,99169.9134825205,0.5502857142857142,96264.81041944558,0.5376073552619981,98978.7109260955,0.5522857142857143,95836.69499826634,0.5416911862492562,98104.53541452812,0.555142857142857,95225.10153943884,0.5417042489903314,98101.73923407949,0.5575714285714285,94705.2470994355,0.5467998348878962,97010.98978273405,0.5662857142857142,92839.88705001168,0.5523125084532158,95830.95950011378,0.5757142857142857,90821.62863588099,0.6041106431135642,84743.16938190686,0.607,84124.68026172006,0.6711239467476094,70398.45502695614,0.6802857142857142,68437.30804279516,0.7429130789515163,55031.43774217242,0.7561428571428572,52199.50171092554,0.8532880814985505,31404.817390630968,0.8658571428571429,28714.312891950256
27142,27,大阪府,堺市中区,6,121.05701295183121,75429.85992205604,5.6591557989472,0.7947005705644714,0.8180985626632705,13720.79993793017,0.9878378378378379,917.390188241223,0.8225872539481202,13382.218583080592,0.9878378378378379,917.390188241223,0.8259583788520182,13127.935103799811,0.9878378378378379,917.390188241223,0.9677734323200524,2430.8454858670934,0.9878378378378379,917.390188241223,0.9694896987072704,2301.3877526903243,0.9878378378378379,917.390188241223,0.9720769781832942,2106.2296242346238,0.9890540540540539,825.6511694171007,0.9750225576783528,1884.0449755330774,0.9927027027027027,550.4341129447338,0.9735149723719274,1997.7619240172912,0.9927027027027027,550.4341129447338,0.9762525414131782,1791.2674747087863,0.9939189189189189,458.6950941206115,0.9734717273631611,2001.0238889708658,0.9939189189189189,458.6950941206115,0.9757276687750944,1830.8585442763676,1.0,0.0,0.9713349448265256,2162.2010963931825,1.0,0.0,1.0,0.0,1.0,0.0,1.0,0.0,1.0,0.0,1.0,0.0,1.0,0.0,1.0,0.0,1.0,0.0
27143,27,大阪府,堺市東区,1,32.71811160860303,20386.448627582715,5.593912614590933,0.030000000000000027,0.9950000000000001,101.93224313791366,0.9950000000000001,101.93224313791366,0.9950000000000001,101.93224313791366,0.9950000000000001,101.93224313791366,0.9950000000000001,101.93224313791366,0.9950000000000001,101.93224313791366,0.9950000000000001,101.93224313791366,0.9950000000000001,101.93224313791366,0.9950000000000001,101.93224313791366,0.9950000000000001,101.93224313791366,0.9950000000000001,101.93224313791366,0.9950000000000001,101.93224313791366,0.9950000000000001,101.93224313791366,0.9950000000000001,101.93224313791366,0.9950000000000001,101.93224313791366,0.9950000000000001,101.93224313791366,1.0,0.0,1.0,0.0,1.0,0.0,1.0,0.0,1.0,0.0,1.0,0.0,1.0,0.0,1.0,0.0,1.0,0.0,1.0,0.0,1.0,0.0,1.0,0.0,1.0,0.0,1.0,0.0,1.0,0.0,1.0,0.0
27144,27,大阪府,堺市西区,26,490.77167412904544,305796.72941374074,5.818620984658839,29.07163800082115,0.4573322685605289,165946.01743256446,0.5369666666666666,141594.07894287579,0.45960280467674164,165251.69491421082,0.5369666666666666,141594.07894287579,0.46107876901830275,164800.3498458302,0.5369666666666666,141594.07894287579,0.5271937551711139,144582.60331506573,0.5369666666666666,141594.07894287579,0.528333526473655,144234.06497846902,0.5372666666666666,141502.33992405166,0.5287133197599786,144117.92543365798,0.5372666666666666,141502.33992405166,0.5319849551497627,143117.47003162772,0.5409333333333335,140381.08524953458,0.5315306301095815,143256.40114300596,0.5409333333333335,140381.08524953458,0.5344312343796095,142369.40584390785,0.5423666666666667,139942.77660404154,0.5354940440118313,142044.402134385,0.5449999999999999,139137.51188325204,0.5394871471464634,140823.3242556027,0.5509666666666667,137312.9247310834,0.5533538267294565,136582.93899129512,0.5679333333333333,132124.57355536357,0.6084666666666667,119729.61278979327,0.6084666666666667,119729.61278979327,0.6807666666666666,97620.50925317983,0.6807666666666666,97620.50925317983,0.7449,78008.74567344526,0.7449,78008.74567344526,0.8616,42322.267350861715,0.8616,42322.267350861715
27145,27,大阪府,堺市南区,6,71.97984553892667,44850.186980681974,5.55070191817551,0.6192751450258605,0.8617375024494454,6201.098867558455,0.9893181818181819,479.0815427481941,0.8651316303556615,6048.871596328311,0.9872727272727271,570.8205615723165,0.8659025218947367,6014.296966658964,0.9852272727272726,662.5595803964387,0.9726718763465231,1225.6714556896368,0.9852272727272726,662.5595803964387,0.973972740606828,1167.327450378469,0.9852272727272726,662.5595803964387,0.9790766353498804,938.416816822847,0.9893181818181819,479.0815427481941,0.97849545202472,964.4829976263578,0.9893181818181819,479.0815427481941,0.979451020359993,921.6255791165414,0.9913636363636363,387.3425239240719,0.9801394980603997,890.7472255212641,0.9934090909090908,295.6035050999496,0.9789670835841787,943.3302339986457,0.9943181818181818,254.83060784478414,0.9811752271652221,844.2945815086485,0.9993181818181817,30.579672941374092,0.9785735951228575,960.9782650636366,1.0,0.0,1.0,0.0,1.0,0.0,1.0,0.0,1.0,0.0,1.0,0.0,1.0,0.0,1.0,0.0,1.0,0.0
27146,27,大阪府,堺市北区,14,255.2012705471036,159014.29929514515,5.6310626604913745,1.0803914590877888,0.7522124858054304,39401.75794373533,0.9857692307692307,2262.8957976616834,0.7583356767402718,38428.08302778113,0.9857692307692307,2262.8957976616834,0.7629818565424145,37689.274002144164,0.9857692307692307,2262.8957976616834,0.9579025229257478,6694.100819055648,0.9857692307692307,2262.8957976616834,0.9603509340626135,6304.768437740532,0.9857692307692307,2262.8957976616834,0.9625212372514509,5959.659196909522,0.9861538461538462,2201.736451778935,0.963552181813756,5795.7242697224265,0.9878846153846153,1926.519395306568,0.962508143233742,5961.741332960476,0.9890384615384613,1743.0413576583235,0.9671079801940001,5230.301481853112,0.9913461538461538,1376.085282361834,0.9659119576444992,5420.486169503176,0.9940384615384615,947.9698611825969,0.9667379164695741,5289.146905687283,1.0,0.0,0.9607182577252388,6246.358722913638,1.0,0.0,1.0,0.0,1.0,0.0,1.0,0.0,1.0,0.0,1.0,0.0,1.0,0.0,1.0,0.0,1.0,0.0
27202,27,大阪府,岸和田市,19,265.0167040296845,165130.23388341998,5.606577519854848,0.9541548385630987,0.7601576000166421,39605.23160441267,0.9966666666666668,550.4341129447338,0.7703813002838029,37916.9895881424,0.9966666666666668,550.4341129447338,0.7750312447216776,37149.143175571255,0.9966666666666668,550.4341129447338,0.9736621261636417,4349.179266589871,0.9966666666666668,550.4341129447338,0.9766611399253209,3853.9514227041686,0.9972222222222223,458.6950941206115,0.9785219694508447,3546.672207937265,0.9972222222222223,458.6950941206115,0.9779361064897644,3643.415895724097,0.9977777777777779,366.9560752964892,0.9769780510001715,3801.6198227938844,0.998888888888889,183.4780376482446,0.9745613019996221,4200.698150492117,0.998888888888889,183.4780376482446,0.971300764348772,4739.111495362688,0.9994444444444445,91.7390188241223,0.9667379164695741,5492.575632829103,1.0,0.0,0.960718257725239,6486.6032891795485,1.0,0.0,1.0,0.0,1.0,0.0,1.0,0.0,1.0,0.0,1.0,0.0,1.0,0.0,1.0,0.0,1.0,0.0
27203,27,大阪府,豊中市,17,346.8119830511921,216096.35545237677,5.59113057484492,3.9656994024051775,0.8046455259872425,42215.389855472946,0.9354245283018868,13954.524085580368,0.8080628698081973,41476.91431043691,0.9354245283018868,13954.524085580368,0.8106806704235036,40911.21713816826,0.9354245283018868,13954.524085580368,0.9231864936368646,16599.118774591523,0.9362735849056605,13771.046047932123,0.924534119969269,16307.901635647262,0.9362735849056605,13771.046047932123,0.9258914370806712,16014.5903546801,0.9365566037735849,13709.886702049373,0.9279521393326092,15569.280108363764,0.939245283018868,13128.872916163267,0.928019893695161,15554.638637550343,0.9405188679245282,12853.6558596909,0.9278055563147336,15600.95616429788,0.9416509433962263,12609.018476159908,0.9298637364073744,15156.190947413601,0.9459433962264151,11681.435063604895,0.9292007878535199,15299.451713754,0.9482075471698113,11192.160296542908,0.928204698489522,15514.702995018808,0.950754716981132,10641.726183598175,0.9544339622641509,9846.654687122447,0.9544339622641509,9846.654687122447,0.9626415094339622,8073.033656522753,0.9626415094339622,8073.033656522753,0.97,6482.890663571302,0.97,6482.890663571302,0.9824528301886792,3791.879444730385,0.9824528301886792,3791.879444730385
27204,27,大阪府,池田市,3,32.71811160860303,20386.448627582715,5.024232845367294,0.0,1.0,0.0,1.0,0.0,1.0,0.0,1.0,0.0,1.0,0.0,1.0,0.0,1.0,0.0,1.0,0.0,1.0,0.0,1.0,0.0,1.0,0.0,1.0,0.0,1.0,0.0,1.0,0.0,1.0,0.0,1.0,0.0,1.0,0.0,1.0,0.0,1.0,0.0,1.0,0.0,1.0,0.0,1.0,0.0,1.0,0.0,1.0,0.0,1.0,0.0,1.0,0.0,1.0,0.0,1.0,0.0,1.0,0.0,1.0,0.0,1.0,0.0,1.0,0.0
27205,27,大阪府,吹田市,15,330.4529272468906,205903.13113858542,5.556328165047063,1.0997653373968004,0.749534615429284,51571.60692494031,0.9799009900990096,4138.449071399295,0.7554427190606325,50355.10988815444,0.9799009900990096,4138.449071399295,0.760047076695073,49407.058234341304,0.9799009900990096,4138.449071399295,0.95733262156791,8785.346816642226,0.9801980198019798,4077.2897255165467,0.9597485886469925,8287.891630331427,0.9801980198019798,4077.2897255165467,0.9614600426283213,7935.497896776246,0.9800495049504949,4107.86939845792,0.9621560718015868,7792.183310637059,0.9818316831683166,3740.913323161432,0.9610844368096624,8012.836310911961,0.9827722772277226,3547.2420611993953,0.9630299052064961,7612.258276472748,0.9870792079207918,2660.431545899546,0.9667182782793989,6852.810711954826,0.9948019801980196,1070.2885529480934,0.9659707052518824,7006.7383390751975,0.9992079207920791,163.09158902066184,0.9607182577252386,8088.233730952276,1.0,0.0,1.0,0.0,1.0,0.0,1.0,0.0,1.0,0.0,1.0,0.0,1.0,0.0,1.0,0.0,1.0,0.0
27206,27,大阪府,泉大津市,5,117.7852017909709,73391.21505929777,5.838460164660378,38.042816996604415,0.37307104094850724,46011.07806064979,0.49,37429.51968024186,0.3781481473856365,45638.46305024349,0.49,37429.51968024186,0.38047783963016624,45467.48410570323,0.49,37429.51968024186,0.4774109960151554,38353.44197907595,0.49,37429.51968024186,0.4785978507799746,38266.337265786955,0.49,37429.51968024186,0.4796146136326433,38191.715804602434,0.49,37429.51968024186,0.4803738583025893,38135.99391574781,0.49124999999999996,37337.78066141774,0.48059175246929725,38120.002398098775,0.4925,37246.04164259361,0.48299366503953933,37943.72311610251,0.495,37062.56360494537,0.4834560863673687,37909.78545298378,0.4975,36879.08556729712,0.4821994913369417,38002.00848910429,0.49874999999999997,36787.346548473004,0.4803591288626194,38137.074927244335,0.5,36695.607529648885,0.50875,36053.43439788003,0.50875,36053.43439788003,0.545,33393.00285198049,0.545,33393.00285198049,0.6125,28439.095835477885,0.6125,28439.095835477885,0.78,16146.067313045509,0.78,16146.067313045509
27207,27,大阪府,高槻市,31,438.4226955552805,273178.41160960833,5.55073961641215,1.2985506359601064,0.7352100752181473,72334.89106213424,0.9585820895522389,11314.478988308403,0.741056746631555,70737.70665221619,0.9585820895522389,11314.478988308403,0.745516593685485,69519.37271800182,0.9585820895522389,11314.478988308403,0.9366434594477291,17307.639113149122,0.9585820895522389,11314.478988308403,0.9388534084385012,16703.928758111768,0.9585820895522389,11314.478988308403,0.9422361684090167,15779.831762509764,0.9601119402985077,10896.556791442958,0.9469283639094724,14498.025248733535,0.9660074626865675,9286.027349863927,0.9453744535125906,14922.520022737392,0.9667164179104479,9092.35608790189,0.9514410236233207,13265.264035969774,0.97544776119403,6707.141598474718,0.9569143495230534,11770.06956045907,0.9847388059701493,4169.028744340669,0.9615046867883917,10516.088517561528,0.9944776119402987,1508.5971984411221,0.9600093025013585,10924.595221839309,0.9992910447761194,193.67126196203594,1.0,0.0,1.0,0.0,1.0,0.0,1.0,0.0,1.0,0.0,1.0,0.0,1.0,0.0,1.0,0.0
27208,27,大阪府,貝塚市,4,121.05701295183121,75429.85992205604,5.51460372769662,0.696478406397865,0.8251207200853595,13191.119587231358,0.9975675675675676,183.4780376482446,0.8325894155856726,12627.75693184226,0.9975675675675676,183.4780376482446,0.8359893608979276,12371.299533196201,0.9975675675675676,183.4780376482446,0.9808092807031966,1447.5532683613742,0.9975675675675676,183.4780376482446,0.9825895419877928,1313.2684090396233,0.9975675675675676,183.4780376482446,0.9838824290037156,1215.7461225335328,0.9975675675675676,183.4780376482446,0.9832004910626927,1267.1846059004215,0.9975675675675676,183.4780376482446,0.9816925791067046,1380.9261935153909,0.9975675675675676,183.4780376482446,0.9822474365943187,1339.0733709479578,1.0,0.0,0.9794627199301849,1549.1241588461885,1.0,0.0,0.9757276687750945,1830.8585442763676,1.0,0.0,0.9713349448265255,2162.2010963931825,1.0,0.0,1.0,0.0,1.0,0.0,1.0,0.0,1.0,0.0,1.0,0.0,1.0,0.0,1.0,0.0,1.0,0.0
27209,27,大阪府,守口市,8,209.39591429505938,130473.27121652936,5.929332815506509,5.306694932102109,0.6546474722621496,45059.27401685453,0.8582812500000001,18490.508905217524,0.6619319587026257,44108.843241833165,0.86046875,18205.098624431368,0.6640940534009132,43826.74767386767,0.8582812500000001,18490.508905217524,0.8405635456368327,20802.195751927335,0.86046875,18205.098624431368,0.8425548470765352,20542.38413911116,0.86046875,18205.098624431368,0.8426448195846752,20530.64513165459,0.859140625,18378.38343776582,0.8451131153246387,20208.598512131714,0.8627343749999999,17909.49511933142,0.8515747591899707,19365.526699585625,0.8707031249999999,16869.786239324698,0.867146210670471,17333.868487335265,0.88890625,14494.76497421131,0.8864995432132855,14808.775881532969,0.9119531249999999,11487.763801642861,0.894693297338672,13739.709977249866,0.924921875,9795.688565553497,0.8955187476100401,13632.010780117907,0.931484375,8939.457723195022,0.93875,7991.4878620124255,0.93875,7991.4878620124255,0.95625,5708.205615723159,0.95625,5708.205615723159,0.9803125,2568.6925270754246,0.9803125,2568.6925270754246,0.9824999999999999,2283.282246289266,0.9824999999999999,2283.282246289266
27210,27,大阪府,枚方市,22,399.1609616249569,248714.6732565091,5.562750361130468,1.0337743489369449,0.7662093258505596,58147.17113149707,0.9765573770491806,5830.524307488655,0.7714837960859182,56835.3329903087,0.9765573770491806,5830.524307488655,0.7756409629797718,55801.384584631145,0.9765573770491806,5830.524307488655,0.9557452852340022,11006.79692308525,0.9765573770491806,5830.524307488655,0.9578063183998479,10494.187732671104,0.9764344262295084,5861.103980430029,0.9598053925814201,9996.988650785821,0.9766803278688526,5799.944634547281,0.9604390341385466,9839.392697943293,0.9783196721311477,5392.215661995627,0.9597210558467227,10017.964434199612,0.9795491803278691,5086.418932581885,0.9658956700563431,8482.247278568808,0.9879508196721313,2996.8079482546614,0.971305327437452,7136.7861105967295,0.9970901639344267,723.7189262791869,0.9694643167589531,7594.672479961228,1.0,0.0,0.9638151218461212,8999.710146868649,0.9998770491803279,30.579672941374092,1.0,0.0,1.0,0.0,1.0,0.0,1.0,0.0,0.9998770491803279,30.579672941374092,0.9998770491803279,30.579672941374092,0.9998770491803279,30.579672941374092,0.9998770491803279,30.579672941374092
27211,27,大阪府,茨木市,14,199.58048081247847,124357.33662825456,5.379783682961429,0.8111600183078745,0.8000952521797087,24859.622018274305,0.9933606557377048,825.6511694171007,0.805803949573978,24149.703614706305,0.9940983606557375,733.9121505929784,0.8096985535592328,23665.381035878218,0.9940983606557375,733.9121505929784,0.9761568951509039,2965.065015981826,0.995327868852459,581.0137858861078,0.9796231717994955,2534.0080839462407,0.9968032786885245,397.53574823786323,0.9816671193525438,2279.828210041308,0.997295081967213,336.3764023551151,0.9807741381154685,2390.8769783430075,0.997295081967213,336.3764023551151,0.9783055115869786,2697.8687985558445,0.9965573770491802,428.1154211792374,0.9777670660126406,2764.828456099829,0.998032786885246,244.6373835309928,0.9752485864377413,3078.0198683869526,0.9987704918032786,152.8983647068705,0.9721907170483324,3458.288361410917,1.0,0.0,0.9671578876063471,4084.157626520455,1.0,0.0,1.0,0.0,1.0,0.0,1.0,0.0,1.0,0.0,1.0,0.0,1.0,0.0,1.0,0.0,1.0,0.0
27212,27,大阪府,八尾市,14,186.4932361690373,116202.75717722147,5.9769503471913055,1.2257928146525543,0.741018747246608,30094.335627155,0.9663157894736838,3914.1981364958824,0.7471360289250838,29383.490629686403,0.9663157894736838,3914.1981364958824,0.7515715265101797,28868.07358084536,0.9663157894736838,3914.1981364958824,0.9434698281550759,6568.961832082314,0.9663157894736838,3914.1981364958824,0.9484908292399304,5985.507662232374,0.9689473684210522,3608.4014070821413,0.9545376762037878,5282.847372803438,0.9731578947368418,3119.1266400201557,0.9546577494143418,5268.894534673954,0.9742105263157891,2996.8079482546596,0.9556448757396476,5154.187733991159,0.9773684210526311,2629.851872958172,0.9590145247233539,4762.625231365093,0.9828947368421049,1987.678741189316,0.9613449997023529,4491.817613272873,0.989210526315789,1253.766590596338,0.960164667618902,4628.9754557546285,0.9931578947368418,795.0714964757265,0.9596708599360363,4686.3572700189,0.9989473684210524,122.31869176549637,0.9994736842105262,61.159345882748184,0.9994736842105262,61.159345882748184,1.0,0.0,1.0,0.0,1.0,0.0,1.0,0.0,1.0,0.0,1.0,0.0
27213,27,大阪府,泉佐野市,7,212.66772545591968,132511.91607928765,5.680979157621378,0.9892387750287004,0.759002168090901,31935.0844772288,0.9951538461538462,642.1731317688561,0.7692082505822183,30582.656930641086,0.9951538461538462,642.1731317688561,0.7732254669437042,30050.327893275513,0.9944615384615386,733.9121505929784,0.9721711766353021,3687.650706288179,0.9951538461538462,642.1731317688561,0.9746021733100597,3365.514678933656,0.9951538461538462,642.1731317688561,0.9764588782053727,3119.4791556619393,0.9951538461538462,642.1731317688561,0.9753808732537124,3262.3276573494245,0.9951538461538462,642.1731317688561,0.9733171044542239,3535.8016153142735,0.9951538461538462,642.1731317688561,0.9722808737433873,3673.1145323074293,0.9965384615384615,458.6950941206115,0.9691680913109045,4085.5952967736694,0.9972307692307693,366.9560752964892,0.9653712384609077,4588.723542997882,0.9986153846153847,183.4780376482446,0.9607182577252389,5205.298935761365,1.0,0.0,1.0,0.0,1.0,0.0,1.0,0.0,1.0,0.0,1.0,0.0,1.0,0.0,1.0,0.0,1.0,0.0
27214,27,大阪府,富田林市,8,170.13418036473576,106009.53286343011,5.509745162515875,0.9802859974451936,0.7625091613026767,25176.29286964749,0.9942307692307691,611.593458827482,0.7686708006262779,24523.100363279565,0.9942307692307691,611.593458827482,0.7733567569347528,24026.3443239997,0.9942307692307691,611.593458827482,0.9713382522647197,3038.4184884665374,0.9942307692307691,611.593458827482,0.9737563989024896,2782.0718930012836,0.9942307692307691,611.593458827482,0.9767583023584805,2463.8415099305594,0.9953846153846153,489.2747670619856,0.9756917174962849,2576.909672931116,0.9953846153846153,489.2747670619856,0.9735790532368881,2800.8722241670557,0.9953846153846153,489.2747670619856,0.9723103016614915,2935.3719859945913,0.9965384615384615,366.9560752964892,0.969589951152985,3223.755072626158,0.9976923076923075,244.6373835309928,0.9667379164695741,3526.097937124856,1.0,0.0,0.9607182577252387,4164.239148609092,1.0,0.0,1.0,0.0,1.0,0.0,1.0,0.0,1.0,0.0,1.0,0.0,1.0,0.0,1.0,0.0,1.0,0.0
27215,27,大阪府,寝屋川市,10,215.93953661677998,134550.5609420459,5.673316817583225,1.150504952919331,0.7442332613899966,34413.5581502936,0.9759090909090908,3241.4453317856546,0.7499524758053436,33644.034642560815,0.9759090909090908,3241.4453317856546,0.7545146985462106,33030.18501363462,0.9759090909090908,3241.4453317856546,0.9532192056151955,6294.382125789976,0.9759090909090908,3241.4453317856546,0.955588285624981,5975.621081556742,0.9759090909090908,3241.4453317856546,0.9533590758388694,6275.56250873556,0.9718181818181818,3791.879444730388,0.9536125756122851,6241.453972023805,0.9731818181818181,3608.4014070821436,0.9571222376687961,5769.226973603219,0.9786363636363636,2874.489256489165,0.9651536049084231,4688.602006379841,0.989090909090909,1467.8243011859568,0.9658932705765422,4589.079575824846,0.9938636363636364,825.6511694171006,0.9634681972861291,4915.3745473755,0.9965909090909091,458.6950941206115,0.9600364395434207,5377.119476674125,0.9993181818181818,91.7390188241223,1.0,0.0,1.0,0.0,1.0,0.0,1.0,0.0,1.0,0.0,1.0,0.0,1.0,0.0,1.0,0.0
27216,27,大阪府,河内長野市,9,62.16441205634575,38734.25239240716,5.317891737652413,1.0233872391849417,0.7568826569873637,9416.968525222881,0.9892105263157894,417.922196865446,0.7647674752693427,9111.555983820435,0.9892105263157894,417.922196865446,0.7693623769597003,8933.575902027827,0.9892105263157894,417.922196865446,0.9664804261295418,1298.3556343842615,0.9892105263157894,417.922196865446,0.9688771780384213,1205.5192410237373,0.9892105263157894,417.922196865446,0.9707207651985319,1134.1092706566164,0.9892105263157894,417.922196865446,0.9696624556968086,1175.1020980056464,0.9892105263157894,417.922196865446,0.9682877019047738,1228.3521583637475,0.99,387.3425239240719,0.9677205447774184,1250.3205656808789,0.9918421052631579,315.98995372753234,0.9696118379423493,1177.0627388824137,0.9976315789473683,91.7390188241223,0.9667379164695739,1288.3819385648512,1.0,0.0,0.9607182577252388,1521.5489196840913,1.0,0.0,1.0,0.0,1.0,0.0,1.0,0.0,1.0,0.0,1.0,0.0,1.0,0.0,1.0,0.0,1.0,0.0
27217,27,大阪府,松原市,4,78.52346786064727,48927.47670619851,5.6188837574072785,1.0287053198001468,0.7579026732820057,11845.211313627595,0.9931249999999998,336.3764023551151,0.7640758609252951,11543.172819007556,0.9931249999999998,336.3764023551151,0.7687390065046928,11315.016872293962,0.9931249999999998,336.3764023551151,0.9650482781938079,1710.0995545139858,0.9931249999999998,336.3764023551151,0.9674918877295021,1590.5399058772675,0.9931249999999998,336.3764023551151,0.9693490280917647,1499.6747140625182,0.9931249999999998,336.3764023551151,0.9705015114536126,1443.2866112214263,0.9949999999999999,244.6373835309928,0.9684329084148248,1544.4981382160909,0.9949999999999999,244.6373835309928,0.9706724131107329,1434.924824373622,0.9949999999999999,244.6373835309928,0.9668563199043273,1621.6366358387158,0.9949999999999999,244.6373835309928,0.9667379164695739,1627.429817134549,1.0,0.0,0.9607182577252387,1921.9565301272733,1.0,0.0,1.0,0.0,1.0,0.0,1.0,0.0,1.0,0.0,1.0,0.0,1.0,0.0,1.0,0.0,1.0,0.0
27218,27,大阪府,大東市,7,117.7852017909709,73391.21505929777,5.675763018100795,0.5507382143475117,0.8710797859728336,9461.611153158465,0.98625,1009.1292070653452,0.8741738203167915,9234.536213220199,0.98625,1009.1292070653452,0.8765037989616393,9063.536249412595,0.98625,1009.1292070653452,0.9748465992510319,1846.0386438402215,0.98625,1009.1292070653452,0.9760208052396774,1759.8622396036212,0.98625,1009.1292070653452,0.9769542181491851,1691.3579320228118,0.98625,1009.1292070653452,0.9801790614426136,1454.6827643422741,0.9899999999999999,733.9121505929784,0.981640941351652,1347.393621547158,0.9924999999999999,550.4341129447337,0.9816972501575946,1343.2610498604988,0.99375,458.69509412061143,0.9859281599521638,1032.7494392307922,1.0,0.0,0.983368958234787,1220.5723628509118,1.0,0.0,0.9803591288626193,1441.4673975954547,1.0,0.0,1.0,0.0,1.0,0.0,1.0,0.0,1.0,0.0,1.0,0.0,1.0,0.0,1.0,0.0,1.0,0.0
27219,27,大阪府,和泉市,13,186.49323616903726,116202.75717722147,5.580978045324827,1.0226812487715333,0.7536275652181671,28629.15621411416,0.989736842105263,1192.6072447135898,0.7635973460667754,27470.64019105323,0.989736842105263,1192.6072447135898,0.7682360574220097,26931.6091418257,0.989736842105263,1192.6072447135898,0.9643700686824024,4140.296257139885,0.989736842105263,1192.6072447135898,0.9667777882851125,3860.5126007953045,0.989736842105263,1192.6072447135898,0.9686771924344189,3639.796601652041,0.989736842105263,1192.6072447135898,0.9688012035393533,3625.3861693380986,0.9907894736842104,1070.2885529480934,0.9693316268260673,3563.7495209509198,0.9934210526315789,764.4918235343524,0.9717388724182783,3284.020945933299,0.9960526315789474,458.6950941206115,0.9686984251674853,3637.3292995273314,0.996842105263158,366.9560752964892,0.966737916469574,3865.1458156945537,1.0,0.0,0.9607182577252388,4564.646759052273,1.0,0.0,1.0,0.0,1.0,0.0,1.0,0.0,1.0,0.0,1.0,0.0,1.0,0.0,1.0,0.0,1.0,0.0
27220,27,大阪府,箕面市,8,235.57040358194183,146782.43011859554,5.108266479385744,0.16365005750623013,0.9598752902282609,5889.602408099224,0.9984722222222221,224.25093490341004,0.9609056450757715,5738.3644196971345,0.9984722222222221,224.25093490341004,0.9616841389073266,5624.095203269148,0.9984722222222221,224.25093490341004,0.9946289510859383,788.3756118918129,0.9984722222222221,224.25093490341004,0.9950360781782204,728.6165079195454,0.9984722222222221,224.25093490341004,0.9961761941346857,561.2675172125693,0.9993055555555554,101.93224313791366,0.9959986103408867,587.333698016078,0.9993055555555554,101.93224313791366,0.9956537492407692,637.9532483446751,0.9993055555555554,101.93224313791366,0.9952509577406777,697.0759635592282,0.9993055555555554,101.93224313791366,0.9953093866507212,688.4996261538615,1.0,0.0,0.9944563194115956,813.7149085672745,1.0,0.0,0.9934530429542063,960.9782650636366,1.0,0.0,1.0,0.0,1.0,0.0,1.0,0.0,1.0,0.0,1.0,0.0,1.0,0.0,1.0,0.0,1.0,0.0
27221,27,大阪府,柏原市,6,81.79527902150757,50966.12156895678,5.298907059812751,0.9514008684903386,0.7645582229018212,11999.554233997009,0.9968,163.09158902066184,0.770736893451214,11684.651359642128,0.9968,163.09158902066184,0.7754126041531563,11446.348519585656,0.9968,163.09158902066184,0.9737571821570397,1337.494644496307,0.9968,163.09158902066184,0.9761993317127228,1213.0277533517856,0.9968,163.09158902066184,0.9780792810201645,1117.214028405237,0.9968,163.09158902066184,0.977014407634735,1171.4864948225768,0.9968,163.09158902066184,0.9763144946098328,1207.1583471374427,0.9982000000000001,91.7390188241223,0.975672413110733,1239.8827508777385,1.0,0.0,0.9718563199043274,1434.3742211538784,1.0,0.0,0.966737916469574,1695.2393928484885,1.0,0.0,0.9607182577252388,2002.0380522159094,1.0,0.0,1.0,0.0,1.0,0.0,1.0,0.0,1.0,0.0,1.0,0.0,1.0,0.0,1.0,0.0,1.0,0.0
27222,27,大阪府,羽曳野市,2,32.71811160860303,20386.448627582715,5.552205477942819,0.9351313146576286,0.7669232055544853,4751.608096245141,1.0,0.0,0.7731086647510529,4625.508550096308,1.0,0.0,0.7777825546264648,4530.224534260243,1.0,0.0,0.9769230815768242,470.45641191699116,1.0,0.0,0.9793666911125182,420.63989165169187,1.0,0.0,0.981223831474781,382.779395062213,1.0,0.0,0.9801583287119864,404.50121239847033,1.0,0.0,0.9780891621112825,446.6841710056346,1.0,0.0,0.975672413110733,495.9531003510955,1.0,0.0,0.9718563199043274,573.7496884615514,1.0,0.0,0.966737916469574,678.0957571393955,1.0,0.0,0.9607182577252388,800.8152208863638,1.0,0.0,1.0,0.0,1.0,0.0,1.0,0.0,1.0,0.0,1.0,0.0,1.0,0.0,1.0,0.0,1.0,0.0
27223,27,大阪府,門真市,10,225.7549700993609,140666.4955303207,5.943432149184913,1.197950815587588,0.741093296126827,36419.49870314577,0.9704347826086956,4158.835520026877,0.7468890566249257,35604.22938494515,0.9704347826086956,4158.835520026877,0.7514295845802712,34965.52922960925,0.9704347826086956,4158.835520026877,0.9486710474802101,7220.2638702010845,0.9715217391304346,4005.9371553200062,0.9510523719761683,6885.291298634128,0.9715217391304346,4005.9371553200062,0.9507098837779916,6933.467913232131,0.9693478260869565,4311.733884733748,0.9502987854117934,6991.295679723492,0.97,4219.994865909625,0.9500665990295617,7023.9565244218675,0.9717391304347825,3975.357482378632,0.9533542662729387,6561.4918948261875,0.9773913043478261,3180.285985902906,0.9634365518585495,5143.252114562452,0.9915217391304347,1192.6072447135898,0.9656509599478348,4831.759088968698,0.9989130434782608,152.8983647068705,0.9607182577252388,5525.6250241159105,1.0,0.0,1.0,0.0,1.0,0.0,1.0,0.0,1.0,0.0,1.0,0.0,1.0,0.0,1.0,0.0,1.0,0.0
27224,27,大阪府,摂津市,11,176.67780268645635,110086.82258894664,5.847275478752556,1.1756910729992927,0.7398468463878252,28639.434067658487,0.9705555555555555,3241.445331785654,0.745593058358257,28006.851849911065,0.9705555555555555,3241.445331785654,0.7501679477830314,27503.216809441878,0.9705555555555555,3241.445331785654,0.947561557541291,5772.781511792596,0.9705555555555555,3241.445331785654,0.9500545140604177,5498.3398497495145,0.9705555555555555,3241.445331785654,0.9482939183546438,5692.158236861926,0.9669444444444445,3638.9810800235177,0.9544625852008661,5013.069304151528,0.9741666666666666,2843.909583547791,0.9538020653857125,5085.783831858826,0.9755555555555555,2691.0112188409207,0.956538444509109,4784.544548765391,0.9805555555555554,2140.577105896187,0.9657588603927029,3769.498261191863,0.9938888888888888,672.7528047102301,0.9659424287080765,3749.2898086243886,0.9991666666666668,91.7390188241223,0.9607182577252388,4324.402192786364,1.0,0.0,1.0,0.0,1.0,0.0,1.0,0.0,1.0,0.0,1.0,0.0,1.0,0.0,1.0,0.0,1.0,0.0
27225,27,大阪府,高石市,5,88.33890134322817,55043.41129447333,5.763943568827651,30.903284397295156,0.3833596229961162,33941.98989220387,0.5016666666666667,27429.96662841254,0.38793462872017703,33690.16597045982,0.5016666666666667,27429.96662841254,0.39014336406697114,33568.58964232559,0.5016666666666667,27429.96662841254,0.48912426777056073,28120.343049470248,0.5016666666666667,27429.96662841254,0.49063442664713874,28037.218753306763,0.5016666666666667,27429.96662841254,0.4911721335587026,28007.621530617675,0.5016666666666667,27429.96662841254,0.4922754062410938,27946.893638590867,0.5033333333333333,27338.227609588423,0.49280470303662094,27917.759337377815,0.505,27246.4885907643,0.4962808983524641,27726.41768886794,0.5083333333333333,27063.01055311605,0.49454075823227567,27822.200937213478,0.5083333333333333,27063.01055311605,0.5043057788411776,27284.700891538683,0.5216666666666666,26329.098402523072,0.5181374157468478,26523.360412464062,0.54,25319.969195457732,0.5800000000000001,23118.232743678796,0.5800000000000001,23118.232743678796,0.6616666666666667,18623.02082129681,0.6616666666666667,18623.02082129681,0.7400000000000001,14311.286936563065,0.7400000000000001,14311.286936563065,0.8533333333333333,8073.033656522755,0.8533333333333333,8073.033656522755
27226,27,大阪府,藤井寺市,2,58.89260089548545,36695.607529648885,5.466248638667114,0.9351313146576286,0.7669232055544853,8552.894573241254,1.0,0.0,0.7731086647510529,8325.915390173353,1.0,0.0,0.7777825546264648,8154.404161668436,1.0,0.0,0.9769230815768242,846.821541450584,1.0,0.0,0.9793666911125183,757.1518049730453,1.0,0.0,0.981223831474781,689.0029111119834,1.0,0.0,0.9801583287119865,728.1021823172465,1.0,0.0,0.9780891621112824,804.0315078101422,1.0,0.0,0.9756724131107332,892.7155806319718,1.0,0.0,0.9718563199043274,1032.7494392307924,1.0,0.0,0.966737916469574,1220.5723628509118,1.0,0.0,0.9607182577252388,1441.467397595455,1.0,0.0,1.0,0.0,1.0,0.0,1.0,0.0,1.0,0.0,1.0,0.0,1.0,0.0,1.0,0.0,1.0,0.0
27227,27,大阪府,東大阪市,34,667.4494768155017,415883.55200268736,5.866032484964599,1.1406322279676577,0.7560546852399906,101452.84399680632,0.956593137254902,18052.200259724494,0.7610720502395256,99366.20441910574,0.9563725490196079,18143.939278548616,0.7650517047240454,97711.13157634022,0.9563725490196079,18143.939278548616,0.9370704144385517,26171.379569352208,0.9568872549019609,17929.881567958997,0.946138189740333,22400.24096808514,0.9640196078431372,14963.653292645713,0.9473392478566546,21900.740652507706,0.9637254901960783,15085.971984411213,0.9491660645647962,21140.997631067887,0.9665196078431374,13923.944412638999,0.9529085041714066,19584.578554315183,0.9721323529411765,11589.696044780781,0.9586238075734355,17207.677874706395,0.9800980392156864,8276.89814279859,0.9664275490141968,13962.230165412004,0.9916666666666667,3465.6962666890645,0.9667778642519433,13816.539820017322,0.996642156862745,1396.4717309894172,0.9645694089286467,14735.000064309095,1.0,0.0,1.0,0.0,1.0,0.0,1.0,0.0,1.0,0.0,1.0,0.0,1.0,0.0,1.0,0.0,1.0,0.0
27228,27,大阪府,泉南市,6,157.04693572129455,97854.95341239704,5.5595998849666595,0.9887629185057663,0.7581707439699918,23664.190582571086,0.9939583333333333,591.2070101998992,0.7683915716720124,22664.03196395372,0.9939583333333333,591.2070101998992,0.7684230076645812,22660.955796365437,0.9889583333333334,1080.4817772618849,0.971009216091285,2836.8918087761645,0.9939583333333333,591.2070101998992,0.9735845760752757,2584.8800775226096,0.9939583333333333,591.2070101998992,0.9752955666184424,2417.4511776319764,0.9939583333333333,591.2070101998992,0.9743499609517554,2509.983376092137,0.9939583333333333,591.2070101998992,0.9722531763960917,2715.1641311024378,0.9939583333333333,591.2070101998992,0.9716875692084432,2770.511596099507,0.9959375000000001,397.53574823786323,0.9698054034262895,2954.6908410265573,0.9979166666666666,203.86448627582732,0.9667379164695741,3254.859634269098,1.0,0.0,0.9607182577252388,3843.9130602545465,1.0,0.0,1.0,0.0,1.0,0.0,1.0,0.0,1.0,0.0,1.0,0.0,1.0,0.0,1.0,0.0,1.0,0.0
27229,27,大阪府,四條畷市,2,49.077167412904544,30579.67294137407,5.588425166436881,0.9839383830800654,0.7625650253891945,7260.683868441889,0.9939999999999999,183.4780376482446,0.7687520502805709,7071.486670783455,0.9939999999999999,183.4780376482446,0.7734175806045532,6928.816279378015,0.9939999999999999,183.4780376482446,0.9710851517319679,884.2066031858774,0.9939999999999999,183.4780376482446,0.9734716427326202,811.2284889083978,0.9939999999999999,183.4780376482446,0.9753345943689344,754.2600371643057,0.9939999999999999,183.4780376482446,0.9742782052159309,786.5640719619747,0.9939999999999999,183.4780376482446,0.9722047944664955,849.9682945528376,0.9939999999999999,183.4780376482446,0.9698056654334067,923.3328757288456,0.9939999999999999,183.4780376482446,0.9718563199043273,860.624532692327,1.0,0.0,0.966737916469574,1017.1436357090931,1.0,0.0,0.9607182577252387,1201.2228313295457,1.0,0.0,1.0,0.0,1.0,0.0,1.0,0.0,1.0,0.0,1.0,0.0,1.0,0.0,1.0,0.0,1.0,0.0
27230,27,大阪府,交野市,8,163.59055804301514,101932.24313791357,5.373727197879713,0.9436748352829368,0.7622843474037945,24230.88969812421,0.9987000000000001,132.51191607928777,0.7681731620542707,23630.62961137778,0.9987000000000001,132.51191607928777,0.772836454140395,23155.289788631842,0.9987000000000001,132.51191607928777,0.9756230815768241,2484.7939756642436,0.9987000000000001,132.51191607928777,0.9780666911125183,2235.7113743377467,0.9987000000000001,132.51191607928777,0.9799238314747811,2046.4088913903497,0.9987000000000001,132.51191607928777,0.9788583287119864,2155.017978071639,0.9987000000000001,132.51191607928777,0.9780891621112825,2233.420855028173,1.0,0.0,0.975672413110733,2479.765501755477,1.0,0.0,0.9718563199043274,2868.7484423077567,1.0,0.0,0.9667379164695741,3390.478785696977,1.0,0.0,0.9607182577252387,4004.0761044318197,1.0,0.0,1.0,0.0,1.0,0.0,1.0,0.0,1.0,0.0,1.0,0.0,1.0,0.0,1.0,0.0,1.0,0.0
27231,27,大阪府,大阪狭山市,4,124.32882411269152,77468.50478481431,5.507875838733912,0.9351313146576284,0.7669232055544853,18056.110765731537,1.0,0.0,0.7731086647510529,17576.93249036597,1.0,0.0,0.7777825546264648,17214.85323018892,1.0,0.0,0.9769230815768241,1787.7343652845664,1.0,0.0,0.9793666911125183,1598.431588276429,1.0,0.0,0.981223831474781,1454.5617012364094,1.0,0.0,0.9801583287119864,1537.104607114187,1.0,0.0,0.9780891621112824,1697.3998498214114,1.0,0.0,0.975672413110733,1884.6217813341627,1.0,0.0,0.9718563199043274,2180.248816153895,1.0,0.0,0.966737916469574,2576.7638771297025,1.0,0.0,0.9607182577252387,3043.0978393681826,1.0,0.0,1.0,0.0,1.0,0.0,1.0,0.0,1.0,0.0,1.0,0.0,1.0,0.0,1.0,0.0,1.0,0.0
27232,27,大阪府,阪南市,7,127.60063527355183,79507.14964757259,5.908253819152384,1.0059059401426447,0.8000797285967284,15895.09093604323,0.9676923076923075,2568.692527075424,0.8076664184759824,15291.894848483666,0.9676923076923075,2568.692527075424,0.8071056314767935,15336.481424348593,0.9639743589743588,2864.296032175374,0.9520851203111501,3809.575509766816,0.9676923076923075,2568.692527075424,0.9536970209311216,3681.4178859577332,0.9676923076923075,2568.692527075424,0.955005306991247,3577.3997903935106,0.9676923076923075,2568.692527075424,0.9576891578466464,3364.0144588015046,0.9714102564102564,2273.0890219754747,0.9608662445881427,3111.413347802035,0.9764102564102564,1875.5532737376113,0.966155281540675,2690.8970953255143,0.9838461538461537,1284.346263537712,0.9707393502424925,2326.4308590553583,0.9912820512820513,693.1392533378129,0.966943972699153,2628.1905093626756,0.9912820512820513,693.1392533378129,0.9670725506162031,2617.9676456704046,0.9962820512820513,295.6035050999496,1.0,0.0,1.0,0.0,1.0,0.0,1.0,0.0,1.0,0.0,1.0,0.0,1.0,0.0,1.0,0.0
27321,27,大阪府,豊能町,1,29.446300447742725,18347.803764824443,5.089371158055149,0.9464836783707142,0.7634184080362318,4340.752623720983,0.995,91.7390188241223,0.769600537121296,4227.324132419416,0.995,91.7390188241223,0.7742715001106262,4141.622220098427,0.995,91.7390188241223,0.9719403731822968,514.8325265654245,0.995,91.7390188241223,0.9743831357359887,470.0131985862238,0.995,91.7390188241223,0.981223831474781,344.5014555559917,1.0,0.0,0.9801583287119865,364.05109115862325,1.0,0.0,0.9780891621112824,402.0157539050711,1.0,0.0,0.9756724131107332,446.3577903159859,1.0,0.0,0.9718563199043274,516.3747196153962,1.0,0.0,0.966737916469574,610.2861814254559,1.0,0.0,0.9607182577252388,720.7336987977275,1.0,0.0,1.0,0.0,1.0,0.0,1.0,0.0,1.0,0.0,1.0,0.0,1.0,0.0,1.0,0.0,1.0,0.0
27322,27,大阪府,能勢町,2,13.08724464344121,8154.579451033084,4.708818390211193,0.9436455874424429,0.7642946074157955,1922.0783508648417,0.99625,30.579672941374092,0.7704775690287351,1871.6588991494355,0.99625,30.579672941374092,0.7751492637395858,1833.5631934588328,0.99625,30.579672941374092,0.9731860502809287,218.65648338017388,0.99625,30.579672941374092,0.9756290245801211,198.73505536057706,0.99625,30.579672941374092,0.981223831474781,153.11175802488518,1.0,0.0,0.9801583287119865,161.8004849593881,1.0,0.0,0.9780891621112825,178.6736684022538,1.0,0.0,0.975672413110733,198.38124014043814,1.0,0.0,0.9718563199043275,229.49987538462048,1.0,0.0,0.9667379164695741,271.23830285575815,1.0,0.0,0.9607182577252389,320.3260883545455,1.0,0.0,1.0,0.0,1.0,0.0,1.0,0.0,1.0,0.0,1.0,0.0,1.0,0.0,1.0,0.0,1.0,0.0
27341,27,大阪府,忠岡町,2,29.446300447742725,18347.803764824443,5.766881220496069,54.91822891186922,0.07070595264434815,17050.504820700975,0.095,16604.76240716612,0.07125648438930511,17040.403772278198,0.095,16604.76240716612,0.0712382498383522,17040.73833624082,0.095,16604.76240716612,0.09170285791158676,16665.257723189072,0.095,16604.76240716612,0.09263345658779144,16648.183281294263,0.095,16604.76240716612,0.09295071631669999,16642.362262045765,0.095,16604.76240716612,0.09294925391674042,16642.389093873247,0.095,16604.76240716612,0.09784008979797362,16552.65299687842,0.1,16513.023388342,0.09690130770206451,16569.87758655209,0.1,16513.023388342,0.09643128991127015,16578.501380743564,0.1,16513.023388342,0.10018011152744294,16509.718737380692,0.105,16421.284369517878,0.13388503462076187,15891.307422555978,0.14,15779.11123774902,0.21,14494.76497421131,0.21,14494.76497421131,0.39,11192.16029654291,0.39,11192.16029654291,0.555,8164.772675346876,0.555,8164.772675346876,0.765,4311.733884733744,0.765,4311.733884733744
27361,27,大阪府,熊取町,8,134.14425759527242,83584.43937308913,5.323892040616226,0.9856039797019767,0.7579048436260023,20235.38792046095,0.9930487804878049,581.0137858861078,0.7678375985927698,19405.16416513341,0.9930487804878049,581.0137858861078,0.7723168772677097,19030.76616829274,0.9930487804878049,581.0137858861078,0.970293829302962,2482.973623633192,0.9930487804878049,581.0137858861078,0.9725977861881256,2290.398679047043,0.9930487804878049,581.0137858861078,0.9768691304762189,1933.38076135732,0.9953658536585365,387.3425239240719,0.9757980554569058,2022.9059663731216,0.9953658536585365,387.3425239240719,0.9737269188790787,2196.0207560959025,0.9953658536585365,387.3425239240719,0.971324799140779,2396.8005877287114,0.9953658536585365,387.3425239240719,0.9695392467335958,2546.044984654396,0.9976829268292682,193.67126196203594,0.9667379164695741,2780.192604271521,1.0,0.0,0.9607182577252387,3283.342405634092,1.0,0.0,1.0,0.0,1.0,0.0,1.0,0.0,1.0,0.0,1.0,0.0,1.0,0.0,1.0,0.0,1.0,0.0
27362,27,大阪府,田尻町,1,29.446300447742725,18347.803764824443,5.650677770070846,1.0701323076631981,0.7476310754167934,4630.4155045924535,0.985,275.2170564723669,0.7577345617581159,4445.038719861284,0.985,275.2170564723669,0.7577009885478765,4445.654714534512,0.98,366.9560752964892,0.9576077634189278,777.8044379415243,0.985,275.2170564723669,0.9599804967734963,734.2699919656488,0.985,275.2170564723669,0.9618316039536148,700.3062406771771,0.985,275.2170564723669,0.9656775143835694,629.7422308112779,0.99,183.4780376482446,0.9686099386308342,575.9386861672501,0.995,91.7390188241223,0.9662012708280237,620.1324503478714,0.995,91.7390188241223,0.9674069061968475,598.0116891887568,1.0,0.0,0.966737916469574,610.2861814254559,1.0,0.0,0.9607182577252388,720.7336987977275,1.0,0.0,1.0,0.0,1.0,0.0,1.0,0.0,1.0,0.0,1.0,0.0,1.0,0.0,1.0,0.0,1.0,0.0
27366,27,大阪府,岬町,6,140.687879916993,87661.72909860569,5.6420006940190595,1.083380494944979,0.7478455988691121,22104.29080295705,0.9774418604651163,1977.485516875525,0.754843621143075,21490.832070150904,0.9774418604651163,1977.485516875525,0.7584276762951253,21176.64759833741,0.9763953488372092,2069.2245356996473,0.9548080756428631,3961.6022304400235,0.9774418604651163,1977.485516875525,0.9570579109358235,3764.377778472057,0.9774418604651163,1977.485516875525,0.9590970829822296,3585.6204309545355,0.9774418604651163,1977.485516875525,0.9619825790302697,3332.672858076141,0.9813953488372092,1630.9158902066185,0.9611464538962344,3405.9690330685007,0.9827906976744185,1508.597198441122,0.969120291970497,2706.968599926336,0.9932558139534885,591.2070101998993,0.9681282509898032,2793.932627630641,0.996046511627907,346.56962666890644,0.966737916469574,2915.8117556994002,1.0,0.0,0.9607182577252387,3443.5054498113645,1.0,0.0,1.0,0.0,1.0,0.0,1.0,0.0,1.0,0.0,1.0,0.0,1.0,0.0,1.0,0.0,1.0,0.0
27381,27,大阪府,太子町,4,0.0,0.0,5.469727445605418,0.0,1.0,0.0,0.99875,0.0,1.0,0.0,0.99875,0.0,1.0,0.0,0.99875,0.0,1.0,0.0,0.99875,0.0,1.0,0.0,1.0,0.0,1.0,0.0,1.0,0.0,1.0,0.0,1.0,0.0,1.0,0.0,1.0,0.0,1.0,0.0,1.0,0.0,1.0,0.0,1.0,0.0,1.0,0.0,1.0,0.0,1.0,0.0,1.0,0.0,1.0,0.0,1.0,0.0,1.0,0.0,1.0,0.0,1.0,0.0,1.0,0.0,1.0,0.0,1.0,0.0
28101,28,兵庫県,神戸市東灘区,5,29.475931048056182,18366.26640467117,5.009986788718265,0.04250000000000004,0.995,91.83133202335593,0.995,91.83133202335593,0.995,91.83133202335593,0.995,91.83133202335593,0.995,91.83133202335593,0.995,91.83133202335593,0.995,91.83133202335593,0.995,91.83133202335593,0.995,91.83133202335593,0.995,91.83133202335593,0.995,91.83133202335593,0.995,91.83133202335593,0.995,91.83133202335593,0.995,91.83133202335593,0.995,91.83133202335593,0.995,91.83133202335593,0.995,91.83133202335593,0.995,91.83133202335593,1.0,0.0,1.0,0.0,1.0,0.0,1.0,0.0,1.0,0.0,1.0,0.0,1.0,0.0,1.0,0.0,1.0,0.0,1.0,0.0,1.0,0.0,1.0,0.0,1.0,0.0,1.0,0.0
28102,28,兵庫県,神戸市灘区,10,70.74223451533484,44079.039371210805,4.9184091438539745,0.9351313146576286,0.7669232055544852,10273.80119887945,1.0,0.0,0.7731086647510529,10001.15209942493,1.0,0.0,0.7777825546264647,9795.131523589944,1.0,0.0,0.9769230815768242,1017.2083957413874,1.0,0.0,0.9793666911125183,909.4964348096605,1.0,0.0,0.9812238314747809,827.6354716636183,1.0,0.0,0.9801583287119864,874.6018098949704,1.0,0.0,0.9780891621112824,965.8086859530013,1.0,0.0,0.9756724131107329,1072.3366602985498,1.0,0.0,0.9718563199043273,1240.5463829879138,1.0,0.0,0.9667379164695739,1466.1606895061518,1.0,0.0,0.9607182577252388,1731.5014642989559,1.0,0.0,1.0,0.0,1.0,0.0,1.0,0.0,1.0,0.0,1.0,0.0,1.0,0.0,1.0,0.0,1.0,0.0
28105,28,兵庫県,神戸市兵庫区,5,29.475931048056182,18366.26640467117,5.099054506497358,50.205,0.21,14509.350459690224,0.21,14509.350459690224,0.21,14509.350459690224,0.21,14509.350459690224,0.21,14509.350459690224,0.21,14509.350459690224,0.21,14509.350459690224,0.21,14509.350459690224,0.21,14509.350459690224,0.21,14509.350459690224,0.21,14509.350459690224,0.21,14509.350459690224,0.21,14509.350459690224,0.21,14509.350459690224,0.21,14509.350459690224,0.21,14509.350459690224,0.21,14509.350459690224,0.21,14509.350459690224,0.21,14509.350459690224,0.21,14509.350459690224,0.215,14417.519127666868,0.215,14417.519127666868,0.215,14417.519127666868,0.215,14417.519127666868,0.28,13223.71181136324,0.28,13223.71181136324,0.415,10744.265846732633,0.415,10744.265846732633,0.595,7438.337893891824,0.595,7438.337893891824,0.76,4407.90393712108,0.76,4407.90393712108
28106,28,兵庫県,神戸市長田区,2,26.528337943250566,16529.639764204054,5.0239419036730055,0.9511002093181014,0.7888579237461091,3490.1024595429217,0.995,82.64819882102034,0.7873971486091613,3514.2485463331723,0.995,82.64819882102034,0.7883616068959236,3498.30639828539,0.995,82.64819882102034,0.9719230815768242,464.10134722404064,0.995,82.64819882102034,0.9743666911125183,423.70936187464304,0.995,82.64819882102034,0.9762238314747811,393.01150069487534,0.995,82.64819882102034,0.9751583287119865,410.62387753163426,0.995,82.64819882102034,0.9730891621112824,444.8264560533958,0.995,82.64819882102034,0.975672413110733,402.12624761195616,1.0,0.0,0.9718563199043274,465.2048936204677,1.0,0.0,0.966737916469574,549.810258564807,1.0,0.0,0.9607182577252388,649.3130491121085,1.0,0.0,1.0,0.0,1.0,0.0,1.0,0.0,1.0,0.0,1.0,0.0,1.0,0.0,1.0,0.0,1.0,0.0
28107,28,兵庫県,神戸市須磨区,6,53.05667588650113,33059.27952840811,5.295255233259297,0.9481049142475966,0.787016121839406,7041.093563155493,0.995,165.2963976420407,0.7855539294530172,7089.43258998143,0.995,165.2963976420407,0.7865172045875807,7057.587408045132,0.995,165.2963976420407,0.969427049528167,1010.7197156565002,0.995,165.2963976420407,0.9743666911125183,847.4187237492861,0.995,165.2963976420407,0.9762238314747811,786.0230013897507,0.995,165.2963976420407,0.9776583287119864,738.5995562422481,0.9975,82.64819882102034,0.9755891621112823,807.0047132857712,0.9975,82.64819882102034,0.975672413110733,804.2524952239123,1.0,0.0,0.9718563199043274,930.4097872409354,1.0,0.0,0.966737916469574,1099.620517129614,1.0,0.0,0.9607182577252388,1298.626098224217,1.0,0.0,1.0,0.0,1.0,0.0,1.0,0.0,1.0,0.0,1.0,0.0,1.0,0.0,1.0,0.0,1.0,0.0
28108,28,兵庫県,神戸市垂水区,1,29.475931048056182,18366.26640467117,5.330394089305007,0.1875000000000002,0.995,91.83133202335593,0.995,91.83133202335593,0.995,91.83133202335593,0.995,91.83133202335593,0.995,91.83133202335593,0.995,91.83133202335593,0.995,91.83133202335593,0.995,91.83133202335593,0.995,91.83133202335593,0.995,91.83133202335593,0.995,91.83133202335593,0.995,91.83133202335593,0.995,91.83133202335593,0.995,91.83133202335593,0.995,91.83133202335593,0.995,91.83133202335593,0.995,91.83133202335593,0.995,91.83133202335593,0.995,91.83133202335593,0.995,91.83133202335593,0.995,91.83133202335593,0.995,91.83133202335593,0.995,91.83133202335593,0.995,91.83133202335593,0.995,91.83133202335593,0.995,91.83133202335593,1.0,0.0,1.0,0.0,1.0,0.0,1.0,0.0,1.0,0.0,1.0,0.0
28109,28,兵庫県,神戸市北区,18,135.58928282105845,84484.82546148739,5.119488074938005,0.9404543914062822,0.766224825790395,19750.45479032729,0.9990217391304348,82.64819882102033,0.7724085960699165,19228.02003756798,0.9990217391304348,82.64819882102033,0.7770792587231033,18833.41991852399,0.9990217391304348,82.64819882102033,0.9760353853974655,2024.6462819469543,0.9990217391304348,82.64819882102033,0.9784483683627585,1820.7858372826222,0.9990217391304348,82.64819882102033,0.9803054603675138,1663.8897433949512,0.9990217391304348,82.64819882102033,0.9792400805587352,1753.8981705897825,0.9990217391304348,82.64819882102033,0.9771716207784156,1928.6516341042072,0.9990217391304348,82.64819882102033,0.975672413110733,2055.311932238887,1.0,0.0,0.9718563199043274,2377.7139007268347,1.0,0.0,0.9667379164695739,2810.141321553458,1.0,0.0,0.9607182577252386,3318.7111399063324,1.0,0.0,1.0,0.0,1.0,0.0,1.0,0.0,1.0,0.0,1.0,0.0,1.0,0.0,1.0,0.0,1.0,0.0
28110,28,兵庫県,神戸市中央区,10,53.05667588650113,33059.27952840811,4.865925659707864,0.9455246710404754,0.7650979942083358,7765.691071250363,0.9975,82.64819882102034,0.7712742386758327,7561.5088789636,0.9975,82.64819882102034,0.7759447404742241,7407.10545447265,0.9975,82.64819882102034,0.9745231409370898,842.2466052666019,0.9975,82.64819882102034,0.9769635403156279,761.5687600505565,0.9975,82.64819882102034,0.9788103336095809,700.515104314577,0.9975,82.64819882102034,0.9777575147151946,735.3205384368832,0.9975,82.64819882102034,0.9780891621112824,724.356514464751,1.0,0.0,0.975672413110733,804.2524952239123,1.0,0.0,0.9718563199043274,930.4097872409354,1.0,0.0,0.966737916469574,1099.620517129614,1.0,0.0,0.9607182577252388,1298.626098224217,1.0,0.0,1.0,0.0,1.0,0.0,1.0,0.0,1.0,0.0,1.0,0.0,1.0,0.0,1.0,0.0,1.0,0.0
28111,28,兵庫県,神戸市西区,13,150.32724834508653,93667.95866382297,5.386833461938388,0.5985242142820476,0.8404158811066664,14947.918651903372,0.9763725490196079,2213.135101762876,0.8485471044802197,14186.283557063069,0.9822549019607845,1662.1471096227401,0.8536350974323704,13709.701643539216,0.9851960784313726,1386.6531135526745,0.9821337888170691,1673.491530561902,0.9959803921568627,376.5084612957593,0.9835945147217487,1536.6683169031833,0.9959803921568627,376.5084612957593,0.9846241324672511,1440.2261244779336,0.9959803921568627,376.5084612957593,0.9841195216599632,1487.491988716297,0.9959803921568627,376.5084612957593,0.9828632362858921,1605.16567520475,0.9959803921568627,376.5084612957593,0.9852126432633866,1385.1015195522934,1.0,0.0,0.982893057196748,1602.372411359389,1.0,0.0,0.979781870795231,1893.790890612113,1.0,0.0,0.9761228625388707,2236.5227247194844,1.0,0.0,1.0,0.0,1.0,0.0,1.0,0.0,1.0,0.0,1.0,0.0,1.0,0.0,1.0,0.0,1.0,0.0
28201,28,兵庫県,姫路市,76,922.5966418041584,574864.1384662077,5.4082618273029155,1.1407302031976376,0.7530385390570872,141969.28747930363,0.9879233226837062,6942.44870096571,0.7587452003189333,138688.73256949396,0.9879233226837062,6942.44870096571,0.7631679892921764,136146.22979677265,0.9879233226837062,6942.44870096571,0.9531371934914107,26939.74688966876,0.9880670926517573,6859.800502144689,0.9554420189794746,25614.785371158014,0.9880670926517573,6859.800502144689,0.9585965939577129,23801.333344066035,0.9886102236421727,6547.573973265278,0.9585190708351327,23845.898607139374,0.9895047923322685,6033.318513934485,0.9607685151827654,22552.77372020982,0.9907188498402557,5335.40039055698,0.9647563061194938,20260.33571898413,0.994153354632588,3361.0267520548273,0.9696948718167725,17421.3314041592,0.9968690095846646,1799.8941076577762,0.9664774040187512,19270.938257911486,0.9986421725239618,780.5663221985254,0.9609989765124582,22420.289766466176,0.9989936102236422,578.5373917471424,0.9989936102236422,578.5373917471424,0.9989936102236422,578.5373917471424,0.9989936102236422,578.5373917471424,0.9989936102236422,578.5373917471424,0.9994249201277955,330.5927952840814,0.9994249201277955,330.5927952840814,0.9994249201277955,330.5927952840814,0.9994249201277955,330.5927952840814
28202,28,兵庫県,尼崎市,43,869.5399659176574,541804.8589377995,5.73052067442157,9.70971391891587,0.6614887133978181,183407.0598863482,0.8518983050847458,80242.21792200835,0.6665370749881712,180671.8330470199,0.8518983050847458,80242.21792200835,0.6703661756707452,178597.20769183937,0.8518983050847458,80242.21792200835,0.833231834020655,90355.80264375453,0.8520508474576272,80159.56972318733,0.8352158714260085,89280.84153721968,0.8520508474576272,80159.56972318733,0.8388614669129001,87305.64018870014,0.854135593220339,79030.04433930005,0.8424434185321048,85364.92139693488,0.8586440677966102,76587.33090747878,0.8410468308865015,86121.59936925532,0.8589661016949153,76412.85137663441,0.8422827467463785,85451.97415113563,0.8624406779661017,74530.3090701556,0.841830935663086,85696.76759138546,0.8652372881355932,73015.09209177022,0.8383120362930379,87603.32436819068,0.8660338983050848,72583.48483126046,0.838015252222449,87764.12341969101,0.8708983050847457,69947.92560219015,0.8775593220338983,66338.95425367226,0.8775593220338983,66338.95425367226,0.8945762711864407,57119.08851852734,0.8945762711864407,57119.08851852734,0.920271186440678,43197.45858378659,0.920271186440678,43197.45858378659,0.9576101694915254,22967.0161390413,0.9576101694915254,22967.0161390413
28203,28,兵庫県,明石市,17,285.916531166145,178152.78412531034,5.505643645049603,0.7829695227031643,0.843463519073065,27887.409894312004,0.9894329896907216,1882.5423064787967,0.8454049696806955,27541.535063320858,0.9894329896907216,1882.5423064787967,0.8473414714430931,27196.541882886144,0.9894329896907216,1882.5423064787967,0.9563900466961276,7769.234596659643,0.9894329896907216,1882.5423064787967,0.9592606425658557,7257.829950368941,0.9894329896907216,1882.5423064787967,0.9616853489378917,6825.861759504392,0.9894329896907216,1882.5423064787967,0.9619979221904146,6770.175964324311,0.9903608247422679,1717.245908836756,0.9639933550395894,6414.6840467087295,0.9922164948453608,1386.6531135526745,0.9724304780432955,4911.58709359077,0.9950515463917525,881.5807874242171,0.9757386909405037,4322.2197554739,0.9964948453608247,624.4530577588203,0.9779806445816054,3922.809472431736,0.9989690721649485,183.66266404671185,0.9764014504158618,4204.1473097333765,0.9994845360824742,91.83133202335593,1.0,0.0,1.0,0.0,1.0,0.0,1.0,0.0,1.0,0.0,1.0,0.0,1.0,0.0,1.0,0.0
28204,28,兵庫県,西宮市,19,415.61062777759213,258964.35630586348,5.403185408104627,7.627500061399125,0.707756284883259,75680.70556964097,0.880177304964539,31029.80709069194,0.7122356324098635,74520.7142207436,0.880177304964539,31029.80709069194,0.7157374797793146,73613.86057083233,0.880177304964539,31029.80709069194,0.8641188502692162,35188.37447413309,0.8811347517730498,30781.86249422888,0.8660560181969446,34686.71702867252,0.8813475177304964,30726.763695014866,0.8667205694698271,34514.62193605823,0.8806028368794325,30919.609492263913,0.8672880985233801,34367.652140020065,0.881985815602837,30561.46729737283,0.8657717764039411,34760.32552163289,0.881985815602837,30561.46729737283,0.8646247406758314,35057.36689062263,0.8826595744680852,30386.987766528455,0.8638257264942988,35264.28308382251,0.8848226950354611,29826.816641185982,0.862686730566177,35559.242431183586,0.887482269503546,29138.081651010812,0.8608667242822918,36030.55918696254,0.890177304964539,28440.163527633304,0.8986170212765957,26254.577825477434,0.8986170212765957,26254.577825477434,0.9242198581560284,19624.355653391147,0.9242198581560284,19624.355653391147,0.9454255319148935,14132.841998394466,0.9454255319148935,14132.841998394466,0.9703546099290782,7677.099357152548,0.9703546099290782,7677.099357152548
28205,28,兵庫県,洲本市,2,26.528337943250566,16529.639764204054,5.914220038825684,3.0401874091417267,0.5941527102678082,6708.509498551681,0.9800000000000001,330.5927952840814,0.5924692706740461,6736.336148601367,0.9800000000000001,330.5927952840814,0.5968000400683376,6664.750090611888,0.9800000000000001,330.5927952840814,0.7442481129479711,4227.486561985441,0.9800000000000001,330.5927952840814,0.7465781412107754,4188.972034160872,0.9800000000000001,330.5927952840814,0.7544814758669237,4058.3327593587924,0.9800000000000001,330.5927952840814,0.7726534263740177,3757.956963663582,0.985,247.94459646306103,0.7886002405072213,3494.361870655008,0.99,165.2963976420407,0.8526103075352148,2436.2985213997194,0.99,165.2963976420407,0.8936243263445794,1758.3515651986331,0.99,165.2963976420407,0.928417410638649,1183.2344155320773,0.995,82.64819882102034,0.9541650013625622,757.6360160696303,1.0,0.0,1.0,0.0,1.0,0.0,1.0,0.0,1.0,0.0,1.0,0.0,1.0,0.0,1.0,0.0,1.0,0.0
28206,28,兵庫県,芦屋市,3,82.53260693455732,51425.54593307928,5.218673166553759,0.6011558451370469,0.8501649178564548,7705.350899159587,1.0,0.0,0.8541412844828196,7500.864074568698,1.0,0.0,0.857145927974156,7346.348642692458,1.0,0.0,0.9851648381565298,762.9062968060406,1.0,0.0,0.9867357300009045,682.1223261072454,1.0,0.0,0.9879296059480734,620.7266037477137,1.0,0.0,0.987244639886277,655.9513574212278,1.0,0.0,0.985914461357253,724.356514464751,1.0,0.0,0.9843608369997568,804.2524952239123,1.0,0.0,0.9819076342242105,930.4097872409354,1.0,0.0,0.9786172320161547,1099.620517129614,1.0,0.0,0.9747474513947963,1298.626098224217,1.0,0.0,1.0,0.0,1.0,0.0,1.0,0.0,1.0,0.0,1.0,0.0,1.0,0.0,1.0,0.0,1.0,0.0
28207,28,兵庫県,伊丹市,17,229.91226217483822,143256.8779564351,5.435183892946138,0.9786760964297139,0.7604809805063101,34312.746943852544,0.9913461538461539,1239.722982315305,0.7665287264417379,33446.36574246943,0.9913461538461539,1239.722982315305,0.7711797820642973,32780.070034779856,0.9913461538461539,1239.722982315305,0.9683252393626249,4537.627318927732,0.9913461538461539,1239.722982315305,0.9707671826160871,4187.802152289969,0.9913461538461539,1239.722982315305,0.9726192595943428,3922.479386650081,0.9913461538461539,1239.722982315305,0.9765550929498978,3358.6441879764616,0.9963461538461538,523.4385925331288,0.9744875087111424,3654.839850932481,0.9963461538461538,523.4385925331288,0.9732882925294912,3826.635817110662,0.9975641025641026,348.9590616887525,0.9718563199043274,4031.77574471072,1.0,0.0,0.966737916469574,4765.022240894993,1.0,0.0,0.9607182577252389,5627.379758971607,1.0,0.0,1.0,0.0,1.0,0.0,1.0,0.0,1.0,0.0,1.0,0.0,1.0,0.0,1.0,0.0,1.0,0.0
28208,28,兵庫県,相生市,15,85.48020003936294,53262.17257354639,4.828490255960631,0.9351313146576284,0.7669232055544852,12414.176448646,1.0,0.0,0.7731086647510528,12084.72545347179,1.0,0.0,0.7777825546264647,11835.783924337848,1.0,0.0,0.976923081576824,1229.126811520843,1.0,0.0,0.9793666911125182,1098.9748587283398,1.0,0.0,0.9812238314747809,1000.0595282602053,1.0,0.0,0.9801583287119863,1056.810520289756,1.0,0.0,0.9780891621112823,1167.0188288598765,1.0,0.0,0.9756724131107329,1295.740131194081,1.0,0.0,0.9718563199043273,1498.9935461103958,1.0,0.0,0.9667379164695736,1771.6108331532669,1.0,0.0,0.9607182577252387,2092.230936027905,1.0,0.0,1.0,0.0,1.0,0.0,1.0,0.0,1.0,0.0,1.0,0.0,1.0,0.0,1.0,0.0,1.0,0.0
28209,28,兵庫県,豊岡市,26,277.0737518517281,172642.904203909,4.7401909094928545,1.1156182940066495,0.7808566415087974,37833.54584691958,0.9974999999999999,431.60726050977286,0.7824156727404037,37564.39016735047,0.9974999999999999,431.60726050977286,0.7767398603640973,38544.27889971251,0.9974999999999999,431.60726050977286,0.9342319563221424,11354.386064354872,0.9974999999999999,431.60726050977286,0.9579406137669341,7261.254588310419,0.9974999999999999,431.60726050977286,0.969844171220952,5206.18985909068,0.9974999999999999,431.60726050977286,0.9689215428334601,5365.475103408232,0.9974999999999999,431.60726050977286,0.9717040982905857,4885.08664818168,0.9974999999999999,431.60726050977286,0.9647393559204772,6087.4999979892,0.9989893617021276,174.47953084437626,0.9660700447635449,5857.766011530264,0.9989893617021276,174.47953084437626,0.9598746641899679,6927.354506401079,0.9989893617021276,174.47953084437626,0.9590690772457325,7066.433376042595,0.9989893617021276,174.47953084437626,1.0,0.0,1.0,0.0,1.0,0.0,1.0,0.0,1.0,0.0,1.0,0.0,1.0,0.0,1.0,0.0
28210,28,兵庫県,加古川市,24,318.34005531900675,198355.67717044865,5.557095231817733,1.361287737823283,0.7194271633367559,55653.21501197148,0.9792592592592595,4114.043674646346,0.7248059955244579,54586.293110993654,0.9792592592592595,4114.043674646346,0.7295353514945493,53648.19850496605,0.9792592592592595,4114.043674646346,0.919913450243363,15885.621809222583,0.9792592592592595,4114.043674646346,0.922806970910422,15311.67555790142,0.9792592592592595,4114.043674646346,0.926504706398111,14578.208731243656,0.9801388888888889,3939.5641438019697,0.9284387199388847,14194.586165706653,0.9824537037037037,3480.4074836851896,0.9331755906350091,13255.000971108075,0.9842129629629629,3131.448421996437,0.953185331170301,9285.955337225296,0.9906944444444447,1845.8097736694544,0.9614396760311812,7648.659172746946,0.9941666666666669,1157.0747834942847,0.9632016975515917,7299.15220087701,0.9991203703703705,174.47953084437626,0.9607182577252389,7791.756589345302,1.0,0.0,0.9996000123179207,79.33982753867222,1.0,0.0,1.0,0.0,1.0,0.0,1.0,0.0,1.0,0.0,1.0,0.0,1.0,0.0
28212,28,兵庫県,赤穂市,19,168.01280697392025,104687.71850662568,5.375750932700923,1.1640499035842928,0.7666239494805862,24431.606282964447,0.9509649122807017,5133.371460105591,0.7720488036399413,23863.69067779038,0.9509649122807017,5133.371460105591,0.7764755307074244,23400.266720644046,0.9509649122807017,5133.371460105591,0.9339504579925223,6914.5758611703695,0.952017543859649,5023.173861677564,0.9355660972744224,6745.438270818543,0.952017543859649,5023.173861677564,0.9360920195046225,6690.380672427013,0.9528947368421051,4931.342529654208,0.950070733762624,5226.980969100791,0.9678947368421054,3361.026752054827,0.9493980186909697,5297.40597515728,0.9689473684210527,3250.8291536268,0.9609159303142835,4091.622085351616,0.9829824561403508,1781.5278412531047,0.9683836297573228,3309.845668166649,0.993859649122807,642.8193241634915,0.9668883552964319,3466.382540018535,0.9958771929824561,431.6072605097728,0.9660069970348686,3558.649925608565,1.0,0.0,0.9976723662822652,243.67466342872663,1.0,0.0,1.0,0.0,1.0,0.0,1.0,0.0,1.0,0.0,1.0,0.0,1.0,0.0
28213,28,兵庫県,西脇市,6,53.05667588650113,33059.27952840811,4.797673346008768,1.0177351871152311,0.7612665181951889,7892.356907775382,0.9949999999999999,165.2963976420407,0.769685956016183,7614.016359379088,1.0,0.0,0.7710515667498111,7568.8702524090795,1.0,0.0,0.9570048931705241,1421.3872550294097,0.9874999999999999,413.2409941051017,0.9643765241767687,1177.686445013691,0.99,330.5927952840814,0.9687594415769126,1032.790353532408,0.9924999999999999,247.94459646306103,0.9676939388141182,1068.015107205922,0.9924999999999999,247.94459646306103,0.9681249921033305,1053.7647960262136,0.9949999999999999,165.2963976420407,0.975672413110733,804.2524952239123,1.0,0.0,0.9693668496608735,1012.7098798969345,0.9975,82.64819882102034,0.966737916469574,1099.620517129614,1.0,0.0,0.9607182577252388,1298.626098224217,1.0,0.0,1.0,0.0,1.0,0.0,1.0,0.0,1.0,0.0,1.0,0.0,1.0,0.0,1.0,0.0,1.0,0.0
28214,28,兵庫県,宝塚市,12,197.48873802197642,123053.98491129684,5.089649177333167,0.9426236363806165,0.766194455556905,28770.70393807814,0.9991044776119403,110.19759842802712,0.7723732065086935,28010.38401168612,0.9991044776119403,110.19759842802712,0.777043714879164,27435.65934513814,0.9991044776119403,110.19759842802712,0.9760275591887646,2949.9043698727337,0.9991044776119403,110.19759842802712,0.9784711687244586,2649.2084789383293,0.9991044776119403,110.19759842802712,0.9803283090867213,2420.6799568222923,0.9991044776119403,110.19759842802712,0.9792628063239267,2551.794317718153,0.9991044776119403,110.19759842802712,0.9771936397232226,2806.4135133801556,0.9991044776119403,110.19759842802712,0.9747768907226733,3103.804108428145,0.9991044776119403,110.19759842802712,0.9718563199043275,3463.1919858412593,1.0,0.0,0.9667379164695739,4093.031924871341,1.0,0.0,0.9607182577252388,4833.774921167918,1.0,0.0,1.0,0.0,1.0,0.0,1.0,0.0,1.0,0.0,1.0,0.0,1.0,0.0,1.0,0.0,1.0,0.0
28215,28,兵庫県,三木市,9,56.004268991306745,34895.906168875226,5.249839511136058,0.9353510143451002,0.7651656080547133,8194.758906547595,0.9976315789473684,82.64819882102034,0.773108664751053,7917.57874537807,1.0,0.0,0.777782554626465,7754.479122842038,1.0,0.0,0.9769230815768243,805.2899799619317,1.0,0.0,0.9793666911125184,720.0180108909813,1.0,0.0,0.981223831474781,655.2114150670311,1.0,0.0,0.9801583287119866,692.3930995001849,1.0,0.0,0.9780891621112825,764.598543046126,1.0,0.0,0.975672413110733,848.9331894030186,1.0,0.0,0.9718563199043274,982.0992198654318,1.0,0.0,0.966737916469574,1160.7105458590368,1.0,0.0,0.9607182577252389,1370.7719925700067,1.0,0.0,1.0,0.0,1.0,0.0,1.0,0.0,1.0,0.0,1.0,0.0,1.0,0.0,1.0,0.0,1.0,0.0
28216,28,兵庫県,高砂市,18,176.85558628833707,110197.59842802703,5.746340354059097,1.340228410583078,0.7187783680151625,30989.94847073953,0.9695833333333336,3351.8436188524865,0.7243174055283891,30379.559839179215,0.9695833333333336,3351.8436188524865,0.7285888302043702,29908.85909801988,0.9695833333333336,3351.8436188524865,0.918971714406135,8929.122477184243,0.9695833333333336,3351.8436188524865,0.9213857202530503,8663.104830262957,0.9695833333333336,3351.8436188524865,0.9248997249872836,8275.869947685742,0.9714166666666669,3149.814688401104,0.9257659694076928,8180.411892904969,0.9732500000000002,2947.7857579497254,0.93678809781403,6965.799812961259,0.9800833333333335,2194.7688353582066,0.9532850372454539,5147.876706205758,0.9871666666666669,1414.2025131596813,0.968092665647033,3516.111617937065,0.9963333333333335,404.0578609027661,0.9647071469570827,3889.18764700279,0.9981666666666669,202.02893045138305,0.9589669440488021,4521.744221984878,0.9981666666666669,202.02893045138305,1.0,0.0,1.0,0.0,1.0,0.0,1.0,0.0,1.0,0.0,1.0,0.0,1.0,0.0,1.0,0.0
28217,28,兵庫県,川西市,5,79.5850138297517,49588.919292612154,5.146096129393388,0.9715625094001492,0.7633915927343897,11733.15521184785,0.9955555555555553,220.3951968560542,0.7695581303040185,11427.363277992667,0.9955555555555553,220.3951968560542,0.7742260913054148,11195.884136633369,0.9955555555555553,220.3951968560542,0.9726120708717241,1358.1378071338588,0.9955555555555553,220.3951968560542,0.975018281671736,1238.8164139710545,0.9955555555555553,220.3951968560542,0.9768694209390214,1147.0204182462408,0.9955555555555553,220.3951968560542,0.9758041338456999,1199.8468539404234,0.9955555555555553,220.3951968560542,0.9737088247471386,1303.7509677220664,0.9955555555555553,220.3951968560542,0.9713093503647378,1422.7383092156178,0.9955555555555553,220.3951968560542,0.9718563199043272,1395.614680861403,1.0,0.0,0.9667379164695737,1649.430775694421,1.0,0.0,0.9607182577252388,1947.9391473363253,1.0,0.0,1.0,0.0,1.0,0.0,1.0,0.0,1.0,0.0,1.0,0.0,1.0,0.0,1.0,0.0,1.0,0.0
28218,28,兵庫県,小野市,7,29.475931048056182,18366.26640467117,5.173896842759831,0.9351313146576287,0.7669232055544853,4280.750499533104,1.0,0.0,0.773108664751053,4167.146708093721,1.0,0.0,0.7777825546264648,4081.3048014958094,1.0,0.0,0.9769230815768242,423.8368315589114,1.0,0.0,0.9793666911125183,378.9568478373585,1.0,0.0,0.981223831474781,344.84811319317424,1.0,0.0,0.9801583287119865,364.417420789571,1.0,0.0,0.9780891621112824,402.4202858137505,1.0,0.0,0.975672413110733,446.80694179106234,1.0,0.0,0.9718563199043274,516.8943262449641,1.0,0.0,0.966737916469574,610.9002872942299,1.0,0.0,0.9607182577252388,721.4589434578983,1.0,0.0,1.0,0.0,1.0,0.0,1.0,0.0,1.0,0.0,1.0,0.0,1.0,0.0,1.0,0.0,1.0,0.0
28219,28,兵庫県,三田市,15,224.01707596522698,139583.6246755009,5.101689759085626,0.9376694664172831,0.7664845094829797,32594.93858424324,0.9994078947368421,82.64819882102034,0.7726694298378731,31731.624982777943,0.9994078947368421,82.64819882102034,0.7773410702575193,31079.540479823136,0.9994078947368421,82.64819882102034,0.9763475701173671,3301.4918954010564,0.9994078947368421,82.64819882102034,0.9787745858493604,2962.7202423849453,0.9994078947368421,82.64819882102034,0.9806317262116232,2703.4938590891434,0.9994078947368421,82.64819882102034,0.9795662234488285,2852.22059682176,0.9994078947368421,82.64819882102034,0.9780891621112824,3058.394172184504,1.0,0.0,0.975672413110733,3395.732757612075,1.0,0.0,0.9718563199043275,3928.396879461728,1.0,0.0,0.966737916469574,4642.842183436148,1.0,0.0,0.9607182577252388,5483.087970280027,1.0,0.0,1.0,0.0,1.0,0.0,1.0,0.0,1.0,0.0,1.0,0.0,1.0,0.0,1.0,0.0,1.0,0.0
28220,28,兵庫県,加西市,3,26.528337943250566,16529.639764204054,5.181839834757738,0.9538318468338183,0.7669232055544852,3852.6754495797936,1.0,0.0,0.7731086647510529,3750.432037284349,1.0,0.0,0.7777825546264648,3673.174321346229,1.0,0.0,0.9719840885578015,463.09292380538375,1.0,0.0,0.9743679286418774,423.6889059601395,1.0,0.0,0.9762250690041401,392.99104478037367,1.0,0.0,0.9751595662413456,410.6034216171307,1.0,0.0,0.9780891621112824,362.1782572323755,1.0,0.0,0.975672413110733,402.12624761195616,1.0,0.0,0.9718563199043274,465.2048936204677,1.0,0.0,0.966737916469574,549.810258564807,1.0,0.0,0.9607182577252388,649.3130491121085,1.0,0.0,1.0,0.0,1.0,0.0,1.0,0.0,1.0,0.0,1.0,0.0,1.0,0.0,1.0,0.0,1.0,0.0
28221,28,兵庫県,丹波篠山市,6,85.48020003936293,53262.1725735464,4.782380371351269,0.9351313146576286,0.7669232055544855,12414.176448646002,1.0,0.0,0.7731086647510529,12084.72545347179,1.0,0.0,0.777782554626465,11835.783924337848,1.0,0.0,0.9769230815768242,1229.1268115208431,1.0,0.0,0.9793666911125185,1098.9748587283398,1.0,0.0,0.981223831474781,1000.0595282602053,1.0,0.0,0.9801583287119866,1056.810520289756,1.0,0.0,0.9780891621112826,1167.0188288598765,1.0,0.0,0.975672413110733,1295.740131194081,1.0,0.0,0.9718563199043275,1498.993546110396,1.0,0.0,0.966737916469574,1771.6108331532666,1.0,0.0,0.960718257725239,2092.230936027905,1.0,0.0,1.0,0.0,1.0,0.0,1.0,0.0,1.0,0.0,1.0,0.0,1.0,0.0,1.0,0.0,1.0,0.0
28222,28,兵庫県,養父市,7,88.42779314416855,55098.7992140135,4.647226827524926,1.018057674886659,0.7520076903700829,13664.078474918275,1.0,0.0,0.7594911506026983,13251.748802135337,1.0,0.0,0.758986238092184,13279.56887517281,1.0,0.0,0.9344795017316936,3610.1007784875287,1.0,0.0,0.9618252794444562,2103.3812629409895,1.0,0.0,0.97768469363451,1229.5465848313283,1.0,0.0,0.9766191908717157,1288.2545076205186,1.0,0.0,0.9745500242710113,1402.263102693063,1.0,0.0,0.972133275270462,1535.4230706249987,1.0,0.0,0.9718563199043274,1550.6829787348922,1.0,0.0,0.966737916469574,1832.7008618826897,1.0,0.0,0.9607182577252389,2164.3768303736947,1.0,0.0,1.0,0.0,1.0,0.0,1.0,0.0,1.0,0.0,1.0,0.0,1.0,0.0,1.0,0.0,1.0,0.0
28223,28,兵庫県,丹波市,17,194.5411449171708,121217.35827082973,4.847910862716811,0.8506145092206306,0.7989907151770999,24365.814494140723,0.9984848484848484,183.66266404671185,0.8042252829936103,23731.29401173383,0.9984848484848484,183.66266404671185,0.8081600077664586,23254.33706924639,0.9984848484848484,183.66266404671185,0.9731620285412138,3253.22800158198,0.9984848484848484,183.66266404671185,0.9752347910540132,3001.9732054576216,0.9984848484848484,183.66266404671185,0.9803577466108564,2380.982066318256,0.9984848484848484,183.66266404671185,0.9794536836606064,2490.5701888580775,0.9984848484848484,183.66266404671185,0.977698027150918,2703.3862329934886,0.9984848484848484,183.66266404671185,0.9756535094730762,2951.217264839481,0.9984848484848484,183.66266404671185,0.9739247064904714,3160.7781953615727,1.0,0.0,0.9695818187276504,3687.2115772374555,1.0,0.0,0.9666700368577783,4040.17008336423,1.0,0.0,1.0,0.0,1.0,0.0,1.0,0.0,1.0,0.0,1.0,0.0,1.0,0.0,1.0,0.0,1.0,0.0
28224,28,兵庫県,南あわじ市,10,67.79464141052922,42242.412730743694,5.795167308032762,2.932898392794585,0.6009392968207882,16857.286928317073,0.9758695652173912,1019.3277854592509,0.599270477477036,16927.7818838089,0.9758695652173912,1019.3277854592509,0.6036121980051774,16744.377133297607,0.9758695652173912,1019.3277854592509,0.752814011869575,10441.732531862122,0.9758695652173912,1019.3277854592509,0.7552032794460336,10340.804104773179,0.9758695652173912,1019.3277854592509,0.7630946980199509,10007.451544342706,0.9758695652173912,1019.3277854592509,0.7773842625463832,9403.825861874559,0.9758695652173912,1019.3277854592509,0.7947984347150171,8668.209213762897,0.984782608695652,642.8193241634915,0.8589151830161268,5959.763069074206,0.9939130434782608,257.1277296653966,0.9000257237991014,4223.154637735723,0.9939130434782608,257.1277296653966,0.9332042906830674,2821.6119216086463,0.9969565217391304,128.5638648326983,0.9541650013625621,1936.1809299557217,1.0,0.0,1.0,0.0,1.0,0.0,1.0,0.0,1.0,0.0,1.0,0.0,1.0,0.0,1.0,0.0,1.0,0.0
28225,28,兵庫県,朝来市,10,79.5850138297517,49588.91929261216,4.598232369911011,1.0340345176526657,0.7507400760054589,12360.530253847945,0.9983333333333333,82.64819882102034,0.7594911506026983,11926.573921921805,1.0,0.0,0.7589862380921839,11951.611987655531,1.0,0.0,0.9311660915488996,3413.3991307766637,0.9966666666666665,165.2963976420407,0.9601586127777892,1975.6913354679114,0.9983333333333333,82.64819882102034,0.9743513603011765,1271.8883239902364,0.9966666666666665,165.2963976420407,0.9732858575383821,1324.7254545005076,0.9966666666666665,165.2963976420407,0.9712166909376779,1427.3331900657977,0.9966666666666665,165.2963976420407,0.972133275270462,1381.8807635624992,1.0,0.0,0.9718563199043274,1395.614680861403,1.0,0.0,0.966737916469574,1649.4307756944208,1.0,0.0,0.9607182577252388,1947.9391473363255,1.0,0.0,1.0,0.0,1.0,0.0,1.0,0.0,1.0,0.0,1.0,0.0,1.0,0.0,1.0,0.0,1.0,0.0
28226,28,兵庫県,淡路市,11,135.58928282105845,84484.82546148739,5.339035727736565,2.32691365790525,0.6863642292685868,26497.463348722522,1.0,0.0,0.6850177132076605,26611.223523110973,1.0,0.0,0.6883965070558328,26325.76671457779,1.0,0.0,0.8046990516873485,16499.96653065734,1.0,0.0,0.8065693861185433,16341.951652683221,1.0,0.0,0.8127546335829221,15819.39210021907,1.0,0.0,0.8230987473315328,14945.471455613946,1.0,0.0,0.8345599906021759,13977.170318322,1.0,0.0,0.8847134325759355,9739.9655268761,1.0,0.0,0.9207927668699489,6691.809266279711,1.0,0.0,0.9477289701441465,4416.108834063977,1.0,0.0,0.9641291315011357,3030.544064278521,1.0,0.0,1.0,0.0,1.0,0.0,1.0,0.0,1.0,0.0,1.0,0.0,1.0,0.0,1.0,0.0,1.0,0.0
28227,28,兵庫県,宍粟市,15,11.790372419222471,7346.5065618684675,4.7418419805332475,0.9638986889366061,0.7611679353564978,1754.581330088083,0.9925,55.09879921401355,0.7672541470080614,1709.8689362529506,0.9925,55.09879921401355,0.7718909917771817,1675.8043257302434,0.9925,55.09879921401355,0.9694230815768242,224.63353183757812,0.9925,55.09879921401355,0.9718666911125183,206.68153834895696,0.9925,55.09879921401355,0.9737238314747811,193.03804449128265,0.9925,55.09879921401355,0.9764083287119867,173.31636792283518,0.99625,27.549399607006777,0.9780891621112825,160.9681143255002,1.0,0.0,0.975672413110733,178.72277671642496,1.0,0.0,0.9718563199043275,206.75773049798565,1.0,0.0,0.9667379164695739,244.36011491769193,1.0,0.0,0.9607182577252388,288.5835773831593,1.0,0.0,1.0,0.0,1.0,0.0,1.0,0.0,1.0,0.0,1.0,0.0,1.0,0.0,1.0,0.0,1.0,0.0
28228,28,兵庫県,加東市,7,35.37111725766742,22039.519685605403,5.200868838457677,1.0101576843235032,0.7613623704161,5259.458734940574,0.9962500000000001,82.64819882102034,0.7678246792964637,5117.032551157336,0.9962500000000001,82.64819882102034,0.7699607768282294,5069.953987555612,0.9962500000000001,82.64819882102034,0.9620694678973086,835.9707089627548,0.9962500000000001,82.64819882102034,0.9682061310657446,700.7216002580806,0.9962500000000001,82.64819882102034,0.9700272466279783,660.5850879744645,0.9962500000000001,82.64819882102034,0.9689617438651839,684.0682570901407,0.9962500000000001,82.64819882102034,0.9668929070993545,729.664425716943,0.9962500000000001,82.64819882102034,0.9722369012236595,611.8853620145627,0.9962500000000001,82.64819882102034,0.9718563199043273,620.2731914939569,1.0,0.0,0.9667379164695739,733.0803447530759,1.0,0.0,0.9607182577252388,865.7507321494779,1.0,0.0,1.0,0.0,1.0,0.0,1.0,0.0,1.0,0.0,1.0,0.0,1.0,0.0,1.0,0.0,1.0,0.0
28229,28,兵庫県,たつの市,12,109.06094487780788,67955.18569728333,5.249715044228074,13.757911089004544,0.5935087927702714,27623.18547160909,0.7833783783783782,14720.562523343944,0.5993282415586951,27227.723748535922,0.7833783783783782,14720.562523343944,0.6042507315376723,26893.215027921513,0.7833783783783782,14720.562523343944,0.7648548989682583,15979.32900641845,0.7833783783783782,14720.562523343944,0.7668047602917697,15846.82581809529,0.7833783783783782,14720.562523343944,0.7656022223085164,15928.544510055299,0.7833783783783782,14720.562523343944,0.7647928635473992,15983.544634962747,0.7833783783783782,14720.562523343944,0.7631927107687335,16092.283314180999,0.7833783783783782,14720.562523343944,0.7613391769415623,16218.240549602608,0.7833783783783782,14720.562523343944,0.7583868796036051,16418.864463437098,0.7833783783783782,14720.562523343944,0.758062516541497,16440.906615555978,0.7858108108108108,14555.266125701903,0.7625933708623052,16133.011568818129,0.7968918918918918,13802.249203110385,0.8054682399483548,13219.44187832891,0.8090540540540541,12975.767214900183,0.8455405405405405,10496.321250269575,0.8455405405405405,10496.321250269575,0.9002702702702702,6777.152303323663,0.9002702702702702,6777.152303323663,0.9562162162162162,2975.3351575567303,0.9562162162162162,2975.3351575567303
28301,28,兵庫県,猪名川町,6,56.004268991306745,34895.906168875226,5.063467490898855,0.9569928296753449,0.7628257406855885,8276.410698708185,0.9949999999999997,174.47953084437626,0.7689920187780731,8061.232836981648,0.9949999999999997,174.47953084437626,0.7735954335175063,7900.592508177974,0.9949999999999997,174.47953084437626,0.9719230815768239,979.769510806308,0.9949999999999997,174.47953084437626,0.9743666911125181,894.4975417353575,0.9949999999999997,174.47953084437626,0.976223831474781,829.6909459114033,0.9949999999999997,174.47953084437626,0.9751583287119865,866.8726303445612,0.9949999999999997,174.47953084437626,0.9780891621112823,764.598543046126,1.0,0.0,0.9756724131107329,848.9331894030186,1.0,0.0,0.9718563199043273,982.0992198654317,1.0,0.0,0.9667379164695739,1160.7105458590368,1.0,0.0,0.9607182577252387,1370.7719925700067,1.0,0.0,1.0,0.0,1.0,0.0,1.0,0.0,1.0,0.0,1.0,0.0,1.0,0.0,1.0,0.0,1.0,0.0
28365,28,兵庫県,多可町,4,53.05667588650113,33059.27952840811,4.836150701897589,1.0991797293236596,0.7369967908013497,8694.696609766577,0.9975,82.64819882102034,0.7519400753144873,8200.682389974227,0.9975,82.64819882102034,0.7494895691378043,8281.694358655282,0.9975,82.64819882102034,0.9103116297100496,2965.0329038628415,0.9949999999999999,165.2963976420407,0.9496102344532846,1665.84934457981,1.0,0.0,0.9663049715574017,1113.933364001523,1.0,0.0,0.9652394687946071,1149.158117675037,1.0,0.0,0.9631707419737358,1217.5487359141339,1.0,0.0,0.9706823329890905,969.2209488344513,1.0,0.0,0.9718563199043274,930.4097872409354,1.0,0.0,0.966737916469574,1099.620517129614,1.0,0.0,0.9607182577252388,1298.626098224217,1.0,0.0,1.0,0.0,1.0,0.0,1.0,0.0,1.0,0.0,1.0,0.0,1.0,0.0,1.0,0.0,1.0,0.0
28381,28,兵庫県,稲美町,6,58.951862096112364,36732.53280934234,5.519595683133126,0.9807314006271192,0.7591503863816615,8847.016334353042,0.9974999999999999,91.83133202335593,0.7652585891669151,8622.646575137602,0.9974999999999999,91.83133202335593,0.7698458937590477,8454.143258700646,0.9974999999999999,91.83133202335593,0.969554059819784,1118.3564965810588,0.9974999999999999,91.83133202335593,0.9719949448271654,1028.6966079635886,0.9974999999999999,91.83133202335593,0.9763412435515784,869.0460474698873,1.0,0.0,0.9752752249105834,908.2036121756081,1.0,0.0,0.9707060386403464,1076.0413967590832,0.9974999999999999,91.83133202335593,0.9732920821837615,981.0494674541992,1.0,0.0,0.9718563199043274,1033.7886524899282,1.0,0.0,0.966737916469574,1221.8005745884598,1.0,0.0,0.9607182577252388,1442.9178869157965,1.0,0.0,1.0,0.0,1.0,0.0,1.0,0.0,1.0,0.0,1.0,0.0,1.0,0.0,1.0,0.0,1.0,0.0
28382,28,兵庫県,播磨町,4,53.05667588650113,33059.27952840811,5.763267901956054,1.642562377472787,0.6880871731959632,10311.613329810596,0.9699999999999999,991.7783858522441,0.6936972611593955,10126.14786364853,0.9699999999999999,991.7783858522441,0.6980420122282521,9982.513523581849,0.9699999999999999,991.7783858522441,0.8793049357535349,3990.091866623072,0.9699999999999999,991.7783858522441,0.8867327356141322,3744.534154750507,0.9699999999999999,991.7783858522441,0.8937096290123009,3513.8830856605446,0.9699999999999999,991.7783858522441,0.8925747892740765,3551.4000697864512,0.9699999999999999,991.7783858522441,0.9026052939172222,3219.798812977698,0.9775,743.833789389183,0.9367640397510695,2090.5352861166975,0.99,330.5927952840814,0.9521731769702455,1581.1203114963603,0.995,165.2963976420407,0.9617401052427885,1264.84455550613,1.0,0.0,0.9607182577252388,1298.626098224217,1.0,0.0,1.0,0.0,1.0,0.0,1.0,0.0,1.0,0.0,1.0,0.0,1.0,0.0,1.0,0.0,1.0,0.0
28443,28,兵庫県,福崎町,2,26.528337943250566,16529.639764204054,5.144692453686725,0.9351313146576286,0.7669232055544852,3852.6754495797936,1.0,0.0,0.7731086647510529,3750.432037284349,1.0,0.0,0.7777825546264648,3673.174321346229,1.0,0.0,0.9769230815768242,381.4531484030203,1.0,0.0,0.9793666911125183,341.0611630536227,1.0,0.0,0.9812238314747809,310.36330187385687,1.0,0.0,0.9801583287119865,327.9756787106139,1.0,0.0,0.9780891621112824,362.1782572323755,1.0,0.0,0.975672413110733,402.12624761195616,1.0,0.0,0.9718563199043274,465.2048936204677,1.0,0.0,0.966737916469574,549.810258564807,1.0,0.0,0.9607182577252388,649.3130491121085,1.0,0.0,1.0,0.0,1.0,0.0,1.0,0.0,1.0,0.0,1.0,0.0,1.0,0.0,1.0,0.0,1.0,0.0
28446,28,兵庫県,神河町,4,2.9475931048056183,1836.626640467117,4.946420826270505,0.9351313146576286,0.7669232055544852,428.0750499533104,1.0,0.0,0.7731086647510528,416.71467080937214,1.0,0.0,0.7777825546264647,408.130480149581,1.0,0.0,0.9769230815768242,42.38368315589115,1.0,0.0,0.9793666911125183,37.89568478373585,1.0,0.0,0.981223831474781,34.48481131931743,1.0,0.0,0.9801583287119866,36.441742078957105,1.0,0.0,0.9780891621112823,40.24202858137506,1.0,0.0,0.975672413110733,44.68069417910624,1.0,0.0,0.9718563199043274,51.68943262449641,1.0,0.0,0.9667379164695741,61.090028729423,1.0,0.0,0.9607182577252388,72.14589434578984,1.0,0.0,1.0,0.0,1.0,0.0,1.0,0.0,1.0,0.0,1.0,0.0,1.0,0.0,1.0,0.0,1.0,0.0
28464,28,兵庫県,太子町,5,82.53260693455731,51425.54593307928,5.492146459289813,0.9977568246202606,0.7577318099180204,12458.773937184827,0.996607142857143,174.47953084437626,0.7637790935108726,12147.78907701025,0.996607142857143,174.47953084437626,0.768375422043994,11911.420372906687,0.996607142857143,174.47953084437626,0.9665048831274596,1722.5046712626863,0.996607142857143,174.47953084437626,0.9689211622465934,1598.2461984345293,0.996607142857143,174.47953084437626,0.9707953308874494,1501.8660529078531,0.996607142857143,174.47953084437626,0.969729459640226,1556.679063690693,0.996607142857143,174.47953084437626,0.972838552157955,1396.7922836100283,1.0,0.0,0.972222790835705,1428.45814577121,1.0,0.0,0.9718563199043275,1447.3041134858995,1.0,0.0,0.966737916469574,1710.5208044238439,1.0,0.0,0.9607182577252389,2020.0850416821152,1.0,0.0,1.0,0.0,1.0,0.0,1.0,0.0,1.0,0.0,1.0,0.0,1.0,0.0,1.0,0.0,1.0,0.0
28481,28,兵庫県,上郡町,3,29.475931048056186,18366.266404671172,5.134742691721478,0.9962416092678905,0.759497512280941,4417.132760434394,0.9899999999999999,183.66266404671188,0.7656784158945082,4303.612638046022,0.9899999999999999,183.66266404671188,0.770340313911438,4217.990977115684,0.9899999999999999,183.66266404671188,0.9670021346211434,606.0475863335564,0.9899999999999999,183.66266404671188,0.96944458425045,561.1889057617186,0.9899999999999999,183.66266404671188,0.9712238314747811,528.5107772398841,0.9899999999999999,183.66266404671188,0.9705014103651046,541.7789557965602,0.9899999999999999,183.66266404671188,0.9734328073263169,487.9401382690925,0.995,91.83133202335594,0.9710606479644774,531.5078490629681,0.995,91.83133202335594,0.9718563199043274,516.8943262449641,1.0,0.0,0.9667379164695739,610.90028729423,1.0,0.0,0.9607182577252387,721.4589434578984,1.0,0.0,1.0,0.0,1.0,0.0,1.0,0.0,1.0,0.0,1.0,0.0,1.0,0.0,1.0,0.0,1.0,0.0
28501,28,兵庫県,佐用町,7,38.31871036247304,23876.146326072525,4.776748122391802,0.9351313146576284,0.7669232055544853,5564.975649393035,1.0,0.0,0.7731086647510529,5417.290720521838,1.0,0.0,0.7777825546264646,5305.696241944552,1.0,0.0,0.9769230815768242,550.9878810265849,1.0,0.0,0.9793666911125183,492.64390218856613,1.0,0.0,0.9812238314747809,448.30254715112653,1.0,0.0,0.9801583287119864,473.7426470264422,1.0,0.0,0.9780891621112824,523.1463715578757,1.0,0.0,0.9756724131107329,580.8490243283811,1.0,0.0,0.9718563199043272,671.9626241184532,1.0,0.0,0.966737916469574,794.1703734824989,1.0,0.0,0.9607182577252387,937.8966264952679,1.0,0.0,1.0,0.0,1.0,0.0,1.0,0.0,1.0,0.0,1.0,0.0,1.0,0.0,1.0,0.0,1.0,0.0
28585,28,兵庫県,香美町,7,56.004268991306745,34895.906168875226,4.507352600248229,0.5732720638546898,0.8847520065621327,4021.683165158968,1.0,0.0,0.8855784103352773,3992.8450566337074,1.0,0.0,0.8825698030230248,4097.833135101068,1.0,0.0,0.9664631798549703,1170.2977289834034,1.0,0.0,0.9790305509065328,731.7479279786407,1.0,0.0,0.9853403313614821,511.56242127652587,1.0,0.0,0.984851268945556,528.6286974534064,1.0,0.0,0.9863262325525284,477.1585058219901,1.0,0.0,0.9818449217473206,633.5379071940882,1.0,0.0,0.9825502868859392,608.9235515020599,1.0,0.0,0.9792662693638551,723.5223188096468,1.0,0.0,0.9788392477129635,738.4236262712377,1.0,0.0,1.0,0.0,1.0,0.0,1.0,0.0,1.0,0.0,1.0,0.0,1.0,0.0,1.0,0.0,1.0,0.0
28586,28,兵庫県,新温泉町,6,112.00853798261349,69791.81233775045,4.573235343277816,1.2102410236932337,0.7566986805200578,16980.440030671198,1.0,0.0,0.7584433107078077,16858.679128008986,1.0,0.0,0.752091806381941,17301.96212598229,1.0,0.0,0.9292000463604927,4941.257077929926,1.0,0.0,0.9557311630249026,3089.602362576483,1.0,0.0,0.9690518106520176,2159.930223167554,1.0,0.0,0.9680193455517293,2231.98783369216,1.0,0.0,0.9711331576108932,2014.6692468039582,1.0,0.0,0.9616726125776768,2674.937830375039,1.0,0.0,0.9631617167592049,2571.010550786475,1.0,0.0,0.9562287908792496,3054.872012751842,1.0,0.0,0.9553273007273674,3117.7886442563367,1.0,0.0,1.0,0.0,1.0,0.0,1.0,0.0,1.0,0.0,1.0,0.0,1.0,0.0,1.0,0.0,1.0,0.0
29201,29,奈良県,奈良市,24,286.13897135795924,178291.38520343427,5.652120092199243,1.0355591597275005,0.7617660028585822,42475.069352894396,0.981043956043956,3379.6993349002682,0.7673771574250091,41474.64883265557,0.981043956043956,3379.6993349002682,0.7715125549863129,40737.343073083815,0.9807967032967034,3423.782369703315,0.9555380498773842,7927.1826762072,0.981043956043956,3379.6993349002682,0.9583530334375454,7425.295357941147,0.9815384615384616,3291.5332652941743,0.9616663494266365,6834.559660629379,0.9817032967032966,3262.1445754254764,0.9653936289188485,6170.017836922567,0.985934065934066,2507.8348687955613,0.9664699913253354,5978.111692489098,0.9889835164835166,1964.1441062246486,0.9682076633340954,5668.29974301807,0.9922802197802197,1376.370308850689,0.9684063827506412,5632.869782975311,0.9958516483516484,739.615361695566,0.9678786902899271,5726.9528027574315,0.9993131868131869,122.45287445290828,0.9628765952128632,6618.783262966455,1.0,0.0,1.0,0.0,1.0,0.0,1.0,0.0,1.0,0.0,1.0,0.0,1.0,0.0,1.0,0.0,1.0,0.0
29202,29,奈良県,大和高田市,5,59.743301712101385,37225.67383368408,6.092382919389611,1.239732931173946,0.7369006905273388,9794.049080296798,0.9611842105263156,1444.9439185443175,0.7428618690214659,9572.140194010048,0.9611842105263156,1444.9439185443175,0.7472506329730937,9408.76549861372,0.9611842105263156,1444.9439185443175,0.9405338022112846,2213.669283012064,0.9624999999999998,1395.9627687631544,0.9429299730062485,2124.4702105489405,0.9624999999999998,1395.9627687631544,0.9471403370797633,1967.7365708272114,0.9649999999999999,1302.898584178944,0.9461960332095622,2002.8889186992037,0.9649999999999999,1302.898584178944,0.9477991122477933,1943.213221292401,0.9686842105263156,1165.7513647916867,0.9563634510338306,1624.399939042205,0.9799999999999999,744.5134766736822,0.9596832670271397,1500.8175516874342,0.9874999999999999,465.3209229210514,0.9642379164695738,1331.2676571166048,0.9974999999999999,93.06418458421028,0.9607182577252388,1462.2893255391004,1.0,0.0,1.0,0.0,1.0,0.0,1.0,0.0,1.0,0.0,1.0,0.0,1.0,0.0,1.0,0.0,1.0,0.0
29203,29,奈良県,大和郡山市,14,97.47591331974436,60736.625728642444,5.856113506624356,1.056303917640039,0.7531252239692594,14994.340873621511,0.9812096774193547,1141.260789901105,0.7592103044784838,14624.7536162041,0.9812096774193547,1141.260789901105,0.7637302049465717,14350.230113143127,0.9812096774193547,1141.260789901105,0.9589675112020584,2492.174914835287,0.9812096774193547,1141.260789901105,0.961260529535432,2352.9047185322647,0.9812096774193547,1141.260789901105,0.9649690740291149,2127.6602396214266,0.9832258064516128,1018.8079154481968,0.9638859860118358,2193.4433511580855,0.9832258064516128,1018.8079154481968,0.9660603267867719,2061.3812293042665,0.9874999999999998,759.2078216080313,0.9688008329128064,1894.9321344202476,0.9930645161290322,421.23788811800443,0.9697450182995487,1837.5854999672258,0.9978225806451614,132.24910440914093,0.966012110017961,2064.309753145375,0.9992741935483871,44.08303480304698,0.9607182577252387,2385.8404785111643,1.0,0.0,1.0,0.0,1.0,0.0,1.0,0.0,1.0,0.0,1.0,0.0,1.0,0.0,1.0,0.0,1.0,0.0
29204,29,奈良県,天理市,6,37.73261160764298,23510.951894958365,5.619598764752183,1.15571986454539,0.7481093341857195,5922.189326748583,0.9749999999999999,587.7737973739597,0.7542258761078119,5778.383603854772,0.9749999999999999,587.7737973739597,0.7588261573761701,5670.226612251124,0.9749999999999999,587.7737973739597,0.9524587124958633,1117.74092353414,0.9749999999999999,587.7737973739597,0.9549246202781797,1059.7650842867004,0.9749999999999999,587.7737973739597,0.9565910655632616,1020.5853693535594,0.9749999999999999,587.7737973739597,0.9559649721160531,1035.305422272625,0.9749999999999999,587.7737973739597,0.9540468446165322,1080.4024256422545,0.9749999999999999,587.7737973739597,0.9621717186272144,889.3789036245109,0.9862499999999998,323.2755885556778,0.9619089629128574,895.5565405848822,0.99,235.1095189495839,0.9648906368762254,825.4545474656887,0.998125,44.08303480304698,0.9607182577252388,923.5511529720636,1.0,0.0,1.0,0.0,1.0,0.0,1.0,0.0,1.0,0.0,1.0,0.0,1.0,0.0,1.0,0.0,1.0,0.0
29205,29,奈良県,橿原市,6,47.16576450955372,29388.689868697955,5.836076521118961,1.3995277638174355,0.7327888681910313,7852.985082197556,0.9600000000000001,1175.5475947479192,0.7384092839978014,7687.808425119256,0.9600000000000001,1175.5475947479192,0.7430188530109202,7552.3392309643505,0.9600000000000001,1175.5475947479192,0.9375481078012187,1835.3792915433419,0.965,1028.6041454044293,0.9398784469548264,1766.893676869081,0.965,1028.6041454044293,0.941709582505961,1713.0790020492345,0.965,1028.6041454044293,0.9406392900132535,1744.5334961862127,0.965,1028.6041454044293,0.936802309153815,1857.2973366963834,0.9633333333333334,1077.5852951855927,0.951023288864235,1439.3613743578053,0.98,587.7737973739596,0.9652624315023424,1020.8916273703164,0.9933333333333334,195.9245991246532,0.9618165900309881,1122.1603937086425,0.995,146.9434493434899,0.9573849243919056,1252.4012407774057,0.9966666666666667,97.9622995623266,0.9966666666666667,97.9622995623266,0.9966666666666667,97.9622995623266,0.9966666666666667,97.9622995623266,0.9966666666666667,97.9622995623266,1.0,0.0,1.0,0.0,1.0,0.0,1.0,0.0
29206,29,奈良県,桜井市,3,15.721921503184573,9796.229956232652,5.69123710624975,0.16250000000000014,0.985,146.9434493434899,0.985,146.9434493434899,0.985,146.9434493434899,0.985,146.9434493434899,0.985,146.9434493434899,0.985,146.9434493434899,0.985,146.9434493434899,0.985,146.9434493434899,0.985,146.9434493434899,0.985,146.9434493434899,0.985,146.9434493434899,0.985,146.9434493434899,0.985,146.9434493434899,0.985,146.9434493434899,0.985,146.9434493434899,0.985,146.9434493434899,0.985,146.9434493434899,0.985,146.9434493434899,0.99,97.9622995623266,0.99,97.9622995623266,1.0,0.0,1.0,0.0,1.0,0.0,1.0,0.0,1.0,0.0,1.0,0.0,1.0,0.0,1.0,0.0,1.0,0.0,1.0,0.0,1.0,0.0,1.0,0.0
29207,29,奈良県,五條市,9,72.32083891464904,45062.6577986702,5.457158320640039,0.9395964259135982,0.7661265431538872,10538.959554048442,0.9989130434782609,48.9811497811633,0.7723025187979573,10260.653677026785,0.9989130434782609,48.9811497811633,0.7770048586181973,10048.753746854258,0.9989130434782609,48.9811497811633,0.9759093898534774,1085.5869211939178,0.9989130434782609,48.9811497811633,0.9783298221878384,976.5158071857768,0.9989130434782609,48.9811497811633,0.9801867316468901,892.8385316694095,0.9989130434782609,48.9811497811633,0.9791202102925467,940.898818495168,0.9989130434782609,48.9811497811633,0.9780891621112824,987.3605898614195,1.0,0.0,0.9756724131107329,1096.2657230584523,1.0,0.0,0.9718563199043275,1268.2290253465396,1.0,0.0,0.966737916469574,1498.8778878023727,1.0,0.0,0.9607182577252387,1770.1397098631217,1.0,0.0,1.0,0.0,1.0,0.0,1.0,0.0,1.0,0.0,1.0,0.0,1.0,0.0,1.0,0.0,1.0,0.0
29208,29,奈良県,御所市,2,15.721921503184573,9796.229956232652,5.5274863746441145,0.964061839133501,0.7634097439050674,2317.692554109933,0.995,48.9811497811633,0.7695220601558685,2257.8148985518674,0.995,48.9811497811633,0.7741967129707337,2212.0209246118984,0.995,48.9811497811633,0.9719230815768242,275.04794933581553,0.995,48.9811497811633,0.9743666911125183,251.1097884009131,0.995,48.9811497811633,0.9762238314747811,232.9168143511854,0.995,48.9811497811633,0.9751583287119865,243.35472443452252,0.995,48.9811497811633,0.9730891621112824,263.6247562727762,0.995,48.9811497811633,0.975672413110733,238.3186354474896,1.0,0.0,0.9718563199043274,275.7019620318564,1.0,0.0,0.966737916469574,325.8430190874722,1.0,0.0,0.9607182577252388,384.81298040502645,1.0,0.0,1.0,0.0,1.0,0.0,1.0,0.0,1.0,0.0,1.0,0.0,1.0,0.0,1.0,0.0,1.0,0.0
29209,29,奈良県,生駒市,15,97.47591331974436,60736.625728642444,5.358734838819763,1.00931124853839,0.7530198654559753,15000.739994210184,0.9879032258064516,734.7172467174496,0.7592479553846023,14622.46682721084,0.9879032258064516,734.7172467174496,0.7639590107268305,14336.333222103005,0.9879032258064516,734.7172467174496,0.9605089944924897,2398.5504211574066,0.9879032258064516,734.7172467174496,0.9629174303611298,2252.270153212376,0.9879032258064516,734.7172467174496,0.9689888587808507,1883.5120776455346,0.9891935483870967,656.3474070675883,0.9721967957379257,1688.6728113226025,0.9927419354838709,440.83034803046985,0.9715573063583043,1727.5132384301044,0.9941935483870967,352.6642784243758,0.9736568552297832,1599.993724424107,0.9987096774193549,78.36983964986129,0.9718563199043274,1709.3521645975097,1.0,0.0,0.9667379164695739,2020.2267183423282,1.0,0.0,0.9607182577252387,2385.8404785111643,1.0,0.0,1.0,0.0,1.0,0.0,1.0,0.0,1.0,0.0,1.0,0.0,1.0,0.0,1.0,0.0,1.0,0.0
29210,29,奈良県,香芝市,6,62.8876860127383,39184.91982493061,5.634565416728282,1.0531461856104434,0.754493250630796,9620.162290511595,0.984,626.9587171988903,0.7605799039155244,9381.657269547355,0.984,626.9587171988903,0.7652534685805439,9198.524012851938,0.984,626.9587171988903,0.9614548256620765,1510.3895660695061,0.984,626.9587171988903,0.9642422490790485,1401.1646029573185,0.9843749999999999,612.2643722645413,0.9661738336160778,1325.4756177387517,0.9843749999999999,612.2643722645413,0.9651042218059301,1367.388270763189,0.9843749999999999,612.2643722645413,0.9661553024500606,1326.2017599933913,0.9874999999999999,489.8114978116331,0.9685161207690834,1233.6932834412605,0.992625,288.98878370886354,0.9672822427526117,1282.042694590456,0.9952500000000001,186.12836916842056,0.966737916469574,1303.372076349889,1.0,0.0,0.9607182577252387,1539.2519216201058,1.0,0.0,1.0,0.0,1.0,0.0,1.0,0.0,1.0,0.0,1.0,0.0,1.0,0.0,1.0,0.0,1.0,0.0
29211,29,奈良県,葛城市,6,61.31549386241984,38205.29682930735,5.61322142011863,1.1638048416404772,0.7461600957237757,9698.028889996112,0.9723076923076923,1057.9928352731274,0.7522544323939545,9465.192948534203,0.9723076923076923,1057.9928352731274,0.7567133369354101,9294.839176994341,0.9723076923076923,1057.9928352731274,0.9496218102941145,1924.713691436507,0.9723076923076923,1057.9928352731274,0.9520370014814231,1832.4405952258624,0.9723076923076923,1057.9928352731274,0.9538671348645137,1762.5198060876578,0.9723076923076923,1057.9928352731274,0.9529979630846243,1795.726771933989,0.9723076923076923,1057.9928352731274,0.9510294261345497,1870.935310431051,0.9723076923076923,1057.9928352731274,0.9665814536809921,1276.7654817216514,0.9907692307692307,352.66427842437577,0.9665499174824128,1277.9703315492427,0.9946153846153847,205.7208290808859,0.9615103697089048,1470.5077501215906,0.9946153846153847,205.7208290808859,0.9607182577252389,1500.7706235796034,1.0,0.0,1.0,0.0,1.0,0.0,1.0,0.0,1.0,0.0,1.0,0.0,1.0,0.0,1.0,0.0,1.0,0.0
29212,29,奈良県,宇陀市,7,36.16041945732452,22531.3288993351,5.4623845689413715,0.6830907253159493,0.8536732344304555,3296.9364818233094,0.9917391304347826,186.12836916842056,0.8571216172149465,3219.2398351351376,0.9917391304347826,186.12836916842056,0.8596861667517551,3161.4571260426637,0.9917391304347826,186.12836916842056,0.9692611241415674,692.587721962175,0.9917391304347826,186.12836916842056,0.9706269706666353,661.8133846798571,0.9917391304347826,186.12836916842056,0.9718918271761756,633.3144866529383,0.9919565217391304,181.23025419030424,0.9718531306486946,634.1863708408757,0.9923913043478261,171.43402423407156,0.9713082388895892,646.4635062798166,0.9930434782608694,156.73967929972258,0.9793521205710661,465.22416248712295,0.9969565217391304,68.57360969362863,0.9774131245411295,508.91231977213215,0.9971739130434782,63.67549471551229,0.9788277868084285,477.03809894613767,0.9976086956521739,53.879264759279636,0.9777972761055697,500.25687452653443,1.0,0.0,1.0,0.0,1.0,0.0,1.0,0.0,1.0,0.0,1.0,0.0,1.0,0.0,1.0,0.0,1.0,0.0
29342,29,奈良県,平群町,1,14.149729352866117,8816.606960609388,5.572366146199227,1.3881711422726406,0.724283762612031,2430.881697707799,0.965,308.58124362132884,0.7300781801721314,2379.794595514739,0.965,308.58124362132884,0.7347080618521431,2338.97474846795,0.965,308.58124362132884,0.9225403075287613,682.9316638085851,0.965,308.58124362132884,0.9249534665415559,661.6557892593239,0.965,308.58124362132884,0.9366781195488875,558.2841319441543,0.965,308.58124362132884,0.940613771242497,523.5850378277422,0.965,308.58124362132884,0.9387050022309994,540.4139039807067,0.965,308.58124362132884,0.9412943254536367,517.5848588327362,0.97,264.49820881828185,0.9521456605195999,421.91290255825993,0.98,176.3321392121879,0.961737916469574,337.34175198177206,0.995,44.08303480304698,0.9607182577252388,346.33168236452383,1.0,0.0,1.0,0.0,1.0,0.0,1.0,0.0,1.0,0.0,1.0,0.0,1.0,0.0,1.0,0.0,1.0,0.0
29344,29,奈良県,斑鳩町,2,29.871650856050692,18612.83691684204,6.0058976176651155,1.2841332315281035,0.7285568431019783,5052.327211535643,0.95,930.6418458421028,0.7340102046728134,4950.824681969117,0.95,930.6418458421028,0.7385165673494339,4866.948488381035,0.95,930.6418458421028,0.9280282932519913,1339.5976403274653,0.95,930.6418458421028,0.9302848440408705,1297.5968284994833,0.95,930.6418458421028,0.9323195827007292,1259.7245696551395,0.95,930.6418458421028,0.9362062847614289,1187.3820180549856,0.955,837.5776612578925,0.9391359484195709,1132.8526661647884,0.96,744.5134766736822,0.956086819767952,817.3488621590019,0.9799999999999999,372.2567383368411,0.962226683795452,703.0685743235574,0.9899999999999999,186.12836916842056,0.966737916469574,619.1017362661973,1.0,0.0,0.9607182577252388,731.1446627695502,1.0,0.0,1.0,0.0,1.0,0.0,1.0,0.0,1.0,0.0,1.0,0.0,1.0,0.0,1.0,0.0,1.0,0.0
29345,29,奈良県,安堵町,1,15.721921503184573,9796.229956232652,6.0549029718273175,1.1634992200136187,0.7447100061178208,2500.8794855950546,0.97,293.8868986869798,0.7507578253746032,2441.6336574218817,0.97,293.8868986869798,0.7552068227529526,2398.050256028895,0.97,293.8868986869798,0.9526196366548538,464.1489347389084,0.975,244.9057489058165,0.9549897435307503,440.93082276177864,0.975,244.9057489058165,0.9567173007130623,424.007275341309,0.975,244.9057489058165,0.9602014222741126,389.87601933379125,0.98,195.9245991246532,0.9531370785832405,459.0799546194363,0.975,244.9057489058165,0.9657324999570847,335.692310445611,0.99,97.9622995623266,0.961944385766983,372.80154815231435,0.99,97.9622995623266,0.961737916469574,374.8241688686355,0.995,48.9811497811633,0.9607182577252388,384.81298040502645,1.0,0.0,1.0,0.0,1.0,0.0,1.0,0.0,1.0,0.0,1.0,0.0,1.0,0.0,1.0,0.0,1.0,0.0
29361,29,奈良県,川西町,2,0.0,0.0,5.98649431308395,0.0,1.0,0.0,1.0,0.0,1.0,0.0,1.0,0.0,1.0,0.0,1.0,0.0,1.0,0.0,1.0,0.0,1.0,0.0,1.0,0.0,1.0,0.0,1.0,0.0,1.0,0.0,1.0,0.0,1.0,0.0,1.0,0.0,1.0,0.0,1.0,0.0,1.0,0.0,1.0,0.0,1.0,0.0,1.0,0.0,1.0,0.0,1.0,0.0,1.0,0.0,1.0,0.0,1.0,0.0,1.0,0.0,1.0,0.0,1.0,0.0,1.0,0.0,1.0,0.0
29362,29,奈良県,三宅町,2,0.0,0.0,6.096144778027141,0.0,1.0,0.0,0.98,0.0,1.0,0.0,0.98,0.0,1.0,0.0,0.98,0.0,1.0,0.0,0.9824999999999999,0.0,1.0,0.0,0.9824999999999999,0.0,1.0,0.0,0.9824999999999999,0.0,1.0,0.0,0.9824999999999999,0.0,1.0,0.0,0.9824999999999999,0.0,1.0,0.0,0.99,0.0,1.0,0.0,0.9924999999999999,0.0,1.0,0.0,0.995,0.0,1.0,0.0,0.995,0.0,1.0,0.0,1.0,0.0,1.0,0.0,1.0,0.0,1.0,0.0,1.0,0.0,1.0,0.0,1.0,0.0
29363,29,奈良県,田原本町,1,15.721921503184573,9796.229956232652,6.110041930250285,1.4370853864463422,0.735443760198541,2591.6537614513218,0.965,342.8680484681431,0.7414443877758459,2532.870233822332,0.965,342.8680484681431,0.7459922430338338,2488.31839790742,0.965,342.8680484681431,0.942875936824421,559.600458902334,0.97,293.8868986869798,0.9451332559171715,537.4872419851556,0.97,293.8868986869798,0.9469969366971054,519.2301964999118,0.97,293.8868986869798,0.9458563296977082,530.4038449556955,0.97,293.8868986869798,0.939063201743702,596.9508885152526,0.965,342.8680484681431,0.9516755016628303,473.39789823049654,0.98,195.9245991246532,0.9576970508694649,414.40941750953414,0.985,146.9434493434899,0.9576269307732582,415.0963300965277,0.99,97.9622995623266,0.9517457538843155,472.70969131389177,0.99,97.9622995623266,0.9950079246144742,48.90351843545968,1.0,0.0,1.0,0.0,1.0,0.0,1.0,0.0,1.0,0.0,1.0,0.0,1.0,0.0
29401,29,奈良県,高取町,2,15.721921503184573,9796.229956232652,5.67119123007122,0.9645238666608931,0.7631077948212623,2320.6505167699615,0.995,48.9811497811633,0.768854133784771,2264.3580588769714,0.995,48.9811497811633,0.7735105735063553,2218.742504586995,0.995,48.9811497811633,0.9719230815768242,275.04794933581553,0.995,48.9811497811633,0.9743666911125183,251.1097884009131,0.995,48.9811497811633,0.9762238314747811,232.9168143511854,0.995,48.9811497811633,0.9751583287119865,243.35472443452252,0.995,48.9811497811633,0.9730891621112824,263.6247562727762,0.995,48.9811497811633,0.975672413110733,238.3186354474896,1.0,0.0,0.9718563199043274,275.7019620318564,1.0,0.0,0.966737916469574,325.8430190874722,1.0,0.0,0.9607182577252388,384.81298040502645,1.0,0.0,1.0,0.0,1.0,0.0,1.0,0.0,1.0,0.0,1.0,0.0,1.0,0.0,1.0,0.0,1.0,0.0
29424,29,奈良県,上牧町,2,29.871650856050692,18612.83691684204,5.653302133159135,1.1433057849109176,0.7436979851126669,4770.507604555949,0.97,558.3851075052617,0.7493023067712783,4666.19527949469,0.97,558.3851075052617,0.753977190554142,4579.18243003906,0.97,558.3851075052617,0.9477489593625068,972.540098120945,0.97,558.3851075052617,0.9501652270555496,927.5665016029069,0.97,558.3851075052617,0.9522279301285743,889.1737456968292,0.97,558.3851075052617,0.9561631911993027,815.9273731621645,0.9749999999999999,465.3209229210514,0.9590880319476126,761.4877893061362,0.9799999999999999,372.2567383368411,0.9660267329216004,632.3388796625713,0.9899999999999999,186.12836916842056,0.962226683795452,703.0685743235574,0.9899999999999999,186.12836916842056,0.966737916469574,619.1017362661973,1.0,0.0,0.9607182577252388,731.1446627695502,1.0,0.0,1.0,0.0,1.0,0.0,1.0,0.0,1.0,0.0,1.0,0.0,1.0,0.0,1.0,0.0,1.0,0.0
29426,29,奈良県,広陵町,1,14.149729352866117,8816.606960609388,6.0843034119969515,1.297959481738508,0.7314769732952118,2367.4619863293365,0.955,396.7473132274228,0.7415103548765183,2279.0016044411395,0.96,352.6642784243758,0.7460407415032386,2239.0589661737454,0.96,352.6642784243758,0.9325030073523521,595.0944551974528,0.955,396.7473132274228,0.9347003880143165,575.721013558069,0.955,396.7473132274228,0.9414092397689819,516.5717044801895,0.96,352.6642784243758,0.9503520524501801,437.72643994771227,0.97,264.49820881828185,0.9432479685544968,500.3603554711466,0.965,308.58124362132884,0.951072958111763,431.3704980738578,0.975,220.4151740152349,0.9572762942314148,376.6781216623357,0.985,132.24910440914093,0.9619739371538162,335.2608503742343,0.995,44.08303480304698,0.9607182577252388,346.33168236452383,1.0,0.0,1.0,0.0,1.0,0.0,1.0,0.0,1.0,0.0,1.0,0.0,1.0,0.0,1.0,0.0,1.0,0.0
29427,29,奈良県,河合町,2,29.871650856050692,18612.83691684204,5.52719430517563,1.2841332315281035,0.7285568431019783,5052.327211535643,0.95,930.6418458421028,0.7340102046728134,4950.824681969117,0.95,930.6418458421028,0.7385165673494339,4866.948488381035,0.95,930.6418458421028,0.9280282932519913,1339.5976403274653,0.95,930.6418458421028,0.9302848440408705,1297.5968284994833,0.95,930.6418458421028,0.9323195827007292,1259.7245696551395,0.95,930.6418458421028,0.9362062847614289,1187.3820180549856,0.955,837.5776612578925,0.9391359484195709,1132.8526661647884,0.96,744.5134766736822,0.956086819767952,817.3488621590019,0.9799999999999999,372.2567383368411,0.962226683795452,703.0685743235574,0.9899999999999999,186.12836916842056,0.966737916469574,619.1017362661973,1.0,0.0,0.9607182577252388,731.1446627695502,1.0,0.0,1.0,0.0,1.0,0.0,1.0,0.0,1.0,0.0,1.0,0.0,1.0,0.0,1.0,0.0,1.0,0.0
29441,29,奈良県,吉野町,2,31.443843006369146,19592.459912465303,5.586523995977533,0.9973690320178868,0.7695629411935807,4514.82883701118,0.9924999999999999,146.9434493434899,0.7753409133851528,4401.624148472463,0.9924999999999999,146.9434493434899,0.7800517031550408,4309.328188749883,0.9924999999999999,146.9434493434899,0.9713982437551021,560.3787626542654,0.9924999999999999,146.9434493434899,0.9734808720648288,519.5749509833793,0.9924999999999999,146.9434493434899,0.9750884599983692,488.0783488397265,0.9924999999999999,146.9434493434899,0.9744148226082324,501.27656240151873,0.9924999999999999,146.9434493434899,0.9725476823747158,537.8584325776458,0.9924999999999999,146.9434493434899,0.9710510852932931,567.1804509005344,0.9949999999999999,97.9622995623266,0.9693563199043275,600.3850738448762,0.9975,48.9811497811633,0.9642919504642485,699.6085290815336,0.9975,48.9811497811633,0.9607182577252388,769.6259608100529,1.0,0.0,1.0,0.0,1.0,0.0,1.0,0.0,1.0,0.0,1.0,0.0,1.0,0.0,1.0,0.0,1.0,0.0
29442,29,奈良県,大淀町,6,31.44384300636915,19592.459912465303,5.619118973468317,1.091796719878912,0.7440301236510276,5015.07954116594,0.9699999999999999,587.7737973739597,0.7501379793882369,4895.411622483546,0.9699999999999999,587.7737973739597,0.7548672130703927,4802.754301149233,0.9699999999999999,587.7737973739597,0.9480634126067161,1017.5655064931655,0.9699999999999999,587.7737973739597,0.9503129449486731,973.4916342615761,0.9699999999999999,587.7737973739597,0.9519088160991668,942.2245927200696,0.9699999999999999,587.7737973739597,0.9612401863932608,759.4000943046626,0.98,391.8491982493065,0.9593317392468451,796.7912685158709,0.98,391.8491982493065,0.9707123908400536,573.8163083982022,0.9949999999999999,97.96229956232662,0.9718563199043273,551.4039240637128,1.0,0.0,0.966737916469574,651.6860381749445,1.0,0.0,0.9607182577252387,769.6259608100529,1.0,0.0,1.0,0.0,1.0,0.0,1.0,0.0,1.0,0.0,1.0,0.0,1.0,0.0,1.0,0.0,1.0,0.0
29446,29,奈良県,天川村,2,31.443843006369146,19592.459912465303,5.436725712972093,0.924296719878912,0.7740301236510276,4427.305743791982,1.0,0.0,0.780137979388237,4307.637825109586,1.0,0.0,0.7848672130703926,4214.980503775271,1.0,0.0,0.9780634126067161,429.79170911920573,1.0,0.0,0.9803129449486733,385.7178368876165,1.0,0.0,0.9819088160991669,354.4507953461099,1.0,0.0,0.9812401863932609,367.5508960553562,1.0,0.0,0.9793317392468452,404.9420702665645,1.0,0.0,0.9757123908400536,475.85400883587556,1.0,0.0,0.9718563199043274,551.4039240637128,1.0,0.0,0.966737916469574,651.6860381749444,1.0,0.0,0.9607182577252388,769.6259608100529,1.0,0.0,1.0,0.0,1.0,0.0,1.0,0.0,1.0,0.0,1.0,0.0,1.0,0.0,1.0,0.0,1.0,0.0
29447,29,奈良県,野迫川村,1,0.0,0.0,5.3066813439685925,0.0,1.0,0.0,0.985,0.0,1.0,0.0,0.985,0.0,1.0,0.0,0.985,0.0,1.0,0.0,0.985,0.0,1.0,0.0,0.985,0.0,1.0,0.0,0.985,0.0,1.0,0.0,0.985,0.0,1.0,0.0,0.99,0.0,1.0,0.0,0.99,0.0,1.0,0.0,0.99,0.0,1.0,0.0,0.99,0.0,1.0,0.0,0.995,0.0,1.0,0.0,1.0,0.0,1.0,0.0,1.0,0.0,1.0,0.0,1.0,0.0,1.0,0.0,1.0,0.0
29449,29,奈良県,十津川村,4,1.5721921503184575,979.6229956232653,5.505508600001698,0.9965750417113306,0.7606135642528534,234.50845729819605,0.99,9.796229956232661,0.7666917943954468,228.55408327782112,0.99,9.796229956232661,0.7713113027811052,224.02870663475576,0.99,9.796229956232661,0.9669230815768242,32.40290991169789,0.99,9.796229956232661,0.9693666911125183,30.009093818207642,0.99,9.796229956232661,0.971402750313282,28.014523404689125,0.99,9.796229956232661,0.9704809474945069,28.91754264339164,0.99,9.796229956232661,0.9730891621112824,26.36247562727762,0.995,4.898114978116331,0.9708221641182898,28.583278992244825,0.995,4.898114978116331,0.9718563199043274,27.570196203185645,1.0,0.0,0.966737916469574,32.58430190874723,1.0,0.0,0.9607182577252388,38.48129804050265,1.0,0.0,1.0,0.0,1.0,0.0,1.0,0.0,1.0,0.0,1.0,0.0,1.0,0.0,1.0,0.0,1.0,0.0
29450,29,奈良県,下北山村,3,14.149729352866114,8816.606960609388,5.539246996351356,1.146797314460079,0.7417902737855911,2276.533669439001,0.9666666666666667,293.8868986869798,0.7465904334187508,2234.21254860525,0.9666666666666667,293.8868986869798,0.7511311596632004,2194.1787499922134,0.9666666666666667,293.8868986869798,0.9443139797449113,490.9617537896513,0.9666666666666667,293.8868986869798,0.9465782123804094,470.99890457508013,0.9666666666666667,293.8868986869798,0.9485047226150831,454.0136210303696,0.9666666666666667,293.8868986869798,0.947441888054212,463.38421561772225,0.9666666666666667,293.8868986869798,0.9536194527149201,408.9190560305089,0.975,220.41517401523487,0.9626663596431414,329.1560334351667,0.9866666666666668,117.55475947479194,0.9718563199043274,248.13176582867078,1.0,0.0,0.9667379164695739,293.258717178725,1.0,0.0,0.9607182577252389,346.33168236452383,1.0,0.0,1.0,0.0,1.0,0.0,1.0,0.0,1.0,0.0,1.0,0.0,1.0,0.0,1.0,0.0,1.0,0.0
29452,29,奈良県,川上村,1,0.0,0.0,5.334811323447739,0.0,1.0,0.0,0.99,0.0,1.0,0.0,0.99,0.0,1.0,0.0,0.99,0.0,1.0,0.0,0.99,0.0,1.0,0.0,0.99,0.0,1.0,0.0,0.99,0.0,1.0,0.0,0.99,0.0,1.0,0.0,0.995,0.0,1.0,0.0,0.995,0.0,1.0,0.0,0.995,0.0,1.0,0.0,0.995,0.0,1.0,0.0,0.995,0.0,1.0,0.0,1.0,0.0,1.0,0.0,1.0,0.0,1.0,0.0,1.0,0.0,1.0,0.0,1.0,0.0
30201,30,和歌山県,和歌山市,27,288.4446508586273,179728.03953282663,5.921337602933805,27.308383215607904,0.4679434619055439,95625.47851233924,0.5685555555555556,77542.66416732951,0.47056541834668153,95154.23942143313,0.5685555555555556,77542.66416732951,0.4726238704628,94784.27785813094,0.5685555555555556,77542.66416732951,0.5569233356387638,79633.30024838919,0.5685555555555556,77542.66416732951,0.5579473340846987,79449.25901521667,0.5685555555555556,77542.66416732951,0.559846131093425,79107.9919513675,0.5695555555555556,77362.93612779668,0.5630601178259692,78530.34841684278,0.5728888888888889,76763.84266268727,0.5627235041775016,78590.84732796186,0.5733333333333334,76683.963534006,0.5689807645931961,77466.24218060273,0.5801851851851851,75452.49363350333,0.5748937657022487,76403.51008351729,0.588,74047.95228752456,0.5806013671510931,75377.69406468177,0.5957777777777779,72650.06753560259,0.5855598563176614,74486.51452772968,0.6033333333333333,71292.12234802122,0.6263046106188385,67163.5397159324,0.6268148148148147,67071.84171602817,0.6862650433515233,56386.96869134706,0.6877037037037037,56128.40108669606,0.7577411253861221,43540.71259378113,0.7584074074074075,43420.963032319545,0.8816296296296295,21274.474605441246,0.8816296296296295,21274.474605441246
30202,30,和歌山県,海南市,11,85.46508173588958,53252.75245417084,5.529116285592484,36.09494699977406,0.4076671876912005,31543.35262436334,0.5496249999999999,23983.708386547194,0.41361222153203564,31226.76320890568,0.5496249999999999,23983.708386547194,0.41324105752306045,31246.528713995525,0.5496249999999999,23983.708386547194,0.49327273161521223,26984.621785073294,0.5496249999999999,23983.708386547194,0.49702441738078407,26784.834191713453,0.5496249999999999,23983.708386547194,0.5014167772680339,26550.92893794812,0.5496249999999999,23983.708386547194,0.5003181346235615,26609.4346827298,0.5496249999999999,23983.708386547194,0.4990318725732904,26677.931677284076,0.5496249999999999,23983.708386547194,0.5070052423449233,26253.327790609743,0.5511249999999999,23903.829257865935,0.5052609781157226,26346.214661822036,0.5526249999999999,23823.95012918468,0.5099557868046686,26096.203176889903,0.55675,23604.282525311224,0.5222132448600604,25443.459797348733,0.566125,23105.037971053374,0.4480035779271274,29395.32882023469,0.6088749999999998,20828.48280363757,0.5330259191077202,24867.655132270524,0.6958749999999999,16195.493340124707,0.6472413636539132,18785.368337409032,0.772375,12121.657777380638,0.8683808495625853,7009.082036471915,0.905125,5052.35488908946
30203,30,和歌山県,橋本市,7,100.42147103967025,62571.98413365074,5.48138641306258,0.9729465832791113,0.7619263767371787,14896.738977442,0.9932978723404254,419.3654255765957,0.7680666643951802,14512.528995529477,0.9932978723404254,419.3654255765957,0.7726871628456928,14223.415239794447,0.9932978723404254,419.3654255765957,0.9703473103300053,1855.4276275509715,0.9932978723404254,419.3654255765957,0.9727741240440532,1703.5770783402531,0.9932978723404254,419.3654255765957,0.9745922073341429,1589.8159995590902,0.9932978723404254,419.3654255765957,0.975440154360964,1536.7582716506765,0.9952127659574469,299.54673255471124,0.97529324592428,1545.950624019958,0.997127659574468,179.72803953282676,0.9728918832160057,1696.2086533012423,0.997127659574468,179.72803953282676,0.9718563199043274,1761.0059044089671,1.0,0.0,0.966737916469574,2081.274562917983,1.0,0.0,0.9607182577252388,2457.9365543585163,1.0,0.0,1.0,0.0,1.0,0.0,1.0,0.0,1.0,0.0,1.0,0.0,1.0,0.0,1.0,0.0,1.0,0.0
30204,30,和歌山県,有田市,6,38.45928678115031,23963.73860437688,5.614543103348846,14.957735778212772,0.7238128243014217,6618.477284321842,0.975,599.0934651094225,0.7334357612207532,6387.875739380574,0.975,599.0934651094225,0.7339092610403894,6376.528913473589,0.975,599.0934651094225,0.8747216003098583,3002.138822949205,0.975,599.0934651094225,0.8806756617211795,2859.4572516538965,0.975,599.0934651094225,0.8869251374983287,2709.696447715908,0.975,599.0934651094225,0.8918789996662235,2590.9833896423643,0.9825,419.3654255765957,0.8919548385300733,2589.1660069330187,0.9849999999999999,359.4560790656535,0.9091179511602968,2177.8736622248603,0.9899999999999999,239.637386043769,0.9107935234438629,2137.7206860087454,0.9924999999999999,179.72803953282676,0.9126745637413114,2092.6439280163872,0.995,119.8186930218845,0.9228644399624317,1848.4563978425026,1.0,0.0,0.7213858397677541,6676.636907283518,1.0,0.0,0.7344394136965274,6363.824473801484,1.0,0.0,0.8057009495049715,4656.131657141486,1.0,0.0,0.9450045981258154,1317.8954349556184,1.0,0.0
30205,30,和歌山県,御坊市,4,40.59591382454755,25295.05741573115,5.985238716331373,41.22133833942478,0.34767299004073715,16500.649170751778,0.47368421052631576,13313.18811354271,0.35237634388414385,16381.677565236307,0.47368421052631576,13313.18811354271,0.35265748276304765,16374.56614115264,0.47368421052631576,13313.18811354271,0.4221882060940583,14615.78250233741,0.47368421052631576,13313.18811354271,0.42507744485275717,14542.699042048367,0.47368421052631576,13313.18811354271,0.4280824823565643,14466.686445853138,0.47368421052631576,13313.18811354271,0.42794083336599886,14470.269465202371,0.47368421052631576,13313.18811354271,0.4268461662701118,14497.959132243946,0.47368421052631576,13313.18811354271,0.4344938774028139,14304.509840043322,0.4760526315789474,13253.278767031768,0.43540571747187257,14281.444793142517,0.4763157894736842,13246.622172974998,0.4394246560819088,14179.785510251353,0.48105263157894734,13126.803479953112,0.44735088261360556,13979.29115504199,0.49157894736842106,12860.539717682257,0.3652265389709684,16056.631142711733,0.5263157894736842,11981.86930218844,0.4741224695781344,13302.102325663993,0.6260526315789474,9459.020154672096,0.6098726676875039,9868.293270290615,0.7157894736842104,7189.121581313064,0.8302908547967672,4292.802571890428,0.8605263157894738,3527.994850088818
30206,30,和歌山県,田辺市,8,57.68893017172547,35945.60790656532,5.826268465348367,33.149638418331726,0.4664738521195249,19177.921719611742,0.645,12760.69080683069,0.4729968211766876,18943.449631496314,0.645,12760.69080683069,0.4732617462890145,18933.926737284008,0.645,12760.69080683069,0.5660011649146811,15600.351957882973,0.645,12760.69080683069,0.5689395893876887,15494.728503913188,0.645,12760.69080683069,0.573001883453641,15348.7068742173,0.645,12760.69080683069,0.5729136440391206,15351.878693613555,0.6466666666666666,12700.781460319748,0.5776488878562911,15181.66747601956,0.6533333333333332,12461.144074275977,0.5949525100226069,14559.678258265822,0.6633333333333333,12101.687995210325,0.5991013170763714,14410.546866631204,0.6666666666666666,11981.86930218844,0.6002833546434704,14368.057807713436,0.6683333333333333,11921.959955677497,0.6074171023692664,14111.63090905762,0.6716666666666666,11802.141262655612,0.48262579673901196,18597.330251391104,0.6966666666666667,10903.50106499148,0.5436069691429536,16405.32493847636,0.7633333333333333,8507.127204553792,0.656045626103878,12363.649061818165,0.8283333333333334,6170.662690627047,0.8692485885322093,4699.9389698511895,0.9216666666666667,2815.739286014283
30207,30,和歌山県,新宮市,4,12.819762260383436,7987.912868125626,5.966052907234618,17.942575157398025,0.46948717460036277,4237.690224715446,0.615,3075.346454228366,0.4731119340658188,4208.735961937469,0.615,3075.346454228366,0.47636226505041124,4182.772601239976,0.615,3075.346454228366,0.5993654465675353,3200.2339047789483,0.615,3075.346454228366,0.6007876989245414,3188.8730768746973,0.615,3075.346454228366,0.6021909852325917,3177.663748116958,0.615,3075.346454228366,0.6035845309495926,3166.532226351805,0.6174999999999999,3055.376672058052,0.6124938622117042,3095.3652645167895,0.6275,2975.497543376796,0.6306460331380367,2950.367304789923,0.6475,2815.739286014283,0.6549392756819725,2756.3150000647206,0.675,2596.071682140828,0.6853177669677826,2513.654258608557,0.7125,2296.5249495861176,0.7031110317764978,2371.523209677053,0.7349999999999999,2116.796910053291,0.7600107111336547,1917.0135287477976,0.775,1797.2803953282657,0.8250029189603083,1397.8614355213763,0.8300000000000001,1357.9451875813563,0.8775016080551723,978.5064813407862,0.88,958.5495441750751,0.9349999999999999,519.2143364281657,0.9349999999999999,519.2143364281657
30208,30,和歌山県,紀の川市,4,27.776151564164113,17307.144547605523,5.232549414545433,0.9940953966975211,0.7633128291368484,4096.379078692369,0.995,86.53572273802769,0.7694912394881248,3989.4484376684077,0.995,86.53572273802769,0.7741600781679153,3908.6441717678217,0.995,86.53572273802769,0.9719230815768242,485.93128560123273,0.995,86.53572273802769,0.9743666911125183,443.63938214906744,0.995,86.53572273802769,0.976223831474781,411.4975854541925,0.995,86.53572273802769,0.9751583287119865,429.9383957857517,0.995,86.53572273802769,0.9730891621112824,465.74976123721524,0.995,86.53572273802769,0.9706724131107332,507.5767855250038,0.995,86.53572273802769,0.9668563199043273,573.6224622554016,0.995,86.53572273802769,0.966737916469574,575.6716876156124,1.0,0.0,0.9607182577252388,679.854791631079,1.0,0.0,1.0,0.0,1.0,0.0,1.0,0.0,1.0,0.0,1.0,0.0,1.0,0.0,1.0,0.0,1.0,0.0
30209,30,和歌山県,岩出市,2,0.0,0.0,5.718028590435882,0.0,1.0,0.0,0.9975,0.0,1.0,0.0,0.9975,0.0,1.0,0.0,0.9975,0.0,1.0,0.0,0.9975,0.0,1.0,0.0,0.9975,0.0,1.0,0.0,0.9975,0.0,1.0,0.0,0.9975,0.0,1.0,0.0,1.0,0.0,1.0,0.0,1.0,0.0,1.0,0.0,1.0,0.0,1.0,0.0,1.0,0.0,1.0,0.0,1.0,0.0,1.0,0.0,1.0,0.0,1.0,0.0,1.0,0.0,1.0,0.0,1.0,0.0,1.0,0.0,1.0,0.0
30304,30,和歌山県,紀美野町,1,21.366270433972392,13313.188113542708,5.618632624291004,14.769759778443952,0.7418144211545586,3437.2731793732737,1.0,0.0,0.7517209624871611,3305.3855310577505,1.0,0.0,0.7523104915395378,3297.5370198850605,1.0,0.0,0.8972160305538273,1368.382320293524,1.0,0.0,0.903113107689569,1289.8734230653226,1.0,0.0,0.9094646085881686,1205.3146967989308,1.0,0.0,0.9070356281557179,1237.6521702202622,1.0,0.0,0.904720618919382,1268.4723236681875,1.0,0.0,0.9188978385087102,1079.728332348459,1.0,0.0,0.9182841123174877,1087.8989845824146,1.0,0.0,0.9176626037713141,1096.1732447717982,1.0,0.0,0.922864439962432,1026.9202210236124,1.0,0.0,0.7213858397677541,3709.24272626862,1.0,0.0,0.7344394136965274,3535.4580410008234,1.0,0.0,0.8057009495049714,2586.739809523048,1.0,0.0,0.9450045981258154,732.164130530899,1.0,0.0
30341,30,和歌山県,かつらぎ町,2,21.366270433972396,13313.18811354271,5.364669979468852,0.9351313146576286,0.7669232055544852,3102.995209354663,1.0,0.0,0.7731086647510528,3020.647027502117,1.0,0.0,0.7777825546264647,2958.422652368775,1.0,0.0,0.976923081576824,307.2273560486192,1.0,0.0,0.9793666911125183,274.6951226238767,1.0,0.0,0.9812238314747811,249.97066362782056,1.0,0.0,0.9801583287119864,264.1559023444031,1.0,0.0,0.9780891621112823,291.7031065378366,1.0,0.0,0.9756724131107329,323.8777406053662,1.0,0.0,0.9718563199043274,374.6821073210568,1.0,0.0,0.966737916469574,442.82437508893264,1.0,0.0,0.9607182577252388,522.9652243315993,1.0,0.0,1.0,0.0,1.0,0.0,1.0,0.0,1.0,0.0,1.0,0.0,1.0,0.0,1.0,0.0,1.0,0.0
30344,30,和歌山県,高野町,2,0.0,0.0,5.226962099000678,0.0,1.0,0.0,1.0,0.0,1.0,0.0,1.0,0.0,1.0,0.0,1.0,0.0,1.0,0.0,1.0,0.0,1.0,0.0,1.0,0.0,1.0,0.0,1.0,0.0,1.0,0.0,1.0,0.0,1.0,0.0,1.0,0.0,1.0,0.0,1.0,0.0,1.0,0.0,1.0,0.0,1.0,0.0,1.0,0.0,1.0,0.0,1.0,0.0,1.0,0.0,1.0,0.0,1.0,0.0,1.0,0.0,1.0,0.0,1.0,0.0,1.0,0.0,1.0,0.0
30361,30,和歌山県,湯浅町,1,19.229643390575156,11981.86930218844,5.9999696587609606,14.953077290680488,0.7302241307869554,3232.4192057949826,0.9849999999999999,179.72803953282676,0.7398412918671966,3117.187638673439,0.9849999999999999,179.72803953282676,0.7404228863492608,3110.219049602472,0.9849999999999999,179.72803953282676,0.8823742627062893,1409.3762108267945,0.9849999999999999,179.72803953282676,0.8885507011496521,1335.3709326454093,0.9849999999999999,179.72803953282676,0.8948882226728894,1259.435578054175,0.9849999999999999,179.72803953282676,0.8923629014649487,1289.6936467137637,0.9849999999999999,179.72803953282676,0.890055211380968,1317.3440876899751,0.9849999999999999,179.72803953282676,0.9138978385087103,1031.6648456245555,0.995,59.90934651094225,0.9132841123174875,1039.0184326351157,0.995,59.90934651094225,0.912662603771314,1046.4652668055608,0.995,59.90934651094225,0.9178644399624317,984.1375454321935,0.995,59.90934651094225,0.7213858397677541,3338.318453641759,1.0,0.0,0.7344394136965274,3181.912236900742,1.0,0.0,0.8057009495049715,2328.065828570743,1.0,0.0,0.9450045981258154,658.9477174778092,1.0,0.0
30362,30,和歌山県,広川町,2,38.45928678115031,23963.73860437688,5.5451600713164195,40.35030410596619,0.37495363281603206,14978.447758811977,0.51,11742.23191614467,0.38002144244994274,14857.004093448199,0.51,11742.23191614467,0.3803045208894764,14850.22047571868,0.51,11742.23191614467,0.4535674612168077,13094.566524326452,0.51,11742.23191614467,0.45664991219899087,13020.699474728608,0.51,11742.23191614467,0.4598174224551621,12944.794086923037,0.51,11742.23191614467,0.4596708694073095,12948.306045853451,0.51,11742.23191614467,0.45652174364502573,13023.770872453131,0.51,11742.23191614467,0.4670007642703786,12772.654361357301,0.515,11622.413223122785,0.4655387959043218,12807.688589129351,0.515,11622.413223122785,0.4697613493325844,12706.500422531455,0.5199999999999999,11502.594530100901,0.48419084745590224,12360.715701311918,0.5349999999999999,11143.138451035247,0.38538425788749003,14728.490986119297,0.5575,10603.95433243677,0.4733554110676051,12620.373266585426,0.6525,8327.399165020966,0.5943273575976491,9721.433161476793,0.74,6230.572037137988,0.8408467343077063,3813.9072570830676,0.89,2636.0112464814565
30366,30,和歌山県,有田川町,6,19.229643390575156,11981.86930218844,5.448696103568171,14.82779605562635,0.738062028028071,3138.5065454479522,0.995,59.90934651094225,0.7478930508717895,3020.712514627688,0.995,59.90934651094225,0.7484695595875382,3013.8048625440138,0.995,59.90934651094225,0.8922160305538273,1291.453434775114,0.995,59.90934651094225,0.898113107689569,1220.7954272697327,0.995,59.90934651094225,0.9044646085881688,1144.6925736299786,0.995,59.90934651094225,0.9020356281557178,1173.7962997091784,0.995,59.90934651094225,0.9002187444725133,1195.5659625386152,0.995,59.90934651094225,0.914001519596204,1030.4225523850957,0.995,59.90934651094225,0.9133051718305797,1038.7661003016788,0.995,59.90934651094225,0.9176626037713141,986.5559202946185,1.0,0.0,0.9228644399624317,924.2281989212513,1.0,0.0,0.7213858397677541,3338.318453641759,1.0,0.0,0.7344394136965274,3181.912236900742,1.0,0.0,0.8057009495049715,2328.065828570743,1.0,0.0,0.9450045981258154,658.9477174778092,1.0,0.0
30382,30,和歌山県,日高町,1,19.229643390575156,11981.86930218844,6.196489894765128,15.693727196911023,0.6936259094165871,3670.934310947295,0.9500000000000001,599.0934651094225,0.7030928027170011,3557.503232723971,0.9500000000000001,599.0934651094225,0.7034691664861747,3552.9936912316534,0.9500000000000001,599.0934651094225,0.8419809842742688,1893.3631936861707,0.9500000000000001,599.0934651094225,0.8478894390426285,1822.5688608737933,0.9500000000000001,599.0934651094225,0.8544326639435894,1744.1687952956545,0.9500000000000001,599.0934651094225,0.8590483976100951,1688.8636777698734,0.9549999999999998,539.1841185984803,0.8667064226364163,1597.1062227916022,0.965,419.3654255765957,0.8972648522948294,1230.9591125443794,0.9849999999999999,179.72803953282676,0.90363429244062,1154.641313189405,0.9899999999999999,119.8186930218845,0.9130211443399459,1042.1692805726832,1.0,0.0,0.913476396377955,1036.7145101537005,1.0,0.0,0.6966207273583859,3635.0507937848133,1.0,0.0,0.7259320580214262,3283.846260707035,1.0,0.0,0.8057009495049715,2328.065828570743,1.0,0.0,0.9450045981258154,658.9477174778092,1.0,0.0
30383,30,和歌山県,由良町,5,2.1366270433972394,1331.318811354271,5.6450737543191085,0.04750000000000004,0.9899999999999999,13.313188113542722,0.9899999999999999,13.313188113542722,0.9899999999999999,13.313188113542722,0.9899999999999999,13.313188113542722,0.9899999999999999,13.313188113542722,0.9899999999999999,13.313188113542722,0.9899999999999999,13.313188113542722,0.9899999999999999,13.313188113542722,0.9899999999999999,13.313188113542722,0.9899999999999999,13.313188113542722,0.9899999999999999,13.313188113542722,0.9899999999999999,13.313188113542722,0.995,6.656594056771361,0.995,6.656594056771361,0.995,6.656594056771361,0.995,6.656594056771361,1.0,0.0,1.0,0.0,1.0,0.0,1.0,0.0,1.0,0.0,1.0,0.0,1.0,0.0,1.0,0.0,1.0,0.0,1.0,0.0,1.0,0.0,1.0,0.0,1.0,0.0,1.0,0.0,1.0,0.0,1.0,0.0
30390,30,和歌山県,印南町,3,19.229643390575156,11981.86930218844,5.5280447660656415,15.496569902820376,0.7219192012370331,3331.9277862260337,0.9899999999999999,119.8186930218845,0.7318229560524924,3213.2622904262817,0.9899999999999999,119.8186930218845,0.7324175950110657,3206.137404142666,0.9899999999999999,119.8186930218845,0.8762896797347639,1482.2808887499327,0.9899999999999999,119.8186930218845,0.8823891837809061,1409.1974284608882,0.9899999999999999,119.8186930218845,0.888733151844499,1333.1848322656601,0.9899999999999999,119.8186930218845,0.8884341150866386,1336.7678516148944,0.9899999999999999,119.8186930218845,0.8911231512175437,1304.5481721455271,0.995,59.90934651094225,0.9072683191643591,1111.0988799449015,1.0,0.0,0.9086377593101496,1094.690427100869,1.0,0.0,0.9080246112094756,1102.0370875060319,1.0,0.0,0.913476396377955,1036.7145101537005,1.0,0.0,0.6966207273583859,3635.0507937848133,1.0,0.0,0.7259320580214262,3283.846260707035,1.0,0.0,0.8057009495049715,2328.065828570743,1.0,0.0,0.9450045981258154,658.9477174778092,1.0,0.0
30391,30,和歌山県,みなべ町,2,19.229643390575156,11981.86930218844,5.694540131940272,15.017788978239988,0.7176785789988935,3382.738367643376,0.9599999999999999,479.274772087538,0.7274482558481395,3265.6793765110942,0.9599999999999999,479.274772087538,0.7279996999166906,3259.072045754249,0.9599999999999999,479.274772087538,0.871919669425115,1534.6417811293618,0.9599999999999999,479.274772087538,0.8777024442236872,1465.3533292888826,0.9599999999999999,479.274772087538,0.8841002787929028,1388.6953116635154,0.9599999999999999,479.274772087538,0.8837566208001225,1392.812976817661,0.965,419.3654255765957,0.8814386378880591,1420.5867451147135,0.965,419.3654255765957,0.9024976042564958,1168.2609624489214,0.9800000000000001,239.637386043769,0.9084519199561327,1096.9171299519035,0.9899999999999999,119.8186930218845,0.9128507866617293,1044.2104840076975,0.995,59.90934651094225,0.9228644399624317,924.2281989212513,1.0,0.0,0.7213858397677541,3338.318453641759,1.0,0.0,0.7344394136965274,3181.912236900742,1.0,0.0,0.8057009495049715,2328.065828570743,1.0,0.0,0.9450045981258154,658.9477174778092,1.0,0.0
30392,30,和歌山県,日高川町,7,40.59591382454755,25295.05741573115,5.43151882504664,14.37928518257983,0.7316371013937628,6788.254928496807,0.9871052631578948,326.1731087817967,0.7413250840894303,6543.196849967289,0.9871052631578948,326.1731087817967,0.7421240810351752,6522.986176349674,0.9871052631578948,326.1731087817967,0.8910472066407198,2755.9671636272815,0.9871052631578948,326.1731087817967,0.8970407469551872,2604.36021724933,0.9871052631578948,326.1731087817967,0.9031525327638632,2449.7622443062173,0.9871052631578948,326.1731087817967,0.9031094409573072,2450.8522540272047,0.9897368421052631,259.6071682140831,0.9010170182515751,2503.780206506673,0.9897368421052631,259.6071682140831,0.916737249953244,2106.1360430243603,0.9973684210526316,66.56594056771361,0.9183411286466051,2065.5658393879253,1.0,0.0,0.9174728941337679,2087.5278812404645,1.0,0.0,0.9200236676417836,2023.0059189006793,1.0,0.0,0.7239621127587987,6982.394206683306,1.0,0.0,0.7443864866032412,6465.758497607777,1.0,0.0,0.8159272153204993,4656.131657141486,1.0,0.0,0.9478990929612988,1317.8954349556184,1.0,0.0
30401,30,和歌山県,白浜町,5,19.229643390575156,11981.86930218844,5.814724803845314,15.886363737111278,0.6997872593649663,3597.10982114077,0.975,299.54673255471124,0.7095636968710459,3479.969824701911,0.975,299.54673255471124,0.7100024374970235,3474.712891863887,0.975,299.54673255471124,0.848038750548876,1820.779829920621,0.975,299.54673255471124,0.8541582951667079,1747.456246120851,0.975,299.54673255471124,0.8601695432486304,1675.430257260224,0.975,299.54673255471124,0.8646831199184091,1621.3491715175298,0.9800000000000001,239.637386043769,0.8761373675219509,1484.1058737769836,0.9899999999999999,119.8186930218845,0.8922825354687666,1290.656581576358,0.995,59.90934651094225,0.8936519756145571,1274.2481287323258,0.995,59.90934651094225,0.8930844727508521,1281.047873873858,0.995,59.90934651094225,0.9038815196046198,1151.679069622407,1.0,0.0,0.6966207273583859,3635.0507937848133,1.0,0.0,0.7259320580214262,3283.846260707035,1.0,0.0,0.8057009495049715,2328.065828570743,1.0,0.0,0.9450045981258154,658.9477174778092,1.0,0.0
30404,30,和歌山県,上富田町,1,0.0,0.0,5.771387721695175,0.0,1.0,0.0,0.96,0.0,1.0,0.0,0.96,0.0,1.0,0.0,0.96,0.0,1.0,0.0,0.96,0.0,1.0,0.0,0.96,0.0,1.0,0.0,0.96,0.0,1.0,0.0,0.96,0.0,1.0,0.0,0.98,0.0,1.0,0.0,0.99,0.0,1.0,0.0,0.99,0.0,1.0,0.0,0.995,0.0,1.0,0.0,1.0,0.0,1.0,0.0,1.0,0.0,1.0,0.0,1.0,0.0,1.0,0.0,1.0,0.0,1.0,0.0,1.0,0.0
30406,30,和歌山県,すさみ町,3,0.0,0.0,5.628694692945106,0.0,1.0,0.0,0.7683333333333332,0.0,1.0,0.0,0.7683333333333332,0.0,1.0,0.0,0.7683333333333332,0.0,1.0,0.0,0.7683333333333332,0.0,1.0,0.0,0.7683333333333332,0.0,1.0,0.0,0.7683333333333332,0.0,1.0,0.0,0.7733333333333333,0.0,1.0,0.0,0.7916666666666666,0.0,1.0,0.0,0.8033333333333333,0.0,1.0,0.0,0.805,0.0,1.0,0.0,0.8150000000000001,0.0,1.0,0.0,0.8516666666666667,0.0,1.0,0.0,0.895,0.0,1.0,0.0,0.9483333333333333,0.0,1.0,0.0,0.9700000000000001,0.0,1.0,0.0,0.995,0.0
30421,30,和歌山県,那智勝浦町,4,70.50869243210889,43933.520774690944,6.1683802562122185,72.87543452862373,0.0003422512907436061,43918.484470498894,0.13939393939393943,37809.454242461296,0.0003422512907436061,43918.484470498894,0.13939393939393943,37809.454242461296,0.0003422512907436061,43918.484470498894,0.13939393939393943,37809.454242461296,9.032012907978656e-05,43929.55269342364,0.13939393939393943,37809.454242461296,9.032012907978656e-05,43929.55269342364,0.13939393939393943,37809.454242461296,9.032012907978656e-05,43929.55269342364,0.13939393939393943,37809.454242461296,9.032012907978656e-05,43929.55269342364,0.13939393939393943,37809.454242461296,9.062358074130097e-05,43929.539361723764,0.14090909090909093,37742.88830189358,9.062358074130097e-05,43929.539361723764,0.14090909090909093,37742.88830189358,0.000497330971711287,43911.67127411337,0.14287878787878788,37656.35257915555,0.000500586366300316,43911.52825316756,0.15045454545454545,37323.52287631699,0.003541123641833,43777.94674560672,0.1572727272727273,37023.97614376227,0.02398956300232165,42879.574810152684,0.26712121212121215,32197.94545260304,0.11671370544484959,38805.87677183848,0.3715151515151516,27611.55214748758,0.27713631425486795,31757.94675495342,0.49621212121212127,22133.175238764754,0.5877758204743838,18110.459555018588,0.7303030303030303,11848.73742105301
30422,30,和歌山県,太地町,1,21.366270433972392,13313.188113542708,5.920700700914666,67.99148460133259,0.001119576467317529,13298.282981425815,0.455,7255.687521880775,0.001119576467317529,13298.282981425815,0.455,7255.687521880775,0.001119576467317529,13298.282981425815,0.455,7255.687521880775,0.0002954562737431843,13309.254648591039,0.455,7255.687521880775,0.0002954562737431843,13309.254648591039,0.455,7255.687521880775,0.0002954562737431843,13309.254648591039,0.455,7255.687521880775,0.0002954562737431843,13309.254648591039,0.455,7255.687521880775,0.00029905781644629315,13309.206700575533,0.465,7122.555640745348,0.00029905781644629315,13309.206700575533,0.465,7122.555640745348,0.0003028784482739866,13309.1558357853,0.47,7055.989700177636,0.00031810518863494507,13308.953119326517,0.49499999999999994,6723.159997339068,0.004670241633721162,13251.012308137279,0.51,6523.4621756359265,0.05208009106107056,12619.836064276242,0.8099999999999999,2529.505741573114,0.16722058958606795,11086.948947925866,0.84,2130.1100981668337,0.38650335233076477,8167.5962774483605,0.885,1531.0166330574114,0.6757069715921534,4317.37409110411,0.95,665.659405677136
30424,30,和歌山県,古座川町,3,0.0,0.0,5.762152495892046,0.0,1.0,0.0,0.8183333333333334,0.0,1.0,0.0,0.8183333333333334,0.0,1.0,0.0,0.8183333333333334,0.0,1.0,0.0,0.8183333333333334,0.0,1.0,0.0,0.8183333333333334,0.0,1.0,0.0,0.8183333333333334,0.0,1.0,0.0,0.8183333333333334,0.0,1.0,0.0,0.8183333333333334,0.0,1.0,0.0,0.82,0.0,1.0,0.0,0.82,0.0,1.0,0.0,0.8266666666666667,0.0,1.0,0.0,0.835,0.0,1.0,0.0,0.935,0.0,1.0,0.0,0.9466666666666667,0.0,1.0,0.0,0.9616666666666666,0.0,1.0,0.0,0.9833333333333334,0.0
30427,30,和歌山県,北山村,1,0.0,0.0,5.443974813816133,1.1150000000000002,0.16,0.0,0.155,0.0,0.19,0.0,0.18,0.0,0.29,0.0,0.28,0.0,0.595,0.0,0.575,0.0,0.87,0.0,0.845,0.0,0.955,0.0,0.93,0.0,0.985,0.0,0.96,0.0,0.985,0.0,0.97,0.0,0.99,0.0,0.98,0.0,1.0,0.0,1.0,0.0,1.0,0.0,1.0,0.0,1.0,0.0,1.0,0.0,1.0,0.0,1.0,0.0,1.0,0.0,1.0,0.0,1.0,0.0,1.0,0.0,1.0,0.0,1.0,0.0
30428,30,和歌山県,串本町,7,21.366270433972392,13313.188113542708,6.08115854725155,67.99096166762949,0.0012713094690116123,13296.262931431229,0.48000000000000004,6922.857819042209,0.0012713094690116123,13296.262931431229,0.48000000000000004,6922.857819042209,0.0012713094690116123,13296.262931431229,0.48000000000000004,6922.857819042209,0.0003354986179328989,13308.721557330335,0.48000000000000004,6922.857819042209,0.0003354986179328989,13308.721557330335,0.48000000000000004,6922.857819042209,0.0003354986179328989,13308.721557330335,0.48000000000000004,6922.857819042209,0.0003354986179328989,13308.721557330335,0.48000000000000004,6922.857819042209,0.0003302596430876292,13308.791304787972,0.48000000000000004,6922.857819042209,0.0003302596430876292,13308.791304787972,0.48000000000000004,6922.857819042209,0.0003215995442587882,13308.906598312762,0.48000000000000004,6922.857819042209,0.0003305859192914795,13308.786961011492,0.5,6656.594056771354,0.004670241633721162,13251.012308137279,0.51,6523.4621756359265,0.05208009106107056,12619.836064276242,0.8099999999999999,2529.505741573114,0.16722058958606795,11086.948947925866,0.84,2130.1100981668337,0.38650335233076477,8167.5962774483605,0.885,1531.0166330574114,0.6757069715921534,4317.37409110411,0.95,665.659405677136
33101,33,岡山県,岡山市北区,36,314.2940880093133,193682.63126624352,5.2979102561555775,1.551372764486088,0.7346145511171323,51400.55203940701,0.9895774647887325,2018.6640441833838,0.7442053795106789,49542.97516012191,0.9895774647887325,2018.6640441833838,0.753265122987894,47788.260204857674,0.9895774647887325,2018.6640441833838,0.9662358902867977,6539.521611615187,0.9895774647887325,2018.6640441833838,0.9692470886002128,5956.304799008517,0.9895774647887325,2018.6640441833838,0.9621079830400334,7339.02554879152,0.9898591549295778,1964.1055565027518,0.9619172763924155,7375.962114102084,0.990704225352113,1800.430093460856,0.961824662285844,7393.899857955238,0.9926760563380282,1418.5206796964317,0.9599485649693182,7757.267322731492,0.9932394366197184,1309.4037043351673,0.9574143378205703,8248.103105127315,0.9946478873239438,1036.6112659320072,0.9577427921271031,8184.487210787314,0.995492957746479,872.9358028901112,0.948622151991274,9950.99679112724,0.9966197183098592,654.7018521675843,0.9837259388565495,3152.002983651276,0.9966197183098592,654.7018521675843,0.9974647887323944,491.02638912568824,0.9974647887323944,491.02638912568824,0.9983098591549296,327.35092608379216,0.9983098591549296,327.35092608379216,0.9994366197183098,109.11697536126405,0.9994366197183098,109.11697536126405
33102,33,岡山県,岡山市中区,9,132.80031887717467,81837.73152094797,5.457255884902095,18.941315573145168,0.5371804940781246,37876.09846829223,0.7241666666666666,22573.57427786148,0.5441405934995661,37306.49972048119,0.7241666666666666,22573.57427786148,0.5507183537563929,36768.19074257383,0.7241666666666666,22573.57427786148,0.7074156110485393,23944.442670230244,0.7241666666666666,22573.57427786148,0.7092091016074021,23797.667471388682,0.7241666666666666,22573.57427786148,0.7038364476400116,24237.353284326942,0.7241666666666666,22573.57427786148,0.7030908170280357,24298.374002163633,0.7241666666666666,22573.57427786148,0.7016479568760842,24416.454403901313,0.7241666666666666,22573.57427786148,0.6999123316903908,24558.49403186908,0.7241666666666666,22573.57427786148,0.6978814540505408,24724.69645091102,0.725,22505.376168260693,0.6989797465068599,24634.814687739305,0.7264999999999999,22382.61957097927,0.6950326592829078,24957.83535226285,0.7299999999999999,22096.187510655953,0.7345038771443069,21727.60042211683,0.7464999999999999,20745.864940560314,0.7863333333333332,17485.99530164255,0.7863333333333332,17485.99530164255,0.8404999999999999,13053.118177591201,0.8404999999999999,13053.118177591201,0.9221666666666667,6369.703436713782,0.9221666666666667,6369.703436713782
33103,33,岡山県,岡山市東区,25,216.9071874993853,133668.29481754836,5.395933650667809,10.96514119874972,0.6228030959171793,50419.26697920897,0.8335714285714285,22246.22335177769,0.6307764199346646,49353.48635376392,0.8335714285714285,22246.22335177769,0.6376829375190737,48430.30392512855,0.8330612244897959,22314.421461378482,0.8143283370859228,24818.41457766334,0.8340816326530611,22178.025242176904,0.8157873638605043,24623.388956611874,0.8335714285714285,22246.22335177769,0.8113021536277636,25222.91936032055,0.8345918367346937,22109.827132576112,0.8103595055928408,25348.92151576181,0.8345918367346937,22109.827132576112,0.8089103852223595,25542.62296466939,0.8350000000000001,22055.268644895477,0.8062990492156575,25891.675795880932,0.8338775510204082,22205.304486017216,0.8030778946864361,26322.242029145764,0.8337755102040816,22218.944107937372,0.8032879316358237,26294.166748272437,0.8347959183673468,22082.547888735797,0.7961101548833659,27253.60792735453,0.8362244897959182,21891.593181853583,0.8461041234475465,20570.999398218377,0.8561224489795919,19231.866907422773,0.8892857142857143,14798.989783371424,0.8892857142857143,14798.989783371424,0.9209183673469389,10570.706988122447,0.9209183673469389,10570.706988122447,0.9647959183673469,4705.669562454508,0.9647959183673469,4705.669562454508
33104,33,岡山県,岡山市南区,9,57.546804846775686,35463.01699241079,5.78350236209236,20.75475022529466,0.5128597779113514,17275.461973616515,0.6703846153846155,11689.155985575402,0.5188447218331008,17063.217805620887,0.6703846153846155,11689.155985575402,0.5244980805768417,16862.73264842741,0.6703846153846155,11689.155985575402,0.6562387880912194,12190.809699252814,0.6703846153846155,11689.155985575402,0.6577424848996676,12137.48407378338,0.6703846153846155,11689.155985575402,0.6530277381264248,12304.683218717808,0.6703846153846155,11689.155985575402,0.6523573089333681,12328.458660583381,0.6703846153846155,11689.155985575402,0.6525796748239261,12320.572895227991,0.671923076923077,11634.59749789477,0.6511972105503082,12369.599249254701,0.671923076923077,11634.59749789477,0.6502783483725328,12402.184874278837,0.6734615384615384,11580.039010214137,0.6515835604530115,12355.898116090122,0.675,11525.480522533506,0.6567429720094572,12172.92981639305,0.6865384615384615,11116.291864928766,0.7072199924977927,10382.862381088938,0.7153846153846155,10093.320220916916,0.7788461538461539,7842.782604090847,0.7788461538461539,7842.782604090847,0.8307692307692309,6001.433644869518,0.8307692307692309,6001.433644869518,0.9211538461538461,2796.1224936323883,0.9211538461538461,2796.1224936323883
33202,33,岡山県,倉敷市,61,586.5347417075214,361449.98088418687,5.624490536984055,13.362549348949466,0.5946206897240937,146524.34395007117,0.7891886792452831,76197.74785696264,0.5980216881375479,145295.05313854106,0.7898679245283019,75952.2346623998,0.604571024478013,142927.79564347584,0.7902075471698115,75829.47806511838,0.7669396273483366,84239.6672398052,0.7903962264150944,75761.27995551759,0.7726891321824823,82161.50882740974,0.790811320754717,75611.24411439586,0.768560801348413,83653.69392846769,0.7918301886792454,75242.97432255158,0.76769813823288,83965.50349508657,0.7917924528301887,75256.61394447174,0.7672283821075755,84135.29683759809,0.7926981132075472,74929.26301838794,0.7692021184277585,83421.88988239755,0.7965094339622641,73551.66120445199,0.7697218279536173,83234.04088421051,0.7990943396226413,72617.34710292117,0.770687189716339,82885.11089352849,0.8005283018867925,72099.04146995516,0.7712865513660176,82668.47163670938,0.807245283018868,69671.18876816705,0.8132903116827458,67486.213273164,0.8235094339622642,63792.51172057894,0.8637358490566038,49252.674753690524,0.8637358490566038,49252.674753690524,0.8996603773584904,36267.75468570011,0.8996603773584904,36267.75468570011,0.9445283018867926,20050.244222632253,0.9445283018867926,20050.244222632253
33203,33,岡山県,津山市,13,123.94696428536301,76381.88275288478,4.963072088180668,1.3001628805852734,0.7416795481987357,19731.0024621564,1.0,0.0,0.7516218534682413,18971.590466767637,1.0,0.0,0.7609047361362901,18262.546411207946,1.0,0.0,0.9769230815768242,1762.6584772969027,1.0,0.0,0.9793666911125185,1576.0109802476836,1.0,0.0,0.9716255463393257,2167.2941926868007,1.0,0.0,0.9705600435765311,2248.679299787444,1.0,0.0,0.9684150460274707,2412.5182510849945,1.0,0.0,0.9659983361457958,2597.1111019148343,1.0,0.0,0.9622443924218118,2883.844391301111,1.0,0.0,0.9619482857361435,2906.4615774481567,1.0,0.0,0.9515823295153678,3698.2328301249936,1.0,0.0,0.9867324878089131,1013.3975606020779,1.0,0.0,1.0,0.0,1.0,0.0,1.0,0.0,1.0,0.0,1.0,0.0,1.0,0.0
33204,33,岡山県,玉野市,17,168.21373724442125,103661.12659320077,5.469536984345942,1.5366646273489255,0.7225613628370621,28759.601688792398,0.9918421052631579,845.6565590497964,0.7244829396338631,28560.40887320064,0.996842105263158,327.35092608379216,0.7333825304802073,27637.86725985007,0.996842105263158,327.35092608379216,0.94872227455726,5315.506788531264,0.996842105263158,327.35092608379216,0.9607251332681488,4071.2769322215136,0.996842105263158,327.35092608379216,0.9538373925498499,4785.267894762235,0.9975000000000002,259.15281648300214,0.9527655545426883,4896.375830110002,0.9975000000000002,259.15281648300214,0.955704979329128,4591.67174521171,0.9975000000000002,259.15281648300214,0.9566295268604881,4495.832106521959,1.0,0.0,0.9579448197675083,4359.487361980192,1.0,0.0,0.957565230008695,4398.836064022026,1.0,0.0,0.9515823295153677,5019.030269455349,1.0,0.0,0.9817333896397759,1893.5374089798677,1.0,0.0,1.0,0.0,1.0,0.0,1.0,0.0,1.0,0.0,1.0,0.0,1.0,0.0
33205,33,岡山県,笠岡市,22,141.6536734689863,87293.58028901117,5.409766825062363,14.60407322308267,0.5944191659556237,35404.603100336884,0.7759375000000001,19559.217833506562,0.5991435645835009,34992.19342939699,0.7759375000000001,19559.217833506562,0.602652341448702,34685.89973439833,0.7759375000000001,19559.217833506562,0.7583261407539247,21096.576435852447,0.7759375000000001,19559.217833506562,0.7602230740711091,20930.986335025904,0.7759375000000001,19559.217833506562,0.7602675894962158,20927.10042419027,0.7759375000000001,19559.217833506562,0.7593729452730623,21005.19712151423,0.7759375000000001,19559.217833506562,0.7578814828168835,21135.392219180718,0.7759375000000001,19559.217833506562,0.7558990337845171,21308.44729295646,0.7759375000000001,19559.217833506562,0.7540779212664347,21467.418724769006,0.7771875,19450.1008581453,0.7523860361054538,21615.109437908864,0.778125,19368.263126624355,0.7575181144848466,21167.11194184786,0.7881250000000001,18495.32732373424,0.80875,16694.89723027339,0.80875,16694.89723027339,0.85,13094.037043351673,0.85,13094.037043351673,0.87625,10802.580560765131,0.87625,10802.580560765131,0.9375,5455.848768063198,0.9375,5455.848768063198
33207,33,岡山県,井原市,5,26.560063775434934,16367.546304189593,5.165441467477444,0.9668871074759714,0.764645530556639,3852.1751765121853,1.0,0.0,0.7707981372624636,3751.4721013631342,1.0,0.0,0.7754684628049532,3675.0303317907956,1.0,0.0,0.9769230815768243,377.7125308493363,1.0,0.0,0.9793666911125183,337.7166386245036,1.0,0.0,0.9780594980468353,359.112181655586,1.0,0.0,0.9769939952840407,376.55184746286676,1.0,0.0,0.9749295463288824,410.3418113290579,1.0,0.0,0.972512797328333,449.89806250115305,1.0,0.0,0.9686967378606399,512.3575925381617,1.0,0.0,0.9667379164695739,544.4186923580702,1.0,0.0,0.9607182577252389,642.9457355913961,1.0,0.0,1.0,0.0,1.0,0.0,1.0,0.0,1.0,0.0,1.0,0.0,1.0,0.0,1.0,0.0,1.0,0.0
33208,33,岡山県,総社市,9,17.70670918362329,10911.697536126396,5.262973350197736,1.2989006543392327,0.7421537744440139,2813.5400240987447,1.0,0.0,0.7519187938608229,2706.987085788123,1.0,0.0,0.7611519231088459,2606.2379721217335,1.0,0.0,0.9769230815768242,251.80835389955752,1.0,0.0,0.9793666911125183,225.1444257496691,1.0,0.0,0.9716945644840598,308.86035097826954,1.0,0.0,0.9706290617212653,320.48679484979004,1.0,0.0,0.9685669715888798,342.9876986666109,1.0,0.0,0.9661502802371978,369.35790373433724,1.0,0.0,0.9623273161053657,411.07293203234957,1.0,0.0,0.9619482857361437,415.20879677830806,1.0,0.0,0.9515823295153678,528.318975732142,1.0,0.0,0.9867324878089129,144.77108008601112,1.0,0.0,1.0,0.0,1.0,0.0,1.0,0.0,1.0,0.0,1.0,0.0,1.0,0.0
33209,33,岡山県,高梁市,25,57.546804846775686,35463.01699241078,4.937043520314926,1.158989369846308,0.7516804787172721,8806.159402796691,1.0,0.0,0.760068744203219,8508.6862013317,1.0,0.0,0.7675483198463918,8243.437883201848,1.0,0.0,0.9769230815768243,818.377150173562,1.0,0.0,0.9793666911125182,731.7193836864245,1.0,0.0,0.9753596671727988,873.820541749697,1.0,0.0,0.9742941644100043,911.6064843321385,1.0,0.0,0.9722293525590346,984.8309420892031,1.0,0.0,0.9698126390347115,1070.5348948680682,1.0,0.0,0.9659923175665048,1206.015020011549,1.0,0.0,0.9637904514028477,1284.099837188341,1.0,0.0,0.955096148057626,1592.426064457114,1.0,0.0,0.9918353771131772,289.54216017202225,1.0,0.0,1.0,0.0,1.0,0.0,1.0,0.0,1.0,0.0,1.0,0.0,1.0,0.0
33210,33,岡山県,新見市,11,106.24025510173972,65470.18521675838,4.7139640373822695,1.2989006543392327,0.7421537744440141,16881.24014459247,1.0,0.0,0.751918793860823,16241.92251472874,1.0,0.0,0.761151923108846,15637.427832730402,1.0,0.0,0.9769230815768242,1510.8501233973452,1.0,0.0,0.9793666911125185,1350.8665544980145,1.0,0.0,0.9716945644840601,1853.162105869617,1.0,0.0,0.9706290617212655,1922.9207690987403,1.0,0.0,0.9685669715888799,2057.9261919996657,1.0,0.0,0.966150280237198,2216.1474224060235,1.0,0.0,0.9623273161053658,2466.4375921940973,1.0,0.0,0.9619482857361437,2491.2527806698486,1.0,0.0,0.9515823295153678,3169.9138543928516,1.0,0.0,0.9867324878089132,868.6264805160667,1.0,0.0,1.0,0.0,1.0,0.0,1.0,0.0,1.0,0.0,1.0,0.0,1.0,0.0
33211,33,岡山県,備前市,13,172.64041454032707,106389.05097723237,5.10677559945554,1.3134723674222983,0.7411190302073001,27542.100692310905,0.9987179487179488,136.39621920158007,0.7508730393471436,26504.380916699713,0.9987179487179488,136.39621920158007,0.7601012912540672,25522.595954143253,0.9987179487179488,136.39621920158007,0.9756410302947728,2591.527669722266,0.9987179487179488,136.39621920158007,0.978084639830467,2331.554370260854,0.9987179487179488,136.39621920158007,0.9704125132020085,3147.7846412397084,0.9987179487179488,136.39621920158007,0.969347010439214,3261.142468987033,0.9987179487179488,136.39621920158007,0.9672849203068284,3480.526281201037,0.9987179487179488,136.39621920158007,0.9655092545961721,3669.4376710105785,0.9993589743589745,68.19810960079003,0.9617202642712835,4072.544755837379,0.9993589743589745,68.19810960079003,0.961343025785799,4112.678800300168,0.9993589743589745,68.19810960079003,0.9515823295153678,5151.110013388385,1.0,0.0,0.9867324878089131,1411.5180308386086,1.0,0.0,1.0,0.0,1.0,0.0,1.0,0.0,1.0,0.0,1.0,0.0,1.0,0.0
33212,33,岡山県,瀬戸内市,6,22.13338647952911,13639.621920157995,5.472312474722389,1.2989006543392327,0.742153774444014,3516.925030123431,1.0,0.0,0.7519187938608229,3383.7338572351537,1.0,0.0,0.7611519231088458,3257.797465152167,1.0,0.0,0.9769230815768242,314.76044237444694,1.0,0.0,0.9793666911125183,281.4305321870864,1.0,0.0,0.9716945644840599,386.0754387228369,1.0,0.0,0.9706290617212652,400.6084935622376,1.0,0.0,0.9685669715888798,428.7346233332637,1.0,0.0,0.9661502802371978,461.69737966792155,1.0,0.0,0.9623273161053657,513.841165040437,1.0,0.0,0.9619482857361435,519.0109959728851,1.0,0.0,0.9515823295153677,660.3987196651775,1.0,0.0,0.9867324878089131,180.9638501075139,1.0,0.0,1.0,0.0,1.0,0.0,1.0,0.0,1.0,0.0,1.0,0.0,1.0,0.0
33213,33,岡山県,赤磐市,9,90.74688456606935,55922.44987264778,5.014212792848793,1.2545385397439153,0.7451744367745593,14250.469785743951,1.0,0.0,0.7545029244571925,13728.797900924277,1.0,0.0,0.7631800489036774,13243.551844026993,1.0,0.0,0.9769230815768242,1290.5178137352323,1.0,0.0,0.9793666911125183,1153.865181967054,1.0,0.0,0.9728566702146356,1517.9214992987918,1.0,0.0,0.9717911674518412,1577.5070241403346,1.0,0.0,0.9697282143355143,1692.87241637774,1.0,0.0,0.9673115159534826,1828.0201105042145,1.0,0.0,0.9634893897393855,2041.7627721189979,1.0,0.0,0.9625323870450987,2095.280707318249,1.0,0.0,0.9526964671019373,2645.329447291054,1.0,0.0,0.9883504771005088,651.4698603870501,1.0,0.0,1.0,0.0,1.0,0.0,1.0,0.0,1.0,0.0,1.0,0.0,1.0,0.0
33214,33,岡山県,真庭市,9,57.546804846775686,35463.01699241079,4.606068365736785,1.604085782174953,0.7416384272922119,9162.28084312227,0.9907692307692307,327.35092608379216,0.7502749752611495,8856.002795744058,0.9907692307692307,327.35092608379216,0.758098131259187,8578.570081651378,0.9907692307692307,327.35092608379216,0.970769235422978,1036.61110089609,0.9938461538461537,218.2339507225281,0.9747513064971336,895.3948467283207,0.9953846153846154,163.67546304189608,0.9700892619759992,1060.7250108006933,0.9969230769230769,109.11697536126405,0.9674852976747431,1153.069441063767,0.9953846153846154,163.67546304189608,0.9668814917496191,1174.4822208465555,0.9953846153846154,163.67546304189608,0.9552340134290549,1587.536942447462,0.986153846153846,491.02638912568824,0.9514778924332216,1720.7403251482506,0.9876923076923078,436.4679014450562,0.9481021318899898,1840.4549786551884,0.986153846153846,491.02638912568824,0.9407484285719694,2101.2394843792963,0.9876923076923078,436.4679014450562,0.9818185024980742,644.7707548582682,0.9923076923076923,272.79243840316013,1.0,0.0,1.0,0.0,1.0,0.0,1.0,0.0,1.0,0.0,1.0,0.0
33215,33,岡山県,美作市,9,39.8400956631524,24551.319456284393,4.830054502264212,1.298900654339233,0.742153774444014,6330.465054222175,1.0,0.0,0.751918793860823,6090.720943023276,1.0,0.0,0.761151923108846,5864.0354372739,1.0,0.0,0.9769230815768243,566.5687962740044,1.0,0.0,0.9793666911125183,506.5749579367555,1.0,0.0,0.9716945644840599,694.9357897011064,1.0,0.0,0.9706290617212654,721.0952884120277,1.0,0.0,0.9685669715888799,771.7223219998746,1.0,0.0,0.9661502802371981,831.0552834022587,1.0,0.0,0.9623273161053658,924.9140970727865,1.0,0.0,0.9619482857361437,934.2197927511932,1.0,0.0,0.9515823295153678,1188.7176953973194,1.0,0.0,0.9867324878089131,325.73493019352503,1.0,0.0,1.0,0.0,1.0,0.0,1.0,0.0,1.0,0.0,1.0,0.0,1.0,0.0
33216,33,岡山県,浅口市,5,35.41341836724658,21823.39507225279,5.549533152138199,1.0160688377497722,0.7560143155977129,5324.595982685095,0.9899999999999999,218.2339507225281,0.7619153269752861,5195.8158800664605,0.9899999999999999,218.2339507225281,0.7666299019753934,5092.9278472413525,0.9899999999999999,218.2339507225281,0.967319226861,713.2054234790635,0.9899999999999999,218.2339507225281,0.9722241918742658,606.1624341789895,0.9925,163.67546304189608,0.9693113705143331,669.7300854916915,0.9925,163.67546304189608,0.9729924785718321,589.3958100492391,0.9974999999999999,54.55848768063203,0.9709336511977018,634.3264132204577,0.9974999999999999,54.55848768063203,0.9709329894371329,634.3408550827911,1.0,0.0,0.9671169468387961,717.6198603188433,1.0,0.0,0.9667379164695739,725.8915898107603,1.0,0.0,0.9607182577252388,857.2609807885282,1.0,0.0,1.0,0.0,1.0,0.0,1.0,0.0,1.0,0.0,1.0,0.0,1.0,0.0,1.0,0.0,1.0,0.0
33346,33,岡山県,和気町,5,17.70670918362329,10911.697536126396,5.321730478865687,1.2989006543392327,0.7421537744440139,2813.5400240987447,1.0,0.0,0.7519187938608229,2706.987085788123,1.0,0.0,0.7611519231088459,2606.2379721217335,1.0,0.0,0.9769230815768242,251.80835389955752,1.0,0.0,0.9793666911125183,225.1444257496691,1.0,0.0,0.9716945644840598,308.86035097826954,1.0,0.0,0.9706290617212653,320.48679484979004,1.0,0.0,0.9685669715888798,342.9876986666109,1.0,0.0,0.9661502802371978,369.35790373433724,1.0,0.0,0.9623273161053657,411.07293203234957,1.0,0.0,0.9619482857361437,415.20879677830806,1.0,0.0,0.9515823295153678,528.318975732142,1.0,0.0,0.9867324878089129,144.77108008601112,1.0,0.0,1.0,0.0,1.0,0.0,1.0,0.0,1.0,0.0,1.0,0.0,1.0,0.0
33423,33,岡山県,早島町,3,61.973482142681505,38190.94137644239,5.629520777541767,1.4746847510188992,0.7256500993028749,10477.680974156696,0.9807142857142859,736.5395836885325,0.7298319684659198,10317.971454106897,0.9771428571428572,872.9358028901124,0.7388253003729707,9974.507642465825,0.9771428571428572,872.9358028901124,0.9565565356846701,1659.1467988563368,0.9842857142857144,600.1433644869524,0.9659664972999601,1299.7715064522242,0.9914285714285715,327.35092608379216,0.9632724788849011,1402.6586058087992,0.9946428571428572,204.59432880237011,0.9621800983654769,1444.3776461868952,0.9946428571428572,204.59432880237011,0.9617585245397642,1460.4779474505317,0.9964285714285716,136.39621920158007,0.9593509654711566,1552.424894700042,0.9964285714285716,136.39621920158007,0.9574127027616073,1626.4489722125895,0.9982142857142857,68.19810960079003,0.9570332728283915,1640.9397585485042,0.9982142857142857,68.19810960079003,0.9515823295153679,1849.1164150624968,1.0,0.0,0.9831628111388171,643.0280927415354,1.0,0.0,1.0,0.0,1.0,0.0,1.0,0.0,1.0,0.0,1.0,0.0,1.0,0.0
33445,33,岡山県,里庄町,5,57.546804846775686,35463.01699241079,5.530455115641245,1.003133133146554,0.7606644349803146,8487.561209181342,0.9965384615384616,122.75659728142206,0.7667238198765195,8272.677139643665,0.9965384615384616,122.75659728142206,0.7713513991122063,8108.569218574781,0.9965384615384616,122.75659728142206,0.9734615431152857,941.1337474549839,0.9965384615384616,122.75659728142206,0.9759051526509799,854.4759809678467,0.9965384615384616,122.75659728142206,0.9730157928713241,956.9413959309713,0.9965384615384616,122.75659728142206,0.9719502901085295,994.727338513413,0.9965384615384616,122.75659728142206,0.969888199976144,1067.8552759180848,0.9965384615384616,122.75659728142206,0.970932989437133,1030.8038895095356,1.0,0.0,0.9671169468387962,1166.1322730181203,1.0,0.0,0.966737916469574,1179.5738334424855,1.0,0.0,0.9607182577252389,1393.0490937813584,1.0,0.0,1.0,0.0,1.0,0.0,1.0,0.0,1.0,0.0,1.0,0.0,1.0,0.0,1.0,0.0,1.0,0.0
33461,33,岡山県,矢掛町,3,17.70670918362329,10911.697536126396,5.091745056687373,0.9827650038851429,0.7635066930577159,2580.5434346725046,1.0,0.0,0.769642873518169,2513.5872894609524,1.0,0.0,0.7743114168941975,2462.645556207443,1.0,0.0,0.9769230815768242,251.80835389955752,1.0,0.0,0.9793666911125183,225.1444257496691,1.0,0.0,0.9764773313328625,256.67224573832283,1.0,0.0,0.9754118285700678,268.29868960984334,1.0,0.0,0.9733497384376824,290.79959342666547,1.0,0.0,0.9709329894371329,317.17042754139555,1.0,0.0,0.9671169468387961,358.80993015942164,1.0,0.0,0.9667379164695739,362.9457949053801,1.0,0.0,0.9607182577252388,428.6304903942641,1.0,0.0,1.0,0.0,1.0,0.0,1.0,0.0,1.0,0.0,1.0,0.0,1.0,0.0,1.0,0.0,1.0,0.0
33606,33,岡山県,鏡野町,3,22.13338647952911,13639.621920157995,4.666369882482031,1.0741547364369035,0.7704788962006569,3130.5810785203785,1.0,0.0,0.7758021202683447,3057.9743148408297,1.0,0.0,0.7801972037553787,2998.027037770158,1.0,0.0,0.9769230815768242,314.76044237444694,1.0,0.0,0.9793666911125183,281.4305321870864,1.0,0.0,0.981223831474781,256.0998397931579,1.0,0.0,0.9801583287119865,270.63289463255853,1.0,0.0,0.9780891621112825,298.8555447559811,1.0,0.0,0.975672413110733,331.81908739939377,1.0,0.0,0.9714486515522003,389.429598138678,1.0,0.0,0.9663302481174469,459.2426858235516,1.0,0.0,0.9563721514493227,595.0673594211506,1.0,0.0,0.9914492604136466,116.62885509558757,1.0,0.0,1.0,0.0,1.0,0.0,1.0,0.0,1.0,0.0,1.0,0.0,1.0,0.0
33622,33,岡山県,勝央町,5,22.13338647952911,13639.621920157995,4.857516723211909,1.2989006543392327,0.742153774444014,3516.925030123431,1.0,0.0,0.7519187938608229,3383.7338572351537,1.0,0.0,0.7611519231088458,3257.797465152167,1.0,0.0,0.9769230815768242,314.76044237444694,1.0,0.0,0.9793666911125183,281.4305321870864,1.0,0.0,0.9716945644840599,386.0754387228369,1.0,0.0,0.9706290617212652,400.6084935622376,1.0,0.0,0.9685669715888798,428.7346233332637,1.0,0.0,0.9661502802371978,461.69737966792155,1.0,0.0,0.9623273161053657,513.841165040437,1.0,0.0,0.9619482857361435,519.0109959728851,1.0,0.0,0.9515823295153677,660.3987196651775,1.0,0.0,0.9867324878089131,180.9638501075139,1.0,0.0,1.0,0.0,1.0,0.0,1.0,0.0,1.0,0.0,1.0,0.0,1.0,0.0
33663,33,岡山県,久米南町,1,0.0,0.0,5.109968092673817,0.0,1.0,0.0,1.0,0.0,1.0,0.0,1.0,0.0,1.0,0.0,1.0,0.0,1.0,0.0,1.0,0.0,1.0,0.0,1.0,0.0,1.0,0.0,1.0,0.0,1.0,0.0,1.0,0.0,1.0,0.0,1.0,0.0,1.0,0.0,1.0,0.0,1.0,0.0,1.0,0.0,1.0,0.0,1.0,0.0,1.0,0.0,1.0,0.0,1.0,0.0,1.0,0.0,1.0,0.0,1.0,0.0,1.0,0.0,1.0,0.0,1.0,0.0,1.0,0.0
33666,33,岡山県,美咲町,4,0.0,0.0,4.693735133760338,0.0,1.0,0.0,1.0,0.0,1.0,0.0,1.0,0.0,1.0,0.0,1.0,0.0,1.0,0.0,1.0,0.0,1.0,0.0,1.0,0.0,1.0,0.0,1.0,0.0,1.0,0.0,1.0,0.0,1.0,0.0,1.0,0.0,1.0,0.0,1.0,0.0,1.0,0.0,1.0,0.0,1.0,0.0,1.0,0.0,1.0,0.0,1.0,0.0,1.0,0.0,1.0,0.0,1.0,0.0,1.0,0.0,1.0,0.0,1.0,0.0,1.0,0.0,1.0,0.0
33681,33,岡山県,吉備中央町,2,0.0,0.0,4.899889959642421,0.0,1.0,0.0,1.0,0.0,1.0,0.0,1.0,0.0,1.0,0.0,1.0,0.0,1.0,0.0,1.0,0.0,1.0,0.0,1.0,0.0,1.0,0.0,1.0,0.0,1.0,0.0,1.0,0.0,1.0,0.0,1.0,0.0,1.0,0.0,1.0,0.0,1.0,0.0,1.0,0.0,1.0,0.0,1.0,0.0,1.0,0.0,1.0,0.0,1.0,0.0,1.0,0.0,1.0,0.0,1.0,0.0,1.0,0.0,1.0,0.0,1.0,0.0,1.0,0.0
34101,34,広島県,広島市中区,2,68.93852118099241,42483.122296409885,5.606025624462875,25.2825,0.5825,17736.703558751127,0.5825,17736.703558751127,0.5825,17736.703558751127,0.5825,17736.703558751127,0.5825,17736.703558751127,0.5825,17736.703558751127,0.5825,17736.703558751127,0.5825,17736.703558751127,0.5825,17736.703558751127,0.5825,17736.703558751127,0.5825,17736.703558751127,0.5825,17736.703558751127,0.5825,17736.703558751127,0.5825,17736.703558751127,0.5825,17736.703558751127,0.5825,17736.703558751127,0.5825,17736.703558751127,0.5825,17736.703558751127,0.5825,17736.703558751127,0.5825,17736.703558751127,0.5825,17736.703558751127,0.5825,17736.703558751127,0.605,16780.833307081906,0.605,16780.833307081906,0.6325000000000001,15612.547443930633,0.6325000000000001,15612.547443930633,0.7175,12001.482048735792,0.7175,12001.482048735792,0.7925,8815.247876505053,0.7925,8815.247876505053,0.9,4248.312229640987,0.9,4248.312229640987
34102,34,広島県,広島市東区,11,130.98319024388556,80717.93236317878,5.2722493015862915,26.46767261605122,0.4364845933569106,45485.79847902608,0.5700000000000001,34708.71091616688,0.4399955589990867,45202.40059179146,0.5700000000000001,34708.71091616688,0.4425906616292502,44992.92927321442,0.5700000000000001,34708.71091616688,0.5568577430436485,35769.52672426916,0.5700000000000001,34708.71091616688,0.558297484752379,35653.31375040342,0.5700000000000001,34708.71091616688,0.5595152446784472,35555.018687056465,0.5700000000000001,34708.71091616688,0.5589677595778516,35599.21055237618,0.5700000000000001,34708.71091616688,0.5574718511575147,35719.95718707044,0.5700000000000001,34708.71091616688,0.5561328218171473,35828.04086679854,0.5700000000000001,34708.71091616688,0.5542225762260589,35982.23194121707,0.5700000000000001,34708.71091616688,0.5557876738749052,35855.900495055714,0.5747368421052632,34326.36281549919,0.562238222721376,35335.225529560914,0.5852631578947369,33476.70036957099,0.6339473684210527,29547.011557153077,0.6339473684210527,29547.011557153077,0.7131578947368421,23153.301651543385,0.7131578947368421,23153.301651543385,0.7936842105263158,16653.383940192674,0.7936842105263158,16653.383940192674,0.8815789473684211,9558.702516692225,0.8815789473684211,9558.702516692225
34103,34,広島県,広島市南区,15,213.70941566107646,131697.67911887064,5.297298990170762,24.152681440159437,0.4655568913586678,70384.91702913787,0.6059677419354839,51893.13388506467,0.469271903643685,69895.65853330304,0.6059677419354839,51893.13388506467,0.47218615897240185,69511.85787015123,0.6059677419354839,51893.13388506467,0.592847889411834,53620.98801281123,0.6059677419354839,51893.13388506467,0.595116913068679,53322.16286333891,0.6067741935483871,51786.926079323646,0.5958195829006934,53229.62287727578,0.6067741935483871,51786.926079323646,0.595998757289302,53206.02602613849,0.6075806451612904,51680.71827358262,0.5948003226903177,53363.85708140047,0.6075806451612904,51680.71827358262,0.593373768531507,53551.730953253194,0.6075806451612904,51680.71827358262,0.5929856688553288,53602.84277987268,0.6096774193548388,51404.57797865596,0.5902357459645117,53965.00124234912,0.6104838709677418,51298.37017291493,0.6033540038139588,52237.35712949404,0.6279032258064516,49004.2815689088,0.6567741935483871,45202.04212338012,0.6567741935483871,45202.04212338012,0.7479032258064516,33200.56007464432,0.7479032258064516,33200.56007464432,0.8056451612903225,25596.081183586954,0.8056451612903225,25596.081183586954,0.9008064516129033,13063.560106146037,0.9008064516129033,13063.560106146037
34104,34,広島県,広島市西区,7,89.62007753529014,55228.05898533285,5.33415770675388,46.76870854074565,0.25152460692020556,41336.84315808107,0.3269230769230769,37172.732009358646,0.2537747920017976,41212.56980366699,0.3269230769230769,37172.732009358646,0.2551564520368209,41136.26340175505,0.3269230769230769,37172.732009358646,0.3193749374609727,37589.60110080126,0.3269230769230769,37172.732009358646,0.32010311585206247,37549.38522166631,0.3269230769230769,37172.732009358646,0.3208047419327956,37510.63577509393,0.3269230769230769,37172.732009358646,0.3206098887553582,37521.397137870925,0.3269230769230769,37172.732009358646,0.31999163306676426,37555.54219950861,0.3269230769230769,37172.732009358646,0.32059829070017887,37522.037675946485,0.32846153846153847,37087.76576476583,0.31947766826702995,37583.92747778472,0.32846153846153847,37087.76576476583,0.32114280088589736,37491.96543529151,0.33153846153846156,36917.83327558019,0.3393850374909548,36484.482116043,0.35230769230769227,35770.788973577124,0.3807692307692307,34198.91344860996,0.3807692307692307,34198.91344860996,0.45307692307692304,30205.49995274743,0.45307692307692304,30205.49995274743,0.548076923076923,24958.83434914081,0.548076923076923,24958.83434914081,0.7507692307692306,13764.531624036801,0.7507692307692306,13764.531624036801
34105,34,広島県,広島市安佐南区,16,158.55859871628255,97711.18128174273,5.1975784742885764,0.9695256810327587,0.7638202118484869,23077.40609515608,0.9956521739130434,424.8312229640992,0.7699827135904975,22475.260770293433,0.9956521739130434,424.8312229640992,0.7746198459552682,22022.161089171892,0.9956521739130434,424.8312229640992,0.9727306459131447,2664.5208006167386,0.9956521739130434,424.8312229640992,0.9751556338175482,2427.572367883535,0.9956521739130434,424.8312229640992,0.9770014567867568,2247.2148251251892,0.9956521739130434,424.8312229640992,0.9759333705772524,2351.578790366612,0.9956521739130434,424.8312229640992,0.97386896200802,2553.294590314448,0.9956521739130434,424.8312229640992,0.9735361114273899,2585.8178137381283,0.9978260869565216,212.4156114820496,0.9705519720782404,2877.4015946528684,0.998695652173913,127.44936688922976,0.9667379164695739,3250.077473649928,1.0,0.0,0.9607182577252388,3838.2654404718915,1.0,0.0,1.0,0.0,1.0,0.0,1.0,0.0,1.0,0.0,1.0,0.0,1.0,0.0,1.0,0.0,1.0,0.0
34106,34,広島県,広島市安佐北区,13,72.38544724004203,44607.27841123038,4.8202026944715435,0.9351313146576286,0.7669232055544853,10396.921461028185,1.0,0.0,0.7731086647510529,10121.004960545593,1.0,0.0,0.7777825546264648,9912.51545360966,1.0,0.0,0.9769230815768241,1029.3985249758557,1.0,0.0,0.9793666911125182,920.3957540888109,1.0,0.0,0.9812238314747811,837.5537769006255,1.0,0.0,0.9801583287119864,885.0829552885345,1.0,0.0,0.9780891621112824,977.3828459253618,1.0,0.0,0.9756724131107332,1085.1874414429287,1.0,0.0,0.9718563199043275,1255.4129735442698,1.0,0.0,0.966737916469574,1483.7310205793149,1.0,0.0,0.9607182577252388,1752.2516141284723,1.0,0.0,1.0,0.0,1.0,0.0,1.0,0.0,1.0,0.0,1.0,0.0,1.0,0.0,1.0,0.0,1.0,0.0
34107,34,広島県,広島市安芸区,11,41.363112708595445,25489.87337784593,5.1772103071802995,0.9351313146576286,0.7669232055544853,5941.097977730393,1.0,0.0,0.7731086647510528,5783.431406026053,1.0,0.0,0.7777825546264648,5664.294544919806,1.0,0.0,0.9769230815768241,588.2277285576318,1.0,0.0,0.9793666911125182,525.940430907892,1.0,0.0,0.9812238314747809,478.60215822892883,1.0,0.0,0.9801583287119865,505.7616887363055,1.0,0.0,0.9780891621112824,558.504483385921,1.0,0.0,0.9756724131107329,620.1071093959594,1.0,0.0,0.9718563199043274,717.378842025297,1.0,0.0,0.966737916469574,847.8462974738942,1.0,0.0,0.9607182577252388,1001.2866366448411,1.0,0.0,1.0,0.0,1.0,0.0,1.0,0.0,1.0,0.0,1.0,0.0,1.0,0.0,1.0,0.0,1.0,0.0
34108,34,広島県,広島市佐伯区,6,82.72622541719089,50979.74675569186,5.12564100128112,19.791569999866187,0.53645314792792,23631.501128032793,0.6983333333333333,15378.890271300379,0.5409831350048383,23400.563534044944,0.6983333333333333,15378.890271300379,0.5441986069083213,23236.639590705334,0.6983333333333333,15378.890271300379,0.6827436552445093,16173.648112271383,0.6983333333333333,15378.890271300379,0.6842408829927444,16097.319820830762,0.6983333333333333,15378.890271300379,0.6854880723357201,16033.738423969467,0.6983333333333333,15378.890271300379,0.68483174542586,16067.197803623078,0.6983333333333333,15378.890271300379,0.6834183963139852,16139.249983423839,0.6983333333333333,15378.890271300379,0.6817565677563349,16223.969582444226,0.6983333333333333,15378.890271300379,0.6808791993061701,16268.69760384506,0.7,15293.924026707558,0.6773449000716208,16448.875283781214,0.7,15293.924026707558,0.687805186410745,15915.612535220647,0.715,14529.22782537218,0.735,13509.632890258343,0.735,13509.632890258343,0.7849999999999999,10960.64555247375,0.7849999999999999,10960.64555247375,0.8266666666666667,8836.489437653256,0.8266666666666667,8836.489437653256,0.9133333333333332,4418.244718826628,0.9133333333333332,4418.244718826628
34202,34,広島県,呉市,28,510.14505673934394,314375.10499343317,5.192120435633551,1.1708277864270091,0.7626925443880402,74603.55627373424,0.995,1571.8755249671647,0.7688382503553763,72671.49931499419,0.995,1571.8755249671647,0.7734700958191485,71215.3624110075,0.995,1571.8755249671647,0.9713986346304155,8991.55724101856,0.995,1571.8755249671647,0.974188176593735,8114.594693416397,0.995,1571.8755249671647,0.9760047022906377,7543.524236729358,0.995,1571.8755249671647,0.9749331572922368,7880.391308106837,0.995,1571.8755249671647,0.9728652657516773,8530.484928285256,0.995,1571.8755249671647,0.9704526807477214,9288.941592209496,0.995,1571.8755249671647,0.9673232561217641,10272.754787563865,0.9956081081081082,1380.7014746333202,0.9625258829625876,11780.929478172691,0.9956081081081082,1380.7014746333202,0.9571377296302767,13474.830747738604,0.9962837837837838,1168.285863151273,0.9966216216216215,1062.078057410248,0.9966216216216215,1062.078057410248,0.9983108108108107,531.039028705124,0.9983108108108107,531.039028705124,0.9983108108108107,531.039028705124,0.9983108108108107,531.039028705124,0.9986486486486486,424.83122296409925,0.9986486486486486,424.83122296409925
34203,34,広島県,竹原市,10,103.4077817714886,63724.68344461483,5.478031811903113,1.1017473920087024,0.7486287408669791,16018.55391532601,0.9753333333333333,1571.875524967167,0.7546216011643411,15636.660789948815,0.9753333333333333,1571.875524967167,0.7592733543316524,15340.229291899412,0.9753333333333333,1571.875524967167,0.9529019249280295,3001.3099248120334,0.9753333333333333,1571.875524967167,0.9552226180831592,2853.424488129305,0.9753333333333333,1571.875524967167,0.9572631591359775,2723.3916554827206,0.9753333333333333,1571.875524967167,0.9609521024028462,2488.314913556371,0.9803333333333333,1253.2521077440927,0.963671431163947,2315.0265490733877,0.9853333333333333,934.6286905210183,0.9692346867918968,1960.5098452608013,0.9933333333333334,424.83122296409925,0.9688104304671289,1987.5454452560214,0.9966666666666667,212.41561148204963,0.9652924403548241,2211.728251523926,0.9983333333333334,106.20780574102481,0.9593297489484152,2591.698873875262,0.9983333333333334,106.20780574102481,1.0,0.0,1.0,0.0,1.0,0.0,1.0,0.0,1.0,0.0,1.0,0.0,1.0,0.0,1.0,0.0
34204,34,広島県,三原市,30,117.1954860076871,72221.3079038968,5.2826622375367505,0.9351313146576284,0.7669232055544852,16833.110936902776,1.0,0.0,0.7731086647510529,16386.388983740482,1.0,0.0,0.7777825546264648,16048.83454393945,1.0,0.0,0.9769230815768241,1666.6452309132903,1.0,0.0,0.9793666911125182,1490.1645542390274,1.0,0.0,0.981223831474781,1356.0394483152986,1.0,0.0,0.9801583287119864,1432.9914514195323,1.0,0.0,0.9780891621112824,1582.429369593443,1.0,0.0,0.975672413110733,1756.9701432885513,1.0,0.0,0.9718563199043274,2032.5733857383416,1.0,0.0,0.9667379164695739,2402.231176176034,1.0,0.0,0.9607182577252388,2836.9788038270503,1.0,0.0,1.0,0.0,1.0,0.0,1.0,0.0,1.0,0.0,1.0,0.0,1.0,0.0,1.0,0.0,1.0,0.0
34205,34,広島県,尾道市,25,358.48031014116054,220912.23594133143,5.274841085371241,1.3293223421046367,0.7591015787078784,53217.408882379415,0.9899999999999999,2209.122359413314,0.7652292258693623,51863.73664687648,0.9899999999999999,2209.122359413314,0.7698334432794497,50846.60868405403,0.9899999999999999,2209.122359413314,0.9670972475180258,7268.620619417093,0.9899999999999999,2209.122359413314,0.9694875230697485,6740.579502770154,0.9899999999999999,2209.122359413314,0.9717498279076355,6240.8086826516255,0.9903846153846153,2124.156114820494,0.9714522467897487,6306.547992777911,0.9911538461538459,1954.2236256348544,0.9697668390549145,6678.87518395294,0.9915384615384614,1869.2573810420347,0.9673716027461565,7208.01219252855,0.9915384615384614,1869.2573810420347,0.9643680527577033,7871.533136239307,0.9923076923076922,1699.324891856395,0.9596964701780903,8903.542889286135,0.9926923076923077,1614.3586472635752,0.9541259525372431,10134.138396676375,0.993076923076923,1529.3924026707552,0.9942307692307693,1274.4936688922958,0.9942307692307693,1274.4936688922958,0.9953846153846153,1019.5949351138381,0.9953846153846153,1019.5949351138381,0.9976923076923075,509.79746755691906,0.9976923076923075,509.79746755691906,0.9992307692307691,169.9324891856397,0.9992307692307691,169.9324891856397
34207,34,広島県,福山市,33,282.6479368420689,174180.80141528053,5.346293435404332,0.9934136179789175,0.7644607982766338,41026.40692089135,0.9967073170731706,573.522151001534,0.7706263097393804,39952.493193175054,0.9967073170731706,573.522151001534,0.7752686289461648,39143.8903133118,0.9967073170731706,573.522151001534,0.9738320287117144,4557.958210405641,0.9967073170731706,573.522151001534,0.9762130783825385,4143.225070531895,0.9967073170731706,573.522151001534,0.9781056202184862,3813.580616834574,0.9967073170731706,573.522151001534,0.9770270531061218,4001.446300846372,0.9967073170731706,573.522151001534,0.9749570320292216,4362.004230967363,0.9967073170731706,573.522151001534,0.9716932885239763,4930.485690324908,0.9958536585365854,722.2130790389688,0.9684117510987491,5502.06650892523,0.9964634146341462,616.0052732979439,0.966128160372013,5899.824171812635,0.9993902439024391,106.20780574102481,0.9607182577252388,6842.125350406414,1.0,0.0,0.9987804878048782,212.41561148204963,0.9987804878048782,212.41561148204963,1.0,0.0,1.0,0.0,1.0,0.0,1.0,0.0,1.0,0.0,1.0,0.0
34208,34,広島県,府中市,7,41.363112708595445,25489.87337784593,4.879728828799175,0.9351313146576286,0.7669232055544853,5941.097977730393,1.0,0.0,0.7731086647510528,5783.431406026053,1.0,0.0,0.7777825546264648,5664.294544919806,1.0,0.0,0.9769230815768241,588.2277285576318,1.0,0.0,0.9793666911125182,525.940430907892,1.0,0.0,0.9812238314747809,478.60215822892883,1.0,0.0,0.9801583287119865,505.7616887363055,1.0,0.0,0.9780891621112824,558.504483385921,1.0,0.0,0.9756724131107329,620.1071093959594,1.0,0.0,0.9718563199043274,717.378842025297,1.0,0.0,0.966737916469574,847.8462974738942,1.0,0.0,0.9607182577252388,1001.2866366448411,1.0,0.0,1.0,0.0,1.0,0.0,1.0,0.0,1.0,0.0,1.0,0.0,1.0,0.0,1.0,0.0,1.0,0.0
34209,34,広島県,三次市,9,186.1340071886795,114704.4302003067,4.7378915311795415,0.9351313146576286,0.7669232055544853,26734.940899786765,1.0,0.0,0.7731086647510529,26025.441327117238,1.0,0.0,0.7777825546264648,25489.325452139128,1.0,0.0,0.9769230815768241,2647.0247785093434,1.0,0.0,0.9793666911125182,2366.731939085514,1.0,0.0,0.9812238314747811,2153.70971203018,1.0,0.0,0.9801583287119865,2275.9275993133747,1.0,0.0,0.9780891621112823,2513.2701752366447,1.0,0.0,0.9756724131107329,2790.481992281817,1.0,0.0,0.9718563199043273,3228.204789113837,1.0,0.0,0.9667379164695739,3815.3083386325234,1.0,0.0,0.9607182577252389,4505.789864901785,1.0,0.0,1.0,0.0,1.0,0.0,1.0,0.0,1.0,0.0,1.0,0.0,1.0,0.0,1.0,0.0,1.0,0.0
34210,34,広島県,庄原市,4,0.0,0.0,4.782530619629096,0.0,1.0,0.0,1.0,0.0,1.0,0.0,1.0,0.0,1.0,0.0,1.0,0.0,1.0,0.0,1.0,0.0,1.0,0.0,1.0,0.0,1.0,0.0,1.0,0.0,1.0,0.0,1.0,0.0,1.0,0.0,1.0,0.0,1.0,0.0,1.0,0.0,1.0,0.0,1.0,0.0,1.0,0.0,1.0,0.0,1.0,0.0,1.0,0.0,1.0,0.0,1.0,0.0,1.0,0.0,1.0,0.0,1.0,0.0,1.0,0.0,1.0,0.0,1.0,0.0
34211,34,広島県,大竹市,6,62.04466906289316,38234.8100667689,5.09255556210451,31.17664967231866,0.42784825586610375,21876.113266330078,0.5577777777777778,16908.282673971134,0.4312857406669193,21744.681687863493,0.5577777777777778,16908.282673971134,0.4339017796516419,21644.65793415536,0.5577777777777778,16908.282673971134,0.5449572675426801,17398.47244776916,0.5577777777777778,16908.282673971134,0.5463148283958436,17346.566366394378,0.5577777777777778,16908.282673971134,0.5473465730415451,17307.117805828577,0.5577777777777778,16908.282673971134,0.5467546270622148,17329.750747918057,0.5577777777777778,16908.282673971134,0.5456050900618236,17373.703076792735,0.5577777777777778,16908.282673971134,0.5442624517281851,17425.038598467767,0.5577777777777778,16908.282673971134,0.5421423999468485,17506.098375658883,0.5577777777777778,16908.282673971134,0.5392988424830967,17614.82125519938,0.5577777777777778,16908.282673971134,0.5463535311818123,17345.086572723805,0.5688888888888889,16483.451451007033,0.5822222222222223,15973.653983450115,0.5822222222222223,15973.653983450115,0.6333333333333334,14019.430357815261,0.6333333333333334,14019.430357815261,0.7133333333333334,10960.64555247375,0.7133333333333334,10960.64555247375,0.8333333333333334,6372.468344461482,0.8333333333333334,6372.468344461482
34212,34,広島県,東広島市,41,162.00552477533216,99835.33739656322,5.1013051813627355,0.9569006880856257,0.7636057510845204,23600.49959908405,0.9955319148936169,446.07278411230413,0.7697263862731608,22989.443919944857,0.9955319148936169,446.07278411230413,0.7743828971462047,22524.559585843763,0.9955319148936169,446.07278411230413,0.9727106921406501,2724.437257456868,0.9955319148936169,446.07278411230413,0.976099511993692,2386.113284052245,0.996595744680851,339.8649783712794,0.9779332487063203,2203.041560650545,0.996595744680851,339.8649783712794,0.9768813745201901,2308.0557749215955,0.996595744680851,339.8649783712794,0.9758647348525675,2409.5523391494216,0.9976595744680852,233.6571726302546,0.9745109725505747,2544.705655323627,0.998723404255319,127.44936688922976,0.9718563199043273,2809.733797932413,1.0,0.0,0.9667379164695739,3320.731331772752,1.0,0.0,0.9607182577252388,3921.7059935256275,1.0,0.0,1.0,0.0,1.0,0.0,1.0,0.0,1.0,0.0,1.0,0.0,1.0,0.0,1.0,0.0,1.0,0.0
34213,34,広島県,廿日市市,28,272.30715866491994,167808.33307081903,4.882924075525206,13.490645211050879,0.5998681366255013,67145.46100139535,0.7817721518987344,36620.45141950532,0.6047339193654967,66328.94211071197,0.7817721518987344,36620.45141950532,0.6083652780553964,65719.56986217767,0.7817721518987344,36620.45141950532,0.7638525185743467,39627.51521691112,0.7817721518987344,36620.45141950532,0.7657541744241232,39308.40151868573,0.7817721518987344,36620.45141950532,0.7672710187035273,39053.86240863095,0.7817721518987344,36620.45141950532,0.7665008096868481,39183.109899836,0.7817721518987344,36620.45141950532,0.764935855148714,39445.72231221188,0.7817721518987344,36620.45141950532,0.7630109680528884,39768.73440711191,0.7817721518987344,36620.45141950532,0.760040450971338,40267.211926925265,0.7817721518987344,36620.45141950532,0.7584320808664154,40537.109833193266,0.7843037974683547,36195.62019654122,0.7622210591842858,39901.28769762997,0.7930379746835445,34729.952477315084,0.8025316455696205,33136.83539119971,0.8025316455696205,33136.83539119971,0.8607594936708863,23365.717263025435,0.8607594936708863,23365.717263025435,0.8993670886075952,16887.04111282293,0.8993670886075952,16887.04111282293,0.9613924050632914,6478.676150202509,0.9613924050632914,6478.676150202509
34214,34,広島県,安芸高田市,9,13.787704236198481,8496.624459281977,4.740524970250252,0.9351313146576286,0.7669232055544853,1980.3659925767975,1.0,0.0,0.7731086647510529,1927.8104686753509,1.0,0.0,0.777782554626465,1888.0981816399353,1.0,0.0,0.9769230815768241,196.07590951921063,1.0,0.0,0.9793666911125183,175.31347696929734,1.0,0.0,0.9812238314747811,159.5340527429763,1.0,0.0,0.9801583287119865,168.5872295787685,1.0,0.0,0.9780891621112824,186.16816112864035,1.0,0.0,0.975672413110733,206.7023697986531,1.0,0.0,0.9718563199043274,239.126280675099,1.0,0.0,0.966737916469574,282.61543249129807,1.0,0.0,0.9607182577252388,333.76221221494706,1.0,0.0,1.0,0.0,1.0,0.0,1.0,0.0,1.0,0.0,1.0,0.0,1.0,0.0,1.0,0.0,1.0,0.0
34215,34,広島県,江田島市,5,137.87704236198482,84966.24459281977,5.078308087177939,0.9351313146576286,0.7669232055544853,19803.659925767974,1.0,0.0,0.7731086647510529,19278.10468675351,1.0,0.0,0.7777825546264648,18880.981816399355,1.0,0.0,0.9769230815768242,1960.7590951921063,1.0,0.0,0.9793666911125183,1753.1347696929736,1.0,0.0,0.981223831474781,1595.3405274297631,1.0,0.0,0.9801583287119866,1685.8722957876848,1.0,0.0,0.9780891621112823,1861.6816112864037,1.0,0.0,0.9756724131107329,2067.0236979865313,1.0,0.0,0.9718563199043273,2391.26280675099,1.0,0.0,0.966737916469574,2826.1543249129804,1.0,0.0,0.9607182577252387,3337.6221221494707,1.0,0.0,1.0,0.0,1.0,0.0,1.0,0.0,1.0,0.0,1.0,0.0,1.0,0.0,1.0,0.0,1.0,0.0
34304,34,広島県,海田町,1,0.0,0.0,4.860708104383331,0.0,1.0,0.0,1.0,0.0,1.0,0.0,1.0,0.0,1.0,0.0,1.0,0.0,1.0,0.0,1.0,0.0,1.0,0.0,1.0,0.0,1.0,0.0,1.0,0.0,1.0,0.0,1.0,0.0,1.0,0.0,1.0,0.0,1.0,0.0,1.0,0.0,1.0,0.0,1.0,0.0,1.0,0.0,1.0,0.0,1.0,0.0,1.0,0.0,1.0,0.0,1.0,0.0,1.0,0.0,1.0,0.0,1.0,0.0,1.0,0.0,1.0,0.0,1.0,0.0
34307,34,広島県,熊野町,1,0.0,0.0,5.133520864190383,0.0,1.0,0.0,1.0,0.0,1.0,0.0,1.0,0.0,1.0,0.0,1.0,0.0,1.0,0.0,1.0,0.0,1.0,0.0,1.0,0.0,1.0,0.0,1.0,0.0,1.0,0.0,1.0,0.0,1.0,0.0,1.0,0.0,1.0,0.0,1.0,0.0,1.0,0.0,1.0,0.0,1.0,0.0,1.0,0.0,1.0,0.0,1.0,0.0,1.0,0.0,1.0,0.0,1.0,0.0,1.0,0.0,1.0,0.0,1.0,0.0,1.0,0.0,1.0,0.0
34309,34,広島県,坂町,3,27.575408472396962,16993.248918563953,5.338856615470867,0.9351313146576286,0.7669232055544853,3960.731985153595,1.0,0.0,0.7731086647510529,3855.6209373507018,1.0,0.0,0.777782554626465,3776.1963632798706,1.0,0.0,0.9769230815768241,392.15181903842125,1.0,0.0,0.9793666911125183,350.6269539385947,1.0,0.0,0.9812238314747811,319.0681054859526,1.0,0.0,0.9801583287119865,337.174459157537,1.0,0.0,0.9780891621112824,372.3363222572807,1.0,0.0,0.975672413110733,413.4047395973062,1.0,0.0,0.9718563199043274,478.252561350198,1.0,0.0,0.966737916469574,565.2308649825961,1.0,0.0,0.9607182577252388,667.5244244298941,1.0,0.0,1.0,0.0,1.0,0.0,1.0,0.0,1.0,0.0,1.0,0.0,1.0,0.0,1.0,0.0,1.0,0.0
34368,34,広島県,安芸太田町,1,0.0,0.0,4.591705985933418,0.0,1.0,0.0,1.0,0.0,1.0,0.0,1.0,0.0,1.0,0.0,1.0,0.0,1.0,0.0,1.0,0.0,1.0,0.0,1.0,0.0,1.0,0.0,1.0,0.0,1.0,0.0,1.0,0.0,1.0,0.0,1.0,0.0,1.0,0.0,1.0,0.0,1.0,0.0,1.0,0.0,1.0,0.0,1.0,0.0,1.0,0.0,1.0,0.0,1.0,0.0,1.0,0.0,1.0,0.0,1.0,0.0,1.0,0.0,1.0,0.0,1.0,0.0,1.0,0.0
34369,34,広島県,北広島町,2,27.575408472396962,16993.248918563953,4.752177916017128,0.9351313146576286,0.7669232055544853,3960.731985153595,1.0,0.0,0.7731086647510529,3855.6209373507018,1.0,0.0,0.777782554626465,3776.1963632798706,1.0,0.0,0.9769230815768241,392.15181903842125,1.0,0.0,0.9793666911125183,350.6269539385947,1.0,0.0,0.9812238314747811,319.0681054859526,1.0,0.0,0.9801583287119865,337.174459157537,1.0,0.0,0.9780891621112824,372.3363222572807,1.0,0.0,0.975672413110733,413.4047395973062,1.0,0.0,0.9718563199043274,478.252561350198,1.0,0.0,0.966737916469574,565.2308649825961,1.0,0.0,0.9607182577252388,667.5244244298941,1.0,0.0,1.0,0.0,1.0,0.0,1.0,0.0,1.0,0.0,1.0,0.0,1.0,0.0,1.0,0.0,1.0,0.0
34431,34,広島県,大崎上島町,1,13.787704236198481,8496.624459281977,5.774264511301691,0.9351313146576286,0.7669232055544853,1980.3659925767975,1.0,0.0,0.7731086647510529,1927.8104686753509,1.0,0.0,0.777782554626465,1888.0981816399353,1.0,0.0,0.9769230815768241,196.07590951921063,1.0,0.0,0.9793666911125183,175.31347696929734,1.0,0.0,0.9812238314747811,159.5340527429763,1.0,0.0,0.9801583287119865,168.5872295787685,1.0,0.0,0.9780891621112824,186.16816112864035,1.0,0.0,0.975672413110733,206.7023697986531,1.0,0.0,0.9718563199043274,239.126280675099,1.0,0.0,0.966737916469574,282.61543249129807,1.0,0.0,0.9607182577252388,333.76221221494706,1.0,0.0,1.0,0.0,1.0,0.0,1.0,0.0,1.0,0.0,1.0,0.0,1.0,0.0,1.0,0.0,1.0,0.0
34462,34,広島県,世羅町,1,27.575408472396962,16993.248918563953,4.790450507430872,0.9351313146576286,0.7669232055544853,3960.731985153595,1.0,0.0,0.7731086647510529,3855.6209373507018,1.0,0.0,0.777782554626465,3776.1963632798706,1.0,0.0,0.9769230815768241,392.15181903842125,1.0,0.0,0.9793666911125183,350.6269539385947,1.0,0.0,0.9812238314747811,319.0681054859526,1.0,0.0,0.9801583287119865,337.174459157537,1.0,0.0,0.9780891621112824,372.3363222572807,1.0,0.0,0.975672413110733,413.4047395973062,1.0,0.0,0.9718563199043274,478.252561350198,1.0,0.0,0.966737916469574,565.2308649825961,1.0,0.0,0.9607182577252388,667.5244244298941,1.0,0.0,1.0,0.0,1.0,0.0,1.0,0.0,1.0,0.0,1.0,0.0,1.0,0.0,1.0,0.0,1.0,0.0
34545,34,広島県,神石高原町,3,0.0,0.0,4.697323531819016,0.0,1.0,0.0,1.0,0.0,1.0,0.0,1.0,0.0,1.0,0.0,1.0,0.0,1.0,0.0,1.0,0.0,1.0,0.0,1.0,0.0,1.0,0.0,1.0,0.0,1.0,0.0,1.0,0.0,1.0,0.0,1.0,0.0,1.0,0.0,1.0,0.0,1.0,0.0,1.0,0.0,1.0,0.0,1.0,0.0,1.0,0.0,1.0,0.0,1.0,0.0,1.0,0.0,1.0,0.0,1.0,0.0,1.0,0.0,1.0,0.0,1.0,0.0,1.0,0.0
35201,35,山口県,下関市,32,290.1389229516251,178797.09537635162,4.771715873049192,1.2362182118660332,0.7645761650683065,42093.09786814847,0.9952631578947367,846.9336096774557,0.7693966322431439,41231.212338930476,0.9952631578947367,846.9336096774557,0.7740423197495311,40400.57690676227,0.9952631578947367,846.9336096774557,0.9722708612249085,4957.889470274113,0.9952631578947367,846.9336096774557,0.974737289512628,4516.899256475812,0.9952631578947367,846.9336096774557,0.9765737624662488,4188.5432266312055,0.9952631578947367,846.9336096774557,0.9710314998726703,5179.483680176003,0.9952631578947367,846.9336096774557,0.9734800421054427,4741.691441050001,0.9952631578947367,846.9336096774557,0.9710491139049593,5176.334342364884,0.9952631578947367,846.9336096774557,0.9672748646963584,5851.159138089217,0.9952631578947367,846.9336096774557,0.9622062930700026,6757.405022588626,0.9952631578947367,846.9336096774557,0.9562242207558531,7826.982176689842,0.9952631578947367,846.9336096774557,0.9952631578947367,846.9336096774557,0.9952631578947367,846.9336096774557,0.9964473684210525,635.2002072580917,0.9964473684210525,635.2002072580917,0.9976315789473684,423.46680483872785,0.9976315789473684,423.46680483872785,0.9988157894736842,211.73340241936393,0.9988157894736842,211.73340241936393
35202,35,山口県,宇部市,31,229.05704443549348,141155.60161290917,4.9435950550348675,0.9394822743721308,0.7682347509264947,32714.963165936388,1.0,0.0,0.773108664751053,32026.98292782139,1.0,0.0,0.777782554626465,31367.23719058514,1.0,0.0,0.9769230815768244,3257.436303395411,1.0,0.0,0.9793666911125184,2912.507129277467,1.0,0.0,0.9812238314747811,2650.3613641626594,1.0,0.0,0.9756423521973192,3438.2184294627477,1.0,0.0,0.9780891621112826,3092.8375040248593,1.0,0.0,0.9756728425621986,3433.914543664805,1.0,0.0,0.9718563199043276,3972.638095505921,1.0,0.0,0.966737916469574,4695.129411636125,1.0,0.0,0.9607182577252391,5544.8379631971675,1.0,0.0,1.0,0.0,1.0,0.0,1.0,0.0,1.0,0.0,1.0,0.0,1.0,0.0,1.0,0.0,1.0,0.0
35203,35,山口県,山口市,21,175.61040073387835,108219.29456989701,4.841748304818338,3.613383716206072,0.769665477652629,24926.639523526657,0.9991304347826087,94.10373440860619,0.7742558314240253,24429.874676559884,0.9982608695652174,188.20746881721237,0.7782022316533183,24002.79802765535,0.9978260869565216,235.25933602151548,0.9602617629956576,4300.443976061319,0.9982608695652174,188.20746881721237,0.9603890164973945,4286.672691871819,0.9978260869565216,235.25933602151548,0.9592066528615745,4414.627250465345,0.9969565217391304,329.36307043012164,0.9513581750153198,5263.983986434466,0.9965217391304348,376.41493763442475,0.9523857589001243,5152.779583309568,0.9973913043478261,282.3112032258186,0.9497518647688885,5437.817748163659,0.9973913043478261,282.3112032258186,0.9375808288480927,6754.9586696971,0.9969565217391304,329.36307043012164,0.9316279072929983,7399.17964101932,0.9960869565217391,423.46680483872785,0.9206640624287338,8585.679198003842,0.9947826086956522,564.6224064516372,0.9754026876871837,2661.9037868084074,0.9778260869565217,2399.6452274194558,0.9634782608695652,3952.356845161457,0.9634782608695652,3952.356845161457,0.9661090047891334,3667.659593991757,0.9691304347826087,3340.6825715055165,0.9830434782608696,1835.0228209678187,0.9830434782608696,1835.0228209678187
35204,35,山口県,萩市,7,0.0,0.0,4.8624046004568,0.0,1.0,0.0,0.9971428571428572,0.0,1.0,0.0,0.9971428571428572,0.0,1.0,0.0,0.9971428571428572,0.0,1.0,0.0,0.9971428571428572,0.0,1.0,0.0,0.9971428571428572,0.0,1.0,0.0,0.9971428571428572,0.0,1.0,0.0,0.9971428571428572,0.0,1.0,0.0,0.9971428571428572,0.0,1.0,0.0,0.9971428571428572,0.0,1.0,0.0,0.9971428571428572,0.0,1.0,0.0,0.9978571428571429,0.0,1.0,0.0,1.0,0.0,1.0,0.0,1.0,0.0,1.0,0.0,1.0,0.0,1.0,0.0,1.0,0.0,1.0,0.0,1.0,0.0
35206,35,山口県,防府市,10,99.25805258871385,61167.42736559396,5.083473960876937,5.5227521166230265,0.7543033310711885,15028.633150671463,0.924423076923077,4622.845952822775,0.7591698526818519,14730.96054352811,0.924423076923077,4622.845952822775,0.7631983516897217,14484.54762307187,0.924423076923077,4622.845952822775,0.8998476572847889,6126.061148526748,0.924423076923077,4622.845952822775,0.8995459712869845,6144.514504884659,0.924423076923077,4622.845952822775,0.8985012549620408,6208.417114808309,0.924423076923077,4622.845952822775,0.8940551948038717,6480.371176596176,0.924423076923077,4622.845952822775,0.8927168424083636,6562.234749537987,0.924423076923077,4622.845952822775,0.8921915833594708,6594.3634942592635,0.924423076923077,4622.845952822775,0.881186295002699,7267.5286704595255,0.9253846153846154,4564.031118817396,0.8816218400517335,7240.887500308252,0.9261538461538461,4516.979251613093,0.8765372227533506,7551.900459588936,0.9307692307692309,4234.668048387274,0.9372381437301206,3838.9812847176986,0.9392307692307693,3717.0975091399414,0.9561538461538461,2681.9564306452744,0.9561538461538461,2681.9564306452744,0.9634754700590678,2234.1115322244373,0.9653846153846154,2117.334024193637,0.9838461538461539,988.0892112903639,0.9838461538461539,988.0892112903639
35207,35,山口県,下松市,10,80.16996555242272,49404.4605645182,5.146326391891843,1.144478940878706,0.7667533799961564,11523.423439787053,0.9985714285714287,70.57780080645463,0.7700830135272726,11358.92469130472,0.9985714285714287,70.57780080645463,0.7741227458373067,11159.343895702437,0.9985714285714287,70.57780080645463,0.973839631149368,1292.4389112343033,0.9985714285714287,70.57780080645463,0.9762952666742994,1171.1195627819989,0.9985714285714287,70.57780080645463,0.9781603288486423,1078.9771721392985,0.9985714285714287,70.57780080645463,0.9772976887487762,1121.5954409345036,0.9985714285714287,70.57780080645463,0.9748802880849691,1241.0258166982107,0.9985714285714287,70.57780080645463,0.972551812073216,1356.062917996291,0.9985714285714287,70.57780080645463,0.9702651885413521,1469.0323201021563,1.0,0.0,0.9652208425862981,1718.2455109124087,1.0,0.0,0.9567464253501523,2136.9195230628457,1.0,0.0,0.9937459208603416,308.97940622262763,1.0,0.0,0.9979162714723497,102.94548387145669,1.0,0.0,1.0,0.0,1.0,0.0,0.9979145209517863,103.03196739560605,1.0,0.0
35208,35,山口県,岩国市,40,274.8684533225922,169386.72193549102,5.273524141363429,5.515691659747519,0.7267978615230984,46276.81466236843,0.9253472222222223,12645.189311156446,0.7310467968343033,45557.101438287486,0.9250694444444445,12692.24117836075,0.7350413086099757,44880.48418287362,0.9250694444444445,12692.24117836075,0.9057483512038986,15964.977826586784,0.9253472222222223,12645.189311156446,0.90780850255241,15616.015542971463,0.9253472222222223,12645.189311156446,0.9094289377662871,15341.535333983986,0.9253472222222223,12645.189311156446,0.9088897735708289,15432.862589637618,0.9256249999999999,12598.137443952142,0.9069255830927029,15765.570375984315,0.9256249999999999,12598.137443952142,0.9049123226354522,16106.589965240377,0.9256249999999999,12598.137443952142,0.902513797680537,16512.86824483391,0.9265277777777778,12445.218875538158,0.8982010883175665,17243.38394648798,0.9265277777777778,12445.218875538158,0.8949248310178519,17798.338430703865,0.9286805555555555,12080.56690470481,0.9318749999999999,11539.470431855323,0.9318749999999999,11539.470431855323,0.9445138888888888,9398.610474059535,0.9445138888888888,9398.610474059535,0.9607638888888889,6646.076242607806,0.9607638888888889,6646.076242607806,0.97875,3599.467841129183,0.97875,3599.467841129183
35210,35,山口県,光市,8,30.5409392580658,18820.74688172122,5.177686248660993,0.9504904947616162,0.7680378580093383,4365.700760548119,0.9975,47.05186720430309,0.7728863690793515,4274.448160946181,0.9975,47.05186720430309,0.7775521109998227,4186.635413245556,0.9975,47.05186720430309,0.9751709100604058,467.3020170565944,0.9975,47.05186720430309,0.9776112276315689,421.37341773871515,0.9975,47.05186720430309,0.9794734658300878,386.32470397092186,0.9975,47.05186720430309,0.9785942734777928,402.87176069380905,0.9975,47.05186720430309,0.9763941042125224,444.28058953240355,0.9975,47.05186720430309,0.9739834079146386,489.6516943635794,0.9975,47.05186720430309,0.9701828762888909,561.1805381077538,0.9975,47.05186720430309,0.9674014881253242,613.5283407140563,1.0,0.0,0.9607182577252388,739.3117284262889,1.0,0.0,1.0,0.0,1.0,0.0,1.0,0.0,1.0,0.0,1.0,0.0,1.0,0.0,1.0,0.0,1.0,0.0
35211,35,山口県,長門市,5,30.5409392580658,18820.74688172122,4.6074135708974815,0.9394822743721308,0.7682347509264946,4361.995088791518,1.0,0.0,0.7731086647510529,4270.2643903761855,1.0,0.0,0.7777825546264648,4182.298292078018,1.0,0.0,0.9769230815768242,434.3248404527215,1.0,0.0,0.9793666911125183,388.33428390366225,1.0,0.0,0.981223831474781,353.38151522168795,1.0,0.0,0.9756423521973193,458.4291239283662,1.0,0.0,0.9780891621112824,412.37833386998125,1.0,0.0,0.9756728425621987,457.85527248864076,1.0,0.0,0.9718563199043274,529.6850794007894,1.0,0.0,0.966737916469574,626.0172548848166,1.0,0.0,0.9607182577252388,739.3117284262889,1.0,0.0,1.0,0.0,1.0,0.0,1.0,0.0,1.0,0.0,1.0,0.0,1.0,0.0,1.0,0.0,1.0,0.0
35212,35,山口県,柳井市,10,76.3523481451645,47051.86720430305,5.425793615840961,2.5737859736867255,0.7436739427745342,12060.6196055752,0.9657499999999999,1611.5264517473797,0.7483189645707607,11842.06265685806,0.9657499999999999,1611.5264517473797,0.7528106890320778,11630.718633985847,0.9657499999999999,1611.5264517473797,0.9444574626088142,2613.3800935201116,0.9657499999999999,1611.5264517473797,0.947860493183136,2453.2611508449395,0.967,1552.711617742001,0.9495603203326464,2373.2811095359093,0.967,1552.711617742001,0.9489537720233202,2401.8203400393163,0.967,1552.711617742001,0.9494807697683573,2377.0241121228646,0.9697500000000001,1423.3189829301673,0.9470292576551438,2492.3723345235294,0.9697500000000001,1423.3189829301673,0.9433213158845902,2666.8379183129045,0.9697500000000001,1423.3189829301673,0.9422174835950137,2718.7752886178832,0.97375,1235.1115141129549,0.9359891609102488,3011.8295004869865,0.97375,1235.1115141129549,0.9775,1058.6670120968183,0.9775,1058.6670120968183,0.98375,764.592842069924,0.98375,764.592842069924,0.9862500000000001,646.9631740591675,0.9862500000000001,646.9631740591675,0.9912500000000001,411.7038380376521,0.9912500000000001,411.7038380376521
35213,35,山口県,美祢市,7,24.814513147178463,15291.856841398492,4.674354459821518,0.9391475851633231,0.7681338628209555,3545.6637761100137,1.0,0.0,0.7731086647510529,3469.5898171806507,1.0,0.0,0.7777825546264648,3398.1173623133895,1.0,0.0,0.9769230815768242,352.8889328678362,1.0,0.0,0.9793666911125183,315.5216056717256,1.0,0.0,0.981223831474781,287.1224811176215,1.0,0.0,0.9759897350061401,367.16153501015077,1.0,0.0,0.9780891621112825,335.05739626935974,1.0,0.0,0.9756728095274706,372.0079140593539,1.0,0.0,0.9718563199043275,430.3691270131414,1.0,0.0,0.966737916469574,508.6390195939135,1.0,0.0,0.9607182577252388,600.6907793463597,1.0,0.0,1.0,0.0,1.0,0.0,1.0,0.0,1.0,0.0,1.0,0.0,1.0,0.0,1.0,0.0,1.0,0.0
35215,35,山口県,周南市,27,196.60729647379858,121158.55805108036,4.994601045011071,4.3259270144662665,0.7694319255288365,27935.295435540284,0.9465048543689321,6481.394707392747,0.775509068346718,27198.99757465529,0.9468932038834952,6434.342840188443,0.7798537033680574,26672.60786021158,0.9464077669902912,6493.157674193822,0.9252278448106017,9059.286505119122,0.941359223300971,7104.831947849762,0.9258353506014185,8985.681979496057,0.9400000000000001,7269.513483064823,0.9256981893795208,9002.300235361708,0.9386407766990292,7434.195018279885,0.9235561598765041,9261.825441250097,0.9368932038834951,7645.928420699247,0.9252650228981832,9054.78206163662,0.9400000000000001,7269.513483064823,0.9211483337751871,9553.554179723418,0.9374757281553399,7575.350619892792,0.9168868649410972,10069.86759884138,0.9357281553398058,7787.084022312158,0.9079410474624449,11153.729945143026,0.9289320388349515,8610.49169838746,0.9039664118758685,11635.291061591151,0.9288349514563107,8622.254665188533,0.9520388349514564,5810.905599731426,0.9520388349514564,5810.905599731426,0.9601941747572815,4822.816388441063,0.9601941747572815,4822.816388441063,0.9728155339805826,3293.6307043012143,0.9728155339805826,3293.6307043012143,0.9854368932038836,1764.4450201613647,0.9854368932038836,1764.4450201613647
35216,35,山口県,山陽小野田市,17,202.3337225846859,124687.44809140309,4.946768620324969,4.007238925785037,0.7257874901902003,34190.85808292279,0.9449056603773586,6869.572611828245,0.7302993645533078,33628.283982477886,0.9449056603773586,6869.572611828245,0.7347512335822267,33073.19179402481,0.9449056603773586,6869.572611828245,0.9229947705819924,9601.58554582444,0.9449056603773586,6869.572611828245,0.9253615302465997,9306.480322998868,0.9449056603773586,6869.572611828245,0.9270920777377094,9090.702772531431,0.9449056603773586,6869.572611828245,0.9216470586554202,9769.628306711063,0.9449056603773586,6869.572611828245,0.9247118623751517,9387.485751996714,0.9453773584905661,6810.757777822867,0.9223724788708508,9679.177511255097,0.9453773584905661,6810.757777822867,0.9196279393052157,10021.387145880037,0.9462264150943396,6704.891076613186,0.9152384634793931,10568.699685060761,0.9466981132075473,6646.076242607805,0.9120873317122462,10961.606263706075,0.9495283018867926,6293.187238575532,0.9561320754716982,5469.779562500229,0.9561320754716982,5469.779562500229,0.9674528301886793,4058.223546371138,0.9674528301886793,4058.223546371138,0.9754716981132076,3058.3713682796983,0.9754716981132076,3058.3713682796983,0.9867924528301888,1646.815352150607,0.9867924528301888,1646.815352150607
35305,35,山口県,周防大島町,2,19.088087036291125,11762.966801075763,5.344605471831361,0.19000000000000017,0.9850000000000001,176.4445020161366,0.9850000000000001,176.4445020161366,0.9850000000000001,176.4445020161366,0.9850000000000001,176.4445020161366,0.9850000000000001,176.4445020161366,0.9850000000000001,176.4445020161366,0.9850000000000001,176.4445020161366,0.9850000000000001,176.4445020161366,0.9850000000000001,176.4445020161366,0.9850000000000001,176.4445020161366,0.9850000000000001,176.4445020161366,0.9850000000000001,176.4445020161366,0.9850000000000001,176.4445020161366,0.9850000000000001,176.4445020161366,0.9850000000000001,176.4445020161366,0.9850000000000001,176.4445020161366,0.9850000000000001,176.4445020161366,0.9850000000000001,176.4445020161366,0.99,117.62966801075774,0.99,117.62966801075774,0.995,58.81483400537887,0.995,58.81483400537887,1.0,0.0,1.0,0.0,1.0,0.0,1.0,0.0,1.0,0.0,1.0,0.0,1.0,0.0,1.0,0.0,1.0,0.0,1.0,0.0
35343,35,山口県,田布施町,4,38.17617407258225,23525.933602151526,5.545350894016467,1.0729038698971272,0.7557876760363579,5745.322918395762,0.9820000000000001,423.46680483872785,0.7605547283887863,5633.1735612745515,0.9820000000000001,423.46680483872785,0.7652419869303704,5522.901428049127,0.9820000000000001,423.46680483872785,0.9601060787439346,938.5417425996563,0.9820000000000001,423.46680483872785,0.9623775998353961,885.1020882260522,0.9820000000000001,423.46680483872785,0.9642963327765465,839.9621044522803,0.9820000000000001,423.46680483872785,0.9653724998235703,814.644269959176,0.9840000000000001,376.41493763442475,0.9670834431648254,774.3927305157637,0.988,282.31120322581853,0.970858601152897,685.5786143507625,0.994,141.1556016129093,0.966920237183571,778.2323035942326,0.994,141.1556016129093,0.9654394021630288,813.0703299632485,0.998,47.05186720430309,0.9589353802800179,966.0835169299021,0.998,47.05186720430309,1.0,0.0,1.0,0.0,1.0,0.0,1.0,0.0,1.0,0.0,1.0,0.0,1.0,0.0,1.0,0.0
35344,35,山口県,平生町,3,0.0,0.0,5.2001750479782585,0.0,1.0,0.0,0.9733333333333333,0.0,1.0,0.0,0.9733333333333333,0.0,1.0,0.0,0.9733333333333333,0.0,1.0,0.0,0.9733333333333333,0.0,1.0,0.0,0.9733333333333333,0.0,1.0,0.0,0.9733333333333333,0.0,1.0,0.0,0.9733333333333333,0.0,1.0,0.0,0.9733333333333333,0.0,1.0,0.0,0.9733333333333333,0.0,1.0,0.0,0.9733333333333333,0.0,1.0,0.0,0.9733333333333333,0.0,1.0,0.0,0.975,0.0,1.0,0.0,0.98,0.0,1.0,0.0,0.985,0.0,1.0,0.0,0.995,0.0,1.0,0.0,0.9983333333333334,0.0
36201,36,徳島県,徳島市,12,129.39411994965187,97167.04877320539,6.159956374741138,39.133685333822264,0.26154683894612113,71753.31431684994,0.3949999999999999,58786.06450778926,0.2616622986450182,71742.09543865587,0.3949999999999999,58786.06450778926,0.26325168761585915,71587.65920300657,0.3949999999999999,58786.06450778926,0.3211186354623462,65964.89865925042,0.3949999999999999,58786.06450778926,0.32202837797934003,65876.50166373063,0.3949999999999999,58786.06450778926,0.32346983696454956,65736.4393482102,0.3957692307692307,58711.320624117565,0.3311896014161175,64986.33261922705,0.39730769230769225,58561.83285677417,0.33463280017608593,64651.76715738135,0.39653846153846145,58636.57674044587,0.3571456602798291,62464.25898165658,0.40346153846153837,57963.8817874006,0.37283236825216304,60940.02786301778,0.40692307692307694,57627.53431087797,0.3873239072192406,59531.92778940495,0.41115384615384615,57216.44295068363,0.40605809146395094,57711.58239517297,0.4238461538461538,55983.16887010064,0.45500096287347747,52955.94802182278,0.456153846153846,52843.92575588939,0.5611547532624143,42641.29749364033,0.5623076923076922,42529.269809195284,0.6692307692307691,32139.869978829476,0.6692307692307691,32139.869978829476,0.8292307692307691,16593.142175116613,0.8292307692307691,16593.142175116613
36202,36,徳島県,鳴門市,12,109.48733226509003,82218.2720388661,6.099351749706478,71.03637011054903,0.03070278041742065,79693.94248615703,0.04545454545454546,78481.07785528127,0.03094624396074902,79673.92533432011,0.04545454545454546,78481.07785528127,0.03109669767997482,79661.55528950355,0.04545454545454546,78481.07785528127,0.039079404459758244,79005.23093187681,0.04545454545454546,78481.07785528127,0.039259611395272336,78990.41462902943,0.04545454545454546,78481.07785528127,0.03942426444454627,78976.8771398322,0.04545454545454546,78481.07785528127,0.0429168469526551,78689.72304106232,0.04818181818181818,78256.84620426618,0.04362745202400467,78631.2983199939,0.04818181818181818,78256.84620426618,0.04353030295534568,78639.28574854923,0.04818181818181818,78256.84620426618,0.04585152185776017,78448.43914136876,0.049545454545454545,78144.73037875864,0.047314416793259706,78328.16244759757,0.050909090909090904,78032.6145532511,0.05772251451557332,77472.42663765728,0.05999999999999999,77285.17571653413,0.08227272727272728,75453.95056657757,0.08227272727272728,75453.95056657757,0.14772727272727273,70072.39094221542,0.14772727272727273,70072.39094221542,0.26999999999999996,60019.33858837225,0.26999999999999996,60019.33858837225,0.5636363636363637,35877.064162414295,0.5636363636363637,35877.064162414295
36203,36,徳島県,小松島市,3,19.906787684561824,14948.77673433929,6.105014937594922,62.00813040018081,0.0,14948.77673433929,0.0,14948.77673433929,0.0,14948.77673433929,0.0,14948.77673433929,0.0,14948.77673433929,0.0,14948.77673433929,0.0,14948.77673433929,0.0,14948.77673433929,0.0,14948.77673433929,0.0,14948.77673433929,0.0,14948.77673433929,0.0,14948.77673433929,0.0,14948.77673433929,0.0,14948.77673433929,0.0,14948.77673433929,0.0,14948.77673433929,0.0,14948.77673433929,0.0,14948.77673433929,0.0,14948.77673433929,0.0,14948.77673433929,0.0,14948.77673433929,0.0,14948.77673433929,0.03398369997739792,14440.761990770397,0.035,14425.569548637413,0.135,12930.691875203485,0.135,12930.691875203485,0.32,10165.168179350716,0.32,10165.168179350716,0.46,8072.339436543217,0.46,8072.339436543217,0.73,4036.1697182716084,0.73,4036.1697182716084
36204,36,徳島県,阿南市,13,73.65511443287875,55310.47391705537,5.928233058913505,28.320236025778826,0.34269882258933937,36355.63962882213,0.5355405405405405,25689.47281796207,0.3418703207695806,36401.464457114125,0.5355405405405405,25689.47281796207,0.3452835739021366,36212.675808753585,0.5355405405405405,25689.47281796207,0.42727882919682036,31677.47937945468,0.5355405405405405,25689.47281796207,0.42850375486990894,31609.728159962986,0.5356756756756756,25681.998429594896,0.4302590602898115,31512.641385319002,0.5356756756756756,25681.998429594896,0.43967689262652715,30991.736615503884,0.5358108108108107,25674.524041227727,0.4485597644987945,30500.420762504305,0.5389189189189189,25502.61310878283,0.47320256659912097,29137.415699691035,0.5394594594594594,25472.71555531415,0.4921229133775106,28090.922352703274,0.5408108108108107,25397.971671642452,0.5214353898489796,26469.63538738378,0.5585135135135135,24418.82679554323,0.5395884681352088,25465.58002431905,0.5694594594594595,23813.40133780249,0.6008725410216563,22075.928909402268,0.6044594594594594,21877.534750705556,0.7156756756756758,15726.113124524933,0.7156756756756758,15726.113124524933,0.7902702702702702,11600.25074584729,0.7902702702702702,11600.25074584729,0.8875675675675675,6218.691121485144,0.8875675675675675,6218.691121485144
36205,36,徳島県,吉野川市,4,59.720363053685475,44846.33020301787,5.907415323771011,2.9090987868113247,0.6165072032479414,17198.24459362164,0.9599999999999999,1793.8532081207163,0.6149924334057141,17266.176462147734,0.9599999999999999,1793.8532081207163,0.6210435007182726,16994.80829936805,0.9599999999999999,1793.8532081207163,0.7718679286516271,10230.886201587558,0.9599999999999999,1793.8532081207163,0.7741287043657696,10129.49870739616,0.9599999999999999,1793.8532081207163,0.7793246385670499,9896.480126492392,0.9633333333333332,1644.3654407773233,0.797121094263275,9098.3743978961,0.9633333333333332,1644.3654407773233,0.8154129619118369,8278.051261298797,0.9716666666666665,1270.6460224188406,0.8630110547662478,6143.451472115976,0.9799999999999998,896.9266040603582,0.9035428048330747,4325.7512249128695,0.9866666666666667,597.9510693735721,0.9352574979422691,2903.463625450561,0.9933333333333334,298.97553468678603,0.9495950398345789,2260.4774874484383,0.995,224.23165101508954,0.9928332961599032,321.4003668802174,0.9966666666666667,149.48776734339302,1.0,0.0,1.0,0.0,1.0,0.0,1.0,0.0,1.0,0.0,1.0,0.0
36206,36,徳島県,阿波市,2,39.81357536912365,29897.55346867858,5.988735428731664,3.4580738734485936,0.5870974084117916,12344.777309364417,0.9750000000000001,747.4388367169652,0.585250422594836,12399.997666582738,0.9750000000000001,747.4388367169652,0.5905221799889114,12242.385018019466,0.9750000000000001,747.4388367169652,0.7310390059021302,8041.275702030007,0.9750000000000001,747.4388367169652,0.7332775496778776,7974.348719802618,0.9750000000000001,747.4388367169652,0.7349211553571513,7925.208931125111,0.9750000000000001,747.4388367169652,0.7528178835002473,7390.140544552494,0.9750000000000001,747.4388367169652,0.763923737508594,7058.102680522608,0.9750000000000001,747.4388367169652,0.8276290797168622,5153.468805610446,0.985,448.4633020301791,0.8821494972246,3523.4417080381727,0.9925,224.23165101508954,0.9223587842710549,2321.282398629345,0.9975,74.74388367169651,0.9450108689628542,1644.0404853792413,1.0,0.0,0.9913285727798938,259.2544589628789,1.0,0.0,1.0,0.0,1.0,0.0,1.0,0.0,1.0,0.0,1.0,0.0,1.0,0.0
36207,36,徳島県,美馬市,3,39.81357536912365,29897.55346867858,6.018009348757286,3.3684492913528805,0.6075004760921002,11734.77550246732,0.9474999999999999,1569.621557105625,0.6061785204708576,11774.29874133664,0.9474999999999999,1569.621557105625,0.6123404800146819,11590.07122640332,0.9474999999999999,1569.621557105625,0.7591678324341774,7200.29260677694,0.9474999999999999,1569.621557105625,0.7612013127654791,7139.496519844342,0.9474999999999999,1569.621557105625,0.7627685409411789,7092.64023166374,0.9474999999999999,1569.621557105625,0.7808720431476832,6551.389806474435,0.9474999999999999,1569.621557105625,0.7913344819098711,6238.588484169146,0.9474999999999999,1569.621557105625,0.8363171646744013,4893.7163210519975,0.9524999999999999,1420.133789762232,0.8825805369019508,3510.554676237457,0.9674999999999999,971.6704877320547,0.9214907832443714,2347.2335057354826,0.9799999999999999,597.9510693735721,0.9443167367577553,1664.7933400955158,0.99,298.97553468678603,0.9873432608897564,378.40553428762064,0.9975,74.74388367169651,0.9975029481027742,74.65574261137594,1.0,0.0,1.0,0.0,1.0,0.0,1.0,0.0,1.0,0.0
36208,36,徳島県,三好市,20,169.20769531877554,127064.60224188397,5.56058870319609,2.723833086826455,0.6354495865632505,46321.453280454916,0.9858823529411763,1793.8532081207163,0.6341164310188853,46490.850159426234,0.9858823529411763,1793.8532081207163,0.6404375093167317,45687.66485977057,0.9858823529411763,1793.8532081207163,0.7939482647005247,26181.88178707776,0.9858823529411763,1793.8532081207163,0.7961278466485877,25904.934073793553,0.9858823529411763,1793.8532081207163,0.7979368338514775,25675.075834397703,0.9858823529411763,1793.8532081207163,0.8160161593161961,23377.833535421687,0.9858823529411763,1793.8532081207163,0.8251430810286715,22218.12485833315,0.9858823529411763,1793.8532081207163,0.8681984893670852,16747.30652345074,0.9870588235294118,1644.3654407773233,0.905810317975633,11968.174481715687,0.9905882352941177,1195.9021387471441,0.9353217004590172,8218.322404856373,0.9941176470588236,747.438836716965,0.9536076353490353,5894.827361435269,0.9994117647058823,74.74388367169651,0.9958038865818696,533.1774824365615,0.9994117647058823,74.74388367169651,0.9994117647058823,74.74388367169651,0.9994117647058823,74.74388367169651,1.0,0.0,1.0,0.0,1.0,0.0,1.0,0.0
36301,36,徳島県,勝浦町,1,0.0,0.0,5.431290013289283,0.0,1.0,0.0,0.995,0.0,1.0,0.0,0.995,0.0,1.0,0.0,0.995,0.0,1.0,0.0,0.995,0.0,1.0,0.0,0.995,0.0,1.0,0.0,0.995,0.0,1.0,0.0,0.995,0.0,1.0,0.0,0.995,0.0,1.0,0.0,0.995,0.0,1.0,0.0,0.995,0.0,1.0,0.0,0.995,0.0,1.0,0.0,0.995,0.0,1.0,0.0,0.995,0.0,1.0,0.0,0.995,0.0,1.0,0.0,0.995,0.0,1.0,0.0,1.0,0.0
36341,36,徳島県,石井町,4,49.76696921140456,37371.94183584822,5.617150115950763,2.8150730011333946,0.6255969809247182,13992.167852047409,0.9790000000000001,784.8107785528134,0.6271330111427232,13934.763420082014,0.9790000000000001,784.8107785528134,0.6318057449478656,13760.134284101834,0.9790000000000001,784.8107785528134,0.7847557957563549,8044.0938814969395,0.9790000000000001,784.8107785528134,0.7869760222951881,7961.119704425257,0.9790000000000001,784.8107785528134,0.7888432954917662,7891.336079131104,0.9790000000000001,784.8107785528134,0.8069492828468792,7214.680172815217,0.9790000000000001,784.8107785528134,0.8141957268486731,6943.866489063445,0.9750000000000001,934.2985458962064,0.8617844003965147,5165.38534918834,0.984,597.9510693735721,0.9022730813999662,3652.2447177171434,0.99,373.7194183584826,0.9350146831353194,2428.627482051007,0.996,149.48776734339302,0.952423798531294,1778.0150340590808,0.998,74.74388367169651,0.998,74.74388367169651,0.998,74.74388367169651,0.998,74.74388367169651,0.998,74.74388367169651,1.0,0.0,1.0,0.0,1.0,0.0,1.0,0.0
36342,36,徳島県,神山町,4,31.85086029529892,23918.042774942864,5.486961531664925,2.610456783192731,0.6365999299297982,8691.81842035632,0.9912500000000001,209.2828742807502,0.6366143406751508,8691.473743532559,0.9912500000000001,209.2828742807502,0.6415927925115102,8572.398919557521,0.9912500000000001,209.2828742807502,0.7971672107864288,4851.363328571165,0.9912500000000001,209.2828742807502,0.7992672681723343,4801.134066185244,0.9912500000000001,209.2828742807502,0.7998181131629826,4787.958932136553,0.9912500000000001,209.2828742807502,0.8174833611500071,4365.440775152929,0.9896875,246.65481611659845,0.8265201052286283,4149.299543734254,0.9865625,321.39869978829495,0.875119006868117,2986.908935505721,0.99625,89.69266040603581,0.913251004667618,2074.8661810432322,1.0,0.0,0.9394995034873864,1447.0534634939745,1.0,0.0,0.9541650013625622,1096.2834579996847,1.0,0.0,0.9976041434332729,57.30419984560813,1.0,0.0,1.0,0.0,1.0,0.0,1.0,0.0,1.0,0.0,1.0,0.0,1.0,0.0
36368,36,徳島県,那賀町,9,89.58054458052821,67269.4953045268,5.538926763575753,2.978950988955588,0.6383169332808918,24330.2373583879,0.9899999999999999,672.6949530452687,0.6368270946542421,24430.458050887813,0.9899999999999999,672.6949530452687,0.6427372089607849,24032.887644294624,0.9899999999999999,672.6949530452687,0.7921207911769549,13983.92946183058,0.9899999999999999,672.6949530452687,0.7941481262528233,13847.551654463743,0.9899999999999999,672.6949530452687,0.795942636165354,13726.835878328837,0.9899999999999999,672.6949530452687,0.81410526867542,12505.044755975103,0.9899999999999999,672.6949530452687,0.8242783887518778,11820.704102759446,0.9899999999999999,672.6949530452687,0.8675691315614514,8908.557682601346,0.9922222222222222,523.2071857018756,0.9017841122878922,6606.933197279567,0.9933333333333334,448.4633020301791,0.9294371518658266,4746.7271812358085,0.9944444444444445,373.7194183584826,0.945666324413485,3654.9989347447527,0.9966666666666667,224.23165101508954,0.9917580375406477,554.4326549594846,0.9966666666666667,224.23165101508954,0.9967034052477941,221.76026520443054,0.9988888888888889,74.74388367169651,0.9978787679142421,142.6942118326934,0.9988888888888889,74.74388367169651,1.0,0.0,1.0,0.0
36383,36,徳島県,牟岐町,1,19.906787684561824,14948.77673433929,6.384605501875081,72.26178951978684,0.0,14948.77673433929,0.0,14948.77673433929,0.0,14948.77673433929,0.0,14948.77673433929,0.0,14948.77673433929,0.0,14948.77673433929,0.0,14948.77673433929,0.0,14948.77673433929,0.0,14948.77673433929,0.0,14948.77673433929,0.0,14948.77673433929,0.0,14948.77673433929,0.0,14948.77673433929,0.0,14948.77673433929,0.0,14948.77673433929,0.0,14948.77673433929,0.0,14948.77673433929,0.0,14948.77673433929,0.0,14948.77673433929,0.0,14948.77673433929,0.0,14948.77673433929,0.0,14948.77673433929,0.00477631002664566,14877.376742136978,0.005,14874.032850667592,0.025,14575.057315980806,0.025,14575.057315980806,0.125,13080.179642546878,0.125,13080.179642546878,0.27,10912.60701606768,0.27,10912.60701606768,0.63,5531.047391705537,0.63,5531.047391705537
36387,36,徳島県,美波町,4,39.81357536912365,29897.55346867858,5.5165731470122,37.83353652199731,0.25866100952029225,22164.22210628326,0.41750000000000004,17415.32489550527,0.2566217590868473,22225.19070515321,0.41750000000000004,17415.32489550527,0.2591642963886261,22149.175060227168,0.41750000000000004,17415.32489550527,0.3209253521263599,20302.670594026233,0.41750000000000004,17415.32489550527,0.3213097235560417,20291.178828655487,0.41750000000000004,17415.32489550527,0.32020267575979233,20324.27684933624,0.41750000000000004,17415.32489550527,0.3301429945230484,20027.08563761608,0.41750000000000004,17415.32489550527,0.3369856515526772,19822.506933204924,0.41750000000000004,17415.32489550527,0.3600051661580801,19134.27976446686,0.4225,17265.837128161882,0.3823587690293789,18465.961727404603,0.4250000000000001,17191.09324449018,0.39518532231450076,18082.479164743818,0.4250000000000001,17191.09324449018,0.42276002362370496,17258.063057969044,0.44500000000000006,16593.14217511661,0.4601369968056679,16140.58300376394,0.47,15845.70333839965,0.5765716499090195,12659.471736999443,0.58,12556.972456845004,0.6790388505160809,9595.953128064011,0.68,9567.217109977146,0.8674999999999999,3961.4258345999124,0.8674999999999999,3961.4258345999124
36388,36,徳島県,海陽町,4,39.81357536912365,29897.55346867858,6.185471923488979,78.31428951978683,0.0,29897.55346867858,0.0,29897.55346867858,0.0,29897.55346867858,0.0,29897.55346867858,0.0,29897.55346867858,0.0,29897.55346867858,0.0,29897.55346867858,0.0,29897.55346867858,0.0,29897.55346867858,0.0,29897.55346867858,0.0,29897.55346867858,0.0,29897.55346867858,0.0,29897.55346867858,0.0,29897.55346867858,0.0,29897.55346867858,0.0,29897.55346867858,0.0,29897.55346867858,0.0,29897.55346867858,0.0,29897.55346867858,0.0,29897.55346867858,0.0,29897.55346867858,0.0,29897.55346867858,0.00477631002664566,29754.753484273955,0.005,29748.065701335185,0.005,29748.065701335185,0.005,29748.065701335185,0.05,28402.67579524465,0.05,28402.67579524465,0.125,26160.359285093757,0.125,26160.359285093757,0.535,13902.362362935539,0.535,13902.362362935539
36401,36,徳島県,松茂町,2,0.0,0.0,6.250492980810883,0.0,1.0,0.0,0.0025,0.0,1.0,0.0,0.0025,0.0,1.0,0.0,0.0025,0.0,1.0,0.0,0.0025,0.0,1.0,0.0,0.0025,0.0,1.0,0.0,0.0025,0.0,1.0,0.0,0.0025,0.0,1.0,0.0,0.0025,0.0,1.0,0.0,0.0025,0.0,1.0,0.0,0.0025,0.0,1.0,0.0,0.0025,0.0,1.0,0.0,0.0025,0.0,1.0,0.0,0.015,0.0,1.0,0.0,0.0825,0.0,1.0,0.0,0.255,0.0,1.0,0.0,0.5875,0.0
36404,36,徳島県,板野町,1,0.0,0.0,5.36737057076194,0.0,1.0,0.0,1.0,0.0,1.0,0.0,0.995,0.0,1.0,0.0,0.995,0.0,1.0,0.0,1.0,0.0,1.0,0.0,1.0,0.0,1.0,0.0,1.0,0.0,1.0,0.0,1.0,0.0,1.0,0.0,0.995,0.0,1.0,0.0,1.0,0.0,1.0,0.0,1.0,0.0,1.0,0.0,1.0,0.0,1.0,0.0,1.0,0.0,1.0,0.0,1.0,0.0,1.0,0.0,1.0,0.0,1.0,0.0,1.0,0.0,1.0,0.0,1.0,0.0
36405,36,徳島県,上板町,1,0.0,0.0,5.3728328787678175,0.0,1.0,0.0,1.0,0.0,1.0,0.0,0.995,0.0,1.0,0.0,0.995,0.0,1.0,0.0,1.0,0.0,1.0,0.0,1.0,0.0,1.0,0.0,1.0,0.0,1.0,0.0,1.0,0.0,1.0,0.0,0.995,0.0,1.0,0.0,1.0,0.0,1.0,0.0,1.0,0.0,1.0,0.0,1.0,0.0,1.0,0.0,1.0,0.0,1.0,0.0,1.0,0.0,1.0,0.0,1.0,0.0,1.0,0.0,1.0,0.0,1.0,0.0,1.0,0.0
36468,36,徳島県,つるぎ町,4,39.81357536912365,29897.55346867858,5.6169685210340745,3.021431045429782,0.6278285419940949,11127.016065247615,0.9800000000000001,597.9510693735722,0.626460963487625,11167.90331676741,0.9800000000000001,597.9510693735722,0.6327872548252345,10978.762683242796,0.9800000000000001,597.9510693735722,0.7820043322443962,6517.537132663456,0.9800000000000001,597.9510693735722,0.7842085192352534,6451.637334249339,0.9800000000000001,597.9510693735722,0.7861209467053414,6394.460431707414,0.9800000000000001,597.9510693735722,0.804378817602992,5848.59476032067,0.9800000000000001,597.9510693735722,0.814626561999321,5542.212274298075,0.9800000000000001,597.9510693735722,0.859676169976592,4195.339211054605,0.9800000000000001,597.9510693735722,0.8991449169814587,3015.320237134857,0.985,448.4633020301791,0.9288897739350797,2126.0217859457807,0.9875,373.7194183584825,0.9419884978234767,1734.4019881209656,0.9875,373.7194183584825,0.9912506052851678,261.58549630527324,1.0,0.0,0.9991347941756249,25.867537395668453,1.0,0.0,1.0,0.0,1.0,0.0,1.0,0.0,1.0,0.0
36489,36,徳島県,東みよし町,1,0.0,0.0,5.395994256354362,0.0,1.0,0.0,1.0,0.0,1.0,0.0,1.0,0.0,1.0,0.0,1.0,0.0,1.0,0.0,1.0,0.0,1.0,0.0,1.0,0.0,1.0,0.0,1.0,0.0,1.0,0.0,1.0,0.0,1.0,0.0,1.0,0.0,1.0,0.0,1.0,0.0,1.0,0.0,1.0,0.0,1.0,0.0,1.0,0.0,1.0,0.0,1.0,0.0,1.0,0.0,1.0,0.0,1.0,0.0,1.0,0.0,1.0,0.0,1.0,0.0,1.0,0.0,1.0,0.0
37201,37,香川県,高松市,36,315.38630834419666,236835.7759781202,5.859701890197328,3.3081442195893596,0.6069853830552445,93079.92177485484,0.9646153846153847,8380.342842302713,0.6054640979248171,93440.21651920359,0.9646153846153847,8380.342842302713,0.6097302492087385,92429.839269436,0.9646153846153847,8380.342842302713,0.7625142958799664,56245.11101897841,0.9646153846153847,8380.342842302713,0.765098020263473,55633.192649697055,0.9650000000000002,8289.252159234205,0.7668953289101886,55207.52566167997,0.9653846153846155,8198.161476165697,0.7870802972479187,50427.003022319885,0.9667307692307693,7879.344085425922,0.796822232559207,48119.76421334227,0.9686538461538463,7423.890670083381,0.8522103303288954,35001.88109810617,0.9776923076923077,5283.25961797345,0.8975502575590509,24263.76424976075,0.985769230769231,3370.35527353479,0.9252835085186123,17695.53823835708,0.989615384615385,2459.4484428497117,0.9424900826210462,13620.405908882134,0.990769230769231,2186.176393644188,0.9896279874279013,2456.463645967848,0.9988461538461539,273.2720492055235,0.9938573255463584,1454.8050708091857,0.9996153846153847,91.09068306850783,0.9984643379997354,363.699701472765,0.9996153846153847,91.09068306850783,1.0,0.0,1.0,0.0
37202,37,香川県,丸亀市,9,97.0419410289836,72872.5464548062,5.953993755332517,2.9854519518470983,0.6099168063724938,28426.355648859615,0.97,2186.176393644188,0.6082196152565303,28550.034287300346,0.97,2186.176393644188,0.6128246795243467,28214.45152751652,0.97,2186.176393644188,0.7685803030491662,16864.142616606812,0.97,2186.176393644188,0.7728045666809339,16556.309768863466,0.9724999999999999,2003.9950275071724,0.7739512423851557,16472.748590338975,0.9724999999999999,2003.9950275071724,0.7958282554857579,14878.514936872936,0.9724999999999999,2003.9950275071724,0.806257612052723,14118.50116595304,0.9724999999999999,2003.9950275071724,0.8588185099915427,10288.254689200065,0.9775,1639.6322952331411,0.9024156560457051,7111.21963807115,0.98625,1001.9975137535862,0.9337416616675909,4828.4138381467465,0.9949999999999999,364.3627322740313,0.9493938934718609,3687.795848868694,0.99625,273.2720492055235,0.9987525677590747,90.90356392604993,1.0,0.0,0.9975145142828116,181.12367338857922,1.0,0.0,0.9975137197051663,181.18157628493955,1.0,0.0,1.0,0.0,1.0,0.0
37203,37,香川県,坂出市,14,186.8057364807934,140279.6519255019,5.869586059789721,2.8675512467319404,0.6100432957899787,54702.99073259771,0.9144805194805196,11996.642960122474,0.6112213666473256,54537.73136278552,0.9144805194805196,11996.642960122474,0.6151810742669449,53982.26495617855,0.9144805194805196,11996.642960122474,0.7709405764972667,32132.376199219583,0.9131818181818183,12178.824326259488,0.772996572366286,31843.96181435327,0.913831168831169,12087.733643190983,0.7768956953334714,31296.994201701804,0.9158441558441561,11805.352525678605,0.7979620186945722,28341.817693256493,0.924805194805195,10548.3010993332,0.8143018504270759,26049.671785299593,0.9377272727272729,8735.596506269896,0.8600978493390043,19625.424998353636,0.9518831168831172,6749.819615376423,0.9015420021584588,13811.65366649323,0.9707142857142859,4108.189806389699,0.933098392570157,9384.934203514958,0.9893506493506494,1493.8872023235283,0.9515935240816268,6790.44359276963,0.9966883116883117,464.5624836493899,0.998705300403904,181.62000868843072,1.0,0.0,0.999352534322443,90.82625988139974,1.0,0.0,1.0,0.0,1.0,0.0,1.0,0.0,1.0,0.0
37205,37,香川県,観音寺市,8,52.8499705144918,39687.08674429922,6.007999374568222,3.0220028668013907,0.6001407324075503,15869.249438453506,0.9386945551630461,2433.034507142043,0.5987321805963361,15925.150756369003,0.9386945551630461,2433.034507142043,0.6049822902583516,15677.102112051212,0.9386945551630461,2433.034507142043,0.7495803339415393,9938.427009340572,0.9386945551630461,2433.034507142043,0.7542657751050602,9752.475499448612,0.9391041107368578,2416.780439557562,0.7564728498085551,9664.883134239855,0.9391041107368578,2416.780439557562,0.7798561690060949,8736.867316877455,0.9460708329910286,2140.291529132851,0.7941421762759097,8169.897307130634,0.9530375552451992,1863.8026187081396,0.843552344020796,6208.951693788946,0.9600042774993698,1587.3137082834278,0.8966001461287935,4103.638969934439,0.9801663887291466,787.1382509590683,0.9345556474401381,2597.295696967742,0.9945093888112998,217.9063625251648,0.9506533412762408,1958.4251253111584,0.9987713332785646,48.76220275344185,0.9991808888523764,32.50813516896123,0.9991808888523764,32.50813516896123,1.0,0.0,1.0,0.0,1.0,0.0,1.0,0.0,1.0,0.0,1.0,0.0
37206,37,香川県,さぬき市,7,84.91169840036065,63763.47814795543,5.815476930902774,3.017077458462414,0.6180958824060925,24351.534856813327,0.9757142857142859,1548.541612164633,0.617440092221867,24393.350319894824,0.9757142857142859,1548.541612164633,0.6210901691834443,24160.60871731694,0.9757142857142859,1548.541612164633,0.7758394434152954,14293.256751422345,0.9757142857142859,1548.541612164633,0.7780718864427763,14150.908419223004,0.9757142857142859,1548.541612164633,0.7798316523679283,14038.699623109063,0.9757142857142859,1548.541612164633,0.798232745542482,12865.38192057491,0.9771428571428572,1457.4509290961255,0.8080747856168559,12237.819213361272,0.9814285714285714,1184.1788798906018,0.8584818726134834,9023.688023149716,0.9842857142857143,1001.9975137535862,0.9001771952575239,6365.049228864496,0.9914285714285714,546.544098411047,0.9289622932184388,4529.611264046944,0.9942857142857143,364.3627322740313,0.9461404896794452,3434.269709384272,0.9957142857142857,273.2720492055235,0.9928678269542953,454.77216014722615,1.0,0.0,0.9985738903916043,90.93370885153554,1.0,0.0,1.0,0.0,1.0,0.0,1.0,0.0,1.0,0.0
37207,37,香川県,東かがわ市,6,24.2604852572459,18218.13661370155,5.889115264274673,2.6517212682597884,0.6288812184426934,6761.092662321475,0.99,182.18136613701566,0.6275424192938953,6785.483088112586,0.99,182.18136613701566,0.6319469694222789,6705.240392151797,0.99,182.18136613701566,0.7891728536636218,3840.8777538329846,0.99,182.18136613701566,0.7915106871546596,3798.2867839131736,0.99,182.18136613701566,0.7932572003276437,3766.4685683301195,0.99,182.18136613701566,0.8113661812283681,3436.5566803458096,0.99,182.18136613701566,0.8194882350598345,3288.5879940603154,0.99,182.18136613701566,0.8699860689786146,2368.6115570319685,0.9949999999999999,91.09068306850783,0.9114758615667233,1612.7448475876622,1.0,0.0,0.9382011092180618,1125.8606348405701,1.0,0.0,0.9541650013625623,835.028266865666,1.0,0.0,1.0,0.0,1.0,0.0,1.0,0.0,1.0,0.0,1.0,0.0,1.0,0.0,1.0,0.0,1.0,0.0
37208,37,香川県,三豊市,13,119.08318365760655,89424.16795314633,5.673225169766152,2.6000634473143314,0.6349150318801456,32647.419506318936,0.9908322753637907,819.8161476165706,0.6335873206762381,32766.148976010427,0.9908322753637907,819.8161476165706,0.6399295768814469,32198.997991913962,0.9908322753637907,819.8161476165706,0.7930837333430342,18503.314981770513,0.9908322753637907,819.8161476165706,0.7970044888145108,18152.704685985984,0.9908322753637907,819.8161476165706,0.7997403051968689,17908.056582321027,0.9913415933991357,774.2708060823165,0.8178383445342896,16289.65447298887,0.9913415933991357,774.2708060823165,0.8292987669362962,15264.815735297818,0.9923602294698257,683.1801230138087,0.8751531745983815,11164.323483131458,0.9938881835758606,546.544098411047,0.9104752448088554,8005.676744177214,0.9964347737525853,318.8173907397774,0.9391010229780075,5445.840349389464,0.9984720458939651,136.63602460276175,0.9536569679422087,4144.187082193976,1.0,0.0,1.0,0.0,1.0,0.0,1.0,0.0,1.0,0.0,1.0,0.0,1.0,0.0,1.0,0.0,1.0,0.0
37322,37,香川県,土庄町,1,24.2604852572459,18218.13661370155,5.48355019441632,1.5581115287528697,0.7184414701241622,5129.471762030983,0.985,273.2720492055235,0.7203431412361533,5094.826857918399,0.99,182.18136613701566,0.7292043616316368,4933.391934189362,0.99,182.18136613701566,0.9433380059221236,1032.2759489155007,0.99,182.18136613701566,0.9552219084279204,815.7733895609837,0.99,182.18136613701566,0.9477590090037847,951.7335108042023,0.99,182.18136613701566,0.9516824245454336,880.2561904741232,0.9949999999999999,91.09068306850783,0.9546201713042682,826.735918685213,0.9949999999999999,91.09068306850783,0.956629526860488,790.1292046565018,1.0,0.0,0.9579448197675083,766.1670187893741,1.0,0.0,0.957565230008695,773.0824368725978,1.0,0.0,0.9515823295153676,882.0797354062166,1.0,0.0,0.9817333896397759,332.78360301181954,1.0,0.0,1.0,0.0,1.0,0.0,1.0,0.0,1.0,0.0,1.0,0.0,1.0,0.0
37324,37,香川県,小豆島町,1,24.2604852572459,18218.13661370155,6.04266293784776,2.50925046112252,0.6840317489284644,5756.352763613587,0.9399999999999998,1093.088196822094,0.6857045942328841,5725.876639324079,0.945,1001.9975137535862,0.6941222437164833,5572.522751065614,0.945,1001.9975137535862,0.8997165376761406,1826.9778167110655,0.945,1001.9975137535862,0.9113452709095146,1615.1239660211647,0.945,1001.9975137535862,0.9087322166563535,1662.7289453842666,0.9500000000000001,910.9068306850784,0.9176473176480795,1500.3124175920564,0.96,728.7254645480626,0.9204434807258077,1449.3715366478173,0.96,728.7254645480626,0.9276739301750786,1317.6462208025355,0.97,546.544098411047,0.9342913024020527,1197.0900295478066,0.975,455.4534153425392,0.9387156413761113,1116.4868176930831,0.98,364.3627322740313,0.932800632957369,1224.2472491369244,0.98,364.3627322740313,0.9617333896397758,697.1463352858509,0.98,364.3627322740313,0.9949999999999999,91.09068306850783,0.9949999999999999,91.09068306850783,1.0,0.0,1.0,0.0,1.0,0.0,1.0,0.0
37341,37,香川県,三木町,2,24.2604852572459,18218.13661370155,5.7455568899185305,3.0140530080665844,0.6167634566954803,6981.85570128449,0.975,455.4534153425392,0.6154394922486972,7005.9758664476685,0.975,455.4534153425392,0.6195651218458079,6930.814582829975,0.975,455.4534153425392,0.7726876542084209,4141.207369611952,0.975,455.4534153425392,0.7750235202275506,4098.652243364145,0.975,455.4534153425392,0.7765324528627389,4071.162302475414,0.975,455.4534153425392,0.7945935444116184,3742.1228692453556,0.975,455.4534153425392,0.8003161761637602,3637.8671821949292,0.975,455.4534153425392,0.85060795679703,2721.6446520717104,0.985,273.2720492055235,0.9068105199735146,1697.7386780823233,1.0,0.0,0.9335396401386242,1210.783915350311,1.0,0.0,0.9495602863366366,918.9175942751434,1.0,0.0,0.9950065812311367,90.97078530057058,1.0,0.0,0.9950086163706147,90.93370885153554,1.0,0.0,1.0,0.0,1.0,0.0,1.0,0.0,1.0,0.0
37364,37,香川県,直島町,1,0.0,0.0,5.48375677179016,0.0,1.0,0.0,0.995,0.0,1.0,0.0,1.0,0.0,1.0,0.0,1.0,0.0,1.0,0.0,1.0,0.0,1.0,0.0,1.0,0.0,1.0,0.0,1.0,0.0,1.0,0.0,1.0,0.0,1.0,0.0,1.0,0.0,1.0,0.0,1.0,0.0,1.0,0.0,1.0,0.0,1.0,0.0,1.0,0.0,1.0,0.0,1.0,0.0,1.0,0.0,1.0,0.0,1.0,0.0,1.0,0.0,1.0,0.0,1.0,0.0,1.0,0.0,1.0,0.0
37386,37,香川県,宇多津町,1,24.2604852572459,18218.13661370155,5.5660478854560065,2.710037034257039,0.6209696372464532,6905.226929384972,0.99,182.18136613701566,0.6183314346219413,6953.290065212956,0.99,182.18136613701566,0.6239235975290649,6851.411277404903,0.99,182.18136613701566,0.785576202494558,3906.402036182821,0.99,182.18136613701566,0.7865933850361034,3887.870865679873,0.99,182.18136613701566,0.7857749147748109,3902.781868714353,0.99,182.18136613701566,0.8052137608308111,3548.6423156534256,0.99,182.18136613701566,0.8135403218652937,3396.9478892048996,0.985,273.2720492055235,0.8654951381016872,2450.4279492705227,0.99,182.18136613701566,0.9084471899076015,1667.9216016315893,0.9949999999999999,91.09068306850783,0.9381981522211572,1125.9145058141457,1.0,0.0,0.9541650013625623,835.028266865666,1.0,0.0,1.0,0.0,1.0,0.0,1.0,0.0,1.0,0.0,1.0,0.0,1.0,0.0,1.0,0.0,1.0,0.0
37387,37,香川県,綾川町,8,63.077261668839334,47367.15519562404,5.641593730004095,2.645946467586294,0.6291086184669539,17568.06962979521,0.9842307692307692,746.9436011617643,0.6280421933022221,17618.583156077573,0.9842307692307692,746.9436011617643,0.6326243389466815,17401.539952207513,0.9842307692307692,746.9436011617643,0.7897790524020095,9957.568250245173,0.9842307692307692,746.9436011617643,0.7920556999434485,9849.729932824088,0.9842307692307692,746.9436011617643,0.7937565516744508,9769.165424916957,0.9842307692307692,746.9436011617643,0.8126640488236445,8873.571073090283,0.9873076923076924,601.1985082521517,0.8225434394780313,8405.612442725736,0.9892307692307694,510.10782518364385,0.8714127401031035,6090.812695716342,0.9926923076923078,346.14459566032974,0.9096792789796689,4278.235609950682,0.9957692307692309,200.39950275071723,0.9383300351141056,2921.130797658843,0.998846153846154,54.654409841104695,0.9541650013625623,2171.073493850731,1.0,0.0,1.0,0.0,1.0,0.0,1.0,0.0,1.0,0.0,1.0,0.0,1.0,0.0,1.0,0.0,1.0,0.0
37404,37,香川県,多度津町,4,48.5209705144918,36436.2732274031,5.960636979729883,3.493778302370847,0.6074686679488513,14302.378864932143,0.9650000000000001,1275.2695629591096,0.6055713872483466,14371.508702924813,0.9650000000000001,1275.2695629591096,0.6117885567119811,14144.97821764676,0.9650000000000001,1275.2695629591096,0.7597008716591517,8755.604696533952,0.9650000000000001,1275.2695629591096,0.7643458107646438,8586.360426161591,0.9650000000000001,1275.2695629591096,0.7666449821527932,8502.587189266358,0.9674999999999999,1184.1788798906018,0.791566560253268,7594.5377603393845,0.97,1093.088196822094,0.8044712728855665,7124.338124947837,0.9724999999999999,1001.9975137535862,0.8482528012839612,5529.1023939106235,0.975,910.9068306850784,0.8876401222345885,4093.9752060581486,0.9799999999999999,728.7254645480627,0.928969256192213,2588.0955889262004,0.9949999999999999,182.18136613701566,0.9471131968160627,1926.9980109338353,1.0,0.0,0.9925205420725978,272.52357263568985,1.0,0.0,0.9900435428484344,362.77619315137866,1.0,0.0,0.9900411591154988,362.86304749591716,1.0,0.0,1.0,0.0,1.0,0.0
37406,37,香川県,まんのう町,2,24.2604852572459,18218.13661370155,5.619421629741165,2.828969507923977,0.6215858131274581,6894.001353006756,0.9949999999999999,91.09068306850783,0.6201337936148047,6920.454442854036,0.9949999999999999,91.09068306850783,0.6244391404546331,6842.019045956674,0.9949999999999999,91.09068306850783,0.7811879676199169,3986.3474986220403,0.9949999999999999,91.09068306850783,0.7834019453413202,3946.0129500338235,0.9949999999999999,91.09068306850783,0.785145353708358,3914.2512982296585,0.9949999999999999,91.09068306850783,0.8076596421407883,3504.0829158073607,0.9949999999999999,91.09068306850783,0.8157816959722549,3356.1142295218665,0.9949999999999999,91.09068306850783,0.8699860689786146,2368.6115570319685,0.9949999999999999,91.09068306850783,0.9064758615667232,1703.83553065617,0.9949999999999999,91.09068306850783,0.9334906536812195,1211.676357323531,0.9949999999999999,91.09068306850783,0.9495282830297945,919.5006348912801,0.9949999999999999,91.09068306850783,0.9950256775901652,90.62288522296663,1.0,0.0,1.0,0.0,1.0,0.0,1.0,0.0,1.0,0.0,1.0,0.0,1.0,0.0
38201,38,愛媛県,松山市,22,154.23469553295357,115820.79764677364,5.77221488214253,2.665818551899738,0.6697108785453021,38254.349500935234,0.9806250000000001,2244.027954406242,0.6685019670630573,38394.36659309316,0.9806250000000001,2244.027954406242,0.6740307548193962,37754.01798513429,0.9806250000000001,2244.027954406242,0.8052159582902825,22560.04307968194,0.9806250000000001,2244.027954406242,0.8071364619010275,22337.608819601934,0.9806250000000001,2244.027954406242,0.8077936449167465,22261.49335852144,0.9806250000000001,2244.027954406242,0.8268955087275391,20049.100255415407,0.9834375000000002,1918.2819610246904,0.8369225427960192,18887.76117157266,0.9840625000000001,1845.893962495457,0.8761446943865303,14345.020288936985,0.9846875,1773.5059639662231,0.9120703356233572,10184.08386491588,0.9903125000000004,1122.0139772031207,0.9403649544642397,6906.978541653461,0.9943750000000002,651.4919867631024,0.9530384281522132,5439.126710156972,0.9956250000000002,506.7159897046352,0.9937724012669789,721.2854526825637,0.9987500000000001,144.7759970584672,0.9968907834528365,360.1119405490457,1.0,0.0,0.9987513783371833,144.6163569464738,1.0,0.0,1.0,0.0,1.0,0.0
38202,38,愛媛県,今治市,24,69.40561298982912,52119.35894104815,5.661517341084273,9.77396874255837,0.6802697091418344,16664.137793562455,0.9294444444444443,3677.3103252850633,0.6819751607412601,16575.250749495404,0.9294444444444443,3677.3103252850633,0.6843449853808851,16451.737008475444,0.9294444444444443,3677.3103252850633,0.7913120745309343,10876.680894184934,0.9294444444444443,3677.3103252850633,0.7930487899338025,10786.164400724407,0.9305555555555556,3619.399926461677,0.7964191376348027,10610.504039139843,0.9305555555555556,3619.399926461677,0.8041857725457521,10205.712006451988,0.9305555555555556,3619.399926461677,0.8111548010360112,9842.49070909778,0.9333333333333333,3474.62392940321,0.8321270754305037,8749.429212121075,0.9486111111111111,2678.3559455816403,0.8398605323391125,8346.366395646162,0.9597222222222223,2099.251957347773,0.8528965069876802,7666.93975379106,0.9708333333333333,1520.1479691139057,0.8539594610963831,7611.539267061711,0.975,1302.9839735262049,0.8781435235442283,6351.081435689747,0.9972222222222222,144.7759970584672,0.8965214357840725,5393.236431074223,0.9986111111111111,72.3879985292336,0.9149112627104234,4434.770440635986,1.0,0.0,0.9597680778190907,2096.8619930351256,1.0,0.0
38203,38,愛媛県,宇和島市,10,77.1173477664768,57910.39882338683,5.672888290557189,17.15003313862882,0.4806273971084738,30077.07457138879,0.75625,14115.65971320054,0.48024654108623505,30099.130095530927,0.75625,14115.65971320054,0.4843897745903814,29859.193790887395,0.75625,14115.65971320054,0.5984262966953975,23255.293315353945,0.75625,14115.65971320054,0.6001017383889121,23158.26781867719,0.75625,14115.65971320054,0.6015507999279361,23074.352087032672,0.75625,14115.65971320054,0.618843830491678,22072.905790221357,0.75625,14115.65971320054,0.6285376394756896,21511.533445839526,0.7575,14043.271714671308,0.6641302239925426,19450.35268131346,0.75875,13970.883716142074,0.7009137850471596,17320.201990496178,0.7687499999999999,13391.779727908204,0.7297879566469055,15648.087197459996,0.77625,12957.451736732804,0.7442193446311285,14812.359763718609,0.78125,12667.89974261587,0.7900263172182894,12159.659712304168,0.80375,11364.915769089665,0.8212916735130421,10349.070459919762,0.8400000000000001,9265.663811741893,0.8600461882850505,8104.781053265917,0.8800000000000001,6949.24785880642,0.9362810408975929,3689.9903342314697,0.9512499999999999,2823.1319426401074
38204,38,愛媛県,八幡浜市,4,0.0,0.0,5.586408319465126,0.0,1.0,0.0,0.94125,0.0,1.0,0.0,0.94125,0.0,1.0,0.0,0.94125,0.0,1.0,0.0,0.94125,0.0,1.0,0.0,0.94125,0.0,1.0,0.0,0.94125,0.0,1.0,0.0,0.94125,0.0,1.0,0.0,0.94125,0.0,1.0,0.0,0.94125,0.0,1.0,0.0,0.94125,0.0,1.0,0.0,0.94125,0.0,1.0,0.0,0.94125,0.0,1.0,0.0,0.94125,0.0,1.0,0.0,0.94375,0.0,1.0,0.0,0.95125,0.0,1.0,0.0,0.9875,0.0
38205,38,愛媛県,新居浜市,21,269.91071718266875,202686.3958818539,5.90005049946558,7.382005118332004,0.5785255136484546,85427.14459475035,0.8981428571428572,20645.057180537413,0.5772333066442183,85689.05737517231,0.8981428571428572,20645.057180537413,0.583107328671962,84498.4730210383,0.8981428571428572,20645.057180537413,0.7226200718986137,56221.13791683777,0.8981428571428572,20645.057180537413,0.7246031653093441,55819.19186071978,0.8981428571428572,20645.057180537413,0.7260516464321741,55525.60444243044,0.8988928571428572,20493.04238362602,0.7461454822218844,51452.85728677227,0.9028214285714287,19696.77439980445,0.7599614125138947,48652.55617012976,0.9074285714285715,18762.969218777336,0.807465241492327,39024.1762839034,0.9161785714285716,16989.463254811115,0.8439070661770448,31637.914179199564,0.9224642857142858,15715.4344806966,0.8738517532242197,25568.53348579763,0.9283571428571429,14521.032504964247,0.8864880305294482,23007.331981437215,0.9290714285714285,14376.25650790578,0.9310714285714285,13970.883716142072,0.9310714285714285,13970.883716142072,0.9425,11654.467763206598,0.9425,11654.467763206598,0.9528571428571428,9555.215805858827,0.9528571428571428,9555.215805858827,0.9789285714285715,4270.891913224779,0.9789285714285715,4270.891913224779
38206,38,愛媛県,西条市,28,304.6135236775834,228746.07535237801,5.95705877938915,11.879915143268576,0.5138311260506377,111209.22187440154,0.8636075949367089,31199.227366099658,0.5135387464614288,111276.10255794624,0.8636075949367089,31199.227366099658,0.517521369327252,110365.09320778053,0.8636075949367089,31199.227366099658,0.6424151354626109,81796.13436833947,0.8636075949367089,31199.227366099658,0.6466072922863637,80837.19494764433,0.8667721518987341,30475.347380807318,0.64796956114836,80525.58129188794,0.8667721518987341,30475.347380807318,0.6654415439432032,76528.93379894327,0.8710443037974684,29498.109400662663,0.6759650485007612,74121.72343244898,0.8745253164556962,28701.841416841093,0.7067823974108407,67072.37581650345,0.87626582278481,28303.707424930308,0.7431988117083955,58742.26396753152,0.8843354430379746,26457.813462434853,0.7795872751222602,50418.545773506434,0.9020569620253163,22404.085544797777,0.797603076594228,46297.50189246617,0.9079113924050634,21064.907572006956,0.8698878005258285,29762.65498518249,0.9598101265822784,9193.275813212658,0.8949581890630194,24027.90199974078,0.9753164556962024,5646.263885280221,0.92295915983875,17622.789828735797,0.9830696202531644,3872.757921313998,0.9740872963384091,5927.4292643581075,0.9938291139240506,1411.5659713200553
38207,38,愛媛県,大洲市,12,28.9190054124288,21716.399558770063,5.570012547884346,2.5624083274882286,0.6376126392185688,7869.74872177772,1.0,0.0,0.6362385229766369,7899.589579127709,1.0,0.0,0.6425378081947565,7762.79178439637,1.0,0.0,0.7934274230897427,4486.012618067906,1.0,0.0,0.795528000369668,4440.395642552975,1.0,0.0,0.7973461681604387,4400.911584343714,1.0,0.0,0.8191623266786336,3927.1431691251246,1.0,0.0,0.8321500428020954,3645.0967364321496,1.0,0.0,0.8770408152788877,2670.230784824288,1.0,0.0,0.9144550648331641,1857.7279923120868,1.0,0.0,0.9410967056453228,1279.1674755340155,1.0,0.0,0.9541650013625622,995.3711441862804,1.0,0.0,1.0,0.0,1.0,0.0,1.0,0.0,1.0,0.0,1.0,0.0,1.0,0.0,1.0,0.0,1.0,0.0
38213,38,愛媛県,四国中央市,19,212.84630311035392,159834.52048336968,5.795206685381039,2.782972365744702,0.6250943074391737,59922.87159694525,0.9693180151377806,4904.040337930807,0.6236811700893993,60148.7397276236,0.9693180151377806,4904.040337930807,0.6300049349763976,59137.98379926065,0.9693180151377806,4904.040337930807,0.781180534893176,34974.90427777669,0.9693180151377806,4904.040337930807,0.7833319355983335,34631.036177700225,0.9693180151377806,4904.040337930807,0.7855171588959784,34281.762059772045,0.9708330961439033,4661.878091823743,0.8076453754522241,30744.909177352343,0.9750755556408421,3983.786612460427,0.8183595799573911,29032.40943790826,0.9758330961439035,3862.7054894068947,0.8677671616713564,21135.372306413705,0.9831057176530871,2700.2895178294484,0.9057632013053424,15062.293531248433,0.9877592154555275,1956.4999280060217,0.9341481670037287,10525.396149909944,0.992236276186703,1240.9110728636597,0.9488574015202649,8174.3527042819815,0.9943524968730624,902.6659542224268,0.9990446851837234,152.69228557021944,1.0,0.0,1.0,0.0,1.0,0.0,1.0,0.0,1.0,0.0,1.0,0.0,1.0,0.0
38214,38,愛媛県,西予市,6,38.5586738832384,28955.199411693415,5.506594401275572,20.189094142378313,0.46157490119338035,15590.206104206402,0.715,8252.231832332624,0.4605612175166607,15619.557517206198,0.715,8252.231832332624,0.46565503034740685,15472.0651509261,0.715,8252.231832332624,0.5709691813588142,12422.672907517606,0.715,8252.231832332624,0.5720716778934002,12390.749900507968,0.715,8252.231832332624,0.5729408806934954,12365.581960102014,0.715,8252.231832332624,0.5857110427692532,11995.819370678797,0.715,8252.231832332624,0.5951303976774216,11723.080070983271,0.715,8252.231832332624,0.6284290483966469,10758.91099926777,0.715,8252.231832332624,0.6555441328138112,9973.788322903876,0.715,8252.231832332624,0.6730661296099424,9466.435411580847,0.715,8252.231832332624,0.6889951464533806,9005.207552446871,0.7225,8035.067836744922,0.7474999999999999,7311.187851452587,0.7474999999999999,7311.187851452587,0.7875000000000001,6152.979874984851,0.7875000000000001,6152.979874984851,0.8350000000000001,4777.607902929413,0.8350000000000001,4777.607902929413,0.9175000000000001,2388.803951464707,0.9175000000000001,2388.803951464707
38215,38,愛媛県,東温市,4,30.846939106590717,23164.159529354733,5.535849125705563,2.6267844838526795,0.6302575712557882,8564.772604201997,0.98625,318.5071935286278,0.6290602213190869,8592.508209148209,0.98625,318.5071935286278,0.635251034940593,8449.10321480314,0.98625,318.5071935286278,0.7856593176163733,4965.021760365082,0.98625,318.5071935286278,0.7877925682812928,4915.606801646783,0.98625,318.5071935286278,0.7898520362097771,4867.900958005788,0.98625,318.5071935286278,0.8119319249689579,4356.438892397715,0.988125,275.0743944110877,0.8258101846277713,4034.9606716711505,0.99,231.64159529354754,0.8723476781696081,2956.958747171729,0.991875,188.20879617600735,0.9117690698057414,2043.7953424431694,0.996875,72.3879985292336,0.9410967056453228,1364.4453072362833,1.0,0.0,0.9541650013625623,1061.7292204653656,1.0,0.0,1.0,0.0,1.0,0.0,1.0,0.0,1.0,0.0,1.0,0.0,1.0,0.0,1.0,0.0,1.0,0.0
38356,38,愛媛県,上島町,5,15.42346955329536,11582.079764677366,5.598737207861186,1.019676939807832,0.763189530968666,2742.7577414315692,0.995,57.910398823386885,0.769353820681572,2671.362446284112,0.995,57.910398823386885,0.7739764878153801,2617.8223468147944,0.995,57.910398823386885,0.9719230815768242,325.18910872356196,0.995,57.910398823386885,0.9743666911125183,296.88702816742654,0.995,57.910398823386885,0.9762238314747811,275.37748035749684,0.995,57.910398823386885,0.9751583287119865,287.718218345668,0.995,57.910398823386885,0.9730891621112824,311.68347096142935,0.995,57.910398823386885,0.9707123908400536,339.2114254071951,0.995,57.910398823386885,0.9670587137341499,381.528605082146,0.995,57.910398823386885,0.961961325109005,440.56696673013414,0.995,57.910398823386885,0.9607182577252388,454.9642723217834,1.0,0.0,1.0,0.0,1.0,0.0,1.0,0.0,1.0,0.0,1.0,0.0,1.0,0.0,1.0,0.0,1.0,0.0
38386,38,愛媛県,久万高原町,5,0.0,0.0,5.644395987396873,0.0,1.0,0.0,0.9809999999999999,0.0,1.0,0.0,0.9809999999999999,0.0,1.0,0.0,0.9809999999999999,0.0,1.0,0.0,0.9809999999999999,0.0,1.0,0.0,0.9809999999999999,0.0,1.0,0.0,0.9809999999999999,0.0,1.0,0.0,0.9809999999999999,0.0,1.0,0.0,0.9809999999999999,0.0,1.0,0.0,0.9809999999999999,0.0,1.0,0.0,0.986,0.0,1.0,0.0,0.986,0.0,1.0,0.0,0.986,0.0,1.0,0.0,0.986,0.0,1.0,0.0,0.986,0.0,1.0,0.0,0.994,0.0,1.0,0.0,1.0,0.0
38401,38,愛媛県,松前町,1,19.2793369416192,14477.599705846707,6.006770511474464,38.0338408856187,0.2634494636207819,10663.483828825003,0.405,8614.17182497879,0.2599354047328234,10714.358966747639,0.405,8614.17182497879,0.2633572718501091,10664.818544376976,0.405,8614.17182497879,0.32117615088820456,9827.73995822266,0.405,8614.17182497879,0.32213192991912365,9813.90257200577,0.405,8614.17182497879,0.3225400622934103,9807.993794863853,0.405,8614.17182497879,0.3374352611601353,9592.347068132427,0.405,8614.17182497879,0.34072358697652816,9544.740003260289,0.405,8614.17182497879,0.3542285262048244,9349.220899061229,0.405,8614.17182497879,0.3824513673782349,8940.621901990904,0.41500000000000004,8469.395827920323,0.3915538141131401,8808.840321819154,0.41500000000000004,8469.395827920323,0.41596415966749195,8455.437110201854,0.435,8179.843833803389,0.46499999999999997,7745.515842627988,0.46499999999999997,7745.515842627988,0.55,6514.919867631018,0.55,6514.919867631018,0.69,4488.05590881248,0.69,4488.05590881248,0.865,1954.4759602893057,0.865,1954.4759602893057
38402,38,愛媛県,砥部町,2,0.0,0.0,5.904892963233943,0.0,1.0,0.0,0.9924999999999999,0.0,1.0,0.0,0.9924999999999999,0.0,1.0,0.0,0.9924999999999999,0.0,1.0,0.0,0.9924999999999999,0.0,1.0,0.0,0.9924999999999999,0.0,1.0,0.0,0.9924999999999999,0.0,1.0,0.0,0.9924999999999999,0.0,1.0,0.0,0.9924999999999999,0.0,1.0,0.0,0.9924999999999999,0.0,1.0,0.0,0.9924999999999999,0.0,1.0,0.0,0.9924999999999999,0.0,1.0,0.0,0.9924999999999999,0.0,1.0,0.0,0.9975,0.0,1.0,0.0,0.9975,0.0,1.0,0.0,1.0,0.0,1.0,0.0,1.0,0.0
38422,38,愛媛県,内子町,5,19.2793369416192,14477.599705846707,5.704449453718143,2.539218113748357,0.6393977762758731,5220.654648116088,1.0,0.0,0.6380347116291523,5240.388552444504,1.0,0.0,0.6443382102996111,5149.129021947263,1.0,0.0,0.7961475217342376,2951.2945793765234,1.0,0.0,0.7983655192703009,2919.183298900846,1.0,0.0,0.800183440297842,2892.864165967263,1.0,0.0,0.82199865616858,2577.0322030940843,1.0,0.0,0.834980953335762,2389.0797014452755,1.0,0.0,0.87985894061625,1739.3541659942903,1.0,0.0,0.9144550648331641,1238.4853282080578,1.0,0.0,0.9410967056453228,852.778317022677,1.0,0.0,0.9541650013625622,663.5807627908536,1.0,0.0,1.0,0.0,1.0,0.0,1.0,0.0,1.0,0.0,1.0,0.0,1.0,0.0,1.0,0.0,1.0,0.0
38442,38,愛媛県,伊方町,8,30.846939106590717,23164.159529354733,5.342013805007472,2.607823469547439,0.6327102537546306,8507.958275523953,0.99,231.64159529354754,0.631521475412883,8535.49532667724,0.99,231.64159529354754,0.6377972760191187,8390.121680259972,0.99,231.64159529354754,0.7873699524067342,4925.396343184697,0.99,231.64159529354754,0.7894719262234867,4876.705886366918,0.99,231.64159529354754,0.7915129356738181,4829.427617858521,0.99,231.64159529354754,0.8129604123346508,4332.6148469848795,0.99,231.64159529354754,0.8273767001181842,3998.6736569460268,0.995,115.82079764677377,0.8722203975170852,2959.9070965117744,0.995,115.82079764677377,0.9144550648331641,1981.5765251328926,1.0,0.0,0.9410967056453228,1364.4453072362833,1.0,0.0,0.9541650013625623,1061.7292204653656,1.0,0.0,1.0,0.0,1.0,0.0,1.0,0.0,1.0,0.0,1.0,0.0,1.0,0.0,1.0,0.0,1.0,0.0
38488,38,愛媛県,鬼北町,3,31.7300054124288,23827.288169533516,5.587840624732522,2.6240958531150724,0.6333381777980458,8736.556898372224,0.993671131648043,150.79977000911953,0.6319688837440868,8769.183462384735,0.993671131648043,150.79977000911953,0.6382592206487976,8619.301792272738,0.993671131648043,150.79977000911953,0.787509938128319,5063.061937378548,0.993671131648043,150.79977000911953,0.7895878678837851,5013.55050629901,0.993671131648043,150.79977000911953,0.7917395608832536,4962.281497148309,0.993671131648043,150.79977000911953,0.8135593884919362,4442.37417690668,0.993671131648043,150.79977000911953,0.8265296868818723,4133.327139524839,0.993671131648043,150.79977000911953,0.8760793965131909,2952.6919294226964,0.998671131648043,31.663329161451838,0.9135030757998207,2060.9871386959653,0.998671131648043,31.663329161451838,0.940147030346057,1426.1339557468448,0.998671131648043,31.663329161451838,0.9533058335166025,1112.5953606360856,0.9991140877653619,21.108886107634557,0.9991140877653619,21.108886107634557,0.9991140877653619,21.108886107634557,1.0,0.0,1.0,0.0,1.0,0.0,1.0,0.0,1.0,0.0,1.0,0.0
38506,38,愛媛県,愛南町,3,0.05,37.546933667083856,5.58826379483535,30.74046416489771,0.27073920203605667,27.381506807156825,0.3,26.282853566958696,0.27137798799434676,27.35752235315344,0.3,26.282853566958696,0.2717106127575971,27.34503331323165,0.3,26.282853566958696,0.1865604766580509,30.542159825104473,0.3,26.282853566958696,0.18890709885687101,30.454051357063666,0.3,26.282853566958696,0.19127082654566038,30.365300630325642,0.3,26.282853566958696,0.19497078919142952,30.22637837829426,0.3,26.282853566958696,0.19761459329456557,30.127111641005047,0.3,26.282853566958696,0.20024005689949262,30.02853353318551,0.3,26.282853566958696,0.19986065754026644,30.04277881575971,0.3,26.282853566958696,0.20641305768222082,29.796756282269556,0.3,26.282853566958696,0.22544689014670438,29.082094237295205,0.325,25.344180225281605,0.7236257861263584,10.377004275606067,0.945,2.065081351689614,0.8631941201118754,5.136641297426462,1.0,0.0,0.8416543724143412,5.945392775431496,1.0,0.0,0.8891241666302085,4.163047560818202,1.0,0.0
39201,39,高知県,高知市,33,207.36640578810704,155719.45365815295,5.825409465858813,14.671447878285184,0.4997594060261446,77897.19199123867,0.7792105263157895,34381.2162155764,0.4990563826419805,78006.6664085296,0.7792105263157895,34381.2162155764,0.5034480649328097,77322.7960415615,0.7792105263157895,34381.2162155764,0.6240522154627886,58542.38361212755,0.7792105263157895,34381.2162155764,0.6257496534976968,58278.05948871308,0.7792105263157895,34381.2162155764,0.6272275794123796,58047.917672731455,0.7792105263157895,34381.2162155764,0.6416257832031276,55805.83724477741,0.7792105263157895,34381.2162155764,0.6501563900720355,54477.45580377858,0.7795864661654135,34322.67506758462,0.6895997417516503,48335.35862978261,0.7825939849624061,33854.34588365032,0.7248060190408748,42853.056364967095,0.793233082706767,32197.631395482753,0.753802336303139,38337.76568278885,0.8018796992481202,30851.184991671656,0.7709792512061453,35662.985878560154,0.8078947368421051,29914.526623803067,0.8259410512667757,27104.364401050116,0.8266917293233081,26987.46922421372,0.8567680493426942,22304.00110274716,0.8575187969924811,22187.095088887207,0.8921057981958864,16801.226157819052,0.8924812030075188,16742.768325651028,0.9469924812030075,8254.301866841943,0.9469924812030075,8254.301866841943
39202,39,高知県,室戸市,3,15.591459081812559,11708.229598357364,5.984545376350606,4.412710512372142,0.6150978113105521,4506.5231980863255,0.955,526.8703319260818,0.6137343246629462,4522.487212810789,0.955,526.8703319260818,0.6200483231386169,4448.561468973957,0.955,526.8703319260818,0.7692733307403978,2701.400818155684,0.955,526.8703319260818,0.7715188043785747,2675.110297242851,0.955,526.8703319260818,0.773262116931146,2654.6991936156473,0.955,526.8703319260818,0.7913212641549763,2443.2585515685046,0.955,526.8703319260818,0.8017200679553207,2321.506969125801,0.955,526.8703319260818,0.8399563629401382,1873.8276484530375,0.955,526.8703319260818,0.8760678877157625,1451.0256252332579,0.96,468.329183934295,0.9106447963637766,1046.1912399808805,0.975,292.7057399589344,0.9254663456656271,872.657137751441,0.98,234.1645919671475,0.9700704871065682,350.4216087232968,0.995,58.54114799178687,0.9750743029045407,291.8357844927471,1.0,0.0,0.9850420988840051,175.1305405755945,1.0,0.0,1.0,0.0,1.0,0.0
39203,39,高知県,安芸市,4,15.591459081812559,11708.229598357364,5.628615946743777,2.5948586123716084,0.6365265381336213,4255.630744441352,0.99,117.08229598357374,0.6350229567289353,4273.235020747236,0.99,117.08229598357374,0.6412845232337713,4199.923162463232,0.99,117.08229598357374,0.7929077017307281,2424.6841761881406,0.99,117.08229598357374,0.7950594571977854,2399.4909291403137,0.99,117.08229598357374,0.796858706176281,2378.4249089954774,0.99,117.08229598357374,0.8149603479355574,2166.4867311706553,0.99,117.08229598357374,0.8253464049100876,2044.8843914912347,0.99,117.08229598357374,0.8752242777496576,1460.9028044078764,0.995,58.54114799178687,0.9098128426074982,1055.931945574604,0.995,58.54114799178687,0.9414316590130329,685.7315834702945,1.0,0.0,0.9545599339902401,532.0227258067835,1.0,0.0,1.0,0.0,1.0,0.0,1.0,0.0,1.0,0.0,1.0,0.0,1.0,0.0,1.0,0.0,1.0,0.0
39204,39,高知県,南国市,3,15.591459081812559,11708.229598357364,5.897079507269036,3.4557811942952696,0.6134290710976348,4526.061191639173,0.96,468.329183934295,0.6120373906334862,4542.355306040973,0.96,468.329183934295,0.6181664069136604,4470.595376220623,0.96,468.329183934295,0.7647598483925685,2754.245705772203,0.96,468.329183934295,0.7664834559476003,2734.065312780428,0.96,468.329183934295,0.7683842168515548,2711.810767705347,0.96,468.329183934295,0.7828042267775163,2542.9779806815977,0.96,468.329183934295,0.7931790467118844,2421.5072068484005,0.96,468.329183934295,0.8476641162997113,1783.5835024316468,0.97,351.24688795072126,0.885362309939228,1342.2043958568481,0.98,234.1645919671475,0.9122583570843562,1027.2993005934434,0.98,234.1645919671475,0.9397530014673248,705.3856914324608,0.995,58.54114799178687,0.9851837912527844,173.47157378959056,1.0,0.0,0.9950752812903374,57.65973736005595,1.0,0.0,1.0,0.0,1.0,0.0,1.0,0.0,1.0,0.0
39205,39,高知県,土佐市,2,0.0,0.0,6.137802468776343,0.0,1.0,0.0,1.0,0.0,1.0,0.0,1.0,0.0,1.0,0.0,1.0,0.0,1.0,0.0,1.0,0.0,1.0,0.0,1.0,0.0,1.0,0.0,1.0,0.0,1.0,0.0,1.0,0.0,1.0,0.0,1.0,0.0,1.0,0.0,1.0,0.0,1.0,0.0,1.0,0.0,1.0,0.0,1.0,0.0,1.0,0.0,1.0,0.0,1.0,0.0,1.0,0.0,1.0,0.0,1.0,0.0,1.0,0.0,1.0,0.0,1.0,0.0,1.0,0.0
39206,39,高知県,須崎市,4,56.129252694525206,42149.62655408651,5.912391198090977,75.62062736723156,0.0,42149.62655408651,0.0,42149.62655408651,0.0,42149.62655408651,0.0,42149.62655408651,0.0,42149.62655408651,0.0,42149.62655408651,0.0,42149.62655408651,0.0,42149.62655408651,0.0,42149.62655408651,0.0,42149.62655408651,0.0,42149.62655408651,0.0,42149.62655408651,0.0,42149.62655408651,0.0,42149.62655408651,0.0,42149.62655408651,0.0,42149.62655408651,0.0,42149.62655408651,0.0,42149.62655408651,0.0,42149.62655408651,0.0,42149.62655408651,0.0,42149.62655408651,0.0,42149.62655408651,0.005338245762719049,41924.62148873397,0.005555555555555556,41915.46196211936,0.016944444444444446,41435.42454858671,0.016944444444444446,41435.42454858671,0.08361111111111112,38625.44944498094,0.08361111111111112,38625.44944498094,0.19444444444444445,33953.865835236356,0.19444444444444445,33953.865835236356,0.5669444444444445,18253.12994383913,0.5669444444444445,18253.12994383913
39208,39,高知県,宿毛市,2,31.182918163625118,23416.459196714728,6.0803871191433005,40.231873922527875,0.3173254992067814,15985.819592462001,0.495,11825.311894340937,0.31663672655820846,16001.94820908312,0.495,11825.311894340937,0.3197847571596503,15928.232478954447,0.495,11825.311894340937,0.3940114985406399,14190.10501810141,0.495,11825.311894340937,0.3950631034001708,14165.480155817137,0.495,11825.311894340937,0.39613283686339856,14140.430785824105,0.495,11825.311894340937,0.407044174708426,13884.92588839445,0.495,11825.311894340937,0.41301525831222535,13745.10425282591,0.495,11825.311894340937,0.4337633442506194,13259.257545039574,0.495,11825.311894340937,0.45244968444108963,12821.689622433498,0.495,11825.311894340937,0.46575870670378205,12510.039445670993,0.495,11825.311894340937,0.4723452834039927,12355.80514112448,0.495,11825.311894340937,0.4975072753190761,11766.60038413686,0.5025,11649.688450365577,0.507507038936601,11532.441327410297,0.5125000000000001,11415.52385839843,0.5650000000000001,10186.159750570907,0.5650000000000001,10186.159750570907,0.8074999999999999,4507.668395367586,0.8074999999999999,4507.668395367586
39209,39,高知県,土佐清水市,1,0.0,0.0,6.232292432335046,0.0,1.0,0.0,0.09,0.0,1.0,0.0,0.09,0.0,1.0,0.0,0.09,0.0,1.0,0.0,0.09,0.0,1.0,0.0,0.09,0.0,1.0,0.0,0.09,0.0,1.0,0.0,0.09,0.0,1.0,0.0,0.09,0.0,1.0,0.0,0.09,0.0,1.0,0.0,0.09,0.0,1.0,0.0,0.09,0.0,1.0,0.0,0.09,0.0,1.0,0.0,0.09,0.0,1.0,0.0,0.105,0.0,1.0,0.0,0.21,0.0,1.0,0.0,0.715,0.0
39210,39,高知県,四万十市,2,0.0,0.0,5.477588869355458,0.0,1.0,0.0,1.0,0.0,1.0,0.0,1.0,0.0,1.0,0.0,1.0,0.0,1.0,0.0,1.0,0.0,1.0,0.0,1.0,0.0,1.0,0.0,1.0,0.0,1.0,0.0,1.0,0.0,1.0,0.0,1.0,0.0,1.0,0.0,1.0,0.0,1.0,0.0,1.0,0.0,1.0,0.0,1.0,0.0,1.0,0.0,1.0,0.0,1.0,0.0,1.0,0.0,1.0,0.0,1.0,0.0,1.0,0.0,1.0,0.0,1.0,0.0,1.0,0.0
39211,39,高知県,香南市,3,15.591459081812559,11708.229598357364,5.993198223458205,2.582627775548026,0.6352463236451149,4270.619789607928,0.99,117.08229598357374,0.633937445282936,4285.94443798864,0.99,117.08229598357374,0.6403134869784117,4211.292277889312,0.99,117.08229598357374,0.7931369376182557,2422.000229784785,0.99,117.08229598357374,0.7953475508838892,2396.1178621175727,0.99,117.08229598357374,0.7971864604949951,2374.587486180119,0.99,117.08229598357374,0.8152972196787596,2162.542559456045,0.99,117.08229598357374,0.8257102516293525,2040.624390563472,0.99,117.08229598357374,0.8752682337909937,1460.3881569836783,0.995,58.54114799178687,0.9144550648331642,1001.5797419099088,1.0,0.0,0.9410967056453228,689.6532944041882,1.0,0.0,0.9541650013625622,536.6466876875186,1.0,0.0,1.0,0.0,1.0,0.0,1.0,0.0,1.0,0.0,1.0,0.0,1.0,0.0,1.0,0.0,1.0,0.0
39212,39,高知県,香美市,10,35.86035588816888,26928.928076221935,5.648874819148693,2.4184827025157767,0.6580832845750063,9207.450637737702,1.0,0.0,0.656639165956041,9246.339204161348,1.0,0.0,0.6629196605377871,9077.212217286407,1.0,0.0,0.8119522464664086,5063.924429801193,1.0,0.0,0.813904016610721,5011.36535196369,1.0,0.0,0.81578725774651,4960.651686867845,1.0,0.0,0.8325809788865889,4508.4147781545325,1.0,0.0,0.8430264161203219,4227.1303501626435,1.0,0.0,0.8855711535623542,3081.4461755644143,1.0,0.0,0.917667229940062,2217.13324326019,1.0,0.0,0.9431735321037147,1530.2758668048014,1.0,0.0,0.9546885681476281,1220.1882893831516,1.0,0.0,1.0,0.0,1.0,0.0,1.0,0.0,1.0,0.0,1.0,0.0,1.0,0.0,1.0,0.0,1.0,0.0
39301,39,高知県,東洋町,1,15.591459081812559,11708.229598357364,6.396961736434488,78.46428951978683,0.0,11708.229598357364,0.0,11708.229598357364,0.0,11708.229598357364,0.0,11708.229598357364,0.0,11708.229598357364,0.0,11708.229598357364,0.0,11708.229598357364,0.0,11708.229598357364,0.0,11708.229598357364,0.0,11708.229598357364,0.0,11708.229598357364,0.0,11708.229598357364,0.0,11708.229598357364,0.0,11708.229598357364,0.0,11708.229598357364,0.0,11708.229598357364,0.0,11708.229598357364,0.0,11708.229598357364,0.0,11708.229598357364,0.0,11708.229598357364,0.0,11708.229598357364,0.0,11708.229598357364,0.00477631002664566,11652.30746393246,0.005,11649.688450365577,0.005,11649.688450365577,0.005,11649.688450365577,0.045,11181.359266431282,0.045,11181.359266431282,0.125,10244.700898562693,0.125,10244.700898562693,0.53,5502.867911227961,0.53,5502.867911227961
39303,39,高知県,田野町,2,15.591459081812559,11708.229598357364,6.070840944714964,73.16087712332606,0.0035605329275131227,11666.542061349528,0.005,11649.688450365577,0.0035648098587989807,11666.491986056057,0.005,11649.688450365577,0.0035493797063827514,11666.672645823284,0.005,11649.688450365577,0.004560575783252716,11654.833329986332,0.005,11649.688450365577,0.004559512436389923,11654.845779895544,0.005,11649.688450365577,0.004767399728298188,11652.411787751302,0.005,11649.688450365577,0.004466334283351898,11655.936731104866,0.005,11649.688450365577,0.0045178082585334775,11655.334061985099,0.005,11649.688450365577,0.004559774696826934,11654.842709290135,0.005,11649.688450365577,0.004544522166252136,11655.02128942006,0.005,11649.688450365577,0.009493050873279571,11597.08277914412,0.01,11591.14730237379,0.02349351942539215,11433.162078851405,0.025,11415.52385839843,0.035,11298.441562414855,0.035,11298.441562414855,0.105,10478.86549052984,0.105,10478.86549052984,0.23,9015.336790735171,0.23,9015.336790735171,0.625,4390.5860993840115,0.625,4390.5860993840115
39305,39,高知県,北川村,5,46.77437724543768,35124.68879507209,5.7490719064018565,2.54634888823765,0.642059916605552,12572.534036512137,0.9925,263.43516596304096,0.6407432916263739,12618.780079165586,0.9925,263.43516596304096,0.6470698698610068,12396.560987536432,0.9925,263.43516596304096,0.8006844609479109,7000.896281226666,0.9925,263.43516596304096,0.8015264593561491,6971.321349171359,0.9925,263.43516596304096,0.8033109991749128,6908.639943394867,0.9925,263.43516596304096,0.8209554048130909,6288.885686379842,0.9933333333333334,234.1645919671475,0.8324072875827551,5886.641867977742,0.9949999999999999,175.6234439753606,0.877535286496083,4301.53495020275,0.9958333333333332,146.3528699794672,0.9132764911154906,3046.1362607850633,0.9974999999999999,87.8117219876803,0.9403660930196445,2094.6224243192682,0.9991666666666666,29.270573995893436,0.9541650013625622,1609.9400630625555,1.0,0.0,1.0,0.0,1.0,0.0,1.0,0.0,1.0,0.0,1.0,0.0,1.0,0.0,1.0,0.0,1.0,0.0
39344,39,高知県,大豊町,1,0.0,0.0,5.848389896943192,0.0,1.0,0.0,0.975,0.0,1.0,0.0,0.975,0.0,1.0,0.0,0.975,0.0,1.0,0.0,0.975,0.0,1.0,0.0,0.975,0.0,1.0,0.0,0.975,0.0,1.0,0.0,0.975,0.0,1.0,0.0,0.975,0.0,1.0,0.0,0.975,0.0,1.0,0.0,0.975,0.0,1.0,0.0,0.975,0.0,1.0,0.0,0.975,0.0,1.0,0.0,0.975,0.0,1.0,0.0,0.975,0.0,1.0,0.0,0.99,0.0,1.0,0.0,1.0,0.0
39363,39,高知県,土佐町,2,7.7957295409062795,5854.114799178682,5.430571193839215,2.554171404419467,0.6356016427278519,2133.2298161032827,0.99,58.54114799178687,0.6342424002289772,2141.1869777316183,0.99,58.54114799178687,0.6406128516048193,2103.8936240548524,0.99,58.54114799178687,0.7931940481066704,1210.6657835369756,0.99,58.54114799178687,0.7954073221236467,1197.7090233595566,0.99,58.54114799178687,0.8019814619421959,1159.223254155918,0.995,29.270573995893436,0.8200545238703489,1053.4214748558445,0.995,29.270573995893436,0.8304381042718887,992.6348031587289,0.995,29.270573995893436,0.87985894061625,703.3195537274156,1.0,0.0,0.9144550648331642,500.7898709549544,1.0,0.0,0.9410967056453228,344.8266472020941,1.0,0.0,0.9541650013625622,268.3233438437593,1.0,0.0,1.0,0.0,1.0,0.0,1.0,0.0,1.0,0.0,1.0,0.0,1.0,0.0,1.0,0.0,1.0,0.0
39386,39,高知県,いの町,7,33.80491816362512,25385.420398216607,5.571548074825848,2.218579617811127,0.9239884219477353,1929.5858639885937,0.9538781339261181,1170.8229598357361,0.9238889025039715,1932.1122069063356,0.9538781339261181,1170.8229598357361,0.9243841606385251,1919.5398709550534,0.9538781339261181,1170.8229598357361,0.9363647587427747,1615.4073514566019,0.9538781339261181,1170.8229598357361,0.9364240861292114,1613.9013008107818,0.9538781339261181,1170.8229598357361,0.9365650889534495,1610.3218848401586,0.9538781339261181,1170.8229598357361,0.9379696206642009,1574.6672569001112,0.9538781339261181,1170.8229598357361,0.938774693455504,1554.2301456417163,0.9538781339261181,1170.8229598357361,0.944561643659365,1407.3259818931538,0.9561842272298122,1112.2818118439493,0.9564674128353329,1105.0930261970818,0.9631025071408945,936.6583678685887,0.9585338098569547,1052.6366690935927,0.9631025071408945,936.6583678685887,0.9687717950912823,792.7411098894489,0.9723268803556708,702.4937759014425,0.9746581125016702,643.314467829412,0.9907756267852235,234.1645919671475,0.9769680158666965,584.6765998289668,0.9953878133926117,117.08229598357374,0.9815708080691864,467.83278476312546,0.9953878133926117,117.08229598357374,1.0,0.0,1.0,0.0
39387,39,高知県,仁淀川町,2,31.182918163625118,23416.459196714728,5.665376122868487,0.04258825674653055,0.9948823243379593,119.83784332219581,0.995,117.08229598357374,0.9948823243379593,119.83784332219581,0.995,117.08229598357374,0.9948823243379593,119.83784332219581,0.995,117.08229598357374,0.995,117.08229598357374,0.995,117.08229598357374,0.995,117.08229598357374,0.995,117.08229598357374,0.995,117.08229598357374,0.995,117.08229598357374,0.995,117.08229598357374,0.995,117.08229598357374,0.995,117.08229598357374,0.995,117.08229598357374,0.995,117.08229598357374,0.995,117.08229598357374,1.0,0.0,1.0,0.0,1.0,0.0,1.0,0.0,1.0,0.0,1.0,0.0,1.0,0.0,1.0,0.0,1.0,0.0,1.0,0.0,1.0,0.0,1.0,0.0,1.0,0.0,1.0,0.0
39401,39,高知県,中土佐町,2,28.064626347262603,21074.813277043257,5.50576068667054,81.9375,0.0,21074.813277043257,0.0,21074.813277043257,0.0,21074.813277043257,0.0,21074.813277043257,0.0,21074.813277043257,0.0,21074.813277043257,0.0,21074.813277043257,0.0,21074.813277043257,0.0,21074.813277043257,0.0,21074.813277043257,0.0,21074.813277043257,0.0,21074.813277043257,0.0,21074.813277043257,0.0,21074.813277043257,0.0,21074.813277043257,0.0,21074.813277043257,0.0,21074.813277043257,0.0,21074.813277043257,0.0,21074.813277043257,0.0,21074.813277043257,0.0,21074.813277043257,0.0,21074.813277043257,0.0,21074.813277043257,0.0,21074.813277043257,0.0,21074.813277043257,0.0,21074.813277043257,0.0,21074.813277043257,0.0,21074.813277043257,0.06500000000000002,19704.950414035444,0.06500000000000002,19704.950414035444,0.44000000000000006,11801.895435144224,0.44000000000000006,11801.895435144224
39402,39,高知県,佐川町,1,15.591459081812559,11708.229598357364,5.909732636290824,0.5073009035078566,0.9698937050474342,352.4914136605076,0.975,292.7057399589344,0.9698937050474342,352.4914136605076,0.975,292.7057399589344,0.9698937050474342,352.4914136605076,0.975,292.7057399589344,0.9700042758451309,351.1968253742009,0.975,292.7057399589344,0.9700042758451309,351.1968253742009,0.975,292.7057399589344,0.9700042758451309,351.1968253742009,0.975,292.7057399589344,0.9700042758451309,351.1968253742009,0.975,292.7057399589344,0.9700042758451309,351.1968253742009,0.975,292.7057399589344,0.975004275845131,292.655677382414,0.98,234.1645919671475,0.99,117.08229598357374,0.99,117.08229598357374,0.99,117.08229598357374,0.99,117.08229598357374,0.995,58.54114799178687,0.995,58.54114799178687,0.9950072753190762,58.45596688564161,1.0,0.0,0.9950105584051926,58.41752775959947,1.0,0.0,1.0,0.0,1.0,0.0,1.0,0.0,1.0,0.0
39403,39,高知県,越知町,2,0.0,0.0,5.647992699730482,0.0,1.0,0.0,0.995,0.0,1.0,0.0,0.995,0.0,1.0,0.0,0.995,0.0,1.0,0.0,0.995,0.0,1.0,0.0,0.995,0.0,1.0,0.0,0.995,0.0,1.0,0.0,0.995,0.0,1.0,0.0,0.995,0.0,1.0,0.0,0.995,0.0,1.0,0.0,1.0,0.0,1.0,0.0,1.0,0.0,1.0,0.0,1.0,0.0,1.0,0.0,1.0,0.0,1.0,0.0,1.0,0.0,1.0,0.0,1.0,0.0,1.0,0.0,1.0,0.0
39405,39,高知県,檮原町,1,0.0,0.0,5.47051251253142,0.0,1.0,0.0,0.985,0.0,1.0,0.0,0.985,0.0,1.0,0.0,0.985,0.0,1.0,0.0,0.985,0.0,1.0,0.0,0.985,0.0,1.0,0.0,0.985,0.0,1.0,0.0,0.985,0.0,1.0,0.0,0.985,0.0,1.0,0.0,0.985,0.0,1.0,0.0,0.985,0.0,1.0,0.0,0.985,0.0,1.0,0.0,0.985,0.0,1.0,0.0,0.985,0.0,1.0,0.0,0.985,0.0,1.0,0.0,0.99,0.0,1.0,0.0,1.0,0.0
39412,39,高知県,四万十町,4,15.591459081812559,11708.229598357364,5.576773091297728,2.686292381165549,0.6359120850265026,4262.824902496921,0.995,58.54114799178687,0.6345905844867229,4278.297334231015,0.995,58.54114799178687,0.6409505826979875,4203.833014928387,0.995,58.54114799178687,0.7883441208302975,2478.115629161061,0.995,58.54114799178687,0.7904474142938852,2453.4897863766514,0.995,58.54114799178687,0.7925868812203407,2428.4404163836184,0.995,58.54114799178687,0.8144096597284078,2172.93431513707,0.995,58.54114799178687,0.8273932062089443,2020.9199719420044,0.995,58.54114799178687,0.8720408152788878,1498.1755139334036,0.995,58.54114799178687,0.9094550648331642,1060.1208899016956,0.995,58.54114799178687,0.9360967056453228,748.194442395975,0.995,58.54114799178687,0.9492119990289212,594.6375762109877,0.995,58.54114799178687,1.0,0.0,1.0,0.0,1.0,0.0,1.0,0.0,1.0,0.0,1.0,0.0,1.0,0.0,1.0,0.0
40101,40,福岡県,北九州市門司区,20,187.97107618093685,131258.7401035764,4.79071624963381,0.9401021665557798,0.7665856031689228,30637.67965008338,1.0,0.0,0.7727658947680083,29826.462361314727,1.0,0.0,0.7774394392370081,29213.01880249576,1.0,0.0,0.9765040335027665,3084.050959942708,1.0,0.0,0.9789476430384605,2763.3058509824136,1.0,0.0,0.9808047834007234,2519.539946836311,1.0,0.0,0.9797392806379288,2659.3964970575953,1.0,0.0,0.9776701140372246,2930.9926981304184,1.0,0.0,0.9752533650366755,3248.2121270891016,1.0,0.0,0.9714372718302698,3749.1077134797215,1.0,0.0,0.966737916469574,4365.939177423639,1.0,0.0,0.9607182577252389,5156.072000058554,1.0,0.0,1.0,0.0,1.0,0.0,1.0,0.0,1.0,0.0,1.0,0.0,1.0,0.0,1.0,0.0,1.0,0.0
40103,40,福岡県,北九州市若松区,30,372.7829746109336,260311.45096171452,4.793611776309363,3.4638215928388982,0.7372112899829268,68406.9104009015,0.9572033898305083,11140.447689463206,0.7431126109712709,66870.72897183488,0.9572033898305083,11140.447689463206,0.7478759189644606,65630.78535675013,0.9572033898305083,11140.447689463206,0.9357296347315027,16730.312036881878,0.9572033898305083,11140.447689463206,0.9380222614210539,16133.515056811242,0.9572033898305083,11140.447689463206,0.9398012137236232,15670.433401737819,0.9572033898305083,11140.447689463206,0.938782852867902,15935.52439369312,0.9572033898305083,11140.447689463206,0.9368270770700297,16444.635229393018,0.9572033898305083,11140.447689463206,0.9345176898877496,17045.795157644756,0.9572033898305083,11140.447689463206,0.9309929928915988,17963.31414691332,0.9572033898305083,11140.447689463206,0.9260125480693276,19259.78096503346,0.9572033898305083,11140.447689463206,0.9232169005830407,19987.520018566203,0.9601694915254236,10368.337453559816,0.9636886438070718,9452.26181696879,0.963771186440678,9430.775024248556,0.9701271186440678,7776.253090169861,0.9701271186440678,7776.253090169861,0.9771186440677965,5956.278962683298,0.9771186440677965,5956.278962683298,0.9919491525423729,2095.727783166345,0.9919491525423729,2095.727783166345
40105,40,福岡県,北九州市戸畑区,5,44.22848851316161,30884.409436135622,4.867422930573957,2.751671727794622,0.7669232055544853,7198.439149717295,1.0,0.0,0.773108664751053,7007.404895339992,1.0,0.0,0.7777825546264648,6863.054566768362,1.0,0.0,0.9299228202870914,2164.2923103831267,0.942857142857143,1764.8233963506073,0.9333593740633556,2058.1563765076853,0.9446428571428571,1709.6726652146508,0.9396879366891725,1862.70245722973,0.95,1544.2204718067812,0.9321882478254182,2094.3259187415433,0.942857142857143,1764.8233963506073,0.9279498852150782,2225.2252449380976,0.9392857142857143,1875.1248586225204,0.9157278817892076,2602.6946028725383,0.9285714285714285,2206.0292454382584,0.9038097289630347,2970.779714478501,0.9178571428571429,2536.933632253997,0.8830741282020298,3611.1864982856205,0.8982142857142856,3143.591674749519,0.8784548748816763,3753.849409120642,0.8964285714285715,3198.7424058854754,0.9946428571428572,165.45219340786954,0.9946428571428572,165.45219340786954,1.0,0.0,1.0,0.0,1.0,0.0,1.0,0.0,1.0,0.0,1.0,0.0
40106,40,福岡県,北九州市小倉北区,48,240.09750907144874,167658.22265330766,5.012087370827456,1.8539472791278049,0.7669232055544852,39077.24109846531,1.0,0.0,0.7731086647510529,38040.19800327424,1.0,0.0,0.7777825546264647,37256.58193388539,1.0,0.0,0.9539243826975949,7724.956104575246,0.9677631578947369,5404.771651323734,0.9530528893596247,7871.069128673506,0.9651315789473683,5845.977500411385,0.9535376587510109,7789.793554116975,0.9644736842105265,5956.278962683299,0.9524498677253724,7972.1706640937555,0.9638157894736844,6066.580424955212,0.9502389683848934,8342.846117983838,0.9625000000000001,6287.183349499038,0.9454724216696464,9141.996868456117,0.9592105263157895,6838.690660858603,0.9422945219199909,9674.797892253744,0.9578947368421052,7059.293585402426,0.9250012049235795,12574.164683652292,0.9421052631578949,9706.528679928337,0.9243910501269919,12676.462152391588,0.9447368421052632,9265.322830840687,0.9934210526315791,1103.0146227191303,0.9934210526315791,1103.0146227191303,1.0,0.0,1.0,0.0,1.0,0.0,1.0,0.0,1.0,0.0,1.0,0.0
40107,40,福岡県,北九州市小倉南区,28,216.40367593939786,151113.0033125207,4.7297625694554215,0.9381850218520007,0.7666354744212469,35264.41432680691,0.9996350364963503,55.15073113595651,0.7728206507567941,34329.75375472486,0.9996350364963503,55.15073113595651,0.777469834224151,33627.20167802166,0.9996350364963503,55.15073113595651,0.9765581180731746,3542.3731812600954,0.9996350364963503,55.15073113595651,0.9790017276088687,3173.112005398245,0.9996350364963503,55.15073113595651,0.9808588679711316,2892.4739476838236,0.9996350364963503,55.15073113595651,0.9797933652083372,3053.4852702074886,0.9996350364963503,55.15073113595651,0.9777241986076328,3366.1632495938466,0.9996350364963503,55.15073113595651,0.9753074496070836,3731.365449319389,0.9996350364963503,55.15073113595651,0.9718563199043276,4252.876023523895,1.0,0.0,0.9667379164695741,5026.333338714609,1.0,0.0,0.9607182577252391,5935.982050487579,1.0,0.0,1.0,0.0,1.0,0.0,1.0,0.0,1.0,0.0,1.0,0.0,1.0,0.0,1.0,0.0,1.0,0.0
40108,40,福岡県,北九州市八幡東区,11,66.34273276974241,46326.61415420343,4.5374300493253665,0.7801053642109037,0.7669232055544853,10797.658724575944,1.0,0.0,0.773108664751053,10511.10734300999,1.0,0.0,0.7777825546264648,10294.581850152543,1.0,0.0,0.980867424408595,886.3474471991613,1.0,0.0,0.9830027344822886,787.4257613155755,1.0,0.0,0.9845154279470445,717.3477948402382,1.0,0.0,0.9837255194783211,753.9415796879197,1.0,0.0,0.9822016655405363,824.5365730910394,1.0,0.0,0.9801384287079176,920.1193497445084,1.0,0.0,0.9773382012049359,1049.8444088191354,1.0,0.0,0.9737853321433068,1214.4368029776285,1.0,0.0,0.9690047199527423,1435.9063793507903,1.0,0.0,1.0,0.0,1.0,0.0,1.0,0.0,1.0,0.0,1.0,0.0,1.0,0.0,1.0,0.0,1.0,0.0
40109,40,福岡県,北九州市八幡西区,28,292.22394196196063,204057.70520303893,4.854994351753675,0.9448800867181775,0.7662710279757912,47694.197670725334,0.9991621621621621,170.9672665214652,0.7724604654231586,46431.19526871776,0.9991621621621621,170.9672665214652,0.7771412195998268,45476.051312807314,0.9991621621621621,170.9672665214652,0.9760925601608044,4878.497310865959,0.9991621621621621,170.9672665214652,0.9785380523172584,4379.475793327921,0.9991621621621621,170.9672665214652,0.9803944724459907,4000.6589619661186,0.9991621621621621,170.9672665214652,0.9793292097932583,4218.034014321159,0.9991621621621621,170.9672665214652,0.9772603959231763,4640.1914251423,0.9991621621621621,170.9672665214652,0.9754021428404627,5019.382284887307,0.9997297297297297,55.15073113595651,0.9716050061664068,5794.21728093751,0.9997297297297297,55.15073113595651,0.9664871076313225,6838.5639114687665,0.9997297297297297,55.15073113595651,0.9604711552326745,8066.165352547627,0.9997297297297297,55.15073113595651,1.0,0.0,1.0,0.0,1.0,0.0,1.0,0.0,1.0,0.0,1.0,0.0,1.0,0.0,1.0,0.0
40131,40,福岡県,福岡市東区,24,274.84846433179,191924.5443531285,4.870932171613476,0.9351313146576286,0.7669232055544852,44733.15757324319,1.0,0.0,0.7731086647510529,43546.016135327096,1.0,0.0,0.7777825546264647,42648.98195063196,1.0,0.0,0.9769230815768242,4429.027053442338,1.0,0.0,0.9793666911125182,3960.0384067272853,1.0,0.0,0.981223831474781,3603.6075889002127,1.0,0.0,0.9801583287119865,3808.1037211565445,1.0,0.0,0.9780891621112824,4205.227578187392,1.0,0.0,0.975672413110733,4669.061028933702,1.0,0.0,0.9718563199043275,5401.462978782173,1.0,0.0,0.966737916469574,6383.810225812716,1.0,0.0,0.9607182577252388,7539.130487480574,1.0,0.0,1.0,0.0,1.0,0.0,1.0,0.0,1.0,0.0,1.0,0.0,1.0,0.0,1.0,0.0,1.0,0.0
40132,40,福岡県,福岡市博多区,19,217.98326481486794,152216.01793523986,4.903006588792297,0.9393636611001434,0.7665218125478079,35539.11996871013,0.9994927536231885,77.21102359033912,0.7727071865745211,34597.60696492379,0.9994927536231885,77.21102359033912,0.7773808390204455,33886.20220039188,0.9994927536231885,77.21102359033912,0.9764158352000126,3589.8876521825377,0.9994927536231885,77.21102359033912,0.9788594447357066,3217.9311392706004,0.9994927536231885,77.21102359033912,0.9807165850979697,2935.244628580161,0.9994927536231885,77.21102359033912,0.9796510823351751,3097.4312162317365,0.9994927536231885,77.21102359033912,0.9775819157344708,3412.391516635513,0.9994927536231885,77.21102359033912,0.9751651667339215,3780.259425848103,0.9994927536231885,77.21102359033912,0.9718563199043275,4283.918914206551,1.0,0.0,0.966737916469574,5063.021903230775,1.0,0.0,0.9607182577252389,5979.310386622525,1.0,0.0,1.0,0.0,1.0,0.0,1.0,0.0,1.0,0.0,1.0,0.0,1.0,0.0,1.0,0.0,1.0,0.0
40133,40,福岡県,福岡市中央区,15,195.8690205582871,136773.81321717202,4.937592915345972,0.9351313146576287,0.7669232055544855,31878.801948748016,1.0,0.0,0.773108664751053,31032.79310793426,1.0,0.0,0.777782554626465,30393.52736711703,1.0,0.0,0.9769230815768243,3156.3181300393667,1.0,0.0,0.9793666911125182,2822.0963358286403,1.0,0.0,0.9812238314747813,2568.0881668024504,1.0,0.0,0.9801583287119868,2713.821042663284,1.0,0.0,0.9780891621112826,2996.8288488231997,1.0,0.0,0.9756724131107334,3327.3768252171217,1.0,0.0,0.9718563199043277,3849.318444649364,1.0,0.0,0.9667379164695743,4549.382000004464,1.0,0.0,0.9607182577252391,5372.713680733283,1.0,0.0,1.0,0.0,1.0,0.0,1.0,0.0,1.0,0.0,1.0,0.0,1.0,0.0,1.0,0.0,1.0,0.0
40134,40,福岡県,福岡市南区,9,116.88957678478425,81623.08208121557,4.815527457873794,0.9351313146576286,0.7669232055544853,19024.44632425285,1.0,0.0,0.773108664751053,18519.57008054141,1.0,0.0,0.7777825546264648,18138.0727836021,1.0,0.0,0.9769230815768242,1883.6092066363967,1.0,0.0,0.9793666911125184,1684.1542649299947,1.0,0.0,0.981223831474781,1532.5687447046882,1.0,0.0,0.9801583287119865,1619.5383641700246,1.0,0.0,0.9780891621112825,1788.430119459006,1.0,0.0,0.9756724131107332,1985.69262150054,1.0,0.0,0.9718563199043274,2297.1739105165566,1.0,0.0,0.966737916469574,2714.9537741962126,1.0,0.0,0.9607182577252388,3206.2968739859907,1.0,0.0,1.0,0.0,1.0,0.0,1.0,0.0,1.0,0.0,1.0,0.0,1.0,0.0,1.0,0.0,1.0,0.0
40135,40,福岡県,福岡市西区,6,78.97944377350288,55150.73113595646,4.66644961961111,0.9351313146576284,0.7669232055544852,12854.355624495169,1.0,0.0,0.7731086647510529,12513.223027392844,1.0,0.0,0.7777825546264647,12255.454583514931,1.0,0.0,0.9769230815768242,1272.7089234029706,1.0,0.0,0.9793666911125182,1137.9420708986452,1.0,0.0,0.981223831474781,1035.5194220977623,1.0,0.0,0.9801583287119865,1094.28267849326,1.0,0.0,0.9780891621112823,1208.3987293641933,1.0,0.0,0.975672413110733,1341.6842037165811,1.0,0.0,0.9718563199043274,1552.1445341328083,1.0,0.0,0.9667379164695739,1834.4282258082517,1.0,0.0,0.9607182577252389,2166.416806747291,1.0,0.0,1.0,0.0,1.0,0.0,1.0,0.0,1.0,0.0,1.0,0.0,1.0,0.0,1.0,0.0,1.0,0.0
40136,40,福岡県,福岡市城南区,12,107.4120435319639,75004.99434490078,4.682186364408893,0.9351313146576286,0.7669232055544853,17481.923649313427,1.0,0.0,0.7731086647510531,17017.983317254268,1.0,0.0,0.7777825546264648,16667.418233580305,1.0,0.0,0.9769230815768243,1730.8841358280404,1.0,0.0,0.9793666911125183,1547.6012164221572,1.0,0.0,0.981223831474781,1408.3064140529568,1.0,0.0,0.9801583287119866,1488.2244427508333,1.0,0.0,0.9780891621112825,1643.4222719353027,1.0,0.0,0.975672413110733,1824.6905170545506,1.0,0.0,0.9718563199043274,2110.9165664206193,1.0,0.0,0.9667379164695741,2494.822387099222,1.0,0.0,0.9607182577252388,2946.3268571763156,1.0,0.0,1.0,0.0,1.0,0.0,1.0,0.0,1.0,0.0,1.0,0.0,1.0,0.0,1.0,0.0,1.0,0.0
40137,40,福岡県,福岡市早良区,8,86.87738815085316,60665.804249552115,4.637537653423631,0.9351313146576286,0.7669232055544853,14139.791186944687,1.0,0.0,0.7731086647510529,13764.545330132129,1.0,0.0,0.7777825546264648,13481.000041866424,1.0,0.0,0.9769230815768242,1399.9798157432679,1.0,0.0,0.9793666911125184,1251.7362779885098,1.0,0.0,0.981223831474781,1139.0713643075385,1.0,0.0,0.9801583287119865,1203.7109463425859,1.0,0.0,0.9780891621112823,1329.2386023006127,1.0,0.0,0.9756724131107329,1475.8526240882393,1.0,0.0,0.9718563199043273,1707.358987546089,1.0,0.0,0.966737916469574,2017.8710483890768,1.0,0.0,0.9607182577252388,2383.0584874220203,1.0,0.0,1.0,0.0,1.0,0.0,1.0,0.0,1.0,0.0,1.0,0.0,1.0,0.0,1.0,0.0,1.0,0.0
40202,40,福岡県,大牟田市,25,202.18737606016737,141185.87170804857,4.945748089389416,0.9351313146576287,0.7669232055544853,32907.150398707636,1.0,0.0,0.7731086647510528,32033.85095012568,1.0,0.0,0.7777825546264648,31373.96373379822,1.0,0.0,0.9769230815768241,3258.134843911605,1.0,0.0,0.9793666911125182,2913.131701500532,1.0,0.0,0.981223831474781,2650.929720570271,1.0,0.0,0.9801583287119865,2801.3636569427454,1.0,0.0,0.9780891621112823,3093.5007471723347,1.0,0.0,0.975672413110733,3434.7115615144476,1.0,0.0,0.9718563199043274,3973.4900073799895,1.0,0.0,0.9667379164695741,4696.136258069125,1.0,0.0,0.9607182577252389,5546.027025273065,1.0,0.0,1.0,0.0,1.0,0.0,1.0,0.0,1.0,0.0,1.0,0.0,1.0,0.0,1.0,0.0,1.0,0.0
40203,40,福岡県,久留米市,24,208.5057315620476,145597.93019892508,5.005767054960335,0.9396024882589523,0.7662276342934505,34036.77258457977,1.0,0.0,0.7724013461370134,33137.89291851243,1.0,0.0,0.7770729678299164,32457.71446935334,1.0,0.0,0.976172357292733,3469.2554596975942,1.0,0.0,0.978615966828427,3113.470969086175,1.0,0.0,0.9804731071906898,2843.0751762518444,1.0,0.0,0.9794076044278953,2998.210173135958,1.0,0.0,0.9773384378271911,3299.4765474352243,1.0,0.0,0.9756724131107329,3542.046297811774,1.0,0.0,0.9718563199043273,4097.661570110614,1.0,0.0,0.966737916469574,4842.890516133784,1.0,0.0,0.9607182577252387,5719.3403698128495,1.0,0.0,1.0,0.0,1.0,0.0,1.0,0.0,1.0,0.0,1.0,0.0,1.0,0.0,1.0,0.0,1.0,0.0
40204,40,福岡県,直方市,2,31.59177750940115,22060.292454382587,4.801671800321918,0.9351313146576286,0.7669232055544853,5141.742249798068,1.0,0.0,0.7731086647510529,5005.289210957138,1.0,0.0,0.7777825546264648,4902.181833405973,1.0,0.0,0.9769230815768242,509.08356936118827,1.0,0.0,0.9793666911125183,455.17682835945806,1.0,0.0,0.981223831474781,414.2077688391049,1.0,0.0,0.9801583287119865,437.71307139730396,1.0,0.0,0.9780891621112824,483.3594917456773,1.0,0.0,0.975672413110733,536.6736814866324,1.0,0.0,0.9718563199043274,620.8578136531233,1.0,0.0,0.966737916469574,733.7712903233007,1.0,0.0,0.9607182577252388,866.5667226989165,1.0,0.0,1.0,0.0,1.0,0.0,1.0,0.0,1.0,0.0,1.0,0.0,1.0,0.0,1.0,0.0,1.0,0.0
40205,40,福岡県,飯塚市,25,271.6892865808499,189718.51510769024,4.782093788350629,0.9351313146576286,0.7669232055544851,44218.98334826339,1.0,0.0,0.7731086647510528,43045.48721423138,1.0,0.0,0.7777825546264646,42158.76376729137,1.0,0.0,0.9769230815768242,4378.118696506219,1.0,0.0,0.9793666911125182,3914.5207238913395,1.0,0.0,0.981223831474781,3562.186812016302,1.0,0.0,0.9801583287119864,3764.3324140168143,1.0,0.0,0.9780891621112823,4156.8916290128245,1.0,0.0,0.9756724131107328,4615.393660785039,1.0,0.0,0.9718563199043273,5339.377197416861,1.0,0.0,0.9667379164695737,6310.433096780386,1.0,0.0,0.9607182577252388,7452.473815210682,1.0,0.0,1.0,0.0,1.0,0.0,1.0,0.0,1.0,0.0,1.0,0.0,1.0,0.0,1.0,0.0,1.0,0.0
40206,40,福岡県,田川市,6,78.97944377350288,55150.73113595646,4.911554988125139,0.9406763645932077,0.7662426106929778,12891.890928714678,0.999,55.15073113595651,0.772418505370617,12551.285821824224,0.999,55.15073113595651,0.7770816839337349,12294.108114650751,0.999,55.15073113595651,0.97596906375885,1325.3237035809714,0.999,55.15073113595651,0.9784113051891327,1190.6323030903632,0.999,55.15073113595651,0.9802642882466317,1088.4389326867574,0.999,55.15073113595651,0.9791998825073241,1147.1416874348695,0.999,55.15073113595651,0.9771320151090622,1261.1860863412242,0.999,55.15073113595651,0.975672413110733,1341.6842037165811,1.0,0.0,0.9718563199043274,1552.1445341328083,1.0,0.0,0.9667379164695739,1834.4282258082517,1.0,0.0,0.9607182577252389,2166.416806747291,1.0,0.0,1.0,0.0,1.0,0.0,1.0,0.0,1.0,0.0,1.0,0.0,1.0,0.0,1.0,0.0,1.0,0.0
40207,40,福岡県,柳川市,4,47.387666264101725,33090.43868157388,5.223292931104721,0.9389568409447868,0.7657070084412894,7752.857870696023,0.9983333333333334,55.15073113595651,0.7718980995814007,7547.991948952134,0.9983333333333334,55.15073113595651,0.7765713714559873,7393.3513325438,0.9983333333333334,55.15073113595651,0.9752564149101575,818.7760851777389,0.9983333333333334,55.15073113595651,0.9777000244458516,737.9159736751436,0.9983333333333334,55.15073113595651,0.981223831474781,621.3116532586573,1.0,0.0,0.9801583287119865,656.5696070959559,1.0,0.0,0.9780891621112824,725.0392376185159,1.0,0.0,0.975672413110733,805.0105222299486,1.0,0.0,0.9718563199043274,931.2867204796851,1.0,0.0,0.966737916469574,1100.6569354849512,1.0,0.0,0.9607182577252389,1299.8500840483748,1.0,0.0,1.0,0.0,1.0,0.0,1.0,0.0,1.0,0.0,1.0,0.0,1.0,0.0,1.0,0.0,1.0,0.0
40210,40,福岡県,八女市,4,15.795888754700576,11030.146227191293,4.755949562390111,0.9351313146576286,0.7669232055544853,2570.871124899034,1.0,0.0,0.7731086647510529,2502.644605478569,1.0,0.0,0.7777825546264648,2451.0909167029863,1.0,0.0,0.9769230815768242,254.54178468059413,1.0,0.0,0.9793666911125183,227.58841417972903,1.0,0.0,0.981223831474781,207.10388441955246,1.0,0.0,0.9801583287119865,218.85653569865198,1.0,0.0,0.9780891621112824,241.67974587283865,1.0,0.0,0.975672413110733,268.3368407433162,1.0,0.0,0.9718563199043274,310.4289068265617,1.0,0.0,0.966737916469574,366.88564516165036,1.0,0.0,0.9607182577252388,433.28336134945823,1.0,0.0,1.0,0.0,1.0,0.0,1.0,0.0,1.0,0.0,1.0,0.0,1.0,0.0,1.0,0.0,1.0,0.0
40211,40,福岡県,筑後市,7,63.1835550188023,44120.58490876517,4.948681088822247,0.9351313146576286,0.7669232055544853,10283.484499596136,1.0,0.0,0.7731086647510529,10010.578421914275,1.0,0.0,0.7777825546264648,9804.363666811945,1.0,0.0,0.9769230815768242,1018.1671387223765,1.0,0.0,0.9793666911125183,910.3536567189161,1.0,0.0,0.981223831474781,828.4155376782098,1.0,0.0,0.9801583287119865,875.4261427946079,1.0,0.0,0.9780891621112824,966.7189834913546,1.0,0.0,0.975672413110733,1073.3473629732648,1.0,0.0,0.9718563199043274,1241.7156273062467,1.0,0.0,0.966737916469574,1467.5425806466014,1.0,0.0,0.9607182577252388,1733.133445397833,1.0,0.0,1.0,0.0,1.0,0.0,1.0,0.0,1.0,0.0,1.0,0.0,1.0,0.0,1.0,0.0,1.0,0.0
40212,40,福岡県,大川市,7,60.02437726786219,41914.555663326915,5.215868931688088,0.9351313146576284,0.7669232055544851,9769.31027461633,1.0,0.0,0.7731086647510529,9510.04950081856,1.0,0.0,0.7777825546264646,9314.145483471348,1.0,0.0,0.9769230815768242,967.2587817862577,1.0,0.0,0.9793666911125182,864.8359738829704,1.0,0.0,0.9812238314747809,786.9947607942993,1.0,0.0,0.9801583287119864,831.6548356548776,1.0,0.0,0.9780891621112823,918.383034316787,1.0,0.0,0.9756724131107328,1019.6799948246016,1.0,0.0,0.9718563199043273,1179.6298459409343,1.0,0.0,0.9667379164695737,1394.1654516142712,1.0,0.0,0.9607182577252387,1646.4767731279412,1.0,0.0,1.0,0.0,1.0,0.0,1.0,0.0,1.0,0.0,1.0,0.0,1.0,0.0,1.0,0.0,1.0,0.0
40213,40,福岡県,行橋市,8,94.77533252820345,66180.87736314777,5.2443794050035155,0.9351313146576287,0.7669232055544853,15425.226749394204,1.0,0.0,0.7731086647510528,15015.867632871414,1.0,0.0,0.7777825546264648,14706.545500217919,1.0,0.0,0.9769230815768242,1527.2507080835649,1.0,0.0,0.9793666911125184,1365.530485078374,1.0,0.0,0.981223831474781,1242.6233065173146,1.0,0.0,0.9801583287119865,1313.1392141919118,1.0,0.0,0.9780891621112824,1450.0784752370319,1.0,0.0,0.975672413110733,1610.0210444598972,1.0,0.0,0.9718563199043274,1862.5734409593701,1.0,0.0,0.966737916469574,2201.3138709699024,1.0,0.0,0.9607182577252389,2599.7001680967496,1.0,0.0,1.0,0.0,1.0,0.0,1.0,0.0,1.0,0.0,1.0,0.0,1.0,0.0,1.0,0.0,1.0,0.0
40214,40,福岡県,豊前市,7,69.50191052068253,48532.64339964169,5.281059774458491,0.941768365106122,0.7660366160625761,11354.861481208449,0.9988636363636365,55.15073113595651,0.7722153232720765,11054.992487538972,0.9988636363636365,55.15073113595651,0.7768839351561937,10828.412411795785,0.9988636363636365,55.15073113595651,0.9757867179404605,1175.1345837305707,0.9988636363636365,55.15073113595651,0.9782303274761547,1056.5397535267643,0.9988636363636365,55.15073113595651,0.9800874678384175,966.4078225819862,0.9988636363636365,55.15073113595651,0.9790219650756228,1018.1194882100253,0.9988636363636365,55.15073113595651,0.9769527984749188,1118.5416129764467,0.9988636363636365,55.15073113595651,0.9756724131107329,1180.6820992705912,1.0,0.0,0.9718563199043275,1365.8871900368713,1.0,0.0,0.966737916469574,1614.2968387112614,1.0,0.0,0.9607182577252388,1906.446789937616,1.0,0.0,1.0,0.0,1.0,0.0,1.0,0.0,1.0,0.0,1.0,0.0,1.0,0.0,1.0,0.0,1.0,0.0
40215,40,福岡県,中間市,2,15.795888754700576,11030.146227191293,4.986497759930827,0.9351313146576286,0.7669232055544853,2570.871124899034,1.0,0.0,0.7731086647510529,2502.644605478569,1.0,0.0,0.7777825546264648,2451.0909167029863,1.0,0.0,0.9769230815768242,254.54178468059413,1.0,0.0,0.9793666911125183,227.58841417972903,1.0,0.0,0.981223831474781,207.10388441955246,1.0,0.0,0.9801583287119865,218.85653569865198,1.0,0.0,0.9780891621112824,241.67974587283865,1.0,0.0,0.975672413110733,268.3368407433162,1.0,0.0,0.9718563199043274,310.4289068265617,1.0,0.0,0.966737916469574,366.88564516165036,1.0,0.0,0.9607182577252388,433.28336134945823,1.0,0.0,1.0,0.0,1.0,0.0,1.0,0.0,1.0,0.0,1.0,0.0,1.0,0.0,1.0,0.0,1.0,0.0
40217,40,福岡県,筑紫野市,11,85.2977992753831,59562.78962683298,4.762695708898855,0.9351313146576286,0.7669232055544852,13882.704074454781,1.0,0.0,0.773108664751053,13514.28086958427,1.0,0.0,0.7777825546264647,13235.890950196126,1.0,0.0,0.9769230815768242,1374.5256372752085,1.0,0.0,0.9793666911125184,1228.9774365705368,1.0,0.0,0.981223831474781,1118.3609758655834,1.0,0.0,0.9801583287119865,1181.8252927727208,1.0,0.0,0.9780891621112825,1305.0706277133288,1.0,0.0,0.975672413110733,1449.0189400139075,1.0,0.0,0.9718563199043274,1676.316096863433,1.0,0.0,0.9667379164695741,1981.1824838729117,1.0,0.0,0.9607182577252388,2339.7301512870745,1.0,0.0,1.0,0.0,1.0,0.0,1.0,0.0,1.0,0.0,1.0,0.0,1.0,0.0,1.0,0.0,1.0,0.0
40218,40,福岡県,春日市,5,78.97944377350288,55150.73113595646,4.6575776895529435,0.9351313146576284,0.7669232055544852,12854.355624495169,1.0,0.0,0.7731086647510529,12513.223027392844,1.0,0.0,0.7777825546264647,12255.454583514931,1.0,0.0,0.9769230815768242,1272.7089234029706,1.0,0.0,0.9793666911125182,1137.9420708986452,1.0,0.0,0.981223831474781,1035.5194220977623,1.0,0.0,0.9801583287119865,1094.28267849326,1.0,0.0,0.9780891621112823,1208.3987293641933,1.0,0.0,0.975672413110733,1341.6842037165811,1.0,0.0,0.9718563199043274,1552.1445341328083,1.0,0.0,0.9667379164695739,1834.4282258082517,1.0,0.0,0.9607182577252389,2166.416806747291,1.0,0.0,1.0,0.0,1.0,0.0,1.0,0.0,1.0,0.0,1.0,0.0,1.0,0.0,1.0,0.0,1.0,0.0
40219,40,福岡県,大野城市,5,60.024377267862185,41914.555663326915,4.72801517133668,0.9351313146576286,0.7669232055544852,9769.310274616328,1.0,0.0,0.773108664751053,9510.049500818563,1.0,0.0,0.7777825546264647,9314.145483471348,1.0,0.0,0.9769230815768243,967.2587817862577,1.0,0.0,0.9793666911125184,864.8359738829704,1.0,0.0,0.9812238314747811,786.9947607942993,1.0,0.0,0.9801583287119865,831.6548356548776,1.0,0.0,0.9780891621112824,918.383034316787,1.0,0.0,0.9756724131107329,1019.6799948246016,1.0,0.0,0.9718563199043274,1179.6298459409345,1.0,0.0,0.9667379164695739,1394.1654516142712,1.0,0.0,0.9607182577252388,1646.4767731279412,1.0,0.0,1.0,0.0,1.0,0.0,1.0,0.0,1.0,0.0,1.0,0.0,1.0,0.0,1.0,0.0,1.0,0.0
40220,40,福岡県,宗像市,5,63.1835550188023,44120.58490876517,4.965378207916485,0.9351313146576286,0.7669232055544853,10283.484499596136,1.0,0.0,0.7731086647510529,10010.578421914275,1.0,0.0,0.7777825546264648,9804.363666811945,1.0,0.0,0.9769230815768242,1018.1671387223765,1.0,0.0,0.9793666911125183,910.3536567189161,1.0,0.0,0.981223831474781,828.4155376782098,1.0,0.0,0.9801583287119865,875.4261427946079,1.0,0.0,0.9780891621112824,966.7189834913546,1.0,0.0,0.975672413110733,1073.3473629732648,1.0,0.0,0.9718563199043274,1241.7156273062467,1.0,0.0,0.966737916469574,1467.5425806466014,1.0,0.0,0.9607182577252388,1733.133445397833,1.0,0.0,1.0,0.0,1.0,0.0,1.0,0.0,1.0,0.0,1.0,0.0,1.0,0.0,1.0,0.0,1.0,0.0
40221,40,福岡県,太宰府市,1,15.795888754700576,11030.146227191293,4.620786312430975,0.9351313146576286,0.7669232055544853,2570.871124899034,1.0,0.0,0.7731086647510529,2502.644605478569,1.0,0.0,0.7777825546264648,2451.0909167029863,1.0,0.0,0.9769230815768242,254.54178468059413,1.0,0.0,0.9793666911125183,227.58841417972903,1.0,0.0,0.981223831474781,207.10388441955246,1.0,0.0,0.9801583287119865,218.85653569865198,1.0,0.0,0.9780891621112824,241.67974587283865,1.0,0.0,0.975672413110733,268.3368407433162,1.0,0.0,0.9718563199043274,310.4289068265617,1.0,0.0,0.966737916469574,366.88564516165036,1.0,0.0,0.9607182577252388,433.28336134945823,1.0,0.0,1.0,0.0,1.0,0.0,1.0,0.0,1.0,0.0,1.0,0.0,1.0,0.0,1.0,0.0,1.0,0.0
40223,40,福岡県,古賀市,6,60.02437726786219,41914.555663326915,4.779166171609939,0.9351313146576284,0.7669232055544851,9769.31027461633,1.0,0.0,0.7731086647510528,9510.04950081856,1.0,0.0,0.7777825546264646,9314.145483471348,1.0,0.0,0.9769230815768242,967.2587817862577,1.0,0.0,0.9793666911125183,864.8359738829704,1.0,0.0,0.9812238314747809,786.9947607942994,1.0,0.0,0.9801583287119864,831.6548356548776,1.0,0.0,0.9780891621112823,918.383034316787,1.0,0.0,0.9756724131107328,1019.6799948246016,1.0,0.0,0.9718563199043273,1179.6298459409343,1.0,0.0,0.9667379164695737,1394.1654516142714,1.0,0.0,0.9607182577252387,1646.4767731279412,1.0,0.0,1.0,0.0,1.0,0.0,1.0,0.0,1.0,0.0,1.0,0.0,1.0,0.0,1.0,0.0,1.0,0.0
40224,40,福岡県,福津市,3,15.795888754700576,11030.146227191293,4.76493240869389,0.9351313146576286,0.7669232055544853,2570.871124899034,1.0,0.0,0.7731086647510529,2502.644605478569,1.0,0.0,0.7777825546264648,2451.0909167029863,1.0,0.0,0.9769230815768242,254.54178468059413,1.0,0.0,0.9793666911125183,227.58841417972903,1.0,0.0,0.981223831474781,207.10388441955246,1.0,0.0,0.9801583287119865,218.85653569865198,1.0,0.0,0.9780891621112824,241.67974587283865,1.0,0.0,0.975672413110733,268.3368407433162,1.0,0.0,0.9718563199043274,310.4289068265617,1.0,0.0,0.966737916469574,366.88564516165036,1.0,0.0,0.9607182577252388,433.28336134945823,1.0,0.0,1.0,0.0,1.0,0.0,1.0,0.0,1.0,0.0,1.0,0.0,1.0,0.0,1.0,0.0,1.0,0.0
40225,40,福岡県,うきは市,3,15.795888754700576,11030.146227191293,4.8193934653638495,0.9351313146576286,0.7669232055544853,2570.871124899034,1.0,0.0,0.7731086647510529,2502.644605478569,1.0,0.0,0.7777825546264648,2451.0909167029863,1.0,0.0,0.9769230815768242,254.54178468059413,1.0,0.0,0.9793666911125183,227.58841417972903,1.0,0.0,0.981223831474781,207.10388441955246,1.0,0.0,0.9801583287119865,218.85653569865198,1.0,0.0,0.9780891621112824,241.67974587283865,1.0,0.0,0.975672413110733,268.3368407433162,1.0,0.0,0.9718563199043274,310.4289068265617,1.0,0.0,0.966737916469574,366.88564516165036,1.0,0.0,0.9607182577252388,433.28336134945823,1.0,0.0,1.0,0.0,1.0,0.0,1.0,0.0,1.0,0.0,1.0,0.0,1.0,0.0,1.0,0.0,1.0,0.0
40226,40,福岡県,宮若市,8,78.97944377350288,55150.73113595646,4.706885299569258,0.9351313146576284,0.7669232055544852,12854.355624495169,1.0,0.0,0.7731086647510529,12513.223027392844,1.0,0.0,0.7777825546264647,12255.454583514931,1.0,0.0,0.9769230815768242,1272.7089234029706,1.0,0.0,0.9793666911125182,1137.9420708986452,1.0,0.0,0.981223831474781,1035.5194220977623,1.0,0.0,0.9801583287119865,1094.28267849326,1.0,0.0,0.9780891621112823,1208.3987293641933,1.0,0.0,0.975672413110733,1341.6842037165811,1.0,0.0,0.9718563199043274,1552.1445341328083,1.0,0.0,0.9667379164695739,1834.4282258082517,1.0,0.0,0.9607182577252389,2166.416806747291,1.0,0.0,1.0,0.0,1.0,0.0,1.0,0.0,1.0,0.0,1.0,0.0,1.0,0.0,1.0,0.0,1.0,0.0
40227,40,福岡県,嘉麻市,5,63.1835550188023,44120.58490876517,4.848665962827846,0.9351313146576286,0.7669232055544853,10283.484499596136,1.0,0.0,0.7731086647510529,10010.578421914275,1.0,0.0,0.7777825546264648,9804.363666811945,1.0,0.0,0.9769230815768242,1018.1671387223765,1.0,0.0,0.9793666911125183,910.3536567189161,1.0,0.0,0.981223831474781,828.4155376782098,1.0,0.0,0.9801583287119865,875.4261427946079,1.0,0.0,0.9780891621112824,966.7189834913546,1.0,0.0,0.975672413110733,1073.3473629732648,1.0,0.0,0.9718563199043274,1241.7156273062467,1.0,0.0,0.966737916469574,1467.5425806466014,1.0,0.0,0.9607182577252388,1733.133445397833,1.0,0.0,1.0,0.0,1.0,0.0,1.0,0.0,1.0,0.0,1.0,0.0,1.0,0.0,1.0,0.0,1.0,0.0
40228,40,福岡県,朝倉市,5,15.795888754700576,11030.146227191293,4.854674486242238,0.9646410604263655,0.7623324352316558,2621.5079928552937,1.0,0.0,0.7684403618983925,2554.1366685762273,1.0,0.0,0.7730992817692459,2502.748101139947,1.0,0.0,0.9719683013018221,309.19373563747,1.0,0.0,0.9744119108375162,282.24036513660496,1.0,0.0,0.9762690511997789,261.75583537642837,1.0,0.0,0.9752035484369844,273.5084866555279,1.0,0.0,0.9731343818362802,296.3316968297158,1.0,0.0,0.975672413110733,268.3368407433162,1.0,0.0,0.9718563199043274,310.4289068265617,1.0,0.0,0.966737916469574,366.88564516165036,1.0,0.0,0.9607182577252388,433.28336134945823,1.0,0.0,1.0,0.0,1.0,0.0,1.0,0.0,1.0,0.0,1.0,0.0,1.0,0.0,1.0,0.0,1.0,0.0
40229,40,福岡県,みやま市,3,37.91013301128138,26472.350945259102,4.922709199515604,0.9351313146576287,0.7669232055544852,6170.090699757681,1.0,0.0,0.7731086647510529,6006.3470531485655,1.0,0.0,0.7777825546264647,5882.618200087167,1.0,0.0,0.9769230815768242,610.900283233426,1.0,0.0,0.9793666911125184,546.2121940313497,1.0,0.0,0.981223831474781,497.0493226069259,1.0,0.0,0.9801583287119865,525.2556856767648,1.0,0.0,0.9780891621112823,580.0313900948128,1.0,0.0,0.9756724131107329,644.008417783959,1.0,0.0,0.9718563199043274,745.0293763837481,1.0,0.0,0.9667379164695739,880.5255483879608,1.0,0.0,0.9607182577252387,1039.8800672386997,1.0,0.0,1.0,0.0,1.0,0.0,1.0,0.0,1.0,0.0,1.0,0.0,1.0,0.0,1.0,0.0,1.0,0.0
40230,40,福岡県,糸島市,7,75.82026602256276,52944.701890518205,4.603331974325199,0.7403122907706225,0.8154808710639675,9769.31027461633,1.0,0.0,0.8203776929279168,9510.04950081856,1.0,0.0,0.8240778557459513,9314.145483471348,1.0,0.0,0.9817307729149858,967.2587817862577,1.0,0.0,0.9836652971307438,864.8359738829704,1.0,0.0,0.9851355332508682,786.9947607942994,1.0,0.0,0.9842920102303226,831.6548356548776,1.0,0.0,0.982653920004765,918.383034316787,1.0,0.0,0.9807406603793305,1019.6799948246015,1.0,0.0,0.9777195865909258,1179.6298459409343,1.0,0.0,0.9736675172050794,1394.1654516142714,1.0,0.0,0.9689019540324808,1646.4767731279412,1.0,0.0,1.0,0.0,1.0,0.0,1.0,0.0,1.0,0.0,1.0,0.0,1.0,0.0,1.0,0.0,1.0,0.0
40231,40,福岡県,那珂川市,3,0.0,0.0,4.400566960859931,0.0,1.0,0.0,1.0,0.0,1.0,0.0,1.0,0.0,1.0,0.0,1.0,0.0,1.0,0.0,1.0,0.0,1.0,0.0,1.0,0.0,1.0,0.0,1.0,0.0,1.0,0.0,1.0,0.0,1.0,0.0,1.0,0.0,1.0,0.0,1.0,0.0,1.0,0.0,1.0,0.0,1.0,0.0,1.0,0.0,1.0,0.0,1.0,0.0,1.0,0.0,1.0,0.0,1.0,0.0,1.0,0.0,1.0,0.0,1.0,0.0,1.0,0.0,1.0,0.0
40341,40,福岡県,宇美町,1,15.795888754700576,11030.146227191293,4.546136775843957,0.9351313146576286,0.7669232055544853,2570.871124899034,1.0,0.0,0.7731086647510529,2502.644605478569,1.0,0.0,0.7777825546264648,2451.0909167029863,1.0,0.0,0.9769230815768242,254.54178468059413,1.0,0.0,0.9793666911125183,227.58841417972903,1.0,0.0,0.981223831474781,207.10388441955246,1.0,0.0,0.9801583287119865,218.85653569865198,1.0,0.0,0.9780891621112824,241.67974587283865,1.0,0.0,0.975672413110733,268.3368407433162,1.0,0.0,0.9718563199043274,310.4289068265617,1.0,0.0,0.966737916469574,366.88564516165036,1.0,0.0,0.9607182577252388,433.28336134945823,1.0,0.0,1.0,0.0,1.0,0.0,1.0,0.0,1.0,0.0,1.0,0.0,1.0,0.0,1.0,0.0,1.0,0.0
40342,40,福岡県,篠栗町,1,15.795888754700576,11030.146227191293,4.790889964223061,0.9351313146576286,0.7669232055544853,2570.871124899034,1.0,0.0,0.7731086647510529,2502.644605478569,1.0,0.0,0.7777825546264648,2451.0909167029863,1.0,0.0,0.9769230815768242,254.54178468059413,1.0,0.0,0.9793666911125183,227.58841417972903,1.0,0.0,0.981223831474781,207.10388441955246,1.0,0.0,0.9801583287119865,218.85653569865198,1.0,0.0,0.9780891621112824,241.67974587283865,1.0,0.0,0.975672413110733,268.3368407433162,1.0,0.0,0.9718563199043274,310.4289068265617,1.0,0.0,0.966737916469574,366.88564516165036,1.0,0.0,0.9607182577252388,433.28336134945823,1.0,0.0,1.0,0.0,1.0,0.0,1.0,0.0,1.0,0.0,1.0,0.0,1.0,0.0,1.0,0.0,1.0,0.0
40343,40,福岡県,志免町,3,31.59177750940115,22060.292454382587,5.155071855679362,0.9351313146576286,0.7669232055544853,5141.742249798068,1.0,0.0,0.7731086647510529,5005.289210957138,1.0,0.0,0.7777825546264648,4902.181833405973,1.0,0.0,0.9769230815768242,509.08356936118827,1.0,0.0,0.9793666911125183,455.17682835945806,1.0,0.0,0.981223831474781,414.2077688391049,1.0,0.0,0.9801583287119865,437.71307139730396,1.0,0.0,0.9780891621112824,483.3594917456773,1.0,0.0,0.975672413110733,536.6736814866324,1.0,0.0,0.9718563199043274,620.8578136531233,1.0,0.0,0.966737916469574,733.7712903233007,1.0,0.0,0.9607182577252388,866.5667226989165,1.0,0.0,1.0,0.0,1.0,0.0,1.0,0.0,1.0,0.0,1.0,0.0,1.0,0.0,1.0,0.0,1.0,0.0
40345,40,福岡県,新宮町,3,15.795888754700576,11030.146227191293,4.581973285437177,0.9351313146576286,0.7669232055544853,2570.871124899034,1.0,0.0,0.7731086647510529,2502.644605478569,1.0,0.0,0.7777825546264648,2451.0909167029863,1.0,0.0,0.9769230815768242,254.54178468059413,1.0,0.0,0.9793666911125183,227.58841417972903,1.0,0.0,0.981223831474781,207.10388441955246,1.0,0.0,0.9801583287119865,218.85653569865198,1.0,0.0,0.9780891621112824,241.67974587283865,1.0,0.0,0.975672413110733,268.3368407433162,1.0,0.0,0.9718563199043274,310.4289068265617,1.0,0.0,0.966737916469574,366.88564516165036,1.0,0.0,0.9607182577252388,433.28336134945823,1.0,0.0,1.0,0.0,1.0,0.0,1.0,0.0,1.0,0.0,1.0,0.0,1.0,0.0,1.0,0.0,1.0,0.0
40348,40,福岡県,久山町,1,0.0,0.0,4.193753429788467,0.0,1.0,0.0,1.0,0.0,1.0,0.0,1.0,0.0,1.0,0.0,1.0,0.0,1.0,0.0,1.0,0.0,1.0,0.0,1.0,0.0,1.0,0.0,1.0,0.0,1.0,0.0,1.0,0.0,1.0,0.0,1.0,0.0,1.0,0.0,1.0,0.0,1.0,0.0,1.0,0.0,1.0,0.0,1.0,0.0,1.0,0.0,1.0,0.0,1.0,0.0,1.0,0.0,1.0,0.0,1.0,0.0,1.0,0.0,1.0,0.0,1.0,0.0,1.0,0.0
40349,40,福岡県,粕屋町,8,60.02437726786219,41914.555663326915,4.77038929131073,0.9351313146576284,0.7669232055544851,9769.31027461633,1.0,0.0,0.7731086647510528,9510.04950081856,1.0,0.0,0.7777825546264646,9314.145483471348,1.0,0.0,0.9769230815768242,967.2587817862577,1.0,0.0,0.9793666911125182,864.8359738829704,1.0,0.0,0.9812238314747809,786.9947607942994,1.0,0.0,0.9801583287119864,831.6548356548776,1.0,0.0,0.9780891621112823,918.383034316787,1.0,0.0,0.9756724131107328,1019.6799948246015,1.0,0.0,0.9718563199043273,1179.6298459409343,1.0,0.0,0.9667379164695737,1394.1654516142714,1.0,0.0,0.9607182577252387,1646.4767731279412,1.0,0.0,1.0,0.0,1.0,0.0,1.0,0.0,1.0,0.0,1.0,0.0,1.0,0.0,1.0,0.0,1.0,0.0
40381,40,福岡県,芦屋町,1,15.795888754700576,11030.146227191293,5.078538257857521,0.959541897121817,0.7636582244187593,2606.8843442551133,1.0,0.0,0.7698800117522479,2538.257120172248,1.0,0.0,0.7746217624098063,2485.954917046498,1.0,0.0,0.9727299854159355,300.7922484798709,1.0,0.0,0.9751735949516296,273.8388779790058,1.0,0.0,0.9770318082720041,253.3425133339604,1.0,0.0,0.9759663055092096,265.0951646130599,1.0,0.0,0.9738971389085055,287.9183747872466,1.0,0.0,0.975672413110733,268.3368407433162,1.0,0.0,0.9718563199043274,310.4289068265617,1.0,0.0,0.966737916469574,366.88564516165036,1.0,0.0,0.9607182577252388,433.28336134945823,1.0,0.0,1.0,0.0,1.0,0.0,1.0,0.0,1.0,0.0,1.0,0.0,1.0,0.0,1.0,0.0,1.0,0.0
40382,40,福岡県,水巻町,1,15.795888754700576,11030.146227191293,5.126258450544506,0.959541897121817,0.7636582244187593,2606.8843442551133,1.0,0.0,0.7698800117522479,2538.257120172248,1.0,0.0,0.7746217624098063,2485.954917046498,1.0,0.0,0.9727299854159355,300.7922484798709,1.0,0.0,0.9751735949516296,273.8388779790058,1.0,0.0,0.9770318082720041,253.3425133339604,1.0,0.0,0.9759663055092096,265.0951646130599,1.0,0.0,0.9738971389085055,287.9183747872466,1.0,0.0,0.975672413110733,268.3368407433162,1.0,0.0,0.9718563199043274,310.4289068265617,1.0,0.0,0.966737916469574,366.88564516165036,1.0,0.0,0.9607182577252388,433.28336134945823,1.0,0.0,1.0,0.0,1.0,0.0,1.0,0.0,1.0,0.0,1.0,0.0,1.0,0.0,1.0,0.0,1.0,0.0
40383,40,福岡県,岡垣町,3,31.59177750940115,22060.292454382587,4.671579050309169,0.959541897121817,0.7636582244187593,5213.768688510227,1.0,0.0,0.7698800117522479,5076.514240344496,1.0,0.0,0.7746217624098063,4971.909834092996,1.0,0.0,0.9727299854159355,601.5844969597418,1.0,0.0,0.9751735949516296,547.6777559580116,1.0,0.0,0.9770318082720041,506.6850266679208,1.0,0.0,0.9759663055092096,530.1903292261198,1.0,0.0,0.9738971389085055,575.8367495744932,1.0,0.0,0.975672413110733,536.6736814866324,1.0,0.0,0.9718563199043274,620.8578136531233,1.0,0.0,0.966737916469574,733.7712903233007,1.0,0.0,0.9607182577252388,866.5667226989165,1.0,0.0,1.0,0.0,1.0,0.0,1.0,0.0,1.0,0.0,1.0,0.0,1.0,0.0,1.0,0.0,1.0,0.0
40384,40,福岡県,遠賀町,1,15.795888754700576,11030.146227191293,5.194857172349206,0.959541897121817,0.7636582244187593,2606.8843442551133,1.0,0.0,0.7698800117522479,2538.257120172248,1.0,0.0,0.7746217624098063,2485.954917046498,1.0,0.0,0.9727299854159355,300.7922484798709,1.0,0.0,0.9751735949516296,273.8388779790058,1.0,0.0,0.9770318082720041,253.3425133339604,1.0,0.0,0.9759663055092096,265.0951646130599,1.0,0.0,0.9738971389085055,287.9183747872466,1.0,0.0,0.975672413110733,268.3368407433162,1.0,0.0,0.9718563199043274,310.4289068265617,1.0,0.0,0.966737916469574,366.88564516165036,1.0,0.0,0.9607182577252388,433.28336134945823,1.0,0.0,1.0,0.0,1.0,0.0,1.0,0.0,1.0,0.0,1.0,0.0,1.0,0.0,1.0,0.0,1.0,0.0
40402,40,福岡県,鞍手町,3,15.795888754700576,11030.146227191293,4.911291586992937,0.959541897121817,0.7636582244187593,2606.8843442551133,1.0,0.0,0.7698800117522479,2538.257120172248,1.0,0.0,0.7746217624098063,2485.954917046498,1.0,0.0,0.9727299854159355,300.7922484798709,1.0,0.0,0.9751735949516296,273.8388779790058,1.0,0.0,0.9770318082720041,253.3425133339604,1.0,0.0,0.9759663055092096,265.0951646130599,1.0,0.0,0.9738971389085055,287.9183747872466,1.0,0.0,0.975672413110733,268.3368407433162,1.0,0.0,0.9718563199043274,310.4289068265617,1.0,0.0,0.966737916469574,366.88564516165036,1.0,0.0,0.9607182577252388,433.28336134945823,1.0,0.0,1.0,0.0,1.0,0.0,1.0,0.0,1.0,0.0,1.0,0.0,1.0,0.0,1.0,0.0,1.0,0.0
40447,40,福岡県,筑前町,6,31.59177750940115,22060.292454382587,4.574163704715484,0.9500126202218234,0.7646175125241279,5192.606512357783,0.9975,55.15073113595651,0.7707642054557801,5057.008668658253,0.9975,55.15073113595651,0.7754306103289128,4954.066412446389,0.9975,55.15073113595651,0.9744230815768241,564.2343004971449,0.9975,55.15073113595651,0.9768666911125182,510.3275594954146,0.9975,55.15073113595651,0.978723831474781,469.35849997506017,0.9975,55.15073113595651,0.9776583287119865,492.8638025332605,0.9975,55.15073113595651,0.9755891621112823,538.5102228816338,0.9975,55.15073113595651,0.975672413110733,536.6736814866324,1.0,0.0,0.9718563199043275,620.8578136531233,1.0,0.0,0.9667379164695739,733.7712903233007,1.0,0.0,0.9607182577252387,866.5667226989165,1.0,0.0,1.0,0.0,1.0,0.0,1.0,0.0,1.0,0.0,1.0,0.0,1.0,0.0,1.0,0.0,1.0,0.0
40503,40,福岡県,大刀洗町,1,15.795888754700576,11030.146227191293,4.835676062829703,0.9646410604263655,0.7623324352316558,2621.5079928552937,1.0,0.0,0.7684403618983925,2554.1366685762273,1.0,0.0,0.7730992817692459,2502.748101139947,1.0,0.0,0.9719683013018221,309.19373563747,1.0,0.0,0.9744119108375162,282.24036513660496,1.0,0.0,0.9762690511997789,261.75583537642837,1.0,0.0,0.9752035484369844,273.5084866555279,1.0,0.0,0.9731343818362802,296.3316968297158,1.0,0.0,0.975672413110733,268.3368407433162,1.0,0.0,0.9718563199043274,310.4289068265617,1.0,0.0,0.966737916469574,366.88564516165036,1.0,0.0,0.9607182577252388,433.28336134945823,1.0,0.0,1.0,0.0,1.0,0.0,1.0,0.0,1.0,0.0,1.0,0.0,1.0,0.0,1.0,0.0,1.0,0.0
40522,40,福岡県,大木町,3,34.750955260341264,24266.321699820845,5.2363595738938375,0.9351313146576288,0.7669232055544855,5655.916474777875,1.0,0.0,0.7731086647510529,5505.818132052851,1.0,0.0,0.777782554626465,5392.400016746569,1.0,0.0,0.9769230815768242,559.9919262973071,1.0,0.0,0.9793666911125184,500.69451119540395,1.0,0.0,0.981223831474781,455.6285457230154,1.0,0.0,0.9801583287119865,481.48437853703444,1.0,0.0,0.9780891621112824,531.6954409202451,1.0,0.0,0.9756724131107332,590.3410496352957,1.0,0.0,0.9718563199043275,682.9435950184356,1.0,0.0,0.966737916469574,807.1484193556308,1.0,0.0,0.9607182577252388,953.2233949688082,1.0,0.0,1.0,0.0,1.0,0.0,1.0,0.0,1.0,0.0,1.0,0.0,1.0,0.0,1.0,0.0,1.0,0.0
40544,40,福岡県,広川町,1,15.795888754700576,11030.146227191293,4.931173947825596,0.9351313146576286,0.7669232055544853,2570.871124899034,1.0,0.0,0.7731086647510529,2502.644605478569,1.0,0.0,0.7777825546264648,2451.0909167029863,1.0,0.0,0.9769230815768242,254.54178468059413,1.0,0.0,0.9793666911125183,227.58841417972903,1.0,0.0,0.981223831474781,207.10388441955246,1.0,0.0,0.9801583287119865,218.85653569865198,1.0,0.0,0.9780891621112824,241.67974587283865,1.0,0.0,0.975672413110733,268.3368407433162,1.0,0.0,0.9718563199043274,310.4289068265617,1.0,0.0,0.966737916469574,366.88564516165036,1.0,0.0,0.9607182577252388,433.28336134945823,1.0,0.0,1.0,0.0,1.0,0.0,1.0,0.0,1.0,0.0,1.0,0.0,1.0,0.0,1.0,0.0,1.0,0.0
40601,40,福岡県,香春町,2,15.795888754700576,11030.146227191293,4.777020682589184,0.9351313146576286,0.7669232055544853,2570.871124899034,1.0,0.0,0.7731086647510529,2502.644605478569,1.0,0.0,0.7777825546264648,2451.0909167029863,1.0,0.0,0.9769230815768242,254.54178468059413,1.0,0.0,0.9793666911125183,227.58841417972903,1.0,0.0,0.981223831474781,207.10388441955246,1.0,0.0,0.9801583287119865,218.85653569865198,1.0,0.0,0.9780891621112824,241.67974587283865,1.0,0.0,0.975672413110733,268.3368407433162,1.0,0.0,0.9718563199043274,310.4289068265617,1.0,0.0,0.966737916469574,366.88564516165036,1.0,0.0,0.9607182577252388,433.28336134945823,1.0,0.0,1.0,0.0,1.0,0.0,1.0,0.0,1.0,0.0,1.0,0.0,1.0,0.0,1.0,0.0,1.0,0.0
40602,40,福岡県,添田町,1,15.795888754700576,11030.146227191293,4.801218342212698,0.9351313146576286,0.7669232055544853,2570.871124899034,1.0,0.0,0.7731086647510529,2502.644605478569,1.0,0.0,0.7777825546264648,2451.0909167029863,1.0,0.0,0.9769230815768242,254.54178468059413,1.0,0.0,0.9793666911125183,227.58841417972903,1.0,0.0,0.981223831474781,207.10388441955246,1.0,0.0,0.9801583287119865,218.85653569865198,1.0,0.0,0.9780891621112824,241.67974587283865,1.0,0.0,0.975672413110733,268.3368407433162,1.0,0.0,0.9718563199043274,310.4289068265617,1.0,0.0,0.966737916469574,366.88564516165036,1.0,0.0,0.9607182577252388,433.28336134945823,1.0,0.0,1.0,0.0,1.0,0.0,1.0,0.0,1.0,0.0,1.0,0.0,1.0,0.0,1.0,0.0,1.0,0.0
40604,40,福岡県,糸田町,1,15.795888754700576,11030.146227191293,4.713868436613425,0.9351313146576286,0.7669232055544853,2570.871124899034,1.0,0.0,0.7731086647510529,2502.644605478569,1.0,0.0,0.7777825546264648,2451.0909167029863,1.0,0.0,0.9769230815768242,254.54178468059413,1.0,0.0,0.9793666911125183,227.58841417972903,1.0,0.0,0.981223831474781,207.10388441955246,1.0,0.0,0.9801583287119865,218.85653569865198,1.0,0.0,0.9780891621112824,241.67974587283865,1.0,0.0,0.975672413110733,268.3368407433162,1.0,0.0,0.9718563199043274,310.4289068265617,1.0,0.0,0.966737916469574,366.88564516165036,1.0,0.0,0.9607182577252388,433.28336134945823,1.0,0.0,1.0,0.0,1.0,0.0,1.0,0.0,1.0,0.0,1.0,0.0,1.0,0.0,1.0,0.0,1.0,0.0
40605,40,福岡県,川崎町,2,31.59177750940115,22060.292454382587,4.830122435228338,0.9351313146576286,0.7669232055544853,5141.742249798068,1.0,0.0,0.7731086647510529,5005.289210957138,1.0,0.0,0.7777825546264648,4902.181833405973,1.0,0.0,0.9769230815768242,509.08356936118827,1.0,0.0,0.9793666911125183,455.17682835945806,1.0,0.0,0.981223831474781,414.2077688391049,1.0,0.0,0.9801583287119865,437.71307139730396,1.0,0.0,0.9780891621112824,483.3594917456773,1.0,0.0,0.975672413110733,536.6736814866324,1.0,0.0,0.9718563199043274,620.8578136531233,1.0,0.0,0.966737916469574,733.7712903233007,1.0,0.0,0.9607182577252388,866.5667226989165,1.0,0.0,1.0,0.0,1.0,0.0,1.0,0.0,1.0,0.0,1.0,0.0,1.0,0.0,1.0,0.0,1.0,0.0
40608,40,福岡県,大任町,1,15.795888754700576,11030.146227191293,5.030427601141397,0.9351313146576286,0.7669232055544853,2570.871124899034,1.0,0.0,0.7731086647510529,2502.644605478569,1.0,0.0,0.7777825546264648,2451.0909167029863,1.0,0.0,0.9769230815768242,254.54178468059413,1.0,0.0,0.9793666911125183,227.58841417972903,1.0,0.0,0.981223831474781,207.10388441955246,1.0,0.0,0.9801583287119865,218.85653569865198,1.0,0.0,0.9780891621112824,241.67974587283865,1.0,0.0,0.975672413110733,268.3368407433162,1.0,0.0,0.9718563199043274,310.4289068265617,1.0,0.0,0.966737916469574,366.88564516165036,1.0,0.0,0.9607182577252388,433.28336134945823,1.0,0.0,1.0,0.0,1.0,0.0,1.0,0.0,1.0,0.0,1.0,0.0,1.0,0.0,1.0,0.0,1.0,0.0
40610,40,福岡県,福智町,1,0.0,0.0,4.7649542334492985,0.0,1.0,0.0,1.0,0.0,1.0,0.0,1.0,0.0,1.0,0.0,1.0,0.0,1.0,0.0,1.0,0.0,1.0,0.0,1.0,0.0,1.0,0.0,1.0,0.0,1.0,0.0,1.0,0.0,1.0,0.0,1.0,0.0,1.0,0.0,1.0,0.0,1.0,0.0,1.0,0.0,1.0,0.0,1.0,0.0,1.0,0.0,1.0,0.0,1.0,0.0,1.0,0.0,1.0,0.0,1.0,0.0,1.0,0.0,1.0,0.0,1.0,0.0,1.0,0.0
40621,40,福岡県,苅田町,19,151.64053204512552,105889.40378103641,5.100755187689316,0.9367119396346,0.7665461529667179,24720.288672743514,0.9994791666666667,55.15073113595651,0.772730035558343,24065.481032064414,0.9994791666666667,55.15073113595651,0.7774035608830551,23570.604221875066,0.9994791666666667,55.15073113595651,0.9764542283366123,2493.2477230005384,0.9994791666666667,55.15073113595651,0.9788968892581759,2234.5958143769217,0.9994791666666667,55.15073113595651,0.9807485598077376,2038.5235238849448,0.9994791666666667,55.15073113595651,0.9801583287119865,2101.022742707059,1.0,0.0,0.9780891621112823,2320.125560379251,1.0,0.0,0.9756724131107332,2576.033671135836,1.0,0.0,0.9718563199043274,2980.117505534992,1.0,0.0,0.9667379164695741,3522.102193551843,1.0,0.0,0.9607182577252389,4159.5202689548,1.0,0.0,1.0,0.0,1.0,0.0,1.0,0.0,1.0,0.0,1.0,0.0,1.0,0.0,1.0,0.0,1.0,0.0
40642,40,福岡県,吉富町,1,0.0,0.0,5.250199386289479,0.0,1.0,0.0,1.0,0.0,1.0,0.0,1.0,0.0,1.0,0.0,1.0,0.0,1.0,0.0,1.0,0.0,1.0,0.0,1.0,0.0,1.0,0.0,1.0,0.0,1.0,0.0,1.0,0.0,1.0,0.0,1.0,0.0,1.0,0.0,1.0,0.0,1.0,0.0,1.0,0.0,1.0,0.0,1.0,0.0,1.0,0.0,1.0,0.0,1.0,0.0,1.0,0.0,1.0,0.0,1.0,0.0,1.0,0.0,1.0,0.0,1.0,0.0,1.0,0.0
40646,40,福岡県,上毛町,1,0.0,0.0,5.229133019635963,0.0,1.0,0.0,1.0,0.0,1.0,0.0,1.0,0.0,1.0,0.0,1.0,0.0,1.0,0.0,1.0,0.0,1.0,0.0,1.0,0.0,1.0,0.0,1.0,0.0,1.0,0.0,1.0,0.0,1.0,0.0,1.0,0.0,1.0,0.0,1.0,0.0,1.0,0.0,1.0,0.0,1.0,0.0,1.0,0.0,1.0,0.0,1.0,0.0,1.0,0.0,1.0,0.0,1.0,0.0,1.0,0.0,1.0,0.0,1.0,0.0,1.0,0.0,1.0,0.0
40647,40,福岡県,築上町,4,7.897944377350288,5515.073113595647,4.656564237073193,0.9351313146576286,0.7669232055544853,1285.435562449517,1.0,0.0,0.7731086647510529,1251.3223027392846,1.0,0.0,0.7777825546264648,1225.5454583514932,1.0,0.0,0.9769230815768242,127.27089234029707,1.0,0.0,0.9793666911125183,113.79420708986453,1.0,0.0,0.981223831474781,103.55194220977623,1.0,0.0,0.9801583287119866,109.428267849326,1.0,0.0,0.9780891621112825,120.83987293641934,1.0,0.0,0.975672413110733,134.16842037165813,1.0,0.0,0.9718563199043275,155.21445341328084,1.0,0.0,0.966737916469574,183.44282258082518,1.0,0.0,0.9607182577252387,216.64168067472914,1.0,0.0,1.0,0.0,1.0,0.0,1.0,0.0,1.0,0.0,1.0,0.0,1.0,0.0,1.0,0.0,1.0,0.0
42201,42,長崎県,長崎市,43,590.4318102134258,412293.93957977346,4.333490955892763,2.0870967832125493,0.7521501223501911,102187.00248060445,0.9806985294117646,7957.879348506658,0.7582388135703169,99676.67199057403,0.9806985294117646,7957.879348506658,0.7627941503222374,97798.53425501227,0.9806985294117646,7957.879348506658,0.9580404243618246,17299.678742958666,0.9806985294117646,7957.879348506658,0.9604224961229102,16317.564992218919,0.9806985294117646,7957.879348506658,0.9622276834551898,15573.297195313893,0.9806985294117646,7957.879348506658,0.9611756523063075,16007.04326224728,0.9806985294117646,7957.879348506658,0.9591473787321764,16843.288164671427,0.9806985294117646,7957.879348506658,0.9567737417383229,17821.924311999574,0.9806985294117646,7957.879348506658,0.9532347294447175,19281.037632751333,0.9808823529411763,7882.090021378022,0.948208283332779,21353.410902327912,0.9808823529411763,7882.090021378022,0.9432068594238333,23415.46766925549,0.9818014705882352,7503.143385734848,0.9840073529411765,6593.671460191231,0.9840073529411765,6593.671460191231,0.9873161764705881,5229.463571875803,0.9873161764705881,5229.463571875803,0.9898897058823529,4168.4129920749165,0.9898897058823529,4168.4129920749165,0.9948529411764706,2122.1011596017756,0.9948529411764706,2122.1011596017756
42202,42,長崎県,佐世保市,30,164.97359403022188,115199.77723552495,4.304573883435331,0.9351313146576284,0.7669232055544853,26850.39479889352,1.0,0.0,0.7731086647510527,26137.83127734952,1.0,0.0,0.7777825546264648,25599.400204878686,1.0,0.0,0.9769230815768242,2658.4558616322374,1.0,0.0,0.9793666911125182,2376.952587469671,1.0,0.0,0.981223831474781,2163.010431441906,1.0,0.0,0.9801583287119864,2285.7561123596674,1.0,0.0,0.9780891621112823,2524.123643823969,1.0,0.0,0.9756724131107332,2802.53259032143,1.0,0.0,0.9718563199043275,3242.145677609359,1.0,0.0,0.966737916469574,3831.7846130945027,1.0,0.0,0.9607182577252386,4525.247959475796,1.0,0.0,1.0,0.0,1.0,0.0,1.0,0.0,1.0,0.0,1.0,0.0,1.0,0.0,1.0,0.0,1.0,0.0
42203,42,長崎県,島原市,3,43.41410369216365,30315.730851453933,4.942305540709044,0.9351313146576284,0.7669232055544853,7065.893368129875,1.0,0.0,0.7731086647510528,6878.376651934083,1.0,0.0,0.7777825546264648,6736.684264441759,1.0,0.0,0.9769230815768241,699.5936477979571,1.0,0.0,0.9793666911125183,625.513838807808,1.0,0.0,0.9812238314747809,569.2132714320804,1.0,0.0,0.9801583287119865,601.5147664104387,1.0,0.0,0.9780891621112824,664.2430641642023,1.0,0.0,0.9756724131107332,737.5085764003762,1.0,0.0,0.9718563199043274,853.1962309498314,1.0,0.0,0.966737916469574,1008.3643718669742,1.0,0.0,0.9607182577252388,1190.854726177841,1.0,0.0,1.0,0.0,1.0,0.0,1.0,0.0,1.0,0.0,1.0,0.0,1.0,0.0,1.0,0.0,1.0,0.0
42204,42,長崎県,諫早市,15,47.75551406138002,33347.30393659933,4.603717143369154,0.9351313146576286,0.7669232055544853,7772.482704942864,1.0,0.0,0.7731086647510529,7566.214317127493,1.0,0.0,0.777782554626465,7410.352690885936,1.0,0.0,0.9769230815768241,769.553012577753,1.0,0.0,0.9793666911125184,688.0652226885888,1.0,0.0,0.981223831474781,626.1345985752885,1.0,0.0,0.9801583287119865,661.6662430514826,1.0,0.0,0.9780891621112824,730.6673705806227,1.0,0.0,0.9756724131107332,811.2594340404139,1.0,0.0,0.9718563199043274,938.5158540448147,1.0,0.0,0.9667379164695739,1109.2008090536717,1.0,0.0,0.9607182577252389,1309.9401987956253,1.0,0.0,1.0,0.0,1.0,0.0,1.0,0.0,1.0,0.0,1.0,0.0,1.0,0.0,1.0,0.0,1.0,0.0
42205,42,長崎県,大村市,11,52.09692443059638,36378.877021744716,4.4916817863652145,0.9351313146576286,0.7669232055544852,8479.072041755851,1.0,0.0,0.7731086647510528,8254.0519823209,1.0,0.0,0.777782554626465,8084.021117330111,1.0,0.0,0.9769230815768241,839.5123773575485,1.0,0.0,0.9793666911125183,750.6166065693697,1.0,0.0,0.981223831474781,683.0559257184966,1.0,0.0,0.9801583287119865,721.8177196925265,1.0,0.0,0.9780891621112823,797.0916769970429,1.0,0.0,0.9756724131107332,885.0102916804515,1.0,0.0,0.9718563199043274,1023.8354771397976,1.0,0.0,0.966737916469574,1210.037246240369,1.0,0.0,0.9607182577252387,1429.0256714134093,1.0,0.0,1.0,0.0,1.0,0.0,1.0,0.0,1.0,0.0,1.0,0.0,1.0,0.0,1.0,0.0,1.0,0.0
42207,42,長崎県,平戸市,1,0.0,0.0,4.11789908150159,0.0,1.0,0.0,1.0,0.0,1.0,0.0,1.0,0.0,1.0,0.0,1.0,0.0,1.0,0.0,1.0,0.0,1.0,0.0,1.0,0.0,1.0,0.0,1.0,0.0,1.0,0.0,1.0,0.0,1.0,0.0,1.0,0.0,1.0,0.0,1.0,0.0,1.0,0.0,1.0,0.0,1.0,0.0,1.0,0.0,1.0,0.0,1.0,0.0,1.0,0.0,1.0,0.0,1.0,0.0,1.0,0.0,1.0,0.0,1.0,0.0,1.0,0.0,1.0,0.0
42208,42,長崎県,松浦市,9,43.41410369216365,30315.730851453933,4.2994308181102605,0.9351313146576284,0.7669232055544853,7065.893368129875,1.0,0.0,0.7731086647510528,6878.376651934083,1.0,0.0,0.7777825546264648,6736.684264441759,1.0,0.0,0.9769230815768241,699.5936477979571,1.0,0.0,0.9793666911125183,625.513838807808,1.0,0.0,0.9812238314747809,569.2132714320804,1.0,0.0,0.9801583287119865,601.5147664104387,1.0,0.0,0.9780891621112824,664.2430641642023,1.0,0.0,0.9756724131107332,737.5085764003762,1.0,0.0,0.9718563199043274,853.1962309498314,1.0,0.0,0.966737916469574,1008.3643718669742,1.0,0.0,0.9607182577252388,1190.854726177841,1.0,0.0,1.0,0.0,1.0,0.0,1.0,0.0,1.0,0.0,1.0,0.0,1.0,0.0,1.0,0.0,1.0,0.0
42210,42,長崎県,壱岐市,2,21.707051846081825,15157.865425726966,4.066288104703372,0.0,1.0,0.0,1.0,0.0,1.0,0.0,1.0,0.0,1.0,0.0,1.0,0.0,1.0,0.0,1.0,0.0,1.0,0.0,1.0,0.0,1.0,0.0,1.0,0.0,1.0,0.0,1.0,0.0,1.0,0.0,1.0,0.0,1.0,0.0,1.0,0.0,1.0,0.0,1.0,0.0,1.0,0.0,1.0,0.0,1.0,0.0,1.0,0.0,1.0,0.0,1.0,0.0,1.0,0.0,1.0,0.0,1.0,0.0,1.0,0.0,1.0,0.0,1.0,0.0
42212,42,長崎県,西海市,11,95.51102812276004,66694.60787319865,4.2106968715960225,0.6968025413020087,0.7669232055544851,15544.965409885725,1.0,0.0,0.7731086647510527,15132.428634254982,1.0,0.0,0.7777825546264647,14820.705381771872,1.0,0.0,0.984102385978807,1060.2851332629257,1.0,0.0,0.9857255078716711,952.0316550879531,1.0,0.0,0.9870921896127135,860.8813522816611,1.0,0.0,0.9863391594859684,911.1044013016274,1.0,0.0,0.9849716880782085,1002.3073706200043,1.0,0.0,0.9832366476004774,1118.0252149264031,1.0,0.0,0.980586301562461,1294.7890046601933,1.0,0.0,0.9771508256684649,1523.916722268082,1.0,0.0,0.972902754951607,1807.2401329465388,1.0,0.0,1.0,0.0,1.0,0.0,1.0,0.0,1.0,0.0,1.0,0.0,1.0,0.0,1.0,0.0,1.0,0.0
42213,42,長崎県,雲仙市,3,43.41410369216365,30315.730851453933,4.846012384029694,0.9351313146576284,0.7669232055544853,7065.893368129875,1.0,0.0,0.7731086647510528,6878.376651934083,1.0,0.0,0.7777825546264648,6736.684264441759,1.0,0.0,0.9769230815768241,699.5936477979571,1.0,0.0,0.9793666911125183,625.513838807808,1.0,0.0,0.9812238314747809,569.2132714320804,1.0,0.0,0.9801583287119865,601.5147664104387,1.0,0.0,0.9780891621112824,664.2430641642023,1.0,0.0,0.9756724131107332,737.5085764003762,1.0,0.0,0.9718563199043274,853.1962309498314,1.0,0.0,0.966737916469574,1008.3643718669742,1.0,0.0,0.9607182577252388,1190.854726177841,1.0,0.0,1.0,0.0,1.0,0.0,1.0,0.0,1.0,0.0,1.0,0.0,1.0,0.0,1.0,0.0,1.0,0.0
42214,42,長崎県,南島原市,1,21.707051846081825,15157.865425726966,4.599280301265681,0.9351313146576284,0.7669232055544853,3532.9466840649375,1.0,0.0,0.7731086647510528,3439.1883259670417,1.0,0.0,0.7777825546264648,3368.3421322208796,1.0,0.0,0.9769230815768241,349.7968238989786,1.0,0.0,0.9793666911125183,312.756919403904,1.0,0.0,0.9812238314747809,284.6066357160402,1.0,0.0,0.9801583287119865,300.75738320521936,1.0,0.0,0.9780891621112824,332.12153208210117,1.0,0.0,0.9756724131107332,368.7542882001881,1.0,0.0,0.9718563199043274,426.5981154749157,1.0,0.0,0.966737916469574,504.1821859334871,1.0,0.0,0.9607182577252388,595.4273630889205,1.0,0.0,1.0,0.0,1.0,0.0,1.0,0.0,1.0,0.0,1.0,0.0,1.0,0.0,1.0,0.0,1.0,0.0
42307,42,長崎県,長与町,1,21.707051846081825,15157.865425726966,4.468080547214147,0.9351313146576284,0.7669232055544853,3532.9466840649375,1.0,0.0,0.7731086647510528,3439.1883259670417,1.0,0.0,0.7777825546264648,3368.3421322208796,1.0,0.0,0.9769230815768241,349.7968238989786,1.0,0.0,0.9793666911125183,312.756919403904,1.0,0.0,0.9812238314747809,284.6066357160402,1.0,0.0,0.9801583287119865,300.75738320521936,1.0,0.0,0.9780891621112824,332.12153208210117,1.0,0.0,0.9756724131107332,368.7542882001881,1.0,0.0,0.9718563199043274,426.5981154749157,1.0,0.0,0.966737916469574,504.1821859334871,1.0,0.0,0.9607182577252388,595.4273630889205,1.0,0.0,1.0,0.0,1.0,0.0,1.0,0.0,1.0,0.0,1.0,0.0,1.0,0.0,1.0,0.0,1.0,0.0
42308,42,長崎県,時津町,9,156.29077329178915,109136.63106523415,4.3190636665307,0.9351313146576284,0.7669232055544852,25437.21612526755,1.0,0.0,0.7731086647510528,24762.155946962703,1.0,0.0,0.7777825546264648,24252.063351990335,1.0,0.0,0.9769230815768241,2518.5371320726454,1.0,0.0,0.9793666911125184,2251.849819708109,1.0,0.0,0.981223831474781,2049.1677771554896,1.0,0.0,0.9801583287119865,2165.4531590775796,1.0,0.0,0.9780891621112823,2391.2750309911285,1.0,0.0,0.9756724131107332,2655.0308750413546,1.0,0.0,0.9718563199043274,3071.506431419393,1.0,0.0,0.9667379164695739,3630.1117387211075,1.0,0.0,0.9607182577252386,4287.077014240227,1.0,0.0,1.0,0.0,1.0,0.0,1.0,0.0,1.0,0.0,1.0,0.0,1.0,0.0,1.0,0.0,1.0,0.0
42321,42,長崎県,東彼杵町,1,0.0,0.0,4.237964304395432,0.0,1.0,0.0,1.0,0.0,1.0,0.0,1.0,0.0,1.0,0.0,1.0,0.0,1.0,0.0,1.0,0.0,1.0,0.0,1.0,0.0,1.0,0.0,1.0,0.0,1.0,0.0,1.0,0.0,1.0,0.0,1.0,0.0,1.0,0.0,1.0,0.0,1.0,0.0,1.0,0.0,1.0,0.0,1.0,0.0,1.0,0.0,1.0,0.0,1.0,0.0,1.0,0.0,1.0,0.0,1.0,0.0,1.0,0.0,1.0,0.0,1.0,0.0,1.0,0.0
42322,42,長崎県,川棚町,2,0.0,0.0,4.48674023187367,0.0,1.0,0.0,0.9724999999999999,0.0,1.0,0.0,0.9724999999999999,0.0,1.0,0.0,0.9724999999999999,0.0,1.0,0.0,0.9724999999999999,0.0,1.0,0.0,0.9724999999999999,0.0,1.0,0.0,0.9724999999999999,0.0,1.0,0.0,0.9724999999999999,0.0,1.0,0.0,0.9724999999999999,0.0,1.0,0.0,0.9724999999999999,0.0,1.0,0.0,0.9724999999999999,0.0,1.0,0.0,0.9775,0.0,1.0,0.0,0.9775,0.0,1.0,0.0,0.9824999999999999,0.0,1.0,0.0,0.9875,0.0,1.0,0.0,0.9924999999999999,0.0,1.0,0.0,1.0,0.0
42323,42,長崎県,波佐見町,2,0.0,0.0,4.384227679714391,0.0,1.0,0.0,1.0,0.0,1.0,0.0,1.0,0.0,1.0,0.0,1.0,0.0,1.0,0.0,1.0,0.0,1.0,0.0,1.0,0.0,1.0,0.0,1.0,0.0,1.0,0.0,1.0,0.0,1.0,0.0,1.0,0.0,1.0,0.0,1.0,0.0,1.0,0.0,1.0,0.0,1.0,0.0,1.0,0.0,1.0,0.0,1.0,0.0,1.0,0.0,1.0,0.0,1.0,0.0,1.0,0.0,1.0,0.0,1.0,0.0,1.0,0.0,1.0,0.0
42411,42,長崎県,新上五島町,1,0.0,0.0,3.6965851826184717,0.0,1.0,0.0,1.0,0.0,1.0,0.0,1.0,0.0,1.0,0.0,1.0,0.0,1.0,0.0,1.0,0.0,1.0,0.0,1.0,0.0,1.0,0.0,1.0,0.0,1.0,0.0,1.0,0.0,1.0,0.0,1.0,0.0,1.0,0.0,1.0,0.0,1.0,0.0,1.0,0.0,1.0,0.0,1.0,0.0,1.0,0.0,1.0,0.0,1.0,0.0,1.0,0.0,1.0,0.0,1.0,0.0,1.0,0.0,1.0,0.0,1.0,0.0,1.0,0.0
43101,43,熊本県,熊本市中央区,11,207.2383803900387,144712.94873535907,5.304462517120585,0.950532764866948,0.7650947767767038,33993.82752598092,0.9977272727272726,328.8930653076346,0.7712736117027021,33099.67010409067,0.9977272727272726,328.8930653076346,0.7759439799189566,32423.8073478366,0.9977272727272726,328.8930653076346,0.9746709727970035,3665.4382151437267,0.9977272727272726,328.8930653076346,0.9780046999996357,3183.0047213715397,0.9986363636363637,197.33583918458072,0.9798606809702786,2914.420242313112,0.9986363636363637,197.33583918458072,0.9787962702187624,3068.4542608306365,0.9986363636363637,197.33583918458072,0.9767371562123299,3366.43472048377,0.9986363636363637,197.33583918458072,0.9743770839409394,3707.9677381052334,0.9986363636363637,197.33583918458072,0.9710043043710967,4196.05261509153,0.9990909090909091,131.55722612305382,0.9667379164695735,4813.454188769773,1.0,0.0,0.9607182577252386,5684.576756043109,1.0,0.0,1.0,0.0,1.0,0.0,1.0,0.0,1.0,0.0,1.0,0.0,1.0,0.0,1.0,0.0,1.0,0.0
43102,43,熊本県,熊本市東区,7,94.19926381365394,65778.61306152685,5.249356204027848,0.9365152776911856,0.7660794729590418,15386.96783537563,0.999,65.77861306152691,0.7722635173797608,14980.18997026985,0.999,65.77861306152691,0.7769366623163224,14672.796977707334,0.999,65.77861306152691,0.9759230815768241,1583.74630067203,0.999,65.77861306152691,0.9793666911125183,1357.230441488623,1.0,0.0,0.981223831474781,1235.0703241984008,1.0,0.0,0.9801583287119865,1305.1576181482474,1.0,0.0,0.9780891621112825,1441.2645273357978,1.0,0.0,0.975672413110733,1600.2349247097643,1.0,0.0,0.9718563199043275,1851.2522431406421,1.0,0.0,0.966737916469574,2187.9337221680794,1.0,0.0,0.9607182577252388,2583.8985254741397,1.0,0.0,1.0,0.0,1.0,0.0,1.0,0.0,1.0,0.0,1.0,0.0,1.0,0.0,1.0,0.0,1.0,0.0
43103,43,熊本県,熊本市西区,4,56.51955828819237,39467.16783691611,5.352961283720955,0.9734387133643032,0.7643501471479733,9300.432293255519,0.9966666666666666,131.55722612305382,0.7705319752295811,9056.45304681974,0.9966666666666666,131.55722612305382,0.7751986577113469,8872.272306070297,0.9966666666666666,131.55722612305382,0.973591569761435,1042.2659485349288,0.9966666666666666,131.55722612305382,0.9760519142945607,945.1631179094218,0.9966666666666666,131.55722612305382,0.9779037177562713,872.077679885108,0.9966666666666666,131.55722612305382,0.9768451454242071,913.8565317822067,0.9966666666666666,131.55722612305382,0.9748144459724427,994.0024878713248,0.9966666666666666,131.55722612305382,0.9740257753928502,1025.1290820041354,0.9983333333333332,65.77861306152691,0.9702190085252127,1175.371388885201,0.9983333333333332,65.77861306152691,0.9650712498029071,1378.5388463623744,0.9983333333333332,65.77861306152691,0.9607182577252387,1550.3391152844838,1.0,0.0,1.0,0.0,1.0,0.0,1.0,0.0,1.0,0.0,1.0,0.0,1.0,0.0,1.0,0.0,1.0,0.0
43104,43,熊本県,熊本市南区,10,86.66332270856162,60516.3240166047,5.557009226838499,0.9548974615740388,0.7651079186019691,14214.805306817929,0.9976086956521741,144.7129487353592,0.7712699610642765,13841.901148564852,0.9976086956521741,144.7129487353592,0.7759398741825768,13559.295173168404,0.9976086956521741,144.7129487353592,0.9745317772289982,1541.243221337022,0.9976086956521741,144.7129487353592,0.9769753867646924,1393.364954904892,0.9976086956521741,144.7129487353592,0.978832527126955,1280.977646997885,0.9976086956521741,144.7129487353592,0.9777670243641604,1345.457957431747,0.9976086956521741,144.7129487353592,0.9756978577634564,1470.6763138842932,0.9976086956521741,144.7129487353592,0.9733387302574905,1613.4420384318091,0.9976086956521741,144.7129487353592,0.9718563199043275,1703.1520636893906,1.0,0.0,0.9667379164695741,2012.8990243946328,1.0,0.0,0.960718257725239,2377.1866434362087,1.0,0.0,1.0,0.0,1.0,0.0,1.0,0.0,1.0,0.0,1.0,0.0,1.0,0.0,1.0,0.0,1.0,0.0
43105,43,熊本県,熊本市北区,11,120.57505768147705,84196.62471875436,5.061493534123769,0.951407788337674,0.7650815908797086,19779.33713222798,0.99765625,197.33583918458072,0.7712546906806529,19259.582964936457,0.99765625,197.33583918458072,0.7759183454141021,18866.91897752639,0.99765625,197.33583918458072,0.9745793315768242,2140.334479326025,0.99765625,197.33583918458072,0.9770229411125183,1934.5908042900178,0.99765625,197.33583918458072,0.978880081474781,1778.2258541585297,0.99765625,197.33583918458072,0.9786289115250112,1799.373516159944,0.9984375,131.55722612305382,0.9765266621112825,1976.375821112875,0.9984375,131.55722612305382,0.9748912302125246,2114.0736669456683,0.99921875,65.77861306152691,0.9711099590640516,2432.443934793504,0.99921875,65.77861306152691,0.966737916469574,2800.5551643751414,1.0,0.0,0.9607182577252388,3307.3901126068986,1.0,0.0,1.0,0.0,1.0,0.0,1.0,0.0,1.0,0.0,1.0,0.0,1.0,0.0,1.0,0.0,1.0,0.0
43202,43,熊本県,八代市,21,75.35941105092316,52622.89044922148,4.881027437224644,0.9351313146576284,0.7669232055544855,12265.174620362031,1.0,0.0,0.7731086647510529,11939.677878682927,1.0,0.0,0.7777825546264648,11693.724283797399,1.0,0.0,0.9769230815768243,1214.3741500884025,1.0,0.0,0.9793666911125183,1085.7843531908982,1.0,0.0,0.981223831474781,988.0562593587207,1.0,0.0,0.9801583287119865,1044.1260945185982,1.0,0.0,0.9780891621112825,1153.0116218686383,1.0,0.0,0.975672413110733,1280.1879397678115,1.0,0.0,0.9718563199043274,1481.0017945125135,1.0,0.0,0.9667379164695741,1750.3469777344635,1.0,0.0,0.9607182577252388,2067.1188203793117,1.0,0.0,1.0,0.0,1.0,0.0,1.0,0.0,1.0,0.0,1.0,0.0,1.0,0.0,1.0,0.0,1.0,0.0
43203,43,熊本県,人吉市,6,41.44767607800774,28942.589747071816,5.265158114499204,0.9351313146576286,0.7669232055544855,6745.846041199118,1.0,0.0,0.773108664751053,6566.822833275611,1.0,0.0,0.7777825546264648,6431.54835608857,1.0,0.0,0.9769230815768242,667.9057825486215,1.0,0.0,0.9793666911125184,597.1813942549941,1.0,0.0,0.981223831474781,543.4309426472964,1.0,0.0,0.9801583287119865,574.2693519852289,1.0,0.0,0.9780891621112825,634.156392027751,1.0,0.0,0.9756724131107329,704.1033668722964,1.0,0.0,0.9718563199043274,814.5509869818825,1.0,0.0,0.9667379164695739,962.6908377539548,1.0,0.0,0.9607182577252388,1136.9153512086216,1.0,0.0,1.0,0.0,1.0,0.0,1.0,0.0,1.0,0.0,1.0,0.0,1.0,0.0,1.0,0.0,1.0,0.0
43204,43,熊本県,荒尾市,6,90.4312932611078,63147.468539065776,4.92422121272788,0.9351313146576283,0.7669232055544852,14718.209544434438,1.0,0.0,0.7731086647510527,14327.613454419516,1.0,0.0,0.7777825546264648,14032.46914055688,1.0,0.0,0.976923081576824,1457.248980106083,1.0,0.0,0.9793666911125183,1302.941223829078,1.0,0.0,0.9812238314747809,1185.667511230465,1.0,0.0,0.9801583287119866,1252.9513134223175,1.0,0.0,0.9780891621112824,1383.613946242366,1.0,0.0,0.9756724131107329,1536.2255277213737,1.0,0.0,0.9718563199043273,1777.2021534150163,1.0,0.0,0.9667379164695739,2100.416373281356,1.0,0.0,0.9607182577252388,2480.542584455174,1.0,0.0,1.0,0.0,1.0,0.0,1.0,0.0,1.0,0.0,1.0,0.0,1.0,0.0,1.0,0.0,1.0,0.0
43205,43,熊本県,水俣市,8,71.59144049837701,49991.745926760406,4.8422646375328755,0.9427995397046661,0.7658933042064553,11703.40245586427,1.0,0.0,0.7720746703677516,11394.385169248471,1.0,0.0,0.7767464678848505,11160.833854752396,1.0,0.0,0.9756102327664233,1219.287046753779,1.0,0.0,0.9780538423021176,1097.1267397011497,1.0,0.0,0.9799109826643805,1004.2850505605812,1.0,0.0,0.9788454799015858,1057.5513939624648,1.0,0.0,0.9767763133008817,1160.9926449450043,1.0,0.0,0.9756724131107329,1216.178542779421,1.0,0.0,0.9718563199043272,1406.9517047868878,1.0,0.0,0.9667379164695737,1662.82962884774,1.0,0.0,0.9607182577252387,1963.7628793603462,1.0,0.0,1.0,0.0,1.0,0.0,1.0,0.0,1.0,0.0,1.0,0.0,1.0,0.0,1.0,0.0,1.0,0.0
43206,43,熊本県,玉名市,6,75.35941105092316,52622.89044922148,5.186672374485442,0.9368001637607812,0.7659572243690491,12316.007342459252,0.99875,65.77861306152691,0.7721409857273103,11990.599945939346,0.99875,65.77861306152691,0.7767994034290313,11745.460541554961,0.99875,65.77861306152691,0.975673081576824,1280.1527631499293,0.99875,65.77861306152691,0.9793666911125183,1085.7843531908982,1.0,0.0,0.981223831474781,988.0562593587207,1.0,0.0,0.9801583287119865,1044.126094518598,1.0,0.0,0.9780891621112825,1153.0116218686383,1.0,0.0,0.975672413110733,1280.1879397678115,1.0,0.0,0.9718563199043274,1481.0017945125135,1.0,0.0,0.9667379164695739,1750.3469777344633,1.0,0.0,0.9607182577252388,2067.1188203793117,1.0,0.0,1.0,0.0,1.0,0.0,1.0,0.0,1.0,0.0,1.0,0.0,1.0,0.0,1.0,0.0,1.0,0.0
43208,43,熊本県,山鹿市,4,45.2156466305539,31573.73426953289,5.141529536999091,0.9351313146576286,0.7669232055544853,7359.104772217221,1.0,0.0,0.7731086647510529,7163.806727209758,1.0,0.0,0.777782554626465,7016.2345702784405,1.0,0.0,0.9769230815768243,728.6244900530417,1.0,0.0,0.9793666911125183,651.470611914539,1.0,0.0,0.9812238314747811,592.8337556152326,1.0,0.0,0.9801583287119866,626.475656711159,1.0,0.0,0.9780891621112824,691.8069731211831,1.0,0.0,0.9756724131107329,768.112763860687,1.0,0.0,0.9718563199043273,888.6010767075081,1.0,0.0,0.9667379164695741,1050.208186640678,1.0,0.0,0.9607182577252388,1240.2712922275873,1.0,0.0,1.0,0.0,1.0,0.0,1.0,0.0,1.0,0.0,1.0,0.0,1.0,0.0,1.0,0.0,1.0,0.0
43210,43,熊本県,菊池市,8,64.05549939328469,44729.456881838254,5.122828799221957,0.9351313146576283,0.7669232055544852,10425.398427307726,1.0,0.0,0.7731086647510528,10148.726196880489,1.0,0.0,0.7777825546264647,9939.66564122779,1.0,0.0,0.9769230815768241,1032.218027575142,1.0,0.0,0.9793666911125182,922.9167002122634,1.0,0.0,0.9812238314747808,839.8478204549126,1.0,0.0,0.9801583287119864,887.5071803408083,1.0,0.0,0.9780891621112824,980.0598785883426,1.0,0.0,0.9756724131107329,1088.1597488026398,1.0,0.0,0.9718563199043273,1258.8515253356363,1.0,0.0,0.9667379164695737,1487.7949310742938,1.0,0.0,0.9607182577252387,1757.050997322415,1.0,0.0,1.0,0.0,1.0,0.0,1.0,0.0,1.0,0.0,1.0,0.0,1.0,0.0,1.0,0.0,1.0,0.0
43211,43,熊本県,宇土市,3,52.75158773564621,36836.02331445504,5.466904429438146,1.051519638379946,0.7557784020337983,8996.152476576473,0.9967857142857143,118.40150351074844,0.7618756389055176,8771.554517016064,0.9967857142857143,118.40150351074844,0.7665439468059465,8599.592618356812,0.9967857142857143,118.40150351074844,0.9621566178259049,1393.9997080627993,0.9967857142857143,118.40150351074844,0.969379620609044,1127.933009142708,0.9967857142857143,118.40150351074844,0.9712268376920214,1059.8888776072963,0.9967857142857143,118.40150351074844,0.9703064260456553,1093.7931824717355,0.9967857142857143,118.40150351074844,0.9680921683285227,1175.357631364243,0.9967857142857143,118.40150351074844,0.9711411451852473,1063.0454487847035,1.0,0.0,0.9673177077925355,1203.885677723988,1.0,0.0,0.9622192126071606,1391.6939652411056,1.0,0.0,0.9607182577252389,1446.9831742655183,1.0,0.0,1.0,0.0,1.0,0.0,1.0,0.0,1.0,0.0,1.0,0.0,1.0,0.0,1.0,0.0,1.0,0.0
43212,43,熊本県,上天草市,5,75.35941105092316,52622.89044922148,4.701965951406324,2.7514165775324724,0.864264388492993,7142.8002143913145,0.9987499999999999,65.77861306152691,0.8660996386024272,7046.224048935643,0.9987499999999999,65.77861306152691,0.8634809122595107,7184.028998395424,0.9987499999999999,65.77861306152691,0.9560495727717716,2312.798517227542,0.9987499999999999,65.77861306152691,0.9620177594462075,1998.735283678199,0.9987499999999999,65.77861306152691,0.9588163328805603,2167.2036031234766,0.9987499999999999,65.77861306152691,0.9586047811695971,2178.336065633842,0.9987499999999999,65.77861306152691,0.956758769739572,2275.4785228840624,0.9987499999999999,65.77861306152691,0.947716417301599,2751.3132446307686,1.0,0.0,0.9316250259318984,3598.088769854062,1.0,0.0,0.9392517612764277,3196.7479113336976,1.0,0.0,0.9440257827192544,2945.52510394559,1.0,0.0,0.9679422649741174,1686.9706783171964,1.0,0.0,0.9717848955094813,1484.7603526178953,1.0,0.0,0.9807539522647857,1012.7826615506646,1.0,0.0,0.9974327862262725,135.0942091745909,1.0,0.0
43213,43,熊本県,宇城市,12,71.591440498377,49991.745926760406,5.194666230127918,1.0363080404988123,0.7577532687970502,12110.337037886096,0.9976315789473684,118.40150351074844,0.7638537299663432,11805.364333074729,0.9976315789473684,118.40150351074844,0.7685239458428221,11571.892087554668,0.9976315789473684,118.40150351074844,0.9647859665644155,1760.4110125681805,0.9976315789473684,118.40150351074844,0.9720089693475549,1399.3204926051994,0.9976315789473684,118.40150351074844,0.9738561864305323,1306.9748855214268,0.9976315789473684,118.40150351074844,0.9728594110386773,1356.805427657076,0.9976315789473684,118.40150351074844,0.9707215170670334,1463.682479905854,0.9976315789473684,118.40150351074844,0.9711411451852473,1442.7045376363833,1.0,0.0,0.9673177077925356,1633.844848339698,1.0,0.0,0.9622192126071606,1888.7275242557862,1.0,0.0,0.9607182577252389,1963.7628793603462,1.0,0.0,1.0,0.0,1.0,0.0,1.0,0.0,1.0,0.0,1.0,0.0,1.0,0.0,1.0,0.0,1.0,0.0
43214,43,熊本県,阿蘇市,3,37.67970552546158,26311.44522461074,5.529243245297437,1.006964158937335,0.7630700007081032,6233.970698435804,0.995,131.55722612305382,0.7692353290319444,6071.751999951317,0.995,131.55722612305382,0.7738973364233971,5949.0878478343775,0.995,131.55722612305382,0.9719394630193711,738.3132817389837,0.995,131.55722612305382,0.9743666911125184,674.4494027185029,0.995,131.55722612305382,0.976223831474781,625.5853558024127,0.995,131.55722612305382,0.9751945991814136,652.6659449127503,0.995,131.55722612305382,0.9730891621112825,708.063037057373,0.995,131.55722612305382,0.970672413110733,771.6511960069595,0.995,131.55722612305382,0.9669218322634697,870.3343985302024,0.995,131.55722612305382,0.9643826887011528,937.1429352875275,0.9974999999999999,65.77861306152691,0.9607182577252388,1033.5594101896559,1.0,0.0,1.0,0.0,1.0,0.0,1.0,0.0,1.0,0.0,1.0,0.0,1.0,0.0,1.0,0.0,1.0,0.0
43215,43,熊本県,天草市,5,75.35941105092316,52622.89044922148,4.680364920397418,1.3413268384523684,0.8482969012111427,7983.055548373469,1.0,0.0,0.8498983190208673,7898.784314408891,1.0,0.0,0.8426585198193789,8279.763474663177,1.0,0.0,0.9785714141279461,1127.6341268268363,1.0,0.0,0.9818451829999685,955.3589461183194,1.0,0.0,0.9820810306072235,942.9479633190281,1.0,0.0,0.98211813300848,940.9955277223022,1.0,0.0,0.9814586493372917,975.6994647042968,1.0,0.0,0.9771268563717604,1203.650931378163,1.0,0.0,0.9698977994918822,1584.064799619176,1.0,0.0,0.9743438481539489,1350.1008679433446,1.0,0.0,0.9769231091439723,1214.3726994253811,1.0,0.0,0.9839711324870586,843.4853391585982,1.0,0.0,0.9858924477547406,742.3801763089476,1.0,0.0,0.9903769761323927,506.3913307753323,1.0,0.0,0.9987163931131362,67.54710458729545,1.0,0.0
43216,43,熊本県,合志市,6,33.911734972915426,23680.300702149667,5.226573209251747,0.9833074400532578,0.7647348180413246,5571.150253527389,0.9972222222222221,65.77861306152691,0.7709116363856526,5424.881337751145,0.9972222222222221,65.77861306152691,0.7755811090601815,5314.306820697833,0.9972222222222221,65.77861306152691,0.9741453037990463,612.2469806013081,0.9972222222222221,65.77861306152691,0.9765889133347404,554.3815719974311,0.9972222222222221,65.77861306152691,0.9784460536970031,510.4039297729498,0.9972222222222221,65.77861306152691,0.9773805509342086,535.635355594896,0.9972222222222221,65.77861306152691,0.9753113843335045,584.6338429024142,0.9972222222222221,65.77861306152691,0.9728946353329552,641.8631859570421,0.9972222222222221,65.77861306152691,0.9690785421265496,732.229420592158,0.9972222222222221,65.77861306152691,0.963960138691796,853.4347530420354,0.9972222222222221,65.77861306152691,0.9607182577252388,930.2034691706904,1.0,0.0,1.0,0.0,1.0,0.0,1.0,0.0,1.0,0.0,1.0,0.0,1.0,0.0,1.0,0.0,1.0,0.0
43348,43,熊本県,美里町,5,47.09963190682697,32889.306530763424,5.0412155425634335,0.5777468287079828,0.8585828074598686,4651.113394172376,1.0,0.0,0.8622878615641966,4529.256734022064,1.0,0.0,0.865089015104808,4437.128736585168,1.0,0.0,0.9841558332066053,521.103658392506,1.0,0.0,0.9856219989280217,472.8824845559419,1.0,0.0,0.9867362831453793,436.2344493688753,1.0,0.0,0.9860969814877026,457.2606375538293,1.0,0.0,0.9848554815272802,498.09271031009445,1.0,0.0,0.9834054321269504,545.7838295222843,1.0,0.0,0.9831137919425964,555.3756729421925,1.0,0.0,0.9800427498817444,656.3801166504238,1.0,0.0,0.9764309546351432,775.1695576422419,1.0,0.0,1.0,0.0,1.0,0.0,1.0,0.0,1.0,0.0,1.0,0.0,1.0,0.0,1.0,0.0,1.0,0.0
43364,43,熊本県,玉東町,2,7.535941105092316,5262.289044922149,5.061698168459858,0.9351313146576286,0.7669232055544853,1226.5174620362034,1.0,0.0,0.7731086647510529,1193.967787868293,1.0,0.0,0.7777825546264648,1169.37242837974,1.0,0.0,0.9769230815768242,121.43741500884028,1.0,0.0,0.9793666911125183,108.57843531908983,1.0,0.0,0.981223831474781,98.80562593587209,1.0,0.0,0.9801583287119865,104.41260945185982,1.0,0.0,0.9780891621112824,115.30116218686385,1.0,0.0,0.975672413110733,128.01879397678115,1.0,0.0,0.9718563199043274,148.10017945125136,1.0,0.0,0.966737916469574,175.03469777344634,1.0,0.0,0.9607182577252388,206.71188203793122,1.0,0.0,1.0,0.0,1.0,0.0,1.0,0.0,1.0,0.0,1.0,0.0,1.0,0.0,1.0,0.0,1.0,0.0
43367,43,熊本県,南関町,2,30.143764420369266,21049.156179688594,4.887660874346531,0.9351313146576286,0.7669232055544853,4906.0698481448135,1.0,0.0,0.7731086647510529,4775.871151473172,1.0,0.0,0.7777825546264648,4677.48971351896,1.0,0.0,0.9769230815768242,485.7496600353611,1.0,0.0,0.9793666911125183,434.31374127635934,1.0,0.0,0.981223831474781,395.22250374348835,1.0,0.0,0.9801583287119865,417.6504378074393,1.0,0.0,0.9780891621112824,461.2046487474554,1.0,0.0,0.975672413110733,512.0751759071246,1.0,0.0,0.9718563199043274,592.4007178050055,1.0,0.0,0.966737916469574,700.1387910937854,1.0,0.0,0.9607182577252388,826.8475281517249,1.0,0.0,1.0,0.0,1.0,0.0,1.0,0.0,1.0,0.0,1.0,0.0,1.0,0.0,1.0,0.0,1.0,0.0
43368,43,熊本県,長洲町,3,0.0,0.0,5.207727639038159,0.0,1.0,0.0,1.0,0.0,1.0,0.0,1.0,0.0,1.0,0.0,1.0,0.0,1.0,0.0,1.0,0.0,1.0,0.0,1.0,0.0,1.0,0.0,1.0,0.0,1.0,0.0,1.0,0.0,1.0,0.0,1.0,0.0,1.0,0.0,1.0,0.0,1.0,0.0,1.0,0.0,1.0,0.0,1.0,0.0,1.0,0.0,1.0,0.0,1.0,0.0,1.0,0.0,1.0,0.0,1.0,0.0,1.0,0.0,1.0,0.0,1.0,0.0,1.0,0.0
43369,43,熊本県,和水町,2,15.071882210184633,10524.578089844297,4.671516083460006,0.9351313146576286,0.7669232055544853,2453.0349240724067,1.0,0.0,0.7731086647510529,2387.935575736586,1.0,0.0,0.7777825546264648,2338.74485675948,1.0,0.0,0.9769230815768242,242.87483001768055,1.0,0.0,0.9793666911125183,217.15687063817967,1.0,0.0,0.981223831474781,197.61125187174417,1.0,0.0,0.9801583287119865,208.82521890371964,1.0,0.0,0.9780891621112824,230.6023243737277,1.0,0.0,0.975672413110733,256.0375879535623,1.0,0.0,0.9718563199043274,296.2003589025027,1.0,0.0,0.966737916469574,350.0693955468927,1.0,0.0,0.9607182577252388,413.42376407586244,1.0,0.0,1.0,0.0,1.0,0.0,1.0,0.0,1.0,0.0,1.0,0.0,1.0,0.0,1.0,0.0,1.0,0.0
43403,43,熊本県,大津町,12,92.31527853738086,64463.04080029631,5.281696896455009,1.0020863806357494,0.7623929505445521,15316.872923484574,0.9938775510204081,394.67167836916144,0.7685382806950687,14920.726255260528,0.9938775510204081,394.67167836916144,0.7731212577345421,14625.293619378128,0.9938775510204081,394.67167836916144,0.9708006325972323,1882.2800122274543,0.9938775510204081,394.67167836916144,0.9732442421329265,1724.7575110280118,0.9938775510204081,394.67167836916144,0.9751013824951893,1605.0405960835922,0.9938775510204081,394.67167836916144,0.9740580861422481,1672.2946514500381,0.9938775510204081,394.67167836916144,0.9734973253765886,1708.442995565953,0.9954081632653061,296.0037587768711,0.9726111886209371,1765.5660654001497,0.9969387755102043,197.33583918458072,0.9703257076594296,1912.8951178701195,0.9984693877551021,98.66791959229036,0.965207304224676,2242.842967317008,0.9984693877551021,98.66791959229036,0.9591876454803409,2630.888474556947,0.9984693877551021,98.66791959229036,1.0,0.0,1.0,0.0,1.0,0.0,1.0,0.0,1.0,0.0,1.0,0.0,1.0,0.0,1.0,0.0
43404,43,熊本県,菊陽町,4,0.0,0.0,5.26609106319769,0.0,1.0,0.0,1.0,0.0,1.0,0.0,1.0,0.0,1.0,0.0,1.0,0.0,1.0,0.0,1.0,0.0,1.0,0.0,1.0,0.0,1.0,0.0,1.0,0.0,1.0,0.0,1.0,0.0,1.0,0.0,1.0,0.0,1.0,0.0,1.0,0.0,1.0,0.0,1.0,0.0,1.0,0.0,1.0,0.0,1.0,0.0,1.0,0.0,1.0,0.0,1.0,0.0,1.0,0.0,1.0,0.0,1.0,0.0,1.0,0.0,1.0,0.0,1.0,0.0
43424,43,熊本県,小国町,5,33.911734972915426,23680.300702149667,5.100669355379816,0.9472634378530911,0.764649474620819,5573.17121138791,0.9972222222222221,65.77861306152691,0.7708212492532199,5427.021732226756,0.9972222222222221,65.77861306152691,0.7754908578594525,5316.443996269825,0.9972222222222221,65.77861306152691,0.9741453037990463,612.2469806013081,0.9972222222222221,65.77861306152691,0.9765889133347404,554.3815719974311,0.9972222222222221,65.77861306152691,0.9784460536970031,510.4039297729498,0.9972222222222221,65.77861306152691,0.9773805509342086,535.635355594896,0.9972222222222221,65.77861306152691,0.9780891621112824,518.8552298408872,1.0,0.0,0.9756724131107329,576.0845728955152,1.0,0.0,0.9718563199043273,666.4508075306311,1.0,0.0,0.9667379164695739,787.6561399805084,1.0,0.0,0.9607182577252388,930.2034691706904,1.0,0.0,1.0,0.0,1.0,0.0,1.0,0.0,1.0,0.0,1.0,0.0,1.0,0.0,1.0,0.0,1.0,0.0
43428,43,熊本県,高森町,2,18.83985276273079,13155.72261230537,5.414915790353364,0.9351313146576284,0.7669232055544853,3066.293655090508,1.0,0.0,0.7731086647510529,2984.919469670732,1.0,0.0,0.7777825546264648,2923.4310709493498,1.0,0.0,0.9769230815768241,303.59353752210063,1.0,0.0,0.9793666911125183,271.44608829772454,1.0,0.0,0.981223831474781,247.01406483968017,1.0,0.0,0.9801583287119865,261.0315236296495,1.0,0.0,0.9780891621112825,288.25290546715956,1.0,0.0,0.975672413110733,320.04698494195287,1.0,0.0,0.9718563199043274,370.25044862812837,1.0,0.0,0.9667379164695739,437.5867444336158,1.0,0.0,0.9607182577252388,516.7797050948279,1.0,0.0,1.0,0.0,1.0,0.0,1.0,0.0,1.0,0.0,1.0,0.0,1.0,0.0,1.0,0.0,1.0,0.0
43432,43,熊本県,西原村,1,0.0,0.0,5.15040285753015,0.0,1.0,0.0,1.0,0.0,1.0,0.0,1.0,0.0,1.0,0.0,1.0,0.0,1.0,0.0,1.0,0.0,1.0,0.0,1.0,0.0,1.0,0.0,1.0,0.0,1.0,0.0,1.0,0.0,1.0,0.0,1.0,0.0,1.0,0.0,1.0,0.0,1.0,0.0,1.0,0.0,1.0,0.0,1.0,0.0,1.0,0.0,1.0,0.0,1.0,0.0,1.0,0.0,1.0,0.0,1.0,0.0,1.0,0.0,1.0,0.0,1.0,0.0,1.0,0.0
43433,43,熊本県,南阿蘇村,2,0.0,0.0,5.162290327440074,0.0,1.0,0.0,1.0,0.0,1.0,0.0,1.0,0.0,1.0,0.0,1.0,0.0,1.0,0.0,1.0,0.0,1.0,0.0,1.0,0.0,1.0,0.0,1.0,0.0,1.0,0.0,1.0,0.0,1.0,0.0,1.0,0.0,1.0,0.0,1.0,0.0,1.0,0.0,1.0,0.0,1.0,0.0,1.0,0.0,1.0,0.0,1.0,0.0,1.0,0.0,1.0,0.0,1.0,0.0,1.0,0.0,1.0,0.0,1.0,0.0,1.0,0.0,1.0,0.0
43441,43,熊本県,御船町,3,18.83985276273079,13155.72261230537,5.278122006892729,0.9570326061546803,0.76279880464077,3120.5531294532857,0.995,65.77861306152691,0.7688942748308182,3040.3628144414356,0.995,65.77861306152691,0.7735635042190552,2978.935727796565,0.995,65.77861306152691,0.9719230815768242,369.37215058362756,0.995,65.77861306152691,0.9743666911125184,337.22470135925147,0.995,65.77861306152691,0.976223831474781,312.79267790120565,0.995,65.77861306152691,0.9751583287119866,326.8101366911764,0.995,65.77861306152691,0.9780891621112825,288.25290546715956,1.0,0.0,0.975672413110733,320.04698494195287,1.0,0.0,0.9718563199043274,370.25044862812837,1.0,0.0,0.9667379164695739,437.5867444336158,1.0,0.0,0.9607182577252388,516.7797050948279,1.0,0.0,1.0,0.0,1.0,0.0,1.0,0.0,1.0,0.0,1.0,0.0,1.0,0.0,1.0,0.0,1.0,0.0
43442,43,熊本県,嘉島町,1,0.0,0.0,5.639209133806467,0.0,1.0,0.0,1.0,0.0,1.0,0.0,1.0,0.0,1.0,0.0,1.0,0.0,1.0,0.0,1.0,0.0,1.0,0.0,1.0,0.0,1.0,0.0,1.0,0.0,1.0,0.0,1.0,0.0,1.0,0.0,1.0,0.0,1.0,0.0,1.0,0.0,1.0,0.0,1.0,0.0,1.0,0.0,1.0,0.0,1.0,0.0,1.0,0.0,1.0,0.0,1.0,0.0,1.0,0.0,1.0,0.0,1.0,0.0,1.0,0.0,1.0,0.0,1.0,0.0
43443,43,熊本県,益城町,6,60.28752884073853,42098.31235937719,5.242576938491111,0.9351313146576283,0.7669232055544853,9812.139696289627,1.0,0.0,0.7731086647510529,9551.742302946343,1.0,0.0,0.7777825546264647,9354.979427037919,1.0,0.0,0.9769230815768241,971.4993200707221,1.0,0.0,0.9793666911125181,868.6274825527186,1.0,0.0,0.981223831474781,790.4450074869766,1.0,0.0,0.9801583287119865,835.3008756148785,1.0,0.0,0.9780891621112824,922.4092974949106,1.0,0.0,0.975672413110733,1024.1503518142492,1.0,0.0,0.9718563199043273,1184.8014356100107,1.0,0.0,0.9667379164695739,1400.2775821875707,1.0,0.0,0.9607182577252388,1653.6950563034495,1.0,0.0,1.0,0.0,1.0,0.0,1.0,0.0,1.0,0.0,1.0,0.0,1.0,0.0,1.0,0.0,1.0,0.0
43444,43,熊本県,甲佐町,1,0.0,0.0,5.129725981798234,0.0,1.0,0.0,0.995,0.0,1.0,0.0,0.995,0.0,1.0,0.0,0.995,0.0,1.0,0.0,0.995,0.0,1.0,0.0,0.995,0.0,1.0,0.0,0.995,0.0,1.0,0.0,0.995,0.0,1.0,0.0,0.995,0.0,1.0,0.0,0.995,0.0,1.0,0.0,0.995,0.0,1.0,0.0,0.995,0.0,1.0,0.0,0.995,0.0,1.0,0.0,1.0,0.0,1.0,0.0,1.0,0.0,1.0,0.0,1.0,0.0,1.0,0.0,1.0,0.0
43447,43,熊本県,山都町,8,18.83985276273079,13155.72261230537,5.154379757632468,1.061982448473573,0.7628024446964264,3120.5052418907762,0.995,65.77861306152691,0.7689875996112824,3039.135059516794,0.995,65.77861306152691,0.773633828163147,2978.0105654950903,0.995,65.77861306152691,0.9719230815768242,369.37215058362756,0.995,65.77861306152691,0.9743666911125184,337.22470135925147,0.995,65.77861306152691,0.976223831474781,312.79267790120565,0.995,65.77861306152691,0.9751583287119866,326.8101366911764,0.995,65.77861306152691,0.9730891621112823,354.0315185286865,0.995,65.77861306152691,0.970672413110733,385.8255980034798,0.995,65.77861306152691,0.9668563199043274,436.0290616896553,0.995,65.77861306152691,0.961737916469574,503.3653574951427,0.995,65.77861306152691,0.9557182577252388,582.5583181563549,0.995,65.77861306152691,1.0,0.0,1.0,0.0,1.0,0.0,1.0,0.0,1.0,0.0,1.0,0.0,1.0,0.0,1.0,0.0
43468,43,熊本県,氷川町,2,26.375793867823106,18418.01165722752,5.274831052766101,0.9768014144411428,0.7629954158724286,4365.153193277971,1.0,0.0,0.7691653215349652,4251.515798861377,1.0,0.0,0.7738312604487874,4165.578481554689,1.0,0.0,0.9719280422281008,517.0296454840379,1.0,0.0,0.9743716517637949,472.0232165699115,1.0,0.0,0.9762287921260576,437.81838372864934,1.0,0.0,0.9751632893632631,457.44282603460636,1.0,0.0,0.9730941227625589,495.5527606071205,1.0,0.0,0.9706773737620098,540.0644718718311,1.0,0.0,0.9718563199043274,518.3506280793797,1.0,0.0,0.9667379164695739,612.6214422070622,1.0,0.0,0.9607182577252389,723.4915871327592,1.0,0.0,1.0,0.0,1.0,0.0,1.0,0.0,1.0,0.0,1.0,0.0,1.0,0.0,1.0,0.0,1.0,0.0
43482,43,熊本県,芦北町,4,37.67970552546158,26311.44522461074,5.132654570754626,0.9643066200986504,0.7649773469567299,6183.785662090695,0.9974999999999999,65.77861306152691,0.7711609172821046,6021.086990182073,0.9974999999999999,65.77861306152691,0.7758335173130035,5898.144130412559,0.9974999999999999,65.77861306152691,0.9744875463843345,671.2695258540039,0.9974999999999999,65.77861306152691,0.976899811923504,607.799333252935,0.9974999999999999,65.77861306152691,0.9787600110471248,558.8548059049118,0.9974999999999999,65.77861306152691,0.9776975490152834,586.8097174589327,0.9974999999999999,65.77861306152691,0.9756270715594293,641.2869716274363,0.9974999999999999,65.77861306152691,0.9731724131107331,705.8725829454327,0.9974999999999999,65.77861306152691,0.9694126111268998,804.7984068984453,0.9974999999999999,65.77861306152691,0.9667379164695739,875.1734888672316,1.0,0.0,0.9607182577252388,1033.5594101896559,1.0,0.0,1.0,0.0,1.0,0.0,1.0,0.0,1.0,0.0,1.0,0.0,1.0,0.0,1.0,0.0,1.0,0.0
43484,43,熊本県,津奈木町,2,18.83985276273079,13155.72261230537,5.132707938106073,0.9351313146576284,0.7669232055544853,3066.293655090508,1.0,0.0,0.7731086647510529,2984.919469670732,1.0,0.0,0.7777825546264648,2923.4310709493498,1.0,0.0,0.9769230815768241,303.59353752210063,1.0,0.0,0.9793666911125183,271.44608829772454,1.0,0.0,0.981223831474781,247.01406483968017,1.0,0.0,0.9801583287119865,261.0315236296495,1.0,0.0,0.9780891621112825,288.25290546715956,1.0,0.0,0.975672413110733,320.04698494195287,1.0,0.0,0.9718563199043274,370.25044862812837,1.0,0.0,0.9667379164695739,437.5867444336158,1.0,0.0,0.9607182577252388,516.7797050948279,1.0,0.0,1.0,0.0,1.0,0.0,1.0,0.0,1.0,0.0,1.0,0.0,1.0,0.0,1.0,0.0,1.0,0.0
43501,43,熊本県,錦町,3,37.67970552546158,26311.44522461074,5.2652056101443,0.9351313146576284,0.7669232055544853,6132.587310181016,1.0,0.0,0.7731086647510529,5969.838939341464,1.0,0.0,0.7777825546264648,5846.8621418986995,1.0,0.0,0.9769230815768241,607.1870750442013,1.0,0.0,0.9793666911125183,542.8921765954491,1.0,0.0,0.981223831474781,494.02812967936035,1.0,0.0,0.9801583287119865,522.063047259299,1.0,0.0,0.9780891621112825,576.5058109343191,1.0,0.0,0.975672413110733,640.0939698839057,1.0,0.0,0.9718563199043274,740.5008972562567,1.0,0.0,0.9667379164695739,875.1734888672316,1.0,0.0,0.9607182577252388,1033.5594101896559,1.0,0.0,1.0,0.0,1.0,0.0,1.0,0.0,1.0,0.0,1.0,0.0,1.0,0.0,1.0,0.0,1.0,0.0
43505,43,熊本県,多良木町,2,18.83985276273079,13155.72261230537,5.5009398471562,0.9632002246007322,0.7642098122835159,3101.9903043014774,0.995,65.77861306152691,0.7705495670437813,3018.5862492453834,0.995,65.77861306152691,0.7749780443310738,2960.3264304588693,0.995,65.77861306152691,0.9719230815768242,369.37215058362756,0.995,65.77861306152691,0.9743666911125184,337.22470135925147,0.995,65.77861306152691,0.976223831474781,312.79267790120565,0.995,65.77861306152691,0.9753700587153433,324.02467549830993,0.995,65.77861306152691,0.9730891621112823,354.0315185286865,0.995,65.77861306152691,0.975672413110733,320.04698494195287,1.0,0.0,0.9718563199043274,370.25044862812837,1.0,0.0,0.9667379164695739,437.5867444336158,1.0,0.0,0.9607182577252388,516.7797050948279,1.0,0.0,1.0,0.0,1.0,0.0,1.0,0.0,1.0,0.0,1.0,0.0,1.0,0.0,1.0,0.0,1.0,0.0
43506,43,熊本県,湯前町,1,0.0,0.0,5.2034478499320835,0.0,1.0,0.0,0.995,0.0,1.0,0.0,0.995,0.0,1.0,0.0,0.995,0.0,1.0,0.0,0.995,0.0,1.0,0.0,1.0,0.0,1.0,0.0,1.0,0.0,1.0,0.0,1.0,0.0,1.0,0.0,1.0,0.0,1.0,0.0,1.0,0.0,1.0,0.0,1.0,0.0,1.0,0.0,1.0,0.0,1.0,0.0,1.0,0.0,1.0,0.0,1.0,0.0,1.0,0.0,1.0,0.0,1.0,0.0,1.0,0.0,1.0,0.0,1.0,0.0
43507,43,熊本県,水上村,4,0.0,0.0,5.1196908329412105,0.0,1.0,0.0,0.995,0.0,1.0,0.0,0.995,0.0,1.0,0.0,0.995,0.0,1.0,0.0,0.995,0.0,1.0,0.0,1.0,0.0,1.0,0.0,1.0,0.0,1.0,0.0,1.0,0.0,1.0,0.0,1.0,0.0,1.0,0.0,1.0,0.0,1.0,0.0,1.0,0.0,1.0,0.0,1.0,0.0,1.0,0.0,1.0,0.0,1.0,0.0,1.0,0.0,1.0,0.0,1.0,0.0,1.0,0.0,1.0,0.0,1.0,0.0,1.0,0.0
43510,43,熊本県,相良村,1,0.0,0.0,5.225230072108241,0.0,1.0,0.0,1.0,0.0,1.0,0.0,1.0,0.0,1.0,0.0,1.0,0.0,1.0,0.0,1.0,0.0,1.0,0.0,1.0,0.0,1.0,0.0,1.0,0.0,1.0,0.0,1.0,0.0,1.0,0.0,1.0,0.0,1.0,0.0,1.0,0.0,1.0,0.0,1.0,0.0,1.0,0.0,1.0,0.0,1.0,0.0,1.0,0.0,1.0,0.0,1.0,0.0,1.0,0.0,1.0,0.0,1.0,0.0,1.0,0.0,1.0,0.0,1.0,0.0
43511,43,熊本県,五木村,8,18.83985276273079,13155.72261230537,4.796048249046687,0.9351313146576284,0.7669232055544853,3066.293655090508,1.0,0.0,0.7731086647510529,2984.919469670732,1.0,0.0,0.7777825546264648,2923.4310709493498,1.0,0.0,0.9769230815768241,303.59353752210063,1.0,0.0,0.9793666911125183,271.44608829772454,1.0,0.0,0.981223831474781,247.01406483968017,1.0,0.0,0.9801583287119865,261.0315236296495,1.0,0.0,0.9780891621112825,288.25290546715956,1.0,0.0,0.975672413110733,320.04698494195287,1.0,0.0,0.9718563199043274,370.25044862812837,1.0,0.0,0.9667379164695739,437.5867444336158,1.0,0.0,0.9607182577252388,516.7797050948279,1.0,0.0,1.0,0.0,1.0,0.0,1.0,0.0,1.0,0.0,1.0,0.0,1.0,0.0,1.0,0.0,1.0,0.0
43531,43,熊本県,苓北町,6,18.83985276273079,13155.72261230537,4.388805176367202,0.9351313146576284,0.7669232055544853,3066.293655090508,1.0,0.0,0.7731086647510529,2984.919469670732,1.0,0.0,0.7777825546264648,2923.4310709493498,1.0,0.0,0.9769230815768241,303.59353752210063,1.0,0.0,0.9793666911125183,271.44608829772454,1.0,0.0,0.981223831474781,247.01406483968017,1.0,0.0,0.9801583287119865,261.0315236296495,1.0,0.0,0.9780891621112825,288.25290546715956,1.0,0.0,0.975672413110733,320.04698494195287,1.0,0.0,0.9718563199043274,370.25044862812837,1.0,0.0,0.9667379164695739,437.5867444336158,1.0,0.0,0.9607182577252388,516.7797050948279,1.0,0.0,1.0,0.0,1.0,0.0,1.0,0.0,1.0,0.0,1.0,0.0,1.0,0.0,1.0,0.0,1.0,0.0
44201,44,大分県,大分市,66,329.08057384660253,229794.40450768452,5.7460783976667615,47.9476677354295,0.21160369245847688,181169.06000756164,0.2781666666666666,165873.26098713028,0.213271730584972,180785.7541795875,0.2781666666666666,165873.26098713028,0.21452821696109864,180497.02064101349,0.2781666666666666,165873.26098713028,0.26977163712893115,167802.39180057863,0.2781666666666666,165873.26098713028,0.27139074721992557,167430.32936138616,0.27899999999999997,165681.76565004053,0.27213687580884044,167258.87318661035,0.27922222222222226,165630.70022681658,0.27201486720605883,167286.9100808313,0.27922222222222226,165630.70022681658,0.2722813254323685,167225.67947139032,0.27977777777777774,165503.0366687568,0.27540131853955485,166508.72251325636,0.28355555555555556,164634.92447394994,0.2776700554523203,165987.37946540283,0.2855,164188.10202074057,0.2798637305498123,165483.28520269127,0.28911111111111104,163358.28889335174,0.28788211345672604,163640.70567748247,0.29911111111111105,161060.3448482749,0.3345,152928.17619986404,0.3345,152928.17619986404,0.4233333333333334,132514.77326609805,0.4233333333333334,132514.77326609805,0.5661111111111111,99705.23884472312,0.5661111111111111,99705.23884472312,0.7907777777777777,48078.09596532999,0.7907777777777777,48078.09596532999
44202,44,大分県,別府市,15,153.57093446174787,107237.38877025277,5.3859428306136845,0.9377101485785981,0.7664717955248694,25042.95485211863,0.9994047619047618,63.83177902991242,0.7726473676590693,24380.702622284734,0.9994047619047618,63.83177902991242,0.7773160465274537,23880.04569143231,0.9994047619047618,63.83177902991242,0.9763278434815861,2538.540251595427,0.9994047619047618,63.83177902991242,0.97877145301728,2276.4939458135013,0.9994047619047618,63.83177902991242,0.9806285933795427,2077.339062784606,0.9994047619047618,63.83177902991242,0.9795630906167483,2191.600796794179,0.9994047619047618,63.83177902991242,0.9780891621112822,2349.6610409543955,1.0,0.0,0.9756724131107327,2608.8268930864238,1.0,0.0,0.9718563199043272,3018.0547638452663,1.0,0.0,0.9667379164695736,3566.938982860918,1.0,0.0,0.9607182577252387,4212.471467891442,1.0,0.0,1.0,0.0,1.0,0.0,1.0,0.0,1.0,0.0,1.0,0.0,1.0,0.0,1.0,0.0,1.0,0.0
44203,44,大分県,中津市,10,91.41127051294515,63831.77902991236,5.327244285919264,0.9451291294991969,0.7654482427239419,14971.855941522983,0.9979999999999999,127.66355805982484,0.7716378901600838,14576.759734106106,0.9979999999999999,127.66355805982484,0.7763092712759971,14278.57716695062,0.9979999999999999,127.66355805982484,0.9749350354671479,1599.941277453611,0.9979999999999999,127.66355805982484,0.9773666911125182,1444.7243716214846,0.9979999999999999,127.66355805982484,0.979223831474781,1326.1797983899992,0.9979999999999999,127.66355805982484,0.9781583287119865,1394.1927353004583,0.9979999999999999,127.66355805982484,0.9771543387770653,1458.2791989746052,0.9989999999999998,63.83177902991242,0.9756724131107328,1552.8731506466809,1.0,0.0,0.9718563199043273,1796.4611689555154,1.0,0.0,0.9667379164695737,2123.177965988642,1.0,0.0,0.9607182577252388,2507.4234927925254,1.0,0.0,1.0,0.0,1.0,0.0,1.0,0.0,1.0,0.0,1.0,0.0,1.0,0.0,1.0,0.0,1.0,0.0
44204,44,大分県,日田市,36,219.38704923106837,153196.26967178966,4.984465159772741,0.9351313146576287,0.7669232055544851,35706.49545611134,1.0,0.0,0.7731086647510527,34758.90618099015,1.0,0.0,0.7777825546264647,34042.88368722028,1.0,0.0,0.9769230815768243,3535.2978179507354,1.0,0.0,0.9793666911125182,3160.945952547983,1.0,0.0,0.9812238314747807,2876.4389767924213,1.0,0.0,0.9801583287119862,3039.670025377523,1.0,0.0,0.9780891621112823,3356.6586299348505,1.0,0.0,0.9756724131107329,3726.895561552034,1.0,0.0,0.9718563199043273,4311.506805493237,1.0,0.0,0.9667379164695736,5095.627118372741,1.0,0.0,0.9607182577252387,6017.816382702062,1.0,0.0,1.0,0.0,1.0,0.0,1.0,0.0,1.0,0.0,1.0,0.0,1.0,0.0,1.0,0.0,1.0,0.0
44205,44,大分県,佐伯市,6,21.938704923106833,15319.626967178965,5.450536991991975,1.267265600887234,0.7299104589460572,4137.671016682971,0.97,459.58880901536884,0.735847153289942,4046.7230739164957,0.97,459.58880901536884,0.7405179023979387,3975.1689399247025,0.97,459.58880901536884,0.929447727916025,1080.834490013412,0.97,459.58880901536884,0.9321079390936454,1040.0810471183477,0.97,459.58880901536884,0.9389723670178015,934.9205719771885,0.9750000000000001,382.99067417947384,0.9412192373878011,900.4993560651856,0.98,306.39253934357953,0.9472250370588154,808.4927454656431,0.9883333333333334,178.72898128375476,0.9464258493389934,820.7360032100651,0.9900000000000001,153.1962696717898,0.968522986570994,482.2161037732536,0.9966666666666667,51.065423223929926,0.965086464881897,534.8623341148409,0.9983333333333333,25.532711611964963,0.9607182577252388,601.781638270206,1.0,0.0,1.0,0.0,1.0,0.0,1.0,0.0,1.0,0.0,1.0,0.0,1.0,0.0,1.0,0.0,1.0,0.0
44206,44,大分県,臼杵市,6,23.76693033336574,16596.262547777213,5.521191919158966,1.1109004900203299,0.7492459401259055,4161.580212591519,0.9776923076923076,370.224318373492,0.7552679080000291,4061.638052698285,0.9776923076923076,370.224318373492,0.7599239853253731,3984.364570964122,0.9776923076923076,370.224318373492,0.9550319266090026,746.301952264706,0.9776923076923076,370.224318373492,0.9576035240751047,703.6230455500792,0.9776923076923076,370.224318373492,0.9593959945669541,673.874734658202,0.9776923076923076,370.224318373492,0.9584674288676335,689.2854547969868,0.9776923076923076,370.224318373492,0.957819119141652,700.0449732216535,0.9792307692307691,344.691606761527,0.9603997549414633,657.2160639477893,0.9842307692307692,261.7102940226409,0.9683947814427888,524.5285050553551,0.9965384615384615,57.44860112692117,0.9667379164695739,552.0262711570468,1.0,0.0,0.9607182577252387,651.9301081260564,1.0,0.0,1.0,0.0,1.0,0.0,1.0,0.0,1.0,0.0,1.0,0.0,1.0,0.0,1.0,0.0,1.0,0.0
44207,44,大分県,津久見市,8,7.312901641035611,5106.542322392988,5.441962386196585,63.714039627201856,0.012406401634216309,5043.188507379257,0.015,5029.944187557094,0.012711020410060883,5041.632958708211,0.015,5029.944187557094,0.01265272706747055,5041.930636129263,0.015,5029.944187557094,0.015,5029.944187557094,0.015,5029.944187557094,0.015,5029.944187557094,0.015,5029.944187557094,0.015,5029.944187557094,0.015,5029.944187557094,0.015,5029.944187557094,0.015,5029.944187557094,0.015,5029.944187557094,0.015,5029.944187557094,0.014820417761802674,5030.861231856798,0.015,5029.944187557094,0.024324614703655243,4982.327647932871,0.025,4978.878764333163,0.02406523287296295,4983.65219222896,0.025,4978.878764333163,0.029148883521556854,4957.692315039654,0.03,4953.346052721198,0.105,4570.355378541724,0.105,4570.355378541724,0.24,3880.972165018671,0.24,3880.972165018671,0.44,2859.663700540074,0.44,2859.663700540074,0.73,1378.7664270461069,0.73,1378.7664270461069
44208,44,大分県,竹田市,3,18.28225410258903,12766.355805982472,5.44497398840504,0.9404280579462645,0.7666821095347405,2978.6192055807483,1.0,0.0,0.7728630185127259,2899.711522363395,1.0,0.0,0.7775179129838944,2840.2854833051574,1.0,0.0,0.976241514980793,303.30927316630044,1.0,0.0,0.9785449990630151,273.9021757792384,1.0,0.0,0.9804021394252778,250.19326113294022,1.0,0.0,0.9793366366624833,263.7958485150334,1.0,0.0,0.9772674700617792,290.21156556147736,1.0,0.0,0.9748507210612297,321.0646431962427,1.0,0.0,0.9718563199043274,359.29223379110306,1.0,0.0,0.9669482919573784,421.94986486755965,1.0,0.0,0.9607182577252388,501.48469855850504,1.0,0.0,1.0,0.0,1.0,0.0,1.0,0.0,1.0,0.0,1.0,0.0,1.0,0.0,1.0,0.0,1.0,0.0
44209,44,大分県,豊後高田市,2,18.28225410258903,12766.355805982472,5.09785265223395,0.9731884285435082,0.7633626726269722,3020.996318220828,0.995,63.83177902991242,0.7695438548922539,2942.085146120614,0.995,63.83177902991242,0.7742331749200821,2882.2196181572385,0.995,63.83177902991242,0.9723625057935715,352.8300846250464,0.995,63.83177902991242,0.9748071786761284,321.6205207770869,0.995,63.83177902991242,0.9764564317464829,300.56556926683277,0.995,63.83177902991242,0.9756919944286346,310.3246480578545,0.995,63.83177902991242,0.9735713538527487,337.39750018621606,0.995,63.83177902991242,0.9711126384139059,368.78633630414555,0.995,63.83177902991242,0.9718563199043274,359.29223379110306,1.0,0.0,0.966737916469574,424.6355931977284,1.0,0.0,0.9607182577252388,501.48469855850504,1.0,0.0,1.0,0.0,1.0,0.0,1.0,0.0,1.0,0.0,1.0,0.0,1.0,0.0,1.0,0.0,1.0,0.0
44210,44,大分県,杵築市,6,36.56450820517806,25532.711611964944,5.363720983298546,1.025741166820699,0.7612108384921158,6096.934796843729,0.9950000000000001,127.66355805982484,0.7673839802398288,5939.317748859588,0.9950000000000001,127.66355805982484,0.7720503475620353,5820.172737746194,0.9950000000000001,127.66355805982484,0.969706546048692,773.4740234690885,0.9950000000000001,127.66355805982484,0.9721429966195138,711.2648336874893,0.9950000000000001,127.66355805982484,0.9739569093091996,664.9507240924571,0.9950000000000001,127.66355805982484,0.9727879278166802,694.7979914206786,0.9950000000000001,127.66355805982484,0.9707784032626661,746.1066023354858,0.9950000000000001,127.66355805982484,0.9683926214082748,807.0220823927125,0.9950000000000001,127.66355805982484,0.9669957813620567,842.6871964608442,0.9950000000000001,127.66355805982484,0.9643989826738835,908.9905084803022,0.9974999999999998,63.83177902991242,0.9607182577252388,1002.9693971170101,1.0,0.0,1.0,0.0,1.0,0.0,1.0,0.0,1.0,0.0,1.0,0.0,1.0,0.0,1.0,0.0,1.0,0.0
44211,44,大分県,宇佐市,11,73.12901641035612,51065.42322392989,5.400272630513397,0.9541598716005684,0.7651429390907288,11993.075212460213,0.9974999999999998,127.66355805982484,0.7713262598216534,11677.321322406251,0.9974999999999998,127.66355805982484,0.7760078647732734,11438.253184184523,0.9974999999999998,127.66355805982484,0.9746427936851979,1294.876472241882,0.9974999999999998,127.66355805982484,0.9770869348943234,1170.0653669788378,0.9974999999999998,127.66355805982484,0.978840131610632,1080.5376346657358,0.9974999999999998,127.66355805982484,0.9779251615703107,1127.260967011963,0.9974999999999998,127.66355805982484,0.9758302579820156,1234.2381053615738,0.9974999999999998,127.66355805982484,0.9733925257623195,1358.7219328669635,0.9974999999999998,127.66355805982484,0.9718563199043274,1437.1689351644122,1.0,0.0,0.966737916469574,1698.5423727909135,1.0,0.0,0.9607182577252388,2005.9387942340202,1.0,0.0,1.0,0.0,1.0,0.0,1.0,0.0,1.0,0.0,1.0,0.0,1.0,0.0,1.0,0.0,1.0,0.0
44212,44,大分県,豊後大野市,4,73.12901641035612,51065.42322392989,5.490750107499568,0.9476317278016355,0.7656713958829642,11966.089342709156,0.9987500000000001,63.83177902991242,0.7718301901221275,11651.587908337175,0.9987500000000001,63.83177902991242,0.7764477097988128,11415.792311802414,0.9987500000000001,63.83177902991242,0.9747510305047035,1289.3493132454087,0.9987500000000001,63.83177902991242,0.9770810552686454,1170.3656125524883,0.9987500000000001,63.83177902991242,0.9789874963462354,1073.0123920738674,0.9987500000000001,63.83177902991242,0.9781224016100168,1117.1888209076596,0.9987500000000001,63.83177902991242,0.9763132011890412,1209.5764061016923,0.9987500000000001,63.83177902991242,0.9750561440736055,1273.7685597180644,1.0,0.0,0.9718563199043274,1437.1689351644122,1.0,0.0,0.9668956980854273,1690.4851878004074,1.0,0.0,0.9607182577252388,2005.9387942340202,1.0,0.0,1.0,0.0,1.0,0.0,1.0,0.0,1.0,0.0,1.0,0.0,1.0,0.0,1.0,0.0,1.0,0.0
44213,44,大分県,由布市,10,135.28868035915883,94471.0329642703,5.38276169479989,0.9559829520474414,0.7636964288434465,22323.842460305532,0.9956756756756755,408.5233857914395,0.7698594843616356,21741.612239286078,0.9956756756756755,408.5233857914395,0.774515556741405,21301.748272012846,0.9956756756756755,408.5233857914395,0.9728058586652213,2569.0586224728922,0.9956756756756755,408.5233857914395,0.9751884607124971,2343.9717459239573,0.9956756756756755,408.5233857914395,0.9770509188964558,2168.023397432617,0.9956756756756755,408.5233857914395,0.9759961526619421,2267.6682531429783,0.9956756756756755,408.5233857914395,0.9762160722548895,2246.892222028134,0.9979729729729729,191.49533708973723,0.9756724131107328,2298.2522629570876,1.0,0.0,0.9718563199043272,2658.7625300541627,1.0,0.0,0.9667379164695739,3142.3033896631896,1.0,0.0,0.9607182577252387,3710.986769332937,1.0,0.0,1.0,0.0,1.0,0.0,1.0,0.0,1.0,0.0,1.0,0.0,1.0,0.0,1.0,0.0,1.0,0.0
44214,44,大分県,国東市,4,36.56450820517806,25532.711611964944,5.420735280209177,1.1371013231648983,0.7536663061587023,6289.567165159919,0.9875000000000002,319.15889514956206,0.7598269140927005,6132.270139426761,0.9875000000000002,319.15889514956206,0.7644829721955466,6013.388350638237,0.9875000000000002,319.15889514956206,0.9599900105205597,1021.5635229763002,0.9875000000000002,319.15889514956206,0.9624193021265091,959.537120980227,0.9875000000000002,319.15889514956206,0.9641899871436179,914.3267310827564,0.9875000000000002,319.15889514956206,0.962917526921374,946.8160909750156,0.9875000000000002,319.15889514956206,0.9609676444140496,996.6018787117423,0.9875000000000002,319.15889514956206,0.9586128297058166,1056.726683556665,0.9875000000000002,319.15889514956206,0.962135242819786,966.7899253394825,0.9900000000000001,255.32711611964967,0.9620600488781929,968.7098305651477,0.995,127.66355805982484,0.9607182577252388,1002.9693971170101,1.0,0.0,1.0,0.0,1.0,0.0,1.0,0.0,1.0,0.0,1.0,0.0,1.0,0.0,1.0,0.0,1.0,0.0
44341,44,大分県,日出町,8,62.1596639488027,43405.609740340406,5.47639144988935,0.9938103494341296,0.7601326478963635,10411.588674859262,0.9941176470588234,255.32711611964965,0.7662751014651867,10144.971732402762,0.9941176470588234,255.32711611964965,0.7708863719279522,9944.81672628881,0.9941176470588234,255.32711611964965,0.9696556453147614,1317.1152172899292,0.9941176470588234,255.32711611964965,0.9720766476852312,1212.0301332168829,0.9941176470588234,255.32711611964965,0.9739305199598823,1131.561676754936,0.9941176470588234,255.32711611964965,0.9743043152374379,1115.3368648145783,0.9941176470588234,255.32711611964965,0.9737087845101076,1141.1862391534603,0.9955882352941176,191.49533708973726,0.9712993527685893,1245.7690930217864,0.9955882352941176,191.49533708973726,0.9689578647999201,1347.402806001544,0.9970588235294117,127.66355805982484,0.9667379164695739,1443.7610168722765,1.0,0.0,0.9607182577252387,1705.047975098917,1.0,0.0,1.0,0.0,1.0,0.0,1.0,0.0,1.0,0.0,1.0,0.0,1.0,0.0,1.0,0.0,1.0,0.0
44461,44,大分県,九重町,7,36.56450820517806,25532.711611964944,5.132980997555566,0.9530894044972954,0.7666764187812806,5957.383711528445,0.9974999999999998,63.83177902991242,0.7727262975275516,5802.913902212549,0.9974999999999998,63.83177902991242,0.777397271245718,5683.651277319539,0.9974999999999998,63.83177902991242,0.9749060738086699,640.7159806551613,0.9974999999999998,63.83177902991242,0.9773946969211101,577.174684414358,0.9974999999999998,63.83177902991242,0.9788688012957574,539.5368025305557,0.9974999999999998,63.83177902991242,0.9777495813369751,568.1135229684961,0.9974999999999998,63.83177902991242,0.9758975890278818,615.3999085041573,0.9974999999999998,63.83177902991242,0.973172413110733,684.9810392885847,0.9974999999999998,63.83177902991242,0.9718657310307026,718.3441760065243,1.0,0.0,0.9667498764395713,848.9658159306248,1.0,0.0,0.9607182577252388,1002.9693971170101,1.0,0.0,1.0,0.0,1.0,0.0,1.0,0.0,1.0,0.0,1.0,0.0,1.0,0.0,1.0,0.0,1.0,0.0
44462,44,大分県,玖珠町,4,18.28225410258903,12766.355805982472,5.139895084543828,0.9351313146576286,0.7669232055544853,2975.541288009279,1.0,0.0,0.7731086647510529,2896.5755150825116,1.0,0.0,0.7777825546264648,2836.9069739350234,1.0,0.0,0.9769230815768243,294.6081514958946,1.0,0.0,0.9793666911125183,263.41216271233196,1.0,0.0,0.981223831474781,239.70324806603514,1.0,0.0,0.9801583287119865,253.30583544812694,1.0,0.0,0.9780891621112824,279.72155249457086,1.0,0.0,0.9756724131107329,310.5746301293362,1.0,0.0,0.9718563199043274,359.29223379110306,1.0,0.0,0.966737916469574,424.6355931977284,1.0,0.0,0.9607182577252388,501.48469855850504,1.0,0.0,1.0,0.0,1.0,0.0,1.0,0.0,1.0,0.0,1.0,0.0,1.0,0.0,1.0,0.0,1.0,0.0
45201,45,宮崎県,宮崎市,34,306.77898320591436,214221.37726712803,5.9336862017992065,3.355117346019039,0.7033210226595039,63554.97913208409,0.9185119047619047,17456.491992779658,0.7090822380660184,62320.80363296799,0.9185119047619047,17456.491992779658,0.7134502058887403,61385.09155012597,0.9185119047619047,17456.491992779658,0.8979113273039858,21869.576068313185,0.92,17137.710181370243,0.9026226750655942,20860.30466203705,0.9223809523809522,16627.65928311518,0.9093320076425635,19423.022196855432,0.9271428571428572,15607.557486605043,0.9138182608438156,18461.970857314183,0.9326190476190476,14434.440420618392,0.916132942900322,17966.116479233853,0.9369047619047619,13516.348803759272,0.9241002546402437,16259.347985191296,0.9472619047619046,11297.62739634973,0.9284413382198129,15329.395081944265,0.9551190476190474,9614.45943210801,0.9279616547695227,15432.153531317665,0.959702380952381,8632.611452967005,0.9287033937694059,15273.257181189922,0.9666666666666668,7140.712575570933,0.9687499999999999,6694.418039597751,0.9687499999999999,6694.418039597751,0.9744047619047618,5483.047156241968,0.9744047619047618,5483.047156241968,0.9827380952380953,3697.8690123492343,0.9827380952380953,3697.8690123492343,0.9928571428571428,1530.1526947652,0.9928571428571428,1530.1526947652
45202,45,宮崎県,都城市,25,191.73686450369647,133888.36079195503,5.494957750713114,0.8995047013061342,0.7828285219378414,29076.733208508427,0.9985714285714283,191.2690868456502,0.7882496564267648,28350.906398153766,0.9985714285714283,191.2690868456502,0.7924195992911145,27792.599583449846,0.9985714285714283,191.2690868456502,0.9705913124583839,3937.4809679897708,0.9985714285714283,191.2690868456502,0.9737456811241628,3515.147717995124,0.9985714285714283,191.2690868456502,0.9753414408281624,3301.4940670087744,0.9985714285714283,191.2690868456502,0.9746151011672225,3398.74249359018,0.9988095238095237,159.3909057047085,0.9732824691052415,3577.1664159076186,0.9992857142857142,95.6345434228251,0.9743270668445065,3437.306936910443,0.9995238095238094,63.7563622818834,0.9745366703896295,3409.243461837748,1.0,0.0,0.9699057339486622,4029.2719508506043,1.0,0.0,0.9644593760371206,4758.475883913172,1.0,0.0,1.0,0.0,1.0,0.0,1.0,0.0,1.0,0.0,1.0,0.0,1.0,0.0,1.0,0.0,1.0,0.0
45203,45,宮崎県,延岡市,21,54.78196128677041,38253.81736913,5.554698873203664,19.837432333764934,0.5824387758970262,15973.31080726553,0.6783333333333335,12304.977920403486,0.5827361242969832,15961.936095878571,0.6783333333333335,12304.977920403486,0.5836554655432702,15926.767783743202,0.6783333333333335,12304.977920403486,0.6623908224701882,12914.839819367611,0.6733333333333333,12496.247007249134,0.6727444022893906,12518.775867847131,0.6816666666666666,12177.465195839719,0.6748192700743677,12439.404254535533,0.6833333333333335,12113.708833557836,0.6739894464612006,12471.148175482209,0.6833333333333335,12113.708833557836,0.6730414428313575,12507.412933203508,0.6833333333333335,12113.708833557836,0.6686451912919681,12675.586336700064,0.6799999999999999,12241.221558121602,0.661089579264323,12964.6173393176,0.675,12432.490644967253,0.6524764897425969,13294.100892865676,0.67,12623.7597318129,0.6710315486788749,12584.299057043852,0.6933333333333334,11731.170659866535,0.7316666666666667,10264.774327383218,0.7316666666666667,10264.774327383218,0.7783333333333333,8479.596183490485,0.7783333333333333,8479.596183490485,0.8433333333333333,5993.098054497033,0.8433333333333333,5993.098054497033,0.9216666666666667,2996.5490272485167,0.9216666666666667,2996.5490272485167
45204,45,宮崎県,日南市,3,54.78196128677041,38253.81736913,5.960055794305904,0.8601892372220755,0.817836249768734,6968.458832622665,0.9700000000000001,1147.6145210738998,0.821701938311259,6820.581489110975,0.9700000000000001,1147.6145210738998,0.8246467299262683,6707.931968480265,0.9700000000000001,1147.6145210738998,0.952103260755539,1832.2331156344553,0.9716666666666668,1083.8581587920164,0.9552261581023536,1712.7703708668737,0.9733333333333333,1020.1017965101344,0.9583531728386879,1593.1501202325562,0.975,956.345434228251,0.9610207143425942,1491.1064747175524,0.9783333333333332,828.8327096644842,0.9629607547322909,1416.8925239613557,0.9816666666666667,701.3199851007174,0.9684795996546746,1205.775638211943,0.9866666666666666,510.0508982550672,0.9763030790289243,906.4976870382357,0.9950000000000001,191.26908684565018,0.9747340818246205,966.5178195443478,0.9966666666666668,127.5127245637668,0.9738121718168259,1001.7843966132995,1.0,0.0,1.0,0.0,1.0,0.0,1.0,0.0,1.0,0.0,1.0,0.0,1.0,0.0,1.0,0.0,1.0,0.0
45205,45,宮崎県,小林市,5,14.608523009805447,10201.017965101337,5.243702256608235,0.9820496312528848,0.7621485495567322,2426.3269189971857,1.0,0.0,0.768148779720068,2365.1184633062535,1.0,0.0,0.772762178182602,2318.057102709774,1.0,0.0,0.9702542419731617,303.437012017335,1.0,0.0,0.9726941809058189,278.5471511315481,1.0,0.0,0.9744920127093792,260.20743660519895,1.0,0.0,0.9734260332584381,271.08151213467806,1.0,0.0,0.9713599014282227,292.1581600529733,1.0,0.0,0.9724857223033904,280.6736410799008,1.0,0.0,0.9718563199043274,287.09418626002093,1.0,0.0,0.966737916469574,339.30711165057727,1.0,0.0,0.9607182577252388,400.7137586453199,1.0,0.0,1.0,0.0,1.0,0.0,1.0,0.0,1.0,0.0,1.0,0.0,1.0,0.0,1.0,0.0,1.0,0.0
45206,45,宮崎県,日向市,16,164.34588386031126,114761.45210739001,5.6149801257687315,16.56396101984795,0.6547472936444813,39621.70192536565,0.7473333333333333,28996.393565800543,0.6538695963290003,39722.42774380101,0.7462222222222222,29123.906290364313,0.6538593570325109,39723.60282033468,0.7452222222222222,29238.667742471698,0.7357061629361576,30330.744524480484,0.7467777777777778,29060.14992808243,0.7414445003536012,29672.204589772486,0.7506666666666666,28613.855392109243,0.7407454195155038,29752.432121893005,0.7501111111111111,28677.611754391128,0.7396798734267552,29874.715738325132,0.75,28690.363026847503,0.7393109765847524,29917.05087559121,0.7505555555555554,28626.606664565617,0.7376007952888807,30113.313764472347,0.7498888888888888,28703.11429930388,0.7350106228192645,30410.565718294056,0.749111111111111,28792.373206498516,0.7330844455096456,30631.616623362246,0.7507777777777778,28601.104119652864,0.7350722597969902,30403.49216922676,0.7574444444444444,27836.027772270267,0.7562222222222222,27976.29176929041,0.7562222222222222,27976.29176929041,0.8126666666666666,21498.645361451065,0.8126666666666666,21498.645361451065,0.8652222222222221,15467.2934895849,0.8652222222222221,15467.2934895849,0.9334444444444445,7638.0122013696255,0.9334444444444445,7638.0122013696255
45207,45,宮崎県,串間市,7,73.04261504902722,51005.08982550667,5.629625911489197,0.5750302065908909,0.8742375537753104,6414.52486636574,0.9912499999999999,446.29453597318377,0.8771887634694575,6263.998150821861,0.9912499999999999,446.29453597318377,0.8794160066545008,6150.397412105478,0.9912499999999999,446.29453597318377,0.9765863461047409,1194.2155200710058,0.9912499999999999,446.29453597318377,0.9777988417446611,1132.3720710438376,0.9912499999999999,446.29453597318377,0.9786688771098854,1087.9958390892252,0.9912499999999999,446.29453597318377,0.9781461709737777,1114.6565125137288,0.9912499999999999,446.29453597318377,0.9771273520588875,1166.6214627836341,0.9912499999999999,446.29453597318377,0.9778120422363281,1131.698778780631,0.9912499999999999,446.29453597318377,0.982267091870308,904.4685720224007,0.9962500000000001,191.26908684565018,0.983368958234787,848.267779126443,1.0,0.0,0.9803591288626194,1001.7843966132995,1.0,0.0,1.0,0.0,1.0,0.0,1.0,0.0,1.0,0.0,1.0,0.0,1.0,0.0,1.0,0.0,1.0,0.0
45208,45,宮崎県,西都市,12,14.608523009805447,10201.017965101337,5.394463572453667,0.9929246672242878,0.7778987574577332,2265.658765244993,0.985,153.0152694765202,0.7835136613249779,2208.381030022913,0.985,153.0152694765202,0.7875886964797973,2166.81152320018,0.985,153.0152694765202,0.9641105079650879,366.10935300649965,0.985,153.0152694765202,0.9660316777229309,346.51146579273427,0.985,153.0152694765202,0.9678458833694457,328.0047214002474,0.985,153.0152694765202,0.9668180188536644,338.4899857914237,0.985,153.0152694765202,0.96942770332098,311.86854765709046,0.9900000000000001,102.01017965101346,0.9723424246907234,282.1354226010737,0.995,51.00508982550673,0.9723850533366203,281.7005670184517,1.0,0.0,0.9670183342695237,336.44656463555623,1.0,0.0,0.960986151099205,397.9809735247584,1.0,0.0,1.0,0.0,1.0,0.0,1.0,0.0,1.0,0.0,1.0,0.0,1.0,0.0,1.0,0.0,1.0,0.0
45209,45,宮崎県,えびの市,13,18.260653762256805,12751.272456376668,5.138931249719811,0.9351313146576284,0.7669232055544853,2972.0257092336574,1.0,0.0,0.7731086647510529,2893.153233750424,1.0,0.0,0.7777825546264648,2833.555190517946,1.0,0.0,0.9769230815768243,294.2600742674932,1.0,0.0,0.9793666911125183,263.1009433008575,1.0,0.0,0.9812238314747809,239.42004055191177,1.0,0.0,0.9801583287119866,253.0065565833264,1.0,0.0,0.9780891621112825,279.39106366653925,1.0,0.0,0.9756724131107329,310.2076886312198,1.0,0.0,0.9718563199043274,358.8677328250261,1.0,0.0,0.9667379164695741,424.1338895632215,1.0,0.0,0.9607182577252387,500.89219830664973,1.0,0.0,1.0,0.0,1.0,0.0,1.0,0.0,1.0,0.0,1.0,0.0,1.0,0.0,1.0,0.0,1.0,0.0
45361,45,宮崎県,高原町,1,14.608523009805447,10201.017965101337,5.703306219774903,0.9820496312528848,0.7621485495567322,2426.3269189971857,1.0,0.0,0.768148779720068,2365.1184633062535,1.0,0.0,0.772762178182602,2318.057102709774,1.0,0.0,0.9702542419731617,303.437012017335,1.0,0.0,0.9726941809058189,278.5471511315481,1.0,0.0,0.9744920127093792,260.20743660519895,1.0,0.0,0.9734260332584381,271.08151213467806,1.0,0.0,0.9713599014282227,292.1581600529733,1.0,0.0,0.9724857223033904,280.6736410799008,1.0,0.0,0.9718563199043274,287.09418626002093,1.0,0.0,0.966737916469574,339.30711165057727,1.0,0.0,0.9607182577252388,400.7137586453199,1.0,0.0,1.0,0.0,1.0,0.0,1.0,0.0,1.0,0.0,1.0,0.0,1.0,0.0,1.0,0.0,1.0,0.0
45382,45,宮崎県,国富町,1,18.260653762256805,12751.272456376668,5.843784268768428,0.9762066568434238,0.7638279876112938,3011.493676539159,0.995,63.7563622818834,0.7701852437853813,2930.4305709883856,0.995,63.7563622818834,0.7745623287558555,2874.617167965158,0.995,63.7563622818834,0.9719230815768243,358.01643654937664,0.995,63.7563622818834,0.9743666911125183,326.85730558274093,0.995,63.7563622818834,0.9762238314747811,303.17640283379376,0.995,63.7563622818834,0.9751583287119866,316.76291886520977,0.995,63.7563622818834,0.9730891621112825,343.1474259484226,0.995,63.7563622818834,0.9706724131107329,373.9640509131032,0.995,63.7563622818834,0.9718563199043274,358.8677328250261,1.0,0.0,0.9667379164695741,424.1338895632215,1.0,0.0,0.9607182577252387,500.89219830664973,1.0,0.0,1.0,0.0,1.0,0.0,1.0,0.0,1.0,0.0,1.0,0.0,1.0,0.0,1.0,0.0,1.0,0.0
45383,45,宮崎県,綾町,1,0.0,0.0,5.686429488752118,0.0,1.0,0.0,0.99,0.0,1.0,0.0,0.99,0.0,1.0,0.0,0.99,0.0,1.0,0.0,0.99,0.0,1.0,0.0,0.995,0.0,1.0,0.0,0.995,0.0,1.0,0.0,0.995,0.0,1.0,0.0,0.995,0.0,1.0,0.0,0.995,0.0,1.0,0.0,0.995,0.0,1.0,0.0,1.0,0.0,1.0,0.0,1.0,0.0,1.0,0.0,1.0,0.0,1.0,0.0,1.0,0.0,1.0,0.0,1.0,0.0,1.0,0.0,1.0,0.0
45401,45,宮崎県,高鍋町,4,51.129830534319055,35703.562877854674,6.1691509741711705,22.081521002777983,0.4685647935739586,18974.13030813785,0.6092857142857142,13949.892067276076,0.47242380619049085,18836.349808537056,0.6092857142857142,13949.892067276076,0.4753973071277141,18730.18523085754,0.6092857142857142,13949.892067276076,0.5949722928660257,14460.932208931159,0.6092857142857142,13949.892067276076,0.5964996815792152,14406.398989970872,0.6092857142857142,13949.892067276076,0.5978948573129518,14356.586245435752,0.6092857142857142,13949.892067276076,0.597254845074245,14379.436962643016,0.6092857142857142,13949.892067276076,0.5960154298160758,14423.688503244832,0.6092857142857142,13949.892067276076,0.5978792495386942,14357.143498585343,0.6125,13835.130615168686,0.6171679657910552,13668.467605036072,0.635,13031.800450416955,0.6221125334927015,13491.928921196537,0.6435714285714287,12725.769911463914,0.6333536140620708,13090.582294273025,0.6589285714285715,12177.465195839717,0.6910714285714287,11029.850674765818,0.6910714285714287,11029.850674765818,0.7553571428571431,8734.621632618018,0.7553571428571431,8734.621632618018,0.8410714285714287,5674.316243087616,0.8410714285714287,5674.316243087616,0.9160714285714288,2996.5490272485167,0.9160714285714288,2996.5490272485167
45402,45,宮崎県,新富町,1,0.0,0.0,5.8180998174642715,0.0,1.0,0.0,1.0,0.0,1.0,0.0,1.0,0.0,1.0,0.0,1.0,0.0,1.0,0.0,1.0,0.0,1.0,0.0,1.0,0.0,1.0,0.0,1.0,0.0,1.0,0.0,1.0,0.0,1.0,0.0,1.0,0.0,1.0,0.0,1.0,0.0,1.0,0.0,1.0,0.0,1.0,0.0,1.0,0.0,1.0,0.0,1.0,0.0,1.0,0.0,1.0,0.0,1.0,0.0,1.0,0.0,1.0,0.0,1.0,0.0,1.0,0.0,1.0,0.0
45404,45,宮崎県,木城町,7,27.39098064338521,19126.908684565,5.504292862190283,1.097304148375988,0.7441813904047013,4893.019185541664,0.97,573.8072605369506,0.7501788723468782,4778.30589609632,0.97,573.8072605369506,0.7546779412031174,4692.252616917461,0.97,573.8072605369506,0.9475821501016617,1002.5914284467518,0.97,573.8072605369506,0.9499120193719865,958.0282316662763,0.97,573.8072605369506,0.956723867058754,827.7386429883076,0.9749999999999999,478.17271711412553,0.9556385055184363,848.4982540597007,0.9749999999999999,478.17271711412553,0.9683733296394348,604.9204359833693,0.99,191.2690868456502,0.9706724131107329,560.9460763696549,0.9949999999999999,95.6345434228251,0.9668907421827317,633.277750884612,0.9949999999999999,95.6345434228251,0.9667379164695741,636.2008343448323,1.0,0.0,0.9607182577252388,751.3382974599747,1.0,0.0,1.0,0.0,1.0,0.0,1.0,0.0,1.0,0.0,1.0,0.0,1.0,0.0,1.0,0.0,1.0,0.0
45405,45,宮崎県,川南町,1,0.0,0.0,5.623509148535205,0.0,1.0,0.0,0.695,0.0,1.0,0.0,0.715,0.0,1.0,0.0,0.72,0.0,1.0,0.0,0.78,0.0,1.0,0.0,0.775,0.0,1.0,0.0,0.8,0.0,1.0,0.0,0.8,0.0,1.0,0.0,0.785,0.0,1.0,0.0,0.79,0.0,1.0,0.0,0.765,0.0,1.0,0.0,0.745,0.0,1.0,0.0,0.745,0.0,1.0,0.0,0.925,0.0,1.0,0.0,0.945,0.0,1.0,0.0,0.955,0.0,1.0,0.0,0.995,0.0
45406,45,宮崎県,都農町,2,18.260653762256805,12751.272456376668,5.818944308114679,1.3493498145093326,0.7303693967254367,3438.1332849311643,0.9400000000000001,765.0763473826007,0.7358374129922595,3368.409119717007,0.9400000000000001,765.0763473826007,0.7403086879046168,3311.394675082177,0.9400000000000001,765.0763473826007,0.9193170241569169,1028.8106075664102,0.9449999999999998,701.3199851007173,0.9266056878422387,935.8708710719724,0.9499999999999998,637.563622818834,0.9379522375320084,791.1879245379032,0.9599999999999999,510.0508982550672,0.9423024467681534,735.7172213255716,0.9649999999999999,446.29453597318377,0.9406722338055259,756.504510973951,0.9649999999999999,446.29453597318377,0.9580742240999827,534.6069914461132,0.985,191.26908684565018,0.9634737713192589,465.75589371204904,0.995,63.7563622818834,0.9578698797081598,537.2126424611786,0.995,63.7563622818834,0.9568492888071343,550.2264751066546,1.0,0.0,1.0,0.0,1.0,0.0,1.0,0.0,1.0,0.0,1.0,0.0,1.0,0.0,1.0,0.0,1.0,0.0
45429,45,宮崎県,諸塚村,2,14.608523009805447,10201.017965101337,5.32562599727971,0.39238618768751576,0.9486214670538904,524.1133376038161,1.0,0.0,0.9465045180916786,545.7083719985404,1.0,0.0,0.9462451705336571,548.3539810971228,1.0,0.0,0.9912016588449478,89.75203618577774,1.0,0.0,0.9925378262996674,76.1217679758,1.0,0.0,0.991847671866417,83.16204574808144,1.0,0.0,0.9907978293299675,93.87150832292997,1.0,0.0,0.9903172382712364,98.77402634691305,1.0,0.0,0.9891561588644981,110.61821823395928,1.0,0.0,0.9888125893473625,114.1229770505213,1.0,0.0,0.985567911863327,147.22199035612675,1.0,0.0,0.9798937070369721,205.10465572743826,1.0,0.0,1.0,0.0,1.0,0.0,1.0,0.0,1.0,0.0,1.0,0.0,1.0,0.0,1.0,0.0,1.0,0.0
45430,45,宮崎県,椎葉村,4,0.0,0.0,5.242092132969485,0.0,1.0,0.0,0.9962500000000001,0.0,1.0,0.0,0.9962500000000001,0.0,1.0,0.0,0.9962500000000001,0.0,1.0,0.0,0.9962500000000001,0.0,1.0,0.0,0.9962500000000001,0.0,1.0,0.0,0.9975,0.0,1.0,0.0,0.9975,0.0,1.0,0.0,0.9975,0.0,1.0,0.0,0.9975,0.0,1.0,0.0,0.9975,0.0,1.0,0.0,0.99875,0.0,1.0,0.0,1.0,0.0,1.0,0.0,1.0,0.0,1.0,0.0,1.0,0.0,1.0,0.0,1.0,0.0,1.0,0.0,1.0,0.0
45431,45,宮崎県,美郷町,4,0.0,0.0,5.292861773582416,0.0,1.0,0.0,0.97,0.0,1.0,0.0,0.97,0.0,1.0,0.0,0.97,0.0,1.0,0.0,0.9624999999999999,0.0,1.0,0.0,0.97,0.0,1.0,0.0,0.97,0.0,1.0,0.0,0.97,0.0,1.0,0.0,0.97,0.0,1.0,0.0,0.96625,0.0,1.0,0.0,0.9587499999999999,0.0,1.0,0.0,0.95125,0.0,1.0,0.0,0.96625,0.0,1.0,0.0,0.985,0.0,1.0,0.0,0.985,0.0,1.0,0.0,0.9924999999999999,0.0,1.0,0.0,1.0,0.0
45441,45,宮崎県,高千穂町,5,32.869176772062254,22952.290421478006,5.266889453692042,1.141691743243072,0.9402881337205569,1370.5240964542363,0.9916666666666666,191.26908684565018,0.9381711847583453,1419.1129238423646,0.9916666666666666,191.26908684565018,0.9379118372003237,1425.0655443141763,0.9916666666666666,191.26908684565018,0.9856461032893922,329.45480598176664,0.9944444444444445,127.5127245637668,0.9869822707441118,298.7867025093168,0.9944444444444445,127.5127245637668,0.9835143385330837,378.3836897788334,0.9916666666666666,191.26908684565018,0.9824644959966341,402.4799805722426,0.9916666666666666,191.26908684565018,0.981983904937903,413.5106461262045,0.9916666666666666,191.26908684565018,0.9808228255311648,440.16007787205854,0.9916666666666666,191.26908684565018,0.980479256014029,448.04578520932307,0.9916666666666666,191.26908684565018,0.9772345785299937,522.5185651469353,0.9916666666666666,191.26908684565018,0.9715603737036388,652.7545622323862,0.9916666666666666,191.26908684565018,0.9861111111111109,318.781811409417,0.9861111111111109,318.781811409417,0.9888888888888888,255.0254491275336,0.9888888888888888,255.0254491275336,0.9944444444444445,127.5127245637668,0.9944444444444445,127.5127245637668,0.9944444444444445,127.5127245637668,0.9944444444444445,127.5127245637668
45442,45,宮崎県,日之影町,2,0.0,0.0,5.312204197023247,0.0,1.0,0.0,0.985,0.0,1.0,0.0,0.985,0.0,1.0,0.0,0.985,0.0,1.0,0.0,0.99,0.0,1.0,0.0,0.99,0.0,1.0,0.0,0.985,0.0,1.0,0.0,0.985,0.0,1.0,0.0,0.985,0.0,1.0,0.0,0.985,0.0,1.0,0.0,0.985,0.0,1.0,0.0,0.985,0.0,1.0,0.0,0.985,0.0,1.0,0.0,0.975,0.0,1.0,0.0,0.98,0.0,1.0,0.0,0.99,0.0,1.0,0.0,0.99,0.0
45443,45,宮崎県,五ヶ瀬町,2,0.0,0.0,5.328950243288391,0.0,1.0,0.0,0.985,0.0,1.0,0.0,0.985,0.0,1.0,0.0,0.985,0.0,1.0,0.0,0.99,0.0,1.0,0.0,0.99,0.0,1.0,0.0,0.985,0.0,1.0,0.0,0.985,0.0,1.0,0.0,0.985,0.0,1.0,0.0,0.985,0.0,1.0,0.0,0.985,0.0,1.0,0.0,0.985,0.0,1.0,0.0,0.985,0.0,1.0,0.0,0.975,0.0,1.0,0.0,0.98,0.0,1.0,0.0,0.99,0.0,1.0,0.0,0.99,0.0
46201,46,鹿児島県,鹿児島市,44,460.7948892165841,321769.48620816495,5.1803443749166895,1.0191169589062208,0.77107382658641,73661.45719889212,0.9977433628318585,726.1169821511694,0.7770219589517369,71747.52970380281,0.9977433628318585,726.1169821511694,0.7816635648029716,70254.00257387014,0.9977433628318585,726.1169821511694,0.9733517438053585,8574.595704093437,0.9977433628318585,726.1169821511694,0.975720222879285,7812.49140938124,0.9977433628318585,726.1169821511694,0.9778036661257082,7142.10294643573,0.9977433628318585,726.1169821511694,0.9767787022101845,7471.9050589157705,0.9977433628318585,726.1169821511694,0.9750538968020133,8026.894808912068,0.9978908554572271,678.6583558667794,0.9745739370971302,8181.331196552872,0.9980383480825961,631.1997295823892,0.9709218472594003,9356.462267225234,0.9980825958702066,616.9621416970722,0.966289362648947,10847.05446019809,0.9983775811209441,522.0448891282917,0.9604497197279186,12726.07336253661,0.9983775811209441,522.0448891282917,0.9985250737463127,474.58626284390164,0.9985250737463127,474.58626284390164,0.9988200589970502,379.6690102751213,0.9988200589970502,379.6690102751213,0.9992625368731564,237.29313142195082,0.9992625368731564,237.29313142195082,0.9995575221238938,142.3758788531705,0.9995575221238938,142.3758788531705
46203,46,鹿児島県,鹿屋市,9,67.96384796704781,47458.62628439012,5.456584203104277,0.987747324422002,0.7614064528346061,11323.321988789434,0.999,47.458626284390164,0.7674109577834607,11038.356432398978,0.999,47.458626284390164,0.7720229621529578,10819.47704060503,0.999,47.458626284390164,0.9692661958634852,1458.5841248124932,0.999,47.458626284390164,0.9716941809058188,1343.355290064293,0.999,47.458626284390164,0.9734920127093792,1258.0326623769338,0.999,47.458626284390164,0.9724260332584381,1308.6225827659873,0.999,47.458626284390164,0.9704250780940056,1403.58516612661,0.999,47.458626284390164,0.9724857223033905,1305.7898226883217,1.0,0.0,0.9718563199043273,1335.660395927954,1.0,0.0,0.9667379164695741,1578.5727917106567,1.0,0.0,0.9607182577252388,1864.2575264176214,1.0,0.0,1.0,0.0,1.0,0.0,1.0,0.0,1.0,0.0,1.0,0.0,1.0,0.0,1.0,0.0,1.0,0.0
46204,46,鹿児島県,枕崎市,2,27.185539186819124,18983.450513756048,4.769998087564808,0.9470809150673449,0.7651706227660179,4457.871861897451,1.0,0.0,0.7713410027325154,4340.736759152373,1.0,0.0,0.7760078902542591,4252.143130830086,1.0,0.0,0.9748579677939415,477.28252419897206,1.0,0.0,0.9773022016882896,430.8825310215694,1.0,0.0,0.9791596540808678,395.62167544540387,1.0,0.0,0.9780942553281785,415.8466199445006,1.0,0.0,0.9761681371927261,452.4109882525073,1.0,0.0,0.975672413110733,461.8215418314996,1.0,0.0,0.9718563199043274,534.2641583711816,1.0,0.0,0.9667379164695741,631.4291166842627,1.0,0.0,0.9607182577252388,745.7030105670486,1.0,0.0,1.0,0.0,1.0,0.0,1.0,0.0,1.0,0.0,1.0,0.0,1.0,0.0,1.0,0.0,1.0,0.0
46206,46,鹿児島県,阿久根市,2,27.185539186819124,18983.450513756048,5.121497444452114,0.9641196884057719,0.7630579382181167,4497.977904463709,1.0,0.0,0.7692278438806534,4380.851805644402,1.0,0.0,0.7738937827944755,4292.27618517365,1.0,0.0,0.9719554702355526,532.3819429649454,1.0,0.0,0.9743990797712467,485.9938022691538,1.0,0.0,0.9762571455235594,450.72130300882225,1.0,0.0,0.9751916427607648,470.9482219786039,1.0,0.0,0.9731224761600606,510.22814374778716,1.0,0.0,0.975672413110733,461.8215418314996,1.0,0.0,0.9718563199043274,534.2641583711816,1.0,0.0,0.9667379164695741,631.4291166842627,1.0,0.0,0.9607182577252388,745.7030105670486,1.0,0.0,1.0,0.0,1.0,0.0,1.0,0.0,1.0,0.0,1.0,0.0,1.0,0.0,1.0,0.0,1.0,0.0
46208,46,鹿児島県,出水市,9,78.83806364177545,55052.00648989254,4.9468696080978,0.9617695127728855,0.7633493429833446,13028.093505918252,1.0,0.0,0.7695193140671172,12688.424217771953,1.0,0.0,0.7741853838234113,12431.54771526616,1.0,0.0,0.972355814726365,1521.8678670919526,1.0,0.0,0.9747995103804942,1387.3375180815124,1.0,0.0,0.9766574915314642,1285.0519277002172,1.0,0.0,0.9755920031148909,1343.70920292431,1.0,0.0,0.9735425673369802,1456.5347546704709,1.0,0.0,0.9756724131107333,1339.2824713113487,1.0,0.0,0.9718563199043276,1549.3660592764265,1.0,0.0,0.9667379164695741,1831.1444383843618,1.0,0.0,0.960718257725239,2162.538730644441,1.0,0.0,1.0,0.0,1.0,0.0,1.0,0.0,1.0,0.0,1.0,0.0,1.0,0.0,1.0,0.0,1.0,0.0
46210,46,鹿児島県,指宿市,9,54.37107837363825,37966.901027512096,4.95783247198989,0.9470809150673449,0.7651706227660179,8915.743723794902,1.0,0.0,0.7713410027325154,8681.473518304747,1.0,0.0,0.7760078902542591,8504.286261660172,1.0,0.0,0.9748579677939415,954.5650483979441,1.0,0.0,0.9773022016882896,861.7650620431388,1.0,0.0,0.9791596540808678,791.2433508908077,1.0,0.0,0.9780942553281785,831.6932398890012,1.0,0.0,0.9761681371927261,904.8219765050146,1.0,0.0,0.975672413110733,923.6430836629992,1.0,0.0,0.9718563199043274,1068.5283167423631,1.0,0.0,0.9667379164695741,1262.8582333685254,1.0,0.0,0.9607182577252388,1491.4060211340973,1.0,0.0,1.0,0.0,1.0,0.0,1.0,0.0,1.0,0.0,1.0,0.0,1.0,0.0,1.0,0.0,1.0,0.0
46214,46,鹿児島県,垂水市,4,13.592769593409562,9491.725256878024,4.938536098557917,0.9765188018605105,0.7645356380939483,2234.9630309983386,1.0,0.0,0.7704500769078731,2178.8248027279483,1.0,0.0,0.7751816257834434,2133.9142407615454,1.0,0.0,0.9705912600457668,279.1396797965532,1.0,0.0,0.9729245838522911,256.99241128969186,1.0,0.0,0.9747213535010815,239.93796743347627,1.0,0.0,0.9736506885290146,250.100425190498,1.0,0.0,0.9715896773338318,269.66297720652256,1.0,0.0,0.9727037152647973,259.0888352400579,1.0,0.0,0.97203538864851,265.4324078637153,1.0,0.0,0.9669323641061783,313.86891479863345,1.0,0.0,0.960746609568596,372.5823973758522,1.0,0.0,1.0,0.0,1.0,0.0,1.0,0.0,1.0,0.0,1.0,0.0,1.0,0.0,1.0,0.0,1.0,0.0
46215,46,鹿児島県,薩摩川内市,35,180.78383559234717,126239.9459164777,4.99231929044215,0.9569496954144225,0.7635216428014568,29853.015023161584,0.9979323308270677,261.02244456414587,0.7696852448011252,29074.92224007276,0.9979323308270677,261.02244456414587,0.774349020086509,28486.167500279313,0.9979323308270677,261.02244456414587,0.9731856946591146,3385.0364560212684,0.9983082706766918,213.56381827975574,0.9756298124588522,3076.491157168922,0.9983082706766918,213.56381827975574,0.9774852130175534,2842.2654909850817,0.9983082706766918,213.56381827975574,0.9764182724764473,2976.9560071904134,0.9983082706766918,213.56381827975574,0.975228287568666,3127.1796375901486,0.9990601503759401,118.64656571097541,0.975296473261109,3118.571879463862,0.9996240601503762,47.458626284390164,0.9718563199043273,3552.8566531683573,1.0,0.0,0.9667379164695741,4199.003625950347,1.0,0.0,0.960718257725239,4958.925020270874,1.0,0.0,1.0,0.0,1.0,0.0,1.0,0.0,1.0,0.0,1.0,0.0,1.0,0.0,1.0,0.0,1.0,0.0
46216,46,鹿児島県,日置市,11,114.17926458464031,79730.4921577754,4.987256814406721,0.8343331870831372,0.7931265010081588,16494.125889020568,1.0,0.0,0.7985623119310256,16060.726008863781,1.0,0.0,0.8026736176049426,15732.929584071318,1.0,0.0,0.9778510668660916,1765.9453395361968,1.0,0.0,0.980004320534922,1594.2653647798068,1.0,0.0,0.9816406476426695,1463.8001991479944,1.0,0.0,0.980702082074824,1538.6324937946524,1.0,0.0,0.9790052637174017,1673.920656534277,1.0,0.0,0.9785685544070744,1708.7397047765483,1.0,0.0,0.9752067580109552,1976.7773859733718,1.0,0.0,0.9706976883184344,2336.2877317317716,1.0,0.0,0.9653946556150915,2759.10113909808,1.0,0.0,1.0,0.0,1.0,0.0,1.0,0.0,1.0,0.0,1.0,0.0,1.0,0.0,1.0,0.0,1.0,0.0
46217,46,鹿児島県,曽於市,6,48.08257028513141,33575.68475318474,5.56666918140461,1.0255227469674042,0.7558165845537823,8198.62537897814,0.9908480892044333,307.2816717612136,0.7617983308834734,7997.784149938919,0.9908480892044333,307.2816717612136,0.7663603170403216,7844.61234088819,0.9908480892044333,307.2816717612136,0.9622212554032477,1268.4472189516355,0.9908480892044333,307.2816717612136,0.9646487908422409,1186.9410543248162,0.9908480892044333,307.2816717612136,0.966553980649526,1122.9730019604303,0.9908480892044333,307.2816717612136,0.9654891027954609,1158.7270050891698,0.9908480892044333,307.2816717612136,0.9659692838843519,1142.6045962241203,0.9933923568177334,221.85614444931133,0.9722208058545917,932.7054653237436,0.9992404460221669,25.502544912753365,0.9718563199043273,944.9433306867828,1.0,0.0,0.966737916469574,1116.7972308516826,1.0,0.0,0.9607182577252388,1318.9113951732327,1.0,0.0,1.0,0.0,1.0,0.0,1.0,0.0,1.0,0.0,1.0,0.0,1.0,0.0,1.0,0.0,1.0,0.0
46218,46,鹿児島県,霧島市,19,114.17926458464031,79730.4921577754,5.419974439871375,0.9351313146576287,0.7669232055544857,18583.327531697534,1.0,0.0,0.773108664751053,18090.157825733368,1.0,0.0,0.7777825546264648,17717.50628567553,1.0,0.0,0.9769230815768242,1839.934063364643,1.0,0.0,0.9793666911125185,1645.1038724423188,1.0,0.0,0.9812238314747812,1497.033157353044,1.0,0.0,0.9801583287119866,1581.986217026118,1.0,0.0,0.9780891621112825,1746.9618884566883,1.0,0.0,0.975672413110733,1939.650475692298,1.0,0.0,0.9718563199043275,2243.9094651589626,1.0,0.0,0.9667379164695742,2652.002290073903,1.0,0.0,0.9607182577252389,3131.952644381604,1.0,0.0,1.0,0.0,1.0,0.0,1.0,0.0,1.0,0.0,1.0,0.0,1.0,0.0,1.0,0.0,1.0,0.0
46219,46,鹿児島県,いちき串木野市,7,46.21541661759251,32271.865873385283,4.849461142861167,0.9470809150673449,0.765170622766018,7578.3821652256665,1.0,0.0,0.7713410027325154,7379.252490559034,1.0,0.0,0.7760078902542592,7228.643322411146,1.0,0.0,0.9748579677939414,811.3802911382525,1.0,0.0,0.9773022016882895,732.5003027366679,1.0,0.0,0.9791596540808679,672.5568482571866,1.0,0.0,0.9780942553281785,706.9392539056511,1.0,0.0,0.9761681371927261,769.0986800292624,1.0,0.0,0.975672413110733,785.0966211135493,1.0,0.0,0.9718563199043275,908.2490692310087,1.0,0.0,0.966737916469574,1073.4294983632467,1.0,0.0,0.9607182577252389,1267.6951179639827,1.0,0.0,1.0,0.0,1.0,0.0,1.0,0.0,1.0,0.0,1.0,0.0,1.0,0.0,1.0,0.0,1.0,0.0
46220,46,鹿児島県,南さつま市,7,67.96384796704781,47458.62628439012,4.936811462023201,0.757664732053876,0.8121364982128144,8915.743723794902,1.0,0.0,0.8170728021860122,8681.473518304747,1.0,0.0,0.8208063122034072,8504.286261660172,1.0,0.0,0.9798863742351533,954.5650483979441,1.0,0.0,0.9818417613506316,861.7650620431388,1.0,0.0,0.9833277232646942,791.2433508908077,1.0,0.0,0.9824754042625428,831.6932398890012,1.0,0.0,0.980934509754181,904.8219765050146,1.0,0.0,0.9805379304885864,923.6430836629992,1.0,0.0,0.9774850559234619,1068.5283167423631,1.0,0.0,0.9733903331756593,1262.8582333685254,1.0,0.0,0.9685746061801912,1491.4060211340973,1.0,0.0,1.0,0.0,1.0,0.0,1.0,0.0,1.0,0.0,1.0,0.0,1.0,0.0,1.0,0.0,1.0,0.0
46221,46,鹿児島県,志布志市,2,13.592769593409562,9491.725256878024,5.62440634608713,1.1108047154545786,0.7540049853920937,2334.9170932199427,0.9900000000000001,94.91725256878033,0.7597713868319989,2280.183995031497,0.9900000000000001,94.91725256878033,0.7643814036250114,2236.426982202628,0.9900000000000001,94.91725256878033,0.9602542419731618,377.25581531710384,0.9900000000000001,94.91725256878033,0.9626941809058189,354.0965853247609,0.9900000000000001,94.91725256878033,0.9644920127093792,337.03205978728903,0.9900000000000001,94.91725256878033,0.9634260332584382,347.15004386509975,0.9900000000000001,94.91725256878033,0.9613599014282227,366.7611995419951,0.9900000000000001,94.91725256878033,0.9624857223033905,356.07521710644465,0.9900000000000001,94.91725256878033,0.9668563199043274,314.59070546998095,0.995,47.458626284390164,0.961737916469574,363.1731846265215,0.995,47.458626284390164,0.9607182577252388,372.8515052835243,1.0,0.0,1.0,0.0,1.0,0.0,1.0,0.0,1.0,0.0,1.0,0.0,1.0,0.0,1.0,0.0,1.0,0.0
46223,46,鹿児島県,南九州市,12,95.14938715386693,66442.07679814617,4.953260321212073,0.6764863679052465,0.8322647305471558,11144.679654743628,1.0,0.0,0.8366721448089396,10851.841897880933,1.0,0.0,0.8400056358958994,10630.357827075215,1.0,0.0,0.9820414055671011,1193.2063104974302,1.0,0.0,0.983787286920207,1077.2063275539235,1.0,0.0,0.9851140386291913,989.0541886135097,1.0,0.0,0.9843530395201275,1039.6165498612515,1.0,0.0,0.9829772408519473,1131.0274706312682,1.0,0.0,0.9826231522219522,1154.553854578749,1.0,0.0,0.9798973713602339,1335.660395927954,1.0,0.0,0.9762413689068387,1578.5727917106567,1.0,0.0,0.9719416126608849,1864.2575264176216,1.0,0.0,1.0,0.0,1.0,0.0,1.0,0.0,1.0,0.0,1.0,0.0,1.0,0.0,1.0,0.0,1.0,0.0
46224,46,鹿児島県,伊佐市,4,20.389154390114342,14237.587885317036,5.18528562498499,0.9448703232283395,0.765610173046589,3337.145760673442,0.9983333333333333,23.729313142195082,0.7717904477318128,3249.1535566871667,0.9983333333333333,23.729313142195082,0.7764616872866947,3182.6463729911648,0.9983333333333333,23.729313142195082,0.9752564149101575,352.28896731445275,0.9983333333333333,23.729313142195082,0.9777000244458517,317.4978617926091,0.9983333333333333,23.729313142195082,0.9795571648081144,291.05666266952386,0.9983333333333333,23.729313142195082,0.9784916620453198,306.22685189685905,0.9983333333333333,23.729313142195082,0.9764224954446157,335.6867932237465,0.9983333333333333,23.729313142195082,0.975672413110733,346.3661563736247,1.0,0.0,0.9718563199043274,400.6981187783862,1.0,0.0,0.966737916469574,473.571837513197,1.0,0.0,0.9607182577252389,559.2772579252864,1.0,0.0,1.0,0.0,1.0,0.0,1.0,0.0,1.0,0.0,1.0,0.0,1.0,0.0,1.0,0.0,1.0,0.0
46225,46,鹿児島県,姶良市,2,27.185539186819124,18983.450513756048,5.500606808702559,0.9746232499554753,0.7651429390907288,4458.39739357734,0.9975,47.458626284390164,0.7713262598216534,4341.016630471151,0.9975,47.458626284390164,0.7760078647732735,4252.143614547115,0.9975,47.458626284390164,0.9746427936851977,481.36727124415,0.9975,47.458626284390164,0.9770869348943233,434.9690375520831,0.9975,47.458626284390164,0.9788401316106319,401.68731444715957,0.9975,47.458626284390164,0.9779251615703105,419.0566029291697,0.9975,47.458626284390164,0.9758302579820156,458.8251015286569,0.9975,47.458626284390164,0.9733925257623196,505.1016704870458,0.9975,47.458626284390164,0.9695840588212014,577.3995141970388,0.9975,47.458626284390164,0.964463286548853,674.6094412213791,0.9975,47.458626284390164,0.9607182577252388,745.7030105670486,1.0,0.0,1.0,0.0,1.0,0.0,1.0,0.0,1.0,0.0,1.0,0.0,1.0,0.0,1.0,0.0,1.0,0.0
46392,46,鹿児島県,さつま町,8,54.37107837363825,37966.901027512096,4.8611909778920595,0.9470809150673449,0.7651706227660179,8915.743723794902,1.0,0.0,0.7713410027325154,8681.473518304747,1.0,0.0,0.7760078902542591,8504.286261660172,1.0,0.0,0.9748579677939415,954.5650483979441,1.0,0.0,0.9773022016882896,861.7650620431388,1.0,0.0,0.9791596540808678,791.2433508908077,1.0,0.0,0.9780942553281785,831.6932398890012,1.0,0.0,0.9761681371927261,904.8219765050146,1.0,0.0,0.975672413110733,923.6430836629992,1.0,0.0,0.9718563199043274,1068.5283167423631,1.0,0.0,0.9667379164695741,1262.8582333685254,1.0,0.0,0.9607182577252388,1491.4060211340973,1.0,0.0,1.0,0.0,1.0,0.0,1.0,0.0,1.0,0.0,1.0,0.0,1.0,0.0,1.0,0.0,1.0,0.0
46404,46,鹿児島県,長島町,1,13.592769593409562,9491.725256878024,4.613859112065385,0.9641196884057719,0.7630579382181167,2248.9889522318545,1.0,0.0,0.7692278438806534,2190.425902822201,1.0,0.0,0.7738937827944755,2146.138092586825,1.0,0.0,0.9719554702355526,266.1909714824727,1.0,0.0,0.9743990797712467,242.9969011345769,1.0,0.0,0.9762571455235594,225.36065150441112,1.0,0.0,0.9751916427607648,235.47411098930195,1.0,0.0,0.9731224761600606,255.11407187389358,1.0,0.0,0.975672413110733,230.9107709157498,1.0,0.0,0.9718563199043274,267.1320791855908,1.0,0.0,0.9667379164695741,315.71455834213134,1.0,0.0,0.9607182577252388,372.8515052835243,1.0,0.0,1.0,0.0,1.0,0.0,1.0,0.0,1.0,0.0,1.0,0.0,1.0,0.0,1.0,0.0,1.0,0.0
46452,46,鹿児島県,湧水町,6,13.592769593409562,9491.725256878024,5.195633597776194,0.9351313146576286,0.7669232055544853,2212.300896630659,1.0,0.0,0.7731086647510529,2153.5902173492104,1.0,0.0,0.7777825546264648,2109.226938770896,1.0,0.0,0.9769230815768241,219.0397694481718,1.0,0.0,0.9793666911125183,195.84569910027602,1.0,0.0,0.981223831474781,178.21823301821954,1.0,0.0,0.9801583287119865,188.3316925031093,1.0,0.0,0.9780891621112824,207.97165338770097,1.0,0.0,0.975672413110733,230.9107709157498,1.0,0.0,0.9718563199043274,267.1320791855908,1.0,0.0,0.9667379164695741,315.71455834213134,1.0,0.0,0.9607182577252388,372.8515052835243,1.0,0.0,1.0,0.0,1.0,0.0,1.0,0.0,1.0,0.0,1.0,0.0,1.0,0.0,1.0,0.0,1.0,0.0
46468,46,鹿児島県,大崎町,1,10.87421567472765,7593.380205502419,5.554619113881503,0.9820496312528848,0.7621485495567321,1806.0964956459495,1.0,0.0,0.768148779720068,1760.5344666952167,1.0,0.0,0.7727621781826018,1725.503178129716,1.0,0.0,0.9702542419731616,225.8708501986588,1.0,0.0,0.9726941809058189,207.34346620478445,1.0,0.0,0.9744920127093792,193.69184577480695,1.0,0.0,0.9734260332584381,201.78623303705552,1.0,0.0,0.9713599014282227,217.4751575785718,1.0,0.0,0.9724857223033905,208.92637163013146,1.0,0.0,0.9718563199043274,213.70566334847263,1.0,0.0,0.966737916469574,252.57164667370506,1.0,0.0,0.9607182577252389,298.2812042268194,1.0,0.0,1.0,0.0,1.0,0.0,1.0,0.0,1.0,0.0,1.0,0.0,1.0,0.0,1.0,0.0,1.0,0.0
46482,46,鹿児島県,東串良町,1,13.592769593409562,9491.725256878024,5.599514160416564,0.9820496312528849,0.7621485495567322,2257.620619557437,1.0,0.0,0.7681487797200681,2200.6680833690207,1.0,0.0,0.772762178182602,2156.8789726621453,1.0,0.0,0.9702542419731617,282.3385627483235,1.0,0.0,0.9726941809058189,259.17933275598057,1.0,0.0,0.9744920127093792,242.1148072185087,1.0,0.0,0.9734260332584381,252.23279129631942,1.0,0.0,0.9713599014282227,271.84394697321477,1.0,0.0,0.9724857223033905,261.1579645376643,1.0,0.0,0.9718563199043274,267.1320791855908,1.0,0.0,0.9667379164695741,315.71455834213134,1.0,0.0,0.9607182577252388,372.8515052835243,1.0,0.0,1.0,0.0,1.0,0.0,1.0,0.0,1.0,0.0,1.0,0.0,1.0,0.0,1.0,0.0,1.0,0.0
46490,46,鹿児島県,錦江町,1,0.0,0.0,5.072312398596955,0.0,1.0,0.0,1.0,0.0,1.0,0.0,1.0,0.0,1.0,0.0,1.0,0.0,1.0,0.0,1.0,0.0,1.0,0.0,1.0,0.0,1.0,0.0,1.0,0.0,1.0,0.0,1.0,0.0,1.0,0.0,1.0,0.0,1.0,0.0,1.0,0.0,1.0,0.0,1.0,0.0,1.0,0.0,1.0,0.0,1.0,0.0,1.0,0.0,1.0,0.0,1.0,0.0,1.0,0.0,1.0,0.0,1.0,0.0,1.0,0.0,1.0,0.0,1.0,0.0
46491,46,鹿児島県,南大隅町,3,13.592769593409562,9491.725256878024,5.242127114958847,0.9805049312859775,0.7634820380806921,2244.963512854808,1.0,0.0,0.7695205377042293,2187.647733464433,1.0,0.0,0.7740993043780326,2144.1873381813425,1.0,0.0,0.9703140114247799,281.771247534809,1.0,0.0,0.9726941809058189,259.17933275598057,1.0,0.0,0.9744920127093792,242.1148072185087,1.0,0.0,0.9734260332584381,252.23279129631942,1.0,0.0,0.9716857847571373,268.7507519493607,1.0,0.0,0.9724857223033905,261.1579645376643,1.0,0.0,0.9718563199043274,267.1320791855908,1.0,0.0,0.9667379164695741,315.71455834213134,1.0,0.0,0.9607182577252388,372.8515052835243,1.0,0.0,1.0,0.0,1.0,0.0,1.0,0.0,1.0,0.0,1.0,0.0,1.0,0.0,1.0,0.0,1.0,0.0
46492,46,鹿児島県,肝付町,3,13.592769593409562,9491.725256878024,4.981116760782521,0.9805049312859775,0.7634820380806921,2244.963512854808,1.0,0.0,0.7695205377042293,2187.647733464433,1.0,0.0,0.7740993043780326,2144.1873381813425,1.0,0.0,0.9703140114247799,281.771247534809,1.0,0.0,0.9726941809058189,259.17933275598057,1.0,0.0,0.9744920127093792,242.1148072185087,1.0,0.0,0.9734260332584381,252.23279129631942,1.0,0.0,0.9716857847571373,268.7507519493607,1.0,0.0,0.9724857223033905,261.1579645376643,1.0,0.0,0.9718563199043274,267.1320791855908,1.0,0.0,0.9667379164695741,315.71455834213134,1.0,0.0,0.9607182577252388,372.8515052835243,1.0,0.0,1.0,0.0,1.0,0.0,1.0,0.0,1.0,0.0,1.0,0.0,1.0,0.0,1.0,0.0,1.0,0.0
